<?xml version="1.0" encoding="ISO-8859-1" standalone="yes"?>
<TrafficMatrixFile xsi:noNamespaceSchemaLocation="http://totem.run.montefiore.ulg.ac.be/Schema/TrafficMatrix-v1_2.xsd" xmlns:xsi="http://www.w3.org/2001/XMLSchema-instance">
    <IntraTM ASID="11537">
        <src id="ATLA-M5">
            <dst id="ATLA-M5">26.6666666666667</dst>
            <dst id="ATLAng">181.76</dst>
            <dst id="CHINng">336.890666666667</dst>
            <dst id="DNVRng">0</dst>
            <dst id="HSTNng">55.2773333333333</dst>
            <dst id="IPLSng">0</dst>
            <dst id="KSCYng">0</dst>
            <dst id="LOSAng">59.7626666666667</dst>
            <dst id="NYCMng">80</dst>
            <dst id="SNVAng">28.2133333333333</dst>
            <dst id="STTLng">43.3386666666667</dst>
            <dst id="WASHng">1990.66933333333</dst>
        </src>
        <src id="ATLAng">
            <dst id="ATLA-M5">191.264</dst>
            <dst id="ATLAng">30708.6053333333</dst>
            <dst id="CHINng">9880.10933333333</dst>
            <dst id="DNVRng">3189.61866666667</dst>
            <dst id="HSTNng">39584.5013333333</dst>
            <dst id="IPLSng">12495.7706666667</dst>
            <dst id="KSCYng">805.184</dst>
            <dst id="LOSAng">7596.93066666667</dst>
            <dst id="NYCMng">4179.296</dst>
            <dst id="SNVAng">6104.47466666667</dst>
            <dst id="STTLng">2693.47733333333</dst>
            <dst id="WASHng">20688.568</dst>
        </src>
        <src id="CHINng">
            <dst id="ATLA-M5">222.84</dst>
            <dst id="ATLAng">7770.504</dst>
            <dst id="CHINng">88503.0613333333</dst>
            <dst id="DNVRng">5653.61866666667</dst>
            <dst id="HSTNng">8249.02666666667</dst>
            <dst id="IPLSng">13613.6</dst>
            <dst id="KSCYng">9523.87466666667</dst>
            <dst id="LOSAng">3477.69066666667</dst>
            <dst id="NYCMng">10998.8133333333</dst>
            <dst id="SNVAng">23657.6213333333</dst>
            <dst id="STTLng">9786.50933333333</dst>
            <dst id="WASHng">14593.8</dst>
        </src>
        <src id="DNVRng">
            <dst id="ATLA-M5">67.6266666666667</dst>
            <dst id="ATLAng">6676.25066666667</dst>
            <dst id="CHINng">36107.9146666667</dst>
            <dst id="DNVRng">10796.736</dst>
            <dst id="HSTNng">19993.9226666667</dst>
            <dst id="IPLSng">25168.3893333333</dst>
            <dst id="KSCYng">16052.6453333333</dst>
            <dst id="LOSAng">8879.92266666667</dst>
            <dst id="NYCMng">13434.3786666667</dst>
            <dst id="SNVAng">20448.4533333333</dst>
            <dst id="STTLng">6526.95733333333</dst>
            <dst id="WASHng">36938.1466666667</dst>
        </src>
        <src id="HSTNng">
            <dst id="ATLA-M5">2708.11733333333</dst>
            <dst id="ATLAng">1650.42666666667</dst>
            <dst id="CHINng">10117.2906666667</dst>
            <dst id="DNVRng">1327.01866666667</dst>
            <dst id="HSTNng">14096.4986666667</dst>
            <dst id="IPLSng">1114.02933333333</dst>
            <dst id="KSCYng">1252.92266666667</dst>
            <dst id="LOSAng">11754.6266666667</dst>
            <dst id="NYCMng">2656.936</dst>
            <dst id="SNVAng">0</dst>
            <dst id="STTLng">1764.94133333333</dst>
            <dst id="WASHng">9529.60533333333</dst>
        </src>
        <src id="IPLSng">
            <dst id="ATLA-M5">0</dst>
            <dst id="ATLAng">7618.33066666666</dst>
            <dst id="CHINng">34265.7946666667</dst>
            <dst id="DNVRng">8093.78666666667</dst>
            <dst id="HSTNng">7060.264</dst>
            <dst id="IPLSng">10385.96</dst>
            <dst id="KSCYng">2917.24533333333</dst>
            <dst id="LOSAng">2280.72533333333</dst>
            <dst id="NYCMng">6739.98666666666</dst>
            <dst id="SNVAng">12397.88</dst>
            <dst id="STTLng">20503.0373333333</dst>
            <dst id="WASHng">9744.68266666667</dst>
        </src>
        <src id="KSCYng">
            <dst id="ATLA-M5">0</dst>
            <dst id="ATLAng">3385.99466666667</dst>
            <dst id="CHINng">12513.184</dst>
            <dst id="DNVRng">6033.81066666667</dst>
            <dst id="HSTNng">6664.85333333333</dst>
            <dst id="IPLSng">18671.7093333333</dst>
            <dst id="KSCYng">12191.8186666667</dst>
            <dst id="LOSAng">425.069333333333</dst>
            <dst id="NYCMng">1569.17066666667</dst>
            <dst id="SNVAng">6116.224</dst>
            <dst id="STTLng">1197.584</dst>
            <dst id="WASHng">12536.152</dst>
        </src>
        <src id="LOSAng">
            <dst id="ATLA-M5">0</dst>
            <dst id="ATLAng">9107.65066666666</dst>
            <dst id="CHINng">52545.6506666667</dst>
            <dst id="DNVRng">7135.03733333333</dst>
            <dst id="HSTNng">3806.04</dst>
            <dst id="IPLSng">12448.84</dst>
            <dst id="KSCYng">3355.472</dst>
            <dst id="LOSAng">26075.984</dst>
            <dst id="NYCMng">44580.1813333333</dst>
            <dst id="SNVAng">23444.0666666667</dst>
            <dst id="STTLng">19398.9706666667</dst>
            <dst id="WASHng">77336.472</dst>
        </src>
        <src id="NYCMng">
            <dst id="ATLA-M5">1732.11733333333</dst>
            <dst id="ATLAng">21990.6826666667</dst>
            <dst id="CHINng">27085.7013333333</dst>
            <dst id="DNVRng">20669.9626666667</dst>
            <dst id="HSTNng">10126.152</dst>
            <dst id="IPLSng">11200.4933333333</dst>
            <dst id="KSCYng">5630.008</dst>
            <dst id="LOSAng">9698.62666666667</dst>
            <dst id="NYCMng">92426.5386666667</dst>
            <dst id="SNVAng">48650.7173333333</dst>
            <dst id="STTLng">31324.928</dst>
            <dst id="WASHng">63698.7253333333</dst>
        </src>
        <src id="SNVAng">
            <dst id="ATLA-M5">0</dst>
            <dst id="ATLAng">690.586666666667</dst>
            <dst id="CHINng">26.6666666666667</dst>
            <dst id="DNVRng">7761.19733333333</dst>
            <dst id="HSTNng">26.6666666666667</dst>
            <dst id="IPLSng">249.344</dst>
            <dst id="KSCYng">26.6666666666667</dst>
            <dst id="LOSAng">1946.592</dst>
            <dst id="NYCMng">143.872</dst>
            <dst id="SNVAng">37183.4506666667</dst>
            <dst id="STTLng">36354.6426666667</dst>
            <dst id="WASHng">26.6666666666667</dst>
        </src>
        <src id="STTLng">
            <dst id="ATLA-M5">1886.35733333333</dst>
            <dst id="ATLAng">5228.55466666667</dst>
            <dst id="CHINng">16854.8293333333</dst>
            <dst id="DNVRng">6563.27733333333</dst>
            <dst id="HSTNng">2742.99466666667</dst>
            <dst id="IPLSng">6741.29066666667</dst>
            <dst id="KSCYng">5324.68</dst>
            <dst id="LOSAng">5151.80266666667</dst>
            <dst id="NYCMng">15990.368</dst>
            <dst id="SNVAng">28333.072</dst>
            <dst id="STTLng">2338.80266666667</dst>
            <dst id="WASHng">4377.752</dst>
        </src>
        <src id="WASHng">
            <dst id="ATLA-M5">231.749333333333</dst>
            <dst id="ATLAng">85901.832</dst>
            <dst id="CHINng">64514.2373333333</dst>
            <dst id="DNVRng">33800.104</dst>
            <dst id="HSTNng">35842.76</dst>
            <dst id="IPLSng">23272.2773333333</dst>
            <dst id="KSCYng">31922.3333333333</dst>
            <dst id="LOSAng">69875.1893333333</dst>
            <dst id="NYCMng">146898.096</dst>
            <dst id="SNVAng">35944.6373333333</dst>
            <dst id="STTLng">32171.424</dst>
            <dst id="WASHng">217678.424</dst>
        </src>
    </IntraTM>
</TrafficMatrixFile>
