<?xml version="1.0" encoding="ISO-8859-1" standalone="yes"?>
<TrafficMatrixFile xsi:noNamespaceSchemaLocation="http://totem.run.montefiore.ulg.ac.be/Schema/TrafficMatrix-v1_2.xsd" xmlns:xsi="http://www.w3.org/2001/XMLSchema-instance">
    <IntraTM ASID="11537">
        <src id="ATLA-M5">
            <dst id="ATLA-M5">56.696</dst>
            <dst id="ATLAng">137.8</dst>
            <dst id="CHINng">26.6666666666667</dst>
            <dst id="DNVRng">0</dst>
            <dst id="HSTNng">75.4826666666667</dst>
            <dst id="IPLSng">36</dst>
            <dst id="KSCYng">107.829333333333</dst>
            <dst id="LOSAng">0</dst>
            <dst id="NYCMng">26.6666666666667</dst>
            <dst id="SNVAng">0</dst>
            <dst id="STTLng">53.3333333333333</dst>
            <dst id="WASHng">357.874666666667</dst>
        </src>
        <src id="ATLAng">
            <dst id="ATLA-M5">257.829333333333</dst>
            <dst id="ATLAng">29933.0613333333</dst>
            <dst id="CHINng">6984.792</dst>
            <dst id="DNVRng">4488.728</dst>
            <dst id="HSTNng">592.792</dst>
            <dst id="IPLSng">15030.3733333333</dst>
            <dst id="KSCYng">877.602666666667</dst>
            <dst id="LOSAng">5276.53066666667</dst>
            <dst id="NYCMng">2783.048</dst>
            <dst id="SNVAng">3933.51733333333</dst>
            <dst id="STTLng">1598.98133333333</dst>
            <dst id="WASHng">32629.5493333333</dst>
        </src>
        <src id="CHINng">
            <dst id="ATLA-M5">534.088</dst>
            <dst id="ATLAng">6953.23466666667</dst>
            <dst id="CHINng">72113.0186666667</dst>
            <dst id="DNVRng">5511.976</dst>
            <dst id="HSTNng">3829.664</dst>
            <dst id="IPLSng">12655.8986666667</dst>
            <dst id="KSCYng">6325.32266666667</dst>
            <dst id="LOSAng">2945.08</dst>
            <dst id="NYCMng">8352.584</dst>
            <dst id="SNVAng">17525.1306666667</dst>
            <dst id="STTLng">6905.10933333334</dst>
            <dst id="WASHng">12970.7706666667</dst>
        </src>
        <src id="DNVRng">
            <dst id="ATLA-M5">157.92</dst>
            <dst id="ATLAng">4526.808</dst>
            <dst id="CHINng">48595.4106666667</dst>
            <dst id="DNVRng">1541.68266666667</dst>
            <dst id="HSTNng">18268.8613333333</dst>
            <dst id="IPLSng">22206.768</dst>
            <dst id="KSCYng">10770.744</dst>
            <dst id="LOSAng">605.216</dst>
            <dst id="NYCMng">12473.512</dst>
            <dst id="SNVAng">17690.3253333333</dst>
            <dst id="STTLng">3775.42933333333</dst>
            <dst id="WASHng">50359.5573333333</dst>
        </src>
        <src id="HSTNng">
            <dst id="ATLA-M5">3780.68266666667</dst>
            <dst id="ATLAng">1784.24266666667</dst>
            <dst id="CHINng">8401.14933333333</dst>
            <dst id="DNVRng">659.317333333334</dst>
            <dst id="HSTNng">17987.6506666667</dst>
            <dst id="IPLSng">3377.55466666667</dst>
            <dst id="KSCYng">581.512</dst>
            <dst id="LOSAng">1197.74933333333</dst>
            <dst id="NYCMng">2587.832</dst>
            <dst id="SNVAng">100.850666666667</dst>
            <dst id="STTLng">927.170666666667</dst>
            <dst id="WASHng">1711.93866666667</dst>
        </src>
        <src id="IPLSng">
            <dst id="ATLA-M5">62.8133333333333</dst>
            <dst id="ATLAng">5773.98133333333</dst>
            <dst id="CHINng">58454.2773333333</dst>
            <dst id="DNVRng">4729.96</dst>
            <dst id="HSTNng">716.981333333333</dst>
            <dst id="IPLSng">8606.37066666667</dst>
            <dst id="KSCYng">1183.67733333333</dst>
            <dst id="LOSAng">6324.49066666667</dst>
            <dst id="NYCMng">13236.6773333333</dst>
            <dst id="SNVAng">5464.45866666667</dst>
            <dst id="STTLng">14162.1973333333</dst>
            <dst id="WASHng">17554.3813333333</dst>
        </src>
        <src id="KSCYng">
            <dst id="ATLA-M5">0</dst>
            <dst id="ATLAng">2771.70933333333</dst>
            <dst id="CHINng">21659.1546666667</dst>
            <dst id="DNVRng">3686.47466666667</dst>
            <dst id="HSTNng">3678.24</dst>
            <dst id="IPLSng">9638.232</dst>
            <dst id="KSCYng">11549.3706666667</dst>
            <dst id="LOSAng">80</dst>
            <dst id="NYCMng">6401.82133333333</dst>
            <dst id="SNVAng">4495.184</dst>
            <dst id="STTLng">791.957333333333</dst>
            <dst id="WASHng">7098.00266666667</dst>
        </src>
        <src id="LOSAng">
            <dst id="ATLA-M5">53.3333333333333</dst>
            <dst id="ATLAng">10963.7466666667</dst>
            <dst id="CHINng">95224.2133333334</dst>
            <dst id="DNVRng">8873.21866666666</dst>
            <dst id="HSTNng">2403.02133333333</dst>
            <dst id="IPLSng">16158.6053333333</dst>
            <dst id="KSCYng">1711.18666666667</dst>
            <dst id="LOSAng">27678.3893333333</dst>
            <dst id="NYCMng">25116.8186666667</dst>
            <dst id="SNVAng">21694.184</dst>
            <dst id="STTLng">21331.032</dst>
            <dst id="WASHng">77331.552</dst>
        </src>
        <src id="NYCMng">
            <dst id="ATLA-M5">292.621333333333</dst>
            <dst id="ATLAng">15500.8026666667</dst>
            <dst id="CHINng">29130.9866666667</dst>
            <dst id="DNVRng">22380.5813333333</dst>
            <dst id="HSTNng">3112.95466666667</dst>
            <dst id="IPLSng">7606.096</dst>
            <dst id="KSCYng">4308.53866666667</dst>
            <dst id="LOSAng">7190.44</dst>
            <dst id="NYCMng">99451.392</dst>
            <dst id="SNVAng">35733.5173333333</dst>
            <dst id="STTLng">15589.624</dst>
            <dst id="WASHng">37250.912</dst>
        </src>
        <src id="SNVAng">
            <dst id="ATLA-M5">0</dst>
            <dst id="ATLAng">53.3333333333333</dst>
            <dst id="CHINng">80</dst>
            <dst id="DNVRng">372.592</dst>
            <dst id="HSTNng">0</dst>
            <dst id="IPLSng">357.778666666667</dst>
            <dst id="KSCYng">84.4266666666667</dst>
            <dst id="LOSAng">313.328</dst>
            <dst id="NYCMng">26.6666666666667</dst>
            <dst id="SNVAng">32108.28</dst>
            <dst id="STTLng">32093.5413333333</dst>
            <dst id="WASHng">260.861333333333</dst>
        </src>
        <src id="STTLng">
            <dst id="ATLA-M5">0</dst>
            <dst id="ATLAng">7558.256</dst>
            <dst id="CHINng">32856.1066666667</dst>
            <dst id="DNVRng">3954.98666666667</dst>
            <dst id="HSTNng">4326.248</dst>
            <dst id="IPLSng">10731.9253333333</dst>
            <dst id="KSCYng">626.693333333333</dst>
            <dst id="LOSAng">3009.26933333333</dst>
            <dst id="NYCMng">9008.17866666667</dst>
            <dst id="SNVAng">10910.2426666667</dst>
            <dst id="STTLng">590.250666666667</dst>
            <dst id="WASHng">101631.56</dst>
        </src>
        <src id="WASHng">
            <dst id="ATLA-M5">80</dst>
            <dst id="ATLAng">121401.128</dst>
            <dst id="CHINng">54993.2346666666</dst>
            <dst id="DNVRng">30818.5893333333</dst>
            <dst id="HSTNng">14042.5546666667</dst>
            <dst id="IPLSng">17819.0746666667</dst>
            <dst id="KSCYng">29134.3306666667</dst>
            <dst id="LOSAng">60541.3013333333</dst>
            <dst id="NYCMng">113639.621333333</dst>
            <dst id="SNVAng">28907.512</dst>
            <dst id="STTLng">21236.536</dst>
            <dst id="WASHng">374332.213333333</dst>
        </src>
    </IntraTM>
</TrafficMatrixFile>
