<?xml version="1.0" encoding="ISO-8859-1" standalone="yes"?>
<TrafficMatrixFile xsi:noNamespaceSchemaLocation="http://totem.run.montefiore.ulg.ac.be/Schema/TrafficMatrix-v1_2.xsd" xmlns:xsi="http://www.w3.org/2001/XMLSchema-instance">
    <IntraTM ASID="11537">
        <src id="ATLA-M5">
            <dst id="ATLA-M5">0</dst>
            <dst id="ATLAng">53.3333333333333</dst>
            <dst id="CHINng">242.877333333333</dst>
            <dst id="DNVRng">0</dst>
            <dst id="HSTNng">59.9173333333333</dst>
            <dst id="IPLSng">26.6666666666667</dst>
            <dst id="KSCYng">0</dst>
            <dst id="LOSAng">26.6666666666667</dst>
            <dst id="NYCMng">54.0533333333333</dst>
            <dst id="SNVAng">0</dst>
            <dst id="STTLng">63.632</dst>
            <dst id="WASHng">60.2666666666667</dst>
        </src>
        <src id="ATLAng">
            <dst id="ATLA-M5">60.3493333333333</dst>
            <dst id="ATLAng">23246.368</dst>
            <dst id="CHINng">3309.30133333333</dst>
            <dst id="DNVRng">2907.67466666667</dst>
            <dst id="HSTNng">15473.056</dst>
            <dst id="IPLSng">13010.4133333333</dst>
            <dst id="KSCYng">2514.65866666667</dst>
            <dst id="LOSAng">15055.7413333333</dst>
            <dst id="NYCMng">3953</dst>
            <dst id="SNVAng">168.938666666667</dst>
            <dst id="STTLng">3714.75466666667</dst>
            <dst id="WASHng">20508.3386666667</dst>
        </src>
        <src id="CHINng">
            <dst id="ATLA-M5">42.4</dst>
            <dst id="ATLAng">17422.7893333333</dst>
            <dst id="CHINng">75326.4373333333</dst>
            <dst id="DNVRng">10086.8133333333</dst>
            <dst id="HSTNng">5240.69066666667</dst>
            <dst id="IPLSng">35583.0533333333</dst>
            <dst id="KSCYng">6809.66133333333</dst>
            <dst id="LOSAng">22843.3253333333</dst>
            <dst id="NYCMng">23130.8826666667</dst>
            <dst id="SNVAng">3275.472</dst>
            <dst id="STTLng">6118.25866666667</dst>
            <dst id="WASHng">11461.936</dst>
        </src>
        <src id="DNVRng">
            <dst id="ATLA-M5">130.88</dst>
            <dst id="ATLAng">5349.888</dst>
            <dst id="CHINng">35024.5866666667</dst>
            <dst id="DNVRng">7998.22133333333</dst>
            <dst id="HSTNng">22079.1893333333</dst>
            <dst id="IPLSng">30728.1866666667</dst>
            <dst id="KSCYng">14980.6826666667</dst>
            <dst id="LOSAng">21032.4106666667</dst>
            <dst id="NYCMng">14290.1226666667</dst>
            <dst id="SNVAng">7468.464</dst>
            <dst id="STTLng">3599.72533333333</dst>
            <dst id="WASHng">36627.1973333333</dst>
        </src>
        <src id="HSTNng">
            <dst id="ATLA-M5">1551.26133333333</dst>
            <dst id="ATLAng">1841.53866666667</dst>
            <dst id="CHINng">7962.47466666667</dst>
            <dst id="DNVRng">2168.14133333333</dst>
            <dst id="HSTNng">17783.528</dst>
            <dst id="IPLSng">4290.97866666667</dst>
            <dst id="KSCYng">1010.91733333333</dst>
            <dst id="LOSAng">1099.67733333333</dst>
            <dst id="NYCMng">2124.04533333333</dst>
            <dst id="SNVAng">344.608</dst>
            <dst id="STTLng">525.914666666667</dst>
            <dst id="WASHng">15367.0053333333</dst>
        </src>
        <src id="IPLSng">
            <dst id="ATLA-M5">0</dst>
            <dst id="ATLAng">17221.1546666667</dst>
            <dst id="CHINng">40051.7786666667</dst>
            <dst id="DNVRng">6919.16</dst>
            <dst id="HSTNng">2873.856</dst>
            <dst id="IPLSng">7672.264</dst>
            <dst id="KSCYng">5800.04</dst>
            <dst id="LOSAng">20392.3306666667</dst>
            <dst id="NYCMng">4202.45866666667</dst>
            <dst id="SNVAng">1113.39466666667</dst>
            <dst id="STTLng">9130.088</dst>
            <dst id="WASHng">15881.96</dst>
        </src>
        <src id="KSCYng">
            <dst id="ATLA-M5">26.6666666666667</dst>
            <dst id="ATLAng">6195.97866666667</dst>
            <dst id="CHINng">10423.3013333333</dst>
            <dst id="DNVRng">4140.93866666667</dst>
            <dst id="HSTNng">2699.04266666667</dst>
            <dst id="IPLSng">11334.256</dst>
            <dst id="KSCYng">8031.92533333333</dst>
            <dst id="LOSAng">2813.27733333333</dst>
            <dst id="NYCMng">2940.34666666667</dst>
            <dst id="SNVAng">1821.544</dst>
            <dst id="STTLng">776.157333333333</dst>
            <dst id="WASHng">13885.992</dst>
        </src>
        <src id="LOSAng">
            <dst id="ATLA-M5">927.178666666667</dst>
            <dst id="ATLAng">12458.7226666667</dst>
            <dst id="CHINng">63580.5386666667</dst>
            <dst id="DNVRng">7896.64</dst>
            <dst id="HSTNng">3745.01066666667</dst>
            <dst id="IPLSng">22961.5306666667</dst>
            <dst id="KSCYng">6142.97866666667</dst>
            <dst id="LOSAng">6312.376</dst>
            <dst id="NYCMng">20258.824</dst>
            <dst id="SNVAng">20672.544</dst>
            <dst id="STTLng">18615.4453333333</dst>
            <dst id="WASHng">126643.997333333</dst>
        </src>
        <src id="NYCMng">
            <dst id="ATLA-M5">389.338666666667</dst>
            <dst id="ATLAng">10980.2533333333</dst>
            <dst id="CHINng">20179.68</dst>
            <dst id="DNVRng">32626.8693333333</dst>
            <dst id="HSTNng">10627.7573333333</dst>
            <dst id="IPLSng">11392.992</dst>
            <dst id="KSCYng">4796.24266666667</dst>
            <dst id="LOSAng">48384.376</dst>
            <dst id="NYCMng">107467.077333333</dst>
            <dst id="SNVAng">768.389333333333</dst>
            <dst id="STTLng">25355.4186666667</dst>
            <dst id="WASHng">52001.528</dst>
        </src>
        <src id="SNVAng">
            <dst id="ATLA-M5">0</dst>
            <dst id="ATLAng">370.666666666667</dst>
            <dst id="CHINng">193.077333333333</dst>
            <dst id="DNVRng">1659.77066666667</dst>
            <dst id="HSTNng">94.2933333333333</dst>
            <dst id="IPLSng">267.672</dst>
            <dst id="KSCYng">0</dst>
            <dst id="LOSAng">27988.4213333333</dst>
            <dst id="NYCMng">8493.984</dst>
            <dst id="SNVAng">6767.34666666667</dst>
            <dst id="STTLng">34130.1813333333</dst>
            <dst id="WASHng">69.064</dst>
        </src>
        <src id="STTLng">
            <dst id="ATLA-M5">246.429333333333</dst>
            <dst id="ATLAng">8512.05066666667</dst>
            <dst id="CHINng">13893.6453333333</dst>
            <dst id="DNVRng">1067.43733333333</dst>
            <dst id="HSTNng">1203.50133333333</dst>
            <dst id="IPLSng">4901.432</dst>
            <dst id="KSCYng">1437.432</dst>
            <dst id="LOSAng">7118.01066666667</dst>
            <dst id="NYCMng">7926.44266666666</dst>
            <dst id="SNVAng">8688.272</dst>
            <dst id="STTLng">1896.36</dst>
            <dst id="WASHng">4443.20266666667</dst>
        </src>
        <src id="WASHng">
            <dst id="ATLA-M5">340.704</dst>
            <dst id="ATLAng">78848.416</dst>
            <dst id="CHINng">45955.4373333333</dst>
            <dst id="DNVRng">50487.9546666667</dst>
            <dst id="HSTNng">15334.4266666667</dst>
            <dst id="IPLSng">49108.7546666667</dst>
            <dst id="KSCYng">29985.2346666667</dst>
            <dst id="LOSAng">103505.632</dst>
            <dst id="NYCMng">180016.530666667</dst>
            <dst id="SNVAng">1452.672</dst>
            <dst id="STTLng">27687.224</dst>
            <dst id="WASHng">209496.074666667</dst>
        </src>
    </IntraTM>
</TrafficMatrixFile>
