<?xml version="1.0" encoding="ISO-8859-1" standalone="yes"?>
<TrafficMatrixFile xsi:noNamespaceSchemaLocation="http://totem.run.montefiore.ulg.ac.be/Schema/TrafficMatrix-v1_2.xsd" xmlns:xsi="http://www.w3.org/2001/XMLSchema-instance">
    <IntraTM ASID="11537">
        <src id="ATLA-M5">
            <dst id="ATLA-M5">53.3333333333333</dst>
            <dst id="ATLAng">53.3333333333333</dst>
            <dst id="CHINng">401.314666666667</dst>
            <dst id="DNVRng">1096.58666666667</dst>
            <dst id="HSTNng">60.5786666666667</dst>
            <dst id="IPLSng">0</dst>
            <dst id="KSCYng">0</dst>
            <dst id="LOSAng">60.7093333333333</dst>
            <dst id="NYCMng">100.792</dst>
            <dst id="SNVAng">37.0826666666667</dst>
            <dst id="STTLng">54.064</dst>
            <dst id="WASHng">138.68</dst>
        </src>
        <src id="ATLAng">
            <dst id="ATLA-M5">69.128</dst>
            <dst id="ATLAng">16628.9493333333</dst>
            <dst id="CHINng">15471.6773333333</dst>
            <dst id="DNVRng">1753.704</dst>
            <dst id="HSTNng">2321.992</dst>
            <dst id="IPLSng">6971.68533333333</dst>
            <dst id="KSCYng">3073.16266666667</dst>
            <dst id="LOSAng">2991.98933333333</dst>
            <dst id="NYCMng">1960.99466666667</dst>
            <dst id="SNVAng">53.3333333333333</dst>
            <dst id="STTLng">3075.54933333333</dst>
            <dst id="WASHng">25031.5813333333</dst>
        </src>
        <src id="CHINng">
            <dst id="ATLA-M5">26.6666666666667</dst>
            <dst id="ATLAng">10878.16</dst>
            <dst id="CHINng">43009.4373333333</dst>
            <dst id="DNVRng">9421.04</dst>
            <dst id="HSTNng">8173.13333333333</dst>
            <dst id="IPLSng">29774.7813333333</dst>
            <dst id="KSCYng">8863.38666666667</dst>
            <dst id="LOSAng">25092.8373333333</dst>
            <dst id="NYCMng">26507.296</dst>
            <dst id="SNVAng">100.106666666667</dst>
            <dst id="STTLng">9429.432</dst>
            <dst id="WASHng">15457.3786666667</dst>
        </src>
        <src id="DNVRng">
            <dst id="ATLA-M5">160.650666666667</dst>
            <dst id="ATLAng">7653.16</dst>
            <dst id="CHINng">42855.0346666667</dst>
            <dst id="DNVRng">12996.3493333333</dst>
            <dst id="HSTNng">24713.288</dst>
            <dst id="IPLSng">41190.1386666667</dst>
            <dst id="KSCYng">23740.056</dst>
            <dst id="LOSAng">8563.52266666666</dst>
            <dst id="NYCMng">14457.976</dst>
            <dst id="SNVAng">20678.2533333333</dst>
            <dst id="STTLng">5846.06666666667</dst>
            <dst id="WASHng">37357.56</dst>
        </src>
        <src id="HSTNng">
            <dst id="ATLA-M5">1465.832</dst>
            <dst id="ATLAng">1451.82133333333</dst>
            <dst id="CHINng">4161.42933333333</dst>
            <dst id="DNVRng">3428.09066666667</dst>
            <dst id="HSTNng">15719.888</dst>
            <dst id="IPLSng">1646.97066666667</dst>
            <dst id="KSCYng">1263.13866666667</dst>
            <dst id="LOSAng">1623.184</dst>
            <dst id="NYCMng">2155.352</dst>
            <dst id="SNVAng">26.6666666666667</dst>
            <dst id="STTLng">946.890666666667</dst>
            <dst id="WASHng">17419.0746666667</dst>
        </src>
        <src id="IPLSng">
            <dst id="ATLA-M5">0</dst>
            <dst id="ATLAng">7839.06133333333</dst>
            <dst id="CHINng">38339.3493333333</dst>
            <dst id="DNVRng">7143.58666666667</dst>
            <dst id="HSTNng">1136.78133333333</dst>
            <dst id="IPLSng">2491.696</dst>
            <dst id="KSCYng">1567.57866666667</dst>
            <dst id="LOSAng">11773.9333333333</dst>
            <dst id="NYCMng">5831.27733333333</dst>
            <dst id="SNVAng">394.088</dst>
            <dst id="STTLng">7401.93066666667</dst>
            <dst id="WASHng">5342.872</dst>
        </src>
        <src id="KSCYng">
            <dst id="ATLA-M5">0</dst>
            <dst id="ATLAng">5520.56266666667</dst>
            <dst id="CHINng">16851.8586666667</dst>
            <dst id="DNVRng">6034.616</dst>
            <dst id="HSTNng">5960.79466666666</dst>
            <dst id="IPLSng">14005.44</dst>
            <dst id="KSCYng">9374.20533333333</dst>
            <dst id="LOSAng">3885.75733333333</dst>
            <dst id="NYCMng">1390.384</dst>
            <dst id="SNVAng">2584.416</dst>
            <dst id="STTLng">1534.12533333333</dst>
            <dst id="WASHng">11474.0293333333</dst>
        </src>
        <src id="LOSAng">
            <dst id="ATLA-M5">26.6666666666667</dst>
            <dst id="ATLAng">15196.8133333333</dst>
            <dst id="CHINng">63106.7706666667</dst>
            <dst id="DNVRng">9377.15733333333</dst>
            <dst id="HSTNng">3569.13866666667</dst>
            <dst id="IPLSng">9855.064</dst>
            <dst id="KSCYng">4195.19466666667</dst>
            <dst id="LOSAng">13626.336</dst>
            <dst id="NYCMng">22448.5253333333</dst>
            <dst id="SNVAng">22941.3253333333</dst>
            <dst id="STTLng">29886.9546666667</dst>
            <dst id="WASHng">79803.0826666667</dst>
        </src>
        <src id="NYCMng">
            <dst id="ATLA-M5">1089.04</dst>
            <dst id="ATLAng">13353.2746666667</dst>
            <dst id="CHINng">16614.936</dst>
            <dst id="DNVRng">28527.16</dst>
            <dst id="HSTNng">8296.13866666667</dst>
            <dst id="IPLSng">14524.192</dst>
            <dst id="KSCYng">4342.78666666667</dst>
            <dst id="LOSAng">54013.9573333333</dst>
            <dst id="NYCMng">66627.0506666667</dst>
            <dst id="SNVAng">623.965333333333</dst>
            <dst id="STTLng">25669.6773333333</dst>
            <dst id="WASHng">38594.8053333333</dst>
        </src>
        <src id="SNVAng">
            <dst id="ATLA-M5">0</dst>
            <dst id="ATLAng">589.450666666667</dst>
            <dst id="CHINng">118.442666666667</dst>
            <dst id="DNVRng">2999.85866666667</dst>
            <dst id="HSTNng">0</dst>
            <dst id="IPLSng">223.869333333333</dst>
            <dst id="KSCYng">26.6666666666667</dst>
            <dst id="LOSAng">37453.7226666667</dst>
            <dst id="NYCMng">0</dst>
            <dst id="SNVAng">9688.60533333333</dst>
            <dst id="STTLng">39813.0586666667</dst>
            <dst id="WASHng">26.6666666666667</dst>
        </src>
        <src id="STTLng">
            <dst id="ATLA-M5">86.4266666666667</dst>
            <dst id="ATLAng">8406.97866666667</dst>
            <dst id="CHINng">15222.2906666667</dst>
            <dst id="DNVRng">899.698666666667</dst>
            <dst id="HSTNng">1381.20533333333</dst>
            <dst id="IPLSng">5855.504</dst>
            <dst id="KSCYng">2185.344</dst>
            <dst id="LOSAng">9981.27466666667</dst>
            <dst id="NYCMng">14897.984</dst>
            <dst id="SNVAng">10377.8746666667</dst>
            <dst id="STTLng">1800.57333333333</dst>
            <dst id="WASHng">4362.624</dst>
        </src>
        <src id="WASHng">
            <dst id="ATLA-M5">0</dst>
            <dst id="ATLAng">122026.829333333</dst>
            <dst id="CHINng">66586.4453333333</dst>
            <dst id="DNVRng">62138.2506666667</dst>
            <dst id="HSTNng">74021.4826666666</dst>
            <dst id="IPLSng">37205.4506666667</dst>
            <dst id="KSCYng">23732.9866666667</dst>
            <dst id="LOSAng">99289.2426666667</dst>
            <dst id="NYCMng">179354.056</dst>
            <dst id="SNVAng">1449.99466666667</dst>
            <dst id="STTLng">28261.5946666667</dst>
            <dst id="WASHng">243774.850666667</dst>
        </src>
    </IntraTM>
</TrafficMatrixFile>
