<?xml version="1.0" encoding="ISO-8859-1" standalone="yes"?>
<TrafficMatrixFile xsi:noNamespaceSchemaLocation="http://totem.run.montefiore.ulg.ac.be/Schema/TrafficMatrix-v1_2.xsd" xmlns:xsi="http://www.w3.org/2001/XMLSchema-instance">
    <IntraTM ASID="11537">
        <src id="ATLA-M5">
            <dst id="ATLA-M5">26.6666666666667</dst>
            <dst id="ATLAng">26.6666666666667</dst>
            <dst id="CHINng">561.717333333333</dst>
            <dst id="DNVRng">1009.67466666667</dst>
            <dst id="HSTNng">83.5413333333333</dst>
            <dst id="IPLSng">0</dst>
            <dst id="KSCYng">0</dst>
            <dst id="LOSAng">26.6666666666667</dst>
            <dst id="NYCMng">76.4533333333333</dst>
            <dst id="SNVAng">28.432</dst>
            <dst id="STTLng">56.5653333333333</dst>
            <dst id="WASHng">491.093333333333</dst>
        </src>
        <src id="ATLAng">
            <dst id="ATLA-M5">88.0586666666667</dst>
            <dst id="ATLAng">18848.736</dst>
            <dst id="CHINng">19841.0026666667</dst>
            <dst id="DNVRng">1763.368</dst>
            <dst id="HSTNng">497.317333333333</dst>
            <dst id="IPLSng">7949.02666666667</dst>
            <dst id="KSCYng">1554.23733333333</dst>
            <dst id="LOSAng">3281.62133333333</dst>
            <dst id="NYCMng">3048.56266666667</dst>
            <dst id="SNVAng">53.3333333333333</dst>
            <dst id="STTLng">2442.29866666667</dst>
            <dst id="WASHng">21641.384</dst>
        </src>
        <src id="CHINng">
            <dst id="ATLA-M5">26.6666666666667</dst>
            <dst id="ATLAng">10988.8186666667</dst>
            <dst id="CHINng">49207.168</dst>
            <dst id="DNVRng">11460.2106666667</dst>
            <dst id="HSTNng">6690.14666666667</dst>
            <dst id="IPLSng">19726.784</dst>
            <dst id="KSCYng">15309.9093333333</dst>
            <dst id="LOSAng">24190.1253333333</dst>
            <dst id="NYCMng">25522.8773333333</dst>
            <dst id="SNVAng">219.053333333333</dst>
            <dst id="STTLng">9702.58133333333</dst>
            <dst id="WASHng">11834.056</dst>
        </src>
        <src id="DNVRng">
            <dst id="ATLA-M5">129.077333333333</dst>
            <dst id="ATLAng">5978.50133333333</dst>
            <dst id="CHINng">39816.5813333333</dst>
            <dst id="DNVRng">16092.0853333333</dst>
            <dst id="HSTNng">25258.888</dst>
            <dst id="IPLSng">34799.072</dst>
            <dst id="KSCYng">23633.1866666667</dst>
            <dst id="LOSAng">7429.68</dst>
            <dst id="NYCMng">15762.5946666667</dst>
            <dst id="SNVAng">6691.76</dst>
            <dst id="STTLng">7221.03466666667</dst>
            <dst id="WASHng">36583.512</dst>
        </src>
        <src id="HSTNng">
            <dst id="ATLA-M5">1423.512</dst>
            <dst id="ATLAng">2398.696</dst>
            <dst id="CHINng">4930.92</dst>
            <dst id="DNVRng">3395.84266666667</dst>
            <dst id="HSTNng">20035.024</dst>
            <dst id="IPLSng">2833.696</dst>
            <dst id="KSCYng">1836.17333333333</dst>
            <dst id="LOSAng">2031.49066666667</dst>
            <dst id="NYCMng">2527.76533333333</dst>
            <dst id="SNVAng">53.3333333333333</dst>
            <dst id="STTLng">641.034666666667</dst>
            <dst id="WASHng">16932.304</dst>
        </src>
        <src id="IPLSng">
            <dst id="ATLA-M5">26.6666666666667</dst>
            <dst id="ATLAng">13375.9253333333</dst>
            <dst id="CHINng">41049.4053333333</dst>
            <dst id="DNVRng">7971.352</dst>
            <dst id="HSTNng">853.090666666667</dst>
            <dst id="IPLSng">11028.0453333333</dst>
            <dst id="KSCYng">2289.60533333333</dst>
            <dst id="LOSAng">12792.2906666667</dst>
            <dst id="NYCMng">5850.192</dst>
            <dst id="SNVAng">248.888</dst>
            <dst id="STTLng">8985.61866666667</dst>
            <dst id="WASHng">5317.22666666667</dst>
        </src>
        <src id="KSCYng">
            <dst id="ATLA-M5">0</dst>
            <dst id="ATLAng">4615.08533333333</dst>
            <dst id="CHINng">6177.49066666667</dst>
            <dst id="DNVRng">5231.832</dst>
            <dst id="HSTNng">5477.56266666667</dst>
            <dst id="IPLSng">13061.8213333333</dst>
            <dst id="KSCYng">8664.72266666666</dst>
            <dst id="LOSAng">4135.41066666667</dst>
            <dst id="NYCMng">1508.18933333333</dst>
            <dst id="SNVAng">2691.09066666667</dst>
            <dst id="STTLng">1027.14133333333</dst>
            <dst id="WASHng">10611.6106666667</dst>
        </src>
        <src id="LOSAng">
            <dst id="ATLA-M5">254.634666666667</dst>
            <dst id="ATLAng">16937.2586666667</dst>
            <dst id="CHINng">41529.0026666667</dst>
            <dst id="DNVRng">7807.22666666667</dst>
            <dst id="HSTNng">3535.76</dst>
            <dst id="IPLSng">16163.4133333333</dst>
            <dst id="KSCYng">3568.14933333333</dst>
            <dst id="LOSAng">15378.48</dst>
            <dst id="NYCMng">20102.2293333333</dst>
            <dst id="SNVAng">25169.2506666667</dst>
            <dst id="STTLng">30679.7066666667</dst>
            <dst id="WASHng">78103.36</dst>
        </src>
        <src id="NYCMng">
            <dst id="ATLA-M5">683.168</dst>
            <dst id="ATLAng">20206.656</dst>
            <dst id="CHINng">12655.8773333333</dst>
            <dst id="DNVRng">24775.48</dst>
            <dst id="HSTNng">7564.74933333334</dst>
            <dst id="IPLSng">15578.3893333333</dst>
            <dst id="KSCYng">5013.32266666667</dst>
            <dst id="LOSAng">48374.768</dst>
            <dst id="NYCMng">66548.7546666667</dst>
            <dst id="SNVAng">763.834666666667</dst>
            <dst id="STTLng">24509.2773333333</dst>
            <dst id="WASHng">46293.6613333333</dst>
        </src>
        <src id="SNVAng">
            <dst id="ATLA-M5">0</dst>
            <dst id="ATLAng">638.901333333333</dst>
            <dst id="CHINng">26.6666666666667</dst>
            <dst id="DNVRng">6502.34933333333</dst>
            <dst id="HSTNng">0</dst>
            <dst id="IPLSng">230.888</dst>
            <dst id="KSCYng">26.6666666666667</dst>
            <dst id="LOSAng">39954.5813333333</dst>
            <dst id="NYCMng">8738.57066666667</dst>
            <dst id="SNVAng">8847.89066666667</dst>
            <dst id="STTLng">38438.6933333333</dst>
            <dst id="WASHng">26.6666666666667</dst>
        </src>
        <src id="STTLng">
            <dst id="ATLA-M5">87.536</dst>
            <dst id="ATLAng">8315.66666666667</dst>
            <dst id="CHINng">14534.7386666667</dst>
            <dst id="DNVRng">679.045333333333</dst>
            <dst id="HSTNng">1001.08266666667</dst>
            <dst id="IPLSng">5931.06133333333</dst>
            <dst id="KSCYng">2257.82133333333</dst>
            <dst id="LOSAng">9032.88533333334</dst>
            <dst id="NYCMng">12376.1146666667</dst>
            <dst id="SNVAng">9994.76</dst>
            <dst id="STTLng">2101.44</dst>
            <dst id="WASHng">4273.74933333333</dst>
        </src>
        <src id="WASHng">
            <dst id="ATLA-M5">61.4213333333333</dst>
            <dst id="ATLAng">131103.178666667</dst>
            <dst id="CHINng">62415.0426666667</dst>
            <dst id="DNVRng">52729.416</dst>
            <dst id="HSTNng">26660.7253333333</dst>
            <dst id="IPLSng">47073.0506666667</dst>
            <dst id="KSCYng">20696.1066666667</dst>
            <dst id="LOSAng">99490.2746666667</dst>
            <dst id="NYCMng">134707.394666667</dst>
            <dst id="SNVAng">900.541333333333</dst>
            <dst id="STTLng">25263.8693333333</dst>
            <dst id="WASHng">297869.546666667</dst>
        </src>
    </IntraTM>
</TrafficMatrixFile>
