<?xml version="1.0" encoding="ISO-8859-1" standalone="yes"?>
<TrafficMatrixFile xsi:noNamespaceSchemaLocation="http://totem.run.montefiore.ulg.ac.be/Schema/TrafficMatrix-v1_2.xsd" xmlns:xsi="http://www.w3.org/2001/XMLSchema-instance">
    <IntraTM ASID="11537">
        <src id="ATLA-M5">
            <dst id="ATLA-M5">0</dst>
            <dst id="ATLAng">26.6666666666667</dst>
            <dst id="CHINng">386.581333333333</dst>
            <dst id="DNVRng">1242.63466666667</dst>
            <dst id="HSTNng">75.6373333333333</dst>
            <dst id="IPLSng">26.6666666666667</dst>
            <dst id="KSCYng">0</dst>
            <dst id="LOSAng">26.6666666666667</dst>
            <dst id="NYCMng">245.333333333333</dst>
            <dst id="SNVAng">0</dst>
            <dst id="STTLng">53.3333333333333</dst>
            <dst id="WASHng">203.450666666667</dst>
        </src>
        <src id="ATLAng">
            <dst id="ATLA-M5">151.245333333333</dst>
            <dst id="ATLAng">21494.744</dst>
            <dst id="CHINng">14406.1813333333</dst>
            <dst id="DNVRng">2582.34133333333</dst>
            <dst id="HSTNng">31893.0373333333</dst>
            <dst id="IPLSng">12458.1626666667</dst>
            <dst id="KSCYng">1002.18666666667</dst>
            <dst id="LOSAng">6013.59066666667</dst>
            <dst id="NYCMng">10155.5546666667</dst>
            <dst id="SNVAng">4966.20933333333</dst>
            <dst id="STTLng">2048.58666666667</dst>
            <dst id="WASHng">20226.2453333333</dst>
        </src>
        <src id="CHINng">
            <dst id="ATLA-M5">294.528</dst>
            <dst id="ATLAng">18280.76</dst>
            <dst id="CHINng">104049.088</dst>
            <dst id="DNVRng">7897.09333333333</dst>
            <dst id="HSTNng">8078.94133333333</dst>
            <dst id="IPLSng">11476.9253333333</dst>
            <dst id="KSCYng">10418.5253333333</dst>
            <dst id="LOSAng">2584.24</dst>
            <dst id="NYCMng">9430.29866666667</dst>
            <dst id="SNVAng">20529.688</dst>
            <dst id="STTLng">7368.12266666667</dst>
            <dst id="WASHng">11338.528</dst>
        </src>
        <src id="DNVRng">
            <dst id="ATLA-M5">76</dst>
            <dst id="ATLAng">4096.43466666667</dst>
            <dst id="CHINng">32135.3093333333</dst>
            <dst id="DNVRng">13129.7733333333</dst>
            <dst id="HSTNng">21749.88</dst>
            <dst id="IPLSng">27553.6053333333</dst>
            <dst id="KSCYng">20658.1626666667</dst>
            <dst id="LOSAng">3533.568</dst>
            <dst id="NYCMng">16370.7786666667</dst>
            <dst id="SNVAng">33649.9866666667</dst>
            <dst id="STTLng">12853.1573333333</dst>
            <dst id="WASHng">45257.7413333333</dst>
        </src>
        <src id="HSTNng">
            <dst id="ATLA-M5">4489.46133333333</dst>
            <dst id="ATLAng">1489.18133333333</dst>
            <dst id="CHINng">10654.2853333333</dst>
            <dst id="DNVRng">908.773333333333</dst>
            <dst id="HSTNng">18009.3786666667</dst>
            <dst id="IPLSng">2002.56266666667</dst>
            <dst id="KSCYng">1323.008</dst>
            <dst id="LOSAng">1535.09333333333</dst>
            <dst id="NYCMng">1916.072</dst>
            <dst id="SNVAng">0</dst>
            <dst id="STTLng">759.338666666667</dst>
            <dst id="WASHng">3387.056</dst>
        </src>
        <src id="IPLSng">
            <dst id="ATLA-M5">26.6666666666667</dst>
            <dst id="ATLAng">4058.44533333333</dst>
            <dst id="CHINng">36591.056</dst>
            <dst id="DNVRng">8513.23466666667</dst>
            <dst id="HSTNng">387.845333333333</dst>
            <dst id="IPLSng">19513.1946666667</dst>
            <dst id="KSCYng">4021.24266666667</dst>
            <dst id="LOSAng">4972.84533333333</dst>
            <dst id="NYCMng">6612.608</dst>
            <dst id="SNVAng">6661.84533333333</dst>
            <dst id="STTLng">16417.5146666667</dst>
            <dst id="WASHng">6076.59466666667</dst>
        </src>
        <src id="KSCYng">
            <dst id="ATLA-M5">82.2053333333333</dst>
            <dst id="ATLAng">3010.216</dst>
            <dst id="CHINng">11599.0213333333</dst>
            <dst id="DNVRng">6563.384</dst>
            <dst id="HSTNng">4723.73333333333</dst>
            <dst id="IPLSng">13866.3653333333</dst>
            <dst id="KSCYng">11553.584</dst>
            <dst id="LOSAng">930.629333333333</dst>
            <dst id="NYCMng">2208.70666666667</dst>
            <dst id="SNVAng">6294.736</dst>
            <dst id="STTLng">1570.50666666667</dst>
            <dst id="WASHng">7176.04533333333</dst>
        </src>
        <src id="LOSAng">
            <dst id="ATLA-M5">37.5093333333333</dst>
            <dst id="ATLAng">21868.2133333333</dst>
            <dst id="CHINng">45545.1706666667</dst>
            <dst id="DNVRng">10338.792</dst>
            <dst id="HSTNng">1885.21866666667</dst>
            <dst id="IPLSng">10192.4906666667</dst>
            <dst id="KSCYng">1610.336</dst>
            <dst id="LOSAng">19102.5706666667</dst>
            <dst id="NYCMng">25285.5946666667</dst>
            <dst id="SNVAng">26508.808</dst>
            <dst id="STTLng">21188.784</dst>
            <dst id="WASHng">79431.1813333333</dst>
        </src>
        <src id="NYCMng">
            <dst id="ATLA-M5">250.472</dst>
            <dst id="ATLAng">10331.8106666667</dst>
            <dst id="CHINng">32657.0693333333</dst>
            <dst id="DNVRng">24754.0853333333</dst>
            <dst id="HSTNng">10631.376</dst>
            <dst id="IPLSng">6759.33066666666</dst>
            <dst id="KSCYng">2910.824</dst>
            <dst id="LOSAng">13883.2666666667</dst>
            <dst id="NYCMng">76646.5866666667</dst>
            <dst id="SNVAng">56011.832</dst>
            <dst id="STTLng">30698.328</dst>
            <dst id="WASHng">35346.0426666667</dst>
        </src>
        <src id="SNVAng">
            <dst id="ATLA-M5">26.6666666666667</dst>
            <dst id="ATLAng">696.672</dst>
            <dst id="CHINng">80</dst>
            <dst id="DNVRng">9917.08</dst>
            <dst id="HSTNng">0</dst>
            <dst id="IPLSng">171.296</dst>
            <dst id="KSCYng">0</dst>
            <dst id="LOSAng">2201.14933333333</dst>
            <dst id="NYCMng">26.6666666666667</dst>
            <dst id="SNVAng">40911.248</dst>
            <dst id="STTLng">41406.5733333333</dst>
            <dst id="WASHng">0</dst>
        </src>
        <src id="STTLng">
            <dst id="ATLA-M5">82.0133333333333</dst>
            <dst id="ATLAng">4095.29866666667</dst>
            <dst id="CHINng">14039.9066666667</dst>
            <dst id="DNVRng">3013.89333333333</dst>
            <dst id="HSTNng">3093.86133333333</dst>
            <dst id="IPLSng">8164.928</dst>
            <dst id="KSCYng">1770.58133333333</dst>
            <dst id="LOSAng">5807.53066666667</dst>
            <dst id="NYCMng">15709.2666666667</dst>
            <dst id="SNVAng">31250.256</dst>
            <dst id="STTLng">1862.97066666667</dst>
            <dst id="WASHng">5603.93333333333</dst>
        </src>
        <src id="WASHng">
            <dst id="ATLA-M5">122.042666666667</dst>
            <dst id="ATLAng">109448.469333333</dst>
            <dst id="CHINng">78229.624</dst>
            <dst id="DNVRng">39929.616</dst>
            <dst id="HSTNng">27062.3226666667</dst>
            <dst id="IPLSng">25684.9573333333</dst>
            <dst id="KSCYng">33737.8106666667</dst>
            <dst id="LOSAng">62107.5413333333</dst>
            <dst id="NYCMng">129226.978666667</dst>
            <dst id="SNVAng">28185.736</dst>
            <dst id="STTLng">43309.0586666667</dst>
            <dst id="WASHng">231658.536</dst>
        </src>
    </IntraTM>
</TrafficMatrixFile>
