<?xml version="1.0" encoding="ISO-8859-1" standalone="yes"?>
<TrafficMatrixFile xsi:noNamespaceSchemaLocation="http://totem.run.montefiore.ulg.ac.be/Schema/TrafficMatrix-v1_2.xsd" xmlns:xsi="http://www.w3.org/2001/XMLSchema-instance">
    <IntraTM ASID="11537">
        <src id="ATLA-M5">
            <dst id="ATLA-M5">53.3333333333333</dst>
            <dst id="ATLAng">26.6666666666667</dst>
            <dst id="CHINng">236.696</dst>
            <dst id="DNVRng">0</dst>
            <dst id="HSTNng">166.429333333333</dst>
            <dst id="IPLSng">1325.46666666667</dst>
            <dst id="KSCYng">0</dst>
            <dst id="LOSAng">0</dst>
            <dst id="NYCMng">53.3333333333333</dst>
            <dst id="SNVAng">0</dst>
            <dst id="STTLng">0</dst>
            <dst id="WASHng">1134.472</dst>
        </src>
        <src id="ATLAng">
            <dst id="ATLA-M5">221.768</dst>
            <dst id="ATLAng">37421.864</dst>
            <dst id="CHINng">7061.20533333334</dst>
            <dst id="DNVRng">2740.81066666667</dst>
            <dst id="HSTNng">1142.328</dst>
            <dst id="IPLSng">12301.9786666667</dst>
            <dst id="KSCYng">411.986666666667</dst>
            <dst id="LOSAng">1148.34933333333</dst>
            <dst id="NYCMng">3113.808</dst>
            <dst id="SNVAng">564.058666666667</dst>
            <dst id="STTLng">787.176</dst>
            <dst id="WASHng">22196.136</dst>
        </src>
        <src id="CHINng">
            <dst id="ATLA-M5">136.109333333333</dst>
            <dst id="ATLAng">16096.8533333333</dst>
            <dst id="CHINng">64369.4773333333</dst>
            <dst id="DNVRng">2986.42666666667</dst>
            <dst id="HSTNng">2072.552</dst>
            <dst id="IPLSng">14033.5173333333</dst>
            <dst id="KSCYng">2053.73333333333</dst>
            <dst id="LOSAng">929.677333333333</dst>
            <dst id="NYCMng">18040.464</dst>
            <dst id="SNVAng">6601.024</dst>
            <dst id="STTLng">8172.656</dst>
            <dst id="WASHng">59744.096</dst>
        </src>
        <src id="DNVRng">
            <dst id="ATLA-M5">0</dst>
            <dst id="ATLAng">2537.61866666667</dst>
            <dst id="CHINng">9257.18666666667</dst>
            <dst id="DNVRng">11803.0026666667</dst>
            <dst id="HSTNng">7855.73333333333</dst>
            <dst id="IPLSng">4030.65866666667</dst>
            <dst id="KSCYng">21846.5653333333</dst>
            <dst id="LOSAng">725.968</dst>
            <dst id="NYCMng">3789.81066666667</dst>
            <dst id="SNVAng">26083.2746666667</dst>
            <dst id="STTLng">7358.78666666667</dst>
            <dst id="WASHng">6781</dst>
        </src>
        <src id="HSTNng">
            <dst id="ATLA-M5">4782.49333333333</dst>
            <dst id="ATLAng">1604.536</dst>
            <dst id="CHINng">4047.22133333333</dst>
            <dst id="DNVRng">575.866666666667</dst>
            <dst id="HSTNng">16884.9466666667</dst>
            <dst id="IPLSng">2993.49866666667</dst>
            <dst id="KSCYng">1124.20266666667</dst>
            <dst id="LOSAng">315.210666666667</dst>
            <dst id="NYCMng">1964.776</dst>
            <dst id="SNVAng">26.6666666666667</dst>
            <dst id="STTLng">1461.304</dst>
            <dst id="WASHng">4126.86133333334</dst>
        </src>
        <src id="IPLSng">
            <dst id="ATLA-M5">28.1253333333333</dst>
            <dst id="ATLAng">4026.22666666667</dst>
            <dst id="CHINng">33020.312</dst>
            <dst id="DNVRng">8632.94133333333</dst>
            <dst id="HSTNng">1440.32266666667</dst>
            <dst id="IPLSng">6282.38666666667</dst>
            <dst id="KSCYng">1754.416</dst>
            <dst id="LOSAng">420.434666666667</dst>
            <dst id="NYCMng">8962.79733333333</dst>
            <dst id="SNVAng">1701.27733333333</dst>
            <dst id="STTLng">2211.528</dst>
            <dst id="WASHng">7868.27466666667</dst>
        </src>
        <src id="KSCYng">
            <dst id="ATLA-M5">26.6666666666667</dst>
            <dst id="ATLAng">4992.50666666667</dst>
            <dst id="CHINng">11369.6</dst>
            <dst id="DNVRng">5354.736</dst>
            <dst id="HSTNng">3810.984</dst>
            <dst id="IPLSng">14590.2133333333</dst>
            <dst id="KSCYng">7065.38133333333</dst>
            <dst id="LOSAng">53.3333333333333</dst>
            <dst id="NYCMng">1031.55733333333</dst>
            <dst id="SNVAng">2695.58666666667</dst>
            <dst id="STTLng">777.853333333333</dst>
            <dst id="WASHng">10630.5066666667</dst>
        </src>
        <src id="LOSAng">
            <dst id="ATLA-M5">0</dst>
            <dst id="ATLAng">82.016</dst>
            <dst id="CHINng">464.141333333333</dst>
            <dst id="DNVRng">130.944</dst>
            <dst id="HSTNng">0</dst>
            <dst id="IPLSng">898.061333333333</dst>
            <dst id="KSCYng">0</dst>
            <dst id="LOSAng">100.154666666667</dst>
            <dst id="NYCMng">147.341333333333</dst>
            <dst id="SNVAng">26.6666666666667</dst>
            <dst id="STTLng">380.928</dst>
            <dst id="WASHng">1453.28533333333</dst>
        </src>
        <src id="NYCMng">
            <dst id="ATLA-M5">26.6666666666667</dst>
            <dst id="ATLAng">11879.9173333333</dst>
            <dst id="CHINng">22547.2026666667</dst>
            <dst id="DNVRng">28341.552</dst>
            <dst id="HSTNng">9828.07466666667</dst>
            <dst id="IPLSng">14802.1013333333</dst>
            <dst id="KSCYng">2659.12266666667</dst>
            <dst id="LOSAng">2733.18666666667</dst>
            <dst id="NYCMng">82289.4106666667</dst>
            <dst id="SNVAng">21498.8293333333</dst>
            <dst id="STTLng">22888.096</dst>
            <dst id="WASHng">52731.272</dst>
        </src>
        <src id="SNVAng">
            <dst id="ATLA-M5">0</dst>
            <dst id="ATLAng">2229.99466666667</dst>
            <dst id="CHINng">37916.976</dst>
            <dst id="DNVRng">4093.11466666667</dst>
            <dst id="HSTNng">4997.472</dst>
            <dst id="IPLSng">23674.4106666667</dst>
            <dst id="KSCYng">68.872</dst>
            <dst id="LOSAng">10590.7466666667</dst>
            <dst id="NYCMng">19914.0453333333</dst>
            <dst id="SNVAng">31137.2026666667</dst>
            <dst id="STTLng">56515.2453333333</dst>
            <dst id="WASHng">28639.1466666667</dst>
        </src>
        <src id="STTLng">
            <dst id="ATLA-M5">26.6666666666667</dst>
            <dst id="ATLAng">772.586666666667</dst>
            <dst id="CHINng">4679.41066666667</dst>
            <dst id="DNVRng">4381.56</dst>
            <dst id="HSTNng">1068.088</dst>
            <dst id="IPLSng">3805.17066666667</dst>
            <dst id="KSCYng">641.754666666667</dst>
            <dst id="LOSAng">1722.94666666667</dst>
            <dst id="NYCMng">5043.32266666667</dst>
            <dst id="SNVAng">9886.08</dst>
            <dst id="STTLng">1207.14933333333</dst>
            <dst id="WASHng">3413.70933333333</dst>
        </src>
        <src id="WASHng">
            <dst id="ATLA-M5">117.141333333333</dst>
            <dst id="ATLAng">80883.3893333334</dst>
            <dst id="CHINng">63533.0186666667</dst>
            <dst id="DNVRng">24122.992</dst>
            <dst id="HSTNng">29777.992</dst>
            <dst id="IPLSng">31417.8586666667</dst>
            <dst id="KSCYng">36723.6773333333</dst>
            <dst id="LOSAng">3874.608</dst>
            <dst id="NYCMng">102886.778666667</dst>
            <dst id="SNVAng">6604.66933333334</dst>
            <dst id="STTLng">28125.792</dst>
            <dst id="WASHng">189963.349333333</dst>
        </src>
    </IntraTM>
</TrafficMatrixFile>
