<?xml version="1.0" encoding="ISO-8859-1" standalone="yes"?>
<TrafficMatrixFile xsi:noNamespaceSchemaLocation="http://totem.run.montefiore.ulg.ac.be/Schema/TrafficMatrix-v1_2.xsd" xmlns:xsi="http://www.w3.org/2001/XMLSchema-instance">
    <IntraTM ASID="11537">
        <src id="ATLA-M5">
            <dst id="ATLA-M5">4154.52533333333</dst>
            <dst id="ATLAng">0</dst>
            <dst id="CHINng">141.010666666667</dst>
            <dst id="DNVRng">26.6666666666667</dst>
            <dst id="HSTNng">44.296</dst>
            <dst id="IPLSng">37.6746666666667</dst>
            <dst id="KSCYng">0</dst>
            <dst id="LOSAng">18</dst>
            <dst id="NYCMng">37.8666666666667</dst>
            <dst id="SNVAng">18</dst>
            <dst id="STTLng">422.832</dst>
            <dst id="WASHng">298.794666666667</dst>
        </src>
        <src id="ATLAng">
            <dst id="ATLA-M5">119.005333333333</dst>
            <dst id="ATLAng">30745.368</dst>
            <dst id="CHINng">8711.23733333333</dst>
            <dst id="DNVRng">2606.89333333333</dst>
            <dst id="HSTNng">491.405333333333</dst>
            <dst id="IPLSng">23574.744</dst>
            <dst id="KSCYng">1310.01866666667</dst>
            <dst id="LOSAng">10603.3146666667</dst>
            <dst id="NYCMng">1886.12266666667</dst>
            <dst id="SNVAng">5341.54933333333</dst>
            <dst id="STTLng">2241.736</dst>
            <dst id="WASHng">43389.1093333333</dst>
        </src>
        <src id="CHINng">
            <dst id="ATLA-M5">119.349333333333</dst>
            <dst id="ATLAng">8009.19466666667</dst>
            <dst id="CHINng">105100.754666667</dst>
            <dst id="DNVRng">2893.42933333333</dst>
            <dst id="HSTNng">5959.56266666667</dst>
            <dst id="IPLSng">19220.2026666667</dst>
            <dst id="KSCYng">5835.96266666667</dst>
            <dst id="LOSAng">7320.76266666667</dst>
            <dst id="NYCMng">12435.6586666667</dst>
            <dst id="SNVAng">24150.512</dst>
            <dst id="STTLng">10190.9013333333</dst>
            <dst id="WASHng">17671.24</dst>
        </src>
        <src id="DNVRng">
            <dst id="ATLA-M5">124</dst>
            <dst id="ATLAng">3189.95733333333</dst>
            <dst id="CHINng">74933.944</dst>
            <dst id="DNVRng">13814.2933333333</dst>
            <dst id="HSTNng">33881.984</dst>
            <dst id="IPLSng">23911.7973333333</dst>
            <dst id="KSCYng">22550.848</dst>
            <dst id="LOSAng">1878.792</dst>
            <dst id="NYCMng">19909.992</dst>
            <dst id="SNVAng">25974.4293333333</dst>
            <dst id="STTLng">10218.568</dst>
            <dst id="WASHng">42682.48</dst>
        </src>
        <src id="HSTNng">
            <dst id="ATLA-M5">2366.51733333333</dst>
            <dst id="ATLAng">5375.592</dst>
            <dst id="CHINng">21608.736</dst>
            <dst id="DNVRng">942.618666666667</dst>
            <dst id="HSTNng">11810.768</dst>
            <dst id="IPLSng">5709.488</dst>
            <dst id="KSCYng">430.976</dst>
            <dst id="LOSAng">876.317333333333</dst>
            <dst id="NYCMng">4759.208</dst>
            <dst id="SNVAng">53.3333333333333</dst>
            <dst id="STTLng">919.429333333333</dst>
            <dst id="WASHng">953.738666666667</dst>
        </src>
        <src id="IPLSng">
            <dst id="ATLA-M5">2681.46133333333</dst>
            <dst id="ATLAng">10743.2533333333</dst>
            <dst id="CHINng">61809.2613333333</dst>
            <dst id="DNVRng">5893.136</dst>
            <dst id="HSTNng">860.192</dst>
            <dst id="IPLSng">4388.79733333333</dst>
            <dst id="KSCYng">1103.78133333333</dst>
            <dst id="LOSAng">11038.8</dst>
            <dst id="NYCMng">6532.664</dst>
            <dst id="SNVAng">12013.9306666667</dst>
            <dst id="STTLng">9538.27466666667</dst>
            <dst id="WASHng">11217.0186666667</dst>
        </src>
        <src id="KSCYng">
            <dst id="ATLA-M5">0</dst>
            <dst id="ATLAng">2571.92266666667</dst>
            <dst id="CHINng">15275.8133333333</dst>
            <dst id="DNVRng">4636.25333333333</dst>
            <dst id="HSTNng">2971.4</dst>
            <dst id="IPLSng">12820.3493333333</dst>
            <dst id="KSCYng">12938.8373333333</dst>
            <dst id="LOSAng">1968.85066666667</dst>
            <dst id="NYCMng">1634.30666666667</dst>
            <dst id="SNVAng">5155.14933333333</dst>
            <dst id="STTLng">861.706666666666</dst>
            <dst id="WASHng">6576.42133333333</dst>
        </src>
        <src id="LOSAng">
            <dst id="ATLA-M5">0</dst>
            <dst id="ATLAng">30566.624</dst>
            <dst id="CHINng">103683.554666667</dst>
            <dst id="DNVRng">8756.88266666667</dst>
            <dst id="HSTNng">2557.784</dst>
            <dst id="IPLSng">8716.31733333334</dst>
            <dst id="KSCYng">788.765333333333</dst>
            <dst id="LOSAng">26557.656</dst>
            <dst id="NYCMng">22627.44</dst>
            <dst id="SNVAng">23876.0613333333</dst>
            <dst id="STTLng">15311.656</dst>
            <dst id="WASHng">69644.144</dst>
        </src>
        <src id="NYCMng">
            <dst id="ATLA-M5">80</dst>
            <dst id="ATLAng">7534.55466666667</dst>
            <dst id="CHINng">29160.048</dst>
            <dst id="DNVRng">24303.7013333333</dst>
            <dst id="HSTNng">1573.49066666667</dst>
            <dst id="IPLSng">3431.78133333333</dst>
            <dst id="KSCYng">4323.38933333333</dst>
            <dst id="LOSAng">6870.26666666667</dst>
            <dst id="NYCMng">84722.1093333333</dst>
            <dst id="SNVAng">44185.8453333333</dst>
            <dst id="STTLng">25828.7226666667</dst>
            <dst id="WASHng">40404.816</dst>
        </src>
        <src id="SNVAng">
            <dst id="ATLA-M5">0</dst>
            <dst id="ATLAng">80</dst>
            <dst id="CHINng">80</dst>
            <dst id="DNVRng">462.704</dst>
            <dst id="HSTNng">26.6666666666667</dst>
            <dst id="IPLSng">224.213333333333</dst>
            <dst id="KSCYng">0</dst>
            <dst id="LOSAng">1874.64533333333</dst>
            <dst id="NYCMng">0</dst>
            <dst id="SNVAng">33818.4533333333</dst>
            <dst id="STTLng">33590.7946666667</dst>
            <dst id="WASHng">89.3333333333333</dst>
        </src>
        <src id="STTLng">
            <dst id="ATLA-M5">115.029333333333</dst>
            <dst id="ATLAng">3627.24</dst>
            <dst id="CHINng">23496.5493333333</dst>
            <dst id="DNVRng">4310.02933333333</dst>
            <dst id="HSTNng">1025.74133333333</dst>
            <dst id="IPLSng">15031.704</dst>
            <dst id="KSCYng">750.264</dst>
            <dst id="LOSAng">2564.65066666667</dst>
            <dst id="NYCMng">8474.95733333333</dst>
            <dst id="SNVAng">23760.792</dst>
            <dst id="STTLng">1625.18666666667</dst>
            <dst id="WASHng">10122.8</dst>
        </src>
        <src id="WASHng">
            <dst id="ATLA-M5">206.253333333333</dst>
            <dst id="ATLAng">77048.328</dst>
            <dst id="CHINng">66194.328</dst>
            <dst id="DNVRng">27502.9973333333</dst>
            <dst id="HSTNng">13317.0293333333</dst>
            <dst id="IPLSng">24529.272</dst>
            <dst id="KSCYng">34174.8133333333</dst>
            <dst id="LOSAng">77927.144</dst>
            <dst id="NYCMng">116916.757333333</dst>
            <dst id="SNVAng">28953.128</dst>
            <dst id="STTLng">21296.712</dst>
            <dst id="WASHng">254219.621333333</dst>
        </src>
    </IntraTM>
</TrafficMatrixFile>
