<?xml version="1.0" encoding="ISO-8859-1" standalone="yes"?>
<TrafficMatrixFile xsi:noNamespaceSchemaLocation="http://totem.run.montefiore.ulg.ac.be/Schema/TrafficMatrix-v1_2.xsd" xmlns:xsi="http://www.w3.org/2001/XMLSchema-instance">
    <IntraTM ASID="11537">
        <src id="ATLA-M5">
            <dst id="ATLA-M5">3961.37866666667</dst>
            <dst id="ATLAng">53.3333333333333</dst>
            <dst id="CHINng">323.146666666667</dst>
            <dst id="DNVRng">26.6666666666667</dst>
            <dst id="HSTNng">0</dst>
            <dst id="IPLSng">61.3333333333333</dst>
            <dst id="KSCYng">0</dst>
            <dst id="LOSAng">16</dst>
            <dst id="NYCMng">0</dst>
            <dst id="SNVAng">16</dst>
            <dst id="STTLng">470.56</dst>
            <dst id="WASHng">53.3333333333333</dst>
        </src>
        <src id="ATLAng">
            <dst id="ATLA-M5">190.274666666667</dst>
            <dst id="ATLAng">35336.928</dst>
            <dst id="CHINng">12424.168</dst>
            <dst id="DNVRng">2803.904</dst>
            <dst id="HSTNng">23129.9306666667</dst>
            <dst id="IPLSng">15028.8426666667</dst>
            <dst id="KSCYng">905.085333333333</dst>
            <dst id="LOSAng">9572.17333333333</dst>
            <dst id="NYCMng">968.018666666667</dst>
            <dst id="SNVAng">7040.62933333333</dst>
            <dst id="STTLng">2920.752</dst>
            <dst id="WASHng">33056.0213333333</dst>
        </src>
        <src id="CHINng">
            <dst id="ATLA-M5">362.581333333333</dst>
            <dst id="ATLAng">19715.7013333333</dst>
            <dst id="CHINng">102904.485333333</dst>
            <dst id="DNVRng">4565.184</dst>
            <dst id="HSTNng">5647.34133333333</dst>
            <dst id="IPLSng">16681.064</dst>
            <dst id="KSCYng">16932.6106666667</dst>
            <dst id="LOSAng">8285.44266666667</dst>
            <dst id="NYCMng">9491.48</dst>
            <dst id="SNVAng">31379.5573333333</dst>
            <dst id="STTLng">7095.55733333333</dst>
            <dst id="WASHng">10425.3706666667</dst>
        </src>
        <src id="DNVRng">
            <dst id="ATLA-M5">360.744</dst>
            <dst id="ATLAng">2856.60533333333</dst>
            <dst id="CHINng">50044.2986666667</dst>
            <dst id="DNVRng">16476.432</dst>
            <dst id="HSTNng">20793.5093333333</dst>
            <dst id="IPLSng">32069.064</dst>
            <dst id="KSCYng">27438.944</dst>
            <dst id="LOSAng">1726.024</dst>
            <dst id="NYCMng">16362.1706666667</dst>
            <dst id="SNVAng">22325.5946666667</dst>
            <dst id="STTLng">8094.024</dst>
            <dst id="WASHng">47218.5493333333</dst>
        </src>
        <src id="HSTNng">
            <dst id="ATLA-M5">115.936</dst>
            <dst id="ATLAng">19304.5733333333</dst>
            <dst id="CHINng">15627.4506666667</dst>
            <dst id="DNVRng">890.621333333333</dst>
            <dst id="HSTNng">16902.0266666667</dst>
            <dst id="IPLSng">913.357333333333</dst>
            <dst id="KSCYng">673.194666666667</dst>
            <dst id="LOSAng">1101.20533333333</dst>
            <dst id="NYCMng">4004.29066666667</dst>
            <dst id="SNVAng">0</dst>
            <dst id="STTLng">1940.61333333333</dst>
            <dst id="WASHng">1360.784</dst>
        </src>
        <src id="IPLSng">
            <dst id="ATLA-M5">2398.304</dst>
            <dst id="ATLAng">11033.52</dst>
            <dst id="CHINng">52283.2746666667</dst>
            <dst id="DNVRng">7826.70666666667</dst>
            <dst id="HSTNng">1057.13866666667</dst>
            <dst id="IPLSng">6088.53333333333</dst>
            <dst id="KSCYng">2404.69066666667</dst>
            <dst id="LOSAng">5122.18933333333</dst>
            <dst id="NYCMng">8002.68533333333</dst>
            <dst id="SNVAng">15590.864</dst>
            <dst id="STTLng">9660.21866666667</dst>
            <dst id="WASHng">6451.368</dst>
        </src>
        <src id="KSCYng">
            <dst id="ATLA-M5">53.3333333333333</dst>
            <dst id="ATLAng">2450.696</dst>
            <dst id="CHINng">12660.7466666667</dst>
            <dst id="DNVRng">4522.91466666667</dst>
            <dst id="HSTNng">3610.464</dst>
            <dst id="IPLSng">16809.9733333333</dst>
            <dst id="KSCYng">18242.6186666667</dst>
            <dst id="LOSAng">1864.17866666667</dst>
            <dst id="NYCMng">3945.94666666667</dst>
            <dst id="SNVAng">5095.67466666667</dst>
            <dst id="STTLng">1664.56</dst>
            <dst id="WASHng">5982.568</dst>
        </src>
        <src id="LOSAng">
            <dst id="ATLA-M5">0</dst>
            <dst id="ATLAng">10423.5653333333</dst>
            <dst id="CHINng">105087.162666667</dst>
            <dst id="DNVRng">5731.33066666667</dst>
            <dst id="HSTNng">2718.01333333333</dst>
            <dst id="IPLSng">9405.29333333333</dst>
            <dst id="KSCYng">1884.07733333333</dst>
            <dst id="LOSAng">31858.936</dst>
            <dst id="NYCMng">26160.4986666667</dst>
            <dst id="SNVAng">28203.608</dst>
            <dst id="STTLng">23636.1546666667</dst>
            <dst id="WASHng">77063.0026666667</dst>
        </src>
        <src id="NYCMng">
            <dst id="ATLA-M5">599.933333333333</dst>
            <dst id="ATLAng">9387.25333333333</dst>
            <dst id="CHINng">28067.2533333333</dst>
            <dst id="DNVRng">22221.6106666667</dst>
            <dst id="HSTNng">4681.24533333333</dst>
            <dst id="IPLSng">5599.68</dst>
            <dst id="KSCYng">4530.66133333333</dst>
            <dst id="LOSAng">9381.84</dst>
            <dst id="NYCMng">79544.5093333333</dst>
            <dst id="SNVAng">53838.0506666667</dst>
            <dst id="STTLng">21576.4666666667</dst>
            <dst id="WASHng">28331.3173333333</dst>
        </src>
        <src id="SNVAng">
            <dst id="ATLA-M5">0</dst>
            <dst id="ATLAng">26.6666666666667</dst>
            <dst id="CHINng">80</dst>
            <dst id="DNVRng">6814.064</dst>
            <dst id="HSTNng">0</dst>
            <dst id="IPLSng">263.178666666667</dst>
            <dst id="KSCYng">0</dst>
            <dst id="LOSAng">3563.832</dst>
            <dst id="NYCMng">26.6666666666667</dst>
            <dst id="SNVAng">34704.4506666667</dst>
            <dst id="STTLng">33711.4053333333</dst>
            <dst id="WASHng">26.6666666666667</dst>
        </src>
        <src id="STTLng">
            <dst id="ATLA-M5">0</dst>
            <dst id="ATLAng">5022.52266666667</dst>
            <dst id="CHINng">17088.344</dst>
            <dst id="DNVRng">4299.53333333333</dst>
            <dst id="HSTNng">1414.456</dst>
            <dst id="IPLSng">3576.544</dst>
            <dst id="KSCYng">579.933333333333</dst>
            <dst id="LOSAng">6265.81866666667</dst>
            <dst id="NYCMng">13105.4826666667</dst>
            <dst id="SNVAng">22559.4773333333</dst>
            <dst id="STTLng">2138.63733333333</dst>
            <dst id="WASHng">10821.7946666667</dst>
        </src>
        <src id="WASHng">
            <dst id="ATLA-M5">26.6666666666667</dst>
            <dst id="ATLAng">74155.5653333333</dst>
            <dst id="CHINng">101664.477333333</dst>
            <dst id="DNVRng">34614.1093333333</dst>
            <dst id="HSTNng">30692.4346666667</dst>
            <dst id="IPLSng">25928.7226666667</dst>
            <dst id="KSCYng">31395.4426666667</dst>
            <dst id="LOSAng">76644.92</dst>
            <dst id="NYCMng">123513.738666667</dst>
            <dst id="SNVAng">36738.9386666667</dst>
            <dst id="STTLng">30345.864</dst>
            <dst id="WASHng">313335.68</dst>
        </src>
    </IntraTM>
</TrafficMatrixFile>
