<?xml version="1.0" encoding="ISO-8859-1" standalone="yes"?>
<TrafficMatrixFile xsi:noNamespaceSchemaLocation="http://totem.run.montefiore.ulg.ac.be/Schema/TrafficMatrix-v1_2.xsd" xmlns:xsi="http://www.w3.org/2001/XMLSchema-instance">
    <IntraTM ASID="11537">
        <src id="ATLA-M5">
            <dst id="ATLA-M5">0</dst>
            <dst id="ATLAng">53.3333333333333</dst>
            <dst id="CHINng">93.1413333333333</dst>
            <dst id="DNVRng">953.354666666667</dst>
            <dst id="HSTNng">79.6453333333333</dst>
            <dst id="IPLSng">0</dst>
            <dst id="KSCYng">0</dst>
            <dst id="LOSAng">189.248</dst>
            <dst id="NYCMng">38.6133333333333</dst>
            <dst id="SNVAng">40.4213333333333</dst>
            <dst id="STTLng">59.984</dst>
            <dst id="WASHng">202.946666666667</dst>
        </src>
        <src id="ATLAng">
            <dst id="ATLA-M5">50.1893333333333</dst>
            <dst id="ATLAng">39286.7466666667</dst>
            <dst id="CHINng">10967.7013333333</dst>
            <dst id="DNVRng">3181.08</dst>
            <dst id="HSTNng">536.426666666667</dst>
            <dst id="IPLSng">23246.1226666667</dst>
            <dst id="KSCYng">1282.86133333333</dst>
            <dst id="LOSAng">9122.352</dst>
            <dst id="NYCMng">1741.89866666667</dst>
            <dst id="SNVAng">155.917333333333</dst>
            <dst id="STTLng">2883.65333333333</dst>
            <dst id="WASHng">30146.4213333333</dst>
        </src>
        <src id="CHINng">
            <dst id="ATLA-M5">0</dst>
            <dst id="ATLAng">6795.37866666667</dst>
            <dst id="CHINng">40866.4026666667</dst>
            <dst id="DNVRng">4064.808</dst>
            <dst id="HSTNng">9409.8</dst>
            <dst id="IPLSng">3229.92533333333</dst>
            <dst id="KSCYng">7789.97866666667</dst>
            <dst id="LOSAng">11159.2186666667</dst>
            <dst id="NYCMng">20178.976</dst>
            <dst id="SNVAng">419.962666666667</dst>
            <dst id="STTLng">7822.352</dst>
            <dst id="WASHng">21624.592</dst>
        </src>
        <src id="DNVRng">
            <dst id="ATLA-M5">104.586666666667</dst>
            <dst id="ATLAng">5745.248</dst>
            <dst id="CHINng">32855.624</dst>
            <dst id="DNVRng">11636.416</dst>
            <dst id="HSTNng">23884.2186666667</dst>
            <dst id="IPLSng">30037.6693333333</dst>
            <dst id="KSCYng">20300.0133333333</dst>
            <dst id="LOSAng">10309.7626666667</dst>
            <dst id="NYCMng">14126.304</dst>
            <dst id="SNVAng">7724.944</dst>
            <dst id="STTLng">7799.528</dst>
            <dst id="WASHng">49099.1546666667</dst>
        </src>
        <src id="HSTNng">
            <dst id="ATLA-M5">1863.592</dst>
            <dst id="ATLAng">1834.248</dst>
            <dst id="CHINng">4874.336</dst>
            <dst id="DNVRng">3913.96</dst>
            <dst id="HSTNng">17872.0453333333</dst>
            <dst id="IPLSng">1392.76533333333</dst>
            <dst id="KSCYng">1148.31466666667</dst>
            <dst id="LOSAng">6962.29066666667</dst>
            <dst id="NYCMng">2440.936</dst>
            <dst id="SNVAng">26.6666666666667</dst>
            <dst id="STTLng">706.944</dst>
            <dst id="WASHng">3630.544</dst>
        </src>
        <src id="IPLSng">
            <dst id="ATLA-M5">53.3333333333333</dst>
            <dst id="ATLAng">12969.5946666667</dst>
            <dst id="CHINng">27730.8986666667</dst>
            <dst id="DNVRng">8770.57066666667</dst>
            <dst id="HSTNng">709.245333333334</dst>
            <dst id="IPLSng">13259.2906666667</dst>
            <dst id="KSCYng">1694.39733333333</dst>
            <dst id="LOSAng">11157.7786666667</dst>
            <dst id="NYCMng">10787.8613333333</dst>
            <dst id="SNVAng">268.525333333333</dst>
            <dst id="STTLng">7729.86666666667</dst>
            <dst id="WASHng">10024.4106666667</dst>
        </src>
        <src id="KSCYng">
            <dst id="ATLA-M5">0</dst>
            <dst id="ATLAng">4858.616</dst>
            <dst id="CHINng">9353.272</dst>
            <dst id="DNVRng">5858.08266666667</dst>
            <dst id="HSTNng">5920.83466666667</dst>
            <dst id="IPLSng">12601.528</dst>
            <dst id="KSCYng">9063.06933333333</dst>
            <dst id="LOSAng">6199.55733333333</dst>
            <dst id="NYCMng">2091.81866666667</dst>
            <dst id="SNVAng">2424.93066666667</dst>
            <dst id="STTLng">1267.09066666667</dst>
            <dst id="WASHng">10690.0133333333</dst>
        </src>
        <src id="LOSAng">
            <dst id="ATLA-M5">87.6586666666667</dst>
            <dst id="ATLAng">20097.7973333333</dst>
            <dst id="CHINng">37179.0453333333</dst>
            <dst id="DNVRng">5235.59466666667</dst>
            <dst id="HSTNng">6421.44</dst>
            <dst id="IPLSng">14031.6053333333</dst>
            <dst id="KSCYng">4789.23466666667</dst>
            <dst id="LOSAng">15433.2106666667</dst>
            <dst id="NYCMng">23339.7173333333</dst>
            <dst id="SNVAng">24515.7013333333</dst>
            <dst id="STTLng">28785.0026666667</dst>
            <dst id="WASHng">81749.6746666667</dst>
        </src>
        <src id="NYCMng">
            <dst id="ATLA-M5">1466.70133333333</dst>
            <dst id="ATLAng">19591.096</dst>
            <dst id="CHINng">17801.1413333333</dst>
            <dst id="DNVRng">25334.552</dst>
            <dst id="HSTNng">16541.92</dst>
            <dst id="IPLSng">21777.3573333333</dst>
            <dst id="KSCYng">7098.41333333333</dst>
            <dst id="LOSAng">69713.6693333333</dst>
            <dst id="NYCMng">62898.552</dst>
            <dst id="SNVAng">1178.45066666667</dst>
            <dst id="STTLng">31386.5653333333</dst>
            <dst id="WASHng">34537.9786666667</dst>
        </src>
        <src id="SNVAng">
            <dst id="ATLA-M5">0</dst>
            <dst id="ATLAng">472.544</dst>
            <dst id="CHINng">0</dst>
            <dst id="DNVRng">2422.94933333333</dst>
            <dst id="HSTNng">0</dst>
            <dst id="IPLSng">173.578666666667</dst>
            <dst id="KSCYng">0</dst>
            <dst id="LOSAng">35163.2586666667</dst>
            <dst id="NYCMng">33.9786666666667</dst>
            <dst id="SNVAng">9247.38133333333</dst>
            <dst id="STTLng">37672.9626666667</dst>
            <dst id="WASHng">26.6666666666667</dst>
        </src>
        <src id="STTLng">
            <dst id="ATLA-M5">86.576</dst>
            <dst id="ATLAng">8608.544</dst>
            <dst id="CHINng">13484.944</dst>
            <dst id="DNVRng">4544.85866666667</dst>
            <dst id="HSTNng">551.338666666667</dst>
            <dst id="IPLSng">6712.35733333333</dst>
            <dst id="KSCYng">2088.57866666667</dst>
            <dst id="LOSAng">9849.22933333333</dst>
            <dst id="NYCMng">12612.472</dst>
            <dst id="SNVAng">15507.9706666667</dst>
            <dst id="STTLng">1599.88266666667</dst>
            <dst id="WASHng">4034.90666666667</dst>
        </src>
        <src id="WASHng">
            <dst id="ATLA-M5">1854.42133333333</dst>
            <dst id="ATLAng">112976.528</dst>
            <dst id="CHINng">75628.0106666667</dst>
            <dst id="DNVRng">44646.672</dst>
            <dst id="HSTNng">29310.792</dst>
            <dst id="IPLSng">54581.5626666667</dst>
            <dst id="KSCYng">28593.16</dst>
            <dst id="LOSAng">110434.845333333</dst>
            <dst id="NYCMng">137336.728</dst>
            <dst id="SNVAng">1107.16533333333</dst>
            <dst id="STTLng">22685.6453333333</dst>
            <dst id="WASHng">240798.290666667</dst>
        </src>
    </IntraTM>
</TrafficMatrixFile>
