<?xml version="1.0" encoding="ISO-8859-1" standalone="yes"?>
<TrafficMatrixFile xsi:noNamespaceSchemaLocation="http://totem.run.montefiore.ulg.ac.be/Schema/TrafficMatrix-v1_2.xsd" xmlns:xsi="http://www.w3.org/2001/XMLSchema-instance">
    <IntraTM ASID="11537">
        <src id="ATLA-M5">
            <dst id="ATLA-M5">0</dst>
            <dst id="ATLAng">0</dst>
            <dst id="CHINng">26.6666666666667</dst>
            <dst id="DNVRng">32.32</dst>
            <dst id="HSTNng">26.6666666666667</dst>
            <dst id="IPLSng">0</dst>
            <dst id="KSCYng">0</dst>
            <dst id="LOSAng">53.3333333333333</dst>
            <dst id="NYCMng">524.333333333333</dst>
            <dst id="SNVAng">40.6986666666667</dst>
            <dst id="STTLng">56.5173333333333</dst>
            <dst id="WASHng">225.416</dst>
        </src>
        <src id="ATLAng">
            <dst id="ATLA-M5">37.0773333333333</dst>
            <dst id="ATLAng">38698.16</dst>
            <dst id="CHINng">17072.6293333333</dst>
            <dst id="DNVRng">3055.76266666667</dst>
            <dst id="HSTNng">353.338666666667</dst>
            <dst id="IPLSng">29896.664</dst>
            <dst id="KSCYng">2355.44266666667</dst>
            <dst id="LOSAng">23007.908</dst>
            <dst id="NYCMng">2080.61866666667</dst>
            <dst id="SNVAng">59.9133333333333</dst>
            <dst id="STTLng">2637.952</dst>
            <dst id="WASHng">22063.2533333333</dst>
        </src>
        <src id="CHINng">
            <dst id="ATLA-M5">26.6666666666667</dst>
            <dst id="ATLAng">4804.98933333333</dst>
            <dst id="CHINng">51864.5093333333</dst>
            <dst id="DNVRng">2992.952</dst>
            <dst id="HSTNng">3369.552</dst>
            <dst id="IPLSng">2638.096</dst>
            <dst id="KSCYng">6539.296</dst>
            <dst id="LOSAng">9250.61066666667</dst>
            <dst id="NYCMng">18632.0346666667</dst>
            <dst id="SNVAng">129.861333333333</dst>
            <dst id="STTLng">6075.896</dst>
            <dst id="WASHng">11843.7573333333</dst>
        </src>
        <src id="DNVRng">
            <dst id="ATLA-M5">156.992</dst>
            <dst id="ATLAng">4465.68533333333</dst>
            <dst id="CHINng">31124.912</dst>
            <dst id="DNVRng">16909.8746666667</dst>
            <dst id="HSTNng">22680.4906666667</dst>
            <dst id="IPLSng">32166.9973333333</dst>
            <dst id="KSCYng">17690.768</dst>
            <dst id="LOSAng">8381.98933333333</dst>
            <dst id="NYCMng">15114.888</dst>
            <dst id="SNVAng">5857.912</dst>
            <dst id="STTLng">3944.79733333333</dst>
            <dst id="WASHng">47088.848</dst>
        </src>
        <src id="HSTNng">
            <dst id="ATLA-M5">1408.72266666667</dst>
            <dst id="ATLAng">1726.26133333333</dst>
            <dst id="CHINng">3748.21333333333</dst>
            <dst id="DNVRng">3609.67733333333</dst>
            <dst id="HSTNng">17105.9733333333</dst>
            <dst id="IPLSng">1340.55733333333</dst>
            <dst id="KSCYng">1081.592</dst>
            <dst id="LOSAng">5380.46133333333</dst>
            <dst id="NYCMng">2258.192</dst>
            <dst id="SNVAng">26.6666666666667</dst>
            <dst id="STTLng">401.152</dst>
            <dst id="WASHng">3200.312</dst>
        </src>
        <src id="IPLSng">
            <dst id="ATLA-M5">251.821333333333</dst>
            <dst id="ATLAng">17806.04</dst>
            <dst id="CHINng">22703.8666666667</dst>
            <dst id="DNVRng">9376.92</dst>
            <dst id="HSTNng">378.045333333333</dst>
            <dst id="IPLSng">2209.66666666667</dst>
            <dst id="KSCYng">2166.52</dst>
            <dst id="LOSAng">9846.00266666667</dst>
            <dst id="NYCMng">9143.4</dst>
            <dst id="SNVAng">327.344</dst>
            <dst id="STTLng">7327.12266666667</dst>
            <dst id="WASHng">10709.8</dst>
        </src>
        <src id="KSCYng">
            <dst id="ATLA-M5">0</dst>
            <dst id="ATLAng">4292.696</dst>
            <dst id="CHINng">8393.08533333333</dst>
            <dst id="DNVRng">4945.33866666667</dst>
            <dst id="HSTNng">6807.53866666667</dst>
            <dst id="IPLSng">11748.9013333333</dst>
            <dst id="KSCYng">9692.73066666667</dst>
            <dst id="LOSAng">5012.30666666667</dst>
            <dst id="NYCMng">950.354666666667</dst>
            <dst id="SNVAng">2615.03733333333</dst>
            <dst id="STTLng">1042.864</dst>
            <dst id="WASHng">9038.616</dst>
        </src>
        <src id="LOSAng">
            <dst id="ATLA-M5">73.936</dst>
            <dst id="ATLAng">17124.8666666667</dst>
            <dst id="CHINng">37200.8346666667</dst>
            <dst id="DNVRng">4619.48533333333</dst>
            <dst id="HSTNng">3244.17333333333</dst>
            <dst id="IPLSng">13097.2026666667</dst>
            <dst id="KSCYng">3600.93866666667</dst>
            <dst id="LOSAng">13304.8933333333</dst>
            <dst id="NYCMng">21834.24</dst>
            <dst id="SNVAng">28768.912</dst>
            <dst id="STTLng">28300.1466666667</dst>
            <dst id="WASHng">76649.36</dst>
        </src>
        <src id="NYCMng">
            <dst id="ATLA-M5">3826.36</dst>
            <dst id="ATLAng">17146.544</dst>
            <dst id="CHINng">16722.0106666667</dst>
            <dst id="DNVRng">27432.8453333333</dst>
            <dst id="HSTNng">13411.832</dst>
            <dst id="IPLSng">19504.1146666667</dst>
            <dst id="KSCYng">6350.944</dst>
            <dst id="LOSAng">61216.9493333333</dst>
            <dst id="NYCMng">70688.104</dst>
            <dst id="SNVAng">4223.82133333333</dst>
            <dst id="STTLng">26952.9866666667</dst>
            <dst id="WASHng">38867.0266666667</dst>
        </src>
        <src id="SNVAng">
            <dst id="ATLA-M5">0</dst>
            <dst id="ATLAng">662.810666666667</dst>
            <dst id="CHINng">0</dst>
            <dst id="DNVRng">334.92</dst>
            <dst id="HSTNng">44</dst>
            <dst id="IPLSng">117.765333333333</dst>
            <dst id="KSCYng">26.6666666666667</dst>
            <dst id="LOSAng">35008.2426666667</dst>
            <dst id="NYCMng">64.3306666666667</dst>
            <dst id="SNVAng">8244.77866666667</dst>
            <dst id="STTLng">36159.0853333333</dst>
            <dst id="WASHng">162.333333333333</dst>
        </src>
        <src id="STTLng">
            <dst id="ATLA-M5">83.7866666666667</dst>
            <dst id="ATLAng">9034.87733333333</dst>
            <dst id="CHINng">11379.0453333333</dst>
            <dst id="DNVRng">4497.63733333333</dst>
            <dst id="HSTNng">1090.656</dst>
            <dst id="IPLSng">5940.34133333333</dst>
            <dst id="KSCYng">1468.24533333333</dst>
            <dst id="LOSAng">12390.48</dst>
            <dst id="NYCMng">13016.8213333333</dst>
            <dst id="SNVAng">15872.3386666667</dst>
            <dst id="STTLng">1758.62133333333</dst>
            <dst id="WASHng">4593.6</dst>
        </src>
        <src id="WASHng">
            <dst id="ATLA-M5">463.394666666667</dst>
            <dst id="ATLAng">106935.362666667</dst>
            <dst id="CHINng">63784.1653333334</dst>
            <dst id="DNVRng">54414.5946666667</dst>
            <dst id="HSTNng">30664.1626666667</dst>
            <dst id="IPLSng">53427.088</dst>
            <dst id="KSCYng">24656.552</dst>
            <dst id="LOSAng">89368.1173333333</dst>
            <dst id="NYCMng">142284.229333333</dst>
            <dst id="SNVAng">1478.128</dst>
            <dst id="STTLng">21284.5306666667</dst>
            <dst id="WASHng">211333.533333333</dst>
        </src>
    </IntraTM>
</TrafficMatrixFile>
