<?xml version="1.0" encoding="ISO-8859-1" standalone="yes"?>
<TrafficMatrixFile xsi:noNamespaceSchemaLocation="http://totem.run.montefiore.ulg.ac.be/Schema/TrafficMatrix-v1_2.xsd" xmlns:xsi="http://www.w3.org/2001/XMLSchema-instance">
    <IntraTM ASID="11537">
        <src id="ATLA-M5">
            <dst id="ATLA-M5">0</dst>
            <dst id="ATLAng">0</dst>
            <dst id="CHINng">1023.68</dst>
            <dst id="DNVRng">0</dst>
            <dst id="HSTNng">102.624</dst>
            <dst id="IPLSng">26.6666666666667</dst>
            <dst id="KSCYng">0</dst>
            <dst id="LOSAng">53.3333333333333</dst>
            <dst id="NYCMng">109.194666666667</dst>
            <dst id="SNVAng">75.976</dst>
            <dst id="STTLng">130.2</dst>
            <dst id="WASHng">1649.26933333333</dst>
        </src>
        <src id="ATLAng">
            <dst id="ATLA-M5">79.9333333333333</dst>
            <dst id="ATLAng">8912.09333333333</dst>
            <dst id="CHINng">4221.888</dst>
            <dst id="DNVRng">6290.04</dst>
            <dst id="HSTNng">482.744</dst>
            <dst id="IPLSng">7587.504</dst>
            <dst id="KSCYng">430.413333333333</dst>
            <dst id="LOSAng">6335.51333333334</dst>
            <dst id="NYCMng">2183.648</dst>
            <dst id="SNVAng">88.7213333333333</dst>
            <dst id="STTLng">1603.58133333333</dst>
            <dst id="WASHng">25564.3466666667</dst>
        </src>
        <src id="CHINng">
            <dst id="ATLA-M5">126.237333333333</dst>
            <dst id="ATLAng">31811.6373333333</dst>
            <dst id="CHINng">72774.648</dst>
            <dst id="DNVRng">8402.98133333333</dst>
            <dst id="HSTNng">5456.51733333333</dst>
            <dst id="IPLSng">44534.2533333333</dst>
            <dst id="KSCYng">6996.288</dst>
            <dst id="LOSAng">27253.4906666667</dst>
            <dst id="NYCMng">20063.5386666667</dst>
            <dst id="SNVAng">497.376</dst>
            <dst id="STTLng">6545.66933333334</dst>
            <dst id="WASHng">13446.1626666667</dst>
        </src>
        <src id="DNVRng">
            <dst id="ATLA-M5">266.986666666667</dst>
            <dst id="ATLAng">4917.608</dst>
            <dst id="CHINng">47828.6053333333</dst>
            <dst id="DNVRng">8104.40533333333</dst>
            <dst id="HSTNng">21681.9626666667</dst>
            <dst id="IPLSng">27269.64</dst>
            <dst id="KSCYng">21417.112</dst>
            <dst id="LOSAng">2961.06133333333</dst>
            <dst id="NYCMng">12945.3306666667</dst>
            <dst id="SNVAng">6394.70666666667</dst>
            <dst id="STTLng">3725.36266666667</dst>
            <dst id="WASHng">35295.6933333333</dst>
        </src>
        <src id="HSTNng">
            <dst id="ATLA-M5">1628.94666666667</dst>
            <dst id="ATLAng">2541.69333333333</dst>
            <dst id="CHINng">10559.888</dst>
            <dst id="DNVRng">914.84</dst>
            <dst id="HSTNng">16169.2053333333</dst>
            <dst id="IPLSng">594.050666666667</dst>
            <dst id="KSCYng">2229.25866666667</dst>
            <dst id="LOSAng">12014.6906666667</dst>
            <dst id="NYCMng">5497.05333333333</dst>
            <dst id="SNVAng">80</dst>
            <dst id="STTLng">570.352</dst>
            <dst id="WASHng">11518.4373333333</dst>
        </src>
        <src id="IPLSng">
            <dst id="ATLA-M5">0</dst>
            <dst id="ATLAng">11399.8613333333</dst>
            <dst id="CHINng">35017.664</dst>
            <dst id="DNVRng">6928.85866666667</dst>
            <dst id="HSTNng">2645.78933333333</dst>
            <dst id="IPLSng">9620.352</dst>
            <dst id="KSCYng">1134.18133333333</dst>
            <dst id="LOSAng">9596.37066666667</dst>
            <dst id="NYCMng">13943.4266666667</dst>
            <dst id="SNVAng">179.914666666667</dst>
            <dst id="STTLng">4693.90133333333</dst>
            <dst id="WASHng">24434.848</dst>
        </src>
        <src id="KSCYng">
            <dst id="ATLA-M5">26.6666666666667</dst>
            <dst id="ATLAng">2923.216</dst>
            <dst id="CHINng">14019.4</dst>
            <dst id="DNVRng">4799.46933333333</dst>
            <dst id="HSTNng">5636.86666666667</dst>
            <dst id="IPLSng">12170.2613333333</dst>
            <dst id="KSCYng">7500.49333333333</dst>
            <dst id="LOSAng">3028.2</dst>
            <dst id="NYCMng">743.994666666667</dst>
            <dst id="SNVAng">1987.31733333333</dst>
            <dst id="STTLng">480.197333333333</dst>
            <dst id="WASHng">9040.688</dst>
        </src>
        <src id="LOSAng">
            <dst id="ATLA-M5">53.3333333333333</dst>
            <dst id="ATLAng">57609.2773333333</dst>
            <dst id="CHINng">44757.552</dst>
            <dst id="DNVRng">6350.384</dst>
            <dst id="HSTNng">4156.06133333333</dst>
            <dst id="IPLSng">14138.2533333333</dst>
            <dst id="KSCYng">3133.25866666667</dst>
            <dst id="LOSAng">10934.6613333333</dst>
            <dst id="NYCMng">22601.224</dst>
            <dst id="SNVAng">25471.9733333333</dst>
            <dst id="STTLng">22177.3813333333</dst>
            <dst id="WASHng">48448.6826666667</dst>
        </src>
        <src id="NYCMng">
            <dst id="ATLA-M5">1364.72266666667</dst>
            <dst id="ATLAng">18714.504</dst>
            <dst id="CHINng">13287.6506666667</dst>
            <dst id="DNVRng">22921.44</dst>
            <dst id="HSTNng">13282.8933333333</dst>
            <dst id="IPLSng">11010.9733333333</dst>
            <dst id="KSCYng">8948.10133333333</dst>
            <dst id="LOSAng">54521.0506666667</dst>
            <dst id="NYCMng">93640.9893333333</dst>
            <dst id="SNVAng">1689.49333333333</dst>
            <dst id="STTLng">18916.6133333333</dst>
            <dst id="WASHng">52690.768</dst>
        </src>
        <src id="SNVAng">
            <dst id="ATLA-M5">0</dst>
            <dst id="ATLAng">109.632</dst>
            <dst id="CHINng">208.661333333333</dst>
            <dst id="DNVRng">3421.576</dst>
            <dst id="HSTNng">26.6666666666667</dst>
            <dst id="IPLSng">928.186666666667</dst>
            <dst id="KSCYng">53.3333333333333</dst>
            <dst id="LOSAng">31832.0026666667</dst>
            <dst id="NYCMng">0</dst>
            <dst id="SNVAng">8108.33066666667</dst>
            <dst id="STTLng">38028.096</dst>
            <dst id="WASHng">89.3333333333333</dst>
        </src>
        <src id="STTLng">
            <dst id="ATLA-M5">91.7333333333333</dst>
            <dst id="ATLAng">6915.15733333333</dst>
            <dst id="CHINng">13014.848</dst>
            <dst id="DNVRng">2661.61333333333</dst>
            <dst id="HSTNng">551.026666666667</dst>
            <dst id="IPLSng">6826.80266666667</dst>
            <dst id="KSCYng">1524.99733333333</dst>
            <dst id="LOSAng">8313.78933333333</dst>
            <dst id="NYCMng">7963.856</dst>
            <dst id="SNVAng">8079.56</dst>
            <dst id="STTLng">904.493333333333</dst>
            <dst id="WASHng">8832.056</dst>
        </src>
        <src id="WASHng">
            <dst id="ATLA-M5">5920.064</dst>
            <dst id="ATLAng">81086.984</dst>
            <dst id="CHINng">56723.7866666667</dst>
            <dst id="DNVRng">56678.0346666667</dst>
            <dst id="HSTNng">19303.0933333333</dst>
            <dst id="IPLSng">61689.4106666667</dst>
            <dst id="KSCYng">27256.2533333333</dst>
            <dst id="LOSAng">92321.344</dst>
            <dst id="NYCMng">129965.658666667</dst>
            <dst id="SNVAng">1790.35466666667</dst>
            <dst id="STTLng">23162.552</dst>
            <dst id="WASHng">200490.845333333</dst>
        </src>
    </IntraTM>
</TrafficMatrixFile>
