<?xml version="1.0" encoding="ISO-8859-1" standalone="yes"?>
<TrafficMatrixFile xsi:noNamespaceSchemaLocation="http://totem.run.montefiore.ulg.ac.be/Schema/TrafficMatrix-v1_2.xsd" xmlns:xsi="http://www.w3.org/2001/XMLSchema-instance">
    <IntraTM ASID="11537">
        <src id="ATLA-M5">
            <dst id="ATLA-M5">26.6666666666667</dst>
            <dst id="ATLAng">57.3013333333333</dst>
            <dst id="CHINng">135.994666666667</dst>
            <dst id="DNVRng">0</dst>
            <dst id="HSTNng">44.2373333333333</dst>
            <dst id="IPLSng">28.48</dst>
            <dst id="KSCYng">0</dst>
            <dst id="LOSAng">13.3333333333333</dst>
            <dst id="NYCMng">405.906666666667</dst>
            <dst id="SNVAng">13.3333333333333</dst>
            <dst id="STTLng">0</dst>
            <dst id="WASHng">426.570666666667</dst>
        </src>
        <src id="ATLAng">
            <dst id="ATLA-M5">81.8</dst>
            <dst id="ATLAng">47378.136</dst>
            <dst id="CHINng">16947.496</dst>
            <dst id="DNVRng">3216.17333333333</dst>
            <dst id="HSTNng">15183.8533333333</dst>
            <dst id="IPLSng">14957.296</dst>
            <dst id="KSCYng">952.533333333333</dst>
            <dst id="LOSAng">8771.59733333333</dst>
            <dst id="NYCMng">9445.92</dst>
            <dst id="SNVAng">5543.00266666667</dst>
            <dst id="STTLng">2232.02933333333</dst>
            <dst id="WASHng">21857.2453333333</dst>
        </src>
        <src id="CHINng">
            <dst id="ATLA-M5">0</dst>
            <dst id="ATLAng">16155.5546666667</dst>
            <dst id="CHINng">66722.464</dst>
            <dst id="DNVRng">8365.712</dst>
            <dst id="HSTNng">10353.4853333333</dst>
            <dst id="IPLSng">33266.3946666667</dst>
            <dst id="KSCYng">16160.8773333333</dst>
            <dst id="LOSAng">3692.81066666667</dst>
            <dst id="NYCMng">7928.35733333333</dst>
            <dst id="SNVAng">22582.9573333333</dst>
            <dst id="STTLng">3416.50666666667</dst>
            <dst id="WASHng">20126.8453333333</dst>
        </src>
        <src id="DNVRng">
            <dst id="ATLA-M5">133.92</dst>
            <dst id="ATLAng">2634.86933333333</dst>
            <dst id="CHINng">33669.5413333333</dst>
            <dst id="DNVRng">2250.8</dst>
            <dst id="HSTNng">19719.6853333333</dst>
            <dst id="IPLSng">24517.224</dst>
            <dst id="KSCYng">9093.70133333333</dst>
            <dst id="LOSAng">506.941333333333</dst>
            <dst id="NYCMng">20899.352</dst>
            <dst id="SNVAng">25327.2293333333</dst>
            <dst id="STTLng">4047.98133333333</dst>
            <dst id="WASHng">32199.248</dst>
        </src>
        <src id="HSTNng">
            <dst id="ATLA-M5">834.650666666666</dst>
            <dst id="ATLAng">4221.44266666667</dst>
            <dst id="CHINng">10033.3653333333</dst>
            <dst id="DNVRng">2573.95733333333</dst>
            <dst id="HSTNng">16042.5226666667</dst>
            <dst id="IPLSng">1758.632</dst>
            <dst id="KSCYng">1027.46133333333</dst>
            <dst id="LOSAng">2558.84</dst>
            <dst id="NYCMng">2307.11733333333</dst>
            <dst id="SNVAng">26.6666666666667</dst>
            <dst id="STTLng">626.357333333333</dst>
            <dst id="WASHng">4998.408</dst>
        </src>
        <src id="IPLSng">
            <dst id="ATLA-M5">1899.544</dst>
            <dst id="ATLAng">3355.856</dst>
            <dst id="CHINng">51346.1493333333</dst>
            <dst id="DNVRng">5685.48</dst>
            <dst id="HSTNng">1248.976</dst>
            <dst id="IPLSng">67477.4506666667</dst>
            <dst id="KSCYng">1796.616</dst>
            <dst id="LOSAng">3015.52266666667</dst>
            <dst id="NYCMng">11494.192</dst>
            <dst id="SNVAng">7708.288</dst>
            <dst id="STTLng">5334.112</dst>
            <dst id="WASHng">33472.272</dst>
        </src>
        <src id="KSCYng">
            <dst id="ATLA-M5">0</dst>
            <dst id="ATLAng">2504.496</dst>
            <dst id="CHINng">13052.9173333333</dst>
            <dst id="DNVRng">4110.99466666667</dst>
            <dst id="HSTNng">4444.20533333333</dst>
            <dst id="IPLSng">11831.664</dst>
            <dst id="KSCYng">5415.90933333333</dst>
            <dst id="LOSAng">474.981333333333</dst>
            <dst id="NYCMng">2982.45333333333</dst>
            <dst id="SNVAng">7636.21333333333</dst>
            <dst id="STTLng">3494.11466666667</dst>
            <dst id="WASHng">6433.37866666667</dst>
        </src>
        <src id="LOSAng">
            <dst id="ATLA-M5">26.6666666666667</dst>
            <dst id="ATLAng">36097.32</dst>
            <dst id="CHINng">47402.064</dst>
            <dst id="DNVRng">6966.09066666667</dst>
            <dst id="HSTNng">4237.39466666667</dst>
            <dst id="IPLSng">24542.0773333333</dst>
            <dst id="KSCYng">2172.25866666667</dst>
            <dst id="LOSAng">14416.1733333333</dst>
            <dst id="NYCMng">53777.6293333333</dst>
            <dst id="SNVAng">23804.6746666667</dst>
            <dst id="STTLng">21816.3706666667</dst>
            <dst id="WASHng">81418.2773333333</dst>
        </src>
        <src id="NYCMng">
            <dst id="ATLA-M5">976.533333333333</dst>
            <dst id="ATLAng">14442.2533333333</dst>
            <dst id="CHINng">23237.176</dst>
            <dst id="DNVRng">24295.6693333333</dst>
            <dst id="HSTNng">15766.5893333333</dst>
            <dst id="IPLSng">20204.192</dst>
            <dst id="KSCYng">13973.7146666667</dst>
            <dst id="LOSAng">9099.22933333333</dst>
            <dst id="NYCMng">67336.3893333333</dst>
            <dst id="SNVAng">59116.3573333333</dst>
            <dst id="STTLng">27244.5706666667</dst>
            <dst id="WASHng">50662.8853333333</dst>
        </src>
        <src id="SNVAng">
            <dst id="ATLA-M5">0</dst>
            <dst id="ATLAng">0</dst>
            <dst id="CHINng">80</dst>
            <dst id="DNVRng">995.234666666667</dst>
            <dst id="HSTNng">0</dst>
            <dst id="IPLSng">141.274666666667</dst>
            <dst id="KSCYng">0</dst>
            <dst id="LOSAng">431.157333333333</dst>
            <dst id="NYCMng">26.6666666666667</dst>
            <dst id="SNVAng">35269.0853333333</dst>
            <dst id="STTLng">31720.224</dst>
            <dst id="WASHng">0</dst>
        </src>
        <src id="STTLng">
            <dst id="ATLA-M5">26.6666666666667</dst>
            <dst id="ATLAng">8217.09866666666</dst>
            <dst id="CHINng">11708.5573333333</dst>
            <dst id="DNVRng">2640.34933333333</dst>
            <dst id="HSTNng">4160.296</dst>
            <dst id="IPLSng">5180.568</dst>
            <dst id="KSCYng">1767.58133333333</dst>
            <dst id="LOSAng">3370.80533333333</dst>
            <dst id="NYCMng">17264.5493333333</dst>
            <dst id="SNVAng">19447.3493333333</dst>
            <dst id="STTLng">1119.34133333333</dst>
            <dst id="WASHng">4406.104</dst>
        </src>
        <src id="WASHng">
            <dst id="ATLA-M5">1806.26133333333</dst>
            <dst id="ATLAng">90945.4293333333</dst>
            <dst id="CHINng">59956.7493333333</dst>
            <dst id="DNVRng">23060.0266666667</dst>
            <dst id="HSTNng">24225.5013333333</dst>
            <dst id="IPLSng">33837.8533333333</dst>
            <dst id="KSCYng">31687.552</dst>
            <dst id="LOSAng">67915.8613333333</dst>
            <dst id="NYCMng">124034.973333333</dst>
            <dst id="SNVAng">35948.8106666667</dst>
            <dst id="STTLng">24773.936</dst>
            <dst id="WASHng">162429.594666667</dst>
        </src>
    </IntraTM>
</TrafficMatrixFile>
