<?xml version="1.0" encoding="ISO-8859-1" standalone="yes"?>
<TrafficMatrixFile xsi:noNamespaceSchemaLocation="http://totem.run.montefiore.ulg.ac.be/Schema/TrafficMatrix-v1_2.xsd" xmlns:xsi="http://www.w3.org/2001/XMLSchema-instance">
    <IntraTM ASID="11537">
        <src id="ATLA-M5">
            <dst id="ATLA-M5">0</dst>
            <dst id="ATLAng">80.3466666666667</dst>
            <dst id="CHINng">223.154666666667</dst>
            <dst id="DNVRng">0</dst>
            <dst id="HSTNng">31.7093333333333</dst>
            <dst id="IPLSng">0</dst>
            <dst id="KSCYng">0</dst>
            <dst id="LOSAng">82.2293333333333</dst>
            <dst id="NYCMng">53.3333333333333</dst>
            <dst id="SNVAng">0</dst>
            <dst id="STTLng">434.906666666667</dst>
            <dst id="WASHng">364.234666666667</dst>
        </src>
        <src id="ATLAng">
            <dst id="ATLA-M5">144.088</dst>
            <dst id="ATLAng">20651.0213333333</dst>
            <dst id="CHINng">9697.90933333333</dst>
            <dst id="DNVRng">3118.99466666667</dst>
            <dst id="HSTNng">28276.0773333333</dst>
            <dst id="IPLSng">9960.54133333333</dst>
            <dst id="KSCYng">4684.56</dst>
            <dst id="LOSAng">10327.0893333333</dst>
            <dst id="NYCMng">1235.656</dst>
            <dst id="SNVAng">9291.50533333333</dst>
            <dst id="STTLng">2731.19466666667</dst>
            <dst id="WASHng">24185.7333333333</dst>
        </src>
        <src id="CHINng">
            <dst id="ATLA-M5">122.074666666667</dst>
            <dst id="ATLAng">11301.4613333333</dst>
            <dst id="CHINng">159147.610666667</dst>
            <dst id="DNVRng">2978.424</dst>
            <dst id="HSTNng">6837.71466666667</dst>
            <dst id="IPLSng">27395.0266666667</dst>
            <dst id="KSCYng">7734.104</dst>
            <dst id="LOSAng">8347.90933333333</dst>
            <dst id="NYCMng">7868.06666666666</dst>
            <dst id="SNVAng">36094.6053333333</dst>
            <dst id="STTLng">6178.83466666667</dst>
            <dst id="WASHng">11060.4506666667</dst>
        </src>
        <src id="DNVRng">
            <dst id="ATLA-M5">94.5173333333334</dst>
            <dst id="ATLAng">3042.37333333333</dst>
            <dst id="CHINng">35084.4026666667</dst>
            <dst id="DNVRng">7938.31733333334</dst>
            <dst id="HSTNng">22282.2586666667</dst>
            <dst id="IPLSng">30718.808</dst>
            <dst id="KSCYng">14682.9253333333</dst>
            <dst id="LOSAng">5489.78133333333</dst>
            <dst id="NYCMng">16263.5973333333</dst>
            <dst id="SNVAng">19875.9626666667</dst>
            <dst id="STTLng">4011.95733333333</dst>
            <dst id="WASHng">42510.0746666667</dst>
        </src>
        <src id="HSTNng">
            <dst id="ATLA-M5">1234.62133333333</dst>
            <dst id="ATLAng">1650.42666666667</dst>
            <dst id="CHINng">12258.4346666667</dst>
            <dst id="DNVRng">839.514666666667</dst>
            <dst id="HSTNng">18019.872</dst>
            <dst id="IPLSng">721.258666666667</dst>
            <dst id="KSCYng">919.061333333333</dst>
            <dst id="LOSAng">5016.288</dst>
            <dst id="NYCMng">1105.03466666667</dst>
            <dst id="SNVAng">26.6666666666667</dst>
            <dst id="STTLng">857.498666666667</dst>
            <dst id="WASHng">2828.416</dst>
        </src>
        <src id="IPLSng">
            <dst id="ATLA-M5">0</dst>
            <dst id="ATLAng">4008.19466666667</dst>
            <dst id="CHINng">48050.504</dst>
            <dst id="DNVRng">7348.75466666667</dst>
            <dst id="HSTNng">617.224</dst>
            <dst id="IPLSng">2417.11733333333</dst>
            <dst id="KSCYng">3028.208</dst>
            <dst id="LOSAng">5302.216</dst>
            <dst id="NYCMng">5836.34666666667</dst>
            <dst id="SNVAng">9694.01866666667</dst>
            <dst id="STTLng">14219.2746666667</dst>
            <dst id="WASHng">10064.1813333333</dst>
        </src>
        <src id="KSCYng">
            <dst id="ATLA-M5">64.7733333333333</dst>
            <dst id="ATLAng">2834.272</dst>
            <dst id="CHINng">10658.072</dst>
            <dst id="DNVRng">4356.07733333333</dst>
            <dst id="HSTNng">3182.59733333333</dst>
            <dst id="IPLSng">10175.8586666667</dst>
            <dst id="KSCYng">6221.488</dst>
            <dst id="LOSAng">1479.70133333333</dst>
            <dst id="NYCMng">2026.09066666667</dst>
            <dst id="SNVAng">7565.14933333333</dst>
            <dst id="STTLng">750.037333333333</dst>
            <dst id="WASHng">6474.176</dst>
        </src>
        <src id="LOSAng">
            <dst id="ATLA-M5">26.6666666666667</dst>
            <dst id="ATLAng">8710.416</dst>
            <dst id="CHINng">64426.2266666667</dst>
            <dst id="DNVRng">9097.57066666667</dst>
            <dst id="HSTNng">1610.04</dst>
            <dst id="IPLSng">13503.384</dst>
            <dst id="KSCYng">2325.20266666667</dst>
            <dst id="LOSAng">23420.4773333333</dst>
            <dst id="NYCMng">29096.4533333333</dst>
            <dst id="SNVAng">24805.568</dst>
            <dst id="STTLng">34691.096</dst>
            <dst id="WASHng">76238.5466666667</dst>
        </src>
        <src id="NYCMng">
            <dst id="ATLA-M5">79.5706666666667</dst>
            <dst id="ATLAng">5158.32266666667</dst>
            <dst id="CHINng">21296.328</dst>
            <dst id="DNVRng">27632.416</dst>
            <dst id="HSTNng">3406.69333333333</dst>
            <dst id="IPLSng">18408.5626666667</dst>
            <dst id="KSCYng">5786.23466666667</dst>
            <dst id="LOSAng">6651.49333333333</dst>
            <dst id="NYCMng">64018.544</dst>
            <dst id="SNVAng">34139.3973333333</dst>
            <dst id="STTLng">24238.408</dst>
            <dst id="WASHng">54033.2853333333</dst>
        </src>
        <src id="SNVAng">
            <dst id="ATLA-M5">0</dst>
            <dst id="ATLAng">0</dst>
            <dst id="CHINng">80</dst>
            <dst id="DNVRng">7547.54933333333</dst>
            <dst id="HSTNng">0</dst>
            <dst id="IPLSng">204.890666666667</dst>
            <dst id="KSCYng">26.6666666666667</dst>
            <dst id="LOSAng">2191.56266666667</dst>
            <dst id="NYCMng">8254.89066666667</dst>
            <dst id="SNVAng">28329.448</dst>
            <dst id="STTLng">36479.9146666667</dst>
            <dst id="WASHng">0</dst>
        </src>
        <src id="STTLng">
            <dst id="ATLA-M5">44.3706666666667</dst>
            <dst id="ATLAng">4517.48533333333</dst>
            <dst id="CHINng">16749.7226666667</dst>
            <dst id="DNVRng">4147.63733333333</dst>
            <dst id="HSTNng">2417.408</dst>
            <dst id="IPLSng">12023.3546666667</dst>
            <dst id="KSCYng">1414.21866666667</dst>
            <dst id="LOSAng">7426.60266666667</dst>
            <dst id="NYCMng">12437.9973333333</dst>
            <dst id="SNVAng">32291.3333333333</dst>
            <dst id="STTLng">1261.048</dst>
            <dst id="WASHng">5268.61866666667</dst>
        </src>
        <src id="WASHng">
            <dst id="ATLA-M5">352</dst>
            <dst id="ATLAng">120442.010666667</dst>
            <dst id="CHINng">82002.072</dst>
            <dst id="DNVRng">20634.8053333333</dst>
            <dst id="HSTNng">19901.3173333333</dst>
            <dst id="IPLSng">28779.8373333333</dst>
            <dst id="KSCYng">32313.9946666667</dst>
            <dst id="LOSAng">68840.0986666666</dst>
            <dst id="NYCMng">110986.408</dst>
            <dst id="SNVAng">47191.424</dst>
            <dst id="STTLng">31559.824</dst>
            <dst id="WASHng">195265.181333333</dst>
        </src>
    </IntraTM>
</TrafficMatrixFile>
