<?xml version="1.0" encoding="ISO-8859-1" standalone="yes"?>
<TrafficMatrixFile xsi:noNamespaceSchemaLocation="http://totem.run.montefiore.ulg.ac.be/Schema/TrafficMatrix-v1_2.xsd" xmlns:xsi="http://www.w3.org/2001/XMLSchema-instance">
    <IntraTM ASID="11537">
        <src id="ATLA-M5">
            <dst id="ATLA-M5">0</dst>
            <dst id="ATLAng">0</dst>
            <dst id="CHINng">90.352</dst>
            <dst id="DNVRng">1088.81066666667</dst>
            <dst id="HSTNng">105.154666666667</dst>
            <dst id="IPLSng">26.6666666666667</dst>
            <dst id="KSCYng">0</dst>
            <dst id="LOSAng">0</dst>
            <dst id="NYCMng">26.6666666666667</dst>
            <dst id="SNVAng">0</dst>
            <dst id="STTLng">26.6666666666667</dst>
            <dst id="WASHng">641.554666666667</dst>
        </src>
        <src id="ATLAng">
            <dst id="ATLA-M5">94.8266666666667</dst>
            <dst id="ATLAng">24850.5973333333</dst>
            <dst id="CHINng">7497.93333333334</dst>
            <dst id="DNVRng">4210.62933333333</dst>
            <dst id="HSTNng">501.778666666667</dst>
            <dst id="IPLSng">19706.488</dst>
            <dst id="KSCYng">421.730666666667</dst>
            <dst id="LOSAng">4624.73866666667</dst>
            <dst id="NYCMng">2723.13866666667</dst>
            <dst id="SNVAng">4401.08266666667</dst>
            <dst id="STTLng">1701.62133333333</dst>
            <dst id="WASHng">39304.8373333333</dst>
        </src>
        <src id="CHINng">
            <dst id="ATLA-M5">507.797333333333</dst>
            <dst id="ATLAng">3822.672</dst>
            <dst id="CHINng">87820.6906666666</dst>
            <dst id="DNVRng">5769.73066666667</dst>
            <dst id="HSTNng">1996.15466666667</dst>
            <dst id="IPLSng">9325.592</dst>
            <dst id="KSCYng">16945.6773333333</dst>
            <dst id="LOSAng">8053.688</dst>
            <dst id="NYCMng">8368.168</dst>
            <dst id="SNVAng">11715.5733333333</dst>
            <dst id="STTLng">6895.54933333333</dst>
            <dst id="WASHng">10326.2586666667</dst>
        </src>
        <src id="DNVRng">
            <dst id="ATLA-M5">104.586666666667</dst>
            <dst id="ATLAng">3303.128</dst>
            <dst id="CHINng">61556.9013333333</dst>
            <dst id="DNVRng">2439.82133333333</dst>
            <dst id="HSTNng">24659.8506666667</dst>
            <dst id="IPLSng">20897.8133333333</dst>
            <dst id="KSCYng">9596.58933333333</dst>
            <dst id="LOSAng">241.778666666667</dst>
            <dst id="NYCMng">14703.36</dst>
            <dst id="SNVAng">15592.2826666667</dst>
            <dst id="STTLng">4253.712</dst>
            <dst id="WASHng">37650.0986666667</dst>
        </src>
        <src id="HSTNng">
            <dst id="ATLA-M5">4233.384</dst>
            <dst id="ATLAng">5435.00266666667</dst>
            <dst id="CHINng">12143.8853333333</dst>
            <dst id="DNVRng">719.829333333333</dst>
            <dst id="HSTNng">8560.35466666667</dst>
            <dst id="IPLSng">1433.31733333333</dst>
            <dst id="KSCYng">481.848</dst>
            <dst id="LOSAng">914.218666666667</dst>
            <dst id="NYCMng">1092.14666666667</dst>
            <dst id="SNVAng">0</dst>
            <dst id="STTLng">1050.26933333333</dst>
            <dst id="WASHng">1230.94933333333</dst>
        </src>
        <src id="IPLSng">
            <dst id="ATLA-M5">0</dst>
            <dst id="ATLAng">20655.5413333333</dst>
            <dst id="CHINng">52959.256</dst>
            <dst id="DNVRng">7007.84</dst>
            <dst id="HSTNng">406.378666666667</dst>
            <dst id="IPLSng">9099.42133333333</dst>
            <dst id="KSCYng">909.416</dst>
            <dst id="LOSAng">9040.056</dst>
            <dst id="NYCMng">15950.9013333333</dst>
            <dst id="SNVAng">10945.4506666667</dst>
            <dst id="STTLng">6430.408</dst>
            <dst id="WASHng">5813.26666666667</dst>
        </src>
        <src id="KSCYng">
            <dst id="ATLA-M5">0</dst>
            <dst id="ATLAng">2481.08533333333</dst>
            <dst id="CHINng">18823.1146666667</dst>
            <dst id="DNVRng">4365.02666666667</dst>
            <dst id="HSTNng">2398.952</dst>
            <dst id="IPLSng">9786</dst>
            <dst id="KSCYng">5664.58666666667</dst>
            <dst id="LOSAng">1531.92533333333</dst>
            <dst id="NYCMng">3039.81333333333</dst>
            <dst id="SNVAng">3550.232</dst>
            <dst id="STTLng">673.725333333333</dst>
            <dst id="WASHng">6008.78933333333</dst>
        </src>
        <src id="LOSAng">
            <dst id="ATLA-M5">26.6666666666667</dst>
            <dst id="ATLAng">4575.99466666667</dst>
            <dst id="CHINng">91873.7333333333</dst>
            <dst id="DNVRng">4525.74666666667</dst>
            <dst id="HSTNng">1209.00533333333</dst>
            <dst id="IPLSng">7197.872</dst>
            <dst id="KSCYng">1132.22666666667</dst>
            <dst id="LOSAng">16769.4933333333</dst>
            <dst id="NYCMng">22082.2746666667</dst>
            <dst id="SNVAng">7156.84</dst>
            <dst id="STTLng">18893.6266666667</dst>
            <dst id="WASHng">74726.9946666667</dst>
        </src>
        <src id="NYCMng">
            <dst id="ATLA-M5">2144.70133333333</dst>
            <dst id="ATLAng">13085.9973333333</dst>
            <dst id="CHINng">28913.4506666667</dst>
            <dst id="DNVRng">25165.888</dst>
            <dst id="HSTNng">1222.06133333333</dst>
            <dst id="IPLSng">11137.7573333333</dst>
            <dst id="KSCYng">3419.49866666667</dst>
            <dst id="LOSAng">7604.992</dst>
            <dst id="NYCMng">98796.4426666667</dst>
            <dst id="SNVAng">43519.9333333333</dst>
            <dst id="STTLng">21723.3173333333</dst>
            <dst id="WASHng">27494.0933333333</dst>
        </src>
        <src id="SNVAng">
            <dst id="ATLA-M5">0</dst>
            <dst id="ATLAng">213.384</dst>
            <dst id="CHINng">53.3333333333333</dst>
            <dst id="DNVRng">274.8</dst>
            <dst id="HSTNng">0</dst>
            <dst id="IPLSng">1095.888</dst>
            <dst id="KSCYng">26.6666666666667</dst>
            <dst id="LOSAng">633.336</dst>
            <dst id="NYCMng">26.6666666666667</dst>
            <dst id="SNVAng">21645.768</dst>
            <dst id="STTLng">20710.096</dst>
            <dst id="WASHng">167.282666666667</dst>
        </src>
        <src id="STTLng">
            <dst id="ATLA-M5">26.6666666666667</dst>
            <dst id="ATLAng">5896.03733333333</dst>
            <dst id="CHINng">23117.6426666667</dst>
            <dst id="DNVRng">2961.888</dst>
            <dst id="HSTNng">1997.216</dst>
            <dst id="IPLSng">6635.16266666667</dst>
            <dst id="KSCYng">704.274666666667</dst>
            <dst id="LOSAng">1852.33066666667</dst>
            <dst id="NYCMng">10662.1546666667</dst>
            <dst id="SNVAng">236561.736</dst>
            <dst id="STTLng">986.442666666667</dst>
            <dst id="WASHng">10511.704</dst>
        </src>
        <src id="WASHng">
            <dst id="ATLA-M5">162.869333333333</dst>
            <dst id="ATLAng">103381.474666667</dst>
            <dst id="CHINng">66916.36</dst>
            <dst id="DNVRng">24119.1493333333</dst>
            <dst id="HSTNng">11614.4053333333</dst>
            <dst id="IPLSng">15325.1173333333</dst>
            <dst id="KSCYng">28994.2053333333</dst>
            <dst id="LOSAng">67203.768</dst>
            <dst id="NYCMng">91053.912</dst>
            <dst id="SNVAng">103493.296</dst>
            <dst id="STTLng">25518.4133333333</dst>
            <dst id="WASHng">282399.066666667</dst>
        </src>
    </IntraTM>
</TrafficMatrixFile>
