<?xml version="1.0" encoding="ISO-8859-1" standalone="yes"?>
<TrafficMatrixFile xsi:noNamespaceSchemaLocation="http://totem.run.montefiore.ulg.ac.be/Schema/TrafficMatrix-v1_2.xsd" xmlns:xsi="http://www.w3.org/2001/XMLSchema-instance">
    <IntraTM ASID="11537">
        <src id="ATLA-M5">
            <dst id="ATLA-M5">0</dst>
            <dst id="ATLAng">0</dst>
            <dst id="CHINng">53.3333333333333</dst>
            <dst id="DNVRng">1134.86933333333</dst>
            <dst id="HSTNng">64.1066666666667</dst>
            <dst id="IPLSng">0</dst>
            <dst id="KSCYng">0</dst>
            <dst id="LOSAng">40</dst>
            <dst id="NYCMng">80</dst>
            <dst id="SNVAng">40</dst>
            <dst id="STTLng">62.5013333333333</dst>
            <dst id="WASHng">135.112</dst>
        </src>
        <src id="ATLAng">
            <dst id="ATLA-M5">68.28</dst>
            <dst id="ATLAng">25422.9066666667</dst>
            <dst id="CHINng">5086.30666666667</dst>
            <dst id="DNVRng">2691.05333333333</dst>
            <dst id="HSTNng">303.405333333333</dst>
            <dst id="IPLSng">11017.2426666667</dst>
            <dst id="KSCYng">308.757333333333</dst>
            <dst id="LOSAng">8968.60266666667</dst>
            <dst id="NYCMng">2010.40533333333</dst>
            <dst id="SNVAng">0</dst>
            <dst id="STTLng">2955.25866666667</dst>
            <dst id="WASHng">27968.4906666667</dst>
        </src>
        <src id="CHINng">
            <dst id="ATLA-M5">433.448</dst>
            <dst id="ATLAng">5216.87733333333</dst>
            <dst id="CHINng">28938.3013333333</dst>
            <dst id="DNVRng">5283.66666666667</dst>
            <dst id="HSTNng">37851.8746666667</dst>
            <dst id="IPLSng">13576.8346666667</dst>
            <dst id="KSCYng">4615.30933333333</dst>
            <dst id="LOSAng">29264.4133333333</dst>
            <dst id="NYCMng">21170.736</dst>
            <dst id="SNVAng">746.370666666667</dst>
            <dst id="STTLng">9886.16533333334</dst>
            <dst id="WASHng">12475.288</dst>
        </src>
        <src id="DNVRng">
            <dst id="ATLA-M5">111.082666666667</dst>
            <dst id="ATLAng">2374.00533333333</dst>
            <dst id="CHINng">43657.448</dst>
            <dst id="DNVRng">9524.15466666667</dst>
            <dst id="HSTNng">23323.9573333333</dst>
            <dst id="IPLSng">29531.1226666667</dst>
            <dst id="KSCYng">16015.3946666667</dst>
            <dst id="LOSAng">3427.488</dst>
            <dst id="NYCMng">14962.7493333333</dst>
            <dst id="SNVAng">7172.92</dst>
            <dst id="STTLng">4327.896</dst>
            <dst id="WASHng">50882.016</dst>
        </src>
        <src id="HSTNng">
            <dst id="ATLA-M5">1766.496</dst>
            <dst id="ATLAng">941.864</dst>
            <dst id="CHINng">5977.53866666666</dst>
            <dst id="DNVRng">907.656</dst>
            <dst id="HSTNng">18656.7013333333</dst>
            <dst id="IPLSng">1285.13066666667</dst>
            <dst id="KSCYng">1041.62666666667</dst>
            <dst id="LOSAng">5541.65066666667</dst>
            <dst id="NYCMng">2671.328</dst>
            <dst id="SNVAng">0</dst>
            <dst id="STTLng">735.245333333333</dst>
            <dst id="WASHng">10395.496</dst>
        </src>
        <src id="IPLSng">
            <dst id="ATLA-M5">201.768</dst>
            <dst id="ATLAng">13687.4053333333</dst>
            <dst id="CHINng">32568.728</dst>
            <dst id="DNVRng">7617.86133333333</dst>
            <dst id="HSTNng">669.026666666667</dst>
            <dst id="IPLSng">4781.37066666667</dst>
            <dst id="KSCYng">3199.16</dst>
            <dst id="LOSAng">11997.2</dst>
            <dst id="NYCMng">14870.3173333333</dst>
            <dst id="SNVAng">379.186666666667</dst>
            <dst id="STTLng">5908.81333333333</dst>
            <dst id="WASHng">6947.50666666667</dst>
        </src>
        <src id="KSCYng">
            <dst id="ATLA-M5">0</dst>
            <dst id="ATLAng">2551.992</dst>
            <dst id="CHINng">7830.85866666667</dst>
            <dst id="DNVRng">6331.976</dst>
            <dst id="HSTNng">5728.74666666667</dst>
            <dst id="IPLSng">11640.5493333333</dst>
            <dst id="KSCYng">9035.62133333333</dst>
            <dst id="LOSAng">5582.42933333333</dst>
            <dst id="NYCMng">1424.09066666667</dst>
            <dst id="SNVAng">9500.49333333334</dst>
            <dst id="STTLng">1300.936</dst>
            <dst id="WASHng">19516.3973333333</dst>
        </src>
        <src id="LOSAng">
            <dst id="ATLA-M5">69.8</dst>
            <dst id="ATLAng">11453.92</dst>
            <dst id="CHINng">38503.3093333333</dst>
            <dst id="DNVRng">9508.70933333333</dst>
            <dst id="HSTNng">2812.704</dst>
            <dst id="IPLSng">11952.1226666667</dst>
            <dst id="KSCYng">5761.17333333333</dst>
            <dst id="LOSAng">16887.7973333333</dst>
            <dst id="NYCMng">18574.7333333333</dst>
            <dst id="SNVAng">24765.352</dst>
            <dst id="STTLng">29068.976</dst>
            <dst id="WASHng">132960.248</dst>
        </src>
        <src id="NYCMng">
            <dst id="ATLA-M5">1940.72266666667</dst>
            <dst id="ATLAng">7301.13333333333</dst>
            <dst id="CHINng">21354.2346666667</dst>
            <dst id="DNVRng">25414.9706666667</dst>
            <dst id="HSTNng">6854.70133333333</dst>
            <dst id="IPLSng">10251.0986666667</dst>
            <dst id="KSCYng">7893.28</dst>
            <dst id="LOSAng">51762.216</dst>
            <dst id="NYCMng">48585.5093333333</dst>
            <dst id="SNVAng">581.050666666667</dst>
            <dst id="STTLng">18237.5093333333</dst>
            <dst id="WASHng">25636.56</dst>
        </src>
        <src id="SNVAng">
            <dst id="ATLA-M5">0</dst>
            <dst id="ATLAng">103.392</dst>
            <dst id="CHINng">26.6666666666667</dst>
            <dst id="DNVRng">2753.144</dst>
            <dst id="HSTNng">0</dst>
            <dst id="IPLSng">298.085333333333</dst>
            <dst id="KSCYng">0</dst>
            <dst id="LOSAng">35206.576</dst>
            <dst id="NYCMng">26.6666666666667</dst>
            <dst id="SNVAng">8315.91733333333</dst>
            <dst id="STTLng">34506.152</dst>
            <dst id="WASHng">53.3333333333333</dst>
        </src>
        <src id="STTLng">
            <dst id="ATLA-M5">72.3893333333333</dst>
            <dst id="ATLAng">5683.69866666667</dst>
            <dst id="CHINng">7043.928</dst>
            <dst id="DNVRng">2166.12</dst>
            <dst id="HSTNng">487.296</dst>
            <dst id="IPLSng">6328.05866666667</dst>
            <dst id="KSCYng">1215.696</dst>
            <dst id="LOSAng">11662.5546666667</dst>
            <dst id="NYCMng">13226.8</dst>
            <dst id="SNVAng">8882.392</dst>
            <dst id="STTLng">921.144</dst>
            <dst id="WASHng">5014.424</dst>
        </src>
        <src id="WASHng">
            <dst id="ATLA-M5">416.248</dst>
            <dst id="ATLAng">88923.768</dst>
            <dst id="CHINng">59003.9093333333</dst>
            <dst id="DNVRng">55856.9386666667</dst>
            <dst id="HSTNng">33806.416</dst>
            <dst id="IPLSng">53335.0026666667</dst>
            <dst id="KSCYng">40633.752</dst>
            <dst id="LOSAng">104599.048</dst>
            <dst id="NYCMng">163162.152</dst>
            <dst id="SNVAng">719.909333333333</dst>
            <dst id="STTLng">47805.8773333333</dst>
            <dst id="WASHng">206575.92</dst>
        </src>
    </IntraTM>
</TrafficMatrixFile>
