<?xml version="1.0" encoding="ISO-8859-1" standalone="yes"?>
<TrafficMatrixFile xsi:noNamespaceSchemaLocation="http://totem.run.montefiore.ulg.ac.be/Schema/TrafficMatrix-v1_2.xsd" xmlns:xsi="http://www.w3.org/2001/XMLSchema-instance">
    <IntraTM ASID="11537">
        <src id="ATLA-M5">
            <dst id="ATLA-M5">0</dst>
            <dst id="ATLAng">0</dst>
            <dst id="CHINng">114.488</dst>
            <dst id="DNVRng">0</dst>
            <dst id="HSTNng">53.752</dst>
            <dst id="IPLSng">0</dst>
            <dst id="KSCYng">0</dst>
            <dst id="LOSAng">45.3333333333333</dst>
            <dst id="NYCMng">87.36</dst>
            <dst id="SNVAng">13.3333333333333</dst>
            <dst id="STTLng">75.84</dst>
            <dst id="WASHng">0</dst>
        </src>
        <src id="ATLAng">
            <dst id="ATLA-M5">26.6666666666667</dst>
            <dst id="ATLAng">26583.1253333333</dst>
            <dst id="CHINng">4186.93333333333</dst>
            <dst id="DNVRng">3356.59733333333</dst>
            <dst id="HSTNng">754.162666666667</dst>
            <dst id="IPLSng">15732.024</dst>
            <dst id="KSCYng">221.466666666667</dst>
            <dst id="LOSAng">10577.228</dst>
            <dst id="NYCMng">5872.05866666667</dst>
            <dst id="SNVAng">96.316</dst>
            <dst id="STTLng">4203.62666666667</dst>
            <dst id="WASHng">22091.632</dst>
        </src>
        <src id="CHINng">
            <dst id="ATLA-M5">26.6666666666667</dst>
            <dst id="ATLAng">4680.41066666667</dst>
            <dst id="CHINng">37779.8026666667</dst>
            <dst id="DNVRng">5675.61066666666</dst>
            <dst id="HSTNng">5656.36533333333</dst>
            <dst id="IPLSng">17752.064</dst>
            <dst id="KSCYng">11805.7893333333</dst>
            <dst id="LOSAng">31886.8293333333</dst>
            <dst id="NYCMng">22932.9146666667</dst>
            <dst id="SNVAng">9912.66666666667</dst>
            <dst id="STTLng">5281.992</dst>
            <dst id="WASHng">8870.75466666667</dst>
        </src>
        <src id="DNVRng">
            <dst id="ATLA-M5">161.76</dst>
            <dst id="ATLAng">9280.352</dst>
            <dst id="CHINng">32441.5306666667</dst>
            <dst id="DNVRng">7473.4</dst>
            <dst id="HSTNng">17282.76</dst>
            <dst id="IPLSng">29728.3733333333</dst>
            <dst id="KSCYng">17649.84</dst>
            <dst id="LOSAng">5020.736</dst>
            <dst id="NYCMng">11378.1893333333</dst>
            <dst id="SNVAng">6244.632</dst>
            <dst id="STTLng">3660.07733333333</dst>
            <dst id="WASHng">48581.7013333333</dst>
        </src>
        <src id="HSTNng">
            <dst id="ATLA-M5">1655.86933333333</dst>
            <dst id="ATLAng">1336.248</dst>
            <dst id="CHINng">4511.69066666667</dst>
            <dst id="DNVRng">576.986666666667</dst>
            <dst id="HSTNng">19985.8933333333</dst>
            <dst id="IPLSng">3101.75733333333</dst>
            <dst id="KSCYng">11444.4666666667</dst>
            <dst id="LOSAng">1702.32</dst>
            <dst id="NYCMng">1389.008</dst>
            <dst id="SNVAng">53.3333333333333</dst>
            <dst id="STTLng">358.605333333333</dst>
            <dst id="WASHng">1692.15733333333</dst>
        </src>
        <src id="IPLSng">
            <dst id="ATLA-M5">26.6666666666667</dst>
            <dst id="ATLAng">16042.1386666667</dst>
            <dst id="CHINng">31272.9893333333</dst>
            <dst id="DNVRng">18016.7493333333</dst>
            <dst id="HSTNng">3066.02133333333</dst>
            <dst id="IPLSng">25225.7706666667</dst>
            <dst id="KSCYng">3348.34666666667</dst>
            <dst id="LOSAng">12168.1973333333</dst>
            <dst id="NYCMng">8654.55733333333</dst>
            <dst id="SNVAng">224.061333333333</dst>
            <dst id="STTLng">7944.41066666666</dst>
            <dst id="WASHng">8392.816</dst>
        </src>
        <src id="KSCYng">
            <dst id="ATLA-M5">0</dst>
            <dst id="ATLAng">3734.13066666667</dst>
            <dst id="CHINng">6247.32533333333</dst>
            <dst id="DNVRng">4450.83466666667</dst>
            <dst id="HSTNng">11938.08</dst>
            <dst id="IPLSng">11211.96</dst>
            <dst id="KSCYng">6481.96266666667</dst>
            <dst id="LOSAng">3855.42666666667</dst>
            <dst id="NYCMng">1128.49866666667</dst>
            <dst id="SNVAng">2170.37866666667</dst>
            <dst id="STTLng">7389.936</dst>
            <dst id="WASHng">9132.19733333333</dst>
        </src>
        <src id="LOSAng">
            <dst id="ATLA-M5">40.4746666666667</dst>
            <dst id="ATLAng">36088.4746666667</dst>
            <dst id="CHINng">42262.1493333333</dst>
            <dst id="DNVRng">6745.67466666667</dst>
            <dst id="HSTNng">3732.976</dst>
            <dst id="IPLSng">9166.76266666667</dst>
            <dst id="KSCYng">3174.95466666667</dst>
            <dst id="LOSAng">12199.0106666667</dst>
            <dst id="NYCMng">20610.5546666667</dst>
            <dst id="SNVAng">21050.176</dst>
            <dst id="STTLng">20713.344</dst>
            <dst id="WASHng">84918.5146666667</dst>
        </src>
        <src id="NYCMng">
            <dst id="ATLA-M5">185.962666666667</dst>
            <dst id="ATLAng">6590.76266666667</dst>
            <dst id="CHINng">17806.1653333333</dst>
            <dst id="DNVRng">21140.3333333333</dst>
            <dst id="HSTNng">3044.30133333333</dst>
            <dst id="IPLSng">8159.35733333333</dst>
            <dst id="KSCYng">4729.77866666667</dst>
            <dst id="LOSAng">41527.5813333333</dst>
            <dst id="NYCMng">51303.2373333333</dst>
            <dst id="SNVAng">4288.69866666667</dst>
            <dst id="STTLng">13694.3253333333</dst>
            <dst id="WASHng">45469.0346666667</dst>
        </src>
        <src id="SNVAng">
            <dst id="ATLA-M5">0</dst>
            <dst id="ATLAng">53.3333333333333</dst>
            <dst id="CHINng">0</dst>
            <dst id="DNVRng">1438.64</dst>
            <dst id="HSTNng">0</dst>
            <dst id="IPLSng">131.994666666667</dst>
            <dst id="KSCYng">0</dst>
            <dst id="LOSAng">29634.9626666667</dst>
            <dst id="NYCMng">8366.80533333333</dst>
            <dst id="SNVAng">7629.44266666667</dst>
            <dst id="STTLng">32814.248</dst>
            <dst id="WASHng">80</dst>
        </src>
        <src id="STTLng">
            <dst id="ATLA-M5">109.776</dst>
            <dst id="ATLAng">6156.62666666667</dst>
            <dst id="CHINng">8482.664</dst>
            <dst id="DNVRng">1406.30133333333</dst>
            <dst id="HSTNng">559.018666666667</dst>
            <dst id="IPLSng">6679.96533333333</dst>
            <dst id="KSCYng">1335.992</dst>
            <dst id="LOSAng">8609.33866666667</dst>
            <dst id="NYCMng">8169.14133333333</dst>
            <dst id="SNVAng">7924.024</dst>
            <dst id="STTLng">899.314666666667</dst>
            <dst id="WASHng">3640.48266666667</dst>
        </src>
        <src id="WASHng">
            <dst id="ATLA-M5">359.869333333333</dst>
            <dst id="ATLAng">100616.258666667</dst>
            <dst id="CHINng">58331.672</dst>
            <dst id="DNVRng">44267.6266666667</dst>
            <dst id="HSTNng">37257.7626666667</dst>
            <dst id="IPLSng">54383.6853333333</dst>
            <dst id="KSCYng">27471.528</dst>
            <dst id="LOSAng">109484.978666667</dst>
            <dst id="NYCMng">124468.208</dst>
            <dst id="SNVAng">4761.98933333333</dst>
            <dst id="STTLng">15858.1493333333</dst>
            <dst id="WASHng">288263.333333333</dst>
        </src>
    </IntraTM>
</TrafficMatrixFile>
