<?xml version="1.0" encoding="ISO-8859-1" standalone="yes"?>
<TrafficMatrixFile xsi:noNamespaceSchemaLocation="http://totem.run.montefiore.ulg.ac.be/Schema/TrafficMatrix-v1_2.xsd" xmlns:xsi="http://www.w3.org/2001/XMLSchema-instance">
    <IntraTM ASID="11537">
        <src id="ATLA-M5">
            <dst id="ATLA-M5">144.629333333333</dst>
            <dst id="ATLAng">53.3333333333333</dst>
            <dst id="CHINng">113.592</dst>
            <dst id="DNVRng">0</dst>
            <dst id="HSTNng">53.3333333333333</dst>
            <dst id="IPLSng">0</dst>
            <dst id="KSCYng">0</dst>
            <dst id="LOSAng">66.6666666666667</dst>
            <dst id="NYCMng">106.576</dst>
            <dst id="SNVAng">13.3333333333333</dst>
            <dst id="STTLng">64.1706666666667</dst>
            <dst id="WASHng">53.3333333333333</dst>
        </src>
        <src id="ATLAng">
            <dst id="ATLA-M5">0</dst>
            <dst id="ATLAng">49637.7626666667</dst>
            <dst id="CHINng">3523.44266666667</dst>
            <dst id="DNVRng">3696.77866666667</dst>
            <dst id="HSTNng">368.522666666667</dst>
            <dst id="IPLSng">14828.7093333333</dst>
            <dst id="KSCYng">277.117333333333</dst>
            <dst id="LOSAng">11632.5213333333</dst>
            <dst id="NYCMng">5633.93333333333</dst>
            <dst id="SNVAng">999.502666666667</dst>
            <dst id="STTLng">5547.968</dst>
            <dst id="WASHng">27168.2453333333</dst>
        </src>
        <src id="CHINng">
            <dst id="ATLA-M5">0</dst>
            <dst id="ATLAng">5469.152</dst>
            <dst id="CHINng">62209.36</dst>
            <dst id="DNVRng">9433.89066666667</dst>
            <dst id="HSTNng">12749.8666666667</dst>
            <dst id="IPLSng">21152.0186666667</dst>
            <dst id="KSCYng">4965.33333333333</dst>
            <dst id="LOSAng">33293.1066666667</dst>
            <dst id="NYCMng">23562.136</dst>
            <dst id="SNVAng">5288.53333333333</dst>
            <dst id="STTLng">3336.49333333333</dst>
            <dst id="WASHng">31939.8906666667</dst>
        </src>
        <src id="DNVRng">
            <dst id="ATLA-M5">129.002666666667</dst>
            <dst id="ATLAng">11174.8506666667</dst>
            <dst id="CHINng">41207.5306666667</dst>
            <dst id="DNVRng">9670.19466666666</dst>
            <dst id="HSTNng">23210.1813333333</dst>
            <dst id="IPLSng">30749.4533333333</dst>
            <dst id="KSCYng">16302.112</dst>
            <dst id="LOSAng">5744.78133333333</dst>
            <dst id="NYCMng">11287.0293333333</dst>
            <dst id="SNVAng">5415.31466666667</dst>
            <dst id="STTLng">5738.90666666667</dst>
            <dst id="WASHng">48470.1386666667</dst>
        </src>
        <src id="HSTNng">
            <dst id="ATLA-M5">616.533333333333</dst>
            <dst id="ATLAng">1911.448</dst>
            <dst id="CHINng">5870.904</dst>
            <dst id="DNVRng">1563.98133333333</dst>
            <dst id="HSTNng">18490.5066666667</dst>
            <dst id="IPLSng">2985.35733333333</dst>
            <dst id="KSCYng">1099.86933333333</dst>
            <dst id="LOSAng">1183.328</dst>
            <dst id="NYCMng">2012.488</dst>
            <dst id="SNVAng">470.666666666667</dst>
            <dst id="STTLng">438.408</dst>
            <dst id="WASHng">2735.61066666667</dst>
        </src>
        <src id="IPLSng">
            <dst id="ATLA-M5">0</dst>
            <dst id="ATLAng">14387.2773333333</dst>
            <dst id="CHINng">26159.176</dst>
            <dst id="DNVRng">17804.896</dst>
            <dst id="HSTNng">3255.54933333333</dst>
            <dst id="IPLSng">14105.136</dst>
            <dst id="KSCYng">2102.39733333333</dst>
            <dst id="LOSAng">10153.1333333333</dst>
            <dst id="NYCMng">12050.2293333333</dst>
            <dst id="SNVAng">139.586666666667</dst>
            <dst id="STTLng">6064.07733333333</dst>
            <dst id="WASHng">8409.77333333333</dst>
        </src>
        <src id="KSCYng">
            <dst id="ATLA-M5">0</dst>
            <dst id="ATLAng">3633.34133333333</dst>
            <dst id="CHINng">6888.46133333333</dst>
            <dst id="DNVRng">3986.05866666667</dst>
            <dst id="HSTNng">14142.3013333333</dst>
            <dst id="IPLSng">11368.792</dst>
            <dst id="KSCYng">9890.97866666667</dst>
            <dst id="LOSAng">3918.21066666667</dst>
            <dst id="NYCMng">1661.82133333333</dst>
            <dst id="SNVAng">2267.68</dst>
            <dst id="STTLng">6774.50933333333</dst>
            <dst id="WASHng">8832.704</dst>
        </src>
        <src id="LOSAng">
            <dst id="ATLA-M5">41.2106666666667</dst>
            <dst id="ATLAng">14992.2186666667</dst>
            <dst id="CHINng">39367.0373333333</dst>
            <dst id="DNVRng">6928.192</dst>
            <dst id="HSTNng">2468.01866666667</dst>
            <dst id="IPLSng">10871.456</dst>
            <dst id="KSCYng">2476.608</dst>
            <dst id="LOSAng">5222.92533333333</dst>
            <dst id="NYCMng">20509.176</dst>
            <dst id="SNVAng">21241.928</dst>
            <dst id="STTLng">18859.2346666667</dst>
            <dst id="WASHng">68007.6293333334</dst>
        </src>
        <src id="NYCMng">
            <dst id="ATLA-M5">188.24</dst>
            <dst id="ATLAng">6901.93866666667</dst>
            <dst id="CHINng">18057.3306666667</dst>
            <dst id="DNVRng">22212.3866666667</dst>
            <dst id="HSTNng">2119.84</dst>
            <dst id="IPLSng">6559.52533333333</dst>
            <dst id="KSCYng">5132.528</dst>
            <dst id="LOSAng">43014.344</dst>
            <dst id="NYCMng">48490.7573333333</dst>
            <dst id="SNVAng">4217.248</dst>
            <dst id="STTLng">10621.608</dst>
            <dst id="WASHng">45521.4293333333</dst>
        </src>
        <src id="SNVAng">
            <dst id="ATLA-M5">0</dst>
            <dst id="ATLAng">26.6666666666667</dst>
            <dst id="CHINng">133.333333333333</dst>
            <dst id="DNVRng">2053.416</dst>
            <dst id="HSTNng">0</dst>
            <dst id="IPLSng">165.493333333333</dst>
            <dst id="KSCYng">26.6666666666667</dst>
            <dst id="LOSAng">30661.688</dst>
            <dst id="NYCMng">106.666666666667</dst>
            <dst id="SNVAng">7981.73066666667</dst>
            <dst id="STTLng">34642.7093333333</dst>
            <dst id="WASHng">0</dst>
        </src>
        <src id="STTLng">
            <dst id="ATLA-M5">90.9866666666667</dst>
            <dst id="ATLAng">5286.72533333333</dst>
            <dst id="CHINng">8766.10666666667</dst>
            <dst id="DNVRng">1212.90133333333</dst>
            <dst id="HSTNng">829.344</dst>
            <dst id="IPLSng">5154.016</dst>
            <dst id="KSCYng">1700.58666666667</dst>
            <dst id="LOSAng">5907.38933333333</dst>
            <dst id="NYCMng">7567.272</dst>
            <dst id="SNVAng">7744.15733333333</dst>
            <dst id="STTLng">1873.10133333333</dst>
            <dst id="WASHng">4590.89866666667</dst>
        </src>
        <src id="WASHng">
            <dst id="ATLA-M5">394.677333333333</dst>
            <dst id="ATLAng">76405.8693333334</dst>
            <dst id="CHINng">71766.8346666667</dst>
            <dst id="DNVRng">48317.6</dst>
            <dst id="HSTNng">34012.1306666667</dst>
            <dst id="IPLSng">57931.7386666667</dst>
            <dst id="KSCYng">30820.2053333333</dst>
            <dst id="LOSAng">53480.432</dst>
            <dst id="NYCMng">131581.461333333</dst>
            <dst id="SNVAng">8202.48266666667</dst>
            <dst id="STTLng">17734.3866666667</dst>
            <dst id="WASHng">213385.205333333</dst>
        </src>
    </IntraTM>
</TrafficMatrixFile>
