<?xml version="1.0" encoding="ISO-8859-1" standalone="yes"?>
<TrafficMatrixFile xsi:noNamespaceSchemaLocation="http://totem.run.montefiore.ulg.ac.be/Schema/TrafficMatrix-v1_2.xsd" xmlns:xsi="http://www.w3.org/2001/XMLSchema-instance">
    <IntraTM ASID="11537">
        <src id="ATLA-M5">
            <dst id="ATLA-M5">0</dst>
            <dst id="ATLAng">26.6666666666667</dst>
            <dst id="CHINng">501.989333333333</dst>
            <dst id="DNVRng">1082.10133333333</dst>
            <dst id="HSTNng">66.96</dst>
            <dst id="IPLSng">26.6666666666667</dst>
            <dst id="KSCYng">26.6666666666667</dst>
            <dst id="LOSAng">108.693333333333</dst>
            <dst id="NYCMng">53.3333333333333</dst>
            <dst id="SNVAng">27.2293333333333</dst>
            <dst id="STTLng">52.2293333333333</dst>
            <dst id="WASHng">192.616</dst>
        </src>
        <src id="ATLAng">
            <dst id="ATLA-M5">86.3066666666667</dst>
            <dst id="ATLAng">18808.0586666667</dst>
            <dst id="CHINng">12850.5973333333</dst>
            <dst id="DNVRng">2438.81333333333</dst>
            <dst id="HSTNng">830.576</dst>
            <dst id="IPLSng">7732.77866666667</dst>
            <dst id="KSCYng">2134.06933333333</dst>
            <dst id="LOSAng">3093.896</dst>
            <dst id="NYCMng">3572.60266666667</dst>
            <dst id="SNVAng">137.797333333333</dst>
            <dst id="STTLng">2691.344</dst>
            <dst id="WASHng">28361.752</dst>
        </src>
        <src id="CHINng">
            <dst id="ATLA-M5">53.3333333333333</dst>
            <dst id="ATLAng">13683.616</dst>
            <dst id="CHINng">48427.7866666667</dst>
            <dst id="DNVRng">15183.3653333333</dst>
            <dst id="HSTNng">10741.7866666667</dst>
            <dst id="IPLSng">19082.232</dst>
            <dst id="KSCYng">10015.04</dst>
            <dst id="LOSAng">30871.088</dst>
            <dst id="NYCMng">25566.144</dst>
            <dst id="SNVAng">433.104</dst>
            <dst id="STTLng">9998.64266666667</dst>
            <dst id="WASHng">14245.9973333333</dst>
        </src>
        <src id="DNVRng">
            <dst id="ATLA-M5">147.626666666667</dst>
            <dst id="ATLAng">8318.85333333333</dst>
            <dst id="CHINng">42137.9146666667</dst>
            <dst id="DNVRng">12276.5306666667</dst>
            <dst id="HSTNng">25484.024</dst>
            <dst id="IPLSng">41367.5226666667</dst>
            <dst id="KSCYng">21474.4213333333</dst>
            <dst id="LOSAng">10711.1146666667</dst>
            <dst id="NYCMng">11997.7653333333</dst>
            <dst id="SNVAng">7741.38133333333</dst>
            <dst id="STTLng">10131.0746666667</dst>
            <dst id="WASHng">34042.3653333333</dst>
        </src>
        <src id="HSTNng">
            <dst id="ATLA-M5">1486.85066666667</dst>
            <dst id="ATLAng">2544.39733333333</dst>
            <dst id="CHINng">5985.896</dst>
            <dst id="DNVRng">3808.78666666667</dst>
            <dst id="HSTNng">18265.0933333333</dst>
            <dst id="IPLSng">2830.47733333333</dst>
            <dst id="KSCYng">1681.992</dst>
            <dst id="LOSAng">3434.12266666667</dst>
            <dst id="NYCMng">2869.06933333333</dst>
            <dst id="SNVAng">80</dst>
            <dst id="STTLng">921.674666666667</dst>
            <dst id="WASHng">9591.44</dst>
        </src>
        <src id="IPLSng">
            <dst id="ATLA-M5">0</dst>
            <dst id="ATLAng">10415.296</dst>
            <dst id="CHINng">38325.048</dst>
            <dst id="DNVRng">6914.96266666667</dst>
            <dst id="HSTNng">1462.432</dst>
            <dst id="IPLSng">2878.992</dst>
            <dst id="KSCYng">1612.896</dst>
            <dst id="LOSAng">13817.896</dst>
            <dst id="NYCMng">8429.71466666667</dst>
            <dst id="SNVAng">308.805333333333</dst>
            <dst id="STTLng">7437.34133333333</dst>
            <dst id="WASHng">5890.43466666667</dst>
        </src>
        <src id="KSCYng">
            <dst id="ATLA-M5">26.6666666666667</dst>
            <dst id="ATLAng">4346.76533333333</dst>
            <dst id="CHINng">14241.1573333333</dst>
            <dst id="DNVRng">5267.37066666667</dst>
            <dst id="HSTNng">7100.864</dst>
            <dst id="IPLSng">14514.5813333333</dst>
            <dst id="KSCYng">14496.6826666667</dst>
            <dst id="LOSAng">6153.992</dst>
            <dst id="NYCMng">2179.432</dst>
            <dst id="SNVAng">2642.39466666667</dst>
            <dst id="STTLng">1891.928</dst>
            <dst id="WASHng">11087.7413333333</dst>
        </src>
        <src id="LOSAng">
            <dst id="ATLA-M5">38.6533333333333</dst>
            <dst id="ATLAng">18526.0986666667</dst>
            <dst id="CHINng">54360.4666666667</dst>
            <dst id="DNVRng">8596.86933333333</dst>
            <dst id="HSTNng">16229.472</dst>
            <dst id="IPLSng">14090.7866666667</dst>
            <dst id="KSCYng">5102.30133333333</dst>
            <dst id="LOSAng">12888.368</dst>
            <dst id="NYCMng">25120.0933333333</dst>
            <dst id="SNVAng">23789.36</dst>
            <dst id="STTLng">30760.2106666667</dst>
            <dst id="WASHng">83703.7306666667</dst>
        </src>
        <src id="NYCMng">
            <dst id="ATLA-M5">1188.584</dst>
            <dst id="ATLAng">16775.5146666667</dst>
            <dst id="CHINng">16500.0986666667</dst>
            <dst id="DNVRng">25399.32</dst>
            <dst id="HSTNng">7783.58666666667</dst>
            <dst id="IPLSng">14456.0506666667</dst>
            <dst id="KSCYng">4424.21066666667</dst>
            <dst id="LOSAng">55824.4986666667</dst>
            <dst id="NYCMng">60558.5653333333</dst>
            <dst id="SNVAng">488.16</dst>
            <dst id="STTLng">25985.3653333333</dst>
            <dst id="WASHng">42725.1466666667</dst>
        </src>
        <src id="SNVAng">
            <dst id="ATLA-M5">0</dst>
            <dst id="ATLAng">591.850666666667</dst>
            <dst id="CHINng">26.6666666666667</dst>
            <dst id="DNVRng">2728.09066666667</dst>
            <dst id="HSTNng">0</dst>
            <dst id="IPLSng">190.037333333333</dst>
            <dst id="KSCYng">26.6666666666667</dst>
            <dst id="LOSAng">39048.304</dst>
            <dst id="NYCMng">26.6666666666667</dst>
            <dst id="SNVAng">9499.84533333333</dst>
            <dst id="STTLng">41276.2053333333</dst>
            <dst id="WASHng">0</dst>
        </src>
        <src id="STTLng">
            <dst id="ATLA-M5">93.7333333333333</dst>
            <dst id="ATLAng">8928.04</dst>
            <dst id="CHINng">15352.688</dst>
            <dst id="DNVRng">1014.09866666667</dst>
            <dst id="HSTNng">2296.28</dst>
            <dst id="IPLSng">6610.48266666667</dst>
            <dst id="KSCYng">2360.936</dst>
            <dst id="LOSAng">9332.31733333333</dst>
            <dst id="NYCMng">16388.5386666667</dst>
            <dst id="SNVAng">9732.976</dst>
            <dst id="STTLng">2077.592</dst>
            <dst id="WASHng">4924.94666666667</dst>
        </src>
        <src id="WASHng">
            <dst id="ATLA-M5">146.666666666667</dst>
            <dst id="ATLAng">100458.088</dst>
            <dst id="CHINng">76078.8506666667</dst>
            <dst id="DNVRng">71203.56</dst>
            <dst id="HSTNng">44584.2666666667</dst>
            <dst id="IPLSng">39537.0453333333</dst>
            <dst id="KSCYng">22978.6133333333</dst>
            <dst id="LOSAng">108020.978666667</dst>
            <dst id="NYCMng">167209.354666667</dst>
            <dst id="SNVAng">1136.504</dst>
            <dst id="STTLng">31607.2533333333</dst>
            <dst id="WASHng">214454.810666667</dst>
        </src>
    </IntraTM>
</TrafficMatrixFile>
