<?xml version="1.0" encoding="ISO-8859-1" standalone="yes"?>
<TrafficMatrixFile xsi:noNamespaceSchemaLocation="http://totem.run.montefiore.ulg.ac.be/Schema/TrafficMatrix-v1_2.xsd" xmlns:xsi="http://www.w3.org/2001/XMLSchema-instance">
    <IntraTM ASID="11537">
        <src id="ATLA-M5">
            <dst id="ATLA-M5">0</dst>
            <dst id="ATLAng">26.6666666666667</dst>
            <dst id="CHINng">66.2826666666667</dst>
            <dst id="DNVRng">26.6666666666667</dst>
            <dst id="HSTNng">0</dst>
            <dst id="IPLSng">0</dst>
            <dst id="KSCYng">26.6666666666667</dst>
            <dst id="LOSAng">66.6666666666667</dst>
            <dst id="NYCMng">105.92</dst>
            <dst id="SNVAng">13.3333333333333</dst>
            <dst id="STTLng">198.416</dst>
            <dst id="WASHng">0</dst>
        </src>
        <src id="ATLAng">
            <dst id="ATLA-M5">0</dst>
            <dst id="ATLAng">27661.92</dst>
            <dst id="CHINng">3190.25333333333</dst>
            <dst id="DNVRng">3544.64266666667</dst>
            <dst id="HSTNng">606.488</dst>
            <dst id="IPLSng">22933.3893333333</dst>
            <dst id="KSCYng">680.56</dst>
            <dst id="LOSAng">10191.2173333333</dst>
            <dst id="NYCMng">5765.52</dst>
            <dst id="SNVAng">67.7986666666667</dst>
            <dst id="STTLng">3249.49866666667</dst>
            <dst id="WASHng">31915.9413333333</dst>
        </src>
        <src id="CHINng">
            <dst id="ATLA-M5">0</dst>
            <dst id="ATLAng">5127.432</dst>
            <dst id="CHINng">35944.3546666667</dst>
            <dst id="DNVRng">6987.50666666667</dst>
            <dst id="HSTNng">5221.18666666667</dst>
            <dst id="IPLSng">15478.9466666667</dst>
            <dst id="KSCYng">18952.552</dst>
            <dst id="LOSAng">26034.3573333333</dst>
            <dst id="NYCMng">24672.36</dst>
            <dst id="SNVAng">9216.992</dst>
            <dst id="STTLng">4906.808</dst>
            <dst id="WASHng">16272.568</dst>
        </src>
        <src id="DNVRng">
            <dst id="ATLA-M5">256.8</dst>
            <dst id="ATLAng">10753.7653333333</dst>
            <dst id="CHINng">37192.9306666667</dst>
            <dst id="DNVRng">10301.144</dst>
            <dst id="HSTNng">18466.7866666667</dst>
            <dst id="IPLSng">34056.4773333333</dst>
            <dst id="KSCYng">17746.9546666667</dst>
            <dst id="LOSAng">11608.4693333333</dst>
            <dst id="NYCMng">11248.0346666667</dst>
            <dst id="SNVAng">5231.44</dst>
            <dst id="STTLng">5140.72</dst>
            <dst id="WASHng">49672.7733333333</dst>
        </src>
        <src id="HSTNng">
            <dst id="ATLA-M5">0</dst>
            <dst id="ATLAng">1278.31466666667</dst>
            <dst id="CHINng">5164.83733333333</dst>
            <dst id="DNVRng">710.117333333333</dst>
            <dst id="HSTNng">19504.3333333333</dst>
            <dst id="IPLSng">2756.98933333333</dst>
            <dst id="KSCYng">11907.4586666667</dst>
            <dst id="LOSAng">1776.232</dst>
            <dst id="NYCMng">1526.29066666667</dst>
            <dst id="SNVAng">0</dst>
            <dst id="STTLng">624.656</dst>
            <dst id="WASHng">2681.36266666667</dst>
        </src>
        <src id="IPLSng">
            <dst id="ATLA-M5">26.6666666666667</dst>
            <dst id="ATLAng">9830.088</dst>
            <dst id="CHINng">31402.32</dst>
            <dst id="DNVRng">16318.7466666667</dst>
            <dst id="HSTNng">3053.992</dst>
            <dst id="IPLSng">15918.432</dst>
            <dst id="KSCYng">3367.208</dst>
            <dst id="LOSAng">11980.44</dst>
            <dst id="NYCMng">8976.072</dst>
            <dst id="SNVAng">214.498666666667</dst>
            <dst id="STTLng">9088.22133333333</dst>
            <dst id="WASHng">5605.62133333333</dst>
        </src>
        <src id="KSCYng">
            <dst id="ATLA-M5">0</dst>
            <dst id="ATLAng">7807.496</dst>
            <dst id="CHINng">6985.112</dst>
            <dst id="DNVRng">4866.46666666667</dst>
            <dst id="HSTNng">12924.8853333333</dst>
            <dst id="IPLSng">12158.856</dst>
            <dst id="KSCYng">12706.4773333333</dst>
            <dst id="LOSAng">3734.94933333333</dst>
            <dst id="NYCMng">1306.61866666667</dst>
            <dst id="SNVAng">2388.416</dst>
            <dst id="STTLng">7043.592</dst>
            <dst id="WASHng">9743.38133333333</dst>
        </src>
        <src id="LOSAng">
            <dst id="ATLA-M5">72.9813333333333</dst>
            <dst id="ATLAng">8896.992</dst>
            <dst id="CHINng">35610.5013333333</dst>
            <dst id="DNVRng">8493.42133333333</dst>
            <dst id="HSTNng">3265.40533333333</dst>
            <dst id="IPLSng">8758.82933333333</dst>
            <dst id="KSCYng">7311.48</dst>
            <dst id="LOSAng">11091.0106666667</dst>
            <dst id="NYCMng">17711.8133333333</dst>
            <dst id="SNVAng">21376.7413333333</dst>
            <dst id="STTLng">19948.9146666667</dst>
            <dst id="WASHng">90376.5733333333</dst>
        </src>
        <src id="NYCMng">
            <dst id="ATLA-M5">256.936</dst>
            <dst id="ATLAng">6422.14933333333</dst>
            <dst id="CHINng">18136.808</dst>
            <dst id="DNVRng">19845.2746666667</dst>
            <dst id="HSTNng">2126.51466666667</dst>
            <dst id="IPLSng">6753.90666666667</dst>
            <dst id="KSCYng">5072.368</dst>
            <dst id="LOSAng">38403.4666666667</dst>
            <dst id="NYCMng">50369.368</dst>
            <dst id="SNVAng">3662.02933333333</dst>
            <dst id="STTLng">13422.0613333333</dst>
            <dst id="WASHng">40847.9066666667</dst>
        </src>
        <src id="SNVAng">
            <dst id="ATLA-M5">0</dst>
            <dst id="ATLAng">53.3333333333333</dst>
            <dst id="CHINng">26.6666666666667</dst>
            <dst id="DNVRng">1149.25866666667</dst>
            <dst id="HSTNng">0</dst>
            <dst id="IPLSng">166.709333333333</dst>
            <dst id="KSCYng">26.6666666666667</dst>
            <dst id="LOSAng">30518.6773333333</dst>
            <dst id="NYCMng">81.3333333333333</dst>
            <dst id="SNVAng">8063.112</dst>
            <dst id="STTLng">33913.1973333333</dst>
            <dst id="WASHng">0</dst>
        </src>
        <src id="STTLng">
            <dst id="ATLA-M5">143.157333333333</dst>
            <dst id="ATLAng">5089.584</dst>
            <dst id="CHINng">9403.36266666666</dst>
            <dst id="DNVRng">1206.17066666667</dst>
            <dst id="HSTNng">529.146666666667</dst>
            <dst id="IPLSng">5605.512</dst>
            <dst id="KSCYng">1310.05066666667</dst>
            <dst id="LOSAng">8568.69333333333</dst>
            <dst id="NYCMng">8179.48533333333</dst>
            <dst id="SNVAng">9588.75733333333</dst>
            <dst id="STTLng">1629.24266666667</dst>
            <dst id="WASHng">4210.08533333333</dst>
        </src>
        <src id="WASHng">
            <dst id="ATLA-M5">350.434666666667</dst>
            <dst id="ATLAng">99053.9706666667</dst>
            <dst id="CHINng">60660.1173333333</dst>
            <dst id="DNVRng">51175.5466666667</dst>
            <dst id="HSTNng">30143.0133333333</dst>
            <dst id="IPLSng">46845.144</dst>
            <dst id="KSCYng">27698.944</dst>
            <dst id="LOSAng">107868.346666667</dst>
            <dst id="NYCMng">150266.024</dst>
            <dst id="SNVAng">4702.95733333333</dst>
            <dst id="STTLng">20480.808</dst>
            <dst id="WASHng">228862.392</dst>
        </src>
    </IntraTM>
</TrafficMatrixFile>
