<?xml version="1.0" encoding="ISO-8859-1" standalone="yes"?>
<TrafficMatrixFile xsi:noNamespaceSchemaLocation="http://totem.run.montefiore.ulg.ac.be/Schema/TrafficMatrix-v1_2.xsd" xmlns:xsi="http://www.w3.org/2001/XMLSchema-instance">
    <IntraTM ASID="11537">
        <src id="ATLA-M5">
            <dst id="ATLA-M5">4074.68</dst>
            <dst id="ATLAng">26.6666666666667</dst>
            <dst id="CHINng">129.773333333333</dst>
            <dst id="DNVRng">0</dst>
            <dst id="HSTNng">64.5093333333333</dst>
            <dst id="IPLSng">41.92</dst>
            <dst id="KSCYng">0</dst>
            <dst id="LOSAng">0</dst>
            <dst id="NYCMng">0</dst>
            <dst id="SNVAng">0</dst>
            <dst id="STTLng">562.32</dst>
            <dst id="WASHng">471.090666666667</dst>
        </src>
        <src id="ATLAng">
            <dst id="ATLA-M5">121.501333333333</dst>
            <dst id="ATLAng">29605.3306666667</dst>
            <dst id="CHINng">10729.7493333333</dst>
            <dst id="DNVRng">2666.37866666667</dst>
            <dst id="HSTNng">10785.7493333333</dst>
            <dst id="IPLSng">14601.4613333333</dst>
            <dst id="KSCYng">840.602666666667</dst>
            <dst id="LOSAng">6792.26666666667</dst>
            <dst id="NYCMng">1263.33333333333</dst>
            <dst id="SNVAng">6029.41066666667</dst>
            <dst id="STTLng">1935.22933333333</dst>
            <dst id="WASHng">35563.6186666667</dst>
        </src>
        <src id="CHINng">
            <dst id="ATLA-M5">407.472</dst>
            <dst id="ATLAng">7929.46933333333</dst>
            <dst id="CHINng">110518.386666667</dst>
            <dst id="DNVRng">1467.624</dst>
            <dst id="HSTNng">3483.29866666667</dst>
            <dst id="IPLSng">24197.3813333333</dst>
            <dst id="KSCYng">18445.144</dst>
            <dst id="LOSAng">7601.66666666667</dst>
            <dst id="NYCMng">12057.9253333333</dst>
            <dst id="SNVAng">31379.032</dst>
            <dst id="STTLng">8222.58933333333</dst>
            <dst id="WASHng">19232.888</dst>
        </src>
        <src id="DNVRng">
            <dst id="ATLA-M5">112.96</dst>
            <dst id="ATLAng">4351.46933333333</dst>
            <dst id="CHINng">48020.504</dst>
            <dst id="DNVRng">8303.09333333333</dst>
            <dst id="HSTNng">17567.3786666667</dst>
            <dst id="IPLSng">21610.952</dst>
            <dst id="KSCYng">13949.824</dst>
            <dst id="LOSAng">717.594666666667</dst>
            <dst id="NYCMng">15073.7733333333</dst>
            <dst id="SNVAng">19376.336</dst>
            <dst id="STTLng">8518.43733333333</dst>
            <dst id="WASHng">44454.7333333333</dst>
        </src>
        <src id="HSTNng">
            <dst id="ATLA-M5">2332.16533333333</dst>
            <dst id="ATLAng">4064.44266666667</dst>
            <dst id="CHINng">14306.464</dst>
            <dst id="DNVRng">835.768</dst>
            <dst id="HSTNng">16826.8426666667</dst>
            <dst id="IPLSng">1345.52</dst>
            <dst id="KSCYng">625.696</dst>
            <dst id="LOSAng">11227.168</dst>
            <dst id="NYCMng">5205.65066666667</dst>
            <dst id="SNVAng">26.6666666666667</dst>
            <dst id="STTLng">1541.07733333333</dst>
            <dst id="WASHng">5434.64533333333</dst>
        </src>
        <src id="IPLSng">
            <dst id="ATLA-M5">2787.52533333333</dst>
            <dst id="ATLAng">12821.4426666667</dst>
            <dst id="CHINng">59261.256</dst>
            <dst id="DNVRng">18339.7546666667</dst>
            <dst id="HSTNng">677.053333333333</dst>
            <dst id="IPLSng">11995.6853333333</dst>
            <dst id="KSCYng">1393.21333333333</dst>
            <dst id="LOSAng">5398.00533333333</dst>
            <dst id="NYCMng">6330.92266666667</dst>
            <dst id="SNVAng">14089.088</dst>
            <dst id="STTLng">10308.9546666667</dst>
            <dst id="WASHng">9385.05333333333</dst>
        </src>
        <src id="KSCYng">
            <dst id="ATLA-M5">0</dst>
            <dst id="ATLAng">2719.17333333333</dst>
            <dst id="CHINng">11444.72</dst>
            <dst id="DNVRng">4654.144</dst>
            <dst id="HSTNng">3334.74933333333</dst>
            <dst id="IPLSng">12015.0346666667</dst>
            <dst id="KSCYng">9979.23466666667</dst>
            <dst id="LOSAng">2315.41066666667</dst>
            <dst id="NYCMng">4202.43733333333</dst>
            <dst id="SNVAng">5803.016</dst>
            <dst id="STTLng">975.834666666667</dst>
            <dst id="WASHng">5624.36</dst>
        </src>
        <src id="LOSAng">
            <dst id="ATLA-M5">0</dst>
            <dst id="ATLAng">5107.53866666667</dst>
            <dst id="CHINng">107361.285333333</dst>
            <dst id="DNVRng">6862.88533333333</dst>
            <dst id="HSTNng">2613.03466666667</dst>
            <dst id="IPLSng">9687.96533333333</dst>
            <dst id="KSCYng">6923.70133333334</dst>
            <dst id="LOSAng">20009.848</dst>
            <dst id="NYCMng">23882.6453333333</dst>
            <dst id="SNVAng">25885.9013333333</dst>
            <dst id="STTLng">22487.3413333333</dst>
            <dst id="WASHng">72466.9413333333</dst>
        </src>
        <src id="NYCMng">
            <dst id="ATLA-M5">440.48</dst>
            <dst id="ATLAng">7534.38666666667</dst>
            <dst id="CHINng">28014.648</dst>
            <dst id="DNVRng">30170.2453333333</dst>
            <dst id="HSTNng">4192.99733333333</dst>
            <dst id="IPLSng">5512.67733333333</dst>
            <dst id="KSCYng">3890.60266666667</dst>
            <dst id="LOSAng">7948.152</dst>
            <dst id="NYCMng">99952.6773333333</dst>
            <dst id="SNVAng">58029.4853333333</dst>
            <dst id="STTLng">28331.8373333333</dst>
            <dst id="WASHng">25853.232</dst>
        </src>
        <src id="SNVAng">
            <dst id="ATLA-M5">0</dst>
            <dst id="ATLAng">26.6666666666667</dst>
            <dst id="CHINng">53.3333333333333</dst>
            <dst id="DNVRng">9134.328</dst>
            <dst id="HSTNng">26.6666666666667</dst>
            <dst id="IPLSng">1215.93066666667</dst>
            <dst id="KSCYng">53.3333333333333</dst>
            <dst id="LOSAng">1553.18666666667</dst>
            <dst id="NYCMng">26.6666666666667</dst>
            <dst id="SNVAng">34401.7093333333</dst>
            <dst id="STTLng">31319.6293333333</dst>
            <dst id="WASHng">26.6666666666667</dst>
        </src>
        <src id="STTLng">
            <dst id="ATLA-M5">53.3333333333333</dst>
            <dst id="ATLAng">4739.85066666667</dst>
            <dst id="CHINng">16864.3706666667</dst>
            <dst id="DNVRng">3216.728</dst>
            <dst id="HSTNng">1271.89866666667</dst>
            <dst id="IPLSng">14519.104</dst>
            <dst id="KSCYng">952.848</dst>
            <dst id="LOSAng">5459.08533333333</dst>
            <dst id="NYCMng">7185.328</dst>
            <dst id="SNVAng">21833.4746666667</dst>
            <dst id="STTLng">2477.05066666667</dst>
            <dst id="WASHng">10354.3013333333</dst>
        </src>
        <src id="WASHng">
            <dst id="ATLA-M5">26.6666666666667</dst>
            <dst id="ATLAng">66058.5813333333</dst>
            <dst id="CHINng">69443.1946666667</dst>
            <dst id="DNVRng">29190.432</dst>
            <dst id="HSTNng">20255.296</dst>
            <dst id="IPLSng">20050.184</dst>
            <dst id="KSCYng">28791.3546666667</dst>
            <dst id="LOSAng">73865.4293333333</dst>
            <dst id="NYCMng">122529.064</dst>
            <dst id="SNVAng">29041.2586666667</dst>
            <dst id="STTLng">26579.0026666667</dst>
            <dst id="WASHng">247109.888</dst>
        </src>
    </IntraTM>
</TrafficMatrixFile>
