<?xml version="1.0" encoding="ISO-8859-1" standalone="yes"?>
<TrafficMatrixFile xsi:noNamespaceSchemaLocation="http://totem.run.montefiore.ulg.ac.be/Schema/TrafficMatrix-v1_2.xsd" xmlns:xsi="http://www.w3.org/2001/XMLSchema-instance">
    <IntraTM ASID="11537">
        <src id="ATLA-M5">
            <dst id="ATLA-M5">0</dst>
            <dst id="ATLAng">62.704</dst>
            <dst id="CHINng">415.568</dst>
            <dst id="DNVRng">26.6666666666667</dst>
            <dst id="HSTNng">26.6666666666667</dst>
            <dst id="IPLSng">0</dst>
            <dst id="KSCYng">0</dst>
            <dst id="LOSAng">13.3333333333333</dst>
            <dst id="NYCMng">26.6666666666667</dst>
            <dst id="SNVAng">13.3333333333333</dst>
            <dst id="STTLng">27.024</dst>
            <dst id="WASHng">2644.29333333333</dst>
        </src>
        <src id="ATLAng">
            <dst id="ATLA-M5">162.589333333333</dst>
            <dst id="ATLAng">25970.032</dst>
            <dst id="CHINng">9406.42133333333</dst>
            <dst id="DNVRng">4301.152</dst>
            <dst id="HSTNng">12278.4693333333</dst>
            <dst id="IPLSng">13071.6213333333</dst>
            <dst id="KSCYng">1364.09333333333</dst>
            <dst id="LOSAng">13974.9426666667</dst>
            <dst id="NYCMng">6937.28</dst>
            <dst id="SNVAng">5468.64133333333</dst>
            <dst id="STTLng">3120.872</dst>
            <dst id="WASHng">19588.808</dst>
        </src>
        <src id="CHINng">
            <dst id="ATLA-M5">227.152</dst>
            <dst id="ATLAng">18787.808</dst>
            <dst id="CHINng">97143.8986666667</dst>
            <dst id="DNVRng">7114.18666666667</dst>
            <dst id="HSTNng">9704.34933333333</dst>
            <dst id="IPLSng">17263.8106666667</dst>
            <dst id="KSCYng">10183.9146666667</dst>
            <dst id="LOSAng">3187.52266666667</dst>
            <dst id="NYCMng">13251.7306666667</dst>
            <dst id="SNVAng">29452.176</dst>
            <dst id="STTLng">10560.6853333333</dst>
            <dst id="WASHng">16766.5573333333</dst>
        </src>
        <src id="DNVRng">
            <dst id="ATLA-M5">101.098666666667</dst>
            <dst id="ATLAng">5704.03466666667</dst>
            <dst id="CHINng">39027.56</dst>
            <dst id="DNVRng">11843.44</dst>
            <dst id="HSTNng">23000.312</dst>
            <dst id="IPLSng">26364.064</dst>
            <dst id="KSCYng">19879.6213333333</dst>
            <dst id="LOSAng">8752.824</dst>
            <dst id="NYCMng">13491.464</dst>
            <dst id="SNVAng">31046.216</dst>
            <dst id="STTLng">10450.7386666667</dst>
            <dst id="WASHng">38119.9733333333</dst>
        </src>
        <src id="HSTNng">
            <dst id="ATLA-M5">1192.78933333333</dst>
            <dst id="ATLAng">1242.78133333333</dst>
            <dst id="CHINng">15648.712</dst>
            <dst id="DNVRng">1075.424</dst>
            <dst id="HSTNng">13114.152</dst>
            <dst id="IPLSng">2169.73066666667</dst>
            <dst id="KSCYng">1387.98133333333</dst>
            <dst id="LOSAng">7834.93333333333</dst>
            <dst id="NYCMng">2893.37866666667</dst>
            <dst id="SNVAng">26.6666666666667</dst>
            <dst id="STTLng">2924.94933333333</dst>
            <dst id="WASHng">15672.1546666667</dst>
        </src>
        <src id="IPLSng">
            <dst id="ATLA-M5">53.3333333333333</dst>
            <dst id="ATLAng">8388.712</dst>
            <dst id="CHINng">34846.16</dst>
            <dst id="DNVRng">7810.34666666667</dst>
            <dst id="HSTNng">3481.696</dst>
            <dst id="IPLSng">10522.3226666667</dst>
            <dst id="KSCYng">2010.24</dst>
            <dst id="LOSAng">2659.16533333333</dst>
            <dst id="NYCMng">6603.51466666667</dst>
            <dst id="SNVAng">7939.368</dst>
            <dst id="STTLng">20402.8986666667</dst>
            <dst id="WASHng">11298.9413333333</dst>
        </src>
        <src id="KSCYng">
            <dst id="ATLA-M5">0</dst>
            <dst id="ATLAng">3358.26133333333</dst>
            <dst id="CHINng">14080.1253333333</dst>
            <dst id="DNVRng">4947.87466666667</dst>
            <dst id="HSTNng">6250.08</dst>
            <dst id="IPLSng">21982.944</dst>
            <dst id="KSCYng">18000.4293333333</dst>
            <dst id="LOSAng">420.370666666667</dst>
            <dst id="NYCMng">2171.69333333333</dst>
            <dst id="SNVAng">7424.048</dst>
            <dst id="STTLng">1288.368</dst>
            <dst id="WASHng">8782.04266666667</dst>
        </src>
        <src id="LOSAng">
            <dst id="ATLA-M5">98.8906666666667</dst>
            <dst id="ATLAng">13842.92</dst>
            <dst id="CHINng">50376.3973333333</dst>
            <dst id="DNVRng">8521.47733333333</dst>
            <dst id="HSTNng">4292.91733333333</dst>
            <dst id="IPLSng">16798.024</dst>
            <dst id="KSCYng">5220.032</dst>
            <dst id="LOSAng">29607.32</dst>
            <dst id="NYCMng">36935.4106666667</dst>
            <dst id="SNVAng">25422.0106666667</dst>
            <dst id="STTLng">17870.4026666667</dst>
            <dst id="WASHng">83171.9893333333</dst>
        </src>
        <src id="NYCMng">
            <dst id="ATLA-M5">899.010666666667</dst>
            <dst id="ATLAng">23633.1786666667</dst>
            <dst id="CHINng">27443.3226666667</dst>
            <dst id="DNVRng">29942.096</dst>
            <dst id="HSTNng">12004.7706666667</dst>
            <dst id="IPLSng">14963.5466666667</dst>
            <dst id="KSCYng">5976.576</dst>
            <dst id="LOSAng">11981.6693333333</dst>
            <dst id="NYCMng">112917.989333333</dst>
            <dst id="SNVAng">50532.9973333333</dst>
            <dst id="STTLng">31077.904</dst>
            <dst id="WASHng">43412.6506666667</dst>
        </src>
        <src id="SNVAng">
            <dst id="ATLA-M5">0</dst>
            <dst id="ATLAng">622.128</dst>
            <dst id="CHINng">106.666666666667</dst>
            <dst id="DNVRng">1607.40533333333</dst>
            <dst id="HSTNng">0</dst>
            <dst id="IPLSng">257.834666666667</dst>
            <dst id="KSCYng">26.6666666666667</dst>
            <dst id="LOSAng">1805.6</dst>
            <dst id="NYCMng">0</dst>
            <dst id="SNVAng">39061.0133333333</dst>
            <dst id="STTLng">32116.8853333333</dst>
            <dst id="WASHng">26.6666666666667</dst>
        </src>
        <src id="STTLng">
            <dst id="ATLA-M5">27.1173333333333</dst>
            <dst id="ATLAng">5515.13866666667</dst>
            <dst id="CHINng">16495.328</dst>
            <dst id="DNVRng">5764.70133333333</dst>
            <dst id="HSTNng">3251.63466666667</dst>
            <dst id="IPLSng">7487.52266666667</dst>
            <dst id="KSCYng">3582.35466666667</dst>
            <dst id="LOSAng">5111.05066666667</dst>
            <dst id="NYCMng">16333.3093333333</dst>
            <dst id="SNVAng">32635.2186666667</dst>
            <dst id="STTLng">2605.30133333333</dst>
            <dst id="WASHng">5082.85333333333</dst>
        </src>
        <src id="WASHng">
            <dst id="ATLA-M5">85.7546666666667</dst>
            <dst id="ATLAng">85622.1706666667</dst>
            <dst id="CHINng">77118.3386666667</dst>
            <dst id="DNVRng">36302.5306666667</dst>
            <dst id="HSTNng">32359.4426666667</dst>
            <dst id="IPLSng">24886.3653333333</dst>
            <dst id="KSCYng">33380.12</dst>
            <dst id="LOSAng">68533.2506666667</dst>
            <dst id="NYCMng">151443</dst>
            <dst id="SNVAng">31021.0346666667</dst>
            <dst id="STTLng">34680.6293333333</dst>
            <dst id="WASHng">293182</dst>
        </src>
    </IntraTM>
</TrafficMatrixFile>
