<?xml version="1.0" encoding="ISO-8859-1" standalone="yes"?>
<TrafficMatrixFile xsi:noNamespaceSchemaLocation="http://totem.run.montefiore.ulg.ac.be/Schema/TrafficMatrix-v1_2.xsd" xmlns:xsi="http://www.w3.org/2001/XMLSchema-instance">
    <IntraTM ASID="11537">
        <src id="ATLA-M5">
            <dst id="ATLA-M5">26.6666666666667</dst>
            <dst id="ATLAng">0</dst>
            <dst id="CHINng">26.6666666666667</dst>
            <dst id="DNVRng">1084.05333333333</dst>
            <dst id="HSTNng">1620.97066666667</dst>
            <dst id="IPLSng">173.12</dst>
            <dst id="KSCYng">0</dst>
            <dst id="LOSAng">26.6666666666667</dst>
            <dst id="NYCMng">49.4133333333333</dst>
            <dst id="SNVAng">0</dst>
            <dst id="STTLng">77.6106666666667</dst>
            <dst id="WASHng">58.4186666666667</dst>
        </src>
        <src id="ATLAng">
            <dst id="ATLA-M5">33.624</dst>
            <dst id="ATLAng">22217.4746666667</dst>
            <dst id="CHINng">1978.14666666667</dst>
            <dst id="DNVRng">2527.20533333333</dst>
            <dst id="HSTNng">349.016</dst>
            <dst id="IPLSng">11012.9573333333</dst>
            <dst id="KSCYng">343.696</dst>
            <dst id="LOSAng">12565.6506666667</dst>
            <dst id="NYCMng">1419.77866666667</dst>
            <dst id="SNVAng">13.3333333333333</dst>
            <dst id="STTLng">4920.54933333333</dst>
            <dst id="WASHng">52356.832</dst>
        </src>
        <src id="CHINng">
            <dst id="ATLA-M5">26.6666666666667</dst>
            <dst id="ATLAng">3327.52</dst>
            <dst id="CHINng">54370.5306666667</dst>
            <dst id="DNVRng">2725.728</dst>
            <dst id="HSTNng">15788.0266666667</dst>
            <dst id="IPLSng">18525.1706666667</dst>
            <dst id="KSCYng">3561.73866666667</dst>
            <dst id="LOSAng">20857.816</dst>
            <dst id="NYCMng">22952.4373333333</dst>
            <dst id="SNVAng">165.653333333333</dst>
            <dst id="STTLng">5376.55733333333</dst>
            <dst id="WASHng">9103.91466666667</dst>
        </src>
        <src id="DNVRng">
            <dst id="ATLA-M5">83.0826666666667</dst>
            <dst id="ATLAng">2170.99466666667</dst>
            <dst id="CHINng">33249.8666666667</dst>
            <dst id="DNVRng">2001.97866666667</dst>
            <dst id="HSTNng">16842.6586666667</dst>
            <dst id="IPLSng">34411.3813333333</dst>
            <dst id="KSCYng">9083.36266666667</dst>
            <dst id="LOSAng">10202.4773333333</dst>
            <dst id="NYCMng">11800.408</dst>
            <dst id="SNVAng">3555.02133333333</dst>
            <dst id="STTLng">3910.86666666667</dst>
            <dst id="WASHng">40523.664</dst>
        </src>
        <src id="HSTNng">
            <dst id="ATLA-M5">3841.45866666667</dst>
            <dst id="ATLAng">495.042666666667</dst>
            <dst id="CHINng">5942.592</dst>
            <dst id="DNVRng">819.341333333333</dst>
            <dst id="HSTNng">12965.3973333333</dst>
            <dst id="IPLSng">664.888</dst>
            <dst id="KSCYng">578.648</dst>
            <dst id="LOSAng">12435.0426666667</dst>
            <dst id="NYCMng">1573.54933333333</dst>
            <dst id="SNVAng">0</dst>
            <dst id="STTLng">1130.33066666667</dst>
            <dst id="WASHng">1618.41866666667</dst>
        </src>
        <src id="IPLSng">
            <dst id="ATLA-M5">103.552</dst>
            <dst id="ATLAng">3456.656</dst>
            <dst id="CHINng">59734.912</dst>
            <dst id="DNVRng">7619.83733333333</dst>
            <dst id="HSTNng">3900.90666666667</dst>
            <dst id="IPLSng">4123.936</dst>
            <dst id="KSCYng">1706.712</dst>
            <dst id="LOSAng">14052.8266666667</dst>
            <dst id="NYCMng">3437.11733333333</dst>
            <dst id="SNVAng">1099.85333333333</dst>
            <dst id="STTLng">4776.85333333333</dst>
            <dst id="WASHng">14555.888</dst>
        </src>
        <src id="KSCYng">
            <dst id="ATLA-M5">0</dst>
            <dst id="ATLAng">2489.2</dst>
            <dst id="CHINng">7072.52533333334</dst>
            <dst id="DNVRng">3539.408</dst>
            <dst id="HSTNng">2672.752</dst>
            <dst id="IPLSng">9510.07733333333</dst>
            <dst id="KSCYng">5564.49866666667</dst>
            <dst id="LOSAng">4037.62933333333</dst>
            <dst id="NYCMng">2913.032</dst>
            <dst id="SNVAng">1983.57333333333</dst>
            <dst id="STTLng">1062.4</dst>
            <dst id="WASHng">8534.88266666667</dst>
        </src>
        <src id="LOSAng">
            <dst id="ATLA-M5">0</dst>
            <dst id="ATLAng">7059.776</dst>
            <dst id="CHINng">47898.5146666667</dst>
            <dst id="DNVRng">20694.9786666667</dst>
            <dst id="HSTNng">2677.44266666667</dst>
            <dst id="IPLSng">8907.928</dst>
            <dst id="KSCYng">1607.40533333333</dst>
            <dst id="LOSAng">9414.728</dst>
            <dst id="NYCMng">15883.9946666667</dst>
            <dst id="SNVAng">21212.3013333333</dst>
            <dst id="STTLng">20380.848</dst>
            <dst id="WASHng">71583.296</dst>
        </src>
        <src id="NYCMng">
            <dst id="ATLA-M5">27.0773333333333</dst>
            <dst id="ATLAng">8808.96533333333</dst>
            <dst id="CHINng">13961.9733333333</dst>
            <dst id="DNVRng">27131.7413333333</dst>
            <dst id="HSTNng">2074.03733333333</dst>
            <dst id="IPLSng">22456.992</dst>
            <dst id="KSCYng">3836.192</dst>
            <dst id="LOSAng">47715.0346666667</dst>
            <dst id="NYCMng">78980.2346666667</dst>
            <dst id="SNVAng">2090.95733333333</dst>
            <dst id="STTLng">11927.2666666667</dst>
            <dst id="WASHng">32435.3573333333</dst>
        </src>
        <src id="SNVAng">
            <dst id="ATLA-M5">0</dst>
            <dst id="ATLAng">80</dst>
            <dst id="CHINng">26.6666666666667</dst>
            <dst id="DNVRng">6172.37333333333</dst>
            <dst id="HSTNng">26.6666666666667</dst>
            <dst id="IPLSng">212.576</dst>
            <dst id="KSCYng">0</dst>
            <dst id="LOSAng">34422.1866666667</dst>
            <dst id="NYCMng">80</dst>
            <dst id="SNVAng">7529.61866666667</dst>
            <dst id="STTLng">37680.3626666667</dst>
            <dst id="WASHng">0</dst>
        </src>
        <src id="STTLng">
            <dst id="ATLA-M5">109.776</dst>
            <dst id="ATLAng">5060.296</dst>
            <dst id="CHINng">15745.048</dst>
            <dst id="DNVRng">447.629333333333</dst>
            <dst id="HSTNng">623.042666666667</dst>
            <dst id="IPLSng">3843.33066666667</dst>
            <dst id="KSCYng">603.288</dst>
            <dst id="LOSAng">7368.76266666667</dst>
            <dst id="NYCMng">8940.91466666667</dst>
            <dst id="SNVAng">12156.1866666667</dst>
            <dst id="STTLng">1957.78933333333</dst>
            <dst id="WASHng">5306.456</dst>
        </src>
        <src id="WASHng">
            <dst id="ATLA-M5">286.762666666667</dst>
            <dst id="ATLAng">65637.2453333333</dst>
            <dst id="CHINng">47359.688</dst>
            <dst id="DNVRng">26404.3333333333</dst>
            <dst id="HSTNng">7017.94666666667</dst>
            <dst id="IPLSng">60271.0506666667</dst>
            <dst id="KSCYng">32474.1386666667</dst>
            <dst id="LOSAng">86214.1946666667</dst>
            <dst id="NYCMng">138759.386666667</dst>
            <dst id="SNVAng">371.602666666667</dst>
            <dst id="STTLng">24113.792</dst>
            <dst id="WASHng">253737.184</dst>
        </src>
    </IntraTM>
</TrafficMatrixFile>
