<?xml version="1.0" encoding="ISO-8859-1" standalone="yes"?>
<TrafficMatrixFile xsi:noNamespaceSchemaLocation="http://totem.run.montefiore.ulg.ac.be/Schema/TrafficMatrix-v1_2.xsd" xmlns:xsi="http://www.w3.org/2001/XMLSchema-instance">
    <IntraTM ASID="11537">
        <src id="ATLA-M5">
            <dst id="ATLA-M5">0</dst>
            <dst id="ATLAng">48.8533333333333</dst>
            <dst id="CHINng">90.9013333333333</dst>
            <dst id="DNVRng">1154.208</dst>
            <dst id="HSTNng">72.176</dst>
            <dst id="IPLSng">0</dst>
            <dst id="KSCYng">0</dst>
            <dst id="LOSAng">82.88</dst>
            <dst id="NYCMng">0</dst>
            <dst id="SNVAng">82.696</dst>
            <dst id="STTLng">56.8693333333333</dst>
            <dst id="WASHng">353.72</dst>
        </src>
        <src id="ATLAng">
            <dst id="ATLA-M5">3322.32266666667</dst>
            <dst id="ATLAng">28358.3973333333</dst>
            <dst id="CHINng">5031.768</dst>
            <dst id="DNVRng">2420.224</dst>
            <dst id="HSTNng">585.229333333333</dst>
            <dst id="IPLSng">11607.0746666667</dst>
            <dst id="KSCYng">2543.58666666667</dst>
            <dst id="LOSAng">12793.996</dst>
            <dst id="NYCMng">2694.72533333333</dst>
            <dst id="SNVAng">1577.164</dst>
            <dst id="STTLng">4643.37866666667</dst>
            <dst id="WASHng">20153.7253333333</dst>
        </src>
        <src id="CHINng">
            <dst id="ATLA-M5">0</dst>
            <dst id="ATLAng">5918.26133333333</dst>
            <dst id="CHINng">38650.048</dst>
            <dst id="DNVRng">5419.23733333333</dst>
            <dst id="HSTNng">6386</dst>
            <dst id="IPLSng">118431.173333333</dst>
            <dst id="KSCYng">15458.752</dst>
            <dst id="LOSAng">24700.976</dst>
            <dst id="NYCMng">28064.4906666667</dst>
            <dst id="SNVAng">121.917333333333</dst>
            <dst id="STTLng">8099.25866666666</dst>
            <dst id="WASHng">9023.048</dst>
        </src>
        <src id="DNVRng">
            <dst id="ATLA-M5">133.546666666667</dst>
            <dst id="ATLAng">2854.65866666667</dst>
            <dst id="CHINng">36271.0213333333</dst>
            <dst id="DNVRng">14643.0266666667</dst>
            <dst id="HSTNng">24649.1413333333</dst>
            <dst id="IPLSng">35392.1146666667</dst>
            <dst id="KSCYng">25153.616</dst>
            <dst id="LOSAng">9362.71466666667</dst>
            <dst id="NYCMng">12928.0106666667</dst>
            <dst id="SNVAng">7125.04266666667</dst>
            <dst id="STTLng">8659.712</dst>
            <dst id="WASHng">47214.7946666667</dst>
        </src>
        <src id="HSTNng">
            <dst id="ATLA-M5">1241.52</dst>
            <dst id="ATLAng">1365.336</dst>
            <dst id="CHINng">4742.69066666667</dst>
            <dst id="DNVRng">681.221333333333</dst>
            <dst id="HSTNng">15132.4026666667</dst>
            <dst id="IPLSng">3006.62666666667</dst>
            <dst id="KSCYng">946.672</dst>
            <dst id="LOSAng">2667.10933333333</dst>
            <dst id="NYCMng">1277.55466666667</dst>
            <dst id="SNVAng">26.6666666666667</dst>
            <dst id="STTLng">1601.864</dst>
            <dst id="WASHng">2732.024</dst>
        </src>
        <src id="IPLSng">
            <dst id="ATLA-M5">106.48</dst>
            <dst id="ATLAng">15484.632</dst>
            <dst id="CHINng">33125.968</dst>
            <dst id="DNVRng">6215.144</dst>
            <dst id="HSTNng">1407.888</dst>
            <dst id="IPLSng">13413.1146666667</dst>
            <dst id="KSCYng">3879.54666666667</dst>
            <dst id="LOSAng">15829.2533333333</dst>
            <dst id="NYCMng">17554.36</dst>
            <dst id="SNVAng">383.106666666667</dst>
            <dst id="STTLng">4863.25066666667</dst>
            <dst id="WASHng">9175.04</dst>
        </src>
        <src id="KSCYng">
            <dst id="ATLA-M5">0</dst>
            <dst id="ATLAng">3991.92533333333</dst>
            <dst id="CHINng">12761.776</dst>
            <dst id="DNVRng">4676.176</dst>
            <dst id="HSTNng">6853.77066666667</dst>
            <dst id="IPLSng">15496.568</dst>
            <dst id="KSCYng">14580.9386666667</dst>
            <dst id="LOSAng">2986.39733333333</dst>
            <dst id="NYCMng">937.432</dst>
            <dst id="SNVAng">10180.3893333333</dst>
            <dst id="STTLng">2308.04</dst>
            <dst id="WASHng">10111.28</dst>
        </src>
        <src id="LOSAng">
            <dst id="ATLA-M5">53.3333333333333</dst>
            <dst id="ATLAng">8789.95466666667</dst>
            <dst id="CHINng">34154.7573333333</dst>
            <dst id="DNVRng">9710.61333333333</dst>
            <dst id="HSTNng">4418.66933333333</dst>
            <dst id="IPLSng">16852.808</dst>
            <dst id="KSCYng">11647.2933333333</dst>
            <dst id="LOSAng">15551.9173333333</dst>
            <dst id="NYCMng">18851.7893333333</dst>
            <dst id="SNVAng">23177.6906666667</dst>
            <dst id="STTLng">22852.9386666667</dst>
            <dst id="WASHng">77918</dst>
        </src>
        <src id="NYCMng">
            <dst id="ATLA-M5">93.112</dst>
            <dst id="ATLAng">6476.784</dst>
            <dst id="CHINng">20881.5093333333</dst>
            <dst id="DNVRng">22028.552</dst>
            <dst id="HSTNng">2815.72266666667</dst>
            <dst id="IPLSng">9800.664</dst>
            <dst id="KSCYng">4645.8</dst>
            <dst id="LOSAng">53790.096</dst>
            <dst id="NYCMng">48777.5653333333</dst>
            <dst id="SNVAng">1137.88</dst>
            <dst id="STTLng">15785.1093333333</dst>
            <dst id="WASHng">28326.3493333333</dst>
        </src>
        <src id="SNVAng">
            <dst id="ATLA-M5">0</dst>
            <dst id="ATLAng">67.688</dst>
            <dst id="CHINng">0</dst>
            <dst id="DNVRng">3891.36266666667</dst>
            <dst id="HSTNng">0</dst>
            <dst id="IPLSng">200.842666666667</dst>
            <dst id="KSCYng">0</dst>
            <dst id="LOSAng">32061.4026666667</dst>
            <dst id="NYCMng">0</dst>
            <dst id="SNVAng">9212.14133333333</dst>
            <dst id="STTLng">38958.2373333333</dst>
            <dst id="WASHng">26.6666666666667</dst>
        </src>
        <src id="STTLng">
            <dst id="ATLA-M5">79.6853333333333</dst>
            <dst id="ATLAng">5076.08266666667</dst>
            <dst id="CHINng">10248.4106666667</dst>
            <dst id="DNVRng">2866.42133333333</dst>
            <dst id="HSTNng">578.522666666667</dst>
            <dst id="IPLSng">4133.09333333333</dst>
            <dst id="KSCYng">3672.10133333333</dst>
            <dst id="LOSAng">9380.2</dst>
            <dst id="NYCMng">10616.6</dst>
            <dst id="SNVAng">9388.21066666667</dst>
            <dst id="STTLng">2104.93066666667</dst>
            <dst id="WASHng">7252.976</dst>
        </src>
        <src id="WASHng">
            <dst id="ATLA-M5">378.090666666667</dst>
            <dst id="ATLAng">79170.8773333333</dst>
            <dst id="CHINng">64923.8293333333</dst>
            <dst id="DNVRng">62032.6266666667</dst>
            <dst id="HSTNng">18588.744</dst>
            <dst id="IPLSng">56925.3146666667</dst>
            <dst id="KSCYng">45004.3546666667</dst>
            <dst id="LOSAng">119213.642666667</dst>
            <dst id="NYCMng">130695.949333333</dst>
            <dst id="SNVAng">6502.45066666667</dst>
            <dst id="STTLng">53897.6266666667</dst>
            <dst id="WASHng">203077.530666667</dst>
        </src>
    </IntraTM>
</TrafficMatrixFile>
