<?xml version="1.0" encoding="ISO-8859-1" standalone="yes"?>
<TrafficMatrixFile xsi:noNamespaceSchemaLocation="http://totem.run.montefiore.ulg.ac.be/Schema/TrafficMatrix-v1_2.xsd" xmlns:xsi="http://www.w3.org/2001/XMLSchema-instance">
    <IntraTM ASID="11537">
        <src id="ATLA-M5">
            <dst id="ATLA-M5">0</dst>
            <dst id="ATLAng">53.3333333333333</dst>
            <dst id="CHINng">153.52</dst>
            <dst id="DNVRng">1105.024</dst>
            <dst id="HSTNng">80.152</dst>
            <dst id="IPLSng">0</dst>
            <dst id="KSCYng">0</dst>
            <dst id="LOSAng">26.6666666666667</dst>
            <dst id="NYCMng">60.6026666666667</dst>
            <dst id="SNVAng">26.6666666666667</dst>
            <dst id="STTLng">53.3333333333333</dst>
            <dst id="WASHng">383.333333333333</dst>
        </src>
        <src id="ATLAng">
            <dst id="ATLA-M5">47.576</dst>
            <dst id="ATLAng">26686.536</dst>
            <dst id="CHINng">5564.49333333333</dst>
            <dst id="DNVRng">2920.90666666667</dst>
            <dst id="HSTNng">858.317333333334</dst>
            <dst id="IPLSng">11924.8346666667</dst>
            <dst id="KSCYng">344.122666666667</dst>
            <dst id="LOSAng">5484.54133333334</dst>
            <dst id="NYCMng">2427.54933333333</dst>
            <dst id="SNVAng">4696.952</dst>
            <dst id="STTLng">2081.70933333333</dst>
            <dst id="WASHng">18694.4</dst>
        </src>
        <src id="CHINng">
            <dst id="ATLA-M5">223.082666666667</dst>
            <dst id="ATLAng">20439.976</dst>
            <dst id="CHINng">185652.829333333</dst>
            <dst id="DNVRng">12393.9253333333</dst>
            <dst id="HSTNng">5562.2</dst>
            <dst id="IPLSng">18693.0533333333</dst>
            <dst id="KSCYng">8067.472</dst>
            <dst id="LOSAng">4570.72266666667</dst>
            <dst id="NYCMng">9796.056</dst>
            <dst id="SNVAng">31843.7306666667</dst>
            <dst id="STTLng">7709.66933333333</dst>
            <dst id="WASHng">17050.112</dst>
        </src>
        <src id="DNVRng">
            <dst id="ATLA-M5">124.586666666667</dst>
            <dst id="ATLAng">5681.29333333333</dst>
            <dst id="CHINng">34665.2133333333</dst>
            <dst id="DNVRng">9707.59733333333</dst>
            <dst id="HSTNng">23695.8426666667</dst>
            <dst id="IPLSng">25226.336</dst>
            <dst id="KSCYng">18870.7733333333</dst>
            <dst id="LOSAng">2523.84</dst>
            <dst id="NYCMng">13571.0186666667</dst>
            <dst id="SNVAng">35231.5413333333</dst>
            <dst id="STTLng">17491.3066666667</dst>
            <dst id="WASHng">40560.4773333333</dst>
        </src>
        <src id="HSTNng">
            <dst id="ATLA-M5">3901.26133333333</dst>
            <dst id="ATLAng">1452.51466666667</dst>
            <dst id="CHINng">10637.0346666667</dst>
            <dst id="DNVRng">1071.096</dst>
            <dst id="HSTNng">23812.424</dst>
            <dst id="IPLSng">6541.28266666667</dst>
            <dst id="KSCYng">1207.632</dst>
            <dst id="LOSAng">4633.41866666667</dst>
            <dst id="NYCMng">1918.98666666667</dst>
            <dst id="SNVAng">26.6666666666667</dst>
            <dst id="STTLng">979.261333333333</dst>
            <dst id="WASHng">4085.72</dst>
        </src>
        <src id="IPLSng">
            <dst id="ATLA-M5">91.248</dst>
            <dst id="ATLAng">3143.192</dst>
            <dst id="CHINng">36312.0693333333</dst>
            <dst id="DNVRng">9728.76266666667</dst>
            <dst id="HSTNng">1071.36266666667</dst>
            <dst id="IPLSng">4527.38666666667</dst>
            <dst id="KSCYng">4043.488</dst>
            <dst id="LOSAng">2512.41066666667</dst>
            <dst id="NYCMng">4276.88266666667</dst>
            <dst id="SNVAng">7574.864</dst>
            <dst id="STTLng">16568.4933333333</dst>
            <dst id="WASHng">4937.424</dst>
        </src>
        <src id="KSCYng">
            <dst id="ATLA-M5">26.6666666666667</dst>
            <dst id="ATLAng">3157.69066666667</dst>
            <dst id="CHINng">17049.664</dst>
            <dst id="DNVRng">14976.5173333333</dst>
            <dst id="HSTNng">6004.56</dst>
            <dst id="IPLSng">14494.352</dst>
            <dst id="KSCYng">12276.6266666667</dst>
            <dst id="LOSAng">573.909333333333</dst>
            <dst id="NYCMng">1919.48533333333</dst>
            <dst id="SNVAng">6816.952</dst>
            <dst id="STTLng">836.002666666667</dst>
            <dst id="WASHng">6797.05333333333</dst>
        </src>
        <src id="LOSAng">
            <dst id="ATLA-M5">53.3333333333333</dst>
            <dst id="ATLAng">20053.512</dst>
            <dst id="CHINng">44570.696</dst>
            <dst id="DNVRng">10093.0746666667</dst>
            <dst id="HSTNng">13498.4666666667</dst>
            <dst id="IPLSng">9481.44533333333</dst>
            <dst id="KSCYng">3177.672</dst>
            <dst id="LOSAng">17748.4533333333</dst>
            <dst id="NYCMng">24672.9066666667</dst>
            <dst id="SNVAng">46885.3813333333</dst>
            <dst id="STTLng">18675.0613333333</dst>
            <dst id="WASHng">77543.304</dst>
        </src>
        <src id="NYCMng">
            <dst id="ATLA-M5">283.549333333333</dst>
            <dst id="ATLAng">15008.2186666667</dst>
            <dst id="CHINng">28613.8213333333</dst>
            <dst id="DNVRng">22266.7973333333</dst>
            <dst id="HSTNng">9118.94666666667</dst>
            <dst id="IPLSng">17247.0213333333</dst>
            <dst id="KSCYng">4544.93333333333</dst>
            <dst id="LOSAng">11910.0133333333</dst>
            <dst id="NYCMng">103957.805333333</dst>
            <dst id="SNVAng">52041.1013333333</dst>
            <dst id="STTLng">32844.608</dst>
            <dst id="WASHng">41473.3973333333</dst>
        </src>
        <src id="SNVAng">
            <dst id="ATLA-M5">0</dst>
            <dst id="ATLAng">649.269333333333</dst>
            <dst id="CHINng">81.472</dst>
            <dst id="DNVRng">2367.024</dst>
            <dst id="HSTNng">26.6666666666667</dst>
            <dst id="IPLSng">206.581333333333</dst>
            <dst id="KSCYng">0</dst>
            <dst id="LOSAng">3060.15733333333</dst>
            <dst id="NYCMng">26.6666666666667</dst>
            <dst id="SNVAng">57450.192</dst>
            <dst id="STTLng">54099.9626666667</dst>
            <dst id="WASHng">0</dst>
        </src>
        <src id="STTLng">
            <dst id="ATLA-M5">26.6666666666667</dst>
            <dst id="ATLAng">5137.21066666667</dst>
            <dst id="CHINng">12295.664</dst>
            <dst id="DNVRng">3767.55466666667</dst>
            <dst id="HSTNng">2889.408</dst>
            <dst id="IPLSng">16519.6693333333</dst>
            <dst id="KSCYng">1686.76266666667</dst>
            <dst id="LOSAng">4876.784</dst>
            <dst id="NYCMng">14138.3786666667</dst>
            <dst id="SNVAng">21522.8293333333</dst>
            <dst id="STTLng">1754.432</dst>
            <dst id="WASHng">4995.94933333333</dst>
        </src>
        <src id="WASHng">
            <dst id="ATLA-M5">96.1786666666667</dst>
            <dst id="ATLAng">95185.352</dst>
            <dst id="CHINng">89211.3333333333</dst>
            <dst id="DNVRng">31150.1066666667</dst>
            <dst id="HSTNng">74693.4</dst>
            <dst id="IPLSng">19769.672</dst>
            <dst id="KSCYng">30589.208</dst>
            <dst id="LOSAng">63288.3973333333</dst>
            <dst id="NYCMng">123923.384</dst>
            <dst id="SNVAng">29899.432</dst>
            <dst id="STTLng">50137.7493333333</dst>
            <dst id="WASHng">245243.792</dst>
        </src>
    </IntraTM>
</TrafficMatrixFile>
