<?xml version="1.0" encoding="ISO-8859-1" standalone="yes"?>
<TrafficMatrixFile xsi:noNamespaceSchemaLocation="http://totem.run.montefiore.ulg.ac.be/Schema/TrafficMatrix-v1_2.xsd" xmlns:xsi="http://www.w3.org/2001/XMLSchema-instance">
    <IntraTM ASID="11537">
        <src id="ATLA-M5">
            <dst id="ATLA-M5">0</dst>
            <dst id="ATLAng">53.3333333333333</dst>
            <dst id="CHINng">100.925333333333</dst>
            <dst id="DNVRng">0</dst>
            <dst id="HSTNng">26.6666666666667</dst>
            <dst id="IPLSng">0</dst>
            <dst id="KSCYng">26.6666666666667</dst>
            <dst id="LOSAng">26.6666666666667</dst>
            <dst id="NYCMng">53.3333333333333</dst>
            <dst id="SNVAng">0</dst>
            <dst id="STTLng">93.3333333333333</dst>
            <dst id="WASHng">961.469333333334</dst>
        </src>
        <src id="ATLAng">
            <dst id="ATLA-M5">86.1066666666667</dst>
            <dst id="ATLAng">22210.4746666667</dst>
            <dst id="CHINng">8709.91466666667</dst>
            <dst id="DNVRng">2680.90933333333</dst>
            <dst id="HSTNng">607.466666666667</dst>
            <dst id="IPLSng">11153.7226666667</dst>
            <dst id="KSCYng">1192.704</dst>
            <dst id="LOSAng">1448.68</dst>
            <dst id="NYCMng">2623.53066666667</dst>
            <dst id="SNVAng">1209.20266666667</dst>
            <dst id="STTLng">2642.10133333333</dst>
            <dst id="WASHng">21547.0853333333</dst>
        </src>
        <src id="CHINng">
            <dst id="ATLA-M5">121.005333333333</dst>
            <dst id="ATLAng">15436.9893333333</dst>
            <dst id="CHINng">54930.5626666667</dst>
            <dst id="DNVRng">3518.62133333333</dst>
            <dst id="HSTNng">6805.864</dst>
            <dst id="IPLSng">10628.32</dst>
            <dst id="KSCYng">4901.89866666667</dst>
            <dst id="LOSAng">6990.208</dst>
            <dst id="NYCMng">11612.808</dst>
            <dst id="SNVAng">18846.24</dst>
            <dst id="STTLng">17704.8053333333</dst>
            <dst id="WASHng">11279.8986666667</dst>
        </src>
        <src id="DNVRng">
            <dst id="ATLA-M5">71.36</dst>
            <dst id="ATLAng">3120.77066666667</dst>
            <dst id="CHINng">38244.1626666667</dst>
            <dst id="DNVRng">12557.6933333333</dst>
            <dst id="HSTNng">32976.56</dst>
            <dst id="IPLSng">31466.368</dst>
            <dst id="KSCYng">42672.7786666667</dst>
            <dst id="LOSAng">2954.35733333333</dst>
            <dst id="NYCMng">14522.9146666667</dst>
            <dst id="SNVAng">26431.472</dst>
            <dst id="STTLng">16186.5093333333</dst>
            <dst id="WASHng">58516.4773333333</dst>
        </src>
        <src id="HSTNng">
            <dst id="ATLA-M5">177.589333333333</dst>
            <dst id="ATLAng">1702.02933333333</dst>
            <dst id="CHINng">8443.94133333333</dst>
            <dst id="DNVRng">1386.66933333333</dst>
            <dst id="HSTNng">16641.5413333333</dst>
            <dst id="IPLSng">2136.37066666667</dst>
            <dst id="KSCYng">656.421333333333</dst>
            <dst id="LOSAng">851.661333333333</dst>
            <dst id="NYCMng">1558.98666666667</dst>
            <dst id="SNVAng">26.6666666666667</dst>
            <dst id="STTLng">1365.79733333333</dst>
            <dst id="WASHng">6403.34133333333</dst>
        </src>
        <src id="IPLSng">
            <dst id="ATLA-M5">56</dst>
            <dst id="ATLAng">3652.46666666667</dst>
            <dst id="CHINng">29805.712</dst>
            <dst id="DNVRng">6639.23733333333</dst>
            <dst id="HSTNng">694.952</dst>
            <dst id="IPLSng">1530.848</dst>
            <dst id="KSCYng">1377</dst>
            <dst id="LOSAng">2808.30933333333</dst>
            <dst id="NYCMng">10617.3226666667</dst>
            <dst id="SNVAng">1658.70666666667</dst>
            <dst id="STTLng">16611.4053333333</dst>
            <dst id="WASHng">5931.95466666667</dst>
        </src>
        <src id="KSCYng">
            <dst id="ATLA-M5">0</dst>
            <dst id="ATLAng">5375.728</dst>
            <dst id="CHINng">9080.96</dst>
            <dst id="DNVRng">4664.39466666667</dst>
            <dst id="HSTNng">3272.992</dst>
            <dst id="IPLSng">11251.4746666667</dst>
            <dst id="KSCYng">14756.192</dst>
            <dst id="LOSAng">2038.728</dst>
            <dst id="NYCMng">4098.40533333333</dst>
            <dst id="SNVAng">2790.96266666667</dst>
            <dst id="STTLng">688.376</dst>
            <dst id="WASHng">7011.65333333333</dst>
        </src>
        <src id="LOSAng">
            <dst id="ATLA-M5">0</dst>
            <dst id="ATLAng">10592.5733333333</dst>
            <dst id="CHINng">39732.4346666667</dst>
            <dst id="DNVRng">8590.92266666667</dst>
            <dst id="HSTNng">1876.15733333333</dst>
            <dst id="IPLSng">9735.50933333333</dst>
            <dst id="KSCYng">919.392</dst>
            <dst id="LOSAng">20401.472</dst>
            <dst id="NYCMng">26334.4533333333</dst>
            <dst id="SNVAng">20819.2666666667</dst>
            <dst id="STTLng">19471.2986666667</dst>
            <dst id="WASHng">71724.336</dst>
        </src>
        <src id="NYCMng">
            <dst id="ATLA-M5">134.96</dst>
            <dst id="ATLAng">9164.50133333334</dst>
            <dst id="CHINng">21012.8906666667</dst>
            <dst id="DNVRng">24006.376</dst>
            <dst id="HSTNng">6768.16533333333</dst>
            <dst id="IPLSng">28601.024</dst>
            <dst id="KSCYng">4725.92</dst>
            <dst id="LOSAng">3084.86133333333</dst>
            <dst id="NYCMng">80032.1653333334</dst>
            <dst id="SNVAng">28210.8053333333</dst>
            <dst id="STTLng">21056.9786666667</dst>
            <dst id="WASHng">44215.9626666667</dst>
        </src>
        <src id="SNVAng">
            <dst id="ATLA-M5">0</dst>
            <dst id="ATLAng">26.6666666666667</dst>
            <dst id="CHINng">74.784</dst>
            <dst id="DNVRng">9528.15466666667</dst>
            <dst id="HSTNng">26.6666666666667</dst>
            <dst id="IPLSng">176.634666666667</dst>
            <dst id="KSCYng">69.8133333333333</dst>
            <dst id="LOSAng">2451.424</dst>
            <dst id="NYCMng">26.6666666666667</dst>
            <dst id="SNVAng">7718.82666666667</dst>
            <dst id="STTLng">41555.0213333333</dst>
            <dst id="WASHng">53.3333333333333</dst>
        </src>
        <src id="STTLng">
            <dst id="ATLA-M5">53.3333333333333</dst>
            <dst id="ATLAng">5098.408</dst>
            <dst id="CHINng">8735.59733333333</dst>
            <dst id="DNVRng">4273.69333333333</dst>
            <dst id="HSTNng">1724.06933333333</dst>
            <dst id="IPLSng">7865.48533333333</dst>
            <dst id="KSCYng">1307.616</dst>
            <dst id="LOSAng">1278.4</dst>
            <dst id="NYCMng">12147.104</dst>
            <dst id="SNVAng">17065.4613333333</dst>
            <dst id="STTLng">2787.25866666667</dst>
            <dst id="WASHng">4983.776</dst>
        </src>
        <src id="WASHng">
            <dst id="ATLA-M5">275.368</dst>
            <dst id="ATLAng">59419.632</dst>
            <dst id="CHINng">80394.5893333333</dst>
            <dst id="DNVRng">26572.1013333333</dst>
            <dst id="HSTNng">23681.8</dst>
            <dst id="IPLSng">32420.208</dst>
            <dst id="KSCYng">28638.16</dst>
            <dst id="LOSAng">76668.616</dst>
            <dst id="NYCMng">141862.381333333</dst>
            <dst id="SNVAng">22110.2506666667</dst>
            <dst id="STTLng">30997.408</dst>
            <dst id="WASHng">184003.306666667</dst>
        </src>
    </IntraTM>
</TrafficMatrixFile>
