<?xml version="1.0" encoding="ISO-8859-1" standalone="yes"?>
<TrafficMatrixFile xsi:noNamespaceSchemaLocation="http://totem.run.montefiore.ulg.ac.be/Schema/TrafficMatrix-v1_2.xsd" xmlns:xsi="http://www.w3.org/2001/XMLSchema-instance">
    <IntraTM ASID="11537">
        <src id="ATLA-M5">
            <dst id="ATLA-M5">4111.21866666667</dst>
            <dst id="ATLAng">0</dst>
            <dst id="CHINng">197.701333333333</dst>
            <dst id="DNVRng">26.6666666666667</dst>
            <dst id="HSTNng">26.6666666666667</dst>
            <dst id="IPLSng">29.3333333333333</dst>
            <dst id="KSCYng">0</dst>
            <dst id="LOSAng">56.672</dst>
            <dst id="NYCMng">26.6666666666667</dst>
            <dst id="SNVAng">56.672</dst>
            <dst id="STTLng">394.410666666667</dst>
            <dst id="WASHng">31.064</dst>
        </src>
        <src id="ATLAng">
            <dst id="ATLA-M5">77.0293333333333</dst>
            <dst id="ATLAng">45538.9306666667</dst>
            <dst id="CHINng">10723.4746666667</dst>
            <dst id="DNVRng">3677.984</dst>
            <dst id="HSTNng">15401.4826666667</dst>
            <dst id="IPLSng">10267.024</dst>
            <dst id="KSCYng">4215.32</dst>
            <dst id="LOSAng">8276.244</dst>
            <dst id="NYCMng">3352.92533333333</dst>
            <dst id="SNVAng">7712.30266666667</dst>
            <dst id="STTLng">2572.66666666667</dst>
            <dst id="WASHng">31115.6053333333</dst>
        </src>
        <src id="CHINng">
            <dst id="ATLA-M5">0</dst>
            <dst id="ATLAng">13212.592</dst>
            <dst id="CHINng">53599.536</dst>
            <dst id="DNVRng">4527.15733333333</dst>
            <dst id="HSTNng">6177.392</dst>
            <dst id="IPLSng">26710.0453333333</dst>
            <dst id="KSCYng">6497.08533333333</dst>
            <dst id="LOSAng">7752.07466666667</dst>
            <dst id="NYCMng">7193.83466666667</dst>
            <dst id="SNVAng">28205.2053333333</dst>
            <dst id="STTLng">7827.752</dst>
            <dst id="WASHng">13138.168</dst>
        </src>
        <src id="DNVRng">
            <dst id="ATLA-M5">223.84</dst>
            <dst id="ATLAng">2000.272</dst>
            <dst id="CHINng">44017.168</dst>
            <dst id="DNVRng">13986.2506666667</dst>
            <dst id="HSTNng">23324.4666666667</dst>
            <dst id="IPLSng">29092.8373333333</dst>
            <dst id="KSCYng">29304.9253333333</dst>
            <dst id="LOSAng">3141.784</dst>
            <dst id="NYCMng">16693.8453333333</dst>
            <dst id="SNVAng">24251.3333333333</dst>
            <dst id="STTLng">6949.768</dst>
            <dst id="WASHng">45967.1333333333</dst>
        </src>
        <src id="HSTNng">
            <dst id="ATLA-M5">559.250666666667</dst>
            <dst id="ATLAng">3168.90666666667</dst>
            <dst id="CHINng">13441.592</dst>
            <dst id="DNVRng">1875.656</dst>
            <dst id="HSTNng">13460.1946666667</dst>
            <dst id="IPLSng">785.181333333333</dst>
            <dst id="KSCYng">643.952</dst>
            <dst id="LOSAng">3589.432</dst>
            <dst id="NYCMng">3226.68</dst>
            <dst id="SNVAng">0</dst>
            <dst id="STTLng">1095.008</dst>
            <dst id="WASHng">1591.61866666667</dst>
        </src>
        <src id="IPLSng">
            <dst id="ATLA-M5">2321.10933333333</dst>
            <dst id="ATLAng">4094.544</dst>
            <dst id="CHINng">39030.1066666667</dst>
            <dst id="DNVRng">8436.57333333333</dst>
            <dst id="HSTNng">301.16</dst>
            <dst id="IPLSng">24371.2666666667</dst>
            <dst id="KSCYng">2599.21066666667</dst>
            <dst id="LOSAng">3840.24</dst>
            <dst id="NYCMng">6989.792</dst>
            <dst id="SNVAng">19420.1973333333</dst>
            <dst id="STTLng">10067.1066666667</dst>
            <dst id="WASHng">13526.9813333333</dst>
        </src>
        <src id="KSCYng">
            <dst id="ATLA-M5">300.272</dst>
            <dst id="ATLAng">2477.656</dst>
            <dst id="CHINng">11257.0933333333</dst>
            <dst id="DNVRng">4693.704</dst>
            <dst id="HSTNng">3300.88</dst>
            <dst id="IPLSng">10871.0533333333</dst>
            <dst id="KSCYng">13634.4586666667</dst>
            <dst id="LOSAng">2187.21066666667</dst>
            <dst id="NYCMng">1553.24533333333</dst>
            <dst id="SNVAng">5198.448</dst>
            <dst id="STTLng">1585.664</dst>
            <dst id="WASHng">6377.888</dst>
        </src>
        <src id="LOSAng">
            <dst id="ATLA-M5">26.6666666666667</dst>
            <dst id="ATLAng">12625.808</dst>
            <dst id="CHINng">87069.9653333333</dst>
            <dst id="DNVRng">9077.85066666667</dst>
            <dst id="HSTNng">2888.14933333333</dst>
            <dst id="IPLSng">9151.94133333333</dst>
            <dst id="KSCYng">4609.576</dst>
            <dst id="LOSAng">25042.1706666667</dst>
            <dst id="NYCMng">23882.384</dst>
            <dst id="SNVAng">24400.672</dst>
            <dst id="STTLng">23259.144</dst>
            <dst id="WASHng">89240.7626666666</dst>
        </src>
        <src id="NYCMng">
            <dst id="ATLA-M5">150.176</dst>
            <dst id="ATLAng">7510.90133333333</dst>
            <dst id="CHINng">31471.5333333333</dst>
            <dst id="DNVRng">22138.1066666667</dst>
            <dst id="HSTNng">5238.92533333333</dst>
            <dst id="IPLSng">6569.93066666667</dst>
            <dst id="KSCYng">3075.568</dst>
            <dst id="LOSAng">8131.832</dst>
            <dst id="NYCMng">88790.3093333333</dst>
            <dst id="SNVAng">50033.0213333333</dst>
            <dst id="STTLng">23171.6213333333</dst>
            <dst id="WASHng">41379.9413333333</dst>
        </src>
        <src id="SNVAng">
            <dst id="ATLA-M5">0</dst>
            <dst id="ATLAng">26.6666666666667</dst>
            <dst id="CHINng">110.592</dst>
            <dst id="DNVRng">40227.2986666667</dst>
            <dst id="HSTNng">0</dst>
            <dst id="IPLSng">8027.82933333333</dst>
            <dst id="KSCYng">26.6666666666667</dst>
            <dst id="LOSAng">3954.40266666667</dst>
            <dst id="NYCMng">80</dst>
            <dst id="SNVAng">36202.3066666667</dst>
            <dst id="STTLng">35047.144</dst>
            <dst id="WASHng">53.3333333333333</dst>
        </src>
        <src id="STTLng">
            <dst id="ATLA-M5">26.6666666666667</dst>
            <dst id="ATLAng">4429.80533333333</dst>
            <dst id="CHINng">22114.7653333333</dst>
            <dst id="DNVRng">4394.86133333333</dst>
            <dst id="HSTNng">2030.44533333333</dst>
            <dst id="IPLSng">9318.904</dst>
            <dst id="KSCYng">1482.24266666667</dst>
            <dst id="LOSAng">5280.63466666667</dst>
            <dst id="NYCMng">13310.1626666667</dst>
            <dst id="SNVAng">21092.2453333333</dst>
            <dst id="STTLng">3304.432</dst>
            <dst id="WASHng">5579.37066666667</dst>
        </src>
        <src id="WASHng">
            <dst id="ATLA-M5">151.2</dst>
            <dst id="ATLAng">54756.696</dst>
            <dst id="CHINng">114342.941333333</dst>
            <dst id="DNVRng">26122.576</dst>
            <dst id="HSTNng">28841.5973333333</dst>
            <dst id="IPLSng">43771.4853333333</dst>
            <dst id="KSCYng">37091.8213333333</dst>
            <dst id="LOSAng">84751.552</dst>
            <dst id="NYCMng">136358.938666667</dst>
            <dst id="SNVAng">47608.608</dst>
            <dst id="STTLng">32984.504</dst>
            <dst id="WASHng">211228.312</dst>
        </src>
    </IntraTM>
</TrafficMatrixFile>
