<?xml version="1.0" encoding="ISO-8859-1" standalone="yes"?>
<TrafficMatrixFile xsi:noNamespaceSchemaLocation="http://totem.run.montefiore.ulg.ac.be/Schema/TrafficMatrix-v1_2.xsd" xmlns:xsi="http://www.w3.org/2001/XMLSchema-instance">
    <IntraTM ASID="11537">
        <src id="ATLA-M5">
            <dst id="ATLA-M5">3962.10666666667</dst>
            <dst id="ATLAng">26.6666666666667</dst>
            <dst id="CHINng">46.816</dst>
            <dst id="DNVRng">0</dst>
            <dst id="HSTNng">97.0373333333334</dst>
            <dst id="IPLSng">66.288</dst>
            <dst id="KSCYng">26.6666666666667</dst>
            <dst id="LOSAng">0</dst>
            <dst id="NYCMng">91.2</dst>
            <dst id="SNVAng">0</dst>
            <dst id="STTLng">425.352</dst>
            <dst id="WASHng">200.24</dst>
        </src>
        <src id="ATLAng">
            <dst id="ATLA-M5">134.344</dst>
            <dst id="ATLAng">28518.6853333333</dst>
            <dst id="CHINng">8407.504</dst>
            <dst id="DNVRng">2554.81866666667</dst>
            <dst id="HSTNng">768.304</dst>
            <dst id="IPLSng">18433.5813333333</dst>
            <dst id="KSCYng">1396.08266666667</dst>
            <dst id="LOSAng">6068.004</dst>
            <dst id="NYCMng">2031.06933333333</dst>
            <dst id="SNVAng">5075.03866666667</dst>
            <dst id="STTLng">1615.56</dst>
            <dst id="WASHng">35660.848</dst>
        </src>
        <src id="CHINng">
            <dst id="ATLA-M5">551.029333333333</dst>
            <dst id="ATLAng">7297.77066666667</dst>
            <dst id="CHINng">109433.069333333</dst>
            <dst id="DNVRng">3719.46133333333</dst>
            <dst id="HSTNng">5637.576</dst>
            <dst id="IPLSng">17397.0213333333</dst>
            <dst id="KSCYng">6051.536</dst>
            <dst id="LOSAng">7772.64533333333</dst>
            <dst id="NYCMng">9120.74133333334</dst>
            <dst id="SNVAng">21432.4266666667</dst>
            <dst id="STTLng">8422.21066666667</dst>
            <dst id="WASHng">10933.968</dst>
        </src>
        <src id="DNVRng">
            <dst id="ATLA-M5">142.88</dst>
            <dst id="ATLAng">2950.85866666667</dst>
            <dst id="CHINng">70830.9146666667</dst>
            <dst id="DNVRng">12938.2613333333</dst>
            <dst id="HSTNng">34257.656</dst>
            <dst id="IPLSng">22866.192</dst>
            <dst id="KSCYng">27348.088</dst>
            <dst id="LOSAng">2202.104</dst>
            <dst id="NYCMng">17784.968</dst>
            <dst id="SNVAng">22616.7013333333</dst>
            <dst id="STTLng">13528.1573333333</dst>
            <dst id="WASHng">43927.024</dst>
        </src>
        <src id="HSTNng">
            <dst id="ATLA-M5">3664.16</dst>
            <dst id="ATLAng">8501.93066666667</dst>
            <dst id="CHINng">20097.1226666667</dst>
            <dst id="DNVRng">1210.34933333333</dst>
            <dst id="HSTNng">14914.376</dst>
            <dst id="IPLSng">6627.16533333333</dst>
            <dst id="KSCYng">535.925333333333</dst>
            <dst id="LOSAng">829.674666666666</dst>
            <dst id="NYCMng">6376.86933333333</dst>
            <dst id="SNVAng">26.6666666666667</dst>
            <dst id="STTLng">1237.60533333333</dst>
            <dst id="WASHng">948.322666666667</dst>
        </src>
        <src id="IPLSng">
            <dst id="ATLA-M5">2325.68266666667</dst>
            <dst id="ATLAng">5201.58933333333</dst>
            <dst id="CHINng">49903.8853333333</dst>
            <dst id="DNVRng">4806.91733333333</dst>
            <dst id="HSTNng">568.024</dst>
            <dst id="IPLSng">3263.65866666667</dst>
            <dst id="KSCYng">578.157333333333</dst>
            <dst id="LOSAng">4836.736</dst>
            <dst id="NYCMng">7639.04533333333</dst>
            <dst id="SNVAng">9938.59733333333</dst>
            <dst id="STTLng">7696.56</dst>
            <dst id="WASHng">8007.09066666667</dst>
        </src>
        <src id="KSCYng">
            <dst id="ATLA-M5">0</dst>
            <dst id="ATLAng">2926.30666666667</dst>
            <dst id="CHINng">16448.4213333333</dst>
            <dst id="DNVRng">5315.14933333333</dst>
            <dst id="HSTNng">3059.32</dst>
            <dst id="IPLSng">10902.688</dst>
            <dst id="KSCYng">10943.9866666667</dst>
            <dst id="LOSAng">2187.216</dst>
            <dst id="NYCMng">1674.33866666667</dst>
            <dst id="SNVAng">5002.81333333333</dst>
            <dst id="STTLng">615.56</dst>
            <dst id="WASHng">5788.71733333333</dst>
        </src>
        <src id="LOSAng">
            <dst id="ATLA-M5">0</dst>
            <dst id="ATLAng">5020.77066666667</dst>
            <dst id="CHINng">101222.482666667</dst>
            <dst id="DNVRng">7678.65866666667</dst>
            <dst id="HSTNng">13049.8106666667</dst>
            <dst id="IPLSng">7992.01333333333</dst>
            <dst id="KSCYng">856.050666666667</dst>
            <dst id="LOSAng">20814.792</dst>
            <dst id="NYCMng">23524.7466666667</dst>
            <dst id="SNVAng">21874.6133333333</dst>
            <dst id="STTLng">14456.1946666667</dst>
            <dst id="WASHng">73653.7173333333</dst>
        </src>
        <src id="NYCMng">
            <dst id="ATLA-M5">26.6666666666667</dst>
            <dst id="ATLAng">7874.424</dst>
            <dst id="CHINng">30896.4453333333</dst>
            <dst id="DNVRng">29440.008</dst>
            <dst id="HSTNng">1268.64266666667</dst>
            <dst id="IPLSng">4735.93866666667</dst>
            <dst id="KSCYng">4074.944</dst>
            <dst id="LOSAng">6681.69066666667</dst>
            <dst id="NYCMng">98143.0666666667</dst>
            <dst id="SNVAng">44384.472</dst>
            <dst id="STTLng">25285.0693333333</dst>
            <dst id="WASHng">37548.984</dst>
        </src>
        <src id="SNVAng">
            <dst id="ATLA-M5">0</dst>
            <dst id="ATLAng">26.6666666666667</dst>
            <dst id="CHINng">0</dst>
            <dst id="DNVRng">2633.39733333333</dst>
            <dst id="HSTNng">0</dst>
            <dst id="IPLSng">158.666666666667</dst>
            <dst id="KSCYng">26.6666666666667</dst>
            <dst id="LOSAng">1651.36</dst>
            <dst id="NYCMng">26.6666666666667</dst>
            <dst id="SNVAng">32772.5866666667</dst>
            <dst id="STTLng">33012.5066666667</dst>
            <dst id="WASHng">84.9093333333333</dst>
        </src>
        <src id="STTLng">
            <dst id="ATLA-M5">57.1226666666667</dst>
            <dst id="ATLAng">4001.62133333333</dst>
            <dst id="CHINng">23370.3946666667</dst>
            <dst id="DNVRng">4041.776</dst>
            <dst id="HSTNng">1150.48533333333</dst>
            <dst id="IPLSng">18314.944</dst>
            <dst id="KSCYng">395.56</dst>
            <dst id="LOSAng">2929.736</dst>
            <dst id="NYCMng">8646.65866666667</dst>
            <dst id="SNVAng">20362.672</dst>
            <dst id="STTLng">2303.32</dst>
            <dst id="WASHng">11167.2053333333</dst>
        </src>
        <src id="WASHng">
            <dst id="ATLA-M5">26.6666666666667</dst>
            <dst id="ATLAng">89965.976</dst>
            <dst id="CHINng">62063.032</dst>
            <dst id="DNVRng">22075.568</dst>
            <dst id="HSTNng">13542.2106666667</dst>
            <dst id="IPLSng">23609.9626666667</dst>
            <dst id="KSCYng">37496.48</dst>
            <dst id="LOSAng">77005.2986666667</dst>
            <dst id="NYCMng">108795.290666667</dst>
            <dst id="SNVAng">31105.7546666667</dst>
            <dst id="STTLng">28606.7946666667</dst>
            <dst id="WASHng">261035.381333333</dst>
        </src>
    </IntraTM>
</TrafficMatrixFile>
