<?xml version="1.0" encoding="ISO-8859-1" standalone="yes"?>
<TrafficMatrixFile xsi:noNamespaceSchemaLocation="http://totem.run.montefiore.ulg.ac.be/Schema/TrafficMatrix-v1_2.xsd" xmlns:xsi="http://www.w3.org/2001/XMLSchema-instance">
    <IntraTM ASID="11537">
        <src id="ATLA-M5">
            <dst id="ATLA-M5">26.6666666666667</dst>
            <dst id="ATLAng">31.6533333333333</dst>
            <dst id="CHINng">505.794666666667</dst>
            <dst id="DNVRng">26.6666666666667</dst>
            <dst id="HSTNng">55.24</dst>
            <dst id="IPLSng">29.0213333333333</dst>
            <dst id="KSCYng">0</dst>
            <dst id="LOSAng">45.4933333333333</dst>
            <dst id="NYCMng">95.9786666666667</dst>
            <dst id="SNVAng">55.7733333333333</dst>
            <dst id="STTLng">71.92</dst>
            <dst id="WASHng">922.48</dst>
        </src>
        <src id="ATLAng">
            <dst id="ATLA-M5">77.5946666666667</dst>
            <dst id="ATLAng">16829.4693333333</dst>
            <dst id="CHINng">3778.62666666667</dst>
            <dst id="DNVRng">6034.92533333333</dst>
            <dst id="HSTNng">440.930666666667</dst>
            <dst id="IPLSng">7852.032</dst>
            <dst id="KSCYng">581.066666666667</dst>
            <dst id="LOSAng">5163.26266666667</dst>
            <dst id="NYCMng">878.565333333333</dst>
            <dst id="SNVAng">101.916</dst>
            <dst id="STTLng">1376.52533333333</dst>
            <dst id="WASHng">29065.456</dst>
        </src>
        <src id="CHINng">
            <dst id="ATLA-M5">180</dst>
            <dst id="ATLAng">13095.808</dst>
            <dst id="CHINng">62025.7333333333</dst>
            <dst id="DNVRng">2797.17866666667</dst>
            <dst id="HSTNng">5954.58666666667</dst>
            <dst id="IPLSng">34530.4933333333</dst>
            <dst id="KSCYng">10781.2826666667</dst>
            <dst id="LOSAng">25988.3493333333</dst>
            <dst id="NYCMng">21122.984</dst>
            <dst id="SNVAng">172.034666666667</dst>
            <dst id="STTLng">5932.024</dst>
            <dst id="WASHng">28357.304</dst>
        </src>
        <src id="DNVRng">
            <dst id="ATLA-M5">247.152</dst>
            <dst id="ATLAng">5537.66666666667</dst>
            <dst id="CHINng">41529.6666666667</dst>
            <dst id="DNVRng">2242.32533333333</dst>
            <dst id="HSTNng">16750.2853333333</dst>
            <dst id="IPLSng">32732.3306666667</dst>
            <dst id="KSCYng">10036.9973333333</dst>
            <dst id="LOSAng">6836.66933333333</dst>
            <dst id="NYCMng">12892.696</dst>
            <dst id="SNVAng">2028.088</dst>
            <dst id="STTLng">4098.408</dst>
            <dst id="WASHng">30586.96</dst>
        </src>
        <src id="HSTNng">
            <dst id="ATLA-M5">1484.10666666667</dst>
            <dst id="ATLAng">2133.624</dst>
            <dst id="CHINng">7180.448</dst>
            <dst id="DNVRng">660.069333333333</dst>
            <dst id="HSTNng">11993.5946666667</dst>
            <dst id="IPLSng">765.949333333333</dst>
            <dst id="KSCYng">1960.26133333333</dst>
            <dst id="LOSAng">1467.34933333333</dst>
            <dst id="NYCMng">6231.608</dst>
            <dst id="SNVAng">26.6666666666667</dst>
            <dst id="STTLng">724.922666666667</dst>
            <dst id="WASHng">14504.0266666667</dst>
        </src>
        <src id="IPLSng">
            <dst id="ATLA-M5">210.144</dst>
            <dst id="ATLAng">10233.1946666667</dst>
            <dst id="CHINng">29444.296</dst>
            <dst id="DNVRng">7895.28266666667</dst>
            <dst id="HSTNng">3818.99466666667</dst>
            <dst id="IPLSng">11512.5973333333</dst>
            <dst id="KSCYng">12488.064</dst>
            <dst id="LOSAng">12940.6373333333</dst>
            <dst id="NYCMng">12891.1626666667</dst>
            <dst id="SNVAng">461.850666666667</dst>
            <dst id="STTLng">4697.57066666667</dst>
            <dst id="WASHng">16408.4506666667</dst>
        </src>
        <src id="KSCYng">
            <dst id="ATLA-M5">0</dst>
            <dst id="ATLAng">4195.27733333333</dst>
            <dst id="CHINng">5809.16</dst>
            <dst id="DNVRng">4622.89066666667</dst>
            <dst id="HSTNng">14952.2053333333</dst>
            <dst id="IPLSng">9318.152</dst>
            <dst id="KSCYng">5859.81066666667</dst>
            <dst id="LOSAng">3528.95466666667</dst>
            <dst id="NYCMng">531.341333333333</dst>
            <dst id="SNVAng">2235.81866666667</dst>
            <dst id="STTLng">354.576</dst>
            <dst id="WASHng">9659.70133333333</dst>
        </src>
        <src id="LOSAng">
            <dst id="ATLA-M5">42.1253333333333</dst>
            <dst id="ATLAng">23001.344</dst>
            <dst id="CHINng">39672.6213333333</dst>
            <dst id="DNVRng">5425.46933333333</dst>
            <dst id="HSTNng">3063.808</dst>
            <dst id="IPLSng">10349.1333333333</dst>
            <dst id="KSCYng">2391.88</dst>
            <dst id="LOSAng">10116.8986666667</dst>
            <dst id="NYCMng">18682.248</dst>
            <dst id="SNVAng">18692.912</dst>
            <dst id="STTLng">46341.7706666667</dst>
            <dst id="WASHng">47201.536</dst>
        </src>
        <src id="NYCMng">
            <dst id="ATLA-M5">240.528</dst>
            <dst id="ATLAng">21219.24</dst>
            <dst id="CHINng">14248.648</dst>
            <dst id="DNVRng">19134.4426666667</dst>
            <dst id="HSTNng">3077.832</dst>
            <dst id="IPLSng">18426.8053333333</dst>
            <dst id="KSCYng">9734.096</dst>
            <dst id="LOSAng">49620.136</dst>
            <dst id="NYCMng">67843.1813333333</dst>
            <dst id="SNVAng">1007.37066666667</dst>
            <dst id="STTLng">14011.9413333333</dst>
            <dst id="WASHng">43021.6613333333</dst>
        </src>
        <src id="SNVAng">
            <dst id="ATLA-M5">0</dst>
            <dst id="ATLAng">0</dst>
            <dst id="CHINng">0</dst>
            <dst id="DNVRng">472.589333333333</dst>
            <dst id="HSTNng">0</dst>
            <dst id="IPLSng">276.869333333333</dst>
            <dst id="KSCYng">26.6666666666667</dst>
            <dst id="LOSAng">28471.0266666667</dst>
            <dst id="NYCMng">86.9066666666667</dst>
            <dst id="SNVAng">6833.33866666667</dst>
            <dst id="STTLng">33734.352</dst>
            <dst id="WASHng">0</dst>
        </src>
        <src id="STTLng">
            <dst id="ATLA-M5">148.386666666667</dst>
            <dst id="ATLAng">6710.976</dst>
            <dst id="CHINng">12687.3573333333</dst>
            <dst id="DNVRng">3108.78666666667</dst>
            <dst id="HSTNng">621.578666666667</dst>
            <dst id="IPLSng">5379.50933333333</dst>
            <dst id="KSCYng">1301.904</dst>
            <dst id="LOSAng">8719.83466666667</dst>
            <dst id="NYCMng">9747.008</dst>
            <dst id="SNVAng">8349.45333333333</dst>
            <dst id="STTLng">3242.81066666667</dst>
            <dst id="WASHng">5631.29333333333</dst>
        </src>
        <src id="WASHng">
            <dst id="ATLA-M5">6811.38133333333</dst>
            <dst id="ATLAng">103868.149333333</dst>
            <dst id="CHINng">78770.04</dst>
            <dst id="DNVRng">55440.0666666667</dst>
            <dst id="HSTNng">6180.41333333333</dst>
            <dst id="IPLSng">66529.6133333333</dst>
            <dst id="KSCYng">28950.2293333333</dst>
            <dst id="LOSAng">78553.248</dst>
            <dst id="NYCMng">139742.736</dst>
            <dst id="SNVAng">672.309333333333</dst>
            <dst id="STTLng">19772.4186666667</dst>
            <dst id="WASHng">209649.213333333</dst>
        </src>
    </IntraTM>
</TrafficMatrixFile>
