<?xml version="1.0" encoding="ISO-8859-1" standalone="yes"?>
<TrafficMatrixFile xsi:noNamespaceSchemaLocation="http://totem.run.montefiore.ulg.ac.be/Schema/TrafficMatrix-v1_2.xsd" xmlns:xsi="http://www.w3.org/2001/XMLSchema-instance">
    <IntraTM ASID="11537">
        <src id="ATLA-M5">
            <dst id="ATLA-M5">0</dst>
            <dst id="ATLAng">0</dst>
            <dst id="CHINng">30.1066666666667</dst>
            <dst id="DNVRng">26.6666666666667</dst>
            <dst id="HSTNng">0</dst>
            <dst id="IPLSng">26.6666666666667</dst>
            <dst id="KSCYng">496.085333333333</dst>
            <dst id="LOSAng">0</dst>
            <dst id="NYCMng">0</dst>
            <dst id="SNVAng">0</dst>
            <dst id="STTLng">0</dst>
            <dst id="WASHng">665.592</dst>
        </src>
        <src id="ATLAng">
            <dst id="ATLA-M5">223.733333333333</dst>
            <dst id="ATLAng">24911.992</dst>
            <dst id="CHINng">8879.23733333333</dst>
            <dst id="DNVRng">2916.824</dst>
            <dst id="HSTNng">369.957333333333</dst>
            <dst id="IPLSng">9027.37066666667</dst>
            <dst id="KSCYng">420.786666666667</dst>
            <dst id="LOSAng">2291.67466666667</dst>
            <dst id="NYCMng">2244.008</dst>
            <dst id="SNVAng">1997.21333333333</dst>
            <dst id="STTLng">2887.056</dst>
            <dst id="WASHng">25669.0293333333</dst>
        </src>
        <src id="CHINng">
            <dst id="ATLA-M5">98.76</dst>
            <dst id="ATLAng">13969.88</dst>
            <dst id="CHINng">48649.104</dst>
            <dst id="DNVRng">3394.25333333333</dst>
            <dst id="HSTNng">4223.91733333333</dst>
            <dst id="IPLSng">11175.704</dst>
            <dst id="KSCYng">6057.56</dst>
            <dst id="LOSAng">5933.06666666667</dst>
            <dst id="NYCMng">10322.8133333333</dst>
            <dst id="SNVAng">21990.9866666667</dst>
            <dst id="STTLng">10679.9546666667</dst>
            <dst id="WASHng">7684.52</dst>
        </src>
        <src id="DNVRng">
            <dst id="ATLA-M5">0</dst>
            <dst id="ATLAng">3149.96266666667</dst>
            <dst id="CHINng">30296.6906666667</dst>
            <dst id="DNVRng">3041.87466666667</dst>
            <dst id="HSTNng">19319.68</dst>
            <dst id="IPLSng">32796.3333333333</dst>
            <dst id="KSCYng">18258.8693333333</dst>
            <dst id="LOSAng">5932.568</dst>
            <dst id="NYCMng">13565.5013333333</dst>
            <dst id="SNVAng">21947.968</dst>
            <dst id="STTLng">13341.48</dst>
            <dst id="WASHng">49692.648</dst>
        </src>
        <src id="HSTNng">
            <dst id="ATLA-M5">128.362666666667</dst>
            <dst id="ATLAng">1274.86133333333</dst>
            <dst id="CHINng">7853.43466666667</dst>
            <dst id="DNVRng">1530.49333333333</dst>
            <dst id="HSTNng">19381.1226666667</dst>
            <dst id="IPLSng">2013.38133333333</dst>
            <dst id="KSCYng">1426.88533333333</dst>
            <dst id="LOSAng">1901.592</dst>
            <dst id="NYCMng">1182.016</dst>
            <dst id="SNVAng">26.6666666666667</dst>
            <dst id="STTLng">1116.568</dst>
            <dst id="WASHng">7172.92533333333</dst>
        </src>
        <src id="IPLSng">
            <dst id="ATLA-M5">41.2</dst>
            <dst id="ATLAng">3919.58133333333</dst>
            <dst id="CHINng">31166.4613333333</dst>
            <dst id="DNVRng">8475.39466666667</dst>
            <dst id="HSTNng">2265.52533333333</dst>
            <dst id="IPLSng">1856.89066666667</dst>
            <dst id="KSCYng">2678.368</dst>
            <dst id="LOSAng">4154.37066666667</dst>
            <dst id="NYCMng">11016.4746666667</dst>
            <dst id="SNVAng">2647.42933333333</dst>
            <dst id="STTLng">11800.1226666667</dst>
            <dst id="WASHng">4429.92</dst>
        </src>
        <src id="KSCYng">
            <dst id="ATLA-M5">26.6666666666667</dst>
            <dst id="ATLAng">5154.56266666667</dst>
            <dst id="CHINng">9578.56</dst>
            <dst id="DNVRng">5604.17333333333</dst>
            <dst id="HSTNng">3526.928</dst>
            <dst id="IPLSng">10894.136</dst>
            <dst id="KSCYng">5582.49333333333</dst>
            <dst id="LOSAng">2101.048</dst>
            <dst id="NYCMng">1315.48</dst>
            <dst id="SNVAng">3330.36266666667</dst>
            <dst id="STTLng">807.922666666667</dst>
            <dst id="WASHng">7557.10666666667</dst>
        </src>
        <src id="LOSAng">
            <dst id="ATLA-M5">0</dst>
            <dst id="ATLAng">35680.0266666667</dst>
            <dst id="CHINng">41647.064</dst>
            <dst id="DNVRng">7519.992</dst>
            <dst id="HSTNng">2477.03733333333</dst>
            <dst id="IPLSng">12055.7413333333</dst>
            <dst id="KSCYng">1015.29333333333</dst>
            <dst id="LOSAng">20862.9893333333</dst>
            <dst id="NYCMng">27225.616</dst>
            <dst id="SNVAng">25467.472</dst>
            <dst id="STTLng">23392.9866666667</dst>
            <dst id="WASHng">74896.5173333333</dst>
        </src>
        <src id="NYCMng">
            <dst id="ATLA-M5">26.6666666666667</dst>
            <dst id="ATLAng">11508.752</dst>
            <dst id="CHINng">24586.472</dst>
            <dst id="DNVRng">26707.4026666667</dst>
            <dst id="HSTNng">6484.04533333333</dst>
            <dst id="IPLSng">11893.024</dst>
            <dst id="KSCYng">3044.952</dst>
            <dst id="LOSAng">4300.096</dst>
            <dst id="NYCMng">71248.424</dst>
            <dst id="SNVAng">26938.2506666667</dst>
            <dst id="STTLng">27586.4586666667</dst>
            <dst id="WASHng">46599.4933333333</dst>
        </src>
        <src id="SNVAng">
            <dst id="ATLA-M5">0</dst>
            <dst id="ATLAng">80</dst>
            <dst id="CHINng">166.816</dst>
            <dst id="DNVRng">1335.576</dst>
            <dst id="HSTNng">0</dst>
            <dst id="IPLSng">211.002666666667</dst>
            <dst id="KSCYng">0</dst>
            <dst id="LOSAng">2327.872</dst>
            <dst id="NYCMng">8405.55733333333</dst>
            <dst id="SNVAng">9284.84</dst>
            <dst id="STTLng">42283.9733333333</dst>
            <dst id="WASHng">0</dst>
        </src>
        <src id="STTLng">
            <dst id="ATLA-M5">80</dst>
            <dst id="ATLAng">5326.184</dst>
            <dst id="CHINng">8912.528</dst>
            <dst id="DNVRng">3500.62133333333</dst>
            <dst id="HSTNng">1415.99466666667</dst>
            <dst id="IPLSng">5930.02133333333</dst>
            <dst id="KSCYng">1353.41866666667</dst>
            <dst id="LOSAng">2161.00533333333</dst>
            <dst id="NYCMng">11590.824</dst>
            <dst id="SNVAng">15912.32</dst>
            <dst id="STTLng">1018.51466666667</dst>
            <dst id="WASHng">5723.78133333333</dst>
        </src>
        <src id="WASHng">
            <dst id="ATLA-M5">227.354666666667</dst>
            <dst id="ATLAng">94795.936</dst>
            <dst id="CHINng">69143.7306666667</dst>
            <dst id="DNVRng">19780.104</dst>
            <dst id="HSTNng">21495.3866666667</dst>
            <dst id="IPLSng">28559.3413333333</dst>
            <dst id="KSCYng">30095.184</dst>
            <dst id="LOSAng">78000.4853333333</dst>
            <dst id="NYCMng">118484.754666667</dst>
            <dst id="SNVAng">22611.6266666667</dst>
            <dst id="STTLng">30991.2266666667</dst>
            <dst id="WASHng">171718.493333333</dst>
        </src>
    </IntraTM>
</TrafficMatrixFile>
