<?xml version="1.0" encoding="ISO-8859-1" standalone="yes"?>
<TrafficMatrixFile xsi:noNamespaceSchemaLocation="http://totem.run.montefiore.ulg.ac.be/Schema/TrafficMatrix-v1_2.xsd" xmlns:xsi="http://www.w3.org/2001/XMLSchema-instance">
    <IntraTM ASID="11537">
        <src id="ATLA-M5">
            <dst id="ATLA-M5">26.6666666666667</dst>
            <dst id="ATLAng">0</dst>
            <dst id="CHINng">268.621333333333</dst>
            <dst id="DNVRng">0</dst>
            <dst id="HSTNng">85.9973333333333</dst>
            <dst id="IPLSng">26.6666666666667</dst>
            <dst id="KSCYng">0</dst>
            <dst id="LOSAng">4727.99466666667</dst>
            <dst id="NYCMng">55.7066666666667</dst>
            <dst id="SNVAng">0</dst>
            <dst id="STTLng">116.261333333333</dst>
            <dst id="WASHng">2334.93066666667</dst>
        </src>
        <src id="ATLAng">
            <dst id="ATLA-M5">53.3733333333333</dst>
            <dst id="ATLAng">24878.9893333333</dst>
            <dst id="CHINng">4266.192</dst>
            <dst id="DNVRng">4937.528</dst>
            <dst id="HSTNng">1058.21866666667</dst>
            <dst id="IPLSng">12069.736</dst>
            <dst id="KSCYng">312.621333333333</dst>
            <dst id="LOSAng">7950.60266666667</dst>
            <dst id="NYCMng">2552.71466666667</dst>
            <dst id="SNVAng">53.3333333333333</dst>
            <dst id="STTLng">2826.31466666667</dst>
            <dst id="WASHng">27357.0293333333</dst>
        </src>
        <src id="CHINng">
            <dst id="ATLA-M5">26.6666666666667</dst>
            <dst id="ATLAng">8827.93866666667</dst>
            <dst id="CHINng">97004.5733333333</dst>
            <dst id="DNVRng">2249.98933333333</dst>
            <dst id="HSTNng">11959.0533333333</dst>
            <dst id="IPLSng">14203.0106666667</dst>
            <dst id="KSCYng">20291.2746666667</dst>
            <dst id="LOSAng">28044.1093333333</dst>
            <dst id="NYCMng">24259.1466666667</dst>
            <dst id="SNVAng">107.296</dst>
            <dst id="STTLng">7989.64</dst>
            <dst id="WASHng">16492.1173333333</dst>
        </src>
        <src id="DNVRng">
            <dst id="ATLA-M5">76.96</dst>
            <dst id="ATLAng">9360.032</dst>
            <dst id="CHINng">45798.9413333333</dst>
            <dst id="DNVRng">11895.5706666667</dst>
            <dst id="HSTNng">27047.872</dst>
            <dst id="IPLSng">29156.8426666667</dst>
            <dst id="KSCYng">20142.2533333333</dst>
            <dst id="LOSAng">6179.128</dst>
            <dst id="NYCMng">12111.4853333333</dst>
            <dst id="SNVAng">8546.136</dst>
            <dst id="STTLng">9811.95733333333</dst>
            <dst id="WASHng">44220.176</dst>
        </src>
        <src id="HSTNng">
            <dst id="ATLA-M5">4965.03466666667</dst>
            <dst id="ATLAng">2114.26666666667</dst>
            <dst id="CHINng">11425.9466666667</dst>
            <dst id="DNVRng">900.909333333333</dst>
            <dst id="HSTNng">15959.5946666667</dst>
            <dst id="IPLSng">8156.44533333333</dst>
            <dst id="KSCYng">658.242666666667</dst>
            <dst id="LOSAng">2035.58933333333</dst>
            <dst id="NYCMng">2607.81866666667</dst>
            <dst id="SNVAng">120.117333333333</dst>
            <dst id="STTLng">2463.18933333333</dst>
            <dst id="WASHng">6927.61866666667</dst>
        </src>
        <src id="IPLSng">
            <dst id="ATLA-M5">26.6666666666667</dst>
            <dst id="ATLAng">20400.6026666667</dst>
            <dst id="CHINng">44785.776</dst>
            <dst id="DNVRng">8153.54133333333</dst>
            <dst id="HSTNng">3922.896</dst>
            <dst id="IPLSng">5527.82666666667</dst>
            <dst id="KSCYng">4425.66666666667</dst>
            <dst id="LOSAng">20177.3786666667</dst>
            <dst id="NYCMng">8035.77066666667</dst>
            <dst id="SNVAng">111.442666666667</dst>
            <dst id="STTLng">4681.06133333333</dst>
            <dst id="WASHng">6377.35466666667</dst>
        </src>
        <src id="KSCYng">
            <dst id="ATLA-M5">26.6666666666667</dst>
            <dst id="ATLAng">2589.28266666667</dst>
            <dst id="CHINng">13050.6026666667</dst>
            <dst id="DNVRng">4139.264</dst>
            <dst id="HSTNng">2541.30933333333</dst>
            <dst id="IPLSng">15495.6373333333</dst>
            <dst id="KSCYng">17697.824</dst>
            <dst id="LOSAng">3423.91733333333</dst>
            <dst id="NYCMng">7866.016</dst>
            <dst id="SNVAng">4171.25333333333</dst>
            <dst id="STTLng">552.490666666667</dst>
            <dst id="WASHng">28022.008</dst>
        </src>
        <src id="LOSAng">
            <dst id="ATLA-M5">107.373333333333</dst>
            <dst id="ATLAng">11622.3493333333</dst>
            <dst id="CHINng">45502.1493333333</dst>
            <dst id="DNVRng">7144.66933333333</dst>
            <dst id="HSTNng">2065.79466666667</dst>
            <dst id="IPLSng">8220.64533333333</dst>
            <dst id="KSCYng">1730.45866666667</dst>
            <dst id="LOSAng">15322.6026666667</dst>
            <dst id="NYCMng">19972.1013333333</dst>
            <dst id="SNVAng">31137.8026666667</dst>
            <dst id="STTLng">31090.1786666667</dst>
            <dst id="WASHng">74116.488</dst>
        </src>
        <src id="NYCMng">
            <dst id="ATLA-M5">381.170666666667</dst>
            <dst id="ATLAng">9791.07466666667</dst>
            <dst id="CHINng">17377.3013333333</dst>
            <dst id="DNVRng">25667.728</dst>
            <dst id="HSTNng">8004.632</dst>
            <dst id="IPLSng">19414.376</dst>
            <dst id="KSCYng">15116.6106666667</dst>
            <dst id="LOSAng">51616.9573333333</dst>
            <dst id="NYCMng">59966.8213333333</dst>
            <dst id="SNVAng">189.266666666667</dst>
            <dst id="STTLng">22034.6293333333</dst>
            <dst id="WASHng">42477.0613333333</dst>
        </src>
        <src id="SNVAng">
            <dst id="ATLA-M5">0</dst>
            <dst id="ATLAng">26.6666666666667</dst>
            <dst id="CHINng">53.3333333333333</dst>
            <dst id="DNVRng">798.402666666667</dst>
            <dst id="HSTNng">0</dst>
            <dst id="IPLSng">212.445333333333</dst>
            <dst id="KSCYng">0</dst>
            <dst id="LOSAng">27930.776</dst>
            <dst id="NYCMng">26.6666666666667</dst>
            <dst id="SNVAng">8290.62666666667</dst>
            <dst id="STTLng">33047.4773333333</dst>
            <dst id="WASHng">26.6666666666667</dst>
        </src>
        <src id="STTLng">
            <dst id="ATLA-M5">602.221333333333</dst>
            <dst id="ATLAng">6910.76266666667</dst>
            <dst id="CHINng">13057.176</dst>
            <dst id="DNVRng">466.645333333333</dst>
            <dst id="HSTNng">593.005333333333</dst>
            <dst id="IPLSng">5017.87466666667</dst>
            <dst id="KSCYng">957.021333333333</dst>
            <dst id="LOSAng">10790.376</dst>
            <dst id="NYCMng">10338.4426666667</dst>
            <dst id="SNVAng">15897.9733333333</dst>
            <dst id="STTLng">2547.312</dst>
            <dst id="WASHng">5464.17866666666</dst>
        </src>
        <src id="WASHng">
            <dst id="ATLA-M5">339.658666666667</dst>
            <dst id="ATLAng">78802.5493333333</dst>
            <dst id="CHINng">58884.056</dst>
            <dst id="DNVRng">50612.648</dst>
            <dst id="HSTNng">23013.8026666667</dst>
            <dst id="IPLSng">52007.9013333333</dst>
            <dst id="KSCYng">31929.2933333333</dst>
            <dst id="LOSAng">94552.5466666667</dst>
            <dst id="NYCMng">127363.621333333</dst>
            <dst id="SNVAng">334.706666666667</dst>
            <dst id="STTLng">26065.6613333333</dst>
            <dst id="WASHng">231265.730666667</dst>
        </src>
    </IntraTM>
</TrafficMatrixFile>
