<?xml version="1.0" encoding="ISO-8859-1" standalone="yes"?>
<TrafficMatrixFile xsi:noNamespaceSchemaLocation="http://totem.run.montefiore.ulg.ac.be/Schema/TrafficMatrix-v1_2.xsd" xmlns:xsi="http://www.w3.org/2001/XMLSchema-instance">
    <IntraTM ASID="11537">
        <src id="ATLA-M5">
            <dst id="ATLA-M5">26.6666666666667</dst>
            <dst id="ATLAng">0</dst>
            <dst id="CHINng">112.688</dst>
            <dst id="DNVRng">1196.43733333333</dst>
            <dst id="HSTNng">69.9653333333333</dst>
            <dst id="IPLSng">79.3013333333333</dst>
            <dst id="KSCYng">0</dst>
            <dst id="LOSAng">26.6666666666667</dst>
            <dst id="NYCMng">26.6666666666667</dst>
            <dst id="SNVAng">26.6666666666667</dst>
            <dst id="STTLng">0</dst>
            <dst id="WASHng">213.405333333333</dst>
        </src>
        <src id="ATLAng">
            <dst id="ATLA-M5">135.781333333333</dst>
            <dst id="ATLAng">24991.0373333333</dst>
            <dst id="CHINng">12842.1733333333</dst>
            <dst id="DNVRng">3179.192</dst>
            <dst id="HSTNng">773.181333333333</dst>
            <dst id="IPLSng">12357.9893333333</dst>
            <dst id="KSCYng">649.493333333333</dst>
            <dst id="LOSAng">8353.564</dst>
            <dst id="NYCMng">8946.14933333333</dst>
            <dst id="SNVAng">7516.71066666667</dst>
            <dst id="STTLng">1536.86933333333</dst>
            <dst id="WASHng">25661.2373333333</dst>
        </src>
        <src id="CHINng">
            <dst id="ATLA-M5">175.085333333333</dst>
            <dst id="ATLAng">17279.2426666667</dst>
            <dst id="CHINng">66762.2586666667</dst>
            <dst id="DNVRng">10687.1066666667</dst>
            <dst id="HSTNng">4770.456</dst>
            <dst id="IPLSng">14645.2346666667</dst>
            <dst id="KSCYng">10633.92</dst>
            <dst id="LOSAng">3161.008</dst>
            <dst id="NYCMng">9148.26666666666</dst>
            <dst id="SNVAng">31141.2826666667</dst>
            <dst id="STTLng">7017.45866666667</dst>
            <dst id="WASHng">16644.776</dst>
        </src>
        <src id="DNVRng">
            <dst id="ATLA-M5">94.5173333333334</dst>
            <dst id="ATLAng">5229.66933333333</dst>
            <dst id="CHINng">33931.176</dst>
            <dst id="DNVRng">10449.2666666667</dst>
            <dst id="HSTNng">22834.272</dst>
            <dst id="IPLSng">26422.112</dst>
            <dst id="KSCYng">21641.16</dst>
            <dst id="LOSAng">2119.66666666667</dst>
            <dst id="NYCMng">15030.8186666667</dst>
            <dst id="SNVAng">31472.2693333333</dst>
            <dst id="STTLng">14038.2986666667</dst>
            <dst id="WASHng">37512.56</dst>
        </src>
        <src id="HSTNng">
            <dst id="ATLA-M5">2022.74666666667</dst>
            <dst id="ATLAng">1037.99733333333</dst>
            <dst id="CHINng">13800.768</dst>
            <dst id="DNVRng">1601.82666666667</dst>
            <dst id="HSTNng">19280.8293333333</dst>
            <dst id="IPLSng">2086.76533333333</dst>
            <dst id="KSCYng">1639.91466666667</dst>
            <dst id="LOSAng">5476.23733333333</dst>
            <dst id="NYCMng">6259.056</dst>
            <dst id="SNVAng">53.3333333333333</dst>
            <dst id="STTLng">904.176</dst>
            <dst id="WASHng">4268.81866666667</dst>
        </src>
        <src id="IPLSng">
            <dst id="ATLA-M5">153.602666666667</dst>
            <dst id="ATLAng">4031.79466666667</dst>
            <dst id="CHINng">35228.9146666667</dst>
            <dst id="DNVRng">7363.456</dst>
            <dst id="HSTNng">1373.58133333333</dst>
            <dst id="IPLSng">12659.5253333333</dst>
            <dst id="KSCYng">2788.40533333333</dst>
            <dst id="LOSAng">1819.42666666667</dst>
            <dst id="NYCMng">5744.89066666666</dst>
            <dst id="SNVAng">4654.03466666667</dst>
            <dst id="STTLng">18249.2</dst>
            <dst id="WASHng">5739.73066666667</dst>
        </src>
        <src id="KSCYng">
            <dst id="ATLA-M5">0</dst>
            <dst id="ATLAng">2596.13866666667</dst>
            <dst id="CHINng">16126.488</dst>
            <dst id="DNVRng">15102.7466666667</dst>
            <dst id="HSTNng">5325.872</dst>
            <dst id="IPLSng">13581.3386666667</dst>
            <dst id="KSCYng">11224.2186666667</dst>
            <dst id="LOSAng">936.053333333333</dst>
            <dst id="NYCMng">3021.93066666667</dst>
            <dst id="SNVAng">6455.48</dst>
            <dst id="STTLng">691.365333333333</dst>
            <dst id="WASHng">7522.17866666666</dst>
        </src>
        <src id="LOSAng">
            <dst id="ATLA-M5">53.3333333333333</dst>
            <dst id="ATLAng">17329.0826666667</dst>
            <dst id="CHINng">44713.6346666667</dst>
            <dst id="DNVRng">11587.416</dst>
            <dst id="HSTNng">1705.31466666667</dst>
            <dst id="IPLSng">9010.28</dst>
            <dst id="KSCYng">1729.112</dst>
            <dst id="LOSAng">18469.3546666667</dst>
            <dst id="NYCMng">27255.3786666667</dst>
            <dst id="SNVAng">25829</dst>
            <dst id="STTLng">25125.952</dst>
            <dst id="WASHng">76014.1813333333</dst>
        </src>
        <src id="NYCMng">
            <dst id="ATLA-M5">428.544</dst>
            <dst id="ATLAng">15638.888</dst>
            <dst id="CHINng">23628.424</dst>
            <dst id="DNVRng">23012.2213333333</dst>
            <dst id="HSTNng">8610.25066666667</dst>
            <dst id="IPLSng">7085.09333333333</dst>
            <dst id="KSCYng">3428.65866666667</dst>
            <dst id="LOSAng">14307.5733333333</dst>
            <dst id="NYCMng">96119.664</dst>
            <dst id="SNVAng">48886.6426666667</dst>
            <dst id="STTLng">34278.3306666667</dst>
            <dst id="WASHng">32868.8293333333</dst>
        </src>
        <src id="SNVAng">
            <dst id="ATLA-M5">0</dst>
            <dst id="ATLAng">633.290666666667</dst>
            <dst id="CHINng">109.610666666667</dst>
            <dst id="DNVRng">6365.688</dst>
            <dst id="HSTNng">0</dst>
            <dst id="IPLSng">217.136</dst>
            <dst id="KSCYng">0</dst>
            <dst id="LOSAng">3138.04266666667</dst>
            <dst id="NYCMng">8154.66666666667</dst>
            <dst id="SNVAng">45834.008</dst>
            <dst id="STTLng">41410.5813333333</dst>
            <dst id="WASHng">80</dst>
        </src>
        <src id="STTLng">
            <dst id="ATLA-M5">0</dst>
            <dst id="ATLAng">4414.80266666667</dst>
            <dst id="CHINng">14890.3226666667</dst>
            <dst id="DNVRng">4018.53866666667</dst>
            <dst id="HSTNng">4814.20533333333</dst>
            <dst id="IPLSng">7262.91466666667</dst>
            <dst id="KSCYng">4057.73066666667</dst>
            <dst id="LOSAng">5526.38133333333</dst>
            <dst id="NYCMng">15176.208</dst>
            <dst id="SNVAng">22206.504</dst>
            <dst id="STTLng">1746.65066666667</dst>
            <dst id="WASHng">5427.544</dst>
        </src>
        <src id="WASHng">
            <dst id="ATLA-M5">85.064</dst>
            <dst id="ATLAng">89024.296</dst>
            <dst id="CHINng">83445.656</dst>
            <dst id="DNVRng">24111.336</dst>
            <dst id="HSTNng">59497.888</dst>
            <dst id="IPLSng">21284.1813333333</dst>
            <dst id="KSCYng">27965.9973333333</dst>
            <dst id="LOSAng">61918.824</dst>
            <dst id="NYCMng">119138.106666667</dst>
            <dst id="SNVAng">32481.7333333333</dst>
            <dst id="STTLng">37718.992</dst>
            <dst id="WASHng">225598.634666667</dst>
        </src>
    </IntraTM>
</TrafficMatrixFile>
