<?xml version="1.0" encoding="ISO-8859-1" standalone="yes"?>
<TrafficMatrixFile xsi:noNamespaceSchemaLocation="http://totem.run.montefiore.ulg.ac.be/Schema/TrafficMatrix-v1_2.xsd" xmlns:xsi="http://www.w3.org/2001/XMLSchema-instance">
    <IntraTM ASID="11537">
        <src id="ATLA-M5">
            <dst id="ATLA-M5">3964.68266666667</dst>
            <dst id="ATLAng">31.68</dst>
            <dst id="CHINng">28.7013333333333</dst>
            <dst id="DNVRng">26.6666666666667</dst>
            <dst id="HSTNng">74.68</dst>
            <dst id="IPLSng">28.368</dst>
            <dst id="KSCYng">26.6666666666667</dst>
            <dst id="LOSAng">26.6666666666667</dst>
            <dst id="NYCMng">0</dst>
            <dst id="SNVAng">0</dst>
            <dst id="STTLng">493.146666666667</dst>
            <dst id="WASHng">439.904</dst>
        </src>
        <src id="ATLAng">
            <dst id="ATLA-M5">90.416</dst>
            <dst id="ATLAng">26739.504</dst>
            <dst id="CHINng">8291.144</dst>
            <dst id="DNVRng">2621.432</dst>
            <dst id="HSTNng">353.576</dst>
            <dst id="IPLSng">15864.608</dst>
            <dst id="KSCYng">1499.70933333333</dst>
            <dst id="LOSAng">5255.74933333333</dst>
            <dst id="NYCMng">2400.35466666667</dst>
            <dst id="SNVAng">4986.224</dst>
            <dst id="STTLng">2076.68266666667</dst>
            <dst id="WASHng">27924.9626666667</dst>
        </src>
        <src id="CHINng">
            <dst id="ATLA-M5">1691.22933333333</dst>
            <dst id="ATLAng">7416.35466666667</dst>
            <dst id="CHINng">100160.778666667</dst>
            <dst id="DNVRng">6109.37866666667</dst>
            <dst id="HSTNng">4492.576</dst>
            <dst id="IPLSng">10109.9573333333</dst>
            <dst id="KSCYng">4797.97866666667</dst>
            <dst id="LOSAng">7295.38133333333</dst>
            <dst id="NYCMng">7687.648</dst>
            <dst id="SNVAng">21974.6826666667</dst>
            <dst id="STTLng">6213.26133333333</dst>
            <dst id="WASHng">11565.6986666667</dst>
        </src>
        <src id="DNVRng">
            <dst id="ATLA-M5">101.92</dst>
            <dst id="ATLAng">3092.68</dst>
            <dst id="CHINng">82544.72</dst>
            <dst id="DNVRng">12376.8453333333</dst>
            <dst id="HSTNng">32367.608</dst>
            <dst id="IPLSng">32223.8586666667</dst>
            <dst id="KSCYng">23428.2853333333</dst>
            <dst id="LOSAng">307.432</dst>
            <dst id="NYCMng">17366.1706666667</dst>
            <dst id="SNVAng">25216.7893333333</dst>
            <dst id="STTLng">9731.408</dst>
            <dst id="WASHng">42489.6346666667</dst>
        </src>
        <src id="HSTNng">
            <dst id="ATLA-M5">3876.58133333333</dst>
            <dst id="ATLAng">1056.25066666667</dst>
            <dst id="CHINng">22222.1466666667</dst>
            <dst id="DNVRng">991.424</dst>
            <dst id="HSTNng">12971.6666666667</dst>
            <dst id="IPLSng">3678.04266666667</dst>
            <dst id="KSCYng">575.04</dst>
            <dst id="LOSAng">1037.424</dst>
            <dst id="NYCMng">5130.02933333333</dst>
            <dst id="SNVAng">26.6666666666667</dst>
            <dst id="STTLng">1298.54666666667</dst>
            <dst id="WASHng">1051.456</dst>
        </src>
        <src id="IPLSng">
            <dst id="ATLA-M5">2086.592</dst>
            <dst id="ATLAng">5298.78933333333</dst>
            <dst id="CHINng">59775.5813333333</dst>
            <dst id="DNVRng">8535.408</dst>
            <dst id="HSTNng">667.146666666667</dst>
            <dst id="IPLSng">5599.272</dst>
            <dst id="KSCYng">1202.81866666667</dst>
            <dst id="LOSAng">4337.07733333333</dst>
            <dst id="NYCMng">11902.632</dst>
            <dst id="SNVAng">15220.888</dst>
            <dst id="STTLng">10602.0293333333</dst>
            <dst id="WASHng">5297.30666666667</dst>
        </src>
        <src id="KSCYng">
            <dst id="ATLA-M5">80.9813333333333</dst>
            <dst id="ATLAng">2387.61866666667</dst>
            <dst id="CHINng">14355.6586666667</dst>
            <dst id="DNVRng">4805.272</dst>
            <dst id="HSTNng">2761.432</dst>
            <dst id="IPLSng">11472.9333333333</dst>
            <dst id="KSCYng">12119.304</dst>
            <dst id="LOSAng">2419.19733333333</dst>
            <dst id="NYCMng">1873.22666666667</dst>
            <dst id="SNVAng">5189.97066666667</dst>
            <dst id="STTLng">677.778666666667</dst>
            <dst id="WASHng">5970.34133333333</dst>
        </src>
        <src id="LOSAng">
            <dst id="ATLA-M5">0</dst>
            <dst id="ATLAng">3861.48533333333</dst>
            <dst id="CHINng">102011.570666667</dst>
            <dst id="DNVRng">6926.304</dst>
            <dst id="HSTNng">2465.624</dst>
            <dst id="IPLSng">11945.2373333333</dst>
            <dst id="KSCYng">934.224</dst>
            <dst id="LOSAng">38941.584</dst>
            <dst id="NYCMng">23165.816</dst>
            <dst id="SNVAng">22640.8506666667</dst>
            <dst id="STTLng">15536.1706666667</dst>
            <dst id="WASHng">73754.9813333333</dst>
        </src>
        <src id="NYCMng">
            <dst id="ATLA-M5">26.6666666666667</dst>
            <dst id="ATLAng">8663.83466666667</dst>
            <dst id="CHINng">30128.6693333333</dst>
            <dst id="DNVRng">24453.7866666667</dst>
            <dst id="HSTNng">1986.43733333333</dst>
            <dst id="IPLSng">5330.98133333333</dst>
            <dst id="KSCYng">4186.984</dst>
            <dst id="LOSAng">7636.728</dst>
            <dst id="NYCMng">92305.208</dst>
            <dst id="SNVAng">41709.1253333333</dst>
            <dst id="STTLng">24268.4373333333</dst>
            <dst id="WASHng">31261.256</dst>
        </src>
        <src id="SNVAng">
            <dst id="ATLA-M5">0</dst>
            <dst id="ATLAng">26.6666666666667</dst>
            <dst id="CHINng">0</dst>
            <dst id="DNVRng">2079.088</dst>
            <dst id="HSTNng">0</dst>
            <dst id="IPLSng">278.728</dst>
            <dst id="KSCYng">0</dst>
            <dst id="LOSAng">1448.03466666667</dst>
            <dst id="NYCMng">0</dst>
            <dst id="SNVAng">31888.488</dst>
            <dst id="STTLng">29928.5173333333</dst>
            <dst id="WASHng">123.061333333333</dst>
        </src>
        <src id="STTLng">
            <dst id="ATLA-M5">53.44</dst>
            <dst id="ATLAng">3655.02666666667</dst>
            <dst id="CHINng">22545.3146666667</dst>
            <dst id="DNVRng">4688.40533333333</dst>
            <dst id="HSTNng">1407.43733333333</dst>
            <dst id="IPLSng">8885.36266666667</dst>
            <dst id="KSCYng">1300.89066666667</dst>
            <dst id="LOSAng">4211.14666666667</dst>
            <dst id="NYCMng">9672.27733333333</dst>
            <dst id="SNVAng">17642.8586666667</dst>
            <dst id="STTLng">1872.19466666667</dst>
            <dst id="WASHng">9900.70133333333</dst>
        </src>
        <src id="WASHng">
            <dst id="ATLA-M5">0</dst>
            <dst id="ATLAng">85046.6053333333</dst>
            <dst id="CHINng">79055.744</dst>
            <dst id="DNVRng">29004.056</dst>
            <dst id="HSTNng">17254.1093333333</dst>
            <dst id="IPLSng">21105.0746666667</dst>
            <dst id="KSCYng">33649.0773333333</dst>
            <dst id="LOSAng">73089.8266666667</dst>
            <dst id="NYCMng">100886.784</dst>
            <dst id="SNVAng">24234.112</dst>
            <dst id="STTLng">18887.864</dst>
            <dst id="WASHng">278406.88</dst>
        </src>
    </IntraTM>
</TrafficMatrixFile>
