<?xml version="1.0" encoding="ISO-8859-1" standalone="yes"?>
<TrafficMatrixFile xsi:noNamespaceSchemaLocation="http://totem.run.montefiore.ulg.ac.be/Schema/TrafficMatrix-v1_2.xsd" xmlns:xsi="http://www.w3.org/2001/XMLSchema-instance">
    <IntraTM ASID="11537">
        <src id="ATLA-M5">
            <dst id="ATLA-M5">26.6666666666667</dst>
            <dst id="ATLAng">0</dst>
            <dst id="CHINng">395.381333333333</dst>
            <dst id="DNVRng">0</dst>
            <dst id="HSTNng">76.3546666666667</dst>
            <dst id="IPLSng">0</dst>
            <dst id="KSCYng">0</dst>
            <dst id="LOSAng">170.912</dst>
            <dst id="NYCMng">184.776</dst>
            <dst id="SNVAng">54.776</dst>
            <dst id="STTLng">96.632</dst>
            <dst id="WASHng">178.656</dst>
        </src>
        <src id="ATLAng">
            <dst id="ATLA-M5">184.32</dst>
            <dst id="ATLAng">13775.0026666667</dst>
            <dst id="CHINng">5641.15733333333</dst>
            <dst id="DNVRng">7772.46933333333</dst>
            <dst id="HSTNng">22016.976</dst>
            <dst id="IPLSng">13761.3786666667</dst>
            <dst id="KSCYng">548.698666666667</dst>
            <dst id="LOSAng">16531.9386666667</dst>
            <dst id="NYCMng">6337.312</dst>
            <dst id="SNVAng">68.7893333333333</dst>
            <dst id="STTLng">1239.66133333333</dst>
            <dst id="WASHng">22100.144</dst>
        </src>
        <src id="CHINng">
            <dst id="ATLA-M5">422.442666666667</dst>
            <dst id="ATLAng">17165.5946666667</dst>
            <dst id="CHINng">75602.6213333333</dst>
            <dst id="DNVRng">2832.288</dst>
            <dst id="HSTNng">5088.96533333333</dst>
            <dst id="IPLSng">30185.9386666667</dst>
            <dst id="KSCYng">5255.90666666667</dst>
            <dst id="LOSAng">24723.3706666667</dst>
            <dst id="NYCMng">23046.4933333333</dst>
            <dst id="SNVAng">80</dst>
            <dst id="STTLng">6714.28533333333</dst>
            <dst id="WASHng">31385.3813333333</dst>
        </src>
        <src id="DNVRng">
            <dst id="ATLA-M5">254.917333333333</dst>
            <dst id="ATLAng">5701.53066666667</dst>
            <dst id="CHINng">42893.2853333333</dst>
            <dst id="DNVRng">13625.216</dst>
            <dst id="HSTNng">22601.7333333333</dst>
            <dst id="IPLSng">45871.0826666667</dst>
            <dst id="KSCYng">25352.0186666667</dst>
            <dst id="LOSAng">8270.048</dst>
            <dst id="NYCMng">13057.24</dst>
            <dst id="SNVAng">8323.41066666666</dst>
            <dst id="STTLng">6523.80266666667</dst>
            <dst id="WASHng">36883.4266666667</dst>
        </src>
        <src id="HSTNng">
            <dst id="ATLA-M5">1618.57066666667</dst>
            <dst id="ATLAng">2146.54133333333</dst>
            <dst id="CHINng">5540.896</dst>
            <dst id="DNVRng">824.592</dst>
            <dst id="HSTNng">17150.968</dst>
            <dst id="IPLSng">698.418666666667</dst>
            <dst id="KSCYng">1799.41866666667</dst>
            <dst id="LOSAng">3835.17066666667</dst>
            <dst id="NYCMng">5503.656</dst>
            <dst id="SNVAng">80</dst>
            <dst id="STTLng">665.141333333333</dst>
            <dst id="WASHng">16899.128</dst>
        </src>
        <src id="IPLSng">
            <dst id="ATLA-M5">0</dst>
            <dst id="ATLAng">11773.5866666667</dst>
            <dst id="CHINng">29671.7706666667</dst>
            <dst id="DNVRng">14279.784</dst>
            <dst id="HSTNng">698.773333333333</dst>
            <dst id="IPLSng">15231.2026666667</dst>
            <dst id="KSCYng">2308.11733333333</dst>
            <dst id="LOSAng">10955.2053333333</dst>
            <dst id="NYCMng">6895.04533333333</dst>
            <dst id="SNVAng">846.786666666667</dst>
            <dst id="STTLng">6372.56533333333</dst>
            <dst id="WASHng">16468.0133333333</dst>
        </src>
        <src id="KSCYng">
            <dst id="ATLA-M5">0</dst>
            <dst id="ATLAng">4198.41066666667</dst>
            <dst id="CHINng">13589.88</dst>
            <dst id="DNVRng">4515.28266666667</dst>
            <dst id="HSTNng">5784.744</dst>
            <dst id="IPLSng">18881.5573333333</dst>
            <dst id="KSCYng">18435.9653333333</dst>
            <dst id="LOSAng">5768.57333333333</dst>
            <dst id="NYCMng">1031.06133333333</dst>
            <dst id="SNVAng">2389.32266666667</dst>
            <dst id="STTLng">381.472</dst>
            <dst id="WASHng">9022.69066666667</dst>
        </src>
        <src id="LOSAng">
            <dst id="ATLA-M5">88.008</dst>
            <dst id="ATLAng">16775.3306666667</dst>
            <dst id="CHINng">47948.1973333333</dst>
            <dst id="DNVRng">10665.0693333333</dst>
            <dst id="HSTNng">3659.216</dst>
            <dst id="IPLSng">9894.26933333333</dst>
            <dst id="KSCYng">3649.976</dst>
            <dst id="LOSAng">8875.46133333333</dst>
            <dst id="NYCMng">20684.5093333333</dst>
            <dst id="SNVAng">23061.7413333333</dst>
            <dst id="STTLng">25495.3626666667</dst>
            <dst id="WASHng">79695.1546666667</dst>
        </src>
        <src id="NYCMng">
            <dst id="ATLA-M5">1093.48</dst>
            <dst id="ATLAng">15508.9866666667</dst>
            <dst id="CHINng">20163.4693333333</dst>
            <dst id="DNVRng">23285.3386666667</dst>
            <dst id="HSTNng">7379.088</dst>
            <dst id="IPLSng">10992.672</dst>
            <dst id="KSCYng">4657.37866666667</dst>
            <dst id="LOSAng">61534.648</dst>
            <dst id="NYCMng">83641.456</dst>
            <dst id="SNVAng">565.008</dst>
            <dst id="STTLng">17868.9146666667</dst>
            <dst id="WASHng">39551.8666666667</dst>
        </src>
        <src id="SNVAng">
            <dst id="ATLA-M5">0</dst>
            <dst id="ATLAng">693.762666666667</dst>
            <dst id="CHINng">53.3333333333333</dst>
            <dst id="DNVRng">1637.352</dst>
            <dst id="HSTNng">0</dst>
            <dst id="IPLSng">199.368</dst>
            <dst id="KSCYng">26.6666666666667</dst>
            <dst id="LOSAng">31042.16</dst>
            <dst id="NYCMng">53.3333333333333</dst>
            <dst id="SNVAng">8388.104</dst>
            <dst id="STTLng">36326.0293333333</dst>
            <dst id="WASHng">0</dst>
        </src>
        <src id="STTLng">
            <dst id="ATLA-M5">160.069333333333</dst>
            <dst id="ATLAng">5851.37866666667</dst>
            <dst id="CHINng">13098.392</dst>
            <dst id="DNVRng">1406.77866666667</dst>
            <dst id="HSTNng">718.098666666667</dst>
            <dst id="IPLSng">3913.544</dst>
            <dst id="KSCYng">3232.34933333333</dst>
            <dst id="LOSAng">9348.59733333333</dst>
            <dst id="NYCMng">21721.4266666667</dst>
            <dst id="SNVAng">10205.256</dst>
            <dst id="STTLng">2082.37333333333</dst>
            <dst id="WASHng">7851.688</dst>
        </src>
        <src id="WASHng">
            <dst id="ATLA-M5">5224.07466666667</dst>
            <dst id="ATLAng">83401.2506666666</dst>
            <dst id="CHINng">61347.136</dst>
            <dst id="DNVRng">62391.952</dst>
            <dst id="HSTNng">16033.2026666667</dst>
            <dst id="IPLSng">51764.7893333333</dst>
            <dst id="KSCYng">21684.032</dst>
            <dst id="LOSAng">97878.6906666667</dst>
            <dst id="NYCMng">211791.130666667</dst>
            <dst id="SNVAng">746.536</dst>
            <dst id="STTLng">16937.7626666667</dst>
            <dst id="WASHng">240928.133333333</dst>
        </src>
    </IntraTM>
</TrafficMatrixFile>
