<?xml version="1.0" encoding="ISO-8859-1" standalone="yes"?>
<TrafficMatrixFile xsi:noNamespaceSchemaLocation="http://totem.run.montefiore.ulg.ac.be/Schema/TrafficMatrix-v1_2.xsd" xmlns:xsi="http://www.w3.org/2001/XMLSchema-instance">
    <IntraTM ASID="11537">
        <src id="ATLA-M5">
            <dst id="ATLA-M5">0</dst>
            <dst id="ATLAng">80</dst>
            <dst id="CHINng">484.538666666667</dst>
            <dst id="DNVRng">53.3333333333333</dst>
            <dst id="HSTNng">68.912</dst>
            <dst id="IPLSng">53.3333333333333</dst>
            <dst id="KSCYng">0</dst>
            <dst id="LOSAng">0</dst>
            <dst id="NYCMng">448.848</dst>
            <dst id="SNVAng">0</dst>
            <dst id="STTLng">0</dst>
            <dst id="WASHng">132.864</dst>
        </src>
        <src id="ATLAng">
            <dst id="ATLA-M5">109.354666666667</dst>
            <dst id="ATLAng">58559.984</dst>
            <dst id="CHINng">6222.47466666667</dst>
            <dst id="DNVRng">3381.68</dst>
            <dst id="HSTNng">39632.672</dst>
            <dst id="IPLSng">17426.84</dst>
            <dst id="KSCYng">488.496</dst>
            <dst id="LOSAng">15989.7893333333</dst>
            <dst id="NYCMng">1590.47733333333</dst>
            <dst id="SNVAng">50.296</dst>
            <dst id="STTLng">3691.80533333333</dst>
            <dst id="WASHng">25187.064</dst>
        </src>
        <src id="CHINng">
            <dst id="ATLA-M5">47.6693333333333</dst>
            <dst id="ATLAng">19766.1866666667</dst>
            <dst id="CHINng">92610.1306666667</dst>
            <dst id="DNVRng">5815.42133333333</dst>
            <dst id="HSTNng">7754.65333333333</dst>
            <dst id="IPLSng">34107.2453333333</dst>
            <dst id="KSCYng">7344.62133333333</dst>
            <dst id="LOSAng">32424.832</dst>
            <dst id="NYCMng">9924.93066666667</dst>
            <dst id="SNVAng">387.293333333333</dst>
            <dst id="STTLng">6607.27466666667</dst>
            <dst id="WASHng">14668.7733333333</dst>
        </src>
        <src id="DNVRng">
            <dst id="ATLA-M5">121.162666666667</dst>
            <dst id="ATLAng">3907.50133333333</dst>
            <dst id="CHINng">41071.6586666667</dst>
            <dst id="DNVRng">12016.7306666667</dst>
            <dst id="HSTNng">26432.1706666667</dst>
            <dst id="IPLSng">30788.0293333333</dst>
            <dst id="KSCYng">33567.864</dst>
            <dst id="LOSAng">23669.528</dst>
            <dst id="NYCMng">15615.4293333333</dst>
            <dst id="SNVAng">10306.896</dst>
            <dst id="STTLng">11908.6933333333</dst>
            <dst id="WASHng">34682.8506666667</dst>
        </src>
        <src id="HSTNng">
            <dst id="ATLA-M5">1972.208</dst>
            <dst id="ATLAng">1959.704</dst>
            <dst id="CHINng">8096.86666666667</dst>
            <dst id="DNVRng">1342.09066666667</dst>
            <dst id="HSTNng">19324.3333333333</dst>
            <dst id="IPLSng">2568.44533333333</dst>
            <dst id="KSCYng">839.461333333333</dst>
            <dst id="LOSAng">2942.432</dst>
            <dst id="NYCMng">4002.74133333333</dst>
            <dst id="SNVAng">80</dst>
            <dst id="STTLng">960.506666666667</dst>
            <dst id="WASHng">5601.15733333333</dst>
        </src>
        <src id="IPLSng">
            <dst id="ATLA-M5">1712.31466666667</dst>
            <dst id="ATLAng">5026.728</dst>
            <dst id="CHINng">35991.7413333333</dst>
            <dst id="DNVRng">6354.86933333333</dst>
            <dst id="HSTNng">1096.08</dst>
            <dst id="IPLSng">23459.6</dst>
            <dst id="KSCYng">2599.23733333333</dst>
            <dst id="LOSAng">10870.4773333333</dst>
            <dst id="NYCMng">7353.44</dst>
            <dst id="SNVAng">1749.936</dst>
            <dst id="STTLng">7336.38666666667</dst>
            <dst id="WASHng">28046.3306666667</dst>
        </src>
        <src id="KSCYng">
            <dst id="ATLA-M5">26.6666666666667</dst>
            <dst id="ATLAng">3199.38133333333</dst>
            <dst id="CHINng">11418.224</dst>
            <dst id="DNVRng">5040.41333333333</dst>
            <dst id="HSTNng">3364.72533333333</dst>
            <dst id="IPLSng">11778.9786666667</dst>
            <dst id="KSCYng">12701.4346666667</dst>
            <dst id="LOSAng">5632.328</dst>
            <dst id="NYCMng">2550.44266666667</dst>
            <dst id="SNVAng">2363.17066666667</dst>
            <dst id="STTLng">3776.81866666667</dst>
            <dst id="WASHng">11577.3626666667</dst>
        </src>
        <src id="LOSAng">
            <dst id="ATLA-M5">0</dst>
            <dst id="ATLAng">21233.0853333333</dst>
            <dst id="CHINng">53587.28</dst>
            <dst id="DNVRng">9558.77333333333</dst>
            <dst id="HSTNng">3220.18933333333</dst>
            <dst id="IPLSng">14095.8346666667</dst>
            <dst id="KSCYng">3003.29866666667</dst>
            <dst id="LOSAng">7193.744</dst>
            <dst id="NYCMng">53113.7413333333</dst>
            <dst id="SNVAng">20376.2346666667</dst>
            <dst id="STTLng">42647.6933333333</dst>
            <dst id="WASHng">84229.24</dst>
        </src>
        <src id="NYCMng">
            <dst id="ATLA-M5">3922.12</dst>
            <dst id="ATLAng">9688.76266666667</dst>
            <dst id="CHINng">20986.5386666667</dst>
            <dst id="DNVRng">24792.8533333333</dst>
            <dst id="HSTNng">8047.05333333333</dst>
            <dst id="IPLSng">25075.048</dst>
            <dst id="KSCYng">6426.32533333333</dst>
            <dst id="LOSAng">61842.6853333333</dst>
            <dst id="NYCMng">78654.8586666667</dst>
            <dst id="SNVAng">2287.656</dst>
            <dst id="STTLng">28262.7306666667</dst>
            <dst id="WASHng">46760.056</dst>
        </src>
        <src id="SNVAng">
            <dst id="ATLA-M5">0</dst>
            <dst id="ATLAng">26.6666666666667</dst>
            <dst id="CHINng">26.6666666666667</dst>
            <dst id="DNVRng">3102.57333333333</dst>
            <dst id="HSTNng">26.6666666666667</dst>
            <dst id="IPLSng">265.493333333333</dst>
            <dst id="KSCYng">26.6666666666667</dst>
            <dst id="LOSAng">29297.1946666667</dst>
            <dst id="NYCMng">2781.488</dst>
            <dst id="SNVAng">7511.32</dst>
            <dst id="STTLng">34264.6</dst>
            <dst id="WASHng">0</dst>
        </src>
        <src id="STTLng">
            <dst id="ATLA-M5">26.6666666666667</dst>
            <dst id="ATLAng">8043.06666666667</dst>
            <dst id="CHINng">8943.97866666667</dst>
            <dst id="DNVRng">3316.90666666667</dst>
            <dst id="HSTNng">1147.51733333333</dst>
            <dst id="IPLSng">5938.44266666667</dst>
            <dst id="KSCYng">2064.78133333333</dst>
            <dst id="LOSAng">19552.52</dst>
            <dst id="NYCMng">17498.728</dst>
            <dst id="SNVAng">7412.824</dst>
            <dst id="STTLng">1832.376</dst>
            <dst id="WASHng">6030.936</dst>
        </src>
        <src id="WASHng">
            <dst id="ATLA-M5">2130.208</dst>
            <dst id="ATLAng">62460.3653333333</dst>
            <dst id="CHINng">48838.1066666667</dst>
            <dst id="DNVRng">46856.288</dst>
            <dst id="HSTNng">16069.248</dst>
            <dst id="IPLSng">56292.9626666667</dst>
            <dst id="KSCYng">27931.24</dst>
            <dst id="LOSAng">118158.328</dst>
            <dst id="NYCMng">139518.488</dst>
            <dst id="SNVAng">4841.90933333333</dst>
            <dst id="STTLng">28835.2026666667</dst>
            <dst id="WASHng">184994.616</dst>
        </src>
    </IntraTM>
</TrafficMatrixFile>
