<?xml version="1.0" encoding="ISO-8859-1" standalone="yes"?>
<TrafficMatrixFile xsi:noNamespaceSchemaLocation="http://totem.run.montefiore.ulg.ac.be/Schema/TrafficMatrix-v1_2.xsd" xmlns:xsi="http://www.w3.org/2001/XMLSchema-instance">
    <IntraTM ASID="11537">
        <src id="ATLA-M5">
            <dst id="ATLA-M5">0</dst>
            <dst id="ATLAng">0</dst>
            <dst id="CHINng">133.552</dst>
            <dst id="DNVRng">0</dst>
            <dst id="HSTNng">0</dst>
            <dst id="IPLSng">26.6666666666667</dst>
            <dst id="KSCYng">0</dst>
            <dst id="LOSAng">56.32</dst>
            <dst id="NYCMng">49.872</dst>
            <dst id="SNVAng">0</dst>
            <dst id="STTLng">68.4106666666667</dst>
            <dst id="WASHng">26.6666666666667</dst>
        </src>
        <src id="ATLAng">
            <dst id="ATLA-M5">32.6773333333333</dst>
            <dst id="ATLAng">21249.6453333333</dst>
            <dst id="CHINng">5428.02933333333</dst>
            <dst id="DNVRng">2310.49333333333</dst>
            <dst id="HSTNng">653.661333333333</dst>
            <dst id="IPLSng">10887.5626666667</dst>
            <dst id="KSCYng">270.496</dst>
            <dst id="LOSAng">11326.512</dst>
            <dst id="NYCMng">3488.91733333333</dst>
            <dst id="SNVAng">13.3333333333333</dst>
            <dst id="STTLng">5461.56266666667</dst>
            <dst id="WASHng">55000.1946666667</dst>
        </src>
        <src id="CHINng">
            <dst id="ATLA-M5">0</dst>
            <dst id="ATLAng">3748.86933333333</dst>
            <dst id="CHINng">48781.2186666667</dst>
            <dst id="DNVRng">10405.392</dst>
            <dst id="HSTNng">14228.7706666667</dst>
            <dst id="IPLSng">18300.544</dst>
            <dst id="KSCYng">5116.54133333333</dst>
            <dst id="LOSAng">23464.9546666667</dst>
            <dst id="NYCMng">26491.824</dst>
            <dst id="SNVAng">1799.86666666667</dst>
            <dst id="STTLng">7422.89333333333</dst>
            <dst id="WASHng">12427.0746666667</dst>
        </src>
        <src id="DNVRng">
            <dst id="ATLA-M5">240.8</dst>
            <dst id="ATLAng">4234.592</dst>
            <dst id="CHINng">38744.2</dst>
            <dst id="DNVRng">2572.42133333333</dst>
            <dst id="HSTNng">17776.6293333333</dst>
            <dst id="IPLSng">29950.2506666667</dst>
            <dst id="KSCYng">9673.6</dst>
            <dst id="LOSAng">9922.192</dst>
            <dst id="NYCMng">12073.456</dst>
            <dst id="SNVAng">2720.89333333333</dst>
            <dst id="STTLng">2948.376</dst>
            <dst id="WASHng">38530.744</dst>
        </src>
        <src id="HSTNng">
            <dst id="ATLA-M5">69.28</dst>
            <dst id="ATLAng">817.605333333333</dst>
            <dst id="CHINng">7226.36266666667</dst>
            <dst id="DNVRng">829.256</dst>
            <dst id="HSTNng">15534.552</dst>
            <dst id="IPLSng">3359.30666666667</dst>
            <dst id="KSCYng">657.130666666667</dst>
            <dst id="LOSAng">1705.152</dst>
            <dst id="NYCMng">1317.728</dst>
            <dst id="SNVAng">53.3333333333333</dst>
            <dst id="STTLng">580.568</dst>
            <dst id="WASHng">5039.072</dst>
        </src>
        <src id="IPLSng">
            <dst id="ATLA-M5">26.6666666666667</dst>
            <dst id="ATLAng">3781.096</dst>
            <dst id="CHINng">38543.1813333333</dst>
            <dst id="DNVRng">5657.33333333333</dst>
            <dst id="HSTNng">1276.336</dst>
            <dst id="IPLSng">4755.10133333333</dst>
            <dst id="KSCYng">1861.448</dst>
            <dst id="LOSAng">18779.5466666667</dst>
            <dst id="NYCMng">36898.7973333333</dst>
            <dst id="SNVAng">229.384</dst>
            <dst id="STTLng">7943.98666666667</dst>
            <dst id="WASHng">5885.93866666667</dst>
        </src>
        <src id="KSCYng">
            <dst id="ATLA-M5">0</dst>
            <dst id="ATLAng">2173.08533333333</dst>
            <dst id="CHINng">6180.68</dst>
            <dst id="DNVRng">4006.86933333333</dst>
            <dst id="HSTNng">2245.11733333333</dst>
            <dst id="IPLSng">7553.48533333333</dst>
            <dst id="KSCYng">5603.43466666667</dst>
            <dst id="LOSAng">3544.74933333333</dst>
            <dst id="NYCMng">2362.70666666667</dst>
            <dst id="SNVAng">1873.07733333333</dst>
            <dst id="STTLng">828.264</dst>
            <dst id="WASHng">9617.58933333334</dst>
        </src>
        <src id="LOSAng">
            <dst id="ATLA-M5">0</dst>
            <dst id="ATLAng">6091.99466666667</dst>
            <dst id="CHINng">49438.1493333333</dst>
            <dst id="DNVRng">5743.592</dst>
            <dst id="HSTNng">2118.536</dst>
            <dst id="IPLSng">4528.064</dst>
            <dst id="KSCYng">1675.22133333333</dst>
            <dst id="LOSAng">7729.864</dst>
            <dst id="NYCMng">16507.008</dst>
            <dst id="SNVAng">25658.112</dst>
            <dst id="STTLng">21102.9253333333</dst>
            <dst id="WASHng">72318.7066666667</dst>
        </src>
        <src id="NYCMng">
            <dst id="ATLA-M5">53.3333333333333</dst>
            <dst id="ATLAng">7092.93066666667</dst>
            <dst id="CHINng">16653.9706666667</dst>
            <dst id="DNVRng">27526.3973333333</dst>
            <dst id="HSTNng">6753.816</dst>
            <dst id="IPLSng">24160.1093333333</dst>
            <dst id="KSCYng">4050.28</dst>
            <dst id="LOSAng">49496.5946666667</dst>
            <dst id="NYCMng">64315.864</dst>
            <dst id="SNVAng">2027.78133333333</dst>
            <dst id="STTLng">14350.8053333333</dst>
            <dst id="WASHng">32166.208</dst>
        </src>
        <src id="SNVAng">
            <dst id="ATLA-M5">0</dst>
            <dst id="ATLAng">26.6666666666667</dst>
            <dst id="CHINng">53.3333333333333</dst>
            <dst id="DNVRng">3552.57066666667</dst>
            <dst id="HSTNng">26.6666666666667</dst>
            <dst id="IPLSng">173.269333333333</dst>
            <dst id="KSCYng">0</dst>
            <dst id="LOSAng">30150.008</dst>
            <dst id="NYCMng">53.3333333333333</dst>
            <dst id="SNVAng">6803.824</dst>
            <dst id="STTLng">28649.6106666667</dst>
            <dst id="WASHng">80</dst>
        </src>
        <src id="STTLng">
            <dst id="ATLA-M5">180.562666666667</dst>
            <dst id="ATLAng">5591.272</dst>
            <dst id="CHINng">17920.9973333333</dst>
            <dst id="DNVRng">396.885333333333</dst>
            <dst id="HSTNng">249.410666666667</dst>
            <dst id="IPLSng">3544.6</dst>
            <dst id="KSCYng">640.122666666667</dst>
            <dst id="LOSAng">9288.36533333333</dst>
            <dst id="NYCMng">9409.056</dst>
            <dst id="SNVAng">12664.7226666667</dst>
            <dst id="STTLng">945.402666666667</dst>
            <dst id="WASHng">5011.61333333333</dst>
        </src>
        <src id="WASHng">
            <dst id="ATLA-M5">279.338666666667</dst>
            <dst id="ATLAng">73135.4746666667</dst>
            <dst id="CHINng">37736.0266666667</dst>
            <dst id="DNVRng">34351.312</dst>
            <dst id="HSTNng">5820.94133333333</dst>
            <dst id="IPLSng">63729.744</dst>
            <dst id="KSCYng">28216.288</dst>
            <dst id="LOSAng">91436.968</dst>
            <dst id="NYCMng">124324.424</dst>
            <dst id="SNVAng">240.762666666667</dst>
            <dst id="STTLng">23227.5706666667</dst>
            <dst id="WASHng">182427.826666667</dst>
        </src>
    </IntraTM>
</TrafficMatrixFile>
