<?xml version="1.0" encoding="ISO-8859-1" standalone="yes"?>
<TrafficMatrixFile xsi:noNamespaceSchemaLocation="http://totem.run.montefiore.ulg.ac.be/Schema/TrafficMatrix-v1_2.xsd" xmlns:xsi="http://www.w3.org/2001/XMLSchema-instance">
    <IntraTM ASID="11537">
        <src id="ATLA-M5">
            <dst id="ATLA-M5">0</dst>
            <dst id="ATLAng">48.128</dst>
            <dst id="CHINng">80.2266666666667</dst>
            <dst id="DNVRng">0</dst>
            <dst id="HSTNng">55.992</dst>
            <dst id="IPLSng">0</dst>
            <dst id="KSCYng">0</dst>
            <dst id="LOSAng">0</dst>
            <dst id="NYCMng">168.357333333333</dst>
            <dst id="SNVAng">69.9493333333333</dst>
            <dst id="STTLng">80.9973333333333</dst>
            <dst id="WASHng">379.341333333333</dst>
        </src>
        <src id="ATLAng">
            <dst id="ATLA-M5">3416.75733333333</dst>
            <dst id="ATLAng">28434.584</dst>
            <dst id="CHINng">9386.192</dst>
            <dst id="DNVRng">2579.53333333333</dst>
            <dst id="HSTNng">5664.392</dst>
            <dst id="IPLSng">14221.4746666667</dst>
            <dst id="KSCYng">231.584</dst>
            <dst id="LOSAng">10424.896</dst>
            <dst id="NYCMng">1681.03733333333</dst>
            <dst id="SNVAng">1467.224</dst>
            <dst id="STTLng">4405.368</dst>
            <dst id="WASHng">22970.6453333333</dst>
        </src>
        <src id="CHINng">
            <dst id="ATLA-M5">0</dst>
            <dst id="ATLAng">10217.7066666667</dst>
            <dst id="CHINng">36285.7946666667</dst>
            <dst id="DNVRng">7507.32266666667</dst>
            <dst id="HSTNng">5170.20533333333</dst>
            <dst id="IPLSng">12539.16</dst>
            <dst id="KSCYng">19566.0586666667</dst>
            <dst id="LOSAng">28454.744</dst>
            <dst id="NYCMng">23677.5333333333</dst>
            <dst id="SNVAng">5380.112</dst>
            <dst id="STTLng">2862.92533333333</dst>
            <dst id="WASHng">13858.6853333333</dst>
        </src>
        <src id="DNVRng">
            <dst id="ATLA-M5">34.368</dst>
            <dst id="ATLAng">3453.576</dst>
            <dst id="CHINng">36753.08</dst>
            <dst id="DNVRng">18065.0186666667</dst>
            <dst id="HSTNng">22076.7866666667</dst>
            <dst id="IPLSng">38986.1973333333</dst>
            <dst id="KSCYng">31477.5573333333</dst>
            <dst id="LOSAng">7274.664</dst>
            <dst id="NYCMng">14723.7413333333</dst>
            <dst id="SNVAng">8971.016</dst>
            <dst id="STTLng">6162.49066666667</dst>
            <dst id="WASHng">55706.2053333333</dst>
        </src>
        <src id="HSTNng">
            <dst id="ATLA-M5">1324.76</dst>
            <dst id="ATLAng">1113.44266666667</dst>
            <dst id="CHINng">5851.94933333333</dst>
            <dst id="DNVRng">1273.92</dst>
            <dst id="HSTNng">16973.9386666667</dst>
            <dst id="IPLSng">5204.36533333333</dst>
            <dst id="KSCYng">1063.41066666667</dst>
            <dst id="LOSAng">1730.456</dst>
            <dst id="NYCMng">1002.59466666667</dst>
            <dst id="SNVAng">26.6666666666667</dst>
            <dst id="STTLng">643.016</dst>
            <dst id="WASHng">3238.49066666667</dst>
        </src>
        <src id="IPLSng">
            <dst id="ATLA-M5">0</dst>
            <dst id="ATLAng">3522.77333333333</dst>
            <dst id="CHINng">20365.464</dst>
            <dst id="DNVRng">6199.14933333333</dst>
            <dst id="HSTNng">3262.87466666667</dst>
            <dst id="IPLSng">15045.88</dst>
            <dst id="KSCYng">1193.10666666667</dst>
            <dst id="LOSAng">11570.84</dst>
            <dst id="NYCMng">5707.62666666667</dst>
            <dst id="SNVAng">7117.544</dst>
            <dst id="STTLng">5724.26933333333</dst>
            <dst id="WASHng">8020.008</dst>
        </src>
        <src id="KSCYng">
            <dst id="ATLA-M5">0</dst>
            <dst id="ATLAng">3429.848</dst>
            <dst id="CHINng">7810.81866666667</dst>
            <dst id="DNVRng">13918.5013333333</dst>
            <dst id="HSTNng">13904.0053333333</dst>
            <dst id="IPLSng">16229.7466666667</dst>
            <dst id="KSCYng">18084.3466666667</dst>
            <dst id="LOSAng">3666.4</dst>
            <dst id="NYCMng">1056.44</dst>
            <dst id="SNVAng">2501.056</dst>
            <dst id="STTLng">5776.77066666667</dst>
            <dst id="WASHng">8834.82666666667</dst>
        </src>
        <src id="LOSAng">
            <dst id="ATLA-M5">53.3333333333333</dst>
            <dst id="ATLAng">9992.84533333333</dst>
            <dst id="CHINng">42884.1813333333</dst>
            <dst id="DNVRng">6800.544</dst>
            <dst id="HSTNng">13406.1253333333</dst>
            <dst id="IPLSng">9140.63733333333</dst>
            <dst id="KSCYng">3485.13066666667</dst>
            <dst id="LOSAng">14535.28</dst>
            <dst id="NYCMng">19137.64</dst>
            <dst id="SNVAng">21980.7973333333</dst>
            <dst id="STTLng">21433.328</dst>
            <dst id="WASHng">95948.5493333333</dst>
        </src>
        <src id="NYCMng">
            <dst id="ATLA-M5">200.021333333333</dst>
            <dst id="ATLAng">6761.688</dst>
            <dst id="CHINng">19853.208</dst>
            <dst id="DNVRng">21583.984</dst>
            <dst id="HSTNng">2334.48</dst>
            <dst id="IPLSng">10294.432</dst>
            <dst id="KSCYng">5409.296</dst>
            <dst id="LOSAng">47058.488</dst>
            <dst id="NYCMng">62067.1733333333</dst>
            <dst id="SNVAng">835.202666666667</dst>
            <dst id="STTLng">7269.13066666667</dst>
            <dst id="WASHng">33646.304</dst>
        </src>
        <src id="SNVAng">
            <dst id="ATLA-M5">0</dst>
            <dst id="ATLAng">26.6666666666667</dst>
            <dst id="CHINng">26.6666666666667</dst>
            <dst id="DNVRng">2509.39466666667</dst>
            <dst id="HSTNng">0</dst>
            <dst id="IPLSng">199.208</dst>
            <dst id="KSCYng">0</dst>
            <dst id="LOSAng">30765.1066666667</dst>
            <dst id="NYCMng">729.869333333333</dst>
            <dst id="SNVAng">7387.41066666667</dst>
            <dst id="STTLng">36609.2613333333</dst>
            <dst id="WASHng">0</dst>
        </src>
        <src id="STTLng">
            <dst id="ATLA-M5">95.288</dst>
            <dst id="ATLAng">5218.74666666667</dst>
            <dst id="CHINng">9254.392</dst>
            <dst id="DNVRng">1935.88266666667</dst>
            <dst id="HSTNng">438.250666666667</dst>
            <dst id="IPLSng">5518.38666666667</dst>
            <dst id="KSCYng">2446.87466666667</dst>
            <dst id="LOSAng">8164.11466666667</dst>
            <dst id="NYCMng">9436.51733333333</dst>
            <dst id="SNVAng">9918.14666666667</dst>
            <dst id="STTLng">2460.12</dst>
            <dst id="WASHng">4228.01066666667</dst>
        </src>
        <src id="WASHng">
            <dst id="ATLA-M5">348.970666666667</dst>
            <dst id="ATLAng">55745.9066666667</dst>
            <dst id="CHINng">64732.9786666666</dst>
            <dst id="DNVRng">62402.2506666667</dst>
            <dst id="HSTNng">30617.8373333333</dst>
            <dst id="IPLSng">53583.184</dst>
            <dst id="KSCYng">32229.3573333333</dst>
            <dst id="LOSAng">127765.573333333</dst>
            <dst id="NYCMng">146530.901333333</dst>
            <dst id="SNVAng">5406.14666666667</dst>
            <dst id="STTLng">46862.7226666667</dst>
            <dst id="WASHng">203739.021333333</dst>
        </src>
    </IntraTM>
</TrafficMatrixFile>
