<?xml version="1.0" encoding="ISO-8859-1" standalone="yes"?>
<TrafficMatrixFile xsi:noNamespaceSchemaLocation="http://totem.run.montefiore.ulg.ac.be/Schema/TrafficMatrix-v1_2.xsd" xmlns:xsi="http://www.w3.org/2001/XMLSchema-instance">
    <IntraTM ASID="11537">
        <src id="ATLA-M5">
            <dst id="ATLA-M5">0</dst>
            <dst id="ATLAng">80</dst>
            <dst id="CHINng">108.682666666667</dst>
            <dst id="DNVRng">0</dst>
            <dst id="HSTNng">61.8453333333333</dst>
            <dst id="IPLSng">106.666666666667</dst>
            <dst id="KSCYng">26.6666666666667</dst>
            <dst id="LOSAng">38.1653333333333</dst>
            <dst id="NYCMng">53.3333333333333</dst>
            <dst id="SNVAng">0</dst>
            <dst id="STTLng">35.0666666666667</dst>
            <dst id="WASHng">892.984</dst>
        </src>
        <src id="ATLAng">
            <dst id="ATLA-M5">142.448</dst>
            <dst id="ATLAng">26859.776</dst>
            <dst id="CHINng">10828.5786666667</dst>
            <dst id="DNVRng">4429.46666666667</dst>
            <dst id="HSTNng">1279.45333333333</dst>
            <dst id="IPLSng">20891.2586666667</dst>
            <dst id="KSCYng">679.821333333333</dst>
            <dst id="LOSAng">10450.576</dst>
            <dst id="NYCMng">7369.04</dst>
            <dst id="SNVAng">8177.49333333333</dst>
            <dst id="STTLng">1774.352</dst>
            <dst id="WASHng">45557.36</dst>
        </src>
        <src id="CHINng">
            <dst id="ATLA-M5">510.642666666667</dst>
            <dst id="ATLAng">12386.944</dst>
            <dst id="CHINng">92942.024</dst>
            <dst id="DNVRng">2651.89333333333</dst>
            <dst id="HSTNng">4665.36533333333</dst>
            <dst id="IPLSng">16814.264</dst>
            <dst id="KSCYng">7631.912</dst>
            <dst id="LOSAng">6810.68266666667</dst>
            <dst id="NYCMng">9620.60266666667</dst>
            <dst id="SNVAng">27507.1893333333</dst>
            <dst id="STTLng">5156.82933333333</dst>
            <dst id="WASHng">20364.944</dst>
        </src>
        <src id="DNVRng">
            <dst id="ATLA-M5">122.88</dst>
            <dst id="ATLAng">11849.2986666667</dst>
            <dst id="CHINng">52524.0053333333</dst>
            <dst id="DNVRng">10859.7146666667</dst>
            <dst id="HSTNng">22750.5573333333</dst>
            <dst id="IPLSng">23492.1973333333</dst>
            <dst id="KSCYng">31865.1333333333</dst>
            <dst id="LOSAng">988.901333333333</dst>
            <dst id="NYCMng">14253.8453333333</dst>
            <dst id="SNVAng">23948.2586666667</dst>
            <dst id="STTLng">4016.16266666667</dst>
            <dst id="WASHng">61279.1733333333</dst>
        </src>
        <src id="HSTNng">
            <dst id="ATLA-M5">0</dst>
            <dst id="ATLAng">6041.60266666667</dst>
            <dst id="CHINng">11166.7066666667</dst>
            <dst id="DNVRng">1152.89333333333</dst>
            <dst id="HSTNng">15917.1866666667</dst>
            <dst id="IPLSng">3871.49866666667</dst>
            <dst id="KSCYng">1243.62933333333</dst>
            <dst id="LOSAng">1976.824</dst>
            <dst id="NYCMng">3409.008</dst>
            <dst id="SNVAng">76.4026666666667</dst>
            <dst id="STTLng">1160.61866666667</dst>
            <dst id="WASHng">2328.12266666667</dst>
        </src>
        <src id="IPLSng">
            <dst id="ATLA-M5">0</dst>
            <dst id="ATLAng">6151.664</dst>
            <dst id="CHINng">69365.3173333333</dst>
            <dst id="DNVRng">5061.27733333333</dst>
            <dst id="HSTNng">1729.62933333333</dst>
            <dst id="IPLSng">9880.48</dst>
            <dst id="KSCYng">1468.92</dst>
            <dst id="LOSAng">6994.53066666667</dst>
            <dst id="NYCMng">16881.088</dst>
            <dst id="SNVAng">6311.688</dst>
            <dst id="STTLng">4938.92533333333</dst>
            <dst id="WASHng">14879.448</dst>
        </src>
        <src id="KSCYng">
            <dst id="ATLA-M5">26.6666666666667</dst>
            <dst id="ATLAng">3304.11466666667</dst>
            <dst id="CHINng">19605.848</dst>
            <dst id="DNVRng">5471.38666666667</dst>
            <dst id="HSTNng">5088.78666666667</dst>
            <dst id="IPLSng">15017.8853333333</dst>
            <dst id="KSCYng">18366.816</dst>
            <dst id="LOSAng">809.898666666667</dst>
            <dst id="NYCMng">1997.632</dst>
            <dst id="SNVAng">4872.68533333333</dst>
            <dst id="STTLng">399.226666666667</dst>
            <dst id="WASHng">8315.912</dst>
        </src>
        <src id="LOSAng">
            <dst id="ATLA-M5">32.5386666666667</dst>
            <dst id="ATLAng">10144.6346666667</dst>
            <dst id="CHINng">111488.853333333</dst>
            <dst id="DNVRng">8055.384</dst>
            <dst id="HSTNng">2332.34933333333</dst>
            <dst id="IPLSng">15459.04</dst>
            <dst id="KSCYng">1085.94666666667</dst>
            <dst id="LOSAng">23369.432</dst>
            <dst id="NYCMng">28471.256</dst>
            <dst id="SNVAng">23564.4746666667</dst>
            <dst id="STTLng">21843.456</dst>
            <dst id="WASHng">82683.5173333334</dst>
        </src>
        <src id="NYCMng">
            <dst id="ATLA-M5">424.330666666667</dst>
            <dst id="ATLAng">15945.4026666667</dst>
            <dst id="CHINng">30870.912</dst>
            <dst id="DNVRng">20961.672</dst>
            <dst id="HSTNng">3405.31466666667</dst>
            <dst id="IPLSng">12003.792</dst>
            <dst id="KSCYng">4920.02933333333</dst>
            <dst id="LOSAng">6983.536</dst>
            <dst id="NYCMng">103221.517333333</dst>
            <dst id="SNVAng">39379.216</dst>
            <dst id="STTLng">17749.928</dst>
            <dst id="WASHng">47559.0213333333</dst>
        </src>
        <src id="SNVAng">
            <dst id="ATLA-M5">0</dst>
            <dst id="ATLAng">113.536</dst>
            <dst id="CHINng">80</dst>
            <dst id="DNVRng">11480.8346666667</dst>
            <dst id="HSTNng">80</dst>
            <dst id="IPLSng">416.194666666667</dst>
            <dst id="KSCYng">62.7733333333333</dst>
            <dst id="LOSAng">686.277333333333</dst>
            <dst id="NYCMng">26.6666666666667</dst>
            <dst id="SNVAng">37225.0533333333</dst>
            <dst id="STTLng">35461.96</dst>
            <dst id="WASHng">457.253333333333</dst>
        </src>
        <src id="STTLng">
            <dst id="ATLA-M5">26.6666666666667</dst>
            <dst id="ATLAng">8075.43466666667</dst>
            <dst id="CHINng">48246.568</dst>
            <dst id="DNVRng">18881.5653333333</dst>
            <dst id="HSTNng">4408.06666666667</dst>
            <dst id="IPLSng">9848.448</dst>
            <dst id="KSCYng">1872.92</dst>
            <dst id="LOSAng">3958.74666666667</dst>
            <dst id="NYCMng">9855.416</dst>
            <dst id="SNVAng">12196.176</dst>
            <dst id="STTLng">2504.83466666667</dst>
            <dst id="WASHng">60272.6933333333</dst>
        </src>
        <src id="WASHng">
            <dst id="ATLA-M5">191.264</dst>
            <dst id="ATLAng">83926.1093333334</dst>
            <dst id="CHINng">75515.2053333333</dst>
            <dst id="DNVRng">29792.5546666667</dst>
            <dst id="HSTNng">14461.7653333333</dst>
            <dst id="IPLSng">25532.456</dst>
            <dst id="KSCYng">29872.7306666667</dst>
            <dst id="LOSAng">63774.1626666667</dst>
            <dst id="NYCMng">153396.581333333</dst>
            <dst id="SNVAng">33767.3253333333</dst>
            <dst id="STTLng">29077.952</dst>
            <dst id="WASHng">310580.453333333</dst>
        </src>
    </IntraTM>
</TrafficMatrixFile>
