<?xml version="1.0" encoding="ISO-8859-1" standalone="yes"?>
<TrafficMatrixFile xsi:noNamespaceSchemaLocation="http://totem.run.montefiore.ulg.ac.be/Schema/TrafficMatrix-v1_2.xsd" xmlns:xsi="http://www.w3.org/2001/XMLSchema-instance">
    <IntraTM ASID="11537">
        <src id="ATLA-M5">
            <dst id="ATLA-M5">31.2266666666667</dst>
            <dst id="ATLAng">53.3333333333333</dst>
            <dst id="CHINng">61.712</dst>
            <dst id="DNVRng">0</dst>
            <dst id="HSTNng">101.856</dst>
            <dst id="IPLSng">0</dst>
            <dst id="KSCYng">0</dst>
            <dst id="LOSAng">141.333333333333</dst>
            <dst id="NYCMng">80</dst>
            <dst id="SNVAng">0</dst>
            <dst id="STTLng">93.536</dst>
            <dst id="WASHng">69.4906666666667</dst>
        </src>
        <src id="ATLAng">
            <dst id="ATLA-M5">92.3066666666667</dst>
            <dst id="ATLAng">21268.416</dst>
            <dst id="CHINng">5197.90133333333</dst>
            <dst id="DNVRng">5236.25066666667</dst>
            <dst id="HSTNng">2285.824</dst>
            <dst id="IPLSng">10594.56</dst>
            <dst id="KSCYng">1164.32</dst>
            <dst id="LOSAng">9416.264</dst>
            <dst id="NYCMng">4812.71466666667</dst>
            <dst id="SNVAng">123.613333333333</dst>
            <dst id="STTLng">6587.78933333333</dst>
            <dst id="WASHng">20400.496</dst>
        </src>
        <src id="CHINng">
            <dst id="ATLA-M5">26.6666666666667</dst>
            <dst id="ATLAng">13568.6933333333</dst>
            <dst id="CHINng">120988.096</dst>
            <dst id="DNVRng">5046.84533333333</dst>
            <dst id="HSTNng">6139.712</dst>
            <dst id="IPLSng">33450.84</dst>
            <dst id="KSCYng">14929.1786666667</dst>
            <dst id="LOSAng">26166.1066666667</dst>
            <dst id="NYCMng">24120.616</dst>
            <dst id="SNVAng">2550.888</dst>
            <dst id="STTLng">4669.888</dst>
            <dst id="WASHng">10049.2266666667</dst>
        </src>
        <src id="DNVRng">
            <dst id="ATLA-M5">84.96</dst>
            <dst id="ATLAng">16297.36</dst>
            <dst id="CHINng">36245.504</dst>
            <dst id="DNVRng">11411.4986666667</dst>
            <dst id="HSTNng">25023.1226666667</dst>
            <dst id="IPLSng">35883.1546666667</dst>
            <dst id="KSCYng">19417.2133333333</dst>
            <dst id="LOSAng">9147.23733333333</dst>
            <dst id="NYCMng">14452.816</dst>
            <dst id="SNVAng">7298.672</dst>
            <dst id="STTLng">5043.40266666667</dst>
            <dst id="WASHng">37195.2586666667</dst>
        </src>
        <src id="HSTNng">
            <dst id="ATLA-M5">3717.56266666667</dst>
            <dst id="ATLAng">2361.21333333333</dst>
            <dst id="CHINng">13314.1653333333</dst>
            <dst id="DNVRng">956.389333333333</dst>
            <dst id="HSTNng">11441.7413333333</dst>
            <dst id="IPLSng">4819.088</dst>
            <dst id="KSCYng">646.213333333333</dst>
            <dst id="LOSAng">5983.39733333333</dst>
            <dst id="NYCMng">2406.06133333333</dst>
            <dst id="SNVAng">207.712</dst>
            <dst id="STTLng">688.589333333333</dst>
            <dst id="WASHng">6617.096</dst>
        </src>
        <src id="IPLSng">
            <dst id="ATLA-M5">0</dst>
            <dst id="ATLAng">15961.104</dst>
            <dst id="CHINng">47472.264</dst>
            <dst id="DNVRng">8325.57066666667</dst>
            <dst id="HSTNng">3694.416</dst>
            <dst id="IPLSng">6442.55466666667</dst>
            <dst id="KSCYng">15775.48</dst>
            <dst id="LOSAng">11664.6933333333</dst>
            <dst id="NYCMng">15600.872</dst>
            <dst id="SNVAng">128.904</dst>
            <dst id="STTLng">5886.99733333333</dst>
            <dst id="WASHng">12966.3893333333</dst>
        </src>
        <src id="KSCYng">
            <dst id="ATLA-M5">0</dst>
            <dst id="ATLAng">7238.82933333333</dst>
            <dst id="CHINng">13681.1653333333</dst>
            <dst id="DNVRng">4319.968</dst>
            <dst id="HSTNng">3453.32266666667</dst>
            <dst id="IPLSng">22639.856</dst>
            <dst id="KSCYng">15199.2746666667</dst>
            <dst id="LOSAng">2973.2</dst>
            <dst id="NYCMng">4318.19733333333</dst>
            <dst id="SNVAng">2104.03466666667</dst>
            <dst id="STTLng">1084.072</dst>
            <dst id="WASHng">13362.8293333333</dst>
        </src>
        <src id="LOSAng">
            <dst id="ATLA-M5">953.298666666667</dst>
            <dst id="ATLAng">12277.4853333333</dst>
            <dst id="CHINng">53798.192</dst>
            <dst id="DNVRng">15357.2666666667</dst>
            <dst id="HSTNng">3058.99733333333</dst>
            <dst id="IPLSng">12024.792</dst>
            <dst id="KSCYng">4520.82666666667</dst>
            <dst id="LOSAng">6773.416</dst>
            <dst id="NYCMng">23023.368</dst>
            <dst id="SNVAng">21702.584</dst>
            <dst id="STTLng">17567.928</dst>
            <dst id="WASHng">74555.128</dst>
        </src>
        <src id="NYCMng">
            <dst id="ATLA-M5">221.429333333333</dst>
            <dst id="ATLAng">12886.8133333333</dst>
            <dst id="CHINng">18990.3413333333</dst>
            <dst id="DNVRng">22015.9866666667</dst>
            <dst id="HSTNng">2929.56533333333</dst>
            <dst id="IPLSng">18132.104</dst>
            <dst id="KSCYng">4558.96533333333</dst>
            <dst id="LOSAng">47936.7493333333</dst>
            <dst id="NYCMng">96575.9866666666</dst>
            <dst id="SNVAng">1074.82666666667</dst>
            <dst id="STTLng">20661.9786666667</dst>
            <dst id="WASHng">32963.1706666667</dst>
        </src>
        <src id="SNVAng">
            <dst id="ATLA-M5">0</dst>
            <dst id="ATLAng">0</dst>
            <dst id="CHINng">53.3333333333333</dst>
            <dst id="DNVRng">234.733333333333</dst>
            <dst id="HSTNng">26.6666666666667</dst>
            <dst id="IPLSng">197.805333333333</dst>
            <dst id="KSCYng">26.6666666666667</dst>
            <dst id="LOSAng">40526.792</dst>
            <dst id="NYCMng">26.6666666666667</dst>
            <dst id="SNVAng">7697.38666666667</dst>
            <dst id="STTLng">35708.136</dst>
            <dst id="WASHng">26.6666666666667</dst>
        </src>
        <src id="STTLng">
            <dst id="ATLA-M5">1275.29333333333</dst>
            <dst id="ATLAng">6648.42666666667</dst>
            <dst id="CHINng">14123.5626666667</dst>
            <dst id="DNVRng">1838.184</dst>
            <dst id="HSTNng">987.896</dst>
            <dst id="IPLSng">5573.83466666667</dst>
            <dst id="KSCYng">967.96</dst>
            <dst id="LOSAng">8721.91733333333</dst>
            <dst id="NYCMng">6466.82133333333</dst>
            <dst id="SNVAng">15021.144</dst>
            <dst id="STTLng">1608.72533333333</dst>
            <dst id="WASHng">7767.368</dst>
        </src>
        <src id="WASHng">
            <dst id="ATLA-M5">318.581333333333</dst>
            <dst id="ATLAng">84000.7813333333</dst>
            <dst id="CHINng">43281.1706666667</dst>
            <dst id="DNVRng">53238.4186666667</dst>
            <dst id="HSTNng">25633.3493333333</dst>
            <dst id="IPLSng">63749.9733333333</dst>
            <dst id="KSCYng">31758.7466666667</dst>
            <dst id="LOSAng">95277.624</dst>
            <dst id="NYCMng">162050.397333333</dst>
            <dst id="SNVAng">1179.08533333333</dst>
            <dst id="STTLng">34464.3866666667</dst>
            <dst id="WASHng">396870.293333333</dst>
        </src>
    </IntraTM>
</TrafficMatrixFile>
