<?xml version="1.0" encoding="ISO-8859-1" standalone="yes"?>
<TrafficMatrixFile xsi:noNamespaceSchemaLocation="http://totem.run.montefiore.ulg.ac.be/Schema/TrafficMatrix-v1_2.xsd" xmlns:xsi="http://www.w3.org/2001/XMLSchema-instance">
    <IntraTM ASID="11537">
        <src id="ATLA-M5">
            <dst id="ATLA-M5">26.6666666666667</dst>
            <dst id="ATLAng">95.416</dst>
            <dst id="CHINng">610.730666666667</dst>
            <dst id="DNVRng">0</dst>
            <dst id="HSTNng">90.6186666666667</dst>
            <dst id="IPLSng">0</dst>
            <dst id="KSCYng">0</dst>
            <dst id="LOSAng">95.848</dst>
            <dst id="NYCMng">149.648</dst>
            <dst id="SNVAng">44.76</dst>
            <dst id="STTLng">59.168</dst>
            <dst id="WASHng">1383.20533333333</dst>
        </src>
        <src id="ATLAng">
            <dst id="ATLA-M5">58.0186666666667</dst>
            <dst id="ATLAng">18740.728</dst>
            <dst id="CHINng">5301.47466666667</dst>
            <dst id="DNVRng">6135.05333333333</dst>
            <dst id="HSTNng">289.837333333333</dst>
            <dst id="IPLSng">10683.536</dst>
            <dst id="KSCYng">405.781333333333</dst>
            <dst id="LOSAng">4723.104</dst>
            <dst id="NYCMng">1470.04533333333</dst>
            <dst id="SNVAng">80</dst>
            <dst id="STTLng">1433.61333333333</dst>
            <dst id="WASHng">16739.984</dst>
        </src>
        <src id="CHINng">
            <dst id="ATLA-M5">130.245333333333</dst>
            <dst id="ATLAng">6788.56266666667</dst>
            <dst id="CHINng">45787.84</dst>
            <dst id="DNVRng">3760.02666666667</dst>
            <dst id="HSTNng">8228.664</dst>
            <dst id="IPLSng">33767.056</dst>
            <dst id="KSCYng">6129.30933333333</dst>
            <dst id="LOSAng">21763.3706666667</dst>
            <dst id="NYCMng">20530.7626666667</dst>
            <dst id="SNVAng">252.336</dst>
            <dst id="STTLng">6294.60533333333</dst>
            <dst id="WASHng">12056.4266666667</dst>
        </src>
        <src id="DNVRng">
            <dst id="ATLA-M5">109.92</dst>
            <dst id="ATLAng">4486.23733333333</dst>
            <dst id="CHINng">46870.4106666667</dst>
            <dst id="DNVRng">2951.91466666667</dst>
            <dst id="HSTNng">19751.6346666667</dst>
            <dst id="IPLSng">32700.0746666667</dst>
            <dst id="KSCYng">7987.41866666667</dst>
            <dst id="LOSAng">2599.09866666667</dst>
            <dst id="NYCMng">12410.6906666667</dst>
            <dst id="SNVAng">2666.192</dst>
            <dst id="STTLng">4499.10666666667</dst>
            <dst id="WASHng">28629.8586666667</dst>
        </src>
        <src id="HSTNng">
            <dst id="ATLA-M5">1592.41333333333</dst>
            <dst id="ATLAng">1705.72</dst>
            <dst id="CHINng">6602.43733333333</dst>
            <dst id="DNVRng">769.650666666666</dst>
            <dst id="HSTNng">16754.488</dst>
            <dst id="IPLSng">528.533333333333</dst>
            <dst id="KSCYng">2651.97333333333</dst>
            <dst id="LOSAng">1655.16266666667</dst>
            <dst id="NYCMng">5229.08533333333</dst>
            <dst id="SNVAng">127.773333333333</dst>
            <dst id="STTLng">896.808</dst>
            <dst id="WASHng">14229.4053333333</dst>
        </src>
        <src id="IPLSng">
            <dst id="ATLA-M5">26.6666666666667</dst>
            <dst id="ATLAng">7989.26133333333</dst>
            <dst id="CHINng">22810.144</dst>
            <dst id="DNVRng">9733.21866666667</dst>
            <dst id="HSTNng">4868.31733333333</dst>
            <dst id="IPLSng">3546.02133333333</dst>
            <dst id="KSCYng">1754.29066666667</dst>
            <dst id="LOSAng">10912.4266666667</dst>
            <dst id="NYCMng">4536.848</dst>
            <dst id="SNVAng">492.984</dst>
            <dst id="STTLng">4310.29333333333</dst>
            <dst id="WASHng">16951.6373333333</dst>
        </src>
        <src id="KSCYng">
            <dst id="ATLA-M5">34.8906666666667</dst>
            <dst id="ATLAng">3828.72266666667</dst>
            <dst id="CHINng">5554.05066666667</dst>
            <dst id="DNVRng">4648.07466666667</dst>
            <dst id="HSTNng">14092.9093333333</dst>
            <dst id="IPLSng">10003.4266666667</dst>
            <dst id="KSCYng">9473.08533333333</dst>
            <dst id="LOSAng">6431.51733333333</dst>
            <dst id="NYCMng">730.834666666667</dst>
            <dst id="SNVAng">2124.20266666667</dst>
            <dst id="STTLng">560.314666666667</dst>
            <dst id="WASHng">8720.336</dst>
        </src>
        <src id="LOSAng">
            <dst id="ATLA-M5">31.7866666666667</dst>
            <dst id="ATLAng">22171.1946666667</dst>
            <dst id="CHINng">45304.976</dst>
            <dst id="DNVRng">6435.45066666667</dst>
            <dst id="HSTNng">3881.37066666667</dst>
            <dst id="IPLSng">13719.6746666667</dst>
            <dst id="KSCYng">2406.392</dst>
            <dst id="LOSAng">10002.976</dst>
            <dst id="NYCMng">23069.8933333333</dst>
            <dst id="SNVAng">22182.432</dst>
            <dst id="STTLng">25260.088</dst>
            <dst id="WASHng">47299.7973333333</dst>
        </src>
        <src id="NYCMng">
            <dst id="ATLA-M5">1234.328</dst>
            <dst id="ATLAng">18965.3173333333</dst>
            <dst id="CHINng">15424.9973333333</dst>
            <dst id="DNVRng">20458.6053333333</dst>
            <dst id="HSTNng">2280.688</dst>
            <dst id="IPLSng">16278.24</dst>
            <dst id="KSCYng">9619.91466666667</dst>
            <dst id="LOSAng">52843.7466666667</dst>
            <dst id="NYCMng">57036.8373333333</dst>
            <dst id="SNVAng">2313.29066666667</dst>
            <dst id="STTLng">18968.384</dst>
            <dst id="WASHng">45770.1946666667</dst>
        </src>
        <src id="SNVAng">
            <dst id="ATLA-M5">0</dst>
            <dst id="ATLAng">53.3333333333333</dst>
            <dst id="CHINng">0</dst>
            <dst id="DNVRng">1142.39466666667</dst>
            <dst id="HSTNng">26.6666666666667</dst>
            <dst id="IPLSng">182.034666666667</dst>
            <dst id="KSCYng">26.6666666666667</dst>
            <dst id="LOSAng">32007.312</dst>
            <dst id="NYCMng">8254.86933333333</dst>
            <dst id="SNVAng">8425.704</dst>
            <dst id="STTLng">38644.6853333333</dst>
            <dst id="WASHng">0</dst>
        </src>
        <src id="STTLng">
            <dst id="ATLA-M5">161.453333333333</dst>
            <dst id="ATLAng">6564.78933333333</dst>
            <dst id="CHINng">10394.1973333333</dst>
            <dst id="DNVRng">3258.99466666667</dst>
            <dst id="HSTNng">584.933333333333</dst>
            <dst id="IPLSng">5261.57333333333</dst>
            <dst id="KSCYng">1743.68533333333</dst>
            <dst id="LOSAng">8107.28266666667</dst>
            <dst id="NYCMng">8595.27466666667</dst>
            <dst id="SNVAng">9760.46666666667</dst>
            <dst id="STTLng">3506.58666666667</dst>
            <dst id="WASHng">5510.22933333333</dst>
        </src>
        <src id="WASHng">
            <dst id="ATLA-M5">7626.21066666667</dst>
            <dst id="ATLAng">105489.029333333</dst>
            <dst id="CHINng">87118.5306666666</dst>
            <dst id="DNVRng">49703.392</dst>
            <dst id="HSTNng">7414.98933333333</dst>
            <dst id="IPLSng">50429.128</dst>
            <dst id="KSCYng">21106.704</dst>
            <dst id="LOSAng">89701.432</dst>
            <dst id="NYCMng">127126.202666667</dst>
            <dst id="SNVAng">1027.77066666667</dst>
            <dst id="STTLng">13901.472</dst>
            <dst id="WASHng">179902.058666667</dst>
        </src>
    </IntraTM>
</TrafficMatrixFile>
