<?xml version="1.0" encoding="ISO-8859-1" standalone="yes"?>
<TrafficMatrixFile xsi:noNamespaceSchemaLocation="http://totem.run.montefiore.ulg.ac.be/Schema/TrafficMatrix-v1_2.xsd" xmlns:xsi="http://www.w3.org/2001/XMLSchema-instance">
    <IntraTM ASID="11537">
        <src id="ATLA-M5">
            <dst id="ATLA-M5">0</dst>
            <dst id="ATLAng">636.805333333333</dst>
            <dst id="CHINng">30.0133333333333</dst>
            <dst id="DNVRng">1209.664</dst>
            <dst id="HSTNng">136.664</dst>
            <dst id="IPLSng">65.5573333333333</dst>
            <dst id="KSCYng">26.6666666666667</dst>
            <dst id="LOSAng">40</dst>
            <dst id="NYCMng">454.176</dst>
            <dst id="SNVAng">52.3493333333333</dst>
            <dst id="STTLng">85.3973333333333</dst>
            <dst id="WASHng">161.832</dst>
        </src>
        <src id="ATLAng">
            <dst id="ATLA-M5">43.2373333333333</dst>
            <dst id="ATLAng">37688.5306666667</dst>
            <dst id="CHINng">10961.96</dst>
            <dst id="DNVRng">3168.8</dst>
            <dst id="HSTNng">402.122666666667</dst>
            <dst id="IPLSng">25686.9493333333</dst>
            <dst id="KSCYng">2064.86666666667</dst>
            <dst id="LOSAng">9042.55066666666</dst>
            <dst id="NYCMng">1984.36</dst>
            <dst id="SNVAng">89.828</dst>
            <dst id="STTLng">2781.81866666667</dst>
            <dst id="WASHng">25584.0426666667</dst>
        </src>
        <src id="CHINng">
            <dst id="ATLA-M5">0</dst>
            <dst id="ATLAng">6307.35733333333</dst>
            <dst id="CHINng">36173.5653333333</dst>
            <dst id="DNVRng">2676.432</dst>
            <dst id="HSTNng">2976.37333333333</dst>
            <dst id="IPLSng">2763.14666666667</dst>
            <dst id="KSCYng">8378.472</dst>
            <dst id="LOSAng">8315.632</dst>
            <dst id="NYCMng">19749.0906666667</dst>
            <dst id="SNVAng">78.2773333333333</dst>
            <dst id="STTLng">6654.94933333333</dst>
            <dst id="WASHng">14095.6026666667</dst>
        </src>
        <src id="DNVRng">
            <dst id="ATLA-M5">143.626666666667</dst>
            <dst id="ATLAng">4661.008</dst>
            <dst id="CHINng">34368.5946666667</dst>
            <dst id="DNVRng">19260.56</dst>
            <dst id="HSTNng">21995.9466666667</dst>
            <dst id="IPLSng">30999.3226666667</dst>
            <dst id="KSCYng">14659.792</dst>
            <dst id="LOSAng">7843.752</dst>
            <dst id="NYCMng">15895.504</dst>
            <dst id="SNVAng">6034.71733333333</dst>
            <dst id="STTLng">4024.4</dst>
            <dst id="WASHng">46784.4266666667</dst>
        </src>
        <src id="HSTNng">
            <dst id="ATLA-M5">1609.536</dst>
            <dst id="ATLAng">2448.25066666667</dst>
            <dst id="CHINng">3795.616</dst>
            <dst id="DNVRng">3643.61066666667</dst>
            <dst id="HSTNng">18042.8906666667</dst>
            <dst id="IPLSng">979.362666666667</dst>
            <dst id="KSCYng">1508.096</dst>
            <dst id="LOSAng">6152.49333333333</dst>
            <dst id="NYCMng">2167.944</dst>
            <dst id="SNVAng">53.3333333333333</dst>
            <dst id="STTLng">490.504</dst>
            <dst id="WASHng">3573.98666666667</dst>
        </src>
        <src id="IPLSng">
            <dst id="ATLA-M5">206.237333333333</dst>
            <dst id="ATLAng">11408.224</dst>
            <dst id="CHINng">20537.8133333333</dst>
            <dst id="DNVRng">9634.19733333333</dst>
            <dst id="HSTNng">357.317333333333</dst>
            <dst id="IPLSng">6273.69066666667</dst>
            <dst id="KSCYng">1636.70933333333</dst>
            <dst id="LOSAng">12256.392</dst>
            <dst id="NYCMng">9886.84</dst>
            <dst id="SNVAng">207.216</dst>
            <dst id="STTLng">6002.632</dst>
            <dst id="WASHng">12332.3146666667</dst>
        </src>
        <src id="KSCYng">
            <dst id="ATLA-M5">26.6666666666667</dst>
            <dst id="ATLAng">4070.104</dst>
            <dst id="CHINng">6413.11466666667</dst>
            <dst id="DNVRng">5459.232</dst>
            <dst id="HSTNng">6280.40266666667</dst>
            <dst id="IPLSng">12676.76</dst>
            <dst id="KSCYng">7428.70666666667</dst>
            <dst id="LOSAng">4903.368</dst>
            <dst id="NYCMng">999.512</dst>
            <dst id="SNVAng">2503.672</dst>
            <dst id="STTLng">821.816</dst>
            <dst id="WASHng">9781.54666666667</dst>
        </src>
        <src id="LOSAng">
            <dst id="ATLA-M5">106.666666666667</dst>
            <dst id="ATLAng">17380.2213333333</dst>
            <dst id="CHINng">35588.0213333333</dst>
            <dst id="DNVRng">6030.55733333333</dst>
            <dst id="HSTNng">3676.35733333333</dst>
            <dst id="IPLSng">13080.4373333333</dst>
            <dst id="KSCYng">3922.16266666667</dst>
            <dst id="LOSAng">14755</dst>
            <dst id="NYCMng">20438.1733333333</dst>
            <dst id="SNVAng">27925.4986666667</dst>
            <dst id="STTLng">26736.2533333333</dst>
            <dst id="WASHng">117593.826666667</dst>
        </src>
        <src id="NYCMng">
            <dst id="ATLA-M5">2867.22933333333</dst>
            <dst id="ATLAng">17241.216</dst>
            <dst id="CHINng">16597.8666666667</dst>
            <dst id="DNVRng">25565.776</dst>
            <dst id="HSTNng">13670.1226666667</dst>
            <dst id="IPLSng">21135.9173333333</dst>
            <dst id="KSCYng">5500.74133333333</dst>
            <dst id="LOSAng">66047.72</dst>
            <dst id="NYCMng">107800.952</dst>
            <dst id="SNVAng">1040.552</dst>
            <dst id="STTLng">28741.488</dst>
            <dst id="WASHng">35376.6506666667</dst>
        </src>
        <src id="SNVAng">
            <dst id="ATLA-M5">0</dst>
            <dst id="ATLAng">674.725333333333</dst>
            <dst id="CHINng">26.6666666666667</dst>
            <dst id="DNVRng">1087.40266666667</dst>
            <dst id="HSTNng">26.6666666666667</dst>
            <dst id="IPLSng">102.586666666667</dst>
            <dst id="KSCYng">26.6666666666667</dst>
            <dst id="LOSAng">34951.9226666667</dst>
            <dst id="NYCMng">8215.54933333333</dst>
            <dst id="SNVAng">8969.21333333333</dst>
            <dst id="STTLng">38223.9413333333</dst>
            <dst id="WASHng">0</dst>
        </src>
        <src id="STTLng">
            <dst id="ATLA-M5">86.288</dst>
            <dst id="ATLAng">9564.96</dst>
            <dst id="CHINng">10893.0506666667</dst>
            <dst id="DNVRng">4738.08533333333</dst>
            <dst id="HSTNng">454.106666666667</dst>
            <dst id="IPLSng">5685.14133333333</dst>
            <dst id="KSCYng">1436.62666666667</dst>
            <dst id="LOSAng">10394.088</dst>
            <dst id="NYCMng">13369.1546666667</dst>
            <dst id="SNVAng">15288.1333333333</dst>
            <dst id="STTLng">2483.00266666667</dst>
            <dst id="WASHng">3456.63466666667</dst>
        </src>
        <src id="WASHng">
            <dst id="ATLA-M5">2825.77066666667</dst>
            <dst id="ATLAng">95665.8</dst>
            <dst id="CHINng">65250.7653333333</dst>
            <dst id="DNVRng">29257.0293333333</dst>
            <dst id="HSTNng">27470.1146666667</dst>
            <dst id="IPLSng">49971.2266666667</dst>
            <dst id="KSCYng">24639.256</dst>
            <dst id="LOSAng">101293.845333333</dst>
            <dst id="NYCMng">130856.144</dst>
            <dst id="SNVAng">1465.38933333333</dst>
            <dst id="STTLng">23079.1306666667</dst>
            <dst id="WASHng">237818.432</dst>
        </src>
    </IntraTM>
</TrafficMatrixFile>
