<?xml version="1.0" encoding="ISO-8859-1" standalone="yes"?>
<TrafficMatrixFile xsi:noNamespaceSchemaLocation="http://totem.run.montefiore.ulg.ac.be/Schema/TrafficMatrix-v1_2.xsd" xmlns:xsi="http://www.w3.org/2001/XMLSchema-instance">
    <IntraTM ASID="11537">
        <src id="ATLA-M5">
            <dst id="ATLA-M5">99.16</dst>
            <dst id="ATLAng">806.672</dst>
            <dst id="CHINng">425.912</dst>
            <dst id="DNVRng">846.424</dst>
            <dst id="HSTNng">162.872</dst>
            <dst id="IPLSng">73.5466666666667</dst>
            <dst id="KSCYng">80</dst>
            <dst id="LOSAng">70.104</dst>
            <dst id="NYCMng">166</dst>
            <dst id="SNVAng">40.4933333333333</dst>
            <dst id="STTLng">53.3333333333333</dst>
            <dst id="WASHng">559.512</dst>
        </src>
        <src id="ATLAng">
            <dst id="ATLA-M5">328.554666666667</dst>
            <dst id="ATLAng">45715.3493333333</dst>
            <dst id="CHINng">12685.088</dst>
            <dst id="DNVRng">5952.43733333333</dst>
            <dst id="HSTNng">22036.3813333333</dst>
            <dst id="IPLSng">32678.6906666667</dst>
            <dst id="KSCYng">3859.616</dst>
            <dst id="LOSAng">6676.99066666667</dst>
            <dst id="NYCMng">11314.1066666667</dst>
            <dst id="SNVAng">6630.396</dst>
            <dst id="STTLng">3892.90133333333</dst>
            <dst id="WASHng">55892.5946666667</dst>
        </src>
        <src id="CHINng">
            <dst id="ATLA-M5">337.634666666667</dst>
            <dst id="ATLAng">24731.976</dst>
            <dst id="CHINng">141108.442666667</dst>
            <dst id="DNVRng">10767.7946666667</dst>
            <dst id="HSTNng">13925.376</dst>
            <dst id="IPLSng">27334.9066666667</dst>
            <dst id="KSCYng">8878.048</dst>
            <dst id="LOSAng">13646.3733333333</dst>
            <dst id="NYCMng">16496.912</dst>
            <dst id="SNVAng">26722.776</dst>
            <dst id="STTLng">14483.5866666667</dst>
            <dst id="WASHng">28949.0053333333</dst>
        </src>
        <src id="DNVRng">
            <dst id="ATLA-M5">767.608</dst>
            <dst id="ATLAng">11261.112</dst>
            <dst id="CHINng">76814.952</dst>
            <dst id="DNVRng">25562.4746666667</dst>
            <dst id="HSTNng">22039.2906666667</dst>
            <dst id="IPLSng">30539.2986666667</dst>
            <dst id="KSCYng">26057.4346666667</dst>
            <dst id="LOSAng">1913.296</dst>
            <dst id="NYCMng">25304.616</dst>
            <dst id="SNVAng">26467.1493333333</dst>
            <dst id="STTLng">38287.1173333333</dst>
            <dst id="WASHng">56862.7626666667</dst>
        </src>
        <src id="HSTNng">
            <dst id="ATLA-M5">2177.12533333333</dst>
            <dst id="ATLAng">6780.26666666667</dst>
            <dst id="CHINng">25038.1546666667</dst>
            <dst id="DNVRng">2094.416</dst>
            <dst id="HSTNng">11946.9626666667</dst>
            <dst id="IPLSng">6371.448</dst>
            <dst id="KSCYng">3217.61066666667</dst>
            <dst id="LOSAng">9083.95733333333</dst>
            <dst id="NYCMng">2870.62933333333</dst>
            <dst id="SNVAng">1071.17866666667</dst>
            <dst id="STTLng">3607.60533333333</dst>
            <dst id="WASHng">4363.02133333333</dst>
        </src>
        <src id="IPLSng">
            <dst id="ATLA-M5">108.616</dst>
            <dst id="ATLAng">22093.408</dst>
            <dst id="CHINng">62283.9013333333</dst>
            <dst id="DNVRng">17741.3093333333</dst>
            <dst id="HSTNng">5124.75466666667</dst>
            <dst id="IPLSng">32235.264</dst>
            <dst id="KSCYng">5251.31466666667</dst>
            <dst id="LOSAng">7878.43733333333</dst>
            <dst id="NYCMng">31360.9466666667</dst>
            <dst id="SNVAng">12673.216</dst>
            <dst id="STTLng">14615.4266666667</dst>
            <dst id="WASHng">27539.7733333333</dst>
        </src>
        <src id="KSCYng">
            <dst id="ATLA-M5">53.3333333333333</dst>
            <dst id="ATLAng">13534.0906666667</dst>
            <dst id="CHINng">23191.864</dst>
            <dst id="DNVRng">17659.664</dst>
            <dst id="HSTNng">4957.09866666667</dst>
            <dst id="IPLSng">15944.7333333333</dst>
            <dst id="KSCYng">12075.152</dst>
            <dst id="LOSAng">942.168</dst>
            <dst id="NYCMng">4373.752</dst>
            <dst id="SNVAng">6337.944</dst>
            <dst id="STTLng">3567.97333333333</dst>
            <dst id="WASHng">11256.3866666667</dst>
        </src>
        <src id="LOSAng">
            <dst id="ATLA-M5">1750.32266666667</dst>
            <dst id="ATLAng">54298.0533333333</dst>
            <dst id="CHINng">91649.8133333333</dst>
            <dst id="DNVRng">8559.304</dst>
            <dst id="HSTNng">15836.6213333333</dst>
            <dst id="IPLSng">23056.824</dst>
            <dst id="KSCYng">2994.312</dst>
            <dst id="LOSAng">14034.7386666667</dst>
            <dst id="NYCMng">30959.1866666667</dst>
            <dst id="SNVAng">27838.008</dst>
            <dst id="STTLng">47018.4053333333</dst>
            <dst id="WASHng">104445.176</dst>
        </src>
        <src id="NYCMng">
            <dst id="ATLA-M5">686.586666666667</dst>
            <dst id="ATLAng">30619.4533333333</dst>
            <dst id="CHINng">44001.592</dst>
            <dst id="DNVRng">31224.1626666667</dst>
            <dst id="HSTNng">16497.28</dst>
            <dst id="IPLSng">28804.224</dst>
            <dst id="KSCYng">6579.72</dst>
            <dst id="LOSAng">7336.06133333333</dst>
            <dst id="NYCMng">124239.061333333</dst>
            <dst id="SNVAng">60758.9413333333</dst>
            <dst id="STTLng">16123.3653333333</dst>
            <dst id="WASHng">87057.4666666666</dst>
        </src>
        <src id="SNVAng">
            <dst id="ATLA-M5">0</dst>
            <dst id="ATLAng">627.946666666667</dst>
            <dst id="CHINng">84.4666666666667</dst>
            <dst id="DNVRng">2406.048</dst>
            <dst id="HSTNng">133.333333333333</dst>
            <dst id="IPLSng">390.869333333333</dst>
            <dst id="KSCYng">53.3333333333333</dst>
            <dst id="LOSAng">916.216</dst>
            <dst id="NYCMng">178.84</dst>
            <dst id="SNVAng">40946.7706666667</dst>
            <dst id="STTLng">30870.824</dst>
            <dst id="WASHng">1639.696</dst>
        </src>
        <src id="STTLng">
            <dst id="ATLA-M5">26.6666666666667</dst>
            <dst id="ATLAng">10789.3813333333</dst>
            <dst id="CHINng">30623.424</dst>
            <dst id="DNVRng">7983.01866666667</dst>
            <dst id="HSTNng">4762.68266666667</dst>
            <dst id="IPLSng">12614.6026666667</dst>
            <dst id="KSCYng">4044.59733333333</dst>
            <dst id="LOSAng">5562.62666666667</dst>
            <dst id="NYCMng">15729.7413333333</dst>
            <dst id="SNVAng">15465.7573333333</dst>
            <dst id="STTLng">4822.27466666667</dst>
            <dst id="WASHng">25646.1493333333</dst>
        </src>
        <src id="WASHng">
            <dst id="ATLA-M5">1313.432</dst>
            <dst id="ATLAng">224401.250666667</dst>
            <dst id="CHINng">97964.0213333333</dst>
            <dst id="DNVRng">42810.072</dst>
            <dst id="HSTNng">15095.0053333333</dst>
            <dst id="IPLSng">37563.584</dst>
            <dst id="KSCYng">29694.92</dst>
            <dst id="LOSAng">50517.9973333333</dst>
            <dst id="NYCMng">188929.746666667</dst>
            <dst id="SNVAng">50760.648</dst>
            <dst id="STTLng">22759.536</dst>
            <dst id="WASHng">301897.2</dst>
        </src>
    </IntraTM>
</TrafficMatrixFile>
