<?xml version="1.0" encoding="ISO-8859-1" standalone="yes"?>
<TrafficMatrixFile xsi:noNamespaceSchemaLocation="http://totem.run.montefiore.ulg.ac.be/Schema/TrafficMatrix-v1_2.xsd" xmlns:xsi="http://www.w3.org/2001/XMLSchema-instance">
    <IntraTM ASID="11537">
        <src id="ATLA-M5">
            <dst id="ATLA-M5">0</dst>
            <dst id="ATLAng">0</dst>
            <dst id="CHINng">29.9893333333333</dst>
            <dst id="DNVRng">1062.528</dst>
            <dst id="HSTNng">90.4613333333333</dst>
            <dst id="IPLSng">0</dst>
            <dst id="KSCYng">0</dst>
            <dst id="LOSAng">21.1706666666667</dst>
            <dst id="NYCMng">26.6666666666667</dst>
            <dst id="SNVAng">21.1706666666667</dst>
            <dst id="STTLng">26.6666666666667</dst>
            <dst id="WASHng">1072.04</dst>
        </src>
        <src id="ATLAng">
            <dst id="ATLA-M5">103.005333333333</dst>
            <dst id="ATLAng">26238.2986666667</dst>
            <dst id="CHINng">9962.66133333333</dst>
            <dst id="DNVRng">4073.65866666667</dst>
            <dst id="HSTNng">4025.36533333333</dst>
            <dst id="IPLSng">18970.3573333333</dst>
            <dst id="KSCYng">568.178666666667</dst>
            <dst id="LOSAng">4703.364</dst>
            <dst id="NYCMng">7715.144</dst>
            <dst id="SNVAng">4502.47333333333</dst>
            <dst id="STTLng">1537.28</dst>
            <dst id="WASHng">54368.6506666667</dst>
        </src>
        <src id="CHINng">
            <dst id="ATLA-M5">454.322666666667</dst>
            <dst id="ATLAng">4053.42933333333</dst>
            <dst id="CHINng">79226.5066666667</dst>
            <dst id="DNVRng">1285.992</dst>
            <dst id="HSTNng">2089.11733333333</dst>
            <dst id="IPLSng">8752.65333333333</dst>
            <dst id="KSCYng">16777.1173333333</dst>
            <dst id="LOSAng">6770.96</dst>
            <dst id="NYCMng">7624.176</dst>
            <dst id="SNVAng">15866.8106666667</dst>
            <dst id="STTLng">8419.05866666667</dst>
            <dst id="WASHng">16615.776</dst>
        </src>
        <src id="DNVRng">
            <dst id="ATLA-M5">260.810666666667</dst>
            <dst id="ATLAng">3225</dst>
            <dst id="CHINng">53749.856</dst>
            <dst id="DNVRng">1682.18933333333</dst>
            <dst id="HSTNng">24913.8533333333</dst>
            <dst id="IPLSng">23444.808</dst>
            <dst id="KSCYng">7497.32</dst>
            <dst id="LOSAng">291.626666666667</dst>
            <dst id="NYCMng">11705.5386666667</dst>
            <dst id="SNVAng">15295.5946666667</dst>
            <dst id="STTLng">3902.48266666667</dst>
            <dst id="WASHng">46857.1066666667</dst>
        </src>
        <src id="HSTNng">
            <dst id="ATLA-M5">4709.66666666667</dst>
            <dst id="ATLAng">951.005333333333</dst>
            <dst id="CHINng">15960.3546666667</dst>
            <dst id="DNVRng">682.074666666667</dst>
            <dst id="HSTNng">11273.344</dst>
            <dst id="IPLSng">482.426666666667</dst>
            <dst id="KSCYng">738.381333333333</dst>
            <dst id="LOSAng">3769.57866666667</dst>
            <dst id="NYCMng">995.269333333334</dst>
            <dst id="SNVAng">53.3333333333333</dst>
            <dst id="STTLng">926.965333333334</dst>
            <dst id="WASHng">1605.352</dst>
        </src>
        <src id="IPLSng">
            <dst id="ATLA-M5">0</dst>
            <dst id="ATLAng">4502.61866666667</dst>
            <dst id="CHINng">46370.6933333333</dst>
            <dst id="DNVRng">4598.144</dst>
            <dst id="HSTNng">1633.31466666667</dst>
            <dst id="IPLSng">13404.8746666667</dst>
            <dst id="KSCYng">1326.632</dst>
            <dst id="LOSAng">7773.53866666667</dst>
            <dst id="NYCMng">16715.944</dst>
            <dst id="SNVAng">8010.37333333333</dst>
            <dst id="STTLng">5983.69066666667</dst>
            <dst id="WASHng">4679.06666666667</dst>
        </src>
        <src id="KSCYng">
            <dst id="ATLA-M5">0</dst>
            <dst id="ATLAng">2476.68</dst>
            <dst id="CHINng">14916.504</dst>
            <dst id="DNVRng">5941.368</dst>
            <dst id="HSTNng">2198.096</dst>
            <dst id="IPLSng">9100.18933333333</dst>
            <dst id="KSCYng">16157.0186666667</dst>
            <dst id="LOSAng">1703.73866666667</dst>
            <dst id="NYCMng">1277.87733333333</dst>
            <dst id="SNVAng">7916.104</dst>
            <dst id="STTLng">1358.18933333333</dst>
            <dst id="WASHng">5907.392</dst>
        </src>
        <src id="LOSAng">
            <dst id="ATLA-M5">0</dst>
            <dst id="ATLAng">7004.63733333333</dst>
            <dst id="CHINng">91315.3466666667</dst>
            <dst id="DNVRng">4610.856</dst>
            <dst id="HSTNng">1698.46666666667</dst>
            <dst id="IPLSng">7970.00533333333</dst>
            <dst id="KSCYng">1055.22133333333</dst>
            <dst id="LOSAng">23372.752</dst>
            <dst id="NYCMng">23375.2773333333</dst>
            <dst id="SNVAng">26055.08</dst>
            <dst id="STTLng">19878.9493333333</dst>
            <dst id="WASHng">75530.9893333333</dst>
        </src>
        <src id="NYCMng">
            <dst id="ATLA-M5">2123.20533333333</dst>
            <dst id="ATLAng">15629.4666666667</dst>
            <dst id="CHINng">28362.1413333333</dst>
            <dst id="DNVRng">24026.9706666667</dst>
            <dst id="HSTNng">1295.14666666667</dst>
            <dst id="IPLSng">9503.75733333333</dst>
            <dst id="KSCYng">3699.45333333333</dst>
            <dst id="LOSAng">5910.42933333333</dst>
            <dst id="NYCMng">100860.570666667</dst>
            <dst id="SNVAng">42420.0373333333</dst>
            <dst id="STTLng">23586.848</dst>
            <dst id="WASHng">26034.6346666667</dst>
        </src>
        <src id="SNVAng">
            <dst id="ATLA-M5">0</dst>
            <dst id="ATLAng">99.1226666666667</dst>
            <dst id="CHINng">28.3626666666667</dst>
            <dst id="DNVRng">296.621333333333</dst>
            <dst id="HSTNng">0</dst>
            <dst id="IPLSng">244.133333333333</dst>
            <dst id="KSCYng">26.6666666666667</dst>
            <dst id="LOSAng">1514.84</dst>
            <dst id="NYCMng">53.3333333333333</dst>
            <dst id="SNVAng">40352.8186666667</dst>
            <dst id="STTLng">37670.0933333333</dst>
            <dst id="WASHng">26.6666666666667</dst>
        </src>
        <src id="STTLng">
            <dst id="ATLA-M5">0</dst>
            <dst id="ATLAng">6015.58666666667</dst>
            <dst id="CHINng">22954.3226666667</dst>
            <dst id="DNVRng">4516.95733333333</dst>
            <dst id="HSTNng">910.264</dst>
            <dst id="IPLSng">8521.664</dst>
            <dst id="KSCYng">549.949333333333</dst>
            <dst id="LOSAng">1353.128</dst>
            <dst id="NYCMng">8208.024</dst>
            <dst id="SNVAng">10743.6133333333</dst>
            <dst id="STTLng">740.04</dst>
            <dst id="WASHng">10428.8666666667</dst>
        </src>
        <src id="WASHng">
            <dst id="ATLA-M5">424.669333333333</dst>
            <dst id="ATLAng">91835.976</dst>
            <dst id="CHINng">52985.5066666667</dst>
            <dst id="DNVRng">25920.5653333333</dst>
            <dst id="HSTNng">15063.8773333333</dst>
            <dst id="IPLSng">13362.7626666667</dst>
            <dst id="KSCYng">29093.928</dst>
            <dst id="LOSAng">68914.1866666667</dst>
            <dst id="NYCMng">100638.144</dst>
            <dst id="SNVAng">21963.8986666667</dst>
            <dst id="STTLng">28751.0933333333</dst>
            <dst id="WASHng">297774</dst>
        </src>
    </IntraTM>
</TrafficMatrixFile>
