<?xml version="1.0" encoding="ISO-8859-1" standalone="yes"?>
<TrafficMatrixFile xsi:noNamespaceSchemaLocation="http://totem.run.montefiore.ulg.ac.be/Schema/TrafficMatrix-v1_2.xsd" xmlns:xsi="http://www.w3.org/2001/XMLSchema-instance">
    <IntraTM ASID="11537">
        <src id="ATLA-M5">
            <dst id="ATLA-M5">3943.56533333333</dst>
            <dst id="ATLAng">53.3333333333333</dst>
            <dst id="CHINng">331.245333333333</dst>
            <dst id="DNVRng">0</dst>
            <dst id="HSTNng">60.1333333333333</dst>
            <dst id="IPLSng">38.9333333333333</dst>
            <dst id="KSCYng">0</dst>
            <dst id="LOSAng">30.288</dst>
            <dst id="NYCMng">1199.41333333333</dst>
            <dst id="SNVAng">56.9546666666667</dst>
            <dst id="STTLng">461.597333333333</dst>
            <dst id="WASHng">106.666666666667</dst>
        </src>
        <src id="ATLAng">
            <dst id="ATLA-M5">79.04</dst>
            <dst id="ATLAng">31429.656</dst>
            <dst id="CHINng">13287.0586666667</dst>
            <dst id="DNVRng">2590.65333333333</dst>
            <dst id="HSTNng">9508.89066666667</dst>
            <dst id="IPLSng">11594.288</dst>
            <dst id="KSCYng">832.408</dst>
            <dst id="LOSAng">7382.77333333333</dst>
            <dst id="NYCMng">726.2</dst>
            <dst id="SNVAng">5382.31733333333</dst>
            <dst id="STTLng">1516.704</dst>
            <dst id="WASHng">29775.0293333333</dst>
        </src>
        <src id="CHINng">
            <dst id="ATLA-M5">474.594666666667</dst>
            <dst id="ATLAng">15180.7786666667</dst>
            <dst id="CHINng">95786.448</dst>
            <dst id="DNVRng">5343.34133333333</dst>
            <dst id="HSTNng">6700.39466666667</dst>
            <dst id="IPLSng">21555.3866666667</dst>
            <dst id="KSCYng">19791.2133333333</dst>
            <dst id="LOSAng">9471.31466666667</dst>
            <dst id="NYCMng">10592.0613333333</dst>
            <dst id="SNVAng">31028.6106666667</dst>
            <dst id="STTLng">8842.416</dst>
            <dst id="WASHng">13693.688</dst>
        </src>
        <src id="DNVRng">
            <dst id="ATLA-M5">91.84</dst>
            <dst id="ATLAng">4029.656</dst>
            <dst id="CHINng">51089.0533333333</dst>
            <dst id="DNVRng">15458.784</dst>
            <dst id="HSTNng">22029.1546666667</dst>
            <dst id="IPLSng">27686.2906666667</dst>
            <dst id="KSCYng">25695.2106666667</dst>
            <dst id="LOSAng">2276.44</dst>
            <dst id="NYCMng">16534.8</dst>
            <dst id="SNVAng">23740.5093333333</dst>
            <dst id="STTLng">11270.464</dst>
            <dst id="WASHng">59628.0053333333</dst>
        </src>
        <src id="HSTNng">
            <dst id="ATLA-M5">1925.064</dst>
            <dst id="ATLAng">2308.54666666667</dst>
            <dst id="CHINng">14246.4746666667</dst>
            <dst id="DNVRng">1304.42933333333</dst>
            <dst id="HSTNng">16797.272</dst>
            <dst id="IPLSng">1625.032</dst>
            <dst id="KSCYng">564.072</dst>
            <dst id="LOSAng">1380.208</dst>
            <dst id="NYCMng">2302.79466666667</dst>
            <dst id="SNVAng">26.6666666666667</dst>
            <dst id="STTLng">1363.432</dst>
            <dst id="WASHng">1226.66133333333</dst>
        </src>
        <src id="IPLSng">
            <dst id="ATLA-M5">2821.024</dst>
            <dst id="ATLAng">7972.624</dst>
            <dst id="CHINng">56045.672</dst>
            <dst id="DNVRng">7345.96533333333</dst>
            <dst id="HSTNng">1604.85333333333</dst>
            <dst id="IPLSng">5134.81333333333</dst>
            <dst id="KSCYng">1182.712</dst>
            <dst id="LOSAng">5845.624</dst>
            <dst id="NYCMng">8857.968</dst>
            <dst id="SNVAng">14749.496</dst>
            <dst id="STTLng">9399.68266666667</dst>
            <dst id="WASHng">9165.824</dst>
        </src>
        <src id="KSCYng">
            <dst id="ATLA-M5">0</dst>
            <dst id="ATLAng">2527.64533333333</dst>
            <dst id="CHINng">14379.296</dst>
            <dst id="DNVRng">3766.496</dst>
            <dst id="HSTNng">3823.80533333333</dst>
            <dst id="IPLSng">18214.2426666667</dst>
            <dst id="KSCYng">19869.9466666667</dst>
            <dst id="LOSAng">2029.26666666667</dst>
            <dst id="NYCMng">3981.87733333333</dst>
            <dst id="SNVAng">4897.64</dst>
            <dst id="STTLng">1249.664</dst>
            <dst id="WASHng">5984.38933333334</dst>
        </src>
        <src id="LOSAng">
            <dst id="ATLA-M5">34.416</dst>
            <dst id="ATLAng">10887.6933333333</dst>
            <dst id="CHINng">101910.333333333</dst>
            <dst id="DNVRng">6849.632</dst>
            <dst id="HSTNng">13646.1333333333</dst>
            <dst id="IPLSng">11758.312</dst>
            <dst id="KSCYng">2130.816</dst>
            <dst id="LOSAng">27330.024</dst>
            <dst id="NYCMng">23759.9466666667</dst>
            <dst id="SNVAng">30998.12</dst>
            <dst id="STTLng">25057.8</dst>
            <dst id="WASHng">74567.6746666667</dst>
        </src>
        <src id="NYCMng">
            <dst id="ATLA-M5">587.277333333333</dst>
            <dst id="ATLAng">6140.656</dst>
            <dst id="CHINng">27743.3893333333</dst>
            <dst id="DNVRng">21580.064</dst>
            <dst id="HSTNng">3104.45866666667</dst>
            <dst id="IPLSng">6367.70666666667</dst>
            <dst id="KSCYng">4405.22133333333</dst>
            <dst id="LOSAng">8034.728</dst>
            <dst id="NYCMng">71915.288</dst>
            <dst id="SNVAng">51833.1226666667</dst>
            <dst id="STTLng">20310.2186666667</dst>
            <dst id="WASHng">34291.84</dst>
        </src>
        <src id="SNVAng">
            <dst id="ATLA-M5">0</dst>
            <dst id="ATLAng">0</dst>
            <dst id="CHINng">133.333333333333</dst>
            <dst id="DNVRng">12994.184</dst>
            <dst id="HSTNng">0</dst>
            <dst id="IPLSng">240.4</dst>
            <dst id="KSCYng">0</dst>
            <dst id="LOSAng">3531.61333333333</dst>
            <dst id="NYCMng">53.3333333333333</dst>
            <dst id="SNVAng">36477.6693333333</dst>
            <dst id="STTLng">34399.4453333333</dst>
            <dst id="WASHng">212</dst>
        </src>
        <src id="STTLng">
            <dst id="ATLA-M5">0</dst>
            <dst id="ATLAng">4749.11466666667</dst>
            <dst id="CHINng">14716.7066666667</dst>
            <dst id="DNVRng">3981.68266666667</dst>
            <dst id="HSTNng">1262.82666666667</dst>
            <dst id="IPLSng">4228.936</dst>
            <dst id="KSCYng">736.954666666667</dst>
            <dst id="LOSAng">5161.16</dst>
            <dst id="NYCMng">12720.528</dst>
            <dst id="SNVAng">21684.4026666667</dst>
            <dst id="STTLng">2881.30666666667</dst>
            <dst id="WASHng">11510.36</dst>
        </src>
        <src id="WASHng">
            <dst id="ATLA-M5">0</dst>
            <dst id="ATLAng">92421.6933333334</dst>
            <dst id="CHINng">79582.2346666667</dst>
            <dst id="DNVRng">27343.5093333333</dst>
            <dst id="HSTNng">29844.0026666667</dst>
            <dst id="IPLSng">30508.0506666667</dst>
            <dst id="KSCYng">37388.256</dst>
            <dst id="LOSAng">77472.8906666667</dst>
            <dst id="NYCMng">122174.229333333</dst>
            <dst id="SNVAng">41083.968</dst>
            <dst id="STTLng">39499.2533333333</dst>
            <dst id="WASHng">251338.765333333</dst>
        </src>
    </IntraTM>
</TrafficMatrixFile>
