<?xml version="1.0" encoding="ISO-8859-1" standalone="yes"?>
<TrafficMatrixFile xsi:noNamespaceSchemaLocation="http://totem.run.montefiore.ulg.ac.be/Schema/TrafficMatrix-v1_2.xsd" xmlns:xsi="http://www.w3.org/2001/XMLSchema-instance">
    <IntraTM ASID="11537">
        <src id="ATLA-M5">
            <dst id="ATLA-M5">0</dst>
            <dst id="ATLAng">0</dst>
            <dst id="CHINng">60</dst>
            <dst id="DNVRng">0</dst>
            <dst id="HSTNng">1562.08533333333</dst>
            <dst id="IPLSng">26.6666666666667</dst>
            <dst id="KSCYng">0</dst>
            <dst id="LOSAng">13.3333333333333</dst>
            <dst id="NYCMng">35.0666666666667</dst>
            <dst id="SNVAng">13.3333333333333</dst>
            <dst id="STTLng">76.4426666666667</dst>
            <dst id="WASHng">55.2426666666667</dst>
        </src>
        <src id="ATLAng">
            <dst id="ATLA-M5">0</dst>
            <dst id="ATLAng">21852.32</dst>
            <dst id="CHINng">2614.09866666667</dst>
            <dst id="DNVRng">2101.54933333333</dst>
            <dst id="HSTNng">259.338666666667</dst>
            <dst id="IPLSng">10767.2853333333</dst>
            <dst id="KSCYng">275.029333333333</dst>
            <dst id="LOSAng">6686.08</dst>
            <dst id="NYCMng">3904.18933333333</dst>
            <dst id="SNVAng">26.6666666666667</dst>
            <dst id="STTLng">5279.776</dst>
            <dst id="WASHng">51675.7626666667</dst>
        </src>
        <src id="CHINng">
            <dst id="ATLA-M5">53.3333333333333</dst>
            <dst id="ATLAng">4066.61066666667</dst>
            <dst id="CHINng">42298.2453333333</dst>
            <dst id="DNVRng">2080.99466666667</dst>
            <dst id="HSTNng">10954.032</dst>
            <dst id="IPLSng">18503.3813333333</dst>
            <dst id="KSCYng">4525.24533333333</dst>
            <dst id="LOSAng">23936.9333333333</dst>
            <dst id="NYCMng">18743.2853333333</dst>
            <dst id="SNVAng">559.413333333333</dst>
            <dst id="STTLng">21606.0026666667</dst>
            <dst id="WASHng">8157.42933333333</dst>
        </src>
        <src id="DNVRng">
            <dst id="ATLA-M5">96.96</dst>
            <dst id="ATLAng">3295.26933333333</dst>
            <dst id="CHINng">46464.88</dst>
            <dst id="DNVRng">2126.68266666667</dst>
            <dst id="HSTNng">19587.2373333333</dst>
            <dst id="IPLSng">28126.8533333333</dst>
            <dst id="KSCYng">10849.7333333333</dst>
            <dst id="LOSAng">4889.78666666667</dst>
            <dst id="NYCMng">10652.616</dst>
            <dst id="SNVAng">3472.864</dst>
            <dst id="STTLng">3766.70933333333</dst>
            <dst id="WASHng">34688.1413333333</dst>
        </src>
        <src id="HSTNng">
            <dst id="ATLA-M5">4738.128</dst>
            <dst id="ATLAng">1572.80266666667</dst>
            <dst id="CHINng">6234.99733333333</dst>
            <dst id="DNVRng">792.178666666667</dst>
            <dst id="HSTNng">15200.0906666667</dst>
            <dst id="IPLSng">4389.288</dst>
            <dst id="KSCYng">436.298666666667</dst>
            <dst id="LOSAng">6942.99733333333</dst>
            <dst id="NYCMng">1993.24533333333</dst>
            <dst id="SNVAng">26.6666666666667</dst>
            <dst id="STTLng">1020.63466666667</dst>
            <dst id="WASHng">1331.25333333333</dst>
        </src>
        <src id="IPLSng">
            <dst id="ATLA-M5">26.6666666666667</dst>
            <dst id="ATLAng">5003.98666666667</dst>
            <dst id="CHINng">40060.8826666667</dst>
            <dst id="DNVRng">4695.77066666667</dst>
            <dst id="HSTNng">8892.368</dst>
            <dst id="IPLSng">17174.9306666667</dst>
            <dst id="KSCYng">1817.72</dst>
            <dst id="LOSAng">19347.1413333333</dst>
            <dst id="NYCMng">3899.064</dst>
            <dst id="SNVAng">152.904</dst>
            <dst id="STTLng">10446.8133333333</dst>
            <dst id="WASHng">10659.9973333333</dst>
        </src>
        <src id="KSCYng">
            <dst id="ATLA-M5">26.6666666666667</dst>
            <dst id="ATLAng">2362.95733333333</dst>
            <dst id="CHINng">7968.66666666667</dst>
            <dst id="DNVRng">4201.672</dst>
            <dst id="HSTNng">2797.51733333333</dst>
            <dst id="IPLSng">8394.49066666667</dst>
            <dst id="KSCYng">10458.48</dst>
            <dst id="LOSAng">3620.296</dst>
            <dst id="NYCMng">2390.51733333333</dst>
            <dst id="SNVAng">1939.06133333333</dst>
            <dst id="STTLng">806.464</dst>
            <dst id="WASHng">8291.75733333333</dst>
        </src>
        <src id="LOSAng">
            <dst id="ATLA-M5">53.3333333333333</dst>
            <dst id="ATLAng">7184.72</dst>
            <dst id="CHINng">50829.544</dst>
            <dst id="DNVRng">14242.76</dst>
            <dst id="HSTNng">2106.66933333333</dst>
            <dst id="IPLSng">5017.16266666667</dst>
            <dst id="KSCYng">1703.42133333333</dst>
            <dst id="LOSAng">8174.712</dst>
            <dst id="NYCMng">15375.3626666667</dst>
            <dst id="SNVAng">18887.8053333333</dst>
            <dst id="STTLng">22143.544</dst>
            <dst id="WASHng">77829.36</dst>
        </src>
        <src id="NYCMng">
            <dst id="ATLA-M5">127.282666666667</dst>
            <dst id="ATLAng">20825.8373333333</dst>
            <dst id="CHINng">13992.0693333333</dst>
            <dst id="DNVRng">24212.92</dst>
            <dst id="HSTNng">6609.39733333333</dst>
            <dst id="IPLSng">23942.0853333333</dst>
            <dst id="KSCYng">3239.89066666667</dst>
            <dst id="LOSAng">48449.5333333333</dst>
            <dst id="NYCMng">66587.896</dst>
            <dst id="SNVAng">2189.368</dst>
            <dst id="STTLng">13637.3546666667</dst>
            <dst id="WASHng">36216.2826666667</dst>
        </src>
        <src id="SNVAng">
            <dst id="ATLA-M5">0</dst>
            <dst id="ATLAng">0</dst>
            <dst id="CHINng">80</dst>
            <dst id="DNVRng">297.864</dst>
            <dst id="HSTNng">26.6666666666667</dst>
            <dst id="IPLSng">194.928</dst>
            <dst id="KSCYng">0</dst>
            <dst id="LOSAng">31138.6453333333</dst>
            <dst id="NYCMng">26.6666666666667</dst>
            <dst id="SNVAng">7339.808</dst>
            <dst id="STTLng">36835.3466666667</dst>
            <dst id="WASHng">27.4826666666667</dst>
        </src>
        <src id="STTLng">
            <dst id="ATLA-M5">111.269333333333</dst>
            <dst id="ATLAng">6276.10666666667</dst>
            <dst id="CHINng">16620.1866666667</dst>
            <dst id="DNVRng">408.042666666667</dst>
            <dst id="HSTNng">280.514666666667</dst>
            <dst id="IPLSng">3525.61066666667</dst>
            <dst id="KSCYng">563.282666666667</dst>
            <dst id="LOSAng">6460.824</dst>
            <dst id="NYCMng">9466.73066666666</dst>
            <dst id="SNVAng">13474.792</dst>
            <dst id="STTLng">1436.032</dst>
            <dst id="WASHng">4706.21333333333</dst>
        </src>
        <src id="WASHng">
            <dst id="ATLA-M5">0</dst>
            <dst id="ATLAng">87423.0053333333</dst>
            <dst id="CHINng">42552.792</dst>
            <dst id="DNVRng">30755.4933333333</dst>
            <dst id="HSTNng">15103.4106666667</dst>
            <dst id="IPLSng">63046.0506666667</dst>
            <dst id="KSCYng">29639.8506666667</dst>
            <dst id="LOSAng">94220.904</dst>
            <dst id="NYCMng">108485.637333333</dst>
            <dst id="SNVAng">452.570666666667</dst>
            <dst id="STTLng">29777.7413333333</dst>
            <dst id="WASHng">223511.421333333</dst>
        </src>
    </IntraTM>
</TrafficMatrixFile>
