<?xml version="1.0" encoding="ISO-8859-1" standalone="yes"?>
<TrafficMatrixFile xsi:noNamespaceSchemaLocation="http://totem.run.montefiore.ulg.ac.be/Schema/TrafficMatrix-v1_2.xsd" xmlns:xsi="http://www.w3.org/2001/XMLSchema-instance">
    <IntraTM ASID="11537">
        <src id="ATLA-M5">
            <dst id="ATLA-M5">0</dst>
            <dst id="ATLAng">28.192</dst>
            <dst id="CHINng">30.1306666666667</dst>
            <dst id="DNVRng">0</dst>
            <dst id="HSTNng">53.3333333333333</dst>
            <dst id="IPLSng">137.541333333333</dst>
            <dst id="KSCYng">0</dst>
            <dst id="LOSAng">53.3333333333333</dst>
            <dst id="NYCMng">392.282666666667</dst>
            <dst id="SNVAng">0</dst>
            <dst id="STTLng">0</dst>
            <dst id="WASHng">613.512</dst>
        </src>
        <src id="ATLAng">
            <dst id="ATLA-M5">93.936</dst>
            <dst id="ATLAng">23663.9333333333</dst>
            <dst id="CHINng">5081.73866666667</dst>
            <dst id="DNVRng">3359.144</dst>
            <dst id="HSTNng">22580.008</dst>
            <dst id="IPLSng">12478.2853333333</dst>
            <dst id="KSCYng">559.293333333333</dst>
            <dst id="LOSAng">15459.4586666667</dst>
            <dst id="NYCMng">2087.12</dst>
            <dst id="SNVAng">215.165333333333</dst>
            <dst id="STTLng">4680.84533333333</dst>
            <dst id="WASHng">23623.92</dst>
        </src>
        <src id="CHINng">
            <dst id="ATLA-M5">26.6666666666667</dst>
            <dst id="ATLAng">14669.704</dst>
            <dst id="CHINng">57767.896</dst>
            <dst id="DNVRng">5407.75733333333</dst>
            <dst id="HSTNng">8395.18933333333</dst>
            <dst id="IPLSng">19074.992</dst>
            <dst id="KSCYng">12353.4</dst>
            <dst id="LOSAng">29745.064</dst>
            <dst id="NYCMng">8477.992</dst>
            <dst id="SNVAng">370.112</dst>
            <dst id="STTLng">4925.256</dst>
            <dst id="WASHng">15639.2506666667</dst>
        </src>
        <src id="DNVRng">
            <dst id="ATLA-M5">191.466666666667</dst>
            <dst id="ATLAng">4004.64266666667</dst>
            <dst id="CHINng">33530.8746666667</dst>
            <dst id="DNVRng">2423.072</dst>
            <dst id="HSTNng">21605.912</dst>
            <dst id="IPLSng">25327.0026666667</dst>
            <dst id="KSCYng">12055.16</dst>
            <dst id="LOSAng">24935.8213333333</dst>
            <dst id="NYCMng">17750.048</dst>
            <dst id="SNVAng">5179.82933333333</dst>
            <dst id="STTLng">5310.896</dst>
            <dst id="WASHng">33679.168</dst>
        </src>
        <src id="HSTNng">
            <dst id="ATLA-M5">1447.14666666667</dst>
            <dst id="ATLAng">2456.76533333333</dst>
            <dst id="CHINng">7625.32533333333</dst>
            <dst id="DNVRng">792.509333333333</dst>
            <dst id="HSTNng">18160.016</dst>
            <dst id="IPLSng">2139.05333333333</dst>
            <dst id="KSCYng">779.797333333333</dst>
            <dst id="LOSAng">3170.024</dst>
            <dst id="NYCMng">2472.984</dst>
            <dst id="SNVAng">26.6666666666667</dst>
            <dst id="STTLng">691.293333333333</dst>
            <dst id="WASHng">4195.21066666667</dst>
        </src>
        <src id="IPLSng">
            <dst id="ATLA-M5">1980.50666666667</dst>
            <dst id="ATLAng">3652.96533333333</dst>
            <dst id="CHINng">57026.0106666667</dst>
            <dst id="DNVRng">5574.79733333333</dst>
            <dst id="HSTNng">787.010666666667</dst>
            <dst id="IPLSng">16084.08</dst>
            <dst id="KSCYng">1923.52533333333</dst>
            <dst id="LOSAng">10607.9866666667</dst>
            <dst id="NYCMng">12430.7866666667</dst>
            <dst id="SNVAng">1854.2</dst>
            <dst id="STTLng">6185.13333333333</dst>
            <dst id="WASHng">42733.744</dst>
        </src>
        <src id="KSCYng">
            <dst id="ATLA-M5">0</dst>
            <dst id="ATLAng">2692.29333333333</dst>
            <dst id="CHINng">13181.8853333333</dst>
            <dst id="DNVRng">4742.25066666667</dst>
            <dst id="HSTNng">3358.78133333333</dst>
            <dst id="IPLSng">9474.432</dst>
            <dst id="KSCYng">6304.06666666667</dst>
            <dst id="LOSAng">5420.80266666667</dst>
            <dst id="NYCMng">2355.2</dst>
            <dst id="SNVAng">2693.97866666667</dst>
            <dst id="STTLng">3850.69066666667</dst>
            <dst id="WASHng">9279.74133333333</dst>
        </src>
        <src id="LOSAng">
            <dst id="ATLA-M5">53.3333333333333</dst>
            <dst id="ATLAng">19159.2773333333</dst>
            <dst id="CHINng">48460.856</dst>
            <dst id="DNVRng">9070.456</dst>
            <dst id="HSTNng">3707.096</dst>
            <dst id="IPLSng">27360.704</dst>
            <dst id="KSCYng">2048.37333333333</dst>
            <dst id="LOSAng">11299.9626666667</dst>
            <dst id="NYCMng">50278.8906666667</dst>
            <dst id="SNVAng">23268.3653333333</dst>
            <dst id="STTLng">25583.024</dst>
            <dst id="WASHng">83045.888</dst>
        </src>
        <src id="NYCMng">
            <dst id="ATLA-M5">1154.39733333333</dst>
            <dst id="ATLAng">11879.896</dst>
            <dst id="CHINng">21260.136</dst>
            <dst id="DNVRng">24052.5786666667</dst>
            <dst id="HSTNng">12137.28</dst>
            <dst id="IPLSng">23966.2106666667</dst>
            <dst id="KSCYng">13575.312</dst>
            <dst id="LOSAng">66436.9173333333</dst>
            <dst id="NYCMng">62170.1946666667</dst>
            <dst id="SNVAng">2267.28533333333</dst>
            <dst id="STTLng">27607.8026666667</dst>
            <dst id="WASHng">49326.552</dst>
        </src>
        <src id="SNVAng">
            <dst id="ATLA-M5">0</dst>
            <dst id="ATLAng">0</dst>
            <dst id="CHINng">28.1706666666667</dst>
            <dst id="DNVRng">388.677333333333</dst>
            <dst id="HSTNng">0</dst>
            <dst id="IPLSng">216.605333333333</dst>
            <dst id="KSCYng">0</dst>
            <dst id="LOSAng">28917.1386666667</dst>
            <dst id="NYCMng">112</dst>
            <dst id="SNVAng">8378.28533333333</dst>
            <dst id="STTLng">33311.4453333333</dst>
            <dst id="WASHng">176.010666666667</dst>
        </src>
        <src id="STTLng">
            <dst id="ATLA-M5">26.6666666666667</dst>
            <dst id="ATLAng">8714.46933333333</dst>
            <dst id="CHINng">9055.28533333334</dst>
            <dst id="DNVRng">3009.07466666667</dst>
            <dst id="HSTNng">3587.17866666667</dst>
            <dst id="IPLSng">4789.23733333333</dst>
            <dst id="KSCYng">1937.968</dst>
            <dst id="LOSAng">16616.5573333333</dst>
            <dst id="NYCMng">16327.1013333333</dst>
            <dst id="SNVAng">6069.37866666667</dst>
            <dst id="STTLng">1151.68</dst>
            <dst id="WASHng">4447.20266666667</dst>
        </src>
        <src id="WASHng">
            <dst id="ATLA-M5">1868.44533333333</dst>
            <dst id="ATLAng">124809.218666667</dst>
            <dst id="CHINng">37567.9066666667</dst>
            <dst id="DNVRng">30104.248</dst>
            <dst id="HSTNng">19099.9253333333</dst>
            <dst id="IPLSng">66939.6533333333</dst>
            <dst id="KSCYng">30469.8773333333</dst>
            <dst id="LOSAng">101116.432</dst>
            <dst id="NYCMng">115807.218666667</dst>
            <dst id="SNVAng">4581.16533333333</dst>
            <dst id="STTLng">21879.896</dst>
            <dst id="WASHng">174093.933333333</dst>
        </src>
    </IntraTM>
</TrafficMatrixFile>
