<?xml version="1.0" encoding="ISO-8859-1" standalone="yes"?>
<TrafficMatrixFile xsi:noNamespaceSchemaLocation="http://totem.run.montefiore.ulg.ac.be/Schema/TrafficMatrix-v1_2.xsd" xmlns:xsi="http://www.w3.org/2001/XMLSchema-instance">
    <IntraTM ASID="11537">
        <src id="ATLA-M5">
            <dst id="ATLA-M5">46.7173333333333</dst>
            <dst id="ATLAng">70.6666666666667</dst>
            <dst id="CHINng">1217.71733333333</dst>
            <dst id="DNVRng">0</dst>
            <dst id="HSTNng">71.1493333333333</dst>
            <dst id="IPLSng">0</dst>
            <dst id="KSCYng">0</dst>
            <dst id="LOSAng">32.16</dst>
            <dst id="NYCMng">0</dst>
            <dst id="SNVAng">0</dst>
            <dst id="STTLng">76.2186666666667</dst>
            <dst id="WASHng">186.666666666667</dst>
        </src>
        <src id="ATLAng">
            <dst id="ATLA-M5">26.6666666666667</dst>
            <dst id="ATLAng">48743.4533333333</dst>
            <dst id="CHINng">7161.29866666667</dst>
            <dst id="DNVRng">2478.224</dst>
            <dst id="HSTNng">23456.0186666667</dst>
            <dst id="IPLSng">11724.3333333333</dst>
            <dst id="KSCYng">803.082666666667</dst>
            <dst id="LOSAng">17094.5573333333</dst>
            <dst id="NYCMng">5018.416</dst>
            <dst id="SNVAng">53.3333333333333</dst>
            <dst id="STTLng">3912.25866666667</dst>
            <dst id="WASHng">26671.3946666667</dst>
        </src>
        <src id="CHINng">
            <dst id="ATLA-M5">58.136</dst>
            <dst id="ATLAng">9193.344</dst>
            <dst id="CHINng">93935.6506666666</dst>
            <dst id="DNVRng">12565.2453333333</dst>
            <dst id="HSTNng">6762.07466666667</dst>
            <dst id="IPLSng">32452.7413333333</dst>
            <dst id="KSCYng">15863.608</dst>
            <dst id="LOSAng">33095.3866666667</dst>
            <dst id="NYCMng">26173.4266666667</dst>
            <dst id="SNVAng">2610.61866666667</dst>
            <dst id="STTLng">3924.69066666667</dst>
            <dst id="WASHng">13176.5733333333</dst>
        </src>
        <src id="DNVRng">
            <dst id="ATLA-M5">119.072</dst>
            <dst id="ATLAng">5873.016</dst>
            <dst id="CHINng">36951.1706666667</dst>
            <dst id="DNVRng">22078.8293333333</dst>
            <dst id="HSTNng">25809.16</dst>
            <dst id="IPLSng">35807.9733333333</dst>
            <dst id="KSCYng">22455.3333333333</dst>
            <dst id="LOSAng">6753.01066666667</dst>
            <dst id="NYCMng">16675.856</dst>
            <dst id="SNVAng">9518.63733333333</dst>
            <dst id="STTLng">3873.46133333333</dst>
            <dst id="WASHng">37417.408</dst>
        </src>
        <src id="HSTNng">
            <dst id="ATLA-M5">1083.296</dst>
            <dst id="ATLAng">1782.70133333333</dst>
            <dst id="CHINng">11496.3493333333</dst>
            <dst id="DNVRng">7975.07733333333</dst>
            <dst id="HSTNng">15350.1973333333</dst>
            <dst id="IPLSng">1146.30666666667</dst>
            <dst id="KSCYng">830.28</dst>
            <dst id="LOSAng">1264.192</dst>
            <dst id="NYCMng">1229.896</dst>
            <dst id="SNVAng">26.6666666666667</dst>
            <dst id="STTLng">622.213333333333</dst>
            <dst id="WASHng">13753.3893333333</dst>
        </src>
        <src id="IPLSng">
            <dst id="ATLA-M5">26.6666666666667</dst>
            <dst id="ATLAng">20261.8666666667</dst>
            <dst id="CHINng">44034.3333333334</dst>
            <dst id="DNVRng">5719.63466666667</dst>
            <dst id="HSTNng">3648.90933333333</dst>
            <dst id="IPLSng">48397.8826666667</dst>
            <dst id="KSCYng">12209.4266666667</dst>
            <dst id="LOSAng">14797.8426666667</dst>
            <dst id="NYCMng">6901.62666666667</dst>
            <dst id="SNVAng">226.426666666667</dst>
            <dst id="STTLng">13659.7413333333</dst>
            <dst id="WASHng">12834.544</dst>
        </src>
        <src id="KSCYng">
            <dst id="ATLA-M5">261.44</dst>
            <dst id="ATLAng">7423.6</dst>
            <dst id="CHINng">12185.6586666667</dst>
            <dst id="DNVRng">4118.68533333333</dst>
            <dst id="HSTNng">2840.744</dst>
            <dst id="IPLSng">24540.6213333333</dst>
            <dst id="KSCYng">7898.168</dst>
            <dst id="LOSAng">2829.67733333333</dst>
            <dst id="NYCMng">2776.68533333333</dst>
            <dst id="SNVAng">1944.424</dst>
            <dst id="STTLng">893.778666666667</dst>
            <dst id="WASHng">14371.0133333333</dst>
        </src>
        <src id="LOSAng">
            <dst id="ATLA-M5">846.101333333333</dst>
            <dst id="ATLAng">10559.6293333333</dst>
            <dst id="CHINng">52587.144</dst>
            <dst id="DNVRng">13377.3226666667</dst>
            <dst id="HSTNng">3334.368</dst>
            <dst id="IPLSng">17228.3653333333</dst>
            <dst id="KSCYng">3838.03466666667</dst>
            <dst id="LOSAng">6496.392</dst>
            <dst id="NYCMng">19924.584</dst>
            <dst id="SNVAng">21256.4373333333</dst>
            <dst id="STTLng">17342.0933333333</dst>
            <dst id="WASHng">76600.6586666667</dst>
        </src>
        <src id="NYCMng">
            <dst id="ATLA-M5">186.029333333333</dst>
            <dst id="ATLAng">12511.6053333333</dst>
            <dst id="CHINng">23368.4266666667</dst>
            <dst id="DNVRng">20463.5706666667</dst>
            <dst id="HSTNng">4687.20266666667</dst>
            <dst id="IPLSng">9821.59466666667</dst>
            <dst id="KSCYng">5081.30666666667</dst>
            <dst id="LOSAng">45486.608</dst>
            <dst id="NYCMng">77371.8826666667</dst>
            <dst id="SNVAng">435.864</dst>
            <dst id="STTLng">24324.1866666667</dst>
            <dst id="WASHng">40690.3946666667</dst>
        </src>
        <src id="SNVAng">
            <dst id="ATLA-M5">0</dst>
            <dst id="ATLAng">0</dst>
            <dst id="CHINng">53.3333333333333</dst>
            <dst id="DNVRng">12469.624</dst>
            <dst id="HSTNng">0</dst>
            <dst id="IPLSng">236.533333333333</dst>
            <dst id="KSCYng">0</dst>
            <dst id="LOSAng">30672.64</dst>
            <dst id="NYCMng">138.653333333333</dst>
            <dst id="SNVAng">7474.00533333333</dst>
            <dst id="STTLng">35660.52</dst>
            <dst id="WASHng">53.3333333333333</dst>
        </src>
        <src id="STTLng">
            <dst id="ATLA-M5">138.384</dst>
            <dst id="ATLAng">5617.24533333333</dst>
            <dst id="CHINng">13144.4346666667</dst>
            <dst id="DNVRng">1734.44533333333</dst>
            <dst id="HSTNng">3095.64</dst>
            <dst id="IPLSng">5757.36</dst>
            <dst id="KSCYng">1404.02933333333</dst>
            <dst id="LOSAng">6703.07733333333</dst>
            <dst id="NYCMng">6865.832</dst>
            <dst id="SNVAng">9917.81866666666</dst>
            <dst id="STTLng">1649.592</dst>
            <dst id="WASHng">5440.368</dst>
        </src>
        <src id="WASHng">
            <dst id="ATLA-M5">488.077333333333</dst>
            <dst id="ATLAng">67293.5173333333</dst>
            <dst id="CHINng">62365.0346666667</dst>
            <dst id="DNVRng">47646.9786666667</dst>
            <dst id="HSTNng">25638.248</dst>
            <dst id="IPLSng">61936.736</dst>
            <dst id="KSCYng">32114.216</dst>
            <dst id="LOSAng">92217.3973333333</dst>
            <dst id="NYCMng">151119.8</dst>
            <dst id="SNVAng">782.210666666667</dst>
            <dst id="STTLng">25766.9626666667</dst>
            <dst id="WASHng">188596.530666667</dst>
        </src>
    </IntraTM>
</TrafficMatrixFile>
