<?xml version="1.0" encoding="ISO-8859-1" standalone="yes"?>
<TrafficMatrixFile xsi:noNamespaceSchemaLocation="http://totem.run.montefiore.ulg.ac.be/Schema/TrafficMatrix-v1_2.xsd" xmlns:xsi="http://www.w3.org/2001/XMLSchema-instance">
    <IntraTM ASID="11537">
        <src id="ATLA-M5">
            <dst id="ATLA-M5">54.3386666666667</dst>
            <dst id="ATLAng">376.576</dst>
            <dst id="CHINng">353.976</dst>
            <dst id="DNVRng">0</dst>
            <dst id="HSTNng">134.592</dst>
            <dst id="IPLSng">26.6666666666667</dst>
            <dst id="KSCYng">26.6666666666667</dst>
            <dst id="LOSAng">101.314666666667</dst>
            <dst id="NYCMng">26.6666666666667</dst>
            <dst id="SNVAng">22.336</dst>
            <dst id="STTLng">53.3333333333333</dst>
            <dst id="WASHng">737.466666666667</dst>
        </src>
        <src id="ATLAng">
            <dst id="ATLA-M5">113.802666666667</dst>
            <dst id="ATLAng">50602.056</dst>
            <dst id="CHINng">8486.46933333333</dst>
            <dst id="DNVRng">4440.384</dst>
            <dst id="HSTNng">1398.07733333333</dst>
            <dst id="IPLSng">21208.952</dst>
            <dst id="KSCYng">6361.26933333333</dst>
            <dst id="LOSAng">5479.48133333333</dst>
            <dst id="NYCMng">10382.48</dst>
            <dst id="SNVAng">4201.684</dst>
            <dst id="STTLng">1982.2</dst>
            <dst id="WASHng">54836.5466666667</dst>
        </src>
        <src id="CHINng">
            <dst id="ATLA-M5">448.677333333333</dst>
            <dst id="ATLAng">15391.776</dst>
            <dst id="CHINng">93699.2586666667</dst>
            <dst id="DNVRng">2014.71733333333</dst>
            <dst id="HSTNng">14655.3733333333</dst>
            <dst id="IPLSng">18072.1413333333</dst>
            <dst id="KSCYng">8807.81866666666</dst>
            <dst id="LOSAng">5179.096</dst>
            <dst id="NYCMng">11095.976</dst>
            <dst id="SNVAng">23221.6106666667</dst>
            <dst id="STTLng">6985.11466666667</dst>
            <dst id="WASHng">18542.5946666667</dst>
        </src>
        <src id="DNVRng">
            <dst id="ATLA-M5">293.728</dst>
            <dst id="ATLAng">9951.19733333333</dst>
            <dst id="CHINng">53352.12</dst>
            <dst id="DNVRng">9753.54666666667</dst>
            <dst id="HSTNng">22419.5226666667</dst>
            <dst id="IPLSng">23524.88</dst>
            <dst id="KSCYng">26442.5706666667</dst>
            <dst id="LOSAng">536.728</dst>
            <dst id="NYCMng">18594.1866666667</dst>
            <dst id="SNVAng">21123.6266666667</dst>
            <dst id="STTLng">3932.536</dst>
            <dst id="WASHng">49713.3146666667</dst>
        </src>
        <src id="HSTNng">
            <dst id="ATLA-M5">1318.048</dst>
            <dst id="ATLAng">3244.08266666667</dst>
            <dst id="CHINng">13378.1706666667</dst>
            <dst id="DNVRng">1979.32266666667</dst>
            <dst id="HSTNng">13912.0533333333</dst>
            <dst id="IPLSng">7510.064</dst>
            <dst id="KSCYng">2751.78666666667</dst>
            <dst id="LOSAng">1248.35466666667</dst>
            <dst id="NYCMng">5803.39733333333</dst>
            <dst id="SNVAng">172.282666666667</dst>
            <dst id="STTLng">1052.77066666667</dst>
            <dst id="WASHng">3954.79733333333</dst>
        </src>
        <src id="IPLSng">
            <dst id="ATLA-M5">63.152</dst>
            <dst id="ATLAng">10009.8506666667</dst>
            <dst id="CHINng">59946.16</dst>
            <dst id="DNVRng">10254.8186666667</dst>
            <dst id="HSTNng">1983</dst>
            <dst id="IPLSng">13635.336</dst>
            <dst id="KSCYng">2940.81866666667</dst>
            <dst id="LOSAng">5824.656</dst>
            <dst id="NYCMng">20555</dst>
            <dst id="SNVAng">7032.128</dst>
            <dst id="STTLng">4319.02133333333</dst>
            <dst id="WASHng">13898.592</dst>
        </src>
        <src id="KSCYng">
            <dst id="ATLA-M5">38.808</dst>
            <dst id="ATLAng">3649.05066666667</dst>
            <dst id="CHINng">17119.184</dst>
            <dst id="DNVRng">4199.95733333333</dst>
            <dst id="HSTNng">4252.01333333333</dst>
            <dst id="IPLSng">13257.8</dst>
            <dst id="KSCYng">12270.608</dst>
            <dst id="LOSAng">1303.46133333333</dst>
            <dst id="NYCMng">1556.968</dst>
            <dst id="SNVAng">4124.98666666667</dst>
            <dst id="STTLng">547.498666666667</dst>
            <dst id="WASHng">7610.24533333333</dst>
        </src>
        <src id="LOSAng">
            <dst id="ATLA-M5">57.256</dst>
            <dst id="ATLAng">18937.88</dst>
            <dst id="CHINng">100922.181333333</dst>
            <dst id="DNVRng">7389.648</dst>
            <dst id="HSTNng">2911.48266666667</dst>
            <dst id="IPLSng">23427.104</dst>
            <dst id="KSCYng">1507.89866666667</dst>
            <dst id="LOSAng">15895.8506666667</dst>
            <dst id="NYCMng">29580.5146666667</dst>
            <dst id="SNVAng">21336.3626666667</dst>
            <dst id="STTLng">21580</dst>
            <dst id="WASHng">92366.784</dst>
        </src>
        <src id="NYCMng">
            <dst id="ATLA-M5">222.002666666667</dst>
            <dst id="ATLAng">20918.7946666667</dst>
            <dst id="CHINng">32773.8933333333</dst>
            <dst id="DNVRng">21501.2133333333</dst>
            <dst id="HSTNng">4171.69866666667</dst>
            <dst id="IPLSng">11827.992</dst>
            <dst id="KSCYng">3245.05866666667</dst>
            <dst id="LOSAng">6286.736</dst>
            <dst id="NYCMng">114650.248</dst>
            <dst id="SNVAng">40354.0053333333</dst>
            <dst id="STTLng">17329.0666666667</dst>
            <dst id="WASHng">53831.9733333333</dst>
        </src>
        <src id="SNVAng">
            <dst id="ATLA-M5">0</dst>
            <dst id="ATLAng">26.6666666666667</dst>
            <dst id="CHINng">53.3333333333333</dst>
            <dst id="DNVRng">7195.91466666667</dst>
            <dst id="HSTNng">53.3333333333333</dst>
            <dst id="IPLSng">8899.53866666667</dst>
            <dst id="KSCYng">0</dst>
            <dst id="LOSAng">677.672</dst>
            <dst id="NYCMng">310.269333333333</dst>
            <dst id="SNVAng">35378.032</dst>
            <dst id="STTLng">36329.824</dst>
            <dst id="WASHng">167.253333333333</dst>
        </src>
        <src id="STTLng">
            <dst id="ATLA-M5">53.3333333333333</dst>
            <dst id="ATLAng">9034.17066666667</dst>
            <dst id="CHINng">24582.4293333333</dst>
            <dst id="DNVRng">4609.73333333333</dst>
            <dst id="HSTNng">2510.11733333333</dst>
            <dst id="IPLSng">13899.9546666667</dst>
            <dst id="KSCYng">2607.944</dst>
            <dst id="LOSAng">2983.392</dst>
            <dst id="NYCMng">18275.136</dst>
            <dst id="SNVAng">12347.616</dst>
            <dst id="STTLng">2523.52</dst>
            <dst id="WASHng">87696.832</dst>
        </src>
        <src id="WASHng">
            <dst id="ATLA-M5">221.008</dst>
            <dst id="ATLAng">100591.4</dst>
            <dst id="CHINng">72706.0613333333</dst>
            <dst id="DNVRng">33443.7946666667</dst>
            <dst id="HSTNng">15466.912</dst>
            <dst id="IPLSng">32482.552</dst>
            <dst id="KSCYng">70400.216</dst>
            <dst id="LOSAng">71991.9706666667</dst>
            <dst id="NYCMng">127048.978666667</dst>
            <dst id="SNVAng">25361.1066666667</dst>
            <dst id="STTLng">30585.24</dst>
            <dst id="WASHng">349337.093333333</dst>
        </src>
    </IntraTM>
</TrafficMatrixFile>
