<?xml version="1.0" encoding="ISO-8859-1" standalone="yes"?>
<TrafficMatrixFile xsi:noNamespaceSchemaLocation="http://totem.run.montefiore.ulg.ac.be/Schema/TrafficMatrix-v1_2.xsd" xmlns:xsi="http://www.w3.org/2001/XMLSchema-instance">
    <IntraTM ASID="11537">
        <src id="ATLA-M5">
            <dst id="ATLA-M5">0</dst>
            <dst id="ATLAng">0</dst>
            <dst id="CHINng">154.101333333333</dst>
            <dst id="DNVRng">0</dst>
            <dst id="HSTNng">83.8853333333333</dst>
            <dst id="IPLSng">0</dst>
            <dst id="KSCYng">0</dst>
            <dst id="LOSAng">0</dst>
            <dst id="NYCMng">73.92</dst>
            <dst id="SNVAng">0</dst>
            <dst id="STTLng">96.1973333333333</dst>
            <dst id="WASHng">53.3333333333333</dst>
        </src>
        <src id="ATLAng">
            <dst id="ATLA-M5">0</dst>
            <dst id="ATLAng">22504.5626666667</dst>
            <dst id="CHINng">3751.49866666667</dst>
            <dst id="DNVRng">2676.64533333333</dst>
            <dst id="HSTNng">259.224</dst>
            <dst id="IPLSng">10081.4213333333</dst>
            <dst id="KSCYng">335.512</dst>
            <dst id="LOSAng">8193.12</dst>
            <dst id="NYCMng">3022.04266666667</dst>
            <dst id="SNVAng">0</dst>
            <dst id="STTLng">5764.90933333333</dst>
            <dst id="WASHng">37498.24</dst>
        </src>
        <src id="CHINng">
            <dst id="ATLA-M5">0</dst>
            <dst id="ATLAng">3480.64533333333</dst>
            <dst id="CHINng">40287.12</dst>
            <dst id="DNVRng">11951.792</dst>
            <dst id="HSTNng">16550.2533333333</dst>
            <dst id="IPLSng">19347.8373333333</dst>
            <dst id="KSCYng">2515.144</dst>
            <dst id="LOSAng">20552.3146666667</dst>
            <dst id="NYCMng">23847.68</dst>
            <dst id="SNVAng">1572.59466666667</dst>
            <dst id="STTLng">8456.79733333333</dst>
            <dst id="WASHng">7188.34933333333</dst>
        </src>
        <src id="DNVRng">
            <dst id="ATLA-M5">122.88</dst>
            <dst id="ATLAng">4514.56533333333</dst>
            <dst id="CHINng">39456.7733333333</dst>
            <dst id="DNVRng">2144.19466666667</dst>
            <dst id="HSTNng">19186.5146666667</dst>
            <dst id="IPLSng">30084.04</dst>
            <dst id="KSCYng">11958.4586666667</dst>
            <dst id="LOSAng">5689.57333333333</dst>
            <dst id="NYCMng">10880.0693333333</dst>
            <dst id="SNVAng">4321.512</dst>
            <dst id="STTLng">2904.8</dst>
            <dst id="WASHng">32225.5973333333</dst>
        </src>
        <src id="HSTNng">
            <dst id="ATLA-M5">4218.808</dst>
            <dst id="ATLAng">467.069333333333</dst>
            <dst id="CHINng">6118.24266666667</dst>
            <dst id="DNVRng">781.730666666667</dst>
            <dst id="HSTNng">15844.6026666667</dst>
            <dst id="IPLSng">4648.23733333333</dst>
            <dst id="KSCYng">612.338666666667</dst>
            <dst id="LOSAng">1834.048</dst>
            <dst id="NYCMng">1230.088</dst>
            <dst id="SNVAng">53.3333333333333</dst>
            <dst id="STTLng">884.445333333333</dst>
            <dst id="WASHng">4743.93066666667</dst>
        </src>
        <src id="IPLSng">
            <dst id="ATLA-M5">26.6666666666667</dst>
            <dst id="ATLAng">12958</dst>
            <dst id="CHINng">38892.4186666667</dst>
            <dst id="DNVRng">9344.6</dst>
            <dst id="HSTNng">1314.79733333333</dst>
            <dst id="IPLSng">16454.232</dst>
            <dst id="KSCYng">2137.29333333333</dst>
            <dst id="LOSAng">18670.6266666667</dst>
            <dst id="NYCMng">12427.584</dst>
            <dst id="SNVAng">252.642666666667</dst>
            <dst id="STTLng">7452.92</dst>
            <dst id="WASHng">8910.43466666667</dst>
        </src>
        <src id="KSCYng">
            <dst id="ATLA-M5">0</dst>
            <dst id="ATLAng">2470.68533333333</dst>
            <dst id="CHINng">9487.23733333333</dst>
            <dst id="DNVRng">4036.504</dst>
            <dst id="HSTNng">3445.70133333333</dst>
            <dst id="IPLSng">9163.35733333334</dst>
            <dst id="KSCYng">11682.8106666667</dst>
            <dst id="LOSAng">3370.77333333333</dst>
            <dst id="NYCMng">1888.38666666667</dst>
            <dst id="SNVAng">2008.05333333333</dst>
            <dst id="STTLng">618.738666666667</dst>
            <dst id="WASHng">8557.152</dst>
        </src>
        <src id="LOSAng">
            <dst id="ATLA-M5">0</dst>
            <dst id="ATLAng">6649.368</dst>
            <dst id="CHINng">50025.4533333333</dst>
            <dst id="DNVRng">12856.3146666667</dst>
            <dst id="HSTNng">1972.34933333333</dst>
            <dst id="IPLSng">10437.0293333333</dst>
            <dst id="KSCYng">1730.73333333333</dst>
            <dst id="LOSAng">14019.1973333333</dst>
            <dst id="NYCMng">18276.4613333333</dst>
            <dst id="SNVAng">20297.976</dst>
            <dst id="STTLng">24469.4826666667</dst>
            <dst id="WASHng">72388.5786666667</dst>
        </src>
        <src id="NYCMng">
            <dst id="ATLA-M5">26.6666666666667</dst>
            <dst id="ATLAng">13119.4746666667</dst>
            <dst id="CHINng">26060.7706666667</dst>
            <dst id="DNVRng">24273.2213333333</dst>
            <dst id="HSTNng">7266.86933333333</dst>
            <dst id="IPLSng">22237.5813333333</dst>
            <dst id="KSCYng">4499.976</dst>
            <dst id="LOSAng">50566.328</dst>
            <dst id="NYCMng">59582.7413333333</dst>
            <dst id="SNVAng">2536.76266666667</dst>
            <dst id="STTLng">15912.7573333333</dst>
            <dst id="WASHng">33539.5013333333</dst>
        </src>
        <src id="SNVAng">
            <dst id="ATLA-M5">0</dst>
            <dst id="ATLAng">53.3333333333333</dst>
            <dst id="CHINng">26.6666666666667</dst>
            <dst id="DNVRng">268.330666666667</dst>
            <dst id="HSTNng">26.6666666666667</dst>
            <dst id="IPLSng">251.736</dst>
            <dst id="KSCYng">26.6666666666667</dst>
            <dst id="LOSAng">30397.3226666667</dst>
            <dst id="NYCMng">26.6666666666667</dst>
            <dst id="SNVAng">6618.89333333333</dst>
            <dst id="STTLng">33679.0346666667</dst>
            <dst id="WASHng">124.752</dst>
        </src>
        <src id="STTLng">
            <dst id="ATLA-M5">103.792</dst>
            <dst id="ATLAng">5087.11733333333</dst>
            <dst id="CHINng">13117.5706666667</dst>
            <dst id="DNVRng">465.288</dst>
            <dst id="HSTNng">298.824</dst>
            <dst id="IPLSng">3361.17066666667</dst>
            <dst id="KSCYng">640.437333333333</dst>
            <dst id="LOSAng">9393.28</dst>
            <dst id="NYCMng">10100.0053333333</dst>
            <dst id="SNVAng">12385.5733333333</dst>
            <dst id="STTLng">1031.19466666667</dst>
            <dst id="WASHng">5385.86933333333</dst>
        </src>
        <src id="WASHng">
            <dst id="ATLA-M5">267.52</dst>
            <dst id="ATLAng">127794.448</dst>
            <dst id="CHINng">27846.0773333333</dst>
            <dst id="DNVRng">38559.5706666667</dst>
            <dst id="HSTNng">5950.98666666666</dst>
            <dst id="IPLSng">64853.3493333333</dst>
            <dst id="KSCYng">30177.176</dst>
            <dst id="LOSAng">90842.7973333333</dst>
            <dst id="NYCMng">131207.242666667</dst>
            <dst id="SNVAng">279.136</dst>
            <dst id="STTLng">25295.568</dst>
            <dst id="WASHng">183018.917333333</dst>
        </src>
    </IntraTM>
</TrafficMatrixFile>
