<?xml version="1.0" encoding="ISO-8859-1" standalone="yes"?>
<TrafficMatrixFile xsi:noNamespaceSchemaLocation="http://totem.run.montefiore.ulg.ac.be/Schema/TrafficMatrix-v1_2.xsd" xmlns:xsi="http://www.w3.org/2001/XMLSchema-instance">
    <IntraTM ASID="11537">
        <src id="ATLA-M5">
            <dst id="ATLA-M5">26.6666666666667</dst>
            <dst id="ATLAng">112.093333333333</dst>
            <dst id="CHINng">120.373333333333</dst>
            <dst id="DNVRng">0</dst>
            <dst id="HSTNng">490.064</dst>
            <dst id="IPLSng">0</dst>
            <dst id="KSCYng">0</dst>
            <dst id="LOSAng">26.6666666666667</dst>
            <dst id="NYCMng">82.7093333333333</dst>
            <dst id="SNVAng">0</dst>
            <dst id="STTLng">65.856</dst>
            <dst id="WASHng">80</dst>
        </src>
        <src id="ATLAng">
            <dst id="ATLA-M5">96.3866666666667</dst>
            <dst id="ATLAng">27355.192</dst>
            <dst id="CHINng">5942.75733333333</dst>
            <dst id="DNVRng">4396.68266666667</dst>
            <dst id="HSTNng">7819.42933333333</dst>
            <dst id="IPLSng">19938.4</dst>
            <dst id="KSCYng">773.194666666667</dst>
            <dst id="LOSAng">11402.3706666667</dst>
            <dst id="NYCMng">10214.1146666667</dst>
            <dst id="SNVAng">80.0746666666667</dst>
            <dst id="STTLng">5735.19466666667</dst>
            <dst id="WASHng">19660.4053333333</dst>
        </src>
        <src id="CHINng">
            <dst id="ATLA-M5">0</dst>
            <dst id="ATLAng">6851.38933333333</dst>
            <dst id="CHINng">122158.712</dst>
            <dst id="DNVRng">4045.74133333333</dst>
            <dst id="HSTNng">5536.26133333333</dst>
            <dst id="IPLSng">52469.072</dst>
            <dst id="KSCYng">16195.2373333333</dst>
            <dst id="LOSAng">30388.5226666667</dst>
            <dst id="NYCMng">29003.3653333333</dst>
            <dst id="SNVAng">1649.50933333333</dst>
            <dst id="STTLng">4889.184</dst>
            <dst id="WASHng">12085.6666666667</dst>
        </src>
        <src id="DNVRng">
            <dst id="ATLA-M5">128</dst>
            <dst id="ATLAng">8176.56533333333</dst>
            <dst id="CHINng">35948.1973333333</dst>
            <dst id="DNVRng">14605.0613333333</dst>
            <dst id="HSTNng">25710.896</dst>
            <dst id="IPLSng">35967.1493333333</dst>
            <dst id="KSCYng">22949.3066666667</dst>
            <dst id="LOSAng">7849.55466666667</dst>
            <dst id="NYCMng">12677.8853333333</dst>
            <dst id="SNVAng">8341.45866666667</dst>
            <dst id="STTLng">4240.71733333333</dst>
            <dst id="WASHng">36847.4773333333</dst>
        </src>
        <src id="HSTNng">
            <dst id="ATLA-M5">1728.22133333333</dst>
            <dst id="ATLAng">2472.27733333333</dst>
            <dst id="CHINng">11385.88</dst>
            <dst id="DNVRng">825.672</dst>
            <dst id="HSTNng">11788.448</dst>
            <dst id="IPLSng">11803.6826666667</dst>
            <dst id="KSCYng">551.098666666667</dst>
            <dst id="LOSAng">5565.61866666667</dst>
            <dst id="NYCMng">2671.17333333333</dst>
            <dst id="SNVAng">0</dst>
            <dst id="STTLng">873.866666666667</dst>
            <dst id="WASHng">7018.4</dst>
        </src>
        <src id="IPLSng">
            <dst id="ATLA-M5">0</dst>
            <dst id="ATLAng">15850.1306666667</dst>
            <dst id="CHINng">48602.3653333333</dst>
            <dst id="DNVRng">5900.78133333333</dst>
            <dst id="HSTNng">4964.51466666667</dst>
            <dst id="IPLSng">16842.4186666667</dst>
            <dst id="KSCYng">20599.672</dst>
            <dst id="LOSAng">14118.1866666667</dst>
            <dst id="NYCMng">20386.3066666667</dst>
            <dst id="SNVAng">170.496</dst>
            <dst id="STTLng">11988.488</dst>
            <dst id="WASHng">10809.2533333333</dst>
        </src>
        <src id="KSCYng">
            <dst id="ATLA-M5">27.6346666666667</dst>
            <dst id="ATLAng">9031.95466666667</dst>
            <dst id="CHINng">11076.736</dst>
            <dst id="DNVRng">5342.24266666667</dst>
            <dst id="HSTNng">3087.48</dst>
            <dst id="IPLSng">19312.184</dst>
            <dst id="KSCYng">9806.4</dst>
            <dst id="LOSAng">6285.264</dst>
            <dst id="NYCMng">977.312</dst>
            <dst id="SNVAng">1837.20533333333</dst>
            <dst id="STTLng">1111.48</dst>
            <dst id="WASHng">14758.368</dst>
        </src>
        <src id="LOSAng">
            <dst id="ATLA-M5">868.210666666667</dst>
            <dst id="ATLAng">12663.1626666667</dst>
            <dst id="CHINng">51874.6613333333</dst>
            <dst id="DNVRng">6058.39733333333</dst>
            <dst id="HSTNng">2623.49866666667</dst>
            <dst id="IPLSng">12767.2506666667</dst>
            <dst id="KSCYng">4234.73333333333</dst>
            <dst id="LOSAng">5905.2</dst>
            <dst id="NYCMng">18803.6346666667</dst>
            <dst id="SNVAng">21506.8133333333</dst>
            <dst id="STTLng">15826.448</dst>
            <dst id="WASHng">76995.9626666667</dst>
        </src>
        <src id="NYCMng">
            <dst id="ATLA-M5">277.098666666667</dst>
            <dst id="ATLAng">15468.168</dst>
            <dst id="CHINng">17798.0426666667</dst>
            <dst id="DNVRng">20518.3866666667</dst>
            <dst id="HSTNng">2604.04266666667</dst>
            <dst id="IPLSng">15568.392</dst>
            <dst id="KSCYng">3919.576</dst>
            <dst id="LOSAng">45243.44</dst>
            <dst id="NYCMng">93519.696</dst>
            <dst id="SNVAng">1372.8</dst>
            <dst id="STTLng">24907.896</dst>
            <dst id="WASHng">50686.76</dst>
        </src>
        <src id="SNVAng">
            <dst id="ATLA-M5">0</dst>
            <dst id="ATLAng">0</dst>
            <dst id="CHINng">258.805333333333</dst>
            <dst id="DNVRng">6039.06666666667</dst>
            <dst id="HSTNng">0</dst>
            <dst id="IPLSng">175.12</dst>
            <dst id="KSCYng">0</dst>
            <dst id="LOSAng">29050.904</dst>
            <dst id="NYCMng">53.3333333333333</dst>
            <dst id="SNVAng">8225.94666666667</dst>
            <dst id="STTLng">37323.048</dst>
            <dst id="WASHng">26.6666666666667</dst>
        </src>
        <src id="STTLng">
            <dst id="ATLA-M5">103.413333333333</dst>
            <dst id="ATLAng">6612.90933333333</dst>
            <dst id="CHINng">16031.472</dst>
            <dst id="DNVRng">1591.23733333333</dst>
            <dst id="HSTNng">1072.68533333333</dst>
            <dst id="IPLSng">5083.832</dst>
            <dst id="KSCYng">1149.36266666667</dst>
            <dst id="LOSAng">7954.09333333333</dst>
            <dst id="NYCMng">8821.512</dst>
            <dst id="SNVAng">12105.8186666667</dst>
            <dst id="STTLng">1252.4</dst>
            <dst id="WASHng">7654.816</dst>
        </src>
        <src id="WASHng">
            <dst id="ATLA-M5">309.578666666667</dst>
            <dst id="ATLAng">66289.3413333333</dst>
            <dst id="CHINng">53240.904</dst>
            <dst id="DNVRng">63690.9573333333</dst>
            <dst id="HSTNng">21502.0186666667</dst>
            <dst id="IPLSng">67476.4506666667</dst>
            <dst id="KSCYng">31590.368</dst>
            <dst id="LOSAng">90385.936</dst>
            <dst id="NYCMng">175633.458666667</dst>
            <dst id="SNVAng">1168.18666666667</dst>
            <dst id="STTLng">39698.12</dst>
            <dst id="WASHng">206623.096</dst>
        </src>
    </IntraTM>
</TrafficMatrixFile>
