<?xml version="1.0" encoding="ISO-8859-1" standalone="yes"?>
<TrafficMatrixFile xsi:noNamespaceSchemaLocation="http://totem.run.montefiore.ulg.ac.be/Schema/TrafficMatrix-v1_2.xsd" xmlns:xsi="http://www.w3.org/2001/XMLSchema-instance">
    <IntraTM ASID="11537">
        <src id="ATLA-M5">
            <dst id="ATLA-M5">26.6666666666667</dst>
            <dst id="ATLAng">26.6666666666667</dst>
            <dst id="CHINng">190.952</dst>
            <dst id="DNVRng">1919.928</dst>
            <dst id="HSTNng">126.984</dst>
            <dst id="IPLSng">247.317333333333</dst>
            <dst id="KSCYng">0</dst>
            <dst id="LOSAng">66.6666666666667</dst>
            <dst id="NYCMng">176.629333333333</dst>
            <dst id="SNVAng">13.3333333333333</dst>
            <dst id="STTLng">96.3626666666667</dst>
            <dst id="WASHng">936.4</dst>
        </src>
        <src id="ATLAng">
            <dst id="ATLA-M5">177.736</dst>
            <dst id="ATLAng">22931.9733333333</dst>
            <dst id="CHINng">4578.51733333333</dst>
            <dst id="DNVRng">2911.18666666667</dst>
            <dst id="HSTNng">14652.6506666667</dst>
            <dst id="IPLSng">13166.8666666667</dst>
            <dst id="KSCYng">2164.24266666667</dst>
            <dst id="LOSAng">15388.6933333333</dst>
            <dst id="NYCMng">3520.75466666667</dst>
            <dst id="SNVAng">106.666666666667</dst>
            <dst id="STTLng">4579.70133333333</dst>
            <dst id="WASHng">27170.7146666667</dst>
        </src>
        <src id="CHINng">
            <dst id="ATLA-M5">75.5306666666667</dst>
            <dst id="ATLAng">6220.744</dst>
            <dst id="CHINng">74015.824</dst>
            <dst id="DNVRng">9596.072</dst>
            <dst id="HSTNng">9433.70666666667</dst>
            <dst id="IPLSng">53353.248</dst>
            <dst id="KSCYng">7746.37333333333</dst>
            <dst id="LOSAng">24288.7813333333</dst>
            <dst id="NYCMng">25502.7546666667</dst>
            <dst id="SNVAng">4828.56266666667</dst>
            <dst id="STTLng">5409.98666666667</dst>
            <dst id="WASHng">14727.952</dst>
        </src>
        <src id="DNVRng">
            <dst id="ATLA-M5">372.544</dst>
            <dst id="ATLAng">5288.41866666667</dst>
            <dst id="CHINng">39153.3866666667</dst>
            <dst id="DNVRng">12146.032</dst>
            <dst id="HSTNng">24740.128</dst>
            <dst id="IPLSng">26437.248</dst>
            <dst id="KSCYng">25466.1066666667</dst>
            <dst id="LOSAng">15684.056</dst>
            <dst id="NYCMng">14568.856</dst>
            <dst id="SNVAng">8799.39466666667</dst>
            <dst id="STTLng">2849.89866666667</dst>
            <dst id="WASHng">35497.1066666667</dst>
        </src>
        <src id="HSTNng">
            <dst id="ATLA-M5">3733.28533333333</dst>
            <dst id="ATLAng">9198.232</dst>
            <dst id="CHINng">6644.42666666667</dst>
            <dst id="DNVRng">1346.02933333333</dst>
            <dst id="HSTNng">21137.2533333333</dst>
            <dst id="IPLSng">2510.288</dst>
            <dst id="KSCYng">745.370666666667</dst>
            <dst id="LOSAng">1040.78666666667</dst>
            <dst id="NYCMng">1792.56</dst>
            <dst id="SNVAng">53.7706666666667</dst>
            <dst id="STTLng">790.16</dst>
            <dst id="WASHng">1466.728</dst>
        </src>
        <src id="IPLSng">
            <dst id="ATLA-M5">82.944</dst>
            <dst id="ATLAng">9193.776</dst>
            <dst id="CHINng">59593.3013333334</dst>
            <dst id="DNVRng">9949.72</dst>
            <dst id="HSTNng">1143.94666666667</dst>
            <dst id="IPLSng">15706.1946666667</dst>
            <dst id="KSCYng">1499.29866666667</dst>
            <dst id="LOSAng">16227.0693333333</dst>
            <dst id="NYCMng">5293.02133333333</dst>
            <dst id="SNVAng">436.066666666667</dst>
            <dst id="STTLng">8596.056</dst>
            <dst id="WASHng">18329.68</dst>
        </src>
        <src id="KSCYng">
            <dst id="ATLA-M5">0</dst>
            <dst id="ATLAng">3667.584</dst>
            <dst id="CHINng">10133.9493333333</dst>
            <dst id="DNVRng">9422.84533333333</dst>
            <dst id="HSTNng">2584.33333333333</dst>
            <dst id="IPLSng">10299.5866666667</dst>
            <dst id="KSCYng">11211.5333333333</dst>
            <dst id="LOSAng">2960.81866666667</dst>
            <dst id="NYCMng">2738.17866666667</dst>
            <dst id="SNVAng">2126.44</dst>
            <dst id="STTLng">2789.336</dst>
            <dst id="WASHng">11691.1893333333</dst>
        </src>
        <src id="LOSAng">
            <dst id="ATLA-M5">871.984</dst>
            <dst id="ATLAng">12571.928</dst>
            <dst id="CHINng">59636.5066666667</dst>
            <dst id="DNVRng">7848.10133333333</dst>
            <dst id="HSTNng">1962.07466666667</dst>
            <dst id="IPLSng">21303.856</dst>
            <dst id="KSCYng">5566.824</dst>
            <dst id="LOSAng">7374.576</dst>
            <dst id="NYCMng">15532.5013333333</dst>
            <dst id="SNVAng">20553.6773333333</dst>
            <dst id="STTLng">20312.4693333333</dst>
            <dst id="WASHng">77089.5493333333</dst>
        </src>
        <src id="NYCMng">
            <dst id="ATLA-M5">1224.61066666667</dst>
            <dst id="ATLAng">16562.1546666667</dst>
            <dst id="CHINng">26615.7413333333</dst>
            <dst id="DNVRng">23204.576</dst>
            <dst id="HSTNng">5732.608</dst>
            <dst id="IPLSng">23695.2613333333</dst>
            <dst id="KSCYng">11043.0186666667</dst>
            <dst id="LOSAng">46643.1333333333</dst>
            <dst id="NYCMng">85054.1306666667</dst>
            <dst id="SNVAng">445.376</dst>
            <dst id="STTLng">21496.1946666667</dst>
            <dst id="WASHng">37374.0746666667</dst>
        </src>
        <src id="SNVAng">
            <dst id="ATLA-M5">0</dst>
            <dst id="ATLAng">26.6666666666667</dst>
            <dst id="CHINng">80</dst>
            <dst id="DNVRng">6999.79466666666</dst>
            <dst id="HSTNng">53.3333333333333</dst>
            <dst id="IPLSng">476.882666666667</dst>
            <dst id="KSCYng">0</dst>
            <dst id="LOSAng">29316.552</dst>
            <dst id="NYCMng">26.6666666666667</dst>
            <dst id="SNVAng">7159.432</dst>
            <dst id="STTLng">34913.8693333333</dst>
            <dst id="WASHng">177.770666666667</dst>
        </src>
        <src id="STTLng">
            <dst id="ATLA-M5">236.498666666667</dst>
            <dst id="ATLAng">9162.52533333333</dst>
            <dst id="CHINng">12152.464</dst>
            <dst id="DNVRng">4506.77066666667</dst>
            <dst id="HSTNng">736.864</dst>
            <dst id="IPLSng">7940.464</dst>
            <dst id="KSCYng">2750.45866666667</dst>
            <dst id="LOSAng">10575.1786666667</dst>
            <dst id="NYCMng">9384.216</dst>
            <dst id="SNVAng">7768.792</dst>
            <dst id="STTLng">550.056</dst>
            <dst id="WASHng">6257.624</dst>
        </src>
        <src id="WASHng">
            <dst id="ATLA-M5">490.506666666667</dst>
            <dst id="ATLAng">75256.7146666667</dst>
            <dst id="CHINng">58017.608</dst>
            <dst id="DNVRng">72735.736</dst>
            <dst id="HSTNng">19465.3653333333</dst>
            <dst id="IPLSng">55013.3413333333</dst>
            <dst id="KSCYng">29692.832</dst>
            <dst id="LOSAng">108824.026666667</dst>
            <dst id="NYCMng">237031.077333333</dst>
            <dst id="SNVAng">837.56</dst>
            <dst id="STTLng">35599.7813333333</dst>
            <dst id="WASHng">188875.034666667</dst>
        </src>
    </IntraTM>
</TrafficMatrixFile>
