<?xml version="1.0" encoding="ISO-8859-1" standalone="yes"?>
<TrafficMatrixFile xsi:noNamespaceSchemaLocation="http://totem.run.montefiore.ulg.ac.be/Schema/TrafficMatrix-v1_2.xsd" xmlns:xsi="http://www.w3.org/2001/XMLSchema-instance">
    <IntraTM ASID="11537">
        <src id="ATLA-M5">
            <dst id="ATLA-M5">0</dst>
            <dst id="ATLAng">26.6666666666667</dst>
            <dst id="CHINng">578.930666666667</dst>
            <dst id="DNVRng">0</dst>
            <dst id="HSTNng">143.376</dst>
            <dst id="IPLSng">0</dst>
            <dst id="KSCYng">0</dst>
            <dst id="LOSAng">1137.92</dst>
            <dst id="NYCMng">3435.224</dst>
            <dst id="SNVAng">26.6666666666667</dst>
            <dst id="STTLng">60.32</dst>
            <dst id="WASHng">285.704</dst>
        </src>
        <src id="ATLAng">
            <dst id="ATLA-M5">84.384</dst>
            <dst id="ATLAng">12442.84</dst>
            <dst id="CHINng">10423.0053333333</dst>
            <dst id="DNVRng">7580.184</dst>
            <dst id="HSTNng">23103.4693333333</dst>
            <dst id="IPLSng">7149.92533333333</dst>
            <dst id="KSCYng">927.52</dst>
            <dst id="LOSAng">4451.70666666667</dst>
            <dst id="NYCMng">6395.21866666667</dst>
            <dst id="SNVAng">13.3333333333333</dst>
            <dst id="STTLng">869.904</dst>
            <dst id="WASHng">17848.04</dst>
        </src>
        <src id="CHINng">
            <dst id="ATLA-M5">278.344</dst>
            <dst id="ATLAng">11660.8586666667</dst>
            <dst id="CHINng">81047.448</dst>
            <dst id="DNVRng">4161.33333333333</dst>
            <dst id="HSTNng">11110.1893333333</dst>
            <dst id="IPLSng">15825.8586666667</dst>
            <dst id="KSCYng">6133.888</dst>
            <dst id="LOSAng">27409.7146666667</dst>
            <dst id="NYCMng">25619.9706666667</dst>
            <dst id="SNVAng">125.202666666667</dst>
            <dst id="STTLng">6477.84266666667</dst>
            <dst id="WASHng">15631.9093333333</dst>
        </src>
        <src id="DNVRng">
            <dst id="ATLA-M5">245.882666666667</dst>
            <dst id="ATLAng">6647.11733333333</dst>
            <dst id="CHINng">54478.792</dst>
            <dst id="DNVRng">14924.1306666667</dst>
            <dst id="HSTNng">26315.8906666667</dst>
            <dst id="IPLSng">43783.912</dst>
            <dst id="KSCYng">26327.8213333333</dst>
            <dst id="LOSAng">10419.7973333333</dst>
            <dst id="NYCMng">13627.992</dst>
            <dst id="SNVAng">12588.688</dst>
            <dst id="STTLng">7041.808</dst>
            <dst id="WASHng">35390.0986666667</dst>
        </src>
        <src id="HSTNng">
            <dst id="ATLA-M5">1612.58133333333</dst>
            <dst id="ATLAng">2429.776</dst>
            <dst id="CHINng">6921.25066666667</dst>
            <dst id="DNVRng">2961.424</dst>
            <dst id="HSTNng">18723.9386666667</dst>
            <dst id="IPLSng">1088.184</dst>
            <dst id="KSCYng">2140.048</dst>
            <dst id="LOSAng">3457.86666666667</dst>
            <dst id="NYCMng">1326.176</dst>
            <dst id="SNVAng">26.6666666666667</dst>
            <dst id="STTLng">591.357333333333</dst>
            <dst id="WASHng">14221.24</dst>
        </src>
        <src id="IPLSng">
            <dst id="ATLA-M5">134.72</dst>
            <dst id="ATLAng">22350.5173333333</dst>
            <dst id="CHINng">29487.976</dst>
            <dst id="DNVRng">15004.5946666667</dst>
            <dst id="HSTNng">825.008</dst>
            <dst id="IPLSng">19697.0986666667</dst>
            <dst id="KSCYng">13685.4746666667</dst>
            <dst id="LOSAng">10187.5493333333</dst>
            <dst id="NYCMng">7853.78666666667</dst>
            <dst id="SNVAng">250.965333333333</dst>
            <dst id="STTLng">5911.79733333333</dst>
            <dst id="WASHng">11453.8293333333</dst>
        </src>
        <src id="KSCYng">
            <dst id="ATLA-M5">0</dst>
            <dst id="ATLAng">3594.98933333333</dst>
            <dst id="CHINng">12300.752</dst>
            <dst id="DNVRng">4715.76533333333</dst>
            <dst id="HSTNng">5077.152</dst>
            <dst id="IPLSng">18742.6053333333</dst>
            <dst id="KSCYng">17613.064</dst>
            <dst id="LOSAng">5806.752</dst>
            <dst id="NYCMng">1016.73066666667</dst>
            <dst id="SNVAng">2416.888</dst>
            <dst id="STTLng">523.168</dst>
            <dst id="WASHng">9885.816</dst>
        </src>
        <src id="LOSAng">
            <dst id="ATLA-M5">26.6666666666667</dst>
            <dst id="ATLAng">19732.0186666667</dst>
            <dst id="CHINng">40419.1493333333</dst>
            <dst id="DNVRng">9452.29866666667</dst>
            <dst id="HSTNng">3300.19466666667</dst>
            <dst id="IPLSng">8113.67466666667</dst>
            <dst id="KSCYng">3877.65066666667</dst>
            <dst id="LOSAng">10113.4293333333</dst>
            <dst id="NYCMng">18391.5973333333</dst>
            <dst id="SNVAng">21750.68</dst>
            <dst id="STTLng">41073.3813333333</dst>
            <dst id="WASHng">79134.7546666667</dst>
        </src>
        <src id="NYCMng">
            <dst id="ATLA-M5">1340</dst>
            <dst id="ATLAng">21124.6773333333</dst>
            <dst id="CHINng">18748.616</dst>
            <dst id="DNVRng">20644.0586666667</dst>
            <dst id="HSTNng">5299.55466666667</dst>
            <dst id="IPLSng">10491.512</dst>
            <dst id="KSCYng">3887.98666666667</dst>
            <dst id="LOSAng">61774.76</dst>
            <dst id="NYCMng">92093.0613333333</dst>
            <dst id="SNVAng">957.794666666667</dst>
            <dst id="STTLng">16002.5013333333</dst>
            <dst id="WASHng">40195.08</dst>
        </src>
        <src id="SNVAng">
            <dst id="ATLA-M5">0</dst>
            <dst id="ATLAng">662.901333333333</dst>
            <dst id="CHINng">53.3333333333333</dst>
            <dst id="DNVRng">2014.77333333333</dst>
            <dst id="HSTNng">0</dst>
            <dst id="IPLSng">234.128</dst>
            <dst id="KSCYng">26.6666666666667</dst>
            <dst id="LOSAng">31854.3013333333</dst>
            <dst id="NYCMng">8203.11466666667</dst>
            <dst id="SNVAng">9403.93866666667</dst>
            <dst id="STTLng">38239.8186666667</dst>
            <dst id="WASHng">0</dst>
        </src>
        <src id="STTLng">
            <dst id="ATLA-M5">105.669333333333</dst>
            <dst id="ATLAng">6828.53066666667</dst>
            <dst id="CHINng">13105.152</dst>
            <dst id="DNVRng">1032.10133333333</dst>
            <dst id="HSTNng">1102.43733333333</dst>
            <dst id="IPLSng">4090.552</dst>
            <dst id="KSCYng">3255.072</dst>
            <dst id="LOSAng">9646.056</dst>
            <dst id="NYCMng">17189.9493333333</dst>
            <dst id="SNVAng">10450.5706666667</dst>
            <dst id="STTLng">5343.50666666667</dst>
            <dst id="WASHng">6704.49866666667</dst>
        </src>
        <src id="WASHng">
            <dst id="ATLA-M5">1947.33333333333</dst>
            <dst id="ATLAng">120056.496</dst>
            <dst id="CHINng">71736.3386666667</dst>
            <dst id="DNVRng">60070.528</dst>
            <dst id="HSTNng">11321.4853333333</dst>
            <dst id="IPLSng">43399.0133333333</dst>
            <dst id="KSCYng">19848.072</dst>
            <dst id="LOSAng">114356.045333333</dst>
            <dst id="NYCMng">148873.248</dst>
            <dst id="SNVAng">1013.75733333333</dst>
            <dst id="STTLng">19147.544</dst>
            <dst id="WASHng">225407.061333333</dst>
        </src>
    </IntraTM>
</TrafficMatrixFile>
