<?xml version="1.0" encoding="ISO-8859-1" standalone="yes"?>
<TrafficMatrixFile xsi:noNamespaceSchemaLocation="http://totem.run.montefiore.ulg.ac.be/Schema/TrafficMatrix-v1_2.xsd" xmlns:xsi="http://www.w3.org/2001/XMLSchema-instance">
    <IntraTM ASID="11537">
        <src id="ATLA-M5">
            <dst id="ATLA-M5">0</dst>
            <dst id="ATLAng">53.3333333333333</dst>
            <dst id="CHINng">308.04</dst>
            <dst id="DNVRng">101.322666666667</dst>
            <dst id="HSTNng">41</dst>
            <dst id="IPLSng">26.6666666666667</dst>
            <dst id="KSCYng">0</dst>
            <dst id="LOSAng">0</dst>
            <dst id="NYCMng">114.186666666667</dst>
            <dst id="SNVAng">0</dst>
            <dst id="STTLng">71.28</dst>
            <dst id="WASHng">2155.14666666667</dst>
        </src>
        <src id="ATLAng">
            <dst id="ATLA-M5">150.514666666667</dst>
            <dst id="ATLAng">22924.6933333333</dst>
            <dst id="CHINng">5996.712</dst>
            <dst id="DNVRng">3890.01066666667</dst>
            <dst id="HSTNng">1114.70666666667</dst>
            <dst id="IPLSng">12837.7146666667</dst>
            <dst id="KSCYng">474.528</dst>
            <dst id="LOSAng">10163.0986666667</dst>
            <dst id="NYCMng">6609.78666666667</dst>
            <dst id="SNVAng">0</dst>
            <dst id="STTLng">3179.42133333333</dst>
            <dst id="WASHng">30216.472</dst>
        </src>
        <src id="CHINng">
            <dst id="ATLA-M5">1335.328</dst>
            <dst id="ATLAng">12937.6586666667</dst>
            <dst id="CHINng">81395.8613333333</dst>
            <dst id="DNVRng">3975.02666666667</dst>
            <dst id="HSTNng">9454.97066666667</dst>
            <dst id="IPLSng">14024.472</dst>
            <dst id="KSCYng">19020.696</dst>
            <dst id="LOSAng">29240.064</dst>
            <dst id="NYCMng">24723.312</dst>
            <dst id="SNVAng">63.6506666666667</dst>
            <dst id="STTLng">7605.144</dst>
            <dst id="WASHng">19470.864</dst>
        </src>
        <src id="DNVRng">
            <dst id="ATLA-M5">6956.18133333333</dst>
            <dst id="ATLAng">12125.8693333333</dst>
            <dst id="CHINng">40758.8426666667</dst>
            <dst id="DNVRng">13549.5973333333</dst>
            <dst id="HSTNng">22411.9733333333</dst>
            <dst id="IPLSng">30779.9546666667</dst>
            <dst id="KSCYng">20557.0026666667</dst>
            <dst id="LOSAng">9088.65866666667</dst>
            <dst id="NYCMng">13417.256</dst>
            <dst id="SNVAng">10396.616</dst>
            <dst id="STTLng">9435.20533333334</dst>
            <dst id="WASHng">44236.9626666667</dst>
        </src>
        <src id="HSTNng">
            <dst id="ATLA-M5">221.413333333333</dst>
            <dst id="ATLAng">2088.56</dst>
            <dst id="CHINng">9801.472</dst>
            <dst id="DNVRng">755.528</dst>
            <dst id="HSTNng">15970.4346666667</dst>
            <dst id="IPLSng">11025.9226666667</dst>
            <dst id="KSCYng">494.922666666667</dst>
            <dst id="LOSAng">3071.032</dst>
            <dst id="NYCMng">2207.46666666667</dst>
            <dst id="SNVAng">53.3333333333333</dst>
            <dst id="STTLng">4388.04</dst>
            <dst id="WASHng">6388.632</dst>
        </src>
        <src id="IPLSng">
            <dst id="ATLA-M5">0</dst>
            <dst id="ATLAng">17568.976</dst>
            <dst id="CHINng">52132.632</dst>
            <dst id="DNVRng">6594.38933333334</dst>
            <dst id="HSTNng">1510.18133333333</dst>
            <dst id="IPLSng">6168.6</dst>
            <dst id="KSCYng">2344.112</dst>
            <dst id="LOSAng">16207.768</dst>
            <dst id="NYCMng">5986.73333333333</dst>
            <dst id="SNVAng">610.877333333333</dst>
            <dst id="STTLng">4369.80533333333</dst>
            <dst id="WASHng">5617.66666666667</dst>
        </src>
        <src id="KSCYng">
            <dst id="ATLA-M5">26.6666666666667</dst>
            <dst id="ATLAng">3196.18666666667</dst>
            <dst id="CHINng">13713.6</dst>
            <dst id="DNVRng">3524.04266666667</dst>
            <dst id="HSTNng">3331.8</dst>
            <dst id="IPLSng">14865.064</dst>
            <dst id="KSCYng">20058.5173333333</dst>
            <dst id="LOSAng">6325.46133333333</dst>
            <dst id="NYCMng">747.984</dst>
            <dst id="SNVAng">1677.93066666667</dst>
            <dst id="STTLng">864.306666666667</dst>
            <dst id="WASHng">17106.8586666667</dst>
        </src>
        <src id="LOSAng">
            <dst id="ATLA-M5">26.6666666666667</dst>
            <dst id="ATLAng">14671.0053333333</dst>
            <dst id="CHINng">44150.6453333333</dst>
            <dst id="DNVRng">14427.0186666667</dst>
            <dst id="HSTNng">14473.64</dst>
            <dst id="IPLSng">6679.46933333333</dst>
            <dst id="KSCYng">3455.704</dst>
            <dst id="LOSAng">6258.512</dst>
            <dst id="NYCMng">21289.4053333333</dst>
            <dst id="SNVAng">19104.6293333333</dst>
            <dst id="STTLng">22600.7626666667</dst>
            <dst id="WASHng">79804.0746666667</dst>
        </src>
        <src id="NYCMng">
            <dst id="ATLA-M5">285.352</dst>
            <dst id="ATLAng">10854.1733333333</dst>
            <dst id="CHINng">20596.5093333333</dst>
            <dst id="DNVRng">21599.6853333333</dst>
            <dst id="HSTNng">7669.37333333333</dst>
            <dst id="IPLSng">18315.2</dst>
            <dst id="KSCYng">2162.52</dst>
            <dst id="LOSAng">45880.8746666667</dst>
            <dst id="NYCMng">69689.3653333333</dst>
            <dst id="SNVAng">2068.34666666667</dst>
            <dst id="STTLng">20403.7466666667</dst>
            <dst id="WASHng">57371.7093333333</dst>
        </src>
        <src id="SNVAng">
            <dst id="ATLA-M5">0</dst>
            <dst id="ATLAng">53.3333333333333</dst>
            <dst id="CHINng">26.6666666666667</dst>
            <dst id="DNVRng">3839.10933333333</dst>
            <dst id="HSTNng">0</dst>
            <dst id="IPLSng">189.549333333333</dst>
            <dst id="KSCYng">26.6666666666667</dst>
            <dst id="LOSAng">27654.2693333333</dst>
            <dst id="NYCMng">26.6666666666667</dst>
            <dst id="SNVAng">6033.06133333333</dst>
            <dst id="STTLng">30209.0826666667</dst>
            <dst id="WASHng">53.3333333333333</dst>
        </src>
        <src id="STTLng">
            <dst id="ATLA-M5">106.474666666667</dst>
            <dst id="ATLAng">6877.808</dst>
            <dst id="CHINng">14784.688</dst>
            <dst id="DNVRng">1485.50133333333</dst>
            <dst id="HSTNng">1001.12</dst>
            <dst id="IPLSng">5376.08533333333</dst>
            <dst id="KSCYng">847.981333333333</dst>
            <dst id="LOSAng">11427.3546666667</dst>
            <dst id="NYCMng">9307.85866666667</dst>
            <dst id="SNVAng">15515.2613333333</dst>
            <dst id="STTLng">2602.57066666667</dst>
            <dst id="WASHng">6659.776</dst>
        </src>
        <src id="WASHng">
            <dst id="ATLA-M5">356.682666666667</dst>
            <dst id="ATLAng">59538.536</dst>
            <dst id="CHINng">54513.8693333333</dst>
            <dst id="DNVRng">44795.1893333333</dst>
            <dst id="HSTNng">16030.088</dst>
            <dst id="IPLSng">50570.264</dst>
            <dst id="KSCYng">29562.7066666667</dst>
            <dst id="LOSAng">99025.9253333333</dst>
            <dst id="NYCMng">141999.437333333</dst>
            <dst id="SNVAng">908.437333333333</dst>
            <dst id="STTLng">29363.5653333333</dst>
            <dst id="WASHng">176300.552</dst>
        </src>
    </IntraTM>
</TrafficMatrixFile>
