<?xml version="1.0" encoding="ISO-8859-1" standalone="yes"?>
<TrafficMatrixFile xsi:noNamespaceSchemaLocation="http://totem.run.montefiore.ulg.ac.be/Schema/TrafficMatrix-v1_2.xsd" xmlns:xsi="http://www.w3.org/2001/XMLSchema-instance">
    <IntraTM ASID="11537">
        <src id="ATLA-M5">
            <dst id="ATLA-M5">26.6666666666667</dst>
            <dst id="ATLAng">0</dst>
            <dst id="CHINng">247.674666666667</dst>
            <dst id="DNVRng">26.6666666666667</dst>
            <dst id="HSTNng">144.525333333333</dst>
            <dst id="IPLSng">26.6666666666667</dst>
            <dst id="KSCYng">26.6666666666667</dst>
            <dst id="LOSAng">53.3333333333333</dst>
            <dst id="NYCMng">285.034666666667</dst>
            <dst id="SNVAng">0</dst>
            <dst id="STTLng">101.536</dst>
            <dst id="WASHng">64.7946666666667</dst>
        </src>
        <src id="ATLAng">
            <dst id="ATLA-M5">83.0346666666667</dst>
            <dst id="ATLAng">19402.36</dst>
            <dst id="CHINng">8673.01333333333</dst>
            <dst id="DNVRng">2455.728</dst>
            <dst id="HSTNng">77373.8</dst>
            <dst id="IPLSng">19285.6346666667</dst>
            <dst id="KSCYng">509.970666666667</dst>
            <dst id="LOSAng">8983.524</dst>
            <dst id="NYCMng">2746.66933333333</dst>
            <dst id="SNVAng">122.545333333333</dst>
            <dst id="STTLng">3332.35466666667</dst>
            <dst id="WASHng">22505.032</dst>
        </src>
        <src id="CHINng">
            <dst id="ATLA-M5">26.6666666666667</dst>
            <dst id="ATLAng">13254.16</dst>
            <dst id="CHINng">63175.9333333333</dst>
            <dst id="DNVRng">19555.6933333333</dst>
            <dst id="HSTNng">17286.7333333333</dst>
            <dst id="IPLSng">92998.8453333333</dst>
            <dst id="KSCYng">9216.784</dst>
            <dst id="LOSAng">25838.7466666667</dst>
            <dst id="NYCMng">28806.1146666667</dst>
            <dst id="SNVAng">223.472</dst>
            <dst id="STTLng">4082.27733333333</dst>
            <dst id="WASHng">19706.1733333333</dst>
        </src>
        <src id="DNVRng">
            <dst id="ATLA-M5">114.122666666667</dst>
            <dst id="ATLAng">3830.67466666667</dst>
            <dst id="CHINng">33968.2586666667</dst>
            <dst id="DNVRng">10798.8186666667</dst>
            <dst id="HSTNng">25238.5893333333</dst>
            <dst id="IPLSng">28180.8346666667</dst>
            <dst id="KSCYng">17137.192</dst>
            <dst id="LOSAng">31993.528</dst>
            <dst id="NYCMng">13145.9706666667</dst>
            <dst id="SNVAng">7253.04</dst>
            <dst id="STTLng">3426.13066666667</dst>
            <dst id="WASHng">34676.328</dst>
        </src>
        <src id="HSTNng">
            <dst id="ATLA-M5">10387.576</dst>
            <dst id="ATLAng">2609.63466666667</dst>
            <dst id="CHINng">14006.9733333333</dst>
            <dst id="DNVRng">1637.18933333333</dst>
            <dst id="HSTNng">17013.2</dst>
            <dst id="IPLSng">2774.44533333333</dst>
            <dst id="KSCYng">764.834666666667</dst>
            <dst id="LOSAng">1135.848</dst>
            <dst id="NYCMng">2080.99733333333</dst>
            <dst id="SNVAng">53.3333333333333</dst>
            <dst id="STTLng">1167.056</dst>
            <dst id="WASHng">2545.48266666667</dst>
        </src>
        <src id="IPLSng">
            <dst id="ATLA-M5">267.693333333333</dst>
            <dst id="ATLAng">5184.424</dst>
            <dst id="CHINng">43846.3626666667</dst>
            <dst id="DNVRng">8709.752</dst>
            <dst id="HSTNng">1866.01066666667</dst>
            <dst id="IPLSng">22870.0853333333</dst>
            <dst id="KSCYng">8951.43466666667</dst>
            <dst id="LOSAng">14784.856</dst>
            <dst id="NYCMng">12841.88</dst>
            <dst id="SNVAng">533.706666666667</dst>
            <dst id="STTLng">7323.77333333333</dst>
            <dst id="WASHng">25500.3306666667</dst>
        </src>
        <src id="KSCYng">
            <dst id="ATLA-M5">53.3333333333333</dst>
            <dst id="ATLAng">3540.94666666667</dst>
            <dst id="CHINng">14437.512</dst>
            <dst id="DNVRng">4877.608</dst>
            <dst id="HSTNng">4371.44266666667</dst>
            <dst id="IPLSng">12975.6453333333</dst>
            <dst id="KSCYng">12037.5306666667</dst>
            <dst id="LOSAng">3950.28266666667</dst>
            <dst id="NYCMng">2464.14133333333</dst>
            <dst id="SNVAng">2291.624</dst>
            <dst id="STTLng">2041.536</dst>
            <dst id="WASHng">11677.696</dst>
        </src>
        <src id="LOSAng">
            <dst id="ATLA-M5">0</dst>
            <dst id="ATLAng">12036.5893333333</dst>
            <dst id="CHINng">67887.5066666667</dst>
            <dst id="DNVRng">7508.90933333333</dst>
            <dst id="HSTNng">2953.33333333333</dst>
            <dst id="IPLSng">18201.52</dst>
            <dst id="KSCYng">3436.74666666667</dst>
            <dst id="LOSAng">18700.6053333333</dst>
            <dst id="NYCMng">18123.0933333333</dst>
            <dst id="SNVAng">21861.8586666667</dst>
            <dst id="STTLng">17166.3066666667</dst>
            <dst id="WASHng">77396.4853333333</dst>
        </src>
        <src id="NYCMng">
            <dst id="ATLA-M5">853.450666666667</dst>
            <dst id="ATLAng">14992.8746666667</dst>
            <dst id="CHINng">24739.488</dst>
            <dst id="DNVRng">21109.2533333333</dst>
            <dst id="HSTNng">9846.152</dst>
            <dst id="IPLSng">23625.0026666667</dst>
            <dst id="KSCYng">3360.54933333333</dst>
            <dst id="LOSAng">52218.9146666667</dst>
            <dst id="NYCMng">127527.205333333</dst>
            <dst id="SNVAng">829.090666666667</dst>
            <dst id="STTLng">21419.6933333333</dst>
            <dst id="WASHng">52680.0693333333</dst>
        </src>
        <src id="SNVAng">
            <dst id="ATLA-M5">0</dst>
            <dst id="ATLAng">417.741333333333</dst>
            <dst id="CHINng">133.333333333333</dst>
            <dst id="DNVRng">346.021333333333</dst>
            <dst id="HSTNng">26.6666666666667</dst>
            <dst id="IPLSng">235.36</dst>
            <dst id="KSCYng">0</dst>
            <dst id="LOSAng">28178.848</dst>
            <dst id="NYCMng">26.6666666666667</dst>
            <dst id="SNVAng">7583.65333333333</dst>
            <dst id="STTLng">36640.576</dst>
            <dst id="WASHng">240.661333333333</dst>
        </src>
        <src id="STTLng">
            <dst id="ATLA-M5">116.037333333333</dst>
            <dst id="ATLAng">7097.37066666667</dst>
            <dst id="CHINng">16227.88</dst>
            <dst id="DNVRng">1683.70133333333</dst>
            <dst id="HSTNng">1159.032</dst>
            <dst id="IPLSng">5599.67733333333</dst>
            <dst id="KSCYng">4524.71733333333</dst>
            <dst id="LOSAng">13100.1093333333</dst>
            <dst id="NYCMng">12433.1253333333</dst>
            <dst id="SNVAng">8129.29066666667</dst>
            <dst id="STTLng">1185.704</dst>
            <dst id="WASHng">7856.22933333333</dst>
        </src>
        <src id="WASHng">
            <dst id="ATLA-M5">26.6666666666667</dst>
            <dst id="ATLAng">79767.944</dst>
            <dst id="CHINng">61932.792</dst>
            <dst id="DNVRng">62965.7973333333</dst>
            <dst id="HSTNng">19947.0453333333</dst>
            <dst id="IPLSng">53539.824</dst>
            <dst id="KSCYng">30940.1226666667</dst>
            <dst id="LOSAng">89641.7013333333</dst>
            <dst id="NYCMng">131582.589333333</dst>
            <dst id="SNVAng">827.056</dst>
            <dst id="STTLng">23841.288</dst>
            <dst id="WASHng">177326.578666667</dst>
        </src>
    </IntraTM>
</TrafficMatrixFile>
