<?xml version="1.0" encoding="ISO-8859-1" standalone="yes"?>
<TrafficMatrixFile xsi:noNamespaceSchemaLocation="http://totem.run.montefiore.ulg.ac.be/Schema/TrafficMatrix-v1_2.xsd" xmlns:xsi="http://www.w3.org/2001/XMLSchema-instance">
    <IntraTM ASID="11537">
        <src id="ATLA-M5">
            <dst id="ATLA-M5">0</dst>
            <dst id="ATLAng">0</dst>
            <dst id="CHINng">106.52</dst>
            <dst id="DNVRng">26.6666666666667</dst>
            <dst id="HSTNng">26.6666666666667</dst>
            <dst id="IPLSng">0</dst>
            <dst id="KSCYng">0</dst>
            <dst id="LOSAng">60.4613333333333</dst>
            <dst id="NYCMng">26.6666666666667</dst>
            <dst id="SNVAng">23.1253333333333</dst>
            <dst id="STTLng">456.088</dst>
            <dst id="WASHng">657.184</dst>
        </src>
        <src id="ATLAng">
            <dst id="ATLA-M5">101.114666666667</dst>
            <dst id="ATLAng">52246.112</dst>
            <dst id="CHINng">8634.832</dst>
            <dst id="DNVRng">3120.63466666667</dst>
            <dst id="HSTNng">348.210666666667</dst>
            <dst id="IPLSng">14290.72</dst>
            <dst id="KSCYng">249.557333333333</dst>
            <dst id="LOSAng">5435.44933333333</dst>
            <dst id="NYCMng">2806.848</dst>
            <dst id="SNVAng">4916.62</dst>
            <dst id="STTLng">1946.11466666667</dst>
            <dst id="WASHng">29578.8293333333</dst>
        </src>
        <src id="CHINng">
            <dst id="ATLA-M5">81.2906666666667</dst>
            <dst id="ATLAng">8536.112</dst>
            <dst id="CHINng">119104.909333333</dst>
            <dst id="DNVRng">2446.67466666667</dst>
            <dst id="HSTNng">5981.95733333333</dst>
            <dst id="IPLSng">17588.544</dst>
            <dst id="KSCYng">4652.77333333333</dst>
            <dst id="LOSAng">5946.38933333333</dst>
            <dst id="NYCMng">9053.032</dst>
            <dst id="SNVAng">20056.9573333333</dst>
            <dst id="STTLng">9189.02133333333</dst>
            <dst id="WASHng">26531.6533333333</dst>
        </src>
        <src id="DNVRng">
            <dst id="ATLA-M5">164.96</dst>
            <dst id="ATLAng">3768.18933333333</dst>
            <dst id="CHINng">46504.7173333333</dst>
            <dst id="DNVRng">13324.0426666667</dst>
            <dst id="HSTNng">34278.136</dst>
            <dst id="IPLSng">27050.408</dst>
            <dst id="KSCYng">20534.2666666667</dst>
            <dst id="LOSAng">613.138666666667</dst>
            <dst id="NYCMng">19045.704</dst>
            <dst id="SNVAng">27663.472</dst>
            <dst id="STTLng">13278.352</dst>
            <dst id="WASHng">45288.7386666667</dst>
        </src>
        <src id="HSTNng">
            <dst id="ATLA-M5">703.445333333333</dst>
            <dst id="ATLAng">4695.71733333333</dst>
            <dst id="CHINng">15367.2613333333</dst>
            <dst id="DNVRng">1869.76266666667</dst>
            <dst id="HSTNng">15910.416</dst>
            <dst id="IPLSng">798.088</dst>
            <dst id="KSCYng">635.882666666667</dst>
            <dst id="LOSAng">13390.952</dst>
            <dst id="NYCMng">1244.29333333333</dst>
            <dst id="SNVAng">26.6666666666667</dst>
            <dst id="STTLng">2017.13866666667</dst>
            <dst id="WASHng">1150</dst>
        </src>
        <src id="IPLSng">
            <dst id="ATLA-M5">0</dst>
            <dst id="ATLAng">23661.0026666667</dst>
            <dst id="CHINng">67398.424</dst>
            <dst id="DNVRng">7369.26133333333</dst>
            <dst id="HSTNng">359.776</dst>
            <dst id="IPLSng">13739.5733333333</dst>
            <dst id="KSCYng">5550.19466666667</dst>
            <dst id="LOSAng">4565.656</dst>
            <dst id="NYCMng">12047.624</dst>
            <dst id="SNVAng">18155.7466666667</dst>
            <dst id="STTLng">8716.15466666667</dst>
            <dst id="WASHng">8073.608</dst>
        </src>
        <src id="KSCYng">
            <dst id="ATLA-M5">0</dst>
            <dst id="ATLAng">2565.296</dst>
            <dst id="CHINng">16024.6853333333</dst>
            <dst id="DNVRng">4093.968</dst>
            <dst id="HSTNng">2715.02133333333</dst>
            <dst id="IPLSng">13058.2106666667</dst>
            <dst id="KSCYng">11398.2586666667</dst>
            <dst id="LOSAng">2559.19733333333</dst>
            <dst id="NYCMng">1491.672</dst>
            <dst id="SNVAng">4648.24533333333</dst>
            <dst id="STTLng">577.629333333333</dst>
            <dst id="WASHng">6104.36266666667</dst>
        </src>
        <src id="LOSAng">
            <dst id="ATLA-M5">0</dst>
            <dst id="ATLAng">13729.5866666667</dst>
            <dst id="CHINng">84221.656</dst>
            <dst id="DNVRng">7611.29866666667</dst>
            <dst id="HSTNng">2521.144</dst>
            <dst id="IPLSng">6569.24266666667</dst>
            <dst id="KSCYng">793.272</dst>
            <dst id="LOSAng">21147.2906666667</dst>
            <dst id="NYCMng">21122.968</dst>
            <dst id="SNVAng">23062.6746666667</dst>
            <dst id="STTLng">14719.5626666667</dst>
            <dst id="WASHng">83377.152</dst>
        </src>
        <src id="NYCMng">
            <dst id="ATLA-M5">80.8053333333333</dst>
            <dst id="ATLAng">12233.7466666667</dst>
            <dst id="CHINng">28855.9306666667</dst>
            <dst id="DNVRng">25304.024</dst>
            <dst id="HSTNng">2055.392</dst>
            <dst id="IPLSng">6883.82133333333</dst>
            <dst id="KSCYng">2915.53866666667</dst>
            <dst id="LOSAng">10662.6026666667</dst>
            <dst id="NYCMng">77859.3626666667</dst>
            <dst id="SNVAng">48483.824</dst>
            <dst id="STTLng">27266.6346666667</dst>
            <dst id="WASHng">39102.7066666667</dst>
        </src>
        <src id="SNVAng">
            <dst id="ATLA-M5">0</dst>
            <dst id="ATLAng">81.088</dst>
            <dst id="CHINng">0</dst>
            <dst id="DNVRng">5804.16266666667</dst>
            <dst id="HSTNng">0</dst>
            <dst id="IPLSng">8972.22666666667</dst>
            <dst id="KSCYng">0</dst>
            <dst id="LOSAng">4898.70666666667</dst>
            <dst id="NYCMng">0</dst>
            <dst id="SNVAng">33418.176</dst>
            <dst id="STTLng">30895.5146666667</dst>
            <dst id="WASHng">26.6666666666667</dst>
        </src>
        <src id="STTLng">
            <dst id="ATLA-M5">0</dst>
            <dst id="ATLAng">4065.07466666667</dst>
            <dst id="CHINng">28762.48</dst>
            <dst id="DNVRng">4510.90933333333</dst>
            <dst id="HSTNng">2024.408</dst>
            <dst id="IPLSng">8448.39733333333</dst>
            <dst id="KSCYng">1593.43733333333</dst>
            <dst id="LOSAng">1352.38133333333</dst>
            <dst id="NYCMng">7840.87733333334</dst>
            <dst id="SNVAng">16535.9546666667</dst>
            <dst id="STTLng">2591.52266666667</dst>
            <dst id="WASHng">9179.90933333333</dst>
        </src>
        <src id="WASHng">
            <dst id="ATLA-M5">53.3333333333333</dst>
            <dst id="ATLAng">76962.0906666667</dst>
            <dst id="CHINng">84209.5573333333</dst>
            <dst id="DNVRng">47019.128</dst>
            <dst id="HSTNng">19224.576</dst>
            <dst id="IPLSng">21021.04</dst>
            <dst id="KSCYng">32305.6293333333</dst>
            <dst id="LOSAng">84056.504</dst>
            <dst id="NYCMng">118270.893333333</dst>
            <dst id="SNVAng">28892.3813333333</dst>
            <dst id="STTLng">15657.4213333333</dst>
            <dst id="WASHng">284813.333333333</dst>
        </src>
    </IntraTM>
</TrafficMatrixFile>
