<?xml version="1.0" encoding="ISO-8859-1" standalone="yes"?>
<TrafficMatrixFile xsi:noNamespaceSchemaLocation="http://totem.run.montefiore.ulg.ac.be/Schema/TrafficMatrix-v1_2.xsd" xmlns:xsi="http://www.w3.org/2001/XMLSchema-instance">
    <IntraTM ASID="11537">
        <src id="ATLA-M5">
            <dst id="ATLA-M5">372.029333333333</dst>
            <dst id="ATLAng">88.5973333333333</dst>
            <dst id="CHINng">92.7333333333333</dst>
            <dst id="DNVRng">26.6666666666667</dst>
            <dst id="HSTNng">59.128</dst>
            <dst id="IPLSng">26.6666666666667</dst>
            <dst id="KSCYng">0</dst>
            <dst id="LOSAng">54.8693333333333</dst>
            <dst id="NYCMng">524.741333333333</dst>
            <dst id="SNVAng">28.2026666666667</dst>
            <dst id="STTLng">26.6666666666667</dst>
            <dst id="WASHng">470.712</dst>
        </src>
        <src id="ATLAng">
            <dst id="ATLA-M5">103.117333333333</dst>
            <dst id="ATLAng">26059.584</dst>
            <dst id="CHINng">6633.15466666667</dst>
            <dst id="DNVRng">2552.60266666667</dst>
            <dst id="HSTNng">19946.952</dst>
            <dst id="IPLSng">18345.6426666667</dst>
            <dst id="KSCYng">929.96</dst>
            <dst id="LOSAng">8300.696</dst>
            <dst id="NYCMng">14363.72</dst>
            <dst id="SNVAng">4749.472</dst>
            <dst id="STTLng">2125.26133333333</dst>
            <dst id="WASHng">39554.3626666667</dst>
        </src>
        <src id="CHINng">
            <dst id="ATLA-M5">0</dst>
            <dst id="ATLAng">17812.792</dst>
            <dst id="CHINng">60637.8533333333</dst>
            <dst id="DNVRng">5223.48</dst>
            <dst id="HSTNng">8610.96533333333</dst>
            <dst id="IPLSng">36589.64</dst>
            <dst id="KSCYng">10477.1333333333</dst>
            <dst id="LOSAng">4204.104</dst>
            <dst id="NYCMng">8086.104</dst>
            <dst id="SNVAng">22416.0346666667</dst>
            <dst id="STTLng">7548.82666666667</dst>
            <dst id="WASHng">18406.7386666667</dst>
        </src>
        <src id="DNVRng">
            <dst id="ATLA-M5">107.445333333333</dst>
            <dst id="ATLAng">3149.14933333333</dst>
            <dst id="CHINng">31998.3626666667</dst>
            <dst id="DNVRng">2459.32</dst>
            <dst id="HSTNng">19272.0986666667</dst>
            <dst id="IPLSng">23334.1973333333</dst>
            <dst id="KSCYng">8436.01333333333</dst>
            <dst id="LOSAng">533.138666666667</dst>
            <dst id="NYCMng">18893.9973333333</dst>
            <dst id="SNVAng">18936.1173333333</dst>
            <dst id="STTLng">4001.57066666667</dst>
            <dst id="WASHng">31903.6586666667</dst>
        </src>
        <src id="HSTNng">
            <dst id="ATLA-M5">2928.87733333333</dst>
            <dst id="ATLAng">1906.95466666667</dst>
            <dst id="CHINng">10318.9146666667</dst>
            <dst id="DNVRng">1047.17333333333</dst>
            <dst id="HSTNng">13556.856</dst>
            <dst id="IPLSng">769.92</dst>
            <dst id="KSCYng">1089.69333333333</dst>
            <dst id="LOSAng">2230.74666666667</dst>
            <dst id="NYCMng">3207.12</dst>
            <dst id="SNVAng">53.3333333333333</dst>
            <dst id="STTLng">1200.18133333333</dst>
            <dst id="WASHng">3993.50666666667</dst>
        </src>
        <src id="IPLSng">
            <dst id="ATLA-M5">1759.088</dst>
            <dst id="ATLAng">5585.6</dst>
            <dst id="CHINng">36997.9573333333</dst>
            <dst id="DNVRng">7201.16</dst>
            <dst id="HSTNng">5062.72533333333</dst>
            <dst id="IPLSng">51433.6613333333</dst>
            <dst id="KSCYng">2044.49066666667</dst>
            <dst id="LOSAng">3178.94933333333</dst>
            <dst id="NYCMng">13127.6426666667</dst>
            <dst id="SNVAng">8544.86666666667</dst>
            <dst id="STTLng">5991.22133333333</dst>
            <dst id="WASHng">23991.232</dst>
        </src>
        <src id="KSCYng">
            <dst id="ATLA-M5">0</dst>
            <dst id="ATLAng">2834.66933333333</dst>
            <dst id="CHINng">13449.5813333333</dst>
            <dst id="DNVRng">4789.21066666667</dst>
            <dst id="HSTNng">4375.70666666667</dst>
            <dst id="IPLSng">13462.6666666667</dst>
            <dst id="KSCYng">6398.416</dst>
            <dst id="LOSAng">395.909333333333</dst>
            <dst id="NYCMng">4161.41866666667</dst>
            <dst id="SNVAng">7537.99466666667</dst>
            <dst id="STTLng">3103.53066666667</dst>
            <dst id="WASHng">7369.65866666667</dst>
        </src>
        <src id="LOSAng">
            <dst id="ATLA-M5">98.728</dst>
            <dst id="ATLAng">22085.2213333333</dst>
            <dst id="CHINng">40992.8453333333</dst>
            <dst id="DNVRng">5600.72533333333</dst>
            <dst id="HSTNng">4557.52266666667</dst>
            <dst id="IPLSng">11831.0666666667</dst>
            <dst id="KSCYng">2252.616</dst>
            <dst id="LOSAng">13295.1626666667</dst>
            <dst id="NYCMng">57845.936</dst>
            <dst id="SNVAng">23601.0666666667</dst>
            <dst id="STTLng">22794.8986666667</dst>
            <dst id="WASHng">80568.944</dst>
        </src>
        <src id="NYCMng">
            <dst id="ATLA-M5">1230.928</dst>
            <dst id="ATLAng">14068.2186666667</dst>
            <dst id="CHINng">21954.7893333333</dst>
            <dst id="DNVRng">23026.984</dst>
            <dst id="HSTNng">14147.8373333333</dst>
            <dst id="IPLSng">28594.1973333333</dst>
            <dst id="KSCYng">9555.50133333333</dst>
            <dst id="LOSAng">8695.47733333333</dst>
            <dst id="NYCMng">75746.976</dst>
            <dst id="SNVAng">58611.5733333333</dst>
            <dst id="STTLng">27654.552</dst>
            <dst id="WASHng">57964.2773333333</dst>
        </src>
        <src id="SNVAng">
            <dst id="ATLA-M5">0</dst>
            <dst id="ATLAng">41.72</dst>
            <dst id="CHINng">0</dst>
            <dst id="DNVRng">514.981333333333</dst>
            <dst id="HSTNng">26.6666666666667</dst>
            <dst id="IPLSng">217.24</dst>
            <dst id="KSCYng">0</dst>
            <dst id="LOSAng">616.842666666667</dst>
            <dst id="NYCMng">26.6666666666667</dst>
            <dst id="SNVAng">36087.0533333333</dst>
            <dst id="STTLng">32688.2053333333</dst>
            <dst id="WASHng">26.6666666666667</dst>
        </src>
        <src id="STTLng">
            <dst id="ATLA-M5">26.6666666666667</dst>
            <dst id="ATLAng">6116.94933333333</dst>
            <dst id="CHINng">11221.008</dst>
            <dst id="DNVRng">2764.752</dst>
            <dst id="HSTNng">5568.24266666667</dst>
            <dst id="IPLSng">5502.91733333333</dst>
            <dst id="KSCYng">1987.45066666667</dst>
            <dst id="LOSAng">2677.52533333333</dst>
            <dst id="NYCMng">16901.152</dst>
            <dst id="SNVAng">21070.0213333333</dst>
            <dst id="STTLng">775.045333333333</dst>
            <dst id="WASHng">4449.28</dst>
        </src>
        <src id="WASHng">
            <dst id="ATLA-M5">1531.29866666667</dst>
            <dst id="ATLAng">100455.392</dst>
            <dst id="CHINng">70032.768</dst>
            <dst id="DNVRng">22477.8346666667</dst>
            <dst id="HSTNng">20788.8213333333</dst>
            <dst id="IPLSng">24636.8186666667</dst>
            <dst id="KSCYng">30270.0693333333</dst>
            <dst id="LOSAng">66904.7946666667</dst>
            <dst id="NYCMng">117721.010666667</dst>
            <dst id="SNVAng">36984.8426666667</dst>
            <dst id="STTLng">27838.3173333333</dst>
            <dst id="WASHng">157564.749333333</dst>
        </src>
    </IntraTM>
</TrafficMatrixFile>
