<?xml version="1.0" encoding="ISO-8859-1" standalone="yes"?>
<TrafficMatrixFile xsi:noNamespaceSchemaLocation="http://totem.run.montefiore.ulg.ac.be/Schema/TrafficMatrix-v1_2.xsd" xmlns:xsi="http://www.w3.org/2001/XMLSchema-instance">
    <IntraTM ASID="11537">
        <src id="ATLA-M5">
            <dst id="ATLA-M5">4277.77066666667</dst>
            <dst id="ATLAng">26.6666666666667</dst>
            <dst id="CHINng">80.936</dst>
            <dst id="DNVRng">0</dst>
            <dst id="HSTNng">0</dst>
            <dst id="IPLSng">54.712</dst>
            <dst id="KSCYng">0</dst>
            <dst id="LOSAng">20.1386666666667</dst>
            <dst id="NYCMng">57.7546666666667</dst>
            <dst id="SNVAng">20.1386666666667</dst>
            <dst id="STTLng">373.018666666667</dst>
            <dst id="WASHng">106.666666666667</dst>
        </src>
        <src id="ATLAng">
            <dst id="ATLA-M5">111.402666666667</dst>
            <dst id="ATLAng">28313.5066666667</dst>
            <dst id="CHINng">7819.36266666667</dst>
            <dst id="DNVRng">2539.89866666667</dst>
            <dst id="HSTNng">793.933333333334</dst>
            <dst id="IPLSng">17502.3733333333</dst>
            <dst id="KSCYng">1388.08266666667</dst>
            <dst id="LOSAng">7460.88266666667</dst>
            <dst id="NYCMng">2120.09066666667</dst>
            <dst id="SNVAng">5626.688</dst>
            <dst id="STTLng">1764.26933333333</dst>
            <dst id="WASHng">30369.376</dst>
        </src>
        <src id="CHINng">
            <dst id="ATLA-M5">351.914666666667</dst>
            <dst id="ATLAng">7288.65066666667</dst>
            <dst id="CHINng">93307.144</dst>
            <dst id="DNVRng">3737.27733333333</dst>
            <dst id="HSTNng">6161.696</dst>
            <dst id="IPLSng">9962.16</dst>
            <dst id="KSCYng">5223.2</dst>
            <dst id="LOSAng">7186.52533333333</dst>
            <dst id="NYCMng">9767.04266666667</dst>
            <dst id="SNVAng">21318.4586666667</dst>
            <dst id="STTLng">9446.81333333333</dst>
            <dst id="WASHng">13424.2693333333</dst>
        </src>
        <src id="DNVRng">
            <dst id="ATLA-M5">314.88</dst>
            <dst id="ATLAng">2883.744</dst>
            <dst id="CHINng">55270.1226666667</dst>
            <dst id="DNVRng">13279.7946666667</dst>
            <dst id="HSTNng">34003.112</dst>
            <dst id="IPLSng">24570.44</dst>
            <dst id="KSCYng">30305.848</dst>
            <dst id="LOSAng">2276.6</dst>
            <dst id="NYCMng">17365.2106666667</dst>
            <dst id="SNVAng">20718.048</dst>
            <dst id="STTLng">9897.05866666667</dst>
            <dst id="WASHng">42074.9946666667</dst>
        </src>
        <src id="HSTNng">
            <dst id="ATLA-M5">0</dst>
            <dst id="ATLAng">3541.208</dst>
            <dst id="CHINng">17418.312</dst>
            <dst id="DNVRng">1237.05866666667</dst>
            <dst id="HSTNng">15190.3333333333</dst>
            <dst id="IPLSng">4772.84</dst>
            <dst id="KSCYng">662.536</dst>
            <dst id="LOSAng">915.373333333333</dst>
            <dst id="NYCMng">6937.08533333333</dst>
            <dst id="SNVAng">0</dst>
            <dst id="STTLng">714.805333333334</dst>
            <dst id="WASHng">826.189333333333</dst>
        </src>
        <src id="IPLSng">
            <dst id="ATLA-M5">3533.73333333333</dst>
            <dst id="ATLAng">5262.416</dst>
            <dst id="CHINng">70086.816</dst>
            <dst id="DNVRng">7188.61066666667</dst>
            <dst id="HSTNng">645.813333333333</dst>
            <dst id="IPLSng">7969.71466666667</dst>
            <dst id="KSCYng">1217.576</dst>
            <dst id="LOSAng">4998.99733333333</dst>
            <dst id="NYCMng">8563.82133333334</dst>
            <dst id="SNVAng">12212.9546666667</dst>
            <dst id="STTLng">9416.68</dst>
            <dst id="WASHng">9299.672</dst>
        </src>
        <src id="KSCYng">
            <dst id="ATLA-M5">26.6666666666667</dst>
            <dst id="ATLAng">2307.38666666667</dst>
            <dst id="CHINng">16398.5733333333</dst>
            <dst id="DNVRng">4176.632</dst>
            <dst id="HSTNng">2802.144</dst>
            <dst id="IPLSng">11652.232</dst>
            <dst id="KSCYng">12180.9333333333</dst>
            <dst id="LOSAng">1681.312</dst>
            <dst id="NYCMng">1913.17866666667</dst>
            <dst id="SNVAng">5120.03733333333</dst>
            <dst id="STTLng">775.096</dst>
            <dst id="WASHng">5807.62933333333</dst>
        </src>
        <src id="LOSAng">
            <dst id="ATLA-M5">0</dst>
            <dst id="ATLAng">4638.62933333333</dst>
            <dst id="CHINng">96835.68</dst>
            <dst id="DNVRng">9465.44</dst>
            <dst id="HSTNng">2252.288</dst>
            <dst id="IPLSng">5262.872</dst>
            <dst id="KSCYng">722.656</dst>
            <dst id="LOSAng">25360.7946666667</dst>
            <dst id="NYCMng">20261.6853333333</dst>
            <dst id="SNVAng">23867.8906666667</dst>
            <dst id="STTLng">13523.1706666667</dst>
            <dst id="WASHng">69706.4933333333</dst>
        </src>
        <src id="NYCMng">
            <dst id="ATLA-M5">69.1893333333333</dst>
            <dst id="ATLAng">8017.24533333333</dst>
            <dst id="CHINng">28965.144</dst>
            <dst id="DNVRng">27754.2666666667</dst>
            <dst id="HSTNng">1659.81866666667</dst>
            <dst id="IPLSng">3183.272</dst>
            <dst id="KSCYng">3837.27733333333</dst>
            <dst id="LOSAng">7075.61333333333</dst>
            <dst id="NYCMng">92661.288</dst>
            <dst id="SNVAng">42164.1093333333</dst>
            <dst id="STTLng">18647.3013333333</dst>
            <dst id="WASHng">31964.5386666667</dst>
        </src>
        <src id="SNVAng">
            <dst id="ATLA-M5">0</dst>
            <dst id="ATLAng">0</dst>
            <dst id="CHINng">26.6666666666667</dst>
            <dst id="DNVRng">1422.832</dst>
            <dst id="HSTNng">0</dst>
            <dst id="IPLSng">246.432</dst>
            <dst id="KSCYng">26.6666666666667</dst>
            <dst id="LOSAng">1552.37066666667</dst>
            <dst id="NYCMng">53.3333333333333</dst>
            <dst id="SNVAng">32581.896</dst>
            <dst id="STTLng">31040.856</dst>
            <dst id="WASHng">0</dst>
        </src>
        <src id="STTLng">
            <dst id="ATLA-M5">0</dst>
            <dst id="ATLAng">4005.15733333333</dst>
            <dst id="CHINng">24112.4533333333</dst>
            <dst id="DNVRng">4298.51733333333</dst>
            <dst id="HSTNng">1415.52533333333</dst>
            <dst id="IPLSng">11390.856</dst>
            <dst id="KSCYng">474.821333333333</dst>
            <dst id="LOSAng">2639.72266666667</dst>
            <dst id="NYCMng">7744.10666666667</dst>
            <dst id="SNVAng">17692.7786666667</dst>
            <dst id="STTLng">2487.22666666667</dst>
            <dst id="WASHng">11095.1866666667</dst>
        </src>
        <src id="WASHng">
            <dst id="ATLA-M5">26.6666666666667</dst>
            <dst id="ATLAng">84661.0933333333</dst>
            <dst id="CHINng">59349.192</dst>
            <dst id="DNVRng">24698.952</dst>
            <dst id="HSTNng">13392.4693333333</dst>
            <dst id="IPLSng">17971.552</dst>
            <dst id="KSCYng">33821.672</dst>
            <dst id="LOSAng">79122.2186666667</dst>
            <dst id="NYCMng">118701.602666667</dst>
            <dst id="SNVAng">32138.952</dst>
            <dst id="STTLng">22921.9626666667</dst>
            <dst id="WASHng">267439.52</dst>
        </src>
    </IntraTM>
</TrafficMatrixFile>
