<?xml version="1.0" encoding="ISO-8859-1" standalone="yes"?>
<TrafficMatrixFile xsi:noNamespaceSchemaLocation="http://totem.run.montefiore.ulg.ac.be/Schema/TrafficMatrix-v1_2.xsd" xmlns:xsi="http://www.w3.org/2001/XMLSchema-instance">
    <IntraTM ASID="11537">
        <src id="ATLA-M5">
            <dst id="ATLA-M5">0</dst>
            <dst id="ATLAng">38.0213333333333</dst>
            <dst id="CHINng">170.312</dst>
            <dst id="DNVRng">106.976</dst>
            <dst id="HSTNng">88.7226666666667</dst>
            <dst id="IPLSng">84.5813333333333</dst>
            <dst id="KSCYng">0</dst>
            <dst id="LOSAng">178.002666666667</dst>
            <dst id="NYCMng">318.205333333333</dst>
            <dst id="SNVAng">0</dst>
            <dst id="STTLng">142.314666666667</dst>
            <dst id="WASHng">486.573333333333</dst>
        </src>
        <src id="ATLAng">
            <dst id="ATLA-M5">130.816</dst>
            <dst id="ATLAng">23284.36</dst>
            <dst id="CHINng">4018.66133333333</dst>
            <dst id="DNVRng">2954.10133333333</dst>
            <dst id="HSTNng">38882.808</dst>
            <dst id="IPLSng">18074.8906666667</dst>
            <dst id="KSCYng">604.112</dst>
            <dst id="LOSAng">10997.8706666667</dst>
            <dst id="NYCMng">2393.38933333333</dst>
            <dst id="SNVAng">155.884</dst>
            <dst id="STTLng">4050.29866666667</dst>
            <dst id="WASHng">23108.128</dst>
        </src>
        <src id="CHINng">
            <dst id="ATLA-M5">556.714666666667</dst>
            <dst id="ATLAng">16839.312</dst>
            <dst id="CHINng">95495.8826666667</dst>
            <dst id="DNVRng">7706.34666666667</dst>
            <dst id="HSTNng">11255.576</dst>
            <dst id="IPLSng">49936.3946666667</dst>
            <dst id="KSCYng">7519.23466666667</dst>
            <dst id="LOSAng">29339.7333333333</dst>
            <dst id="NYCMng">10013.384</dst>
            <dst id="SNVAng">2840.53333333333</dst>
            <dst id="STTLng">5939.792</dst>
            <dst id="WASHng">21567.0666666667</dst>
        </src>
        <src id="DNVRng">
            <dst id="ATLA-M5">136.224</dst>
            <dst id="ATLAng">5722.52533333333</dst>
            <dst id="CHINng">138277.573333333</dst>
            <dst id="DNVRng">7308.44533333333</dst>
            <dst id="HSTNng">19946.1013333333</dst>
            <dst id="IPLSng">27419.2133333333</dst>
            <dst id="KSCYng">16816.0453333333</dst>
            <dst id="LOSAng">20108.4453333333</dst>
            <dst id="NYCMng">17400.0933333333</dst>
            <dst id="SNVAng">4866.40266666667</dst>
            <dst id="STTLng">3147.37333333333</dst>
            <dst id="WASHng">52207.2986666667</dst>
        </src>
        <src id="HSTNng">
            <dst id="ATLA-M5">505.672</dst>
            <dst id="ATLAng">7235.71733333333</dst>
            <dst id="CHINng">11497.4213333333</dst>
            <dst id="DNVRng">1102.31466666667</dst>
            <dst id="HSTNng">18027.7306666667</dst>
            <dst id="IPLSng">6392.50666666667</dst>
            <dst id="KSCYng">958.005333333333</dst>
            <dst id="LOSAng">10590.136</dst>
            <dst id="NYCMng">2510.81866666667</dst>
            <dst id="SNVAng">0</dst>
            <dst id="STTLng">656.866666666667</dst>
            <dst id="WASHng">6742.27466666667</dst>
        </src>
        <src id="IPLSng">
            <dst id="ATLA-M5">108.389333333333</dst>
            <dst id="ATLAng">6568.26933333333</dst>
            <dst id="CHINng">73407.312</dst>
            <dst id="DNVRng">10112.3173333333</dst>
            <dst id="HSTNng">2908.496</dst>
            <dst id="IPLSng">28760.936</dst>
            <dst id="KSCYng">8688.64</dst>
            <dst id="LOSAng">14801.128</dst>
            <dst id="NYCMng">9517.896</dst>
            <dst id="SNVAng">1783.27733333333</dst>
            <dst id="STTLng">7204.832</dst>
            <dst id="WASHng">12799.8293333333</dst>
        </src>
        <src id="KSCYng">
            <dst id="ATLA-M5">26.6666666666667</dst>
            <dst id="ATLAng">4727.30133333333</dst>
            <dst id="CHINng">11231.5866666667</dst>
            <dst id="DNVRng">13084.216</dst>
            <dst id="HSTNng">4687.25066666667</dst>
            <dst id="IPLSng">9801.78933333333</dst>
            <dst id="KSCYng">9069.832</dst>
            <dst id="LOSAng">4412.36</dst>
            <dst id="NYCMng">4579.93866666667</dst>
            <dst id="SNVAng">2475.47733333333</dst>
            <dst id="STTLng">789.688</dst>
            <dst id="WASHng">10305.2133333333</dst>
        </src>
        <src id="LOSAng">
            <dst id="ATLA-M5">561.994666666666</dst>
            <dst id="ATLAng">17682.2213333333</dst>
            <dst id="CHINng">63543.3626666667</dst>
            <dst id="DNVRng">7039.74133333333</dst>
            <dst id="HSTNng">5547.66133333333</dst>
            <dst id="IPLSng">12988.168</dst>
            <dst id="KSCYng">3886.86666666667</dst>
            <dst id="LOSAng">8169.46133333333</dst>
            <dst id="NYCMng">44162.456</dst>
            <dst id="SNVAng">22130.4053333333</dst>
            <dst id="STTLng">18917.1226666667</dst>
            <dst id="WASHng">81821.808</dst>
        </src>
        <src id="NYCMng">
            <dst id="ATLA-M5">3342.64533333333</dst>
            <dst id="ATLAng">31929.4213333333</dst>
            <dst id="CHINng">23811.024</dst>
            <dst id="DNVRng">24093.224</dst>
            <dst id="HSTNng">12458.8666666667</dst>
            <dst id="IPLSng">34652.6133333333</dst>
            <dst id="KSCYng">5476.28266666667</dst>
            <dst id="LOSAng">65285.3733333333</dst>
            <dst id="NYCMng">154413.778666667</dst>
            <dst id="SNVAng">1459.74666666667</dst>
            <dst id="STTLng">29161.3546666667</dst>
            <dst id="WASHng">50084.7146666667</dst>
        </src>
        <src id="SNVAng">
            <dst id="ATLA-M5">0</dst>
            <dst id="ATLAng">53.3333333333333</dst>
            <dst id="CHINng">0</dst>
            <dst id="DNVRng">3582.69333333333</dst>
            <dst id="HSTNng">26.6666666666667</dst>
            <dst id="IPLSng">223.354666666667</dst>
            <dst id="KSCYng">0</dst>
            <dst id="LOSAng">28288.6426666667</dst>
            <dst id="NYCMng">0</dst>
            <dst id="SNVAng">8210.45866666667</dst>
            <dst id="STTLng">37742.1013333333</dst>
            <dst id="WASHng">26.6666666666667</dst>
        </src>
        <src id="STTLng">
            <dst id="ATLA-M5">53.3333333333333</dst>
            <dst id="ATLAng">13827.544</dst>
            <dst id="CHINng">9591.368</dst>
            <dst id="DNVRng">2132.41333333333</dst>
            <dst id="HSTNng">2524.65066666667</dst>
            <dst id="IPLSng">16242.6266666667</dst>
            <dst id="KSCYng">1966.43466666667</dst>
            <dst id="LOSAng">13519.872</dst>
            <dst id="NYCMng">11908.6853333333</dst>
            <dst id="SNVAng">5877.992</dst>
            <dst id="STTLng">1214.496</dst>
            <dst id="WASHng">10995.0773333333</dst>
        </src>
        <src id="WASHng">
            <dst id="ATLA-M5">53.3333333333333</dst>
            <dst id="ATLAng">110951.506666667</dst>
            <dst id="CHINng">44699.9893333333</dst>
            <dst id="DNVRng">42281.7333333333</dst>
            <dst id="HSTNng">19689.744</dst>
            <dst id="IPLSng">52038.0773333333</dst>
            <dst id="KSCYng">32762.4933333333</dst>
            <dst id="LOSAng">89065.6266666667</dst>
            <dst id="NYCMng">147384.477333333</dst>
            <dst id="SNVAng">669.2</dst>
            <dst id="STTLng">25978.0986666667</dst>
            <dst id="WASHng">149946.888</dst>
        </src>
    </IntraTM>
</TrafficMatrixFile>
