<?xml version="1.0" encoding="ISO-8859-1" standalone="yes"?>
<TrafficMatrixFile xsi:noNamespaceSchemaLocation="http://totem.run.montefiore.ulg.ac.be/Schema/TrafficMatrix-v1_2.xsd" xmlns:xsi="http://www.w3.org/2001/XMLSchema-instance">
    <IntraTM ASID="11537">
        <src id="ATLA-M5">
            <dst id="ATLA-M5">0</dst>
            <dst id="ATLAng">26.6666666666667</dst>
            <dst id="CHINng">722.266666666667</dst>
            <dst id="DNVRng">0</dst>
            <dst id="HSTNng">53.3333333333333</dst>
            <dst id="IPLSng">0</dst>
            <dst id="KSCYng">53.3333333333333</dst>
            <dst id="LOSAng">45.9066666666667</dst>
            <dst id="NYCMng">1578.92</dst>
            <dst id="SNVAng">75.552</dst>
            <dst id="STTLng">55.3706666666667</dst>
            <dst id="WASHng">166.4</dst>
        </src>
        <src id="ATLAng">
            <dst id="ATLA-M5">148.773333333333</dst>
            <dst id="ATLAng">31371.08</dst>
            <dst id="CHINng">12636.7253333333</dst>
            <dst id="DNVRng">5205.36266666667</dst>
            <dst id="HSTNng">20502.3946666667</dst>
            <dst id="IPLSng">7135.65333333333</dst>
            <dst id="KSCYng">1809.26933333333</dst>
            <dst id="LOSAng">1696.024</dst>
            <dst id="NYCMng">7468.89066666667</dst>
            <dst id="SNVAng">102.122666666667</dst>
            <dst id="STTLng">600.096</dst>
            <dst id="WASHng">23031.304</dst>
        </src>
        <src id="CHINng">
            <dst id="ATLA-M5">115.909333333333</dst>
            <dst id="ATLAng">11127.2293333333</dst>
            <dst id="CHINng">66281.7173333333</dst>
            <dst id="DNVRng">7266.74666666667</dst>
            <dst id="HSTNng">6624.17866666667</dst>
            <dst id="IPLSng">21295.8933333333</dst>
            <dst id="KSCYng">6057.33066666666</dst>
            <dst id="LOSAng">22857.7893333333</dst>
            <dst id="NYCMng">23083.4693333333</dst>
            <dst id="SNVAng">187.466666666667</dst>
            <dst id="STTLng">6123.72266666667</dst>
            <dst id="WASHng">14478.1706666667</dst>
        </src>
        <src id="DNVRng">
            <dst id="ATLA-M5">237.813333333333</dst>
            <dst id="ATLAng">5697.03466666667</dst>
            <dst id="CHINng">44308.6666666667</dst>
            <dst id="DNVRng">7363.20533333334</dst>
            <dst id="HSTNng">23295.304</dst>
            <dst id="IPLSng">43667.9546666667</dst>
            <dst id="KSCYng">21946.6293333333</dst>
            <dst id="LOSAng">5594.48533333333</dst>
            <dst id="NYCMng">12934.656</dst>
            <dst id="SNVAng">6101.55466666667</dst>
            <dst id="STTLng">5762.11466666667</dst>
            <dst id="WASHng">34735.4133333333</dst>
        </src>
        <src id="HSTNng">
            <dst id="ATLA-M5">691.906666666667</dst>
            <dst id="ATLAng">6079.87733333333</dst>
            <dst id="CHINng">6116.70666666667</dst>
            <dst id="DNVRng">4775.84533333333</dst>
            <dst id="HSTNng">17379.2506666667</dst>
            <dst id="IPLSng">561.112</dst>
            <dst id="KSCYng">3031.58933333333</dst>
            <dst id="LOSAng">3496.23466666667</dst>
            <dst id="NYCMng">2362.85333333333</dst>
            <dst id="SNVAng">26.6666666666667</dst>
            <dst id="STTLng">853.349333333333</dst>
            <dst id="WASHng">17684.3893333333</dst>
        </src>
        <src id="IPLSng">
            <dst id="ATLA-M5">26.6666666666667</dst>
            <dst id="ATLAng">12248.5013333333</dst>
            <dst id="CHINng">33430.6266666667</dst>
            <dst id="DNVRng">12962.2773333333</dst>
            <dst id="HSTNng">1374.86933333333</dst>
            <dst id="IPLSng">17071.336</dst>
            <dst id="KSCYng">5068.31733333333</dst>
            <dst id="LOSAng">14117.1866666667</dst>
            <dst id="NYCMng">8789.904</dst>
            <dst id="SNVAng">220.050666666667</dst>
            <dst id="STTLng">6515.58933333333</dst>
            <dst id="WASHng">7906.22933333333</dst>
        </src>
        <src id="KSCYng">
            <dst id="ATLA-M5">0</dst>
            <dst id="ATLAng">3513.86133333333</dst>
            <dst id="CHINng">19571.24</dst>
            <dst id="DNVRng">4932.85333333333</dst>
            <dst id="HSTNng">5660.18666666667</dst>
            <dst id="IPLSng">13679.192</dst>
            <dst id="KSCYng">9454.53066666667</dst>
            <dst id="LOSAng">4310.20533333333</dst>
            <dst id="NYCMng">1639.00533333333</dst>
            <dst id="SNVAng">2771.09866666667</dst>
            <dst id="STTLng">506.84</dst>
            <dst id="WASHng">9678.25866666667</dst>
        </src>
        <src id="LOSAng">
            <dst id="ATLA-M5">26.6666666666667</dst>
            <dst id="ATLAng">16865.2266666667</dst>
            <dst id="CHINng">47132.8666666667</dst>
            <dst id="DNVRng">7313.728</dst>
            <dst id="HSTNng">2986.63466666667</dst>
            <dst id="IPLSng">8721.016</dst>
            <dst id="KSCYng">4100.82133333333</dst>
            <dst id="LOSAng">9459.57333333333</dst>
            <dst id="NYCMng">18034.256</dst>
            <dst id="SNVAng">22686.7733333333</dst>
            <dst id="STTLng">30124.3626666667</dst>
            <dst id="WASHng">80108.688</dst>
        </src>
        <src id="NYCMng">
            <dst id="ATLA-M5">1248.17333333333</dst>
            <dst id="ATLAng">21094.5866666667</dst>
            <dst id="CHINng">17815.5786666667</dst>
            <dst id="DNVRng">18607.16</dst>
            <dst id="HSTNng">7939.38666666667</dst>
            <dst id="IPLSng">16733.0826666667</dst>
            <dst id="KSCYng">4575</dst>
            <dst id="LOSAng">56633.4053333333</dst>
            <dst id="NYCMng">114699.752</dst>
            <dst id="SNVAng">508.021333333333</dst>
            <dst id="STTLng">15950.4666666667</dst>
            <dst id="WASHng">36557.9386666667</dst>
        </src>
        <src id="SNVAng">
            <dst id="ATLA-M5">0</dst>
            <dst id="ATLAng">656.362666666667</dst>
            <dst id="CHINng">0</dst>
            <dst id="DNVRng">1870.85866666667</dst>
            <dst id="HSTNng">26.6666666666667</dst>
            <dst id="IPLSng">251.512</dst>
            <dst id="KSCYng">0</dst>
            <dst id="LOSAng">37938.76</dst>
            <dst id="NYCMng">531.794666666667</dst>
            <dst id="SNVAng">8986.11733333334</dst>
            <dst id="STTLng">41630.2533333333</dst>
            <dst id="WASHng">0</dst>
        </src>
        <src id="STTLng">
            <dst id="ATLA-M5">89.3866666666666</dst>
            <dst id="ATLAng">6503.46933333333</dst>
            <dst id="CHINng">15003.6026666667</dst>
            <dst id="DNVRng">1376.57066666667</dst>
            <dst id="HSTNng">2027.94933333333</dst>
            <dst id="IPLSng">6285.41866666667</dst>
            <dst id="KSCYng">3404.032</dst>
            <dst id="LOSAng">8986.65333333333</dst>
            <dst id="NYCMng">16018.6426666667</dst>
            <dst id="SNVAng">9480.16</dst>
            <dst id="STTLng">1737.27466666667</dst>
            <dst id="WASHng">7587.824</dst>
        </src>
        <src id="WASHng">
            <dst id="ATLA-M5">388.557333333333</dst>
            <dst id="ATLAng">91468.9066666666</dst>
            <dst id="CHINng">47907.4133333333</dst>
            <dst id="DNVRng">60738.9653333333</dst>
            <dst id="HSTNng">26647.1786666667</dst>
            <dst id="IPLSng">30864.3973333333</dst>
            <dst id="KSCYng">24091.696</dst>
            <dst id="LOSAng">96198.2106666667</dst>
            <dst id="NYCMng">139270.949333333</dst>
            <dst id="SNVAng">1681.45866666667</dst>
            <dst id="STTLng">22666.9386666667</dst>
            <dst id="WASHng">200283.072</dst>
        </src>
    </IntraTM>
</TrafficMatrixFile>
