<?xml version="1.0" encoding="ISO-8859-1" standalone="yes"?>
<TrafficMatrixFile xsi:noNamespaceSchemaLocation="http://totem.run.montefiore.ulg.ac.be/Schema/TrafficMatrix-v1_2.xsd" xmlns:xsi="http://www.w3.org/2001/XMLSchema-instance">
    <IntraTM ASID="11537">
        <src id="ATLA-M5">
            <dst id="ATLA-M5">26.6666666666667</dst>
            <dst id="ATLAng">0</dst>
            <dst id="CHINng">53.3333333333333</dst>
            <dst id="DNVRng">0</dst>
            <dst id="HSTNng">111.866666666667</dst>
            <dst id="IPLSng">26.6666666666667</dst>
            <dst id="KSCYng">0</dst>
            <dst id="LOSAng">76.5226666666667</dst>
            <dst id="NYCMng">668.410666666667</dst>
            <dst id="SNVAng">0</dst>
            <dst id="STTLng">0</dst>
            <dst id="WASHng">136.384</dst>
        </src>
        <src id="ATLAng">
            <dst id="ATLA-M5">139.578666666667</dst>
            <dst id="ATLAng">23495.632</dst>
            <dst id="CHINng">4708.224</dst>
            <dst id="DNVRng">3239.94933333333</dst>
            <dst id="HSTNng">1048.07733333333</dst>
            <dst id="IPLSng">24689.9253333333</dst>
            <dst id="KSCYng">2095.63733333333</dst>
            <dst id="LOSAng">8942.89866666667</dst>
            <dst id="NYCMng">1469.11466666667</dst>
            <dst id="SNVAng">53.3333333333333</dst>
            <dst id="STTLng">3432.74666666667</dst>
            <dst id="WASHng">20114.9733333333</dst>
        </src>
        <src id="CHINng">
            <dst id="ATLA-M5">226.872</dst>
            <dst id="ATLAng">19009.4613333333</dst>
            <dst id="CHINng">64894.9173333333</dst>
            <dst id="DNVRng">11859.4773333333</dst>
            <dst id="HSTNng">8356.23466666667</dst>
            <dst id="IPLSng">48192.2693333333</dst>
            <dst id="KSCYng">11911.5333333333</dst>
            <dst id="LOSAng">29976.0826666667</dst>
            <dst id="NYCMng">9471.36266666666</dst>
            <dst id="SNVAng">2866.79466666667</dst>
            <dst id="STTLng">4555.09333333333</dst>
            <dst id="WASHng">14148.7413333333</dst>
        </src>
        <src id="DNVRng">
            <dst id="ATLA-M5">88</dst>
            <dst id="ATLAng">2772.952</dst>
            <dst id="CHINng">37789.344</dst>
            <dst id="DNVRng">13496.1413333333</dst>
            <dst id="HSTNng">24154.552</dst>
            <dst id="IPLSng">25411.664</dst>
            <dst id="KSCYng">21275.2533333333</dst>
            <dst id="LOSAng">43305.376</dst>
            <dst id="NYCMng">13805.4026666667</dst>
            <dst id="SNVAng">10609.5013333333</dst>
            <dst id="STTLng">3830.95466666667</dst>
            <dst id="WASHng">46890.6133333333</dst>
        </src>
        <src id="HSTNng">
            <dst id="ATLA-M5">249.504</dst>
            <dst id="ATLAng">943.250666666667</dst>
            <dst id="CHINng">11043.216</dst>
            <dst id="DNVRng">1005.624</dst>
            <dst id="HSTNng">15530.8133333333</dst>
            <dst id="IPLSng">2851.88266666667</dst>
            <dst id="KSCYng">3384.40533333333</dst>
            <dst id="LOSAng">4304.408</dst>
            <dst id="NYCMng">3384.808</dst>
            <dst id="SNVAng">0</dst>
            <dst id="STTLng">443.442666666667</dst>
            <dst id="WASHng">5773.048</dst>
        </src>
        <src id="IPLSng">
            <dst id="ATLA-M5">0</dst>
            <dst id="ATLAng">6419.61333333333</dst>
            <dst id="CHINng">65131.0373333333</dst>
            <dst id="DNVRng">9011.984</dst>
            <dst id="HSTNng">1804.11733333333</dst>
            <dst id="IPLSng">23064.0826666667</dst>
            <dst id="KSCYng">7607.32</dst>
            <dst id="LOSAng">13459.0133333333</dst>
            <dst id="NYCMng">9387.72533333333</dst>
            <dst id="SNVAng">1722.96</dst>
            <dst id="STTLng">14335.9386666667</dst>
            <dst id="WASHng">21623.504</dst>
        </src>
        <src id="KSCYng">
            <dst id="ATLA-M5">0</dst>
            <dst id="ATLAng">4641.584</dst>
            <dst id="CHINng">16873.7946666667</dst>
            <dst id="DNVRng">5682.82933333333</dst>
            <dst id="HSTNng">3398.01866666667</dst>
            <dst id="IPLSng">12512.2106666667</dst>
            <dst id="KSCYng">8936.22933333333</dst>
            <dst id="LOSAng">3693.75733333333</dst>
            <dst id="NYCMng">1052.70666666667</dst>
            <dst id="SNVAng">2698.544</dst>
            <dst id="STTLng">525.962666666667</dst>
            <dst id="WASHng">11621.624</dst>
        </src>
        <src id="LOSAng">
            <dst id="ATLA-M5">67.4906666666667</dst>
            <dst id="ATLAng">22680.888</dst>
            <dst id="CHINng">53849.9466666667</dst>
            <dst id="DNVRng">7486.39466666667</dst>
            <dst id="HSTNng">2372.59466666667</dst>
            <dst id="IPLSng">20101.4453333333</dst>
            <dst id="KSCYng">3726.048</dst>
            <dst id="LOSAng">11929.44</dst>
            <dst id="NYCMng">48338.664</dst>
            <dst id="SNVAng">22190.3466666667</dst>
            <dst id="STTLng">20576.552</dst>
            <dst id="WASHng">78157.336</dst>
        </src>
        <src id="NYCMng">
            <dst id="ATLA-M5">4134.17333333333</dst>
            <dst id="ATLAng">16774.9733333333</dst>
            <dst id="CHINng">14371.456</dst>
            <dst id="DNVRng">28157.0186666667</dst>
            <dst id="HSTNng">10145.8453333333</dst>
            <dst id="IPLSng">48686.368</dst>
            <dst id="KSCYng">2837.76266666667</dst>
            <dst id="LOSAng">69401.3946666667</dst>
            <dst id="NYCMng">108678.082666667</dst>
            <dst id="SNVAng">2812.39733333333</dst>
            <dst id="STTLng">19680.2186666667</dst>
            <dst id="WASHng">34200.0186666667</dst>
        </src>
        <src id="SNVAng">
            <dst id="ATLA-M5">137.941333333333</dst>
            <dst id="ATLAng">0</dst>
            <dst id="CHINng">80</dst>
            <dst id="DNVRng">17636.9813333333</dst>
            <dst id="HSTNng">216.224</dst>
            <dst id="IPLSng">243.328</dst>
            <dst id="KSCYng">0</dst>
            <dst id="LOSAng">28264.0453333333</dst>
            <dst id="NYCMng">0</dst>
            <dst id="SNVAng">7391.95466666667</dst>
            <dst id="STTLng">37732.704</dst>
            <dst id="WASHng">32</dst>
        </src>
        <src id="STTLng">
            <dst id="ATLA-M5">87.3493333333333</dst>
            <dst id="ATLAng">6422.79733333333</dst>
            <dst id="CHINng">9075.552</dst>
            <dst id="DNVRng">2172.2</dst>
            <dst id="HSTNng">1413.984</dst>
            <dst id="IPLSng">31857.0933333333</dst>
            <dst id="KSCYng">1755.75466666667</dst>
            <dst id="LOSAng">15690.0826666667</dst>
            <dst id="NYCMng">15629.1813333333</dst>
            <dst id="SNVAng">10503.2213333333</dst>
            <dst id="STTLng">1141.18666666667</dst>
            <dst id="WASHng">6965.52266666667</dst>
        </src>
        <src id="WASHng">
            <dst id="ATLA-M5">57.0773333333333</dst>
            <dst id="ATLAng">138497.274666667</dst>
            <dst id="CHINng">64971.3306666667</dst>
            <dst id="DNVRng">53121.584</dst>
            <dst id="HSTNng">21031.9333333333</dst>
            <dst id="IPLSng">57083.1573333333</dst>
            <dst id="KSCYng">35302.0186666667</dst>
            <dst id="LOSAng">111283.832</dst>
            <dst id="NYCMng">135991.448</dst>
            <dst id="SNVAng">5258.17866666667</dst>
            <dst id="STTLng">27178.5573333333</dst>
            <dst id="WASHng">206463.114666667</dst>
        </src>
    </IntraTM>
</TrafficMatrixFile>
