<?xml version="1.0" encoding="ISO-8859-1" standalone="yes"?>
<TrafficMatrixFile xsi:noNamespaceSchemaLocation="http://totem.run.montefiore.ulg.ac.be/Schema/TrafficMatrix-v1_2.xsd" xmlns:xsi="http://www.w3.org/2001/XMLSchema-instance">
    <IntraTM ASID="11537">
        <src id="ATLA-M5">
            <dst id="ATLA-M5">0</dst>
            <dst id="ATLAng">46.208</dst>
            <dst id="CHINng">120.184</dst>
            <dst id="DNVRng">288.490666666667</dst>
            <dst id="HSTNng">0</dst>
            <dst id="IPLSng">0</dst>
            <dst id="KSCYng">0</dst>
            <dst id="LOSAng">66.7733333333333</dst>
            <dst id="NYCMng">0</dst>
            <dst id="SNVAng">48.392</dst>
            <dst id="STTLng">55.888</dst>
            <dst id="WASHng">259.152</dst>
        </src>
        <src id="ATLAng">
            <dst id="ATLA-M5">3390.016</dst>
            <dst id="ATLAng">23838.312</dst>
            <dst id="CHINng">5323.344</dst>
            <dst id="DNVRng">1957.38933333333</dst>
            <dst id="HSTNng">586.613333333333</dst>
            <dst id="IPLSng">10857.2613333333</dst>
            <dst id="KSCYng">2723.728</dst>
            <dst id="LOSAng">11534.5306666667</dst>
            <dst id="NYCMng">3713.75733333333</dst>
            <dst id="SNVAng">1702.84</dst>
            <dst id="STTLng">3872.26933333333</dst>
            <dst id="WASHng">21844.1253333333</dst>
        </src>
        <src id="CHINng">
            <dst id="ATLA-M5">0</dst>
            <dst id="ATLAng">5888.24266666667</dst>
            <dst id="CHINng">35860.2106666667</dst>
            <dst id="DNVRng">5905.45066666667</dst>
            <dst id="HSTNng">8810.96533333333</dst>
            <dst id="IPLSng">120369.429333333</dst>
            <dst id="KSCYng">17072.6746666667</dst>
            <dst id="LOSAng">29593.6426666667</dst>
            <dst id="NYCMng">25153.6453333333</dst>
            <dst id="SNVAng">102.034666666667</dst>
            <dst id="STTLng">7440.328</dst>
            <dst id="WASHng">8310.81333333333</dst>
        </src>
        <src id="DNVRng">
            <dst id="ATLA-M5">303.306666666667</dst>
            <dst id="ATLAng">3623.368</dst>
            <dst id="CHINng">36607.784</dst>
            <dst id="DNVRng">15383.2773333333</dst>
            <dst id="HSTNng">25316.84</dst>
            <dst id="IPLSng">36131.3893333333</dst>
            <dst id="KSCYng">23939.1093333333</dst>
            <dst id="LOSAng">6954.992</dst>
            <dst id="NYCMng">12998.416</dst>
            <dst id="SNVAng">6699.48</dst>
            <dst id="STTLng">6365.664</dst>
            <dst id="WASHng">48069.7333333333</dst>
        </src>
        <src id="HSTNng">
            <dst id="ATLA-M5">0</dst>
            <dst id="ATLAng">1249.344</dst>
            <dst id="CHINng">4628.64</dst>
            <dst id="DNVRng">789.328</dst>
            <dst id="HSTNng">17700.7333333333</dst>
            <dst id="IPLSng">2483.376</dst>
            <dst id="KSCYng">1297.73866666667</dst>
            <dst id="LOSAng">1534.42933333333</dst>
            <dst id="NYCMng">1260.93866666667</dst>
            <dst id="SNVAng">53.3333333333333</dst>
            <dst id="STTLng">572.829333333333</dst>
            <dst id="WASHng">3089.84266666667</dst>
        </src>
        <src id="IPLSng">
            <dst id="ATLA-M5">123.509333333333</dst>
            <dst id="ATLAng">15155.288</dst>
            <dst id="CHINng">23280.0346666667</dst>
            <dst id="DNVRng">5930.53866666667</dst>
            <dst id="HSTNng">185.893333333333</dst>
            <dst id="IPLSng">5907.848</dst>
            <dst id="KSCYng">3666.46933333333</dst>
            <dst id="LOSAng">12179.7786666667</dst>
            <dst id="NYCMng">4858.04533333333</dst>
            <dst id="SNVAng">371.429333333333</dst>
            <dst id="STTLng">5966.38933333333</dst>
            <dst id="WASHng">10367.0133333333</dst>
        </src>
        <src id="KSCYng">
            <dst id="ATLA-M5">0</dst>
            <dst id="ATLAng">3981.36</dst>
            <dst id="CHINng">6696.49866666667</dst>
            <dst id="DNVRng">4134.55733333333</dst>
            <dst id="HSTNng">6903.90933333333</dst>
            <dst id="IPLSng">16185.5706666667</dst>
            <dst id="KSCYng">16185.808</dst>
            <dst id="LOSAng">3277.46133333333</dst>
            <dst id="NYCMng">1044.18666666667</dst>
            <dst id="SNVAng">5759.21866666667</dst>
            <dst id="STTLng">2117.73066666667</dst>
            <dst id="WASHng">9998.864</dst>
        </src>
        <src id="LOSAng">
            <dst id="ATLA-M5">53.3333333333333</dst>
            <dst id="ATLAng">8631.21066666667</dst>
            <dst id="CHINng">31713.024</dst>
            <dst id="DNVRng">10647.52</dst>
            <dst id="HSTNng">6325.66666666667</dst>
            <dst id="IPLSng">12327.024</dst>
            <dst id="KSCYng">10460.0906666667</dst>
            <dst id="LOSAng">12571.2133333333</dst>
            <dst id="NYCMng">18617.0613333333</dst>
            <dst id="SNVAng">20547.8106666667</dst>
            <dst id="STTLng">20667.4133333333</dst>
            <dst id="WASHng">72326.6053333333</dst>
        </src>
        <src id="NYCMng">
            <dst id="ATLA-M5">323.4</dst>
            <dst id="ATLAng">6443.68266666667</dst>
            <dst id="CHINng">20497.0053333333</dst>
            <dst id="DNVRng">22125.8826666667</dst>
            <dst id="HSTNng">3614.96533333333</dst>
            <dst id="IPLSng">7403.248</dst>
            <dst id="KSCYng">4362.672</dst>
            <dst id="LOSAng">50786.816</dst>
            <dst id="NYCMng">50112.152</dst>
            <dst id="SNVAng">921.157333333334</dst>
            <dst id="STTLng">13362.8133333333</dst>
            <dst id="WASHng">31980.448</dst>
        </src>
        <src id="SNVAng">
            <dst id="ATLA-M5">0</dst>
            <dst id="ATLAng">26.6666666666667</dst>
            <dst id="CHINng">0</dst>
            <dst id="DNVRng">2341.10933333333</dst>
            <dst id="HSTNng">0</dst>
            <dst id="IPLSng">212.88</dst>
            <dst id="KSCYng">0</dst>
            <dst id="LOSAng">31210.448</dst>
            <dst id="NYCMng">53.3333333333333</dst>
            <dst id="SNVAng">8999.6</dst>
            <dst id="STTLng">39235.7546666667</dst>
            <dst id="WASHng">26.6666666666667</dst>
        </src>
        <src id="STTLng">
            <dst id="ATLA-M5">89.5146666666667</dst>
            <dst id="ATLAng">5033.272</dst>
            <dst id="CHINng">9737.81333333333</dst>
            <dst id="DNVRng">2602.11733333333</dst>
            <dst id="HSTNng">567.456</dst>
            <dst id="IPLSng">4443.56</dst>
            <dst id="KSCYng">3371.55733333333</dst>
            <dst id="LOSAng">8939.072</dst>
            <dst id="NYCMng">9670.35733333334</dst>
            <dst id="SNVAng">11564.0373333333</dst>
            <dst id="STTLng">2535.85066666667</dst>
            <dst id="WASHng">6934.40266666667</dst>
        </src>
        <src id="WASHng">
            <dst id="ATLA-M5">448.874666666667</dst>
            <dst id="ATLAng">73693.824</dst>
            <dst id="CHINng">64094.8506666667</dst>
            <dst id="DNVRng">71102.104</dst>
            <dst id="HSTNng">19990.1173333333</dst>
            <dst id="IPLSng">54664.008</dst>
            <dst id="KSCYng">46211.864</dst>
            <dst id="LOSAng">116021.672</dst>
            <dst id="NYCMng">144376.624</dst>
            <dst id="SNVAng">9063.152</dst>
            <dst id="STTLng">58786.0933333333</dst>
            <dst id="WASHng">204050.517333333</dst>
        </src>
    </IntraTM>
</TrafficMatrixFile>
