<?xml version="1.0" encoding="ISO-8859-1" standalone="yes"?>
<TrafficMatrixFile xsi:noNamespaceSchemaLocation="http://totem.run.montefiore.ulg.ac.be/Schema/TrafficMatrix-v1_2.xsd" xmlns:xsi="http://www.w3.org/2001/XMLSchema-instance">
    <IntraTM ASID="11537">
        <src id="ATLA-M5">
            <dst id="ATLA-M5">26.6666666666667</dst>
            <dst id="ATLAng">86.3706666666667</dst>
            <dst id="CHINng">103.114666666667</dst>
            <dst id="DNVRng">48.1946666666667</dst>
            <dst id="HSTNng">110.52</dst>
            <dst id="IPLSng">53.3333333333333</dst>
            <dst id="KSCYng">0</dst>
            <dst id="LOSAng">141.112</dst>
            <dst id="NYCMng">261.544</dst>
            <dst id="SNVAng">26.6666666666667</dst>
            <dst id="STTLng">130.794666666667</dst>
            <dst id="WASHng">702.394666666667</dst>
        </src>
        <src id="ATLAng">
            <dst id="ATLA-M5">34.3573333333333</dst>
            <dst id="ATLAng">20414.0426666667</dst>
            <dst id="CHINng">3923.58133333333</dst>
            <dst id="DNVRng">3055.65066666667</dst>
            <dst id="HSTNng">38909.7066666667</dst>
            <dst id="IPLSng">18176.504</dst>
            <dst id="KSCYng">854.184</dst>
            <dst id="LOSAng">12937.3253333333</dst>
            <dst id="NYCMng">1705.448</dst>
            <dst id="SNVAng">209.194666666667</dst>
            <dst id="STTLng">3863.352</dst>
            <dst id="WASHng">27057.9893333333</dst>
        </src>
        <src id="CHINng">
            <dst id="ATLA-M5">495.029333333333</dst>
            <dst id="ATLAng">9339.50933333333</dst>
            <dst id="CHINng">68787.7013333333</dst>
            <dst id="DNVRng">30168.92</dst>
            <dst id="HSTNng">10693.4506666667</dst>
            <dst id="IPLSng">45127.9013333333</dst>
            <dst id="KSCYng">10613.3493333333</dst>
            <dst id="LOSAng">28751.6186666667</dst>
            <dst id="NYCMng">8973.224</dst>
            <dst id="SNVAng">2675.12533333333</dst>
            <dst id="STTLng">5633.67466666667</dst>
            <dst id="WASHng">25373.6053333333</dst>
        </src>
        <src id="DNVRng">
            <dst id="ATLA-M5">74.6666666666667</dst>
            <dst id="ATLAng">5370.34933333333</dst>
            <dst id="CHINng">130525.816</dst>
            <dst id="DNVRng">13516.8533333333</dst>
            <dst id="HSTNng">21339.6213333333</dst>
            <dst id="IPLSng">27644.6373333333</dst>
            <dst id="KSCYng">34513.496</dst>
            <dst id="LOSAng">10170.0746666667</dst>
            <dst id="NYCMng">12075.7146666667</dst>
            <dst id="SNVAng">8605.15466666667</dst>
            <dst id="STTLng">3371.23466666667</dst>
            <dst id="WASHng">40657.856</dst>
        </src>
        <src id="HSTNng">
            <dst id="ATLA-M5">4458.70666666667</dst>
            <dst id="ATLAng">5113.29866666667</dst>
            <dst id="CHINng">13969.8666666667</dst>
            <dst id="DNVRng">1022.38933333333</dst>
            <dst id="HSTNng">13097.8533333333</dst>
            <dst id="IPLSng">6004.30933333333</dst>
            <dst id="KSCYng">891.232</dst>
            <dst id="LOSAng">10632.3573333333</dst>
            <dst id="NYCMng">3353.256</dst>
            <dst id="SNVAng">179.328</dst>
            <dst id="STTLng">706.856</dst>
            <dst id="WASHng">7653.65066666667</dst>
        </src>
        <src id="IPLSng">
            <dst id="ATLA-M5">26.6666666666667</dst>
            <dst id="ATLAng">7509.816</dst>
            <dst id="CHINng">68933.1546666667</dst>
            <dst id="DNVRng">8651.27733333333</dst>
            <dst id="HSTNng">3315.496</dst>
            <dst id="IPLSng">30856.7333333333</dst>
            <dst id="KSCYng">15580.4693333333</dst>
            <dst id="LOSAng">21033.672</dst>
            <dst id="NYCMng">13382.5626666667</dst>
            <dst id="SNVAng">1970.43733333333</dst>
            <dst id="STTLng">5046.776</dst>
            <dst id="WASHng">10748.9813333333</dst>
        </src>
        <src id="KSCYng">
            <dst id="ATLA-M5">0</dst>
            <dst id="ATLAng">4787.80266666667</dst>
            <dst id="CHINng">11372.3786666667</dst>
            <dst id="DNVRng">21047.8453333333</dst>
            <dst id="HSTNng">3927.72266666667</dst>
            <dst id="IPLSng">9932.85333333333</dst>
            <dst id="KSCYng">9649.34133333333</dst>
            <dst id="LOSAng">4870.56</dst>
            <dst id="NYCMng">3147.95466666667</dst>
            <dst id="SNVAng">2582.85866666667</dst>
            <dst id="STTLng">1155.79466666667</dst>
            <dst id="WASHng">10828.4</dst>
        </src>
        <src id="LOSAng">
            <dst id="ATLA-M5">439.277333333333</dst>
            <dst id="ATLAng">13453.2266666667</dst>
            <dst id="CHINng">60910.4613333333</dst>
            <dst id="DNVRng">8054.24533333333</dst>
            <dst id="HSTNng">6120.128</dst>
            <dst id="IPLSng">15217.4453333333</dst>
            <dst id="KSCYng">2490.29333333333</dst>
            <dst id="LOSAng">7480.272</dst>
            <dst id="NYCMng">43821.4826666667</dst>
            <dst id="SNVAng">21419.08</dst>
            <dst id="STTLng">18448.7706666667</dst>
            <dst id="WASHng">84003.7626666667</dst>
        </src>
        <src id="NYCMng">
            <dst id="ATLA-M5">4004.05333333333</dst>
            <dst id="ATLAng">31314.488</dst>
            <dst id="CHINng">22938.6293333333</dst>
            <dst id="DNVRng">25248.2026666667</dst>
            <dst id="HSTNng">11647.1653333333</dst>
            <dst id="IPLSng">34969.2426666667</dst>
            <dst id="KSCYng">6367.608</dst>
            <dst id="LOSAng">64520.736</dst>
            <dst id="NYCMng">111759.322666667</dst>
            <dst id="SNVAng">1305.53333333333</dst>
            <dst id="STTLng">30911.5493333333</dst>
            <dst id="WASHng">39796.0533333333</dst>
        </src>
        <src id="SNVAng">
            <dst id="ATLA-M5">416</dst>
            <dst id="ATLAng">26.6666666666667</dst>
            <dst id="CHINng">165.757333333333</dst>
            <dst id="DNVRng">542.421333333333</dst>
            <dst id="HSTNng">0</dst>
            <dst id="IPLSng">233.344</dst>
            <dst id="KSCYng">0</dst>
            <dst id="LOSAng">28349.5626666667</dst>
            <dst id="NYCMng">53.3333333333333</dst>
            <dst id="SNVAng">7066.68</dst>
            <dst id="STTLng">36083.4853333333</dst>
            <dst id="WASHng">158.053333333333</dst>
        </src>
        <src id="STTLng">
            <dst id="ATLA-M5">26.6666666666667</dst>
            <dst id="ATLAng">7771.09066666667</dst>
            <dst id="CHINng">11199.9866666667</dst>
            <dst id="DNVRng">2444.264</dst>
            <dst id="HSTNng">1907.02133333333</dst>
            <dst id="IPLSng">16956.9066666667</dst>
            <dst id="KSCYng">1693.872</dst>
            <dst id="LOSAng">11409.208</dst>
            <dst id="NYCMng">11699.0666666667</dst>
            <dst id="SNVAng">6359.576</dst>
            <dst id="STTLng">861.752</dst>
            <dst id="WASHng">8286.09333333333</dst>
        </src>
        <src id="WASHng">
            <dst id="ATLA-M5">86.3653333333333</dst>
            <dst id="ATLAng">184233.896</dst>
            <dst id="CHINng">55566.3973333333</dst>
            <dst id="DNVRng">58148.0373333333</dst>
            <dst id="HSTNng">19190.8506666667</dst>
            <dst id="IPLSng">61953.648</dst>
            <dst id="KSCYng">35498.2906666667</dst>
            <dst id="LOSAng">93277.416</dst>
            <dst id="NYCMng">124715.832</dst>
            <dst id="SNVAng">589.752</dst>
            <dst id="STTLng">20799.7066666667</dst>
            <dst id="WASHng">151012.773333333</dst>
        </src>
    </IntraTM>
</TrafficMatrixFile>
