<?xml version="1.0" encoding="ISO-8859-1" standalone="yes"?>
<TrafficMatrixFile xsi:noNamespaceSchemaLocation="http://totem.run.montefiore.ulg.ac.be/Schema/TrafficMatrix-v1_2.xsd" xmlns:xsi="http://www.w3.org/2001/XMLSchema-instance">
    <IntraTM ASID="11537">
        <src id="ATLA-M5">
            <dst id="ATLA-M5">0</dst>
            <dst id="ATLAng">0</dst>
            <dst id="CHINng">26.6666666666667</dst>
            <dst id="DNVRng">26.6666666666667</dst>
            <dst id="HSTNng">115.634666666667</dst>
            <dst id="IPLSng">0</dst>
            <dst id="KSCYng">0</dst>
            <dst id="LOSAng">26.6666666666667</dst>
            <dst id="NYCMng">476.68</dst>
            <dst id="SNVAng">26.6666666666667</dst>
            <dst id="STTLng">63.9306666666667</dst>
            <dst id="WASHng">133.333333333333</dst>
        </src>
        <src id="ATLAng">
            <dst id="ATLA-M5">96.1253333333333</dst>
            <dst id="ATLAng">22642.5813333333</dst>
            <dst id="CHINng">8844.49066666667</dst>
            <dst id="DNVRng">3258.75466666667</dst>
            <dst id="HSTNng">376.229333333333</dst>
            <dst id="IPLSng">22672.4133333333</dst>
            <dst id="KSCYng">2263.712</dst>
            <dst id="LOSAng">33107.056</dst>
            <dst id="NYCMng">2777.96533333333</dst>
            <dst id="SNVAng">66.336</dst>
            <dst id="STTLng">2728.95733333333</dst>
            <dst id="WASHng">26777.5226666667</dst>
        </src>
        <src id="CHINng">
            <dst id="ATLA-M5">0</dst>
            <dst id="ATLAng">5238.22933333333</dst>
            <dst id="CHINng">48047.216</dst>
            <dst id="DNVRng">2575.92266666667</dst>
            <dst id="HSTNng">5640.176</dst>
            <dst id="IPLSng">3923.96533333333</dst>
            <dst id="KSCYng">8036.16266666667</dst>
            <dst id="LOSAng">34142.2533333333</dst>
            <dst id="NYCMng">19135.312</dst>
            <dst id="SNVAng">188.272</dst>
            <dst id="STTLng">6153.86133333333</dst>
            <dst id="WASHng">13232.7626666667</dst>
        </src>
        <src id="DNVRng">
            <dst id="ATLA-M5">72.5226666666667</dst>
            <dst id="ATLAng">5511.77866666667</dst>
            <dst id="CHINng">30363.392</dst>
            <dst id="DNVRng">9678.69333333333</dst>
            <dst id="HSTNng">21467.2506666667</dst>
            <dst id="IPLSng">33828.8613333333</dst>
            <dst id="KSCYng">20143.328</dst>
            <dst id="LOSAng">5747.288</dst>
            <dst id="NYCMng">14830.1813333333</dst>
            <dst id="SNVAng">5928.216</dst>
            <dst id="STTLng">4241.024</dst>
            <dst id="WASHng">46100.2373333333</dst>
        </src>
        <src id="HSTNng">
            <dst id="ATLA-M5">3954.69866666667</dst>
            <dst id="ATLAng">2998.85866666667</dst>
            <dst id="CHINng">3927.64</dst>
            <dst id="DNVRng">3554.72</dst>
            <dst id="HSTNng">15981.2453333333</dst>
            <dst id="IPLSng">2236.744</dst>
            <dst id="KSCYng">1338.38133333333</dst>
            <dst id="LOSAng">1724.44266666667</dst>
            <dst id="NYCMng">2277.51733333333</dst>
            <dst id="SNVAng">26.6666666666667</dst>
            <dst id="STTLng">382.064</dst>
            <dst id="WASHng">2314.78666666667</dst>
        </src>
        <src id="IPLSng">
            <dst id="ATLA-M5">0</dst>
            <dst id="ATLAng">18618.1386666667</dst>
            <dst id="CHINng">14866.6773333333</dst>
            <dst id="DNVRng">8586.33066666666</dst>
            <dst id="HSTNng">438.317333333333</dst>
            <dst id="IPLSng">6124.272</dst>
            <dst id="KSCYng">1915.06133333333</dst>
            <dst id="LOSAng">12232.0453333333</dst>
            <dst id="NYCMng">9962.85866666667</dst>
            <dst id="SNVAng">226.458666666667</dst>
            <dst id="STTLng">7554.99733333333</dst>
            <dst id="WASHng">8965.29866666667</dst>
        </src>
        <src id="KSCYng">
            <dst id="ATLA-M5">26.6666666666667</dst>
            <dst id="ATLAng">4465.328</dst>
            <dst id="CHINng">7142.104</dst>
            <dst id="DNVRng">6141.68533333333</dst>
            <dst id="HSTNng">5801.53333333333</dst>
            <dst id="IPLSng">15457.6426666667</dst>
            <dst id="KSCYng">8538.2</dst>
            <dst id="LOSAng">4643.62133333333</dst>
            <dst id="NYCMng">1165.21866666667</dst>
            <dst id="SNVAng">2562.12266666667</dst>
            <dst id="STTLng">1155.57066666667</dst>
            <dst id="WASHng">10941.2213333333</dst>
        </src>
        <src id="LOSAng">
            <dst id="ATLA-M5">54.3946666666667</dst>
            <dst id="ATLAng">21195.7733333333</dst>
            <dst id="CHINng">39520.112</dst>
            <dst id="DNVRng">5402.25066666667</dst>
            <dst id="HSTNng">4079.57066666667</dst>
            <dst id="IPLSng">12837.6853333333</dst>
            <dst id="KSCYng">3680.36533333333</dst>
            <dst id="LOSAng">16624.0266666667</dst>
            <dst id="NYCMng">22021.12</dst>
            <dst id="SNVAng">29965.7146666667</dst>
            <dst id="STTLng">30230.5626666667</dst>
            <dst id="WASHng">77750.736</dst>
        </src>
        <src id="NYCMng">
            <dst id="ATLA-M5">2426.728</dst>
            <dst id="ATLAng">21432.6746666667</dst>
            <dst id="CHINng">17969</dst>
            <dst id="DNVRng">28358.9333333333</dst>
            <dst id="HSTNng">8527.93066666667</dst>
            <dst id="IPLSng">19375.8133333333</dst>
            <dst id="KSCYng">6748.08</dst>
            <dst id="LOSAng">68519.0906666667</dst>
            <dst id="NYCMng">136724.808</dst>
            <dst id="SNVAng">3262.09066666667</dst>
            <dst id="STTLng">26279.056</dst>
            <dst id="WASHng">38718.1173333333</dst>
        </src>
        <src id="SNVAng">
            <dst id="ATLA-M5">0</dst>
            <dst id="ATLAng">977.754666666667</dst>
            <dst id="CHINng">26.6666666666667</dst>
            <dst id="DNVRng">7781.44533333333</dst>
            <dst id="HSTNng">26.6666666666667</dst>
            <dst id="IPLSng">99.9733333333334</dst>
            <dst id="KSCYng">0</dst>
            <dst id="LOSAng">33248.3893333333</dst>
            <dst id="NYCMng">156.946666666667</dst>
            <dst id="SNVAng">8458.208</dst>
            <dst id="STTLng">36206.6933333333</dst>
            <dst id="WASHng">26.6666666666667</dst>
        </src>
        <src id="STTLng">
            <dst id="ATLA-M5">101.509333333333</dst>
            <dst id="ATLAng">10239.376</dst>
            <dst id="CHINng">10119.5733333333</dst>
            <dst id="DNVRng">4732.56533333333</dst>
            <dst id="HSTNng">1618.10933333333</dst>
            <dst id="IPLSng">5814.81066666667</dst>
            <dst id="KSCYng">1794.76533333333</dst>
            <dst id="LOSAng">9643.53866666667</dst>
            <dst id="NYCMng">12584.5066666667</dst>
            <dst id="SNVAng">7648.856</dst>
            <dst id="STTLng">1471.61066666667</dst>
            <dst id="WASHng">3796.30133333333</dst>
        </src>
        <src id="WASHng">
            <dst id="ATLA-M5">280.373333333333</dst>
            <dst id="ATLAng">121247.762666667</dst>
            <dst id="CHINng">68515.7893333333</dst>
            <dst id="DNVRng">64673.1706666667</dst>
            <dst id="HSTNng">23902.0826666667</dst>
            <dst id="IPLSng">44885.9626666667</dst>
            <dst id="KSCYng">22183.5013333333</dst>
            <dst id="LOSAng">92907.192</dst>
            <dst id="NYCMng">145892.978666667</dst>
            <dst id="SNVAng">1089.064</dst>
            <dst id="STTLng">21642.008</dst>
            <dst id="WASHng">188868.68</dst>
        </src>
    </IntraTM>
</TrafficMatrixFile>
