<?xml version="1.0" encoding="ISO-8859-1" standalone="yes"?>
<TrafficMatrixFile xsi:noNamespaceSchemaLocation="http://totem.run.montefiore.ulg.ac.be/Schema/TrafficMatrix-v1_2.xsd" xmlns:xsi="http://www.w3.org/2001/XMLSchema-instance">
    <IntraTM ASID="11537">
        <src id="ATLA-M5">
            <dst id="ATLA-M5">3000.648</dst>
            <dst id="ATLAng">133.914666666667</dst>
            <dst id="CHINng">1387.768</dst>
            <dst id="DNVRng">26.6666666666667</dst>
            <dst id="HSTNng">76.2026666666667</dst>
            <dst id="IPLSng">462.816</dst>
            <dst id="KSCYng">175.376</dst>
            <dst id="LOSAng">104.725333333333</dst>
            <dst id="NYCMng">118.597333333333</dst>
            <dst id="SNVAng">24.7253333333333</dst>
            <dst id="STTLng">116.496</dst>
            <dst id="WASHng">514.058666666667</dst>
        </src>
        <src id="ATLAng">
            <dst id="ATLA-M5">517.936</dst>
            <dst id="ATLAng">53383.9866666667</dst>
            <dst id="CHINng">13936.904</dst>
            <dst id="DNVRng">5491.86133333333</dst>
            <dst id="HSTNng">40520.4773333333</dst>
            <dst id="IPLSng">21763.8</dst>
            <dst id="KSCYng">6661.86666666667</dst>
            <dst id="LOSAng">5539.04666666667</dst>
            <dst id="NYCMng">7077.86933333333</dst>
            <dst id="SNVAng">8149.68933333333</dst>
            <dst id="STTLng">2647.59733333333</dst>
            <dst id="WASHng">51279.8533333333</dst>
        </src>
        <src id="CHINng">
            <dst id="ATLA-M5">739.986666666667</dst>
            <dst id="ATLAng">21854.1946666667</dst>
            <dst id="CHINng">131631.434666667</dst>
            <dst id="DNVRng">8673.34666666667</dst>
            <dst id="HSTNng">9791.45866666667</dst>
            <dst id="IPLSng">28001.5573333333</dst>
            <dst id="KSCYng">12834.8426666667</dst>
            <dst id="LOSAng">5178.24533333333</dst>
            <dst id="NYCMng">16820.0426666667</dst>
            <dst id="SNVAng">21646.2346666667</dst>
            <dst id="STTLng">13114.256</dst>
            <dst id="WASHng">23826.32</dst>
        </src>
        <src id="DNVRng">
            <dst id="ATLA-M5">132.586666666667</dst>
            <dst id="ATLAng">9283.00266666667</dst>
            <dst id="CHINng">60696.9973333333</dst>
            <dst id="DNVRng">19655.1946666667</dst>
            <dst id="HSTNng">26037.496</dst>
            <dst id="IPLSng">29305.016</dst>
            <dst id="KSCYng">25787.144</dst>
            <dst id="LOSAng">15343.1733333333</dst>
            <dst id="NYCMng">18308.6</dst>
            <dst id="SNVAng">27093.016</dst>
            <dst id="STTLng">19015.0053333333</dst>
            <dst id="WASHng">59382.7973333333</dst>
        </src>
        <src id="HSTNng">
            <dst id="ATLA-M5">1834.73866666667</dst>
            <dst id="ATLAng">3557.53866666667</dst>
            <dst id="CHINng">20979.032</dst>
            <dst id="DNVRng">1089.688</dst>
            <dst id="HSTNng">19915.456</dst>
            <dst id="IPLSng">4309.83733333333</dst>
            <dst id="KSCYng">3813.51466666667</dst>
            <dst id="LOSAng">2477.57866666667</dst>
            <dst id="NYCMng">7765.57066666667</dst>
            <dst id="SNVAng">799.488</dst>
            <dst id="STTLng">1045.22666666667</dst>
            <dst id="WASHng">3836.024</dst>
        </src>
        <src id="IPLSng">
            <dst id="ATLA-M5">123.197333333333</dst>
            <dst id="ATLAng">19877.736</dst>
            <dst id="CHINng">66357.0853333333</dst>
            <dst id="DNVRng">7363.56533333333</dst>
            <dst id="HSTNng">3788.97866666667</dst>
            <dst id="IPLSng">9687.18933333333</dst>
            <dst id="KSCYng">4626.888</dst>
            <dst id="LOSAng">1721.624</dst>
            <dst id="NYCMng">32269.5093333333</dst>
            <dst id="SNVAng">11605.848</dst>
            <dst id="STTLng">9851.224</dst>
            <dst id="WASHng">34870.0533333333</dst>
        </src>
        <src id="KSCYng">
            <dst id="ATLA-M5">46.528</dst>
            <dst id="ATLAng">4073.46933333333</dst>
            <dst id="CHINng">16980.4186666667</dst>
            <dst id="DNVRng">7771.01333333333</dst>
            <dst id="HSTNng">4259.536</dst>
            <dst id="IPLSng">15456.1706666667</dst>
            <dst id="KSCYng">14214.7173333333</dst>
            <dst id="LOSAng">443.605333333333</dst>
            <dst id="NYCMng">4770.08</dst>
            <dst id="SNVAng">4949.04266666667</dst>
            <dst id="STTLng">3290.97866666667</dst>
            <dst id="WASHng">7445.96</dst>
        </src>
        <src id="LOSAng">
            <dst id="ATLA-M5">835.114666666666</dst>
            <dst id="ATLAng">57310.096</dst>
            <dst id="CHINng">100920.002666667</dst>
            <dst id="DNVRng">7981.26933333333</dst>
            <dst id="HSTNng">16054.3813333333</dst>
            <dst id="IPLSng">27433.832</dst>
            <dst id="KSCYng">2954.60533333333</dst>
            <dst id="LOSAng">18038</dst>
            <dst id="NYCMng">94311.7733333333</dst>
            <dst id="SNVAng">25365.12</dst>
            <dst id="STTLng">16684.7893333333</dst>
            <dst id="WASHng">104389.269333333</dst>
        </src>
        <src id="NYCMng">
            <dst id="ATLA-M5">754.450666666667</dst>
            <dst id="ATLAng">32999.5946666667</dst>
            <dst id="CHINng">48866.3066666667</dst>
            <dst id="DNVRng">28646.824</dst>
            <dst id="HSTNng">12247.7653333333</dst>
            <dst id="IPLSng">28866.8933333333</dst>
            <dst id="KSCYng">6957.424</dst>
            <dst id="LOSAng">8642.56</dst>
            <dst id="NYCMng">144002.397333333</dst>
            <dst id="SNVAng">47587.9173333334</dst>
            <dst id="STTLng">17833.9733333333</dst>
            <dst id="WASHng">157605.909333333</dst>
        </src>
        <src id="SNVAng">
            <dst id="ATLA-M5">112.426666666667</dst>
            <dst id="ATLAng">605.397333333333</dst>
            <dst id="CHINng">27.2613333333333</dst>
            <dst id="DNVRng">48716.3253333333</dst>
            <dst id="HSTNng">138.416</dst>
            <dst id="IPLSng">320.032</dst>
            <dst id="KSCYng">48.0506666666667</dst>
            <dst id="LOSAng">500.653333333333</dst>
            <dst id="NYCMng">80</dst>
            <dst id="SNVAng">36584.296</dst>
            <dst id="STTLng">41636.0346666667</dst>
            <dst id="WASHng">1372.76</dst>
        </src>
        <src id="STTLng">
            <dst id="ATLA-M5">124.488</dst>
            <dst id="ATLAng">11622.3253333333</dst>
            <dst id="CHINng">40707.0826666667</dst>
            <dst id="DNVRng">6590.27466666667</dst>
            <dst id="HSTNng">3553.59466666667</dst>
            <dst id="IPLSng">11060.152</dst>
            <dst id="KSCYng">5131.952</dst>
            <dst id="LOSAng">4064.66933333333</dst>
            <dst id="NYCMng">20331.032</dst>
            <dst id="SNVAng">15822.672</dst>
            <dst id="STTLng">7173.52</dst>
            <dst id="WASHng">62210.5413333333</dst>
        </src>
        <src id="WASHng">
            <dst id="ATLA-M5">3990.04266666667</dst>
            <dst id="ATLAng">145964.749333333</dst>
            <dst id="CHINng">110169.408</dst>
            <dst id="DNVRng">32373.5466666667</dst>
            <dst id="HSTNng">25898.88</dst>
            <dst id="IPLSng">36235.8586666667</dst>
            <dst id="KSCYng">42652.56</dst>
            <dst id="LOSAng">62317.3253333333</dst>
            <dst id="NYCMng">160544.234666667</dst>
            <dst id="SNVAng">27117.6906666667</dst>
            <dst id="STTLng">34412.744</dst>
            <dst id="WASHng">389097.466666667</dst>
        </src>
    </IntraTM>
</TrafficMatrixFile>
