<?xml version="1.0" encoding="ISO-8859-1" standalone="yes"?>
<TrafficMatrixFile xsi:noNamespaceSchemaLocation="http://totem.run.montefiore.ulg.ac.be/Schema/TrafficMatrix-v1_2.xsd" xmlns:xsi="http://www.w3.org/2001/XMLSchema-instance">
    <IntraTM ASID="11537">
        <src id="ATLA-M5">
            <dst id="ATLA-M5">4184.37066666667</dst>
            <dst id="ATLAng">0</dst>
            <dst id="CHINng">279.293333333333</dst>
            <dst id="DNVRng">0</dst>
            <dst id="HSTNng">95.8906666666667</dst>
            <dst id="IPLSng">32.5333333333333</dst>
            <dst id="KSCYng">0</dst>
            <dst id="LOSAng">93.2933333333333</dst>
            <dst id="NYCMng">407.434666666667</dst>
            <dst id="SNVAng">13.3333333333333</dst>
            <dst id="STTLng">349.042666666667</dst>
            <dst id="WASHng">53.3333333333333</dst>
        </src>
        <src id="ATLAng">
            <dst id="ATLA-M5">93.224</dst>
            <dst id="ATLAng">24474.7946666667</dst>
            <dst id="CHINng">10227.1653333333</dst>
            <dst id="DNVRng">3058.44533333333</dst>
            <dst id="HSTNng">13149.8746666667</dst>
            <dst id="IPLSng">10222.0186666667</dst>
            <dst id="KSCYng">866.730666666666</dst>
            <dst id="LOSAng">6403.65466666667</dst>
            <dst id="NYCMng">4312.136</dst>
            <dst id="SNVAng">5410.98</dst>
            <dst id="STTLng">2650.13333333333</dst>
            <dst id="WASHng">26804.1386666667</dst>
        </src>
        <src id="CHINng">
            <dst id="ATLA-M5">649.296</dst>
            <dst id="ATLAng">15512.1306666667</dst>
            <dst id="CHINng">74214.624</dst>
            <dst id="DNVRng">2414.52533333333</dst>
            <dst id="HSTNng">3989.68266666667</dst>
            <dst id="IPLSng">56434.0666666667</dst>
            <dst id="KSCYng">10889.816</dst>
            <dst id="LOSAng">7994.86933333333</dst>
            <dst id="NYCMng">8657.744</dst>
            <dst id="SNVAng">22964.3066666667</dst>
            <dst id="STTLng">7039.93866666667</dst>
            <dst id="WASHng">8302.24</dst>
        </src>
        <src id="DNVRng">
            <dst id="ATLA-M5">112.8</dst>
            <dst id="ATLAng">2603.81866666667</dst>
            <dst id="CHINng">43642.8266666667</dst>
            <dst id="DNVRng">13304.7893333333</dst>
            <dst id="HSTNng">24280.5813333333</dst>
            <dst id="IPLSng">26784.04</dst>
            <dst id="KSCYng">23814.4453333333</dst>
            <dst id="LOSAng">2683.712</dst>
            <dst id="NYCMng">15477.056</dst>
            <dst id="SNVAng">22773.84</dst>
            <dst id="STTLng">13147.5653333333</dst>
            <dst id="WASHng">48704.7173333333</dst>
        </src>
        <src id="HSTNng">
            <dst id="ATLA-M5">3925.52266666667</dst>
            <dst id="ATLAng">7788.62666666667</dst>
            <dst id="CHINng">19095.3706666667</dst>
            <dst id="DNVRng">1114.576</dst>
            <dst id="HSTNng">15002.584</dst>
            <dst id="IPLSng">931.458666666667</dst>
            <dst id="KSCYng">544.765333333334</dst>
            <dst id="LOSAng">4944.86666666667</dst>
            <dst id="NYCMng">4883.55466666667</dst>
            <dst id="SNVAng">26.6666666666667</dst>
            <dst id="STTLng">1031.92266666667</dst>
            <dst id="WASHng">2438.33066666667</dst>
        </src>
        <src id="IPLSng">
            <dst id="ATLA-M5">1912.10666666667</dst>
            <dst id="ATLAng">2749.92</dst>
            <dst id="CHINng">35825.0693333333</dst>
            <dst id="DNVRng">6774.952</dst>
            <dst id="HSTNng">158.026666666667</dst>
            <dst id="IPLSng">10271.3226666667</dst>
            <dst id="KSCYng">2145.51466666667</dst>
            <dst id="LOSAng">4597.37333333333</dst>
            <dst id="NYCMng">14232.232</dst>
            <dst id="SNVAng">13965.208</dst>
            <dst id="STTLng">7344.14133333333</dst>
            <dst id="WASHng">13004.5786666667</dst>
        </src>
        <src id="KSCYng">
            <dst id="ATLA-M5">0</dst>
            <dst id="ATLAng">2549.776</dst>
            <dst id="CHINng">13590.5466666667</dst>
            <dst id="DNVRng">4677.808</dst>
            <dst id="HSTNng">3503.03733333333</dst>
            <dst id="IPLSng">16284.6453333333</dst>
            <dst id="KSCYng">18605.336</dst>
            <dst id="LOSAng">2159.25866666667</dst>
            <dst id="NYCMng">1791.84</dst>
            <dst id="SNVAng">5314.40266666667</dst>
            <dst id="STTLng">2396.12533333333</dst>
            <dst id="WASHng">5832.95733333333</dst>
        </src>
        <src id="LOSAng">
            <dst id="ATLA-M5">0</dst>
            <dst id="ATLAng">12917.3813333333</dst>
            <dst id="CHINng">87426.152</dst>
            <dst id="DNVRng">10679.2293333333</dst>
            <dst id="HSTNng">2961.232</dst>
            <dst id="IPLSng">11192.8026666667</dst>
            <dst id="KSCYng">4175.26133333333</dst>
            <dst id="LOSAng">23111.4426666667</dst>
            <dst id="NYCMng">28395.0666666667</dst>
            <dst id="SNVAng">23683.0746666667</dst>
            <dst id="STTLng">23808.0773333333</dst>
            <dst id="WASHng">73388.8186666667</dst>
        </src>
        <src id="NYCMng">
            <dst id="ATLA-M5">107.509333333333</dst>
            <dst id="ATLAng">6312.48266666667</dst>
            <dst id="CHINng">27640.296</dst>
            <dst id="DNVRng">23460.496</dst>
            <dst id="HSTNng">5976.11733333333</dst>
            <dst id="IPLSng">5999.15466666667</dst>
            <dst id="KSCYng">3288.984</dst>
            <dst id="LOSAng">10274.9626666667</dst>
            <dst id="NYCMng">92147.744</dst>
            <dst id="SNVAng">50504.376</dst>
            <dst id="STTLng">19158.8346666667</dst>
            <dst id="WASHng">47092.9786666667</dst>
        </src>
        <src id="SNVAng">
            <dst id="ATLA-M5">0</dst>
            <dst id="ATLAng">0</dst>
            <dst id="CHINng">239.034666666667</dst>
            <dst id="DNVRng">51177.384</dst>
            <dst id="HSTNng">0</dst>
            <dst id="IPLSng">240.117333333333</dst>
            <dst id="KSCYng">0</dst>
            <dst id="LOSAng">3275.53066666667</dst>
            <dst id="NYCMng">26.6666666666667</dst>
            <dst id="SNVAng">36255.6426666667</dst>
            <dst id="STTLng">36379.896</dst>
            <dst id="WASHng">53.3333333333333</dst>
        </src>
        <src id="STTLng">
            <dst id="ATLA-M5">26.6666666666667</dst>
            <dst id="ATLAng">4582.77066666667</dst>
            <dst id="CHINng">18480.7013333333</dst>
            <dst id="DNVRng">5131.344</dst>
            <dst id="HSTNng">2217.08533333333</dst>
            <dst id="IPLSng">4954.38933333333</dst>
            <dst id="KSCYng">872.448</dst>
            <dst id="LOSAng">6032.168</dst>
            <dst id="NYCMng">13510.2746666667</dst>
            <dst id="SNVAng">21883.8693333333</dst>
            <dst id="STTLng">3104.50133333333</dst>
            <dst id="WASHng">6542.95466666667</dst>
        </src>
        <src id="WASHng">
            <dst id="ATLA-M5">141.530666666667</dst>
            <dst id="ATLAng">77953.3813333333</dst>
            <dst id="CHINng">90510.0533333334</dst>
            <dst id="DNVRng">24960.1813333333</dst>
            <dst id="HSTNng">29867.4133333333</dst>
            <dst id="IPLSng">46161.264</dst>
            <dst id="KSCYng">28543.2373333333</dst>
            <dst id="LOSAng">74958.208</dst>
            <dst id="NYCMng">112732.994666667</dst>
            <dst id="SNVAng">43757.4133333333</dst>
            <dst id="STTLng">45309.9066666667</dst>
            <dst id="WASHng">250698.925333333</dst>
        </src>
    </IntraTM>
</TrafficMatrixFile>
