<?xml version="1.0" encoding="ISO-8859-1" standalone="yes"?>
<TrafficMatrixFile xsi:noNamespaceSchemaLocation="http://totem.run.montefiore.ulg.ac.be/Schema/TrafficMatrix-v1_2.xsd" xmlns:xsi="http://www.w3.org/2001/XMLSchema-instance">
    <IntraTM ASID="11537">
        <src id="ATLA-M5">
            <dst id="ATLA-M5">26.6666666666667</dst>
            <dst id="ATLAng">26.6666666666667</dst>
            <dst id="CHINng">81.9973333333333</dst>
            <dst id="DNVRng">26.6666666666667</dst>
            <dst id="HSTNng">42.056</dst>
            <dst id="IPLSng">26.6666666666667</dst>
            <dst id="KSCYng">0</dst>
            <dst id="LOSAng">0</dst>
            <dst id="NYCMng">824.642666666667</dst>
            <dst id="SNVAng">0</dst>
            <dst id="STTLng">169.205333333333</dst>
            <dst id="WASHng">53.3333333333333</dst>
        </src>
        <src id="ATLAng">
            <dst id="ATLA-M5">97.4186666666666</dst>
            <dst id="ATLAng">22522.832</dst>
            <dst id="CHINng">11019.3786666667</dst>
            <dst id="DNVRng">2671.77866666667</dst>
            <dst id="HSTNng">84139.1173333333</dst>
            <dst id="IPLSng">17240.8426666667</dst>
            <dst id="KSCYng">574.653333333333</dst>
            <dst id="LOSAng">7581.99066666667</dst>
            <dst id="NYCMng">2001.62933333333</dst>
            <dst id="SNVAng">74.1186666666667</dst>
            <dst id="STTLng">3594.64</dst>
            <dst id="WASHng">25814.3626666667</dst>
        </src>
        <src id="CHINng">
            <dst id="ATLA-M5">65.5413333333333</dst>
            <dst id="ATLAng">26886.832</dst>
            <dst id="CHINng">57941.152</dst>
            <dst id="DNVRng">9805.45333333333</dst>
            <dst id="HSTNng">16524.4213333333</dst>
            <dst id="IPLSng">95542.7466666667</dst>
            <dst id="KSCYng">9841.824</dst>
            <dst id="LOSAng">30451.2026666667</dst>
            <dst id="NYCMng">23371.3546666667</dst>
            <dst id="SNVAng">913.882666666667</dst>
            <dst id="STTLng">8935.24</dst>
            <dst id="WASHng">26673.296</dst>
        </src>
        <src id="DNVRng">
            <dst id="ATLA-M5">69.92</dst>
            <dst id="ATLAng">3570.24</dst>
            <dst id="CHINng">34314.0053333333</dst>
            <dst id="DNVRng">7624.22133333333</dst>
            <dst id="HSTNng">20764.5333333333</dst>
            <dst id="IPLSng">29570.5253333333</dst>
            <dst id="KSCYng">12536.8026666667</dst>
            <dst id="LOSAng">32873.8053333333</dst>
            <dst id="NYCMng">70797.9626666667</dst>
            <dst id="SNVAng">6020.50933333333</dst>
            <dst id="STTLng">3172.6</dst>
            <dst id="WASHng">48248.6133333333</dst>
        </src>
        <src id="HSTNng">
            <dst id="ATLA-M5">950.677333333333</dst>
            <dst id="ATLAng">2777.632</dst>
            <dst id="CHINng">16239.944</dst>
            <dst id="DNVRng">1025.75733333333</dst>
            <dst id="HSTNng">14599.344</dst>
            <dst id="IPLSng">2625.13866666667</dst>
            <dst id="KSCYng">1008.416</dst>
            <dst id="LOSAng">764.133333333333</dst>
            <dst id="NYCMng">1919.40266666667</dst>
            <dst id="SNVAng">0</dst>
            <dst id="STTLng">1148.33066666667</dst>
            <dst id="WASHng">3712.86933333333</dst>
        </src>
        <src id="IPLSng">
            <dst id="ATLA-M5">274.072</dst>
            <dst id="ATLAng">5723.69066666667</dst>
            <dst id="CHINng">57033.7173333333</dst>
            <dst id="DNVRng">21184.368</dst>
            <dst id="HSTNng">2925.744</dst>
            <dst id="IPLSng">27656.992</dst>
            <dst id="KSCYng">4586.024</dst>
            <dst id="LOSAng">16861.4746666667</dst>
            <dst id="NYCMng">14266.0346666667</dst>
            <dst id="SNVAng">120.389333333333</dst>
            <dst id="STTLng">5137.84</dst>
            <dst id="WASHng">21953.7466666667</dst>
        </src>
        <src id="KSCYng">
            <dst id="ATLA-M5">26.6666666666667</dst>
            <dst id="ATLAng">3667.06666666667</dst>
            <dst id="CHINng">9859.49333333333</dst>
            <dst id="DNVRng">4427.90666666667</dst>
            <dst id="HSTNng">7299.864</dst>
            <dst id="IPLSng">10207.6933333333</dst>
            <dst id="KSCYng">4382.42133333333</dst>
            <dst id="LOSAng">2237.024</dst>
            <dst id="NYCMng">2268.51733333333</dst>
            <dst id="SNVAng">2727.16266666667</dst>
            <dst id="STTLng">1732.576</dst>
            <dst id="WASHng">11033</dst>
        </src>
        <src id="LOSAng">
            <dst id="ATLA-M5">81.2746666666667</dst>
            <dst id="ATLAng">19007.6213333333</dst>
            <dst id="CHINng">59301.8426666667</dst>
            <dst id="DNVRng">5669.61066666667</dst>
            <dst id="HSTNng">2659.30133333333</dst>
            <dst id="IPLSng">15886.264</dst>
            <dst id="KSCYng">2501.704</dst>
            <dst id="LOSAng">3401.37866666667</dst>
            <dst id="NYCMng">20513.7546666667</dst>
            <dst id="SNVAng">22582.688</dst>
            <dst id="STTLng">16597.888</dst>
            <dst id="WASHng">82685.9973333333</dst>
        </src>
        <src id="NYCMng">
            <dst id="ATLA-M5">867.576</dst>
            <dst id="ATLAng">12132.0586666667</dst>
            <dst id="CHINng">28429.6666666667</dst>
            <dst id="DNVRng">25331.4666666667</dst>
            <dst id="HSTNng">12148.4773333333</dst>
            <dst id="IPLSng">16019.5413333333</dst>
            <dst id="KSCYng">5019.83466666667</dst>
            <dst id="LOSAng">50907.6266666667</dst>
            <dst id="NYCMng">159747.229333333</dst>
            <dst id="SNVAng">847.269333333333</dst>
            <dst id="STTLng">30783.4826666667</dst>
            <dst id="WASHng">41077.0986666667</dst>
        </src>
        <src id="SNVAng">
            <dst id="ATLA-M5">0</dst>
            <dst id="ATLAng">460.917333333333</dst>
            <dst id="CHINng">26.6666666666667</dst>
            <dst id="DNVRng">3794.60533333333</dst>
            <dst id="HSTNng">26.6666666666667</dst>
            <dst id="IPLSng">192.392</dst>
            <dst id="KSCYng">0</dst>
            <dst id="LOSAng">27354.7653333333</dst>
            <dst id="NYCMng">0</dst>
            <dst id="SNVAng">7289.44</dst>
            <dst id="STTLng">34794</dst>
            <dst id="WASHng">53.3333333333333</dst>
        </src>
        <src id="STTLng">
            <dst id="ATLA-M5">86.32</dst>
            <dst id="ATLAng">6248.688</dst>
            <dst id="CHINng">13697.3866666667</dst>
            <dst id="DNVRng">1706.472</dst>
            <dst id="HSTNng">1141.01333333333</dst>
            <dst id="IPLSng">7556.616</dst>
            <dst id="KSCYng">4504.47733333333</dst>
            <dst id="LOSAng">7503.472</dst>
            <dst id="NYCMng">15606.1173333333</dst>
            <dst id="SNVAng">8477.32533333333</dst>
            <dst id="STTLng">934.645333333333</dst>
            <dst id="WASHng">7668.84266666667</dst>
        </src>
        <src id="WASHng">
            <dst id="ATLA-M5">26.6666666666667</dst>
            <dst id="ATLAng">49128.2933333333</dst>
            <dst id="CHINng">41027.0853333333</dst>
            <dst id="DNVRng">51104.024</dst>
            <dst id="HSTNng">26269.4346666667</dst>
            <dst id="IPLSng">52861.8506666667</dst>
            <dst id="KSCYng">30243.1546666667</dst>
            <dst id="LOSAng">102367.173333333</dst>
            <dst id="NYCMng">152689.272</dst>
            <dst id="SNVAng">1664.78933333333</dst>
            <dst id="STTLng">27916.1733333333</dst>
            <dst id="WASHng">320669.706666667</dst>
        </src>
    </IntraTM>
</TrafficMatrixFile>
