<?xml version="1.0" encoding="ISO-8859-1" standalone="yes"?>
<TrafficMatrixFile xsi:noNamespaceSchemaLocation="http://totem.run.montefiore.ulg.ac.be/Schema/TrafficMatrix-v1_2.xsd" xmlns:xsi="http://www.w3.org/2001/XMLSchema-instance">
    <IntraTM ASID="11537">
        <src id="ATLA-M5">
            <dst id="ATLA-M5">26.6666666666667</dst>
            <dst id="ATLAng">0</dst>
            <dst id="CHINng">53.3333333333333</dst>
            <dst id="DNVRng">1084.91733333333</dst>
            <dst id="HSTNng">1506.18666666667</dst>
            <dst id="IPLSng">0</dst>
            <dst id="KSCYng">0</dst>
            <dst id="LOSAng">36.1066666666667</dst>
            <dst id="NYCMng">101.173333333333</dst>
            <dst id="SNVAng">0</dst>
            <dst id="STTLng">93.2586666666667</dst>
            <dst id="WASHng">0</dst>
        </src>
        <src id="ATLAng">
            <dst id="ATLA-M5">26.6666666666667</dst>
            <dst id="ATLAng">26586.3066666667</dst>
            <dst id="CHINng">2729.256</dst>
            <dst id="DNVRng">2351.392</dst>
            <dst id="HSTNng">3177.14666666667</dst>
            <dst id="IPLSng">10386.7706666667</dst>
            <dst id="KSCYng">568.634666666667</dst>
            <dst id="LOSAng">13269.0493333333</dst>
            <dst id="NYCMng">2751.06933333333</dst>
            <dst id="SNVAng">1201.06</dst>
            <dst id="STTLng">7057.12533333333</dst>
            <dst id="WASHng">38500.2026666667</dst>
        </src>
        <src id="CHINng">
            <dst id="ATLA-M5">26.6666666666667</dst>
            <dst id="ATLAng">9001.46133333334</dst>
            <dst id="CHINng">40327.8933333333</dst>
            <dst id="DNVRng">10646.064</dst>
            <dst id="HSTNng">14876.6453333333</dst>
            <dst id="IPLSng">25381.992</dst>
            <dst id="KSCYng">2885.048</dst>
            <dst id="LOSAng">28536.4106666667</dst>
            <dst id="NYCMng">23472.168</dst>
            <dst id="SNVAng">145.432</dst>
            <dst id="STTLng">12695.32</dst>
            <dst id="WASHng">5548.56266666667</dst>
        </src>
        <src id="DNVRng">
            <dst id="ATLA-M5">227.68</dst>
            <dst id="ATLAng">1554.44</dst>
            <dst id="CHINng">35453.2853333333</dst>
            <dst id="DNVRng">2837.07733333333</dst>
            <dst id="HSTNng">17667.968</dst>
            <dst id="IPLSng">29568.7973333333</dst>
            <dst id="KSCYng">9100.33066666667</dst>
            <dst id="LOSAng">4033.68533333333</dst>
            <dst id="NYCMng">14206.9946666667</dst>
            <dst id="SNVAng">3224.62933333333</dst>
            <dst id="STTLng">2735.28</dst>
            <dst id="WASHng">35923.6746666667</dst>
        </src>
        <src id="HSTNng">
            <dst id="ATLA-M5">86.464</dst>
            <dst id="ATLAng">648.834666666667</dst>
            <dst id="CHINng">5055.21866666667</dst>
            <dst id="DNVRng">855.290666666667</dst>
            <dst id="HSTNng">17262.8693333333</dst>
            <dst id="IPLSng">749.554666666667</dst>
            <dst id="KSCYng">755.856</dst>
            <dst id="LOSAng">3889.016</dst>
            <dst id="NYCMng">1326.352</dst>
            <dst id="SNVAng">0</dst>
            <dst id="STTLng">670.045333333333</dst>
            <dst id="WASHng">1372.464</dst>
        </src>
        <src id="IPLSng">
            <dst id="ATLA-M5">0</dst>
            <dst id="ATLAng">8000.592</dst>
            <dst id="CHINng">44756.296</dst>
            <dst id="DNVRng">14083.6346666667</dst>
            <dst id="HSTNng">3739.83733333333</dst>
            <dst id="IPLSng">13652.5066666667</dst>
            <dst id="KSCYng">2276.26666666667</dst>
            <dst id="LOSAng">17595.8106666667</dst>
            <dst id="NYCMng">6448.76533333333</dst>
            <dst id="SNVAng">357.512</dst>
            <dst id="STTLng">4065.08</dst>
            <dst id="WASHng">23952.6533333333</dst>
        </src>
        <src id="KSCYng">
            <dst id="ATLA-M5">0</dst>
            <dst id="ATLAng">2156.784</dst>
            <dst id="CHINng">9892.01866666667</dst>
            <dst id="DNVRng">7316.66666666667</dst>
            <dst id="HSTNng">2558.40266666667</dst>
            <dst id="IPLSng">9946.42933333333</dst>
            <dst id="KSCYng">4515.52</dst>
            <dst id="LOSAng">3715.23733333333</dst>
            <dst id="NYCMng">1302.46133333333</dst>
            <dst id="SNVAng">2062.144</dst>
            <dst id="STTLng">513.469333333333</dst>
            <dst id="WASHng">7780.53866666667</dst>
        </src>
        <src id="LOSAng">
            <dst id="ATLA-M5">0</dst>
            <dst id="ATLAng">10235.344</dst>
            <dst id="CHINng">54095.8693333333</dst>
            <dst id="DNVRng">18890.5093333333</dst>
            <dst id="HSTNng">2402.13866666667</dst>
            <dst id="IPLSng">11011.6986666667</dst>
            <dst id="KSCYng">2832.888</dst>
            <dst id="LOSAng">9467.752</dst>
            <dst id="NYCMng">16558.3866666667</dst>
            <dst id="SNVAng">20743.0453333333</dst>
            <dst id="STTLng">21448.152</dst>
            <dst id="WASHng">81848.0533333333</dst>
        </src>
        <src id="NYCMng">
            <dst id="ATLA-M5">0</dst>
            <dst id="ATLAng">5052.10666666667</dst>
            <dst id="CHINng">18537.1226666667</dst>
            <dst id="DNVRng">21784.9973333333</dst>
            <dst id="HSTNng">2335.65066666667</dst>
            <dst id="IPLSng">22753.0666666667</dst>
            <dst id="KSCYng">3641.42666666667</dst>
            <dst id="LOSAng">52790.664</dst>
            <dst id="NYCMng">70704.096</dst>
            <dst id="SNVAng">1847.77333333333</dst>
            <dst id="STTLng">16677.928</dst>
            <dst id="WASHng">49487.0693333333</dst>
        </src>
        <src id="SNVAng">
            <dst id="ATLA-M5">0</dst>
            <dst id="ATLAng">26.6666666666667</dst>
            <dst id="CHINng">26.6666666666667</dst>
            <dst id="DNVRng">2288.792</dst>
            <dst id="HSTNng">0</dst>
            <dst id="IPLSng">169.541333333333</dst>
            <dst id="KSCYng">0</dst>
            <dst id="LOSAng">32490.9973333333</dst>
            <dst id="NYCMng">80</dst>
            <dst id="SNVAng">7222.712</dst>
            <dst id="STTLng">32197.7093333333</dst>
            <dst id="WASHng">0</dst>
        </src>
        <src id="STTLng">
            <dst id="ATLA-M5">105.088</dst>
            <dst id="ATLAng">5061.84</dst>
            <dst id="CHINng">17803.296</dst>
            <dst id="DNVRng">710.930666666667</dst>
            <dst id="HSTNng">188.704</dst>
            <dst id="IPLSng">4282.136</dst>
            <dst id="KSCYng">765.581333333333</dst>
            <dst id="LOSAng">10859.9413333333</dst>
            <dst id="NYCMng">9103.528</dst>
            <dst id="SNVAng">13572.5386666667</dst>
            <dst id="STTLng">1172.016</dst>
            <dst id="WASHng">4910.704</dst>
        </src>
        <src id="WASHng">
            <dst id="ATLA-M5">82.3653333333333</dst>
            <dst id="ATLAng">65105.4506666667</dst>
            <dst id="CHINng">54647.9493333333</dst>
            <dst id="DNVRng">29515.5786666667</dst>
            <dst id="HSTNng">28317.4506666667</dst>
            <dst id="IPLSng">71863.624</dst>
            <dst id="KSCYng">27513.088</dst>
            <dst id="LOSAng">99522.544</dst>
            <dst id="NYCMng">158177.138666667</dst>
            <dst id="SNVAng">1130.928</dst>
            <dst id="STTLng">25772.36</dst>
            <dst id="WASHng">226380.021333333</dst>
        </src>
    </IntraTM>
</TrafficMatrixFile>
