<?xml version="1.0" encoding="ISO-8859-1" standalone="yes"?>
<TrafficMatrixFile xsi:noNamespaceSchemaLocation="http://totem.run.montefiore.ulg.ac.be/Schema/TrafficMatrix-v1_2.xsd" xmlns:xsi="http://www.w3.org/2001/XMLSchema-instance">
    <IntraTM ASID="11537">
        <src id="ATLA-M5">
            <dst id="ATLA-M5">4080.072</dst>
            <dst id="ATLAng">0</dst>
            <dst id="CHINng">448.842666666667</dst>
            <dst id="DNVRng">0</dst>
            <dst id="HSTNng">57.344</dst>
            <dst id="IPLSng">35.3066666666667</dst>
            <dst id="KSCYng">0</dst>
            <dst id="LOSAng">13.3333333333333</dst>
            <dst id="NYCMng">0</dst>
            <dst id="SNVAng">13.3333333333333</dst>
            <dst id="STTLng">446.472</dst>
            <dst id="WASHng">106.666666666667</dst>
        </src>
        <src id="ATLAng">
            <dst id="ATLA-M5">26.6666666666667</dst>
            <dst id="ATLAng">39125.184</dst>
            <dst id="CHINng">14348.9733333333</dst>
            <dst id="DNVRng">2598.54933333333</dst>
            <dst id="HSTNng">14402.1333333333</dst>
            <dst id="IPLSng">11597.4266666667</dst>
            <dst id="KSCYng">819.986666666667</dst>
            <dst id="LOSAng">6433.392</dst>
            <dst id="NYCMng">1586.87733333333</dst>
            <dst id="SNVAng">5658.8</dst>
            <dst id="STTLng">2609.41333333333</dst>
            <dst id="WASHng">28366.1013333333</dst>
        </src>
        <src id="CHINng">
            <dst id="ATLA-M5">0</dst>
            <dst id="ATLAng">15886.5173333333</dst>
            <dst id="CHINng">93018.5253333333</dst>
            <dst id="DNVRng">6338.86133333333</dst>
            <dst id="HSTNng">4225.33066666667</dst>
            <dst id="IPLSng">30583.7013333333</dst>
            <dst id="KSCYng">16914.5546666667</dst>
            <dst id="LOSAng">8703.18666666667</dst>
            <dst id="NYCMng">10365.744</dst>
            <dst id="SNVAng">26079.9093333333</dst>
            <dst id="STTLng">7169.53866666667</dst>
            <dst id="WASHng">16288.424</dst>
        </src>
        <src id="DNVRng">
            <dst id="ATLA-M5">132.541333333333</dst>
            <dst id="ATLAng">3550.40533333333</dst>
            <dst id="CHINng">48968.3066666667</dst>
            <dst id="DNVRng">18418.5226666667</dst>
            <dst id="HSTNng">22871.5813333333</dst>
            <dst id="IPLSng">33944.528</dst>
            <dst id="KSCYng">26344.9866666667</dst>
            <dst id="LOSAng">3394.65066666667</dst>
            <dst id="NYCMng">18236.904</dst>
            <dst id="SNVAng">36064.3173333333</dst>
            <dst id="STTLng">8758.90933333333</dst>
            <dst id="WASHng">48622.48</dst>
        </src>
        <src id="HSTNng">
            <dst id="ATLA-M5">1000.22133333333</dst>
            <dst id="ATLAng">3186.61333333333</dst>
            <dst id="CHINng">13423.4106666667</dst>
            <dst id="DNVRng">1996.32266666667</dst>
            <dst id="HSTNng">20780.4426666667</dst>
            <dst id="IPLSng">960.874666666666</dst>
            <dst id="KSCYng">774.626666666667</dst>
            <dst id="LOSAng">3362.864</dst>
            <dst id="NYCMng">1867.77866666667</dst>
            <dst id="SNVAng">26.6666666666667</dst>
            <dst id="STTLng">1682.56533333333</dst>
            <dst id="WASHng">1565.58933333333</dst>
        </src>
        <src id="IPLSng">
            <dst id="ATLA-M5">2458.95733333333</dst>
            <dst id="ATLAng">5822.26933333333</dst>
            <dst id="CHINng">62352.872</dst>
            <dst id="DNVRng">7646.57866666667</dst>
            <dst id="HSTNng">963.376</dst>
            <dst id="IPLSng">19353.7253333333</dst>
            <dst id="KSCYng">2962.432</dst>
            <dst id="LOSAng">4087.42666666667</dst>
            <dst id="NYCMng">11284.8506666667</dst>
            <dst id="SNVAng">14438.7706666667</dst>
            <dst id="STTLng">8663.696</dst>
            <dst id="WASHng">11039.6853333333</dst>
        </src>
        <src id="KSCYng">
            <dst id="ATLA-M5">0</dst>
            <dst id="ATLAng">2718.94666666667</dst>
            <dst id="CHINng">16705.7653333333</dst>
            <dst id="DNVRng">4676.04266666667</dst>
            <dst id="HSTNng">3220.94133333333</dst>
            <dst id="IPLSng">17497.528</dst>
            <dst id="KSCYng">18608.936</dst>
            <dst id="LOSAng">1772.73866666667</dst>
            <dst id="NYCMng">3126.40266666667</dst>
            <dst id="SNVAng">5089.89866666667</dst>
            <dst id="STTLng">1265.408</dst>
            <dst id="WASHng">6652.94133333333</dst>
        </src>
        <src id="LOSAng">
            <dst id="ATLA-M5">26.6666666666667</dst>
            <dst id="ATLAng">13609.512</dst>
            <dst id="CHINng">98684.6933333333</dst>
            <dst id="DNVRng">11211.0053333333</dst>
            <dst id="HSTNng">3359.136</dst>
            <dst id="IPLSng">9379.13866666667</dst>
            <dst id="KSCYng">3505.45333333333</dst>
            <dst id="LOSAng">24135.4613333333</dst>
            <dst id="NYCMng">23003.9626666667</dst>
            <dst id="SNVAng">24098.0773333333</dst>
            <dst id="STTLng">22170.0346666667</dst>
            <dst id="WASHng">75329.8053333333</dst>
        </src>
        <src id="NYCMng">
            <dst id="ATLA-M5">100.181333333333</dst>
            <dst id="ATLAng">7351.64</dst>
            <dst id="CHINng">27853.656</dst>
            <dst id="DNVRng">22498.7173333333</dst>
            <dst id="HSTNng">4315.344</dst>
            <dst id="IPLSng">7327.70666666667</dst>
            <dst id="KSCYng">3529.90133333333</dst>
            <dst id="LOSAng">10278.464</dst>
            <dst id="NYCMng">86411.4826666666</dst>
            <dst id="SNVAng">49582.2853333333</dst>
            <dst id="STTLng">19533.6533333333</dst>
            <dst id="WASHng">37349.416</dst>
        </src>
        <src id="SNVAng">
            <dst id="ATLA-M5">0</dst>
            <dst id="ATLAng">80</dst>
            <dst id="CHINng">53.3333333333333</dst>
            <dst id="DNVRng">19939.6773333333</dst>
            <dst id="HSTNng">0</dst>
            <dst id="IPLSng">235.52</dst>
            <dst id="KSCYng">0</dst>
            <dst id="LOSAng">1603.152</dst>
            <dst id="NYCMng">26.6666666666667</dst>
            <dst id="SNVAng">35163.1866666667</dst>
            <dst id="STTLng">35894.0853333333</dst>
            <dst id="WASHng">26.6666666666667</dst>
        </src>
        <src id="STTLng">
            <dst id="ATLA-M5">0</dst>
            <dst id="ATLAng">4662.88</dst>
            <dst id="CHINng">15228.536</dst>
            <dst id="DNVRng">3801.46666666667</dst>
            <dst id="HSTNng">2067</dst>
            <dst id="IPLSng">4401.71466666667</dst>
            <dst id="KSCYng">500.416</dst>
            <dst id="LOSAng">4557.95733333333</dst>
            <dst id="NYCMng">10882.7706666667</dst>
            <dst id="SNVAng">20289.8826666667</dst>
            <dst id="STTLng">2583.94666666667</dst>
            <dst id="WASHng">10565.2746666667</dst>
        </src>
        <src id="WASHng">
            <dst id="ATLA-M5">0</dst>
            <dst id="ATLAng">78613.1093333333</dst>
            <dst id="CHINng">83276.6053333333</dst>
            <dst id="DNVRng">29385.992</dst>
            <dst id="HSTNng">40888.352</dst>
            <dst id="IPLSng">28781.264</dst>
            <dst id="KSCYng">27859.6266666667</dst>
            <dst id="LOSAng">75574.2746666667</dst>
            <dst id="NYCMng">109790.218666667</dst>
            <dst id="SNVAng">34963.8266666667</dst>
            <dst id="STTLng">36430.6533333333</dst>
            <dst id="WASHng">342842.106666667</dst>
        </src>
    </IntraTM>
</TrafficMatrixFile>
