<?xml version="1.0" encoding="ISO-8859-1" standalone="yes"?>
<TrafficMatrixFile xsi:noNamespaceSchemaLocation="http://totem.run.montefiore.ulg.ac.be/Schema/TrafficMatrix-v1_2.xsd" xmlns:xsi="http://www.w3.org/2001/XMLSchema-instance">
    <IntraTM ASID="11537">
        <src id="ATLA-M5">
            <dst id="ATLA-M5">108.08</dst>
            <dst id="ATLAng">80</dst>
            <dst id="CHINng">258.962666666667</dst>
            <dst id="DNVRng">0</dst>
            <dst id="HSTNng">97.3466666666667</dst>
            <dst id="IPLSng">0</dst>
            <dst id="KSCYng">0</dst>
            <dst id="LOSAng">26.6666666666667</dst>
            <dst id="NYCMng">26.6666666666667</dst>
            <dst id="SNVAng">0</dst>
            <dst id="STTLng">245.738666666667</dst>
            <dst id="WASHng">2492.344</dst>
        </src>
        <src id="ATLAng">
            <dst id="ATLA-M5">135.594666666667</dst>
            <dst id="ATLAng">27406.1173333333</dst>
            <dst id="CHINng">9415.66933333334</dst>
            <dst id="DNVRng">3595.46666666667</dst>
            <dst id="HSTNng">23082.6026666667</dst>
            <dst id="IPLSng">12911.8026666667</dst>
            <dst id="KSCYng">1441.45333333333</dst>
            <dst id="LOSAng">17820.684</dst>
            <dst id="NYCMng">5774.24</dst>
            <dst id="SNVAng">4876.36133333333</dst>
            <dst id="STTLng">2869.57866666667</dst>
            <dst id="WASHng">25326.3066666667</dst>
        </src>
        <src id="CHINng">
            <dst id="ATLA-M5">851.848</dst>
            <dst id="ATLAng">10244.9413333333</dst>
            <dst id="CHINng">99602.2906666666</dst>
            <dst id="DNVRng">7378.216</dst>
            <dst id="HSTNng">8788.86133333333</dst>
            <dst id="IPLSng">14576.3146666667</dst>
            <dst id="KSCYng">8311.26133333333</dst>
            <dst id="LOSAng">3273.24533333333</dst>
            <dst id="NYCMng">12374.104</dst>
            <dst id="SNVAng">28878.9226666667</dst>
            <dst id="STTLng">6504.73066666667</dst>
            <dst id="WASHng">13153.288</dst>
        </src>
        <src id="DNVRng">
            <dst id="ATLA-M5">26.6666666666667</dst>
            <dst id="ATLAng">5727.13866666667</dst>
            <dst id="CHINng">41769.3066666667</dst>
            <dst id="DNVRng">11608.8773333333</dst>
            <dst id="HSTNng">21439.1946666667</dst>
            <dst id="IPLSng">26154.1466666667</dst>
            <dst id="KSCYng">16418.2213333333</dst>
            <dst id="LOSAng">9187.87466666667</dst>
            <dst id="NYCMng">15146.0986666667</dst>
            <dst id="SNVAng">26169.8613333333</dst>
            <dst id="STTLng">10326.032</dst>
            <dst id="WASHng">37781.3413333333</dst>
        </src>
        <src id="HSTNng">
            <dst id="ATLA-M5">1450.39733333333</dst>
            <dst id="ATLAng">8375.62933333333</dst>
            <dst id="CHINng">13114.4426666667</dst>
            <dst id="DNVRng">1175.80266666667</dst>
            <dst id="HSTNng">12925.4853333333</dst>
            <dst id="IPLSng">1155.73066666667</dst>
            <dst id="KSCYng">2205.264</dst>
            <dst id="LOSAng">7617.952</dst>
            <dst id="NYCMng">2815.904</dst>
            <dst id="SNVAng">0</dst>
            <dst id="STTLng">1118.17066666667</dst>
            <dst id="WASHng">12336.2213333333</dst>
        </src>
        <src id="IPLSng">
            <dst id="ATLA-M5">26.6666666666667</dst>
            <dst id="ATLAng">6678.664</dst>
            <dst id="CHINng">38563.9093333333</dst>
            <dst id="DNVRng">7546.20266666667</dst>
            <dst id="HSTNng">6075.008</dst>
            <dst id="IPLSng">10401.0746666667</dst>
            <dst id="KSCYng">1909.79733333333</dst>
            <dst id="LOSAng">3434.456</dst>
            <dst id="NYCMng">6369.872</dst>
            <dst id="SNVAng">9589.92</dst>
            <dst id="STTLng">20657.9466666667</dst>
            <dst id="WASHng">12516.8586666667</dst>
        </src>
        <src id="KSCYng">
            <dst id="ATLA-M5">53.3333333333333</dst>
            <dst id="ATLAng">3355.22133333333</dst>
            <dst id="CHINng">13468.632</dst>
            <dst id="DNVRng">4889.41333333333</dst>
            <dst id="HSTNng">5156.07733333333</dst>
            <dst id="IPLSng">20128.336</dst>
            <dst id="KSCYng">14536.064</dst>
            <dst id="LOSAng">466.106666666667</dst>
            <dst id="NYCMng">1594.408</dst>
            <dst id="SNVAng">9732.38933333333</dst>
            <dst id="STTLng">1212.26133333333</dst>
            <dst id="WASHng">8726.624</dst>
        </src>
        <src id="LOSAng">
            <dst id="ATLA-M5">33.7386666666667</dst>
            <dst id="ATLAng">10003.3386666667</dst>
            <dst id="CHINng">51769.36</dst>
            <dst id="DNVRng">8770.4</dst>
            <dst id="HSTNng">4333.496</dst>
            <dst id="IPLSng">13462.1546666667</dst>
            <dst id="KSCYng">3838.208</dst>
            <dst id="LOSAng">19626.3653333333</dst>
            <dst id="NYCMng">42208.1573333333</dst>
            <dst id="SNVAng">22577.2426666667</dst>
            <dst id="STTLng">18166.7546666667</dst>
            <dst id="WASHng">83675.3946666667</dst>
        </src>
        <src id="NYCMng">
            <dst id="ATLA-M5">590.504</dst>
            <dst id="ATLAng">20399.9946666667</dst>
            <dst id="CHINng">29562.7226666667</dst>
            <dst id="DNVRng">27912.1733333333</dst>
            <dst id="HSTNng">10607.5546666667</dst>
            <dst id="IPLSng">14077.984</dst>
            <dst id="KSCYng">5878.96</dst>
            <dst id="LOSAng">12790.0506666667</dst>
            <dst id="NYCMng">121683.037333333</dst>
            <dst id="SNVAng">50564.8933333333</dst>
            <dst id="STTLng">31555.0293333333</dst>
            <dst id="WASHng">39715.7146666667</dst>
        </src>
        <src id="SNVAng">
            <dst id="ATLA-M5">0</dst>
            <dst id="ATLAng">705.706666666666</dst>
            <dst id="CHINng">26.6666666666667</dst>
            <dst id="DNVRng">3691.592</dst>
            <dst id="HSTNng">26.6666666666667</dst>
            <dst id="IPLSng">235.336</dst>
            <dst id="KSCYng">26.6666666666667</dst>
            <dst id="LOSAng">1895.80266666667</dst>
            <dst id="NYCMng">26.6666666666667</dst>
            <dst id="SNVAng">37194.1733333333</dst>
            <dst id="STTLng">35551.8613333333</dst>
            <dst id="WASHng">0</dst>
        </src>
        <src id="STTLng">
            <dst id="ATLA-M5">2310.19466666667</dst>
            <dst id="ATLAng">5120.71466666667</dst>
            <dst id="CHINng">18134.2746666667</dst>
            <dst id="DNVRng">5492.85333333333</dst>
            <dst id="HSTNng">4856.352</dst>
            <dst id="IPLSng">7999.15466666667</dst>
            <dst id="KSCYng">3716.36</dst>
            <dst id="LOSAng">5321.42133333333</dst>
            <dst id="NYCMng">15240.9173333333</dst>
            <dst id="SNVAng">31062.4186666667</dst>
            <dst id="STTLng">2277.384</dst>
            <dst id="WASHng">5543.41066666667</dst>
        </src>
        <src id="WASHng">
            <dst id="ATLA-M5">196.034666666667</dst>
            <dst id="ATLAng">67401.2346666667</dst>
            <dst id="CHINng">81502.1466666667</dst>
            <dst id="DNVRng">34236.9386666667</dst>
            <dst id="HSTNng">28611.712</dst>
            <dst id="IPLSng">18079.5893333333</dst>
            <dst id="KSCYng">31140.24</dst>
            <dst id="LOSAng">74746.432</dst>
            <dst id="NYCMng">133903.650666667</dst>
            <dst id="SNVAng">43683.352</dst>
            <dst id="STTLng">29635.0373333333</dst>
            <dst id="WASHng">243021.250666667</dst>
        </src>
    </IntraTM>
</TrafficMatrixFile>
