<?xml version="1.0" encoding="ISO-8859-1" standalone="yes"?>
<TrafficMatrixFile xsi:noNamespaceSchemaLocation="http://totem.run.montefiore.ulg.ac.be/Schema/TrafficMatrix-v1_2.xsd" xmlns:xsi="http://www.w3.org/2001/XMLSchema-instance">
    <IntraTM ASID="11537">
        <src id="ATLA-M5">
            <dst id="ATLA-M5">26.6666666666667</dst>
            <dst id="ATLAng">0</dst>
            <dst id="CHINng">180.106666666667</dst>
            <dst id="DNVRng">26.6666666666667</dst>
            <dst id="HSTNng">35.0693333333333</dst>
            <dst id="IPLSng">26.6666666666667</dst>
            <dst id="KSCYng">0</dst>
            <dst id="LOSAng">0</dst>
            <dst id="NYCMng">142.058666666667</dst>
            <dst id="SNVAng">0</dst>
            <dst id="STTLng">95.2426666666667</dst>
            <dst id="WASHng">94.1173333333333</dst>
        </src>
        <src id="ATLAng">
            <dst id="ATLA-M5">96.632</dst>
            <dst id="ATLAng">50283.9146666667</dst>
            <dst id="CHINng">5242.112</dst>
            <dst id="DNVRng">3212.32</dst>
            <dst id="HSTNng">35556.424</dst>
            <dst id="IPLSng">14198.2346666667</dst>
            <dst id="KSCYng">620.672</dst>
            <dst id="LOSAng">9231.83333333333</dst>
            <dst id="NYCMng">4109.58133333333</dst>
            <dst id="SNVAng">61.052</dst>
            <dst id="STTLng">5741.98933333333</dst>
            <dst id="WASHng">36664.1173333333</dst>
        </src>
        <src id="CHINng">
            <dst id="ATLA-M5">159.437333333333</dst>
            <dst id="ATLAng">6484.40266666667</dst>
            <dst id="CHINng">83641.7973333333</dst>
            <dst id="DNVRng">5061.66133333333</dst>
            <dst id="HSTNng">11175.048</dst>
            <dst id="IPLSng">44885.0693333333</dst>
            <dst id="KSCYng">7238.68266666667</dst>
            <dst id="LOSAng">27604.656</dst>
            <dst id="NYCMng">42635.8906666667</dst>
            <dst id="SNVAng">3663.696</dst>
            <dst id="STTLng">15097.592</dst>
            <dst id="WASHng">41103.3973333333</dst>
        </src>
        <src id="DNVRng">
            <dst id="ATLA-M5">242.24</dst>
            <dst id="ATLAng">2146.61333333333</dst>
            <dst id="CHINng">37438.5333333333</dst>
            <dst id="DNVRng">10748.5173333333</dst>
            <dst id="HSTNng">23440.584</dst>
            <dst id="IPLSng">21871.92</dst>
            <dst id="KSCYng">17154.6026666667</dst>
            <dst id="LOSAng">35937.4746666667</dst>
            <dst id="NYCMng">14099.16</dst>
            <dst id="SNVAng">7525.99733333333</dst>
            <dst id="STTLng">7693.08</dst>
            <dst id="WASHng">37141.4933333333</dst>
        </src>
        <src id="HSTNng">
            <dst id="ATLA-M5">50.5386666666667</dst>
            <dst id="ATLAng">9967.904</dst>
            <dst id="CHINng">16871.3013333333</dst>
            <dst id="DNVRng">1857.912</dst>
            <dst id="HSTNng">13969.7973333333</dst>
            <dst id="IPLSng">2261.432</dst>
            <dst id="KSCYng">859.389333333333</dst>
            <dst id="LOSAng">802.261333333333</dst>
            <dst id="NYCMng">1668.58933333333</dst>
            <dst id="SNVAng">53.3333333333333</dst>
            <dst id="STTLng">1222.67733333333</dst>
            <dst id="WASHng">3489.23466666667</dst>
        </src>
        <src id="IPLSng">
            <dst id="ATLA-M5">29.496</dst>
            <dst id="ATLAng">12307.5386666667</dst>
            <dst id="CHINng">58705.912</dst>
            <dst id="DNVRng">9424.00533333333</dst>
            <dst id="HSTNng">3287.30666666667</dst>
            <dst id="IPLSng">11820.144</dst>
            <dst id="KSCYng">29966.0106666667</dst>
            <dst id="LOSAng">24753.32</dst>
            <dst id="NYCMng">6197.53066666667</dst>
            <dst id="SNVAng">697.269333333334</dst>
            <dst id="STTLng">11734.9866666667</dst>
            <dst id="WASHng">14099.768</dst>
        </src>
        <src id="KSCYng">
            <dst id="ATLA-M5">0</dst>
            <dst id="ATLAng">3815.92266666667</dst>
            <dst id="CHINng">21639.0133333333</dst>
            <dst id="DNVRng">5753.136</dst>
            <dst id="HSTNng">2912.32</dst>
            <dst id="IPLSng">10623.064</dst>
            <dst id="KSCYng">7028.864</dst>
            <dst id="LOSAng">4000.56533333333</dst>
            <dst id="NYCMng">1236.792</dst>
            <dst id="SNVAng">2151.49866666667</dst>
            <dst id="STTLng">2987.01066666667</dst>
            <dst id="WASHng">15178.1866666667</dst>
        </src>
        <src id="LOSAng">
            <dst id="ATLA-M5">324.674666666667</dst>
            <dst id="ATLAng">44396.6906666666</dst>
            <dst id="CHINng">59199.792</dst>
            <dst id="DNVRng">6817.176</dst>
            <dst id="HSTNng">2512.91733333333</dst>
            <dst id="IPLSng">15712.248</dst>
            <dst id="KSCYng">3383.48533333333</dst>
            <dst id="LOSAng">8102.46133333333</dst>
            <dst id="NYCMng">19454.9066666667</dst>
            <dst id="SNVAng">20412.4373333333</dst>
            <dst id="STTLng">22300.112</dst>
            <dst id="WASHng">86148.7813333333</dst>
        </src>
        <src id="NYCMng">
            <dst id="ATLA-M5">984.493333333333</dst>
            <dst id="ATLAng">15448.84</dst>
            <dst id="CHINng">35369.0373333333</dst>
            <dst id="DNVRng">21233.472</dst>
            <dst id="HSTNng">5769.81866666667</dst>
            <dst id="IPLSng">21323.184</dst>
            <dst id="KSCYng">4191.90666666667</dst>
            <dst id="LOSAng">53519.5146666667</dst>
            <dst id="NYCMng">142669.570666667</dst>
            <dst id="SNVAng">596.896</dst>
            <dst id="STTLng">23034.3546666667</dst>
            <dst id="WASHng">44764.8853333333</dst>
        </src>
        <src id="SNVAng">
            <dst id="ATLA-M5">0</dst>
            <dst id="ATLAng">55.6373333333333</dst>
            <dst id="CHINng">80</dst>
            <dst id="DNVRng">4337.96</dst>
            <dst id="HSTNng">26.6666666666667</dst>
            <dst id="IPLSng">3896.768</dst>
            <dst id="KSCYng">0</dst>
            <dst id="LOSAng">36348.744</dst>
            <dst id="NYCMng">53.3333333333333</dst>
            <dst id="SNVAng">6881.768</dst>
            <dst id="STTLng">34732.4346666667</dst>
            <dst id="WASHng">53.3333333333333</dst>
        </src>
        <src id="STTLng">
            <dst id="ATLA-M5">106.464</dst>
            <dst id="ATLAng">7607.05333333333</dst>
            <dst id="CHINng">17661.4586666667</dst>
            <dst id="DNVRng">1347.52266666667</dst>
            <dst id="HSTNng">1220.33333333333</dst>
            <dst id="IPLSng">5287.91733333333</dst>
            <dst id="KSCYng">3390.41866666667</dst>
            <dst id="LOSAng">14945.064</dst>
            <dst id="NYCMng">10613.16</dst>
            <dst id="SNVAng">8326.784</dst>
            <dst id="STTLng">1227.89866666667</dst>
            <dst id="WASHng">7104.456</dst>
        </src>
        <src id="WASHng">
            <dst id="ATLA-M5">94.6666666666667</dst>
            <dst id="ATLAng">54562.3466666667</dst>
            <dst id="CHINng">69875.2026666667</dst>
            <dst id="DNVRng">61692.3013333333</dst>
            <dst id="HSTNng">16458.5786666667</dst>
            <dst id="IPLSng">53486.12</dst>
            <dst id="KSCYng">31116.792</dst>
            <dst id="LOSAng">113670.429333333</dst>
            <dst id="NYCMng">212383.8</dst>
            <dst id="SNVAng">1003.496</dst>
            <dst id="STTLng">28269.624</dst>
            <dst id="WASHng">201456.322666667</dst>
        </src>
    </IntraTM>
</TrafficMatrixFile>
