<?xml version="1.0" encoding="ISO-8859-1" standalone="yes"?>
<TrafficMatrixFile xsi:noNamespaceSchemaLocation="http://totem.run.montefiore.ulg.ac.be/Schema/TrafficMatrix-v1_2.xsd" xmlns:xsi="http://www.w3.org/2001/XMLSchema-instance">
    <IntraTM ASID="11537">
        <src id="ATLA-M5">
            <dst id="ATLA-M5">26.6666666666667</dst>
            <dst id="ATLAng">0</dst>
            <dst id="CHINng">3395.456</dst>
            <dst id="DNVRng">0</dst>
            <dst id="HSTNng">0</dst>
            <dst id="IPLSng">0</dst>
            <dst id="KSCYng">0</dst>
            <dst id="LOSAng">26.6666666666667</dst>
            <dst id="NYCMng">26.6666666666667</dst>
            <dst id="SNVAng">0</dst>
            <dst id="STTLng">129.573333333333</dst>
            <dst id="WASHng">186.666666666667</dst>
        </src>
        <src id="ATLAng">
            <dst id="ATLA-M5">52.632</dst>
            <dst id="ATLAng">25920.5466666667</dst>
            <dst id="CHINng">4340.33866666667</dst>
            <dst id="DNVRng">3317.208</dst>
            <dst id="HSTNng">30673.7253333333</dst>
            <dst id="IPLSng">12621.7066666667</dst>
            <dst id="KSCYng">2593.74666666667</dst>
            <dst id="LOSAng">16444.3306666667</dst>
            <dst id="NYCMng">5207.53066666667</dst>
            <dst id="SNVAng">67.1146666666667</dst>
            <dst id="STTLng">4029.496</dst>
            <dst id="WASHng">33152.8506666667</dst>
        </src>
        <src id="CHINng">
            <dst id="ATLA-M5">160.725333333333</dst>
            <dst id="ATLAng">9343.096</dst>
            <dst id="CHINng">91546.392</dst>
            <dst id="DNVRng">8697.304</dst>
            <dst id="HSTNng">13721.576</dst>
            <dst id="IPLSng">44066.8</dst>
            <dst id="KSCYng">7585.824</dst>
            <dst id="LOSAng">30826.536</dst>
            <dst id="NYCMng">22949.9626666667</dst>
            <dst id="SNVAng">893.218666666667</dst>
            <dst id="STTLng">7484.50933333333</dst>
            <dst id="WASHng">8189.648</dst>
        </src>
        <src id="DNVRng">
            <dst id="ATLA-M5">221.6</dst>
            <dst id="ATLAng">5973.86133333333</dst>
            <dst id="CHINng">34564.912</dst>
            <dst id="DNVRng">6595.768</dst>
            <dst id="HSTNng">21766.168</dst>
            <dst id="IPLSng">28381.4586666667</dst>
            <dst id="KSCYng">14843.856</dst>
            <dst id="LOSAng">5656.50133333333</dst>
            <dst id="NYCMng">13923.8746666667</dst>
            <dst id="SNVAng">5634.65866666667</dst>
            <dst id="STTLng">3283.16266666667</dst>
            <dst id="WASHng">36420.032</dst>
        </src>
        <src id="HSTNng">
            <dst id="ATLA-M5">48.5013333333333</dst>
            <dst id="ATLAng">13006.6986666667</dst>
            <dst id="CHINng">14764.1413333333</dst>
            <dst id="DNVRng">7067.99733333333</dst>
            <dst id="HSTNng">17989.0773333333</dst>
            <dst id="IPLSng">2274.464</dst>
            <dst id="KSCYng">708.088</dst>
            <dst id="LOSAng">1480.45866666667</dst>
            <dst id="NYCMng">1496.69866666667</dst>
            <dst id="SNVAng">26.6666666666667</dst>
            <dst id="STTLng">682.221333333333</dst>
            <dst id="WASHng">6636.64533333333</dst>
        </src>
        <src id="IPLSng">
            <dst id="ATLA-M5">26.6666666666667</dst>
            <dst id="ATLAng">17213.5306666667</dst>
            <dst id="CHINng">36980.2426666667</dst>
            <dst id="DNVRng">5622.78666666667</dst>
            <dst id="HSTNng">2654.81066666667</dst>
            <dst id="IPLSng">10106.32</dst>
            <dst id="KSCYng">2376.952</dst>
            <dst id="LOSAng">14843.52</dst>
            <dst id="NYCMng">6106.05333333333</dst>
            <dst id="SNVAng">306.850666666667</dst>
            <dst id="STTLng">6432.80266666667</dst>
            <dst id="WASHng">12752.6133333333</dst>
        </src>
        <src id="KSCYng">
            <dst id="ATLA-M5">26.6666666666667</dst>
            <dst id="ATLAng">8804.77333333333</dst>
            <dst id="CHINng">8577.30666666667</dst>
            <dst id="DNVRng">4335.808</dst>
            <dst id="HSTNng">3121.25866666667</dst>
            <dst id="IPLSng">26592.656</dst>
            <dst id="KSCYng">10528.7013333333</dst>
            <dst id="LOSAng">2577.22933333333</dst>
            <dst id="NYCMng">2331.08</dst>
            <dst id="SNVAng">1767.03733333333</dst>
            <dst id="STTLng">605.218666666667</dst>
            <dst id="WASHng">17712.152</dst>
        </src>
        <src id="LOSAng">
            <dst id="ATLA-M5">844.144</dst>
            <dst id="ATLAng">11272.7386666667</dst>
            <dst id="CHINng">52479.8213333333</dst>
            <dst id="DNVRng">6848.04533333333</dst>
            <dst id="HSTNng">3290.26133333333</dst>
            <dst id="IPLSng">12734.2613333333</dst>
            <dst id="KSCYng">2314.86133333333</dst>
            <dst id="LOSAng">7639.416</dst>
            <dst id="NYCMng">21635.88</dst>
            <dst id="SNVAng">20135.4693333333</dst>
            <dst id="STTLng">18941.1706666667</dst>
            <dst id="WASHng">79369.92</dst>
        </src>
        <src id="NYCMng">
            <dst id="ATLA-M5">368.456</dst>
            <dst id="ATLAng">12713.328</dst>
            <dst id="CHINng">19169.568</dst>
            <dst id="DNVRng">21125.96</dst>
            <dst id="HSTNng">3334.74133333333</dst>
            <dst id="IPLSng">10180.352</dst>
            <dst id="KSCYng">3124.77866666667</dst>
            <dst id="LOSAng">50048.3306666667</dst>
            <dst id="NYCMng">72049.6053333333</dst>
            <dst id="SNVAng">292.184</dst>
            <dst id="STTLng">24762.0266666667</dst>
            <dst id="WASHng">38730.4533333333</dst>
        </src>
        <src id="SNVAng">
            <dst id="ATLA-M5">0</dst>
            <dst id="ATLAng">0</dst>
            <dst id="CHINng">0</dst>
            <dst id="DNVRng">13112.296</dst>
            <dst id="HSTNng">26.6666666666667</dst>
            <dst id="IPLSng">261.250666666667</dst>
            <dst id="KSCYng">26.6666666666667</dst>
            <dst id="LOSAng">30082.736</dst>
            <dst id="NYCMng">0</dst>
            <dst id="SNVAng">7112.488</dst>
            <dst id="STTLng">34108.2933333333</dst>
            <dst id="WASHng">26.6666666666667</dst>
        </src>
        <src id="STTLng">
            <dst id="ATLA-M5">215.328</dst>
            <dst id="ATLAng">6406.89866666667</dst>
            <dst id="CHINng">16739.488</dst>
            <dst id="DNVRng">949.274666666667</dst>
            <dst id="HSTNng">1975.79466666667</dst>
            <dst id="IPLSng">4110.82133333333</dst>
            <dst id="KSCYng">1768.20266666667</dst>
            <dst id="LOSAng">6872.94933333333</dst>
            <dst id="NYCMng">6916.736</dst>
            <dst id="SNVAng">10162.5306666667</dst>
            <dst id="STTLng">1131.2</dst>
            <dst id="WASHng">4682.264</dst>
        </src>
        <src id="WASHng">
            <dst id="ATLA-M5">504.608</dst>
            <dst id="ATLAng">54403.48</dst>
            <dst id="CHINng">64310.9573333334</dst>
            <dst id="DNVRng">55819.8346666667</dst>
            <dst id="HSTNng">19928.5733333333</dst>
            <dst id="IPLSng">51084.6053333333</dst>
            <dst id="KSCYng">35230.4853333333</dst>
            <dst id="LOSAng">98234.6853333333</dst>
            <dst id="NYCMng">195644.781333333</dst>
            <dst id="SNVAng">506.130666666667</dst>
            <dst id="STTLng">28260.4746666667</dst>
            <dst id="WASHng">233905.994666667</dst>
        </src>
    </IntraTM>
</TrafficMatrixFile>
