<?xml version="1.0" encoding="ISO-8859-1" standalone="yes"?>
<TrafficMatrixFile xsi:noNamespaceSchemaLocation="http://totem.run.montefiore.ulg.ac.be/Schema/TrafficMatrix-v1_2.xsd" xmlns:xsi="http://www.w3.org/2001/XMLSchema-instance">
    <IntraTM ASID="11537">
        <src id="ATLA-M5">
            <dst id="ATLA-M5">0</dst>
            <dst id="ATLAng">26.6666666666667</dst>
            <dst id="CHINng">136.341333333333</dst>
            <dst id="DNVRng">0</dst>
            <dst id="HSTNng">85.5546666666667</dst>
            <dst id="IPLSng">0</dst>
            <dst id="KSCYng">0</dst>
            <dst id="LOSAng">0</dst>
            <dst id="NYCMng">146.570666666667</dst>
            <dst id="SNVAng">0</dst>
            <dst id="STTLng">395.232</dst>
            <dst id="WASHng">243.224</dst>
        </src>
        <src id="ATLAng">
            <dst id="ATLA-M5">26.6666666666667</dst>
            <dst id="ATLAng">46254.3466666667</dst>
            <dst id="CHINng">12783.2586666667</dst>
            <dst id="DNVRng">2857.02933333333</dst>
            <dst id="HSTNng">24044.8666666667</dst>
            <dst id="IPLSng">8924.26133333333</dst>
            <dst id="KSCYng">1735.384</dst>
            <dst id="LOSAng">10286.4986666667</dst>
            <dst id="NYCMng">2694.24533333333</dst>
            <dst id="SNVAng">8593.424</dst>
            <dst id="STTLng">1877.44</dst>
            <dst id="WASHng">21318.2693333333</dst>
        </src>
        <src id="CHINng">
            <dst id="ATLA-M5">80.872</dst>
            <dst id="ATLAng">12519.2213333333</dst>
            <dst id="CHINng">93737.2373333333</dst>
            <dst id="DNVRng">6241.06133333333</dst>
            <dst id="HSTNng">6072.008</dst>
            <dst id="IPLSng">42331.7733333333</dst>
            <dst id="KSCYng">7979.576</dst>
            <dst id="LOSAng">7909.82933333333</dst>
            <dst id="NYCMng">10294.1066666667</dst>
            <dst id="SNVAng">29148.848</dst>
            <dst id="STTLng">7065.432</dst>
            <dst id="WASHng">17804.2186666667</dst>
        </src>
        <src id="DNVRng">
            <dst id="ATLA-M5">190.122666666667</dst>
            <dst id="ATLAng">3071.46666666667</dst>
            <dst id="CHINng">39743.888</dst>
            <dst id="DNVRng">9877.33866666667</dst>
            <dst id="HSTNng">23980.6213333333</dst>
            <dst id="IPLSng">31523.4053333333</dst>
            <dst id="KSCYng">16260.9066666667</dst>
            <dst id="LOSAng">6007.712</dst>
            <dst id="NYCMng">17012.7146666667</dst>
            <dst id="SNVAng">19840.9013333333</dst>
            <dst id="STTLng">7072.78133333333</dst>
            <dst id="WASHng">43130.7653333333</dst>
        </src>
        <src id="HSTNng">
            <dst id="ATLA-M5">2180.81866666667</dst>
            <dst id="ATLAng">1155.23733333333</dst>
            <dst id="CHINng">14423.0346666667</dst>
            <dst id="DNVRng">1773.33066666667</dst>
            <dst id="HSTNng">14336.6453333333</dst>
            <dst id="IPLSng">810.136</dst>
            <dst id="KSCYng">699.328</dst>
            <dst id="LOSAng">6931.80533333333</dst>
            <dst id="NYCMng">1108.49333333333</dst>
            <dst id="SNVAng">0</dst>
            <dst id="STTLng">517.44</dst>
            <dst id="WASHng">3029.512</dst>
        </src>
        <src id="IPLSng">
            <dst id="ATLA-M5">102.890666666667</dst>
            <dst id="ATLAng">6318.69866666667</dst>
            <dst id="CHINng">48743.048</dst>
            <dst id="DNVRng">6579.23466666667</dst>
            <dst id="HSTNng">441.104</dst>
            <dst id="IPLSng">2026.22933333333</dst>
            <dst id="KSCYng">2941.06666666667</dst>
            <dst id="LOSAng">5093.47733333333</dst>
            <dst id="NYCMng">7697.2</dst>
            <dst id="SNVAng">9868.20266666667</dst>
            <dst id="STTLng">14323.3173333333</dst>
            <dst id="WASHng">10510.992</dst>
        </src>
        <src id="KSCYng">
            <dst id="ATLA-M5">0</dst>
            <dst id="ATLAng">2922.15733333333</dst>
            <dst id="CHINng">9114.31733333333</dst>
            <dst id="DNVRng">4905.89066666667</dst>
            <dst id="HSTNng">3103.30133333333</dst>
            <dst id="IPLSng">11722.224</dst>
            <dst id="KSCYng">10725.0186666667</dst>
            <dst id="LOSAng">1817.24533333333</dst>
            <dst id="NYCMng">1412.25066666667</dst>
            <dst id="SNVAng">5778.448</dst>
            <dst id="STTLng">567.44</dst>
            <dst id="WASHng">5829.15733333333</dst>
        </src>
        <src id="LOSAng">
            <dst id="ATLA-M5">26.6666666666667</dst>
            <dst id="ATLAng">9896.432</dst>
            <dst id="CHINng">69381.64</dst>
            <dst id="DNVRng">12068.6213333333</dst>
            <dst id="HSTNng">1901.496</dst>
            <dst id="IPLSng">5901.08</dst>
            <dst id="KSCYng">3517.17866666667</dst>
            <dst id="LOSAng">28081.0773333333</dst>
            <dst id="NYCMng">24195.7386666667</dst>
            <dst id="SNVAng">23240.4293333333</dst>
            <dst id="STTLng">30215.0293333333</dst>
            <dst id="WASHng">77974.8453333333</dst>
        </src>
        <src id="NYCMng">
            <dst id="ATLA-M5">0</dst>
            <dst id="ATLAng">6996.71466666667</dst>
            <dst id="CHINng">25855.848</dst>
            <dst id="DNVRng">24928.2533333333</dst>
            <dst id="HSTNng">7030.06666666667</dst>
            <dst id="IPLSng">7972.92</dst>
            <dst id="KSCYng">2596.608</dst>
            <dst id="LOSAng">6464.672</dst>
            <dst id="NYCMng">95843.4373333333</dst>
            <dst id="SNVAng">42252.3173333333</dst>
            <dst id="STTLng">27894.1706666667</dst>
            <dst id="WASHng">61339.24</dst>
        </src>
        <src id="SNVAng">
            <dst id="ATLA-M5">0</dst>
            <dst id="ATLAng">26.6666666666667</dst>
            <dst id="CHINng">71.552</dst>
            <dst id="DNVRng">13932.176</dst>
            <dst id="HSTNng">0</dst>
            <dst id="IPLSng">142.048</dst>
            <dst id="KSCYng">26.6666666666667</dst>
            <dst id="LOSAng">1799.18666666667</dst>
            <dst id="NYCMng">40.28</dst>
            <dst id="SNVAng">25787.992</dst>
            <dst id="STTLng">35935.6693333333</dst>
            <dst id="WASHng">26.6666666666667</dst>
        </src>
        <src id="STTLng">
            <dst id="ATLA-M5">0</dst>
            <dst id="ATLAng">4432.33333333333</dst>
            <dst id="CHINng">14630.816</dst>
            <dst id="DNVRng">4284.03733333333</dst>
            <dst id="HSTNng">1939.272</dst>
            <dst id="IPLSng">10385.008</dst>
            <dst id="KSCYng">1211.55733333333</dst>
            <dst id="LOSAng">7174.832</dst>
            <dst id="NYCMng">12215.0426666667</dst>
            <dst id="SNVAng">21408.6986666667</dst>
            <dst id="STTLng">1933.80533333333</dst>
            <dst id="WASHng">5285.37866666667</dst>
        </src>
        <src id="WASHng">
            <dst id="ATLA-M5">252.144</dst>
            <dst id="ATLAng">79467.5093333333</dst>
            <dst id="CHINng">95662.1946666667</dst>
            <dst id="DNVRng">21771.4</dst>
            <dst id="HSTNng">27392.7786666667</dst>
            <dst id="IPLSng">28727.352</dst>
            <dst id="KSCYng">29804.3093333333</dst>
            <dst id="LOSAng">70977.9653333333</dst>
            <dst id="NYCMng">120414.104</dst>
            <dst id="SNVAng">50020.9413333333</dst>
            <dst id="STTLng">30705.1626666667</dst>
            <dst id="WASHng">191923.837333333</dst>
        </src>
    </IntraTM>
</TrafficMatrixFile>
