<?xml version="1.0" encoding="ISO-8859-1" standalone="yes"?>
<TrafficMatrixFile xsi:noNamespaceSchemaLocation="http://totem.run.montefiore.ulg.ac.be/Schema/TrafficMatrix-v1_2.xsd" xmlns:xsi="http://www.w3.org/2001/XMLSchema-instance">
    <IntraTM ASID="11537">
        <src id="ATLA-M5">
            <dst id="ATLA-M5">0</dst>
            <dst id="ATLAng">0</dst>
            <dst id="CHINng">26.6666666666667</dst>
            <dst id="DNVRng">0</dst>
            <dst id="HSTNng">30.9413333333333</dst>
            <dst id="IPLSng">44.608</dst>
            <dst id="KSCYng">0</dst>
            <dst id="LOSAng">0</dst>
            <dst id="NYCMng">186.525333333333</dst>
            <dst id="SNVAng">0</dst>
            <dst id="STTLng">110.165333333333</dst>
            <dst id="WASHng">1525.688</dst>
        </src>
        <src id="ATLAng">
            <dst id="ATLA-M5">87.568</dst>
            <dst id="ATLAng">26701.1626666667</dst>
            <dst id="CHINng">6186.25333333333</dst>
            <dst id="DNVRng">3784.97333333333</dst>
            <dst id="HSTNng">32858.4826666667</dst>
            <dst id="IPLSng">13364.8693333333</dst>
            <dst id="KSCYng">644.717333333333</dst>
            <dst id="LOSAng">6842.95333333333</dst>
            <dst id="NYCMng">5961.12533333333</dst>
            <dst id="SNVAng">5524.52133333333</dst>
            <dst id="STTLng">2093.352</dst>
            <dst id="WASHng">26275.376</dst>
        </src>
        <src id="CHINng">
            <dst id="ATLA-M5">0</dst>
            <dst id="ATLAng">16493.7733333333</dst>
            <dst id="CHINng">62655.7946666667</dst>
            <dst id="DNVRng">6113.808</dst>
            <dst id="HSTNng">7490.85866666667</dst>
            <dst id="IPLSng">17059.7866666667</dst>
            <dst id="KSCYng">5419.97866666667</dst>
            <dst id="LOSAng">2746.60266666667</dst>
            <dst id="NYCMng">10017.2746666667</dst>
            <dst id="SNVAng">35338.4133333333</dst>
            <dst id="STTLng">6530.392</dst>
            <dst id="WASHng">20178.6906666667</dst>
        </src>
        <src id="DNVRng">
            <dst id="ATLA-M5">98.0506666666667</dst>
            <dst id="ATLAng">6063.44533333333</dst>
            <dst id="CHINng">36493.4533333333</dst>
            <dst id="DNVRng">3254.82933333333</dst>
            <dst id="HSTNng">22609.0666666667</dst>
            <dst id="IPLSng">24339.9946666667</dst>
            <dst id="KSCYng">10705.2213333333</dst>
            <dst id="LOSAng">646.890666666667</dst>
            <dst id="NYCMng">14334.1973333333</dst>
            <dst id="SNVAng">16285.4026666667</dst>
            <dst id="STTLng">4526.65866666667</dst>
            <dst id="WASHng">35354.4373333333</dst>
        </src>
        <src id="HSTNng">
            <dst id="ATLA-M5">1886.14933333333</dst>
            <dst id="ATLAng">2712.38666666667</dst>
            <dst id="CHINng">8684.29066666667</dst>
            <dst id="DNVRng">2539.72266666667</dst>
            <dst id="HSTNng">15334.832</dst>
            <dst id="IPLSng">1781.02666666667</dst>
            <dst id="KSCYng">1253.46133333333</dst>
            <dst id="LOSAng">3427.96266666667</dst>
            <dst id="NYCMng">4377.008</dst>
            <dst id="SNVAng">103.829333333333</dst>
            <dst id="STTLng">1293.52533333333</dst>
            <dst id="WASHng">5273.024</dst>
        </src>
        <src id="IPLSng">
            <dst id="ATLA-M5">2386.01333333333</dst>
            <dst id="ATLAng">6775.89866666667</dst>
            <dst id="CHINng">36923.4426666667</dst>
            <dst id="DNVRng">5731.49333333333</dst>
            <dst id="HSTNng">2451.17066666667</dst>
            <dst id="IPLSng">9052.89333333333</dst>
            <dst id="KSCYng">3626.50933333333</dst>
            <dst id="LOSAng">3853.456</dst>
            <dst id="NYCMng">15220.2426666667</dst>
            <dst id="SNVAng">9000.88266666667</dst>
            <dst id="STTLng">8595.57866666667</dst>
            <dst id="WASHng">30483.6746666667</dst>
        </src>
        <src id="KSCYng">
            <dst id="ATLA-M5">0</dst>
            <dst id="ATLAng">3252.49066666667</dst>
            <dst id="CHINng">14334.7013333333</dst>
            <dst id="DNVRng">5244.064</dst>
            <dst id="HSTNng">3934.824</dst>
            <dst id="IPLSng">10901.1813333333</dst>
            <dst id="KSCYng">5397.984</dst>
            <dst id="LOSAng">487.464</dst>
            <dst id="NYCMng">2529.20266666667</dst>
            <dst id="SNVAng">8219.784</dst>
            <dst id="STTLng">3204.38933333333</dst>
            <dst id="WASHng">10079.392</dst>
        </src>
        <src id="LOSAng">
            <dst id="ATLA-M5">0</dst>
            <dst id="ATLAng">19776.4133333333</dst>
            <dst id="CHINng">40862.9866666667</dst>
            <dst id="DNVRng">8833.12533333333</dst>
            <dst id="HSTNng">5261.504</dst>
            <dst id="IPLSng">18054.4906666667</dst>
            <dst id="KSCYng">2731.688</dst>
            <dst id="LOSAng">16783.4186666667</dst>
            <dst id="NYCMng">49635.688</dst>
            <dst id="SNVAng">22460.336</dst>
            <dst id="STTLng">27847.4</dst>
            <dst id="WASHng">84956.8826666667</dst>
        </src>
        <src id="NYCMng">
            <dst id="ATLA-M5">1658.52266666667</dst>
            <dst id="ATLAng">20769.1466666667</dst>
            <dst id="CHINng">25811.7653333333</dst>
            <dst id="DNVRng">23196.7093333333</dst>
            <dst id="HSTNng">12353.1626666667</dst>
            <dst id="IPLSng">29514.0266666667</dst>
            <dst id="KSCYng">6690.968</dst>
            <dst id="LOSAng">7547.64</dst>
            <dst id="NYCMng">89000.1466666667</dst>
            <dst id="SNVAng">56946.128</dst>
            <dst id="STTLng">29163.7413333333</dst>
            <dst id="WASHng">65693.6026666667</dst>
        </src>
        <src id="SNVAng">
            <dst id="ATLA-M5">0</dst>
            <dst id="ATLAng">0</dst>
            <dst id="CHINng">136.554666666667</dst>
            <dst id="DNVRng">311.085333333333</dst>
            <dst id="HSTNng">0</dst>
            <dst id="IPLSng">215.882666666667</dst>
            <dst id="KSCYng">0</dst>
            <dst id="LOSAng">1564.32533333333</dst>
            <dst id="NYCMng">80</dst>
            <dst id="SNVAng">37158.72</dst>
            <dst id="STTLng">33767.872</dst>
            <dst id="WASHng">26.7626666666667</dst>
        </src>
        <src id="STTLng">
            <dst id="ATLA-M5">5661.44533333333</dst>
            <dst id="ATLAng">5761.856</dst>
            <dst id="CHINng">14963.304</dst>
            <dst id="DNVRng">4812.89066666667</dst>
            <dst id="HSTNng">1656.61866666667</dst>
            <dst id="IPLSng">6731.74133333333</dst>
            <dst id="KSCYng">1771.08533333333</dst>
            <dst id="LOSAng">4130.192</dst>
            <dst id="NYCMng">17234.112</dst>
            <dst id="SNVAng">15896.512</dst>
            <dst id="STTLng">854.845333333333</dst>
            <dst id="WASHng">4501.55733333333</dst>
        </src>
        <src id="WASHng">
            <dst id="ATLA-M5">310.672</dst>
            <dst id="ATLAng">125074.226666667</dst>
            <dst id="CHINng">55616.8346666667</dst>
            <dst id="DNVRng">28463.0986666667</dst>
            <dst id="HSTNng">22010.1546666667</dst>
            <dst id="IPLSng">26011.1893333333</dst>
            <dst id="KSCYng">30105.8853333333</dst>
            <dst id="LOSAng">66570.384</dst>
            <dst id="NYCMng">109642.032</dst>
            <dst id="SNVAng">51495.4826666667</dst>
            <dst id="STTLng">30935.8026666667</dst>
            <dst id="WASHng">237762.496</dst>
        </src>
    </IntraTM>
</TrafficMatrixFile>
