<?xml version="1.0" encoding="ISO-8859-1" standalone="yes"?>
<TrafficMatrixFile xsi:noNamespaceSchemaLocation="http://totem.run.montefiore.ulg.ac.be/Schema/TrafficMatrix-v1_2.xsd" xmlns:xsi="http://www.w3.org/2001/XMLSchema-instance">
    <IntraTM ASID="11537">
        <src id="ATLA-M5">
            <dst id="ATLA-M5">26.6666666666667</dst>
            <dst id="ATLAng">26.6666666666667</dst>
            <dst id="CHINng">128.157333333333</dst>
            <dst id="DNVRng">44.792</dst>
            <dst id="HSTNng">95.0853333333334</dst>
            <dst id="IPLSng">53.3333333333333</dst>
            <dst id="KSCYng">0</dst>
            <dst id="LOSAng">29.088</dst>
            <dst id="NYCMng">0</dst>
            <dst id="SNVAng">0</dst>
            <dst id="STTLng">112.544</dst>
            <dst id="WASHng">211.008</dst>
        </src>
        <src id="ATLAng">
            <dst id="ATLA-M5">55.632</dst>
            <dst id="ATLAng">22232.6773333333</dst>
            <dst id="CHINng">9682.93866666667</dst>
            <dst id="DNVRng">3416.97866666667</dst>
            <dst id="HSTNng">30800.0426666667</dst>
            <dst id="IPLSng">19118.2533333333</dst>
            <dst id="KSCYng">462.76</dst>
            <dst id="LOSAng">12538.3573333333</dst>
            <dst id="NYCMng">1864.13866666667</dst>
            <dst id="SNVAng">67.576</dst>
            <dst id="STTLng">4083.93333333333</dst>
            <dst id="WASHng">33430.3173333333</dst>
        </src>
        <src id="CHINng">
            <dst id="ATLA-M5">464.234666666667</dst>
            <dst id="ATLAng">20817.6373333333</dst>
            <dst id="CHINng">90794.7626666667</dst>
            <dst id="DNVRng">36567.9093333333</dst>
            <dst id="HSTNng">7900.12266666667</dst>
            <dst id="IPLSng">23714.8266666667</dst>
            <dst id="KSCYng">7485.352</dst>
            <dst id="LOSAng">27186.7546666667</dst>
            <dst id="NYCMng">8671.624</dst>
            <dst id="SNVAng">2712.41066666667</dst>
            <dst id="STTLng">7669.79466666666</dst>
            <dst id="WASHng">16464.864</dst>
        </src>
        <src id="DNVRng">
            <dst id="ATLA-M5">190.88</dst>
            <dst id="ATLAng">5390.288</dst>
            <dst id="CHINng">129380.229333333</dst>
            <dst id="DNVRng">4674.968</dst>
            <dst id="HSTNng">16737.416</dst>
            <dst id="IPLSng">25381.1493333333</dst>
            <dst id="KSCYng">9999.46133333333</dst>
            <dst id="LOSAng">25184.0053333333</dst>
            <dst id="NYCMng">16021.328</dst>
            <dst id="SNVAng">4276.888</dst>
            <dst id="STTLng">3301.19466666667</dst>
            <dst id="WASHng">45343.8346666667</dst>
        </src>
        <src id="HSTNng">
            <dst id="ATLA-M5">1767.27733333333</dst>
            <dst id="ATLAng">2882.14666666667</dst>
            <dst id="CHINng">9629.568</dst>
            <dst id="DNVRng">986.229333333333</dst>
            <dst id="HSTNng">13864.5253333333</dst>
            <dst id="IPLSng">1127.816</dst>
            <dst id="KSCYng">1065.376</dst>
            <dst id="LOSAng">12121.104</dst>
            <dst id="NYCMng">3254.38933333333</dst>
            <dst id="SNVAng">26.6666666666667</dst>
            <dst id="STTLng">842.029333333333</dst>
            <dst id="WASHng">4869.696</dst>
        </src>
        <src id="IPLSng">
            <dst id="ATLA-M5">62.5866666666667</dst>
            <dst id="ATLAng">7530.22133333333</dst>
            <dst id="CHINng">42624.2906666667</dst>
            <dst id="DNVRng">15405.1466666667</dst>
            <dst id="HSTNng">1081.44</dst>
            <dst id="IPLSng">13652.192</dst>
            <dst id="KSCYng">7001.02133333333</dst>
            <dst id="LOSAng">13476.3413333333</dst>
            <dst id="NYCMng">6921.48</dst>
            <dst id="SNVAng">1817.384</dst>
            <dst id="STTLng">6530.10133333333</dst>
            <dst id="WASHng">10092.408</dst>
        </src>
        <src id="KSCYng">
            <dst id="ATLA-M5">0</dst>
            <dst id="ATLAng">3941.14133333333</dst>
            <dst id="CHINng">9299.82933333333</dst>
            <dst id="DNVRng">13080.008</dst>
            <dst id="HSTNng">2545.85066666667</dst>
            <dst id="IPLSng">10642.9493333333</dst>
            <dst id="KSCYng">6706.992</dst>
            <dst id="LOSAng">3439.26933333333</dst>
            <dst id="NYCMng">3495.19466666667</dst>
            <dst id="SNVAng">2576.79466666667</dst>
            <dst id="STTLng">316.669333333333</dst>
            <dst id="WASHng">11512.176</dst>
        </src>
        <src id="LOSAng">
            <dst id="ATLA-M5">305.629333333333</dst>
            <dst id="ATLAng">17119.9733333333</dst>
            <dst id="CHINng">70209.344</dst>
            <dst id="DNVRng">7027.75466666667</dst>
            <dst id="HSTNng">3469.20533333333</dst>
            <dst id="IPLSng">14375.4933333333</dst>
            <dst id="KSCYng">3207.47733333333</dst>
            <dst id="LOSAng">7415.328</dst>
            <dst id="NYCMng">46384.376</dst>
            <dst id="SNVAng">21634.92</dst>
            <dst id="STTLng">19453.4986666667</dst>
            <dst id="WASHng">126573.874666667</dst>
        </src>
        <src id="NYCMng">
            <dst id="ATLA-M5">5812.968</dst>
            <dst id="ATLAng">22133.8586666667</dst>
            <dst id="CHINng">16884.9413333333</dst>
            <dst id="DNVRng">25646.672</dst>
            <dst id="HSTNng">9439.04533333333</dst>
            <dst id="IPLSng">27752.8693333333</dst>
            <dst id="KSCYng">3546.624</dst>
            <dst id="LOSAng">63060.8213333333</dst>
            <dst id="NYCMng">191567.912</dst>
            <dst id="SNVAng">2433.13333333333</dst>
            <dst id="STTLng">30813.928</dst>
            <dst id="WASHng">41812.9333333333</dst>
        </src>
        <src id="SNVAng">
            <dst id="ATLA-M5">0</dst>
            <dst id="ATLAng">26.6666666666667</dst>
            <dst id="CHINng">53.3333333333333</dst>
            <dst id="DNVRng">2782.46133333333</dst>
            <dst id="HSTNng">26.6666666666667</dst>
            <dst id="IPLSng">235.024</dst>
            <dst id="KSCYng">0</dst>
            <dst id="LOSAng">30105.064</dst>
            <dst id="NYCMng">28.3573333333333</dst>
            <dst id="SNVAng">8447.08</dst>
            <dst id="STTLng">37866.2346666667</dst>
            <dst id="WASHng">26.6666666666667</dst>
        </src>
        <src id="STTLng">
            <dst id="ATLA-M5">166.589333333333</dst>
            <dst id="ATLAng">13897.9306666667</dst>
            <dst id="CHINng">10409.0186666667</dst>
            <dst id="DNVRng">1864.20533333333</dst>
            <dst id="HSTNng">2126.272</dst>
            <dst id="IPLSng">16651.3253333333</dst>
            <dst id="KSCYng">1611.57333333333</dst>
            <dst id="LOSAng">13766.4506666667</dst>
            <dst id="NYCMng">12382.3013333333</dst>
            <dst id="SNVAng">6464.07733333333</dst>
            <dst id="STTLng">939.853333333334</dst>
            <dst id="WASHng">9989.26933333334</dst>
        </src>
        <src id="WASHng">
            <dst id="ATLA-M5">137.992</dst>
            <dst id="ATLAng">159274.061333333</dst>
            <dst id="CHINng">45442.8773333333</dst>
            <dst id="DNVRng">49173.512</dst>
            <dst id="HSTNng">18957.9226666667</dst>
            <dst id="IPLSng">54156.648</dst>
            <dst id="KSCYng">34543.2213333333</dst>
            <dst id="LOSAng">98932.7866666666</dst>
            <dst id="NYCMng">124130.946666667</dst>
            <dst id="SNVAng">4330.55733333333</dst>
            <dst id="STTLng">19245</dst>
            <dst id="WASHng">170517.045333333</dst>
        </src>
    </IntraTM>
</TrafficMatrixFile>
