<?xml version="1.0" encoding="ISO-8859-1" standalone="yes"?>
<TrafficMatrixFile xsi:noNamespaceSchemaLocation="http://totem.run.montefiore.ulg.ac.be/Schema/TrafficMatrix-v1_2.xsd" xmlns:xsi="http://www.w3.org/2001/XMLSchema-instance">
    <IntraTM ASID="11537">
        <src id="ATLA-M5">
            <dst id="ATLA-M5">156.176</dst>
            <dst id="ATLAng">1868.92</dst>
            <dst id="CHINng">69.4693333333333</dst>
            <dst id="DNVRng">26.6666666666667</dst>
            <dst id="HSTNng">89.3386666666667</dst>
            <dst id="IPLSng">53.3333333333333</dst>
            <dst id="KSCYng">115.197333333333</dst>
            <dst id="LOSAng">84.736</dst>
            <dst id="NYCMng">459.84</dst>
            <dst id="SNVAng">26.6666666666667</dst>
            <dst id="STTLng">0</dst>
            <dst id="WASHng">519.936</dst>
        </src>
        <src id="ATLAng">
            <dst id="ATLA-M5">464.394666666667</dst>
            <dst id="ATLAng">55330.9546666667</dst>
            <dst id="CHINng">28928.336</dst>
            <dst id="DNVRng">10385.512</dst>
            <dst id="HSTNng">32993.032</dst>
            <dst id="IPLSng">18179.3573333333</dst>
            <dst id="KSCYng">4177.46933333333</dst>
            <dst id="LOSAng">6826.64533333333</dst>
            <dst id="NYCMng">19026.52</dst>
            <dst id="SNVAng">8802.952</dst>
            <dst id="STTLng">3681.10666666667</dst>
            <dst id="WASHng">52172.936</dst>
        </src>
        <src id="CHINng">
            <dst id="ATLA-M5">150.981333333333</dst>
            <dst id="ATLAng">21908.0533333333</dst>
            <dst id="CHINng">136190.370666667</dst>
            <dst id="DNVRng">22879.1493333333</dst>
            <dst id="HSTNng">15504.0693333333</dst>
            <dst id="IPLSng">37548.0613333333</dst>
            <dst id="KSCYng">12004.2293333333</dst>
            <dst id="LOSAng">11064.368</dst>
            <dst id="NYCMng">14977.4186666667</dst>
            <dst id="SNVAng">21622.36</dst>
            <dst id="STTLng">18846.44</dst>
            <dst id="WASHng">23789.5493333333</dst>
        </src>
        <src id="DNVRng">
            <dst id="ATLA-M5">142.517333333333</dst>
            <dst id="ATLAng">8210.98133333333</dst>
            <dst id="CHINng">72598.3653333333</dst>
            <dst id="DNVRng">11200.128</dst>
            <dst id="HSTNng">40742.4933333333</dst>
            <dst id="IPLSng">29327.6026666667</dst>
            <dst id="KSCYng">25396.864</dst>
            <dst id="LOSAng">1019.80533333333</dst>
            <dst id="NYCMng">18167.6</dst>
            <dst id="SNVAng">20353.7093333333</dst>
            <dst id="STTLng">36144.5066666667</dst>
            <dst id="WASHng">66923.7866666667</dst>
        </src>
        <src id="HSTNng">
            <dst id="ATLA-M5">2536.552</dst>
            <dst id="ATLAng">7078.67466666667</dst>
            <dst id="CHINng">23035.4666666667</dst>
            <dst id="DNVRng">1925.504</dst>
            <dst id="HSTNng">15513.056</dst>
            <dst id="IPLSng">8417.58666666667</dst>
            <dst id="KSCYng">7530.97333333333</dst>
            <dst id="LOSAng">5840.016</dst>
            <dst id="NYCMng">4860.072</dst>
            <dst id="SNVAng">560.589333333333</dst>
            <dst id="STTLng">1646.60533333333</dst>
            <dst id="WASHng">3299.76266666667</dst>
        </src>
        <src id="IPLSng">
            <dst id="ATLA-M5">85.1413333333333</dst>
            <dst id="ATLAng">31398.8746666667</dst>
            <dst id="CHINng">86064.1333333333</dst>
            <dst id="DNVRng">17355.4346666667</dst>
            <dst id="HSTNng">3892.22666666667</dst>
            <dst id="IPLSng">37209.616</dst>
            <dst id="KSCYng">8558.224</dst>
            <dst id="LOSAng">5571.52266666667</dst>
            <dst id="NYCMng">30536.2906666667</dst>
            <dst id="SNVAng">9467.77333333333</dst>
            <dst id="STTLng">12573.5013333333</dst>
            <dst id="WASHng">40172.9946666667</dst>
        </src>
        <src id="KSCYng">
            <dst id="ATLA-M5">90.536</dst>
            <dst id="ATLAng">14790.128</dst>
            <dst id="CHINng">16969.2213333333</dst>
            <dst id="DNVRng">14408.0933333333</dst>
            <dst id="HSTNng">7217.088</dst>
            <dst id="IPLSng">11685.8826666667</dst>
            <dst id="KSCYng">7554.352</dst>
            <dst id="LOSAng">631.12</dst>
            <dst id="NYCMng">2433.66933333333</dst>
            <dst id="SNVAng">5926.552</dst>
            <dst id="STTLng">3179.96266666667</dst>
            <dst id="WASHng">13800.728</dst>
        </src>
        <src id="LOSAng">
            <dst id="ATLA-M5">1442.19466666667</dst>
            <dst id="ATLAng">24108.9546666667</dst>
            <dst id="CHINng">102752.592</dst>
            <dst id="DNVRng">13911.496</dst>
            <dst id="HSTNng">20411.2746666667</dst>
            <dst id="IPLSng">25261.6</dst>
            <dst id="KSCYng">4101.64</dst>
            <dst id="LOSAng">15572.8133333333</dst>
            <dst id="NYCMng">52303.9306666667</dst>
            <dst id="SNVAng">28063.1733333333</dst>
            <dst id="STTLng">26481.2186666667</dst>
            <dst id="WASHng">105605.850666667</dst>
        </src>
        <src id="NYCMng">
            <dst id="ATLA-M5">723.685333333333</dst>
            <dst id="ATLAng">36594.888</dst>
            <dst id="CHINng">37922.3386666667</dst>
            <dst id="DNVRng">33430.12</dst>
            <dst id="HSTNng">16457.4026666667</dst>
            <dst id="IPLSng">35261.64</dst>
            <dst id="KSCYng">6129.59733333333</dst>
            <dst id="LOSAng">11642.0746666667</dst>
            <dst id="NYCMng">152283.394666667</dst>
            <dst id="SNVAng">62392.32</dst>
            <dst id="STTLng">16933.184</dst>
            <dst id="WASHng">86908.776</dst>
        </src>
        <src id="SNVAng">
            <dst id="ATLA-M5">0</dst>
            <dst id="ATLAng">715.712</dst>
            <dst id="CHINng">26.6666666666667</dst>
            <dst id="DNVRng">8788.168</dst>
            <dst id="HSTNng">380.781333333333</dst>
            <dst id="IPLSng">208.213333333333</dst>
            <dst id="KSCYng">26.6666666666667</dst>
            <dst id="LOSAng">931.045333333333</dst>
            <dst id="NYCMng">80</dst>
            <dst id="SNVAng">42417.664</dst>
            <dst id="STTLng">38402.1253333333</dst>
            <dst id="WASHng">1623.52</dst>
        </src>
        <src id="STTLng">
            <dst id="ATLA-M5">0</dst>
            <dst id="ATLAng">10489.1866666667</dst>
            <dst id="CHINng">35493.1493333333</dst>
            <dst id="DNVRng">7294.43733333333</dst>
            <dst id="HSTNng">6669.18133333333</dst>
            <dst id="IPLSng">13359.4906666667</dst>
            <dst id="KSCYng">4267.21866666667</dst>
            <dst id="LOSAng">2805.68266666667</dst>
            <dst id="NYCMng">17123.1093333333</dst>
            <dst id="SNVAng">18286.728</dst>
            <dst id="STTLng">5062.76</dst>
            <dst id="WASHng">31302.536</dst>
        </src>
        <src id="WASHng">
            <dst id="ATLA-M5">2239.63466666667</dst>
            <dst id="ATLAng">113468.002666667</dst>
            <dst id="CHINng">101533.626666667</dst>
            <dst id="DNVRng">53872.512</dst>
            <dst id="HSTNng">21283.92</dst>
            <dst id="IPLSng">41715.784</dst>
            <dst id="KSCYng">25888.0373333333</dst>
            <dst id="LOSAng">73526.3146666666</dst>
            <dst id="NYCMng">171229.645333333</dst>
            <dst id="SNVAng">60660.2186666667</dst>
            <dst id="STTLng">26035.752</dst>
            <dst id="WASHng">281689.28</dst>
        </src>
    </IntraTM>
</TrafficMatrixFile>
