<?xml version="1.0" encoding="ISO-8859-1" standalone="yes"?>
<TrafficMatrixFile xsi:noNamespaceSchemaLocation="http://totem.run.montefiore.ulg.ac.be/Schema/TrafficMatrix-v1_2.xsd" xmlns:xsi="http://www.w3.org/2001/XMLSchema-instance">
    <IntraTM ASID="11537">
        <src id="ATLA-M5">
            <dst id="ATLA-M5">0</dst>
            <dst id="ATLAng">0</dst>
            <dst id="CHINng">80.7306666666667</dst>
            <dst id="DNVRng">0</dst>
            <dst id="HSTNng">41.7306666666667</dst>
            <dst id="IPLSng">0</dst>
            <dst id="KSCYng">0</dst>
            <dst id="LOSAng">0</dst>
            <dst id="NYCMng">63.44</dst>
            <dst id="SNVAng">0</dst>
            <dst id="STTLng">72.0426666666666</dst>
            <dst id="WASHng">0</dst>
        </src>
        <src id="ATLAng">
            <dst id="ATLA-M5">26.6666666666667</dst>
            <dst id="ATLAng">21592.96</dst>
            <dst id="CHINng">3840.192</dst>
            <dst id="DNVRng">1790.52533333333</dst>
            <dst id="HSTNng">227.688</dst>
            <dst id="IPLSng">10231.128</dst>
            <dst id="KSCYng">298.376</dst>
            <dst id="LOSAng">6949.544</dst>
            <dst id="NYCMng">3241.46933333333</dst>
            <dst id="SNVAng">60.6266666666667</dst>
            <dst id="STTLng">4803.99733333333</dst>
            <dst id="WASHng">47422.3973333333</dst>
        </src>
        <src id="CHINng">
            <dst id="ATLA-M5">26.6666666666667</dst>
            <dst id="ATLAng">3729.352</dst>
            <dst id="CHINng">39315.5946666667</dst>
            <dst id="DNVRng">3115.91466666667</dst>
            <dst id="HSTNng">10097.8933333333</dst>
            <dst id="IPLSng">18941.5146666667</dst>
            <dst id="KSCYng">5342.94933333333</dst>
            <dst id="LOSAng">22166.416</dst>
            <dst id="NYCMng">18270.2186666667</dst>
            <dst id="SNVAng">106.666666666667</dst>
            <dst id="STTLng">10113.3226666667</dst>
            <dst id="WASHng">16178.5493333333</dst>
        </src>
        <src id="DNVRng">
            <dst id="ATLA-M5">128.96</dst>
            <dst id="ATLAng">2052.088</dst>
            <dst id="CHINng">34732.8506666667</dst>
            <dst id="DNVRng">2327.29333333333</dst>
            <dst id="HSTNng">17123.0373333333</dst>
            <dst id="IPLSng">28914.1573333333</dst>
            <dst id="KSCYng">9161.86933333333</dst>
            <dst id="LOSAng">2492.75733333333</dst>
            <dst id="NYCMng">11139.92</dst>
            <dst id="SNVAng">2483.06666666667</dst>
            <dst id="STTLng">4474.12</dst>
            <dst id="WASHng">36983.6293333333</dst>
        </src>
        <src id="HSTNng">
            <dst id="ATLA-M5">1745.86666666667</dst>
            <dst id="ATLAng">1251.048</dst>
            <dst id="CHINng">7220.096</dst>
            <dst id="DNVRng">731.890666666667</dst>
            <dst id="HSTNng">13051.16</dst>
            <dst id="IPLSng">3274.64533333333</dst>
            <dst id="KSCYng">494.144</dst>
            <dst id="LOSAng">1683.09866666667</dst>
            <dst id="NYCMng">1154.53333333333</dst>
            <dst id="SNVAng">26.6666666666667</dst>
            <dst id="STTLng">1942.59733333333</dst>
            <dst id="WASHng">3415.192</dst>
        </src>
        <src id="IPLSng">
            <dst id="ATLA-M5">0</dst>
            <dst id="ATLAng">4071.504</dst>
            <dst id="CHINng">44270.0293333333</dst>
            <dst id="DNVRng">6626.44</dst>
            <dst id="HSTNng">3962.29333333333</dst>
            <dst id="IPLSng">2420.928</dst>
            <dst id="KSCYng">1853.552</dst>
            <dst id="LOSAng">25350.4453333333</dst>
            <dst id="NYCMng">7416.06133333333</dst>
            <dst id="SNVAng">172.88</dst>
            <dst id="STTLng">8090.34133333333</dst>
            <dst id="WASHng">6919.67466666667</dst>
        </src>
        <src id="KSCYng">
            <dst id="ATLA-M5">0</dst>
            <dst id="ATLAng">2516.69866666667</dst>
            <dst id="CHINng">6192.11466666667</dst>
            <dst id="DNVRng">4013.824</dst>
            <dst id="HSTNng">2430.88266666667</dst>
            <dst id="IPLSng">7754.01066666667</dst>
            <dst id="KSCYng">5395.97066666667</dst>
            <dst id="LOSAng">3870.51466666667</dst>
            <dst id="NYCMng">1729.45066666667</dst>
            <dst id="SNVAng">1713.73866666667</dst>
            <dst id="STTLng">489.408</dst>
            <dst id="WASHng">9235.85066666667</dst>
        </src>
        <src id="LOSAng">
            <dst id="ATLA-M5">0</dst>
            <dst id="ATLAng">6936.72533333333</dst>
            <dst id="CHINng">48919.7626666667</dst>
            <dst id="DNVRng">4342.12266666667</dst>
            <dst id="HSTNng">2046.36533333333</dst>
            <dst id="IPLSng">6366.77066666667</dst>
            <dst id="KSCYng">2220.424</dst>
            <dst id="LOSAng">6744.616</dst>
            <dst id="NYCMng">16319.536</dst>
            <dst id="SNVAng">19569.3786666667</dst>
            <dst id="STTLng">23066.4533333333</dst>
            <dst id="WASHng">85775.5173333334</dst>
        </src>
        <src id="NYCMng">
            <dst id="ATLA-M5">0</dst>
            <dst id="ATLAng">8385.112</dst>
            <dst id="CHINng">15302.2986666667</dst>
            <dst id="DNVRng">25441.1226666667</dst>
            <dst id="HSTNng">6197.13333333333</dst>
            <dst id="IPLSng">24526.6133333333</dst>
            <dst id="KSCYng">3200.44266666667</dst>
            <dst id="LOSAng">48805.1253333333</dst>
            <dst id="NYCMng">56566.7253333333</dst>
            <dst id="SNVAng">2380.85066666667</dst>
            <dst id="STTLng">14923.5226666667</dst>
            <dst id="WASHng">38642.5466666667</dst>
        </src>
        <src id="SNVAng">
            <dst id="ATLA-M5">0</dst>
            <dst id="ATLAng">26.6666666666667</dst>
            <dst id="CHINng">53.3333333333333</dst>
            <dst id="DNVRng">1209.76266666667</dst>
            <dst id="HSTNng">0</dst>
            <dst id="IPLSng">189.258666666667</dst>
            <dst id="KSCYng">26.6666666666667</dst>
            <dst id="LOSAng">30508.384</dst>
            <dst id="NYCMng">53.3333333333333</dst>
            <dst id="SNVAng">7765.08</dst>
            <dst id="STTLng">35830.368</dst>
            <dst id="WASHng">0</dst>
        </src>
        <src id="STTLng">
            <dst id="ATLA-M5">140.442666666667</dst>
            <dst id="ATLAng">6181.21866666667</dst>
            <dst id="CHINng">18145.0346666667</dst>
            <dst id="DNVRng">530.189333333333</dst>
            <dst id="HSTNng">400.28</dst>
            <dst id="IPLSng">3927.78933333333</dst>
            <dst id="KSCYng">820.472</dst>
            <dst id="LOSAng">7384.58133333333</dst>
            <dst id="NYCMng">8870.53333333333</dst>
            <dst id="SNVAng">12252.6053333333</dst>
            <dst id="STTLng">874.192</dst>
            <dst id="WASHng">5861.904</dst>
        </src>
        <src id="WASHng">
            <dst id="ATLA-M5">241.178666666667</dst>
            <dst id="ATLAng">70156.4026666667</dst>
            <dst id="CHINng">31520.9573333333</dst>
            <dst id="DNVRng">40886.4533333333</dst>
            <dst id="HSTNng">6718.24533333333</dst>
            <dst id="IPLSng">58408.0346666667</dst>
            <dst id="KSCYng">26317.4853333333</dst>
            <dst id="LOSAng">98065.4426666667</dst>
            <dst id="NYCMng">144353.544</dst>
            <dst id="SNVAng">343.509333333333</dst>
            <dst id="STTLng">23665.56</dst>
            <dst id="WASHng">192972.677333333</dst>
        </src>
    </IntraTM>
</TrafficMatrixFile>
