<?xml version="1.0" encoding="ISO-8859-1" standalone="yes"?>
<TrafficMatrixFile xsi:noNamespaceSchemaLocation="http://totem.run.montefiore.ulg.ac.be/Schema/TrafficMatrix-v1_2.xsd" xmlns:xsi="http://www.w3.org/2001/XMLSchema-instance">
    <IntraTM ASID="11537">
        <src id="ATLA-M5">
            <dst id="ATLA-M5">0</dst>
            <dst id="ATLAng">55.6373333333333</dst>
            <dst id="CHINng">87.3866666666667</dst>
            <dst id="DNVRng">0</dst>
            <dst id="HSTNng">26.6666666666667</dst>
            <dst id="IPLSng">67.52</dst>
            <dst id="KSCYng">26.6666666666667</dst>
            <dst id="LOSAng">40</dst>
            <dst id="NYCMng">26.6666666666667</dst>
            <dst id="SNVAng">13.3333333333333</dst>
            <dst id="STTLng">95.7973333333333</dst>
            <dst id="WASHng">2113.47466666667</dst>
        </src>
        <src id="ATLAng">
            <dst id="ATLA-M5">106.424</dst>
            <dst id="ATLAng">28813.0666666667</dst>
            <dst id="CHINng">9028.21866666667</dst>
            <dst id="DNVRng">2633.504</dst>
            <dst id="HSTNng">35539.888</dst>
            <dst id="IPLSng">43763.416</dst>
            <dst id="KSCYng">771.312</dst>
            <dst id="LOSAng">6792.74266666667</dst>
            <dst id="NYCMng">6043.05866666667</dst>
            <dst id="SNVAng">5948.30266666667</dst>
            <dst id="STTLng">2829.82133333333</dst>
            <dst id="WASHng">20713.9093333333</dst>
        </src>
        <src id="CHINng">
            <dst id="ATLA-M5">117.642666666667</dst>
            <dst id="ATLAng">28026.6826666667</dst>
            <dst id="CHINng">66558.0186666667</dst>
            <dst id="DNVRng">8426.73066666667</dst>
            <dst id="HSTNng">8540.51466666667</dst>
            <dst id="IPLSng">7951.968</dst>
            <dst id="KSCYng">6244.272</dst>
            <dst id="LOSAng">2350.14133333333</dst>
            <dst id="NYCMng">11805.7173333333</dst>
            <dst id="SNVAng">28795.5413333333</dst>
            <dst id="STTLng">7274.44266666667</dst>
            <dst id="WASHng">19767.768</dst>
        </src>
        <src id="DNVRng">
            <dst id="ATLA-M5">232.693333333333</dst>
            <dst id="ATLAng">6781.82133333333</dst>
            <dst id="CHINng">50875.536</dst>
            <dst id="DNVRng">11692.5573333333</dst>
            <dst id="HSTNng">26009.0506666667</dst>
            <dst id="IPLSng">27084.4773333333</dst>
            <dst id="KSCYng">29722.1226666667</dst>
            <dst id="LOSAng">2810.896</dst>
            <dst id="NYCMng">14526.8586666667</dst>
            <dst id="SNVAng">21076.376</dst>
            <dst id="STTLng">8887.128</dst>
            <dst id="WASHng">34137.7013333333</dst>
        </src>
        <src id="HSTNng">
            <dst id="ATLA-M5">85.4293333333333</dst>
            <dst id="ATLAng">2788.19733333333</dst>
            <dst id="CHINng">7684.552</dst>
            <dst id="DNVRng">2673.28</dst>
            <dst id="HSTNng">15020.432</dst>
            <dst id="IPLSng">3976.032</dst>
            <dst id="KSCYng">1778.216</dst>
            <dst id="LOSAng">16142.0666666667</dst>
            <dst id="NYCMng">2140.73333333333</dst>
            <dst id="SNVAng">38.1466666666667</dst>
            <dst id="STTLng">1876.776</dst>
            <dst id="WASHng">5221.97866666667</dst>
        </src>
        <src id="IPLSng">
            <dst id="ATLA-M5">3146.35466666667</dst>
            <dst id="ATLAng">22800.7866666667</dst>
            <dst id="CHINng">59240.9626666667</dst>
            <dst id="DNVRng">6932.528</dst>
            <dst id="HSTNng">5477.42666666667</dst>
            <dst id="IPLSng">29470.0213333333</dst>
            <dst id="KSCYng">6026.112</dst>
            <dst id="LOSAng">3159.536</dst>
            <dst id="NYCMng">9704.34933333333</dst>
            <dst id="SNVAng">10897.7173333333</dst>
            <dst id="STTLng">9646.42133333333</dst>
            <dst id="WASHng">15825.4373333333</dst>
        </src>
        <src id="KSCYng">
            <dst id="ATLA-M5">0</dst>
            <dst id="ATLAng">3696.33866666667</dst>
            <dst id="CHINng">14813.9066666667</dst>
            <dst id="DNVRng">5349.93866666667</dst>
            <dst id="HSTNng">8590.27733333333</dst>
            <dst id="IPLSng">12976.7013333333</dst>
            <dst id="KSCYng">18046.5333333333</dst>
            <dst id="LOSAng">228.906666666667</dst>
            <dst id="NYCMng">1996.85066666667</dst>
            <dst id="SNVAng">9611.30133333333</dst>
            <dst id="STTLng">1329.72</dst>
            <dst id="WASHng">9085.55733333333</dst>
        </src>
        <src id="LOSAng">
            <dst id="ATLA-M5">53.3333333333333</dst>
            <dst id="ATLAng">20866.8826666667</dst>
            <dst id="CHINng">51340.4906666667</dst>
            <dst id="DNVRng">12492.76</dst>
            <dst id="HSTNng">6256.61333333333</dst>
            <dst id="IPLSng">18125.16</dst>
            <dst id="KSCYng">4898.66933333333</dst>
            <dst id="LOSAng">19273.24</dst>
            <dst id="NYCMng">35170.5333333333</dst>
            <dst id="SNVAng">24643.8053333333</dst>
            <dst id="STTLng">26516.3093333333</dst>
            <dst id="WASHng">87034.2133333333</dst>
        </src>
        <src id="NYCMng">
            <dst id="ATLA-M5">1671.472</dst>
            <dst id="ATLAng">14477.8186666667</dst>
            <dst id="CHINng">28141.696</dst>
            <dst id="DNVRng">20866.6613333333</dst>
            <dst id="HSTNng">3817.67733333333</dst>
            <dst id="IPLSng">6187.328</dst>
            <dst id="KSCYng">7372.88266666667</dst>
            <dst id="LOSAng">8879.92266666667</dst>
            <dst id="NYCMng">113842.162666667</dst>
            <dst id="SNVAng">59317.6426666667</dst>
            <dst id="STTLng">42424.5306666667</dst>
            <dst id="WASHng">62801.848</dst>
        </src>
        <src id="SNVAng">
            <dst id="ATLA-M5">0</dst>
            <dst id="ATLAng">0</dst>
            <dst id="CHINng">26.6666666666667</dst>
            <dst id="DNVRng">9561.95466666666</dst>
            <dst id="HSTNng">26.6666666666667</dst>
            <dst id="IPLSng">281.069333333333</dst>
            <dst id="KSCYng">80</dst>
            <dst id="LOSAng">2358.416</dst>
            <dst id="NYCMng">26.6666666666667</dst>
            <dst id="SNVAng">35813.4746666667</dst>
            <dst id="STTLng">41001.5386666667</dst>
            <dst id="WASHng">0</dst>
        </src>
        <src id="STTLng">
            <dst id="ATLA-M5">0</dst>
            <dst id="ATLAng">4947.97866666667</dst>
            <dst id="CHINng">19420.544</dst>
            <dst id="DNVRng">5317.456</dst>
            <dst id="HSTNng">1873.50666666667</dst>
            <dst id="IPLSng">7785.13866666667</dst>
            <dst id="KSCYng">3477.48</dst>
            <dst id="LOSAng">7307.904</dst>
            <dst id="NYCMng">18708.888</dst>
            <dst id="SNVAng">21160.3013333333</dst>
            <dst id="STTLng">1543.944</dst>
            <dst id="WASHng">6277.992</dst>
        </src>
        <src id="WASHng">
            <dst id="ATLA-M5">100.058666666667</dst>
            <dst id="ATLAng">99996.3066666666</dst>
            <dst id="CHINng">78288.5866666667</dst>
            <dst id="DNVRng">32027.7466666667</dst>
            <dst id="HSTNng">27193.6746666667</dst>
            <dst id="IPLSng">30821.3333333333</dst>
            <dst id="KSCYng">37743.4986666667</dst>
            <dst id="LOSAng">74477.0346666667</dst>
            <dst id="NYCMng">160407.442666667</dst>
            <dst id="SNVAng">39327.624</dst>
            <dst id="STTLng">33122.1573333333</dst>
            <dst id="WASHng">229349.634666667</dst>
        </src>
    </IntraTM>
</TrafficMatrixFile>
