<?xml version="1.0" encoding="ISO-8859-1" standalone="yes"?>
<TrafficMatrixFile xsi:noNamespaceSchemaLocation="http://totem.run.montefiore.ulg.ac.be/Schema/TrafficMatrix-v1_2.xsd" xmlns:xsi="http://www.w3.org/2001/XMLSchema-instance">
    <IntraTM ASID="11537">
        <src id="ATLA-M5">
            <dst id="ATLA-M5">0</dst>
            <dst id="ATLAng">1314.77333333333</dst>
            <dst id="CHINng">84.4613333333333</dst>
            <dst id="DNVRng">0</dst>
            <dst id="HSTNng">81.2373333333333</dst>
            <dst id="IPLSng">37.8666666666667</dst>
            <dst id="KSCYng">0</dst>
            <dst id="LOSAng">58.7733333333333</dst>
            <dst id="NYCMng">685.098666666667</dst>
            <dst id="SNVAng">0</dst>
            <dst id="STTLng">0</dst>
            <dst id="WASHng">1679.97333333333</dst>
        </src>
        <src id="ATLAng">
            <dst id="ATLA-M5">219.738666666667</dst>
            <dst id="ATLAng">30037.3466666667</dst>
            <dst id="CHINng">4555.20266666667</dst>
            <dst id="DNVRng">2874.97866666667</dst>
            <dst id="HSTNng">21414.9173333333</dst>
            <dst id="IPLSng">23821.28</dst>
            <dst id="KSCYng">1831.20533333333</dst>
            <dst id="LOSAng">29724.072</dst>
            <dst id="NYCMng">1984.03466666667</dst>
            <dst id="SNVAng">13.3333333333333</dst>
            <dst id="STTLng">4134.37333333333</dst>
            <dst id="WASHng">20492.8533333333</dst>
        </src>
        <src id="CHINng">
            <dst id="ATLA-M5">130.666666666667</dst>
            <dst id="ATLAng">19195.8133333333</dst>
            <dst id="CHINng">97264.608</dst>
            <dst id="DNVRng">4670.90933333333</dst>
            <dst id="HSTNng">7789.40533333333</dst>
            <dst id="IPLSng">59212.184</dst>
            <dst id="KSCYng">6827.01866666667</dst>
            <dst id="LOSAng">23908.5413333333</dst>
            <dst id="NYCMng">8178.40266666667</dst>
            <dst id="SNVAng">1522.81866666667</dst>
            <dst id="STTLng">4070.21333333333</dst>
            <dst id="WASHng">21769.072</dst>
        </src>
        <src id="DNVRng">
            <dst id="ATLA-M5">92</dst>
            <dst id="ATLAng">3987.87466666667</dst>
            <dst id="CHINng">37673.9813333333</dst>
            <dst id="DNVRng">13445.6906666667</dst>
            <dst id="HSTNng">23442.3706666667</dst>
            <dst id="IPLSng">32618.744</dst>
            <dst id="KSCYng">26265.0693333333</dst>
            <dst id="LOSAng">24110.664</dst>
            <dst id="NYCMng">13540.5066666667</dst>
            <dst id="SNVAng">10130.8293333333</dst>
            <dst id="STTLng">12230.7146666667</dst>
            <dst id="WASHng">39915.296</dst>
        </src>
        <src id="HSTNng">
            <dst id="ATLA-M5">2203.81333333333</dst>
            <dst id="ATLAng">1156.17066666667</dst>
            <dst id="CHINng">11241.0933333333</dst>
            <dst id="DNVRng">1385.384</dst>
            <dst id="HSTNng">15378.2453333333</dst>
            <dst id="IPLSng">3286.58666666667</dst>
            <dst id="KSCYng">4708.18666666667</dst>
            <dst id="LOSAng">1584.46933333333</dst>
            <dst id="NYCMng">4544.008</dst>
            <dst id="SNVAng">26.6666666666667</dst>
            <dst id="STTLng">1096.88266666667</dst>
            <dst id="WASHng">5131.024</dst>
        </src>
        <src id="IPLSng">
            <dst id="ATLA-M5">2415.69066666667</dst>
            <dst id="ATLAng">4801.94666666667</dst>
            <dst id="CHINng">65266.7706666667</dst>
            <dst id="DNVRng">23351.3946666667</dst>
            <dst id="HSTNng">2214.61066666667</dst>
            <dst id="IPLSng">9954.752</dst>
            <dst id="KSCYng">10780.944</dst>
            <dst id="LOSAng">15325.1706666667</dst>
            <dst id="NYCMng">22190.4613333333</dst>
            <dst id="SNVAng">1754.86666666667</dst>
            <dst id="STTLng">5094.44533333333</dst>
            <dst id="WASHng">13116.3173333333</dst>
        </src>
        <src id="KSCYng">
            <dst id="ATLA-M5">452.064</dst>
            <dst id="ATLAng">2897.512</dst>
            <dst id="CHINng">14841.8133333333</dst>
            <dst id="DNVRng">4488.816</dst>
            <dst id="HSTNng">5122.63733333333</dst>
            <dst id="IPLSng">11713.608</dst>
            <dst id="KSCYng">11176.648</dst>
            <dst id="LOSAng">3039.68533333333</dst>
            <dst id="NYCMng">881.861333333333</dst>
            <dst id="SNVAng">3548.73066666667</dst>
            <dst id="STTLng">4269.68266666667</dst>
            <dst id="WASHng">9249.90666666667</dst>
        </src>
        <src id="LOSAng">
            <dst id="ATLA-M5">26.6666666666667</dst>
            <dst id="ATLAng">19449.368</dst>
            <dst id="CHINng">60516.536</dst>
            <dst id="DNVRng">7016.31733333333</dst>
            <dst id="HSTNng">4179.104</dst>
            <dst id="IPLSng">15617.1946666667</dst>
            <dst id="KSCYng">3495.328</dst>
            <dst id="LOSAng">6551.70133333333</dst>
            <dst id="NYCMng">45720.0586666667</dst>
            <dst id="SNVAng">20392.048</dst>
            <dst id="STTLng">20829.344</dst>
            <dst id="WASHng">79853.1546666667</dst>
        </src>
        <src id="NYCMng">
            <dst id="ATLA-M5">1416.42933333333</dst>
            <dst id="ATLAng">11660.3973333333</dst>
            <dst id="CHINng">19103.2506666667</dst>
            <dst id="DNVRng">24594.3573333333</dst>
            <dst id="HSTNng">6776.53333333333</dst>
            <dst id="IPLSng">26491.9013333333</dst>
            <dst id="KSCYng">5276.648</dst>
            <dst id="LOSAng">68224.6586666667</dst>
            <dst id="NYCMng">93179.2026666667</dst>
            <dst id="SNVAng">1922.77866666667</dst>
            <dst id="STTLng">20841.6293333333</dst>
            <dst id="WASHng">47464.3866666667</dst>
        </src>
        <src id="SNVAng">
            <dst id="ATLA-M5">0</dst>
            <dst id="ATLAng">26.6666666666667</dst>
            <dst id="CHINng">314.741333333333</dst>
            <dst id="DNVRng">5592.09333333333</dst>
            <dst id="HSTNng">0</dst>
            <dst id="IPLSng">243.461333333333</dst>
            <dst id="KSCYng">26.6666666666667</dst>
            <dst id="LOSAng">29848.6266666667</dst>
            <dst id="NYCMng">53.3333333333333</dst>
            <dst id="SNVAng">8629.90133333334</dst>
            <dst id="STTLng">38386.384</dst>
            <dst id="WASHng">26.6666666666667</dst>
        </src>
        <src id="STTLng">
            <dst id="ATLA-M5">49.2906666666667</dst>
            <dst id="ATLAng">7989.41066666666</dst>
            <dst id="CHINng">15362.0053333333</dst>
            <dst id="DNVRng">2829.92</dst>
            <dst id="HSTNng">1186.592</dst>
            <dst id="IPLSng">19102.3973333333</dst>
            <dst id="KSCYng">1762.66933333333</dst>
            <dst id="LOSAng">17194.4773333333</dst>
            <dst id="NYCMng">14991.9866666667</dst>
            <dst id="SNVAng">8315.50133333333</dst>
            <dst id="STTLng">1872.20533333333</dst>
            <dst id="WASHng">6287.10666666667</dst>
        </src>
        <src id="WASHng">
            <dst id="ATLA-M5">129.72</dst>
            <dst id="ATLAng">66799.8986666667</dst>
            <dst id="CHINng">57388.776</dst>
            <dst id="DNVRng">51468.296</dst>
            <dst id="HSTNng">17306.1226666667</dst>
            <dst id="IPLSng">47279.16</dst>
            <dst id="KSCYng">31757.0906666667</dst>
            <dst id="LOSAng">110995.650666667</dst>
            <dst id="NYCMng">125287.024</dst>
            <dst id="SNVAng">5304.94666666667</dst>
            <dst id="STTLng">25406.704</dst>
            <dst id="WASHng">197212.168</dst>
        </src>
    </IntraTM>
</TrafficMatrixFile>
