<?xml version="1.0" encoding="ISO-8859-1" standalone="yes"?>
<TrafficMatrixFile xsi:noNamespaceSchemaLocation="http://totem.run.montefiore.ulg.ac.be/Schema/TrafficMatrix-v1_2.xsd" xmlns:xsi="http://www.w3.org/2001/XMLSchema-instance">
    <IntraTM ASID="11537">
        <src id="ATLA-M5">
            <dst id="ATLA-M5">0</dst>
            <dst id="ATLAng">46.1226666666667</dst>
            <dst id="CHINng">178.922666666667</dst>
            <dst id="DNVRng">73.44</dst>
            <dst id="HSTNng">0</dst>
            <dst id="IPLSng">0</dst>
            <dst id="KSCYng">26.6666666666667</dst>
            <dst id="LOSAng">109.325333333333</dst>
            <dst id="NYCMng">53.3333333333333</dst>
            <dst id="SNVAng">0</dst>
            <dst id="STTLng">26.6666666666667</dst>
            <dst id="WASHng">591.704</dst>
        </src>
        <src id="ATLAng">
            <dst id="ATLA-M5">82.9493333333333</dst>
            <dst id="ATLAng">23793.16</dst>
            <dst id="CHINng">3923.31733333333</dst>
            <dst id="DNVRng">3015.70933333333</dst>
            <dst id="HSTNng">35079.2693333333</dst>
            <dst id="IPLSng">19527.1706666667</dst>
            <dst id="KSCYng">641.957333333333</dst>
            <dst id="LOSAng">10656.9133333333</dst>
            <dst id="NYCMng">2421.96</dst>
            <dst id="SNVAng">76.6813333333333</dst>
            <dst id="STTLng">4517.69333333333</dst>
            <dst id="WASHng">28748.1706666667</dst>
        </src>
        <src id="CHINng">
            <dst id="ATLA-M5">593.632</dst>
            <dst id="ATLAng">13851.2266666667</dst>
            <dst id="CHINng">97754.4266666667</dst>
            <dst id="DNVRng">20677.8133333333</dst>
            <dst id="HSTNng">11378.2293333333</dst>
            <dst id="IPLSng">35049.1173333333</dst>
            <dst id="KSCYng">5987.048</dst>
            <dst id="LOSAng">28136.024</dst>
            <dst id="NYCMng">8498.024</dst>
            <dst id="SNVAng">2669.53333333333</dst>
            <dst id="STTLng">5675.05066666667</dst>
            <dst id="WASHng">18163.6453333333</dst>
        </src>
        <src id="DNVRng">
            <dst id="ATLA-M5">211.68</dst>
            <dst id="ATLAng">5192.16533333333</dst>
            <dst id="CHINng">136620.677333333</dst>
            <dst id="DNVRng">8034.16</dst>
            <dst id="HSTNng">18906.1253333333</dst>
            <dst id="IPLSng">28075.832</dst>
            <dst id="KSCYng">12145.6</dst>
            <dst id="LOSAng">25694.9946666667</dst>
            <dst id="NYCMng">16715.24</dst>
            <dst id="SNVAng">3950.8</dst>
            <dst id="STTLng">3279.63466666667</dst>
            <dst id="WASHng">43387.872</dst>
        </src>
        <src id="HSTNng">
            <dst id="ATLA-M5">326.912</dst>
            <dst id="ATLAng">4181.75466666667</dst>
            <dst id="CHINng">12162.768</dst>
            <dst id="DNVRng">943.08</dst>
            <dst id="HSTNng">16591.6453333333</dst>
            <dst id="IPLSng">3201.05066666667</dst>
            <dst id="KSCYng">961.090666666667</dst>
            <dst id="LOSAng">11089.6106666667</dst>
            <dst id="NYCMng">3724.168</dst>
            <dst id="SNVAng">53.3333333333333</dst>
            <dst id="STTLng">700.909333333333</dst>
            <dst id="WASHng">5283.26666666667</dst>
        </src>
        <src id="IPLSng">
            <dst id="ATLA-M5">53.3333333333333</dst>
            <dst id="ATLAng">6741.328</dst>
            <dst id="CHINng">48307.52</dst>
            <dst id="DNVRng">13651.1573333333</dst>
            <dst id="HSTNng">1365.36266666667</dst>
            <dst id="IPLSng">29228.128</dst>
            <dst id="KSCYng">5306.864</dst>
            <dst id="LOSAng">15422.656</dst>
            <dst id="NYCMng">6950.63466666667</dst>
            <dst id="SNVAng">1856.624</dst>
            <dst id="STTLng">7356.67466666667</dst>
            <dst id="WASHng">13551.8666666667</dst>
        </src>
        <src id="KSCYng">
            <dst id="ATLA-M5">26.6666666666667</dst>
            <dst id="ATLAng">4587.63466666667</dst>
            <dst id="CHINng">12236.8266666667</dst>
            <dst id="DNVRng">12704.0986666667</dst>
            <dst id="HSTNng">4505.84533333333</dst>
            <dst id="IPLSng">10850.52</dst>
            <dst id="KSCYng">10030.5706666667</dst>
            <dst id="LOSAng">4415.99466666667</dst>
            <dst id="NYCMng">4158.70933333333</dst>
            <dst id="SNVAng">2591.35733333333</dst>
            <dst id="STTLng">476.709333333333</dst>
            <dst id="WASHng">11709.9653333333</dst>
        </src>
        <src id="LOSAng">
            <dst id="ATLA-M5">483.194666666667</dst>
            <dst id="ATLAng">14571.904</dst>
            <dst id="CHINng">70970.6613333333</dst>
            <dst id="DNVRng">7191.256</dst>
            <dst id="HSTNng">7528.112</dst>
            <dst id="IPLSng">13869.1866666667</dst>
            <dst id="KSCYng">3161.064</dst>
            <dst id="LOSAng">7442.74666666667</dst>
            <dst id="NYCMng">45911.4533333333</dst>
            <dst id="SNVAng">23003.312</dst>
            <dst id="STTLng">18273.1466666667</dst>
            <dst id="WASHng">80140.3786666667</dst>
        </src>
        <src id="NYCMng">
            <dst id="ATLA-M5">3345.36533333333</dst>
            <dst id="ATLAng">26691.5893333333</dst>
            <dst id="CHINng">20145.0693333333</dst>
            <dst id="DNVRng">25363.504</dst>
            <dst id="HSTNng">13018.4613333333</dst>
            <dst id="IPLSng">26401.2293333333</dst>
            <dst id="KSCYng">6900.70666666667</dst>
            <dst id="LOSAng">64551.4693333333</dst>
            <dst id="NYCMng">188716.314666667</dst>
            <dst id="SNVAng">1376.64266666667</dst>
            <dst id="STTLng">30506.6853333333</dst>
            <dst id="WASHng">49878.0213333333</dst>
        </src>
        <src id="SNVAng">
            <dst id="ATLA-M5">39.816</dst>
            <dst id="ATLAng">26.6666666666667</dst>
            <dst id="CHINng">53.3333333333333</dst>
            <dst id="DNVRng">1160.62666666667</dst>
            <dst id="HSTNng">26.6666666666667</dst>
            <dst id="IPLSng">261.138666666667</dst>
            <dst id="KSCYng">26.6666666666667</dst>
            <dst id="LOSAng">29730.7253333333</dst>
            <dst id="NYCMng">0</dst>
            <dst id="SNVAng">7461.49066666667</dst>
            <dst id="STTLng">37584.0693333333</dst>
            <dst id="WASHng">0</dst>
        </src>
        <src id="STTLng">
            <dst id="ATLA-M5">83.3066666666667</dst>
            <dst id="ATLAng">13119.5706666667</dst>
            <dst id="CHINng">10565.5466666667</dst>
            <dst id="DNVRng">2393.21866666667</dst>
            <dst id="HSTNng">2055.256</dst>
            <dst id="IPLSng">15352.024</dst>
            <dst id="KSCYng">1897.07733333333</dst>
            <dst id="LOSAng">12731.416</dst>
            <dst id="NYCMng">12169.712</dst>
            <dst id="SNVAng">6520.32</dst>
            <dst id="STTLng">1049.24266666667</dst>
            <dst id="WASHng">10335.5786666667</dst>
        </src>
        <src id="WASHng">
            <dst id="ATLA-M5">62.6666666666667</dst>
            <dst id="ATLAng">106130.96</dst>
            <dst id="CHINng">46228.7173333333</dst>
            <dst id="DNVRng">44123.1493333333</dst>
            <dst id="HSTNng">19920.4853333333</dst>
            <dst id="IPLSng">58640.152</dst>
            <dst id="KSCYng">37039.5333333333</dst>
            <dst id="LOSAng">90613.0346666666</dst>
            <dst id="NYCMng">133644.826666667</dst>
            <dst id="SNVAng">3009.54666666667</dst>
            <dst id="STTLng">24603.5733333333</dst>
            <dst id="WASHng">177565.933333333</dst>
        </src>
    </IntraTM>
</TrafficMatrixFile>
