<?xml version="1.0" encoding="ISO-8859-1" standalone="yes"?>
<TrafficMatrixFile xsi:noNamespaceSchemaLocation="http://totem.run.montefiore.ulg.ac.be/Schema/TrafficMatrix-v1_2.xsd" xmlns:xsi="http://www.w3.org/2001/XMLSchema-instance">
    <IntraTM ASID="11537">
        <src id="ATLA-M5">
            <dst id="ATLA-M5">0</dst>
            <dst id="ATLAng">0</dst>
            <dst id="CHINng">63.4586666666667</dst>
            <dst id="DNVRng">0</dst>
            <dst id="HSTNng">0</dst>
            <dst id="IPLSng">0</dst>
            <dst id="KSCYng">428.192</dst>
            <dst id="LOSAng">72.1066666666667</dst>
            <dst id="NYCMng">53.3333333333333</dst>
            <dst id="SNVAng">0</dst>
            <dst id="STTLng">53.3333333333333</dst>
            <dst id="WASHng">554.890666666667</dst>
        </src>
        <src id="ATLAng">
            <dst id="ATLA-M5">220.728</dst>
            <dst id="ATLAng">22064.1226666667</dst>
            <dst id="CHINng">8664.232</dst>
            <dst id="DNVRng">2909.09066666667</dst>
            <dst id="HSTNng">432.256</dst>
            <dst id="IPLSng">10372.9653333333</dst>
            <dst id="KSCYng">544.464</dst>
            <dst id="LOSAng">2751.41066666667</dst>
            <dst id="NYCMng">2033.93333333333</dst>
            <dst id="SNVAng">2266.98933333333</dst>
            <dst id="STTLng">3044.83466666667</dst>
            <dst id="WASHng">17545.952</dst>
        </src>
        <src id="CHINng">
            <dst id="ATLA-M5">89.6746666666667</dst>
            <dst id="ATLAng">18118.9146666667</dst>
            <dst id="CHINng">63847.9973333333</dst>
            <dst id="DNVRng">2299.60266666667</dst>
            <dst id="HSTNng">3077.06133333333</dst>
            <dst id="IPLSng">11952.952</dst>
            <dst id="KSCYng">5242.896</dst>
            <dst id="LOSAng">10668.1866666667</dst>
            <dst id="NYCMng">8958.03466666667</dst>
            <dst id="SNVAng">21985.7973333333</dst>
            <dst id="STTLng">6872.96</dst>
            <dst id="WASHng">10494.4666666667</dst>
        </src>
        <src id="DNVRng">
            <dst id="ATLA-M5">0</dst>
            <dst id="ATLAng">3445.12266666667</dst>
            <dst id="CHINng">32471.0026666667</dst>
            <dst id="DNVRng">11411.0453333333</dst>
            <dst id="HSTNng">25291.9573333333</dst>
            <dst id="IPLSng">31982.408</dst>
            <dst id="KSCYng">29066.6586666667</dst>
            <dst id="LOSAng">5917.74933333333</dst>
            <dst id="NYCMng">14163.0213333333</dst>
            <dst id="SNVAng">26389.0106666667</dst>
            <dst id="STTLng">13077.368</dst>
            <dst id="WASHng">48620.328</dst>
        </src>
        <src id="HSTNng">
            <dst id="ATLA-M5">107.157333333333</dst>
            <dst id="ATLAng">1290.10666666667</dst>
            <dst id="CHINng">9014.512</dst>
            <dst id="DNVRng">668</dst>
            <dst id="HSTNng">19216.7573333333</dst>
            <dst id="IPLSng">2601.74933333333</dst>
            <dst id="KSCYng">668.629333333333</dst>
            <dst id="LOSAng">2036.48</dst>
            <dst id="NYCMng">1277.08266666667</dst>
            <dst id="SNVAng">57.48</dst>
            <dst id="STTLng">1649.09866666667</dst>
            <dst id="WASHng">6510.43733333333</dst>
        </src>
        <src id="IPLSng">
            <dst id="ATLA-M5">0</dst>
            <dst id="ATLAng">4103.06933333333</dst>
            <dst id="CHINng">35166.6133333333</dst>
            <dst id="DNVRng">6610.82666666667</dst>
            <dst id="HSTNng">927.016</dst>
            <dst id="IPLSng">1956.616</dst>
            <dst id="KSCYng">2856.424</dst>
            <dst id="LOSAng">4117.69333333333</dst>
            <dst id="NYCMng">12687.504</dst>
            <dst id="SNVAng">2693.584</dst>
            <dst id="STTLng">10919.2133333333</dst>
            <dst id="WASHng">4894.064</dst>
        </src>
        <src id="KSCYng">
            <dst id="ATLA-M5">26.6666666666667</dst>
            <dst id="ATLAng">5043.31733333333</dst>
            <dst id="CHINng">8993.21866666667</dst>
            <dst id="DNVRng">5414.04266666667</dst>
            <dst id="HSTNng">3652.81333333333</dst>
            <dst id="IPLSng">12535.5466666667</dst>
            <dst id="KSCYng">11477.976</dst>
            <dst id="LOSAng">2382.45866666667</dst>
            <dst id="NYCMng">1786.06133333333</dst>
            <dst id="SNVAng">3181.06933333333</dst>
            <dst id="STTLng">981.434666666667</dst>
            <dst id="WASHng">6566.07733333333</dst>
        </src>
        <src id="LOSAng">
            <dst id="ATLA-M5">26.6666666666667</dst>
            <dst id="ATLAng">14021</dst>
            <dst id="CHINng">45730.744</dst>
            <dst id="DNVRng">8122.82666666667</dst>
            <dst id="HSTNng">2073.096</dst>
            <dst id="IPLSng">10270.048</dst>
            <dst id="KSCYng">918.290666666666</dst>
            <dst id="LOSAng">20363.7653333333</dst>
            <dst id="NYCMng">26487.0133333333</dst>
            <dst id="SNVAng">26004.3573333333</dst>
            <dst id="STTLng">20734.144</dst>
            <dst id="WASHng">78053.8</dst>
        </src>
        <src id="NYCMng">
            <dst id="ATLA-M5">59.288</dst>
            <dst id="ATLAng">13130.792</dst>
            <dst id="CHINng">24231.4826666667</dst>
            <dst id="DNVRng">27111.368</dst>
            <dst id="HSTNng">5079.87466666667</dst>
            <dst id="IPLSng">10748.4453333333</dst>
            <dst id="KSCYng">3523.74133333333</dst>
            <dst id="LOSAng">5726.12</dst>
            <dst id="NYCMng">68579.1786666667</dst>
            <dst id="SNVAng">27928.344</dst>
            <dst id="STTLng">26310.944</dst>
            <dst id="WASHng">53995.784</dst>
        </src>
        <src id="SNVAng">
            <dst id="ATLA-M5">0</dst>
            <dst id="ATLAng">79.4426666666667</dst>
            <dst id="CHINng">53.3333333333333</dst>
            <dst id="DNVRng">227.333333333333</dst>
            <dst id="HSTNng">0</dst>
            <dst id="IPLSng">213.226666666667</dst>
            <dst id="KSCYng">26.6666666666667</dst>
            <dst id="LOSAng">3591.624</dst>
            <dst id="NYCMng">26.6666666666667</dst>
            <dst id="SNVAng">33479.4933333333</dst>
            <dst id="STTLng">33002.9253333333</dst>
            <dst id="WASHng">166.112</dst>
        </src>
        <src id="STTLng">
            <dst id="ATLA-M5">57.1946666666667</dst>
            <dst id="ATLAng">4170.51466666667</dst>
            <dst id="CHINng">7482.768</dst>
            <dst id="DNVRng">3772.17866666667</dst>
            <dst id="HSTNng">1679.36266666667</dst>
            <dst id="IPLSng">4064.272</dst>
            <dst id="KSCYng">909.693333333333</dst>
            <dst id="LOSAng">1778.10933333333</dst>
            <dst id="NYCMng">7999.82933333333</dst>
            <dst id="SNVAng">12430.9333333333</dst>
            <dst id="STTLng">1399.888</dst>
            <dst id="WASHng">4356.24533333333</dst>
        </src>
        <src id="WASHng">
            <dst id="ATLA-M5">151.138666666667</dst>
            <dst id="ATLAng">110024.712</dst>
            <dst id="CHINng">89563.7813333333</dst>
            <dst id="DNVRng">26116.2906666667</dst>
            <dst id="HSTNng">25139.0533333333</dst>
            <dst id="IPLSng">31857.7893333333</dst>
            <dst id="KSCYng">30826.0346666667</dst>
            <dst id="LOSAng">75827.1413333333</dst>
            <dst id="NYCMng">121256.488</dst>
            <dst id="SNVAng">22813.9413333333</dst>
            <dst id="STTLng">29029.9813333333</dst>
            <dst id="WASHng">179752.602666667</dst>
        </src>
    </IntraTM>
</TrafficMatrixFile>
