<?xml version="1.0" encoding="ISO-8859-1" standalone="yes"?>
<TrafficMatrixFile xsi:noNamespaceSchemaLocation="http://totem.run.montefiore.ulg.ac.be/Schema/TrafficMatrix-v1_2.xsd" xmlns:xsi="http://www.w3.org/2001/XMLSchema-instance">
    <IntraTM ASID="11537">
        <src id="ATLA-M5">
            <dst id="ATLA-M5">0</dst>
            <dst id="ATLAng">34.4853333333333</dst>
            <dst id="CHINng">109.936</dst>
            <dst id="DNVRng">1054.82666666667</dst>
            <dst id="HSTNng">55.8426666666667</dst>
            <dst id="IPLSng">26.6666666666667</dst>
            <dst id="KSCYng">26.6666666666667</dst>
            <dst id="LOSAng">0</dst>
            <dst id="NYCMng">26.6666666666667</dst>
            <dst id="SNVAng">0</dst>
            <dst id="STTLng">302.213333333333</dst>
            <dst id="WASHng">260.693333333333</dst>
        </src>
        <src id="ATLAng">
            <dst id="ATLA-M5">34.392</dst>
            <dst id="ATLAng">18573.9866666667</dst>
            <dst id="CHINng">7729.024</dst>
            <dst id="DNVRng">3111.992</dst>
            <dst id="HSTNng">924.984</dst>
            <dst id="IPLSng">16833.3973333333</dst>
            <dst id="KSCYng">795.906666666666</dst>
            <dst id="LOSAng">10585.9533333333</dst>
            <dst id="NYCMng">1854.472</dst>
            <dst id="SNVAng">5669.95866666666</dst>
            <dst id="STTLng">2689.85066666667</dst>
            <dst id="WASHng">27642.2266666667</dst>
        </src>
        <src id="CHINng">
            <dst id="ATLA-M5">69.392</dst>
            <dst id="ATLAng">17663.3173333333</dst>
            <dst id="CHINng">70500.136</dst>
            <dst id="DNVRng">6579.61066666666</dst>
            <dst id="HSTNng">5619.18133333333</dst>
            <dst id="IPLSng">20603.3413333333</dst>
            <dst id="KSCYng">10073.512</dst>
            <dst id="LOSAng">3339.98666666667</dst>
            <dst id="NYCMng">8525.352</dst>
            <dst id="SNVAng">21975.0373333333</dst>
            <dst id="STTLng">6438.28533333333</dst>
            <dst id="WASHng">12168.168</dst>
        </src>
        <src id="DNVRng">
            <dst id="ATLA-M5">138.450666666667</dst>
            <dst id="ATLAng">5193.6</dst>
            <dst id="CHINng">33715.6453333333</dst>
            <dst id="DNVRng">6650.81066666667</dst>
            <dst id="HSTNng">28240.84</dst>
            <dst id="IPLSng">25863.9866666667</dst>
            <dst id="KSCYng">14325.432</dst>
            <dst id="LOSAng">1548.51733333333</dst>
            <dst id="NYCMng">11014.5706666667</dst>
            <dst id="SNVAng">28208.552</dst>
            <dst id="STTLng">15697.32</dst>
            <dst id="WASHng">40049.9066666667</dst>
        </src>
        <src id="HSTNng">
            <dst id="ATLA-M5">3065.01066666667</dst>
            <dst id="ATLAng">935.296</dst>
            <dst id="CHINng">12692.6</dst>
            <dst id="DNVRng">846.682666666667</dst>
            <dst id="HSTNng">17455.9786666667</dst>
            <dst id="IPLSng">3583.35466666667</dst>
            <dst id="KSCYng">1166.33333333333</dst>
            <dst id="LOSAng">5078.00533333333</dst>
            <dst id="NYCMng">2195.936</dst>
            <dst id="SNVAng">53.3333333333333</dst>
            <dst id="STTLng">1333.37866666667</dst>
            <dst id="WASHng">3957.07733333333</dst>
        </src>
        <src id="IPLSng">
            <dst id="ATLA-M5">53.3333333333333</dst>
            <dst id="ATLAng">4379.05333333333</dst>
            <dst id="CHINng">37867.6746666667</dst>
            <dst id="DNVRng">6293.448</dst>
            <dst id="HSTNng">631.250666666667</dst>
            <dst id="IPLSng">5022.45333333333</dst>
            <dst id="KSCYng">2849.87466666667</dst>
            <dst id="LOSAng">3051.72</dst>
            <dst id="NYCMng">9550.08</dst>
            <dst id="SNVAng">10536.4853333333</dst>
            <dst id="STTLng">18069.2986666667</dst>
            <dst id="WASHng">5832.552</dst>
        </src>
        <src id="KSCYng">
            <dst id="ATLA-M5">0</dst>
            <dst id="ATLAng">2490.384</dst>
            <dst id="CHINng">11849.8373333333</dst>
            <dst id="DNVRng">13633.84</dst>
            <dst id="HSTNng">5698.27466666667</dst>
            <dst id="IPLSng">12963.432</dst>
            <dst id="KSCYng">9552.696</dst>
            <dst id="LOSAng">321.557333333333</dst>
            <dst id="NYCMng">2725.18933333333</dst>
            <dst id="SNVAng">6673.05333333333</dst>
            <dst id="STTLng">1039.95733333333</dst>
            <dst id="WASHng">9346.05333333333</dst>
        </src>
        <src id="LOSAng">
            <dst id="ATLA-M5">55.3786666666667</dst>
            <dst id="ATLAng">13393.632</dst>
            <dst id="CHINng">49893.4906666667</dst>
            <dst id="DNVRng">10591.4026666667</dst>
            <dst id="HSTNng">3284.48266666667</dst>
            <dst id="IPLSng">12793.2773333333</dst>
            <dst id="KSCYng">3542.39466666667</dst>
            <dst id="LOSAng">15622.8933333333</dst>
            <dst id="NYCMng">27919.7093333333</dst>
            <dst id="SNVAng">22928.544</dst>
            <dst id="STTLng">27018.7306666667</dst>
            <dst id="WASHng">78931.5013333333</dst>
        </src>
        <src id="NYCMng">
            <dst id="ATLA-M5">497.893333333333</dst>
            <dst id="ATLAng">15364.9706666667</dst>
            <dst id="CHINng">28419.4213333333</dst>
            <dst id="DNVRng">28569.1706666667</dst>
            <dst id="HSTNng">9438.50933333333</dst>
            <dst id="IPLSng">22745.0746666667</dst>
            <dst id="KSCYng">4474.35733333333</dst>
            <dst id="LOSAng">12133.16</dst>
            <dst id="NYCMng">76927.8133333333</dst>
            <dst id="SNVAng">49371.9626666667</dst>
            <dst id="STTLng">32824.2586666667</dst>
            <dst id="WASHng">48019.44</dst>
        </src>
        <src id="SNVAng">
            <dst id="ATLA-M5">0</dst>
            <dst id="ATLAng">813.304</dst>
            <dst id="CHINng">80</dst>
            <dst id="DNVRng">865.349333333334</dst>
            <dst id="HSTNng">0</dst>
            <dst id="IPLSng">251.834666666667</dst>
            <dst id="KSCYng">0</dst>
            <dst id="LOSAng">3121.576</dst>
            <dst id="NYCMng">106.381333333333</dst>
            <dst id="SNVAng">46081.0613333333</dst>
            <dst id="STTLng">35233.136</dst>
            <dst id="WASHng">0</dst>
        </src>
        <src id="STTLng">
            <dst id="ATLA-M5">108.394666666667</dst>
            <dst id="ATLAng">4775.62933333333</dst>
            <dst id="CHINng">12157.576</dst>
            <dst id="DNVRng">3528.38666666667</dst>
            <dst id="HSTNng">3121.07466666667</dst>
            <dst id="IPLSng">16783.6293333333</dst>
            <dst id="KSCYng">3223.072</dst>
            <dst id="LOSAng">5518.072</dst>
            <dst id="NYCMng">14505.8906666667</dst>
            <dst id="SNVAng">22343.8693333333</dst>
            <dst id="STTLng">1799.53866666667</dst>
            <dst id="WASHng">5003.04533333333</dst>
        </src>
        <src id="WASHng">
            <dst id="ATLA-M5">116.133333333333</dst>
            <dst id="ATLAng">108861.258666667</dst>
            <dst id="CHINng">85434.7253333333</dst>
            <dst id="DNVRng">27893.632</dst>
            <dst id="HSTNng">35986.672</dst>
            <dst id="IPLSng">17235.3546666667</dst>
            <dst id="KSCYng">30922.4773333333</dst>
            <dst id="LOSAng">67095.9653333333</dst>
            <dst id="NYCMng">119187.992</dst>
            <dst id="SNVAng">33674.0826666667</dst>
            <dst id="STTLng">48674.6026666667</dst>
            <dst id="WASHng">260566.752</dst>
        </src>
    </IntraTM>
</TrafficMatrixFile>
