<?xml version="1.0" encoding="ISO-8859-1" standalone="yes"?>
<TrafficMatrixFile xsi:noNamespaceSchemaLocation="http://totem.run.montefiore.ulg.ac.be/Schema/TrafficMatrix-v1_2.xsd" xmlns:xsi="http://www.w3.org/2001/XMLSchema-instance">
    <IntraTM ASID="11537">
        <src id="ATLA-M5">
            <dst id="ATLA-M5">0</dst>
            <dst id="ATLAng">26.6666666666667</dst>
            <dst id="CHINng">62.4293333333333</dst>
            <dst id="DNVRng">1090.752</dst>
            <dst id="HSTNng">35.8506666666667</dst>
            <dst id="IPLSng">0</dst>
            <dst id="KSCYng">0</dst>
            <dst id="LOSAng">0</dst>
            <dst id="NYCMng">255.205333333333</dst>
            <dst id="SNVAng">27.3893333333333</dst>
            <dst id="STTLng">84.1413333333333</dst>
            <dst id="WASHng">138.202666666667</dst>
        </src>
        <src id="ATLAng">
            <dst id="ATLA-M5">143.506666666667</dst>
            <dst id="ATLAng">38826.7973333333</dst>
            <dst id="CHINng">10526.456</dst>
            <dst id="DNVRng">2494.928</dst>
            <dst id="HSTNng">511.416</dst>
            <dst id="IPLSng">33706.8026666667</dst>
            <dst id="KSCYng">1404.54666666667</dst>
            <dst id="LOSAng">12044.7973333333</dst>
            <dst id="NYCMng">2146.45333333333</dst>
            <dst id="SNVAng">221.368</dst>
            <dst id="STTLng">2657.04266666667</dst>
            <dst id="WASHng">29614.144</dst>
        </src>
        <src id="CHINng">
            <dst id="ATLA-M5">26.6666666666667</dst>
            <dst id="ATLAng">6043.75466666667</dst>
            <dst id="CHINng">53605.816</dst>
            <dst id="DNVRng">4029.072</dst>
            <dst id="HSTNng">10229.2613333333</dst>
            <dst id="IPLSng">2777.05066666667</dst>
            <dst id="KSCYng">8434.33066666666</dst>
            <dst id="LOSAng">10053.2213333333</dst>
            <dst id="NYCMng">19287.56</dst>
            <dst id="SNVAng">247.634666666667</dst>
            <dst id="STTLng">6919.06133333333</dst>
            <dst id="WASHng">25803.8986666667</dst>
        </src>
        <src id="DNVRng">
            <dst id="ATLA-M5">119.626666666667</dst>
            <dst id="ATLAng">5273.44266666667</dst>
            <dst id="CHINng">34664.2826666667</dst>
            <dst id="DNVRng">9923.95733333333</dst>
            <dst id="HSTNng">23368.8453333333</dst>
            <dst id="IPLSng">31234.2026666667</dst>
            <dst id="KSCYng">17713.9946666667</dst>
            <dst id="LOSAng">11132.32</dst>
            <dst id="NYCMng">12178.6533333333</dst>
            <dst id="SNVAng">6600.19466666667</dst>
            <dst id="STTLng">3111.92</dst>
            <dst id="WASHng">50747.2426666667</dst>
        </src>
        <src id="HSTNng">
            <dst id="ATLA-M5">1458.79466666667</dst>
            <dst id="ATLAng">2014.24</dst>
            <dst id="CHINng">4882.488</dst>
            <dst id="DNVRng">3592.47466666667</dst>
            <dst id="HSTNng">14788.3466666667</dst>
            <dst id="IPLSng">936.88</dst>
            <dst id="KSCYng">1397.056</dst>
            <dst id="LOSAng">6032.57066666667</dst>
            <dst id="NYCMng">2390.93333333333</dst>
            <dst id="SNVAng">0</dst>
            <dst id="STTLng">719.248</dst>
            <dst id="WASHng">2627.97066666667</dst>
        </src>
        <src id="IPLSng">
            <dst id="ATLA-M5">0</dst>
            <dst id="ATLAng">19757.0906666667</dst>
            <dst id="CHINng">27748.888</dst>
            <dst id="DNVRng">8336.25066666667</dst>
            <dst id="HSTNng">480.944</dst>
            <dst id="IPLSng">16776.712</dst>
            <dst id="KSCYng">2048.072</dst>
            <dst id="LOSAng">10877.5626666667</dst>
            <dst id="NYCMng">10611.9013333333</dst>
            <dst id="SNVAng">619.746666666667</dst>
            <dst id="STTLng">6307.912</dst>
            <dst id="WASHng">9086.368</dst>
        </src>
        <src id="KSCYng">
            <dst id="ATLA-M5">0</dst>
            <dst id="ATLAng">4585.74133333333</dst>
            <dst id="CHINng">8247.088</dst>
            <dst id="DNVRng">5849.68</dst>
            <dst id="HSTNng">5973.928</dst>
            <dst id="IPLSng">12804.1706666667</dst>
            <dst id="KSCYng">8805.65866666667</dst>
            <dst id="LOSAng">5639.10666666667</dst>
            <dst id="NYCMng">1416.73866666667</dst>
            <dst id="SNVAng">2685.78666666667</dst>
            <dst id="STTLng">1026.01866666667</dst>
            <dst id="WASHng">10369.1493333333</dst>
        </src>
        <src id="LOSAng">
            <dst id="ATLA-M5">58.6666666666667</dst>
            <dst id="ATLAng">21454.0533333333</dst>
            <dst id="CHINng">39221.3146666667</dst>
            <dst id="DNVRng">6653.36266666667</dst>
            <dst id="HSTNng">4163.872</dst>
            <dst id="IPLSng">18549.6773333333</dst>
            <dst id="KSCYng">4194.86666666667</dst>
            <dst id="LOSAng">14713.4186666667</dst>
            <dst id="NYCMng">23838.9306666667</dst>
            <dst id="SNVAng">24025.848</dst>
            <dst id="STTLng">30153.6266666667</dst>
            <dst id="WASHng">82645.5386666667</dst>
        </src>
        <src id="NYCMng">
            <dst id="ATLA-M5">2871.61066666667</dst>
            <dst id="ATLAng">21719.8373333333</dst>
            <dst id="CHINng">18572.68</dst>
            <dst id="DNVRng">24203.9893333333</dst>
            <dst id="HSTNng">17144.6053333333</dst>
            <dst id="IPLSng">16958.4773333333</dst>
            <dst id="KSCYng">6514.29066666667</dst>
            <dst id="LOSAng">68874.1813333333</dst>
            <dst id="NYCMng">75271.0133333333</dst>
            <dst id="SNVAng">1163.63733333333</dst>
            <dst id="STTLng">28509.9386666667</dst>
            <dst id="WASHng">27929.1626666667</dst>
        </src>
        <src id="SNVAng">
            <dst id="ATLA-M5">0</dst>
            <dst id="ATLAng">693.306666666667</dst>
            <dst id="CHINng">26.6666666666667</dst>
            <dst id="DNVRng">1080.21866666667</dst>
            <dst id="HSTNng">26.6666666666667</dst>
            <dst id="IPLSng">125.482666666667</dst>
            <dst id="KSCYng">254.869333333333</dst>
            <dst id="LOSAng">35962.1706666667</dst>
            <dst id="NYCMng">128.890666666667</dst>
            <dst id="SNVAng">10694.0773333333</dst>
            <dst id="STTLng">40323.3733333333</dst>
            <dst id="WASHng">26.6666666666667</dst>
        </src>
        <src id="STTLng">
            <dst id="ATLA-M5">89.2533333333333</dst>
            <dst id="ATLAng">7023.552</dst>
            <dst id="CHINng">12870.6746666667</dst>
            <dst id="DNVRng">4467.816</dst>
            <dst id="HSTNng">749.930666666667</dst>
            <dst id="IPLSng">6657.25333333333</dst>
            <dst id="KSCYng">2450.17066666667</dst>
            <dst id="LOSAng">10567.9813333333</dst>
            <dst id="NYCMng">9982.30133333333</dst>
            <dst id="SNVAng">16012.4133333333</dst>
            <dst id="STTLng">1679.34666666667</dst>
            <dst id="WASHng">3894.10933333333</dst>
        </src>
        <src id="WASHng">
            <dst id="ATLA-M5">1627.776</dst>
            <dst id="ATLAng">116065.069333333</dst>
            <dst id="CHINng">79250.736</dst>
            <dst id="DNVRng">46237.6293333333</dst>
            <dst id="HSTNng">29809.6</dst>
            <dst id="IPLSng">47758.7306666667</dst>
            <dst id="KSCYng">29691.9653333333</dst>
            <dst id="LOSAng">99628.8933333333</dst>
            <dst id="NYCMng">164647.242666667</dst>
            <dst id="SNVAng">863.136</dst>
            <dst id="STTLng">22342.1333333333</dst>
            <dst id="WASHng">212206.957333333</dst>
        </src>
    </IntraTM>
</TrafficMatrixFile>
