<?xml version="1.0" encoding="ISO-8859-1" standalone="yes"?>
<TrafficMatrixFile xsi:noNamespaceSchemaLocation="http://totem.run.montefiore.ulg.ac.be/Schema/TrafficMatrix-v1_2.xsd" xmlns:xsi="http://www.w3.org/2001/XMLSchema-instance">
    <IntraTM ASID="11537">
        <src id="ATLA-M5">
            <dst id="ATLA-M5">0</dst>
            <dst id="ATLAng">53.3333333333333</dst>
            <dst id="CHINng">205.818666666667</dst>
            <dst id="DNVRng">0</dst>
            <dst id="HSTNng">90.5813333333333</dst>
            <dst id="IPLSng">41.7813333333333</dst>
            <dst id="KSCYng">0</dst>
            <dst id="LOSAng">53.3333333333333</dst>
            <dst id="NYCMng">53.3333333333333</dst>
            <dst id="SNVAng">0</dst>
            <dst id="STTLng">101.904</dst>
            <dst id="WASHng">216.197333333333</dst>
        </src>
        <src id="ATLAng">
            <dst id="ATLA-M5">111.984</dst>
            <dst id="ATLAng">23759.5333333333</dst>
            <dst id="CHINng">5315.68266666667</dst>
            <dst id="DNVRng">2531.672</dst>
            <dst id="HSTNng">19454.68</dst>
            <dst id="IPLSng">13843.3546666667</dst>
            <dst id="KSCYng">565.866666666667</dst>
            <dst id="LOSAng">6929.84533333333</dst>
            <dst id="NYCMng">4849.944</dst>
            <dst id="SNVAng">13.3333333333333</dst>
            <dst id="STTLng">4889.536</dst>
            <dst id="WASHng">28061.176</dst>
        </src>
        <src id="CHINng">
            <dst id="ATLA-M5">86.2106666666667</dst>
            <dst id="ATLAng">6004.10933333334</dst>
            <dst id="CHINng">71212.424</dst>
            <dst id="DNVRng">4573.09066666667</dst>
            <dst id="HSTNng">11275.24</dst>
            <dst id="IPLSng">34245.568</dst>
            <dst id="KSCYng">7604.59733333333</dst>
            <dst id="LOSAng">30454.5226666667</dst>
            <dst id="NYCMng">43389.0533333333</dst>
            <dst id="SNVAng">5576.71733333333</dst>
            <dst id="STTLng">13098.7813333333</dst>
            <dst id="WASHng">17623.9093333333</dst>
        </src>
        <src id="DNVRng">
            <dst id="ATLA-M5">200.842666666667</dst>
            <dst id="ATLAng">2899.584</dst>
            <dst id="CHINng">37506.72</dst>
            <dst id="DNVRng">9981.46933333333</dst>
            <dst id="HSTNng">24300.9253333333</dst>
            <dst id="IPLSng">21251.9066666667</dst>
            <dst id="KSCYng">16501.7466666667</dst>
            <dst id="LOSAng">32062.2186666667</dst>
            <dst id="NYCMng">13271.648</dst>
            <dst id="SNVAng">6746.864</dst>
            <dst id="STTLng">6935.54933333333</dst>
            <dst id="WASHng">34835.3413333333</dst>
        </src>
        <src id="HSTNng">
            <dst id="ATLA-M5">5153.04533333333</dst>
            <dst id="ATLAng">8842.36</dst>
            <dst id="CHINng">14766.5866666667</dst>
            <dst id="DNVRng">1062.576</dst>
            <dst id="HSTNng">20206.6826666667</dst>
            <dst id="IPLSng">3390.27733333333</dst>
            <dst id="KSCYng">614.696</dst>
            <dst id="LOSAng">1086.592</dst>
            <dst id="NYCMng">1220.376</dst>
            <dst id="SNVAng">26.6666666666667</dst>
            <dst id="STTLng">1439.73066666667</dst>
            <dst id="WASHng">2744.728</dst>
        </src>
        <src id="IPLSng">
            <dst id="ATLA-M5">26.6666666666667</dst>
            <dst id="ATLAng">13662.4053333333</dst>
            <dst id="CHINng">44000.1493333333</dst>
            <dst id="DNVRng">5317.02133333333</dst>
            <dst id="HSTNng">1131.512</dst>
            <dst id="IPLSng">15176.7466666667</dst>
            <dst id="KSCYng">22308.1226666667</dst>
            <dst id="LOSAng">15711.072</dst>
            <dst id="NYCMng">6002.088</dst>
            <dst id="SNVAng">212.034666666667</dst>
            <dst id="STTLng">8318.288</dst>
            <dst id="WASHng">12025.5386666667</dst>
        </src>
        <src id="KSCYng">
            <dst id="ATLA-M5">28.2346666666667</dst>
            <dst id="ATLAng">3966.16</dst>
            <dst id="CHINng">22188.7573333333</dst>
            <dst id="DNVRng">5576.248</dst>
            <dst id="HSTNng">2899.68</dst>
            <dst id="IPLSng">14689.6666666667</dst>
            <dst id="KSCYng">11053.1253333333</dst>
            <dst id="LOSAng">3671.34666666667</dst>
            <dst id="NYCMng">1142.8</dst>
            <dst id="SNVAng">2230.304</dst>
            <dst id="STTLng">3244.90666666667</dst>
            <dst id="WASHng">14164.36</dst>
        </src>
        <src id="LOSAng">
            <dst id="ATLA-M5">945.624</dst>
            <dst id="ATLAng">11500.808</dst>
            <dst id="CHINng">61681.384</dst>
            <dst id="DNVRng">6629.336</dst>
            <dst id="HSTNng">1841.93066666667</dst>
            <dst id="IPLSng">17202.9546666667</dst>
            <dst id="KSCYng">2870.672</dst>
            <dst id="LOSAng">7824.40266666667</dst>
            <dst id="NYCMng">16703.6</dst>
            <dst id="SNVAng">21682.1973333333</dst>
            <dst id="STTLng">22674.7946666667</dst>
            <dst id="WASHng">72493.2533333333</dst>
        </src>
        <src id="NYCMng">
            <dst id="ATLA-M5">1029.376</dst>
            <dst id="ATLAng">13129.3226666667</dst>
            <dst id="CHINng">37489.2906666667</dst>
            <dst id="DNVRng">21580.6666666667</dst>
            <dst id="HSTNng">5169.81066666667</dst>
            <dst id="IPLSng">21063.072</dst>
            <dst id="KSCYng">3427.92266666667</dst>
            <dst id="LOSAng">51120.208</dst>
            <dst id="NYCMng">168702.416</dst>
            <dst id="SNVAng">643.824</dst>
            <dst id="STTLng">23633.6186666667</dst>
            <dst id="WASHng">45816.7706666667</dst>
        </src>
        <src id="SNVAng">
            <dst id="ATLA-M5">0</dst>
            <dst id="ATLAng">117.317333333333</dst>
            <dst id="CHINng">62.9973333333333</dst>
            <dst id="DNVRng">4392.14666666667</dst>
            <dst id="HSTNng">0</dst>
            <dst id="IPLSng">247.349333333333</dst>
            <dst id="KSCYng">32.9493333333333</dst>
            <dst id="LOSAng">28801.9706666667</dst>
            <dst id="NYCMng">0</dst>
            <dst id="SNVAng">7043.824</dst>
            <dst id="STTLng">33905.408</dst>
            <dst id="WASHng">26.6666666666667</dst>
        </src>
        <src id="STTLng">
            <dst id="ATLA-M5">122.501333333333</dst>
            <dst id="ATLAng">7518.87733333333</dst>
            <dst id="CHINng">16554.0106666667</dst>
            <dst id="DNVRng">1874.45866666667</dst>
            <dst id="HSTNng">490.154666666667</dst>
            <dst id="IPLSng">5986.744</dst>
            <dst id="KSCYng">3515.808</dst>
            <dst id="LOSAng">12872.8106666667</dst>
            <dst id="NYCMng">9159.29333333333</dst>
            <dst id="SNVAng">8739.37866666667</dst>
            <dst id="STTLng">1648.584</dst>
            <dst id="WASHng">7444.704</dst>
        </src>
        <src id="WASHng">
            <dst id="ATLA-M5">26.6666666666667</dst>
            <dst id="ATLAng">74344.3413333333</dst>
            <dst id="CHINng">43219.432</dst>
            <dst id="DNVRng">66028.2026666667</dst>
            <dst id="HSTNng">18130.8453333333</dst>
            <dst id="IPLSng">53997.9866666667</dst>
            <dst id="KSCYng">31686.0346666667</dst>
            <dst id="LOSAng">97446.5386666667</dst>
            <dst id="NYCMng">219768.261333333</dst>
            <dst id="SNVAng">823.922666666667</dst>
            <dst id="STTLng">33464.568</dst>
            <dst id="WASHng">230218.330666667</dst>
        </src>
    </IntraTM>
</TrafficMatrixFile>
