<?xml version="1.0" encoding="ISO-8859-1" standalone="yes"?>
<TrafficMatrixFile xsi:noNamespaceSchemaLocation="http://totem.run.montefiore.ulg.ac.be/Schema/TrafficMatrix-v1_2.xsd" xmlns:xsi="http://www.w3.org/2001/XMLSchema-instance">
    <IntraTM ASID="11537">
        <src id="ATLA-M5">
            <dst id="ATLA-M5">392.802666666667</dst>
            <dst id="ATLAng">0</dst>
            <dst id="CHINng">84.6613333333333</dst>
            <dst id="DNVRng">0</dst>
            <dst id="HSTNng">65.3706666666667</dst>
            <dst id="IPLSng">0</dst>
            <dst id="KSCYng">0</dst>
            <dst id="LOSAng">53.3333333333333</dst>
            <dst id="NYCMng">0</dst>
            <dst id="SNVAng">0</dst>
            <dst id="STTLng">0</dst>
            <dst id="WASHng">1283.304</dst>
        </src>
        <src id="ATLAng">
            <dst id="ATLA-M5">92.1093333333333</dst>
            <dst id="ATLAng">22472.4853333333</dst>
            <dst id="CHINng">7869.48</dst>
            <dst id="DNVRng">3998.12</dst>
            <dst id="HSTNng">4346.03466666667</dst>
            <dst id="IPLSng">10251.152</dst>
            <dst id="KSCYng">1318.76533333333</dst>
            <dst id="LOSAng">388.181333333333</dst>
            <dst id="NYCMng">2859.488</dst>
            <dst id="SNVAng">215.362666666667</dst>
            <dst id="STTLng">1744.136</dst>
            <dst id="WASHng">30563.2986666667</dst>
        </src>
        <src id="CHINng">
            <dst id="ATLA-M5">53.3333333333333</dst>
            <dst id="ATLAng">17717.7306666667</dst>
            <dst id="CHINng">59950.7573333333</dst>
            <dst id="DNVRng">4763.14133333333</dst>
            <dst id="HSTNng">4082.24533333333</dst>
            <dst id="IPLSng">14538.1733333333</dst>
            <dst id="KSCYng">4818.408</dst>
            <dst id="LOSAng">868.050666666667</dst>
            <dst id="NYCMng">7846.80266666667</dst>
            <dst id="SNVAng">13878.1013333333</dst>
            <dst id="STTLng">26573.344</dst>
            <dst id="WASHng">60975.2346666667</dst>
        </src>
        <src id="DNVRng">
            <dst id="ATLA-M5">98.9653333333333</dst>
            <dst id="ATLAng">5014.984</dst>
            <dst id="CHINng">27215.144</dst>
            <dst id="DNVRng">4450.20266666667</dst>
            <dst id="HSTNng">12010.8293333333</dst>
            <dst id="IPLSng">18418.2266666667</dst>
            <dst id="KSCYng">14785.9626666667</dst>
            <dst id="LOSAng">619.589333333333</dst>
            <dst id="NYCMng">11586.9973333333</dst>
            <dst id="SNVAng">20740.9893333333</dst>
            <dst id="STTLng">10946.0693333333</dst>
            <dst id="WASHng">39915.8933333333</dst>
        </src>
        <src id="HSTNng">
            <dst id="ATLA-M5">1169.192</dst>
            <dst id="ATLAng">1862.13866666667</dst>
            <dst id="CHINng">8595.24266666667</dst>
            <dst id="DNVRng">1149.512</dst>
            <dst id="HSTNng">11161.4186666667</dst>
            <dst id="IPLSng">969.016</dst>
            <dst id="KSCYng">1283.25333333333</dst>
            <dst id="LOSAng">600.76</dst>
            <dst id="NYCMng">2284.37333333333</dst>
            <dst id="SNVAng">0</dst>
            <dst id="STTLng">683.672</dst>
            <dst id="WASHng">3044.01333333333</dst>
        </src>
        <src id="IPLSng">
            <dst id="ATLA-M5">53.3333333333333</dst>
            <dst id="ATLAng">4931.18666666667</dst>
            <dst id="CHINng">32341.7013333333</dst>
            <dst id="DNVRng">9262.04</dst>
            <dst id="HSTNng">893.784</dst>
            <dst id="IPLSng">9331.43733333333</dst>
            <dst id="KSCYng">1088.76533333333</dst>
            <dst id="LOSAng">232.650666666667</dst>
            <dst id="NYCMng">11976.0453333333</dst>
            <dst id="SNVAng">1235.62666666667</dst>
            <dst id="STTLng">4214.36533333333</dst>
            <dst id="WASHng">7119.208</dst>
        </src>
        <src id="KSCYng">
            <dst id="ATLA-M5">0</dst>
            <dst id="ATLAng">5181.41333333333</dst>
            <dst id="CHINng">8048.024</dst>
            <dst id="DNVRng">5206.28533333333</dst>
            <dst id="HSTNng">3849.936</dst>
            <dst id="IPLSng">9958.09333333333</dst>
            <dst id="KSCYng">6870.08533333333</dst>
            <dst id="LOSAng">26.6666666666667</dst>
            <dst id="NYCMng">1248.83466666667</dst>
            <dst id="SNVAng">2632.63733333333</dst>
            <dst id="STTLng">848.168</dst>
            <dst id="WASHng">8884.848</dst>
        </src>
        <src id="LOSAng">
            <dst id="ATLA-M5">0</dst>
            <dst id="ATLAng">0</dst>
            <dst id="CHINng">0</dst>
            <dst id="DNVRng">0</dst>
            <dst id="HSTNng">201.042666666667</dst>
            <dst id="IPLSng">0</dst>
            <dst id="KSCYng">0</dst>
            <dst id="LOSAng">0</dst>
            <dst id="NYCMng">0</dst>
            <dst id="SNVAng">0</dst>
            <dst id="STTLng">0</dst>
            <dst id="WASHng">0</dst>
        </src>
        <src id="NYCMng">
            <dst id="ATLA-M5">399.341333333333</dst>
            <dst id="ATLAng">10919.0293333333</dst>
            <dst id="CHINng">22535.5093333333</dst>
            <dst id="DNVRng">24802.64</dst>
            <dst id="HSTNng">9053.20266666667</dst>
            <dst id="IPLSng">14795.488</dst>
            <dst id="KSCYng">5938.27733333333</dst>
            <dst id="LOSAng">1908.496</dst>
            <dst id="NYCMng">81653.896</dst>
            <dst id="SNVAng">26481.112</dst>
            <dst id="STTLng">21991.3333333333</dst>
            <dst id="WASHng">41187.32</dst>
        </src>
        <src id="SNVAng">
            <dst id="ATLA-M5">0</dst>
            <dst id="ATLAng">26.6666666666667</dst>
            <dst id="CHINng">16654.2773333333</dst>
            <dst id="DNVRng">4470.552</dst>
            <dst id="HSTNng">53.3333333333333</dst>
            <dst id="IPLSng">16671.0533333333</dst>
            <dst id="KSCYng">91.5386666666667</dst>
            <dst id="LOSAng">838.069333333333</dst>
            <dst id="NYCMng">11196.048</dst>
            <dst id="SNVAng">13792.1813333333</dst>
            <dst id="STTLng">54469.624</dst>
            <dst id="WASHng">217.906666666667</dst>
        </src>
        <src id="STTLng">
            <dst id="ATLA-M5">117.976</dst>
            <dst id="ATLAng">1055.224</dst>
            <dst id="CHINng">5299.96266666667</dst>
            <dst id="DNVRng">3753.09066666667</dst>
            <dst id="HSTNng">1602.38666666667</dst>
            <dst id="IPLSng">5208.81066666667</dst>
            <dst id="KSCYng">655.365333333333</dst>
            <dst id="LOSAng">968.373333333333</dst>
            <dst id="NYCMng">9735.01066666667</dst>
            <dst id="SNVAng">9209.74933333334</dst>
            <dst id="STTLng">3058.40266666667</dst>
            <dst id="WASHng">4709.90933333333</dst>
        </src>
        <src id="WASHng">
            <dst id="ATLA-M5">2411.352</dst>
            <dst id="ATLAng">54035.0826666667</dst>
            <dst id="CHINng">61157.2426666667</dst>
            <dst id="DNVRng">25341.7946666667</dst>
            <dst id="HSTNng">32688.0986666667</dst>
            <dst id="IPLSng">27833.2106666667</dst>
            <dst id="KSCYng">26479.3706666667</dst>
            <dst id="LOSAng">13163.4693333333</dst>
            <dst id="NYCMng">121162.402666667</dst>
            <dst id="SNVAng">19091.7386666667</dst>
            <dst id="STTLng">24527.952</dst>
            <dst id="WASHng">167393.797333333</dst>
        </src>
    </IntraTM>
</TrafficMatrixFile>
