<?xml version="1.0" encoding="ISO-8859-1" standalone="yes"?>
<TrafficMatrixFile xsi:noNamespaceSchemaLocation="http://totem.run.montefiore.ulg.ac.be/Schema/TrafficMatrix-v1_2.xsd" xmlns:xsi="http://www.w3.org/2001/XMLSchema-instance">
    <IntraTM ASID="11537">
        <src id="ATLA-M5">
            <dst id="ATLA-M5">351.901333333333</dst>
            <dst id="ATLAng">600.029333333333</dst>
            <dst id="CHINng">247.208</dst>
            <dst id="DNVRng">0</dst>
            <dst id="HSTNng">171.165333333333</dst>
            <dst id="IPLSng">53.3333333333333</dst>
            <dst id="KSCYng">256.549333333333</dst>
            <dst id="LOSAng">92.176</dst>
            <dst id="NYCMng">465.162666666667</dst>
            <dst id="SNVAng">65.5093333333333</dst>
            <dst id="STTLng">80</dst>
            <dst id="WASHng">743.050666666667</dst>
        </src>
        <src id="ATLAng">
            <dst id="ATLA-M5">494.464</dst>
            <dst id="ATLAng">42644.6346666667</dst>
            <dst id="CHINng">10003.2693333333</dst>
            <dst id="DNVRng">4535.62133333333</dst>
            <dst id="HSTNng">1311.10133333333</dst>
            <dst id="IPLSng">16587.3973333333</dst>
            <dst id="KSCYng">5752.31733333333</dst>
            <dst id="LOSAng">4778.576</dst>
            <dst id="NYCMng">11747.144</dst>
            <dst id="SNVAng">7288.25333333333</dst>
            <dst id="STTLng">1804.17333333333</dst>
            <dst id="WASHng">50466.8586666667</dst>
        </src>
        <src id="CHINng">
            <dst id="ATLA-M5">537.952</dst>
            <dst id="ATLAng">18516.792</dst>
            <dst id="CHINng">94566.328</dst>
            <dst id="DNVRng">2811.59733333333</dst>
            <dst id="HSTNng">5686.43733333333</dst>
            <dst id="IPLSng">14932.16</dst>
            <dst id="KSCYng">7631.42666666667</dst>
            <dst id="LOSAng">2274.22133333333</dst>
            <dst id="NYCMng">9212.82133333333</dst>
            <dst id="SNVAng">21027.0053333333</dst>
            <dst id="STTLng">7469.69333333333</dst>
            <dst id="WASHng">14428.2346666667</dst>
        </src>
        <src id="DNVRng">
            <dst id="ATLA-M5">106.506666666667</dst>
            <dst id="ATLAng">14709.3653333333</dst>
            <dst id="CHINng">52067.2453333333</dst>
            <dst id="DNVRng">6978.76533333333</dst>
            <dst id="HSTNng">21582.9333333333</dst>
            <dst id="IPLSng">25874.9253333333</dst>
            <dst id="KSCYng">17271.2106666667</dst>
            <dst id="LOSAng">688.405333333333</dst>
            <dst id="NYCMng">13459.456</dst>
            <dst id="SNVAng">19902.0346666667</dst>
            <dst id="STTLng">3884.15733333333</dst>
            <dst id="WASHng">51482.0773333333</dst>
        </src>
        <src id="HSTNng">
            <dst id="ATLA-M5">1939.424</dst>
            <dst id="ATLAng">7966.31733333334</dst>
            <dst id="CHINng">11890.6773333333</dst>
            <dst id="DNVRng">2795.672</dst>
            <dst id="HSTNng">17963.8426666667</dst>
            <dst id="IPLSng">2415.552</dst>
            <dst id="KSCYng">1472.152</dst>
            <dst id="LOSAng">1268.72266666667</dst>
            <dst id="NYCMng">3466.20533333333</dst>
            <dst id="SNVAng">135.202666666667</dst>
            <dst id="STTLng">400.410666666667</dst>
            <dst id="WASHng">3722.30933333333</dst>
        </src>
        <src id="IPLSng">
            <dst id="ATLA-M5">73.104</dst>
            <dst id="ATLAng">7616.936</dst>
            <dst id="CHINng">65009.112</dst>
            <dst id="DNVRng">10414.808</dst>
            <dst id="HSTNng">2625.67466666667</dst>
            <dst id="IPLSng">11735.8533333333</dst>
            <dst id="KSCYng">3866.98133333333</dst>
            <dst id="LOSAng">689.818666666667</dst>
            <dst id="NYCMng">13266.336</dst>
            <dst id="SNVAng">5415.70133333333</dst>
            <dst id="STTLng">3264.56</dst>
            <dst id="WASHng">17675.2906666667</dst>
        </src>
        <src id="KSCYng">
            <dst id="ATLA-M5">26.6666666666667</dst>
            <dst id="ATLAng">4844.44</dst>
            <dst id="CHINng">19586.7626666667</dst>
            <dst id="DNVRng">3866.48266666667</dst>
            <dst id="HSTNng">3328.33066666667</dst>
            <dst id="IPLSng">11468.3253333333</dst>
            <dst id="KSCYng">6357.576</dst>
            <dst id="LOSAng">2120.928</dst>
            <dst id="NYCMng">952.725333333333</dst>
            <dst id="SNVAng">4615.16533333333</dst>
            <dst id="STTLng">825.088</dst>
            <dst id="WASHng">7050.19733333333</dst>
        </src>
        <src id="LOSAng">
            <dst id="ATLA-M5">104.274666666667</dst>
            <dst id="ATLAng">16101.6773333333</dst>
            <dst id="CHINng">106340.384</dst>
            <dst id="DNVRng">6482.05866666667</dst>
            <dst id="HSTNng">12429.3413333333</dst>
            <dst id="IPLSng">26282.0106666667</dst>
            <dst id="KSCYng">2548.21866666667</dst>
            <dst id="LOSAng">14580.872</dst>
            <dst id="NYCMng">32257.936</dst>
            <dst id="SNVAng">22660.584</dst>
            <dst id="STTLng">18526.3146666667</dst>
            <dst id="WASHng">122216.736</dst>
        </src>
        <src id="NYCMng">
            <dst id="ATLA-M5">870.938666666667</dst>
            <dst id="ATLAng">26031.968</dst>
            <dst id="CHINng">51216.752</dst>
            <dst id="DNVRng">25670.888</dst>
            <dst id="HSTNng">7048.112</dst>
            <dst id="IPLSng">23259.2533333333</dst>
            <dst id="KSCYng">4473.13333333333</dst>
            <dst id="LOSAng">6444.40533333333</dst>
            <dst id="NYCMng">129910.76</dst>
            <dst id="SNVAng">38942.5493333333</dst>
            <dst id="STTLng">20202.424</dst>
            <dst id="WASHng">56627.392</dst>
        </src>
        <src id="SNVAng">
            <dst id="ATLA-M5">0</dst>
            <dst id="ATLAng">61.7813333333333</dst>
            <dst id="CHINng">249.578666666667</dst>
            <dst id="DNVRng">12469.4053333333</dst>
            <dst id="HSTNng">106.666666666667</dst>
            <dst id="IPLSng">269.216</dst>
            <dst id="KSCYng">0</dst>
            <dst id="LOSAng">1694.45066666667</dst>
            <dst id="NYCMng">8285.472</dst>
            <dst id="SNVAng">40246.7386666667</dst>
            <dst id="STTLng">42507.9706666667</dst>
            <dst id="WASHng">83.184</dst>
        </src>
        <src id="STTLng">
            <dst id="ATLA-M5">191.112</dst>
            <dst id="ATLAng">10463.7066666667</dst>
            <dst id="CHINng">24942.7173333333</dst>
            <dst id="DNVRng">3296.59733333333</dst>
            <dst id="HSTNng">2820.57866666667</dst>
            <dst id="IPLSng">11809.3573333333</dst>
            <dst id="KSCYng">2833.63733333333</dst>
            <dst id="LOSAng">2532.38133333333</dst>
            <dst id="NYCMng">24946.088</dst>
            <dst id="SNVAng">13015.1706666667</dst>
            <dst id="STTLng">2659.34933333333</dst>
            <dst id="WASHng">81449.8506666667</dst>
        </src>
        <src id="WASHng">
            <dst id="ATLA-M5">753.970666666667</dst>
            <dst id="ATLAng">134992.842666667</dst>
            <dst id="CHINng">68817.552</dst>
            <dst id="DNVRng">26714.9013333333</dst>
            <dst id="HSTNng">16361.072</dst>
            <dst id="IPLSng">36796.0053333333</dst>
            <dst id="KSCYng">53536.6</dst>
            <dst id="LOSAng">58819.912</dst>
            <dst id="NYCMng">133004.562666667</dst>
            <dst id="SNVAng">22601.016</dst>
            <dst id="STTLng">20263.3413333333</dst>
            <dst id="WASHng">266269.024</dst>
        </src>
    </IntraTM>
</TrafficMatrixFile>
