<?xml version="1.0" encoding="ISO-8859-1" standalone="yes"?>
<TrafficMatrixFile xsi:noNamespaceSchemaLocation="http://totem.run.montefiore.ulg.ac.be/Schema/TrafficMatrix-v1_2.xsd" xmlns:xsi="http://www.w3.org/2001/XMLSchema-instance">
    <IntraTM ASID="11537">
        <src id="ATLA-M5">
            <dst id="ATLA-M5">259.746666666667</dst>
            <dst id="ATLAng">80</dst>
            <dst id="CHINng">143.930666666667</dst>
            <dst id="DNVRng">0</dst>
            <dst id="HSTNng">81.312</dst>
            <dst id="IPLSng">29.1573333333333</dst>
            <dst id="KSCYng">26.6666666666667</dst>
            <dst id="LOSAng">0</dst>
            <dst id="NYCMng">26.6666666666667</dst>
            <dst id="SNVAng">0</dst>
            <dst id="STTLng">0</dst>
            <dst id="WASHng">435.789333333333</dst>
        </src>
        <src id="ATLAng">
            <dst id="ATLA-M5">118.818666666667</dst>
            <dst id="ATLAng">31047.336</dst>
            <dst id="CHINng">6460.25066666667</dst>
            <dst id="DNVRng">4039.96</dst>
            <dst id="HSTNng">963.765333333333</dst>
            <dst id="IPLSng">15420.0986666667</dst>
            <dst id="KSCYng">797.997333333333</dst>
            <dst id="LOSAng">6122.408</dst>
            <dst id="NYCMng">2702.10133333333</dst>
            <dst id="SNVAng">4530.61066666667</dst>
            <dst id="STTLng">1626.44533333333</dst>
            <dst id="WASHng">39630.6186666667</dst>
        </src>
        <src id="CHINng">
            <dst id="ATLA-M5">526.069333333333</dst>
            <dst id="ATLAng">6887.216</dst>
            <dst id="CHINng">67077.344</dst>
            <dst id="DNVRng">2174.384</dst>
            <dst id="HSTNng">4127.184</dst>
            <dst id="IPLSng">9906.76266666667</dst>
            <dst id="KSCYng">7637.56</dst>
            <dst id="LOSAng">2933.84266666667</dst>
            <dst id="NYCMng">7732.12266666667</dst>
            <dst id="SNVAng">15030.3066666667</dst>
            <dst id="STTLng">7476.12</dst>
            <dst id="WASHng">13723.576</dst>
        </src>
        <src id="DNVRng">
            <dst id="ATLA-M5">165.077333333333</dst>
            <dst id="ATLAng">2709.71733333333</dst>
            <dst id="CHINng">49195.4</dst>
            <dst id="DNVRng">1817.38933333333</dst>
            <dst id="HSTNng">16255.1626666667</dst>
            <dst id="IPLSng">22969.9226666667</dst>
            <dst id="KSCYng">7603.63466666667</dst>
            <dst id="LOSAng">935.426666666667</dst>
            <dst id="NYCMng">11813.4506666667</dst>
            <dst id="SNVAng">13870.2693333333</dst>
            <dst id="STTLng">3428.06933333333</dst>
            <dst id="WASHng">47051.328</dst>
        </src>
        <src id="HSTNng">
            <dst id="ATLA-M5">2032.28266666667</dst>
            <dst id="ATLAng">2090.224</dst>
            <dst id="CHINng">10488.1546666667</dst>
            <dst id="DNVRng">549.917333333333</dst>
            <dst id="HSTNng">16699.3653333333</dst>
            <dst id="IPLSng">1977.752</dst>
            <dst id="KSCYng">858.181333333333</dst>
            <dst id="LOSAng">1102.08266666667</dst>
            <dst id="NYCMng">2478.04266666667</dst>
            <dst id="SNVAng">26.6666666666667</dst>
            <dst id="STTLng">868.509333333333</dst>
            <dst id="WASHng">1558.70933333333</dst>
        </src>
        <src id="IPLSng">
            <dst id="ATLA-M5">0</dst>
            <dst id="ATLAng">6863.68533333333</dst>
            <dst id="CHINng">48916.4506666667</dst>
            <dst id="DNVRng">5624.19466666667</dst>
            <dst id="HSTNng">1241.26933333333</dst>
            <dst id="IPLSng">14250.3973333333</dst>
            <dst id="KSCYng">1037.83733333333</dst>
            <dst id="LOSAng">6448.58666666667</dst>
            <dst id="NYCMng">13688.2</dst>
            <dst id="SNVAng">5293.54666666667</dst>
            <dst id="STTLng">13400.8373333333</dst>
            <dst id="WASHng">11865.2373333333</dst>
        </src>
        <src id="KSCYng">
            <dst id="ATLA-M5">323.245333333333</dst>
            <dst id="ATLAng">2974.81333333333</dst>
            <dst id="CHINng">18007.248</dst>
            <dst id="DNVRng">4162.57066666667</dst>
            <dst id="HSTNng">2950.90666666667</dst>
            <dst id="IPLSng">8653.488</dst>
            <dst id="KSCYng">4438.65866666667</dst>
            <dst id="LOSAng">96.5866666666667</dst>
            <dst id="NYCMng">4315.93066666667</dst>
            <dst id="SNVAng">4431.40533333333</dst>
            <dst id="STTLng">1020.968</dst>
            <dst id="WASHng">6176.73066666667</dst>
        </src>
        <src id="LOSAng">
            <dst id="ATLA-M5">0</dst>
            <dst id="ATLAng">9109.59733333333</dst>
            <dst id="CHINng">98277.4506666667</dst>
            <dst id="DNVRng">9361.152</dst>
            <dst id="HSTNng">2857.09866666667</dst>
            <dst id="IPLSng">23429.0826666667</dst>
            <dst id="KSCYng">959.461333333333</dst>
            <dst id="LOSAng">20985.7813333333</dst>
            <dst id="NYCMng">26452.7333333333</dst>
            <dst id="SNVAng">21193.3253333333</dst>
            <dst id="STTLng">27081.6373333333</dst>
            <dst id="WASHng">74502.8346666667</dst>
        </src>
        <src id="NYCMng">
            <dst id="ATLA-M5">172.208</dst>
            <dst id="ATLAng">18167.184</dst>
            <dst id="CHINng">29348.4426666667</dst>
            <dst id="DNVRng">22410.3546666667</dst>
            <dst id="HSTNng">3172.432</dst>
            <dst id="IPLSng">8258.38133333333</dst>
            <dst id="KSCYng">4169.656</dst>
            <dst id="LOSAng">9547.42666666667</dst>
            <dst id="NYCMng">97571.5653333333</dst>
            <dst id="SNVAng">39732.904</dst>
            <dst id="STTLng">16701.1306666667</dst>
            <dst id="WASHng">36521.5786666667</dst>
        </src>
        <src id="SNVAng">
            <dst id="ATLA-M5">0</dst>
            <dst id="ATLAng">65.12</dst>
            <dst id="CHINng">0</dst>
            <dst id="DNVRng">879.637333333333</dst>
            <dst id="HSTNng">26.6666666666667</dst>
            <dst id="IPLSng">311.712</dst>
            <dst id="KSCYng">179.090666666667</dst>
            <dst id="LOSAng">426.882666666667</dst>
            <dst id="NYCMng">8170.66666666667</dst>
            <dst id="SNVAng">34039.2666666667</dst>
            <dst id="STTLng">28264.4773333333</dst>
            <dst id="WASHng">26.6666666666667</dst>
        </src>
        <src id="STTLng">
            <dst id="ATLA-M5">0</dst>
            <dst id="ATLAng">6209.67466666667</dst>
            <dst id="CHINng">19490.6853333333</dst>
            <dst id="DNVRng">3887.52</dst>
            <dst id="HSTNng">4342.83466666667</dst>
            <dst id="IPLSng">9098.944</dst>
            <dst id="KSCYng">299.568</dst>
            <dst id="LOSAng">1959.02133333333</dst>
            <dst id="NYCMng">8567.144</dst>
            <dst id="SNVAng">10244.7706666667</dst>
            <dst id="STTLng">723.282666666667</dst>
            <dst id="WASHng">106280.602666667</dst>
        </src>
        <src id="WASHng">
            <dst id="ATLA-M5">136.690666666667</dst>
            <dst id="ATLAng">87718.04</dst>
            <dst id="CHINng">62084.4986666667</dst>
            <dst id="DNVRng">29181.248</dst>
            <dst id="HSTNng">12320.368</dst>
            <dst id="IPLSng">16777.1013333333</dst>
            <dst id="KSCYng">29560.5253333333</dst>
            <dst id="LOSAng">61344.5093333333</dst>
            <dst id="NYCMng">114741.717333333</dst>
            <dst id="SNVAng">23562.5546666667</dst>
            <dst id="STTLng">21453.336</dst>
            <dst id="WASHng">381249.093333333</dst>
        </src>
    </IntraTM>
</TrafficMatrixFile>
