<?xml version="1.0" encoding="ISO-8859-1" standalone="yes"?>
<TrafficMatrixFile xsi:noNamespaceSchemaLocation="http://totem.run.montefiore.ulg.ac.be/Schema/TrafficMatrix-v1_2.xsd" xmlns:xsi="http://www.w3.org/2001/XMLSchema-instance">
    <IntraTM ASID="11537">
        <src id="ATLA-M5">
            <dst id="ATLA-M5">4014.14133333333</dst>
            <dst id="ATLAng">0</dst>
            <dst id="CHINng">214.632</dst>
            <dst id="DNVRng">0</dst>
            <dst id="HSTNng">0</dst>
            <dst id="IPLSng">40.128</dst>
            <dst id="KSCYng">0</dst>
            <dst id="LOSAng">13.3333333333333</dst>
            <dst id="NYCMng">26.6666666666667</dst>
            <dst id="SNVAng">13.3333333333333</dst>
            <dst id="STTLng">489.429333333333</dst>
            <dst id="WASHng">313.141333333333</dst>
        </src>
        <src id="ATLAng">
            <dst id="ATLA-M5">117.661333333333</dst>
            <dst id="ATLAng">27398.72</dst>
            <dst id="CHINng">10861.4746666667</dst>
            <dst id="DNVRng">2429.17066666667</dst>
            <dst id="HSTNng">6971.416</dst>
            <dst id="IPLSng">19226.9386666667</dst>
            <dst id="KSCYng">804.184</dst>
            <dst id="LOSAng">5967.86666666667</dst>
            <dst id="NYCMng">948.053333333333</dst>
            <dst id="SNVAng">5342.37333333333</dst>
            <dst id="STTLng">1307.32</dst>
            <dst id="WASHng">26185.936</dst>
        </src>
        <src id="CHINng">
            <dst id="ATLA-M5">87.9813333333333</dst>
            <dst id="ATLAng">8274.63466666667</dst>
            <dst id="CHINng">89222.2026666667</dst>
            <dst id="DNVRng">3036.784</dst>
            <dst id="HSTNng">5285.90666666667</dst>
            <dst id="IPLSng">24554.9946666667</dst>
            <dst id="KSCYng">12773.0053333333</dst>
            <dst id="LOSAng">9426.92</dst>
            <dst id="NYCMng">9170.88266666667</dst>
            <dst id="SNVAng">30976.6693333333</dst>
            <dst id="STTLng">8383.26933333333</dst>
            <dst id="WASHng">17449.7386666667</dst>
        </src>
        <src id="DNVRng">
            <dst id="ATLA-M5">225.888</dst>
            <dst id="ATLAng">3532.69066666667</dst>
            <dst id="CHINng">49972.5253333333</dst>
            <dst id="DNVRng">8589.272</dst>
            <dst id="HSTNng">18174.4506666667</dst>
            <dst id="IPLSng">21588.648</dst>
            <dst id="KSCYng">13830.6693333333</dst>
            <dst id="LOSAng">1409.65066666667</dst>
            <dst id="NYCMng">15410.248</dst>
            <dst id="SNVAng">19778.5973333333</dst>
            <dst id="STTLng">10353.472</dst>
            <dst id="WASHng">46418.3786666667</dst>
        </src>
        <src id="HSTNng">
            <dst id="ATLA-M5">85.184</dst>
            <dst id="ATLAng">3101.184</dst>
            <dst id="CHINng">18335.3386666667</dst>
            <dst id="DNVRng">765.352</dst>
            <dst id="HSTNng">19492.1706666667</dst>
            <dst id="IPLSng">415.261333333333</dst>
            <dst id="KSCYng">685.450666666667</dst>
            <dst id="LOSAng">9615.04266666667</dst>
            <dst id="NYCMng">6054.36533333333</dst>
            <dst id="SNVAng">53.3333333333333</dst>
            <dst id="STTLng">1625.16266666667</dst>
            <dst id="WASHng">5128.94666666667</dst>
        </src>
        <src id="IPLSng">
            <dst id="ATLA-M5">3204.688</dst>
            <dst id="ATLAng">12027.88</dst>
            <dst id="CHINng">62022.4373333333</dst>
            <dst id="DNVRng">20211.4906666667</dst>
            <dst id="HSTNng">655.338666666667</dst>
            <dst id="IPLSng">17611.7013333333</dst>
            <dst id="KSCYng">6007.88266666667</dst>
            <dst id="LOSAng">5949.49333333333</dst>
            <dst id="NYCMng">8070.184</dst>
            <dst id="SNVAng">14182.72</dst>
            <dst id="STTLng">11463.3413333333</dst>
            <dst id="WASHng">14186.1493333333</dst>
        </src>
        <src id="KSCYng">
            <dst id="ATLA-M5">26.6666666666667</dst>
            <dst id="ATLAng">2454.78666666667</dst>
            <dst id="CHINng">11384.464</dst>
            <dst id="DNVRng">4279.152</dst>
            <dst id="HSTNng">2916.86933333333</dst>
            <dst id="IPLSng">12342.6586666667</dst>
            <dst id="KSCYng">13217.7493333333</dst>
            <dst id="LOSAng">2698.48266666667</dst>
            <dst id="NYCMng">4080.51733333333</dst>
            <dst id="SNVAng">6741.42666666667</dst>
            <dst id="STTLng">757.197333333333</dst>
            <dst id="WASHng">5851.38666666667</dst>
        </src>
        <src id="LOSAng">
            <dst id="ATLA-M5">0</dst>
            <dst id="ATLAng">4281.59733333333</dst>
            <dst id="CHINng">102194.448</dst>
            <dst id="DNVRng">6398.328</dst>
            <dst id="HSTNng">2529.50933333333</dst>
            <dst id="IPLSng">9617.048</dst>
            <dst id="KSCYng">1185.09333333333</dst>
            <dst id="LOSAng">19805.856</dst>
            <dst id="NYCMng">21441.5013333333</dst>
            <dst id="SNVAng">22387.0853333333</dst>
            <dst id="STTLng">20467.4026666667</dst>
            <dst id="WASHng">67850.944</dst>
        </src>
        <src id="NYCMng">
            <dst id="ATLA-M5">53.3333333333333</dst>
            <dst id="ATLAng">6088.93866666667</dst>
            <dst id="CHINng">27251.2533333333</dst>
            <dst id="DNVRng">22989.3253333333</dst>
            <dst id="HSTNng">3781.47466666667</dst>
            <dst id="IPLSng">4784.42933333333</dst>
            <dst id="KSCYng">4871.52533333333</dst>
            <dst id="LOSAng">8119.816</dst>
            <dst id="NYCMng">87618.784</dst>
            <dst id="SNVAng">54048.1653333333</dst>
            <dst id="STTLng">27245.336</dst>
            <dst id="WASHng">45413.0293333333</dst>
        </src>
        <src id="SNVAng">
            <dst id="ATLA-M5">0</dst>
            <dst id="ATLAng">0</dst>
            <dst id="CHINng">0</dst>
            <dst id="DNVRng">4219.08</dst>
            <dst id="HSTNng">0</dst>
            <dst id="IPLSng">197.578666666667</dst>
            <dst id="KSCYng">0</dst>
            <dst id="LOSAng">3947.80533333333</dst>
            <dst id="NYCMng">26.6666666666667</dst>
            <dst id="SNVAng">34857.5733333333</dst>
            <dst id="STTLng">31410.6773333333</dst>
            <dst id="WASHng">53.3333333333333</dst>
        </src>
        <src id="STTLng">
            <dst id="ATLA-M5">108.616</dst>
            <dst id="ATLAng">4311.78666666667</dst>
            <dst id="CHINng">17208.6666666667</dst>
            <dst id="DNVRng">3169.34133333333</dst>
            <dst id="HSTNng">1380.816</dst>
            <dst id="IPLSng">12431.7146666667</dst>
            <dst id="KSCYng">561.914666666667</dst>
            <dst id="LOSAng">4916.864</dst>
            <dst id="NYCMng">6388.91466666667</dst>
            <dst id="SNVAng">19903.7733333333</dst>
            <dst id="STTLng">2286.904</dst>
            <dst id="WASHng">10228.2373333333</dst>
        </src>
        <src id="WASHng">
            <dst id="ATLA-M5">80</dst>
            <dst id="ATLAng">70835.104</dst>
            <dst id="CHINng">66013.3786666667</dst>
            <dst id="DNVRng">22972.8453333333</dst>
            <dst id="HSTNng">21496.488</dst>
            <dst id="IPLSng">19218.6613333333</dst>
            <dst id="KSCYng">29091.032</dst>
            <dst id="LOSAng">76413.9333333333</dst>
            <dst id="NYCMng">146454.728</dst>
            <dst id="SNVAng">33443.7466666667</dst>
            <dst id="STTLng">21266.3413333333</dst>
            <dst id="WASHng">245028.392</dst>
        </src>
    </IntraTM>
</TrafficMatrixFile>
