<?xml version="1.0" encoding="ISO-8859-1" standalone="yes"?>
<TrafficMatrixFile xsi:noNamespaceSchemaLocation="http://totem.run.montefiore.ulg.ac.be/Schema/TrafficMatrix-v1_2.xsd" xmlns:xsi="http://www.w3.org/2001/XMLSchema-instance">
    <IntraTM ASID="11537">
        <src id="ATLA-M5">
            <dst id="ATLA-M5">0</dst>
            <dst id="ATLAng">0</dst>
            <dst id="CHINng">66.8693333333333</dst>
            <dst id="DNVRng">915.296</dst>
            <dst id="HSTNng">26.6666666666667</dst>
            <dst id="IPLSng">26.6666666666667</dst>
            <dst id="KSCYng">0</dst>
            <dst id="LOSAng">0</dst>
            <dst id="NYCMng">26.6666666666667</dst>
            <dst id="SNVAng">47.1706666666667</dst>
            <dst id="STTLng">59.8773333333333</dst>
            <dst id="WASHng">248.298666666667</dst>
        </src>
        <src id="ATLAng">
            <dst id="ATLA-M5">0</dst>
            <dst id="ATLAng">46174.4026666667</dst>
            <dst id="CHINng">6907.96533333333</dst>
            <dst id="DNVRng">3025.29333333333</dst>
            <dst id="HSTNng">669.482666666667</dst>
            <dst id="IPLSng">13348.928</dst>
            <dst id="KSCYng">533.634666666667</dst>
            <dst id="LOSAng">17815.4533333333</dst>
            <dst id="NYCMng">2028.37333333333</dst>
            <dst id="SNVAng">59.8293333333333</dst>
            <dst id="STTLng">3067.39733333333</dst>
            <dst id="WASHng">33702.536</dst>
        </src>
        <src id="CHINng">
            <dst id="ATLA-M5">65.872</dst>
            <dst id="ATLAng">5935.58666666667</dst>
            <dst id="CHINng">31869.176</dst>
            <dst id="DNVRng">8631.25866666666</dst>
            <dst id="HSTNng">17092.064</dst>
            <dst id="IPLSng">14600.0666666667</dst>
            <dst id="KSCYng">4600.552</dst>
            <dst id="LOSAng">25608.5173333333</dst>
            <dst id="NYCMng">23536.9013333333</dst>
            <dst id="SNVAng">331.992</dst>
            <dst id="STTLng">10594.8453333333</dst>
            <dst id="WASHng">14581.5386666667</dst>
        </src>
        <src id="DNVRng">
            <dst id="ATLA-M5">149.002666666667</dst>
            <dst id="ATLAng">3457.896</dst>
            <dst id="CHINng">44443.544</dst>
            <dst id="DNVRng">13059.416</dst>
            <dst id="HSTNng">24460.792</dst>
            <dst id="IPLSng">30546.8293333333</dst>
            <dst id="KSCYng">18660.5066666667</dst>
            <dst id="LOSAng">6591.256</dst>
            <dst id="NYCMng">14872.4026666667</dst>
            <dst id="SNVAng">8778.65866666667</dst>
            <dst id="STTLng">4601.744</dst>
            <dst id="WASHng">55111.5546666667</dst>
        </src>
        <src id="HSTNng">
            <dst id="ATLA-M5">688.776</dst>
            <dst id="ATLAng">3085.43466666667</dst>
            <dst id="CHINng">6855.39466666667</dst>
            <dst id="DNVRng">1556.88533333333</dst>
            <dst id="HSTNng">13695.5546666667</dst>
            <dst id="IPLSng">2991.792</dst>
            <dst id="KSCYng">1153.72266666667</dst>
            <dst id="LOSAng">8103.26666666667</dst>
            <dst id="NYCMng">2129.09066666667</dst>
            <dst id="SNVAng">0</dst>
            <dst id="STTLng">554.464</dst>
            <dst id="WASHng">2011.33333333333</dst>
        </src>
        <src id="IPLSng">
            <dst id="ATLA-M5">47.9573333333334</dst>
            <dst id="ATLAng">13970.504</dst>
            <dst id="CHINng">23073.9013333333</dst>
            <dst id="DNVRng">7221.84</dst>
            <dst id="HSTNng">341.2</dst>
            <dst id="IPLSng">2081.20266666667</dst>
            <dst id="KSCYng">1327.70933333333</dst>
            <dst id="LOSAng">28575.328</dst>
            <dst id="NYCMng">8401.008</dst>
            <dst id="SNVAng">169.893333333333</dst>
            <dst id="STTLng">5144.15733333333</dst>
            <dst id="WASHng">5419.93066666667</dst>
        </src>
        <src id="KSCYng">
            <dst id="ATLA-M5">0</dst>
            <dst id="ATLAng">2494.896</dst>
            <dst id="CHINng">6277.84</dst>
            <dst id="DNVRng">5563.968</dst>
            <dst id="HSTNng">6426.86666666667</dst>
            <dst id="IPLSng">11279.8293333333</dst>
            <dst id="KSCYng">8591.82666666667</dst>
            <dst id="LOSAng">3623.04266666667</dst>
            <dst id="NYCMng">1098.88533333333</dst>
            <dst id="SNVAng">8922.89866666667</dst>
            <dst id="STTLng">951.714666666667</dst>
            <dst id="WASHng">17834.5893333333</dst>
        </src>
        <src id="LOSAng">
            <dst id="ATLA-M5">53.3333333333333</dst>
            <dst id="ATLAng">9236.34933333334</dst>
            <dst id="CHINng">35121.2426666667</dst>
            <dst id="DNVRng">11532.5093333333</dst>
            <dst id="HSTNng">5372.88533333333</dst>
            <dst id="IPLSng">22258.4293333333</dst>
            <dst id="KSCYng">6616.72</dst>
            <dst id="LOSAng">18562.6133333333</dst>
            <dst id="NYCMng">21979.6746666667</dst>
            <dst id="SNVAng">44679.7226666667</dst>
            <dst id="STTLng">20941.8133333333</dst>
            <dst id="WASHng">83695.6266666667</dst>
        </src>
        <src id="NYCMng">
            <dst id="ATLA-M5">657.821333333333</dst>
            <dst id="ATLAng">5140.97333333333</dst>
            <dst id="CHINng">20666.0106666667</dst>
            <dst id="DNVRng">26255.592</dst>
            <dst id="HSTNng">2844.936</dst>
            <dst id="IPLSng">8638.73066666667</dst>
            <dst id="KSCYng">5704.632</dst>
            <dst id="LOSAng">53042.1306666667</dst>
            <dst id="NYCMng">63730.6666666667</dst>
            <dst id="SNVAng">610.464</dst>
            <dst id="STTLng">13224.528</dst>
            <dst id="WASHng">33927.448</dst>
        </src>
        <src id="SNVAng">
            <dst id="ATLA-M5">0</dst>
            <dst id="ATLAng">53.3333333333333</dst>
            <dst id="CHINng">0</dst>
            <dst id="DNVRng">2187.61866666667</dst>
            <dst id="HSTNng">0</dst>
            <dst id="IPLSng">229.893333333333</dst>
            <dst id="KSCYng">0</dst>
            <dst id="LOSAng">40373.1146666667</dst>
            <dst id="NYCMng">26.6666666666667</dst>
            <dst id="SNVAng">16202.656</dst>
            <dst id="STTLng">57194.1093333333</dst>
            <dst id="WASHng">26.6666666666667</dst>
        </src>
        <src id="STTLng">
            <dst id="ATLA-M5">77.112</dst>
            <dst id="ATLAng">6943.752</dst>
            <dst id="CHINng">8860.632</dst>
            <dst id="DNVRng">1521.95466666667</dst>
            <dst id="HSTNng">667.061333333333</dst>
            <dst id="IPLSng">5144.85066666667</dst>
            <dst id="KSCYng">1677.42933333333</dst>
            <dst id="LOSAng">13155.2746666667</dst>
            <dst id="NYCMng">10102.6613333333</dst>
            <dst id="SNVAng">13187.8906666667</dst>
            <dst id="STTLng">1412.05333333333</dst>
            <dst id="WASHng">7990.17866666666</dst>
        </src>
        <src id="WASHng">
            <dst id="ATLA-M5">205.096</dst>
            <dst id="ATLAng">62545.3626666667</dst>
            <dst id="CHINng">75837.2826666667</dst>
            <dst id="DNVRng">47467.384</dst>
            <dst id="HSTNng">23647.224</dst>
            <dst id="IPLSng">53859.6266666667</dst>
            <dst id="KSCYng">52999.0106666667</dst>
            <dst id="LOSAng">99948.968</dst>
            <dst id="NYCMng">143638.336</dst>
            <dst id="SNVAng">549.970666666667</dst>
            <dst id="STTLng">35385.952</dst>
            <dst id="WASHng">206014.437333333</dst>
        </src>
    </IntraTM>
</TrafficMatrixFile>
