<?xml version="1.0" encoding="ISO-8859-1" standalone="yes"?>
<TrafficMatrixFile xsi:noNamespaceSchemaLocation="http://totem.run.montefiore.ulg.ac.be/Schema/TrafficMatrix-v1_2.xsd" xmlns:xsi="http://www.w3.org/2001/XMLSchema-instance">
    <IntraTM ASID="11537">
        <src id="ATLA-M5">
            <dst id="ATLA-M5">0</dst>
            <dst id="ATLAng">0</dst>
            <dst id="CHINng">500.552</dst>
            <dst id="DNVRng">1218.752</dst>
            <dst id="HSTNng">26.6666666666667</dst>
            <dst id="IPLSng">26.6666666666667</dst>
            <dst id="KSCYng">0</dst>
            <dst id="LOSAng">0</dst>
            <dst id="NYCMng">143.986666666667</dst>
            <dst id="SNVAng">35.5226666666667</dst>
            <dst id="STTLng">64.8586666666667</dst>
            <dst id="WASHng">186.330666666667</dst>
        </src>
        <src id="ATLAng">
            <dst id="ATLA-M5">60.8426666666667</dst>
            <dst id="ATLAng">17861.992</dst>
            <dst id="CHINng">14499.816</dst>
            <dst id="DNVRng">1808.82133333333</dst>
            <dst id="HSTNng">17200.32</dst>
            <dst id="IPLSng">7235.65866666667</dst>
            <dst id="KSCYng">2402.54133333333</dst>
            <dst id="LOSAng">1969.71466666667</dst>
            <dst id="NYCMng">3850.192</dst>
            <dst id="SNVAng">47.3466666666667</dst>
            <dst id="STTLng">1307.45333333333</dst>
            <dst id="WASHng">25259.9413333333</dst>
        </src>
        <src id="CHINng">
            <dst id="ATLA-M5">26.6666666666667</dst>
            <dst id="ATLAng">11033.8906666667</dst>
            <dst id="CHINng">33951.872</dst>
            <dst id="DNVRng">5217.04533333333</dst>
            <dst id="HSTNng">12202.656</dst>
            <dst id="IPLSng">17910.552</dst>
            <dst id="KSCYng">7370.11466666667</dst>
            <dst id="LOSAng">21525.1573333333</dst>
            <dst id="NYCMng">25554.9253333333</dst>
            <dst id="SNVAng">204.821333333333</dst>
            <dst id="STTLng">9878.84266666667</dst>
            <dst id="WASHng">10970.752</dst>
        </src>
        <src id="DNVRng">
            <dst id="ATLA-M5">285.28</dst>
            <dst id="ATLAng">7592.31466666667</dst>
            <dst id="CHINng">43662.856</dst>
            <dst id="DNVRng">8118.96533333333</dst>
            <dst id="HSTNng">29179.2026666667</dst>
            <dst id="IPLSng">40786.4773333333</dst>
            <dst id="KSCYng">13700.5386666667</dst>
            <dst id="LOSAng">5415.904</dst>
            <dst id="NYCMng">13154.4853333333</dst>
            <dst id="SNVAng">7384.28533333333</dst>
            <dst id="STTLng">6228.60266666667</dst>
            <dst id="WASHng">36142.6773333333</dst>
        </src>
        <src id="HSTNng">
            <dst id="ATLA-M5">1450.68266666667</dst>
            <dst id="ATLAng">5341.05066666667</dst>
            <dst id="CHINng">5050.73066666667</dst>
            <dst id="DNVRng">3568.93866666667</dst>
            <dst id="HSTNng">18233.296</dst>
            <dst id="IPLSng">1326.928</dst>
            <dst id="KSCYng">1315.59466666667</dst>
            <dst id="LOSAng">1155.69066666667</dst>
            <dst id="NYCMng">3063.112</dst>
            <dst id="SNVAng">26.6666666666667</dst>
            <dst id="STTLng">3052.23466666667</dst>
            <dst id="WASHng">15794.0986666667</dst>
        </src>
        <src id="IPLSng">
            <dst id="ATLA-M5">0</dst>
            <dst id="ATLAng">7744.728</dst>
            <dst id="CHINng">29811.032</dst>
            <dst id="DNVRng">7512.16</dst>
            <dst id="HSTNng">1979.888</dst>
            <dst id="IPLSng">4035.22666666667</dst>
            <dst id="KSCYng">2163.512</dst>
            <dst id="LOSAng">22587.2826666667</dst>
            <dst id="NYCMng">3647.43466666667</dst>
            <dst id="SNVAng">184.829333333333</dst>
            <dst id="STTLng">8876.25066666666</dst>
            <dst id="WASHng">11778.4293333333</dst>
        </src>
        <src id="KSCYng">
            <dst id="ATLA-M5">0</dst>
            <dst id="ATLAng">3774.81333333333</dst>
            <dst id="CHINng">11450.184</dst>
            <dst id="DNVRng">6546.504</dst>
            <dst id="HSTNng">6505.18933333333</dst>
            <dst id="IPLSng">13905.6186666667</dst>
            <dst id="KSCYng">12352.072</dst>
            <dst id="LOSAng">4289.04</dst>
            <dst id="NYCMng">1143.776</dst>
            <dst id="SNVAng">2402.61333333333</dst>
            <dst id="STTLng">1196.66133333333</dst>
            <dst id="WASHng">12696.5706666667</dst>
        </src>
        <src id="LOSAng">
            <dst id="ATLA-M5">53.3333333333333</dst>
            <dst id="ATLAng">32752.8186666667</dst>
            <dst id="CHINng">47197.5306666667</dst>
            <dst id="DNVRng">7807.38933333334</dst>
            <dst id="HSTNng">3232.26933333333</dst>
            <dst id="IPLSng">10940.8186666667</dst>
            <dst id="KSCYng">4807.016</dst>
            <dst id="LOSAng">9768.01866666667</dst>
            <dst id="NYCMng">20524.08</dst>
            <dst id="SNVAng">23015.1333333333</dst>
            <dst id="STTLng">30015.3226666667</dst>
            <dst id="WASHng">80032.912</dst>
        </src>
        <src id="NYCMng">
            <dst id="ATLA-M5">1215.66666666667</dst>
            <dst id="ATLAng">14412.6453333333</dst>
            <dst id="CHINng">20503.0026666667</dst>
            <dst id="DNVRng">25239.6266666667</dst>
            <dst id="HSTNng">7570.792</dst>
            <dst id="IPLSng">15745.072</dst>
            <dst id="KSCYng">4568.76533333333</dst>
            <dst id="LOSAng">51981.1626666667</dst>
            <dst id="NYCMng">73532.296</dst>
            <dst id="SNVAng">430.36</dst>
            <dst id="STTLng">24817.9546666667</dst>
            <dst id="WASHng">35282.0186666667</dst>
        </src>
        <src id="SNVAng">
            <dst id="ATLA-M5">0</dst>
            <dst id="ATLAng">663.008</dst>
            <dst id="CHINng">85.7493333333333</dst>
            <dst id="DNVRng">1231.216</dst>
            <dst id="HSTNng">0</dst>
            <dst id="IPLSng">248.026666666667</dst>
            <dst id="KSCYng">0</dst>
            <dst id="LOSAng">36244.3333333333</dst>
            <dst id="NYCMng">339.506666666667</dst>
            <dst id="SNVAng">8806.37866666667</dst>
            <dst id="STTLng">38884.472</dst>
            <dst id="WASHng">26.6666666666667</dst>
        </src>
        <src id="STTLng">
            <dst id="ATLA-M5">85.488</dst>
            <dst id="ATLAng">6368.79466666666</dst>
            <dst id="CHINng">16860.824</dst>
            <dst id="DNVRng">1306.12533333333</dst>
            <dst id="HSTNng">1080.42933333333</dst>
            <dst id="IPLSng">6161.432</dst>
            <dst id="KSCYng">2011.96266666667</dst>
            <dst id="LOSAng">9706.85066666667</dst>
            <dst id="NYCMng">14315.144</dst>
            <dst id="SNVAng">9017.70933333333</dst>
            <dst id="STTLng">1520.34933333333</dst>
            <dst id="WASHng">4964.13066666667</dst>
        </src>
        <src id="WASHng">
            <dst id="ATLA-M5">71.2613333333333</dst>
            <dst id="ATLAng">89275.2426666667</dst>
            <dst id="CHINng">53922.6773333333</dst>
            <dst id="DNVRng">54734.8186666667</dst>
            <dst id="HSTNng">35782.8346666667</dst>
            <dst id="IPLSng">42506.3173333333</dst>
            <dst id="KSCYng">22142.808</dst>
            <dst id="LOSAng">102005.093333333</dst>
            <dst id="NYCMng">139866.28</dst>
            <dst id="SNVAng">1663.86666666667</dst>
            <dst id="STTLng">32300.2053333333</dst>
            <dst id="WASHng">245868.282666667</dst>
        </src>
    </IntraTM>
</TrafficMatrixFile>
