<?xml version="1.0" encoding="ISO-8859-1" standalone="yes"?>
<TrafficMatrixFile xsi:noNamespaceSchemaLocation="http://totem.run.montefiore.ulg.ac.be/Schema/TrafficMatrix-v1_2.xsd" xmlns:xsi="http://www.w3.org/2001/XMLSchema-instance">
    <IntraTM ASID="11537">
        <src id="ATLA-M5">
            <dst id="ATLA-M5">26.6666666666667</dst>
            <dst id="ATLAng">26.6666666666667</dst>
            <dst id="CHINng">32</dst>
            <dst id="DNVRng">1134.752</dst>
            <dst id="HSTNng">31.7626666666667</dst>
            <dst id="IPLSng">0</dst>
            <dst id="KSCYng">0</dst>
            <dst id="LOSAng">0</dst>
            <dst id="NYCMng">0</dst>
            <dst id="SNVAng">0</dst>
            <dst id="STTLng">62.8053333333333</dst>
            <dst id="WASHng">452.562666666667</dst>
        </src>
        <src id="ATLAng">
            <dst id="ATLA-M5">136.581333333333</dst>
            <dst id="ATLAng">45025.04</dst>
            <dst id="CHINng">8648.96</dst>
            <dst id="DNVRng">3713.44266666667</dst>
            <dst id="HSTNng">993.901333333333</dst>
            <dst id="IPLSng">19047.4346666667</dst>
            <dst id="KSCYng">488.325333333334</dst>
            <dst id="LOSAng">5227.07333333333</dst>
            <dst id="NYCMng">2966.264</dst>
            <dst id="SNVAng">4999.60666666667</dst>
            <dst id="STTLng">2340.05866666667</dst>
            <dst id="WASHng">50145.9493333333</dst>
        </src>
        <src id="CHINng">
            <dst id="ATLA-M5">458.192</dst>
            <dst id="ATLAng">5113.128</dst>
            <dst id="CHINng">96069.7946666667</dst>
            <dst id="DNVRng">1866.27466666667</dst>
            <dst id="HSTNng">3977.90133333333</dst>
            <dst id="IPLSng">19097.968</dst>
            <dst id="KSCYng">16040.184</dst>
            <dst id="LOSAng">6364.57866666667</dst>
            <dst id="NYCMng">10490.872</dst>
            <dst id="SNVAng">29986.6453333333</dst>
            <dst id="STTLng">9466.992</dst>
            <dst id="WASHng">15330.064</dst>
        </src>
        <src id="DNVRng">
            <dst id="ATLA-M5">102.666666666667</dst>
            <dst id="ATLAng">2935.16266666667</dst>
            <dst id="CHINng">63742.096</dst>
            <dst id="DNVRng">5720.6</dst>
            <dst id="HSTNng">18172.8933333333</dst>
            <dst id="IPLSng">24115.5066666667</dst>
            <dst id="KSCYng">15381.536</dst>
            <dst id="LOSAng">336.085333333333</dst>
            <dst id="NYCMng">15875.5253333333</dst>
            <dst id="SNVAng">16206.48</dst>
            <dst id="STTLng">3619.53866666667</dst>
            <dst id="WASHng">44893.0026666667</dst>
        </src>
        <src id="HSTNng">
            <dst id="ATLA-M5">0</dst>
            <dst id="ATLAng">5174.01333333333</dst>
            <dst id="CHINng">9621.68266666667</dst>
            <dst id="DNVRng">593.952</dst>
            <dst id="HSTNng">12762.2533333333</dst>
            <dst id="IPLSng">595.218666666667</dst>
            <dst id="KSCYng">483.093333333333</dst>
            <dst id="LOSAng">1565.68</dst>
            <dst id="NYCMng">1409.62933333333</dst>
            <dst id="SNVAng">85.0933333333333</dst>
            <dst id="STTLng">3018.53066666667</dst>
            <dst id="WASHng">1591.53866666667</dst>
        </src>
        <src id="IPLSng">
            <dst id="ATLA-M5">0</dst>
            <dst id="ATLAng">7916.86133333333</dst>
            <dst id="CHINng">47971.9466666667</dst>
            <dst id="DNVRng">5232.57066666667</dst>
            <dst id="HSTNng">840.493333333333</dst>
            <dst id="IPLSng">23984.608</dst>
            <dst id="KSCYng">973.309333333333</dst>
            <dst id="LOSAng">6458.39733333333</dst>
            <dst id="NYCMng">29657.3173333333</dst>
            <dst id="SNVAng">13722.9226666667</dst>
            <dst id="STTLng">6806.78933333333</dst>
            <dst id="WASHng">12559.7493333333</dst>
        </src>
        <src id="KSCYng">
            <dst id="ATLA-M5">0</dst>
            <dst id="ATLAng">2492.98133333333</dst>
            <dst id="CHINng">23190.736</dst>
            <dst id="DNVRng">4678.13866666667</dst>
            <dst id="HSTNng">2314.58666666667</dst>
            <dst id="IPLSng">9378.30933333333</dst>
            <dst id="KSCYng">6256.408</dst>
            <dst id="LOSAng">1695.84266666667</dst>
            <dst id="NYCMng">1448.21333333333</dst>
            <dst id="SNVAng">7701.26133333333</dst>
            <dst id="STTLng">750.837333333333</dst>
            <dst id="WASHng">6183.37866666667</dst>
        </src>
        <src id="LOSAng">
            <dst id="ATLA-M5">0</dst>
            <dst id="ATLAng">6120.76266666667</dst>
            <dst id="CHINng">98300.7066666666</dst>
            <dst id="DNVRng">4771.424</dst>
            <dst id="HSTNng">1546.25866666667</dst>
            <dst id="IPLSng">7417.80266666667</dst>
            <dst id="KSCYng">1199.992</dst>
            <dst id="LOSAng">21307.584</dst>
            <dst id="NYCMng">21460.5226666667</dst>
            <dst id="SNVAng">23137.6293333333</dst>
            <dst id="STTLng">16378.224</dst>
            <dst id="WASHng">73302.912</dst>
        </src>
        <src id="NYCMng">
            <dst id="ATLA-M5">54.664</dst>
            <dst id="ATLAng">10677.952</dst>
            <dst id="CHINng">31093</dst>
            <dst id="DNVRng">23527.4933333333</dst>
            <dst id="HSTNng">1718.49866666667</dst>
            <dst id="IPLSng">6781.94666666667</dst>
            <dst id="KSCYng">4294.62133333333</dst>
            <dst id="LOSAng">8414.144</dst>
            <dst id="NYCMng">105671.690666667</dst>
            <dst id="SNVAng">49681.2053333333</dst>
            <dst id="STTLng">21557.1413333333</dst>
            <dst id="WASHng">35180.912</dst>
        </src>
        <src id="SNVAng">
            <dst id="ATLA-M5">0</dst>
            <dst id="ATLAng">54.6666666666667</dst>
            <dst id="CHINng">470.810666666667</dst>
            <dst id="DNVRng">1418.992</dst>
            <dst id="HSTNng">26.6666666666667</dst>
            <dst id="IPLSng">284.461333333333</dst>
            <dst id="KSCYng">64.4906666666667</dst>
            <dst id="LOSAng">1110.048</dst>
            <dst id="NYCMng">2014.33866666667</dst>
            <dst id="SNVAng">35598.336</dst>
            <dst id="STTLng">37695.4506666667</dst>
            <dst id="WASHng">192.901333333333</dst>
        </src>
        <src id="STTLng">
            <dst id="ATLA-M5">26.6666666666667</dst>
            <dst id="ATLAng">5266.60266666667</dst>
            <dst id="CHINng">28760.7866666667</dst>
            <dst id="DNVRng">4907.30933333333</dst>
            <dst id="HSTNng">1250.2</dst>
            <dst id="IPLSng">15057.808</dst>
            <dst id="KSCYng">1183.64533333333</dst>
            <dst id="LOSAng">1812.78666666667</dst>
            <dst id="NYCMng">8657.65866666666</dst>
            <dst id="SNVAng">17844.832</dst>
            <dst id="STTLng">2309.544</dst>
            <dst id="WASHng">9775.66933333334</dst>
        </src>
        <src id="WASHng">
            <dst id="ATLA-M5">106.666666666667</dst>
            <dst id="ATLAng">81541.5866666667</dst>
            <dst id="CHINng">85667.848</dst>
            <dst id="DNVRng">47961.8586666667</dst>
            <dst id="HSTNng">14927.2533333333</dst>
            <dst id="IPLSng">19316.2933333333</dst>
            <dst id="KSCYng">29747.088</dst>
            <dst id="LOSAng">72640.528</dst>
            <dst id="NYCMng">101038.968</dst>
            <dst id="SNVAng">32201.0266666667</dst>
            <dst id="STTLng">17222.4666666667</dst>
            <dst id="WASHng">406005.413333333</dst>
        </src>
    </IntraTM>
</TrafficMatrixFile>
