<?xml version="1.0" encoding="ISO-8859-1" standalone="yes"?>
<TrafficMatrixFile xsi:noNamespaceSchemaLocation="http://totem.run.montefiore.ulg.ac.be/Schema/TrafficMatrix-v1_2.xsd" xmlns:xsi="http://www.w3.org/2001/XMLSchema-instance">
    <IntraTM ASID="11537">
        <src id="ATLA-M5">
            <dst id="ATLA-M5">0</dst>
            <dst id="ATLAng">0</dst>
            <dst id="CHINng">271.104</dst>
            <dst id="DNVRng">0</dst>
            <dst id="HSTNng">41.1493333333333</dst>
            <dst id="IPLSng">36</dst>
            <dst id="KSCYng">0</dst>
            <dst id="LOSAng">48.4266666666667</dst>
            <dst id="NYCMng">26.6666666666667</dst>
            <dst id="SNVAng">0</dst>
            <dst id="STTLng">66.7786666666667</dst>
            <dst id="WASHng">133.952</dst>
        </src>
        <src id="ATLAng">
            <dst id="ATLA-M5">79.56</dst>
            <dst id="ATLAng">41813.1786666667</dst>
            <dst id="CHINng">3568.96</dst>
            <dst id="DNVRng">2441.14933333333</dst>
            <dst id="HSTNng">15401.3333333333</dst>
            <dst id="IPLSng">10277.8986666667</dst>
            <dst id="KSCYng">2395.16</dst>
            <dst id="LOSAng">16926.8053333333</dst>
            <dst id="NYCMng">16412.2746666667</dst>
            <dst id="SNVAng">83.0906666666667</dst>
            <dst id="STTLng">3702.38133333333</dst>
            <dst id="WASHng">36157.9946666667</dst>
        </src>
        <src id="CHINng">
            <dst id="ATLA-M5">45.152</dst>
            <dst id="ATLAng">7364.144</dst>
            <dst id="CHINng">65178.8213333333</dst>
            <dst id="DNVRng">11976.5626666667</dst>
            <dst id="HSTNng">7729</dst>
            <dst id="IPLSng">28478.5386666667</dst>
            <dst id="KSCYng">10666.152</dst>
            <dst id="LOSAng">23879.096</dst>
            <dst id="NYCMng">23792.4773333333</dst>
            <dst id="SNVAng">5531.096</dst>
            <dst id="STTLng">5055.48266666667</dst>
            <dst id="WASHng">17981.2293333333</dst>
        </src>
        <src id="DNVRng">
            <dst id="ATLA-M5">252.266666666667</dst>
            <dst id="ATLAng">7350.64533333333</dst>
            <dst id="CHINng">29950.8053333333</dst>
            <dst id="DNVRng">7919.816</dst>
            <dst id="HSTNng">22211.352</dst>
            <dst id="IPLSng">24895.848</dst>
            <dst id="KSCYng">20597.1466666667</dst>
            <dst id="LOSAng">20047.7493333333</dst>
            <dst id="NYCMng">14980.5733333333</dst>
            <dst id="SNVAng">7197.13066666667</dst>
            <dst id="STTLng">3616.8</dst>
            <dst id="WASHng">32507.2106666667</dst>
        </src>
        <src id="HSTNng">
            <dst id="ATLA-M5">159.024</dst>
            <dst id="ATLAng">3004.62666666667</dst>
            <dst id="CHINng">6841.73333333333</dst>
            <dst id="DNVRng">1908.17066666667</dst>
            <dst id="HSTNng">14838.5626666667</dst>
            <dst id="IPLSng">2094.17866666667</dst>
            <dst id="KSCYng">889.173333333333</dst>
            <dst id="LOSAng">1668.656</dst>
            <dst id="NYCMng">1847.68266666667</dst>
            <dst id="SNVAng">26.6666666666667</dst>
            <dst id="STTLng">608.450666666667</dst>
            <dst id="WASHng">4490.136</dst>
        </src>
        <src id="IPLSng">
            <dst id="ATLA-M5">53.3333333333333</dst>
            <dst id="ATLAng">10457.8693333333</dst>
            <dst id="CHINng">46636.5733333333</dst>
            <dst id="DNVRng">6777.50133333333</dst>
            <dst id="HSTNng">1923.41333333333</dst>
            <dst id="IPLSng">30858.264</dst>
            <dst id="KSCYng">6772.312</dst>
            <dst id="LOSAng">14425.184</dst>
            <dst id="NYCMng">5557.47733333333</dst>
            <dst id="SNVAng">575.2</dst>
            <dst id="STTLng">11519.9813333333</dst>
            <dst id="WASHng">18875.9306666667</dst>
        </src>
        <src id="KSCYng">
            <dst id="ATLA-M5">0</dst>
            <dst id="ATLAng">4944.368</dst>
            <dst id="CHINng">8729.768</dst>
            <dst id="DNVRng">8317</dst>
            <dst id="HSTNng">2813.74666666667</dst>
            <dst id="IPLSng">10979.208</dst>
            <dst id="KSCYng">8115.568</dst>
            <dst id="LOSAng">3314.184</dst>
            <dst id="NYCMng">3576.14933333333</dst>
            <dst id="SNVAng">1999.60533333333</dst>
            <dst id="STTLng">5398.12</dst>
            <dst id="WASHng">11371.8506666667</dst>
        </src>
        <src id="LOSAng">
            <dst id="ATLA-M5">919.434666666667</dst>
            <dst id="ATLAng">15080.176</dst>
            <dst id="CHINng">54696.7226666667</dst>
            <dst id="DNVRng">14439.0293333333</dst>
            <dst id="HSTNng">3271.416</dst>
            <dst id="IPLSng">31547.6053333333</dst>
            <dst id="KSCYng">2319.70133333333</dst>
            <dst id="LOSAng">8052.36</dst>
            <dst id="NYCMng">19559.032</dst>
            <dst id="SNVAng">29612.2346666667</dst>
            <dst id="STTLng">33032.6453333333</dst>
            <dst id="WASHng">87423.4853333333</dst>
        </src>
        <src id="NYCMng">
            <dst id="ATLA-M5">420.872</dst>
            <dst id="ATLAng">19476.1066666667</dst>
            <dst id="CHINng">29474.84</dst>
            <dst id="DNVRng">24413.056</dst>
            <dst id="HSTNng">8645.31733333333</dst>
            <dst id="IPLSng">9605.90933333333</dst>
            <dst id="KSCYng">8111.85866666667</dst>
            <dst id="LOSAng">53312.52</dst>
            <dst id="NYCMng">87958.1893333333</dst>
            <dst id="SNVAng">646.570666666667</dst>
            <dst id="STTLng">21152.48</dst>
            <dst id="WASHng">40336.2293333333</dst>
        </src>
        <src id="SNVAng">
            <dst id="ATLA-M5">0</dst>
            <dst id="ATLAng">26.6666666666667</dst>
            <dst id="CHINng">26.6666666666667</dst>
            <dst id="DNVRng">593.84</dst>
            <dst id="HSTNng">28.672</dst>
            <dst id="IPLSng">9495.82666666667</dst>
            <dst id="KSCYng">0</dst>
            <dst id="LOSAng">26544.9706666667</dst>
            <dst id="NYCMng">143.557333333333</dst>
            <dst id="SNVAng">6194.87733333333</dst>
            <dst id="STTLng">30945.5573333333</dst>
            <dst id="WASHng">0</dst>
        </src>
        <src id="STTLng">
            <dst id="ATLA-M5">304.832</dst>
            <dst id="ATLAng">9781.72</dst>
            <dst id="CHINng">15215.1973333333</dst>
            <dst id="DNVRng">2745.01066666667</dst>
            <dst id="HSTNng">779.058666666667</dst>
            <dst id="IPLSng">6497.608</dst>
            <dst id="KSCYng">2127.864</dst>
            <dst id="LOSAng">10354.7706666667</dst>
            <dst id="NYCMng">11125.472</dst>
            <dst id="SNVAng">8423.89066666667</dst>
            <dst id="STTLng">811.344</dst>
            <dst id="WASHng">5155.824</dst>
        </src>
        <src id="WASHng">
            <dst id="ATLA-M5">366.282666666667</dst>
            <dst id="ATLAng">45511.1546666667</dst>
            <dst id="CHINng">77618.5013333333</dst>
            <dst id="DNVRng">63797.808</dst>
            <dst id="HSTNng">13179.6586666667</dst>
            <dst id="IPLSng">44756.3253333333</dst>
            <dst id="KSCYng">29576.1226666667</dst>
            <dst id="LOSAng">105465.501333333</dst>
            <dst id="NYCMng">223372.426666667</dst>
            <dst id="SNVAng">1652.384</dst>
            <dst id="STTLng">31954.832</dst>
            <dst id="WASHng">158313.629333333</dst>
        </src>
    </IntraTM>
</TrafficMatrixFile>
