<?xml version="1.0" encoding="ISO-8859-1" standalone="yes"?>
<TrafficMatrixFile xsi:noNamespaceSchemaLocation="http://totem.run.montefiore.ulg.ac.be/Schema/TrafficMatrix-v1_2.xsd" xmlns:xsi="http://www.w3.org/2001/XMLSchema-instance">
    <IntraTM ASID="11537">
        <src id="ATLA-M5">
            <dst id="ATLA-M5">26.6666666666667</dst>
            <dst id="ATLAng">0</dst>
            <dst id="CHINng">98.8293333333333</dst>
            <dst id="DNVRng">1125.99466666667</dst>
            <dst id="HSTNng">51.8106666666667</dst>
            <dst id="IPLSng">0</dst>
            <dst id="KSCYng">0</dst>
            <dst id="LOSAng">0</dst>
            <dst id="NYCMng">0</dst>
            <dst id="SNVAng">0</dst>
            <dst id="STTLng">26.6666666666667</dst>
            <dst id="WASHng">434.765333333333</dst>
        </src>
        <src id="ATLAng">
            <dst id="ATLA-M5">71.5893333333333</dst>
            <dst id="ATLAng">29026.752</dst>
            <dst id="CHINng">8542.75733333333</dst>
            <dst id="DNVRng">2245.23733333333</dst>
            <dst id="HSTNng">620.466666666667</dst>
            <dst id="IPLSng">13762.2533333333</dst>
            <dst id="KSCYng">333.962666666667</dst>
            <dst id="LOSAng">5487.50533333333</dst>
            <dst id="NYCMng">7050.42133333333</dst>
            <dst id="SNVAng">4891.75866666667</dst>
            <dst id="STTLng">2163.68533333333</dst>
            <dst id="WASHng">30301.648</dst>
        </src>
        <src id="CHINng">
            <dst id="ATLA-M5">234.285333333333</dst>
            <dst id="ATLAng">3306.74666666667</dst>
            <dst id="CHINng">99731.28</dst>
            <dst id="DNVRng">2081.928</dst>
            <dst id="HSTNng">5422.68</dst>
            <dst id="IPLSng">13763.8666666667</dst>
            <dst id="KSCYng">2428.256</dst>
            <dst id="LOSAng">7482.26133333333</dst>
            <dst id="NYCMng">6036.97866666667</dst>
            <dst id="SNVAng">19688.04</dst>
            <dst id="STTLng">21548.7466666667</dst>
            <dst id="WASHng">8728.39466666667</dst>
        </src>
        <src id="DNVRng">
            <dst id="ATLA-M5">176.586666666667</dst>
            <dst id="ATLAng">3044.52266666667</dst>
            <dst id="CHINng">49649.056</dst>
            <dst id="DNVRng">5826.18666666667</dst>
            <dst id="HSTNng">20091.4693333333</dst>
            <dst id="IPLSng">23114.024</dst>
            <dst id="KSCYng">15718.3733333333</dst>
            <dst id="LOSAng">1902.08</dst>
            <dst id="NYCMng">14756.6026666667</dst>
            <dst id="SNVAng">16437.4986666667</dst>
            <dst id="STTLng">3917.42133333333</dst>
            <dst id="WASHng">42762.12</dst>
        </src>
        <src id="HSTNng">
            <dst id="ATLA-M5">1890.59733333333</dst>
            <dst id="ATLAng">16061.128</dst>
            <dst id="CHINng">9085.82933333333</dst>
            <dst id="DNVRng">742.349333333333</dst>
            <dst id="HSTNng">19175.496</dst>
            <dst id="IPLSng">473.792</dst>
            <dst id="KSCYng">806.538666666667</dst>
            <dst id="LOSAng">11319.1973333333</dst>
            <dst id="NYCMng">979.472</dst>
            <dst id="SNVAng">26.6666666666667</dst>
            <dst id="STTLng">2234.58933333333</dst>
            <dst id="WASHng">1300.42133333333</dst>
        </src>
        <src id="IPLSng">
            <dst id="ATLA-M5">26.6666666666667</dst>
            <dst id="ATLAng">24522.552</dst>
            <dst id="CHINng">69458.0826666667</dst>
            <dst id="DNVRng">5281.744</dst>
            <dst id="HSTNng">731.770666666667</dst>
            <dst id="IPLSng">4201.42666666667</dst>
            <dst id="KSCYng">1291.992</dst>
            <dst id="LOSAng">3799.872</dst>
            <dst id="NYCMng">11553.384</dst>
            <dst id="SNVAng">15949.9866666667</dst>
            <dst id="STTLng">5319.96</dst>
            <dst id="WASHng">4356.024</dst>
        </src>
        <src id="KSCYng">
            <dst id="ATLA-M5">0</dst>
            <dst id="ATLAng">2315.528</dst>
            <dst id="CHINng">18468.8826666667</dst>
            <dst id="DNVRng">4324.78133333333</dst>
            <dst id="HSTNng">2909.56533333333</dst>
            <dst id="IPLSng">9864.76533333333</dst>
            <dst id="KSCYng">8436.38933333333</dst>
            <dst id="LOSAng">2349.52</dst>
            <dst id="NYCMng">1420.32</dst>
            <dst id="SNVAng">4357.38133333333</dst>
            <dst id="STTLng">611.485333333333</dst>
            <dst id="WASHng">5534.048</dst>
        </src>
        <src id="LOSAng">
            <dst id="ATLA-M5">0</dst>
            <dst id="ATLAng">8943.25866666667</dst>
            <dst id="CHINng">109863.994666667</dst>
            <dst id="DNVRng">7162.128</dst>
            <dst id="HSTNng">2162.31733333333</dst>
            <dst id="IPLSng">7160.77866666667</dst>
            <dst id="KSCYng">815.693333333333</dst>
            <dst id="LOSAng">18643.6186666667</dst>
            <dst id="NYCMng">20661.7733333333</dst>
            <dst id="SNVAng">26841.9706666667</dst>
            <dst id="STTLng">15791.736</dst>
            <dst id="WASHng">93049.9786666667</dst>
        </src>
        <src id="NYCMng">
            <dst id="ATLA-M5">3143.096</dst>
            <dst id="ATLAng">10532.4186666667</dst>
            <dst id="CHINng">27160.1493333333</dst>
            <dst id="DNVRng">23635.8506666667</dst>
            <dst id="HSTNng">1280.62933333333</dst>
            <dst id="IPLSng">5207.82666666667</dst>
            <dst id="KSCYng">3396.88</dst>
            <dst id="LOSAng">8654.14666666667</dst>
            <dst id="NYCMng">74344.8426666667</dst>
            <dst id="SNVAng">46195.8933333333</dst>
            <dst id="STTLng">29518.3893333333</dst>
            <dst id="WASHng">57240.6506666667</dst>
        </src>
        <src id="SNVAng">
            <dst id="ATLA-M5">0</dst>
            <dst id="ATLAng">61.7146666666667</dst>
            <dst id="CHINng">26.6666666666667</dst>
            <dst id="DNVRng">2570.192</dst>
            <dst id="HSTNng">0</dst>
            <dst id="IPLSng">211.088</dst>
            <dst id="KSCYng">0</dst>
            <dst id="LOSAng">4648.85066666667</dst>
            <dst id="NYCMng">8311.53066666667</dst>
            <dst id="SNVAng">30227.2933333333</dst>
            <dst id="STTLng">34141.4186666667</dst>
            <dst id="WASHng">0</dst>
        </src>
        <src id="STTLng">
            <dst id="ATLA-M5">0</dst>
            <dst id="ATLAng">4144.78933333333</dst>
            <dst id="CHINng">20623.0906666667</dst>
            <dst id="DNVRng">4439.096</dst>
            <dst id="HSTNng">2770.35733333333</dst>
            <dst id="IPLSng">23898.8346666667</dst>
            <dst id="KSCYng">697.552</dst>
            <dst id="LOSAng">3040.98933333333</dst>
            <dst id="NYCMng">7215.80533333333</dst>
            <dst id="SNVAng">16311.5573333333</dst>
            <dst id="STTLng">1479.56266666667</dst>
            <dst id="WASHng">8731.86933333333</dst>
        </src>
        <src id="WASHng">
            <dst id="ATLA-M5">100.16</dst>
            <dst id="ATLAng">96509.9626666667</dst>
            <dst id="CHINng">66253.408</dst>
            <dst id="DNVRng">44443.312</dst>
            <dst id="HSTNng">18184.032</dst>
            <dst id="IPLSng">13645.44</dst>
            <dst id="KSCYng">27239.8853333333</dst>
            <dst id="LOSAng">70572.7146666667</dst>
            <dst id="NYCMng">106124.178666667</dst>
            <dst id="SNVAng">38106.6213333333</dst>
            <dst id="STTLng">12956.3546666667</dst>
            <dst id="WASHng">336183.92</dst>
        </src>
    </IntraTM>
</TrafficMatrixFile>
