<?xml version="1.0" encoding="ISO-8859-1" standalone="yes"?>
<TrafficMatrixFile xsi:noNamespaceSchemaLocation="http://totem.run.montefiore.ulg.ac.be/Schema/TrafficMatrix-v1_2.xsd" xmlns:xsi="http://www.w3.org/2001/XMLSchema-instance">
    <IntraTM ASID="11537">
        <src id="ATLA-M5">
            <dst id="ATLA-M5">0</dst>
            <dst id="ATLAng">0</dst>
            <dst id="CHINng">193.477333333333</dst>
            <dst id="DNVRng">1014.112</dst>
            <dst id="HSTNng">26.6666666666667</dst>
            <dst id="IPLSng">0</dst>
            <dst id="KSCYng">0</dst>
            <dst id="LOSAng">28.128</dst>
            <dst id="NYCMng">38.6133333333333</dst>
            <dst id="SNVAng">0</dst>
            <dst id="STTLng">55.1253333333333</dst>
            <dst id="WASHng">62.8373333333333</dst>
        </src>
        <src id="ATLAng">
            <dst id="ATLA-M5">26.6666666666667</dst>
            <dst id="ATLAng">26001.824</dst>
            <dst id="CHINng">5608.45866666667</dst>
            <dst id="DNVRng">4019.152</dst>
            <dst id="HSTNng">331.696</dst>
            <dst id="IPLSng">14173.7573333333</dst>
            <dst id="KSCYng">376.656</dst>
            <dst id="LOSAng">13066.4773333333</dst>
            <dst id="NYCMng">4108.45066666667</dst>
            <dst id="SNVAng">1589.31733333333</dst>
            <dst id="STTLng">4629.31466666667</dst>
            <dst id="WASHng">31024.4266666667</dst>
        </src>
        <src id="CHINng">
            <dst id="ATLA-M5">26.6666666666667</dst>
            <dst id="ATLAng">4992.752</dst>
            <dst id="CHINng">32738.0106666667</dst>
            <dst id="DNVRng">7775.84</dst>
            <dst id="HSTNng">3706.384</dst>
            <dst id="IPLSng">20679.944</dst>
            <dst id="KSCYng">4213.768</dst>
            <dst id="LOSAng">25913.2053333333</dst>
            <dst id="NYCMng">21654.0906666667</dst>
            <dst id="SNVAng">2829.92</dst>
            <dst id="STTLng">3464.44</dst>
            <dst id="WASHng">18649.7013333333</dst>
        </src>
        <src id="DNVRng">
            <dst id="ATLA-M5">231.84</dst>
            <dst id="ATLAng">9802.504</dst>
            <dst id="CHINng">38709.92</dst>
            <dst id="DNVRng">10696.0666666667</dst>
            <dst id="HSTNng">23519.672</dst>
            <dst id="IPLSng">31592.6133333333</dst>
            <dst id="KSCYng">21644.9146666667</dst>
            <dst id="LOSAng">2692.36266666667</dst>
            <dst id="NYCMng">12572.1093333333</dst>
            <dst id="SNVAng">6826.56266666667</dst>
            <dst id="STTLng">4766.69333333333</dst>
            <dst id="WASHng">47738.3066666667</dst>
        </src>
        <src id="HSTNng">
            <dst id="ATLA-M5">292.725333333333</dst>
            <dst id="ATLAng">1938.992</dst>
            <dst id="CHINng">7847.528</dst>
            <dst id="DNVRng">709.290666666667</dst>
            <dst id="HSTNng">18216.28</dst>
            <dst id="IPLSng">3458.392</dst>
            <dst id="KSCYng">757.896</dst>
            <dst id="LOSAng">1696.81066666667</dst>
            <dst id="NYCMng">1147.112</dst>
            <dst id="SNVAng">26.6666666666667</dst>
            <dst id="STTLng">725.656</dst>
            <dst id="WASHng">2008.136</dst>
        </src>
        <src id="IPLSng">
            <dst id="ATLA-M5">0</dst>
            <dst id="ATLAng">3901.13333333333</dst>
            <dst id="CHINng">32093.2986666667</dst>
            <dst id="DNVRng">10281.0986666667</dst>
            <dst id="HSTNng">7348.17066666667</dst>
            <dst id="IPLSng">10927.2826666667</dst>
            <dst id="KSCYng">2065.936</dst>
            <dst id="LOSAng">8438.968</dst>
            <dst id="NYCMng">8066.82666666667</dst>
            <dst id="SNVAng">204.936</dst>
            <dst id="STTLng">11994.0746666667</dst>
            <dst id="WASHng">6732.31733333333</dst>
        </src>
        <src id="KSCYng">
            <dst id="ATLA-M5">0</dst>
            <dst id="ATLAng">2255.048</dst>
            <dst id="CHINng">7441.63466666667</dst>
            <dst id="DNVRng">5693.144</dst>
            <dst id="HSTNng">11130.6773333333</dst>
            <dst id="IPLSng">9071.44266666667</dst>
            <dst id="KSCYng">5512.98133333333</dst>
            <dst id="LOSAng">3929.776</dst>
            <dst id="NYCMng">1082.89066666667</dst>
            <dst id="SNVAng">2418.14133333333</dst>
            <dst id="STTLng">6696.13066666667</dst>
            <dst id="WASHng">8484.368</dst>
        </src>
        <src id="LOSAng">
            <dst id="ATLA-M5">29.9306666666667</dst>
            <dst id="ATLAng">5098.416</dst>
            <dst id="CHINng">36399.9493333333</dst>
            <dst id="DNVRng">4402.36266666667</dst>
            <dst id="HSTNng">10199.4213333333</dst>
            <dst id="IPLSng">6831.52</dst>
            <dst id="KSCYng">2349.57333333333</dst>
            <dst id="LOSAng">4218.23733333333</dst>
            <dst id="NYCMng">30744.464</dst>
            <dst id="SNVAng">20694.4586666667</dst>
            <dst id="STTLng">19093.888</dst>
            <dst id="WASHng">79770.6053333333</dst>
        </src>
        <src id="NYCMng">
            <dst id="ATLA-M5">112.322666666667</dst>
            <dst id="ATLAng">6018.36266666667</dst>
            <dst id="CHINng">15962.816</dst>
            <dst id="DNVRng">20599.7253333333</dst>
            <dst id="HSTNng">1494.608</dst>
            <dst id="IPLSng">7597.01066666667</dst>
            <dst id="KSCYng">4286.93333333333</dst>
            <dst id="LOSAng">57289.824</dst>
            <dst id="NYCMng">50557.7573333333</dst>
            <dst id="SNVAng">2967.648</dst>
            <dst id="STTLng">13678.624</dst>
            <dst id="WASHng">44578.9626666667</dst>
        </src>
        <src id="SNVAng">
            <dst id="ATLA-M5">0</dst>
            <dst id="ATLAng">65.9653333333333</dst>
            <dst id="CHINng">26.6666666666667</dst>
            <dst id="DNVRng">2293.54133333333</dst>
            <dst id="HSTNng">0</dst>
            <dst id="IPLSng">188.693333333333</dst>
            <dst id="KSCYng">0</dst>
            <dst id="LOSAng">30557.2426666667</dst>
            <dst id="NYCMng">26.6666666666667</dst>
            <dst id="SNVAng">7198.23466666667</dst>
            <dst id="STTLng">33621.5253333333</dst>
            <dst id="WASHng">26.6666666666667</dst>
        </src>
        <src id="STTLng">
            <dst id="ATLA-M5">102.949333333333</dst>
            <dst id="ATLAng">6527.20533333333</dst>
            <dst id="CHINng">10693.5333333333</dst>
            <dst id="DNVRng">1372.03733333333</dst>
            <dst id="HSTNng">1043.46933333333</dst>
            <dst id="IPLSng">4481.69333333333</dst>
            <dst id="KSCYng">1344.24533333333</dst>
            <dst id="LOSAng">8623.25333333333</dst>
            <dst id="NYCMng">7971.99466666667</dst>
            <dst id="SNVAng">7223.34133333333</dst>
            <dst id="STTLng">1020.09066666667</dst>
            <dst id="WASHng">5983.544</dst>
        </src>
        <src id="WASHng">
            <dst id="ATLA-M5">404.864</dst>
            <dst id="ATLAng">77414.8106666667</dst>
            <dst id="CHINng">82486.6453333333</dst>
            <dst id="DNVRng">50812.2293333333</dst>
            <dst id="HSTNng">32503.2773333333</dst>
            <dst id="IPLSng">80956.9306666667</dst>
            <dst id="KSCYng">26575.96</dst>
            <dst id="LOSAng">94130.232</dst>
            <dst id="NYCMng">144768.826666667</dst>
            <dst id="SNVAng">4878.44266666667</dst>
            <dst id="STTLng">20170.208</dst>
            <dst id="WASHng">207512.562666667</dst>
        </src>
    </IntraTM>
</TrafficMatrixFile>
