<?xml version="1.0" encoding="ISO-8859-1" standalone="yes"?>
<TrafficMatrixFile xsi:noNamespaceSchemaLocation="http://totem.run.montefiore.ulg.ac.be/Schema/TrafficMatrix-v1_2.xsd" xmlns:xsi="http://www.w3.org/2001/XMLSchema-instance">
    <IntraTM ASID="11537">
        <src id="ATLA-M5">
            <dst id="ATLA-M5">0</dst>
            <dst id="ATLAng">26.6666666666667</dst>
            <dst id="CHINng">105.162666666667</dst>
            <dst id="DNVRng">26.6666666666667</dst>
            <dst id="HSTNng">219.538666666667</dst>
            <dst id="IPLSng">0</dst>
            <dst id="KSCYng">0</dst>
            <dst id="LOSAng">51.6906666666667</dst>
            <dst id="NYCMng">120.845333333333</dst>
            <dst id="SNVAng">172.970666666667</dst>
            <dst id="STTLng">92.384</dst>
            <dst id="WASHng">80</dst>
        </src>
        <src id="ATLAng">
            <dst id="ATLA-M5">26.6666666666667</dst>
            <dst id="ATLAng">31618.6213333333</dst>
            <dst id="CHINng">4758.53066666667</dst>
            <dst id="DNVRng">6419.56533333333</dst>
            <dst id="HSTNng">3812.54133333333</dst>
            <dst id="IPLSng">8264.17866666666</dst>
            <dst id="KSCYng">383.192</dst>
            <dst id="LOSAng">3612.496</dst>
            <dst id="NYCMng">3478.61333333333</dst>
            <dst id="SNVAng">26.6666666666667</dst>
            <dst id="STTLng">2075.31733333333</dst>
            <dst id="WASHng">25373.8746666667</dst>
        </src>
        <src id="CHINng">
            <dst id="ATLA-M5">165.053333333333</dst>
            <dst id="ATLAng">14033.1733333333</dst>
            <dst id="CHINng">50150.6693333333</dst>
            <dst id="DNVRng">8549.47733333333</dst>
            <dst id="HSTNng">9249.44533333333</dst>
            <dst id="IPLSng">44317.432</dst>
            <dst id="KSCYng">6086.23733333333</dst>
            <dst id="LOSAng">19561.1386666667</dst>
            <dst id="NYCMng">23455.0533333333</dst>
            <dst id="SNVAng">434.24</dst>
            <dst id="STTLng">7882.432</dst>
            <dst id="WASHng">18230.9733333333</dst>
        </src>
        <src id="DNVRng">
            <dst id="ATLA-M5">369.109333333333</dst>
            <dst id="ATLAng">8156.57066666667</dst>
            <dst id="CHINng">46337.7386666667</dst>
            <dst id="DNVRng">12417.6293333333</dst>
            <dst id="HSTNng">24657.0026666667</dst>
            <dst id="IPLSng">36264.3226666667</dst>
            <dst id="KSCYng">16142.208</dst>
            <dst id="LOSAng">17322.1306666667</dst>
            <dst id="NYCMng">17858.6746666667</dst>
            <dst id="SNVAng">7243.31733333333</dst>
            <dst id="STTLng">5655.00266666667</dst>
            <dst id="WASHng">37355.9466666667</dst>
        </src>
        <src id="HSTNng">
            <dst id="ATLA-M5">608.954666666667</dst>
            <dst id="ATLAng">7109.24533333333</dst>
            <dst id="CHINng">6219.47733333333</dst>
            <dst id="DNVRng">1908.35466666667</dst>
            <dst id="HSTNng">16199.9413333333</dst>
            <dst id="IPLSng">793.589333333333</dst>
            <dst id="KSCYng">1992.10666666667</dst>
            <dst id="LOSAng">5704.21333333333</dst>
            <dst id="NYCMng">6370.18933333333</dst>
            <dst id="SNVAng">26.6666666666667</dst>
            <dst id="STTLng">842.461333333333</dst>
            <dst id="WASHng">11545.6026666667</dst>
        </src>
        <src id="IPLSng">
            <dst id="ATLA-M5">0</dst>
            <dst id="ATLAng">8579.6</dst>
            <dst id="CHINng">22887.3786666667</dst>
            <dst id="DNVRng">12937.32</dst>
            <dst id="HSTNng">2069.44266666667</dst>
            <dst id="IPLSng">5768.408</dst>
            <dst id="KSCYng">2084.78666666667</dst>
            <dst id="LOSAng">10725.864</dst>
            <dst id="NYCMng">18006.504</dst>
            <dst id="SNVAng">512.754666666667</dst>
            <dst id="STTLng">5454.66133333333</dst>
            <dst id="WASHng">11210.12</dst>
        </src>
        <src id="KSCYng">
            <dst id="ATLA-M5">0</dst>
            <dst id="ATLAng">3328.34133333333</dst>
            <dst id="CHINng">12699.6266666667</dst>
            <dst id="DNVRng">4388.75466666667</dst>
            <dst id="HSTNng">7317.21066666667</dst>
            <dst id="IPLSng">16230.0666666667</dst>
            <dst id="KSCYng">18466.2933333333</dst>
            <dst id="LOSAng">5704.752</dst>
            <dst id="NYCMng">677.218666666667</dst>
            <dst id="SNVAng">2179.79733333333</dst>
            <dst id="STTLng">975.626666666667</dst>
            <dst id="WASHng">8755.296</dst>
        </src>
        <src id="LOSAng">
            <dst id="ATLA-M5">31.08</dst>
            <dst id="ATLAng">49127.5706666667</dst>
            <dst id="CHINng">48510.6266666667</dst>
            <dst id="DNVRng">8708.17066666667</dst>
            <dst id="HSTNng">5931.608</dst>
            <dst id="IPLSng">8762.46666666667</dst>
            <dst id="KSCYng">4432.456</dst>
            <dst id="LOSAng">9150.90933333333</dst>
            <dst id="NYCMng">22591.2</dst>
            <dst id="SNVAng">25078.1866666667</dst>
            <dst id="STTLng">22538.0506666667</dst>
            <dst id="WASHng">80217.76</dst>
        </src>
        <src id="NYCMng">
            <dst id="ATLA-M5">1324.93866666667</dst>
            <dst id="ATLAng">17328.0346666667</dst>
            <dst id="CHINng">24184.6746666667</dst>
            <dst id="DNVRng">21551.6533333333</dst>
            <dst id="HSTNng">4712.312</dst>
            <dst id="IPLSng">7076.18666666667</dst>
            <dst id="KSCYng">5245.66133333333</dst>
            <dst id="LOSAng">46016.672</dst>
            <dst id="NYCMng">92251.2426666667</dst>
            <dst id="SNVAng">506.621333333333</dst>
            <dst id="STTLng">20543.312</dst>
            <dst id="WASHng">40322.5706666667</dst>
        </src>
        <src id="SNVAng">
            <dst id="ATLA-M5">0</dst>
            <dst id="ATLAng">364.469333333333</dst>
            <dst id="CHINng">182.666666666667</dst>
            <dst id="DNVRng">2147.888</dst>
            <dst id="HSTNng">80</dst>
            <dst id="IPLSng">215.456</dst>
            <dst id="KSCYng">26.6666666666667</dst>
            <dst id="LOSAng">29258.176</dst>
            <dst id="NYCMng">179.768</dst>
            <dst id="SNVAng">7796.53866666667</dst>
            <dst id="STTLng">39684.4506666667</dst>
            <dst id="WASHng">0</dst>
        </src>
        <src id="STTLng">
            <dst id="ATLA-M5">365.005333333333</dst>
            <dst id="ATLAng">6695.584</dst>
            <dst id="CHINng">12386.192</dst>
            <dst id="DNVRng">2753.25333333333</dst>
            <dst id="HSTNng">11625.6666666667</dst>
            <dst id="IPLSng">5261.00533333333</dst>
            <dst id="KSCYng">3487.93333333333</dst>
            <dst id="LOSAng">9267</dst>
            <dst id="NYCMng">14827.8933333333</dst>
            <dst id="SNVAng">10225.7546666667</dst>
            <dst id="STTLng">2324.29066666667</dst>
            <dst id="WASHng">9143.33866666667</dst>
        </src>
        <src id="WASHng">
            <dst id="ATLA-M5">4014.50666666667</dst>
            <dst id="ATLAng">75575.88</dst>
            <dst id="CHINng">65165.6693333333</dst>
            <dst id="DNVRng">51456</dst>
            <dst id="HSTNng">21661.8693333333</dst>
            <dst id="IPLSng">47997.32</dst>
            <dst id="KSCYng">24251.1306666667</dst>
            <dst id="LOSAng">78641.8426666667</dst>
            <dst id="NYCMng">135880.04</dst>
            <dst id="SNVAng">1256.39733333333</dst>
            <dst id="STTLng">14117.9733333333</dst>
            <dst id="WASHng">217412.042666667</dst>
        </src>
    </IntraTM>
</TrafficMatrixFile>
