<?xml version="1.0" encoding="ISO-8859-1" standalone="yes"?>
<TrafficMatrixFile xsi:noNamespaceSchemaLocation="http://totem.run.montefiore.ulg.ac.be/Schema/TrafficMatrix-v1_2.xsd" xmlns:xsi="http://www.w3.org/2001/XMLSchema-instance">
    <IntraTM ASID="11537">
        <src id="ATLA-M5">
            <dst id="ATLA-M5">241.469333333333</dst>
            <dst id="ATLAng">335.368</dst>
            <dst id="CHINng">420.157333333333</dst>
            <dst id="DNVRng">26.6666666666667</dst>
            <dst id="HSTNng">145.704</dst>
            <dst id="IPLSng">121.333333333333</dst>
            <dst id="KSCYng">53.3333333333333</dst>
            <dst id="LOSAng">26.6666666666667</dst>
            <dst id="NYCMng">262.68</dst>
            <dst id="SNVAng">0</dst>
            <dst id="STTLng">53.3333333333333</dst>
            <dst id="WASHng">663.408</dst>
        </src>
        <src id="ATLAng">
            <dst id="ATLA-M5">6524.82933333333</dst>
            <dst id="ATLAng">72141.7226666667</dst>
            <dst id="CHINng">10440.3573333333</dst>
            <dst id="DNVRng">3863.024</dst>
            <dst id="HSTNng">1347.824</dst>
            <dst id="IPLSng">17921.288</dst>
            <dst id="KSCYng">1444.89066666667</dst>
            <dst id="LOSAng">4268.46666666667</dst>
            <dst id="NYCMng">9987.70133333333</dst>
            <dst id="SNVAng">7103.688</dst>
            <dst id="STTLng">1501.024</dst>
            <dst id="WASHng">47630.5173333333</dst>
        </src>
        <src id="CHINng">
            <dst id="ATLA-M5">72.1066666666667</dst>
            <dst id="ATLAng">19221.888</dst>
            <dst id="CHINng">91944.1946666667</dst>
            <dst id="DNVRng">5436.35466666667</dst>
            <dst id="HSTNng">5892.38133333333</dst>
            <dst id="IPLSng">14374.6373333333</dst>
            <dst id="KSCYng">7262.01866666667</dst>
            <dst id="LOSAng">3195.93866666667</dst>
            <dst id="NYCMng">8170.848</dst>
            <dst id="SNVAng">22172.8</dst>
            <dst id="STTLng">7756.31466666667</dst>
            <dst id="WASHng">19711.6293333333</dst>
        </src>
        <src id="DNVRng">
            <dst id="ATLA-M5">422.026666666667</dst>
            <dst id="ATLAng">7738.49866666667</dst>
            <dst id="CHINng">60837.6586666667</dst>
            <dst id="DNVRng">6773.032</dst>
            <dst id="HSTNng">42835.848</dst>
            <dst id="IPLSng">33413.0853333333</dst>
            <dst id="KSCYng">17841.9013333333</dst>
            <dst id="LOSAng">488.685333333333</dst>
            <dst id="NYCMng">16912.4026666667</dst>
            <dst id="SNVAng">22734.712</dst>
            <dst id="STTLng">3610.24266666667</dst>
            <dst id="WASHng">55907.8933333333</dst>
        </src>
        <src id="HSTNng">
            <dst id="ATLA-M5">1382.77866666667</dst>
            <dst id="ATLAng">4504.112</dst>
            <dst id="CHINng">12669.2133333333</dst>
            <dst id="DNVRng">2464.63466666667</dst>
            <dst id="HSTNng">16967.8933333333</dst>
            <dst id="IPLSng">3685.41333333333</dst>
            <dst id="KSCYng">1303.20266666667</dst>
            <dst id="LOSAng">1581.97866666667</dst>
            <dst id="NYCMng">3347.44533333333</dst>
            <dst id="SNVAng">108.685333333333</dst>
            <dst id="STTLng">970.645333333333</dst>
            <dst id="WASHng">3296.304</dst>
        </src>
        <src id="IPLSng">
            <dst id="ATLA-M5">26.6666666666667</dst>
            <dst id="ATLAng">17119.8746666667</dst>
            <dst id="CHINng">76023.6586666667</dst>
            <dst id="DNVRng">5281.48266666667</dst>
            <dst id="HSTNng">4590.10933333333</dst>
            <dst id="IPLSng">16489.792</dst>
            <dst id="KSCYng">3498.32266666667</dst>
            <dst id="LOSAng">1010.92533333333</dst>
            <dst id="NYCMng">19580.776</dst>
            <dst id="SNVAng">6380.952</dst>
            <dst id="STTLng">3734.82933333333</dst>
            <dst id="WASHng">31152.6906666667</dst>
        </src>
        <src id="KSCYng">
            <dst id="ATLA-M5">26.6666666666667</dst>
            <dst id="ATLAng">4881.36266666667</dst>
            <dst id="CHINng">14911.928</dst>
            <dst id="DNVRng">3999.032</dst>
            <dst id="HSTNng">3563.752</dst>
            <dst id="IPLSng">10917.72</dst>
            <dst id="KSCYng">5398.97066666667</dst>
            <dst id="LOSAng">843.618666666667</dst>
            <dst id="NYCMng">1426.45866666667</dst>
            <dst id="SNVAng">4495.48266666667</dst>
            <dst id="STTLng">1188.81866666667</dst>
            <dst id="WASHng">7119.43733333333</dst>
        </src>
        <src id="LOSAng">
            <dst id="ATLA-M5">82.736</dst>
            <dst id="ATLAng">52787.5226666667</dst>
            <dst id="CHINng">105387.738666667</dst>
            <dst id="DNVRng">6736.00266666667</dst>
            <dst id="HSTNng">3100.62933333333</dst>
            <dst id="IPLSng">26747.7413333333</dst>
            <dst id="KSCYng">3924.74666666667</dst>
            <dst id="LOSAng">18187.528</dst>
            <dst id="NYCMng">31746.2773333333</dst>
            <dst id="SNVAng">22573.7866666667</dst>
            <dst id="STTLng">18116.9386666667</dst>
            <dst id="WASHng">86464.44</dst>
        </src>
        <src id="NYCMng">
            <dst id="ATLA-M5">763.394666666667</dst>
            <dst id="ATLAng">27257.784</dst>
            <dst id="CHINng">50325.1333333333</dst>
            <dst id="DNVRng">20718.5626666667</dst>
            <dst id="HSTNng">5523.74133333333</dst>
            <dst id="IPLSng">24828.712</dst>
            <dst id="KSCYng">5328.03466666667</dst>
            <dst id="LOSAng">6977.504</dst>
            <dst id="NYCMng">132686.973333333</dst>
            <dst id="SNVAng">41542.3546666667</dst>
            <dst id="STTLng">19744.8666666667</dst>
            <dst id="WASHng">54000.0453333333</dst>
        </src>
        <src id="SNVAng">
            <dst id="ATLA-M5">0</dst>
            <dst id="ATLAng">53.3333333333333</dst>
            <dst id="CHINng">168.576</dst>
            <dst id="DNVRng">6876.432</dst>
            <dst id="HSTNng">26.6666666666667</dst>
            <dst id="IPLSng">322.282666666667</dst>
            <dst id="KSCYng">26.6666666666667</dst>
            <dst id="LOSAng">584.706666666667</dst>
            <dst id="NYCMng">114.362666666667</dst>
            <dst id="SNVAng">38297</dst>
            <dst id="STTLng">40489.544</dst>
            <dst id="WASHng">515.301333333333</dst>
        </src>
        <src id="STTLng">
            <dst id="ATLA-M5">181.834666666667</dst>
            <dst id="ATLAng">9512.72266666667</dst>
            <dst id="CHINng">27510.0853333333</dst>
            <dst id="DNVRng">4870.69066666667</dst>
            <dst id="HSTNng">3328.23733333333</dst>
            <dst id="IPLSng">10077.0826666667</dst>
            <dst id="KSCYng">2857.46133333333</dst>
            <dst id="LOSAng">2453.144</dst>
            <dst id="NYCMng">31833.272</dst>
            <dst id="SNVAng">13132.408</dst>
            <dst id="STTLng">2261.48533333333</dst>
            <dst id="WASHng">60880.5573333333</dst>
        </src>
        <src id="WASHng">
            <dst id="ATLA-M5">1049.16</dst>
            <dst id="ATLAng">102680.130666667</dst>
            <dst id="CHINng">73072.208</dst>
            <dst id="DNVRng">33102.488</dst>
            <dst id="HSTNng">20112.536</dst>
            <dst id="IPLSng">25433.792</dst>
            <dst id="KSCYng">53962.0266666667</dst>
            <dst id="LOSAng">60076.6613333333</dst>
            <dst id="NYCMng">140691.149333333</dst>
            <dst id="SNVAng">30146.264</dst>
            <dst id="STTLng">22851.792</dst>
            <dst id="WASHng">276185.2</dst>
        </src>
    </IntraTM>
</TrafficMatrixFile>
