<?xml version="1.0" encoding="ISO-8859-1" standalone="yes"?>
<TrafficMatrixFile xsi:noNamespaceSchemaLocation="http://totem.run.montefiore.ulg.ac.be/Schema/TrafficMatrix-v1_2.xsd" xmlns:xsi="http://www.w3.org/2001/XMLSchema-instance">
    <IntraTM ASID="11537">
        <src id="ATLA-M5">
            <dst id="ATLA-M5">147.864</dst>
            <dst id="ATLAng">26.6666666666667</dst>
            <dst id="CHINng">465.869333333333</dst>
            <dst id="DNVRng">0</dst>
            <dst id="HSTNng">85.7946666666667</dst>
            <dst id="IPLSng">0</dst>
            <dst id="KSCYng">0</dst>
            <dst id="LOSAng">42.5973333333333</dst>
            <dst id="NYCMng">53.3333333333333</dst>
            <dst id="SNVAng">42.5973333333333</dst>
            <dst id="STTLng">84.8986666666667</dst>
            <dst id="WASHng">183.16</dst>
        </src>
        <src id="ATLAng">
            <dst id="ATLA-M5">118.312</dst>
            <dst id="ATLAng">25379.2693333333</dst>
            <dst id="CHINng">16070.8613333333</dst>
            <dst id="DNVRng">3277.776</dst>
            <dst id="HSTNng">1039.00533333333</dst>
            <dst id="IPLSng">19470.944</dst>
            <dst id="KSCYng">444.922666666667</dst>
            <dst id="LOSAng">11850.5026666667</dst>
            <dst id="NYCMng">2965.73066666667</dst>
            <dst id="SNVAng">4871.54533333333</dst>
            <dst id="STTLng">2340.792</dst>
            <dst id="WASHng">23045.5973333333</dst>
        </src>
        <src id="CHINng">
            <dst id="ATLA-M5">257.546666666667</dst>
            <dst id="ATLAng">20158.9813333333</dst>
            <dst id="CHINng">72587.2986666667</dst>
            <dst id="DNVRng">5329.94666666667</dst>
            <dst id="HSTNng">7302.78933333333</dst>
            <dst id="IPLSng">17081.0906666667</dst>
            <dst id="KSCYng">18348.8373333333</dst>
            <dst id="LOSAng">4392.33333333333</dst>
            <dst id="NYCMng">11346.2266666667</dst>
            <dst id="SNVAng">23534.5253333333</dst>
            <dst id="STTLng">8157.05066666667</dst>
            <dst id="WASHng">12615.8266666667</dst>
        </src>
        <src id="DNVRng">
            <dst id="ATLA-M5">36.8266666666667</dst>
            <dst id="ATLAng">3689.67466666667</dst>
            <dst id="CHINng">33720.7706666667</dst>
            <dst id="DNVRng">6015.00266666667</dst>
            <dst id="HSTNng">25753.1973333333</dst>
            <dst id="IPLSng">24917.12</dst>
            <dst id="KSCYng">12949.8986666667</dst>
            <dst id="LOSAng">756.504</dst>
            <dst id="NYCMng">11932.5626666667</dst>
            <dst id="SNVAng">26739.2266666667</dst>
            <dst id="STTLng">14057.3226666667</dst>
            <dst id="WASHng">37834.8906666667</dst>
        </src>
        <src id="HSTNng">
            <dst id="ATLA-M5">3162.79733333333</dst>
            <dst id="ATLAng">889.549333333333</dst>
            <dst id="CHINng">14381.072</dst>
            <dst id="DNVRng">1554.37333333333</dst>
            <dst id="HSTNng">11773.5733333333</dst>
            <dst id="IPLSng">1376.62133333333</dst>
            <dst id="KSCYng">1065.66133333333</dst>
            <dst id="LOSAng">5128.07733333333</dst>
            <dst id="NYCMng">2276.02933333333</dst>
            <dst id="SNVAng">26.6666666666667</dst>
            <dst id="STTLng">1510.41066666667</dst>
            <dst id="WASHng">4218.13866666666</dst>
        </src>
        <src id="IPLSng">
            <dst id="ATLA-M5">0</dst>
            <dst id="ATLAng">4636.88</dst>
            <dst id="CHINng">43739.7173333333</dst>
            <dst id="DNVRng">7205.02666666667</dst>
            <dst id="HSTNng">570.389333333333</dst>
            <dst id="IPLSng">5952.63733333333</dst>
            <dst id="KSCYng">4882.27733333333</dst>
            <dst id="LOSAng">2361.84533333333</dst>
            <dst id="NYCMng">10740.896</dst>
            <dst id="SNVAng">10929.12</dst>
            <dst id="STTLng">13369.728</dst>
            <dst id="WASHng">6098.77333333333</dst>
        </src>
        <src id="KSCYng">
            <dst id="ATLA-M5">0</dst>
            <dst id="ATLAng">8033.16266666667</dst>
            <dst id="CHINng">12943.2106666667</dst>
            <dst id="DNVRng">16015.2186666667</dst>
            <dst id="HSTNng">3483.85333333333</dst>
            <dst id="IPLSng">13759.9066666667</dst>
            <dst id="KSCYng">10006.576</dst>
            <dst id="LOSAng">569.837333333333</dst>
            <dst id="NYCMng">2490.26133333333</dst>
            <dst id="SNVAng">7732.00266666667</dst>
            <dst id="STTLng">1512.376</dst>
            <dst id="WASHng">9609.512</dst>
        </src>
        <src id="LOSAng">
            <dst id="ATLA-M5">115.693333333333</dst>
            <dst id="ATLAng">11691.5573333333</dst>
            <dst id="CHINng">44840.152</dst>
            <dst id="DNVRng">12346.8</dst>
            <dst id="HSTNng">3190.10666666667</dst>
            <dst id="IPLSng">12334.8293333333</dst>
            <dst id="KSCYng">2493.648</dst>
            <dst id="LOSAng">19301.424</dst>
            <dst id="NYCMng">26732.3813333333</dst>
            <dst id="SNVAng">23695.016</dst>
            <dst id="STTLng">25856.6133333333</dst>
            <dst id="WASHng">77307.016</dst>
        </src>
        <src id="NYCMng">
            <dst id="ATLA-M5">138.957333333333</dst>
            <dst id="ATLAng">17743.2986666667</dst>
            <dst id="CHINng">29405.4373333333</dst>
            <dst id="DNVRng">23909.728</dst>
            <dst id="HSTNng">10233.208</dst>
            <dst id="IPLSng">16154.448</dst>
            <dst id="KSCYng">5255.392</dst>
            <dst id="LOSAng">9497.97333333333</dst>
            <dst id="NYCMng">82236.2026666667</dst>
            <dst id="SNVAng">51785.9306666667</dst>
            <dst id="STTLng">28036.296</dst>
            <dst id="WASHng">37267.5173333333</dst>
        </src>
        <src id="SNVAng">
            <dst id="ATLA-M5">0</dst>
            <dst id="ATLAng">611.52</dst>
            <dst id="CHINng">53.3333333333333</dst>
            <dst id="DNVRng">2123.25866666667</dst>
            <dst id="HSTNng">0</dst>
            <dst id="IPLSng">189.888</dst>
            <dst id="KSCYng">0</dst>
            <dst id="LOSAng">3426.72266666667</dst>
            <dst id="NYCMng">130.586666666667</dst>
            <dst id="SNVAng">44912.5733333333</dst>
            <dst id="STTLng">35183.5333333333</dst>
            <dst id="WASHng">0</dst>
        </src>
        <src id="STTLng">
            <dst id="ATLA-M5">26.6666666666667</dst>
            <dst id="ATLAng">4930.77866666667</dst>
            <dst id="CHINng">15191.6</dst>
            <dst id="DNVRng">4631.264</dst>
            <dst id="HSTNng">3387.46133333333</dst>
            <dst id="IPLSng">16043.2693333333</dst>
            <dst id="KSCYng">1256.896</dst>
            <dst id="LOSAng">7151.62666666667</dst>
            <dst id="NYCMng">14722.7786666667</dst>
            <dst id="SNVAng">25006.8693333333</dst>
            <dst id="STTLng">1485.752</dst>
            <dst id="WASHng">4036.192</dst>
        </src>
        <src id="WASHng">
            <dst id="ATLA-M5">154.288</dst>
            <dst id="ATLAng">112743.757333333</dst>
            <dst id="CHINng">80360.9973333333</dst>
            <dst id="DNVRng">26887.704</dst>
            <dst id="HSTNng">32389.1146666667</dst>
            <dst id="IPLSng">19582.5893333333</dst>
            <dst id="KSCYng">29719.8</dst>
            <dst id="LOSAng">70082.2906666667</dst>
            <dst id="NYCMng">149240.381333333</dst>
            <dst id="SNVAng">37088.3786666667</dst>
            <dst id="STTLng">42190.7973333333</dst>
            <dst id="WASHng">246619.733333333</dst>
        </src>
    </IntraTM>
</TrafficMatrixFile>
