<?xml version="1.0" encoding="ISO-8859-1" standalone="yes"?>
<TrafficMatrixFile xsi:noNamespaceSchemaLocation="http://totem.run.montefiore.ulg.ac.be/Schema/TrafficMatrix-v1_2.xsd" xmlns:xsi="http://www.w3.org/2001/XMLSchema-instance">
    <IntraTM ASID="11537">
        <src id="ATLA-M5">
            <dst id="ATLA-M5">0</dst>
            <dst id="ATLAng">53.3333333333333</dst>
            <dst id="CHINng">86</dst>
            <dst id="DNVRng">1120.34133333333</dst>
            <dst id="HSTNng">0</dst>
            <dst id="IPLSng">0</dst>
            <dst id="KSCYng">0</dst>
            <dst id="LOSAng">0</dst>
            <dst id="NYCMng">26.6666666666667</dst>
            <dst id="SNVAng">0</dst>
            <dst id="STTLng">26.6666666666667</dst>
            <dst id="WASHng">279.032</dst>
        </src>
        <src id="ATLAng">
            <dst id="ATLA-M5">116.618666666667</dst>
            <dst id="ATLAng">25247.464</dst>
            <dst id="CHINng">9734.256</dst>
            <dst id="DNVRng">2413.38933333333</dst>
            <dst id="HSTNng">632.026666666667</dst>
            <dst id="IPLSng">13685.8293333333</dst>
            <dst id="KSCYng">279.426666666667</dst>
            <dst id="LOSAng">5092.476</dst>
            <dst id="NYCMng">2613.488</dst>
            <dst id="SNVAng">4598.52666666667</dst>
            <dst id="STTLng">1531.29066666667</dst>
            <dst id="WASHng">31967.5226666667</dst>
        </src>
        <src id="CHINng">
            <dst id="ATLA-M5">434.432</dst>
            <dst id="ATLAng">5055.94933333333</dst>
            <dst id="CHINng">82547.24</dst>
            <dst id="DNVRng">2295.93866666667</dst>
            <dst id="HSTNng">23907.9653333333</dst>
            <dst id="IPLSng">13160.416</dst>
            <dst id="KSCYng">2213.768</dst>
            <dst id="LOSAng">6339.85866666667</dst>
            <dst id="NYCMng">7478.63466666667</dst>
            <dst id="SNVAng">30121.592</dst>
            <dst id="STTLng">9963.096</dst>
            <dst id="WASHng">11906.7226666667</dst>
        </src>
        <src id="DNVRng">
            <dst id="ATLA-M5">267.946666666667</dst>
            <dst id="ATLAng">2397.56266666667</dst>
            <dst id="CHINng">54455.6026666667</dst>
            <dst id="DNVRng">2293.96266666667</dst>
            <dst id="HSTNng">24359.9893333333</dst>
            <dst id="IPLSng">24031.4533333333</dst>
            <dst id="KSCYng">7904.264</dst>
            <dst id="LOSAng">2360.59733333333</dst>
            <dst id="NYCMng">15640.2453333333</dst>
            <dst id="SNVAng">12367.8026666667</dst>
            <dst id="STTLng">3862.296</dst>
            <dst id="WASHng">43152.7786666667</dst>
        </src>
        <src id="HSTNng">
            <dst id="ATLA-M5">0</dst>
            <dst id="ATLAng">16949.9333333333</dst>
            <dst id="CHINng">15034.9066666667</dst>
            <dst id="DNVRng">717.314666666667</dst>
            <dst id="HSTNng">16144.8053333333</dst>
            <dst id="IPLSng">1375.856</dst>
            <dst id="KSCYng">594.037333333333</dst>
            <dst id="LOSAng">9430.704</dst>
            <dst id="NYCMng">1133.45066666667</dst>
            <dst id="SNVAng">0</dst>
            <dst id="STTLng">2335.60533333333</dst>
            <dst id="WASHng">1599.85066666667</dst>
        </src>
        <src id="IPLSng">
            <dst id="ATLA-M5">0</dst>
            <dst id="ATLAng">6645.18133333333</dst>
            <dst id="CHINng">74613.064</dst>
            <dst id="DNVRng">4545.88266666667</dst>
            <dst id="HSTNng">438.016</dst>
            <dst id="IPLSng">22967.4826666667</dst>
            <dst id="KSCYng">905.133333333333</dst>
            <dst id="LOSAng">9448.90133333334</dst>
            <dst id="NYCMng">20379.76</dst>
            <dst id="SNVAng">8334.22666666667</dst>
            <dst id="STTLng">7127.99466666667</dst>
            <dst id="WASHng">13655.3253333333</dst>
        </src>
        <src id="KSCYng">
            <dst id="ATLA-M5">26.6666666666667</dst>
            <dst id="ATLAng">2175.64266666667</dst>
            <dst id="CHINng">14680.0586666667</dst>
            <dst id="DNVRng">4317.96533333333</dst>
            <dst id="HSTNng">2143.64266666667</dst>
            <dst id="IPLSng">9726.744</dst>
            <dst id="KSCYng">3456.41066666667</dst>
            <dst id="LOSAng">2077.976</dst>
            <dst id="NYCMng">1231.80266666667</dst>
            <dst id="SNVAng">4549.25333333333</dst>
            <dst id="STTLng">649.832</dst>
            <dst id="WASHng">5852.21333333333</dst>
        </src>
        <src id="LOSAng">
            <dst id="ATLA-M5">0</dst>
            <dst id="ATLAng">4465.59466666667</dst>
            <dst id="CHINng">95620.44</dst>
            <dst id="DNVRng">6292.824</dst>
            <dst id="HSTNng">1643.52</dst>
            <dst id="IPLSng">6679.97066666667</dst>
            <dst id="KSCYng">599.357333333333</dst>
            <dst id="LOSAng">18200.8506666667</dst>
            <dst id="NYCMng">24125.8906666667</dst>
            <dst id="SNVAng">23619.6533333333</dst>
            <dst id="STTLng">14142.4293333333</dst>
            <dst id="WASHng">70409.2613333334</dst>
        </src>
        <src id="NYCMng">
            <dst id="ATLA-M5">28.5146666666667</dst>
            <dst id="ATLAng">10109.328</dst>
            <dst id="CHINng">31880.4586666667</dst>
            <dst id="DNVRng">22670.3093333333</dst>
            <dst id="HSTNng">1756.504</dst>
            <dst id="IPLSng">5712.29333333333</dst>
            <dst id="KSCYng">3194.02133333333</dst>
            <dst id="LOSAng">11481.6213333333</dst>
            <dst id="NYCMng">83284.1466666667</dst>
            <dst id="SNVAng">44854.384</dst>
            <dst id="STTLng">17391.3226666667</dst>
            <dst id="WASHng">25414.2773333333</dst>
        </src>
        <src id="SNVAng">
            <dst id="ATLA-M5">0</dst>
            <dst id="ATLAng">0</dst>
            <dst id="CHINng">111.981333333333</dst>
            <dst id="DNVRng">2436.75466666667</dst>
            <dst id="HSTNng">0</dst>
            <dst id="IPLSng">523.176</dst>
            <dst id="KSCYng">0</dst>
            <dst id="LOSAng">5649.01066666667</dst>
            <dst id="NYCMng">53.3333333333333</dst>
            <dst id="SNVAng">37261.4853333333</dst>
            <dst id="STTLng">30837.5546666667</dst>
            <dst id="WASHng">80</dst>
        </src>
        <src id="STTLng">
            <dst id="ATLA-M5">0</dst>
            <dst id="ATLAng">4628.05866666667</dst>
            <dst id="CHINng">42286.5466666667</dst>
            <dst id="DNVRng">4070.34933333333</dst>
            <dst id="HSTNng">1571.09333333333</dst>
            <dst id="IPLSng">28019.3546666667</dst>
            <dst id="KSCYng">785.661333333333</dst>
            <dst id="LOSAng">1863.33866666667</dst>
            <dst id="NYCMng">7149.37866666667</dst>
            <dst id="SNVAng">17363.9226666667</dst>
            <dst id="STTLng">1656.68</dst>
            <dst id="WASHng">10079.9733333333</dst>
        </src>
        <src id="WASHng">
            <dst id="ATLA-M5">26.6666666666667</dst>
            <dst id="ATLAng">70870.0026666667</dst>
            <dst id="CHINng">63765.9306666667</dst>
            <dst id="DNVRng">37374.016</dst>
            <dst id="HSTNng">27604.576</dst>
            <dst id="IPLSng">14414.5893333333</dst>
            <dst id="KSCYng">27068.656</dst>
            <dst id="LOSAng">71230.264</dst>
            <dst id="NYCMng">109071.754666667</dst>
            <dst id="SNVAng">25662.9573333333</dst>
            <dst id="STTLng">18311.6586666667</dst>
            <dst id="WASHng">321591.813333333</dst>
        </src>
    </IntraTM>
</TrafficMatrixFile>
