<?xml version="1.0" encoding="ISO-8859-1" standalone="yes"?>
<TrafficMatrixFile xsi:noNamespaceSchemaLocation="http://totem.run.montefiore.ulg.ac.be/Schema/TrafficMatrix-v1_2.xsd" xmlns:xsi="http://www.w3.org/2001/XMLSchema-instance">
    <IntraTM ASID="11537">
        <src id="ATLA-M5">
            <dst id="ATLA-M5">0</dst>
            <dst id="ATLAng">0</dst>
            <dst id="CHINng">602.944</dst>
            <dst id="DNVRng">26.6666666666667</dst>
            <dst id="HSTNng">55.3706666666667</dst>
            <dst id="IPLSng">26.6666666666667</dst>
            <dst id="KSCYng">0</dst>
            <dst id="LOSAng">59.6906666666667</dst>
            <dst id="NYCMng">507.592</dst>
            <dst id="SNVAng">33.6346666666667</dst>
            <dst id="STTLng">81.584</dst>
            <dst id="WASHng">229.68</dst>
        </src>
        <src id="ATLAng">
            <dst id="ATLA-M5">36.7333333333333</dst>
            <dst id="ATLAng">13900.744</dst>
            <dst id="CHINng">4504.05066666667</dst>
            <dst id="DNVRng">7630.368</dst>
            <dst id="HSTNng">20583.8266666667</dst>
            <dst id="IPLSng">7332.528</dst>
            <dst id="KSCYng">615.450666666667</dst>
            <dst id="LOSAng">16287.3253333333</dst>
            <dst id="NYCMng">6361.18133333333</dst>
            <dst id="SNVAng">26.6666666666667</dst>
            <dst id="STTLng">923.842666666667</dst>
            <dst id="WASHng">20109.504</dst>
        </src>
        <src id="CHINng">
            <dst id="ATLA-M5">200.76</dst>
            <dst id="ATLAng">13702.9733333333</dst>
            <dst id="CHINng">83611.9653333333</dst>
            <dst id="DNVRng">4517.992</dst>
            <dst id="HSTNng">7437.57333333333</dst>
            <dst id="IPLSng">15661.256</dst>
            <dst id="KSCYng">5091.98666666667</dst>
            <dst id="LOSAng">21341.104</dst>
            <dst id="NYCMng">26671.16</dst>
            <dst id="SNVAng">138.048</dst>
            <dst id="STTLng">7921.98933333333</dst>
            <dst id="WASHng">25095.7813333333</dst>
        </src>
        <src id="DNVRng">
            <dst id="ATLA-M5">182.293333333333</dst>
            <dst id="ATLAng">5339.33333333333</dst>
            <dst id="CHINng">53939.1146666667</dst>
            <dst id="DNVRng">14805.248</dst>
            <dst id="HSTNng">24798.9866666667</dst>
            <dst id="IPLSng">47478.9973333333</dst>
            <dst id="KSCYng">25031.6346666667</dst>
            <dst id="LOSAng">11062.4933333333</dst>
            <dst id="NYCMng">13499.5066666667</dst>
            <dst id="SNVAng">8506.528</dst>
            <dst id="STTLng">12008.2373333333</dst>
            <dst id="WASHng">38348.9093333333</dst>
        </src>
        <src id="HSTNng">
            <dst id="ATLA-M5">1925.07466666667</dst>
            <dst id="ATLAng">2190.608</dst>
            <dst id="CHINng">5971.34933333333</dst>
            <dst id="DNVRng">720.002666666667</dst>
            <dst id="HSTNng">18882.8933333333</dst>
            <dst id="IPLSng">3101.528</dst>
            <dst id="KSCYng">1692.55466666667</dst>
            <dst id="LOSAng">3746.45866666667</dst>
            <dst id="NYCMng">3994.02133333333</dst>
            <dst id="SNVAng">118.773333333333</dst>
            <dst id="STTLng">603.408</dst>
            <dst id="WASHng">17232.8853333333</dst>
        </src>
        <src id="IPLSng">
            <dst id="ATLA-M5">0</dst>
            <dst id="ATLAng">10380.296</dst>
            <dst id="CHINng">25564.3013333333</dst>
            <dst id="DNVRng">13528.6106666667</dst>
            <dst id="HSTNng">662.328</dst>
            <dst id="IPLSng">19145.9973333333</dst>
            <dst id="KSCYng">4924.624</dst>
            <dst id="LOSAng">11080.5413333333</dst>
            <dst id="NYCMng">8432.152</dst>
            <dst id="SNVAng">1368.00266666667</dst>
            <dst id="STTLng">6082.792</dst>
            <dst id="WASHng">10899.2453333333</dst>
        </src>
        <src id="KSCYng">
            <dst id="ATLA-M5">0</dst>
            <dst id="ATLAng">4467.38133333333</dst>
            <dst id="CHINng">17754.0906666667</dst>
            <dst id="DNVRng">5102.448</dst>
            <dst id="HSTNng">5599.86933333333</dst>
            <dst id="IPLSng">21436.968</dst>
            <dst id="KSCYng">19904.112</dst>
            <dst id="LOSAng">5430.94133333333</dst>
            <dst id="NYCMng">910.885333333333</dst>
            <dst id="SNVAng">2370.38933333333</dst>
            <dst id="STTLng">343.016</dst>
            <dst id="WASHng">9769.65066666666</dst>
        </src>
        <src id="LOSAng">
            <dst id="ATLA-M5">28.4933333333333</dst>
            <dst id="ATLAng">15327.3306666667</dst>
            <dst id="CHINng">42399.968</dst>
            <dst id="DNVRng">11470.0213333333</dst>
            <dst id="HSTNng">2922.47733333333</dst>
            <dst id="IPLSng">13127.168</dst>
            <dst id="KSCYng">4240.52533333333</dst>
            <dst id="LOSAng">8512.24266666667</dst>
            <dst id="NYCMng">21584.472</dst>
            <dst id="SNVAng">22611.0693333333</dst>
            <dst id="STTLng">33899.472</dst>
            <dst id="WASHng">80296.3546666667</dst>
        </src>
        <src id="NYCMng">
            <dst id="ATLA-M5">1275.54133333333</dst>
            <dst id="ATLAng">15907.2213333333</dst>
            <dst id="CHINng">17163.7253333333</dst>
            <dst id="DNVRng">22004.48</dst>
            <dst id="HSTNng">6108.45866666667</dst>
            <dst id="IPLSng">10331.512</dst>
            <dst id="KSCYng">3883.18933333333</dst>
            <dst id="LOSAng">62874.3173333333</dst>
            <dst id="NYCMng">116873.226666667</dst>
            <dst id="SNVAng">620.04</dst>
            <dst id="STTLng">18545.4666666667</dst>
            <dst id="WASHng">35139.352</dst>
        </src>
        <src id="SNVAng">
            <dst id="ATLA-M5">0</dst>
            <dst id="ATLAng">532.469333333333</dst>
            <dst id="CHINng">80</dst>
            <dst id="DNVRng">4396.72</dst>
            <dst id="HSTNng">0</dst>
            <dst id="IPLSng">262.258666666667</dst>
            <dst id="KSCYng">26.6666666666667</dst>
            <dst id="LOSAng">30999.224</dst>
            <dst id="NYCMng">0</dst>
            <dst id="SNVAng">8442.19733333333</dst>
            <dst id="STTLng">32484.8666666667</dst>
            <dst id="WASHng">62.496</dst>
        </src>
        <src id="STTLng">
            <dst id="ATLA-M5">126.061333333333</dst>
            <dst id="ATLAng">6222.65866666667</dst>
            <dst id="CHINng">13879.7733333333</dst>
            <dst id="DNVRng">1631.88266666667</dst>
            <dst id="HSTNng">423.405333333333</dst>
            <dst id="IPLSng">4882.304</dst>
            <dst id="KSCYng">2410.28</dst>
            <dst id="LOSAng">9167.02133333333</dst>
            <dst id="NYCMng">21245.9946666667</dst>
            <dst id="SNVAng">10747.9093333333</dst>
            <dst id="STTLng">2639.584</dst>
            <dst id="WASHng">8334.34933333333</dst>
        </src>
        <src id="WASHng">
            <dst id="ATLA-M5">6536.00533333333</dst>
            <dst id="ATLAng">83736.5253333333</dst>
            <dst id="CHINng">56557.9893333333</dst>
            <dst id="DNVRng">56730.448</dst>
            <dst id="HSTNng">11232.3493333333</dst>
            <dst id="IPLSng">49113.5493333333</dst>
            <dst id="KSCYng">21810.48</dst>
            <dst id="LOSAng">98908.496</dst>
            <dst id="NYCMng">174532.496</dst>
            <dst id="SNVAng">973.258666666667</dst>
            <dst id="STTLng">19807.848</dst>
            <dst id="WASHng">232240.968</dst>
        </src>
    </IntraTM>
</TrafficMatrixFile>
