<?xml version="1.0" encoding="ISO-8859-1" standalone="yes"?>
<TrafficMatrixFile xsi:noNamespaceSchemaLocation="http://totem.run.montefiore.ulg.ac.be/Schema/TrafficMatrix-v1_2.xsd" xmlns:xsi="http://www.w3.org/2001/XMLSchema-instance">
    <IntraTM ASID="11537">
        <src id="ATLA-M5">
            <dst id="ATLA-M5">88.2346666666667</dst>
            <dst id="ATLAng">0</dst>
            <dst id="CHINng">33.024</dst>
            <dst id="DNVRng">0</dst>
            <dst id="HSTNng">56.624</dst>
            <dst id="IPLSng">53.3333333333333</dst>
            <dst id="KSCYng">0</dst>
            <dst id="LOSAng">86.6666666666667</dst>
            <dst id="NYCMng">209.853333333333</dst>
            <dst id="SNVAng">0</dst>
            <dst id="STTLng">0</dst>
            <dst id="WASHng">292.613333333333</dst>
        </src>
        <src id="ATLAng">
            <dst id="ATLA-M5">153.469333333333</dst>
            <dst id="ATLAng">23840.0453333333</dst>
            <dst id="CHINng">4174.43733333333</dst>
            <dst id="DNVRng">3115.24533333333</dst>
            <dst id="HSTNng">23771.1573333333</dst>
            <dst id="IPLSng">23292.8506666667</dst>
            <dst id="KSCYng">1900.31466666667</dst>
            <dst id="LOSAng">12057.0493333333</dst>
            <dst id="NYCMng">2263.74933333333</dst>
            <dst id="SNVAng">48.2973333333333</dst>
            <dst id="STTLng">3550.96533333333</dst>
            <dst id="WASHng">28379.9466666667</dst>
        </src>
        <src id="CHINng">
            <dst id="ATLA-M5">80</dst>
            <dst id="ATLAng">14859.272</dst>
            <dst id="CHINng">62085.56</dst>
            <dst id="DNVRng">8524.16533333333</dst>
            <dst id="HSTNng">8596.08266666667</dst>
            <dst id="IPLSng">31774.448</dst>
            <dst id="KSCYng">13790.672</dst>
            <dst id="LOSAng">24816.088</dst>
            <dst id="NYCMng">9247.072</dst>
            <dst id="SNVAng">2689.62933333333</dst>
            <dst id="STTLng">2970.05866666667</dst>
            <dst id="WASHng">15881.6826666667</dst>
        </src>
        <src id="DNVRng">
            <dst id="ATLA-M5">92.96</dst>
            <dst id="ATLAng">4487.256</dst>
            <dst id="CHINng">40952.872</dst>
            <dst id="DNVRng">28580.3706666667</dst>
            <dst id="HSTNng">25103.3893333333</dst>
            <dst id="IPLSng">26229.5546666667</dst>
            <dst id="KSCYng">31159.8746666667</dst>
            <dst id="LOSAng">33829.4053333333</dst>
            <dst id="NYCMng">15292.232</dst>
            <dst id="SNVAng">10143.4826666667</dst>
            <dst id="STTLng">4815.432</dst>
            <dst id="WASHng">44195.6133333333</dst>
        </src>
        <src id="HSTNng">
            <dst id="ATLA-M5">3055.504</dst>
            <dst id="ATLAng">2322.10933333333</dst>
            <dst id="CHINng">10072.6693333333</dst>
            <dst id="DNVRng">779.797333333333</dst>
            <dst id="HSTNng">12858.0133333333</dst>
            <dst id="IPLSng">4020.30666666667</dst>
            <dst id="KSCYng">3848.992</dst>
            <dst id="LOSAng">11548.5733333333</dst>
            <dst id="NYCMng">4703.38666666667</dst>
            <dst id="SNVAng">111.744</dst>
            <dst id="STTLng">424.112</dst>
            <dst id="WASHng">7309.472</dst>
        </src>
        <src id="IPLSng">
            <dst id="ATLA-M5">26.6666666666667</dst>
            <dst id="ATLAng">7033.52533333333</dst>
            <dst id="CHINng">58077.2026666667</dst>
            <dst id="DNVRng">9878.25866666667</dst>
            <dst id="HSTNng">2005.09866666667</dst>
            <dst id="IPLSng">17458.1466666667</dst>
            <dst id="KSCYng">12469.0613333333</dst>
            <dst id="LOSAng">14314.7146666667</dst>
            <dst id="NYCMng">15011.9253333333</dst>
            <dst id="SNVAng">1861.344</dst>
            <dst id="STTLng">14280.7093333333</dst>
            <dst id="WASHng">24115.264</dst>
        </src>
        <src id="KSCYng">
            <dst id="ATLA-M5">0</dst>
            <dst id="ATLAng">4575.88</dst>
            <dst id="CHINng">16066.704</dst>
            <dst id="DNVRng">12694.2933333333</dst>
            <dst id="HSTNng">3201.32</dst>
            <dst id="IPLSng">12483.096</dst>
            <dst id="KSCYng">15256.5786666667</dst>
            <dst id="LOSAng">3741.024</dst>
            <dst id="NYCMng">1523.15733333333</dst>
            <dst id="SNVAng">2767.40266666667</dst>
            <dst id="STTLng">622.357333333333</dst>
            <dst id="WASHng">11703.9946666667</dst>
        </src>
        <src id="LOSAng">
            <dst id="ATLA-M5">298.786666666667</dst>
            <dst id="ATLAng">18761.6</dst>
            <dst id="CHINng">55204.9173333333</dst>
            <dst id="DNVRng">7531.96533333333</dst>
            <dst id="HSTNng">16596.9733333333</dst>
            <dst id="IPLSng">12409.2293333333</dst>
            <dst id="KSCYng">2658.57333333333</dst>
            <dst id="LOSAng">12280.7466666667</dst>
            <dst id="NYCMng">46548.3893333333</dst>
            <dst id="SNVAng">21488.1306666667</dst>
            <dst id="STTLng">19258.776</dst>
            <dst id="WASHng">76714.056</dst>
        </src>
        <src id="NYCMng">
            <dst id="ATLA-M5">4009.64266666667</dst>
            <dst id="ATLAng">16092.2746666667</dst>
            <dst id="CHINng">14989.0266666667</dst>
            <dst id="DNVRng">31905.2133333333</dst>
            <dst id="HSTNng">9756.27466666667</dst>
            <dst id="IPLSng">44211.6906666666</dst>
            <dst id="KSCYng">2911.33866666667</dst>
            <dst id="LOSAng">62038.52</dst>
            <dst id="NYCMng">110222.333333333</dst>
            <dst id="SNVAng">3183.20266666667</dst>
            <dst id="STTLng">20103.536</dst>
            <dst id="WASHng">35816.8106666667</dst>
        </src>
        <src id="SNVAng">
            <dst id="ATLA-M5">76.4266666666667</dst>
            <dst id="ATLAng">76.3226666666667</dst>
            <dst id="CHINng">80</dst>
            <dst id="DNVRng">6590.376</dst>
            <dst id="HSTNng">0</dst>
            <dst id="IPLSng">2514.56266666667</dst>
            <dst id="KSCYng">26.6666666666667</dst>
            <dst id="LOSAng">29129.6026666667</dst>
            <dst id="NYCMng">53.3333333333333</dst>
            <dst id="SNVAng">7997.016</dst>
            <dst id="STTLng">37210.6133333333</dst>
            <dst id="WASHng">54.6666666666667</dst>
        </src>
        <src id="STTLng">
            <dst id="ATLA-M5">80</dst>
            <dst id="ATLAng">4838.44533333333</dst>
            <dst id="CHINng">8491.60266666667</dst>
            <dst id="DNVRng">2690.82666666667</dst>
            <dst id="HSTNng">1546.944</dst>
            <dst id="IPLSng">28837.9253333333</dst>
            <dst id="KSCYng">1668.10666666667</dst>
            <dst id="LOSAng">15887.2426666667</dst>
            <dst id="NYCMng">15720.2133333333</dst>
            <dst id="SNVAng">9100.18666666667</dst>
            <dst id="STTLng">1929.20266666667</dst>
            <dst id="WASHng">6643.75466666667</dst>
        </src>
        <src id="WASHng">
            <dst id="ATLA-M5">26.6666666666667</dst>
            <dst id="ATLAng">152210.504</dst>
            <dst id="CHINng">59998.0293333333</dst>
            <dst id="DNVRng">56907.5146666667</dst>
            <dst id="HSTNng">20731.4506666667</dst>
            <dst id="IPLSng">63299.9013333333</dst>
            <dst id="KSCYng">33923.16</dst>
            <dst id="LOSAng">113934.893333333</dst>
            <dst id="NYCMng">125041.704</dst>
            <dst id="SNVAng">5544.37866666667</dst>
            <dst id="STTLng">21586.704</dst>
            <dst id="WASHng">302230.026666667</dst>
        </src>
    </IntraTM>
</TrafficMatrixFile>
