<?xml version="1.0" encoding="ISO-8859-1" standalone="yes"?>
<TrafficMatrixFile xsi:noNamespaceSchemaLocation="http://totem.run.montefiore.ulg.ac.be/Schema/TrafficMatrix-v1_2.xsd" xmlns:xsi="http://www.w3.org/2001/XMLSchema-instance">
    <IntraTM ASID="11537">
        <src id="ATLA-M5">
            <dst id="ATLA-M5">0</dst>
            <dst id="ATLAng">160</dst>
            <dst id="CHINng">135.845333333333</dst>
            <dst id="DNVRng">0</dst>
            <dst id="HSTNng">91.144</dst>
            <dst id="IPLSng">26.6666666666667</dst>
            <dst id="KSCYng">0</dst>
            <dst id="LOSAng">26.6666666666667</dst>
            <dst id="NYCMng">26.6666666666667</dst>
            <dst id="SNVAng">0</dst>
            <dst id="STTLng">0</dst>
            <dst id="WASHng">201.928</dst>
        </src>
        <src id="ATLAng">
            <dst id="ATLA-M5">120.645333333333</dst>
            <dst id="ATLAng">26174.9466666667</dst>
            <dst id="CHINng">7589.352</dst>
            <dst id="DNVRng">4319.216</dst>
            <dst id="HSTNng">1023.01866666667</dst>
            <dst id="IPLSng">15333.0666666667</dst>
            <dst id="KSCYng">772.981333333333</dst>
            <dst id="LOSAng">4437.264</dst>
            <dst id="NYCMng">3866.66666666667</dst>
            <dst id="SNVAng">4194.82666666667</dst>
            <dst id="STTLng">1396.26666666667</dst>
            <dst id="WASHng">50117.48</dst>
        </src>
        <src id="CHINng">
            <dst id="ATLA-M5">466.464</dst>
            <dst id="ATLAng">10249.8186666667</dst>
            <dst id="CHINng">73009.088</dst>
            <dst id="DNVRng">1283.05333333333</dst>
            <dst id="HSTNng">4210.56266666667</dst>
            <dst id="IPLSng">9942.88533333334</dst>
            <dst id="KSCYng">10594.6346666667</dst>
            <dst id="LOSAng">2645.408</dst>
            <dst id="NYCMng">9186.8</dst>
            <dst id="SNVAng">16887.2</dst>
            <dst id="STTLng">8330.736</dst>
            <dst id="WASHng">22212.312</dst>
        </src>
        <src id="DNVRng">
            <dst id="ATLA-M5">94.0266666666666</dst>
            <dst id="ATLAng">4064.38933333333</dst>
            <dst id="CHINng">47308.1946666667</dst>
            <dst id="DNVRng">2062.86133333333</dst>
            <dst id="HSTNng">20397.152</dst>
            <dst id="IPLSng">23079.8586666667</dst>
            <dst id="KSCYng">10108.1813333333</dst>
            <dst id="LOSAng">1050.888</dst>
            <dst id="NYCMng">11412.2826666667</dst>
            <dst id="SNVAng">16020.488</dst>
            <dst id="STTLng">8294.696</dst>
            <dst id="WASHng">49414.7546666667</dst>
        </src>
        <src id="HSTNng">
            <dst id="ATLA-M5">3635.62933333333</dst>
            <dst id="ATLAng">12426.1013333333</dst>
            <dst id="CHINng">12816.488</dst>
            <dst id="DNVRng">906.085333333334</dst>
            <dst id="HSTNng">18800.56</dst>
            <dst id="IPLSng">2852.27466666667</dst>
            <dst id="KSCYng">774.938666666667</dst>
            <dst id="LOSAng">783</dst>
            <dst id="NYCMng">2837.264</dst>
            <dst id="SNVAng">53.3333333333333</dst>
            <dst id="STTLng">1016.68</dst>
            <dst id="WASHng">2549.584</dst>
        </src>
        <src id="IPLSng">
            <dst id="ATLA-M5">0</dst>
            <dst id="ATLAng">39731</dst>
            <dst id="CHINng">43991.5173333333</dst>
            <dst id="DNVRng">4729.44533333333</dst>
            <dst id="HSTNng">1558.34133333333</dst>
            <dst id="IPLSng">8600.8</dst>
            <dst id="KSCYng">1707.96266666667</dst>
            <dst id="LOSAng">4161.25866666667</dst>
            <dst id="NYCMng">9589.68</dst>
            <dst id="SNVAng">5546.648</dst>
            <dst id="STTLng">5671.2</dst>
            <dst id="WASHng">22220.064</dst>
        </src>
        <src id="KSCYng">
            <dst id="ATLA-M5">0</dst>
            <dst id="ATLAng">2683.504</dst>
            <dst id="CHINng">18505.08</dst>
            <dst id="DNVRng">3409.05333333333</dst>
            <dst id="HSTNng">3366.656</dst>
            <dst id="IPLSng">8515.01866666667</dst>
            <dst id="KSCYng">7519.616</dst>
            <dst id="LOSAng">53.3333333333333</dst>
            <dst id="NYCMng">1419.29333333333</dst>
            <dst id="SNVAng">4717.84</dst>
            <dst id="STTLng">589.306666666667</dst>
            <dst id="WASHng">7023.48533333334</dst>
        </src>
        <src id="LOSAng">
            <dst id="ATLA-M5">26.6666666666667</dst>
            <dst id="ATLAng">6721.67466666667</dst>
            <dst id="CHINng">98845.4986666667</dst>
            <dst id="DNVRng">8081.632</dst>
            <dst id="HSTNng">12795.384</dst>
            <dst id="IPLSng">16970.0346666667</dst>
            <dst id="KSCYng">819.018666666667</dst>
            <dst id="LOSAng">23828.2586666667</dst>
            <dst id="NYCMng">27322.9333333333</dst>
            <dst id="SNVAng">20906.0533333333</dst>
            <dst id="STTLng">24613.6026666667</dst>
            <dst id="WASHng">76205.8293333333</dst>
        </src>
        <src id="NYCMng">
            <dst id="ATLA-M5">461.162666666667</dst>
            <dst id="ATLAng">18495.1626666667</dst>
            <dst id="CHINng">27636.4426666667</dst>
            <dst id="DNVRng">22134.6826666667</dst>
            <dst id="HSTNng">3072.78666666667</dst>
            <dst id="IPLSng">9891.84</dst>
            <dst id="KSCYng">3969.36533333333</dst>
            <dst id="LOSAng">7908.69066666667</dst>
            <dst id="NYCMng">113730.122666667</dst>
            <dst id="SNVAng">40716.872</dst>
            <dst id="STTLng">16231.848</dst>
            <dst id="WASHng">38671.0533333333</dst>
        </src>
        <src id="SNVAng">
            <dst id="ATLA-M5">26.6666666666667</dst>
            <dst id="ATLAng">26.6666666666667</dst>
            <dst id="CHINng">144.736</dst>
            <dst id="DNVRng">3699.928</dst>
            <dst id="HSTNng">0</dst>
            <dst id="IPLSng">341.874666666667</dst>
            <dst id="KSCYng">0</dst>
            <dst id="LOSAng">1758.38133333333</dst>
            <dst id="NYCMng">55.0026666666667</dst>
            <dst id="SNVAng">34040.2133333333</dst>
            <dst id="STTLng">33047.0586666667</dst>
            <dst id="WASHng">53.3333333333333</dst>
        </src>
        <src id="STTLng">
            <dst id="ATLA-M5">0</dst>
            <dst id="ATLAng">5997.58666666667</dst>
            <dst id="CHINng">23231.6213333333</dst>
            <dst id="DNVRng">2779.4</dst>
            <dst id="HSTNng">4394.80533333333</dst>
            <dst id="IPLSng">9666.87733333333</dst>
            <dst id="KSCYng">264.485333333333</dst>
            <dst id="LOSAng">1718.752</dst>
            <dst id="NYCMng">11379.9893333333</dst>
            <dst id="SNVAng">10190.8026666667</dst>
            <dst id="STTLng">928.768</dst>
            <dst id="WASHng">65648.4453333333</dst>
        </src>
        <src id="WASHng">
            <dst id="ATLA-M5">114.496</dst>
            <dst id="ATLAng">68079.2746666667</dst>
            <dst id="CHINng">59303.056</dst>
            <dst id="DNVRng">27073.6213333333</dst>
            <dst id="HSTNng">12617.688</dst>
            <dst id="IPLSng">18122.2533333333</dst>
            <dst id="KSCYng">30108.032</dst>
            <dst id="LOSAng">62428.4346666667</dst>
            <dst id="NYCMng">109592.544</dst>
            <dst id="SNVAng">21607.184</dst>
            <dst id="STTLng">24074.3493333333</dst>
            <dst id="WASHng">332552.906666667</dst>
        </src>
    </IntraTM>
</TrafficMatrixFile>
