<?xml version="1.0" encoding="ISO-8859-1" standalone="yes"?>
<TrafficMatrixFile xsi:noNamespaceSchemaLocation="http://totem.run.montefiore.ulg.ac.be/Schema/TrafficMatrix-v1_2.xsd" xmlns:xsi="http://www.w3.org/2001/XMLSchema-instance">
    <IntraTM ASID="11537">
        <src id="ATLA-M5">
            <dst id="ATLA-M5">69.1706666666667</dst>
            <dst id="ATLAng">785.328</dst>
            <dst id="CHINng">566.946666666667</dst>
            <dst id="DNVRng">609.082666666667</dst>
            <dst id="HSTNng">128.6</dst>
            <dst id="IPLSng">35.0746666666667</dst>
            <dst id="KSCYng">68.1333333333333</dst>
            <dst id="LOSAng">119.044</dst>
            <dst id="NYCMng">54.696</dst>
            <dst id="SNVAng">56.4306666666667</dst>
            <dst id="STTLng">26.6666666666667</dst>
            <dst id="WASHng">440.544</dst>
        </src>
        <src id="ATLAng">
            <dst id="ATLA-M5">355.224</dst>
            <dst id="ATLAng">48897.7493333333</dst>
            <dst id="CHINng">35029.2293333333</dst>
            <dst id="DNVRng">5626.69333333333</dst>
            <dst id="HSTNng">37419.5733333333</dst>
            <dst id="IPLSng">32808.7226666667</dst>
            <dst id="KSCYng">4520.51466666667</dst>
            <dst id="LOSAng">6370.568</dst>
            <dst id="NYCMng">11464.4293333333</dst>
            <dst id="SNVAng">5769.76533333333</dst>
            <dst id="STTLng">4205.82933333333</dst>
            <dst id="WASHng">41273.4533333333</dst>
        </src>
        <src id="CHINng">
            <dst id="ATLA-M5">361.546666666667</dst>
            <dst id="ATLAng">22949.5653333333</dst>
            <dst id="CHINng">116481.066666667</dst>
            <dst id="DNVRng">12543.7066666667</dst>
            <dst id="HSTNng">16727.0533333333</dst>
            <dst id="IPLSng">29591.928</dst>
            <dst id="KSCYng">10127.5546666667</dst>
            <dst id="LOSAng">12556.8186666667</dst>
            <dst id="NYCMng">15643.5306666667</dst>
            <dst id="SNVAng">28507.04</dst>
            <dst id="STTLng">19505.08</dst>
            <dst id="WASHng">29945.0506666667</dst>
        </src>
        <src id="DNVRng">
            <dst id="ATLA-M5">1066.22666666667</dst>
            <dst id="ATLAng">10774.6986666667</dst>
            <dst id="CHINng">76921</dst>
            <dst id="DNVRng">29862.0266666667</dst>
            <dst id="HSTNng">25949.88</dst>
            <dst id="IPLSng">31973.704</dst>
            <dst id="KSCYng">25140.7786666667</dst>
            <dst id="LOSAng">1469.16</dst>
            <dst id="NYCMng">20588.096</dst>
            <dst id="SNVAng">24111.128</dst>
            <dst id="STTLng">37599.1386666667</dst>
            <dst id="WASHng">66194.432</dst>
        </src>
        <src id="HSTNng">
            <dst id="ATLA-M5">422.730666666667</dst>
            <dst id="ATLAng">10373.336</dst>
            <dst id="CHINng">19713.5653333333</dst>
            <dst id="DNVRng">2752.88533333333</dst>
            <dst id="HSTNng">14611.1146666667</dst>
            <dst id="IPLSng">7885.86133333333</dst>
            <dst id="KSCYng">5969.97066666667</dst>
            <dst id="LOSAng">3307.79733333333</dst>
            <dst id="NYCMng">2470.86133333333</dst>
            <dst id="SNVAng">983.136</dst>
            <dst id="STTLng">3321.52</dst>
            <dst id="WASHng">2841.70666666667</dst>
        </src>
        <src id="IPLSng">
            <dst id="ATLA-M5">110.173333333333</dst>
            <dst id="ATLAng">22418.8933333333</dst>
            <dst id="CHINng">60331.9653333333</dst>
            <dst id="DNVRng">16486.0933333333</dst>
            <dst id="HSTNng">5044.58933333333</dst>
            <dst id="IPLSng">29551.6186666667</dst>
            <dst id="KSCYng">6361.152</dst>
            <dst id="LOSAng">6678.21333333333</dst>
            <dst id="NYCMng">77151.872</dst>
            <dst id="SNVAng">9082.84533333333</dst>
            <dst id="STTLng">11145.0266666667</dst>
            <dst id="WASHng">24909.8506666667</dst>
        </src>
        <src id="KSCYng">
            <dst id="ATLA-M5">26.6666666666667</dst>
            <dst id="ATLAng">16345.168</dst>
            <dst id="CHINng">20974.7866666667</dst>
            <dst id="DNVRng">15353.2453333333</dst>
            <dst id="HSTNng">6887.232</dst>
            <dst id="IPLSng">12398.6746666667</dst>
            <dst id="KSCYng">13849.3626666667</dst>
            <dst id="LOSAng">1452.872</dst>
            <dst id="NYCMng">2886.56533333333</dst>
            <dst id="SNVAng">10031.952</dst>
            <dst id="STTLng">2943.496</dst>
            <dst id="WASHng">12286.128</dst>
        </src>
        <src id="LOSAng">
            <dst id="ATLA-M5">2078.28266666667</dst>
            <dst id="ATLAng">23383.5146666667</dst>
            <dst id="CHINng">93987.4693333334</dst>
            <dst id="DNVRng">11188.1493333333</dst>
            <dst id="HSTNng">26100.1786666667</dst>
            <dst id="IPLSng">18320.8026666667</dst>
            <dst id="KSCYng">4098.45866666667</dst>
            <dst id="LOSAng">15350.28</dst>
            <dst id="NYCMng">36092.6933333333</dst>
            <dst id="SNVAng">30884.376</dst>
            <dst id="STTLng">25709.2506666667</dst>
            <dst id="WASHng">110049.754666667</dst>
        </src>
        <src id="NYCMng">
            <dst id="ATLA-M5">625.824</dst>
            <dst id="ATLAng">23566.008</dst>
            <dst id="CHINng">49548.1893333333</dst>
            <dst id="DNVRng">25222.152</dst>
            <dst id="HSTNng">15839.28</dst>
            <dst id="IPLSng">28996.5253333333</dst>
            <dst id="KSCYng">6604.87733333333</dst>
            <dst id="LOSAng">8975.89066666667</dst>
            <dst id="NYCMng">142003.669333333</dst>
            <dst id="SNVAng">61039.2026666667</dst>
            <dst id="STTLng">18133.1013333333</dst>
            <dst id="WASHng">83219.952</dst>
        </src>
        <src id="SNVAng">
            <dst id="ATLA-M5">0</dst>
            <dst id="ATLAng">978.157333333333</dst>
            <dst id="CHINng">148.053333333333</dst>
            <dst id="DNVRng">6480.18933333333</dst>
            <dst id="HSTNng">283.437333333333</dst>
            <dst id="IPLSng">384.666666666667</dst>
            <dst id="KSCYng">53.3333333333333</dst>
            <dst id="LOSAng">2995.288</dst>
            <dst id="NYCMng">26.6666666666667</dst>
            <dst id="SNVAng">44080.6453333333</dst>
            <dst id="STTLng">33343.984</dst>
            <dst id="WASHng">1600.03733333333</dst>
        </src>
        <src id="STTLng">
            <dst id="ATLA-M5">29.12</dst>
            <dst id="ATLAng">11158.704</dst>
            <dst id="CHINng">30828.4506666667</dst>
            <dst id="DNVRng">7151.14133333333</dst>
            <dst id="HSTNng">6544.168</dst>
            <dst id="IPLSng">14322.5733333333</dst>
            <dst id="KSCYng">3726.94933333333</dst>
            <dst id="LOSAng">5213.72266666667</dst>
            <dst id="NYCMng">15351.4106666667</dst>
            <dst id="SNVAng">16939.9093333333</dst>
            <dst id="STTLng">3917.088</dst>
            <dst id="WASHng">26727.464</dst>
        </src>
        <src id="WASHng">
            <dst id="ATLA-M5">840.285333333333</dst>
            <dst id="ATLAng">331730.24</dst>
            <dst id="CHINng">90177.8186666667</dst>
            <dst id="DNVRng">41756.0346666667</dst>
            <dst id="HSTNng">16601.216</dst>
            <dst id="IPLSng">37635.168</dst>
            <dst id="KSCYng">31974.7573333333</dst>
            <dst id="LOSAng">62653.3973333333</dst>
            <dst id="NYCMng">195186.304</dst>
            <dst id="SNVAng">59069.912</dst>
            <dst id="STTLng">27310.1733333333</dst>
            <dst id="WASHng">300378.346666667</dst>
        </src>
    </IntraTM>
</TrafficMatrixFile>
