<?xml version="1.0" encoding="ISO-8859-1" standalone="yes"?>
<TrafficMatrixFile xsi:noNamespaceSchemaLocation="http://totem.run.montefiore.ulg.ac.be/Schema/TrafficMatrix-v1_2.xsd" xmlns:xsi="http://www.w3.org/2001/XMLSchema-instance">
    <IntraTM ASID="11537">
        <src id="ATLA-M5">
            <dst id="ATLA-M5">0</dst>
            <dst id="ATLAng">51.0933333333333</dst>
            <dst id="CHINng">131.306666666667</dst>
            <dst id="DNVRng">0</dst>
            <dst id="HSTNng">0</dst>
            <dst id="IPLSng">0</dst>
            <dst id="KSCYng">0</dst>
            <dst id="LOSAng">0</dst>
            <dst id="NYCMng">105.405333333333</dst>
            <dst id="SNVAng">45.6026666666667</dst>
            <dst id="STTLng">64.2666666666667</dst>
            <dst id="WASHng">222.349333333333</dst>
        </src>
        <src id="ATLAng">
            <dst id="ATLA-M5">3282.37866666667</dst>
            <dst id="ATLAng">28202.16</dst>
            <dst id="CHINng">9010.872</dst>
            <dst id="DNVRng">3148.42133333333</dst>
            <dst id="HSTNng">6993.17333333333</dst>
            <dst id="IPLSng">17010.4106666667</dst>
            <dst id="KSCYng">272.378666666667</dst>
            <dst id="LOSAng">10960.0493333333</dst>
            <dst id="NYCMng">1011.128</dst>
            <dst id="SNVAng">1517.40133333333</dst>
            <dst id="STTLng">3273.336</dst>
            <dst id="WASHng">29925.9333333333</dst>
        </src>
        <src id="CHINng">
            <dst id="ATLA-M5">0</dst>
            <dst id="ATLAng">7604.896</dst>
            <dst id="CHINng">30592.8346666667</dst>
            <dst id="DNVRng">5665.39733333333</dst>
            <dst id="HSTNng">8827.74133333333</dst>
            <dst id="IPLSng">13579.9706666667</dst>
            <dst id="KSCYng">19795.208</dst>
            <dst id="LOSAng">24672.216</dst>
            <dst id="NYCMng">23105.0906666667</dst>
            <dst id="SNVAng">4778.92</dst>
            <dst id="STTLng">2958.20533333333</dst>
            <dst id="WASHng">9835.61066666667</dst>
        </src>
        <src id="DNVRng">
            <dst id="ATLA-M5">206.88</dst>
            <dst id="ATLAng">3020.94133333333</dst>
            <dst id="CHINng">36025.5146666667</dst>
            <dst id="DNVRng">15932.4346666667</dst>
            <dst id="HSTNng">21035.2133333333</dst>
            <dst id="IPLSng">42287.9253333333</dst>
            <dst id="KSCYng">26346.224</dst>
            <dst id="LOSAng">6283.35733333333</dst>
            <dst id="NYCMng">13746.512</dst>
            <dst id="SNVAng">7234.63466666667</dst>
            <dst id="STTLng">5996.27733333333</dst>
            <dst id="WASHng">48219.5173333333</dst>
        </src>
        <src id="HSTNng">
            <dst id="ATLA-M5">0</dst>
            <dst id="ATLAng">11600.6053333333</dst>
            <dst id="CHINng">6257.06933333333</dst>
            <dst id="DNVRng">1596.89066666667</dst>
            <dst id="HSTNng">15812.352</dst>
            <dst id="IPLSng">3858.952</dst>
            <dst id="KSCYng">1129.32533333333</dst>
            <dst id="LOSAng">1157.80266666667</dst>
            <dst id="NYCMng">1520.51733333333</dst>
            <dst id="SNVAng">26.6666666666667</dst>
            <dst id="STTLng">606.024</dst>
            <dst id="WASHng">3460.32533333333</dst>
        </src>
        <src id="IPLSng">
            <dst id="ATLA-M5">0</dst>
            <dst id="ATLAng">6538.86933333333</dst>
            <dst id="CHINng">23638.1466666667</dst>
            <dst id="DNVRng">5982.16</dst>
            <dst id="HSTNng">4019.81066666667</dst>
            <dst id="IPLSng">1570.57066666667</dst>
            <dst id="KSCYng">1256.42933333333</dst>
            <dst id="LOSAng">11152.6666666667</dst>
            <dst id="NYCMng">5459.78666666667</dst>
            <dst id="SNVAng">7766.504</dst>
            <dst id="STTLng">10972.312</dst>
            <dst id="WASHng">5775.408</dst>
        </src>
        <src id="KSCYng">
            <dst id="ATLA-M5">0</dst>
            <dst id="ATLAng">3579.89333333333</dst>
            <dst id="CHINng">5058.632</dst>
            <dst id="DNVRng">7975.91466666667</dst>
            <dst id="HSTNng">13742.6666666667</dst>
            <dst id="IPLSng">14429.112</dst>
            <dst id="KSCYng">14924.8853333333</dst>
            <dst id="LOSAng">3368.776</dst>
            <dst id="NYCMng">1434.57866666667</dst>
            <dst id="SNVAng">2539.64</dst>
            <dst id="STTLng">7291.888</dst>
            <dst id="WASHng">8314.70666666667</dst>
        </src>
        <src id="LOSAng">
            <dst id="ATLA-M5">0</dst>
            <dst id="ATLAng">10877.1653333333</dst>
            <dst id="CHINng">40923.2026666667</dst>
            <dst id="DNVRng">7031.392</dst>
            <dst id="HSTNng">2081.448</dst>
            <dst id="IPLSng">13923.1493333333</dst>
            <dst id="KSCYng">3820.912</dst>
            <dst id="LOSAng">12240.24</dst>
            <dst id="NYCMng">18649.8533333333</dst>
            <dst id="SNVAng">25668.7173333333</dst>
            <dst id="STTLng">20627.056</dst>
            <dst id="WASHng">84581.904</dst>
        </src>
        <src id="NYCMng">
            <dst id="ATLA-M5">232.632</dst>
            <dst id="ATLAng">6668.03466666667</dst>
            <dst id="CHINng">17920.0213333333</dst>
            <dst id="DNVRng">22308.7946666667</dst>
            <dst id="HSTNng">2436.96266666667</dst>
            <dst id="IPLSng">11792.5093333333</dst>
            <dst id="KSCYng">6199.03466666667</dst>
            <dst id="LOSAng">49382.2026666667</dst>
            <dst id="NYCMng">56789.64</dst>
            <dst id="SNVAng">1034.34933333333</dst>
            <dst id="STTLng">9160.888</dst>
            <dst id="WASHng">38940.768</dst>
        </src>
        <src id="SNVAng">
            <dst id="ATLA-M5">0</dst>
            <dst id="ATLAng">53.3333333333333</dst>
            <dst id="CHINng">85.472</dst>
            <dst id="DNVRng">1183.06666666667</dst>
            <dst id="HSTNng">26.6666666666667</dst>
            <dst id="IPLSng">117.432</dst>
            <dst id="KSCYng">0</dst>
            <dst id="LOSAng">30943.7893333333</dst>
            <dst id="NYCMng">411.648</dst>
            <dst id="SNVAng">7616.768</dst>
            <dst id="STTLng">40108.4933333333</dst>
            <dst id="WASHng">26.6666666666667</dst>
        </src>
        <src id="STTLng">
            <dst id="ATLA-M5">126.949333333333</dst>
            <dst id="ATLAng">5049.99466666667</dst>
            <dst id="CHINng">8422</dst>
            <dst id="DNVRng">1420.14666666667</dst>
            <dst id="HSTNng">536.845333333333</dst>
            <dst id="IPLSng">4061.664</dst>
            <dst id="KSCYng">2516.056</dst>
            <dst id="LOSAng">9755.688</dst>
            <dst id="NYCMng">8820.95466666667</dst>
            <dst id="SNVAng">10295.8346666667</dst>
            <dst id="STTLng">2203.832</dst>
            <dst id="WASHng">4076.73866666667</dst>
        </src>
        <src id="WASHng">
            <dst id="ATLA-M5">398.762666666667</dst>
            <dst id="ATLAng">67982.2186666667</dst>
            <dst id="CHINng">66037.6906666667</dst>
            <dst id="DNVRng">61109.824</dst>
            <dst id="HSTNng">32107.6773333333</dst>
            <dst id="IPLSng">54723.4506666667</dst>
            <dst id="KSCYng">34090.0613333333</dst>
            <dst id="LOSAng">114278.144</dst>
            <dst id="NYCMng">133611.482666667</dst>
            <dst id="SNVAng">6078.736</dst>
            <dst id="STTLng">37751.888</dst>
            <dst id="WASHng">252086.554666667</dst>
        </src>
    </IntraTM>
</TrafficMatrixFile>
