<?xml version="1.0" encoding="ISO-8859-1" standalone="yes"?>
<TrafficMatrixFile xsi:noNamespaceSchemaLocation="http://totem.run.montefiore.ulg.ac.be/Schema/TrafficMatrix-v1_2.xsd" xmlns:xsi="http://www.w3.org/2001/XMLSchema-instance">
    <IntraTM ASID="11537">
        <src id="ATLA-M5">
            <dst id="ATLA-M5">0</dst>
            <dst id="ATLAng">53.3333333333333</dst>
            <dst id="CHINng">40.6506666666667</dst>
            <dst id="DNVRng">1077.568</dst>
            <dst id="HSTNng">26.6666666666667</dst>
            <dst id="IPLSng">26.6666666666667</dst>
            <dst id="KSCYng">0</dst>
            <dst id="LOSAng">0</dst>
            <dst id="NYCMng">0</dst>
            <dst id="SNVAng">0</dst>
            <dst id="STTLng">66.224</dst>
            <dst id="WASHng">457.613333333333</dst>
        </src>
        <src id="ATLAng">
            <dst id="ATLA-M5">97.3866666666667</dst>
            <dst id="ATLAng">65557.0986666667</dst>
            <dst id="CHINng">8084.46666666667</dst>
            <dst id="DNVRng">2331.41066666667</dst>
            <dst id="HSTNng">881.797333333333</dst>
            <dst id="IPLSng">17841.0986666667</dst>
            <dst id="KSCYng">458.714666666667</dst>
            <dst id="LOSAng">5415.93333333333</dst>
            <dst id="NYCMng">3731.32533333333</dst>
            <dst id="SNVAng">5115.11466666667</dst>
            <dst id="STTLng">1847.336</dst>
            <dst id="WASHng">40377.5306666667</dst>
        </src>
        <src id="CHINng">
            <dst id="ATLA-M5">504.362666666667</dst>
            <dst id="ATLAng">5145.62933333333</dst>
            <dst id="CHINng">99229.6346666667</dst>
            <dst id="DNVRng">1534.032</dst>
            <dst id="HSTNng">10014.712</dst>
            <dst id="IPLSng">35338.5413333333</dst>
            <dst id="KSCYng">15165.472</dst>
            <dst id="LOSAng">7050.6</dst>
            <dst id="NYCMng">7114.34933333333</dst>
            <dst id="SNVAng">29656.8933333333</dst>
            <dst id="STTLng">9468.45066666667</dst>
            <dst id="WASHng">18660.784</dst>
        </src>
        <src id="DNVRng">
            <dst id="ATLA-M5">213.024</dst>
            <dst id="ATLAng">2765.53333333333</dst>
            <dst id="CHINng">67684.2026666667</dst>
            <dst id="DNVRng">6897.752</dst>
            <dst id="HSTNng">27825.904</dst>
            <dst id="IPLSng">25134.3066666667</dst>
            <dst id="KSCYng">15857.1173333333</dst>
            <dst id="LOSAng">1990.55733333333</dst>
            <dst id="NYCMng">15198.712</dst>
            <dst id="SNVAng">17938.8106666667</dst>
            <dst id="STTLng">3477.47466666667</dst>
            <dst id="WASHng">43591.8986666667</dst>
        </src>
        <src id="HSTNng">
            <dst id="ATLA-M5">0</dst>
            <dst id="ATLAng">5596.624</dst>
            <dst id="CHINng">9465.26933333333</dst>
            <dst id="DNVRng">1810.496</dst>
            <dst id="HSTNng">13518.424</dst>
            <dst id="IPLSng">878.472</dst>
            <dst id="KSCYng">773.002666666667</dst>
            <dst id="LOSAng">1319.31733333333</dst>
            <dst id="NYCMng">1385.25333333333</dst>
            <dst id="SNVAng">80</dst>
            <dst id="STTLng">2142.19466666667</dst>
            <dst id="WASHng">1133.91466666667</dst>
        </src>
        <src id="IPLSng">
            <dst id="ATLA-M5">0</dst>
            <dst id="ATLAng">7085.336</dst>
            <dst id="CHINng">56039.6666666667</dst>
            <dst id="DNVRng">4597.34933333333</dst>
            <dst id="HSTNng">539.573333333333</dst>
            <dst id="IPLSng">28046.0693333333</dst>
            <dst id="KSCYng">886.573333333333</dst>
            <dst id="LOSAng">6994.696</dst>
            <dst id="NYCMng">25713.184</dst>
            <dst id="SNVAng">15312.744</dst>
            <dst id="STTLng">7350.11733333333</dst>
            <dst id="WASHng">12854.2613333333</dst>
        </src>
        <src id="KSCYng">
            <dst id="ATLA-M5">0</dst>
            <dst id="ATLAng">2373.888</dst>
            <dst id="CHINng">23058.184</dst>
            <dst id="DNVRng">3990.632</dst>
            <dst id="HSTNng">2397.62133333333</dst>
            <dst id="IPLSng">10577.4426666667</dst>
            <dst id="KSCYng">7207.33866666667</dst>
            <dst id="LOSAng">1759.064</dst>
            <dst id="NYCMng">1215.74666666667</dst>
            <dst id="SNVAng">6959.104</dst>
            <dst id="STTLng">815.117333333333</dst>
            <dst id="WASHng">8647.216</dst>
        </src>
        <src id="LOSAng">
            <dst id="ATLA-M5">53.3333333333333</dst>
            <dst id="ATLAng">5492.84266666667</dst>
            <dst id="CHINng">94136.1786666667</dst>
            <dst id="DNVRng">6082.61066666666</dst>
            <dst id="HSTNng">1282.344</dst>
            <dst id="IPLSng">10329.6933333333</dst>
            <dst id="KSCYng">878.813333333333</dst>
            <dst id="LOSAng">20029.472</dst>
            <dst id="NYCMng">22465.5013333333</dst>
            <dst id="SNVAng">22364.2933333333</dst>
            <dst id="STTLng">17002.8906666667</dst>
            <dst id="WASHng">85982.4773333333</dst>
        </src>
        <src id="NYCMng">
            <dst id="ATLA-M5">2575.832</dst>
            <dst id="ATLAng">11003.264</dst>
            <dst id="CHINng">34454</dst>
            <dst id="DNVRng">22664.5466666667</dst>
            <dst id="HSTNng">1758.056</dst>
            <dst id="IPLSng">6636.296</dst>
            <dst id="KSCYng">4775.11466666666</dst>
            <dst id="LOSAng">7373.888</dst>
            <dst id="NYCMng">95407.576</dst>
            <dst id="SNVAng">50384.9706666667</dst>
            <dst id="STTLng">21668.3866666667</dst>
            <dst id="WASHng">29375.5413333333</dst>
        </src>
        <src id="SNVAng">
            <dst id="ATLA-M5">0</dst>
            <dst id="ATLAng">53.3333333333333</dst>
            <dst id="CHINng">478.661333333333</dst>
            <dst id="DNVRng">3922.17866666667</dst>
            <dst id="HSTNng">0</dst>
            <dst id="IPLSng">9695.09866666666</dst>
            <dst id="KSCYng">26.6666666666667</dst>
            <dst id="LOSAng">1280.05333333333</dst>
            <dst id="NYCMng">1831.09066666667</dst>
            <dst id="SNVAng">34838.12</dst>
            <dst id="STTLng">35174.8666666667</dst>
            <dst id="WASHng">183.882666666667</dst>
        </src>
        <src id="STTLng">
            <dst id="ATLA-M5">26.6666666666667</dst>
            <dst id="ATLAng">4874.90933333333</dst>
            <dst id="CHINng">21775.9306666667</dst>
            <dst id="DNVRng">4241.56266666667</dst>
            <dst id="HSTNng">2256.58666666667</dst>
            <dst id="IPLSng">14782.8693333333</dst>
            <dst id="KSCYng">1672.55466666667</dst>
            <dst id="LOSAng">1706.45066666667</dst>
            <dst id="NYCMng">7615.86666666667</dst>
            <dst id="SNVAng">16806.136</dst>
            <dst id="STTLng">1662.512</dst>
            <dst id="WASHng">9869.86666666667</dst>
        </src>
        <src id="WASHng">
            <dst id="ATLA-M5">87.0213333333333</dst>
            <dst id="ATLAng">70132.4586666667</dst>
            <dst id="CHINng">92744.1013333333</dst>
            <dst id="DNVRng">50388.4773333333</dst>
            <dst id="HSTNng">14150.6266666667</dst>
            <dst id="IPLSng">19924.9413333333</dst>
            <dst id="KSCYng">31982.1493333333</dst>
            <dst id="LOSAng">82988.6906666666</dst>
            <dst id="NYCMng">91630.4933333333</dst>
            <dst id="SNVAng">30543.8186666667</dst>
            <dst id="STTLng">18365.728</dst>
            <dst id="WASHng">286835.52</dst>
        </src>
    </IntraTM>
</TrafficMatrixFile>
