<?xml version="1.0" encoding="ISO-8859-1" standalone="yes"?>
<TrafficMatrixFile xsi:noNamespaceSchemaLocation="http://totem.run.montefiore.ulg.ac.be/Schema/TrafficMatrix-v1_2.xsd" xmlns:xsi="http://www.w3.org/2001/XMLSchema-instance">
    <IntraTM ASID="11537">
        <src id="ATLA-M5">
            <dst id="ATLA-M5">4142.464</dst>
            <dst id="ATLAng">35.456</dst>
            <dst id="CHINng">189.834666666667</dst>
            <dst id="DNVRng">0</dst>
            <dst id="HSTNng">65.8746666666667</dst>
            <dst id="IPLSng">30.2933333333333</dst>
            <dst id="KSCYng">0</dst>
            <dst id="LOSAng">53.3333333333333</dst>
            <dst id="NYCMng">26.6666666666667</dst>
            <dst id="SNVAng">0</dst>
            <dst id="STTLng">371.037333333333</dst>
            <dst id="WASHng">409.378666666667</dst>
        </src>
        <src id="ATLAng">
            <dst id="ATLA-M5">136.773333333333</dst>
            <dst id="ATLAng">26608.5546666667</dst>
            <dst id="CHINng">14017.1653333333</dst>
            <dst id="DNVRng">2650.50666666667</dst>
            <dst id="HSTNng">22744.3413333333</dst>
            <dst id="IPLSng">13226.2213333333</dst>
            <dst id="KSCYng">831.045333333333</dst>
            <dst id="LOSAng">6470.15066666667</dst>
            <dst id="NYCMng">1144.28</dst>
            <dst id="SNVAng">5623.12133333333</dst>
            <dst id="STTLng">2737.928</dst>
            <dst id="WASHng">21566.3333333333</dst>
        </src>
        <src id="CHINng">
            <dst id="ATLA-M5">67.3466666666667</dst>
            <dst id="ATLAng">15726.3706666667</dst>
            <dst id="CHINng">67534.6213333333</dst>
            <dst id="DNVRng">5035.12533333333</dst>
            <dst id="HSTNng">5598.352</dst>
            <dst id="IPLSng">45096.9946666667</dst>
            <dst id="KSCYng">18375.4133333333</dst>
            <dst id="LOSAng">9270.85866666667</dst>
            <dst id="NYCMng">9232.53866666667</dst>
            <dst id="SNVAng">26583.6586666667</dst>
            <dst id="STTLng">7523.69066666667</dst>
            <dst id="WASHng">10900.8026666667</dst>
        </src>
        <src id="DNVRng">
            <dst id="ATLA-M5">81.92</dst>
            <dst id="ATLAng">3153.12533333333</dst>
            <dst id="CHINng">51389.4773333333</dst>
            <dst id="DNVRng">13540.2773333333</dst>
            <dst id="HSTNng">22398.0373333333</dst>
            <dst id="IPLSng">32859.6613333333</dst>
            <dst id="KSCYng">14631.5386666667</dst>
            <dst id="LOSAng">2931.34666666667</dst>
            <dst id="NYCMng">16420.4</dst>
            <dst id="SNVAng">20972.352</dst>
            <dst id="STTLng">8232.72266666667</dst>
            <dst id="WASHng">44745.432</dst>
        </src>
        <src id="HSTNng">
            <dst id="ATLA-M5">4005.23733333333</dst>
            <dst id="ATLAng">4443.552</dst>
            <dst id="CHINng">10048.7173333333</dst>
            <dst id="DNVRng">801.149333333333</dst>
            <dst id="HSTNng">15902.8933333333</dst>
            <dst id="IPLSng">1130.61333333333</dst>
            <dst id="KSCYng">547.52</dst>
            <dst id="LOSAng">2739.608</dst>
            <dst id="NYCMng">2291.104</dst>
            <dst id="SNVAng">53.3333333333333</dst>
            <dst id="STTLng">1398.37066666667</dst>
            <dst id="WASHng">1462.23733333333</dst>
        </src>
        <src id="IPLSng">
            <dst id="ATLA-M5">2009.86133333333</dst>
            <dst id="ATLAng">15639.0426666667</dst>
            <dst id="CHINng">48175.6213333333</dst>
            <dst id="DNVRng">7040.79466666667</dst>
            <dst id="HSTNng">777.912</dst>
            <dst id="IPLSng">10486.8026666667</dst>
            <dst id="KSCYng">2424.77866666667</dst>
            <dst id="LOSAng">5236.46933333333</dst>
            <dst id="NYCMng">17873.04</dst>
            <dst id="SNVAng">13652.288</dst>
            <dst id="STTLng">9121.344</dst>
            <dst id="WASHng">10945.968</dst>
        </src>
        <src id="KSCYng">
            <dst id="ATLA-M5">0</dst>
            <dst id="ATLAng">2591.288</dst>
            <dst id="CHINng">17016.2906666667</dst>
            <dst id="DNVRng">4546.93333333333</dst>
            <dst id="HSTNng">3505.92</dst>
            <dst id="IPLSng">13081.1813333333</dst>
            <dst id="KSCYng">11536.736</dst>
            <dst id="LOSAng">1959.29866666667</dst>
            <dst id="NYCMng">2404.31466666667</dst>
            <dst id="SNVAng">5399.02133333333</dst>
            <dst id="STTLng">3053.264</dst>
            <dst id="WASHng">5953.19733333333</dst>
        </src>
        <src id="LOSAng">
            <dst id="ATLA-M5">26.6666666666667</dst>
            <dst id="ATLAng">13048.072</dst>
            <dst id="CHINng">93721.4106666666</dst>
            <dst id="DNVRng">8460.98933333333</dst>
            <dst id="HSTNng">3347.13066666667</dst>
            <dst id="IPLSng">9208.19466666666</dst>
            <dst id="KSCYng">5183.65866666667</dst>
            <dst id="LOSAng">22103.7066666667</dst>
            <dst id="NYCMng">24787.7733333333</dst>
            <dst id="SNVAng">23212.4293333333</dst>
            <dst id="STTLng">23079.9653333333</dst>
            <dst id="WASHng">117076.426666667</dst>
        </src>
        <src id="NYCMng">
            <dst id="ATLA-M5">26.6666666666667</dst>
            <dst id="ATLAng">7063.38133333333</dst>
            <dst id="CHINng">25015.1786666667</dst>
            <dst id="DNVRng">23112.5173333333</dst>
            <dst id="HSTNng">2439.408</dst>
            <dst id="IPLSng">13141.0026666667</dst>
            <dst id="KSCYng">3353.096</dst>
            <dst id="LOSAng">8209.54133333333</dst>
            <dst id="NYCMng">77572.456</dst>
            <dst id="SNVAng">49404.7466666667</dst>
            <dst id="STTLng">20089.7946666667</dst>
            <dst id="WASHng">36212.072</dst>
        </src>
        <src id="SNVAng">
            <dst id="ATLA-M5">0</dst>
            <dst id="ATLAng">0</dst>
            <dst id="CHINng">0</dst>
            <dst id="DNVRng">29201.3653333333</dst>
            <dst id="HSTNng">0</dst>
            <dst id="IPLSng">232.405333333333</dst>
            <dst id="KSCYng">26.6666666666667</dst>
            <dst id="LOSAng">2167.63466666667</dst>
            <dst id="NYCMng">0</dst>
            <dst id="SNVAng">36705.0106666667</dst>
            <dst id="STTLng">34943.7653333333</dst>
            <dst id="WASHng">125.584</dst>
        </src>
        <src id="STTLng">
            <dst id="ATLA-M5">0</dst>
            <dst id="ATLAng">4780.90133333333</dst>
            <dst id="CHINng">16269.544</dst>
            <dst id="DNVRng">5234.89866666667</dst>
            <dst id="HSTNng">1517.184</dst>
            <dst id="IPLSng">4404</dst>
            <dst id="KSCYng">1469.81333333333</dst>
            <dst id="LOSAng">4901.74933333333</dst>
            <dst id="NYCMng">10381.728</dst>
            <dst id="SNVAng">19575.384</dst>
            <dst id="STTLng">1868.49866666667</dst>
            <dst id="WASHng">10908.1093333333</dst>
        </src>
        <src id="WASHng">
            <dst id="ATLA-M5">56.488</dst>
            <dst id="ATLAng">114063.877333333</dst>
            <dst id="CHINng">79546.4693333333</dst>
            <dst id="DNVRng">29185.0106666667</dst>
            <dst id="HSTNng">40430.8453333333</dst>
            <dst id="IPLSng">25063.3013333333</dst>
            <dst id="KSCYng">30241.1253333333</dst>
            <dst id="LOSAng">72752.552</dst>
            <dst id="NYCMng">117495.714666667</dst>
            <dst id="SNVAng">37793.024</dst>
            <dst id="STTLng">32632.344</dst>
            <dst id="WASHng">214857.312</dst>
        </src>
    </IntraTM>
</TrafficMatrixFile>
