<?xml version="1.0" encoding="ISO-8859-1" standalone="yes"?>
<TrafficMatrixFile xsi:noNamespaceSchemaLocation="http://totem.run.montefiore.ulg.ac.be/Schema/TrafficMatrix-v1_2.xsd" xmlns:xsi="http://www.w3.org/2001/XMLSchema-instance">
    <IntraTM ASID="11537">
        <src id="ATLA-M5">
            <dst id="ATLA-M5">65.8773333333333</dst>
            <dst id="ATLAng">26.6666666666667</dst>
            <dst id="CHINng">237.936</dst>
            <dst id="DNVRng">26.6666666666667</dst>
            <dst id="HSTNng">26.6666666666667</dst>
            <dst id="IPLSng">0</dst>
            <dst id="KSCYng">0</dst>
            <dst id="LOSAng">26.6666666666667</dst>
            <dst id="NYCMng">53.9253333333333</dst>
            <dst id="SNVAng">26.6666666666667</dst>
            <dst id="STTLng">67.8026666666667</dst>
            <dst id="WASHng">860.661333333333</dst>
        </src>
        <src id="ATLAng">
            <dst id="ATLA-M5">115.938666666667</dst>
            <dst id="ATLAng">26050.52</dst>
            <dst id="CHINng">8712.72266666667</dst>
            <dst id="DNVRng">3818.91733333333</dst>
            <dst id="HSTNng">26306.9733333333</dst>
            <dst id="IPLSng">11787.2453333333</dst>
            <dst id="KSCYng">299.954666666667</dst>
            <dst id="LOSAng">13007.676</dst>
            <dst id="NYCMng">4074.24266666667</dst>
            <dst id="SNVAng">5124.82533333333</dst>
            <dst id="STTLng">5017.72</dst>
            <dst id="WASHng">14330.0853333333</dst>
        </src>
        <src id="CHINng">
            <dst id="ATLA-M5">0</dst>
            <dst id="ATLAng">25032.096</dst>
            <dst id="CHINng">102880.690666667</dst>
            <dst id="DNVRng">6098.97066666667</dst>
            <dst id="HSTNng">5273.536</dst>
            <dst id="IPLSng">13327.4853333333</dst>
            <dst id="KSCYng">15896.0266666667</dst>
            <dst id="LOSAng">2904.096</dst>
            <dst id="NYCMng">13902.7626666667</dst>
            <dst id="SNVAng">20696.2426666667</dst>
            <dst id="STTLng">8893.488</dst>
            <dst id="WASHng">15478.5733333333</dst>
        </src>
        <src id="DNVRng">
            <dst id="ATLA-M5">252.586666666667</dst>
            <dst id="ATLAng">4524.09066666667</dst>
            <dst id="CHINng">33957.9786666667</dst>
            <dst id="DNVRng">11490.0293333333</dst>
            <dst id="HSTNng">22286.1066666667</dst>
            <dst id="IPLSng">26899.352</dst>
            <dst id="KSCYng">18872.072</dst>
            <dst id="LOSAng">2070.18933333333</dst>
            <dst id="NYCMng">13560.5786666667</dst>
            <dst id="SNVAng">27390.1626666667</dst>
            <dst id="STTLng">8939.90933333333</dst>
            <dst id="WASHng">36542.48</dst>
        </src>
        <src id="HSTNng">
            <dst id="ATLA-M5">145.957333333333</dst>
            <dst id="ATLAng">1661.84533333333</dst>
            <dst id="CHINng">11728.9786666667</dst>
            <dst id="DNVRng">798.098666666667</dst>
            <dst id="HSTNng">12574.6453333333</dst>
            <dst id="IPLSng">1093.49333333333</dst>
            <dst id="KSCYng">1124.57866666667</dst>
            <dst id="LOSAng">6543.704</dst>
            <dst id="NYCMng">2571.384</dst>
            <dst id="SNVAng">27.4826666666667</dst>
            <dst id="STTLng">1176.4</dst>
            <dst id="WASHng">14783.6426666667</dst>
        </src>
        <src id="IPLSng">
            <dst id="ATLA-M5">0</dst>
            <dst id="ATLAng">5557.02133333333</dst>
            <dst id="CHINng">36304.9573333333</dst>
            <dst id="DNVRng">14223.3493333333</dst>
            <dst id="HSTNng">3783.59466666667</dst>
            <dst id="IPLSng">3167.72</dst>
            <dst id="KSCYng">3223.71733333333</dst>
            <dst id="LOSAng">4097.50933333333</dst>
            <dst id="NYCMng">13869.224</dst>
            <dst id="SNVAng">14438.1813333333</dst>
            <dst id="STTLng">19299.296</dst>
            <dst id="WASHng">8831.69066666667</dst>
        </src>
        <src id="KSCYng">
            <dst id="ATLA-M5">26.6666666666667</dst>
            <dst id="ATLAng">2577.248</dst>
            <dst id="CHINng">12131.8426666667</dst>
            <dst id="DNVRng">5506.72</dst>
            <dst id="HSTNng">4999.88266666667</dst>
            <dst id="IPLSng">18312.4746666667</dst>
            <dst id="KSCYng">15541.4693333333</dst>
            <dst id="LOSAng">876.709333333333</dst>
            <dst id="NYCMng">2265.848</dst>
            <dst id="SNVAng">10036.1333333333</dst>
            <dst id="STTLng">1649.78933333333</dst>
            <dst id="WASHng">8167.304</dst>
        </src>
        <src id="LOSAng">
            <dst id="ATLA-M5">63.3973333333333</dst>
            <dst id="ATLAng">13035.6693333333</dst>
            <dst id="CHINng">38014.216</dst>
            <dst id="DNVRng">6054.26133333333</dst>
            <dst id="HSTNng">3292.50133333333</dst>
            <dst id="IPLSng">11755.8693333333</dst>
            <dst id="KSCYng">2338.872</dst>
            <dst id="LOSAng">15668.4693333333</dst>
            <dst id="NYCMng">27904.4826666667</dst>
            <dst id="SNVAng">23854.0906666667</dst>
            <dst id="STTLng">26386.3173333333</dst>
            <dst id="WASHng">72862.4293333333</dst>
        </src>
        <src id="NYCMng">
            <dst id="ATLA-M5">298.8</dst>
            <dst id="ATLAng">18805.3493333333</dst>
            <dst id="CHINng">28955.7706666667</dst>
            <dst id="DNVRng">23938.7093333333</dst>
            <dst id="HSTNng">10736.296</dst>
            <dst id="IPLSng">13449.3946666667</dst>
            <dst id="KSCYng">5892.55733333333</dst>
            <dst id="LOSAng">8827.66666666666</dst>
            <dst id="NYCMng">78060.2346666667</dst>
            <dst id="SNVAng">48821.0586666667</dst>
            <dst id="STTLng">32353.824</dst>
            <dst id="WASHng">37039.8533333333</dst>
        </src>
        <src id="SNVAng">
            <dst id="ATLA-M5">0</dst>
            <dst id="ATLAng">645.12</dst>
            <dst id="CHINng">26.6666666666667</dst>
            <dst id="DNVRng">6248.80266666667</dst>
            <dst id="HSTNng">0</dst>
            <dst id="IPLSng">1502.62933333333</dst>
            <dst id="KSCYng">26.6666666666667</dst>
            <dst id="LOSAng">4585.368</dst>
            <dst id="NYCMng">159.930666666667</dst>
            <dst id="SNVAng">37296.3973333333</dst>
            <dst id="STTLng">35194.016</dst>
            <dst id="WASHng">53.3333333333333</dst>
        </src>
        <src id="STTLng">
            <dst id="ATLA-M5">0</dst>
            <dst id="ATLAng">5079.57866666667</dst>
            <dst id="CHINng">14523.3786666667</dst>
            <dst id="DNVRng">4834.28266666667</dst>
            <dst id="HSTNng">2623.024</dst>
            <dst id="IPLSng">18375.1946666667</dst>
            <dst id="KSCYng">1445.83466666667</dst>
            <dst id="LOSAng">4530.57333333333</dst>
            <dst id="NYCMng">14967.6026666667</dst>
            <dst id="SNVAng">26328.064</dst>
            <dst id="STTLng">2173.24266666667</dst>
            <dst id="WASHng">3585.06933333333</dst>
        </src>
        <src id="WASHng">
            <dst id="ATLA-M5">326.789333333333</dst>
            <dst id="ATLAng">68834.7493333333</dst>
            <dst id="CHINng">94130.8053333333</dst>
            <dst id="DNVRng">34532.1466666667</dst>
            <dst id="HSTNng">25255.1146666667</dst>
            <dst id="IPLSng">23748.6106666667</dst>
            <dst id="KSCYng">29365.2746666667</dst>
            <dst id="LOSAng">71521.328</dst>
            <dst id="NYCMng">148075.477333333</dst>
            <dst id="SNVAng">28129.056</dst>
            <dst id="STTLng">35661.824</dst>
            <dst id="WASHng">316285.6</dst>
        </src>
    </IntraTM>
</TrafficMatrixFile>
