<?xml version="1.0" encoding="ISO-8859-1" standalone="yes"?>
<TrafficMatrixFile xsi:noNamespaceSchemaLocation="http://totem.run.montefiore.ulg.ac.be/Schema/TrafficMatrix-v1_2.xsd" xmlns:xsi="http://www.w3.org/2001/XMLSchema-instance">
    <IntraTM ASID="11537">
        <src id="ATLA-M5">
            <dst id="ATLA-M5">0</dst>
            <dst id="ATLAng">0</dst>
            <dst id="CHINng">542.84</dst>
            <dst id="DNVRng">0</dst>
            <dst id="HSTNng">0</dst>
            <dst id="IPLSng">0</dst>
            <dst id="KSCYng">0</dst>
            <dst id="LOSAng">56.304</dst>
            <dst id="NYCMng">108.634666666667</dst>
            <dst id="SNVAng">88.2346666666667</dst>
            <dst id="STTLng">53.8933333333333</dst>
            <dst id="WASHng">274.325333333333</dst>
        </src>
        <src id="ATLAng">
            <dst id="ATLA-M5">72.016</dst>
            <dst id="ATLAng">10845.136</dst>
            <dst id="CHINng">14939.3146666667</dst>
            <dst id="DNVRng">3765.84</dst>
            <dst id="HSTNng">25328.888</dst>
            <dst id="IPLSng">7681.71733333333</dst>
            <dst id="KSCYng">2212.984</dst>
            <dst id="LOSAng">2049.31466666667</dst>
            <dst id="NYCMng">7235.53333333333</dst>
            <dst id="SNVAng">66.6666666666667</dst>
            <dst id="STTLng">1730.44533333333</dst>
            <dst id="WASHng">28553.7626666667</dst>
        </src>
        <src id="CHINng">
            <dst id="ATLA-M5">0</dst>
            <dst id="ATLAng">16716.7893333333</dst>
            <dst id="CHINng">58293.3493333333</dst>
            <dst id="DNVRng">3558.20533333333</dst>
            <dst id="HSTNng">12109.5946666667</dst>
            <dst id="IPLSng">17759.8506666667</dst>
            <dst id="KSCYng">7313.09066666667</dst>
            <dst id="LOSAng">28367.3466666667</dst>
            <dst id="NYCMng">23938.1413333333</dst>
            <dst id="SNVAng">2763.89066666667</dst>
            <dst id="STTLng">8827.83733333333</dst>
            <dst id="WASHng">10033.2426666667</dst>
        </src>
        <src id="DNVRng">
            <dst id="ATLA-M5">399.296</dst>
            <dst id="ATLAng">6507.05333333333</dst>
            <dst id="CHINng">44438.584</dst>
            <dst id="DNVRng">9412.64</dst>
            <dst id="HSTNng">31432.4213333333</dst>
            <dst id="IPLSng">41428.408</dst>
            <dst id="KSCYng">16690.1733333333</dst>
            <dst id="LOSAng">7710.112</dst>
            <dst id="NYCMng">13267.112</dst>
            <dst id="SNVAng">6118.28266666667</dst>
            <dst id="STTLng">6280.248</dst>
            <dst id="WASHng">38961.112</dst>
        </src>
        <src id="HSTNng">
            <dst id="ATLA-M5">234.773333333333</dst>
            <dst id="ATLAng">2536.88533333333</dst>
            <dst id="CHINng">6735.15733333333</dst>
            <dst id="DNVRng">4239.34666666667</dst>
            <dst id="HSTNng">18045.824</dst>
            <dst id="IPLSng">1584.448</dst>
            <dst id="KSCYng">1586.59733333333</dst>
            <dst id="LOSAng">4976.88533333333</dst>
            <dst id="NYCMng">1447.55733333333</dst>
            <dst id="SNVAng">53.3333333333333</dst>
            <dst id="STTLng">636.776</dst>
            <dst id="WASHng">20355.5493333333</dst>
        </src>
        <src id="IPLSng">
            <dst id="ATLA-M5">0</dst>
            <dst id="ATLAng">10840.0026666667</dst>
            <dst id="CHINng">31549.024</dst>
            <dst id="DNVRng">12246.1653333333</dst>
            <dst id="HSTNng">1899.28266666667</dst>
            <dst id="IPLSng">6039.38933333334</dst>
            <dst id="KSCYng">2733.75733333333</dst>
            <dst id="LOSAng">10581.3653333333</dst>
            <dst id="NYCMng">4878.21333333333</dst>
            <dst id="SNVAng">223.922666666667</dst>
            <dst id="STTLng">7731.528</dst>
            <dst id="WASHng">12159.1093333333</dst>
        </src>
        <src id="KSCYng">
            <dst id="ATLA-M5">0</dst>
            <dst id="ATLAng">3525.65066666667</dst>
            <dst id="CHINng">10827.0053333333</dst>
            <dst id="DNVRng">5153.968</dst>
            <dst id="HSTNng">5742.13866666667</dst>
            <dst id="IPLSng">16083.968</dst>
            <dst id="KSCYng">16223.456</dst>
            <dst id="LOSAng">4121.15733333333</dst>
            <dst id="NYCMng">919.722666666667</dst>
            <dst id="SNVAng">2334.32533333333</dst>
            <dst id="STTLng">602.616</dst>
            <dst id="WASHng">13202.9733333333</dst>
        </src>
        <src id="LOSAng">
            <dst id="ATLA-M5">0</dst>
            <dst id="ATLAng">16124.496</dst>
            <dst id="CHINng">43868.0346666667</dst>
            <dst id="DNVRng">10657.5893333333</dst>
            <dst id="HSTNng">3555.76533333333</dst>
            <dst id="IPLSng">9656.312</dst>
            <dst id="KSCYng">4126.20533333333</dst>
            <dst id="LOSAng">9050.93066666667</dst>
            <dst id="NYCMng">18517.1973333333</dst>
            <dst id="SNVAng">23054.84</dst>
            <dst id="STTLng">30386.5466666667</dst>
            <dst id="WASHng">115469.205333333</dst>
        </src>
        <src id="NYCMng">
            <dst id="ATLA-M5">1204.17866666667</dst>
            <dst id="ATLAng">16453.224</dst>
            <dst id="CHINng">16737.8533333333</dst>
            <dst id="DNVRng">23782.456</dst>
            <dst id="HSTNng">8773.88</dst>
            <dst id="IPLSng">15161.88</dst>
            <dst id="KSCYng">5287.56</dst>
            <dst id="LOSAng">54118.4373333333</dst>
            <dst id="NYCMng">86903.7813333333</dst>
            <dst id="SNVAng">740.816</dst>
            <dst id="STTLng">19348.1813333333</dst>
            <dst id="WASHng">39094.4186666667</dst>
        </src>
        <src id="SNVAng">
            <dst id="ATLA-M5">0</dst>
            <dst id="ATLAng">649.792</dst>
            <dst id="CHINng">80</dst>
            <dst id="DNVRng">1864.62133333333</dst>
            <dst id="HSTNng">26.6666666666667</dst>
            <dst id="IPLSng">233.349333333333</dst>
            <dst id="KSCYng">26.6666666666667</dst>
            <dst id="LOSAng">37239.2213333333</dst>
            <dst id="NYCMng">419.952</dst>
            <dst id="SNVAng">8807.74666666667</dst>
            <dst id="STTLng">38643.4426666667</dst>
            <dst id="WASHng">26.6666666666667</dst>
        </src>
        <src id="STTLng">
            <dst id="ATLA-M5">82.88</dst>
            <dst id="ATLAng">7012.872</dst>
            <dst id="CHINng">12625.304</dst>
            <dst id="DNVRng">1164.73866666667</dst>
            <dst id="HSTNng">1021.136</dst>
            <dst id="IPLSng">6594.16266666667</dst>
            <dst id="KSCYng">1593.52</dst>
            <dst id="LOSAng">8571.41066666666</dst>
            <dst id="NYCMng">14596.8186666667</dst>
            <dst id="SNVAng">10069.104</dst>
            <dst id="STTLng">2127.352</dst>
            <dst id="WASHng">5837.18133333333</dst>
        </src>
        <src id="WASHng">
            <dst id="ATLA-M5">214.645333333333</dst>
            <dst id="ATLAng">71309.968</dst>
            <dst id="CHINng">62385.7573333333</dst>
            <dst id="DNVRng">58135.5573333333</dst>
            <dst id="HSTNng">36739.8746666667</dst>
            <dst id="IPLSng">45572.8666666667</dst>
            <dst id="KSCYng">23076.456</dst>
            <dst id="LOSAng">106862.410666667</dst>
            <dst id="NYCMng">141254.813333333</dst>
            <dst id="SNVAng">1434.85066666667</dst>
            <dst id="STTLng">26625.5546666667</dst>
            <dst id="WASHng">256150.738666667</dst>
        </src>
    </IntraTM>
</TrafficMatrixFile>
