<?xml version="1.0" encoding="ISO-8859-1" standalone="yes"?>
<TrafficMatrixFile xsi:noNamespaceSchemaLocation="http://totem.run.montefiore.ulg.ac.be/Schema/TrafficMatrix-v1_2.xsd" xmlns:xsi="http://www.w3.org/2001/XMLSchema-instance">
    <IntraTM ASID="11537">
        <src id="ATLA-M5">
            <dst id="ATLA-M5">0</dst>
            <dst id="ATLAng">114.68</dst>
            <dst id="CHINng">210.584</dst>
            <dst id="DNVRng">26.6666666666667</dst>
            <dst id="HSTNng">91.5946666666667</dst>
            <dst id="IPLSng">187.122666666667</dst>
            <dst id="KSCYng">54.632</dst>
            <dst id="LOSAng">239.136</dst>
            <dst id="NYCMng">106.573333333333</dst>
            <dst id="SNVAng">0</dst>
            <dst id="STTLng">0</dst>
            <dst id="WASHng">416.101333333333</dst>
        </src>
        <src id="ATLAng">
            <dst id="ATLA-M5">35.1093333333333</dst>
            <dst id="ATLAng">28261.6666666667</dst>
            <dst id="CHINng">5320.11733333333</dst>
            <dst id="DNVRng">3668.69866666667</dst>
            <dst id="HSTNng">33109.0586666667</dst>
            <dst id="IPLSng">17130.9466666667</dst>
            <dst id="KSCYng">1177.05866666667</dst>
            <dst id="LOSAng">12570.872</dst>
            <dst id="NYCMng">2150.312</dst>
            <dst id="SNVAng">152.208</dst>
            <dst id="STTLng">4347.09866666667</dst>
            <dst id="WASHng">29199.888</dst>
        </src>
        <src id="CHINng">
            <dst id="ATLA-M5">26.6666666666667</dst>
            <dst id="ATLAng">10809.92</dst>
            <dst id="CHINng">81860.3546666667</dst>
            <dst id="DNVRng">22278.664</dst>
            <dst id="HSTNng">10575.3546666667</dst>
            <dst id="IPLSng">56629.992</dst>
            <dst id="KSCYng">7345.06666666667</dst>
            <dst id="LOSAng">24296.232</dst>
            <dst id="NYCMng">10109.8026666667</dst>
            <dst id="SNVAng">3106.056</dst>
            <dst id="STTLng">7179.50933333333</dst>
            <dst id="WASHng">30344.3173333333</dst>
        </src>
        <src id="DNVRng">
            <dst id="ATLA-M5">119.978666666667</dst>
            <dst id="ATLAng">3939.544</dst>
            <dst id="CHINng">138930.861333333</dst>
            <dst id="DNVRng">12310.5066666667</dst>
            <dst id="HSTNng">24672.336</dst>
            <dst id="IPLSng">31057.6586666667</dst>
            <dst id="KSCYng">18729.3013333333</dst>
            <dst id="LOSAng">23654.8133333333</dst>
            <dst id="NYCMng">13013.6106666667</dst>
            <dst id="SNVAng">6921.82666666667</dst>
            <dst id="STTLng">9039.59466666667</dst>
            <dst id="WASHng">43566.1226666667</dst>
        </src>
        <src id="HSTNng">
            <dst id="ATLA-M5">3543.66666666667</dst>
            <dst id="ATLAng">4342.368</dst>
            <dst id="CHINng">12368.4586666667</dst>
            <dst id="DNVRng">2594.14666666667</dst>
            <dst id="HSTNng">16848.504</dst>
            <dst id="IPLSng">3011.952</dst>
            <dst id="KSCYng">811.274666666667</dst>
            <dst id="LOSAng">13165.536</dst>
            <dst id="NYCMng">4841.48</dst>
            <dst id="SNVAng">0</dst>
            <dst id="STTLng">680.096</dst>
            <dst id="WASHng">6042.352</dst>
        </src>
        <src id="IPLSng">
            <dst id="ATLA-M5">163.362666666667</dst>
            <dst id="ATLAng">6783.8</dst>
            <dst id="CHINng">49992.0213333333</dst>
            <dst id="DNVRng">8119.03466666667</dst>
            <dst id="HSTNng">1982.49333333333</dst>
            <dst id="IPLSng">27034.576</dst>
            <dst id="KSCYng">3251.112</dst>
            <dst id="LOSAng">15321.816</dst>
            <dst id="NYCMng">35199.6213333333</dst>
            <dst id="SNVAng">2199.42933333333</dst>
            <dst id="STTLng">6177.02133333333</dst>
            <dst id="WASHng">27694.8533333333</dst>
        </src>
        <src id="KSCYng">
            <dst id="ATLA-M5">0</dst>
            <dst id="ATLAng">6643.51466666667</dst>
            <dst id="CHINng">13139.5333333333</dst>
            <dst id="DNVRng">13742.104</dst>
            <dst id="HSTNng">5694.90133333333</dst>
            <dst id="IPLSng">16075.1493333333</dst>
            <dst id="KSCYng">17452.528</dst>
            <dst id="LOSAng">5535.792</dst>
            <dst id="NYCMng">2371.26666666667</dst>
            <dst id="SNVAng">2655.37333333333</dst>
            <dst id="STTLng">634.938666666667</dst>
            <dst id="WASHng">9410.61333333333</dst>
        </src>
        <src id="LOSAng">
            <dst id="ATLA-M5">505.192</dst>
            <dst id="ATLAng">13555.1626666667</dst>
            <dst id="CHINng">52586.8853333333</dst>
            <dst id="DNVRng">6110.568</dst>
            <dst id="HSTNng">17491.352</dst>
            <dst id="IPLSng">13856.5466666667</dst>
            <dst id="KSCYng">1608.21333333333</dst>
            <dst id="LOSAng">6373.664</dst>
            <dst id="NYCMng">20116.328</dst>
            <dst id="SNVAng">21846.2773333333</dst>
            <dst id="STTLng">15771.832</dst>
            <dst id="WASHng">83883.2506666667</dst>
        </src>
        <src id="NYCMng">
            <dst id="ATLA-M5">3737.25866666667</dst>
            <dst id="ATLAng">13780.4293333333</dst>
            <dst id="CHINng">15932.992</dst>
            <dst id="DNVRng">28310.5546666667</dst>
            <dst id="HSTNng">8719.02666666667</dst>
            <dst id="IPLSng">27088.448</dst>
            <dst id="KSCYng">5677.08266666667</dst>
            <dst id="LOSAng">56767.9866666667</dst>
            <dst id="NYCMng">92637.5173333334</dst>
            <dst id="SNVAng">1445.39733333333</dst>
            <dst id="STTLng">33532.6853333333</dst>
            <dst id="WASHng">42576.816</dst>
        </src>
        <src id="SNVAng">
            <dst id="ATLA-M5">0</dst>
            <dst id="ATLAng">83.392</dst>
            <dst id="CHINng">80</dst>
            <dst id="DNVRng">4900.92</dst>
            <dst id="HSTNng">134.637333333333</dst>
            <dst id="IPLSng">276.349333333333</dst>
            <dst id="KSCYng">26.6666666666667</dst>
            <dst id="LOSAng">29099.2746666667</dst>
            <dst id="NYCMng">300.008</dst>
            <dst id="SNVAng">7252.072</dst>
            <dst id="STTLng">47471.56</dst>
            <dst id="WASHng">133.333333333333</dst>
        </src>
        <src id="STTLng">
            <dst id="ATLA-M5">0</dst>
            <dst id="ATLAng">5785.68266666667</dst>
            <dst id="CHINng">12131.2666666667</dst>
            <dst id="DNVRng">4001.81066666667</dst>
            <dst id="HSTNng">2775.34933333333</dst>
            <dst id="IPLSng">16138.3253333333</dst>
            <dst id="KSCYng">1775.09066666667</dst>
            <dst id="LOSAng">12635.304</dst>
            <dst id="NYCMng">9664.97333333333</dst>
            <dst id="SNVAng">8188.78933333333</dst>
            <dst id="STTLng">1839.42133333333</dst>
            <dst id="WASHng">6917.872</dst>
        </src>
        <src id="WASHng">
            <dst id="ATLA-M5">80</dst>
            <dst id="ATLAng">104070.450666667</dst>
            <dst id="CHINng">51941.5946666667</dst>
            <dst id="DNVRng">39140.5493333333</dst>
            <dst id="HSTNng">21271.8533333333</dst>
            <dst id="IPLSng">68673.5333333333</dst>
            <dst id="KSCYng">33156.7626666667</dst>
            <dst id="LOSAng">92997.384</dst>
            <dst id="NYCMng">124679.965333333</dst>
            <dst id="SNVAng">1351.056</dst>
            <dst id="STTLng">23748.4533333333</dst>
            <dst id="WASHng">192298.669333333</dst>
        </src>
    </IntraTM>
</TrafficMatrixFile>
