<?xml version="1.0" encoding="ISO-8859-1" standalone="yes"?>
<TrafficMatrixFile xsi:noNamespaceSchemaLocation="http://totem.run.montefiore.ulg.ac.be/Schema/TrafficMatrix-v1_2.xsd" xmlns:xsi="http://www.w3.org/2001/XMLSchema-instance">
    <IntraTM ASID="11537">
        <src id="ATLA-M5">
            <dst id="ATLA-M5">0</dst>
            <dst id="ATLAng">26.6666666666667</dst>
            <dst id="CHINng">110.045333333333</dst>
            <dst id="DNVRng">26.6666666666667</dst>
            <dst id="HSTNng">99.688</dst>
            <dst id="IPLSng">0</dst>
            <dst id="KSCYng">0</dst>
            <dst id="LOSAng">9891.26133333333</dst>
            <dst id="NYCMng">90.672</dst>
            <dst id="SNVAng">0</dst>
            <dst id="STTLng">86.9546666666667</dst>
            <dst id="WASHng">106.666666666667</dst>
        </src>
        <src id="ATLAng">
            <dst id="ATLA-M5">45.4933333333333</dst>
            <dst id="ATLAng">24197.7066666667</dst>
            <dst id="CHINng">5599.62133333333</dst>
            <dst id="DNVRng">4507.832</dst>
            <dst id="HSTNng">825.426666666667</dst>
            <dst id="IPLSng">12293.6826666667</dst>
            <dst id="KSCYng">386.768</dst>
            <dst id="LOSAng">13518.5066666667</dst>
            <dst id="NYCMng">1619.408</dst>
            <dst id="SNVAng">40</dst>
            <dst id="STTLng">2692.55733333333</dst>
            <dst id="WASHng">27269.6026666667</dst>
        </src>
        <src id="CHINng">
            <dst id="ATLA-M5">0</dst>
            <dst id="ATLAng">8859.66133333333</dst>
            <dst id="CHINng">99323.264</dst>
            <dst id="DNVRng">3078.85066666667</dst>
            <dst id="HSTNng">8834.58133333333</dst>
            <dst id="IPLSng">18817.8</dst>
            <dst id="KSCYng">14422.1733333333</dst>
            <dst id="LOSAng">24966.4613333333</dst>
            <dst id="NYCMng">24236.2906666667</dst>
            <dst id="SNVAng">2975.86133333333</dst>
            <dst id="STTLng">5126.6</dst>
            <dst id="WASHng">24394.08</dst>
        </src>
        <src id="DNVRng">
            <dst id="ATLA-M5">97.92</dst>
            <dst id="ATLAng">5131.936</dst>
            <dst id="CHINng">45005.3786666667</dst>
            <dst id="DNVRng">20764.8986666667</dst>
            <dst id="HSTNng">23723.896</dst>
            <dst id="IPLSng">26965.7413333333</dst>
            <dst id="KSCYng">22394.024</dst>
            <dst id="LOSAng">5769.58666666667</dst>
            <dst id="NYCMng">11399.792</dst>
            <dst id="SNVAng">8084.176</dst>
            <dst id="STTLng">11051.072</dst>
            <dst id="WASHng">39082.2373333333</dst>
        </src>
        <src id="HSTNng">
            <dst id="ATLA-M5">3854.77066666667</dst>
            <dst id="ATLAng">1953.82666666667</dst>
            <dst id="CHINng">6298.54666666667</dst>
            <dst id="DNVRng">849.266666666667</dst>
            <dst id="HSTNng">16329.528</dst>
            <dst id="IPLSng">12134.9573333333</dst>
            <dst id="KSCYng">815.741333333333</dst>
            <dst id="LOSAng">2246.11466666667</dst>
            <dst id="NYCMng">2877.16533333333</dst>
            <dst id="SNVAng">26.6666666666667</dst>
            <dst id="STTLng">1159.60533333333</dst>
            <dst id="WASHng">5886.88266666667</dst>
        </src>
        <src id="IPLSng">
            <dst id="ATLA-M5">0</dst>
            <dst id="ATLAng">17301.3306666667</dst>
            <dst id="CHINng">28480.7253333333</dst>
            <dst id="DNVRng">7115.74666666667</dst>
            <dst id="HSTNng">5333.37333333333</dst>
            <dst id="IPLSng">4297.26933333333</dst>
            <dst id="KSCYng">4116.98933333333</dst>
            <dst id="LOSAng">20502.1866666667</dst>
            <dst id="NYCMng">11586.7146666667</dst>
            <dst id="SNVAng">210.021333333333</dst>
            <dst id="STTLng">4555.96266666667</dst>
            <dst id="WASHng">10604.3626666667</dst>
        </src>
        <src id="KSCYng">
            <dst id="ATLA-M5">0</dst>
            <dst id="ATLAng">3296.43733333333</dst>
            <dst id="CHINng">13059.2906666667</dst>
            <dst id="DNVRng">3344.88</dst>
            <dst id="HSTNng">2637.75733333333</dst>
            <dst id="IPLSng">14829.896</dst>
            <dst id="KSCYng">21214.4746666667</dst>
            <dst id="LOSAng">3609.05866666667</dst>
            <dst id="NYCMng">1402.40266666667</dst>
            <dst id="SNVAng">9227.65866666667</dst>
            <dst id="STTLng">1572.92266666667</dst>
            <dst id="WASHng">11053.9253333333</dst>
        </src>
        <src id="LOSAng">
            <dst id="ATLA-M5">673.096</dst>
            <dst id="ATLAng">11084.8773333333</dst>
            <dst id="CHINng">47251.7013333333</dst>
            <dst id="DNVRng">7379.296</dst>
            <dst id="HSTNng">3882.67733333333</dst>
            <dst id="IPLSng">5635.46666666667</dst>
            <dst id="KSCYng">2161.048</dst>
            <dst id="LOSAng">6207.09333333333</dst>
            <dst id="NYCMng">18558.8693333333</dst>
            <dst id="SNVAng">20694.384</dst>
            <dst id="STTLng">21897.016</dst>
            <dst id="WASHng">79679.112</dst>
        </src>
        <src id="NYCMng">
            <dst id="ATLA-M5">164.349333333333</dst>
            <dst id="ATLAng">10405.928</dst>
            <dst id="CHINng">20826.9333333333</dst>
            <dst id="DNVRng">24309.568</dst>
            <dst id="HSTNng">7198.57866666667</dst>
            <dst id="IPLSng">20827.1653333333</dst>
            <dst id="KSCYng">9802.92533333333</dst>
            <dst id="LOSAng">49906.9413333333</dst>
            <dst id="NYCMng">59075.6266666667</dst>
            <dst id="SNVAng">84.552</dst>
            <dst id="STTLng">22132.7066666667</dst>
            <dst id="WASHng">39986.072</dst>
        </src>
        <src id="SNVAng">
            <dst id="ATLA-M5">0</dst>
            <dst id="ATLAng">53.3333333333333</dst>
            <dst id="CHINng">53.3333333333333</dst>
            <dst id="DNVRng">2521.08</dst>
            <dst id="HSTNng">0</dst>
            <dst id="IPLSng">216.394666666667</dst>
            <dst id="KSCYng">0</dst>
            <dst id="LOSAng">27883.3786666667</dst>
            <dst id="NYCMng">26.6666666666667</dst>
            <dst id="SNVAng">6983.10666666667</dst>
            <dst id="STTLng">32145.576</dst>
            <dst id="WASHng">26.6666666666667</dst>
        </src>
        <src id="STTLng">
            <dst id="ATLA-M5">1164.18133333333</dst>
            <dst id="ATLAng">8097.17866666666</dst>
            <dst id="CHINng">14138.8506666667</dst>
            <dst id="DNVRng">5187.37866666667</dst>
            <dst id="HSTNng">457.173333333333</dst>
            <dst id="IPLSng">5832.80266666667</dst>
            <dst id="KSCYng">715.213333333333</dst>
            <dst id="LOSAng">10819.0666666667</dst>
            <dst id="NYCMng">7433.33333333333</dst>
            <dst id="SNVAng">9804.24</dst>
            <dst id="STTLng">1695.63733333333</dst>
            <dst id="WASHng">4808.34933333333</dst>
        </src>
        <src id="WASHng">
            <dst id="ATLA-M5">322.026666666667</dst>
            <dst id="ATLAng">50476.712</dst>
            <dst id="CHINng">54498.0346666667</dst>
            <dst id="DNVRng">47924.6933333333</dst>
            <dst id="HSTNng">15966.5413333333</dst>
            <dst id="IPLSng">55315.28</dst>
            <dst id="KSCYng">28983.632</dst>
            <dst id="LOSAng">103832.029333333</dst>
            <dst id="NYCMng">123119.682666667</dst>
            <dst id="SNVAng">323.122666666667</dst>
            <dst id="STTLng">20692.128</dst>
            <dst id="WASHng">182462.213333333</dst>
        </src>
    </IntraTM>
</TrafficMatrixFile>
