<?xml version="1.0" encoding="ISO-8859-1" standalone="yes"?>
<TrafficMatrixFile xsi:noNamespaceSchemaLocation="http://totem.run.montefiore.ulg.ac.be/Schema/TrafficMatrix-v1_2.xsd" xmlns:xsi="http://www.w3.org/2001/XMLSchema-instance">
    <IntraTM ASID="11537">
        <src id="ATLA-M5">
            <dst id="ATLA-M5">0</dst>
            <dst id="ATLAng">0</dst>
            <dst id="CHINng">253.610666666667</dst>
            <dst id="DNVRng">0</dst>
            <dst id="HSTNng">32.3546666666667</dst>
            <dst id="IPLSng">26.6666666666667</dst>
            <dst id="KSCYng">26.6666666666667</dst>
            <dst id="LOSAng">5648.13866666667</dst>
            <dst id="NYCMng">46.56</dst>
            <dst id="SNVAng">0</dst>
            <dst id="STTLng">118.944</dst>
            <dst id="WASHng">185.106666666667</dst>
        </src>
        <src id="ATLAng">
            <dst id="ATLA-M5">26.6666666666667</dst>
            <dst id="ATLAng">27058.9493333333</dst>
            <dst id="CHINng">4890.16</dst>
            <dst id="DNVRng">4847.17866666667</dst>
            <dst id="HSTNng">1082.66666666667</dst>
            <dst id="IPLSng">12173.2453333333</dst>
            <dst id="KSCYng">578.992</dst>
            <dst id="LOSAng">12434.8586666667</dst>
            <dst id="NYCMng">1950.29066666667</dst>
            <dst id="SNVAng">26.6666666666667</dst>
            <dst id="STTLng">2445.616</dst>
            <dst id="WASHng">26864.8613333333</dst>
        </src>
        <src id="CHINng">
            <dst id="ATLA-M5">26.6666666666667</dst>
            <dst id="ATLAng">9931.736</dst>
            <dst id="CHINng">103315.16</dst>
            <dst id="DNVRng">2441.35466666667</dst>
            <dst id="HSTNng">9758.09333333333</dst>
            <dst id="IPLSng">12682.624</dst>
            <dst id="KSCYng">19336.424</dst>
            <dst id="LOSAng">22874.976</dst>
            <dst id="NYCMng">26657.192</dst>
            <dst id="SNVAng">113.234666666667</dst>
            <dst id="STTLng">6057.56266666667</dst>
            <dst id="WASHng">23286.52</dst>
        </src>
        <src id="DNVRng">
            <dst id="ATLA-M5">89.92</dst>
            <dst id="ATLAng">6916.18133333333</dst>
            <dst id="CHINng">44353.728</dst>
            <dst id="DNVRng">23669.224</dst>
            <dst id="HSTNng">23702.168</dst>
            <dst id="IPLSng">29646.8506666667</dst>
            <dst id="KSCYng">25577.128</dst>
            <dst id="LOSAng">4679.944</dst>
            <dst id="NYCMng">12696.3386666667</dst>
            <dst id="SNVAng">9447.60533333333</dst>
            <dst id="STTLng">10523.896</dst>
            <dst id="WASHng">39412.88</dst>
        </src>
        <src id="HSTNng">
            <dst id="ATLA-M5">1614.736</dst>
            <dst id="ATLAng">1513.14133333333</dst>
            <dst id="CHINng">7101.67466666667</dst>
            <dst id="DNVRng">690.704</dst>
            <dst id="HSTNng">15666.5333333333</dst>
            <dst id="IPLSng">7599.736</dst>
            <dst id="KSCYng">430.850666666667</dst>
            <dst id="LOSAng">1790.14133333333</dst>
            <dst id="NYCMng">2458.41333333333</dst>
            <dst id="SNVAng">53.3333333333333</dst>
            <dst id="STTLng">906.141333333333</dst>
            <dst id="WASHng">7684.376</dst>
        </src>
        <src id="IPLSng">
            <dst id="ATLA-M5">26.6666666666667</dst>
            <dst id="ATLAng">19137.0453333333</dst>
            <dst id="CHINng">31892</dst>
            <dst id="DNVRng">6980.31733333333</dst>
            <dst id="HSTNng">5710.83733333333</dst>
            <dst id="IPLSng">3826.22933333333</dst>
            <dst id="KSCYng">2910.37066666667</dst>
            <dst id="LOSAng">21534.3893333333</dst>
            <dst id="NYCMng">9016.048</dst>
            <dst id="SNVAng">105.893333333333</dst>
            <dst id="STTLng">5557.68266666667</dst>
            <dst id="WASHng">18329.736</dst>
        </src>
        <src id="KSCYng">
            <dst id="ATLA-M5">0</dst>
            <dst id="ATLAng">4807.104</dst>
            <dst id="CHINng">10103.576</dst>
            <dst id="DNVRng">5293.432</dst>
            <dst id="HSTNng">3216.04533333333</dst>
            <dst id="IPLSng">17946.3146666667</dst>
            <dst id="KSCYng">17869.0853333333</dst>
            <dst id="LOSAng">3441.31466666667</dst>
            <dst id="NYCMng">4384.368</dst>
            <dst id="SNVAng">9059.82933333333</dst>
            <dst id="STTLng">1256.43466666667</dst>
            <dst id="WASHng">11125.096</dst>
        </src>
        <src id="LOSAng">
            <dst id="ATLA-M5">130.426666666667</dst>
            <dst id="ATLAng">10305.3333333333</dst>
            <dst id="CHINng">49109.736</dst>
            <dst id="DNVRng">13521.3573333333</dst>
            <dst id="HSTNng">3961.936</dst>
            <dst id="IPLSng">4888.14666666667</dst>
            <dst id="KSCYng">1940.376</dst>
            <dst id="LOSAng">6758.88533333333</dst>
            <dst id="NYCMng">20362.0746666667</dst>
            <dst id="SNVAng">21478.432</dst>
            <dst id="STTLng">21306.976</dst>
            <dst id="WASHng">74742.992</dst>
        </src>
        <src id="NYCMng">
            <dst id="ATLA-M5">205.824</dst>
            <dst id="ATLAng">9460.36</dst>
            <dst id="CHINng">24379.5973333333</dst>
            <dst id="DNVRng">23525.416</dst>
            <dst id="HSTNng">6959.74666666667</dst>
            <dst id="IPLSng">18469.6106666667</dst>
            <dst id="KSCYng">14342.8773333333</dst>
            <dst id="LOSAng">49826.9733333333</dst>
            <dst id="NYCMng">66614.5333333333</dst>
            <dst id="SNVAng">198.426666666667</dst>
            <dst id="STTLng">23077.656</dst>
            <dst id="WASHng">41458.536</dst>
        </src>
        <src id="SNVAng">
            <dst id="ATLA-M5">0</dst>
            <dst id="ATLAng">53.3333333333333</dst>
            <dst id="CHINng">26.6666666666667</dst>
            <dst id="DNVRng">431.482666666667</dst>
            <dst id="HSTNng">53.3333333333333</dst>
            <dst id="IPLSng">178.989333333333</dst>
            <dst id="KSCYng">26.6666666666667</dst>
            <dst id="LOSAng">27654.9573333333</dst>
            <dst id="NYCMng">40.2773333333333</dst>
            <dst id="SNVAng">6331.74666666667</dst>
            <dst id="STTLng">32388.8053333333</dst>
            <dst id="WASHng">0</dst>
        </src>
        <src id="STTLng">
            <dst id="ATLA-M5">1340.072</dst>
            <dst id="ATLAng">8157.51466666667</dst>
            <dst id="CHINng">13587.7706666667</dst>
            <dst id="DNVRng">4306.09333333333</dst>
            <dst id="HSTNng">568.237333333333</dst>
            <dst id="IPLSng">5216.54666666667</dst>
            <dst id="KSCYng">717.218666666667</dst>
            <dst id="LOSAng">11263.3786666667</dst>
            <dst id="NYCMng">7641.62933333333</dst>
            <dst id="SNVAng">10917.0293333333</dst>
            <dst id="STTLng">2881.824</dst>
            <dst id="WASHng">8019.34666666667</dst>
        </src>
        <src id="WASHng">
            <dst id="ATLA-M5">382.178666666667</dst>
            <dst id="ATLAng">65761.0693333333</dst>
            <dst id="CHINng">44985.6666666667</dst>
            <dst id="DNVRng">57695.728</dst>
            <dst id="HSTNng">18580.7066666667</dst>
            <dst id="IPLSng">57706.3706666667</dst>
            <dst id="KSCYng">29129.656</dst>
            <dst id="LOSAng">96487.272</dst>
            <dst id="NYCMng">148027.608</dst>
            <dst id="SNVAng">278.565333333333</dst>
            <dst id="STTLng">20875.0186666667</dst>
            <dst id="WASHng">174571.922666667</dst>
        </src>
    </IntraTM>
</TrafficMatrixFile>
