<?xml version="1.0" encoding="ISO-8859-1" standalone="yes"?>
<TrafficMatrixFile xsi:noNamespaceSchemaLocation="http://totem.run.montefiore.ulg.ac.be/Schema/TrafficMatrix-v1_2.xsd" xmlns:xsi="http://www.w3.org/2001/XMLSchema-instance">
    <IntraTM ASID="11537">
        <src id="ATLA-M5">
            <dst id="ATLA-M5">0</dst>
            <dst id="ATLAng">0</dst>
            <dst id="CHINng">55.3733333333333</dst>
            <dst id="DNVRng">1973.856</dst>
            <dst id="HSTNng">82.2746666666667</dst>
            <dst id="IPLSng">0</dst>
            <dst id="KSCYng">0</dst>
            <dst id="LOSAng">32.4373333333333</dst>
            <dst id="NYCMng">70.1866666666667</dst>
            <dst id="SNVAng">0</dst>
            <dst id="STTLng">50.8373333333333</dst>
            <dst id="WASHng">108.810666666667</dst>
        </src>
        <src id="ATLAng">
            <dst id="ATLA-M5">26.6666666666667</dst>
            <dst id="ATLAng">26341.4506666667</dst>
            <dst id="CHINng">9616.87733333333</dst>
            <dst id="DNVRng">3437.53866666667</dst>
            <dst id="HSTNng">2564.27733333333</dst>
            <dst id="IPLSng">16823.264</dst>
            <dst id="KSCYng">675.354666666667</dst>
            <dst id="LOSAng">10578.8573333333</dst>
            <dst id="NYCMng">5996.17066666667</dst>
            <dst id="SNVAng">1619.9</dst>
            <dst id="STTLng">3419.75466666667</dst>
            <dst id="WASHng">24424.6</dst>
        </src>
        <src id="CHINng">
            <dst id="ATLA-M5">0</dst>
            <dst id="ATLAng">4547.99466666667</dst>
            <dst id="CHINng">65100.2693333333</dst>
            <dst id="DNVRng">5751.92533333333</dst>
            <dst id="HSTNng">3714.96266666667</dst>
            <dst id="IPLSng">15235.2906666667</dst>
            <dst id="KSCYng">4394.808</dst>
            <dst id="LOSAng">26399.12</dst>
            <dst id="NYCMng">28921.1546666667</dst>
            <dst id="SNVAng">2640.34933333333</dst>
            <dst id="STTLng">4653.552</dst>
            <dst id="WASHng">16607.2906666667</dst>
        </src>
        <src id="DNVRng">
            <dst id="ATLA-M5">155.328</dst>
            <dst id="ATLAng">2715.496</dst>
            <dst id="CHINng">33121.4053333333</dst>
            <dst id="DNVRng">10672.1386666667</dst>
            <dst id="HSTNng">23494.7173333333</dst>
            <dst id="IPLSng">34335.536</dst>
            <dst id="KSCYng">23104.5786666667</dst>
            <dst id="LOSAng">8135.00533333333</dst>
            <dst id="NYCMng">15930.1733333333</dst>
            <dst id="SNVAng">8616.06666666666</dst>
            <dst id="STTLng">7717.048</dst>
            <dst id="WASHng">41180.36</dst>
        </src>
        <src id="HSTNng">
            <dst id="ATLA-M5">4008.41066666667</dst>
            <dst id="ATLAng">1301.312</dst>
            <dst id="CHINng">5843.24</dst>
            <dst id="DNVRng">677.421333333333</dst>
            <dst id="HSTNng">17547.04</dst>
            <dst id="IPLSng">1491.896</dst>
            <dst id="KSCYng">582.234666666667</dst>
            <dst id="LOSAng">2350.62133333333</dst>
            <dst id="NYCMng">1300.16266666667</dst>
            <dst id="SNVAng">26.6666666666667</dst>
            <dst id="STTLng">606.648</dst>
            <dst id="WASHng">3429.47466666667</dst>
        </src>
        <src id="IPLSng">
            <dst id="ATLA-M5">26.6666666666667</dst>
            <dst id="ATLAng">4604.21333333333</dst>
            <dst id="CHINng">42092.2933333333</dst>
            <dst id="DNVRng">4477.432</dst>
            <dst id="HSTNng">8187.11733333333</dst>
            <dst id="IPLSng">3749.76</dst>
            <dst id="KSCYng">2219.88533333333</dst>
            <dst id="LOSAng">7450.24533333333</dst>
            <dst id="NYCMng">4975.62666666667</dst>
            <dst id="SNVAng">169.352</dst>
            <dst id="STTLng">3125.016</dst>
            <dst id="WASHng">6648.84533333333</dst>
        </src>
        <src id="KSCYng">
            <dst id="ATLA-M5">0</dst>
            <dst id="ATLAng">2460.696</dst>
            <dst id="CHINng">7101.82133333334</dst>
            <dst id="DNVRng">4693.64</dst>
            <dst id="HSTNng">4657.944</dst>
            <dst id="IPLSng">10049.8773333333</dst>
            <dst id="KSCYng">12464.536</dst>
            <dst id="LOSAng">3712.768</dst>
            <dst id="NYCMng">1407.12266666667</dst>
            <dst id="SNVAng">2391.648</dst>
            <dst id="STTLng">6848.19733333333</dst>
            <dst id="WASHng">8443.59733333333</dst>
        </src>
        <src id="LOSAng">
            <dst id="ATLA-M5">56.208</dst>
            <dst id="ATLAng">5700.87733333333</dst>
            <dst id="CHINng">43104.4186666667</dst>
            <dst id="DNVRng">7370.90133333333</dst>
            <dst id="HSTNng">15561.3226666667</dst>
            <dst id="IPLSng">10837.208</dst>
            <dst id="KSCYng">3377.29866666667</dst>
            <dst id="LOSAng">13501.4026666667</dst>
            <dst id="NYCMng">22542.7093333333</dst>
            <dst id="SNVAng">21928.8133333333</dst>
            <dst id="STTLng">21868.7146666667</dst>
            <dst id="WASHng">85392.0293333333</dst>
        </src>
        <src id="NYCMng">
            <dst id="ATLA-M5">26.6666666666667</dst>
            <dst id="ATLAng">7399.36</dst>
            <dst id="CHINng">25998.848</dst>
            <dst id="DNVRng">21674.2453333333</dst>
            <dst id="HSTNng">3046.248</dst>
            <dst id="IPLSng">8963.66933333334</dst>
            <dst id="KSCYng">5096.536</dst>
            <dst id="LOSAng">58966.5626666667</dst>
            <dst id="NYCMng">68469.5493333334</dst>
            <dst id="SNVAng">3300.67733333333</dst>
            <dst id="STTLng">14052.8506666667</dst>
            <dst id="WASHng">35986.088</dst>
        </src>
        <src id="SNVAng">
            <dst id="ATLA-M5">0</dst>
            <dst id="ATLAng">26.6666666666667</dst>
            <dst id="CHINng">53.3333333333333</dst>
            <dst id="DNVRng">3200.344</dst>
            <dst id="HSTNng">0</dst>
            <dst id="IPLSng">152.597333333333</dst>
            <dst id="KSCYng">26.6666666666667</dst>
            <dst id="LOSAng">33509.7813333333</dst>
            <dst id="NYCMng">53.3333333333333</dst>
            <dst id="SNVAng">8407.53333333333</dst>
            <dst id="STTLng">38684.328</dst>
            <dst id="WASHng">0</dst>
        </src>
        <src id="STTLng">
            <dst id="ATLA-M5">81.488</dst>
            <dst id="ATLAng">5307.67466666667</dst>
            <dst id="CHINng">10079.816</dst>
            <dst id="DNVRng">1222.34133333333</dst>
            <dst id="HSTNng">883.925333333333</dst>
            <dst id="IPLSng">3978.584</dst>
            <dst id="KSCYng">1564.40533333333</dst>
            <dst id="LOSAng">9205.61866666667</dst>
            <dst id="NYCMng">8907.8</dst>
            <dst id="SNVAng">10875.2</dst>
            <dst id="STTLng">1254.608</dst>
            <dst id="WASHng">3240.46133333333</dst>
        </src>
        <src id="WASHng">
            <dst id="ATLA-M5">371.728</dst>
            <dst id="ATLAng">55052.856</dst>
            <dst id="CHINng">58895.8133333333</dst>
            <dst id="DNVRng">50675.7813333333</dst>
            <dst id="HSTNng">18333.4213333333</dst>
            <dst id="IPLSng">100351.6</dst>
            <dst id="KSCYng">38480.9066666667</dst>
            <dst id="LOSAng">96971.3066666666</dst>
            <dst id="NYCMng">166589.061333333</dst>
            <dst id="SNVAng">954.144</dst>
            <dst id="STTLng">18957.192</dst>
            <dst id="WASHng">176491.930666667</dst>
        </src>
    </IntraTM>
</TrafficMatrixFile>
