<?xml version="1.0" encoding="ISO-8859-1" standalone="yes"?>
<TrafficMatrixFile xsi:noNamespaceSchemaLocation="http://totem.run.montefiore.ulg.ac.be/Schema/TrafficMatrix-v1_2.xsd" xmlns:xsi="http://www.w3.org/2001/XMLSchema-instance">
    <IntraTM ASID="11537">
        <src id="ATLA-M5">
            <dst id="ATLA-M5">80</dst>
            <dst id="ATLAng">55.6373333333333</dst>
            <dst id="CHINng">26.6666666666667</dst>
            <dst id="DNVRng">0</dst>
            <dst id="HSTNng">110.904</dst>
            <dst id="IPLSng">0</dst>
            <dst id="KSCYng">0</dst>
            <dst id="LOSAng">26.6666666666667</dst>
            <dst id="NYCMng">126.693333333333</dst>
            <dst id="SNVAng">0</dst>
            <dst id="STTLng">99.3946666666667</dst>
            <dst id="WASHng">254.701333333333</dst>
        </src>
        <src id="ATLAng">
            <dst id="ATLA-M5">38.8693333333333</dst>
            <dst id="ATLAng">24929.8533333333</dst>
            <dst id="CHINng">12764.744</dst>
            <dst id="DNVRng">5135.352</dst>
            <dst id="HSTNng">978.234666666667</dst>
            <dst id="IPLSng">12516.9066666667</dst>
            <dst id="KSCYng">828.906666666666</dst>
            <dst id="LOSAng">9874.40266666667</dst>
            <dst id="NYCMng">26134.8826666667</dst>
            <dst id="SNVAng">53.3333333333333</dst>
            <dst id="STTLng">5782.61333333333</dst>
            <dst id="WASHng">40928.2986666667</dst>
        </src>
        <src id="CHINng">
            <dst id="ATLA-M5">53.3333333333333</dst>
            <dst id="ATLAng">6804.37866666667</dst>
            <dst id="CHINng">120220.253333333</dst>
            <dst id="DNVRng">2713.94666666667</dst>
            <dst id="HSTNng">6735.384</dst>
            <dst id="IPLSng">15902.9626666667</dst>
            <dst id="KSCYng">15410.504</dst>
            <dst id="LOSAng">29645.016</dst>
            <dst id="NYCMng">21357.9653333333</dst>
            <dst id="SNVAng">579.605333333333</dst>
            <dst id="STTLng">4114.31733333333</dst>
            <dst id="WASHng">12310.712</dst>
        </src>
        <src id="DNVRng">
            <dst id="ATLA-M5">161.066666666667</dst>
            <dst id="ATLAng">5786.96533333333</dst>
            <dst id="CHINng">40556.3733333333</dst>
            <dst id="DNVRng">15461.0346666667</dst>
            <dst id="HSTNng">23514.12</dst>
            <dst id="IPLSng">25900.8426666667</dst>
            <dst id="KSCYng">15114.88</dst>
            <dst id="LOSAng">3034.43466666667</dst>
            <dst id="NYCMng">11936.2906666667</dst>
            <dst id="SNVAng">7321.584</dst>
            <dst id="STTLng">4255.432</dst>
            <dst id="WASHng">36547.3946666667</dst>
        </src>
        <src id="HSTNng">
            <dst id="ATLA-M5">4200.13333333333</dst>
            <dst id="ATLAng">1487.648</dst>
            <dst id="CHINng">15173.8773333333</dst>
            <dst id="DNVRng">3600.408</dst>
            <dst id="HSTNng">9496.584</dst>
            <dst id="IPLSng">4077.24533333333</dst>
            <dst id="KSCYng">735.221333333333</dst>
            <dst id="LOSAng">5215.48266666667</dst>
            <dst id="NYCMng">1981.944</dst>
            <dst id="SNVAng">26.6666666666667</dst>
            <dst id="STTLng">803.890666666667</dst>
            <dst id="WASHng">5948.664</dst>
        </src>
        <src id="IPLSng">
            <dst id="ATLA-M5">0</dst>
            <dst id="ATLAng">8417.52</dst>
            <dst id="CHINng">32031.9653333333</dst>
            <dst id="DNVRng">6945.104</dst>
            <dst id="HSTNng">3160.78133333333</dst>
            <dst id="IPLSng">21100.0906666667</dst>
            <dst id="KSCYng">2460.592</dst>
            <dst id="LOSAng">12035.944</dst>
            <dst id="NYCMng">7981.67733333333</dst>
            <dst id="SNVAng">222.338666666667</dst>
            <dst id="STTLng">5510.34933333333</dst>
            <dst id="WASHng">16853.1466666667</dst>
        </src>
        <src id="KSCYng">
            <dst id="ATLA-M5">0</dst>
            <dst id="ATLAng">5269.09066666667</dst>
            <dst id="CHINng">29507.344</dst>
            <dst id="DNVRng">4585.536</dst>
            <dst id="HSTNng">2976.29066666667</dst>
            <dst id="IPLSng">15711.1333333333</dst>
            <dst id="KSCYng">10927.448</dst>
            <dst id="LOSAng">2810.52</dst>
            <dst id="NYCMng">2730.592</dst>
            <dst id="SNVAng">1878.79466666667</dst>
            <dst id="STTLng">1524.8</dst>
            <dst id="WASHng">11794.4853333333</dst>
        </src>
        <src id="LOSAng">
            <dst id="ATLA-M5">936.210666666667</dst>
            <dst id="ATLAng">9388.60266666667</dst>
            <dst id="CHINng">50724.2133333333</dst>
            <dst id="DNVRng">15341.7066666667</dst>
            <dst id="HSTNng">2516.952</dst>
            <dst id="IPLSng">14688.9146666667</dst>
            <dst id="KSCYng">2112.33066666667</dst>
            <dst id="LOSAng">6242.04</dst>
            <dst id="NYCMng">27778.5066666667</dst>
            <dst id="SNVAng">21374.8933333333</dst>
            <dst id="STTLng">19014.2453333333</dst>
            <dst id="WASHng">77879.5306666667</dst>
        </src>
        <src id="NYCMng">
            <dst id="ATLA-M5">351.16</dst>
            <dst id="ATLAng">10704.8</dst>
            <dst id="CHINng">24206.9466666667</dst>
            <dst id="DNVRng">23320.328</dst>
            <dst id="HSTNng">4343.37866666667</dst>
            <dst id="IPLSng">17703.08</dst>
            <dst id="KSCYng">4776.072</dst>
            <dst id="LOSAng">51708.84</dst>
            <dst id="NYCMng">60052.624</dst>
            <dst id="SNVAng">1371.13866666667</dst>
            <dst id="STTLng">21059.1466666667</dst>
            <dst id="WASHng">36604.432</dst>
        </src>
        <src id="SNVAng">
            <dst id="ATLA-M5">0</dst>
            <dst id="ATLAng">0</dst>
            <dst id="CHINng">0</dst>
            <dst id="DNVRng">459.237333333333</dst>
            <dst id="HSTNng">0</dst>
            <dst id="IPLSng">211.237333333333</dst>
            <dst id="KSCYng">26.6666666666667</dst>
            <dst id="LOSAng">43360.2106666667</dst>
            <dst id="NYCMng">0</dst>
            <dst id="SNVAng">7133.072</dst>
            <dst id="STTLng">34344.2453333333</dst>
            <dst id="WASHng">26.6666666666667</dst>
        </src>
        <src id="STTLng">
            <dst id="ATLA-M5">1306.888</dst>
            <dst id="ATLAng">6249.488</dst>
            <dst id="CHINng">14350.2506666667</dst>
            <dst id="DNVRng">1237.62666666667</dst>
            <dst id="HSTNng">2484.27466666667</dst>
            <dst id="IPLSng">4633.16</dst>
            <dst id="KSCYng">787.072</dst>
            <dst id="LOSAng">11517.9466666667</dst>
            <dst id="NYCMng">7680.648</dst>
            <dst id="SNVAng">15891.8506666667</dst>
            <dst id="STTLng">1155.78133333333</dst>
            <dst id="WASHng">5381.77866666667</dst>
        </src>
        <src id="WASHng">
            <dst id="ATLA-M5">379.157333333333</dst>
            <dst id="ATLAng">51872.1093333333</dst>
            <dst id="CHINng">41727.8026666667</dst>
            <dst id="DNVRng">36494.2213333333</dst>
            <dst id="HSTNng">22905.464</dst>
            <dst id="IPLSng">46858.6373333333</dst>
            <dst id="KSCYng">28728.0746666667</dst>
            <dst id="LOSAng">94209.456</dst>
            <dst id="NYCMng">127248.552</dst>
            <dst id="SNVAng">950.448</dst>
            <dst id="STTLng">29665.7866666667</dst>
            <dst id="WASHng">186758.922666667</dst>
        </src>
    </IntraTM>
</TrafficMatrixFile>
