<?xml version="1.0" encoding="ISO-8859-1" standalone="yes"?>
<TrafficMatrixFile xsi:noNamespaceSchemaLocation="http://totem.run.montefiore.ulg.ac.be/Schema/TrafficMatrix-v1_2.xsd" xmlns:xsi="http://www.w3.org/2001/XMLSchema-instance">
    <IntraTM ASID="11537">
        <src id="ATLA-M5">
            <dst id="ATLA-M5">0</dst>
            <dst id="ATLAng">0</dst>
            <dst id="CHINng">112.498666666667</dst>
            <dst id="DNVRng">0</dst>
            <dst id="HSTNng">65.872</dst>
            <dst id="IPLSng">0</dst>
            <dst id="KSCYng">0</dst>
            <dst id="LOSAng">169.16</dst>
            <dst id="NYCMng">58.6666666666667</dst>
            <dst id="SNVAng">20.064</dst>
            <dst id="STTLng">516.256</dst>
            <dst id="WASHng">499.442666666667</dst>
        </src>
        <src id="ATLAng">
            <dst id="ATLA-M5">129.418666666667</dst>
            <dst id="ATLAng">26784.312</dst>
            <dst id="CHINng">8572.84266666667</dst>
            <dst id="DNVRng">2992.81866666667</dst>
            <dst id="HSTNng">457.538666666667</dst>
            <dst id="IPLSng">14783.9066666667</dst>
            <dst id="KSCYng">273.138666666667</dst>
            <dst id="LOSAng">5868.99066666667</dst>
            <dst id="NYCMng">2764.32266666667</dst>
            <dst id="SNVAng">5489.06</dst>
            <dst id="STTLng">2471.43733333333</dst>
            <dst id="WASHng">34985.8746666667</dst>
        </src>
        <src id="CHINng">
            <dst id="ATLA-M5">44.4053333333333</dst>
            <dst id="ATLAng">5324.56533333333</dst>
            <dst id="CHINng">113144.045333333</dst>
            <dst id="DNVRng">1695.68</dst>
            <dst id="HSTNng">5949.136</dst>
            <dst id="IPLSng">10164.4586666667</dst>
            <dst id="KSCYng">3118.17866666667</dst>
            <dst id="LOSAng">6604.46133333333</dst>
            <dst id="NYCMng">11070.7466666667</dst>
            <dst id="SNVAng">22701.8453333333</dst>
            <dst id="STTLng">7539.60533333333</dst>
            <dst id="WASHng">20655.9253333333</dst>
        </src>
        <src id="DNVRng">
            <dst id="ATLA-M5">100.96</dst>
            <dst id="ATLAng">3211.912</dst>
            <dst id="CHINng">64617.6426666667</dst>
            <dst id="DNVRng">8338.42133333333</dst>
            <dst id="HSTNng">27436.8906666667</dst>
            <dst id="IPLSng">26021.256</dst>
            <dst id="KSCYng">18215.344</dst>
            <dst id="LOSAng">587.189333333333</dst>
            <dst id="NYCMng">15142.256</dst>
            <dst id="SNVAng">21176.2506666667</dst>
            <dst id="STTLng">10988.072</dst>
            <dst id="WASHng">43366.9226666667</dst>
        </src>
        <src id="HSTNng">
            <dst id="ATLA-M5">2067.672</dst>
            <dst id="ATLAng">3056.4</dst>
            <dst id="CHINng">11207.4986666667</dst>
            <dst id="DNVRng">742.890666666667</dst>
            <dst id="HSTNng">12371.2426666667</dst>
            <dst id="IPLSng">439.088</dst>
            <dst id="KSCYng">572.568</dst>
            <dst id="LOSAng">12624.6853333333</dst>
            <dst id="NYCMng">797.445333333333</dst>
            <dst id="SNVAng">26.6666666666667</dst>
            <dst id="STTLng">2049.33066666667</dst>
            <dst id="WASHng">1529.056</dst>
        </src>
        <src id="IPLSng">
            <dst id="ATLA-M5">0</dst>
            <dst id="ATLAng">7692.67466666667</dst>
            <dst id="CHINng">67370.5146666667</dst>
            <dst id="DNVRng">7062.23466666667</dst>
            <dst id="HSTNng">963.149333333333</dst>
            <dst id="IPLSng">21005.2133333333</dst>
            <dst id="KSCYng">6083.16266666667</dst>
            <dst id="LOSAng">5659.01866666667</dst>
            <dst id="NYCMng">13747.8426666667</dst>
            <dst id="SNVAng">17187.3706666667</dst>
            <dst id="STTLng">9906.57066666667</dst>
            <dst id="WASHng">7042.76266666667</dst>
        </src>
        <src id="KSCYng">
            <dst id="ATLA-M5">0</dst>
            <dst id="ATLAng">2335.85866666667</dst>
            <dst id="CHINng">17433.7093333333</dst>
            <dst id="DNVRng">4308.42666666667</dst>
            <dst id="HSTNng">2630.65333333333</dst>
            <dst id="IPLSng">10172.2666666667</dst>
            <dst id="KSCYng">11223.832</dst>
            <dst id="LOSAng">2420.376</dst>
            <dst id="NYCMng">1617.45066666667</dst>
            <dst id="SNVAng">4773.50933333333</dst>
            <dst id="STTLng">697.202666666667</dst>
            <dst id="WASHng">5473.68533333333</dst>
        </src>
        <src id="LOSAng">
            <dst id="ATLA-M5">0</dst>
            <dst id="ATLAng">9497.10133333333</dst>
            <dst id="CHINng">92692.568</dst>
            <dst id="DNVRng">6885.672</dst>
            <dst id="HSTNng">2562.944</dst>
            <dst id="IPLSng">5726.13866666667</dst>
            <dst id="KSCYng">770.573333333333</dst>
            <dst id="LOSAng">20362.7493333333</dst>
            <dst id="NYCMng">20826.0053333333</dst>
            <dst id="SNVAng">24067.256</dst>
            <dst id="STTLng">15888.9786666667</dst>
            <dst id="WASHng">68493.4826666667</dst>
        </src>
        <src id="NYCMng">
            <dst id="ATLA-M5">961.610666666667</dst>
            <dst id="ATLAng">11520.672</dst>
            <dst id="CHINng">29243.5493333333</dst>
            <dst id="DNVRng">24926.112</dst>
            <dst id="HSTNng">1704.58933333333</dst>
            <dst id="IPLSng">5818.80533333333</dst>
            <dst id="KSCYng">2829.216</dst>
            <dst id="LOSAng">9438.23733333333</dst>
            <dst id="NYCMng">78453.472</dst>
            <dst id="SNVAng">47900.1333333333</dst>
            <dst id="STTLng">28497.2986666667</dst>
            <dst id="WASHng">51645.8613333333</dst>
        </src>
        <src id="SNVAng">
            <dst id="ATLA-M5">0</dst>
            <dst id="ATLAng">0</dst>
            <dst id="CHINng">0</dst>
            <dst id="DNVRng">7032.84</dst>
            <dst id="HSTNng">0</dst>
            <dst id="IPLSng">228.477333333333</dst>
            <dst id="KSCYng">0</dst>
            <dst id="LOSAng">4910.96266666667</dst>
            <dst id="NYCMng">0</dst>
            <dst id="SNVAng">30681.44</dst>
            <dst id="STTLng">28774.3386666667</dst>
            <dst id="WASHng">0</dst>
        </src>
        <src id="STTLng">
            <dst id="ATLA-M5">0</dst>
            <dst id="ATLAng">4299.20533333333</dst>
            <dst id="CHINng">33487.3146666667</dst>
            <dst id="DNVRng">3446.69333333333</dst>
            <dst id="HSTNng">2023.44533333333</dst>
            <dst id="IPLSng">12664.9813333333</dst>
            <dst id="KSCYng">703.658666666667</dst>
            <dst id="LOSAng">1477.192</dst>
            <dst id="NYCMng">7961.888</dst>
            <dst id="SNVAng">17435.3386666667</dst>
            <dst id="STTLng">1740.544</dst>
            <dst id="WASHng">8946.15466666667</dst>
        </src>
        <src id="WASHng">
            <dst id="ATLA-M5">74.5573333333333</dst>
            <dst id="ATLAng">88399.968</dst>
            <dst id="CHINng">75129.7386666666</dst>
            <dst id="DNVRng">49271.2666666667</dst>
            <dst id="HSTNng">58583.0533333333</dst>
            <dst id="IPLSng">16152.9946666667</dst>
            <dst id="KSCYng">28205.2533333333</dst>
            <dst id="LOSAng">70867.512</dst>
            <dst id="NYCMng">123883.805333333</dst>
            <dst id="SNVAng">27306.552</dst>
            <dst id="STTLng">14246.5973333333</dst>
            <dst id="WASHng">307474.506666667</dst>
        </src>
    </IntraTM>
</TrafficMatrixFile>
