<?xml version="1.0" encoding="ISO-8859-1" standalone="yes"?>
<TrafficMatrixFile xsi:noNamespaceSchemaLocation="http://totem.run.montefiore.ulg.ac.be/Schema/TrafficMatrix-v1_2.xsd" xmlns:xsi="http://www.w3.org/2001/XMLSchema-instance">
    <IntraTM ASID="11537">
        <src id="ATLA-M5">
            <dst id="ATLA-M5">0</dst>
            <dst id="ATLAng">0</dst>
            <dst id="CHINng">26.6666666666667</dst>
            <dst id="DNVRng">1172.69333333333</dst>
            <dst id="HSTNng">1477.63733333333</dst>
            <dst id="IPLSng">0</dst>
            <dst id="KSCYng">0</dst>
            <dst id="LOSAng">0</dst>
            <dst id="NYCMng">103.285333333333</dst>
            <dst id="SNVAng">0</dst>
            <dst id="STTLng">97.712</dst>
            <dst id="WASHng">53.3333333333333</dst>
        </src>
        <src id="ATLAng">
            <dst id="ATLA-M5">108.109333333333</dst>
            <dst id="ATLAng">23251.9786666667</dst>
            <dst id="CHINng">9930.06133333333</dst>
            <dst id="DNVRng">2377.14933333333</dst>
            <dst id="HSTNng">815.061333333333</dst>
            <dst id="IPLSng">10719.3893333333</dst>
            <dst id="KSCYng">290.045333333333</dst>
            <dst id="LOSAng">38605.4853333333</dst>
            <dst id="NYCMng">2622.72266666667</dst>
            <dst id="SNVAng">0</dst>
            <dst id="STTLng">5783.888</dst>
            <dst id="WASHng">44736.656</dst>
        </src>
        <src id="CHINng">
            <dst id="ATLA-M5">26.6666666666667</dst>
            <dst id="ATLAng">4437.24533333333</dst>
            <dst id="CHINng">43566.9413333333</dst>
            <dst id="DNVRng">3706.90933333333</dst>
            <dst id="HSTNng">14747.1386666667</dst>
            <dst id="IPLSng">16979.0746666667</dst>
            <dst id="KSCYng">3454.96</dst>
            <dst id="LOSAng">23475.536</dst>
            <dst id="NYCMng">27400.2133333333</dst>
            <dst id="SNVAng">247.069333333333</dst>
            <dst id="STTLng">4012.264</dst>
            <dst id="WASHng">12367.8053333333</dst>
        </src>
        <src id="DNVRng">
            <dst id="ATLA-M5">155.466666666667</dst>
            <dst id="ATLAng">1927.872</dst>
            <dst id="CHINng">37014.2453333333</dst>
            <dst id="DNVRng">6915.456</dst>
            <dst id="HSTNng">19034.1013333333</dst>
            <dst id="IPLSng">31925.496</dst>
            <dst id="KSCYng">14950.544</dst>
            <dst id="LOSAng">6906.94666666667</dst>
            <dst id="NYCMng">14961.0453333333</dst>
            <dst id="SNVAng">4362.81333333333</dst>
            <dst id="STTLng">3192.896</dst>
            <dst id="WASHng">34650.624</dst>
        </src>
        <src id="HSTNng">
            <dst id="ATLA-M5">1631.86133333333</dst>
            <dst id="ATLAng">652.386666666667</dst>
            <dst id="CHINng">4249.25333333333</dst>
            <dst id="DNVRng">630.522666666667</dst>
            <dst id="HSTNng">14959.7413333333</dst>
            <dst id="IPLSng">688.546666666667</dst>
            <dst id="KSCYng">488.208</dst>
            <dst id="LOSAng">4797.52266666667</dst>
            <dst id="NYCMng">921.597333333333</dst>
            <dst id="SNVAng">32.128</dst>
            <dst id="STTLng">1720.288</dst>
            <dst id="WASHng">1314.98133333333</dst>
        </src>
        <src id="IPLSng">
            <dst id="ATLA-M5">0</dst>
            <dst id="ATLAng">10133.2586666667</dst>
            <dst id="CHINng">26985.6373333333</dst>
            <dst id="DNVRng">5405.21866666667</dst>
            <dst id="HSTNng">3807.14133333333</dst>
            <dst id="IPLSng">27949.4666666667</dst>
            <dst id="KSCYng">2156.38133333333</dst>
            <dst id="LOSAng">23558.4746666667</dst>
            <dst id="NYCMng">4497.78933333333</dst>
            <dst id="SNVAng">188.706666666667</dst>
            <dst id="STTLng">3875.30933333333</dst>
            <dst id="WASHng">6040.56266666667</dst>
        </src>
        <src id="KSCYng">
            <dst id="ATLA-M5">0</dst>
            <dst id="ATLAng">2149.57866666667</dst>
            <dst id="CHINng">11434.8</dst>
            <dst id="DNVRng">5091.42933333333</dst>
            <dst id="HSTNng">2543.384</dst>
            <dst id="IPLSng">9947.944</dst>
            <dst id="KSCYng">5780.45866666667</dst>
            <dst id="LOSAng">3813.024</dst>
            <dst id="NYCMng">1507.352</dst>
            <dst id="SNVAng">8260.992</dst>
            <dst id="STTLng">451.029333333333</dst>
            <dst id="WASHng">7998.83466666667</dst>
        </src>
        <src id="LOSAng">
            <dst id="ATLA-M5">26.6666666666667</dst>
            <dst id="ATLAng">7251.21866666667</dst>
            <dst id="CHINng">58140.1253333333</dst>
            <dst id="DNVRng">4791.256</dst>
            <dst id="HSTNng">2792.83733333333</dst>
            <dst id="IPLSng">17162.7786666667</dst>
            <dst id="KSCYng">1771.488</dst>
            <dst id="LOSAng">8448.128</dst>
            <dst id="NYCMng">15766.8906666667</dst>
            <dst id="SNVAng">21007.6266666667</dst>
            <dst id="STTLng">19360.2746666667</dst>
            <dst id="WASHng">70433.432</dst>
        </src>
        <src id="NYCMng">
            <dst id="ATLA-M5">0</dst>
            <dst id="ATLAng">5103.85066666667</dst>
            <dst id="CHINng">18254.6106666667</dst>
            <dst id="DNVRng">22318.1413333333</dst>
            <dst id="HSTNng">3060.55733333333</dst>
            <dst id="IPLSng">19678.6746666667</dst>
            <dst id="KSCYng">18515.6</dst>
            <dst id="LOSAng">51784.5173333333</dst>
            <dst id="NYCMng">83879.8586666667</dst>
            <dst id="SNVAng">1372.28266666667</dst>
            <dst id="STTLng">13624.064</dst>
            <dst id="WASHng">24238.6826666667</dst>
        </src>
        <src id="SNVAng">
            <dst id="ATLA-M5">0</dst>
            <dst id="ATLAng">0</dst>
            <dst id="CHINng">53.3333333333333</dst>
            <dst id="DNVRng">639.250666666667</dst>
            <dst id="HSTNng">0</dst>
            <dst id="IPLSng">252.757333333333</dst>
            <dst id="KSCYng">26.6666666666667</dst>
            <dst id="LOSAng">29655.8933333333</dst>
            <dst id="NYCMng">2371.696</dst>
            <dst id="SNVAng">6268.76266666667</dst>
            <dst id="STTLng">33575.6666666667</dst>
            <dst id="WASHng">53.3333333333333</dst>
        </src>
        <src id="STTLng">
            <dst id="ATLA-M5">100.725333333333</dst>
            <dst id="ATLAng">4893.85866666667</dst>
            <dst id="CHINng">9257.34133333333</dst>
            <dst id="DNVRng">542.357333333333</dst>
            <dst id="HSTNng">441.954666666667</dst>
            <dst id="IPLSng">3357.82666666667</dst>
            <dst id="KSCYng">752.797333333333</dst>
            <dst id="LOSAng">10319.248</dst>
            <dst id="NYCMng">12168.368</dst>
            <dst id="SNVAng">13486.5626666667</dst>
            <dst id="STTLng">1525.06666666667</dst>
            <dst id="WASHng">5258.77333333333</dst>
        </src>
        <src id="WASHng">
            <dst id="ATLA-M5">416.917333333333</dst>
            <dst id="ATLAng">57448.8826666667</dst>
            <dst id="CHINng">48506.8106666667</dst>
            <dst id="DNVRng">38048.7653333333</dst>
            <dst id="HSTNng">21654.608</dst>
            <dst id="IPLSng">53214.2746666667</dst>
            <dst id="KSCYng">34710.2506666667</dst>
            <dst id="LOSAng">102164.490666667</dst>
            <dst id="NYCMng">124565.008</dst>
            <dst id="SNVAng">1630.77066666667</dst>
            <dst id="STTLng">16374.36</dst>
            <dst id="WASHng">169196.029333333</dst>
        </src>
    </IntraTM>
</TrafficMatrixFile>
