<?xml version="1.0" encoding="ISO-8859-1" standalone="yes"?>
<TrafficMatrixFile xsi:noNamespaceSchemaLocation="http://totem.run.montefiore.ulg.ac.be/Schema/TrafficMatrix-v1_2.xsd" xmlns:xsi="http://www.w3.org/2001/XMLSchema-instance">
    <IntraTM ASID="11537">
        <src id="ATLA-M5">
            <dst id="ATLA-M5">27.32</dst>
            <dst id="ATLAng">28</dst>
            <dst id="CHINng">80</dst>
            <dst id="DNVRng">1111.50933333333</dst>
            <dst id="HSTNng">81.5893333333333</dst>
            <dst id="IPLSng">0</dst>
            <dst id="KSCYng">0</dst>
            <dst id="LOSAng">171.354666666667</dst>
            <dst id="NYCMng">0</dst>
            <dst id="SNVAng">45.7226666666667</dst>
            <dst id="STTLng">26.6666666666667</dst>
            <dst id="WASHng">348.146666666667</dst>
        </src>
        <src id="ATLAng">
            <dst id="ATLA-M5">168.658666666667</dst>
            <dst id="ATLAng">27737.696</dst>
            <dst id="CHINng">8621.40266666667</dst>
            <dst id="DNVRng">4230.09866666667</dst>
            <dst id="HSTNng">671.237333333333</dst>
            <dst id="IPLSng">20626.3786666667</dst>
            <dst id="KSCYng">322.384</dst>
            <dst id="LOSAng">4667.43333333333</dst>
            <dst id="NYCMng">2677.984</dst>
            <dst id="SNVAng">4497.124</dst>
            <dst id="STTLng">1386.08</dst>
            <dst id="WASHng">49032.5706666667</dst>
        </src>
        <src id="CHINng">
            <dst id="ATLA-M5">480.016</dst>
            <dst id="ATLAng">4350.83733333333</dst>
            <dst id="CHINng">101185.821333333</dst>
            <dst id="DNVRng">3103.94666666667</dst>
            <dst id="HSTNng">1723.40266666667</dst>
            <dst id="IPLSng">8450.528</dst>
            <dst id="KSCYng">16026.76</dst>
            <dst id="LOSAng">6642.048</dst>
            <dst id="NYCMng">7822.872</dst>
            <dst id="SNVAng">15821.0106666667</dst>
            <dst id="STTLng">7577.88266666667</dst>
            <dst id="WASHng">11466.1146666667</dst>
        </src>
        <src id="DNVRng">
            <dst id="ATLA-M5">104.586666666667</dst>
            <dst id="ATLAng">3458.05333333333</dst>
            <dst id="CHINng">59512.544</dst>
            <dst id="DNVRng">3482.33333333333</dst>
            <dst id="HSTNng">16549.472</dst>
            <dst id="IPLSng">21316.9306666667</dst>
            <dst id="KSCYng">7447.09066666667</dst>
            <dst id="LOSAng">718.493333333333</dst>
            <dst id="NYCMng">15447.8186666667</dst>
            <dst id="SNVAng">13777.496</dst>
            <dst id="STTLng">3610.89866666667</dst>
            <dst id="WASHng">37016.616</dst>
        </src>
        <src id="HSTNng">
            <dst id="ATLA-M5">2406.984</dst>
            <dst id="ATLAng">15360.896</dst>
            <dst id="CHINng">11037.312</dst>
            <dst id="DNVRng">635.176</dst>
            <dst id="HSTNng">9481.19733333333</dst>
            <dst id="IPLSng">695.6</dst>
            <dst id="KSCYng">874.634666666667</dst>
            <dst id="LOSAng">832.565333333333</dst>
            <dst id="NYCMng">1107.17866666667</dst>
            <dst id="SNVAng">26.6666666666667</dst>
            <dst id="STTLng">1753.34133333333</dst>
            <dst id="WASHng">1482.46666666667</dst>
        </src>
        <src id="IPLSng">
            <dst id="ATLA-M5">0</dst>
            <dst id="ATLAng">13285.4933333333</dst>
            <dst id="CHINng">41445.816</dst>
            <dst id="DNVRng">10396.9813333333</dst>
            <dst id="HSTNng">318.378666666667</dst>
            <dst id="IPLSng">3776.65333333333</dst>
            <dst id="KSCYng">802.258666666667</dst>
            <dst id="LOSAng">8029.632</dst>
            <dst id="NYCMng">16424.1013333333</dst>
            <dst id="SNVAng">13542.048</dst>
            <dst id="STTLng">6150.19466666667</dst>
            <dst id="WASHng">5477.34933333333</dst>
        </src>
        <src id="KSCYng">
            <dst id="ATLA-M5">0</dst>
            <dst id="ATLAng">2168.432</dst>
            <dst id="CHINng">17677.3866666667</dst>
            <dst id="DNVRng">4332.50133333333</dst>
            <dst id="HSTNng">2402.52533333333</dst>
            <dst id="IPLSng">8563.89866666667</dst>
            <dst id="KSCYng">3757.15733333333</dst>
            <dst id="LOSAng">1943.53333333333</dst>
            <dst id="NYCMng">1362.53066666667</dst>
            <dst id="SNVAng">6156.05866666667</dst>
            <dst id="STTLng">616.208</dst>
            <dst id="WASHng">5973.44</dst>
        </src>
        <src id="LOSAng">
            <dst id="ATLA-M5">54.208</dst>
            <dst id="ATLAng">35106.3706666667</dst>
            <dst id="CHINng">86831.16</dst>
            <dst id="DNVRng">5015.89066666667</dst>
            <dst id="HSTNng">1154.59466666667</dst>
            <dst id="IPLSng">6961.10133333333</dst>
            <dst id="KSCYng">1150</dst>
            <dst id="LOSAng">17550.352</dst>
            <dst id="NYCMng">22271.7013333333</dst>
            <dst id="SNVAng">7891.56</dst>
            <dst id="STTLng">18845.6373333333</dst>
            <dst id="WASHng">74099.0293333333</dst>
        </src>
        <src id="NYCMng">
            <dst id="ATLA-M5">259.136</dst>
            <dst id="ATLAng">10863.5973333333</dst>
            <dst id="CHINng">38689.688</dst>
            <dst id="DNVRng">24123.2213333333</dst>
            <dst id="HSTNng">1554.01066666667</dst>
            <dst id="IPLSng">9545.88533333333</dst>
            <dst id="KSCYng">3998.02933333333</dst>
            <dst id="LOSAng">7393.80266666667</dst>
            <dst id="NYCMng">94053.1173333333</dst>
            <dst id="SNVAng">43464.2133333333</dst>
            <dst id="STTLng">22644.9413333333</dst>
            <dst id="WASHng">23582.2133333333</dst>
        </src>
        <src id="SNVAng">
            <dst id="ATLA-M5">0</dst>
            <dst id="ATLAng">74.552</dst>
            <dst id="CHINng">53.3333333333333</dst>
            <dst id="DNVRng">1828.38133333333</dst>
            <dst id="HSTNng">0</dst>
            <dst id="IPLSng">917.4</dst>
            <dst id="KSCYng">26.6666666666667</dst>
            <dst id="LOSAng">731.794666666667</dst>
            <dst id="NYCMng">8302.056</dst>
            <dst id="SNVAng">23505.456</dst>
            <dst id="STTLng">22749.5013333333</dst>
            <dst id="WASHng">26.6666666666667</dst>
        </src>
        <src id="STTLng">
            <dst id="ATLA-M5">26.6666666666667</dst>
            <dst id="ATLAng">7281.952</dst>
            <dst id="CHINng">21524.496</dst>
            <dst id="DNVRng">4025.496</dst>
            <dst id="HSTNng">2130.98933333333</dst>
            <dst id="IPLSng">5691.32</dst>
            <dst id="KSCYng">686.96</dst>
            <dst id="LOSAng">2331.06133333333</dst>
            <dst id="NYCMng">9692.85333333333</dst>
            <dst id="SNVAng">217275.224</dst>
            <dst id="STTLng">659.933333333333</dst>
            <dst id="WASHng">9529.904</dst>
        </src>
        <src id="WASHng">
            <dst id="ATLA-M5">124.264</dst>
            <dst id="ATLAng">94895.1306666666</dst>
            <dst id="CHINng">62534.4373333333</dst>
            <dst id="DNVRng">29208.5893333333</dst>
            <dst id="HSTNng">12915.0533333333</dst>
            <dst id="IPLSng">12229.1333333333</dst>
            <dst id="KSCYng">26939.864</dst>
            <dst id="LOSAng">69423.8613333333</dst>
            <dst id="NYCMng">76432.5413333333</dst>
            <dst id="SNVAng">47246.9653333333</dst>
            <dst id="STTLng">18504.128</dst>
            <dst id="WASHng">257491.88</dst>
        </src>
    </IntraTM>
</TrafficMatrixFile>
