<?xml version="1.0" encoding="ISO-8859-1" standalone="yes"?>
<TrafficMatrixFile xsi:noNamespaceSchemaLocation="http://totem.run.montefiore.ulg.ac.be/Schema/TrafficMatrix-v1_2.xsd" xmlns:xsi="http://www.w3.org/2001/XMLSchema-instance">
    <IntraTM ASID="11537">
        <src id="ATLA-M5">
            <dst id="ATLA-M5">0</dst>
            <dst id="ATLAng">34.6186666666667</dst>
            <dst id="CHINng">192.504</dst>
            <dst id="DNVRng">0</dst>
            <dst id="HSTNng">39.9386666666667</dst>
            <dst id="IPLSng">0</dst>
            <dst id="KSCYng">26.6666666666667</dst>
            <dst id="LOSAng">26.6666666666667</dst>
            <dst id="NYCMng">134.36</dst>
            <dst id="SNVAng">0</dst>
            <dst id="STTLng">120.386666666667</dst>
            <dst id="WASHng">295.68</dst>
        </src>
        <src id="ATLAng">
            <dst id="ATLA-M5">90.224</dst>
            <dst id="ATLAng">25387.592</dst>
            <dst id="CHINng">8942.45333333333</dst>
            <dst id="DNVRng">3574.22933333333</dst>
            <dst id="HSTNng">666.218666666667</dst>
            <dst id="IPLSng">15045.1973333333</dst>
            <dst id="KSCYng">562.6</dst>
            <dst id="LOSAng">4368.56533333333</dst>
            <dst id="NYCMng">10090.152</dst>
            <dst id="SNVAng">4049.488</dst>
            <dst id="STTLng">1589.46933333333</dst>
            <dst id="WASHng">52475.7173333333</dst>
        </src>
        <src id="CHINng">
            <dst id="ATLA-M5">381.125333333333</dst>
            <dst id="ATLAng">8761.39466666667</dst>
            <dst id="CHINng">78425.0373333333</dst>
            <dst id="DNVRng">1783.68266666667</dst>
            <dst id="HSTNng">3022.43466666667</dst>
            <dst id="IPLSng">8930.74933333333</dst>
            <dst id="KSCYng">15899.6826666667</dst>
            <dst id="LOSAng">3386.52</dst>
            <dst id="NYCMng">8262.048</dst>
            <dst id="SNVAng">20755.7813333333</dst>
            <dst id="STTLng">8221.62133333333</dst>
            <dst id="WASHng">26719.3813333333</dst>
        </src>
        <src id="DNVRng">
            <dst id="ATLA-M5">87.1253333333333</dst>
            <dst id="ATLAng">4087.93333333333</dst>
            <dst id="CHINng">50347.4533333333</dst>
            <dst id="DNVRng">1869.55733333333</dst>
            <dst id="HSTNng">19186.2613333333</dst>
            <dst id="IPLSng">23313.2133333333</dst>
            <dst id="KSCYng">8312.70933333333</dst>
            <dst id="LOSAng">966.605333333333</dst>
            <dst id="NYCMng">13213.3786666667</dst>
            <dst id="SNVAng">14484.904</dst>
            <dst id="STTLng">3378.79733333333</dst>
            <dst id="WASHng">48350.9706666667</dst>
        </src>
        <src id="HSTNng">
            <dst id="ATLA-M5">1964.376</dst>
            <dst id="ATLAng">2193.44266666667</dst>
            <dst id="CHINng">14122.6186666667</dst>
            <dst id="DNVRng">651.336</dst>
            <dst id="HSTNng">15172.7093333333</dst>
            <dst id="IPLSng">2846.97866666667</dst>
            <dst id="KSCYng">611.821333333333</dst>
            <dst id="LOSAng">1044.04</dst>
            <dst id="NYCMng">2791.848</dst>
            <dst id="SNVAng">121.653333333333</dst>
            <dst id="STTLng">848.970666666667</dst>
            <dst id="WASHng">2260.504</dst>
        </src>
        <src id="IPLSng">
            <dst id="ATLA-M5">53.3333333333333</dst>
            <dst id="ATLAng">60533.4053333333</dst>
            <dst id="CHINng">47172.376</dst>
            <dst id="DNVRng">4564.82133333333</dst>
            <dst id="HSTNng">658.826666666667</dst>
            <dst id="IPLSng">9112.936</dst>
            <dst id="KSCYng">1689.26133333333</dst>
            <dst id="LOSAng">5928.18133333333</dst>
            <dst id="NYCMng">12799.4533333333</dst>
            <dst id="SNVAng">7996.75733333333</dst>
            <dst id="STTLng">5871.71733333333</dst>
            <dst id="WASHng">17583.1306666667</dst>
        </src>
        <src id="KSCYng">
            <dst id="ATLA-M5">26.6666666666667</dst>
            <dst id="ATLAng">3211.864</dst>
            <dst id="CHINng">16490.2826666667</dst>
            <dst id="DNVRng">5298.65066666667</dst>
            <dst id="HSTNng">3143.59733333333</dst>
            <dst id="IPLSng">7727.912</dst>
            <dst id="KSCYng">4588.88</dst>
            <dst id="LOSAng">655.016</dst>
            <dst id="NYCMng">1872.152</dst>
            <dst id="SNVAng">4395.97066666667</dst>
            <dst id="STTLng">690.117333333333</dst>
            <dst id="WASHng">6651.392</dst>
        </src>
        <src id="LOSAng">
            <dst id="ATLA-M5">0</dst>
            <dst id="ATLAng">6532.48266666667</dst>
            <dst id="CHINng">97003.88</dst>
            <dst id="DNVRng">8287.872</dst>
            <dst id="HSTNng">2049.42133333333</dst>
            <dst id="IPLSng">10424.536</dst>
            <dst id="KSCYng">813.002666666667</dst>
            <dst id="LOSAng">22759.8346666667</dst>
            <dst id="NYCMng">27098.208</dst>
            <dst id="SNVAng">22583.6186666667</dst>
            <dst id="STTLng">22663.064</dst>
            <dst id="WASHng">75492.928</dst>
        </src>
        <src id="NYCMng">
            <dst id="ATLA-M5">715.64</dst>
            <dst id="ATLAng">16369.144</dst>
            <dst id="CHINng">31310.696</dst>
            <dst id="DNVRng">23224.4933333333</dst>
            <dst id="HSTNng">3112.89866666667</dst>
            <dst id="IPLSng">8061.00266666667</dst>
            <dst id="KSCYng">3703.89066666667</dst>
            <dst id="LOSAng">7670.93066666667</dst>
            <dst id="NYCMng">105652.637333333</dst>
            <dst id="SNVAng">40362.3226666667</dst>
            <dst id="STTLng">18786.4693333333</dst>
            <dst id="WASHng">38841.5386666667</dst>
        </src>
        <src id="SNVAng">
            <dst id="ATLA-M5">0</dst>
            <dst id="ATLAng">26.6666666666667</dst>
            <dst id="CHINng">0</dst>
            <dst id="DNVRng">369.301333333333</dst>
            <dst id="HSTNng">89.8186666666667</dst>
            <dst id="IPLSng">302.090666666667</dst>
            <dst id="KSCYng">0</dst>
            <dst id="LOSAng">1672.78133333333</dst>
            <dst id="NYCMng">26.6666666666667</dst>
            <dst id="SNVAng">33585.2586666667</dst>
            <dst id="STTLng">33123.696</dst>
            <dst id="WASHng">438.229333333333</dst>
        </src>
        <src id="STTLng">
            <dst id="ATLA-M5">26.6666666666667</dst>
            <dst id="ATLAng">7255.60533333333</dst>
            <dst id="CHINng">21369.3386666667</dst>
            <dst id="DNVRng">3997.50666666667</dst>
            <dst id="HSTNng">4213.016</dst>
            <dst id="IPLSng">8965.20533333334</dst>
            <dst id="KSCYng">332.608</dst>
            <dst id="LOSAng">1751.80266666667</dst>
            <dst id="NYCMng">8386.29333333333</dst>
            <dst id="SNVAng">10811.616</dst>
            <dst id="STTLng">934.077333333333</dst>
            <dst id="WASHng">102165.874666667</dst>
        </src>
        <src id="WASHng">
            <dst id="ATLA-M5">26.6666666666667</dst>
            <dst id="ATLAng">71548.2666666667</dst>
            <dst id="CHINng">52923.7146666667</dst>
            <dst id="DNVRng">28192.6986666667</dst>
            <dst id="HSTNng">16627.2293333333</dst>
            <dst id="IPLSng">14802.92</dst>
            <dst id="KSCYng">29470.5893333333</dst>
            <dst id="LOSAng">62808.1866666667</dst>
            <dst id="NYCMng">125206.24</dst>
            <dst id="SNVAng">17876.7333333333</dst>
            <dst id="STTLng">24810.6746666667</dst>
            <dst id="WASHng">331214.32</dst>
        </src>
    </IntraTM>
</TrafficMatrixFile>
