<?xml version="1.0" encoding="ISO-8859-1" standalone="yes"?>
<TrafficMatrixFile xsi:noNamespaceSchemaLocation="http://totem.run.montefiore.ulg.ac.be/Schema/TrafficMatrix-v1_2.xsd" xmlns:xsi="http://www.w3.org/2001/XMLSchema-instance">
    <IntraTM ASID="11537">
        <src id="ATLA-M5">
            <dst id="ATLA-M5">26.6666666666667</dst>
            <dst id="ATLAng">26.6666666666667</dst>
            <dst id="CHINng">301.432</dst>
            <dst id="DNVRng">0</dst>
            <dst id="HSTNng">56.4533333333333</dst>
            <dst id="IPLSng">0</dst>
            <dst id="KSCYng">0</dst>
            <dst id="LOSAng">24.5333333333333</dst>
            <dst id="NYCMng">53.3333333333333</dst>
            <dst id="SNVAng">24.5333333333333</dst>
            <dst id="STTLng">26.6666666666667</dst>
            <dst id="WASHng">2274.952</dst>
        </src>
        <src id="ATLAng">
            <dst id="ATLA-M5">122.762666666667</dst>
            <dst id="ATLAng">52188.1306666667</dst>
            <dst id="CHINng">7564.84266666666</dst>
            <dst id="DNVRng">3824.672</dst>
            <dst id="HSTNng">30044.7786666667</dst>
            <dst id="IPLSng">13366.0346666667</dst>
            <dst id="KSCYng">478.632</dst>
            <dst id="LOSAng">9198.53466666667</dst>
            <dst id="NYCMng">6210.68533333333</dst>
            <dst id="SNVAng">4720.57466666667</dst>
            <dst id="STTLng">2795.21333333333</dst>
            <dst id="WASHng">19675.4613333333</dst>
        </src>
        <src id="CHINng">
            <dst id="ATLA-M5">264.037333333333</dst>
            <dst id="ATLAng">23234.8746666667</dst>
            <dst id="CHINng">106998.245333333</dst>
            <dst id="DNVRng">6735.70133333333</dst>
            <dst id="HSTNng">7503.12266666667</dst>
            <dst id="IPLSng">14878.024</dst>
            <dst id="KSCYng">11099.1413333333</dst>
            <dst id="LOSAng">3210.616</dst>
            <dst id="NYCMng">13762.584</dst>
            <dst id="SNVAng">27913.744</dst>
            <dst id="STTLng">8418.296</dst>
            <dst id="WASHng">23409.6693333333</dst>
        </src>
        <src id="DNVRng">
            <dst id="ATLA-M5">255.962666666667</dst>
            <dst id="ATLAng">4685.53866666667</dst>
            <dst id="CHINng">33649.2693333333</dst>
            <dst id="DNVRng">11635.7866666667</dst>
            <dst id="HSTNng">21828.144</dst>
            <dst id="IPLSng">26164.28</dst>
            <dst id="KSCYng">16815.2426666667</dst>
            <dst id="LOSAng">5661.90666666667</dst>
            <dst id="NYCMng">12013.248</dst>
            <dst id="SNVAng">37354.1466666667</dst>
            <dst id="STTLng">8990.14666666667</dst>
            <dst id="WASHng">35641.2586666667</dst>
        </src>
        <src id="HSTNng">
            <dst id="ATLA-M5">267.2</dst>
            <dst id="ATLAng">1441.16</dst>
            <dst id="CHINng">11323.8613333333</dst>
            <dst id="DNVRng">1807.99733333333</dst>
            <dst id="HSTNng">13083.712</dst>
            <dst id="IPLSng">1099.54133333333</dst>
            <dst id="KSCYng">1549.49066666667</dst>
            <dst id="LOSAng">6421.264</dst>
            <dst id="NYCMng">1981.55466666667</dst>
            <dst id="SNVAng">0</dst>
            <dst id="STTLng">2479.02133333333</dst>
            <dst id="WASHng">17566.3173333333</dst>
        </src>
        <src id="IPLSng">
            <dst id="ATLA-M5">53.3333333333333</dst>
            <dst id="ATLAng">9024.79733333333</dst>
            <dst id="CHINng">29946.4266666667</dst>
            <dst id="DNVRng">10981.5946666667</dst>
            <dst id="HSTNng">1273.33066666667</dst>
            <dst id="IPLSng">18989.1093333333</dst>
            <dst id="KSCYng">1832.504</dst>
            <dst id="LOSAng">2679.82133333333</dst>
            <dst id="NYCMng">6187.97333333333</dst>
            <dst id="SNVAng">8795.67733333333</dst>
            <dst id="STTLng">18038.2213333333</dst>
            <dst id="WASHng">7898</dst>
        </src>
        <src id="KSCYng">
            <dst id="ATLA-M5">26.6666666666667</dst>
            <dst id="ATLAng">2821.53866666667</dst>
            <dst id="CHINng">12096.4586666667</dst>
            <dst id="DNVRng">5219.44533333333</dst>
            <dst id="HSTNng">5914.61866666667</dst>
            <dst id="IPLSng">18273.496</dst>
            <dst id="KSCYng">9631.43466666667</dst>
            <dst id="LOSAng">362.957333333333</dst>
            <dst id="NYCMng">1572.35466666667</dst>
            <dst id="SNVAng">5462.112</dst>
            <dst id="STTLng">630.016</dst>
            <dst id="WASHng">8310.73866666667</dst>
        </src>
        <src id="LOSAng">
            <dst id="ATLA-M5">57.7546666666667</dst>
            <dst id="ATLAng">15197.8133333333</dst>
            <dst id="CHINng">47622.0746666667</dst>
            <dst id="DNVRng">8290.17066666667</dst>
            <dst id="HSTNng">3140.69066666667</dst>
            <dst id="IPLSng">15909.9066666667</dst>
            <dst id="KSCYng">3547.25333333333</dst>
            <dst id="LOSAng">23592.768</dst>
            <dst id="NYCMng">36896.4746666667</dst>
            <dst id="SNVAng">23341.7733333333</dst>
            <dst id="STTLng">17382.4746666667</dst>
            <dst id="WASHng">90017.2773333333</dst>
        </src>
        <src id="NYCMng">
            <dst id="ATLA-M5">716.338666666667</dst>
            <dst id="ATLAng">16107.4</dst>
            <dst id="CHINng">28165.2266666667</dst>
            <dst id="DNVRng">25572.0453333333</dst>
            <dst id="HSTNng">13007.088</dst>
            <dst id="IPLSng">14926.4053333333</dst>
            <dst id="KSCYng">5692.99733333333</dst>
            <dst id="LOSAng">11845.5306666667</dst>
            <dst id="NYCMng">150165.616</dst>
            <dst id="SNVAng">50521.7013333333</dst>
            <dst id="STTLng">30388.0826666667</dst>
            <dst id="WASHng">40174.2453333333</dst>
        </src>
        <src id="SNVAng">
            <dst id="ATLA-M5">0</dst>
            <dst id="ATLAng">699.061333333333</dst>
            <dst id="CHINng">56.1413333333333</dst>
            <dst id="DNVRng">2473.65333333333</dst>
            <dst id="HSTNng">26.6666666666667</dst>
            <dst id="IPLSng">8194.144</dst>
            <dst id="KSCYng">0</dst>
            <dst id="LOSAng">1774.328</dst>
            <dst id="NYCMng">171.314666666667</dst>
            <dst id="SNVAng">39130.0933333333</dst>
            <dst id="STTLng">32129.8746666667</dst>
            <dst id="WASHng">0</dst>
        </src>
        <src id="STTLng">
            <dst id="ATLA-M5">26.6666666666667</dst>
            <dst id="ATLAng">5602.46933333333</dst>
            <dst id="CHINng">20767.5493333333</dst>
            <dst id="DNVRng">4951.09333333333</dst>
            <dst id="HSTNng">2492.35733333333</dst>
            <dst id="IPLSng">6842.51733333333</dst>
            <dst id="KSCYng">3266.78133333333</dst>
            <dst id="LOSAng">6802.576</dst>
            <dst id="NYCMng">17744.504</dst>
            <dst id="SNVAng">28020.64</dst>
            <dst id="STTLng">2576.512</dst>
            <dst id="WASHng">3828.87733333333</dst>
        </src>
        <src id="WASHng">
            <dst id="ATLA-M5">137.336</dst>
            <dst id="ATLAng">62754.3706666666</dst>
            <dst id="CHINng">85258.2133333333</dst>
            <dst id="DNVRng">35621.1173333333</dst>
            <dst id="HSTNng">28084.7013333333</dst>
            <dst id="IPLSng">24727.0373333333</dst>
            <dst id="KSCYng">32476.296</dst>
            <dst id="LOSAng">78107.4693333333</dst>
            <dst id="NYCMng">148607.434666667</dst>
            <dst id="SNVAng">32952.8586666667</dst>
            <dst id="STTLng">31651.2533333333</dst>
            <dst id="WASHng">224322.464</dst>
        </src>
    </IntraTM>
</TrafficMatrixFile>
