<?xml version="1.0" encoding="ISO-8859-1" standalone="yes"?>
<TrafficMatrixFile xsi:noNamespaceSchemaLocation="http://totem.run.montefiore.ulg.ac.be/Schema/TrafficMatrix-v1_2.xsd" xmlns:xsi="http://www.w3.org/2001/XMLSchema-instance">
    <IntraTM ASID="11537">
        <src id="ATLA-M5">
            <dst id="ATLA-M5">0</dst>
            <dst id="ATLAng">53.3333333333333</dst>
            <dst id="CHINng">147.122666666667</dst>
            <dst id="DNVRng">32.1066666666667</dst>
            <dst id="HSTNng">0</dst>
            <dst id="IPLSng">0</dst>
            <dst id="KSCYng">0</dst>
            <dst id="LOSAng">13.3333333333333</dst>
            <dst id="NYCMng">0</dst>
            <dst id="SNVAng">13.3333333333333</dst>
            <dst id="STTLng">53.3333333333333</dst>
            <dst id="WASHng">128.637333333333</dst>
        </src>
        <src id="ATLAng">
            <dst id="ATLA-M5">71.9653333333333</dst>
            <dst id="ATLAng">44045</dst>
            <dst id="CHINng">9782.82666666667</dst>
            <dst id="DNVRng">2676.58933333333</dst>
            <dst id="HSTNng">731.002666666667</dst>
            <dst id="IPLSng">10222.7226666667</dst>
            <dst id="KSCYng">4102.21333333333</dst>
            <dst id="LOSAng">9974.572</dst>
            <dst id="NYCMng">1479.52266666667</dst>
            <dst id="SNVAng">9484.72666666667</dst>
            <dst id="STTLng">2297.98933333333</dst>
            <dst id="WASHng">23459.0666666667</dst>
        </src>
        <src id="CHINng">
            <dst id="ATLA-M5">168.144</dst>
            <dst id="ATLAng">11141.184</dst>
            <dst id="CHINng">124777.128</dst>
            <dst id="DNVRng">3728.49866666667</dst>
            <dst id="HSTNng">5851.36</dst>
            <dst id="IPLSng">14635.104</dst>
            <dst id="KSCYng">6262.664</dst>
            <dst id="LOSAng">7152.33866666667</dst>
            <dst id="NYCMng">7431.656</dst>
            <dst id="SNVAng">34249.632</dst>
            <dst id="STTLng">7446.56533333333</dst>
            <dst id="WASHng">21524.7733333333</dst>
        </src>
        <src id="DNVRng">
            <dst id="ATLA-M5">349.749333333333</dst>
            <dst id="ATLAng">5270.824</dst>
            <dst id="CHINng">38923.0293333333</dst>
            <dst id="DNVRng">9307.84266666667</dst>
            <dst id="HSTNng">23495.736</dst>
            <dst id="IPLSng">30809.936</dst>
            <dst id="KSCYng">24857.3946666667</dst>
            <dst id="LOSAng">5332.96533333333</dst>
            <dst id="NYCMng">15671.4213333333</dst>
            <dst id="SNVAng">17645.68</dst>
            <dst id="STTLng">5560.97866666667</dst>
            <dst id="WASHng">40055.9386666667</dst>
        </src>
        <src id="HSTNng">
            <dst id="ATLA-M5">148.117333333333</dst>
            <dst id="ATLAng">803.232</dst>
            <dst id="CHINng">8712.112</dst>
            <dst id="DNVRng">1718.81066666667</dst>
            <dst id="HSTNng">15065.4746666667</dst>
            <dst id="IPLSng">1120.872</dst>
            <dst id="KSCYng">862.330666666667</dst>
            <dst id="LOSAng">1530.504</dst>
            <dst id="NYCMng">1873.06666666667</dst>
            <dst id="SNVAng">0</dst>
            <dst id="STTLng">1240.936</dst>
            <dst id="WASHng">2994.45066666667</dst>
        </src>
        <src id="IPLSng">
            <dst id="ATLA-M5">0</dst>
            <dst id="ATLAng">3654.73866666667</dst>
            <dst id="CHINng">55824.6346666667</dst>
            <dst id="DNVRng">7071.22133333333</dst>
            <dst id="HSTNng">2115.60533333333</dst>
            <dst id="IPLSng">15718.4693333333</dst>
            <dst id="KSCYng">2694.89866666667</dst>
            <dst id="LOSAng">3416.96266666667</dst>
            <dst id="NYCMng">8819.168</dst>
            <dst id="SNVAng">7662.98666666667</dst>
            <dst id="STTLng">13662.3546666667</dst>
            <dst id="WASHng">5277.448</dst>
        </src>
        <src id="KSCYng">
            <dst id="ATLA-M5">111.786666666667</dst>
            <dst id="ATLAng">5091.26666666667</dst>
            <dst id="CHINng">10808.376</dst>
            <dst id="DNVRng">4390.17333333333</dst>
            <dst id="HSTNng">3207.408</dst>
            <dst id="IPLSng">10501.4026666667</dst>
            <dst id="KSCYng">7506.208</dst>
            <dst id="LOSAng">1691.944</dst>
            <dst id="NYCMng">3013.064</dst>
            <dst id="SNVAng">5409.848</dst>
            <dst id="STTLng">1028.09333333333</dst>
            <dst id="WASHng">7059.584</dst>
        </src>
        <src id="LOSAng">
            <dst id="ATLA-M5">191.685333333333</dst>
            <dst id="ATLAng">47802.3946666667</dst>
            <dst id="CHINng">52465.1306666667</dst>
            <dst id="DNVRng">9503.67733333333</dst>
            <dst id="HSTNng">1744.392</dst>
            <dst id="IPLSng">6764.432</dst>
            <dst id="KSCYng">1526.872</dst>
            <dst id="LOSAng">15571.32</dst>
            <dst id="NYCMng">23317.8346666667</dst>
            <dst id="SNVAng">23036.5413333333</dst>
            <dst id="STTLng">40650.16</dst>
            <dst id="WASHng">89218.1973333333</dst>
        </src>
        <src id="NYCMng">
            <dst id="ATLA-M5">100.469333333333</dst>
            <dst id="ATLAng">8629.84533333333</dst>
            <dst id="CHINng">16542.0666666667</dst>
            <dst id="DNVRng">29853.6026666667</dst>
            <dst id="HSTNng">8023.09866666667</dst>
            <dst id="IPLSng">10944.6026666667</dst>
            <dst id="KSCYng">3154.704</dst>
            <dst id="LOSAng">8479.73866666667</dst>
            <dst id="NYCMng">63647.4453333333</dst>
            <dst id="SNVAng">27949.52</dst>
            <dst id="STTLng">27554.416</dst>
            <dst id="WASHng">45005.3946666667</dst>
        </src>
        <src id="SNVAng">
            <dst id="ATLA-M5">0</dst>
            <dst id="ATLAng">53.3333333333333</dst>
            <dst id="CHINng">26.6666666666667</dst>
            <dst id="DNVRng">455.306666666667</dst>
            <dst id="HSTNng">0</dst>
            <dst id="IPLSng">9089.04533333333</dst>
            <dst id="KSCYng">26.6666666666667</dst>
            <dst id="LOSAng">1413.53333333333</dst>
            <dst id="NYCMng">80</dst>
            <dst id="SNVAng">28610.616</dst>
            <dst id="STTLng">35126.56</dst>
            <dst id="WASHng">0</dst>
        </src>
        <src id="STTLng">
            <dst id="ATLA-M5">166.144</dst>
            <dst id="ATLAng">4275.89066666667</dst>
            <dst id="CHINng">15142.7653333333</dst>
            <dst id="DNVRng">4342.20266666667</dst>
            <dst id="HSTNng">2156.04266666667</dst>
            <dst id="IPLSng">11162.464</dst>
            <dst id="KSCYng">7199.368</dst>
            <dst id="LOSAng">1808.45866666667</dst>
            <dst id="NYCMng">12165.144</dst>
            <dst id="SNVAng">17647.2053333333</dst>
            <dst id="STTLng">1318.11733333333</dst>
            <dst id="WASHng">5402.45066666667</dst>
        </src>
        <src id="WASHng">
            <dst id="ATLA-M5">301.509333333333</dst>
            <dst id="ATLAng">84727.8933333333</dst>
            <dst id="CHINng">113477.768</dst>
            <dst id="DNVRng">35767.5866666667</dst>
            <dst id="HSTNng">18150.264</dst>
            <dst id="IPLSng">30710.9626666667</dst>
            <dst id="KSCYng">39001.72</dst>
            <dst id="LOSAng">78519.0986666667</dst>
            <dst id="NYCMng">120572.725333333</dst>
            <dst id="SNVAng">26923.072</dst>
            <dst id="STTLng">30562.856</dst>
            <dst id="WASHng">246780.28</dst>
        </src>
    </IntraTM>
</TrafficMatrixFile>
