<?xml version="1.0" encoding="ISO-8859-1" standalone="yes"?>
<TrafficMatrixFile xsi:noNamespaceSchemaLocation="http://totem.run.montefiore.ulg.ac.be/Schema/TrafficMatrix-v1_2.xsd" xmlns:xsi="http://www.w3.org/2001/XMLSchema-instance">
    <IntraTM ASID="11537">
        <src id="ATLA-M5">
            <dst id="ATLA-M5">74.5573333333333</dst>
            <dst id="ATLAng">87.7066666666667</dst>
            <dst id="CHINng">80.232</dst>
            <dst id="DNVRng">0</dst>
            <dst id="HSTNng">50.5226666666667</dst>
            <dst id="IPLSng">239.685333333333</dst>
            <dst id="KSCYng">26.6666666666667</dst>
            <dst id="LOSAng">0</dst>
            <dst id="NYCMng">615.309333333333</dst>
            <dst id="SNVAng">0</dst>
            <dst id="STTLng">0</dst>
            <dst id="WASHng">329.234666666667</dst>
        </src>
        <src id="ATLAng">
            <dst id="ATLA-M5">2838.21866666667</dst>
            <dst id="ATLAng">25594.9546666667</dst>
            <dst id="CHINng">15161.3386666667</dst>
            <dst id="DNVRng">2457.51466666667</dst>
            <dst id="HSTNng">31849.3093333333</dst>
            <dst id="IPLSng">15144.0826666667</dst>
            <dst id="KSCYng">527.061333333333</dst>
            <dst id="LOSAng">33535.2426666667</dst>
            <dst id="NYCMng">3158.184</dst>
            <dst id="SNVAng">88.368</dst>
            <dst id="STTLng">4017.28266666667</dst>
            <dst id="WASHng">25363.3733333333</dst>
        </src>
        <src id="CHINng">
            <dst id="ATLA-M5">325.856</dst>
            <dst id="ATLAng">17992.48</dst>
            <dst id="CHINng">73787.8506666667</dst>
            <dst id="DNVRng">8246.064</dst>
            <dst id="HSTNng">6505.43733333333</dst>
            <dst id="IPLSng">39959.1173333333</dst>
            <dst id="KSCYng">14007.4133333333</dst>
            <dst id="LOSAng">28889.528</dst>
            <dst id="NYCMng">9764.416</dst>
            <dst id="SNVAng">4426.99466666667</dst>
            <dst id="STTLng">9914.13066666667</dst>
            <dst id="WASHng">21622.9893333333</dst>
        </src>
        <src id="DNVRng">
            <dst id="ATLA-M5">26.6666666666667</dst>
            <dst id="ATLAng">3967.536</dst>
            <dst id="CHINng">87766.1066666667</dst>
            <dst id="DNVRng">9841.33333333333</dst>
            <dst id="HSTNng">21823.776</dst>
            <dst id="IPLSng">30865.2133333333</dst>
            <dst id="KSCYng">16960.6986666667</dst>
            <dst id="LOSAng">26261.3973333333</dst>
            <dst id="NYCMng">13326.208</dst>
            <dst id="SNVAng">7946.22666666667</dst>
            <dst id="STTLng">5775.288</dst>
            <dst id="WASHng">55873.6506666667</dst>
        </src>
        <src id="HSTNng">
            <dst id="ATLA-M5">371.309333333333</dst>
            <dst id="ATLAng">2605.25333333333</dst>
            <dst id="CHINng">20421.3626666667</dst>
            <dst id="DNVRng">2451.64266666667</dst>
            <dst id="HSTNng">18929.9173333333</dst>
            <dst id="IPLSng">2425.552</dst>
            <dst id="KSCYng">1161.232</dst>
            <dst id="LOSAng">10883.5946666667</dst>
            <dst id="NYCMng">3022.97333333333</dst>
            <dst id="SNVAng">26.6666666666667</dst>
            <dst id="STTLng">1045.07733333333</dst>
            <dst id="WASHng">6239.90666666667</dst>
        </src>
        <src id="IPLSng">
            <dst id="ATLA-M5">252.898666666667</dst>
            <dst id="ATLAng">5778.24</dst>
            <dst id="CHINng">50969.0266666667</dst>
            <dst id="DNVRng">6382.40533333333</dst>
            <dst id="HSTNng">1065.53333333333</dst>
            <dst id="IPLSng">15410.7146666667</dst>
            <dst id="KSCYng">4322.94933333333</dst>
            <dst id="LOSAng">12850.0266666667</dst>
            <dst id="NYCMng">9763.46133333333</dst>
            <dst id="SNVAng">2045.45866666667</dst>
            <dst id="STTLng">5564.17866666666</dst>
            <dst id="WASHng">17835.5546666667</dst>
        </src>
        <src id="KSCYng">
            <dst id="ATLA-M5">0</dst>
            <dst id="ATLAng">3872.73866666667</dst>
            <dst id="CHINng">11477.928</dst>
            <dst id="DNVRng">4049.16533333333</dst>
            <dst id="HSTNng">5954.89066666666</dst>
            <dst id="IPLSng">19121.4426666667</dst>
            <dst id="KSCYng">17784.9946666667</dst>
            <dst id="LOSAng">3681.87733333333</dst>
            <dst id="NYCMng">2505.50133333333</dst>
            <dst id="SNVAng">2304.11733333333</dst>
            <dst id="STTLng">344.952</dst>
            <dst id="WASHng">10394.4826666667</dst>
        </src>
        <src id="LOSAng">
            <dst id="ATLA-M5">444.962666666667</dst>
            <dst id="ATLAng">17322.16</dst>
            <dst id="CHINng">62398.536</dst>
            <dst id="DNVRng">5893.11733333333</dst>
            <dst id="HSTNng">14717.8533333333</dst>
            <dst id="IPLSng">18820.688</dst>
            <dst id="KSCYng">2104.06666666667</dst>
            <dst id="LOSAng">5834.376</dst>
            <dst id="NYCMng">26902.9973333333</dst>
            <dst id="SNVAng">22080.544</dst>
            <dst id="STTLng">16852.832</dst>
            <dst id="WASHng">77137.392</dst>
        </src>
        <src id="NYCMng">
            <dst id="ATLA-M5">3432.392</dst>
            <dst id="ATLAng">12822.0693333333</dst>
            <dst id="CHINng">14802.8986666667</dst>
            <dst id="DNVRng">30385.752</dst>
            <dst id="HSTNng">11569.2213333333</dst>
            <dst id="IPLSng">28894.416</dst>
            <dst id="KSCYng">5555.70666666667</dst>
            <dst id="LOSAng">55668.5973333333</dst>
            <dst id="NYCMng">83385.2293333334</dst>
            <dst id="SNVAng">714.122666666667</dst>
            <dst id="STTLng">28599.0026666667</dst>
            <dst id="WASHng">50333.344</dst>
        </src>
        <src id="SNVAng">
            <dst id="ATLA-M5">0</dst>
            <dst id="ATLAng">53.3333333333333</dst>
            <dst id="CHINng">106.666666666667</dst>
            <dst id="DNVRng">3864.87733333333</dst>
            <dst id="HSTNng">90.6666666666667</dst>
            <dst id="IPLSng">297.776</dst>
            <dst id="KSCYng">53.3333333333333</dst>
            <dst id="LOSAng">29243.384</dst>
            <dst id="NYCMng">80</dst>
            <dst id="SNVAng">8219.712</dst>
            <dst id="STTLng">39910.7466666667</dst>
            <dst id="WASHng">80</dst>
        </src>
        <src id="STTLng">
            <dst id="ATLA-M5">67.2693333333333</dst>
            <dst id="ATLAng">7265.53066666667</dst>
            <dst id="CHINng">10214.0586666667</dst>
            <dst id="DNVRng">6323.52266666667</dst>
            <dst id="HSTNng">1683.45866666667</dst>
            <dst id="IPLSng">16484.8933333333</dst>
            <dst id="KSCYng">4635.73333333333</dst>
            <dst id="LOSAng">12088.984</dst>
            <dst id="NYCMng">8399.39733333333</dst>
            <dst id="SNVAng">9175.2</dst>
            <dst id="STTLng">2551.81333333333</dst>
            <dst id="WASHng">6640.552</dst>
        </src>
        <src id="WASHng">
            <dst id="ATLA-M5">194.394666666667</dst>
            <dst id="ATLAng">103884.018666667</dst>
            <dst id="CHINng">43192.1786666667</dst>
            <dst id="DNVRng">52961.1146666667</dst>
            <dst id="HSTNng">21029.3706666667</dst>
            <dst id="IPLSng">82780.752</dst>
            <dst id="KSCYng">32241.7253333333</dst>
            <dst id="LOSAng">101446.274666667</dst>
            <dst id="NYCMng">160147.525333333</dst>
            <dst id="SNVAng">1184.73866666667</dst>
            <dst id="STTLng">31279.3386666667</dst>
            <dst id="WASHng">186267.512</dst>
        </src>
    </IntraTM>
</TrafficMatrixFile>
