<?xml version="1.0" encoding="ISO-8859-1" standalone="yes"?>
<TrafficMatrixFile xsi:noNamespaceSchemaLocation="http://totem.run.montefiore.ulg.ac.be/Schema/TrafficMatrix-v1_2.xsd" xmlns:xsi="http://www.w3.org/2001/XMLSchema-instance">
    <IntraTM ASID="11537">
        <src id="ATLA-M5">
            <dst id="ATLA-M5">0</dst>
            <dst id="ATLAng">40.44</dst>
            <dst id="CHINng">54.6666666666667</dst>
            <dst id="DNVRng">0</dst>
            <dst id="HSTNng">56.712</dst>
            <dst id="IPLSng">37.6</dst>
            <dst id="KSCYng">0</dst>
            <dst id="LOSAng">40</dst>
            <dst id="NYCMng">54.56</dst>
            <dst id="SNVAng">61.2026666666667</dst>
            <dst id="STTLng">51.744</dst>
            <dst id="WASHng">143.28</dst>
        </src>
        <src id="ATLAng">
            <dst id="ATLA-M5">286.208</dst>
            <dst id="ATLAng">26575.448</dst>
            <dst id="CHINng">9989.38133333333</dst>
            <dst id="DNVRng">2669.38933333333</dst>
            <dst id="HSTNng">572.989333333333</dst>
            <dst id="IPLSng">17151.5546666667</dst>
            <dst id="KSCYng">2708.19733333333</dst>
            <dst id="LOSAng">27057.2853333333</dst>
            <dst id="NYCMng">2941.872</dst>
            <dst id="SNVAng">105.121333333333</dst>
            <dst id="STTLng">2956.55733333333</dst>
            <dst id="WASHng">23688.4026666667</dst>
        </src>
        <src id="CHINng">
            <dst id="ATLA-M5">0</dst>
            <dst id="ATLAng">9868.65333333333</dst>
            <dst id="CHINng">58677.5733333333</dst>
            <dst id="DNVRng">3864.672</dst>
            <dst id="HSTNng">14170.8613333333</dst>
            <dst id="IPLSng">2972.49066666667</dst>
            <dst id="KSCYng">7717.46666666667</dst>
            <dst id="LOSAng">13379.4186666667</dst>
            <dst id="NYCMng">18339.9706666667</dst>
            <dst id="SNVAng">290.930666666667</dst>
            <dst id="STTLng">6926.55733333333</dst>
            <dst id="WASHng">16006.2666666667</dst>
        </src>
        <src id="DNVRng">
            <dst id="ATLA-M5">71.9786666666667</dst>
            <dst id="ATLAng">5545.62666666667</dst>
            <dst id="CHINng">31621.32</dst>
            <dst id="DNVRng">4245.26666666667</dst>
            <dst id="HSTNng">18445.712</dst>
            <dst id="IPLSng">43960.4133333333</dst>
            <dst id="KSCYng">10753.9173333333</dst>
            <dst id="LOSAng">4006.68266666667</dst>
            <dst id="NYCMng">16470.072</dst>
            <dst id="SNVAng">3687.42933333333</dst>
            <dst id="STTLng">4026.22133333333</dst>
            <dst id="WASHng">54167.312</dst>
        </src>
        <src id="HSTNng">
            <dst id="ATLA-M5">811.754666666667</dst>
            <dst id="ATLAng">3072.13866666667</dst>
            <dst id="CHINng">4319.40266666667</dst>
            <dst id="DNVRng">3668.97066666667</dst>
            <dst id="HSTNng">18637.1813333333</dst>
            <dst id="IPLSng">1870.35733333333</dst>
            <dst id="KSCYng">1179.056</dst>
            <dst id="LOSAng">3493.62666666667</dst>
            <dst id="NYCMng">1532.74933333333</dst>
            <dst id="SNVAng">53.3333333333333</dst>
            <dst id="STTLng">699.96</dst>
            <dst id="WASHng">2606.496</dst>
        </src>
        <src id="IPLSng">
            <dst id="ATLA-M5">0</dst>
            <dst id="ATLAng">20592.272</dst>
            <dst id="CHINng">16106.928</dst>
            <dst id="DNVRng">8923.368</dst>
            <dst id="HSTNng">1052.592</dst>
            <dst id="IPLSng">3551.50666666667</dst>
            <dst id="KSCYng">1781.07466666667</dst>
            <dst id="LOSAng">14131.9306666667</dst>
            <dst id="NYCMng">8899.808</dst>
            <dst id="SNVAng">402.677333333333</dst>
            <dst id="STTLng">6998.52266666667</dst>
            <dst id="WASHng">9500.016</dst>
        </src>
        <src id="KSCYng">
            <dst id="ATLA-M5">0</dst>
            <dst id="ATLAng">4389.992</dst>
            <dst id="CHINng">8996.032</dst>
            <dst id="DNVRng">5494.736</dst>
            <dst id="HSTNng">5936.94133333333</dst>
            <dst id="IPLSng">12232.2213333333</dst>
            <dst id="KSCYng">9091.17066666667</dst>
            <dst id="LOSAng">7533.336</dst>
            <dst id="NYCMng">1259.31466666667</dst>
            <dst id="SNVAng">2549.15466666667</dst>
            <dst id="STTLng">1063.84266666667</dst>
            <dst id="WASHng">11632.4746666667</dst>
        </src>
        <src id="LOSAng">
            <dst id="ATLA-M5">63.872</dst>
            <dst id="ATLAng">21150.7146666667</dst>
            <dst id="CHINng">182438.173333333</dst>
            <dst id="DNVRng">6134.28</dst>
            <dst id="HSTNng">14610.424</dst>
            <dst id="IPLSng">15516.8106666667</dst>
            <dst id="KSCYng">5343.11733333333</dst>
            <dst id="LOSAng">14585.0906666667</dst>
            <dst id="NYCMng">23871.1493333333</dst>
            <dst id="SNVAng">26813.5546666667</dst>
            <dst id="STTLng">29832.136</dst>
            <dst id="WASHng">84056.6453333333</dst>
        </src>
        <src id="NYCMng">
            <dst id="ATLA-M5">1291.18666666667</dst>
            <dst id="ATLAng">19503.52</dst>
            <dst id="CHINng">16687.5173333333</dst>
            <dst id="DNVRng">27749.0533333333</dst>
            <dst id="HSTNng">9962.11466666667</dst>
            <dst id="IPLSng">22883.76</dst>
            <dst id="KSCYng">6546.376</dst>
            <dst id="LOSAng">78473.0133333333</dst>
            <dst id="NYCMng">59931.8106666667</dst>
            <dst id="SNVAng">936.082666666666</dst>
            <dst id="STTLng">26415.0746666667</dst>
            <dst id="WASHng">46935.296</dst>
        </src>
        <src id="SNVAng">
            <dst id="ATLA-M5">0</dst>
            <dst id="ATLAng">594.245333333333</dst>
            <dst id="CHINng">53.3333333333333</dst>
            <dst id="DNVRng">5037.29333333333</dst>
            <dst id="HSTNng">26.6666666666667</dst>
            <dst id="IPLSng">1925.31733333333</dst>
            <dst id="KSCYng">155.309333333333</dst>
            <dst id="LOSAng">38696.4186666667</dst>
            <dst id="NYCMng">124.632</dst>
            <dst id="SNVAng">8129.07733333333</dst>
            <dst id="STTLng">35997.1093333333</dst>
            <dst id="WASHng">26.6666666666667</dst>
        </src>
        <src id="STTLng">
            <dst id="ATLA-M5">88.0853333333333</dst>
            <dst id="ATLAng">9439.90933333333</dst>
            <dst id="CHINng">10587.7893333333</dst>
            <dst id="DNVRng">4327.65866666667</dst>
            <dst id="HSTNng">1383.152</dst>
            <dst id="IPLSng">6430.97866666667</dst>
            <dst id="KSCYng">2082.19733333333</dst>
            <dst id="LOSAng">9740.21066666667</dst>
            <dst id="NYCMng">11837.5893333333</dst>
            <dst id="SNVAng">8583.68266666667</dst>
            <dst id="STTLng">1611.32</dst>
            <dst id="WASHng">5678.13333333333</dst>
        </src>
        <src id="WASHng">
            <dst id="ATLA-M5">187.701333333333</dst>
            <dst id="ATLAng">90548.0346666667</dst>
            <dst id="CHINng">52972.992</dst>
            <dst id="DNVRng">46218.632</dst>
            <dst id="HSTNng">17827.2986666667</dst>
            <dst id="IPLSng">45862.9866666667</dst>
            <dst id="KSCYng">27645.528</dst>
            <dst id="LOSAng">99413.248</dst>
            <dst id="NYCMng">162331.512</dst>
            <dst id="SNVAng">2234.992</dst>
            <dst id="STTLng">26942.672</dst>
            <dst id="WASHng">192079.066666667</dst>
        </src>
    </IntraTM>
</TrafficMatrixFile>
