<?xml version="1.0" encoding="ISO-8859-1" standalone="yes"?>
<TrafficMatrixFile xsi:noNamespaceSchemaLocation="http://totem.run.montefiore.ulg.ac.be/Schema/TrafficMatrix-v1_2.xsd" xmlns:xsi="http://www.w3.org/2001/XMLSchema-instance">
    <IntraTM ASID="11537">
        <src id="ATLA-M5">
            <dst id="ATLA-M5">0</dst>
            <dst id="ATLAng">28.128</dst>
            <dst id="CHINng">213.610666666667</dst>
            <dst id="DNVRng">0</dst>
            <dst id="HSTNng">1620.55733333333</dst>
            <dst id="IPLSng">0</dst>
            <dst id="KSCYng">0</dst>
            <dst id="LOSAng">0</dst>
            <dst id="NYCMng">107.050666666667</dst>
            <dst id="SNVAng">0</dst>
            <dst id="STTLng">68.7413333333333</dst>
            <dst id="WASHng">53.3333333333333</dst>
        </src>
        <src id="ATLAng">
            <dst id="ATLA-M5">45.9386666666667</dst>
            <dst id="ATLAng">23975.9306666667</dst>
            <dst id="CHINng">5333.09333333333</dst>
            <dst id="DNVRng">2689.24</dst>
            <dst id="HSTNng">446.810666666667</dst>
            <dst id="IPLSng">10399.4506666667</dst>
            <dst id="KSCYng">499.752</dst>
            <dst id="LOSAng">9662.31733333333</dst>
            <dst id="NYCMng">2657.896</dst>
            <dst id="SNVAng">26.6666666666667</dst>
            <dst id="STTLng">2712.42666666667</dst>
            <dst id="WASHng">45226.552</dst>
        </src>
        <src id="CHINng">
            <dst id="ATLA-M5">815.594666666667</dst>
            <dst id="ATLAng">6115.81866666667</dst>
            <dst id="CHINng">75996.808</dst>
            <dst id="DNVRng">4872.88533333333</dst>
            <dst id="HSTNng">11240.136</dst>
            <dst id="IPLSng">16682.7386666667</dst>
            <dst id="KSCYng">5172.90933333333</dst>
            <dst id="LOSAng">26823.208</dst>
            <dst id="NYCMng">22713.6346666667</dst>
            <dst id="SNVAng">569.632</dst>
            <dst id="STTLng">7884.064</dst>
            <dst id="WASHng">18437.7413333333</dst>
        </src>
        <src id="DNVRng">
            <dst id="ATLA-M5">84.96</dst>
            <dst id="ATLAng">7170.48</dst>
            <dst id="CHINng">31893.8986666667</dst>
            <dst id="DNVRng">7238.25866666667</dst>
            <dst id="HSTNng">19342.1466666667</dst>
            <dst id="IPLSng">29681.336</dst>
            <dst id="KSCYng">16351.416</dst>
            <dst id="LOSAng">4799.45066666667</dst>
            <dst id="NYCMng">14049.912</dst>
            <dst id="SNVAng">5582.97066666667</dst>
            <dst id="STTLng">3762.31466666667</dst>
            <dst id="WASHng">35229.5786666667</dst>
        </src>
        <src id="HSTNng">
            <dst id="ATLA-M5">1774.02933333333</dst>
            <dst id="ATLAng">2407.38133333333</dst>
            <dst id="CHINng">5511.184</dst>
            <dst id="DNVRng">742.88</dst>
            <dst id="HSTNng">12980.8186666667</dst>
            <dst id="IPLSng">3587.05333333333</dst>
            <dst id="KSCYng">493.864</dst>
            <dst id="LOSAng">2229.90133333333</dst>
            <dst id="NYCMng">1614.48266666667</dst>
            <dst id="SNVAng">26.6666666666667</dst>
            <dst id="STTLng">759.338666666667</dst>
            <dst id="WASHng">4729.11733333333</dst>
        </src>
        <src id="IPLSng">
            <dst id="ATLA-M5">0</dst>
            <dst id="ATLAng">8759.27733333333</dst>
            <dst id="CHINng">27518.712</dst>
            <dst id="DNVRng">5065.88</dst>
            <dst id="HSTNng">1060.224</dst>
            <dst id="IPLSng">3300.70666666667</dst>
            <dst id="KSCYng">2145.74666666667</dst>
            <dst id="LOSAng">21766.376</dst>
            <dst id="NYCMng">2760.14933333333</dst>
            <dst id="SNVAng">289.144</dst>
            <dst id="STTLng">7337.05866666667</dst>
            <dst id="WASHng">4005.64266666667</dst>
        </src>
        <src id="KSCYng">
            <dst id="ATLA-M5">0</dst>
            <dst id="ATLAng">2742.32</dst>
            <dst id="CHINng">9360.78666666667</dst>
            <dst id="DNVRng">4482.93866666667</dst>
            <dst id="HSTNng">2363.90133333333</dst>
            <dst id="IPLSng">10888.7733333333</dst>
            <dst id="KSCYng">7052.992</dst>
            <dst id="LOSAng">3336.688</dst>
            <dst id="NYCMng">1479.78133333333</dst>
            <dst id="SNVAng">1980.10133333333</dst>
            <dst id="STTLng">1292.784</dst>
            <dst id="WASHng">7968.624</dst>
        </src>
        <src id="LOSAng">
            <dst id="ATLA-M5">0</dst>
            <dst id="ATLAng">17515.4746666667</dst>
            <dst id="CHINng">49952.68</dst>
            <dst id="DNVRng">11825.64</dst>
            <dst id="HSTNng">1640.70933333333</dst>
            <dst id="IPLSng">8378.824</dst>
            <dst id="KSCYng">3324.59466666667</dst>
            <dst id="LOSAng">8028.71733333333</dst>
            <dst id="NYCMng">19009.0506666667</dst>
            <dst id="SNVAng">21893.8586666667</dst>
            <dst id="STTLng">27207.3546666667</dst>
            <dst id="WASHng">75619.7786666667</dst>
        </src>
        <src id="NYCMng">
            <dst id="ATLA-M5">119.312</dst>
            <dst id="ATLAng">13947.3893333333</dst>
            <dst id="CHINng">21436.5413333333</dst>
            <dst id="DNVRng">19393.6773333333</dst>
            <dst id="HSTNng">5699.32266666667</dst>
            <dst id="IPLSng">18874.4586666667</dst>
            <dst id="KSCYng">5654.09066666667</dst>
            <dst id="LOSAng">52221.7333333333</dst>
            <dst id="NYCMng">62385.04</dst>
            <dst id="SNVAng">1829.96</dst>
            <dst id="STTLng">17491.9333333333</dst>
            <dst id="WASHng">41744.7546666667</dst>
        </src>
        <src id="SNVAng">
            <dst id="ATLA-M5">0</dst>
            <dst id="ATLAng">53.3333333333333</dst>
            <dst id="CHINng">26.6666666666667</dst>
            <dst id="DNVRng">7174.39466666667</dst>
            <dst id="HSTNng">0</dst>
            <dst id="IPLSng">217.154666666667</dst>
            <dst id="KSCYng">0</dst>
            <dst id="LOSAng">29339.568</dst>
            <dst id="NYCMng">26.6666666666667</dst>
            <dst id="SNVAng">6699.90933333333</dst>
            <dst id="STTLng">33247.3626666667</dst>
            <dst id="WASHng">0</dst>
        </src>
        <src id="STTLng">
            <dst id="ATLA-M5">96.672</dst>
            <dst id="ATLAng">7373.848</dst>
            <dst id="CHINng">11070.4986666667</dst>
            <dst id="DNVRng">1175.98133333333</dst>
            <dst id="HSTNng">521.101333333333</dst>
            <dst id="IPLSng">5977.448</dst>
            <dst id="KSCYng">650.373333333333</dst>
            <dst id="LOSAng">10165.408</dst>
            <dst id="NYCMng">10989.1866666667</dst>
            <dst id="SNVAng">13639.328</dst>
            <dst id="STTLng">896.744</dst>
            <dst id="WASHng">6192.024</dst>
        </src>
        <src id="WASHng">
            <dst id="ATLA-M5">322.037333333333</dst>
            <dst id="ATLAng">73489.896</dst>
            <dst id="CHINng">39463.9786666667</dst>
            <dst id="DNVRng">38326.9573333333</dst>
            <dst id="HSTNng">6187.568</dst>
            <dst id="IPLSng">39691.0746666667</dst>
            <dst id="KSCYng">25717.096</dst>
            <dst id="LOSAng">95681.568</dst>
            <dst id="NYCMng">141271.96</dst>
            <dst id="SNVAng">290.576</dst>
            <dst id="STTLng">23981.5626666667</dst>
            <dst id="WASHng">160850.074666667</dst>
        </src>
    </IntraTM>
</TrafficMatrixFile>
