<?xml version="1.0" encoding="ISO-8859-1" standalone="yes"?>
<TrafficMatrixFile xsi:noNamespaceSchemaLocation="http://totem.run.montefiore.ulg.ac.be/Schema/TrafficMatrix-v1_2.xsd" xmlns:xsi="http://www.w3.org/2001/XMLSchema-instance">
    <IntraTM ASID="11537">
        <src id="ATLA-M5">
            <dst id="ATLA-M5">0</dst>
            <dst id="ATLAng">0</dst>
            <dst id="CHINng">261.112</dst>
            <dst id="DNVRng">0</dst>
            <dst id="HSTNng">77.2266666666667</dst>
            <dst id="IPLSng">0</dst>
            <dst id="KSCYng">0</dst>
            <dst id="LOSAng">0</dst>
            <dst id="NYCMng">96.9386666666667</dst>
            <dst id="SNVAng">0</dst>
            <dst id="STTLng">92.464</dst>
            <dst id="WASHng">80</dst>
        </src>
        <src id="ATLAng">
            <dst id="ATLA-M5">71.384</dst>
            <dst id="ATLAng">23061.4426666667</dst>
            <dst id="CHINng">8707.10666666667</dst>
            <dst id="DNVRng">2451.73866666667</dst>
            <dst id="HSTNng">46992.4666666667</dst>
            <dst id="IPLSng">19107.384</dst>
            <dst id="KSCYng">483.928</dst>
            <dst id="LOSAng">12795.6773333333</dst>
            <dst id="NYCMng">3230.24</dst>
            <dst id="SNVAng">0</dst>
            <dst id="STTLng">3531.55733333333</dst>
            <dst id="WASHng">30334.584</dst>
        </src>
        <src id="CHINng">
            <dst id="ATLA-M5">53.3333333333333</dst>
            <dst id="ATLAng">6319.22933333333</dst>
            <dst id="CHINng">81104.136</dst>
            <dst id="DNVRng">15267.1626666667</dst>
            <dst id="HSTNng">8085.02933333333</dst>
            <dst id="IPLSng">78061.4933333333</dst>
            <dst id="KSCYng">5742.53333333333</dst>
            <dst id="LOSAng">31325.0693333333</dst>
            <dst id="NYCMng">27199.0346666667</dst>
            <dst id="SNVAng">3426.50666666667</dst>
            <dst id="STTLng">4209.536</dst>
            <dst id="WASHng">25790.456</dst>
        </src>
        <src id="DNVRng">
            <dst id="ATLA-M5">313.386666666667</dst>
            <dst id="ATLAng">3787.08533333333</dst>
            <dst id="CHINng">38719.864</dst>
            <dst id="DNVRng">10826.2</dst>
            <dst id="HSTNng">24167.6293333333</dst>
            <dst id="IPLSng">23726.3946666667</dst>
            <dst id="KSCYng">15442.0426666667</dst>
            <dst id="LOSAng">32674.3333333333</dst>
            <dst id="NYCMng">12473.7093333333</dst>
            <dst id="SNVAng">5898.85066666667</dst>
            <dst id="STTLng">3996.376</dst>
            <dst id="WASHng">34756.36</dst>
        </src>
        <src id="HSTNng">
            <dst id="ATLA-M5">5178.848</dst>
            <dst id="ATLAng">2048.384</dst>
            <dst id="CHINng">13869.7813333333</dst>
            <dst id="DNVRng">816.44</dst>
            <dst id="HSTNng">15874.728</dst>
            <dst id="IPLSng">1296.42933333333</dst>
            <dst id="KSCYng">771.578666666667</dst>
            <dst id="LOSAng">916.874666666666</dst>
            <dst id="NYCMng">1330.584</dst>
            <dst id="SNVAng">26.6666666666667</dst>
            <dst id="STTLng">1030.704</dst>
            <dst id="WASHng">2477.608</dst>
        </src>
        <src id="IPLSng">
            <dst id="ATLA-M5">268.021333333333</dst>
            <dst id="ATLAng">9007.73333333333</dst>
            <dst id="CHINng">40959.248</dst>
            <dst id="DNVRng">6200.96266666667</dst>
            <dst id="HSTNng">766.653333333333</dst>
            <dst id="IPLSng">6413.70133333333</dst>
            <dst id="KSCYng">4995.69866666667</dst>
            <dst id="LOSAng">18621.3253333333</dst>
            <dst id="NYCMng">7334.87466666667</dst>
            <dst id="SNVAng">229.885333333333</dst>
            <dst id="STTLng">10058.568</dst>
            <dst id="WASHng">11447.3893333333</dst>
        </src>
        <src id="KSCYng">
            <dst id="ATLA-M5">0</dst>
            <dst id="ATLAng">3709.66133333333</dst>
            <dst id="CHINng">14817.4986666667</dst>
            <dst id="DNVRng">4271.232</dst>
            <dst id="HSTNng">2716.75733333333</dst>
            <dst id="IPLSng">13580.3066666667</dst>
            <dst id="KSCYng">6050.232</dst>
            <dst id="LOSAng">3202.73866666667</dst>
            <dst id="NYCMng">1482.90133333333</dst>
            <dst id="SNVAng">2084.73866666667</dst>
            <dst id="STTLng">2387.14933333333</dst>
            <dst id="WASHng">10429.9466666667</dst>
        </src>
        <src id="LOSAng">
            <dst id="ATLA-M5">0</dst>
            <dst id="ATLAng">7659.75466666667</dst>
            <dst id="CHINng">56266.2133333333</dst>
            <dst id="DNVRng">4579.90933333333</dst>
            <dst id="HSTNng">2310.17066666667</dst>
            <dst id="IPLSng">16502.792</dst>
            <dst id="KSCYng">3005.8</dst>
            <dst id="LOSAng">7830.10133333333</dst>
            <dst id="NYCMng">16352.072</dst>
            <dst id="SNVAng">26999.952</dst>
            <dst id="STTLng">16507.2266666667</dst>
            <dst id="WASHng">72343.68</dst>
        </src>
        <src id="NYCMng">
            <dst id="ATLA-M5">933.781333333333</dst>
            <dst id="ATLAng">13459.864</dst>
            <dst id="CHINng">30105.496</dst>
            <dst id="DNVRng">20508.0613333333</dst>
            <dst id="HSTNng">7618.82666666667</dst>
            <dst id="IPLSng">19764.1733333333</dst>
            <dst id="KSCYng">3576.15733333333</dst>
            <dst id="LOSAng">45951.8426666667</dst>
            <dst id="NYCMng">144247.842666667</dst>
            <dst id="SNVAng">554.709333333333</dst>
            <dst id="STTLng">22994.032</dst>
            <dst id="WASHng">48054.4026666667</dst>
        </src>
        <src id="SNVAng">
            <dst id="ATLA-M5">0</dst>
            <dst id="ATLAng">391.856</dst>
            <dst id="CHINng">53.3333333333333</dst>
            <dst id="DNVRng">4401.72266666667</dst>
            <dst id="HSTNng">0</dst>
            <dst id="IPLSng">285.408</dst>
            <dst id="KSCYng">0</dst>
            <dst id="LOSAng">30029.4613333333</dst>
            <dst id="NYCMng">0</dst>
            <dst id="SNVAng">7442.79733333333</dst>
            <dst id="STTLng">38459.3093333333</dst>
            <dst id="WASHng">53.3333333333333</dst>
        </src>
        <src id="STTLng">
            <dst id="ATLA-M5">133.306666666667</dst>
            <dst id="ATLAng">9180.912</dst>
            <dst id="CHINng">15192.7333333333</dst>
            <dst id="DNVRng">2389.08533333333</dst>
            <dst id="HSTNng">1067.48533333333</dst>
            <dst id="IPLSng">5302.58933333333</dst>
            <dst id="KSCYng">4543.67733333333</dst>
            <dst id="LOSAng">13356.2986666667</dst>
            <dst id="NYCMng">14034.44</dst>
            <dst id="SNVAng">8779.83733333333</dst>
            <dst id="STTLng">1016.12</dst>
            <dst id="WASHng">8599.47733333333</dst>
        </src>
        <src id="WASHng">
            <dst id="ATLA-M5">187.242666666667</dst>
            <dst id="ATLAng">48456.024</dst>
            <dst id="CHINng">47569.608</dst>
            <dst id="DNVRng">57885.808</dst>
            <dst id="HSTNng">22021.4986666667</dst>
            <dst id="IPLSng">61964.024</dst>
            <dst id="KSCYng">29133.2453333333</dst>
            <dst id="LOSAng">94966.328</dst>
            <dst id="NYCMng">148910.392</dst>
            <dst id="SNVAng">715.266666666667</dst>
            <dst id="STTLng">24741.8186666667</dst>
            <dst id="WASHng">181772.757333333</dst>
        </src>
    </IntraTM>
</TrafficMatrixFile>
