<?xml version="1.0" encoding="ISO-8859-1" standalone="yes"?>
<TrafficMatrixFile xsi:noNamespaceSchemaLocation="http://totem.run.montefiore.ulg.ac.be/Schema/TrafficMatrix-v1_2.xsd" xmlns:xsi="http://www.w3.org/2001/XMLSchema-instance">
    <IntraTM ASID="11537">
        <src id="ATLA-M5">
            <dst id="ATLA-M5">0</dst>
            <dst id="ATLAng">0</dst>
            <dst id="CHINng">305.501333333333</dst>
            <dst id="DNVRng">95.8613333333333</dst>
            <dst id="HSTNng">1406.82666666667</dst>
            <dst id="IPLSng">0</dst>
            <dst id="KSCYng">0</dst>
            <dst id="LOSAng">96.6293333333333</dst>
            <dst id="NYCMng">67.5466666666667</dst>
            <dst id="SNVAng">0</dst>
            <dst id="STTLng">77.264</dst>
            <dst id="WASHng">53.3333333333333</dst>
        </src>
        <src id="ATLAng">
            <dst id="ATLA-M5">26.6666666666667</dst>
            <dst id="ATLAng">51002.7866666667</dst>
            <dst id="CHINng">6803.832</dst>
            <dst id="DNVRng">2963.87733333333</dst>
            <dst id="HSTNng">842.898666666667</dst>
            <dst id="IPLSng">12382.4346666667</dst>
            <dst id="KSCYng">435.866666666667</dst>
            <dst id="LOSAng">12083.528</dst>
            <dst id="NYCMng">5212.79466666667</dst>
            <dst id="SNVAng">32.632</dst>
            <dst id="STTLng">4043.984</dst>
            <dst id="WASHng">38417.6213333333</dst>
        </src>
        <src id="CHINng">
            <dst id="ATLA-M5">1373.25866666667</dst>
            <dst id="ATLAng">8954.576</dst>
            <dst id="CHINng">60513.408</dst>
            <dst id="DNVRng">6162.22133333333</dst>
            <dst id="HSTNng">8978.69866666667</dst>
            <dst id="IPLSng">13158.9866666667</dst>
            <dst id="KSCYng">18438.032</dst>
            <dst id="LOSAng">30230.512</dst>
            <dst id="NYCMng">25141.0373333333</dst>
            <dst id="SNVAng">67.7493333333333</dst>
            <dst id="STTLng">5519.35466666667</dst>
            <dst id="WASHng">22511.2053333333</dst>
        </src>
        <src id="DNVRng">
            <dst id="ATLA-M5">7093.38666666667</dst>
            <dst id="ATLAng">11429.8346666667</dst>
            <dst id="CHINng">44315.48</dst>
            <dst id="DNVRng">14308.072</dst>
            <dst id="HSTNng">21741.968</dst>
            <dst id="IPLSng">30622.6533333333</dst>
            <dst id="KSCYng">18365.264</dst>
            <dst id="LOSAng">8119.992</dst>
            <dst id="NYCMng">13241.2746666667</dst>
            <dst id="SNVAng">8307.49866666666</dst>
            <dst id="STTLng">9424.08266666667</dst>
            <dst id="WASHng">36079.336</dst>
        </src>
        <src id="HSTNng">
            <dst id="ATLA-M5">1017.38666666667</dst>
            <dst id="ATLAng">2233.07466666667</dst>
            <dst id="CHINng">10281.2</dst>
            <dst id="DNVRng">1627.02666666667</dst>
            <dst id="HSTNng">16079.84</dst>
            <dst id="IPLSng">1265.81333333333</dst>
            <dst id="KSCYng">622.298666666667</dst>
            <dst id="LOSAng">1814.616</dst>
            <dst id="NYCMng">2327.416</dst>
            <dst id="SNVAng">26.6666666666667</dst>
            <dst id="STTLng">3728.12533333333</dst>
            <dst id="WASHng">6163.816</dst>
        </src>
        <src id="IPLSng">
            <dst id="ATLA-M5">230.261333333333</dst>
            <dst id="ATLAng">15529.0666666667</dst>
            <dst id="CHINng">49965.9866666667</dst>
            <dst id="DNVRng">6725.47466666667</dst>
            <dst id="HSTNng">1492.54666666667</dst>
            <dst id="IPLSng">7458.13333333334</dst>
            <dst id="KSCYng">2637.82133333333</dst>
            <dst id="LOSAng">17103.8186666667</dst>
            <dst id="NYCMng">5801.488</dst>
            <dst id="SNVAng">1247.304</dst>
            <dst id="STTLng">3741.79733333333</dst>
            <dst id="WASHng">22382.928</dst>
        </src>
        <src id="KSCYng">
            <dst id="ATLA-M5">0</dst>
            <dst id="ATLAng">3218.45066666667</dst>
            <dst id="CHINng">9960.992</dst>
            <dst id="DNVRng">4597.38133333333</dst>
            <dst id="HSTNng">3870.504</dst>
            <dst id="IPLSng">13657.016</dst>
            <dst id="KSCYng">17406.6506666667</dst>
            <dst id="LOSAng">3495.73333333333</dst>
            <dst id="NYCMng">1409.98133333333</dst>
            <dst id="SNVAng">1941.42933333333</dst>
            <dst id="STTLng">431.589333333333</dst>
            <dst id="WASHng">9951.704</dst>
        </src>
        <src id="LOSAng">
            <dst id="ATLA-M5">26.6666666666667</dst>
            <dst id="ATLAng">13122.3333333333</dst>
            <dst id="CHINng">43759.4613333333</dst>
            <dst id="DNVRng">12714.9706666667</dst>
            <dst id="HSTNng">1941.70133333333</dst>
            <dst id="IPLSng">4793.26133333333</dst>
            <dst id="KSCYng">3501.336</dst>
            <dst id="LOSAng">8616.576</dst>
            <dst id="NYCMng">22317.352</dst>
            <dst id="SNVAng">18629.6826666667</dst>
            <dst id="STTLng">21260.736</dst>
            <dst id="WASHng">79387.2746666667</dst>
        </src>
        <src id="NYCMng">
            <dst id="ATLA-M5">119.234666666667</dst>
            <dst id="ATLAng">14566.5573333333</dst>
            <dst id="CHINng">22051.0693333333</dst>
            <dst id="DNVRng">22067.6266666667</dst>
            <dst id="HSTNng">7311.632</dst>
            <dst id="IPLSng">22367.944</dst>
            <dst id="KSCYng">1466.53066666667</dst>
            <dst id="LOSAng">50590.824</dst>
            <dst id="NYCMng">60845.696</dst>
            <dst id="SNVAng">2461.048</dst>
            <dst id="STTLng">21800.9466666667</dst>
            <dst id="WASHng">44609.6426666667</dst>
        </src>
        <src id="SNVAng">
            <dst id="ATLA-M5">0</dst>
            <dst id="ATLAng">53.3333333333333</dst>
            <dst id="CHINng">53.3333333333333</dst>
            <dst id="DNVRng">5547.10933333334</dst>
            <dst id="HSTNng">0</dst>
            <dst id="IPLSng">191.072</dst>
            <dst id="KSCYng">53.3333333333333</dst>
            <dst id="LOSAng">27984.8933333333</dst>
            <dst id="NYCMng">654.666666666667</dst>
            <dst id="SNVAng">6399.45333333333</dst>
            <dst id="STTLng">31614.064</dst>
            <dst id="WASHng">0</dst>
        </src>
        <src id="STTLng">
            <dst id="ATLA-M5">124.848</dst>
            <dst id="ATLAng">9275.992</dst>
            <dst id="CHINng">13662.12</dst>
            <dst id="DNVRng">1091.76</dst>
            <dst id="HSTNng">589.485333333333</dst>
            <dst id="IPLSng">5468.24</dst>
            <dst id="KSCYng">797.621333333333</dst>
            <dst id="LOSAng">9581.36533333333</dst>
            <dst id="NYCMng">9146.67733333333</dst>
            <dst id="SNVAng">15947.3173333333</dst>
            <dst id="STTLng">2610.504</dst>
            <dst id="WASHng">5452.696</dst>
        </src>
        <src id="WASHng">
            <dst id="ATLA-M5">304.584</dst>
            <dst id="ATLAng">71635.016</dst>
            <dst id="CHINng">55404.5893333333</dst>
            <dst id="DNVRng">45828.152</dst>
            <dst id="HSTNng">12634.0613333333</dst>
            <dst id="IPLSng">51355.4986666667</dst>
            <dst id="KSCYng">30080.7386666667</dst>
            <dst id="LOSAng">94046.8133333333</dst>
            <dst id="NYCMng">127188.949333333</dst>
            <dst id="SNVAng">1176.70133333333</dst>
            <dst id="STTLng">26249.944</dst>
            <dst id="WASHng">186094.144</dst>
        </src>
    </IntraTM>
</TrafficMatrixFile>
