<?xml version="1.0" encoding="ISO-8859-1" standalone="yes"?>
<TrafficMatrixFile xsi:noNamespaceSchemaLocation="http://totem.run.montefiore.ulg.ac.be/Schema/TrafficMatrix-v1_2.xsd" xmlns:xsi="http://www.w3.org/2001/XMLSchema-instance">
    <IntraTM ASID="11537">
        <src id="ATLA-M5">
            <dst id="ATLA-M5">96.704</dst>
            <dst id="ATLAng">0</dst>
            <dst id="CHINng">226.130666666667</dst>
            <dst id="DNVRng">0</dst>
            <dst id="HSTNng">147.901333333333</dst>
            <dst id="IPLSng">1146.416</dst>
            <dst id="KSCYng">0</dst>
            <dst id="LOSAng">26.6666666666667</dst>
            <dst id="NYCMng">26.6666666666667</dst>
            <dst id="SNVAng">0</dst>
            <dst id="STTLng">0</dst>
            <dst id="WASHng">1337.76</dst>
        </src>
        <src id="ATLAng">
            <dst id="ATLA-M5">140.354666666667</dst>
            <dst id="ATLAng">48120.656</dst>
            <dst id="CHINng">6693.92266666667</dst>
            <dst id="DNVRng">1702.91466666667</dst>
            <dst id="HSTNng">684.781333333333</dst>
            <dst id="IPLSng">10775.1173333333</dst>
            <dst id="KSCYng">288.602666666667</dst>
            <dst id="LOSAng">1708.496</dst>
            <dst id="NYCMng">2767.37333333333</dst>
            <dst id="SNVAng">554.378666666667</dst>
            <dst id="STTLng">1046.93866666667</dst>
            <dst id="WASHng">14440.6053333333</dst>
        </src>
        <src id="CHINng">
            <dst id="ATLA-M5">265.845333333333</dst>
            <dst id="ATLAng">22185.4186666667</dst>
            <dst id="CHINng">69217.7866666667</dst>
            <dst id="DNVRng">4416.89333333333</dst>
            <dst id="HSTNng">1718.12</dst>
            <dst id="IPLSng">13043.64</dst>
            <dst id="KSCYng">1251.98933333333</dst>
            <dst id="LOSAng">2110.83466666667</dst>
            <dst id="NYCMng">18033.1573333333</dst>
            <dst id="SNVAng">16662.2533333333</dst>
            <dst id="STTLng">11411.184</dst>
            <dst id="WASHng">21412.7946666667</dst>
        </src>
        <src id="DNVRng">
            <dst id="ATLA-M5">26.6666666666667</dst>
            <dst id="ATLAng">3837.78133333333</dst>
            <dst id="CHINng">12677.8133333333</dst>
            <dst id="DNVRng">10711.6133333333</dst>
            <dst id="HSTNng">9748.304</dst>
            <dst id="IPLSng">4096.34133333333</dst>
            <dst id="KSCYng">27208.3146666667</dst>
            <dst id="LOSAng">896.592</dst>
            <dst id="NYCMng">4843.904</dst>
            <dst id="SNVAng">29140.76</dst>
            <dst id="STTLng">13312.6</dst>
            <dst id="WASHng">23958.6213333333</dst>
        </src>
        <src id="HSTNng">
            <dst id="ATLA-M5">1928.94666666667</dst>
            <dst id="ATLAng">1336.07733333333</dst>
            <dst id="CHINng">5151.54933333333</dst>
            <dst id="DNVRng">713.488</dst>
            <dst id="HSTNng">11218.8346666667</dst>
            <dst id="IPLSng">2332.21866666667</dst>
            <dst id="KSCYng">1034.38133333333</dst>
            <dst id="LOSAng">748.232</dst>
            <dst id="NYCMng">1242.8</dst>
            <dst id="SNVAng">352.810666666667</dst>
            <dst id="STTLng">2282.328</dst>
            <dst id="WASHng">2964.68266666667</dst>
        </src>
        <src id="IPLSng">
            <dst id="ATLA-M5">38.312</dst>
            <dst id="ATLAng">3350.82666666667</dst>
            <dst id="CHINng">40730.904</dst>
            <dst id="DNVRng">9578.808</dst>
            <dst id="HSTNng">265.477333333333</dst>
            <dst id="IPLSng">1476.592</dst>
            <dst id="KSCYng">1073.848</dst>
            <dst id="LOSAng">698.056</dst>
            <dst id="NYCMng">9980.02666666667</dst>
            <dst id="SNVAng">2808.45333333333</dst>
            <dst id="STTLng">2184.52533333333</dst>
            <dst id="WASHng">9807.84</dst>
        </src>
        <src id="KSCYng">
            <dst id="ATLA-M5">0</dst>
            <dst id="ATLAng">5331.81866666667</dst>
            <dst id="CHINng">8719.408</dst>
            <dst id="DNVRng">5344.28266666667</dst>
            <dst id="HSTNng">3712.70133333333</dst>
            <dst id="IPLSng">12097.1253333333</dst>
            <dst id="KSCYng">13504.5973333333</dst>
            <dst id="LOSAng">293.034666666667</dst>
            <dst id="NYCMng">1262.90133333333</dst>
            <dst id="SNVAng">2861.432</dst>
            <dst id="STTLng">798.106666666667</dst>
            <dst id="WASHng">10312.696</dst>
        </src>
        <src id="LOSAng">
            <dst id="ATLA-M5">106.872</dst>
            <dst id="ATLAng">11765.8613333333</dst>
            <dst id="CHINng">41214.2133333333</dst>
            <dst id="DNVRng">8205.50933333333</dst>
            <dst id="HSTNng">11411.912</dst>
            <dst id="IPLSng">17111.7253333333</dst>
            <dst id="KSCYng">1825.176</dst>
            <dst id="LOSAng">17457.368</dst>
            <dst id="NYCMng">23623.0746666667</dst>
            <dst id="SNVAng">29339.5066666667</dst>
            <dst id="STTLng">23252.5066666667</dst>
            <dst id="WASHng">81437.3013333333</dst>
        </src>
        <src id="NYCMng">
            <dst id="ATLA-M5">129.125333333333</dst>
            <dst id="ATLAng">10729.184</dst>
            <dst id="CHINng">21549.4506666667</dst>
            <dst id="DNVRng">25886.7893333333</dst>
            <dst id="HSTNng">9997.68266666667</dst>
            <dst id="IPLSng">18438.056</dst>
            <dst id="KSCYng">2584.21333333333</dst>
            <dst id="LOSAng">7151.31466666667</dst>
            <dst id="NYCMng">70770.9066666667</dst>
            <dst id="SNVAng">25279</dst>
            <dst id="STTLng">22264.128</dst>
            <dst id="WASHng">49921.4586666667</dst>
        </src>
        <src id="SNVAng">
            <dst id="ATLA-M5">0</dst>
            <dst id="ATLAng">1693.08533333333</dst>
            <dst id="CHINng">16691.4746666667</dst>
            <dst id="DNVRng">2350.48266666667</dst>
            <dst id="HSTNng">2055.712</dst>
            <dst id="IPLSng">19193.1626666667</dst>
            <dst id="KSCYng">53.3333333333333</dst>
            <dst id="LOSAng">2027.34666666667</dst>
            <dst id="NYCMng">4872.97866666667</dst>
            <dst id="SNVAng">31775.9866666667</dst>
            <dst id="STTLng">40950.5573333333</dst>
            <dst id="WASHng">23130.1093333333</dst>
        </src>
        <src id="STTLng">
            <dst id="ATLA-M5">0</dst>
            <dst id="ATLAng">501.981333333333</dst>
            <dst id="CHINng">3570.00266666667</dst>
            <dst id="DNVRng">4595.39733333333</dst>
            <dst id="HSTNng">1416.696</dst>
            <dst id="IPLSng">4223.84266666667</dst>
            <dst id="KSCYng">321.162666666667</dst>
            <dst id="LOSAng">2557.408</dst>
            <dst id="NYCMng">4835.50933333333</dst>
            <dst id="SNVAng">13070.888</dst>
            <dst id="STTLng">1489.496</dst>
            <dst id="WASHng">3001.29066666667</dst>
        </src>
        <src id="WASHng">
            <dst id="ATLA-M5">139.306666666667</dst>
            <dst id="ATLAng">61566.808</dst>
            <dst id="CHINng">73225.3386666667</dst>
            <dst id="DNVRng">21337.2346666667</dst>
            <dst id="HSTNng">30568.6746666667</dst>
            <dst id="IPLSng">33134.8293333333</dst>
            <dst id="KSCYng">34830.976</dst>
            <dst id="LOSAng">64441.9306666667</dst>
            <dst id="NYCMng">128292.765333333</dst>
            <dst id="SNVAng">18143.1146666667</dst>
            <dst id="STTLng">32779.4933333333</dst>
            <dst id="WASHng">189719.845333333</dst>
        </src>
    </IntraTM>
</TrafficMatrixFile>
