<?xml version="1.0" encoding="ISO-8859-1" standalone="yes"?>
<TrafficMatrixFile xsi:noNamespaceSchemaLocation="http://totem.run.montefiore.ulg.ac.be/Schema/TrafficMatrix-v1_2.xsd" xmlns:xsi="http://www.w3.org/2001/XMLSchema-instance">
    <IntraTM ASID="11537">
        <src id="ATLA-M5">
            <dst id="ATLA-M5">4323.63733333333</dst>
            <dst id="ATLAng">170.96</dst>
            <dst id="CHINng">320.826666666667</dst>
            <dst id="DNVRng">95.6293333333333</dst>
            <dst id="HSTNng">80</dst>
            <dst id="IPLSng">87.4133333333333</dst>
            <dst id="KSCYng">202.616</dst>
            <dst id="LOSAng">116.552</dst>
            <dst id="NYCMng">40.3573333333333</dst>
            <dst id="SNVAng">29.44</dst>
            <dst id="STTLng">80</dst>
            <dst id="WASHng">678.485333333333</dst>
        </src>
        <src id="ATLAng">
            <dst id="ATLA-M5">281.669333333333</dst>
            <dst id="ATLAng">55628.776</dst>
            <dst id="CHINng">18948.456</dst>
            <dst id="DNVRng">5367.536</dst>
            <dst id="HSTNng">40600.408</dst>
            <dst id="IPLSng">21822.448</dst>
            <dst id="KSCYng">6879.728</dst>
            <dst id="LOSAng">9635.36266666667</dst>
            <dst id="NYCMng">9342.14666666667</dst>
            <dst id="SNVAng">10977.2373333333</dst>
            <dst id="STTLng">4025.97866666667</dst>
            <dst id="WASHng">49075.2506666667</dst>
        </src>
        <src id="CHINng">
            <dst id="ATLA-M5">502.493333333333</dst>
            <dst id="ATLAng">23858.84</dst>
            <dst id="CHINng">124925.834666667</dst>
            <dst id="DNVRng">8276.856</dst>
            <dst id="HSTNng">14166.664</dst>
            <dst id="IPLSng">27345.7546666667</dst>
            <dst id="KSCYng">11068.2613333333</dst>
            <dst id="LOSAng">6191.41066666667</dst>
            <dst id="NYCMng">16566.5386666667</dst>
            <dst id="SNVAng">30841.8586666667</dst>
            <dst id="STTLng">10696.7306666667</dst>
            <dst id="WASHng">35290.736</dst>
        </src>
        <src id="DNVRng">
            <dst id="ATLA-M5">260.426666666667</dst>
            <dst id="ATLAng">14531.216</dst>
            <dst id="CHINng">73689.7493333334</dst>
            <dst id="DNVRng">14555.9466666667</dst>
            <dst id="HSTNng">25988.1306666667</dst>
            <dst id="IPLSng">29209.8026666667</dst>
            <dst id="KSCYng">38339.3386666667</dst>
            <dst id="LOSAng">3886.34666666667</dst>
            <dst id="NYCMng">18044.9066666667</dst>
            <dst id="SNVAng">33837.68</dst>
            <dst id="STTLng">11019.0746666667</dst>
            <dst id="WASHng">61657.8506666667</dst>
        </src>
        <src id="HSTNng">
            <dst id="ATLA-M5">195.885333333333</dst>
            <dst id="ATLAng">5790.55466666667</dst>
            <dst id="CHINng">16655.0426666667</dst>
            <dst id="DNVRng">3143.68266666667</dst>
            <dst id="HSTNng">18519.224</dst>
            <dst id="IPLSng">2815.34133333333</dst>
            <dst id="KSCYng">2993.09333333333</dst>
            <dst id="LOSAng">12048.656</dst>
            <dst id="NYCMng">4482.83733333333</dst>
            <dst id="SNVAng">243.634666666667</dst>
            <dst id="STTLng">2435.39466666667</dst>
            <dst id="WASHng">8098.52</dst>
        </src>
        <src id="IPLSng">
            <dst id="ATLA-M5">90.3173333333333</dst>
            <dst id="ATLAng">31003.648</dst>
            <dst id="CHINng">69768.792</dst>
            <dst id="DNVRng">16119.1626666667</dst>
            <dst id="HSTNng">3071.31733333333</dst>
            <dst id="IPLSng">26843.768</dst>
            <dst id="KSCYng">4111.592</dst>
            <dst id="LOSAng">2557.552</dst>
            <dst id="NYCMng">33151.9653333333</dst>
            <dst id="SNVAng">16546.6586666667</dst>
            <dst id="STTLng">13465.5866666667</dst>
            <dst id="WASHng">52417.4826666667</dst>
        </src>
        <src id="KSCYng">
            <dst id="ATLA-M5">89.4933333333333</dst>
            <dst id="ATLAng">12150.1653333333</dst>
            <dst id="CHINng">19595.7786666667</dst>
            <dst id="DNVRng">15647.7733333333</dst>
            <dst id="HSTNng">5751.20533333333</dst>
            <dst id="IPLSng">15585.9253333333</dst>
            <dst id="KSCYng">17781.056</dst>
            <dst id="LOSAng">422.136</dst>
            <dst id="NYCMng">2568.8</dst>
            <dst id="SNVAng">8322.752</dst>
            <dst id="STTLng">3830.06666666667</dst>
            <dst id="WASHng">8398.82933333333</dst>
        </src>
        <src id="LOSAng">
            <dst id="ATLA-M5">1062.256</dst>
            <dst id="ATLAng">22910.0533333333</dst>
            <dst id="CHINng">79553.8506666667</dst>
            <dst id="DNVRng">11648.992</dst>
            <dst id="HSTNng">19701.2693333333</dst>
            <dst id="IPLSng">24609.4586666667</dst>
            <dst id="KSCYng">4169.152</dst>
            <dst id="LOSAng">13131.36</dst>
            <dst id="NYCMng">38307.9386666667</dst>
            <dst id="SNVAng">30585.0213333333</dst>
            <dst id="STTLng">21629.4346666667</dst>
            <dst id="WASHng">100135.157333333</dst>
        </src>
        <src id="NYCMng">
            <dst id="ATLA-M5">457.650666666667</dst>
            <dst id="ATLAng">33212.76</dst>
            <dst id="CHINng">43828.84</dst>
            <dst id="DNVRng">33423.5066666667</dst>
            <dst id="HSTNng">15394.8586666667</dst>
            <dst id="IPLSng">31992.3093333333</dst>
            <dst id="KSCYng">9717.97866666667</dst>
            <dst id="LOSAng">7055.89866666667</dst>
            <dst id="NYCMng">105569.136</dst>
            <dst id="SNVAng">64571.9573333333</dst>
            <dst id="STTLng">15841.3786666667</dst>
            <dst id="WASHng">81930.208</dst>
        </src>
        <src id="SNVAng">
            <dst id="ATLA-M5">0</dst>
            <dst id="ATLAng">312.256</dst>
            <dst id="CHINng">65.7226666666667</dst>
            <dst id="DNVRng">40734.0026666667</dst>
            <dst id="HSTNng">61.4106666666667</dst>
            <dst id="IPLSng">338.976</dst>
            <dst id="KSCYng">0</dst>
            <dst id="LOSAng">645.341333333333</dst>
            <dst id="NYCMng">639.834666666667</dst>
            <dst id="SNVAng">42626.6613333333</dst>
            <dst id="STTLng">36334.0506666667</dst>
            <dst id="WASHng">1775.24</dst>
        </src>
        <src id="STTLng">
            <dst id="ATLA-M5">26.6666666666667</dst>
            <dst id="ATLAng">10965.6986666667</dst>
            <dst id="CHINng">32571.5013333333</dst>
            <dst id="DNVRng">9441.82133333333</dst>
            <dst id="HSTNng">6975.63733333333</dst>
            <dst id="IPLSng">12363.1946666667</dst>
            <dst id="KSCYng">6031.064</dst>
            <dst id="LOSAng">2398.79466666667</dst>
            <dst id="NYCMng">15097.776</dst>
            <dst id="SNVAng">17201.9866666667</dst>
            <dst id="STTLng">3553.30133333333</dst>
            <dst id="WASHng">24359.0853333333</dst>
        </src>
        <src id="WASHng">
            <dst id="ATLA-M5">438.186666666667</dst>
            <dst id="ATLAng">157359.496</dst>
            <dst id="CHINng">101282.981333333</dst>
            <dst id="DNVRng">44688.104</dst>
            <dst id="HSTNng">14286.6853333333</dst>
            <dst id="IPLSng">40855.8906666667</dst>
            <dst id="KSCYng">17780.6826666667</dst>
            <dst id="LOSAng">75894.4426666667</dst>
            <dst id="NYCMng">191847.410666667</dst>
            <dst id="SNVAng">40740.1413333333</dst>
            <dst id="STTLng">28187.3493333333</dst>
            <dst id="WASHng">327197.813333333</dst>
        </src>
    </IntraTM>
</TrafficMatrixFile>
