<?xml version="1.0" encoding="ISO-8859-1" standalone="yes"?>
<TrafficMatrixFile xsi:noNamespaceSchemaLocation="http://totem.run.montefiore.ulg.ac.be/Schema/TrafficMatrix-v1_2.xsd" xmlns:xsi="http://www.w3.org/2001/XMLSchema-instance">
    <IntraTM ASID="11537">
        <src id="ATLA-M5">
            <dst id="ATLA-M5">0</dst>
            <dst id="ATLAng">26.6666666666667</dst>
            <dst id="CHINng">292.597333333333</dst>
            <dst id="DNVRng">26.6666666666667</dst>
            <dst id="HSTNng">1492.23466666667</dst>
            <dst id="IPLSng">0</dst>
            <dst id="KSCYng">0</dst>
            <dst id="LOSAng">0</dst>
            <dst id="NYCMng">117.253333333333</dst>
            <dst id="SNVAng">0</dst>
            <dst id="STTLng">97.984</dst>
            <dst id="WASHng">125.418666666667</dst>
        </src>
        <src id="ATLAng">
            <dst id="ATLA-M5">103.733333333333</dst>
            <dst id="ATLAng">23703.5546666667</dst>
            <dst id="CHINng">5009.97866666667</dst>
            <dst id="DNVRng">2607.48266666667</dst>
            <dst id="HSTNng">899.810666666667</dst>
            <dst id="IPLSng">9956.54133333333</dst>
            <dst id="KSCYng">489.757333333333</dst>
            <dst id="LOSAng">6688.45333333333</dst>
            <dst id="NYCMng">2691.88</dst>
            <dst id="SNVAng">26.6666666666667</dst>
            <dst id="STTLng">3401.85866666667</dst>
            <dst id="WASHng">33812.4666666667</dst>
        </src>
        <src id="CHINng">
            <dst id="ATLA-M5">1233.66133333333</dst>
            <dst id="ATLAng">5741.312</dst>
            <dst id="CHINng">48307.8613333333</dst>
            <dst id="DNVRng">3713.52</dst>
            <dst id="HSTNng">19017.0986666667</dst>
            <dst id="IPLSng">10726.6506666667</dst>
            <dst id="KSCYng">6901.16266666667</dst>
            <dst id="LOSAng">26953.976</dst>
            <dst id="NYCMng">23345.952</dst>
            <dst id="SNVAng">936.498666666667</dst>
            <dst id="STTLng">3340.53066666667</dst>
            <dst id="WASHng">17081.4453333333</dst>
        </src>
        <src id="DNVRng">
            <dst id="ATLA-M5">1206.69333333333</dst>
            <dst id="ATLAng">6971.22133333333</dst>
            <dst id="CHINng">33432.4906666667</dst>
            <dst id="DNVRng">7603.984</dst>
            <dst id="HSTNng">18740.6826666667</dst>
            <dst id="IPLSng">28538.28</dst>
            <dst id="KSCYng">13716.1386666667</dst>
            <dst id="LOSAng">7435.87733333334</dst>
            <dst id="NYCMng">13377.6346666667</dst>
            <dst id="SNVAng">5695.82133333333</dst>
            <dst id="STTLng">6388.38933333333</dst>
            <dst id="WASHng">34602.1893333333</dst>
        </src>
        <src id="HSTNng">
            <dst id="ATLA-M5">1651.52</dst>
            <dst id="ATLAng">2155.16533333333</dst>
            <dst id="CHINng">9399.56</dst>
            <dst id="DNVRng">699.738666666667</dst>
            <dst id="HSTNng">16278.6266666667</dst>
            <dst id="IPLSng">584.162666666667</dst>
            <dst id="KSCYng">833.44</dst>
            <dst id="LOSAng">2296.00266666667</dst>
            <dst id="NYCMng">2006.34666666667</dst>
            <dst id="SNVAng">26.6666666666667</dst>
            <dst id="STTLng">1621.03466666667</dst>
            <dst id="WASHng">5127.61066666667</dst>
        </src>
        <src id="IPLSng">
            <dst id="ATLA-M5">0</dst>
            <dst id="ATLAng">6697.14933333333</dst>
            <dst id="CHINng">45158.1466666667</dst>
            <dst id="DNVRng">6759.12266666667</dst>
            <dst id="HSTNng">1369.776</dst>
            <dst id="IPLSng">5032.904</dst>
            <dst id="KSCYng">2468.68533333333</dst>
            <dst id="LOSAng">18556.6613333333</dst>
            <dst id="NYCMng">2768.47733333333</dst>
            <dst id="SNVAng">311.84</dst>
            <dst id="STTLng">4310.58933333333</dst>
            <dst id="WASHng">18119.0453333333</dst>
        </src>
        <src id="KSCYng">
            <dst id="ATLA-M5">0</dst>
            <dst id="ATLAng">2433.29066666667</dst>
            <dst id="CHINng">10547.3973333333</dst>
            <dst id="DNVRng">4067.82666666667</dst>
            <dst id="HSTNng">2497.832</dst>
            <dst id="IPLSng">19017.2026666667</dst>
            <dst id="KSCYng">6932.096</dst>
            <dst id="LOSAng">3374.77066666667</dst>
            <dst id="NYCMng">1229.94666666667</dst>
            <dst id="SNVAng">1732.216</dst>
            <dst id="STTLng">625.138666666667</dst>
            <dst id="WASHng">7590.512</dst>
        </src>
        <src id="LOSAng">
            <dst id="ATLA-M5">0</dst>
            <dst id="ATLAng">8875.75733333333</dst>
            <dst id="CHINng">45203.3306666667</dst>
            <dst id="DNVRng">12095.1946666667</dst>
            <dst id="HSTNng">2121.44266666667</dst>
            <dst id="IPLSng">4721.512</dst>
            <dst id="KSCYng">3518.36</dst>
            <dst id="LOSAng">7243.87466666667</dst>
            <dst id="NYCMng">16995.6586666667</dst>
            <dst id="SNVAng">21831.0293333333</dst>
            <dst id="STTLng">23824.1813333333</dst>
            <dst id="WASHng">78519.424</dst>
        </src>
        <src id="NYCMng">
            <dst id="ATLA-M5">922.453333333333</dst>
            <dst id="ATLAng">11844.7786666667</dst>
            <dst id="CHINng">20514.6693333333</dst>
            <dst id="DNVRng">23421.1866666667</dst>
            <dst id="HSTNng">6955.79733333333</dst>
            <dst id="IPLSng">22566.5946666667</dst>
            <dst id="KSCYng">2645.232</dst>
            <dst id="LOSAng">53161.032</dst>
            <dst id="NYCMng">56070.3093333333</dst>
            <dst id="SNVAng">2287.84</dst>
            <dst id="STTLng">21707.9866666667</dst>
            <dst id="WASHng">38579.2986666667</dst>
        </src>
        <src id="SNVAng">
            <dst id="ATLA-M5">0</dst>
            <dst id="ATLAng">53.3333333333333</dst>
            <dst id="CHINng">0</dst>
            <dst id="DNVRng">1939.07466666667</dst>
            <dst id="HSTNng">26.6666666666667</dst>
            <dst id="IPLSng">223.186666666667</dst>
            <dst id="KSCYng">0</dst>
            <dst id="LOSAng">28648.1066666667</dst>
            <dst id="NYCMng">8143.11466666667</dst>
            <dst id="SNVAng">7038.38133333333</dst>
            <dst id="STTLng">33154.648</dst>
            <dst id="WASHng">80</dst>
        </src>
        <src id="STTLng">
            <dst id="ATLA-M5">141.205333333333</dst>
            <dst id="ATLAng">6933.72266666667</dst>
            <dst id="CHINng">13184.864</dst>
            <dst id="DNVRng">1317.01333333333</dst>
            <dst id="HSTNng">535.370666666667</dst>
            <dst id="IPLSng">7899.6</dst>
            <dst id="KSCYng">927.432</dst>
            <dst id="LOSAng">9781.024</dst>
            <dst id="NYCMng">7389.648</dst>
            <dst id="SNVAng">14909.2773333333</dst>
            <dst id="STTLng">887.306666666667</dst>
            <dst id="WASHng">6756.67733333333</dst>
        </src>
        <src id="WASHng">
            <dst id="ATLA-M5">321.642666666667</dst>
            <dst id="ATLAng">107711.410666667</dst>
            <dst id="CHINng">40678.1893333333</dst>
            <dst id="DNVRng">47434.6693333333</dst>
            <dst id="HSTNng">10772.7333333333</dst>
            <dst id="IPLSng">49337.6853333333</dst>
            <dst id="KSCYng">28348.952</dst>
            <dst id="LOSAng">87243.7226666667</dst>
            <dst id="NYCMng">105103.938666667</dst>
            <dst id="SNVAng">700.506666666667</dst>
            <dst id="STTLng">28945.7546666667</dst>
            <dst id="WASHng">161140.768</dst>
        </src>
    </IntraTM>
</TrafficMatrixFile>
