<?xml version="1.0" encoding="ISO-8859-1" standalone="yes"?>
<TrafficMatrixFile xsi:noNamespaceSchemaLocation="http://totem.run.montefiore.ulg.ac.be/Schema/TrafficMatrix-v1_2.xsd" xmlns:xsi="http://www.w3.org/2001/XMLSchema-instance">
    <IntraTM ASID="11537">
        <src id="ATLA-M5">
            <dst id="ATLA-M5">0</dst>
            <dst id="ATLAng">80</dst>
            <dst id="CHINng">525.874666666666</dst>
            <dst id="DNVRng">0</dst>
            <dst id="HSTNng">74.5253333333333</dst>
            <dst id="IPLSng">26.6666666666667</dst>
            <dst id="KSCYng">676.741333333333</dst>
            <dst id="LOSAng">36.2666666666667</dst>
            <dst id="NYCMng">910.098666666666</dst>
            <dst id="SNVAng">0</dst>
            <dst id="STTLng">53.3333333333333</dst>
            <dst id="WASHng">870.722666666667</dst>
        </src>
        <src id="ATLAng">
            <dst id="ATLA-M5">200.296</dst>
            <dst id="ATLAng">58524.6186666667</dst>
            <dst id="CHINng">4842.384</dst>
            <dst id="DNVRng">3180.05333333333</dst>
            <dst id="HSTNng">38512.4613333333</dst>
            <dst id="IPLSng">15071.2666666667</dst>
            <dst id="KSCYng">1474.928</dst>
            <dst id="LOSAng">15923.652</dst>
            <dst id="NYCMng">2099.45866666667</dst>
            <dst id="SNVAng">53.8653333333333</dst>
            <dst id="STTLng">3444.32266666667</dst>
            <dst id="WASHng">39734.1173333333</dst>
        </src>
        <src id="CHINng">
            <dst id="ATLA-M5">145.552</dst>
            <dst id="ATLAng">16123.096</dst>
            <dst id="CHINng">70126.3093333334</dst>
            <dst id="DNVRng">11204.4533333333</dst>
            <dst id="HSTNng">9722.30133333333</dst>
            <dst id="IPLSng">51974.3733333333</dst>
            <dst id="KSCYng">8080.43466666667</dst>
            <dst id="LOSAng">34885.624</dst>
            <dst id="NYCMng">7874.27466666667</dst>
            <dst id="SNVAng">2533.22133333333</dst>
            <dst id="STTLng">8187.44533333333</dst>
            <dst id="WASHng">13518.8826666667</dst>
        </src>
        <src id="DNVRng">
            <dst id="ATLA-M5">78.88</dst>
            <dst id="ATLAng">7155.536</dst>
            <dst id="CHINng">32621.0453333333</dst>
            <dst id="DNVRng">2304.82133333333</dst>
            <dst id="HSTNng">20460.096</dst>
            <dst id="IPLSng">30015.864</dst>
            <dst id="KSCYng">10362.6293333333</dst>
            <dst id="LOSAng">10680.9093333333</dst>
            <dst id="NYCMng">20011.136</dst>
            <dst id="SNVAng">5166.864</dst>
            <dst id="STTLng">4999.288</dst>
            <dst id="WASHng">36939.032</dst>
        </src>
        <src id="HSTNng">
            <dst id="ATLA-M5">1872.62933333333</dst>
            <dst id="ATLAng">1901.03733333333</dst>
            <dst id="CHINng">8828.83466666667</dst>
            <dst id="DNVRng">906.365333333333</dst>
            <dst id="HSTNng">19499.1226666667</dst>
            <dst id="IPLSng">1944.27466666667</dst>
            <dst id="KSCYng">1453.24</dst>
            <dst id="LOSAng">4734.944</dst>
            <dst id="NYCMng">3206.90666666667</dst>
            <dst id="SNVAng">287.44</dst>
            <dst id="STTLng">1036.38666666667</dst>
            <dst id="WASHng">4787.784</dst>
        </src>
        <src id="IPLSng">
            <dst id="ATLA-M5">1792.45333333333</dst>
            <dst id="ATLAng">5173.22933333333</dst>
            <dst id="CHINng">54983.0133333333</dst>
            <dst id="DNVRng">6806.728</dst>
            <dst id="HSTNng">3622.25866666667</dst>
            <dst id="IPLSng">14985.672</dst>
            <dst id="KSCYng">2792.696</dst>
            <dst id="LOSAng">13162.5413333333</dst>
            <dst id="NYCMng">17471.8426666667</dst>
            <dst id="SNVAng">1938.22133333333</dst>
            <dst id="STTLng">5816.29333333333</dst>
            <dst id="WASHng">22247.5226666667</dst>
        </src>
        <src id="KSCYng">
            <dst id="ATLA-M5">26.6666666666667</dst>
            <dst id="ATLAng">3066.048</dst>
            <dst id="CHINng">9238.184</dst>
            <dst id="DNVRng">6110.96266666667</dst>
            <dst id="HSTNng">3396.22666666667</dst>
            <dst id="IPLSng">10027.0853333333</dst>
            <dst id="KSCYng">4356.528</dst>
            <dst id="LOSAng">5535.77333333333</dst>
            <dst id="NYCMng">1429.51733333333</dst>
            <dst id="SNVAng">2630.85866666667</dst>
            <dst id="STTLng">3592.49066666667</dst>
            <dst id="WASHng">10843.3413333333</dst>
        </src>
        <src id="LOSAng">
            <dst id="ATLA-M5">0</dst>
            <dst id="ATLAng">24140.792</dst>
            <dst id="CHINng">56672.92</dst>
            <dst id="DNVRng">7195.544</dst>
            <dst id="HSTNng">4402.50666666667</dst>
            <dst id="IPLSng">28793.1306666667</dst>
            <dst id="KSCYng">5257.37866666667</dst>
            <dst id="LOSAng">11690.632</dst>
            <dst id="NYCMng">50041.6186666667</dst>
            <dst id="SNVAng">26398.8346666667</dst>
            <dst id="STTLng">23934.992</dst>
            <dst id="WASHng">85197.2853333333</dst>
        </src>
        <src id="NYCMng">
            <dst id="ATLA-M5">3565.38933333333</dst>
            <dst id="ATLAng">7875.768</dst>
            <dst id="CHINng">16878.4373333333</dst>
            <dst id="DNVRng">24448.712</dst>
            <dst id="HSTNng">6109.84266666667</dst>
            <dst id="IPLSng">30360.5786666667</dst>
            <dst id="KSCYng">6633.648</dst>
            <dst id="LOSAng">69350.3306666667</dst>
            <dst id="NYCMng">86821.5146666667</dst>
            <dst id="SNVAng">2764.368</dst>
            <dst id="STTLng">24062.9386666667</dst>
            <dst id="WASHng">57520.5546666667</dst>
        </src>
        <src id="SNVAng">
            <dst id="ATLA-M5">0</dst>
            <dst id="ATLAng">80</dst>
            <dst id="CHINng">93.856</dst>
            <dst id="DNVRng">2694.70666666667</dst>
            <dst id="HSTNng">0</dst>
            <dst id="IPLSng">211.48</dst>
            <dst id="KSCYng">0</dst>
            <dst id="LOSAng">31890.4613333333</dst>
            <dst id="NYCMng">53.3333333333333</dst>
            <dst id="SNVAng">9102.70666666667</dst>
            <dst id="STTLng">38714.056</dst>
            <dst id="WASHng">0</dst>
        </src>
        <src id="STTLng">
            <dst id="ATLA-M5">26.6666666666667</dst>
            <dst id="ATLAng">8503.784</dst>
            <dst id="CHINng">16101.008</dst>
            <dst id="DNVRng">2410.616</dst>
            <dst id="HSTNng">1151.30666666667</dst>
            <dst id="IPLSng">21076.8453333333</dst>
            <dst id="KSCYng">3206.17066666667</dst>
            <dst id="LOSAng">17731.5466666667</dst>
            <dst id="NYCMng">17550.5066666667</dst>
            <dst id="SNVAng">7623.69866666667</dst>
            <dst id="STTLng">898.552</dst>
            <dst id="WASHng">8036.02933333333</dst>
        </src>
        <src id="WASHng">
            <dst id="ATLA-M5">314</dst>
            <dst id="ATLAng">67005.5093333333</dst>
            <dst id="CHINng">32224.536</dst>
            <dst id="DNVRng">36753.7706666667</dst>
            <dst id="HSTNng">20311.0586666667</dst>
            <dst id="IPLSng">56663.3333333333</dst>
            <dst id="KSCYng">30023.2666666667</dst>
            <dst id="LOSAng">135441.778666667</dst>
            <dst id="NYCMng">135069.677333333</dst>
            <dst id="SNVAng">5699.22933333333</dst>
            <dst id="STTLng">24472.4613333333</dst>
            <dst id="WASHng">157326.168</dst>
        </src>
    </IntraTM>
</TrafficMatrixFile>
