<?xml version="1.0" encoding="ISO-8859-1" standalone="yes"?>
<TrafficMatrixFile xsi:noNamespaceSchemaLocation="http://totem.run.montefiore.ulg.ac.be/Schema/TrafficMatrix-v1_2.xsd" xmlns:xsi="http://www.w3.org/2001/XMLSchema-instance">
    <IntraTM ASID="11537">
        <src id="ATLA-M5">
            <dst id="ATLA-M5">0</dst>
            <dst id="ATLAng">26.6666666666667</dst>
            <dst id="CHINng">85.3333333333333</dst>
            <dst id="DNVRng">1133.99466666667</dst>
            <dst id="HSTNng">53.4746666666667</dst>
            <dst id="IPLSng">0</dst>
            <dst id="KSCYng">0</dst>
            <dst id="LOSAng">52.224</dst>
            <dst id="NYCMng">63.04</dst>
            <dst id="SNVAng">0</dst>
            <dst id="STTLng">92.4906666666667</dst>
            <dst id="WASHng">106.666666666667</dst>
        </src>
        <src id="ATLAng">
            <dst id="ATLA-M5">26.6666666666667</dst>
            <dst id="ATLAng">43789.216</dst>
            <dst id="CHINng">6539.072</dst>
            <dst id="DNVRng">7558.62666666667</dst>
            <dst id="HSTNng">613.618666666667</dst>
            <dst id="IPLSng">20411.2053333333</dst>
            <dst id="KSCYng">3069.95733333333</dst>
            <dst id="LOSAng">9656.368</dst>
            <dst id="NYCMng">4153.33866666667</dst>
            <dst id="SNVAng">1456.08266666667</dst>
            <dst id="STTLng">3124.69866666667</dst>
            <dst id="WASHng">30893.5653333333</dst>
        </src>
        <src id="CHINng">
            <dst id="ATLA-M5">0</dst>
            <dst id="ATLAng">4670.10133333333</dst>
            <dst id="CHINng">56753.0373333333</dst>
            <dst id="DNVRng">10147.4586666667</dst>
            <dst id="HSTNng">6142.50133333333</dst>
            <dst id="IPLSng">25669.2906666667</dst>
            <dst id="KSCYng">6060.616</dst>
            <dst id="LOSAng">23010.3146666667</dst>
            <dst id="NYCMng">24054.6693333333</dst>
            <dst id="SNVAng">1898.70666666667</dst>
            <dst id="STTLng">6266.504</dst>
            <dst id="WASHng">13477.8906666667</dst>
        </src>
        <src id="DNVRng">
            <dst id="ATLA-M5">705.546666666667</dst>
            <dst id="ATLAng">8840.11733333333</dst>
            <dst id="CHINng">35522.0213333333</dst>
            <dst id="DNVRng">12888.208</dst>
            <dst id="HSTNng">24933.2986666667</dst>
            <dst id="IPLSng">42584.9413333333</dst>
            <dst id="KSCYng">23317.8346666667</dst>
            <dst id="LOSAng">10646.9626666667</dst>
            <dst id="NYCMng">14126.144</dst>
            <dst id="SNVAng">10207.824</dst>
            <dst id="STTLng">5056.83466666667</dst>
            <dst id="WASHng">39848.8773333333</dst>
        </src>
        <src id="HSTNng">
            <dst id="ATLA-M5">1022.15466666667</dst>
            <dst id="ATLAng">723.346666666667</dst>
            <dst id="CHINng">7214.808</dst>
            <dst id="DNVRng">1699.176</dst>
            <dst id="HSTNng">16800.0293333333</dst>
            <dst id="IPLSng">1126.648</dst>
            <dst id="KSCYng">632.746666666667</dst>
            <dst id="LOSAng">3423.84266666667</dst>
            <dst id="NYCMng">1545.81333333333</dst>
            <dst id="SNVAng">26.6666666666667</dst>
            <dst id="STTLng">621.618666666667</dst>
            <dst id="WASHng">2484.712</dst>
        </src>
        <src id="IPLSng">
            <dst id="ATLA-M5">0</dst>
            <dst id="ATLAng">6773.70133333333</dst>
            <dst id="CHINng">47273.6933333333</dst>
            <dst id="DNVRng">5832.61066666666</dst>
            <dst id="HSTNng">6391.65333333333</dst>
            <dst id="IPLSng">10924.2426666667</dst>
            <dst id="KSCYng">1984.45866666667</dst>
            <dst id="LOSAng">12458.624</dst>
            <dst id="NYCMng">3816.29066666667</dst>
            <dst id="SNVAng">123.050666666667</dst>
            <dst id="STTLng">3659.88533333333</dst>
            <dst id="WASHng">6646.97066666667</dst>
        </src>
        <src id="KSCYng">
            <dst id="ATLA-M5">26.6666666666667</dst>
            <dst id="ATLAng">6954.20266666667</dst>
            <dst id="CHINng">10461.584</dst>
            <dst id="DNVRng">4889.50933333333</dst>
            <dst id="HSTNng">3266.768</dst>
            <dst id="IPLSng">11774.552</dst>
            <dst id="KSCYng">11220.816</dst>
            <dst id="LOSAng">3787.912</dst>
            <dst id="NYCMng">1481.088</dst>
            <dst id="SNVAng">2335.85333333333</dst>
            <dst id="STTLng">5588.68266666667</dst>
            <dst id="WASHng">9264.58933333333</dst>
        </src>
        <src id="LOSAng">
            <dst id="ATLA-M5">26.6666666666667</dst>
            <dst id="ATLAng">5536.86933333333</dst>
            <dst id="CHINng">44294.704</dst>
            <dst id="DNVRng">6823.79733333333</dst>
            <dst id="HSTNng">4264.50933333333</dst>
            <dst id="IPLSng">15312.84</dst>
            <dst id="KSCYng">3549.51466666667</dst>
            <dst id="LOSAng">11384.8053333333</dst>
            <dst id="NYCMng">22472.4586666667</dst>
            <dst id="SNVAng">17910.1013333333</dst>
            <dst id="STTLng">35303.7813333333</dst>
            <dst id="WASHng">79130.12</dst>
        </src>
        <src id="NYCMng">
            <dst id="ATLA-M5">53.3333333333333</dst>
            <dst id="ATLAng">5283.25333333333</dst>
            <dst id="CHINng">20503.04</dst>
            <dst id="DNVRng">20998.752</dst>
            <dst id="HSTNng">2957.488</dst>
            <dst id="IPLSng">16969.3306666667</dst>
            <dst id="KSCYng">5756.00266666667</dst>
            <dst id="LOSAng">52308.3066666667</dst>
            <dst id="NYCMng">76572.9946666667</dst>
            <dst id="SNVAng">1513.296</dst>
            <dst id="STTLng">17372.5306666667</dst>
            <dst id="WASHng">37067.2933333333</dst>
        </src>
        <src id="SNVAng">
            <dst id="ATLA-M5">0</dst>
            <dst id="ATLAng">26.6666666666667</dst>
            <dst id="CHINng">53.3333333333333</dst>
            <dst id="DNVRng">1452.78666666667</dst>
            <dst id="HSTNng">0</dst>
            <dst id="IPLSng">201.728</dst>
            <dst id="KSCYng">0</dst>
            <dst id="LOSAng">30931.0506666667</dst>
            <dst id="NYCMng">522.538666666667</dst>
            <dst id="SNVAng">6710.81066666667</dst>
            <dst id="STTLng">32941.1173333333</dst>
            <dst id="WASHng">26.6666666666667</dst>
        </src>
        <src id="STTLng">
            <dst id="ATLA-M5">90.5813333333333</dst>
            <dst id="ATLAng">4777.44266666667</dst>
            <dst id="CHINng">13604.624</dst>
            <dst id="DNVRng">793.554666666667</dst>
            <dst id="HSTNng">595.749333333333</dst>
            <dst id="IPLSng">4197.248</dst>
            <dst id="KSCYng">3378.96266666667</dst>
            <dst id="LOSAng">7824.552</dst>
            <dst id="NYCMng">9795.37866666667</dst>
            <dst id="SNVAng">9749.80533333334</dst>
            <dst id="STTLng">2012.78933333333</dst>
            <dst id="WASHng">3605.47733333333</dst>
        </src>
        <src id="WASHng">
            <dst id="ATLA-M5">420.376</dst>
            <dst id="ATLAng">82272.5946666667</dst>
            <dst id="CHINng">63323.48</dst>
            <dst id="DNVRng">61374.6666666667</dst>
            <dst id="HSTNng">23070.9626666667</dst>
            <dst id="IPLSng">81692.448</dst>
            <dst id="KSCYng">33086.8213333333</dst>
            <dst id="LOSAng">93285.2906666667</dst>
            <dst id="NYCMng">138348.877333333</dst>
            <dst id="SNVAng">2347.03466666667</dst>
            <dst id="STTLng">22256.0613333333</dst>
            <dst id="WASHng">324445.226666667</dst>
        </src>
    </IntraTM>
</TrafficMatrixFile>
