<?xml version="1.0" encoding="ISO-8859-1" standalone="yes"?>
<TrafficMatrixFile xsi:noNamespaceSchemaLocation="http://totem.run.montefiore.ulg.ac.be/Schema/TrafficMatrix-v1_2.xsd" xmlns:xsi="http://www.w3.org/2001/XMLSchema-instance">
    <IntraTM ASID="11537">
        <src id="ATLA-M5">
            <dst id="ATLA-M5">0</dst>
            <dst id="ATLAng">26.6666666666667</dst>
            <dst id="CHINng">227.506666666667</dst>
            <dst id="DNVRng">30.88</dst>
            <dst id="HSTNng">118.616</dst>
            <dst id="IPLSng">0</dst>
            <dst id="KSCYng">0</dst>
            <dst id="LOSAng">74.7733333333333</dst>
            <dst id="NYCMng">53.3333333333333</dst>
            <dst id="SNVAng">0</dst>
            <dst id="STTLng">71.12</dst>
            <dst id="WASHng">2441.94666666667</dst>
        </src>
        <src id="ATLAng">
            <dst id="ATLA-M5">56.1333333333333</dst>
            <dst id="ATLAng">29638.2693333333</dst>
            <dst id="CHINng">5473.392</dst>
            <dst id="DNVRng">4825.68266666667</dst>
            <dst id="HSTNng">1429.04</dst>
            <dst id="IPLSng">13048.1226666667</dst>
            <dst id="KSCYng">274.4</dst>
            <dst id="LOSAng">7652.992</dst>
            <dst id="NYCMng">6009.61333333333</dst>
            <dst id="SNVAng">40</dst>
            <dst id="STTLng">2554.53066666667</dst>
            <dst id="WASHng">28963.4</dst>
        </src>
        <src id="CHINng">
            <dst id="ATLA-M5">0</dst>
            <dst id="ATLAng">13660.3413333333</dst>
            <dst id="CHINng">94542.2213333333</dst>
            <dst id="DNVRng">4976.61066666667</dst>
            <dst id="HSTNng">18425.648</dst>
            <dst id="IPLSng">11423.224</dst>
            <dst id="KSCYng">21125.912</dst>
            <dst id="LOSAng">25517.336</dst>
            <dst id="NYCMng">25422.7706666667</dst>
            <dst id="SNVAng">72.5253333333333</dst>
            <dst id="STTLng">7743.2</dst>
            <dst id="WASHng">17169.408</dst>
        </src>
        <src id="DNVRng">
            <dst id="ATLA-M5">2052.928</dst>
            <dst id="ATLAng">9528.92266666667</dst>
            <dst id="CHINng">42424.8186666667</dst>
            <dst id="DNVRng">13706.9493333333</dst>
            <dst id="HSTNng">23350.6933333333</dst>
            <dst id="IPLSng">29210.3146666667</dst>
            <dst id="KSCYng">18410.048</dst>
            <dst id="LOSAng">4359.776</dst>
            <dst id="NYCMng">12841.8133333333</dst>
            <dst id="SNVAng">8158.74666666667</dst>
            <dst id="STTLng">10555.8853333333</dst>
            <dst id="WASHng">36789.936</dst>
        </src>
        <src id="HSTNng">
            <dst id="ATLA-M5">1662.04533333333</dst>
            <dst id="ATLAng">1752.69866666667</dst>
            <dst id="CHINng">9341.36</dst>
            <dst id="DNVRng">950.605333333333</dst>
            <dst id="HSTNng">16108.5546666667</dst>
            <dst id="IPLSng">11065.1466666667</dst>
            <dst id="KSCYng">874.418666666667</dst>
            <dst id="LOSAng">1973.98133333333</dst>
            <dst id="NYCMng">2180.64533333333</dst>
            <dst id="SNVAng">26.6666666666667</dst>
            <dst id="STTLng">4648.24266666667</dst>
            <dst id="WASHng">7153.96266666667</dst>
        </src>
        <src id="IPLSng">
            <dst id="ATLA-M5">0</dst>
            <dst id="ATLAng">21412.2373333333</dst>
            <dst id="CHINng">44785.5786666667</dst>
            <dst id="DNVRng">6478.31466666667</dst>
            <dst id="HSTNng">1731.82666666667</dst>
            <dst id="IPLSng">3240.03466666667</dst>
            <dst id="KSCYng">2054.43466666667</dst>
            <dst id="LOSAng">19512.8773333333</dst>
            <dst id="NYCMng">7775.91733333333</dst>
            <dst id="SNVAng">334.658666666667</dst>
            <dst id="STTLng">4642.33333333333</dst>
            <dst id="WASHng">7060.09866666667</dst>
        </src>
        <src id="KSCYng">
            <dst id="ATLA-M5">28.8426666666667</dst>
            <dst id="ATLAng">2835.53333333333</dst>
            <dst id="CHINng">11409.5093333333</dst>
            <dst id="DNVRng">4007.30933333333</dst>
            <dst id="HSTNng">2967.39466666667</dst>
            <dst id="IPLSng">16687.5866666667</dst>
            <dst id="KSCYng">16396.904</dst>
            <dst id="LOSAng">5777.44266666667</dst>
            <dst id="NYCMng">2712.84266666667</dst>
            <dst id="SNVAng">5703.22133333333</dst>
            <dst id="STTLng">777.578666666667</dst>
            <dst id="WASHng">29616.6053333333</dst>
        </src>
        <src id="LOSAng">
            <dst id="ATLA-M5">0</dst>
            <dst id="ATLAng">11326.5146666667</dst>
            <dst id="CHINng">41182.4666666667</dst>
            <dst id="DNVRng">10834.0293333333</dst>
            <dst id="HSTNng">2111.496</dst>
            <dst id="IPLSng">8320.03466666667</dst>
            <dst id="KSCYng">3308.27466666667</dst>
            <dst id="LOSAng">6247.52533333333</dst>
            <dst id="NYCMng">20523.2133333333</dst>
            <dst id="SNVAng">8655</dst>
            <dst id="STTLng">8992.08533333333</dst>
            <dst id="WASHng">82070.0613333333</dst>
        </src>
        <src id="NYCMng">
            <dst id="ATLA-M5">298.549333333333</dst>
            <dst id="ATLAng">11479.8</dst>
            <dst id="CHINng">16879.0506666667</dst>
            <dst id="DNVRng">22810.0613333333</dst>
            <dst id="HSTNng">7041.42933333333</dst>
            <dst id="IPLSng">20971.6666666667</dst>
            <dst id="KSCYng">15885.808</dst>
            <dst id="LOSAng">50777.0453333333</dst>
            <dst id="NYCMng">60707.4613333333</dst>
            <dst id="SNVAng">498.618666666667</dst>
            <dst id="STTLng">22599.224</dst>
            <dst id="WASHng">46094.7386666667</dst>
        </src>
        <src id="SNVAng">
            <dst id="ATLA-M5">0</dst>
            <dst id="ATLAng">53.3333333333333</dst>
            <dst id="CHINng">0</dst>
            <dst id="DNVRng">2467.30933333333</dst>
            <dst id="HSTNng">0</dst>
            <dst id="IPLSng">211.024</dst>
            <dst id="KSCYng">0</dst>
            <dst id="LOSAng">24850.0586666667</dst>
            <dst id="NYCMng">0</dst>
            <dst id="SNVAng">4701.06933333333</dst>
            <dst id="STTLng">25110.848</dst>
            <dst id="WASHng">26.6666666666667</dst>
        </src>
        <src id="STTLng">
            <dst id="ATLA-M5">98.2026666666667</dst>
            <dst id="ATLAng">7233.41066666667</dst>
            <dst id="CHINng">14582.416</dst>
            <dst id="DNVRng">421.282666666667</dst>
            <dst id="HSTNng">717.221333333333</dst>
            <dst id="IPLSng">5563.07733333333</dst>
            <dst id="KSCYng">789.989333333333</dst>
            <dst id="LOSAng">10294.544</dst>
            <dst id="NYCMng">10749.2986666667</dst>
            <dst id="SNVAng">16986.8026666667</dst>
            <dst id="STTLng">2586.14133333333</dst>
            <dst id="WASHng">5753.96</dst>
        </src>
        <src id="WASHng">
            <dst id="ATLA-M5">342.053333333333</dst>
            <dst id="ATLAng">66600.2213333333</dst>
            <dst id="CHINng">49401.472</dst>
            <dst id="DNVRng">51548.3253333333</dst>
            <dst id="HSTNng">17321.104</dst>
            <dst id="IPLSng">52629.1013333333</dst>
            <dst id="KSCYng">32116.08</dst>
            <dst id="LOSAng">107514.525333333</dst>
            <dst id="NYCMng">125680.538666667</dst>
            <dst id="SNVAng">343.869333333333</dst>
            <dst id="STTLng">21241.1146666667</dst>
            <dst id="WASHng">180950.765333333</dst>
        </src>
    </IntraTM>
</TrafficMatrixFile>
