<?xml version="1.0" encoding="ISO-8859-1" standalone="yes"?>
<TrafficMatrixFile xsi:noNamespaceSchemaLocation="http://totem.run.montefiore.ulg.ac.be/Schema/TrafficMatrix-v1_2.xsd" xmlns:xsi="http://www.w3.org/2001/XMLSchema-instance">
    <IntraTM ASID="11537">
        <src id="ATLA-M5">
            <dst id="ATLA-M5">4189.52266666667</dst>
            <dst id="ATLAng">53.3333333333333</dst>
            <dst id="CHINng">445.778666666667</dst>
            <dst id="DNVRng">26.6666666666667</dst>
            <dst id="HSTNng">52.376</dst>
            <dst id="IPLSng">35.84</dst>
            <dst id="KSCYng">0</dst>
            <dst id="LOSAng">0</dst>
            <dst id="NYCMng">0</dst>
            <dst id="SNVAng">0</dst>
            <dst id="STTLng">466.754666666667</dst>
            <dst id="WASHng">185.333333333333</dst>
        </src>
        <src id="ATLAng">
            <dst id="ATLA-M5">143.418666666667</dst>
            <dst id="ATLAng">33546.128</dst>
            <dst id="CHINng">12927.528</dst>
            <dst id="DNVRng">2619.544</dst>
            <dst id="HSTNng">8953.90133333334</dst>
            <dst id="IPLSng">13815.5066666667</dst>
            <dst id="KSCYng">848.250666666667</dst>
            <dst id="LOSAng">12038.8453333333</dst>
            <dst id="NYCMng">981.376</dst>
            <dst id="SNVAng">8120.67733333333</dst>
            <dst id="STTLng">2494.58933333333</dst>
            <dst id="WASHng">36983.6213333333</dst>
        </src>
        <src id="CHINng">
            <dst id="ATLA-M5">355.381333333333</dst>
            <dst id="ATLAng">10184.8906666667</dst>
            <dst id="CHINng">92690.8986666667</dst>
            <dst id="DNVRng">6197.928</dst>
            <dst id="HSTNng">6034.42666666667</dst>
            <dst id="IPLSng">16862.6693333333</dst>
            <dst id="KSCYng">15934.488</dst>
            <dst id="LOSAng">7543.92</dst>
            <dst id="NYCMng">9944.21066666667</dst>
            <dst id="SNVAng">31115.032</dst>
            <dst id="STTLng">7000.40533333333</dst>
            <dst id="WASHng">9087.85866666667</dst>
        </src>
        <src id="DNVRng">
            <dst id="ATLA-M5">101.92</dst>
            <dst id="ATLAng">3803.552</dst>
            <dst id="CHINng">52262.8853333333</dst>
            <dst id="DNVRng">9171.904</dst>
            <dst id="HSTNng">18337.112</dst>
            <dst id="IPLSng">27574.768</dst>
            <dst id="KSCYng">15800.7946666667</dst>
            <dst id="LOSAng">2103.04</dst>
            <dst id="NYCMng">15292.5653333333</dst>
            <dst id="SNVAng">21122.1813333333</dst>
            <dst id="STTLng">7051.08</dst>
            <dst id="WASHng">43296.1653333333</dst>
        </src>
        <src id="HSTNng">
            <dst id="ATLA-M5">1530.62666666667</dst>
            <dst id="ATLAng">10477.4106666667</dst>
            <dst id="CHINng">15212.1493333333</dst>
            <dst id="DNVRng">1094.51733333333</dst>
            <dst id="HSTNng">17445.5573333333</dst>
            <dst id="IPLSng">3346.864</dst>
            <dst id="KSCYng">763.512</dst>
            <dst id="LOSAng">7517.12</dst>
            <dst id="NYCMng">5786.79733333333</dst>
            <dst id="SNVAng">26.6666666666667</dst>
            <dst id="STTLng">1289.39733333333</dst>
            <dst id="WASHng">3727.18666666667</dst>
        </src>
        <src id="IPLSng">
            <dst id="ATLA-M5">2568.27466666667</dst>
            <dst id="ATLAng">9257.61866666667</dst>
            <dst id="CHINng">55937.0133333333</dst>
            <dst id="DNVRng">9907.30933333333</dst>
            <dst id="HSTNng">799.648</dst>
            <dst id="IPLSng">12675.4986666667</dst>
            <dst id="KSCYng">2605.864</dst>
            <dst id="LOSAng">5699.24266666667</dst>
            <dst id="NYCMng">8193.224</dst>
            <dst id="SNVAng">15646.5706666667</dst>
            <dst id="STTLng">11136.6026666667</dst>
            <dst id="WASHng">7103.09866666667</dst>
        </src>
        <src id="KSCYng">
            <dst id="ATLA-M5">0</dst>
            <dst id="ATLAng">2670.53866666667</dst>
            <dst id="CHINng">11961.7733333333</dst>
            <dst id="DNVRng">3619.168</dst>
            <dst id="HSTNng">3359.288</dst>
            <dst id="IPLSng">20699.8453333333</dst>
            <dst id="KSCYng">13723.4906666667</dst>
            <dst id="LOSAng">2698.66666666667</dst>
            <dst id="NYCMng">3995.37866666667</dst>
            <dst id="SNVAng">4781.06933333333</dst>
            <dst id="STTLng">1705.69066666667</dst>
            <dst id="WASHng">5511.28533333333</dst>
        </src>
        <src id="LOSAng">
            <dst id="ATLA-M5">26.6666666666667</dst>
            <dst id="ATLAng">5740.08266666667</dst>
            <dst id="CHINng">104551.162666667</dst>
            <dst id="DNVRng">5656.57066666667</dst>
            <dst id="HSTNng">2813.64</dst>
            <dst id="IPLSng">12890.5066666667</dst>
            <dst id="KSCYng">1638.42133333333</dst>
            <dst id="LOSAng">27127.9146666667</dst>
            <dst id="NYCMng">24368.1946666667</dst>
            <dst id="SNVAng">23245.7333333333</dst>
            <dst id="STTLng">22233.8133333333</dst>
            <dst id="WASHng">73270.8213333333</dst>
        </src>
        <src id="NYCMng">
            <dst id="ATLA-M5">395.765333333333</dst>
            <dst id="ATLAng">4307.608</dst>
            <dst id="CHINng">28631.5466666667</dst>
            <dst id="DNVRng">22375.5706666667</dst>
            <dst id="HSTNng">4038.496</dst>
            <dst id="IPLSng">5317.02133333333</dst>
            <dst id="KSCYng">4108.78933333333</dst>
            <dst id="LOSAng">7296.65866666667</dst>
            <dst id="NYCMng">83848.4186666667</dst>
            <dst id="SNVAng">55097.592</dst>
            <dst id="STTLng">22925.376</dst>
            <dst id="WASHng">28144.9013333333</dst>
        </src>
        <src id="SNVAng">
            <dst id="ATLA-M5">0</dst>
            <dst id="ATLAng">0</dst>
            <dst id="CHINng">53.3333333333333</dst>
            <dst id="DNVRng">11907.744</dst>
            <dst id="HSTNng">26.6666666666667</dst>
            <dst id="IPLSng">244.282666666667</dst>
            <dst id="KSCYng">0</dst>
            <dst id="LOSAng">9457.73333333333</dst>
            <dst id="NYCMng">26.6666666666667</dst>
            <dst id="SNVAng">34794.3893333333</dst>
            <dst id="STTLng">33729.2693333333</dst>
            <dst id="WASHng">0</dst>
        </src>
        <src id="STTLng">
            <dst id="ATLA-M5">26.6666666666667</dst>
            <dst id="ATLAng">5124.66133333333</dst>
            <dst id="CHINng">18184.9653333333</dst>
            <dst id="DNVRng">4159.232</dst>
            <dst id="HSTNng">1283.98666666667</dst>
            <dst id="IPLSng">3473.04266666667</dst>
            <dst id="KSCYng">278.416</dst>
            <dst id="LOSAng">4623.22933333333</dst>
            <dst id="NYCMng">11157.176</dst>
            <dst id="SNVAng">22005.5893333333</dst>
            <dst id="STTLng">2032.32266666667</dst>
            <dst id="WASHng">10799.664</dst>
        </src>
        <src id="WASHng">
            <dst id="ATLA-M5">0</dst>
            <dst id="ATLAng">66209.2266666667</dst>
            <dst id="CHINng">75451.7306666667</dst>
            <dst id="DNVRng">37724.7813333333</dst>
            <dst id="HSTNng">29324.8853333333</dst>
            <dst id="IPLSng">22822.7626666667</dst>
            <dst id="KSCYng">25533.4826666667</dst>
            <dst id="LOSAng">86205.6613333333</dst>
            <dst id="NYCMng">103475.656</dst>
            <dst id="SNVAng">45776.432</dst>
            <dst id="STTLng">23267.2213333333</dst>
            <dst id="WASHng">273184.4</dst>
        </src>
    </IntraTM>
</TrafficMatrixFile>
