<?xml version="1.0" encoding="ISO-8859-1" standalone="yes"?>
<TrafficMatrixFile xsi:noNamespaceSchemaLocation="http://totem.run.montefiore.ulg.ac.be/Schema/TrafficMatrix-v1_2.xsd" xmlns:xsi="http://www.w3.org/2001/XMLSchema-instance">
    <IntraTM ASID="11537">
        <src id="ATLA-M5">
            <dst id="ATLA-M5">0</dst>
            <dst id="ATLAng">0</dst>
            <dst id="CHINng">50.3386666666667</dst>
            <dst id="DNVRng">1201.12</dst>
            <dst id="HSTNng">1645.76</dst>
            <dst id="IPLSng">0</dst>
            <dst id="KSCYng">0</dst>
            <dst id="LOSAng">32</dst>
            <dst id="NYCMng">53.0133333333333</dst>
            <dst id="SNVAng">0</dst>
            <dst id="STTLng">75.1306666666667</dst>
            <dst id="WASHng">26.6666666666667</dst>
        </src>
        <src id="ATLAng">
            <dst id="ATLA-M5">26.6666666666667</dst>
            <dst id="ATLAng">23433.3573333333</dst>
            <dst id="CHINng">3339.544</dst>
            <dst id="DNVRng">2433.87733333333</dst>
            <dst id="HSTNng">11465.656</dst>
            <dst id="IPLSng">10407.176</dst>
            <dst id="KSCYng">339.706666666667</dst>
            <dst id="LOSAng">9600.55466666667</dst>
            <dst id="NYCMng">4194.29066666667</dst>
            <dst id="SNVAng">211.232</dst>
            <dst id="STTLng">6117.32266666667</dst>
            <dst id="WASHng">56253.84</dst>
        </src>
        <src id="CHINng">
            <dst id="ATLA-M5">61.0453333333333</dst>
            <dst id="ATLAng">9344.992</dst>
            <dst id="CHINng">52431.584</dst>
            <dst id="DNVRng">4037.54133333333</dst>
            <dst id="HSTNng">13269.7573333333</dst>
            <dst id="IPLSng">19193.4453333333</dst>
            <dst id="KSCYng">4978.488</dst>
            <dst id="LOSAng">26479.6293333333</dst>
            <dst id="NYCMng">19173.6586666667</dst>
            <dst id="SNVAng">608.016</dst>
            <dst id="STTLng">24231.2986666667</dst>
            <dst id="WASHng">8109.60266666667</dst>
        </src>
        <src id="DNVRng">
            <dst id="ATLA-M5">193.76</dst>
            <dst id="ATLAng">2341.63733333333</dst>
            <dst id="CHINng">34477.5466666667</dst>
            <dst id="DNVRng">3129.90133333333</dst>
            <dst id="HSTNng">19818.2746666667</dst>
            <dst id="IPLSng">40037.3946666667</dst>
            <dst id="KSCYng">10065.568</dst>
            <dst id="LOSAng">8700.95733333333</dst>
            <dst id="NYCMng">11319.8</dst>
            <dst id="SNVAng">3444.82133333333</dst>
            <dst id="STTLng">4071.64</dst>
            <dst id="WASHng">34888.8266666667</dst>
        </src>
        <src id="HSTNng">
            <dst id="ATLA-M5">168.16</dst>
            <dst id="ATLAng">15101.736</dst>
            <dst id="CHINng">7429.58933333333</dst>
            <dst id="DNVRng">883.056</dst>
            <dst id="HSTNng">16562.184</dst>
            <dst id="IPLSng">1033.32</dst>
            <dst id="KSCYng">656.541333333333</dst>
            <dst id="LOSAng">12856.6373333333</dst>
            <dst id="NYCMng">999.970666666666</dst>
            <dst id="SNVAng">26.6666666666667</dst>
            <dst id="STTLng">1431.584</dst>
            <dst id="WASHng">1002.89866666667</dst>
        </src>
        <src id="IPLSng">
            <dst id="ATLA-M5">0</dst>
            <dst id="ATLAng">3754.71733333333</dst>
            <dst id="CHINng">26780.1306666667</dst>
            <dst id="DNVRng">11853.1493333333</dst>
            <dst id="HSTNng">3538.13333333333</dst>
            <dst id="IPLSng">13316.7893333333</dst>
            <dst id="KSCYng">1683.33066666667</dst>
            <dst id="LOSAng">14949.8986666667</dst>
            <dst id="NYCMng">3757.48533333333</dst>
            <dst id="SNVAng">305.178666666667</dst>
            <dst id="STTLng">10964.7706666667</dst>
            <dst id="WASHng">13940.3146666667</dst>
        </src>
        <src id="KSCYng">
            <dst id="ATLA-M5">0</dst>
            <dst id="ATLAng">2248.072</dst>
            <dst id="CHINng">6896.36</dst>
            <dst id="DNVRng">4699.65866666667</dst>
            <dst id="HSTNng">2878.90933333333</dst>
            <dst id="IPLSng">12795.4346666667</dst>
            <dst id="KSCYng">6251.16266666667</dst>
            <dst id="LOSAng">11720.8</dst>
            <dst id="NYCMng">3202.672</dst>
            <dst id="SNVAng">2116.27733333333</dst>
            <dst id="STTLng">1002.544</dst>
            <dst id="WASHng">8494.392</dst>
        </src>
        <src id="LOSAng">
            <dst id="ATLA-M5">0</dst>
            <dst id="ATLAng">8024.448</dst>
            <dst id="CHINng">47325.44</dst>
            <dst id="DNVRng">4898.15466666667</dst>
            <dst id="HSTNng">9032.01066666667</dst>
            <dst id="IPLSng">11410.7786666667</dst>
            <dst id="KSCYng">1612.03466666667</dst>
            <dst id="LOSAng">8820.70133333333</dst>
            <dst id="NYCMng">16775.2933333333</dst>
            <dst id="SNVAng">20283.0613333333</dst>
            <dst id="STTLng">22333.144</dst>
            <dst id="WASHng">71972.2853333333</dst>
        </src>
        <src id="NYCMng">
            <dst id="ATLA-M5">0</dst>
            <dst id="ATLAng">16917.5973333333</dst>
            <dst id="CHINng">12509.976</dst>
            <dst id="DNVRng">24127.3013333333</dst>
            <dst id="HSTNng">2746.91466666667</dst>
            <dst id="IPLSng">17997.0213333333</dst>
            <dst id="KSCYng">2728.75466666667</dst>
            <dst id="LOSAng">46180.9786666667</dst>
            <dst id="NYCMng">69615.5413333333</dst>
            <dst id="SNVAng">2175.94666666667</dst>
            <dst id="STTLng">11562.7173333333</dst>
            <dst id="WASHng">38787.352</dst>
        </src>
        <src id="SNVAng">
            <dst id="ATLA-M5">0</dst>
            <dst id="ATLAng">26.6666666666667</dst>
            <dst id="CHINng">0</dst>
            <dst id="DNVRng">1619.352</dst>
            <dst id="HSTNng">0</dst>
            <dst id="IPLSng">144.501333333333</dst>
            <dst id="KSCYng">0</dst>
            <dst id="LOSAng">33359.288</dst>
            <dst id="NYCMng">53.3333333333333</dst>
            <dst id="SNVAng">8179.53866666667</dst>
            <dst id="STTLng">40603.4266666667</dst>
            <dst id="WASHng">26.6666666666667</dst>
        </src>
        <src id="STTLng">
            <dst id="ATLA-M5">141.882666666667</dst>
            <dst id="ATLAng">5335.27466666667</dst>
            <dst id="CHINng">17053.5066666667</dst>
            <dst id="DNVRng">535.354666666667</dst>
            <dst id="HSTNng">692.234666666667</dst>
            <dst id="IPLSng">3473.54666666667</dst>
            <dst id="KSCYng">550.298666666667</dst>
            <dst id="LOSAng">7815.35466666667</dst>
            <dst id="NYCMng">9001.97066666667</dst>
            <dst id="SNVAng">14274.792</dst>
            <dst id="STTLng">1969.02666666667</dst>
            <dst id="WASHng">4755.17866666667</dst>
        </src>
        <src id="WASHng">
            <dst id="ATLA-M5">119.954666666667</dst>
            <dst id="ATLAng">69928.792</dst>
            <dst id="CHINng">46734.7626666667</dst>
            <dst id="DNVRng">38199.464</dst>
            <dst id="HSTNng">8187.10666666666</dst>
            <dst id="IPLSng">56094.4933333333</dst>
            <dst id="KSCYng">29682.648</dst>
            <dst id="LOSAng">93159.4906666667</dst>
            <dst id="NYCMng">109750.858666667</dst>
            <dst id="SNVAng">246.136</dst>
            <dst id="STTLng">28293.9733333333</dst>
            <dst id="WASHng">235146.698666667</dst>
        </src>
    </IntraTM>
</TrafficMatrixFile>
