<?xml version="1.0" encoding="ISO-8859-1" standalone="yes"?>
<TrafficMatrixFile xsi:noNamespaceSchemaLocation="http://totem.run.montefiore.ulg.ac.be/Schema/TrafficMatrix-v1_2.xsd" xmlns:xsi="http://www.w3.org/2001/XMLSchema-instance">
    <IntraTM ASID="11537">
        <src id="ATLA-M5">
            <dst id="ATLA-M5">0</dst>
            <dst id="ATLAng">53.3333333333333</dst>
            <dst id="CHINng">176.968</dst>
            <dst id="DNVRng">0</dst>
            <dst id="HSTNng">65.0666666666667</dst>
            <dst id="IPLSng">26.6666666666667</dst>
            <dst id="KSCYng">26.6666666666667</dst>
            <dst id="LOSAng">28.0346666666667</dst>
            <dst id="NYCMng">53.3333333333333</dst>
            <dst id="SNVAng">28.0346666666667</dst>
            <dst id="STTLng">91.1466666666667</dst>
            <dst id="WASHng">646.882666666667</dst>
        </src>
        <src id="ATLAng">
            <dst id="ATLA-M5">306.453333333333</dst>
            <dst id="ATLAng">33035.0426666667</dst>
            <dst id="CHINng">14468.6586666667</dst>
            <dst id="DNVRng">3881.05866666667</dst>
            <dst id="HSTNng">7954.05866666667</dst>
            <dst id="IPLSng">11645.864</dst>
            <dst id="KSCYng">445.789333333333</dst>
            <dst id="LOSAng">14572.076</dst>
            <dst id="NYCMng">2687.944</dst>
            <dst id="SNVAng">5527.11066666666</dst>
            <dst id="STTLng">2413.91466666667</dst>
            <dst id="WASHng">20753.0933333333</dst>
        </src>
        <src id="CHINng">
            <dst id="ATLA-M5">26.6666666666667</dst>
            <dst id="ATLAng">24077.312</dst>
            <dst id="CHINng">102990.741333333</dst>
            <dst id="DNVRng">5432.672</dst>
            <dst id="HSTNng">7421.704</dst>
            <dst id="IPLSng">17522.7813333333</dst>
            <dst id="KSCYng">23866.376</dst>
            <dst id="LOSAng">2825.73333333333</dst>
            <dst id="NYCMng">14899.2533333333</dst>
            <dst id="SNVAng">19311.8533333333</dst>
            <dst id="STTLng">9123.792</dst>
            <dst id="WASHng">10775.0906666667</dst>
        </src>
        <src id="DNVRng">
            <dst id="ATLA-M5">96</dst>
            <dst id="ATLAng">4395.152</dst>
            <dst id="CHINng">33823.248</dst>
            <dst id="DNVRng">15214.7066666667</dst>
            <dst id="HSTNng">23565.392</dst>
            <dst id="IPLSng">26161.7493333333</dst>
            <dst id="KSCYng">31970.208</dst>
            <dst id="LOSAng">790.210666666667</dst>
            <dst id="NYCMng">12446.5413333333</dst>
            <dst id="SNVAng">30171.3813333333</dst>
            <dst id="STTLng">11755.9333333333</dst>
            <dst id="WASHng">39123.5466666667</dst>
        </src>
        <src id="HSTNng">
            <dst id="ATLA-M5">1887.07466666667</dst>
            <dst id="ATLAng">847.912</dst>
            <dst id="CHINng">13038.3466666667</dst>
            <dst id="DNVRng">1522.63466666667</dst>
            <dst id="HSTNng">15403.9893333333</dst>
            <dst id="IPLSng">956.330666666667</dst>
            <dst id="KSCYng">1368.424</dst>
            <dst id="LOSAng">4671.64266666667</dst>
            <dst id="NYCMng">1753.96</dst>
            <dst id="SNVAng">26.6666666666667</dst>
            <dst id="STTLng">1627.55466666667</dst>
            <dst id="WASHng">9763.256</dst>
        </src>
        <src id="IPLSng">
            <dst id="ATLA-M5">55.3493333333333</dst>
            <dst id="ATLAng">4062.13066666667</dst>
            <dst id="CHINng">38054.168</dst>
            <dst id="DNVRng">12026.528</dst>
            <dst id="HSTNng">2998.20533333333</dst>
            <dst id="IPLSng">5420.86933333333</dst>
            <dst id="KSCYng">3027.12266666667</dst>
            <dst id="LOSAng">2714.94933333333</dst>
            <dst id="NYCMng">11613.8933333333</dst>
            <dst id="SNVAng">10228.144</dst>
            <dst id="STTLng">16866.64</dst>
            <dst id="WASHng">7158.616</dst>
        </src>
        <src id="KSCYng">
            <dst id="ATLA-M5">26.6666666666667</dst>
            <dst id="ATLAng">2718.704</dst>
            <dst id="CHINng">10880.0053333333</dst>
            <dst id="DNVRng">5258.04533333333</dst>
            <dst id="HSTNng">3621.21333333333</dst>
            <dst id="IPLSng">20700.984</dst>
            <dst id="KSCYng">20844.272</dst>
            <dst id="LOSAng">658.437333333333</dst>
            <dst id="NYCMng">1779.584</dst>
            <dst id="SNVAng">5639.504</dst>
            <dst id="STTLng">2367.48266666667</dst>
            <dst id="WASHng">7481.58133333333</dst>
        </src>
        <src id="LOSAng">
            <dst id="ATLA-M5">62.8293333333333</dst>
            <dst id="ATLAng">45105.3386666667</dst>
            <dst id="CHINng">43317.9413333333</dst>
            <dst id="DNVRng">7353.54133333334</dst>
            <dst id="HSTNng">3918.19733333333</dst>
            <dst id="IPLSng">10233.008</dst>
            <dst id="KSCYng">2018.76266666667</dst>
            <dst id="LOSAng">19845.9466666667</dst>
            <dst id="NYCMng">29049.0186666667</dst>
            <dst id="SNVAng">23246.232</dst>
            <dst id="STTLng">23501.224</dst>
            <dst id="WASHng">77121.928</dst>
        </src>
        <src id="NYCMng">
            <dst id="ATLA-M5">294.344</dst>
            <dst id="ATLAng">17355.3466666667</dst>
            <dst id="CHINng">29841.7306666667</dst>
            <dst id="DNVRng">23577.408</dst>
            <dst id="HSTNng">10708.44</dst>
            <dst id="IPLSng">13035.256</dst>
            <dst id="KSCYng">6042.728</dst>
            <dst id="LOSAng">9337.89866666667</dst>
            <dst id="NYCMng">80405.1466666667</dst>
            <dst id="SNVAng">52557.6986666667</dst>
            <dst id="STTLng">33178.104</dst>
            <dst id="WASHng">36111.8213333333</dst>
        </src>
        <src id="SNVAng">
            <dst id="ATLA-M5">0</dst>
            <dst id="ATLAng">599.976</dst>
            <dst id="CHINng">129.546666666667</dst>
            <dst id="DNVRng">4747.68</dst>
            <dst id="HSTNng">0</dst>
            <dst id="IPLSng">266.690666666667</dst>
            <dst id="KSCYng">26.6666666666667</dst>
            <dst id="LOSAng">4000.52</dst>
            <dst id="NYCMng">8527.14666666667</dst>
            <dst id="SNVAng">37535.4613333333</dst>
            <dst id="STTLng">36163.8506666667</dst>
            <dst id="WASHng">80</dst>
        </src>
        <src id="STTLng">
            <dst id="ATLA-M5">0</dst>
            <dst id="ATLAng">4438.67466666667</dst>
            <dst id="CHINng">16355.16</dst>
            <dst id="DNVRng">5619.128</dst>
            <dst id="HSTNng">3107.75733333333</dst>
            <dst id="IPLSng">17514.6186666667</dst>
            <dst id="KSCYng">2677.81866666667</dst>
            <dst id="LOSAng">4479.37333333333</dst>
            <dst id="NYCMng">14530.1706666667</dst>
            <dst id="SNVAng">22456.5173333333</dst>
            <dst id="STTLng">2955.58666666667</dst>
            <dst id="WASHng">3695.176</dst>
        </src>
        <src id="WASHng">
            <dst id="ATLA-M5">310.597333333333</dst>
            <dst id="ATLAng">85402.9653333334</dst>
            <dst id="CHINng">101273.68</dst>
            <dst id="DNVRng">33042.8373333333</dst>
            <dst id="HSTNng">22485.696</dst>
            <dst id="IPLSng">24111.2666666667</dst>
            <dst id="KSCYng">29450.9013333333</dst>
            <dst id="LOSAng">71512.184</dst>
            <dst id="NYCMng">131893.965333333</dst>
            <dst id="SNVAng">36546.1946666667</dst>
            <dst id="STTLng">36462.3653333333</dst>
            <dst id="WASHng">250126.882666667</dst>
        </src>
    </IntraTM>
</TrafficMatrixFile>
