<?xml version="1.0" encoding="ISO-8859-1" standalone="yes"?>
<TrafficMatrixFile xsi:noNamespaceSchemaLocation="http://totem.run.montefiore.ulg.ac.be/Schema/TrafficMatrix-v1_2.xsd" xmlns:xsi="http://www.w3.org/2001/XMLSchema-instance">
    <IntraTM ASID="11537">
        <src id="ATLA-M5">
            <dst id="ATLA-M5">4014.62666666667</dst>
            <dst id="ATLAng">26.6666666666667</dst>
            <dst id="CHINng">423.818666666667</dst>
            <dst id="DNVRng">0</dst>
            <dst id="HSTNng">77.8293333333333</dst>
            <dst id="IPLSng">36.0533333333333</dst>
            <dst id="KSCYng">0</dst>
            <dst id="LOSAng">0</dst>
            <dst id="NYCMng">29.2266666666667</dst>
            <dst id="SNVAng">0</dst>
            <dst id="STTLng">455.197333333333</dst>
            <dst id="WASHng">53.3333333333333</dst>
        </src>
        <src id="ATLAng">
            <dst id="ATLA-M5">344.802666666667</dst>
            <dst id="ATLAng">25210.8613333333</dst>
            <dst id="CHINng">13978.8506666667</dst>
            <dst id="DNVRng">2637.03733333333</dst>
            <dst id="HSTNng">13596.0586666667</dst>
            <dst id="IPLSng">10747.6026666667</dst>
            <dst id="KSCYng">884.818666666667</dst>
            <dst id="LOSAng">6501.36133333333</dst>
            <dst id="NYCMng">1241.87733333333</dst>
            <dst id="SNVAng">5756.588</dst>
            <dst id="STTLng">2901.39733333333</dst>
            <dst id="WASHng">39126.76</dst>
        </src>
        <src id="CHINng">
            <dst id="ATLA-M5">61.6266666666667</dst>
            <dst id="ATLAng">11762.2586666667</dst>
            <dst id="CHINng">100911.128</dst>
            <dst id="DNVRng">3178.952</dst>
            <dst id="HSTNng">3689.05866666667</dst>
            <dst id="IPLSng">17241.8586666667</dst>
            <dst id="KSCYng">17681.072</dst>
            <dst id="LOSAng">8941.104</dst>
            <dst id="NYCMng">7681.304</dst>
            <dst id="SNVAng">34036.36</dst>
            <dst id="STTLng">8990.808</dst>
            <dst id="WASHng">14583.288</dst>
        </src>
        <src id="DNVRng">
            <dst id="ATLA-M5">77.92</dst>
            <dst id="ATLAng">2752.45866666667</dst>
            <dst id="CHINng">48573.7173333333</dst>
            <dst id="DNVRng">12488.0853333333</dst>
            <dst id="HSTNng">18141.144</dst>
            <dst id="IPLSng">29980.184</dst>
            <dst id="KSCYng">20971.6293333333</dst>
            <dst id="LOSAng">3138.61333333333</dst>
            <dst id="NYCMng">15606.864</dst>
            <dst id="SNVAng">19008.3306666667</dst>
            <dst id="STTLng">6663.96</dst>
            <dst id="WASHng">46638.0213333333</dst>
        </src>
        <src id="HSTNng">
            <dst id="ATLA-M5">3801.42133333333</dst>
            <dst id="ATLAng">792.432</dst>
            <dst id="CHINng">8961.75733333333</dst>
            <dst id="DNVRng">704.149333333333</dst>
            <dst id="HSTNng">15167.5413333333</dst>
            <dst id="IPLSng">283.690666666667</dst>
            <dst id="KSCYng">510.597333333333</dst>
            <dst id="LOSAng">2405.496</dst>
            <dst id="NYCMng">2110.03733333333</dst>
            <dst id="SNVAng">26.6666666666667</dst>
            <dst id="STTLng">1431.336</dst>
            <dst id="WASHng">1235.712</dst>
        </src>
        <src id="IPLSng">
            <dst id="ATLA-M5">2656.66133333333</dst>
            <dst id="ATLAng">4309.99733333333</dst>
            <dst id="CHINng">56201.5733333333</dst>
            <dst id="DNVRng">7324.50933333333</dst>
            <dst id="HSTNng">971.413333333333</dst>
            <dst id="IPLSng">4341.29333333333</dst>
            <dst id="KSCYng">2334.94933333333</dst>
            <dst id="LOSAng">5649.04533333333</dst>
            <dst id="NYCMng">9766.91733333333</dst>
            <dst id="SNVAng">15070.9786666667</dst>
            <dst id="STTLng">9380.664</dst>
            <dst id="WASHng">10168.4</dst>
        </src>
        <src id="KSCYng">
            <dst id="ATLA-M5">0</dst>
            <dst id="ATLAng">2491.51466666667</dst>
            <dst id="CHINng">12148.488</dst>
            <dst id="DNVRng">4747.31466666667</dst>
            <dst id="HSTNng">3277.73333333333</dst>
            <dst id="IPLSng">10360.6746666667</dst>
            <dst id="KSCYng">8850.73866666667</dst>
            <dst id="LOSAng">1634.00266666667</dst>
            <dst id="NYCMng">3812.928</dst>
            <dst id="SNVAng">4807.2</dst>
            <dst id="STTLng">867.570666666667</dst>
            <dst id="WASHng">10113.1413333333</dst>
        </src>
        <src id="LOSAng">
            <dst id="ATLA-M5">0</dst>
            <dst id="ATLAng">42023.896</dst>
            <dst id="CHINng">96546.736</dst>
            <dst id="DNVRng">6776.44266666667</dst>
            <dst id="HSTNng">3166.00266666667</dst>
            <dst id="IPLSng">9321.28533333333</dst>
            <dst id="KSCYng">2706.528</dst>
            <dst id="LOSAng">27248.376</dst>
            <dst id="NYCMng">23046.8533333333</dst>
            <dst id="SNVAng">24096.8533333333</dst>
            <dst id="STTLng">24145.672</dst>
            <dst id="WASHng">70626.9466666667</dst>
        </src>
        <src id="NYCMng">
            <dst id="ATLA-M5">173.506666666667</dst>
            <dst id="ATLAng">5775.22666666667</dst>
            <dst id="CHINng">27554.464</dst>
            <dst id="DNVRng">21473.2053333333</dst>
            <dst id="HSTNng">3366.77866666667</dst>
            <dst id="IPLSng">6811.77333333333</dst>
            <dst id="KSCYng">3754.47466666667</dst>
            <dst id="LOSAng">9765.90133333334</dst>
            <dst id="NYCMng">76247.4933333333</dst>
            <dst id="SNVAng">53510.816</dst>
            <dst id="STTLng">22349.6266666667</dst>
            <dst id="WASHng">36979.768</dst>
        </src>
        <src id="SNVAng">
            <dst id="ATLA-M5">0</dst>
            <dst id="ATLAng">26.6666666666667</dst>
            <dst id="CHINng">0</dst>
            <dst id="DNVRng">10301.4746666667</dst>
            <dst id="HSTNng">0</dst>
            <dst id="IPLSng">216.405333333333</dst>
            <dst id="KSCYng">0</dst>
            <dst id="LOSAng">2196.29333333333</dst>
            <dst id="NYCMng">26.6666666666667</dst>
            <dst id="SNVAng">37613.4666666667</dst>
            <dst id="STTLng">35269.5973333333</dst>
            <dst id="WASHng">26.6666666666667</dst>
        </src>
        <src id="STTLng">
            <dst id="ATLA-M5">26.6666666666667</dst>
            <dst id="ATLAng">4847.49333333333</dst>
            <dst id="CHINng">14278.2293333333</dst>
            <dst id="DNVRng">3393.08266666667</dst>
            <dst id="HSTNng">2021.472</dst>
            <dst id="IPLSng">4223.568</dst>
            <dst id="KSCYng">598.074666666667</dst>
            <dst id="LOSAng">5809.85066666667</dst>
            <dst id="NYCMng">12577.968</dst>
            <dst id="SNVAng">19551.3333333333</dst>
            <dst id="STTLng">1264.18666666667</dst>
            <dst id="WASHng">11368.4213333333</dst>
        </src>
        <src id="WASHng">
            <dst id="ATLA-M5">53.3333333333333</dst>
            <dst id="ATLAng">116391.4</dst>
            <dst id="CHINng">77287.2773333333</dst>
            <dst id="DNVRng">28129.9253333333</dst>
            <dst id="HSTNng">35095.288</dst>
            <dst id="IPLSng">24054.16</dst>
            <dst id="KSCYng">28717.36</dst>
            <dst id="LOSAng">79291.088</dst>
            <dst id="NYCMng">100137.938666667</dst>
            <dst id="SNVAng">35612.3146666667</dst>
            <dst id="STTLng">34827.2613333333</dst>
            <dst id="WASHng">229162.525333333</dst>
        </src>
    </IntraTM>
</TrafficMatrixFile>
