<?xml version="1.0" encoding="ISO-8859-1" standalone="yes"?>
<TrafficMatrixFile xsi:noNamespaceSchemaLocation="http://totem.run.montefiore.ulg.ac.be/Schema/TrafficMatrix-v1_2.xsd" xmlns:xsi="http://www.w3.org/2001/XMLSchema-instance">
    <IntraTM ASID="11537">
        <src id="ATLA-M5">
            <dst id="ATLA-M5">140.256</dst>
            <dst id="ATLAng">0</dst>
            <dst id="CHINng">413.557333333333</dst>
            <dst id="DNVRng">395.008</dst>
            <dst id="HSTNng">75.048</dst>
            <dst id="IPLSng">0</dst>
            <dst id="KSCYng">0</dst>
            <dst id="LOSAng">0</dst>
            <dst id="NYCMng">113.202666666667</dst>
            <dst id="SNVAng">36.3946666666667</dst>
            <dst id="STTLng">62.576</dst>
            <dst id="WASHng">280.92</dst>
        </src>
        <src id="ATLAng">
            <dst id="ATLA-M5">138.898666666667</dst>
            <dst id="ATLAng">11985.7813333333</dst>
            <dst id="CHINng">15537.5546666667</dst>
            <dst id="DNVRng">2008.2</dst>
            <dst id="HSTNng">24973.352</dst>
            <dst id="IPLSng">7843.04266666667</dst>
            <dst id="KSCYng">2126.216</dst>
            <dst id="LOSAng">3996.84533333333</dst>
            <dst id="NYCMng">3114.66133333333</dst>
            <dst id="SNVAng">53.3333333333333</dst>
            <dst id="STTLng">1484.528</dst>
            <dst id="WASHng">24834.7866666667</dst>
        </src>
        <src id="CHINng">
            <dst id="ATLA-M5">64.896</dst>
            <dst id="ATLAng">15084.4213333333</dst>
            <dst id="CHINng">66307.92</dst>
            <dst id="DNVRng">5643.31733333333</dst>
            <dst id="HSTNng">9711.11466666666</dst>
            <dst id="IPLSng">16449.944</dst>
            <dst id="KSCYng">7834.12533333333</dst>
            <dst id="LOSAng">25482.4106666667</dst>
            <dst id="NYCMng">24649.656</dst>
            <dst id="SNVAng">1250.12</dst>
            <dst id="STTLng">8584.824</dst>
            <dst id="WASHng">9728.55466666667</dst>
        </src>
        <src id="DNVRng">
            <dst id="ATLA-M5">494.816</dst>
            <dst id="ATLAng">7452.94666666667</dst>
            <dst id="CHINng">43002.536</dst>
            <dst id="DNVRng">12662.752</dst>
            <dst id="HSTNng">29267.6693333333</dst>
            <dst id="IPLSng">40150.1253333333</dst>
            <dst id="KSCYng">15506.072</dst>
            <dst id="LOSAng">5288.8</dst>
            <dst id="NYCMng">14419.152</dst>
            <dst id="SNVAng">6588.088</dst>
            <dst id="STTLng">6665.59733333333</dst>
            <dst id="WASHng">38782.424</dst>
        </src>
        <src id="HSTNng">
            <dst id="ATLA-M5">1410.00266666667</dst>
            <dst id="ATLAng">2675.37333333333</dst>
            <dst id="CHINng">5947.53866666666</dst>
            <dst id="DNVRng">3747.136</dst>
            <dst id="HSTNng">19206.3226666667</dst>
            <dst id="IPLSng">2272.968</dst>
            <dst id="KSCYng">1793.168</dst>
            <dst id="LOSAng">1794.57866666667</dst>
            <dst id="NYCMng">2931.68</dst>
            <dst id="SNVAng">26.6666666666667</dst>
            <dst id="STTLng">1823.66133333333</dst>
            <dst id="WASHng">11900.9626666667</dst>
        </src>
        <src id="IPLSng">
            <dst id="ATLA-M5">0</dst>
            <dst id="ATLAng">10276.7653333333</dst>
            <dst id="CHINng">31866.696</dst>
            <dst id="DNVRng">13643.8933333333</dst>
            <dst id="HSTNng">1145.79733333333</dst>
            <dst id="IPLSng">4814.808</dst>
            <dst id="KSCYng">2035.032</dst>
            <dst id="LOSAng">11993.7413333333</dst>
            <dst id="NYCMng">2647.02933333333</dst>
            <dst id="SNVAng">204.154666666667</dst>
            <dst id="STTLng">7635.54133333334</dst>
            <dst id="WASHng">10669.352</dst>
        </src>
        <src id="KSCYng">
            <dst id="ATLA-M5">0</dst>
            <dst id="ATLAng">4947.53333333333</dst>
            <dst id="CHINng">8057.23733333333</dst>
            <dst id="DNVRng">5373.72</dst>
            <dst id="HSTNng">5028.88533333333</dst>
            <dst id="IPLSng">14871.8986666667</dst>
            <dst id="KSCYng">13456.0453333333</dst>
            <dst id="LOSAng">4304.12</dst>
            <dst id="NYCMng">1075.24</dst>
            <dst id="SNVAng">2430.26133333333</dst>
            <dst id="STTLng">1118.336</dst>
            <dst id="WASHng">12817.8933333333</dst>
        </src>
        <src id="LOSAng">
            <dst id="ATLA-M5">53.3333333333333</dst>
            <dst id="ATLAng">16909.56</dst>
            <dst id="CHINng">42470.4666666667</dst>
            <dst id="DNVRng">8952.99466666667</dst>
            <dst id="HSTNng">3129.728</dst>
            <dst id="IPLSng">10901.2506666667</dst>
            <dst id="KSCYng">4276.86666666667</dst>
            <dst id="LOSAng">10237.184</dst>
            <dst id="NYCMng">19917.9546666667</dst>
            <dst id="SNVAng">22527.8266666667</dst>
            <dst id="STTLng">30813.3173333333</dst>
            <dst id="WASHng">91505.6426666667</dst>
        </src>
        <src id="NYCMng">
            <dst id="ATLA-M5">1164.744</dst>
            <dst id="ATLAng">16998.2666666667</dst>
            <dst id="CHINng">17402.1226666667</dst>
            <dst id="DNVRng">23886.4506666667</dst>
            <dst id="HSTNng">8893.536</dst>
            <dst id="IPLSng">13493.3706666667</dst>
            <dst id="KSCYng">4663.23733333333</dst>
            <dst id="LOSAng">54810.5466666667</dst>
            <dst id="NYCMng">96656.976</dst>
            <dst id="SNVAng">496.816</dst>
            <dst id="STTLng">20650.44</dst>
            <dst id="WASHng">33702.2933333333</dst>
        </src>
        <src id="SNVAng">
            <dst id="ATLA-M5">0</dst>
            <dst id="ATLAng">556.621333333333</dst>
            <dst id="CHINng">53.3333333333333</dst>
            <dst id="DNVRng">3128.984</dst>
            <dst id="HSTNng">0</dst>
            <dst id="IPLSng">191.936</dst>
            <dst id="KSCYng">0</dst>
            <dst id="LOSAng">37339.8266666667</dst>
            <dst id="NYCMng">444.216</dst>
            <dst id="SNVAng">9200.97066666667</dst>
            <dst id="STTLng">38921.856</dst>
            <dst id="WASHng">53.3333333333333</dst>
        </src>
        <src id="STTLng">
            <dst id="ATLA-M5">122.181333333333</dst>
            <dst id="ATLAng">7606.17333333333</dst>
            <dst id="CHINng">15098.3866666667</dst>
            <dst id="DNVRng">1162.56533333333</dst>
            <dst id="HSTNng">1006.024</dst>
            <dst id="IPLSng">6102.14933333333</dst>
            <dst id="KSCYng">1949.28</dst>
            <dst id="LOSAng">9276.56</dst>
            <dst id="NYCMng">14284.2533333333</dst>
            <dst id="SNVAng">9629.70133333333</dst>
            <dst id="STTLng">2286.97866666667</dst>
            <dst id="WASHng">4623.048</dst>
        </src>
        <src id="WASHng">
            <dst id="ATLA-M5">116.696</dst>
            <dst id="ATLAng">74039.696</dst>
            <dst id="CHINng">55225.9226666667</dst>
            <dst id="DNVRng">55783.1306666667</dst>
            <dst id="HSTNng">34422.0346666667</dst>
            <dst id="IPLSng">56859.232</dst>
            <dst id="KSCYng">22361.1173333333</dst>
            <dst id="LOSAng">116231.189333333</dst>
            <dst id="NYCMng">136756.88</dst>
            <dst id="SNVAng">1397.344</dst>
            <dst id="STTLng">23430.2106666667</dst>
            <dst id="WASHng">230370.866666667</dst>
        </src>
    </IntraTM>
</TrafficMatrixFile>
