<?xml version="1.0" encoding="ISO-8859-1" standalone="yes"?>
<TrafficMatrixFile xsi:noNamespaceSchemaLocation="http://totem.run.montefiore.ulg.ac.be/Schema/TrafficMatrix-v1_2.xsd" xmlns:xsi="http://www.w3.org/2001/XMLSchema-instance">
    <IntraTM ASID="11537">
        <src id="ATLA-M5">
            <dst id="ATLA-M5">133.152</dst>
            <dst id="ATLAng">213.816</dst>
            <dst id="CHINng">1370.656</dst>
            <dst id="DNVRng">0</dst>
            <dst id="HSTNng">195.365333333333</dst>
            <dst id="IPLSng">35.2</dst>
            <dst id="KSCYng">114.077333333333</dst>
            <dst id="LOSAng">26.6666666666667</dst>
            <dst id="NYCMng">495.194666666667</dst>
            <dst id="SNVAng">0</dst>
            <dst id="STTLng">53.3333333333333</dst>
            <dst id="WASHng">605.608</dst>
        </src>
        <src id="ATLAng">
            <dst id="ATLA-M5">112.642666666667</dst>
            <dst id="ATLAng">46895.384</dst>
            <dst id="CHINng">4934.77333333333</dst>
            <dst id="DNVRng">3092.62933333333</dst>
            <dst id="HSTNng">35298.088</dst>
            <dst id="IPLSng">33352.8453333333</dst>
            <dst id="KSCYng">3409.41066666667</dst>
            <dst id="LOSAng">11796.4946666667</dst>
            <dst id="NYCMng">2593.96266666667</dst>
            <dst id="SNVAng">202.718666666667</dst>
            <dst id="STTLng">2874.76533333333</dst>
            <dst id="WASHng">23543.4346666667</dst>
        </src>
        <src id="CHINng">
            <dst id="ATLA-M5">295.090666666667</dst>
            <dst id="ATLAng">16832.7413333333</dst>
            <dst id="CHINng">64375.6346666667</dst>
            <dst id="DNVRng">9302.87733333333</dst>
            <dst id="HSTNng">7862.49066666667</dst>
            <dst id="IPLSng">18157.0373333333</dst>
            <dst id="KSCYng">8352.944</dst>
            <dst id="LOSAng">27823.592</dst>
            <dst id="NYCMng">7771.66666666667</dst>
            <dst id="SNVAng">1941.41066666667</dst>
            <dst id="STTLng">4958.92533333333</dst>
            <dst id="WASHng">16716.9546666667</dst>
        </src>
        <src id="DNVRng">
            <dst id="ATLA-M5">151.84</dst>
            <dst id="ATLAng">6719.92</dst>
            <dst id="CHINng">35257.7226666667</dst>
            <dst id="DNVRng">7523.472</dst>
            <dst id="HSTNng">20705.4773333333</dst>
            <dst id="IPLSng">30395.8826666667</dst>
            <dst id="KSCYng">14375.7226666667</dst>
            <dst id="LOSAng">25823.336</dst>
            <dst id="NYCMng">19590.4346666667</dst>
            <dst id="SNVAng">6357.67733333333</dst>
            <dst id="STTLng">7642.63733333333</dst>
            <dst id="WASHng">39102.2026666667</dst>
        </src>
        <src id="HSTNng">
            <dst id="ATLA-M5">857.525333333333</dst>
            <dst id="ATLAng">3566.74133333333</dst>
            <dst id="CHINng">6980.784</dst>
            <dst id="DNVRng">1920.32</dst>
            <dst id="HSTNng">16514.712</dst>
            <dst id="IPLSng">1505.02133333333</dst>
            <dst id="KSCYng">945.386666666667</dst>
            <dst id="LOSAng">1935.50133333333</dst>
            <dst id="NYCMng">5113.888</dst>
            <dst id="SNVAng">53.3333333333333</dst>
            <dst id="STTLng">755.058666666667</dst>
            <dst id="WASHng">4269.104</dst>
        </src>
        <src id="IPLSng">
            <dst id="ATLA-M5">2580.152</dst>
            <dst id="ATLAng">5785.384</dst>
            <dst id="CHINng">44777.1493333334</dst>
            <dst id="DNVRng">9989.12</dst>
            <dst id="HSTNng">2500</dst>
            <dst id="IPLSng">6572.93333333333</dst>
            <dst id="KSCYng">4751.23733333333</dst>
            <dst id="LOSAng">14652.8773333333</dst>
            <dst id="NYCMng">15229.4533333333</dst>
            <dst id="SNVAng">2399.688</dst>
            <dst id="STTLng">3852.62933333333</dst>
            <dst id="WASHng">12266.3093333333</dst>
        </src>
        <src id="KSCYng">
            <dst id="ATLA-M5">0</dst>
            <dst id="ATLAng">2883.81866666667</dst>
            <dst id="CHINng">9918.91466666667</dst>
            <dst id="DNVRng">6599.8</dst>
            <dst id="HSTNng">3448.016</dst>
            <dst id="IPLSng">10062.224</dst>
            <dst id="KSCYng">6667.12533333333</dst>
            <dst id="LOSAng">3337.592</dst>
            <dst id="NYCMng">736.597333333333</dst>
            <dst id="SNVAng">2335.02666666667</dst>
            <dst id="STTLng">3148.272</dst>
            <dst id="WASHng">9044.30666666667</dst>
        </src>
        <src id="LOSAng">
            <dst id="ATLA-M5">26.6666666666667</dst>
            <dst id="ATLAng">52595.3333333334</dst>
            <dst id="CHINng">62849.5146666667</dst>
            <dst id="DNVRng">7079.54666666667</dst>
            <dst id="HSTNng">2894.96</dst>
            <dst id="IPLSng">18904.528</dst>
            <dst id="KSCYng">3388.91466666667</dst>
            <dst id="LOSAng">8858.224</dst>
            <dst id="NYCMng">48430.2426666667</dst>
            <dst id="SNVAng">22983.3813333333</dst>
            <dst id="STTLng">18517.272</dst>
            <dst id="WASHng">78391.6186666667</dst>
        </src>
        <src id="NYCMng">
            <dst id="ATLA-M5">1327.25333333333</dst>
            <dst id="ATLAng">12618.4106666667</dst>
            <dst id="CHINng">18280.7413333333</dst>
            <dst id="DNVRng">24647.9093333333</dst>
            <dst id="HSTNng">6069.776</dst>
            <dst id="IPLSng">25690.776</dst>
            <dst id="KSCYng">10300.248</dst>
            <dst id="LOSAng">68523.3866666667</dst>
            <dst id="NYCMng">146836.674666667</dst>
            <dst id="SNVAng">2847.96533333333</dst>
            <dst id="STTLng">24749.1093333333</dst>
            <dst id="WASHng">54775.3546666667</dst>
        </src>
        <src id="SNVAng">
            <dst id="ATLA-M5">0</dst>
            <dst id="ATLAng">141.994666666667</dst>
            <dst id="CHINng">160</dst>
            <dst id="DNVRng">1955.216</dst>
            <dst id="HSTNng">26.6666666666667</dst>
            <dst id="IPLSng">251.026666666667</dst>
            <dst id="KSCYng">26.6666666666667</dst>
            <dst id="LOSAng">29298.3253333333</dst>
            <dst id="NYCMng">26.6666666666667</dst>
            <dst id="SNVAng">8241.04533333333</dst>
            <dst id="STTLng">37296.8293333333</dst>
            <dst id="WASHng">26.6666666666667</dst>
        </src>
        <src id="STTLng">
            <dst id="ATLA-M5">53.3333333333333</dst>
            <dst id="ATLAng">8729.912</dst>
            <dst id="CHINng">13838.2106666667</dst>
            <dst id="DNVRng">2128.224</dst>
            <dst id="HSTNng">1526.05333333333</dst>
            <dst id="IPLSng">20640.1093333333</dst>
            <dst id="KSCYng">1939.53333333333</dst>
            <dst id="LOSAng">14198.6373333333</dst>
            <dst id="NYCMng">13182.504</dst>
            <dst id="SNVAng">7169.85866666667</dst>
            <dst id="STTLng">755.344</dst>
            <dst id="WASHng">6493.42133333333</dst>
        </src>
        <src id="WASHng">
            <dst id="ATLA-M5">318.778666666667</dst>
            <dst id="ATLAng">68945.368</dst>
            <dst id="CHINng">45577.5253333333</dst>
            <dst id="DNVRng">38334.208</dst>
            <dst id="HSTNng">20257.9546666667</dst>
            <dst id="IPLSng">54756.6666666667</dst>
            <dst id="KSCYng">33480.5786666667</dst>
            <dst id="LOSAng">109500.554666667</dst>
            <dst id="NYCMng">121670.274666667</dst>
            <dst id="SNVAng">5813.96266666667</dst>
            <dst id="STTLng">23513.128</dst>
            <dst id="WASHng">164513.125333333</dst>
        </src>
    </IntraTM>
</TrafficMatrixFile>
