<?xml version="1.0" encoding="ISO-8859-1" standalone="yes"?>
<TrafficMatrixFile xsi:noNamespaceSchemaLocation="http://totem.run.montefiore.ulg.ac.be/Schema/TrafficMatrix-v1_2.xsd" xmlns:xsi="http://www.w3.org/2001/XMLSchema-instance">
    <IntraTM ASID="11537">
        <src id="ATLA-M5">
            <dst id="ATLA-M5">46.176</dst>
            <dst id="ATLAng">31.9653333333333</dst>
            <dst id="CHINng">56.0373333333333</dst>
            <dst id="DNVRng">0</dst>
            <dst id="HSTNng">87.2133333333333</dst>
            <dst id="IPLSng">0</dst>
            <dst id="KSCYng">0</dst>
            <dst id="LOSAng">40</dst>
            <dst id="NYCMng">531.082666666667</dst>
            <dst id="SNVAng">54.2426666666667</dst>
            <dst id="STTLng">55.9306666666667</dst>
            <dst id="WASHng">268.136</dst>
        </src>
        <src id="ATLAng">
            <dst id="ATLA-M5">155.277333333333</dst>
            <dst id="ATLAng">40747.096</dst>
            <dst id="CHINng">4375.808</dst>
            <dst id="DNVRng">2693.664</dst>
            <dst id="HSTNng">614.352</dst>
            <dst id="IPLSng">17294.2346666667</dst>
            <dst id="KSCYng">1156.38133333333</dst>
            <dst id="LOSAng">8118.38933333333</dst>
            <dst id="NYCMng">1795.152</dst>
            <dst id="SNVAng">0</dst>
            <dst id="STTLng">2230.73866666667</dst>
            <dst id="WASHng">33980.9973333333</dst>
        </src>
        <src id="CHINng">
            <dst id="ATLA-M5">26.6666666666667</dst>
            <dst id="ATLAng">5017.05333333333</dst>
            <dst id="CHINng">29190.32</dst>
            <dst id="DNVRng">3158.91733333333</dst>
            <dst id="HSTNng">15665.4293333333</dst>
            <dst id="IPLSng">3726.568</dst>
            <dst id="KSCYng">8442.17866666666</dst>
            <dst id="LOSAng">7904.824</dst>
            <dst id="NYCMng">20079.1946666667</dst>
            <dst id="SNVAng">154.325333333333</dst>
            <dst id="STTLng">6397.53333333333</dst>
            <dst id="WASHng">15137.5973333333</dst>
        </src>
        <src id="DNVRng">
            <dst id="ATLA-M5">204.869333333333</dst>
            <dst id="ATLAng">5828.05333333333</dst>
            <dst id="CHINng">29505.1866666667</dst>
            <dst id="DNVRng">4114.104</dst>
            <dst id="HSTNng">20046.216</dst>
            <dst id="IPLSng">31518.312</dst>
            <dst id="KSCYng">11602.8986666667</dst>
            <dst id="LOSAng">3484.81866666667</dst>
            <dst id="NYCMng">13755.0373333333</dst>
            <dst id="SNVAng">5064.01066666667</dst>
            <dst id="STTLng">9135.35733333333</dst>
            <dst id="WASHng">44437.8453333333</dst>
        </src>
        <src id="HSTNng">
            <dst id="ATLA-M5">2071.57866666667</dst>
            <dst id="ATLAng">2435.48266666667</dst>
            <dst id="CHINng">6738.016</dst>
            <dst id="DNVRng">4783.39733333333</dst>
            <dst id="HSTNng">15230.64</dst>
            <dst id="IPLSng">737.938666666667</dst>
            <dst id="KSCYng">1341.87733333333</dst>
            <dst id="LOSAng">2083.26933333333</dst>
            <dst id="NYCMng">3126.344</dst>
            <dst id="SNVAng">0</dst>
            <dst id="STTLng">551.608</dst>
            <dst id="WASHng">1394.84533333333</dst>
        </src>
        <src id="IPLSng">
            <dst id="ATLA-M5">26.6666666666667</dst>
            <dst id="ATLAng">20011.3093333333</dst>
            <dst id="CHINng">22644.4613333333</dst>
            <dst id="DNVRng">9203.512</dst>
            <dst id="HSTNng">496.144</dst>
            <dst id="IPLSng">5985.89066666666</dst>
            <dst id="KSCYng">1949.02933333333</dst>
            <dst id="LOSAng">14561.1893333333</dst>
            <dst id="NYCMng">6995.66666666667</dst>
            <dst id="SNVAng">591.432</dst>
            <dst id="STTLng">6227.18133333333</dst>
            <dst id="WASHng">11449.848</dst>
        </src>
        <src id="KSCYng">
            <dst id="ATLA-M5">0</dst>
            <dst id="ATLAng">3475.416</dst>
            <dst id="CHINng">5410.33066666667</dst>
            <dst id="DNVRng">4900.17866666667</dst>
            <dst id="HSTNng">6791.16533333333</dst>
            <dst id="IPLSng">11772.1413333333</dst>
            <dst id="KSCYng">7763.616</dst>
            <dst id="LOSAng">8081.58666666667</dst>
            <dst id="NYCMng">1070.27466666667</dst>
            <dst id="SNVAng">2743.75466666667</dst>
            <dst id="STTLng">1004.65333333333</dst>
            <dst id="WASHng">9660.61333333333</dst>
        </src>
        <src id="LOSAng">
            <dst id="ATLA-M5">50.7093333333333</dst>
            <dst id="ATLAng">15265.7706666667</dst>
            <dst id="CHINng">37777.2053333333</dst>
            <dst id="DNVRng">5223.392</dst>
            <dst id="HSTNng">2257.36</dst>
            <dst id="IPLSng">10476.776</dst>
            <dst id="KSCYng">3821.63733333333</dst>
            <dst id="LOSAng">14787.8853333333</dst>
            <dst id="NYCMng">20592.2906666667</dst>
            <dst id="SNVAng">25163.4666666667</dst>
            <dst id="STTLng">32076.7946666667</dst>
            <dst id="WASHng">88385.2293333334</dst>
        </src>
        <src id="NYCMng">
            <dst id="ATLA-M5">2625.51466666667</dst>
            <dst id="ATLAng">16986.6026666667</dst>
            <dst id="CHINng">27040.4826666667</dst>
            <dst id="DNVRng">28935.7253333333</dst>
            <dst id="HSTNng">9750.26133333333</dst>
            <dst id="IPLSng">23626.5493333333</dst>
            <dst id="KSCYng">9699.98666666667</dst>
            <dst id="LOSAng">69125.472</dst>
            <dst id="NYCMng">63220.5333333333</dst>
            <dst id="SNVAng">799.288</dst>
            <dst id="STTLng">28164.1146666667</dst>
            <dst id="WASHng">39997.5946666667</dst>
        </src>
        <src id="SNVAng">
            <dst id="ATLA-M5">0</dst>
            <dst id="ATLAng">660.704</dst>
            <dst id="CHINng">80</dst>
            <dst id="DNVRng">864.258666666667</dst>
            <dst id="HSTNng">26.6666666666667</dst>
            <dst id="IPLSng">9031.04533333334</dst>
            <dst id="KSCYng">0</dst>
            <dst id="LOSAng">34740.808</dst>
            <dst id="NYCMng">140.570666666667</dst>
            <dst id="SNVAng">9171.53333333333</dst>
            <dst id="STTLng">37612.2906666667</dst>
            <dst id="WASHng">0</dst>
        </src>
        <src id="STTLng">
            <dst id="ATLA-M5">96.5333333333333</dst>
            <dst id="ATLAng">6963.84</dst>
            <dst id="CHINng">10893.536</dst>
            <dst id="DNVRng">3139.95466666667</dst>
            <dst id="HSTNng">1570.85333333333</dst>
            <dst id="IPLSng">5882.01333333333</dst>
            <dst id="KSCYng">2777.864</dst>
            <dst id="LOSAng">10397.2986666667</dst>
            <dst id="NYCMng">12202.4373333333</dst>
            <dst id="SNVAng">8022.088</dst>
            <dst id="STTLng">1325.608</dst>
            <dst id="WASHng">3403.69333333333</dst>
        </src>
        <src id="WASHng">
            <dst id="ATLA-M5">130.205333333333</dst>
            <dst id="ATLAng">95483.088</dst>
            <dst id="CHINng">48055.488</dst>
            <dst id="DNVRng">43705.6613333333</dst>
            <dst id="HSTNng">20788.312</dst>
            <dst id="IPLSng">53110.6</dst>
            <dst id="KSCYng">35942.104</dst>
            <dst id="LOSAng">113192.224</dst>
            <dst id="NYCMng">115896.034666667</dst>
            <dst id="SNVAng">604.472</dst>
            <dst id="STTLng">18968.5493333333</dst>
            <dst id="WASHng">156808.901333333</dst>
        </src>
    </IntraTM>
</TrafficMatrixFile>
