<?xml version="1.0" encoding="ISO-8859-1" standalone="yes"?>
<TrafficMatrixFile xsi:noNamespaceSchemaLocation="http://totem.run.montefiore.ulg.ac.be/Schema/TrafficMatrix-v1_2.xsd" xmlns:xsi="http://www.w3.org/2001/XMLSchema-instance">
    <IntraTM ASID="11537">
        <src id="ATLA-M5">
            <dst id="ATLA-M5">26.6666666666667</dst>
            <dst id="ATLAng">0</dst>
            <dst id="CHINng">799.376</dst>
            <dst id="DNVRng">0</dst>
            <dst id="HSTNng">35.7786666666667</dst>
            <dst id="IPLSng">0</dst>
            <dst id="KSCYng">26.6666666666667</dst>
            <dst id="LOSAng">0</dst>
            <dst id="NYCMng">114.72</dst>
            <dst id="SNVAng">41.0773333333333</dst>
            <dst id="STTLng">63.1893333333333</dst>
            <dst id="WASHng">1107.752</dst>
        </src>
        <src id="ATLAng">
            <dst id="ATLA-M5">93.8933333333333</dst>
            <dst id="ATLAng">13750.5173333333</dst>
            <dst id="CHINng">4229.15466666667</dst>
            <dst id="DNVRng">6469.32</dst>
            <dst id="HSTNng">1306.18133333333</dst>
            <dst id="IPLSng">12966.1386666667</dst>
            <dst id="KSCYng">399.789333333333</dst>
            <dst id="LOSAng">6220.496</dst>
            <dst id="NYCMng">6608.97066666667</dst>
            <dst id="SNVAng">226.304</dst>
            <dst id="STTLng">1809.41866666667</dst>
            <dst id="WASHng">18657.5946666667</dst>
        </src>
        <src id="CHINng">
            <dst id="ATLA-M5">120.922666666667</dst>
            <dst id="ATLAng">9177.344</dst>
            <dst id="CHINng">48027.656</dst>
            <dst id="DNVRng">5565.2</dst>
            <dst id="HSTNng">8336.78666666667</dst>
            <dst id="IPLSng">19941.5866666667</dst>
            <dst id="KSCYng">6080.008</dst>
            <dst id="LOSAng">29659.2213333333</dst>
            <dst id="NYCMng">21458.416</dst>
            <dst id="SNVAng">1038.25066666667</dst>
            <dst id="STTLng">8449.93866666667</dst>
            <dst id="WASHng">16170.0426666667</dst>
        </src>
        <src id="DNVRng">
            <dst id="ATLA-M5">244.330666666667</dst>
            <dst id="ATLAng">5079.28533333333</dst>
            <dst id="CHINng">48564.2293333333</dst>
            <dst id="DNVRng">8334.34133333334</dst>
            <dst id="HSTNng">19875.7093333333</dst>
            <dst id="IPLSng">31722.96</dst>
            <dst id="KSCYng">19006.5626666667</dst>
            <dst id="LOSAng">4636.736</dst>
            <dst id="NYCMng">12441.52</dst>
            <dst id="SNVAng">5933.57066666667</dst>
            <dst id="STTLng">8638.69066666666</dst>
            <dst id="WASHng">33243.264</dst>
        </src>
        <src id="HSTNng">
            <dst id="ATLA-M5">2860.984</dst>
            <dst id="ATLAng">5031.08533333333</dst>
            <dst id="CHINng">8655.54666666667</dst>
            <dst id="DNVRng">920.058666666667</dst>
            <dst id="HSTNng">12659.96</dst>
            <dst id="IPLSng">1012.128</dst>
            <dst id="KSCYng">2206.46666666667</dst>
            <dst id="LOSAng">3147.20533333333</dst>
            <dst id="NYCMng">7952.86666666667</dst>
            <dst id="SNVAng">131.584</dst>
            <dst id="STTLng">932.773333333333</dst>
            <dst id="WASHng">14297.6026666667</dst>
        </src>
        <src id="IPLSng">
            <dst id="ATLA-M5">0</dst>
            <dst id="ATLAng">10160.0826666667</dst>
            <dst id="CHINng">41309.016</dst>
            <dst id="DNVRng">8138.64533333333</dst>
            <dst id="HSTNng">3129.104</dst>
            <dst id="IPLSng">2581.03733333333</dst>
            <dst id="KSCYng">1206.22933333333</dst>
            <dst id="LOSAng">10891</dst>
            <dst id="NYCMng">5210.832</dst>
            <dst id="SNVAng">373.752</dst>
            <dst id="STTLng">4297.03466666667</dst>
            <dst id="WASHng">23322.7546666667</dst>
        </src>
        <src id="KSCYng">
            <dst id="ATLA-M5">0</dst>
            <dst id="ATLAng">4076.33066666667</dst>
            <dst id="CHINng">7165.528</dst>
            <dst id="DNVRng">5070.42666666667</dst>
            <dst id="HSTNng">15780.0453333333</dst>
            <dst id="IPLSng">12894.0133333333</dst>
            <dst id="KSCYng">10720.4666666667</dst>
            <dst id="LOSAng">7537.928</dst>
            <dst id="NYCMng">1219.28</dst>
            <dst id="SNVAng">2154.61866666667</dst>
            <dst id="STTLng">724.072</dst>
            <dst id="WASHng">8550.76533333333</dst>
        </src>
        <src id="LOSAng">
            <dst id="ATLA-M5">86.656</dst>
            <dst id="ATLAng">26614.72</dst>
            <dst id="CHINng">51693.8133333333</dst>
            <dst id="DNVRng">6255.87466666667</dst>
            <dst id="HSTNng">4041.184</dst>
            <dst id="IPLSng">10260.408</dst>
            <dst id="KSCYng">3051.656</dst>
            <dst id="LOSAng">13394.2133333333</dst>
            <dst id="NYCMng">25657.592</dst>
            <dst id="SNVAng">23591.3626666667</dst>
            <dst id="STTLng">29490.376</dst>
            <dst id="WASHng">49120.1253333333</dst>
        </src>
        <src id="NYCMng">
            <dst id="ATLA-M5">777.544</dst>
            <dst id="ATLAng">20078.288</dst>
            <dst id="CHINng">14197.4186666667</dst>
            <dst id="DNVRng">19814.3013333333</dst>
            <dst id="HSTNng">3876.63733333333</dst>
            <dst id="IPLSng">10663.448</dst>
            <dst id="KSCYng">8791.84</dst>
            <dst id="LOSAng">57504.9333333333</dst>
            <dst id="NYCMng">72449.3786666667</dst>
            <dst id="SNVAng">2169.93333333333</dst>
            <dst id="STTLng">18703.0613333333</dst>
            <dst id="WASHng">63512.9093333333</dst>
        </src>
        <src id="SNVAng">
            <dst id="ATLA-M5">0</dst>
            <dst id="ATLAng">68.6933333333333</dst>
            <dst id="CHINng">698.504</dst>
            <dst id="DNVRng">2594.648</dst>
            <dst id="HSTNng">53.3333333333333</dst>
            <dst id="IPLSng">272.378666666667</dst>
            <dst id="KSCYng">26.6666666666667</dst>
            <dst id="LOSAng">31952.576</dst>
            <dst id="NYCMng">26.6666666666667</dst>
            <dst id="SNVAng">7605.74133333333</dst>
            <dst id="STTLng">48292.8133333333</dst>
            <dst id="WASHng">154.298666666667</dst>
        </src>
        <src id="STTLng">
            <dst id="ATLA-M5">148.032</dst>
            <dst id="ATLAng">7495.896</dst>
            <dst id="CHINng">12625.096</dst>
            <dst id="DNVRng">2995.24</dst>
            <dst id="HSTNng">457.362666666667</dst>
            <dst id="IPLSng">6021.63733333333</dst>
            <dst id="KSCYng">1712.24</dst>
            <dst id="LOSAng">10226.3973333333</dst>
            <dst id="NYCMng">8857.55466666667</dst>
            <dst id="SNVAng">9436.544</dst>
            <dst id="STTLng">3343.80533333333</dst>
            <dst id="WASHng">10233.6906666667</dst>
        </src>
        <src id="WASHng">
            <dst id="ATLA-M5">7124.57333333333</dst>
            <dst id="ATLAng">95970.5226666667</dst>
            <dst id="CHINng">52103.256</dst>
            <dst id="DNVRng">62291.5333333333</dst>
            <dst id="HSTNng">19982.5786666667</dst>
            <dst id="IPLSng">65857.424</dst>
            <dst id="KSCYng">26905.5173333333</dst>
            <dst id="LOSAng">55326.9546666667</dst>
            <dst id="NYCMng">148198.344</dst>
            <dst id="SNVAng">2327.83466666667</dst>
            <dst id="STTLng">18376.16</dst>
            <dst id="WASHng">187662.898666667</dst>
        </src>
    </IntraTM>
</TrafficMatrixFile>
