<?xml version="1.0" encoding="ISO-8859-1" standalone="yes"?>
<TrafficMatrixFile xsi:noNamespaceSchemaLocation="http://totem.run.montefiore.ulg.ac.be/Schema/TrafficMatrix-v1_2.xsd" xmlns:xsi="http://www.w3.org/2001/XMLSchema-instance">
    <IntraTM ASID="11537">
        <src id="ATLA-M5">
            <dst id="ATLA-M5">0</dst>
            <dst id="ATLAng">0</dst>
            <dst id="CHINng">66.032</dst>
            <dst id="DNVRng">47.7226666666667</dst>
            <dst id="HSTNng">69.064</dst>
            <dst id="IPLSng">26.6666666666667</dst>
            <dst id="KSCYng">28.1786666666667</dst>
            <dst id="LOSAng">0</dst>
            <dst id="NYCMng">0</dst>
            <dst id="SNVAng">0</dst>
            <dst id="STTLng">0</dst>
            <dst id="WASHng">143.093333333333</dst>
        </src>
        <src id="ATLAng">
            <dst id="ATLA-M5">73.1306666666667</dst>
            <dst id="ATLAng">20400.8986666667</dst>
            <dst id="CHINng">10674.656</dst>
            <dst id="DNVRng">3211.81866666667</dst>
            <dst id="HSTNng">13870.232</dst>
            <dst id="IPLSng">21098.472</dst>
            <dst id="KSCYng">745.394666666667</dst>
            <dst id="LOSAng">10543.576</dst>
            <dst id="NYCMng">2141.688</dst>
            <dst id="SNVAng">107.746666666667</dst>
            <dst id="STTLng">4176.66666666667</dst>
            <dst id="WASHng">27074.9066666667</dst>
        </src>
        <src id="CHINng">
            <dst id="ATLA-M5">533.184</dst>
            <dst id="ATLAng">17436.8266666667</dst>
            <dst id="CHINng">103350.978666667</dst>
            <dst id="DNVRng">15941.5733333333</dst>
            <dst id="HSTNng">11262.0533333333</dst>
            <dst id="IPLSng">35301.3253333333</dst>
            <dst id="KSCYng">6696.36266666667</dst>
            <dst id="LOSAng">30450.624</dst>
            <dst id="NYCMng">8060.256</dst>
            <dst id="SNVAng">2706.89866666667</dst>
            <dst id="STTLng">8151.968</dst>
            <dst id="WASHng">21102.5333333333</dst>
        </src>
        <src id="DNVRng">
            <dst id="ATLA-M5">112</dst>
            <dst id="ATLAng">5808.52</dst>
            <dst id="CHINng">112956.157333333</dst>
            <dst id="DNVRng">11845.848</dst>
            <dst id="HSTNng">21692.808</dst>
            <dst id="IPLSng">25336.2506666667</dst>
            <dst id="KSCYng">16756.5573333333</dst>
            <dst id="LOSAng">30229.384</dst>
            <dst id="NYCMng">13757.2026666667</dst>
            <dst id="SNVAng">6907.99733333333</dst>
            <dst id="STTLng">3996.65066666667</dst>
            <dst id="WASHng">45505.0613333333</dst>
        </src>
        <src id="HSTNng">
            <dst id="ATLA-M5">3635.98933333333</dst>
            <dst id="ATLAng">2075.34666666667</dst>
            <dst id="CHINng">12103.0373333333</dst>
            <dst id="DNVRng">934.925333333333</dst>
            <dst id="HSTNng">19758.9733333333</dst>
            <dst id="IPLSng">2299.24266666667</dst>
            <dst id="KSCYng">1331.58666666667</dst>
            <dst id="LOSAng">10267.9146666667</dst>
            <dst id="NYCMng">3407.61066666667</dst>
            <dst id="SNVAng">26.6666666666667</dst>
            <dst id="STTLng">742.448</dst>
            <dst id="WASHng">5327.68533333333</dst>
        </src>
        <src id="IPLSng">
            <dst id="ATLA-M5">197.490666666667</dst>
            <dst id="ATLAng">6152.696</dst>
            <dst id="CHINng">51867.4986666667</dst>
            <dst id="DNVRng">10895.392</dst>
            <dst id="HSTNng">1546.136</dst>
            <dst id="IPLSng">12291.624</dst>
            <dst id="KSCYng">10503.2746666667</dst>
            <dst id="LOSAng">11388.368</dst>
            <dst id="NYCMng">12044.0453333333</dst>
            <dst id="SNVAng">1776.49066666667</dst>
            <dst id="STTLng">8336.15733333333</dst>
            <dst id="WASHng">18529.2906666667</dst>
        </src>
        <src id="KSCYng">
            <dst id="ATLA-M5">88.232</dst>
            <dst id="ATLAng">4529.50133333333</dst>
            <dst id="CHINng">10490.9466666667</dst>
            <dst id="DNVRng">14964.2693333333</dst>
            <dst id="HSTNng">8795.27466666667</dst>
            <dst id="IPLSng">11616.72</dst>
            <dst id="KSCYng">7582.96266666667</dst>
            <dst id="LOSAng">3271.44533333333</dst>
            <dst id="NYCMng">2583.72</dst>
            <dst id="SNVAng">2427.60533333333</dst>
            <dst id="STTLng">509.117333333333</dst>
            <dst id="WASHng">11243.7733333333</dst>
        </src>
        <src id="LOSAng">
            <dst id="ATLA-M5">53.3333333333333</dst>
            <dst id="ATLAng">18434.2</dst>
            <dst id="CHINng">68810.5306666667</dst>
            <dst id="DNVRng">6839.78666666667</dst>
            <dst id="HSTNng">2780.45333333333</dst>
            <dst id="IPLSng">14311.192</dst>
            <dst id="KSCYng">3019.76533333333</dst>
            <dst id="LOSAng">6250.32</dst>
            <dst id="NYCMng">43673.4693333333</dst>
            <dst id="SNVAng">21473.9546666667</dst>
            <dst id="STTLng">17123.3813333333</dst>
            <dst id="WASHng">77949.288</dst>
        </src>
        <src id="NYCMng">
            <dst id="ATLA-M5">6304.03733333333</dst>
            <dst id="ATLAng">21234.4666666667</dst>
            <dst id="CHINng">17469.48</dst>
            <dst id="DNVRng">25355.9333333333</dst>
            <dst id="HSTNng">8674.368</dst>
            <dst id="IPLSng">32370.4666666667</dst>
            <dst id="KSCYng">4197.16</dst>
            <dst id="LOSAng">62873.8026666667</dst>
            <dst id="NYCMng">190511.544</dst>
            <dst id="SNVAng">2304.952</dst>
            <dst id="STTLng">31785.28</dst>
            <dst id="WASHng">40498.488</dst>
        </src>
        <src id="SNVAng">
            <dst id="ATLA-M5">0</dst>
            <dst id="ATLAng">0</dst>
            <dst id="CHINng">26.6666666666667</dst>
            <dst id="DNVRng">553.872</dst>
            <dst id="HSTNng">0</dst>
            <dst id="IPLSng">227.269333333333</dst>
            <dst id="KSCYng">26.6666666666667</dst>
            <dst id="LOSAng">31724.9333333333</dst>
            <dst id="NYCMng">80</dst>
            <dst id="SNVAng">7773.248</dst>
            <dst id="STTLng">36777.8826666667</dst>
            <dst id="WASHng">53.408</dst>
        </src>
        <src id="STTLng">
            <dst id="ATLA-M5">62.3573333333333</dst>
            <dst id="ATLAng">13565.712</dst>
            <dst id="CHINng">11604.736</dst>
            <dst id="DNVRng">2208.05333333333</dst>
            <dst id="HSTNng">2745.032</dst>
            <dst id="IPLSng">15499.0693333333</dst>
            <dst id="KSCYng">1873.59466666667</dst>
            <dst id="LOSAng">17556.656</dst>
            <dst id="NYCMng">12181.6613333333</dst>
            <dst id="SNVAng">6339.64533333333</dst>
            <dst id="STTLng">1075.05333333333</dst>
            <dst id="WASHng">11284.8506666667</dst>
        </src>
        <src id="WASHng">
            <dst id="ATLA-M5">169.818666666667</dst>
            <dst id="ATLAng">240466.938666667</dst>
            <dst id="CHINng">48483.4186666667</dst>
            <dst id="DNVRng">50319.2</dst>
            <dst id="HSTNng">22716.9253333333</dst>
            <dst id="IPLSng">62658.7066666667</dst>
            <dst id="KSCYng">37883.512</dst>
            <dst id="LOSAng">84906.456</dst>
            <dst id="NYCMng">136522.157333333</dst>
            <dst id="SNVAng">4361.94133333333</dst>
            <dst id="STTLng">23769.9333333333</dst>
            <dst id="WASHng">301432.16</dst>
        </src>
    </IntraTM>
</TrafficMatrixFile>
