<?xml version="1.0" encoding="ISO-8859-1" standalone="yes"?>
<TrafficMatrixFile xsi:noNamespaceSchemaLocation="http://totem.run.montefiore.ulg.ac.be/Schema/TrafficMatrix-v1_2.xsd" xmlns:xsi="http://www.w3.org/2001/XMLSchema-instance">
    <IntraTM ASID="11537">
        <src id="ATLA-M5">
            <dst id="ATLA-M5">3903.58133333333</dst>
            <dst id="ATLAng">213.592</dst>
            <dst id="CHINng">632.024</dst>
            <dst id="DNVRng">116.096</dst>
            <dst id="HSTNng">170.933333333333</dst>
            <dst id="IPLSng">110.650666666667</dst>
            <dst id="KSCYng">108.650666666667</dst>
            <dst id="LOSAng">246.629333333333</dst>
            <dst id="NYCMng">139.064</dst>
            <dst id="SNVAng">105.432</dst>
            <dst id="STTLng">26.6666666666667</dst>
            <dst id="WASHng">426.736</dst>
        </src>
        <src id="ATLAng">
            <dst id="ATLA-M5">207.704</dst>
            <dst id="ATLAng">82183.2533333333</dst>
            <dst id="CHINng">22286.4346666667</dst>
            <dst id="DNVRng">5297.29866666667</dst>
            <dst id="HSTNng">41881.7173333333</dst>
            <dst id="IPLSng">18912.2293333333</dst>
            <dst id="KSCYng">1858.96</dst>
            <dst id="LOSAng">9162.83066666667</dst>
            <dst id="NYCMng">15706.832</dst>
            <dst id="SNVAng">10299.1346666667</dst>
            <dst id="STTLng">3943.504</dst>
            <dst id="WASHng">57543.9493333333</dst>
        </src>
        <src id="CHINng">
            <dst id="ATLA-M5">569.381333333333</dst>
            <dst id="ATLAng">20914.1226666667</dst>
            <dst id="CHINng">114626.344</dst>
            <dst id="DNVRng">10004.208</dst>
            <dst id="HSTNng">18252.1973333333</dst>
            <dst id="IPLSng">22737.768</dst>
            <dst id="KSCYng">13607.5413333333</dst>
            <dst id="LOSAng">12601.104</dst>
            <dst id="NYCMng">18921.8613333333</dst>
            <dst id="SNVAng">30981.4773333333</dst>
            <dst id="STTLng">11815.176</dst>
            <dst id="WASHng">37064.704</dst>
        </src>
        <src id="DNVRng">
            <dst id="ATLA-M5">237.888</dst>
            <dst id="ATLAng">12587.3386666667</dst>
            <dst id="CHINng">65488.512</dst>
            <dst id="DNVRng">12825.76</dst>
            <dst id="HSTNng">44919.752</dst>
            <dst id="IPLSng">34520.608</dst>
            <dst id="KSCYng">36836.0133333333</dst>
            <dst id="LOSAng">16707.1973333333</dst>
            <dst id="NYCMng">21524.12</dst>
            <dst id="SNVAng">43974.1253333333</dst>
            <dst id="STTLng">11463.7333333333</dst>
            <dst id="WASHng">73167.3413333333</dst>
        </src>
        <src id="HSTNng">
            <dst id="ATLA-M5">1898.344</dst>
            <dst id="ATLAng">4314.05866666667</dst>
            <dst id="CHINng">19717.2426666667</dst>
            <dst id="DNVRng">3681.04266666667</dst>
            <dst id="HSTNng">17267.9706666667</dst>
            <dst id="IPLSng">10901.2746666667</dst>
            <dst id="KSCYng">6700.336</dst>
            <dst id="LOSAng">4663.976</dst>
            <dst id="NYCMng">3686.32266666667</dst>
            <dst id="SNVAng">1201.176</dst>
            <dst id="STTLng">1953.69333333333</dst>
            <dst id="WASHng">10709.7466666667</dst>
        </src>
        <src id="IPLSng">
            <dst id="ATLA-M5">200.981333333333</dst>
            <dst id="ATLAng">24788.888</dst>
            <dst id="CHINng">69430.424</dst>
            <dst id="DNVRng">19114.248</dst>
            <dst id="HSTNng">4045.62666666667</dst>
            <dst id="IPLSng">19116.9466666667</dst>
            <dst id="KSCYng">8670.70933333333</dst>
            <dst id="LOSAng">5476.392</dst>
            <dst id="NYCMng">24633.8986666667</dst>
            <dst id="SNVAng">13755.3653333333</dst>
            <dst id="STTLng">12532.2533333333</dst>
            <dst id="WASHng">42743.1813333333</dst>
        </src>
        <src id="KSCYng">
            <dst id="ATLA-M5">114.298666666667</dst>
            <dst id="ATLAng">7286.71733333333</dst>
            <dst id="CHINng">15470.9573333333</dst>
            <dst id="DNVRng">15483.3413333333</dst>
            <dst id="HSTNng">5434.184</dst>
            <dst id="IPLSng">17299.6613333333</dst>
            <dst id="KSCYng">15930.6506666667</dst>
            <dst id="LOSAng">421.890666666667</dst>
            <dst id="NYCMng">2874.22666666667</dst>
            <dst id="SNVAng">7371.87466666666</dst>
            <dst id="STTLng">3701.87733333333</dst>
            <dst id="WASHng">10110.3813333333</dst>
        </src>
        <src id="LOSAng">
            <dst id="ATLA-M5">1171.22666666667</dst>
            <dst id="ATLAng">37260.3893333333</dst>
            <dst id="CHINng">93190.736</dst>
            <dst id="DNVRng">12924.592</dst>
            <dst id="HSTNng">17080.5893333333</dst>
            <dst id="IPLSng">19129.904</dst>
            <dst id="KSCYng">4895.70933333333</dst>
            <dst id="LOSAng">17370.96</dst>
            <dst id="NYCMng">54694.824</dst>
            <dst id="SNVAng">33737.968</dst>
            <dst id="STTLng">17048.704</dst>
            <dst id="WASHng">113100.464</dst>
        </src>
        <src id="NYCMng">
            <dst id="ATLA-M5">558.586666666667</dst>
            <dst id="ATLAng">48535.8746666667</dst>
            <dst id="CHINng">39831.6506666667</dst>
            <dst id="DNVRng">33192.688</dst>
            <dst id="HSTNng">24708.1946666667</dst>
            <dst id="IPLSng">37609.952</dst>
            <dst id="KSCYng">9349.40533333333</dst>
            <dst id="LOSAng">7684.53866666667</dst>
            <dst id="NYCMng">141237.349333333</dst>
            <dst id="SNVAng">59306.672</dst>
            <dst id="STTLng">15974.32</dst>
            <dst id="WASHng">105698.856</dst>
        </src>
        <src id="SNVAng">
            <dst id="ATLA-M5">0</dst>
            <dst id="ATLAng">512.064</dst>
            <dst id="CHINng">230.901333333333</dst>
            <dst id="DNVRng">43884.048</dst>
            <dst id="HSTNng">80.6773333333333</dst>
            <dst id="IPLSng">6277.61333333333</dst>
            <dst id="KSCYng">0</dst>
            <dst id="LOSAng">1004.17066666667</dst>
            <dst id="NYCMng">2093.50666666667</dst>
            <dst id="SNVAng">45387.856</dst>
            <dst id="STTLng">46096.6933333333</dst>
            <dst id="WASHng">1258.13066666667</dst>
        </src>
        <src id="STTLng">
            <dst id="ATLA-M5">53.3333333333333</dst>
            <dst id="ATLAng">12585.3333333333</dst>
            <dst id="CHINng">30887.68</dst>
            <dst id="DNVRng">5726.73333333333</dst>
            <dst id="HSTNng">7535.07466666667</dst>
            <dst id="IPLSng">10558.872</dst>
            <dst id="KSCYng">3902.62933333333</dst>
            <dst id="LOSAng">2556.89066666667</dst>
            <dst id="NYCMng">15250.8266666667</dst>
            <dst id="SNVAng">15491.6693333333</dst>
            <dst id="STTLng">5005.34933333333</dst>
            <dst id="WASHng">21541.4213333333</dst>
        </src>
        <src id="WASHng">
            <dst id="ATLA-M5">3234.584</dst>
            <dst id="ATLAng">162915.368</dst>
            <dst id="CHINng">96573.7733333333</dst>
            <dst id="DNVRng">41509.6933333333</dst>
            <dst id="HSTNng">34354.512</dst>
            <dst id="IPLSng">47505.408</dst>
            <dst id="KSCYng">19202.1573333333</dst>
            <dst id="LOSAng">72714.8346666666</dst>
            <dst id="NYCMng">216315.701333333</dst>
            <dst id="SNVAng">34964.1786666667</dst>
            <dst id="STTLng">28616.1066666667</dst>
            <dst id="WASHng">331750.96</dst>
        </src>
    </IntraTM>
</TrafficMatrixFile>
