<?xml version="1.0" encoding="ISO-8859-1" standalone="yes"?>
<TrafficMatrixFile xsi:noNamespaceSchemaLocation="http://totem.run.montefiore.ulg.ac.be/Schema/TrafficMatrix-v1_2.xsd" xmlns:xsi="http://www.w3.org/2001/XMLSchema-instance">
    <IntraTM ASID="11537">
        <src id="ATLA-M5">
            <dst id="ATLA-M5">189.936</dst>
            <dst id="ATLAng">0</dst>
            <dst id="CHINng">108.794666666667</dst>
            <dst id="DNVRng">0</dst>
            <dst id="HSTNng">71.1333333333333</dst>
            <dst id="IPLSng">0</dst>
            <dst id="KSCYng">0</dst>
            <dst id="LOSAng">26.6666666666667</dst>
            <dst id="NYCMng">53.3333333333333</dst>
            <dst id="SNVAng">0</dst>
            <dst id="STTLng">70.6613333333333</dst>
            <dst id="WASHng">160.042666666667</dst>
        </src>
        <src id="ATLAng">
            <dst id="ATLA-M5">73.744</dst>
            <dst id="ATLAng">24073.8106666667</dst>
            <dst id="CHINng">6273.864</dst>
            <dst id="DNVRng">4280.79733333333</dst>
            <dst id="HSTNng">19240.888</dst>
            <dst id="IPLSng">11865.7706666667</dst>
            <dst id="KSCYng">754.018666666667</dst>
            <dst id="LOSAng">10896.9653333333</dst>
            <dst id="NYCMng">5301.85066666667</dst>
            <dst id="SNVAng">40</dst>
            <dst id="STTLng">3857.67466666667</dst>
            <dst id="WASHng">22208.1093333333</dst>
        </src>
        <src id="CHINng">
            <dst id="ATLA-M5">70.0533333333333</dst>
            <dst id="ATLAng">9115.79733333333</dst>
            <dst id="CHINng">89736.3733333333</dst>
            <dst id="DNVRng">9683.43466666667</dst>
            <dst id="HSTNng">7590.92266666667</dst>
            <dst id="IPLSng">33961.136</dst>
            <dst id="KSCYng">12132.5786666667</dst>
            <dst id="LOSAng">40605.376</dst>
            <dst id="NYCMng">29121.0986666667</dst>
            <dst id="SNVAng">2199.45333333333</dst>
            <dst id="STTLng">4850.90133333333</dst>
            <dst id="WASHng">6987.312</dst>
        </src>
        <src id="DNVRng">
            <dst id="ATLA-M5">120.96</dst>
            <dst id="ATLAng">7274.46933333333</dst>
            <dst id="CHINng">32619.4373333333</dst>
            <dst id="DNVRng">13465.9413333333</dst>
            <dst id="HSTNng">25751.368</dst>
            <dst id="IPLSng">34886.2293333333</dst>
            <dst id="KSCYng">21779.288</dst>
            <dst id="LOSAng">8829.176</dst>
            <dst id="NYCMng">14744.288</dst>
            <dst id="SNVAng">8785.304</dst>
            <dst id="STTLng">4108.37866666667</dst>
            <dst id="WASHng">39609.8293333333</dst>
        </src>
        <src id="HSTNng">
            <dst id="ATLA-M5">3724.072</dst>
            <dst id="ATLAng">2742.64266666667</dst>
            <dst id="CHINng">12613.288</dst>
            <dst id="DNVRng">6243.69066666667</dst>
            <dst id="HSTNng">15761.336</dst>
            <dst id="IPLSng">7240.32266666667</dst>
            <dst id="KSCYng">745.789333333334</dst>
            <dst id="LOSAng">1361.032</dst>
            <dst id="NYCMng">1903.83733333333</dst>
            <dst id="SNVAng">26.6666666666667</dst>
            <dst id="STTLng">621.68</dst>
            <dst id="WASHng">14840.7386666667</dst>
        </src>
        <src id="IPLSng">
            <dst id="ATLA-M5">0</dst>
            <dst id="ATLAng">22261.3786666667</dst>
            <dst id="CHINng">47207.1333333333</dst>
            <dst id="DNVRng">5754.90933333333</dst>
            <dst id="HSTNng">5000.872</dst>
            <dst id="IPLSng">23827.672</dst>
            <dst id="KSCYng">19108.7546666667</dst>
            <dst id="LOSAng">13768.88</dst>
            <dst id="NYCMng">7168.82666666667</dst>
            <dst id="SNVAng">100.56</dst>
            <dst id="STTLng">12595.9493333333</dst>
            <dst id="WASHng">17430.9626666667</dst>
        </src>
        <src id="KSCYng">
            <dst id="ATLA-M5">26.6666666666667</dst>
            <dst id="ATLAng">9299.92533333333</dst>
            <dst id="CHINng">13404.7866666667</dst>
            <dst id="DNVRng">4694.456</dst>
            <dst id="HSTNng">3090.12</dst>
            <dst id="IPLSng">26331.792</dst>
            <dst id="KSCYng">13491.3466666667</dst>
            <dst id="LOSAng">3236.62933333333</dst>
            <dst id="NYCMng">2416.92</dst>
            <dst id="SNVAng">1839.98666666667</dst>
            <dst id="STTLng">955.864</dst>
            <dst id="WASHng">13286.296</dst>
        </src>
        <src id="LOSAng">
            <dst id="ATLA-M5">841.322666666667</dst>
            <dst id="ATLAng">13977.5786666667</dst>
            <dst id="CHINng">49833.6586666667</dst>
            <dst id="DNVRng">6646.144</dst>
            <dst id="HSTNng">3270.48</dst>
            <dst id="IPLSng">14816.9786666667</dst>
            <dst id="KSCYng">3670.76</dst>
            <dst id="LOSAng">16205.2453333333</dst>
            <dst id="NYCMng">18547.584</dst>
            <dst id="SNVAng">22888.12</dst>
            <dst id="STTLng">18987.7466666667</dst>
            <dst id="WASHng">81028.3573333334</dst>
        </src>
        <src id="NYCMng">
            <dst id="ATLA-M5">330.341333333333</dst>
            <dst id="ATLAng">13735.3013333333</dst>
            <dst id="CHINng">23407.8666666667</dst>
            <dst id="DNVRng">20471.4373333333</dst>
            <dst id="HSTNng">5701.312</dst>
            <dst id="IPLSng">10991.888</dst>
            <dst id="KSCYng">4995.056</dst>
            <dst id="LOSAng">42295.6986666667</dst>
            <dst id="NYCMng">115498.458666667</dst>
            <dst id="SNVAng">405.605333333333</dst>
            <dst id="STTLng">24960.432</dst>
            <dst id="WASHng">39862.1706666667</dst>
        </src>
        <src id="SNVAng">
            <dst id="ATLA-M5">0</dst>
            <dst id="ATLAng">58.3733333333333</dst>
            <dst id="CHINng">137.050666666667</dst>
            <dst id="DNVRng">9916.368</dst>
            <dst id="HSTNng">56.08</dst>
            <dst id="IPLSng">230.112</dst>
            <dst id="KSCYng">26.6666666666667</dst>
            <dst id="LOSAng">28459.8</dst>
            <dst id="NYCMng">0</dst>
            <dst id="SNVAng">7790.576</dst>
            <dst id="STTLng">36485.928</dst>
            <dst id="WASHng">203.386666666667</dst>
        </src>
        <src id="STTLng">
            <dst id="ATLA-M5">185.770666666667</dst>
            <dst id="ATLAng">6926.65066666667</dst>
            <dst id="CHINng">14549.6453333333</dst>
            <dst id="DNVRng">1399.08533333333</dst>
            <dst id="HSTNng">892.722666666667</dst>
            <dst id="IPLSng">6047.72266666667</dst>
            <dst id="KSCYng">959.325333333333</dst>
            <dst id="LOSAng">6982.51733333333</dst>
            <dst id="NYCMng">6107.60266666667</dst>
            <dst id="SNVAng">8895.096</dst>
            <dst id="STTLng">1172.192</dst>
            <dst id="WASHng">6246.208</dst>
        </src>
        <src id="WASHng">
            <dst id="ATLA-M5">469.344</dst>
            <dst id="ATLAng">105944.506666667</dst>
            <dst id="CHINng">50040.5573333333</dst>
            <dst id="DNVRng">60243.488</dst>
            <dst id="HSTNng">22944.8586666667</dst>
            <dst id="IPLSng">62175.824</dst>
            <dst id="KSCYng">32554.6613333333</dst>
            <dst id="LOSAng">89418.9066666667</dst>
            <dst id="NYCMng">180987.997333333</dst>
            <dst id="SNVAng">1425.29866666667</dst>
            <dst id="STTLng">28862.328</dst>
            <dst id="WASHng">188949.192</dst>
        </src>
    </IntraTM>
</TrafficMatrixFile>
