<?xml version="1.0" encoding="ISO-8859-1" standalone="yes"?>
<TrafficMatrixFile xsi:noNamespaceSchemaLocation="http://totem.run.montefiore.ulg.ac.be/Schema/TrafficMatrix-v1_2.xsd" xmlns:xsi="http://www.w3.org/2001/XMLSchema-instance">
    <IntraTM ASID="11537">
        <src id="ATLA-M5">
            <dst id="ATLA-M5">0</dst>
            <dst id="ATLAng">53.3333333333333</dst>
            <dst id="CHINng">161.618666666667</dst>
            <dst id="DNVRng">26.6666666666667</dst>
            <dst id="HSTNng">66.824</dst>
            <dst id="IPLSng">0</dst>
            <dst id="KSCYng">0</dst>
            <dst id="LOSAng">26.6666666666667</dst>
            <dst id="NYCMng">90.7626666666667</dst>
            <dst id="SNVAng">0</dst>
            <dst id="STTLng">221.432</dst>
            <dst id="WASHng">145.896</dst>
        </src>
        <src id="ATLAng">
            <dst id="ATLA-M5">122.042666666667</dst>
            <dst id="ATLAng">21731.4586666667</dst>
            <dst id="CHINng">4208.67733333333</dst>
            <dst id="DNVRng">2264.12533333333</dst>
            <dst id="HSTNng">29049.0773333333</dst>
            <dst id="IPLSng">10724.384</dst>
            <dst id="KSCYng">2678.27466666667</dst>
            <dst id="LOSAng">13121.4693333333</dst>
            <dst id="NYCMng">2755.41866666667</dst>
            <dst id="SNVAng">46.0213333333333</dst>
            <dst id="STTLng">4019.13066666667</dst>
            <dst id="WASHng">24417.7733333333</dst>
        </src>
        <src id="CHINng">
            <dst id="ATLA-M5">53.3333333333333</dst>
            <dst id="ATLAng">8973.24266666667</dst>
            <dst id="CHINng">60153.0853333333</dst>
            <dst id="DNVRng">9913.16533333333</dst>
            <dst id="HSTNng">6192.13866666667</dst>
            <dst id="IPLSng">30924.0506666667</dst>
            <dst id="KSCYng">7109.33333333333</dst>
            <dst id="LOSAng">30248.704</dst>
            <dst id="NYCMng">25241.4613333333</dst>
            <dst id="SNVAng">6413.18666666667</dst>
            <dst id="STTLng">4384.24533333333</dst>
            <dst id="WASHng">19135.304</dst>
        </src>
        <src id="DNVRng">
            <dst id="ATLA-M5">52</dst>
            <dst id="ATLAng">5632.83466666667</dst>
            <dst id="CHINng">44316.24</dst>
            <dst id="DNVRng">10184.632</dst>
            <dst id="HSTNng">25292.896</dst>
            <dst id="IPLSng">28651.128</dst>
            <dst id="KSCYng">22830.2453333333</dst>
            <dst id="LOSAng">8945.14666666667</dst>
            <dst id="NYCMng">15798.1626666667</dst>
            <dst id="SNVAng">10578.952</dst>
            <dst id="STTLng">3776.768</dst>
            <dst id="WASHng">44034.1786666667</dst>
        </src>
        <src id="HSTNng">
            <dst id="ATLA-M5">1020.66933333333</dst>
            <dst id="ATLAng">3316.98933333333</dst>
            <dst id="CHINng">8210.552</dst>
            <dst id="DNVRng">2341.872</dst>
            <dst id="HSTNng">17856.952</dst>
            <dst id="IPLSng">11874.8613333333</dst>
            <dst id="KSCYng">1516.96</dst>
            <dst id="LOSAng">857.84</dst>
            <dst id="NYCMng">2201.95733333333</dst>
            <dst id="SNVAng">26.6666666666667</dst>
            <dst id="STTLng">412.304</dst>
            <dst id="WASHng">5451.05333333333</dst>
        </src>
        <src id="IPLSng">
            <dst id="ATLA-M5">180.930666666667</dst>
            <dst id="ATLAng">15978.168</dst>
            <dst id="CHINng">67977.968</dst>
            <dst id="DNVRng">6990.63466666667</dst>
            <dst id="HSTNng">1885.04533333333</dst>
            <dst id="IPLSng">12724.536</dst>
            <dst id="KSCYng">13044.2853333333</dst>
            <dst id="LOSAng">14888.008</dst>
            <dst id="NYCMng">4669.008</dst>
            <dst id="SNVAng">2847.352</dst>
            <dst id="STTLng">10637.3413333333</dst>
            <dst id="WASHng">20949.736</dst>
        </src>
        <src id="KSCYng">
            <dst id="ATLA-M5">26.6666666666667</dst>
            <dst id="ATLAng">7166.88266666667</dst>
            <dst id="CHINng">12806.2106666667</dst>
            <dst id="DNVRng">9861.33333333333</dst>
            <dst id="HSTNng">2715.05866666667</dst>
            <dst id="IPLSng">16198.8186666667</dst>
            <dst id="KSCYng">13336.664</dst>
            <dst id="LOSAng">3106.94933333333</dst>
            <dst id="NYCMng">2308.89066666667</dst>
            <dst id="SNVAng">2015.38666666667</dst>
            <dst id="STTLng">2594.43466666667</dst>
            <dst id="WASHng">12612.2106666667</dst>
        </src>
        <src id="LOSAng">
            <dst id="ATLA-M5">933.266666666667</dst>
            <dst id="ATLAng">14987.84</dst>
            <dst id="CHINng">59858.7226666667</dst>
            <dst id="DNVRng">8484.94133333333</dst>
            <dst id="HSTNng">14157.3413333333</dst>
            <dst id="IPLSng">36518.4746666667</dst>
            <dst id="KSCYng">5647.31466666667</dst>
            <dst id="LOSAng">8635.99466666666</dst>
            <dst id="NYCMng">18463.5866666667</dst>
            <dst id="SNVAng">32365.736</dst>
            <dst id="STTLng">18000.208</dst>
            <dst id="WASHng">74315.104</dst>
        </src>
        <src id="NYCMng">
            <dst id="ATLA-M5">729.784</dst>
            <dst id="ATLAng">11282.3786666667</dst>
            <dst id="CHINng">25384.056</dst>
            <dst id="DNVRng">30633.632</dst>
            <dst id="HSTNng">6709.37333333333</dst>
            <dst id="IPLSng">17049.032</dst>
            <dst id="KSCYng">5923.528</dst>
            <dst id="LOSAng">52248.6</dst>
            <dst id="NYCMng">123659.293333333</dst>
            <dst id="SNVAng">402.797333333333</dst>
            <dst id="STTLng">22804.2506666667</dst>
            <dst id="WASHng">42677.8186666667</dst>
        </src>
        <src id="SNVAng">
            <dst id="ATLA-M5">0</dst>
            <dst id="ATLAng">26.6666666666667</dst>
            <dst id="CHINng">26.6666666666667</dst>
            <dst id="DNVRng">2626.048</dst>
            <dst id="HSTNng">32.8746666666667</dst>
            <dst id="IPLSng">232.717333333333</dst>
            <dst id="KSCYng">0</dst>
            <dst id="LOSAng">27156.4826666667</dst>
            <dst id="NYCMng">80</dst>
            <dst id="SNVAng">7082.744</dst>
            <dst id="STTLng">33216.488</dst>
            <dst id="WASHng">26.6666666666667</dst>
        </src>
        <src id="STTLng">
            <dst id="ATLA-M5">156</dst>
            <dst id="ATLAng">8184.656</dst>
            <dst id="CHINng">16379.44</dst>
            <dst id="DNVRng">2200.39733333333</dst>
            <dst id="HSTNng">1089.83733333333</dst>
            <dst id="IPLSng">6679.936</dst>
            <dst id="KSCYng">1775.29333333333</dst>
            <dst id="LOSAng">8190.76266666667</dst>
            <dst id="NYCMng">7461.95466666667</dst>
            <dst id="SNVAng">9129.25066666667</dst>
            <dst id="STTLng">1448.93866666667</dst>
            <dst id="WASHng">5685.39733333333</dst>
        </src>
        <src id="WASHng">
            <dst id="ATLA-M5">407.189333333333</dst>
            <dst id="ATLAng">48351.1706666667</dst>
            <dst id="CHINng">68515.5226666667</dst>
            <dst id="DNVRng">46984.0293333333</dst>
            <dst id="HSTNng">12919.072</dst>
            <dst id="IPLSng">46119.6293333333</dst>
            <dst id="KSCYng">33696.1493333333</dst>
            <dst id="LOSAng">97519.4773333333</dst>
            <dst id="NYCMng">148180.864</dst>
            <dst id="SNVAng">1618.28</dst>
            <dst id="STTLng">38002.0053333333</dst>
            <dst id="WASHng">199715.101333333</dst>
        </src>
    </IntraTM>
</TrafficMatrixFile>
