<?xml version="1.0" encoding="ISO-8859-1" standalone="yes"?>
<TrafficMatrixFile xsi:noNamespaceSchemaLocation="http://totem.run.montefiore.ulg.ac.be/Schema/TrafficMatrix-v1_2.xsd" xmlns:xsi="http://www.w3.org/2001/XMLSchema-instance">
    <IntraTM ASID="11537">
        <src id="ATLA-M5">
            <dst id="ATLA-M5">26.6666666666667</dst>
            <dst id="ATLAng">0</dst>
            <dst id="CHINng">140.064</dst>
            <dst id="DNVRng">26.6666666666667</dst>
            <dst id="HSTNng">54.1493333333333</dst>
            <dst id="IPLSng">70.2933333333333</dst>
            <dst id="KSCYng">0</dst>
            <dst id="LOSAng">0</dst>
            <dst id="NYCMng">80</dst>
            <dst id="SNVAng">0</dst>
            <dst id="STTLng">188.16</dst>
            <dst id="WASHng">647.850666666667</dst>
        </src>
        <src id="ATLAng">
            <dst id="ATLA-M5">125.237333333333</dst>
            <dst id="ATLAng">20985.52</dst>
            <dst id="CHINng">13748.232</dst>
            <dst id="DNVRng">2639.008</dst>
            <dst id="HSTNng">41590.72</dst>
            <dst id="IPLSng">27267.3173333333</dst>
            <dst id="KSCYng">464.317333333333</dst>
            <dst id="LOSAng">6019.12933333333</dst>
            <dst id="NYCMng">3991.976</dst>
            <dst id="SNVAng">4643.62266666667</dst>
            <dst id="STTLng">4488.592</dst>
            <dst id="WASHng">19509.2906666667</dst>
        </src>
        <src id="CHINng">
            <dst id="ATLA-M5">0</dst>
            <dst id="ATLAng">31883.8853333333</dst>
            <dst id="CHINng">56953.2266666667</dst>
            <dst id="DNVRng">9881.05866666667</dst>
            <dst id="HSTNng">8270.02666666667</dst>
            <dst id="IPLSng">8506.63733333334</dst>
            <dst id="KSCYng">6885.088</dst>
            <dst id="LOSAng">3229.048</dst>
            <dst id="NYCMng">9250.06933333333</dst>
            <dst id="SNVAng">24330.1253333333</dst>
            <dst id="STTLng">6946.58133333333</dst>
            <dst id="WASHng">16411.1386666667</dst>
        </src>
        <src id="DNVRng">
            <dst id="ATLA-M5">68.96</dst>
            <dst id="ATLAng">6683.74666666667</dst>
            <dst id="CHINng">43974.6</dst>
            <dst id="DNVRng">7807.54133333333</dst>
            <dst id="HSTNng">23687.9413333333</dst>
            <dst id="IPLSng">24510.4773333333</dst>
            <dst id="KSCYng">19694.6586666667</dst>
            <dst id="LOSAng">2472.016</dst>
            <dst id="NYCMng">21577.5226666667</dst>
            <dst id="SNVAng">17347.8453333333</dst>
            <dst id="STTLng">5329.62666666667</dst>
            <dst id="WASHng">32803.2453333333</dst>
        </src>
        <src id="HSTNng">
            <dst id="ATLA-M5">2782.32533333333</dst>
            <dst id="ATLAng">2358.39733333333</dst>
            <dst id="CHINng">5738.79466666667</dst>
            <dst id="DNVRng">2412.62133333333</dst>
            <dst id="HSTNng">11869.0106666667</dst>
            <dst id="IPLSng">1277.35733333333</dst>
            <dst id="KSCYng">1085.71466666667</dst>
            <dst id="LOSAng">1529.664</dst>
            <dst id="NYCMng">1935.76</dst>
            <dst id="SNVAng">53.3333333333333</dst>
            <dst id="STTLng">1550.31466666667</dst>
            <dst id="WASHng">2918.64</dst>
        </src>
        <src id="IPLSng">
            <dst id="ATLA-M5">3260.90933333333</dst>
            <dst id="ATLAng">8177.27466666667</dst>
            <dst id="CHINng">51807.7733333333</dst>
            <dst id="DNVRng">7870.24</dst>
            <dst id="HSTNng">6462.37066666667</dst>
            <dst id="IPLSng">10172.3093333333</dst>
            <dst id="KSCYng">9300.17866666667</dst>
            <dst id="LOSAng">2081.86666666667</dst>
            <dst id="NYCMng">12692.3066666667</dst>
            <dst id="SNVAng">6926.69066666667</dst>
            <dst id="STTLng">7754.77066666667</dst>
            <dst id="WASHng">20012.5226666667</dst>
        </src>
        <src id="KSCYng">
            <dst id="ATLA-M5">0</dst>
            <dst id="ATLAng">2783.31466666667</dst>
            <dst id="CHINng">13678.528</dst>
            <dst id="DNVRng">4975.90666666667</dst>
            <dst id="HSTNng">3000.976</dst>
            <dst id="IPLSng">9229.688</dst>
            <dst id="KSCYng">10944.944</dst>
            <dst id="LOSAng">293.592</dst>
            <dst id="NYCMng">2021.61066666667</dst>
            <dst id="SNVAng">6332.48533333333</dst>
            <dst id="STTLng">1310.496</dst>
            <dst id="WASHng">7771.43733333333</dst>
        </src>
        <src id="LOSAng">
            <dst id="ATLA-M5">0</dst>
            <dst id="ATLAng">20587.392</dst>
            <dst id="CHINng">42727.1946666667</dst>
            <dst id="DNVRng">7062.768</dst>
            <dst id="HSTNng">13500.5706666667</dst>
            <dst id="IPLSng">11952.3813333333</dst>
            <dst id="KSCYng">2229.22933333333</dst>
            <dst id="LOSAng">17771.4613333333</dst>
            <dst id="NYCMng">30383.6986666667</dst>
            <dst id="SNVAng">23590.16</dst>
            <dst id="STTLng">24697.3306666667</dst>
            <dst id="WASHng">79035.4373333333</dst>
        </src>
        <src id="NYCMng">
            <dst id="ATLA-M5">1762.65066666667</dst>
            <dst id="ATLAng">19496.44</dst>
            <dst id="CHINng">25570.4533333333</dst>
            <dst id="DNVRng">20981.056</dst>
            <dst id="HSTNng">4043.45866666667</dst>
            <dst id="IPLSng">7097.60533333333</dst>
            <dst id="KSCYng">6447.64</dst>
            <dst id="LOSAng">8839.8</dst>
            <dst id="NYCMng">109708.773333333</dst>
            <dst id="SNVAng">51100.248</dst>
            <dst id="STTLng">44701.1866666667</dst>
            <dst id="WASHng">47749.6693333333</dst>
        </src>
        <src id="SNVAng">
            <dst id="ATLA-M5">0</dst>
            <dst id="ATLAng">53.3333333333333</dst>
            <dst id="CHINng">83.288</dst>
            <dst id="DNVRng">5955</dst>
            <dst id="HSTNng">0</dst>
            <dst id="IPLSng">272.701333333333</dst>
            <dst id="KSCYng">26.6666666666667</dst>
            <dst id="LOSAng">2302.87733333333</dst>
            <dst id="NYCMng">53.3333333333333</dst>
            <dst id="SNVAng">35908.312</dst>
            <dst id="STTLng">45093.552</dst>
            <dst id="WASHng">0</dst>
        </src>
        <src id="STTLng">
            <dst id="ATLA-M5">0</dst>
            <dst id="ATLAng">4948.64</dst>
            <dst id="CHINng">23502.1146666667</dst>
            <dst id="DNVRng">4638.352</dst>
            <dst id="HSTNng">1225.05333333333</dst>
            <dst id="IPLSng">7297.38666666667</dst>
            <dst id="KSCYng">3672.248</dst>
            <dst id="LOSAng">5527.136</dst>
            <dst id="NYCMng">18944.0613333333</dst>
            <dst id="SNVAng">18654.256</dst>
            <dst id="STTLng">1891.776</dst>
            <dst id="WASHng">3843.68266666667</dst>
        </src>
        <src id="WASHng">
            <dst id="ATLA-M5">75.4026666666667</dst>
            <dst id="ATLAng">83063.552</dst>
            <dst id="CHINng">63094.768</dst>
            <dst id="DNVRng">33157.0533333333</dst>
            <dst id="HSTNng">26112.6373333333</dst>
            <dst id="IPLSng">26182.4906666667</dst>
            <dst id="KSCYng">34480.496</dst>
            <dst id="LOSAng">66782.1386666667</dst>
            <dst id="NYCMng">143237.525333333</dst>
            <dst id="SNVAng">29567.8933333333</dst>
            <dst id="STTLng">33854.7866666667</dst>
            <dst id="WASHng">170906.754666667</dst>
        </src>
    </IntraTM>
</TrafficMatrixFile>
