<?xml version="1.0" encoding="ISO-8859-1" standalone="yes"?>
<TrafficMatrixFile xsi:noNamespaceSchemaLocation="http://totem.run.montefiore.ulg.ac.be/Schema/TrafficMatrix-v1_2.xsd" xmlns:xsi="http://www.w3.org/2001/XMLSchema-instance">
    <IntraTM ASID="11537">
        <src id="ATLA-M5">
            <dst id="ATLA-M5">0</dst>
            <dst id="ATLAng">53.3333333333333</dst>
            <dst id="CHINng">26.6666666666667</dst>
            <dst id="DNVRng">0</dst>
            <dst id="HSTNng">0</dst>
            <dst id="IPLSng">64.1066666666667</dst>
            <dst id="KSCYng">26.6666666666667</dst>
            <dst id="LOSAng">0</dst>
            <dst id="NYCMng">0</dst>
            <dst id="SNVAng">0</dst>
            <dst id="STTLng">26.6666666666667</dst>
            <dst id="WASHng">354.090666666667</dst>
        </src>
        <src id="ATLAng">
            <dst id="ATLA-M5">89.2266666666667</dst>
            <dst id="ATLAng">23960.3066666667</dst>
            <dst id="CHINng">7998.4</dst>
            <dst id="DNVRng">2691.41333333333</dst>
            <dst id="HSTNng">39693.0666666667</dst>
            <dst id="IPLSng">12964.496</dst>
            <dst id="KSCYng">857.517333333333</dst>
            <dst id="LOSAng">6024.83466666667</dst>
            <dst id="NYCMng">3821.18933333333</dst>
            <dst id="SNVAng">4260.808</dst>
            <dst id="STTLng">2325.75733333333</dst>
            <dst id="WASHng">16815.6773333333</dst>
        </src>
        <src id="CHINng">
            <dst id="ATLA-M5">27.232</dst>
            <dst id="ATLAng">14041.04</dst>
            <dst id="CHINng">69116.3733333334</dst>
            <dst id="DNVRng">15844.552</dst>
            <dst id="HSTNng">8409.568</dst>
            <dst id="IPLSng">15258.9093333333</dst>
            <dst id="KSCYng">6538.74666666667</dst>
            <dst id="LOSAng">3020.57866666667</dst>
            <dst id="NYCMng">7952.67466666667</dst>
            <dst id="SNVAng">25996.016</dst>
            <dst id="STTLng">5334.776</dst>
            <dst id="WASHng">22920.7946666667</dst>
        </src>
        <src id="DNVRng">
            <dst id="ATLA-M5">191.466666666667</dst>
            <dst id="ATLAng">13361.9706666667</dst>
            <dst id="CHINng">38291.6</dst>
            <dst id="DNVRng">2950.736</dst>
            <dst id="HSTNng">20560.048</dst>
            <dst id="IPLSng">25784.4773333333</dst>
            <dst id="KSCYng">7294.424</dst>
            <dst id="LOSAng">1543.40266666667</dst>
            <dst id="NYCMng">14514.0586666667</dst>
            <dst id="SNVAng">12533.7146666667</dst>
            <dst id="STTLng">4476.30666666667</dst>
            <dst id="WASHng">33579.4853333333</dst>
        </src>
        <src id="HSTNng">
            <dst id="ATLA-M5">94.72</dst>
            <dst id="ATLAng">1795.33066666667</dst>
            <dst id="CHINng">7691.40533333333</dst>
            <dst id="DNVRng">2358.71733333333</dst>
            <dst id="HSTNng">15832.344</dst>
            <dst id="IPLSng">1091.79733333333</dst>
            <dst id="KSCYng">1420.952</dst>
            <dst id="LOSAng">1590.68</dst>
            <dst id="NYCMng">2304.86933333333</dst>
            <dst id="SNVAng">600.432</dst>
            <dst id="STTLng">1709.97066666667</dst>
            <dst id="WASHng">3324.736</dst>
        </src>
        <src id="IPLSng">
            <dst id="ATLA-M5">2634.41066666667</dst>
            <dst id="ATLAng">11176.5626666667</dst>
            <dst id="CHINng">52773.592</dst>
            <dst id="DNVRng">7265.168</dst>
            <dst id="HSTNng">3649.656</dst>
            <dst id="IPLSng">13622.3386666667</dst>
            <dst id="KSCYng">4247.568</dst>
            <dst id="LOSAng">8300.93866666667</dst>
            <dst id="NYCMng">6360.984</dst>
            <dst id="SNVAng">7362.496</dst>
            <dst id="STTLng">8060.11733333333</dst>
            <dst id="WASHng">46269.4373333333</dst>
        </src>
        <src id="KSCYng">
            <dst id="ATLA-M5">26.6666666666667</dst>
            <dst id="ATLAng">2712.30666666667</dst>
            <dst id="CHINng">10830.2026666667</dst>
            <dst id="DNVRng">4382.32266666667</dst>
            <dst id="HSTNng">3742.06133333333</dst>
            <dst id="IPLSng">7389.33333333333</dst>
            <dst id="KSCYng">5526.27733333333</dst>
            <dst id="LOSAng">221.309333333333</dst>
            <dst id="NYCMng">1617.19733333333</dst>
            <dst id="SNVAng">7156.31466666667</dst>
            <dst id="STTLng">844.224</dst>
            <dst id="WASHng">7559.21866666667</dst>
        </src>
        <src id="LOSAng">
            <dst id="ATLA-M5">26.6666666666667</dst>
            <dst id="ATLAng">15776.7253333333</dst>
            <dst id="CHINng">35476.4026666667</dst>
            <dst id="DNVRng">9591.57066666667</dst>
            <dst id="HSTNng">4720.75733333333</dst>
            <dst id="IPLSng">10248.432</dst>
            <dst id="KSCYng">1870.46133333333</dst>
            <dst id="LOSAng">15795.3573333333</dst>
            <dst id="NYCMng">29285.7226666667</dst>
            <dst id="SNVAng">43848.8266666667</dst>
            <dst id="STTLng">23458.6986666667</dst>
            <dst id="WASHng">79756.7226666667</dst>
        </src>
        <src id="NYCMng">
            <dst id="ATLA-M5">1383.56533333333</dst>
            <dst id="ATLAng">15272.9653333333</dst>
            <dst id="CHINng">19136.4133333333</dst>
            <dst id="DNVRng">20529.2213333333</dst>
            <dst id="HSTNng">4110.61866666667</dst>
            <dst id="IPLSng">10105.4533333333</dst>
            <dst id="KSCYng">6015.52</dst>
            <dst id="LOSAng">7475.37866666667</dst>
            <dst id="NYCMng">108561.768</dst>
            <dst id="SNVAng">49129.4746666667</dst>
            <dst id="STTLng">30699.8773333333</dst>
            <dst id="WASHng">60506.68</dst>
        </src>
        <src id="SNVAng">
            <dst id="ATLA-M5">0</dst>
            <dst id="ATLAng">0</dst>
            <dst id="CHINng">26.6666666666667</dst>
            <dst id="DNVRng">2604.72266666667</dst>
            <dst id="HSTNng">0</dst>
            <dst id="IPLSng">292.944</dst>
            <dst id="KSCYng">0</dst>
            <dst id="LOSAng">1292.71733333333</dst>
            <dst id="NYCMng">80</dst>
            <dst id="SNVAng">37771.8586666667</dst>
            <dst id="STTLng">33565.2586666667</dst>
            <dst id="WASHng">53.3333333333333</dst>
        </src>
        <src id="STTLng">
            <dst id="ATLA-M5">0</dst>
            <dst id="ATLAng">4907.432</dst>
            <dst id="CHINng">16422.4026666667</dst>
            <dst id="DNVRng">2763.248</dst>
            <dst id="HSTNng">2496.72533333333</dst>
            <dst id="IPLSng">6530.57866666667</dst>
            <dst id="KSCYng">1416.18133333333</dst>
            <dst id="LOSAng">3554.248</dst>
            <dst id="NYCMng">15608.064</dst>
            <dst id="SNVAng">16013.5093333333</dst>
            <dst id="STTLng">1204.31733333333</dst>
            <dst id="WASHng">4787.16</dst>
        </src>
        <src id="WASHng">
            <dst id="ATLA-M5">142.16</dst>
            <dst id="ATLAng">87495.1946666667</dst>
            <dst id="CHINng">64887.7386666667</dst>
            <dst id="DNVRng">26719.0906666667</dst>
            <dst id="HSTNng">16405.1706666667</dst>
            <dst id="IPLSng">20633.072</dst>
            <dst id="KSCYng">27163.1813333333</dst>
            <dst id="LOSAng">65809.008</dst>
            <dst id="NYCMng">143260.84</dst>
            <dst id="SNVAng">36998.9626666667</dst>
            <dst id="STTLng">27685.2346666667</dst>
            <dst id="WASHng">159813.936</dst>
        </src>
    </IntraTM>
</TrafficMatrixFile>
