<?xml version="1.0" encoding="ISO-8859-1" standalone="yes"?>
<TrafficMatrixFile xsi:noNamespaceSchemaLocation="http://totem.run.montefiore.ulg.ac.be/Schema/TrafficMatrix-v1_2.xsd" xmlns:xsi="http://www.w3.org/2001/XMLSchema-instance">
    <IntraTM ASID="11537">
        <src id="ATLA-M5">
            <dst id="ATLA-M5">0</dst>
            <dst id="ATLAng">0</dst>
            <dst id="CHINng">0</dst>
            <dst id="DNVRng">0</dst>
            <dst id="HSTNng">67.1466666666667</dst>
            <dst id="IPLSng">62.2933333333333</dst>
            <dst id="KSCYng">54.9013333333333</dst>
            <dst id="LOSAng">36.5866666666667</dst>
            <dst id="NYCMng">827.226666666667</dst>
            <dst id="SNVAng">0</dst>
            <dst id="STTLng">0</dst>
            <dst id="WASHng">1608.30133333333</dst>
        </src>
        <src id="ATLAng">
            <dst id="ATLA-M5">150.706666666667</dst>
            <dst id="ATLAng">30168.304</dst>
            <dst id="CHINng">4178.82666666667</dst>
            <dst id="DNVRng">2929.28</dst>
            <dst id="HSTNng">27751.256</dst>
            <dst id="IPLSng">22224.2426666667</dst>
            <dst id="KSCYng">1664.752</dst>
            <dst id="LOSAng">31809.72</dst>
            <dst id="NYCMng">1950.33866666667</dst>
            <dst id="SNVAng">40</dst>
            <dst id="STTLng">7193.19466666667</dst>
            <dst id="WASHng">28630.008</dst>
        </src>
        <src id="CHINng">
            <dst id="ATLA-M5">175.874666666667</dst>
            <dst id="ATLAng">17891.2266666667</dst>
            <dst id="CHINng">91360.3813333333</dst>
            <dst id="DNVRng">4367.752</dst>
            <dst id="HSTNng">7495.15466666667</dst>
            <dst id="IPLSng">30460.9733333333</dst>
            <dst id="KSCYng">7896.22666666667</dst>
            <dst id="LOSAng">21439.0213333333</dst>
            <dst id="NYCMng">11529.488</dst>
            <dst id="SNVAng">1681.05866666667</dst>
            <dst id="STTLng">3276.576</dst>
            <dst id="WASHng">23098.032</dst>
        </src>
        <src id="DNVRng">
            <dst id="ATLA-M5">106.058666666667</dst>
            <dst id="ATLAng">3555.584</dst>
            <dst id="CHINng">32970.0186666667</dst>
            <dst id="DNVRng">14553.536</dst>
            <dst id="HSTNng">23822.1973333333</dst>
            <dst id="IPLSng">37966.152</dst>
            <dst id="KSCYng">19002.696</dst>
            <dst id="LOSAng">25500.4186666667</dst>
            <dst id="NYCMng">14555.6906666667</dst>
            <dst id="SNVAng">9352.336</dst>
            <dst id="STTLng">8479.89333333333</dst>
            <dst id="WASHng">39058.2293333333</dst>
        </src>
        <src id="HSTNng">
            <dst id="ATLA-M5">1946.00533333333</dst>
            <dst id="ATLAng">1297.72</dst>
            <dst id="CHINng">11708.5333333333</dst>
            <dst id="DNVRng">1055.552</dst>
            <dst id="HSTNng">16097.4133333333</dst>
            <dst id="IPLSng">5724.08266666667</dst>
            <dst id="KSCYng">8075.16</dst>
            <dst id="LOSAng">2241.66133333333</dst>
            <dst id="NYCMng">4320.312</dst>
            <dst id="SNVAng">53.3333333333333</dst>
            <dst id="STTLng">1182.11466666667</dst>
            <dst id="WASHng">4906.74133333333</dst>
        </src>
        <src id="IPLSng">
            <dst id="ATLA-M5">2393.128</dst>
            <dst id="ATLAng">5020.98933333333</dst>
            <dst id="CHINng">56154.64</dst>
            <dst id="DNVRng">21415.0133333333</dst>
            <dst id="HSTNng">4814.384</dst>
            <dst id="IPLSng">25247.0133333333</dst>
            <dst id="KSCYng">13099.52</dst>
            <dst id="LOSAng">19281.776</dst>
            <dst id="NYCMng">24376.728</dst>
            <dst id="SNVAng">2235.36266666667</dst>
            <dst id="STTLng">12188.4453333333</dst>
            <dst id="WASHng">9787.99733333333</dst>
        </src>
        <src id="KSCYng">
            <dst id="ATLA-M5">1989.896</dst>
            <dst id="ATLAng">4155.64266666667</dst>
            <dst id="CHINng">13535.6133333333</dst>
            <dst id="DNVRng">4606.50133333333</dst>
            <dst id="HSTNng">3761.81866666667</dst>
            <dst id="IPLSng">12138.696</dst>
            <dst id="KSCYng">11164.9386666667</dst>
            <dst id="LOSAng">3145.80266666667</dst>
            <dst id="NYCMng">930.208</dst>
            <dst id="SNVAng">2524.38666666667</dst>
            <dst id="STTLng">3140.46933333333</dst>
            <dst id="WASHng">9428.632</dst>
        </src>
        <src id="LOSAng">
            <dst id="ATLA-M5">26.6666666666667</dst>
            <dst id="ATLAng">21470.6186666667</dst>
            <dst id="CHINng">60860.3493333333</dst>
            <dst id="DNVRng">9112.03733333333</dst>
            <dst id="HSTNng">3333.94933333333</dst>
            <dst id="IPLSng">15752.4266666667</dst>
            <dst id="KSCYng">3691.56533333333</dst>
            <dst id="LOSAng">6885.55733333333</dst>
            <dst id="NYCMng">46424.8186666667</dst>
            <dst id="SNVAng">22299.6826666667</dst>
            <dst id="STTLng">20654.5893333333</dst>
            <dst id="WASHng">79719.7733333333</dst>
        </src>
        <src id="NYCMng">
            <dst id="ATLA-M5">1893.05866666667</dst>
            <dst id="ATLAng">11678.8906666667</dst>
            <dst id="CHINng">18167.1786666667</dst>
            <dst id="DNVRng">27194.8693333333</dst>
            <dst id="HSTNng">9091.608</dst>
            <dst id="IPLSng">30214.3786666667</dst>
            <dst id="KSCYng">5246.57066666667</dst>
            <dst id="LOSAng">68373.888</dst>
            <dst id="NYCMng">113441.704</dst>
            <dst id="SNVAng">2106.944</dst>
            <dst id="STTLng">21664.9146666667</dst>
            <dst id="WASHng">42531.9866666667</dst>
        </src>
        <src id="SNVAng">
            <dst id="ATLA-M5">0</dst>
            <dst id="ATLAng">106.666666666667</dst>
            <dst id="CHINng">106.666666666667</dst>
            <dst id="DNVRng">1675.57333333333</dst>
            <dst id="HSTNng">0</dst>
            <dst id="IPLSng">190.12</dst>
            <dst id="KSCYng">0</dst>
            <dst id="LOSAng">29699.3013333333</dst>
            <dst id="NYCMng">53.3333333333333</dst>
            <dst id="SNVAng">7869.176</dst>
            <dst id="STTLng">37589.9546666667</dst>
            <dst id="WASHng">28.384</dst>
        </src>
        <src id="STTLng">
            <dst id="ATLA-M5">65.2373333333333</dst>
            <dst id="ATLAng">8399.46133333333</dst>
            <dst id="CHINng">13517.1866666667</dst>
            <dst id="DNVRng">1948.48533333333</dst>
            <dst id="HSTNng">1161.096</dst>
            <dst id="IPLSng">16165.9066666667</dst>
            <dst id="KSCYng">1631.84533333333</dst>
            <dst id="LOSAng">17126.4853333333</dst>
            <dst id="NYCMng">14844.4666666667</dst>
            <dst id="SNVAng">8280.92533333333</dst>
            <dst id="STTLng">1242.656</dst>
            <dst id="WASHng">6263.75466666667</dst>
        </src>
        <src id="WASHng">
            <dst id="ATLA-M5">53.3333333333333</dst>
            <dst id="ATLAng">88617.1173333333</dst>
            <dst id="CHINng">51307.68</dst>
            <dst id="DNVRng">48558.1093333333</dst>
            <dst id="HSTNng">17694.9466666667</dst>
            <dst id="IPLSng">51975.2186666667</dst>
            <dst id="KSCYng">34068.648</dst>
            <dst id="LOSAng">99610.1786666667</dst>
            <dst id="NYCMng">146809.757333333</dst>
            <dst id="SNVAng">5537.26666666667</dst>
            <dst id="STTLng">19877.016</dst>
            <dst id="WASHng">190816.770666667</dst>
        </src>
    </IntraTM>
</TrafficMatrixFile>
