<?xml version="1.0" encoding="ISO-8859-1" standalone="yes"?>
<TrafficMatrixFile xsi:noNamespaceSchemaLocation="http://totem.run.montefiore.ulg.ac.be/Schema/TrafficMatrix-v1_2.xsd" xmlns:xsi="http://www.w3.org/2001/XMLSchema-instance">
    <IntraTM ASID="11537">
        <src id="ATLA-M5">
            <dst id="ATLA-M5">26.6666666666667</dst>
            <dst id="ATLAng">0</dst>
            <dst id="CHINng">224.821333333333</dst>
            <dst id="DNVRng">0</dst>
            <dst id="HSTNng">80.992</dst>
            <dst id="IPLSng">0</dst>
            <dst id="KSCYng">0</dst>
            <dst id="LOSAng">39.0026666666667</dst>
            <dst id="NYCMng">0</dst>
            <dst id="SNVAng">39.0026666666667</dst>
            <dst id="STTLng">408.965333333333</dst>
            <dst id="WASHng">240.693333333333</dst>
        </src>
        <src id="ATLAng">
            <dst id="ATLA-M5">252.178666666667</dst>
            <dst id="ATLAng">29077.344</dst>
            <dst id="CHINng">21344.8293333333</dst>
            <dst id="DNVRng">3238.416</dst>
            <dst id="HSTNng">39678.6186666667</dst>
            <dst id="IPLSng">11666.336</dst>
            <dst id="KSCYng">857.28</dst>
            <dst id="LOSAng">9961.38933333333</dst>
            <dst id="NYCMng">1596.22933333333</dst>
            <dst id="SNVAng">8659.66666666666</dst>
            <dst id="STTLng">1345.184</dst>
            <dst id="WASHng">31892.7413333333</dst>
        </src>
        <src id="CHINng">
            <dst id="ATLA-M5">133.888</dst>
            <dst id="ATLAng">14328.5973333333</dst>
            <dst id="CHINng">85185.7893333333</dst>
            <dst id="DNVRng">2788.232</dst>
            <dst id="HSTNng">5568.10666666667</dst>
            <dst id="IPLSng">47548.9786666667</dst>
            <dst id="KSCYng">7864.96</dst>
            <dst id="LOSAng">7621.976</dst>
            <dst id="NYCMng">9874.24</dst>
            <dst id="SNVAng">31180.76</dst>
            <dst id="STTLng">9137.88</dst>
            <dst id="WASHng">10972.4746666667</dst>
        </src>
        <src id="DNVRng">
            <dst id="ATLA-M5">85.92</dst>
            <dst id="ATLAng">2724.912</dst>
            <dst id="CHINng">37170.1493333333</dst>
            <dst id="DNVRng">8388.344</dst>
            <dst id="HSTNng">21062.512</dst>
            <dst id="IPLSng">29535.128</dst>
            <dst id="KSCYng">14236.192</dst>
            <dst id="LOSAng">4887.976</dst>
            <dst id="NYCMng">16276.4506666667</dst>
            <dst id="SNVAng">18290.1973333333</dst>
            <dst id="STTLng">6576.40533333333</dst>
            <dst id="WASHng">39696.784</dst>
        </src>
        <src id="HSTNng">
            <dst id="ATLA-M5">2624.99733333333</dst>
            <dst id="ATLAng">2331.528</dst>
            <dst id="CHINng">13811.1013333333</dst>
            <dst id="DNVRng">733.992</dst>
            <dst id="HSTNng">11107.3066666667</dst>
            <dst id="IPLSng">1143.68266666667</dst>
            <dst id="KSCYng">638.890666666667</dst>
            <dst id="LOSAng">7070.856</dst>
            <dst id="NYCMng">1767.216</dst>
            <dst id="SNVAng">53.3333333333333</dst>
            <dst id="STTLng">1706.54133333333</dst>
            <dst id="WASHng">1168.31733333333</dst>
        </src>
        <src id="IPLSng">
            <dst id="ATLA-M5">0</dst>
            <dst id="ATLAng">4315.58666666667</dst>
            <dst id="CHINng">40370.6106666667</dst>
            <dst id="DNVRng">6943.29333333333</dst>
            <dst id="HSTNng">273.824</dst>
            <dst id="IPLSng">5050.05066666667</dst>
            <dst id="KSCYng">2932.10133333333</dst>
            <dst id="LOSAng">5753.21333333333</dst>
            <dst id="NYCMng">8511.88</dst>
            <dst id="SNVAng">12563.112</dst>
            <dst id="STTLng">11747.384</dst>
            <dst id="WASHng">10951.6666666667</dst>
        </src>
        <src id="KSCYng">
            <dst id="ATLA-M5">0</dst>
            <dst id="ATLAng">2702.97333333333</dst>
            <dst id="CHINng">10212.8133333333</dst>
            <dst id="DNVRng">5411.096</dst>
            <dst id="HSTNng">3136.54933333333</dst>
            <dst id="IPLSng">10306.344</dst>
            <dst id="KSCYng">6781.98133333333</dst>
            <dst id="LOSAng">1951.4</dst>
            <dst id="NYCMng">1692.12</dst>
            <dst id="SNVAng">5738.08533333333</dst>
            <dst id="STTLng">600.050666666667</dst>
            <dst id="WASHng">6491.58133333333</dst>
        </src>
        <src id="LOSAng">
            <dst id="ATLA-M5">26.6666666666667</dst>
            <dst id="ATLAng">13002.3493333333</dst>
            <dst id="CHINng">68908.2186666666</dst>
            <dst id="DNVRng">10821.2026666667</dst>
            <dst id="HSTNng">2539.53866666667</dst>
            <dst id="IPLSng">7775.09866666667</dst>
            <dst id="KSCYng">4200.21866666667</dst>
            <dst id="LOSAng">27683.2213333333</dst>
            <dst id="NYCMng">23841.28</dst>
            <dst id="SNVAng">20097.1946666667</dst>
            <dst id="STTLng">25805.1413333333</dst>
            <dst id="WASHng">77777.2133333333</dst>
        </src>
        <src id="NYCMng">
            <dst id="ATLA-M5">53.3333333333333</dst>
            <dst id="ATLAng">7402.89333333333</dst>
            <dst id="CHINng">25282.2586666667</dst>
            <dst id="DNVRng">23675.176</dst>
            <dst id="HSTNng">4749.128</dst>
            <dst id="IPLSng">7730.37066666667</dst>
            <dst id="KSCYng">3036.44266666667</dst>
            <dst id="LOSAng">8755.50933333333</dst>
            <dst id="NYCMng">83583.2666666667</dst>
            <dst id="SNVAng">43437.3226666667</dst>
            <dst id="STTLng">26251.536</dst>
            <dst id="WASHng">60263.84</dst>
        </src>
        <src id="SNVAng">
            <dst id="ATLA-M5">0</dst>
            <dst id="ATLAng">53.3333333333333</dst>
            <dst id="CHINng">106.666666666667</dst>
            <dst id="DNVRng">15299.2826666667</dst>
            <dst id="HSTNng">0</dst>
            <dst id="IPLSng">163.696</dst>
            <dst id="KSCYng">0</dst>
            <dst id="LOSAng">1180.13333333333</dst>
            <dst id="NYCMng">26.6666666666667</dst>
            <dst id="SNVAng">25076.776</dst>
            <dst id="STTLng">34806.632</dst>
            <dst id="WASHng">26.6666666666667</dst>
        </src>
        <src id="STTLng">
            <dst id="ATLA-M5">0</dst>
            <dst id="ATLAng">5468.736</dst>
            <dst id="CHINng">13578.7226666667</dst>
            <dst id="DNVRng">4169.27466666667</dst>
            <dst id="HSTNng">1710.55733333333</dst>
            <dst id="IPLSng">9716.38933333333</dst>
            <dst id="KSCYng">1294.79733333333</dst>
            <dst id="LOSAng">6262.97866666667</dst>
            <dst id="NYCMng">11680.08</dst>
            <dst id="SNVAng">21854.5173333333</dst>
            <dst id="STTLng">1743.664</dst>
            <dst id="WASHng">5788.70666666667</dst>
        </src>
        <src id="WASHng">
            <dst id="ATLA-M5">178.666666666667</dst>
            <dst id="ATLAng">77350.272</dst>
            <dst id="CHINng">95180.5866666667</dst>
            <dst id="DNVRng">27674.6</dst>
            <dst id="HSTNng">29604.8426666667</dst>
            <dst id="IPLSng">26636.36</dst>
            <dst id="KSCYng">30455.0346666667</dst>
            <dst id="LOSAng">72392.3413333333</dst>
            <dst id="NYCMng">127135.397333333</dst>
            <dst id="SNVAng">54284.5226666667</dst>
            <dst id="STTLng">32664.6293333333</dst>
            <dst id="WASHng">202835.074666667</dst>
        </src>
    </IntraTM>
</TrafficMatrixFile>
