<?xml version="1.0" encoding="ISO-8859-1" standalone="yes"?>
<TrafficMatrixFile xsi:noNamespaceSchemaLocation="http://totem.run.montefiore.ulg.ac.be/Schema/TrafficMatrix-v1_2.xsd" xmlns:xsi="http://www.w3.org/2001/XMLSchema-instance">
    <IntraTM ASID="11537">
        <src id="ATLA-M5">
            <dst id="ATLA-M5">0</dst>
            <dst id="ATLAng">26.6666666666667</dst>
            <dst id="CHINng">183.565333333333</dst>
            <dst id="DNVRng">0</dst>
            <dst id="HSTNng">34.312</dst>
            <dst id="IPLSng">26.6666666666667</dst>
            <dst id="KSCYng">0</dst>
            <dst id="LOSAng">63.0506666666667</dst>
            <dst id="NYCMng">190.752</dst>
            <dst id="SNVAng">0</dst>
            <dst id="STTLng">92.9226666666666</dst>
            <dst id="WASHng">132.677333333333</dst>
        </src>
        <src id="ATLAng">
            <dst id="ATLA-M5">167.688</dst>
            <dst id="ATLAng">21914.3706666667</dst>
            <dst id="CHINng">4724.008</dst>
            <dst id="DNVRng">3373.864</dst>
            <dst id="HSTNng">43408.1786666667</dst>
            <dst id="IPLSng">16568.7733333333</dst>
            <dst id="KSCYng">409.685333333333</dst>
            <dst id="LOSAng">9584.95733333333</dst>
            <dst id="NYCMng">4305.376</dst>
            <dst id="SNVAng">13.3333333333333</dst>
            <dst id="STTLng">5506.40266666667</dst>
            <dst id="WASHng">25883.2986666667</dst>
        </src>
        <src id="CHINng">
            <dst id="ATLA-M5">232.746666666667</dst>
            <dst id="ATLAng">8195.39733333333</dst>
            <dst id="CHINng">86586.1653333333</dst>
            <dst id="DNVRng">5408.50666666667</dst>
            <dst id="HSTNng">14129.6266666667</dst>
            <dst id="IPLSng">86196.816</dst>
            <dst id="KSCYng">5089.24533333333</dst>
            <dst id="LOSAng">32065.568</dst>
            <dst id="NYCMng">36095.9653333333</dst>
            <dst id="SNVAng">4132.48533333333</dst>
            <dst id="STTLng">6225.94666666667</dst>
            <dst id="WASHng">31447.3973333333</dst>
        </src>
        <src id="DNVRng">
            <dst id="ATLA-M5">130.026666666667</dst>
            <dst id="ATLAng">2936.19733333333</dst>
            <dst id="CHINng">37603.3013333333</dst>
            <dst id="DNVRng">8306.84533333333</dst>
            <dst id="HSTNng">22523.0933333333</dst>
            <dst id="IPLSng">22121.0213333333</dst>
            <dst id="KSCYng">13368.864</dst>
            <dst id="LOSAng">37016.1226666667</dst>
            <dst id="NYCMng">15080.1066666667</dst>
            <dst id="SNVAng">6294.368</dst>
            <dst id="STTLng">7001.29333333333</dst>
            <dst id="WASHng">38839.2533333333</dst>
        </src>
        <src id="HSTNng">
            <dst id="ATLA-M5">1889.62133333333</dst>
            <dst id="ATLAng">4120.50666666667</dst>
            <dst id="CHINng">12085.5413333333</dst>
            <dst id="DNVRng">773.365333333333</dst>
            <dst id="HSTNng">13048.112</dst>
            <dst id="IPLSng">3547.256</dst>
            <dst id="KSCYng">574.282666666667</dst>
            <dst id="LOSAng">750.306666666667</dst>
            <dst id="NYCMng">1667.16266666667</dst>
            <dst id="SNVAng">0</dst>
            <dst id="STTLng">1215.29066666667</dst>
            <dst id="WASHng">2182.09333333333</dst>
        </src>
        <src id="IPLSng">
            <dst id="ATLA-M5">28.2133333333333</dst>
            <dst id="ATLAng">7159.82933333333</dst>
            <dst id="CHINng">62084.7733333333</dst>
            <dst id="DNVRng">16247.288</dst>
            <dst id="HSTNng">1088.96533333333</dst>
            <dst id="IPLSng">6778.61333333334</dst>
            <dst id="KSCYng">16182.1413333333</dst>
            <dst id="LOSAng">22813.2586666667</dst>
            <dst id="NYCMng">6613.92533333333</dst>
            <dst id="SNVAng">8341.63466666666</dst>
            <dst id="STTLng">10259.08</dst>
            <dst id="WASHng">12988.592</dst>
        </src>
        <src id="KSCYng">
            <dst id="ATLA-M5">60.4106666666667</dst>
            <dst id="ATLAng">3865.648</dst>
            <dst id="CHINng">21243.4533333333</dst>
            <dst id="DNVRng">5010.57866666667</dst>
            <dst id="HSTNng">3053.11733333333</dst>
            <dst id="IPLSng">10687.1573333333</dst>
            <dst id="KSCYng">5792.33066666666</dst>
            <dst id="LOSAng">3006.61866666667</dst>
            <dst id="NYCMng">1331.288</dst>
            <dst id="SNVAng">2124.608</dst>
            <dst id="STTLng">3188.952</dst>
            <dst id="WASHng">14017.7733333333</dst>
        </src>
        <src id="LOSAng">
            <dst id="ATLA-M5">36</dst>
            <dst id="ATLAng">10182.4986666667</dst>
            <dst id="CHINng">57593.7866666667</dst>
            <dst id="DNVRng">5153.776</dst>
            <dst id="HSTNng">2274.54666666667</dst>
            <dst id="IPLSng">17396.5706666667</dst>
            <dst id="KSCYng">2549.64266666667</dst>
            <dst id="LOSAng">8329.57866666666</dst>
            <dst id="NYCMng">19782.984</dst>
            <dst id="SNVAng">21417.048</dst>
            <dst id="STTLng">19661.5893333333</dst>
            <dst id="WASHng">76057.1386666667</dst>
        </src>
        <src id="NYCMng">
            <dst id="ATLA-M5">1062.59466666667</dst>
            <dst id="ATLAng">13936.8373333333</dst>
            <dst id="CHINng">34777.1893333333</dst>
            <dst id="DNVRng">23294.7306666667</dst>
            <dst id="HSTNng">4975.59733333333</dst>
            <dst id="IPLSng">19464.248</dst>
            <dst id="KSCYng">4196.41066666667</dst>
            <dst id="LOSAng">54755.536</dst>
            <dst id="NYCMng">172953.152</dst>
            <dst id="SNVAng">654.584</dst>
            <dst id="STTLng">21494.9786666667</dst>
            <dst id="WASHng">47493.9413333333</dst>
        </src>
        <src id="SNVAng">
            <dst id="ATLA-M5">0</dst>
            <dst id="ATLAng">80</dst>
            <dst id="CHINng">80</dst>
            <dst id="DNVRng">5340.128</dst>
            <dst id="HSTNng">0</dst>
            <dst id="IPLSng">230.018666666667</dst>
            <dst id="KSCYng">115.776</dst>
            <dst id="LOSAng">29760.8986666667</dst>
            <dst id="NYCMng">0</dst>
            <dst id="SNVAng">7912.376</dst>
            <dst id="STTLng">37870.1386666667</dst>
            <dst id="WASHng">36.9706666666667</dst>
        </src>
        <src id="STTLng">
            <dst id="ATLA-M5">102.650666666667</dst>
            <dst id="ATLAng">7374.832</dst>
            <dst id="CHINng">14473.5893333333</dst>
            <dst id="DNVRng">1430.984</dst>
            <dst id="HSTNng">856.536</dst>
            <dst id="IPLSng">5540.82133333334</dst>
            <dst id="KSCYng">4334.776</dst>
            <dst id="LOSAng">12241.056</dst>
            <dst id="NYCMng">12715.6106666667</dst>
            <dst id="SNVAng">8395.99733333333</dst>
            <dst id="STTLng">893.701333333333</dst>
            <dst id="WASHng">7785.93333333334</dst>
        </src>
        <src id="WASHng">
            <dst id="ATLA-M5">36.3626666666667</dst>
            <dst id="ATLAng">54370.2773333333</dst>
            <dst id="CHINng">47167.0906666667</dst>
            <dst id="DNVRng">56768.8106666667</dst>
            <dst id="HSTNng">27224.7706666667</dst>
            <dst id="IPLSng">52895.2693333333</dst>
            <dst id="KSCYng">29183.4613333333</dst>
            <dst id="LOSAng">94512.2026666667</dst>
            <dst id="NYCMng">195475.506666667</dst>
            <dst id="SNVAng">1093.14933333333</dst>
            <dst id="STTLng">24473.6773333333</dst>
            <dst id="WASHng">193115.861333333</dst>
        </src>
    </IntraTM>
</TrafficMatrixFile>
