<?xml version="1.0" encoding="ISO-8859-1" standalone="yes"?>
<TrafficMatrixFile xsi:noNamespaceSchemaLocation="http://totem.run.montefiore.ulg.ac.be/Schema/TrafficMatrix-v1_2.xsd" xmlns:xsi="http://www.w3.org/2001/XMLSchema-instance">
    <IntraTM ASID="11537">
        <src id="ATLA-M5">
            <dst id="ATLA-M5">230.125333333333</dst>
            <dst id="ATLAng">322.162666666667</dst>
            <dst id="CHINng">135.570666666667</dst>
            <dst id="DNVRng">26.6666666666667</dst>
            <dst id="HSTNng">79.7386666666667</dst>
            <dst id="IPLSng">53.7493333333333</dst>
            <dst id="KSCYng">76.9386666666667</dst>
            <dst id="LOSAng">57.0026666666667</dst>
            <dst id="NYCMng">238.213333333333</dst>
            <dst id="SNVAng">16.016</dst>
            <dst id="STTLng">160</dst>
            <dst id="WASHng">997.138666666667</dst>
        </src>
        <src id="ATLAng">
            <dst id="ATLA-M5">6746.40533333333</dst>
            <dst id="ATLAng">45464.6986666667</dst>
            <dst id="CHINng">10944.168</dst>
            <dst id="DNVRng">4911.79466666667</dst>
            <dst id="HSTNng">13509.9253333333</dst>
            <dst id="IPLSng">13595.1413333333</dst>
            <dst id="KSCYng">7069.14933333333</dst>
            <dst id="LOSAng">4432.18533333333</dst>
            <dst id="NYCMng">15590.6506666667</dst>
            <dst id="SNVAng">7140.96933333333</dst>
            <dst id="STTLng">2093.83733333333</dst>
            <dst id="WASHng">41282.9653333333</dst>
        </src>
        <src id="CHINng">
            <dst id="ATLA-M5">247.789333333333</dst>
            <dst id="ATLAng">13776.3333333333</dst>
            <dst id="CHINng">105916.288</dst>
            <dst id="DNVRng">2604.88</dst>
            <dst id="HSTNng">9457.40266666667</dst>
            <dst id="IPLSng">25446.864</dst>
            <dst id="KSCYng">11553.1786666667</dst>
            <dst id="LOSAng">4026.70133333333</dst>
            <dst id="NYCMng">10831.368</dst>
            <dst id="SNVAng">24416.68</dst>
            <dst id="STTLng">5303.76</dst>
            <dst id="WASHng">26683.44</dst>
        </src>
        <src id="DNVRng">
            <dst id="ATLA-M5">260.906666666667</dst>
            <dst id="ATLAng">13957.4613333333</dst>
            <dst id="CHINng">56626.224</dst>
            <dst id="DNVRng">17061.672</dst>
            <dst id="HSTNng">26801.4186666667</dst>
            <dst id="IPLSng">29102.2106666667</dst>
            <dst id="KSCYng">29052.1066666667</dst>
            <dst id="LOSAng">2631.94133333333</dst>
            <dst id="NYCMng">20483.912</dst>
            <dst id="SNVAng">36309.4666666667</dst>
            <dst id="STTLng">6537.86666666667</dst>
            <dst id="WASHng">54519.432</dst>
        </src>
        <src id="HSTNng">
            <dst id="ATLA-M5">241.32</dst>
            <dst id="ATLAng">2362.79466666667</dst>
            <dst id="CHINng">21010.088</dst>
            <dst id="DNVRng">1300.23466666667</dst>
            <dst id="HSTNng">20829.7493333333</dst>
            <dst id="IPLSng">6611.59733333333</dst>
            <dst id="KSCYng">2063.46133333333</dst>
            <dst id="LOSAng">2406.42933333333</dst>
            <dst id="NYCMng">3593.352</dst>
            <dst id="SNVAng">357.597333333333</dst>
            <dst id="STTLng">1103.78133333333</dst>
            <dst id="WASHng">4077.35733333333</dst>
        </src>
        <src id="IPLSng">
            <dst id="ATLA-M5">26.6666666666667</dst>
            <dst id="ATLAng">8901.89066666667</dst>
            <dst id="CHINng">93571.0906666667</dst>
            <dst id="DNVRng">6450.768</dst>
            <dst id="HSTNng">5646.976</dst>
            <dst id="IPLSng">16854.096</dst>
            <dst id="KSCYng">5195.88</dst>
            <dst id="LOSAng">640.594666666667</dst>
            <dst id="NYCMng">15375.7706666667</dst>
            <dst id="SNVAng">7475.29066666667</dst>
            <dst id="STTLng">9088.728</dst>
            <dst id="WASHng">25856.4826666667</dst>
        </src>
        <src id="KSCYng">
            <dst id="ATLA-M5">135.594666666667</dst>
            <dst id="ATLAng">5891.376</dst>
            <dst id="CHINng">19605.9866666667</dst>
            <dst id="DNVRng">5490.584</dst>
            <dst id="HSTNng">4438.544</dst>
            <dst id="IPLSng">18728.8426666667</dst>
            <dst id="KSCYng">22304.7893333333</dst>
            <dst id="LOSAng">738.016</dst>
            <dst id="NYCMng">2661.128</dst>
            <dst id="SNVAng">4585.75733333333</dst>
            <dst id="STTLng">1291.54133333333</dst>
            <dst id="WASHng">8485.41866666667</dst>
        </src>
        <src id="LOSAng">
            <dst id="ATLA-M5">0</dst>
            <dst id="ATLAng">11152.7466666667</dst>
            <dst id="CHINng">93860.9653333333</dst>
            <dst id="DNVRng">8939.18666666667</dst>
            <dst id="HSTNng">11091.2266666667</dst>
            <dst id="IPLSng">18808.704</dst>
            <dst id="KSCYng">2309.97333333333</dst>
            <dst id="LOSAng">13850.6906666667</dst>
            <dst id="NYCMng">50735.2986666667</dst>
            <dst id="SNVAng">26405.1333333333</dst>
            <dst id="STTLng">14544.5626666667</dst>
            <dst id="WASHng">88166.6986666667</dst>
        </src>
        <src id="NYCMng">
            <dst id="ATLA-M5">560.2</dst>
            <dst id="ATLAng">33350.288</dst>
            <dst id="CHINng">53069.3226666667</dst>
            <dst id="DNVRng">25451.6666666667</dst>
            <dst id="HSTNng">6346.90666666667</dst>
            <dst id="IPLSng">16463.5226666667</dst>
            <dst id="KSCYng">6740.68533333333</dst>
            <dst id="LOSAng">8525.04533333333</dst>
            <dst id="NYCMng">154093.610666667</dst>
            <dst id="SNVAng">47941.896</dst>
            <dst id="STTLng">13774.8106666667</dst>
            <dst id="WASHng">79377.3866666667</dst>
        </src>
        <src id="SNVAng">
            <dst id="ATLA-M5">59.9733333333333</dst>
            <dst id="ATLAng">737.365333333333</dst>
            <dst id="CHINng">26.6666666666667</dst>
            <dst id="DNVRng">19999.848</dst>
            <dst id="HSTNng">158.258666666667</dst>
            <dst id="IPLSng">665.128</dst>
            <dst id="KSCYng">0</dst>
            <dst id="LOSAng">485.069333333333</dst>
            <dst id="NYCMng">53.3333333333333</dst>
            <dst id="SNVAng">38066.0773333333</dst>
            <dst id="STTLng">40196.8293333333</dst>
            <dst id="WASHng">2250.06933333333</dst>
        </src>
        <src id="STTLng">
            <dst id="ATLA-M5">444.176</dst>
            <dst id="ATLAng">10961.728</dst>
            <dst id="CHINng">28171.056</dst>
            <dst id="DNVRng">4396.976</dst>
            <dst id="HSTNng">3885.90933333333</dst>
            <dst id="IPLSng">10030.0986666667</dst>
            <dst id="KSCYng">3921.8</dst>
            <dst id="LOSAng">3219.864</dst>
            <dst id="NYCMng">19342.1066666667</dst>
            <dst id="SNVAng">15445.152</dst>
            <dst id="STTLng">3696.416</dst>
            <dst id="WASHng">95159.352</dst>
        </src>
        <src id="WASHng">
            <dst id="ATLA-M5">283.458666666667</dst>
            <dst id="ATLAng">128851.408</dst>
            <dst id="CHINng">89205.2986666667</dst>
            <dst id="DNVRng">27281.56</dst>
            <dst id="HSTNng">21759.3493333333</dst>
            <dst id="IPLSng">42436.1493333333</dst>
            <dst id="KSCYng">33456.5253333333</dst>
            <dst id="LOSAng">63723.616</dst>
            <dst id="NYCMng">195968.461333333</dst>
            <dst id="SNVAng">25471.424</dst>
            <dst id="STTLng">23047.472</dst>
            <dst id="WASHng">281464.053333333</dst>
        </src>
    </IntraTM>
</TrafficMatrixFile>
