<?xml version="1.0" encoding="ISO-8859-1" standalone="yes"?>
<TrafficMatrixFile xsi:noNamespaceSchemaLocation="http://totem.run.montefiore.ulg.ac.be/Schema/TrafficMatrix-v1_2.xsd" xmlns:xsi="http://www.w3.org/2001/XMLSchema-instance">
    <IntraTM ASID="11537">
        <src id="ATLA-M5">
            <dst id="ATLA-M5">4396.024</dst>
            <dst id="ATLAng">0</dst>
            <dst id="CHINng">78.9973333333333</dst>
            <dst id="DNVRng">26.6666666666667</dst>
            <dst id="HSTNng">26.6666666666667</dst>
            <dst id="IPLSng">70.1866666666667</dst>
            <dst id="KSCYng">0</dst>
            <dst id="LOSAng">66.256</dst>
            <dst id="NYCMng">0</dst>
            <dst id="SNVAng">39.5893333333333</dst>
            <dst id="STTLng">507.874666666667</dst>
            <dst id="WASHng">200.610666666667</dst>
        </src>
        <src id="ATLAng">
            <dst id="ATLA-M5">132.96</dst>
            <dst id="ATLAng">53568.1013333333</dst>
            <dst id="CHINng">9990.78933333334</dst>
            <dst id="DNVRng">2324.064</dst>
            <dst id="HSTNng">475.266666666667</dst>
            <dst id="IPLSng">22175.1573333333</dst>
            <dst id="KSCYng">1329.70133333333</dst>
            <dst id="LOSAng">15642.4186666667</dst>
            <dst id="NYCMng">4897.344</dst>
            <dst id="SNVAng">5335.64</dst>
            <dst id="STTLng">2102.64266666667</dst>
            <dst id="WASHng">33957.488</dst>
        </src>
        <src id="CHINng">
            <dst id="ATLA-M5">212.949333333333</dst>
            <dst id="ATLAng">7306.272</dst>
            <dst id="CHINng">117212.754666667</dst>
            <dst id="DNVRng">3976.34933333333</dst>
            <dst id="HSTNng">4525.06133333333</dst>
            <dst id="IPLSng">12563.1893333333</dst>
            <dst id="KSCYng">5331.66933333333</dst>
            <dst id="LOSAng">7223.85066666667</dst>
            <dst id="NYCMng">8906.71733333333</dst>
            <dst id="SNVAng">24923.9066666667</dst>
            <dst id="STTLng">8461.07733333333</dst>
            <dst id="WASHng">21187.8293333333</dst>
        </src>
        <src id="DNVRng">
            <dst id="ATLA-M5">246.88</dst>
            <dst id="ATLAng">2961.54933333333</dst>
            <dst id="CHINng">62125.7733333333</dst>
            <dst id="DNVRng">9111.2</dst>
            <dst id="HSTNng">21175.616</dst>
            <dst id="IPLSng">24157.9786666667</dst>
            <dst id="KSCYng">16867.8453333333</dst>
            <dst id="LOSAng">2066.47466666667</dst>
            <dst id="NYCMng">19688.5413333333</dst>
            <dst id="SNVAng">22469.08</dst>
            <dst id="STTLng">9880.208</dst>
            <dst id="WASHng">40394.728</dst>
        </src>
        <src id="HSTNng">
            <dst id="ATLA-M5">156.714666666667</dst>
            <dst id="ATLAng">3733.84266666667</dst>
            <dst id="CHINng">19756.1866666667</dst>
            <dst id="DNVRng">1931.40266666667</dst>
            <dst id="HSTNng">12583.5626666667</dst>
            <dst id="IPLSng">5482.39733333333</dst>
            <dst id="KSCYng">671.498666666667</dst>
            <dst id="LOSAng">999.874666666666</dst>
            <dst id="NYCMng">5843.352</dst>
            <dst id="SNVAng">26.6666666666667</dst>
            <dst id="STTLng">813.461333333333</dst>
            <dst id="WASHng">798.018666666667</dst>
        </src>
        <src id="IPLSng">
            <dst id="ATLA-M5">2886.992</dst>
            <dst id="ATLAng">8284.14666666667</dst>
            <dst id="CHINng">64362.92</dst>
            <dst id="DNVRng">6371.456</dst>
            <dst id="HSTNng">650.016</dst>
            <dst id="IPLSng">6162.848</dst>
            <dst id="KSCYng">890.410666666667</dst>
            <dst id="LOSAng">4923.52</dst>
            <dst id="NYCMng">5290.29066666667</dst>
            <dst id="SNVAng">12570.416</dst>
            <dst id="STTLng">8583.55733333334</dst>
            <dst id="WASHng">8985.12533333333</dst>
        </src>
        <src id="KSCYng">
            <dst id="ATLA-M5">0</dst>
            <dst id="ATLAng">2354.504</dst>
            <dst id="CHINng">18590.8346666667</dst>
            <dst id="DNVRng">4187.72266666667</dst>
            <dst id="HSTNng">2842.39733333333</dst>
            <dst id="IPLSng">11409.8293333333</dst>
            <dst id="KSCYng">10361.256</dst>
            <dst id="LOSAng">1796.968</dst>
            <dst id="NYCMng">1508.82133333333</dst>
            <dst id="SNVAng">5089.04</dst>
            <dst id="STTLng">885.8</dst>
            <dst id="WASHng">6360.43466666667</dst>
        </src>
        <src id="LOSAng">
            <dst id="ATLA-M5">26.6666666666667</dst>
            <dst id="ATLAng">4450.856</dst>
            <dst id="CHINng">104030.68</dst>
            <dst id="DNVRng">6764.21066666667</dst>
            <dst id="HSTNng">2025.55466666667</dst>
            <dst id="IPLSng">8072.43733333333</dst>
            <dst id="KSCYng">4978.50133333333</dst>
            <dst id="LOSAng">25670.0426666667</dst>
            <dst id="NYCMng">23133.5626666667</dst>
            <dst id="SNVAng">24418.7066666667</dst>
            <dst id="STTLng">15951.5813333333</dst>
            <dst id="WASHng">83670.192</dst>
        </src>
        <src id="NYCMng">
            <dst id="ATLA-M5">37.3866666666667</dst>
            <dst id="ATLAng">7560.94133333333</dst>
            <dst id="CHINng">28216.656</dst>
            <dst id="DNVRng">22315.3173333333</dst>
            <dst id="HSTNng">1791.78133333333</dst>
            <dst id="IPLSng">3249.66133333333</dst>
            <dst id="KSCYng">4745.352</dst>
            <dst id="LOSAng">7685.75466666667</dst>
            <dst id="NYCMng">91847.2933333333</dst>
            <dst id="SNVAng">44418.4826666667</dst>
            <dst id="STTLng">27601.4213333333</dst>
            <dst id="WASHng">39708.8533333333</dst>
        </src>
        <src id="SNVAng">
            <dst id="ATLA-M5">0</dst>
            <dst id="ATLAng">53.3333333333333</dst>
            <dst id="CHINng">53.3333333333333</dst>
            <dst id="DNVRng">654.944</dst>
            <dst id="HSTNng">0</dst>
            <dst id="IPLSng">9063.08266666667</dst>
            <dst id="KSCYng">26.6666666666667</dst>
            <dst id="LOSAng">2464.54133333333</dst>
            <dst id="NYCMng">26.6666666666667</dst>
            <dst id="SNVAng">31525.9706666667</dst>
            <dst id="STTLng">31626.0533333333</dst>
            <dst id="WASHng">82.4186666666667</dst>
        </src>
        <src id="STTLng">
            <dst id="ATLA-M5">80.3626666666667</dst>
            <dst id="ATLAng">4031.024</dst>
            <dst id="CHINng">24122.5573333333</dst>
            <dst id="DNVRng">4383.14933333333</dst>
            <dst id="HSTNng">1122.36533333333</dst>
            <dst id="IPLSng">11942.4453333333</dst>
            <dst id="KSCYng">832.048</dst>
            <dst id="LOSAng">2535.28</dst>
            <dst id="NYCMng">6910.98666666666</dst>
            <dst id="SNVAng">20420.9253333333</dst>
            <dst id="STTLng">1901.44266666667</dst>
            <dst id="WASHng">10138.8293333333</dst>
        </src>
        <src id="WASHng">
            <dst id="ATLA-M5">85.3333333333333</dst>
            <dst id="ATLAng">87240.0746666666</dst>
            <dst id="CHINng">65926.728</dst>
            <dst id="DNVRng">27945.6666666667</dst>
            <dst id="HSTNng">12834.88</dst>
            <dst id="IPLSng">25713.408</dst>
            <dst id="KSCYng">37978.4746666667</dst>
            <dst id="LOSAng">90883.8986666667</dst>
            <dst id="NYCMng">99747.8346666667</dst>
            <dst id="SNVAng">32272.2666666667</dst>
            <dst id="STTLng">19213.416</dst>
            <dst id="WASHng">370691.733333333</dst>
        </src>
    </IntraTM>
</TrafficMatrixFile>
