<?xml version="1.0" encoding="ISO-8859-1" standalone="yes"?>
<TrafficMatrixFile xsi:noNamespaceSchemaLocation="http://totem.run.montefiore.ulg.ac.be/Schema/TrafficMatrix-v1_2.xsd" xmlns:xsi="http://www.w3.org/2001/XMLSchema-instance">
    <IntraTM ASID="11537">
        <src id="ATLA-M5">
            <dst id="ATLA-M5">0</dst>
            <dst id="ATLAng">0</dst>
            <dst id="CHINng">54.6666666666667</dst>
            <dst id="DNVRng">1062.976</dst>
            <dst id="HSTNng">49.7253333333333</dst>
            <dst id="IPLSng">26.6666666666667</dst>
            <dst id="KSCYng">0</dst>
            <dst id="LOSAng">26.6666666666667</dst>
            <dst id="NYCMng">26.6666666666667</dst>
            <dst id="SNVAng">0</dst>
            <dst id="STTLng">58.768</dst>
            <dst id="WASHng">26.6666666666667</dst>
        </src>
        <src id="ATLAng">
            <dst id="ATLA-M5">0</dst>
            <dst id="ATLAng">28037.0666666667</dst>
            <dst id="CHINng">2958.304</dst>
            <dst id="DNVRng">5334.70933333334</dst>
            <dst id="HSTNng">295.112</dst>
            <dst id="IPLSng">13825.264</dst>
            <dst id="KSCYng">455.349333333334</dst>
            <dst id="LOSAng">15813.8773333333</dst>
            <dst id="NYCMng">3908.22133333333</dst>
            <dst id="SNVAng">1615.36</dst>
            <dst id="STTLng">2956.59733333333</dst>
            <dst id="WASHng">23769.8293333333</dst>
        </src>
        <src id="CHINng">
            <dst id="ATLA-M5">26.6666666666667</dst>
            <dst id="ATLAng">8543.648</dst>
            <dst id="CHINng">54691.816</dst>
            <dst id="DNVRng">13565.4613333333</dst>
            <dst id="HSTNng">6075.52266666667</dst>
            <dst id="IPLSng">20054.584</dst>
            <dst id="KSCYng">5204.656</dst>
            <dst id="LOSAng">25560.088</dst>
            <dst id="NYCMng">23632.616</dst>
            <dst id="SNVAng">2765.94666666667</dst>
            <dst id="STTLng">13010.3466666667</dst>
            <dst id="WASHng">15702.304</dst>
        </src>
        <src id="DNVRng">
            <dst id="ATLA-M5">94.6666666666667</dst>
            <dst id="ATLAng">2603.352</dst>
            <dst id="CHINng">39912.3573333333</dst>
            <dst id="DNVRng">12682.536</dst>
            <dst id="HSTNng">23575.1493333333</dst>
            <dst id="IPLSng">29021.9573333333</dst>
            <dst id="KSCYng">20656.3466666667</dst>
            <dst id="LOSAng">14648.0853333333</dst>
            <dst id="NYCMng">24486.7733333333</dst>
            <dst id="SNVAng">10195.5146666667</dst>
            <dst id="STTLng">4001.768</dst>
            <dst id="WASHng">39390.0373333333</dst>
        </src>
        <src id="HSTNng">
            <dst id="ATLA-M5">1725.056</dst>
            <dst id="ATLAng">538.021333333333</dst>
            <dst id="CHINng">8771.86933333333</dst>
            <dst id="DNVRng">830.917333333333</dst>
            <dst id="HSTNng">18521.6693333333</dst>
            <dst id="IPLSng">690.701333333333</dst>
            <dst id="KSCYng">1764.952</dst>
            <dst id="LOSAng">1794.192</dst>
            <dst id="NYCMng">2030.17866666667</dst>
            <dst id="SNVAng">26.6666666666667</dst>
            <dst id="STTLng">469.208</dst>
            <dst id="WASHng">1368.21066666667</dst>
        </src>
        <src id="IPLSng">
            <dst id="ATLA-M5">0</dst>
            <dst id="ATLAng">5033.288</dst>
            <dst id="CHINng">22724.136</dst>
            <dst id="DNVRng">12184.3653333333</dst>
            <dst id="HSTNng">3532.22933333333</dst>
            <dst id="IPLSng">3726.35733333333</dst>
            <dst id="KSCYng">16120.2933333333</dst>
            <dst id="LOSAng">11550.536</dst>
            <dst id="NYCMng">3662.20533333333</dst>
            <dst id="SNVAng">177.413333333333</dst>
            <dst id="STTLng">3906.95733333333</dst>
            <dst id="WASHng">14193.4293333333</dst>
        </src>
        <src id="KSCYng">
            <dst id="ATLA-M5">26.6666666666667</dst>
            <dst id="ATLAng">2282.37066666667</dst>
            <dst id="CHINng">6910.06666666667</dst>
            <dst id="DNVRng">4697.49066666667</dst>
            <dst id="HSTNng">3233.18133333333</dst>
            <dst id="IPLSng">11232.9546666667</dst>
            <dst id="KSCYng">8051.91466666667</dst>
            <dst id="LOSAng">3695.136</dst>
            <dst id="NYCMng">1272.616</dst>
            <dst id="SNVAng">2133.97333333333</dst>
            <dst id="STTLng">1264.77333333333</dst>
            <dst id="WASHng">9874.17066666667</dst>
        </src>
        <src id="LOSAng">
            <dst id="ATLA-M5">0</dst>
            <dst id="ATLAng">36226.5893333333</dst>
            <dst id="CHINng">45031.1946666667</dst>
            <dst id="DNVRng">5415.04</dst>
            <dst id="HSTNng">5001.11733333333</dst>
            <dst id="IPLSng">10130.4</dst>
            <dst id="KSCYng">3497.13333333333</dst>
            <dst id="LOSAng">12175.872</dst>
            <dst id="NYCMng">16048.256</dst>
            <dst id="SNVAng">20758.1013333333</dst>
            <dst id="STTLng">22586.8666666667</dst>
            <dst id="WASHng">78582.944</dst>
        </src>
        <src id="NYCMng">
            <dst id="ATLA-M5">53.3333333333333</dst>
            <dst id="ATLAng">17400.216</dst>
            <dst id="CHINng">15933.696</dst>
            <dst id="DNVRng">22595.2106666667</dst>
            <dst id="HSTNng">1263.37866666667</dst>
            <dst id="IPLSng">11773.0933333333</dst>
            <dst id="KSCYng">4118.61333333333</dst>
            <dst id="LOSAng">50652.376</dst>
            <dst id="NYCMng">71667.168</dst>
            <dst id="SNVAng">2157.57866666667</dst>
            <dst id="STTLng">19944.376</dst>
            <dst id="WASHng">34904.4266666667</dst>
        </src>
        <src id="SNVAng">
            <dst id="ATLA-M5">0</dst>
            <dst id="ATLAng">53.3333333333333</dst>
            <dst id="CHINng">26.6666666666667</dst>
            <dst id="DNVRng">1785.248</dst>
            <dst id="HSTNng">26.6666666666667</dst>
            <dst id="IPLSng">296.664</dst>
            <dst id="KSCYng">0</dst>
            <dst id="LOSAng">29666.248</dst>
            <dst id="NYCMng">0</dst>
            <dst id="SNVAng">7912.81866666667</dst>
            <dst id="STTLng">30055.2</dst>
            <dst id="WASHng">0</dst>
        </src>
        <src id="STTLng">
            <dst id="ATLA-M5">78.9653333333333</dst>
            <dst id="ATLAng">5953.344</dst>
            <dst id="CHINng">16740.5493333333</dst>
            <dst id="DNVRng">760.72</dst>
            <dst id="HSTNng">401.770666666667</dst>
            <dst id="IPLSng">3541.98133333333</dst>
            <dst id="KSCYng">3462.85066666667</dst>
            <dst id="LOSAng">10591.7466666667</dst>
            <dst id="NYCMng">8631.27733333333</dst>
            <dst id="SNVAng">9195.92533333334</dst>
            <dst id="STTLng">1928.05333333333</dst>
            <dst id="WASHng">3380.52</dst>
        </src>
        <src id="WASHng">
            <dst id="ATLA-M5">333.066666666667</dst>
            <dst id="ATLAng">62540.2213333333</dst>
            <dst id="CHINng">65416.384</dst>
            <dst id="DNVRng">69915.2853333333</dst>
            <dst id="HSTNng">19187.5466666667</dst>
            <dst id="IPLSng">65480.7493333333</dst>
            <dst id="KSCYng">36654.6506666667</dst>
            <dst id="LOSAng">109108.669333333</dst>
            <dst id="NYCMng">154059.72</dst>
            <dst id="SNVAng">3218.98666666667</dst>
            <dst id="STTLng">27491.2746666667</dst>
            <dst id="WASHng">185408.16</dst>
        </src>
    </IntraTM>
</TrafficMatrixFile>
