<?xml version="1.0" encoding="ISO-8859-1" standalone="yes"?>
<TrafficMatrixFile xsi:noNamespaceSchemaLocation="http://totem.run.montefiore.ulg.ac.be/Schema/TrafficMatrix-v1_2.xsd" xmlns:xsi="http://www.w3.org/2001/XMLSchema-instance">
    <IntraTM ASID="11537">
        <src id="ATLA-M5">
            <dst id="ATLA-M5">0</dst>
            <dst id="ATLAng">0</dst>
            <dst id="CHINng">26.6666666666667</dst>
            <dst id="DNVRng">1114.976</dst>
            <dst id="HSTNng">26.6666666666667</dst>
            <dst id="IPLSng">0</dst>
            <dst id="KSCYng">0</dst>
            <dst id="LOSAng">68</dst>
            <dst id="NYCMng">26.6666666666667</dst>
            <dst id="SNVAng">0</dst>
            <dst id="STTLng">64.9066666666667</dst>
            <dst id="WASHng">53.3333333333333</dst>
        </src>
        <src id="ATLAng">
            <dst id="ATLA-M5">0</dst>
            <dst id="ATLAng">24052.0613333333</dst>
            <dst id="CHINng">2891.61066666667</dst>
            <dst id="DNVRng">8079.52533333333</dst>
            <dst id="HSTNng">11155.992</dst>
            <dst id="IPLSng">13603.5706666667</dst>
            <dst id="KSCYng">339.082666666667</dst>
            <dst id="LOSAng">13992.1973333333</dst>
            <dst id="NYCMng">4289.704</dst>
            <dst id="SNVAng">1401.60533333333</dst>
            <dst id="STTLng">3124.96266666667</dst>
            <dst id="WASHng">30285.264</dst>
        </src>
        <src id="CHINng">
            <dst id="ATLA-M5">26.6666666666667</dst>
            <dst id="ATLAng">9978.888</dst>
            <dst id="CHINng">53772.2053333333</dst>
            <dst id="DNVRng">8531.94933333334</dst>
            <dst id="HSTNng">7343.33866666667</dst>
            <dst id="IPLSng">18177.9733333333</dst>
            <dst id="KSCYng">3627.232</dst>
            <dst id="LOSAng">27257.4053333333</dst>
            <dst id="NYCMng">23633.504</dst>
            <dst id="SNVAng">1561.70666666667</dst>
            <dst id="STTLng">11070.5146666667</dst>
            <dst id="WASHng">15747.5626666667</dst>
        </src>
        <src id="DNVRng">
            <dst id="ATLA-M5">293.738666666667</dst>
            <dst id="ATLAng">2225.60266666667</dst>
            <dst id="CHINng">35871.3813333333</dst>
            <dst id="DNVRng">11786.8106666667</dst>
            <dst id="HSTNng">25373.3013333333</dst>
            <dst id="IPLSng">31622.1093333333</dst>
            <dst id="KSCYng">19192.3626666667</dst>
            <dst id="LOSAng">13222.76</dst>
            <dst id="NYCMng">16645.96</dst>
            <dst id="SNVAng">7841.36</dst>
            <dst id="STTLng">3361.54933333333</dst>
            <dst id="WASHng">38545.76</dst>
        </src>
        <src id="HSTNng">
            <dst id="ATLA-M5">70.2613333333333</dst>
            <dst id="ATLAng">11187.4106666667</dst>
            <dst id="CHINng">7478.24266666667</dst>
            <dst id="DNVRng">845.981333333333</dst>
            <dst id="HSTNng">17802.984</dst>
            <dst id="IPLSng">1253.58133333333</dst>
            <dst id="KSCYng">1049.928</dst>
            <dst id="LOSAng">1255.344</dst>
            <dst id="NYCMng">1162.58133333333</dst>
            <dst id="SNVAng">26.6666666666667</dst>
            <dst id="STTLng">594</dst>
            <dst id="WASHng">1274.288</dst>
        </src>
        <src id="IPLSng">
            <dst id="ATLA-M5">0</dst>
            <dst id="ATLAng">5325.056</dst>
            <dst id="CHINng">23269.2346666667</dst>
            <dst id="DNVRng">6799.14133333333</dst>
            <dst id="HSTNng">3121.34933333333</dst>
            <dst id="IPLSng">7266.77866666667</dst>
            <dst id="KSCYng">16514.176</dst>
            <dst id="LOSAng">12850.08</dst>
            <dst id="NYCMng">3486.20266666667</dst>
            <dst id="SNVAng">157.92</dst>
            <dst id="STTLng">3681.216</dst>
            <dst id="WASHng">12783.5146666667</dst>
        </src>
        <src id="KSCYng">
            <dst id="ATLA-M5">0</dst>
            <dst id="ATLAng">2271.57333333333</dst>
            <dst id="CHINng">6751.70933333333</dst>
            <dst id="DNVRng">4945.97333333333</dst>
            <dst id="HSTNng">4145.16533333333</dst>
            <dst id="IPLSng">10485.656</dst>
            <dst id="KSCYng">5914.93333333333</dst>
            <dst id="LOSAng">3624.38133333333</dst>
            <dst id="NYCMng">2113.78666666667</dst>
            <dst id="SNVAng">2108.896</dst>
            <dst id="STTLng">1650.45333333333</dst>
            <dst id="WASHng">10247.704</dst>
        </src>
        <src id="LOSAng">
            <dst id="ATLA-M5">0</dst>
            <dst id="ATLAng">5472.67466666667</dst>
            <dst id="CHINng">41557.4213333333</dst>
            <dst id="DNVRng">6912.01066666667</dst>
            <dst id="HSTNng">4419.968</dst>
            <dst id="IPLSng">10117.2213333333</dst>
            <dst id="KSCYng">3178.98933333333</dst>
            <dst id="LOSAng">12341.944</dst>
            <dst id="NYCMng">22731.384</dst>
            <dst id="SNVAng">20704.672</dst>
            <dst id="STTLng">28119.752</dst>
            <dst id="WASHng">78460.744</dst>
        </src>
        <src id="NYCMng">
            <dst id="ATLA-M5">0</dst>
            <dst id="ATLAng">16717.8346666667</dst>
            <dst id="CHINng">21179.032</dst>
            <dst id="DNVRng">24980.7413333333</dst>
            <dst id="HSTNng">1600.43733333333</dst>
            <dst id="IPLSng">12754.208</dst>
            <dst id="KSCYng">3566.40266666667</dst>
            <dst id="LOSAng">53079.9946666667</dst>
            <dst id="NYCMng">77027.4853333333</dst>
            <dst id="SNVAng">1818.71466666667</dst>
            <dst id="STTLng">19586.16</dst>
            <dst id="WASHng">24102.9013333333</dst>
        </src>
        <src id="SNVAng">
            <dst id="ATLA-M5">0</dst>
            <dst id="ATLAng">26.6666666666667</dst>
            <dst id="CHINng">26.6666666666667</dst>
            <dst id="DNVRng">10545.1733333333</dst>
            <dst id="HSTNng">0</dst>
            <dst id="IPLSng">189.349333333333</dst>
            <dst id="KSCYng">53.3333333333333</dst>
            <dst id="LOSAng">30039.712</dst>
            <dst id="NYCMng">26.6666666666667</dst>
            <dst id="SNVAng">7474.36</dst>
            <dst id="STTLng">30288.6826666667</dst>
            <dst id="WASHng">0</dst>
        </src>
        <src id="STTLng">
            <dst id="ATLA-M5">84.9866666666667</dst>
            <dst id="ATLAng">5597.77866666667</dst>
            <dst id="CHINng">20816.856</dst>
            <dst id="DNVRng">744.802666666667</dst>
            <dst id="HSTNng">454.426666666667</dst>
            <dst id="IPLSng">5409.816</dst>
            <dst id="KSCYng">4476.39733333333</dst>
            <dst id="LOSAng">10075.8906666667</dst>
            <dst id="NYCMng">8636.01333333333</dst>
            <dst id="SNVAng">8532.536</dst>
            <dst id="STTLng">1631.92266666667</dst>
            <dst id="WASHng">3193.78666666667</dst>
        </src>
        <src id="WASHng">
            <dst id="ATLA-M5">439.909333333333</dst>
            <dst id="ATLAng">58364.2026666667</dst>
            <dst id="CHINng">60955.0106666667</dst>
            <dst id="DNVRng">74723.92</dst>
            <dst id="HSTNng">16562.0586666667</dst>
            <dst id="IPLSng">63240.6453333333</dst>
            <dst id="KSCYng">37298.9333333333</dst>
            <dst id="LOSAng">91475.7946666667</dst>
            <dst id="NYCMng">149447.973333333</dst>
            <dst id="SNVAng">2624.65866666667</dst>
            <dst id="STTLng">28049.3386666667</dst>
            <dst id="WASHng">230282.741333333</dst>
        </src>
    </IntraTM>
</TrafficMatrixFile>
