<?xml version="1.0" encoding="ISO-8859-1" standalone="yes"?>
<TrafficMatrixFile xsi:noNamespaceSchemaLocation="http://totem.run.montefiore.ulg.ac.be/Schema/TrafficMatrix-v1_2.xsd" xmlns:xsi="http://www.w3.org/2001/XMLSchema-instance">
    <IntraTM ASID="11537">
        <src id="ATLA-M5">
            <dst id="ATLA-M5">53.3333333333333</dst>
            <dst id="ATLAng">154.805333333333</dst>
            <dst id="CHINng">416.581333333333</dst>
            <dst id="DNVRng">60.128</dst>
            <dst id="HSTNng">138.624</dst>
            <dst id="IPLSng">157.637333333333</dst>
            <dst id="KSCYng">43.696</dst>
            <dst id="LOSAng">26.6666666666667</dst>
            <dst id="NYCMng">53.3333333333333</dst>
            <dst id="SNVAng">0</dst>
            <dst id="STTLng">64.3733333333333</dst>
            <dst id="WASHng">416.586666666667</dst>
        </src>
        <src id="ATLAng">
            <dst id="ATLA-M5">6500.32266666667</dst>
            <dst id="ATLAng">53372.2213333333</dst>
            <dst id="CHINng">13038.1626666667</dst>
            <dst id="DNVRng">4440.61866666667</dst>
            <dst id="HSTNng">1532.78933333333</dst>
            <dst id="IPLSng">13771.1653333333</dst>
            <dst id="KSCYng">3020.56</dst>
            <dst id="LOSAng">5498.252</dst>
            <dst id="NYCMng">10443.0106666667</dst>
            <dst id="SNVAng">9325.548</dst>
            <dst id="STTLng">1698.216</dst>
            <dst id="WASHng">45890.2346666667</dst>
        </src>
        <src id="CHINng">
            <dst id="ATLA-M5">270.253333333333</dst>
            <dst id="ATLAng">9147.42666666667</dst>
            <dst id="CHINng">103575.778666667</dst>
            <dst id="DNVRng">3660.192</dst>
            <dst id="HSTNng">12921.9626666667</dst>
            <dst id="IPLSng">91553.728</dst>
            <dst id="KSCYng">11288.2426666667</dst>
            <dst id="LOSAng">2902.384</dst>
            <dst id="NYCMng">11233.736</dst>
            <dst id="SNVAng">19392.3413333333</dst>
            <dst id="STTLng">5767.54933333333</dst>
            <dst id="WASHng">30280.904</dst>
        </src>
        <src id="DNVRng">
            <dst id="ATLA-M5">382.986666666667</dst>
            <dst id="ATLAng">13274.1226666667</dst>
            <dst id="CHINng">61184.4613333333</dst>
            <dst id="DNVRng">13167.0906666667</dst>
            <dst id="HSTNng">24631.584</dst>
            <dst id="IPLSng">37128.944</dst>
            <dst id="KSCYng">21840.0266666667</dst>
            <dst id="LOSAng">908.890666666666</dst>
            <dst id="NYCMng">17110.9813333333</dst>
            <dst id="SNVAng">28398.9413333333</dst>
            <dst id="STTLng">6763.232</dst>
            <dst id="WASHng">60276.3626666667</dst>
        </src>
        <src id="HSTNng">
            <dst id="ATLA-M5">626.306666666667</dst>
            <dst id="ATLAng">6004.53333333333</dst>
            <dst id="CHINng">17093.9786666667</dst>
            <dst id="DNVRng">2080.288</dst>
            <dst id="HSTNng">16562.2826666667</dst>
            <dst id="IPLSng">6505.52266666667</dst>
            <dst id="KSCYng">1814.70133333333</dst>
            <dst id="LOSAng">1463.07466666667</dst>
            <dst id="NYCMng">4048.97866666667</dst>
            <dst id="SNVAng">278.68</dst>
            <dst id="STTLng">1062.19733333333</dst>
            <dst id="WASHng">3552.456</dst>
        </src>
        <src id="IPLSng">
            <dst id="ATLA-M5">150.688</dst>
            <dst id="ATLAng">19241.5973333333</dst>
            <dst id="CHINng">63823.5653333333</dst>
            <dst id="DNVRng">10839.8853333333</dst>
            <dst id="HSTNng">4291.11466666667</dst>
            <dst id="IPLSng">24855.6506666667</dst>
            <dst id="KSCYng">14359.4106666667</dst>
            <dst id="LOSAng">1085.088</dst>
            <dst id="NYCMng">19953.8186666667</dst>
            <dst id="SNVAng">6761.16266666667</dst>
            <dst id="STTLng">7032.544</dst>
            <dst id="WASHng">34369.664</dst>
        </src>
        <src id="KSCYng">
            <dst id="ATLA-M5">0</dst>
            <dst id="ATLAng">4826.68266666667</dst>
            <dst id="CHINng">19617.6506666667</dst>
            <dst id="DNVRng">4549.14933333333</dst>
            <dst id="HSTNng">5156.49866666667</dst>
            <dst id="IPLSng">18282.0773333333</dst>
            <dst id="KSCYng">18002.776</dst>
            <dst id="LOSAng">656.104</dst>
            <dst id="NYCMng">2065.14133333333</dst>
            <dst id="SNVAng">4181.50666666667</dst>
            <dst id="STTLng">1076.92266666667</dst>
            <dst id="WASHng">7278.984</dst>
        </src>
        <src id="LOSAng">
            <dst id="ATLA-M5">53.3333333333333</dst>
            <dst id="ATLAng">11520.672</dst>
            <dst id="CHINng">89488.2773333333</dst>
            <dst id="DNVRng">11351.6</dst>
            <dst id="HSTNng">8310.672</dst>
            <dst id="IPLSng">24134.7653333333</dst>
            <dst id="KSCYng">2195.48533333333</dst>
            <dst id="LOSAng">15094.48</dst>
            <dst id="NYCMng">53977.0506666667</dst>
            <dst id="SNVAng">21031.72</dst>
            <dst id="STTLng">14488.5653333333</dst>
            <dst id="WASHng">107996.925333333</dst>
        </src>
        <src id="NYCMng">
            <dst id="ATLA-M5">697.813333333333</dst>
            <dst id="ATLAng">26685.8693333333</dst>
            <dst id="CHINng">51738.1226666667</dst>
            <dst id="DNVRng">25882.8266666667</dst>
            <dst id="HSTNng">7250.696</dst>
            <dst id="IPLSng">25022.464</dst>
            <dst id="KSCYng">6774.81066666667</dst>
            <dst id="LOSAng">8858.57866666667</dst>
            <dst id="NYCMng">153872.874666667</dst>
            <dst id="SNVAng">44123.928</dst>
            <dst id="STTLng">16128.2026666667</dst>
            <dst id="WASHng">70447.5866666667</dst>
        </src>
        <src id="SNVAng">
            <dst id="ATLA-M5">0</dst>
            <dst id="ATLAng">115.216</dst>
            <dst id="CHINng">26.6666666666667</dst>
            <dst id="DNVRng">2864</dst>
            <dst id="HSTNng">223.994666666667</dst>
            <dst id="IPLSng">4250.90933333333</dst>
            <dst id="KSCYng">53.3333333333333</dst>
            <dst id="LOSAng">1842.824</dst>
            <dst id="NYCMng">53.3333333333333</dst>
            <dst id="SNVAng">40741.3786666667</dst>
            <dst id="STTLng">41662.8346666667</dst>
            <dst id="WASHng">106.666666666667</dst>
        </src>
        <src id="STTLng">
            <dst id="ATLA-M5">849.202666666667</dst>
            <dst id="ATLAng">11368.024</dst>
            <dst id="CHINng">31652.944</dst>
            <dst id="DNVRng">3874.192</dst>
            <dst id="HSTNng">3311.42933333333</dst>
            <dst id="IPLSng">12062.592</dst>
            <dst id="KSCYng">3121.08266666667</dst>
            <dst id="LOSAng">2559.76</dst>
            <dst id="NYCMng">17925.8346666667</dst>
            <dst id="SNVAng">15295.736</dst>
            <dst id="STTLng">4568.528</dst>
            <dst id="WASHng">48827.0853333333</dst>
        </src>
        <src id="WASHng">
            <dst id="ATLA-M5">664.098666666667</dst>
            <dst id="ATLAng">118146.189333333</dst>
            <dst id="CHINng">83538.0426666667</dst>
            <dst id="DNVRng">37121.752</dst>
            <dst id="HSTNng">20525.7066666667</dst>
            <dst id="IPLSng">33779.8213333333</dst>
            <dst id="KSCYng">42028.5866666667</dst>
            <dst id="LOSAng">67305.504</dst>
            <dst id="NYCMng">169295.085333333</dst>
            <dst id="SNVAng">30686.3946666667</dst>
            <dst id="STTLng">19388.04</dst>
            <dst id="WASHng">289603.146666667</dst>
        </src>
    </IntraTM>
</TrafficMatrixFile>
