<?xml version="1.0" encoding="ISO-8859-1" standalone="yes"?>
<TrafficMatrixFile xsi:noNamespaceSchemaLocation="http://totem.run.montefiore.ulg.ac.be/Schema/TrafficMatrix-v1_2.xsd" xmlns:xsi="http://www.w3.org/2001/XMLSchema-instance">
    <IntraTM ASID="11537">
        <src id="ATLA-M5">
            <dst id="ATLA-M5">53.3333333333333</dst>
            <dst id="ATLAng">219.994666666667</dst>
            <dst id="CHINng">204.256</dst>
            <dst id="DNVRng">2199.28266666667</dst>
            <dst id="HSTNng">92.7226666666667</dst>
            <dst id="IPLSng">26.6666666666667</dst>
            <dst id="KSCYng">0</dst>
            <dst id="LOSAng">0</dst>
            <dst id="NYCMng">146.197333333333</dst>
            <dst id="SNVAng">0</dst>
            <dst id="STTLng">91.4293333333333</dst>
            <dst id="WASHng">901.482666666667</dst>
        </src>
        <src id="ATLAng">
            <dst id="ATLA-M5">130.829333333333</dst>
            <dst id="ATLAng">24069.6133333333</dst>
            <dst id="CHINng">4327.46933333333</dst>
            <dst id="DNVRng">3191.38666666667</dst>
            <dst id="HSTNng">15735.1226666667</dst>
            <dst id="IPLSng">13073.2906666667</dst>
            <dst id="KSCYng">1205.72533333333</dst>
            <dst id="LOSAng">16026.4826666667</dst>
            <dst id="NYCMng">3055.06666666667</dst>
            <dst id="SNVAng">26.6666666666667</dst>
            <dst id="STTLng">4760.57333333333</dst>
            <dst id="WASHng">24224.04</dst>
        </src>
        <src id="CHINng">
            <dst id="ATLA-M5">80</dst>
            <dst id="ATLAng">10139.2293333333</dst>
            <dst id="CHINng">73785.896</dst>
            <dst id="DNVRng">5779.98666666666</dst>
            <dst id="HSTNng">9589.45066666667</dst>
            <dst id="IPLSng">50262.2853333333</dst>
            <dst id="KSCYng">8300.192</dst>
            <dst id="LOSAng">35397.3066666667</dst>
            <dst id="NYCMng">22748.2186666667</dst>
            <dst id="SNVAng">4981.848</dst>
            <dst id="STTLng">5310.46666666667</dst>
            <dst id="WASHng">17925.9626666667</dst>
        </src>
        <src id="DNVRng">
            <dst id="ATLA-M5">592.485333333333</dst>
            <dst id="ATLAng">5828.92</dst>
            <dst id="CHINng">35694.0693333333</dst>
            <dst id="DNVRng">6473.28266666667</dst>
            <dst id="HSTNng">21252.648</dst>
            <dst id="IPLSng">25465.096</dst>
            <dst id="KSCYng">13913.7786666667</dst>
            <dst id="LOSAng">15317.416</dst>
            <dst id="NYCMng">13240.6746666667</dst>
            <dst id="SNVAng">5967.63733333333</dst>
            <dst id="STTLng">3172.33333333333</dst>
            <dst id="WASHng">33474.2986666667</dst>
        </src>
        <src id="HSTNng">
            <dst id="ATLA-M5">1713.696</dst>
            <dst id="ATLAng">7337.08533333333</dst>
            <dst id="CHINng">5641.128</dst>
            <dst id="DNVRng">1010.02666666667</dst>
            <dst id="HSTNng">17824.7306666667</dst>
            <dst id="IPLSng">2267.296</dst>
            <dst id="KSCYng">1135.78933333333</dst>
            <dst id="LOSAng">1162.33333333333</dst>
            <dst id="NYCMng">1432.29866666667</dst>
            <dst id="SNVAng">26.6666666666667</dst>
            <dst id="STTLng">701.818666666667</dst>
            <dst id="WASHng">1447.87733333333</dst>
        </src>
        <src id="IPLSng">
            <dst id="ATLA-M5">26.6666666666667</dst>
            <dst id="ATLAng">15794.1386666667</dst>
            <dst id="CHINng">62438.3946666667</dst>
            <dst id="DNVRng">9755.39466666667</dst>
            <dst id="HSTNng">1198.59466666667</dst>
            <dst id="IPLSng">16224.712</dst>
            <dst id="KSCYng">6392.568</dst>
            <dst id="LOSAng">13365.8746666667</dst>
            <dst id="NYCMng">4296.05066666667</dst>
            <dst id="SNVAng">169.565333333333</dst>
            <dst id="STTLng">9488.816</dst>
            <dst id="WASHng">17162.0506666667</dst>
        </src>
        <src id="KSCYng">
            <dst id="ATLA-M5">0</dst>
            <dst id="ATLAng">3182.15733333333</dst>
            <dst id="CHINng">10319.304</dst>
            <dst id="DNVRng">8169.592</dst>
            <dst id="HSTNng">3263.896</dst>
            <dst id="IPLSng">11170.136</dst>
            <dst id="KSCYng">11612.3786666667</dst>
            <dst id="LOSAng">2902.86133333333</dst>
            <dst id="NYCMng">2310.46133333333</dst>
            <dst id="SNVAng">2140.88533333333</dst>
            <dst id="STTLng">2071.78133333333</dst>
            <dst id="WASHng">11202.5306666667</dst>
        </src>
        <src id="LOSAng">
            <dst id="ATLA-M5">923.408</dst>
            <dst id="ATLAng">43181.7386666667</dst>
            <dst id="CHINng">53415.5386666667</dst>
            <dst id="DNVRng">7624.888</dst>
            <dst id="HSTNng">2136.656</dst>
            <dst id="IPLSng">27751.424</dst>
            <dst id="KSCYng">5426.12</dst>
            <dst id="LOSAng">8367.696</dst>
            <dst id="NYCMng">16550.5493333333</dst>
            <dst id="SNVAng">21240.8</dst>
            <dst id="STTLng">20766.6026666667</dst>
            <dst id="WASHng">77956.792</dst>
        </src>
        <src id="NYCMng">
            <dst id="ATLA-M5">1167.97866666667</dst>
            <dst id="ATLAng">24111.4613333333</dst>
            <dst id="CHINng">22601.88</dst>
            <dst id="DNVRng">23052.3066666667</dst>
            <dst id="HSTNng">6336.93066666667</dst>
            <dst id="IPLSng">24567.96</dst>
            <dst id="KSCYng">12371.5866666667</dst>
            <dst id="LOSAng">48196.2</dst>
            <dst id="NYCMng">89586.456</dst>
            <dst id="SNVAng">661.850666666667</dst>
            <dst id="STTLng">22985.6506666667</dst>
            <dst id="WASHng">44469.0613333333</dst>
        </src>
        <src id="SNVAng">
            <dst id="ATLA-M5">0</dst>
            <dst id="ATLAng">26.6666666666667</dst>
            <dst id="CHINng">0</dst>
            <dst id="DNVRng">4990.22933333333</dst>
            <dst id="HSTNng">26.6666666666667</dst>
            <dst id="IPLSng">313.589333333333</dst>
            <dst id="KSCYng">26.6666666666667</dst>
            <dst id="LOSAng">28292.0826666667</dst>
            <dst id="NYCMng">8291.62666666667</dst>
            <dst id="SNVAng">7365.73333333334</dst>
            <dst id="STTLng">34568.088</dst>
            <dst id="WASHng">0</dst>
        </src>
        <src id="STTLng">
            <dst id="ATLA-M5">494.762666666667</dst>
            <dst id="ATLAng">9534.45333333333</dst>
            <dst id="CHINng">13590.048</dst>
            <dst id="DNVRng">4541.61066666667</dst>
            <dst id="HSTNng">828.205333333333</dst>
            <dst id="IPLSng">8279.74133333334</dst>
            <dst id="KSCYng">2697.656</dst>
            <dst id="LOSAng">8792.96</dst>
            <dst id="NYCMng">9129.17333333333</dst>
            <dst id="SNVAng">7786.54133333333</dst>
            <dst id="STTLng">629.674666666666</dst>
            <dst id="WASHng">5984.28</dst>
        </src>
        <src id="WASHng">
            <dst id="ATLA-M5">398.616</dst>
            <dst id="ATLAng">48286.5626666667</dst>
            <dst id="CHINng">46372.3226666667</dst>
            <dst id="DNVRng">49367.7466666667</dst>
            <dst id="HSTNng">13448.04</dst>
            <dst id="IPLSng">41848.584</dst>
            <dst id="KSCYng">27836.2773333333</dst>
            <dst id="LOSAng">119422.450666667</dst>
            <dst id="NYCMng">172287.282666667</dst>
            <dst id="SNVAng">993.413333333333</dst>
            <dst id="STTLng">25629.832</dst>
            <dst id="WASHng">269856.986666667</dst>
        </src>
    </IntraTM>
</TrafficMatrixFile>
