<?xml version="1.0" encoding="ISO-8859-1" standalone="yes"?>
<TrafficMatrixFile xsi:noNamespaceSchemaLocation="http://totem.run.montefiore.ulg.ac.be/Schema/TrafficMatrix-v1_2.xsd" xmlns:xsi="http://www.w3.org/2001/XMLSchema-instance">
    <IntraTM ASID="11537">
        <src id="ATLA-M5">
            <dst id="ATLA-M5">0</dst>
            <dst id="ATLAng">26.6666666666667</dst>
            <dst id="CHINng">89.3333333333333</dst>
            <dst id="DNVRng">1208.72533333333</dst>
            <dst id="HSTNng">0</dst>
            <dst id="IPLSng">162.997333333333</dst>
            <dst id="KSCYng">0</dst>
            <dst id="LOSAng">114.261333333333</dst>
            <dst id="NYCMng">857.162666666667</dst>
            <dst id="SNVAng">64.6053333333333</dst>
            <dst id="STTLng">57.4773333333333</dst>
            <dst id="WASHng">225.250666666667</dst>
        </src>
        <src id="ATLAng">
            <dst id="ATLA-M5">63.904</dst>
            <dst id="ATLAng">40465.5333333333</dst>
            <dst id="CHINng">13677.9413333333</dst>
            <dst id="DNVRng">3075.544</dst>
            <dst id="HSTNng">486.645333333333</dst>
            <dst id="IPLSng">30969.2933333333</dst>
            <dst id="KSCYng">1991.74933333333</dst>
            <dst id="LOSAng">9022.424</dst>
            <dst id="NYCMng">1684.68</dst>
            <dst id="SNVAng">145.714666666667</dst>
            <dst id="STTLng">3047.71733333333</dst>
            <dst id="WASHng">35615.128</dst>
        </src>
        <src id="CHINng">
            <dst id="ATLA-M5">0</dst>
            <dst id="ATLAng">6304.17866666667</dst>
            <dst id="CHINng">44445.7653333334</dst>
            <dst id="DNVRng">3860.39466666667</dst>
            <dst id="HSTNng">4957.40533333333</dst>
            <dst id="IPLSng">3216.06133333333</dst>
            <dst id="KSCYng">9115.69866666667</dst>
            <dst id="LOSAng">9719.75466666667</dst>
            <dst id="NYCMng">17770.6266666667</dst>
            <dst id="SNVAng">216.869333333333</dst>
            <dst id="STTLng">8086.77866666667</dst>
            <dst id="WASHng">19951.072</dst>
        </src>
        <src id="DNVRng">
            <dst id="ATLA-M5">295.253333333333</dst>
            <dst id="ATLAng">5409.82933333333</dst>
            <dst id="CHINng">32380.5866666667</dst>
            <dst id="DNVRng">27406.7653333333</dst>
            <dst id="HSTNng">23125.656</dst>
            <dst id="IPLSng">29787.1893333333</dst>
            <dst id="KSCYng">20430.4693333333</dst>
            <dst id="LOSAng">7590.17066666667</dst>
            <dst id="NYCMng">15386.7946666667</dst>
            <dst id="SNVAng">6197.05333333333</dst>
            <dst id="STTLng">3733.55733333333</dst>
            <dst id="WASHng">48560.656</dst>
        </src>
        <src id="HSTNng">
            <dst id="ATLA-M5">67.2106666666667</dst>
            <dst id="ATLAng">2541.57866666667</dst>
            <dst id="CHINng">4850.448</dst>
            <dst id="DNVRng">3879.96266666667</dst>
            <dst id="HSTNng">16442.208</dst>
            <dst id="IPLSng">1195.952</dst>
            <dst id="KSCYng">1605.504</dst>
            <dst id="LOSAng">6815.84266666667</dst>
            <dst id="NYCMng">2869.78933333333</dst>
            <dst id="SNVAng">26.6666666666667</dst>
            <dst id="STTLng">604.216</dst>
            <dst id="WASHng">3772.06133333333</dst>
        </src>
        <src id="IPLSng">
            <dst id="ATLA-M5">26.6666666666667</dst>
            <dst id="ATLAng">15382.104</dst>
            <dst id="CHINng">23243.5013333333</dst>
            <dst id="DNVRng">9758.288</dst>
            <dst id="HSTNng">478.466666666667</dst>
            <dst id="IPLSng">18266.7333333333</dst>
            <dst id="KSCYng">1959.20533333333</dst>
            <dst id="LOSAng">13730.1306666667</dst>
            <dst id="NYCMng">11168.04</dst>
            <dst id="SNVAng">432.762666666667</dst>
            <dst id="STTLng">5495.91733333333</dst>
            <dst id="WASHng">11538.2506666667</dst>
        </src>
        <src id="KSCYng">
            <dst id="ATLA-M5">0</dst>
            <dst id="ATLAng">4841.23466666667</dst>
            <dst id="CHINng">7187.49866666667</dst>
            <dst id="DNVRng">5551.53866666667</dst>
            <dst id="HSTNng">5827.66133333333</dst>
            <dst id="IPLSng">12467.5893333333</dst>
            <dst id="KSCYng">5276.86933333333</dst>
            <dst id="LOSAng">6942.136</dst>
            <dst id="NYCMng">1197.29866666667</dst>
            <dst id="SNVAng">2824.848</dst>
            <dst id="STTLng">1201.8</dst>
            <dst id="WASHng">10529.5973333333</dst>
        </src>
        <src id="LOSAng">
            <dst id="ATLA-M5">80</dst>
            <dst id="ATLAng">16857.624</dst>
            <dst id="CHINng">36408.264</dst>
            <dst id="DNVRng">4626.73066666667</dst>
            <dst id="HSTNng">8087.89333333333</dst>
            <dst id="IPLSng">12335.3226666667</dst>
            <dst id="KSCYng">4355.36533333333</dst>
            <dst id="LOSAng">18469.9413333333</dst>
            <dst id="NYCMng">23764.808</dst>
            <dst id="SNVAng">27318.368</dst>
            <dst id="STTLng">26737.6773333333</dst>
            <dst id="WASHng">76441.6533333333</dst>
        </src>
        <src id="NYCMng">
            <dst id="ATLA-M5">2776.352</dst>
            <dst id="ATLAng">18478.1333333333</dst>
            <dst id="CHINng">16590.4</dst>
            <dst id="DNVRng">24574.9626666667</dst>
            <dst id="HSTNng">13060.5386666667</dst>
            <dst id="IPLSng">18531.5866666667</dst>
            <dst id="KSCYng">5183.26933333333</dst>
            <dst id="LOSAng">65258.5226666667</dst>
            <dst id="NYCMng">70787.024</dst>
            <dst id="SNVAng">890.101333333333</dst>
            <dst id="STTLng">28892.3946666667</dst>
            <dst id="WASHng">28865.8826666667</dst>
        </src>
        <src id="SNVAng">
            <dst id="ATLA-M5">0</dst>
            <dst id="ATLAng">542.642666666667</dst>
            <dst id="CHINng">26.6666666666667</dst>
            <dst id="DNVRng">1237.18133333333</dst>
            <dst id="HSTNng">26.6666666666667</dst>
            <dst id="IPLSng">162.328</dst>
            <dst id="KSCYng">0</dst>
            <dst id="LOSAng">36715.272</dst>
            <dst id="NYCMng">156.626666666667</dst>
            <dst id="SNVAng">9464.41066666666</dst>
            <dst id="STTLng">39579.544</dst>
            <dst id="WASHng">0</dst>
        </src>
        <src id="STTLng">
            <dst id="ATLA-M5">107.888</dst>
            <dst id="ATLAng">9768.384</dst>
            <dst id="CHINng">12481.0426666667</dst>
            <dst id="DNVRng">4213.736</dst>
            <dst id="HSTNng">634.165333333333</dst>
            <dst id="IPLSng">6535.49066666667</dst>
            <dst id="KSCYng">2089.69333333333</dst>
            <dst id="LOSAng">10453.464</dst>
            <dst id="NYCMng">11906.0293333333</dst>
            <dst id="SNVAng">15505.7333333333</dst>
            <dst id="STTLng">1201.04533333333</dst>
            <dst id="WASHng">4660.95466666667</dst>
        </src>
        <src id="WASHng">
            <dst id="ATLA-M5">1858.78133333333</dst>
            <dst id="ATLAng">103816.405333333</dst>
            <dst id="CHINng">69651.7013333333</dst>
            <dst id="DNVRng">36475.8853333333</dst>
            <dst id="HSTNng">26547.5146666667</dst>
            <dst id="IPLSng">58011.3973333333</dst>
            <dst id="KSCYng">25336.84</dst>
            <dst id="LOSAng">104105.512</dst>
            <dst id="NYCMng">151198.818666667</dst>
            <dst id="SNVAng">980.592</dst>
            <dst id="STTLng">28738.2346666667</dst>
            <dst id="WASHng">231253.56</dst>
        </src>
    </IntraTM>
</TrafficMatrixFile>
