<?xml version="1.0" encoding="ISO-8859-1" standalone="yes"?>
<TrafficMatrixFile xsi:noNamespaceSchemaLocation="http://totem.run.montefiore.ulg.ac.be/Schema/TrafficMatrix-v1_2.xsd" xmlns:xsi="http://www.w3.org/2001/XMLSchema-instance">
    <IntraTM ASID="11537">
        <src id="ATLA-M5">
            <dst id="ATLA-M5">0</dst>
            <dst id="ATLAng">53.3333333333333</dst>
            <dst id="CHINng">45.2426666666667</dst>
            <dst id="DNVRng">0</dst>
            <dst id="HSTNng">74.1813333333333</dst>
            <dst id="IPLSng">0</dst>
            <dst id="KSCYng">0</dst>
            <dst id="LOSAng">0</dst>
            <dst id="NYCMng">84.8</dst>
            <dst id="SNVAng">0</dst>
            <dst id="STTLng">124.92</dst>
            <dst id="WASHng">80</dst>
        </src>
        <src id="ATLAng">
            <dst id="ATLA-M5">47.1733333333333</dst>
            <dst id="ATLAng">19853.128</dst>
            <dst id="CHINng">6684.936</dst>
            <dst id="DNVRng">5158.792</dst>
            <dst id="HSTNng">905.533333333334</dst>
            <dst id="IPLSng">13970.128</dst>
            <dst id="KSCYng">338.242666666667</dst>
            <dst id="LOSAng">6768.944</dst>
            <dst id="NYCMng">3695.024</dst>
            <dst id="SNVAng">57.5866666666667</dst>
            <dst id="STTLng">5709.41333333333</dst>
            <dst id="WASHng">23999.3706666667</dst>
        </src>
        <src id="CHINng">
            <dst id="ATLA-M5">0</dst>
            <dst id="ATLAng">9181.29866666667</dst>
            <dst id="CHINng">89909.4373333333</dst>
            <dst id="DNVRng">8917.73066666667</dst>
            <dst id="HSTNng">6511.752</dst>
            <dst id="IPLSng">30106.4933333333</dst>
            <dst id="KSCYng">16208.984</dst>
            <dst id="LOSAng">28377.376</dst>
            <dst id="NYCMng">27793.352</dst>
            <dst id="SNVAng">422.381333333333</dst>
            <dst id="STTLng">3986.776</dst>
            <dst id="WASHng">9982.96</dst>
        </src>
        <src id="DNVRng">
            <dst id="ATLA-M5">184.114666666667</dst>
            <dst id="ATLAng">14957.5386666667</dst>
            <dst id="CHINng">34911.8106666667</dst>
            <dst id="DNVRng">8161.53066666667</dst>
            <dst id="HSTNng">22017.912</dst>
            <dst id="IPLSng">30884.1626666667</dst>
            <dst id="KSCYng">13517.9893333333</dst>
            <dst id="LOSAng">3967.26133333333</dst>
            <dst id="NYCMng">11776.0293333333</dst>
            <dst id="SNVAng">5655.67466666667</dst>
            <dst id="STTLng">4863.88</dst>
            <dst id="WASHng">34629.304</dst>
        </src>
        <src id="HSTNng">
            <dst id="ATLA-M5">1847.54666666667</dst>
            <dst id="ATLAng">2028.01066666667</dst>
            <dst id="CHINng">13566.896</dst>
            <dst id="DNVRng">683.330666666667</dst>
            <dst id="HSTNng">10193.4053333333</dst>
            <dst id="IPLSng">3677.14666666667</dst>
            <dst id="KSCYng">994.786666666667</dst>
            <dst id="LOSAng">5486.57866666667</dst>
            <dst id="NYCMng">2426.656</dst>
            <dst id="SNVAng">26.6666666666667</dst>
            <dst id="STTLng">972.674666666667</dst>
            <dst id="WASHng">6240.408</dst>
        </src>
        <src id="IPLSng">
            <dst id="ATLA-M5">0</dst>
            <dst id="ATLAng">15275.1093333333</dst>
            <dst id="CHINng">41891.3386666667</dst>
            <dst id="DNVRng">7253.22133333333</dst>
            <dst id="HSTNng">3421.57866666667</dst>
            <dst id="IPLSng">5120.34933333333</dst>
            <dst id="KSCYng">7570.152</dst>
            <dst id="LOSAng">11734.592</dst>
            <dst id="NYCMng">12827.376</dst>
            <dst id="SNVAng">305.605333333333</dst>
            <dst id="STTLng">4852.344</dst>
            <dst id="WASHng">12590.0426666667</dst>
        </src>
        <src id="KSCYng">
            <dst id="ATLA-M5">26.6666666666667</dst>
            <dst id="ATLAng">6783.63733333333</dst>
            <dst id="CHINng">11729.776</dst>
            <dst id="DNVRng">5429.19466666667</dst>
            <dst id="HSTNng">3460.10666666667</dst>
            <dst id="IPLSng">20968.3413333333</dst>
            <dst id="KSCYng">14467.048</dst>
            <dst id="LOSAng">2876.54133333333</dst>
            <dst id="NYCMng">13125.0293333333</dst>
            <dst id="SNVAng">1837.248</dst>
            <dst id="STTLng">1263.28533333333</dst>
            <dst id="WASHng">12351.272</dst>
        </src>
        <src id="LOSAng">
            <dst id="ATLA-M5">852.885333333333</dst>
            <dst id="ATLAng">11487.568</dst>
            <dst id="CHINng">54046.5386666667</dst>
            <dst id="DNVRng">15585.6453333333</dst>
            <dst id="HSTNng">2548.61066666667</dst>
            <dst id="IPLSng">13903.888</dst>
            <dst id="KSCYng">4157.94133333333</dst>
            <dst id="LOSAng">5542.08533333333</dst>
            <dst id="NYCMng">56865.9493333333</dst>
            <dst id="SNVAng">21531.5786666667</dst>
            <dst id="STTLng">20118.2213333333</dst>
            <dst id="WASHng">125743.205333333</dst>
        </src>
        <src id="NYCMng">
            <dst id="ATLA-M5">323.269333333333</dst>
            <dst id="ATLAng">13042.7866666667</dst>
            <dst id="CHINng">18133.552</dst>
            <dst id="DNVRng">22499.0986666667</dst>
            <dst id="HSTNng">2633.77866666667</dst>
            <dst id="IPLSng">22011.8773333333</dst>
            <dst id="KSCYng">4790.456</dst>
            <dst id="LOSAng">48015.5413333333</dst>
            <dst id="NYCMng">78591.6533333333</dst>
            <dst id="SNVAng">1562.01333333333</dst>
            <dst id="STTLng">19951.4826666667</dst>
            <dst id="WASHng">37250.5093333333</dst>
        </src>
        <src id="SNVAng">
            <dst id="ATLA-M5">0</dst>
            <dst id="ATLAng">53.3333333333333</dst>
            <dst id="CHINng">26.6666666666667</dst>
            <dst id="DNVRng">1893.54666666667</dst>
            <dst id="HSTNng">0</dst>
            <dst id="IPLSng">215.269333333333</dst>
            <dst id="KSCYng">0</dst>
            <dst id="LOSAng">47192.8426666667</dst>
            <dst id="NYCMng">26.6666666666667</dst>
            <dst id="SNVAng">7278.44</dst>
            <dst id="STTLng">35954.0373333333</dst>
            <dst id="WASHng">0</dst>
        </src>
        <src id="STTLng">
            <dst id="ATLA-M5">1373.488</dst>
            <dst id="ATLAng">7280.928</dst>
            <dst id="CHINng">14906.8213333333</dst>
            <dst id="DNVRng">2005.416</dst>
            <dst id="HSTNng">1929.28533333333</dst>
            <dst id="IPLSng">5343.05333333333</dst>
            <dst id="KSCYng">1100.49066666667</dst>
            <dst id="LOSAng">9694.47733333333</dst>
            <dst id="NYCMng">9855.64533333333</dst>
            <dst id="SNVAng">14454.4613333333</dst>
            <dst id="STTLng">1547.728</dst>
            <dst id="WASHng">7696.77066666667</dst>
        </src>
        <src id="WASHng">
            <dst id="ATLA-M5">351.728</dst>
            <dst id="ATLAng">59849.32</dst>
            <dst id="CHINng">38301.0746666667</dst>
            <dst id="DNVRng">41566.2346666667</dst>
            <dst id="HSTNng">18951.8506666667</dst>
            <dst id="IPLSng">60339.7386666667</dst>
            <dst id="KSCYng">28725.92</dst>
            <dst id="LOSAng">111955.725333333</dst>
            <dst id="NYCMng">143205.544</dst>
            <dst id="SNVAng">1060.89333333333</dst>
            <dst id="STTLng">26864.0853333333</dst>
            <dst id="WASHng">245814.434666667</dst>
        </src>
    </IntraTM>
</TrafficMatrixFile>
