<?xml version="1.0" encoding="ISO-8859-1" standalone="yes"?>
<TrafficMatrixFile xsi:noNamespaceSchemaLocation="http://totem.run.montefiore.ulg.ac.be/Schema/TrafficMatrix-v1_2.xsd" xmlns:xsi="http://www.w3.org/2001/XMLSchema-instance">
    <IntraTM ASID="11537">
        <src id="ATLA-M5">
            <dst id="ATLA-M5">29.0026666666667</dst>
            <dst id="ATLAng">60.9733333333333</dst>
            <dst id="CHINng">37.4026666666667</dst>
            <dst id="DNVRng">0</dst>
            <dst id="HSTNng">100.490666666667</dst>
            <dst id="IPLSng">273.954666666667</dst>
            <dst id="KSCYng">123.717333333333</dst>
            <dst id="LOSAng">87.0933333333333</dst>
            <dst id="NYCMng">0</dst>
            <dst id="SNVAng">0</dst>
            <dst id="STTLng">0</dst>
            <dst id="WASHng">175.402666666667</dst>
        </src>
        <src id="ATLAng">
            <dst id="ATLA-M5">3236.52</dst>
            <dst id="ATLAng">24503.7146666667</dst>
            <dst id="CHINng">10177.5893333333</dst>
            <dst id="DNVRng">2352.264</dst>
            <dst id="HSTNng">36679.4986666667</dst>
            <dst id="IPLSng">15795.2026666667</dst>
            <dst id="KSCYng">476.394666666667</dst>
            <dst id="LOSAng">32073.28</dst>
            <dst id="NYCMng">3146.55466666667</dst>
            <dst id="SNVAng">48.824</dst>
            <dst id="STTLng">3779.248</dst>
            <dst id="WASHng">37795.8026666667</dst>
        </src>
        <src id="CHINng">
            <dst id="ATLA-M5">306.589333333333</dst>
            <dst id="ATLAng">18642.9706666667</dst>
            <dst id="CHINng">77932.6906666666</dst>
            <dst id="DNVRng">8160.768</dst>
            <dst id="HSTNng">10744.7653333333</dst>
            <dst id="IPLSng">36604.2213333333</dst>
            <dst id="KSCYng">13501.6</dst>
            <dst id="LOSAng">28227.9733333333</dst>
            <dst id="NYCMng">8830.416</dst>
            <dst id="SNVAng">6483.344</dst>
            <dst id="STTLng">12110.928</dst>
            <dst id="WASHng">14640.592</dst>
        </src>
        <src id="DNVRng">
            <dst id="ATLA-M5">62.88</dst>
            <dst id="ATLAng">3766.968</dst>
            <dst id="CHINng">37634.9173333333</dst>
            <dst id="DNVRng">10332.7813333333</dst>
            <dst id="HSTNng">22808.4906666667</dst>
            <dst id="IPLSng">28882.1013333333</dst>
            <dst id="KSCYng">17123.736</dst>
            <dst id="LOSAng">30826.9493333333</dst>
            <dst id="NYCMng">14480.1546666667</dst>
            <dst id="SNVAng">7446.86133333333</dst>
            <dst id="STTLng">5145.15733333333</dst>
            <dst id="WASHng">45282.9493333333</dst>
        </src>
        <src id="HSTNng">
            <dst id="ATLA-M5">3258.77333333333</dst>
            <dst id="ATLAng">3330.456</dst>
            <dst id="CHINng">15530.664</dst>
            <dst id="DNVRng">2343.16</dst>
            <dst id="HSTNng">16403.232</dst>
            <dst id="IPLSng">2012.78933333333</dst>
            <dst id="KSCYng">835.736</dst>
            <dst id="LOSAng">10699.7173333333</dst>
            <dst id="NYCMng">3418.77066666667</dst>
            <dst id="SNVAng">56.4186666666667</dst>
            <dst id="STTLng">817.989333333333</dst>
            <dst id="WASHng">5739.01066666667</dst>
        </src>
        <src id="IPLSng">
            <dst id="ATLA-M5">328.256</dst>
            <dst id="ATLAng">6210.344</dst>
            <dst id="CHINng">56558.208</dst>
            <dst id="DNVRng">6395.67466666667</dst>
            <dst id="HSTNng">1494.39733333333</dst>
            <dst id="IPLSng">6437.84533333333</dst>
            <dst id="KSCYng">3759.14666666667</dst>
            <dst id="LOSAng">11983.1333333333</dst>
            <dst id="NYCMng">9655.13066666667</dst>
            <dst id="SNVAng">2186.50133333333</dst>
            <dst id="STTLng">12282.3306666667</dst>
            <dst id="WASHng">14280.248</dst>
        </src>
        <src id="KSCYng">
            <dst id="ATLA-M5">0</dst>
            <dst id="ATLAng">3839.77066666667</dst>
            <dst id="CHINng">11107.4</dst>
            <dst id="DNVRng">4818.79733333333</dst>
            <dst id="HSTNng">5929.73333333333</dst>
            <dst id="IPLSng">16687.4026666667</dst>
            <dst id="KSCYng">12840.2586666667</dst>
            <dst id="LOSAng">2941.248</dst>
            <dst id="NYCMng">2451.43733333333</dst>
            <dst id="SNVAng">2423.736</dst>
            <dst id="STTLng">362.205333333333</dst>
            <dst id="WASHng">9750.344</dst>
        </src>
        <src id="LOSAng">
            <dst id="ATLA-M5">465.962666666667</dst>
            <dst id="ATLAng">23873.4986666667</dst>
            <dst id="CHINng">59999.6186666666</dst>
            <dst id="DNVRng">6469.34133333333</dst>
            <dst id="HSTNng">3742.80266666667</dst>
            <dst id="IPLSng">19578.3306666667</dst>
            <dst id="KSCYng">4130.22933333333</dst>
            <dst id="LOSAng">6660.264</dst>
            <dst id="NYCMng">26258.952</dst>
            <dst id="SNVAng">21427.304</dst>
            <dst id="STTLng">16700.848</dst>
            <dst id="WASHng">77748.776</dst>
        </src>
        <src id="NYCMng">
            <dst id="ATLA-M5">723.448</dst>
            <dst id="ATLAng">14280.464</dst>
            <dst id="CHINng">15276.472</dst>
            <dst id="DNVRng">31673.5413333333</dst>
            <dst id="HSTNng">8244.32266666667</dst>
            <dst id="IPLSng">27115.592</dst>
            <dst id="KSCYng">6527.896</dst>
            <dst id="LOSAng">56283.5333333333</dst>
            <dst id="NYCMng">92368.592</dst>
            <dst id="SNVAng">973.861333333333</dst>
            <dst id="STTLng">28164.984</dst>
            <dst id="WASHng">45907.232</dst>
        </src>
        <src id="SNVAng">
            <dst id="ATLA-M5">0</dst>
            <dst id="ATLAng">26.6666666666667</dst>
            <dst id="CHINng">80</dst>
            <dst id="DNVRng">669.184</dst>
            <dst id="HSTNng">0</dst>
            <dst id="IPLSng">272.130666666667</dst>
            <dst id="KSCYng">0</dst>
            <dst id="LOSAng">28340.04</dst>
            <dst id="NYCMng">80</dst>
            <dst id="SNVAng">7789.18933333333</dst>
            <dst id="STTLng">39106.4666666667</dst>
            <dst id="WASHng">55.712</dst>
        </src>
        <src id="STTLng">
            <dst id="ATLA-M5">0</dst>
            <dst id="ATLAng">7492.032</dst>
            <dst id="CHINng">13347.7146666667</dst>
            <dst id="DNVRng">12153.5173333333</dst>
            <dst id="HSTNng">1419.34933333333</dst>
            <dst id="IPLSng">14581.0346666667</dst>
            <dst id="KSCYng">4188.56533333333</dst>
            <dst id="LOSAng">12269.44</dst>
            <dst id="NYCMng">7571.61866666667</dst>
            <dst id="SNVAng">8260.36266666667</dst>
            <dst id="STTLng">1641.33333333333</dst>
            <dst id="WASHng">9651.32533333333</dst>
        </src>
        <src id="WASHng">
            <dst id="ATLA-M5">121.12</dst>
            <dst id="ATLAng">146018.685333333</dst>
            <dst id="CHINng">38080.4853333333</dst>
            <dst id="DNVRng">54598.5706666667</dst>
            <dst id="HSTNng">20684.2506666667</dst>
            <dst id="IPLSng">65149.216</dst>
            <dst id="KSCYng">31878.5813333333</dst>
            <dst id="LOSAng">106722.954666667</dst>
            <dst id="NYCMng">177615.216</dst>
            <dst id="SNVAng">1571.00266666667</dst>
            <dst id="STTLng">23408.656</dst>
            <dst id="WASHng">180708.28</dst>
        </src>
    </IntraTM>
</TrafficMatrixFile>
