<?xml version="1.0" encoding="ISO-8859-1" standalone="yes"?>
<TrafficMatrixFile xsi:noNamespaceSchemaLocation="http://totem.run.montefiore.ulg.ac.be/Schema/TrafficMatrix-v1_2.xsd" xmlns:xsi="http://www.w3.org/2001/XMLSchema-instance">
    <IntraTM ASID="11537">
        <src id="ATLA-M5">
            <dst id="ATLA-M5">2868.28266666667</dst>
            <dst id="ATLAng">224.368</dst>
            <dst id="CHINng">325.573333333333</dst>
            <dst id="DNVRng">0</dst>
            <dst id="HSTNng">124.853333333333</dst>
            <dst id="IPLSng">0</dst>
            <dst id="KSCYng">96.5973333333333</dst>
            <dst id="LOSAng">195.081333333333</dst>
            <dst id="NYCMng">64.824</dst>
            <dst id="SNVAng">25.3533333333333</dst>
            <dst id="STTLng">53.3333333333333</dst>
            <dst id="WASHng">338.013333333333</dst>
        </src>
        <src id="ATLAng">
            <dst id="ATLA-M5">628.077333333333</dst>
            <dst id="ATLAng">61098.2106666667</dst>
            <dst id="CHINng">24870.5786666667</dst>
            <dst id="DNVRng">5254.552</dst>
            <dst id="HSTNng">31699.2613333333</dst>
            <dst id="IPLSng">30951.1626666667</dst>
            <dst id="KSCYng">2571.37333333333</dst>
            <dst id="LOSAng">7376.3</dst>
            <dst id="NYCMng">10201.0293333333</dst>
            <dst id="SNVAng">8911.04666666667</dst>
            <dst id="STTLng">2572.648</dst>
            <dst id="WASHng">62950.128</dst>
        </src>
        <src id="CHINng">
            <dst id="ATLA-M5">1276.50933333333</dst>
            <dst id="ATLAng">21631.8506666667</dst>
            <dst id="CHINng">111944.842666667</dst>
            <dst id="DNVRng">11446.32</dst>
            <dst id="HSTNng">12882.5253333333</dst>
            <dst id="IPLSng">25950.0933333333</dst>
            <dst id="KSCYng">15504.5733333333</dst>
            <dst id="LOSAng">12713.1093333333</dst>
            <dst id="NYCMng">17525.6586666667</dst>
            <dst id="SNVAng">30164.456</dst>
            <dst id="STTLng">10843.96</dst>
            <dst id="WASHng">31532.5466666667</dst>
        </src>
        <src id="DNVRng">
            <dst id="ATLA-M5">218.88</dst>
            <dst id="ATLAng">12057.4693333333</dst>
            <dst id="CHINng">53434.2773333333</dst>
            <dst id="DNVRng">10826.2533333333</dst>
            <dst id="HSTNng">48109.5786666667</dst>
            <dst id="IPLSng">35702.696</dst>
            <dst id="KSCYng">20673.3333333333</dst>
            <dst id="LOSAng">12203.8186666667</dst>
            <dst id="NYCMng">20625.8426666667</dst>
            <dst id="SNVAng">41700.9706666667</dst>
            <dst id="STTLng">11765.8186666667</dst>
            <dst id="WASHng">58222.8453333333</dst>
        </src>
        <src id="HSTNng">
            <dst id="ATLA-M5">3119.768</dst>
            <dst id="ATLAng">28737.552</dst>
            <dst id="CHINng">18514.3066666667</dst>
            <dst id="DNVRng">1887.22133333333</dst>
            <dst id="HSTNng">16834.528</dst>
            <dst id="IPLSng">10427.84</dst>
            <dst id="KSCYng">5365.05066666667</dst>
            <dst id="LOSAng">1705</dst>
            <dst id="NYCMng">3834.80266666667</dst>
            <dst id="SNVAng">674.346666666667</dst>
            <dst id="STTLng">1397.82666666667</dst>
            <dst id="WASHng">6960</dst>
        </src>
        <src id="IPLSng">
            <dst id="ATLA-M5">83.3413333333333</dst>
            <dst id="ATLAng">37231.1946666667</dst>
            <dst id="CHINng">63808.9253333333</dst>
            <dst id="DNVRng">15108.128</dst>
            <dst id="HSTNng">3112.42666666667</dst>
            <dst id="IPLSng">27512.0453333333</dst>
            <dst id="KSCYng">5664.968</dst>
            <dst id="LOSAng">6437.76</dst>
            <dst id="NYCMng">22706.2773333333</dst>
            <dst id="SNVAng">12554.6053333333</dst>
            <dst id="STTLng">12963.1493333333</dst>
            <dst id="WASHng">50451.3093333333</dst>
        </src>
        <src id="KSCYng">
            <dst id="ATLA-M5">630.965333333333</dst>
            <dst id="ATLAng">3374.52</dst>
            <dst id="CHINng">15945.5253333333</dst>
            <dst id="DNVRng">15074.2586666667</dst>
            <dst id="HSTNng">5795.38933333334</dst>
            <dst id="IPLSng">17528.0026666667</dst>
            <dst id="KSCYng">21003.3573333333</dst>
            <dst id="LOSAng">276.032</dst>
            <dst id="NYCMng">3126.02133333333</dst>
            <dst id="SNVAng">5673.33066666666</dst>
            <dst id="STTLng">3315.928</dst>
            <dst id="WASHng">8746.33333333333</dst>
        </src>
        <src id="LOSAng">
            <dst id="ATLA-M5">1174.112</dst>
            <dst id="ATLAng">19275.7466666667</dst>
            <dst id="CHINng">88070.104</dst>
            <dst id="DNVRng">12867.7226666667</dst>
            <dst id="HSTNng">15994.208</dst>
            <dst id="IPLSng">21024.5733333333</dst>
            <dst id="KSCYng">2729.736</dst>
            <dst id="LOSAng">16133.4266666667</dst>
            <dst id="NYCMng">50328.792</dst>
            <dst id="SNVAng">17479.7786666667</dst>
            <dst id="STTLng">12247.7653333333</dst>
            <dst id="WASHng">100145.496</dst>
        </src>
        <src id="NYCMng">
            <dst id="ATLA-M5">852.349333333334</dst>
            <dst id="ATLAng">39294.184</dst>
            <dst id="CHINng">41210.2613333333</dst>
            <dst id="DNVRng">29677.4586666667</dst>
            <dst id="HSTNng">27213.16</dst>
            <dst id="IPLSng">47790.976</dst>
            <dst id="KSCYng">8117.03733333333</dst>
            <dst id="LOSAng">6906.89066666667</dst>
            <dst id="NYCMng">138984.306666667</dst>
            <dst id="SNVAng">51742.8506666667</dst>
            <dst id="STTLng">15727.4026666667</dst>
            <dst id="WASHng">88432.6906666666</dst>
        </src>
        <src id="SNVAng">
            <dst id="ATLA-M5">0</dst>
            <dst id="ATLAng">812.346666666667</dst>
            <dst id="CHINng">128.624</dst>
            <dst id="DNVRng">14224.5626666667</dst>
            <dst id="HSTNng">300.453333333333</dst>
            <dst id="IPLSng">614.901333333333</dst>
            <dst id="KSCYng">53.3333333333333</dst>
            <dst id="LOSAng">1049.09066666667</dst>
            <dst id="NYCMng">2993.38133333333</dst>
            <dst id="SNVAng">41058.064</dst>
            <dst id="STTLng">32800.4053333333</dst>
            <dst id="WASHng">1460.48</dst>
        </src>
        <src id="STTLng">
            <dst id="ATLA-M5">85.9946666666667</dst>
            <dst id="ATLAng">11427</dst>
            <dst id="CHINng">29243.1573333333</dst>
            <dst id="DNVRng">8119.328</dst>
            <dst id="HSTNng">6004.01866666667</dst>
            <dst id="IPLSng">11244.7226666667</dst>
            <dst id="KSCYng">3549.61866666667</dst>
            <dst id="LOSAng">2419.04533333333</dst>
            <dst id="NYCMng">14493.8826666667</dst>
            <dst id="SNVAng">14669.6826666667</dst>
            <dst id="STTLng">4849.21333333333</dst>
            <dst id="WASHng">19096.9573333333</dst>
        </src>
        <src id="WASHng">
            <dst id="ATLA-M5">1004.85866666667</dst>
            <dst id="ATLAng">189655.288</dst>
            <dst id="CHINng">82625.8853333333</dst>
            <dst id="DNVRng">39743.1946666667</dst>
            <dst id="HSTNng">43579.8506666667</dst>
            <dst id="IPLSng">41803.1973333333</dst>
            <dst id="KSCYng">18741.5653333333</dst>
            <dst id="LOSAng">60174.1893333333</dst>
            <dst id="NYCMng">189335.477333333</dst>
            <dst id="SNVAng">30872.936</dst>
            <dst id="STTLng">24482.968</dst>
            <dst id="WASHng">373047.626666667</dst>
        </src>
    </IntraTM>
</TrafficMatrixFile>
