<?xml version="1.0" encoding="ISO-8859-1" standalone="yes"?>
<TrafficMatrixFile xsi:noNamespaceSchemaLocation="http://totem.run.montefiore.ulg.ac.be/Schema/TrafficMatrix-v1_2.xsd" xmlns:xsi="http://www.w3.org/2001/XMLSchema-instance">
    <IntraTM ASID="11537">
        <src id="ATLA-M5">
            <dst id="ATLA-M5">0</dst>
            <dst id="ATLAng">998.517333333333</dst>
            <dst id="CHINng">195.178666666667</dst>
            <dst id="DNVRng">0</dst>
            <dst id="HSTNng">28.5573333333333</dst>
            <dst id="IPLSng">67.0933333333333</dst>
            <dst id="KSCYng">0</dst>
            <dst id="LOSAng">75.4746666666667</dst>
            <dst id="NYCMng">230.904</dst>
            <dst id="SNVAng">22.1413333333333</dst>
            <dst id="STTLng">40</dst>
            <dst id="WASHng">1675.872</dst>
        </src>
        <src id="ATLAng">
            <dst id="ATLA-M5">115.994666666667</dst>
            <dst id="ATLAng">24627.2773333333</dst>
            <dst id="CHINng">9587.85333333333</dst>
            <dst id="DNVRng">2937.64266666667</dst>
            <dst id="HSTNng">35724.6826666667</dst>
            <dst id="IPLSng">13064.5413333333</dst>
            <dst id="KSCYng">538.021333333333</dst>
            <dst id="LOSAng">6234.24666666667</dst>
            <dst id="NYCMng">3512.41066666667</dst>
            <dst id="SNVAng">4985.028</dst>
            <dst id="STTLng">2363.10666666667</dst>
            <dst id="WASHng">12022.832</dst>
        </src>
        <src id="CHINng">
            <dst id="ATLA-M5">168</dst>
            <dst id="ATLAng">6526.05866666667</dst>
            <dst id="CHINng">84487.5893333333</dst>
            <dst id="DNVRng">6323.408</dst>
            <dst id="HSTNng">4898.92</dst>
            <dst id="IPLSng">11458.032</dst>
            <dst id="KSCYng">12692.424</dst>
            <dst id="LOSAng">2179.41866666667</dst>
            <dst id="NYCMng">8419.34133333334</dst>
            <dst id="SNVAng">22441.0373333333</dst>
            <dst id="STTLng">6542.568</dst>
            <dst id="WASHng">10170.3866666667</dst>
        </src>
        <src id="DNVRng">
            <dst id="ATLA-M5">114.88</dst>
            <dst id="ATLAng">4750.304</dst>
            <dst id="CHINng">32371.5733333333</dst>
            <dst id="DNVRng">7998.504</dst>
            <dst id="HSTNng">21483.7013333333</dst>
            <dst id="IPLSng">24459.2826666667</dst>
            <dst id="KSCYng">15882.4933333333</dst>
            <dst id="LOSAng">2784.25066666667</dst>
            <dst id="NYCMng">14114.2053333333</dst>
            <dst id="SNVAng">20642.056</dst>
            <dst id="STTLng">5571.616</dst>
            <dst id="WASHng">35042.7013333333</dst>
        </src>
        <src id="HSTNng">
            <dst id="ATLA-M5">1614</dst>
            <dst id="ATLAng">2259.512</dst>
            <dst id="CHINng">4873.82933333333</dst>
            <dst id="DNVRng">1349.47733333333</dst>
            <dst id="HSTNng">15392.296</dst>
            <dst id="IPLSng">2091.85333333333</dst>
            <dst id="KSCYng">1024.16533333333</dst>
            <dst id="LOSAng">9648.66933333334</dst>
            <dst id="NYCMng">2307.696</dst>
            <dst id="SNVAng">26.6666666666667</dst>
            <dst id="STTLng">1309.71733333333</dst>
            <dst id="WASHng">4591.47733333333</dst>
        </src>
        <src id="IPLSng">
            <dst id="ATLA-M5">2670.83466666667</dst>
            <dst id="ATLAng">8439.736</dst>
            <dst id="CHINng">30802.912</dst>
            <dst id="DNVRng">7908.064</dst>
            <dst id="HSTNng">7265.39466666666</dst>
            <dst id="IPLSng">8817.81333333333</dst>
            <dst id="KSCYng">2399.424</dst>
            <dst id="LOSAng">1460.90133333333</dst>
            <dst id="NYCMng">8181.432</dst>
            <dst id="SNVAng">11256.4773333333</dst>
            <dst id="STTLng">13932.4773333333</dst>
            <dst id="WASHng">8172.46666666667</dst>
        </src>
        <src id="KSCYng">
            <dst id="ATLA-M5">48.176</dst>
            <dst id="ATLAng">3172.576</dst>
            <dst id="CHINng">12438.216</dst>
            <dst id="DNVRng">5224.44533333333</dst>
            <dst id="HSTNng">6078.75466666667</dst>
            <dst id="IPLSng">12044.32</dst>
            <dst id="KSCYng">12491.784</dst>
            <dst id="LOSAng">817.333333333333</dst>
            <dst id="NYCMng">1747.34133333333</dst>
            <dst id="SNVAng">5812.096</dst>
            <dst id="STTLng">1044.54666666667</dst>
            <dst id="WASHng">10360.2773333333</dst>
        </src>
        <src id="LOSAng">
            <dst id="ATLA-M5">2382.75466666667</dst>
            <dst id="ATLAng">7690.464</dst>
            <dst id="CHINng">51518.0373333333</dst>
            <dst id="DNVRng">7871.784</dst>
            <dst id="HSTNng">2679.024</dst>
            <dst id="IPLSng">8978.456</dst>
            <dst id="KSCYng">3036.76266666667</dst>
            <dst id="LOSAng">24541.5493333333</dst>
            <dst id="NYCMng">42031.16</dst>
            <dst id="SNVAng">23439.112</dst>
            <dst id="STTLng">28576.272</dst>
            <dst id="WASHng">75742.2533333333</dst>
        </src>
        <src id="NYCMng">
            <dst id="ATLA-M5">1273.83733333333</dst>
            <dst id="ATLAng">14839.8293333333</dst>
            <dst id="CHINng">24859.3706666667</dst>
            <dst id="DNVRng">22035.8746666667</dst>
            <dst id="HSTNng">8765.608</dst>
            <dst id="IPLSng">5022.752</dst>
            <dst id="KSCYng">5532.792</dst>
            <dst id="LOSAng">7917.73333333333</dst>
            <dst id="NYCMng">102938.618666667</dst>
            <dst id="SNVAng">48778.6213333333</dst>
            <dst id="STTLng">32122.984</dst>
            <dst id="WASHng">54781.6693333333</dst>
        </src>
        <src id="SNVAng">
            <dst id="ATLA-M5">0</dst>
            <dst id="ATLAng">142.256</dst>
            <dst id="CHINng">53.3333333333333</dst>
            <dst id="DNVRng">473.432</dst>
            <dst id="HSTNng">0</dst>
            <dst id="IPLSng">231.149333333333</dst>
            <dst id="KSCYng">0</dst>
            <dst id="LOSAng">2836.43733333333</dst>
            <dst id="NYCMng">53.3333333333333</dst>
            <dst id="SNVAng">37936.9093333333</dst>
            <dst id="STTLng">35041.7146666667</dst>
            <dst id="WASHng">145.568</dst>
        </src>
        <src id="STTLng">
            <dst id="ATLA-M5">26.6666666666667</dst>
            <dst id="ATLAng">5717.62666666667</dst>
            <dst id="CHINng">11086.7866666667</dst>
            <dst id="DNVRng">6118.55466666667</dst>
            <dst id="HSTNng">2524.87733333333</dst>
            <dst id="IPLSng">7233.10133333333</dst>
            <dst id="KSCYng">2615.21866666667</dst>
            <dst id="LOSAng">5153.33066666667</dst>
            <dst id="NYCMng">16474.3466666667</dst>
            <dst id="SNVAng">18953.176</dst>
            <dst id="STTLng">1333.67733333333</dst>
            <dst id="WASHng">4364.39733333333</dst>
        </src>
        <src id="WASHng">
            <dst id="ATLA-M5">294.693333333333</dst>
            <dst id="ATLAng">91458.7573333333</dst>
            <dst id="CHINng">50057.952</dst>
            <dst id="DNVRng">36125.128</dst>
            <dst id="HSTNng">37597.056</dst>
            <dst id="IPLSng">24395.2213333333</dst>
            <dst id="KSCYng">33573.4533333333</dst>
            <dst id="LOSAng">66168.056</dst>
            <dst id="NYCMng">148090.021333333</dst>
            <dst id="SNVAng">25374.2586666667</dst>
            <dst id="STTLng">29621.9333333333</dst>
            <dst id="WASHng">184360.234666667</dst>
        </src>
    </IntraTM>
</TrafficMatrixFile>
