<?xml version="1.0" encoding="ISO-8859-1" standalone="yes"?>
<TrafficMatrixFile xsi:noNamespaceSchemaLocation="http://totem.run.montefiore.ulg.ac.be/Schema/TrafficMatrix-v1_2.xsd" xmlns:xsi="http://www.w3.org/2001/XMLSchema-instance">
    <IntraTM ASID="11537">
        <src id="ATLA-M5">
            <dst id="ATLA-M5">53.3333333333333</dst>
            <dst id="ATLAng">212.394666666667</dst>
            <dst id="CHINng">454.074666666667</dst>
            <dst id="DNVRng">0</dst>
            <dst id="HSTNng">150.904</dst>
            <dst id="IPLSng">56.4586666666667</dst>
            <dst id="KSCYng">37.808</dst>
            <dst id="LOSAng">72.0906666666667</dst>
            <dst id="NYCMng">317.621333333333</dst>
            <dst id="SNVAng">13.3333333333333</dst>
            <dst id="STTLng">53.3333333333333</dst>
            <dst id="WASHng">577.997333333333</dst>
        </src>
        <src id="ATLAng">
            <dst id="ATLA-M5">238.357333333333</dst>
            <dst id="ATLAng">32095.504</dst>
            <dst id="CHINng">8067.96533333333</dst>
            <dst id="DNVRng">4436.57066666667</dst>
            <dst id="HSTNng">1694.44533333333</dst>
            <dst id="IPLSng">22941.144</dst>
            <dst id="KSCYng">4313.37066666667</dst>
            <dst id="LOSAng">7113.43333333333</dst>
            <dst id="NYCMng">11360.2906666667</dst>
            <dst id="SNVAng">4659.54</dst>
            <dst id="STTLng">1679.496</dst>
            <dst id="WASHng">61737.104</dst>
        </src>
        <src id="CHINng">
            <dst id="ATLA-M5">473.624</dst>
            <dst id="ATLAng">9451.496</dst>
            <dst id="CHINng">85209.84</dst>
            <dst id="DNVRng">966.805333333333</dst>
            <dst id="HSTNng">9122.54133333333</dst>
            <dst id="IPLSng">16279.952</dst>
            <dst id="KSCYng">6948.44266666667</dst>
            <dst id="LOSAng">6334.72533333333</dst>
            <dst id="NYCMng">7646.62933333333</dst>
            <dst id="SNVAng">24966.216</dst>
            <dst id="STTLng">5557.40533333333</dst>
            <dst id="WASHng">12531.16</dst>
        </src>
        <src id="DNVRng">
            <dst id="ATLA-M5">404.392</dst>
            <dst id="ATLAng">9447.47733333333</dst>
            <dst id="CHINng">51566.424</dst>
            <dst id="DNVRng">7359.256</dst>
            <dst id="HSTNng">22738.0053333333</dst>
            <dst id="IPLSng">25453.2293333333</dst>
            <dst id="KSCYng">23644.8506666667</dst>
            <dst id="LOSAng">1084.176</dst>
            <dst id="NYCMng">16869.6426666667</dst>
            <dst id="SNVAng">21200.8026666667</dst>
            <dst id="STTLng">5339.472</dst>
            <dst id="WASHng">56919.3626666667</dst>
        </src>
        <src id="HSTNng">
            <dst id="ATLA-M5">4980.472</dst>
            <dst id="ATLAng">8224.152</dst>
            <dst id="CHINng">11616.1466666667</dst>
            <dst id="DNVRng">803.376</dst>
            <dst id="HSTNng">17566.856</dst>
            <dst id="IPLSng">20523.2213333333</dst>
            <dst id="KSCYng">913.181333333333</dst>
            <dst id="LOSAng">1192.04266666667</dst>
            <dst id="NYCMng">4355.44533333333</dst>
            <dst id="SNVAng">213.410666666667</dst>
            <dst id="STTLng">1012.456</dst>
            <dst id="WASHng">3031.57333333333</dst>
        </src>
        <src id="IPLSng">
            <dst id="ATLA-M5">0</dst>
            <dst id="ATLAng">11424.696</dst>
            <dst id="CHINng">57968.1226666667</dst>
            <dst id="DNVRng">4761.728</dst>
            <dst id="HSTNng">1426.05066666667</dst>
            <dst id="IPLSng">11368.1386666667</dst>
            <dst id="KSCYng">5078.904</dst>
            <dst id="LOSAng">5952.00266666667</dst>
            <dst id="NYCMng">13944.1466666667</dst>
            <dst id="SNVAng">5883.36533333334</dst>
            <dst id="STTLng">7369.16</dst>
            <dst id="WASHng">20308.7306666667</dst>
        </src>
        <src id="KSCYng">
            <dst id="ATLA-M5">0</dst>
            <dst id="ATLAng">4130.55466666667</dst>
            <dst id="CHINng">20726.0213333333</dst>
            <dst id="DNVRng">4516.97066666667</dst>
            <dst id="HSTNng">4029.272</dst>
            <dst id="IPLSng">12442.8853333333</dst>
            <dst id="KSCYng">15419.1013333333</dst>
            <dst id="LOSAng">2046.368</dst>
            <dst id="NYCMng">1266.02933333333</dst>
            <dst id="SNVAng">4332.568</dst>
            <dst id="STTLng">717.592</dst>
            <dst id="WASHng">7802.78666666667</dst>
        </src>
        <src id="LOSAng">
            <dst id="ATLA-M5">53.3333333333333</dst>
            <dst id="ATLAng">8527.42666666667</dst>
            <dst id="CHINng">106048.986666667</dst>
            <dst id="DNVRng">5190.472</dst>
            <dst id="HSTNng">2731.672</dst>
            <dst id="IPLSng">24582.2906666667</dst>
            <dst id="KSCYng">1085.69066666667</dst>
            <dst id="LOSAng">18201.352</dst>
            <dst id="NYCMng">27275.8373333333</dst>
            <dst id="SNVAng">21736.0533333333</dst>
            <dst id="STTLng">24267.0906666667</dst>
            <dst id="WASHng">80238.2186666667</dst>
        </src>
        <src id="NYCMng">
            <dst id="ATLA-M5">330.765333333333</dst>
            <dst id="ATLAng">19753.1093333333</dst>
            <dst id="CHINng">27458.4453333333</dst>
            <dst id="DNVRng">21358.9013333333</dst>
            <dst id="HSTNng">4093.98666666667</dst>
            <dst id="IPLSng">14566.1066666667</dst>
            <dst id="KSCYng">3212.84266666667</dst>
            <dst id="LOSAng">5610.13866666667</dst>
            <dst id="NYCMng">101305.712</dst>
            <dst id="SNVAng">40471.4746666667</dst>
            <dst id="STTLng">16157.3306666667</dst>
            <dst id="WASHng">57061.4053333333</dst>
        </src>
        <src id="SNVAng">
            <dst id="ATLA-M5">0</dst>
            <dst id="ATLAng">56</dst>
            <dst id="CHINng">53.3333333333333</dst>
            <dst id="DNVRng">1587.384</dst>
            <dst id="HSTNng">53.3333333333333</dst>
            <dst id="IPLSng">2252.98666666667</dst>
            <dst id="KSCYng">0</dst>
            <dst id="LOSAng">516.261333333333</dst>
            <dst id="NYCMng">80</dst>
            <dst id="SNVAng">36027.376</dst>
            <dst id="STTLng">35555.0106666667</dst>
            <dst id="WASHng">85.3333333333333</dst>
        </src>
        <src id="STTLng">
            <dst id="ATLA-M5">45.5973333333333</dst>
            <dst id="ATLAng">9357.152</dst>
            <dst id="CHINng">23185.744</dst>
            <dst id="DNVRng">3866.84266666667</dst>
            <dst id="HSTNng">2815.51466666667</dst>
            <dst id="IPLSng">11124.8533333333</dst>
            <dst id="KSCYng">2323.32</dst>
            <dst id="LOSAng">3443.848</dst>
            <dst id="NYCMng">12727.6186666667</dst>
            <dst id="SNVAng">12019.5626666667</dst>
            <dst id="STTLng">2359.73866666667</dst>
            <dst id="WASHng">33414.456</dst>
        </src>
        <src id="WASHng">
            <dst id="ATLA-M5">53.3333333333333</dst>
            <dst id="ATLAng">127654.618666667</dst>
            <dst id="CHINng">58218.1226666667</dst>
            <dst id="DNVRng">30365.5573333333</dst>
            <dst id="HSTNng">20840.2026666667</dst>
            <dst id="IPLSng">28733.488</dst>
            <dst id="KSCYng">51131.6666666666</dst>
            <dst id="LOSAng">63288.8533333333</dst>
            <dst id="NYCMng">129559.069333333</dst>
            <dst id="SNVAng">28730.4746666667</dst>
            <dst id="STTLng">29166.9226666667</dst>
            <dst id="WASHng">312821.706666667</dst>
        </src>
    </IntraTM>
</TrafficMatrixFile>
