<?xml version="1.0" encoding="ISO-8859-1" standalone="yes"?>
<TrafficMatrixFile xsi:noNamespaceSchemaLocation="http://totem.run.montefiore.ulg.ac.be/Schema/TrafficMatrix-v1_2.xsd" xmlns:xsi="http://www.w3.org/2001/XMLSchema-instance">
    <IntraTM ASID="11537">
        <src id="ATLA-M5">
            <dst id="ATLA-M5">108.661333333333</dst>
            <dst id="ATLAng">26.6666666666667</dst>
            <dst id="CHINng">108.08</dst>
            <dst id="DNVRng">0</dst>
            <dst id="HSTNng">1286.61066666667</dst>
            <dst id="IPLSng">0</dst>
            <dst id="KSCYng">0</dst>
            <dst id="LOSAng">130.666666666667</dst>
            <dst id="NYCMng">0</dst>
            <dst id="SNVAng">0</dst>
            <dst id="STTLng">69.872</dst>
            <dst id="WASHng">93.1973333333333</dst>
        </src>
        <src id="ATLAng">
            <dst id="ATLA-M5">73.056</dst>
            <dst id="ATLAng">21861.0933333333</dst>
            <dst id="CHINng">6145.608</dst>
            <dst id="DNVRng">4654.768</dst>
            <dst id="HSTNng">10532.7866666667</dst>
            <dst id="IPLSng">18130.456</dst>
            <dst id="KSCYng">486.362666666667</dst>
            <dst id="LOSAng">8130.036</dst>
            <dst id="NYCMng">10756.8906666667</dst>
            <dst id="SNVAng">108.228</dst>
            <dst id="STTLng">5801.49866666667</dst>
            <dst id="WASHng">20406.1093333333</dst>
        </src>
        <src id="CHINng">
            <dst id="ATLA-M5">44.128</dst>
            <dst id="ATLAng">8638.75733333333</dst>
            <dst id="CHINng">127381.736</dst>
            <dst id="DNVRng">6317.30933333333</dst>
            <dst id="HSTNng">6463.73333333333</dst>
            <dst id="IPLSng">85740.84</dst>
            <dst id="KSCYng">17395.1413333333</dst>
            <dst id="LOSAng">25671.6453333333</dst>
            <dst id="NYCMng">31789.496</dst>
            <dst id="SNVAng">1167.19733333333</dst>
            <dst id="STTLng">5151.19733333333</dst>
            <dst id="WASHng">8151.608</dst>
        </src>
        <src id="DNVRng">
            <dst id="ATLA-M5">129.546666666667</dst>
            <dst id="ATLAng">5375.248</dst>
            <dst id="CHINng">39222.5146666667</dst>
            <dst id="DNVRng">14591.2586666667</dst>
            <dst id="HSTNng">24996.1866666667</dst>
            <dst id="IPLSng">37072.496</dst>
            <dst id="KSCYng">19058.24</dst>
            <dst id="LOSAng">7873.97866666667</dst>
            <dst id="NYCMng">12755.0693333333</dst>
            <dst id="SNVAng">6724.92533333333</dst>
            <dst id="STTLng">8263.73333333333</dst>
            <dst id="WASHng">38452.3626666667</dst>
        </src>
        <src id="HSTNng">
            <dst id="ATLA-M5">4055.78666666667</dst>
            <dst id="ATLAng">2003.18133333333</dst>
            <dst id="CHINng">10547.3546666667</dst>
            <dst id="DNVRng">1823.32266666667</dst>
            <dst id="HSTNng">15460.5333333333</dst>
            <dst id="IPLSng">12164.928</dst>
            <dst id="KSCYng">710.072</dst>
            <dst id="LOSAng">5930.49333333333</dst>
            <dst id="NYCMng">2872.616</dst>
            <dst id="SNVAng">0</dst>
            <dst id="STTLng">594.264</dst>
            <dst id="WASHng">10075.608</dst>
        </src>
        <src id="IPLSng">
            <dst id="ATLA-M5">26.6666666666667</dst>
            <dst id="ATLAng">14666.456</dst>
            <dst id="CHINng">50376.568</dst>
            <dst id="DNVRng">4861.97866666667</dst>
            <dst id="HSTNng">4207.39466666667</dst>
            <dst id="IPLSng">34477.6453333333</dst>
            <dst id="KSCYng">19484.616</dst>
            <dst id="LOSAng">26130.1733333333</dst>
            <dst id="NYCMng">16434.0026666667</dst>
            <dst id="SNVAng">111.608</dst>
            <dst id="STTLng">11663.9573333333</dst>
            <dst id="WASHng">12027.4</dst>
        </src>
        <src id="KSCYng">
            <dst id="ATLA-M5">0</dst>
            <dst id="ATLAng">9007.21333333333</dst>
            <dst id="CHINng">13346.9253333333</dst>
            <dst id="DNVRng">4077.46933333333</dst>
            <dst id="HSTNng">3540.01866666667</dst>
            <dst id="IPLSng">21851.2506666667</dst>
            <dst id="KSCYng">18456.872</dst>
            <dst id="LOSAng">6196.50133333333</dst>
            <dst id="NYCMng">982.304</dst>
            <dst id="SNVAng">1911.104</dst>
            <dst id="STTLng">1111.792</dst>
            <dst id="WASHng">13537.992</dst>
        </src>
        <src id="LOSAng">
            <dst id="ATLA-M5">1005.43733333333</dst>
            <dst id="ATLAng">11513.376</dst>
            <dst id="CHINng">55001.664</dst>
            <dst id="DNVRng">5227.024</dst>
            <dst id="HSTNng">14368.9866666667</dst>
            <dst id="IPLSng">15061.3173333333</dst>
            <dst id="KSCYng">4097.17333333333</dst>
            <dst id="LOSAng">6078.112</dst>
            <dst id="NYCMng">18199.1226666667</dst>
            <dst id="SNVAng">20879.2746666667</dst>
            <dst id="STTLng">18464.656</dst>
            <dst id="WASHng">76302.8826666667</dst>
        </src>
        <src id="NYCMng">
            <dst id="ATLA-M5">170.666666666667</dst>
            <dst id="ATLAng">12584.0746666667</dst>
            <dst id="CHINng">19839.2053333333</dst>
            <dst id="DNVRng">20673.4</dst>
            <dst id="HSTNng">3060.58933333333</dst>
            <dst id="IPLSng">16805.0506666667</dst>
            <dst id="KSCYng">3984.13866666667</dst>
            <dst id="LOSAng">48011.056</dst>
            <dst id="NYCMng">89027.9146666667</dst>
            <dst id="SNVAng">1165.68266666667</dst>
            <dst id="STTLng">23767.3706666667</dst>
            <dst id="WASHng">38016.368</dst>
        </src>
        <src id="SNVAng">
            <dst id="ATLA-M5">0</dst>
            <dst id="ATLAng">26.6666666666667</dst>
            <dst id="CHINng">0</dst>
            <dst id="DNVRng">4077.024</dst>
            <dst id="HSTNng">26.6666666666667</dst>
            <dst id="IPLSng">240.909333333333</dst>
            <dst id="KSCYng">0</dst>
            <dst id="LOSAng">29572.824</dst>
            <dst id="NYCMng">53.3333333333333</dst>
            <dst id="SNVAng">8252.928</dst>
            <dst id="STTLng">37765.0053333333</dst>
            <dst id="WASHng">26.6666666666667</dst>
        </src>
        <src id="STTLng">
            <dst id="ATLA-M5">111.808</dst>
            <dst id="ATLAng">6001.55466666667</dst>
            <dst id="CHINng">15962.92</dst>
            <dst id="DNVRng">2011.70133333333</dst>
            <dst id="HSTNng">853.285333333333</dst>
            <dst id="IPLSng">5242.248</dst>
            <dst id="KSCYng">1060.01066666667</dst>
            <dst id="LOSAng">6825.896</dst>
            <dst id="NYCMng">9380.41066666666</dst>
            <dst id="SNVAng">9209.29066666667</dst>
            <dst id="STTLng">1724.54933333333</dst>
            <dst id="WASHng">7101.40266666667</dst>
        </src>
        <src id="WASHng">
            <dst id="ATLA-M5">306.581333333333</dst>
            <dst id="ATLAng">59933.9893333333</dst>
            <dst id="CHINng">61076.248</dst>
            <dst id="DNVRng">51507.1973333333</dst>
            <dst id="HSTNng">20568.3733333333</dst>
            <dst id="IPLSng">71139.3226666667</dst>
            <dst id="KSCYng">28034.5013333333</dst>
            <dst id="LOSAng">106991.061333333</dst>
            <dst id="NYCMng">161904.501333333</dst>
            <dst id="SNVAng">1326.56266666667</dst>
            <dst id="STTLng">39021.9973333333</dst>
            <dst id="WASHng">198411.106666667</dst>
        </src>
    </IntraTM>
</TrafficMatrixFile>
