<?xml version="1.0" encoding="ISO-8859-1" standalone="yes"?>
<TrafficMatrixFile xsi:noNamespaceSchemaLocation="http://totem.run.montefiore.ulg.ac.be/Schema/TrafficMatrix-v1_2.xsd" xmlns:xsi="http://www.w3.org/2001/XMLSchema-instance">
    <IntraTM ASID="11537">
        <src id="ATLA-M5">
            <dst id="ATLA-M5">26.6666666666667</dst>
            <dst id="ATLAng">0</dst>
            <dst id="CHINng">27.16</dst>
            <dst id="DNVRng">0</dst>
            <dst id="HSTNng">37.056</dst>
            <dst id="IPLSng">179.712</dst>
            <dst id="KSCYng">26.6666666666667</dst>
            <dst id="LOSAng">13.3333333333333</dst>
            <dst id="NYCMng">53.3333333333333</dst>
            <dst id="SNVAng">13.3333333333333</dst>
            <dst id="STTLng">260.032</dst>
            <dst id="WASHng">269.664</dst>
        </src>
        <src id="ATLAng">
            <dst id="ATLA-M5">588.610666666667</dst>
            <dst id="ATLAng">25845.9546666667</dst>
            <dst id="CHINng">7424.86933333333</dst>
            <dst id="DNVRng">2932.248</dst>
            <dst id="HSTNng">39811.1306666667</dst>
            <dst id="IPLSng">21150.008</dst>
            <dst id="KSCYng">590.04</dst>
            <dst id="LOSAng">4849.808</dst>
            <dst id="NYCMng">3494.264</dst>
            <dst id="SNVAng">3714.90933333333</dst>
            <dst id="STTLng">3639.192</dst>
            <dst id="WASHng">14778.2266666667</dst>
        </src>
        <src id="CHINng">
            <dst id="ATLA-M5">80</dst>
            <dst id="ATLAng">16160.3893333333</dst>
            <dst id="CHINng">60771.16</dst>
            <dst id="DNVRng">8619.184</dst>
            <dst id="HSTNng">8523.272</dst>
            <dst id="IPLSng">6742.048</dst>
            <dst id="KSCYng">7689.632</dst>
            <dst id="LOSAng">2570.45066666667</dst>
            <dst id="NYCMng">9903.456</dst>
            <dst id="SNVAng">27570.9653333333</dst>
            <dst id="STTLng">6457.89866666667</dst>
            <dst id="WASHng">19634.512</dst>
        </src>
        <src id="DNVRng">
            <dst id="ATLA-M5">100.96</dst>
            <dst id="ATLAng">6717.536</dst>
            <dst id="CHINng">37867.56</dst>
            <dst id="DNVRng">3176.57066666667</dst>
            <dst id="HSTNng">23959.7653333333</dst>
            <dst id="IPLSng">24244.1093333333</dst>
            <dst id="KSCYng">12048.7093333333</dst>
            <dst id="LOSAng">1643.76266666667</dst>
            <dst id="NYCMng">14312.8773333333</dst>
            <dst id="SNVAng">16318.7813333333</dst>
            <dst id="STTLng">6468.264</dst>
            <dst id="WASHng">33939.2453333333</dst>
        </src>
        <src id="HSTNng">
            <dst id="ATLA-M5">2117.96533333333</dst>
            <dst id="ATLAng">1630.48533333333</dst>
            <dst id="CHINng">7514.58933333333</dst>
            <dst id="DNVRng">2172.90933333333</dst>
            <dst id="HSTNng">14879.616</dst>
            <dst id="IPLSng">2433.13866666667</dst>
            <dst id="KSCYng">1227.184</dst>
            <dst id="LOSAng">1434.00533333333</dst>
            <dst id="NYCMng">2702.528</dst>
            <dst id="SNVAng">65.3013333333333</dst>
            <dst id="STTLng">1510.06933333333</dst>
            <dst id="WASHng">2197.00266666667</dst>
        </src>
        <src id="IPLSng">
            <dst id="ATLA-M5">2420.58666666667</dst>
            <dst id="ATLAng">5480.38933333334</dst>
            <dst id="CHINng">40290.488</dst>
            <dst id="DNVRng">7906.10666666667</dst>
            <dst id="HSTNng">6304.376</dst>
            <dst id="IPLSng">11764.1946666667</dst>
            <dst id="KSCYng">6878.86933333333</dst>
            <dst id="LOSAng">2215.05866666667</dst>
            <dst id="NYCMng">11072.9946666667</dst>
            <dst id="SNVAng">7365.77333333333</dst>
            <dst id="STTLng">14339.424</dst>
            <dst id="WASHng">21740.0613333333</dst>
        </src>
        <src id="KSCYng">
            <dst id="ATLA-M5">0</dst>
            <dst id="ATLAng">2705.552</dst>
            <dst id="CHINng">15292.0266666667</dst>
            <dst id="DNVRng">4828.576</dst>
            <dst id="HSTNng">4808.61333333333</dst>
            <dst id="IPLSng">7505.87733333333</dst>
            <dst id="KSCYng">9662.57066666667</dst>
            <dst id="LOSAng">300.437333333333</dst>
            <dst id="NYCMng">2059.64266666667</dst>
            <dst id="SNVAng">6702.656</dst>
            <dst id="STTLng">998.090666666667</dst>
            <dst id="WASHng">7532.20266666667</dst>
        </src>
        <src id="LOSAng">
            <dst id="ATLA-M5">0</dst>
            <dst id="ATLAng">21809.3093333333</dst>
            <dst id="CHINng">43789.6213333333</dst>
            <dst id="DNVRng">6327.22133333333</dst>
            <dst id="HSTNng">6562.95733333333</dst>
            <dst id="IPLSng">11404.7706666667</dst>
            <dst id="KSCYng">1675.824</dst>
            <dst id="LOSAng">24590.3173333333</dst>
            <dst id="NYCMng">30209.944</dst>
            <dst id="SNVAng">22830.7493333333</dst>
            <dst id="STTLng">27556.8213333333</dst>
            <dst id="WASHng">82095.4186666667</dst>
        </src>
        <src id="NYCMng">
            <dst id="ATLA-M5">1543.46933333333</dst>
            <dst id="ATLAng">23646.9893333333</dst>
            <dst id="CHINng">23254.5893333333</dst>
            <dst id="DNVRng">21019.3893333333</dst>
            <dst id="HSTNng">4170.99733333333</dst>
            <dst id="IPLSng">11877.656</dst>
            <dst id="KSCYng">5895.62933333333</dst>
            <dst id="LOSAng">7482.80533333333</dst>
            <dst id="NYCMng">140781.882666667</dst>
            <dst id="SNVAng">47191.1573333333</dst>
            <dst id="STTLng">30732.7093333333</dst>
            <dst id="WASHng">46128.3866666667</dst>
        </src>
        <src id="SNVAng">
            <dst id="ATLA-M5">0</dst>
            <dst id="ATLAng">77.8106666666667</dst>
            <dst id="CHINng">53.3333333333333</dst>
            <dst id="DNVRng">1172.40533333333</dst>
            <dst id="HSTNng">26.6666666666667</dst>
            <dst id="IPLSng">154.789333333333</dst>
            <dst id="KSCYng">26.6666666666667</dst>
            <dst id="LOSAng">2126.50133333333</dst>
            <dst id="NYCMng">53.3333333333333</dst>
            <dst id="SNVAng">36414.2773333333</dst>
            <dst id="STTLng">35144.9093333333</dst>
            <dst id="WASHng">180.752</dst>
        </src>
        <src id="STTLng">
            <dst id="ATLA-M5">26.6666666666667</dst>
            <dst id="ATLAng">5934.13333333333</dst>
            <dst id="CHINng">15880.2986666667</dst>
            <dst id="DNVRng">3119.86933333333</dst>
            <dst id="HSTNng">2140.45066666667</dst>
            <dst id="IPLSng">6981.568</dst>
            <dst id="KSCYng">1946.54666666667</dst>
            <dst id="LOSAng">6410.11733333333</dst>
            <dst id="NYCMng">16274.2453333333</dst>
            <dst id="SNVAng">17937.208</dst>
            <dst id="STTLng">1027.488</dst>
            <dst id="WASHng">4753.376</dst>
        </src>
        <src id="WASHng">
            <dst id="ATLA-M5">134.389333333333</dst>
            <dst id="ATLAng">95449.5333333333</dst>
            <dst id="CHINng">57105.488</dst>
            <dst id="DNVRng">27194.376</dst>
            <dst id="HSTNng">17967.9386666667</dst>
            <dst id="IPLSng">24720</dst>
            <dst id="KSCYng">28397.944</dst>
            <dst id="LOSAng">67791.904</dst>
            <dst id="NYCMng">134741.221333333</dst>
            <dst id="SNVAng">26714.176</dst>
            <dst id="STTLng">30788.5173333333</dst>
            <dst id="WASHng">159872.178666667</dst>
        </src>
    </IntraTM>
</TrafficMatrixFile>
