<?xml version="1.0" encoding="ISO-8859-1" standalone="yes"?>
<TrafficMatrixFile xsi:noNamespaceSchemaLocation="http://totem.run.montefiore.ulg.ac.be/Schema/TrafficMatrix-v1_2.xsd" xmlns:xsi="http://www.w3.org/2001/XMLSchema-instance">
    <IntraTM ASID="11537">
        <src id="ATLA-M5">
            <dst id="ATLA-M5">0</dst>
            <dst id="ATLAng">0</dst>
            <dst id="CHINng">659.416</dst>
            <dst id="DNVRng">0</dst>
            <dst id="HSTNng">43.5973333333333</dst>
            <dst id="IPLSng">26.6666666666667</dst>
            <dst id="KSCYng">0</dst>
            <dst id="LOSAng">26.6666666666667</dst>
            <dst id="NYCMng">83.4906666666667</dst>
            <dst id="SNVAng">26.6666666666667</dst>
            <dst id="STTLng">61.712</dst>
            <dst id="WASHng">1179.10133333333</dst>
        </src>
        <src id="ATLAng">
            <dst id="ATLA-M5">76.6506666666667</dst>
            <dst id="ATLAng">31298.5173333333</dst>
            <dst id="CHINng">6468.328</dst>
            <dst id="DNVRng">6308.13066666667</dst>
            <dst id="HSTNng">758.021333333333</dst>
            <dst id="IPLSng">13717.2453333333</dst>
            <dst id="KSCYng">573.978666666667</dst>
            <dst id="LOSAng">5280.79733333333</dst>
            <dst id="NYCMng">3632.90666666667</dst>
            <dst id="SNVAng">388.482666666667</dst>
            <dst id="STTLng">2115.512</dst>
            <dst id="WASHng">27573.768</dst>
        </src>
        <src id="CHINng">
            <dst id="ATLA-M5">87.1546666666667</dst>
            <dst id="ATLAng">9698.26133333333</dst>
            <dst id="CHINng">57326.6693333334</dst>
            <dst id="DNVRng">10170.184</dst>
            <dst id="HSTNng">5667.96</dst>
            <dst id="IPLSng">21115.328</dst>
            <dst id="KSCYng">6494.416</dst>
            <dst id="LOSAng">29005.0773333333</dst>
            <dst id="NYCMng">23736.4053333333</dst>
            <dst id="SNVAng">1171.87733333333</dst>
            <dst id="STTLng">8385.65866666666</dst>
            <dst id="WASHng">17546.648</dst>
        </src>
        <src id="DNVRng">
            <dst id="ATLA-M5">359.888</dst>
            <dst id="ATLAng">5332.408</dst>
            <dst id="CHINng">45935.9466666667</dst>
            <dst id="DNVRng">3978.39733333333</dst>
            <dst id="HSTNng">19640.784</dst>
            <dst id="IPLSng">33257.2266666667</dst>
            <dst id="KSCYng">8099.96</dst>
            <dst id="LOSAng">6030.68266666667</dst>
            <dst id="NYCMng">15798.9493333333</dst>
            <dst id="SNVAng">3112.424</dst>
            <dst id="STTLng">7253.00266666667</dst>
            <dst id="WASHng">34879.0693333333</dst>
        </src>
        <src id="HSTNng">
            <dst id="ATLA-M5">652.64</dst>
            <dst id="ATLAng">2894.05066666667</dst>
            <dst id="CHINng">11028.9306666667</dst>
            <dst id="DNVRng">2651.82133333333</dst>
            <dst id="HSTNng">17487.6533333333</dst>
            <dst id="IPLSng">1296.87733333333</dst>
            <dst id="KSCYng">2195.61333333333</dst>
            <dst id="LOSAng">4647.34933333333</dst>
            <dst id="NYCMng">7998.96533333333</dst>
            <dst id="SNVAng">274.186666666667</dst>
            <dst id="STTLng">921.256</dst>
            <dst id="WASHng">16125.408</dst>
        </src>
        <src id="IPLSng">
            <dst id="ATLA-M5">68.1706666666667</dst>
            <dst id="ATLAng">10245.1066666667</dst>
            <dst id="CHINng">35001.4613333333</dst>
            <dst id="DNVRng">10171.8426666667</dst>
            <dst id="HSTNng">5617.168</dst>
            <dst id="IPLSng">4420.79733333333</dst>
            <dst id="KSCYng">1527.22133333333</dst>
            <dst id="LOSAng">12493.7786666667</dst>
            <dst id="NYCMng">6312.41066666667</dst>
            <dst id="SNVAng">422.128</dst>
            <dst id="STTLng">4510.95466666667</dst>
            <dst id="WASHng">23938.6773333333</dst>
        </src>
        <src id="KSCYng">
            <dst id="ATLA-M5">0</dst>
            <dst id="ATLAng">4303.58933333333</dst>
            <dst id="CHINng">9920.28266666667</dst>
            <dst id="DNVRng">5096.048</dst>
            <dst id="HSTNng">5608.96</dst>
            <dst id="IPLSng">10977.432</dst>
            <dst id="KSCYng">9917.032</dst>
            <dst id="LOSAng">8045.81333333333</dst>
            <dst id="NYCMng">1612.77333333333</dst>
            <dst id="SNVAng">2191.53866666667</dst>
            <dst id="STTLng">1059.04533333333</dst>
            <dst id="WASHng">9112.38933333333</dst>
        </src>
        <src id="LOSAng">
            <dst id="ATLA-M5">103.069333333333</dst>
            <dst id="ATLAng">23525.8053333333</dst>
            <dst id="CHINng">62939.8666666667</dst>
            <dst id="DNVRng">7191.50133333333</dst>
            <dst id="HSTNng">4789.91733333333</dst>
            <dst id="IPLSng">15055.1813333333</dst>
            <dst id="KSCYng">4776.85333333333</dst>
            <dst id="LOSAng">15268.2773333333</dst>
            <dst id="NYCMng">27504.4506666667</dst>
            <dst id="SNVAng">22610.584</dst>
            <dst id="STTLng">33076.1066666667</dst>
            <dst id="WASHng">54556.3946666667</dst>
        </src>
        <src id="NYCMng">
            <dst id="ATLA-M5">1267.576</dst>
            <dst id="ATLAng">21042.064</dst>
            <dst id="CHINng">15856.568</dst>
            <dst id="DNVRng">21468.0373333333</dst>
            <dst id="HSTNng">3622.28</dst>
            <dst id="IPLSng">18086.0826666667</dst>
            <dst id="KSCYng">9752.728</dst>
            <dst id="LOSAng">58340.0133333333</dst>
            <dst id="NYCMng">81930.92</dst>
            <dst id="SNVAng">3135.45066666667</dst>
            <dst id="STTLng">21971.56</dst>
            <dst id="WASHng">59572.7893333333</dst>
        </src>
        <src id="SNVAng">
            <dst id="ATLA-M5">0</dst>
            <dst id="ATLAng">90.496</dst>
            <dst id="CHINng">886.672</dst>
            <dst id="DNVRng">2857.38933333333</dst>
            <dst id="HSTNng">26.6666666666667</dst>
            <dst id="IPLSng">414.672</dst>
            <dst id="KSCYng">53.3333333333333</dst>
            <dst id="LOSAng">32912.3733333333</dst>
            <dst id="NYCMng">262.002666666667</dst>
            <dst id="SNVAng">8696.432</dst>
            <dst id="STTLng">50951.4826666667</dst>
            <dst id="WASHng">302.037333333333</dst>
        </src>
        <src id="STTLng">
            <dst id="ATLA-M5">138.688</dst>
            <dst id="ATLAng">9256.736</dst>
            <dst id="CHINng">15076.1093333333</dst>
            <dst id="DNVRng">3293.12533333333</dst>
            <dst id="HSTNng">1114.66666666667</dst>
            <dst id="IPLSng">6783.77333333333</dst>
            <dst id="KSCYng">1620.62666666667</dst>
            <dst id="LOSAng">10989.9573333333</dst>
            <dst id="NYCMng">8907.128</dst>
            <dst id="SNVAng">9195.86133333333</dst>
            <dst id="STTLng">4267.272</dst>
            <dst id="WASHng">10310.1733333333</dst>
        </src>
        <src id="WASHng">
            <dst id="ATLA-M5">6675.792</dst>
            <dst id="ATLAng">110181.141333333</dst>
            <dst id="CHINng">64971.5573333333</dst>
            <dst id="DNVRng">55963.0693333333</dst>
            <dst id="HSTNng">15335.3626666667</dst>
            <dst id="IPLSng">62636.56</dst>
            <dst id="KSCYng">25021.568</dst>
            <dst id="LOSAng">79694.816</dst>
            <dst id="NYCMng">140914.506666667</dst>
            <dst id="SNVAng">2059.70666666667</dst>
            <dst id="STTLng">16693.872</dst>
            <dst id="WASHng">199104.013333333</dst>
        </src>
    </IntraTM>
</TrafficMatrixFile>
