<?xml version="1.0" encoding="ISO-8859-1" standalone="yes"?>
<TrafficMatrixFile xsi:noNamespaceSchemaLocation="http://totem.run.montefiore.ulg.ac.be/Schema/TrafficMatrix-v1_2.xsd" xmlns:xsi="http://www.w3.org/2001/XMLSchema-instance">
    <IntraTM ASID="11537">
        <src id="ATLA-M5">
            <dst id="ATLA-M5">28.568</dst>
            <dst id="ATLAng">0</dst>
            <dst id="CHINng">571.637333333333</dst>
            <dst id="DNVRng">26.6666666666667</dst>
            <dst id="HSTNng">26.6666666666667</dst>
            <dst id="IPLSng">0</dst>
            <dst id="KSCYng">0</dst>
            <dst id="LOSAng">0</dst>
            <dst id="NYCMng">0</dst>
            <dst id="SNVAng">0</dst>
            <dst id="STTLng">0</dst>
            <dst id="WASHng">640.504</dst>
        </src>
        <src id="ATLAng">
            <dst id="ATLA-M5">321.528</dst>
            <dst id="ATLAng">23119.0826666667</dst>
            <dst id="CHINng">8395.472</dst>
            <dst id="DNVRng">2894.056</dst>
            <dst id="HSTNng">940.352</dst>
            <dst id="IPLSng">10162.6133333333</dst>
            <dst id="KSCYng">1229.92266666667</dst>
            <dst id="LOSAng">2524.27066666667</dst>
            <dst id="NYCMng">2261.28</dst>
            <dst id="SNVAng">1918.12666666667</dst>
            <dst id="STTLng">2739.72</dst>
            <dst id="WASHng">17892.736</dst>
        </src>
        <src id="CHINng">
            <dst id="ATLA-M5">450.824</dst>
            <dst id="ATLAng">12773.7226666667</dst>
            <dst id="CHINng">96411.512</dst>
            <dst id="DNVRng">3025.50666666667</dst>
            <dst id="HSTNng">6543.60533333333</dst>
            <dst id="IPLSng">10168.0586666667</dst>
            <dst id="KSCYng">5072.49333333333</dst>
            <dst id="LOSAng">6907.70133333333</dst>
            <dst id="NYCMng">9315.728</dst>
            <dst id="SNVAng">19603.1653333333</dst>
            <dst id="STTLng">16497.7706666667</dst>
            <dst id="WASHng">9799.75733333333</dst>
        </src>
        <src id="DNVRng">
            <dst id="ATLA-M5">0</dst>
            <dst id="ATLAng">3192.656</dst>
            <dst id="CHINng">38043.024</dst>
            <dst id="DNVRng">5974.224</dst>
            <dst id="HSTNng">22151.1013333333</dst>
            <dst id="IPLSng">30571.656</dst>
            <dst id="KSCYng">27048.7946666667</dst>
            <dst id="LOSAng">2855.77333333333</dst>
            <dst id="NYCMng">13433.1306666667</dst>
            <dst id="SNVAng">24462.3413333333</dst>
            <dst id="STTLng">13180.8986666667</dst>
            <dst id="WASHng">47064.976</dst>
        </src>
        <src id="HSTNng">
            <dst id="ATLA-M5">64.0426666666667</dst>
            <dst id="ATLAng">1430.38933333333</dst>
            <dst id="CHINng">7721.05333333333</dst>
            <dst id="DNVRng">630.949333333333</dst>
            <dst id="HSTNng">15668.8026666667</dst>
            <dst id="IPLSng">866.784</dst>
            <dst id="KSCYng">279.869333333333</dst>
            <dst id="LOSAng">2482.696</dst>
            <dst id="NYCMng">1389.68266666667</dst>
            <dst id="SNVAng">26.6666666666667</dst>
            <dst id="STTLng">1557.54133333333</dst>
            <dst id="WASHng">5513.57333333333</dst>
        </src>
        <src id="IPLSng">
            <dst id="ATLA-M5">130.36</dst>
            <dst id="ATLAng">4224.19466666667</dst>
            <dst id="CHINng">39851.288</dst>
            <dst id="DNVRng">8346.01333333333</dst>
            <dst id="HSTNng">2313.912</dst>
            <dst id="IPLSng">2332.58133333333</dst>
            <dst id="KSCYng">2965.68</dst>
            <dst id="LOSAng">4478.2</dst>
            <dst id="NYCMng">13642.776</dst>
            <dst id="SNVAng">2028.72</dst>
            <dst id="STTLng">18412.8506666667</dst>
            <dst id="WASHng">9604.288</dst>
        </src>
        <src id="KSCYng">
            <dst id="ATLA-M5">0</dst>
            <dst id="ATLAng">5155.016</dst>
            <dst id="CHINng">8922.29866666667</dst>
            <dst id="DNVRng">4273.91466666667</dst>
            <dst id="HSTNng">2779.52266666667</dst>
            <dst id="IPLSng">11731.7786666667</dst>
            <dst id="KSCYng">7932.75733333333</dst>
            <dst id="LOSAng">1806.47466666667</dst>
            <dst id="NYCMng">2063.44</dst>
            <dst id="SNVAng">2529.368</dst>
            <dst id="STTLng">797.992</dst>
            <dst id="WASHng">6434.04</dst>
        </src>
        <src id="LOSAng">
            <dst id="ATLA-M5">26.6666666666667</dst>
            <dst id="ATLAng">8211.528</dst>
            <dst id="CHINng">40859.8346666667</dst>
            <dst id="DNVRng">7506.89066666667</dst>
            <dst id="HSTNng">1979.488</dst>
            <dst id="IPLSng">10765.4826666667</dst>
            <dst id="KSCYng">1048</dst>
            <dst id="LOSAng">21593.64</dst>
            <dst id="NYCMng">24091.392</dst>
            <dst id="SNVAng">31925.12</dst>
            <dst id="STTLng">26450.3466666667</dst>
            <dst id="WASHng">70238.632</dst>
        </src>
        <src id="NYCMng">
            <dst id="ATLA-M5">71.6533333333333</dst>
            <dst id="ATLAng">11550.4586666667</dst>
            <dst id="CHINng">21910.144</dst>
            <dst id="DNVRng">25613.5573333333</dst>
            <dst id="HSTNng">7475.184</dst>
            <dst id="IPLSng">21689.576</dst>
            <dst id="KSCYng">3239.44266666667</dst>
            <dst id="LOSAng">3205.336</dst>
            <dst id="NYCMng">68222.512</dst>
            <dst id="SNVAng">27107.728</dst>
            <dst id="STTLng">22931.24</dst>
            <dst id="WASHng">43636.44</dst>
        </src>
        <src id="SNVAng">
            <dst id="ATLA-M5">0</dst>
            <dst id="ATLAng">26.6666666666667</dst>
            <dst id="CHINng">87.2746666666667</dst>
            <dst id="DNVRng">1371.46933333333</dst>
            <dst id="HSTNng">0</dst>
            <dst id="IPLSng">182.477333333333</dst>
            <dst id="KSCYng">34.4213333333333</dst>
            <dst id="LOSAng">1882.93866666667</dst>
            <dst id="NYCMng">53.3333333333333</dst>
            <dst id="SNVAng">3617.44266666667</dst>
            <dst id="STTLng">40951.04</dst>
            <dst id="WASHng">26.6666666666667</dst>
        </src>
        <src id="STTLng">
            <dst id="ATLA-M5">129.333333333333</dst>
            <dst id="ATLAng">4841.52266666667</dst>
            <dst id="CHINng">9010.53866666666</dst>
            <dst id="DNVRng">3909.192</dst>
            <dst id="HSTNng">1701.048</dst>
            <dst id="IPLSng">7082.33866666667</dst>
            <dst id="KSCYng">1243.91733333333</dst>
            <dst id="LOSAng">1640.496</dst>
            <dst id="NYCMng">12132.928</dst>
            <dst id="SNVAng">16341.664</dst>
            <dst id="STTLng">2028.09066666667</dst>
            <dst id="WASHng">5702.08</dst>
        </src>
        <src id="WASHng">
            <dst id="ATLA-M5">172</dst>
            <dst id="ATLAng">113509.634666667</dst>
            <dst id="CHINng">64480.1466666667</dst>
            <dst id="DNVRng">23478.8186666667</dst>
            <dst id="HSTNng">20948.6933333333</dst>
            <dst id="IPLSng">27237.816</dst>
            <dst id="KSCYng">30940.56</dst>
            <dst id="LOSAng">79038.0773333333</dst>
            <dst id="NYCMng">133458.554666667</dst>
            <dst id="SNVAng">17560.1733333333</dst>
            <dst id="STTLng">26315.584</dst>
            <dst id="WASHng">182666.421333333</dst>
        </src>
    </IntraTM>
</TrafficMatrixFile>
