<?xml version="1.0" encoding="ISO-8859-1" standalone="yes"?>
<TrafficMatrixFile xsi:noNamespaceSchemaLocation="http://totem.run.montefiore.ulg.ac.be/Schema/TrafficMatrix-v1_2.xsd" xmlns:xsi="http://www.w3.org/2001/XMLSchema-instance">
    <IntraTM ASID="11537">
        <src id="ATLA-M5">
            <dst id="ATLA-M5">0</dst>
            <dst id="ATLAng">96.8053333333333</dst>
            <dst id="CHINng">264.954666666667</dst>
            <dst id="DNVRng">0</dst>
            <dst id="HSTNng">0</dst>
            <dst id="IPLSng">59.5893333333333</dst>
            <dst id="KSCYng">0</dst>
            <dst id="LOSAng">94.7733333333333</dst>
            <dst id="NYCMng">141.44</dst>
            <dst id="SNVAng">0</dst>
            <dst id="STTLng">73.5253333333333</dst>
            <dst id="WASHng">268.128</dst>
        </src>
        <src id="ATLAng">
            <dst id="ATLA-M5">182.898666666667</dst>
            <dst id="ATLAng">20739.2373333333</dst>
            <dst id="CHINng">4565.58133333333</dst>
            <dst id="DNVRng">2477.22933333333</dst>
            <dst id="HSTNng">11829.1573333333</dst>
            <dst id="IPLSng">13831.6426666667</dst>
            <dst id="KSCYng">568.68</dst>
            <dst id="LOSAng">10453.976</dst>
            <dst id="NYCMng">6718.98133333333</dst>
            <dst id="SNVAng">80</dst>
            <dst id="STTLng">4896.62933333333</dst>
            <dst id="WASHng">35510.8586666667</dst>
        </src>
        <src id="CHINng">
            <dst id="ATLA-M5">26.6666666666667</dst>
            <dst id="ATLAng">8995.30933333333</dst>
            <dst id="CHINng">72790.9413333333</dst>
            <dst id="DNVRng">8736.71466666667</dst>
            <dst id="HSTNng">11609.08</dst>
            <dst id="IPLSng">49122.816</dst>
            <dst id="KSCYng">6781.04</dst>
            <dst id="LOSAng">29661.3573333333</dst>
            <dst id="NYCMng">41399.1173333333</dst>
            <dst id="SNVAng">4991.18666666667</dst>
            <dst id="STTLng">8884.62666666667</dst>
            <dst id="WASHng">13375.888</dst>
        </src>
        <src id="DNVRng">
            <dst id="ATLA-M5">261.386666666667</dst>
            <dst id="ATLAng">2696.18666666667</dst>
            <dst id="CHINng">37426.0773333333</dst>
            <dst id="DNVRng">9200.472</dst>
            <dst id="HSTNng">24413.3253333333</dst>
            <dst id="IPLSng">22828.7226666667</dst>
            <dst id="KSCYng">18439.896</dst>
            <dst id="LOSAng">29505.7253333333</dst>
            <dst id="NYCMng">13582.8586666667</dst>
            <dst id="SNVAng">5812.61066666667</dst>
            <dst id="STTLng">7562.53066666667</dst>
            <dst id="WASHng">34328.2906666667</dst>
        </src>
        <src id="HSTNng">
            <dst id="ATLA-M5">334.928</dst>
            <dst id="ATLAng">18939.4133333333</dst>
            <dst id="CHINng">16733.8373333333</dst>
            <dst id="DNVRng">1087.63733333333</dst>
            <dst id="HSTNng">18574.912</dst>
            <dst id="IPLSng">1917.91733333333</dst>
            <dst id="KSCYng">735.722666666667</dst>
            <dst id="LOSAng">1142.60266666667</dst>
            <dst id="NYCMng">1739.976</dst>
            <dst id="SNVAng">0</dst>
            <dst id="STTLng">1329.07733333333</dst>
            <dst id="WASHng">1911.11466666667</dst>
        </src>
        <src id="IPLSng">
            <dst id="ATLA-M5">0</dst>
            <dst id="ATLAng">4180.30133333333</dst>
            <dst id="CHINng">52065.848</dst>
            <dst id="DNVRng">8025.80266666667</dst>
            <dst id="HSTNng">1564.12533333333</dst>
            <dst id="IPLSng">15339.8506666667</dst>
            <dst id="KSCYng">9219.61866666667</dst>
            <dst id="LOSAng">45816.0373333333</dst>
            <dst id="NYCMng">6543.944</dst>
            <dst id="SNVAng">289.368</dst>
            <dst id="STTLng">11922.3306666667</dst>
            <dst id="WASHng">24739.2773333333</dst>
        </src>
        <src id="KSCYng">
            <dst id="ATLA-M5">90.9013333333333</dst>
            <dst id="ATLAng">3900.784</dst>
            <dst id="CHINng">21825.9893333333</dst>
            <dst id="DNVRng">8837.49866666666</dst>
            <dst id="HSTNng">3345.26133333333</dst>
            <dst id="IPLSng">17752.328</dst>
            <dst id="KSCYng">9876.49866666666</dst>
            <dst id="LOSAng">3031.78933333333</dst>
            <dst id="NYCMng">2331.824</dst>
            <dst id="SNVAng">2041.13066666667</dst>
            <dst id="STTLng">3431.408</dst>
            <dst id="WASHng">14164.2773333333</dst>
        </src>
        <src id="LOSAng">
            <dst id="ATLA-M5">979.498666666667</dst>
            <dst id="ATLAng">10180.096</dst>
            <dst id="CHINng">63222.3813333333</dst>
            <dst id="DNVRng">6191.47733333333</dst>
            <dst id="HSTNng">3027.75466666667</dst>
            <dst id="IPLSng">18549.632</dst>
            <dst id="KSCYng">4111.328</dst>
            <dst id="LOSAng">8205.82133333334</dst>
            <dst id="NYCMng">18483.8</dst>
            <dst id="SNVAng">21104.4533333333</dst>
            <dst id="STTLng">21929.8933333333</dst>
            <dst id="WASHng">76543.424</dst>
        </src>
        <src id="NYCMng">
            <dst id="ATLA-M5">1008.20533333333</dst>
            <dst id="ATLAng">12054.0906666667</dst>
            <dst id="CHINng">38726.3066666667</dst>
            <dst id="DNVRng">20714.84</dst>
            <dst id="HSTNng">4623.63466666667</dst>
            <dst id="IPLSng">19880.4426666667</dst>
            <dst id="KSCYng">4059.29333333333</dst>
            <dst id="LOSAng">51516.0186666667</dst>
            <dst id="NYCMng">98799.9253333333</dst>
            <dst id="SNVAng">790.96</dst>
            <dst id="STTLng">25148.6613333333</dst>
            <dst id="WASHng">38379.6133333333</dst>
        </src>
        <src id="SNVAng">
            <dst id="ATLA-M5">0</dst>
            <dst id="ATLAng">105.813333333333</dst>
            <dst id="CHINng">106.666666666667</dst>
            <dst id="DNVRng">2513.29866666667</dst>
            <dst id="HSTNng">0</dst>
            <dst id="IPLSng">354.258666666667</dst>
            <dst id="KSCYng">0</dst>
            <dst id="LOSAng">28075.9173333333</dst>
            <dst id="NYCMng">53.3333333333333</dst>
            <dst id="SNVAng">6903.46666666667</dst>
            <dst id="STTLng">34051.616</dst>
            <dst id="WASHng">53.3333333333333</dst>
        </src>
        <src id="STTLng">
            <dst id="ATLA-M5">98.32</dst>
            <dst id="ATLAng">7161.01866666667</dst>
            <dst id="CHINng">12173.1173333333</dst>
            <dst id="DNVRng">1731.416</dst>
            <dst id="HSTNng">617.306666666667</dst>
            <dst id="IPLSng">6608.672</dst>
            <dst id="KSCYng">2502.94666666667</dst>
            <dst id="LOSAng">11319.3653333333</dst>
            <dst id="NYCMng">10640.616</dst>
            <dst id="SNVAng">8968.81066666667</dst>
            <dst id="STTLng">1534.02933333333</dst>
            <dst id="WASHng">9012.18666666667</dst>
        </src>
        <src id="WASHng">
            <dst id="ATLA-M5">1257.08266666667</dst>
            <dst id="ATLAng">51169.2693333333</dst>
            <dst id="CHINng">58176.7813333334</dst>
            <dst id="DNVRng">62932.36</dst>
            <dst id="HSTNng">16874.7573333333</dst>
            <dst id="IPLSng">56949.1866666667</dst>
            <dst id="KSCYng">29582.52</dst>
            <dst id="LOSAng">107575.048</dst>
            <dst id="NYCMng">143486.994666667</dst>
            <dst id="SNVAng">680.229333333333</dst>
            <dst id="STTLng">34916.416</dst>
            <dst id="WASHng">223738.117333333</dst>
        </src>
    </IntraTM>
</TrafficMatrixFile>
