<?xml version="1.0" encoding="ISO-8859-1" standalone="yes"?>
<TrafficMatrixFile xsi:noNamespaceSchemaLocation="http://totem.run.montefiore.ulg.ac.be/Schema/TrafficMatrix-v1_2.xsd" xmlns:xsi="http://www.w3.org/2001/XMLSchema-instance">
    <IntraTM ASID="11537">
        <src id="ATLA-M5">
            <dst id="ATLA-M5">26.6666666666667</dst>
            <dst id="ATLAng">26.6666666666667</dst>
            <dst id="CHINng">716.989333333333</dst>
            <dst id="DNVRng">0</dst>
            <dst id="HSTNng">0</dst>
            <dst id="IPLSng">0</dst>
            <dst id="KSCYng">53.3333333333333</dst>
            <dst id="LOSAng">87.6373333333333</dst>
            <dst id="NYCMng">184.488</dst>
            <dst id="SNVAng">174.864</dst>
            <dst id="STTLng">131.802666666667</dst>
            <dst id="WASHng">769.954666666667</dst>
        </src>
        <src id="ATLAng">
            <dst id="ATLA-M5">86.1813333333333</dst>
            <dst id="ATLAng">9316.864</dst>
            <dst id="CHINng">4226.44</dst>
            <dst id="DNVRng">6268.97333333333</dst>
            <dst id="HSTNng">639.261333333333</dst>
            <dst id="IPLSng">7955.08533333333</dst>
            <dst id="KSCYng">235.968</dst>
            <dst id="LOSAng">7033.89866666667</dst>
            <dst id="NYCMng">2323.29866666667</dst>
            <dst id="SNVAng">53.3333333333333</dst>
            <dst id="STTLng">997.925333333333</dst>
            <dst id="WASHng">21792.768</dst>
        </src>
        <src id="CHINng">
            <dst id="ATLA-M5">142.32</dst>
            <dst id="ATLAng">31176.3813333333</dst>
            <dst id="CHINng">73376.4533333333</dst>
            <dst id="DNVRng">6461.92266666667</dst>
            <dst id="HSTNng">11775.7893333333</dst>
            <dst id="IPLSng">55695.1173333333</dst>
            <dst id="KSCYng">6794.64</dst>
            <dst id="LOSAng">26692.544</dst>
            <dst id="NYCMng">19673.4693333333</dst>
            <dst id="SNVAng">446.874666666667</dst>
            <dst id="STTLng">6019.58133333333</dst>
            <dst id="WASHng">12757.792</dst>
        </src>
        <src id="DNVRng">
            <dst id="ATLA-M5">170.346666666667</dst>
            <dst id="ATLAng">5203.62666666667</dst>
            <dst id="CHINng">43322.872</dst>
            <dst id="DNVRng">8461.38666666667</dst>
            <dst id="HSTNng">23554.4373333333</dst>
            <dst id="IPLSng">26280.8453333333</dst>
            <dst id="KSCYng">21714.96</dst>
            <dst id="LOSAng">4117.368</dst>
            <dst id="NYCMng">12716.8826666667</dst>
            <dst id="SNVAng">9714.008</dst>
            <dst id="STTLng">3519.74133333333</dst>
            <dst id="WASHng">36525.6026666667</dst>
        </src>
        <src id="HSTNng">
            <dst id="ATLA-M5">1728.76</dst>
            <dst id="ATLAng">3455.42133333333</dst>
            <dst id="CHINng">6735.40533333333</dst>
            <dst id="DNVRng">951.669333333333</dst>
            <dst id="HSTNng">17356.704</dst>
            <dst id="IPLSng">1949.59733333333</dst>
            <dst id="KSCYng">1553.99466666667</dst>
            <dst id="LOSAng">9512.76</dst>
            <dst id="NYCMng">5520.35466666667</dst>
            <dst id="SNVAng">26.6666666666667</dst>
            <dst id="STTLng">558.154666666667</dst>
            <dst id="WASHng">10304.8826666667</dst>
        </src>
        <src id="IPLSng">
            <dst id="ATLA-M5">268.514666666667</dst>
            <dst id="ATLAng">11462.9573333333</dst>
            <dst id="CHINng">36736.88</dst>
            <dst id="DNVRng">6713.16</dst>
            <dst id="HSTNng">2237.688</dst>
            <dst id="IPLSng">11531.3253333333</dst>
            <dst id="KSCYng">1748.98933333333</dst>
            <dst id="LOSAng">10013.6346666667</dst>
            <dst id="NYCMng">13410.9306666667</dst>
            <dst id="SNVAng">197.232</dst>
            <dst id="STTLng">4593.54133333333</dst>
            <dst id="WASHng">28006.0773333333</dst>
        </src>
        <src id="KSCYng">
            <dst id="ATLA-M5">0</dst>
            <dst id="ATLAng">3515.424</dst>
            <dst id="CHINng">17236.8293333333</dst>
            <dst id="DNVRng">5980.14666666667</dst>
            <dst id="HSTNng">12214.1093333333</dst>
            <dst id="IPLSng">11897.5573333333</dst>
            <dst id="KSCYng">14963.0053333333</dst>
            <dst id="LOSAng">4635.13066666667</dst>
            <dst id="NYCMng">560.866666666667</dst>
            <dst id="SNVAng">2093.65333333333</dst>
            <dst id="STTLng">380.093333333333</dst>
            <dst id="WASHng">8941.19466666667</dst>
        </src>
        <src id="LOSAng">
            <dst id="ATLA-M5">55.272</dst>
            <dst id="ATLAng">26655.0346666667</dst>
            <dst id="CHINng">45955.512</dst>
            <dst id="DNVRng">6667.816</dst>
            <dst id="HSTNng">5936.936</dst>
            <dst id="IPLSng">14731.1146666667</dst>
            <dst id="KSCYng">2912.93333333333</dst>
            <dst id="LOSAng">10603.5226666667</dst>
            <dst id="NYCMng">22187.5973333333</dst>
            <dst id="SNVAng">24676.8906666667</dst>
            <dst id="STTLng">22164.6293333333</dst>
            <dst id="WASHng">47986.824</dst>
        </src>
        <src id="NYCMng">
            <dst id="ATLA-M5">1441.01066666667</dst>
            <dst id="ATLAng">19478.8506666667</dst>
            <dst id="CHINng">13665.2186666667</dst>
            <dst id="DNVRng">22833.7706666667</dst>
            <dst id="HSTNng">14066.0933333333</dst>
            <dst id="IPLSng">8897.112</dst>
            <dst id="KSCYng">8881.72266666667</dst>
            <dst id="LOSAng">51186.3386666667</dst>
            <dst id="NYCMng">67678.624</dst>
            <dst id="SNVAng">1064.824</dst>
            <dst id="STTLng">19384.2693333333</dst>
            <dst id="WASHng">52831.1946666667</dst>
        </src>
        <src id="SNVAng">
            <dst id="ATLA-M5">0</dst>
            <dst id="ATLAng">48.224</dst>
            <dst id="CHINng">26.6666666666667</dst>
            <dst id="DNVRng">1814.528</dst>
            <dst id="HSTNng">0</dst>
            <dst id="IPLSng">164.672</dst>
            <dst id="KSCYng">0</dst>
            <dst id="LOSAng">31444.728</dst>
            <dst id="NYCMng">53.3333333333333</dst>
            <dst id="SNVAng">7449.384</dst>
            <dst id="STTLng">36057.1146666667</dst>
            <dst id="WASHng">0</dst>
        </src>
        <src id="STTLng">
            <dst id="ATLA-M5">106.885333333333</dst>
            <dst id="ATLAng">7257.36</dst>
            <dst id="CHINng">11755.32</dst>
            <dst id="DNVRng">2504.38666666667</dst>
            <dst id="HSTNng">490.992</dst>
            <dst id="IPLSng">7041.08533333333</dst>
            <dst id="KSCYng">1311.82133333333</dst>
            <dst id="LOSAng">8080.29333333333</dst>
            <dst id="NYCMng">8712.61866666667</dst>
            <dst id="SNVAng">8274.66666666667</dst>
            <dst id="STTLng">903.186666666667</dst>
            <dst id="WASHng">8389.73866666667</dst>
        </src>
        <src id="WASHng">
            <dst id="ATLA-M5">4299.408</dst>
            <dst id="ATLAng">103505.973333333</dst>
            <dst id="CHINng">52610.9226666667</dst>
            <dst id="DNVRng">47035.4293333333</dst>
            <dst id="HSTNng">24601.568</dst>
            <dst id="IPLSng">54360.7013333334</dst>
            <dst id="KSCYng">34215.928</dst>
            <dst id="LOSAng">79724.344</dst>
            <dst id="NYCMng">141571.104</dst>
            <dst id="SNVAng">1435.88533333333</dst>
            <dst id="STTLng">25914.912</dst>
            <dst id="WASHng">232993.098666667</dst>
        </src>
    </IntraTM>
</TrafficMatrixFile>
