<?xml version="1.0" encoding="ISO-8859-1" standalone="yes"?>
<TrafficMatrixFile xsi:noNamespaceSchemaLocation="http://totem.run.montefiore.ulg.ac.be/Schema/TrafficMatrix-v1_2.xsd" xmlns:xsi="http://www.w3.org/2001/XMLSchema-instance">
    <IntraTM ASID="11537">
        <src id="ATLA-M5">
            <dst id="ATLA-M5">26.6666666666667</dst>
            <dst id="ATLAng">0</dst>
            <dst id="CHINng">293.96</dst>
            <dst id="DNVRng">121.226666666667</dst>
            <dst id="HSTNng">26.6666666666667</dst>
            <dst id="IPLSng">0</dst>
            <dst id="KSCYng">0</dst>
            <dst id="LOSAng">26.6666666666667</dst>
            <dst id="NYCMng">26.6666666666667</dst>
            <dst id="SNVAng">0</dst>
            <dst id="STTLng">73.456</dst>
            <dst id="WASHng">2529.99466666667</dst>
        </src>
        <src id="ATLAng">
            <dst id="ATLA-M5">54.4533333333333</dst>
            <dst id="ATLAng">27737.584</dst>
            <dst id="CHINng">6649.688</dst>
            <dst id="DNVRng">4886.06666666667</dst>
            <dst id="HSTNng">12196.992</dst>
            <dst id="IPLSng">12147.5573333333</dst>
            <dst id="KSCYng">385.752</dst>
            <dst id="LOSAng">11633.1066666667</dst>
            <dst id="NYCMng">8336.14933333333</dst>
            <dst id="SNVAng">26.6666666666667</dst>
            <dst id="STTLng">2445.216</dst>
            <dst id="WASHng">36734.2426666667</dst>
        </src>
        <src id="CHINng">
            <dst id="ATLA-M5">348.885333333333</dst>
            <dst id="ATLAng">12842.0426666667</dst>
            <dst id="CHINng">89270.1653333334</dst>
            <dst id="DNVRng">2480.15733333333</dst>
            <dst id="HSTNng">11339.144</dst>
            <dst id="IPLSng">12482.9973333333</dst>
            <dst id="KSCYng">19567.0906666667</dst>
            <dst id="LOSAng">28109.3813333333</dst>
            <dst id="NYCMng">26584.6293333333</dst>
            <dst id="SNVAng">125.197333333333</dst>
            <dst id="STTLng">8566.13866666667</dst>
            <dst id="WASHng">15482.9306666667</dst>
        </src>
        <src id="DNVRng">
            <dst id="ATLA-M5">6607.648</dst>
            <dst id="ATLAng">8094.08</dst>
            <dst id="CHINng">41738.6773333333</dst>
            <dst id="DNVRng">12218.2773333333</dst>
            <dst id="HSTNng">23610.528</dst>
            <dst id="IPLSng">27307.2773333333</dst>
            <dst id="KSCYng">20013.0426666667</dst>
            <dst id="LOSAng">7192.824</dst>
            <dst id="NYCMng">12810.9973333333</dst>
            <dst id="SNVAng">7392.952</dst>
            <dst id="STTLng">10932.1706666667</dst>
            <dst id="WASHng">34859.2453333333</dst>
        </src>
        <src id="HSTNng">
            <dst id="ATLA-M5">72.5226666666667</dst>
            <dst id="ATLAng">12276.3973333333</dst>
            <dst id="CHINng">10810.4826666667</dst>
            <dst id="DNVRng">861.72</dst>
            <dst id="HSTNng">15188.5253333333</dst>
            <dst id="IPLSng">10844.7546666667</dst>
            <dst id="KSCYng">610.965333333333</dst>
            <dst id="LOSAng">2873.23733333333</dst>
            <dst id="NYCMng">2368.728</dst>
            <dst id="SNVAng">0</dst>
            <dst id="STTLng">4645.032</dst>
            <dst id="WASHng">6661.86133333333</dst>
        </src>
        <src id="IPLSng">
            <dst id="ATLA-M5">0</dst>
            <dst id="ATLAng">17164.048</dst>
            <dst id="CHINng">48204.5466666667</dst>
            <dst id="DNVRng">5898.46666666667</dst>
            <dst id="HSTNng">1508.976</dst>
            <dst id="IPLSng">2905.34666666667</dst>
            <dst id="KSCYng">2209.472</dst>
            <dst id="LOSAng">18796.768</dst>
            <dst id="NYCMng">8265.48266666667</dst>
            <dst id="SNVAng">273.472</dst>
            <dst id="STTLng">4391.12533333333</dst>
            <dst id="WASHng">8673.74666666667</dst>
        </src>
        <src id="KSCYng">
            <dst id="ATLA-M5">0</dst>
            <dst id="ATLAng">2831.25333333333</dst>
            <dst id="CHINng">10942.9253333333</dst>
            <dst id="DNVRng">4597.34666666667</dst>
            <dst id="HSTNng">2929.816</dst>
            <dst id="IPLSng">16638.4266666667</dst>
            <dst id="KSCYng">19090.7546666667</dst>
            <dst id="LOSAng">6351.70933333333</dst>
            <dst id="NYCMng">1264.35466666667</dst>
            <dst id="SNVAng">1687.50933333333</dst>
            <dst id="STTLng">1079.14933333333</dst>
            <dst id="WASHng">29502.8106666667</dst>
        </src>
        <src id="LOSAng">
            <dst id="ATLA-M5">0</dst>
            <dst id="ATLAng">13484.9653333333</dst>
            <dst id="CHINng">43674.4186666667</dst>
            <dst id="DNVRng">16404.072</dst>
            <dst id="HSTNng">2833.58933333333</dst>
            <dst id="IPLSng">5114.75733333333</dst>
            <dst id="KSCYng">3574.864</dst>
            <dst id="LOSAng">8355.83733333333</dst>
            <dst id="NYCMng">21348.0293333333</dst>
            <dst id="SNVAng">19024.1466666667</dst>
            <dst id="STTLng">17797.0133333333</dst>
            <dst id="WASHng">79734.848</dst>
        </src>
        <src id="NYCMng">
            <dst id="ATLA-M5">223.922666666667</dst>
            <dst id="ATLAng">9451.776</dst>
            <dst id="CHINng">20464.7893333333</dst>
            <dst id="DNVRng">22169.9173333333</dst>
            <dst id="HSTNng">8534.78666666667</dst>
            <dst id="IPLSng">18374.8666666667</dst>
            <dst id="KSCYng">10132.4986666667</dst>
            <dst id="LOSAng">50559.0453333333</dst>
            <dst id="NYCMng">64329.1813333333</dst>
            <dst id="SNVAng">2122.09066666667</dst>
            <dst id="STTLng">20870.024</dst>
            <dst id="WASHng">63806.5733333333</dst>
        </src>
        <src id="SNVAng">
            <dst id="ATLA-M5">0</dst>
            <dst id="ATLAng">26.6666666666667</dst>
            <dst id="CHINng">0</dst>
            <dst id="DNVRng">2804.72</dst>
            <dst id="HSTNng">26.6666666666667</dst>
            <dst id="IPLSng">202.794666666667</dst>
            <dst id="KSCYng">26.6666666666667</dst>
            <dst id="LOSAng">27230.224</dst>
            <dst id="NYCMng">26.6666666666667</dst>
            <dst id="SNVAng">5764.68533333333</dst>
            <dst id="STTLng">30408.4293333333</dst>
            <dst id="WASHng">0</dst>
        </src>
        <src id="STTLng">
            <dst id="ATLA-M5">111.034666666667</dst>
            <dst id="ATLAng">7003.448</dst>
            <dst id="CHINng">16832.6213333333</dst>
            <dst id="DNVRng">1617.08</dst>
            <dst id="HSTNng">997.264</dst>
            <dst id="IPLSng">5678.24</dst>
            <dst id="KSCYng">645.778666666667</dst>
            <dst id="LOSAng">12525.0346666667</dst>
            <dst id="NYCMng">10335.456</dst>
            <dst id="SNVAng">16742.8853333333</dst>
            <dst id="STTLng">2445.928</dst>
            <dst id="WASHng">7535.31466666667</dst>
        </src>
        <src id="WASHng">
            <dst id="ATLA-M5">280.090666666667</dst>
            <dst id="ATLAng">81473.576</dst>
            <dst id="CHINng">60586.3146666667</dst>
            <dst id="DNVRng">45916.1253333333</dst>
            <dst id="HSTNng">16272.4026666667</dst>
            <dst id="IPLSng">52378.896</dst>
            <dst id="KSCYng">32012.9253333333</dst>
            <dst id="LOSAng">90350.008</dst>
            <dst id="NYCMng">143092.186666667</dst>
            <dst id="SNVAng">766.258666666667</dst>
            <dst id="STTLng">27904.4933333333</dst>
            <dst id="WASHng">213887.618666667</dst>
        </src>
    </IntraTM>
</TrafficMatrixFile>
