<?xml version="1.0" encoding="ISO-8859-1" standalone="yes"?>
<TrafficMatrixFile xsi:noNamespaceSchemaLocation="http://totem.run.montefiore.ulg.ac.be/Schema/TrafficMatrix-v1_2.xsd" xmlns:xsi="http://www.w3.org/2001/XMLSchema-instance">
    <IntraTM ASID="11537">
        <src id="ATLA-M5">
            <dst id="ATLA-M5">123.754666666667</dst>
            <dst id="ATLAng">0</dst>
            <dst id="CHINng">176.722666666667</dst>
            <dst id="DNVRng">1132.81066666667</dst>
            <dst id="HSTNng">153.392</dst>
            <dst id="IPLSng">0</dst>
            <dst id="KSCYng">0</dst>
            <dst id="LOSAng">53.3333333333333</dst>
            <dst id="NYCMng">61.1653333333333</dst>
            <dst id="SNVAng">0</dst>
            <dst id="STTLng">78.8826666666667</dst>
            <dst id="WASHng">416.952</dst>
        </src>
        <src id="ATLAng">
            <dst id="ATLA-M5">125.048</dst>
            <dst id="ATLAng">20589.8346666667</dst>
            <dst id="CHINng">14796.048</dst>
            <dst id="DNVRng">3569.54133333333</dst>
            <dst id="HSTNng">1620.88533333333</dst>
            <dst id="IPLSng">18051.968</dst>
            <dst id="KSCYng">549.541333333333</dst>
            <dst id="LOSAng">13217.2906666667</dst>
            <dst id="NYCMng">2332.34933333333</dst>
            <dst id="SNVAng">6663.912</dst>
            <dst id="STTLng">1973.24</dst>
            <dst id="WASHng">27786.2853333333</dst>
        </src>
        <src id="CHINng">
            <dst id="ATLA-M5">89.976</dst>
            <dst id="ATLAng">20420.12</dst>
            <dst id="CHINng">64232.3173333333</dst>
            <dst id="DNVRng">7743.52533333333</dst>
            <dst id="HSTNng">4485.872</dst>
            <dst id="IPLSng">25830.8</dst>
            <dst id="KSCYng">14764.592</dst>
            <dst id="LOSAng">2605.74933333333</dst>
            <dst id="NYCMng">11949.8186666667</dst>
            <dst id="SNVAng">23970.672</dst>
            <dst id="STTLng">7796.832</dst>
            <dst id="WASHng">15528.5386666667</dst>
        </src>
        <src id="DNVRng">
            <dst id="ATLA-M5">120.586666666667</dst>
            <dst id="ATLAng">5270.904</dst>
            <dst id="CHINng">35958.432</dst>
            <dst id="DNVRng">7814.416</dst>
            <dst id="HSTNng">28897.936</dst>
            <dst id="IPLSng">26092.5013333333</dst>
            <dst id="KSCYng">14490.8853333333</dst>
            <dst id="LOSAng">1750.624</dst>
            <dst id="NYCMng">11405.36</dst>
            <dst id="SNVAng">31803.6026666667</dst>
            <dst id="STTLng">15891.1973333333</dst>
            <dst id="WASHng">37631.6666666667</dst>
        </src>
        <src id="HSTNng">
            <dst id="ATLA-M5">2152.808</dst>
            <dst id="ATLAng">1143.23466666667</dst>
            <dst id="CHINng">14404.2453333333</dst>
            <dst id="DNVRng">1377.21333333333</dst>
            <dst id="HSTNng">12758.2666666667</dst>
            <dst id="IPLSng">2977.86133333333</dst>
            <dst id="KSCYng">1222.744</dst>
            <dst id="LOSAng">4959.89866666667</dst>
            <dst id="NYCMng">1651.272</dst>
            <dst id="SNVAng">0</dst>
            <dst id="STTLng">2285.32</dst>
            <dst id="WASHng">3937.53866666667</dst>
        </src>
        <src id="IPLSng">
            <dst id="ATLA-M5">0</dst>
            <dst id="ATLAng">4695.656</dst>
            <dst id="CHINng">38349.9173333333</dst>
            <dst id="DNVRng">6047.32533333333</dst>
            <dst id="HSTNng">841.24</dst>
            <dst id="IPLSng">6415.02666666667</dst>
            <dst id="KSCYng">4059.696</dst>
            <dst id="LOSAng">2714.54666666667</dst>
            <dst id="NYCMng">9863.05866666667</dst>
            <dst id="SNVAng">11096.4186666667</dst>
            <dst id="STTLng">19050.6453333333</dst>
            <dst id="WASHng">6298.29066666667</dst>
        </src>
        <src id="KSCYng">
            <dst id="ATLA-M5">26.6666666666667</dst>
            <dst id="ATLAng">3465.936</dst>
            <dst id="CHINng">11544.976</dst>
            <dst id="DNVRng">14311.896</dst>
            <dst id="HSTNng">5384.91733333333</dst>
            <dst id="IPLSng">15494.968</dst>
            <dst id="KSCYng">13382.2186666667</dst>
            <dst id="LOSAng">227.389333333333</dst>
            <dst id="NYCMng">1615.592</dst>
            <dst id="SNVAng">6293.04533333333</dst>
            <dst id="STTLng">928.16</dst>
            <dst id="WASHng">8666.34933333333</dst>
        </src>
        <src id="LOSAng">
            <dst id="ATLA-M5">67.616</dst>
            <dst id="ATLAng">16155.3093333333</dst>
            <dst id="CHINng">45014.6426666667</dst>
            <dst id="DNVRng">10719.7146666667</dst>
            <dst id="HSTNng">3374.792</dst>
            <dst id="IPLSng">16454.184</dst>
            <dst id="KSCYng">1915.21866666667</dst>
            <dst id="LOSAng">16773.112</dst>
            <dst id="NYCMng">29392.8506666667</dst>
            <dst id="SNVAng">22883.304</dst>
            <dst id="STTLng">27251.0053333333</dst>
            <dst id="WASHng">122785.213333333</dst>
        </src>
        <src id="NYCMng">
            <dst id="ATLA-M5">369.722666666667</dst>
            <dst id="ATLAng">20253.312</dst>
            <dst id="CHINng">26671.9813333333</dst>
            <dst id="DNVRng">26748.056</dst>
            <dst id="HSTNng">7728.46933333333</dst>
            <dst id="IPLSng">31379.7226666667</dst>
            <dst id="KSCYng">4585.11466666667</dst>
            <dst id="LOSAng">10089.6453333333</dst>
            <dst id="NYCMng">79055.7813333333</dst>
            <dst id="SNVAng">49565.7546666667</dst>
            <dst id="STTLng">32420.2</dst>
            <dst id="WASHng">41782.9653333333</dst>
        </src>
        <src id="SNVAng">
            <dst id="ATLA-M5">0</dst>
            <dst id="ATLAng">684.213333333333</dst>
            <dst id="CHINng">148.370666666667</dst>
            <dst id="DNVRng">1819.90133333333</dst>
            <dst id="HSTNng">0</dst>
            <dst id="IPLSng">139.776</dst>
            <dst id="KSCYng">26.6666666666667</dst>
            <dst id="LOSAng">4218.86133333334</dst>
            <dst id="NYCMng">125.608</dst>
            <dst id="SNVAng">42430.3093333333</dst>
            <dst id="STTLng">34064.4986666667</dst>
            <dst id="WASHng">0</dst>
        </src>
        <src id="STTLng">
            <dst id="ATLA-M5">91.9226666666666</dst>
            <dst id="ATLAng">6506.56</dst>
            <dst id="CHINng">13050.3946666667</dst>
            <dst id="DNVRng">2721.528</dst>
            <dst id="HSTNng">3393.30933333333</dst>
            <dst id="IPLSng">16533.2293333333</dst>
            <dst id="KSCYng">2400.39466666667</dst>
            <dst id="LOSAng">5193.24533333333</dst>
            <dst id="NYCMng">14067.472</dst>
            <dst id="SNVAng">22601.9493333333</dst>
            <dst id="STTLng">1768.13066666667</dst>
            <dst id="WASHng">4314.63733333333</dst>
        </src>
        <src id="WASHng">
            <dst id="ATLA-M5">27.1733333333333</dst>
            <dst id="ATLAng">67981.3306666667</dst>
            <dst id="CHINng">85608.312</dst>
            <dst id="DNVRng">29767.432</dst>
            <dst id="HSTNng">32715.1866666667</dst>
            <dst id="IPLSng">17700.5653333333</dst>
            <dst id="KSCYng">29950.2613333333</dst>
            <dst id="LOSAng">75801.7653333333</dst>
            <dst id="NYCMng">144711.048</dst>
            <dst id="SNVAng">48120.6213333333</dst>
            <dst id="STTLng">40633.7546666667</dst>
            <dst id="WASHng">204599.298666667</dst>
        </src>
    </IntraTM>
</TrafficMatrixFile>
