<?xml version="1.0" encoding="ISO-8859-1" standalone="yes"?>
<TrafficMatrixFile xsi:noNamespaceSchemaLocation="http://totem.run.montefiore.ulg.ac.be/Schema/TrafficMatrix-v1_2.xsd" xmlns:xsi="http://www.w3.org/2001/XMLSchema-instance">
    <IntraTM ASID="11537">
        <src id="ATLA-M5">
            <dst id="ATLA-M5">0</dst>
            <dst id="ATLAng">48</dst>
            <dst id="CHINng">145.874666666667</dst>
            <dst id="DNVRng">0</dst>
            <dst id="HSTNng">31.984</dst>
            <dst id="IPLSng">0</dst>
            <dst id="KSCYng">0</dst>
            <dst id="LOSAng">48</dst>
            <dst id="NYCMng">60.8266666666667</dst>
            <dst id="SNVAng">30.3466666666667</dst>
            <dst id="STTLng">58.8586666666667</dst>
            <dst id="WASHng">324.008</dst>
        </src>
        <src id="ATLAng">
            <dst id="ATLA-M5">3500.65066666667</dst>
            <dst id="ATLAng">46557.5413333333</dst>
            <dst id="CHINng">4056.016</dst>
            <dst id="DNVRng">2529.84</dst>
            <dst id="HSTNng">849.037333333333</dst>
            <dst id="IPLSng">11976.896</dst>
            <dst id="KSCYng">267.922666666667</dst>
            <dst id="LOSAng">12437.5666666667</dst>
            <dst id="NYCMng">2548.016</dst>
            <dst id="SNVAng">1507.68933333333</dst>
            <dst id="STTLng">3705.28</dst>
            <dst id="WASHng">25712.3253333333</dst>
        </src>
        <src id="CHINng">
            <dst id="ATLA-M5">0</dst>
            <dst id="ATLAng">7722.35733333333</dst>
            <dst id="CHINng">32382.728</dst>
            <dst id="DNVRng">10761.8213333333</dst>
            <dst id="HSTNng">8128.152</dst>
            <dst id="IPLSng">12426.9146666667</dst>
            <dst id="KSCYng">19948.9013333333</dst>
            <dst id="LOSAng">28554.696</dst>
            <dst id="NYCMng">23026.0613333333</dst>
            <dst id="SNVAng">5310.81866666667</dst>
            <dst id="STTLng">5182.23466666667</dst>
            <dst id="WASHng">13188.384</dst>
        </src>
        <src id="DNVRng">
            <dst id="ATLA-M5">164.789333333333</dst>
            <dst id="ATLAng">3144.096</dst>
            <dst id="CHINng">39877.1253333333</dst>
            <dst id="DNVRng">18498.5733333333</dst>
            <dst id="HSTNng">22470.432</dst>
            <dst id="IPLSng">36804.64</dst>
            <dst id="KSCYng">24480.1973333333</dst>
            <dst id="LOSAng">7194.75466666667</dst>
            <dst id="NYCMng">17854.0213333333</dst>
            <dst id="SNVAng">7055.62666666667</dst>
            <dst id="STTLng">6016.63733333333</dst>
            <dst id="WASHng">47019.976</dst>
        </src>
        <src id="HSTNng">
            <dst id="ATLA-M5">576.426666666667</dst>
            <dst id="ATLAng">1125.73333333333</dst>
            <dst id="CHINng">8079.62666666667</dst>
            <dst id="DNVRng">2011.216</dst>
            <dst id="HSTNng">17649.7413333333</dst>
            <dst id="IPLSng">5377.928</dst>
            <dst id="KSCYng">1471.22933333333</dst>
            <dst id="LOSAng">1495.74666666667</dst>
            <dst id="NYCMng">2544.11466666667</dst>
            <dst id="SNVAng">80</dst>
            <dst id="STTLng">980.928</dst>
            <dst id="WASHng">3390.10933333333</dst>
        </src>
        <src id="IPLSng">
            <dst id="ATLA-M5">26.6666666666667</dst>
            <dst id="ATLAng">16507.4266666667</dst>
            <dst id="CHINng">22279.7413333333</dst>
            <dst id="DNVRng">5901.79733333333</dst>
            <dst id="HSTNng">2740.62666666667</dst>
            <dst id="IPLSng">31746.248</dst>
            <dst id="KSCYng">3840.048</dst>
            <dst id="LOSAng">10683.9386666667</dst>
            <dst id="NYCMng">5595.76</dst>
            <dst id="SNVAng">8119.74133333333</dst>
            <dst id="STTLng">7589.52533333333</dst>
            <dst id="WASHng">7549.90666666667</dst>
        </src>
        <src id="KSCYng">
            <dst id="ATLA-M5">0</dst>
            <dst id="ATLAng">3778.77333333333</dst>
            <dst id="CHINng">7026.416</dst>
            <dst id="DNVRng">13555.5093333333</dst>
            <dst id="HSTNng">8743.08</dst>
            <dst id="IPLSng">15024.3066666667</dst>
            <dst id="KSCYng">14780.7173333333</dst>
            <dst id="LOSAng">3137.14933333333</dst>
            <dst id="NYCMng">1011.376</dst>
            <dst id="SNVAng">2396.336</dst>
            <dst id="STTLng">1470.592</dst>
            <dst id="WASHng">9612.192</dst>
        </src>
        <src id="LOSAng">
            <dst id="ATLA-M5">0</dst>
            <dst id="ATLAng">37719.6586666666</dst>
            <dst id="CHINng">40398.104</dst>
            <dst id="DNVRng">6509.19466666667</dst>
            <dst id="HSTNng">2296.816</dst>
            <dst id="IPLSng">8185.52533333333</dst>
            <dst id="KSCYng">4887.496</dst>
            <dst id="LOSAng">13049.224</dst>
            <dst id="NYCMng">19427.776</dst>
            <dst id="SNVAng">21769.8426666667</dst>
            <dst id="STTLng">22906.104</dst>
            <dst id="WASHng">80625.1173333333</dst>
        </src>
        <src id="NYCMng">
            <dst id="ATLA-M5">282.069333333333</dst>
            <dst id="ATLAng">10970.0293333333</dst>
            <dst id="CHINng">17669.7573333333</dst>
            <dst id="DNVRng">21963.5866666667</dst>
            <dst id="HSTNng">2575.256</dst>
            <dst id="IPLSng">10994.72</dst>
            <dst id="KSCYng">6251.05066666667</dst>
            <dst id="LOSAng">55945.6</dst>
            <dst id="NYCMng">64001.5546666667</dst>
            <dst id="SNVAng">990.981333333333</dst>
            <dst id="STTLng">10829.0773333333</dst>
            <dst id="WASHng">30966.0693333333</dst>
        </src>
        <src id="SNVAng">
            <dst id="ATLA-M5">0</dst>
            <dst id="ATLAng">26.6666666666667</dst>
            <dst id="CHINng">80</dst>
            <dst id="DNVRng">805.778666666667</dst>
            <dst id="HSTNng">0</dst>
            <dst id="IPLSng">135.754666666667</dst>
            <dst id="KSCYng">26.6666666666667</dst>
            <dst id="LOSAng">29593.2453333333</dst>
            <dst id="NYCMng">416.981333333333</dst>
            <dst id="SNVAng">7105.096</dst>
            <dst id="STTLng">35650.0053333333</dst>
            <dst id="WASHng">26.6666666666667</dst>
        </src>
        <src id="STTLng">
            <dst id="ATLA-M5">80.0106666666667</dst>
            <dst id="ATLAng">5013.912</dst>
            <dst id="CHINng">8691.48</dst>
            <dst id="DNVRng">1900.54666666667</dst>
            <dst id="HSTNng">485.898666666667</dst>
            <dst id="IPLSng">4112.408</dst>
            <dst id="KSCYng">3076.91466666667</dst>
            <dst id="LOSAng">8996.12533333333</dst>
            <dst id="NYCMng">10862.2426666667</dst>
            <dst id="SNVAng">9717.68533333333</dst>
            <dst id="STTLng">2212.14933333333</dst>
            <dst id="WASHng">3908.752</dst>
        </src>
        <src id="WASHng">
            <dst id="ATLA-M5">492.949333333333</dst>
            <dst id="ATLAng">52774.8986666667</dst>
            <dst id="CHINng">55445.232</dst>
            <dst id="DNVRng">63299</dst>
            <dst id="HSTNng">22449.8026666667</dst>
            <dst id="IPLSng">61564.264</dst>
            <dst id="KSCYng">30619.4293333333</dst>
            <dst id="LOSAng">110454.096</dst>
            <dst id="NYCMng">129239.434666667</dst>
            <dst id="SNVAng">7115.296</dst>
            <dst id="STTLng">50366.7706666667</dst>
            <dst id="WASHng">173486.861333333</dst>
        </src>
    </IntraTM>
</TrafficMatrixFile>
