<?xml version="1.0" encoding="ISO-8859-1" standalone="yes"?>
<TrafficMatrixFile xsi:noNamespaceSchemaLocation="http://totem.run.montefiore.ulg.ac.be/Schema/TrafficMatrix-v1_2.xsd" xmlns:xsi="http://www.w3.org/2001/XMLSchema-instance">
    <IntraTM ASID="11537">
        <src id="ATLA-M5">
            <dst id="ATLA-M5">0</dst>
            <dst id="ATLAng">26.6666666666667</dst>
            <dst id="CHINng">46.112</dst>
            <dst id="DNVRng">2340.53333333333</dst>
            <dst id="HSTNng">53.3333333333333</dst>
            <dst id="IPLSng">0</dst>
            <dst id="KSCYng">26.6666666666667</dst>
            <dst id="LOSAng">157.002666666667</dst>
            <dst id="NYCMng">31.8133333333333</dst>
            <dst id="SNVAng">0</dst>
            <dst id="STTLng">54.9066666666667</dst>
            <dst id="WASHng">26.6666666666667</dst>
        </src>
        <src id="ATLAng">
            <dst id="ATLA-M5">33.0533333333333</dst>
            <dst id="ATLAng">40811.2613333333</dst>
            <dst id="CHINng">5100.41066666667</dst>
            <dst id="DNVRng">3272.98133333333</dst>
            <dst id="HSTNng">884.133333333333</dst>
            <dst id="IPLSng">20062.4106666667</dst>
            <dst id="KSCYng">312.306666666667</dst>
            <dst id="LOSAng">13603.356</dst>
            <dst id="NYCMng">5845.11466666667</dst>
            <dst id="SNVAng">1549.836</dst>
            <dst id="STTLng">4111.34933333333</dst>
            <dst id="WASHng">28687.8053333333</dst>
        </src>
        <src id="CHINng">
            <dst id="ATLA-M5">0</dst>
            <dst id="ATLAng">5640.36266666667</dst>
            <dst id="CHINng">52563.0373333333</dst>
            <dst id="DNVRng">5939.12533333333</dst>
            <dst id="HSTNng">14466.5893333333</dst>
            <dst id="IPLSng">13827.792</dst>
            <dst id="KSCYng">4748.52266666667</dst>
            <dst id="LOSAng">32196.0533333333</dst>
            <dst id="NYCMng">24592.344</dst>
            <dst id="SNVAng">2627.31466666667</dst>
            <dst id="STTLng">4260.224</dst>
            <dst id="WASHng">20411.9253333333</dst>
        </src>
        <src id="DNVRng">
            <dst id="ATLA-M5">306.688</dst>
            <dst id="ATLAng">2624.696</dst>
            <dst id="CHINng">35783.048</dst>
            <dst id="DNVRng">11696.0853333333</dst>
            <dst id="HSTNng">24135.4586666667</dst>
            <dst id="IPLSng">32007.624</dst>
            <dst id="KSCYng">18843.0106666667</dst>
            <dst id="LOSAng">11062.3813333333</dst>
            <dst id="NYCMng">16151.6373333333</dst>
            <dst id="SNVAng">6608.25866666667</dst>
            <dst id="STTLng">4498.02666666667</dst>
            <dst id="WASHng">41572.8773333333</dst>
        </src>
        <src id="HSTNng">
            <dst id="ATLA-M5">152.266666666667</dst>
            <dst id="ATLAng">10132.6346666667</dst>
            <dst id="CHINng">7596.17333333333</dst>
            <dst id="DNVRng">1570.792</dst>
            <dst id="HSTNng">17481.2293333333</dst>
            <dst id="IPLSng">1195.47466666667</dst>
            <dst id="KSCYng">624.784</dst>
            <dst id="LOSAng">2205.33333333333</dst>
            <dst id="NYCMng">1863.02133333333</dst>
            <dst id="SNVAng">26.6666666666667</dst>
            <dst id="STTLng">572.893333333333</dst>
            <dst id="WASHng">3270.33066666667</dst>
        </src>
        <src id="IPLSng">
            <dst id="ATLA-M5">0</dst>
            <dst id="ATLAng">8065.056</dst>
            <dst id="CHINng">47268.3306666667</dst>
            <dst id="DNVRng">9296.92533333333</dst>
            <dst id="HSTNng">6447.54933333333</dst>
            <dst id="IPLSng">11054.6586666667</dst>
            <dst id="KSCYng">2037.75466666667</dst>
            <dst id="LOSAng">19028.176</dst>
            <dst id="NYCMng">6731.048</dst>
            <dst id="SNVAng">6406.43466666667</dst>
            <dst id="STTLng">3619.94133333333</dst>
            <dst id="WASHng">6879.53066666667</dst>
        </src>
        <src id="KSCYng">
            <dst id="ATLA-M5">0</dst>
            <dst id="ATLAng">2468.58666666667</dst>
            <dst id="CHINng">6347.50933333333</dst>
            <dst id="DNVRng">4930.70133333333</dst>
            <dst id="HSTNng">4192.168</dst>
            <dst id="IPLSng">10951.864</dst>
            <dst id="KSCYng">8614.63733333333</dst>
            <dst id="LOSAng">3975.01066666667</dst>
            <dst id="NYCMng">1537.52533333333</dst>
            <dst id="SNVAng">2112.52533333333</dst>
            <dst id="STTLng">6729.616</dst>
            <dst id="WASHng">9354.304</dst>
        </src>
        <src id="LOSAng">
            <dst id="ATLA-M5">0</dst>
            <dst id="ATLAng">24232.1386666667</dst>
            <dst id="CHINng">37176.2853333333</dst>
            <dst id="DNVRng">5902.33866666667</dst>
            <dst id="HSTNng">4417.616</dst>
            <dst id="IPLSng">6887.63733333333</dst>
            <dst id="KSCYng">3243.40266666667</dst>
            <dst id="LOSAng">7531.68533333333</dst>
            <dst id="NYCMng">23521.5013333333</dst>
            <dst id="SNVAng">23584.2346666667</dst>
            <dst id="STTLng">19635.6186666667</dst>
            <dst id="WASHng">93582.2613333333</dst>
        </src>
        <src id="NYCMng">
            <dst id="ATLA-M5">0</dst>
            <dst id="ATLAng">5960.864</dst>
            <dst id="CHINng">23096.7093333333</dst>
            <dst id="DNVRng">21519.5466666667</dst>
            <dst id="HSTNng">1416.2</dst>
            <dst id="IPLSng">6082.04533333333</dst>
            <dst id="KSCYng">5560.82933333333</dst>
            <dst id="LOSAng">49399.112</dst>
            <dst id="NYCMng">54796.8906666667</dst>
            <dst id="SNVAng">3219.26933333333</dst>
            <dst id="STTLng">13274.5253333333</dst>
            <dst id="WASHng">49646.3466666667</dst>
        </src>
        <src id="SNVAng">
            <dst id="ATLA-M5">0</dst>
            <dst id="ATLAng">53.3333333333333</dst>
            <dst id="CHINng">26.6666666666667</dst>
            <dst id="DNVRng">508.266666666667</dst>
            <dst id="HSTNng">0</dst>
            <dst id="IPLSng">8974.49333333333</dst>
            <dst id="KSCYng">0</dst>
            <dst id="LOSAng">31829.296</dst>
            <dst id="NYCMng">53.3333333333333</dst>
            <dst id="SNVAng">7389.608</dst>
            <dst id="STTLng">35914.8773333333</dst>
            <dst id="WASHng">75.424</dst>
        </src>
        <src id="STTLng">
            <dst id="ATLA-M5">115.010666666667</dst>
            <dst id="ATLAng">6408.69066666667</dst>
            <dst id="CHINng">9806.46933333333</dst>
            <dst id="DNVRng">1225.67733333333</dst>
            <dst id="HSTNng">1134.19466666667</dst>
            <dst id="IPLSng">3875.792</dst>
            <dst id="KSCYng">978.749333333333</dst>
            <dst id="LOSAng">8028.384</dst>
            <dst id="NYCMng">8558.78133333333</dst>
            <dst id="SNVAng">10000.4453333333</dst>
            <dst id="STTLng">1786.928</dst>
            <dst id="WASHng">4092.11733333333</dst>
        </src>
        <src id="WASHng">
            <dst id="ATLA-M5">404.888</dst>
            <dst id="ATLAng">75864.3573333333</dst>
            <dst id="CHINng">63809.0586666667</dst>
            <dst id="DNVRng">50185.0773333333</dst>
            <dst id="HSTNng">20038.4826666667</dst>
            <dst id="IPLSng">83395.48</dst>
            <dst id="KSCYng">31365.696</dst>
            <dst id="LOSAng">99029.872</dst>
            <dst id="NYCMng">168742.384</dst>
            <dst id="SNVAng">5013.60533333333</dst>
            <dst id="STTLng">18842.7546666667</dst>
            <dst id="WASHng">168037.906666667</dst>
        </src>
    </IntraTM>
</TrafficMatrixFile>
