<?xml version="1.0" encoding="ISO-8859-1" standalone="yes"?>
<TrafficMatrixFile xsi:noNamespaceSchemaLocation="http://totem.run.montefiore.ulg.ac.be/Schema/TrafficMatrix-v1_2.xsd" xmlns:xsi="http://www.w3.org/2001/XMLSchema-instance">
    <IntraTM ASID="11537">
        <src id="ATLA-M5">
            <dst id="ATLA-M5">0</dst>
            <dst id="ATLAng">0</dst>
            <dst id="CHINng">456.077333333333</dst>
            <dst id="DNVRng">37.4106666666667</dst>
            <dst id="HSTNng">63.7493333333333</dst>
            <dst id="IPLSng">171.512</dst>
            <dst id="KSCYng">0</dst>
            <dst id="LOSAng">53.3333333333333</dst>
            <dst id="NYCMng">53.3333333333333</dst>
            <dst id="SNVAng">0</dst>
            <dst id="STTLng">0</dst>
            <dst id="WASHng">281.76</dst>
        </src>
        <src id="ATLAng">
            <dst id="ATLA-M5">109.533333333333</dst>
            <dst id="ATLAng">49093.6186666667</dst>
            <dst id="CHINng">11422.68</dst>
            <dst id="DNVRng">2749.57866666667</dst>
            <dst id="HSTNng">20934.2453333333</dst>
            <dst id="IPLSng">20873.232</dst>
            <dst id="KSCYng">562.282666666667</dst>
            <dst id="LOSAng">10304.48</dst>
            <dst id="NYCMng">2606.58666666667</dst>
            <dst id="SNVAng">40</dst>
            <dst id="STTLng">3714.832</dst>
            <dst id="WASHng">27386.208</dst>
        </src>
        <src id="CHINng">
            <dst id="ATLA-M5">556.906666666667</dst>
            <dst id="ATLAng">16455.776</dst>
            <dst id="CHINng">109541.885333333</dst>
            <dst id="DNVRng">7417.49066666667</dst>
            <dst id="HSTNng">10215.912</dst>
            <dst id="IPLSng">34859.1093333333</dst>
            <dst id="KSCYng">8088.77333333333</dst>
            <dst id="LOSAng">33728.44</dst>
            <dst id="NYCMng">8208.64</dst>
            <dst id="SNVAng">2870.71733333333</dst>
            <dst id="STTLng">7643.81066666667</dst>
            <dst id="WASHng">23241.528</dst>
        </src>
        <src id="DNVRng">
            <dst id="ATLA-M5">249.546666666667</dst>
            <dst id="ATLAng">4189.064</dst>
            <dst id="CHINng">67473.5013333333</dst>
            <dst id="DNVRng">12767.896</dst>
            <dst id="HSTNng">21975.2506666667</dst>
            <dst id="IPLSng">25079.8666666667</dst>
            <dst id="KSCYng">17998.0933333333</dst>
            <dst id="LOSAng">27303.5386666667</dst>
            <dst id="NYCMng">15273.7573333333</dst>
            <dst id="SNVAng">8086.53866666667</dst>
            <dst id="STTLng">3705.36</dst>
            <dst id="WASHng">44814.9733333333</dst>
        </src>
        <src id="HSTNng">
            <dst id="ATLA-M5">177.909333333333</dst>
            <dst id="ATLAng">2760.24533333333</dst>
            <dst id="CHINng">13532.5733333333</dst>
            <dst id="DNVRng">2180.86666666667</dst>
            <dst id="HSTNng">15105.2746666667</dst>
            <dst id="IPLSng">1695.71733333333</dst>
            <dst id="KSCYng">1750.24266666667</dst>
            <dst id="LOSAng">10501.456</dst>
            <dst id="NYCMng">4073.896</dst>
            <dst id="SNVAng">53.3333333333333</dst>
            <dst id="STTLng">634.357333333333</dst>
            <dst id="WASHng">6464.62133333333</dst>
        </src>
        <src id="IPLSng">
            <dst id="ATLA-M5">2195.76266666667</dst>
            <dst id="ATLAng">6791.41066666667</dst>
            <dst id="CHINng">63216.4</dst>
            <dst id="DNVRng">10134.48</dst>
            <dst id="HSTNng">1164.08266666667</dst>
            <dst id="IPLSng">14746.8613333333</dst>
            <dst id="KSCYng">12732.5813333333</dst>
            <dst id="LOSAng">11619.7546666667</dst>
            <dst id="NYCMng">21077.9306666667</dst>
            <dst id="SNVAng">2098.64533333333</dst>
            <dst id="STTLng">14080.9733333333</dst>
            <dst id="WASHng">22552.3866666667</dst>
        </src>
        <src id="KSCYng">
            <dst id="ATLA-M5">0</dst>
            <dst id="ATLAng">6524.08266666667</dst>
            <dst id="CHINng">11960.2533333333</dst>
            <dst id="DNVRng">12690.7573333333</dst>
            <dst id="HSTNng">5486.77066666667</dst>
            <dst id="IPLSng">11164.3093333333</dst>
            <dst id="KSCYng">7798.33333333333</dst>
            <dst id="LOSAng">3423.38133333333</dst>
            <dst id="NYCMng">3269.68</dst>
            <dst id="SNVAng">2310.93333333333</dst>
            <dst id="STTLng">1234.69866666667</dst>
            <dst id="WASHng">11210.904</dst>
        </src>
        <src id="LOSAng">
            <dst id="ATLA-M5">85.408</dst>
            <dst id="ATLAng">54396.872</dst>
            <dst id="CHINng">62457.0453333333</dst>
            <dst id="DNVRng">6872.76533333333</dst>
            <dst id="HSTNng">2658.99733333333</dst>
            <dst id="IPLSng">12838.4453333333</dst>
            <dst id="KSCYng">2350.93066666667</dst>
            <dst id="LOSAng">6854.21866666667</dst>
            <dst id="NYCMng">44699.7013333333</dst>
            <dst id="SNVAng">20457</dst>
            <dst id="STTLng">19885.3066666667</dst>
            <dst id="WASHng">91561.952</dst>
        </src>
        <src id="NYCMng">
            <dst id="ATLA-M5">6958.84</dst>
            <dst id="ATLAng">19990.0933333333</dst>
            <dst id="CHINng">16647.08</dst>
            <dst id="DNVRng">22697.48</dst>
            <dst id="HSTNng">11878.6773333333</dst>
            <dst id="IPLSng">36736.912</dst>
            <dst id="KSCYng">8347.54666666667</dst>
            <dst id="LOSAng">65785.424</dst>
            <dst id="NYCMng">127174.834666667</dst>
            <dst id="SNVAng">2807.768</dst>
            <dst id="STTLng">28956.56</dst>
            <dst id="WASHng">43702.952</dst>
        </src>
        <src id="SNVAng">
            <dst id="ATLA-M5">0</dst>
            <dst id="ATLAng">26.6666666666667</dst>
            <dst id="CHINng">104.608</dst>
            <dst id="DNVRng">581.176</dst>
            <dst id="HSTNng">0</dst>
            <dst id="IPLSng">9451.16</dst>
            <dst id="KSCYng">0</dst>
            <dst id="LOSAng">29433.3146666667</dst>
            <dst id="NYCMng">53.3333333333333</dst>
            <dst id="SNVAng">6942.73066666667</dst>
            <dst id="STTLng">35344.216</dst>
            <dst id="WASHng">0</dst>
        </src>
        <src id="STTLng">
            <dst id="ATLA-M5">0</dst>
            <dst id="ATLAng">14131.9866666667</dst>
            <dst id="CHINng">14337.3946666667</dst>
            <dst id="DNVRng">2355.46133333333</dst>
            <dst id="HSTNng">1977.99733333333</dst>
            <dst id="IPLSng">12298.36</dst>
            <dst id="KSCYng">1994.32</dst>
            <dst id="LOSAng">14492.9253333333</dst>
            <dst id="NYCMng">12525.0613333333</dst>
            <dst id="SNVAng">7021.05333333333</dst>
            <dst id="STTLng">1030.87466666667</dst>
            <dst id="WASHng">11184.9893333333</dst>
        </src>
        <src id="WASHng">
            <dst id="ATLA-M5">319.933333333333</dst>
            <dst id="ATLAng">220887.248</dst>
            <dst id="CHINng">64205.3386666667</dst>
            <dst id="DNVRng">50760.3333333333</dst>
            <dst id="HSTNng">19114.68</dst>
            <dst id="IPLSng">61405.08</dst>
            <dst id="KSCYng">35865.6106666667</dst>
            <dst id="LOSAng">95757.4346666667</dst>
            <dst id="NYCMng">128513.968</dst>
            <dst id="SNVAng">4815.70933333333</dst>
            <dst id="STTLng">21285.2826666667</dst>
            <dst id="WASHng">203236.984</dst>
        </src>
    </IntraTM>
</TrafficMatrixFile>
