<?xml version="1.0" encoding="ISO-8859-1" standalone="yes"?>
<TrafficMatrixFile xsi:noNamespaceSchemaLocation="http://totem.run.montefiore.ulg.ac.be/Schema/TrafficMatrix-v1_2.xsd" xmlns:xsi="http://www.w3.org/2001/XMLSchema-instance">
    <IntraTM ASID="11537">
        <src id="ATLA-M5">
            <dst id="ATLA-M5">193.538666666667</dst>
            <dst id="ATLAng">149.48</dst>
            <dst id="CHINng">106.666666666667</dst>
            <dst id="DNVRng">26.6666666666667</dst>
            <dst id="HSTNng">94.4613333333333</dst>
            <dst id="IPLSng">73.664</dst>
            <dst id="KSCYng">63.064</dst>
            <dst id="LOSAng">98</dst>
            <dst id="NYCMng">80</dst>
            <dst id="SNVAng">44.6666666666667</dst>
            <dst id="STTLng">0</dst>
            <dst id="WASHng">365.818666666667</dst>
        </src>
        <src id="ATLAng">
            <dst id="ATLA-M5">472.826666666667</dst>
            <dst id="ATLAng">47802.8426666666</dst>
            <dst id="CHINng">15126.9173333333</dst>
            <dst id="DNVRng">4571.78666666667</dst>
            <dst id="HSTNng">39852.6773333333</dst>
            <dst id="IPLSng">16410.0266666667</dst>
            <dst id="KSCYng">4444.848</dst>
            <dst id="LOSAng">8813.72266666667</dst>
            <dst id="NYCMng">17953.696</dst>
            <dst id="SNVAng">11269.344</dst>
            <dst id="STTLng">5554.69066666667</dst>
            <dst id="WASHng">53605.208</dst>
        </src>
        <src id="CHINng">
            <dst id="ATLA-M5">400.133333333333</dst>
            <dst id="ATLAng">23234.808</dst>
            <dst id="CHINng">114981.632</dst>
            <dst id="DNVRng">17331.5066666667</dst>
            <dst id="HSTNng">13885.2586666667</dst>
            <dst id="IPLSng">34252.3146666667</dst>
            <dst id="KSCYng">13523.1226666667</dst>
            <dst id="LOSAng">17727.3066666667</dst>
            <dst id="NYCMng">18650.936</dst>
            <dst id="SNVAng">20846.768</dst>
            <dst id="STTLng">18657.936</dst>
            <dst id="WASHng">26619.28</dst>
        </src>
        <src id="DNVRng">
            <dst id="ATLA-M5">110.712</dst>
            <dst id="ATLAng">7097.512</dst>
            <dst id="CHINng">65416.3626666667</dst>
            <dst id="DNVRng">8337.09866666666</dst>
            <dst id="HSTNng">31249.368</dst>
            <dst id="IPLSng">34141.9146666667</dst>
            <dst id="KSCYng">26340.7546666667</dst>
            <dst id="LOSAng">999.573333333333</dst>
            <dst id="NYCMng">17976.632</dst>
            <dst id="SNVAng">48064.8933333333</dst>
            <dst id="STTLng">36508.072</dst>
            <dst id="WASHng">59075.7226666667</dst>
        </src>
        <src id="HSTNng">
            <dst id="ATLA-M5">2116.29066666667</dst>
            <dst id="ATLAng">3969.73333333333</dst>
            <dst id="CHINng">18806.144</dst>
            <dst id="DNVRng">2763.84</dst>
            <dst id="HSTNng">12889.576</dst>
            <dst id="IPLSng">7560.552</dst>
            <dst id="KSCYng">2096.65866666667</dst>
            <dst id="LOSAng">3789.04</dst>
            <dst id="NYCMng">5086.25333333333</dst>
            <dst id="SNVAng">460.658666666667</dst>
            <dst id="STTLng">1521.81066666667</dst>
            <dst id="WASHng">5151.85066666667</dst>
        </src>
        <src id="IPLSng">
            <dst id="ATLA-M5">156.576</dst>
            <dst id="ATLAng">25630.6586666667</dst>
            <dst id="CHINng">64610.68</dst>
            <dst id="DNVRng">25459.0586666667</dst>
            <dst id="HSTNng">6567.18666666667</dst>
            <dst id="IPLSng">28113.4426666667</dst>
            <dst id="KSCYng">4007.39733333333</dst>
            <dst id="LOSAng">4703.64</dst>
            <dst id="NYCMng">32319.4773333333</dst>
            <dst id="SNVAng">11794.7733333333</dst>
            <dst id="STTLng">16127.304</dst>
            <dst id="WASHng">48484.472</dst>
        </src>
        <src id="KSCYng">
            <dst id="ATLA-M5">35.7973333333333</dst>
            <dst id="ATLAng">5858.46666666667</dst>
            <dst id="CHINng">15744.3573333333</dst>
            <dst id="DNVRng">14786.2</dst>
            <dst id="HSTNng">6498.04266666667</dst>
            <dst id="IPLSng">13291.2106666667</dst>
            <dst id="KSCYng">11729.464</dst>
            <dst id="LOSAng">407.250666666667</dst>
            <dst id="NYCMng">3128.21066666667</dst>
            <dst id="SNVAng">10582.2026666667</dst>
            <dst id="STTLng">6614.86133333333</dst>
            <dst id="WASHng">8356.2</dst>
        </src>
        <src id="LOSAng">
            <dst id="ATLA-M5">108.517333333333</dst>
            <dst id="ATLAng">30924.968</dst>
            <dst id="CHINng">87111.592</dst>
            <dst id="DNVRng">11720.768</dst>
            <dst id="HSTNng">25352.7226666667</dst>
            <dst id="IPLSng">24380.624</dst>
            <dst id="KSCYng">2927.92</dst>
            <dst id="LOSAng">15991.6693333333</dst>
            <dst id="NYCMng">49754.9146666667</dst>
            <dst id="SNVAng">28585.1226666667</dst>
            <dst id="STTLng">24619.0906666667</dst>
            <dst id="WASHng">104147.077333333</dst>
        </src>
        <src id="NYCMng">
            <dst id="ATLA-M5">581.576</dst>
            <dst id="ATLAng">35175.464</dst>
            <dst id="CHINng">46302.2773333333</dst>
            <dst id="DNVRng">33834.3386666667</dst>
            <dst id="HSTNng">16730.536</dst>
            <dst id="IPLSng">26631.8826666667</dst>
            <dst id="KSCYng">6523.30133333333</dst>
            <dst id="LOSAng">10988.1146666667</dst>
            <dst id="NYCMng">150752.896</dst>
            <dst id="SNVAng">62420.9013333333</dst>
            <dst id="STTLng">16059.032</dst>
            <dst id="WASHng">95840.488</dst>
        </src>
        <src id="SNVAng">
            <dst id="ATLA-M5">0</dst>
            <dst id="ATLAng">700.970666666667</dst>
            <dst id="CHINng">114.402666666667</dst>
            <dst id="DNVRng">5691.09066666667</dst>
            <dst id="HSTNng">562.173333333333</dst>
            <dst id="IPLSng">964.818666666667</dst>
            <dst id="KSCYng">781.008</dst>
            <dst id="LOSAng">3120.27466666667</dst>
            <dst id="NYCMng">86.5786666666666</dst>
            <dst id="SNVAng">50072.864</dst>
            <dst id="STTLng">37827.7093333333</dst>
            <dst id="WASHng">1632.55733333333</dst>
        </src>
        <src id="STTLng">
            <dst id="ATLA-M5">0</dst>
            <dst id="ATLAng">10993.032</dst>
            <dst id="CHINng">35008.1733333333</dst>
            <dst id="DNVRng">9058.904</dst>
            <dst id="HSTNng">7674.83733333333</dst>
            <dst id="IPLSng">12795.0773333333</dst>
            <dst id="KSCYng">5657.32266666667</dst>
            <dst id="LOSAng">2692.312</dst>
            <dst id="NYCMng">18759.816</dst>
            <dst id="SNVAng">18365.5946666667</dst>
            <dst id="STTLng">4470.53066666667</dst>
            <dst id="WASHng">23417.3466666667</dst>
        </src>
        <src id="WASHng">
            <dst id="ATLA-M5">1335.94133333333</dst>
            <dst id="ATLAng">127808.653333333</dst>
            <dst id="CHINng">121547.101333333</dst>
            <dst id="DNVRng">51397.0826666667</dst>
            <dst id="HSTNng">17377.5973333333</dst>
            <dst id="IPLSng">39314.7706666667</dst>
            <dst id="KSCYng">15150.6613333333</dst>
            <dst id="LOSAng">66163.9013333333</dst>
            <dst id="NYCMng">189019.704</dst>
            <dst id="SNVAng">46872.9893333333</dst>
            <dst id="STTLng">24646.096</dst>
            <dst id="WASHng">260715.088</dst>
        </src>
    </IntraTM>
</TrafficMatrixFile>
