<?xml version="1.0" encoding="ISO-8859-1" standalone="yes"?>
<TrafficMatrixFile xsi:noNamespaceSchemaLocation="http://totem.run.montefiore.ulg.ac.be/Schema/TrafficMatrix-v1_2.xsd" xmlns:xsi="http://www.w3.org/2001/XMLSchema-instance">
    <IntraTM ASID="11537">
        <src id="ATLA-M5">
            <dst id="ATLA-M5">0</dst>
            <dst id="ATLAng">50.24</dst>
            <dst id="CHINng">59.648</dst>
            <dst id="DNVRng">0</dst>
            <dst id="HSTNng">92.1573333333333</dst>
            <dst id="IPLSng">0</dst>
            <dst id="KSCYng">0</dst>
            <dst id="LOSAng">0</dst>
            <dst id="NYCMng">53.8933333333333</dst>
            <dst id="SNVAng">0</dst>
            <dst id="STTLng">58.1066666666667</dst>
            <dst id="WASHng">239.632</dst>
        </src>
        <src id="ATLAng">
            <dst id="ATLA-M5">3255.48266666667</dst>
            <dst id="ATLAng">26529.272</dst>
            <dst id="CHINng">4921.264</dst>
            <dst id="DNVRng">2259.96266666667</dst>
            <dst id="HSTNng">804.781333333333</dst>
            <dst id="IPLSng">12760.4133333333</dst>
            <dst id="KSCYng">253.904</dst>
            <dst id="LOSAng">12442.588</dst>
            <dst id="NYCMng">1604.15466666667</dst>
            <dst id="SNVAng">1474.908</dst>
            <dst id="STTLng">3752.81333333333</dst>
            <dst id="WASHng">27410.8853333333</dst>
        </src>
        <src id="CHINng">
            <dst id="ATLA-M5">0</dst>
            <dst id="ATLAng">6463.664</dst>
            <dst id="CHINng">32957.5173333333</dst>
            <dst id="DNVRng">5673.45333333333</dst>
            <dst id="HSTNng">6057.55733333333</dst>
            <dst id="IPLSng">10533.4506666667</dst>
            <dst id="KSCYng">18050.9493333333</dst>
            <dst id="LOSAng">28469.68</dst>
            <dst id="NYCMng">21786.2586666667</dst>
            <dst id="SNVAng">2967.12533333333</dst>
            <dst id="STTLng">4317.312</dst>
            <dst id="WASHng">11186.064</dst>
        </src>
        <src id="DNVRng">
            <dst id="ATLA-M5">62.88</dst>
            <dst id="ATLAng">3413.41066666667</dst>
            <dst id="CHINng">31699.8533333333</dst>
            <dst id="DNVRng">9787.016</dst>
            <dst id="HSTNng">18244.3253333333</dst>
            <dst id="IPLSng">35414.232</dst>
            <dst id="KSCYng">15755.064</dst>
            <dst id="LOSAng">12024.1866666667</dst>
            <dst id="NYCMng">14915.2853333333</dst>
            <dst id="SNVAng">4614.992</dst>
            <dst id="STTLng">3575.19466666667</dst>
            <dst id="WASHng">44767.7466666667</dst>
        </src>
        <src id="HSTNng">
            <dst id="ATLA-M5">4655.10933333333</dst>
            <dst id="ATLAng">1226.84</dst>
            <dst id="CHINng">5411.37333333333</dst>
            <dst id="DNVRng">1255.048</dst>
            <dst id="HSTNng">14955.3626666667</dst>
            <dst id="IPLSng">4965.37066666666</dst>
            <dst id="KSCYng">1082.90933333333</dst>
            <dst id="LOSAng">1738.09333333333</dst>
            <dst id="NYCMng">1231.31466666667</dst>
            <dst id="SNVAng">26.6666666666667</dst>
            <dst id="STTLng">798.301333333333</dst>
            <dst id="WASHng">1701.12533333333</dst>
        </src>
        <src id="IPLSng">
            <dst id="ATLA-M5">0</dst>
            <dst id="ATLAng">10685.8</dst>
            <dst id="CHINng">19183.016</dst>
            <dst id="DNVRng">5986.352</dst>
            <dst id="HSTNng">2514.95733333333</dst>
            <dst id="IPLSng">24979.1573333333</dst>
            <dst id="KSCYng">1205.97066666667</dst>
            <dst id="LOSAng">10832.7226666667</dst>
            <dst id="NYCMng">5901.352</dst>
            <dst id="SNVAng">7969.16266666667</dst>
            <dst id="STTLng">6634.376</dst>
            <dst id="WASHng">9072.34133333333</dst>
        </src>
        <src id="KSCYng">
            <dst id="ATLA-M5">0</dst>
            <dst id="ATLAng">3801.82666666667</dst>
            <dst id="CHINng">6318.84533333333</dst>
            <dst id="DNVRng">13639.4853333333</dst>
            <dst id="HSTNng">13039.7813333333</dst>
            <dst id="IPLSng">10666.6266666667</dst>
            <dst id="KSCYng">5959.67733333333</dst>
            <dst id="LOSAng">3232.66666666667</dst>
            <dst id="NYCMng">1015.84</dst>
            <dst id="SNVAng">2641.96533333333</dst>
            <dst id="STTLng">1458.39466666667</dst>
            <dst id="WASHng">9530.05866666667</dst>
        </src>
        <src id="LOSAng">
            <dst id="ATLA-M5">53.3333333333333</dst>
            <dst id="ATLAng">10433.72</dst>
            <dst id="CHINng">39750.7173333333</dst>
            <dst id="DNVRng">11729.0133333333</dst>
            <dst id="HSTNng">2222.95466666667</dst>
            <dst id="IPLSng">8492.00533333333</dst>
            <dst id="KSCYng">3679.39466666667</dst>
            <dst id="LOSAng">13625.3333333333</dst>
            <dst id="NYCMng">17994.784</dst>
            <dst id="SNVAng">22419.2426666667</dst>
            <dst id="STTLng">20706.864</dst>
            <dst id="WASHng">86415.4853333333</dst>
        </src>
        <src id="NYCMng">
            <dst id="ATLA-M5">256.517333333333</dst>
            <dst id="ATLAng">7949.58133333333</dst>
            <dst id="CHINng">19466.1866666667</dst>
            <dst id="DNVRng">21481.2186666667</dst>
            <dst id="HSTNng">2984.36</dst>
            <dst id="IPLSng">8983.70666666667</dst>
            <dst id="KSCYng">6000.36</dst>
            <dst id="LOSAng">50051.4506666667</dst>
            <dst id="NYCMng">63416.52</dst>
            <dst id="SNVAng">987.570666666667</dst>
            <dst id="STTLng">8097.02666666667</dst>
            <dst id="WASHng">29406.7386666667</dst>
        </src>
        <src id="SNVAng">
            <dst id="ATLA-M5">0</dst>
            <dst id="ATLAng">58.7306666666667</dst>
            <dst id="CHINng">26.6666666666667</dst>
            <dst id="DNVRng">348.8</dst>
            <dst id="HSTNng">0</dst>
            <dst id="IPLSng">158.672</dst>
            <dst id="KSCYng">26.6666666666667</dst>
            <dst id="LOSAng">31377.2213333333</dst>
            <dst id="NYCMng">421.344</dst>
            <dst id="SNVAng">7788.05333333333</dst>
            <dst id="STTLng">36890.024</dst>
            <dst id="WASHng">0</dst>
        </src>
        <src id="STTLng">
            <dst id="ATLA-M5">99.5413333333333</dst>
            <dst id="ATLAng">5388.78666666667</dst>
            <dst id="CHINng">7549.42666666667</dst>
            <dst id="DNVRng">1804.00266666667</dst>
            <dst id="HSTNng">429.096</dst>
            <dst id="IPLSng">4147.73866666667</dst>
            <dst id="KSCYng">2609.77066666667</dst>
            <dst id="LOSAng">8311.52</dst>
            <dst id="NYCMng">9042.87733333333</dst>
            <dst id="SNVAng">9455.36266666667</dst>
            <dst id="STTLng">1113.18933333333</dst>
            <dst id="WASHng">3576.92533333333</dst>
        </src>
        <src id="WASHng">
            <dst id="ATLA-M5">313.706666666667</dst>
            <dst id="ATLAng">66265.576</dst>
            <dst id="CHINng">47369.5573333333</dst>
            <dst id="DNVRng">52190.6373333333</dst>
            <dst id="HSTNng">27377.448</dst>
            <dst id="IPLSng">44555.7146666667</dst>
            <dst id="KSCYng">34095.3066666667</dst>
            <dst id="LOSAng">114058.754666667</dst>
            <dst id="NYCMng">111648.701333333</dst>
            <dst id="SNVAng">5655.73866666667</dst>
            <dst id="STTLng">47079.8</dst>
            <dst id="WASHng">160345.696</dst>
        </src>
    </IntraTM>
</TrafficMatrixFile>
