<?xml version="1.0" encoding="ISO-8859-1" standalone="yes"?>
<TrafficMatrixFile xsi:noNamespaceSchemaLocation="http://totem.run.montefiore.ulg.ac.be/Schema/TrafficMatrix-v1_2.xsd" xmlns:xsi="http://www.w3.org/2001/XMLSchema-instance">
    <IntraTM ASID="11537">
        <src id="ATLA-M5">
            <dst id="ATLA-M5">0</dst>
            <dst id="ATLAng">33.5786666666667</dst>
            <dst id="CHINng">181.392</dst>
            <dst id="DNVRng">146.997333333333</dst>
            <dst id="HSTNng">61.6053333333333</dst>
            <dst id="IPLSng">67.1226666666667</dst>
            <dst id="KSCYng">0</dst>
            <dst id="LOSAng">181.24</dst>
            <dst id="NYCMng">201.682666666667</dst>
            <dst id="SNVAng">0</dst>
            <dst id="STTLng">87.2213333333333</dst>
            <dst id="WASHng">708.885333333333</dst>
        </src>
        <src id="ATLAng">
            <dst id="ATLA-M5">303.746666666667</dst>
            <dst id="ATLAng">47233.7386666667</dst>
            <dst id="CHINng">4537.888</dst>
            <dst id="DNVRng">3015.952</dst>
            <dst id="HSTNng">31358.48</dst>
            <dst id="IPLSng">17776.9786666667</dst>
            <dst id="KSCYng">854.109333333333</dst>
            <dst id="LOSAng">12302.784</dst>
            <dst id="NYCMng">2296.78933333333</dst>
            <dst id="SNVAng">113.546666666667</dst>
            <dst id="STTLng">4295.56266666667</dst>
            <dst id="WASHng">18876.52</dst>
        </src>
        <src id="CHINng">
            <dst id="ATLA-M5">589.336</dst>
            <dst id="ATLAng">15469.3493333333</dst>
            <dst id="CHINng">70893.936</dst>
            <dst id="DNVRng">19061.1493333333</dst>
            <dst id="HSTNng">13114.424</dst>
            <dst id="IPLSng">51204.6026666667</dst>
            <dst id="KSCYng">10117.2586666667</dst>
            <dst id="LOSAng">25981.0293333333</dst>
            <dst id="NYCMng">8402.78133333333</dst>
            <dst id="SNVAng">2804.93333333333</dst>
            <dst id="STTLng">5598.272</dst>
            <dst id="WASHng">29428.704</dst>
        </src>
        <src id="DNVRng">
            <dst id="ATLA-M5">191.562666666667</dst>
            <dst id="ATLAng">4386.19733333333</dst>
            <dst id="CHINng">139543.549333333</dst>
            <dst id="DNVRng">9387.704</dst>
            <dst id="HSTNng">20064.4826666667</dst>
            <dst id="IPLSng">29137.4346666667</dst>
            <dst id="KSCYng">19370.9546666667</dst>
            <dst id="LOSAng">16163.4693333333</dst>
            <dst id="NYCMng">13878.6266666667</dst>
            <dst id="SNVAng">6510.472</dst>
            <dst id="STTLng">2980.464</dst>
            <dst id="WASHng">41014.88</dst>
        </src>
        <src id="HSTNng">
            <dst id="ATLA-M5">834.234666666667</dst>
            <dst id="ATLAng">4920.472</dst>
            <dst id="CHINng">9750.792</dst>
            <dst id="DNVRng">2079.57333333333</dst>
            <dst id="HSTNng">15627.2026666667</dst>
            <dst id="IPLSng">2059.03733333333</dst>
            <dst id="KSCYng">955.034666666667</dst>
            <dst id="LOSAng">11153.84</dst>
            <dst id="NYCMng">4991.98133333333</dst>
            <dst id="SNVAng">277.610666666667</dst>
            <dst id="STTLng">533.109333333333</dst>
            <dst id="WASHng">5446.36533333333</dst>
        </src>
        <src id="IPLSng">
            <dst id="ATLA-M5">26.6666666666667</dst>
            <dst id="ATLAng">11589.6186666667</dst>
            <dst id="CHINng">60680.4186666667</dst>
            <dst id="DNVRng">7991.888</dst>
            <dst id="HSTNng">2746.31466666667</dst>
            <dst id="IPLSng">12451.616</dst>
            <dst id="KSCYng">14845.0506666667</dst>
            <dst id="LOSAng">21148.3946666667</dst>
            <dst id="NYCMng">18358.8453333333</dst>
            <dst id="SNVAng">1837.224</dst>
            <dst id="STTLng">5217.76</dst>
            <dst id="WASHng">19327.928</dst>
        </src>
        <src id="KSCYng">
            <dst id="ATLA-M5">0</dst>
            <dst id="ATLAng">5617.184</dst>
            <dst id="CHINng">12551.688</dst>
            <dst id="DNVRng">18270.3706666667</dst>
            <dst id="HSTNng">4085.296</dst>
            <dst id="IPLSng">15793.9973333333</dst>
            <dst id="KSCYng">7041.62933333333</dst>
            <dst id="LOSAng">4937.296</dst>
            <dst id="NYCMng">2036.50133333333</dst>
            <dst id="SNVAng">2363.92533333333</dst>
            <dst id="STTLng">785.456</dst>
            <dst id="WASHng">11603.4773333333</dst>
        </src>
        <src id="LOSAng">
            <dst id="ATLA-M5">410.384</dst>
            <dst id="ATLAng">30211.0933333333</dst>
            <dst id="CHINng">54040.8986666667</dst>
            <dst id="DNVRng">6593.96</dst>
            <dst id="HSTNng">6378.30133333333</dst>
            <dst id="IPLSng">12473.616</dst>
            <dst id="KSCYng">2591.96266666667</dst>
            <dst id="LOSAng">7366.608</dst>
            <dst id="NYCMng">42405.184</dst>
            <dst id="SNVAng">23275.6693333333</dst>
            <dst id="STTLng">18293.6053333333</dst>
            <dst id="WASHng">74054.224</dst>
        </src>
        <src id="NYCMng">
            <dst id="ATLA-M5">3935.872</dst>
            <dst id="ATLAng">30734.2906666667</dst>
            <dst id="CHINng">20249.6986666667</dst>
            <dst id="DNVRng">37998.8746666667</dst>
            <dst id="HSTNng">11580.7333333333</dst>
            <dst id="IPLSng">38933.1866666667</dst>
            <dst id="KSCYng">4335.248</dst>
            <dst id="LOSAng">71767.3973333333</dst>
            <dst id="NYCMng">110714.296</dst>
            <dst id="SNVAng">1073.94133333333</dst>
            <dst id="STTLng">29995.1813333333</dst>
            <dst id="WASHng">37659.312</dst>
        </src>
        <src id="SNVAng">
            <dst id="ATLA-M5">26.6666666666667</dst>
            <dst id="ATLAng">53.3333333333333</dst>
            <dst id="CHINng">163.658666666667</dst>
            <dst id="DNVRng">1318.2</dst>
            <dst id="HSTNng">0</dst>
            <dst id="IPLSng">378.517333333333</dst>
            <dst id="KSCYng">0</dst>
            <dst id="LOSAng">31820.5706666667</dst>
            <dst id="NYCMng">53.3333333333333</dst>
            <dst id="SNVAng">7220.55733333333</dst>
            <dst id="STTLng">55888.3706666667</dst>
            <dst id="WASHng">89.5146666666667</dst>
        </src>
        <src id="STTLng">
            <dst id="ATLA-M5">0</dst>
            <dst id="ATLAng">7028.16533333333</dst>
            <dst id="CHINng">11934.8346666667</dst>
            <dst id="DNVRng">2812.58933333333</dst>
            <dst id="HSTNng">800.674666666667</dst>
            <dst id="IPLSng">15610.6773333333</dst>
            <dst id="KSCYng">1864.83733333333</dst>
            <dst id="LOSAng">11799.376</dst>
            <dst id="NYCMng">10905.104</dst>
            <dst id="SNVAng">6270.912</dst>
            <dst id="STTLng">833.813333333333</dst>
            <dst id="WASHng">6211.02666666667</dst>
        </src>
        <src id="WASHng">
            <dst id="ATLA-M5">83.7626666666667</dst>
            <dst id="ATLAng">69347.4826666667</dst>
            <dst id="CHINng">43682.9493333333</dst>
            <dst id="DNVRng">50844.856</dst>
            <dst id="HSTNng">19945.4373333333</dst>
            <dst id="IPLSng">73301.12</dst>
            <dst id="KSCYng">36541.9573333333</dst>
            <dst id="LOSAng">82488.6213333333</dst>
            <dst id="NYCMng">113064.885333333</dst>
            <dst id="SNVAng">818.152</dst>
            <dst id="STTLng">16481.4933333333</dst>
            <dst id="WASHng">155182.237333333</dst>
        </src>
    </IntraTM>
</TrafficMatrixFile>
