<?xml version="1.0" encoding="ISO-8859-1" standalone="yes"?>
<TrafficMatrixFile xsi:noNamespaceSchemaLocation="http://totem.run.montefiore.ulg.ac.be/Schema/TrafficMatrix-v1_2.xsd" xmlns:xsi="http://www.w3.org/2001/XMLSchema-instance">
    <IntraTM ASID="11537">
        <src id="ATLA-M5">
            <dst id="ATLA-M5">0</dst>
            <dst id="ATLAng">26.6666666666667</dst>
            <dst id="CHINng">277.613333333333</dst>
            <dst id="DNVRng">0</dst>
            <dst id="HSTNng">26.6666666666667</dst>
            <dst id="IPLSng">53.3333333333333</dst>
            <dst id="KSCYng">0</dst>
            <dst id="LOSAng">26.9546666666667</dst>
            <dst id="NYCMng">53.3333333333333</dst>
            <dst id="SNVAng">26.9546666666667</dst>
            <dst id="STTLng">56.4106666666667</dst>
            <dst id="WASHng">392.04</dst>
        </src>
        <src id="ATLAng">
            <dst id="ATLA-M5">234.04</dst>
            <dst id="ATLAng">25017.1893333333</dst>
            <dst id="CHINng">16881.792</dst>
            <dst id="DNVRng">3546.55466666667</dst>
            <dst id="HSTNng">1258.44533333333</dst>
            <dst id="IPLSng">19203.6293333333</dst>
            <dst id="KSCYng">1059.2</dst>
            <dst id="LOSAng">11500.5373333333</dst>
            <dst id="NYCMng">2763.592</dst>
            <dst id="SNVAng">4867.64133333333</dst>
            <dst id="STTLng">2898.71466666667</dst>
            <dst id="WASHng">12102.536</dst>
        </src>
        <src id="CHINng">
            <dst id="ATLA-M5">161.976</dst>
            <dst id="ATLAng">21109.6853333333</dst>
            <dst id="CHINng">55782.9146666667</dst>
            <dst id="DNVRng">6656.20533333333</dst>
            <dst id="HSTNng">6164.66133333333</dst>
            <dst id="IPLSng">20661.632</dst>
            <dst id="KSCYng">17435.784</dst>
            <dst id="LOSAng">3785.61066666667</dst>
            <dst id="NYCMng">12638.552</dst>
            <dst id="SNVAng">34447.0186666667</dst>
            <dst id="STTLng">10498.2266666667</dst>
            <dst id="WASHng">18803.088</dst>
        </src>
        <src id="DNVRng">
            <dst id="ATLA-M5">78.88</dst>
            <dst id="ATLAng">4883.35466666667</dst>
            <dst id="CHINng">35689.5813333333</dst>
            <dst id="DNVRng">6550.296</dst>
            <dst id="HSTNng">29581.768</dst>
            <dst id="IPLSng">26287.528</dst>
            <dst id="KSCYng">14754.4373333333</dst>
            <dst id="LOSAng">729.173333333333</dst>
            <dst id="NYCMng">12573.04</dst>
            <dst id="SNVAng">32133.5413333333</dst>
            <dst id="STTLng">13563.9066666667</dst>
            <dst id="WASHng">49900.2</dst>
        </src>
        <src id="HSTNng">
            <dst id="ATLA-M5">224.064</dst>
            <dst id="ATLAng">694.224</dst>
            <dst id="CHINng">15627.4453333333</dst>
            <dst id="DNVRng">1253.94133333333</dst>
            <dst id="HSTNng">13450.9226666667</dst>
            <dst id="IPLSng">3719.232</dst>
            <dst id="KSCYng">1141.40266666667</dst>
            <dst id="LOSAng">5289.384</dst>
            <dst id="NYCMng">1928.20533333333</dst>
            <dst id="SNVAng">26.6666666666667</dst>
            <dst id="STTLng">1443.68266666667</dst>
            <dst id="WASHng">4724.832</dst>
        </src>
        <src id="IPLSng">
            <dst id="ATLA-M5">26.6666666666667</dst>
            <dst id="ATLAng">4634.01333333333</dst>
            <dst id="CHINng">54205.856</dst>
            <dst id="DNVRng">6504.48533333333</dst>
            <dst id="HSTNng">740.786666666667</dst>
            <dst id="IPLSng">7303.91733333333</dst>
            <dst id="KSCYng">5343.38666666667</dst>
            <dst id="LOSAng">2713.50666666667</dst>
            <dst id="NYCMng">8938.08</dst>
            <dst id="SNVAng">6857.07466666667</dst>
            <dst id="STTLng">12971.8346666667</dst>
            <dst id="WASHng">8279.016</dst>
        </src>
        <src id="KSCYng">
            <dst id="ATLA-M5">0</dst>
            <dst id="ATLAng">2648.48</dst>
            <dst id="CHINng">14369.1413333333</dst>
            <dst id="DNVRng">23109.4213333333</dst>
            <dst id="HSTNng">4413.736</dst>
            <dst id="IPLSng">17302.2053333333</dst>
            <dst id="KSCYng">12586.96</dst>
            <dst id="LOSAng">674.021333333333</dst>
            <dst id="NYCMng">2500.96</dst>
            <dst id="SNVAng">8383.4</dst>
            <dst id="STTLng">629.101333333333</dst>
            <dst id="WASHng">8687.576</dst>
        </src>
        <src id="LOSAng">
            <dst id="ATLA-M5">26.6666666666667</dst>
            <dst id="ATLAng">13602.848</dst>
            <dst id="CHINng">45356.072</dst>
            <dst id="DNVRng">9954.86133333333</dst>
            <dst id="HSTNng">4901.08533333333</dst>
            <dst id="IPLSng">17816.032</dst>
            <dst id="KSCYng">2141.27733333333</dst>
            <dst id="LOSAng">19650.8773333333</dst>
            <dst id="NYCMng">27024.0106666667</dst>
            <dst id="SNVAng">23388.736</dst>
            <dst id="STTLng">25160.472</dst>
            <dst id="WASHng">80206.1013333334</dst>
        </src>
        <src id="NYCMng">
            <dst id="ATLA-M5">197.834666666667</dst>
            <dst id="ATLAng">21167.0106666667</dst>
            <dst id="CHINng">26585.7493333333</dst>
            <dst id="DNVRng">24845.192</dst>
            <dst id="HSTNng">8657.77333333333</dst>
            <dst id="IPLSng">18091.872</dst>
            <dst id="KSCYng">5620.77333333333</dst>
            <dst id="LOSAng">8409.41066666666</dst>
            <dst id="NYCMng">79907.968</dst>
            <dst id="SNVAng">50651.4693333333</dst>
            <dst id="STTLng">32332.5493333333</dst>
            <dst id="WASHng">43453.1573333333</dst>
        </src>
        <src id="SNVAng">
            <dst id="ATLA-M5">0</dst>
            <dst id="ATLAng">473.290666666667</dst>
            <dst id="CHINng">26.6666666666667</dst>
            <dst id="DNVRng">3663.76266666667</dst>
            <dst id="HSTNng">26.6666666666667</dst>
            <dst id="IPLSng">159.077333333333</dst>
            <dst id="KSCYng">0</dst>
            <dst id="LOSAng">3362.78666666667</dst>
            <dst id="NYCMng">0</dst>
            <dst id="SNVAng">43974.152</dst>
            <dst id="STTLng">35985.7226666667</dst>
            <dst id="WASHng">26.6666666666667</dst>
        </src>
        <src id="STTLng">
            <dst id="ATLA-M5">53.3333333333333</dst>
            <dst id="ATLAng">4551.25866666667</dst>
            <dst id="CHINng">15137.7573333333</dst>
            <dst id="DNVRng">4885.99466666667</dst>
            <dst id="HSTNng">3265.544</dst>
            <dst id="IPLSng">15926.8373333333</dst>
            <dst id="KSCYng">1905.03466666667</dst>
            <dst id="LOSAng">7305.32266666667</dst>
            <dst id="NYCMng">16006.6</dst>
            <dst id="SNVAng">23526.9173333333</dst>
            <dst id="STTLng">2005.93066666667</dst>
            <dst id="WASHng">4944.66133333333</dst>
        </src>
        <src id="WASHng">
            <dst id="ATLA-M5">80</dst>
            <dst id="ATLAng">91660.144</dst>
            <dst id="CHINng">78616.0506666667</dst>
            <dst id="DNVRng">24603.632</dst>
            <dst id="HSTNng">33445.8666666667</dst>
            <dst id="IPLSng">19899.5066666667</dst>
            <dst id="KSCYng">30758.4933333333</dst>
            <dst id="LOSAng">67373.56</dst>
            <dst id="NYCMng">160208.189333333</dst>
            <dst id="SNVAng">42068.0986666667</dst>
            <dst id="STTLng">46429.864</dst>
            <dst id="WASHng">301624.186666667</dst>
        </src>
    </IntraTM>
</TrafficMatrixFile>
