<?xml version="1.0" encoding="ISO-8859-1" standalone="yes"?>
<TrafficMatrixFile xsi:noNamespaceSchemaLocation="http://totem.run.montefiore.ulg.ac.be/Schema/TrafficMatrix-v1_2.xsd" xmlns:xsi="http://www.w3.org/2001/XMLSchema-instance">
    <IntraTM ASID="11537">
        <src id="ATLA-M5">
            <dst id="ATLA-M5">0</dst>
            <dst id="ATLAng">220.442666666667</dst>
            <dst id="CHINng">218.146666666667</dst>
            <dst id="DNVRng">26.6666666666667</dst>
            <dst id="HSTNng">65.632</dst>
            <dst id="IPLSng">80</dst>
            <dst id="KSCYng">0</dst>
            <dst id="LOSAng">26.6666666666667</dst>
            <dst id="NYCMng">200.597333333333</dst>
            <dst id="SNVAng">0</dst>
            <dst id="STTLng">98.3146666666667</dst>
            <dst id="WASHng">271.664</dst>
        </src>
        <src id="ATLAng">
            <dst id="ATLA-M5">184.794666666667</dst>
            <dst id="ATLAng">23328.7333333333</dst>
            <dst id="CHINng">4197.03466666667</dst>
            <dst id="DNVRng">2282.53333333333</dst>
            <dst id="HSTNng">1578.68266666667</dst>
            <dst id="IPLSng">12976.2986666667</dst>
            <dst id="KSCYng">556.005333333333</dst>
            <dst id="LOSAng">8481.95866666667</dst>
            <dst id="NYCMng">7250.544</dst>
            <dst id="SNVAng">116.945333333333</dst>
            <dst id="STTLng">3963.54133333333</dst>
            <dst id="WASHng">23744.304</dst>
        </src>
        <src id="CHINng">
            <dst id="ATLA-M5">80</dst>
            <dst id="ATLAng">4757.08266666667</dst>
            <dst id="CHINng">60291.472</dst>
            <dst id="DNVRng">9739.09066666667</dst>
            <dst id="HSTNng">6510.43466666667</dst>
            <dst id="IPLSng">37440.1226666667</dst>
            <dst id="KSCYng">8122.64266666667</dst>
            <dst id="LOSAng">28814.968</dst>
            <dst id="NYCMng">28057.896</dst>
            <dst id="SNVAng">3874.68</dst>
            <dst id="STTLng">4488.79733333333</dst>
            <dst id="WASHng">17117.2426666667</dst>
        </src>
        <src id="DNVRng">
            <dst id="ATLA-M5">92.96</dst>
            <dst id="ATLAng">5263.992</dst>
            <dst id="CHINng">40181.264</dst>
            <dst id="DNVRng">20662.088</dst>
            <dst id="HSTNng">22938.1386666667</dst>
            <dst id="IPLSng">26093.3146666667</dst>
            <dst id="KSCYng">22284.7573333333</dst>
            <dst id="LOSAng">24658.72</dst>
            <dst id="NYCMng">14094.3093333333</dst>
            <dst id="SNVAng">5872.11733333333</dst>
            <dst id="STTLng">4405.85866666667</dst>
            <dst id="WASHng">34602.7493333333</dst>
        </src>
        <src id="HSTNng">
            <dst id="ATLA-M5">3264.77866666667</dst>
            <dst id="ATLAng">8163.33066666667</dst>
            <dst id="CHINng">12015.8266666667</dst>
            <dst id="DNVRng">1043.44266666667</dst>
            <dst id="HSTNng">17438.992</dst>
            <dst id="IPLSng">1258.752</dst>
            <dst id="KSCYng">881.221333333333</dst>
            <dst id="LOSAng">1090.38933333333</dst>
            <dst id="NYCMng">2663.384</dst>
            <dst id="SNVAng">26.6666666666667</dst>
            <dst id="STTLng">906.589333333333</dst>
            <dst id="WASHng">1352.088</dst>
        </src>
        <src id="IPLSng">
            <dst id="ATLA-M5">26.6666666666667</dst>
            <dst id="ATLAng">13257.824</dst>
            <dst id="CHINng">54146.8853333333</dst>
            <dst id="DNVRng">7602.73066666667</dst>
            <dst id="HSTNng">1551.096</dst>
            <dst id="IPLSng">21312.168</dst>
            <dst id="KSCYng">7049.60533333333</dst>
            <dst id="LOSAng">28395.096</dst>
            <dst id="NYCMng">7029.12</dst>
            <dst id="SNVAng">244.069333333333</dst>
            <dst id="STTLng">8367.06666666666</dst>
            <dst id="WASHng">17455.3653333333</dst>
        </src>
        <src id="KSCYng">
            <dst id="ATLA-M5">0</dst>
            <dst id="ATLAng">3761.62933333333</dst>
            <dst id="CHINng">10832.9386666667</dst>
            <dst id="DNVRng">8655.34666666667</dst>
            <dst id="HSTNng">2443.76533333333</dst>
            <dst id="IPLSng">9285.24266666667</dst>
            <dst id="KSCYng">14158.4533333333</dst>
            <dst id="LOSAng">3055.95733333333</dst>
            <dst id="NYCMng">2099.56266666667</dst>
            <dst id="SNVAng">2216.58666666667</dst>
            <dst id="STTLng">2976.928</dst>
            <dst id="WASHng">11339.296</dst>
        </src>
        <src id="LOSAng">
            <dst id="ATLA-M5">855.32</dst>
            <dst id="ATLAng">7870.16533333333</dst>
            <dst id="CHINng">59673.4186666667</dst>
            <dst id="DNVRng">7758.67733333333</dst>
            <dst id="HSTNng">7623.672</dst>
            <dst id="IPLSng">16373.568</dst>
            <dst id="KSCYng">2502.34666666667</dst>
            <dst id="LOSAng">7784.504</dst>
            <dst id="NYCMng">18571.5066666667</dst>
            <dst id="SNVAng">20986.576</dst>
            <dst id="STTLng">20923.0266666667</dst>
            <dst id="WASHng">79680.304</dst>
        </src>
        <src id="NYCMng">
            <dst id="ATLA-M5">857.338666666667</dst>
            <dst id="ATLAng">12298.4533333333</dst>
            <dst id="CHINng">31511.1653333333</dst>
            <dst id="DNVRng">20748.1226666667</dst>
            <dst id="HSTNng">4426.576</dst>
            <dst id="IPLSng">21183.3066666667</dst>
            <dst id="KSCYng">4240.75466666666</dst>
            <dst id="LOSAng">49900.296</dst>
            <dst id="NYCMng">78732.296</dst>
            <dst id="SNVAng">587.797333333333</dst>
            <dst id="STTLng">23917.6533333333</dst>
            <dst id="WASHng">36949.8586666667</dst>
        </src>
        <src id="SNVAng">
            <dst id="ATLA-M5">0</dst>
            <dst id="ATLAng">80</dst>
            <dst id="CHINng">114.464</dst>
            <dst id="DNVRng">2439.58933333333</dst>
            <dst id="HSTNng">0</dst>
            <dst id="IPLSng">297.488</dst>
            <dst id="KSCYng">0</dst>
            <dst id="LOSAng">27856.4186666667</dst>
            <dst id="NYCMng">26.6666666666667</dst>
            <dst id="SNVAng">7994.50933333333</dst>
            <dst id="STTLng">32502.8773333333</dst>
            <dst id="WASHng">53.3333333333333</dst>
        </src>
        <src id="STTLng">
            <dst id="ATLA-M5">185.04</dst>
            <dst id="ATLAng">7235.42666666667</dst>
            <dst id="CHINng">14136.808</dst>
            <dst id="DNVRng">4808.112</dst>
            <dst id="HSTNng">1646.36266666667</dst>
            <dst id="IPLSng">7580.01333333333</dst>
            <dst id="KSCYng">2750.61333333333</dst>
            <dst id="LOSAng">11756.9973333333</dst>
            <dst id="NYCMng">11395.5893333333</dst>
            <dst id="SNVAng">7345.44</dst>
            <dst id="STTLng">530.976</dst>
            <dst id="WASHng">9052.70133333333</dst>
        </src>
        <src id="WASHng">
            <dst id="ATLA-M5">1750.81866666667</dst>
            <dst id="ATLAng">47257.5733333333</dst>
            <dst id="CHINng">52298.9653333333</dst>
            <dst id="DNVRng">56926.4933333333</dst>
            <dst id="HSTNng">15280.5866666667</dst>
            <dst id="IPLSng">69562.0373333333</dst>
            <dst id="KSCYng">31276.1866666667</dst>
            <dst id="LOSAng">109113.426666667</dst>
            <dst id="NYCMng">188452.333333333</dst>
            <dst id="SNVAng">882.301333333333</dst>
            <dst id="STTLng">34093.28</dst>
            <dst id="WASHng">184540.306666667</dst>
        </src>
    </IntraTM>
</TrafficMatrixFile>
