<?xml version="1.0" encoding="ISO-8859-1" standalone="yes"?>
<TrafficMatrixFile xsi:noNamespaceSchemaLocation="http://totem.run.montefiore.ulg.ac.be/Schema/TrafficMatrix-v1_2.xsd" xmlns:xsi="http://www.w3.org/2001/XMLSchema-instance">
    <IntraTM ASID="11537">
        <src id="ATLA-M5">
            <dst id="ATLA-M5">26.6666666666667</dst>
            <dst id="ATLAng">475.986666666667</dst>
            <dst id="CHINng">292.517333333333</dst>
            <dst id="DNVRng">26.6666666666667</dst>
            <dst id="HSTNng">110.472</dst>
            <dst id="IPLSng">26.6666666666667</dst>
            <dst id="KSCYng">137.053333333333</dst>
            <dst id="LOSAng">43.104</dst>
            <dst id="NYCMng">235.834666666667</dst>
            <dst id="SNVAng">13.3333333333333</dst>
            <dst id="STTLng">53.3333333333333</dst>
            <dst id="WASHng">772.424</dst>
        </src>
        <src id="ATLAng">
            <dst id="ATLA-M5">6048.90133333333</dst>
            <dst id="ATLAng">46365.1973333333</dst>
            <dst id="CHINng">9683.29066666667</dst>
            <dst id="DNVRng">4447.752</dst>
            <dst id="HSTNng">1345.49066666667</dst>
            <dst id="IPLSng">16104.96</dst>
            <dst id="KSCYng">1525.79733333333</dst>
            <dst id="LOSAng">4710.52933333333</dst>
            <dst id="NYCMng">11993.128</dst>
            <dst id="SNVAng">7947.804</dst>
            <dst id="STTLng">1799.776</dst>
            <dst id="WASHng">47926.2773333333</dst>
        </src>
        <src id="CHINng">
            <dst id="ATLA-M5">431.514666666667</dst>
            <dst id="ATLAng">17674.864</dst>
            <dst id="CHINng">92832.4053333333</dst>
            <dst id="DNVRng">5475.50666666667</dst>
            <dst id="HSTNng">4841.888</dst>
            <dst id="IPLSng">13686.3706666667</dst>
            <dst id="KSCYng">6413.37333333333</dst>
            <dst id="LOSAng">2643.16</dst>
            <dst id="NYCMng">8395.84533333333</dst>
            <dst id="SNVAng">20558.272</dst>
            <dst id="STTLng">8949.56266666667</dst>
            <dst id="WASHng">17935.6533333333</dst>
        </src>
        <src id="DNVRng">
            <dst id="ATLA-M5">222.733333333333</dst>
            <dst id="ATLAng">7436</dst>
            <dst id="CHINng">57125.1946666667</dst>
            <dst id="DNVRng">7337.96266666667</dst>
            <dst id="HSTNng">29972.5813333333</dst>
            <dst id="IPLSng">33801.984</dst>
            <dst id="KSCYng">20489.736</dst>
            <dst id="LOSAng">949.949333333333</dst>
            <dst id="NYCMng">13640.6266666667</dst>
            <dst id="SNVAng">21839.2453333333</dst>
            <dst id="STTLng">3912.54666666667</dst>
            <dst id="WASHng">56843.168</dst>
        </src>
        <src id="HSTNng">
            <dst id="ATLA-M5">4395.464</dst>
            <dst id="ATLAng">9411.42133333333</dst>
            <dst id="CHINng">11666.6613333333</dst>
            <dst id="DNVRng">1140.032</dst>
            <dst id="HSTNng">19468.904</dst>
            <dst id="IPLSng">2918.136</dst>
            <dst id="KSCYng">1039.72</dst>
            <dst id="LOSAng">1311.61333333333</dst>
            <dst id="NYCMng">3528.40533333333</dst>
            <dst id="SNVAng">250.133333333333</dst>
            <dst id="STTLng">420.682666666667</dst>
            <dst id="WASHng">3926.176</dst>
        </src>
        <src id="IPLSng">
            <dst id="ATLA-M5">0</dst>
            <dst id="ATLAng">11666.0453333333</dst>
            <dst id="CHINng">71553.9573333333</dst>
            <dst id="DNVRng">7841.88533333333</dst>
            <dst id="HSTNng">3508.34933333333</dst>
            <dst id="IPLSng">24544.592</dst>
            <dst id="KSCYng">4914.512</dst>
            <dst id="LOSAng">1053.64533333333</dst>
            <dst id="NYCMng">22009.912</dst>
            <dst id="SNVAng">5676.21066666667</dst>
            <dst id="STTLng">4648.62133333333</dst>
            <dst id="WASHng">28681.208</dst>
        </src>
        <src id="KSCYng">
            <dst id="ATLA-M5">55.0026666666667</dst>
            <dst id="ATLAng">4993.76266666667</dst>
            <dst id="CHINng">17689.0586666667</dst>
            <dst id="DNVRng">3901.31466666667</dst>
            <dst id="HSTNng">3941.08266666667</dst>
            <dst id="IPLSng">12068.336</dst>
            <dst id="KSCYng">11731.5066666667</dst>
            <dst id="LOSAng">1162.368</dst>
            <dst id="NYCMng">902.637333333333</dst>
            <dst id="SNVAng">4397.85066666667</dst>
            <dst id="STTLng">1004.72266666667</dst>
            <dst id="WASHng">9484.95733333333</dst>
        </src>
        <src id="LOSAng">
            <dst id="ATLA-M5">84.8453333333333</dst>
            <dst id="ATLAng">15078.8106666667</dst>
            <dst id="CHINng">110375.797333333</dst>
            <dst id="DNVRng">7258.90666666667</dst>
            <dst id="HSTNng">9785.152</dst>
            <dst id="IPLSng">27087.4586666667</dst>
            <dst id="KSCYng">4922.28</dst>
            <dst id="LOSAng">14290.9653333333</dst>
            <dst id="NYCMng">30364.9573333333</dst>
            <dst id="SNVAng">21806.1813333333</dst>
            <dst id="STTLng">18055.5066666667</dst>
            <dst id="WASHng">81679.296</dst>
        </src>
        <src id="NYCMng">
            <dst id="ATLA-M5">660.997333333333</dst>
            <dst id="ATLAng">27083.1866666667</dst>
            <dst id="CHINng">44726.552</dst>
            <dst id="DNVRng">25054.176</dst>
            <dst id="HSTNng">5967.16533333333</dst>
            <dst id="IPLSng">24901.3413333333</dst>
            <dst id="KSCYng">3805.384</dst>
            <dst id="LOSAng">5810.088</dst>
            <dst id="NYCMng">124122.581333333</dst>
            <dst id="SNVAng">37616.792</dst>
            <dst id="STTLng">20797.448</dst>
            <dst id="WASHng">49192.1253333333</dst>
        </src>
        <src id="SNVAng">
            <dst id="ATLA-M5">0</dst>
            <dst id="ATLAng">57.6053333333333</dst>
            <dst id="CHINng">191.976</dst>
            <dst id="DNVRng">8025.29866666667</dst>
            <dst id="HSTNng">376.688</dst>
            <dst id="IPLSng">568.024</dst>
            <dst id="KSCYng">80</dst>
            <dst id="LOSAng">820.936</dst>
            <dst id="NYCMng">174.616</dst>
            <dst id="SNVAng">38805.816</dst>
            <dst id="STTLng">40533.5226666667</dst>
            <dst id="WASHng">185.765333333333</dst>
        </src>
        <src id="STTLng">
            <dst id="ATLA-M5">124.706666666667</dst>
            <dst id="ATLAng">9637.192</dst>
            <dst id="CHINng">26497.2293333333</dst>
            <dst id="DNVRng">4155.712</dst>
            <dst id="HSTNng">3267.376</dst>
            <dst id="IPLSng">9791.168</dst>
            <dst id="KSCYng">2594.048</dst>
            <dst id="LOSAng">1957.95733333333</dst>
            <dst id="NYCMng">30884.7173333333</dst>
            <dst id="SNVAng">13417.6906666667</dst>
            <dst id="STTLng">2683.784</dst>
            <dst id="WASHng">100988.32</dst>
        </src>
        <src id="WASHng">
            <dst id="ATLA-M5">931.490666666667</dst>
            <dst id="ATLAng">179534.848</dst>
            <dst id="CHINng">72115.1253333334</dst>
            <dst id="DNVRng">33752.128</dst>
            <dst id="HSTNng">16189.8853333333</dst>
            <dst id="IPLSng">29397.1253333333</dst>
            <dst id="KSCYng">62173.1493333333</dst>
            <dst id="LOSAng">58481.7173333333</dst>
            <dst id="NYCMng">139570.866666667</dst>
            <dst id="SNVAng">23873.0693333333</dst>
            <dst id="STTLng">21853.4826666667</dst>
            <dst id="WASHng">286965.386666667</dst>
        </src>
    </IntraTM>
</TrafficMatrixFile>
