<?xml version="1.0" encoding="ISO-8859-1" standalone="yes"?>
<TrafficMatrixFile xsi:noNamespaceSchemaLocation="http://totem.run.montefiore.ulg.ac.be/Schema/TrafficMatrix-v1_2.xsd" xmlns:xsi="http://www.w3.org/2001/XMLSchema-instance">
    <IntraTM ASID="11537">
        <src id="ATLA-M5">
            <dst id="ATLA-M5">0</dst>
            <dst id="ATLAng">26.6666666666667</dst>
            <dst id="CHINng">670.328</dst>
            <dst id="DNVRng">0</dst>
            <dst id="HSTNng">56.8106666666667</dst>
            <dst id="IPLSng">0</dst>
            <dst id="KSCYng">0</dst>
            <dst id="LOSAng">74.2293333333333</dst>
            <dst id="NYCMng">184.426666666667</dst>
            <dst id="SNVAng">58.9386666666667</dst>
            <dst id="STTLng">94.8026666666667</dst>
            <dst id="WASHng">296.090666666667</dst>
        </src>
        <src id="ATLAng">
            <dst id="ATLA-M5">49.032</dst>
            <dst id="ATLAng">8984.86133333333</dst>
            <dst id="CHINng">3875.776</dst>
            <dst id="DNVRng">6283.06666666667</dst>
            <dst id="HSTNng">711.906666666667</dst>
            <dst id="IPLSng">6860.30666666667</dst>
            <dst id="KSCYng">331.125333333333</dst>
            <dst id="LOSAng">5525.05866666667</dst>
            <dst id="NYCMng">2947.04</dst>
            <dst id="SNVAng">0</dst>
            <dst id="STTLng">1428.51466666667</dst>
            <dst id="WASHng">22607.0533333333</dst>
        </src>
        <src id="CHINng">
            <dst id="ATLA-M5">239.949333333333</dst>
            <dst id="ATLAng">15637.376</dst>
            <dst id="CHINng">72592.864</dst>
            <dst id="DNVRng">5013.89866666667</dst>
            <dst id="HSTNng">12992.2</dst>
            <dst id="IPLSng">49673.7146666667</dst>
            <dst id="KSCYng">6311.51466666667</dst>
            <dst id="LOSAng">24162.024</dst>
            <dst id="NYCMng">21084.9466666667</dst>
            <dst id="SNVAng">1042.72533333333</dst>
            <dst id="STTLng">7231.976</dst>
            <dst id="WASHng">16697.4186666667</dst>
        </src>
        <src id="DNVRng">
            <dst id="ATLA-M5">190.773333333333</dst>
            <dst id="ATLAng">5024.792</dst>
            <dst id="CHINng">43538.8986666667</dst>
            <dst id="DNVRng">7343.15466666667</dst>
            <dst id="HSTNng">19348.8826666667</dst>
            <dst id="IPLSng">26966.0826666667</dst>
            <dst id="KSCYng">20808.624</dst>
            <dst id="LOSAng">3463.064</dst>
            <dst id="NYCMng">12099.9226666667</dst>
            <dst id="SNVAng">6013.96</dst>
            <dst id="STTLng">3658.09333333333</dst>
            <dst id="WASHng">37137.816</dst>
        </src>
        <src id="HSTNng">
            <dst id="ATLA-M5">1396</dst>
            <dst id="ATLAng">5626.69866666667</dst>
            <dst id="CHINng">6417.072</dst>
            <dst id="DNVRng">1236.00533333333</dst>
            <dst id="HSTNng">11904.384</dst>
            <dst id="IPLSng">581.312</dst>
            <dst id="KSCYng">1582.69066666667</dst>
            <dst id="LOSAng">10209.0773333333</dst>
            <dst id="NYCMng">5748.12533333333</dst>
            <dst id="SNVAng">53.3333333333333</dst>
            <dst id="STTLng">1353.96533333333</dst>
            <dst id="WASHng">9086.10933333333</dst>
        </src>
        <src id="IPLSng">
            <dst id="ATLA-M5">0</dst>
            <dst id="ATLAng">8059.09866666667</dst>
            <dst id="CHINng">29841.6373333333</dst>
            <dst id="DNVRng">6636.49866666667</dst>
            <dst id="HSTNng">2458.072</dst>
            <dst id="IPLSng">11287.528</dst>
            <dst id="KSCYng">1881.14133333333</dst>
            <dst id="LOSAng">37459.7173333333</dst>
            <dst id="NYCMng">7232.81866666667</dst>
            <dst id="SNVAng">314.229333333333</dst>
            <dst id="STTLng">5586.66133333333</dst>
            <dst id="WASHng">10059.5066666667</dst>
        </src>
        <src id="KSCYng">
            <dst id="ATLA-M5">53.1413333333333</dst>
            <dst id="ATLAng">3106.608</dst>
            <dst id="CHINng">9310.42666666667</dst>
            <dst id="DNVRng">5690.85066666667</dst>
            <dst id="HSTNng">5652.42133333333</dst>
            <dst id="IPLSng">11838.544</dst>
            <dst id="KSCYng">10738.168</dst>
            <dst id="LOSAng">6894.32</dst>
            <dst id="NYCMng">901.192</dst>
            <dst id="SNVAng">2299.872</dst>
            <dst id="STTLng">395.794666666667</dst>
            <dst id="WASHng">9091.85866666667</dst>
        </src>
        <src id="LOSAng">
            <dst id="ATLA-M5">80.352</dst>
            <dst id="ATLAng">22932.992</dst>
            <dst id="CHINng">44461.872</dst>
            <dst id="DNVRng">5093.896</dst>
            <dst id="HSTNng">5913.584</dst>
            <dst id="IPLSng">12711.7253333333</dst>
            <dst id="KSCYng">3966.97866666667</dst>
            <dst id="LOSAng">9893.304</dst>
            <dst id="NYCMng">23621.0133333333</dst>
            <dst id="SNVAng">26254.5546666667</dst>
            <dst id="STTLng">24865.424</dst>
            <dst id="WASHng">57802.192</dst>
        </src>
        <src id="NYCMng">
            <dst id="ATLA-M5">1235.86933333333</dst>
            <dst id="ATLAng">22873.4293333333</dst>
            <dst id="CHINng">20588.48</dst>
            <dst id="DNVRng">23075.272</dst>
            <dst id="HSTNng">13479.352</dst>
            <dst id="IPLSng">7096.21333333333</dst>
            <dst id="KSCYng">7993.94933333333</dst>
            <dst id="LOSAng">46890.8266666667</dst>
            <dst id="NYCMng">83816.0773333333</dst>
            <dst id="SNVAng">524.469333333333</dst>
            <dst id="STTLng">17494.1093333333</dst>
            <dst id="WASHng">52660.1413333333</dst>
        </src>
        <src id="SNVAng">
            <dst id="ATLA-M5">0</dst>
            <dst id="ATLAng">26.6666666666667</dst>
            <dst id="CHINng">291.626666666667</dst>
            <dst id="DNVRng">8442.104</dst>
            <dst id="HSTNng">0</dst>
            <dst id="IPLSng">283.586666666667</dst>
            <dst id="KSCYng">26.6666666666667</dst>
            <dst id="LOSAng">30971.032</dst>
            <dst id="NYCMng">26.6666666666667</dst>
            <dst id="SNVAng">8518.08</dst>
            <dst id="STTLng">37435.088</dst>
            <dst id="WASHng">26.6666666666667</dst>
        </src>
        <src id="STTLng">
            <dst id="ATLA-M5">93.3706666666667</dst>
            <dst id="ATLAng">5923.58933333333</dst>
            <dst id="CHINng">14095.456</dst>
            <dst id="DNVRng">3030.8</dst>
            <dst id="HSTNng">561.069333333333</dst>
            <dst id="IPLSng">6242.32266666667</dst>
            <dst id="KSCYng">1420.95733333333</dst>
            <dst id="LOSAng">9903.296</dst>
            <dst id="NYCMng">9449.88266666667</dst>
            <dst id="SNVAng">8026.79466666666</dst>
            <dst id="STTLng">795.64</dst>
            <dst id="WASHng">8581.152</dst>
        </src>
        <src id="WASHng">
            <dst id="ATLA-M5">4746.79466666667</dst>
            <dst id="ATLAng">83279.592</dst>
            <dst id="CHINng">48214.4</dst>
            <dst id="DNVRng">51916.3973333333</dst>
            <dst id="HSTNng">21206.7893333333</dst>
            <dst id="IPLSng">49323.2106666667</dst>
            <dst id="KSCYng">21930.8293333333</dst>
            <dst id="LOSAng">82312.5146666667</dst>
            <dst id="NYCMng">129715.165333333</dst>
            <dst id="SNVAng">2564.94666666667</dst>
            <dst id="STTLng">15191.0666666667</dst>
            <dst id="WASHng">203393.517333333</dst>
        </src>
    </IntraTM>
</TrafficMatrixFile>
