<?xml version="1.0" encoding="ISO-8859-1" standalone="yes"?>
<TrafficMatrixFile xsi:noNamespaceSchemaLocation="http://totem.run.montefiore.ulg.ac.be/Schema/TrafficMatrix-v1_2.xsd" xmlns:xsi="http://www.w3.org/2001/XMLSchema-instance">
    <IntraTM ASID="11537">
        <src id="ATLA-M5">
            <dst id="ATLA-M5">0</dst>
            <dst id="ATLAng">26.6666666666667</dst>
            <dst id="CHINng">241.312</dst>
            <dst id="DNVRng">1004.49066666667</dst>
            <dst id="HSTNng">66.9813333333333</dst>
            <dst id="IPLSng">0</dst>
            <dst id="KSCYng">0</dst>
            <dst id="LOSAng">0</dst>
            <dst id="NYCMng">307.464</dst>
            <dst id="SNVAng">52.7333333333333</dst>
            <dst id="STTLng">83.2053333333334</dst>
            <dst id="WASHng">189.88</dst>
        </src>
        <src id="ATLAng">
            <dst id="ATLA-M5">55.3573333333333</dst>
            <dst id="ATLAng">60280.2586666667</dst>
            <dst id="CHINng">12692.1546666667</dst>
            <dst id="DNVRng">2860.104</dst>
            <dst id="HSTNng">1124.27466666667</dst>
            <dst id="IPLSng">28993.5013333333</dst>
            <dst id="KSCYng">1558.27466666667</dst>
            <dst id="LOSAng">10448.708</dst>
            <dst id="NYCMng">2134.576</dst>
            <dst id="SNVAng">92.052</dst>
            <dst id="STTLng">2750.44266666667</dst>
            <dst id="WASHng">38223.9546666667</dst>
        </src>
        <src id="CHINng">
            <dst id="ATLA-M5">0</dst>
            <dst id="ATLAng">9130.25333333333</dst>
            <dst id="CHINng">49553.0293333333</dst>
            <dst id="DNVRng">3942.29333333333</dst>
            <dst id="HSTNng">6792.90933333333</dst>
            <dst id="IPLSng">6092.52266666667</dst>
            <dst id="KSCYng">8495.96</dst>
            <dst id="LOSAng">10303.5386666667</dst>
            <dst id="NYCMng">20187.6</dst>
            <dst id="SNVAng">253.701333333333</dst>
            <dst id="STTLng">7439.08266666667</dst>
            <dst id="WASHng">27115.5173333333</dst>
        </src>
        <src id="DNVRng">
            <dst id="ATLA-M5">245.173333333333</dst>
            <dst id="ATLAng">5514.13333333333</dst>
            <dst id="CHINng">33573.2053333333</dst>
            <dst id="DNVRng">10568.824</dst>
            <dst id="HSTNng">23021.008</dst>
            <dst id="IPLSng">32152.856</dst>
            <dst id="KSCYng">16471.312</dst>
            <dst id="LOSAng">11084.096</dst>
            <dst id="NYCMng">13311.5893333333</dst>
            <dst id="SNVAng">6773.27733333333</dst>
            <dst id="STTLng">4773.848</dst>
            <dst id="WASHng">50077.0986666667</dst>
        </src>
        <src id="HSTNng">
            <dst id="ATLA-M5">235.904</dst>
            <dst id="ATLAng">1523.56266666667</dst>
            <dst id="CHINng">5128.72</dst>
            <dst id="DNVRng">4844.73066666667</dst>
            <dst id="HSTNng">15631.048</dst>
            <dst id="IPLSng">737.541333333333</dst>
            <dst id="KSCYng">1409.048</dst>
            <dst id="LOSAng">6212.01333333334</dst>
            <dst id="NYCMng">3822.75466666667</dst>
            <dst id="SNVAng">26.6666666666667</dst>
            <dst id="STTLng">777.965333333334</dst>
            <dst id="WASHng">3090.47733333333</dst>
        </src>
        <src id="IPLSng">
            <dst id="ATLA-M5">0</dst>
            <dst id="ATLAng">14569.3493333333</dst>
            <dst id="CHINng">25103.3173333333</dst>
            <dst id="DNVRng">8331.89866666667</dst>
            <dst id="HSTNng">481.914666666667</dst>
            <dst id="IPLSng">17729.472</dst>
            <dst id="KSCYng">1730.50933333333</dst>
            <dst id="LOSAng">12364.7066666667</dst>
            <dst id="NYCMng">9721</dst>
            <dst id="SNVAng">474.746666666667</dst>
            <dst id="STTLng">6524.352</dst>
            <dst id="WASHng">10167.92</dst>
        </src>
        <src id="KSCYng">
            <dst id="ATLA-M5">0</dst>
            <dst id="ATLAng">4234.8</dst>
            <dst id="CHINng">7867.008</dst>
            <dst id="DNVRng">4557.81066666667</dst>
            <dst id="HSTNng">6740.53066666667</dst>
            <dst id="IPLSng">13997.104</dst>
            <dst id="KSCYng">10739.552</dst>
            <dst id="LOSAng">5758.18133333333</dst>
            <dst id="NYCMng">1212.14933333333</dst>
            <dst id="SNVAng">2503.36266666667</dst>
            <dst id="STTLng">1255.48</dst>
            <dst id="WASHng">11027.472</dst>
        </src>
        <src id="LOSAng">
            <dst id="ATLA-M5">48.16</dst>
            <dst id="ATLAng">28999.3733333333</dst>
            <dst id="CHINng">37804.1893333333</dst>
            <dst id="DNVRng">6676.15733333333</dst>
            <dst id="HSTNng">3961.92266666667</dst>
            <dst id="IPLSng">19258.8826666667</dst>
            <dst id="KSCYng">3733.86666666667</dst>
            <dst id="LOSAng">13540.0346666667</dst>
            <dst id="NYCMng">24482.8186666667</dst>
            <dst id="SNVAng">23442.944</dst>
            <dst id="STTLng">33578.6026666667</dst>
            <dst id="WASHng">92143.1466666667</dst>
        </src>
        <src id="NYCMng">
            <dst id="ATLA-M5">2715.04266666667</dst>
            <dst id="ATLAng">21268.656</dst>
            <dst id="CHINng">17739.264</dst>
            <dst id="DNVRng">25862.3653333333</dst>
            <dst id="HSTNng">13680.3413333333</dst>
            <dst id="IPLSng">15958.8533333333</dst>
            <dst id="KSCYng">7159.808</dst>
            <dst id="LOSAng">72698.4453333334</dst>
            <dst id="NYCMng">92404.3493333333</dst>
            <dst id="SNVAng">1131.808</dst>
            <dst id="STTLng">29626.08</dst>
            <dst id="WASHng">35535.0746666667</dst>
        </src>
        <src id="SNVAng">
            <dst id="ATLA-M5">0</dst>
            <dst id="ATLAng">713.344</dst>
            <dst id="CHINng">111.008</dst>
            <dst id="DNVRng">4900.016</dst>
            <dst id="HSTNng">0</dst>
            <dst id="IPLSng">5895.86933333333</dst>
            <dst id="KSCYng">708.386666666667</dst>
            <dst id="LOSAng">34606.0213333333</dst>
            <dst id="NYCMng">89.3946666666667</dst>
            <dst id="SNVAng">10118.8586666667</dst>
            <dst id="STTLng">37926.632</dst>
            <dst id="WASHng">26.6666666666667</dst>
        </src>
        <src id="STTLng">
            <dst id="ATLA-M5">114.752</dst>
            <dst id="ATLAng">8393.61866666667</dst>
            <dst id="CHINng">13837.2933333333</dst>
            <dst id="DNVRng">4509.15733333333</dst>
            <dst id="HSTNng">693.768</dst>
            <dst id="IPLSng">6408.04266666667</dst>
            <dst id="KSCYng">2375.28533333333</dst>
            <dst id="LOSAng">10515.3146666667</dst>
            <dst id="NYCMng">11229.136</dst>
            <dst id="SNVAng">9413.568</dst>
            <dst id="STTLng">2015.376</dst>
            <dst id="WASHng">4330.80266666667</dst>
        </src>
        <src id="WASHng">
            <dst id="ATLA-M5">1718.10133333333</dst>
            <dst id="ATLAng">103197.986666667</dst>
            <dst id="CHINng">81189.1386666666</dst>
            <dst id="DNVRng">53374.5653333333</dst>
            <dst id="HSTNng">29612.6773333333</dst>
            <dst id="IPLSng">48562.512</dst>
            <dst id="KSCYng">25346.6906666667</dst>
            <dst id="LOSAng">117287.493333333</dst>
            <dst id="NYCMng">147238.077333333</dst>
            <dst id="SNVAng">980.349333333333</dst>
            <dst id="STTLng">23535.8</dst>
            <dst id="WASHng">211087.058666667</dst>
        </src>
    </IntraTM>
</TrafficMatrixFile>
