<?xml version="1.0" encoding="ISO-8859-1" standalone="yes"?>
<TrafficMatrixFile xsi:noNamespaceSchemaLocation="http://totem.run.montefiore.ulg.ac.be/Schema/TrafficMatrix-v1_2.xsd" xmlns:xsi="http://www.w3.org/2001/XMLSchema-instance">
    <IntraTM ASID="11537">
        <src id="ATLA-M5">
            <dst id="ATLA-M5">0</dst>
            <dst id="ATLAng">0</dst>
            <dst id="CHINng">166.882666666667</dst>
            <dst id="DNVRng">0</dst>
            <dst id="HSTNng">37.0853333333333</dst>
            <dst id="IPLSng">0</dst>
            <dst id="KSCYng">0</dst>
            <dst id="LOSAng">0</dst>
            <dst id="NYCMng">129.048</dst>
            <dst id="SNVAng">42.136</dst>
            <dst id="STTLng">88.7306666666667</dst>
            <dst id="WASHng">259.917333333333</dst>
        </src>
        <src id="ATLAng">
            <dst id="ATLA-M5">133.376</dst>
            <dst id="ATLAng">11501.696</dst>
            <dst id="CHINng">5679.32533333333</dst>
            <dst id="DNVRng">6398.02666666667</dst>
            <dst id="HSTNng">654.242666666667</dst>
            <dst id="IPLSng">7232.84266666667</dst>
            <dst id="KSCYng">406.992</dst>
            <dst id="LOSAng">4433.184</dst>
            <dst id="NYCMng">2244.16533333333</dst>
            <dst id="SNVAng">98.2373333333333</dst>
            <dst id="STTLng">1786.216</dst>
            <dst id="WASHng">23266.9466666667</dst>
        </src>
        <src id="CHINng">
            <dst id="ATLA-M5">193.557333333333</dst>
            <dst id="ATLAng">13812.688</dst>
            <dst id="CHINng">35082.9413333333</dst>
            <dst id="DNVRng">4444.304</dst>
            <dst id="HSTNng">6961.76533333333</dst>
            <dst id="IPLSng">42957.1973333333</dst>
            <dst id="KSCYng">7313.47466666667</dst>
            <dst id="LOSAng">22150.864</dst>
            <dst id="NYCMng">19988.376</dst>
            <dst id="SNVAng">627.389333333333</dst>
            <dst id="STTLng">7153.85333333333</dst>
            <dst id="WASHng">17315.2186666667</dst>
        </src>
        <src id="DNVRng">
            <dst id="ATLA-M5">159.216</dst>
            <dst id="ATLAng">7781.42666666667</dst>
            <dst id="CHINng">45806.92</dst>
            <dst id="DNVRng">10801.7733333333</dst>
            <dst id="HSTNng">22217.976</dst>
            <dst id="IPLSng">43416.536</dst>
            <dst id="KSCYng">15544.1546666667</dst>
            <dst id="LOSAng">7075.66933333334</dst>
            <dst id="NYCMng">14549.6933333333</dst>
            <dst id="SNVAng">7355.87733333333</dst>
            <dst id="STTLng">6060.32266666667</dst>
            <dst id="WASHng">34235.48</dst>
        </src>
        <src id="HSTNng">
            <dst id="ATLA-M5">2220.78666666667</dst>
            <dst id="ATLAng">6256.896</dst>
            <dst id="CHINng">7476.14666666667</dst>
            <dst id="DNVRng">830.032</dst>
            <dst id="HSTNng">13020.9146666667</dst>
            <dst id="IPLSng">776.130666666667</dst>
            <dst id="KSCYng">2257.22133333333</dst>
            <dst id="LOSAng">6716.936</dst>
            <dst id="NYCMng">7000.61066666667</dst>
            <dst id="SNVAng">26.6666666666667</dst>
            <dst id="STTLng">1348.96266666667</dst>
            <dst id="WASHng">12460.8213333333</dst>
        </src>
        <src id="IPLSng">
            <dst id="ATLA-M5">0</dst>
            <dst id="ATLAng">10338.248</dst>
            <dst id="CHINng">23460.5226666667</dst>
            <dst id="DNVRng">12882.0746666667</dst>
            <dst id="HSTNng">2215.32266666667</dst>
            <dst id="IPLSng">2642.696</dst>
            <dst id="KSCYng">2319.904</dst>
            <dst id="LOSAng">12601.0186666667</dst>
            <dst id="NYCMng">15231.4053333333</dst>
            <dst id="SNVAng">392.130666666667</dst>
            <dst id="STTLng">4945.57866666667</dst>
            <dst id="WASHng">7250.43466666667</dst>
        </src>
        <src id="KSCYng">
            <dst id="ATLA-M5">0</dst>
            <dst id="ATLAng">3295.104</dst>
            <dst id="CHINng">9137.304</dst>
            <dst id="DNVRng">4344.496</dst>
            <dst id="HSTNng">6904.54666666667</dst>
            <dst id="IPLSng">17218.4293333333</dst>
            <dst id="KSCYng">16048.056</dst>
            <dst id="LOSAng">5291.22133333333</dst>
            <dst id="NYCMng">752.666666666667</dst>
            <dst id="SNVAng">2206.38666666667</dst>
            <dst id="STTLng">916.552</dst>
            <dst id="WASHng">10453.5386666667</dst>
        </src>
        <src id="LOSAng">
            <dst id="ATLA-M5">80</dst>
            <dst id="ATLAng">18932.592</dst>
            <dst id="CHINng">43835.216</dst>
            <dst id="DNVRng">8907.19733333333</dst>
            <dst id="HSTNng">4184.89333333333</dst>
            <dst id="IPLSng">11204.4933333333</dst>
            <dst id="KSCYng">3679.792</dst>
            <dst id="LOSAng">8839.64266666667</dst>
            <dst id="NYCMng">22242.8613333333</dst>
            <dst id="SNVAng">28481.0266666667</dst>
            <dst id="STTLng">20905.9573333333</dst>
            <dst id="WASHng">79293.9573333333</dst>
        </src>
        <src id="NYCMng">
            <dst id="ATLA-M5">1721.18666666667</dst>
            <dst id="ATLAng">17539.8053333333</dst>
            <dst id="CHINng">20126.8853333333</dst>
            <dst id="DNVRng">20985.5066666667</dst>
            <dst id="HSTNng">7623.80266666667</dst>
            <dst id="IPLSng">8672.67733333333</dst>
            <dst id="KSCYng">6002.20266666667</dst>
            <dst id="LOSAng">46414.536</dst>
            <dst id="NYCMng">93708.2986666667</dst>
            <dst id="SNVAng">1047.944</dst>
            <dst id="STTLng">18651.7973333333</dst>
            <dst id="WASHng">36835.904</dst>
        </src>
        <src id="SNVAng">
            <dst id="ATLA-M5">0</dst>
            <dst id="ATLAng">612.922666666667</dst>
            <dst id="CHINng">80</dst>
            <dst id="DNVRng">4509.08266666667</dst>
            <dst id="HSTNng">26.6666666666667</dst>
            <dst id="IPLSng">264.546666666667</dst>
            <dst id="KSCYng">26.6666666666667</dst>
            <dst id="LOSAng">29688.5013333333</dst>
            <dst id="NYCMng">279.714666666667</dst>
            <dst id="SNVAng">8000.00266666667</dst>
            <dst id="STTLng">39399.712</dst>
            <dst id="WASHng">0</dst>
        </src>
        <src id="STTLng">
            <dst id="ATLA-M5">405.536</dst>
            <dst id="ATLAng">7180.48</dst>
            <dst id="CHINng">14556.6613333333</dst>
            <dst id="DNVRng">1891.26933333333</dst>
            <dst id="HSTNng">7899.47733333333</dst>
            <dst id="IPLSng">5034.29866666667</dst>
            <dst id="KSCYng">5126.84</dst>
            <dst id="LOSAng">9315.47733333334</dst>
            <dst id="NYCMng">20956.848</dst>
            <dst id="SNVAng">10153.9013333333</dst>
            <dst id="STTLng">2280.94133333333</dst>
            <dst id="WASHng">9634.57333333333</dst>
        </src>
        <src id="WASHng">
            <dst id="ATLA-M5">5155.33066666667</dst>
            <dst id="ATLAng">92467.3386666667</dst>
            <dst id="CHINng">55214.4</dst>
            <dst id="DNVRng">47820.104</dst>
            <dst id="HSTNng">28565.7813333333</dst>
            <dst id="IPLSng">67380.3893333333</dst>
            <dst id="KSCYng">21727.7653333333</dst>
            <dst id="LOSAng">85183.1626666667</dst>
            <dst id="NYCMng">143505.746666667</dst>
            <dst id="SNVAng">1654.54133333333</dst>
            <dst id="STTLng">17206.616</dst>
            <dst id="WASHng">257831.64</dst>
        </src>
    </IntraTM>
</TrafficMatrixFile>
