<?xml version="1.0" encoding="ISO-8859-1" standalone="yes"?>
<TrafficMatrixFile xsi:noNamespaceSchemaLocation="http://totem.run.montefiore.ulg.ac.be/Schema/TrafficMatrix-v1_2.xsd" xmlns:xsi="http://www.w3.org/2001/XMLSchema-instance">
    <IntraTM ASID="11537">
        <src id="ATLA-M5">
            <dst id="ATLA-M5">0</dst>
            <dst id="ATLAng">0</dst>
            <dst id="CHINng">26.6666666666667</dst>
            <dst id="DNVRng">582.314666666667</dst>
            <dst id="HSTNng">32.4186666666667</dst>
            <dst id="IPLSng">0</dst>
            <dst id="KSCYng">0</dst>
            <dst id="LOSAng">26.6666666666667</dst>
            <dst id="NYCMng">79.04</dst>
            <dst id="SNVAng">0</dst>
            <dst id="STTLng">52.5013333333333</dst>
            <dst id="WASHng">26.6666666666667</dst>
        </src>
        <src id="ATLAng">
            <dst id="ATLA-M5">28.8106666666667</dst>
            <dst id="ATLAng">26616.912</dst>
            <dst id="CHINng">8874.81866666666</dst>
            <dst id="DNVRng">2720.71733333333</dst>
            <dst id="HSTNng">320.730666666667</dst>
            <dst id="IPLSng">23168.5733333333</dst>
            <dst id="KSCYng">306.112</dst>
            <dst id="LOSAng">13119.744</dst>
            <dst id="NYCMng">3450.112</dst>
            <dst id="SNVAng">1636.816</dst>
            <dst id="STTLng">5244.408</dst>
            <dst id="WASHng">25539.56</dst>
        </src>
        <src id="CHINng">
            <dst id="ATLA-M5">0</dst>
            <dst id="ATLAng">6704.18666666667</dst>
            <dst id="CHINng">44468.816</dst>
            <dst id="DNVRng">12812.8933333333</dst>
            <dst id="HSTNng">12770.456</dst>
            <dst id="IPLSng">35002.096</dst>
            <dst id="KSCYng">4023.648</dst>
            <dst id="LOSAng">22719.9253333333</dst>
            <dst id="NYCMng">23211.2906666667</dst>
            <dst id="SNVAng">2426.24</dst>
            <dst id="STTLng">12779.9066666667</dst>
            <dst id="WASHng">28262.9386666667</dst>
        </src>
        <src id="DNVRng">
            <dst id="ATLA-M5">143.626666666667</dst>
            <dst id="ATLAng">2011.40266666667</dst>
            <dst id="CHINng">34439.5573333333</dst>
            <dst id="DNVRng">11217.8026666667</dst>
            <dst id="HSTNng">20294.248</dst>
            <dst id="IPLSng">30459.2</dst>
            <dst id="KSCYng">18959.8826666667</dst>
            <dst id="LOSAng">11608.9333333333</dst>
            <dst id="NYCMng">12898.1173333333</dst>
            <dst id="SNVAng">6971.14666666667</dst>
            <dst id="STTLng">3623.18133333333</dst>
            <dst id="WASHng">36095.2506666667</dst>
        </src>
        <src id="HSTNng">
            <dst id="ATLA-M5">1888.77333333333</dst>
            <dst id="ATLAng">3860.52</dst>
            <dst id="CHINng">5075.72266666667</dst>
            <dst id="DNVRng">634.698666666667</dst>
            <dst id="HSTNng">15395.488</dst>
            <dst id="IPLSng">543.997333333333</dst>
            <dst id="KSCYng">410.792</dst>
            <dst id="LOSAng">1520.944</dst>
            <dst id="NYCMng">1128.79733333333</dst>
            <dst id="SNVAng">26.6666666666667</dst>
            <dst id="STTLng">442.282666666667</dst>
            <dst id="WASHng">2280.42933333333</dst>
        </src>
        <src id="IPLSng">
            <dst id="ATLA-M5">0</dst>
            <dst id="ATLAng">21254.4186666667</dst>
            <dst id="CHINng">30125.3146666667</dst>
            <dst id="DNVRng">14237.2853333333</dst>
            <dst id="HSTNng">3478.43733333333</dst>
            <dst id="IPLSng">8496.52266666667</dst>
            <dst id="KSCYng">6547.38933333334</dst>
            <dst id="LOSAng">10124.1146666667</dst>
            <dst id="NYCMng">10374.3973333333</dst>
            <dst id="SNVAng">170.906666666667</dst>
            <dst id="STTLng">3821.792</dst>
            <dst id="WASHng">19956.1546666667</dst>
        </src>
        <src id="KSCYng">
            <dst id="ATLA-M5">26.6666666666667</dst>
            <dst id="ATLAng">2287.35466666667</dst>
            <dst id="CHINng">7549.05066666667</dst>
            <dst id="DNVRng">4706.89866666667</dst>
            <dst id="HSTNng">3358.57066666667</dst>
            <dst id="IPLSng">11128.384</dst>
            <dst id="KSCYng">7639.40266666667</dst>
            <dst id="LOSAng">3349.576</dst>
            <dst id="NYCMng">1321.49066666667</dst>
            <dst id="SNVAng">2157.21066666667</dst>
            <dst id="STTLng">513.269333333333</dst>
            <dst id="WASHng">9402.096</dst>
        </src>
        <src id="LOSAng">
            <dst id="ATLA-M5">31.5866666666667</dst>
            <dst id="ATLAng">7610.968</dst>
            <dst id="CHINng">48816.224</dst>
            <dst id="DNVRng">6686.98933333333</dst>
            <dst id="HSTNng">5056.57333333333</dst>
            <dst id="IPLSng">9784.93866666667</dst>
            <dst id="KSCYng">3629.78933333333</dst>
            <dst id="LOSAng">15416.4746666667</dst>
            <dst id="NYCMng">17482.0453333333</dst>
            <dst id="SNVAng">20305.3146666667</dst>
            <dst id="STTLng">27391.7253333333</dst>
            <dst id="WASHng">77274.9493333334</dst>
        </src>
        <src id="NYCMng">
            <dst id="ATLA-M5">0</dst>
            <dst id="ATLAng">7301.37866666667</dst>
            <dst id="CHINng">16261.4213333333</dst>
            <dst id="DNVRng">22747.0826666667</dst>
            <dst id="HSTNng">1442.272</dst>
            <dst id="IPLSng">18482.2026666667</dst>
            <dst id="KSCYng">3819.57333333333</dst>
            <dst id="LOSAng">56265.7226666667</dst>
            <dst id="NYCMng">77452.5546666666</dst>
            <dst id="SNVAng">3387.66666666667</dst>
            <dst id="STTLng">19775.368</dst>
            <dst id="WASHng">32311.9253333333</dst>
        </src>
        <src id="SNVAng">
            <dst id="ATLA-M5">0</dst>
            <dst id="ATLAng">26.6666666666667</dst>
            <dst id="CHINng">0</dst>
            <dst id="DNVRng">2186.08</dst>
            <dst id="HSTNng">26.6666666666667</dst>
            <dst id="IPLSng">189.456</dst>
            <dst id="KSCYng">0</dst>
            <dst id="LOSAng">26420.5466666667</dst>
            <dst id="NYCMng">0</dst>
            <dst id="SNVAng">7278.856</dst>
            <dst id="STTLng">33136.856</dst>
            <dst id="WASHng">0</dst>
        </src>
        <src id="STTLng">
            <dst id="ATLA-M5">98.5813333333334</dst>
            <dst id="ATLAng">4978.568</dst>
            <dst id="CHINng">18205.1946666667</dst>
            <dst id="DNVRng">716.645333333333</dst>
            <dst id="HSTNng">290.112</dst>
            <dst id="IPLSng">3759.36533333333</dst>
            <dst id="KSCYng">1523.78666666667</dst>
            <dst id="LOSAng">11375.1573333333</dst>
            <dst id="NYCMng">9651.88266666667</dst>
            <dst id="SNVAng">8895.792</dst>
            <dst id="STTLng">1295.13333333333</dst>
            <dst id="WASHng">3328.304</dst>
        </src>
        <src id="WASHng">
            <dst id="ATLA-M5">358.352</dst>
            <dst id="ATLAng">84852.5733333333</dst>
            <dst id="CHINng">69088.3866666667</dst>
            <dst id="DNVRng">61036.3653333333</dst>
            <dst id="HSTNng">59192.2053333333</dst>
            <dst id="IPLSng">77014.064</dst>
            <dst id="KSCYng">29524.2826666667</dst>
            <dst id="LOSAng">88491.6213333333</dst>
            <dst id="NYCMng">163890.746666667</dst>
            <dst id="SNVAng">2928.83466666667</dst>
            <dst id="STTLng">30536.0373333333</dst>
            <dst id="WASHng">267074.826666667</dst>
        </src>
    </IntraTM>
</TrafficMatrixFile>
