<?xml version="1.0" encoding="ISO-8859-1" standalone="yes"?>
<TrafficMatrixFile xsi:noNamespaceSchemaLocation="http://totem.run.montefiore.ulg.ac.be/Schema/TrafficMatrix-v1_2.xsd" xmlns:xsi="http://www.w3.org/2001/XMLSchema-instance">
    <IntraTM ASID="11537">
        <src id="ATLA-M5">
            <dst id="ATLA-M5">0</dst>
            <dst id="ATLAng">26.6666666666667</dst>
            <dst id="CHINng">278.845333333333</dst>
            <dst id="DNVRng">527.338666666667</dst>
            <dst id="HSTNng">26.6666666666667</dst>
            <dst id="IPLSng">26.6666666666667</dst>
            <dst id="KSCYng">26.6666666666667</dst>
            <dst id="LOSAng">26.6666666666667</dst>
            <dst id="NYCMng">62.6666666666667</dst>
            <dst id="SNVAng">0</dst>
            <dst id="STTLng">73.8346666666667</dst>
            <dst id="WASHng">371.6</dst>
        </src>
        <src id="ATLAng">
            <dst id="ATLA-M5">67.912</dst>
            <dst id="ATLAng">29812.088</dst>
            <dst id="CHINng">4409.07733333333</dst>
            <dst id="DNVRng">2411.368</dst>
            <dst id="HSTNng">20133.2053333333</dst>
            <dst id="IPLSng">12995.7226666667</dst>
            <dst id="KSCYng">2566.616</dst>
            <dst id="LOSAng">16725.64</dst>
            <dst id="NYCMng">8313.30666666667</dst>
            <dst id="SNVAng">66.6666666666667</dst>
            <dst id="STTLng">4651.592</dst>
            <dst id="WASHng">33015.8533333333</dst>
        </src>
        <src id="CHINng">
            <dst id="ATLA-M5">53.3333333333333</dst>
            <dst id="ATLAng">8357.48533333333</dst>
            <dst id="CHINng">64484.5173333333</dst>
            <dst id="DNVRng">3538.12</dst>
            <dst id="HSTNng">7012.52</dst>
            <dst id="IPLSng">45190.568</dst>
            <dst id="KSCYng">8821.21333333333</dst>
            <dst id="LOSAng">23084.976</dst>
            <dst id="NYCMng">22499.304</dst>
            <dst id="SNVAng">5100.42933333333</dst>
            <dst id="STTLng">5634.672</dst>
            <dst id="WASHng">22423.0613333333</dst>
        </src>
        <src id="DNVRng">
            <dst id="ATLA-M5">144.288</dst>
            <dst id="ATLAng">6378.72533333333</dst>
            <dst id="CHINng">35490.824</dst>
            <dst id="DNVRng">7222.50933333333</dst>
            <dst id="HSTNng">21634.2106666667</dst>
            <dst id="IPLSng">26427.0026666667</dst>
            <dst id="KSCYng">17068.6426666667</dst>
            <dst id="LOSAng">15762.1733333333</dst>
            <dst id="NYCMng">14818.6586666667</dst>
            <dst id="SNVAng">5961.904</dst>
            <dst id="STTLng">3992.83733333333</dst>
            <dst id="WASHng">34069.872</dst>
        </src>
        <src id="HSTNng">
            <dst id="ATLA-M5">129.781333333333</dst>
            <dst id="ATLAng">6037.112</dst>
            <dst id="CHINng">7090.90133333333</dst>
            <dst id="DNVRng">1030.90666666667</dst>
            <dst id="HSTNng">18068.648</dst>
            <dst id="IPLSng">2362.528</dst>
            <dst id="KSCYng">866.434666666667</dst>
            <dst id="LOSAng">1915.95733333333</dst>
            <dst id="NYCMng">1349.208</dst>
            <dst id="SNVAng">95.896</dst>
            <dst id="STTLng">663.853333333333</dst>
            <dst id="WASHng">2446.38933333333</dst>
        </src>
        <src id="IPLSng">
            <dst id="ATLA-M5">0</dst>
            <dst id="ATLAng">16575.44</dst>
            <dst id="CHINng">55073.3146666667</dst>
            <dst id="DNVRng">11963.28</dst>
            <dst id="HSTNng">1116.05333333333</dst>
            <dst id="IPLSng">17458.8906666667</dst>
            <dst id="KSCYng">6965.75466666667</dst>
            <dst id="LOSAng">17336.7733333333</dst>
            <dst id="NYCMng">5221.25066666667</dst>
            <dst id="SNVAng">89.312</dst>
            <dst id="STTLng">9559.18933333333</dst>
            <dst id="WASHng">15018.0773333333</dst>
        </src>
        <src id="KSCYng">
            <dst id="ATLA-M5">0</dst>
            <dst id="ATLAng">3055.16</dst>
            <dst id="CHINng">11288.7573333333</dst>
            <dst id="DNVRng">8559.776</dst>
            <dst id="HSTNng">3673.62933333333</dst>
            <dst id="IPLSng">12235.656</dst>
            <dst id="KSCYng">16210.2373333333</dst>
            <dst id="LOSAng">3193.62933333333</dst>
            <dst id="NYCMng">2887.22133333333</dst>
            <dst id="SNVAng">2117.34933333333</dst>
            <dst id="STTLng">263.237333333333</dst>
            <dst id="WASHng">12054.3226666667</dst>
        </src>
        <src id="LOSAng">
            <dst id="ATLA-M5">857.224</dst>
            <dst id="ATLAng">12734.1546666667</dst>
            <dst id="CHINng">58514.3733333333</dst>
            <dst id="DNVRng">7289.49866666667</dst>
            <dst id="HSTNng">2449.96533333333</dst>
            <dst id="IPLSng">37332.9573333333</dst>
            <dst id="KSCYng">5277.31733333333</dst>
            <dst id="LOSAng">7718.07733333333</dst>
            <dst id="NYCMng">15820.8133333333</dst>
            <dst id="SNVAng">27057.1386666667</dst>
            <dst id="STTLng">19451.136</dst>
            <dst id="WASHng">72402.7013333333</dst>
        </src>
        <src id="NYCMng">
            <dst id="ATLA-M5">745.762666666667</dst>
            <dst id="ATLAng">20773.3973333333</dst>
            <dst id="CHINng">23316.9493333333</dst>
            <dst id="DNVRng">22136.6026666667</dst>
            <dst id="HSTNng">6466.00533333333</dst>
            <dst id="IPLSng">23637.2906666667</dst>
            <dst id="KSCYng">10273.744</dst>
            <dst id="LOSAng">49064.144</dst>
            <dst id="NYCMng">99858.408</dst>
            <dst id="SNVAng">530.992</dst>
            <dst id="STTLng">19039.9733333333</dst>
            <dst id="WASHng">46218.0346666667</dst>
        </src>
        <src id="SNVAng">
            <dst id="ATLA-M5">0</dst>
            <dst id="ATLAng">26.6666666666667</dst>
            <dst id="CHINng">0</dst>
            <dst id="DNVRng">2264.85866666667</dst>
            <dst id="HSTNng">53.3333333333333</dst>
            <dst id="IPLSng">293.728</dst>
            <dst id="KSCYng">26.6666666666667</dst>
            <dst id="LOSAng">29213.52</dst>
            <dst id="NYCMng">53.3333333333333</dst>
            <dst id="SNVAng">6891.36</dst>
            <dst id="STTLng">34754.0666666667</dst>
            <dst id="WASHng">26.6666666666667</dst>
        </src>
        <src id="STTLng">
            <dst id="ATLA-M5">230.389333333333</dst>
            <dst id="ATLAng">9869.352</dst>
            <dst id="CHINng">13754.856</dst>
            <dst id="DNVRng">5884.85066666667</dst>
            <dst id="HSTNng">875.861333333333</dst>
            <dst id="IPLSng">5881.67733333333</dst>
            <dst id="KSCYng">2895.73066666667</dst>
            <dst id="LOSAng">9135.84</dst>
            <dst id="NYCMng">9217.672</dst>
            <dst id="SNVAng">8714.53333333333</dst>
            <dst id="STTLng">1082.47466666667</dst>
            <dst id="WASHng">6433.66133333333</dst>
        </src>
        <src id="WASHng">
            <dst id="ATLA-M5">367.701333333333</dst>
            <dst id="ATLAng">46327.432</dst>
            <dst id="CHINng">55714.7386666667</dst>
            <dst id="DNVRng">55726.6</dst>
            <dst id="HSTNng">13626.7973333333</dst>
            <dst id="IPLSng">42227.856</dst>
            <dst id="KSCYng">28636.7546666667</dst>
            <dst id="LOSAng">111769.04</dst>
            <dst id="NYCMng">174000.826666667</dst>
            <dst id="SNVAng">987.008</dst>
            <dst id="STTLng">28258</dst>
            <dst id="WASHng">218858.458666667</dst>
        </src>
    </IntraTM>
</TrafficMatrixFile>
