<?xml version="1.0" encoding="ISO-8859-1" standalone="yes"?>
<TrafficMatrixFile xsi:noNamespaceSchemaLocation="http://totem.run.montefiore.ulg.ac.be/Schema/TrafficMatrix-v1_2.xsd" xmlns:xsi="http://www.w3.org/2001/XMLSchema-instance">
    <IntraTM ASID="11537">
        <src id="ATLA-M5">
            <dst id="ATLA-M5">0</dst>
            <dst id="ATLAng">0</dst>
            <dst id="CHINng">118.082666666667</dst>
            <dst id="DNVRng">0</dst>
            <dst id="HSTNng">87.376</dst>
            <dst id="IPLSng">0</dst>
            <dst id="KSCYng">0</dst>
            <dst id="LOSAng">28</dst>
            <dst id="NYCMng">108.586666666667</dst>
            <dst id="SNVAng">0</dst>
            <dst id="STTLng">82.192</dst>
            <dst id="WASHng">0</dst>
        </src>
        <src id="ATLAng">
            <dst id="ATLA-M5">0</dst>
            <dst id="ATLAng">21981.256</dst>
            <dst id="CHINng">3644.256</dst>
            <dst id="DNVRng">2667.30933333333</dst>
            <dst id="HSTNng">371.021333333333</dst>
            <dst id="IPLSng">10197.424</dst>
            <dst id="KSCYng">298.312</dst>
            <dst id="LOSAng">10004.2506666667</dst>
            <dst id="NYCMng">3332.776</dst>
            <dst id="SNVAng">184.501333333333</dst>
            <dst id="STTLng">5648.976</dst>
            <dst id="WASHng">35284.3813333333</dst>
        </src>
        <src id="CHINng">
            <dst id="ATLA-M5">0</dst>
            <dst id="ATLAng">3694.65066666667</dst>
            <dst id="CHINng">40782.3413333334</dst>
            <dst id="DNVRng">9994.4</dst>
            <dst id="HSTNng">14276.136</dst>
            <dst id="IPLSng">17667.5173333333</dst>
            <dst id="KSCYng">4176.36533333333</dst>
            <dst id="LOSAng">22343.856</dst>
            <dst id="NYCMng">25813.96</dst>
            <dst id="SNVAng">918.205333333333</dst>
            <dst id="STTLng">8324.264</dst>
            <dst id="WASHng">7004.82133333334</dst>
        </src>
        <src id="DNVRng">
            <dst id="ATLA-M5">121.92</dst>
            <dst id="ATLAng">4564.98133333333</dst>
            <dst id="CHINng">37173.4613333333</dst>
            <dst id="DNVRng">2424.73066666667</dst>
            <dst id="HSTNng">17658.56</dst>
            <dst id="IPLSng">30946.3333333333</dst>
            <dst id="KSCYng">9240.68</dst>
            <dst id="LOSAng">3878.91466666667</dst>
            <dst id="NYCMng">11292.336</dst>
            <dst id="SNVAng">3557.56533333333</dst>
            <dst id="STTLng">2902.648</dst>
            <dst id="WASHng">31706.624</dst>
        </src>
        <src id="HSTNng">
            <dst id="ATLA-M5">1509.85866666667</dst>
            <dst id="ATLAng">428.722666666667</dst>
            <dst id="CHINng">7140.32266666667</dst>
            <dst id="DNVRng">819.485333333333</dst>
            <dst id="HSTNng">15359.7466666667</dst>
            <dst id="IPLSng">3326.61866666667</dst>
            <dst id="KSCYng">807.901333333333</dst>
            <dst id="LOSAng">1931.66933333333</dst>
            <dst id="NYCMng">1334.75733333333</dst>
            <dst id="SNVAng">26.6666666666667</dst>
            <dst id="STTLng">874.373333333333</dst>
            <dst id="WASHng">4764.23466666667</dst>
        </src>
        <src id="IPLSng">
            <dst id="ATLA-M5">0</dst>
            <dst id="ATLAng">8605.304</dst>
            <dst id="CHINng">43727.1226666667</dst>
            <dst id="DNVRng">7074.72533333333</dst>
            <dst id="HSTNng">1401.79733333333</dst>
            <dst id="IPLSng">8900.11466666667</dst>
            <dst id="KSCYng">1642.544</dst>
            <dst id="LOSAng">19387.3946666667</dst>
            <dst id="NYCMng">17073.256</dst>
            <dst id="SNVAng">208.501333333333</dst>
            <dst id="STTLng">6372.808</dst>
            <dst id="WASHng">3739.264</dst>
        </src>
        <src id="KSCYng">
            <dst id="ATLA-M5">0</dst>
            <dst id="ATLAng">2017.23733333333</dst>
            <dst id="CHINng">6252.31466666667</dst>
            <dst id="DNVRng">3969.49866666667</dst>
            <dst id="HSTNng">2629.17333333333</dst>
            <dst id="IPLSng">7578.95466666667</dst>
            <dst id="KSCYng">5887.21333333333</dst>
            <dst id="LOSAng">3300.76266666667</dst>
            <dst id="NYCMng">2388.41866666667</dst>
            <dst id="SNVAng">1839.072</dst>
            <dst id="STTLng">575.072</dst>
            <dst id="WASHng">8166.19466666667</dst>
        </src>
        <src id="LOSAng">
            <dst id="ATLA-M5">53.3333333333333</dst>
            <dst id="ATLAng">7056.37866666667</dst>
            <dst id="CHINng">53203.0586666667</dst>
            <dst id="DNVRng">8363.088</dst>
            <dst id="HSTNng">1658.17066666667</dst>
            <dst id="IPLSng">7023.504</dst>
            <dst id="KSCYng">1739.08266666667</dst>
            <dst id="LOSAng">8813.61866666667</dst>
            <dst id="NYCMng">18806.2933333333</dst>
            <dst id="SNVAng">19617.544</dst>
            <dst id="STTLng">24320.2506666667</dst>
            <dst id="WASHng">80834.0933333333</dst>
        </src>
        <src id="NYCMng">
            <dst id="ATLA-M5">80</dst>
            <dst id="ATLAng">10202.1306666667</dst>
            <dst id="CHINng">23090.0693333333</dst>
            <dst id="DNVRng">27571.064</dst>
            <dst id="HSTNng">7395.936</dst>
            <dst id="IPLSng">21194.5573333333</dst>
            <dst id="KSCYng">4673.81333333333</dst>
            <dst id="LOSAng">53677.2453333333</dst>
            <dst id="NYCMng">57799.3573333333</dst>
            <dst id="SNVAng">2384.448</dst>
            <dst id="STTLng">15144.1173333333</dst>
            <dst id="WASHng">34674.0346666667</dst>
        </src>
        <src id="SNVAng">
            <dst id="ATLA-M5">0</dst>
            <dst id="ATLAng">26.6666666666667</dst>
            <dst id="CHINng">53.3333333333333</dst>
            <dst id="DNVRng">1323.79466666667</dst>
            <dst id="HSTNng">26.6666666666667</dst>
            <dst id="IPLSng">229.816</dst>
            <dst id="KSCYng">0</dst>
            <dst id="LOSAng">29866.768</dst>
            <dst id="NYCMng">8475.27466666667</dst>
            <dst id="SNVAng">7893.95466666667</dst>
            <dst id="STTLng">28973.1253333333</dst>
            <dst id="WASHng">51.6426666666667</dst>
        </src>
        <src id="STTLng">
            <dst id="ATLA-M5">149.797333333333</dst>
            <dst id="ATLAng">5350.31733333333</dst>
            <dst id="CHINng">21017.6133333333</dst>
            <dst id="DNVRng">476.24</dst>
            <dst id="HSTNng">403</dst>
            <dst id="IPLSng">3218.544</dst>
            <dst id="KSCYng">655.738666666667</dst>
            <dst id="LOSAng">9205.89333333333</dst>
            <dst id="NYCMng">9728.96266666667</dst>
            <dst id="SNVAng">12531.9093333333</dst>
            <dst id="STTLng">947.506666666667</dst>
            <dst id="WASHng">4475.71466666667</dst>
        </src>
        <src id="WASHng">
            <dst id="ATLA-M5">263.370666666667</dst>
            <dst id="ATLAng">85491.5413333333</dst>
            <dst id="CHINng">30560.7733333333</dst>
            <dst id="DNVRng">28367.3093333333</dst>
            <dst id="HSTNng">6081.66666666667</dst>
            <dst id="IPLSng">61186.8373333333</dst>
            <dst id="KSCYng">28722.28</dst>
            <dst id="LOSAng">97492.8426666667</dst>
            <dst id="NYCMng">110755.261333333</dst>
            <dst id="SNVAng">297.474666666667</dst>
            <dst id="STTLng">23031.104</dst>
            <dst id="WASHng">197381.866666667</dst>
        </src>
    </IntraTM>
</TrafficMatrixFile>
