<?xml version="1.0" encoding="ISO-8859-1" standalone="yes"?>
<TrafficMatrixFile xsi:noNamespaceSchemaLocation="http://totem.run.montefiore.ulg.ac.be/Schema/TrafficMatrix-v1_2.xsd" xmlns:xsi="http://www.w3.org/2001/XMLSchema-instance">
    <IntraTM ASID="11537">
        <src id="ATLA-M5">
            <dst id="ATLA-M5">26.6666666666667</dst>
            <dst id="ATLAng">0</dst>
            <dst id="CHINng">26.6666666666667</dst>
            <dst id="DNVRng">1043.264</dst>
            <dst id="HSTNng">1606.03733333333</dst>
            <dst id="IPLSng">0</dst>
            <dst id="KSCYng">0</dst>
            <dst id="LOSAng">113.008</dst>
            <dst id="NYCMng">106.138666666667</dst>
            <dst id="SNVAng">13.3333333333333</dst>
            <dst id="STTLng">56.6346666666667</dst>
            <dst id="WASHng">0</dst>
        </src>
        <src id="ATLAng">
            <dst id="ATLA-M5">0</dst>
            <dst id="ATLAng">48573.7626666667</dst>
            <dst id="CHINng">3189.25066666667</dst>
            <dst id="DNVRng">2823.07733333333</dst>
            <dst id="HSTNng">3810.504</dst>
            <dst id="IPLSng">15932.3386666667</dst>
            <dst id="KSCYng">2756.28</dst>
            <dst id="LOSAng">16639.1333333333</dst>
            <dst id="NYCMng">6535.776</dst>
            <dst id="SNVAng">1553.75733333333</dst>
            <dst id="STTLng">5850.992</dst>
            <dst id="WASHng">36718.472</dst>
        </src>
        <src id="CHINng">
            <dst id="ATLA-M5">53.3333333333333</dst>
            <dst id="ATLAng">5428.09333333333</dst>
            <dst id="CHINng">67236.816</dst>
            <dst id="DNVRng">14862.6826666667</dst>
            <dst id="HSTNng">16460.0346666667</dst>
            <dst id="IPLSng">12757.1973333333</dst>
            <dst id="KSCYng">2961.768</dst>
            <dst id="LOSAng">21836.6106666667</dst>
            <dst id="NYCMng">21342.1413333333</dst>
            <dst id="SNVAng">102.245333333333</dst>
            <dst id="STTLng">12644.4613333333</dst>
            <dst id="WASHng">14275.7386666667</dst>
        </src>
        <src id="DNVRng">
            <dst id="ATLA-M5">162.965333333333</dst>
            <dst id="ATLAng">2276.76266666667</dst>
            <dst id="CHINng">38988.688</dst>
            <dst id="DNVRng">3313.232</dst>
            <dst id="HSTNng">17666.5706666667</dst>
            <dst id="IPLSng">29248.1866666667</dst>
            <dst id="KSCYng">10030.272</dst>
            <dst id="LOSAng">6583.70666666667</dst>
            <dst id="NYCMng">13897.864</dst>
            <dst id="SNVAng">3913.68</dst>
            <dst id="STTLng">3396.09866666667</dst>
            <dst id="WASHng">35262.128</dst>
        </src>
        <src id="HSTNng">
            <dst id="ATLA-M5">1014.33866666667</dst>
            <dst id="ATLAng">7352.17333333333</dst>
            <dst id="CHINng">5420.168</dst>
            <dst id="DNVRng">1352.46133333333</dst>
            <dst id="HSTNng">18422.4826666667</dst>
            <dst id="IPLSng">807.533333333333</dst>
            <dst id="KSCYng">1309.496</dst>
            <dst id="LOSAng">1905.392</dst>
            <dst id="NYCMng">2138.29866666667</dst>
            <dst id="SNVAng">26.6666666666667</dst>
            <dst id="STTLng">491.936</dst>
            <dst id="WASHng">1810.232</dst>
        </src>
        <src id="IPLSng">
            <dst id="ATLA-M5">0</dst>
            <dst id="ATLAng">4730.81066666667</dst>
            <dst id="CHINng">35252.0346666667</dst>
            <dst id="DNVRng">11573.2506666667</dst>
            <dst id="HSTNng">3911.80533333333</dst>
            <dst id="IPLSng">31134.6266666667</dst>
            <dst id="KSCYng">4511.86133333333</dst>
            <dst id="LOSAng">8649.99466666667</dst>
            <dst id="NYCMng">8339.90133333334</dst>
            <dst id="SNVAng">219.248</dst>
            <dst id="STTLng">4751.11733333333</dst>
            <dst id="WASHng">19057.3786666667</dst>
        </src>
        <src id="KSCYng">
            <dst id="ATLA-M5">0</dst>
            <dst id="ATLAng">2042.68533333333</dst>
            <dst id="CHINng">7298.17066666666</dst>
            <dst id="DNVRng">4043.36533333333</dst>
            <dst id="HSTNng">3148.35466666667</dst>
            <dst id="IPLSng">10427.1706666667</dst>
            <dst id="KSCYng">6190.14933333333</dst>
            <dst id="LOSAng">3861.21866666667</dst>
            <dst id="NYCMng">1224.66666666667</dst>
            <dst id="SNVAng">1913.82933333333</dst>
            <dst id="STTLng">707.717333333333</dst>
            <dst id="WASHng">8192.904</dst>
        </src>
        <src id="LOSAng">
            <dst id="ATLA-M5">0</dst>
            <dst id="ATLAng">36009.976</dst>
            <dst id="CHINng">50690.2506666667</dst>
            <dst id="DNVRng">5087.92533333333</dst>
            <dst id="HSTNng">2496.72266666667</dst>
            <dst id="IPLSng">12141.2613333333</dst>
            <dst id="KSCYng">2817.92266666667</dst>
            <dst id="LOSAng">9645.22666666667</dst>
            <dst id="NYCMng">24526.2026666667</dst>
            <dst id="SNVAng">21746.1253333333</dst>
            <dst id="STTLng">26064.1066666667</dst>
            <dst id="WASHng">76522.3946666667</dst>
        </src>
        <src id="NYCMng">
            <dst id="ATLA-M5">319.557333333333</dst>
            <dst id="ATLAng">5188.37066666667</dst>
            <dst id="CHINng">17595.8533333333</dst>
            <dst id="DNVRng">23030.616</dst>
            <dst id="HSTNng">2574.71466666667</dst>
            <dst id="IPLSng">16510.5493333333</dst>
            <dst id="KSCYng">3106.45066666667</dst>
            <dst id="LOSAng">54429.384</dst>
            <dst id="NYCMng">54680.296</dst>
            <dst id="SNVAng">2534.32533333333</dst>
            <dst id="STTLng">17077.8826666667</dst>
            <dst id="WASHng">34676.6106666667</dst>
        </src>
        <src id="SNVAng">
            <dst id="ATLA-M5">0</dst>
            <dst id="ATLAng">26.6666666666667</dst>
            <dst id="CHINng">0</dst>
            <dst id="DNVRng">5255.84533333333</dst>
            <dst id="HSTNng">0</dst>
            <dst id="IPLSng">275.282666666667</dst>
            <dst id="KSCYng">0</dst>
            <dst id="LOSAng">19389.224</dst>
            <dst id="NYCMng">62.632</dst>
            <dst id="SNVAng">7374.92533333333</dst>
            <dst id="STTLng">33081.4373333333</dst>
            <dst id="WASHng">80</dst>
        </src>
        <src id="STTLng">
            <dst id="ATLA-M5">81.4186666666667</dst>
            <dst id="ATLAng">5118.60533333333</dst>
            <dst id="CHINng">22225.3333333333</dst>
            <dst id="DNVRng">1150.48533333333</dst>
            <dst id="HSTNng">181.96</dst>
            <dst id="IPLSng">4724.864</dst>
            <dst id="KSCYng">3091.70666666667</dst>
            <dst id="LOSAng">9425.46666666667</dst>
            <dst id="NYCMng">8523.68</dst>
            <dst id="SNVAng">8268.10933333333</dst>
            <dst id="STTLng">1310.77066666667</dst>
            <dst id="WASHng">4601.6</dst>
        </src>
        <src id="WASHng">
            <dst id="ATLA-M5">315.008</dst>
            <dst id="ATLAng">59846.016</dst>
            <dst id="CHINng">49317.9306666667</dst>
            <dst id="DNVRng">33194.8213333333</dst>
            <dst id="HSTNng">30391.488</dst>
            <dst id="IPLSng">69289.9013333333</dst>
            <dst id="KSCYng">28443.1066666667</dst>
            <dst id="LOSAng">90697.4853333333</dst>
            <dst id="NYCMng">151376.272</dst>
            <dst id="SNVAng">1232.84533333333</dst>
            <dst id="STTLng">24047.5866666667</dst>
            <dst id="WASHng">325827.093333333</dst>
        </src>
    </IntraTM>
</TrafficMatrixFile>
