<?xml version="1.0" encoding="ISO-8859-1" standalone="yes"?>
<TrafficMatrixFile xsi:noNamespaceSchemaLocation="http://totem.run.montefiore.ulg.ac.be/Schema/TrafficMatrix-v1_2.xsd" xmlns:xsi="http://www.w3.org/2001/XMLSchema-instance">
    <IntraTM ASID="11537">
        <src id="ATLA-M5">
            <dst id="ATLA-M5">26.6666666666667</dst>
            <dst id="ATLAng">0</dst>
            <dst id="CHINng">155.525333333333</dst>
            <dst id="DNVRng">26.6666666666667</dst>
            <dst id="HSTNng">36.32</dst>
            <dst id="IPLSng">53.3333333333333</dst>
            <dst id="KSCYng">74.3573333333333</dst>
            <dst id="LOSAng">380.781333333333</dst>
            <dst id="NYCMng">157.541333333333</dst>
            <dst id="SNVAng">0</dst>
            <dst id="STTLng">0</dst>
            <dst id="WASHng">241.250666666667</dst>
        </src>
        <src id="ATLAng">
            <dst id="ATLA-M5">93.256</dst>
            <dst id="ATLAng">22384.8293333333</dst>
            <dst id="CHINng">6741.07466666667</dst>
            <dst id="DNVRng">3075.46666666667</dst>
            <dst id="HSTNng">35812.648</dst>
            <dst id="IPLSng">18213.304</dst>
            <dst id="KSCYng">583.765333333333</dst>
            <dst id="LOSAng">14189.488</dst>
            <dst id="NYCMng">2061.8</dst>
            <dst id="SNVAng">191.448</dst>
            <dst id="STTLng">4202.06666666667</dst>
            <dst id="WASHng">32964.2853333333</dst>
        </src>
        <src id="CHINng">
            <dst id="ATLA-M5">26.6666666666667</dst>
            <dst id="ATLAng">19771.072</dst>
            <dst id="CHINng">63901.8293333333</dst>
            <dst id="DNVRng">27542.344</dst>
            <dst id="HSTNng">10059.4826666667</dst>
            <dst id="IPLSng">47062.5786666667</dst>
            <dst id="KSCYng">7733.38933333334</dst>
            <dst id="LOSAng">24839.328</dst>
            <dst id="NYCMng">14976.5733333333</dst>
            <dst id="SNVAng">2810.21866666667</dst>
            <dst id="STTLng">6910.94933333333</dst>
            <dst id="WASHng">34521.1466666667</dst>
        </src>
        <src id="DNVRng">
            <dst id="ATLA-M5">145.92</dst>
            <dst id="ATLAng">3615.97333333333</dst>
            <dst id="CHINng">134933.592</dst>
            <dst id="DNVRng">12110.504</dst>
            <dst id="HSTNng">22635.56</dst>
            <dst id="IPLSng">30481.088</dst>
            <dst id="KSCYng">15330.904</dst>
            <dst id="LOSAng">29884.0266666667</dst>
            <dst id="NYCMng">12622.1626666667</dst>
            <dst id="SNVAng">7556.704</dst>
            <dst id="STTLng">4530.688</dst>
            <dst id="WASHng">44446.2613333333</dst>
        </src>
        <src id="HSTNng">
            <dst id="ATLA-M5">2042.92266666667</dst>
            <dst id="ATLAng">3815.76533333333</dst>
            <dst id="CHINng">16167.7626666667</dst>
            <dst id="DNVRng">1825.608</dst>
            <dst id="HSTNng">15305.32</dst>
            <dst id="IPLSng">2356.14133333333</dst>
            <dst id="KSCYng">982.634666666667</dst>
            <dst id="LOSAng">12141.7946666667</dst>
            <dst id="NYCMng">4624.94666666667</dst>
            <dst id="SNVAng">26.6666666666667</dst>
            <dst id="STTLng">582.992</dst>
            <dst id="WASHng">5801.864</dst>
        </src>
        <src id="IPLSng">
            <dst id="ATLA-M5">652.202666666667</dst>
            <dst id="ATLAng">6680.52</dst>
            <dst id="CHINng">63963.5546666667</dst>
            <dst id="DNVRng">7289.18666666667</dst>
            <dst id="HSTNng">2392.128</dst>
            <dst id="IPLSng">23744.3306666667</dst>
            <dst id="KSCYng">7384.21866666667</dst>
            <dst id="LOSAng">14661.8293333333</dst>
            <dst id="NYCMng">48450.2186666667</dst>
            <dst id="SNVAng">1770.74666666667</dst>
            <dst id="STTLng">6751.25866666667</dst>
            <dst id="WASHng">16792.672</dst>
        </src>
        <src id="KSCYng">
            <dst id="ATLA-M5">26.6666666666667</dst>
            <dst id="ATLAng">7505.67466666667</dst>
            <dst id="CHINng">17196.464</dst>
            <dst id="DNVRng">17808.168</dst>
            <dst id="HSTNng">5578.096</dst>
            <dst id="IPLSng">13477.944</dst>
            <dst id="KSCYng">11329.6373333333</dst>
            <dst id="LOSAng">5295.77866666667</dst>
            <dst id="NYCMng">2718.19466666667</dst>
            <dst id="SNVAng">2480.832</dst>
            <dst id="STTLng">1163.232</dst>
            <dst id="WASHng">9108.57333333333</dst>
        </src>
        <src id="LOSAng">
            <dst id="ATLA-M5">549.962666666667</dst>
            <dst id="ATLAng">13693.1733333333</dst>
            <dst id="CHINng">53363.4826666667</dst>
            <dst id="DNVRng">6144.14133333333</dst>
            <dst id="HSTNng">6369.49866666667</dst>
            <dst id="IPLSng">16864.1786666667</dst>
            <dst id="KSCYng">1561.75466666667</dst>
            <dst id="LOSAng">5776.912</dst>
            <dst id="NYCMng">27178.4853333333</dst>
            <dst id="SNVAng">21240.7173333333</dst>
            <dst id="STTLng">17327.072</dst>
            <dst id="WASHng">83367.9946666667</dst>
        </src>
        <src id="NYCMng">
            <dst id="ATLA-M5">4204.928</dst>
            <dst id="ATLAng">11500.9413333333</dst>
            <dst id="CHINng">14724.896</dst>
            <dst id="DNVRng">30257.0346666667</dst>
            <dst id="HSTNng">7326.82933333334</dst>
            <dst id="IPLSng">25415.264</dst>
            <dst id="KSCYng">6291.14933333333</dst>
            <dst id="LOSAng">58109.6266666667</dst>
            <dst id="NYCMng">107805.165333333</dst>
            <dst id="SNVAng">1149.08266666667</dst>
            <dst id="STTLng">31563.2</dst>
            <dst id="WASHng">47345.7013333333</dst>
        </src>
        <src id="SNVAng">
            <dst id="ATLA-M5">0</dst>
            <dst id="ATLAng">679.957333333333</dst>
            <dst id="CHINng">0</dst>
            <dst id="DNVRng">3571.66133333333</dst>
            <dst id="HSTNng">0</dst>
            <dst id="IPLSng">291.914666666667</dst>
            <dst id="KSCYng">26.6666666666667</dst>
            <dst id="LOSAng">27089.1626666667</dst>
            <dst id="NYCMng">0</dst>
            <dst id="SNVAng">7279.78133333333</dst>
            <dst id="STTLng">36768.3573333333</dst>
            <dst id="WASHng">26.6666666666667</dst>
        </src>
        <src id="STTLng">
            <dst id="ATLA-M5">55.688</dst>
            <dst id="ATLAng">6522.24533333333</dst>
            <dst id="CHINng">15480.1333333333</dst>
            <dst id="DNVRng">2825.21066666667</dst>
            <dst id="HSTNng">3307.87733333333</dst>
            <dst id="IPLSng">13543.0426666667</dst>
            <dst id="KSCYng">1707.38933333333</dst>
            <dst id="LOSAng">13335.544</dst>
            <dst id="NYCMng">11595.4586666667</dst>
            <dst id="SNVAng">7442.688</dst>
            <dst id="STTLng">1445.496</dst>
            <dst id="WASHng">7239.33866666667</dst>
        </src>
        <src id="WASHng">
            <dst id="ATLA-M5">26.6666666666667</dst>
            <dst id="ATLAng">106854.032</dst>
            <dst id="CHINng">48682.5253333333</dst>
            <dst id="DNVRng">51385.28</dst>
            <dst id="HSTNng">20927.416</dst>
            <dst id="IPLSng">58662.5546666667</dst>
            <dst id="KSCYng">30607.6266666667</dst>
            <dst id="LOSAng">94733.488</dst>
            <dst id="NYCMng">139852.949333333</dst>
            <dst id="SNVAng">1322.67466666667</dst>
            <dst id="STTLng">19213.96</dst>
            <dst id="WASHng">196567.778666667</dst>
        </src>
    </IntraTM>
</TrafficMatrixFile>
