<?xml version="1.0" encoding="ISO-8859-1" standalone="yes"?>
<TrafficMatrixFile xsi:noNamespaceSchemaLocation="http://totem.run.montefiore.ulg.ac.be/Schema/TrafficMatrix-v1_2.xsd" xmlns:xsi="http://www.w3.org/2001/XMLSchema-instance">
    <IntraTM ASID="11537">
        <src id="ATLA-M5">
            <dst id="ATLA-M5">26.6666666666667</dst>
            <dst id="ATLAng">47.1466666666667</dst>
            <dst id="CHINng">134.802666666667</dst>
            <dst id="DNVRng">0</dst>
            <dst id="HSTNng">26.6666666666667</dst>
            <dst id="IPLSng">0</dst>
            <dst id="KSCYng">0</dst>
            <dst id="LOSAng">39.7813333333333</dst>
            <dst id="NYCMng">39.0666666666667</dst>
            <dst id="SNVAng">28.2826666666667</dst>
            <dst id="STTLng">61.504</dst>
            <dst id="WASHng">230.562666666667</dst>
        </src>
        <src id="ATLAng">
            <dst id="ATLA-M5">3123.39466666667</dst>
            <dst id="ATLAng">29769.0186666667</dst>
            <dst id="CHINng">4532.42133333333</dst>
            <dst id="DNVRng">2318.10666666667</dst>
            <dst id="HSTNng">593.136</dst>
            <dst id="IPLSng">11502.1013333333</dst>
            <dst id="KSCYng">592.557333333333</dst>
            <dst id="LOSAng">11283.9813333333</dst>
            <dst id="NYCMng">3434.65066666667</dst>
            <dst id="SNVAng">1673.05333333333</dst>
            <dst id="STTLng">3347.83466666667</dst>
            <dst id="WASHng">23054.6266666667</dst>
        </src>
        <src id="CHINng">
            <dst id="ATLA-M5">0</dst>
            <dst id="ATLAng">7096.00266666667</dst>
            <dst id="CHINng">35953.3866666667</dst>
            <dst id="DNVRng">7164.792</dst>
            <dst id="HSTNng">7712.78666666667</dst>
            <dst id="IPLSng">17743.6933333333</dst>
            <dst id="KSCYng">23711.4533333333</dst>
            <dst id="LOSAng">30711.3493333333</dst>
            <dst id="NYCMng">26586.6613333333</dst>
            <dst id="SNVAng">1940.74133333333</dst>
            <dst id="STTLng">4450.01066666667</dst>
            <dst id="WASHng">8578.152</dst>
        </src>
        <src id="DNVRng">
            <dst id="ATLA-M5">124.96</dst>
            <dst id="ATLAng">3155.94666666667</dst>
            <dst id="CHINng">34391.7573333333</dst>
            <dst id="DNVRng">14447.92</dst>
            <dst id="HSTNng">23396.952</dst>
            <dst id="IPLSng">33526.7653333333</dst>
            <dst id="KSCYng">16512.2213333333</dst>
            <dst id="LOSAng">5652.304</dst>
            <dst id="NYCMng">15744.7066666667</dst>
            <dst id="SNVAng">5085.18666666667</dst>
            <dst id="STTLng">5217.33866666667</dst>
            <dst id="WASHng">44513.472</dst>
        </src>
        <src id="HSTNng">
            <dst id="ATLA-M5">1424</dst>
            <dst id="ATLAng">4731.40533333333</dst>
            <dst id="CHINng">6250.77333333333</dst>
            <dst id="DNVRng">791.912</dst>
            <dst id="HSTNng">17299.4026666667</dst>
            <dst id="IPLSng">4174.85866666667</dst>
            <dst id="KSCYng">6131.06933333333</dst>
            <dst id="LOSAng">1521.072</dst>
            <dst id="NYCMng">1737.57066666667</dst>
            <dst id="SNVAng">26.6666666666667</dst>
            <dst id="STTLng">950.56</dst>
            <dst id="WASHng">2268.192</dst>
        </src>
        <src id="IPLSng">
            <dst id="ATLA-M5">0</dst>
            <dst id="ATLAng">16747.8986666667</dst>
            <dst id="CHINng">22395.528</dst>
            <dst id="DNVRng">6666.744</dst>
            <dst id="HSTNng">2209.152</dst>
            <dst id="IPLSng">9105.98133333333</dst>
            <dst id="KSCYng">3731.42666666667</dst>
            <dst id="LOSAng">14968.7573333333</dst>
            <dst id="NYCMng">4812.672</dst>
            <dst id="SNVAng">1961.41333333333</dst>
            <dst id="STTLng">6748.104</dst>
            <dst id="WASHng">5196.30666666667</dst>
        </src>
        <src id="KSCYng">
            <dst id="ATLA-M5">26.6666666666667</dst>
            <dst id="ATLAng">3452.31733333333</dst>
            <dst id="CHINng">6297.29066666667</dst>
            <dst id="DNVRng">12466.7013333333</dst>
            <dst id="HSTNng">7257.66933333334</dst>
            <dst id="IPLSng">13915.856</dst>
            <dst id="KSCYng">12777.7413333333</dst>
            <dst id="LOSAng">3159.90133333333</dst>
            <dst id="NYCMng">1302.61333333333</dst>
            <dst id="SNVAng">2690.984</dst>
            <dst id="STTLng">6157.17066666667</dst>
            <dst id="WASHng">9559.29066666667</dst>
        </src>
        <src id="LOSAng">
            <dst id="ATLA-M5">53.3333333333333</dst>
            <dst id="ATLAng">8825.632</dst>
            <dst id="CHINng">38237.2746666667</dst>
            <dst id="DNVRng">7882.648</dst>
            <dst id="HSTNng">7392.77333333333</dst>
            <dst id="IPLSng">9604.25333333333</dst>
            <dst id="KSCYng">4600.80266666667</dst>
            <dst id="LOSAng">12448.3733333333</dst>
            <dst id="NYCMng">32462.512</dst>
            <dst id="SNVAng">22669.1466666667</dst>
            <dst id="STTLng">21323.7946666667</dst>
            <dst id="WASHng">78303.1173333333</dst>
        </src>
        <src id="NYCMng">
            <dst id="ATLA-M5">265.549333333333</dst>
            <dst id="ATLAng">7841.53066666667</dst>
            <dst id="CHINng">17633.416</dst>
            <dst id="DNVRng">21997.6133333333</dst>
            <dst id="HSTNng">2912.13066666667</dst>
            <dst id="IPLSng">7442.28266666667</dst>
            <dst id="KSCYng">5410.69333333333</dst>
            <dst id="LOSAng">52382.6746666667</dst>
            <dst id="NYCMng">67956.1466666667</dst>
            <dst id="SNVAng">1071.696</dst>
            <dst id="STTLng">13432.1466666667</dst>
            <dst id="WASHng">28324.6613333333</dst>
        </src>
        <src id="SNVAng">
            <dst id="ATLA-M5">0</dst>
            <dst id="ATLAng">37.632</dst>
            <dst id="CHINng">0</dst>
            <dst id="DNVRng">317.290666666667</dst>
            <dst id="HSTNng">0</dst>
            <dst id="IPLSng">403.861333333333</dst>
            <dst id="KSCYng">0</dst>
            <dst id="LOSAng">31960.5733333333</dst>
            <dst id="NYCMng">53.3333333333333</dst>
            <dst id="SNVAng">8105.496</dst>
            <dst id="STTLng">34767.8</dst>
            <dst id="WASHng">195.797333333333</dst>
        </src>
        <src id="STTLng">
            <dst id="ATLA-M5">84.3626666666667</dst>
            <dst id="ATLAng">5395.20266666667</dst>
            <dst id="CHINng">8102.90133333333</dst>
            <dst id="DNVRng">1418.09066666667</dst>
            <dst id="HSTNng">724.776</dst>
            <dst id="IPLSng">4232.31466666667</dst>
            <dst id="KSCYng">3075.41333333333</dst>
            <dst id="LOSAng">9461.33333333334</dst>
            <dst id="NYCMng">10462.856</dst>
            <dst id="SNVAng">10458.3226666667</dst>
            <dst id="STTLng">2093.744</dst>
            <dst id="WASHng">4285.98133333333</dst>
        </src>
        <src id="WASHng">
            <dst id="ATLA-M5">390.437333333333</dst>
            <dst id="ATLAng">92979.0426666667</dst>
            <dst id="CHINng">52427.896</dst>
            <dst id="DNVRng">66846.5893333333</dst>
            <dst id="HSTNng">21175.0133333333</dst>
            <dst id="IPLSng">49786.4106666667</dst>
            <dst id="KSCYng">34231.792</dst>
            <dst id="LOSAng">108398.938666667</dst>
            <dst id="NYCMng">138786.354666667</dst>
            <dst id="SNVAng">10391.3146666667</dst>
            <dst id="STTLng">58302.5466666667</dst>
            <dst id="WASHng">181605.170666667</dst>
        </src>
    </IntraTM>
</TrafficMatrixFile>
