<?xml version="1.0" encoding="ISO-8859-1" standalone="yes"?>
<TrafficMatrixFile xsi:noNamespaceSchemaLocation="http://totem.run.montefiore.ulg.ac.be/Schema/TrafficMatrix-v1_2.xsd" xmlns:xsi="http://www.w3.org/2001/XMLSchema-instance">
    <IntraTM ASID="11537">
        <src id="ATLA-M5">
            <dst id="ATLA-M5">0</dst>
            <dst id="ATLAng">26.6666666666667</dst>
            <dst id="CHINng">201.24</dst>
            <dst id="DNVRng">26.6666666666667</dst>
            <dst id="HSTNng">70.4053333333333</dst>
            <dst id="IPLSng">0</dst>
            <dst id="KSCYng">0</dst>
            <dst id="LOSAng">26.6666666666667</dst>
            <dst id="NYCMng">111.858666666667</dst>
            <dst id="SNVAng">62.528</dst>
            <dst id="STTLng">106.44</dst>
            <dst id="WASHng">292.381333333333</dst>
        </src>
        <src id="ATLAng">
            <dst id="ATLA-M5">53.6026666666667</dst>
            <dst id="ATLAng">9392.83733333333</dst>
            <dst id="CHINng">5149.64</dst>
            <dst id="DNVRng">4198.79466666667</dst>
            <dst id="HSTNng">8954.904</dst>
            <dst id="IPLSng">11364.1813333333</dst>
            <dst id="KSCYng">801.114666666667</dst>
            <dst id="LOSAng">12400.1453333333</dst>
            <dst id="NYCMng">1980.24266666667</dst>
            <dst id="SNVAng">39.7613333333333</dst>
            <dst id="STTLng">1317.42933333333</dst>
            <dst id="WASHng">22434.9626666667</dst>
        </src>
        <src id="CHINng">
            <dst id="ATLA-M5">199.96</dst>
            <dst id="ATLAng">19700.76</dst>
            <dst id="CHINng">67876.4266666667</dst>
            <dst id="DNVRng">9091.92</dst>
            <dst id="HSTNng">10854.1493333333</dst>
            <dst id="IPLSng">47893.544</dst>
            <dst id="KSCYng">6617.92266666667</dst>
            <dst id="LOSAng">30551.4586666667</dst>
            <dst id="NYCMng">23331.8133333333</dst>
            <dst id="SNVAng">560.066666666667</dst>
            <dst id="STTLng">8467.70933333333</dst>
            <dst id="WASHng">18214.6186666667</dst>
        </src>
        <src id="DNVRng">
            <dst id="ATLA-M5">235.306666666667</dst>
            <dst id="ATLAng">5178.152</dst>
            <dst id="CHINng">43424.2746666667</dst>
            <dst id="DNVRng">9337.256</dst>
            <dst id="HSTNng">21315.7946666667</dst>
            <dst id="IPLSng">44286.4826666667</dst>
            <dst id="KSCYng">13933.4773333333</dst>
            <dst id="LOSAng">7808.14666666667</dst>
            <dst id="NYCMng">14789.5653333333</dst>
            <dst id="SNVAng">6926.48</dst>
            <dst id="STTLng">7726.18133333333</dst>
            <dst id="WASHng">37584.7706666667</dst>
        </src>
        <src id="HSTNng">
            <dst id="ATLA-M5">1419.76</dst>
            <dst id="ATLAng">4521.43466666667</dst>
            <dst id="CHINng">9257.75466666667</dst>
            <dst id="DNVRng">907.786666666667</dst>
            <dst id="HSTNng">17383.704</dst>
            <dst id="IPLSng">1263.81866666667</dst>
            <dst id="KSCYng">2353.08533333333</dst>
            <dst id="LOSAng">11804.5866666667</dst>
            <dst id="NYCMng">7395.99466666667</dst>
            <dst id="SNVAng">26.6666666666667</dst>
            <dst id="STTLng">1104.856</dst>
            <dst id="WASHng">10093.2106666667</dst>
        </src>
        <src id="IPLSng">
            <dst id="ATLA-M5">0</dst>
            <dst id="ATLAng">15956.8853333333</dst>
            <dst id="CHINng">48210.4133333333</dst>
            <dst id="DNVRng">14927.8853333333</dst>
            <dst id="HSTNng">1332.664</dst>
            <dst id="IPLSng">5433.66933333333</dst>
            <dst id="KSCYng">2767.00266666667</dst>
            <dst id="LOSAng">14171.7706666667</dst>
            <dst id="NYCMng">22828.5466666667</dst>
            <dst id="SNVAng">308.032</dst>
            <dst id="STTLng">6380</dst>
            <dst id="WASHng">10212.328</dst>
        </src>
        <src id="KSCYng">
            <dst id="ATLA-M5">0</dst>
            <dst id="ATLAng">3279.12266666667</dst>
            <dst id="CHINng">12545.784</dst>
            <dst id="DNVRng">4598.096</dst>
            <dst id="HSTNng">8071.37066666667</dst>
            <dst id="IPLSng">14894.336</dst>
            <dst id="KSCYng">10611.9013333333</dst>
            <dst id="LOSAng">7168.58133333333</dst>
            <dst id="NYCMng">2222.832</dst>
            <dst id="SNVAng">2331.776</dst>
            <dst id="STTLng">930.989333333333</dst>
            <dst id="WASHng">9887.97066666667</dst>
        </src>
        <src id="LOSAng">
            <dst id="ATLA-M5">33.8666666666667</dst>
            <dst id="ATLAng">16212.128</dst>
            <dst id="CHINng">55870.3493333333</dst>
            <dst id="DNVRng">10921.4053333333</dst>
            <dst id="HSTNng">4329.072</dst>
            <dst id="IPLSng">16481.1013333333</dst>
            <dst id="KSCYng">5339.57066666667</dst>
            <dst id="LOSAng">11269.296</dst>
            <dst id="NYCMng">24647.912</dst>
            <dst id="SNVAng">24304.5146666667</dst>
            <dst id="STTLng">23377.1946666667</dst>
            <dst id="WASHng">85051.344</dst>
        </src>
        <src id="NYCMng">
            <dst id="ATLA-M5">1402.048</dst>
            <dst id="ATLAng">17045.9893333333</dst>
            <dst id="CHINng">20452.52</dst>
            <dst id="DNVRng">20943.4133333333</dst>
            <dst id="HSTNng">10317.3013333333</dst>
            <dst id="IPLSng">15086.6986666667</dst>
            <dst id="KSCYng">5452.16266666667</dst>
            <dst id="LOSAng">56305.832</dst>
            <dst id="NYCMng">96442.504</dst>
            <dst id="SNVAng">713.810666666667</dst>
            <dst id="STTLng">19971.832</dst>
            <dst id="WASHng">42945.1146666667</dst>
        </src>
        <src id="SNVAng">
            <dst id="ATLA-M5">0</dst>
            <dst id="ATLAng">592.493333333333</dst>
            <dst id="CHINng">858.357333333333</dst>
            <dst id="DNVRng">3397.22133333333</dst>
            <dst id="HSTNng">0</dst>
            <dst id="IPLSng">257.917333333333</dst>
            <dst id="KSCYng">26.6666666666667</dst>
            <dst id="LOSAng">32307.608</dst>
            <dst id="NYCMng">313.688</dst>
            <dst id="SNVAng">8437.22933333333</dst>
            <dst id="STTLng">38415.968</dst>
            <dst id="WASHng">0</dst>
        </src>
        <src id="STTLng">
            <dst id="ATLA-M5">192.162666666667</dst>
            <dst id="ATLAng">6022.896</dst>
            <dst id="CHINng">13812.208</dst>
            <dst id="DNVRng">1791.46133333333</dst>
            <dst id="HSTNng">987.714666666667</dst>
            <dst id="IPLSng">4432.28</dst>
            <dst id="KSCYng">4277.864</dst>
            <dst id="LOSAng">10720.24</dst>
            <dst id="NYCMng">20346.7786666667</dst>
            <dst id="SNVAng">9747.35466666667</dst>
            <dst id="STTLng">1876.928</dst>
            <dst id="WASHng">8747.74133333334</dst>
        </src>
        <src id="WASHng">
            <dst id="ATLA-M5">4181.592</dst>
            <dst id="ATLAng">81694.9866666667</dst>
            <dst id="CHINng">48811.3093333334</dst>
            <dst id="DNVRng">51903.5493333333</dst>
            <dst id="HSTNng">21114.5333333333</dst>
            <dst id="IPLSng">66190.4506666666</dst>
            <dst id="KSCYng">23860.144</dst>
            <dst id="LOSAng">109738.264</dst>
            <dst id="NYCMng">201556.344</dst>
            <dst id="SNVAng">1785.54666666667</dst>
            <dst id="STTLng">17087.6586666667</dst>
            <dst id="WASHng">282369.76</dst>
        </src>
    </IntraTM>
</TrafficMatrixFile>
