<?xml version="1.0" encoding="ISO-8859-1" standalone="yes"?>
<TrafficMatrixFile xsi:noNamespaceSchemaLocation="http://totem.run.montefiore.ulg.ac.be/Schema/TrafficMatrix-v1_2.xsd" xmlns:xsi="http://www.w3.org/2001/XMLSchema-instance">
    <IntraTM ASID="11537">
        <src id="ATLA-M5">
            <dst id="ATLA-M5">0</dst>
            <dst id="ATLAng">0</dst>
            <dst id="CHINng">256.509333333333</dst>
            <dst id="DNVRng">95.8506666666667</dst>
            <dst id="HSTNng">1536.61866666667</dst>
            <dst id="IPLSng">83.7333333333333</dst>
            <dst id="KSCYng">0</dst>
            <dst id="LOSAng">0</dst>
            <dst id="NYCMng">191.08</dst>
            <dst id="SNVAng">0</dst>
            <dst id="STTLng">73.6853333333333</dst>
            <dst id="WASHng">53.3333333333333</dst>
        </src>
        <src id="ATLAng">
            <dst id="ATLA-M5">46.9706666666667</dst>
            <dst id="ATLAng">24456.224</dst>
            <dst id="CHINng">5131.35733333333</dst>
            <dst id="DNVRng">2729.77066666667</dst>
            <dst id="HSTNng">1119.09866666667</dst>
            <dst id="IPLSng">10727.3146666667</dst>
            <dst id="KSCYng">464.269333333333</dst>
            <dst id="LOSAng">10840.288</dst>
            <dst id="NYCMng">4702.90666666667</dst>
            <dst id="SNVAng">26.6666666666667</dst>
            <dst id="STTLng">3278.376</dst>
            <dst id="WASHng">34909.32</dst>
        </src>
        <src id="CHINng">
            <dst id="ATLA-M5">1193.224</dst>
            <dst id="ATLAng">6070.89066666666</dst>
            <dst id="CHINng">51190.6906666666</dst>
            <dst id="DNVRng">5378.26933333333</dst>
            <dst id="HSTNng">11346.5413333333</dst>
            <dst id="IPLSng">11487.096</dst>
            <dst id="KSCYng">10408.4213333333</dst>
            <dst id="LOSAng">24732</dst>
            <dst id="NYCMng">23665.5866666667</dst>
            <dst id="SNVAng">1248.46666666667</dst>
            <dst id="STTLng">2791.52</dst>
            <dst id="WASHng">16623.5493333333</dst>
        </src>
        <src id="DNVRng">
            <dst id="ATLA-M5">6847.968</dst>
            <dst id="ATLAng">8729.488</dst>
            <dst id="CHINng">35280.7253333333</dst>
            <dst id="DNVRng">9493.34666666667</dst>
            <dst id="HSTNng">19875.2906666667</dst>
            <dst id="IPLSng">29696.0453333333</dst>
            <dst id="KSCYng">15751.504</dst>
            <dst id="LOSAng">6594.61066666667</dst>
            <dst id="NYCMng">12510.1386666667</dst>
            <dst id="SNVAng">6159.28533333333</dst>
            <dst id="STTLng">7753.61866666667</dst>
            <dst id="WASHng">33440.1626666667</dst>
        </src>
        <src id="HSTNng">
            <dst id="ATLA-M5">4273.67466666667</dst>
            <dst id="ATLAng">2718.86133333333</dst>
            <dst id="CHINng">8499.16533333333</dst>
            <dst id="DNVRng">710.749333333333</dst>
            <dst id="HSTNng">15865.3013333333</dst>
            <dst id="IPLSng">1501.92266666667</dst>
            <dst id="KSCYng">641.664</dst>
            <dst id="LOSAng">2070.68533333333</dst>
            <dst id="NYCMng">1669.24266666667</dst>
            <dst id="SNVAng">26.6666666666667</dst>
            <dst id="STTLng">922.701333333333</dst>
            <dst id="WASHng">5219.63466666667</dst>
        </src>
        <src id="IPLSng">
            <dst id="ATLA-M5">0</dst>
            <dst id="ATLAng">9921.26133333333</dst>
            <dst id="CHINng">46708.7146666667</dst>
            <dst id="DNVRng">6403.928</dst>
            <dst id="HSTNng">1608.84533333333</dst>
            <dst id="IPLSng">8069.304</dst>
            <dst id="KSCYng">2000.728</dst>
            <dst id="LOSAng">17252.68</dst>
            <dst id="NYCMng">3320.776</dst>
            <dst id="SNVAng">387.426666666667</dst>
            <dst id="STTLng">3816.62133333333</dst>
            <dst id="WASHng">22672.304</dst>
        </src>
        <src id="KSCYng">
            <dst id="ATLA-M5">0</dst>
            <dst id="ATLAng">2834.208</dst>
            <dst id="CHINng">14139.9493333333</dst>
            <dst id="DNVRng">3642.92</dst>
            <dst id="HSTNng">2645.81333333333</dst>
            <dst id="IPLSng">10725.416</dst>
            <dst id="KSCYng">12794.7626666667</dst>
            <dst id="LOSAng">3358.81333333333</dst>
            <dst id="NYCMng">1202.51733333333</dst>
            <dst id="SNVAng">1724.49866666667</dst>
            <dst id="STTLng">341.042666666667</dst>
            <dst id="WASHng">8367.304</dst>
        </src>
        <src id="LOSAng">
            <dst id="ATLA-M5">0</dst>
            <dst id="ATLAng">10960.8826666667</dst>
            <dst id="CHINng">47241.1813333333</dst>
            <dst id="DNVRng">12331.216</dst>
            <dst id="HSTNng">1879.66666666667</dst>
            <dst id="IPLSng">6263.60533333333</dst>
            <dst id="KSCYng">3854.09066666667</dst>
            <dst id="LOSAng">6371.864</dst>
            <dst id="NYCMng">18363.1493333333</dst>
            <dst id="SNVAng">20256.5786666667</dst>
            <dst id="STTLng">22941.0106666667</dst>
            <dst id="WASHng">125568.234666667</dst>
        </src>
        <src id="NYCMng">
            <dst id="ATLA-M5">203.450666666667</dst>
            <dst id="ATLAng">12578.848</dst>
            <dst id="CHINng">21015.4266666667</dst>
            <dst id="DNVRng">22791.5653333333</dst>
            <dst id="HSTNng">5978.05066666667</dst>
            <dst id="IPLSng">22741.168</dst>
            <dst id="KSCYng">1522.46666666667</dst>
            <dst id="LOSAng">48458.272</dst>
            <dst id="NYCMng">55572.448</dst>
            <dst id="SNVAng">2295.75733333333</dst>
            <dst id="STTLng">21641.224</dst>
            <dst id="WASHng">39146.8506666667</dst>
        </src>
        <src id="SNVAng">
            <dst id="ATLA-M5">0</dst>
            <dst id="ATLAng">79.048</dst>
            <dst id="CHINng">0</dst>
            <dst id="DNVRng">311.298666666667</dst>
            <dst id="HSTNng">0</dst>
            <dst id="IPLSng">178.424</dst>
            <dst id="KSCYng">0</dst>
            <dst id="LOSAng">29212.1733333333</dst>
            <dst id="NYCMng">0</dst>
            <dst id="SNVAng">7242.07466666667</dst>
            <dst id="STTLng">33743.5706666667</dst>
            <dst id="WASHng">141.312</dst>
        </src>
        <src id="STTLng">
            <dst id="ATLA-M5">97.1946666666667</dst>
            <dst id="ATLAng">7768.81066666667</dst>
            <dst id="CHINng">11519.0986666667</dst>
            <dst id="DNVRng">707.165333333333</dst>
            <dst id="HSTNng">412.834666666667</dst>
            <dst id="IPLSng">5636.64266666667</dst>
            <dst id="KSCYng">1178.22666666667</dst>
            <dst id="LOSAng">9615.49866666666</dst>
            <dst id="NYCMng">8280.35466666667</dst>
            <dst id="SNVAng">14598.6986666667</dst>
            <dst id="STTLng">1039.216</dst>
            <dst id="WASHng">6481.99733333333</dst>
        </src>
        <src id="WASHng">
            <dst id="ATLA-M5">290.994666666667</dst>
            <dst id="ATLAng">103016.626666667</dst>
            <dst id="CHINng">42770.7946666667</dst>
            <dst id="DNVRng">61106.2933333333</dst>
            <dst id="HSTNng">10354.3973333333</dst>
            <dst id="IPLSng">49929.192</dst>
            <dst id="KSCYng">29575.64</dst>
            <dst id="LOSAng">93193.8373333333</dst>
            <dst id="NYCMng">123659.848</dst>
            <dst id="SNVAng">789.773333333333</dst>
            <dst id="STTLng">25384.0106666667</dst>
            <dst id="WASHng">173309.181333333</dst>
        </src>
    </IntraTM>
</TrafficMatrixFile>
