<?xml version="1.0" encoding="ISO-8859-1" standalone="yes"?>
<TrafficMatrixFile xsi:noNamespaceSchemaLocation="http://totem.run.montefiore.ulg.ac.be/Schema/TrafficMatrix-v1_2.xsd" xmlns:xsi="http://www.w3.org/2001/XMLSchema-instance">
    <IntraTM ASID="11537">
        <src id="ATLA-M5">
            <dst id="ATLA-M5">184.917333333333</dst>
            <dst id="ATLAng">519.925333333333</dst>
            <dst id="CHINng">230.898666666667</dst>
            <dst id="DNVRng">0</dst>
            <dst id="HSTNng">110.253333333333</dst>
            <dst id="IPLSng">30.4853333333333</dst>
            <dst id="KSCYng">321.434666666667</dst>
            <dst id="LOSAng">73.4826666666666</dst>
            <dst id="NYCMng">53.3333333333333</dst>
            <dst id="SNVAng">26</dst>
            <dst id="STTLng">40.6853333333333</dst>
            <dst id="WASHng">1012.78933333333</dst>
        </src>
        <src id="ATLAng">
            <dst id="ATLA-M5">290.893333333333</dst>
            <dst id="ATLAng">29585.1733333333</dst>
            <dst id="CHINng">8055.47733333333</dst>
            <dst id="DNVRng">4190.53866666667</dst>
            <dst id="HSTNng">1140.13866666667</dst>
            <dst id="IPLSng">20091.8266666667</dst>
            <dst id="KSCYng">5305.34933333333</dst>
            <dst id="LOSAng">4946.37466666667</dst>
            <dst id="NYCMng">10871.3946666667</dst>
            <dst id="SNVAng">7183.56933333333</dst>
            <dst id="STTLng">1287.85866666667</dst>
            <dst id="WASHng">63945.8106666667</dst>
        </src>
        <src id="CHINng">
            <dst id="ATLA-M5">530.778666666667</dst>
            <dst id="ATLAng">18542.6026666667</dst>
            <dst id="CHINng">82519.2026666667</dst>
            <dst id="DNVRng">3093.66133333333</dst>
            <dst id="HSTNng">6443.73066666667</dst>
            <dst id="IPLSng">12527.864</dst>
            <dst id="KSCYng">7047.73866666667</dst>
            <dst id="LOSAng">5697.33066666667</dst>
            <dst id="NYCMng">15072.384</dst>
            <dst id="SNVAng">21830.0933333333</dst>
            <dst id="STTLng">7444.94133333333</dst>
            <dst id="WASHng">18022.072</dst>
        </src>
        <src id="DNVRng">
            <dst id="ATLA-M5">126.666666666667</dst>
            <dst id="ATLAng">12169.304</dst>
            <dst id="CHINng">48287.544</dst>
            <dst id="DNVRng">7049.67466666667</dst>
            <dst id="HSTNng">20939.2613333333</dst>
            <dst id="IPLSng">23444.8373333333</dst>
            <dst id="KSCYng">23649.2666666667</dst>
            <dst id="LOSAng">776.154666666667</dst>
            <dst id="NYCMng">16786.7866666667</dst>
            <dst id="SNVAng">20638.1066666667</dst>
            <dst id="STTLng">3889.61333333333</dst>
            <dst id="WASHng">49600.808</dst>
        </src>
        <src id="HSTNng">
            <dst id="ATLA-M5">1951.14666666667</dst>
            <dst id="ATLAng">3982.33333333333</dst>
            <dst id="CHINng">12930.184</dst>
            <dst id="DNVRng">1437.74133333333</dst>
            <dst id="HSTNng">12225.776</dst>
            <dst id="IPLSng">7698.728</dst>
            <dst id="KSCYng">2826.368</dst>
            <dst id="LOSAng">1418.21866666667</dst>
            <dst id="NYCMng">3400.65333333333</dst>
            <dst id="SNVAng">232.666666666667</dst>
            <dst id="STTLng">987.536</dst>
            <dst id="WASHng">4146.14666666667</dst>
        </src>
        <src id="IPLSng">
            <dst id="ATLA-M5">33.96</dst>
            <dst id="ATLAng">9776.74933333333</dst>
            <dst id="CHINng">63445.9653333333</dst>
            <dst id="DNVRng">7815.97866666667</dst>
            <dst id="HSTNng">2111.13866666667</dst>
            <dst id="IPLSng">17360.9786666667</dst>
            <dst id="KSCYng">4497.29333333333</dst>
            <dst id="LOSAng">4997.18666666667</dst>
            <dst id="NYCMng">21312.5786666667</dst>
            <dst id="SNVAng">6081.31733333333</dst>
            <dst id="STTLng">4369.69066666667</dst>
            <dst id="WASHng">19090.7493333333</dst>
        </src>
        <src id="KSCYng">
            <dst id="ATLA-M5">26.6666666666667</dst>
            <dst id="ATLAng">5712.62666666667</dst>
            <dst id="CHINng">12441.2853333333</dst>
            <dst id="DNVRng">4122.61066666667</dst>
            <dst id="HSTNng">3919.55466666667</dst>
            <dst id="IPLSng">12610.2613333333</dst>
            <dst id="KSCYng">8750.256</dst>
            <dst id="LOSAng">1042.27466666667</dst>
            <dst id="NYCMng">1970.624</dst>
            <dst id="SNVAng">3974.74933333333</dst>
            <dst id="STTLng">437.818666666667</dst>
            <dst id="WASHng">7370.06666666666</dst>
        </src>
        <src id="LOSAng">
            <dst id="ATLA-M5">43.0373333333333</dst>
            <dst id="ATLAng">8911.14933333333</dst>
            <dst id="CHINng">108530.066666667</dst>
            <dst id="DNVRng">7536.44266666667</dst>
            <dst id="HSTNng">2659.78933333333</dst>
            <dst id="IPLSng">24114.3573333333</dst>
            <dst id="KSCYng">1568.52533333333</dst>
            <dst id="LOSAng">14255.808</dst>
            <dst id="NYCMng">34439.432</dst>
            <dst id="SNVAng">22152.8053333333</dst>
            <dst id="STTLng">24446.5946666667</dst>
            <dst id="WASHng">83786.3733333333</dst>
        </src>
        <src id="NYCMng">
            <dst id="ATLA-M5">285.346666666667</dst>
            <dst id="ATLAng">27424.8506666667</dst>
            <dst id="CHINng">40581.872</dst>
            <dst id="DNVRng">22766.0186666667</dst>
            <dst id="HSTNng">3730.85333333333</dst>
            <dst id="IPLSng">14466.7466666667</dst>
            <dst id="KSCYng">3162.59733333333</dst>
            <dst id="LOSAng">6552.448</dst>
            <dst id="NYCMng">131216.322666667</dst>
            <dst id="SNVAng">41448.8426666667</dst>
            <dst id="STTLng">16235.1253333333</dst>
            <dst id="WASHng">54711.3893333333</dst>
        </src>
        <src id="SNVAng">
            <dst id="ATLA-M5">0</dst>
            <dst id="ATLAng">83.64</dst>
            <dst id="CHINng">53.3333333333333</dst>
            <dst id="DNVRng">11694.4933333333</dst>
            <dst id="HSTNng">108.96</dst>
            <dst id="IPLSng">565.269333333333</dst>
            <dst id="KSCYng">26.6666666666667</dst>
            <dst id="LOSAng">756.624</dst>
            <dst id="NYCMng">55.2693333333333</dst>
            <dst id="SNVAng">37556.2746666667</dst>
            <dst id="STTLng">38101.5706666667</dst>
            <dst id="WASHng">26.6666666666667</dst>
        </src>
        <src id="STTLng">
            <dst id="ATLA-M5">125.781333333333</dst>
            <dst id="ATLAng">9733.304</dst>
            <dst id="CHINng">26525.9786666667</dst>
            <dst id="DNVRng">4472.22133333333</dst>
            <dst id="HSTNng">2657.95466666667</dst>
            <dst id="IPLSng">12556.232</dst>
            <dst id="KSCYng">2438.192</dst>
            <dst id="LOSAng">2345.50933333333</dst>
            <dst id="NYCMng">19396.8746666667</dst>
            <dst id="SNVAng">12629.976</dst>
            <dst id="STTLng">2003.848</dst>
            <dst id="WASHng">72332.9973333333</dst>
        </src>
        <src id="WASHng">
            <dst id="ATLA-M5">186.778666666667</dst>
            <dst id="ATLAng">115715.325333333</dst>
            <dst id="CHINng">63000.5706666667</dst>
            <dst id="DNVRng">28135.7306666667</dst>
            <dst id="HSTNng">12858.7146666667</dst>
            <dst id="IPLSng">29768.2613333333</dst>
            <dst id="KSCYng">68855.3066666667</dst>
            <dst id="LOSAng">60100.8213333333</dst>
            <dst id="NYCMng">157275.368</dst>
            <dst id="SNVAng">27556.7893333333</dst>
            <dst id="STTLng">28559.4373333333</dst>
            <dst id="WASHng">355839.973333333</dst>
        </src>
    </IntraTM>
</TrafficMatrixFile>
