<?xml version="1.0" encoding="ISO-8859-1" standalone="yes"?>
<TrafficMatrixFile xsi:noNamespaceSchemaLocation="http://totem.run.montefiore.ulg.ac.be/Schema/TrafficMatrix-v1_2.xsd" xmlns:xsi="http://www.w3.org/2001/XMLSchema-instance">
    <IntraTM ASID="11537">
        <src id="ATLA-M5">
            <dst id="ATLA-M5">0</dst>
            <dst id="ATLAng">0</dst>
            <dst id="CHINng">284.501333333333</dst>
            <dst id="DNVRng">0</dst>
            <dst id="HSTNng">47.5226666666667</dst>
            <dst id="IPLSng">0</dst>
            <dst id="KSCYng">0</dst>
            <dst id="LOSAng">40</dst>
            <dst id="NYCMng">484.869333333333</dst>
            <dst id="SNVAng">53.84</dst>
            <dst id="STTLng">50.7466666666667</dst>
            <dst id="WASHng">202.376</dst>
        </src>
        <src id="ATLAng">
            <dst id="ATLA-M5">26.6666666666667</dst>
            <dst id="ATLAng">56639.512</dst>
            <dst id="CHINng">9630.856</dst>
            <dst id="DNVRng">3420.84533333333</dst>
            <dst id="HSTNng">336.906666666667</dst>
            <dst id="IPLSng">25062.144</dst>
            <dst id="KSCYng">2973.632</dst>
            <dst id="LOSAng">30446.4746666667</dst>
            <dst id="NYCMng">2432.03733333333</dst>
            <dst id="SNVAng">41.1773333333333</dst>
            <dst id="STTLng">2732.83733333333</dst>
            <dst id="WASHng">30645.832</dst>
        </src>
        <src id="CHINng">
            <dst id="ATLA-M5">0</dst>
            <dst id="ATLAng">5860.128</dst>
            <dst id="CHINng">45187.048</dst>
            <dst id="DNVRng">5853.99466666667</dst>
            <dst id="HSTNng">5740.33066666666</dst>
            <dst id="IPLSng">3100.64</dst>
            <dst id="KSCYng">8333.36266666667</dst>
            <dst id="LOSAng">10894.4266666667</dst>
            <dst id="NYCMng">19721.7653333333</dst>
            <dst id="SNVAng">138.354666666667</dst>
            <dst id="STTLng">6525.936</dst>
            <dst id="WASHng">14556.4853333333</dst>
        </src>
        <src id="DNVRng">
            <dst id="ATLA-M5">239.669333333333</dst>
            <dst id="ATLAng">5728.088</dst>
            <dst id="CHINng">31568.3706666667</dst>
            <dst id="DNVRng">17396.0453333333</dst>
            <dst id="HSTNng">22112.8346666667</dst>
            <dst id="IPLSng">34982.3866666667</dst>
            <dst id="KSCYng">25666.552</dst>
            <dst id="LOSAng">4660.86133333333</dst>
            <dst id="NYCMng">15944.296</dst>
            <dst id="SNVAng">7617.74666666667</dst>
            <dst id="STTLng">4033.66933333333</dst>
            <dst id="WASHng">46156.1173333333</dst>
        </src>
        <src id="HSTNng">
            <dst id="ATLA-M5">661.984</dst>
            <dst id="ATLAng">2594.288</dst>
            <dst id="CHINng">4639.176</dst>
            <dst id="DNVRng">5020.39733333333</dst>
            <dst id="HSTNng">18125.064</dst>
            <dst id="IPLSng">704.205333333333</dst>
            <dst id="KSCYng">1223.35466666667</dst>
            <dst id="LOSAng">4936.208</dst>
            <dst id="NYCMng">2271.82933333333</dst>
            <dst id="SNVAng">27.5333333333333</dst>
            <dst id="STTLng">584.546666666667</dst>
            <dst id="WASHng">3626.23466666667</dst>
        </src>
        <src id="IPLSng">
            <dst id="ATLA-M5">0</dst>
            <dst id="ATLAng">10362.048</dst>
            <dst id="CHINng">16536.3306666667</dst>
            <dst id="DNVRng">9234.88266666667</dst>
            <dst id="HSTNng">487.24</dst>
            <dst id="IPLSng">2441.59733333333</dst>
            <dst id="KSCYng">2005.22933333333</dst>
            <dst id="LOSAng">11617.152</dst>
            <dst id="NYCMng">8493.15733333333</dst>
            <dst id="SNVAng">700.52</dst>
            <dst id="STTLng">6590.992</dst>
            <dst id="WASHng">10398.8453333333</dst>
        </src>
        <src id="KSCYng">
            <dst id="ATLA-M5">0</dst>
            <dst id="ATLAng">4452.22666666667</dst>
            <dst id="CHINng">7001.12266666666</dst>
            <dst id="DNVRng">4705.888</dst>
            <dst id="HSTNng">6152.32</dst>
            <dst id="IPLSng">13251.7333333333</dst>
            <dst id="KSCYng">8805.44</dst>
            <dst id="LOSAng">5130.76</dst>
            <dst id="NYCMng">924.653333333333</dst>
            <dst id="SNVAng">2395.808</dst>
            <dst id="STTLng">919.021333333333</dst>
            <dst id="WASHng">9331.76266666667</dst>
        </src>
        <src id="LOSAng">
            <dst id="ATLA-M5">43.088</dst>
            <dst id="ATLAng">43116.352</dst>
            <dst id="CHINng">37115.9973333333</dst>
            <dst id="DNVRng">5512.08</dst>
            <dst id="HSTNng">3131.792</dst>
            <dst id="IPLSng">11553.016</dst>
            <dst id="KSCYng">2928.62133333333</dst>
            <dst id="LOSAng">14441.3306666667</dst>
            <dst id="NYCMng">21924.7786666667</dst>
            <dst id="SNVAng">27503.064</dst>
            <dst id="STTLng">28916.056</dst>
            <dst id="WASHng">79939.9573333333</dst>
        </src>
        <src id="NYCMng">
            <dst id="ATLA-M5">2551.66666666667</dst>
            <dst id="ATLAng">19235.9226666667</dst>
            <dst id="CHINng">18072.5146666667</dst>
            <dst id="DNVRng">26346.336</dst>
            <dst id="HSTNng">8674.97333333333</dst>
            <dst id="IPLSng">18400.0106666667</dst>
            <dst id="KSCYng">6125.056</dst>
            <dst id="LOSAng">65606.8453333333</dst>
            <dst id="NYCMng">115147.866666667</dst>
            <dst id="SNVAng">5647.72266666667</dst>
            <dst id="STTLng">29549.2533333333</dst>
            <dst id="WASHng">37889.968</dst>
        </src>
        <src id="SNVAng">
            <dst id="ATLA-M5">0</dst>
            <dst id="ATLAng">645.706666666667</dst>
            <dst id="CHINng">26.6666666666667</dst>
            <dst id="DNVRng">16995.3013333333</dst>
            <dst id="HSTNng">265.344</dst>
            <dst id="IPLSng">135.050666666667</dst>
            <dst id="KSCYng">0</dst>
            <dst id="LOSAng">34478.496</dst>
            <dst id="NYCMng">286.530666666667</dst>
            <dst id="SNVAng">8496.81066666667</dst>
            <dst id="STTLng">36433.4906666667</dst>
            <dst id="WASHng">26.6666666666667</dst>
        </src>
        <src id="STTLng">
            <dst id="ATLA-M5">112.674666666667</dst>
            <dst id="ATLAng">8820.91466666667</dst>
            <dst id="CHINng">10466.9573333333</dst>
            <dst id="DNVRng">4459.86133333333</dst>
            <dst id="HSTNng">1267.91466666667</dst>
            <dst id="IPLSng">6235.12</dst>
            <dst id="KSCYng">1724.62933333333</dst>
            <dst id="LOSAng">10813.776</dst>
            <dst id="NYCMng">12427.88</dst>
            <dst id="SNVAng">10732.1493333333</dst>
            <dst id="STTLng">2166.14133333333</dst>
            <dst id="WASHng">4164.232</dst>
        </src>
        <src id="WASHng">
            <dst id="ATLA-M5">166.112</dst>
            <dst id="ATLAng">76730.2586666667</dst>
            <dst id="CHINng">78315.9946666667</dst>
            <dst id="DNVRng">63938.56</dst>
            <dst id="HSTNng">30257.8773333333</dst>
            <dst id="IPLSng">54937.056</dst>
            <dst id="KSCYng">22470.7146666667</dst>
            <dst id="LOSAng">96305.4</dst>
            <dst id="NYCMng">145853.530666667</dst>
            <dst id="SNVAng">1108.544</dst>
            <dst id="STTLng">20510.9786666667</dst>
            <dst id="WASHng">201010.810666667</dst>
        </src>
    </IntraTM>
</TrafficMatrixFile>
