<?xml version="1.0" encoding="ISO-8859-1" standalone="yes"?>
<TrafficMatrixFile xsi:noNamespaceSchemaLocation="http://totem.run.montefiore.ulg.ac.be/Schema/TrafficMatrix-v1_2.xsd" xmlns:xsi="http://www.w3.org/2001/XMLSchema-instance">
    <IntraTM ASID="11537">
        <src id="ATLA-M5">
            <dst id="ATLA-M5">3887.72266666667</dst>
            <dst id="ATLAng">26.6666666666667</dst>
            <dst id="CHINng">255.770666666667</dst>
            <dst id="DNVRng">0</dst>
            <dst id="HSTNng">31.6293333333333</dst>
            <dst id="IPLSng">40.2133333333333</dst>
            <dst id="KSCYng">0</dst>
            <dst id="LOSAng">25.2746666666667</dst>
            <dst id="NYCMng">26.6666666666667</dst>
            <dst id="SNVAng">25.2746666666667</dst>
            <dst id="STTLng">516.384</dst>
            <dst id="WASHng">53.3333333333333</dst>
        </src>
        <src id="ATLAng">
            <dst id="ATLA-M5">53.3333333333333</dst>
            <dst id="ATLAng">51247.5573333333</dst>
            <dst id="CHINng">9437.544</dst>
            <dst id="DNVRng">2728.344</dst>
            <dst id="HSTNng">627.277333333333</dst>
            <dst id="IPLSng">16905.752</dst>
            <dst id="KSCYng">965.277333333333</dst>
            <dst id="LOSAng">5673.67333333333</dst>
            <dst id="NYCMng">1742.15733333333</dst>
            <dst id="SNVAng">4826.148</dst>
            <dst id="STTLng">2038.408</dst>
            <dst id="WASHng">23412.0746666667</dst>
        </src>
        <src id="CHINng">
            <dst id="ATLA-M5">378.221333333333</dst>
            <dst id="ATLAng">7881.392</dst>
            <dst id="CHINng">98375.2906666666</dst>
            <dst id="DNVRng">5213.592</dst>
            <dst id="HSTNng">6915.464</dst>
            <dst id="IPLSng">12861.9066666667</dst>
            <dst id="KSCYng">6804.704</dst>
            <dst id="LOSAng">7755.832</dst>
            <dst id="NYCMng">9117.01333333333</dst>
            <dst id="SNVAng">29566.4826666667</dst>
            <dst id="STTLng">8768.44266666667</dst>
            <dst id="WASHng">16750.3013333333</dst>
        </src>
        <src id="DNVRng">
            <dst id="ATLA-M5">147.84</dst>
            <dst id="ATLAng">3938.904</dst>
            <dst id="CHINng">78919.648</dst>
            <dst id="DNVRng">7705.15466666667</dst>
            <dst id="HSTNng">20676.0906666667</dst>
            <dst id="IPLSng">24444.0506666667</dst>
            <dst id="KSCYng">13639.464</dst>
            <dst id="LOSAng">2000.98133333333</dst>
            <dst id="NYCMng">17378.4453333333</dst>
            <dst id="SNVAng">16660.304</dst>
            <dst id="STTLng">7090.54666666667</dst>
            <dst id="WASHng">42186.7226666667</dst>
        </src>
        <src id="HSTNng">
            <dst id="ATLA-M5">1028.33066666667</dst>
            <dst id="ATLAng">9178.624</dst>
            <dst id="CHINng">15870.336</dst>
            <dst id="DNVRng">1879.60266666667</dst>
            <dst id="HSTNng">12612.1706666667</dst>
            <dst id="IPLSng">2409.23466666667</dst>
            <dst id="KSCYng">707.682666666666</dst>
            <dst id="LOSAng">10429.8693333333</dst>
            <dst id="NYCMng">5815.89333333333</dst>
            <dst id="SNVAng">99.616</dst>
            <dst id="STTLng">2770.53066666667</dst>
            <dst id="WASHng">5138.112</dst>
        </src>
        <src id="IPLSng">
            <dst id="ATLA-M5">2993.968</dst>
            <dst id="ATLAng">8635.016</dst>
            <dst id="CHINng">55116.7173333333</dst>
            <dst id="DNVRng">7067.66133333333</dst>
            <dst id="HSTNng">609.64</dst>
            <dst id="IPLSng">18017.496</dst>
            <dst id="KSCYng">5725.10933333334</dst>
            <dst id="LOSAng">4556.10666666667</dst>
            <dst id="NYCMng">17924.528</dst>
            <dst id="SNVAng">11667.144</dst>
            <dst id="STTLng">16360.6026666667</dst>
            <dst id="WASHng">6284.888</dst>
        </src>
        <src id="KSCYng">
            <dst id="ATLA-M5">26.6666666666667</dst>
            <dst id="ATLAng">2941.30933333333</dst>
            <dst id="CHINng">22205.8533333333</dst>
            <dst id="DNVRng">4231.17866666667</dst>
            <dst id="HSTNng">3352.12</dst>
            <dst id="IPLSng">10632.8106666667</dst>
            <dst id="KSCYng">9512.904</dst>
            <dst id="LOSAng">2167.34133333333</dst>
            <dst id="NYCMng">2872.10666666667</dst>
            <dst id="SNVAng">5158.08266666667</dst>
            <dst id="STTLng">571.52</dst>
            <dst id="WASHng">5740.192</dst>
        </src>
        <src id="LOSAng">
            <dst id="ATLA-M5">53.3333333333333</dst>
            <dst id="ATLAng">12655.872</dst>
            <dst id="CHINng">108405.290666667</dst>
            <dst id="DNVRng">6585.03733333333</dst>
            <dst id="HSTNng">2291.07466666667</dst>
            <dst id="IPLSng">8164.33866666667</dst>
            <dst id="KSCYng">1234.34933333333</dst>
            <dst id="LOSAng">25947.768</dst>
            <dst id="NYCMng">25458.056</dst>
            <dst id="SNVAng">23516.976</dst>
            <dst id="STTLng">22916.3786666667</dst>
            <dst id="WASHng">70130.3413333333</dst>
        </src>
        <src id="NYCMng">
            <dst id="ATLA-M5">80.8186666666667</dst>
            <dst id="ATLAng">7513.696</dst>
            <dst id="CHINng">37156.3546666667</dst>
            <dst id="DNVRng">21593.864</dst>
            <dst id="HSTNng">5843.09866666667</dst>
            <dst id="IPLSng">5709.25066666667</dst>
            <dst id="KSCYng">9507.856</dst>
            <dst id="LOSAng">6284.344</dst>
            <dst id="NYCMng">107212.645333333</dst>
            <dst id="SNVAng">43991.4773333333</dst>
            <dst id="STTLng">18992</dst>
            <dst id="WASHng">45814.12</dst>
        </src>
        <src id="SNVAng">
            <dst id="ATLA-M5">0</dst>
            <dst id="ATLAng">0</dst>
            <dst id="CHINng">134.805333333333</dst>
            <dst id="DNVRng">4675.53333333333</dst>
            <dst id="HSTNng">0</dst>
            <dst id="IPLSng">238.602666666667</dst>
            <dst id="KSCYng">26.6666666666667</dst>
            <dst id="LOSAng">2060.864</dst>
            <dst id="NYCMng">26.6666666666667</dst>
            <dst id="SNVAng">34159.6746666667</dst>
            <dst id="STTLng">30244.36</dst>
            <dst id="WASHng">53.3333333333333</dst>
        </src>
        <src id="STTLng">
            <dst id="ATLA-M5">94.632</dst>
            <dst id="ATLAng">4546.936</dst>
            <dst id="CHINng">18559.376</dst>
            <dst id="DNVRng">3838.90666666667</dst>
            <dst id="HSTNng">1141.33866666667</dst>
            <dst id="IPLSng">12347.9573333333</dst>
            <dst id="KSCYng">859.184</dst>
            <dst id="LOSAng">3589.31466666667</dst>
            <dst id="NYCMng">5798.232</dst>
            <dst id="SNVAng">18763.168</dst>
            <dst id="STTLng">1724.472</dst>
            <dst id="WASHng">10633.6586666667</dst>
        </src>
        <src id="WASHng">
            <dst id="ATLA-M5">105.373333333333</dst>
            <dst id="ATLAng">40535.376</dst>
            <dst id="CHINng">79411.696</dst>
            <dst id="DNVRng">22996.5093333333</dst>
            <dst id="HSTNng">22546.232</dst>
            <dst id="IPLSng">16540.248</dst>
            <dst id="KSCYng">34358.1573333333</dst>
            <dst id="LOSAng">73436.7706666667</dst>
            <dst id="NYCMng">99142.536</dst>
            <dst id="SNVAng">32981.424</dst>
            <dst id="STTLng">20593.4986666667</dst>
            <dst id="WASHng">253441.845333333</dst>
        </src>
    </IntraTM>
</TrafficMatrixFile>
