<?xml version="1.0" encoding="ISO-8859-1" standalone="yes"?>
<TrafficMatrixFile xsi:noNamespaceSchemaLocation="http://totem.run.montefiore.ulg.ac.be/Schema/TrafficMatrix-v1_2.xsd" xmlns:xsi="http://www.w3.org/2001/XMLSchema-instance">
    <IntraTM ASID="11537">
        <src id="ATLA-M5">
            <dst id="ATLA-M5">4113.088</dst>
            <dst id="ATLAng">0</dst>
            <dst id="CHINng">180.144</dst>
            <dst id="DNVRng">0</dst>
            <dst id="HSTNng">50.576</dst>
            <dst id="IPLSng">71.4666666666667</dst>
            <dst id="KSCYng">0</dst>
            <dst id="LOSAng">0</dst>
            <dst id="NYCMng">0</dst>
            <dst id="SNVAng">0</dst>
            <dst id="STTLng">496.584</dst>
            <dst id="WASHng">130.973333333333</dst>
        </src>
        <src id="ATLAng">
            <dst id="ATLA-M5">163.114666666667</dst>
            <dst id="ATLAng">27870.776</dst>
            <dst id="CHINng">10786.8826666667</dst>
            <dst id="DNVRng">2506.464</dst>
            <dst id="HSTNng">5131.33066666667</dst>
            <dst id="IPLSng">15906.9306666667</dst>
            <dst id="KSCYng">1037.70133333333</dst>
            <dst id="LOSAng">5639.956</dst>
            <dst id="NYCMng">1230.10666666667</dst>
            <dst id="SNVAng">4883.50266666667</dst>
            <dst id="STTLng">1380.95733333333</dst>
            <dst id="WASHng">32972.4853333333</dst>
        </src>
        <src id="CHINng">
            <dst id="ATLA-M5">158.506666666667</dst>
            <dst id="ATLAng">7085.78666666667</dst>
            <dst id="CHINng">111996.2</dst>
            <dst id="DNVRng">3490.65866666667</dst>
            <dst id="HSTNng">5468.67466666667</dst>
            <dst id="IPLSng">15370.9893333333</dst>
            <dst id="KSCYng">5716.26933333333</dst>
            <dst id="LOSAng">8227.38933333334</dst>
            <dst id="NYCMng">7446.824</dst>
            <dst id="SNVAng">32622.6693333333</dst>
            <dst id="STTLng">10606.64</dst>
            <dst id="WASHng">14483.56</dst>
        </src>
        <src id="DNVRng">
            <dst id="ATLA-M5">146.506666666667</dst>
            <dst id="ATLAng">2169.23466666667</dst>
            <dst id="CHINng">67537.288</dst>
            <dst id="DNVRng">6184.944</dst>
            <dst id="HSTNng">15540.496</dst>
            <dst id="IPLSng">21439.24</dst>
            <dst id="KSCYng">11728.208</dst>
            <dst id="LOSAng">1356.98666666667</dst>
            <dst id="NYCMng">15296.8906666667</dst>
            <dst id="SNVAng">16997.9413333333</dst>
            <dst id="STTLng">7411.73333333333</dst>
            <dst id="WASHng">43920.344</dst>
        </src>
        <src id="HSTNng">
            <dst id="ATLA-M5">1876.62933333333</dst>
            <dst id="ATLAng">3007.70133333333</dst>
            <dst id="CHINng">16340.8026666667</dst>
            <dst id="DNVRng">938.973333333333</dst>
            <dst id="HSTNng">13644.9626666667</dst>
            <dst id="IPLSng">545.112</dst>
            <dst id="KSCYng">854.184</dst>
            <dst id="LOSAng">10579.408</dst>
            <dst id="NYCMng">5725.18666666667</dst>
            <dst id="SNVAng">26.6666666666667</dst>
            <dst id="STTLng">2774.30933333333</dst>
            <dst id="WASHng">5246.16266666667</dst>
        </src>
        <src id="IPLSng">
            <dst id="ATLA-M5">3395.29066666667</dst>
            <dst id="ATLAng">21012.992</dst>
            <dst id="CHINng">54889.6213333333</dst>
            <dst id="DNVRng">7689.11466666667</dst>
            <dst id="HSTNng">587.84</dst>
            <dst id="IPLSng">15780.0666666667</dst>
            <dst id="KSCYng">5126.33066666667</dst>
            <dst id="LOSAng">4910.544</dst>
            <dst id="NYCMng">7972.72533333333</dst>
            <dst id="SNVAng">13613.0906666667</dst>
            <dst id="STTLng">15897.3653333333</dst>
            <dst id="WASHng">7047.77066666667</dst>
        </src>
        <src id="KSCYng">
            <dst id="ATLA-M5">0</dst>
            <dst id="ATLAng">2289.912</dst>
            <dst id="CHINng">13406.8533333333</dst>
            <dst id="DNVRng">4030</dst>
            <dst id="HSTNng">3076.31466666667</dst>
            <dst id="IPLSng">8917.704</dst>
            <dst id="KSCYng">6845.41866666667</dst>
            <dst id="LOSAng">2411.76</dst>
            <dst id="NYCMng">2974.52266666667</dst>
            <dst id="SNVAng">5169.448</dst>
            <dst id="STTLng">1028.20533333333</dst>
            <dst id="WASHng">5982.40266666667</dst>
        </src>
        <src id="LOSAng">
            <dst id="ATLA-M5">26.6666666666667</dst>
            <dst id="ATLAng">18800.5013333333</dst>
            <dst id="CHINng">109720.674666667</dst>
            <dst id="DNVRng">5811.95733333333</dst>
            <dst id="HSTNng">2311.37866666667</dst>
            <dst id="IPLSng">9784.64266666667</dst>
            <dst id="KSCYng">1471.30666666667</dst>
            <dst id="LOSAng">23978.3146666667</dst>
            <dst id="NYCMng">22607.5066666667</dst>
            <dst id="SNVAng">22948.976</dst>
            <dst id="STTLng">20922.1733333333</dst>
            <dst id="WASHng">72216.2746666667</dst>
        </src>
        <src id="NYCMng">
            <dst id="ATLA-M5">27.936</dst>
            <dst id="ATLAng">8733.28533333333</dst>
            <dst id="CHINng">30693.3466666667</dst>
            <dst id="DNVRng">22130.0906666667</dst>
            <dst id="HSTNng">5970.88</dst>
            <dst id="IPLSng">4825.73333333333</dst>
            <dst id="KSCYng">6250.728</dst>
            <dst id="LOSAng">7006.12533333333</dst>
            <dst id="NYCMng">81313.7066666667</dst>
            <dst id="SNVAng">52506.7386666667</dst>
            <dst id="STTLng">21156.6666666667</dst>
            <dst id="WASHng">54470.784</dst>
        </src>
        <src id="SNVAng">
            <dst id="ATLA-M5">0</dst>
            <dst id="ATLAng">26.6666666666667</dst>
            <dst id="CHINng">259.786666666667</dst>
            <dst id="DNVRng">6261.43466666667</dst>
            <dst id="HSTNng">0</dst>
            <dst id="IPLSng">231.242666666667</dst>
            <dst id="KSCYng">0</dst>
            <dst id="LOSAng">3055.81066666667</dst>
            <dst id="NYCMng">8301.472</dst>
            <dst id="SNVAng">32546.1573333333</dst>
            <dst id="STTLng">30144.8213333333</dst>
            <dst id="WASHng">192.266666666667</dst>
        </src>
        <src id="STTLng">
            <dst id="ATLA-M5">76.1893333333333</dst>
            <dst id="ATLAng">4451.44266666667</dst>
            <dst id="CHINng">29857.6826666667</dst>
            <dst id="DNVRng">4086.576</dst>
            <dst id="HSTNng">1286.05866666667</dst>
            <dst id="IPLSng">12047.048</dst>
            <dst id="KSCYng">611.482666666667</dst>
            <dst id="LOSAng">4844.34933333333</dst>
            <dst id="NYCMng">4797.63733333333</dst>
            <dst id="SNVAng">18090.2293333333</dst>
            <dst id="STTLng">1417.67733333333</dst>
            <dst id="WASHng">9806.70933333333</dst>
        </src>
        <src id="WASHng">
            <dst id="ATLA-M5">80</dst>
            <dst id="ATLAng">80587.8186666667</dst>
            <dst id="CHINng">74920.5893333333</dst>
            <dst id="DNVRng">19552.4746666667</dst>
            <dst id="HSTNng">28994.8746666667</dst>
            <dst id="IPLSng">17644.3226666667</dst>
            <dst id="KSCYng">28888.9946666667</dst>
            <dst id="LOSAng">76561.7146666667</dst>
            <dst id="NYCMng">106591.181333333</dst>
            <dst id="SNVAng">44753.416</dst>
            <dst id="STTLng">19571.7306666667</dst>
            <dst id="WASHng">253635.093333333</dst>
        </src>
    </IntraTM>
</TrafficMatrixFile>
