<?xml version="1.0" encoding="ISO-8859-1" standalone="yes"?>
<TrafficMatrixFile xsi:noNamespaceSchemaLocation="http://totem.run.montefiore.ulg.ac.be/Schema/TrafficMatrix-v1_2.xsd" xmlns:xsi="http://www.w3.org/2001/XMLSchema-instance">
    <IntraTM ASID="11537">
        <src id="ATLA-M5">
            <dst id="ATLA-M5">0</dst>
            <dst id="ATLAng">30.2933333333333</dst>
            <dst id="CHINng">116.224</dst>
            <dst id="DNVRng">80.344</dst>
            <dst id="HSTNng">72.176</dst>
            <dst id="IPLSng">217.453333333333</dst>
            <dst id="KSCYng">0</dst>
            <dst id="LOSAng">288.362666666667</dst>
            <dst id="NYCMng">261.024</dst>
            <dst id="SNVAng">0</dst>
            <dst id="STTLng">26.6666666666667</dst>
            <dst id="WASHng">2172.76266666667</dst>
        </src>
        <src id="ATLAng">
            <dst id="ATLA-M5">38.9946666666667</dst>
            <dst id="ATLAng">24662.1226666667</dst>
            <dst id="CHINng">4477.792</dst>
            <dst id="DNVRng">2693.17333333333</dst>
            <dst id="HSTNng">33861.7573333333</dst>
            <dst id="IPLSng">17689.2133333333</dst>
            <dst id="KSCYng">1072.44533333333</dst>
            <dst id="LOSAng">13128.4906666667</dst>
            <dst id="NYCMng">2454.8</dst>
            <dst id="SNVAng">40</dst>
            <dst id="STTLng">4078.68533333333</dst>
            <dst id="WASHng">24550.4133333333</dst>
        </src>
        <src id="CHINng">
            <dst id="ATLA-M5">695.922666666667</dst>
            <dst id="ATLAng">15445.3573333333</dst>
            <dst id="CHINng">72066.2906666667</dst>
            <dst id="DNVRng">7756.64266666667</dst>
            <dst id="HSTNng">10894.96</dst>
            <dst id="IPLSng">47197.7813333333</dst>
            <dst id="KSCYng">8041.85333333333</dst>
            <dst id="LOSAng">25093.464</dst>
            <dst id="NYCMng">7761.136</dst>
            <dst id="SNVAng">2954.73066666667</dst>
            <dst id="STTLng">4649.6</dst>
            <dst id="WASHng">21787.1173333333</dst>
        </src>
        <src id="DNVRng">
            <dst id="ATLA-M5">149.546666666667</dst>
            <dst id="ATLAng">3607.872</dst>
            <dst id="CHINng">140083.778666667</dst>
            <dst id="DNVRng">12023.6106666667</dst>
            <dst id="HSTNng">23968.96</dst>
            <dst id="IPLSng">28993.7893333333</dst>
            <dst id="KSCYng">24953.1573333333</dst>
            <dst id="LOSAng">32610.032</dst>
            <dst id="NYCMng">12582.7893333333</dst>
            <dst id="SNVAng">7249.14933333333</dst>
            <dst id="STTLng">2959.07466666667</dst>
            <dst id="WASHng">44191.44</dst>
        </src>
        <src id="HSTNng">
            <dst id="ATLA-M5">3555.712</dst>
            <dst id="ATLAng">4054.95466666667</dst>
            <dst id="CHINng">10968.152</dst>
            <dst id="DNVRng">1179.696</dst>
            <dst id="HSTNng">15845.9253333333</dst>
            <dst id="IPLSng">2356.92266666667</dst>
            <dst id="KSCYng">1031.60533333333</dst>
            <dst id="LOSAng">12794.5093333333</dst>
            <dst id="NYCMng">4262.74666666667</dst>
            <dst id="SNVAng">68.0666666666667</dst>
            <dst id="STTLng">257.472</dst>
            <dst id="WASHng">5034.88</dst>
        </src>
        <src id="IPLSng">
            <dst id="ATLA-M5">84.8106666666667</dst>
            <dst id="ATLAng">17680.288</dst>
            <dst id="CHINng">59554.032</dst>
            <dst id="DNVRng">7549.92</dst>
            <dst id="HSTNng">2033.112</dst>
            <dst id="IPLSng">33485.9946666667</dst>
            <dst id="KSCYng">7845.952</dst>
            <dst id="LOSAng">22336.52</dst>
            <dst id="NYCMng">18834.4</dst>
            <dst id="SNVAng">1735.32533333333</dst>
            <dst id="STTLng">4112.896</dst>
            <dst id="WASHng">17427.4186666667</dst>
        </src>
        <src id="KSCYng">
            <dst id="ATLA-M5">0</dst>
            <dst id="ATLAng">6170.10933333334</dst>
            <dst id="CHINng">13748.616</dst>
            <dst id="DNVRng">17227.584</dst>
            <dst id="HSTNng">5081.51733333333</dst>
            <dst id="IPLSng">12281.136</dst>
            <dst id="KSCYng">9807.60266666667</dst>
            <dst id="LOSAng">6196.93333333333</dst>
            <dst id="NYCMng">2213.02666666667</dst>
            <dst id="SNVAng">2718.98666666667</dst>
            <dst id="STTLng">659.28</dst>
            <dst id="WASHng">9460.54133333333</dst>
        </src>
        <src id="LOSAng">
            <dst id="ATLA-M5">389.258666666667</dst>
            <dst id="ATLAng">17219.7306666667</dst>
            <dst id="CHINng">58387.024</dst>
            <dst id="DNVRng">7539.42666666667</dst>
            <dst id="HSTNng">5467.31733333333</dst>
            <dst id="IPLSng">15210.104</dst>
            <dst id="KSCYng">2984.74666666667</dst>
            <dst id="LOSAng">7306.30133333333</dst>
            <dst id="NYCMng">34643.624</dst>
            <dst id="SNVAng">25117.9413333333</dst>
            <dst id="STTLng">17769.3653333333</dst>
            <dst id="WASHng">83872.8346666667</dst>
        </src>
        <src id="NYCMng">
            <dst id="ATLA-M5">3766.51466666667</dst>
            <dst id="ATLAng">30004.976</dst>
            <dst id="CHINng">17618.8453333333</dst>
            <dst id="DNVRng">37475.24</dst>
            <dst id="HSTNng">9917.58933333333</dst>
            <dst id="IPLSng">39790.9946666667</dst>
            <dst id="KSCYng">4290.82666666667</dst>
            <dst id="LOSAng">65233.1493333333</dst>
            <dst id="NYCMng">97509.4533333333</dst>
            <dst id="SNVAng">810.68</dst>
            <dst id="STTLng">29907.8773333333</dst>
            <dst id="WASHng">38218.6906666667</dst>
        </src>
        <src id="SNVAng">
            <dst id="ATLA-M5">0</dst>
            <dst id="ATLAng">80</dst>
            <dst id="CHINng">53.3333333333333</dst>
            <dst id="DNVRng">358.522666666667</dst>
            <dst id="HSTNng">0</dst>
            <dst id="IPLSng">256.237333333333</dst>
            <dst id="KSCYng">0</dst>
            <dst id="LOSAng">32203.0933333333</dst>
            <dst id="NYCMng">0</dst>
            <dst id="SNVAng">7848.25333333333</dst>
            <dst id="STTLng">58224.2053333333</dst>
            <dst id="WASHng">291.44</dst>
        </src>
        <src id="STTLng">
            <dst id="ATLA-M5">0</dst>
            <dst id="ATLAng">7039.58666666667</dst>
            <dst id="CHINng">11724.5733333333</dst>
            <dst id="DNVRng">2146.14933333333</dst>
            <dst id="HSTNng">966.421333333333</dst>
            <dst id="IPLSng">13100.64</dst>
            <dst id="KSCYng">2211.66933333333</dst>
            <dst id="LOSAng">12143.648</dst>
            <dst id="NYCMng">10023.0693333333</dst>
            <dst id="SNVAng">6383.99466666667</dst>
            <dst id="STTLng">753.898666666667</dst>
            <dst id="WASHng">7314.58133333333</dst>
        </src>
        <src id="WASHng">
            <dst id="ATLA-M5">892.688</dst>
            <dst id="ATLAng">112867.981333333</dst>
            <dst id="CHINng">47416.848</dst>
            <dst id="DNVRng">53182.9973333333</dst>
            <dst id="HSTNng">28255.76</dst>
            <dst id="IPLSng">75238.8506666667</dst>
            <dst id="KSCYng">39381.416</dst>
            <dst id="LOSAng">87667.5866666667</dst>
            <dst id="NYCMng">118712.842666667</dst>
            <dst id="SNVAng">775.845333333333</dst>
            <dst id="STTLng">17169.8026666667</dst>
            <dst id="WASHng">162457.176</dst>
        </src>
    </IntraTM>
</TrafficMatrixFile>
