<?xml version="1.0" encoding="ISO-8859-1" standalone="yes"?>
<TrafficMatrixFile xsi:noNamespaceSchemaLocation="http://totem.run.montefiore.ulg.ac.be/Schema/TrafficMatrix-v1_2.xsd" xmlns:xsi="http://www.w3.org/2001/XMLSchema-instance">
    <IntraTM ASID="11537">
        <src id="ATLA-M5">
            <dst id="ATLA-M5">0</dst>
            <dst id="ATLAng">53.0133333333333</dst>
            <dst id="CHINng">26.6666666666667</dst>
            <dst id="DNVRng">26.6666666666667</dst>
            <dst id="HSTNng">66.1226666666667</dst>
            <dst id="IPLSng">26.6666666666667</dst>
            <dst id="KSCYng">0</dst>
            <dst id="LOSAng">5015.18933333333</dst>
            <dst id="NYCMng">146.08</dst>
            <dst id="SNVAng">0</dst>
            <dst id="STTLng">116.493333333333</dst>
            <dst id="WASHng">106.666666666667</dst>
        </src>
        <src id="ATLAng">
            <dst id="ATLA-M5">70.8693333333333</dst>
            <dst id="ATLAng">24124.208</dst>
            <dst id="CHINng">19226.4693333333</dst>
            <dst id="DNVRng">5460.976</dst>
            <dst id="HSTNng">796.213333333333</dst>
            <dst id="IPLSng">12564.7866666667</dst>
            <dst id="KSCYng">1063.92266666667</dst>
            <dst id="LOSAng">10454.408</dst>
            <dst id="NYCMng">2084.58933333333</dst>
            <dst id="SNVAng">56.3866666666667</dst>
            <dst id="STTLng">3163.008</dst>
            <dst id="WASHng">27829.3066666667</dst>
        </src>
        <src id="CHINng">
            <dst id="ATLA-M5">26.6666666666667</dst>
            <dst id="ATLAng">5835.41866666667</dst>
            <dst id="CHINng">97852.328</dst>
            <dst id="DNVRng">6070.55733333333</dst>
            <dst id="HSTNng">4735.08</dst>
            <dst id="IPLSng">11898.056</dst>
            <dst id="KSCYng">21333.3386666667</dst>
            <dst id="LOSAng">23442.4933333333</dst>
            <dst id="NYCMng">23334.8986666667</dst>
            <dst id="SNVAng">188.56</dst>
            <dst id="STTLng">3444.74933333333</dst>
            <dst id="WASHng">10796.384</dst>
        </src>
        <src id="DNVRng">
            <dst id="ATLA-M5">142.88</dst>
            <dst id="ATLAng">6688.61066666667</dst>
            <dst id="CHINng">37937.5946666667</dst>
            <dst id="DNVRng">12748.2186666667</dst>
            <dst id="HSTNng">20962.344</dst>
            <dst id="IPLSng">27543.7573333333</dst>
            <dst id="KSCYng">18305.08</dst>
            <dst id="LOSAng">3680.57066666667</dst>
            <dst id="NYCMng">12801.5466666667</dst>
            <dst id="SNVAng">6201.01066666667</dst>
            <dst id="STTLng">4005.78666666667</dst>
            <dst id="WASHng">36401.9306666667</dst>
        </src>
        <src id="HSTNng">
            <dst id="ATLA-M5">3720.35466666667</dst>
            <dst id="ATLAng">1309.49866666667</dst>
            <dst id="CHINng">14478.0613333333</dst>
            <dst id="DNVRng">795.984</dst>
            <dst id="HSTNng">11162.6106666667</dst>
            <dst id="IPLSng">9296.704</dst>
            <dst id="KSCYng">685.077333333333</dst>
            <dst id="LOSAng">2211.17066666667</dst>
            <dst id="NYCMng">1794.57066666667</dst>
            <dst id="SNVAng">53.3333333333333</dst>
            <dst id="STTLng">1186.64533333333</dst>
            <dst id="WASHng">5539.93333333333</dst>
        </src>
        <src id="IPLSng">
            <dst id="ATLA-M5">26.6666666666667</dst>
            <dst id="ATLAng">13395.04</dst>
            <dst id="CHINng">30339.8266666667</dst>
            <dst id="DNVRng">6707.59733333333</dst>
            <dst id="HSTNng">1531.14133333333</dst>
            <dst id="IPLSng">21699.792</dst>
            <dst id="KSCYng">3141.41333333333</dst>
            <dst id="LOSAng">18449.8826666667</dst>
            <dst id="NYCMng">9337.792</dst>
            <dst id="SNVAng">187.394666666667</dst>
            <dst id="STTLng">5376.14133333333</dst>
            <dst id="WASHng">8208.28</dst>
        </src>
        <src id="KSCYng">
            <dst id="ATLA-M5">35.6266666666667</dst>
            <dst id="ATLAng">3176.352</dst>
            <dst id="CHINng">38457.4853333333</dst>
            <dst id="DNVRng">4102.39466666667</dst>
            <dst id="HSTNng">3820.296</dst>
            <dst id="IPLSng">12478.904</dst>
            <dst id="KSCYng">16503.888</dst>
            <dst id="LOSAng">2899.688</dst>
            <dst id="NYCMng">1465.02133333333</dst>
            <dst id="SNVAng">1821.888</dst>
            <dst id="STTLng">1526.592</dst>
            <dst id="WASHng">11022.4773333333</dst>
        </src>
        <src id="LOSAng">
            <dst id="ATLA-M5">1029.23733333333</dst>
            <dst id="ATLAng">8772.33066666666</dst>
            <dst id="CHINng">50606.4986666667</dst>
            <dst id="DNVRng">9910.944</dst>
            <dst id="HSTNng">2315.74666666667</dst>
            <dst id="IPLSng">5695.05333333333</dst>
            <dst id="KSCYng">5370.18666666667</dst>
            <dst id="LOSAng">5280.31466666667</dst>
            <dst id="NYCMng">19687.2586666667</dst>
            <dst id="SNVAng">19677.9146666667</dst>
            <dst id="STTLng">20412.592</dst>
            <dst id="WASHng">80734.3973333333</dst>
        </src>
        <src id="NYCMng">
            <dst id="ATLA-M5">463.44</dst>
            <dst id="ATLAng">8663.016</dst>
            <dst id="CHINng">26185.7466666667</dst>
            <dst id="DNVRng">23355.272</dst>
            <dst id="HSTNng">4071.61333333333</dst>
            <dst id="IPLSng">19251.5493333333</dst>
            <dst id="KSCYng">4166.63733333333</dst>
            <dst id="LOSAng">47402.984</dst>
            <dst id="NYCMng">58877.9973333333</dst>
            <dst id="SNVAng">1456.45333333333</dst>
            <dst id="STTLng">20410.4986666667</dst>
            <dst id="WASHng">28622.1333333333</dst>
        </src>
        <src id="SNVAng">
            <dst id="ATLA-M5">0</dst>
            <dst id="ATLAng">0</dst>
            <dst id="CHINng">53.3333333333333</dst>
            <dst id="DNVRng">641.306666666667</dst>
            <dst id="HSTNng">0</dst>
            <dst id="IPLSng">223.872</dst>
            <dst id="KSCYng">0</dst>
            <dst id="LOSAng">27887.1493333333</dst>
            <dst id="NYCMng">26.6666666666667</dst>
            <dst id="SNVAng">6482.53866666666</dst>
            <dst id="STTLng">32361.928</dst>
            <dst id="WASHng">128.4</dst>
        </src>
        <src id="STTLng">
            <dst id="ATLA-M5">1174.14666666667</dst>
            <dst id="ATLAng">6590.52</dst>
            <dst id="CHINng">15032.0906666667</dst>
            <dst id="DNVRng">1169.16533333333</dst>
            <dst id="HSTNng">1185.064</dst>
            <dst id="IPLSng">7306.432</dst>
            <dst id="KSCYng">1017.09066666667</dst>
            <dst id="LOSAng">10678.1173333333</dst>
            <dst id="NYCMng">8758.66666666667</dst>
            <dst id="SNVAng">18969.5253333333</dst>
            <dst id="STTLng">1247.216</dst>
            <dst id="WASHng">4436.648</dst>
        </src>
        <src id="WASHng">
            <dst id="ATLA-M5">315.296</dst>
            <dst id="ATLAng">76812.0373333333</dst>
            <dst id="CHINng">41537.1466666667</dst>
            <dst id="DNVRng">38547.1093333333</dst>
            <dst id="HSTNng">19820.2693333333</dst>
            <dst id="IPLSng">45423.4933333333</dst>
            <dst id="KSCYng">28337.3653333333</dst>
            <dst id="LOSAng">82952.6266666667</dst>
            <dst id="NYCMng">121976</dst>
            <dst id="SNVAng">4404.69866666667</dst>
            <dst id="STTLng">27451.8613333333</dst>
            <dst id="WASHng">189225.128</dst>
        </src>
    </IntraTM>
</TrafficMatrixFile>
