<?xml version="1.0" encoding="ISO-8859-1" standalone="yes"?>
<TrafficMatrixFile xsi:noNamespaceSchemaLocation="http://totem.run.montefiore.ulg.ac.be/Schema/TrafficMatrix-v1_2.xsd" xmlns:xsi="http://www.w3.org/2001/XMLSchema-instance">
    <IntraTM ASID="11537">
        <src id="ATLA-M5">
            <dst id="ATLA-M5">0</dst>
            <dst id="ATLAng">0</dst>
            <dst id="CHINng">0</dst>
            <dst id="DNVRng">754.986666666667</dst>
            <dst id="HSTNng">1411.096</dst>
            <dst id="IPLSng">0</dst>
            <dst id="KSCYng">0</dst>
            <dst id="LOSAng">40.416</dst>
            <dst id="NYCMng">26.6666666666667</dst>
            <dst id="SNVAng">0</dst>
            <dst id="STTLng">127.538666666667</dst>
            <dst id="WASHng">26.6666666666667</dst>
        </src>
        <src id="ATLAng">
            <dst id="ATLA-M5">0</dst>
            <dst id="ATLAng">21444.0586666667</dst>
            <dst id="CHINng">2252.97066666667</dst>
            <dst id="DNVRng">2510.13066666667</dst>
            <dst id="HSTNng">577.72</dst>
            <dst id="IPLSng">10568.72</dst>
            <dst id="KSCYng">413.224</dst>
            <dst id="LOSAng">9627</dst>
            <dst id="NYCMng">4363.61333333333</dst>
            <dst id="SNVAng">13.3333333333333</dst>
            <dst id="STTLng">5694.88533333333</dst>
            <dst id="WASHng">51097.7626666667</dst>
        </src>
        <src id="CHINng">
            <dst id="ATLA-M5">0</dst>
            <dst id="ATLAng">7035.20533333334</dst>
            <dst id="CHINng">50256.8666666667</dst>
            <dst id="DNVRng">14197.592</dst>
            <dst id="HSTNng">6366.03733333333</dst>
            <dst id="IPLSng">19159.3493333333</dst>
            <dst id="KSCYng">3627.50133333333</dst>
            <dst id="LOSAng">22550.2693333333</dst>
            <dst id="NYCMng">19571.0026666667</dst>
            <dst id="SNVAng">576.578666666667</dst>
            <dst id="STTLng">25982.296</dst>
            <dst id="WASHng">6579.75733333333</dst>
        </src>
        <src id="DNVRng">
            <dst id="ATLA-M5">113.546666666667</dst>
            <dst id="ATLAng">2716.79733333333</dst>
            <dst id="CHINng">32892.9546666667</dst>
            <dst id="DNVRng">2566.02666666667</dst>
            <dst id="HSTNng">19041.68</dst>
            <dst id="IPLSng">28495.1013333333</dst>
            <dst id="KSCYng">8864.576</dst>
            <dst id="LOSAng">6272.624</dst>
            <dst id="NYCMng">11420.2746666667</dst>
            <dst id="SNVAng">2541.95466666667</dst>
            <dst id="STTLng">4184.28266666667</dst>
            <dst id="WASHng">33151.7333333333</dst>
        </src>
        <src id="HSTNng">
            <dst id="ATLA-M5">1757.68533333333</dst>
            <dst id="ATLAng">2527.848</dst>
            <dst id="CHINng">7470.56533333333</dst>
            <dst id="DNVRng">697.298666666667</dst>
            <dst id="HSTNng">16000.4346666667</dst>
            <dst id="IPLSng">3477.97066666667</dst>
            <dst id="KSCYng">740.272</dst>
            <dst id="LOSAng">9211.808</dst>
            <dst id="NYCMng">2025.95466666667</dst>
            <dst id="SNVAng">80</dst>
            <dst id="STTLng">1741.57333333333</dst>
            <dst id="WASHng">793.272</dst>
        </src>
        <src id="IPLSng">
            <dst id="ATLA-M5">0</dst>
            <dst id="ATLAng">3524.72533333333</dst>
            <dst id="CHINng">54220.8506666667</dst>
            <dst id="DNVRng">9107.75733333333</dst>
            <dst id="HSTNng">6749.14666666667</dst>
            <dst id="IPLSng">16780.24</dst>
            <dst id="KSCYng">1804.08266666667</dst>
            <dst id="LOSAng">16219.312</dst>
            <dst id="NYCMng">3539.09066666667</dst>
            <dst id="SNVAng">174.085333333333</dst>
            <dst id="STTLng">11679.048</dst>
            <dst id="WASHng">6419.06133333333</dst>
        </src>
        <src id="KSCYng">
            <dst id="ATLA-M5">26.6666666666667</dst>
            <dst id="ATLAng">2128.22133333333</dst>
            <dst id="CHINng">6535.85866666667</dst>
            <dst id="DNVRng">4912.6</dst>
            <dst id="HSTNng">2587.408</dst>
            <dst id="IPLSng">10978.16</dst>
            <dst id="KSCYng">6315.59466666667</dst>
            <dst id="LOSAng">5209.44533333333</dst>
            <dst id="NYCMng">2786.904</dst>
            <dst id="SNVAng">1993.95466666667</dst>
            <dst id="STTLng">613.093333333333</dst>
            <dst id="WASHng">8396.86133333333</dst>
        </src>
        <src id="LOSAng">
            <dst id="ATLA-M5">0</dst>
            <dst id="ATLAng">7262.35466666667</dst>
            <dst id="CHINng">51286.8453333333</dst>
            <dst id="DNVRng">17043.4853333333</dst>
            <dst id="HSTNng">2352.208</dst>
            <dst id="IPLSng">6542.01066666667</dst>
            <dst id="KSCYng">1719.26666666667</dst>
            <dst id="LOSAng">9447.85866666667</dst>
            <dst id="NYCMng">16482.0693333333</dst>
            <dst id="SNVAng">19131.376</dst>
            <dst id="STTLng">26580.6293333333</dst>
            <dst id="WASHng">117106.810666667</dst>
        </src>
        <src id="NYCMng">
            <dst id="ATLA-M5">0</dst>
            <dst id="ATLAng">18902.8986666667</dst>
            <dst id="CHINng">12682.4346666667</dst>
            <dst id="DNVRng">23878.6906666667</dst>
            <dst id="HSTNng">6022.144</dst>
            <dst id="IPLSng">20481.8773333333</dst>
            <dst id="KSCYng">2116.06666666667</dst>
            <dst id="LOSAng">47433.7973333333</dst>
            <dst id="NYCMng">63386.3573333333</dst>
            <dst id="SNVAng">2112.58666666667</dst>
            <dst id="STTLng">14138.3253333333</dst>
            <dst id="WASHng">39393.7493333333</dst>
        </src>
        <src id="SNVAng">
            <dst id="ATLA-M5">0</dst>
            <dst id="ATLAng">0</dst>
            <dst id="CHINng">26.6666666666667</dst>
            <dst id="DNVRng">1897.224</dst>
            <dst id="HSTNng">26.6666666666667</dst>
            <dst id="IPLSng">193.904</dst>
            <dst id="KSCYng">0</dst>
            <dst id="LOSAng">32691.08</dst>
            <dst id="NYCMng">0</dst>
            <dst id="SNVAng">8108.8</dst>
            <dst id="STTLng">40186.8746666667</dst>
            <dst id="WASHng">0</dst>
        </src>
        <src id="STTLng">
            <dst id="ATLA-M5">106.312</dst>
            <dst id="ATLAng">5509.528</dst>
            <dst id="CHINng">18203.32</dst>
            <dst id="DNVRng">547.930666666667</dst>
            <dst id="HSTNng">682.384</dst>
            <dst id="IPLSng">4008.288</dst>
            <dst id="KSCYng">668.738666666667</dst>
            <dst id="LOSAng">8985.888</dst>
            <dst id="NYCMng">8106.73866666667</dst>
            <dst id="SNVAng">13721.5013333333</dst>
            <dst id="STTLng">1851.62933333333</dst>
            <dst id="WASHng">5381.216</dst>
        </src>
        <src id="WASHng">
            <dst id="ATLA-M5">26.6666666666667</dst>
            <dst id="ATLAng">49117.72</dst>
            <dst id="CHINng">40613.6693333333</dst>
            <dst id="DNVRng">30343.904</dst>
            <dst id="HSTNng">7982.12</dst>
            <dst id="IPLSng">54241.7333333333</dst>
            <dst id="KSCYng">28770.5146666667</dst>
            <dst id="LOSAng">105736.664</dst>
            <dst id="NYCMng">97272.3466666666</dst>
            <dst id="SNVAng">252.856</dst>
            <dst id="STTLng">25839.6746666667</dst>
            <dst id="WASHng">180643.242666667</dst>
        </src>
    </IntraTM>
</TrafficMatrixFile>
