<?xml version="1.0" encoding="ISO-8859-1" standalone="yes"?>
<TrafficMatrixFile xsi:noNamespaceSchemaLocation="http://totem.run.montefiore.ulg.ac.be/Schema/TrafficMatrix-v1_2.xsd" xmlns:xsi="http://www.w3.org/2001/XMLSchema-instance">
    <IntraTM ASID="11537">
        <src id="ATLA-M5">
            <dst id="ATLA-M5">0</dst>
            <dst id="ATLAng">40.816</dst>
            <dst id="CHINng">167.997333333333</dst>
            <dst id="DNVRng">0</dst>
            <dst id="HSTNng">34.1946666666667</dst>
            <dst id="IPLSng">37.0133333333333</dst>
            <dst id="KSCYng">0</dst>
            <dst id="LOSAng">67.352</dst>
            <dst id="NYCMng">53.3333333333333</dst>
            <dst id="SNVAng">0</dst>
            <dst id="STTLng">53.3333333333333</dst>
            <dst id="WASHng">1787.16</dst>
        </src>
        <src id="ATLAng">
            <dst id="ATLA-M5">143.661333333333</dst>
            <dst id="ATLAng">24713.2613333333</dst>
            <dst id="CHINng">7181.81333333333</dst>
            <dst id="DNVRng">2839.29333333333</dst>
            <dst id="HSTNng">39696.7013333333</dst>
            <dst id="IPLSng">16031.552</dst>
            <dst id="KSCYng">2822.19466666667</dst>
            <dst id="LOSAng">4733.50266666667</dst>
            <dst id="NYCMng">4470.38933333333</dst>
            <dst id="SNVAng">3755.33466666667</dst>
            <dst id="STTLng">2755.976</dst>
            <dst id="WASHng">15763.5546666667</dst>
        </src>
        <src id="CHINng">
            <dst id="ATLA-M5">94.9226666666666</dst>
            <dst id="ATLAng">11981.016</dst>
            <dst id="CHINng">103110.157333333</dst>
            <dst id="DNVRng">6611.74933333333</dst>
            <dst id="HSTNng">8961.66933333333</dst>
            <dst id="IPLSng">11017.2053333333</dst>
            <dst id="KSCYng">8405.79466666666</dst>
            <dst id="LOSAng">3602.01333333333</dst>
            <dst id="NYCMng">8997.048</dst>
            <dst id="SNVAng">20127.2533333333</dst>
            <dst id="STTLng">8850.62933333333</dst>
            <dst id="WASHng">17201.92</dst>
        </src>
        <src id="DNVRng">
            <dst id="ATLA-M5">59.84</dst>
            <dst id="ATLAng">6400.99733333333</dst>
            <dst id="CHINng">36194.1813333333</dst>
            <dst id="DNVRng">11713.7893333333</dst>
            <dst id="HSTNng">23086.488</dst>
            <dst id="IPLSng">25112.8</dst>
            <dst id="KSCYng">30842.208</dst>
            <dst id="LOSAng">1924.09066666667</dst>
            <dst id="NYCMng">20311.7253333333</dst>
            <dst id="SNVAng">21953.448</dst>
            <dst id="STTLng">9828.136</dst>
            <dst id="WASHng">35883.992</dst>
        </src>
        <src id="HSTNng">
            <dst id="ATLA-M5">1566.25866666667</dst>
            <dst id="ATLAng">2403.33333333333</dst>
            <dst id="CHINng">5494.06933333333</dst>
            <dst id="DNVRng">1442.464</dst>
            <dst id="HSTNng">13867.12</dst>
            <dst id="IPLSng">4676.66666666667</dst>
            <dst id="KSCYng">927.042666666667</dst>
            <dst id="LOSAng">9613.456</dst>
            <dst id="NYCMng">1901.81866666667</dst>
            <dst id="SNVAng">0</dst>
            <dst id="STTLng">1136.88</dst>
            <dst id="WASHng">4640.38133333333</dst>
        </src>
        <src id="IPLSng">
            <dst id="ATLA-M5">2254.69866666667</dst>
            <dst id="ATLAng">14587.6</dst>
            <dst id="CHINng">41350.0373333333</dst>
            <dst id="DNVRng">8833.59733333333</dst>
            <dst id="HSTNng">3345.032</dst>
            <dst id="IPLSng">8838.112</dst>
            <dst id="KSCYng">8030.47466666667</dst>
            <dst id="LOSAng">3447.10933333333</dst>
            <dst id="NYCMng">20470.8453333333</dst>
            <dst id="SNVAng">10125.2293333333</dst>
            <dst id="STTLng">9922.736</dst>
            <dst id="WASHng">9570.664</dst>
        </src>
        <src id="KSCYng">
            <dst id="ATLA-M5">0</dst>
            <dst id="ATLAng">3475.616</dst>
            <dst id="CHINng">13245.7146666667</dst>
            <dst id="DNVRng">4943.45866666667</dst>
            <dst id="HSTNng">6479.56266666667</dst>
            <dst id="IPLSng">11664.9786666667</dst>
            <dst id="KSCYng">17426.3973333333</dst>
            <dst id="LOSAng">487.528</dst>
            <dst id="NYCMng">1462.08</dst>
            <dst id="SNVAng">6066.928</dst>
            <dst id="STTLng">2006.016</dst>
            <dst id="WASHng">8405.144</dst>
        </src>
        <src id="LOSAng">
            <dst id="ATLA-M5">2339.38133333333</dst>
            <dst id="ATLAng">10653.144</dst>
            <dst id="CHINng">50743.68</dst>
            <dst id="DNVRng">11945.4133333333</dst>
            <dst id="HSTNng">4849.21866666667</dst>
            <dst id="IPLSng">13858.56</dst>
            <dst id="KSCYng">3020.728</dst>
            <dst id="LOSAng">21996.7333333333</dst>
            <dst id="NYCMng">36637.5333333333</dst>
            <dst id="SNVAng">22609.352</dst>
            <dst id="STTLng">26440.7786666667</dst>
            <dst id="WASHng">74216.0346666666</dst>
        </src>
        <src id="NYCMng">
            <dst id="ATLA-M5">1042.68266666667</dst>
            <dst id="ATLAng">10365.616</dst>
            <dst id="CHINng">26736.0293333333</dst>
            <dst id="DNVRng">29987.1733333333</dst>
            <dst id="HSTNng">4466.208</dst>
            <dst id="IPLSng">12941.032</dst>
            <dst id="KSCYng">6667.29866666667</dst>
            <dst id="LOSAng">9029.94933333334</dst>
            <dst id="NYCMng">102754.152</dst>
            <dst id="SNVAng">49814.184</dst>
            <dst id="STTLng">45096.5866666667</dst>
            <dst id="WASHng">49844.56</dst>
        </src>
        <src id="SNVAng">
            <dst id="ATLA-M5">0</dst>
            <dst id="ATLAng">80</dst>
            <dst id="CHINng">26.6666666666667</dst>
            <dst id="DNVRng">5167.488</dst>
            <dst id="HSTNng">0</dst>
            <dst id="IPLSng">228.930666666667</dst>
            <dst id="KSCYng">0</dst>
            <dst id="LOSAng">3769.46133333333</dst>
            <dst id="NYCMng">0</dst>
            <dst id="SNVAng">37898.0853333333</dst>
            <dst id="STTLng">36046.6106666667</dst>
            <dst id="WASHng">80</dst>
        </src>
        <src id="STTLng">
            <dst id="ATLA-M5">26.6666666666667</dst>
            <dst id="ATLAng">5716.38133333333</dst>
            <dst id="CHINng">15838.152</dst>
            <dst id="DNVRng">6504.74666666667</dst>
            <dst id="HSTNng">2057.96</dst>
            <dst id="IPLSng">6416.26133333333</dst>
            <dst id="KSCYng">2602.14933333333</dst>
            <dst id="LOSAng">4545.88266666667</dst>
            <dst id="NYCMng">17681.4</dst>
            <dst id="SNVAng">25321.88</dst>
            <dst id="STTLng">1263.832</dst>
            <dst id="WASHng">3919.42666666667</dst>
        </src>
        <src id="WASHng">
            <dst id="ATLA-M5">158.458666666667</dst>
            <dst id="ATLAng">63200.608</dst>
            <dst id="CHINng">73987.5306666667</dst>
            <dst id="DNVRng">30126.9146666667</dst>
            <dst id="HSTNng">31777.528</dst>
            <dst id="IPLSng">28024.2266666667</dst>
            <dst id="KSCYng">27972.4773333333</dst>
            <dst id="LOSAng">72701.5093333333</dst>
            <dst id="NYCMng">142193.389333333</dst>
            <dst id="SNVAng">36131.5306666667</dst>
            <dst id="STTLng">35350.408</dst>
            <dst id="WASHng">194376.008</dst>
        </src>
    </IntraTM>
</TrafficMatrixFile>
