<?xml version="1.0" encoding="ISO-8859-1" standalone="yes"?>
<TrafficMatrixFile xsi:noNamespaceSchemaLocation="http://totem.run.montefiore.ulg.ac.be/Schema/TrafficMatrix-v1_2.xsd" xmlns:xsi="http://www.w3.org/2001/XMLSchema-instance">
    <IntraTM ASID="11537">
        <src id="ATLA-M5">
            <dst id="ATLA-M5">97.152</dst>
            <dst id="ATLAng">62.296</dst>
            <dst id="CHINng">72.736</dst>
            <dst id="DNVRng">0</dst>
            <dst id="HSTNng">142.928</dst>
            <dst id="IPLSng">59.7333333333333</dst>
            <dst id="KSCYng">0</dst>
            <dst id="LOSAng">47.9466666666667</dst>
            <dst id="NYCMng">517.376</dst>
            <dst id="SNVAng">21.28</dst>
            <dst id="STTLng">56</dst>
            <dst id="WASHng">690.493333333333</dst>
        </src>
        <src id="ATLAng">
            <dst id="ATLA-M5">60.9253333333333</dst>
            <dst id="ATLAng">25035.8346666667</dst>
            <dst id="CHINng">5710.904</dst>
            <dst id="DNVRng">2498.51466666667</dst>
            <dst id="HSTNng">37324.8933333333</dst>
            <dst id="IPLSng">12724.0933333333</dst>
            <dst id="KSCYng">521.250666666667</dst>
            <dst id="LOSAng">9152.592</dst>
            <dst id="NYCMng">16792.136</dst>
            <dst id="SNVAng">6899.81066666667</dst>
            <dst id="STTLng">2102.36266666667</dst>
            <dst id="WASHng">24873.592</dst>
        </src>
        <src id="CHINng">
            <dst id="ATLA-M5">0</dst>
            <dst id="ATLAng">16401.7413333333</dst>
            <dst id="CHINng">59388.0933333333</dst>
            <dst id="DNVRng">5691.13866666667</dst>
            <dst id="HSTNng">5140.54133333333</dst>
            <dst id="IPLSng">24911.8933333333</dst>
            <dst id="KSCYng">8740.632</dst>
            <dst id="LOSAng">5400.02666666667</dst>
            <dst id="NYCMng">9173.23466666667</dst>
            <dst id="SNVAng">30902.008</dst>
            <dst id="STTLng">9011.304</dst>
            <dst id="WASHng">19575.0346666667</dst>
        </src>
        <src id="DNVRng">
            <dst id="ATLA-M5">94.88</dst>
            <dst id="ATLAng">2465.12533333333</dst>
            <dst id="CHINng">35275.536</dst>
            <dst id="DNVRng">3552.45066666667</dst>
            <dst id="HSTNng">20148.208</dst>
            <dst id="IPLSng">24230.5973333333</dst>
            <dst id="KSCYng">8793.41333333333</dst>
            <dst id="LOSAng">708.562666666667</dst>
            <dst id="NYCMng">17902.8106666667</dst>
            <dst id="SNVAng">27261.104</dst>
            <dst id="STTLng">3616.30933333333</dst>
            <dst id="WASHng">40792.784</dst>
        </src>
        <src id="HSTNng">
            <dst id="ATLA-M5">393.888</dst>
            <dst id="ATLAng">2274.504</dst>
            <dst id="CHINng">10162.9573333333</dst>
            <dst id="DNVRng">1551.82933333333</dst>
            <dst id="HSTNng">16118.0453333333</dst>
            <dst id="IPLSng">1579.37866666667</dst>
            <dst id="KSCYng">870.576</dst>
            <dst id="LOSAng">2474.776</dst>
            <dst id="NYCMng">2087.992</dst>
            <dst id="SNVAng">0</dst>
            <dst id="STTLng">1136.67466666667</dst>
            <dst id="WASHng">5068.81066666667</dst>
        </src>
        <src id="IPLSng">
            <dst id="ATLA-M5">2315.448</dst>
            <dst id="ATLAng">8727.05066666667</dst>
            <dst id="CHINng">54311.864</dst>
            <dst id="DNVRng">5569.78666666667</dst>
            <dst id="HSTNng">3610.75466666667</dst>
            <dst id="IPLSng">33218.9013333333</dst>
            <dst id="KSCYng">4058.95466666667</dst>
            <dst id="LOSAng">3335.79466666667</dst>
            <dst id="NYCMng">18472.8853333333</dst>
            <dst id="SNVAng">6950.26933333333</dst>
            <dst id="STTLng">7083.19466666667</dst>
            <dst id="WASHng">22419.8293333333</dst>
        </src>
        <src id="KSCYng">
            <dst id="ATLA-M5">0</dst>
            <dst id="ATLAng">3107.86133333333</dst>
            <dst id="CHINng">14041.7066666667</dst>
            <dst id="DNVRng">4360.26933333333</dst>
            <dst id="HSTNng">3867.16266666667</dst>
            <dst id="IPLSng">16579.8533333333</dst>
            <dst id="KSCYng">9480.232</dst>
            <dst id="LOSAng">503.618666666667</dst>
            <dst id="NYCMng">4830.824</dst>
            <dst id="SNVAng">7188.104</dst>
            <dst id="STTLng">3156.69333333333</dst>
            <dst id="WASHng">11348.3253333333</dst>
        </src>
        <src id="LOSAng">
            <dst id="ATLA-M5">26.6666666666667</dst>
            <dst id="ATLAng">21166.3466666667</dst>
            <dst id="CHINng">40024.7413333333</dst>
            <dst id="DNVRng">6552.82666666667</dst>
            <dst id="HSTNng">10153.4853333333</dst>
            <dst id="IPLSng">13740.312</dst>
            <dst id="KSCYng">2214.66933333333</dst>
            <dst id="LOSAng">13760.4853333333</dst>
            <dst id="NYCMng">51816.3306666667</dst>
            <dst id="SNVAng">23309.816</dst>
            <dst id="STTLng">24344.1413333333</dst>
            <dst id="WASHng">80708.3066666667</dst>
        </src>
        <src id="NYCMng">
            <dst id="ATLA-M5">1428.824</dst>
            <dst id="ATLAng">14467.7386666667</dst>
            <dst id="CHINng">17361.9626666667</dst>
            <dst id="DNVRng">23329.672</dst>
            <dst id="HSTNng">15227.2293333333</dst>
            <dst id="IPLSng">27586.568</dst>
            <dst id="KSCYng">7047.88</dst>
            <dst id="LOSAng">8450.20533333334</dst>
            <dst id="NYCMng">67591.2293333333</dst>
            <dst id="SNVAng">55821.1093333333</dst>
            <dst id="STTLng">30958.24</dst>
            <dst id="WASHng">64139.0346666667</dst>
        </src>
        <src id="SNVAng">
            <dst id="ATLA-M5">0</dst>
            <dst id="ATLAng">26.6666666666667</dst>
            <dst id="CHINng">993.706666666667</dst>
            <dst id="DNVRng">2194.632</dst>
            <dst id="HSTNng">26.6666666666667</dst>
            <dst id="IPLSng">259.784</dst>
            <dst id="KSCYng">0</dst>
            <dst id="LOSAng">971.642666666667</dst>
            <dst id="NYCMng">26.6666666666667</dst>
            <dst id="SNVAng">39415.9813333333</dst>
            <dst id="STTLng">32289.752</dst>
            <dst id="WASHng">0</dst>
        </src>
        <src id="STTLng">
            <dst id="ATLA-M5">0</dst>
            <dst id="ATLAng">5501.57866666667</dst>
            <dst id="CHINng">12629.0986666667</dst>
            <dst id="DNVRng">3613.78133333333</dst>
            <dst id="HSTNng">3239.99466666667</dst>
            <dst id="IPLSng">5741.42933333333</dst>
            <dst id="KSCYng">1904.13866666667</dst>
            <dst id="LOSAng">3982.024</dst>
            <dst id="NYCMng">17142.2826666667</dst>
            <dst id="SNVAng">24085.5413333333</dst>
            <dst id="STTLng">1537.00533333333</dst>
            <dst id="WASHng">4120.376</dst>
        </src>
        <src id="WASHng">
            <dst id="ATLA-M5">1868.30133333333</dst>
            <dst id="ATLAng">78979.736</dst>
            <dst id="CHINng">76764.8266666667</dst>
            <dst id="DNVRng">20252.4533333333</dst>
            <dst id="HSTNng">21749.472</dst>
            <dst id="IPLSng">24815.5946666667</dst>
            <dst id="KSCYng">27032.0213333333</dst>
            <dst id="LOSAng">65330.3253333333</dst>
            <dst id="NYCMng">128027.136</dst>
            <dst id="SNVAng">41551.5946666667</dst>
            <dst id="STTLng">32439.816</dst>
            <dst id="WASHng">198988.696</dst>
        </src>
    </IntraTM>
</TrafficMatrixFile>
