<?xml version="1.0" encoding="ISO-8859-1" standalone="yes"?>
<TrafficMatrixFile xsi:noNamespaceSchemaLocation="http://totem.run.montefiore.ulg.ac.be/Schema/TrafficMatrix-v1_2.xsd" xmlns:xsi="http://www.w3.org/2001/XMLSchema-instance">
    <IntraTM ASID="11537">
        <src id="ATLA-M5">
            <dst id="ATLA-M5">0</dst>
            <dst id="ATLAng">26.6666666666667</dst>
            <dst id="CHINng">63.568</dst>
            <dst id="DNVRng">1215.08266666667</dst>
            <dst id="HSTNng">57.52</dst>
            <dst id="IPLSng">58.6666666666667</dst>
            <dst id="KSCYng">0</dst>
            <dst id="LOSAng">26.6666666666667</dst>
            <dst id="NYCMng">53.3333333333333</dst>
            <dst id="SNVAng">0</dst>
            <dst id="STTLng">0</dst>
            <dst id="WASHng">534.637333333333</dst>
        </src>
        <src id="ATLAng">
            <dst id="ATLA-M5">135.085333333333</dst>
            <dst id="ATLAng">17569.2373333333</dst>
            <dst id="CHINng">14807.7466666667</dst>
            <dst id="DNVRng">3011.968</dst>
            <dst id="HSTNng">10005.6613333333</dst>
            <dst id="IPLSng">12561.2</dst>
            <dst id="KSCYng">585.96</dst>
            <dst id="LOSAng">8134.80933333333</dst>
            <dst id="NYCMng">10904.448</dst>
            <dst id="SNVAng">7092.53466666667</dst>
            <dst id="STTLng">1817.34666666667</dst>
            <dst id="WASHng">19004.136</dst>
        </src>
        <src id="CHINng">
            <dst id="ATLA-M5">159.248</dst>
            <dst id="ATLAng">19198.5253333333</dst>
            <dst id="CHINng">85214.5653333333</dst>
            <dst id="DNVRng">4480.93866666667</dst>
            <dst id="HSTNng">7288.55733333333</dst>
            <dst id="IPLSng">14223.488</dst>
            <dst id="KSCYng">9355.72</dst>
            <dst id="LOSAng">4204.24</dst>
            <dst id="NYCMng">10148.7786666667</dst>
            <dst id="SNVAng">26516.7306666667</dst>
            <dst id="STTLng">7256.08266666667</dst>
            <dst id="WASHng">18201.2933333333</dst>
        </src>
        <src id="DNVRng">
            <dst id="ATLA-M5">133.546666666667</dst>
            <dst id="ATLAng">3688.86666666667</dst>
            <dst id="CHINng">36094.7546666667</dst>
            <dst id="DNVRng">9681.872</dst>
            <dst id="HSTNng">24608.0053333333</dst>
            <dst id="IPLSng">27090.0746666667</dst>
            <dst id="KSCYng">24378.1466666667</dst>
            <dst id="LOSAng">1766.12533333333</dst>
            <dst id="NYCMng">15802.336</dst>
            <dst id="SNVAng">28010.72</dst>
            <dst id="STTLng">13745.0453333333</dst>
            <dst id="WASHng">37681.1866666667</dst>
        </src>
        <src id="HSTNng">
            <dst id="ATLA-M5">3237.27466666667</dst>
            <dst id="ATLAng">1342.13333333333</dst>
            <dst id="CHINng">12885.8666666667</dst>
            <dst id="DNVRng">908.213333333333</dst>
            <dst id="HSTNng">19994.2453333333</dst>
            <dst id="IPLSng">1901.89333333333</dst>
            <dst id="KSCYng">1229.58933333333</dst>
            <dst id="LOSAng">882.330666666667</dst>
            <dst id="NYCMng">1871.94933333333</dst>
            <dst id="SNVAng">26.6666666666667</dst>
            <dst id="STTLng">562.128</dst>
            <dst id="WASHng">4247.57066666667</dst>
        </src>
        <src id="IPLSng">
            <dst id="ATLA-M5">118.176</dst>
            <dst id="ATLAng">4061.98933333333</dst>
            <dst id="CHINng">35960.408</dst>
            <dst id="DNVRng">6698.432</dst>
            <dst id="HSTNng">675.634666666667</dst>
            <dst id="IPLSng">17684.0533333333</dst>
            <dst id="KSCYng">3232.85866666667</dst>
            <dst id="LOSAng">7534.80266666667</dst>
            <dst id="NYCMng">4785.328</dst>
            <dst id="SNVAng">6026.44</dst>
            <dst id="STTLng">18503.5306666667</dst>
            <dst id="WASHng">5206.64266666667</dst>
        </src>
        <src id="KSCYng">
            <dst id="ATLA-M5">0</dst>
            <dst id="ATLAng">2767.208</dst>
            <dst id="CHINng">16030.7413333333</dst>
            <dst id="DNVRng">6388.29066666667</dst>
            <dst id="HSTNng">5447.544</dst>
            <dst id="IPLSng">13730.2853333333</dst>
            <dst id="KSCYng">13741.4773333333</dst>
            <dst id="LOSAng">747.792</dst>
            <dst id="NYCMng">1780.42933333333</dst>
            <dst id="SNVAng">8192.66666666667</dst>
            <dst id="STTLng">911.04</dst>
            <dst id="WASHng">7207.10133333333</dst>
        </src>
        <src id="LOSAng">
            <dst id="ATLA-M5">26.6666666666667</dst>
            <dst id="ATLAng">17387.464</dst>
            <dst id="CHINng">43981.6186666667</dst>
            <dst id="DNVRng">11059.6986666667</dst>
            <dst id="HSTNng">1726.81066666667</dst>
            <dst id="IPLSng">9995.112</dst>
            <dst id="KSCYng">2060.61866666667</dst>
            <dst id="LOSAng">28566.6106666667</dst>
            <dst id="NYCMng">25485.7813333333</dst>
            <dst id="SNVAng">26817.0826666667</dst>
            <dst id="STTLng">22528.904</dst>
            <dst id="WASHng">74446.1706666667</dst>
        </src>
        <src id="NYCMng">
            <dst id="ATLA-M5">210.053333333333</dst>
            <dst id="ATLAng">14411.64</dst>
            <dst id="CHINng">23724.0213333333</dst>
            <dst id="DNVRng">23414.144</dst>
            <dst id="HSTNng">9030.74666666667</dst>
            <dst id="IPLSng">6632.50133333333</dst>
            <dst id="KSCYng">3375.90933333333</dst>
            <dst id="LOSAng">12900.152</dst>
            <dst id="NYCMng">89917.704</dst>
            <dst id="SNVAng">53694.5253333333</dst>
            <dst id="STTLng">35328.4906666667</dst>
            <dst id="WASHng">32689.9733333333</dst>
        </src>
        <src id="SNVAng">
            <dst id="ATLA-M5">0</dst>
            <dst id="ATLAng">655.904</dst>
            <dst id="CHINng">0</dst>
            <dst id="DNVRng">7042.11733333333</dst>
            <dst id="HSTNng">0</dst>
            <dst id="IPLSng">244.650666666667</dst>
            <dst id="KSCYng">0</dst>
            <dst id="LOSAng">3339.96</dst>
            <dst id="NYCMng">0</dst>
            <dst id="SNVAng">44333.168</dst>
            <dst id="STTLng">42868.6773333333</dst>
            <dst id="WASHng">126.048</dst>
        </src>
        <src id="STTLng">
            <dst id="ATLA-M5">0</dst>
            <dst id="ATLAng">4244.69866666667</dst>
            <dst id="CHINng">14425.6853333333</dst>
            <dst id="DNVRng">3724.53066666667</dst>
            <dst id="HSTNng">3846.48</dst>
            <dst id="IPLSng">7498.13333333333</dst>
            <dst id="KSCYng">1541.296</dst>
            <dst id="LOSAng">6057.06933333333</dst>
            <dst id="NYCMng">16790.2026666667</dst>
            <dst id="SNVAng">23615.4933333333</dst>
            <dst id="STTLng">1457.22133333333</dst>
            <dst id="WASHng">5349.19466666667</dst>
        </src>
        <src id="WASHng">
            <dst id="ATLA-M5">154.061333333333</dst>
            <dst id="ATLAng">96385.3946666667</dst>
            <dst id="CHINng">81965.1173333333</dst>
            <dst id="DNVRng">31962.512</dst>
            <dst id="HSTNng">31341.0613333333</dst>
            <dst id="IPLSng">21464.0986666667</dst>
            <dst id="KSCYng">30183.76</dst>
            <dst id="LOSAng">62633.6373333333</dst>
            <dst id="NYCMng">124561.429333333</dst>
            <dst id="SNVAng">25232.72</dst>
            <dst id="STTLng">38149.6</dst>
            <dst id="WASHng">237272.504</dst>
        </src>
    </IntraTM>
</TrafficMatrixFile>
