<?xml version="1.0" encoding="ISO-8859-1" standalone="yes"?>
<TrafficMatrixFile xsi:noNamespaceSchemaLocation="http://totem.run.montefiore.ulg.ac.be/Schema/TrafficMatrix-v1_2.xsd" xmlns:xsi="http://www.w3.org/2001/XMLSchema-instance">
    <IntraTM ASID="11537">
        <src id="ATLA-M5">
            <dst id="ATLA-M5">0</dst>
            <dst id="ATLAng">436.258666666667</dst>
            <dst id="CHINng">206.128</dst>
            <dst id="DNVRng">0</dst>
            <dst id="HSTNng">227.298666666667</dst>
            <dst id="IPLSng">103.882666666667</dst>
            <dst id="KSCYng">0</dst>
            <dst id="LOSAng">42.1493333333333</dst>
            <dst id="NYCMng">26.6666666666667</dst>
            <dst id="SNVAng">42.1493333333333</dst>
            <dst id="STTLng">449.712</dst>
            <dst id="WASHng">214.269333333333</dst>
        </src>
        <src id="ATLAng">
            <dst id="ATLA-M5">51.824</dst>
            <dst id="ATLAng">21281.92</dst>
            <dst id="CHINng">12165.6986666667</dst>
            <dst id="DNVRng">3093.328</dst>
            <dst id="HSTNng">22925.6586666667</dst>
            <dst id="IPLSng">13220.04</dst>
            <dst id="KSCYng">4382.568</dst>
            <dst id="LOSAng">9833.34</dst>
            <dst id="NYCMng">2392.49066666667</dst>
            <dst id="SNVAng">8673.72133333333</dst>
            <dst id="STTLng">1563.856</dst>
            <dst id="WASHng">16303.8613333333</dst>
        </src>
        <src id="CHINng">
            <dst id="ATLA-M5">130.312</dst>
            <dst id="ATLAng">14322.976</dst>
            <dst id="CHINng">150999.704</dst>
            <dst id="DNVRng">4940.47733333333</dst>
            <dst id="HSTNng">6357.16266666667</dst>
            <dst id="IPLSng">29686.32</dst>
            <dst id="KSCYng">7019.568</dst>
            <dst id="LOSAng">7659.17066666667</dst>
            <dst id="NYCMng">8750.72</dst>
            <dst id="SNVAng">32883.328</dst>
            <dst id="STTLng">8092.93866666667</dst>
            <dst id="WASHng">9778.37333333333</dst>
        </src>
        <src id="DNVRng">
            <dst id="ATLA-M5">72.96</dst>
            <dst id="ATLAng">2901.02133333333</dst>
            <dst id="CHINng">40545.72</dst>
            <dst id="DNVRng">9199.872</dst>
            <dst id="HSTNng">22857.5866666667</dst>
            <dst id="IPLSng">31050.0133333333</dst>
            <dst id="KSCYng">15154.6586666667</dst>
            <dst id="LOSAng">5603.72</dst>
            <dst id="NYCMng">15889.1546666667</dst>
            <dst id="SNVAng">30994.0533333333</dst>
            <dst id="STTLng">5205.04533333333</dst>
            <dst id="WASHng">42516.5306666667</dst>
        </src>
        <src id="HSTNng">
            <dst id="ATLA-M5">2857.672</dst>
            <dst id="ATLAng">2768.44533333333</dst>
            <dst id="CHINng">12728.4293333333</dst>
            <dst id="DNVRng">615.216</dst>
            <dst id="HSTNng">15668.544</dst>
            <dst id="IPLSng">568.144</dst>
            <dst id="KSCYng">787.466666666667</dst>
            <dst id="LOSAng">7016.87733333333</dst>
            <dst id="NYCMng">2586.71466666667</dst>
            <dst id="SNVAng">0</dst>
            <dst id="STTLng">983.893333333333</dst>
            <dst id="WASHng">3302.39733333333</dst>
        </src>
        <src id="IPLSng">
            <dst id="ATLA-M5">0</dst>
            <dst id="ATLAng">8817.41333333333</dst>
            <dst id="CHINng">50299.2106666667</dst>
            <dst id="DNVRng">6877.33066666666</dst>
            <dst id="HSTNng">523.861333333333</dst>
            <dst id="IPLSng">1806.088</dst>
            <dst id="KSCYng">2735.33066666667</dst>
            <dst id="LOSAng">5130.39733333333</dst>
            <dst id="NYCMng">9685.616</dst>
            <dst id="SNVAng">11345.512</dst>
            <dst id="STTLng">11748.12</dst>
            <dst id="WASHng">5455.72</dst>
        </src>
        <src id="KSCYng">
            <dst id="ATLA-M5">229.488</dst>
            <dst id="ATLAng">3510.36266666667</dst>
            <dst id="CHINng">9982.50666666667</dst>
            <dst id="DNVRng">4591.152</dst>
            <dst id="HSTNng">3072.21333333333</dst>
            <dst id="IPLSng">10942.96</dst>
            <dst id="KSCYng">9686.83466666667</dst>
            <dst id="LOSAng">2090.544</dst>
            <dst id="NYCMng">1506.29066666667</dst>
            <dst id="SNVAng">6672.664</dst>
            <dst id="STTLng">474.824</dst>
            <dst id="WASHng">6210.96266666667</dst>
        </src>
        <src id="LOSAng">
            <dst id="ATLA-M5">54.3253333333333</dst>
            <dst id="ATLAng">14735.2613333333</dst>
            <dst id="CHINng">67741.0293333333</dst>
            <dst id="DNVRng">10354.6186666667</dst>
            <dst id="HSTNng">1428.032</dst>
            <dst id="IPLSng">5783.54933333333</dst>
            <dst id="KSCYng">1966.14133333333</dst>
            <dst id="LOSAng">38866.408</dst>
            <dst id="NYCMng">26734.9093333333</dst>
            <dst id="SNVAng">23868.4826666667</dst>
            <dst id="STTLng">33727.2826666667</dst>
            <dst id="WASHng">75827.3546666667</dst>
        </src>
        <src id="NYCMng">
            <dst id="ATLA-M5">83.8133333333333</dst>
            <dst id="ATLAng">8644.38666666667</dst>
            <dst id="CHINng">22526.0053333333</dst>
            <dst id="DNVRng">25572.6</dst>
            <dst id="HSTNng">6406.27466666667</dst>
            <dst id="IPLSng">17868.3013333333</dst>
            <dst id="KSCYng">5772.136</dst>
            <dst id="LOSAng">5810.768</dst>
            <dst id="NYCMng">74119.136</dst>
            <dst id="SNVAng">36636.816</dst>
            <dst id="STTLng">24172.3146666667</dst>
            <dst id="WASHng">51931.9573333333</dst>
        </src>
        <src id="SNVAng">
            <dst id="ATLA-M5">0</dst>
            <dst id="ATLAng">80</dst>
            <dst id="CHINng">80</dst>
            <dst id="DNVRng">13824.5893333333</dst>
            <dst id="HSTNng">26.6666666666667</dst>
            <dst id="IPLSng">228.773333333333</dst>
            <dst id="KSCYng">0</dst>
            <dst id="LOSAng">1642.856</dst>
            <dst id="NYCMng">53.3333333333333</dst>
            <dst id="SNVAng">27783.8266666667</dst>
            <dst id="STTLng">36897.768</dst>
            <dst id="WASHng">132.896</dst>
        </src>
        <src id="STTLng">
            <dst id="ATLA-M5">0</dst>
            <dst id="ATLAng">4082.21333333333</dst>
            <dst id="CHINng">16086.984</dst>
            <dst id="DNVRng">4882.05333333333</dst>
            <dst id="HSTNng">2411.17066666667</dst>
            <dst id="IPLSng">10734.7226666667</dst>
            <dst id="KSCYng">1406.37866666667</dst>
            <dst id="LOSAng">6216.184</dst>
            <dst id="NYCMng">12334.2</dst>
            <dst id="SNVAng">25589.76</dst>
            <dst id="STTLng">1736.336</dst>
            <dst id="WASHng">5128.19466666667</dst>
        </src>
        <src id="WASHng">
            <dst id="ATLA-M5">233.333333333333</dst>
            <dst id="ATLAng">89746.3146666666</dst>
            <dst id="CHINng">81369.2906666667</dst>
            <dst id="DNVRng">26079.912</dst>
            <dst id="HSTNng">24429.7973333333</dst>
            <dst id="IPLSng">27165.3466666667</dst>
            <dst id="KSCYng">33304.9226666667</dst>
            <dst id="LOSAng">72146.9653333333</dst>
            <dst id="NYCMng">120007.84</dst>
            <dst id="SNVAng">42387.2853333333</dst>
            <dst id="STTLng">33184.584</dst>
            <dst id="WASHng">189091.901333333</dst>
        </src>
    </IntraTM>
</TrafficMatrixFile>
