<?xml version="1.0" encoding="ISO-8859-1" standalone="yes"?>
<TrafficMatrixFile xsi:noNamespaceSchemaLocation="http://totem.run.montefiore.ulg.ac.be/Schema/TrafficMatrix-v1_2.xsd" xmlns:xsi="http://www.w3.org/2001/XMLSchema-instance">
    <IntraTM ASID="11537">
        <src id="ATLA-M5">
            <dst id="ATLA-M5">93.12</dst>
            <dst id="ATLAng">0</dst>
            <dst id="CHINng">288.290666666667</dst>
            <dst id="DNVRng">0</dst>
            <dst id="HSTNng">79.4506666666667</dst>
            <dst id="IPLSng">26.6666666666667</dst>
            <dst id="KSCYng">0</dst>
            <dst id="LOSAng">0</dst>
            <dst id="NYCMng">53.3333333333333</dst>
            <dst id="SNVAng">0</dst>
            <dst id="STTLng">123.933333333333</dst>
            <dst id="WASHng">294.141333333333</dst>
        </src>
        <src id="ATLAng">
            <dst id="ATLA-M5">116.688</dst>
            <dst id="ATLAng">49496.9386666667</dst>
            <dst id="CHINng">16750.9813333333</dst>
            <dst id="DNVRng">2968.93866666667</dst>
            <dst id="HSTNng">2348.94666666667</dst>
            <dst id="IPLSng">16731.424</dst>
            <dst id="KSCYng">396.829333333333</dst>
            <dst id="LOSAng">15821.0453333333</dst>
            <dst id="NYCMng">3309.184</dst>
            <dst id="SNVAng">5180.54933333333</dst>
            <dst id="STTLng">2153.104</dst>
            <dst id="WASHng">14825.9706666667</dst>
        </src>
        <src id="CHINng">
            <dst id="ATLA-M5">192.429333333333</dst>
            <dst id="ATLAng">25398.6426666667</dst>
            <dst id="CHINng">63311.4533333333</dst>
            <dst id="DNVRng">8354.01866666667</dst>
            <dst id="HSTNng">5601.50933333333</dst>
            <dst id="IPLSng">15327.6266666667</dst>
            <dst id="KSCYng">19374.3866666667</dst>
            <dst id="LOSAng">3940.432</dst>
            <dst id="NYCMng">10688.272</dst>
            <dst id="SNVAng">23065.9306666667</dst>
            <dst id="STTLng">10503.7813333333</dst>
            <dst id="WASHng">14241.2506666667</dst>
        </src>
        <src id="DNVRng">
            <dst id="ATLA-M5">619.810666666667</dst>
            <dst id="ATLAng">3865.51733333333</dst>
            <dst id="CHINng">34907.5253333333</dst>
            <dst id="DNVRng">5590.61066666666</dst>
            <dst id="HSTNng">21977.7973333333</dst>
            <dst id="IPLSng">26163.7413333333</dst>
            <dst id="KSCYng">21578.8053333333</dst>
            <dst id="LOSAng">565.258666666667</dst>
            <dst id="NYCMng">12223.992</dst>
            <dst id="SNVAng">22487.656</dst>
            <dst id="STTLng">13018.9493333333</dst>
            <dst id="WASHng">37527.6586666667</dst>
        </src>
        <src id="HSTNng">
            <dst id="ATLA-M5">833.573333333333</dst>
            <dst id="ATLAng">1106.16533333333</dst>
            <dst id="CHINng">9874.73866666667</dst>
            <dst id="DNVRng">2010.05333333333</dst>
            <dst id="HSTNng">12215.4746666667</dst>
            <dst id="IPLSng">1641.74133333333</dst>
            <dst id="KSCYng">1493.84266666667</dst>
            <dst id="LOSAng">4322.40533333333</dst>
            <dst id="NYCMng">1915.10933333333</dst>
            <dst id="SNVAng">26.6666666666667</dst>
            <dst id="STTLng">2006.34933333333</dst>
            <dst id="WASHng">4079.66666666667</dst>
        </src>
        <src id="IPLSng">
            <dst id="ATLA-M5">26.6666666666667</dst>
            <dst id="ATLAng">4812.14133333333</dst>
            <dst id="CHINng">39873.08</dst>
            <dst id="DNVRng">9029.23733333333</dst>
            <dst id="HSTNng">893.269333333334</dst>
            <dst id="IPLSng">6341.848</dst>
            <dst id="KSCYng">2800.2</dst>
            <dst id="LOSAng">2008.75733333333</dst>
            <dst id="NYCMng">11232.2133333333</dst>
            <dst id="SNVAng">7971.06133333333</dst>
            <dst id="STTLng">14227.9226666667</dst>
            <dst id="WASHng">6720.96</dst>
        </src>
        <src id="KSCYng">
            <dst id="ATLA-M5">0</dst>
            <dst id="ATLAng">6744.15466666667</dst>
            <dst id="CHINng">13826.216</dst>
            <dst id="DNVRng">5974.08533333333</dst>
            <dst id="HSTNng">5137.232</dst>
            <dst id="IPLSng">13396.8026666667</dst>
            <dst id="KSCYng">8556.82666666667</dst>
            <dst id="LOSAng">883.130666666666</dst>
            <dst id="NYCMng">2296.11466666667</dst>
            <dst id="SNVAng">9950.11733333333</dst>
            <dst id="STTLng">1863.43733333333</dst>
            <dst id="WASHng">7831.14666666667</dst>
        </src>
        <src id="LOSAng">
            <dst id="ATLA-M5">101.906666666667</dst>
            <dst id="ATLAng">25211.432</dst>
            <dst id="CHINng">43471.3653333333</dst>
            <dst id="DNVRng">7580.23466666667</dst>
            <dst id="HSTNng">3144.68533333333</dst>
            <dst id="IPLSng">7973.09333333333</dst>
            <dst id="KSCYng">2271.94933333333</dst>
            <dst id="LOSAng">17362.4853333333</dst>
            <dst id="NYCMng">26946.7413333333</dst>
            <dst id="SNVAng">22562.3626666667</dst>
            <dst id="STTLng">26091.9813333333</dst>
            <dst id="WASHng">76383.64</dst>
        </src>
        <src id="NYCMng">
            <dst id="ATLA-M5">180.733333333333</dst>
            <dst id="ATLAng">16363.5626666667</dst>
            <dst id="CHINng">32724.3306666667</dst>
            <dst id="DNVRng">24132.08</dst>
            <dst id="HSTNng">11600.672</dst>
            <dst id="IPLSng">13173.8053333333</dst>
            <dst id="KSCYng">5489.72533333333</dst>
            <dst id="LOSAng">8179.872</dst>
            <dst id="NYCMng">85021.632</dst>
            <dst id="SNVAng">50084.736</dst>
            <dst id="STTLng">28838.6373333333</dst>
            <dst id="WASHng">37958.8133333333</dst>
        </src>
        <src id="SNVAng">
            <dst id="ATLA-M5">0</dst>
            <dst id="ATLAng">642.517333333333</dst>
            <dst id="CHINng">26.6666666666667</dst>
            <dst id="DNVRng">2533.216</dst>
            <dst id="HSTNng">0</dst>
            <dst id="IPLSng">170.666666666667</dst>
            <dst id="KSCYng">0</dst>
            <dst id="LOSAng">4222.22666666667</dst>
            <dst id="NYCMng">438.032</dst>
            <dst id="SNVAng">41023.7946666667</dst>
            <dst id="STTLng">35215.8693333334</dst>
            <dst id="WASHng">0</dst>
        </src>
        <src id="STTLng">
            <dst id="ATLA-M5">53.1626666666667</dst>
            <dst id="ATLAng">4195.33066666667</dst>
            <dst id="CHINng">16879.6426666667</dst>
            <dst id="DNVRng">4467.19466666667</dst>
            <dst id="HSTNng">3116.57866666667</dst>
            <dst id="IPLSng">17208.0186666667</dst>
            <dst id="KSCYng">1617.20533333333</dst>
            <dst id="LOSAng">8104.67466666667</dst>
            <dst id="NYCMng">14152.5333333333</dst>
            <dst id="SNVAng">20135.4826666667</dst>
            <dst id="STTLng">1566.008</dst>
            <dst id="WASHng">3831.86133333333</dst>
        </src>
        <src id="WASHng">
            <dst id="ATLA-M5">87.0933333333333</dst>
            <dst id="ATLAng">62573.68</dst>
            <dst id="CHINng">84461.952</dst>
            <dst id="DNVRng">22823.2373333333</dst>
            <dst id="HSTNng">31604.736</dst>
            <dst id="IPLSng">17588.9706666667</dst>
            <dst id="KSCYng">29030.624</dst>
            <dst id="LOSAng">69681.592</dst>
            <dst id="NYCMng">143532.738666667</dst>
            <dst id="SNVAng">33612.2933333333</dst>
            <dst id="STTLng">34830.192</dst>
            <dst id="WASHng">191358.101333333</dst>
        </src>
    </IntraTM>
</TrafficMatrixFile>
