<?xml version="1.0" encoding="ISO-8859-1" standalone="yes"?>
<TrafficMatrixFile xsi:noNamespaceSchemaLocation="http://totem.run.montefiore.ulg.ac.be/Schema/TrafficMatrix-v1_2.xsd" xmlns:xsi="http://www.w3.org/2001/XMLSchema-instance">
    <IntraTM ASID="11537">
        <src id="ATLA-M5">
            <dst id="ATLA-M5">26.6666666666667</dst>
            <dst id="ATLAng">0</dst>
            <dst id="CHINng">80</dst>
            <dst id="DNVRng">0</dst>
            <dst id="HSTNng">0</dst>
            <dst id="IPLSng">0</dst>
            <dst id="KSCYng">0</dst>
            <dst id="LOSAng">0</dst>
            <dst id="NYCMng">114.213333333333</dst>
            <dst id="SNVAng">0</dst>
            <dst id="STTLng">53.2533333333333</dst>
            <dst id="WASHng">63.3626666666667</dst>
        </src>
        <src id="ATLAng">
            <dst id="ATLA-M5">26.6666666666667</dst>
            <dst id="ATLAng">23066.2906666667</dst>
            <dst id="CHINng">3472.96533333333</dst>
            <dst id="DNVRng">2579.12266666667</dst>
            <dst id="HSTNng">382.733333333333</dst>
            <dst id="IPLSng">19127.1226666667</dst>
            <dst id="KSCYng">280.848</dst>
            <dst id="LOSAng">11551.6533333333</dst>
            <dst id="NYCMng">2230.57333333333</dst>
            <dst id="SNVAng">1602.82133333333</dst>
            <dst id="STTLng">5851.36266666667</dst>
            <dst id="WASHng">33483.5893333333</dst>
        </src>
        <src id="CHINng">
            <dst id="ATLA-M5">26.6666666666667</dst>
            <dst id="ATLAng">6416.32533333333</dst>
            <dst id="CHINng">47486.3786666667</dst>
            <dst id="DNVRng">10060.5386666667</dst>
            <dst id="HSTNng">10454.552</dst>
            <dst id="IPLSng">14167.7386666667</dst>
            <dst id="KSCYng">3983.24266666667</dst>
            <dst id="LOSAng">20153.1226666667</dst>
            <dst id="NYCMng">28610.0693333333</dst>
            <dst id="SNVAng">2306.33333333333</dst>
            <dst id="STTLng">12637.4666666667</dst>
            <dst id="WASHng">19122.5813333333</dst>
        </src>
        <src id="DNVRng">
            <dst id="ATLA-M5">338.506666666667</dst>
            <dst id="ATLAng">2777.12266666667</dst>
            <dst id="CHINng">37099.0453333333</dst>
            <dst id="DNVRng">8409.61333333333</dst>
            <dst id="HSTNng">21431.9333333333</dst>
            <dst id="IPLSng">28912.8693333333</dst>
            <dst id="KSCYng">20399.9706666667</dst>
            <dst id="LOSAng">9052.936</dst>
            <dst id="NYCMng">13732.6986666667</dst>
            <dst id="SNVAng">7179.50133333333</dst>
            <dst id="STTLng">3533.344</dst>
            <dst id="WASHng">33800.7253333333</dst>
        </src>
        <src id="HSTNng">
            <dst id="ATLA-M5">53.1733333333333</dst>
            <dst id="ATLAng">5342.064</dst>
            <dst id="CHINng">5468.92</dst>
            <dst id="DNVRng">768.408</dst>
            <dst id="HSTNng">18222.352</dst>
            <dst id="IPLSng">3326.97066666667</dst>
            <dst id="KSCYng">560.122666666667</dst>
            <dst id="LOSAng">2259.98666666667</dst>
            <dst id="NYCMng">1640.70933333333</dst>
            <dst id="SNVAng">26.6666666666667</dst>
            <dst id="STTLng">680.928</dst>
            <dst id="WASHng">1451.57066666667</dst>
        </src>
        <src id="IPLSng">
            <dst id="ATLA-M5">0</dst>
            <dst id="ATLAng">21524.3466666667</dst>
            <dst id="CHINng">31758.096</dst>
            <dst id="DNVRng">12223.4586666667</dst>
            <dst id="HSTNng">2988.89066666667</dst>
            <dst id="IPLSng">18525.832</dst>
            <dst id="KSCYng">6965.11466666667</dst>
            <dst id="LOSAng">8563.704</dst>
            <dst id="NYCMng">3316.34666666667</dst>
            <dst id="SNVAng">197.117333333333</dst>
            <dst id="STTLng">3649.82133333333</dst>
            <dst id="WASHng">19958.5946666667</dst>
        </src>
        <src id="KSCYng">
            <dst id="ATLA-M5">0</dst>
            <dst id="ATLAng">2244.08266666667</dst>
            <dst id="CHINng">10643.8613333333</dst>
            <dst id="DNVRng">4609.48266666667</dst>
            <dst id="HSTNng">2564.528</dst>
            <dst id="IPLSng">10303.4693333333</dst>
            <dst id="KSCYng">5710.648</dst>
            <dst id="LOSAng">3451.144</dst>
            <dst id="NYCMng">1309.53333333333</dst>
            <dst id="SNVAng">2000.69333333333</dst>
            <dst id="STTLng">689.162666666667</dst>
            <dst id="WASHng">7969.22133333333</dst>
        </src>
        <src id="LOSAng">
            <dst id="ATLA-M5">0</dst>
            <dst id="ATLAng">7001.86666666667</dst>
            <dst id="CHINng">42116.9253333333</dst>
            <dst id="DNVRng">4425.33866666667</dst>
            <dst id="HSTNng">6359.43733333333</dst>
            <dst id="IPLSng">6888.776</dst>
            <dst id="KSCYng">3021.424</dst>
            <dst id="LOSAng">13113.0533333333</dst>
            <dst id="NYCMng">17204.504</dst>
            <dst id="SNVAng">20438.5333333333</dst>
            <dst id="STTLng">28799.1013333333</dst>
            <dst id="WASHng">69766.3653333333</dst>
        </src>
        <src id="NYCMng">
            <dst id="ATLA-M5">53.3333333333333</dst>
            <dst id="ATLAng">5933.368</dst>
            <dst id="CHINng">21762.536</dst>
            <dst id="DNVRng">20920.3706666667</dst>
            <dst id="HSTNng">2297.62666666667</dst>
            <dst id="IPLSng">16860.0213333333</dst>
            <dst id="KSCYng">4274.688</dst>
            <dst id="LOSAng">49928.432</dst>
            <dst id="NYCMng">49140.4773333333</dst>
            <dst id="SNVAng">3077.06666666667</dst>
            <dst id="STTLng">20167.024</dst>
            <dst id="WASHng">40022.0586666667</dst>
        </src>
        <src id="SNVAng">
            <dst id="ATLA-M5">0</dst>
            <dst id="ATLAng">293.186666666667</dst>
            <dst id="CHINng">26.6666666666667</dst>
            <dst id="DNVRng">2616.42933333333</dst>
            <dst id="HSTNng">0</dst>
            <dst id="IPLSng">205.856</dst>
            <dst id="KSCYng">26.6666666666667</dst>
            <dst id="LOSAng">26333.5626666667</dst>
            <dst id="NYCMng">26.6666666666667</dst>
            <dst id="SNVAng">7089.77866666667</dst>
            <dst id="STTLng">44500.6426666667</dst>
            <dst id="WASHng">0</dst>
        </src>
        <src id="STTLng">
            <dst id="ATLA-M5">82.8266666666667</dst>
            <dst id="ATLAng">5647.856</dst>
            <dst id="CHINng">18984.3466666667</dst>
            <dst id="DNVRng">732.898666666667</dst>
            <dst id="HSTNng">303.872</dst>
            <dst id="IPLSng">4503.608</dst>
            <dst id="KSCYng">1371.712</dst>
            <dst id="LOSAng">12052.408</dst>
            <dst id="NYCMng">8783.22133333333</dst>
            <dst id="SNVAng">8162.64266666667</dst>
            <dst id="STTLng">1169.32533333333</dst>
            <dst id="WASHng">4549.104</dst>
        </src>
        <src id="WASHng">
            <dst id="ATLA-M5">303.658666666667</dst>
            <dst id="ATLAng">76451.0746666667</dst>
            <dst id="CHINng">72477.728</dst>
            <dst id="DNVRng">45051.2773333333</dst>
            <dst id="HSTNng">19368.032</dst>
            <dst id="IPLSng">79724.8853333333</dst>
            <dst id="KSCYng">28756.7733333333</dst>
            <dst id="LOSAng">91146.2426666667</dst>
            <dst id="NYCMng">164962.616</dst>
            <dst id="SNVAng">1049.752</dst>
            <dst id="STTLng">28115.3493333333</dst>
            <dst id="WASHng">202577.557333333</dst>
        </src>
    </IntraTM>
</TrafficMatrixFile>
