<?xml version="1.0" encoding="ISO-8859-1" standalone="yes"?>
<TrafficMatrixFile xsi:noNamespaceSchemaLocation="http://totem.run.montefiore.ulg.ac.be/Schema/TrafficMatrix-v1_2.xsd" xmlns:xsi="http://www.w3.org/2001/XMLSchema-instance">
    <IntraTM ASID="11537">
        <src id="ATLA-M5">
            <dst id="ATLA-M5">195.146666666667</dst>
            <dst id="ATLAng">162.32</dst>
            <dst id="CHINng">316.32</dst>
            <dst id="DNVRng">57.7466666666667</dst>
            <dst id="HSTNng">175.458666666667</dst>
            <dst id="IPLSng">83.3306666666667</dst>
            <dst id="KSCYng">169.821333333333</dst>
            <dst id="LOSAng">93.4613333333333</dst>
            <dst id="NYCMng">248.010666666667</dst>
            <dst id="SNVAng">40.128</dst>
            <dst id="STTLng">0</dst>
            <dst id="WASHng">464.04</dst>
        </src>
        <src id="ATLAng">
            <dst id="ATLA-M5">217.741333333333</dst>
            <dst id="ATLAng">67142.2186666667</dst>
            <dst id="CHINng">15470.096</dst>
            <dst id="DNVRng">4306.328</dst>
            <dst id="HSTNng">37195.392</dst>
            <dst id="IPLSng">35149.0186666667</dst>
            <dst id="KSCYng">3354.344</dst>
            <dst id="LOSAng">7990.15866666667</dst>
            <dst id="NYCMng">11778.072</dst>
            <dst id="SNVAng">7619.77466666667</dst>
            <dst id="STTLng">4529.62666666667</dst>
            <dst id="WASHng">50117.664</dst>
        </src>
        <src id="CHINng">
            <dst id="ATLA-M5">167.72</dst>
            <dst id="ATLAng">29577.3253333333</dst>
            <dst id="CHINng">132767.592</dst>
            <dst id="DNVRng">10963.992</dst>
            <dst id="HSTNng">16825.6133333333</dst>
            <dst id="IPLSng">33556.2</dst>
            <dst id="KSCYng">10044.6586666667</dst>
            <dst id="LOSAng">12686.6266666667</dst>
            <dst id="NYCMng">17355.3786666667</dst>
            <dst id="SNVAng">30348.4933333333</dst>
            <dst id="STTLng">17949.952</dst>
            <dst id="WASHng">35024.432</dst>
        </src>
        <src id="DNVRng">
            <dst id="ATLA-M5">199.050666666667</dst>
            <dst id="ATLAng">12079.784</dst>
            <dst id="CHINng">92192.264</dst>
            <dst id="DNVRng">11479.144</dst>
            <dst id="HSTNng">24998.1066666667</dst>
            <dst id="IPLSng">27640.4133333333</dst>
            <dst id="KSCYng">20747.9786666667</dst>
            <dst id="LOSAng">1799.65333333333</dst>
            <dst id="NYCMng">22267.1893333333</dst>
            <dst id="SNVAng">30751.288</dst>
            <dst id="STTLng">37909.1653333333</dst>
            <dst id="WASHng">61341.7066666667</dst>
        </src>
        <src id="HSTNng">
            <dst id="ATLA-M5">1367.93866666667</dst>
            <dst id="ATLAng">9401.168</dst>
            <dst id="CHINng">13118.968</dst>
            <dst id="DNVRng">2116.36533333333</dst>
            <dst id="HSTNng">13104.72</dst>
            <dst id="IPLSng">2694.848</dst>
            <dst id="KSCYng">5158.2</dst>
            <dst id="LOSAng">6166.76533333333</dst>
            <dst id="NYCMng">2817.83466666667</dst>
            <dst id="SNVAng">1229.02933333333</dst>
            <dst id="STTLng">2429.168</dst>
            <dst id="WASHng">6443.01066666667</dst>
        </src>
        <src id="IPLSng">
            <dst id="ATLA-M5">105.981333333333</dst>
            <dst id="ATLAng">24008.0506666667</dst>
            <dst id="CHINng">71371.512</dst>
            <dst id="DNVRng">17141.072</dst>
            <dst id="HSTNng">3119.2</dst>
            <dst id="IPLSng">18872.832</dst>
            <dst id="KSCYng">7496.45333333333</dst>
            <dst id="LOSAng">7566.90133333333</dst>
            <dst id="NYCMng">21402.1626666667</dst>
            <dst id="SNVAng">12893.176</dst>
            <dst id="STTLng">14719.7626666667</dst>
            <dst id="WASHng">29677.9466666667</dst>
        </src>
        <src id="KSCYng">
            <dst id="ATLA-M5">0</dst>
            <dst id="ATLAng">13559.9573333333</dst>
            <dst id="CHINng">21411.9093333333</dst>
            <dst id="DNVRng">17156.1093333333</dst>
            <dst id="HSTNng">4944.06133333333</dst>
            <dst id="IPLSng">13935.6186666667</dst>
            <dst id="KSCYng">9103.47466666667</dst>
            <dst id="LOSAng">721.096</dst>
            <dst id="NYCMng">2962.01333333333</dst>
            <dst id="SNVAng">8077.48533333333</dst>
            <dst id="STTLng">3816.64266666667</dst>
            <dst id="WASHng">12871.4826666667</dst>
        </src>
        <src id="LOSAng">
            <dst id="ATLA-M5">1231.73333333333</dst>
            <dst id="ATLAng">30792.9893333333</dst>
            <dst id="CHINng">85519.528</dst>
            <dst id="DNVRng">9770.43466666667</dst>
            <dst id="HSTNng">17760.8666666667</dst>
            <dst id="IPLSng">28790.632</dst>
            <dst id="KSCYng">5031.272</dst>
            <dst id="LOSAng">14469.4826666667</dst>
            <dst id="NYCMng">35460.712</dst>
            <dst id="SNVAng">24244.3786666667</dst>
            <dst id="STTLng">48510.3706666667</dst>
            <dst id="WASHng">110084.032</dst>
        </src>
        <src id="NYCMng">
            <dst id="ATLA-M5">703.330666666667</dst>
            <dst id="ATLAng">33205.696</dst>
            <dst id="CHINng">49371.968</dst>
            <dst id="DNVRng">31997.784</dst>
            <dst id="HSTNng">16877.8933333333</dst>
            <dst id="IPLSng">31020.5626666667</dst>
            <dst id="KSCYng">10194.7466666667</dst>
            <dst id="LOSAng">7729.00266666667</dst>
            <dst id="NYCMng">135846.437333333</dst>
            <dst id="SNVAng">60812.936</dst>
            <dst id="STTLng">20149.0506666667</dst>
            <dst id="WASHng">94842.5946666667</dst>
        </src>
        <src id="SNVAng">
            <dst id="ATLA-M5">0</dst>
            <dst id="ATLAng">545.408</dst>
            <dst id="CHINng">160</dst>
            <dst id="DNVRng">3284.752</dst>
            <dst id="HSTNng">176.232</dst>
            <dst id="IPLSng">479.490666666667</dst>
            <dst id="KSCYng">53.3333333333333</dst>
            <dst id="LOSAng">742.850666666667</dst>
            <dst id="NYCMng">213.101333333333</dst>
            <dst id="SNVAng">41094.1626666667</dst>
            <dst id="STTLng">31700.1386666667</dst>
            <dst id="WASHng">1380.19466666667</dst>
        </src>
        <src id="STTLng">
            <dst id="ATLA-M5">26.6666666666667</dst>
            <dst id="ATLAng">11219.6373333333</dst>
            <dst id="CHINng">31976.7973333333</dst>
            <dst id="DNVRng">8298.62133333333</dst>
            <dst id="HSTNng">5880.33866666667</dst>
            <dst id="IPLSng">13231.6533333333</dst>
            <dst id="KSCYng">6062.392</dst>
            <dst id="LOSAng">3056.864</dst>
            <dst id="NYCMng">14488.3413333333</dst>
            <dst id="SNVAng">18722.0373333333</dst>
            <dst id="STTLng">5616.536</dst>
            <dst id="WASHng">27002.92</dst>
        </src>
        <src id="WASHng">
            <dst id="ATLA-M5">454.850666666666</dst>
            <dst id="ATLAng">109299.258666667</dst>
            <dst id="CHINng">93691</dst>
            <dst id="DNVRng">50098.784</dst>
            <dst id="HSTNng">19040.968</dst>
            <dst id="IPLSng">36482.3173333333</dst>
            <dst id="KSCYng">28206.3706666667</dst>
            <dst id="LOSAng">73225.304</dst>
            <dst id="NYCMng">205694.042666667</dst>
            <dst id="SNVAng">42337.6533333333</dst>
            <dst id="STTLng">21947.6266666667</dst>
            <dst id="WASHng">317708.373333333</dst>
        </src>
    </IntraTM>
</TrafficMatrixFile>
