<?xml version="1.0" encoding="ISO-8859-1" standalone="yes"?>
<TrafficMatrixFile xsi:noNamespaceSchemaLocation="http://totem.run.montefiore.ulg.ac.be/Schema/TrafficMatrix-v1_2.xsd" xmlns:xsi="http://www.w3.org/2001/XMLSchema-instance">
    <IntraTM ASID="11537">
        <src id="ATLA-M5">
            <dst id="ATLA-M5">0</dst>
            <dst id="ATLAng">26.6666666666667</dst>
            <dst id="CHINng">1398.608</dst>
            <dst id="DNVRng">26.6666666666667</dst>
            <dst id="HSTNng">47.7546666666667</dst>
            <dst id="IPLSng">53.3333333333333</dst>
            <dst id="KSCYng">984.373333333333</dst>
            <dst id="LOSAng">0</dst>
            <dst id="NYCMng">468.589333333333</dst>
            <dst id="SNVAng">0</dst>
            <dst id="STTLng">26.6666666666667</dst>
            <dst id="WASHng">777.549333333333</dst>
        </src>
        <src id="ATLAng">
            <dst id="ATLA-M5">161.376</dst>
            <dst id="ATLAng">82011.576</dst>
            <dst id="CHINng">6622.06933333333</dst>
            <dst id="DNVRng">2944.05333333333</dst>
            <dst id="HSTNng">23786.7733333333</dst>
            <dst id="IPLSng">15325.7786666667</dst>
            <dst id="KSCYng">1226.02933333333</dst>
            <dst id="LOSAng">18433.0786666667</dst>
            <dst id="NYCMng">2574.48533333333</dst>
            <dst id="SNVAng">118.372</dst>
            <dst id="STTLng">4131.93066666667</dst>
            <dst id="WASHng">26094.856</dst>
        </src>
        <src id="CHINng">
            <dst id="ATLA-M5">128.522666666667</dst>
            <dst id="ATLAng">14802.5173333333</dst>
            <dst id="CHINng">86518.768</dst>
            <dst id="DNVRng">4784.75466666667</dst>
            <dst id="HSTNng">9660.73866666667</dst>
            <dst id="IPLSng">18546.4693333333</dst>
            <dst id="KSCYng">7004.20266666667</dst>
            <dst id="LOSAng">38768.7706666667</dst>
            <dst id="NYCMng">8223.496</dst>
            <dst id="SNVAng">526.109333333333</dst>
            <dst id="STTLng">8044.336</dst>
            <dst id="WASHng">18348.4746666667</dst>
        </src>
        <src id="DNVRng">
            <dst id="ATLA-M5">251.786666666667</dst>
            <dst id="ATLAng">6910.33866666667</dst>
            <dst id="CHINng">37596.0373333333</dst>
            <dst id="DNVRng">4550.92</dst>
            <dst id="HSTNng">21009.104</dst>
            <dst id="IPLSng">30477.976</dst>
            <dst id="KSCYng">16189.0693333333</dst>
            <dst id="LOSAng">11174.8853333333</dst>
            <dst id="NYCMng">18136.9786666667</dst>
            <dst id="SNVAng">7729.12266666666</dst>
            <dst id="STTLng">5333.23733333333</dst>
            <dst id="WASHng">35467.6826666667</dst>
        </src>
        <src id="HSTNng">
            <dst id="ATLA-M5">57.76</dst>
            <dst id="ATLAng">1673.43466666667</dst>
            <dst id="CHINng">8944.936</dst>
            <dst id="DNVRng">2325.24533333333</dst>
            <dst id="HSTNng">16711.8373333333</dst>
            <dst id="IPLSng">1828.55733333333</dst>
            <dst id="KSCYng">1170.69866666667</dst>
            <dst id="LOSAng">4554.952</dst>
            <dst id="NYCMng">4124.48533333333</dst>
            <dst id="SNVAng">0</dst>
            <dst id="STTLng">778.864</dst>
            <dst id="WASHng">5544.848</dst>
        </src>
        <src id="IPLSng">
            <dst id="ATLA-M5">1725.64266666667</dst>
            <dst id="ATLAng">4923.912</dst>
            <dst id="CHINng">42733.6186666667</dst>
            <dst id="DNVRng">9239.19733333334</dst>
            <dst id="HSTNng">2509.08266666667</dst>
            <dst id="IPLSng">12718.5146666667</dst>
            <dst id="KSCYng">2460.264</dst>
            <dst id="LOSAng">12912.544</dst>
            <dst id="NYCMng">4210.736</dst>
            <dst id="SNVAng">2079.46133333333</dst>
            <dst id="STTLng">7225.96266666667</dst>
            <dst id="WASHng">29340.0666666667</dst>
        </src>
        <src id="KSCYng">
            <dst id="ATLA-M5">129.746666666667</dst>
            <dst id="ATLAng">3092.808</dst>
            <dst id="CHINng">9063.696</dst>
            <dst id="DNVRng">5283.888</dst>
            <dst id="HSTNng">3222.84266666667</dst>
            <dst id="IPLSng">10823.0186666667</dst>
            <dst id="KSCYng">9740.14133333333</dst>
            <dst id="LOSAng">6673.168</dst>
            <dst id="NYCMng">2267.136</dst>
            <dst id="SNVAng">2413.432</dst>
            <dst id="STTLng">3183.816</dst>
            <dst id="WASHng">10496.608</dst>
        </src>
        <src id="LOSAng">
            <dst id="ATLA-M5">26.6666666666667</dst>
            <dst id="ATLAng">21965.5466666667</dst>
            <dst id="CHINng">52552.424</dst>
            <dst id="DNVRng">16880.864</dst>
            <dst id="HSTNng">4485.61333333333</dst>
            <dst id="IPLSng">22776.1946666667</dst>
            <dst id="KSCYng">4235.73066666667</dst>
            <dst id="LOSAng">6956.656</dst>
            <dst id="NYCMng">56853.4133333333</dst>
            <dst id="SNVAng">23849.256</dst>
            <dst id="STTLng">30373.9733333333</dst>
            <dst id="WASHng">101201.373333333</dst>
        </src>
        <src id="NYCMng">
            <dst id="ATLA-M5">4556.18666666667</dst>
            <dst id="ATLAng">8496.10933333333</dst>
            <dst id="CHINng">18260.416</dst>
            <dst id="DNVRng">24629.344</dst>
            <dst id="HSTNng">7844.71733333333</dst>
            <dst id="IPLSng">27194.5226666667</dst>
            <dst id="KSCYng">5995.488</dst>
            <dst id="LOSAng">67084.0426666667</dst>
            <dst id="NYCMng">74413.36</dst>
            <dst id="SNVAng">3246.048</dst>
            <dst id="STTLng">26940.712</dst>
            <dst id="WASHng">49065.912</dst>
        </src>
        <src id="SNVAng">
            <dst id="ATLA-M5">0</dst>
            <dst id="ATLAng">26.6666666666667</dst>
            <dst id="CHINng">53.3333333333333</dst>
            <dst id="DNVRng">1672.53866666667</dst>
            <dst id="HSTNng">0</dst>
            <dst id="IPLSng">4710.86933333333</dst>
            <dst id="KSCYng">26.6666666666667</dst>
            <dst id="LOSAng">29987.504</dst>
            <dst id="NYCMng">1992.44266666667</dst>
            <dst id="SNVAng">8639.384</dst>
            <dst id="STTLng">36520.824</dst>
            <dst id="WASHng">26.6666666666667</dst>
        </src>
        <src id="STTLng">
            <dst id="ATLA-M5">0</dst>
            <dst id="ATLAng">8369.00266666667</dst>
            <dst id="CHINng">13339.9786666667</dst>
            <dst id="DNVRng">2279.02133333333</dst>
            <dst id="HSTNng">1185.29866666667</dst>
            <dst id="IPLSng">10435.2026666667</dst>
            <dst id="KSCYng">2946.65066666667</dst>
            <dst id="LOSAng">18496.208</dst>
            <dst id="NYCMng">17522.6053333333</dst>
            <dst id="SNVAng">7400.98933333333</dst>
            <dst id="STTLng">2119.51466666667</dst>
            <dst id="WASHng">8115.13333333333</dst>
        </src>
        <src id="WASHng">
            <dst id="ATLA-M5">1932.40533333333</dst>
            <dst id="ATLAng">75052.2293333333</dst>
            <dst id="CHINng">50946.7066666667</dst>
            <dst id="DNVRng">37124.5973333333</dst>
            <dst id="HSTNng">19058.3733333333</dst>
            <dst id="IPLSng">62969.5706666667</dst>
            <dst id="KSCYng">34788.2666666667</dst>
            <dst id="LOSAng">127204.018666667</dst>
            <dst id="NYCMng">133268.306666667</dst>
            <dst id="SNVAng">6106.464</dst>
            <dst id="STTLng">27332.968</dst>
            <dst id="WASHng">177257.298666667</dst>
        </src>
    </IntraTM>
</TrafficMatrixFile>
