<?xml version="1.0" encoding="ISO-8859-1" standalone="yes"?>
<TrafficMatrixFile xsi:noNamespaceSchemaLocation="http://totem.run.montefiore.ulg.ac.be/Schema/TrafficMatrix-v1_2.xsd" xmlns:xsi="http://www.w3.org/2001/XMLSchema-instance">
    <IntraTM ASID="11537">
        <src id="ATLA-M5">
            <dst id="ATLA-M5">26.6666666666667</dst>
            <dst id="ATLAng">393.013333333333</dst>
            <dst id="CHINng">0</dst>
            <dst id="DNVRng">0</dst>
            <dst id="HSTNng">53.912</dst>
            <dst id="IPLSng">43.6266666666667</dst>
            <dst id="KSCYng">0</dst>
            <dst id="LOSAng">38.3893333333333</dst>
            <dst id="NYCMng">56.0346666666667</dst>
            <dst id="SNVAng">0</dst>
            <dst id="STTLng">0</dst>
            <dst id="WASHng">1643.07733333333</dst>
        </src>
        <src id="ATLAng">
            <dst id="ATLA-M5">161.677333333333</dst>
            <dst id="ATLAng">20756.5066666667</dst>
            <dst id="CHINng">9846.69333333333</dst>
            <dst id="DNVRng">2915.71466666667</dst>
            <dst id="HSTNng">36926.0986666667</dst>
            <dst id="IPLSng">15537.344</dst>
            <dst id="KSCYng">3803.26666666667</dst>
            <dst id="LOSAng">7009.11466666667</dst>
            <dst id="NYCMng">4087.60533333333</dst>
            <dst id="SNVAng">5823.48</dst>
            <dst id="STTLng">3811.74666666667</dst>
            <dst id="WASHng">13171.6826666667</dst>
        </src>
        <src id="CHINng">
            <dst id="ATLA-M5">57.1973333333333</dst>
            <dst id="ATLAng">16728.1946666667</dst>
            <dst id="CHINng">99564.84</dst>
            <dst id="DNVRng">7864.928</dst>
            <dst id="HSTNng">7232.46933333333</dst>
            <dst id="IPLSng">12420.7493333333</dst>
            <dst id="KSCYng">6922.01333333334</dst>
            <dst id="LOSAng">3864.27466666667</dst>
            <dst id="NYCMng">8809.57333333333</dst>
            <dst id="SNVAng">28678.448</dst>
            <dst id="STTLng">8531.01866666667</dst>
            <dst id="WASHng">14604.176</dst>
        </src>
        <src id="DNVRng">
            <dst id="ATLA-M5">217.76</dst>
            <dst id="ATLAng">6892.58666666667</dst>
            <dst id="CHINng">37380.5653333333</dst>
            <dst id="DNVRng">9026.92266666666</dst>
            <dst id="HSTNng">20195.6373333333</dst>
            <dst id="IPLSng">25734.1226666667</dst>
            <dst id="KSCYng">18865.9253333333</dst>
            <dst id="LOSAng">3143.34133333333</dst>
            <dst id="NYCMng">15158.9786666667</dst>
            <dst id="SNVAng">24543.272</dst>
            <dst id="STTLng">5997.632</dst>
            <dst id="WASHng">36670.1813333333</dst>
        </src>
        <src id="HSTNng">
            <dst id="ATLA-M5">116.128</dst>
            <dst id="ATLAng">2514.70666666667</dst>
            <dst id="CHINng">4651.67466666667</dst>
            <dst id="DNVRng">1796.21866666667</dst>
            <dst id="HSTNng">14227.0933333333</dst>
            <dst id="IPLSng">2153.448</dst>
            <dst id="KSCYng">1503.616</dst>
            <dst id="LOSAng">13059.1973333333</dst>
            <dst id="NYCMng">3972.39733333333</dst>
            <dst id="SNVAng">0</dst>
            <dst id="STTLng">1266.96</dst>
            <dst id="WASHng">5982.704</dst>
        </src>
        <src id="IPLSng">
            <dst id="ATLA-M5">3014.49866666667</dst>
            <dst id="ATLAng">8269.008</dst>
            <dst id="CHINng">51985.44</dst>
            <dst id="DNVRng">7352.09866666667</dst>
            <dst id="HSTNng">4939.144</dst>
            <dst id="IPLSng">13355.0186666667</dst>
            <dst id="KSCYng">2912.752</dst>
            <dst id="LOSAng">3094.592</dst>
            <dst id="NYCMng">13106.8666666667</dst>
            <dst id="SNVAng">16134.992</dst>
            <dst id="STTLng">10172.904</dst>
            <dst id="WASHng">11686.3413333333</dst>
        </src>
        <src id="KSCYng">
            <dst id="ATLA-M5">26.6666666666667</dst>
            <dst id="ATLAng">4096.296</dst>
            <dst id="CHINng">12188.4106666667</dst>
            <dst id="DNVRng">5534.688</dst>
            <dst id="HSTNng">5976.71733333333</dst>
            <dst id="IPLSng">10740.8693333333</dst>
            <dst id="KSCYng">7024.55733333333</dst>
            <dst id="LOSAng">694.786666666667</dst>
            <dst id="NYCMng">2035.36533333333</dst>
            <dst id="SNVAng">8039.02133333333</dst>
            <dst id="STTLng">2767.584</dst>
            <dst id="WASHng">9467.86666666667</dst>
        </src>
        <src id="LOSAng">
            <dst id="ATLA-M5">2416.576</dst>
            <dst id="ATLAng">14970.224</dst>
            <dst id="CHINng">54789.04</dst>
            <dst id="DNVRng">11540.3786666667</dst>
            <dst id="HSTNng">8457.296</dst>
            <dst id="IPLSng">15428.8106666667</dst>
            <dst id="KSCYng">4755.192</dst>
            <dst id="LOSAng">21386.7093333333</dst>
            <dst id="NYCMng">36502.6453333333</dst>
            <dst id="SNVAng">27620.952</dst>
            <dst id="STTLng">25260.9493333333</dst>
            <dst id="WASHng">79074.6</dst>
        </src>
        <src id="NYCMng">
            <dst id="ATLA-M5">1165.34133333333</dst>
            <dst id="ATLAng">12245.4586666667</dst>
            <dst id="CHINng">29458.3573333333</dst>
            <dst id="DNVRng">27779.2026666667</dst>
            <dst id="HSTNng">8656.06933333333</dst>
            <dst id="IPLSng">12832.8533333333</dst>
            <dst id="KSCYng">5803.37866666667</dst>
            <dst id="LOSAng">7767.97333333333</dst>
            <dst id="NYCMng">124072.216</dst>
            <dst id="SNVAng">48049.152</dst>
            <dst id="STTLng">39352.7866666667</dst>
            <dst id="WASHng">47451.4106666667</dst>
        </src>
        <src id="SNVAng">
            <dst id="ATLA-M5">0</dst>
            <dst id="ATLAng">26.6666666666667</dst>
            <dst id="CHINng">175.394666666667</dst>
            <dst id="DNVRng">4266.28533333333</dst>
            <dst id="HSTNng">53.3333333333333</dst>
            <dst id="IPLSng">253.317333333333</dst>
            <dst id="KSCYng">26.6666666666667</dst>
            <dst id="LOSAng">3041.20533333333</dst>
            <dst id="NYCMng">0</dst>
            <dst id="SNVAng">39103.24</dst>
            <dst id="STTLng">36165.8906666667</dst>
            <dst id="WASHng">106.666666666667</dst>
        </src>
        <src id="STTLng">
            <dst id="ATLA-M5">26.6666666666667</dst>
            <dst id="ATLAng">6045.936</dst>
            <dst id="CHINng">15928.9066666667</dst>
            <dst id="DNVRng">4847.02666666667</dst>
            <dst id="HSTNng">2492.56266666667</dst>
            <dst id="IPLSng">6655.65866666667</dst>
            <dst id="KSCYng">3256.488</dst>
            <dst id="LOSAng">4438.33333333333</dst>
            <dst id="NYCMng">14905.6746666667</dst>
            <dst id="SNVAng">27256.5413333333</dst>
            <dst id="STTLng">1134.352</dst>
            <dst id="WASHng">5942.336</dst>
        </src>
        <src id="WASHng">
            <dst id="ATLA-M5">136.517333333333</dst>
            <dst id="ATLAng">115855.208</dst>
            <dst id="CHINng">63006.8613333333</dst>
            <dst id="DNVRng">27682.4213333333</dst>
            <dst id="HSTNng">35473.472</dst>
            <dst id="IPLSng">26565.3626666667</dst>
            <dst id="KSCYng">31737.8266666667</dst>
            <dst id="LOSAng">70743.48</dst>
            <dst id="NYCMng">168210.832</dst>
            <dst id="SNVAng">41493.7973333333</dst>
            <dst id="STTLng">35236.3253333333</dst>
            <dst id="WASHng">178898.653333333</dst>
        </src>
    </IntraTM>
</TrafficMatrixFile>
