<?xml version="1.0" encoding="ISO-8859-1" standalone="yes"?>
<TrafficMatrixFile xsi:noNamespaceSchemaLocation="http://totem.run.montefiore.ulg.ac.be/Schema/TrafficMatrix-v1_2.xsd" xmlns:xsi="http://www.w3.org/2001/XMLSchema-instance">
    <IntraTM ASID="11537">
        <src id="ATLA-M5">
            <dst id="ATLA-M5">26.6666666666667</dst>
            <dst id="ATLAng">0</dst>
            <dst id="CHINng">80</dst>
            <dst id="DNVRng">0</dst>
            <dst id="HSTNng">69.504</dst>
            <dst id="IPLSng">0</dst>
            <dst id="KSCYng">26.6666666666667</dst>
            <dst id="LOSAng">36.208</dst>
            <dst id="NYCMng">53.3333333333333</dst>
            <dst id="SNVAng">62.8746666666667</dst>
            <dst id="STTLng">53.3333333333333</dst>
            <dst id="WASHng">527.394666666667</dst>
        </src>
        <src id="ATLAng">
            <dst id="ATLA-M5">291.586666666667</dst>
            <dst id="ATLAng">26819.9893333333</dst>
            <dst id="CHINng">7419.664</dst>
            <dst id="DNVRng">4534.432</dst>
            <dst id="HSTNng">1008.51733333333</dst>
            <dst id="IPLSng">15414.4853333333</dst>
            <dst id="KSCYng">490.626666666667</dst>
            <dst id="LOSAng">4928.72</dst>
            <dst id="NYCMng">5474.488</dst>
            <dst id="SNVAng">4175.80533333333</dst>
            <dst id="STTLng">1886.096</dst>
            <dst id="WASHng">55069.0986666667</dst>
        </src>
        <src id="CHINng">
            <dst id="ATLA-M5">421.066666666667</dst>
            <dst id="ATLAng">5259.184</dst>
            <dst id="CHINng">83219.3706666667</dst>
            <dst id="DNVRng">1353.08533333333</dst>
            <dst id="HSTNng">2853.66666666667</dst>
            <dst id="IPLSng">8226.24</dst>
            <dst id="KSCYng">19774.7093333333</dst>
            <dst id="LOSAng">7351.96266666667</dst>
            <dst id="NYCMng">7613.83733333333</dst>
            <dst id="SNVAng">21052.6426666667</dst>
            <dst id="STTLng">7910.76</dst>
            <dst id="WASHng">18011.16</dst>
        </src>
        <src id="DNVRng">
            <dst id="ATLA-M5">90.88</dst>
            <dst id="ATLAng">3698.36533333333</dst>
            <dst id="CHINng">47969.672</dst>
            <dst id="DNVRng">1953.656</dst>
            <dst id="HSTNng">25540.1493333333</dst>
            <dst id="IPLSng">21211.0213333333</dst>
            <dst id="KSCYng">9674.624</dst>
            <dst id="LOSAng">646.981333333333</dst>
            <dst id="NYCMng">12053.0613333333</dst>
            <dst id="SNVAng">21299.5253333333</dst>
            <dst id="STTLng">3203.824</dst>
            <dst id="WASHng">46997.0746666667</dst>
        </src>
        <src id="HSTNng">
            <dst id="ATLA-M5">3914.82933333333</dst>
            <dst id="ATLAng">17276.12</dst>
            <dst id="CHINng">15119.2133333333</dst>
            <dst id="DNVRng">691.176</dst>
            <dst id="HSTNng">13568.128</dst>
            <dst id="IPLSng">3294.592</dst>
            <dst id="KSCYng">571.888</dst>
            <dst id="LOSAng">1308.19733333333</dst>
            <dst id="NYCMng">1954.82666666667</dst>
            <dst id="SNVAng">174.224</dst>
            <dst id="STTLng">1038.46666666667</dst>
            <dst id="WASHng">1664.01866666667</dst>
        </src>
        <src id="IPLSng">
            <dst id="ATLA-M5">0</dst>
            <dst id="ATLAng">4764</dst>
            <dst id="CHINng">51384.464</dst>
            <dst id="DNVRng">4745.85866666667</dst>
            <dst id="HSTNng">982.450666666667</dst>
            <dst id="IPLSng">18220.944</dst>
            <dst id="KSCYng">1149.768</dst>
            <dst id="LOSAng">8327.14133333333</dst>
            <dst id="NYCMng">13112.768</dst>
            <dst id="SNVAng">7653.21866666667</dst>
            <dst id="STTLng">5083.13066666667</dst>
            <dst id="WASHng">6006.048</dst>
        </src>
        <src id="KSCYng">
            <dst id="ATLA-M5">26.6666666666667</dst>
            <dst id="ATLAng">2721.94133333333</dst>
            <dst id="CHINng">17386.8346666667</dst>
            <dst id="DNVRng">4325.06133333333</dst>
            <dst id="HSTNng">2717.01066666667</dst>
            <dst id="IPLSng">6094.896</dst>
            <dst id="KSCYng">7410.06933333333</dst>
            <dst id="LOSAng">2124.83733333333</dst>
            <dst id="NYCMng">1348.84</dst>
            <dst id="SNVAng">4614.84266666667</dst>
            <dst id="STTLng">751.818666666667</dst>
            <dst id="WASHng">6974.704</dst>
        </src>
        <src id="LOSAng">
            <dst id="ATLA-M5">0</dst>
            <dst id="ATLAng">8727.47733333333</dst>
            <dst id="CHINng">94470.1466666667</dst>
            <dst id="DNVRng">12369.0986666667</dst>
            <dst id="HSTNng">1899.58666666667</dst>
            <dst id="IPLSng">8893.17066666667</dst>
            <dst id="KSCYng">600.768</dst>
            <dst id="LOSAng">22769.992</dst>
            <dst id="NYCMng">24179.0986666667</dst>
            <dst id="SNVAng">19388.4586666667</dst>
            <dst id="STTLng">18599.6826666667</dst>
            <dst id="WASHng">82997.2293333334</dst>
        </src>
        <src id="NYCMng">
            <dst id="ATLA-M5">445.064</dst>
            <dst id="ATLAng">13563.568</dst>
            <dst id="CHINng">27172.32</dst>
            <dst id="DNVRng">21694.9226666667</dst>
            <dst id="HSTNng">2035.744</dst>
            <dst id="IPLSng">10208.5546666667</dst>
            <dst id="KSCYng">4142.16533333333</dst>
            <dst id="LOSAng">7273.208</dst>
            <dst id="NYCMng">109376.6</dst>
            <dst id="SNVAng">41327.288</dst>
            <dst id="STTLng">22828.6773333333</dst>
            <dst id="WASHng">30611.456</dst>
        </src>
        <src id="SNVAng">
            <dst id="ATLA-M5">0</dst>
            <dst id="ATLAng">53.3333333333333</dst>
            <dst id="CHINng">26.6666666666667</dst>
            <dst id="DNVRng">1431.43466666667</dst>
            <dst id="HSTNng">0</dst>
            <dst id="IPLSng">308.218666666667</dst>
            <dst id="KSCYng">0</dst>
            <dst id="LOSAng">372.365333333333</dst>
            <dst id="NYCMng">0</dst>
            <dst id="SNVAng">32619.7146666667</dst>
            <dst id="STTLng">32935.96</dst>
            <dst id="WASHng">226.618666666667</dst>
        </src>
        <src id="STTLng">
            <dst id="ATLA-M5">26.6666666666667</dst>
            <dst id="ATLAng">6324.736</dst>
            <dst id="CHINng">24476.0693333333</dst>
            <dst id="DNVRng">4618.85333333333</dst>
            <dst id="HSTNng">4273.87733333333</dst>
            <dst id="IPLSng">9891.00533333333</dst>
            <dst id="KSCYng">306.266666666667</dst>
            <dst id="LOSAng">2486.21866666667</dst>
            <dst id="NYCMng">8206.20533333334</dst>
            <dst id="SNVAng">10454.8693333333</dst>
            <dst id="STTLng">961.952</dst>
            <dst id="WASHng">56003.5173333333</dst>
        </src>
        <src id="WASHng">
            <dst id="ATLA-M5">147.794666666667</dst>
            <dst id="ATLAng">85057.6453333333</dst>
            <dst id="CHINng">67296.1173333333</dst>
            <dst id="DNVRng">29708.1813333333</dst>
            <dst id="HSTNng">18753.832</dst>
            <dst id="IPLSng">12984.7013333333</dst>
            <dst id="KSCYng">29330.2133333333</dst>
            <dst id="LOSAng">68178.968</dst>
            <dst id="NYCMng">116806.258666667</dst>
            <dst id="SNVAng">21904.4586666667</dst>
            <dst id="STTLng">28696.0053333333</dst>
            <dst id="WASHng">303260.053333333</dst>
        </src>
    </IntraTM>
</TrafficMatrixFile>
