<?xml version="1.0" encoding="ISO-8859-1" standalone="yes"?>
<TrafficMatrixFile xsi:noNamespaceSchemaLocation="http://totem.run.montefiore.ulg.ac.be/Schema/TrafficMatrix-v1_2.xsd" xmlns:xsi="http://www.w3.org/2001/XMLSchema-instance">
    <IntraTM ASID="11537">
        <src id="ATLA-M5">
            <dst id="ATLA-M5">0</dst>
            <dst id="ATLAng">26.6666666666667</dst>
            <dst id="CHINng">56.0933333333333</dst>
            <dst id="DNVRng">0</dst>
            <dst id="HSTNng">26.6666666666667</dst>
            <dst id="IPLSng">0</dst>
            <dst id="KSCYng">0</dst>
            <dst id="LOSAng">13.3333333333333</dst>
            <dst id="NYCMng">80</dst>
            <dst id="SNVAng">57.2266666666667</dst>
            <dst id="STTLng">58.864</dst>
            <dst id="WASHng">152.36</dst>
        </src>
        <src id="ATLAng">
            <dst id="ATLA-M5">53.3333333333333</dst>
            <dst id="ATLAng">25104.512</dst>
            <dst id="CHINng">5126.86666666667</dst>
            <dst id="DNVRng">2038.55466666667</dst>
            <dst id="HSTNng">406.693333333333</dst>
            <dst id="IPLSng">13613.2613333333</dst>
            <dst id="KSCYng">453.450666666667</dst>
            <dst id="LOSAng">9143.97333333333</dst>
            <dst id="NYCMng">2658.672</dst>
            <dst id="SNVAng">53.7066666666667</dst>
            <dst id="STTLng">2502.6</dst>
            <dst id="WASHng">22394.5786666667</dst>
        </src>
        <src id="CHINng">
            <dst id="ATLA-M5">0</dst>
            <dst id="ATLAng">11131.5146666667</dst>
            <dst id="CHINng">29405.168</dst>
            <dst id="DNVRng">5423.93866666667</dst>
            <dst id="HSTNng">25569.92</dst>
            <dst id="IPLSng">14506.096</dst>
            <dst id="KSCYng">6635.856</dst>
            <dst id="LOSAng">31385.048</dst>
            <dst id="NYCMng">22742.0693333333</dst>
            <dst id="SNVAng">460.922666666667</dst>
            <dst id="STTLng">7832.536</dst>
            <dst id="WASHng">15386.6613333333</dst>
        </src>
        <src id="DNVRng">
            <dst id="ATLA-M5">121.792</dst>
            <dst id="ATLAng">4757.304</dst>
            <dst id="CHINng">37777.4906666667</dst>
            <dst id="DNVRng">9083.47466666667</dst>
            <dst id="HSTNng">21895.0613333333</dst>
            <dst id="IPLSng">30271.0586666667</dst>
            <dst id="KSCYng">15953.832</dst>
            <dst id="LOSAng">3266.136</dst>
            <dst id="NYCMng">13005.9466666667</dst>
            <dst id="SNVAng">7924.71733333333</dst>
            <dst id="STTLng">3442.46666666667</dst>
            <dst id="WASHng">56179.784</dst>
        </src>
        <src id="HSTNng">
            <dst id="ATLA-M5">0</dst>
            <dst id="ATLAng">2029.98133333333</dst>
            <dst id="CHINng">6906.856</dst>
            <dst id="DNVRng">657.642666666667</dst>
            <dst id="HSTNng">16946.416</dst>
            <dst id="IPLSng">1418.216</dst>
            <dst id="KSCYng">1055.864</dst>
            <dst id="LOSAng">859.664</dst>
            <dst id="NYCMng">2626.74666666667</dst>
            <dst id="SNVAng">26.6666666666667</dst>
            <dst id="STTLng">635.354666666667</dst>
            <dst id="WASHng">9217.072</dst>
        </src>
        <src id="IPLSng">
            <dst id="ATLA-M5">26.6666666666667</dst>
            <dst id="ATLAng">22330.84</dst>
            <dst id="CHINng">18360.4613333333</dst>
            <dst id="DNVRng">7418.75733333333</dst>
            <dst id="HSTNng">979.816</dst>
            <dst id="IPLSng">5330.37066666666</dst>
            <dst id="KSCYng">3241.99733333333</dst>
            <dst id="LOSAng">9210.824</dst>
            <dst id="NYCMng">14991.4773333333</dst>
            <dst id="SNVAng">142.093333333333</dst>
            <dst id="STTLng">5322.296</dst>
            <dst id="WASHng">6278.392</dst>
        </src>
        <src id="KSCYng">
            <dst id="ATLA-M5">26.6666666666667</dst>
            <dst id="ATLAng">3333.336</dst>
            <dst id="CHINng">9300.65066666667</dst>
            <dst id="DNVRng">6541.6</dst>
            <dst id="HSTNng">5956.60533333333</dst>
            <dst id="IPLSng">10236.1093333333</dst>
            <dst id="KSCYng">6073.112</dst>
            <dst id="LOSAng">6271.53066666667</dst>
            <dst id="NYCMng">1571.83466666667</dst>
            <dst id="SNVAng">3452.56533333333</dst>
            <dst id="STTLng">544.184</dst>
            <dst id="WASHng">18957.3226666667</dst>
        </src>
        <src id="LOSAng">
            <dst id="ATLA-M5">0</dst>
            <dst id="ATLAng">12546.904</dst>
            <dst id="CHINng">35412.0373333333</dst>
            <dst id="DNVRng">7211.384</dst>
            <dst id="HSTNng">2310.232</dst>
            <dst id="IPLSng">10719.1306666667</dst>
            <dst id="KSCYng">4400.73866666667</dst>
            <dst id="LOSAng">15749.0773333333</dst>
            <dst id="NYCMng">30119.672</dst>
            <dst id="SNVAng">25701.32</dst>
            <dst id="STTLng">28305.984</dst>
            <dst id="WASHng">79792.5893333333</dst>
        </src>
        <src id="NYCMng">
            <dst id="ATLA-M5">623.042666666667</dst>
            <dst id="ATLAng">11485.4933333333</dst>
            <dst id="CHINng">21366.6533333333</dst>
            <dst id="DNVRng">21684.9653333333</dst>
            <dst id="HSTNng">6598.344</dst>
            <dst id="IPLSng">12368.664</dst>
            <dst id="KSCYng">7401.58666666667</dst>
            <dst id="LOSAng">58295.7706666667</dst>
            <dst id="NYCMng">52118.9946666667</dst>
            <dst id="SNVAng">636.216</dst>
            <dst id="STTLng">25015.9573333333</dst>
            <dst id="WASHng">34350.3413333333</dst>
        </src>
        <src id="SNVAng">
            <dst id="ATLA-M5">0</dst>
            <dst id="ATLAng">26.6666666666667</dst>
            <dst id="CHINng">106.666666666667</dst>
            <dst id="DNVRng">8474.184</dst>
            <dst id="HSTNng">0</dst>
            <dst id="IPLSng">207.770666666667</dst>
            <dst id="KSCYng">26.6666666666667</dst>
            <dst id="LOSAng">34938.0826666667</dst>
            <dst id="NYCMng">26.6666666666667</dst>
            <dst id="SNVAng">8723.584</dst>
            <dst id="STTLng">36512.6666666667</dst>
            <dst id="WASHng">0</dst>
        </src>
        <src id="STTLng">
            <dst id="ATLA-M5">85.0186666666667</dst>
            <dst id="ATLAng">7858.39733333333</dst>
            <dst id="CHINng">9177.984</dst>
            <dst id="DNVRng">3315.68533333333</dst>
            <dst id="HSTNng">347.941333333333</dst>
            <dst id="IPLSng">7987.38133333333</dst>
            <dst id="KSCYng">1256.65866666667</dst>
            <dst id="LOSAng">12836.5493333333</dst>
            <dst id="NYCMng">12383.9066666667</dst>
            <dst id="SNVAng">7968.44266666667</dst>
            <dst id="STTLng">1344.544</dst>
            <dst id="WASHng">4525.21866666667</dst>
        </src>
        <src id="WASHng">
            <dst id="ATLA-M5">235.466666666667</dst>
            <dst id="ATLAng">77502.3226666667</dst>
            <dst id="CHINng">47462.2773333333</dst>
            <dst id="DNVRng">53060.9146666667</dst>
            <dst id="HSTNng">22884.3706666667</dst>
            <dst id="IPLSng">63307.144</dst>
            <dst id="KSCYng">37044.0666666667</dst>
            <dst id="LOSAng">96812.88</dst>
            <dst id="NYCMng">170782.464</dst>
            <dst id="SNVAng">546.282666666667</dst>
            <dst id="STTLng">63803.896</dst>
            <dst id="WASHng">174482.04</dst>
        </src>
    </IntraTM>
</TrafficMatrixFile>
