<?xml version="1.0" encoding="ISO-8859-1" standalone="yes"?>
<TrafficMatrixFile xsi:noNamespaceSchemaLocation="http://totem.run.montefiore.ulg.ac.be/Schema/TrafficMatrix-v1_2.xsd" xmlns:xsi="http://www.w3.org/2001/XMLSchema-instance">
    <IntraTM ASID="11537">
        <src id="ATLA-M5">
            <dst id="ATLA-M5">26.6666666666667</dst>
            <dst id="ATLAng">0</dst>
            <dst id="CHINng">55.6586666666667</dst>
            <dst id="DNVRng">0</dst>
            <dst id="HSTNng">56.912</dst>
            <dst id="IPLSng">42.8053333333333</dst>
            <dst id="KSCYng">0</dst>
            <dst id="LOSAng">54.896</dst>
            <dst id="NYCMng">0</dst>
            <dst id="SNVAng">54.896</dst>
            <dst id="STTLng">26.6666666666667</dst>
            <dst id="WASHng">1103.51466666667</dst>
        </src>
        <src id="ATLAng">
            <dst id="ATLA-M5">112.813333333333</dst>
            <dst id="ATLAng">25716.3173333333</dst>
            <dst id="CHINng">10561.9253333333</dst>
            <dst id="DNVRng">4058.63733333333</dst>
            <dst id="HSTNng">723.68</dst>
            <dst id="IPLSng">18766.464</dst>
            <dst id="KSCYng">336.509333333333</dst>
            <dst id="LOSAng">4700.66933333333</dst>
            <dst id="NYCMng">5999.47466666667</dst>
            <dst id="SNVAng">4068.69866666667</dst>
            <dst id="STTLng">1927.264</dst>
            <dst id="WASHng">70518.2053333333</dst>
        </src>
        <src id="CHINng">
            <dst id="ATLA-M5">427.712</dst>
            <dst id="ATLAng">5331.32</dst>
            <dst id="CHINng">100355.144</dst>
            <dst id="DNVRng">4041.424</dst>
            <dst id="HSTNng">2236.064</dst>
            <dst id="IPLSng">9579.41066666666</dst>
            <dst id="KSCYng">13498.696</dst>
            <dst id="LOSAng">6965.176</dst>
            <dst id="NYCMng">7721.65333333333</dst>
            <dst id="SNVAng">18488.968</dst>
            <dst id="STTLng">6663.23466666667</dst>
            <dst id="WASHng">9687.18933333333</dst>
        </src>
        <src id="DNVRng">
            <dst id="ATLA-M5">134.506666666667</dst>
            <dst id="ATLAng">2350.90666666667</dst>
            <dst id="CHINng">50246.016</dst>
            <dst id="DNVRng">1877.72266666667</dst>
            <dst id="HSTNng">24702.328</dst>
            <dst id="IPLSng">21718.064</dst>
            <dst id="KSCYng">7821.624</dst>
            <dst id="LOSAng">674.925333333333</dst>
            <dst id="NYCMng">11424.9226666667</dst>
            <dst id="SNVAng">13701.4266666667</dst>
            <dst id="STTLng">3634.144</dst>
            <dst id="WASHng">46206.8213333333</dst>
        </src>
        <src id="HSTNng">
            <dst id="ATLA-M5">1897.39466666667</dst>
            <dst id="ATLAng">7961.52</dst>
            <dst id="CHINng">17242.632</dst>
            <dst id="DNVRng">854.002666666667</dst>
            <dst id="HSTNng">10293.784</dst>
            <dst id="IPLSng">1311.42133333333</dst>
            <dst id="KSCYng">804.384</dst>
            <dst id="LOSAng">1603.304</dst>
            <dst id="NYCMng">2474.904</dst>
            <dst id="SNVAng">53.3333333333333</dst>
            <dst id="STTLng">1059.24266666667</dst>
            <dst id="WASHng">1772.69333333333</dst>
        </src>
        <src id="IPLSng">
            <dst id="ATLA-M5">26.6666666666667</dst>
            <dst id="ATLAng">5203.65066666667</dst>
            <dst id="CHINng">51336.5813333333</dst>
            <dst id="DNVRng">4959.096</dst>
            <dst id="HSTNng">1067.728</dst>
            <dst id="IPLSng">15654.5946666667</dst>
            <dst id="KSCYng">690.402666666667</dst>
            <dst id="LOSAng">7288.96533333333</dst>
            <dst id="NYCMng">12990.0133333333</dst>
            <dst id="SNVAng">5973.25066666667</dst>
            <dst id="STTLng">4928.18666666667</dst>
            <dst id="WASHng">6110.464</dst>
        </src>
        <src id="KSCYng">
            <dst id="ATLA-M5">0</dst>
            <dst id="ATLAng">2795.048</dst>
            <dst id="CHINng">16127.928</dst>
            <dst id="DNVRng">4278.352</dst>
            <dst id="HSTNng">2642.416</dst>
            <dst id="IPLSng">6541.824</dst>
            <dst id="KSCYng">4661.59733333333</dst>
            <dst id="LOSAng">1844.432</dst>
            <dst id="NYCMng">2446.85333333333</dst>
            <dst id="SNVAng">4903.096</dst>
            <dst id="STTLng">952.330666666667</dst>
            <dst id="WASHng">6257.93333333333</dst>
        </src>
        <src id="LOSAng">
            <dst id="ATLA-M5">0</dst>
            <dst id="ATLAng">8730.71733333333</dst>
            <dst id="CHINng">98447.2826666667</dst>
            <dst id="DNVRng">6649.104</dst>
            <dst id="HSTNng">1561.352</dst>
            <dst id="IPLSng">8492.336</dst>
            <dst id="KSCYng">795.44</dst>
            <dst id="LOSAng">22839.4213333333</dst>
            <dst id="NYCMng">22451.9893333333</dst>
            <dst id="SNVAng">19800.592</dst>
            <dst id="STTLng">18819.4213333333</dst>
            <dst id="WASHng">120391.602666667</dst>
        </src>
        <src id="NYCMng">
            <dst id="ATLA-M5">452.821333333333</dst>
            <dst id="ATLAng">14240.48</dst>
            <dst id="CHINng">29237.1866666667</dst>
            <dst id="DNVRng">22438.8773333333</dst>
            <dst id="HSTNng">1544.624</dst>
            <dst id="IPLSng">12095.9573333333</dst>
            <dst id="KSCYng">4911.90933333333</dst>
            <dst id="LOSAng">7441.504</dst>
            <dst id="NYCMng">95834.2213333333</dst>
            <dst id="SNVAng">41238.0906666667</dst>
            <dst id="STTLng">23811.664</dst>
            <dst id="WASHng">47809.3813333333</dst>
        </src>
        <src id="SNVAng">
            <dst id="ATLA-M5">0</dst>
            <dst id="ATLAng">328</dst>
            <dst id="CHINng">0</dst>
            <dst id="DNVRng">2206.21333333333</dst>
            <dst id="HSTNng">0</dst>
            <dst id="IPLSng">405.96</dst>
            <dst id="KSCYng">26.6666666666667</dst>
            <dst id="LOSAng">471.773333333333</dst>
            <dst id="NYCMng">125.205333333333</dst>
            <dst id="SNVAng">31620.728</dst>
            <dst id="STTLng">32008.5226666667</dst>
            <dst id="WASHng">105.08</dst>
        </src>
        <src id="STTLng">
            <dst id="ATLA-M5">26.6666666666667</dst>
            <dst id="ATLAng">7230.86666666667</dst>
            <dst id="CHINng">26054.84</dst>
            <dst id="DNVRng">4637.712</dst>
            <dst id="HSTNng">4275.69866666667</dst>
            <dst id="IPLSng">8168.36</dst>
            <dst id="KSCYng">454.050666666667</dst>
            <dst id="LOSAng">2033.77866666667</dst>
            <dst id="NYCMng">8007.18933333333</dst>
            <dst id="SNVAng">10542.688</dst>
            <dst id="STTLng">858.864</dst>
            <dst id="WASHng">9150.72533333333</dst>
        </src>
        <src id="WASHng">
            <dst id="ATLA-M5">26.6666666666667</dst>
            <dst id="ATLAng">62478.3546666667</dst>
            <dst id="CHINng">52338.92</dst>
            <dst id="DNVRng">27210.216</dst>
            <dst id="HSTNng">14559.448</dst>
            <dst id="IPLSng">12663.2186666667</dst>
            <dst id="KSCYng">30266.8293333333</dst>
            <dst id="LOSAng">74045.6186666667</dst>
            <dst id="NYCMng">120956.813333333</dst>
            <dst id="SNVAng">31681.9333333333</dst>
            <dst id="STTLng">23890.3813333333</dst>
            <dst id="WASHng">292191.946666667</dst>
        </src>
    </IntraTM>
</TrafficMatrixFile>
