<?xml version="1.0" encoding="ISO-8859-1" standalone="yes"?>
<TrafficMatrixFile xsi:noNamespaceSchemaLocation="http://totem.run.montefiore.ulg.ac.be/Schema/TrafficMatrix-v1_2.xsd" xmlns:xsi="http://www.w3.org/2001/XMLSchema-instance">
    <IntraTM ASID="11537">
        <src id="ATLA-M5">
            <dst id="ATLA-M5">0</dst>
            <dst id="ATLAng">80</dst>
            <dst id="CHINng">36.672</dst>
            <dst id="DNVRng">1082.86933333333</dst>
            <dst id="HSTNng">45.52</dst>
            <dst id="IPLSng">0</dst>
            <dst id="KSCYng">0</dst>
            <dst id="LOSAng">0</dst>
            <dst id="NYCMng">0</dst>
            <dst id="SNVAng">0</dst>
            <dst id="STTLng">26.6666666666667</dst>
            <dst id="WASHng">156.466666666667</dst>
        </src>
        <src id="ATLAng">
            <dst id="ATLA-M5">81.224</dst>
            <dst id="ATLAng">25456.208</dst>
            <dst id="CHINng">9556.28533333333</dst>
            <dst id="DNVRng">2336.17333333333</dst>
            <dst id="HSTNng">9370.832</dst>
            <dst id="IPLSng">13927.6693333333</dst>
            <dst id="KSCYng">1642.744</dst>
            <dst id="LOSAng">4612.65066666667</dst>
            <dst id="NYCMng">2818.408</dst>
            <dst id="SNVAng">4245.552</dst>
            <dst id="STTLng">2506.85333333333</dst>
            <dst id="WASHng">26040.4346666667</dst>
        </src>
        <src id="CHINng">
            <dst id="ATLA-M5">514.72</dst>
            <dst id="ATLAng">3327.8</dst>
            <dst id="CHINng">126408.176</dst>
            <dst id="DNVRng">3608.97066666667</dst>
            <dst id="HSTNng">4810.58666666667</dst>
            <dst id="IPLSng">23967.9466666667</dst>
            <dst id="KSCYng">3057.92533333333</dst>
            <dst id="LOSAng">6600.56</dst>
            <dst id="NYCMng">6865.14133333333</dst>
            <dst id="SNVAng">31462.488</dst>
            <dst id="STTLng">10539.992</dst>
            <dst id="WASHng">13327.104</dst>
        </src>
        <src id="DNVRng">
            <dst id="ATLA-M5">90.1226666666667</dst>
            <dst id="ATLAng">2779.28533333333</dst>
            <dst id="CHINng">57985.1226666667</dst>
            <dst id="DNVRng">3728.74666666667</dst>
            <dst id="HSTNng">18279.552</dst>
            <dst id="IPLSng">23759.512</dst>
            <dst id="KSCYng">10772.2826666667</dst>
            <dst id="LOSAng">2173.26933333333</dst>
            <dst id="NYCMng">15202.7466666667</dst>
            <dst id="SNVAng">17873.0693333333</dst>
            <dst id="STTLng">4251.70666666667</dst>
            <dst id="WASHng">53679.0613333333</dst>
        </src>
        <src id="HSTNng">
            <dst id="ATLA-M5">765.496</dst>
            <dst id="ATLAng">29918.048</dst>
            <dst id="CHINng">21542.64</dst>
            <dst id="DNVRng">746.784</dst>
            <dst id="HSTNng">16562.6586666667</dst>
            <dst id="IPLSng">2223.41333333333</dst>
            <dst id="KSCYng">484.256</dst>
            <dst id="LOSAng">12980.1786666667</dst>
            <dst id="NYCMng">1275.60266666667</dst>
            <dst id="SNVAng">95.8346666666667</dst>
            <dst id="STTLng">2144.06133333333</dst>
            <dst id="WASHng">1608.21866666667</dst>
        </src>
        <src id="IPLSng">
            <dst id="ATLA-M5">0</dst>
            <dst id="ATLAng">6516.032</dst>
            <dst id="CHINng">68025.3413333333</dst>
            <dst id="DNVRng">4869.33866666667</dst>
            <dst id="HSTNng">309.834666666667</dst>
            <dst id="IPLSng">12151.8106666667</dst>
            <dst id="KSCYng">700.013333333333</dst>
            <dst id="LOSAng">5284.472</dst>
            <dst id="NYCMng">16384.3786666667</dst>
            <dst id="SNVAng">10088.6773333333</dst>
            <dst id="STTLng">7072.81866666667</dst>
            <dst id="WASHng">15203.0186666667</dst>
        </src>
        <src id="KSCYng">
            <dst id="ATLA-M5">0</dst>
            <dst id="ATLAng">2327.05866666667</dst>
            <dst id="CHINng">18225.2186666667</dst>
            <dst id="DNVRng">3405.936</dst>
            <dst id="HSTNng">2670.45866666667</dst>
            <dst id="IPLSng">11210.4133333333</dst>
            <dst id="KSCYng">8145.93333333333</dst>
            <dst id="LOSAng">2108.496</dst>
            <dst id="NYCMng">1378.98133333333</dst>
            <dst id="SNVAng">4506.47733333333</dst>
            <dst id="STTLng">640.592</dst>
            <dst id="WASHng">5831.42133333333</dst>
        </src>
        <src id="LOSAng">
            <dst id="ATLA-M5">26.6666666666667</dst>
            <dst id="ATLAng">4679.65866666667</dst>
            <dst id="CHINng">99314.248</dst>
            <dst id="DNVRng">15818.3386666667</dst>
            <dst id="HSTNng">13261.6106666667</dst>
            <dst id="IPLSng">6340.256</dst>
            <dst id="KSCYng">730.565333333333</dst>
            <dst id="LOSAng">19754.0266666667</dst>
            <dst id="NYCMng">24021.1813333333</dst>
            <dst id="SNVAng">26441.464</dst>
            <dst id="STTLng">14721.152</dst>
            <dst id="WASHng">70339.608</dst>
        </src>
        <src id="NYCMng">
            <dst id="ATLA-M5">90.4826666666666</dst>
            <dst id="ATLAng">10162.528</dst>
            <dst id="CHINng">31048.7093333333</dst>
            <dst id="DNVRng">21861.208</dst>
            <dst id="HSTNng">2117.20533333333</dst>
            <dst id="IPLSng">5815.62666666667</dst>
            <dst id="KSCYng">3315.03733333333</dst>
            <dst id="LOSAng">8639.104</dst>
            <dst id="NYCMng">93804.8026666667</dst>
            <dst id="SNVAng">47496.7226666667</dst>
            <dst id="STTLng">17824.784</dst>
            <dst id="WASHng">26148.6106666667</dst>
        </src>
        <src id="SNVAng">
            <dst id="ATLA-M5">0</dst>
            <dst id="ATLAng">80</dst>
            <dst id="CHINng">53.3333333333333</dst>
            <dst id="DNVRng">2493.264</dst>
            <dst id="HSTNng">0</dst>
            <dst id="IPLSng">362.890666666667</dst>
            <dst id="KSCYng">26.6666666666667</dst>
            <dst id="LOSAng">5100.03466666667</dst>
            <dst id="NYCMng">53.3333333333333</dst>
            <dst id="SNVAng">35020.024</dst>
            <dst id="STTLng">28643.2506666667</dst>
            <dst id="WASHng">26.6666666666667</dst>
        </src>
        <src id="STTLng">
            <dst id="ATLA-M5">26.6666666666667</dst>
            <dst id="ATLAng">4537.58666666667</dst>
            <dst id="CHINng">24559.0453333333</dst>
            <dst id="DNVRng">21042.968</dst>
            <dst id="HSTNng">11390.3466666667</dst>
            <dst id="IPLSng">78756.136</dst>
            <dst id="KSCYng">735.242666666667</dst>
            <dst id="LOSAng">1986.16266666667</dst>
            <dst id="NYCMng">7121.67466666667</dst>
            <dst id="SNVAng">17905.064</dst>
            <dst id="STTLng">1774.57866666667</dst>
            <dst id="WASHng">9769.256</dst>
        </src>
        <src id="WASHng">
            <dst id="ATLA-M5">26.6666666666667</dst>
            <dst id="ATLAng">71943.168</dst>
            <dst id="CHINng">52481.248</dst>
            <dst id="DNVRng">34940.288</dst>
            <dst id="HSTNng">34452.0106666667</dst>
            <dst id="IPLSng">14740.016</dst>
            <dst id="KSCYng">27956.5706666667</dst>
            <dst id="LOSAng">73049.072</dst>
            <dst id="NYCMng">127617.44</dst>
            <dst id="SNVAng">25671.0426666667</dst>
            <dst id="STTLng">20471.408</dst>
            <dst id="WASHng">356386.906666667</dst>
        </src>
    </IntraTM>
</TrafficMatrixFile>
