<?xml version="1.0" encoding="ISO-8859-1" standalone="yes"?>
<TrafficMatrixFile xsi:noNamespaceSchemaLocation="http://totem.run.montefiore.ulg.ac.be/Schema/TrafficMatrix-v1_2.xsd" xmlns:xsi="http://www.w3.org/2001/XMLSchema-instance">
    <IntraTM ASID="11537">
        <src id="ATLA-M5">
            <dst id="ATLA-M5">4475.68</dst>
            <dst id="ATLAng">0</dst>
            <dst id="CHINng">299.466666666667</dst>
            <dst id="DNVRng">0</dst>
            <dst id="HSTNng">38.4133333333333</dst>
            <dst id="IPLSng">62.08</dst>
            <dst id="KSCYng">0</dst>
            <dst id="LOSAng">68.944</dst>
            <dst id="NYCMng">0</dst>
            <dst id="SNVAng">42.2773333333333</dst>
            <dst id="STTLng">385.032</dst>
            <dst id="WASHng">106.666666666667</dst>
        </src>
        <src id="ATLAng">
            <dst id="ATLA-M5">55.3653333333333</dst>
            <dst id="ATLAng">24289.608</dst>
            <dst id="CHINng">10505.8746666667</dst>
            <dst id="DNVRng">3375.472</dst>
            <dst id="HSTNng">17410.936</dst>
            <dst id="IPLSng">9909.77866666667</dst>
            <dst id="KSCYng">813.450666666667</dst>
            <dst id="LOSAng">5662.62266666667</dst>
            <dst id="NYCMng">7401.976</dst>
            <dst id="SNVAng">4840.69733333333</dst>
            <dst id="STTLng">3211.712</dst>
            <dst id="WASHng">35007.976</dst>
        </src>
        <src id="CHINng">
            <dst id="ATLA-M5">76.1413333333333</dst>
            <dst id="ATLAng">13188.1626666667</dst>
            <dst id="CHINng">67326.872</dst>
            <dst id="DNVRng">2772.85333333333</dst>
            <dst id="HSTNng">7052.272</dst>
            <dst id="IPLSng">41605.3866666667</dst>
            <dst id="KSCYng">8233.46133333333</dst>
            <dst id="LOSAng">7858.98666666667</dst>
            <dst id="NYCMng">12744.1706666667</dst>
            <dst id="SNVAng">25959.3893333333</dst>
            <dst id="STTLng">7102.648</dst>
            <dst id="WASHng">10946.8266666667</dst>
        </src>
        <src id="DNVRng">
            <dst id="ATLA-M5">132.96</dst>
            <dst id="ATLAng">2989.79733333333</dst>
            <dst id="CHINng">45825.4213333333</dst>
            <dst id="DNVRng">15706.9866666667</dst>
            <dst id="HSTNng">25903.7493333333</dst>
            <dst id="IPLSng">28704.1173333333</dst>
            <dst id="KSCYng">25867.376</dst>
            <dst id="LOSAng">3348.352</dst>
            <dst id="NYCMng">15553.68</dst>
            <dst id="SNVAng">23194.6106666667</dst>
            <dst id="STTLng">10087.8693333333</dst>
            <dst id="WASHng">54225.8266666667</dst>
        </src>
        <src id="HSTNng">
            <dst id="ATLA-M5">1808.89333333333</dst>
            <dst id="ATLAng">8462.88</dst>
            <dst id="CHINng">19091.1386666667</dst>
            <dst id="DNVRng">868.642666666667</dst>
            <dst id="HSTNng">13137.8666666667</dst>
            <dst id="IPLSng">779.525333333333</dst>
            <dst id="KSCYng">597.994666666667</dst>
            <dst id="LOSAng">4808.39733333333</dst>
            <dst id="NYCMng">4719.08533333333</dst>
            <dst id="SNVAng">0</dst>
            <dst id="STTLng">1185.66666666667</dst>
            <dst id="WASHng">1668.37333333333</dst>
        </src>
        <src id="IPLSng">
            <dst id="ATLA-M5">2390.49866666667</dst>
            <dst id="ATLAng">3979.69333333333</dst>
            <dst id="CHINng">41388.1226666667</dst>
            <dst id="DNVRng">8332.576</dst>
            <dst id="HSTNng">272.032</dst>
            <dst id="IPLSng">17445.9653333333</dst>
            <dst id="KSCYng">2742.20533333333</dst>
            <dst id="LOSAng">4949.496</dst>
            <dst id="NYCMng">9342.85333333333</dst>
            <dst id="SNVAng">17457.5226666667</dst>
            <dst id="STTLng">10178.6773333333</dst>
            <dst id="WASHng">12478.4506666667</dst>
        </src>
        <src id="KSCYng">
            <dst id="ATLA-M5">0</dst>
            <dst id="ATLAng">2596.12</dst>
            <dst id="CHINng">12593.176</dst>
            <dst id="DNVRng">5252.96266666667</dst>
            <dst id="HSTNng">3910.856</dst>
            <dst id="IPLSng">17466.024</dst>
            <dst id="KSCYng">23447.4213333333</dst>
            <dst id="LOSAng">2404.936</dst>
            <dst id="NYCMng">1270.77333333333</dst>
            <dst id="SNVAng">5627.296</dst>
            <dst id="STTLng">2297.952</dst>
            <dst id="WASHng">6224.544</dst>
        </src>
        <src id="LOSAng">
            <dst id="ATLA-M5">56.0773333333333</dst>
            <dst id="ATLAng">23610.608</dst>
            <dst id="CHINng">89286.8426666667</dst>
            <dst id="DNVRng">10095.6906666667</dst>
            <dst id="HSTNng">3183.09333333333</dst>
            <dst id="IPLSng">10700.2826666667</dst>
            <dst id="KSCYng">4068.016</dst>
            <dst id="LOSAng">23697.088</dst>
            <dst id="NYCMng">25745.3706666667</dst>
            <dst id="SNVAng">24373.8293333333</dst>
            <dst id="STTLng">23658.456</dst>
            <dst id="WASHng">72986.9493333333</dst>
        </src>
        <src id="NYCMng">
            <dst id="ATLA-M5">195.264</dst>
            <dst id="ATLAng">5910.056</dst>
            <dst id="CHINng">25601.2986666667</dst>
            <dst id="DNVRng">23053.6773333333</dst>
            <dst id="HSTNng">4006.45866666667</dst>
            <dst id="IPLSng">5522.12533333333</dst>
            <dst id="KSCYng">2710.54133333333</dst>
            <dst id="LOSAng">9198.576</dst>
            <dst id="NYCMng">81036.3146666666</dst>
            <dst id="SNVAng">48917.8346666667</dst>
            <dst id="STTLng">22677.2133333333</dst>
            <dst id="WASHng">45938.9813333333</dst>
        </src>
        <src id="SNVAng">
            <dst id="ATLA-M5">0</dst>
            <dst id="ATLAng">26.6666666666667</dst>
            <dst id="CHINng">88.2026666666667</dst>
            <dst id="DNVRng">44910.864</dst>
            <dst id="HSTNng">0</dst>
            <dst id="IPLSng">202.874666666667</dst>
            <dst id="KSCYng">26.6666666666667</dst>
            <dst id="LOSAng">3740.56533333333</dst>
            <dst id="NYCMng">26.6666666666667</dst>
            <dst id="SNVAng">35259.1253333333</dst>
            <dst id="STTLng">36513.9386666667</dst>
            <dst id="WASHng">53.3333333333333</dst>
        </src>
        <src id="STTLng">
            <dst id="ATLA-M5">0</dst>
            <dst id="ATLAng">4877.17066666667</dst>
            <dst id="CHINng">19992.3946666667</dst>
            <dst id="DNVRng">3922.21066666667</dst>
            <dst id="HSTNng">2004.55733333333</dst>
            <dst id="IPLSng">9162.70666666667</dst>
            <dst id="KSCYng">1263.928</dst>
            <dst id="LOSAng">5605.64533333333</dst>
            <dst id="NYCMng">12661.3813333333</dst>
            <dst id="SNVAng">23996.5946666667</dst>
            <dst id="STTLng">3943.67733333333</dst>
            <dst id="WASHng">6495.592</dst>
        </src>
        <src id="WASHng">
            <dst id="ATLA-M5">176.016</dst>
            <dst id="ATLAng">73128.776</dst>
            <dst id="CHINng">103506.373333333</dst>
            <dst id="DNVRng">28515.616</dst>
            <dst id="HSTNng">29824.4506666667</dst>
            <dst id="IPLSng">46893.632</dst>
            <dst id="KSCYng">36716.5386666667</dst>
            <dst id="LOSAng">73934.4746666667</dst>
            <dst id="NYCMng">142322.114666667</dst>
            <dst id="SNVAng">49524.5093333333</dst>
            <dst id="STTLng">35357.7706666667</dst>
            <dst id="WASHng">238254.421333333</dst>
        </src>
    </IntraTM>
</TrafficMatrixFile>
