<?xml version="1.0" encoding="ISO-8859-1" standalone="yes"?>
<TrafficMatrixFile xsi:noNamespaceSchemaLocation="http://totem.run.montefiore.ulg.ac.be/Schema/TrafficMatrix-v1_2.xsd" xmlns:xsi="http://www.w3.org/2001/XMLSchema-instance">
    <IntraTM ASID="11537">
        <src id="ATLA-M5">
            <dst id="ATLA-M5">4027.224</dst>
            <dst id="ATLAng">26.6666666666667</dst>
            <dst id="CHINng">241.085333333333</dst>
            <dst id="DNVRng">0</dst>
            <dst id="HSTNng">66.1066666666667</dst>
            <dst id="IPLSng">32.96</dst>
            <dst id="KSCYng">0</dst>
            <dst id="LOSAng">13.3333333333333</dst>
            <dst id="NYCMng">26.6666666666667</dst>
            <dst id="SNVAng">13.3333333333333</dst>
            <dst id="STTLng">415.250666666667</dst>
            <dst id="WASHng">53.3333333333333</dst>
        </src>
        <src id="ATLAng">
            <dst id="ATLA-M5">53.2746666666667</dst>
            <dst id="ATLAng">26141.1386666667</dst>
            <dst id="CHINng">11126.72</dst>
            <dst id="DNVRng">2666.712</dst>
            <dst id="HSTNng">19693.7893333333</dst>
            <dst id="IPLSng">13451.312</dst>
            <dst id="KSCYng">752.653333333333</dst>
            <dst id="LOSAng">6969.616</dst>
            <dst id="NYCMng">1602.94666666667</dst>
            <dst id="SNVAng">6209.17066666667</dst>
            <dst id="STTLng">2208.34666666667</dst>
            <dst id="WASHng">26062.56</dst>
        </src>
        <src id="CHINng">
            <dst id="ATLA-M5">31.024</dst>
            <dst id="ATLAng">14972.2693333333</dst>
            <dst id="CHINng">97106.592</dst>
            <dst id="DNVRng">2503.16</dst>
            <dst id="HSTNng">6036.33866666667</dst>
            <dst id="IPLSng">52750.1253333333</dst>
            <dst id="KSCYng">19721.0746666667</dst>
            <dst id="LOSAng">7576.34933333333</dst>
            <dst id="NYCMng">9647.58666666667</dst>
            <dst id="SNVAng">24199.1813333333</dst>
            <dst id="STTLng">8436.472</dst>
            <dst id="WASHng">8535.95466666667</dst>
        </src>
        <src id="DNVRng">
            <dst id="ATLA-M5">120.8</dst>
            <dst id="ATLAng">2890.10933333333</dst>
            <dst id="CHINng">57019.7253333333</dst>
            <dst id="DNVRng">14290.3306666667</dst>
            <dst id="HSTNng">23961.9306666667</dst>
            <dst id="IPLSng">30460.0373333333</dst>
            <dst id="KSCYng">15593.2586666667</dst>
            <dst id="LOSAng">2770.20533333333</dst>
            <dst id="NYCMng">15676.9866666667</dst>
            <dst id="SNVAng">23316.744</dst>
            <dst id="STTLng">10802.728</dst>
            <dst id="WASHng">45640.808</dst>
        </src>
        <src id="HSTNng">
            <dst id="ATLA-M5">1880.328</dst>
            <dst id="ATLAng">7578.38933333334</dst>
            <dst id="CHINng">11418.0506666667</dst>
            <dst id="DNVRng">995.469333333334</dst>
            <dst id="HSTNng">16195.1733333333</dst>
            <dst id="IPLSng">725.266666666667</dst>
            <dst id="KSCYng">1421.04</dst>
            <dst id="LOSAng">2833.39466666667</dst>
            <dst id="NYCMng">4977.14933333333</dst>
            <dst id="SNVAng">0</dst>
            <dst id="STTLng">1167.71733333333</dst>
            <dst id="WASHng">1242.48</dst>
        </src>
        <src id="IPLSng">
            <dst id="ATLA-M5">2492.128</dst>
            <dst id="ATLAng">8283.89066666667</dst>
            <dst id="CHINng">41477.416</dst>
            <dst id="DNVRng">7527.51466666667</dst>
            <dst id="HSTNng">963.346666666667</dst>
            <dst id="IPLSng">10969.416</dst>
            <dst id="KSCYng">2387.536</dst>
            <dst id="LOSAng">4578.89066666667</dst>
            <dst id="NYCMng">10081.8426666667</dst>
            <dst id="SNVAng">13272.0853333333</dst>
            <dst id="STTLng">10215.7866666667</dst>
            <dst id="WASHng">10208.7626666667</dst>
        </src>
        <src id="KSCYng">
            <dst id="ATLA-M5">0</dst>
            <dst id="ATLAng">2564.24533333333</dst>
            <dst id="CHINng">14531.3413333333</dst>
            <dst id="DNVRng">4493.33866666667</dst>
            <dst id="HSTNng">3768.10666666667</dst>
            <dst id="IPLSng">13675.9146666667</dst>
            <dst id="KSCYng">12429.8826666667</dst>
            <dst id="LOSAng">2120.80533333333</dst>
            <dst id="NYCMng">2115.22666666667</dst>
            <dst id="SNVAng">5191.44266666667</dst>
            <dst id="STTLng">2815.77333333333</dst>
            <dst id="WASHng">5432.49066666667</dst>
        </src>
        <src id="LOSAng">
            <dst id="ATLA-M5">26.6666666666667</dst>
            <dst id="ATLAng">12837.3733333333</dst>
            <dst id="CHINng">86506.072</dst>
            <dst id="DNVRng">8521.39466666667</dst>
            <dst id="HSTNng">9971.31466666667</dst>
            <dst id="IPLSng">10384.5893333333</dst>
            <dst id="KSCYng">4239.46133333333</dst>
            <dst id="LOSAng">26539.0906666667</dst>
            <dst id="NYCMng">25448.8186666667</dst>
            <dst id="SNVAng">23538.1626666667</dst>
            <dst id="STTLng">22751.6693333333</dst>
            <dst id="WASHng">70989.656</dst>
        </src>
        <src id="NYCMng">
            <dst id="ATLA-M5">218.069333333333</dst>
            <dst id="ATLAng">6466.34133333333</dst>
            <dst id="CHINng">28372.4586666667</dst>
            <dst id="DNVRng">23404.9386666667</dst>
            <dst id="HSTNng">3561.28533333333</dst>
            <dst id="IPLSng">15985.504</dst>
            <dst id="KSCYng">3589.65333333333</dst>
            <dst id="LOSAng">8391.368</dst>
            <dst id="NYCMng">81635.192</dst>
            <dst id="SNVAng">51407.048</dst>
            <dst id="STTLng">20240.2933333333</dst>
            <dst id="WASHng">38480.568</dst>
        </src>
        <src id="SNVAng">
            <dst id="ATLA-M5">0</dst>
            <dst id="ATLAng">26.6666666666667</dst>
            <dst id="CHINng">83.456</dst>
            <dst id="DNVRng">40235.1706666667</dst>
            <dst id="HSTNng">0</dst>
            <dst id="IPLSng">216.341333333333</dst>
            <dst id="KSCYng">53.3333333333333</dst>
            <dst id="LOSAng">2225.95466666667</dst>
            <dst id="NYCMng">8204</dst>
            <dst id="SNVAng">38417.4773333333</dst>
            <dst id="STTLng">37984.5146666667</dst>
            <dst id="WASHng">53.3333333333333</dst>
        </src>
        <src id="STTLng">
            <dst id="ATLA-M5">0</dst>
            <dst id="ATLAng">4882.39466666667</dst>
            <dst id="CHINng">18660.704</dst>
            <dst id="DNVRng">4342.216</dst>
            <dst id="HSTNng">1972.648</dst>
            <dst id="IPLSng">4343.98133333333</dst>
            <dst id="KSCYng">1398.872</dst>
            <dst id="LOSAng">7306.72</dst>
            <dst id="NYCMng">10319.4453333333</dst>
            <dst id="SNVAng">21857.0106666667</dst>
            <dst id="STTLng">1762.568</dst>
            <dst id="WASHng">10776.1333333333</dst>
        </src>
        <src id="WASHng">
            <dst id="ATLA-M5">0</dst>
            <dst id="ATLAng">117066.482666667</dst>
            <dst id="CHINng">82343.352</dst>
            <dst id="DNVRng">24345.2426666667</dst>
            <dst id="HSTNng">37046.952</dst>
            <dst id="IPLSng">28616.208</dst>
            <dst id="KSCYng">28721.2586666667</dst>
            <dst id="LOSAng">73134.0746666667</dst>
            <dst id="NYCMng">111502.693333333</dst>
            <dst id="SNVAng">50922.2613333333</dst>
            <dst id="STTLng">32751.4906666667</dst>
            <dst id="WASHng">210691.429333333</dst>
        </src>
    </IntraTM>
</TrafficMatrixFile>
