<?xml version="1.0" encoding="ISO-8859-1" standalone="yes"?>
<TrafficMatrixFile xsi:noNamespaceSchemaLocation="http://totem.run.montefiore.ulg.ac.be/Schema/TrafficMatrix-v1_2.xsd" xmlns:xsi="http://www.w3.org/2001/XMLSchema-instance">
    <IntraTM ASID="11537">
        <src id="ATLA-M5">
            <dst id="ATLA-M5">0</dst>
            <dst id="ATLAng">0</dst>
            <dst id="CHINng">40</dst>
            <dst id="DNVRng">1045.35466666667</dst>
            <dst id="HSTNng">50.848</dst>
            <dst id="IPLSng">0</dst>
            <dst id="KSCYng">0</dst>
            <dst id="LOSAng">0</dst>
            <dst id="NYCMng">26.6666666666667</dst>
            <dst id="SNVAng">26.6666666666667</dst>
            <dst id="STTLng">26.6666666666667</dst>
            <dst id="WASHng">314.432</dst>
        </src>
        <src id="ATLAng">
            <dst id="ATLA-M5">88.72</dst>
            <dst id="ATLAng">28321.9173333333</dst>
            <dst id="CHINng">9929.08266666667</dst>
            <dst id="DNVRng">2021.472</dst>
            <dst id="HSTNng">471.610666666667</dst>
            <dst id="IPLSng">16396.712</dst>
            <dst id="KSCYng">433.205333333333</dst>
            <dst id="LOSAng">5665</dst>
            <dst id="NYCMng">4974.89066666667</dst>
            <dst id="SNVAng">5692.32266666667</dst>
            <dst id="STTLng">1424.77866666667</dst>
            <dst id="WASHng">40544.3093333333</dst>
        </src>
        <src id="CHINng">
            <dst id="ATLA-M5">426.992</dst>
            <dst id="ATLAng">4147.608</dst>
            <dst id="CHINng">111184.629333333</dst>
            <dst id="DNVRng">4850.28266666667</dst>
            <dst id="HSTNng">29923.4</dst>
            <dst id="IPLSng">22933.216</dst>
            <dst id="KSCYng">3986.39466666667</dst>
            <dst id="LOSAng">6627.85066666667</dst>
            <dst id="NYCMng">4891.18666666667</dst>
            <dst id="SNVAng">30085.68</dst>
            <dst id="STTLng">8983.64533333333</dst>
            <dst id="WASHng">11882.0986666667</dst>
        </src>
        <src id="DNVRng">
            <dst id="ATLA-M5">73.184</dst>
            <dst id="ATLAng">2865.41866666667</dst>
            <dst id="CHINng">61526.6826666667</dst>
            <dst id="DNVRng">2107.712</dst>
            <dst id="HSTNng">27074.976</dst>
            <dst id="IPLSng">24249.856</dst>
            <dst id="KSCYng">7329.392</dst>
            <dst id="LOSAng">2441.84</dst>
            <dst id="NYCMng">15018.9946666667</dst>
            <dst id="SNVAng">21085.408</dst>
            <dst id="STTLng">3655.776</dst>
            <dst id="WASHng">44835.304</dst>
        </src>
        <src id="HSTNng">
            <dst id="ATLA-M5">0</dst>
            <dst id="ATLAng">11682.2613333333</dst>
            <dst id="CHINng">15975.848</dst>
            <dst id="DNVRng">766.842666666667</dst>
            <dst id="HSTNng">14240.8026666667</dst>
            <dst id="IPLSng">1345.456</dst>
            <dst id="KSCYng">924.474666666667</dst>
            <dst id="LOSAng">1347.39733333333</dst>
            <dst id="NYCMng">2343.45066666667</dst>
            <dst id="SNVAng">0</dst>
            <dst id="STTLng">2124.65866666667</dst>
            <dst id="WASHng">1706.896</dst>
        </src>
        <src id="IPLSng">
            <dst id="ATLA-M5">0</dst>
            <dst id="ATLAng">7560.10666666666</dst>
            <dst id="CHINng">67397.9653333333</dst>
            <dst id="DNVRng">5356.68</dst>
            <dst id="HSTNng">381.533333333333</dst>
            <dst id="IPLSng">20279.9146666667</dst>
            <dst id="KSCYng">952.384</dst>
            <dst id="LOSAng">10552.192</dst>
            <dst id="NYCMng">18303.0613333333</dst>
            <dst id="SNVAng">15204.5093333333</dst>
            <dst id="STTLng">6458.21333333333</dst>
            <dst id="WASHng">13147.7626666667</dst>
        </src>
        <src id="KSCYng">
            <dst id="ATLA-M5">0</dst>
            <dst id="ATLAng">2335.52</dst>
            <dst id="CHINng">19177.592</dst>
            <dst id="DNVRng">4350.79466666667</dst>
            <dst id="HSTNng">2595.86933333333</dst>
            <dst id="IPLSng">10327.1146666667</dst>
            <dst id="KSCYng">4198.24533333333</dst>
            <dst id="LOSAng">1895.82933333333</dst>
            <dst id="NYCMng">1700.38933333333</dst>
            <dst id="SNVAng">7187.136</dst>
            <dst id="STTLng">668.074666666667</dst>
            <dst id="WASHng">6069.80266666667</dst>
        </src>
        <src id="LOSAng">
            <dst id="ATLA-M5">0</dst>
            <dst id="ATLAng">5668.47466666667</dst>
            <dst id="CHINng">101955.794666667</dst>
            <dst id="DNVRng">5494.328</dst>
            <dst id="HSTNng">1899.16</dst>
            <dst id="IPLSng">12009.8666666667</dst>
            <dst id="KSCYng">1500.29866666667</dst>
            <dst id="LOSAng">20128.1146666667</dst>
            <dst id="NYCMng">23019.232</dst>
            <dst id="SNVAng">23497.128</dst>
            <dst id="STTLng">18499.9893333333</dst>
            <dst id="WASHng">75815.2533333333</dst>
        </src>
        <src id="NYCMng">
            <dst id="ATLA-M5">469.962666666667</dst>
            <dst id="ATLAng">11789.9973333333</dst>
            <dst id="CHINng">35869.728</dst>
            <dst id="DNVRng">21200.8693333333</dst>
            <dst id="HSTNng">1398.368</dst>
            <dst id="IPLSng">7545.096</dst>
            <dst id="KSCYng">4291.83733333333</dst>
            <dst id="LOSAng">8681.30133333333</dst>
            <dst id="NYCMng">95021.312</dst>
            <dst id="SNVAng">48882.5333333333</dst>
            <dst id="STTLng">17312.5866666667</dst>
            <dst id="WASHng">28614.8746666667</dst>
        </src>
        <src id="SNVAng">
            <dst id="ATLA-M5">0</dst>
            <dst id="ATLAng">0</dst>
            <dst id="CHINng">357.450666666667</dst>
            <dst id="DNVRng">1710.45066666667</dst>
            <dst id="HSTNng">26.6666666666667</dst>
            <dst id="IPLSng">244.013333333333</dst>
            <dst id="KSCYng">101.146666666667</dst>
            <dst id="LOSAng">4865.09333333333</dst>
            <dst id="NYCMng">53.3333333333333</dst>
            <dst id="SNVAng">36723.6773333333</dst>
            <dst id="STTLng">30445.736</dst>
            <dst id="WASHng">80</dst>
        </src>
        <src id="STTLng">
            <dst id="ATLA-M5">0</dst>
            <dst id="ATLAng">4653.54933333333</dst>
            <dst id="CHINng">20915.68</dst>
            <dst id="DNVRng">3274.6</dst>
            <dst id="HSTNng">1624.24533333333</dst>
            <dst id="IPLSng">16454.2186666667</dst>
            <dst id="KSCYng">1080.08533333333</dst>
            <dst id="LOSAng">2315.49866666667</dst>
            <dst id="NYCMng">7168.94666666667</dst>
            <dst id="SNVAng">17920.9946666667</dst>
            <dst id="STTLng">1648.31466666667</dst>
            <dst id="WASHng">9978.62666666667</dst>
        </src>
        <src id="WASHng">
            <dst id="ATLA-M5">89.0026666666667</dst>
            <dst id="ATLAng">70856.3573333333</dst>
            <dst id="CHINng">132686.272</dst>
            <dst id="DNVRng">37166.7066666667</dst>
            <dst id="HSTNng">25902.4773333333</dst>
            <dst id="IPLSng">14039.0693333333</dst>
            <dst id="KSCYng">27898.4106666667</dst>
            <dst id="LOSAng">77613.896</dst>
            <dst id="NYCMng">130788.269333333</dst>
            <dst id="SNVAng">42570.8053333333</dst>
            <dst id="STTLng">17060.288</dst>
            <dst id="WASHng">290922.48</dst>
        </src>
    </IntraTM>
</TrafficMatrixFile>
