<?xml version="1.0" encoding="ISO-8859-1" standalone="yes"?>
<TrafficMatrixFile xsi:noNamespaceSchemaLocation="http://totem.run.montefiore.ulg.ac.be/Schema/TrafficMatrix-v1_2.xsd" xmlns:xsi="http://www.w3.org/2001/XMLSchema-instance">
    <IntraTM ASID="11537">
        <src id="ATLA-M5">
            <dst id="ATLA-M5">0</dst>
            <dst id="ATLAng">26.6666666666667</dst>
            <dst id="CHINng">86.376</dst>
            <dst id="DNVRng">1192.16</dst>
            <dst id="HSTNng">52.8586666666667</dst>
            <dst id="IPLSng">0</dst>
            <dst id="KSCYng">0</dst>
            <dst id="LOSAng">40</dst>
            <dst id="NYCMng">26.6666666666667</dst>
            <dst id="SNVAng">54.0426666666667</dst>
            <dst id="STTLng">57.2906666666667</dst>
            <dst id="WASHng">155.704</dst>
        </src>
        <src id="ATLAng">
            <dst id="ATLA-M5">1297.56533333333</dst>
            <dst id="ATLAng">25107.152</dst>
            <dst id="CHINng">4739.08266666667</dst>
            <dst id="DNVRng">2648.20266666667</dst>
            <dst id="HSTNng">568.261333333333</dst>
            <dst id="IPLSng">11727.3413333333</dst>
            <dst id="KSCYng">361.690666666667</dst>
            <dst id="LOSAng">13935.1706666667</dst>
            <dst id="NYCMng">10267.0533333333</dst>
            <dst id="SNVAng">1405.60533333333</dst>
            <dst id="STTLng">5219.19466666667</dst>
            <dst id="WASHng">22970.4693333333</dst>
        </src>
        <src id="CHINng">
            <dst id="ATLA-M5">0</dst>
            <dst id="ATLAng">5573.712</dst>
            <dst id="CHINng">32971.7706666667</dst>
            <dst id="DNVRng">8465.70933333333</dst>
            <dst id="HSTNng">24602.76</dst>
            <dst id="IPLSng">15217.4693333333</dst>
            <dst id="KSCYng">4545.95466666667</dst>
            <dst id="LOSAng">19741.7626666667</dst>
            <dst id="NYCMng">22952.4506666667</dst>
            <dst id="SNVAng">120.328</dst>
            <dst id="STTLng">7768.21333333333</dst>
            <dst id="WASHng">7088.776</dst>
        </src>
        <src id="DNVRng">
            <dst id="ATLA-M5">144.693333333333</dst>
            <dst id="ATLAng">2346.288</dst>
            <dst id="CHINng">36657.184</dst>
            <dst id="DNVRng">3824.048</dst>
            <dst id="HSTNng">23187.7546666667</dst>
            <dst id="IPLSng">29579.5013333333</dst>
            <dst id="KSCYng">11874.5493333333</dst>
            <dst id="LOSAng">4397.864</dst>
            <dst id="NYCMng">15173.048</dst>
            <dst id="SNVAng">5732.93866666667</dst>
            <dst id="STTLng">3220.82666666667</dst>
            <dst id="WASHng">48810.528</dst>
        </src>
        <src id="HSTNng">
            <dst id="ATLA-M5">1828.49066666667</dst>
            <dst id="ATLAng">3010.42133333333</dst>
            <dst id="CHINng">10675.8693333333</dst>
            <dst id="DNVRng">875.357333333333</dst>
            <dst id="HSTNng">3735.2</dst>
            <dst id="IPLSng">2811.39466666667</dst>
            <dst id="KSCYng">939.333333333333</dst>
            <dst id="LOSAng">3313.59466666667</dst>
            <dst id="NYCMng">2342.608</dst>
            <dst id="SNVAng">0</dst>
            <dst id="STTLng">550.896</dst>
            <dst id="WASHng">2801.672</dst>
        </src>
        <src id="IPLSng">
            <dst id="ATLA-M5">26.6666666666667</dst>
            <dst id="ATLAng">3913.632</dst>
            <dst id="CHINng">47372.4426666667</dst>
            <dst id="DNVRng">7242.824</dst>
            <dst id="HSTNng">379.096</dst>
            <dst id="IPLSng">2053.35733333333</dst>
            <dst id="KSCYng">1631.86666666667</dst>
            <dst id="LOSAng">19338.536</dst>
            <dst id="NYCMng">26792.776</dst>
            <dst id="SNVAng">155.842666666667</dst>
            <dst id="STTLng">4818.73333333333</dst>
            <dst id="WASHng">7278.15733333333</dst>
        </src>
        <src id="KSCYng">
            <dst id="ATLA-M5">0</dst>
            <dst id="ATLAng">3723.976</dst>
            <dst id="CHINng">7335.256</dst>
            <dst id="DNVRng">4568.05866666667</dst>
            <dst id="HSTNng">6404.43733333333</dst>
            <dst id="IPLSng">9391.03733333333</dst>
            <dst id="KSCYng">5872.41866666667</dst>
            <dst id="LOSAng">3226.328</dst>
            <dst id="NYCMng">1127.952</dst>
            <dst id="SNVAng">9981.77066666667</dst>
            <dst id="STTLng">1278.62933333333</dst>
            <dst id="WASHng">8929.54666666667</dst>
        </src>
        <src id="LOSAng">
            <dst id="ATLA-M5">26.6666666666667</dst>
            <dst id="ATLAng">38109.784</dst>
            <dst id="CHINng">32174.7413333333</dst>
            <dst id="DNVRng">11907.6746666667</dst>
            <dst id="HSTNng">2439.912</dst>
            <dst id="IPLSng">10185.056</dst>
            <dst id="KSCYng">7917.08266666667</dst>
            <dst id="LOSAng">18209.3093333333</dst>
            <dst id="NYCMng">16352.6106666667</dst>
            <dst id="SNVAng">22985.528</dst>
            <dst id="STTLng">27349.088</dst>
            <dst id="WASHng">83993.528</dst>
        </src>
        <src id="NYCMng">
            <dst id="ATLA-M5">238.264</dst>
            <dst id="ATLAng">6333.32</dst>
            <dst id="CHINng">21123.432</dst>
            <dst id="DNVRng">20968.24</dst>
            <dst id="HSTNng">2629.65333333333</dst>
            <dst id="IPLSng">6527.08533333333</dst>
            <dst id="KSCYng">9106.152</dst>
            <dst id="LOSAng">51823.3306666667</dst>
            <dst id="NYCMng">52435.3626666667</dst>
            <dst id="SNVAng">665.221333333333</dst>
            <dst id="STTLng">14541.856</dst>
            <dst id="WASHng">26079.6986666667</dst>
        </src>
        <src id="SNVAng">
            <dst id="ATLA-M5">0</dst>
            <dst id="ATLAng">26.6666666666667</dst>
            <dst id="CHINng">26.6666666666667</dst>
            <dst id="DNVRng">1036.63733333333</dst>
            <dst id="HSTNng">0</dst>
            <dst id="IPLSng">173.632</dst>
            <dst id="KSCYng">0</dst>
            <dst id="LOSAng">35072.5306666667</dst>
            <dst id="NYCMng">26.6666666666667</dst>
            <dst id="SNVAng">9216.216</dst>
            <dst id="STTLng">37316.3466666667</dst>
            <dst id="WASHng">0</dst>
        </src>
        <src id="STTLng">
            <dst id="ATLA-M5">91.9306666666667</dst>
            <dst id="ATLAng">6107.50666666667</dst>
            <dst id="CHINng">8319.13066666667</dst>
            <dst id="DNVRng">2616.89333333333</dst>
            <dst id="HSTNng">745.64</dst>
            <dst id="IPLSng">5031.51733333333</dst>
            <dst id="KSCYng">2531.49333333333</dst>
            <dst id="LOSAng">12641.0293333333</dst>
            <dst id="NYCMng">9944.08266666667</dst>
            <dst id="SNVAng">14594.016</dst>
            <dst id="STTLng">887.733333333333</dst>
            <dst id="WASHng">7288.52533333333</dst>
        </src>
        <src id="WASHng">
            <dst id="ATLA-M5">0</dst>
            <dst id="ATLAng">59812.784</dst>
            <dst id="CHINng">53858.7946666667</dst>
            <dst id="DNVRng">49403.304</dst>
            <dst id="HSTNng">17063.0426666667</dst>
            <dst id="IPLSng">61287.1013333333</dst>
            <dst id="KSCYng">51241.192</dst>
            <dst id="LOSAng">122719.493333333</dst>
            <dst id="NYCMng">132128.282666667</dst>
            <dst id="SNVAng">1802.74933333333</dst>
            <dst id="STTLng">43602.776</dst>
            <dst id="WASHng">195731.2</dst>
        </src>
    </IntraTM>
</TrafficMatrixFile>
