<?xml version="1.0" encoding="ISO-8859-1" standalone="yes"?>
<TrafficMatrixFile xsi:noNamespaceSchemaLocation="http://totem.run.montefiore.ulg.ac.be/Schema/TrafficMatrix-v1_2.xsd" xmlns:xsi="http://www.w3.org/2001/XMLSchema-instance">
    <IntraTM ASID="11537">
        <src id="ATLA-M5">
            <dst id="ATLA-M5">0</dst>
            <dst id="ATLAng">0</dst>
            <dst id="CHINng">0</dst>
            <dst id="DNVRng">0</dst>
            <dst id="HSTNng">41.2453333333333</dst>
            <dst id="IPLSng">0</dst>
            <dst id="KSCYng">0</dst>
            <dst id="LOSAng">81.3386666666667</dst>
            <dst id="NYCMng">307.941333333333</dst>
            <dst id="SNVAng">58.2453333333333</dst>
            <dst id="STTLng">55.7333333333333</dst>
            <dst id="WASHng">240.805333333333</dst>
        </src>
        <src id="ATLAng">
            <dst id="ATLA-M5">191.706666666667</dst>
            <dst id="ATLAng">25327.896</dst>
            <dst id="CHINng">6379.016</dst>
            <dst id="DNVRng">2205.39466666667</dst>
            <dst id="HSTNng">1015.664</dst>
            <dst id="IPLSng">15530.9946666667</dst>
            <dst id="KSCYng">1389.22666666667</dst>
            <dst id="LOSAng">8553.45733333333</dst>
            <dst id="NYCMng">2873.47466666667</dst>
            <dst id="SNVAng">41.94</dst>
            <dst id="STTLng">2730.65066666667</dst>
            <dst id="WASHng">27909.864</dst>
        </src>
        <src id="CHINng">
            <dst id="ATLA-M5">0</dst>
            <dst id="ATLAng">8048.95466666667</dst>
            <dst id="CHINng">29095.632</dst>
            <dst id="DNVRng">6860.34666666667</dst>
            <dst id="HSTNng">21792.8293333333</dst>
            <dst id="IPLSng">11107.2213333333</dst>
            <dst id="KSCYng">11269.5493333333</dst>
            <dst id="LOSAng">23649.2613333333</dst>
            <dst id="NYCMng">24066.5786666667</dst>
            <dst id="SNVAng">469.808</dst>
            <dst id="STTLng">7355.55466666667</dst>
            <dst id="WASHng">13200.952</dst>
        </src>
        <src id="DNVRng">
            <dst id="ATLA-M5">99.84</dst>
            <dst id="ATLAng">4962.60533333333</dst>
            <dst id="CHINng">33507.9253333333</dst>
            <dst id="DNVRng">12327.1973333333</dst>
            <dst id="HSTNng">31759.4453333333</dst>
            <dst id="IPLSng">32428.1786666667</dst>
            <dst id="KSCYng">31292.8666666667</dst>
            <dst id="LOSAng">4893.24533333333</dst>
            <dst id="NYCMng">17099.36</dst>
            <dst id="SNVAng">8332.264</dst>
            <dst id="STTLng">18419.0906666667</dst>
            <dst id="WASHng">50584.0613333333</dst>
        </src>
        <src id="HSTNng">
            <dst id="ATLA-M5">1421.77866666667</dst>
            <dst id="ATLAng">2574.504</dst>
            <dst id="CHINng">8958.712</dst>
            <dst id="DNVRng">1856.31466666667</dst>
            <dst id="HSTNng">17475.568</dst>
            <dst id="IPLSng">2090.26933333333</dst>
            <dst id="KSCYng">1971.00266666667</dst>
            <dst id="LOSAng">7336.61333333333</dst>
            <dst id="NYCMng">2388.536</dst>
            <dst id="SNVAng">0</dst>
            <dst id="STTLng">1091.87466666667</dst>
            <dst id="WASHng">6281.90666666667</dst>
        </src>
        <src id="IPLSng">
            <dst id="ATLA-M5">94.7733333333333</dst>
            <dst id="ATLAng">13741.7573333333</dst>
            <dst id="CHINng">22846.648</dst>
            <dst id="DNVRng">9566.656</dst>
            <dst id="HSTNng">839.965333333333</dst>
            <dst id="IPLSng">5254.82933333333</dst>
            <dst id="KSCYng">3002.536</dst>
            <dst id="LOSAng">13096.6853333333</dst>
            <dst id="NYCMng">12614.1093333333</dst>
            <dst id="SNVAng">313.202666666667</dst>
            <dst id="STTLng">5972.344</dst>
            <dst id="WASHng">11549.7093333333</dst>
        </src>
        <src id="KSCYng">
            <dst id="ATLA-M5">26.6666666666667</dst>
            <dst id="ATLAng">3900.488</dst>
            <dst id="CHINng">13535.2853333333</dst>
            <dst id="DNVRng">6141.31733333333</dst>
            <dst id="HSTNng">7544.44266666667</dst>
            <dst id="IPLSng">11923.28</dst>
            <dst id="KSCYng">9042.24</dst>
            <dst id="LOSAng">9155.4</dst>
            <dst id="NYCMng">1559.18933333333</dst>
            <dst id="SNVAng">2679.17333333333</dst>
            <dst id="STTLng">1239.96533333333</dst>
            <dst id="WASHng">9506.184</dst>
        </src>
        <src id="LOSAng">
            <dst id="ATLA-M5">53.3333333333333</dst>
            <dst id="ATLAng">21826.1013333333</dst>
            <dst id="CHINng">51565.7066666667</dst>
            <dst id="DNVRng">7920.616</dst>
            <dst id="HSTNng">5148.61866666667</dst>
            <dst id="IPLSng">15979.76</dst>
            <dst id="KSCYng">6270.272</dst>
            <dst id="LOSAng">15294.8826666667</dst>
            <dst id="NYCMng">23324.248</dst>
            <dst id="SNVAng">25902.6213333333</dst>
            <dst id="STTLng">32909</dst>
            <dst id="WASHng">80131.656</dst>
        </src>
        <src id="NYCMng">
            <dst id="ATLA-M5">1741.85066666667</dst>
            <dst id="ATLAng">15446.584</dst>
            <dst id="CHINng">28218.8506666667</dst>
            <dst id="DNVRng">27874.2746666667</dst>
            <dst id="HSTNng">8894.56</dst>
            <dst id="IPLSng">19752.96</dst>
            <dst id="KSCYng">8042.088</dst>
            <dst id="LOSAng">64914.9066666667</dst>
            <dst id="NYCMng">61997.5546666667</dst>
            <dst id="SNVAng">641.296</dst>
            <dst id="STTLng">27676.7306666667</dst>
            <dst id="WASHng">44510.1626666667</dst>
        </src>
        <src id="SNVAng">
            <dst id="ATLA-M5">0</dst>
            <dst id="ATLAng">613.861333333333</dst>
            <dst id="CHINng">125.584</dst>
            <dst id="DNVRng">2580.55733333333</dst>
            <dst id="HSTNng">0</dst>
            <dst id="IPLSng">160.981333333333</dst>
            <dst id="KSCYng">26.6666666666667</dst>
            <dst id="LOSAng">35135.544</dst>
            <dst id="NYCMng">26.6666666666667</dst>
            <dst id="SNVAng">8724.48</dst>
            <dst id="STTLng">37161.2586666667</dst>
            <dst id="WASHng">0</dst>
        </src>
        <src id="STTLng">
            <dst id="ATLA-M5">117.522666666667</dst>
            <dst id="ATLAng">8048.87466666667</dst>
            <dst id="CHINng">9957.97066666667</dst>
            <dst id="DNVRng">2617.05066666667</dst>
            <dst id="HSTNng">1645.53866666667</dst>
            <dst id="IPLSng">6190.83466666667</dst>
            <dst id="KSCYng">2414.32266666667</dst>
            <dst id="LOSAng">11084.848</dst>
            <dst id="NYCMng">12963.256</dst>
            <dst id="SNVAng">8949.472</dst>
            <dst id="STTLng">1365.53066666667</dst>
            <dst id="WASHng">4328.856</dst>
        </src>
        <src id="WASHng">
            <dst id="ATLA-M5">183.781333333333</dst>
            <dst id="ATLAng">71566.072</dst>
            <dst id="CHINng">56584.4266666667</dst>
            <dst id="DNVRng">54664.8613333333</dst>
            <dst id="HSTNng">21684.888</dst>
            <dst id="IPLSng">54122.848</dst>
            <dst id="KSCYng">33018.0373333333</dst>
            <dst id="LOSAng">115137.656</dst>
            <dst id="NYCMng">141427.917333333</dst>
            <dst id="SNVAng">1213.87466666667</dst>
            <dst id="STTLng">21335.5226666667</dst>
            <dst id="WASHng">302781.52</dst>
        </src>
    </IntraTM>
</TrafficMatrixFile>
