<?xml version="1.0" encoding="ISO-8859-1" standalone="yes"?>
<TrafficMatrixFile xsi:noNamespaceSchemaLocation="http://totem.run.montefiore.ulg.ac.be/Schema/TrafficMatrix-v1_2.xsd" xmlns:xsi="http://www.w3.org/2001/XMLSchema-instance">
    <IntraTM ASID="11537">
        <src id="ATLA-M5">
            <dst id="ATLA-M5">53.3333333333333</dst>
            <dst id="ATLAng">0</dst>
            <dst id="CHINng">39.4506666666667</dst>
            <dst id="DNVRng">26.6666666666667</dst>
            <dst id="HSTNng">44.0773333333333</dst>
            <dst id="IPLSng">0</dst>
            <dst id="KSCYng">0</dst>
            <dst id="LOSAng">0</dst>
            <dst id="NYCMng">81.3333333333333</dst>
            <dst id="SNVAng">26.9226666666667</dst>
            <dst id="STTLng">80.3626666666667</dst>
            <dst id="WASHng">132.88</dst>
        </src>
        <src id="ATLAng">
            <dst id="ATLA-M5">63.8773333333333</dst>
            <dst id="ATLAng">28092.2933333333</dst>
            <dst id="CHINng">4926.184</dst>
            <dst id="DNVRng">2512.05866666667</dst>
            <dst id="HSTNng">799.296</dst>
            <dst id="IPLSng">15781.3653333333</dst>
            <dst id="KSCYng">746.202666666667</dst>
            <dst id="LOSAng">10222.1973333333</dst>
            <dst id="NYCMng">1895.16266666667</dst>
            <dst id="SNVAng">0</dst>
            <dst id="STTLng">2623.264</dst>
            <dst id="WASHng">22011.9333333333</dst>
        </src>
        <src id="CHINng">
            <dst id="ATLA-M5">0</dst>
            <dst id="ATLAng">7296.512</dst>
            <dst id="CHINng">28251.4773333333</dst>
            <dst id="DNVRng">9545.30666666667</dst>
            <dst id="HSTNng">21848.832</dst>
            <dst id="IPLSng">14268.4266666667</dst>
            <dst id="KSCYng">9261.752</dst>
            <dst id="LOSAng">29149.952</dst>
            <dst id="NYCMng">19756.872</dst>
            <dst id="SNVAng">200.288</dst>
            <dst id="STTLng">8205.69866666667</dst>
            <dst id="WASHng">14678.736</dst>
        </src>
        <src id="DNVRng">
            <dst id="ATLA-M5">48</dst>
            <dst id="ATLAng">4697.52</dst>
            <dst id="CHINng">42668.04</dst>
            <dst id="DNVRng">10237</dst>
            <dst id="HSTNng">21223.4106666667</dst>
            <dst id="IPLSng">30280.4</dst>
            <dst id="KSCYng">16333.5866666667</dst>
            <dst id="LOSAng">4207.168</dst>
            <dst id="NYCMng">12613.3653333333</dst>
            <dst id="SNVAng">7134.616</dst>
            <dst id="STTLng">3425.99466666667</dst>
            <dst id="WASHng">47418.3893333333</dst>
        </src>
        <src id="HSTNng">
            <dst id="ATLA-M5">2619.05066666667</dst>
            <dst id="ATLAng">5432.50933333333</dst>
            <dst id="CHINng">8298.30666666667</dst>
            <dst id="DNVRng">966.634666666667</dst>
            <dst id="HSTNng">12863.296</dst>
            <dst id="IPLSng">1605.82666666667</dst>
            <dst id="KSCYng">1047.22666666667</dst>
            <dst id="LOSAng">1344.544</dst>
            <dst id="NYCMng">3772.26666666667</dst>
            <dst id="SNVAng">26.6666666666667</dst>
            <dst id="STTLng">692.149333333333</dst>
            <dst id="WASHng">10908.456</dst>
        </src>
        <src id="IPLSng">
            <dst id="ATLA-M5">0</dst>
            <dst id="ATLAng">27430.4186666667</dst>
            <dst id="CHINng">34329.2346666667</dst>
            <dst id="DNVRng">8507.22133333333</dst>
            <dst id="HSTNng">1394.67733333333</dst>
            <dst id="IPLSng">6931.92533333333</dst>
            <dst id="KSCYng">3851.176</dst>
            <dst id="LOSAng">16141.6933333333</dst>
            <dst id="NYCMng">14935.1573333333</dst>
            <dst id="SNVAng">177.592</dst>
            <dst id="STTLng">5526.08</dst>
            <dst id="WASHng">5301.42666666667</dst>
        </src>
        <src id="KSCYng">
            <dst id="ATLA-M5">0</dst>
            <dst id="ATLAng">3541.912</dst>
            <dst id="CHINng">11284.376</dst>
            <dst id="DNVRng">6670.96</dst>
            <dst id="HSTNng">5943.776</dst>
            <dst id="IPLSng">10804.92</dst>
            <dst id="KSCYng">6475.38133333333</dst>
            <dst id="LOSAng">5796.36266666667</dst>
            <dst id="NYCMng">1535.96</dst>
            <dst id="SNVAng">9968.36533333334</dst>
            <dst id="STTLng">716.658666666667</dst>
            <dst id="WASHng">11547.3546666667</dst>
        </src>
        <src id="LOSAng">
            <dst id="ATLA-M5">53.3333333333333</dst>
            <dst id="ATLAng">24819.3306666667</dst>
            <dst id="CHINng">37701.0986666667</dst>
            <dst id="DNVRng">10104.56</dst>
            <dst id="HSTNng">1959.44533333333</dst>
            <dst id="IPLSng">15379.9813333333</dst>
            <dst id="KSCYng">4671.93066666667</dst>
            <dst id="LOSAng">14715.432</dst>
            <dst id="NYCMng">22920.9973333333</dst>
            <dst id="SNVAng">37832.0506666667</dst>
            <dst id="STTLng">29886.36</dst>
            <dst id="WASHng">82678.1173333333</dst>
        </src>
        <src id="NYCMng">
            <dst id="ATLA-M5">500.176</dst>
            <dst id="ATLAng">10911.2613333333</dst>
            <dst id="CHINng">23940.2986666667</dst>
            <dst id="DNVRng">22823.0053333333</dst>
            <dst id="HSTNng">6161.20266666667</dst>
            <dst id="IPLSng">16401.0826666667</dst>
            <dst id="KSCYng">7129.8</dst>
            <dst id="LOSAng">49518.712</dst>
            <dst id="NYCMng">77633.9413333333</dst>
            <dst id="SNVAng">449.866666666667</dst>
            <dst id="STTLng">25421.6266666667</dst>
            <dst id="WASHng">38478.7306666667</dst>
        </src>
        <src id="SNVAng">
            <dst id="ATLA-M5">0</dst>
            <dst id="ATLAng">53.3333333333333</dst>
            <dst id="CHINng">53.3333333333333</dst>
            <dst id="DNVRng">6070.26666666667</dst>
            <dst id="HSTNng">0</dst>
            <dst id="IPLSng">334.325333333333</dst>
            <dst id="KSCYng">0</dst>
            <dst id="LOSAng">37171.6853333333</dst>
            <dst id="NYCMng">54.944</dst>
            <dst id="SNVAng">8984.34666666667</dst>
            <dst id="STTLng">37974.7493333333</dst>
            <dst id="WASHng">53.3333333333333</dst>
        </src>
        <src id="STTLng">
            <dst id="ATLA-M5">107.496</dst>
            <dst id="ATLAng">7134.728</dst>
            <dst id="CHINng">8591.55733333333</dst>
            <dst id="DNVRng">2349.70666666667</dst>
            <dst id="HSTNng">452.354666666667</dst>
            <dst id="IPLSng">8487.44533333333</dst>
            <dst id="KSCYng">1320.58666666667</dst>
            <dst id="LOSAng">12639.5253333333</dst>
            <dst id="NYCMng">11936.9146666667</dst>
            <dst id="SNVAng">8082.416</dst>
            <dst id="STTLng">872.205333333333</dst>
            <dst id="WASHng">4416.78933333333</dst>
        </src>
        <src id="WASHng">
            <dst id="ATLA-M5">243.581333333333</dst>
            <dst id="ATLAng">105926.656</dst>
            <dst id="CHINng">52164.7893333333</dst>
            <dst id="DNVRng">47623.8933333333</dst>
            <dst id="HSTNng">23217.9146666667</dst>
            <dst id="IPLSng">54000.0933333333</dst>
            <dst id="KSCYng">39659.472</dst>
            <dst id="LOSAng">98539.1813333333</dst>
            <dst id="NYCMng">154545.648</dst>
            <dst id="SNVAng">728.202666666667</dst>
            <dst id="STTLng">43122.5093333333</dst>
            <dst id="WASHng">169308.776</dst>
        </src>
    </IntraTM>
</TrafficMatrixFile>
