<?xml version="1.0" encoding="ISO-8859-1" standalone="yes"?>
<TrafficMatrixFile xsi:noNamespaceSchemaLocation="http://totem.run.montefiore.ulg.ac.be/Schema/TrafficMatrix-v1_2.xsd" xmlns:xsi="http://www.w3.org/2001/XMLSchema-instance">
    <IntraTM ASID="11537">
        <src id="ATLA-M5">
            <dst id="ATLA-M5">0</dst>
            <dst id="ATLAng">0</dst>
            <dst id="CHINng">55.1973333333333</dst>
            <dst id="DNVRng">1193.024</dst>
            <dst id="HSTNng">1722.74933333333</dst>
            <dst id="IPLSng">26.6666666666667</dst>
            <dst id="KSCYng">0</dst>
            <dst id="LOSAng">0</dst>
            <dst id="NYCMng">111.626666666667</dst>
            <dst id="SNVAng">0</dst>
            <dst id="STTLng">47.9733333333333</dst>
            <dst id="WASHng">0</dst>
        </src>
        <src id="ATLAng">
            <dst id="ATLA-M5">26.6666666666667</dst>
            <dst id="ATLAng">25809.4373333333</dst>
            <dst id="CHINng">3443.71466666667</dst>
            <dst id="DNVRng">2428.47733333333</dst>
            <dst id="HSTNng">265.445333333333</dst>
            <dst id="IPLSng">13113.968</dst>
            <dst id="KSCYng">3304.37333333333</dst>
            <dst id="LOSAng">14385.54</dst>
            <dst id="NYCMng">2247.49866666667</dst>
            <dst id="SNVAng">1610.46533333333</dst>
            <dst id="STTLng">6454.16</dst>
            <dst id="WASHng">36809.528</dst>
        </src>
        <src id="CHINng">
            <dst id="ATLA-M5">0</dst>
            <dst id="ATLAng">4453.18933333333</dst>
            <dst id="CHINng">72311.6133333333</dst>
            <dst id="DNVRng">11165.192</dst>
            <dst id="HSTNng">13002.6</dst>
            <dst id="IPLSng">23170.92</dst>
            <dst id="KSCYng">7148.744</dst>
            <dst id="LOSAng">23062.1306666667</dst>
            <dst id="NYCMng">25217.3973333333</dst>
            <dst id="SNVAng">135.136</dst>
            <dst id="STTLng">11477.2826666667</dst>
            <dst id="WASHng">12815.2373333333</dst>
        </src>
        <src id="DNVRng">
            <dst id="ATLA-M5">83.6266666666667</dst>
            <dst id="ATLAng">1577.09866666667</dst>
            <dst id="CHINng">38312.4826666667</dst>
            <dst id="DNVRng">3089.36266666667</dst>
            <dst id="HSTNng">16705.04</dst>
            <dst id="IPLSng">30321.16</dst>
            <dst id="KSCYng">9603.72533333333</dst>
            <dst id="LOSAng">9788.05866666667</dst>
            <dst id="NYCMng">14566.096</dst>
            <dst id="SNVAng">3028.26133333333</dst>
            <dst id="STTLng">3507.52533333333</dst>
            <dst id="WASHng">36538.784</dst>
        </src>
        <src id="HSTNng">
            <dst id="ATLA-M5">4740.93333333333</dst>
            <dst id="ATLAng">4489.21066666667</dst>
            <dst id="CHINng">5685.504</dst>
            <dst id="DNVRng">652.522666666667</dst>
            <dst id="HSTNng">15262.7173333333</dst>
            <dst id="IPLSng">736.378666666667</dst>
            <dst id="KSCYng">640.162666666667</dst>
            <dst id="LOSAng">1560.56</dst>
            <dst id="NYCMng">887.469333333333</dst>
            <dst id="SNVAng">26.6666666666667</dst>
            <dst id="STTLng">744.130666666667</dst>
            <dst id="WASHng">1693.54133333333</dst>
        </src>
        <src id="IPLSng">
            <dst id="ATLA-M5">0</dst>
            <dst id="ATLAng">9898.08533333333</dst>
            <dst id="CHINng">41774.6266666667</dst>
            <dst id="DNVRng">10286.6773333333</dst>
            <dst id="HSTNng">3868.69066666667</dst>
            <dst id="IPLSng">6874.75466666667</dst>
            <dst id="KSCYng">4617.77066666667</dst>
            <dst id="LOSAng">9350.12</dst>
            <dst id="NYCMng">9854.272</dst>
            <dst id="SNVAng">262.512</dst>
            <dst id="STTLng">4896.56266666667</dst>
            <dst id="WASHng">22468.168</dst>
        </src>
        <src id="KSCYng">
            <dst id="ATLA-M5">0</dst>
            <dst id="ATLAng">2366.432</dst>
            <dst id="CHINng">7337.32533333333</dst>
            <dst id="DNVRng">5168.392</dst>
            <dst id="HSTNng">3271.688</dst>
            <dst id="IPLSng">11367.704</dst>
            <dst id="KSCYng">7738.128</dst>
            <dst id="LOSAng">4138.46666666667</dst>
            <dst id="NYCMng">1416.27733333333</dst>
            <dst id="SNVAng">2093.54933333333</dst>
            <dst id="STTLng">367.333333333333</dst>
            <dst id="WASHng">8239.95733333333</dst>
        </src>
        <src id="LOSAng">
            <dst id="ATLA-M5">0</dst>
            <dst id="ATLAng">15754.6293333333</dst>
            <dst id="CHINng">58855.9173333333</dst>
            <dst id="DNVRng">19155.168</dst>
            <dst id="HSTNng">2340.4</dst>
            <dst id="IPLSng">17120.88</dst>
            <dst id="KSCYng">2939.24266666667</dst>
            <dst id="LOSAng">9692.416</dst>
            <dst id="NYCMng">19278.4533333333</dst>
            <dst id="SNVAng">22179.248</dst>
            <dst id="STTLng">26180.424</dst>
            <dst id="WASHng">76527.296</dst>
        </src>
        <src id="NYCMng">
            <dst id="ATLA-M5">0</dst>
            <dst id="ATLAng">4926.64533333333</dst>
            <dst id="CHINng">17983.96</dst>
            <dst id="DNVRng">22294.5493333333</dst>
            <dst id="HSTNng">2576.57066666667</dst>
            <dst id="IPLSng">21322.7626666667</dst>
            <dst id="KSCYng">3129.05066666667</dst>
            <dst id="LOSAng">50618.2133333333</dst>
            <dst id="NYCMng">55610.128</dst>
            <dst id="SNVAng">1605.256</dst>
            <dst id="STTLng">14886.008</dst>
            <dst id="WASHng">37080.512</dst>
        </src>
        <src id="SNVAng">
            <dst id="ATLA-M5">0</dst>
            <dst id="ATLAng">0</dst>
            <dst id="CHINng">26.6666666666667</dst>
            <dst id="DNVRng">6526.192</dst>
            <dst id="HSTNng">0</dst>
            <dst id="IPLSng">159.578666666667</dst>
            <dst id="KSCYng">0</dst>
            <dst id="LOSAng">29969.1626666667</dst>
            <dst id="NYCMng">54.304</dst>
            <dst id="SNVAng">7477.53333333333</dst>
            <dst id="STTLng">31558.7093333333</dst>
            <dst id="WASHng">0</dst>
        </src>
        <src id="STTLng">
            <dst id="ATLA-M5">81.6693333333333</dst>
            <dst id="ATLAng">4959.06133333333</dst>
            <dst id="CHINng">20083.2426666667</dst>
            <dst id="DNVRng">815.170666666667</dst>
            <dst id="HSTNng">193.256</dst>
            <dst id="IPLSng">4295.04266666667</dst>
            <dst id="KSCYng">2220.67466666667</dst>
            <dst id="LOSAng">10013.1253333333</dst>
            <dst id="NYCMng">9099.77866666667</dst>
            <dst id="SNVAng">11725.9973333333</dst>
            <dst id="STTLng">1421.86666666667</dst>
            <dst id="WASHng">3419.72</dst>
        </src>
        <src id="WASHng">
            <dst id="ATLA-M5">210.549333333333</dst>
            <dst id="ATLAng">88652.9626666667</dst>
            <dst id="CHINng">50093.4026666667</dst>
            <dst id="DNVRng">28330.672</dst>
            <dst id="HSTNng">30161.2</dst>
            <dst id="IPLSng">67605.0026666667</dst>
            <dst id="KSCYng">28905.1413333333</dst>
            <dst id="LOSAng">96563.528</dst>
            <dst id="NYCMng">154377.261333333</dst>
            <dst id="SNVAng">1375.71466666667</dst>
            <dst id="STTLng">22497.368</dst>
            <dst id="WASHng">229086.058666667</dst>
        </src>
    </IntraTM>
</TrafficMatrixFile>
