<?xml version="1.0" encoding="ISO-8859-1" standalone="yes"?>
<TrafficMatrixFile xsi:noNamespaceSchemaLocation="http://totem.run.montefiore.ulg.ac.be/Schema/TrafficMatrix-v1_2.xsd" xmlns:xsi="http://www.w3.org/2001/XMLSchema-instance">
    <IntraTM ASID="11537">
        <src id="ATLA-M5">
            <dst id="ATLA-M5">26.6666666666667</dst>
            <dst id="ATLAng">133.333333333333</dst>
            <dst id="CHINng">259.474666666667</dst>
            <dst id="DNVRng">0</dst>
            <dst id="HSTNng">90.8746666666667</dst>
            <dst id="IPLSng">0</dst>
            <dst id="KSCYng">0</dst>
            <dst id="LOSAng">35.7946666666667</dst>
            <dst id="NYCMng">181.109333333333</dst>
            <dst id="SNVAng">0</dst>
            <dst id="STTLng">68.1066666666667</dst>
            <dst id="WASHng">58.56</dst>
        </src>
        <src id="ATLAng">
            <dst id="ATLA-M5">185.461333333333</dst>
            <dst id="ATLAng">22313.352</dst>
            <dst id="CHINng">4728.26666666667</dst>
            <dst id="DNVRng">3074.664</dst>
            <dst id="HSTNng">31932.568</dst>
            <dst id="IPLSng">20374.5866666667</dst>
            <dst id="KSCYng">417.501333333333</dst>
            <dst id="LOSAng">10598.2373333333</dst>
            <dst id="NYCMng">3222.40266666667</dst>
            <dst id="SNVAng">0</dst>
            <dst id="STTLng">4095.552</dst>
            <dst id="WASHng">24214.8346666667</dst>
        </src>
        <src id="CHINng">
            <dst id="ATLA-M5">0</dst>
            <dst id="ATLAng">8033.68266666666</dst>
            <dst id="CHINng">80858.3706666667</dst>
            <dst id="DNVRng">6448.07733333333</dst>
            <dst id="HSTNng">10263.6346666667</dst>
            <dst id="IPLSng">88746.1093333333</dst>
            <dst id="KSCYng">5216.192</dst>
            <dst id="LOSAng">36991.904</dst>
            <dst id="NYCMng">31614.4506666667</dst>
            <dst id="SNVAng">3392.12266666667</dst>
            <dst id="STTLng">5663.37066666667</dst>
            <dst id="WASHng">28226.1253333333</dst>
        </src>
        <src id="DNVRng">
            <dst id="ATLA-M5">119.213333333333</dst>
            <dst id="ATLAng">4099.496</dst>
            <dst id="CHINng">34210.7973333333</dst>
            <dst id="DNVRng">10504.9333333333</dst>
            <dst id="HSTNng">25652.5386666667</dst>
            <dst id="IPLSng">22698.8346666667</dst>
            <dst id="KSCYng">17211.3173333333</dst>
            <dst id="LOSAng">48667.096</dst>
            <dst id="NYCMng">12811.4106666667</dst>
            <dst id="SNVAng">6883.19733333333</dst>
            <dst id="STTLng">7430.66666666667</dst>
            <dst id="WASHng">38933.2053333333</dst>
        </src>
        <src id="HSTNng">
            <dst id="ATLA-M5">3600.088</dst>
            <dst id="ATLAng">1602.576</dst>
            <dst id="CHINng">12174.4826666667</dst>
            <dst id="DNVRng">1036.344</dst>
            <dst id="HSTNng">15798.408</dst>
            <dst id="IPLSng">3924.08266666667</dst>
            <dst id="KSCYng">758.808</dst>
            <dst id="LOSAng">975.109333333333</dst>
            <dst id="NYCMng">1217.648</dst>
            <dst id="SNVAng">53.3333333333333</dst>
            <dst id="STTLng">1633.56266666667</dst>
            <dst id="WASHng">2604.584</dst>
        </src>
        <src id="IPLSng">
            <dst id="ATLA-M5">210.453333333333</dst>
            <dst id="ATLAng">7029.504</dst>
            <dst id="CHINng">45725.3493333333</dst>
            <dst id="DNVRng">14220.6666666667</dst>
            <dst id="HSTNng">1283.53333333333</dst>
            <dst id="IPLSng">8222.72533333333</dst>
            <dst id="KSCYng">2809.29066666667</dst>
            <dst id="LOSAng">20637.3706666667</dst>
            <dst id="NYCMng">6874.57066666667</dst>
            <dst id="SNVAng">269.632</dst>
            <dst id="STTLng">9735.64</dst>
            <dst id="WASHng">13051.6613333333</dst>
        </src>
        <src id="KSCYng">
            <dst id="ATLA-M5">26.6666666666667</dst>
            <dst id="ATLAng">4057.77866666667</dst>
            <dst id="CHINng">20742.3626666667</dst>
            <dst id="DNVRng">4675.69333333333</dst>
            <dst id="HSTNng">2926.432</dst>
            <dst id="IPLSng">12006.7333333333</dst>
            <dst id="KSCYng">8862.16</dst>
            <dst id="LOSAng">3114.94933333333</dst>
            <dst id="NYCMng">1336.88</dst>
            <dst id="SNVAng">2131.05066666667</dst>
            <dst id="STTLng">2258.32266666667</dst>
            <dst id="WASHng">11121.3893333333</dst>
        </src>
        <src id="LOSAng">
            <dst id="ATLA-M5">0</dst>
            <dst id="ATLAng">8518.984</dst>
            <dst id="CHINng">67582.672</dst>
            <dst id="DNVRng">5378.69866666667</dst>
            <dst id="HSTNng">12638.912</dst>
            <dst id="IPLSng">18256.4666666667</dst>
            <dst id="KSCYng">2448.15466666667</dst>
            <dst id="LOSAng">8073.36533333334</dst>
            <dst id="NYCMng">17678.3466666667</dst>
            <dst id="SNVAng">20584.6986666667</dst>
            <dst id="STTLng">16618.6213333333</dst>
            <dst id="WASHng">75383.0133333333</dst>
        </src>
        <src id="NYCMng">
            <dst id="ATLA-M5">903.858666666667</dst>
            <dst id="ATLAng">12551.2773333333</dst>
            <dst id="CHINng">35175.0853333333</dst>
            <dst id="DNVRng">23500.5546666667</dst>
            <dst id="HSTNng">7603.06133333333</dst>
            <dst id="IPLSng">19813.9813333333</dst>
            <dst id="KSCYng">4039.81066666667</dst>
            <dst id="LOSAng">49756.176</dst>
            <dst id="NYCMng">160218.629333333</dst>
            <dst id="SNVAng">482.925333333333</dst>
            <dst id="STTLng">21525.512</dst>
            <dst id="WASHng">45455.008</dst>
        </src>
        <src id="SNVAng">
            <dst id="ATLA-M5">0</dst>
            <dst id="ATLAng">53.3333333333333</dst>
            <dst id="CHINng">53.3333333333333</dst>
            <dst id="DNVRng">7075.576</dst>
            <dst id="HSTNng">26.6666666666667</dst>
            <dst id="IPLSng">287.277333333333</dst>
            <dst id="KSCYng">27.264</dst>
            <dst id="LOSAng">29674.832</dst>
            <dst id="NYCMng">26.6666666666667</dst>
            <dst id="SNVAng">7689.07733333333</dst>
            <dst id="STTLng">38113.3333333333</dst>
            <dst id="WASHng">26.6666666666667</dst>
        </src>
        <src id="STTLng">
            <dst id="ATLA-M5">101.461333333333</dst>
            <dst id="ATLAng">6798.472</dst>
            <dst id="CHINng">16476.0906666667</dst>
            <dst id="DNVRng">1846.92533333333</dst>
            <dst id="HSTNng">1018.85066666667</dst>
            <dst id="IPLSng">6276.904</dst>
            <dst id="KSCYng">4494.75733333333</dst>
            <dst id="LOSAng">12254.832</dst>
            <dst id="NYCMng">14627.8533333333</dst>
            <dst id="SNVAng">8608.08266666667</dst>
            <dst id="STTLng">1177.81066666667</dst>
            <dst id="WASHng">7185.09333333333</dst>
        </src>
        <src id="WASHng">
            <dst id="ATLA-M5">82.6426666666667</dst>
            <dst id="ATLAng">49864.6266666667</dst>
            <dst id="CHINng">55899.744</dst>
            <dst id="DNVRng">60828.368</dst>
            <dst id="HSTNng">27812.3946666667</dst>
            <dst id="IPLSng">54633.928</dst>
            <dst id="KSCYng">28611.2266666667</dst>
            <dst id="LOSAng">103698.626666667</dst>
            <dst id="NYCMng">130270.165333333</dst>
            <dst id="SNVAng">712.245333333334</dst>
            <dst id="STTLng">26054.0053333333</dst>
            <dst id="WASHng">204007.048</dst>
        </src>
    </IntraTM>
</TrafficMatrixFile>
