<?xml version="1.0" encoding="ISO-8859-1" standalone="yes"?>
<TrafficMatrixFile xsi:noNamespaceSchemaLocation="http://totem.run.montefiore.ulg.ac.be/Schema/TrafficMatrix-v1_2.xsd" xmlns:xsi="http://www.w3.org/2001/XMLSchema-instance">
    <IntraTM ASID="11537">
        <src id="ATLA-M5">
            <dst id="ATLA-M5">0</dst>
            <dst id="ATLAng">53.3333333333333</dst>
            <dst id="CHINng">176.864</dst>
            <dst id="DNVRng">0</dst>
            <dst id="HSTNng">68.7013333333333</dst>
            <dst id="IPLSng">0</dst>
            <dst id="KSCYng">0</dst>
            <dst id="LOSAng">59.3386666666667</dst>
            <dst id="NYCMng">135.973333333333</dst>
            <dst id="SNVAng">0</dst>
            <dst id="STTLng">108.122666666667</dst>
            <dst id="WASHng">26.6666666666667</dst>
        </src>
        <src id="ATLAng">
            <dst id="ATLA-M5">0</dst>
            <dst id="ATLAng">46382.1786666667</dst>
            <dst id="CHINng">4407.72533333333</dst>
            <dst id="DNVRng">3125.592</dst>
            <dst id="HSTNng">405.213333333333</dst>
            <dst id="IPLSng">10463.1306666667</dst>
            <dst id="KSCYng">381.618666666667</dst>
            <dst id="LOSAng">14132.032</dst>
            <dst id="NYCMng">3026.08</dst>
            <dst id="SNVAng">0</dst>
            <dst id="STTLng">6057.28</dst>
            <dst id="WASHng">41275.4346666667</dst>
        </src>
        <src id="CHINng">
            <dst id="ATLA-M5">53.3333333333333</dst>
            <dst id="ATLAng">4893.368</dst>
            <dst id="CHINng">45708.4026666667</dst>
            <dst id="DNVRng">6512.29066666667</dst>
            <dst id="HSTNng">14743.5546666667</dst>
            <dst id="IPLSng">27656.3946666667</dst>
            <dst id="KSCYng">3937.08266666667</dst>
            <dst id="LOSAng">24553.8293333333</dst>
            <dst id="NYCMng">23197.0613333333</dst>
            <dst id="SNVAng">546.629333333333</dst>
            <dst id="STTLng">8914.94666666667</dst>
            <dst id="WASHng">18543.9706666667</dst>
        </src>
        <src id="DNVRng">
            <dst id="ATLA-M5">171.84</dst>
            <dst id="ATLAng">5893.776</dst>
            <dst id="CHINng">35006.1813333333</dst>
            <dst id="DNVRng">2506.448</dst>
            <dst id="HSTNng">18392.9253333333</dst>
            <dst id="IPLSng">29825.776</dst>
            <dst id="KSCYng">10111.304</dst>
            <dst id="LOSAng">4710.16266666667</dst>
            <dst id="NYCMng">12685.3973333333</dst>
            <dst id="SNVAng">4092.46933333333</dst>
            <dst id="STTLng">3211.216</dst>
            <dst id="WASHng">32328.8986666667</dst>
        </src>
        <src id="HSTNng">
            <dst id="ATLA-M5">878.709333333333</dst>
            <dst id="ATLAng">1300.896</dst>
            <dst id="CHINng">7277.59466666667</dst>
            <dst id="DNVRng">1828.856</dst>
            <dst id="HSTNng">15434.856</dst>
            <dst id="IPLSng">3308.29333333333</dst>
            <dst id="KSCYng">1546.096</dst>
            <dst id="LOSAng">1836.248</dst>
            <dst id="NYCMng">1178.608</dst>
            <dst id="SNVAng">0</dst>
            <dst id="STTLng">829.896</dst>
            <dst id="WASHng">4997.976</dst>
        </src>
        <src id="IPLSng">
            <dst id="ATLA-M5">53.3333333333333</dst>
            <dst id="ATLAng">14063.552</dst>
            <dst id="CHINng">33409.8266666667</dst>
            <dst id="DNVRng">13750.5706666667</dst>
            <dst id="HSTNng">1001.69066666667</dst>
            <dst id="IPLSng">12594.8506666667</dst>
            <dst id="KSCYng">2077.47466666667</dst>
            <dst id="LOSAng">17714.8533333333</dst>
            <dst id="NYCMng">5629.30133333333</dst>
            <dst id="SNVAng">207.141333333333</dst>
            <dst id="STTLng">6973.528</dst>
            <dst id="WASHng">3121.11466666667</dst>
        </src>
        <src id="KSCYng">
            <dst id="ATLA-M5">26.6666666666667</dst>
            <dst id="ATLAng">2378.648</dst>
            <dst id="CHINng">7370.70133333333</dst>
            <dst id="DNVRng">3520.64533333333</dst>
            <dst id="HSTNng">2568.79466666667</dst>
            <dst id="IPLSng">8366.216</dst>
            <dst id="KSCYng">10289.7093333333</dst>
            <dst id="LOSAng">3296.19466666667</dst>
            <dst id="NYCMng">1560.86933333333</dst>
            <dst id="SNVAng">1751.02933333333</dst>
            <dst id="STTLng">1223.51466666667</dst>
            <dst id="WASHng">7986.43733333333</dst>
        </src>
        <src id="LOSAng">
            <dst id="ATLA-M5">0</dst>
            <dst id="ATLAng">7568.416</dst>
            <dst id="CHINng">48020.7466666667</dst>
            <dst id="DNVRng">12887.6746666667</dst>
            <dst id="HSTNng">2058.82133333333</dst>
            <dst id="IPLSng">7678.584</dst>
            <dst id="KSCYng">2570.12</dst>
            <dst id="LOSAng">10377.1573333333</dst>
            <dst id="NYCMng">18812.712</dst>
            <dst id="SNVAng">22673.9226666667</dst>
            <dst id="STTLng">26544.2053333333</dst>
            <dst id="WASHng">83432.1253333333</dst>
        </src>
        <src id="NYCMng">
            <dst id="ATLA-M5">36.6</dst>
            <dst id="ATLAng">14930.3546666667</dst>
            <dst id="CHINng">26981.7253333333</dst>
            <dst id="DNVRng">19193.8506666667</dst>
            <dst id="HSTNng">7381.62933333333</dst>
            <dst id="IPLSng">24583.4586666667</dst>
            <dst id="KSCYng">4723.13866666667</dst>
            <dst id="LOSAng">51230.752</dst>
            <dst id="NYCMng">60816.5733333333</dst>
            <dst id="SNVAng">2305.648</dst>
            <dst id="STTLng">16322.7653333333</dst>
            <dst id="WASHng">35710.7306666667</dst>
        </src>
        <src id="SNVAng">
            <dst id="ATLA-M5">0</dst>
            <dst id="ATLAng">26.6666666666667</dst>
            <dst id="CHINng">55.2533333333333</dst>
            <dst id="DNVRng">620.512</dst>
            <dst id="HSTNng">26.6666666666667</dst>
            <dst id="IPLSng">231.925333333333</dst>
            <dst id="KSCYng">26.6666666666667</dst>
            <dst id="LOSAng">30332.2346666667</dst>
            <dst id="NYCMng">61.024</dst>
            <dst id="SNVAng">7424.68533333333</dst>
            <dst id="STTLng">34388.6213333333</dst>
            <dst id="WASHng">0</dst>
        </src>
        <src id="STTLng">
            <dst id="ATLA-M5">107.290666666667</dst>
            <dst id="ATLAng">6136.65066666667</dst>
            <dst id="CHINng">12929.2853333333</dst>
            <dst id="DNVRng">1342.81333333333</dst>
            <dst id="HSTNng">440.613333333333</dst>
            <dst id="IPLSng">3567.62666666667</dst>
            <dst id="KSCYng">669.786666666667</dst>
            <dst id="LOSAng">9699.38933333333</dst>
            <dst id="NYCMng">9605.01866666667</dst>
            <dst id="SNVAng">13038.512</dst>
            <dst id="STTLng">1463.416</dst>
            <dst id="WASHng">6073.49866666667</dst>
        </src>
        <src id="WASHng">
            <dst id="ATLA-M5">256.309333333333</dst>
            <dst id="ATLAng">72148.7733333333</dst>
            <dst id="CHINng">40332.3573333333</dst>
            <dst id="DNVRng">23427.968</dst>
            <dst id="HSTNng">6300.10933333334</dst>
            <dst id="IPLSng">60429.0906666667</dst>
            <dst id="KSCYng">26435.52</dst>
            <dst id="LOSAng">90291.736</dst>
            <dst id="NYCMng">138257.402666667</dst>
            <dst id="SNVAng">317.506666666667</dst>
            <dst id="STTLng">26051.2666666667</dst>
            <dst id="WASHng">180984.12</dst>
        </src>
    </IntraTM>
</TrafficMatrixFile>
