<?xml version="1.0" encoding="ISO-8859-1" standalone="yes"?>
<TrafficMatrixFile xsi:noNamespaceSchemaLocation="http://totem.run.montefiore.ulg.ac.be/Schema/TrafficMatrix-v1_2.xsd" xmlns:xsi="http://www.w3.org/2001/XMLSchema-instance">
    <IntraTM ASID="11537">
        <src id="ATLA-M5">
            <dst id="ATLA-M5">4314.10666666667</dst>
            <dst id="ATLAng">26.6666666666667</dst>
            <dst id="CHINng">67.1706666666667</dst>
            <dst id="DNVRng">0</dst>
            <dst id="HSTNng">54.7573333333333</dst>
            <dst id="IPLSng">28.2773333333333</dst>
            <dst id="KSCYng">0</dst>
            <dst id="LOSAng">0</dst>
            <dst id="NYCMng">40</dst>
            <dst id="SNVAng">0</dst>
            <dst id="STTLng">469.36</dst>
            <dst id="WASHng">529.013333333333</dst>
        </src>
        <src id="ATLAng">
            <dst id="ATLA-M5">26.6666666666667</dst>
            <dst id="ATLAng">52054.5946666667</dst>
            <dst id="CHINng">8222.408</dst>
            <dst id="DNVRng">2665.04533333333</dst>
            <dst id="HSTNng">272.290666666667</dst>
            <dst id="IPLSng">17310.5733333333</dst>
            <dst id="KSCYng">1250.06933333333</dst>
            <dst id="LOSAng">5365.06533333333</dst>
            <dst id="NYCMng">3857.304</dst>
            <dst id="SNVAng">4591.924</dst>
            <dst id="STTLng">2603.17333333333</dst>
            <dst id="WASHng">25619.6506666667</dst>
        </src>
        <src id="CHINng">
            <dst id="ATLA-M5">1127.848</dst>
            <dst id="ATLAng">8236.13866666667</dst>
            <dst id="CHINng">115706.501333333</dst>
            <dst id="DNVRng">6551.736</dst>
            <dst id="HSTNng">5728.60266666667</dst>
            <dst id="IPLSng">10683.8453333333</dst>
            <dst id="KSCYng">7092.93066666667</dst>
            <dst id="LOSAng">6735.70666666667</dst>
            <dst id="NYCMng">10352.7093333333</dst>
            <dst id="SNVAng">18536.1413333333</dst>
            <dst id="STTLng">8482.632</dst>
            <dst id="WASHng">15077.016</dst>
        </src>
        <src id="DNVRng">
            <dst id="ATLA-M5">516.154666666667</dst>
            <dst id="ATLAng">8896.616</dst>
            <dst id="CHINng">59861.056</dst>
            <dst id="DNVRng">14364.5386666667</dst>
            <dst id="HSTNng">33931.3253333333</dst>
            <dst id="IPLSng">40862.4986666667</dst>
            <dst id="KSCYng">27172.36</dst>
            <dst id="LOSAng">396.669333333333</dst>
            <dst id="NYCMng">17966.392</dst>
            <dst id="SNVAng">25853.6453333333</dst>
            <dst id="STTLng">11449.664</dst>
            <dst id="WASHng">43247.9573333333</dst>
        </src>
        <src id="HSTNng">
            <dst id="ATLA-M5">900.624</dst>
            <dst id="ATLAng">649.197333333333</dst>
            <dst id="CHINng">20443.272</dst>
            <dst id="DNVRng">2173.20533333333</dst>
            <dst id="HSTNng">16169.5253333333</dst>
            <dst id="IPLSng">3872.65333333333</dst>
            <dst id="KSCYng">616.362666666667</dst>
            <dst id="LOSAng">1031.84</dst>
            <dst id="NYCMng">4641.97333333333</dst>
            <dst id="SNVAng">26.6666666666667</dst>
            <dst id="STTLng">1565.76533333333</dst>
            <dst id="WASHng">1735.16266666667</dst>
        </src>
        <src id="IPLSng">
            <dst id="ATLA-M5">2048.72266666667</dst>
            <dst id="ATLAng">16601.6453333333</dst>
            <dst id="CHINng">64798.5386666667</dst>
            <dst id="DNVRng">8660.91733333333</dst>
            <dst id="HSTNng">3394.40266666667</dst>
            <dst id="IPLSng">10448.4666666667</dst>
            <dst id="KSCYng">5260.75466666667</dst>
            <dst id="LOSAng">3631.76266666667</dst>
            <dst id="NYCMng">10775.2906666667</dst>
            <dst id="SNVAng">12509.68</dst>
            <dst id="STTLng">12026.4906666667</dst>
            <dst id="WASHng">8454.58933333333</dst>
        </src>
        <src id="KSCYng">
            <dst id="ATLA-M5">0</dst>
            <dst id="ATLAng">2402.45866666667</dst>
            <dst id="CHINng">12688.68</dst>
            <dst id="DNVRng">4703.79733333333</dst>
            <dst id="HSTNng">3101.74133333333</dst>
            <dst id="IPLSng">12437.6426666667</dst>
            <dst id="KSCYng">14390.0133333333</dst>
            <dst id="LOSAng">2684.58666666667</dst>
            <dst id="NYCMng">1654.69866666667</dst>
            <dst id="SNVAng">4938.78666666667</dst>
            <dst id="STTLng">778.029333333333</dst>
            <dst id="WASHng">5956.33866666667</dst>
        </src>
        <src id="LOSAng">
            <dst id="ATLA-M5">0</dst>
            <dst id="ATLAng">3345.92533333333</dst>
            <dst id="CHINng">95954.3333333333</dst>
            <dst id="DNVRng">13311</dst>
            <dst id="HSTNng">2279.864</dst>
            <dst id="IPLSng">11066.424</dst>
            <dst id="KSCYng">856.882666666667</dst>
            <dst id="LOSAng">29178.112</dst>
            <dst id="NYCMng">25040.5253333333</dst>
            <dst id="SNVAng">18607.3946666667</dst>
            <dst id="STTLng">14765.2</dst>
            <dst id="WASHng">71376.816</dst>
        </src>
        <src id="NYCMng">
            <dst id="ATLA-M5">26.6666666666667</dst>
            <dst id="ATLAng">7077.34933333333</dst>
            <dst id="CHINng">35557.7493333333</dst>
            <dst id="DNVRng">23640.0266666667</dst>
            <dst id="HSTNng">2497.49866666667</dst>
            <dst id="IPLSng">4951.088</dst>
            <dst id="KSCYng">3575.22666666667</dst>
            <dst id="LOSAng">7061.72266666667</dst>
            <dst id="NYCMng">91493.9733333333</dst>
            <dst id="SNVAng">42251.0986666667</dst>
            <dst id="STTLng">24740.5893333333</dst>
            <dst id="WASHng">27778.1626666667</dst>
        </src>
        <src id="SNVAng">
            <dst id="ATLA-M5">0</dst>
            <dst id="ATLAng">0</dst>
            <dst id="CHINng">26.6666666666667</dst>
            <dst id="DNVRng">1928.49066666667</dst>
            <dst id="HSTNng">0</dst>
            <dst id="IPLSng">224.552</dst>
            <dst id="KSCYng">0</dst>
            <dst id="LOSAng">1418.94933333333</dst>
            <dst id="NYCMng">266.333333333333</dst>
            <dst id="SNVAng">31326.0853333333</dst>
            <dst id="STTLng">26170.2746666667</dst>
            <dst id="WASHng">28</dst>
        </src>
        <src id="STTLng">
            <dst id="ATLA-M5">84.9333333333333</dst>
            <dst id="ATLAng">3966.37066666667</dst>
            <dst id="CHINng">21690.4426666667</dst>
            <dst id="DNVRng">3742.96</dst>
            <dst id="HSTNng">2049.83733333333</dst>
            <dst id="IPLSng">8860.592</dst>
            <dst id="KSCYng">1272.60266666667</dst>
            <dst id="LOSAng">4723.40533333333</dst>
            <dst id="NYCMng">7364.46933333333</dst>
            <dst id="SNVAng">17519.016</dst>
            <dst id="STTLng">2229.848</dst>
            <dst id="WASHng">9215.488</dst>
        </src>
        <src id="WASHng">
            <dst id="ATLA-M5">26.6666666666667</dst>
            <dst id="ATLAng">63474.152</dst>
            <dst id="CHINng">84856.952</dst>
            <dst id="DNVRng">32894.96</dst>
            <dst id="HSTNng">13194.0213333333</dst>
            <dst id="IPLSng">27877.9093333333</dst>
            <dst id="KSCYng">33320.1786666667</dst>
            <dst id="LOSAng">74191.288</dst>
            <dst id="NYCMng">105944.592</dst>
            <dst id="SNVAng">27997.6133333333</dst>
            <dst id="STTLng">17240.1653333333</dst>
            <dst id="WASHng">273677.68</dst>
        </src>
    </IntraTM>
</TrafficMatrixFile>
