<?xml version="1.0" encoding="ISO-8859-1" standalone="yes"?>
<TrafficMatrixFile xsi:noNamespaceSchemaLocation="http://totem.run.montefiore.ulg.ac.be/Schema/TrafficMatrix-v1_2.xsd" xmlns:xsi="http://www.w3.org/2001/XMLSchema-instance">
    <IntraTM ASID="11537">
        <src id="ATLA-M5">
            <dst id="ATLA-M5">0</dst>
            <dst id="ATLAng">0</dst>
            <dst id="CHINng">26.6666666666667</dst>
            <dst id="DNVRng">1142.96533333333</dst>
            <dst id="HSTNng">26.6666666666667</dst>
            <dst id="IPLSng">0</dst>
            <dst id="KSCYng">0</dst>
            <dst id="LOSAng">0</dst>
            <dst id="NYCMng">26.6666666666667</dst>
            <dst id="SNVAng">26.6666666666667</dst>
            <dst id="STTLng">58.576</dst>
            <dst id="WASHng">242.818666666667</dst>
        </src>
        <src id="ATLAng">
            <dst id="ATLA-M5">26.6666666666667</dst>
            <dst id="ATLAng">23305.8293333333</dst>
            <dst id="CHINng">4884.832</dst>
            <dst id="DNVRng">2590.81866666667</dst>
            <dst id="HSTNng">522.322666666667</dst>
            <dst id="IPLSng">11930.9893333333</dst>
            <dst id="KSCYng">382.141333333333</dst>
            <dst id="LOSAng">16431.0026666667</dst>
            <dst id="NYCMng">2184.23466666667</dst>
            <dst id="SNVAng">13.3333333333333</dst>
            <dst id="STTLng">3294.864</dst>
            <dst id="WASHng">23363.608</dst>
        </src>
        <src id="CHINng">
            <dst id="ATLA-M5">174.336</dst>
            <dst id="ATLAng">7785.87733333333</dst>
            <dst id="CHINng">35517.416</dst>
            <dst id="DNVRng">6672.672</dst>
            <dst id="HSTNng">24151</dst>
            <dst id="IPLSng">14563.4586666667</dst>
            <dst id="KSCYng">5129.17866666667</dst>
            <dst id="LOSAng">26238.3573333333</dst>
            <dst id="NYCMng">19730.504</dst>
            <dst id="SNVAng">333.170666666667</dst>
            <dst id="STTLng">9059.44</dst>
            <dst id="WASHng">14015.4586666667</dst>
        </src>
        <src id="DNVRng">
            <dst id="ATLA-M5">97.92</dst>
            <dst id="ATLAng">2560.57866666667</dst>
            <dst id="CHINng">34936.88</dst>
            <dst id="DNVRng">8377.672</dst>
            <dst id="HSTNng">20812.392</dst>
            <dst id="IPLSng">30345.144</dst>
            <dst id="KSCYng">16413.4266666667</dst>
            <dst id="LOSAng">3643.81066666667</dst>
            <dst id="NYCMng">15355.0346666667</dst>
            <dst id="SNVAng">9452.94133333333</dst>
            <dst id="STTLng">3636.52</dst>
            <dst id="WASHng">56896.9866666667</dst>
        </src>
        <src id="HSTNng">
            <dst id="ATLA-M5">0</dst>
            <dst id="ATLAng">3236.29866666667</dst>
            <dst id="CHINng">3535.10933333333</dst>
            <dst id="DNVRng">675.322666666667</dst>
            <dst id="HSTNng">14338.5706666667</dst>
            <dst id="IPLSng">2983.46666666667</dst>
            <dst id="KSCYng">990.56</dst>
            <dst id="LOSAng">3668.696</dst>
            <dst id="NYCMng">1648.17333333333</dst>
            <dst id="SNVAng">26.6666666666667</dst>
            <dst id="STTLng">866.586666666667</dst>
            <dst id="WASHng">2533.46133333333</dst>
        </src>
        <src id="IPLSng">
            <dst id="ATLA-M5">73.896</dst>
            <dst id="ATLAng">4289.36</dst>
            <dst id="CHINng">22631.88</dst>
            <dst id="DNVRng">7502.81333333333</dst>
            <dst id="HSTNng">206.546666666667</dst>
            <dst id="IPLSng">1820.15733333333</dst>
            <dst id="KSCYng">1802.66933333333</dst>
            <dst id="LOSAng">25305.0746666667</dst>
            <dst id="NYCMng">25115.632</dst>
            <dst id="SNVAng">446.941333333333</dst>
            <dst id="STTLng">4454.65066666667</dst>
            <dst id="WASHng">4821.58933333333</dst>
        </src>
        <src id="KSCYng">
            <dst id="ATLA-M5">0</dst>
            <dst id="ATLAng">3535.352</dst>
            <dst id="CHINng">5994.09333333333</dst>
            <dst id="DNVRng">4917.62133333333</dst>
            <dst id="HSTNng">6338.46133333333</dst>
            <dst id="IPLSng">9099.74133333333</dst>
            <dst id="KSCYng">7655.288</dst>
            <dst id="LOSAng">3466.89333333333</dst>
            <dst id="NYCMng">1394.09066666667</dst>
            <dst id="SNVAng">9474.77866666667</dst>
            <dst id="STTLng">997.744</dst>
            <dst id="WASHng">17403.7306666667</dst>
        </src>
        <src id="LOSAng">
            <dst id="ATLA-M5">26.6666666666667</dst>
            <dst id="ATLAng">9654.44</dst>
            <dst id="CHINng">31106.9573333333</dst>
            <dst id="DNVRng">12743.2666666667</dst>
            <dst id="HSTNng">5431.07466666667</dst>
            <dst id="IPLSng">9260.98933333333</dst>
            <dst id="KSCYng">7603.01066666667</dst>
            <dst id="LOSAng">18462.2613333333</dst>
            <dst id="NYCMng">18754.248</dst>
            <dst id="SNVAng">23502.88</dst>
            <dst id="STTLng">39969.3866666667</dst>
            <dst id="WASHng">78542.7466666667</dst>
        </src>
        <src id="NYCMng">
            <dst id="ATLA-M5">241.104</dst>
            <dst id="ATLAng">5184.63733333333</dst>
            <dst id="CHINng">21657.3973333333</dst>
            <dst id="DNVRng">23595.2773333333</dst>
            <dst id="HSTNng">3430.14933333333</dst>
            <dst id="IPLSng">12333.0986666667</dst>
            <dst id="KSCYng">6634.46666666667</dst>
            <dst id="LOSAng">52646.4293333333</dst>
            <dst id="NYCMng">43402.3333333333</dst>
            <dst id="SNVAng">793.424</dst>
            <dst id="STTLng">11871.088</dst>
            <dst id="WASHng">29256.2613333333</dst>
        </src>
        <src id="SNVAng">
            <dst id="ATLA-M5">0</dst>
            <dst id="ATLAng">26.6666666666667</dst>
            <dst id="CHINng">0</dst>
            <dst id="DNVRng">13173.1013333333</dst>
            <dst id="HSTNng">26.6666666666667</dst>
            <dst id="IPLSng">208.677333333333</dst>
            <dst id="KSCYng">0</dst>
            <dst id="LOSAng">35392.544</dst>
            <dst id="NYCMng">80</dst>
            <dst id="SNVAng">8892.98933333333</dst>
            <dst id="STTLng">39031.6426666667</dst>
            <dst id="WASHng">26.6666666666667</dst>
        </src>
        <src id="STTLng">
            <dst id="ATLA-M5">79.6213333333333</dst>
            <dst id="ATLAng">6096.57333333333</dst>
            <dst id="CHINng">7757.064</dst>
            <dst id="DNVRng">1904.056</dst>
            <dst id="HSTNng">810.445333333333</dst>
            <dst id="IPLSng">5027.28533333333</dst>
            <dst id="KSCYng">1747.77333333333</dst>
            <dst id="LOSAng">14837.9946666667</dst>
            <dst id="NYCMng">9447.93333333333</dst>
            <dst id="SNVAng">14945.4506666667</dst>
            <dst id="STTLng">907.984</dst>
            <dst id="WASHng">8159.34133333333</dst>
        </src>
        <src id="WASHng">
            <dst id="ATLA-M5">273.333333333333</dst>
            <dst id="ATLAng">54633</dst>
            <dst id="CHINng">55562.8186666667</dst>
            <dst id="DNVRng">39429.4933333333</dst>
            <dst id="HSTNng">21427.5386666667</dst>
            <dst id="IPLSng">53120.0533333333</dst>
            <dst id="KSCYng">49727.216</dst>
            <dst id="LOSAng">105960.986666667</dst>
            <dst id="NYCMng">159491.405333333</dst>
            <dst id="SNVAng">1013.224</dst>
            <dst id="STTLng">52018.7413333333</dst>
            <dst id="WASHng">210220.541333333</dst>
        </src>
    </IntraTM>
</TrafficMatrixFile>
