<?xml version="1.0" encoding="ISO-8859-1" standalone="yes"?>
<TrafficMatrixFile xsi:noNamespaceSchemaLocation="http://totem.run.montefiore.ulg.ac.be/Schema/TrafficMatrix-v1_2.xsd" xmlns:xsi="http://www.w3.org/2001/XMLSchema-instance">
    <IntraTM ASID="11537">
        <src id="ATLA-M5">
            <dst id="ATLA-M5">45.4506666666667</dst>
            <dst id="ATLAng">0</dst>
            <dst id="CHINng">131.696</dst>
            <dst id="DNVRng">0</dst>
            <dst id="HSTNng">97.184</dst>
            <dst id="IPLSng">0</dst>
            <dst id="KSCYng">0</dst>
            <dst id="LOSAng">71.3333333333333</dst>
            <dst id="NYCMng">0</dst>
            <dst id="SNVAng">18</dst>
            <dst id="STTLng">424.042666666667</dst>
            <dst id="WASHng">559.976</dst>
        </src>
        <src id="ATLAng">
            <dst id="ATLA-M5">26.6666666666667</dst>
            <dst id="ATLAng">28968.9333333333</dst>
            <dst id="CHINng">9031.984</dst>
            <dst id="DNVRng">2793.93066666667</dst>
            <dst id="HSTNng">418.050666666667</dst>
            <dst id="IPLSng">12439.7893333333</dst>
            <dst id="KSCYng">183.741333333333</dst>
            <dst id="LOSAng">5311.596</dst>
            <dst id="NYCMng">1980.82933333333</dst>
            <dst id="SNVAng">4917.63866666667</dst>
            <dst id="STTLng">2002.784</dst>
            <dst id="WASHng">27017.672</dst>
        </src>
        <src id="CHINng">
            <dst id="ATLA-M5">662.757333333333</dst>
            <dst id="ATLAng">8402.77066666667</dst>
            <dst id="CHINng">96016.7466666667</dst>
            <dst id="DNVRng">1860.648</dst>
            <dst id="HSTNng">4964.79733333333</dst>
            <dst id="IPLSng">12922.5813333333</dst>
            <dst id="KSCYng">5329.22666666667</dst>
            <dst id="LOSAng">6511.8</dst>
            <dst id="NYCMng">9475.46666666667</dst>
            <dst id="SNVAng">30352.3066666667</dst>
            <dst id="STTLng">9722.81333333333</dst>
            <dst id="WASHng">15309.5493333333</dst>
        </src>
        <src id="DNVRng">
            <dst id="ATLA-M5">162.736</dst>
            <dst id="ATLAng">3779.66933333333</dst>
            <dst id="CHINng">66813.3813333333</dst>
            <dst id="DNVRng">15494.928</dst>
            <dst id="HSTNng">35052.2613333333</dst>
            <dst id="IPLSng">29818.5493333333</dst>
            <dst id="KSCYng">22140.2133333333</dst>
            <dst id="LOSAng">493.453333333333</dst>
            <dst id="NYCMng">19167.576</dst>
            <dst id="SNVAng">31828.1093333333</dst>
            <dst id="STTLng">16564.5626666667</dst>
            <dst id="WASHng">46325.9386666667</dst>
        </src>
        <src id="HSTNng">
            <dst id="ATLA-M5">4795.15733333333</dst>
            <dst id="ATLAng">6696.64266666667</dst>
            <dst id="CHINng">16753.472</dst>
            <dst id="DNVRng">1049.66133333333</dst>
            <dst id="HSTNng">16563.5493333333</dst>
            <dst id="IPLSng">1793.984</dst>
            <dst id="KSCYng">518.730666666667</dst>
            <dst id="LOSAng">10106.5306666667</dst>
            <dst id="NYCMng">1949.97066666667</dst>
            <dst id="SNVAng">0</dst>
            <dst id="STTLng">1857.19733333333</dst>
            <dst id="WASHng">846.64</dst>
        </src>
        <src id="IPLSng">
            <dst id="ATLA-M5">0</dst>
            <dst id="ATLAng">12924.048</dst>
            <dst id="CHINng">67491.1226666667</dst>
            <dst id="DNVRng">6835.48533333333</dst>
            <dst id="HSTNng">515.608</dst>
            <dst id="IPLSng">12946.648</dst>
            <dst id="KSCYng">5776.21333333333</dst>
            <dst id="LOSAng">4622.976</dst>
            <dst id="NYCMng">14883.096</dst>
            <dst id="SNVAng">22396.576</dst>
            <dst id="STTLng">9370.56533333333</dst>
            <dst id="WASHng">8151.44533333333</dst>
        </src>
        <src id="KSCYng">
            <dst id="ATLA-M5">0</dst>
            <dst id="ATLAng">2419.02666666667</dst>
            <dst id="CHINng">22051.992</dst>
            <dst id="DNVRng">4496.93066666667</dst>
            <dst id="HSTNng">2680.608</dst>
            <dst id="IPLSng">13157.1573333333</dst>
            <dst id="KSCYng">12769.512</dst>
            <dst id="LOSAng">2619.38933333333</dst>
            <dst id="NYCMng">1798.20533333333</dst>
            <dst id="SNVAng">4364.30133333333</dst>
            <dst id="STTLng">805.994666666667</dst>
            <dst id="WASHng">5636.504</dst>
        </src>
        <src id="LOSAng">
            <dst id="ATLA-M5">0</dst>
            <dst id="ATLAng">8963.208</dst>
            <dst id="CHINng">85178.7893333333</dst>
            <dst id="DNVRng">7166.648</dst>
            <dst id="HSTNng">2497.41066666667</dst>
            <dst id="IPLSng">6672.73333333333</dst>
            <dst id="KSCYng">657.610666666667</dst>
            <dst id="LOSAng">21484.6613333333</dst>
            <dst id="NYCMng">23066.184</dst>
            <dst id="SNVAng">26518.6613333333</dst>
            <dst id="STTLng">15413.4853333333</dst>
            <dst id="WASHng">72099.6853333333</dst>
        </src>
        <src id="NYCMng">
            <dst id="ATLA-M5">47.2133333333333</dst>
            <dst id="ATLAng">9606.87466666667</dst>
            <dst id="CHINng">29434.5013333333</dst>
            <dst id="DNVRng">24391.9733333333</dst>
            <dst id="HSTNng">1030.58133333333</dst>
            <dst id="IPLSng">6972.288</dst>
            <dst id="KSCYng">4079.89333333333</dst>
            <dst id="LOSAng">9853.95733333333</dst>
            <dst id="NYCMng">89381.2933333333</dst>
            <dst id="SNVAng">49426.0986666667</dst>
            <dst id="STTLng">25416.4906666667</dst>
            <dst id="WASHng">23494.9733333333</dst>
        </src>
        <src id="SNVAng">
            <dst id="ATLA-M5">0</dst>
            <dst id="ATLAng">55.6293333333333</dst>
            <dst id="CHINng">0</dst>
            <dst id="DNVRng">2761.92266666667</dst>
            <dst id="HSTNng">0</dst>
            <dst id="IPLSng">258.053333333333</dst>
            <dst id="KSCYng">0</dst>
            <dst id="LOSAng">5979.70666666667</dst>
            <dst id="NYCMng">0</dst>
            <dst id="SNVAng">31578.3093333333</dst>
            <dst id="STTLng">29980.4693333333</dst>
            <dst id="WASHng">64.5146666666667</dst>
        </src>
        <src id="STTLng">
            <dst id="ATLA-M5">0</dst>
            <dst id="ATLAng">4838.01066666667</dst>
            <dst id="CHINng">21901.7973333333</dst>
            <dst id="DNVRng">3726.896</dst>
            <dst id="HSTNng">1648.648</dst>
            <dst id="IPLSng">8758.34933333334</dst>
            <dst id="KSCYng">1921.128</dst>
            <dst id="LOSAng">1456.896</dst>
            <dst id="NYCMng">8390.30933333333</dst>
            <dst id="SNVAng">16976.496</dst>
            <dst id="STTLng">2098.99466666667</dst>
            <dst id="WASHng">8631.57066666667</dst>
        </src>
        <src id="WASHng">
            <dst id="ATLA-M5">26.6666666666667</dst>
            <dst id="ATLAng">89698.8426666667</dst>
            <dst id="CHINng">83263.2533333333</dst>
            <dst id="DNVRng">40150.1466666667</dst>
            <dst id="HSTNng">16670.2026666667</dst>
            <dst id="IPLSng">22228.464</dst>
            <dst id="KSCYng">30910.1333333333</dst>
            <dst id="LOSAng">75417.9786666666</dst>
            <dst id="NYCMng">121994.890666667</dst>
            <dst id="SNVAng">27373.3546666667</dst>
            <dst id="STTLng">21747.0533333333</dst>
            <dst id="WASHng">332238.8</dst>
        </src>
    </IntraTM>
</TrafficMatrixFile>
