<?xml version="1.0" encoding="ISO-8859-1" standalone="yes"?>
<TrafficMatrixFile xsi:noNamespaceSchemaLocation="http://totem.run.montefiore.ulg.ac.be/Schema/TrafficMatrix-v1_2.xsd" xmlns:xsi="http://www.w3.org/2001/XMLSchema-instance">
    <IntraTM ASID="11537">
        <src id="ATLA-M5">
            <dst id="ATLA-M5">0</dst>
            <dst id="ATLAng">0</dst>
            <dst id="CHINng">550.978666666667</dst>
            <dst id="DNVRng">1024.59733333333</dst>
            <dst id="HSTNng">69.0906666666667</dst>
            <dst id="IPLSng">0</dst>
            <dst id="KSCYng">0</dst>
            <dst id="LOSAng">0</dst>
            <dst id="NYCMng">86.48</dst>
            <dst id="SNVAng">26.6666666666667</dst>
            <dst id="STTLng">53.4506666666667</dst>
            <dst id="WASHng">991.298666666667</dst>
        </src>
        <src id="ATLAng">
            <dst id="ATLA-M5">93.824</dst>
            <dst id="ATLAng">33870.896</dst>
            <dst id="CHINng">14263.7786666667</dst>
            <dst id="DNVRng">3404.13866666667</dst>
            <dst id="HSTNng">1073.536</dst>
            <dst id="IPLSng">10993.272</dst>
            <dst id="KSCYng">1703.94666666667</dst>
            <dst id="LOSAng">10609.9773333333</dst>
            <dst id="NYCMng">2190.87733333333</dst>
            <dst id="SNVAng">88.172</dst>
            <dst id="STTLng">5246.704</dst>
            <dst id="WASHng">25187.272</dst>
        </src>
        <src id="CHINng">
            <dst id="ATLA-M5">100</dst>
            <dst id="ATLAng">11345.552</dst>
            <dst id="CHINng">66258.6853333333</dst>
            <dst id="DNVRng">4576.52266666667</dst>
            <dst id="HSTNng">10536.768</dst>
            <dst id="IPLSng">18592.6026666667</dst>
            <dst id="KSCYng">19143.1066666667</dst>
            <dst id="LOSAng">31791.1866666667</dst>
            <dst id="NYCMng">22553.1146666667</dst>
            <dst id="SNVAng">425.197333333333</dst>
            <dst id="STTLng">10157.056</dst>
            <dst id="WASHng">16407.888</dst>
        </src>
        <src id="DNVRng">
            <dst id="ATLA-M5">31.744</dst>
            <dst id="ATLAng">4855.024</dst>
            <dst id="CHINng">38677.9573333333</dst>
            <dst id="DNVRng">14910.2933333333</dst>
            <dst id="HSTNng">23741.2186666667</dst>
            <dst id="IPLSng">31899.3493333333</dst>
            <dst id="KSCYng">37006.8853333333</dst>
            <dst id="LOSAng">10731.232</dst>
            <dst id="NYCMng">13441.7466666667</dst>
            <dst id="SNVAng">8244.56533333333</dst>
            <dst id="STTLng">7243.464</dst>
            <dst id="WASHng">48851.1653333333</dst>
        </src>
        <src id="HSTNng">
            <dst id="ATLA-M5">2337.23733333333</dst>
            <dst id="ATLAng">6745.49866666667</dst>
            <dst id="CHINng">5853.568</dst>
            <dst id="DNVRng">3620.28266666667</dst>
            <dst id="HSTNng">14892.496</dst>
            <dst id="IPLSng">1340.12533333333</dst>
            <dst id="KSCYng">1471.91466666667</dst>
            <dst id="LOSAng">7356.77066666667</dst>
            <dst id="NYCMng">11978.9013333333</dst>
            <dst id="SNVAng">53.3333333333333</dst>
            <dst id="STTLng">994.544</dst>
            <dst id="WASHng">7302.77333333333</dst>
        </src>
        <src id="IPLSng">
            <dst id="ATLA-M5">53.3333333333333</dst>
            <dst id="ATLAng">15087.1386666667</dst>
            <dst id="CHINng">26244.024</dst>
            <dst id="DNVRng">16642.1813333333</dst>
            <dst id="HSTNng">755.824</dst>
            <dst id="IPLSng">24567.3546666667</dst>
            <dst id="KSCYng">5860.78933333333</dst>
            <dst id="LOSAng">16652.3493333333</dst>
            <dst id="NYCMng">5949.97066666667</dst>
            <dst id="SNVAng">524.146666666667</dst>
            <dst id="STTLng">8296.2</dst>
            <dst id="WASHng">6782.25333333333</dst>
        </src>
        <src id="KSCYng">
            <dst id="ATLA-M5">0</dst>
            <dst id="ATLAng">4226.75733333333</dst>
            <dst id="CHINng">7936.60266666667</dst>
            <dst id="DNVRng">5766.81866666667</dst>
            <dst id="HSTNng">5970.24266666667</dst>
            <dst id="IPLSng">15466.032</dst>
            <dst id="KSCYng">11327.76</dst>
            <dst id="LOSAng">6655.22933333333</dst>
            <dst id="NYCMng">2038.01866666667</dst>
            <dst id="SNVAng">2740.00533333333</dst>
            <dst id="STTLng">1155.784</dst>
            <dst id="WASHng">11558.9626666667</dst>
        </src>
        <src id="LOSAng">
            <dst id="ATLA-M5">125.581333333333</dst>
            <dst id="ATLAng">19773.712</dst>
            <dst id="CHINng">44085.3973333333</dst>
            <dst id="DNVRng">7512.49066666667</dst>
            <dst id="HSTNng">4734.736</dst>
            <dst id="IPLSng">13570.8746666667</dst>
            <dst id="KSCYng">4323.33333333333</dst>
            <dst id="LOSAng">13386.4213333333</dst>
            <dst id="NYCMng">24304.704</dst>
            <dst id="SNVAng">24407.2186666667</dst>
            <dst id="STTLng">32083.8533333333</dst>
            <dst id="WASHng">83118.9733333333</dst>
        </src>
        <src id="NYCMng">
            <dst id="ATLA-M5">2257.808</dst>
            <dst id="ATLAng">16400.5573333333</dst>
            <dst id="CHINng">15895.4453333333</dst>
            <dst id="DNVRng">25287.928</dst>
            <dst id="HSTNng">8234.016</dst>
            <dst id="IPLSng">8213.30933333333</dst>
            <dst id="KSCYng">4187.19733333333</dst>
            <dst id="LOSAng">53670.1333333333</dst>
            <dst id="NYCMng">58767.7813333333</dst>
            <dst id="SNVAng">927.965333333333</dst>
            <dst id="STTLng">26149.5093333333</dst>
            <dst id="WASHng">42325.4933333333</dst>
        </src>
        <src id="SNVAng">
            <dst id="ATLA-M5">0</dst>
            <dst id="ATLAng">617.042666666667</dst>
            <dst id="CHINng">53.336</dst>
            <dst id="DNVRng">10198.344</dst>
            <dst id="HSTNng">26.6666666666667</dst>
            <dst id="IPLSng">232.426666666667</dst>
            <dst id="KSCYng">0</dst>
            <dst id="LOSAng">37388.1386666667</dst>
            <dst id="NYCMng">376.832</dst>
            <dst id="SNVAng">8365.77866666667</dst>
            <dst id="STTLng">36788.6426666667</dst>
            <dst id="WASHng">26.6666666666667</dst>
        </src>
        <src id="STTLng">
            <dst id="ATLA-M5">88.6666666666667</dst>
            <dst id="ATLAng">9121.99466666667</dst>
            <dst id="CHINng">16529.944</dst>
            <dst id="DNVRng">1202.392</dst>
            <dst id="HSTNng">1562.00266666667</dst>
            <dst id="IPLSng">8009.08533333333</dst>
            <dst id="KSCYng">3017.92533333333</dst>
            <dst id="LOSAng">9819.46133333333</dst>
            <dst id="NYCMng">12283.3866666667</dst>
            <dst id="SNVAng">10603.2506666667</dst>
            <dst id="STTLng">4173.33866666667</dst>
            <dst id="WASHng">8834.37066666667</dst>
        </src>
        <src id="WASHng">
            <dst id="ATLA-M5">649.970666666667</dst>
            <dst id="ATLAng">116645.626666667</dst>
            <dst id="CHINng">63562.328</dst>
            <dst id="DNVRng">66119.7466666667</dst>
            <dst id="HSTNng">20689.6373333333</dst>
            <dst id="IPLSng">42319.6293333333</dst>
            <dst id="KSCYng">25423.4266666667</dst>
            <dst id="LOSAng">103353.386666667</dst>
            <dst id="NYCMng">166006.733333333</dst>
            <dst id="SNVAng">2384.136</dst>
            <dst id="STTLng">29470.7413333333</dst>
            <dst id="WASHng">238845.08</dst>
        </src>
    </IntraTM>
</TrafficMatrixFile>
