<?xml version="1.0" encoding="ISO-8859-1" standalone="yes"?>
<TrafficMatrixFile xsi:noNamespaceSchemaLocation="http://totem.run.montefiore.ulg.ac.be/Schema/TrafficMatrix-v1_2.xsd" xmlns:xsi="http://www.w3.org/2001/XMLSchema-instance">
    <IntraTM ASID="11537">
        <src id="ATLA-M5">
            <dst id="ATLA-M5">0</dst>
            <dst id="ATLAng">0</dst>
            <dst id="CHINng">54.6666666666667</dst>
            <dst id="DNVRng">0</dst>
            <dst id="HSTNng">98.5813333333334</dst>
            <dst id="IPLSng">0</dst>
            <dst id="KSCYng">26.6666666666667</dst>
            <dst id="LOSAng">32.9706666666667</dst>
            <dst id="NYCMng">1024.78933333333</dst>
            <dst id="SNVAng">97.0933333333333</dst>
            <dst id="STTLng">56.2293333333333</dst>
            <dst id="WASHng">215.013333333333</dst>
        </src>
        <src id="ATLAng">
            <dst id="ATLA-M5">138.178666666667</dst>
            <dst id="ATLAng">24307.4106666667</dst>
            <dst id="CHINng">4151.024</dst>
            <dst id="DNVRng">2462.74133333333</dst>
            <dst id="HSTNng">312.954666666667</dst>
            <dst id="IPLSng">15937.7226666667</dst>
            <dst id="KSCYng">1360.98666666667</dst>
            <dst id="LOSAng">8733.85866666667</dst>
            <dst id="NYCMng">2445.71733333333</dst>
            <dst id="SNVAng">40</dst>
            <dst id="STTLng">2475.35733333333</dst>
            <dst id="WASHng">23903.064</dst>
        </src>
        <src id="CHINng">
            <dst id="ATLA-M5">0</dst>
            <dst id="ATLAng">4579.57333333333</dst>
            <dst id="CHINng">37909.312</dst>
            <dst id="DNVRng">2579.68266666667</dst>
            <dst id="HSTNng">15458.056</dst>
            <dst id="IPLSng">3577.13333333333</dst>
            <dst id="KSCYng">7619.78666666667</dst>
            <dst id="LOSAng">8859.576</dst>
            <dst id="NYCMng">17320.6586666667</dst>
            <dst id="SNVAng">211.309333333333</dst>
            <dst id="STTLng">7943.95466666667</dst>
            <dst id="WASHng">12046.9013333333</dst>
        </src>
        <src id="DNVRng">
            <dst id="ATLA-M5">42.88</dst>
            <dst id="ATLAng">6031.18666666667</dst>
            <dst id="CHINng">30216.0453333333</dst>
            <dst id="DNVRng">2772.51466666667</dst>
            <dst id="HSTNng">19537.768</dst>
            <dst id="IPLSng">33132.152</dst>
            <dst id="KSCYng">9571.10666666667</dst>
            <dst id="LOSAng">4120.79466666667</dst>
            <dst id="NYCMng">14512.2693333333</dst>
            <dst id="SNVAng">5102.34666666667</dst>
            <dst id="STTLng">3544.544</dst>
            <dst id="WASHng">45539.88</dst>
        </src>
        <src id="HSTNng">
            <dst id="ATLA-M5">3471.93066666667</dst>
            <dst id="ATLAng">1897.352</dst>
            <dst id="CHINng">8109.84</dst>
            <dst id="DNVRng">3830.55733333333</dst>
            <dst id="HSTNng">18175.1733333333</dst>
            <dst id="IPLSng">1007.32533333333</dst>
            <dst id="KSCYng">1164.33333333333</dst>
            <dst id="LOSAng">14518.6373333333</dst>
            <dst id="NYCMng">2552.96</dst>
            <dst id="SNVAng">26.6666666666667</dst>
            <dst id="STTLng">640.525333333333</dst>
            <dst id="WASHng">1631.79466666667</dst>
        </src>
        <src id="IPLSng">
            <dst id="ATLA-M5">0</dst>
            <dst id="ATLAng">15251.936</dst>
            <dst id="CHINng">18496.2213333333</dst>
            <dst id="DNVRng">8892.928</dst>
            <dst id="HSTNng">473.152</dst>
            <dst id="IPLSng">9500.232</dst>
            <dst id="KSCYng">1511.92</dst>
            <dst id="LOSAng">12317.5653333333</dst>
            <dst id="NYCMng">8815.91733333333</dst>
            <dst id="SNVAng">366.144</dst>
            <dst id="STTLng">6980.81066666667</dst>
            <dst id="WASHng">8793.256</dst>
        </src>
        <src id="KSCYng">
            <dst id="ATLA-M5">0</dst>
            <dst id="ATLAng">5460.27733333333</dst>
            <dst id="CHINng">6655.30933333333</dst>
            <dst id="DNVRng">4999.08533333333</dst>
            <dst id="HSTNng">6905.992</dst>
            <dst id="IPLSng">10985.4026666667</dst>
            <dst id="KSCYng">6849.20266666667</dst>
            <dst id="LOSAng">7806.264</dst>
            <dst id="NYCMng">894.765333333333</dst>
            <dst id="SNVAng">2355.39466666667</dst>
            <dst id="STTLng">899.642666666667</dst>
            <dst id="WASHng">11165.5253333333</dst>
        </src>
        <src id="LOSAng">
            <dst id="ATLA-M5">144.496</dst>
            <dst id="ATLAng">16364.5786666667</dst>
            <dst id="CHINng">35828.9306666667</dst>
            <dst id="DNVRng">5102.32266666667</dst>
            <dst id="HSTNng">3129.616</dst>
            <dst id="IPLSng">14257.016</dst>
            <dst id="KSCYng">3482.75733333333</dst>
            <dst id="LOSAng">22568.712</dst>
            <dst id="NYCMng">22284.6506666667</dst>
            <dst id="SNVAng">25305.408</dst>
            <dst id="STTLng">31200.6826666667</dst>
            <dst id="WASHng">78363.048</dst>
        </src>
        <src id="NYCMng">
            <dst id="ATLA-M5">2432.65066666667</dst>
            <dst id="ATLAng">17580.4826666667</dst>
            <dst id="CHINng">24286.4266666667</dst>
            <dst id="DNVRng">28865.5386666667</dst>
            <dst id="HSTNng">10436.1546666667</dst>
            <dst id="IPLSng">22843.136</dst>
            <dst id="KSCYng">8955.496</dst>
            <dst id="LOSAng">70916.256</dst>
            <dst id="NYCMng">64961.864</dst>
            <dst id="SNVAng">555</dst>
            <dst id="STTLng">26234.016</dst>
            <dst id="WASHng">41575.8213333333</dst>
        </src>
        <src id="SNVAng">
            <dst id="ATLA-M5">0</dst>
            <dst id="ATLAng">658.746666666667</dst>
            <dst id="CHINng">53.3333333333333</dst>
            <dst id="DNVRng">394.952</dst>
            <dst id="HSTNng">0</dst>
            <dst id="IPLSng">110.376</dst>
            <dst id="KSCYng">0</dst>
            <dst id="LOSAng">34947.0586666667</dst>
            <dst id="NYCMng">26.6666666666667</dst>
            <dst id="SNVAng">8703.22133333333</dst>
            <dst id="STTLng">37146.8266666667</dst>
            <dst id="WASHng">0</dst>
        </src>
        <src id="STTLng">
            <dst id="ATLA-M5">114.08</dst>
            <dst id="ATLAng">7813.89066666667</dst>
            <dst id="CHINng">10116.5813333333</dst>
            <dst id="DNVRng">2979.14666666667</dst>
            <dst id="HSTNng">1346.736</dst>
            <dst id="IPLSng">5801.38133333333</dst>
            <dst id="KSCYng">3162.85333333333</dst>
            <dst id="LOSAng">10605.6693333333</dst>
            <dst id="NYCMng">12541.2986666667</dst>
            <dst id="SNVAng">8030.81333333333</dst>
            <dst id="STTLng">975.029333333334</dst>
            <dst id="WASHng">3522.86133333333</dst>
        </src>
        <src id="WASHng">
            <dst id="ATLA-M5">26.6666666666667</dst>
            <dst id="ATLAng">107108.546666667</dst>
            <dst id="CHINng">47370.92</dst>
            <dst id="DNVRng">40867.808</dst>
            <dst id="HSTNng">22758.5466666667</dst>
            <dst id="IPLSng">40521.1306666667</dst>
            <dst id="KSCYng">32810.0693333333</dst>
            <dst id="LOSAng">103599.981333333</dst>
            <dst id="NYCMng">125703.336</dst>
            <dst id="SNVAng">582.298666666667</dst>
            <dst id="STTLng">23207.84</dst>
            <dst id="WASHng">263705.544</dst>
        </src>
    </IntraTM>
</TrafficMatrixFile>
