<?xml version="1.0" encoding="ISO-8859-1" standalone="yes"?>
<TrafficMatrixFile xsi:noNamespaceSchemaLocation="http://totem.run.montefiore.ulg.ac.be/Schema/TrafficMatrix-v1_2.xsd" xmlns:xsi="http://www.w3.org/2001/XMLSchema-instance">
    <IntraTM ASID="11537">
        <src id="ATLA-M5">
            <dst id="ATLA-M5">0</dst>
            <dst id="ATLAng">0</dst>
            <dst id="CHINng">58.0693333333333</dst>
            <dst id="DNVRng">1042.53866666667</dst>
            <dst id="HSTNng">63.9253333333333</dst>
            <dst id="IPLSng">0</dst>
            <dst id="KSCYng">0</dst>
            <dst id="LOSAng">0</dst>
            <dst id="NYCMng">0</dst>
            <dst id="SNVAng">0</dst>
            <dst id="STTLng">0</dst>
            <dst id="WASHng">220.584</dst>
        </src>
        <src id="ATLAng">
            <dst id="ATLA-M5">164.826666666667</dst>
            <dst id="ATLAng">27063.2453333333</dst>
            <dst id="CHINng">8340.25333333333</dst>
            <dst id="DNVRng">2251.80533333333</dst>
            <dst id="HSTNng">14425.088</dst>
            <dst id="IPLSng">14810.2906666667</dst>
            <dst id="KSCYng">3505.904</dst>
            <dst id="LOSAng">4097.04266666667</dst>
            <dst id="NYCMng">3105.856</dst>
            <dst id="SNVAng">3541.82133333333</dst>
            <dst id="STTLng">2072.73333333333</dst>
            <dst id="WASHng">39369.5306666667</dst>
        </src>
        <src id="CHINng">
            <dst id="ATLA-M5">452.741333333333</dst>
            <dst id="ATLAng">2861.184</dst>
            <dst id="CHINng">100172.122666667</dst>
            <dst id="DNVRng">1347.00533333333</dst>
            <dst id="HSTNng">3869.072</dst>
            <dst id="IPLSng">27209.8026666667</dst>
            <dst id="KSCYng">3065.576</dst>
            <dst id="LOSAng">6810.93866666667</dst>
            <dst id="NYCMng">6334.512</dst>
            <dst id="SNVAng">25320.888</dst>
            <dst id="STTLng">11842.0853333333</dst>
            <dst id="WASHng">13282.8853333333</dst>
        </src>
        <src id="DNVRng">
            <dst id="ATLA-M5">117.829333333333</dst>
            <dst id="ATLAng">2898.592</dst>
            <dst id="CHINng">53814.9706666667</dst>
            <dst id="DNVRng">22870.0746666667</dst>
            <dst id="HSTNng">17343.2506666667</dst>
            <dst id="IPLSng">24643.848</dst>
            <dst id="KSCYng">7995.54666666667</dst>
            <dst id="LOSAng">1854.568</dst>
            <dst id="NYCMng">14605.5253333333</dst>
            <dst id="SNVAng">13081.1973333333</dst>
            <dst id="STTLng">3848.64</dst>
            <dst id="WASHng">41933.0826666667</dst>
        </src>
        <src id="HSTNng">
            <dst id="ATLA-M5">3453.72266666667</dst>
            <dst id="ATLAng">24525.7413333333</dst>
            <dst id="CHINng">16201.136</dst>
            <dst id="DNVRng">519.517333333333</dst>
            <dst id="HSTNng">12841.0586666667</dst>
            <dst id="IPLSng">635.173333333333</dst>
            <dst id="KSCYng">515.730666666667</dst>
            <dst id="LOSAng">12708.3146666667</dst>
            <dst id="NYCMng">1379.42666666667</dst>
            <dst id="SNVAng">93.3333333333333</dst>
            <dst id="STTLng">1825.10133333333</dst>
            <dst id="WASHng">1428.79733333333</dst>
        </src>
        <src id="IPLSng">
            <dst id="ATLA-M5">0</dst>
            <dst id="ATLAng">5599.85066666667</dst>
            <dst id="CHINng">83930.0186666667</dst>
            <dst id="DNVRng">4542.32266666667</dst>
            <dst id="HSTNng">278.442666666667</dst>
            <dst id="IPLSng">7008.63466666667</dst>
            <dst id="KSCYng">988.178666666667</dst>
            <dst id="LOSAng">5374.78133333333</dst>
            <dst id="NYCMng">14225.7866666667</dst>
            <dst id="SNVAng">10447.872</dst>
            <dst id="STTLng">6602.224</dst>
            <dst id="WASHng">12614.5306666667</dst>
        </src>
        <src id="KSCYng">
            <dst id="ATLA-M5">0</dst>
            <dst id="ATLAng">2507.11466666667</dst>
            <dst id="CHINng">18285.1146666667</dst>
            <dst id="DNVRng">4654.50933333333</dst>
            <dst id="HSTNng">2896.776</dst>
            <dst id="IPLSng">10749.3893333333</dst>
            <dst id="KSCYng">5893.25333333333</dst>
            <dst id="LOSAng">1927.32</dst>
            <dst id="NYCMng">1377.32266666667</dst>
            <dst id="SNVAng">4406.2</dst>
            <dst id="STTLng">660.992</dst>
            <dst id="WASHng">5709.576</dst>
        </src>
        <src id="LOSAng">
            <dst id="ATLA-M5">26.6666666666667</dst>
            <dst id="ATLAng">8119.71466666667</dst>
            <dst id="CHINng">101361.570666667</dst>
            <dst id="DNVRng">5092.24</dst>
            <dst id="HSTNng">1975.216</dst>
            <dst id="IPLSng">5715.97866666667</dst>
            <dst id="KSCYng">1006.90933333333</dst>
            <dst id="LOSAng">17008.5146666667</dst>
            <dst id="NYCMng">21456.4453333333</dst>
            <dst id="SNVAng">23704.64</dst>
            <dst id="STTLng">15251.4213333333</dst>
            <dst id="WASHng">68527.24</dst>
        </src>
        <src id="NYCMng">
            <dst id="ATLA-M5">831.634666666667</dst>
            <dst id="ATLAng">9106.59466666667</dst>
            <dst id="CHINng">30328.0666666667</dst>
            <dst id="DNVRng">21552.7333333333</dst>
            <dst id="HSTNng">1842.16266666667</dst>
            <dst id="IPLSng">5514.99733333333</dst>
            <dst id="KSCYng">3298.66933333333</dst>
            <dst id="LOSAng">8781.62933333333</dst>
            <dst id="NYCMng">91564.1146666667</dst>
            <dst id="SNVAng">48167.984</dst>
            <dst id="STTLng">18453.8293333333</dst>
            <dst id="WASHng">28425.128</dst>
        </src>
        <src id="SNVAng">
            <dst id="ATLA-M5">0</dst>
            <dst id="ATLAng">26.6666666666667</dst>
            <dst id="CHINng">53.3333333333333</dst>
            <dst id="DNVRng">654.506666666667</dst>
            <dst id="HSTNng">0</dst>
            <dst id="IPLSng">337.613333333333</dst>
            <dst id="KSCYng">26.6666666666667</dst>
            <dst id="LOSAng">5256.21866666667</dst>
            <dst id="NYCMng">80</dst>
            <dst id="SNVAng">34527.5973333333</dst>
            <dst id="STTLng">30243.2853333333</dst>
            <dst id="WASHng">53.3333333333333</dst>
        </src>
        <src id="STTLng">
            <dst id="ATLA-M5">0</dst>
            <dst id="ATLAng">4405.30666666667</dst>
            <dst id="CHINng">24808.6773333333</dst>
            <dst id="DNVRng">3300.344</dst>
            <dst id="HSTNng">6990.71466666667</dst>
            <dst id="IPLSng">49791.5946666667</dst>
            <dst id="KSCYng">719.898666666667</dst>
            <dst id="LOSAng">2465.58133333333</dst>
            <dst id="NYCMng">7416.94666666667</dst>
            <dst id="SNVAng">17503.8293333333</dst>
            <dst id="STTLng">1657.12</dst>
            <dst id="WASHng">8410.72266666667</dst>
        </src>
        <src id="WASHng">
            <dst id="ATLA-M5">0</dst>
            <dst id="ATLAng">88657.424</dst>
            <dst id="CHINng">59676.9253333333</dst>
            <dst id="DNVRng">38610.424</dst>
            <dst id="HSTNng">31860.2773333333</dst>
            <dst id="IPLSng">13987.5306666667</dst>
            <dst id="KSCYng">27240.8666666667</dst>
            <dst id="LOSAng">77959.216</dst>
            <dst id="NYCMng">99761.2693333334</dst>
            <dst id="SNVAng">30206.976</dst>
            <dst id="STTLng">17143.136</dst>
            <dst id="WASHng">389123.04</dst>
        </src>
    </IntraTM>
</TrafficMatrixFile>
