<?xml version="1.0" encoding="ISO-8859-1" standalone="yes"?>
<TrafficMatrixFile xsi:noNamespaceSchemaLocation="http://totem.run.montefiore.ulg.ac.be/Schema/TrafficMatrix-v1_2.xsd" xmlns:xsi="http://www.w3.org/2001/XMLSchema-instance">
    <IntraTM ASID="11537">
        <src id="ATLA-M5">
            <dst id="ATLA-M5">0</dst>
            <dst id="ATLAng">0</dst>
            <dst id="CHINng">79.2453333333333</dst>
            <dst id="DNVRng">1907.37066666667</dst>
            <dst id="HSTNng">96.6613333333333</dst>
            <dst id="IPLSng">0</dst>
            <dst id="KSCYng">0</dst>
            <dst id="LOSAng">26.6666666666667</dst>
            <dst id="NYCMng">49.3333333333333</dst>
            <dst id="SNVAng">0</dst>
            <dst id="STTLng">87.6906666666667</dst>
            <dst id="WASHng">107.285333333333</dst>
        </src>
        <src id="ATLAng">
            <dst id="ATLA-M5">53.3333333333333</dst>
            <dst id="ATLAng">26029.96</dst>
            <dst id="CHINng">3598.22133333333</dst>
            <dst id="DNVRng">3333.46666666667</dst>
            <dst id="HSTNng">851.565333333333</dst>
            <dst id="IPLSng">19952.1626666667</dst>
            <dst id="KSCYng">229.477333333333</dst>
            <dst id="LOSAng">15241.8706666667</dst>
            <dst id="NYCMng">3822.54933333333</dst>
            <dst id="SNVAng">1729.02</dst>
            <dst id="STTLng">4285.79466666667</dst>
            <dst id="WASHng">21047.5973333333</dst>
        </src>
        <src id="CHINng">
            <dst id="ATLA-M5">46.7626666666667</dst>
            <dst id="ATLAng">4677.52533333333</dst>
            <dst id="CHINng">37673.8026666667</dst>
            <dst id="DNVRng">5815.62933333333</dst>
            <dst id="HSTNng">8068.96533333333</dst>
            <dst id="IPLSng">14835.2666666667</dst>
            <dst id="KSCYng">3679.152</dst>
            <dst id="LOSAng">32958.4213333333</dst>
            <dst id="NYCMng">22870.1733333333</dst>
            <dst id="SNVAng">2837.584</dst>
            <dst id="STTLng">3979.17333333333</dst>
            <dst id="WASHng">16861.864</dst>
        </src>
        <src id="DNVRng">
            <dst id="ATLA-M5">103.061333333333</dst>
            <dst id="ATLAng">4842.232</dst>
            <dst id="CHINng">33117.5546666667</dst>
            <dst id="DNVRng">9084.68266666667</dst>
            <dst id="HSTNng">23077.7253333333</dst>
            <dst id="IPLSng">32767.6293333333</dst>
            <dst id="KSCYng">16723.648</dst>
            <dst id="LOSAng">9273.64533333333</dst>
            <dst id="NYCMng">23190.816</dst>
            <dst id="SNVAng">6097.06133333333</dst>
            <dst id="STTLng">3789.30133333333</dst>
            <dst id="WASHng">38292.2426666667</dst>
        </src>
        <src id="HSTNng">
            <dst id="ATLA-M5">5157.424</dst>
            <dst id="ATLAng">6650.48</dst>
            <dst id="CHINng">7901.90933333333</dst>
            <dst id="DNVRng">715.416</dst>
            <dst id="HSTNng">19614.8053333333</dst>
            <dst id="IPLSng">4039.77333333333</dst>
            <dst id="KSCYng">640.490666666667</dst>
            <dst id="LOSAng">1909.736</dst>
            <dst id="NYCMng">1145.57066666667</dst>
            <dst id="SNVAng">26.6666666666667</dst>
            <dst id="STTLng">715.082666666667</dst>
            <dst id="WASHng">2044.01866666667</dst>
        </src>
        <src id="IPLSng">
            <dst id="ATLA-M5">0</dst>
            <dst id="ATLAng">9964.68533333333</dst>
            <dst id="CHINng">37614.3253333333</dst>
            <dst id="DNVRng">8572.688</dst>
            <dst id="HSTNng">6064.96266666666</dst>
            <dst id="IPLSng">12505.7733333333</dst>
            <dst id="KSCYng">1790.464</dst>
            <dst id="LOSAng">18314.2213333333</dst>
            <dst id="NYCMng">6235.16533333333</dst>
            <dst id="SNVAng">5940.47466666667</dst>
            <dst id="STTLng">7158.73066666667</dst>
            <dst id="WASHng">8558.28</dst>
        </src>
        <src id="KSCYng">
            <dst id="ATLA-M5">0</dst>
            <dst id="ATLAng">2299.29333333333</dst>
            <dst id="CHINng">7467.928</dst>
            <dst id="DNVRng">6058.56266666667</dst>
            <dst id="HSTNng">11459.7653333333</dst>
            <dst id="IPLSng">9812.13333333333</dst>
            <dst id="KSCYng">7855.45333333333</dst>
            <dst id="LOSAng">3642.464</dst>
            <dst id="NYCMng">1615.53866666667</dst>
            <dst id="SNVAng">2219.38133333333</dst>
            <dst id="STTLng">6679.728</dst>
            <dst id="WASHng">8723.57333333333</dst>
        </src>
        <src id="LOSAng">
            <dst id="ATLA-M5">0</dst>
            <dst id="ATLAng">5634.59733333333</dst>
            <dst id="CHINng">36655</dst>
            <dst id="DNVRng">4411.944</dst>
            <dst id="HSTNng">3883.00266666667</dst>
            <dst id="IPLSng">6548.464</dst>
            <dst id="KSCYng">2648.08533333333</dst>
            <dst id="LOSAng">4535.14933333333</dst>
            <dst id="NYCMng">16802.752</dst>
            <dst id="SNVAng">21314.8133333333</dst>
            <dst id="STTLng">18134.928</dst>
            <dst id="WASHng">80524.544</dst>
        </src>
        <src id="NYCMng">
            <dst id="ATLA-M5">0</dst>
            <dst id="ATLAng">6379.65066666667</dst>
            <dst id="CHINng">20533.176</dst>
            <dst id="DNVRng">25943.1733333333</dst>
            <dst id="HSTNng">2211.50133333333</dst>
            <dst id="IPLSng">6789.18133333333</dst>
            <dst id="KSCYng">4738.12266666667</dst>
            <dst id="LOSAng">48850.816</dst>
            <dst id="NYCMng">56561.44</dst>
            <dst id="SNVAng">3136.16533333333</dst>
            <dst id="STTLng">13288.9413333333</dst>
            <dst id="WASHng">47309.4213333333</dst>
        </src>
        <src id="SNVAng">
            <dst id="ATLA-M5">0</dst>
            <dst id="ATLAng">0</dst>
            <dst id="CHINng">26.6666666666667</dst>
            <dst id="DNVRng">3367.20266666667</dst>
            <dst id="HSTNng">0</dst>
            <dst id="IPLSng">189.301333333333</dst>
            <dst id="KSCYng">26.6666666666667</dst>
            <dst id="LOSAng">31725.3733333333</dst>
            <dst id="NYCMng">26.6666666666667</dst>
            <dst id="SNVAng">7685.09333333333</dst>
            <dst id="STTLng">34783.016</dst>
            <dst id="WASHng">26.6666666666667</dst>
        </src>
        <src id="STTLng">
            <dst id="ATLA-M5">79.728</dst>
            <dst id="ATLAng">6912.232</dst>
            <dst id="CHINng">7882.26133333333</dst>
            <dst id="DNVRng">1523.2</dst>
            <dst id="HSTNng">1100.75733333333</dst>
            <dst id="IPLSng">3828.57333333333</dst>
            <dst id="KSCYng">1082.27466666667</dst>
            <dst id="LOSAng">8299.728</dst>
            <dst id="NYCMng">7722.664</dst>
            <dst id="SNVAng">10933.4213333333</dst>
            <dst id="STTLng">984.386666666667</dst>
            <dst id="WASHng">3738.22666666667</dst>
        </src>
        <src id="WASHng">
            <dst id="ATLA-M5">310.218666666667</dst>
            <dst id="ATLAng">91191.6133333334</dst>
            <dst id="CHINng">48190.536</dst>
            <dst id="DNVRng">54581.2426666667</dst>
            <dst id="HSTNng">20086.4453333333</dst>
            <dst id="IPLSng">82569.936</dst>
            <dst id="KSCYng">30948.5093333333</dst>
            <dst id="LOSAng">91045.3333333333</dst>
            <dst id="NYCMng">165084.666666667</dst>
            <dst id="SNVAng">5938.01866666667</dst>
            <dst id="STTLng">24862.4986666667</dst>
            <dst id="WASHng">197288.008</dst>
        </src>
    </IntraTM>
</TrafficMatrixFile>
