<?xml version="1.0" encoding="ISO-8859-1" standalone="yes"?>
<TrafficMatrixFile xsi:noNamespaceSchemaLocation="http://totem.run.montefiore.ulg.ac.be/Schema/TrafficMatrix-v1_2.xsd" xmlns:xsi="http://www.w3.org/2001/XMLSchema-instance">
    <IntraTM ASID="11537">
        <src id="ATLA-M5">
            <dst id="ATLA-M5">40.4426666666667</dst>
            <dst id="ATLAng">30.2906666666667</dst>
            <dst id="CHINng">186.658666666667</dst>
            <dst id="DNVRng">26.6666666666667</dst>
            <dst id="HSTNng">79.1626666666667</dst>
            <dst id="IPLSng">0</dst>
            <dst id="KSCYng">26.6666666666667</dst>
            <dst id="LOSAng">13.3333333333333</dst>
            <dst id="NYCMng">53.3333333333333</dst>
            <dst id="SNVAng">13.3333333333333</dst>
            <dst id="STTLng">83.992</dst>
            <dst id="WASHng">844.178666666667</dst>
        </src>
        <src id="ATLAng">
            <dst id="ATLA-M5">77.1413333333333</dst>
            <dst id="ATLAng">24168.568</dst>
            <dst id="CHINng">9098.712</dst>
            <dst id="DNVRng">4110.688</dst>
            <dst id="HSTNng">25132.7333333333</dst>
            <dst id="IPLSng">12232.6213333333</dst>
            <dst id="KSCYng">608.021333333333</dst>
            <dst id="LOSAng">17640.152</dst>
            <dst id="NYCMng">3871.54133333333</dst>
            <dst id="SNVAng">5929.72</dst>
            <dst id="STTLng">2387.15733333333</dst>
            <dst id="WASHng">19941.0533333333</dst>
        </src>
        <src id="CHINng">
            <dst id="ATLA-M5">52.1813333333333</dst>
            <dst id="ATLAng">26294.2586666667</dst>
            <dst id="CHINng">99349.824</dst>
            <dst id="DNVRng">8711.63733333333</dst>
            <dst id="HSTNng">7740.064</dst>
            <dst id="IPLSng">13867.4533333333</dst>
            <dst id="KSCYng">20484.5866666667</dst>
            <dst id="LOSAng">3012.29066666667</dst>
            <dst id="NYCMng">16269.5546666667</dst>
            <dst id="SNVAng">29927.3066666667</dst>
            <dst id="STTLng">11417.2666666667</dst>
            <dst id="WASHng">21261.5066666667</dst>
        </src>
        <src id="DNVRng">
            <dst id="ATLA-M5">96.4373333333333</dst>
            <dst id="ATLAng">4341.16533333333</dst>
            <dst id="CHINng">34550.4933333333</dst>
            <dst id="DNVRng">16001.1413333333</dst>
            <dst id="HSTNng">24151.456</dst>
            <dst id="IPLSng">26391.0186666667</dst>
            <dst id="KSCYng">29117.288</dst>
            <dst id="LOSAng">2659.992</dst>
            <dst id="NYCMng">13559.1466666667</dst>
            <dst id="SNVAng">29388.088</dst>
            <dst id="STTLng">13383.4933333333</dst>
            <dst id="WASHng">37878.2</dst>
        </src>
        <src id="HSTNng">
            <dst id="ATLA-M5">3425.224</dst>
            <dst id="ATLAng">1554.184</dst>
            <dst id="CHINng">12854.016</dst>
            <dst id="DNVRng">1379.48533333333</dst>
            <dst id="HSTNng">13356.9733333333</dst>
            <dst id="IPLSng">3890.58666666667</dst>
            <dst id="KSCYng">1216.656</dst>
            <dst id="LOSAng">8259.8</dst>
            <dst id="NYCMng">2486.89333333333</dst>
            <dst id="SNVAng">26.6666666666667</dst>
            <dst id="STTLng">1300.25066666667</dst>
            <dst id="WASHng">16098.8773333333</dst>
        </src>
        <src id="IPLSng">
            <dst id="ATLA-M5">26.6666666666667</dst>
            <dst id="ATLAng">4194.49066666667</dst>
            <dst id="CHINng">30708.7146666667</dst>
            <dst id="DNVRng">9349.72266666667</dst>
            <dst id="HSTNng">2507.06933333333</dst>
            <dst id="IPLSng">6084.92266666667</dst>
            <dst id="KSCYng">1372.13066666667</dst>
            <dst id="LOSAng">2600.728</dst>
            <dst id="NYCMng">9526.048</dst>
            <dst id="SNVAng">11779.3093333333</dst>
            <dst id="STTLng">16552.1013333333</dst>
            <dst id="WASHng">7953.84533333333</dst>
        </src>
        <src id="KSCYng">
            <dst id="ATLA-M5">0</dst>
            <dst id="ATLAng">3437.74933333333</dst>
            <dst id="CHINng">14843.8426666667</dst>
            <dst id="DNVRng">5760.63733333333</dst>
            <dst id="HSTNng">5553.84533333333</dst>
            <dst id="IPLSng">21084.7386666667</dst>
            <dst id="KSCYng">20015.56</dst>
            <dst id="LOSAng">406.952</dst>
            <dst id="NYCMng">3133.088</dst>
            <dst id="SNVAng">11569.4133333333</dst>
            <dst id="STTLng">862.362666666667</dst>
            <dst id="WASHng">8365.37866666667</dst>
        </src>
        <src id="LOSAng">
            <dst id="ATLA-M5">95.5013333333333</dst>
            <dst id="ATLAng">16393.4826666667</dst>
            <dst id="CHINng">44305.3813333333</dst>
            <dst id="DNVRng">7006.24533333333</dst>
            <dst id="HSTNng">4168.67466666667</dst>
            <dst id="IPLSng">18385.008</dst>
            <dst id="KSCYng">3050.528</dst>
            <dst id="LOSAng">20174.104</dst>
            <dst id="NYCMng">35699.608</dst>
            <dst id="SNVAng">22213.488</dst>
            <dst id="STTLng">33354.792</dst>
            <dst id="WASHng">82530.072</dst>
        </src>
        <src id="NYCMng">
            <dst id="ATLA-M5">199.224</dst>
            <dst id="ATLAng">19238.4586666667</dst>
            <dst id="CHINng">30776.4186666667</dst>
            <dst id="DNVRng">23964.48</dst>
            <dst id="HSTNng">11485.7413333333</dst>
            <dst id="IPLSng">15491.4506666667</dst>
            <dst id="KSCYng">5198.11733333333</dst>
            <dst id="LOSAng">8422.61866666667</dst>
            <dst id="NYCMng">115257.496</dst>
            <dst id="SNVAng">52491.864</dst>
            <dst id="STTLng">34201.5626666667</dst>
            <dst id="WASHng">46072.6026666667</dst>
        </src>
        <src id="SNVAng">
            <dst id="ATLA-M5">0</dst>
            <dst id="ATLAng">735.72</dst>
            <dst id="CHINng">26.6666666666667</dst>
            <dst id="DNVRng">5947.22133333333</dst>
            <dst id="HSTNng">26.6666666666667</dst>
            <dst id="IPLSng">302.613333333333</dst>
            <dst id="KSCYng">26.6666666666667</dst>
            <dst id="LOSAng">2085.41333333333</dst>
            <dst id="NYCMng">376.778666666667</dst>
            <dst id="SNVAng">37844.8426666667</dst>
            <dst id="STTLng">35820.9226666667</dst>
            <dst id="WASHng">0</dst>
        </src>
        <src id="STTLng">
            <dst id="ATLA-M5">53.3333333333333</dst>
            <dst id="ATLAng">5119.13066666667</dst>
            <dst id="CHINng">16422.392</dst>
            <dst id="DNVRng">7129.14933333333</dst>
            <dst id="HSTNng">2786.04266666667</dst>
            <dst id="IPLSng">18053.088</dst>
            <dst id="KSCYng">2247.88266666667</dst>
            <dst id="LOSAng">6197.41866666667</dst>
            <dst id="NYCMng">17010.232</dst>
            <dst id="SNVAng">27015.5146666667</dst>
            <dst id="STTLng">2519.72266666667</dst>
            <dst id="WASHng">4717.84533333333</dst>
        </src>
        <src id="WASHng">
            <dst id="ATLA-M5">148.834666666667</dst>
            <dst id="ATLAng">66342.4666666666</dst>
            <dst id="CHINng">91886.8</dst>
            <dst id="DNVRng">31962.4506666667</dst>
            <dst id="HSTNng">24961.992</dst>
            <dst id="IPLSng">24283.432</dst>
            <dst id="KSCYng">31121.456</dst>
            <dst id="LOSAng">63710.5146666667</dst>
            <dst id="NYCMng">132829.76</dst>
            <dst id="SNVAng">34887.4986666667</dst>
            <dst id="STTLng">43976.424</dst>
            <dst id="WASHng">234549.4</dst>
        </src>
    </IntraTM>
</TrafficMatrixFile>
