<?xml version="1.0" encoding="ISO-8859-1" standalone="yes"?>
<TrafficMatrixFile xsi:noNamespaceSchemaLocation="http://totem.run.montefiore.ulg.ac.be/Schema/TrafficMatrix-v1_2.xsd" xmlns:xsi="http://www.w3.org/2001/XMLSchema-instance">
    <IntraTM ASID="11537">
        <src id="ATLA-M5">
            <dst id="ATLA-M5">26.6666666666667</dst>
            <dst id="ATLAng">0</dst>
            <dst id="CHINng">268.309333333333</dst>
            <dst id="DNVRng">0</dst>
            <dst id="HSTNng">0</dst>
            <dst id="IPLSng">26.6666666666667</dst>
            <dst id="KSCYng">0</dst>
            <dst id="LOSAng">0</dst>
            <dst id="NYCMng">101.938666666667</dst>
            <dst id="SNVAng">32.6373333333333</dst>
            <dst id="STTLng">80.2933333333333</dst>
            <dst id="WASHng">339.568</dst>
        </src>
        <src id="ATLAng">
            <dst id="ATLA-M5">45.2746666666667</dst>
            <dst id="ATLAng">11080.104</dst>
            <dst id="CHINng">4700.248</dst>
            <dst id="DNVRng">5966.88266666667</dst>
            <dst id="HSTNng">11594.344</dst>
            <dst id="IPLSng">6942.112</dst>
            <dst id="KSCYng">445.616</dst>
            <dst id="LOSAng">2746.09333333333</dst>
            <dst id="NYCMng">2170.53066666667</dst>
            <dst id="SNVAng">26.6666666666667</dst>
            <dst id="STTLng">1634.648</dst>
            <dst id="WASHng">28550.3813333333</dst>
        </src>
        <src id="CHINng">
            <dst id="ATLA-M5">203.901333333333</dst>
            <dst id="ATLAng">16734.672</dst>
            <dst id="CHINng">69185.536</dst>
            <dst id="DNVRng">4866.232</dst>
            <dst id="HSTNng">5900.48266666667</dst>
            <dst id="IPLSng">56549.8266666667</dst>
            <dst id="KSCYng">7494.45333333333</dst>
            <dst id="LOSAng">25637.136</dst>
            <dst id="NYCMng">23767.9173333333</dst>
            <dst id="SNVAng">504.605333333333</dst>
            <dst id="STTLng">8373.72533333333</dst>
            <dst id="WASHng">27591.152</dst>
        </src>
        <src id="DNVRng">
            <dst id="ATLA-M5">342.410666666667</dst>
            <dst id="ATLAng">4645.74133333333</dst>
            <dst id="CHINng">45964.288</dst>
            <dst id="DNVRng">11857.9093333333</dst>
            <dst id="HSTNng">26727.768</dst>
            <dst id="IPLSng">45402.432</dst>
            <dst id="KSCYng">17107.8933333333</dst>
            <dst id="LOSAng">8588.16</dst>
            <dst id="NYCMng">12383.128</dst>
            <dst id="SNVAng">7267.00533333333</dst>
            <dst id="STTLng">6004.64266666667</dst>
            <dst id="WASHng">37503.0026666667</dst>
        </src>
        <src id="HSTNng">
            <dst id="ATLA-M5">26.6666666666667</dst>
            <dst id="ATLAng">12687.7413333333</dst>
            <dst id="CHINng">7751.184</dst>
            <dst id="DNVRng">1173.72266666667</dst>
            <dst id="HSTNng">17615.6293333333</dst>
            <dst id="IPLSng">484.066666666667</dst>
            <dst id="KSCYng">1995.53866666667</dst>
            <dst id="LOSAng">10545.664</dst>
            <dst id="NYCMng">7100.85066666667</dst>
            <dst id="SNVAng">0</dst>
            <dst id="STTLng">839.997333333333</dst>
            <dst id="WASHng">12593.1786666667</dst>
        </src>
        <src id="IPLSng">
            <dst id="ATLA-M5">26.6666666666667</dst>
            <dst id="ATLAng">8635.15466666667</dst>
            <dst id="CHINng">51086.224</dst>
            <dst id="DNVRng">14071.528</dst>
            <dst id="HSTNng">1001.66133333333</dst>
            <dst id="IPLSng">5412.99466666667</dst>
            <dst id="KSCYng">2501.74133333333</dst>
            <dst id="LOSAng">12809.352</dst>
            <dst id="NYCMng">17232.7173333333</dst>
            <dst id="SNVAng">208.04</dst>
            <dst id="STTLng">5230.592</dst>
            <dst id="WASHng">10170.6853333333</dst>
        </src>
        <src id="KSCYng">
            <dst id="ATLA-M5">0</dst>
            <dst id="ATLAng">3166.94666666667</dst>
            <dst id="CHINng">12310.168</dst>
            <dst id="DNVRng">5372.68</dst>
            <dst id="HSTNng">7301.24533333333</dst>
            <dst id="IPLSng">18203.0026666667</dst>
            <dst id="KSCYng">20085.3066666667</dst>
            <dst id="LOSAng">5384.576</dst>
            <dst id="NYCMng">1230.64266666667</dst>
            <dst id="SNVAng">2236.40266666667</dst>
            <dst id="STTLng">756.192</dst>
            <dst id="WASHng">9154.656</dst>
        </src>
        <src id="LOSAng">
            <dst id="ATLA-M5">104.768</dst>
            <dst id="ATLAng">16414.0453333333</dst>
            <dst id="CHINng">48528.9733333333</dst>
            <dst id="DNVRng">13327.448</dst>
            <dst id="HSTNng">3088.41333333333</dst>
            <dst id="IPLSng">10294.1546666667</dst>
            <dst id="KSCYng">4202.43733333333</dst>
            <dst id="LOSAng">9076.80533333334</dst>
            <dst id="NYCMng">21232.8826666667</dst>
            <dst id="SNVAng">23694.6906666667</dst>
            <dst id="STTLng">22272.6133333333</dst>
            <dst id="WASHng">82411.6373333333</dst>
        </src>
        <src id="NYCMng">
            <dst id="ATLA-M5">1281.67466666667</dst>
            <dst id="ATLAng">16998.2586666667</dst>
            <dst id="CHINng">20045.7573333333</dst>
            <dst id="DNVRng">20675.2986666667</dst>
            <dst id="HSTNng">9138.74133333333</dst>
            <dst id="IPLSng">10872.952</dst>
            <dst id="KSCYng">5605.16533333333</dst>
            <dst id="LOSAng">49792.2773333333</dst>
            <dst id="NYCMng">68152.376</dst>
            <dst id="SNVAng">733.336</dst>
            <dst id="STTLng">19592.5413333333</dst>
            <dst id="WASHng">38663.6586666667</dst>
        </src>
        <src id="SNVAng">
            <dst id="ATLA-M5">0</dst>
            <dst id="ATLAng">619.688</dst>
            <dst id="CHINng">639.84</dst>
            <dst id="DNVRng">4229.89866666667</dst>
            <dst id="HSTNng">26.6666666666667</dst>
            <dst id="IPLSng">225.749333333333</dst>
            <dst id="KSCYng">26.6666666666667</dst>
            <dst id="LOSAng">29881.288</dst>
            <dst id="NYCMng">412.685333333333</dst>
            <dst id="SNVAng">7828.39733333333</dst>
            <dst id="STTLng">37930.632</dst>
            <dst id="WASHng">0</dst>
        </src>
        <src id="STTLng">
            <dst id="ATLA-M5">304.821333333333</dst>
            <dst id="ATLAng">6426.64266666667</dst>
            <dst id="CHINng">15177.176</dst>
            <dst id="DNVRng">1427.51466666667</dst>
            <dst id="HSTNng">3122.66133333333</dst>
            <dst id="IPLSng">4734.05333333333</dst>
            <dst id="KSCYng">4249.11733333333</dst>
            <dst id="LOSAng">9505.84533333333</dst>
            <dst id="NYCMng">20074.5066666667</dst>
            <dst id="SNVAng">10349.9093333333</dst>
            <dst id="STTLng">2421.544</dst>
            <dst id="WASHng">8258.376</dst>
        </src>
        <src id="WASHng">
            <dst id="ATLA-M5">3957.32</dst>
            <dst id="ATLAng">93393.224</dst>
            <dst id="CHINng">57183.512</dst>
            <dst id="DNVRng">53077.9306666667</dst>
            <dst id="HSTNng">32091.0106666667</dst>
            <dst id="IPLSng">66941.3573333333</dst>
            <dst id="KSCYng">22596.032</dst>
            <dst id="LOSAng">82128.7893333333</dst>
            <dst id="NYCMng">186732.824</dst>
            <dst id="SNVAng">2148.90933333333</dst>
            <dst id="STTLng">20456.5146666667</dst>
            <dst id="WASHng">380151.44</dst>
        </src>
    </IntraTM>
</TrafficMatrixFile>
