<?xml version="1.0" encoding="ISO-8859-1" standalone="yes"?>
<TrafficMatrixFile xsi:noNamespaceSchemaLocation="http://totem.run.montefiore.ulg.ac.be/Schema/TrafficMatrix-v1_2.xsd" xmlns:xsi="http://www.w3.org/2001/XMLSchema-instance">
    <IntraTM ASID="11537">
        <src id="ATLA-M5">
            <dst id="ATLA-M5">0</dst>
            <dst id="ATLAng">53.3333333333333</dst>
            <dst id="CHINng">197.778666666667</dst>
            <dst id="DNVRng">0</dst>
            <dst id="HSTNng">86.024</dst>
            <dst id="IPLSng">26.6666666666667</dst>
            <dst id="KSCYng">0</dst>
            <dst id="LOSAng">60.3413333333333</dst>
            <dst id="NYCMng">169.197333333333</dst>
            <dst id="SNVAng">0</dst>
            <dst id="STTLng">119.08</dst>
            <dst id="WASHng">229.986666666667</dst>
        </src>
        <src id="ATLAng">
            <dst id="ATLA-M5">131.512</dst>
            <dst id="ATLAng">21638.4373333333</dst>
            <dst id="CHINng">7124.90133333333</dst>
            <dst id="DNVRng">3004.14666666667</dst>
            <dst id="HSTNng">1139.73066666667</dst>
            <dst id="IPLSng">13273.3786666667</dst>
            <dst id="KSCYng">1058.37333333333</dst>
            <dst id="LOSAng">9609.44533333333</dst>
            <dst id="NYCMng">5752.192</dst>
            <dst id="SNVAng">0</dst>
            <dst id="STTLng">4730.94133333333</dst>
            <dst id="WASHng">25948.7093333333</dst>
        </src>
        <src id="CHINng">
            <dst id="ATLA-M5">26.6666666666667</dst>
            <dst id="ATLAng">7295.20533333334</dst>
            <dst id="CHINng">86112.0346666667</dst>
            <dst id="DNVRng">7357.62666666667</dst>
            <dst id="HSTNng">8105.088</dst>
            <dst id="IPLSng">38922.0853333333</dst>
            <dst id="KSCYng">6917.37066666667</dst>
            <dst id="LOSAng">26833.6826666667</dst>
            <dst id="NYCMng">50620.96</dst>
            <dst id="SNVAng">4810.06133333333</dst>
            <dst id="STTLng">5974.184</dst>
            <dst id="WASHng">15575.4933333333</dst>
        </src>
        <src id="DNVRng">
            <dst id="ATLA-M5">82.88</dst>
            <dst id="ATLAng">3387.42133333333</dst>
            <dst id="CHINng">36097.8186666667</dst>
            <dst id="DNVRng">12999.52</dst>
            <dst id="HSTNng">23995.056</dst>
            <dst id="IPLSng">26221.032</dst>
            <dst id="KSCYng">13405.5146666667</dst>
            <dst id="LOSAng">28070.3146666667</dst>
            <dst id="NYCMng">12707.8986666667</dst>
            <dst id="SNVAng">6488.38933333333</dst>
            <dst id="STTLng">6559.61866666667</dst>
            <dst id="WASHng">45317.0906666667</dst>
        </src>
        <src id="HSTNng">
            <dst id="ATLA-M5">369.981333333333</dst>
            <dst id="ATLAng">9232.67733333333</dst>
            <dst id="CHINng">16703.6506666667</dst>
            <dst id="DNVRng">1101.128</dst>
            <dst id="HSTNng">18741.4186666667</dst>
            <dst id="IPLSng">1615.888</dst>
            <dst id="KSCYng">693.229333333333</dst>
            <dst id="LOSAng">1121.344</dst>
            <dst id="NYCMng">967.202666666667</dst>
            <dst id="SNVAng">26.6666666666667</dst>
            <dst id="STTLng">871.330666666667</dst>
            <dst id="WASHng">1598.168</dst>
        </src>
        <src id="IPLSng">
            <dst id="ATLA-M5">0</dst>
            <dst id="ATLAng">10799.6586666667</dst>
            <dst id="CHINng">52496.176</dst>
            <dst id="DNVRng">8348.36533333334</dst>
            <dst id="HSTNng">1482.71466666667</dst>
            <dst id="IPLSng">22101.208</dst>
            <dst id="KSCYng">9713.55733333333</dst>
            <dst id="LOSAng">48755.128</dst>
            <dst id="NYCMng">8589</dst>
            <dst id="SNVAng">361.994666666667</dst>
            <dst id="STTLng">9809.07466666667</dst>
            <dst id="WASHng">21271.9786666667</dst>
        </src>
        <src id="KSCYng">
            <dst id="ATLA-M5">0</dst>
            <dst id="ATLAng">3927.38933333333</dst>
            <dst id="CHINng">18498.1253333333</dst>
            <dst id="DNVRng">8078.70933333333</dst>
            <dst id="HSTNng">2703.79733333333</dst>
            <dst id="IPLSng">10116.136</dst>
            <dst id="KSCYng">11534.2613333333</dst>
            <dst id="LOSAng">3034.504</dst>
            <dst id="NYCMng">2959.13333333333</dst>
            <dst id="SNVAng">2208.64</dst>
            <dst id="STTLng">3122.71466666667</dst>
            <dst id="WASHng">13138.8106666667</dst>
        </src>
        <src id="LOSAng">
            <dst id="ATLA-M5">958.536</dst>
            <dst id="ATLAng">7834.18666666667</dst>
            <dst id="CHINng">53404.5866666667</dst>
            <dst id="DNVRng">7462.48533333333</dst>
            <dst id="HSTNng">7183.28</dst>
            <dst id="IPLSng">18694.3066666667</dst>
            <dst id="KSCYng">2288.064</dst>
            <dst id="LOSAng">7252.408</dst>
            <dst id="NYCMng">17914.008</dst>
            <dst id="SNVAng">20338.6586666667</dst>
            <dst id="STTLng">20756.1093333333</dst>
            <dst id="WASHng">80047.1573333333</dst>
        </src>
        <src id="NYCMng">
            <dst id="ATLA-M5">996.333333333333</dst>
            <dst id="ATLAng">11662.9226666667</dst>
            <dst id="CHINng">47649.48</dst>
            <dst id="DNVRng">20269.9013333333</dst>
            <dst id="HSTNng">4670.44</dst>
            <dst id="IPLSng">19969.36</dst>
            <dst id="KSCYng">3997.79466666667</dst>
            <dst id="LOSAng">50452.8826666667</dst>
            <dst id="NYCMng">82153.4133333333</dst>
            <dst id="SNVAng">564.389333333333</dst>
            <dst id="STTLng">22860.3306666667</dst>
            <dst id="WASHng">37562.2186666667</dst>
        </src>
        <src id="SNVAng">
            <dst id="ATLA-M5">0</dst>
            <dst id="ATLAng">80</dst>
            <dst id="CHINng">133.333333333333</dst>
            <dst id="DNVRng">3195.512</dst>
            <dst id="HSTNng">26.6666666666667</dst>
            <dst id="IPLSng">265.114666666667</dst>
            <dst id="KSCYng">0</dst>
            <dst id="LOSAng">28773.7093333333</dst>
            <dst id="NYCMng">53.3333333333333</dst>
            <dst id="SNVAng">7538.10666666667</dst>
            <dst id="STTLng">34629.3733333333</dst>
            <dst id="WASHng">53.3333333333333</dst>
        </src>
        <src id="STTLng">
            <dst id="ATLA-M5">135.432</dst>
            <dst id="ATLAng">7795.504</dst>
            <dst id="CHINng">10927.0106666667</dst>
            <dst id="DNVRng">3625.26666666667</dst>
            <dst id="HSTNng">413.325333333333</dst>
            <dst id="IPLSng">6458.71466666667</dst>
            <dst id="KSCYng">2792.66666666667</dst>
            <dst id="LOSAng">10332.3013333333</dst>
            <dst id="NYCMng">9994.04</dst>
            <dst id="SNVAng">7826.69066666667</dst>
            <dst id="STTLng">1293.032</dst>
            <dst id="WASHng">9227.608</dst>
        </src>
        <src id="WASHng">
            <dst id="ATLA-M5">1908.64</dst>
            <dst id="ATLAng">49432.08</dst>
            <dst id="CHINng">65223.4746666666</dst>
            <dst id="DNVRng">56727.0346666667</dst>
            <dst id="HSTNng">17020.6</dst>
            <dst id="IPLSng">55549.528</dst>
            <dst id="KSCYng">29927.9866666667</dst>
            <dst id="LOSAng">112867.933333333</dst>
            <dst id="NYCMng">149494.093333333</dst>
            <dst id="SNVAng">920.816</dst>
            <dst id="STTLng">42602.3786666667</dst>
            <dst id="WASHng">195934.976</dst>
        </src>
    </IntraTM>
</TrafficMatrixFile>
