<?xml version="1.0" encoding="ISO-8859-1" standalone="yes"?>
<TrafficMatrixFile xsi:noNamespaceSchemaLocation="http://totem.run.montefiore.ulg.ac.be/Schema/TrafficMatrix-v1_2.xsd" xmlns:xsi="http://www.w3.org/2001/XMLSchema-instance">
    <IntraTM ASID="11537">
        <src id="ATLA-M5">
            <dst id="ATLA-M5">0</dst>
            <dst id="ATLAng">0</dst>
            <dst id="CHINng">62.688</dst>
            <dst id="DNVRng">26.6666666666667</dst>
            <dst id="HSTNng">74.6666666666667</dst>
            <dst id="IPLSng">85.7066666666667</dst>
            <dst id="KSCYng">26.6666666666667</dst>
            <dst id="LOSAng">80</dst>
            <dst id="NYCMng">709.496</dst>
            <dst id="SNVAng">0</dst>
            <dst id="STTLng">26.6666666666667</dst>
            <dst id="WASHng">844.074666666667</dst>
        </src>
        <src id="ATLAng">
            <dst id="ATLA-M5">228.066666666667</dst>
            <dst id="ATLAng">48407.9146666667</dst>
            <dst id="CHINng">5227.90666666667</dst>
            <dst id="DNVRng">3532.42133333333</dst>
            <dst id="HSTNng">16546.2506666667</dst>
            <dst id="IPLSng">25294.0266666667</dst>
            <dst id="KSCYng">1659.13866666667</dst>
            <dst id="LOSAng">31813.592</dst>
            <dst id="NYCMng">2107.20533333333</dst>
            <dst id="SNVAng">110.869333333333</dst>
            <dst id="STTLng">3371.90133333333</dst>
            <dst id="WASHng">24036.912</dst>
        </src>
        <src id="CHINng">
            <dst id="ATLA-M5">64.8373333333333</dst>
            <dst id="ATLAng">11880.0186666667</dst>
            <dst id="CHINng">91978.9093333333</dst>
            <dst id="DNVRng">4020.736</dst>
            <dst id="HSTNng">8579.26133333333</dst>
            <dst id="IPLSng">35030.6586666667</dst>
            <dst id="KSCYng">9361.46133333333</dst>
            <dst id="LOSAng">22938.272</dst>
            <dst id="NYCMng">8995.38133333333</dst>
            <dst id="SNVAng">2699.584</dst>
            <dst id="STTLng">4327.696</dst>
            <dst id="WASHng">25838.9973333333</dst>
        </src>
        <src id="DNVRng">
            <dst id="ATLA-M5">168.906666666667</dst>
            <dst id="ATLAng">3678.688</dst>
            <dst id="CHINng">35781.3253333333</dst>
            <dst id="DNVRng">10498.5946666667</dst>
            <dst id="HSTNng">23059.4506666667</dst>
            <dst id="IPLSng">35322.3946666667</dst>
            <dst id="KSCYng">16923.6053333333</dst>
            <dst id="LOSAng">24198.7226666667</dst>
            <dst id="NYCMng">16330.712</dst>
            <dst id="SNVAng">9548.49066666667</dst>
            <dst id="STTLng">9291.02933333333</dst>
            <dst id="WASHng">40627.8186666667</dst>
        </src>
        <src id="HSTNng">
            <dst id="ATLA-M5">121.685333333333</dst>
            <dst id="ATLAng">6034.10133333333</dst>
            <dst id="CHINng">11540.032</dst>
            <dst id="DNVRng">2299.70933333333</dst>
            <dst id="HSTNng">15568.4693333333</dst>
            <dst id="IPLSng">3575.63733333333</dst>
            <dst id="KSCYng">8724.152</dst>
            <dst id="LOSAng">1353.57066666667</dst>
            <dst id="NYCMng">4264.43466666667</dst>
            <dst id="SNVAng">128.402666666667</dst>
            <dst id="STTLng">862.648</dst>
            <dst id="WASHng">4731.61333333333</dst>
        </src>
        <src id="IPLSng">
            <dst id="ATLA-M5">2342.78666666667</dst>
            <dst id="ATLAng">4468.66133333333</dst>
            <dst id="CHINng">65012.3493333334</dst>
            <dst id="DNVRng">19248.5386666667</dst>
            <dst id="HSTNng">4450.27733333333</dst>
            <dst id="IPLSng">8250.08</dst>
            <dst id="KSCYng">13247.5653333333</dst>
            <dst id="LOSAng">18691.6906666667</dst>
            <dst id="NYCMng">20678.8693333333</dst>
            <dst id="SNVAng">2450.13866666667</dst>
            <dst id="STTLng">14697.696</dst>
            <dst id="WASHng">10157.0746666667</dst>
        </src>
        <src id="KSCYng">
            <dst id="ATLA-M5">2000.4</dst>
            <dst id="ATLAng">3376.02933333333</dst>
            <dst id="CHINng">14354.192</dst>
            <dst id="DNVRng">5316.896</dst>
            <dst id="HSTNng">5773.08266666667</dst>
            <dst id="IPLSng">12338.64</dst>
            <dst id="KSCYng">10839.072</dst>
            <dst id="LOSAng">3309.776</dst>
            <dst id="NYCMng">1192.26666666667</dst>
            <dst id="SNVAng">2663.99466666667</dst>
            <dst id="STTLng">3092.76</dst>
            <dst id="WASHng">9541.09866666666</dst>
        </src>
        <src id="LOSAng">
            <dst id="ATLA-M5">166.901333333333</dst>
            <dst id="ATLAng">22679.0933333333</dst>
            <dst id="CHINng">66691.2106666667</dst>
            <dst id="DNVRng">10232.9733333333</dst>
            <dst id="HSTNng">2926.77066666667</dst>
            <dst id="IPLSng">15792.648</dst>
            <dst id="KSCYng">4271.24266666667</dst>
            <dst id="LOSAng">8802.88</dst>
            <dst id="NYCMng">45676.6053333333</dst>
            <dst id="SNVAng">21003.688</dst>
            <dst id="STTLng">21865.5973333333</dst>
            <dst id="WASHng">92436.8346666667</dst>
        </src>
        <src id="NYCMng">
            <dst id="ATLA-M5">1561.32266666667</dst>
            <dst id="ATLAng">9648.39466666667</dst>
            <dst id="CHINng">13859.04</dst>
            <dst id="DNVRng">26941.6426666667</dst>
            <dst id="HSTNng">15012.48</dst>
            <dst id="IPLSng">35193.192</dst>
            <dst id="KSCYng">4938.29066666667</dst>
            <dst id="LOSAng">71417.568</dst>
            <dst id="NYCMng">113235.064</dst>
            <dst id="SNVAng">3517.50933333333</dst>
            <dst id="STTLng">20840.5173333333</dst>
            <dst id="WASHng">40977.1333333333</dst>
        </src>
        <src id="SNVAng">
            <dst id="ATLA-M5">0</dst>
            <dst id="ATLAng">60.096</dst>
            <dst id="CHINng">80</dst>
            <dst id="DNVRng">1641.80266666667</dst>
            <dst id="HSTNng">86.9546666666667</dst>
            <dst id="IPLSng">9392.54133333333</dst>
            <dst id="KSCYng">0</dst>
            <dst id="LOSAng">27894.5146666667</dst>
            <dst id="NYCMng">80</dst>
            <dst id="SNVAng">6952.35733333333</dst>
            <dst id="STTLng">36054.0213333333</dst>
            <dst id="WASHng">26.6666666666667</dst>
        </src>
        <src id="STTLng">
            <dst id="ATLA-M5">37.9306666666667</dst>
            <dst id="ATLAng">8439.17333333333</dst>
            <dst id="CHINng">13405.552</dst>
            <dst id="DNVRng">2437.73333333333</dst>
            <dst id="HSTNng">1678.49066666667</dst>
            <dst id="IPLSng">15123.144</dst>
            <dst id="KSCYng">1497.104</dst>
            <dst id="LOSAng">15119.16</dst>
            <dst id="NYCMng">14674.3653333333</dst>
            <dst id="SNVAng">8678.02933333333</dst>
            <dst id="STTLng">1669.26933333333</dst>
            <dst id="WASHng">7054.14666666667</dst>
        </src>
        <src id="WASHng">
            <dst id="ATLA-M5">80</dst>
            <dst id="ATLAng">86943.3813333333</dst>
            <dst id="CHINng">55873.2933333333</dst>
            <dst id="DNVRng">51815.7386666667</dst>
            <dst id="HSTNng">19463.7146666667</dst>
            <dst id="IPLSng">42083.1413333333</dst>
            <dst id="KSCYng">33913.208</dst>
            <dst id="LOSAng">110904.437333333</dst>
            <dst id="NYCMng">128489.562666667</dst>
            <dst id="SNVAng">5620.91466666667</dst>
            <dst id="STTLng">24810.9786666667</dst>
            <dst id="WASHng">209104.450666667</dst>
        </src>
    </IntraTM>
</TrafficMatrixFile>
