<?xml version="1.0" encoding="ISO-8859-1" standalone="yes"?>
<TrafficMatrixFile xsi:noNamespaceSchemaLocation="http://totem.run.montefiore.ulg.ac.be/Schema/TrafficMatrix-v1_2.xsd" xmlns:xsi="http://www.w3.org/2001/XMLSchema-instance">
    <IntraTM ASID="11537">
        <src id="ATLA-M5">
            <dst id="ATLA-M5">0</dst>
            <dst id="ATLAng">0</dst>
            <dst id="CHINng">26.6666666666667</dst>
            <dst id="DNVRng">986.442666666667</dst>
            <dst id="HSTNng">48.256</dst>
            <dst id="IPLSng">0</dst>
            <dst id="KSCYng">0</dst>
            <dst id="LOSAng">26.6666666666667</dst>
            <dst id="NYCMng">53.3333333333333</dst>
            <dst id="SNVAng">42.5493333333333</dst>
            <dst id="STTLng">57.3973333333333</dst>
            <dst id="WASHng">201.165333333333</dst>
        </src>
        <src id="ATLAng">
            <dst id="ATLA-M5">47.944</dst>
            <dst id="ATLAng">20213.6906666667</dst>
            <dst id="CHINng">5056.17066666667</dst>
            <dst id="DNVRng">2603.584</dst>
            <dst id="HSTNng">678.802666666667</dst>
            <dst id="IPLSng">10993.3093333333</dst>
            <dst id="KSCYng">425.642666666667</dst>
            <dst id="LOSAng">10640.1253333333</dst>
            <dst id="NYCMng">1269.34666666667</dst>
            <dst id="SNVAng">46.424</dst>
            <dst id="STTLng">3059.43466666667</dst>
            <dst id="WASHng">27626.8933333333</dst>
        </src>
        <src id="CHINng">
            <dst id="ATLA-M5">0</dst>
            <dst id="ATLAng">5300.77866666667</dst>
            <dst id="CHINng">28804.5386666667</dst>
            <dst id="DNVRng">4543.88533333333</dst>
            <dst id="HSTNng">16786.1573333333</dst>
            <dst id="IPLSng">15004.4826666667</dst>
            <dst id="KSCYng">4163.96533333333</dst>
            <dst id="LOSAng">23265.016</dst>
            <dst id="NYCMng">20883.0693333333</dst>
            <dst id="SNVAng">516.645333333333</dst>
            <dst id="STTLng">10342.3413333333</dst>
            <dst id="WASHng">17180.9146666667</dst>
        </src>
        <src id="DNVRng">
            <dst id="ATLA-M5">196.586666666667</dst>
            <dst id="ATLAng">3411.22933333333</dst>
            <dst id="CHINng">38232.6506666667</dst>
            <dst id="DNVRng">10334.1173333333</dst>
            <dst id="HSTNng">20937</dst>
            <dst id="IPLSng">29866.5226666667</dst>
            <dst id="KSCYng">18686.4053333333</dst>
            <dst id="LOSAng">9468.00533333333</dst>
            <dst id="NYCMng">17393.648</dst>
            <dst id="SNVAng">7876.336</dst>
            <dst id="STTLng">7757.14933333333</dst>
            <dst id="WASHng">54411.824</dst>
        </src>
        <src id="HSTNng">
            <dst id="ATLA-M5">1975.91466666667</dst>
            <dst id="ATLAng">1803.26933333333</dst>
            <dst id="CHINng">5992.07733333333</dst>
            <dst id="DNVRng">697.613333333333</dst>
            <dst id="HSTNng">17637.0053333333</dst>
            <dst id="IPLSng">5298.72</dst>
            <dst id="KSCYng">1031.336</dst>
            <dst id="LOSAng">6328.55733333333</dst>
            <dst id="NYCMng">1575.05066666667</dst>
            <dst id="SNVAng">0</dst>
            <dst id="STTLng">504.594666666667</dst>
            <dst id="WASHng">2619.83733333333</dst>
        </src>
        <src id="IPLSng">
            <dst id="ATLA-M5">0</dst>
            <dst id="ATLAng">5663.40266666667</dst>
            <dst id="CHINng">30056.624</dst>
            <dst id="DNVRng">6850.96266666667</dst>
            <dst id="HSTNng">708.997333333333</dst>
            <dst id="IPLSng">4093.832</dst>
            <dst id="KSCYng">2229.96266666667</dst>
            <dst id="LOSAng">17125.7253333333</dst>
            <dst id="NYCMng">10981.5093333333</dst>
            <dst id="SNVAng">137.205333333333</dst>
            <dst id="STTLng">6097.18133333333</dst>
            <dst id="WASHng">14183.76</dst>
        </src>
        <src id="KSCYng">
            <dst id="ATLA-M5">0</dst>
            <dst id="ATLAng">5709.736</dst>
            <dst id="CHINng">6325.25866666667</dst>
            <dst id="DNVRng">7027.57333333333</dst>
            <dst id="HSTNng">6145.99466666667</dst>
            <dst id="IPLSng">11034.2053333333</dst>
            <dst id="KSCYng">8531.54933333333</dst>
            <dst id="LOSAng">4078.47466666667</dst>
            <dst id="NYCMng">1299.808</dst>
            <dst id="SNVAng">2328.832</dst>
            <dst id="STTLng">1029.176</dst>
            <dst id="WASHng">18920.1466666667</dst>
        </src>
        <src id="LOSAng">
            <dst id="ATLA-M5">115.549333333333</dst>
            <dst id="ATLAng">8627.352</dst>
            <dst id="CHINng">37485.928</dst>
            <dst id="DNVRng">10166.5066666667</dst>
            <dst id="HSTNng">16657.152</dst>
            <dst id="IPLSng">16389.976</dst>
            <dst id="KSCYng">4932.56266666667</dst>
            <dst id="LOSAng">17438.2133333333</dst>
            <dst id="NYCMng">18027.7173333333</dst>
            <dst id="SNVAng">35757.4</dst>
            <dst id="STTLng">19641.176</dst>
            <dst id="WASHng">85584.6186666667</dst>
        </src>
        <src id="NYCMng">
            <dst id="ATLA-M5">269.669333333333</dst>
            <dst id="ATLAng">6934.656</dst>
            <dst id="CHINng">20555.1786666667</dst>
            <dst id="DNVRng">25476.5146666667</dst>
            <dst id="HSTNng">5775.81066666667</dst>
            <dst id="IPLSng">9058.032</dst>
            <dst id="KSCYng">7855.19733333333</dst>
            <dst id="LOSAng">52592.512</dst>
            <dst id="NYCMng">56604.2986666667</dst>
            <dst id="SNVAng">761.672</dst>
            <dst id="STTLng">13040.0613333333</dst>
            <dst id="WASHng">34206.952</dst>
        </src>
        <src id="SNVAng">
            <dst id="ATLA-M5">0</dst>
            <dst id="ATLAng">26.6666666666667</dst>
            <dst id="CHINng">53.3333333333333</dst>
            <dst id="DNVRng">10319.528</dst>
            <dst id="HSTNng">0</dst>
            <dst id="IPLSng">256.666666666667</dst>
            <dst id="KSCYng">26.6666666666667</dst>
            <dst id="LOSAng">36231.344</dst>
            <dst id="NYCMng">53.3333333333333</dst>
            <dst id="SNVAng">12229.8533333333</dst>
            <dst id="STTLng">47557.6506666667</dst>
            <dst id="WASHng">26.6666666666667</dst>
        </src>
        <src id="STTLng">
            <dst id="ATLA-M5">115.018666666667</dst>
            <dst id="ATLAng">6723.49066666667</dst>
            <dst id="CHINng">8439.57066666667</dst>
            <dst id="DNVRng">1602.30666666667</dst>
            <dst id="HSTNng">1021.064</dst>
            <dst id="IPLSng">5109.62933333334</dst>
            <dst id="KSCYng">1318.62666666667</dst>
            <dst id="LOSAng">11977.4373333333</dst>
            <dst id="NYCMng">15447.864</dst>
            <dst id="SNVAng">8639.62666666667</dst>
            <dst id="STTLng">1451.02666666667</dst>
            <dst id="WASHng">4351.19466666667</dst>
        </src>
        <src id="WASHng">
            <dst id="ATLA-M5">333.333333333333</dst>
            <dst id="ATLAng">57249.1866666667</dst>
            <dst id="CHINng">64112.696</dst>
            <dst id="DNVRng">53266.8533333333</dst>
            <dst id="HSTNng">33219.6586666667</dst>
            <dst id="IPLSng">52195.9813333333</dst>
            <dst id="KSCYng">46141.0186666667</dst>
            <dst id="LOSAng">109552.293333333</dst>
            <dst id="NYCMng">138251.858666667</dst>
            <dst id="SNVAng">624.637333333333</dst>
            <dst id="STTLng">44401.6186666667</dst>
            <dst id="WASHng">169722.789333333</dst>
        </src>
    </IntraTM>
</TrafficMatrixFile>
