<?xml version="1.0" encoding="ISO-8859-1" standalone="yes"?>
<TrafficMatrixFile xsi:noNamespaceSchemaLocation="http://totem.run.montefiore.ulg.ac.be/Schema/TrafficMatrix-v1_2.xsd" xmlns:xsi="http://www.w3.org/2001/XMLSchema-instance">
    <IntraTM ASID="11537">
        <src id="ATLA-M5">
            <dst id="ATLA-M5">0</dst>
            <dst id="ATLAng">0</dst>
            <dst id="CHINng">60.864</dst>
            <dst id="DNVRng">0</dst>
            <dst id="HSTNng">107.277333333333</dst>
            <dst id="IPLSng">0</dst>
            <dst id="KSCYng">0</dst>
            <dst id="LOSAng">30.0853333333333</dst>
            <dst id="NYCMng">39.0666666666667</dst>
            <dst id="SNVAng">0</dst>
            <dst id="STTLng">65.9146666666667</dst>
            <dst id="WASHng">80</dst>
        </src>
        <src id="ATLAng">
            <dst id="ATLA-M5">0</dst>
            <dst id="ATLAng">23028.952</dst>
            <dst id="CHINng">4942.6</dst>
            <dst id="DNVRng">2339.80533333333</dst>
            <dst id="HSTNng">271.373333333333</dst>
            <dst id="IPLSng">10221.128</dst>
            <dst id="KSCYng">680.178666666667</dst>
            <dst id="LOSAng">9082.156</dst>
            <dst id="NYCMng">3213.72266666667</dst>
            <dst id="SNVAng">165.828</dst>
            <dst id="STTLng">4820.29866666667</dst>
            <dst id="WASHng">52574.7893333333</dst>
        </src>
        <src id="CHINng">
            <dst id="ATLA-M5">0</dst>
            <dst id="ATLAng">3931.38666666667</dst>
            <dst id="CHINng">47101.464</dst>
            <dst id="DNVRng">3637.936</dst>
            <dst id="HSTNng">11211.1546666667</dst>
            <dst id="IPLSng">18798.2933333333</dst>
            <dst id="KSCYng">4104.232</dst>
            <dst id="LOSAng">24260.3493333333</dst>
            <dst id="NYCMng">26338.3973333333</dst>
            <dst id="SNVAng">28.6826666666667</dst>
            <dst id="STTLng">8289.34933333334</dst>
            <dst id="WASHng">12172.7546666667</dst>
        </src>
        <src id="DNVRng">
            <dst id="ATLA-M5">87.0746666666667</dst>
            <dst id="ATLAng">4575.208</dst>
            <dst id="CHINng">36927.5733333333</dst>
            <dst id="DNVRng">2284.936</dst>
            <dst id="HSTNng">19855.5866666667</dst>
            <dst id="IPLSng">31125.3226666667</dst>
            <dst id="KSCYng">12194.0106666667</dst>
            <dst id="LOSAng">3555.592</dst>
            <dst id="NYCMng">12153.0133333333</dst>
            <dst id="SNVAng">3522.83733333333</dst>
            <dst id="STTLng">6617.816</dst>
            <dst id="WASHng">31618.9146666667</dst>
        </src>
        <src id="HSTNng">
            <dst id="ATLA-M5">4054.18666666667</dst>
            <dst id="ATLAng">1382.504</dst>
            <dst id="CHINng">7709.10133333333</dst>
            <dst id="DNVRng">771.821333333333</dst>
            <dst id="HSTNng">15220.7946666667</dst>
            <dst id="IPLSng">3930.376</dst>
            <dst id="KSCYng">475.637333333333</dst>
            <dst id="LOSAng">1754.91466666667</dst>
            <dst id="NYCMng">1156.02133333333</dst>
            <dst id="SNVAng">26.6666666666667</dst>
            <dst id="STTLng">1813.70666666667</dst>
            <dst id="WASHng">4910.6</dst>
        </src>
        <src id="IPLSng">
            <dst id="ATLA-M5">0</dst>
            <dst id="ATLAng">4095.648</dst>
            <dst id="CHINng">37247.2533333333</dst>
            <dst id="DNVRng">5540.82133333334</dst>
            <dst id="HSTNng">1403.66133333333</dst>
            <dst id="IPLSng">2186.27466666667</dst>
            <dst id="KSCYng">1731.70666666667</dst>
            <dst id="LOSAng">23499.3973333333</dst>
            <dst id="NYCMng">32398.76</dst>
            <dst id="SNVAng">243.736</dst>
            <dst id="STTLng">6548.008</dst>
            <dst id="WASHng">6465.37333333333</dst>
        </src>
        <src id="KSCYng">
            <dst id="ATLA-M5">0</dst>
            <dst id="ATLAng">2212.25333333333</dst>
            <dst id="CHINng">8364.76</dst>
            <dst id="DNVRng">4176.88</dst>
            <dst id="HSTNng">3126.57066666667</dst>
            <dst id="IPLSng">7895.42933333333</dst>
            <dst id="KSCYng">6391.58133333333</dst>
            <dst id="LOSAng">3670.71733333333</dst>
            <dst id="NYCMng">2724.97866666667</dst>
            <dst id="SNVAng">1975.168</dst>
            <dst id="STTLng">859.725333333333</dst>
            <dst id="WASHng">9831.08</dst>
        </src>
        <src id="LOSAng">
            <dst id="ATLA-M5">0</dst>
            <dst id="ATLAng">7076.13866666667</dst>
            <dst id="CHINng">55444.9413333333</dst>
            <dst id="DNVRng">6506.01866666667</dst>
            <dst id="HSTNng">13790.656</dst>
            <dst id="IPLSng">4748.552</dst>
            <dst id="KSCYng">1753.73866666667</dst>
            <dst id="LOSAng">7122.85066666667</dst>
            <dst id="NYCMng">17512.4613333333</dst>
            <dst id="SNVAng">18336.016</dst>
            <dst id="STTLng">20607.4373333333</dst>
            <dst id="WASHng">76186.64</dst>
        </src>
        <src id="NYCMng">
            <dst id="ATLA-M5">0</dst>
            <dst id="ATLAng">7609.128</dst>
            <dst id="CHINng">16390.168</dst>
            <dst id="DNVRng">24288.7226666667</dst>
            <dst id="HSTNng">6268.824</dst>
            <dst id="IPLSng">25850.6026666667</dst>
            <dst id="KSCYng">4289.40266666667</dst>
            <dst id="LOSAng">49852.8346666667</dst>
            <dst id="NYCMng">58212.4346666667</dst>
            <dst id="SNVAng">2426.92533333333</dst>
            <dst id="STTLng">15160.336</dst>
            <dst id="WASHng">40179.1946666667</dst>
        </src>
        <src id="SNVAng">
            <dst id="ATLA-M5">0</dst>
            <dst id="ATLAng">26.6666666666667</dst>
            <dst id="CHINng">54.624</dst>
            <dst id="DNVRng">3347.12266666667</dst>
            <dst id="HSTNng">0</dst>
            <dst id="IPLSng">251.477333333333</dst>
            <dst id="KSCYng">0</dst>
            <dst id="LOSAng">31574.0053333333</dst>
            <dst id="NYCMng">53.3333333333333</dst>
            <dst id="SNVAng">7624.144</dst>
            <dst id="STTLng">35350.1306666667</dst>
            <dst id="WASHng">26.6666666666667</dst>
        </src>
        <src id="STTLng">
            <dst id="ATLA-M5">203.504</dst>
            <dst id="ATLAng">5787.04</dst>
            <dst id="CHINng">16775.5146666667</dst>
            <dst id="DNVRng">626.709333333333</dst>
            <dst id="HSTNng">386.717333333333</dst>
            <dst id="IPLSng">3588.424</dst>
            <dst id="KSCYng">522.498666666667</dst>
            <dst id="LOSAng">9512.688</dst>
            <dst id="NYCMng">10232.3333333333</dst>
            <dst id="SNVAng">13334.4533333333</dst>
            <dst id="STTLng">1179.67733333333</dst>
            <dst id="WASHng">5596.87466666667</dst>
        </src>
        <src id="WASHng">
            <dst id="ATLA-M5">255.658666666667</dst>
            <dst id="ATLAng">74599.5706666667</dst>
            <dst id="CHINng">53823.0533333333</dst>
            <dst id="DNVRng">34299.4533333333</dst>
            <dst id="HSTNng">6500.832</dst>
            <dst id="IPLSng">63561.0986666667</dst>
            <dst id="KSCYng">25364.4853333333</dst>
            <dst id="LOSAng">103020.658666667</dst>
            <dst id="NYCMng">116559.546666667</dst>
            <dst id="SNVAng">371.421333333333</dst>
            <dst id="STTLng">23764.968</dst>
            <dst id="WASHng">204944.933333333</dst>
        </src>
    </IntraTM>
</TrafficMatrixFile>
