<?xml version="1.0" encoding="ISO-8859-1" standalone="yes"?>
<TrafficMatrixFile xsi:noNamespaceSchemaLocation="http://totem.run.montefiore.ulg.ac.be/Schema/TrafficMatrix-v1_2.xsd" xmlns:xsi="http://www.w3.org/2001/XMLSchema-instance">
    <IntraTM ASID="11537">
        <src id="ATLA-M5">
            <dst id="ATLA-M5">0</dst>
            <dst id="ATLAng">0</dst>
            <dst id="CHINng">26.6666666666667</dst>
            <dst id="DNVRng">1168.05333333333</dst>
            <dst id="HSTNng">103.194666666667</dst>
            <dst id="IPLSng">0</dst>
            <dst id="KSCYng">0</dst>
            <dst id="LOSAng">0</dst>
            <dst id="NYCMng">93.2266666666667</dst>
            <dst id="SNVAng">0</dst>
            <dst id="STTLng">55.1946666666667</dst>
            <dst id="WASHng">53.3333333333333</dst>
        </src>
        <src id="ATLAng">
            <dst id="ATLA-M5">28.088</dst>
            <dst id="ATLAng">32960.584</dst>
            <dst id="CHINng">3324.00533333333</dst>
            <dst id="DNVRng">5958.704</dst>
            <dst id="HSTNng">470.706666666667</dst>
            <dst id="IPLSng">16193.024</dst>
            <dst id="KSCYng">279.061333333333</dst>
            <dst id="LOSAng">12736.3053333333</dst>
            <dst id="NYCMng">3027.11466666667</dst>
            <dst id="SNVAng">1560.76933333333</dst>
            <dst id="STTLng">5545.02666666667</dst>
            <dst id="WASHng">26512.6213333333</dst>
        </src>
        <src id="CHINng">
            <dst id="ATLA-M5">0</dst>
            <dst id="ATLAng">6493.61333333333</dst>
            <dst id="CHINng">46579.5813333333</dst>
            <dst id="DNVRng">8519.87733333333</dst>
            <dst id="HSTNng">8877.84533333333</dst>
            <dst id="IPLSng">30187.0133333333</dst>
            <dst id="KSCYng">9320.65866666667</dst>
            <dst id="LOSAng">26459.3813333333</dst>
            <dst id="NYCMng">22646.7866666667</dst>
            <dst id="SNVAng">2433.32</dst>
            <dst id="STTLng">12836.8826666667</dst>
            <dst id="WASHng">13625.92</dst>
        </src>
        <src id="DNVRng">
            <dst id="ATLA-M5">131.690666666667</dst>
            <dst id="ATLAng">2721.128</dst>
            <dst id="CHINng">36986.2346666667</dst>
            <dst id="DNVRng">12307.16</dst>
            <dst id="HSTNng">25292.0106666667</dst>
            <dst id="IPLSng">29316.92</dst>
            <dst id="KSCYng">20571.0746666667</dst>
            <dst id="LOSAng">18040.7146666667</dst>
            <dst id="NYCMng">15865.64</dst>
            <dst id="SNVAng">9282.13866666667</dst>
            <dst id="STTLng">4841.59733333333</dst>
            <dst id="WASHng">40927.7093333333</dst>
        </src>
        <src id="HSTNng">
            <dst id="ATLA-M5">5510.376</dst>
            <dst id="ATLAng">2337.168</dst>
            <dst id="CHINng">8842.80533333333</dst>
            <dst id="DNVRng">817.005333333333</dst>
            <dst id="HSTNng">18934.3946666667</dst>
            <dst id="IPLSng">1698.256</dst>
            <dst id="KSCYng">471.789333333333</dst>
            <dst id="LOSAng">3173.40266666667</dst>
            <dst id="NYCMng">2039.78666666667</dst>
            <dst id="SNVAng">0</dst>
            <dst id="STTLng">631.088</dst>
            <dst id="WASHng">2256.264</dst>
        </src>
        <src id="IPLSng">
            <dst id="ATLA-M5">26.6666666666667</dst>
            <dst id="ATLAng">5370.01866666667</dst>
            <dst id="CHINng">26492.8586666667</dst>
            <dst id="DNVRng">14524.4053333333</dst>
            <dst id="HSTNng">3332.86666666667</dst>
            <dst id="IPLSng">3924.46133333333</dst>
            <dst id="KSCYng">15869.9653333333</dst>
            <dst id="LOSAng">12308.1573333333</dst>
            <dst id="NYCMng">3453.75733333333</dst>
            <dst id="SNVAng">187.52</dst>
            <dst id="STTLng">3436.11733333333</dst>
            <dst id="WASHng">14704.0613333333</dst>
        </src>
        <src id="KSCYng">
            <dst id="ATLA-M5">0</dst>
            <dst id="ATLAng">2155.85066666667</dst>
            <dst id="CHINng">8796.728</dst>
            <dst id="DNVRng">5433.072</dst>
            <dst id="HSTNng">3118.78133333333</dst>
            <dst id="IPLSng">11690.6906666667</dst>
            <dst id="KSCYng">12723.0266666667</dst>
            <dst id="LOSAng">3721.14933333333</dst>
            <dst id="NYCMng">1408.96266666667</dst>
            <dst id="SNVAng">1926.83733333333</dst>
            <dst id="STTLng">1162.61333333333</dst>
            <dst id="WASHng">10117.1333333333</dst>
        </src>
        <src id="LOSAng">
            <dst id="ATLA-M5">26.6666666666667</dst>
            <dst id="ATLAng">7709.168</dst>
            <dst id="CHINng">50002.7066666667</dst>
            <dst id="DNVRng">7218.832</dst>
            <dst id="HSTNng">4778.57066666667</dst>
            <dst id="IPLSng">10699.3653333333</dst>
            <dst id="KSCYng">3219.672</dst>
            <dst id="LOSAng">11846.5626666667</dst>
            <dst id="NYCMng">22972.7733333333</dst>
            <dst id="SNVAng">21582.576</dst>
            <dst id="STTLng">22769.4026666667</dst>
            <dst id="WASHng">76862.1813333333</dst>
        </src>
        <src id="NYCMng">
            <dst id="ATLA-M5">0</dst>
            <dst id="ATLAng">17340.088</dst>
            <dst id="CHINng">15114.5946666667</dst>
            <dst id="DNVRng">20619.5413333333</dst>
            <dst id="HSTNng">1581.82133333333</dst>
            <dst id="IPLSng">10139.4613333333</dst>
            <dst id="KSCYng">4499.77333333333</dst>
            <dst id="LOSAng">56210.2613333333</dst>
            <dst id="NYCMng">85570.44</dst>
            <dst id="SNVAng">2389.66666666667</dst>
            <dst id="STTLng">20571.4986666667</dst>
            <dst id="WASHng">29728.9573333333</dst>
        </src>
        <src id="SNVAng">
            <dst id="ATLA-M5">0</dst>
            <dst id="ATLAng">88.8293333333333</dst>
            <dst id="CHINng">26.6666666666667</dst>
            <dst id="DNVRng">739.181333333333</dst>
            <dst id="HSTNng">0</dst>
            <dst id="IPLSng">198.989333333333</dst>
            <dst id="KSCYng">0</dst>
            <dst id="LOSAng">24745.52</dst>
            <dst id="NYCMng">0</dst>
            <dst id="SNVAng">7259.344</dst>
            <dst id="STTLng">29525.376</dst>
            <dst id="WASHng">53.3333333333333</dst>
        </src>
        <src id="STTLng">
            <dst id="ATLA-M5">83.408</dst>
            <dst id="ATLAng">5633.42666666667</dst>
            <dst id="CHINng">18287.72</dst>
            <dst id="DNVRng">704.36</dst>
            <dst id="HSTNng">397.925333333333</dst>
            <dst id="IPLSng">3613.31733333333</dst>
            <dst id="KSCYng">2815.77066666667</dst>
            <dst id="LOSAng">11035.6266666667</dst>
            <dst id="NYCMng">9999.61066666667</dst>
            <dst id="SNVAng">9407.176</dst>
            <dst id="STTLng">1751.17866666667</dst>
            <dst id="WASHng">3288.65066666667</dst>
        </src>
        <src id="WASHng">
            <dst id="ATLA-M5">394.954666666667</dst>
            <dst id="ATLAng">80990.648</dst>
            <dst id="CHINng">67284.4</dst>
            <dst id="DNVRng">56989.1893333333</dst>
            <dst id="HSTNng">24053.6453333333</dst>
            <dst id="IPLSng">65132.6853333333</dst>
            <dst id="KSCYng">36161.3706666667</dst>
            <dst id="LOSAng">86783.968</dst>
            <dst id="NYCMng">149982.877333333</dst>
            <dst id="SNVAng">3293.81066666667</dst>
            <dst id="STTLng">35071.0533333333</dst>
            <dst id="WASHng">234399.554666667</dst>
        </src>
    </IntraTM>
</TrafficMatrixFile>
