<?xml version="1.0" encoding="ISO-8859-1" standalone="yes"?>
<TrafficMatrixFile xsi:noNamespaceSchemaLocation="http://totem.run.montefiore.ulg.ac.be/Schema/TrafficMatrix-v1_2.xsd" xmlns:xsi="http://www.w3.org/2001/XMLSchema-instance">
    <IntraTM ASID="11537">
        <src id="ATLA-M5">
            <dst id="ATLA-M5">0</dst>
            <dst id="ATLAng">0</dst>
            <dst id="CHINng">106.666666666667</dst>
            <dst id="DNVRng">0</dst>
            <dst id="HSTNng">81</dst>
            <dst id="IPLSng">0</dst>
            <dst id="KSCYng">0</dst>
            <dst id="LOSAng">36.192</dst>
            <dst id="NYCMng">77.36</dst>
            <dst id="SNVAng">0</dst>
            <dst id="STTLng">73.6053333333333</dst>
            <dst id="WASHng">26.6666666666667</dst>
        </src>
        <src id="ATLAng">
            <dst id="ATLA-M5">48.6826666666667</dst>
            <dst id="ATLAng">29910.864</dst>
            <dst id="CHINng">3927.41066666667</dst>
            <dst id="DNVRng">3177.58933333333</dst>
            <dst id="HSTNng">663.498666666667</dst>
            <dst id="IPLSng">14617.184</dst>
            <dst id="KSCYng">277</dst>
            <dst id="LOSAng">10098.952</dst>
            <dst id="NYCMng">5600.86133333333</dst>
            <dst id="SNVAng">0</dst>
            <dst id="STTLng">4159.61333333333</dst>
            <dst id="WASHng">20810.6533333333</dst>
        </src>
        <src id="CHINng">
            <dst id="ATLA-M5">0</dst>
            <dst id="ATLAng">4191.31466666667</dst>
            <dst id="CHINng">59937.8666666667</dst>
            <dst id="DNVRng">8189.704</dst>
            <dst id="HSTNng">6995.58933333334</dst>
            <dst id="IPLSng">18252.5173333333</dst>
            <dst id="KSCYng">5837.30933333333</dst>
            <dst id="LOSAng">25045.7653333333</dst>
            <dst id="NYCMng">23052.4346666667</dst>
            <dst id="SNVAng">6443.69066666667</dst>
            <dst id="STTLng">2976.936</dst>
            <dst id="WASHng">8433.952</dst>
        </src>
        <src id="DNVRng">
            <dst id="ATLA-M5">122.666666666667</dst>
            <dst id="ATLAng">8550.304</dst>
            <dst id="CHINng">35682.4026666667</dst>
            <dst id="DNVRng">6661.55733333333</dst>
            <dst id="HSTNng">18771.8773333333</dst>
            <dst id="IPLSng">29082.6346666667</dst>
            <dst id="KSCYng">15746.2346666667</dst>
            <dst id="LOSAng">5035.552</dst>
            <dst id="NYCMng">11223.072</dst>
            <dst id="SNVAng">5008.92</dst>
            <dst id="STTLng">4640.11733333333</dst>
            <dst id="WASHng">48690.2506666667</dst>
        </src>
        <src id="HSTNng">
            <dst id="ATLA-M5">3968.66666666667</dst>
            <dst id="ATLAng">1239.87733333333</dst>
            <dst id="CHINng">4156.736</dst>
            <dst id="DNVRng">615.314666666667</dst>
            <dst id="HSTNng">19907.9306666667</dst>
            <dst id="IPLSng">6753.16266666667</dst>
            <dst id="KSCYng">2138.24266666667</dst>
            <dst id="LOSAng">1489.384</dst>
            <dst id="NYCMng">1191.4</dst>
            <dst id="SNVAng">26.6666666666667</dst>
            <dst id="STTLng">404.258666666667</dst>
            <dst id="WASHng">2162.14666666667</dst>
        </src>
        <src id="IPLSng">
            <dst id="ATLA-M5">0</dst>
            <dst id="ATLAng">17069.008</dst>
            <dst id="CHINng">30867.92</dst>
            <dst id="DNVRng">18803.4906666667</dst>
            <dst id="HSTNng">3297.58933333333</dst>
            <dst id="IPLSng">24256.0693333333</dst>
            <dst id="KSCYng">2286.704</dst>
            <dst id="LOSAng">18520.6453333333</dst>
            <dst id="NYCMng">12697.4213333333</dst>
            <dst id="SNVAng">297.704</dst>
            <dst id="STTLng">6567.58133333333</dst>
            <dst id="WASHng">9353.35466666667</dst>
        </src>
        <src id="KSCYng">
            <dst id="ATLA-M5">0</dst>
            <dst id="ATLAng">3843.592</dst>
            <dst id="CHINng">7529.216</dst>
            <dst id="DNVRng">5269.36533333333</dst>
            <dst id="HSTNng">12189.7173333333</dst>
            <dst id="IPLSng">10678.4373333333</dst>
            <dst id="KSCYng">8639.19733333333</dst>
            <dst id="LOSAng">3954.58133333333</dst>
            <dst id="NYCMng">1082.51733333333</dst>
            <dst id="SNVAng">2215.136</dst>
            <dst id="STTLng">7027.83733333333</dst>
            <dst id="WASHng">9066.42133333333</dst>
        </src>
        <src id="LOSAng">
            <dst id="ATLA-M5">57.2666666666667</dst>
            <dst id="ATLAng">8089.86933333333</dst>
            <dst id="CHINng">39910.3786666667</dst>
            <dst id="DNVRng">7434.072</dst>
            <dst id="HSTNng">3307.93066666667</dst>
            <dst id="IPLSng">15623.8053333333</dst>
            <dst id="KSCYng">3055.88</dst>
            <dst id="LOSAng">9259.84</dst>
            <dst id="NYCMng">15510.5413333333</dst>
            <dst id="SNVAng">20079.8586666667</dst>
            <dst id="STTLng">19494.032</dst>
            <dst id="WASHng">77100.4906666667</dst>
        </src>
        <src id="NYCMng">
            <dst id="ATLA-M5">163.693333333333</dst>
            <dst id="ATLAng">6204.38666666666</dst>
            <dst id="CHINng">18265.24</dst>
            <dst id="DNVRng">20511.1786666667</dst>
            <dst id="HSTNng">2490.57333333333</dst>
            <dst id="IPLSng">6664.30666666667</dst>
            <dst id="KSCYng">4417.21066666667</dst>
            <dst id="LOSAng">39896.736</dst>
            <dst id="NYCMng">49517.0746666667</dst>
            <dst id="SNVAng">4374.064</dst>
            <dst id="STTLng">12536.7066666667</dst>
            <dst id="WASHng">47578.7093333333</dst>
        </src>
        <src id="SNVAng">
            <dst id="ATLA-M5">0</dst>
            <dst id="ATLAng">26.6666666666667</dst>
            <dst id="CHINng">0</dst>
            <dst id="DNVRng">248.021333333333</dst>
            <dst id="HSTNng">0</dst>
            <dst id="IPLSng">162.037333333333</dst>
            <dst id="KSCYng">26.6666666666667</dst>
            <dst id="LOSAng">31040.8613333333</dst>
            <dst id="NYCMng">106.666666666667</dst>
            <dst id="SNVAng">7417</dst>
            <dst id="STTLng">33910.1093333333</dst>
            <dst id="WASHng">118.981333333333</dst>
        </src>
        <src id="STTLng">
            <dst id="ATLA-M5">110.128</dst>
            <dst id="ATLAng">6276.61866666667</dst>
            <dst id="CHINng">9423.25333333333</dst>
            <dst id="DNVRng">1304.456</dst>
            <dst id="HSTNng">501.816</dst>
            <dst id="IPLSng">6853.52266666667</dst>
            <dst id="KSCYng">1589.86933333333</dst>
            <dst id="LOSAng">8238.09066666667</dst>
            <dst id="NYCMng">8184.60533333334</dst>
            <dst id="SNVAng">8139.144</dst>
            <dst id="STTLng">1189.896</dst>
            <dst id="WASHng">4481.65333333333</dst>
        </src>
        <src id="WASHng">
            <dst id="ATLA-M5">341.674666666667</dst>
            <dst id="ATLAng">118956.424</dst>
            <dst id="CHINng">60098.5813333333</dst>
            <dst id="DNVRng">52423.6933333333</dst>
            <dst id="HSTNng">47875.4053333333</dst>
            <dst id="IPLSng">58220.6186666666</dst>
            <dst id="KSCYng">27122.9706666667</dst>
            <dst id="LOSAng">91542.608</dst>
            <dst id="NYCMng">128967.413333333</dst>
            <dst id="SNVAng">4569.09333333333</dst>
            <dst id="STTLng">17312.7493333333</dst>
            <dst id="WASHng">173954.952</dst>
        </src>
    </IntraTM>
</TrafficMatrixFile>
