<?xml version="1.0" encoding="ISO-8859-1" standalone="yes"?>
<TrafficMatrixFile xsi:noNamespaceSchemaLocation="http://totem.run.montefiore.ulg.ac.be/Schema/TrafficMatrix-v1_2.xsd" xmlns:xsi="http://www.w3.org/2001/XMLSchema-instance">
    <IntraTM ASID="11537">
        <src id="ATLA-M5">
            <dst id="ATLA-M5">3852.62133333333</dst>
            <dst id="ATLAng">26.6666666666667</dst>
            <dst id="CHINng">167.373333333333</dst>
            <dst id="DNVRng">0</dst>
            <dst id="HSTNng">26.6666666666667</dst>
            <dst id="IPLSng">39.7546666666667</dst>
            <dst id="KSCYng">0</dst>
            <dst id="LOSAng">26.6666666666667</dst>
            <dst id="NYCMng">0</dst>
            <dst id="SNVAng">0</dst>
            <dst id="STTLng">472.834666666667</dst>
            <dst id="WASHng">452.8</dst>
        </src>
        <src id="ATLAng">
            <dst id="ATLA-M5">79.2026666666667</dst>
            <dst id="ATLAng">32270.9706666667</dst>
            <dst id="CHINng">10205.2826666667</dst>
            <dst id="DNVRng">2651.856</dst>
            <dst id="HSTNng">496.365333333333</dst>
            <dst id="IPLSng">17872.68</dst>
            <dst id="KSCYng">1066.65333333333</dst>
            <dst id="LOSAng">9473.332</dst>
            <dst id="NYCMng">1592.80533333333</dst>
            <dst id="SNVAng">4939.436</dst>
            <dst id="STTLng">1939.85066666667</dst>
            <dst id="WASHng">27105.744</dst>
        </src>
        <src id="CHINng">
            <dst id="ATLA-M5">1556.26933333333</dst>
            <dst id="ATLAng">7961.01066666667</dst>
            <dst id="CHINng">75088.6346666667</dst>
            <dst id="DNVRng">5172.59466666667</dst>
            <dst id="HSTNng">4387.22933333333</dst>
            <dst id="IPLSng">10938.632</dst>
            <dst id="KSCYng">6138.984</dst>
            <dst id="LOSAng">7260.33333333333</dst>
            <dst id="NYCMng">9045.54933333333</dst>
            <dst id="SNVAng">31130.528</dst>
            <dst id="STTLng">7373.51733333333</dst>
            <dst id="WASHng">13013.1626666667</dst>
        </src>
        <src id="DNVRng">
            <dst id="ATLA-M5">108.8</dst>
            <dst id="ATLAng">2803.37333333333</dst>
            <dst id="CHINng">63737.48</dst>
            <dst id="DNVRng">9603.54933333333</dst>
            <dst id="HSTNng">21102.0773333333</dst>
            <dst id="IPLSng">26072.1146666667</dst>
            <dst id="KSCYng">19607.7333333333</dst>
            <dst id="LOSAng">10366.92</dst>
            <dst id="NYCMng">17070.672</dst>
            <dst id="SNVAng">27596.8693333333</dst>
            <dst id="STTLng">5244.07466666667</dst>
            <dst id="WASHng">52484.568</dst>
        </src>
        <src id="HSTNng">
            <dst id="ATLA-M5">249.994666666667</dst>
            <dst id="ATLAng">4669.008</dst>
            <dst id="CHINng">11970.4826666667</dst>
            <dst id="DNVRng">1219.688</dst>
            <dst id="HSTNng">16703.0213333333</dst>
            <dst id="IPLSng">4101.728</dst>
            <dst id="KSCYng">602.304</dst>
            <dst id="LOSAng">4326.00266666667</dst>
            <dst id="NYCMng">4870.248</dst>
            <dst id="SNVAng">26.6666666666667</dst>
            <dst id="STTLng">1868.06133333333</dst>
            <dst id="WASHng">5155.19466666667</dst>
        </src>
        <src id="IPLSng">
            <dst id="ATLA-M5">2902.29066666667</dst>
            <dst id="ATLAng">8196.37866666667</dst>
            <dst id="CHINng">51529.3333333333</dst>
            <dst id="DNVRng">5928.432</dst>
            <dst id="HSTNng">778.952</dst>
            <dst id="IPLSng">11495.1173333333</dst>
            <dst id="KSCYng">4750.42933333333</dst>
            <dst id="LOSAng">7661.12266666667</dst>
            <dst id="NYCMng">7050.24533333333</dst>
            <dst id="SNVAng">12544.9733333333</dst>
            <dst id="STTLng">15594.7173333333</dst>
            <dst id="WASHng">6337.30933333333</dst>
        </src>
        <src id="KSCYng">
            <dst id="ATLA-M5">0</dst>
            <dst id="ATLAng">2352.81333333333</dst>
            <dst id="CHINng">19849.784</dst>
            <dst id="DNVRng">5054.41333333333</dst>
            <dst id="HSTNng">2832.24</dst>
            <dst id="IPLSng">8839.94933333334</dst>
            <dst id="KSCYng">6414.36</dst>
            <dst id="LOSAng">2053.30133333333</dst>
            <dst id="NYCMng">1825.32266666667</dst>
            <dst id="SNVAng">4823.00266666667</dst>
            <dst id="STTLng">713.776</dst>
            <dst id="WASHng">5875.00266666667</dst>
        </src>
        <src id="LOSAng">
            <dst id="ATLA-M5">0</dst>
            <dst id="ATLAng">5464.21333333333</dst>
            <dst id="CHINng">95462.5493333333</dst>
            <dst id="DNVRng">6424.42933333333</dst>
            <dst id="HSTNng">1758.03466666667</dst>
            <dst id="IPLSng">7558.41866666667</dst>
            <dst id="KSCYng">8156.2</dst>
            <dst id="LOSAng">26466.9093333333</dst>
            <dst id="NYCMng">23806.5306666667</dst>
            <dst id="SNVAng">24985.0213333333</dst>
            <dst id="STTLng">20575.1466666667</dst>
            <dst id="WASHng">70416.528</dst>
        </src>
        <src id="NYCMng">
            <dst id="ATLA-M5">53.3333333333333</dst>
            <dst id="ATLAng">6652.69333333333</dst>
            <dst id="CHINng">23870.5733333333</dst>
            <dst id="DNVRng">19853.2213333333</dst>
            <dst id="HSTNng">1607.592</dst>
            <dst id="IPLSng">6593.99733333333</dst>
            <dst id="KSCYng">7106.27733333333</dst>
            <dst id="LOSAng">7687.63733333333</dst>
            <dst id="NYCMng">83349.0133333333</dst>
            <dst id="SNVAng">44530.624</dst>
            <dst id="STTLng">22994.4293333333</dst>
            <dst id="WASHng">45101.7413333333</dst>
        </src>
        <src id="SNVAng">
            <dst id="ATLA-M5">0</dst>
            <dst id="ATLAng">26.6666666666667</dst>
            <dst id="CHINng">53.3333333333333</dst>
            <dst id="DNVRng">2293.57333333333</dst>
            <dst id="HSTNng">0</dst>
            <dst id="IPLSng">163.589333333333</dst>
            <dst id="KSCYng">26.6666666666667</dst>
            <dst id="LOSAng">3508.664</dst>
            <dst id="NYCMng">0</dst>
            <dst id="SNVAng">31855.7413333333</dst>
            <dst id="STTLng">30482.512</dst>
            <dst id="WASHng">26.6666666666667</dst>
        </src>
        <src id="STTLng">
            <dst id="ATLA-M5">69.1226666666667</dst>
            <dst id="ATLAng">4485.096</dst>
            <dst id="CHINng">23513.9413333333</dst>
            <dst id="DNVRng">20832.728</dst>
            <dst id="HSTNng">976.4</dst>
            <dst id="IPLSng">12166.936</dst>
            <dst id="KSCYng">1135.40266666667</dst>
            <dst id="LOSAng">4786.28533333333</dst>
            <dst id="NYCMng">7044.94666666667</dst>
            <dst id="SNVAng">16762.8213333333</dst>
            <dst id="STTLng">1922.08266666667</dst>
            <dst id="WASHng">11315.4853333333</dst>
        </src>
        <src id="WASHng">
            <dst id="ATLA-M5">699.904</dst>
            <dst id="ATLAng">50415.0666666667</dst>
            <dst id="CHINng">76323.6053333333</dst>
            <dst id="DNVRng">23105.296</dst>
            <dst id="HSTNng">18837.064</dst>
            <dst id="IPLSng">23080.9973333333</dst>
            <dst id="KSCYng">36238.056</dst>
            <dst id="LOSAng">76257.2106666667</dst>
            <dst id="NYCMng">111497.445333333</dst>
            <dst id="SNVAng">35409.9706666667</dst>
            <dst id="STTLng">25794.5786666667</dst>
            <dst id="WASHng">340041.12</dst>
        </src>
    </IntraTM>
</TrafficMatrixFile>
