<?xml version="1.0" encoding="ISO-8859-1" standalone="yes"?>
<TrafficMatrixFile xsi:noNamespaceSchemaLocation="http://totem.run.montefiore.ulg.ac.be/Schema/TrafficMatrix-v1_2.xsd" xmlns:xsi="http://www.w3.org/2001/XMLSchema-instance">
    <IntraTM ASID="11537">
        <src id="ATLA-M5">
            <dst id="ATLA-M5">0</dst>
            <dst id="ATLAng">0</dst>
            <dst id="CHINng">0</dst>
            <dst id="DNVRng">609.045333333333</dst>
            <dst id="HSTNng">53.3333333333333</dst>
            <dst id="IPLSng">72.128</dst>
            <dst id="KSCYng">0</dst>
            <dst id="LOSAng">16</dst>
            <dst id="NYCMng">0</dst>
            <dst id="SNVAng">16</dst>
            <dst id="STTLng">0</dst>
            <dst id="WASHng">881.125333333334</dst>
        </src>
        <src id="ATLAng">
            <dst id="ATLA-M5">113.266666666667</dst>
            <dst id="ATLAng">26042.6586666667</dst>
            <dst id="CHINng">10551.8186666667</dst>
            <dst id="DNVRng">3821.192</dst>
            <dst id="HSTNng">2952.53333333333</dst>
            <dst id="IPLSng">19055.7813333333</dst>
            <dst id="KSCYng">418.245333333333</dst>
            <dst id="LOSAng">5197.1</dst>
            <dst id="NYCMng">8378.056</dst>
            <dst id="SNVAng">4330.86</dst>
            <dst id="STTLng">1415.90933333333</dst>
            <dst id="WASHng">41784.4986666667</dst>
        </src>
        <src id="CHINng">
            <dst id="ATLA-M5">523.552</dst>
            <dst id="ATLAng">6420.376</dst>
            <dst id="CHINng">77404.3786666667</dst>
            <dst id="DNVRng">2430.80533333333</dst>
            <dst id="HSTNng">2230.08</dst>
            <dst id="IPLSng">11683.032</dst>
            <dst id="KSCYng">17171.928</dst>
            <dst id="LOSAng">6591.232</dst>
            <dst id="NYCMng">8131.46933333333</dst>
            <dst id="SNVAng">16899.9306666667</dst>
            <dst id="STTLng">6505.288</dst>
            <dst id="WASHng">12779.6186666667</dst>
        </src>
        <src id="DNVRng">
            <dst id="ATLA-M5">80.96</dst>
            <dst id="ATLAng">3503.05333333333</dst>
            <dst id="CHINng">53904.4853333333</dst>
            <dst id="DNVRng">3660.104</dst>
            <dst id="HSTNng">24434.1973333333</dst>
            <dst id="IPLSng">22670.9173333333</dst>
            <dst id="KSCYng">9542.32533333333</dst>
            <dst id="LOSAng">580.005333333333</dst>
            <dst id="NYCMng">11883.312</dst>
            <dst id="SNVAng">14041.288</dst>
            <dst id="STTLng">3725.504</dst>
            <dst id="WASHng">56784.6346666667</dst>
        </src>
        <src id="HSTNng">
            <dst id="ATLA-M5">340.141333333333</dst>
            <dst id="ATLAng">4484.17333333333</dst>
            <dst id="CHINng">16608.56</dst>
            <dst id="DNVRng">894.389333333333</dst>
            <dst id="HSTNng">11579.6586666667</dst>
            <dst id="IPLSng">1066.02933333333</dst>
            <dst id="KSCYng">556.872</dst>
            <dst id="LOSAng">2339.59466666667</dst>
            <dst id="NYCMng">1592.816</dst>
            <dst id="SNVAng">109.653333333333</dst>
            <dst id="STTLng">1071.4</dst>
            <dst id="WASHng">2159.13866666667</dst>
        </src>
        <src id="IPLSng">
            <dst id="ATLA-M5">0</dst>
            <dst id="ATLAng">4282.40533333333</dst>
            <dst id="CHINng">49795.6373333333</dst>
            <dst id="DNVRng">4993.808</dst>
            <dst id="HSTNng">452.021333333333</dst>
            <dst id="IPLSng">10717.1973333333</dst>
            <dst id="KSCYng">954.92</dst>
            <dst id="LOSAng">10295.8533333333</dst>
            <dst id="NYCMng">16311.1946666667</dst>
            <dst id="SNVAng">7709.21333333333</dst>
            <dst id="STTLng">5118.28</dst>
            <dst id="WASHng">6648.96266666667</dst>
        </src>
        <src id="KSCYng">
            <dst id="ATLA-M5">0</dst>
            <dst id="ATLAng">2370.672</dst>
            <dst id="CHINng">19029.8773333333</dst>
            <dst id="DNVRng">3773.41066666667</dst>
            <dst id="HSTNng">2666.52</dst>
            <dst id="IPLSng">7811.94133333333</dst>
            <dst id="KSCYng">12608.3946666667</dst>
            <dst id="LOSAng">1764.568</dst>
            <dst id="NYCMng">1984.872</dst>
            <dst id="SNVAng">4986.568</dst>
            <dst id="STTLng">1455.48533333333</dst>
            <dst id="WASHng">6179.78133333333</dst>
        </src>
        <src id="LOSAng">
            <dst id="ATLA-M5">0</dst>
            <dst id="ATLAng">7723.02666666667</dst>
            <dst id="CHINng">98071.2826666667</dst>
            <dst id="DNVRng">6513.61333333333</dst>
            <dst id="HSTNng">1685.74666666667</dst>
            <dst id="IPLSng">6423.22133333333</dst>
            <dst id="KSCYng">1112.43466666667</dst>
            <dst id="LOSAng">18328.5253333333</dst>
            <dst id="NYCMng">23771.6426666667</dst>
            <dst id="SNVAng">21000.1653333333</dst>
            <dst id="STTLng">19275.7786666667</dst>
            <dst id="WASHng">74994.0906666667</dst>
        </src>
        <src id="NYCMng">
            <dst id="ATLA-M5">2137.69866666667</dst>
            <dst id="ATLAng">15396.92</dst>
            <dst id="CHINng">30608.7306666667</dst>
            <dst id="DNVRng">22159.3333333333</dst>
            <dst id="HSTNng">2888.36266666667</dst>
            <dst id="IPLSng">11684.3226666667</dst>
            <dst id="KSCYng">3900.85866666667</dst>
            <dst id="LOSAng">7289.13066666667</dst>
            <dst id="NYCMng">100199.08</dst>
            <dst id="SNVAng">40447.2746666667</dst>
            <dst id="STTLng">26124.5413333333</dst>
            <dst id="WASHng">37943.088</dst>
        </src>
        <src id="SNVAng">
            <dst id="ATLA-M5">0</dst>
            <dst id="ATLAng">128.16</dst>
            <dst id="CHINng">80</dst>
            <dst id="DNVRng">4327.912</dst>
            <dst id="HSTNng">26.6666666666667</dst>
            <dst id="IPLSng">232.952</dst>
            <dst id="KSCYng">0</dst>
            <dst id="LOSAng">752.642666666667</dst>
            <dst id="NYCMng">53.3333333333333</dst>
            <dst id="SNVAng">34979.8613333333</dst>
            <dst id="STTLng">35640.1253333333</dst>
            <dst id="WASHng">133.333333333333</dst>
        </src>
        <src id="STTLng">
            <dst id="ATLA-M5">26.6666666666667</dst>
            <dst id="ATLAng">5751.29866666667</dst>
            <dst id="CHINng">22998.2106666667</dst>
            <dst id="DNVRng">3855.32266666667</dst>
            <dst id="HSTNng">3542.19466666667</dst>
            <dst id="IPLSng">8469.736</dst>
            <dst id="KSCYng">611.2</dst>
            <dst id="LOSAng">1334.36266666667</dst>
            <dst id="NYCMng">7257.47466666667</dst>
            <dst id="SNVAng">11622.9546666667</dst>
            <dst id="STTLng">1518.44</dst>
            <dst id="WASHng">10482.2186666667</dst>
        </src>
        <src id="WASHng">
            <dst id="ATLA-M5">26.6666666666667</dst>
            <dst id="ATLAng">62675.5893333333</dst>
            <dst id="CHINng">53720.0613333333</dst>
            <dst id="DNVRng">20175.096</dst>
            <dst id="HSTNng">14853.944</dst>
            <dst id="IPLSng">14151.4586666667</dst>
            <dst id="KSCYng">28323.264</dst>
            <dst id="LOSAng">66547.7146666667</dst>
            <dst id="NYCMng">117518.434666667</dst>
            <dst id="SNVAng">23094.8453333333</dst>
            <dst id="STTLng">36717.1146666667</dst>
            <dst id="WASHng">312373.68</dst>
        </src>
    </IntraTM>
</TrafficMatrixFile>
