<?xml version="1.0" encoding="ISO-8859-1" standalone="yes"?>
<TrafficMatrixFile xsi:noNamespaceSchemaLocation="http://totem.run.montefiore.ulg.ac.be/Schema/TrafficMatrix-v1_2.xsd" xmlns:xsi="http://www.w3.org/2001/XMLSchema-instance">
    <IntraTM ASID="11537">
        <src id="ATLA-M5">
            <dst id="ATLA-M5">3986.056</dst>
            <dst id="ATLAng">100.093333333333</dst>
            <dst id="CHINng">151.056</dst>
            <dst id="DNVRng">53.3333333333333</dst>
            <dst id="HSTNng">114.368</dst>
            <dst id="IPLSng">53.3333333333333</dst>
            <dst id="KSCYng">124.986666666667</dst>
            <dst id="LOSAng">66.6666666666667</dst>
            <dst id="NYCMng">107.394666666667</dst>
            <dst id="SNVAng">66.6666666666667</dst>
            <dst id="STTLng">60.6293333333333</dst>
            <dst id="WASHng">660.104</dst>
        </src>
        <src id="ATLAng">
            <dst id="ATLA-M5">345.704</dst>
            <dst id="ATLAng">37813.5733333333</dst>
            <dst id="CHINng">12606.48</dst>
            <dst id="DNVRng">5010.176</dst>
            <dst id="HSTNng">30916.264</dst>
            <dst id="IPLSng">12427.36</dst>
            <dst id="KSCYng">10045.5013333333</dst>
            <dst id="LOSAng">7242.76133333333</dst>
            <dst id="NYCMng">16487.04</dst>
            <dst id="SNVAng">8088.17466666667</dst>
            <dst id="STTLng">2247.84533333333</dst>
            <dst id="WASHng">43320.288</dst>
        </src>
        <src id="CHINng">
            <dst id="ATLA-M5">455.101333333333</dst>
            <dst id="ATLAng">14493.4506666667</dst>
            <dst id="CHINng">116126.122666667</dst>
            <dst id="DNVRng">4127.10666666667</dst>
            <dst id="HSTNng">8635.56</dst>
            <dst id="IPLSng">50103.344</dst>
            <dst id="KSCYng">9525.13333333333</dst>
            <dst id="LOSAng">3315.58666666667</dst>
            <dst id="NYCMng">14721.4453333333</dst>
            <dst id="SNVAng">31480.7333333333</dst>
            <dst id="STTLng">7282.07733333333</dst>
            <dst id="WASHng">18168.0773333333</dst>
        </src>
        <src id="DNVRng">
            <dst id="ATLA-M5">261.082666666667</dst>
            <dst id="ATLAng">14223.2053333333</dst>
            <dst id="CHINng">51055.208</dst>
            <dst id="DNVRng">13655.5573333333</dst>
            <dst id="HSTNng">24785.88</dst>
            <dst id="IPLSng">29909.888</dst>
            <dst id="KSCYng">18624.9946666667</dst>
            <dst id="LOSAng">3428.35466666667</dst>
            <dst id="NYCMng">28063.088</dst>
            <dst id="SNVAng">27565.672</dst>
            <dst id="STTLng">10646.776</dst>
            <dst id="WASHng">60532.776</dst>
        </src>
        <src id="HSTNng">
            <dst id="ATLA-M5">4074.44</dst>
            <dst id="ATLAng">8018.56</dst>
            <dst id="CHINng">21462.136</dst>
            <dst id="DNVRng">991.432</dst>
            <dst id="HSTNng">21216.632</dst>
            <dst id="IPLSng">5781.82133333333</dst>
            <dst id="KSCYng">1658.87733333333</dst>
            <dst id="LOSAng">1609.10133333333</dst>
            <dst id="NYCMng">4120.50666666667</dst>
            <dst id="SNVAng">449.2</dst>
            <dst id="STTLng">1138.34933333333</dst>
            <dst id="WASHng">4960.464</dst>
        </src>
        <src id="IPLSng">
            <dst id="ATLA-M5">53.3333333333333</dst>
            <dst id="ATLAng">8039.82133333334</dst>
            <dst id="CHINng">77000.7226666667</dst>
            <dst id="DNVRng">6112.904</dst>
            <dst id="HSTNng">4197.32266666667</dst>
            <dst id="IPLSng">14347.3093333333</dst>
            <dst id="KSCYng">3480.04266666667</dst>
            <dst id="LOSAng">1185.70933333333</dst>
            <dst id="NYCMng">17664.7653333333</dst>
            <dst id="SNVAng">5617.20533333334</dst>
            <dst id="STTLng">9371.73333333334</dst>
            <dst id="WASHng">26504.4533333333</dst>
        </src>
        <src id="KSCYng">
            <dst id="ATLA-M5">80</dst>
            <dst id="ATLAng">7029.70666666667</dst>
            <dst id="CHINng">19792.5013333333</dst>
            <dst id="DNVRng">3529.344</dst>
            <dst id="HSTNng">5276.98133333333</dst>
            <dst id="IPLSng">16387.656</dst>
            <dst id="KSCYng">17659.1866666667</dst>
            <dst id="LOSAng">799.704</dst>
            <dst id="NYCMng">2475.30933333333</dst>
            <dst id="SNVAng">4719.51466666667</dst>
            <dst id="STTLng">2893.336</dst>
            <dst id="WASHng">8482.536</dst>
        </src>
        <src id="LOSAng">
            <dst id="ATLA-M5">1222.59466666667</dst>
            <dst id="ATLAng">13263.832</dst>
            <dst id="CHINng">94323.888</dst>
            <dst id="DNVRng">8603.67733333333</dst>
            <dst id="HSTNng">6458.90933333333</dst>
            <dst id="IPLSng">21977.3493333333</dst>
            <dst id="KSCYng">1586.272</dst>
            <dst id="LOSAng">15297.3706666667</dst>
            <dst id="NYCMng">60304.448</dst>
            <dst id="SNVAng">24055.2666666667</dst>
            <dst id="STTLng">15055.7066666667</dst>
            <dst id="WASHng">93785.568</dst>
        </src>
        <src id="NYCMng">
            <dst id="ATLA-M5">602.610666666667</dst>
            <dst id="ATLAng">35616.1493333333</dst>
            <dst id="CHINng">62752.0933333333</dst>
            <dst id="DNVRng">26640.0266666667</dst>
            <dst id="HSTNng">6746.728</dst>
            <dst id="IPLSng">14931.8613333333</dst>
            <dst id="KSCYng">8493.376</dst>
            <dst id="LOSAng">9451.912</dst>
            <dst id="NYCMng">136859.624</dst>
            <dst id="SNVAng">46475.408</dst>
            <dst id="STTLng">16991.3093333333</dst>
            <dst id="WASHng">82079.3493333333</dst>
        </src>
        <src id="SNVAng">
            <dst id="ATLA-M5">117.546666666667</dst>
            <dst id="ATLAng">589.418666666667</dst>
            <dst id="CHINng">62.528</dst>
            <dst id="DNVRng">36804.048</dst>
            <dst id="HSTNng">252.962666666667</dst>
            <dst id="IPLSng">474.826666666667</dst>
            <dst id="KSCYng">53.3333333333333</dst>
            <dst id="LOSAng">329.608</dst>
            <dst id="NYCMng">80</dst>
            <dst id="SNVAng">39489.072</dst>
            <dst id="STTLng">42081.9146666667</dst>
            <dst id="WASHng">2517.21066666667</dst>
        </src>
        <src id="STTLng">
            <dst id="ATLA-M5">517.696</dst>
            <dst id="ATLAng">13071.72</dst>
            <dst id="CHINng">31625.584</dst>
            <dst id="DNVRng">5719.688</dst>
            <dst id="HSTNng">3421.04</dst>
            <dst id="IPLSng">11810.216</dst>
            <dst id="KSCYng">3149.73866666667</dst>
            <dst id="LOSAng">4413.90666666667</dst>
            <dst id="NYCMng">17452.656</dst>
            <dst id="SNVAng">15330.8746666667</dst>
            <dst id="STTLng">6696.05066666667</dst>
            <dst id="WASHng">102740.557333333</dst>
        </src>
        <src id="WASHng">
            <dst id="ATLA-M5">251.341333333333</dst>
            <dst id="ATLAng">149938.616</dst>
            <dst id="CHINng">111094.594666667</dst>
            <dst id="DNVRng">32860.6933333333</dst>
            <dst id="HSTNng">25855.296</dst>
            <dst id="IPLSng">42781.6</dst>
            <dst id="KSCYng">34317.2</dst>
            <dst id="LOSAng">62749.84</dst>
            <dst id="NYCMng">163474.12</dst>
            <dst id="SNVAng">21727.152</dst>
            <dst id="STTLng">21279.5093333333</dst>
            <dst id="WASHng">283019.493333333</dst>
        </src>
    </IntraTM>
</TrafficMatrixFile>
