<?xml version="1.0" encoding="ISO-8859-1" standalone="yes"?>
<TrafficMatrixFile xsi:noNamespaceSchemaLocation="http://totem.run.montefiore.ulg.ac.be/Schema/TrafficMatrix-v1_2.xsd" xmlns:xsi="http://www.w3.org/2001/XMLSchema-instance">
    <IntraTM ASID="11537">
        <src id="ATLA-M5">
            <dst id="ATLA-M5">0</dst>
            <dst id="ATLAng">26.6666666666667</dst>
            <dst id="CHINng">210.010666666667</dst>
            <dst id="DNVRng">0</dst>
            <dst id="HSTNng">45.8453333333333</dst>
            <dst id="IPLSng">0</dst>
            <dst id="KSCYng">0</dst>
            <dst id="LOSAng">123.093333333333</dst>
            <dst id="NYCMng">97.5893333333333</dst>
            <dst id="SNVAng">211.165333333333</dst>
            <dst id="STTLng">55.92</dst>
            <dst id="WASHng">968.738666666667</dst>
        </src>
        <src id="ATLAng">
            <dst id="ATLA-M5">112.576</dst>
            <dst id="ATLAng">19609.904</dst>
            <dst id="CHINng">3537.624</dst>
            <dst id="DNVRng">2138.05066666667</dst>
            <dst id="HSTNng">446.784</dst>
            <dst id="IPLSng">8527.03466666667</dst>
            <dst id="KSCYng">405.186666666667</dst>
            <dst id="LOSAng">3211.39733333333</dst>
            <dst id="NYCMng">826.714666666667</dst>
            <dst id="SNVAng">282.069333333333</dst>
            <dst id="STTLng">1050.71466666667</dst>
            <dst id="WASHng">23456.192</dst>
        </src>
        <src id="CHINng">
            <dst id="ATLA-M5">128.861333333333</dst>
            <dst id="ATLAng">13462.7093333333</dst>
            <dst id="CHINng">55401.472</dst>
            <dst id="DNVRng">4846.152</dst>
            <dst id="HSTNng">10768.096</dst>
            <dst id="IPLSng">25112.2133333333</dst>
            <dst id="KSCYng">9493.71733333333</dst>
            <dst id="LOSAng">22497.4853333333</dst>
            <dst id="NYCMng">21708.7013333333</dst>
            <dst id="SNVAng">129.733333333333</dst>
            <dst id="STTLng">5409.99466666667</dst>
            <dst id="WASHng">20144.8106666667</dst>
        </src>
        <src id="DNVRng">
            <dst id="ATLA-M5">345.258666666667</dst>
            <dst id="ATLAng">5409.52266666667</dst>
            <dst id="CHINng">41830.8373333333</dst>
            <dst id="DNVRng">3383.76533333333</dst>
            <dst id="HSTNng">19070.5013333333</dst>
            <dst id="IPLSng">31951.9946666667</dst>
            <dst id="KSCYng">12294.208</dst>
            <dst id="LOSAng">6409.59733333333</dst>
            <dst id="NYCMng">12194.8</dst>
            <dst id="SNVAng">5742.472</dst>
            <dst id="STTLng">4429.824</dst>
            <dst id="WASHng">32530.7386666667</dst>
        </src>
        <src id="HSTNng">
            <dst id="ATLA-M5">3436.13866666667</dst>
            <dst id="ATLAng">1901.46933333333</dst>
            <dst id="CHINng">6243.168</dst>
            <dst id="DNVRng">926.656</dst>
            <dst id="HSTNng">16187.12</dst>
            <dst id="IPLSng">2447.34933333333</dst>
            <dst id="KSCYng">1764.104</dst>
            <dst id="LOSAng">1758.36266666667</dst>
            <dst id="NYCMng">9118.42133333333</dst>
            <dst id="SNVAng">116.330666666667</dst>
            <dst id="STTLng">467.493333333333</dst>
            <dst id="WASHng">12606.0613333333</dst>
        </src>
        <src id="IPLSng">
            <dst id="ATLA-M5">26.6666666666667</dst>
            <dst id="ATLAng">10522.104</dst>
            <dst id="CHINng">30333.176</dst>
            <dst id="DNVRng">7474.74666666667</dst>
            <dst id="HSTNng">3075.17866666667</dst>
            <dst id="IPLSng">2627.552</dst>
            <dst id="KSCYng">13755.4773333333</dst>
            <dst id="LOSAng">14493.0293333333</dst>
            <dst id="NYCMng">7984.408</dst>
            <dst id="SNVAng">457.522666666667</dst>
            <dst id="STTLng">5071.176</dst>
            <dst id="WASHng">8562.71733333333</dst>
        </src>
        <src id="KSCYng">
            <dst id="ATLA-M5">0</dst>
            <dst id="ATLAng">4655.92533333333</dst>
            <dst id="CHINng">6953.39466666667</dst>
            <dst id="DNVRng">4898.60266666667</dst>
            <dst id="HSTNng">6302.62666666667</dst>
            <dst id="IPLSng">10101.5626666667</dst>
            <dst id="KSCYng">9255.64</dst>
            <dst id="LOSAng">2969.04533333333</dst>
            <dst id="NYCMng">766.165333333333</dst>
            <dst id="SNVAng">2033.792</dst>
            <dst id="STTLng">386.250666666667</dst>
            <dst id="WASHng">9733.54933333333</dst>
        </src>
        <src id="LOSAng">
            <dst id="ATLA-M5">91.8</dst>
            <dst id="ATLAng">18464.232</dst>
            <dst id="CHINng">41621.6426666667</dst>
            <dst id="DNVRng">6203.432</dst>
            <dst id="HSTNng">4214.34133333333</dst>
            <dst id="IPLSng">15616.9333333333</dst>
            <dst id="KSCYng">2700.248</dst>
            <dst id="LOSAng">10421.152</dst>
            <dst id="NYCMng">20206.5333333333</dst>
            <dst id="SNVAng">20436.9466666667</dst>
            <dst id="STTLng">35703.3306666667</dst>
            <dst id="WASHng">54175.7093333333</dst>
        </src>
        <src id="NYCMng">
            <dst id="ATLA-M5">132.093333333333</dst>
            <dst id="ATLAng">17776.424</dst>
            <dst id="CHINng">14484.5146666667</dst>
            <dst id="DNVRng">19659.944</dst>
            <dst id="HSTNng">2883.06133333333</dst>
            <dst id="IPLSng">9988.67733333333</dst>
            <dst id="KSCYng">9963.248</dst>
            <dst id="LOSAng">48554.528</dst>
            <dst id="NYCMng">81292.6293333333</dst>
            <dst id="SNVAng">998.733333333333</dst>
            <dst id="STTLng">11536.2586666667</dst>
            <dst id="WASHng">59508.7466666667</dst>
        </src>
        <src id="SNVAng">
            <dst id="ATLA-M5">0</dst>
            <dst id="ATLAng">26.6666666666667</dst>
            <dst id="CHINng">80</dst>
            <dst id="DNVRng">853.517333333333</dst>
            <dst id="HSTNng">0</dst>
            <dst id="IPLSng">161.088</dst>
            <dst id="KSCYng">0</dst>
            <dst id="LOSAng">28491.3386666667</dst>
            <dst id="NYCMng">0</dst>
            <dst id="SNVAng">7062.968</dst>
            <dst id="STTLng">33638.4586666667</dst>
            <dst id="WASHng">80</dst>
        </src>
        <src id="STTLng">
            <dst id="ATLA-M5">165.322666666667</dst>
            <dst id="ATLAng">7325.256</dst>
            <dst id="CHINng">14375.304</dst>
            <dst id="DNVRng">3404.45066666667</dst>
            <dst id="HSTNng">616.061333333333</dst>
            <dst id="IPLSng">5438.50133333333</dst>
            <dst id="KSCYng">1322.57866666667</dst>
            <dst id="LOSAng">9230.25866666667</dst>
            <dst id="NYCMng">9232.74133333333</dst>
            <dst id="SNVAng">8895.81066666667</dst>
            <dst id="STTLng">5241.17066666667</dst>
            <dst id="WASHng">7365.81066666667</dst>
        </src>
        <src id="WASHng">
            <dst id="ATLA-M5">9956.22666666667</dst>
            <dst id="ATLAng">92676.7866666666</dst>
            <dst id="CHINng">67779.9173333333</dst>
            <dst id="DNVRng">64430.144</dst>
            <dst id="HSTNng">9652.824</dst>
            <dst id="IPLSng">51255.0933333333</dst>
            <dst id="KSCYng">28965.0933333333</dst>
            <dst id="LOSAng">84972.0053333333</dst>
            <dst id="NYCMng">132475.914666667</dst>
            <dst id="SNVAng">890.309333333333</dst>
            <dst id="STTLng">22839.784</dst>
            <dst id="WASHng">247826.941333333</dst>
        </src>
    </IntraTM>
</TrafficMatrixFile>
