<?xml version="1.0" encoding="ISO-8859-1" standalone="yes"?>
<TrafficMatrixFile xsi:noNamespaceSchemaLocation="http://totem.run.montefiore.ulg.ac.be/Schema/TrafficMatrix-v1_2.xsd" xmlns:xsi="http://www.w3.org/2001/XMLSchema-instance">
    <IntraTM ASID="11537">
        <src id="ATLA-M5">
            <dst id="ATLA-M5">26.6666666666667</dst>
            <dst id="ATLAng">0</dst>
            <dst id="CHINng">53.3333333333333</dst>
            <dst id="DNVRng">1065.67466666667</dst>
            <dst id="HSTNng">0</dst>
            <dst id="IPLSng">0</dst>
            <dst id="KSCYng">0</dst>
            <dst id="LOSAng">69.3173333333333</dst>
            <dst id="NYCMng">53.3333333333333</dst>
            <dst id="SNVAng">26.6666666666667</dst>
            <dst id="STTLng">57.104</dst>
            <dst id="WASHng">243.136</dst>
        </src>
        <src id="ATLAng">
            <dst id="ATLA-M5">26.6666666666667</dst>
            <dst id="ATLAng">26489.7973333333</dst>
            <dst id="CHINng">4025.664</dst>
            <dst id="DNVRng">2405.248</dst>
            <dst id="HSTNng">2862.49333333333</dst>
            <dst id="IPLSng">10957.128</dst>
            <dst id="KSCYng">355.005333333333</dst>
            <dst id="LOSAng">10114.792</dst>
            <dst id="NYCMng">1383.072</dst>
            <dst id="SNVAng">13.3333333333333</dst>
            <dst id="STTLng">3268.96</dst>
            <dst id="WASHng">35335.4693333333</dst>
        </src>
        <src id="CHINng">
            <dst id="ATLA-M5">0</dst>
            <dst id="ATLAng">10758.304</dst>
            <dst id="CHINng">28272.2666666667</dst>
            <dst id="DNVRng">4974.33066666667</dst>
            <dst id="HSTNng">23804.128</dst>
            <dst id="IPLSng">15445.5573333333</dst>
            <dst id="KSCYng">5847.53066666667</dst>
            <dst id="LOSAng">28123.288</dst>
            <dst id="NYCMng">21935.8906666667</dst>
            <dst id="SNVAng">199.186666666667</dst>
            <dst id="STTLng">7504.20533333334</dst>
            <dst id="WASHng">11235.64</dst>
        </src>
        <src id="DNVRng">
            <dst id="ATLA-M5">263.093333333333</dst>
            <dst id="ATLAng">4729.61866666667</dst>
            <dst id="CHINng">43322.0533333333</dst>
            <dst id="DNVRng">10621.984</dst>
            <dst id="HSTNng">22215.3466666667</dst>
            <dst id="IPLSng">30060.5386666667</dst>
            <dst id="KSCYng">16904.2933333333</dst>
            <dst id="LOSAng">8417.95466666667</dst>
            <dst id="NYCMng">12868.832</dst>
            <dst id="SNVAng">5786.62933333333</dst>
            <dst id="STTLng">4165.32533333333</dst>
            <dst id="WASHng">49869.696</dst>
        </src>
        <src id="HSTNng">
            <dst id="ATLA-M5">0</dst>
            <dst id="ATLAng">1158.66133333333</dst>
            <dst id="CHINng">6814.34666666667</dst>
            <dst id="DNVRng">844.304</dst>
            <dst id="HSTNng">16420.216</dst>
            <dst id="IPLSng">1309.26933333333</dst>
            <dst id="KSCYng">1066.784</dst>
            <dst id="LOSAng">3821.22666666667</dst>
            <dst id="NYCMng">3078.152</dst>
            <dst id="SNVAng">26.6666666666667</dst>
            <dst id="STTLng">597.306666666667</dst>
            <dst id="WASHng">9403.128</dst>
        </src>
        <src id="IPLSng">
            <dst id="ATLA-M5">0</dst>
            <dst id="ATLAng">21128.736</dst>
            <dst id="CHINng">17589.504</dst>
            <dst id="DNVRng">8161.472</dst>
            <dst id="HSTNng">679.064</dst>
            <dst id="IPLSng">2568.37066666667</dst>
            <dst id="KSCYng">3311.064</dst>
            <dst id="LOSAng">9845.95733333333</dst>
            <dst id="NYCMng">22328.0186666667</dst>
            <dst id="SNVAng">137.634666666667</dst>
            <dst id="STTLng">7003.544</dst>
            <dst id="WASHng">6929.832</dst>
        </src>
        <src id="KSCYng">
            <dst id="ATLA-M5">0</dst>
            <dst id="ATLAng">3321.05866666667</dst>
            <dst id="CHINng">8932.16266666667</dst>
            <dst id="DNVRng">6595.6</dst>
            <dst id="HSTNng">6035.92533333333</dst>
            <dst id="IPLSng">11459.7813333333</dst>
            <dst id="KSCYng">6809.25066666667</dst>
            <dst id="LOSAng">5684.33866666667</dst>
            <dst id="NYCMng">1718.37333333333</dst>
            <dst id="SNVAng">9735.88533333333</dst>
            <dst id="STTLng">477.882666666667</dst>
            <dst id="WASHng">18842.384</dst>
        </src>
        <src id="LOSAng">
            <dst id="ATLA-M5">94.6693333333333</dst>
            <dst id="ATLAng">11744.9733333333</dst>
            <dst id="CHINng">33920.0666666667</dst>
            <dst id="DNVRng">8229.36</dst>
            <dst id="HSTNng">8901.72</dst>
            <dst id="IPLSng">8944.46133333333</dst>
            <dst id="KSCYng">4762.04533333333</dst>
            <dst id="LOSAng">15018.76</dst>
            <dst id="NYCMng">25885.6533333333</dst>
            <dst id="SNVAng">25021.3733333333</dst>
            <dst id="STTLng">28394.376</dst>
            <dst id="WASHng">82004.608</dst>
        </src>
        <src id="NYCMng">
            <dst id="ATLA-M5">1899.26133333333</dst>
            <dst id="ATLAng">11061.5546666667</dst>
            <dst id="CHINng">21397.2266666667</dst>
            <dst id="DNVRng">23023.048</dst>
            <dst id="HSTNng">7128.14666666667</dst>
            <dst id="IPLSng">15144.648</dst>
            <dst id="KSCYng">8681.90133333334</dst>
            <dst id="LOSAng">57532.7333333334</dst>
            <dst id="NYCMng">43024.3706666667</dst>
            <dst id="SNVAng">528.874666666666</dst>
            <dst id="STTLng">24254.8266666667</dst>
            <dst id="WASHng">30175.856</dst>
        </src>
        <src id="SNVAng">
            <dst id="ATLA-M5">0</dst>
            <dst id="ATLAng">80</dst>
            <dst id="CHINng">73.6133333333333</dst>
            <dst id="DNVRng">1777.41333333333</dst>
            <dst id="HSTNng">0</dst>
            <dst id="IPLSng">223.442666666667</dst>
            <dst id="KSCYng">26.6666666666667</dst>
            <dst id="LOSAng">36401.1466666667</dst>
            <dst id="NYCMng">80</dst>
            <dst id="SNVAng">9012.008</dst>
            <dst id="STTLng">38282.424</dst>
            <dst id="WASHng">26.6666666666667</dst>
        </src>
        <src id="STTLng">
            <dst id="ATLA-M5">84.4613333333333</dst>
            <dst id="ATLAng">6690.488</dst>
            <dst id="CHINng">7680.672</dst>
            <dst id="DNVRng">2346.28533333333</dst>
            <dst id="HSTNng">279.832</dst>
            <dst id="IPLSng">6844.66933333333</dst>
            <dst id="KSCYng">887.146666666667</dst>
            <dst id="LOSAng">13604.1226666667</dst>
            <dst id="NYCMng">12025.9146666667</dst>
            <dst id="SNVAng">8753.58666666667</dst>
            <dst id="STTLng">1117.448</dst>
            <dst id="WASHng">4750.96</dst>
        </src>
        <src id="WASHng">
            <dst id="ATLA-M5">227.485333333333</dst>
            <dst id="ATLAng">76149.7146666667</dst>
            <dst id="CHINng">58840.2453333333</dst>
            <dst id="DNVRng">64142.712</dst>
            <dst id="HSTNng">24137.7493333333</dst>
            <dst id="IPLSng">53641.6986666666</dst>
            <dst id="KSCYng">36493.0106666667</dst>
            <dst id="LOSAng">98106.6426666667</dst>
            <dst id="NYCMng">151556.648</dst>
            <dst id="SNVAng">650.125333333333</dst>
            <dst id="STTLng">47990.5866666667</dst>
            <dst id="WASHng">207470.328</dst>
        </src>
    </IntraTM>
</TrafficMatrixFile>
