<?xml version="1.0" encoding="ISO-8859-1" standalone="yes"?>
<TrafficMatrixFile xsi:noNamespaceSchemaLocation="http://totem.run.montefiore.ulg.ac.be/Schema/TrafficMatrix-v1_2.xsd" xmlns:xsi="http://www.w3.org/2001/XMLSchema-instance">
    <IntraTM ASID="11537">
        <src id="ATLA-M5">
            <dst id="ATLA-M5">0</dst>
            <dst id="ATLAng">43.2853333333333</dst>
            <dst id="CHINng">67.9253333333333</dst>
            <dst id="DNVRng">1111.296</dst>
            <dst id="HSTNng">1576.01066666667</dst>
            <dst id="IPLSng">0</dst>
            <dst id="KSCYng">0</dst>
            <dst id="LOSAng">52.1386666666667</dst>
            <dst id="NYCMng">87.5466666666666</dst>
            <dst id="SNVAng">0</dst>
            <dst id="STTLng">66.96</dst>
            <dst id="WASHng">80</dst>
        </src>
        <src id="ATLAng">
            <dst id="ATLA-M5">35.848</dst>
            <dst id="ATLAng">25003.7093333333</dst>
            <dst id="CHINng">3477.816</dst>
            <dst id="DNVRng">2566.08266666667</dst>
            <dst id="HSTNng">736.72</dst>
            <dst id="IPLSng">14158.4613333333</dst>
            <dst id="KSCYng">1784.15733333333</dst>
            <dst id="LOSAng">12617.992</dst>
            <dst id="NYCMng">2372.01333333333</dst>
            <dst id="SNVAng">1586.42133333333</dst>
            <dst id="STTLng">6971.73333333333</dst>
            <dst id="WASHng">27841.3333333333</dst>
        </src>
        <src id="CHINng">
            <dst id="ATLA-M5">26.6666666666667</dst>
            <dst id="ATLAng">7310.00533333333</dst>
            <dst id="CHINng">40098.6826666667</dst>
            <dst id="DNVRng">10083.9466666667</dst>
            <dst id="HSTNng">15338.576</dst>
            <dst id="IPLSng">43134.68</dst>
            <dst id="KSCYng">2954.09866666667</dst>
            <dst id="LOSAng">25684.0133333333</dst>
            <dst id="NYCMng">22446.6213333333</dst>
            <dst id="SNVAng">151.837333333333</dst>
            <dst id="STTLng">11895.368</dst>
            <dst id="WASHng">11270.4346666667</dst>
        </src>
        <src id="DNVRng">
            <dst id="ATLA-M5">91.6266666666667</dst>
            <dst id="ATLAng">2081.87466666667</dst>
            <dst id="CHINng">40911.1813333333</dst>
            <dst id="DNVRng">3870.27466666667</dst>
            <dst id="HSTNng">19433.8026666667</dst>
            <dst id="IPLSng">28944.4266666667</dst>
            <dst id="KSCYng">13067.7973333333</dst>
            <dst id="LOSAng">9518.17866666667</dst>
            <dst id="NYCMng">14330.208</dst>
            <dst id="SNVAng">4797.648</dst>
            <dst id="STTLng">3830.26933333333</dst>
            <dst id="WASHng">46171.632</dst>
        </src>
        <src id="HSTNng">
            <dst id="ATLA-M5">1985.86133333333</dst>
            <dst id="ATLAng">2134.56266666667</dst>
            <dst id="CHINng">4519.86933333333</dst>
            <dst id="DNVRng">760.928</dst>
            <dst id="HSTNng">17177.8693333333</dst>
            <dst id="IPLSng">1887.8</dst>
            <dst id="KSCYng">468.914666666667</dst>
            <dst id="LOSAng">1730.38133333333</dst>
            <dst id="NYCMng">924.914666666667</dst>
            <dst id="SNVAng">26.6666666666667</dst>
            <dst id="STTLng">860.896</dst>
            <dst id="WASHng">1927.01866666667</dst>
        </src>
        <src id="IPLSng">
            <dst id="ATLA-M5">140.469333333333</dst>
            <dst id="ATLAng">10072.5013333333</dst>
            <dst id="CHINng">52124.4746666667</dst>
            <dst id="DNVRng">11078.5973333333</dst>
            <dst id="HSTNng">3418.11733333333</dst>
            <dst id="IPLSng">15418.0906666667</dst>
            <dst id="KSCYng">2373.57066666667</dst>
            <dst id="LOSAng">15830.6133333333</dst>
            <dst id="NYCMng">6465.51466666667</dst>
            <dst id="SNVAng">270</dst>
            <dst id="STTLng">3880.38933333333</dst>
            <dst id="WASHng">28301.1146666667</dst>
        </src>
        <src id="KSCYng">
            <dst id="ATLA-M5">0</dst>
            <dst id="ATLAng">2132.82666666667</dst>
            <dst id="CHINng">10898.432</dst>
            <dst id="DNVRng">3567.51733333333</dst>
            <dst id="HSTNng">3752.21066666667</dst>
            <dst id="IPLSng">12039.2213333333</dst>
            <dst id="KSCYng">13196.3866666667</dst>
            <dst id="LOSAng">3490.73066666667</dst>
            <dst id="NYCMng">1315.008</dst>
            <dst id="SNVAng">1861.25333333333</dst>
            <dst id="STTLng">474.602666666667</dst>
            <dst id="WASHng">8231.59733333333</dst>
        </src>
        <src id="LOSAng">
            <dst id="ATLA-M5">26.6666666666667</dst>
            <dst id="ATLAng">10576.728</dst>
            <dst id="CHINng">57212.3786666667</dst>
            <dst id="DNVRng">12510.6426666667</dst>
            <dst id="HSTNng">13349.0213333333</dst>
            <dst id="IPLSng">10792.5893333333</dst>
            <dst id="KSCYng">2915.94133333333</dst>
            <dst id="LOSAng">10801.0693333333</dst>
            <dst id="NYCMng">15982.6026666667</dst>
            <dst id="SNVAng">24821.072</dst>
            <dst id="STTLng">22426.3253333333</dst>
            <dst id="WASHng">80662.528</dst>
        </src>
        <src id="NYCMng">
            <dst id="ATLA-M5">80</dst>
            <dst id="ATLAng">4525.336</dst>
            <dst id="CHINng">18039.672</dst>
            <dst id="DNVRng">24157.872</dst>
            <dst id="HSTNng">2280.61066666667</dst>
            <dst id="IPLSng">31931.9333333333</dst>
            <dst id="KSCYng">3858.688</dst>
            <dst id="LOSAng">51022.9066666667</dst>
            <dst id="NYCMng">69172.2693333333</dst>
            <dst id="SNVAng">1730.936</dst>
            <dst id="STTLng">12331.5333333333</dst>
            <dst id="WASHng">47006.3093333333</dst>
        </src>
        <src id="SNVAng">
            <dst id="ATLA-M5">0</dst>
            <dst id="ATLAng">0</dst>
            <dst id="CHINng">0</dst>
            <dst id="DNVRng">6433.21066666667</dst>
            <dst id="HSTNng">0</dst>
            <dst id="IPLSng">328.842666666667</dst>
            <dst id="KSCYng">0</dst>
            <dst id="LOSAng">31324.8373333333</dst>
            <dst id="NYCMng">95.488</dst>
            <dst id="SNVAng">7622.69866666667</dst>
            <dst id="STTLng">31650.1626666667</dst>
            <dst id="WASHng">0</dst>
        </src>
        <src id="STTLng">
            <dst id="ATLA-M5">100.565333333333</dst>
            <dst id="ATLAng">5306.78666666667</dst>
            <dst id="CHINng">15951.592</dst>
            <dst id="DNVRng">856.696</dst>
            <dst id="HSTNng">204.570666666667</dst>
            <dst id="IPLSng">4442.84</dst>
            <dst id="KSCYng">1254.632</dst>
            <dst id="LOSAng">8779.66666666666</dst>
            <dst id="NYCMng">8674.22133333333</dst>
            <dst id="SNVAng">13927.8933333333</dst>
            <dst id="STTLng">1750.30133333333</dst>
            <dst id="WASHng">4142.70133333333</dst>
        </src>
        <src id="WASHng">
            <dst id="ATLA-M5">0</dst>
            <dst id="ATLAng">89498.9893333333</dst>
            <dst id="CHINng">43741.0266666667</dst>
            <dst id="DNVRng">27369.4933333333</dst>
            <dst id="HSTNng">32608.976</dst>
            <dst id="IPLSng">80670.6026666667</dst>
            <dst id="KSCYng">27124.1706666667</dst>
            <dst id="LOSAng">99941.4693333333</dst>
            <dst id="NYCMng">166637.408</dst>
            <dst id="SNVAng">1124.25866666667</dst>
            <dst id="STTLng">26090.0773333333</dst>
            <dst id="WASHng">180548.845333333</dst>
        </src>
    </IntraTM>
</TrafficMatrixFile>
