<?xml version="1.0" encoding="ISO-8859-1" standalone="yes"?>
<TrafficMatrixFile xsi:noNamespaceSchemaLocation="http://totem.run.montefiore.ulg.ac.be/Schema/TrafficMatrix-v1_2.xsd" xmlns:xsi="http://www.w3.org/2001/XMLSchema-instance">
    <IntraTM ASID="11537">
        <src id="ATLA-M5">
            <dst id="ATLA-M5">0</dst>
            <dst id="ATLAng">98.8266666666667</dst>
            <dst id="CHINng">54.6666666666667</dst>
            <dst id="DNVRng">0</dst>
            <dst id="HSTNng">34.8613333333333</dst>
            <dst id="IPLSng">71.672</dst>
            <dst id="KSCYng">52</dst>
            <dst id="LOSAng">431.677333333333</dst>
            <dst id="NYCMng">223.997333333333</dst>
            <dst id="SNVAng">0</dst>
            <dst id="STTLng">26.6666666666667</dst>
            <dst id="WASHng">139.757333333333</dst>
        </src>
        <src id="ATLAng">
            <dst id="ATLA-M5">26.6666666666667</dst>
            <dst id="ATLAng">43189.7626666667</dst>
            <dst id="CHINng">9210.71466666667</dst>
            <dst id="DNVRng">2988.672</dst>
            <dst id="HSTNng">30251.7466666667</dst>
            <dst id="IPLSng">18557.7813333333</dst>
            <dst id="KSCYng">572.64</dst>
            <dst id="LOSAng">13498.6666666667</dst>
            <dst id="NYCMng">2341.952</dst>
            <dst id="SNVAng">278.984</dst>
            <dst id="STTLng">4549.51466666667</dst>
            <dst id="WASHng">30312.04</dst>
        </src>
        <src id="CHINng">
            <dst id="ATLA-M5">67.5813333333333</dst>
            <dst id="ATLAng">17676.0293333333</dst>
            <dst id="CHINng">62312.7066666667</dst>
            <dst id="DNVRng">11670.3333333333</dst>
            <dst id="HSTNng">7077.62933333333</dst>
            <dst id="IPLSng">43010.7573333333</dst>
            <dst id="KSCYng">7237.08533333333</dst>
            <dst id="LOSAng">26145.5653333333</dst>
            <dst id="NYCMng">12652.0613333333</dst>
            <dst id="SNVAng">2620.616</dst>
            <dst id="STTLng">6734.34666666667</dst>
            <dst id="WASHng">34724.1786666667</dst>
        </src>
        <src id="DNVRng">
            <dst id="ATLA-M5">212.597333333333</dst>
            <dst id="ATLAng">3545.26133333333</dst>
            <dst id="CHINng">139440.557333333</dst>
            <dst id="DNVRng">9964.552</dst>
            <dst id="HSTNng">23730.3013333333</dst>
            <dst id="IPLSng">32182.128</dst>
            <dst id="KSCYng">15915.7386666667</dst>
            <dst id="LOSAng">30440.976</dst>
            <dst id="NYCMng">12997.008</dst>
            <dst id="SNVAng">8073.42133333333</dst>
            <dst id="STTLng">4336.70933333333</dst>
            <dst id="WASHng">44123.4426666667</dst>
        </src>
        <src id="HSTNng">
            <dst id="ATLA-M5">116.213333333333</dst>
            <dst id="ATLAng">4244.088</dst>
            <dst id="CHINng">20032.84</dst>
            <dst id="DNVRng">2328.74933333333</dst>
            <dst id="HSTNng">14285.3306666667</dst>
            <dst id="IPLSng">4055.52</dst>
            <dst id="KSCYng">983.52</dst>
            <dst id="LOSAng">10093.0186666667</dst>
            <dst id="NYCMng">4130.15733333333</dst>
            <dst id="SNVAng">26.6666666666667</dst>
            <dst id="STTLng">685.56</dst>
            <dst id="WASHng">6074.63733333333</dst>
        </src>
        <src id="IPLSng">
            <dst id="ATLA-M5">433.957333333333</dst>
            <dst id="ATLAng">10142.3973333333</dst>
            <dst id="CHINng">66625.7946666667</dst>
            <dst id="DNVRng">7743.488</dst>
            <dst id="HSTNng">1996.912</dst>
            <dst id="IPLSng">11273.6373333333</dst>
            <dst id="KSCYng">3645.10666666667</dst>
            <dst id="LOSAng">14303.352</dst>
            <dst id="NYCMng">29088.3146666667</dst>
            <dst id="SNVAng">2022.01866666667</dst>
            <dst id="STTLng">13681.712</dst>
            <dst id="WASHng">20068.12</dst>
        </src>
        <src id="KSCYng">
            <dst id="ATLA-M5">26.6666666666667</dst>
            <dst id="ATLAng">5342.40533333333</dst>
            <dst id="CHINng">24846</dst>
            <dst id="DNVRng">16915.4826666667</dst>
            <dst id="HSTNng">5191.37866666667</dst>
            <dst id="IPLSng">13083.6</dst>
            <dst id="KSCYng">12854.592</dst>
            <dst id="LOSAng">4328.11466666667</dst>
            <dst id="NYCMng">2220.64533333333</dst>
            <dst id="SNVAng">2391.41333333333</dst>
            <dst id="STTLng">519</dst>
            <dst id="WASHng">9219.99466666667</dst>
        </src>
        <src id="LOSAng">
            <dst id="ATLA-M5">411.429333333333</dst>
            <dst id="ATLAng">21889.536</dst>
            <dst id="CHINng">54474.5173333333</dst>
            <dst id="DNVRng">5723.43466666667</dst>
            <dst id="HSTNng">5568.128</dst>
            <dst id="IPLSng">20107.8533333333</dst>
            <dst id="KSCYng">1363.71466666667</dst>
            <dst id="LOSAng">6125.28</dst>
            <dst id="NYCMng">29577.016</dst>
            <dst id="SNVAng">21244.7866666667</dst>
            <dst id="STTLng">17627.616</dst>
            <dst id="WASHng">97824.928</dst>
        </src>
        <src id="NYCMng">
            <dst id="ATLA-M5">3991.54133333333</dst>
            <dst id="ATLAng">14105.9573333333</dst>
            <dst id="CHINng">15975.9946666667</dst>
            <dst id="DNVRng">30004.2613333333</dst>
            <dst id="HSTNng">9436.184</dst>
            <dst id="IPLSng">31517.9653333333</dst>
            <dst id="KSCYng">6628.384</dst>
            <dst id="LOSAng">54947.4853333333</dst>
            <dst id="NYCMng">106532.856</dst>
            <dst id="SNVAng">913.277333333333</dst>
            <dst id="STTLng">29470.9626666667</dst>
            <dst id="WASHng">48328.6986666667</dst>
        </src>
        <src id="SNVAng">
            <dst id="ATLA-M5">0</dst>
            <dst id="ATLAng">229.786666666667</dst>
            <dst id="CHINng">53.3333333333333</dst>
            <dst id="DNVRng">6693.23733333333</dst>
            <dst id="HSTNng">26.6666666666667</dst>
            <dst id="IPLSng">5482.96533333333</dst>
            <dst id="KSCYng">0</dst>
            <dst id="LOSAng">27506.3546666667</dst>
            <dst id="NYCMng">0</dst>
            <dst id="SNVAng">7509.54933333333</dst>
            <dst id="STTLng">36435.3813333333</dst>
            <dst id="WASHng">26.6666666666667</dst>
        </src>
        <src id="STTLng">
            <dst id="ATLA-M5">0</dst>
            <dst id="ATLAng">6518.264</dst>
            <dst id="CHINng">15312.192</dst>
            <dst id="DNVRng">2546.216</dst>
            <dst id="HSTNng">3831.33866666667</dst>
            <dst id="IPLSng">13000.264</dst>
            <dst id="KSCYng">1824.28266666667</dst>
            <dst id="LOSAng">13557.408</dst>
            <dst id="NYCMng">12474.3173333333</dst>
            <dst id="SNVAng">7269.50666666667</dst>
            <dst id="STTLng">1365.74666666667</dst>
            <dst id="WASHng">6190.86933333333</dst>
        </src>
        <src id="WASHng">
            <dst id="ATLA-M5">140.392</dst>
            <dst id="ATLAng">108063.2</dst>
            <dst id="CHINng">53259.4666666667</dst>
            <dst id="DNVRng">44125.3733333333</dst>
            <dst id="HSTNng">20971.928</dst>
            <dst id="IPLSng">67565.136</dst>
            <dst id="KSCYng">31100.336</dst>
            <dst id="LOSAng">103578.162666667</dst>
            <dst id="NYCMng">107519.4</dst>
            <dst id="SNVAng">1096.8</dst>
            <dst id="STTLng">19348.5733333333</dst>
            <dst id="WASHng">192783.768</dst>
        </src>
    </IntraTM>
</TrafficMatrixFile>
