<?xml version="1.0" encoding="ISO-8859-1" standalone="yes"?>
<TrafficMatrixFile xsi:noNamespaceSchemaLocation="http://totem.run.montefiore.ulg.ac.be/Schema/TrafficMatrix-v1_2.xsd" xmlns:xsi="http://www.w3.org/2001/XMLSchema-instance">
    <IntraTM ASID="11537">
        <src id="ATLA-M5">
            <dst id="ATLA-M5">0</dst>
            <dst id="ATLAng">0</dst>
            <dst id="CHINng">26.6666666666667</dst>
            <dst id="DNVRng">1080.23466666667</dst>
            <dst id="HSTNng">80</dst>
            <dst id="IPLSng">0</dst>
            <dst id="KSCYng">0</dst>
            <dst id="LOSAng">100.997333333333</dst>
            <dst id="NYCMng">51.6266666666667</dst>
            <dst id="SNVAng">0</dst>
            <dst id="STTLng">58.6506666666667</dst>
            <dst id="WASHng">81.6533333333333</dst>
        </src>
        <src id="ATLAng">
            <dst id="ATLA-M5">41.8426666666667</dst>
            <dst id="ATLAng">52397.5173333333</dst>
            <dst id="CHINng">2675.17866666667</dst>
            <dst id="DNVRng">4032.08</dst>
            <dst id="HSTNng">619.362666666667</dst>
            <dst id="IPLSng">18422.5226666667</dst>
            <dst id="KSCYng">276.256</dst>
            <dst id="LOSAng">14008.508</dst>
            <dst id="NYCMng">3376.128</dst>
            <dst id="SNVAng">1555.98266666667</dst>
            <dst id="STTLng">5249.496</dst>
            <dst id="WASHng">32849.992</dst>
        </src>
        <src id="CHINng">
            <dst id="ATLA-M5">0</dst>
            <dst id="ATLAng">6314.728</dst>
            <dst id="CHINng">45984.888</dst>
            <dst id="DNVRng">8794.14133333333</dst>
            <dst id="HSTNng">11305.4</dst>
            <dst id="IPLSng">29378.1893333333</dst>
            <dst id="KSCYng">6141.57866666667</dst>
            <dst id="LOSAng">26222.0213333333</dst>
            <dst id="NYCMng">22761.304</dst>
            <dst id="SNVAng">2568.512</dst>
            <dst id="STTLng">12088.6186666667</dst>
            <dst id="WASHng">28250.2533333333</dst>
        </src>
        <src id="DNVRng">
            <dst id="ATLA-M5">265.386666666667</dst>
            <dst id="ATLAng">2298.736</dst>
            <dst id="CHINng">35005.3333333333</dst>
            <dst id="DNVRng">12085.6346666667</dst>
            <dst id="HSTNng">21787.7093333333</dst>
            <dst id="IPLSng">28360.896</dst>
            <dst id="KSCYng">17474.2346666667</dst>
            <dst id="LOSAng">15414.7786666667</dst>
            <dst id="NYCMng">17183.44</dst>
            <dst id="SNVAng">10087.952</dst>
            <dst id="STTLng">3873.26933333333</dst>
            <dst id="WASHng">37955.232</dst>
        </src>
        <src id="HSTNng">
            <dst id="ATLA-M5">383.285333333333</dst>
            <dst id="ATLAng">10895.2986666667</dst>
            <dst id="CHINng">8407.09866666666</dst>
            <dst id="DNVRng">1728.38666666667</dst>
            <dst id="HSTNng">16139.6986666667</dst>
            <dst id="IPLSng">1384.4</dst>
            <dst id="KSCYng">674.194666666667</dst>
            <dst id="LOSAng">1623.90133333333</dst>
            <dst id="NYCMng">1614.992</dst>
            <dst id="SNVAng">0</dst>
            <dst id="STTLng">538.850666666667</dst>
            <dst id="WASHng">2096.92266666667</dst>
        </src>
        <src id="IPLSng">
            <dst id="ATLA-M5">0</dst>
            <dst id="ATLAng">14926.4453333333</dst>
            <dst id="CHINng">23593.592</dst>
            <dst id="DNVRng">14136.448</dst>
            <dst id="HSTNng">3001.20266666667</dst>
            <dst id="IPLSng">7217.976</dst>
            <dst id="KSCYng">7499.71466666667</dst>
            <dst id="LOSAng">10148.7893333333</dst>
            <dst id="NYCMng">3776.26133333333</dst>
            <dst id="SNVAng">459.090666666667</dst>
            <dst id="STTLng">4136</dst>
            <dst id="WASHng">15428.4853333333</dst>
        </src>
        <src id="KSCYng">
            <dst id="ATLA-M5">0</dst>
            <dst id="ATLAng">2350.46666666667</dst>
            <dst id="CHINng">8133.42933333333</dst>
            <dst id="DNVRng">4226.75466666667</dst>
            <dst id="HSTNng">3429.88</dst>
            <dst id="IPLSng">11771.4613333333</dst>
            <dst id="KSCYng">7425.06666666667</dst>
            <dst id="LOSAng">3619.48</dst>
            <dst id="NYCMng">1443.328</dst>
            <dst id="SNVAng">1823.09333333333</dst>
            <dst id="STTLng">1086.10933333333</dst>
            <dst id="WASHng">10085.8853333333</dst>
        </src>
        <src id="LOSAng">
            <dst id="ATLA-M5">27.8373333333333</dst>
            <dst id="ATLAng">16491.2053333333</dst>
            <dst id="CHINng">52910.608</dst>
            <dst id="DNVRng">5805.07733333333</dst>
            <dst id="HSTNng">5302.42133333333</dst>
            <dst id="IPLSng">10968.968</dst>
            <dst id="KSCYng">3583.17333333333</dst>
            <dst id="LOSAng">11974.7813333333</dst>
            <dst id="NYCMng">17292.0346666667</dst>
            <dst id="SNVAng">20363.912</dst>
            <dst id="STTLng">25153.1306666667</dst>
            <dst id="WASHng">89433.488</dst>
        </src>
        <src id="NYCMng">
            <dst id="ATLA-M5">26.6666666666667</dst>
            <dst id="ATLAng">6653.11466666667</dst>
            <dst id="CHINng">15538.9733333333</dst>
            <dst id="DNVRng">21708.2693333333</dst>
            <dst id="HSTNng">1541.77866666667</dst>
            <dst id="IPLSng">8673.18666666667</dst>
            <dst id="KSCYng">4148.712</dst>
            <dst id="LOSAng">54000.7333333333</dst>
            <dst id="NYCMng">81025.144</dst>
            <dst id="SNVAng">3174.20533333333</dst>
            <dst id="STTLng">19043.8133333333</dst>
            <dst id="WASHng">43588.8106666667</dst>
        </src>
        <src id="SNVAng">
            <dst id="ATLA-M5">0</dst>
            <dst id="ATLAng">26.6666666666667</dst>
            <dst id="CHINng">26.6666666666667</dst>
            <dst id="DNVRng">2986.03733333333</dst>
            <dst id="HSTNng">0</dst>
            <dst id="IPLSng">9507.60533333333</dst>
            <dst id="KSCYng">0</dst>
            <dst id="LOSAng">25472.5306666667</dst>
            <dst id="NYCMng">26.6666666666667</dst>
            <dst id="SNVAng">7274.95733333333</dst>
            <dst id="STTLng">29155.7706666667</dst>
            <dst id="WASHng">26.6666666666667</dst>
        </src>
        <src id="STTLng">
            <dst id="ATLA-M5">95.1146666666667</dst>
            <dst id="ATLAng">5289.816</dst>
            <dst id="CHINng">16492.3493333333</dst>
            <dst id="DNVRng">1002.71466666667</dst>
            <dst id="HSTNng">385.413333333333</dst>
            <dst id="IPLSng">3551.136</dst>
            <dst id="KSCYng">1316.17333333333</dst>
            <dst id="LOSAng">12317.9066666667</dst>
            <dst id="NYCMng">8775.896</dst>
            <dst id="SNVAng">8804.512</dst>
            <dst id="STTLng">1811.648</dst>
            <dst id="WASHng">3440.62666666667</dst>
        </src>
        <src id="WASHng">
            <dst id="ATLA-M5">337.392</dst>
            <dst id="ATLAng">79536.7893333333</dst>
            <dst id="CHINng">71474.712</dst>
            <dst id="DNVRng">51297.704</dst>
            <dst id="HSTNng">30117.0533333333</dst>
            <dst id="IPLSng">73200.4</dst>
            <dst id="KSCYng">33782.12</dst>
            <dst id="LOSAng">96189.0746666667</dst>
            <dst id="NYCMng">152301.301333333</dst>
            <dst id="SNVAng">3227.44266666667</dst>
            <dst id="STTLng">32441.6693333333</dst>
            <dst id="WASHng">289943.466666667</dst>
        </src>
    </IntraTM>
</TrafficMatrixFile>
