<?xml version="1.0" encoding="ISO-8859-1" standalone="yes"?>
<TrafficMatrixFile xsi:noNamespaceSchemaLocation="http://totem.run.montefiore.ulg.ac.be/Schema/TrafficMatrix-v1_2.xsd" xmlns:xsi="http://www.w3.org/2001/XMLSchema-instance">
    <IntraTM ASID="11537">
        <src id="ATLA-M5">
            <dst id="ATLA-M5">0</dst>
            <dst id="ATLAng">26.6666666666667</dst>
            <dst id="CHINng">199.221333333333</dst>
            <dst id="DNVRng">0</dst>
            <dst id="HSTNng">70.7066666666667</dst>
            <dst id="IPLSng">26.6666666666667</dst>
            <dst id="KSCYng">505.176</dst>
            <dst id="LOSAng">46.916</dst>
            <dst id="NYCMng">0</dst>
            <dst id="SNVAng">20.2493333333333</dst>
            <dst id="STTLng">0</dst>
            <dst id="WASHng">724.706666666666</dst>
        </src>
        <src id="ATLAng">
            <dst id="ATLA-M5">163.906666666667</dst>
            <dst id="ATLAng">25076.928</dst>
            <dst id="CHINng">8684.90133333334</dst>
            <dst id="DNVRng">2642.82933333333</dst>
            <dst id="HSTNng">631.682666666666</dst>
            <dst id="IPLSng">10535.528</dst>
            <dst id="KSCYng">514.573333333333</dst>
            <dst id="LOSAng">11553.612</dst>
            <dst id="NYCMng">2437.60266666667</dst>
            <dst id="SNVAng">10766.404</dst>
            <dst id="STTLng">4471.23466666667</dst>
            <dst id="WASHng">18293.8906666667</dst>
        </src>
        <src id="CHINng">
            <dst id="ATLA-M5">58.4213333333333</dst>
            <dst id="ATLAng">18018.6826666667</dst>
            <dst id="CHINng">65056.488</dst>
            <dst id="DNVRng">1939.10133333333</dst>
            <dst id="HSTNng">5405</dst>
            <dst id="IPLSng">10427.6613333333</dst>
            <dst id="KSCYng">6321.376</dst>
            <dst id="LOSAng">9489.94933333334</dst>
            <dst id="NYCMng">11099.936</dst>
            <dst id="SNVAng">44072.0453333333</dst>
            <dst id="STTLng">5215.86933333333</dst>
            <dst id="WASHng">12944.56</dst>
        </src>
        <src id="DNVRng">
            <dst id="ATLA-M5">104.437333333333</dst>
            <dst id="ATLAng">3405.104</dst>
            <dst id="CHINng">45838.0506666667</dst>
            <dst id="DNVRng">10164.384</dst>
            <dst id="HSTNng">24157.9946666667</dst>
            <dst id="IPLSng">31057.2586666667</dst>
            <dst id="KSCYng">26095.3786666667</dst>
            <dst id="LOSAng">6533.70933333333</dst>
            <dst id="NYCMng">13544.616</dst>
            <dst id="SNVAng">27199.96</dst>
            <dst id="STTLng">14036.8426666667</dst>
            <dst id="WASHng">58001.2666666667</dst>
        </src>
        <src id="HSTNng">
            <dst id="ATLA-M5">258.304</dst>
            <dst id="ATLAng">790.064</dst>
            <dst id="CHINng">12551.8133333333</dst>
            <dst id="DNVRng">921.994666666667</dst>
            <dst id="HSTNng">18104.9493333333</dst>
            <dst id="IPLSng">1942.08</dst>
            <dst id="KSCYng">596.68</dst>
            <dst id="LOSAng">1833.792</dst>
            <dst id="NYCMng">1295.95466666667</dst>
            <dst id="SNVAng">0</dst>
            <dst id="STTLng">5127.78933333333</dst>
            <dst id="WASHng">5730.52533333333</dst>
        </src>
        <src id="IPLSng">
            <dst id="ATLA-M5">26.6666666666667</dst>
            <dst id="ATLAng">3403.94133333333</dst>
            <dst id="CHINng">52989.3146666667</dst>
            <dst id="DNVRng">6432.584</dst>
            <dst id="HSTNng">444.221333333333</dst>
            <dst id="IPLSng">3356.008</dst>
            <dst id="KSCYng">2258.84</dst>
            <dst id="LOSAng">4175.592</dst>
            <dst id="NYCMng">11516.008</dst>
            <dst id="SNVAng">7411.54933333333</dst>
            <dst id="STTLng">13200.0373333333</dst>
            <dst id="WASHng">5127.928</dst>
        </src>
        <src id="KSCYng">
            <dst id="ATLA-M5">0</dst>
            <dst id="ATLAng">2941.45066666667</dst>
            <dst id="CHINng">8833.77866666667</dst>
            <dst id="DNVRng">4828.84266666667</dst>
            <dst id="HSTNng">2966.976</dst>
            <dst id="IPLSng">10465.3306666667</dst>
            <dst id="KSCYng">8846.70133333333</dst>
            <dst id="LOSAng">2480.98933333333</dst>
            <dst id="NYCMng">1973.58666666667</dst>
            <dst id="SNVAng">6532.18666666667</dst>
            <dst id="STTLng">564.405333333333</dst>
            <dst id="WASHng">6381.81066666667</dst>
        </src>
        <src id="LOSAng">
            <dst id="ATLA-M5">26.6666666666667</dst>
            <dst id="ATLAng">16828.616</dst>
            <dst id="CHINng">52287.3386666667</dst>
            <dst id="DNVRng">8171.528</dst>
            <dst id="HSTNng">2677.80533333333</dst>
            <dst id="IPLSng">10903.88</dst>
            <dst id="KSCYng">1604.72</dst>
            <dst id="LOSAng">20953.176</dst>
            <dst id="NYCMng">28037.0373333333</dst>
            <dst id="SNVAng">26063.352</dst>
            <dst id="STTLng">8003.704</dst>
            <dst id="WASHng">73709.792</dst>
        </src>
        <src id="NYCMng">
            <dst id="ATLA-M5">63.392</dst>
            <dst id="ATLAng">12060.1333333333</dst>
            <dst id="CHINng">21750.008</dst>
            <dst id="DNVRng">27767.9306666667</dst>
            <dst id="HSTNng">10018.0426666667</dst>
            <dst id="IPLSng">13136.072</dst>
            <dst id="KSCYng">2568.58666666667</dst>
            <dst id="LOSAng">8199.98133333333</dst>
            <dst id="NYCMng">101753.365333333</dst>
            <dst id="SNVAng">29163.1786666667</dst>
            <dst id="STTLng">26544.6613333333</dst>
            <dst id="WASHng">53578.9386666667</dst>
        </src>
        <src id="SNVAng">
            <dst id="ATLA-M5">0</dst>
            <dst id="ATLAng">26.6666666666667</dst>
            <dst id="CHINng">0</dst>
            <dst id="DNVRng">2784.86133333333</dst>
            <dst id="HSTNng">0</dst>
            <dst id="IPLSng">204.52</dst>
            <dst id="KSCYng">0</dst>
            <dst id="LOSAng">1515.10133333333</dst>
            <dst id="NYCMng">26.6666666666667</dst>
            <dst id="SNVAng">42799.7546666667</dst>
            <dst id="STTLng">26642.5386666667</dst>
            <dst id="WASHng">0</dst>
        </src>
        <src id="STTLng">
            <dst id="ATLA-M5">141.770666666667</dst>
            <dst id="ATLAng">3974.21333333333</dst>
            <dst id="CHINng">10037.5066666667</dst>
            <dst id="DNVRng">6298.46666666667</dst>
            <dst id="HSTNng">3152.80266666667</dst>
            <dst id="IPLSng">9137.56533333333</dst>
            <dst id="KSCYng">663.128</dst>
            <dst id="LOSAng">2741.11466666667</dst>
            <dst id="NYCMng">10408.7146666667</dst>
            <dst id="SNVAng">17306.4346666667</dst>
            <dst id="STTLng">1763.47733333333</dst>
            <dst id="WASHng">5662.832</dst>
        </src>
        <src id="WASHng">
            <dst id="ATLA-M5">612.952</dst>
            <dst id="ATLAng">51764.3413333333</dst>
            <dst id="CHINng">113091.645333333</dst>
            <dst id="DNVRng">26414.6693333333</dst>
            <dst id="HSTNng">20114.5813333333</dst>
            <dst id="IPLSng">31642.0906666667</dst>
            <dst id="KSCYng">34862.3866666667</dst>
            <dst id="LOSAng">66788.2453333333</dst>
            <dst id="NYCMng">131915.408</dst>
            <dst id="SNVAng">31907.824</dst>
            <dst id="STTLng">49130.6213333333</dst>
            <dst id="WASHng">189124.304</dst>
        </src>
    </IntraTM>
</TrafficMatrixFile>
