<?xml version="1.0" encoding="ISO-8859-1" standalone="yes"?>
<TrafficMatrixFile xsi:noNamespaceSchemaLocation="http://totem.run.montefiore.ulg.ac.be/Schema/TrafficMatrix-v1_2.xsd" xmlns:xsi="http://www.w3.org/2001/XMLSchema-instance">
    <IntraTM ASID="11537">
        <src id="ATLA-M5">
            <dst id="ATLA-M5">0</dst>
            <dst id="ATLAng">74.24</dst>
            <dst id="CHINng">110.522666666667</dst>
            <dst id="DNVRng">0</dst>
            <dst id="HSTNng">78.0986666666667</dst>
            <dst id="IPLSng">0</dst>
            <dst id="KSCYng">0</dst>
            <dst id="LOSAng">48.2133333333333</dst>
            <dst id="NYCMng">112.56</dst>
            <dst id="SNVAng">26.6666666666667</dst>
            <dst id="STTLng">57.2586666666667</dst>
            <dst id="WASHng">204.741333333333</dst>
        </src>
        <src id="ATLAng">
            <dst id="ATLA-M5">3602.792</dst>
            <dst id="ATLAng">28813.4293333333</dst>
            <dst id="CHINng">6151.94666666667</dst>
            <dst id="DNVRng">3002.264</dst>
            <dst id="HSTNng">639.498666666667</dst>
            <dst id="IPLSng">14702.216</dst>
            <dst id="KSCYng">173.170666666667</dst>
            <dst id="LOSAng">10501.584</dst>
            <dst id="NYCMng">1396.27733333333</dst>
            <dst id="SNVAng">305.181333333333</dst>
            <dst id="STTLng">3356.49866666667</dst>
            <dst id="WASHng">24051.2533333333</dst>
        </src>
        <src id="CHINng">
            <dst id="ATLA-M5">29.24</dst>
            <dst id="ATLAng">7952.264</dst>
            <dst id="CHINng">43331.8426666667</dst>
            <dst id="DNVRng">8340.83733333333</dst>
            <dst id="HSTNng">10238.8506666667</dst>
            <dst id="IPLSng">17000.7706666667</dst>
            <dst id="KSCYng">19455.4026666667</dst>
            <dst id="LOSAng">31577.5866666667</dst>
            <dst id="NYCMng">26145.5333333333</dst>
            <dst id="SNVAng">1490.56533333333</dst>
            <dst id="STTLng">3124.46133333333</dst>
            <dst id="WASHng">8894.96266666667</dst>
        </src>
        <src id="DNVRng">
            <dst id="ATLA-M5">101.92</dst>
            <dst id="ATLAng">7051.528</dst>
            <dst id="CHINng">37393.2053333333</dst>
            <dst id="DNVRng">12752.9786666667</dst>
            <dst id="HSTNng">19636.312</dst>
            <dst id="IPLSng">37207.9333333333</dst>
            <dst id="KSCYng">19392.3253333333</dst>
            <dst id="LOSAng">5915.04</dst>
            <dst id="NYCMng">12386.5573333333</dst>
            <dst id="SNVAng">8278.82133333334</dst>
            <dst id="STTLng">5124.11466666667</dst>
            <dst id="WASHng">48397.3413333333</dst>
        </src>
        <src id="HSTNng">
            <dst id="ATLA-M5">1413.29066666667</dst>
            <dst id="ATLAng">1349.90666666667</dst>
            <dst id="CHINng">6016.86933333333</dst>
            <dst id="DNVRng">1567.73066666667</dst>
            <dst id="HSTNng">17588.568</dst>
            <dst id="IPLSng">11548.5253333333</dst>
            <dst id="KSCYng">1466.29333333333</dst>
            <dst id="LOSAng">1026.30133333333</dst>
            <dst id="NYCMng">1926.27733333333</dst>
            <dst id="SNVAng">26.6666666666667</dst>
            <dst id="STTLng">588.277333333333</dst>
            <dst id="WASHng">2802.96266666667</dst>
        </src>
        <src id="IPLSng">
            <dst id="ATLA-M5">0</dst>
            <dst id="ATLAng">11401.8106666667</dst>
            <dst id="CHINng">25079.6026666667</dst>
            <dst id="DNVRng">8744.392</dst>
            <dst id="HSTNng">3947.28533333333</dst>
            <dst id="IPLSng">10007.2133333333</dst>
            <dst id="KSCYng">2661.088</dst>
            <dst id="LOSAng">20512.1413333333</dst>
            <dst id="NYCMng">6370.15733333333</dst>
            <dst id="SNVAng">962.298666666667</dst>
            <dst id="STTLng">6158.4</dst>
            <dst id="WASHng">6626.85866666667</dst>
        </src>
        <src id="KSCYng">
            <dst id="ATLA-M5">0</dst>
            <dst id="ATLAng">3463.568</dst>
            <dst id="CHINng">7334.16533333333</dst>
            <dst id="DNVRng">4591.49066666667</dst>
            <dst id="HSTNng">14088.9866666667</dst>
            <dst id="IPLSng">18599.2613333333</dst>
            <dst id="KSCYng">14191.3973333333</dst>
            <dst id="LOSAng">3069.728</dst>
            <dst id="NYCMng">1492.74133333333</dst>
            <dst id="SNVAng">2500.224</dst>
            <dst id="STTLng">4097.984</dst>
            <dst id="WASHng">7973.65333333333</dst>
        </src>
        <src id="LOSAng">
            <dst id="ATLA-M5">53.4773333333333</dst>
            <dst id="ATLAng">11138.2533333333</dst>
            <dst id="CHINng">45540.1253333333</dst>
            <dst id="DNVRng">6862.42133333333</dst>
            <dst id="HSTNng">2439.82133333333</dst>
            <dst id="IPLSng">13678.848</dst>
            <dst id="KSCYng">4112.65333333333</dst>
            <dst id="LOSAng">12842.056</dst>
            <dst id="NYCMng">19043.7413333333</dst>
            <dst id="SNVAng">26509.2426666667</dst>
            <dst id="STTLng">22264.696</dst>
            <dst id="WASHng">82434.9813333333</dst>
        </src>
        <src id="NYCMng">
            <dst id="ATLA-M5">310.736</dst>
            <dst id="ATLAng">7008.27466666667</dst>
            <dst id="CHINng">17554.52</dst>
            <dst id="DNVRng">22578.9013333333</dst>
            <dst id="HSTNng">2251.38133333333</dst>
            <dst id="IPLSng">10590.7066666667</dst>
            <dst id="KSCYng">6120.72533333333</dst>
            <dst id="LOSAng">48047.5253333333</dst>
            <dst id="NYCMng">57419.1626666667</dst>
            <dst id="SNVAng">2426.78133333333</dst>
            <dst id="STTLng">11205.3493333333</dst>
            <dst id="WASHng">37643.4986666667</dst>
        </src>
        <src id="SNVAng">
            <dst id="ATLA-M5">0</dst>
            <dst id="ATLAng">26.6666666666667</dst>
            <dst id="CHINng">26.6666666666667</dst>
            <dst id="DNVRng">1177.76266666667</dst>
            <dst id="HSTNng">0</dst>
            <dst id="IPLSng">156.493333333333</dst>
            <dst id="KSCYng">0</dst>
            <dst id="LOSAng">31499.0613333333</dst>
            <dst id="NYCMng">86.4426666666666</dst>
            <dst id="SNVAng">7606.184</dst>
            <dst id="STTLng">36234.5813333333</dst>
            <dst id="WASHng">0</dst>
        </src>
        <src id="STTLng">
            <dst id="ATLA-M5">96.0693333333333</dst>
            <dst id="ATLAng">5050.88</dst>
            <dst id="CHINng">9303.68533333333</dst>
            <dst id="DNVRng">1802.84</dst>
            <dst id="HSTNng">466.013333333333</dst>
            <dst id="IPLSng">4280.07466666667</dst>
            <dst id="KSCYng">3108.024</dst>
            <dst id="LOSAng">9252.4</dst>
            <dst id="NYCMng">7416.03733333333</dst>
            <dst id="SNVAng">10117.2266666667</dst>
            <dst id="STTLng">1980.456</dst>
            <dst id="WASHng">4135.33066666667</dst>
        </src>
        <src id="WASHng">
            <dst id="ATLA-M5">360.696</dst>
            <dst id="ATLAng">55794.2186666667</dst>
            <dst id="CHINng">72120.0373333333</dst>
            <dst id="DNVRng">57058.1173333333</dst>
            <dst id="HSTNng">28363.32</dst>
            <dst id="IPLSng">43898.352</dst>
            <dst id="KSCYng">31160.2693333333</dst>
            <dst id="LOSAng">121675.464</dst>
            <dst id="NYCMng">165596.794666667</dst>
            <dst id="SNVAng">5931.47466666667</dst>
            <dst id="STTLng">28877.3946666667</dst>
            <dst id="WASHng">213098.856</dst>
        </src>
    </IntraTM>
</TrafficMatrixFile>
