<?xml version="1.0" encoding="ISO-8859-1" standalone="yes"?>
<TrafficMatrixFile xsi:noNamespaceSchemaLocation="http://totem.run.montefiore.ulg.ac.be/Schema/TrafficMatrix-v1_2.xsd" xmlns:xsi="http://www.w3.org/2001/XMLSchema-instance">
    <IntraTM ASID="11537">
        <src id="ATLA-M5">
            <dst id="ATLA-M5">26.6666666666667</dst>
            <dst id="ATLAng">26.6666666666667</dst>
            <dst id="CHINng">53.3333333333333</dst>
            <dst id="DNVRng">1042.112</dst>
            <dst id="HSTNng">119.210666666667</dst>
            <dst id="IPLSng">0</dst>
            <dst id="KSCYng">0</dst>
            <dst id="LOSAng">423.434666666667</dst>
            <dst id="NYCMng">105.52</dst>
            <dst id="SNVAng">0</dst>
            <dst id="STTLng">98.1493333333333</dst>
            <dst id="WASHng">53.3333333333333</dst>
        </src>
        <src id="ATLAng">
            <dst id="ATLA-M5">76.9413333333333</dst>
            <dst id="ATLAng">25104.5253333333</dst>
            <dst id="CHINng">2879.296</dst>
            <dst id="DNVRng">6369.29866666667</dst>
            <dst id="HSTNng">425.741333333333</dst>
            <dst id="IPLSng">17054.6586666667</dst>
            <dst id="KSCYng">679.642666666667</dst>
            <dst id="LOSAng">10436.52</dst>
            <dst id="NYCMng">4976.99466666667</dst>
            <dst id="SNVAng">857.778666666667</dst>
            <dst id="STTLng">3905.52266666667</dst>
            <dst id="WASHng">28071.32</dst>
        </src>
        <src id="CHINng">
            <dst id="ATLA-M5">0</dst>
            <dst id="ATLAng">3862.952</dst>
            <dst id="CHINng">36612.7146666667</dst>
            <dst id="DNVRng">5623.30933333333</dst>
            <dst id="HSTNng">6012.896</dst>
            <dst id="IPLSng">16899.8346666667</dst>
            <dst id="KSCYng">3616.46933333333</dst>
            <dst id="LOSAng">22579.208</dst>
            <dst id="NYCMng">24216.736</dst>
            <dst id="SNVAng">1691.792</dst>
            <dst id="STTLng">8019.88266666667</dst>
            <dst id="WASHng">13762.848</dst>
        </src>
        <src id="DNVRng">
            <dst id="ATLA-M5">72.5866666666667</dst>
            <dst id="ATLAng">2236.79733333333</dst>
            <dst id="CHINng">31672.928</dst>
            <dst id="DNVRng">13192.384</dst>
            <dst id="HSTNng">27184.1573333333</dst>
            <dst id="IPLSng">37726.96</dst>
            <dst id="KSCYng">26947.112</dst>
            <dst id="LOSAng">12186.3466666667</dst>
            <dst id="NYCMng">16471.872</dst>
            <dst id="SNVAng">10197.384</dst>
            <dst id="STTLng">4087.76533333333</dst>
            <dst id="WASHng">38287.544</dst>
        </src>
        <src id="HSTNng">
            <dst id="ATLA-M5">3431.02933333333</dst>
            <dst id="ATLAng">732.674666666666</dst>
            <dst id="CHINng">5689.55733333333</dst>
            <dst id="DNVRng">855.186666666667</dst>
            <dst id="HSTNng">14409.3253333333</dst>
            <dst id="IPLSng">2414.02933333333</dst>
            <dst id="KSCYng">1178.02666666667</dst>
            <dst id="LOSAng">1453.46666666667</dst>
            <dst id="NYCMng">980.485333333334</dst>
            <dst id="SNVAng">0</dst>
            <dst id="STTLng">755.282666666667</dst>
            <dst id="WASHng">1836.44266666667</dst>
        </src>
        <src id="IPLSng">
            <dst id="ATLA-M5">26.6666666666667</dst>
            <dst id="ATLAng">4804.20533333333</dst>
            <dst id="CHINng">24134.352</dst>
            <dst id="DNVRng">5663.528</dst>
            <dst id="HSTNng">8673.98666666667</dst>
            <dst id="IPLSng">14812.2533333333</dst>
            <dst id="KSCYng">3276.048</dst>
            <dst id="LOSAng">11126.2133333333</dst>
            <dst id="NYCMng">3692.51466666667</dst>
            <dst id="SNVAng">192.021333333333</dst>
            <dst id="STTLng">3394.12533333333</dst>
            <dst id="WASHng">4990.97866666667</dst>
        </src>
        <src id="KSCYng">
            <dst id="ATLA-M5">0</dst>
            <dst id="ATLAng">4201.66933333333</dst>
            <dst id="CHINng">7722.304</dst>
            <dst id="DNVRng">5333.27733333333</dst>
            <dst id="HSTNng">2757.752</dst>
            <dst id="IPLSng">13818.64</dst>
            <dst id="KSCYng">9055.36</dst>
            <dst id="LOSAng">3927.77066666667</dst>
            <dst id="NYCMng">1379.54666666667</dst>
            <dst id="SNVAng">1991.94666666667</dst>
            <dst id="STTLng">5207.96266666667</dst>
            <dst id="WASHng">10784.08</dst>
        </src>
        <src id="LOSAng">
            <dst id="ATLA-M5">135.098666666667</dst>
            <dst id="ATLAng">5642.776</dst>
            <dst id="CHINng">44099.0373333333</dst>
            <dst id="DNVRng">4901.576</dst>
            <dst id="HSTNng">4215.472</dst>
            <dst id="IPLSng">12751.9866666667</dst>
            <dst id="KSCYng">3223.14666666667</dst>
            <dst id="LOSAng">12414.4186666667</dst>
            <dst id="NYCMng">22863.7306666667</dst>
            <dst id="SNVAng">16564.92</dst>
            <dst id="STTLng">39610.3973333333</dst>
            <dst id="WASHng">79708.5013333333</dst>
        </src>
        <src id="NYCMng">
            <dst id="ATLA-M5">28.408</dst>
            <dst id="ATLAng">8941.18133333334</dst>
            <dst id="CHINng">21798.0346666667</dst>
            <dst id="DNVRng">21951.5226666667</dst>
            <dst id="HSTNng">2805.84266666667</dst>
            <dst id="IPLSng">19865.9813333333</dst>
            <dst id="KSCYng">5318.18933333333</dst>
            <dst id="LOSAng">53284.6826666667</dst>
            <dst id="NYCMng">65331.408</dst>
            <dst id="SNVAng">1963.62933333333</dst>
            <dst id="STTLng">17433.0293333333</dst>
            <dst id="WASHng">41927.1653333333</dst>
        </src>
        <src id="SNVAng">
            <dst id="ATLA-M5">0</dst>
            <dst id="ATLAng">26.6666666666667</dst>
            <dst id="CHINng">0</dst>
            <dst id="DNVRng">3362.53066666667</dst>
            <dst id="HSTNng">0</dst>
            <dst id="IPLSng">229.554666666667</dst>
            <dst id="KSCYng">26.6666666666667</dst>
            <dst id="LOSAng">29208.6933333333</dst>
            <dst id="NYCMng">26.6666666666667</dst>
            <dst id="SNVAng">6514.11733333333</dst>
            <dst id="STTLng">29362.0853333333</dst>
            <dst id="WASHng">26.6666666666667</dst>
        </src>
        <src id="STTLng">
            <dst id="ATLA-M5">118.314666666667</dst>
            <dst id="ATLAng">5411.23733333333</dst>
            <dst id="CHINng">14490.568</dst>
            <dst id="DNVRng">773.192</dst>
            <dst id="HSTNng">579.421333333333</dst>
            <dst id="IPLSng">3903.03733333333</dst>
            <dst id="KSCYng">4674.51733333333</dst>
            <dst id="LOSAng">7212.74666666667</dst>
            <dst id="NYCMng">9701.136</dst>
            <dst id="SNVAng">8953.52266666667</dst>
            <dst id="STTLng">1389.67733333333</dst>
            <dst id="WASHng">3120.4</dst>
        </src>
        <src id="WASHng">
            <dst id="ATLA-M5">364.76</dst>
            <dst id="ATLAng">104005.877333333</dst>
            <dst id="CHINng">62841.0826666667</dst>
            <dst id="DNVRng">72325.4666666667</dst>
            <dst id="HSTNng">15165.92</dst>
            <dst id="IPLSng">64451.416</dst>
            <dst id="KSCYng">35246.0426666667</dst>
            <dst id="LOSAng">97099.04</dst>
            <dst id="NYCMng">125971.325333333</dst>
            <dst id="SNVAng">2646.93066666667</dst>
            <dst id="STTLng">24712.808</dst>
            <dst id="WASHng">201928.869333333</dst>
        </src>
    </IntraTM>
</TrafficMatrixFile>
