<?xml version="1.0" encoding="ISO-8859-1" standalone="yes"?>
<TrafficMatrixFile xsi:noNamespaceSchemaLocation="http://totem.run.montefiore.ulg.ac.be/Schema/TrafficMatrix-v1_2.xsd" xmlns:xsi="http://www.w3.org/2001/XMLSchema-instance">
    <IntraTM ASID="11537">
        <src id="ATLA-M5">
            <dst id="ATLA-M5">26.6666666666667</dst>
            <dst id="ATLAng">0</dst>
            <dst id="CHINng">26.6666666666667</dst>
            <dst id="DNVRng">0</dst>
            <dst id="HSTNng">45.9253333333333</dst>
            <dst id="IPLSng">92.4773333333333</dst>
            <dst id="KSCYng">73.312</dst>
            <dst id="LOSAng">0</dst>
            <dst id="NYCMng">53.3333333333333</dst>
            <dst id="SNVAng">0</dst>
            <dst id="STTLng">0</dst>
            <dst id="WASHng">26.6666666666667</dst>
        </src>
        <src id="ATLAng">
            <dst id="ATLA-M5">148.496</dst>
            <dst id="ATLAng">27548.472</dst>
            <dst id="CHINng">9864.50933333333</dst>
            <dst id="DNVRng">5000.71466666667</dst>
            <dst id="HSTNng">5354.66933333333</dst>
            <dst id="IPLSng">12104.3066666667</dst>
            <dst id="KSCYng">706.738666666667</dst>
            <dst id="LOSAng">5230.928</dst>
            <dst id="NYCMng">4141.552</dst>
            <dst id="SNVAng">4011.296</dst>
            <dst id="STTLng">1046.78933333333</dst>
            <dst id="WASHng">28942.616</dst>
        </src>
        <src id="CHINng">
            <dst id="ATLA-M5">0</dst>
            <dst id="ATLAng">722.525333333333</dst>
            <dst id="CHINng">22226.4826666667</dst>
            <dst id="DNVRng">2925.38666666667</dst>
            <dst id="HSTNng">1382.94666666667</dst>
            <dst id="IPLSng">2371.13866666667</dst>
            <dst id="KSCYng">577.749333333333</dst>
            <dst id="LOSAng">311.672</dst>
            <dst id="NYCMng">2004.26666666667</dst>
            <dst id="SNVAng">4747.02933333333</dst>
            <dst id="STTLng">775.821333333333</dst>
            <dst id="WASHng">1085.25866666667</dst>
        </src>
        <src id="DNVRng">
            <dst id="ATLA-M5">0</dst>
            <dst id="ATLAng">5874.50933333333</dst>
            <dst id="CHINng">20359.4133333333</dst>
            <dst id="DNVRng">10751.8613333333</dst>
            <dst id="HSTNng">21331.4506666667</dst>
            <dst id="IPLSng">28639.552</dst>
            <dst id="KSCYng">27051.0933333333</dst>
            <dst id="LOSAng">1664.57066666667</dst>
            <dst id="NYCMng">14173.5706666667</dst>
            <dst id="SNVAng">28821.088</dst>
            <dst id="STTLng">7260.152</dst>
            <dst id="WASHng">41747.1253333333</dst>
        </src>
        <src id="HSTNng">
            <dst id="ATLA-M5">1884.64266666667</dst>
            <dst id="ATLAng">667.357333333333</dst>
            <dst id="CHINng">6794.00266666667</dst>
            <dst id="DNVRng">1476.064</dst>
            <dst id="HSTNng">17519.632</dst>
            <dst id="IPLSng">2450.62666666667</dst>
            <dst id="KSCYng">1220.824</dst>
            <dst id="LOSAng">5851.51466666667</dst>
            <dst id="NYCMng">2525.22133333333</dst>
            <dst id="SNVAng">0</dst>
            <dst id="STTLng">778.946666666667</dst>
            <dst id="WASHng">3771.48533333333</dst>
        </src>
        <src id="IPLSng">
            <dst id="ATLA-M5">143.648</dst>
            <dst id="ATLAng">4060.272</dst>
            <dst id="CHINng">18734.6053333333</dst>
            <dst id="DNVRng">10148.4106666667</dst>
            <dst id="HSTNng">728.432</dst>
            <dst id="IPLSng">18620.1493333333</dst>
            <dst id="KSCYng">3598.61066666667</dst>
            <dst id="LOSAng">2282.53866666667</dst>
            <dst id="NYCMng">3882.78133333333</dst>
            <dst id="SNVAng">19130.2106666667</dst>
            <dst id="STTLng">19440.848</dst>
            <dst id="WASHng">4456.792</dst>
        </src>
        <src id="KSCYng">
            <dst id="ATLA-M5">0</dst>
            <dst id="ATLAng">2374.304</dst>
            <dst id="CHINng">7193.62933333333</dst>
            <dst id="DNVRng">5970.744</dst>
            <dst id="HSTNng">4688.70666666667</dst>
            <dst id="IPLSng">13528.4586666667</dst>
            <dst id="KSCYng">13710.808</dst>
            <dst id="LOSAng">689.730666666666</dst>
            <dst id="NYCMng">948.232</dst>
            <dst id="SNVAng">6430.02933333333</dst>
            <dst id="STTLng">1409.112</dst>
            <dst id="WASHng">5695.19466666667</dst>
        </src>
        <src id="LOSAng">
            <dst id="ATLA-M5">112.234666666667</dst>
            <dst id="ATLAng">45631.2266666667</dst>
            <dst id="CHINng">27019.1546666667</dst>
            <dst id="DNVRng">8005.36266666667</dst>
            <dst id="HSTNng">2253.46666666667</dst>
            <dst id="IPLSng">13525.8506666667</dst>
            <dst id="KSCYng">1408.73866666667</dst>
            <dst id="LOSAng">16610.16</dst>
            <dst id="NYCMng">22038.0506666667</dst>
            <dst id="SNVAng">24284.232</dst>
            <dst id="STTLng">22175.5333333333</dst>
            <dst id="WASHng">73538.1306666667</dst>
        </src>
        <src id="NYCMng">
            <dst id="ATLA-M5">244.181333333333</dst>
            <dst id="ATLAng">13814.584</dst>
            <dst id="CHINng">15942.768</dst>
            <dst id="DNVRng">21701.1786666667</dst>
            <dst id="HSTNng">9279.65333333333</dst>
            <dst id="IPLSng">4728.416</dst>
            <dst id="KSCYng">2285.98666666667</dst>
            <dst id="LOSAng">10328.2773333333</dst>
            <dst id="NYCMng">90199.2133333334</dst>
            <dst id="SNVAng">49119.9493333333</dst>
            <dst id="STTLng">19704.7946666667</dst>
            <dst id="WASHng">38599.7306666667</dst>
        </src>
        <src id="SNVAng">
            <dst id="ATLA-M5">0</dst>
            <dst id="ATLAng">146.624</dst>
            <dst id="CHINng">193.493333333333</dst>
            <dst id="DNVRng">8437.65066666667</dst>
            <dst id="HSTNng">26.6666666666667</dst>
            <dst id="IPLSng">234.338666666667</dst>
            <dst id="KSCYng">53.3333333333333</dst>
            <dst id="LOSAng">2605.488</dst>
            <dst id="NYCMng">0</dst>
            <dst id="SNVAng">39763.984</dst>
            <dst id="STTLng">42612.024</dst>
            <dst id="WASHng">26.6666666666667</dst>
        </src>
        <src id="STTLng">
            <dst id="ATLA-M5">26.6666666666667</dst>
            <dst id="ATLAng">4021.04</dst>
            <dst id="CHINng">7090.19733333333</dst>
            <dst id="DNVRng">4838.12533333333</dst>
            <dst id="HSTNng">3472.32533333333</dst>
            <dst id="IPLSng">10382.656</dst>
            <dst id="KSCYng">1773.74933333333</dst>
            <dst id="LOSAng">4861.93866666667</dst>
            <dst id="NYCMng">10026.36</dst>
            <dst id="SNVAng">30929.032</dst>
            <dst id="STTLng">1653.22933333333</dst>
            <dst id="WASHng">3956.144</dst>
        </src>
        <src id="WASHng">
            <dst id="ATLA-M5">26.6666666666667</dst>
            <dst id="ATLAng">96600.5973333334</dst>
            <dst id="CHINng">39278.904</dst>
            <dst id="DNVRng">27731.248</dst>
            <dst id="HSTNng">26950.0346666667</dst>
            <dst id="IPLSng">21078.32</dst>
            <dst id="KSCYng">17415.0106666667</dst>
            <dst id="LOSAng">67885.008</dst>
            <dst id="NYCMng">138095.106666667</dst>
            <dst id="SNVAng">36290.408</dst>
            <dst id="STTLng">25577.8346666667</dst>
            <dst id="WASHng">213974.986666667</dst>
        </src>
    </IntraTM>
</TrafficMatrixFile>
