<?xml version="1.0" encoding="ISO-8859-1" standalone="yes"?>
<TrafficMatrixFile xsi:noNamespaceSchemaLocation="http://totem.run.montefiore.ulg.ac.be/Schema/TrafficMatrix-v1_2.xsd" xmlns:xsi="http://www.w3.org/2001/XMLSchema-instance">
    <IntraTM ASID="11537">
        <src id="ATLA-M5">
            <dst id="ATLA-M5">0</dst>
            <dst id="ATLAng">57.152</dst>
            <dst id="CHINng">175.594666666667</dst>
            <dst id="DNVRng">1127.82933333333</dst>
            <dst id="HSTNng">38.584</dst>
            <dst id="IPLSng">0</dst>
            <dst id="KSCYng">0</dst>
            <dst id="LOSAng">0</dst>
            <dst id="NYCMng">53.3333333333333</dst>
            <dst id="SNVAng">0</dst>
            <dst id="STTLng">165.866666666667</dst>
            <dst id="WASHng">857.010666666667</dst>
        </src>
        <src id="ATLAng">
            <dst id="ATLA-M5">117.629333333333</dst>
            <dst id="ATLAng">28134.488</dst>
            <dst id="CHINng">6989.2</dst>
            <dst id="DNVRng">2912.28266666667</dst>
            <dst id="HSTNng">889.549333333333</dst>
            <dst id="IPLSng">14792.8186666667</dst>
            <dst id="KSCYng">343.701333333333</dst>
            <dst id="LOSAng">4476.39066666667</dst>
            <dst id="NYCMng">2515.72</dst>
            <dst id="SNVAng">3633.036</dst>
            <dst id="STTLng">2261.80533333333</dst>
            <dst id="WASHng">34806.656</dst>
        </src>
        <src id="CHINng">
            <dst id="ATLA-M5">320.032</dst>
            <dst id="ATLAng">17237.2346666667</dst>
            <dst id="CHINng">77699.84</dst>
            <dst id="DNVRng">8788.28533333333</dst>
            <dst id="HSTNng">3942.01333333333</dst>
            <dst id="IPLSng">28548.1493333333</dst>
            <dst id="KSCYng">8985.10933333333</dst>
            <dst id="LOSAng">4620.408</dst>
            <dst id="NYCMng">13014.2613333333</dst>
            <dst id="SNVAng">30073.112</dst>
            <dst id="STTLng">7633.19733333333</dst>
            <dst id="WASHng">15920.3786666667</dst>
        </src>
        <src id="DNVRng">
            <dst id="ATLA-M5">171.253333333333</dst>
            <dst id="ATLAng">5132.58133333333</dst>
            <dst id="CHINng">34413.848</dst>
            <dst id="DNVRng">9415.30933333333</dst>
            <dst id="HSTNng">22057.96</dst>
            <dst id="IPLSng">24405.3066666667</dst>
            <dst id="KSCYng">16380.2346666667</dst>
            <dst id="LOSAng">2275.064</dst>
            <dst id="NYCMng">12325.184</dst>
            <dst id="SNVAng">32636.4853333333</dst>
            <dst id="STTLng">13184.472</dst>
            <dst id="WASHng">36561.1333333333</dst>
        </src>
        <src id="HSTNng">
            <dst id="ATLA-M5">1919.33866666667</dst>
            <dst id="ATLAng">1533.70666666667</dst>
            <dst id="CHINng">10485.1413333333</dst>
            <dst id="DNVRng">701.141333333333</dst>
            <dst id="HSTNng">20881.24</dst>
            <dst id="IPLSng">4870.22133333333</dst>
            <dst id="KSCYng">1158.896</dst>
            <dst id="LOSAng">5471.01866666667</dst>
            <dst id="NYCMng">1938.728</dst>
            <dst id="SNVAng">26.6666666666667</dst>
            <dst id="STTLng">1486.032</dst>
            <dst id="WASHng">4098.57333333333</dst>
        </src>
        <src id="IPLSng">
            <dst id="ATLA-M5">61.304</dst>
            <dst id="ATLAng">3371.896</dst>
            <dst id="CHINng">37933.5946666667</dst>
            <dst id="DNVRng">10897.8</dst>
            <dst id="HSTNng">459.037333333333</dst>
            <dst id="IPLSng">4044.31733333333</dst>
            <dst id="KSCYng">3240.33333333333</dst>
            <dst id="LOSAng">2799.26133333333</dst>
            <dst id="NYCMng">7747.93066666667</dst>
            <dst id="SNVAng">5171.072</dst>
            <dst id="STTLng">17501.3173333333</dst>
            <dst id="WASHng">5870.27466666667</dst>
        </src>
        <src id="KSCYng">
            <dst id="ATLA-M5">0</dst>
            <dst id="ATLAng">2647.65333333333</dst>
            <dst id="CHINng">13515.4533333333</dst>
            <dst id="DNVRng">13305.3093333333</dst>
            <dst id="HSTNng">5445.704</dst>
            <dst id="IPLSng">13852.016</dst>
            <dst id="KSCYng">9362.42933333333</dst>
            <dst id="LOSAng">264.186666666667</dst>
            <dst id="NYCMng">1722.936</dst>
            <dst id="SNVAng">7276.18933333333</dst>
            <dst id="STTLng">936.413333333333</dst>
            <dst id="WASHng">8179.76533333333</dst>
        </src>
        <src id="LOSAng">
            <dst id="ATLA-M5">26.6666666666667</dst>
            <dst id="ATLAng">22218.7173333333</dst>
            <dst id="CHINng">45118.464</dst>
            <dst id="DNVRng">11091.896</dst>
            <dst id="HSTNng">2470.6</dst>
            <dst id="IPLSng">11020.6373333333</dst>
            <dst id="KSCYng">3318.70133333333</dst>
            <dst id="LOSAng">15392.04</dst>
            <dst id="NYCMng">25075.1546666667</dst>
            <dst id="SNVAng">32714.9253333333</dst>
            <dst id="STTLng">27022.1546666667</dst>
            <dst id="WASHng">77485.6426666667</dst>
        </src>
        <src id="NYCMng">
            <dst id="ATLA-M5">255.733333333333</dst>
            <dst id="ATLAng">12126.1893333333</dst>
            <dst id="CHINng">27945.4106666667</dst>
            <dst id="DNVRng">24786.968</dst>
            <dst id="HSTNng">9200.57066666667</dst>
            <dst id="IPLSng">17459.4906666667</dst>
            <dst id="KSCYng">4327.736</dst>
            <dst id="LOSAng">12300.896</dst>
            <dst id="NYCMng">78998.304</dst>
            <dst id="SNVAng">52054.4906666667</dst>
            <dst id="STTLng">34310.2213333333</dst>
            <dst id="WASHng">37123.6986666667</dst>
        </src>
        <src id="SNVAng">
            <dst id="ATLA-M5">0</dst>
            <dst id="ATLAng">434.677333333333</dst>
            <dst id="CHINng">80</dst>
            <dst id="DNVRng">561.496</dst>
            <dst id="HSTNng">0</dst>
            <dst id="IPLSng">208.938666666667</dst>
            <dst id="KSCYng">139.552</dst>
            <dst id="LOSAng">3531.98666666667</dst>
            <dst id="NYCMng">26.6666666666667</dst>
            <dst id="SNVAng">51931.32</dst>
            <dst id="STTLng">44258.0986666667</dst>
            <dst id="WASHng">0</dst>
        </src>
        <src id="STTLng">
            <dst id="ATLA-M5">76.4746666666667</dst>
            <dst id="ATLAng">5038.73333333333</dst>
            <dst id="CHINng">11339.2666666667</dst>
            <dst id="DNVRng">4068.44266666667</dst>
            <dst id="HSTNng">2984.944</dst>
            <dst id="IPLSng">17403.3786666667</dst>
            <dst id="KSCYng">1247.77066666667</dst>
            <dst id="LOSAng">5210.15733333333</dst>
            <dst id="NYCMng">12525.0106666667</dst>
            <dst id="SNVAng">20755.2533333333</dst>
            <dst id="STTLng">1823.88533333333</dst>
            <dst id="WASHng">4697.51733333333</dst>
        </src>
        <src id="WASHng">
            <dst id="ATLA-M5">109.752</dst>
            <dst id="ATLAng">138531.325333333</dst>
            <dst id="CHINng">86703.456</dst>
            <dst id="DNVRng">31312.6186666667</dst>
            <dst id="HSTNng">71289.1253333333</dst>
            <dst id="IPLSng">18114.7306666667</dst>
            <dst id="KSCYng">30790.6986666667</dst>
            <dst id="LOSAng">64553.7413333333</dst>
            <dst id="NYCMng">129281.608</dst>
            <dst id="SNVAng">34818.6666666667</dst>
            <dst id="STTLng">47157.5946666667</dst>
            <dst id="WASHng">215682.282666667</dst>
        </src>
    </IntraTM>
</TrafficMatrixFile>
