<?xml version="1.0" encoding="ISO-8859-1" standalone="yes"?>
<TrafficMatrixFile xsi:noNamespaceSchemaLocation="http://totem.run.montefiore.ulg.ac.be/Schema/TrafficMatrix-v1_2.xsd" xmlns:xsi="http://www.w3.org/2001/XMLSchema-instance">
    <IntraTM ASID="11537">
        <src id="ATLA-M5">
            <dst id="ATLA-M5">0</dst>
            <dst id="ATLAng">124.677333333333</dst>
            <dst id="CHINng">191.053333333333</dst>
            <dst id="DNVRng">0</dst>
            <dst id="HSTNng">67.664</dst>
            <dst id="IPLSng">26.6666666666667</dst>
            <dst id="KSCYng">26.6666666666667</dst>
            <dst id="LOSAng">52.712</dst>
            <dst id="NYCMng">26.6666666666667</dst>
            <dst id="SNVAng">52.712</dst>
            <dst id="STTLng">512.2</dst>
            <dst id="WASHng">478.309333333333</dst>
        </src>
        <src id="ATLAng">
            <dst id="ATLA-M5">146.76</dst>
            <dst id="ATLAng">19109.5013333333</dst>
            <dst id="CHINng">8788.536</dst>
            <dst id="DNVRng">3478.264</dst>
            <dst id="HSTNng">19807.9466666667</dst>
            <dst id="IPLSng">10103.8906666667</dst>
            <dst id="KSCYng">4144.17333333333</dst>
            <dst id="LOSAng">9749.80933333333</dst>
            <dst id="NYCMng">955.570666666667</dst>
            <dst id="SNVAng">9291.00133333334</dst>
            <dst id="STTLng">2581.992</dst>
            <dst id="WASHng">17886.4666666667</dst>
        </src>
        <src id="CHINng">
            <dst id="ATLA-M5">114.594666666667</dst>
            <dst id="ATLAng">17972.5413333333</dst>
            <dst id="CHINng">137838.336</dst>
            <dst id="DNVRng">3475.848</dst>
            <dst id="HSTNng">6451.152</dst>
            <dst id="IPLSng">8694.88</dst>
            <dst id="KSCYng">7124.58666666667</dst>
            <dst id="LOSAng">7906.84533333333</dst>
            <dst id="NYCMng">8681.888</dst>
            <dst id="SNVAng">37863.3226666667</dst>
            <dst id="STTLng">7502.16</dst>
            <dst id="WASHng">18819.696</dst>
        </src>
        <src id="DNVRng">
            <dst id="ATLA-M5">603.498666666667</dst>
            <dst id="ATLAng">4634.48266666667</dst>
            <dst id="CHINng">36376.5653333333</dst>
            <dst id="DNVRng">10021.4773333333</dst>
            <dst id="HSTNng">24446.9306666667</dst>
            <dst id="IPLSng">31456.5653333333</dst>
            <dst id="KSCYng">25759.24</dst>
            <dst id="LOSAng">5511.75466666667</dst>
            <dst id="NYCMng">15626.104</dst>
            <dst id="SNVAng">20140.84</dst>
            <dst id="STTLng">9428.656</dst>
            <dst id="WASHng">40946.3013333333</dst>
        </src>
        <src id="HSTNng">
            <dst id="ATLA-M5">2957.536</dst>
            <dst id="ATLAng">1805.488</dst>
            <dst id="CHINng">11599.872</dst>
            <dst id="DNVRng">1006.98666666667</dst>
            <dst id="HSTNng">16426.312</dst>
            <dst id="IPLSng">873.32</dst>
            <dst id="KSCYng">555.208</dst>
            <dst id="LOSAng">1245.51466666667</dst>
            <dst id="NYCMng">1700.91733333333</dst>
            <dst id="SNVAng">53.3333333333333</dst>
            <dst id="STTLng">696.154666666667</dst>
            <dst id="WASHng">2831.22133333333</dst>
        </src>
        <src id="IPLSng">
            <dst id="ATLA-M5">0</dst>
            <dst id="ATLAng">2768.44533333333</dst>
            <dst id="CHINng">49849.7733333333</dst>
            <dst id="DNVRng">6018.45866666667</dst>
            <dst id="HSTNng">487.776</dst>
            <dst id="IPLSng">13837.1813333333</dst>
            <dst id="KSCYng">2122.81866666667</dst>
            <dst id="LOSAng">10508.144</dst>
            <dst id="NYCMng">4977.22933333333</dst>
            <dst id="SNVAng">13406.6746666667</dst>
            <dst id="STTLng">10775.5333333333</dst>
            <dst id="WASHng">13666.144</dst>
        </src>
        <src id="KSCYng">
            <dst id="ATLA-M5">0</dst>
            <dst id="ATLAng">6023.02933333333</dst>
            <dst id="CHINng">10089.7786666667</dst>
            <dst id="DNVRng">4873.352</dst>
            <dst id="HSTNng">3332.83466666667</dst>
            <dst id="IPLSng">11464.9013333333</dst>
            <dst id="KSCYng">10766.3786666667</dst>
            <dst id="LOSAng">1955.34933333333</dst>
            <dst id="NYCMng">2102.03733333333</dst>
            <dst id="SNVAng">5538.13866666667</dst>
            <dst id="STTLng">646.986666666667</dst>
            <dst id="WASHng">6645.61333333334</dst>
        </src>
        <src id="LOSAng">
            <dst id="ATLA-M5">26.6666666666667</dst>
            <dst id="ATLAng">11817.9813333333</dst>
            <dst id="CHINng">57018.8533333333</dst>
            <dst id="DNVRng">10619.8666666667</dst>
            <dst id="HSTNng">12468.6346666667</dst>
            <dst id="IPLSng">8765.816</dst>
            <dst id="KSCYng">2010.34133333333</dst>
            <dst id="LOSAng">20885.5546666667</dst>
            <dst id="NYCMng">24629.344</dst>
            <dst id="SNVAng">23556.336</dst>
            <dst id="STTLng">44924.7066666667</dst>
            <dst id="WASHng">73236.8453333333</dst>
        </src>
        <src id="NYCMng">
            <dst id="ATLA-M5">119.704</dst>
            <dst id="ATLAng">11075.9386666667</dst>
            <dst id="CHINng">18992.44</dst>
            <dst id="DNVRng">28599.1466666667</dst>
            <dst id="HSTNng">6685.05066666667</dst>
            <dst id="IPLSng">9882.01066666667</dst>
            <dst id="KSCYng">4009.33333333333</dst>
            <dst id="LOSAng">6442.01866666667</dst>
            <dst id="NYCMng">65064.616</dst>
            <dst id="SNVAng">29054.6</dst>
            <dst id="STTLng">24520.6586666667</dst>
            <dst id="WASHng">62854.7706666667</dst>
        </src>
        <src id="SNVAng">
            <dst id="ATLA-M5">0</dst>
            <dst id="ATLAng">0</dst>
            <dst id="CHINng">53.3333333333333</dst>
            <dst id="DNVRng">2312.416</dst>
            <dst id="HSTNng">26.6666666666667</dst>
            <dst id="IPLSng">285.546666666667</dst>
            <dst id="KSCYng">0</dst>
            <dst id="LOSAng">1540.14133333333</dst>
            <dst id="NYCMng">53.3333333333333</dst>
            <dst id="SNVAng">28078.3493333333</dst>
            <dst id="STTLng">36770.792</dst>
            <dst id="WASHng">0</dst>
        </src>
        <src id="STTLng">
            <dst id="ATLA-M5">216.765333333333</dst>
            <dst id="ATLAng">4718.192</dst>
            <dst id="CHINng">16874.2426666667</dst>
            <dst id="DNVRng">3793.576</dst>
            <dst id="HSTNng">2089.50133333333</dst>
            <dst id="IPLSng">11424.208</dst>
            <dst id="KSCYng">1784.59466666667</dst>
            <dst id="LOSAng">2942.91466666667</dst>
            <dst id="NYCMng">12923.6026666667</dst>
            <dst id="SNVAng">19558.5706666667</dst>
            <dst id="STTLng">2416.264</dst>
            <dst id="WASHng">5158.69333333333</dst>
        </src>
        <src id="WASHng">
            <dst id="ATLA-M5">320.882666666667</dst>
            <dst id="ATLAng">84092.624</dst>
            <dst id="CHINng">97386.832</dst>
            <dst id="DNVRng">26109.632</dst>
            <dst id="HSTNng">19310.912</dst>
            <dst id="IPLSng">31248.9893333333</dst>
            <dst id="KSCYng">33007.904</dst>
            <dst id="LOSAng">72204.0053333333</dst>
            <dst id="NYCMng">115588.258666667</dst>
            <dst id="SNVAng">32093.3413333333</dst>
            <dst id="STTLng">39124.416</dst>
            <dst id="WASHng">187944.138666667</dst>
        </src>
    </IntraTM>
</TrafficMatrixFile>
