<?xml version="1.0" encoding="ISO-8859-1" standalone="yes"?>
<TrafficMatrixFile xsi:noNamespaceSchemaLocation="http://totem.run.montefiore.ulg.ac.be/Schema/TrafficMatrix-v1_2.xsd" xmlns:xsi="http://www.w3.org/2001/XMLSchema-instance">
    <IntraTM ASID="11537">
        <src id="ATLA-M5">
            <dst id="ATLA-M5">0</dst>
            <dst id="ATLAng">130.792</dst>
            <dst id="CHINng">80</dst>
            <dst id="DNVRng">0</dst>
            <dst id="HSTNng">98.4213333333334</dst>
            <dst id="IPLSng">60.4106666666667</dst>
            <dst id="KSCYng">0</dst>
            <dst id="LOSAng">26.6666666666667</dst>
            <dst id="NYCMng">26.6666666666667</dst>
            <dst id="SNVAng">0</dst>
            <dst id="STTLng">0</dst>
            <dst id="WASHng">308.181333333333</dst>
        </src>
        <src id="ATLAng">
            <dst id="ATLA-M5">2780.68</dst>
            <dst id="ATLAng">23637.416</dst>
            <dst id="CHINng">12662.92</dst>
            <dst id="DNVRng">2725.54933333333</dst>
            <dst id="HSTNng">54878.3253333333</dst>
            <dst id="IPLSng">16336.4</dst>
            <dst id="KSCYng">805.882666666667</dst>
            <dst id="LOSAng">11165.86</dst>
            <dst id="NYCMng">3873.904</dst>
            <dst id="SNVAng">72.924</dst>
            <dst id="STTLng">4206.25333333333</dst>
            <dst id="WASHng">23373.7306666667</dst>
        </src>
        <src id="CHINng">
            <dst id="ATLA-M5">26.6666666666667</dst>
            <dst id="ATLAng">19824.9626666667</dst>
            <dst id="CHINng">90190.4</dst>
            <dst id="DNVRng">12121.4933333333</dst>
            <dst id="HSTNng">8615.11733333333</dst>
            <dst id="IPLSng">64419.6906666667</dst>
            <dst id="KSCYng">9152.56</dst>
            <dst id="LOSAng">30012.5866666667</dst>
            <dst id="NYCMng">10760.576</dst>
            <dst id="SNVAng">7687.496</dst>
            <dst id="STTLng">13805.0266666667</dst>
            <dst id="WASHng">15768.9786666667</dst>
        </src>
        <src id="DNVRng">
            <dst id="ATLA-M5">140.96</dst>
            <dst id="ATLAng">4404.14666666667</dst>
            <dst id="CHINng">37436.6986666667</dst>
            <dst id="DNVRng">14334.136</dst>
            <dst id="HSTNng">25175.5013333333</dst>
            <dst id="IPLSng">29473.5306666667</dst>
            <dst id="KSCYng">32915.824</dst>
            <dst id="LOSAng">31691.7866666667</dst>
            <dst id="NYCMng">14899.944</dst>
            <dst id="SNVAng">10129.9973333333</dst>
            <dst id="STTLng">6921.976</dst>
            <dst id="WASHng">40881.632</dst>
        </src>
        <src id="HSTNng">
            <dst id="ATLA-M5">4959.024</dst>
            <dst id="ATLAng">3968.23733333333</dst>
            <dst id="CHINng">11843.2</dst>
            <dst id="DNVRng">3269.26666666667</dst>
            <dst id="HSTNng">19172.6053333333</dst>
            <dst id="IPLSng">4162.13866666666</dst>
            <dst id="KSCYng">1330.69866666667</dst>
            <dst id="LOSAng">3007.728</dst>
            <dst id="NYCMng">3591.64533333333</dst>
            <dst id="SNVAng">109.733333333333</dst>
            <dst id="STTLng">953.525333333333</dst>
            <dst id="WASHng">6822.88</dst>
        </src>
        <src id="IPLSng">
            <dst id="ATLA-M5">760.202666666667</dst>
            <dst id="ATLAng">6763.648</dst>
            <dst id="CHINng">48938.1093333333</dst>
            <dst id="DNVRng">6149.072</dst>
            <dst id="HSTNng">2223.232</dst>
            <dst id="IPLSng">6623.42666666667</dst>
            <dst id="KSCYng">4007.18933333333</dst>
            <dst id="LOSAng">16131.7786666667</dst>
            <dst id="NYCMng">12633.2853333333</dst>
            <dst id="SNVAng">445.744</dst>
            <dst id="STTLng">5603.872</dst>
            <dst id="WASHng">13354.7973333333</dst>
        </src>
        <src id="KSCYng">
            <dst id="ATLA-M5">0</dst>
            <dst id="ATLAng">6930.31733333333</dst>
            <dst id="CHINng">14230.0213333333</dst>
            <dst id="DNVRng">5267.896</dst>
            <dst id="HSTNng">6582.352</dst>
            <dst id="IPLSng">24996.4613333333</dst>
            <dst id="KSCYng">23310.384</dst>
            <dst id="LOSAng">4519.12</dst>
            <dst id="NYCMng">3059.06133333333</dst>
            <dst id="SNVAng">2264.09866666667</dst>
            <dst id="STTLng">1367.54666666667</dst>
            <dst id="WASHng">12304.304</dst>
        </src>
        <src id="LOSAng">
            <dst id="ATLA-M5">485.344</dst>
            <dst id="ATLAng">20381.8693333333</dst>
            <dst id="CHINng">64051.2133333333</dst>
            <dst id="DNVRng">5932.464</dst>
            <dst id="HSTNng">3342.02133333333</dst>
            <dst id="IPLSng">24140.4506666667</dst>
            <dst id="KSCYng">3740.51733333333</dst>
            <dst id="LOSAng">6917.34933333333</dst>
            <dst id="NYCMng">28504.4453333333</dst>
            <dst id="SNVAng">22527.984</dst>
            <dst id="STTLng">21060.1626666667</dst>
            <dst id="WASHng">92306.736</dst>
        </src>
        <src id="NYCMng">
            <dst id="ATLA-M5">731.344</dst>
            <dst id="ATLAng">15898.04</dst>
            <dst id="CHINng">22216.8426666667</dst>
            <dst id="DNVRng">27113.5413333333</dst>
            <dst id="HSTNng">8738.48266666667</dst>
            <dst id="IPLSng">26413.312</dst>
            <dst id="KSCYng">6293.55733333333</dst>
            <dst id="LOSAng">54842.6666666667</dst>
            <dst id="NYCMng">110413.213333333</dst>
            <dst id="SNVAng">2446.808</dst>
            <dst id="STTLng">29808.0746666667</dst>
            <dst id="WASHng">40682.2426666667</dst>
        </src>
        <src id="SNVAng">
            <dst id="ATLA-M5">0</dst>
            <dst id="ATLAng">588.605333333333</dst>
            <dst id="CHINng">80</dst>
            <dst id="DNVRng">1083.18133333333</dst>
            <dst id="HSTNng">0</dst>
            <dst id="IPLSng">210.858666666667</dst>
            <dst id="KSCYng">53.3333333333333</dst>
            <dst id="LOSAng">30098.84</dst>
            <dst id="NYCMng">26.6666666666667</dst>
            <dst id="SNVAng">7761.832</dst>
            <dst id="STTLng">37226.848</dst>
            <dst id="WASHng">237.637333333333</dst>
        </src>
        <src id="STTLng">
            <dst id="ATLA-M5">0</dst>
            <dst id="ATLAng">10565.24</dst>
            <dst id="CHINng">10896.16</dst>
            <dst id="DNVRng">6709.23733333333</dst>
            <dst id="HSTNng">1273.22933333333</dst>
            <dst id="IPLSng">12539.7813333333</dst>
            <dst id="KSCYng">5106.04</dst>
            <dst id="LOSAng">11628.328</dst>
            <dst id="NYCMng">9884.96</dst>
            <dst id="SNVAng">8821.91466666667</dst>
            <dst id="STTLng">2041.24</dst>
            <dst id="WASHng">9482.312</dst>
        </src>
        <src id="WASHng">
            <dst id="ATLA-M5">56.2986666666667</dst>
            <dst id="ATLAng">155775.752</dst>
            <dst id="CHINng">45176.5653333333</dst>
            <dst id="DNVRng">68926.0346666667</dst>
            <dst id="HSTNng">30349.5866666667</dst>
            <dst id="IPLSng">75347.432</dst>
            <dst id="KSCYng">34846.2533333333</dst>
            <dst id="LOSAng">104557.96</dst>
            <dst id="NYCMng">218885.728</dst>
            <dst id="SNVAng">2139.30666666667</dst>
            <dst id="STTLng">23682.7413333333</dst>
            <dst id="WASHng">180520.578666667</dst>
        </src>
    </IntraTM>
</TrafficMatrixFile>
