<?xml version="1.0" encoding="ISO-8859-1" standalone="yes"?>
<TrafficMatrixFile xsi:noNamespaceSchemaLocation="http://totem.run.montefiore.ulg.ac.be/Schema/TrafficMatrix-v1_2.xsd" xmlns:xsi="http://www.w3.org/2001/XMLSchema-instance">
    <IntraTM ASID="11537">
        <src id="ATLA-M5">
            <dst id="ATLA-M5">0</dst>
            <dst id="ATLAng">0</dst>
            <dst id="CHINng">0</dst>
            <dst id="DNVRng">0</dst>
            <dst id="HSTNng">0</dst>
            <dst id="IPLSng">26.6666666666667</dst>
            <dst id="KSCYng">332.309333333333</dst>
            <dst id="LOSAng">48.8693333333333</dst>
            <dst id="NYCMng">26.6666666666667</dst>
            <dst id="SNVAng">22.2026666666667</dst>
            <dst id="STTLng">0</dst>
            <dst id="WASHng">0</dst>
        </src>
        <src id="ATLAng">
            <dst id="ATLA-M5">123.901333333333</dst>
            <dst id="ATLAng">8792.784</dst>
            <dst id="CHINng">3728.96533333333</dst>
            <dst id="DNVRng">1898.024</dst>
            <dst id="HSTNng">6010.10933333334</dst>
            <dst id="IPLSng">9545.85066666667</dst>
            <dst id="KSCYng">215.528</dst>
            <dst id="LOSAng">2322.47466666667</dst>
            <dst id="NYCMng">2151.096</dst>
            <dst id="SNVAng">1944.20266666667</dst>
            <dst id="STTLng">482.469333333333</dst>
            <dst id="WASHng">7475.75466666667</dst>
        </src>
        <src id="CHINng">
            <dst id="ATLA-M5">0</dst>
            <dst id="ATLAng">2457.15733333333</dst>
            <dst id="CHINng">63475.6906666666</dst>
            <dst id="DNVRng">6132.80533333333</dst>
            <dst id="HSTNng">10335.5866666667</dst>
            <dst id="IPLSng">6643.26666666667</dst>
            <dst id="KSCYng">4030.92</dst>
            <dst id="LOSAng">27050.328</dst>
            <dst id="NYCMng">5366.632</dst>
            <dst id="SNVAng">16168.576</dst>
            <dst id="STTLng">5557.76266666667</dst>
            <dst id="WASHng">6818.58133333333</dst>
        </src>
        <src id="DNVRng">
            <dst id="ATLA-M5">0</dst>
            <dst id="ATLAng">3216.344</dst>
            <dst id="CHINng">29982.4453333333</dst>
            <dst id="DNVRng">9877.632</dst>
            <dst id="HSTNng">19883.5493333333</dst>
            <dst id="IPLSng">26797.944</dst>
            <dst id="KSCYng">18183.248</dst>
            <dst id="LOSAng">2263.56533333333</dst>
            <dst id="NYCMng">16715.784</dst>
            <dst id="SNVAng">28013.504</dst>
            <dst id="STTLng">7735.528</dst>
            <dst id="WASHng">44322.5333333333</dst>
        </src>
        <src id="HSTNng">
            <dst id="ATLA-M5">0</dst>
            <dst id="ATLAng">11785.7333333333</dst>
            <dst id="CHINng">6054.38933333333</dst>
            <dst id="DNVRng">771.84</dst>
            <dst id="HSTNng">17365.5786666667</dst>
            <dst id="IPLSng">2071.46933333333</dst>
            <dst id="KSCYng">1247.864</dst>
            <dst id="LOSAng">4798.92533333333</dst>
            <dst id="NYCMng">1245.78133333333</dst>
            <dst id="SNVAng">80</dst>
            <dst id="STTLng">868.290666666667</dst>
            <dst id="WASHng">2299.07733333333</dst>
        </src>
        <src id="IPLSng">
            <dst id="ATLA-M5">0</dst>
            <dst id="ATLAng">2770</dst>
            <dst id="CHINng">35603.8453333333</dst>
            <dst id="DNVRng">8937.288</dst>
            <dst id="HSTNng">2133.624</dst>
            <dst id="IPLSng">19055.5386666667</dst>
            <dst id="KSCYng">3356.96</dst>
            <dst id="LOSAng">2434.97333333333</dst>
            <dst id="NYCMng">4290.41866666667</dst>
            <dst id="SNVAng">12325.072</dst>
            <dst id="STTLng">18656.3493333333</dst>
            <dst id="WASHng">5536.76533333333</dst>
        </src>
        <src id="KSCYng">
            <dst id="ATLA-M5">0</dst>
            <dst id="ATLAng">1491.69866666667</dst>
            <dst id="CHINng">10092.9573333333</dst>
            <dst id="DNVRng">5485.03733333333</dst>
            <dst id="HSTNng">5563.62933333333</dst>
            <dst id="IPLSng">13539.3546666667</dst>
            <dst id="KSCYng">10462.28</dst>
            <dst id="LOSAng">619.069333333333</dst>
            <dst id="NYCMng">1874.51733333333</dst>
            <dst id="SNVAng">6493.67733333333</dst>
            <dst id="STTLng">1513.176</dst>
            <dst id="WASHng">7120.096</dst>
        </src>
        <src id="LOSAng">
            <dst id="ATLA-M5">35.648</dst>
            <dst id="ATLAng">9676.29866666667</dst>
            <dst id="CHINng">38344.5146666667</dst>
            <dst id="DNVRng">9005.91466666667</dst>
            <dst id="HSTNng">2168.30666666667</dst>
            <dst id="IPLSng">12761.4106666667</dst>
            <dst id="KSCYng">1264.36266666667</dst>
            <dst id="LOSAng">18499.4346666667</dst>
            <dst id="NYCMng">26549.5093333333</dst>
            <dst id="SNVAng">25409.0346666667</dst>
            <dst id="STTLng">22263.408</dst>
            <dst id="WASHng">86014.6986666667</dst>
        </src>
        <src id="NYCMng">
            <dst id="ATLA-M5">117.4</dst>
            <dst id="ATLAng">7686.01333333333</dst>
            <dst id="CHINng">26896.048</dst>
            <dst id="DNVRng">26496.3733333333</dst>
            <dst id="HSTNng">9350.62133333333</dst>
            <dst id="IPLSng">7196.128</dst>
            <dst id="KSCYng">3476.88266666667</dst>
            <dst id="LOSAng">11695.8346666667</dst>
            <dst id="NYCMng">76370.256</dst>
            <dst id="SNVAng">59559.1733333333</dst>
            <dst id="STTLng">23369.6693333333</dst>
            <dst id="WASHng">48720.6613333333</dst>
        </src>
        <src id="SNVAng">
            <dst id="ATLA-M5">0</dst>
            <dst id="ATLAng">106.666666666667</dst>
            <dst id="CHINng">42.8</dst>
            <dst id="DNVRng">13093.896</dst>
            <dst id="HSTNng">0</dst>
            <dst id="IPLSng">301.664</dst>
            <dst id="KSCYng">0</dst>
            <dst id="LOSAng">3112.18933333333</dst>
            <dst id="NYCMng">53.3333333333333</dst>
            <dst id="SNVAng">38382.096</dst>
            <dst id="STTLng">42171.1226666667</dst>
            <dst id="WASHng">57.2773333333333</dst>
        </src>
        <src id="STTLng">
            <dst id="ATLA-M5">26.6666666666667</dst>
            <dst id="ATLAng">1935.23733333333</dst>
            <dst id="CHINng">10853.328</dst>
            <dst id="DNVRng">4157.97333333333</dst>
            <dst id="HSTNng">3755.352</dst>
            <dst id="IPLSng">9822.36266666667</dst>
            <dst id="KSCYng">1847.312</dst>
            <dst id="LOSAng">4763.09066666667</dst>
            <dst id="NYCMng">13424.8586666667</dst>
            <dst id="SNVAng">31905.4</dst>
            <dst id="STTLng">1708.896</dst>
            <dst id="WASHng">6134.24533333333</dst>
        </src>
        <src id="WASHng">
            <dst id="ATLA-M5">179.861333333333</dst>
            <dst id="ATLAng">52382.6826666667</dst>
            <dst id="CHINng">63263.4106666667</dst>
            <dst id="DNVRng">27806.08</dst>
            <dst id="HSTNng">22898.464</dst>
            <dst id="IPLSng">24484.96</dst>
            <dst id="KSCYng">35036.3386666667</dst>
            <dst id="LOSAng">57007.216</dst>
            <dst id="NYCMng">139034.128</dst>
            <dst id="SNVAng">22857.5226666667</dst>
            <dst id="STTLng">39630.9973333333</dst>
            <dst id="WASHng">253711.962666667</dst>
        </src>
    </IntraTM>
</TrafficMatrixFile>
