<?xml version="1.0" encoding="ISO-8859-1" standalone="yes"?>
<TrafficMatrixFile xsi:noNamespaceSchemaLocation="http://totem.run.montefiore.ulg.ac.be/Schema/TrafficMatrix-v1_2.xsd" xmlns:xsi="http://www.w3.org/2001/XMLSchema-instance">
    <IntraTM ASID="11537">
        <src id="ATLA-M5">
            <dst id="ATLA-M5">26.6666666666667</dst>
            <dst id="ATLAng">1186.38933333333</dst>
            <dst id="CHINng">115.938666666667</dst>
            <dst id="DNVRng">0</dst>
            <dst id="HSTNng">75.4346666666667</dst>
            <dst id="IPLSng">67.9466666666667</dst>
            <dst id="KSCYng">0</dst>
            <dst id="LOSAng">87.3333333333333</dst>
            <dst id="NYCMng">26.6666666666667</dst>
            <dst id="SNVAng">34</dst>
            <dst id="STTLng">26.6666666666667</dst>
            <dst id="WASHng">1821.71733333333</dst>
        </src>
        <src id="ATLAng">
            <dst id="ATLA-M5">275.373333333333</dst>
            <dst id="ATLAng">22956.536</dst>
            <dst id="CHINng">10039.9546666667</dst>
            <dst id="DNVRng">2639.82133333333</dst>
            <dst id="HSTNng">38692.224</dst>
            <dst id="IPLSng">13707.0693333333</dst>
            <dst id="KSCYng">1672.14933333333</dst>
            <dst id="LOSAng">7088.53066666667</dst>
            <dst id="NYCMng">3856.10133333333</dst>
            <dst id="SNVAng">5815.39466666667</dst>
            <dst id="STTLng">3410.97333333333</dst>
            <dst id="WASHng">19485.5173333333</dst>
        </src>
        <src id="CHINng">
            <dst id="ATLA-M5">182.773333333333</dst>
            <dst id="ATLAng">6105.352</dst>
            <dst id="CHINng">83416.488</dst>
            <dst id="DNVRng">6693.01333333333</dst>
            <dst id="HSTNng">6160.36</dst>
            <dst id="IPLSng">11475.4853333333</dst>
            <dst id="KSCYng">7076.66666666667</dst>
            <dst id="LOSAng">2523.31466666667</dst>
            <dst id="NYCMng">8441.272</dst>
            <dst id="SNVAng">22440.632</dst>
            <dst id="STTLng">8369.02933333333</dst>
            <dst id="WASHng">11952.6186666667</dst>
        </src>
        <src id="DNVRng">
            <dst id="ATLA-M5">159.84</dst>
            <dst id="ATLAng">6307.744</dst>
            <dst id="CHINng">30414.7253333333</dst>
            <dst id="DNVRng">7577.192</dst>
            <dst id="HSTNng">18484.0853333333</dst>
            <dst id="IPLSng">25065.7546666667</dst>
            <dst id="KSCYng">12481.6826666667</dst>
            <dst id="LOSAng">2609.33866666667</dst>
            <dst id="NYCMng">14894.16</dst>
            <dst id="SNVAng">17324.496</dst>
            <dst id="STTLng">6143.96533333333</dst>
            <dst id="WASHng">35065.792</dst>
        </src>
        <src id="HSTNng">
            <dst id="ATLA-M5">1890.056</dst>
            <dst id="ATLAng">2013.45066666667</dst>
            <dst id="CHINng">4750.36</dst>
            <dst id="DNVRng">1852.80533333333</dst>
            <dst id="HSTNng">14301.6186666667</dst>
            <dst id="IPLSng">914.026666666667</dst>
            <dst id="KSCYng">1504.28</dst>
            <dst id="LOSAng">9560.85333333333</dst>
            <dst id="NYCMng">2371.51733333333</dst>
            <dst id="SNVAng">26.6666666666667</dst>
            <dst id="STTLng">1174.51733333333</dst>
            <dst id="WASHng">4764.53066666667</dst>
        </src>
        <src id="IPLSng">
            <dst id="ATLA-M5">3244.78133333333</dst>
            <dst id="ATLAng">5864.904</dst>
            <dst id="CHINng">38186.8746666667</dst>
            <dst id="DNVRng">6768.85066666667</dst>
            <dst id="HSTNng">8204.12</dst>
            <dst id="IPLSng">12262.9573333333</dst>
            <dst id="KSCYng">2583.85333333333</dst>
            <dst id="LOSAng">2983.768</dst>
            <dst id="NYCMng">10084.376</dst>
            <dst id="SNVAng">12318.1813333333</dst>
            <dst id="STTLng">10076.9493333333</dst>
            <dst id="WASHng">10365.736</dst>
        </src>
        <src id="KSCYng">
            <dst id="ATLA-M5">80</dst>
            <dst id="ATLAng">3174.32266666667</dst>
            <dst id="CHINng">12682.7973333333</dst>
            <dst id="DNVRng">4395.14933333333</dst>
            <dst id="HSTNng">5653.45866666667</dst>
            <dst id="IPLSng">10412.2826666667</dst>
            <dst id="KSCYng">6697.54933333333</dst>
            <dst id="LOSAng">807.178666666667</dst>
            <dst id="NYCMng">1556.88266666667</dst>
            <dst id="SNVAng">5631.25066666667</dst>
            <dst id="STTLng">1458.2</dst>
            <dst id="WASHng">8617.032</dst>
        </src>
        <src id="LOSAng">
            <dst id="ATLA-M5">2594.16266666667</dst>
            <dst id="ATLAng">7682.44266666667</dst>
            <dst id="CHINng">52897.0453333333</dst>
            <dst id="DNVRng">13526.6906666667</dst>
            <dst id="HSTNng">2951.61066666667</dst>
            <dst id="IPLSng">11191.8346666667</dst>
            <dst id="KSCYng">3220.69066666667</dst>
            <dst id="LOSAng">24454.3946666667</dst>
            <dst id="NYCMng">39314.4613333333</dst>
            <dst id="SNVAng">24201.7173333333</dst>
            <dst id="STTLng">24981.568</dst>
            <dst id="WASHng">116275.274666667</dst>
        </src>
        <src id="NYCMng">
            <dst id="ATLA-M5">1929.99466666667</dst>
            <dst id="ATLAng">11551.8</dst>
            <dst id="CHINng">25153.8773333333</dst>
            <dst id="DNVRng">26639.6693333333</dst>
            <dst id="HSTNng">9095.072</dst>
            <dst id="IPLSng">8304.608</dst>
            <dst id="KSCYng">5511.70933333333</dst>
            <dst id="LOSAng">8726.82133333334</dst>
            <dst id="NYCMng">146188.024</dst>
            <dst id="SNVAng">48975.376</dst>
            <dst id="STTLng">38599.584</dst>
            <dst id="WASHng">55399.368</dst>
        </src>
        <src id="SNVAng">
            <dst id="ATLA-M5">0</dst>
            <dst id="ATLAng">26.6666666666667</dst>
            <dst id="CHINng">80</dst>
            <dst id="DNVRng">2739.016</dst>
            <dst id="HSTNng">0</dst>
            <dst id="IPLSng">216.893333333333</dst>
            <dst id="KSCYng">0</dst>
            <dst id="LOSAng">2737.984</dst>
            <dst id="NYCMng">8703.504</dst>
            <dst id="SNVAng">37867.7653333333</dst>
            <dst id="STTLng">35581.6773333333</dst>
            <dst id="WASHng">26.6666666666667</dst>
        </src>
        <src id="STTLng">
            <dst id="ATLA-M5">0</dst>
            <dst id="ATLAng">6209.38133333333</dst>
            <dst id="CHINng">12364.9653333333</dst>
            <dst id="DNVRng">5470.64</dst>
            <dst id="HSTNng">2361.368</dst>
            <dst id="IPLSng">6433.2</dst>
            <dst id="KSCYng">2564.49066666667</dst>
            <dst id="LOSAng">4273.27733333333</dst>
            <dst id="NYCMng">14685.816</dst>
            <dst id="SNVAng">24738.2746666667</dst>
            <dst id="STTLng">1181.71466666667</dst>
            <dst id="WASHng">5506.22933333333</dst>
        </src>
        <src id="WASHng">
            <dst id="ATLA-M5">170.272</dst>
            <dst id="ATLAng">78140.5066666667</dst>
            <dst id="CHINng">53950.8666666667</dst>
            <dst id="DNVRng">29454.3893333333</dst>
            <dst id="HSTNng">32909.568</dst>
            <dst id="IPLSng">22415.0453333333</dst>
            <dst id="KSCYng">30711.0986666667</dst>
            <dst id="LOSAng">67109.48</dst>
            <dst id="NYCMng">138119.069333333</dst>
            <dst id="SNVAng">40910.6293333333</dst>
            <dst id="STTLng">34811.9786666667</dst>
            <dst id="WASHng">173589.701333333</dst>
        </src>
    </IntraTM>
</TrafficMatrixFile>
