<?xml version="1.0" encoding="ISO-8859-1" standalone="yes"?>
<TrafficMatrixFile xsi:noNamespaceSchemaLocation="http://totem.run.montefiore.ulg.ac.be/Schema/TrafficMatrix-v1_2.xsd" xmlns:xsi="http://www.w3.org/2001/XMLSchema-instance">
    <IntraTM ASID="11537">
        <src id="ATLA-M5">
            <dst id="ATLA-M5">0</dst>
            <dst id="ATLAng">58.6666666666667</dst>
            <dst id="CHINng">568.352</dst>
            <dst id="DNVRng">26.6666666666667</dst>
            <dst id="HSTNng">88.728</dst>
            <dst id="IPLSng">0</dst>
            <dst id="KSCYng">0</dst>
            <dst id="LOSAng">48</dst>
            <dst id="NYCMng">135.090666666667</dst>
            <dst id="SNVAng">50.2613333333333</dst>
            <dst id="STTLng">55.328</dst>
            <dst id="WASHng">245.546666666667</dst>
        </src>
        <src id="ATLAng">
            <dst id="ATLA-M5">81.0773333333333</dst>
            <dst id="ATLAng">7925.416</dst>
            <dst id="CHINng">3935.05333333333</dst>
            <dst id="DNVRng">6394.38666666667</dst>
            <dst id="HSTNng">616.621333333333</dst>
            <dst id="IPLSng">7045.576</dst>
            <dst id="KSCYng">2840.08533333333</dst>
            <dst id="LOSAng">4061.73866666667</dst>
            <dst id="NYCMng">3583.856</dst>
            <dst id="SNVAng">40</dst>
            <dst id="STTLng">2785.23733333333</dst>
            <dst id="WASHng">16303.2346666667</dst>
        </src>
        <src id="CHINng">
            <dst id="ATLA-M5">292.477333333333</dst>
            <dst id="ATLAng">8800.50133333334</dst>
            <dst id="CHINng">56147.5066666667</dst>
            <dst id="DNVRng">9098.48266666667</dst>
            <dst id="HSTNng">2855.96533333333</dst>
            <dst id="IPLSng">40412.0346666667</dst>
            <dst id="KSCYng">6648.42666666667</dst>
            <dst id="LOSAng">25524.5546666667</dst>
            <dst id="NYCMng">21674.5386666667</dst>
            <dst id="SNVAng">486.925333333334</dst>
            <dst id="STTLng">6852.39466666667</dst>
            <dst id="WASHng">12234.208</dst>
        </src>
        <src id="DNVRng">
            <dst id="ATLA-M5">182.506666666667</dst>
            <dst id="ATLAng">4718.16533333333</dst>
            <dst id="CHINng">41763.32</dst>
            <dst id="DNVRng">6641.744</dst>
            <dst id="HSTNng">19933.264</dst>
            <dst id="IPLSng">28058.352</dst>
            <dst id="KSCYng">14262.1786666667</dst>
            <dst id="LOSAng">3372.60533333333</dst>
            <dst id="NYCMng">14535.7786666667</dst>
            <dst id="SNVAng">5372.26933333333</dst>
            <dst id="STTLng">4767.256</dst>
            <dst id="WASHng">33576.936</dst>
        </src>
        <src id="HSTNng">
            <dst id="ATLA-M5">1572.78933333333</dst>
            <dst id="ATLAng">2474.856</dst>
            <dst id="CHINng">6269.97866666667</dst>
            <dst id="DNVRng">14084.8106666667</dst>
            <dst id="HSTNng">17210.28</dst>
            <dst id="IPLSng">599.285333333333</dst>
            <dst id="KSCYng">1952.07466666667</dst>
            <dst id="LOSAng">8319.99733333333</dst>
            <dst id="NYCMng">5254.11733333333</dst>
            <dst id="SNVAng">0</dst>
            <dst id="STTLng">864.312</dst>
            <dst id="WASHng">9326.69333333333</dst>
        </src>
        <src id="IPLSng">
            <dst id="ATLA-M5">0</dst>
            <dst id="ATLAng">9455.19733333333</dst>
            <dst id="CHINng">59505.136</dst>
            <dst id="DNVRng">12390.4693333333</dst>
            <dst id="HSTNng">2175.60533333333</dst>
            <dst id="IPLSng">14668.4</dst>
            <dst id="KSCYng">1836.35466666667</dst>
            <dst id="LOSAng">9624.44533333333</dst>
            <dst id="NYCMng">5318.51733333333</dst>
            <dst id="SNVAng">222.288</dst>
            <dst id="STTLng">5475.41066666667</dst>
            <dst id="WASHng">5538.03733333333</dst>
        </src>
        <src id="KSCYng">
            <dst id="ATLA-M5">28.624</dst>
            <dst id="ATLAng">3131.79466666667</dst>
            <dst id="CHINng">10594.608</dst>
            <dst id="DNVRng">5203.53066666667</dst>
            <dst id="HSTNng">5053.44533333333</dst>
            <dst id="IPLSng">10937.752</dst>
            <dst id="KSCYng">7622.75466666667</dst>
            <dst id="LOSAng">8315.048</dst>
            <dst id="NYCMng">868.224</dst>
            <dst id="SNVAng">2184.45066666667</dst>
            <dst id="STTLng">772.965333333334</dst>
            <dst id="WASHng">8557.94933333333</dst>
        </src>
        <src id="LOSAng">
            <dst id="ATLA-M5">53.3333333333333</dst>
            <dst id="ATLAng">18810.008</dst>
            <dst id="CHINng">41786.8266666667</dst>
            <dst id="DNVRng">5136.616</dst>
            <dst id="HSTNng">6159.09866666667</dst>
            <dst id="IPLSng">9893.07466666667</dst>
            <dst id="KSCYng">4683.45866666667</dst>
            <dst id="LOSAng">9606.76533333333</dst>
            <dst id="NYCMng">27768.824</dst>
            <dst id="SNVAng">32661.3226666667</dst>
            <dst id="STTLng">22373.4666666667</dst>
            <dst id="WASHng">125495.152</dst>
        </src>
        <src id="NYCMng">
            <dst id="ATLA-M5">1269.52266666667</dst>
            <dst id="ATLAng">16073.8346666667</dst>
            <dst id="CHINng">20605.864</dst>
            <dst id="DNVRng">22999.9733333333</dst>
            <dst id="HSTNng">4522.456</dst>
            <dst id="IPLSng">7873.18133333333</dst>
            <dst id="KSCYng">6562.416</dst>
            <dst id="LOSAng">45972.048</dst>
            <dst id="NYCMng">77589.9013333333</dst>
            <dst id="SNVAng">521.605333333333</dst>
            <dst id="STTLng">19517.0506666667</dst>
            <dst id="WASHng">39786.6186666667</dst>
        </src>
        <src id="SNVAng">
            <dst id="ATLA-M5">0</dst>
            <dst id="ATLAng">0</dst>
            <dst id="CHINng">26.6666666666667</dst>
            <dst id="DNVRng">1785.91466666667</dst>
            <dst id="HSTNng">70.8026666666667</dst>
            <dst id="IPLSng">167.728</dst>
            <dst id="KSCYng">80</dst>
            <dst id="LOSAng">31834.7813333333</dst>
            <dst id="NYCMng">8602.25066666667</dst>
            <dst id="SNVAng">8104.448</dst>
            <dst id="STTLng">39114.4693333333</dst>
            <dst id="WASHng">61.408</dst>
        </src>
        <src id="STTLng">
            <dst id="ATLA-M5">118.325333333333</dst>
            <dst id="ATLAng">7216.304</dst>
            <dst id="CHINng">13354</dst>
            <dst id="DNVRng">2452.71733333333</dst>
            <dst id="HSTNng">8582.14933333333</dst>
            <dst id="IPLSng">6048.48533333333</dst>
            <dst id="KSCYng">1526.03733333333</dst>
            <dst id="LOSAng">7894.26133333333</dst>
            <dst id="NYCMng">13179.6533333333</dst>
            <dst id="SNVAng">8244.19733333333</dst>
            <dst id="STTLng">687.650666666666</dst>
            <dst id="WASHng">8702.29866666667</dst>
        </src>
        <src id="WASHng">
            <dst id="ATLA-M5">4542.25066666667</dst>
            <dst id="ATLAng">99862.7706666666</dst>
            <dst id="CHINng">50197.4453333333</dst>
            <dst id="DNVRng">51109.3173333333</dst>
            <dst id="HSTNng">25686.912</dst>
            <dst id="IPLSng">53341.2373333333</dst>
            <dst id="KSCYng">22753.7093333333</dst>
            <dst id="LOSAng">91204.048</dst>
            <dst id="NYCMng">118898.610666667</dst>
            <dst id="SNVAng">1473.68</dst>
            <dst id="STTLng">19196.2053333333</dst>
            <dst id="WASHng">205367.530666667</dst>
        </src>
    </IntraTM>
</TrafficMatrixFile>
