<?xml version="1.0" encoding="ISO-8859-1" standalone="yes"?>
<TrafficMatrixFile xsi:noNamespaceSchemaLocation="http://totem.run.montefiore.ulg.ac.be/Schema/TrafficMatrix-v1_2.xsd" xmlns:xsi="http://www.w3.org/2001/XMLSchema-instance">
    <IntraTM ASID="11537">
        <src id="ATLA-M5">
            <dst id="ATLA-M5">26.6666666666667</dst>
            <dst id="ATLAng">109.973333333333</dst>
            <dst id="CHINng">80</dst>
            <dst id="DNVRng">74.976</dst>
            <dst id="HSTNng">93.2986666666667</dst>
            <dst id="IPLSng">127.986666666667</dst>
            <dst id="KSCYng">0</dst>
            <dst id="LOSAng">0</dst>
            <dst id="NYCMng">33.6933333333333</dst>
            <dst id="SNVAng">0</dst>
            <dst id="STTLng">0</dst>
            <dst id="WASHng">207.146666666667</dst>
        </src>
        <src id="ATLAng">
            <dst id="ATLA-M5">3086.38666666667</dst>
            <dst id="ATLAng">23379.1733333333</dst>
            <dst id="CHINng">8094.66133333333</dst>
            <dst id="DNVRng">2526.56266666667</dst>
            <dst id="HSTNng">77298.9066666667</dst>
            <dst id="IPLSng">16228.7226666667</dst>
            <dst id="KSCYng">492.288</dst>
            <dst id="LOSAng">11399.3893333333</dst>
            <dst id="NYCMng">3814.04</dst>
            <dst id="SNVAng">26.6666666666667</dst>
            <dst id="STTLng">4156.072</dst>
            <dst id="WASHng">25723.1733333333</dst>
        </src>
        <src id="CHINng">
            <dst id="ATLA-M5">142.992</dst>
            <dst id="ATLAng">18244.1653333333</dst>
            <dst id="CHINng">63655.0826666667</dst>
            <dst id="DNVRng">12644.536</dst>
            <dst id="HSTNng">7359.21866666667</dst>
            <dst id="IPLSng">60039.8506666667</dst>
            <dst id="KSCYng">8822.17333333333</dst>
            <dst id="LOSAng">27143.8106666667</dst>
            <dst id="NYCMng">7876.46133333333</dst>
            <dst id="SNVAng">8020.78666666667</dst>
            <dst id="STTLng">14884.9733333333</dst>
            <dst id="WASHng">16028.3653333333</dst>
        </src>
        <src id="DNVRng">
            <dst id="ATLA-M5">166.52</dst>
            <dst id="ATLAng">3446.75733333333</dst>
            <dst id="CHINng">36172.28</dst>
            <dst id="DNVRng">10322.1306666667</dst>
            <dst id="HSTNng">21273.5733333333</dst>
            <dst id="IPLSng">29233.9866666667</dst>
            <dst id="KSCYng">22495.3653333333</dst>
            <dst id="LOSAng">34556.024</dst>
            <dst id="NYCMng">15558.536</dst>
            <dst id="SNVAng">8874.288</dst>
            <dst id="STTLng">4522.34933333333</dst>
            <dst id="WASHng">42017.8346666667</dst>
        </src>
        <src id="HSTNng">
            <dst id="ATLA-M5">1696.00533333333</dst>
            <dst id="ATLAng">3092.64</dst>
            <dst id="CHINng">10914.6826666667</dst>
            <dst id="DNVRng">1937.66133333333</dst>
            <dst id="HSTNng">16512.1946666667</dst>
            <dst id="IPLSng">2178.11733333333</dst>
            <dst id="KSCYng">1341.256</dst>
            <dst id="LOSAng">1432.66933333333</dst>
            <dst id="NYCMng">3548.91466666667</dst>
            <dst id="SNVAng">139.688</dst>
            <dst id="STTLng">700.458666666667</dst>
            <dst id="WASHng">5922.91733333333</dst>
        </src>
        <src id="IPLSng">
            <dst id="ATLA-M5">1004.52533333333</dst>
            <dst id="ATLAng">11643.1306666667</dst>
            <dst id="CHINng">55694.552</dst>
            <dst id="DNVRng">6050.86666666667</dst>
            <dst id="HSTNng">1689.98666666667</dst>
            <dst id="IPLSng">13305.56</dst>
            <dst id="KSCYng">3641.54933333333</dst>
            <dst id="LOSAng">13989.7653333333</dst>
            <dst id="NYCMng">12368.0106666667</dst>
            <dst id="SNVAng">215.445333333333</dst>
            <dst id="STTLng">4734.36</dst>
            <dst id="WASHng">11741.52</dst>
        </src>
        <src id="KSCYng">
            <dst id="ATLA-M5">35.6133333333333</dst>
            <dst id="ATLAng">7253.59466666667</dst>
            <dst id="CHINng">10685.4933333333</dst>
            <dst id="DNVRng">4572.09866666667</dst>
            <dst id="HSTNng">6136.12533333333</dst>
            <dst id="IPLSng">21228.352</dst>
            <dst id="KSCYng">11323.8773333333</dst>
            <dst id="LOSAng">3331.64266666667</dst>
            <dst id="NYCMng">2502.23466666667</dst>
            <dst id="SNVAng">2049.50933333333</dst>
            <dst id="STTLng">1485.46666666667</dst>
            <dst id="WASHng">11887.1306666667</dst>
        </src>
        <src id="LOSAng">
            <dst id="ATLA-M5">427.872</dst>
            <dst id="ATLAng">22044.6133333333</dst>
            <dst id="CHINng">64528.6186666667</dst>
            <dst id="DNVRng">6500.792</dst>
            <dst id="HSTNng">2776.52266666667</dst>
            <dst id="IPLSng">22490.576</dst>
            <dst id="KSCYng">2506.50666666667</dst>
            <dst id="LOSAng">6656.55466666667</dst>
            <dst id="NYCMng">27784.7226666667</dst>
            <dst id="SNVAng">21866.3093333333</dst>
            <dst id="STTLng">21927.9573333333</dst>
            <dst id="WASHng">110902.074666667</dst>
        </src>
        <src id="NYCMng">
            <dst id="ATLA-M5">727.632</dst>
            <dst id="ATLAng">18893.976</dst>
            <dst id="CHINng">22712.08</dst>
            <dst id="DNVRng">25142.7173333333</dst>
            <dst id="HSTNng">6832.74133333333</dst>
            <dst id="IPLSng">26350.5066666667</dst>
            <dst id="KSCYng">6761.288</dst>
            <dst id="LOSAng">57650.2026666667</dst>
            <dst id="NYCMng">81505.2826666667</dst>
            <dst id="SNVAng">2274.89333333333</dst>
            <dst id="STTLng">29031.0453333333</dst>
            <dst id="WASHng">36685.3386666667</dst>
        </src>
        <src id="SNVAng">
            <dst id="ATLA-M5">0</dst>
            <dst id="ATLAng">702.368</dst>
            <dst id="CHINng">54.6666666666667</dst>
            <dst id="DNVRng">1656.656</dst>
            <dst id="HSTNng">26.6666666666667</dst>
            <dst id="IPLSng">474.842666666667</dst>
            <dst id="KSCYng">53.3333333333333</dst>
            <dst id="LOSAng">29347.0106666667</dst>
            <dst id="NYCMng">8129.55733333333</dst>
            <dst id="SNVAng">7726.68</dst>
            <dst id="STTLng">38354.424</dst>
            <dst id="WASHng">26.6666666666667</dst>
        </src>
        <src id="STTLng">
            <dst id="ATLA-M5">26.6666666666667</dst>
            <dst id="ATLAng">9667.85866666667</dst>
            <dst id="CHINng">11898.1973333333</dst>
            <dst id="DNVRng">8660.20533333334</dst>
            <dst id="HSTNng">1049.49066666667</dst>
            <dst id="IPLSng">10484.024</dst>
            <dst id="KSCYng">5025.344</dst>
            <dst id="LOSAng">12490.0346666667</dst>
            <dst id="NYCMng">8324.17866666666</dst>
            <dst id="SNVAng">8075.43733333333</dst>
            <dst id="STTLng">1417.09333333333</dst>
            <dst id="WASHng">7835.77866666667</dst>
        </src>
        <src id="WASHng">
            <dst id="ATLA-M5">179.626666666667</dst>
            <dst id="ATLAng">89063.104</dst>
            <dst id="CHINng">44402.3973333333</dst>
            <dst id="DNVRng">62434.4533333333</dst>
            <dst id="HSTNng">22490.7813333333</dst>
            <dst id="IPLSng">71942.5093333333</dst>
            <dst id="KSCYng">31134.304</dst>
            <dst id="LOSAng">107445.16</dst>
            <dst id="NYCMng">187982.666666667</dst>
            <dst id="SNVAng">1769.864</dst>
            <dst id="STTLng">23863.5306666667</dst>
            <dst id="WASHng">190695.594666667</dst>
        </src>
    </IntraTM>
</TrafficMatrixFile>
