<?xml version="1.0" encoding="ISO-8859-1" standalone="yes"?>
<TrafficMatrixFile xsi:noNamespaceSchemaLocation="http://totem.run.montefiore.ulg.ac.be/Schema/TrafficMatrix-v1_2.xsd" xmlns:xsi="http://www.w3.org/2001/XMLSchema-instance">
    <IntraTM ASID="11537">
        <src id="ATLA-M5">
            <dst id="ATLA-M5">0</dst>
            <dst id="ATLAng">0</dst>
            <dst id="CHINng">215.250666666667</dst>
            <dst id="DNVRng">0</dst>
            <dst id="HSTNng">129.48</dst>
            <dst id="IPLSng">0</dst>
            <dst id="KSCYng">544.72</dst>
            <dst id="LOSAng">46.72</dst>
            <dst id="NYCMng">0</dst>
            <dst id="SNVAng">20.0533333333333</dst>
            <dst id="STTLng">0</dst>
            <dst id="WASHng">237.52</dst>
        </src>
        <src id="ATLAng">
            <dst id="ATLA-M5">326.056</dst>
            <dst id="ATLAng">24966.4133333333</dst>
            <dst id="CHINng">8822.06666666667</dst>
            <dst id="DNVRng">2385.72533333333</dst>
            <dst id="HSTNng">888.314666666667</dst>
            <dst id="IPLSng">12661.5786666667</dst>
            <dst id="KSCYng">406.122666666667</dst>
            <dst id="LOSAng">10380.8453333333</dst>
            <dst id="NYCMng">2173.63466666667</dst>
            <dst id="SNVAng">9761.79466666666</dst>
            <dst id="STTLng">4336.70933333333</dst>
            <dst id="WASHng">27142.4213333333</dst>
        </src>
        <src id="CHINng">
            <dst id="ATLA-M5">96.9706666666667</dst>
            <dst id="ATLAng">11379.2506666667</dst>
            <dst id="CHINng">45049.72</dst>
            <dst id="DNVRng">3685.25333333333</dst>
            <dst id="HSTNng">5257.08533333333</dst>
            <dst id="IPLSng">10304.0933333333</dst>
            <dst id="KSCYng">6046.38133333333</dst>
            <dst id="LOSAng">10109.096</dst>
            <dst id="NYCMng">8717.368</dst>
            <dst id="SNVAng">40412.6293333333</dst>
            <dst id="STTLng">6357.912</dst>
            <dst id="WASHng">13319.0933333333</dst>
        </src>
        <src id="DNVRng">
            <dst id="ATLA-M5">987.68</dst>
            <dst id="ATLAng">2787.616</dst>
            <dst id="CHINng">48661.8773333333</dst>
            <dst id="DNVRng">8893.53333333333</dst>
            <dst id="HSTNng">21675.76</dst>
            <dst id="IPLSng">30029.9733333333</dst>
            <dst id="KSCYng">25636.848</dst>
            <dst id="LOSAng">6008.62666666667</dst>
            <dst id="NYCMng">14703.9306666667</dst>
            <dst id="SNVAng">23511.328</dst>
            <dst id="STTLng">13115.2586666667</dst>
            <dst id="WASHng">49334.4426666667</dst>
        </src>
        <src id="HSTNng">
            <dst id="ATLA-M5">85.2906666666667</dst>
            <dst id="ATLAng">988.693333333333</dst>
            <dst id="CHINng">11545.9893333333</dst>
            <dst id="DNVRng">649.586666666667</dst>
            <dst id="HSTNng">15065.3626666667</dst>
            <dst id="IPLSng">1065.296</dst>
            <dst id="KSCYng">681.056</dst>
            <dst id="LOSAng">1970.04</dst>
            <dst id="NYCMng">2226.25866666667</dst>
            <dst id="SNVAng">26.6666666666667</dst>
            <dst id="STTLng">3988.408</dst>
            <dst id="WASHng">6403.8</dst>
        </src>
        <src id="IPLSng">
            <dst id="ATLA-M5">80.832</dst>
            <dst id="ATLAng">3907.19466666667</dst>
            <dst id="CHINng">52207.48</dst>
            <dst id="DNVRng">6607.312</dst>
            <dst id="HSTNng">589.912</dst>
            <dst id="IPLSng">1989.776</dst>
            <dst id="KSCYng">2824.62933333333</dst>
            <dst id="LOSAng">3788.36266666667</dst>
            <dst id="NYCMng">11789.3786666667</dst>
            <dst id="SNVAng">6692.93333333333</dst>
            <dst id="STTLng">11861.4586666667</dst>
            <dst id="WASHng">5445.672</dst>
        </src>
        <src id="KSCYng">
            <dst id="ATLA-M5">26.6666666666667</dst>
            <dst id="ATLAng">3021.53333333333</dst>
            <dst id="CHINng">8545.248</dst>
            <dst id="DNVRng">4868.69066666667</dst>
            <dst id="HSTNng">3289.22133333333</dst>
            <dst id="IPLSng">10121.632</dst>
            <dst id="KSCYng">6240.016</dst>
            <dst id="LOSAng">1869.99466666667</dst>
            <dst id="NYCMng">2053.85066666667</dst>
            <dst id="SNVAng">6351.49866666667</dst>
            <dst id="STTLng">954.144</dst>
            <dst id="WASHng">6323.95466666667</dst>
        </src>
        <src id="LOSAng">
            <dst id="ATLA-M5">0</dst>
            <dst id="ATLAng">12691.9786666667</dst>
            <dst id="CHINng">48589.8026666667</dst>
            <dst id="DNVRng">7635.11466666667</dst>
            <dst id="HSTNng">2107.01066666667</dst>
            <dst id="IPLSng">11339.536</dst>
            <dst id="KSCYng">1339.90133333333</dst>
            <dst id="LOSAng">22834.2426666667</dst>
            <dst id="NYCMng">28737.0346666667</dst>
            <dst id="SNVAng">25940.92</dst>
            <dst id="STTLng">8600.39466666667</dst>
            <dst id="WASHng">75087.384</dst>
        </src>
        <src id="NYCMng">
            <dst id="ATLA-M5">241.301333333333</dst>
            <dst id="ATLAng">10022.0666666667</dst>
            <dst id="CHINng">21393.6933333333</dst>
            <dst id="DNVRng">27184.5866666667</dst>
            <dst id="HSTNng">8879.95733333333</dst>
            <dst id="IPLSng">14821.584</dst>
            <dst id="KSCYng">3109.53333333333</dst>
            <dst id="LOSAng">9408.408</dst>
            <dst id="NYCMng">81769.6773333333</dst>
            <dst id="SNVAng">29716.1546666667</dst>
            <dst id="STTLng">25887.224</dst>
            <dst id="WASHng">64121.6693333334</dst>
        </src>
        <src id="SNVAng">
            <dst id="ATLA-M5">0</dst>
            <dst id="ATLAng">26.6666666666667</dst>
            <dst id="CHINng">181.44</dst>
            <dst id="DNVRng">515.453333333333</dst>
            <dst id="HSTNng">0</dst>
            <dst id="IPLSng">170.728</dst>
            <dst id="KSCYng">0</dst>
            <dst id="LOSAng">2154.35733333333</dst>
            <dst id="NYCMng">53.3333333333333</dst>
            <dst id="SNVAng">46267.096</dst>
            <dst id="STTLng">27672.04</dst>
            <dst id="WASHng">26.6666666666667</dst>
        </src>
        <src id="STTLng">
            <dst id="ATLA-M5">219.434666666667</dst>
            <dst id="ATLAng">3949.776</dst>
            <dst id="CHINng">10018.064</dst>
            <dst id="DNVRng">4776.26933333333</dst>
            <dst id="HSTNng">2570.72533333333</dst>
            <dst id="IPLSng">9167.65066666667</dst>
            <dst id="KSCYng">514.821333333333</dst>
            <dst id="LOSAng">2442.98133333333</dst>
            <dst id="NYCMng">10942.8266666667</dst>
            <dst id="SNVAng">16181.9733333333</dst>
            <dst id="STTLng">1283.664</dst>
            <dst id="WASHng">6670.248</dst>
        </src>
        <src id="WASHng">
            <dst id="ATLA-M5">243.762666666667</dst>
            <dst id="ATLAng">90729.792</dst>
            <dst id="CHINng">110032.450666667</dst>
            <dst id="DNVRng">28244.712</dst>
            <dst id="HSTNng">21809.6373333333</dst>
            <dst id="IPLSng">30511.6613333333</dst>
            <dst id="KSCYng">31597.0666666667</dst>
            <dst id="LOSAng">71289.032</dst>
            <dst id="NYCMng">141629.485333333</dst>
            <dst id="SNVAng">28524.664</dst>
            <dst id="STTLng">34083.648</dst>
            <dst id="WASHng">245521.306666667</dst>
        </src>
    </IntraTM>
</TrafficMatrixFile>
