<?xml version="1.0" encoding="ISO-8859-1" standalone="yes"?>
<TrafficMatrixFile xsi:noNamespaceSchemaLocation="http://totem.run.montefiore.ulg.ac.be/Schema/TrafficMatrix-v1_2.xsd" xmlns:xsi="http://www.w3.org/2001/XMLSchema-instance">
    <IntraTM ASID="11537">
        <src id="ATLA-M5">
            <dst id="ATLA-M5">26.6666666666667</dst>
            <dst id="ATLAng">26.6666666666667</dst>
            <dst id="CHINng">169.496</dst>
            <dst id="DNVRng">0</dst>
            <dst id="HSTNng">26.6666666666667</dst>
            <dst id="IPLSng">0</dst>
            <dst id="KSCYng">0</dst>
            <dst id="LOSAng">26.6666666666667</dst>
            <dst id="NYCMng">112.688</dst>
            <dst id="SNVAng">42.752</dst>
            <dst id="STTLng">141.013333333333</dst>
            <dst id="WASHng">202.765333333333</dst>
        </src>
        <src id="ATLAng">
            <dst id="ATLA-M5">64.0773333333333</dst>
            <dst id="ATLAng">12787.3493333333</dst>
            <dst id="CHINng">5411.33866666667</dst>
            <dst id="DNVRng">6108.83733333333</dst>
            <dst id="HSTNng">669.64</dst>
            <dst id="IPLSng">7608.07733333333</dst>
            <dst id="KSCYng">459.741333333333</dst>
            <dst id="LOSAng">2576.64266666667</dst>
            <dst id="NYCMng">1881.17866666667</dst>
            <dst id="SNVAng">26.6666666666667</dst>
            <dst id="STTLng">1498.19733333333</dst>
            <dst id="WASHng">18004.304</dst>
        </src>
        <src id="CHINng">
            <dst id="ATLA-M5">179.125333333333</dst>
            <dst id="ATLAng">16942.4453333333</dst>
            <dst id="CHINng">61861.712</dst>
            <dst id="DNVRng">6398.8</dst>
            <dst id="HSTNng">5618.17866666667</dst>
            <dst id="IPLSng">46962.984</dst>
            <dst id="KSCYng">6446.76</dst>
            <dst id="LOSAng">27893.9786666667</dst>
            <dst id="NYCMng">25501.6666666667</dst>
            <dst id="SNVAng">449.853333333333</dst>
            <dst id="STTLng">7591.65333333333</dst>
            <dst id="WASHng">27127.0773333333</dst>
        </src>
        <src id="DNVRng">
            <dst id="ATLA-M5">73.92</dst>
            <dst id="ATLAng">5951.93333333333</dst>
            <dst id="CHINng">50651.8266666667</dst>
            <dst id="DNVRng">12731.0133333333</dst>
            <dst id="HSTNng">27130.0213333333</dst>
            <dst id="IPLSng">47327.328</dst>
            <dst id="KSCYng">18916.7413333333</dst>
            <dst id="LOSAng">9450.96266666667</dst>
            <dst id="NYCMng">12881.968</dst>
            <dst id="SNVAng">8482.08</dst>
            <dst id="STTLng">6812.74133333333</dst>
            <dst id="WASHng">49552.872</dst>
        </src>
        <src id="HSTNng">
            <dst id="ATLA-M5">40.2346666666667</dst>
            <dst id="ATLAng">1844.98933333333</dst>
            <dst id="CHINng">6669.12533333333</dst>
            <dst id="DNVRng">1097.18666666667</dst>
            <dst id="HSTNng">17216.2693333333</dst>
            <dst id="IPLSng">2068.56</dst>
            <dst id="KSCYng">1837.488</dst>
            <dst id="LOSAng">9368.144</dst>
            <dst id="NYCMng">7101.53066666667</dst>
            <dst id="SNVAng">26.6666666666667</dst>
            <dst id="STTLng">1068.912</dst>
            <dst id="WASHng">15596.0426666667</dst>
        </src>
        <src id="IPLSng">
            <dst id="ATLA-M5">154.738666666667</dst>
            <dst id="ATLAng">8069.53066666667</dst>
            <dst id="CHINng">43962.584</dst>
            <dst id="DNVRng">13109.6853333333</dst>
            <dst id="HSTNng">1681.51733333333</dst>
            <dst id="IPLSng">5015.27733333333</dst>
            <dst id="KSCYng">2035.02133333333</dst>
            <dst id="LOSAng">12240.6906666667</dst>
            <dst id="NYCMng">11838.1626666667</dst>
            <dst id="SNVAng">190.928</dst>
            <dst id="STTLng">5004.16533333333</dst>
            <dst id="WASHng">8668.992</dst>
        </src>
        <src id="KSCYng">
            <dst id="ATLA-M5">0</dst>
            <dst id="ATLAng">3097.68533333333</dst>
            <dst id="CHINng">13454.2213333333</dst>
            <dst id="DNVRng">4431.688</dst>
            <dst id="HSTNng">7112.736</dst>
            <dst id="IPLSng">17798.3706666667</dst>
            <dst id="KSCYng">21449.2346666667</dst>
            <dst id="LOSAng">4991.95733333333</dst>
            <dst id="NYCMng">870.354666666667</dst>
            <dst id="SNVAng">2488.93066666667</dst>
            <dst id="STTLng">872.325333333334</dst>
            <dst id="WASHng">9554.29866666667</dst>
        </src>
        <src id="LOSAng">
            <dst id="ATLA-M5">59.376</dst>
            <dst id="ATLAng">16273.8133333333</dst>
            <dst id="CHINng">46840.7093333333</dst>
            <dst id="DNVRng">10228.3866666667</dst>
            <dst id="HSTNng">14971.9973333333</dst>
            <dst id="IPLSng">9865.41066666667</dst>
            <dst id="KSCYng">4127.528</dst>
            <dst id="LOSAng">9197.28</dst>
            <dst id="NYCMng">21662.336</dst>
            <dst id="SNVAng">23089.3466666667</dst>
            <dst id="STTLng">21448.0426666667</dst>
            <dst id="WASHng">81819.1573333333</dst>
        </src>
        <src id="NYCMng">
            <dst id="ATLA-M5">1413.70133333333</dst>
            <dst id="ATLAng">15500.3093333333</dst>
            <dst id="CHINng">18125.248</dst>
            <dst id="DNVRng">21346.312</dst>
            <dst id="HSTNng">8425.20533333334</dst>
            <dst id="IPLSng">12524.9653333333</dst>
            <dst id="KSCYng">5686.50933333333</dst>
            <dst id="LOSAng">49472.6453333333</dst>
            <dst id="NYCMng">84632.6266666667</dst>
            <dst id="SNVAng">605.101333333333</dst>
            <dst id="STTLng">19022.3466666667</dst>
            <dst id="WASHng">38653.2213333333</dst>
        </src>
        <src id="SNVAng">
            <dst id="ATLA-M5">0</dst>
            <dst id="ATLAng">680.669333333333</dst>
            <dst id="CHINng">53.3333333333333</dst>
            <dst id="DNVRng">8356.82933333333</dst>
            <dst id="HSTNng">0</dst>
            <dst id="IPLSng">217.117333333333</dst>
            <dst id="KSCYng">26.6666666666667</dst>
            <dst id="LOSAng">30676.3306666667</dst>
            <dst id="NYCMng">346.938666666667</dst>
            <dst id="SNVAng">8749.60533333333</dst>
            <dst id="STTLng">39577.3493333333</dst>
            <dst id="WASHng">26.6666666666667</dst>
        </src>
        <src id="STTLng">
            <dst id="ATLA-M5">403.837333333333</dst>
            <dst id="ATLAng">6562.20533333334</dst>
            <dst id="CHINng">13263.0986666667</dst>
            <dst id="DNVRng">1695.656</dst>
            <dst id="HSTNng">8148.08533333333</dst>
            <dst id="IPLSng">4483.73333333333</dst>
            <dst id="KSCYng">4721.04533333333</dst>
            <dst id="LOSAng">9001.472</dst>
            <dst id="NYCMng">20569.9893333333</dst>
            <dst id="SNVAng">10114.584</dst>
            <dst id="STTLng">2491</dst>
            <dst id="WASHng">8975.056</dst>
        </src>
        <src id="WASHng">
            <dst id="ATLA-M5">5114.60266666667</dst>
            <dst id="ATLAng">77895.8346666666</dst>
            <dst id="CHINng">53215.0373333333</dst>
            <dst id="DNVRng">49170.9226666667</dst>
            <dst id="HSTNng">28900.624</dst>
            <dst id="IPLSng">54784.624</dst>
            <dst id="KSCYng">20218.816</dst>
            <dst id="LOSAng">81374.2826666667</dst>
            <dst id="NYCMng">160203.610666667</dst>
            <dst id="SNVAng">1868.248</dst>
            <dst id="STTLng">23179.712</dst>
            <dst id="WASHng">262999.026666667</dst>
        </src>
    </IntraTM>
</TrafficMatrixFile>
