<?xml version="1.0" encoding="ISO-8859-1" standalone="yes"?>
<TrafficMatrixFile xsi:noNamespaceSchemaLocation="http://totem.run.montefiore.ulg.ac.be/Schema/TrafficMatrix-v1_2.xsd" xmlns:xsi="http://www.w3.org/2001/XMLSchema-instance">
    <IntraTM ASID="11537">
        <src id="ATLA-M5">
            <dst id="ATLA-M5">4046.23733333333</dst>
            <dst id="ATLAng">356.296</dst>
            <dst id="CHINng">2034.25066666667</dst>
            <dst id="DNVRng">26.6666666666667</dst>
            <dst id="HSTNng">166</dst>
            <dst id="IPLSng">119.984</dst>
            <dst id="KSCYng">53.7386666666667</dst>
            <dst id="LOSAng">66.6666666666667</dst>
            <dst id="NYCMng">80</dst>
            <dst id="SNVAng">13.3333333333333</dst>
            <dst id="STTLng">56.92</dst>
            <dst id="WASHng">665.336</dst>
        </src>
        <src id="ATLAng">
            <dst id="ATLA-M5">228.144</dst>
            <dst id="ATLAng">41273.7893333333</dst>
            <dst id="CHINng">13595.1466666667</dst>
            <dst id="DNVRng">4596.57066666667</dst>
            <dst id="HSTNng">13436.728</dst>
            <dst id="IPLSng">21765.896</dst>
            <dst id="KSCYng">9377.67733333333</dst>
            <dst id="LOSAng">4378.01866666667</dst>
            <dst id="NYCMng">10296.512</dst>
            <dst id="SNVAng">7304.53866666667</dst>
            <dst id="STTLng">2364.02666666667</dst>
            <dst id="WASHng">45825.08</dst>
        </src>
        <src id="CHINng">
            <dst id="ATLA-M5">1354.29333333333</dst>
            <dst id="ATLAng">24232.4773333333</dst>
            <dst id="CHINng">103176.098666667</dst>
            <dst id="DNVRng">8437.37066666667</dst>
            <dst id="HSTNng">7355.64533333333</dst>
            <dst id="IPLSng">24251.2346666667</dst>
            <dst id="KSCYng">13390.224</dst>
            <dst id="LOSAng">6284.05866666667</dst>
            <dst id="NYCMng">18742.2533333333</dst>
            <dst id="SNVAng">25248.8693333333</dst>
            <dst id="STTLng">7026.94133333333</dst>
            <dst id="WASHng">26098.336</dst>
        </src>
        <src id="DNVRng">
            <dst id="ATLA-M5">169.170666666667</dst>
            <dst id="ATLAng">18904.0186666667</dst>
            <dst id="CHINng">55116.928</dst>
            <dst id="DNVRng">18649.8266666667</dst>
            <dst id="HSTNng">24390.5973333333</dst>
            <dst id="IPLSng">29320.3626666667</dst>
            <dst id="KSCYng">18743.9066666667</dst>
            <dst id="LOSAng">3044.064</dst>
            <dst id="NYCMng">26051.9546666667</dst>
            <dst id="SNVAng">24761.2933333333</dst>
            <dst id="STTLng">19031.976</dst>
            <dst id="WASHng">67412.7973333333</dst>
        </src>
        <src id="HSTNng">
            <dst id="ATLA-M5">555.173333333333</dst>
            <dst id="ATLAng">2630.84</dst>
            <dst id="CHINng">21635.288</dst>
            <dst id="DNVRng">3181.61866666667</dst>
            <dst id="HSTNng">19460.7413333333</dst>
            <dst id="IPLSng">1938.392</dst>
            <dst id="KSCYng">1851.08</dst>
            <dst id="LOSAng">3219.45333333333</dst>
            <dst id="NYCMng">5944.69866666667</dst>
            <dst id="SNVAng">297.064</dst>
            <dst id="STTLng">1151.728</dst>
            <dst id="WASHng">4162.32</dst>
        </src>
        <src id="IPLSng">
            <dst id="ATLA-M5">53.3333333333333</dst>
            <dst id="ATLAng">21725.064</dst>
            <dst id="CHINng">66783.7733333333</dst>
            <dst id="DNVRng">7398.136</dst>
            <dst id="HSTNng">5469.216</dst>
            <dst id="IPLSng">19225.6053333333</dst>
            <dst id="KSCYng">11365.0906666667</dst>
            <dst id="LOSAng">1380.23466666667</dst>
            <dst id="NYCMng">31399.608</dst>
            <dst id="SNVAng">5411.66133333333</dst>
            <dst id="STTLng">10489.1573333333</dst>
            <dst id="WASHng">19289.4746666667</dst>
        </src>
        <src id="KSCYng">
            <dst id="ATLA-M5">26.6666666666667</dst>
            <dst id="ATLAng">3887.38933333333</dst>
            <dst id="CHINng">20681.6293333333</dst>
            <dst id="DNVRng">5046.41866666667</dst>
            <dst id="HSTNng">5700.728</dst>
            <dst id="IPLSng">15313.5333333333</dst>
            <dst id="KSCYng">13473.0506666667</dst>
            <dst id="LOSAng">686.544</dst>
            <dst id="NYCMng">1754.99466666667</dst>
            <dst id="SNVAng">4960.07733333333</dst>
            <dst id="STTLng">4691.104</dst>
            <dst id="WASHng">7489.20533333333</dst>
        </src>
        <src id="LOSAng">
            <dst id="ATLA-M5">1057.18933333333</dst>
            <dst id="ATLAng">22436.8426666667</dst>
            <dst id="CHINng">115377.029333333</dst>
            <dst id="DNVRng">16232.8373333333</dst>
            <dst id="HSTNng">5393.568</dst>
            <dst id="IPLSng">21576.7573333333</dst>
            <dst id="KSCYng">2460.008</dst>
            <dst id="LOSAng">16913.6266666667</dst>
            <dst id="NYCMng">110441.445333333</dst>
            <dst id="SNVAng">22968.04</dst>
            <dst id="STTLng">18421.368</dst>
            <dst id="WASHng">92757.368</dst>
        </src>
        <src id="NYCMng">
            <dst id="ATLA-M5">922.104</dst>
            <dst id="ATLAng">31130.112</dst>
            <dst id="CHINng">61042.712</dst>
            <dst id="DNVRng">25838.3226666667</dst>
            <dst id="HSTNng">6209.21333333333</dst>
            <dst id="IPLSng">21386.9946666667</dst>
            <dst id="KSCYng">13650.32</dst>
            <dst id="LOSAng">9586.62933333333</dst>
            <dst id="NYCMng">101368.498666667</dst>
            <dst id="SNVAng">49354.016</dst>
            <dst id="STTLng">18032.8053333333</dst>
            <dst id="WASHng">94923.856</dst>
        </src>
        <src id="SNVAng">
            <dst id="ATLA-M5">0</dst>
            <dst id="ATLAng">1245.91733333333</dst>
            <dst id="CHINng">321.634666666667</dst>
            <dst id="DNVRng">14779.72</dst>
            <dst id="HSTNng">103.021333333333</dst>
            <dst id="IPLSng">356.912</dst>
            <dst id="KSCYng">53.3333333333333</dst>
            <dst id="LOSAng">510.533333333333</dst>
            <dst id="NYCMng">160</dst>
            <dst id="SNVAng">52837.0053333333</dst>
            <dst id="STTLng">40207.0053333333</dst>
            <dst id="WASHng">1918.43466666667</dst>
        </src>
        <src id="STTLng">
            <dst id="ATLA-M5">583.16</dst>
            <dst id="ATLAng">13199.7413333333</dst>
            <dst id="CHINng">35659.904</dst>
            <dst id="DNVRng">5941.35733333333</dst>
            <dst id="HSTNng">3845.40266666667</dst>
            <dst id="IPLSng">11886.0373333333</dst>
            <dst id="KSCYng">3781.144</dst>
            <dst id="LOSAng">3324.13066666667</dst>
            <dst id="NYCMng">19583.6186666667</dst>
            <dst id="SNVAng">14933.8506666667</dst>
            <dst id="STTLng">13728.432</dst>
            <dst id="WASHng">55826.8666666667</dst>
        </src>
        <src id="WASHng">
            <dst id="ATLA-M5">463.714666666667</dst>
            <dst id="ATLAng">116355.821333333</dst>
            <dst id="CHINng">96516.2906666667</dst>
            <dst id="DNVRng">31055.3386666667</dst>
            <dst id="HSTNng">20922.1306666667</dst>
            <dst id="IPLSng">44776.4346666667</dst>
            <dst id="KSCYng">40273.6293333333</dst>
            <dst id="LOSAng">63239.392</dst>
            <dst id="NYCMng">170789.954666667</dst>
            <dst id="SNVAng">27642.0053333333</dst>
            <dst id="STTLng">29637.7973333333</dst>
            <dst id="WASHng">333087.84</dst>
        </src>
    </IntraTM>
</TrafficMatrixFile>
