<?xml version="1.0" encoding="ISO-8859-1" standalone="yes"?>
<TrafficMatrixFile xsi:noNamespaceSchemaLocation="http://totem.run.montefiore.ulg.ac.be/Schema/TrafficMatrix-v1_2.xsd" xmlns:xsi="http://www.w3.org/2001/XMLSchema-instance">
    <IntraTM ASID="11537">
        <src id="ATLA-M5">
            <dst id="ATLA-M5">0</dst>
            <dst id="ATLAng">26.6666666666667</dst>
            <dst id="CHINng">95.104</dst>
            <dst id="DNVRng">0</dst>
            <dst id="HSTNng">76.256</dst>
            <dst id="IPLSng">172.373333333333</dst>
            <dst id="KSCYng">0</dst>
            <dst id="LOSAng">70.7733333333333</dst>
            <dst id="NYCMng">53.3333333333333</dst>
            <dst id="SNVAng">44.1066666666667</dst>
            <dst id="STTLng">0</dst>
            <dst id="WASHng">2004.45066666667</dst>
        </src>
        <src id="ATLAng">
            <dst id="ATLA-M5">85.2026666666667</dst>
            <dst id="ATLAng">28750.776</dst>
            <dst id="CHINng">7452.29333333333</dst>
            <dst id="DNVRng">2999.07466666667</dst>
            <dst id="HSTNng">43470.8186666667</dst>
            <dst id="IPLSng">21078.232</dst>
            <dst id="KSCYng">1119.072</dst>
            <dst id="LOSAng">5882.10533333333</dst>
            <dst id="NYCMng">3742.62933333333</dst>
            <dst id="SNVAng">4752.98533333333</dst>
            <dst id="STTLng">2087.96266666667</dst>
            <dst id="WASHng">26081.3813333333</dst>
        </src>
        <src id="CHINng">
            <dst id="ATLA-M5">107.477333333333</dst>
            <dst id="ATLAng">28885.1893333333</dst>
            <dst id="CHINng">69601.4453333333</dst>
            <dst id="DNVRng">9079.56</dst>
            <dst id="HSTNng">8015.864</dst>
            <dst id="IPLSng">10391.064</dst>
            <dst id="KSCYng">5908.864</dst>
            <dst id="LOSAng">2943.85866666667</dst>
            <dst id="NYCMng">8263.78666666667</dst>
            <dst id="SNVAng">28133.9733333333</dst>
            <dst id="STTLng">7254.14666666667</dst>
            <dst id="WASHng">14501.944</dst>
        </src>
        <src id="DNVRng">
            <dst id="ATLA-M5">64</dst>
            <dst id="ATLAng">6438.12533333333</dst>
            <dst id="CHINng">47729.7893333333</dst>
            <dst id="DNVRng">7864.78133333333</dst>
            <dst id="HSTNng">25586.3786666667</dst>
            <dst id="IPLSng">24877.0213333333</dst>
            <dst id="KSCYng">19846</dst>
            <dst id="LOSAng">3482.41333333333</dst>
            <dst id="NYCMng">15533.3866666667</dst>
            <dst id="SNVAng">22812.9333333333</dst>
            <dst id="STTLng">7021.496</dst>
            <dst id="WASHng">32273.0746666667</dst>
        </src>
        <src id="HSTNng">
            <dst id="ATLA-M5">2142.64533333333</dst>
            <dst id="ATLAng">2359.30933333333</dst>
            <dst id="CHINng">5327.02666666667</dst>
            <dst id="DNVRng">3776.21866666667</dst>
            <dst id="HSTNng">14697.3013333333</dst>
            <dst id="IPLSng">3339.68266666667</dst>
            <dst id="KSCYng">1819.74133333333</dst>
            <dst id="LOSAng">11981.5493333333</dst>
            <dst id="NYCMng">2592.78933333333</dst>
            <dst id="SNVAng">0</dst>
            <dst id="STTLng">1635.14666666667</dst>
            <dst id="WASHng">6029.68</dst>
        </src>
        <src id="IPLSng">
            <dst id="ATLA-M5">3341.70933333333</dst>
            <dst id="ATLAng">22092.5093333333</dst>
            <dst id="CHINng">37377.9626666667</dst>
            <dst id="DNVRng">7178.87466666667</dst>
            <dst id="HSTNng">9817.78666666667</dst>
            <dst id="IPLSng">29640.528</dst>
            <dst id="KSCYng">10613.9413333333</dst>
            <dst id="LOSAng">3391.61333333333</dst>
            <dst id="NYCMng">12998.144</dst>
            <dst id="SNVAng">12406.992</dst>
            <dst id="STTLng">10127.2746666667</dst>
            <dst id="WASHng">14257.7013333333</dst>
        </src>
        <src id="KSCYng">
            <dst id="ATLA-M5">26.6666666666667</dst>
            <dst id="ATLAng">3116.93866666667</dst>
            <dst id="CHINng">16019.408</dst>
            <dst id="DNVRng">5150.22933333333</dst>
            <dst id="HSTNng">7899.93333333333</dst>
            <dst id="IPLSng">11984.9813333333</dst>
            <dst id="KSCYng">11146.5626666667</dst>
            <dst id="LOSAng">555.210666666667</dst>
            <dst id="NYCMng">1561.99733333333</dst>
            <dst id="SNVAng">8013.184</dst>
            <dst id="STTLng">1380.59466666667</dst>
            <dst id="WASHng">8896.768</dst>
        </src>
        <src id="LOSAng">
            <dst id="ATLA-M5">32.496</dst>
            <dst id="ATLAng">47116.3973333333</dst>
            <dst id="CHINng">49597.8773333333</dst>
            <dst id="DNVRng">11563.264</dst>
            <dst id="HSTNng">4349.848</dst>
            <dst id="IPLSng">16804.552</dst>
            <dst id="KSCYng">2967.552</dst>
            <dst id="LOSAng">17248.8666666667</dst>
            <dst id="NYCMng">34908.888</dst>
            <dst id="SNVAng">23303.0613333333</dst>
            <dst id="STTLng">26107.5733333333</dst>
            <dst id="WASHng">82644.08</dst>
        </src>
        <src id="NYCMng">
            <dst id="ATLA-M5">1550.16533333333</dst>
            <dst id="ATLAng">14242.4133333333</dst>
            <dst id="CHINng">30336.9786666667</dst>
            <dst id="DNVRng">21703.9733333333</dst>
            <dst id="HSTNng">3392.94933333333</dst>
            <dst id="IPLSng">10603.216</dst>
            <dst id="KSCYng">7382.64266666667</dst>
            <dst id="LOSAng">9935.51466666666</dst>
            <dst id="NYCMng">124147.610666667</dst>
            <dst id="SNVAng">54889.9306666667</dst>
            <dst id="STTLng">42153.032</dst>
            <dst id="WASHng">52844.2746666667</dst>
        </src>
        <src id="SNVAng">
            <dst id="ATLA-M5">0</dst>
            <dst id="ATLAng">53.3333333333333</dst>
            <dst id="CHINng">106.666666666667</dst>
            <dst id="DNVRng">1468.94133333333</dst>
            <dst id="HSTNng">0</dst>
            <dst id="IPLSng">304.88</dst>
            <dst id="KSCYng">26.6666666666667</dst>
            <dst id="LOSAng">2455.08266666667</dst>
            <dst id="NYCMng">26.6666666666667</dst>
            <dst id="SNVAng">37182.888</dst>
            <dst id="STTLng">35337.5706666667</dst>
            <dst id="WASHng">184.434666666667</dst>
        </src>
        <src id="STTLng">
            <dst id="ATLA-M5">0</dst>
            <dst id="ATLAng">4776.97066666667</dst>
            <dst id="CHINng">19705.792</dst>
            <dst id="DNVRng">5678.57866666667</dst>
            <dst id="HSTNng">1666.85333333333</dst>
            <dst id="IPLSng">6442.688</dst>
            <dst id="KSCYng">3166.14133333333</dst>
            <dst id="LOSAng">8683.24</dst>
            <dst id="NYCMng">19312.376</dst>
            <dst id="SNVAng">16624.2666666667</dst>
            <dst id="STTLng">1175.6</dst>
            <dst id="WASHng">3887.36533333333</dst>
        </src>
        <src id="WASHng">
            <dst id="ATLA-M5">157.792</dst>
            <dst id="ATLAng">96194.4586666667</dst>
            <dst id="CHINng">64204.8693333333</dst>
            <dst id="DNVRng">33023.8053333333</dst>
            <dst id="HSTNng">29398.7013333333</dst>
            <dst id="IPLSng">27865.6133333333</dst>
            <dst id="KSCYng">36396.4426666667</dst>
            <dst id="LOSAng">82627.8346666667</dst>
            <dst id="NYCMng">133417.448</dst>
            <dst id="SNVAng">38929.4933333333</dst>
            <dst id="STTLng">25267.968</dst>
            <dst id="WASHng">210435.928</dst>
        </src>
    </IntraTM>
</TrafficMatrixFile>
