<?xml version="1.0" encoding="ISO-8859-1" standalone="yes"?>
<TrafficMatrixFile xsi:noNamespaceSchemaLocation="http://totem.run.montefiore.ulg.ac.be/Schema/TrafficMatrix-v1_2.xsd" xmlns:xsi="http://www.w3.org/2001/XMLSchema-instance">
    <IntraTM ASID="11537">
        <src id="ATLA-M5">
            <dst id="ATLA-M5">0</dst>
            <dst id="ATLAng">53.3333333333333</dst>
            <dst id="CHINng">216.381333333333</dst>
            <dst id="DNVRng">0</dst>
            <dst id="HSTNng">84.84</dst>
            <dst id="IPLSng">26.6666666666667</dst>
            <dst id="KSCYng">26.6666666666667</dst>
            <dst id="LOSAng">53.3333333333333</dst>
            <dst id="NYCMng">90.3893333333333</dst>
            <dst id="SNVAng">0</dst>
            <dst id="STTLng">71.5893333333333</dst>
            <dst id="WASHng">192.853333333333</dst>
        </src>
        <src id="ATLAng">
            <dst id="ATLA-M5">43.592</dst>
            <dst id="ATLAng">21126.272</dst>
            <dst id="CHINng">3751.28266666667</dst>
            <dst id="DNVRng">2517.528</dst>
            <dst id="HSTNng">28106.7173333333</dst>
            <dst id="IPLSng">12116.272</dst>
            <dst id="KSCYng">2805.08266666667</dst>
            <dst id="LOSAng">15884.5013333333</dst>
            <dst id="NYCMng">2959.12</dst>
            <dst id="SNVAng">53.3333333333333</dst>
            <dst id="STTLng">3811.17066666667</dst>
            <dst id="WASHng">37638.1626666667</dst>
        </src>
        <src id="CHINng">
            <dst id="ATLA-M5">109.728</dst>
            <dst id="ATLAng">7861.088</dst>
            <dst id="CHINng">59121.128</dst>
            <dst id="DNVRng">9225.928</dst>
            <dst id="HSTNng">4689.624</dst>
            <dst id="IPLSng">30926.1733333333</dst>
            <dst id="KSCYng">8298.768</dst>
            <dst id="LOSAng">30736.992</dst>
            <dst id="NYCMng">23180.256</dst>
            <dst id="SNVAng">6258.61333333333</dst>
            <dst id="STTLng">5506.552</dst>
            <dst id="WASHng">17919.1546666667</dst>
        </src>
        <src id="DNVRng">
            <dst id="ATLA-M5">107.018666666667</dst>
            <dst id="ATLAng">5606.68533333333</dst>
            <dst id="CHINng">32294.2213333333</dst>
            <dst id="DNVRng">9237.08</dst>
            <dst id="HSTNng">22688.0933333333</dst>
            <dst id="IPLSng">25124.8613333333</dst>
            <dst id="KSCYng">23461.936</dst>
            <dst id="LOSAng">14754.696</dst>
            <dst id="NYCMng">16228.6426666667</dst>
            <dst id="SNVAng">9371.904</dst>
            <dst id="STTLng">3012.17066666667</dst>
            <dst id="WASHng">34654.1013333333</dst>
        </src>
        <src id="HSTNng">
            <dst id="ATLA-M5">1638.41866666667</dst>
            <dst id="ATLAng">3026.232</dst>
            <dst id="CHINng">7696.87466666666</dst>
            <dst id="DNVRng">998.490666666666</dst>
            <dst id="HSTNng">17615.552</dst>
            <dst id="IPLSng">2125.576</dst>
            <dst id="KSCYng">957.016</dst>
            <dst id="LOSAng">1074.81333333333</dst>
            <dst id="NYCMng">1703.08</dst>
            <dst id="SNVAng">26.6666666666667</dst>
            <dst id="STTLng">496.213333333333</dst>
            <dst id="WASHng">3688.88</dst>
        </src>
        <src id="IPLSng">
            <dst id="ATLA-M5">0</dst>
            <dst id="ATLAng">11609.0133333333</dst>
            <dst id="CHINng">58638.7306666667</dst>
            <dst id="DNVRng">8031.77866666667</dst>
            <dst id="HSTNng">1320.13066666667</dst>
            <dst id="IPLSng">7606.82933333333</dst>
            <dst id="KSCYng">8021.23466666667</dst>
            <dst id="LOSAng">16871.7173333333</dst>
            <dst id="NYCMng">4077.19466666667</dst>
            <dst id="SNVAng">2324.48266666667</dst>
            <dst id="STTLng">10076.6426666667</dst>
            <dst id="WASHng">20329.24</dst>
        </src>
        <src id="KSCYng">
            <dst id="ATLA-M5">26.6666666666667</dst>
            <dst id="ATLAng">6187.57333333333</dst>
            <dst id="CHINng">11468.88</dst>
            <dst id="DNVRng">5266.86933333333</dst>
            <dst id="HSTNng">3590.144</dst>
            <dst id="IPLSng">10411.9013333333</dst>
            <dst id="KSCYng">10225.9253333333</dst>
            <dst id="LOSAng">2940.50133333333</dst>
            <dst id="NYCMng">2587.44</dst>
            <dst id="SNVAng">1942.784</dst>
            <dst id="STTLng">3403.64266666667</dst>
            <dst id="WASHng">13527.8266666667</dst>
        </src>
        <src id="LOSAng">
            <dst id="ATLA-M5">895.389333333333</dst>
            <dst id="ATLAng">14621.8026666667</dst>
            <dst id="CHINng">56923.5733333333</dst>
            <dst id="DNVRng">7160.61866666667</dst>
            <dst id="HSTNng">3059.864</dst>
            <dst id="IPLSng">30765.896</dst>
            <dst id="KSCYng">4678.312</dst>
            <dst id="LOSAng">9378.504</dst>
            <dst id="NYCMng">26405.336</dst>
            <dst id="SNVAng">32872.2346666667</dst>
            <dst id="STTLng">18179.256</dst>
            <dst id="WASHng">78783.696</dst>
        </src>
        <src id="NYCMng">
            <dst id="ATLA-M5">406.304</dst>
            <dst id="ATLAng">14968.0373333333</dst>
            <dst id="CHINng">24610.16</dst>
            <dst id="DNVRng">28520.4746666667</dst>
            <dst id="HSTNng">8363.272</dst>
            <dst id="IPLSng">10647.6453333333</dst>
            <dst id="KSCYng">15743</dst>
            <dst id="LOSAng">57288.2586666667</dst>
            <dst id="NYCMng">73544.5306666667</dst>
            <dst id="SNVAng">582.722666666667</dst>
            <dst id="STTLng">21182.616</dst>
            <dst id="WASHng">44829.7866666667</dst>
        </src>
        <src id="SNVAng">
            <dst id="ATLA-M5">0</dst>
            <dst id="ATLAng">40</dst>
            <dst id="CHINng">26.6666666666667</dst>
            <dst id="DNVRng">3222.66933333333</dst>
            <dst id="HSTNng">59.4346666666667</dst>
            <dst id="IPLSng">218.512</dst>
            <dst id="KSCYng">26.6666666666667</dst>
            <dst id="LOSAng">27578.272</dst>
            <dst id="NYCMng">53.3333333333333</dst>
            <dst id="SNVAng">6655.92</dst>
            <dst id="STTLng">36067.0293333333</dst>
            <dst id="WASHng">53.3333333333333</dst>
        </src>
        <src id="STTLng">
            <dst id="ATLA-M5">196.181333333333</dst>
            <dst id="ATLAng">8816.02666666667</dst>
            <dst id="CHINng">14696.9173333333</dst>
            <dst id="DNVRng">1020.48266666667</dst>
            <dst id="HSTNng">1020.53066666667</dst>
            <dst id="IPLSng">7337.02933333333</dst>
            <dst id="KSCYng">1423.57333333333</dst>
            <dst id="LOSAng">6910.39466666667</dst>
            <dst id="NYCMng">8861.86133333333</dst>
            <dst id="SNVAng">8388.87466666666</dst>
            <dst id="STTLng">776.112</dst>
            <dst id="WASHng">4751.63466666667</dst>
        </src>
        <src id="WASHng">
            <dst id="ATLA-M5">366.581333333333</dst>
            <dst id="ATLAng">46929.8026666667</dst>
            <dst id="CHINng">61488.0453333333</dst>
            <dst id="DNVRng">53587.456</dst>
            <dst id="HSTNng">13191.7253333333</dst>
            <dst id="IPLSng">42450.1893333333</dst>
            <dst id="KSCYng">29859.5413333333</dst>
            <dst id="LOSAng">112478.365333333</dst>
            <dst id="NYCMng">178787.842666667</dst>
            <dst id="SNVAng">1963.88533333333</dst>
            <dst id="STTLng">31188.8506666667</dst>
            <dst id="WASHng">168273.010666667</dst>
        </src>
    </IntraTM>
</TrafficMatrixFile>
