<?xml version="1.0" encoding="ISO-8859-1" standalone="yes"?>
<TrafficMatrixFile xsi:noNamespaceSchemaLocation="http://totem.run.montefiore.ulg.ac.be/Schema/TrafficMatrix-v1_2.xsd" xmlns:xsi="http://www.w3.org/2001/XMLSchema-instance">
    <IntraTM ASID="11537">
        <src id="ATLA-M5">
            <dst id="ATLA-M5">84.8426666666666</dst>
            <dst id="ATLAng">0</dst>
            <dst id="CHINng">53.3333333333333</dst>
            <dst id="DNVRng">0</dst>
            <dst id="HSTNng">125.653333333333</dst>
            <dst id="IPLSng">0</dst>
            <dst id="KSCYng">0</dst>
            <dst id="LOSAng">0</dst>
            <dst id="NYCMng">108.586666666667</dst>
            <dst id="SNVAng">0</dst>
            <dst id="STTLng">52.2613333333333</dst>
            <dst id="WASHng">26.6666666666667</dst>
        </src>
        <src id="ATLAng">
            <dst id="ATLA-M5">26.6666666666667</dst>
            <dst id="ATLAng">27760.7973333333</dst>
            <dst id="CHINng">3916.38666666667</dst>
            <dst id="DNVRng">2721.40533333333</dst>
            <dst id="HSTNng">365.464</dst>
            <dst id="IPLSng">21560.2186666667</dst>
            <dst id="KSCYng">414.992</dst>
            <dst id="LOSAng">11526.752</dst>
            <dst id="NYCMng">2483.36533333333</dst>
            <dst id="SNVAng">1492.72533333333</dst>
            <dst id="STTLng">6546.464</dst>
            <dst id="WASHng">25608.016</dst>
        </src>
        <src id="CHINng">
            <dst id="ATLA-M5">0</dst>
            <dst id="ATLAng">4968.86133333333</dst>
            <dst id="CHINng">51923.8266666667</dst>
            <dst id="DNVRng">9029.77066666667</dst>
            <dst id="HSTNng">14303.888</dst>
            <dst id="IPLSng">14619.232</dst>
            <dst id="KSCYng">4026.144</dst>
            <dst id="LOSAng">21108.816</dst>
            <dst id="NYCMng">21632.3013333333</dst>
            <dst id="SNVAng">1786.74133333333</dst>
            <dst id="STTLng">13187.2666666667</dst>
            <dst id="WASHng">11974.5386666667</dst>
        </src>
        <src id="DNVRng">
            <dst id="ATLA-M5">113.122666666667</dst>
            <dst id="ATLAng">1882.92266666667</dst>
            <dst id="CHINng">37672.4053333333</dst>
            <dst id="DNVRng">8755.96</dst>
            <dst id="HSTNng">21472.776</dst>
            <dst id="IPLSng">31171.2826666667</dst>
            <dst id="KSCYng">19441.1466666667</dst>
            <dst id="LOSAng">7998.34666666667</dst>
            <dst id="NYCMng">13295.7226666667</dst>
            <dst id="SNVAng">6429.94933333333</dst>
            <dst id="STTLng">3594.25333333333</dst>
            <dst id="WASHng">35730.296</dst>
        </src>
        <src id="HSTNng">
            <dst id="ATLA-M5">1906.46666666667</dst>
            <dst id="ATLAng">960.501333333333</dst>
            <dst id="CHINng">4967.67466666667</dst>
            <dst id="DNVRng">720.282666666667</dst>
            <dst id="HSTNng">18081.2213333333</dst>
            <dst id="IPLSng">709.837333333333</dst>
            <dst id="KSCYng">574.282666666667</dst>
            <dst id="LOSAng">1870.58133333333</dst>
            <dst id="NYCMng">1360.584</dst>
            <dst id="SNVAng">26.6666666666667</dst>
            <dst id="STTLng">441.802666666667</dst>
            <dst id="WASHng">1546.72</dst>
        </src>
        <src id="IPLSng">
            <dst id="ATLA-M5">0</dst>
            <dst id="ATLAng">19495.9173333333</dst>
            <dst id="CHINng">44343.584</dst>
            <dst id="DNVRng">12572.5093333333</dst>
            <dst id="HSTNng">3882.744</dst>
            <dst id="IPLSng">38465.4853333333</dst>
            <dst id="KSCYng">4968.936</dst>
            <dst id="LOSAng">12517.592</dst>
            <dst id="NYCMng">3867</dst>
            <dst id="SNVAng">158.768</dst>
            <dst id="STTLng">3756.19466666667</dst>
            <dst id="WASHng">19265.608</dst>
        </src>
        <src id="KSCYng">
            <dst id="ATLA-M5">26.6666666666667</dst>
            <dst id="ATLAng">3149.47466666667</dst>
            <dst id="CHINng">10068.0373333333</dst>
            <dst id="DNVRng">4626.29333333333</dst>
            <dst id="HSTNng">2624.16</dst>
            <dst id="IPLSng">10217.864</dst>
            <dst id="KSCYng">6653.088</dst>
            <dst id="LOSAng">3326.14933333333</dst>
            <dst id="NYCMng">1178.79733333333</dst>
            <dst id="SNVAng">1852.42666666667</dst>
            <dst id="STTLng">699.266666666667</dst>
            <dst id="WASHng">7693.824</dst>
        </src>
        <src id="LOSAng">
            <dst id="ATLA-M5">0</dst>
            <dst id="ATLAng">12037.704</dst>
            <dst id="CHINng">53414.7573333333</dst>
            <dst id="DNVRng">4119.76266666667</dst>
            <dst id="HSTNng">2257.19466666667</dst>
            <dst id="IPLSng">16671.584</dst>
            <dst id="KSCYng">3274.98133333333</dst>
            <dst id="LOSAng">10243.5173333333</dst>
            <dst id="NYCMng">17894.1786666667</dst>
            <dst id="SNVAng">21482.2106666667</dst>
            <dst id="STTLng">28355.8133333333</dst>
            <dst id="WASHng">101930.888</dst>
        </src>
        <src id="NYCMng">
            <dst id="ATLA-M5">26.6666666666667</dst>
            <dst id="ATLAng">5715.00266666667</dst>
            <dst id="CHINng">17988.8186666667</dst>
            <dst id="DNVRng">21903.344</dst>
            <dst id="HSTNng">2499.46133333333</dst>
            <dst id="IPLSng">16343.2906666667</dst>
            <dst id="KSCYng">4295.47733333333</dst>
            <dst id="LOSAng">50639.1893333333</dst>
            <dst id="NYCMng">55725.08</dst>
            <dst id="SNVAng">3283.968</dst>
            <dst id="STTLng">20443.208</dst>
            <dst id="WASHng">42838.0933333333</dst>
        </src>
        <src id="SNVAng">
            <dst id="ATLA-M5">0</dst>
            <dst id="ATLAng">26.6666666666667</dst>
            <dst id="CHINng">26.6666666666667</dst>
            <dst id="DNVRng">1795.36</dst>
            <dst id="HSTNng">0</dst>
            <dst id="IPLSng">200.093333333333</dst>
            <dst id="KSCYng">0</dst>
            <dst id="LOSAng">26414.2293333333</dst>
            <dst id="NYCMng">8255.37066666667</dst>
            <dst id="SNVAng">7656.32533333333</dst>
            <dst id="STTLng">36114.032</dst>
            <dst id="WASHng">0</dst>
        </src>
        <src id="STTLng">
            <dst id="ATLA-M5">83.0826666666667</dst>
            <dst id="ATLAng">5398.61333333333</dst>
            <dst id="CHINng">27302.6346666667</dst>
            <dst id="DNVRng">541.989333333333</dst>
            <dst id="HSTNng">524.621333333333</dst>
            <dst id="IPLSng">4265.33866666667</dst>
            <dst id="KSCYng">1406.56266666667</dst>
            <dst id="LOSAng">11941.1093333333</dst>
            <dst id="NYCMng">7805.00266666667</dst>
            <dst id="SNVAng">7767.08533333333</dst>
            <dst id="STTLng">817.546666666667</dst>
            <dst id="WASHng">3657.672</dst>
        </src>
        <src id="WASHng">
            <dst id="ATLA-M5">346.432</dst>
            <dst id="ATLAng">98374.9066666666</dst>
            <dst id="CHINng">86563.5333333333</dst>
            <dst id="DNVRng">42602.3813333333</dst>
            <dst id="HSTNng">25814.5493333333</dst>
            <dst id="IPLSng">75316.4933333333</dst>
            <dst id="KSCYng">28570.0293333333</dst>
            <dst id="LOSAng">92659.592</dst>
            <dst id="NYCMng">146468.517333333</dst>
            <dst id="SNVAng">1042.95466666667</dst>
            <dst id="STTLng">26227.912</dst>
            <dst id="WASHng">209968.362666667</dst>
        </src>
    </IntraTM>
</TrafficMatrixFile>
