<?xml version="1.0" encoding="ISO-8859-1" standalone="yes"?>
<TrafficMatrixFile xsi:noNamespaceSchemaLocation="http://totem.run.montefiore.ulg.ac.be/Schema/TrafficMatrix-v1_2.xsd" xmlns:xsi="http://www.w3.org/2001/XMLSchema-instance">
    <IntraTM ASID="11537">
        <src id="ATLA-M5">
            <dst id="ATLA-M5">26.6666666666667</dst>
            <dst id="ATLAng">382.485333333333</dst>
            <dst id="CHINng">234.693333333333</dst>
            <dst id="DNVRng">0</dst>
            <dst id="HSTNng">302.930666666667</dst>
            <dst id="IPLSng">26.6666666666667</dst>
            <dst id="KSCYng">57.0186666666667</dst>
            <dst id="LOSAng">27.9733333333333</dst>
            <dst id="NYCMng">80</dst>
            <dst id="SNVAng">26.6666666666667</dst>
            <dst id="STTLng">26.6666666666667</dst>
            <dst id="WASHng">574.333333333333</dst>
        </src>
        <src id="ATLAng">
            <dst id="ATLA-M5">193.306666666667</dst>
            <dst id="ATLAng">26086.456</dst>
            <dst id="CHINng">6303.26133333333</dst>
            <dst id="DNVRng">4034.37066666667</dst>
            <dst id="HSTNng">1645.896</dst>
            <dst id="IPLSng">20315.2746666667</dst>
            <dst id="KSCYng">926.578666666667</dst>
            <dst id="LOSAng">5479.71466666667</dst>
            <dst id="NYCMng">9358.36266666667</dst>
            <dst id="SNVAng">4982.88</dst>
            <dst id="STTLng">1921.26933333333</dst>
            <dst id="WASHng">70799.4826666666</dst>
        </src>
        <src id="CHINng">
            <dst id="ATLA-M5">551.869333333333</dst>
            <dst id="ATLAng">10217.5333333333</dst>
            <dst id="CHINng">74575.0106666667</dst>
            <dst id="DNVRng">3908.45066666667</dst>
            <dst id="HSTNng">5807.29333333333</dst>
            <dst id="IPLSng">17375.7653333333</dst>
            <dst id="KSCYng">6955.056</dst>
            <dst id="LOSAng">6312.18933333333</dst>
            <dst id="NYCMng">8715.704</dst>
            <dst id="SNVAng">22927.448</dst>
            <dst id="STTLng">6721.57866666667</dst>
            <dst id="WASHng">14595.6026666667</dst>
        </src>
        <src id="DNVRng">
            <dst id="ATLA-M5">134.637333333333</dst>
            <dst id="ATLAng">12305.576</dst>
            <dst id="CHINng">57393.0133333333</dst>
            <dst id="DNVRng">6980.30933333333</dst>
            <dst id="HSTNng">21190.6773333333</dst>
            <dst id="IPLSng">26854.6613333333</dst>
            <dst id="KSCYng">20032.5306666667</dst>
            <dst id="LOSAng">1033.28533333333</dst>
            <dst id="NYCMng">15541.4106666667</dst>
            <dst id="SNVAng">20062.4293333333</dst>
            <dst id="STTLng">4091.14933333333</dst>
            <dst id="WASHng">55762.2933333333</dst>
        </src>
        <src id="HSTNng">
            <dst id="ATLA-M5">1861.05866666667</dst>
            <dst id="ATLAng">18225.3866666667</dst>
            <dst id="CHINng">10894.6826666667</dst>
            <dst id="DNVRng">815.245333333333</dst>
            <dst id="HSTNng">17665.1173333333</dst>
            <dst id="IPLSng">10093.1333333333</dst>
            <dst id="KSCYng">1132.25066666667</dst>
            <dst id="LOSAng">1168.544</dst>
            <dst id="NYCMng">4388.54933333333</dst>
            <dst id="SNVAng">723.469333333333</dst>
            <dst id="STTLng">948.770666666667</dst>
            <dst id="WASHng">8278.032</dst>
        </src>
        <src id="IPLSng">
            <dst id="ATLA-M5">26.6666666666667</dst>
            <dst id="ATLAng">6705.46133333333</dst>
            <dst id="CHINng">59309.992</dst>
            <dst id="DNVRng">5118.67733333333</dst>
            <dst id="HSTNng">1341.64266666667</dst>
            <dst id="IPLSng">22920.016</dst>
            <dst id="KSCYng">2636.136</dst>
            <dst id="LOSAng">6578.41066666667</dst>
            <dst id="NYCMng">15489.528</dst>
            <dst id="SNVAng">6023.944</dst>
            <dst id="STTLng">11740.4293333333</dst>
            <dst id="WASHng">30168.4106666667</dst>
        </src>
        <src id="KSCYng">
            <dst id="ATLA-M5">33.664</dst>
            <dst id="ATLAng">3060.37333333333</dst>
            <dst id="CHINng">19893.7813333333</dst>
            <dst id="DNVRng">3839.48266666667</dst>
            <dst id="HSTNng">3378.312</dst>
            <dst id="IPLSng">16606.2186666667</dst>
            <dst id="KSCYng">8111.21066666667</dst>
            <dst id="LOSAng">963.738666666667</dst>
            <dst id="NYCMng">1550.31733333333</dst>
            <dst id="SNVAng">5552.696</dst>
            <dst id="STTLng">555.608</dst>
            <dst id="WASHng">6974.752</dst>
        </src>
        <src id="LOSAng">
            <dst id="ATLA-M5">53.3333333333333</dst>
            <dst id="ATLAng">40033.4133333333</dst>
            <dst id="CHINng">112820.536</dst>
            <dst id="DNVRng">6631.34133333333</dst>
            <dst id="HSTNng">2757.67733333333</dst>
            <dst id="IPLSng">21640.9146666667</dst>
            <dst id="KSCYng">1304.38133333333</dst>
            <dst id="LOSAng">16580.8453333333</dst>
            <dst id="NYCMng">28989.7493333333</dst>
            <dst id="SNVAng">22002.304</dst>
            <dst id="STTLng">24494.5706666667</dst>
            <dst id="WASHng">81547.232</dst>
        </src>
        <src id="NYCMng">
            <dst id="ATLA-M5">315.858666666667</dst>
            <dst id="ATLAng">16841.4266666667</dst>
            <dst id="CHINng">24826.3093333333</dst>
            <dst id="DNVRng">21721.96</dst>
            <dst id="HSTNng">4210.4</dst>
            <dst id="IPLSng">16293.7866666667</dst>
            <dst id="KSCYng">3475.00533333333</dst>
            <dst id="LOSAng">6621.896</dst>
            <dst id="NYCMng">99313.9813333333</dst>
            <dst id="SNVAng">39567.5786666667</dst>
            <dst id="STTLng">17322.4933333333</dst>
            <dst id="WASHng">51004.9946666667</dst>
        </src>
        <src id="SNVAng">
            <dst id="ATLA-M5">0</dst>
            <dst id="ATLAng">65.8773333333333</dst>
            <dst id="CHINng">0</dst>
            <dst id="DNVRng">944.477333333333</dst>
            <dst id="HSTNng">373.554666666667</dst>
            <dst id="IPLSng">327.968</dst>
            <dst id="KSCYng">0</dst>
            <dst id="LOSAng">2041.336</dst>
            <dst id="NYCMng">68.176</dst>
            <dst id="SNVAng">37396.1706666667</dst>
            <dst id="STTLng">36993.9653333333</dst>
            <dst id="WASHng">186.666666666667</dst>
        </src>
        <src id="STTLng">
            <dst id="ATLA-M5">26.6666666666667</dst>
            <dst id="ATLAng">9074.96533333333</dst>
            <dst id="CHINng">24482.088</dst>
            <dst id="DNVRng">3479.24</dst>
            <dst id="HSTNng">4352.232</dst>
            <dst id="IPLSng">10684.6746666667</dst>
            <dst id="KSCYng">2221.06133333333</dst>
            <dst id="LOSAng">3407.69333333333</dst>
            <dst id="NYCMng">11021.184</dst>
            <dst id="SNVAng">12017.8613333333</dst>
            <dst id="STTLng">1738.98133333333</dst>
            <dst id="WASHng">91406.1466666667</dst>
        </src>
        <src id="WASHng">
            <dst id="ATLA-M5">414.757333333333</dst>
            <dst id="ATLAng">106909.493333333</dst>
            <dst id="CHINng">68665.8746666667</dst>
            <dst id="DNVRng">31862.848</dst>
            <dst id="HSTNng">19949.04</dst>
            <dst id="IPLSng">28920.8506666667</dst>
            <dst id="KSCYng">31355.5653333333</dst>
            <dst id="LOSAng">68800.608</dst>
            <dst id="NYCMng">123503.744</dst>
            <dst id="SNVAng">38754.64</dst>
            <dst id="STTLng">25656.3493333333</dst>
            <dst id="WASHng">298901.626666667</dst>
        </src>
    </IntraTM>
</TrafficMatrixFile>
