<?xml version="1.0" encoding="ISO-8859-1" standalone="yes"?>
<TrafficMatrixFile xsi:noNamespaceSchemaLocation="http://totem.run.montefiore.ulg.ac.be/Schema/TrafficMatrix-v1_2.xsd" xmlns:xsi="http://www.w3.org/2001/XMLSchema-instance">
    <IntraTM ASID="11537">
        <src id="ATLA-M5">
            <dst id="ATLA-M5">0</dst>
            <dst id="ATLAng">26.6666666666667</dst>
            <dst id="CHINng">614.282666666667</dst>
            <dst id="DNVRng">0</dst>
            <dst id="HSTNng">67.4133333333333</dst>
            <dst id="IPLSng">0</dst>
            <dst id="KSCYng">0</dst>
            <dst id="LOSAng">0</dst>
            <dst id="NYCMng">81.4026666666667</dst>
            <dst id="SNVAng">214.354666666667</dst>
            <dst id="STTLng">60.944</dst>
            <dst id="WASHng">356.456</dst>
        </src>
        <src id="ATLAng">
            <dst id="ATLA-M5">131.090666666667</dst>
            <dst id="ATLAng">18144.1946666667</dst>
            <dst id="CHINng">5208.66666666667</dst>
            <dst id="DNVRng">6055.47733333333</dst>
            <dst id="HSTNng">457.506666666667</dst>
            <dst id="IPLSng">8450.84266666667</dst>
            <dst id="KSCYng">872.157333333333</dst>
            <dst id="LOSAng">2952.27466666667</dst>
            <dst id="NYCMng">1300.776</dst>
            <dst id="SNVAng">80</dst>
            <dst id="STTLng">1408.40266666667</dst>
            <dst id="WASHng">31400.5546666667</dst>
        </src>
        <src id="CHINng">
            <dst id="ATLA-M5">196.434666666667</dst>
            <dst id="ATLAng">13996.7386666667</dst>
            <dst id="CHINng">61760.2746666667</dst>
            <dst id="DNVRng">4127.26666666667</dst>
            <dst id="HSTNng">6392.36</dst>
            <dst id="IPLSng">51159.8293333333</dst>
            <dst id="KSCYng">7775.22666666667</dst>
            <dst id="LOSAng">23178.8</dst>
            <dst id="NYCMng">22542.6533333333</dst>
            <dst id="SNVAng">232.04</dst>
            <dst id="STTLng">5665.456</dst>
            <dst id="WASHng">18941.5093333333</dst>
        </src>
        <src id="DNVRng">
            <dst id="ATLA-M5">121.76</dst>
            <dst id="ATLAng">5568.59466666667</dst>
            <dst id="CHINng">42339.664</dst>
            <dst id="DNVRng">2535.87733333333</dst>
            <dst id="HSTNng">18072.888</dst>
            <dst id="IPLSng">31572.9733333333</dst>
            <dst id="KSCYng">12307.2826666667</dst>
            <dst id="LOSAng">4802.216</dst>
            <dst id="NYCMng">12233.0933333333</dst>
            <dst id="SNVAng">4125.43733333333</dst>
            <dst id="STTLng">7855.06133333333</dst>
            <dst id="WASHng">30601.6906666667</dst>
        </src>
        <src id="HSTNng">
            <dst id="ATLA-M5">3476.73866666667</dst>
            <dst id="ATLAng">2411.25866666667</dst>
            <dst id="CHINng">6559.45866666667</dst>
            <dst id="DNVRng">894.021333333333</dst>
            <dst id="HSTNng">15637.1306666667</dst>
            <dst id="IPLSng">1660.16</dst>
            <dst id="KSCYng">2236.664</dst>
            <dst id="LOSAng">1630.98933333333</dst>
            <dst id="NYCMng">2349.74933333333</dst>
            <dst id="SNVAng">0</dst>
            <dst id="STTLng">378.928</dst>
            <dst id="WASHng">12969.9866666667</dst>
        </src>
        <src id="IPLSng">
            <dst id="ATLA-M5">354.272</dst>
            <dst id="ATLAng">9682.47466666667</dst>
            <dst id="CHINng">25052.496</dst>
            <dst id="DNVRng">6711.92266666667</dst>
            <dst id="HSTNng">4019.63466666667</dst>
            <dst id="IPLSng">4143.984</dst>
            <dst id="KSCYng">1990.87466666667</dst>
            <dst id="LOSAng">5113.54666666667</dst>
            <dst id="NYCMng">8253.35466666667</dst>
            <dst id="SNVAng">666.714666666667</dst>
            <dst id="STTLng">4579.64266666667</dst>
            <dst id="WASHng">13696.2506666667</dst>
        </src>
        <src id="KSCYng">
            <dst id="ATLA-M5">0</dst>
            <dst id="ATLAng">3965.272</dst>
            <dst id="CHINng">8595.81066666667</dst>
            <dst id="DNVRng">4329.05866666667</dst>
            <dst id="HSTNng">15103.36</dst>
            <dst id="IPLSng">8349.53866666667</dst>
            <dst id="KSCYng">9796.30933333333</dst>
            <dst id="LOSAng">2881.90666666667</dst>
            <dst id="NYCMng">626.013333333333</dst>
            <dst id="SNVAng">2050.176</dst>
            <dst id="STTLng">335.845333333333</dst>
            <dst id="WASHng">9018.53066666667</dst>
        </src>
        <src id="LOSAng">
            <dst id="ATLA-M5">88.6346666666667</dst>
            <dst id="ATLAng">25179.4666666667</dst>
            <dst id="CHINng">43798.768</dst>
            <dst id="DNVRng">7279.23733333333</dst>
            <dst id="HSTNng">14456.7573333333</dst>
            <dst id="IPLSng">9945.83733333333</dst>
            <dst id="KSCYng">2730.67733333333</dst>
            <dst id="LOSAng">9708.37066666667</dst>
            <dst id="NYCMng">19468.68</dst>
            <dst id="SNVAng">17570.6106666667</dst>
            <dst id="STTLng">51217.896</dst>
            <dst id="WASHng">48338.7306666667</dst>
        </src>
        <src id="NYCMng">
            <dst id="ATLA-M5">468.701333333333</dst>
            <dst id="ATLAng">21482.184</dst>
            <dst id="CHINng">14466.848</dst>
            <dst id="DNVRng">19992.7493333333</dst>
            <dst id="HSTNng">2636.30133333333</dst>
            <dst id="IPLSng">19801.5466666667</dst>
            <dst id="KSCYng">10722.9013333333</dst>
            <dst id="LOSAng">51765.2293333333</dst>
            <dst id="NYCMng">60690.056</dst>
            <dst id="SNVAng">1214.92533333333</dst>
            <dst id="STTLng">15848.4213333333</dst>
            <dst id="WASHng">37938.2453333333</dst>
        </src>
        <src id="SNVAng">
            <dst id="ATLA-M5">0</dst>
            <dst id="ATLAng">26.6666666666667</dst>
            <dst id="CHINng">80</dst>
            <dst id="DNVRng">2283.2</dst>
            <dst id="HSTNng">0</dst>
            <dst id="IPLSng">259.810666666667</dst>
            <dst id="KSCYng">0</dst>
            <dst id="LOSAng">29640.2266666667</dst>
            <dst id="NYCMng">53.3333333333333</dst>
            <dst id="SNVAng">6740.06666666667</dst>
            <dst id="STTLng">35039.2373333333</dst>
            <dst id="WASHng">0</dst>
        </src>
        <src id="STTLng">
            <dst id="ATLA-M5">152.661333333333</dst>
            <dst id="ATLAng">7901.38133333333</dst>
            <dst id="CHINng">11857.3493333333</dst>
            <dst id="DNVRng">3534.77866666667</dst>
            <dst id="HSTNng">532.314666666667</dst>
            <dst id="IPLSng">5716.68</dst>
            <dst id="KSCYng">1628.66133333333</dst>
            <dst id="LOSAng">9201.93866666667</dst>
            <dst id="NYCMng">10042.504</dst>
            <dst id="SNVAng">8384.992</dst>
            <dst id="STTLng">3292.01866666667</dst>
            <dst id="WASHng">5516.864</dst>
        </src>
        <src id="WASHng">
            <dst id="ATLA-M5">7472.104</dst>
            <dst id="ATLAng">82165.072</dst>
            <dst id="CHINng">88027.5813333333</dst>
            <dst id="DNVRng">56481.5013333333</dst>
            <dst id="HSTNng">7533.048</dst>
            <dst id="IPLSng">62960.6533333333</dst>
            <dst id="KSCYng">23250.6266666667</dst>
            <dst id="LOSAng">88631.376</dst>
            <dst id="NYCMng">115270.098666667</dst>
            <dst id="SNVAng">571.141333333333</dst>
            <dst id="STTLng">16341.6506666667</dst>
            <dst id="WASHng">193272.642666667</dst>
        </src>
    </IntraTM>
</TrafficMatrixFile>
