<?xml version="1.0" encoding="ISO-8859-1" standalone="yes"?>
<TrafficMatrixFile xsi:noNamespaceSchemaLocation="http://totem.run.montefiore.ulg.ac.be/Schema/TrafficMatrix-v1_2.xsd" xmlns:xsi="http://www.w3.org/2001/XMLSchema-instance">
    <IntraTM ASID="11537">
        <src id="ATLA-M5">
            <dst id="ATLA-M5">0</dst>
            <dst id="ATLAng">26.6666666666667</dst>
            <dst id="CHINng">204.946666666667</dst>
            <dst id="DNVRng">0</dst>
            <dst id="HSTNng">83.144</dst>
            <dst id="IPLSng">109.653333333333</dst>
            <dst id="KSCYng">0</dst>
            <dst id="LOSAng">38.0853333333333</dst>
            <dst id="NYCMng">964.352</dst>
            <dst id="SNVAng">0</dst>
            <dst id="STTLng">98.752</dst>
            <dst id="WASHng">90.9973333333333</dst>
        </src>
        <src id="ATLAng">
            <dst id="ATLA-M5">41.2346666666667</dst>
            <dst id="ATLAng">22945.816</dst>
            <dst id="CHINng">4307.05066666667</dst>
            <dst id="DNVRng">2851.85066666667</dst>
            <dst id="HSTNng">378.848</dst>
            <dst id="IPLSng">10270.216</dst>
            <dst id="KSCYng">323.122666666667</dst>
            <dst id="LOSAng">16917.5253333333</dst>
            <dst id="NYCMng">4382.352</dst>
            <dst id="SNVAng">62.944</dst>
            <dst id="STTLng">3122.304</dst>
            <dst id="WASHng">43182.76</dst>
        </src>
        <src id="CHINng">
            <dst id="ATLA-M5">0</dst>
            <dst id="ATLAng">10364.9013333333</dst>
            <dst id="CHINng">43200.104</dst>
            <dst id="DNVRng">7872.59466666667</dst>
            <dst id="HSTNng">16880.872</dst>
            <dst id="IPLSng">16804.736</dst>
            <dst id="KSCYng">4599.97866666667</dst>
            <dst id="LOSAng">24557.7706666667</dst>
            <dst id="NYCMng">20331.2933333333</dst>
            <dst id="SNVAng">4762.976</dst>
            <dst id="STTLng">8471.05866666667</dst>
            <dst id="WASHng">14641.1866666667</dst>
        </src>
        <src id="DNVRng">
            <dst id="ATLA-M5">121.92</dst>
            <dst id="ATLAng">6479</dst>
            <dst id="CHINng">37285.0133333333</dst>
            <dst id="DNVRng">7555.264</dst>
            <dst id="HSTNng">19095.1386666667</dst>
            <dst id="IPLSng">27490.4533333333</dst>
            <dst id="KSCYng">19152.4773333333</dst>
            <dst id="LOSAng">3899.09866666667</dst>
            <dst id="NYCMng">13901.312</dst>
            <dst id="SNVAng">9937.776</dst>
            <dst id="STTLng">3581.38666666667</dst>
            <dst id="WASHng">34935.4586666667</dst>
        </src>
        <src id="HSTNng">
            <dst id="ATLA-M5">1627.52266666667</dst>
            <dst id="ATLAng">2283.13333333333</dst>
            <dst id="CHINng">7009.75733333333</dst>
            <dst id="DNVRng">878.568</dst>
            <dst id="HSTNng">16214.1413333333</dst>
            <dst id="IPLSng">3437.46666666667</dst>
            <dst id="KSCYng">663.712</dst>
            <dst id="LOSAng">2138.144</dst>
            <dst id="NYCMng">2262.08266666667</dst>
            <dst id="SNVAng">26.6666666666667</dst>
            <dst id="STTLng">816.608</dst>
            <dst id="WASHng">4612.91733333333</dst>
        </src>
        <src id="IPLSng">
            <dst id="ATLA-M5">0</dst>
            <dst id="ATLAng">7882.72266666667</dst>
            <dst id="CHINng">76358.344</dst>
            <dst id="DNVRng">7347.09333333333</dst>
            <dst id="HSTNng">1269.85333333333</dst>
            <dst id="IPLSng">26559.5066666667</dst>
            <dst id="KSCYng">1940.58933333333</dst>
            <dst id="LOSAng">19246.848</dst>
            <dst id="NYCMng">2588.072</dst>
            <dst id="SNVAng">296.845333333333</dst>
            <dst id="STTLng">7477.10133333333</dst>
            <dst id="WASHng">11494.8933333333</dst>
        </src>
        <src id="KSCYng">
            <dst id="ATLA-M5">0</dst>
            <dst id="ATLAng">2523.83466666667</dst>
            <dst id="CHINng">23650.3306666667</dst>
            <dst id="DNVRng">4792.464</dst>
            <dst id="HSTNng">2597.77333333333</dst>
            <dst id="IPLSng">14906.5946666667</dst>
            <dst id="KSCYng">11214.28</dst>
            <dst id="LOSAng">3274.35466666667</dst>
            <dst id="NYCMng">1208.29866666667</dst>
            <dst id="SNVAng">1975.08266666667</dst>
            <dst id="STTLng">784.594666666667</dst>
            <dst id="WASHng">8022.968</dst>
        </src>
        <src id="LOSAng">
            <dst id="ATLA-M5">26.6666666666667</dst>
            <dst id="ATLAng">8863.81866666666</dst>
            <dst id="CHINng">52223.7813333333</dst>
            <dst id="DNVRng">16553.88</dst>
            <dst id="HSTNng">1806.27733333333</dst>
            <dst id="IPLSng">9377.44</dst>
            <dst id="KSCYng">3451.57333333333</dst>
            <dst id="LOSAng">8242.776</dst>
            <dst id="NYCMng">19074.864</dst>
            <dst id="SNVAng">21390.1573333333</dst>
            <dst id="STTLng">25342.3733333333</dst>
            <dst id="WASHng">72275.24</dst>
        </src>
        <src id="NYCMng">
            <dst id="ATLA-M5">59.7546666666667</dst>
            <dst id="ATLAng">12858.3013333333</dst>
            <dst id="CHINng">25485.9706666667</dst>
            <dst id="DNVRng">18938.92</dst>
            <dst id="HSTNng">5732.944</dst>
            <dst id="IPLSng">20013.9893333333</dst>
            <dst id="KSCYng">4403.40533333333</dst>
            <dst id="LOSAng">57192.5306666667</dst>
            <dst id="NYCMng">72560.9973333333</dst>
            <dst id="SNVAng">2283.536</dst>
            <dst id="STTLng">12490.76</dst>
            <dst id="WASHng">31968.2186666667</dst>
        </src>
        <src id="SNVAng">
            <dst id="ATLA-M5">0</dst>
            <dst id="ATLAng">0</dst>
            <dst id="CHINng">80</dst>
            <dst id="DNVRng">1119.056</dst>
            <dst id="HSTNng">0</dst>
            <dst id="IPLSng">242.754666666667</dst>
            <dst id="KSCYng">26.6666666666667</dst>
            <dst id="LOSAng">30327.9893333333</dst>
            <dst id="NYCMng">0</dst>
            <dst id="SNVAng">6253.688</dst>
            <dst id="STTLng">32489.088</dst>
            <dst id="WASHng">44</dst>
        </src>
        <src id="STTLng">
            <dst id="ATLA-M5">136.090666666667</dst>
            <dst id="ATLAng">6292.544</dst>
            <dst id="CHINng">13307.256</dst>
            <dst id="DNVRng">505.896</dst>
            <dst id="HSTNng">429.976</dst>
            <dst id="IPLSng">5509.632</dst>
            <dst id="KSCYng">917.306666666667</dst>
            <dst id="LOSAng">8801.87466666667</dst>
            <dst id="NYCMng">8781.31466666667</dst>
            <dst id="SNVAng">13471.8826666667</dst>
            <dst id="STTLng">1370.37866666667</dst>
            <dst id="WASHng">5402.656</dst>
        </src>
        <src id="WASHng">
            <dst id="ATLA-M5">308.096</dst>
            <dst id="ATLAng">73747.6293333333</dst>
            <dst id="CHINng">38827.272</dst>
            <dst id="DNVRng">39618.0133333333</dst>
            <dst id="HSTNng">8323.08533333333</dst>
            <dst id="IPLSng">49066.224</dst>
            <dst id="KSCYng">27660.1946666667</dst>
            <dst id="LOSAng">106057.077333333</dst>
            <dst id="NYCMng">114408.741333333</dst>
            <dst id="SNVAng">388.530666666667</dst>
            <dst id="STTLng">26007.1306666667</dst>
            <dst id="WASHng">228434.128</dst>
        </src>
    </IntraTM>
</TrafficMatrixFile>
