<?xml version="1.0" encoding="ISO-8859-1" standalone="yes"?>
<TrafficMatrixFile xsi:noNamespaceSchemaLocation="http://totem.run.montefiore.ulg.ac.be/Schema/TrafficMatrix-v1_2.xsd" xmlns:xsi="http://www.w3.org/2001/XMLSchema-instance">
    <IntraTM ASID="11537">
        <src id="ATLA-M5">
            <dst id="ATLA-M5">26.6666666666667</dst>
            <dst id="ATLAng">106.666666666667</dst>
            <dst id="CHINng">85.3333333333333</dst>
            <dst id="DNVRng">0</dst>
            <dst id="HSTNng">102.248</dst>
            <dst id="IPLSng">172.544</dst>
            <dst id="KSCYng">0</dst>
            <dst id="LOSAng">62.7733333333333</dst>
            <dst id="NYCMng">170.797333333333</dst>
            <dst id="SNVAng">0</dst>
            <dst id="STTLng">26.6666666666667</dst>
            <dst id="WASHng">140.869333333333</dst>
        </src>
        <src id="ATLAng">
            <dst id="ATLA-M5">41.424</dst>
            <dst id="ATLAng">48691.024</dst>
            <dst id="CHINng">10027.5706666667</dst>
            <dst id="DNVRng">2910.104</dst>
            <dst id="HSTNng">77167.1706666667</dst>
            <dst id="IPLSng">16243.28</dst>
            <dst id="KSCYng">465.792</dst>
            <dst id="LOSAng">12976.7573333333</dst>
            <dst id="NYCMng">4063.87733333333</dst>
            <dst id="SNVAng">40</dst>
            <dst id="STTLng">3824.70666666667</dst>
            <dst id="WASHng">45245.7333333333</dst>
        </src>
        <src id="CHINng">
            <dst id="ATLA-M5">1579.51466666667</dst>
            <dst id="ATLAng">19963.8426666667</dst>
            <dst id="CHINng">87091.0746666667</dst>
            <dst id="DNVRng">8719.72533333333</dst>
            <dst id="HSTNng">7321.49866666667</dst>
            <dst id="IPLSng">110997.504</dst>
            <dst id="KSCYng">9521.62666666667</dst>
            <dst id="LOSAng">26788.6746666667</dst>
            <dst id="NYCMng">10607.4293333333</dst>
            <dst id="SNVAng">2246.71733333333</dst>
            <dst id="STTLng">12845.6666666667</dst>
            <dst id="WASHng">15212.9413333333</dst>
        </src>
        <src id="DNVRng">
            <dst id="ATLA-M5">376.8</dst>
            <dst id="ATLAng">3463.40266666667</dst>
            <dst id="CHINng">43070.8293333333</dst>
            <dst id="DNVRng">14480.6906666667</dst>
            <dst id="HSTNng">22345.736</dst>
            <dst id="IPLSng">32578.552</dst>
            <dst id="KSCYng">20878.2533333333</dst>
            <dst id="LOSAng">39318.9386666667</dst>
            <dst id="NYCMng">14730.624</dst>
            <dst id="SNVAng">8221.312</dst>
            <dst id="STTLng">5262.95733333333</dst>
            <dst id="WASHng">39416.232</dst>
        </src>
        <src id="HSTNng">
            <dst id="ATLA-M5">119.850666666667</dst>
            <dst id="ATLAng">2585.28</dst>
            <dst id="CHINng">10576.2213333333</dst>
            <dst id="DNVRng">2852.80266666667</dst>
            <dst id="HSTNng">14131.5573333333</dst>
            <dst id="IPLSng">2737.344</dst>
            <dst id="KSCYng">1712.73333333333</dst>
            <dst id="LOSAng">1160.80266666667</dst>
            <dst id="NYCMng">4204.20533333333</dst>
            <dst id="SNVAng">27.1893333333333</dst>
            <dst id="STTLng">722.784</dst>
            <dst id="WASHng">5474.55733333333</dst>
        </src>
        <src id="IPLSng">
            <dst id="ATLA-M5">120.677333333333</dst>
            <dst id="ATLAng">5101.416</dst>
            <dst id="CHINng">53675.352</dst>
            <dst id="DNVRng">5805.472</dst>
            <dst id="HSTNng">2258.04533333333</dst>
            <dst id="IPLSng">27697.7066666667</dst>
            <dst id="KSCYng">3424.00266666667</dst>
            <dst id="LOSAng">11505.928</dst>
            <dst id="NYCMng">14008.4186666667</dst>
            <dst id="SNVAng">638.592</dst>
            <dst id="STTLng">8212.38133333333</dst>
            <dst id="WASHng">24022.0826666667</dst>
        </src>
        <src id="KSCYng">
            <dst id="ATLA-M5">26.6666666666667</dst>
            <dst id="ATLAng">3920.82933333333</dst>
            <dst id="CHINng">8142.17333333333</dst>
            <dst id="DNVRng">15826.224</dst>
            <dst id="HSTNng">5591.62133333333</dst>
            <dst id="IPLSng">22032.032</dst>
            <dst id="KSCYng">12231.1386666667</dst>
            <dst id="LOSAng">3629.816</dst>
            <dst id="NYCMng">1649.50666666667</dst>
            <dst id="SNVAng">2397.38666666667</dst>
            <dst id="STTLng">1927.44</dst>
            <dst id="WASHng">11580.296</dst>
        </src>
        <src id="LOSAng">
            <dst id="ATLA-M5">418.765333333333</dst>
            <dst id="ATLAng">32819.1333333333</dst>
            <dst id="CHINng">54078.7013333333</dst>
            <dst id="DNVRng">6182.38666666667</dst>
            <dst id="HSTNng">1981.03733333333</dst>
            <dst id="IPLSng">19636.9573333333</dst>
            <dst id="KSCYng">3012.92533333333</dst>
            <dst id="LOSAng">5994.736</dst>
            <dst id="NYCMng">23027.6506666667</dst>
            <dst id="SNVAng">22336.4933333333</dst>
            <dst id="STTLng">17625.696</dst>
            <dst id="WASHng">92006.5546666666</dst>
        </src>
        <src id="NYCMng">
            <dst id="ATLA-M5">1014.06133333333</dst>
            <dst id="ATLAng">11702.3173333333</dst>
            <dst id="CHINng">24329.8133333333</dst>
            <dst id="DNVRng">26138.0986666667</dst>
            <dst id="HSTNng">6557.93066666667</dst>
            <dst id="IPLSng">25475.8</dst>
            <dst id="KSCYng">4189.18933333333</dst>
            <dst id="LOSAng">52118.448</dst>
            <dst id="NYCMng">164763.173333333</dst>
            <dst id="SNVAng">843.392</dst>
            <dst id="STTLng">28630.368</dst>
            <dst id="WASHng">35237.472</dst>
        </src>
        <src id="SNVAng">
            <dst id="ATLA-M5">0</dst>
            <dst id="ATLAng">53.3333333333333</dst>
            <dst id="CHINng">120.792</dst>
            <dst id="DNVRng">1350.39466666667</dst>
            <dst id="HSTNng">0</dst>
            <dst id="IPLSng">3923.88533333333</dst>
            <dst id="KSCYng">0</dst>
            <dst id="LOSAng">29277.1173333333</dst>
            <dst id="NYCMng">65.568</dst>
            <dst id="SNVAng">7130.24266666667</dst>
            <dst id="STTLng">37680.7706666667</dst>
            <dst id="WASHng">137.165333333333</dst>
        </src>
        <src id="STTLng">
            <dst id="ATLA-M5">0</dst>
            <dst id="ATLAng">8426.13866666667</dst>
            <dst id="CHINng">23433.1386666667</dst>
            <dst id="DNVRng">2216.25866666667</dst>
            <dst id="HSTNng">969.085333333333</dst>
            <dst id="IPLSng">6385.79466666667</dst>
            <dst id="KSCYng">5265.25066666666</dst>
            <dst id="LOSAng">13905.4426666667</dst>
            <dst id="NYCMng">10484.9173333333</dst>
            <dst id="SNVAng">7652.16266666667</dst>
            <dst id="STTLng">1353.68533333333</dst>
            <dst id="WASHng">8017.90933333333</dst>
        </src>
        <src id="WASHng">
            <dst id="ATLA-M5">110.506666666667</dst>
            <dst id="ATLAng">54538.0773333333</dst>
            <dst id="CHINng">53731.432</dst>
            <dst id="DNVRng">58784.72</dst>
            <dst id="HSTNng">22045.712</dst>
            <dst id="IPLSng">71540.1866666667</dst>
            <dst id="KSCYng">33614.728</dst>
            <dst id="LOSAng">119798.802666667</dst>
            <dst id="NYCMng">143720.336</dst>
            <dst id="SNVAng">2310.88</dst>
            <dst id="STTLng">23873.664</dst>
            <dst id="WASHng">174680.109333333</dst>
        </src>
    </IntraTM>
</TrafficMatrixFile>
