<?xml version="1.0" encoding="ISO-8859-1" standalone="yes"?>
<TrafficMatrixFile xsi:noNamespaceSchemaLocation="http://totem.run.montefiore.ulg.ac.be/Schema/TrafficMatrix-v1_2.xsd" xmlns:xsi="http://www.w3.org/2001/XMLSchema-instance">
    <IntraTM ASID="11537">
        <src id="ATLA-M5">
            <dst id="ATLA-M5">80.6506666666667</dst>
            <dst id="ATLAng">0</dst>
            <dst id="CHINng">332.893333333333</dst>
            <dst id="DNVRng">0</dst>
            <dst id="HSTNng">53.3333333333333</dst>
            <dst id="IPLSng">26.6666666666667</dst>
            <dst id="KSCYng">26.6666666666667</dst>
            <dst id="LOSAng">58.124</dst>
            <dst id="NYCMng">144.101333333333</dst>
            <dst id="SNVAng">31.4573333333333</dst>
            <dst id="STTLng">182.138666666667</dst>
            <dst id="WASHng">2326.456</dst>
        </src>
        <src id="ATLAng">
            <dst id="ATLA-M5">72.1146666666667</dst>
            <dst id="ATLAng">26136.144</dst>
            <dst id="CHINng">7420.408</dst>
            <dst id="DNVRng">3716.192</dst>
            <dst id="HSTNng">38355.6026666667</dst>
            <dst id="IPLSng">11837.888</dst>
            <dst id="KSCYng">2200.06933333333</dst>
            <dst id="LOSAng">14593.2346666667</dst>
            <dst id="NYCMng">3672.376</dst>
            <dst id="SNVAng">4778.29333333333</dst>
            <dst id="STTLng">4243.112</dst>
            <dst id="WASHng">18944.952</dst>
        </src>
        <src id="CHINng">
            <dst id="ATLA-M5">405.173333333333</dst>
            <dst id="ATLAng">10231.44</dst>
            <dst id="CHINng">71233.2453333333</dst>
            <dst id="DNVRng">6093.39733333333</dst>
            <dst id="HSTNng">7385.26133333333</dst>
            <dst id="IPLSng">17002.3066666667</dst>
            <dst id="KSCYng">13656.9253333333</dst>
            <dst id="LOSAng">3928.87466666667</dst>
            <dst id="NYCMng">15284.1333333333</dst>
            <dst id="SNVAng">22661.3546666667</dst>
            <dst id="STTLng">6465.30133333333</dst>
            <dst id="WASHng">13443.864</dst>
        </src>
        <src id="DNVRng">
            <dst id="ATLA-M5">252.224</dst>
            <dst id="ATLAng">3870.496</dst>
            <dst id="CHINng">47749.9946666667</dst>
            <dst id="DNVRng">13950.0933333333</dst>
            <dst id="HSTNng">23608.9013333333</dst>
            <dst id="IPLSng">27492.576</dst>
            <dst id="KSCYng">18320.488</dst>
            <dst id="LOSAng">7699.12266666667</dst>
            <dst id="NYCMng">15870.448</dst>
            <dst id="SNVAng">24307.0613333333</dst>
            <dst id="STTLng">8534.12</dst>
            <dst id="WASHng">37694.52</dst>
        </src>
        <src id="HSTNng">
            <dst id="ATLA-M5">70.7306666666667</dst>
            <dst id="ATLAng">15300.1253333333</dst>
            <dst id="CHINng">12074.08</dst>
            <dst id="DNVRng">1502.06666666667</dst>
            <dst id="HSTNng">13462.4266666667</dst>
            <dst id="IPLSng">1067.78133333333</dst>
            <dst id="KSCYng">1511.888</dst>
            <dst id="LOSAng">6405.66933333333</dst>
            <dst id="NYCMng">3111.67466666667</dst>
            <dst id="SNVAng">26.6666666666667</dst>
            <dst id="STTLng">808.368</dst>
            <dst id="WASHng">13319.16</dst>
        </src>
        <src id="IPLSng">
            <dst id="ATLA-M5">0</dst>
            <dst id="ATLAng">5977.264</dst>
            <dst id="CHINng">37347.536</dst>
            <dst id="DNVRng">7181.06933333333</dst>
            <dst id="HSTNng">6069.248</dst>
            <dst id="IPLSng">10517.9173333333</dst>
            <dst id="KSCYng">2733.43733333333</dst>
            <dst id="LOSAng">2475.08</dst>
            <dst id="NYCMng">5730.69333333333</dst>
            <dst id="SNVAng">8693.78133333333</dst>
            <dst id="STTLng">23316.4373333333</dst>
            <dst id="WASHng">7707.14133333333</dst>
        </src>
        <src id="KSCYng">
            <dst id="ATLA-M5">26.6666666666667</dst>
            <dst id="ATLAng">2975.192</dst>
            <dst id="CHINng">11803.312</dst>
            <dst id="DNVRng">6029.472</dst>
            <dst id="HSTNng">6095.05066666667</dst>
            <dst id="IPLSng">24789.088</dst>
            <dst id="KSCYng">19180.8826666667</dst>
            <dst id="LOSAng">425.528</dst>
            <dst id="NYCMng">1705.45066666667</dst>
            <dst id="SNVAng">10077.344</dst>
            <dst id="STTLng">1271</dst>
            <dst id="WASHng">8295.58666666667</dst>
        </src>
        <src id="LOSAng">
            <dst id="ATLA-M5">32.2346666666667</dst>
            <dst id="ATLAng">7479.05333333333</dst>
            <dst id="CHINng">49343.3093333334</dst>
            <dst id="DNVRng">9351.30133333333</dst>
            <dst id="HSTNng">3941.968</dst>
            <dst id="IPLSng">10679.5493333333</dst>
            <dst id="KSCYng">3184.98666666667</dst>
            <dst id="LOSAng">23611.8693333333</dst>
            <dst id="NYCMng">39718.44</dst>
            <dst id="SNVAng">23828.368</dst>
            <dst id="STTLng">17343.2906666667</dst>
            <dst id="WASHng">80201.008</dst>
        </src>
        <src id="NYCMng">
            <dst id="ATLA-M5">1106.304</dst>
            <dst id="ATLAng">21616.6133333333</dst>
            <dst id="CHINng">32422.5626666667</dst>
            <dst id="DNVRng">20902.368</dst>
            <dst id="HSTNng">11473.456</dst>
            <dst id="IPLSng">11359.008</dst>
            <dst id="KSCYng">5550.83733333333</dst>
            <dst id="LOSAng">14023.1146666667</dst>
            <dst id="NYCMng">168345.157333333</dst>
            <dst id="SNVAng">49406.5173333333</dst>
            <dst id="STTLng">32082.408</dst>
            <dst id="WASHng">45014.3226666667</dst>
        </src>
        <src id="SNVAng">
            <dst id="ATLA-M5">0</dst>
            <dst id="ATLAng">720.789333333334</dst>
            <dst id="CHINng">106.666666666667</dst>
            <dst id="DNVRng">3661.47733333333</dst>
            <dst id="HSTNng">0</dst>
            <dst id="IPLSng">292.168</dst>
            <dst id="KSCYng">26.6666666666667</dst>
            <dst id="LOSAng">2627.08533333333</dst>
            <dst id="NYCMng">163.909333333333</dst>
            <dst id="SNVAng">39739.8533333333</dst>
            <dst id="STTLng">37091.5493333333</dst>
            <dst id="WASHng">26.6666666666667</dst>
        </src>
        <src id="STTLng">
            <dst id="ATLA-M5">5471.98666666667</dst>
            <dst id="ATLAng">4981.42933333333</dst>
            <dst id="CHINng">18248.304</dst>
            <dst id="DNVRng">6235.20266666667</dst>
            <dst id="HSTNng">5136.65866666667</dst>
            <dst id="IPLSng">7563.608</dst>
            <dst id="KSCYng">5344.168</dst>
            <dst id="LOSAng">6802.672</dst>
            <dst id="NYCMng">15578.4026666667</dst>
            <dst id="SNVAng">26216.3973333333</dst>
            <dst id="STTLng">2745.21066666667</dst>
            <dst id="WASHng">4991.09333333333</dst>
        </src>
        <src id="WASHng">
            <dst id="ATLA-M5">246.242666666667</dst>
            <dst id="ATLAng">65763.9306666667</dst>
            <dst id="CHINng">96183.528</dst>
            <dst id="DNVRng">37081.7626666667</dst>
            <dst id="HSTNng">25890.5333333333</dst>
            <dst id="IPLSng">20854.4346666667</dst>
            <dst id="KSCYng">32059.0586666667</dst>
            <dst id="LOSAng">69874.776</dst>
            <dst id="NYCMng">162667.736</dst>
            <dst id="SNVAng">30757.888</dst>
            <dst id="STTLng">35791.9546666667</dst>
            <dst id="WASHng">275078.933333333</dst>
        </src>
    </IntraTM>
</TrafficMatrixFile>
