<?xml version="1.0" encoding="ISO-8859-1" standalone="yes"?>
<TrafficMatrixFile xsi:noNamespaceSchemaLocation="http://totem.run.montefiore.ulg.ac.be/Schema/TrafficMatrix-v1_2.xsd" xmlns:xsi="http://www.w3.org/2001/XMLSchema-instance">
    <IntraTM ASID="11537">
        <src id="ATLA-M5">
            <dst id="ATLA-M5">26.6666666666667</dst>
            <dst id="ATLAng">0</dst>
            <dst id="CHINng">26.9093333333333</dst>
            <dst id="DNVRng">0</dst>
            <dst id="HSTNng">53.3333333333333</dst>
            <dst id="IPLSng">0</dst>
            <dst id="KSCYng">53.3333333333333</dst>
            <dst id="LOSAng">53.3333333333333</dst>
            <dst id="NYCMng">705.490666666667</dst>
            <dst id="SNVAng">0</dst>
            <dst id="STTLng">53.3333333333333</dst>
            <dst id="WASHng">30.4213333333333</dst>
        </src>
        <src id="ATLAng">
            <dst id="ATLA-M5">196.592</dst>
            <dst id="ATLAng">23714.5173333333</dst>
            <dst id="CHINng">9743.488</dst>
            <dst id="DNVRng">2949.85333333333</dst>
            <dst id="HSTNng">82999.4346666667</dst>
            <dst id="IPLSng">16516.3706666667</dst>
            <dst id="KSCYng">1010.41333333333</dst>
            <dst id="LOSAng">13394.6013333333</dst>
            <dst id="NYCMng">1842.30933333333</dst>
            <dst id="SNVAng">67.2173333333333</dst>
            <dst id="STTLng">3929.72266666667</dst>
            <dst id="WASHng">43043.6106666667</dst>
        </src>
        <src id="CHINng">
            <dst id="ATLA-M5">42.392</dst>
            <dst id="ATLAng">22977.344</dst>
            <dst id="CHINng">57568.472</dst>
            <dst id="DNVRng">9718.56533333333</dst>
            <dst id="HSTNng">7082.81866666667</dst>
            <dst id="IPLSng">60263.6533333333</dst>
            <dst id="KSCYng">9392.33333333333</dst>
            <dst id="LOSAng">34460.2826666667</dst>
            <dst id="NYCMng">8105.29866666667</dst>
            <dst id="SNVAng">1105.21066666667</dst>
            <dst id="STTLng">9592.30666666667</dst>
            <dst id="WASHng">13048.1066666667</dst>
        </src>
        <src id="DNVRng">
            <dst id="ATLA-M5">231.946666666667</dst>
            <dst id="ATLAng">4276.448</dst>
            <dst id="CHINng">37424.784</dst>
            <dst id="DNVRng">14996.5493333333</dst>
            <dst id="HSTNng">24320.2693333333</dst>
            <dst id="IPLSng">28850.664</dst>
            <dst id="KSCYng">38072.992</dst>
            <dst id="LOSAng">41409.9973333333</dst>
            <dst id="NYCMng">67981.2693333333</dst>
            <dst id="SNVAng">9226.30133333333</dst>
            <dst id="STTLng">3081.44533333333</dst>
            <dst id="WASHng">40544.9333333333</dst>
        </src>
        <src id="HSTNng">
            <dst id="ATLA-M5">110.197333333333</dst>
            <dst id="ATLAng">3317.54133333333</dst>
            <dst id="CHINng">19557.7706666667</dst>
            <dst id="DNVRng">1220.256</dst>
            <dst id="HSTNng">15600.176</dst>
            <dst id="IPLSng">2759.29333333333</dst>
            <dst id="KSCYng">1638.12</dst>
            <dst id="LOSAng">2745.448</dst>
            <dst id="NYCMng">4363.69333333333</dst>
            <dst id="SNVAng">0</dst>
            <dst id="STTLng">1182.88266666667</dst>
            <dst id="WASHng">6242.408</dst>
        </src>
        <src id="IPLSng">
            <dst id="ATLA-M5">178.224</dst>
            <dst id="ATLAng">9657.74133333333</dst>
            <dst id="CHINng">55162.416</dst>
            <dst id="DNVRng">22019.1253333333</dst>
            <dst id="HSTNng">1922.61866666667</dst>
            <dst id="IPLSng">41382.872</dst>
            <dst id="KSCYng">4796.68533333333</dst>
            <dst id="LOSAng">19962.1946666667</dst>
            <dst id="NYCMng">15933.3493333333</dst>
            <dst id="SNVAng">581.84</dst>
            <dst id="STTLng">5830.728</dst>
            <dst id="WASHng">21324.064</dst>
        </src>
        <src id="KSCYng">
            <dst id="ATLA-M5">0</dst>
            <dst id="ATLAng">4261.84266666667</dst>
            <dst id="CHINng">10256.9733333333</dst>
            <dst id="DNVRng">5435.59733333333</dst>
            <dst id="HSTNng">6195.86933333333</dst>
            <dst id="IPLSng">10082.752</dst>
            <dst id="KSCYng">15471.7546666667</dst>
            <dst id="LOSAng">5695.256</dst>
            <dst id="NYCMng">2732.344</dst>
            <dst id="SNVAng">2138.02666666667</dst>
            <dst id="STTLng">2046.88266666667</dst>
            <dst id="WASHng">11752.8453333333</dst>
        </src>
        <src id="LOSAng">
            <dst id="ATLA-M5">0</dst>
            <dst id="ATLAng">21031.4213333333</dst>
            <dst id="CHINng">66575.6346666667</dst>
            <dst id="DNVRng">6425.50133333333</dst>
            <dst id="HSTNng">3129.31733333333</dst>
            <dst id="IPLSng">23416.3466666667</dst>
            <dst id="KSCYng">3745.82666666667</dst>
            <dst id="LOSAng">3023.176</dst>
            <dst id="NYCMng">24712.464</dst>
            <dst id="SNVAng">21983.7866666667</dst>
            <dst id="STTLng">17324.2</dst>
            <dst id="WASHng">88107.9893333333</dst>
        </src>
        <src id="NYCMng">
            <dst id="ATLA-M5">861.984</dst>
            <dst id="ATLAng">11611.1813333333</dst>
            <dst id="CHINng">31119.376</dst>
            <dst id="DNVRng">26271.3626666667</dst>
            <dst id="HSTNng">7561.26133333333</dst>
            <dst id="IPLSng">24314.632</dst>
            <dst id="KSCYng">4955.76</dst>
            <dst id="LOSAng">55308.096</dst>
            <dst id="NYCMng">132675.389333333</dst>
            <dst id="SNVAng">1162.93333333333</dst>
            <dst id="STTLng">27861.7866666667</dst>
            <dst id="WASHng">45852.384</dst>
        </src>
        <src id="SNVAng">
            <dst id="ATLA-M5">0</dst>
            <dst id="ATLAng">172.661333333333</dst>
            <dst id="CHINng">53.3333333333333</dst>
            <dst id="DNVRng">1668.36</dst>
            <dst id="HSTNng">0</dst>
            <dst id="IPLSng">223.706666666667</dst>
            <dst id="KSCYng">26.6666666666667</dst>
            <dst id="LOSAng">30476.1226666667</dst>
            <dst id="NYCMng">53.3333333333333</dst>
            <dst id="SNVAng">7439.13333333333</dst>
            <dst id="STTLng">37157.52</dst>
            <dst id="WASHng">80</dst>
        </src>
        <src id="STTLng">
            <dst id="ATLA-M5">63.2613333333333</dst>
            <dst id="ATLAng">7095.74666666667</dst>
            <dst id="CHINng">13947.4053333333</dst>
            <dst id="DNVRng">1528.33066666667</dst>
            <dst id="HSTNng">1257.92533333333</dst>
            <dst id="IPLSng">8433.37333333333</dst>
            <dst id="KSCYng">5061.11733333333</dst>
            <dst id="LOSAng">9357.99466666667</dst>
            <dst id="NYCMng">15033.792</dst>
            <dst id="SNVAng">8539.56</dst>
            <dst id="STTLng">648.077333333333</dst>
            <dst id="WASHng">9698.19466666667</dst>
        </src>
        <src id="WASHng">
            <dst id="ATLA-M5">106.666666666667</dst>
            <dst id="ATLAng">54898.2373333333</dst>
            <dst id="CHINng">58901.336</dst>
            <dst id="DNVRng">75703.3093333334</dst>
            <dst id="HSTNng">31012.7226666667</dst>
            <dst id="IPLSng">56843.9413333333</dst>
            <dst id="KSCYng">31781.4133333333</dst>
            <dst id="LOSAng">106171.056</dst>
            <dst id="NYCMng">156717.010666667</dst>
            <dst id="SNVAng">1769.73866666667</dst>
            <dst id="STTLng">27091.1786666667</dst>
            <dst id="WASHng">278247.386666667</dst>
        </src>
    </IntraTM>
</TrafficMatrixFile>
