<?xml version="1.0" encoding="ISO-8859-1" standalone="yes"?>
<TrafficMatrixFile xsi:noNamespaceSchemaLocation="http://totem.run.montefiore.ulg.ac.be/Schema/TrafficMatrix-v1_2.xsd" xmlns:xsi="http://www.w3.org/2001/XMLSchema-instance">
    <IntraTM ASID="11537">
        <src id="ATLA-M5">
            <dst id="ATLA-M5">0</dst>
            <dst id="ATLAng">0</dst>
            <dst id="CHINng">53.3333333333333</dst>
            <dst id="DNVRng">1082.96533333333</dst>
            <dst id="HSTNng">1426.88</dst>
            <dst id="IPLSng">0</dst>
            <dst id="KSCYng">0</dst>
            <dst id="LOSAng">26.6666666666667</dst>
            <dst id="NYCMng">71.2533333333333</dst>
            <dst id="SNVAng">0</dst>
            <dst id="STTLng">69.0133333333333</dst>
            <dst id="WASHng">26.6666666666667</dst>
        </src>
        <src id="ATLAng">
            <dst id="ATLA-M5">35.4826666666667</dst>
            <dst id="ATLAng">24370.5013333333</dst>
            <dst id="CHINng">2116.2</dst>
            <dst id="DNVRng">2740.55466666667</dst>
            <dst id="HSTNng">316.192</dst>
            <dst id="IPLSng">10238.3146666667</dst>
            <dst id="KSCYng">465.024</dst>
            <dst id="LOSAng">20204.696</dst>
            <dst id="NYCMng">1388.008</dst>
            <dst id="SNVAng">13.3333333333333</dst>
            <dst id="STTLng">4792.17333333333</dst>
            <dst id="WASHng">43851.9973333333</dst>
        </src>
        <src id="CHINng">
            <dst id="ATLA-M5">0</dst>
            <dst id="ATLAng">3624.14933333333</dst>
            <dst id="CHINng">49087.328</dst>
            <dst id="DNVRng">2653.59733333333</dst>
            <dst id="HSTNng">13625.1226666667</dst>
            <dst id="IPLSng">16541.7946666667</dst>
            <dst id="KSCYng">5168.272</dst>
            <dst id="LOSAng">21597.24</dst>
            <dst id="NYCMng">21298.192</dst>
            <dst id="SNVAng">155.170666666667</dst>
            <dst id="STTLng">4918.72533333333</dst>
            <dst id="WASHng">7000.38666666667</dst>
        </src>
        <src id="DNVRng">
            <dst id="ATLA-M5">167.466666666667</dst>
            <dst id="ATLAng">2392.56266666667</dst>
            <dst id="CHINng">30666.6746666667</dst>
            <dst id="DNVRng">3394.14933333333</dst>
            <dst id="HSTNng">18545.0266666667</dst>
            <dst id="IPLSng">35947.5573333333</dst>
            <dst id="KSCYng">10032.472</dst>
            <dst id="LOSAng">10545.136</dst>
            <dst id="NYCMng">19919.4293333333</dst>
            <dst id="SNVAng">4580.66133333333</dst>
            <dst id="STTLng">4412.71733333333</dst>
            <dst id="WASHng">35349.1386666667</dst>
        </src>
        <src id="HSTNng">
            <dst id="ATLA-M5">1574.99466666667</dst>
            <dst id="ATLAng">472.578666666667</dst>
            <dst id="CHINng">7080.22933333333</dst>
            <dst id="DNVRng">783.84</dst>
            <dst id="HSTNng">18405.496</dst>
            <dst id="IPLSng">731.229333333333</dst>
            <dst id="KSCYng">909.336</dst>
            <dst id="LOSAng">9470.90133333334</dst>
            <dst id="NYCMng">1090.02933333333</dst>
            <dst id="SNVAng">0</dst>
            <dst id="STTLng">1207.112</dst>
            <dst id="WASHng">1094.25066666667</dst>
        </src>
        <src id="IPLSng">
            <dst id="ATLA-M5">135.018666666667</dst>
            <dst id="ATLAng">20038.2586666667</dst>
            <dst id="CHINng">25620.352</dst>
            <dst id="DNVRng">9746.304</dst>
            <dst id="HSTNng">3672.38933333333</dst>
            <dst id="IPLSng">34950.1306666667</dst>
            <dst id="KSCYng">1800.74666666667</dst>
            <dst id="LOSAng">13836.7653333333</dst>
            <dst id="NYCMng">5355.27733333333</dst>
            <dst id="SNVAng">177.629333333333</dst>
            <dst id="STTLng">5438.096</dst>
            <dst id="WASHng">13686.8533333333</dst>
        </src>
        <src id="KSCYng">
            <dst id="ATLA-M5">0</dst>
            <dst id="ATLAng">2251.984</dst>
            <dst id="CHINng">21233.6106666667</dst>
            <dst id="DNVRng">4294.392</dst>
            <dst id="HSTNng">3263.61333333333</dst>
            <dst id="IPLSng">10490.232</dst>
            <dst id="KSCYng">8526.87466666666</dst>
            <dst id="LOSAng">3720.256</dst>
            <dst id="NYCMng">2475.42666666667</dst>
            <dst id="SNVAng">6005.952</dst>
            <dst id="STTLng">513.96</dst>
            <dst id="WASHng">8002.768</dst>
        </src>
        <src id="LOSAng">
            <dst id="ATLA-M5">0</dst>
            <dst id="ATLAng">34734.9466666667</dst>
            <dst id="CHINng">48800.3173333333</dst>
            <dst id="DNVRng">19193.88</dst>
            <dst id="HSTNng">2496.376</dst>
            <dst id="IPLSng">9370.888</dst>
            <dst id="KSCYng">1611.41066666667</dst>
            <dst id="LOSAng">8787.26133333333</dst>
            <dst id="NYCMng">16183.0826666667</dst>
            <dst id="SNVAng">18562.3466666667</dst>
            <dst id="STTLng">21160.4906666667</dst>
            <dst id="WASHng">71883.8933333333</dst>
        </src>
        <src id="NYCMng">
            <dst id="ATLA-M5">26.6666666666667</dst>
            <dst id="ATLAng">9082.54933333333</dst>
            <dst id="CHINng">17512.1893333333</dst>
            <dst id="DNVRng">30955.6986666667</dst>
            <dst id="HSTNng">2429.672</dst>
            <dst id="IPLSng">18742.7146666667</dst>
            <dst id="KSCYng">10182.1493333333</dst>
            <dst id="LOSAng">51163.3866666667</dst>
            <dst id="NYCMng">69711.1253333333</dst>
            <dst id="SNVAng">4688.89333333333</dst>
            <dst id="STTLng">33948.8933333333</dst>
            <dst id="WASHng">26740.464</dst>
        </src>
        <src id="SNVAng">
            <dst id="ATLA-M5">0</dst>
            <dst id="ATLAng">0</dst>
            <dst id="CHINng">0</dst>
            <dst id="DNVRng">2584.76</dst>
            <dst id="HSTNng">0</dst>
            <dst id="IPLSng">199.272</dst>
            <dst id="KSCYng">26.6666666666667</dst>
            <dst id="LOSAng">33145.048</dst>
            <dst id="NYCMng">8281.536</dst>
            <dst id="SNVAng">7136.84</dst>
            <dst id="STTLng">38055.4213333333</dst>
            <dst id="WASHng">0</dst>
        </src>
        <src id="STTLng">
            <dst id="ATLA-M5">105.104</dst>
            <dst id="ATLAng">5221.81066666667</dst>
            <dst id="CHINng">17497.7306666667</dst>
            <dst id="DNVRng">552.946666666667</dst>
            <dst id="HSTNng">486.274666666667</dst>
            <dst id="IPLSng">4010.98933333333</dst>
            <dst id="KSCYng">743.341333333333</dst>
            <dst id="LOSAng">8251.34933333334</dst>
            <dst id="NYCMng">9959.00266666667</dst>
            <dst id="SNVAng">13296.3253333333</dst>
            <dst id="STTLng">1523.22666666667</dst>
            <dst id="WASHng">6065.65333333333</dst>
        </src>
        <src id="WASHng">
            <dst id="ATLA-M5">380.896</dst>
            <dst id="ATLAng">71941.4533333333</dst>
            <dst id="CHINng">34439.3973333333</dst>
            <dst id="DNVRng">28205.6293333333</dst>
            <dst id="HSTNng">7881.336</dst>
            <dst id="IPLSng">64629.592</dst>
            <dst id="KSCYng">31288.3333333333</dst>
            <dst id="LOSAng">91846.0853333333</dst>
            <dst id="NYCMng">94443.6826666667</dst>
            <dst id="SNVAng">551.701333333333</dst>
            <dst id="STTLng">19073.8293333333</dst>
            <dst id="WASHng">173528.36</dst>
        </src>
    </IntraTM>
</TrafficMatrixFile>
