<?xml version="1.0" encoding="ISO-8859-1" standalone="yes"?>
<TrafficMatrixFile xsi:noNamespaceSchemaLocation="http://totem.run.montefiore.ulg.ac.be/Schema/TrafficMatrix-v1_2.xsd" xmlns:xsi="http://www.w3.org/2001/XMLSchema-instance">
    <IntraTM ASID="11537">
        <src id="ATLA-M5">
            <dst id="ATLA-M5">26.6666666666667</dst>
            <dst id="ATLAng">100.234666666667</dst>
            <dst id="CHINng">227.112</dst>
            <dst id="DNVRng">0</dst>
            <dst id="HSTNng">95.7733333333333</dst>
            <dst id="IPLSng">26.6666666666667</dst>
            <dst id="KSCYng">26.6666666666667</dst>
            <dst id="LOSAng">53.3333333333333</dst>
            <dst id="NYCMng">0</dst>
            <dst id="SNVAng">0</dst>
            <dst id="STTLng">0</dst>
            <dst id="WASHng">1635.33066666667</dst>
        </src>
        <src id="ATLAng">
            <dst id="ATLA-M5">81.488</dst>
            <dst id="ATLAng">53078.8266666667</dst>
            <dst id="CHINng">8998.37866666667</dst>
            <dst id="DNVRng">2829.93066666667</dst>
            <dst id="HSTNng">38040.4506666667</dst>
            <dst id="IPLSng">12512.2293333333</dst>
            <dst id="KSCYng">543.704</dst>
            <dst id="LOSAng">6120.01866666667</dst>
            <dst id="NYCMng">4161.56533333333</dst>
            <dst id="SNVAng">4544.888</dst>
            <dst id="STTLng">3495.48533333333</dst>
            <dst id="WASHng">15743.096</dst>
        </src>
        <src id="CHINng">
            <dst id="ATLA-M5">26.6666666666667</dst>
            <dst id="ATLAng">8406.624</dst>
            <dst id="CHINng">86956.9333333333</dst>
            <dst id="DNVRng">7543.22666666667</dst>
            <dst id="HSTNng">5223.784</dst>
            <dst id="IPLSng">12710.616</dst>
            <dst id="KSCYng">15596.5226666667</dst>
            <dst id="LOSAng">3979.888</dst>
            <dst id="NYCMng">11539.1146666667</dst>
            <dst id="SNVAng">20085.1813333333</dst>
            <dst id="STTLng">7586.66133333333</dst>
            <dst id="WASHng">16995.72</dst>
        </src>
        <src id="DNVRng">
            <dst id="ATLA-M5">166.912</dst>
            <dst id="ATLAng">6719.94933333333</dst>
            <dst id="CHINng">37961.5893333333</dst>
            <dst id="DNVRng">11441.3013333333</dst>
            <dst id="HSTNng">22142.376</dst>
            <dst id="IPLSng">25943.9893333333</dst>
            <dst id="KSCYng">16382.328</dst>
            <dst id="LOSAng">2952.46666666667</dst>
            <dst id="NYCMng">15943.8773333333</dst>
            <dst id="SNVAng">20292.5573333333</dst>
            <dst id="STTLng">6591.176</dst>
            <dst id="WASHng">36446.072</dst>
        </src>
        <src id="HSTNng">
            <dst id="ATLA-M5">1174.10666666667</dst>
            <dst id="ATLAng">1640.55466666667</dst>
            <dst id="CHINng">8628.14933333333</dst>
            <dst id="DNVRng">3046.18133333333</dst>
            <dst id="HSTNng">16035.3493333333</dst>
            <dst id="IPLSng">1112.04</dst>
            <dst id="KSCYng">1528.70933333333</dst>
            <dst id="LOSAng">10186.6346666667</dst>
            <dst id="NYCMng">2270.12533333333</dst>
            <dst id="SNVAng">53.3333333333333</dst>
            <dst id="STTLng">1691.92533333333</dst>
            <dst id="WASHng">4786.42933333333</dst>
        </src>
        <src id="IPLSng">
            <dst id="ATLA-M5">85.4106666666667</dst>
            <dst id="ATLAng">8365.32266666667</dst>
            <dst id="CHINng">34155.9333333333</dst>
            <dst id="DNVRng">9026.74933333333</dst>
            <dst id="HSTNng">4189.096</dst>
            <dst id="IPLSng">7100.26933333333</dst>
            <dst id="KSCYng">3504.832</dst>
            <dst id="LOSAng">1603.24533333333</dst>
            <dst id="NYCMng">5967.592</dst>
            <dst id="SNVAng">8356.47466666667</dst>
            <dst id="STTLng">18189.0613333333</dst>
            <dst id="WASHng">7128.64</dst>
        </src>
        <src id="KSCYng">
            <dst id="ATLA-M5">0</dst>
            <dst id="ATLAng">3107.97333333333</dst>
            <dst id="CHINng">11762.9626666667</dst>
            <dst id="DNVRng">4810.11733333333</dst>
            <dst id="HSTNng">6588.03733333333</dst>
            <dst id="IPLSng">18232.616</dst>
            <dst id="KSCYng">17414.736</dst>
            <dst id="LOSAng">593.68</dst>
            <dst id="NYCMng">1614.93333333333</dst>
            <dst id="SNVAng">5594.344</dst>
            <dst id="STTLng">855.325333333334</dst>
            <dst id="WASHng">10272.4053333333</dst>
        </src>
        <src id="LOSAng">
            <dst id="ATLA-M5">26.6666666666667</dst>
            <dst id="ATLAng">36824.192</dst>
            <dst id="CHINng">54324.104</dst>
            <dst id="DNVRng">7290.89333333333</dst>
            <dst id="HSTNng">2873.64</dst>
            <dst id="IPLSng">10095.784</dst>
            <dst id="KSCYng">3157.096</dst>
            <dst id="LOSAng">27275.824</dst>
            <dst id="NYCMng">39897.128</dst>
            <dst id="SNVAng">22504.2853333333</dst>
            <dst id="STTLng">24518.9466666667</dst>
            <dst id="WASHng">75039.5706666667</dst>
        </src>
        <src id="NYCMng">
            <dst id="ATLA-M5">1760.59466666667</dst>
            <dst id="ATLAng">14401.888</dst>
            <dst id="CHINng">26445.4426666667</dst>
            <dst id="DNVRng">20970.1893333333</dst>
            <dst id="HSTNng">10135.08</dst>
            <dst id="IPLSng">7816.51733333333</dst>
            <dst id="KSCYng">5693.82666666667</dst>
            <dst id="LOSAng">8678.28266666667</dst>
            <dst id="NYCMng">101407.488</dst>
            <dst id="SNVAng">48624.4213333333</dst>
            <dst id="STTLng">29769.8213333333</dst>
            <dst id="WASHng">65800.208</dst>
        </src>
        <src id="SNVAng">
            <dst id="ATLA-M5">0</dst>
            <dst id="ATLAng">333.021333333333</dst>
            <dst id="CHINng">53.3333333333333</dst>
            <dst id="DNVRng">2287.336</dst>
            <dst id="HSTNng">0</dst>
            <dst id="IPLSng">228.752</dst>
            <dst id="KSCYng">0</dst>
            <dst id="LOSAng">2016.70933333333</dst>
            <dst id="NYCMng">26.6666666666667</dst>
            <dst id="SNVAng">35411.3813333333</dst>
            <dst id="STTLng">33630.7466666667</dst>
            <dst id="WASHng">0</dst>
        </src>
        <src id="STTLng">
            <dst id="ATLA-M5">0</dst>
            <dst id="ATLAng">5457.45866666667</dst>
            <dst id="CHINng">15584.4453333333</dst>
            <dst id="DNVRng">8030.47733333333</dst>
            <dst id="HSTNng">2107.35466666667</dst>
            <dst id="IPLSng">6576.14666666667</dst>
            <dst id="KSCYng">4443.20533333333</dst>
            <dst id="LOSAng">4952.77866666667</dst>
            <dst id="NYCMng">16919.9013333333</dst>
            <dst id="SNVAng">26378.4666666667</dst>
            <dst id="STTLng">2930.31466666667</dst>
            <dst id="WASHng">4339.144</dst>
        </src>
        <src id="WASHng">
            <dst id="ATLA-M5">194.088</dst>
            <dst id="ATLAng">60284.4293333333</dst>
            <dst id="CHINng">54950.3546666667</dst>
            <dst id="DNVRng">35722.8906666667</dst>
            <dst id="HSTNng">34516.8853333333</dst>
            <dst id="IPLSng">26628.376</dst>
            <dst id="KSCYng">32816.0986666667</dst>
            <dst id="LOSAng">67476.92</dst>
            <dst id="NYCMng">145257.610666667</dst>
            <dst id="SNVAng">28114.5173333333</dst>
            <dst id="STTLng">30325.8133333333</dst>
            <dst id="WASHng">202267.912</dst>
        </src>
    </IntraTM>
</TrafficMatrixFile>
