<?xml version="1.0" encoding="ISO-8859-1" standalone="yes"?>
<TrafficMatrixFile xsi:noNamespaceSchemaLocation="http://totem.run.montefiore.ulg.ac.be/Schema/TrafficMatrix-v1_2.xsd" xmlns:xsi="http://www.w3.org/2001/XMLSchema-instance">
    <IntraTM ASID="11537">
        <src id="ATLA-M5">
            <dst id="ATLA-M5">4262.064</dst>
            <dst id="ATLAng">26.6666666666667</dst>
            <dst id="CHINng">166.498666666667</dst>
            <dst id="DNVRng">0</dst>
            <dst id="HSTNng">90.272</dst>
            <dst id="IPLSng">36.2666666666667</dst>
            <dst id="KSCYng">0</dst>
            <dst id="LOSAng">20.1173333333333</dst>
            <dst id="NYCMng">0</dst>
            <dst id="SNVAng">20.1173333333333</dst>
            <dst id="STTLng">612.64</dst>
            <dst id="WASHng">556.856</dst>
        </src>
        <src id="ATLAng">
            <dst id="ATLA-M5">105.933333333333</dst>
            <dst id="ATLAng">27324.8506666667</dst>
            <dst id="CHINng">9739.04</dst>
            <dst id="DNVRng">2692.72</dst>
            <dst id="HSTNng">9129.69866666667</dst>
            <dst id="IPLSng">18618.704</dst>
            <dst id="KSCYng">973.437333333333</dst>
            <dst id="LOSAng">6515.81866666667</dst>
            <dst id="NYCMng">1208.07466666667</dst>
            <dst id="SNVAng">5706.10133333333</dst>
            <dst id="STTLng">1556.55733333333</dst>
            <dst id="WASHng">31709.584</dst>
        </src>
        <src id="CHINng">
            <dst id="ATLA-M5">135.141333333333</dst>
            <dst id="ATLAng">8653.31733333333</dst>
            <dst id="CHINng">92730.7146666667</dst>
            <dst id="DNVRng">2327.112</dst>
            <dst id="HSTNng">3633.848</dst>
            <dst id="IPLSng">33741.8586666667</dst>
            <dst id="KSCYng">18173.56</dst>
            <dst id="LOSAng">8395.36266666667</dst>
            <dst id="NYCMng">9213.75733333333</dst>
            <dst id="SNVAng">32260.1093333333</dst>
            <dst id="STTLng">10550.2533333333</dst>
            <dst id="WASHng">18734.9786666667</dst>
        </src>
        <src id="DNVRng">
            <dst id="ATLA-M5">94.88</dst>
            <dst id="ATLAng">3969.93866666667</dst>
            <dst id="CHINng">46866.392</dst>
            <dst id="DNVRng">8744.63733333333</dst>
            <dst id="HSTNng">18112.1706666667</dst>
            <dst id="IPLSng">20445.8693333333</dst>
            <dst id="KSCYng">15703.9573333333</dst>
            <dst id="LOSAng">770.461333333333</dst>
            <dst id="NYCMng">14905.4506666667</dst>
            <dst id="SNVAng">21416.0533333333</dst>
            <dst id="STTLng">13655.9866666667</dst>
            <dst id="WASHng">45528.5226666667</dst>
        </src>
        <src id="HSTNng">
            <dst id="ATLA-M5">3694.80533333333</dst>
            <dst id="ATLAng">7138.48</dst>
            <dst id="CHINng">16501.1386666667</dst>
            <dst id="DNVRng">1054.61333333333</dst>
            <dst id="HSTNng">18884.9333333333</dst>
            <dst id="IPLSng">3937.136</dst>
            <dst id="KSCYng">480.506666666667</dst>
            <dst id="LOSAng">10974.5813333333</dst>
            <dst id="NYCMng">5553.70933333334</dst>
            <dst id="SNVAng">0</dst>
            <dst id="STTLng">1090.32</dst>
            <dst id="WASHng">5286.13066666667</dst>
        </src>
        <src id="IPLSng">
            <dst id="ATLA-M5">2021.94933333333</dst>
            <dst id="ATLAng">8560.53866666667</dst>
            <dst id="CHINng">54804.8373333334</dst>
            <dst id="DNVRng">14628.2533333333</dst>
            <dst id="HSTNng">669.949333333333</dst>
            <dst id="IPLSng">15623.56</dst>
            <dst id="KSCYng">3948.04266666667</dst>
            <dst id="LOSAng">3866.92533333333</dst>
            <dst id="NYCMng">6479.976</dst>
            <dst id="SNVAng">11972.1973333333</dst>
            <dst id="STTLng">11304.1466666667</dst>
            <dst id="WASHng">10728.8346666667</dst>
        </src>
        <src id="KSCYng">
            <dst id="ATLA-M5">0</dst>
            <dst id="ATLAng">2391.13066666667</dst>
            <dst id="CHINng">13366.0666666667</dst>
            <dst id="DNVRng">4488.77333333333</dst>
            <dst id="HSTNng">3110.928</dst>
            <dst id="IPLSng">12680.3653333333</dst>
            <dst id="KSCYng">13960.3173333333</dst>
            <dst id="LOSAng">2663.85866666667</dst>
            <dst id="NYCMng">5971.48</dst>
            <dst id="SNVAng">6033.19733333333</dst>
            <dst id="STTLng">748.882666666667</dst>
            <dst id="WASHng">5444.53066666667</dst>
        </src>
        <src id="LOSAng">
            <dst id="ATLA-M5">0</dst>
            <dst id="ATLAng">5834.65066666667</dst>
            <dst id="CHINng">112235.381333333</dst>
            <dst id="DNVRng">7187.56</dst>
            <dst id="HSTNng">3199.456</dst>
            <dst id="IPLSng">10564.072</dst>
            <dst id="KSCYng">10074.1413333333</dst>
            <dst id="LOSAng">19136.1893333333</dst>
            <dst id="NYCMng">23391.3493333333</dst>
            <dst id="SNVAng">23640.392</dst>
            <dst id="STTLng">22014.7493333333</dst>
            <dst id="WASHng">67905.7386666667</dst>
        </src>
        <src id="NYCMng">
            <dst id="ATLA-M5">0</dst>
            <dst id="ATLAng">7851.42933333333</dst>
            <dst id="CHINng">29133.672</dst>
            <dst id="DNVRng">30521.4826666667</dst>
            <dst id="HSTNng">3971.14133333333</dst>
            <dst id="IPLSng">4740.06933333333</dst>
            <dst id="KSCYng">4881.14133333333</dst>
            <dst id="LOSAng">6841.26133333333</dst>
            <dst id="NYCMng">100238.944</dst>
            <dst id="SNVAng">58971.9546666667</dst>
            <dst id="STTLng">27742.7253333333</dst>
            <dst id="WASHng">40544.592</dst>
        </src>
        <src id="SNVAng">
            <dst id="ATLA-M5">0</dst>
            <dst id="ATLAng">26.6666666666667</dst>
            <dst id="CHINng">0</dst>
            <dst id="DNVRng">10993.8746666667</dst>
            <dst id="HSTNng">53.3333333333333</dst>
            <dst id="IPLSng">262.922666666667</dst>
            <dst id="KSCYng">0</dst>
            <dst id="LOSAng">3048.144</dst>
            <dst id="NYCMng">53.3333333333333</dst>
            <dst id="SNVAng">35310.2826666667</dst>
            <dst id="STTLng">33093.944</dst>
            <dst id="WASHng">26.6666666666667</dst>
        </src>
        <src id="STTLng">
            <dst id="ATLA-M5">97.0586666666667</dst>
            <dst id="ATLAng">4587.80533333333</dst>
            <dst id="CHINng">16584.8266666667</dst>
            <dst id="DNVRng">3377.68533333333</dst>
            <dst id="HSTNng">1247.08266666667</dst>
            <dst id="IPLSng">11979.008</dst>
            <dst id="KSCYng">912.136</dst>
            <dst id="LOSAng">4960.696</dst>
            <dst id="NYCMng">5532.016</dst>
            <dst id="SNVAng">21301.3866666667</dst>
            <dst id="STTLng">2537.64266666667</dst>
            <dst id="WASHng">10239.632</dst>
        </src>
        <src id="WASHng">
            <dst id="ATLA-M5">81.9066666666667</dst>
            <dst id="ATLAng">79218.0293333333</dst>
            <dst id="CHINng">83468.0106666667</dst>
            <dst id="DNVRng">23400.2453333333</dst>
            <dst id="HSTNng">14260.3173333333</dst>
            <dst id="IPLSng">21320.2053333333</dst>
            <dst id="KSCYng">28143.1306666667</dst>
            <dst id="LOSAng">73021.2373333333</dst>
            <dst id="NYCMng">123349.210666667</dst>
            <dst id="SNVAng">32982.3546666667</dst>
            <dst id="STTLng">27241.728</dst>
            <dst id="WASHng">269643.893333333</dst>
        </src>
    </IntraTM>
</TrafficMatrixFile>
