<?xml version="1.0" encoding="ISO-8859-1" standalone="yes"?>
<TrafficMatrixFile xsi:noNamespaceSchemaLocation="http://totem.run.montefiore.ulg.ac.be/Schema/TrafficMatrix-v1_2.xsd" xmlns:xsi="http://www.w3.org/2001/XMLSchema-instance">
    <IntraTM ASID="11537">
        <src id="ATLA-M5">
            <dst id="ATLA-M5">0</dst>
            <dst id="ATLAng">26.6666666666667</dst>
            <dst id="CHINng">632.290666666667</dst>
            <dst id="DNVRng">0</dst>
            <dst id="HSTNng">34.64</dst>
            <dst id="IPLSng">53.5466666666667</dst>
            <dst id="KSCYng">337.013333333333</dst>
            <dst id="LOSAng">131.162666666667</dst>
            <dst id="NYCMng">388.554666666667</dst>
            <dst id="SNVAng">0</dst>
            <dst id="STTLng">0</dst>
            <dst id="WASHng">397.688</dst>
        </src>
        <src id="ATLAng">
            <dst id="ATLA-M5">102.242666666667</dst>
            <dst id="ATLAng">60987.6533333333</dst>
            <dst id="CHINng">5989.88266666667</dst>
            <dst id="DNVRng">3170.99733333333</dst>
            <dst id="HSTNng">25332.7066666667</dst>
            <dst id="IPLSng">18258.0906666667</dst>
            <dst id="KSCYng">533.68</dst>
            <dst id="LOSAng">17901.8813333333</dst>
            <dst id="NYCMng">2226.54666666667</dst>
            <dst id="SNVAng">85.5533333333333</dst>
            <dst id="STTLng">3174.384</dst>
            <dst id="WASHng">29496.824</dst>
        </src>
        <src id="CHINng">
            <dst id="ATLA-M5">118.549333333333</dst>
            <dst id="ATLAng">17043.472</dst>
            <dst id="CHINng">86930.2746666667</dst>
            <dst id="DNVRng">6810.44</dst>
            <dst id="HSTNng">7808.416</dst>
            <dst id="IPLSng">27938.9626666667</dst>
            <dst id="KSCYng">6646.79733333333</dst>
            <dst id="LOSAng">24834.856</dst>
            <dst id="NYCMng">11958.912</dst>
            <dst id="SNVAng">333.501333333333</dst>
            <dst id="STTLng">7576.63466666667</dst>
            <dst id="WASHng">15288.456</dst>
        </src>
        <src id="DNVRng">
            <dst id="ATLA-M5">71.0826666666667</dst>
            <dst id="ATLAng">7222.14666666667</dst>
            <dst id="CHINng">34752.2</dst>
            <dst id="DNVRng">7268.77333333333</dst>
            <dst id="HSTNng">23549.52</dst>
            <dst id="IPLSng">30091.4346666667</dst>
            <dst id="KSCYng">20749.648</dst>
            <dst id="LOSAng">11136.9386666667</dst>
            <dst id="NYCMng">13868.3066666667</dst>
            <dst id="SNVAng">8158.81066666667</dst>
            <dst id="STTLng">5736.58666666667</dst>
            <dst id="WASHng">33654.1706666667</dst>
        </src>
        <src id="HSTNng">
            <dst id="ATLA-M5">1490.17333333333</dst>
            <dst id="ATLAng">1225.152</dst>
            <dst id="CHINng">7974.36</dst>
            <dst id="DNVRng">885.256</dst>
            <dst id="HSTNng">16828.4266666667</dst>
            <dst id="IPLSng">1599.56</dst>
            <dst id="KSCYng">821.997333333333</dst>
            <dst id="LOSAng">2457.43733333333</dst>
            <dst id="NYCMng">3573.04533333333</dst>
            <dst id="SNVAng">26.6666666666667</dst>
            <dst id="STTLng">617.88</dst>
            <dst id="WASHng">4558.87733333333</dst>
        </src>
        <src id="IPLSng">
            <dst id="ATLA-M5">1821.296</dst>
            <dst id="ATLAng">5967.41866666667</dst>
            <dst id="CHINng">44151.1786666667</dst>
            <dst id="DNVRng">7194.89333333333</dst>
            <dst id="HSTNng">2069.84266666667</dst>
            <dst id="IPLSng">22577.232</dst>
            <dst id="KSCYng">2467.54933333333</dst>
            <dst id="LOSAng">9660.12</dst>
            <dst id="NYCMng">6156.56533333333</dst>
            <dst id="SNVAng">1797.71466666667</dst>
            <dst id="STTLng">6285.22933333333</dst>
            <dst id="WASHng">26511.2826666667</dst>
        </src>
        <src id="KSCYng">
            <dst id="ATLA-M5">34.5386666666667</dst>
            <dst id="ATLAng">3283.67733333333</dst>
            <dst id="CHINng">10785.9013333333</dst>
            <dst id="DNVRng">4679.97066666667</dst>
            <dst id="HSTNng">3767.80266666667</dst>
            <dst id="IPLSng">10880.4533333333</dst>
            <dst id="KSCYng">9639.04533333333</dst>
            <dst id="LOSAng">5138.37866666667</dst>
            <dst id="NYCMng">1683.67466666667</dst>
            <dst id="SNVAng">2437.15466666667</dst>
            <dst id="STTLng">3068.28533333333</dst>
            <dst id="WASHng">9244.19733333333</dst>
        </src>
        <src id="LOSAng">
            <dst id="ATLA-M5">61.008</dst>
            <dst id="ATLAng">18343.2053333333</dst>
            <dst id="CHINng">48379.448</dst>
            <dst id="DNVRng">11250.76</dst>
            <dst id="HSTNng">3721.60533333333</dst>
            <dst id="IPLSng">15358.2826666667</dst>
            <dst id="KSCYng">1955.744</dst>
            <dst id="LOSAng">8429.96266666667</dst>
            <dst id="NYCMng">52943.32</dst>
            <dst id="SNVAng">22365.3573333333</dst>
            <dst id="STTLng">36314.1146666667</dst>
            <dst id="WASHng">81545.904</dst>
        </src>
        <src id="NYCMng">
            <dst id="ATLA-M5">5024.42666666667</dst>
            <dst id="ATLAng">11123.9573333333</dst>
            <dst id="CHINng">19560.9573333333</dst>
            <dst id="DNVRng">24770.6186666667</dst>
            <dst id="HSTNng">7538.21866666667</dst>
            <dst id="IPLSng">26395.7786666667</dst>
            <dst id="KSCYng">4880.65866666667</dst>
            <dst id="LOSAng">62123.2586666667</dst>
            <dst id="NYCMng">77783.0026666667</dst>
            <dst id="SNVAng">2448.22933333333</dst>
            <dst id="STTLng">26164.12</dst>
            <dst id="WASHng">49038.8186666667</dst>
        </src>
        <src id="SNVAng">
            <dst id="ATLA-M5">0</dst>
            <dst id="ATLAng">0</dst>
            <dst id="CHINng">80</dst>
            <dst id="DNVRng">1455.904</dst>
            <dst id="HSTNng">0</dst>
            <dst id="IPLSng">525.042666666667</dst>
            <dst id="KSCYng">0</dst>
            <dst id="LOSAng">32524.3173333333</dst>
            <dst id="NYCMng">3122.976</dst>
            <dst id="SNVAng">7877.49333333333</dst>
            <dst id="STTLng">36166.3626666667</dst>
            <dst id="WASHng">26.6666666666667</dst>
        </src>
        <src id="STTLng">
            <dst id="ATLA-M5">26.6666666666667</dst>
            <dst id="ATLAng">6980.81866666667</dst>
            <dst id="CHINng">10198.48</dst>
            <dst id="DNVRng">2817.04533333333</dst>
            <dst id="HSTNng">986.986666666667</dst>
            <dst id="IPLSng">8526.71733333333</dst>
            <dst id="KSCYng">2087.96266666667</dst>
            <dst id="LOSAng">18813.8906666667</dst>
            <dst id="NYCMng">16897.6666666667</dst>
            <dst id="SNVAng">7677.95733333333</dst>
            <dst id="STTLng">1595.984</dst>
            <dst id="WASHng">6298.08533333333</dst>
        </src>
        <src id="WASHng">
            <dst id="ATLA-M5">2259.85866666667</dst>
            <dst id="ATLAng">76357.5306666667</dst>
            <dst id="CHINng">34461.448</dst>
            <dst id="DNVRng">35407.2613333333</dst>
            <dst id="HSTNng">16579.3866666667</dst>
            <dst id="IPLSng">55340.1173333333</dst>
            <dst id="KSCYng">33162.144</dst>
            <dst id="LOSAng">103876.074666667</dst>
            <dst id="NYCMng">155883.698666667</dst>
            <dst id="SNVAng">5290.04266666667</dst>
            <dst id="STTLng">25509.3173333333</dst>
            <dst id="WASHng">174407.645333333</dst>
        </src>
    </IntraTM>
</TrafficMatrixFile>
