<?xml version="1.0" encoding="ISO-8859-1" standalone="yes"?>
<TrafficMatrixFile xsi:noNamespaceSchemaLocation="http://totem.run.montefiore.ulg.ac.be/Schema/TrafficMatrix-v1_2.xsd" xmlns:xsi="http://www.w3.org/2001/XMLSchema-instance">
    <IntraTM ASID="11537">
        <src id="ATLA-M5">
            <dst id="ATLA-M5">0</dst>
            <dst id="ATLAng">26.6666666666667</dst>
            <dst id="CHINng">30.1413333333333</dst>
            <dst id="DNVRng">1095.08266666667</dst>
            <dst id="HSTNng">26.6666666666667</dst>
            <dst id="IPLSng">0</dst>
            <dst id="KSCYng">0</dst>
            <dst id="LOSAng">13.3333333333333</dst>
            <dst id="NYCMng">88.72</dst>
            <dst id="SNVAng">40</dst>
            <dst id="STTLng">53.856</dst>
            <dst id="WASHng">106.666666666667</dst>
        </src>
        <src id="ATLAng">
            <dst id="ATLA-M5">63.9653333333333</dst>
            <dst id="ATLAng">41946.224</dst>
            <dst id="CHINng">5135.94666666667</dst>
            <dst id="DNVRng">2452.06933333333</dst>
            <dst id="HSTNng">265.528</dst>
            <dst id="IPLSng">11966.448</dst>
            <dst id="KSCYng">459.365333333333</dst>
            <dst id="LOSAng">9857.49066666667</dst>
            <dst id="NYCMng">2100.92533333333</dst>
            <dst id="SNVAng">26.6666666666667</dst>
            <dst id="STTLng">2616.15466666667</dst>
            <dst id="WASHng">32392.4373333333</dst>
        </src>
        <src id="CHINng">
            <dst id="ATLA-M5">0</dst>
            <dst id="ATLAng">4549.30933333333</dst>
            <dst id="CHINng">29430.832</dst>
            <dst id="DNVRng">6611.82666666667</dst>
            <dst id="HSTNng">28583.5173333333</dst>
            <dst id="IPLSng">14395.6106666667</dst>
            <dst id="KSCYng">4530.50133333333</dst>
            <dst id="LOSAng">23745.1626666667</dst>
            <dst id="NYCMng">21155.0666666667</dst>
            <dst id="SNVAng">635.365333333333</dst>
            <dst id="STTLng">11136.9813333333</dst>
            <dst id="WASHng">21196.1653333333</dst>
        </src>
        <src id="DNVRng">
            <dst id="ATLA-M5">275.386666666667</dst>
            <dst id="ATLAng">5087.864</dst>
            <dst id="CHINng">41864.952</dst>
            <dst id="DNVRng">10227.2906666667</dst>
            <dst id="HSTNng">22631</dst>
            <dst id="IPLSng">30042.984</dst>
            <dst id="KSCYng">17578.7253333333</dst>
            <dst id="LOSAng">3035.10666666667</dst>
            <dst id="NYCMng">14251.712</dst>
            <dst id="SNVAng">7649.168</dst>
            <dst id="STTLng">3555.096</dst>
            <dst id="WASHng">48753.0213333333</dst>
        </src>
        <src id="HSTNng">
            <dst id="ATLA-M5">26.6666666666667</dst>
            <dst id="ATLAng">433.754666666667</dst>
            <dst id="CHINng">5614.14666666667</dst>
            <dst id="DNVRng">1509.176</dst>
            <dst id="HSTNng">15124.0853333333</dst>
            <dst id="IPLSng">1215.848</dst>
            <dst id="KSCYng">1201.30933333333</dst>
            <dst id="LOSAng">5576.24266666667</dst>
            <dst id="NYCMng">2937.30133333333</dst>
            <dst id="SNVAng">26.6666666666667</dst>
            <dst id="STTLng">610.853333333333</dst>
            <dst id="WASHng">9316.50133333334</dst>
        </src>
        <src id="IPLSng">
            <dst id="ATLA-M5">0</dst>
            <dst id="ATLAng">6941.64</dst>
            <dst id="CHINng">24821.6426666667</dst>
            <dst id="DNVRng">7736.072</dst>
            <dst id="HSTNng">868.546666666667</dst>
            <dst id="IPLSng">2210.47733333333</dst>
            <dst id="KSCYng">2382.00533333333</dst>
            <dst id="LOSAng">12616.08</dst>
            <dst id="NYCMng">11895.0133333333</dst>
            <dst id="SNVAng">156.648</dst>
            <dst id="STTLng">4986.41866666667</dst>
            <dst id="WASHng">9237.408</dst>
        </src>
        <src id="KSCYng">
            <dst id="ATLA-M5">0</dst>
            <dst id="ATLAng">4844.78133333333</dst>
            <dst id="CHINng">7770.48266666667</dst>
            <dst id="DNVRng">5842.74933333334</dst>
            <dst id="HSTNng">6101.92533333333</dst>
            <dst id="IPLSng">9488.32533333333</dst>
            <dst id="KSCYng">7575.53333333333</dst>
            <dst id="LOSAng">5326.54933333333</dst>
            <dst id="NYCMng">1461.12</dst>
            <dst id="SNVAng">10088.4053333333</dst>
            <dst id="STTLng">1072.90666666667</dst>
            <dst id="WASHng">18594.0746666667</dst>
        </src>
        <src id="LOSAng">
            <dst id="ATLA-M5">39.8426666666667</dst>
            <dst id="ATLAng">10727.68</dst>
            <dst id="CHINng">38102.3733333333</dst>
            <dst id="DNVRng">8272.76</dst>
            <dst id="HSTNng">2494.23733333333</dst>
            <dst id="IPLSng">11753.1413333333</dst>
            <dst id="KSCYng">5608.472</dst>
            <dst id="LOSAng">17582.248</dst>
            <dst id="NYCMng">16839.5306666667</dst>
            <dst id="SNVAng">23298.464</dst>
            <dst id="STTLng">23202.6533333333</dst>
            <dst id="WASHng">101693.930666667</dst>
        </src>
        <src id="NYCMng">
            <dst id="ATLA-M5">626.802666666667</dst>
            <dst id="ATLAng">6813.89333333333</dst>
            <dst id="CHINng">21735.9893333333</dst>
            <dst id="DNVRng">26739.32</dst>
            <dst id="HSTNng">5975.816</dst>
            <dst id="IPLSng">7077.31466666667</dst>
            <dst id="KSCYng">6592.02666666667</dst>
            <dst id="LOSAng">49218.96</dst>
            <dst id="NYCMng">64640.2906666667</dst>
            <dst id="SNVAng">864.173333333333</dst>
            <dst id="STTLng">18219.4533333333</dst>
            <dst id="WASHng">26590.3386666667</dst>
        </src>
        <src id="SNVAng">
            <dst id="ATLA-M5">0</dst>
            <dst id="ATLAng">26.6666666666667</dst>
            <dst id="CHINng">53.3333333333333</dst>
            <dst id="DNVRng">662.08</dst>
            <dst id="HSTNng">0</dst>
            <dst id="IPLSng">2244.4</dst>
            <dst id="KSCYng">30.6346666666667</dst>
            <dst id="LOSAng">35077.3306666667</dst>
            <dst id="NYCMng">105.44</dst>
            <dst id="SNVAng">9099.21866666667</dst>
            <dst id="STTLng">37389.0346666667</dst>
            <dst id="WASHng">0</dst>
        </src>
        <src id="STTLng">
            <dst id="ATLA-M5">139.317333333333</dst>
            <dst id="ATLAng">5939.02933333333</dst>
            <dst id="CHINng">6735.536</dst>
            <dst id="DNVRng">1973.064</dst>
            <dst id="HSTNng">949.688</dst>
            <dst id="IPLSng">5677.74133333333</dst>
            <dst id="KSCYng">1329.15466666667</dst>
            <dst id="LOSAng">12024.9386666667</dst>
            <dst id="NYCMng">15290.0746666667</dst>
            <dst id="SNVAng">8211.62666666667</dst>
            <dst id="STTLng">994.386666666667</dst>
            <dst id="WASHng">4228.55733333333</dst>
        </src>
        <src id="WASHng">
            <dst id="ATLA-M5">287.445333333333</dst>
            <dst id="ATLAng">68719.48</dst>
            <dst id="CHINng">69129.5013333333</dst>
            <dst id="DNVRng">56661.1306666667</dst>
            <dst id="HSTNng">29717.6933333333</dst>
            <dst id="IPLSng">51994.3546666667</dst>
            <dst id="KSCYng">47205.5333333333</dst>
            <dst id="LOSAng">117023.746666667</dst>
            <dst id="NYCMng">144743.626666667</dst>
            <dst id="SNVAng">831.221333333333</dst>
            <dst id="STTLng">42982.4186666667</dst>
            <dst id="WASHng">159804.138666667</dst>
        </src>
    </IntraTM>
</TrafficMatrixFile>
