<?xml version="1.0" encoding="ISO-8859-1" standalone="yes"?>
<TrafficMatrixFile xsi:noNamespaceSchemaLocation="http://totem.run.montefiore.ulg.ac.be/Schema/TrafficMatrix-v1_2.xsd" xmlns:xsi="http://www.w3.org/2001/XMLSchema-instance">
    <IntraTM ASID="11537">
        <src id="ATLA-M5">
            <dst id="ATLA-M5">0</dst>
            <dst id="ATLAng">70.08</dst>
            <dst id="CHINng">115.136</dst>
            <dst id="DNVRng">1101.024</dst>
            <dst id="HSTNng">45.048</dst>
            <dst id="IPLSng">0</dst>
            <dst id="KSCYng">0</dst>
            <dst id="LOSAng">0</dst>
            <dst id="NYCMng">26.6666666666667</dst>
            <dst id="SNVAng">30.2986666666667</dst>
            <dst id="STTLng">57.8293333333333</dst>
            <dst id="WASHng">201.314666666667</dst>
        </src>
        <src id="ATLAng">
            <dst id="ATLA-M5">3642.61066666667</dst>
            <dst id="ATLAng">27232.272</dst>
            <dst id="CHINng">5814.776</dst>
            <dst id="DNVRng">2759.81866666667</dst>
            <dst id="HSTNng">553.864</dst>
            <dst id="IPLSng">11618.2426666667</dst>
            <dst id="KSCYng">478.309333333333</dst>
            <dst id="LOSAng">12186.5146666667</dst>
            <dst id="NYCMng">11033.504</dst>
            <dst id="SNVAng">1488.848</dst>
            <dst id="STTLng">3596.664</dst>
            <dst id="WASHng">24092.0853333333</dst>
        </src>
        <src id="CHINng">
            <dst id="ATLA-M5">26.6666666666667</dst>
            <dst id="ATLAng">5676.70133333333</dst>
            <dst id="CHINng">40180.0373333333</dst>
            <dst id="DNVRng">4991.808</dst>
            <dst id="HSTNng">26048.5866666667</dst>
            <dst id="IPLSng">13706.4693333333</dst>
            <dst id="KSCYng">4211.51733333333</dst>
            <dst id="LOSAng">20919.6453333333</dst>
            <dst id="NYCMng">22086.264</dst>
            <dst id="SNVAng">102.261333333333</dst>
            <dst id="STTLng">7596.08266666667</dst>
            <dst id="WASHng">7350.056</dst>
        </src>
        <src id="DNVRng">
            <dst id="ATLA-M5">102.026666666667</dst>
            <dst id="ATLAng">1959.75466666667</dst>
            <dst id="CHINng">35727.3093333333</dst>
            <dst id="DNVRng">12376.256</dst>
            <dst id="HSTNng">24412.5573333333</dst>
            <dst id="IPLSng">28820.592</dst>
            <dst id="KSCYng">31588.8853333333</dst>
            <dst id="LOSAng">4401.24533333333</dst>
            <dst id="NYCMng">15219.2693333333</dst>
            <dst id="SNVAng">8216.69066666667</dst>
            <dst id="STTLng">3544.00533333333</dst>
            <dst id="WASHng">46390.16</dst>
        </src>
        <src id="HSTNng">
            <dst id="ATLA-M5">2268.10933333333</dst>
            <dst id="ATLAng">2995.296</dst>
            <dst id="CHINng">10433.0133333333</dst>
            <dst id="DNVRng">1014.30133333333</dst>
            <dst id="HSTNng">10445.2773333333</dst>
            <dst id="IPLSng">2375.704</dst>
            <dst id="KSCYng">630.658666666667</dst>
            <dst id="LOSAng">3523.328</dst>
            <dst id="NYCMng">2351.52</dst>
            <dst id="SNVAng">0</dst>
            <dst id="STTLng">572.130666666667</dst>
            <dst id="WASHng">1996.26933333333</dst>
        </src>
        <src id="IPLSng">
            <dst id="ATLA-M5">0</dst>
            <dst id="ATLAng">13106.1893333333</dst>
            <dst id="CHINng">37784.152</dst>
            <dst id="DNVRng">5983.45866666667</dst>
            <dst id="HSTNng">681.949333333333</dst>
            <dst id="IPLSng">1672.98666666667</dst>
            <dst id="KSCYng">1236.912</dst>
            <dst id="LOSAng">13900.0026666667</dst>
            <dst id="NYCMng">23558.136</dst>
            <dst id="SNVAng">210.581333333333</dst>
            <dst id="STTLng">4578.88</dst>
            <dst id="WASHng">11622.2453333333</dst>
        </src>
        <src id="KSCYng">
            <dst id="ATLA-M5">0</dst>
            <dst id="ATLAng">3681.38666666667</dst>
            <dst id="CHINng">7314.88266666667</dst>
            <dst id="DNVRng">5177.17333333333</dst>
            <dst id="HSTNng">5916.88</dst>
            <dst id="IPLSng">9144.968</dst>
            <dst id="KSCYng">6593.86933333333</dst>
            <dst id="LOSAng">3281.84266666667</dst>
            <dst id="NYCMng">941.613333333333</dst>
            <dst id="SNVAng">10283.9733333333</dst>
            <dst id="STTLng">1549.92533333333</dst>
            <dst id="WASHng">11379.3466666667</dst>
        </src>
        <src id="LOSAng">
            <dst id="ATLA-M5">53.3333333333333</dst>
            <dst id="ATLAng">9023.37866666667</dst>
            <dst id="CHINng">32521.2293333333</dst>
            <dst id="DNVRng">10440.2213333333</dst>
            <dst id="HSTNng">2126.42933333333</dst>
            <dst id="IPLSng">16384.4906666667</dst>
            <dst id="KSCYng">15185.696</dst>
            <dst id="LOSAng">18996.5866666667</dst>
            <dst id="NYCMng">18736.0586666667</dst>
            <dst id="SNVAng">21489.0906666667</dst>
            <dst id="STTLng">25757.96</dst>
            <dst id="WASHng">82155.8293333333</dst>
        </src>
        <src id="NYCMng">
            <dst id="ATLA-M5">145.112</dst>
            <dst id="ATLAng">5731.41866666667</dst>
            <dst id="CHINng">20732.6746666667</dst>
            <dst id="DNVRng">21981.456</dst>
            <dst id="HSTNng">3422.04</dst>
            <dst id="IPLSng">8856.552</dst>
            <dst id="KSCYng">6229.94666666667</dst>
            <dst id="LOSAng">51430.7253333333</dst>
            <dst id="NYCMng">49854.68</dst>
            <dst id="SNVAng">687.170666666667</dst>
            <dst id="STTLng">17553.5146666667</dst>
            <dst id="WASHng">24550.416</dst>
        </src>
        <src id="SNVAng">
            <dst id="ATLA-M5">0</dst>
            <dst id="ATLAng">26.6666666666667</dst>
            <dst id="CHINng">57.4933333333333</dst>
            <dst id="DNVRng">397.082666666667</dst>
            <dst id="HSTNng">0</dst>
            <dst id="IPLSng">227.829333333333</dst>
            <dst id="KSCYng">26.6666666666667</dst>
            <dst id="LOSAng">35943.2613333333</dst>
            <dst id="NYCMng">83.5386666666667</dst>
            <dst id="SNVAng">9451.232</dst>
            <dst id="STTLng">38791.176</dst>
            <dst id="WASHng">26.6666666666667</dst>
        </src>
        <src id="STTLng">
            <dst id="ATLA-M5">88.7306666666667</dst>
            <dst id="ATLAng">5769.36533333333</dst>
            <dst id="CHINng">7522.35733333333</dst>
            <dst id="DNVRng">2639.93866666667</dst>
            <dst id="HSTNng">597.128</dst>
            <dst id="IPLSng">5101.02933333333</dst>
            <dst id="KSCYng">3552.09066666667</dst>
            <dst id="LOSAng">12948.3866666667</dst>
            <dst id="NYCMng">10338.2026666667</dst>
            <dst id="SNVAng">8209.62933333333</dst>
            <dst id="STTLng">1038.64</dst>
            <dst id="WASHng">6855.08533333334</dst>
        </src>
        <src id="WASHng">
            <dst id="ATLA-M5">26.6666666666667</dst>
            <dst id="ATLAng">93468.7226666667</dst>
            <dst id="CHINng">69582.2293333333</dst>
            <dst id="DNVRng">60756.5413333334</dst>
            <dst id="HSTNng">18808.8693333333</dst>
            <dst id="IPLSng">62485.616</dst>
            <dst id="KSCYng">52111.056</dst>
            <dst id="LOSAng">101327.746666667</dst>
            <dst id="NYCMng">151664.541333333</dst>
            <dst id="SNVAng">5367.216</dst>
            <dst id="STTLng">51596.9493333333</dst>
            <dst id="WASHng">337205.066666667</dst>
        </src>
    </IntraTM>
</TrafficMatrixFile>
