<?xml version="1.0" encoding="ISO-8859-1" standalone="yes"?>
<TrafficMatrixFile xsi:noNamespaceSchemaLocation="http://totem.run.montefiore.ulg.ac.be/Schema/TrafficMatrix-v1_2.xsd" xmlns:xsi="http://www.w3.org/2001/XMLSchema-instance">
    <IntraTM ASID="11537">
        <src id="ATLA-M5">
            <dst id="ATLA-M5">4146.128</dst>
            <dst id="ATLAng">146.184</dst>
            <dst id="CHINng">845.034666666667</dst>
            <dst id="DNVRng">95.6266666666667</dst>
            <dst id="HSTNng">136.874666666667</dst>
            <dst id="IPLSng">99.792</dst>
            <dst id="KSCYng">112.168</dst>
            <dst id="LOSAng">193.557333333333</dst>
            <dst id="NYCMng">142.149333333333</dst>
            <dst id="SNVAng">60.224</dst>
            <dst id="STTLng">40.544</dst>
            <dst id="WASHng">658.242666666667</dst>
        </src>
        <src id="ATLAng">
            <dst id="ATLA-M5">388.44</dst>
            <dst id="ATLAng">56784.6293333333</dst>
            <dst id="CHINng">16789.008</dst>
            <dst id="DNVRng">5307.752</dst>
            <dst id="HSTNng">37988.6533333333</dst>
            <dst id="IPLSng">17871.8426666667</dst>
            <dst id="KSCYng">13240.52</dst>
            <dst id="LOSAng">7693.36666666667</dst>
            <dst id="NYCMng">11799.0906666667</dst>
            <dst id="SNVAng">9169.38</dst>
            <dst id="STTLng">4271.976</dst>
            <dst id="WASHng">51317.656</dst>
        </src>
        <src id="CHINng">
            <dst id="ATLA-M5">449.301333333333</dst>
            <dst id="ATLAng">23938.0586666667</dst>
            <dst id="CHINng">135947.554666667</dst>
            <dst id="DNVRng">8708.21866666667</dst>
            <dst id="HSTNng">13234.568</dst>
            <dst id="IPLSng">31722.6453333333</dst>
            <dst id="KSCYng">10153.9546666667</dst>
            <dst id="LOSAng">9306.824</dst>
            <dst id="NYCMng">16451.9013333333</dst>
            <dst id="SNVAng">25549.4373333333</dst>
            <dst id="STTLng">9330.06666666667</dst>
            <dst id="WASHng">43351.088</dst>
        </src>
        <src id="DNVRng">
            <dst id="ATLA-M5">338.322666666667</dst>
            <dst id="ATLAng">12510.7253333333</dst>
            <dst id="CHINng">74676.04</dst>
            <dst id="DNVRng">14609.4773333333</dst>
            <dst id="HSTNng">25319.168</dst>
            <dst id="IPLSng">28930.6773333333</dst>
            <dst id="KSCYng">33706.4</dst>
            <dst id="LOSAng">2712.024</dst>
            <dst id="NYCMng">17774.1013333333</dst>
            <dst id="SNVAng">33623.5306666667</dst>
            <dst id="STTLng">23146.3626666667</dst>
            <dst id="WASHng">62902.104</dst>
        </src>
        <src id="HSTNng">
            <dst id="ATLA-M5">2022.38933333333</dst>
            <dst id="ATLAng">5881.70933333333</dst>
            <dst id="CHINng">14388.5093333333</dst>
            <dst id="DNVRng">2376.872</dst>
            <dst id="HSTNng">16989.5626666667</dst>
            <dst id="IPLSng">2467.248</dst>
            <dst id="KSCYng">4181.92266666667</dst>
            <dst id="LOSAng">8689.336</dst>
            <dst id="NYCMng">2442.45066666667</dst>
            <dst id="SNVAng">209.194666666667</dst>
            <dst id="STTLng">2180.672</dst>
            <dst id="WASHng">5065.11733333333</dst>
        </src>
        <src id="IPLSng">
            <dst id="ATLA-M5">298.029333333333</dst>
            <dst id="ATLAng">35247.7973333333</dst>
            <dst id="CHINng">71211.96</dst>
            <dst id="DNVRng">14009.024</dst>
            <dst id="HSTNng">2596.20533333333</dst>
            <dst id="IPLSng">26381.0373333333</dst>
            <dst id="KSCYng">5908.816</dst>
            <dst id="LOSAng">5464.848</dst>
            <dst id="NYCMng">46374.3413333333</dst>
            <dst id="SNVAng">13790.4906666667</dst>
            <dst id="STTLng">10315.6106666667</dst>
            <dst id="WASHng">36358.712</dst>
        </src>
        <src id="KSCYng">
            <dst id="ATLA-M5">247.026666666667</dst>
            <dst id="ATLAng">5125.312</dst>
            <dst id="CHINng">16430.1626666667</dst>
            <dst id="DNVRng">15461.8586666667</dst>
            <dst id="HSTNng">5292.216</dst>
            <dst id="IPLSng">14770.0933333333</dst>
            <dst id="KSCYng">9406.2</dst>
            <dst id="LOSAng">479.917333333333</dst>
            <dst id="NYCMng">2314.06133333333</dst>
            <dst id="SNVAng">6793.50133333333</dst>
            <dst id="STTLng">3745.38666666667</dst>
            <dst id="WASHng">8174.232</dst>
        </src>
        <src id="LOSAng">
            <dst id="ATLA-M5">1234.29333333333</dst>
            <dst id="ATLAng">24951.6693333333</dst>
            <dst id="CHINng">86413.5066666667</dst>
            <dst id="DNVRng">12519.3946666667</dst>
            <dst id="HSTNng">15591.7466666667</dst>
            <dst id="IPLSng">22623.7013333333</dst>
            <dst id="KSCYng">3485.18933333333</dst>
            <dst id="LOSAng">14565.7466666667</dst>
            <dst id="NYCMng">34509.5466666667</dst>
            <dst id="SNVAng">29499.2213333333</dst>
            <dst id="STTLng">24204.0853333333</dst>
            <dst id="WASHng">145516.28</dst>
        </src>
        <src id="NYCMng">
            <dst id="ATLA-M5">721.178666666667</dst>
            <dst id="ATLAng">31895.92</dst>
            <dst id="CHINng">40115.3653333333</dst>
            <dst id="DNVRng">35581.8666666667</dst>
            <dst id="HSTNng">15824.888</dst>
            <dst id="IPLSng">33426.216</dst>
            <dst id="KSCYng">9077.20533333333</dst>
            <dst id="LOSAng">7793.11466666667</dst>
            <dst id="NYCMng">111733.325333333</dst>
            <dst id="SNVAng">66668.992</dst>
            <dst id="STTLng">16491.48</dst>
            <dst id="WASHng">84772.1093333333</dst>
        </src>
        <src id="SNVAng">
            <dst id="ATLA-M5">0</dst>
            <dst id="ATLAng">570.005333333333</dst>
            <dst id="CHINng">106.666666666667</dst>
            <dst id="DNVRng">12701.9226666667</dst>
            <dst id="HSTNng">125.226666666667</dst>
            <dst id="IPLSng">288.072</dst>
            <dst id="KSCYng">0</dst>
            <dst id="LOSAng">455.997333333333</dst>
            <dst id="NYCMng">8229.19466666667</dst>
            <dst id="SNVAng">45399.52</dst>
            <dst id="STTLng">41088.568</dst>
            <dst id="WASHng">1784.39733333333</dst>
        </src>
        <src id="STTLng">
            <dst id="ATLA-M5">151.229333333333</dst>
            <dst id="ATLAng">11308.6746666667</dst>
            <dst id="CHINng">34875.76</dst>
            <dst id="DNVRng">9356.976</dst>
            <dst id="HSTNng">7317.84266666667</dst>
            <dst id="IPLSng">11880.3866666667</dst>
            <dst id="KSCYng">5137.46133333333</dst>
            <dst id="LOSAng">2289.95466666667</dst>
            <dst id="NYCMng">15587.0506666667</dst>
            <dst id="SNVAng">15406.9386666667</dst>
            <dst id="STTLng">4347.272</dst>
            <dst id="WASHng">24855.2346666667</dst>
        </src>
        <src id="WASHng">
            <dst id="ATLA-M5">403.205333333333</dst>
            <dst id="ATLAng">172673.117333333</dst>
            <dst id="CHINng">84320.104</dst>
            <dst id="DNVRng">43115.064</dst>
            <dst id="HSTNng">14654.9333333333</dst>
            <dst id="IPLSng">35633.016</dst>
            <dst id="KSCYng">19441.9493333333</dst>
            <dst id="LOSAng">50290.04</dst>
            <dst id="NYCMng">172550.368</dst>
            <dst id="SNVAng">48528.7466666667</dst>
            <dst id="STTLng">21547.6613333333</dst>
            <dst id="WASHng">334008.453333333</dst>
        </src>
    </IntraTM>
</TrafficMatrixFile>
