<?xml version="1.0" encoding="ISO-8859-1" standalone="yes"?>
<TrafficMatrixFile xsi:noNamespaceSchemaLocation="http://totem.run.montefiore.ulg.ac.be/Schema/TrafficMatrix-v1_2.xsd" xmlns:xsi="http://www.w3.org/2001/XMLSchema-instance">
    <IntraTM ASID="11537">
        <src id="ATLA-M5">
            <dst id="ATLA-M5">0</dst>
            <dst id="ATLAng">66.6666666666667</dst>
            <dst id="CHINng">247.037333333333</dst>
            <dst id="DNVRng">26.6666666666667</dst>
            <dst id="HSTNng">56.5146666666667</dst>
            <dst id="IPLSng">0</dst>
            <dst id="KSCYng">0</dst>
            <dst id="LOSAng">0</dst>
            <dst id="NYCMng">53.3333333333333</dst>
            <dst id="SNVAng">0</dst>
            <dst id="STTLng">80</dst>
            <dst id="WASHng">248.856</dst>
        </src>
        <src id="ATLAng">
            <dst id="ATLA-M5">127.584</dst>
            <dst id="ATLAng">34650.224</dst>
            <dst id="CHINng">16569.688</dst>
            <dst id="DNVRng">4093.25066666667</dst>
            <dst id="HSTNng">7314.33866666667</dst>
            <dst id="IPLSng">12492.0586666667</dst>
            <dst id="KSCYng">503.365333333333</dst>
            <dst id="LOSAng">15974.9346666667</dst>
            <dst id="NYCMng">2466.768</dst>
            <dst id="SNVAng">5338.684</dst>
            <dst id="STTLng">2207.06666666667</dst>
            <dst id="WASHng">12033.0453333333</dst>
        </src>
        <src id="CHINng">
            <dst id="ATLA-M5">225.592</dst>
            <dst id="ATLAng">21410.448</dst>
            <dst id="CHINng">97215.6373333333</dst>
            <dst id="DNVRng">5220.088</dst>
            <dst id="HSTNng">6840.50666666667</dst>
            <dst id="IPLSng">25241.0373333333</dst>
            <dst id="KSCYng">20951.5706666667</dst>
            <dst id="LOSAng">3434.328</dst>
            <dst id="NYCMng">9299.88533333333</dst>
            <dst id="SNVAng">25254.7146666667</dst>
            <dst id="STTLng">10363.3786666667</dst>
            <dst id="WASHng">9170.056</dst>
        </src>
        <src id="DNVRng">
            <dst id="ATLA-M5">902.197333333333</dst>
            <dst id="ATLAng">2879.01866666667</dst>
            <dst id="CHINng">32029.048</dst>
            <dst id="DNVRng">8313.24533333333</dst>
            <dst id="HSTNng">20289.024</dst>
            <dst id="IPLSng">25210.8106666667</dst>
            <dst id="KSCYng">14945.872</dst>
            <dst id="LOSAng">669.738666666667</dst>
            <dst id="NYCMng">12208.8853333333</dst>
            <dst id="SNVAng">24832.4746666667</dst>
            <dst id="STTLng">11844.712</dst>
            <dst id="WASHng">38145.8266666667</dst>
        </src>
        <src id="HSTNng">
            <dst id="ATLA-M5">3157.912</dst>
            <dst id="ATLAng">1323.87733333333</dst>
            <dst id="CHINng">9393.76533333333</dst>
            <dst id="DNVRng">985.186666666667</dst>
            <dst id="HSTNng">13098.1173333333</dst>
            <dst id="IPLSng">2063.73333333333</dst>
            <dst id="KSCYng">1228.43733333333</dst>
            <dst id="LOSAng">4282.33866666667</dst>
            <dst id="NYCMng">1800.648</dst>
            <dst id="SNVAng">53.3333333333333</dst>
            <dst id="STTLng">2368.62933333333</dst>
            <dst id="WASHng">4774.43466666667</dst>
        </src>
        <src id="IPLSng">
            <dst id="ATLA-M5">55.432</dst>
            <dst id="ATLAng">4794.81066666667</dst>
            <dst id="CHINng">32906.368</dst>
            <dst id="DNVRng">9124.26133333333</dst>
            <dst id="HSTNng">2739.184</dst>
            <dst id="IPLSng">5607.75733333333</dst>
            <dst id="KSCYng">2525.30133333333</dst>
            <dst id="LOSAng">2077.26933333333</dst>
            <dst id="NYCMng">9322.368</dst>
            <dst id="SNVAng">5507.36533333333</dst>
            <dst id="STTLng">18069.0026666667</dst>
            <dst id="WASHng">5752.36533333333</dst>
        </src>
        <src id="KSCYng">
            <dst id="ATLA-M5">85.72</dst>
            <dst id="ATLAng">2603.25066666667</dst>
            <dst id="CHINng">15171.0026666667</dst>
            <dst id="DNVRng">4714.33866666667</dst>
            <dst id="HSTNng">6232.17066666667</dst>
            <dst id="IPLSng">12017.9973333333</dst>
            <dst id="KSCYng">8276.32</dst>
            <dst id="LOSAng">594.829333333333</dst>
            <dst id="NYCMng">2852.80266666667</dst>
            <dst id="SNVAng">8911.85066666667</dst>
            <dst id="STTLng">2208.152</dst>
            <dst id="WASHng">7946.73866666667</dst>
        </src>
        <src id="LOSAng">
            <dst id="ATLA-M5">225.149333333333</dst>
            <dst id="ATLAng">14449.0906666667</dst>
            <dst id="CHINng">44803.8133333333</dst>
            <dst id="DNVRng">6979.84533333334</dst>
            <dst id="HSTNng">3318.41866666667</dst>
            <dst id="IPLSng">9812.57333333333</dst>
            <dst id="KSCYng">2331.24533333333</dst>
            <dst id="LOSAng">18374.7066666667</dst>
            <dst id="NYCMng">27078.096</dst>
            <dst id="SNVAng">23517.136</dst>
            <dst id="STTLng">27002.1706666667</dst>
            <dst id="WASHng">71421.672</dst>
        </src>
        <src id="NYCMng">
            <dst id="ATLA-M5">427.672</dst>
            <dst id="ATLAng">15384.8773333333</dst>
            <dst id="CHINng">28237.624</dst>
            <dst id="DNVRng">24301.3866666667</dst>
            <dst id="HSTNng">10585.368</dst>
            <dst id="IPLSng">12247.52</dst>
            <dst id="KSCYng">5149.35466666667</dst>
            <dst id="LOSAng">8889.74933333333</dst>
            <dst id="NYCMng">81912.9626666666</dst>
            <dst id="SNVAng">49362.1973333333</dst>
            <dst id="STTLng">32625.9733333333</dst>
            <dst id="WASHng">33688.5306666667</dst>
        </src>
        <src id="SNVAng">
            <dst id="ATLA-M5">0</dst>
            <dst id="ATLAng">639.701333333333</dst>
            <dst id="CHINng">26.6666666666667</dst>
            <dst id="DNVRng">2174.86666666667</dst>
            <dst id="HSTNng">26.6666666666667</dst>
            <dst id="IPLSng">334.552</dst>
            <dst id="KSCYng">26.6666666666667</dst>
            <dst id="LOSAng">4018.47733333333</dst>
            <dst id="NYCMng">55.024</dst>
            <dst id="SNVAng">36973.928</dst>
            <dst id="STTLng">33483.7546666667</dst>
            <dst id="WASHng">147.578666666667</dst>
        </src>
        <src id="STTLng">
            <dst id="ATLA-M5">30.6933333333333</dst>
            <dst id="ATLAng">4665.576</dst>
            <dst id="CHINng">13254.544</dst>
            <dst id="DNVRng">4165.66933333333</dst>
            <dst id="HSTNng">3054.38933333333</dst>
            <dst id="IPLSng">15831.1146666667</dst>
            <dst id="KSCYng">2032.24266666667</dst>
            <dst id="LOSAng">5261.24266666667</dst>
            <dst id="NYCMng">14534.3093333333</dst>
            <dst id="SNVAng">23001.6186666667</dst>
            <dst id="STTLng">1230.88</dst>
            <dst id="WASHng">3645.86133333333</dst>
        </src>
        <src id="WASHng">
            <dst id="ATLA-M5">455.029333333333</dst>
            <dst id="ATLAng">92253.728</dst>
            <dst id="CHINng">89183.288</dst>
            <dst id="DNVRng">30844.1973333333</dst>
            <dst id="HSTNng">26713.5973333333</dst>
            <dst id="IPLSng">17217.8373333333</dst>
            <dst id="KSCYng">29715.2053333333</dst>
            <dst id="LOSAng">69570.8133333333</dst>
            <dst id="NYCMng">153991.152</dst>
            <dst id="SNVAng">28937.4293333333</dst>
            <dst id="STTLng">35112.2453333333</dst>
            <dst id="WASHng">192387.317333333</dst>
        </src>
    </IntraTM>
</TrafficMatrixFile>
