<?xml version="1.0" encoding="ISO-8859-1" standalone="yes"?>
<TrafficMatrixFile xsi:noNamespaceSchemaLocation="http://totem.run.montefiore.ulg.ac.be/Schema/TrafficMatrix-v1_2.xsd" xmlns:xsi="http://www.w3.org/2001/XMLSchema-instance">
    <IntraTM ASID="11537">
        <src id="ATLA-M5">
            <dst id="ATLA-M5">0</dst>
            <dst id="ATLAng">70.32</dst>
            <dst id="CHINng">241.349333333333</dst>
            <dst id="DNVRng">0</dst>
            <dst id="HSTNng">75.9546666666667</dst>
            <dst id="IPLSng">0</dst>
            <dst id="KSCYng">26.6666666666667</dst>
            <dst id="LOSAng">64.288</dst>
            <dst id="NYCMng">118.92</dst>
            <dst id="SNVAng">86.2053333333333</dst>
            <dst id="STTLng">57.648</dst>
            <dst id="WASHng">1232.81333333333</dst>
        </src>
        <src id="ATLAng">
            <dst id="ATLA-M5">95.432</dst>
            <dst id="ATLAng">18397.3253333333</dst>
            <dst id="CHINng">3969.68533333333</dst>
            <dst id="DNVRng">4417.424</dst>
            <dst id="HSTNng">582.824</dst>
            <dst id="IPLSng">8832.392</dst>
            <dst id="KSCYng">570.306666666667</dst>
            <dst id="LOSAng">6580.01066666667</dst>
            <dst id="NYCMng">1341.38933333333</dst>
            <dst id="SNVAng">79.232</dst>
            <dst id="STTLng">1241.952</dst>
            <dst id="WASHng">23758.7546666667</dst>
        </src>
        <src id="CHINng">
            <dst id="ATLA-M5">163.792</dst>
            <dst id="ATLAng">15918.5306666667</dst>
            <dst id="CHINng">66163.336</dst>
            <dst id="DNVRng">9319.632</dst>
            <dst id="HSTNng">7916.21066666667</dst>
            <dst id="IPLSng">23823.0853333333</dst>
            <dst id="KSCYng">16300.584</dst>
            <dst id="LOSAng">30383.2693333333</dst>
            <dst id="NYCMng">24505.5253333333</dst>
            <dst id="SNVAng">398.488</dst>
            <dst id="STTLng">6629.88533333333</dst>
            <dst id="WASHng">14776.4586666667</dst>
        </src>
        <src id="DNVRng">
            <dst id="ATLA-M5">69.1626666666667</dst>
            <dst id="ATLAng">6459.152</dst>
            <dst id="CHINng">44063.296</dst>
            <dst id="DNVRng">4045.84533333333</dst>
            <dst id="HSTNng">18405.7333333333</dst>
            <dst id="IPLSng">31579.9493333333</dst>
            <dst id="KSCYng">10765.256</dst>
            <dst id="LOSAng">6807.86133333333</dst>
            <dst id="NYCMng">13279.808</dst>
            <dst id="SNVAng">5856.80533333333</dst>
            <dst id="STTLng">3646.896</dst>
            <dst id="WASHng">32928.152</dst>
        </src>
        <src id="HSTNng">
            <dst id="ATLA-M5">1675.46666666667</dst>
            <dst id="ATLAng">1930.86933333333</dst>
            <dst id="CHINng">6798.36</dst>
            <dst id="DNVRng">1209.79733333333</dst>
            <dst id="HSTNng">15820.5226666667</dst>
            <dst id="IPLSng">1642.264</dst>
            <dst id="KSCYng">2322.24533333333</dst>
            <dst id="LOSAng">3891.62133333333</dst>
            <dst id="NYCMng">7462.85333333333</dst>
            <dst id="SNVAng">55.04</dst>
            <dst id="STTLng">993.725333333333</dst>
            <dst id="WASHng">8295.45866666667</dst>
        </src>
        <src id="IPLSng">
            <dst id="ATLA-M5">0</dst>
            <dst id="ATLAng">8405.12</dst>
            <dst id="CHINng">26565.6026666667</dst>
            <dst id="DNVRng">9266.16</dst>
            <dst id="HSTNng">3563.75733333333</dst>
            <dst id="IPLSng">3286.49866666667</dst>
            <dst id="KSCYng">13778.3066666667</dst>
            <dst id="LOSAng">16297.968</dst>
            <dst id="NYCMng">8500.93333333334</dst>
            <dst id="SNVAng">723.154666666667</dst>
            <dst id="STTLng">4503.89333333333</dst>
            <dst id="WASHng">10003.5493333333</dst>
        </src>
        <src id="KSCYng">
            <dst id="ATLA-M5">31.7226666666667</dst>
            <dst id="ATLAng">4220.28266666667</dst>
            <dst id="CHINng">6210.88</dst>
            <dst id="DNVRng">4671.68266666667</dst>
            <dst id="HSTNng">5800.76266666667</dst>
            <dst id="IPLSng">12614.3733333333</dst>
            <dst id="KSCYng">8142.36533333333</dst>
            <dst id="LOSAng">6402.93066666667</dst>
            <dst id="NYCMng">1285.28266666667</dst>
            <dst id="SNVAng">2021.77066666667</dst>
            <dst id="STTLng">1015.01066666667</dst>
            <dst id="WASHng">10222.8693333333</dst>
        </src>
        <src id="LOSAng">
            <dst id="ATLA-M5">26.6666666666667</dst>
            <dst id="ATLAng">17832.9573333333</dst>
            <dst id="CHINng">47414.576</dst>
            <dst id="DNVRng">7381.33066666666</dst>
            <dst id="HSTNng">5380.32266666667</dst>
            <dst id="IPLSng">18933.136</dst>
            <dst id="KSCYng">4666.08266666667</dst>
            <dst id="LOSAng">11057.92</dst>
            <dst id="NYCMng">22139.448</dst>
            <dst id="SNVAng">22414.8</dst>
            <dst id="STTLng">28850.6186666667</dst>
            <dst id="WASHng">105579.509333333</dst>
        </src>
        <src id="NYCMng">
            <dst id="ATLA-M5">195.056</dst>
            <dst id="ATLAng">14613.264</dst>
            <dst id="CHINng">13755.0053333333</dst>
            <dst id="DNVRng">20731.5226666667</dst>
            <dst id="HSTNng">3001.336</dst>
            <dst id="IPLSng">11887.3386666667</dst>
            <dst id="KSCYng">10900.912</dst>
            <dst id="LOSAng">53358.4826666667</dst>
            <dst id="NYCMng">68494.2026666667</dst>
            <dst id="SNVAng">1282.03733333333</dst>
            <dst id="STTLng">12198.8533333333</dst>
            <dst id="WASHng">83766.0533333333</dst>
        </src>
        <src id="SNVAng">
            <dst id="ATLA-M5">0</dst>
            <dst id="ATLAng">26.6666666666667</dst>
            <dst id="CHINng">90.7946666666667</dst>
            <dst id="DNVRng">5146.28</dst>
            <dst id="HSTNng">0</dst>
            <dst id="IPLSng">230.112</dst>
            <dst id="KSCYng">0</dst>
            <dst id="LOSAng">29859.872</dst>
            <dst id="NYCMng">0</dst>
            <dst id="SNVAng">7669.65866666667</dst>
            <dst id="STTLng">35018.312</dst>
            <dst id="WASHng">80</dst>
        </src>
        <src id="STTLng">
            <dst id="ATLA-M5">144.618666666667</dst>
            <dst id="ATLAng">7221.992</dst>
            <dst id="CHINng">15094.0426666667</dst>
            <dst id="DNVRng">3349.696</dst>
            <dst id="HSTNng">689.482666666667</dst>
            <dst id="IPLSng">6106.90933333333</dst>
            <dst id="KSCYng">2466.05333333333</dst>
            <dst id="LOSAng">11314.5466666667</dst>
            <dst id="NYCMng">9418.648</dst>
            <dst id="SNVAng">8734.16533333333</dst>
            <dst id="STTLng">4457.17333333333</dst>
            <dst id="WASHng">8446.60266666667</dst>
        </src>
        <src id="WASHng">
            <dst id="ATLA-M5">8915.72533333333</dst>
            <dst id="ATLAng">71045.584</dst>
            <dst id="CHINng">59714.168</dst>
            <dst id="DNVRng">64327.8106666667</dst>
            <dst id="HSTNng">9070.45866666667</dst>
            <dst id="IPLSng">55576.6373333333</dst>
            <dst id="KSCYng">30550.4133333333</dst>
            <dst id="LOSAng">101783.178666667</dst>
            <dst id="NYCMng">139581.84</dst>
            <dst id="SNVAng">1050.87733333333</dst>
            <dst id="STTLng">18896.3813333333</dst>
            <dst id="WASHng">216702.04</dst>
        </src>
    </IntraTM>
</TrafficMatrixFile>
