<?xml version="1.0" encoding="ISO-8859-1" standalone="yes"?>
<TrafficMatrixFile xsi:noNamespaceSchemaLocation="http://totem.run.montefiore.ulg.ac.be/Schema/TrafficMatrix-v1_2.xsd" xmlns:xsi="http://www.w3.org/2001/XMLSchema-instance">
    <IntraTM ASID="11537">
        <src id="ATLA-M5">
            <dst id="ATLA-M5">4035.704</dst>
            <dst id="ATLAng">194.608</dst>
            <dst id="CHINng">1199.84533333333</dst>
            <dst id="DNVRng">0</dst>
            <dst id="HSTNng">151.898666666667</dst>
            <dst id="IPLSng">59.0106666666667</dst>
            <dst id="KSCYng">62.24</dst>
            <dst id="LOSAng">55.5506666666667</dst>
            <dst id="NYCMng">258.101333333333</dst>
            <dst id="SNVAng">28.884</dst>
            <dst id="STTLng">40.296</dst>
            <dst id="WASHng">1562.36266666667</dst>
        </src>
        <src id="ATLAng">
            <dst id="ATLA-M5">235.024</dst>
            <dst id="ATLAng">55814.9813333333</dst>
            <dst id="CHINng">31625.6106666667</dst>
            <dst id="DNVRng">4093.96</dst>
            <dst id="HSTNng">31276.832</dst>
            <dst id="IPLSng">16246.7973333333</dst>
            <dst id="KSCYng">10633.9306666667</dst>
            <dst id="LOSAng">5033.71066666667</dst>
            <dst id="NYCMng">16322.56</dst>
            <dst id="SNVAng">7364.804</dst>
            <dst id="STTLng">3257.23466666667</dst>
            <dst id="WASHng">51102.512</dst>
        </src>
        <src id="CHINng">
            <dst id="ATLA-M5">795.642666666667</dst>
            <dst id="ATLAng">14394.488</dst>
            <dst id="CHINng">101796.264</dst>
            <dst id="DNVRng">5182.48</dst>
            <dst id="HSTNng">8823.97333333333</dst>
            <dst id="IPLSng">50849.9573333333</dst>
            <dst id="KSCYng">10427.6266666667</dst>
            <dst id="LOSAng">3883.45066666667</dst>
            <dst id="NYCMng">19328.3973333333</dst>
            <dst id="SNVAng">30169.4693333333</dst>
            <dst id="STTLng">5645.73066666667</dst>
            <dst id="WASHng">20893.8186666667</dst>
        </src>
        <src id="DNVRng">
            <dst id="ATLA-M5">191.733333333333</dst>
            <dst id="ATLAng">11554.984</dst>
            <dst id="CHINng">49927.7466666667</dst>
            <dst id="DNVRng">18793.4613333333</dst>
            <dst id="HSTNng">24393.2533333333</dst>
            <dst id="IPLSng">32321.8213333333</dst>
            <dst id="KSCYng">13568.7493333333</dst>
            <dst id="LOSAng">794.042666666667</dst>
            <dst id="NYCMng">31849.104</dst>
            <dst id="SNVAng">24116.32</dst>
            <dst id="STTLng">27300.5333333333</dst>
            <dst id="WASHng">62928.7333333333</dst>
        </src>
        <src id="HSTNng">
            <dst id="ATLA-M5">1141.76266666667</dst>
            <dst id="ATLAng">7242.47466666667</dst>
            <dst id="CHINng">21430.712</dst>
            <dst id="DNVRng">6753.08266666667</dst>
            <dst id="HSTNng">19634.176</dst>
            <dst id="IPLSng">2873.224</dst>
            <dst id="KSCYng">1787.47466666667</dst>
            <dst id="LOSAng">1807.59733333333</dst>
            <dst id="NYCMng">4334.344</dst>
            <dst id="SNVAng">377.976</dst>
            <dst id="STTLng">1343.72</dst>
            <dst id="WASHng">4665.73866666667</dst>
        </src>
        <src id="IPLSng">
            <dst id="ATLA-M5">80</dst>
            <dst id="ATLAng">9494.86133333333</dst>
            <dst id="CHINng">84397.648</dst>
            <dst id="DNVRng">6667.512</dst>
            <dst id="HSTNng">4322.24533333333</dst>
            <dst id="IPLSng">32540.5013333333</dst>
            <dst id="KSCYng">15049.6453333333</dst>
            <dst id="LOSAng">1363.47466666667</dst>
            <dst id="NYCMng">25358.7093333333</dst>
            <dst id="SNVAng">5153.07466666667</dst>
            <dst id="STTLng">8227.07466666667</dst>
            <dst id="WASHng">23997.5253333333</dst>
        </src>
        <src id="KSCYng">
            <dst id="ATLA-M5">26.6666666666667</dst>
            <dst id="ATLAng">5441.92266666667</dst>
            <dst id="CHINng">17673.36</dst>
            <dst id="DNVRng">4170.36266666667</dst>
            <dst id="HSTNng">6807.44266666667</dst>
            <dst id="IPLSng">12483.4213333333</dst>
            <dst id="KSCYng">8898.13333333333</dst>
            <dst id="LOSAng">602.317333333333</dst>
            <dst id="NYCMng">3092.61333333333</dst>
            <dst id="SNVAng">4723.71466666667</dst>
            <dst id="STTLng">4703.496</dst>
            <dst id="WASHng">7476.58933333333</dst>
        </src>
        <src id="LOSAng">
            <dst id="ATLA-M5">65.7333333333333</dst>
            <dst id="ATLAng">29649.6986666667</dst>
            <dst id="CHINng">103515.733333333</dst>
            <dst id="DNVRng">9944.32</dst>
            <dst id="HSTNng">4200.19466666667</dst>
            <dst id="IPLSng">19221.4</dst>
            <dst id="KSCYng">1820.05066666667</dst>
            <dst id="LOSAng">14350.9466666667</dst>
            <dst id="NYCMng">71246.9413333333</dst>
            <dst id="SNVAng">24676.8426666667</dst>
            <dst id="STTLng">17142.232</dst>
            <dst id="WASHng">93377.9946666667</dst>
        </src>
        <src id="NYCMng">
            <dst id="ATLA-M5">628.488</dst>
            <dst id="ATLAng">35557.848</dst>
            <dst id="CHINng">59412.5626666667</dst>
            <dst id="DNVRng">27540.2986666667</dst>
            <dst id="HSTNng">6798.34133333333</dst>
            <dst id="IPLSng">13882.0186666667</dst>
            <dst id="KSCYng">10407.456</dst>
            <dst id="LOSAng">10398.2746666667</dst>
            <dst id="NYCMng">120623.976</dst>
            <dst id="SNVAng">46008.4106666667</dst>
            <dst id="STTLng">17123.9893333333</dst>
            <dst id="WASHng">78175.0213333334</dst>
        </src>
        <src id="SNVAng">
            <dst id="ATLA-M5">0</dst>
            <dst id="ATLAng">613.365333333333</dst>
            <dst id="CHINng">422.448</dst>
            <dst id="DNVRng">38005.0826666667</dst>
            <dst id="HSTNng">604.109333333333</dst>
            <dst id="IPLSng">279.890666666667</dst>
            <dst id="KSCYng">0</dst>
            <dst id="LOSAng">960.474666666667</dst>
            <dst id="NYCMng">26.6666666666667</dst>
            <dst id="SNVAng">46067.688</dst>
            <dst id="STTLng">39351.5946666667</dst>
            <dst id="WASHng">1671.456</dst>
        </src>
        <src id="STTLng">
            <dst id="ATLA-M5">512.922666666667</dst>
            <dst id="ATLAng">13118.8186666667</dst>
            <dst id="CHINng">31755.08</dst>
            <dst id="DNVRng">5979.68266666667</dst>
            <dst id="HSTNng">3673.58133333333</dst>
            <dst id="IPLSng">11486.1706666667</dst>
            <dst id="KSCYng">4100.05333333333</dst>
            <dst id="LOSAng">3331.032</dst>
            <dst id="NYCMng">17537.6506666667</dst>
            <dst id="SNVAng">13602.696</dst>
            <dst id="STTLng">11142.7146666667</dst>
            <dst id="WASHng">65726.4506666667</dst>
        </src>
        <src id="WASHng">
            <dst id="ATLA-M5">638.792</dst>
            <dst id="ATLAng">124167.072</dst>
            <dst id="CHINng">98439.5253333333</dst>
            <dst id="DNVRng">36690.752</dst>
            <dst id="HSTNng">24644.1173333333</dst>
            <dst id="IPLSng">56203.6506666667</dst>
            <dst id="KSCYng">38070.9253333333</dst>
            <dst id="LOSAng">62438.728</dst>
            <dst id="NYCMng">151755.824</dst>
            <dst id="SNVAng">19778.04</dst>
            <dst id="STTLng">20365.688</dst>
            <dst id="WASHng">296776.48</dst>
        </src>
    </IntraTM>
</TrafficMatrixFile>
