<?xml version="1.0" encoding="ISO-8859-1" standalone="yes"?>
<TrafficMatrixFile xsi:noNamespaceSchemaLocation="http://totem.run.montefiore.ulg.ac.be/Schema/TrafficMatrix-v1_2.xsd" xmlns:xsi="http://www.w3.org/2001/XMLSchema-instance">
    <IntraTM ASID="11537">
        <src id="ATLA-M5">
            <dst id="ATLA-M5">26.6666666666667</dst>
            <dst id="ATLAng">0</dst>
            <dst id="CHINng">75.5866666666667</dst>
            <dst id="DNVRng">0</dst>
            <dst id="HSTNng">65.1546666666667</dst>
            <dst id="IPLSng">53.3333333333333</dst>
            <dst id="KSCYng">0</dst>
            <dst id="LOSAng">66.6666666666667</dst>
            <dst id="NYCMng">590.029333333333</dst>
            <dst id="SNVAng">0</dst>
            <dst id="STTLng">26.6666666666667</dst>
            <dst id="WASHng">784.469333333333</dst>
        </src>
        <src id="ATLAng">
            <dst id="ATLA-M5">173.992</dst>
            <dst id="ATLAng">23223.9866666667</dst>
            <dst id="CHINng">8045.09333333333</dst>
            <dst id="DNVRng">3379.62133333333</dst>
            <dst id="HSTNng">4215.08</dst>
            <dst id="IPLSng">26115.528</dst>
            <dst id="KSCYng">1859.68</dst>
            <dst id="LOSAng">18914.8746666667</dst>
            <dst id="NYCMng">1749.60266666667</dst>
            <dst id="SNVAng">26.6666666666667</dst>
            <dst id="STTLng">3687.44</dst>
            <dst id="WASHng">22085.5626666667</dst>
        </src>
        <src id="CHINng">
            <dst id="ATLA-M5">124.818666666667</dst>
            <dst id="ATLAng">26999.704</dst>
            <dst id="CHINng">81807.0613333333</dst>
            <dst id="DNVRng">9422.712</dst>
            <dst id="HSTNng">7340.632</dst>
            <dst id="IPLSng">48996.3866666667</dst>
            <dst id="KSCYng">8572.07733333333</dst>
            <dst id="LOSAng">24810.352</dst>
            <dst id="NYCMng">8268.41333333333</dst>
            <dst id="SNVAng">4158.32</dst>
            <dst id="STTLng">4750.776</dst>
            <dst id="WASHng">16244.768</dst>
        </src>
        <src id="DNVRng">
            <dst id="ATLA-M5">118.517333333333</dst>
            <dst id="ATLAng">3664.72266666667</dst>
            <dst id="CHINng">35256.208</dst>
            <dst id="DNVRng">10068.08</dst>
            <dst id="HSTNng">24107.6533333333</dst>
            <dst id="IPLSng">32978.328</dst>
            <dst id="KSCYng">19135.5066666667</dst>
            <dst id="LOSAng">26916.7493333333</dst>
            <dst id="NYCMng">16537.7253333333</dst>
            <dst id="SNVAng">8196.89866666667</dst>
            <dst id="STTLng">8434.63466666667</dst>
            <dst id="WASHng">39390.6106666667</dst>
        </src>
        <src id="HSTNng">
            <dst id="ATLA-M5">2548.47466666667</dst>
            <dst id="ATLAng">828.352</dst>
            <dst id="CHINng">10999.8906666667</dst>
            <dst id="DNVRng">734.773333333333</dst>
            <dst id="HSTNng">16898.0986666667</dst>
            <dst id="IPLSng">3410.576</dst>
            <dst id="KSCYng">4280.43733333333</dst>
            <dst id="LOSAng">3033.992</dst>
            <dst id="NYCMng">3734.94666666667</dst>
            <dst id="SNVAng">129.76</dst>
            <dst id="STTLng">554.968</dst>
            <dst id="WASHng">4275.072</dst>
        </src>
        <src id="IPLSng">
            <dst id="ATLA-M5">1775.056</dst>
            <dst id="ATLAng">6683.776</dst>
            <dst id="CHINng">64155.48</dst>
            <dst id="DNVRng">22879.208</dst>
            <dst id="HSTNng">1978.18133333333</dst>
            <dst id="IPLSng">20982.352</dst>
            <dst id="KSCYng">11963.088</dst>
            <dst id="LOSAng">19319.3413333333</dst>
            <dst id="NYCMng">10666.6986666667</dst>
            <dst id="SNVAng">2067.28</dst>
            <dst id="STTLng">15226.4026666667</dst>
            <dst id="WASHng">19880.1253333333</dst>
        </src>
        <src id="KSCYng">
            <dst id="ATLA-M5">1717.41066666667</dst>
            <dst id="ATLAng">3141.31466666667</dst>
            <dst id="CHINng">15614.3893333333</dst>
            <dst id="DNVRng">4688.41066666667</dst>
            <dst id="HSTNng">6363.36266666667</dst>
            <dst id="IPLSng">14514.256</dst>
            <dst id="KSCYng">15443.84</dst>
            <dst id="LOSAng">3406.46666666667</dst>
            <dst id="NYCMng">1541.76266666667</dst>
            <dst id="SNVAng">2351.296</dst>
            <dst id="STTLng">2943.00533333333</dst>
            <dst id="WASHng">9918.68266666667</dst>
        </src>
        <src id="LOSAng">
            <dst id="ATLA-M5">0</dst>
            <dst id="ATLAng">16536.624</dst>
            <dst id="CHINng">66673.8133333333</dst>
            <dst id="DNVRng">9269.75466666666</dst>
            <dst id="HSTNng">3044.11466666667</dst>
            <dst id="IPLSng">14746.8213333333</dst>
            <dst id="KSCYng">4552.26933333333</dst>
            <dst id="LOSAng">8615.18933333333</dst>
            <dst id="NYCMng">46418.7413333333</dst>
            <dst id="SNVAng">22013.416</dst>
            <dst id="STTLng">20394.4373333333</dst>
            <dst id="WASHng">80945.872</dst>
        </src>
        <src id="NYCMng">
            <dst id="ATLA-M5">1508.75466666667</dst>
            <dst id="ATLAng">10943.2373333333</dst>
            <dst id="CHINng">12781.176</dst>
            <dst id="DNVRng">25935.7946666667</dst>
            <dst id="HSTNng">14902.968</dst>
            <dst id="IPLSng">28837.296</dst>
            <dst id="KSCYng">3627.36533333333</dst>
            <dst id="LOSAng">69036.296</dst>
            <dst id="NYCMng">95894.792</dst>
            <dst id="SNVAng">4533.07733333333</dst>
            <dst id="STTLng">20857.9386666667</dst>
            <dst id="WASHng">40641.4453333333</dst>
        </src>
        <src id="SNVAng">
            <dst id="ATLA-M5">0</dst>
            <dst id="ATLAng">0</dst>
            <dst id="CHINng">134.176</dst>
            <dst id="DNVRng">2173.42933333333</dst>
            <dst id="HSTNng">0</dst>
            <dst id="IPLSng">177.333333333333</dst>
            <dst id="KSCYng">26.6666666666667</dst>
            <dst id="LOSAng">28225.3866666667</dst>
            <dst id="NYCMng">0</dst>
            <dst id="SNVAng">7356.49333333333</dst>
            <dst id="STTLng">36918.6773333333</dst>
            <dst id="WASHng">26.6666666666667</dst>
        </src>
        <src id="STTLng">
            <dst id="ATLA-M5">60.8746666666667</dst>
            <dst id="ATLAng">8024.52533333333</dst>
            <dst id="CHINng">11770.8293333333</dst>
            <dst id="DNVRng">3631.57333333333</dst>
            <dst id="HSTNng">1533.80533333333</dst>
            <dst id="IPLSng">16120.2453333333</dst>
            <dst id="KSCYng">1981.28</dst>
            <dst id="LOSAng">14992.744</dst>
            <dst id="NYCMng">15489.712</dst>
            <dst id="SNVAng">8883.48533333333</dst>
            <dst id="STTLng">2134.91733333333</dst>
            <dst id="WASHng">6724.22133333333</dst>
        </src>
        <src id="WASHng">
            <dst id="ATLA-M5">108.501333333333</dst>
            <dst id="ATLAng">158770.234666667</dst>
            <dst id="CHINng">56880.824</dst>
            <dst id="DNVRng">50735.9413333333</dst>
            <dst id="HSTNng">25561.9066666667</dst>
            <dst id="IPLSng">32304.6773333333</dst>
            <dst id="KSCYng">33595.176</dst>
            <dst id="LOSAng">93690.6426666667</dst>
            <dst id="NYCMng">122342.773333333</dst>
            <dst id="SNVAng">5102.88533333333</dst>
            <dst id="STTLng">33373.8053333333</dst>
            <dst id="WASHng">256046.333333333</dst>
        </src>
    </IntraTM>
</TrafficMatrixFile>
