<?xml version="1.0" encoding="ISO-8859-1" standalone="yes"?>
<TrafficMatrixFile xsi:noNamespaceSchemaLocation="http://totem.run.montefiore.ulg.ac.be/Schema/TrafficMatrix-v1_2.xsd" xmlns:xsi="http://www.w3.org/2001/XMLSchema-instance">
    <IntraTM ASID="11537">
        <src id="ATLA-M5">
            <dst id="ATLA-M5">0</dst>
            <dst id="ATLAng">26.6666666666667</dst>
            <dst id="CHINng">642.266666666667</dst>
            <dst id="DNVRng">26.6666666666667</dst>
            <dst id="HSTNng">0</dst>
            <dst id="IPLSng">26.6666666666667</dst>
            <dst id="KSCYng">0</dst>
            <dst id="LOSAng">26.6666666666667</dst>
            <dst id="NYCMng">103.672</dst>
            <dst id="SNVAng">31.8986666666667</dst>
            <dst id="STTLng">56.5653333333333</dst>
            <dst id="WASHng">2483.30933333333</dst>
        </src>
        <src id="ATLAng">
            <dst id="ATLA-M5">80.936</dst>
            <dst id="ATLAng">8702.11466666667</dst>
            <dst id="CHINng">5821.66933333334</dst>
            <dst id="DNVRng">6736.136</dst>
            <dst id="HSTNng">1174.13066666667</dst>
            <dst id="IPLSng">8047.104</dst>
            <dst id="KSCYng">501.221333333333</dst>
            <dst id="LOSAng">6415.69866666667</dst>
            <dst id="NYCMng">5436.01066666667</dst>
            <dst id="SNVAng">214.448</dst>
            <dst id="STTLng">1965.75466666667</dst>
            <dst id="WASHng">30964.944</dst>
        </src>
        <src id="CHINng">
            <dst id="ATLA-M5">131.050666666667</dst>
            <dst id="ATLAng">25994.792</dst>
            <dst id="CHINng">87444.072</dst>
            <dst id="DNVRng">6842.71733333333</dst>
            <dst id="HSTNng">6351.06933333333</dst>
            <dst id="IPLSng">52171.5173333333</dst>
            <dst id="KSCYng">6729.944</dst>
            <dst id="LOSAng">29351.7546666667</dst>
            <dst id="NYCMng">24415.6613333333</dst>
            <dst id="SNVAng">1647.696</dst>
            <dst id="STTLng">7454.26933333333</dst>
            <dst id="WASHng">14861.8666666667</dst>
        </src>
        <src id="DNVRng">
            <dst id="ATLA-M5">382.178666666667</dst>
            <dst id="ATLAng">4562.072</dst>
            <dst id="CHINng">53428.6986666667</dst>
            <dst id="DNVRng">11440.4986666667</dst>
            <dst id="HSTNng">23550.6</dst>
            <dst id="IPLSng">29518.3493333333</dst>
            <dst id="KSCYng">22886.4186666667</dst>
            <dst id="LOSAng">6243.20266666667</dst>
            <dst id="NYCMng">12234.8026666667</dst>
            <dst id="SNVAng">6845.81333333333</dst>
            <dst id="STTLng">6241.896</dst>
            <dst id="WASHng">35219.304</dst>
        </src>
        <src id="HSTNng">
            <dst id="ATLA-M5">26.6666666666667</dst>
            <dst id="ATLAng">2661.00266666667</dst>
            <dst id="CHINng">13308.0266666667</dst>
            <dst id="DNVRng">1407.11733333333</dst>
            <dst id="HSTNng">14669.6373333333</dst>
            <dst id="IPLSng">1356.544</dst>
            <dst id="KSCYng">2301.16533333333</dst>
            <dst id="LOSAng">9920.49066666667</dst>
            <dst id="NYCMng">5233.248</dst>
            <dst id="SNVAng">212.842666666667</dst>
            <dst id="STTLng">1320.152</dst>
            <dst id="WASHng">10710.9546666667</dst>
        </src>
        <src id="IPLSng">
            <dst id="ATLA-M5">0</dst>
            <dst id="ATLAng">7928.61333333333</dst>
            <dst id="CHINng">64048.8533333333</dst>
            <dst id="DNVRng">6172.976</dst>
            <dst id="HSTNng">2608.05066666667</dst>
            <dst id="IPLSng">3936.168</dst>
            <dst id="KSCYng">1473.58133333333</dst>
            <dst id="LOSAng">16095.8453333333</dst>
            <dst id="NYCMng">12648.2933333333</dst>
            <dst id="SNVAng">539.690666666667</dst>
            <dst id="STTLng">4734.35466666667</dst>
            <dst id="WASHng">23379.376</dst>
        </src>
        <src id="KSCYng">
            <dst id="ATLA-M5">0</dst>
            <dst id="ATLAng">3635.296</dst>
            <dst id="CHINng">15842.8133333333</dst>
            <dst id="DNVRng">5684.53333333333</dst>
            <dst id="HSTNng">5909.01866666667</dst>
            <dst id="IPLSng">13668.624</dst>
            <dst id="KSCYng">7544.896</dst>
            <dst id="LOSAng">7070.232</dst>
            <dst id="NYCMng">1172.39733333333</dst>
            <dst id="SNVAng">2196.07466666667</dst>
            <dst id="STTLng">927.818666666667</dst>
            <dst id="WASHng">9658.40533333333</dst>
        </src>
        <src id="LOSAng">
            <dst id="ATLA-M5">82.168</dst>
            <dst id="ATLAng">23932.112</dst>
            <dst id="CHINng">55548.5493333333</dst>
            <dst id="DNVRng">7321.78666666667</dst>
            <dst id="HSTNng">5076.4</dst>
            <dst id="IPLSng">15311.064</dst>
            <dst id="KSCYng">3911.888</dst>
            <dst id="LOSAng">13128.2826666667</dst>
            <dst id="NYCMng">26971.6213333333</dst>
            <dst id="SNVAng">23896.2373333333</dst>
            <dst id="STTLng">28354.0693333333</dst>
            <dst id="WASHng">51227.1626666667</dst>
        </src>
        <src id="NYCMng">
            <dst id="ATLA-M5">853.061333333333</dst>
            <dst id="ATLAng">17955.3546666667</dst>
            <dst id="CHINng">15793.9786666667</dst>
            <dst id="DNVRng">22359.5973333333</dst>
            <dst id="HSTNng">11585.6933333333</dst>
            <dst id="IPLSng">8454.67466666667</dst>
            <dst id="KSCYng">9250.94666666666</dst>
            <dst id="LOSAng">56616.1386666667</dst>
            <dst id="NYCMng">96952.7946666667</dst>
            <dst id="SNVAng">2205.29333333333</dst>
            <dst id="STTLng">19901.6293333333</dst>
            <dst id="WASHng">63134.1733333333</dst>
        </src>
        <src id="SNVAng">
            <dst id="ATLA-M5">0</dst>
            <dst id="ATLAng">116.053333333333</dst>
            <dst id="CHINng">1365.30933333333</dst>
            <dst id="DNVRng">9539.488</dst>
            <dst id="HSTNng">83.0826666666667</dst>
            <dst id="IPLSng">405.237333333333</dst>
            <dst id="KSCYng">64.6933333333333</dst>
            <dst id="LOSAng">32704.488</dst>
            <dst id="NYCMng">196.554666666667</dst>
            <dst id="SNVAng">8599.03733333333</dst>
            <dst id="STTLng">40153.9306666667</dst>
            <dst id="WASHng">131.872</dst>
        </src>
        <src id="STTLng">
            <dst id="ATLA-M5">110.965333333333</dst>
            <dst id="ATLAng">7614.76266666667</dst>
            <dst id="CHINng">14063.3573333333</dst>
            <dst id="DNVRng">2599.712</dst>
            <dst id="HSTNng">924.2</dst>
            <dst id="IPLSng">6825.56</dst>
            <dst id="KSCYng">1605.26666666667</dst>
            <dst id="LOSAng">11988.6906666667</dst>
            <dst id="NYCMng">8909.81866666666</dst>
            <dst id="SNVAng">9620.28</dst>
            <dst id="STTLng">3237.344</dst>
            <dst id="WASHng">11790.64</dst>
        </src>
        <src id="WASHng">
            <dst id="ATLA-M5">6061.712</dst>
            <dst id="ATLAng">87488.8213333333</dst>
            <dst id="CHINng">64516.904</dst>
            <dst id="DNVRng">54350.976</dst>
            <dst id="HSTNng">22988.696</dst>
            <dst id="IPLSng">67862.304</dst>
            <dst id="KSCYng">27606.632</dst>
            <dst id="LOSAng">82238.752</dst>
            <dst id="NYCMng">146997.672</dst>
            <dst id="SNVAng">3162.19466666667</dst>
            <dst id="STTLng">24894.8746666667</dst>
            <dst id="WASHng">261150.621333333</dst>
        </src>
    </IntraTM>
</TrafficMatrixFile>
