<?xml version="1.0" encoding="ISO-8859-1" standalone="yes"?>
<TrafficMatrixFile xsi:noNamespaceSchemaLocation="http://totem.run.montefiore.ulg.ac.be/Schema/TrafficMatrix-v1_2.xsd" xmlns:xsi="http://www.w3.org/2001/XMLSchema-instance">
    <IntraTM ASID="11537">
        <src id="ATLA-M5">
            <dst id="ATLA-M5">0</dst>
            <dst id="ATLAng">46.08</dst>
            <dst id="CHINng">82.3893333333333</dst>
            <dst id="DNVRng">0</dst>
            <dst id="HSTNng">93.9786666666667</dst>
            <dst id="IPLSng">0</dst>
            <dst id="KSCYng">0</dst>
            <dst id="LOSAng">0</dst>
            <dst id="NYCMng">94.1386666666667</dst>
            <dst id="SNVAng">0</dst>
            <dst id="STTLng">58.512</dst>
            <dst id="WASHng">53.3333333333333</dst>
        </src>
        <src id="ATLAng">
            <dst id="ATLA-M5">3314.64533333333</dst>
            <dst id="ATLAng">28411.3946666667</dst>
            <dst id="CHINng">3306.37866666667</dst>
            <dst id="DNVRng">3337.27466666667</dst>
            <dst id="HSTNng">510.813333333333</dst>
            <dst id="IPLSng">14250.1733333333</dst>
            <dst id="KSCYng">208.538666666667</dst>
            <dst id="LOSAng">9646.236</dst>
            <dst id="NYCMng">3276.29333333333</dst>
            <dst id="SNVAng">287.185333333333</dst>
            <dst id="STTLng">3603.072</dst>
            <dst id="WASHng">22548.304</dst>
        </src>
        <src id="CHINng">
            <dst id="ATLA-M5">26.6666666666667</dst>
            <dst id="ATLAng">5489.624</dst>
            <dst id="CHINng">36679.512</dst>
            <dst id="DNVRng">4629.39466666667</dst>
            <dst id="HSTNng">10464.992</dst>
            <dst id="IPLSng">23924.4186666667</dst>
            <dst id="KSCYng">16544.888</dst>
            <dst id="LOSAng">30188.9146666667</dst>
            <dst id="NYCMng">23323.848</dst>
            <dst id="SNVAng">4443.01066666667</dst>
            <dst id="STTLng">2322.608</dst>
            <dst id="WASHng">9343.14933333333</dst>
        </src>
        <src id="DNVRng">
            <dst id="ATLA-M5">141.610666666667</dst>
            <dst id="ATLAng">11059.6106666667</dst>
            <dst id="CHINng">36629.1786666667</dst>
            <dst id="DNVRng">9322.66133333333</dst>
            <dst id="HSTNng">19822.8293333333</dst>
            <dst id="IPLSng">35880.4426666667</dst>
            <dst id="KSCYng">17612.6186666667</dst>
            <dst id="LOSAng">6288.312</dst>
            <dst id="NYCMng">12977.4666666667</dst>
            <dst id="SNVAng">6158.376</dst>
            <dst id="STTLng">4491.608</dst>
            <dst id="WASHng">45524.56</dst>
        </src>
        <src id="HSTNng">
            <dst id="ATLA-M5">4620.55466666667</dst>
            <dst id="ATLAng">1357.272</dst>
            <dst id="CHINng">5538.22666666667</dst>
            <dst id="DNVRng">1521.74933333333</dst>
            <dst id="HSTNng">15944.768</dst>
            <dst id="IPLSng">12652.4453333333</dst>
            <dst id="KSCYng">950.514666666666</dst>
            <dst id="LOSAng">1288.89066666667</dst>
            <dst id="NYCMng">1954.61333333333</dst>
            <dst id="SNVAng">53.3333333333333</dst>
            <dst id="STTLng">610.749333333333</dst>
            <dst id="WASHng">2624.92266666667</dst>
        </src>
        <src id="IPLSng">
            <dst id="ATLA-M5">0</dst>
            <dst id="ATLAng">4734.664</dst>
            <dst id="CHINng">26930.8853333333</dst>
            <dst id="DNVRng">16212.408</dst>
            <dst id="HSTNng">3418.672</dst>
            <dst id="IPLSng">4000.14666666667</dst>
            <dst id="KSCYng">3026.08533333333</dst>
            <dst id="LOSAng">11489.408</dst>
            <dst id="NYCMng">6636.77333333333</dst>
            <dst id="SNVAng">738.224</dst>
            <dst id="STTLng">4432.78666666667</dst>
            <dst id="WASHng">18195.336</dst>
        </src>
        <src id="KSCYng">
            <dst id="ATLA-M5">53.3333333333333</dst>
            <dst id="ATLAng">3357.43733333333</dst>
            <dst id="CHINng">7284.30666666667</dst>
            <dst id="DNVRng">5472.256</dst>
            <dst id="HSTNng">14192.352</dst>
            <dst id="IPLSng">12025.6026666667</dst>
            <dst id="KSCYng">14646.3493333333</dst>
            <dst id="LOSAng">3281.08533333333</dst>
            <dst id="NYCMng">1048.77866666667</dst>
            <dst id="SNVAng">2324.30933333333</dst>
            <dst id="STTLng">5817.97066666667</dst>
            <dst id="WASHng">8268.13866666667</dst>
        </src>
        <src id="LOSAng">
            <dst id="ATLA-M5">69.6586666666667</dst>
            <dst id="ATLAng">10508.024</dst>
            <dst id="CHINng">40268.544</dst>
            <dst id="DNVRng">6506.41866666667</dst>
            <dst id="HSTNng">2918.23466666667</dst>
            <dst id="IPLSng">20177.1413333333</dst>
            <dst id="KSCYng">3673.976</dst>
            <dst id="LOSAng">23335.6266666667</dst>
            <dst id="NYCMng">19461.7066666667</dst>
            <dst id="SNVAng">22654.9253333333</dst>
            <dst id="STTLng">20759.3653333333</dst>
            <dst id="WASHng">78339.4986666667</dst>
        </src>
        <src id="NYCMng">
            <dst id="ATLA-M5">286.928</dst>
            <dst id="ATLAng">6939.36</dst>
            <dst id="CHINng">19147.8426666667</dst>
            <dst id="DNVRng">20951.312</dst>
            <dst id="HSTNng">2378.824</dst>
            <dst id="IPLSng">9943.46133333333</dst>
            <dst id="KSCYng">5396.12266666667</dst>
            <dst id="LOSAng">46563.2693333333</dst>
            <dst id="NYCMng">60332.1866666667</dst>
            <dst id="SNVAng">2190.87733333333</dst>
            <dst id="STTLng">10028.0506666667</dst>
            <dst id="WASHng">32434.2266666667</dst>
        </src>
        <src id="SNVAng">
            <dst id="ATLA-M5">0</dst>
            <dst id="ATLAng">26.6666666666667</dst>
            <dst id="CHINng">0</dst>
            <dst id="DNVRng">246.397333333333</dst>
            <dst id="HSTNng">26.6666666666667</dst>
            <dst id="IPLSng">273.717333333333</dst>
            <dst id="KSCYng">0</dst>
            <dst id="LOSAng">30121.3306666667</dst>
            <dst id="NYCMng">53.3333333333333</dst>
            <dst id="SNVAng">8715.25066666667</dst>
            <dst id="STTLng">35748.2746666667</dst>
            <dst id="WASHng">26.6666666666667</dst>
        </src>
        <src id="STTLng">
            <dst id="ATLA-M5">118.429333333333</dst>
            <dst id="ATLAng">4855.74133333333</dst>
            <dst id="CHINng">8527.056</dst>
            <dst id="DNVRng">1515.53066666667</dst>
            <dst id="HSTNng">754.061333333333</dst>
            <dst id="IPLSng">5186.41066666667</dst>
            <dst id="KSCYng">2461.82666666667</dst>
            <dst id="LOSAng">8422.06933333333</dst>
            <dst id="NYCMng">7768.47733333333</dst>
            <dst id="SNVAng">9455.34133333333</dst>
            <dst id="STTLng">1715.216</dst>
            <dst id="WASHng">4107.50666666667</dst>
        </src>
        <src id="WASHng">
            <dst id="ATLA-M5">405.821333333333</dst>
            <dst id="ATLAng">77285.0533333334</dst>
            <dst id="CHINng">64326.2613333334</dst>
            <dst id="DNVRng">61842.5546666667</dst>
            <dst id="HSTNng">29269.4533333333</dst>
            <dst id="IPLSng">34889.8506666667</dst>
            <dst id="KSCYng">28235.7733333333</dst>
            <dst id="LOSAng">106318.429333333</dst>
            <dst id="NYCMng">140162.336</dst>
            <dst id="SNVAng">7809.14933333333</dst>
            <dst id="STTLng">28132.392</dst>
            <dst id="WASHng">190499.858666667</dst>
        </src>
    </IntraTM>
</TrafficMatrixFile>
