<?xml version="1.0" encoding="ISO-8859-1" standalone="yes"?>
<TrafficMatrixFile xsi:noNamespaceSchemaLocation="http://totem.run.montefiore.ulg.ac.be/Schema/TrafficMatrix-v1_2.xsd" xmlns:xsi="http://www.w3.org/2001/XMLSchema-instance">
    <IntraTM ASID="11537">
        <src id="ATLA-M5">
            <dst id="ATLA-M5">4063.776</dst>
            <dst id="ATLAng">270.197333333333</dst>
            <dst id="CHINng">363.432</dst>
            <dst id="DNVRng">142.832</dst>
            <dst id="HSTNng">249.602666666667</dst>
            <dst id="IPLSng">0</dst>
            <dst id="KSCYng">102.762666666667</dst>
            <dst id="LOSAng">149.098666666667</dst>
            <dst id="NYCMng">53.3333333333333</dst>
            <dst id="SNVAng">26.6666666666667</dst>
            <dst id="STTLng">0</dst>
            <dst id="WASHng">449.122666666667</dst>
        </src>
        <src id="ATLAng">
            <dst id="ATLA-M5">223.432</dst>
            <dst id="ATLAng">65611.6106666667</dst>
            <dst id="CHINng">22381.088</dst>
            <dst id="DNVRng">6189.42133333333</dst>
            <dst id="HSTNng">42166.144</dst>
            <dst id="IPLSng">27938.912</dst>
            <dst id="KSCYng">2350.31733333333</dst>
            <dst id="LOSAng">8106.90133333333</dst>
            <dst id="NYCMng">7714.10666666667</dst>
            <dst id="SNVAng">10844.9893333333</dst>
            <dst id="STTLng">2468.20266666667</dst>
            <dst id="WASHng">69352.32</dst>
        </src>
        <src id="CHINng">
            <dst id="ATLA-M5">1097.24</dst>
            <dst id="ATLAng">27075.408</dst>
            <dst id="CHINng">113185.498666667</dst>
            <dst id="DNVRng">9216.8</dst>
            <dst id="HSTNng">17924.7253333333</dst>
            <dst id="IPLSng">33840.192</dst>
            <dst id="KSCYng">20590.2186666667</dst>
            <dst id="LOSAng">10939.944</dst>
            <dst id="NYCMng">18528.272</dst>
            <dst id="SNVAng">32738.208</dst>
            <dst id="STTLng">8364.52</dst>
            <dst id="WASHng">42892.4933333333</dst>
        </src>
        <src id="DNVRng">
            <dst id="ATLA-M5">343.914666666667</dst>
            <dst id="ATLAng">10586.8853333333</dst>
            <dst id="CHINng">61916.7706666667</dst>
            <dst id="DNVRng">14218.9946666667</dst>
            <dst id="HSTNng">47183.5333333333</dst>
            <dst id="IPLSng">30006.256</dst>
            <dst id="KSCYng">44492.1306666667</dst>
            <dst id="LOSAng">10712.3493333333</dst>
            <dst id="NYCMng">21576.816</dst>
            <dst id="SNVAng">51139.8373333333</dst>
            <dst id="STTLng">17897.6773333333</dst>
            <dst id="WASHng">64647.9386666667</dst>
        </src>
        <src id="HSTNng">
            <dst id="ATLA-M5">1904.93866666667</dst>
            <dst id="ATLAng">34839.9893333333</dst>
            <dst id="CHINng">12676.632</dst>
            <dst id="DNVRng">1774.92533333333</dst>
            <dst id="HSTNng">22246.096</dst>
            <dst id="IPLSng">2841.24533333333</dst>
            <dst id="KSCYng">2243.464</dst>
            <dst id="LOSAng">3988.99466666667</dst>
            <dst id="NYCMng">2992.81066666667</dst>
            <dst id="SNVAng">871.093333333333</dst>
            <dst id="STTLng">1595.384</dst>
            <dst id="WASHng">4994.11733333333</dst>
        </src>
        <src id="IPLSng">
            <dst id="ATLA-M5">159.453333333333</dst>
            <dst id="ATLAng">25165.7946666667</dst>
            <dst id="CHINng">76201.7733333333</dst>
            <dst id="DNVRng">9986.88533333333</dst>
            <dst id="HSTNng">4038.008</dst>
            <dst id="IPLSng">13526.2213333333</dst>
            <dst id="KSCYng">5285.46666666667</dst>
            <dst id="LOSAng">5545.216</dst>
            <dst id="NYCMng">28588.4906666667</dst>
            <dst id="SNVAng">20688.7866666667</dst>
            <dst id="STTLng">13199.9733333333</dst>
            <dst id="WASHng">30893.3306666667</dst>
        </src>
        <src id="KSCYng">
            <dst id="ATLA-M5">189.962666666667</dst>
            <dst id="ATLAng">16521.0133333333</dst>
            <dst id="CHINng">23786.1786666667</dst>
            <dst id="DNVRng">15662.416</dst>
            <dst id="HSTNng">5570.632</dst>
            <dst id="IPLSng">14946.5546666667</dst>
            <dst id="KSCYng">21663.992</dst>
            <dst id="LOSAng">356.165333333333</dst>
            <dst id="NYCMng">2993.64</dst>
            <dst id="SNVAng">8548.22933333333</dst>
            <dst id="STTLng">3247.83733333333</dst>
            <dst id="WASHng">8221.95466666667</dst>
        </src>
        <src id="LOSAng">
            <dst id="ATLA-M5">1285.36266666667</dst>
            <dst id="ATLAng">34038.9493333333</dst>
            <dst id="CHINng">95597.1386666667</dst>
            <dst id="DNVRng">17795.432</dst>
            <dst id="HSTNng">17761.896</dst>
            <dst id="IPLSng">25127.9893333333</dst>
            <dst id="KSCYng">4068.20533333333</dst>
            <dst id="LOSAng">16240.0773333333</dst>
            <dst id="NYCMng">51204.9226666667</dst>
            <dst id="SNVAng">26608.2266666667</dst>
            <dst id="STTLng">18698.632</dst>
            <dst id="WASHng">101221.930666667</dst>
        </src>
        <src id="NYCMng">
            <dst id="ATLA-M5">819.309333333333</dst>
            <dst id="ATLAng">36062.032</dst>
            <dst id="CHINng">42030.5786666667</dst>
            <dst id="DNVRng">29168.8666666667</dst>
            <dst id="HSTNng">20086.648</dst>
            <dst id="IPLSng">48595.6533333333</dst>
            <dst id="KSCYng">9250.58133333333</dst>
            <dst id="LOSAng">10319.136</dst>
            <dst id="NYCMng">133460.592</dst>
            <dst id="SNVAng">56853.8533333333</dst>
            <dst id="STTLng">15770.1893333333</dst>
            <dst id="WASHng">91316.2346666667</dst>
        </src>
        <src id="SNVAng">
            <dst id="ATLA-M5">0</dst>
            <dst id="ATLAng">727.709333333333</dst>
            <dst id="CHINng">646.586666666667</dst>
            <dst id="DNVRng">36810.9733333333</dst>
            <dst id="HSTNng">107.528</dst>
            <dst id="IPLSng">472.613333333333</dst>
            <dst id="KSCYng">96.3146666666667</dst>
            <dst id="LOSAng">984.637333333333</dst>
            <dst id="NYCMng">1208.40533333333</dst>
            <dst id="SNVAng">42307.6533333333</dst>
            <dst id="STTLng">41098.752</dst>
            <dst id="WASHng">1649.82133333333</dst>
        </src>
        <src id="STTLng">
            <dst id="ATLA-M5">115.84</dst>
            <dst id="ATLAng">9684.94133333333</dst>
            <dst id="CHINng">30384.536</dst>
            <dst id="DNVRng">7272.808</dst>
            <dst id="HSTNng">3957.90666666667</dst>
            <dst id="IPLSng">10406.0773333333</dst>
            <dst id="KSCYng">3917.20533333333</dst>
            <dst id="LOSAng">3228.24</dst>
            <dst id="NYCMng">14174.728</dst>
            <dst id="SNVAng">12403.528</dst>
            <dst id="STTLng">6723.72266666667</dst>
            <dst id="WASHng">25725.248</dst>
        </src>
        <src id="WASHng">
            <dst id="ATLA-M5">425.296</dst>
            <dst id="ATLAng">335909.36</dst>
            <dst id="CHINng">115607.045333333</dst>
            <dst id="DNVRng">30723.7493333333</dst>
            <dst id="HSTNng">36686.2293333333</dst>
            <dst id="IPLSng">48844.9493333333</dst>
            <dst id="KSCYng">23202.344</dst>
            <dst id="LOSAng">57970.3466666667</dst>
            <dst id="NYCMng">183539.773333333</dst>
            <dst id="SNVAng">31423.0106666667</dst>
            <dst id="STTLng">24754.9546666667</dst>
            <dst id="WASHng">494024.666666667</dst>
        </src>
    </IntraTM>
</TrafficMatrixFile>
