<?xml version="1.0" encoding="ISO-8859-1" standalone="yes"?>
<TrafficMatrixFile xsi:noNamespaceSchemaLocation="http://totem.run.montefiore.ulg.ac.be/Schema/TrafficMatrix-v1_2.xsd" xmlns:xsi="http://www.w3.org/2001/XMLSchema-instance">
    <IntraTM ASID="11537">
        <src id="ATLA-M5">
            <dst id="ATLA-M5">0</dst>
            <dst id="ATLAng">0</dst>
            <dst id="CHINng">237.8</dst>
            <dst id="DNVRng">0</dst>
            <dst id="HSTNng">0</dst>
            <dst id="IPLSng">26.6666666666667</dst>
            <dst id="KSCYng">540.32</dst>
            <dst id="LOSAng">49.8186666666667</dst>
            <dst id="NYCMng">0</dst>
            <dst id="SNVAng">49.8186666666667</dst>
            <dst id="STTLng">0</dst>
            <dst id="WASHng">708.181333333333</dst>
        </src>
        <src id="ATLAng">
            <dst id="ATLA-M5">107.52</dst>
            <dst id="ATLAng">27503.9786666667</dst>
            <dst id="CHINng">8793.76533333333</dst>
            <dst id="DNVRng">2365.14666666667</dst>
            <dst id="HSTNng">11513.3626666667</dst>
            <dst id="IPLSng">10037.8933333333</dst>
            <dst id="KSCYng">681.336</dst>
            <dst id="LOSAng">11279.624</dst>
            <dst id="NYCMng">2149.208</dst>
            <dst id="SNVAng">10418.728</dst>
            <dst id="STTLng">3513.29333333333</dst>
            <dst id="WASHng">22211.5893333333</dst>
        </src>
        <src id="CHINng">
            <dst id="ATLA-M5">26.6666666666667</dst>
            <dst id="ATLAng">16608.2506666667</dst>
            <dst id="CHINng">57019.5973333333</dst>
            <dst id="DNVRng">3148.87466666667</dst>
            <dst id="HSTNng">5916.43466666667</dst>
            <dst id="IPLSng">9673.86933333334</dst>
            <dst id="KSCYng">5393.256</dst>
            <dst id="LOSAng">9618.48533333333</dst>
            <dst id="NYCMng">8319.73866666667</dst>
            <dst id="SNVAng">40251.96</dst>
            <dst id="STTLng">5964.91466666667</dst>
            <dst id="WASHng">10310.3253333333</dst>
        </src>
        <src id="DNVRng">
            <dst id="ATLA-M5">264.266666666667</dst>
            <dst id="ATLAng">3495.56533333333</dst>
            <dst id="CHINng">44598.9466666667</dst>
            <dst id="DNVRng">10058.216</dst>
            <dst id="HSTNng">23754.48</dst>
            <dst id="IPLSng">30103.4613333333</dst>
            <dst id="KSCYng">24871.9466666667</dst>
            <dst id="LOSAng">6097.472</dst>
            <dst id="NYCMng">13957.7973333333</dst>
            <dst id="SNVAng">24450.096</dst>
            <dst id="STTLng">12272.4613333333</dst>
            <dst id="WASHng">49125.128</dst>
        </src>
        <src id="HSTNng">
            <dst id="ATLA-M5">281.152</dst>
            <dst id="ATLAng">12100.552</dst>
            <dst id="CHINng">12632.0613333333</dst>
            <dst id="DNVRng">733.141333333333</dst>
            <dst id="HSTNng">18483.8906666667</dst>
            <dst id="IPLSng">1120.27466666667</dst>
            <dst id="KSCYng">683.210666666667</dst>
            <dst id="LOSAng">5007.31733333333</dst>
            <dst id="NYCMng">2256.784</dst>
            <dst id="SNVAng">26.6666666666667</dst>
            <dst id="STTLng">1030.56266666667</dst>
            <dst id="WASHng">4391.95466666667</dst>
        </src>
        <src id="IPLSng">
            <dst id="ATLA-M5">1415.79733333333</dst>
            <dst id="ATLAng">4070.04533333333</dst>
            <dst id="CHINng">40086.1973333333</dst>
            <dst id="DNVRng">7407.152</dst>
            <dst id="HSTNng">291.44</dst>
            <dst id="IPLSng">1683.18133333333</dst>
            <dst id="KSCYng">2808.22133333333</dst>
            <dst id="LOSAng">5164.00266666667</dst>
            <dst id="NYCMng">16196.2773333333</dst>
            <dst id="SNVAng">12389.2426666667</dst>
            <dst id="STTLng">12404.4986666667</dst>
            <dst id="WASHng">6543.29333333333</dst>
        </src>
        <src id="KSCYng">
            <dst id="ATLA-M5">0</dst>
            <dst id="ATLAng">2840.50133333333</dst>
            <dst id="CHINng">10303.1173333333</dst>
            <dst id="DNVRng">5111.8</dst>
            <dst id="HSTNng">3277.35733333333</dst>
            <dst id="IPLSng">12312.2986666667</dst>
            <dst id="KSCYng">9182.56266666667</dst>
            <dst id="LOSAng">2879.78133333333</dst>
            <dst id="NYCMng">1945.43466666667</dst>
            <dst id="SNVAng">5551.152</dst>
            <dst id="STTLng">958.301333333333</dst>
            <dst id="WASHng">6888.25066666667</dst>
        </src>
        <src id="LOSAng">
            <dst id="ATLA-M5">53.3333333333333</dst>
            <dst id="ATLAng">13633.1653333333</dst>
            <dst id="CHINng">51808.632</dst>
            <dst id="DNVRng">8931.23466666667</dst>
            <dst id="HSTNng">8919.62133333333</dst>
            <dst id="IPLSng">10185.9173333333</dst>
            <dst id="KSCYng">1920.40266666667</dst>
            <dst id="LOSAng">20671.48</dst>
            <dst id="NYCMng">25492.472</dst>
            <dst id="SNVAng">26288.2586666667</dst>
            <dst id="STTLng">8423.15466666667</dst>
            <dst id="WASHng">73172.4933333333</dst>
        </src>
        <src id="NYCMng">
            <dst id="ATLA-M5">130.088</dst>
            <dst id="ATLAng">10909.1786666667</dst>
            <dst id="CHINng">20585.7306666667</dst>
            <dst id="DNVRng">26919.3813333333</dst>
            <dst id="HSTNng">8219.76533333333</dst>
            <dst id="IPLSng">13544.992</dst>
            <dst id="KSCYng">3077.728</dst>
            <dst id="LOSAng">7958.456</dst>
            <dst id="NYCMng">74357.8746666667</dst>
            <dst id="SNVAng">29942.416</dst>
            <dst id="STTLng">25496.04</dst>
            <dst id="WASHng">56188.0373333333</dst>
        </src>
        <src id="SNVAng">
            <dst id="ATLA-M5">0</dst>
            <dst id="ATLAng">0</dst>
            <dst id="CHINng">53.3333333333333</dst>
            <dst id="DNVRng">1676.232</dst>
            <dst id="HSTNng">0</dst>
            <dst id="IPLSng">229.469333333333</dst>
            <dst id="KSCYng">26.6666666666667</dst>
            <dst id="LOSAng">1492.648</dst>
            <dst id="NYCMng">74.9706666666667</dst>
            <dst id="SNVAng">40829.2</dst>
            <dst id="STTLng">26552.7093333333</dst>
            <dst id="WASHng">53.3333333333333</dst>
        </src>
        <src id="STTLng">
            <dst id="ATLA-M5">0</dst>
            <dst id="ATLAng">4246.51733333333</dst>
            <dst id="CHINng">10138.784</dst>
            <dst id="DNVRng">6196.13066666667</dst>
            <dst id="HSTNng">2785.78933333333</dst>
            <dst id="IPLSng">11902.7546666667</dst>
            <dst id="KSCYng">737.538666666667</dst>
            <dst id="LOSAng">2532.544</dst>
            <dst id="NYCMng">8707.53066666667</dst>
            <dst id="SNVAng">18021.664</dst>
            <dst id="STTLng">1346.32533333333</dst>
            <dst id="WASHng">4776.64266666667</dst>
        </src>
        <src id="WASHng">
            <dst id="ATLA-M5">802.96</dst>
            <dst id="ATLAng">68657.0906666667</dst>
            <dst id="CHINng">117401.381333333</dst>
            <dst id="DNVRng">34885.144</dst>
            <dst id="HSTNng">20338.52</dst>
            <dst id="IPLSng">31301.4906666667</dst>
            <dst id="KSCYng">40117.5813333333</dst>
            <dst id="LOSAng">68818.1466666667</dst>
            <dst id="NYCMng">129933.298666667</dst>
            <dst id="SNVAng">26896.344</dst>
            <dst id="STTLng">40171.8426666667</dst>
            <dst id="WASHng">234447.256</dst>
        </src>
    </IntraTM>
</TrafficMatrixFile>
