<?xml version="1.0" encoding="ISO-8859-1" standalone="yes"?>
<TrafficMatrixFile xsi:noNamespaceSchemaLocation="http://totem.run.montefiore.ulg.ac.be/Schema/TrafficMatrix-v1_2.xsd" xmlns:xsi="http://www.w3.org/2001/XMLSchema-instance">
    <IntraTM ASID="11537">
        <src id="ATLA-M5">
            <dst id="ATLA-M5">189.152</dst>
            <dst id="ATLAng">26.6666666666667</dst>
            <dst id="CHINng">97.24</dst>
            <dst id="DNVRng">0</dst>
            <dst id="HSTNng">104.917333333333</dst>
            <dst id="IPLSng">0</dst>
            <dst id="KSCYng">0</dst>
            <dst id="LOSAng">0</dst>
            <dst id="NYCMng">48.56</dst>
            <dst id="SNVAng">0</dst>
            <dst id="STTLng">101.808</dst>
            <dst id="WASHng">53.3333333333333</dst>
        </src>
        <src id="ATLAng">
            <dst id="ATLA-M5">84.28</dst>
            <dst id="ATLAng">28918.328</dst>
            <dst id="CHINng">3668.09866666667</dst>
            <dst id="DNVRng">3801.13066666667</dst>
            <dst id="HSTNng">323.093333333333</dst>
            <dst id="IPLSng">13632.0213333333</dst>
            <dst id="KSCYng">269.922666666667</dst>
            <dst id="LOSAng">11710.596</dst>
            <dst id="NYCMng">4047.46933333333</dst>
            <dst id="SNVAng">1617.95066666667</dst>
            <dst id="STTLng">4848.70666666667</dst>
            <dst id="WASHng">31308.968</dst>
        </src>
        <src id="CHINng">
            <dst id="ATLA-M5">53.3333333333333</dst>
            <dst id="ATLAng">4602.456</dst>
            <dst id="CHINng">61547.6853333333</dst>
            <dst id="DNVRng">6353.63466666667</dst>
            <dst id="HSTNng">10752.9573333333</dst>
            <dst id="IPLSng">23338.808</dst>
            <dst id="KSCYng">5536.01333333333</dst>
            <dst id="LOSAng">26797.5706666667</dst>
            <dst id="NYCMng">21705.1413333333</dst>
            <dst id="SNVAng">2522.89866666667</dst>
            <dst id="STTLng">3729.82933333333</dst>
            <dst id="WASHng">16323.128</dst>
        </src>
        <src id="DNVRng">
            <dst id="ATLA-M5">26.6666666666667</dst>
            <dst id="ATLAng">9593.42933333333</dst>
            <dst id="CHINng">34637.624</dst>
            <dst id="DNVRng">8917.60266666667</dst>
            <dst id="HSTNng">20411.504</dst>
            <dst id="IPLSng">28478.9066666667</dst>
            <dst id="KSCYng">20545.824</dst>
            <dst id="LOSAng">9530.496</dst>
            <dst id="NYCMng">12438.0853333333</dst>
            <dst id="SNVAng">6298.97066666667</dst>
            <dst id="STTLng">3749.34133333333</dst>
            <dst id="WASHng">47802.416</dst>
        </src>
        <src id="HSTNng">
            <dst id="ATLA-M5">3844.13866666667</dst>
            <dst id="ATLAng">2069.34933333333</dst>
            <dst id="CHINng">4744.592</dst>
            <dst id="DNVRng">689.069333333333</dst>
            <dst id="HSTNng">17622.8533333333</dst>
            <dst id="IPLSng">3132.83466666667</dst>
            <dst id="KSCYng">697.610666666667</dst>
            <dst id="LOSAng">1645.88266666667</dst>
            <dst id="NYCMng">1337.58933333333</dst>
            <dst id="SNVAng">0</dst>
            <dst id="STTLng">452.986666666667</dst>
            <dst id="WASHng">2004.36533333333</dst>
        </src>
        <src id="IPLSng">
            <dst id="ATLA-M5">26.6666666666667</dst>
            <dst id="ATLAng">5686.35466666667</dst>
            <dst id="CHINng">26857.1093333333</dst>
            <dst id="DNVRng">8770.08</dst>
            <dst id="HSTNng">3362.248</dst>
            <dst id="IPLSng">10190.2213333333</dst>
            <dst id="KSCYng">2172.15466666667</dst>
            <dst id="LOSAng">11163.0106666667</dst>
            <dst id="NYCMng">10687.9226666667</dst>
            <dst id="SNVAng">160.056</dst>
            <dst id="STTLng">5652.656</dst>
            <dst id="WASHng">7743.90666666667</dst>
        </src>
        <src id="KSCYng">
            <dst id="ATLA-M5">0</dst>
            <dst id="ATLAng">3551.52266666667</dst>
            <dst id="CHINng">6783.54133333333</dst>
            <dst id="DNVRng">4750.136</dst>
            <dst id="HSTNng">11408.832</dst>
            <dst id="IPLSng">10016.5066666667</dst>
            <dst id="KSCYng">5647.74933333333</dst>
            <dst id="LOSAng">4164.21333333333</dst>
            <dst id="NYCMng">1321.27466666667</dst>
            <dst id="SNVAng">2334.25066666667</dst>
            <dst id="STTLng">7029.66133333333</dst>
            <dst id="WASHng">8684.58666666667</dst>
        </src>
        <src id="LOSAng">
            <dst id="ATLA-M5">47.4373333333333</dst>
            <dst id="ATLAng">6667.128</dst>
            <dst id="CHINng">35645.1706666667</dst>
            <dst id="DNVRng">5292.90666666667</dst>
            <dst id="HSTNng">2942.648</dst>
            <dst id="IPLSng">11938.36</dst>
            <dst id="KSCYng">2742.24266666667</dst>
            <dst id="LOSAng">3073.36266666667</dst>
            <dst id="NYCMng">24493.7973333333</dst>
            <dst id="SNVAng">21126.5066666667</dst>
            <dst id="STTLng">18600.1733333333</dst>
            <dst id="WASHng">79469.5786666667</dst>
        </src>
        <src id="NYCMng">
            <dst id="ATLA-M5">192.322666666667</dst>
            <dst id="ATLAng">6968.05866666667</dst>
            <dst id="CHINng">17796.4906666667</dst>
            <dst id="DNVRng">19556.2506666667</dst>
            <dst id="HSTNng">2050.27466666667</dst>
            <dst id="IPLSng">11281.8</dst>
            <dst id="KSCYng">4715.904</dst>
            <dst id="LOSAng">52969.3573333333</dst>
            <dst id="NYCMng">52570.1493333333</dst>
            <dst id="SNVAng">3372.27466666667</dst>
            <dst id="STTLng">11618.2426666667</dst>
            <dst id="WASHng">45492.9733333333</dst>
        </src>
        <src id="SNVAng">
            <dst id="ATLA-M5">0</dst>
            <dst id="ATLAng">0</dst>
            <dst id="CHINng">106.666666666667</dst>
            <dst id="DNVRng">4486.22666666667</dst>
            <dst id="HSTNng">0</dst>
            <dst id="IPLSng">151.56</dst>
            <dst id="KSCYng">0</dst>
            <dst id="LOSAng">31737.344</dst>
            <dst id="NYCMng">26.6666666666667</dst>
            <dst id="SNVAng">7912.46666666667</dst>
            <dst id="STTLng">34542.7946666667</dst>
            <dst id="WASHng">0</dst>
        </src>
        <src id="STTLng">
            <dst id="ATLA-M5">70.96</dst>
            <dst id="ATLAng">5442.41066666667</dst>
            <dst id="CHINng">8346.04266666667</dst>
            <dst id="DNVRng">1289.45333333333</dst>
            <dst id="HSTNng">928.522666666667</dst>
            <dst id="IPLSng">3314.33333333333</dst>
            <dst id="KSCYng">1166.848</dst>
            <dst id="LOSAng">6552.08533333333</dst>
            <dst id="NYCMng">6845.808</dst>
            <dst id="SNVAng">8109.672</dst>
            <dst id="STTLng">1277.37066666667</dst>
            <dst id="WASHng">4017.976</dst>
        </src>
        <src id="WASHng">
            <dst id="ATLA-M5">305.386666666667</dst>
            <dst id="ATLAng">104084.117333333</dst>
            <dst id="CHINng">71087.6106666667</dst>
            <dst id="DNVRng">49419.7973333333</dst>
            <dst id="HSTNng">29943.784</dst>
            <dst id="IPLSng">60948.5013333333</dst>
            <dst id="KSCYng">31887.2346666667</dst>
            <dst id="LOSAng">71938.6293333333</dst>
            <dst id="NYCMng">140924.501333333</dst>
            <dst id="SNVAng">7194.13066666667</dst>
            <dst id="STTLng">18266.0506666667</dst>
            <dst id="WASHng">177777.482666667</dst>
        </src>
    </IntraTM>
</TrafficMatrixFile>
