<?xml version="1.0" encoding="ISO-8859-1" standalone="yes"?>
<TrafficMatrixFile xsi:noNamespaceSchemaLocation="http://totem.run.montefiore.ulg.ac.be/Schema/TrafficMatrix-v1_2.xsd" xmlns:xsi="http://www.w3.org/2001/XMLSchema-instance">
    <IntraTM ASID="11537">
        <src id="ATLA-M5">
            <dst id="ATLA-M5">152.922666666667</dst>
            <dst id="ATLAng">904.362666666667</dst>
            <dst id="CHINng">283.504</dst>
            <dst id="DNVRng">28.0933333333333</dst>
            <dst id="HSTNng">45.128</dst>
            <dst id="IPLSng">208.698666666667</dst>
            <dst id="KSCYng">34.5973333333333</dst>
            <dst id="LOSAng">91.3786666666667</dst>
            <dst id="NYCMng">78.0506666666667</dst>
            <dst id="SNVAng">83.8906666666667</dst>
            <dst id="STTLng">0</dst>
            <dst id="WASHng">775.370666666667</dst>
        </src>
        <src id="ATLAng">
            <dst id="ATLA-M5">908.125333333334</dst>
            <dst id="ATLAng">48964.576</dst>
            <dst id="CHINng">52750.5626666667</dst>
            <dst id="DNVRng">4652.17866666667</dst>
            <dst id="HSTNng">24288.4906666667</dst>
            <dst id="IPLSng">18402.952</dst>
            <dst id="KSCYng">3918.768</dst>
            <dst id="LOSAng">9246.19333333333</dst>
            <dst id="NYCMng">21804.7626666667</dst>
            <dst id="SNVAng">11426.948</dst>
            <dst id="STTLng">4227.872</dst>
            <dst id="WASHng">47387.4186666667</dst>
        </src>
        <src id="CHINng">
            <dst id="ATLA-M5">228.682666666667</dst>
            <dst id="ATLAng">24966.1413333333</dst>
            <dst id="CHINng">121103.728</dst>
            <dst id="DNVRng">11506.7013333333</dst>
            <dst id="HSTNng">10942.28</dst>
            <dst id="IPLSng">35283.008</dst>
            <dst id="KSCYng">7693.328</dst>
            <dst id="LOSAng">13258.528</dst>
            <dst id="NYCMng">16477.176</dst>
            <dst id="SNVAng">23926.3413333333</dst>
            <dst id="STTLng">21806.688</dst>
            <dst id="WASHng">24268.4053333333</dst>
        </src>
        <src id="DNVRng">
            <dst id="ATLA-M5">114.784</dst>
            <dst id="ATLAng">6501.84533333333</dst>
            <dst id="CHINng">67317.6773333333</dst>
            <dst id="DNVRng">6292.368</dst>
            <dst id="HSTNng">41997.2666666667</dst>
            <dst id="IPLSng">29461.0666666667</dst>
            <dst id="KSCYng">16962.5093333333</dst>
            <dst id="LOSAng">781.477333333333</dst>
            <dst id="NYCMng">19350.0586666667</dst>
            <dst id="SNVAng">20857.4613333333</dst>
            <dst id="STTLng">35930.0133333333</dst>
            <dst id="WASHng">66391.6773333333</dst>
        </src>
        <src id="HSTNng">
            <dst id="ATLA-M5">2769.296</dst>
            <dst id="ATLAng">5302.48266666667</dst>
            <dst id="CHINng">22327.5493333333</dst>
            <dst id="DNVRng">2465.69066666667</dst>
            <dst id="HSTNng">15605.24</dst>
            <dst id="IPLSng">9242.784</dst>
            <dst id="KSCYng">5969.30666666667</dst>
            <dst id="LOSAng">6562.06933333333</dst>
            <dst id="NYCMng">5031.01866666667</dst>
            <dst id="SNVAng">552.824</dst>
            <dst id="STTLng">1569.94933333333</dst>
            <dst id="WASHng">10193.264</dst>
        </src>
        <src id="IPLSng">
            <dst id="ATLA-M5">53.3333333333333</dst>
            <dst id="ATLAng">30082.688</dst>
            <dst id="CHINng">82837.0826666667</dst>
            <dst id="DNVRng">12885.3653333333</dst>
            <dst id="HSTNng">4614.66133333333</dst>
            <dst id="IPLSng">35920.672</dst>
            <dst id="KSCYng">8279.72</dst>
            <dst id="LOSAng">3813.2</dst>
            <dst id="NYCMng">25441.672</dst>
            <dst id="SNVAng">12774.1733333333</dst>
            <dst id="STTLng">20745.1013333333</dst>
            <dst id="WASHng">41906.7413333333</dst>
        </src>
        <src id="KSCYng">
            <dst id="ATLA-M5">35.384</dst>
            <dst id="ATLAng">5952.12266666667</dst>
            <dst id="CHINng">15648.768</dst>
            <dst id="DNVRng">14091.9146666667</dst>
            <dst id="HSTNng">6599.60266666667</dst>
            <dst id="IPLSng">12785.0826666667</dst>
            <dst id="KSCYng">12339.9786666667</dst>
            <dst id="LOSAng">627.034666666667</dst>
            <dst id="NYCMng">2988.26933333333</dst>
            <dst id="SNVAng">5630.58666666667</dst>
            <dst id="STTLng">3350.15733333333</dst>
            <dst id="WASHng">13993.536</dst>
        </src>
        <src id="LOSAng">
            <dst id="ATLA-M5">2265.208</dst>
            <dst id="ATLAng">26743.1066666667</dst>
            <dst id="CHINng">99288.3573333333</dst>
            <dst id="DNVRng">12971.3546666667</dst>
            <dst id="HSTNng">18622.6</dst>
            <dst id="IPLSng">24917.424</dst>
            <dst id="KSCYng">4437.01866666667</dst>
            <dst id="LOSAng">22120.2106666667</dst>
            <dst id="NYCMng">48659.0453333333</dst>
            <dst id="SNVAng">27983.1893333333</dst>
            <dst id="STTLng">26113.3066666667</dst>
            <dst id="WASHng">103237.621333333</dst>
        </src>
        <src id="NYCMng">
            <dst id="ATLA-M5">674.28</dst>
            <dst id="ATLAng">35251.1733333333</dst>
            <dst id="CHINng">41916.8666666667</dst>
            <dst id="DNVRng">28058.7973333333</dst>
            <dst id="HSTNng">16342.0693333333</dst>
            <dst id="IPLSng">33499.9706666667</dst>
            <dst id="KSCYng">5199.32266666667</dst>
            <dst id="LOSAng">10336.0213333333</dst>
            <dst id="NYCMng">117153.714666667</dst>
            <dst id="SNVAng">62131.744</dst>
            <dst id="STTLng">16065.152</dst>
            <dst id="WASHng">82714.8026666667</dst>
        </src>
        <src id="SNVAng">
            <dst id="ATLA-M5">0</dst>
            <dst id="ATLAng">694.253333333333</dst>
            <dst id="CHINng">67.3893333333333</dst>
            <dst id="DNVRng">7035.4</dst>
            <dst id="HSTNng">518.104</dst>
            <dst id="IPLSng">638.730666666667</dst>
            <dst id="KSCYng">149.992</dst>
            <dst id="LOSAng">1003.63733333333</dst>
            <dst id="NYCMng">235.016</dst>
            <dst id="SNVAng">43760.9013333333</dst>
            <dst id="STTLng">36969.8426666667</dst>
            <dst id="WASHng">1412.272</dst>
        </src>
        <src id="STTLng">
            <dst id="ATLA-M5">26.6666666666667</dst>
            <dst id="ATLAng">10627.9013333333</dst>
            <dst id="CHINng">39532.0346666667</dst>
            <dst id="DNVRng">7597.61066666667</dst>
            <dst id="HSTNng">5442.144</dst>
            <dst id="IPLSng">11793.5386666667</dst>
            <dst id="KSCYng">4131.85066666667</dst>
            <dst id="LOSAng">2865.49866666667</dst>
            <dst id="NYCMng">17722.8693333333</dst>
            <dst id="SNVAng">15684.9866666667</dst>
            <dst id="STTLng">3067.624</dst>
            <dst id="WASHng">29883.6746666667</dst>
        </src>
        <src id="WASHng">
            <dst id="ATLA-M5">2070.76266666667</dst>
            <dst id="ATLAng">150130.8</dst>
            <dst id="CHINng">110484.706666667</dst>
            <dst id="DNVRng">60023.872</dst>
            <dst id="HSTNng">24584.6026666667</dst>
            <dst id="IPLSng">39072.528</dst>
            <dst id="KSCYng">23576.9066666667</dst>
            <dst id="LOSAng">66006.9013333333</dst>
            <dst id="NYCMng">168602.082666667</dst>
            <dst id="SNVAng">46553.0213333333</dst>
            <dst id="STTLng">28553.4346666667</dst>
            <dst id="WASHng">308511.546666667</dst>
        </src>
    </IntraTM>
</TrafficMatrixFile>
