<?xml version="1.0" encoding="ISO-8859-1" standalone="yes"?>
<TrafficMatrixFile xsi:noNamespaceSchemaLocation="http://totem.run.montefiore.ulg.ac.be/Schema/TrafficMatrix-v1_2.xsd" xmlns:xsi="http://www.w3.org/2001/XMLSchema-instance">
    <IntraTM ASID="11537">
        <src id="ATLA-M5">
            <dst id="ATLA-M5">0</dst>
            <dst id="ATLAng">59.8933333333333</dst>
            <dst id="CHINng">74.7733333333333</dst>
            <dst id="DNVRng">0</dst>
            <dst id="HSTNng">93.3706666666667</dst>
            <dst id="IPLSng">74.336</dst>
            <dst id="KSCYng">0</dst>
            <dst id="LOSAng">0</dst>
            <dst id="NYCMng">372.570666666667</dst>
            <dst id="SNVAng">0</dst>
            <dst id="STTLng">26.6666666666667</dst>
            <dst id="WASHng">80</dst>
        </src>
        <src id="ATLAng">
            <dst id="ATLA-M5">136.538666666667</dst>
            <dst id="ATLAng">22419.1466666667</dst>
            <dst id="CHINng">12159.2533333333</dst>
            <dst id="DNVRng">2891.13866666667</dst>
            <dst id="HSTNng">74120.752</dst>
            <dst id="IPLSng">16906.8213333333</dst>
            <dst id="KSCYng">499.373333333333</dst>
            <dst id="LOSAng">9920.49866666666</dst>
            <dst id="NYCMng">3303.688</dst>
            <dst id="SNVAng">0</dst>
            <dst id="STTLng">4225.98933333333</dst>
            <dst id="WASHng">37897.7013333333</dst>
        </src>
        <src id="CHINng">
            <dst id="ATLA-M5">290.792</dst>
            <dst id="ATLAng">21543.232</dst>
            <dst id="CHINng">65172.6053333333</dst>
            <dst id="DNVRng">8943.72266666667</dst>
            <dst id="HSTNng">10013.52</dst>
            <dst id="IPLSng">119893.936</dst>
            <dst id="KSCYng">7000.296</dst>
            <dst id="LOSAng">24992.2053333333</dst>
            <dst id="NYCMng">8900.99466666667</dst>
            <dst id="SNVAng">1290.672</dst>
            <dst id="STTLng">13213.8773333333</dst>
            <dst id="WASHng">8715.44266666667</dst>
        </src>
        <src id="DNVRng">
            <dst id="ATLA-M5">117.92</dst>
            <dst id="ATLAng">3245.552</dst>
            <dst id="CHINng">40787.4186666667</dst>
            <dst id="DNVRng">13726.6853333333</dst>
            <dst id="HSTNng">22807.04</dst>
            <dst id="IPLSng">30112.9146666667</dst>
            <dst id="KSCYng">36152.2186666667</dst>
            <dst id="LOSAng">46783.4533333333</dst>
            <dst id="NYCMng">13770.6533333333</dst>
            <dst id="SNVAng">9174.38133333333</dst>
            <dst id="STTLng">3420.912</dst>
            <dst id="WASHng">39006.9306666667</dst>
        </src>
        <src id="HSTNng">
            <dst id="ATLA-M5">4875.15466666667</dst>
            <dst id="ATLAng">2980.87733333333</dst>
            <dst id="CHINng">10729.224</dst>
            <dst id="DNVRng">819.362666666667</dst>
            <dst id="HSTNng">16019.208</dst>
            <dst id="IPLSng">2379.98133333333</dst>
            <dst id="KSCYng">1356.54933333333</dst>
            <dst id="LOSAng">857.322666666667</dst>
            <dst id="NYCMng">4211.13333333333</dst>
            <dst id="SNVAng">26.6666666666667</dst>
            <dst id="STTLng">714.578666666667</dst>
            <dst id="WASHng">4122.39466666667</dst>
        </src>
        <src id="IPLSng">
            <dst id="ATLA-M5">203.514666666667</dst>
            <dst id="ATLAng">6627.14666666667</dst>
            <dst id="CHINng">51060.608</dst>
            <dst id="DNVRng">5774.90933333333</dst>
            <dst id="HSTNng">1697.26666666667</dst>
            <dst id="IPLSng">28777.8906666667</dst>
            <dst id="KSCYng">3741.912</dst>
            <dst id="LOSAng">15817.72</dst>
            <dst id="NYCMng">20139.3893333333</dst>
            <dst id="SNVAng">310.162666666667</dst>
            <dst id="STTLng">6335.46933333333</dst>
            <dst id="WASHng">15579.312</dst>
        </src>
        <src id="KSCYng">
            <dst id="ATLA-M5">26.6666666666667</dst>
            <dst id="ATLAng">3696.65066666667</dst>
            <dst id="CHINng">9839.57333333333</dst>
            <dst id="DNVRng">18538.0453333333</dst>
            <dst id="HSTNng">5306.86933333333</dst>
            <dst id="IPLSng">9930.31466666667</dst>
            <dst id="KSCYng">13377.08</dst>
            <dst id="LOSAng">3045.37066666667</dst>
            <dst id="NYCMng">1458.90666666667</dst>
            <dst id="SNVAng">2576.04266666667</dst>
            <dst id="STTLng">1885.40533333333</dst>
            <dst id="WASHng">11772.3813333333</dst>
        </src>
        <src id="LOSAng">
            <dst id="ATLA-M5">172.888</dst>
            <dst id="ATLAng">19283.6293333333</dst>
            <dst id="CHINng">58333.7706666667</dst>
            <dst id="DNVRng">6215.73066666667</dst>
            <dst id="HSTNng">7149.568</dst>
            <dst id="IPLSng">19879.7413333333</dst>
            <dst id="KSCYng">2354.89866666667</dst>
            <dst id="LOSAng">4156.57866666667</dst>
            <dst id="NYCMng">20654.0133333333</dst>
            <dst id="SNVAng">20638.1973333333</dst>
            <dst id="STTLng">16544.6693333333</dst>
            <dst id="WASHng">78489.312</dst>
        </src>
        <src id="NYCMng">
            <dst id="ATLA-M5">744.264</dst>
            <dst id="ATLAng">11615.5626666667</dst>
            <dst id="CHINng">24632.9226666667</dst>
            <dst id="DNVRng">26112.528</dst>
            <dst id="HSTNng">6169.29866666667</dst>
            <dst id="IPLSng">24993.0666666667</dst>
            <dst id="KSCYng">4366.016</dst>
            <dst id="LOSAng">49905.5066666667</dst>
            <dst id="NYCMng">148507.170666667</dst>
            <dst id="SNVAng">946.501333333333</dst>
            <dst id="STTLng">29106.9893333333</dst>
            <dst id="WASHng">37223.5306666667</dst>
        </src>
        <src id="SNVAng">
            <dst id="ATLA-M5">26.6666666666667</dst>
            <dst id="ATLAng">128.76</dst>
            <dst id="CHINng">0</dst>
            <dst id="DNVRng">459.304</dst>
            <dst id="HSTNng">188.106666666667</dst>
            <dst id="IPLSng">229.669333333333</dst>
            <dst id="KSCYng">0</dst>
            <dst id="LOSAng">29377.8933333333</dst>
            <dst id="NYCMng">26.6666666666667</dst>
            <dst id="SNVAng">7600.45066666667</dst>
            <dst id="STTLng">38455.0266666667</dst>
            <dst id="WASHng">68.752</dst>
        </src>
        <src id="STTLng">
            <dst id="ATLA-M5">53.3333333333333</dst>
            <dst id="ATLAng">9561.38666666667</dst>
            <dst id="CHINng">17819.0453333333</dst>
            <dst id="DNVRng">1895.952</dst>
            <dst id="HSTNng">716.413333333333</dst>
            <dst id="IPLSng">6885.32266666667</dst>
            <dst id="KSCYng">2403.23466666667</dst>
            <dst id="LOSAng">8915.264</dst>
            <dst id="NYCMng">10603.7226666667</dst>
            <dst id="SNVAng">6530.54133333333</dst>
            <dst id="STTLng">975.541333333333</dst>
            <dst id="WASHng">7165.35466666667</dst>
        </src>
        <src id="WASHng">
            <dst id="ATLA-M5">80</dst>
            <dst id="ATLAng">69536.5253333333</dst>
            <dst id="CHINng">50769.6933333333</dst>
            <dst id="DNVRng">64845.272</dst>
            <dst id="HSTNng">26401.1413333333</dst>
            <dst id="IPLSng">62816.6373333333</dst>
            <dst id="KSCYng">32319.5706666667</dst>
            <dst id="LOSAng">103860.701333333</dst>
            <dst id="NYCMng">142562.76</dst>
            <dst id="SNVAng">1595.46666666667</dst>
            <dst id="STTLng">24279.5013333333</dst>
            <dst id="WASHng">209381.938666667</dst>
        </src>
    </IntraTM>
</TrafficMatrixFile>
