<?xml version="1.0" encoding="ISO-8859-1" standalone="yes"?>
<TrafficMatrixFile xsi:noNamespaceSchemaLocation="http://totem.run.montefiore.ulg.ac.be/Schema/TrafficMatrix-v1_2.xsd" xmlns:xsi="http://www.w3.org/2001/XMLSchema-instance">
    <IntraTM ASID="11537">
        <src id="ATLA-M5">
            <dst id="ATLA-M5">0</dst>
            <dst id="ATLAng">26.6666666666667</dst>
            <dst id="CHINng">911.386666666667</dst>
            <dst id="DNVRng">0</dst>
            <dst id="HSTNng">41.6986666666667</dst>
            <dst id="IPLSng">56.0533333333333</dst>
            <dst id="KSCYng">744.664</dst>
            <dst id="LOSAng">53.3333333333333</dst>
            <dst id="NYCMng">820.192</dst>
            <dst id="SNVAng">0</dst>
            <dst id="STTLng">26.6666666666667</dst>
            <dst id="WASHng">651.026666666667</dst>
        </src>
        <src id="ATLAng">
            <dst id="ATLA-M5">114.645333333333</dst>
            <dst id="ATLAng">62113.4106666667</dst>
            <dst id="CHINng">5179.456</dst>
            <dst id="DNVRng">3029.51466666667</dst>
            <dst id="HSTNng">31497.1493333333</dst>
            <dst id="IPLSng">14301.0853333333</dst>
            <dst id="KSCYng">1511.856</dst>
            <dst id="LOSAng">16026.5066666667</dst>
            <dst id="NYCMng">1614.74666666667</dst>
            <dst id="SNVAng">121.546666666667</dst>
            <dst id="STTLng">4037.512</dst>
            <dst id="WASHng">26605.24</dst>
        </src>
        <src id="CHINng">
            <dst id="ATLA-M5">0</dst>
            <dst id="ATLAng">17465.2533333333</dst>
            <dst id="CHINng">103203.408</dst>
            <dst id="DNVRng">5945.864</dst>
            <dst id="HSTNng">9785.36533333333</dst>
            <dst id="IPLSng">27956.4106666667</dst>
            <dst id="KSCYng">6178.72</dst>
            <dst id="LOSAng">32171.6933333333</dst>
            <dst id="NYCMng">10819.8906666667</dst>
            <dst id="SNVAng">370.818666666667</dst>
            <dst id="STTLng">8227.20533333333</dst>
            <dst id="WASHng">15272.12</dst>
        </src>
        <src id="DNVRng">
            <dst id="ATLA-M5">68</dst>
            <dst id="ATLAng">6438.19466666667</dst>
            <dst id="CHINng">36335.8106666667</dst>
            <dst id="DNVRng">2665.72266666667</dst>
            <dst id="HSTNng">22445.5226666667</dst>
            <dst id="IPLSng">30326.1786666667</dst>
            <dst id="KSCYng">12855.7706666667</dst>
            <dst id="LOSAng">12253.616</dst>
            <dst id="NYCMng">18479.528</dst>
            <dst id="SNVAng">6401.544</dst>
            <dst id="STTLng">5022.336</dst>
            <dst id="WASHng">37712.7786666667</dst>
        </src>
        <src id="HSTNng">
            <dst id="ATLA-M5">2733.74666666667</dst>
            <dst id="ATLAng">1689.67733333333</dst>
            <dst id="CHINng">6821.71733333333</dst>
            <dst id="DNVRng">808.232</dst>
            <dst id="HSTNng">19405.624</dst>
            <dst id="IPLSng">2006.84533333333</dst>
            <dst id="KSCYng">829.085333333333</dst>
            <dst id="LOSAng">3767.328</dst>
            <dst id="NYCMng">3399.74933333333</dst>
            <dst id="SNVAng">0</dst>
            <dst id="STTLng">660.296</dst>
            <dst id="WASHng">4863.17333333333</dst>
        </src>
        <src id="IPLSng">
            <dst id="ATLA-M5">1431.168</dst>
            <dst id="ATLAng">4775.11466666666</dst>
            <dst id="CHINng">44614.9093333333</dst>
            <dst id="DNVRng">6838.16266666667</dst>
            <dst id="HSTNng">1798.45333333333</dst>
            <dst id="IPLSng">7593.44533333333</dst>
            <dst id="KSCYng">2510.09333333333</dst>
            <dst id="LOSAng">10248.0453333333</dst>
            <dst id="NYCMng">22588.288</dst>
            <dst id="SNVAng">1974.65333333333</dst>
            <dst id="STTLng">5772.31733333333</dst>
            <dst id="WASHng">23827.592</dst>
        </src>
        <src id="KSCYng">
            <dst id="ATLA-M5">26.6666666666667</dst>
            <dst id="ATLAng">2676.70666666667</dst>
            <dst id="CHINng">12265.4586666667</dst>
            <dst id="DNVRng">5439.976</dst>
            <dst id="HSTNng">3697.14933333333</dst>
            <dst id="IPLSng">11245.04</dst>
            <dst id="KSCYng">9519.30933333333</dst>
            <dst id="LOSAng">5201.86933333333</dst>
            <dst id="NYCMng">1433.11733333333</dst>
            <dst id="SNVAng">2571.63466666667</dst>
            <dst id="STTLng">3176.47733333333</dst>
            <dst id="WASHng">11141.1786666667</dst>
        </src>
        <src id="LOSAng">
            <dst id="ATLA-M5">26.6666666666667</dst>
            <dst id="ATLAng">21568.6053333333</dst>
            <dst id="CHINng">52940.3386666667</dst>
            <dst id="DNVRng">13415.096</dst>
            <dst id="HSTNng">3607.21866666667</dst>
            <dst id="IPLSng">17797.344</dst>
            <dst id="KSCYng">3872.67733333333</dst>
            <dst id="LOSAng">14918.8826666667</dst>
            <dst id="NYCMng">48476.856</dst>
            <dst id="SNVAng">23261.0346666667</dst>
            <dst id="STTLng">23422.736</dst>
            <dst id="WASHng">84093.3573333333</dst>
        </src>
        <src id="NYCMng">
            <dst id="ATLA-M5">4747.2</dst>
            <dst id="ATLAng">8251.59733333333</dst>
            <dst id="CHINng">19376.6853333333</dst>
            <dst id="DNVRng">22795.2853333333</dst>
            <dst id="HSTNng">4660.42133333333</dst>
            <dst id="IPLSng">35110.7013333333</dst>
            <dst id="KSCYng">6900.25866666667</dst>
            <dst id="LOSAng">64149.9333333333</dst>
            <dst id="NYCMng">95617.5466666667</dst>
            <dst id="SNVAng">3264.05066666667</dst>
            <dst id="STTLng">26520.9066666667</dst>
            <dst id="WASHng">50254.5093333333</dst>
        </src>
        <src id="SNVAng">
            <dst id="ATLA-M5">0</dst>
            <dst id="ATLAng">53.3333333333333</dst>
            <dst id="CHINng">170.538666666667</dst>
            <dst id="DNVRng">3318.792</dst>
            <dst id="HSTNng">0</dst>
            <dst id="IPLSng">224.229333333333</dst>
            <dst id="KSCYng">53.3333333333333</dst>
            <dst id="LOSAng">31028.1466666667</dst>
            <dst id="NYCMng">53.3333333333333</dst>
            <dst id="SNVAng">8572.71733333333</dst>
            <dst id="STTLng">37945.5066666667</dst>
            <dst id="WASHng">26.6666666666667</dst>
        </src>
        <src id="STTLng">
            <dst id="ATLA-M5">0</dst>
            <dst id="ATLAng">8403.304</dst>
            <dst id="CHINng">16633.6373333333</dst>
            <dst id="DNVRng">2605.96</dst>
            <dst id="HSTNng">970.338666666667</dst>
            <dst id="IPLSng">16808.3893333333</dst>
            <dst id="KSCYng">2552.2</dst>
            <dst id="LOSAng">20264.456</dst>
            <dst id="NYCMng">16856.6346666667</dst>
            <dst id="SNVAng">7456.00266666667</dst>
            <dst id="STTLng">1558.28266666667</dst>
            <dst id="WASHng">7351.22666666667</dst>
        </src>
        <src id="WASHng">
            <dst id="ATLA-M5">1065.96266666667</dst>
            <dst id="ATLAng">93632.4853333333</dst>
            <dst id="CHINng">44345.6346666667</dst>
            <dst id="DNVRng">39052.28</dst>
            <dst id="HSTNng">23915.4826666667</dst>
            <dst id="IPLSng">58829.9706666667</dst>
            <dst id="KSCYng">32254.6533333333</dst>
            <dst id="LOSAng">109149.346666667</dst>
            <dst id="NYCMng">132940.232</dst>
            <dst id="SNVAng">5916.89333333333</dst>
            <dst id="STTLng">27730.136</dst>
            <dst id="WASHng">205340.957333333</dst>
        </src>
    </IntraTM>
</TrafficMatrixFile>
