<?xml version="1.0" encoding="ISO-8859-1" standalone="yes"?>
<TrafficMatrixFile xsi:noNamespaceSchemaLocation="http://totem.run.montefiore.ulg.ac.be/Schema/TrafficMatrix-v1_2.xsd" xmlns:xsi="http://www.w3.org/2001/XMLSchema-instance">
    <IntraTM ASID="11537">
        <src id="ATLA-M5">
            <dst id="ATLA-M5">0</dst>
            <dst id="ATLAng">26.6666666666667</dst>
            <dst id="CHINng">178.018666666667</dst>
            <dst id="DNVRng">0</dst>
            <dst id="HSTNng">233.744</dst>
            <dst id="IPLSng">0</dst>
            <dst id="KSCYng">0</dst>
            <dst id="LOSAng">37.8346666666667</dst>
            <dst id="NYCMng">1139.70933333333</dst>
            <dst id="SNVAng">0</dst>
            <dst id="STTLng">68.032</dst>
            <dst id="WASHng">88.824</dst>
        </src>
        <src id="ATLAng">
            <dst id="ATLA-M5">53.3333333333333</dst>
            <dst id="ATLAng">23361.4906666667</dst>
            <dst id="CHINng">4187.51466666667</dst>
            <dst id="DNVRng">2664.76533333333</dst>
            <dst id="HSTNng">597.509333333333</dst>
            <dst id="IPLSng">9837.576</dst>
            <dst id="KSCYng">447.16</dst>
            <dst id="LOSAng">9972.07466666667</dst>
            <dst id="NYCMng">4328.63466666667</dst>
            <dst id="SNVAng">61.712</dst>
            <dst id="STTLng">3452.832</dst>
            <dst id="WASHng">52271.7813333333</dst>
        </src>
        <src id="CHINng">
            <dst id="ATLA-M5">53.3333333333333</dst>
            <dst id="ATLAng">10275.8133333333</dst>
            <dst id="CHINng">56780.0186666667</dst>
            <dst id="DNVRng">4350.69066666667</dst>
            <dst id="HSTNng">16231.912</dst>
            <dst id="IPLSng">16781.04</dst>
            <dst id="KSCYng">5180.99466666667</dst>
            <dst id="LOSAng">21791.8186666667</dst>
            <dst id="NYCMng">22618.4986666667</dst>
            <dst id="SNVAng">688.029333333333</dst>
            <dst id="STTLng">8016.26933333333</dst>
            <dst id="WASHng">14834.5093333333</dst>
        </src>
        <src id="DNVRng">
            <dst id="ATLA-M5">56.192</dst>
            <dst id="ATLAng">6443.65333333333</dst>
            <dst id="CHINng">35590.304</dst>
            <dst id="DNVRng">7194.07466666667</dst>
            <dst id="HSTNng">20602.1866666667</dst>
            <dst id="IPLSng">30569.3866666667</dst>
            <dst id="KSCYng">20666.8026666667</dst>
            <dst id="LOSAng">5540.67466666667</dst>
            <dst id="NYCMng">12229.3093333333</dst>
            <dst id="SNVAng">8183.432</dst>
            <dst id="STTLng">3526.26666666667</dst>
            <dst id="WASHng">33517.3413333333</dst>
        </src>
        <src id="HSTNng">
            <dst id="ATLA-M5">4853.58666666667</dst>
            <dst id="ATLAng">2329.18133333333</dst>
            <dst id="CHINng">6778.66666666667</dst>
            <dst id="DNVRng">693.048</dst>
            <dst id="HSTNng">17025.544</dst>
            <dst id="IPLSng">4407.592</dst>
            <dst id="KSCYng">504.245333333333</dst>
            <dst id="LOSAng">1649.96266666667</dst>
            <dst id="NYCMng">2254.15733333333</dst>
            <dst id="SNVAng">26.6666666666667</dst>
            <dst id="STTLng">736.762666666667</dst>
            <dst id="WASHng">4862.79466666667</dst>
        </src>
        <src id="IPLSng">
            <dst id="ATLA-M5">0</dst>
            <dst id="ATLAng">7862.648</dst>
            <dst id="CHINng">52396.6266666667</dst>
            <dst id="DNVRng">6899.664</dst>
            <dst id="HSTNng">1178.528</dst>
            <dst id="IPLSng">28339.2826666667</dst>
            <dst id="KSCYng">1985</dst>
            <dst id="LOSAng">25828.4613333333</dst>
            <dst id="NYCMng">2285.76</dst>
            <dst id="SNVAng">275.496</dst>
            <dst id="STTLng">6484.95466666667</dst>
            <dst id="WASHng">7665.92266666667</dst>
        </src>
        <src id="KSCYng">
            <dst id="ATLA-M5">53.3333333333333</dst>
            <dst id="ATLAng">2698.07466666667</dst>
            <dst id="CHINng">27760.04</dst>
            <dst id="DNVRng">4239.992</dst>
            <dst id="HSTNng">3440.60266666667</dst>
            <dst id="IPLSng">11162.5653333333</dst>
            <dst id="KSCYng">17964.608</dst>
            <dst id="LOSAng">3312.65333333333</dst>
            <dst id="NYCMng">1064.14666666667</dst>
            <dst id="SNVAng">1920.704</dst>
            <dst id="STTLng">999.92</dst>
            <dst id="WASHng">8312.024</dst>
        </src>
        <src id="LOSAng">
            <dst id="ATLA-M5">26.6666666666667</dst>
            <dst id="ATLAng">36041.952</dst>
            <dst id="CHINng">59838.9893333333</dst>
            <dst id="DNVRng">11541.0746666667</dst>
            <dst id="HSTNng">2538.55466666667</dst>
            <dst id="IPLSng">9063.61333333333</dst>
            <dst id="KSCYng">3580.07733333333</dst>
            <dst id="LOSAng">7922.70933333333</dst>
            <dst id="NYCMng">17847.72</dst>
            <dst id="SNVAng">20559.976</dst>
            <dst id="STTLng">25218.784</dst>
            <dst id="WASHng">72581.2453333333</dst>
        </src>
        <src id="NYCMng">
            <dst id="ATLA-M5">113.970666666667</dst>
            <dst id="ATLAng">13309.5573333333</dst>
            <dst id="CHINng">23831.5146666667</dst>
            <dst id="DNVRng">19605.3973333333</dst>
            <dst id="HSTNng">5492.90666666667</dst>
            <dst id="IPLSng">18186.5573333333</dst>
            <dst id="KSCYng">4290.296</dst>
            <dst id="LOSAng">56114.6933333333</dst>
            <dst id="NYCMng">74479.4293333333</dst>
            <dst id="SNVAng">2289.66666666667</dst>
            <dst id="STTLng">14036.232</dst>
            <dst id="WASHng">37286.608</dst>
        </src>
        <src id="SNVAng">
            <dst id="ATLA-M5">0</dst>
            <dst id="ATLAng">26.6666666666667</dst>
            <dst id="CHINng">80</dst>
            <dst id="DNVRng">317.096</dst>
            <dst id="HSTNng">0</dst>
            <dst id="IPLSng">1799.50933333333</dst>
            <dst id="KSCYng">26.6666666666667</dst>
            <dst id="LOSAng">30388.864</dst>
            <dst id="NYCMng">0</dst>
            <dst id="SNVAng">6237.47466666667</dst>
            <dst id="STTLng">31506.4666666667</dst>
            <dst id="WASHng">400.426666666667</dst>
        </src>
        <src id="STTLng">
            <dst id="ATLA-M5">124.506666666667</dst>
            <dst id="ATLAng">6593.072</dst>
            <dst id="CHINng">11248.6106666667</dst>
            <dst id="DNVRng">463.674666666666</dst>
            <dst id="HSTNng">426.034666666667</dst>
            <dst id="IPLSng">6280.50666666667</dst>
            <dst id="KSCYng">604.528</dst>
            <dst id="LOSAng">9716.104</dst>
            <dst id="NYCMng">8831.24</dst>
            <dst id="SNVAng">13560.7706666667</dst>
            <dst id="STTLng">831.568</dst>
            <dst id="WASHng">4976.24</dst>
        </src>
        <src id="WASHng">
            <dst id="ATLA-M5">254.325333333333</dst>
            <dst id="ATLAng">85943.9306666667</dst>
            <dst id="CHINng">39937.48</dst>
            <dst id="DNVRng">38776.0506666667</dst>
            <dst id="HSTNng">16852.976</dst>
            <dst id="IPLSng">38491.984</dst>
            <dst id="KSCYng">27604.92</dst>
            <dst id="LOSAng">88849.2613333334</dst>
            <dst id="NYCMng">132307.178666667</dst>
            <dst id="SNVAng">234.525333333333</dst>
            <dst id="STTLng">27081.272</dst>
            <dst id="WASHng">314617.493333333</dst>
        </src>
    </IntraTM>
</TrafficMatrixFile>
