<?xml version="1.0" encoding="ISO-8859-1" standalone="yes"?>
<TrafficMatrixFile xsi:noNamespaceSchemaLocation="http://totem.run.montefiore.ulg.ac.be/Schema/TrafficMatrix-v1_2.xsd" xmlns:xsi="http://www.w3.org/2001/XMLSchema-instance">
    <IntraTM ASID="11537">
        <src id="ATLA-M5">
            <dst id="ATLA-M5">53.3333333333333</dst>
            <dst id="ATLAng">26.6666666666667</dst>
            <dst id="CHINng">65.3546666666667</dst>
            <dst id="DNVRng">1055.36</dst>
            <dst id="HSTNng">1497.184</dst>
            <dst id="IPLSng">0</dst>
            <dst id="KSCYng">0</dst>
            <dst id="LOSAng">59.0933333333333</dst>
            <dst id="NYCMng">78</dst>
            <dst id="SNVAng">0</dst>
            <dst id="STTLng">71.1306666666667</dst>
            <dst id="WASHng">53.3333333333333</dst>
        </src>
        <src id="ATLAng">
            <dst id="ATLA-M5">34.2106666666667</dst>
            <dst id="ATLAng">42973.68</dst>
            <dst id="CHINng">9547.904</dst>
            <dst id="DNVRng">2528.21066666667</dst>
            <dst id="HSTNng">572.181333333333</dst>
            <dst id="IPLSng">15785.3493333333</dst>
            <dst id="KSCYng">345.304</dst>
            <dst id="LOSAng">46757.9653333333</dst>
            <dst id="NYCMng">2721.90933333333</dst>
            <dst id="SNVAng">13.3333333333333</dst>
            <dst id="STTLng">5604.64</dst>
            <dst id="WASHng">45767.544</dst>
        </src>
        <src id="CHINng">
            <dst id="ATLA-M5">26.6666666666667</dst>
            <dst id="ATLAng">4879.912</dst>
            <dst id="CHINng">47065.624</dst>
            <dst id="DNVRng">7497.53333333333</dst>
            <dst id="HSTNng">14300.9466666667</dst>
            <dst id="IPLSng">25493.6133333333</dst>
            <dst id="KSCYng">3217.85066666667</dst>
            <dst id="LOSAng">34362.936</dst>
            <dst id="NYCMng">26464.1813333333</dst>
            <dst id="SNVAng">870.466666666667</dst>
            <dst id="STTLng">5311.08533333333</dst>
            <dst id="WASHng">14225.6773333333</dst>
        </src>
        <src id="DNVRng">
            <dst id="ATLA-M5">273.408</dst>
            <dst id="ATLAng">1829.98666666667</dst>
            <dst id="CHINng">32322.688</dst>
            <dst id="DNVRng">4509.72</dst>
            <dst id="HSTNng">18662.1706666667</dst>
            <dst id="IPLSng">31005.7066666667</dst>
            <dst id="KSCYng">12063.712</dst>
            <dst id="LOSAng">4180.81066666667</dst>
            <dst id="NYCMng">14667.512</dst>
            <dst id="SNVAng">4869.05333333333</dst>
            <dst id="STTLng">2930.82666666667</dst>
            <dst id="WASHng">36437.3893333333</dst>
        </src>
        <src id="HSTNng">
            <dst id="ATLA-M5">702.016</dst>
            <dst id="ATLAng">548.245333333333</dst>
            <dst id="CHINng">3525.85066666667</dst>
            <dst id="DNVRng">1465.96533333333</dst>
            <dst id="HSTNng">15103.2266666667</dst>
            <dst id="IPLSng">722.856</dst>
            <dst id="KSCYng">601.221333333333</dst>
            <dst id="LOSAng">4818.77066666667</dst>
            <dst id="NYCMng">1679.144</dst>
            <dst id="SNVAng">54.0053333333333</dst>
            <dst id="STTLng">1311.696</dst>
            <dst id="WASHng">1260.13333333333</dst>
        </src>
        <src id="IPLSng">
            <dst id="ATLA-M5">0</dst>
            <dst id="ATLAng">9206.73333333333</dst>
            <dst id="CHINng">26877.1626666667</dst>
            <dst id="DNVRng">5367.37066666667</dst>
            <dst id="HSTNng">3560.6</dst>
            <dst id="IPLSng">62563.24</dst>
            <dst id="KSCYng">1761.48266666667</dst>
            <dst id="LOSAng">17078.936</dst>
            <dst id="NYCMng">3255.03466666667</dst>
            <dst id="SNVAng">601.925333333333</dst>
            <dst id="STTLng">4878.87466666667</dst>
            <dst id="WASHng">4277.56</dst>
        </src>
        <src id="KSCYng">
            <dst id="ATLA-M5">0</dst>
            <dst id="ATLAng">2286.31733333333</dst>
            <dst id="CHINng">10052.0026666667</dst>
            <dst id="DNVRng">4163.11733333333</dst>
            <dst id="HSTNng">2650.74933333333</dst>
            <dst id="IPLSng">9818.54666666667</dst>
            <dst id="KSCYng">5577.44266666667</dst>
            <dst id="LOSAng">3686.496</dst>
            <dst id="NYCMng">1504.52266666667</dst>
            <dst id="SNVAng">3074.32533333333</dst>
            <dst id="STTLng">341.154666666667</dst>
            <dst id="WASHng">8408.44</dst>
        </src>
        <src id="LOSAng">
            <dst id="ATLA-M5">0</dst>
            <dst id="ATLAng">7857.056</dst>
            <dst id="CHINng">46894.2</dst>
            <dst id="DNVRng">14601.6533333333</dst>
            <dst id="HSTNng">2385.22666666667</dst>
            <dst id="IPLSng">21304.3626666667</dst>
            <dst id="KSCYng">2470.58933333333</dst>
            <dst id="LOSAng">7889.79733333333</dst>
            <dst id="NYCMng">15950.536</dst>
            <dst id="SNVAng">22875.552</dst>
            <dst id="STTLng">20283.6613333333</dst>
            <dst id="WASHng">83144.5493333333</dst>
        </src>
        <src id="NYCMng">
            <dst id="ATLA-M5">26.6666666666667</dst>
            <dst id="ATLAng">5076.27733333333</dst>
            <dst id="CHINng">18612.4346666667</dst>
            <dst id="DNVRng">22875.168</dst>
            <dst id="HSTNng">2789.896</dst>
            <dst id="IPLSng">18495.616</dst>
            <dst id="KSCYng">13973.704</dst>
            <dst id="LOSAng">53082.2</dst>
            <dst id="NYCMng">52058.0453333333</dst>
            <dst id="SNVAng">1520.07733333333</dst>
            <dst id="STTLng">13918.1146666667</dst>
            <dst id="WASHng">26177.944</dst>
        </src>
        <src id="SNVAng">
            <dst id="ATLA-M5">0</dst>
            <dst id="ATLAng">0</dst>
            <dst id="CHINng">53.3333333333333</dst>
            <dst id="DNVRng">464.498666666667</dst>
            <dst id="HSTNng">26.6666666666667</dst>
            <dst id="IPLSng">9461.51466666667</dst>
            <dst id="KSCYng">0</dst>
            <dst id="LOSAng">29541.0826666667</dst>
            <dst id="NYCMng">2201.12533333333</dst>
            <dst id="SNVAng">6440.85333333333</dst>
            <dst id="STTLng">32561.48</dst>
            <dst id="WASHng">110.362666666667</dst>
        </src>
        <src id="STTLng">
            <dst id="ATLA-M5">107.797333333333</dst>
            <dst id="ATLAng">5259.45866666667</dst>
            <dst id="CHINng">10496.1333333333</dst>
            <dst id="DNVRng">1030.17066666667</dst>
            <dst id="HSTNng">536.728</dst>
            <dst id="IPLSng">4122.768</dst>
            <dst id="KSCYng">846.165333333333</dst>
            <dst id="LOSAng">12599.376</dst>
            <dst id="NYCMng">10529.56</dst>
            <dst id="SNVAng">13359.688</dst>
            <dst id="STTLng">1978.74666666667</dst>
            <dst id="WASHng">6529.86933333333</dst>
        </src>
        <src id="WASHng">
            <dst id="ATLA-M5">383.658666666667</dst>
            <dst id="ATLAng">47821.1866666667</dst>
            <dst id="CHINng">51860.584</dst>
            <dst id="DNVRng">39015.9226666667</dst>
            <dst id="HSTNng">25253.2506666667</dst>
            <dst id="IPLSng">51584.9386666667</dst>
            <dst id="KSCYng">33335.7226666667</dst>
            <dst id="LOSAng">109267.938666667</dst>
            <dst id="NYCMng">117180.205333333</dst>
            <dst id="SNVAng">1670.6</dst>
            <dst id="STTLng">17342.1013333333</dst>
            <dst id="WASHng">184067.642666667</dst>
        </src>
    </IntraTM>
</TrafficMatrixFile>
