<?xml version="1.0" encoding="ISO-8859-1" standalone="yes"?>
<TrafficMatrixFile xsi:noNamespaceSchemaLocation="http://totem.run.montefiore.ulg.ac.be/Schema/TrafficMatrix-v1_2.xsd" xmlns:xsi="http://www.w3.org/2001/XMLSchema-instance">
    <IntraTM ASID="11537">
        <src id="ATLA-M5">
            <dst id="ATLA-M5">26.6666666666667</dst>
            <dst id="ATLAng">53.4186666666667</dst>
            <dst id="CHINng">1028.64533333333</dst>
            <dst id="DNVRng">0</dst>
            <dst id="HSTNng">85.8746666666667</dst>
            <dst id="IPLSng">26.6666666666667</dst>
            <dst id="KSCYng">94.96</dst>
            <dst id="LOSAng">0</dst>
            <dst id="NYCMng">422.925333333333</dst>
            <dst id="SNVAng">0</dst>
            <dst id="STTLng">26.6666666666667</dst>
            <dst id="WASHng">349.778666666667</dst>
        </src>
        <src id="ATLAng">
            <dst id="ATLA-M5">81.8266666666667</dst>
            <dst id="ATLAng">23835.528</dst>
            <dst id="CHINng">5103.85066666667</dst>
            <dst id="DNVRng">3909.56</dst>
            <dst id="HSTNng">33190.608</dst>
            <dst id="IPLSng">33534.136</dst>
            <dst id="KSCYng">2309.82933333333</dst>
            <dst id="LOSAng">13686.8426666667</dst>
            <dst id="NYCMng">2119.79466666667</dst>
            <dst id="SNVAng">341.842666666667</dst>
            <dst id="STTLng">3082.66666666667</dst>
            <dst id="WASHng">19402.016</dst>
        </src>
        <src id="CHINng">
            <dst id="ATLA-M5">262.338666666667</dst>
            <dst id="ATLAng">20118.0373333333</dst>
            <dst id="CHINng">67632.7626666667</dst>
            <dst id="DNVRng">5936.4</dst>
            <dst id="HSTNng">8063.57333333333</dst>
            <dst id="IPLSng">41713.7146666667</dst>
            <dst id="KSCYng">7610.25333333333</dst>
            <dst id="LOSAng">28798.2106666667</dst>
            <dst id="NYCMng">8858.95733333333</dst>
            <dst id="SNVAng">1527.94933333333</dst>
            <dst id="STTLng">4990.608</dst>
            <dst id="WASHng">17237.4533333333</dst>
        </src>
        <src id="DNVRng">
            <dst id="ATLA-M5">53.92</dst>
            <dst id="ATLAng">7611.25333333333</dst>
            <dst id="CHINng">33679.408</dst>
            <dst id="DNVRng">6227.03466666667</dst>
            <dst id="HSTNng">21797.0986666667</dst>
            <dst id="IPLSng">29028.6373333333</dst>
            <dst id="KSCYng">13222.176</dst>
            <dst id="LOSAng">24257.0853333333</dst>
            <dst id="NYCMng">17752.6746666667</dst>
            <dst id="SNVAng">5314.26933333333</dst>
            <dst id="STTLng">7853.69333333333</dst>
            <dst id="WASHng">47018.1253333333</dst>
        </src>
        <src id="HSTNng">
            <dst id="ATLA-M5">286.549333333333</dst>
            <dst id="ATLAng">1464.34666666667</dst>
            <dst id="CHINng">11128.7786666667</dst>
            <dst id="DNVRng">1054.81066666667</dst>
            <dst id="HSTNng">18729.504</dst>
            <dst id="IPLSng">1736.65333333333</dst>
            <dst id="KSCYng">818.826666666667</dst>
            <dst id="LOSAng">2904.808</dst>
            <dst id="NYCMng">2005.744</dst>
            <dst id="SNVAng">53.3333333333333</dst>
            <dst id="STTLng">483.392</dst>
            <dst id="WASHng">4887.51466666667</dst>
        </src>
        <src id="IPLSng">
            <dst id="ATLA-M5">1845.832</dst>
            <dst id="ATLAng">5339.33066666667</dst>
            <dst id="CHINng">43734.9786666667</dst>
            <dst id="DNVRng">7541.936</dst>
            <dst id="HSTNng">1840.952</dst>
            <dst id="IPLSng">9635.8</dst>
            <dst id="KSCYng">5081.81866666667</dst>
            <dst id="LOSAng">10879.1413333333</dst>
            <dst id="NYCMng">18233.1813333333</dst>
            <dst id="SNVAng">1697.232</dst>
            <dst id="STTLng">6130.008</dst>
            <dst id="WASHng">13897.4026666667</dst>
        </src>
        <src id="KSCYng">
            <dst id="ATLA-M5">26.6666666666667</dst>
            <dst id="ATLAng">3384.10666666667</dst>
            <dst id="CHINng">10490.5946666667</dst>
            <dst id="DNVRng">6253.50666666667</dst>
            <dst id="HSTNng">3760.82933333333</dst>
            <dst id="IPLSng">12439.0506666667</dst>
            <dst id="KSCYng">8180.66133333333</dst>
            <dst id="LOSAng">3865.032</dst>
            <dst id="NYCMng">1457.79466666667</dst>
            <dst id="SNVAng">2570.30133333333</dst>
            <dst id="STTLng">3061.92266666667</dst>
            <dst id="WASHng">10416.5253333333</dst>
        </src>
        <src id="LOSAng">
            <dst id="ATLA-M5">26.6666666666667</dst>
            <dst id="ATLAng">33714.784</dst>
            <dst id="CHINng">52797.5253333333</dst>
            <dst id="DNVRng">9004.456</dst>
            <dst id="HSTNng">14082.2906666667</dst>
            <dst id="IPLSng">17412.5573333333</dst>
            <dst id="KSCYng">2810.13866666667</dst>
            <dst id="LOSAng">7476.67466666667</dst>
            <dst id="NYCMng">41745.3706666667</dst>
            <dst id="SNVAng">24257.2533333333</dst>
            <dst id="STTLng">20466.9813333333</dst>
            <dst id="WASHng">82018.216</dst>
        </src>
        <src id="NYCMng">
            <dst id="ATLA-M5">1589.176</dst>
            <dst id="ATLAng">18429.656</dst>
            <dst id="CHINng">18060.8986666667</dst>
            <dst id="DNVRng">25499.688</dst>
            <dst id="HSTNng">5017.52</dst>
            <dst id="IPLSng">26397.5786666667</dst>
            <dst id="KSCYng">6263.98666666666</dst>
            <dst id="LOSAng">72764.0773333333</dst>
            <dst id="NYCMng">135067.728</dst>
            <dst id="SNVAng">3176.13866666667</dst>
            <dst id="STTLng">23462.096</dst>
            <dst id="WASHng">63200.9893333333</dst>
        </src>
        <src id="SNVAng">
            <dst id="ATLA-M5">0</dst>
            <dst id="ATLAng">94.792</dst>
            <dst id="CHINng">26.6666666666667</dst>
            <dst id="DNVRng">2822.416</dst>
            <dst id="HSTNng">53.3333333333333</dst>
            <dst id="IPLSng">204.04</dst>
            <dst id="KSCYng">0</dst>
            <dst id="LOSAng">30243.32</dst>
            <dst id="NYCMng">0</dst>
            <dst id="SNVAng">8640.62133333333</dst>
            <dst id="STTLng">37813.3546666667</dst>
            <dst id="WASHng">26.6666666666667</dst>
        </src>
        <src id="STTLng">
            <dst id="ATLA-M5">26.6666666666667</dst>
            <dst id="ATLAng">8225.38666666667</dst>
            <dst id="CHINng">14166.184</dst>
            <dst id="DNVRng">2648.544</dst>
            <dst id="HSTNng">787.741333333333</dst>
            <dst id="IPLSng">16641.4</dst>
            <dst id="KSCYng">1930.25866666667</dst>
            <dst id="LOSAng">15744.848</dst>
            <dst id="NYCMng">13630.1466666667</dst>
            <dst id="SNVAng">8722.14933333333</dst>
            <dst id="STTLng">1260.77066666667</dst>
            <dst id="WASHng">7671.28266666667</dst>
        </src>
        <src id="WASHng">
            <dst id="ATLA-M5">188.314666666667</dst>
            <dst id="ATLAng">63137.7333333333</dst>
            <dst id="CHINng">35642.672</dst>
            <dst id="DNVRng">34375.9013333333</dst>
            <dst id="HSTNng">20795.1573333333</dst>
            <dst id="IPLSng">59830.1973333333</dst>
            <dst id="KSCYng">29701.4346666667</dst>
            <dst id="LOSAng">110556.096</dst>
            <dst id="NYCMng">164669.184</dst>
            <dst id="SNVAng">5447.07466666667</dst>
            <dst id="STTLng">29607.6613333333</dst>
            <dst id="WASHng">164310.186666667</dst>
        </src>
    </IntraTM>
</TrafficMatrixFile>
