<?xml version="1.0" encoding="ISO-8859-1" standalone="yes"?>
<TrafficMatrixFile xsi:noNamespaceSchemaLocation="http://totem.run.montefiore.ulg.ac.be/Schema/TrafficMatrix-v1_2.xsd" xmlns:xsi="http://www.w3.org/2001/XMLSchema-instance">
    <IntraTM ASID="11537">
        <src id="ATLA-M5">
            <dst id="ATLA-M5">56.0613333333333</dst>
            <dst id="ATLAng">0</dst>
            <dst id="CHINng">192.56</dst>
            <dst id="DNVRng">53.3333333333333</dst>
            <dst id="HSTNng">26.6666666666667</dst>
            <dst id="IPLSng">171.016</dst>
            <dst id="KSCYng">0</dst>
            <dst id="LOSAng">28.16</dst>
            <dst id="NYCMng">26.6666666666667</dst>
            <dst id="SNVAng">28.16</dst>
            <dst id="STTLng">0</dst>
            <dst id="WASHng">1381.93866666667</dst>
        </src>
        <src id="ATLAng">
            <dst id="ATLA-M5">59.3253333333333</dst>
            <dst id="ATLAng">33153.8666666667</dst>
            <dst id="CHINng">5508.05066666667</dst>
            <dst id="DNVRng">1939.448</dst>
            <dst id="HSTNng">4011.768</dst>
            <dst id="IPLSng">10123.4933333333</dst>
            <dst id="KSCYng">777.96</dst>
            <dst id="LOSAng">1731.06133333333</dst>
            <dst id="NYCMng">2662.31733333333</dst>
            <dst id="SNVAng">1136.93333333333</dst>
            <dst id="STTLng">1045.17333333333</dst>
            <dst id="WASHng">17861.416</dst>
        </src>
        <src id="CHINng">
            <dst id="ATLA-M5">397.664</dst>
            <dst id="ATLAng">20889.1333333333</dst>
            <dst id="CHINng">93585.2613333333</dst>
            <dst id="DNVRng">2253.8</dst>
            <dst id="HSTNng">2788.32</dst>
            <dst id="IPLSng">17480.176</dst>
            <dst id="KSCYng">2752.87733333333</dst>
            <dst id="LOSAng">2030.14666666667</dst>
            <dst id="NYCMng">14656.0186666667</dst>
            <dst id="SNVAng">17137.896</dst>
            <dst id="STTLng">13107.4426666667</dst>
            <dst id="WASHng">21303.7066666667</dst>
        </src>
        <src id="DNVRng">
            <dst id="ATLA-M5">76.1066666666667</dst>
            <dst id="ATLAng">5761.90933333333</dst>
            <dst id="CHINng">17107.136</dst>
            <dst id="DNVRng">9699.21333333333</dst>
            <dst id="HSTNng">13855.9333333333</dst>
            <dst id="IPLSng">14606.9733333333</dst>
            <dst id="KSCYng">29325.2213333333</dst>
            <dst id="LOSAng">1348.984</dst>
            <dst id="NYCMng">10415.0426666667</dst>
            <dst id="SNVAng">24338.8133333333</dst>
            <dst id="STTLng">11798.472</dst>
            <dst id="WASHng">42071.776</dst>
        </src>
        <src id="HSTNng">
            <dst id="ATLA-M5">114.52</dst>
            <dst id="ATLAng">1542.61866666667</dst>
            <dst id="CHINng">7306.66133333333</dst>
            <dst id="DNVRng">617.098666666667</dst>
            <dst id="HSTNng">11552.696</dst>
            <dst id="IPLSng">1214.77066666667</dst>
            <dst id="KSCYng">2294.216</dst>
            <dst id="LOSAng">842.304</dst>
            <dst id="NYCMng">1286.688</dst>
            <dst id="SNVAng">26.6666666666667</dst>
            <dst id="STTLng">1077.02666666667</dst>
            <dst id="WASHng">2883.63466666667</dst>
        </src>
        <src id="IPLSng">
            <dst id="ATLA-M5">0</dst>
            <dst id="ATLAng">3358.968</dst>
            <dst id="CHINng">37636.0613333333</dst>
            <dst id="DNVRng">8855.824</dst>
            <dst id="HSTNng">137.4</dst>
            <dst id="IPLSng">1956.712</dst>
            <dst id="KSCYng">998.666666666667</dst>
            <dst id="LOSAng">766.597333333333</dst>
            <dst id="NYCMng">10994.6506666667</dst>
            <dst id="SNVAng">2623.36</dst>
            <dst id="STTLng">2739.64</dst>
            <dst id="WASHng">7579.01333333333</dst>
        </src>
        <src id="KSCYng">
            <dst id="ATLA-M5">26.6666666666667</dst>
            <dst id="ATLAng">5118.46666666667</dst>
            <dst id="CHINng">6901.16533333333</dst>
            <dst id="DNVRng">5593.488</dst>
            <dst id="HSTNng">3553.90666666667</dst>
            <dst id="IPLSng">9537.776</dst>
            <dst id="KSCYng">13001.4826666667</dst>
            <dst id="LOSAng">349.930666666667</dst>
            <dst id="NYCMng">802.637333333333</dst>
            <dst id="SNVAng">2869.97866666667</dst>
            <dst id="STTLng">899.794666666667</dst>
            <dst id="WASHng">9676.56266666666</dst>
        </src>
        <src id="LOSAng">
            <dst id="ATLA-M5">0</dst>
            <dst id="ATLAng">6961.568</dst>
            <dst id="CHINng">25226.5306666667</dst>
            <dst id="DNVRng">5594.10133333333</dst>
            <dst id="HSTNng">1477.536</dst>
            <dst id="IPLSng">10663.4266666667</dst>
            <dst id="KSCYng">1061.848</dst>
            <dst id="LOSAng">12152.2853333333</dst>
            <dst id="NYCMng">17844.2213333333</dst>
            <dst id="SNVAng">25489.3813333333</dst>
            <dst id="STTLng">19618.4346666667</dst>
            <dst id="WASHng">51108.7093333333</dst>
        </src>
        <src id="NYCMng">
            <dst id="ATLA-M5">89.688</dst>
            <dst id="ATLAng">11082.784</dst>
            <dst id="CHINng">21909.8266666667</dst>
            <dst id="DNVRng">27484.6266666667</dst>
            <dst id="HSTNng">10005.6826666667</dst>
            <dst id="IPLSng">14052.344</dst>
            <dst id="KSCYng">3311.784</dst>
            <dst id="LOSAng">6694.82133333333</dst>
            <dst id="NYCMng">63073.04</dst>
            <dst id="SNVAng">28408.3066666667</dst>
            <dst id="STTLng">21700.2266666667</dst>
            <dst id="WASHng">45659.5706666667</dst>
        </src>
        <src id="SNVAng">
            <dst id="ATLA-M5">0</dst>
            <dst id="ATLAng">300.858666666667</dst>
            <dst id="CHINng">8762.99733333333</dst>
            <dst id="DNVRng">2147.98666666667</dst>
            <dst id="HSTNng">26.6666666666667</dst>
            <dst id="IPLSng">9370.62666666667</dst>
            <dst id="KSCYng">26.6666666666667</dst>
            <dst id="LOSAng">2175.27466666667</dst>
            <dst id="NYCMng">53.3333333333333</dst>
            <dst id="SNVAng">26021.6853333333</dst>
            <dst id="STTLng">41987.6506666667</dst>
            <dst id="WASHng">26.6666666666667</dst>
        </src>
        <src id="STTLng">
            <dst id="ATLA-M5">0</dst>
            <dst id="ATLAng">461.072</dst>
            <dst id="CHINng">3864.53066666667</dst>
            <dst id="DNVRng">3597.592</dst>
            <dst id="HSTNng">1549.61866666667</dst>
            <dst id="IPLSng">4968.90133333333</dst>
            <dst id="KSCYng">521.28</dst>
            <dst id="LOSAng">3095.49866666667</dst>
            <dst id="NYCMng">4546.33066666667</dst>
            <dst id="SNVAng">12298.768</dst>
            <dst id="STTLng">1529.46933333333</dst>
            <dst id="WASHng">2982.94133333333</dst>
        </src>
        <src id="WASHng">
            <dst id="ATLA-M5">3512.06666666667</dst>
            <dst id="ATLAng">57396.7653333333</dst>
            <dst id="CHINng">81984.5066666667</dst>
            <dst id="DNVRng">30747.024</dst>
            <dst id="HSTNng">33610.2053333333</dst>
            <dst id="IPLSng">31968.2666666667</dst>
            <dst id="KSCYng">28528.592</dst>
            <dst id="LOSAng">65332.8853333333</dst>
            <dst id="NYCMng">116228.045333333</dst>
            <dst id="SNVAng">16893.336</dst>
            <dst id="STTLng">27548.5226666667</dst>
            <dst id="WASHng">219201.064</dst>
        </src>
    </IntraTM>
</TrafficMatrixFile>
