<?xml version="1.0" encoding="ISO-8859-1" standalone="yes"?>
<TrafficMatrixFile xsi:noNamespaceSchemaLocation="http://totem.run.montefiore.ulg.ac.be/Schema/TrafficMatrix-v1_2.xsd" xmlns:xsi="http://www.w3.org/2001/XMLSchema-instance">
    <IntraTM ASID="11537">
        <src id="ATLA-M5">
            <dst id="ATLA-M5">0</dst>
            <dst id="ATLAng">0</dst>
            <dst id="CHINng">450.736</dst>
            <dst id="DNVRng">1138.02666666667</dst>
            <dst id="HSTNng">53.3333333333333</dst>
            <dst id="IPLSng">0</dst>
            <dst id="KSCYng">0</dst>
            <dst id="LOSAng">26.6666666666667</dst>
            <dst id="NYCMng">108</dst>
            <dst id="SNVAng">33.4453333333333</dst>
            <dst id="STTLng">80.4586666666667</dst>
            <dst id="WASHng">133.498666666667</dst>
        </src>
        <src id="ATLAng">
            <dst id="ATLA-M5">72.488</dst>
            <dst id="ATLAng">19725.1333333333</dst>
            <dst id="CHINng">12151.8133333333</dst>
            <dst id="DNVRng">1934.73333333333</dst>
            <dst id="HSTNng">1019.152</dst>
            <dst id="IPLSng">8294.72533333333</dst>
            <dst id="KSCYng">1837.61866666667</dst>
            <dst id="LOSAng">2195.344</dst>
            <dst id="NYCMng">3284.14666666667</dst>
            <dst id="SNVAng">35.696</dst>
            <dst id="STTLng">2251.73066666667</dst>
            <dst id="WASHng">31566.6533333333</dst>
        </src>
        <src id="CHINng">
            <dst id="ATLA-M5">0</dst>
            <dst id="ATLAng">9806.208</dst>
            <dst id="CHINng">39554.3813333333</dst>
            <dst id="DNVRng">6620.94133333333</dst>
            <dst id="HSTNng">6801.45866666667</dst>
            <dst id="IPLSng">36371.704</dst>
            <dst id="KSCYng">6179.568</dst>
            <dst id="LOSAng">28015.12</dst>
            <dst id="NYCMng">25467.16</dst>
            <dst id="SNVAng">194.362666666667</dst>
            <dst id="STTLng">9165.45333333333</dst>
            <dst id="WASHng">13335.0906666667</dst>
        </src>
        <src id="DNVRng">
            <dst id="ATLA-M5">325.290666666667</dst>
            <dst id="ATLAng">6734.208</dst>
            <dst id="CHINng">39570.832</dst>
            <dst id="DNVRng">14157.7306666667</dst>
            <dst id="HSTNng">25850.9973333333</dst>
            <dst id="IPLSng">40903.4613333333</dst>
            <dst id="KSCYng">27036.968</dst>
            <dst id="LOSAng">8069.45066666667</dst>
            <dst id="NYCMng">12788.0586666667</dst>
            <dst id="SNVAng">7563.99733333333</dst>
            <dst id="STTLng">6613.69866666667</dst>
            <dst id="WASHng">32747.7493333333</dst>
        </src>
        <src id="HSTNng">
            <dst id="ATLA-M5">151.941333333333</dst>
            <dst id="ATLAng">2020.58933333333</dst>
            <dst id="CHINng">6162.28266666667</dst>
            <dst id="DNVRng">3942.31733333333</dst>
            <dst id="HSTNng">17798.8506666667</dst>
            <dst id="IPLSng">851.237333333333</dst>
            <dst id="KSCYng">1710.32266666667</dst>
            <dst id="LOSAng">2407.01066666667</dst>
            <dst id="NYCMng">2870.40266666667</dst>
            <dst id="SNVAng">53.3333333333333</dst>
            <dst id="STTLng">622.293333333333</dst>
            <dst id="WASHng">12902.3813333333</dst>
        </src>
        <src id="IPLSng">
            <dst id="ATLA-M5">0</dst>
            <dst id="ATLAng">9271.45866666667</dst>
            <dst id="CHINng">28444.5466666667</dst>
            <dst id="DNVRng">8490.20533333334</dst>
            <dst id="HSTNng">885.005333333333</dst>
            <dst id="IPLSng">4114.93066666667</dst>
            <dst id="KSCYng">1696.94133333333</dst>
            <dst id="LOSAng">12184.7973333333</dst>
            <dst id="NYCMng">6535.33333333333</dst>
            <dst id="SNVAng">531.674666666667</dst>
            <dst id="STTLng">7763.10133333333</dst>
            <dst id="WASHng">6789.18133333333</dst>
        </src>
        <src id="KSCYng">
            <dst id="ATLA-M5">0</dst>
            <dst id="ATLAng">3968.4</dst>
            <dst id="CHINng">7335.30133333333</dst>
            <dst id="DNVRng">5622.104</dst>
            <dst id="HSTNng">6100.74666666667</dst>
            <dst id="IPLSng">15166.944</dst>
            <dst id="KSCYng">9634.856</dst>
            <dst id="LOSAng">4684.34133333333</dst>
            <dst id="NYCMng">1688.568</dst>
            <dst id="SNVAng">2689.03466666667</dst>
            <dst id="STTLng">1120.76</dst>
            <dst id="WASHng">10948.7013333333</dst>
        </src>
        <src id="LOSAng">
            <dst id="ATLA-M5">147</dst>
            <dst id="ATLAng">14847.976</dst>
            <dst id="CHINng">39637.8453333333</dst>
            <dst id="DNVRng">7913.77066666667</dst>
            <dst id="HSTNng">3670.44266666667</dst>
            <dst id="IPLSng">10123.2213333333</dst>
            <dst id="KSCYng">3586.39733333333</dst>
            <dst id="LOSAng">14218.12</dst>
            <dst id="NYCMng">19772.8106666667</dst>
            <dst id="SNVAng">28076.9093333333</dst>
            <dst id="STTLng">31241.0666666667</dst>
            <dst id="WASHng">77621.0986666667</dst>
        </src>
        <src id="NYCMng">
            <dst id="ATLA-M5">1135.46933333333</dst>
            <dst id="ATLAng">13777.0613333333</dst>
            <dst id="CHINng">10477.2906666667</dst>
            <dst id="DNVRng">24109.936</dst>
            <dst id="HSTNng">7403.016</dst>
            <dst id="IPLSng">15162.8293333333</dst>
            <dst id="KSCYng">4499.768</dst>
            <dst id="LOSAng">49008.216</dst>
            <dst id="NYCMng">61734.2133333333</dst>
            <dst id="SNVAng">568.442666666667</dst>
            <dst id="STTLng">24835.5333333333</dst>
            <dst id="WASHng">45368.9093333333</dst>
        </src>
        <src id="SNVAng">
            <dst id="ATLA-M5">0</dst>
            <dst id="ATLAng">719.690666666667</dst>
            <dst id="CHINng">0</dst>
            <dst id="DNVRng">2200.6</dst>
            <dst id="HSTNng">0</dst>
            <dst id="IPLSng">226.618666666667</dst>
            <dst id="KSCYng">0</dst>
            <dst id="LOSAng">41285.952</dst>
            <dst id="NYCMng">0</dst>
            <dst id="SNVAng">9391.37066666667</dst>
            <dst id="STTLng">38668.4426666667</dst>
            <dst id="WASHng">26.6666666666667</dst>
        </src>
        <src id="STTLng">
            <dst id="ATLA-M5">102.346666666667</dst>
            <dst id="ATLAng">8123.34933333333</dst>
            <dst id="CHINng">14842.344</dst>
            <dst id="DNVRng">814.696</dst>
            <dst id="HSTNng">2069.52266666667</dst>
            <dst id="IPLSng">5397.872</dst>
            <dst id="KSCYng">2180.08266666667</dst>
            <dst id="LOSAng">10441.5786666667</dst>
            <dst id="NYCMng">13865.1973333333</dst>
            <dst id="SNVAng">10233.368</dst>
            <dst id="STTLng">2086.70933333333</dst>
            <dst id="WASHng">4690.91466666667</dst>
        </src>
        <src id="WASHng">
            <dst id="ATLA-M5">26.6666666666667</dst>
            <dst id="ATLAng">105017.602666667</dst>
            <dst id="CHINng">69590.4586666667</dst>
            <dst id="DNVRng">60584.7653333334</dst>
            <dst id="HSTNng">27486.944</dst>
            <dst id="IPLSng">44703.8773333333</dst>
            <dst id="KSCYng">22185.936</dst>
            <dst id="LOSAng">92252.4773333333</dst>
            <dst id="NYCMng">158995.410666667</dst>
            <dst id="SNVAng">872.317333333334</dst>
            <dst id="STTLng">32928.5866666667</dst>
            <dst id="WASHng">199161.138666667</dst>
        </src>
    </IntraTM>
</TrafficMatrixFile>
