<?xml version="1.0" encoding="ISO-8859-1" standalone="yes"?>
<TrafficMatrixFile xsi:noNamespaceSchemaLocation="http://totem.run.montefiore.ulg.ac.be/Schema/TrafficMatrix-v1_2.xsd" xmlns:xsi="http://www.w3.org/2001/XMLSchema-instance">
    <IntraTM ASID="11537">
        <src id="ATLA-M5">
            <dst id="ATLA-M5">0</dst>
            <dst id="ATLAng">53.3333333333333</dst>
            <dst id="CHINng">60.7226666666667</dst>
            <dst id="DNVRng">0</dst>
            <dst id="HSTNng">119.76</dst>
            <dst id="IPLSng">0</dst>
            <dst id="KSCYng">0</dst>
            <dst id="LOSAng">26.6666666666667</dst>
            <dst id="NYCMng">104.426666666667</dst>
            <dst id="SNVAng">0</dst>
            <dst id="STTLng">70.688</dst>
            <dst id="WASHng">0</dst>
        </src>
        <src id="ATLAng">
            <dst id="ATLA-M5">26.6666666666667</dst>
            <dst id="ATLAng">28681.4586666667</dst>
            <dst id="CHINng">3340.84</dst>
            <dst id="DNVRng">3663.91733333333</dst>
            <dst id="HSTNng">388.272</dst>
            <dst id="IPLSng">25698.0533333333</dst>
            <dst id="KSCYng">573.989333333333</dst>
            <dst id="LOSAng">9148.22666666667</dst>
            <dst id="NYCMng">5929.84266666667</dst>
            <dst id="SNVAng">13.3333333333333</dst>
            <dst id="STTLng">3434.53866666667</dst>
            <dst id="WASHng">24251.7093333333</dst>
        </src>
        <src id="CHINng">
            <dst id="ATLA-M5">0</dst>
            <dst id="ATLAng">5405.95466666667</dst>
            <dst id="CHINng">44470.512</dst>
            <dst id="DNVRng">18928.936</dst>
            <dst id="HSTNng">6957.71733333333</dst>
            <dst id="IPLSng">18198.824</dst>
            <dst id="KSCYng">19278.3573333333</dst>
            <dst id="LOSAng">27754.9173333333</dst>
            <dst id="NYCMng">25715.3333333333</dst>
            <dst id="SNVAng">9044.18933333333</dst>
            <dst id="STTLng">4711.62666666667</dst>
            <dst id="WASHng">15873.776</dst>
        </src>
        <src id="DNVRng">
            <dst id="ATLA-M5">123.626666666667</dst>
            <dst id="ATLAng">9782.97866666667</dst>
            <dst id="CHINng">40278.4373333333</dst>
            <dst id="DNVRng">8385.61866666667</dst>
            <dst id="HSTNng">16620.2666666667</dst>
            <dst id="IPLSng">32331.4</dst>
            <dst id="KSCYng">16130.5813333333</dst>
            <dst id="LOSAng">12441.0026666667</dst>
            <dst id="NYCMng">11604.832</dst>
            <dst id="SNVAng">5660.08266666667</dst>
            <dst id="STTLng">8493.26666666667</dst>
            <dst id="WASHng">46433.608</dst>
        </src>
        <src id="HSTNng">
            <dst id="ATLA-M5">4965.12</dst>
            <dst id="ATLAng">1630.84</dst>
            <dst id="CHINng">6405.94666666667</dst>
            <dst id="DNVRng">599.269333333333</dst>
            <dst id="HSTNng">19307.5066666667</dst>
            <dst id="IPLSng">3509.864</dst>
            <dst id="KSCYng">9629.37866666666</dst>
            <dst id="LOSAng">1737.536</dst>
            <dst id="NYCMng">1296.792</dst>
            <dst id="SNVAng">26.6666666666667</dst>
            <dst id="STTLng">646.832</dst>
            <dst id="WASHng">2651.76533333333</dst>
        </src>
        <src id="IPLSng">
            <dst id="ATLA-M5">0</dst>
            <dst id="ATLAng">5660.712</dst>
            <dst id="CHINng">33728.2293333333</dst>
            <dst id="DNVRng">14899.6746666667</dst>
            <dst id="HSTNng">3404.37866666667</dst>
            <dst id="IPLSng">21903.6986666667</dst>
            <dst id="KSCYng">3619.90133333333</dst>
            <dst id="LOSAng">13846.1893333333</dst>
            <dst id="NYCMng">8232.49333333333</dst>
            <dst id="SNVAng">259.466666666667</dst>
            <dst id="STTLng">8424.968</dst>
            <dst id="WASHng">8396.192</dst>
        </src>
        <src id="KSCYng">
            <dst id="ATLA-M5">0</dst>
            <dst id="ATLAng">3619.60533333333</dst>
            <dst id="CHINng">7648.16</dst>
            <dst id="DNVRng">4416.65333333333</dst>
            <dst id="HSTNng">13471.296</dst>
            <dst id="IPLSng">12532.952</dst>
            <dst id="KSCYng">15883.5226666667</dst>
            <dst id="LOSAng">3159.248</dst>
            <dst id="NYCMng">1315.864</dst>
            <dst id="SNVAng">2327.40266666667</dst>
            <dst id="STTLng">7524.19466666667</dst>
            <dst id="WASHng">8993.52533333333</dst>
        </src>
        <src id="LOSAng">
            <dst id="ATLA-M5">30.696</dst>
            <dst id="ATLAng">9358.48533333333</dst>
            <dst id="CHINng">37756.3973333333</dst>
            <dst id="DNVRng">15273.8026666667</dst>
            <dst id="HSTNng">2966.85333333333</dst>
            <dst id="IPLSng">9691.24533333334</dst>
            <dst id="KSCYng">12692.76</dst>
            <dst id="LOSAng">10574.1466666667</dst>
            <dst id="NYCMng">18281.44</dst>
            <dst id="SNVAng">20952.6133333333</dst>
            <dst id="STTLng">22588.344</dst>
            <dst id="WASHng">77492.5093333333</dst>
        </src>
        <src id="NYCMng">
            <dst id="ATLA-M5">628.754666666667</dst>
            <dst id="ATLAng">7212.64533333333</dst>
            <dst id="CHINng">18541.0853333333</dst>
            <dst id="DNVRng">21887.8133333333</dst>
            <dst id="HSTNng">2381.98666666667</dst>
            <dst id="IPLSng">10535.4666666667</dst>
            <dst id="KSCYng">4914.62133333333</dst>
            <dst id="LOSAng">44844.8373333333</dst>
            <dst id="NYCMng">53734.5733333333</dst>
            <dst id="SNVAng">2297.296</dst>
            <dst id="STTLng">14801.2906666667</dst>
            <dst id="WASHng">35116.1893333333</dst>
        </src>
        <src id="SNVAng">
            <dst id="ATLA-M5">0</dst>
            <dst id="ATLAng">53.3333333333333</dst>
            <dst id="CHINng">0</dst>
            <dst id="DNVRng">2413.03733333333</dst>
            <dst id="HSTNng">26.6666666666667</dst>
            <dst id="IPLSng">178.074666666667</dst>
            <dst id="KSCYng">0</dst>
            <dst id="LOSAng">32164.152</dst>
            <dst id="NYCMng">85.472</dst>
            <dst id="SNVAng">7996.712</dst>
            <dst id="STTLng">34329.8506666667</dst>
            <dst id="WASHng">0</dst>
        </src>
        <src id="STTLng">
            <dst id="ATLA-M5">118.197333333333</dst>
            <dst id="ATLAng">5077.75466666667</dst>
            <dst id="CHINng">11885.9546666667</dst>
            <dst id="DNVRng">1487.82666666667</dst>
            <dst id="HSTNng">843.2</dst>
            <dst id="IPLSng">5572.00533333333</dst>
            <dst id="KSCYng">1633.656</dst>
            <dst id="LOSAng">8584.312</dst>
            <dst id="NYCMng">8689.84533333333</dst>
            <dst id="SNVAng">9606.81333333333</dst>
            <dst id="STTLng">2530.91466666667</dst>
            <dst id="WASHng">4008.4</dst>
        </src>
        <src id="WASHng">
            <dst id="ATLA-M5">301.066666666667</dst>
            <dst id="ATLAng">60402.3546666667</dst>
            <dst id="CHINng">57093.8613333333</dst>
            <dst id="DNVRng">55401.44</dst>
            <dst id="HSTNng">29340.4773333333</dst>
            <dst id="IPLSng">42120.9546666667</dst>
            <dst id="KSCYng">27469.4773333333</dst>
            <dst id="LOSAng">102764.061333333</dst>
            <dst id="NYCMng">134517.973333333</dst>
            <dst id="SNVAng">5448.29866666667</dst>
            <dst id="STTLng">20161.5733333333</dst>
            <dst id="WASHng">230077.826666667</dst>
        </src>
    </IntraTM>
</TrafficMatrixFile>
