<?xml version="1.0" encoding="ISO-8859-1" standalone="yes"?>
<TrafficMatrixFile xsi:noNamespaceSchemaLocation="http://totem.run.montefiore.ulg.ac.be/Schema/TrafficMatrix-v1_2.xsd" xmlns:xsi="http://www.w3.org/2001/XMLSchema-instance">
    <IntraTM ASID="11537">
        <src id="ATLA-M5">
            <dst id="ATLA-M5">0</dst>
            <dst id="ATLAng">0</dst>
            <dst id="CHINng">53.3333333333333</dst>
            <dst id="DNVRng">1088.14933333333</dst>
            <dst id="HSTNng">26.6666666666667</dst>
            <dst id="IPLSng">0</dst>
            <dst id="KSCYng">0</dst>
            <dst id="LOSAng">0</dst>
            <dst id="NYCMng">93.5733333333333</dst>
            <dst id="SNVAng">0</dst>
            <dst id="STTLng">54.9226666666667</dst>
            <dst id="WASHng">0</dst>
        </src>
        <src id="ATLAng">
            <dst id="ATLA-M5">26.6666666666667</dst>
            <dst id="ATLAng">25741.0986666667</dst>
            <dst id="CHINng">8838.28533333334</dst>
            <dst id="DNVRng">4577.344</dst>
            <dst id="HSTNng">424.301333333333</dst>
            <dst id="IPLSng">20068.6453333333</dst>
            <dst id="KSCYng">1165.472</dst>
            <dst id="LOSAng">10603.552</dst>
            <dst id="NYCMng">4246.77866666667</dst>
            <dst id="SNVAng">408.965333333333</dst>
            <dst id="STTLng">3368.24533333333</dst>
            <dst id="WASHng">32956.4373333333</dst>
        </src>
        <src id="CHINng">
            <dst id="ATLA-M5">0</dst>
            <dst id="ATLAng">4512.87733333333</dst>
            <dst id="CHINng">60768.5573333333</dst>
            <dst id="DNVRng">6202.328</dst>
            <dst id="HSTNng">3999.368</dst>
            <dst id="IPLSng">15718.504</dst>
            <dst id="KSCYng">3982.46933333333</dst>
            <dst id="LOSAng">23093.992</dst>
            <dst id="NYCMng">32765.568</dst>
            <dst id="SNVAng">2604.088</dst>
            <dst id="STTLng">2887.40266666667</dst>
            <dst id="WASHng">8516.41333333333</dst>
        </src>
        <src id="DNVRng">
            <dst id="ATLA-M5">278.746666666667</dst>
            <dst id="ATLAng">3325.032</dst>
            <dst id="CHINng">34238.5786666667</dst>
            <dst id="DNVRng">12416.552</dst>
            <dst id="HSTNng">24239.24</dst>
            <dst id="IPLSng">34719.3573333333</dst>
            <dst id="KSCYng">25157.1226666667</dst>
            <dst id="LOSAng">8894.75733333333</dst>
            <dst id="NYCMng">16177.256</dst>
            <dst id="SNVAng">8717.46933333333</dst>
            <dst id="STTLng">4508.13066666667</dst>
            <dst id="WASHng">41731.688</dst>
        </src>
        <src id="HSTNng">
            <dst id="ATLA-M5">306.848</dst>
            <dst id="ATLAng">1218.47466666667</dst>
            <dst id="CHINng">5436.50133333333</dst>
            <dst id="DNVRng">829.218666666667</dst>
            <dst id="HSTNng">17386.136</dst>
            <dst id="IPLSng">1096.288</dst>
            <dst id="KSCYng">659.501333333333</dst>
            <dst id="LOSAng">1052.71466666667</dst>
            <dst id="NYCMng">1097.66133333333</dst>
            <dst id="SNVAng">53.3333333333333</dst>
            <dst id="STTLng">459.189333333333</dst>
            <dst id="WASHng">2443.29866666667</dst>
        </src>
        <src id="IPLSng">
            <dst id="ATLA-M5">26.6666666666667</dst>
            <dst id="ATLAng">6902.672</dst>
            <dst id="CHINng">36808.3146666667</dst>
            <dst id="DNVRng">6454.528</dst>
            <dst id="HSTNng">9296.48</dst>
            <dst id="IPLSng">3157.29066666667</dst>
            <dst id="KSCYng">1983.56533333333</dst>
            <dst id="LOSAng">9557.55733333333</dst>
            <dst id="NYCMng">6422.328</dst>
            <dst id="SNVAng">156.442666666667</dst>
            <dst id="STTLng">3454.768</dst>
            <dst id="WASHng">3662.424</dst>
        </src>
        <src id="KSCYng">
            <dst id="ATLA-M5">26.6666666666667</dst>
            <dst id="ATLAng">2086.416</dst>
            <dst id="CHINng">6389.31466666667</dst>
            <dst id="DNVRng">4248.552</dst>
            <dst id="HSTNng">3935.01066666667</dst>
            <dst id="IPLSng">11742.3626666667</dst>
            <dst id="KSCYng">12817.3626666667</dst>
            <dst id="LOSAng">3913.752</dst>
            <dst id="NYCMng">1393.52</dst>
            <dst id="SNVAng">2254.21866666667</dst>
            <dst id="STTLng">6587.92</dst>
            <dst id="WASHng">9026.19466666667</dst>
        </src>
        <src id="LOSAng">
            <dst id="ATLA-M5">26.6666666666667</dst>
            <dst id="ATLAng">5060.968</dst>
            <dst id="CHINng">43322.2053333333</dst>
            <dst id="DNVRng">7731.224</dst>
            <dst id="HSTNng">3982.41866666667</dst>
            <dst id="IPLSng">10206.328</dst>
            <dst id="KSCYng">2911.024</dst>
            <dst id="LOSAng">12441.8186666667</dst>
            <dst id="NYCMng">15643.3973333333</dst>
            <dst id="SNVAng">21234.256</dst>
            <dst id="STTLng">18361.6053333333</dst>
            <dst id="WASHng">83865.6293333333</dst>
        </src>
        <src id="NYCMng">
            <dst id="ATLA-M5">26.6666666666667</dst>
            <dst id="ATLAng">4785.41333333333</dst>
            <dst id="CHINng">13946.4853333333</dst>
            <dst id="DNVRng">18960.56</dst>
            <dst id="HSTNng">1920.568</dst>
            <dst id="IPLSng">14482.6026666667</dst>
            <dst id="KSCYng">4682.696</dst>
            <dst id="LOSAng">53587.176</dst>
            <dst id="NYCMng">66920.992</dst>
            <dst id="SNVAng">3082.22133333333</dst>
            <dst id="STTLng">13186.1013333333</dst>
            <dst id="WASHng">21028.5253333333</dst>
        </src>
        <src id="SNVAng">
            <dst id="ATLA-M5">0</dst>
            <dst id="ATLAng">0</dst>
            <dst id="CHINng">0</dst>
            <dst id="DNVRng">1528.46133333333</dst>
            <dst id="HSTNng">26.6666666666667</dst>
            <dst id="IPLSng">204.938666666667</dst>
            <dst id="KSCYng">53.3333333333333</dst>
            <dst id="LOSAng">34308.536</dst>
            <dst id="NYCMng">53.3333333333333</dst>
            <dst id="SNVAng">8947.27466666667</dst>
            <dst id="STTLng">34417.4933333333</dst>
            <dst id="WASHng">26.6666666666667</dst>
        </src>
        <src id="STTLng">
            <dst id="ATLA-M5">137.461333333333</dst>
            <dst id="ATLAng">5232.91733333333</dst>
            <dst id="CHINng">9020.288</dst>
            <dst id="DNVRng">978.496</dst>
            <dst id="HSTNng">721.392</dst>
            <dst id="IPLSng">3866.68</dst>
            <dst id="KSCYng">1572.28266666667</dst>
            <dst id="LOSAng">9587.01866666667</dst>
            <dst id="NYCMng">8957.04</dst>
            <dst id="SNVAng">12334.512</dst>
            <dst id="STTLng">1443.69333333333</dst>
            <dst id="WASHng">3390.544</dst>
        </src>
        <src id="WASHng">
            <dst id="ATLA-M5">427.376</dst>
            <dst id="ATLAng">84245.552</dst>
            <dst id="CHINng">55917.184</dst>
            <dst id="DNVRng">54270.2933333333</dst>
            <dst id="HSTNng">17968.44</dst>
            <dst id="IPLSng">80870.5413333333</dst>
            <dst id="KSCYng">40457.4773333333</dst>
            <dst id="LOSAng">95361.032</dst>
            <dst id="NYCMng">164535.429333333</dst>
            <dst id="SNVAng">1120.77866666667</dst>
            <dst id="STTLng">21220.632</dst>
            <dst id="WASHng">171013.344</dst>
        </src>
    </IntraTM>
</TrafficMatrixFile>
