<?xml version="1.0" encoding="ISO-8859-1" standalone="yes"?>
<TrafficMatrixFile xsi:noNamespaceSchemaLocation="http://totem.run.montefiore.ulg.ac.be/Schema/TrafficMatrix-v1_2.xsd" xmlns:xsi="http://www.w3.org/2001/XMLSchema-instance">
    <IntraTM ASID="11537">
        <src id="ATLA-M5">
            <dst id="ATLA-M5">0</dst>
            <dst id="ATLAng">0</dst>
            <dst id="CHINng">558.224</dst>
            <dst id="DNVRng">1036.384</dst>
            <dst id="HSTNng">0</dst>
            <dst id="IPLSng">0</dst>
            <dst id="KSCYng">0</dst>
            <dst id="LOSAng">30.224</dst>
            <dst id="NYCMng">155.176</dst>
            <dst id="SNVAng">0</dst>
            <dst id="STTLng">84.528</dst>
            <dst id="WASHng">250.746666666667</dst>
        </src>
        <src id="ATLAng">
            <dst id="ATLA-M5">62.0586666666667</dst>
            <dst id="ATLAng">37121.872</dst>
            <dst id="CHINng">12586.456</dst>
            <dst id="DNVRng">2818.504</dst>
            <dst id="HSTNng">534.709333333333</dst>
            <dst id="IPLSng">13059.312</dst>
            <dst id="KSCYng">1331.14666666667</dst>
            <dst id="LOSAng">8683.24666666667</dst>
            <dst id="NYCMng">1466.34666666667</dst>
            <dst id="SNVAng">36.4146666666667</dst>
            <dst id="STTLng">3316.60533333333</dst>
            <dst id="WASHng">25235.048</dst>
        </src>
        <src id="CHINng">
            <dst id="ATLA-M5">0</dst>
            <dst id="ATLAng">14870.0106666667</dst>
            <dst id="CHINng">69757.3653333333</dst>
            <dst id="DNVRng">6207.85866666667</dst>
            <dst id="HSTNng">8256.232</dst>
            <dst id="IPLSng">16478.1173333333</dst>
            <dst id="KSCYng">16186.9146666667</dst>
            <dst id="LOSAng">30858.832</dst>
            <dst id="NYCMng">21293.8053333333</dst>
            <dst id="SNVAng">254.709333333333</dst>
            <dst id="STTLng">10401.3786666667</dst>
            <dst id="WASHng">14843.4266666667</dst>
        </src>
        <src id="DNVRng">
            <dst id="ATLA-M5">178.293333333333</dst>
            <dst id="ATLAng">4233.96266666667</dst>
            <dst id="CHINng">39827.9226666667</dst>
            <dst id="DNVRng">13032.9573333333</dst>
            <dst id="HSTNng">23605.5146666667</dst>
            <dst id="IPLSng">31362.744</dst>
            <dst id="KSCYng">25174.5573333333</dst>
            <dst id="LOSAng">8974.78666666667</dst>
            <dst id="NYCMng">14143.8773333333</dst>
            <dst id="SNVAng">10890.056</dst>
            <dst id="STTLng">5563.45866666667</dst>
            <dst id="WASHng">58061.8106666667</dst>
        </src>
        <src id="HSTNng">
            <dst id="ATLA-M5">233.685333333333</dst>
            <dst id="ATLAng">2195.85333333333</dst>
            <dst id="CHINng">4006.94933333333</dst>
            <dst id="DNVRng">3782.792</dst>
            <dst id="HSTNng">17991.416</dst>
            <dst id="IPLSng">1404.79466666667</dst>
            <dst id="KSCYng">1135.82133333333</dst>
            <dst id="LOSAng">4774.624</dst>
            <dst id="NYCMng">2056.168</dst>
            <dst id="SNVAng">53.3333333333333</dst>
            <dst id="STTLng">783.442666666667</dst>
            <dst id="WASHng">2150.54933333333</dst>
        </src>
        <src id="IPLSng">
            <dst id="ATLA-M5">53.3333333333333</dst>
            <dst id="ATLAng">9823.66933333334</dst>
            <dst id="CHINng">21636.4106666667</dst>
            <dst id="DNVRng">16445.752</dst>
            <dst id="HSTNng">406.722666666667</dst>
            <dst id="IPLSng">23835.2266666667</dst>
            <dst id="KSCYng">5960.184</dst>
            <dst id="LOSAng">12902.088</dst>
            <dst id="NYCMng">5759.94666666667</dst>
            <dst id="SNVAng">232.949333333333</dst>
            <dst id="STTLng">7298.544</dst>
            <dst id="WASHng">5039.49333333333</dst>
        </src>
        <src id="KSCYng">
            <dst id="ATLA-M5">26.6666666666667</dst>
            <dst id="ATLAng">3794.6</dst>
            <dst id="CHINng">8747.77866666667</dst>
            <dst id="DNVRng">5406.032</dst>
            <dst id="HSTNng">6426.17333333333</dst>
            <dst id="IPLSng">14028.712</dst>
            <dst id="KSCYng">13823.2106666667</dst>
            <dst id="LOSAng">4314.92533333333</dst>
            <dst id="NYCMng">2646.96266666667</dst>
            <dst id="SNVAng">2631.12533333333</dst>
            <dst id="STTLng">1090.94933333333</dst>
            <dst id="WASHng">10801.3413333333</dst>
        </src>
        <src id="LOSAng">
            <dst id="ATLA-M5">80.624</dst>
            <dst id="ATLAng">16340.776</dst>
            <dst id="CHINng">40267.304</dst>
            <dst id="DNVRng">6916.30133333333</dst>
            <dst id="HSTNng">3174.368</dst>
            <dst id="IPLSng">8667.784</dst>
            <dst id="KSCYng">2682.23733333333</dst>
            <dst id="LOSAng">15816.9893333333</dst>
            <dst id="NYCMng">21506.8106666667</dst>
            <dst id="SNVAng">23024.88</dst>
            <dst id="STTLng">30495.9413333333</dst>
            <dst id="WASHng">78077.8666666667</dst>
        </src>
        <src id="NYCMng">
            <dst id="ATLA-M5">2624.89066666667</dst>
            <dst id="ATLAng">14777.6</dst>
            <dst id="CHINng">14893.896</dst>
            <dst id="DNVRng">24600.9146666667</dst>
            <dst id="HSTNng">8292.74933333333</dst>
            <dst id="IPLSng">6355.40533333333</dst>
            <dst id="KSCYng">3272.25066666667</dst>
            <dst id="LOSAng">49068.896</dst>
            <dst id="NYCMng">116705.869333333</dst>
            <dst id="SNVAng">830.336</dst>
            <dst id="STTLng">27072</dst>
            <dst id="WASHng">37666.0666666667</dst>
        </src>
        <src id="SNVAng">
            <dst id="ATLA-M5">0</dst>
            <dst id="ATLAng">483.952</dst>
            <dst id="CHINng">53.3333333333333</dst>
            <dst id="DNVRng">18072.1546666667</dst>
            <dst id="HSTNng">0</dst>
            <dst id="IPLSng">139.893333333333</dst>
            <dst id="KSCYng">26.6666666666667</dst>
            <dst id="LOSAng">33608.12</dst>
            <dst id="NYCMng">191.765333333333</dst>
            <dst id="SNVAng">8196.672</dst>
            <dst id="STTLng">34278.44</dst>
            <dst id="WASHng">0</dst>
        </src>
        <src id="STTLng">
            <dst id="ATLA-M5">109.136</dst>
            <dst id="ATLAng">9824.88533333333</dst>
            <dst id="CHINng">16830.568</dst>
            <dst id="DNVRng">1167.43733333333</dst>
            <dst id="HSTNng">1393.968</dst>
            <dst id="IPLSng">4995.024</dst>
            <dst id="KSCYng">2169.744</dst>
            <dst id="LOSAng">9003.28533333333</dst>
            <dst id="NYCMng">11139.944</dst>
            <dst id="SNVAng">8913.88533333334</dst>
            <dst id="STTLng">3991.66933333333</dst>
            <dst id="WASHng">4775.34666666667</dst>
        </src>
        <src id="WASHng">
            <dst id="ATLA-M5">1699.95466666667</dst>
            <dst id="ATLAng">82109.832</dst>
            <dst id="CHINng">65336.1626666667</dst>
            <dst id="DNVRng">64308.0186666667</dst>
            <dst id="HSTNng">23726.9946666667</dst>
            <dst id="IPLSng">46808.4293333333</dst>
            <dst id="KSCYng">29954.64</dst>
            <dst id="LOSAng">96827.448</dst>
            <dst id="NYCMng">175516.504</dst>
            <dst id="SNVAng">2294.02133333333</dst>
            <dst id="STTLng">28813.68</dst>
            <dst id="WASHng">222026.090666667</dst>
        </src>
    </IntraTM>
</TrafficMatrixFile>
