<?xml version="1.0" encoding="ISO-8859-1" standalone="yes"?>
<TrafficMatrixFile xsi:noNamespaceSchemaLocation="http://totem.run.montefiore.ulg.ac.be/Schema/TrafficMatrix-v1_2.xsd" xmlns:xsi="http://www.w3.org/2001/XMLSchema-instance">
    <IntraTM ASID="11537">
        <src id="ATLA-M5">
            <dst id="ATLA-M5">0</dst>
            <dst id="ATLAng">26.6666666666667</dst>
            <dst id="CHINng">60.864</dst>
            <dst id="DNVRng">1053.23733333333</dst>
            <dst id="HSTNng">1431.08533333333</dst>
            <dst id="IPLSng">0</dst>
            <dst id="KSCYng">0</dst>
            <dst id="LOSAng">0</dst>
            <dst id="NYCMng">62.8533333333333</dst>
            <dst id="SNVAng">0</dst>
            <dst id="STTLng">71.6853333333333</dst>
            <dst id="WASHng">0</dst>
        </src>
        <src id="ATLAng">
            <dst id="ATLA-M5">27.4213333333333</dst>
            <dst id="ATLAng">24650.6613333333</dst>
            <dst id="CHINng">6817.12266666667</dst>
            <dst id="DNVRng">2558.60533333333</dst>
            <dst id="HSTNng">991.666666666667</dst>
            <dst id="IPLSng">10908.264</dst>
            <dst id="KSCYng">225.621333333333</dst>
            <dst id="LOSAng">37456.3333333333</dst>
            <dst id="NYCMng">1954.94933333333</dst>
            <dst id="SNVAng">13.3333333333333</dst>
            <dst id="STTLng">6098.16266666667</dst>
            <dst id="WASHng">43840.1573333333</dst>
        </src>
        <src id="CHINng">
            <dst id="ATLA-M5">0</dst>
            <dst id="ATLAng">5768.04</dst>
            <dst id="CHINng">47922.0266666667</dst>
            <dst id="DNVRng">6566.05866666667</dst>
            <dst id="HSTNng">19574.048</dst>
            <dst id="IPLSng">17987.9173333333</dst>
            <dst id="KSCYng">3496.136</dst>
            <dst id="LOSAng">31109.464</dst>
            <dst id="NYCMng">25960.3813333333</dst>
            <dst id="SNVAng">150.024</dst>
            <dst id="STTLng">5399.64533333333</dst>
            <dst id="WASHng">8325.44533333333</dst>
        </src>
        <src id="DNVRng">
            <dst id="ATLA-M5">111.626666666667</dst>
            <dst id="ATLAng">1998.64</dst>
            <dst id="CHINng">37937.816</dst>
            <dst id="DNVRng">13177.5573333333</dst>
            <dst id="HSTNng">23470.024</dst>
            <dst id="IPLSng">34541.5626666667</dst>
            <dst id="KSCYng">35801.1253333333</dst>
            <dst id="LOSAng">11898.872</dst>
            <dst id="NYCMng">14229.1946666667</dst>
            <dst id="SNVAng">9730.18666666667</dst>
            <dst id="STTLng">7638.064</dst>
            <dst id="WASHng">39437.5253333333</dst>
        </src>
        <src id="HSTNng">
            <dst id="ATLA-M5">4336.73066666667</dst>
            <dst id="ATLAng">760.72</dst>
            <dst id="CHINng">5774.088</dst>
            <dst id="DNVRng">721.874666666666</dst>
            <dst id="HSTNng">18163.432</dst>
            <dst id="IPLSng">1873.968</dst>
            <dst id="KSCYng">652.621333333333</dst>
            <dst id="LOSAng">4570.87466666667</dst>
            <dst id="NYCMng">1021.30666666667</dst>
            <dst id="SNVAng">0</dst>
            <dst id="STTLng">1506.608</dst>
            <dst id="WASHng">1310.70666666667</dst>
        </src>
        <src id="IPLSng">
            <dst id="ATLA-M5">0</dst>
            <dst id="ATLAng">24104.616</dst>
            <dst id="CHINng">23954.744</dst>
            <dst id="DNVRng">5108.50933333333</dst>
            <dst id="HSTNng">3975.17333333333</dst>
            <dst id="IPLSng">20689.4613333333</dst>
            <dst id="KSCYng">1609.38933333333</dst>
            <dst id="LOSAng">29403.7333333333</dst>
            <dst id="NYCMng">13279.904</dst>
            <dst id="SNVAng">164.024</dst>
            <dst id="STTLng">3841.57333333333</dst>
            <dst id="WASHng">12855.4826666667</dst>
        </src>
        <src id="KSCYng">
            <dst id="ATLA-M5">0</dst>
            <dst id="ATLAng">2340.944</dst>
            <dst id="CHINng">17929.5146666667</dst>
            <dst id="DNVRng">4102.27733333333</dst>
            <dst id="HSTNng">3479.82133333333</dst>
            <dst id="IPLSng">10560.1333333333</dst>
            <dst id="KSCYng">10758.2213333333</dst>
            <dst id="LOSAng">3615.12533333333</dst>
            <dst id="NYCMng">2374.68</dst>
            <dst id="SNVAng">8305.632</dst>
            <dst id="STTLng">429.76</dst>
            <dst id="WASHng">7947.96</dst>
        </src>
        <src id="LOSAng">
            <dst id="ATLA-M5">26.6666666666667</dst>
            <dst id="ATLAng">7176.95733333333</dst>
            <dst id="CHINng">46644.2773333333</dst>
            <dst id="DNVRng">12194.4026666667</dst>
            <dst id="HSTNng">2245.53866666667</dst>
            <dst id="IPLSng">15285.3706666667</dst>
            <dst id="KSCYng">1680.88533333333</dst>
            <dst id="LOSAng">7630.77333333333</dst>
            <dst id="NYCMng">15407.4293333333</dst>
            <dst id="SNVAng">20140.3813333333</dst>
            <dst id="STTLng">19352.824</dst>
            <dst id="WASHng">67824.6026666667</dst>
        </src>
        <src id="NYCMng">
            <dst id="ATLA-M5">0</dst>
            <dst id="ATLAng">4777.00533333333</dst>
            <dst id="CHINng">18230.5546666667</dst>
            <dst id="DNVRng">23310.224</dst>
            <dst id="HSTNng">2602.312</dst>
            <dst id="IPLSng">13049.928</dst>
            <dst id="KSCYng">18806.1653333333</dst>
            <dst id="LOSAng">52899.9973333333</dst>
            <dst id="NYCMng">80643.376</dst>
            <dst id="SNVAng">1373.232</dst>
            <dst id="STTLng">14950.904</dst>
            <dst id="WASHng">22436.9653333333</dst>
        </src>
        <src id="SNVAng">
            <dst id="ATLA-M5">0</dst>
            <dst id="ATLAng">26.6666666666667</dst>
            <dst id="CHINng">26.6666666666667</dst>
            <dst id="DNVRng">4701.576</dst>
            <dst id="HSTNng">0</dst>
            <dst id="IPLSng">187.106666666667</dst>
            <dst id="KSCYng">0</dst>
            <dst id="LOSAng">30964.152</dst>
            <dst id="NYCMng">0</dst>
            <dst id="SNVAng">6329.824</dst>
            <dst id="STTLng">34208.7733333333</dst>
            <dst id="WASHng">0</dst>
        </src>
        <src id="STTLng">
            <dst id="ATLA-M5">96.7786666666667</dst>
            <dst id="ATLAng">5119.32</dst>
            <dst id="CHINng">11957.8346666667</dst>
            <dst id="DNVRng">682.277333333333</dst>
            <dst id="HSTNng">466.208</dst>
            <dst id="IPLSng">3714.352</dst>
            <dst id="KSCYng">1003.93066666667</dst>
            <dst id="LOSAng">8780.82133333333</dst>
            <dst id="NYCMng">11794.9866666667</dst>
            <dst id="SNVAng">13187.5093333333</dst>
            <dst id="STTLng">1564.128</dst>
            <dst id="WASHng">5502.41066666667</dst>
        </src>
        <src id="WASHng">
            <dst id="ATLA-M5">434.4</dst>
            <dst id="ATLAng">43968.768</dst>
            <dst id="CHINng">62510.0373333333</dst>
            <dst id="DNVRng">51251.192</dst>
            <dst id="HSTNng">16535.304</dst>
            <dst id="IPLSng">65946.176</dst>
            <dst id="KSCYng">33651.3733333333</dst>
            <dst id="LOSAng">107182.416</dst>
            <dst id="NYCMng">107974.122666667</dst>
            <dst id="SNVAng">2790.584</dst>
            <dst id="STTLng">18058.496</dst>
            <dst id="WASHng">191042.008</dst>
        </src>
    </IntraTM>
</TrafficMatrixFile>
