<?xml version="1.0" encoding="ISO-8859-1" standalone="yes"?>
<TrafficMatrixFile xsi:noNamespaceSchemaLocation="http://totem.run.montefiore.ulg.ac.be/Schema/TrafficMatrix-v1_2.xsd" xmlns:xsi="http://www.w3.org/2001/XMLSchema-instance">
    <IntraTM ASID="11537">
        <src id="ATLA-M5">
            <dst id="ATLA-M5">0</dst>
            <dst id="ATLAng">53.3333333333333</dst>
            <dst id="CHINng">76.9333333333333</dst>
            <dst id="DNVRng">0</dst>
            <dst id="HSTNng">36.7733333333333</dst>
            <dst id="IPLSng">0</dst>
            <dst id="KSCYng">26.6666666666667</dst>
            <dst id="LOSAng">40</dst>
            <dst id="NYCMng">26.6666666666667</dst>
            <dst id="SNVAng">40</dst>
            <dst id="STTLng">100.538666666667</dst>
            <dst id="WASHng">662.824</dst>
        </src>
        <src id="ATLAng">
            <dst id="ATLA-M5">96.8533333333333</dst>
            <dst id="ATLAng">46330.0853333333</dst>
            <dst id="CHINng">7708.176</dst>
            <dst id="DNVRng">4154.50133333333</dst>
            <dst id="HSTNng">1146.90933333333</dst>
            <dst id="IPLSng">19667.1973333333</dst>
            <dst id="KSCYng">445.608</dst>
            <dst id="LOSAng">4227.38133333333</dst>
            <dst id="NYCMng">8187.024</dst>
            <dst id="SNVAng">3844.024</dst>
            <dst id="STTLng">1435.24</dst>
            <dst id="WASHng">53602.6453333333</dst>
        </src>
        <src id="CHINng">
            <dst id="ATLA-M5">445.813333333333</dst>
            <dst id="ATLAng">5540.63466666667</dst>
            <dst id="CHINng">91973.4106666667</dst>
            <dst id="DNVRng">1332.13066666667</dst>
            <dst id="HSTNng">2842.24</dst>
            <dst id="IPLSng">9060.176</dst>
            <dst id="KSCYng">17611.6826666667</dst>
            <dst id="LOSAng">7083.76266666667</dst>
            <dst id="NYCMng">8383.39733333333</dst>
            <dst id="SNVAng">21441.416</dst>
            <dst id="STTLng">8473.704</dst>
            <dst id="WASHng">29580.12</dst>
        </src>
        <src id="DNVRng">
            <dst id="ATLA-M5">220.821333333333</dst>
            <dst id="ATLAng">3542.872</dst>
            <dst id="CHINng">49283.184</dst>
            <dst id="DNVRng">2967.90933333333</dst>
            <dst id="HSTNng">26321.9813333333</dst>
            <dst id="IPLSng">23634.8773333333</dst>
            <dst id="KSCYng">8972.896</dst>
            <dst id="LOSAng">1206.51466666667</dst>
            <dst id="NYCMng">12637.3893333333</dst>
            <dst id="SNVAng">13675.6186666667</dst>
            <dst id="STTLng">3236.69866666667</dst>
            <dst id="WASHng">47360.736</dst>
        </src>
        <src id="HSTNng">
            <dst id="ATLA-M5">275.293333333333</dst>
            <dst id="ATLAng">7413.29066666667</dst>
            <dst id="CHINng">15615.52</dst>
            <dst id="DNVRng">1960.27466666667</dst>
            <dst id="HSTNng">13242.8106666667</dst>
            <dst id="IPLSng">2367.33066666667</dst>
            <dst id="KSCYng">615.792</dst>
            <dst id="LOSAng">704.738666666667</dst>
            <dst id="NYCMng">2360.144</dst>
            <dst id="SNVAng">145.450666666667</dst>
            <dst id="STTLng">1015.368</dst>
            <dst id="WASHng">1730.05066666667</dst>
        </src>
        <src id="IPLSng">
            <dst id="ATLA-M5">0</dst>
            <dst id="ATLAng">7272.72533333333</dst>
            <dst id="CHINng">54023.2293333333</dst>
            <dst id="DNVRng">4986.89333333333</dst>
            <dst id="HSTNng">881.277333333333</dst>
            <dst id="IPLSng">13796.4773333333</dst>
            <dst id="KSCYng">1736.49333333333</dst>
            <dst id="LOSAng">7531.62133333333</dst>
            <dst id="NYCMng">13058.696</dst>
            <dst id="SNVAng">8595.22666666667</dst>
            <dst id="STTLng">5656.26933333333</dst>
            <dst id="WASHng">10027.136</dst>
        </src>
        <src id="KSCYng">
            <dst id="ATLA-M5">0</dst>
            <dst id="ATLAng">3040.984</dst>
            <dst id="CHINng">16306.0746666667</dst>
            <dst id="DNVRng">4521.712</dst>
            <dst id="HSTNng">3362.40533333333</dst>
            <dst id="IPLSng">7168.664</dst>
            <dst id="KSCYng">5415.13066666667</dst>
            <dst id="LOSAng">1687.14933333333</dst>
            <dst id="NYCMng">1855.32533333333</dst>
            <dst id="SNVAng">4812.68533333333</dst>
            <dst id="STTLng">807.485333333333</dst>
            <dst id="WASHng">6634.35466666667</dst>
        </src>
        <src id="LOSAng">
            <dst id="ATLA-M5">26.6666666666667</dst>
            <dst id="ATLAng">37914.6186666667</dst>
            <dst id="CHINng">95946.6266666667</dst>
            <dst id="DNVRng">9109.24</dst>
            <dst id="HSTNng">1670.78666666667</dst>
            <dst id="IPLSng">9900.65333333333</dst>
            <dst id="KSCYng">928.181333333333</dst>
            <dst id="LOSAng">21518.328</dst>
            <dst id="NYCMng">25482.1786666667</dst>
            <dst id="SNVAng">20789.5066666667</dst>
            <dst id="STTLng">19260.6826666667</dst>
            <dst id="WASHng">89203.3413333333</dst>
        </src>
        <src id="NYCMng">
            <dst id="ATLA-M5">293.205333333333</dst>
            <dst id="ATLAng">14847.4026666667</dst>
            <dst id="CHINng">30069.7093333333</dst>
            <dst id="DNVRng">22301.496</dst>
            <dst id="HSTNng">3085.488</dst>
            <dst id="IPLSng">10429.464</dst>
            <dst id="KSCYng">4331.35466666667</dst>
            <dst id="LOSAng">8515.464</dst>
            <dst id="NYCMng">103144.930666667</dst>
            <dst id="SNVAng">42235.6</dst>
            <dst id="STTLng">20415.5093333333</dst>
            <dst id="WASHng">34150.288</dst>
        </src>
        <src id="SNVAng">
            <dst id="ATLA-M5">0</dst>
            <dst id="ATLAng">53.3333333333333</dst>
            <dst id="CHINng">0</dst>
            <dst id="DNVRng">610.629333333333</dst>
            <dst id="HSTNng">0</dst>
            <dst id="IPLSng">6454.94666666667</dst>
            <dst id="KSCYng">0</dst>
            <dst id="LOSAng">340.541333333333</dst>
            <dst id="NYCMng">80</dst>
            <dst id="SNVAng">33013.6186666667</dst>
            <dst id="STTLng">33524.088</dst>
            <dst id="WASHng">185.144</dst>
        </src>
        <src id="STTLng">
            <dst id="ATLA-M5">0</dst>
            <dst id="ATLAng">7790.18933333333</dst>
            <dst id="CHINng">24537.48</dst>
            <dst id="DNVRng">3249.03466666667</dst>
            <dst id="HSTNng">4164.52533333333</dst>
            <dst id="IPLSng">9595.91466666667</dst>
            <dst id="KSCYng">263.482666666667</dst>
            <dst id="LOSAng">2249.296</dst>
            <dst id="NYCMng">8116.02666666667</dst>
            <dst id="SNVAng">10888.3093333333</dst>
            <dst id="STTLng">871.570666666667</dst>
            <dst id="WASHng">16290.9626666667</dst>
        </src>
        <src id="WASHng">
            <dst id="ATLA-M5">28.8373333333333</dst>
            <dst id="ATLAng">67626.032</dst>
            <dst id="CHINng">66350.1253333333</dst>
            <dst id="DNVRng">34228.9413333333</dst>
            <dst id="HSTNng">15777.5546666667</dst>
            <dst id="IPLSng">19831.2026666667</dst>
            <dst id="KSCYng">29414.872</dst>
            <dst id="LOSAng">75218.44</dst>
            <dst id="NYCMng">99855.8106666666</dst>
            <dst id="SNVAng">20145.8053333333</dst>
            <dst id="STTLng">22592.3466666667</dst>
            <dst id="WASHng">296444.4</dst>
        </src>
    </IntraTM>
</TrafficMatrixFile>
