<?xml version="1.0" encoding="ISO-8859-1" standalone="yes"?>
<TrafficMatrixFile xsi:noNamespaceSchemaLocation="http://totem.run.montefiore.ulg.ac.be/Schema/TrafficMatrix-v1_2.xsd" xmlns:xsi="http://www.w3.org/2001/XMLSchema-instance">
    <IntraTM ASID="11537">
        <src id="ATLA-M5">
            <dst id="ATLA-M5">0</dst>
            <dst id="ATLAng">0</dst>
            <dst id="CHINng">445.184</dst>
            <dst id="DNVRng">1102.32533333333</dst>
            <dst id="HSTNng">85.3573333333333</dst>
            <dst id="IPLSng">0</dst>
            <dst id="KSCYng">0</dst>
            <dst id="LOSAng">0</dst>
            <dst id="NYCMng">135.341333333333</dst>
            <dst id="SNVAng">0</dst>
            <dst id="STTLng">54.9706666666667</dst>
            <dst id="WASHng">186.733333333333</dst>
        </src>
        <src id="ATLAng">
            <dst id="ATLA-M5">44.7253333333333</dst>
            <dst id="ATLAng">39634.776</dst>
            <dst id="CHINng">11076.152</dst>
            <dst id="DNVRng">3727.49066666667</dst>
            <dst id="HSTNng">591.506666666667</dst>
            <dst id="IPLSng">11786.072</dst>
            <dst id="KSCYng">470.248</dst>
            <dst id="LOSAng">10956.7986666667</dst>
            <dst id="NYCMng">1740.78933333333</dst>
            <dst id="SNVAng">50.812</dst>
            <dst id="STTLng">2681.53333333333</dst>
            <dst id="WASHng">27353.7653333333</dst>
        </src>
        <src id="CHINng">
            <dst id="ATLA-M5">26.6666666666667</dst>
            <dst id="ATLAng">17403.4453333333</dst>
            <dst id="CHINng">79570.5546666666</dst>
            <dst id="DNVRng">5597.648</dst>
            <dst id="HSTNng">4325.36266666667</dst>
            <dst id="IPLSng">17466.2666666667</dst>
            <dst id="KSCYng">10501.7066666667</dst>
            <dst id="LOSAng">14377.8026666667</dst>
            <dst id="NYCMng">18995.7333333333</dst>
            <dst id="SNVAng">80</dst>
            <dst id="STTLng">7574.89333333333</dst>
            <dst id="WASHng">19096.3413333333</dst>
        </src>
        <src id="DNVRng">
            <dst id="ATLA-M5">103.626666666667</dst>
            <dst id="ATLAng">4998.41066666667</dst>
            <dst id="CHINng">34925.3786666667</dst>
            <dst id="DNVRng">30805.312</dst>
            <dst id="HSTNng">23737.088</dst>
            <dst id="IPLSng">30755.3893333333</dst>
            <dst id="KSCYng">22353.3493333333</dst>
            <dst id="LOSAng">10459.8506666667</dst>
            <dst id="NYCMng">13406.2906666667</dst>
            <dst id="SNVAng">7261.36</dst>
            <dst id="STTLng">6331.82133333333</dst>
            <dst id="WASHng">48951.336</dst>
        </src>
        <src id="HSTNng">
            <dst id="ATLA-M5">1556.14666666667</dst>
            <dst id="ATLAng">2013.536</dst>
            <dst id="CHINng">5223.856</dst>
            <dst id="DNVRng">3473.184</dst>
            <dst id="HSTNng">17342.0826666667</dst>
            <dst id="IPLSng">605.92</dst>
            <dst id="KSCYng">1589.968</dst>
            <dst id="LOSAng">4603.544</dst>
            <dst id="NYCMng">2951.86666666667</dst>
            <dst id="SNVAng">26.6666666666667</dst>
            <dst id="STTLng">475.842666666667</dst>
            <dst id="WASHng">2072.36533333333</dst>
        </src>
        <src id="IPLSng">
            <dst id="ATLA-M5">26.6666666666667</dst>
            <dst id="ATLAng">10422.4933333333</dst>
            <dst id="CHINng">17408.2186666667</dst>
            <dst id="DNVRng">10702.56</dst>
            <dst id="HSTNng">508.093333333333</dst>
            <dst id="IPLSng">17339.2026666667</dst>
            <dst id="KSCYng">1505.936</dst>
            <dst id="LOSAng">13389.9866666667</dst>
            <dst id="NYCMng">7831.168</dst>
            <dst id="SNVAng">526.808</dst>
            <dst id="STTLng">6703.12266666667</dst>
            <dst id="WASHng">7577.98666666667</dst>
        </src>
        <src id="KSCYng">
            <dst id="ATLA-M5">0</dst>
            <dst id="ATLAng">4137.85066666667</dst>
            <dst id="CHINng">6807.176</dst>
            <dst id="DNVRng">5445.62133333333</dst>
            <dst id="HSTNng">6048.064</dst>
            <dst id="IPLSng">12391.128</dst>
            <dst id="KSCYng">10986.5146666667</dst>
            <dst id="LOSAng">4554.70933333333</dst>
            <dst id="NYCMng">2504.064</dst>
            <dst id="SNVAng">2872.32533333333</dst>
            <dst id="STTLng">1305.368</dst>
            <dst id="WASHng">10558.6826666667</dst>
        </src>
        <src id="LOSAng">
            <dst id="ATLA-M5">463.68</dst>
            <dst id="ATLAng">48993.0533333333</dst>
            <dst id="CHINng">37055</dst>
            <dst id="DNVRng">8537.25333333333</dst>
            <dst id="HSTNng">3596.312</dst>
            <dst id="IPLSng">14915.5546666667</dst>
            <dst id="KSCYng">3071.30666666667</dst>
            <dst id="LOSAng">14827.016</dst>
            <dst id="NYCMng">21974.728</dst>
            <dst id="SNVAng">23576.6986666667</dst>
            <dst id="STTLng">34654.7173333333</dst>
            <dst id="WASHng">76379.9893333333</dst>
        </src>
        <src id="NYCMng">
            <dst id="ATLA-M5">2373.68533333333</dst>
            <dst id="ATLAng">25806.688</dst>
            <dst id="CHINng">16759.96</dst>
            <dst id="DNVRng">28668.5253333333</dst>
            <dst id="HSTNng">10756.9306666667</dst>
            <dst id="IPLSng">13131.8586666667</dst>
            <dst id="KSCYng">4785.80266666667</dst>
            <dst id="LOSAng">62676.488</dst>
            <dst id="NYCMng">88786.0666666667</dst>
            <dst id="SNVAng">571.856</dst>
            <dst id="STTLng">28012.5066666667</dst>
            <dst id="WASHng">24684.632</dst>
        </src>
        <src id="SNVAng">
            <dst id="ATLA-M5">0</dst>
            <dst id="ATLAng">855.517333333334</dst>
            <dst id="CHINng">26.6666666666667</dst>
            <dst id="DNVRng">10866.3226666667</dst>
            <dst id="HSTNng">26.6666666666667</dst>
            <dst id="IPLSng">195.861333333333</dst>
            <dst id="KSCYng">1127.58666666667</dst>
            <dst id="LOSAng">33467.8453333333</dst>
            <dst id="NYCMng">256.888</dst>
            <dst id="SNVAng">8609.448</dst>
            <dst id="STTLng">36049.328</dst>
            <dst id="WASHng">0</dst>
        </src>
        <src id="STTLng">
            <dst id="ATLA-M5">91.2746666666667</dst>
            <dst id="ATLAng">8210.79733333333</dst>
            <dst id="CHINng">14779.5066666667</dst>
            <dst id="DNVRng">1307.536</dst>
            <dst id="HSTNng">595.717333333333</dst>
            <dst id="IPLSng">5763.2</dst>
            <dst id="KSCYng">2442.496</dst>
            <dst id="LOSAng">12437.5626666667</dst>
            <dst id="NYCMng">12442.5413333333</dst>
            <dst id="SNVAng">8710.93333333333</dst>
            <dst id="STTLng">2976.872</dst>
            <dst id="WASHng">3885.40266666667</dst>
        </src>
        <src id="WASHng">
            <dst id="ATLA-M5">1785.78133333333</dst>
            <dst id="ATLAng">101499.994666667</dst>
            <dst id="CHINng">71450.248</dst>
            <dst id="DNVRng">54646.6666666667</dst>
            <dst id="HSTNng">24471.8986666667</dst>
            <dst id="IPLSng">44585.9626666667</dst>
            <dst id="KSCYng">26592.1226666667</dst>
            <dst id="LOSAng">110574.010666667</dst>
            <dst id="NYCMng">160240.205333333</dst>
            <dst id="SNVAng">1156.768</dst>
            <dst id="STTLng">21910.496</dst>
            <dst id="WASHng">226013.309333333</dst>
        </src>
    </IntraTM>
</TrafficMatrixFile>
