<?xml version="1.0" encoding="ISO-8859-1" standalone="yes"?>
<TrafficMatrixFile xsi:noNamespaceSchemaLocation="http://totem.run.montefiore.ulg.ac.be/Schema/TrafficMatrix-v1_2.xsd" xmlns:xsi="http://www.w3.org/2001/XMLSchema-instance">
    <IntraTM ASID="11537">
        <src id="ATLA-M5">
            <dst id="ATLA-M5">0</dst>
            <dst id="ATLAng">85.2346666666667</dst>
            <dst id="CHINng">278.733333333333</dst>
            <dst id="DNVRng">0</dst>
            <dst id="HSTNng">26.6666666666667</dst>
            <dst id="IPLSng">0</dst>
            <dst id="KSCYng">0</dst>
            <dst id="LOSAng">30</dst>
            <dst id="NYCMng">0</dst>
            <dst id="SNVAng">30</dst>
            <dst id="STTLng">372.856</dst>
            <dst id="WASHng">246.056</dst>
        </src>
        <src id="ATLAng">
            <dst id="ATLA-M5">101.666666666667</dst>
            <dst id="ATLAng">24996.84</dst>
            <dst id="CHINng">10831.392</dst>
            <dst id="DNVRng">2895.07466666667</dst>
            <dst id="HSTNng">36007.8453333333</dst>
            <dst id="IPLSng">10129.816</dst>
            <dst id="KSCYng">3985.76</dst>
            <dst id="LOSAng">10478.1333333333</dst>
            <dst id="NYCMng">1831.34933333333</dst>
            <dst id="SNVAng">9596.52266666667</dst>
            <dst id="STTLng">1388.05066666667</dst>
            <dst id="WASHng">18880.864</dst>
        </src>
        <src id="CHINng">
            <dst id="ATLA-M5">151.304</dst>
            <dst id="ATLAng">12946.4613333333</dst>
            <dst id="CHINng">90028.4373333333</dst>
            <dst id="DNVRng">7094.68</dst>
            <dst id="HSTNng">5502.82933333333</dst>
            <dst id="IPLSng">25117.0293333333</dst>
            <dst id="KSCYng">8446.64266666666</dst>
            <dst id="LOSAng">7822.27733333333</dst>
            <dst id="NYCMng">6633.90933333333</dst>
            <dst id="SNVAng">34288.5093333333</dst>
            <dst id="STTLng">9791.45066666667</dst>
            <dst id="WASHng">13079.048</dst>
        </src>
        <src id="DNVRng">
            <dst id="ATLA-M5">88.96</dst>
            <dst id="ATLAng">2501.06666666667</dst>
            <dst id="CHINng">54085.6373333333</dst>
            <dst id="DNVRng">9186.68533333333</dst>
            <dst id="HSTNng">21468.48</dst>
            <dst id="IPLSng">24911.2186666667</dst>
            <dst id="KSCYng">16514.2506666667</dst>
            <dst id="LOSAng">4579.28533333333</dst>
            <dst id="NYCMng">16567.3706666667</dst>
            <dst id="SNVAng">19082.9573333333</dst>
            <dst id="STTLng">6345.216</dst>
            <dst id="WASHng">49986.5386666667</dst>
        </src>
        <src id="HSTNng">
            <dst id="ATLA-M5">1251.79466666667</dst>
            <dst id="ATLAng">9043.98666666667</dst>
            <dst id="CHINng">12736.3866666667</dst>
            <dst id="DNVRng">1022.552</dst>
            <dst id="HSTNng">11419.7173333333</dst>
            <dst id="IPLSng">1887.552</dst>
            <dst id="KSCYng">586.261333333333</dst>
            <dst id="LOSAng">8115.61333333333</dst>
            <dst id="NYCMng">2129.232</dst>
            <dst id="SNVAng">26.6666666666667</dst>
            <dst id="STTLng">1802.77333333333</dst>
            <dst id="WASHng">2078.77066666667</dst>
        </src>
        <src id="IPLSng">
            <dst id="ATLA-M5">0</dst>
            <dst id="ATLAng">4012.78666666667</dst>
            <dst id="CHINng">41238.4053333333</dst>
            <dst id="DNVRng">8583.17066666667</dst>
            <dst id="HSTNng">415.221333333333</dst>
            <dst id="IPLSng">9635.78666666667</dst>
            <dst id="KSCYng">2898.24533333333</dst>
            <dst id="LOSAng">5516.35466666667</dst>
            <dst id="NYCMng">9107.31733333333</dst>
            <dst id="SNVAng">13096.6586666667</dst>
            <dst id="STTLng">12702.384</dst>
            <dst id="WASHng">7570.44533333333</dst>
        </src>
        <src id="KSCYng">
            <dst id="ATLA-M5">0</dst>
            <dst id="ATLAng">2619.624</dst>
            <dst id="CHINng">9210.34133333333</dst>
            <dst id="DNVRng">4626.02933333333</dst>
            <dst id="HSTNng">2819.03466666667</dst>
            <dst id="IPLSng">13271.7093333333</dst>
            <dst id="KSCYng">4527.344</dst>
            <dst id="LOSAng">2359.928</dst>
            <dst id="NYCMng">1598.33066666667</dst>
            <dst id="SNVAng">5839.32533333333</dst>
            <dst id="STTLng">521.242666666667</dst>
            <dst id="WASHng">6262.35466666667</dst>
        </src>
        <src id="LOSAng">
            <dst id="ATLA-M5">0</dst>
            <dst id="ATLAng">12654.096</dst>
            <dst id="CHINng">76324.6373333333</dst>
            <dst id="DNVRng">9403.664</dst>
            <dst id="HSTNng">2603.2</dst>
            <dst id="IPLSng">8825.29066666667</dst>
            <dst id="KSCYng">4243.60266666667</dst>
            <dst id="LOSAng">24829.0986666667</dst>
            <dst id="NYCMng">22552.5386666667</dst>
            <dst id="SNVAng">20835.6613333333</dst>
            <dst id="STTLng">24100.184</dst>
            <dst id="WASHng">76711.9386666667</dst>
        </src>
        <src id="NYCMng">
            <dst id="ATLA-M5">121.325333333333</dst>
            <dst id="ATLAng">7018.05866666667</dst>
            <dst id="CHINng">23267.752</dst>
            <dst id="DNVRng">23494.6613333333</dst>
            <dst id="HSTNng">3448.94933333333</dst>
            <dst id="IPLSng">7626.464</dst>
            <dst id="KSCYng">2463.59733333333</dst>
            <dst id="LOSAng">10295.9333333333</dst>
            <dst id="NYCMng">75716.0106666667</dst>
            <dst id="SNVAng">45295.5573333333</dst>
            <dst id="STTLng">27127.6906666667</dst>
            <dst id="WASHng">51497.296</dst>
        </src>
        <src id="SNVAng">
            <dst id="ATLA-M5">0</dst>
            <dst id="ATLAng">54.528</dst>
            <dst id="CHINng">80</dst>
            <dst id="DNVRng">29569.3866666667</dst>
            <dst id="HSTNng">0</dst>
            <dst id="IPLSng">1343.168</dst>
            <dst id="KSCYng">0</dst>
            <dst id="LOSAng">2674.84533333333</dst>
            <dst id="NYCMng">85.864</dst>
            <dst id="SNVAng">24596.0986666667</dst>
            <dst id="STTLng">35913.4746666667</dst>
            <dst id="WASHng">26.6666666666667</dst>
        </src>
        <src id="STTLng">
            <dst id="ATLA-M5">26.6666666666667</dst>
            <dst id="ATLAng">4015.272</dst>
            <dst id="CHINng">15046.7253333333</dst>
            <dst id="DNVRng">4263.49866666667</dst>
            <dst id="HSTNng">1543.56533333333</dst>
            <dst id="IPLSng">10403.2266666667</dst>
            <dst id="KSCYng">1709.272</dst>
            <dst id="LOSAng">4892.20266666667</dst>
            <dst id="NYCMng">12161.688</dst>
            <dst id="SNVAng">21945.1813333333</dst>
            <dst id="STTLng">1365.46933333333</dst>
            <dst id="WASHng">5888.64266666667</dst>
        </src>
        <src id="WASHng">
            <dst id="ATLA-M5">120</dst>
            <dst id="ATLAng">65909.1946666667</dst>
            <dst id="CHINng">94396.4586666667</dst>
            <dst id="DNVRng">20785.8</dst>
            <dst id="HSTNng">29047.9573333333</dst>
            <dst id="IPLSng">38541.5066666667</dst>
            <dst id="KSCYng">26070.9946666667</dst>
            <dst id="LOSAng">73308.9706666667</dst>
            <dst id="NYCMng">141815.549333333</dst>
            <dst id="SNVAng">52293.664</dst>
            <dst id="STTLng">43481.952</dst>
            <dst id="WASHng">201264.144</dst>
        </src>
    </IntraTM>
</TrafficMatrixFile>
