<?xml version="1.0" encoding="ISO-8859-1" standalone="yes"?>
<TrafficMatrixFile xsi:noNamespaceSchemaLocation="http://totem.run.montefiore.ulg.ac.be/Schema/TrafficMatrix-v1_2.xsd" xmlns:xsi="http://www.w3.org/2001/XMLSchema-instance">
    <IntraTM ASID="11537">
        <src id="ATLA-M5">
            <dst id="ATLA-M5">0</dst>
            <dst id="ATLAng">26.6666666666667</dst>
            <dst id="CHINng">55.5973333333334</dst>
            <dst id="DNVRng">0</dst>
            <dst id="HSTNng">26.6666666666667</dst>
            <dst id="IPLSng">0</dst>
            <dst id="KSCYng">236.352</dst>
            <dst id="LOSAng">44.7413333333333</dst>
            <dst id="NYCMng">53.3333333333333</dst>
            <dst id="SNVAng">18.0746666666667</dst>
            <dst id="STTLng">0</dst>
            <dst id="WASHng">89.6</dst>
        </src>
        <src id="ATLAng">
            <dst id="ATLA-M5">145.962666666667</dst>
            <dst id="ATLAng">72253.904</dst>
            <dst id="CHINng">14755.64</dst>
            <dst id="DNVRng">3346.592</dst>
            <dst id="HSTNng">194.677333333333</dst>
            <dst id="IPLSng">12179.5706666667</dst>
            <dst id="KSCYng">236.112</dst>
            <dst id="LOSAng">4811.87066666667</dst>
            <dst id="NYCMng">2690.024</dst>
            <dst id="SNVAng">3495.988</dst>
            <dst id="STTLng">1534.464</dst>
            <dst id="WASHng">24157.9653333333</dst>
        </src>
        <src id="CHINng">
            <dst id="ATLA-M5">122.666666666667</dst>
            <dst id="ATLAng">5199.61333333333</dst>
            <dst id="CHINng">113158.245333333</dst>
            <dst id="DNVRng">1230.472</dst>
            <dst id="HSTNng">4704.93066666667</dst>
            <dst id="IPLSng">16777.7973333333</dst>
            <dst id="KSCYng">8422.24266666667</dst>
            <dst id="LOSAng">1647.67466666667</dst>
            <dst id="NYCMng">25645.5733333333</dst>
            <dst id="SNVAng">29965.6933333333</dst>
            <dst id="STTLng">6084.832</dst>
            <dst id="WASHng">22429.5946666667</dst>
        </src>
        <src id="DNVRng">
            <dst id="ATLA-M5">0</dst>
            <dst id="ATLAng">1232.90133333333</dst>
            <dst id="CHINng">9616.064</dst>
            <dst id="DNVRng">8853.176</dst>
            <dst id="HSTNng">0</dst>
            <dst id="IPLSng">11018.3653333333</dst>
            <dst id="KSCYng">15148.4106666667</dst>
            <dst id="LOSAng">803.4</dst>
            <dst id="NYCMng">6574.56</dst>
            <dst id="SNVAng">19513.4106666667</dst>
            <dst id="STTLng">6140.97066666667</dst>
            <dst id="WASHng">19380.064</dst>
        </src>
        <src id="HSTNng">
            <dst id="ATLA-M5">0</dst>
            <dst id="ATLAng">179.522666666667</dst>
            <dst id="CHINng">2117.55466666667</dst>
            <dst id="DNVRng">380.906666666667</dst>
            <dst id="HSTNng">8082.552</dst>
            <dst id="IPLSng">986.141333333333</dst>
            <dst id="KSCYng">540.178666666667</dst>
            <dst id="LOSAng">2169.42133333333</dst>
            <dst id="NYCMng">501.16</dst>
            <dst id="SNVAng">0</dst>
            <dst id="STTLng">217.896</dst>
            <dst id="WASHng">1231.89333333333</dst>
        </src>
        <src id="IPLSng">
            <dst id="ATLA-M5">63.8186666666667</dst>
            <dst id="ATLAng">2876.904</dst>
            <dst id="CHINng">38165.4906666667</dst>
            <dst id="DNVRng">9069.81866666666</dst>
            <dst id="HSTNng">139.602666666667</dst>
            <dst id="IPLSng">18338.5733333333</dst>
            <dst id="KSCYng">3160.15466666667</dst>
            <dst id="LOSAng">1429.87733333333</dst>
            <dst id="NYCMng">7542.72266666667</dst>
            <dst id="SNVAng">12237.248</dst>
            <dst id="STTLng">17821.2346666667</dst>
            <dst id="WASHng">16518.392</dst>
        </src>
        <src id="KSCYng">
            <dst id="ATLA-M5">0</dst>
            <dst id="ATLAng">2614.48266666667</dst>
            <dst id="CHINng">9224.58933333333</dst>
            <dst id="DNVRng">5441.95733333333</dst>
            <dst id="HSTNng">3833.20533333333</dst>
            <dst id="IPLSng">15116.92</dst>
            <dst id="KSCYng">9313.68533333333</dst>
            <dst id="LOSAng">299.514666666667</dst>
            <dst id="NYCMng">2186.65866666667</dst>
            <dst id="SNVAng">6711.112</dst>
            <dst id="STTLng">2162.80533333333</dst>
            <dst id="WASHng">8127.528</dst>
        </src>
        <src id="LOSAng">
            <dst id="ATLA-M5">157.072</dst>
            <dst id="ATLAng">17147.8853333333</dst>
            <dst id="CHINng">32225.6693333333</dst>
            <dst id="DNVRng">4990.384</dst>
            <dst id="HSTNng">1512.06666666667</dst>
            <dst id="IPLSng">11008.6613333333</dst>
            <dst id="KSCYng">1267.85866666667</dst>
            <dst id="LOSAng">17758.6</dst>
            <dst id="NYCMng">24824.7866666667</dst>
            <dst id="SNVAng">30403.96</dst>
            <dst id="STTLng">18285.3226666667</dst>
            <dst id="WASHng">94326.072</dst>
        </src>
        <src id="NYCMng">
            <dst id="ATLA-M5">302.304</dst>
            <dst id="ATLAng">14626.1866666667</dst>
            <dst id="CHINng">24112.4773333333</dst>
            <dst id="DNVRng">22542.336</dst>
            <dst id="HSTNng">5253.50133333333</dst>
            <dst id="IPLSng">5466.232</dst>
            <dst id="KSCYng">1982.97066666667</dst>
            <dst id="LOSAng">9045.65333333333</dst>
            <dst id="NYCMng">86356.9226666667</dst>
            <dst id="SNVAng">44626.3973333333</dst>
            <dst id="STTLng">21936.2106666667</dst>
            <dst id="WASHng">29873.4373333333</dst>
        </src>
        <src id="SNVAng">
            <dst id="ATLA-M5">0</dst>
            <dst id="ATLAng">26.6666666666667</dst>
            <dst id="CHINng">292.554666666667</dst>
            <dst id="DNVRng">2360.34133333333</dst>
            <dst id="HSTNng">0</dst>
            <dst id="IPLSng">6478.984</dst>
            <dst id="KSCYng">26.6666666666667</dst>
            <dst id="LOSAng">2875.37333333333</dst>
            <dst id="NYCMng">982.770666666667</dst>
            <dst id="SNVAng">43202.4533333333</dst>
            <dst id="STTLng">46179.9146666667</dst>
            <dst id="WASHng">345.066666666667</dst>
        </src>
        <src id="STTLng">
            <dst id="ATLA-M5">0</dst>
            <dst id="ATLAng">2901.096</dst>
            <dst id="CHINng">8351.74133333333</dst>
            <dst id="DNVRng">3860.92533333333</dst>
            <dst id="HSTNng">1922.03733333333</dst>
            <dst id="IPLSng">6426.15466666667</dst>
            <dst id="KSCYng">1564.22666666667</dst>
            <dst id="LOSAng">5887.81333333333</dst>
            <dst id="NYCMng">6710.55733333333</dst>
            <dst id="SNVAng">24143.84</dst>
            <dst id="STTLng">2383.976</dst>
            <dst id="WASHng">4271.22933333333</dst>
        </src>
        <src id="WASHng">
            <dst id="ATLA-M5">1624.40533333333</dst>
            <dst id="ATLAng">84380.3386666667</dst>
            <dst id="CHINng">76689.6453333333</dst>
            <dst id="DNVRng">23926.5013333333</dst>
            <dst id="HSTNng">15770.4533333333</dst>
            <dst id="IPLSng">27741.0506666667</dst>
            <dst id="KSCYng">32910.176</dst>
            <dst id="LOSAng">77496.3173333333</dst>
            <dst id="NYCMng">120963.165333333</dst>
            <dst id="SNVAng">33372.408</dst>
            <dst id="STTLng">32438.0693333333</dst>
            <dst id="WASHng">354516.186666667</dst>
        </src>
    </IntraTM>
</TrafficMatrixFile>
