<?xml version="1.0" encoding="ISO-8859-1" standalone="yes"?>
<TrafficMatrixFile xsi:noNamespaceSchemaLocation="http://totem.run.montefiore.ulg.ac.be/Schema/TrafficMatrix-v1_2.xsd" xmlns:xsi="http://www.w3.org/2001/XMLSchema-instance">
    <IntraTM ASID="11537">
        <src id="ATLA-M5">
            <dst id="ATLA-M5">4101.192</dst>
            <dst id="ATLAng">62.6666666666667</dst>
            <dst id="CHINng">169.474666666667</dst>
            <dst id="DNVRng">26.6666666666667</dst>
            <dst id="HSTNng">0</dst>
            <dst id="IPLSng">41.4933333333333</dst>
            <dst id="KSCYng">0</dst>
            <dst id="LOSAng">80.3946666666667</dst>
            <dst id="NYCMng">0</dst>
            <dst id="SNVAng">16.256</dst>
            <dst id="STTLng">371.981333333333</dst>
            <dst id="WASHng">80</dst>
        </src>
        <src id="ATLAng">
            <dst id="ATLA-M5">108.146666666667</dst>
            <dst id="ATLAng">23709.9386666667</dst>
            <dst id="CHINng">9718.104</dst>
            <dst id="DNVRng">3004.02666666667</dst>
            <dst id="HSTNng">21724.4346666667</dst>
            <dst id="IPLSng">10724.9733333333</dst>
            <dst id="KSCYng">797.941333333333</dst>
            <dst id="LOSAng">6414.75066666667</dst>
            <dst id="NYCMng">1448.69866666667</dst>
            <dst id="SNVAng">5590.22266666667</dst>
            <dst id="STTLng">2125.13066666667</dst>
            <dst id="WASHng">25487.92</dst>
        </src>
        <src id="CHINng">
            <dst id="ATLA-M5">925.698666666667</dst>
            <dst id="ATLAng">15013.7626666667</dst>
            <dst id="CHINng">71930.8666666667</dst>
            <dst id="DNVRng">1999.02666666667</dst>
            <dst id="HSTNng">3631.352</dst>
            <dst id="IPLSng">52391.2826666667</dst>
            <dst id="KSCYng">16776.8853333333</dst>
            <dst id="LOSAng">7918.33066666667</dst>
            <dst id="NYCMng">9604.544</dst>
            <dst id="SNVAng">24084.1466666667</dst>
            <dst id="STTLng">6303.49333333333</dst>
            <dst id="WASHng">8039.78933333333</dst>
        </src>
        <src id="DNVRng">
            <dst id="ATLA-M5">278.122666666667</dst>
            <dst id="ATLAng">3591.38666666667</dst>
            <dst id="CHINng">41961.5066666667</dst>
            <dst id="DNVRng">15764.68</dst>
            <dst id="HSTNng">25223.1573333333</dst>
            <dst id="IPLSng">28252.64</dst>
            <dst id="KSCYng">26957.1653333333</dst>
            <dst id="LOSAng">2931.672</dst>
            <dst id="NYCMng">15571.5813333333</dst>
            <dst id="SNVAng">21981.7946666667</dst>
            <dst id="STTLng">10329.8106666667</dst>
            <dst id="WASHng">49896.0133333333</dst>
        </src>
        <src id="HSTNng">
            <dst id="ATLA-M5">121.322666666667</dst>
            <dst id="ATLAng">5676.32533333333</dst>
            <dst id="CHINng">14320.864</dst>
            <dst id="DNVRng">1017.496</dst>
            <dst id="HSTNng">16578.4586666667</dst>
            <dst id="IPLSng">492.818666666667</dst>
            <dst id="KSCYng">1618.61333333333</dst>
            <dst id="LOSAng">3562.15733333333</dst>
            <dst id="NYCMng">5086.11733333333</dst>
            <dst id="SNVAng">26.6666666666667</dst>
            <dst id="STTLng">1534.14133333333</dst>
            <dst id="WASHng">1332.32533333333</dst>
        </src>
        <src id="IPLSng">
            <dst id="ATLA-M5">3567.648</dst>
            <dst id="ATLAng">11779.6746666667</dst>
            <dst id="CHINng">48396.8426666667</dst>
            <dst id="DNVRng">9357.56533333333</dst>
            <dst id="HSTNng">1027.41866666667</dst>
            <dst id="IPLSng">10171.8053333333</dst>
            <dst id="KSCYng">2731.776</dst>
            <dst id="LOSAng">6332.28533333333</dst>
            <dst id="NYCMng">10124.0053333333</dst>
            <dst id="SNVAng">13129.7306666667</dst>
            <dst id="STTLng">10181.624</dst>
            <dst id="WASHng">17775.944</dst>
        </src>
        <src id="KSCYng">
            <dst id="ATLA-M5">0</dst>
            <dst id="ATLAng">2454.17066666667</dst>
            <dst id="CHINng">14241.296</dst>
            <dst id="DNVRng">4913.57866666667</dst>
            <dst id="HSTNng">3962.70133333333</dst>
            <dst id="IPLSng">16447.2506666667</dst>
            <dst id="KSCYng">18375.8506666667</dst>
            <dst id="LOSAng">2452.98933333333</dst>
            <dst id="NYCMng">1551.96</dst>
            <dst id="SNVAng">5097.32266666667</dst>
            <dst id="STTLng">2520.78133333333</dst>
            <dst id="WASHng">5949.10133333333</dst>
        </src>
        <src id="LOSAng">
            <dst id="ATLA-M5">53.6693333333333</dst>
            <dst id="ATLAng">14050.1413333333</dst>
            <dst id="CHINng">85702.4693333333</dst>
            <dst id="DNVRng">9384.76533333333</dst>
            <dst id="HSTNng">2793.74133333333</dst>
            <dst id="IPLSng">10178.7786666667</dst>
            <dst id="KSCYng">3756.056</dst>
            <dst id="LOSAng">25024.112</dst>
            <dst id="NYCMng">24880.352</dst>
            <dst id="SNVAng">23723.712</dst>
            <dst id="STTLng">20987.7466666667</dst>
            <dst id="WASHng">68800.4586666667</dst>
        </src>
        <src id="NYCMng">
            <dst id="ATLA-M5">87.616</dst>
            <dst id="ATLAng">7884.208</dst>
            <dst id="CHINng">30679.0773333333</dst>
            <dst id="DNVRng">21180.96</dst>
            <dst id="HSTNng">3563.61866666667</dst>
            <dst id="IPLSng">5643.904</dst>
            <dst id="KSCYng">2753.78666666667</dst>
            <dst id="LOSAng">9071.832</dst>
            <dst id="NYCMng">75781.1093333334</dst>
            <dst id="SNVAng">49124.2426666667</dst>
            <dst id="STTLng">20081.9786666667</dst>
            <dst id="WASHng">37331.8906666667</dst>
        </src>
        <src id="SNVAng">
            <dst id="ATLA-M5">0</dst>
            <dst id="ATLAng">80</dst>
            <dst id="CHINng">133.333333333333</dst>
            <dst id="DNVRng">41945.0666666667</dst>
            <dst id="HSTNng">26.6666666666667</dst>
            <dst id="IPLSng">185.802666666667</dst>
            <dst id="KSCYng">26.6666666666667</dst>
            <dst id="LOSAng">1668.92</dst>
            <dst id="NYCMng">53.3333333333333</dst>
            <dst id="SNVAng">35852.1546666667</dst>
            <dst id="STTLng">37099.2426666667</dst>
            <dst id="WASHng">26.6666666666667</dst>
        </src>
        <src id="STTLng">
            <dst id="ATLA-M5">0</dst>
            <dst id="ATLAng">4801.42133333333</dst>
            <dst id="CHINng">17372.208</dst>
            <dst id="DNVRng">4030.81066666667</dst>
            <dst id="HSTNng">2313.97066666667</dst>
            <dst id="IPLSng">4567.944</dst>
            <dst id="KSCYng">1183.432</dst>
            <dst id="LOSAng">7050.72</dst>
            <dst id="NYCMng">11035.568</dst>
            <dst id="SNVAng">23126.8293333333</dst>
            <dst id="STTLng">3214.14666666667</dst>
            <dst id="WASHng">5544.13866666667</dst>
        </src>
        <src id="WASHng">
            <dst id="ATLA-M5">0</dst>
            <dst id="ATLAng">104497.816</dst>
            <dst id="CHINng">100777.429333333</dst>
            <dst id="DNVRng">27600.704</dst>
            <dst id="HSTNng">30221.7973333333</dst>
            <dst id="IPLSng">45435.5466666667</dst>
            <dst id="KSCYng">27358.9226666667</dst>
            <dst id="LOSAng">78552.8506666667</dst>
            <dst id="NYCMng">137299.714666667</dst>
            <dst id="SNVAng">40471.2826666667</dst>
            <dst id="STTLng">42051.5333333333</dst>
            <dst id="WASHng">214234.282666667</dst>
        </src>
    </IntraTM>
</TrafficMatrixFile>
