<?xml version="1.0" encoding="ISO-8859-1" standalone="yes"?>
<TrafficMatrixFile xsi:noNamespaceSchemaLocation="http://totem.run.montefiore.ulg.ac.be/Schema/TrafficMatrix-v1_2.xsd" xmlns:xsi="http://www.w3.org/2001/XMLSchema-instance">
    <IntraTM ASID="11537">
        <src id="ATLA-M5">
            <dst id="ATLA-M5">0</dst>
            <dst id="ATLAng">0</dst>
            <dst id="CHINng">106.666666666667</dst>
            <dst id="DNVRng">0</dst>
            <dst id="HSTNng">71.2133333333333</dst>
            <dst id="IPLSng">0</dst>
            <dst id="KSCYng">0</dst>
            <dst id="LOSAng">0</dst>
            <dst id="NYCMng">72.1706666666667</dst>
            <dst id="SNVAng">0</dst>
            <dst id="STTLng">0</dst>
            <dst id="WASHng">26.6666666666667</dst>
        </src>
        <src id="ATLAng">
            <dst id="ATLA-M5">71.4453333333333</dst>
            <dst id="ATLAng">22664.6106666667</dst>
            <dst id="CHINng">7719.73866666667</dst>
            <dst id="DNVRng">239.664</dst>
            <dst id="HSTNng">2243.29066666667</dst>
            <dst id="IPLSng">11861.9173333333</dst>
            <dst id="KSCYng">53.3333333333333</dst>
            <dst id="LOSAng">1024.47866666667</dst>
            <dst id="NYCMng">3746.17333333333</dst>
            <dst id="SNVAng">648.942666666667</dst>
            <dst id="STTLng">383.776</dst>
            <dst id="WASHng">22905.9786666667</dst>
        </src>
        <src id="CHINng">
            <dst id="ATLA-M5">29.528</dst>
            <dst id="ATLAng">14361.576</dst>
            <dst id="CHINng">98202.368</dst>
            <dst id="DNVRng">902.106666666667</dst>
            <dst id="HSTNng">2179.952</dst>
            <dst id="IPLSng">13072.5626666667</dst>
            <dst id="KSCYng">2152.128</dst>
            <dst id="LOSAng">710.218666666667</dst>
            <dst id="NYCMng">12452.2373333333</dst>
            <dst id="SNVAng">11141.1413333333</dst>
            <dst id="STTLng">6052.19466666667</dst>
            <dst id="WASHng">70407.8266666667</dst>
        </src>
        <src id="DNVRng">
            <dst id="ATLA-M5">0</dst>
            <dst id="ATLAng">431.026666666667</dst>
            <dst id="CHINng">3855.89066666667</dst>
            <dst id="DNVRng">16040.9653333333</dst>
            <dst id="HSTNng">5346.33066666667</dst>
            <dst id="IPLSng">3250.592</dst>
            <dst id="KSCYng">13517.9306666667</dst>
            <dst id="LOSAng">433.530666666667</dst>
            <dst id="NYCMng">1345.83466666667</dst>
            <dst id="SNVAng">35457.5893333333</dst>
            <dst id="STTLng">5881.69866666667</dst>
            <dst id="WASHng">5390.26133333333</dst>
        </src>
        <src id="HSTNng">
            <dst id="ATLA-M5">1777.12266666667</dst>
            <dst id="ATLAng">1392.09333333333</dst>
            <dst id="CHINng">5005.824</dst>
            <dst id="DNVRng">592.317333333333</dst>
            <dst id="HSTNng">18930.5253333333</dst>
            <dst id="IPLSng">800.053333333333</dst>
            <dst id="KSCYng">370.4</dst>
            <dst id="LOSAng">558.92</dst>
            <dst id="NYCMng">1747.95466666667</dst>
            <dst id="SNVAng">0</dst>
            <dst id="STTLng">220.389333333333</dst>
            <dst id="WASHng">3335.93066666667</dst>
        </src>
        <src id="IPLSng">
            <dst id="ATLA-M5">152.16</dst>
            <dst id="ATLAng">4745.13866666667</dst>
            <dst id="CHINng">23675.0666666667</dst>
            <dst id="DNVRng">3934.42133333333</dst>
            <dst id="HSTNng">241.114666666667</dst>
            <dst id="IPLSng">3599.136</dst>
            <dst id="KSCYng">211.021333333333</dst>
            <dst id="LOSAng">310.944</dst>
            <dst id="NYCMng">4700.08266666667</dst>
            <dst id="SNVAng">261.613333333333</dst>
            <dst id="STTLng">700.453333333333</dst>
            <dst id="WASHng">8556.79466666667</dst>
        </src>
        <src id="KSCYng">
            <dst id="ATLA-M5">0</dst>
            <dst id="ATLAng">523.466666666667</dst>
            <dst id="CHINng">5288.66666666667</dst>
            <dst id="DNVRng">3286.856</dst>
            <dst id="HSTNng">2524.97866666667</dst>
            <dst id="IPLSng">1814.848</dst>
            <dst id="KSCYng">4218.20533333333</dst>
            <dst id="LOSAng">80</dst>
            <dst id="NYCMng">133.333333333333</dst>
            <dst id="SNVAng">5178.68266666667</dst>
            <dst id="STTLng">80</dst>
            <dst id="WASHng">3660.296</dst>
        </src>
        <src id="LOSAng">
            <dst id="ATLA-M5">0</dst>
            <dst id="ATLAng">0</dst>
            <dst id="CHINng">0</dst>
            <dst id="DNVRng">0</dst>
            <dst id="HSTNng">0</dst>
            <dst id="IPLSng">0</dst>
            <dst id="KSCYng">0</dst>
            <dst id="LOSAng">0</dst>
            <dst id="NYCMng">0</dst>
            <dst id="SNVAng">0</dst>
            <dst id="STTLng">0</dst>
            <dst id="WASHng">0</dst>
        </src>
        <src id="NYCMng">
            <dst id="ATLA-M5">80</dst>
            <dst id="ATLAng">14470.28</dst>
            <dst id="CHINng">20201.5866666667</dst>
            <dst id="DNVRng">18611.5786666667</dst>
            <dst id="HSTNng">11557.8666666667</dst>
            <dst id="IPLSng">12330.576</dst>
            <dst id="KSCYng">574.432</dst>
            <dst id="LOSAng">1282.78133333333</dst>
            <dst id="NYCMng">99998.2346666667</dst>
            <dst id="SNVAng">11388.096</dst>
            <dst id="STTLng">5653.984</dst>
            <dst id="WASHng">33307.8746666667</dst>
        </src>
        <src id="SNVAng">
            <dst id="ATLA-M5">0</dst>
            <dst id="ATLAng">608.381333333333</dst>
            <dst id="CHINng">186.666666666667</dst>
            <dst id="DNVRng">6276.496</dst>
            <dst id="HSTNng">236.402666666667</dst>
            <dst id="IPLSng">270.789333333333</dst>
            <dst id="KSCYng">564.266666666667</dst>
            <dst id="LOSAng">2753.03466666667</dst>
            <dst id="NYCMng">2326.2</dst>
            <dst id="SNVAng">49909.7653333333</dst>
            <dst id="STTLng">77559.9786666667</dst>
            <dst id="WASHng">786.138666666667</dst>
        </src>
        <src id="STTLng">
            <dst id="ATLA-M5">0</dst>
            <dst id="ATLAng">365.184</dst>
            <dst id="CHINng">3446.984</dst>
            <dst id="DNVRng">3956.016</dst>
            <dst id="HSTNng">234.184</dst>
            <dst id="IPLSng">1686</dst>
            <dst id="KSCYng">336.04</dst>
            <dst id="LOSAng">966.386666666667</dst>
            <dst id="NYCMng">2719.26133333333</dst>
            <dst id="SNVAng">23599.8053333333</dst>
            <dst id="STTLng">1272.45066666667</dst>
            <dst id="WASHng">559.253333333333</dst>
        </src>
        <src id="WASHng">
            <dst id="ATLA-M5">128.533333333333</dst>
            <dst id="ATLAng">87252.84</dst>
            <dst id="CHINng">53447.56</dst>
            <dst id="DNVRng">20744.9813333333</dst>
            <dst id="HSTNng">27881.0906666667</dst>
            <dst id="IPLSng">30607.5813333333</dst>
            <dst id="KSCYng">7517.17866666666</dst>
            <dst id="LOSAng">4862.39466666667</dst>
            <dst id="NYCMng">116000.338666667</dst>
            <dst id="SNVAng">9727.42933333333</dst>
            <dst id="STTLng">5782.632</dst>
            <dst id="WASHng">193799.288</dst>
        </src>
    </IntraTM>
</TrafficMatrixFile>
