<?xml version="1.0" encoding="ISO-8859-1" standalone="yes"?>
<TrafficMatrixFile xsi:noNamespaceSchemaLocation="http://totem.run.montefiore.ulg.ac.be/Schema/TrafficMatrix-v1_2.xsd" xmlns:xsi="http://www.w3.org/2001/XMLSchema-instance">
    <IntraTM ASID="11537">
        <src id="ATLA-M5">
            <dst id="ATLA-M5">0</dst>
            <dst id="ATLAng">0</dst>
            <dst id="CHINng">86.224</dst>
            <dst id="DNVRng">117.869333333333</dst>
            <dst id="HSTNng">72.96</dst>
            <dst id="IPLSng">26.6666666666667</dst>
            <dst id="KSCYng">558.288</dst>
            <dst id="LOSAng">26.6666666666667</dst>
            <dst id="NYCMng">26.6666666666667</dst>
            <dst id="SNVAng">0</dst>
            <dst id="STTLng">0</dst>
            <dst id="WASHng">301.522666666667</dst>
        </src>
        <src id="ATLAng">
            <dst id="ATLA-M5">136.125333333333</dst>
            <dst id="ATLAng">23337.704</dst>
            <dst id="CHINng">10011.056</dst>
            <dst id="DNVRng">3099.048</dst>
            <dst id="HSTNng">538.928</dst>
            <dst id="IPLSng">10210.568</dst>
            <dst id="KSCYng">4431.69333333333</dst>
            <dst id="LOSAng">10774.4066666667</dst>
            <dst id="NYCMng">816.757333333333</dst>
            <dst id="SNVAng">10148.572</dst>
            <dst id="STTLng">3589.17866666667</dst>
            <dst id="WASHng">23393.4586666667</dst>
        </src>
        <src id="CHINng">
            <dst id="ATLA-M5">118.554666666667</dst>
            <dst id="ATLAng">15794.7706666667</dst>
            <dst id="CHINng">161031.482666667</dst>
            <dst id="DNVRng">2585.976</dst>
            <dst id="HSTNng">6099.64</dst>
            <dst id="IPLSng">18944.0213333333</dst>
            <dst id="KSCYng">5585.85866666667</dst>
            <dst id="LOSAng">4573.33333333333</dst>
            <dst id="NYCMng">6437.22133333333</dst>
            <dst id="SNVAng">26370.8426666667</dst>
            <dst id="STTLng">6119.224</dst>
            <dst id="WASHng">21921.072</dst>
        </src>
        <src id="DNVRng">
            <dst id="ATLA-M5">97.0666666666667</dst>
            <dst id="ATLAng">2973.40533333333</dst>
            <dst id="CHINng">49460.424</dst>
            <dst id="DNVRng">11489.4453333333</dst>
            <dst id="HSTNng">23038.7093333333</dst>
            <dst id="IPLSng">30400.8533333333</dst>
            <dst id="KSCYng">27078.6346666667</dst>
            <dst id="LOSAng">4488.32</dst>
            <dst id="NYCMng">14804.656</dst>
            <dst id="SNVAng">18277.8613333333</dst>
            <dst id="STTLng">5908.70666666667</dst>
            <dst id="WASHng">41565.248</dst>
        </src>
        <src id="HSTNng">
            <dst id="ATLA-M5">2371.42933333333</dst>
            <dst id="ATLAng">816.824</dst>
            <dst id="CHINng">8945.97866666667</dst>
            <dst id="DNVRng">823.912</dst>
            <dst id="HSTNng">14978.976</dst>
            <dst id="IPLSng">891.698666666667</dst>
            <dst id="KSCYng">832.352</dst>
            <dst id="LOSAng">874.789333333333</dst>
            <dst id="NYCMng">1518.58933333333</dst>
            <dst id="SNVAng">26.6666666666667</dst>
            <dst id="STTLng">535.794666666667</dst>
            <dst id="WASHng">2932.83466666667</dst>
        </src>
        <src id="IPLSng">
            <dst id="ATLA-M5">0</dst>
            <dst id="ATLAng">3845.23733333333</dst>
            <dst id="CHINng">39179.6346666667</dst>
            <dst id="DNVRng">6848.504</dst>
            <dst id="HSTNng">7541.28266666667</dst>
            <dst id="IPLSng">4575.15466666667</dst>
            <dst id="KSCYng">2037.26133333333</dst>
            <dst id="LOSAng">2422.77066666667</dst>
            <dst id="NYCMng">9248.392</dst>
            <dst id="SNVAng">7983.952</dst>
            <dst id="STTLng">15386.8586666667</dst>
            <dst id="WASHng">5341.22933333333</dst>
        </src>
        <src id="KSCYng">
            <dst id="ATLA-M5">212.970666666667</dst>
            <dst id="ATLAng">3008.272</dst>
            <dst id="CHINng">10463.576</dst>
            <dst id="DNVRng">5943.992</dst>
            <dst id="HSTNng">2976.64533333333</dst>
            <dst id="IPLSng">10678.1253333333</dst>
            <dst id="KSCYng">7654.864</dst>
            <dst id="LOSAng">968.685333333333</dst>
            <dst id="NYCMng">2832.01066666667</dst>
            <dst id="SNVAng">5372.78133333333</dst>
            <dst id="STTLng">622.434666666667</dst>
            <dst id="WASHng">6248.86666666667</dst>
        </src>
        <src id="LOSAng">
            <dst id="ATLA-M5">0</dst>
            <dst id="ATLAng">7445.728</dst>
            <dst id="CHINng">24233.016</dst>
            <dst id="DNVRng">3562.33333333333</dst>
            <dst id="HSTNng">591.168</dst>
            <dst id="IPLSng">5886.20266666667</dst>
            <dst id="KSCYng">592.402666666667</dst>
            <dst id="LOSAng">9500</dst>
            <dst id="NYCMng">11184.0533333333</dst>
            <dst id="SNVAng">10596.8026666667</dst>
            <dst id="STTLng">16251.1013333333</dst>
            <dst id="WASHng">32239.7866666667</dst>
        </src>
        <src id="NYCMng">
            <dst id="ATLA-M5">156.938666666667</dst>
            <dst id="ATLAng">7999.01333333333</dst>
            <dst id="CHINng">16367.16</dst>
            <dst id="DNVRng">28555.4213333333</dst>
            <dst id="HSTNng">7614.984</dst>
            <dst id="IPLSng">14822.984</dst>
            <dst id="KSCYng">3083.04533333333</dst>
            <dst id="LOSAng">4905.664</dst>
            <dst id="NYCMng">73701.0826666667</dst>
            <dst id="SNVAng">29108.5253333333</dst>
            <dst id="STTLng">27642.176</dst>
            <dst id="WASHng">34013.408</dst>
        </src>
        <src id="SNVAng">
            <dst id="ATLA-M5">0</dst>
            <dst id="ATLAng">2636.26666666667</dst>
            <dst id="CHINng">9552.36266666667</dst>
            <dst id="DNVRng">1461.69333333333</dst>
            <dst id="HSTNng">252.066666666667</dst>
            <dst id="IPLSng">2503.79466666667</dst>
            <dst id="KSCYng">236.674666666667</dst>
            <dst id="LOSAng">4333.85866666667</dst>
            <dst id="NYCMng">4776.38666666667</dst>
            <dst id="SNVAng">39315.328</dst>
            <dst id="STTLng">26148.3493333333</dst>
            <dst id="WASHng">2245.112</dst>
        </src>
        <src id="STTLng">
            <dst id="ATLA-M5">0</dst>
            <dst id="ATLAng">4221.784</dst>
            <dst id="CHINng">14080.76</dst>
            <dst id="DNVRng">4123.98133333333</dst>
            <dst id="HSTNng">1512.32266666667</dst>
            <dst id="IPLSng">11847.7653333333</dst>
            <dst id="KSCYng">4629.17866666667</dst>
            <dst id="LOSAng">1829.936</dst>
            <dst id="NYCMng">12355.7146666667</dst>
            <dst id="SNVAng">15249.7066666667</dst>
            <dst id="STTLng">1129.504</dst>
            <dst id="WASHng">4607.792</dst>
        </src>
        <src id="WASHng">
            <dst id="ATLA-M5">302.149333333333</dst>
            <dst id="ATLAng">96193.2106666667</dst>
            <dst id="CHINng">94953.7786666667</dst>
            <dst id="DNVRng">27801.3013333333</dst>
            <dst id="HSTNng">16027.5013333333</dst>
            <dst id="IPLSng">24664.7653333333</dst>
            <dst id="KSCYng">39610.4906666667</dst>
            <dst id="LOSAng">34857.0373333333</dst>
            <dst id="NYCMng">130974.917333333</dst>
            <dst id="SNVAng">17532.7306666667</dst>
            <dst id="STTLng">24485.3653333333</dst>
            <dst id="WASHng">205584.858666667</dst>
        </src>
    </IntraTM>
</TrafficMatrixFile>
