<?xml version="1.0" encoding="ISO-8859-1" standalone="yes"?>
<TrafficMatrixFile xsi:noNamespaceSchemaLocation="http://totem.run.montefiore.ulg.ac.be/Schema/TrafficMatrix-v1_2.xsd" xmlns:xsi="http://www.w3.org/2001/XMLSchema-instance">
    <IntraTM ASID="11537">
        <src id="ATLA-M5">
            <dst id="ATLA-M5">26.6666666666667</dst>
            <dst id="ATLAng">26.6666666666667</dst>
            <dst id="CHINng">545.021333333333</dst>
            <dst id="DNVRng">0</dst>
            <dst id="HSTNng">34.7786666666667</dst>
            <dst id="IPLSng">0</dst>
            <dst id="KSCYng">0</dst>
            <dst id="LOSAng">26.6666666666667</dst>
            <dst id="NYCMng">194.456</dst>
            <dst id="SNVAng">26.6666666666667</dst>
            <dst id="STTLng">119.968</dst>
            <dst id="WASHng">870.848</dst>
        </src>
        <src id="ATLAng">
            <dst id="ATLA-M5">118.293333333333</dst>
            <dst id="ATLAng">23735.952</dst>
            <dst id="CHINng">4741.256</dst>
            <dst id="DNVRng">6352.576</dst>
            <dst id="HSTNng">396.021333333333</dst>
            <dst id="IPLSng">8150.168</dst>
            <dst id="KSCYng">392.424</dst>
            <dst id="LOSAng">7321.18666666667</dst>
            <dst id="NYCMng">3086.728</dst>
            <dst id="SNVAng">53.3333333333333</dst>
            <dst id="STTLng">1274.69333333333</dst>
            <dst id="WASHng">30288.1573333333</dst>
        </src>
        <src id="CHINng">
            <dst id="ATLA-M5">141.018666666667</dst>
            <dst id="ATLAng">25639.4506666667</dst>
            <dst id="CHINng">75649.6986666667</dst>
            <dst id="DNVRng">6554.36266666667</dst>
            <dst id="HSTNng">18677.168</dst>
            <dst id="IPLSng">57300.2026666667</dst>
            <dst id="KSCYng">8024.2</dst>
            <dst id="LOSAng">24667.6853333333</dst>
            <dst id="NYCMng">21296.5493333333</dst>
            <dst id="SNVAng">396.272</dst>
            <dst id="STTLng">6765.69333333333</dst>
            <dst id="WASHng">16952.2693333333</dst>
        </src>
        <src id="DNVRng">
            <dst id="ATLA-M5">279.088</dst>
            <dst id="ATLAng">4503.03733333333</dst>
            <dst id="CHINng">47205.3946666667</dst>
            <dst id="DNVRng">11848.056</dst>
            <dst id="HSTNng">21608.312</dst>
            <dst id="IPLSng">26753.4933333333</dst>
            <dst id="KSCYng">24522.1866666667</dst>
            <dst id="LOSAng">4126.552</dst>
            <dst id="NYCMng">11809.288</dst>
            <dst id="SNVAng">9409.47466666667</dst>
            <dst id="STTLng">3695.18666666667</dst>
            <dst id="WASHng">36304.656</dst>
        </src>
        <src id="HSTNng">
            <dst id="ATLA-M5">0</dst>
            <dst id="ATLAng">2377.088</dst>
            <dst id="CHINng">6063.456</dst>
            <dst id="DNVRng">2019.368</dst>
            <dst id="HSTNng">14847.0853333333</dst>
            <dst id="IPLSng">1335.47733333333</dst>
            <dst id="KSCYng">1872.61866666667</dst>
            <dst id="LOSAng">10376.8746666667</dst>
            <dst id="NYCMng">6327.79733333333</dst>
            <dst id="SNVAng">26.6666666666667</dst>
            <dst id="STTLng">642.336</dst>
            <dst id="WASHng">11724.7226666667</dst>
        </src>
        <src id="IPLSng">
            <dst id="ATLA-M5">0</dst>
            <dst id="ATLAng">9226.55733333333</dst>
            <dst id="CHINng">30895.8906666667</dst>
            <dst id="DNVRng">6481.80266666667</dst>
            <dst id="HSTNng">2730.98133333333</dst>
            <dst id="IPLSng">8088.112</dst>
            <dst id="KSCYng">1469.256</dst>
            <dst id="LOSAng">41000.5066666667</dst>
            <dst id="NYCMng">7627.18133333333</dst>
            <dst id="SNVAng">427.282666666667</dst>
            <dst id="STTLng">6283.50133333333</dst>
            <dst id="WASHng">23237.384</dst>
        </src>
        <src id="KSCYng">
            <dst id="ATLA-M5">0</dst>
            <dst id="ATLAng">3011.832</dst>
            <dst id="CHINng">12488.3493333333</dst>
            <dst id="DNVRng">3558.896</dst>
            <dst id="HSTNng">5292.208</dst>
            <dst id="IPLSng">13495.168</dst>
            <dst id="KSCYng">9573.55466666667</dst>
            <dst id="LOSAng">6814.33866666667</dst>
            <dst id="NYCMng">592.738666666667</dst>
            <dst id="SNVAng">2040.864</dst>
            <dst id="STTLng">798.634666666667</dst>
            <dst id="WASHng">9068.07733333334</dst>
        </src>
        <src id="LOSAng">
            <dst id="ATLA-M5">57.888</dst>
            <dst id="ATLAng">35672.9546666667</dst>
            <dst id="CHINng">46622.9146666667</dst>
            <dst id="DNVRng">6049.44</dst>
            <dst id="HSTNng">5462.47733333333</dst>
            <dst id="IPLSng">17493.0266666667</dst>
            <dst id="KSCYng">3253.592</dst>
            <dst id="LOSAng">9712.38666666667</dst>
            <dst id="NYCMng">23301.7386666667</dst>
            <dst id="SNVAng">27207.3573333333</dst>
            <dst id="STTLng">22292.4266666667</dst>
            <dst id="WASHng">61181.5893333333</dst>
        </src>
        <src id="NYCMng">
            <dst id="ATLA-M5">1324.49066666667</dst>
            <dst id="ATLAng">23056.9226666667</dst>
            <dst id="CHINng">18750.6293333333</dst>
            <dst id="DNVRng">23310.8053333333</dst>
            <dst id="HSTNng">13463.04</dst>
            <dst id="IPLSng">7133.25866666667</dst>
            <dst id="KSCYng">8682.248</dst>
            <dst id="LOSAng">49497.248</dst>
            <dst id="NYCMng">79512.392</dst>
            <dst id="SNVAng">1239.09866666667</dst>
            <dst id="STTLng">18724.216</dst>
            <dst id="WASHng">57172.304</dst>
        </src>
        <src id="SNVAng">
            <dst id="ATLA-M5">0</dst>
            <dst id="ATLAng">0</dst>
            <dst id="CHINng">1381.19466666667</dst>
            <dst id="DNVRng">6972.75466666667</dst>
            <dst id="HSTNng">0</dst>
            <dst id="IPLSng">6018.34133333333</dst>
            <dst id="KSCYng">0</dst>
            <dst id="LOSAng">31768.1973333333</dst>
            <dst id="NYCMng">169.562666666667</dst>
            <dst id="SNVAng">7797.34133333333</dst>
            <dst id="STTLng">37699.4106666667</dst>
            <dst id="WASHng">127.952</dst>
        </src>
        <src id="STTLng">
            <dst id="ATLA-M5">107.130666666667</dst>
            <dst id="ATLAng">6624.12</dst>
            <dst id="CHINng">12917.2533333333</dst>
            <dst id="DNVRng">3103.95466666667</dst>
            <dst id="HSTNng">509.837333333333</dst>
            <dst id="IPLSng">6160.16533333333</dst>
            <dst id="KSCYng">1333.68533333333</dst>
            <dst id="LOSAng">7848.58133333333</dst>
            <dst id="NYCMng">9730.54666666667</dst>
            <dst id="SNVAng">8770.464</dst>
            <dst id="STTLng">1490.77066666667</dst>
            <dst id="WASHng">8139.024</dst>
        </src>
        <src id="WASHng">
            <dst id="ATLA-M5">6685.904</dst>
            <dst id="ATLAng">84048.2666666667</dst>
            <dst id="CHINng">56114.824</dst>
            <dst id="DNVRng">55436.312</dst>
            <dst id="HSTNng">21500.2506666667</dst>
            <dst id="IPLSng">48138.7786666667</dst>
            <dst id="KSCYng">32753.2346666667</dst>
            <dst id="LOSAng">86288.08</dst>
            <dst id="NYCMng">128470.666666667</dst>
            <dst id="SNVAng">1945.664</dst>
            <dst id="STTLng">15897.76</dst>
            <dst id="WASHng">192964.565333333</dst>
        </src>
    </IntraTM>
</TrafficMatrixFile>
