<?xml version="1.0" encoding="ISO-8859-1" standalone="yes"?>
<TrafficMatrixFile xsi:noNamespaceSchemaLocation="http://totem.run.montefiore.ulg.ac.be/Schema/TrafficMatrix-v1_2.xsd" xmlns:xsi="http://www.w3.org/2001/XMLSchema-instance">
    <IntraTM ASID="11537">
        <src id="ATLA-M5">
            <dst id="ATLA-M5">0</dst>
            <dst id="ATLAng">53.3333333333333</dst>
            <dst id="CHINng">202.376</dst>
            <dst id="DNVRng">0</dst>
            <dst id="HSTNng">68.7946666666667</dst>
            <dst id="IPLSng">209.648</dst>
            <dst id="KSCYng">0</dst>
            <dst id="LOSAng">120.234666666667</dst>
            <dst id="NYCMng">669.674666666666</dst>
            <dst id="SNVAng">0</dst>
            <dst id="STTLng">26.6666666666667</dst>
            <dst id="WASHng">26.6666666666667</dst>
        </src>
        <src id="ATLAng">
            <dst id="ATLA-M5">76.7066666666667</dst>
            <dst id="ATLAng">22894.648</dst>
            <dst id="CHINng">11110.8933333333</dst>
            <dst id="DNVRng">2808.86933333333</dst>
            <dst id="HSTNng">85577.4693333333</dst>
            <dst id="IPLSng">15773.5253333333</dst>
            <dst id="KSCYng">436.173333333333</dst>
            <dst id="LOSAng">13236.16</dst>
            <dst id="NYCMng">1645.12</dst>
            <dst id="SNVAng">53.3333333333333</dst>
            <dst id="STTLng">3428.69866666667</dst>
            <dst id="WASHng">37546.6186666667</dst>
        </src>
        <src id="CHINng">
            <dst id="ATLA-M5">0</dst>
            <dst id="ATLAng">26524.688</dst>
            <dst id="CHINng">76396.6</dst>
            <dst id="DNVRng">13908.9173333333</dst>
            <dst id="HSTNng">6056.416</dst>
            <dst id="IPLSng">88862.6533333334</dst>
            <dst id="KSCYng">8707.42933333334</dst>
            <dst id="LOSAng">26133.7093333333</dst>
            <dst id="NYCMng">7061.47733333333</dst>
            <dst id="SNVAng">1456.95466666667</dst>
            <dst id="STTLng">8775.176</dst>
            <dst id="WASHng">7184.872</dst>
        </src>
        <src id="DNVRng">
            <dst id="ATLA-M5">124.96</dst>
            <dst id="ATLAng">3084.68533333333</dst>
            <dst id="CHINng">33683.3653333333</dst>
            <dst id="DNVRng">14086.0746666667</dst>
            <dst id="HSTNng">22172.3093333333</dst>
            <dst id="IPLSng">25543.8906666667</dst>
            <dst id="KSCYng">34477.7173333333</dst>
            <dst id="LOSAng">39750.6373333333</dst>
            <dst id="NYCMng">14630.2853333333</dst>
            <dst id="SNVAng">9779.91733333333</dst>
            <dst id="STTLng">3295.44533333333</dst>
            <dst id="WASHng">38036.3413333333</dst>
        </src>
        <src id="HSTNng">
            <dst id="ATLA-M5">1625.02933333333</dst>
            <dst id="ATLAng">2853.61333333333</dst>
            <dst id="CHINng">11903.0266666667</dst>
            <dst id="DNVRng">987.072</dst>
            <dst id="HSTNng">16480.288</dst>
            <dst id="IPLSng">2092.536</dst>
            <dst id="KSCYng">1386.13066666667</dst>
            <dst id="LOSAng">1127.57066666667</dst>
            <dst id="NYCMng">4141.83733333333</dst>
            <dst id="SNVAng">53.3333333333333</dst>
            <dst id="STTLng">830.144</dst>
            <dst id="WASHng">4797.49866666667</dst>
        </src>
        <src id="IPLSng">
            <dst id="ATLA-M5">263.693333333333</dst>
            <dst id="ATLAng">5353.456</dst>
            <dst id="CHINng">53806.2853333333</dst>
            <dst id="DNVRng">9755.91733333333</dst>
            <dst id="HSTNng">1831.408</dst>
            <dst id="IPLSng">32718.824</dst>
            <dst id="KSCYng">4690.82933333333</dst>
            <dst id="LOSAng">15006.448</dst>
            <dst id="NYCMng">16900.6426666667</dst>
            <dst id="SNVAng">477.672</dst>
            <dst id="STTLng">5854.14933333333</dst>
            <dst id="WASHng">15073.4506666667</dst>
        </src>
        <src id="KSCYng">
            <dst id="ATLA-M5">26.6666666666667</dst>
            <dst id="ATLAng">3716.54666666667</dst>
            <dst id="CHINng">6160.65866666667</dst>
            <dst id="DNVRng">16479.216</dst>
            <dst id="HSTNng">4559.75466666667</dst>
            <dst id="IPLSng">8977.29866666667</dst>
            <dst id="KSCYng">9958.89333333333</dst>
            <dst id="LOSAng">3207.91466666667</dst>
            <dst id="NYCMng">1622.92533333333</dst>
            <dst id="SNVAng">2337.49333333333</dst>
            <dst id="STTLng">1807.21866666667</dst>
            <dst id="WASHng">11525.9546666667</dst>
        </src>
        <src id="LOSAng">
            <dst id="ATLA-M5">305.349333333333</dst>
            <dst id="ATLAng">48907.552</dst>
            <dst id="CHINng">55731.6986666666</dst>
            <dst id="DNVRng">6281.47733333333</dst>
            <dst id="HSTNng">20789.216</dst>
            <dst id="IPLSng">17660.1946666667</dst>
            <dst id="KSCYng">2423.98666666667</dst>
            <dst id="LOSAng">4813.048</dst>
            <dst id="NYCMng">20194.1973333333</dst>
            <dst id="SNVAng">21770.12</dst>
            <dst id="STTLng">15663.7493333333</dst>
            <dst id="WASHng">80765.8213333333</dst>
        </src>
        <src id="NYCMng">
            <dst id="ATLA-M5">727.141333333333</dst>
            <dst id="ATLAng">11977.4533333333</dst>
            <dst id="CHINng">30835.6933333333</dst>
            <dst id="DNVRng">27560.8266666667</dst>
            <dst id="HSTNng">7534.86666666667</dst>
            <dst id="IPLSng">23655.5413333333</dst>
            <dst id="KSCYng">3714.768</dst>
            <dst id="LOSAng">51729.9546666667</dst>
            <dst id="NYCMng">185230.165333333</dst>
            <dst id="SNVAng">1425.00533333333</dst>
            <dst id="STTLng">28101.0106666667</dst>
            <dst id="WASHng">40479.1226666667</dst>
        </src>
        <src id="SNVAng">
            <dst id="ATLA-M5">0</dst>
            <dst id="ATLAng">26.6666666666667</dst>
            <dst id="CHINng">0</dst>
            <dst id="DNVRng">1325.85333333333</dst>
            <dst id="HSTNng">0</dst>
            <dst id="IPLSng">231.066666666667</dst>
            <dst id="KSCYng">0</dst>
            <dst id="LOSAng">29444.5946666667</dst>
            <dst id="NYCMng">53.3333333333333</dst>
            <dst id="SNVAng">7676.70666666667</dst>
            <dst id="STTLng">36668.064</dst>
            <dst id="WASHng">125.034666666667</dst>
        </src>
        <src id="STTLng">
            <dst id="ATLA-M5">0</dst>
            <dst id="ATLAng">7986.09333333333</dst>
            <dst id="CHINng">14095.768</dst>
            <dst id="DNVRng">1358.49066666667</dst>
            <dst id="HSTNng">879.866666666667</dst>
            <dst id="IPLSng">6898.04266666667</dst>
            <dst id="KSCYng">4447.58933333333</dst>
            <dst id="LOSAng">8944.16266666667</dst>
            <dst id="NYCMng">10428.7253333333</dst>
            <dst id="SNVAng">8212.488</dst>
            <dst id="STTLng">599.253333333333</dst>
            <dst id="WASHng">8176.63466666666</dst>
        </src>
        <src id="WASHng">
            <dst id="ATLA-M5">185.168</dst>
            <dst id="ATLAng">46526.3813333333</dst>
            <dst id="CHINng">49772.344</dst>
            <dst id="DNVRng">72943.9413333333</dst>
            <dst id="HSTNng">25643.3733333333</dst>
            <dst id="IPLSng">52152.92</dst>
            <dst id="KSCYng">29842.36</dst>
            <dst id="LOSAng">117314.696</dst>
            <dst id="NYCMng">137564.290666667</dst>
            <dst id="SNVAng">1566.92</dst>
            <dst id="STTLng">21009.12</dst>
            <dst id="WASHng">176678.944</dst>
        </src>
    </IntraTM>
</TrafficMatrixFile>
