<?xml version="1.0" encoding="ISO-8859-1" standalone="yes"?>
<TrafficMatrixFile xsi:noNamespaceSchemaLocation="http://totem.run.montefiore.ulg.ac.be/Schema/TrafficMatrix-v1_2.xsd" xmlns:xsi="http://www.w3.org/2001/XMLSchema-instance">
    <IntraTM ASID="11537">
        <src id="ATLA-M5">
            <dst id="ATLA-M5">26.6666666666667</dst>
            <dst id="ATLAng">80</dst>
            <dst id="CHINng">242.224</dst>
            <dst id="DNVRng">0</dst>
            <dst id="HSTNng">91.0506666666667</dst>
            <dst id="IPLSng">0</dst>
            <dst id="KSCYng">0</dst>
            <dst id="LOSAng">48.3626666666667</dst>
            <dst id="NYCMng">137.194666666667</dst>
            <dst id="SNVAng">0</dst>
            <dst id="STTLng">66.8533333333333</dst>
            <dst id="WASHng">282.186666666667</dst>
        </src>
        <src id="ATLAng">
            <dst id="ATLA-M5">123.048</dst>
            <dst id="ATLAng">26170.3946666667</dst>
            <dst id="CHINng">4141.65066666666</dst>
            <dst id="DNVRng">2025.53066666667</dst>
            <dst id="HSTNng">9440.13333333333</dst>
            <dst id="IPLSng">11566.1866666667</dst>
            <dst id="KSCYng">2307.57066666667</dst>
            <dst id="LOSAng">14613.1226666667</dst>
            <dst id="NYCMng">15406.8746666667</dst>
            <dst id="SNVAng">80</dst>
            <dst id="STTLng">3261.51733333333</dst>
            <dst id="WASHng">28274.4346666667</dst>
        </src>
        <src id="CHINng">
            <dst id="ATLA-M5">106.666666666667</dst>
            <dst id="ATLAng">7598.13333333333</dst>
            <dst id="CHINng">69352.256</dst>
            <dst id="DNVRng">5040.56</dst>
            <dst id="HSTNng">6557.62933333333</dst>
            <dst id="IPLSng">48222.3546666667</dst>
            <dst id="KSCYng">10483.3413333333</dst>
            <dst id="LOSAng">23556.856</dst>
            <dst id="NYCMng">23657.1493333333</dst>
            <dst id="SNVAng">5015.928</dst>
            <dst id="STTLng">5077.73866666667</dst>
            <dst id="WASHng">17549.608</dst>
        </src>
        <src id="DNVRng">
            <dst id="ATLA-M5">133.386666666667</dst>
            <dst id="ATLAng">6249.336</dst>
            <dst id="CHINng">35100.4906666667</dst>
            <dst id="DNVRng">12690.608</dst>
            <dst id="HSTNng">25979.0613333333</dst>
            <dst id="IPLSng">26177.0986666667</dst>
            <dst id="KSCYng">32422.9706666667</dst>
            <dst id="LOSAng">16258.9866666667</dst>
            <dst id="NYCMng">13565.592</dst>
            <dst id="SNVAng">10036.1333333333</dst>
            <dst id="STTLng">7721.248</dst>
            <dst id="WASHng">34015.224</dst>
        </src>
        <src id="HSTNng">
            <dst id="ATLA-M5">3676.61866666667</dst>
            <dst id="ATLAng">2604.97333333333</dst>
            <dst id="CHINng">7093.54666666667</dst>
            <dst id="DNVRng">1147.216</dst>
            <dst id="HSTNng">16996.408</dst>
            <dst id="IPLSng">1780.704</dst>
            <dst id="KSCYng">832.672</dst>
            <dst id="LOSAng">2322.632</dst>
            <dst id="NYCMng">1145.42933333333</dst>
            <dst id="SNVAng">106.666666666667</dst>
            <dst id="STTLng">685.162666666667</dst>
            <dst id="WASHng">2010.73066666667</dst>
        </src>
        <src id="IPLSng">
            <dst id="ATLA-M5">26.6666666666667</dst>
            <dst id="ATLAng">9463.22933333333</dst>
            <dst id="CHINng">52928.6106666667</dst>
            <dst id="DNVRng">10482.856</dst>
            <dst id="HSTNng">2130.67466666667</dst>
            <dst id="IPLSng">25339.264</dst>
            <dst id="KSCYng">5924.61866666667</dst>
            <dst id="LOSAng">10342.608</dst>
            <dst id="NYCMng">7211.176</dst>
            <dst id="SNVAng">189.157333333333</dst>
            <dst id="STTLng">9622.608</dst>
            <dst id="WASHng">16778.744</dst>
        </src>
        <src id="KSCYng">
            <dst id="ATLA-M5">0</dst>
            <dst id="ATLAng">5136.688</dst>
            <dst id="CHINng">11461.44</dst>
            <dst id="DNVRng">9064.92533333333</dst>
            <dst id="HSTNng">3162.78133333333</dst>
            <dst id="IPLSng">11585.696</dst>
            <dst id="KSCYng">8991.36266666667</dst>
            <dst id="LOSAng">3615.37333333333</dst>
            <dst id="NYCMng">3967.88</dst>
            <dst id="SNVAng">2056.05333333333</dst>
            <dst id="STTLng">822.501333333333</dst>
            <dst id="WASHng">11371.5573333333</dst>
        </src>
        <src id="LOSAng">
            <dst id="ATLA-M5">956.405333333333</dst>
            <dst id="ATLAng">13356.424</dst>
            <dst id="CHINng">60378.0933333333</dst>
            <dst id="DNVRng">7084.72266666667</dst>
            <dst id="HSTNng">2717.09866666667</dst>
            <dst id="IPLSng">33708.2106666667</dst>
            <dst id="KSCYng">5695.304</dst>
            <dst id="LOSAng">7754.82133333334</dst>
            <dst id="NYCMng">20015.0266666667</dst>
            <dst id="SNVAng">20611.8586666667</dst>
            <dst id="STTLng">19028.6746666667</dst>
            <dst id="WASHng">82006.544</dst>
        </src>
        <src id="NYCMng">
            <dst id="ATLA-M5">942.96</dst>
            <dst id="ATLAng">18251.288</dst>
            <dst id="CHINng">21372.8853333333</dst>
            <dst id="DNVRng">23152.7466666667</dst>
            <dst id="HSTNng">5184.112</dst>
            <dst id="IPLSng">21911.4666666667</dst>
            <dst id="KSCYng">8433.98666666667</dst>
            <dst id="LOSAng">49585.0106666667</dst>
            <dst id="NYCMng">102664.741333333</dst>
            <dst id="SNVAng">750.965333333334</dst>
            <dst id="STTLng">20517.144</dst>
            <dst id="WASHng">39485.2773333333</dst>
        </src>
        <src id="SNVAng">
            <dst id="ATLA-M5">0</dst>
            <dst id="ATLAng">26.6666666666667</dst>
            <dst id="CHINng">53.3333333333333</dst>
            <dst id="DNVRng">2078.74666666667</dst>
            <dst id="HSTNng">26.6666666666667</dst>
            <dst id="IPLSng">292.549333333333</dst>
            <dst id="KSCYng">0</dst>
            <dst id="LOSAng">26517.888</dst>
            <dst id="NYCMng">61.3546666666667</dst>
            <dst id="SNVAng">6409.376</dst>
            <dst id="STTLng">32686.9706666667</dst>
            <dst id="WASHng">0</dst>
        </src>
        <src id="STTLng">
            <dst id="ATLA-M5">193.962666666667</dst>
            <dst id="ATLAng">9516.42133333333</dst>
            <dst id="CHINng">12400.008</dst>
            <dst id="DNVRng">11319.3973333333</dst>
            <dst id="HSTNng">990.48</dst>
            <dst id="IPLSng">5204.664</dst>
            <dst id="KSCYng">2913.86133333333</dst>
            <dst id="LOSAng">8429.43466666667</dst>
            <dst id="NYCMng">8469.09333333333</dst>
            <dst id="SNVAng">8266.73866666667</dst>
            <dst id="STTLng">2835.32533333333</dst>
            <dst id="WASHng">6082.296</dst>
        </src>
        <src id="WASHng">
            <dst id="ATLA-M5">449.949333333333</dst>
            <dst id="ATLAng">45860.368</dst>
            <dst id="CHINng">61765.7973333333</dst>
            <dst id="DNVRng">56705.192</dst>
            <dst id="HSTNng">13145.4</dst>
            <dst id="IPLSng">44253.8586666667</dst>
            <dst id="KSCYng">28075.6586666667</dst>
            <dst id="LOSAng">112482.509333333</dst>
            <dst id="NYCMng">159718.04</dst>
            <dst id="SNVAng">1798.792</dst>
            <dst id="STTLng">31919.5893333333</dst>
            <dst id="WASHng">167329.485333333</dst>
        </src>
    </IntraTM>
</TrafficMatrixFile>
