<?xml version="1.0" encoding="ISO-8859-1" standalone="yes"?>
<TrafficMatrixFile xsi:noNamespaceSchemaLocation="http://totem.run.montefiore.ulg.ac.be/Schema/TrafficMatrix-v1_2.xsd" xmlns:xsi="http://www.w3.org/2001/XMLSchema-instance">
    <IntraTM ASID="11537">
        <src id="ATLA-M5">
            <dst id="ATLA-M5">0</dst>
            <dst id="ATLAng">180.466666666667</dst>
            <dst id="CHINng">111.936</dst>
            <dst id="DNVRng">0</dst>
            <dst id="HSTNng">26.6666666666667</dst>
            <dst id="IPLSng">33.3333333333333</dst>
            <dst id="KSCYng">26.6666666666667</dst>
            <dst id="LOSAng">36.0693333333333</dst>
            <dst id="NYCMng">26.6666666666667</dst>
            <dst id="SNVAng">36.0693333333333</dst>
            <dst id="STTLng">80</dst>
            <dst id="WASHng">394.712</dst>
        </src>
        <src id="ATLAng">
            <dst id="ATLA-M5">116.941333333333</dst>
            <dst id="ATLAng">28928.5493333333</dst>
            <dst id="CHINng">7177.05333333333</dst>
            <dst id="DNVRng">3993.79733333333</dst>
            <dst id="HSTNng">836.608</dst>
            <dst id="IPLSng">15493.8773333333</dst>
            <dst id="KSCYng">796.096</dst>
            <dst id="LOSAng">4724.612</dst>
            <dst id="NYCMng">2103.28533333333</dst>
            <dst id="SNVAng">4360.60933333333</dst>
            <dst id="STTLng">1362.01066666667</dst>
            <dst id="WASHng">39954.896</dst>
        </src>
        <src id="CHINng">
            <dst id="ATLA-M5">474.858666666667</dst>
            <dst id="ATLAng">6092.39466666667</dst>
            <dst id="CHINng">74886.7413333333</dst>
            <dst id="DNVRng">1899</dst>
            <dst id="HSTNng">3223.02933333333</dst>
            <dst id="IPLSng">9959.87466666667</dst>
            <dst id="KSCYng">4596.10933333333</dst>
            <dst id="LOSAng">3271.272</dst>
            <dst id="NYCMng">8786.464</dst>
            <dst id="SNVAng">20175.4453333333</dst>
            <dst id="STTLng">9034.88266666667</dst>
            <dst id="WASHng">17322.0533333333</dst>
        </src>
        <src id="DNVRng">
            <dst id="ATLA-M5">275.637333333333</dst>
            <dst id="ATLAng">5218.72</dst>
            <dst id="CHINng">53406.2506666667</dst>
            <dst id="DNVRng">2515.13866666667</dst>
            <dst id="HSTNng">17204.7546666667</dst>
            <dst id="IPLSng">23483.1013333333</dst>
            <dst id="KSCYng">8369.408</dst>
            <dst id="LOSAng">1434.47733333333</dst>
            <dst id="NYCMng">11836.88</dst>
            <dst id="SNVAng">14383.7786666667</dst>
            <dst id="STTLng">3434.208</dst>
            <dst id="WASHng">48201.6</dst>
        </src>
        <src id="HSTNng">
            <dst id="ATLA-M5">291.658666666667</dst>
            <dst id="ATLAng">2014.12266666667</dst>
            <dst id="CHINng">10805.4533333333</dst>
            <dst id="DNVRng">784.885333333333</dst>
            <dst id="HSTNng">15400.48</dst>
            <dst id="IPLSng">2079.04</dst>
            <dst id="KSCYng">1303.77333333333</dst>
            <dst id="LOSAng">804.301333333333</dst>
            <dst id="NYCMng">3095.968</dst>
            <dst id="SNVAng">71.584</dst>
            <dst id="STTLng">783.693333333333</dst>
            <dst id="WASHng">1658.18133333333</dst>
        </src>
        <src id="IPLSng">
            <dst id="ATLA-M5">26.6666666666667</dst>
            <dst id="ATLAng">8632.38933333334</dst>
            <dst id="CHINng">50739.84</dst>
            <dst id="DNVRng">5557.20266666667</dst>
            <dst id="HSTNng">1635.744</dst>
            <dst id="IPLSng">12162.8853333333</dst>
            <dst id="KSCYng">1320.464</dst>
            <dst id="LOSAng">5472.69333333333</dst>
            <dst id="NYCMng">9781.072</dst>
            <dst id="SNVAng">6416.57066666667</dst>
            <dst id="STTLng">9944.88</dst>
            <dst id="WASHng">14668.7786666667</dst>
        </src>
        <src id="KSCYng">
            <dst id="ATLA-M5">26.6666666666667</dst>
            <dst id="ATLAng">3081.05333333333</dst>
            <dst id="CHINng">16817.208</dst>
            <dst id="DNVRng">3799.656</dst>
            <dst id="HSTNng">3754.20533333333</dst>
            <dst id="IPLSng">8619.08</dst>
            <dst id="KSCYng">8401.808</dst>
            <dst id="LOSAng">182.261333333333</dst>
            <dst id="NYCMng">2279.65066666667</dst>
            <dst id="SNVAng">4607.008</dst>
            <dst id="STTLng">746.68</dst>
            <dst id="WASHng">6582.61866666667</dst>
        </src>
        <src id="LOSAng">
            <dst id="ATLA-M5">115.898666666667</dst>
            <dst id="ATLAng">6807.792</dst>
            <dst id="CHINng">87435.9093333333</dst>
            <dst id="DNVRng">8082.216</dst>
            <dst id="HSTNng">2211.304</dst>
            <dst id="IPLSng">16250.8906666667</dst>
            <dst id="KSCYng">823.170666666667</dst>
            <dst id="LOSAng">19802.9626666667</dst>
            <dst id="NYCMng">24297.808</dst>
            <dst id="SNVAng">24464.12</dst>
            <dst id="STTLng">26015.6906666667</dst>
            <dst id="WASHng">69657.6133333333</dst>
        </src>
        <src id="NYCMng">
            <dst id="ATLA-M5">351.864</dst>
            <dst id="ATLAng">18514.2293333333</dst>
            <dst id="CHINng">27253.7706666667</dst>
            <dst id="DNVRng">21882.472</dst>
            <dst id="HSTNng">3716.18933333333</dst>
            <dst id="IPLSng">8576.53866666667</dst>
            <dst id="KSCYng">3568.45866666667</dst>
            <dst id="LOSAng">7183.024</dst>
            <dst id="NYCMng">99493.9386666667</dst>
            <dst id="SNVAng">40515.696</dst>
            <dst id="STTLng">16168.2346666667</dst>
            <dst id="WASHng">40860.008</dst>
        </src>
        <src id="SNVAng">
            <dst id="ATLA-M5">0</dst>
            <dst id="ATLAng">101.333333333333</dst>
            <dst id="CHINng">53.3333333333333</dst>
            <dst id="DNVRng">1253.992</dst>
            <dst id="HSTNng">26.6666666666667</dst>
            <dst id="IPLSng">395.122666666667</dst>
            <dst id="KSCYng">26.6666666666667</dst>
            <dst id="LOSAng">515.050666666667</dst>
            <dst id="NYCMng">80</dst>
            <dst id="SNVAng">34153.9306666667</dst>
            <dst id="STTLng">28756.368</dst>
            <dst id="WASHng">82.648</dst>
        </src>
        <src id="STTLng">
            <dst id="ATLA-M5">0</dst>
            <dst id="ATLAng">6176.15733333333</dst>
            <dst id="CHINng">21187.2186666667</dst>
            <dst id="DNVRng">4274.696</dst>
            <dst id="HSTNng">3998.48533333333</dst>
            <dst id="IPLSng">9617.16266666667</dst>
            <dst id="KSCYng">315.216</dst>
            <dst id="LOSAng">1835.28266666667</dst>
            <dst id="NYCMng">10039.1626666667</dst>
            <dst id="SNVAng">10218.7813333333</dst>
            <dst id="STTLng">486.296</dst>
            <dst id="WASHng">97902.3226666667</dst>
        </src>
        <src id="WASHng">
            <dst id="ATLA-M5">106.666666666667</dst>
            <dst id="ATLAng">91996.632</dst>
            <dst id="CHINng">51477.8746666667</dst>
            <dst id="DNVRng">27628.1786666667</dst>
            <dst id="HSTNng">12125.1813333333</dst>
            <dst id="IPLSng">18427.712</dst>
            <dst id="KSCYng">28954.8106666667</dst>
            <dst id="LOSAng">66769.848</dst>
            <dst id="NYCMng">134480.552</dst>
            <dst id="SNVAng">20067.536</dst>
            <dst id="STTLng">23378.56</dst>
            <dst id="WASHng">274614.826666667</dst>
        </src>
    </IntraTM>
</TrafficMatrixFile>
