<?xml version="1.0" encoding="ISO-8859-1" standalone="yes"?>
<TrafficMatrixFile xsi:noNamespaceSchemaLocation="http://totem.run.montefiore.ulg.ac.be/Schema/TrafficMatrix-v1_2.xsd" xmlns:xsi="http://www.w3.org/2001/XMLSchema-instance">
    <IntraTM ASID="11537">
        <src id="ATLA-M5">
            <dst id="ATLA-M5">0</dst>
            <dst id="ATLAng">26.6666666666667</dst>
            <dst id="CHINng">420.624</dst>
            <dst id="DNVRng">0</dst>
            <dst id="HSTNng">37.9946666666667</dst>
            <dst id="IPLSng">0</dst>
            <dst id="KSCYng">26.6666666666667</dst>
            <dst id="LOSAng">53.3333333333333</dst>
            <dst id="NYCMng">53.3333333333333</dst>
            <dst id="SNVAng">0</dst>
            <dst id="STTLng">101.594666666667</dst>
            <dst id="WASHng">177.333333333333</dst>
        </src>
        <src id="ATLAng">
            <dst id="ATLA-M5">154.637333333333</dst>
            <dst id="ATLAng">23326.3973333333</dst>
            <dst id="CHINng">5542.016</dst>
            <dst id="DNVRng">2535.13866666667</dst>
            <dst id="HSTNng">13997.304</dst>
            <dst id="IPLSng">11014.5173333333</dst>
            <dst id="KSCYng">2521.18133333333</dst>
            <dst id="LOSAng">14311.7173333333</dst>
            <dst id="NYCMng">7361.90933333333</dst>
            <dst id="SNVAng">40</dst>
            <dst id="STTLng">3449.38666666667</dst>
            <dst id="WASHng">29524.1333333333</dst>
        </src>
        <src id="CHINng">
            <dst id="ATLA-M5">26.6666666666667</dst>
            <dst id="ATLAng">7458.29066666667</dst>
            <dst id="CHINng">85460.6453333333</dst>
            <dst id="DNVRng">3247.008</dst>
            <dst id="HSTNng">8375.20533333334</dst>
            <dst id="IPLSng">43602.9546666667</dst>
            <dst id="KSCYng">10962.3306666667</dst>
            <dst id="LOSAng">24373.5413333333</dst>
            <dst id="NYCMng">26618.0933333333</dst>
            <dst id="SNVAng">5355.93066666667</dst>
            <dst id="STTLng">4875.536</dst>
            <dst id="WASHng">17009.2346666667</dst>
        </src>
        <src id="DNVRng">
            <dst id="ATLA-M5">56</dst>
            <dst id="ATLAng">6174.01333333334</dst>
            <dst id="CHINng">32093.0346666667</dst>
            <dst id="DNVRng">6785.76533333333</dst>
            <dst id="HSTNng">21078.4293333333</dst>
            <dst id="IPLSng">26304.816</dst>
            <dst id="KSCYng">17209.88</dst>
            <dst id="LOSAng">25649.1893333333</dst>
            <dst id="NYCMng">13897.8346666667</dst>
            <dst id="SNVAng">6298.66933333333</dst>
            <dst id="STTLng">3255.49066666667</dst>
            <dst id="WASHng">32762.3146666667</dst>
        </src>
        <src id="HSTNng">
            <dst id="ATLA-M5">2075.168</dst>
            <dst id="ATLAng">3200.63733333333</dst>
            <dst id="CHINng">6138.49066666667</dst>
            <dst id="DNVRng">694.509333333333</dst>
            <dst id="HSTNng">15048.7786666667</dst>
            <dst id="IPLSng">1676.776</dst>
            <dst id="KSCYng">775.352</dst>
            <dst id="LOSAng">1790.70666666667</dst>
            <dst id="NYCMng">1370.54666666667</dst>
            <dst id="SNVAng">53.3333333333333</dst>
            <dst id="STTLng">525.010666666667</dst>
            <dst id="WASHng">3624.088</dst>
        </src>
        <src id="IPLSng">
            <dst id="ATLA-M5">0</dst>
            <dst id="ATLAng">12469.208</dst>
            <dst id="CHINng">54976.5253333333</dst>
            <dst id="DNVRng">6963.34933333333</dst>
            <dst id="HSTNng">1380.85066666667</dst>
            <dst id="IPLSng">44471.0586666667</dst>
            <dst id="KSCYng">5835.52</dst>
            <dst id="LOSAng">10079.928</dst>
            <dst id="NYCMng">5763.50666666667</dst>
            <dst id="SNVAng">257.389333333333</dst>
            <dst id="STTLng">9864.72266666667</dst>
            <dst id="WASHng">16346.1386666667</dst>
        </src>
        <src id="KSCYng">
            <dst id="ATLA-M5">0</dst>
            <dst id="ATLAng">5155.18133333333</dst>
            <dst id="CHINng">10040.16</dst>
            <dst id="DNVRng">8457.37866666667</dst>
            <dst id="HSTNng">2319.01066666667</dst>
            <dst id="IPLSng">10756.8453333333</dst>
            <dst id="KSCYng">6075.78133333333</dst>
            <dst id="LOSAng">3639.60533333333</dst>
            <dst id="NYCMng">3960.2</dst>
            <dst id="SNVAng">1979.84533333333</dst>
            <dst id="STTLng">4108.584</dst>
            <dst id="WASHng">15125.7866666667</dst>
        </src>
        <src id="LOSAng">
            <dst id="ATLA-M5">1264.23733333333</dst>
            <dst id="ATLAng">15678.5973333333</dst>
            <dst id="CHINng">57206.9386666667</dst>
            <dst id="DNVRng">7752.304</dst>
            <dst id="HSTNng">2709.08</dst>
            <dst id="IPLSng">30763.2773333333</dst>
            <dst id="KSCYng">5427.37333333333</dst>
            <dst id="LOSAng">8333.88533333333</dst>
            <dst id="NYCMng">19346.088</dst>
            <dst id="SNVAng">26048.1946666667</dst>
            <dst id="STTLng">30893.976</dst>
            <dst id="WASHng">87181.6106666667</dst>
        </src>
        <src id="NYCMng">
            <dst id="ATLA-M5">634.064</dst>
            <dst id="ATLAng">19402.0506666667</dst>
            <dst id="CHINng">26595.304</dst>
            <dst id="DNVRng">24664.7626666667</dst>
            <dst id="HSTNng">5430.66666666667</dst>
            <dst id="IPLSng">12524.2773333333</dst>
            <dst id="KSCYng">11437.5973333333</dst>
            <dst id="LOSAng">49053.368</dst>
            <dst id="NYCMng">100877.266666667</dst>
            <dst id="SNVAng">682.157333333333</dst>
            <dst id="STTLng">21239.9653333333</dst>
            <dst id="WASHng">45397.4133333333</dst>
        </src>
        <src id="SNVAng">
            <dst id="ATLA-M5">0</dst>
            <dst id="ATLAng">0</dst>
            <dst id="CHINng">420.245333333333</dst>
            <dst id="DNVRng">875.757333333333</dst>
            <dst id="HSTNng">0</dst>
            <dst id="IPLSng">200.464</dst>
            <dst id="KSCYng">0</dst>
            <dst id="LOSAng">27635.1893333333</dst>
            <dst id="NYCMng">26.6666666666667</dst>
            <dst id="SNVAng">6498.008</dst>
            <dst id="STTLng">33243.1786666667</dst>
            <dst id="WASHng">30.6773333333333</dst>
        </src>
        <src id="STTLng">
            <dst id="ATLA-M5">218.4</dst>
            <dst id="ATLAng">10213.2026666667</dst>
            <dst id="CHINng">12341.9813333333</dst>
            <dst id="DNVRng">6594.38933333334</dst>
            <dst id="HSTNng">909.733333333333</dst>
            <dst id="IPLSng">4835.46133333333</dst>
            <dst id="KSCYng">1376.96266666667</dst>
            <dst id="LOSAng">8130.56</dst>
            <dst id="NYCMng">10310.7146666667</dst>
            <dst id="SNVAng">8563.41866666667</dst>
            <dst id="STTLng">963.936</dst>
            <dst id="WASHng">4697.14133333333</dst>
        </src>
        <src id="WASHng">
            <dst id="ATLA-M5">396.053333333333</dst>
            <dst id="ATLAng">47322.0346666667</dst>
            <dst id="CHINng">45075.968</dst>
            <dst id="DNVRng">49064.4453333333</dst>
            <dst id="HSTNng">13412.8613333333</dst>
            <dst id="IPLSng">39351.2773333333</dst>
            <dst id="KSCYng">28749.9893333333</dst>
            <dst id="LOSAng">113420.277333333</dst>
            <dst id="NYCMng">205422.232</dst>
            <dst id="SNVAng">1778.464</dst>
            <dst id="STTLng">31942.176</dst>
            <dst id="WASHng">149272.717333333</dst>
        </src>
    </IntraTM>
</TrafficMatrixFile>
