<?xml version="1.0" encoding="ISO-8859-1" standalone="yes"?>
<TrafficMatrixFile xsi:noNamespaceSchemaLocation="http://totem.run.montefiore.ulg.ac.be/Schema/TrafficMatrix-v1_2.xsd" xmlns:xsi="http://www.w3.org/2001/XMLSchema-instance">
    <IntraTM ASID="11537">
        <src id="ATLA-M5">
            <dst id="ATLA-M5">94.7973333333333</dst>
            <dst id="ATLAng">0</dst>
            <dst id="CHINng">53.3333333333333</dst>
            <dst id="DNVRng">1112.26666666667</dst>
            <dst id="HSTNng">1582.36266666667</dst>
            <dst id="IPLSng">0</dst>
            <dst id="KSCYng">0</dst>
            <dst id="LOSAng">26.6666666666667</dst>
            <dst id="NYCMng">141.733333333333</dst>
            <dst id="SNVAng">0</dst>
            <dst id="STTLng">95.2373333333333</dst>
            <dst id="WASHng">53.3333333333333</dst>
        </src>
        <src id="ATLAng">
            <dst id="ATLA-M5">0</dst>
            <dst id="ATLAng">24146.9866666667</dst>
            <dst id="CHINng">2444.63466666667</dst>
            <dst id="DNVRng">2473.60266666667</dst>
            <dst id="HSTNng">335.741333333333</dst>
            <dst id="IPLSng">10748.248</dst>
            <dst id="KSCYng">334.314666666667</dst>
            <dst id="LOSAng">12217.8506666667</dst>
            <dst id="NYCMng">2320.54133333333</dst>
            <dst id="SNVAng">26.6666666666667</dst>
            <dst id="STTLng">7087.84</dst>
            <dst id="WASHng">30745.6746666667</dst>
        </src>
        <src id="CHINng">
            <dst id="ATLA-M5">0</dst>
            <dst id="ATLAng">5738.81866666667</dst>
            <dst id="CHINng">46783.304</dst>
            <dst id="DNVRng">9509.376</dst>
            <dst id="HSTNng">11174.9146666667</dst>
            <dst id="IPLSng">49810.1706666667</dst>
            <dst id="KSCYng">3494.104</dst>
            <dst id="LOSAng">28249.6693333333</dst>
            <dst id="NYCMng">24912.552</dst>
            <dst id="SNVAng">167.773333333333</dst>
            <dst id="STTLng">12108.432</dst>
            <dst id="WASHng">6167.30666666667</dst>
        </src>
        <src id="DNVRng">
            <dst id="ATLA-M5">147.733333333333</dst>
            <dst id="ATLAng">1594.80266666667</dst>
            <dst id="CHINng">33294.7253333333</dst>
            <dst id="DNVRng">3478.25866666667</dst>
            <dst id="HSTNng">17419.656</dst>
            <dst id="IPLSng">31572.3466666667</dst>
            <dst id="KSCYng">8803.58666666667</dst>
            <dst id="LOSAng">3844.13333333333</dst>
            <dst id="NYCMng">14785.6933333333</dst>
            <dst id="SNVAng">3623.88266666667</dst>
            <dst id="STTLng">2871.46133333333</dst>
            <dst id="WASHng">35177.0986666667</dst>
        </src>
        <src id="HSTNng">
            <dst id="ATLA-M5">1344.07733333333</dst>
            <dst id="ATLAng">652.634666666667</dst>
            <dst id="CHINng">4637.22933333333</dst>
            <dst id="DNVRng">546.04</dst>
            <dst id="HSTNng">17445.7706666667</dst>
            <dst id="IPLSng">781.485333333333</dst>
            <dst id="KSCYng">896.045333333333</dst>
            <dst id="LOSAng">5310.31466666667</dst>
            <dst id="NYCMng">1989.39733333333</dst>
            <dst id="SNVAng">0</dst>
            <dst id="STTLng">861.101333333333</dst>
            <dst id="WASHng">1085.53333333333</dst>
        </src>
        <src id="IPLSng">
            <dst id="ATLA-M5">409.546666666667</dst>
            <dst id="ATLAng">10595.0293333333</dst>
            <dst id="CHINng">37686.3786666667</dst>
            <dst id="DNVRng">10706.0453333333</dst>
            <dst id="HSTNng">3727.48266666667</dst>
            <dst id="IPLSng">16542.0053333333</dst>
            <dst id="KSCYng">2118.784</dst>
            <dst id="LOSAng">20107.4906666667</dst>
            <dst id="NYCMng">3859.896</dst>
            <dst id="SNVAng">229.522666666667</dst>
            <dst id="STTLng">5172.56266666667</dst>
            <dst id="WASHng">9715.904</dst>
        </src>
        <src id="KSCYng">
            <dst id="ATLA-M5">0</dst>
            <dst id="ATLAng">2263.912</dst>
            <dst id="CHINng">9765.552</dst>
            <dst id="DNVRng">4478.104</dst>
            <dst id="HSTNng">2659.32266666667</dst>
            <dst id="IPLSng">9759.42666666667</dst>
            <dst id="KSCYng">5605.992</dst>
            <dst id="LOSAng">3710.16266666667</dst>
            <dst id="NYCMng">1368.592</dst>
            <dst id="SNVAng">1839.968</dst>
            <dst id="STTLng">422.613333333333</dst>
            <dst id="WASHng">7904.624</dst>
        </src>
        <src id="LOSAng">
            <dst id="ATLA-M5">0</dst>
            <dst id="ATLAng">6557.97066666667</dst>
            <dst id="CHINng">48235.4453333333</dst>
            <dst id="DNVRng">9636.72266666667</dst>
            <dst id="HSTNng">2228.62933333333</dst>
            <dst id="IPLSng">11916.8346666667</dst>
            <dst id="KSCYng">3016.968</dst>
            <dst id="LOSAng">9093.50933333333</dst>
            <dst id="NYCMng">16881.0506666667</dst>
            <dst id="SNVAng">20768.3493333333</dst>
            <dst id="STTLng">22608.7466666667</dst>
            <dst id="WASHng">83220.4373333333</dst>
        </src>
        <src id="NYCMng">
            <dst id="ATLA-M5">53.3333333333333</dst>
            <dst id="ATLAng">5217.78133333333</dst>
            <dst id="CHINng">16984.064</dst>
            <dst id="DNVRng">23757.4266666667</dst>
            <dst id="HSTNng">2834.58133333333</dst>
            <dst id="IPLSng">27191.976</dst>
            <dst id="KSCYng">3572.56266666667</dst>
            <dst id="LOSAng">52761.576</dst>
            <dst id="NYCMng">69618.824</dst>
            <dst id="SNVAng">1657.59466666667</dst>
            <dst id="STTLng">18888.632</dst>
            <dst id="WASHng">45372.944</dst>
        </src>
        <src id="SNVAng">
            <dst id="ATLA-M5">0</dst>
            <dst id="ATLAng">26.6666666666667</dst>
            <dst id="CHINng">26.6666666666667</dst>
            <dst id="DNVRng">1810.22666666667</dst>
            <dst id="HSTNng">53.3333333333333</dst>
            <dst id="IPLSng">207.245333333333</dst>
            <dst id="KSCYng">26.6666666666667</dst>
            <dst id="LOSAng">29181.9226666667</dst>
            <dst id="NYCMng">26.6666666666667</dst>
            <dst id="SNVAng">6626.36533333333</dst>
            <dst id="STTLng">31497.424</dst>
            <dst id="WASHng">0</dst>
        </src>
        <src id="STTLng">
            <dst id="ATLA-M5">115.336</dst>
            <dst id="ATLAng">5235.45066666667</dst>
            <dst id="CHINng">12938.0906666667</dst>
            <dst id="DNVRng">498.386666666667</dst>
            <dst id="HSTNng">242.810666666667</dst>
            <dst id="IPLSng">4231.248</dst>
            <dst id="KSCYng">495.912</dst>
            <dst id="LOSAng">11799.5653333333</dst>
            <dst id="NYCMng">9008.904</dst>
            <dst id="SNVAng">14142.5653333333</dst>
            <dst id="STTLng">989.509333333334</dst>
            <dst id="WASHng">6112.78133333333</dst>
        </src>
        <src id="WASHng">
            <dst id="ATLA-M5">493.592</dst>
            <dst id="ATLAng">49412.3706666667</dst>
            <dst id="CHINng">50409.7253333333</dst>
            <dst id="DNVRng">28350.216</dst>
            <dst id="HSTNng">25491.3066666667</dst>
            <dst id="IPLSng">75389.04</dst>
            <dst id="KSCYng">27238.8266666667</dst>
            <dst id="LOSAng">116863.184</dst>
            <dst id="NYCMng">140063.925333333</dst>
            <dst id="SNVAng">1054.61066666667</dst>
            <dst id="STTLng">25017.304</dst>
            <dst id="WASHng">184773.44</dst>
        </src>
    </IntraTM>
</TrafficMatrixFile>
