<?xml version="1.0" encoding="ISO-8859-1" standalone="yes"?>
<TrafficMatrixFile xsi:noNamespaceSchemaLocation="http://totem.run.montefiore.ulg.ac.be/Schema/TrafficMatrix-v1_2.xsd" xmlns:xsi="http://www.w3.org/2001/XMLSchema-instance">
    <IntraTM ASID="11537">
        <src id="ATLA-M5">
            <dst id="ATLA-M5">0</dst>
            <dst id="ATLAng">26.6666666666667</dst>
            <dst id="CHINng">605.133333333333</dst>
            <dst id="DNVRng">0</dst>
            <dst id="HSTNng">27.984</dst>
            <dst id="IPLSng">26.6666666666667</dst>
            <dst id="KSCYng">381.354666666667</dst>
            <dst id="LOSAng">0</dst>
            <dst id="NYCMng">82.5973333333333</dst>
            <dst id="SNVAng">187.072</dst>
            <dst id="STTLng">65.3973333333333</dst>
            <dst id="WASHng">1377.35466666667</dst>
        </src>
        <src id="ATLAng">
            <dst id="ATLA-M5">56.8293333333333</dst>
            <dst id="ATLAng">9117.07466666667</dst>
            <dst id="CHINng">4360.09866666667</dst>
            <dst id="DNVRng">6369.49866666667</dst>
            <dst id="HSTNng">1140.584</dst>
            <dst id="IPLSng">8929.432</dst>
            <dst id="KSCYng">471.312</dst>
            <dst id="LOSAng">6824.07866666667</dst>
            <dst id="NYCMng">6283.11466666667</dst>
            <dst id="SNVAng">169.398666666667</dst>
            <dst id="STTLng">1620.33066666667</dst>
            <dst id="WASHng">17857.4533333333</dst>
        </src>
        <src id="CHINng">
            <dst id="ATLA-M5">122.893333333333</dst>
            <dst id="ATLAng">14742.712</dst>
            <dst id="CHINng">65638.152</dst>
            <dst id="DNVRng">9004.72</dst>
            <dst id="HSTNng">10551.152</dst>
            <dst id="IPLSng">34931.6</dst>
            <dst id="KSCYng">5867.62133333333</dst>
            <dst id="LOSAng">28490.8</dst>
            <dst id="NYCMng">22566.6426666667</dst>
            <dst id="SNVAng">521.568</dst>
            <dst id="STTLng">6957.67466666667</dst>
            <dst id="WASHng">17545.9226666667</dst>
        </src>
        <src id="DNVRng">
            <dst id="ATLA-M5">144.117333333333</dst>
            <dst id="ATLAng">5029.41333333333</dst>
            <dst id="CHINng">51191.0266666667</dst>
            <dst id="DNVRng">12524.616</dst>
            <dst id="HSTNng">23091.5546666667</dst>
            <dst id="IPLSng">33345.288</dst>
            <dst id="KSCYng">30093.688</dst>
            <dst id="LOSAng">6153.67733333333</dst>
            <dst id="NYCMng">11762.536</dst>
            <dst id="SNVAng">8850.728</dst>
            <dst id="STTLng">8399.4</dst>
            <dst id="WASHng">44990.0666666667</dst>
        </src>
        <src id="HSTNng">
            <dst id="ATLA-M5">0</dst>
            <dst id="ATLAng">6155.216</dst>
            <dst id="CHINng">12444.4266666667</dst>
            <dst id="DNVRng">1238.336</dst>
            <dst id="HSTNng">15362.9013333333</dst>
            <dst id="IPLSng">2409.304</dst>
            <dst id="KSCYng">2143.96</dst>
            <dst id="LOSAng">5018.28266666667</dst>
            <dst id="NYCMng">5667.072</dst>
            <dst id="SNVAng">26.6666666666667</dst>
            <dst id="STTLng">870.232</dst>
            <dst id="WASHng">11803.672</dst>
        </src>
        <src id="IPLSng">
            <dst id="ATLA-M5">26.6666666666667</dst>
            <dst id="ATLAng">15915.32</dst>
            <dst id="CHINng">39499.272</dst>
            <dst id="DNVRng">6250.50666666667</dst>
            <dst id="HSTNng">2816.74133333333</dst>
            <dst id="IPLSng">2382.58133333333</dst>
            <dst id="KSCYng">2055.79466666667</dst>
            <dst id="LOSAng">10901.8053333333</dst>
            <dst id="NYCMng">9608.936</dst>
            <dst id="SNVAng">323.472</dst>
            <dst id="STTLng">4880.6</dst>
            <dst id="WASHng">21365.3386666667</dst>
        </src>
        <src id="KSCYng">
            <dst id="ATLA-M5">26.6666666666667</dst>
            <dst id="ATLAng">3847.67466666667</dst>
            <dst id="CHINng">13838.9093333333</dst>
            <dst id="DNVRng">5113.872</dst>
            <dst id="HSTNng">13442.376</dst>
            <dst id="IPLSng">11112.1706666667</dst>
            <dst id="KSCYng">10931.88</dst>
            <dst id="LOSAng">6535.184</dst>
            <dst id="NYCMng">909.421333333333</dst>
            <dst id="SNVAng">2251.97333333333</dst>
            <dst id="STTLng">548.042666666667</dst>
            <dst id="WASHng">9017.58133333333</dst>
        </src>
        <src id="LOSAng">
            <dst id="ATLA-M5">29.3626666666667</dst>
            <dst id="ATLAng">27261.16</dst>
            <dst id="CHINng">49379.1493333333</dst>
            <dst id="DNVRng">6087.02666666667</dst>
            <dst id="HSTNng">3897.21333333333</dst>
            <dst id="IPLSng">14400.0133333333</dst>
            <dst id="KSCYng">4365.456</dst>
            <dst id="LOSAng">10399.9466666667</dst>
            <dst id="NYCMng">25210.12</dst>
            <dst id="SNVAng">23769.1333333333</dst>
            <dst id="STTLng">25342.736</dst>
            <dst id="WASHng">50647.5093333333</dst>
        </src>
        <src id="NYCMng">
            <dst id="ATLA-M5">673.106666666667</dst>
            <dst id="ATLAng">18753.7946666667</dst>
            <dst id="CHINng">13659.3733333333</dst>
            <dst id="DNVRng">22606.5466666667</dst>
            <dst id="HSTNng">2988.92266666667</dst>
            <dst id="IPLSng">8911.24266666667</dst>
            <dst id="KSCYng">8572.18133333333</dst>
            <dst id="LOSAng">52440.4506666666</dst>
            <dst id="NYCMng">61388.3546666667</dst>
            <dst id="SNVAng">1874.01333333333</dst>
            <dst id="STTLng">18287</dst>
            <dst id="WASHng">65657.5626666667</dst>
        </src>
        <src id="SNVAng">
            <dst id="ATLA-M5">0</dst>
            <dst id="ATLAng">80</dst>
            <dst id="CHINng">248.042666666667</dst>
            <dst id="DNVRng">11777.4133333333</dst>
            <dst id="HSTNng">26.6666666666667</dst>
            <dst id="IPLSng">202.08</dst>
            <dst id="KSCYng">0</dst>
            <dst id="LOSAng">31194.256</dst>
            <dst id="NYCMng">53.3333333333333</dst>
            <dst id="SNVAng">7680.632</dst>
            <dst id="STTLng">44111.416</dst>
            <dst id="WASHng">26.6666666666667</dst>
        </src>
        <src id="STTLng">
            <dst id="ATLA-M5">114.517333333333</dst>
            <dst id="ATLAng">7643.63733333333</dst>
            <dst id="CHINng">11823.6453333333</dst>
            <dst id="DNVRng">2726.68</dst>
            <dst id="HSTNng">790.266666666667</dst>
            <dst id="IPLSng">6100.696</dst>
            <dst id="KSCYng">1736.336</dst>
            <dst id="LOSAng">9490.52</dst>
            <dst id="NYCMng">8421.04</dst>
            <dst id="SNVAng">9051.09333333333</dst>
            <dst id="STTLng">3586.32533333333</dst>
            <dst id="WASHng">10961.544</dst>
        </src>
        <src id="WASHng">
            <dst id="ATLA-M5">5764.81866666667</dst>
            <dst id="ATLAng">101365.453333333</dst>
            <dst id="CHINng">66813.1973333333</dst>
            <dst id="DNVRng">65953.3973333333</dst>
            <dst id="HSTNng">16812.4933333333</dst>
            <dst id="IPLSng">63610.736</dst>
            <dst id="KSCYng">24838.704</dst>
            <dst id="LOSAng">76794.7013333333</dst>
            <dst id="NYCMng">155554.597333333</dst>
            <dst id="SNVAng">1278.64266666667</dst>
            <dst id="STTLng">21811.2266666667</dst>
            <dst id="WASHng">196654.712</dst>
        </src>
    </IntraTM>
</TrafficMatrixFile>
