<?xml version="1.0" encoding="ISO-8859-1" standalone="yes"?>
<TrafficMatrixFile xsi:noNamespaceSchemaLocation="http://totem.run.montefiore.ulg.ac.be/Schema/TrafficMatrix-v1_2.xsd" xmlns:xsi="http://www.w3.org/2001/XMLSchema-instance">
    <IntraTM ASID="11537">
        <src id="ATLA-M5">
            <dst id="ATLA-M5">4213.928</dst>
            <dst id="ATLAng">0</dst>
            <dst id="CHINng">185.362666666667</dst>
            <dst id="DNVRng">0</dst>
            <dst id="HSTNng">92.1306666666667</dst>
            <dst id="IPLSng">40.64</dst>
            <dst id="KSCYng">0</dst>
            <dst id="LOSAng">26.6666666666667</dst>
            <dst id="NYCMng">0</dst>
            <dst id="SNVAng">0</dst>
            <dst id="STTLng">481.754666666667</dst>
            <dst id="WASHng">59.4346666666667</dst>
        </src>
        <src id="ATLAng">
            <dst id="ATLA-M5">58.3253333333333</dst>
            <dst id="ATLAng">28403.48</dst>
            <dst id="CHINng">8712.23733333333</dst>
            <dst id="DNVRng">2331.89066666667</dst>
            <dst id="HSTNng">2024.53066666667</dst>
            <dst id="IPLSng">14874.2613333333</dst>
            <dst id="KSCYng">747.917333333333</dst>
            <dst id="LOSAng">5634.436</dst>
            <dst id="NYCMng">1386.75466666667</dst>
            <dst id="SNVAng">4977.64133333333</dst>
            <dst id="STTLng">1977.744</dst>
            <dst id="WASHng">28406.048</dst>
        </src>
        <src id="CHINng">
            <dst id="ATLA-M5">27.7866666666667</dst>
            <dst id="ATLAng">7611.592</dst>
            <dst id="CHINng">99503.8133333333</dst>
            <dst id="DNVRng">4958.82666666667</dst>
            <dst id="HSTNng">4803.928</dst>
            <dst id="IPLSng">18618.864</dst>
            <dst id="KSCYng">9270.472</dst>
            <dst id="LOSAng">8078.05866666667</dst>
            <dst id="NYCMng">10911.6293333333</dst>
            <dst id="SNVAng">30937.592</dst>
            <dst id="STTLng">9349.90666666667</dst>
            <dst id="WASHng">14536.96</dst>
        </src>
        <src id="DNVRng">
            <dst id="ATLA-M5">163.936</dst>
            <dst id="ATLAng">2821.90666666667</dst>
            <dst id="CHINng">60258.256</dst>
            <dst id="DNVRng">7976.49333333333</dst>
            <dst id="HSTNng">18802.144</dst>
            <dst id="IPLSng">23107.408</dst>
            <dst id="KSCYng">14655.84</dst>
            <dst id="LOSAng">1309.98666666667</dst>
            <dst id="NYCMng">15980.2133333333</dst>
            <dst id="SNVAng">18856.2773333333</dst>
            <dst id="STTLng">6929.49333333333</dst>
            <dst id="WASHng">40539.1093333333</dst>
        </src>
        <src id="HSTNng">
            <dst id="ATLA-M5">3791.38666666667</dst>
            <dst id="ATLAng">3434.78933333333</dst>
            <dst id="CHINng">15020.432</dst>
            <dst id="DNVRng">680.76</dst>
            <dst id="HSTNng">13271.6106666667</dst>
            <dst id="IPLSng">465.253333333333</dst>
            <dst id="KSCYng">507.266666666667</dst>
            <dst id="LOSAng">9680.104</dst>
            <dst id="NYCMng">5398.59733333333</dst>
            <dst id="SNVAng">0</dst>
            <dst id="STTLng">2882.26666666667</dst>
            <dst id="WASHng">5200.37866666667</dst>
        </src>
        <src id="IPLSng">
            <dst id="ATLA-M5">2959.51733333333</dst>
            <dst id="ATLAng">9301.576</dst>
            <dst id="CHINng">55231.2213333333</dst>
            <dst id="DNVRng">6864.07466666667</dst>
            <dst id="HSTNng">605.024</dst>
            <dst id="IPLSng">19395.1413333333</dst>
            <dst id="KSCYng">4921.37866666667</dst>
            <dst id="LOSAng">4636.10666666667</dst>
            <dst id="NYCMng">11623.6506666667</dst>
            <dst id="SNVAng">12690.896</dst>
            <dst id="STTLng">14839.8506666667</dst>
            <dst id="WASHng">6214.84533333333</dst>
        </src>
        <src id="KSCYng">
            <dst id="ATLA-M5">0</dst>
            <dst id="ATLAng">2722.08533333333</dst>
            <dst id="CHINng">21675.3306666667</dst>
            <dst id="DNVRng">4515.92</dst>
            <dst id="HSTNng">3946.16</dst>
            <dst id="IPLSng">10584.9013333333</dst>
            <dst id="KSCYng">11419.9973333333</dst>
            <dst id="LOSAng">2082.712</dst>
            <dst id="NYCMng">3566.29066666667</dst>
            <dst id="SNVAng">5115.568</dst>
            <dst id="STTLng">1116.62933333333</dst>
            <dst id="WASHng">6001.46933333333</dst>
        </src>
        <src id="LOSAng">
            <dst id="ATLA-M5">0</dst>
            <dst id="ATLAng">20898.088</dst>
            <dst id="CHINng">108982.944</dst>
            <dst id="DNVRng">5028.608</dst>
            <dst id="HSTNng">2460.67733333333</dst>
            <dst id="IPLSng">7903.04533333333</dst>
            <dst id="KSCYng">1515.816</dst>
            <dst id="LOSAng">25428.544</dst>
            <dst id="NYCMng">23835.6826666667</dst>
            <dst id="SNVAng">24329.488</dst>
            <dst id="STTLng">23340.3066666667</dst>
            <dst id="WASHng">70870.216</dst>
        </src>
        <src id="NYCMng">
            <dst id="ATLA-M5">80</dst>
            <dst id="ATLAng">7668.56533333333</dst>
            <dst id="CHINng">28964.2986666667</dst>
            <dst id="DNVRng">21472.144</dst>
            <dst id="HSTNng">6053.82933333333</dst>
            <dst id="IPLSng">5186.65066666667</dst>
            <dst id="KSCYng">7170.25333333333</dst>
            <dst id="LOSAng">8906.03733333333</dst>
            <dst id="NYCMng">72534.0373333333</dst>
            <dst id="SNVAng">47058.8106666667</dst>
            <dst id="STTLng">18545.4346666667</dst>
            <dst id="WASHng">30949.8826666667</dst>
        </src>
        <src id="SNVAng">
            <dst id="ATLA-M5">0</dst>
            <dst id="ATLAng">80</dst>
            <dst id="CHINng">54.944</dst>
            <dst id="DNVRng">4419.98933333333</dst>
            <dst id="HSTNng">0</dst>
            <dst id="IPLSng">276.568</dst>
            <dst id="KSCYng">0</dst>
            <dst id="LOSAng">2348.03466666667</dst>
            <dst id="NYCMng">26.6666666666667</dst>
            <dst id="SNVAng">33078.3493333333</dst>
            <dst id="STTLng">30930.7253333333</dst>
            <dst id="WASHng">146.197333333333</dst>
        </src>
        <src id="STTLng">
            <dst id="ATLA-M5">144.184</dst>
            <dst id="ATLAng">4874.072</dst>
            <dst id="CHINng">18096.0213333333</dst>
            <dst id="DNVRng">3554.12</dst>
            <dst id="HSTNng">1635.14666666667</dst>
            <dst id="IPLSng">12058.6186666667</dst>
            <dst id="KSCYng">909.781333333333</dst>
            <dst id="LOSAng">4216.62666666667</dst>
            <dst id="NYCMng">4206.88533333333</dst>
            <dst id="SNVAng">18834.176</dst>
            <dst id="STTLng">1959.54933333333</dst>
            <dst id="WASHng">10038.936</dst>
        </src>
        <src id="WASHng">
            <dst id="ATLA-M5">26.6666666666667</dst>
            <dst id="ATLAng">78668.2293333334</dst>
            <dst id="CHINng">66884.656</dst>
            <dst id="DNVRng">27954.416</dst>
            <dst id="HSTNng">35094.0266666667</dst>
            <dst id="IPLSng">19138.08</dst>
            <dst id="KSCYng">30786.896</dst>
            <dst id="LOSAng">77036.7813333333</dst>
            <dst id="NYCMng">112846.434666667</dst>
            <dst id="SNVAng">31875.384</dst>
            <dst id="STTLng">20632.664</dst>
            <dst id="WASHng">261643.885333333</dst>
        </src>
    </IntraTM>
</TrafficMatrixFile>
