<?xml version="1.0" encoding="ISO-8859-1" standalone="yes"?>
<TrafficMatrixFile xsi:noNamespaceSchemaLocation="http://totem.run.montefiore.ulg.ac.be/Schema/TrafficMatrix-v1_2.xsd" xmlns:xsi="http://www.w3.org/2001/XMLSchema-instance">
    <IntraTM ASID="11537">
        <src id="ATLA-M5">
            <dst id="ATLA-M5">97.6693333333333</dst>
            <dst id="ATLAng">26.6666666666667</dst>
            <dst id="CHINng">426.608</dst>
            <dst id="DNVRng">0</dst>
            <dst id="HSTNng">26.6666666666667</dst>
            <dst id="IPLSng">0</dst>
            <dst id="KSCYng">0</dst>
            <dst id="LOSAng">48.1066666666667</dst>
            <dst id="NYCMng">144.64</dst>
            <dst id="SNVAng">26.6666666666667</dst>
            <dst id="STTLng">102.773333333333</dst>
            <dst id="WASHng">156.533333333333</dst>
        </src>
        <src id="ATLAng">
            <dst id="ATLA-M5">126.741333333333</dst>
            <dst id="ATLAng">34529.8853333333</dst>
            <dst id="CHINng">5977.14666666667</dst>
            <dst id="DNVRng">7213.82666666667</dst>
            <dst id="HSTNng">21634.4826666667</dst>
            <dst id="IPLSng">13012.2026666667</dst>
            <dst id="KSCYng">438.410666666667</dst>
            <dst id="LOSAng">14115.8013333333</dst>
            <dst id="NYCMng">2743.576</dst>
            <dst id="SNVAng">47.196</dst>
            <dst id="STTLng">466.376</dst>
            <dst id="WASHng">29291.4613333333</dst>
        </src>
        <src id="CHINng">
            <dst id="ATLA-M5">235.896</dst>
            <dst id="ATLAng">14135.6586666667</dst>
            <dst id="CHINng">81488.8</dst>
            <dst id="DNVRng">4478.33333333333</dst>
            <dst id="HSTNng">7130.92</dst>
            <dst id="IPLSng">26783.1573333333</dst>
            <dst id="KSCYng">6094.352</dst>
            <dst id="LOSAng">25857.2293333333</dst>
            <dst id="NYCMng">24834.0693333333</dst>
            <dst id="SNVAng">161.144</dst>
            <dst id="STTLng">6225.52</dst>
            <dst id="WASHng">39087.4853333333</dst>
        </src>
        <src id="DNVRng">
            <dst id="ATLA-M5">422.096</dst>
            <dst id="ATLAng">5000.27466666667</dst>
            <dst id="CHINng">40181.7466666667</dst>
            <dst id="DNVRng">11026.848</dst>
            <dst id="HSTNng">22994.3146666667</dst>
            <dst id="IPLSng">43530.1253333333</dst>
            <dst id="KSCYng">15450.1786666667</dst>
            <dst id="LOSAng">7693.43466666667</dst>
            <dst id="NYCMng">12872.7413333333</dst>
            <dst id="SNVAng">7351.024</dst>
            <dst id="STTLng">6911.024</dst>
            <dst id="WASHng">37235.216</dst>
        </src>
        <src id="HSTNng">
            <dst id="ATLA-M5">376.522666666667</dst>
            <dst id="ATLAng">1844.44533333333</dst>
            <dst id="CHINng">6223.14666666667</dst>
            <dst id="DNVRng">1935.58933333333</dst>
            <dst id="HSTNng">16239.3066666667</dst>
            <dst id="IPLSng">969.522666666667</dst>
            <dst id="KSCYng">2007.264</dst>
            <dst id="LOSAng">3083.44</dst>
            <dst id="NYCMng">5696.63466666667</dst>
            <dst id="SNVAng">26.6666666666667</dst>
            <dst id="STTLng">812.288</dst>
            <dst id="WASHng">12175.32</dst>
        </src>
        <src id="IPLSng">
            <dst id="ATLA-M5">53.3333333333333</dst>
            <dst id="ATLAng">11254.7013333333</dst>
            <dst id="CHINng">44454.1653333333</dst>
            <dst id="DNVRng">14364.024</dst>
            <dst id="HSTNng">655.24</dst>
            <dst id="IPLSng">22423.1493333333</dst>
            <dst id="KSCYng">2234.55733333333</dst>
            <dst id="LOSAng">9621.296</dst>
            <dst id="NYCMng">7560.808</dst>
            <dst id="SNVAng">461.506666666667</dst>
            <dst id="STTLng">6682.32</dst>
            <dst id="WASHng">18958.3546666667</dst>
        </src>
        <src id="KSCYng">
            <dst id="ATLA-M5">0</dst>
            <dst id="ATLAng">3284.39733333333</dst>
            <dst id="CHINng">14602.104</dst>
            <dst id="DNVRng">5517.47466666667</dst>
            <dst id="HSTNng">6129.136</dst>
            <dst id="IPLSng">16713.568</dst>
            <dst id="KSCYng">14994.0106666667</dst>
            <dst id="LOSAng">5982.928</dst>
            <dst id="NYCMng">990.021333333333</dst>
            <dst id="SNVAng">2588.20533333333</dst>
            <dst id="STTLng">354.477333333333</dst>
            <dst id="WASHng">9398.176</dst>
        </src>
        <src id="LOSAng">
            <dst id="ATLA-M5">80</dst>
            <dst id="ATLAng">14537.712</dst>
            <dst id="CHINng">47847.016</dst>
            <dst id="DNVRng">9916.608</dst>
            <dst id="HSTNng">3518.67466666667</dst>
            <dst id="IPLSng">11952.304</dst>
            <dst id="KSCYng">3350.30133333333</dst>
            <dst id="LOSAng">11346.88</dst>
            <dst id="NYCMng">20629.3333333333</dst>
            <dst id="SNVAng">23119.8266666667</dst>
            <dst id="STTLng">21209.3573333333</dst>
            <dst id="WASHng">91982.96</dst>
        </src>
        <src id="NYCMng">
            <dst id="ATLA-M5">1507.648</dst>
            <dst id="ATLAng">14209.1066666667</dst>
            <dst id="CHINng">21818.4666666667</dst>
            <dst id="DNVRng">22358.488</dst>
            <dst id="HSTNng">8623.26933333333</dst>
            <dst id="IPLSng">9288.696</dst>
            <dst id="KSCYng">4789.87733333333</dst>
            <dst id="LOSAng">57953.2133333333</dst>
            <dst id="NYCMng">93421.9786666667</dst>
            <dst id="SNVAng">583.306666666667</dst>
            <dst id="STTLng">20716.792</dst>
            <dst id="WASHng">42078.52</dst>
        </src>
        <src id="SNVAng">
            <dst id="ATLA-M5">0</dst>
            <dst id="ATLAng">600.394666666667</dst>
            <dst id="CHINng">26.6666666666667</dst>
            <dst id="DNVRng">1507.69066666667</dst>
            <dst id="HSTNng">53.3333333333333</dst>
            <dst id="IPLSng">9432.23733333333</dst>
            <dst id="KSCYng">0</dst>
            <dst id="LOSAng">31071.1493333333</dst>
            <dst id="NYCMng">177.581333333333</dst>
            <dst id="SNVAng">8428.68266666667</dst>
            <dst id="STTLng">39091.144</dst>
            <dst id="WASHng">0</dst>
        </src>
        <src id="STTLng">
            <dst id="ATLA-M5">227.12</dst>
            <dst id="ATLAng">6147.70133333333</dst>
            <dst id="CHINng">15578.0213333333</dst>
            <dst id="DNVRng">1927.2</dst>
            <dst id="HSTNng">665.378666666667</dst>
            <dst id="IPLSng">4024.74933333333</dst>
            <dst id="KSCYng">1657.008</dst>
            <dst id="LOSAng">8865.45333333333</dst>
            <dst id="NYCMng">19726.3946666667</dst>
            <dst id="SNVAng">9605.90933333333</dst>
            <dst id="STTLng">2053.28266666667</dst>
            <dst id="WASHng">10111.3333333333</dst>
        </src>
        <src id="WASHng">
            <dst id="ATLA-M5">6397.056</dst>
            <dst id="ATLAng">77843.032</dst>
            <dst id="CHINng">61620.464</dst>
            <dst id="DNVRng">56521.2586666667</dst>
            <dst id="HSTNng">17084.3226666667</dst>
            <dst id="IPLSng">51712.0746666667</dst>
            <dst id="KSCYng">24262.5093333333</dst>
            <dst id="LOSAng">107203.208</dst>
            <dst id="NYCMng">191124.861333333</dst>
            <dst id="SNVAng">1284.072</dst>
            <dst id="STTLng">16577.1866666667</dst>
            <dst id="WASHng">301225.573333333</dst>
        </src>
    </IntraTM>
</TrafficMatrixFile>
