<?xml version="1.0" encoding="ISO-8859-1" standalone="yes"?>
<TrafficMatrixFile xsi:noNamespaceSchemaLocation="http://totem.run.montefiore.ulg.ac.be/Schema/TrafficMatrix-v1_2.xsd" xmlns:xsi="http://www.w3.org/2001/XMLSchema-instance">
    <IntraTM ASID="11537">
        <src id="ATLA-M5">
            <dst id="ATLA-M5">110.965333333333</dst>
            <dst id="ATLAng">26.6666666666667</dst>
            <dst id="CHINng">162.637333333333</dst>
            <dst id="DNVRng">0</dst>
            <dst id="HSTNng">51.1173333333333</dst>
            <dst id="IPLSng">35.6266666666667</dst>
            <dst id="KSCYng">0</dst>
            <dst id="LOSAng">26.6666666666667</dst>
            <dst id="NYCMng">0</dst>
            <dst id="SNVAng">0</dst>
            <dst id="STTLng">349.261333333333</dst>
            <dst id="WASHng">295.218666666667</dst>
        </src>
        <src id="ATLAng">
            <dst id="ATLA-M5">323.053333333333</dst>
            <dst id="ATLAng">26626.328</dst>
            <dst id="CHINng">11730.744</dst>
            <dst id="DNVRng">3066.77333333333</dst>
            <dst id="HSTNng">9674.30933333333</dst>
            <dst id="IPLSng">10103.6106666667</dst>
            <dst id="KSCYng">4796.624</dst>
            <dst id="LOSAng">13059.8786666667</dst>
            <dst id="NYCMng">2005.47466666667</dst>
            <dst id="SNVAng">9296.396</dst>
            <dst id="STTLng">2573.272</dst>
            <dst id="WASHng">39184.8346666667</dst>
        </src>
        <src id="CHINng">
            <dst id="ATLA-M5">115.690666666667</dst>
            <dst id="ATLAng">14593.2373333333</dst>
            <dst id="CHINng">89247.392</dst>
            <dst id="DNVRng">10074.2053333333</dst>
            <dst id="HSTNng">5042.58133333333</dst>
            <dst id="IPLSng">7277.59733333333</dst>
            <dst id="KSCYng">6989.808</dst>
            <dst id="LOSAng">7764.21066666667</dst>
            <dst id="NYCMng">7429.616</dst>
            <dst id="SNVAng">22745.4506666667</dst>
            <dst id="STTLng">7988.792</dst>
            <dst id="WASHng">5343.464</dst>
        </src>
        <src id="DNVRng">
            <dst id="ATLA-M5">74.976</dst>
            <dst id="ATLAng">2593.59733333333</dst>
            <dst id="CHINng">41654.9706666667</dst>
            <dst id="DNVRng">4685.048</dst>
            <dst id="HSTNng">18467.4053333333</dst>
            <dst id="IPLSng">25248.52</dst>
            <dst id="KSCYng">11495.824</dst>
            <dst id="LOSAng">5263.62933333333</dst>
            <dst id="NYCMng">16872.0346666667</dst>
            <dst id="SNVAng">17373.1253333333</dst>
            <dst id="STTLng">6154.71466666667</dst>
            <dst id="WASHng">41528.2906666667</dst>
        </src>
        <src id="HSTNng">
            <dst id="ATLA-M5">1860.456</dst>
            <dst id="ATLAng">1112.632</dst>
            <dst id="CHINng">13220.9013333333</dst>
            <dst id="DNVRng">739.090666666667</dst>
            <dst id="HSTNng">4486.66133333333</dst>
            <dst id="IPLSng">1575.176</dst>
            <dst id="KSCYng">896.584</dst>
            <dst id="LOSAng">4540.22933333333</dst>
            <dst id="NYCMng">2230.83733333333</dst>
            <dst id="SNVAng">345.866666666667</dst>
            <dst id="STTLng">933.432</dst>
            <dst id="WASHng">2105.50666666667</dst>
        </src>
        <src id="IPLSng">
            <dst id="ATLA-M5">2777.31733333333</dst>
            <dst id="ATLAng">4381.328</dst>
            <dst id="CHINng">45676.3546666667</dst>
            <dst id="DNVRng">9110.49866666667</dst>
            <dst id="HSTNng">352.818666666667</dst>
            <dst id="IPLSng">11699.1893333333</dst>
            <dst id="KSCYng">2935.792</dst>
            <dst id="LOSAng">5299.67466666667</dst>
            <dst id="NYCMng">6012.65866666667</dst>
            <dst id="SNVAng">13032.3146666667</dst>
            <dst id="STTLng">12359.3786666667</dst>
            <dst id="WASHng">7876.93866666667</dst>
        </src>
        <src id="KSCYng">
            <dst id="ATLA-M5">0</dst>
            <dst id="ATLAng">2497.24266666667</dst>
            <dst id="CHINng">10015.8613333333</dst>
            <dst id="DNVRng">4131.30933333333</dst>
            <dst id="HSTNng">2788.336</dst>
            <dst id="IPLSng">12592.5226666667</dst>
            <dst id="KSCYng">5405.024</dst>
            <dst id="LOSAng">2872.06666666667</dst>
            <dst id="NYCMng">1534.12533333333</dst>
            <dst id="SNVAng">5155.968</dst>
            <dst id="STTLng">691.069333333333</dst>
            <dst id="WASHng">5885.88266666667</dst>
        </src>
        <src id="LOSAng">
            <dst id="ATLA-M5">0</dst>
            <dst id="ATLAng">14112.6826666667</dst>
            <dst id="CHINng">87699.2426666667</dst>
            <dst id="DNVRng">7614.12</dst>
            <dst id="HSTNng">2791.736</dst>
            <dst id="IPLSng">8818.96</dst>
            <dst id="KSCYng">4242.056</dst>
            <dst id="LOSAng">26556.3626666667</dst>
            <dst id="NYCMng">25407.0666666667</dst>
            <dst id="SNVAng">21208.832</dst>
            <dst id="STTLng">23227.1413333333</dst>
            <dst id="WASHng">77487.104</dst>
        </src>
        <src id="NYCMng">
            <dst id="ATLA-M5">28.4693333333333</dst>
            <dst id="ATLAng">5757.44266666667</dst>
            <dst id="CHINng">26913.4186666667</dst>
            <dst id="DNVRng">23064.5466666667</dst>
            <dst id="HSTNng">2612.39466666667</dst>
            <dst id="IPLSng">6414.56</dst>
            <dst id="KSCYng">2639.224</dst>
            <dst id="LOSAng">7985.93866666667</dst>
            <dst id="NYCMng">112585.109333333</dst>
            <dst id="SNVAng">46632.096</dst>
            <dst id="STTLng">24318.104</dst>
            <dst id="WASHng">60045.744</dst>
        </src>
        <src id="SNVAng">
            <dst id="ATLA-M5">0</dst>
            <dst id="ATLAng">0</dst>
            <dst id="CHINng">0</dst>
            <dst id="DNVRng">17451.7386666667</dst>
            <dst id="HSTNng">0</dst>
            <dst id="IPLSng">209.898666666667</dst>
            <dst id="KSCYng">0</dst>
            <dst id="LOSAng">2795.41066666667</dst>
            <dst id="NYCMng">0</dst>
            <dst id="SNVAng">31131.9626666667</dst>
            <dst id="STTLng">34083.2693333333</dst>
            <dst id="WASHng">26.6666666666667</dst>
        </src>
        <src id="STTLng">
            <dst id="ATLA-M5">0</dst>
            <dst id="ATLAng">4577.34933333333</dst>
            <dst id="CHINng">18199.0026666667</dst>
            <dst id="DNVRng">3259.944</dst>
            <dst id="HSTNng">1890.76266666667</dst>
            <dst id="IPLSng">11368.5173333333</dst>
            <dst id="KSCYng">2009.86133333333</dst>
            <dst id="LOSAng">5650.616</dst>
            <dst id="NYCMng">11732.5466666667</dst>
            <dst id="SNVAng">20063.4586666667</dst>
            <dst id="STTLng">2014.05866666667</dst>
            <dst id="WASHng">5406.90933333333</dst>
        </src>
        <src id="WASHng">
            <dst id="ATLA-M5">408.810666666667</dst>
            <dst id="ATLAng">63143.296</dst>
            <dst id="CHINng">90359.0133333334</dst>
            <dst id="DNVRng">24956.3653333333</dst>
            <dst id="HSTNng">27202.7786666667</dst>
            <dst id="IPLSng">42373.904</dst>
            <dst id="KSCYng">35677.2053333333</dst>
            <dst id="LOSAng">79353.032</dst>
            <dst id="NYCMng">107325.274666667</dst>
            <dst id="SNVAng">56822.5013333333</dst>
            <dst id="STTLng">31810.7973333333</dst>
            <dst id="WASHng">195757.098666667</dst>
        </src>
    </IntraTM>
</TrafficMatrixFile>
