<?xml version="1.0" encoding="ISO-8859-1" standalone="yes"?>
<TrafficMatrixFile xsi:noNamespaceSchemaLocation="http://totem.run.montefiore.ulg.ac.be/Schema/TrafficMatrix-v1_2.xsd" xmlns:xsi="http://www.w3.org/2001/XMLSchema-instance">
    <IntraTM ASID="11537">
        <src id="ATLA-M5">
            <dst id="ATLA-M5">0</dst>
            <dst id="ATLAng">26.6666666666667</dst>
            <dst id="CHINng">194.216</dst>
            <dst id="DNVRng">0</dst>
            <dst id="HSTNng">88.272</dst>
            <dst id="IPLSng">0</dst>
            <dst id="KSCYng">0</dst>
            <dst id="LOSAng">26.6666666666667</dst>
            <dst id="NYCMng">0</dst>
            <dst id="SNVAng">0</dst>
            <dst id="STTLng">94.3093333333333</dst>
            <dst id="WASHng">80</dst>
        </src>
        <src id="ATLAng">
            <dst id="ATLA-M5">37.12</dst>
            <dst id="ATLAng">24411.3093333333</dst>
            <dst id="CHINng">4286.14666666667</dst>
            <dst id="DNVRng">3289.24266666667</dst>
            <dst id="HSTNng">16710.8213333333</dst>
            <dst id="IPLSng">13725.4293333333</dst>
            <dst id="KSCYng">3030.864</dst>
            <dst id="LOSAng">15648.616</dst>
            <dst id="NYCMng">4468.33333333333</dst>
            <dst id="SNVAng">82.7573333333333</dst>
            <dst id="STTLng">3605.14666666667</dst>
            <dst id="WASHng">23166.9093333333</dst>
        </src>
        <src id="CHINng">
            <dst id="ATLA-M5">138.04</dst>
            <dst id="ATLAng">9373.81066666667</dst>
            <dst id="CHINng">75730.52</dst>
            <dst id="DNVRng">9724.936</dst>
            <dst id="HSTNng">9111.89866666667</dst>
            <dst id="IPLSng">32045.6426666667</dst>
            <dst id="KSCYng">8377.25866666666</dst>
            <dst id="LOSAng">33686.6586666667</dst>
            <dst id="NYCMng">24489.904</dst>
            <dst id="SNVAng">935.48</dst>
            <dst id="STTLng">10744.776</dst>
            <dst id="WASHng">8411.42933333333</dst>
        </src>
        <src id="DNVRng">
            <dst id="ATLA-M5">70.88</dst>
            <dst id="ATLAng">5895.91466666667</dst>
            <dst id="CHINng">36626.912</dst>
            <dst id="DNVRng">10448.6773333333</dst>
            <dst id="HSTNng">23515.5146666667</dst>
            <dst id="IPLSng">24768.5573333333</dst>
            <dst id="KSCYng">17601.848</dst>
            <dst id="LOSAng">8272.464</dst>
            <dst id="NYCMng">13718.9573333333</dst>
            <dst id="SNVAng">7511.09333333334</dst>
            <dst id="STTLng">3883.008</dst>
            <dst id="WASHng">41008.6853333333</dst>
        </src>
        <src id="HSTNng">
            <dst id="ATLA-M5">1750.304</dst>
            <dst id="ATLAng">2209.56</dst>
            <dst id="CHINng">11758.7813333333</dst>
            <dst id="DNVRng">6425.752</dst>
            <dst id="HSTNng">18508.552</dst>
            <dst id="IPLSng">4883.024</dst>
            <dst id="KSCYng">863.872</dst>
            <dst id="LOSAng">1586.73866666667</dst>
            <dst id="NYCMng">1635.32</dst>
            <dst id="SNVAng">53.3333333333333</dst>
            <dst id="STTLng">806.925333333333</dst>
            <dst id="WASHng">5713.976</dst>
        </src>
        <src id="IPLSng">
            <dst id="ATLA-M5">0</dst>
            <dst id="ATLAng">10424.384</dst>
            <dst id="CHINng">40647.0426666667</dst>
            <dst id="DNVRng">6780.68533333333</dst>
            <dst id="HSTNng">4721.75466666667</dst>
            <dst id="IPLSng">19546.8053333333</dst>
            <dst id="KSCYng">2847.70933333333</dst>
            <dst id="LOSAng">18644.9866666667</dst>
            <dst id="NYCMng">6962.35466666667</dst>
            <dst id="SNVAng">289.6</dst>
            <dst id="STTLng">7155</dst>
            <dst id="WASHng">12654.9226666667</dst>
        </src>
        <src id="KSCYng">
            <dst id="ATLA-M5">26.6666666666667</dst>
            <dst id="ATLAng">8921.25066666667</dst>
            <dst id="CHINng">10128.9626666667</dst>
            <dst id="DNVRng">4099.88</dst>
            <dst id="HSTNng">2476.328</dst>
            <dst id="IPLSng">19071.816</dst>
            <dst id="KSCYng">11632.7573333333</dst>
            <dst id="LOSAng">3166.79733333333</dst>
            <dst id="NYCMng">2145.55733333333</dst>
            <dst id="SNVAng">1895.92</dst>
            <dst id="STTLng">620.677333333333</dst>
            <dst id="WASHng">18658.352</dst>
        </src>
        <src id="LOSAng">
            <dst id="ATLA-M5">823.424</dst>
            <dst id="ATLAng">39684.432</dst>
            <dst id="CHINng">52570.4346666667</dst>
            <dst id="DNVRng">7532.24</dst>
            <dst id="HSTNng">3626.06933333333</dst>
            <dst id="IPLSng">19348.1573333333</dst>
            <dst id="KSCYng">2753.18666666667</dst>
            <dst id="LOSAng">6922.58133333333</dst>
            <dst id="NYCMng">20007.2533333333</dst>
            <dst id="SNVAng">18681.84</dst>
            <dst id="STTLng">18323.664</dst>
            <dst id="WASHng">85948.152</dst>
        </src>
        <src id="NYCMng">
            <dst id="ATLA-M5">344.202666666667</dst>
            <dst id="ATLAng">12168.16</dst>
            <dst id="CHINng">19402.9973333333</dst>
            <dst id="DNVRng">20145.4933333333</dst>
            <dst id="HSTNng">7584.61866666667</dst>
            <dst id="IPLSng">10861.2133333333</dst>
            <dst id="KSCYng">2407.072</dst>
            <dst id="LOSAng">46839.5173333333</dst>
            <dst id="NYCMng">70556.9706666667</dst>
            <dst id="SNVAng">516.602666666667</dst>
            <dst id="STTLng">21861.96</dst>
            <dst id="WASHng">36273.384</dst>
        </src>
        <src id="SNVAng">
            <dst id="ATLA-M5">0</dst>
            <dst id="ATLAng">228</dst>
            <dst id="CHINng">80</dst>
            <dst id="DNVRng">4251.39733333333</dst>
            <dst id="HSTNng">41.984</dst>
            <dst id="IPLSng">224.986666666667</dst>
            <dst id="KSCYng">26.6666666666667</dst>
            <dst id="LOSAng">27749.0986666667</dst>
            <dst id="NYCMng">26.6666666666667</dst>
            <dst id="SNVAng">7016.56533333333</dst>
            <dst id="STTLng">35616.432</dst>
            <dst id="WASHng">65.44</dst>
        </src>
        <src id="STTLng">
            <dst id="ATLA-M5">154.418666666667</dst>
            <dst id="ATLAng">5946.96266666667</dst>
            <dst id="CHINng">12581.152</dst>
            <dst id="DNVRng">1540.72533333333</dst>
            <dst id="HSTNng">3234.52</dst>
            <dst id="IPLSng">4024.552</dst>
            <dst id="KSCYng">987.064</dst>
            <dst id="LOSAng">6404.544</dst>
            <dst id="NYCMng">6413.216</dst>
            <dst id="SNVAng">9976.11733333333</dst>
            <dst id="STTLng">1212.37333333333</dst>
            <dst id="WASHng">4940.43466666667</dst>
        </src>
        <src id="WASHng">
            <dst id="ATLA-M5">513.213333333333</dst>
            <dst id="ATLAng">57655.4533333333</dst>
            <dst id="CHINng">50508.728</dst>
            <dst id="DNVRng">48491.2933333333</dst>
            <dst id="HSTNng">16746.1626666667</dst>
            <dst id="IPLSng">56809.1866666667</dst>
            <dst id="KSCYng">30225.5626666667</dst>
            <dst id="LOSAng">117822.896</dst>
            <dst id="NYCMng">186984.917333333</dst>
            <dst id="SNVAng">817.933333333334</dst>
            <dst id="STTLng">21477.7813333333</dst>
            <dst id="WASHng">220233.789333333</dst>
        </src>
    </IntraTM>
</TrafficMatrixFile>
