<?xml version="1.0" encoding="ISO-8859-1" standalone="yes"?>
<TrafficMatrixFile xsi:noNamespaceSchemaLocation="http://totem.run.montefiore.ulg.ac.be/Schema/TrafficMatrix-v1_2.xsd" xmlns:xsi="http://www.w3.org/2001/XMLSchema-instance">
    <IntraTM ASID="11537">
        <src id="ATLA-M5">
            <dst id="ATLA-M5">54.9333333333333</dst>
            <dst id="ATLAng">316.277333333333</dst>
            <dst id="CHINng">328</dst>
            <dst id="DNVRng">26.6666666666667</dst>
            <dst id="HSTNng">162.117333333333</dst>
            <dst id="IPLSng">26.6666666666667</dst>
            <dst id="KSCYng">41.4506666666667</dst>
            <dst id="LOSAng">79.7306666666667</dst>
            <dst id="NYCMng">167.133333333333</dst>
            <dst id="SNVAng">13.3333333333333</dst>
            <dst id="STTLng">29.112</dst>
            <dst id="WASHng">1043.96533333333</dst>
        </src>
        <src id="ATLAng">
            <dst id="ATLA-M5">181.370666666667</dst>
            <dst id="ATLAng">27395.7733333333</dst>
            <dst id="CHINng">8937.13066666667</dst>
            <dst id="DNVRng">3866.68533333333</dst>
            <dst id="HSTNng">2668.97333333333</dst>
            <dst id="IPLSng">18283.1333333333</dst>
            <dst id="KSCYng">7282.424</dst>
            <dst id="LOSAng">4407.80266666667</dst>
            <dst id="NYCMng">10375.4506666667</dst>
            <dst id="SNVAng">7417.28533333333</dst>
            <dst id="STTLng">1578.37333333333</dst>
            <dst id="WASHng">54692.12</dst>
        </src>
        <src id="CHINng">
            <dst id="ATLA-M5">432.032</dst>
            <dst id="ATLAng">15266.2026666667</dst>
            <dst id="CHINng">106414.933333333</dst>
            <dst id="DNVRng">2058.01066666667</dst>
            <dst id="HSTNng">5203.76</dst>
            <dst id="IPLSng">13604.2373333333</dst>
            <dst id="KSCYng">9045.88266666667</dst>
            <dst id="LOSAng">4892.09866666667</dst>
            <dst id="NYCMng">8864.40266666667</dst>
            <dst id="SNVAng">22217.56</dst>
            <dst id="STTLng">7660.73333333334</dst>
            <dst id="WASHng">20771.528</dst>
        </src>
        <src id="DNVRng">
            <dst id="ATLA-M5">182.826666666667</dst>
            <dst id="ATLAng">7989.05866666667</dst>
            <dst id="CHINng">48164.7786666667</dst>
            <dst id="DNVRng">11483.48</dst>
            <dst id="HSTNng">23121.0453333333</dst>
            <dst id="IPLSng">26588.1013333333</dst>
            <dst id="KSCYng">34186.2453333333</dst>
            <dst id="LOSAng">769.349333333333</dst>
            <dst id="NYCMng">17737.2373333333</dst>
            <dst id="SNVAng">24711.136</dst>
            <dst id="STTLng">7520.78666666667</dst>
            <dst id="WASHng">55087.728</dst>
        </src>
        <src id="HSTNng">
            <dst id="ATLA-M5">4166.104</dst>
            <dst id="ATLAng">16582.84</dst>
            <dst id="CHINng">13273.0586666667</dst>
            <dst id="DNVRng">2566.24533333333</dst>
            <dst id="HSTNng">18023.1093333333</dst>
            <dst id="IPLSng">12655.3706666667</dst>
            <dst id="KSCYng">992.44</dst>
            <dst id="LOSAng">1221.48</dst>
            <dst id="NYCMng">3955.37333333333</dst>
            <dst id="SNVAng">123.930666666667</dst>
            <dst id="STTLng">763.264</dst>
            <dst id="WASHng">4024.72266666667</dst>
        </src>
        <src id="IPLSng">
            <dst id="ATLA-M5">26.6666666666667</dst>
            <dst id="ATLAng">6498.296</dst>
            <dst id="CHINng">61170.8906666667</dst>
            <dst id="DNVRng">7382.26666666667</dst>
            <dst id="HSTNng">1349.10133333333</dst>
            <dst id="IPLSng">19430.6426666667</dst>
            <dst id="KSCYng">3397.47733333333</dst>
            <dst id="LOSAng">611.768</dst>
            <dst id="NYCMng">14360.12</dst>
            <dst id="SNVAng">6387.53066666667</dst>
            <dst id="STTLng">3187.232</dst>
            <dst id="WASHng">18752.12</dst>
        </src>
        <src id="KSCYng">
            <dst id="ATLA-M5">26.6666666666667</dst>
            <dst id="ATLAng">5095.48</dst>
            <dst id="CHINng">14029.6746666667</dst>
            <dst id="DNVRng">4145.05066666667</dst>
            <dst id="HSTNng">4354.976</dst>
            <dst id="IPLSng">13382.496</dst>
            <dst id="KSCYng">15175.7866666667</dst>
            <dst id="LOSAng">1152.98666666667</dst>
            <dst id="NYCMng">1232.18666666667</dst>
            <dst id="SNVAng">4823.50666666667</dst>
            <dst id="STTLng">681.050666666667</dst>
            <dst id="WASHng">7258.81333333333</dst>
        </src>
        <src id="LOSAng">
            <dst id="ATLA-M5">53.3333333333333</dst>
            <dst id="ATLAng">15720.0293333333</dst>
            <dst id="CHINng">106955.093333333</dst>
            <dst id="DNVRng">7797.472</dst>
            <dst id="HSTNng">7128.26666666667</dst>
            <dst id="IPLSng">21802.432</dst>
            <dst id="KSCYng">1626.128</dst>
            <dst id="LOSAng">14096.3386666667</dst>
            <dst id="NYCMng">38002.9546666667</dst>
            <dst id="SNVAng">22310.232</dst>
            <dst id="STTLng">21494.1253333333</dst>
            <dst id="WASHng">81493.72</dst>
        </src>
        <src id="NYCMng">
            <dst id="ATLA-M5">731.042666666667</dst>
            <dst id="ATLAng">26432.4293333333</dst>
            <dst id="CHINng">45251.3706666667</dst>
            <dst id="DNVRng">22198.1546666667</dst>
            <dst id="HSTNng">4163.19733333333</dst>
            <dst id="IPLSng">22942.1013333333</dst>
            <dst id="KSCYng">3520.81866666667</dst>
            <dst id="LOSAng">7208.92266666667</dst>
            <dst id="NYCMng">138841.021333333</dst>
            <dst id="SNVAng">41124.6906666667</dst>
            <dst id="STTLng">17873.1413333333</dst>
            <dst id="WASHng">67069.5626666667</dst>
        </src>
        <src id="SNVAng">
            <dst id="ATLA-M5">0</dst>
            <dst id="ATLAng">34.848</dst>
            <dst id="CHINng">106.666666666667</dst>
            <dst id="DNVRng">16451.8853333333</dst>
            <dst id="HSTNng">80.9333333333333</dst>
            <dst id="IPLSng">680.898666666667</dst>
            <dst id="KSCYng">0</dst>
            <dst id="LOSAng">503.68</dst>
            <dst id="NYCMng">53.3333333333333</dst>
            <dst id="SNVAng">42628.0426666667</dst>
            <dst id="STTLng">48054.8586666667</dst>
            <dst id="WASHng">80</dst>
        </src>
        <src id="STTLng">
            <dst id="ATLA-M5">119.506666666667</dst>
            <dst id="ATLAng">8860.12266666667</dst>
            <dst id="CHINng">26875.152</dst>
            <dst id="DNVRng">5194.64266666667</dst>
            <dst id="HSTNng">2096.57866666667</dst>
            <dst id="IPLSng">12548.9173333333</dst>
            <dst id="KSCYng">2591.30133333333</dst>
            <dst id="LOSAng">2752.152</dst>
            <dst id="NYCMng">18874.8373333333</dst>
            <dst id="SNVAng">13955.544</dst>
            <dst id="STTLng">2578.94666666667</dst>
            <dst id="WASHng">43665.5173333333</dst>
        </src>
        <src id="WASHng">
            <dst id="ATLA-M5">129.264</dst>
            <dst id="ATLAng">132091.650666667</dst>
            <dst id="CHINng">80321.6346666667</dst>
            <dst id="DNVRng">30382.272</dst>
            <dst id="HSTNng">18947.448</dst>
            <dst id="IPLSng">35049.4826666667</dst>
            <dst id="KSCYng">57330.2986666667</dst>
            <dst id="LOSAng">62525.256</dst>
            <dst id="NYCMng">139227.288</dst>
            <dst id="SNVAng">30201.48</dst>
            <dst id="STTLng">21711.7466666667</dst>
            <dst id="WASHng">370284.08</dst>
        </src>
    </IntraTM>
</TrafficMatrixFile>
