<?xml version="1.0" encoding="ISO-8859-1" standalone="yes"?>
<TrafficMatrixFile xsi:noNamespaceSchemaLocation="http://totem.run.montefiore.ulg.ac.be/Schema/TrafficMatrix-v1_2.xsd" xmlns:xsi="http://www.w3.org/2001/XMLSchema-instance">
    <IntraTM ASID="11537">
        <src id="ATLA-M5">
            <dst id="ATLA-M5">26.6666666666667</dst>
            <dst id="ATLAng">0</dst>
            <dst id="CHINng">81.44</dst>
            <dst id="DNVRng">0</dst>
            <dst id="HSTNng">36.4</dst>
            <dst id="IPLSng">0</dst>
            <dst id="KSCYng">0</dst>
            <dst id="LOSAng">13.3333333333333</dst>
            <dst id="NYCMng">81.9733333333333</dst>
            <dst id="SNVAng">40</dst>
            <dst id="STTLng">51.5413333333333</dst>
            <dst id="WASHng">190.178666666667</dst>
        </src>
        <src id="ATLAng">
            <dst id="ATLA-M5">259.005333333333</dst>
            <dst id="ATLAng">25319.48</dst>
            <dst id="CHINng">4777.28533333333</dst>
            <dst id="DNVRng">2323.06666666667</dst>
            <dst id="HSTNng">555.562666666667</dst>
            <dst id="IPLSng">15848.6613333333</dst>
            <dst id="KSCYng">1061.664</dst>
            <dst id="LOSAng">8898.41066666666</dst>
            <dst id="NYCMng">1642.77066666667</dst>
            <dst id="SNVAng">13.3333333333333</dst>
            <dst id="STTLng">2631.15466666667</dst>
            <dst id="WASHng">28295.3466666667</dst>
        </src>
        <src id="CHINng">
            <dst id="ATLA-M5">0</dst>
            <dst id="ATLAng">5255.42666666667</dst>
            <dst id="CHINng">30656.584</dst>
            <dst id="DNVRng">7544.08533333333</dst>
            <dst id="HSTNng">15802.5333333333</dst>
            <dst id="IPLSng">3778.93333333333</dst>
            <dst id="KSCYng">8233.112</dst>
            <dst id="LOSAng">8727.81066666667</dst>
            <dst id="NYCMng">21311.6106666667</dst>
            <dst id="SNVAng">53.3333333333333</dst>
            <dst id="STTLng">7087.71733333333</dst>
            <dst id="WASHng">14512.224</dst>
        </src>
        <src id="DNVRng">
            <dst id="ATLA-M5">94.0586666666667</dst>
            <dst id="ATLAng">4474.57066666667</dst>
            <dst id="CHINng">31235.6986666667</dst>
            <dst id="DNVRng">7960.22133333333</dst>
            <dst id="HSTNng">22799.8666666667</dst>
            <dst id="IPLSng">31098.4053333333</dst>
            <dst id="KSCYng">19951.928</dst>
            <dst id="LOSAng">2881.08533333333</dst>
            <dst id="NYCMng">14400.8586666667</dst>
            <dst id="SNVAng">5484.32</dst>
            <dst id="STTLng">15867.7333333333</dst>
            <dst id="WASHng">53382.3706666667</dst>
        </src>
        <src id="HSTNng">
            <dst id="ATLA-M5">1425.44266666667</dst>
            <dst id="ATLAng">1940.88533333333</dst>
            <dst id="CHINng">7707.29333333333</dst>
            <dst id="DNVRng">3916.12266666667</dst>
            <dst id="HSTNng">13623.968</dst>
            <dst id="IPLSng">739.546666666667</dst>
            <dst id="KSCYng">2239.37866666667</dst>
            <dst id="LOSAng">1220.01333333333</dst>
            <dst id="NYCMng">1272.84266666667</dst>
            <dst id="SNVAng">26.6666666666667</dst>
            <dst id="STTLng">533.634666666667</dst>
            <dst id="WASHng">1547.58666666667</dst>
        </src>
        <src id="IPLSng">
            <dst id="ATLA-M5">0</dst>
            <dst id="ATLAng">18164.6506666667</dst>
            <dst id="CHINng">18162.352</dst>
            <dst id="DNVRng">8675.088</dst>
            <dst id="HSTNng">724.92</dst>
            <dst id="IPLSng">4663.37333333333</dst>
            <dst id="KSCYng">2436.02666666667</dst>
            <dst id="LOSAng">11422.9733333333</dst>
            <dst id="NYCMng">8965.18933333334</dst>
            <dst id="SNVAng">198.165333333333</dst>
            <dst id="STTLng">6173.17866666667</dst>
            <dst id="WASHng">12167.824</dst>
        </src>
        <src id="KSCYng">
            <dst id="ATLA-M5">26.6666666666667</dst>
            <dst id="ATLAng">3113.35466666667</dst>
            <dst id="CHINng">6171.416</dst>
            <dst id="DNVRng">4800.74666666667</dst>
            <dst id="HSTNng">7813.53066666667</dst>
            <dst id="IPLSng">11142.256</dst>
            <dst id="KSCYng">7448.32533333333</dst>
            <dst id="LOSAng">7628.92266666667</dst>
            <dst id="NYCMng">1012.82933333333</dst>
            <dst id="SNVAng">2690.71466666667</dst>
            <dst id="STTLng">1076.856</dst>
            <dst id="WASHng">10753.264</dst>
        </src>
        <src id="LOSAng">
            <dst id="ATLA-M5">109.650666666667</dst>
            <dst id="ATLAng">15113.4373333333</dst>
            <dst id="CHINng">38623.232</dst>
            <dst id="DNVRng">6099.264</dst>
            <dst id="HSTNng">2835.02133333333</dst>
            <dst id="IPLSng">8979.536</dst>
            <dst id="KSCYng">5018.11733333333</dst>
            <dst id="LOSAng">15667.984</dst>
            <dst id="NYCMng">20721.2186666667</dst>
            <dst id="SNVAng">25802.8933333333</dst>
            <dst id="STTLng">30450.9253333333</dst>
            <dst id="WASHng">80406.8426666667</dst>
        </src>
        <src id="NYCMng">
            <dst id="ATLA-M5">1443.26933333333</dst>
            <dst id="ATLAng">13657.7093333333</dst>
            <dst id="CHINng">27979.528</dst>
            <dst id="DNVRng">27802.8773333333</dst>
            <dst id="HSTNng">9988.56266666667</dst>
            <dst id="IPLSng">22458.304</dst>
            <dst id="KSCYng">8914.28</dst>
            <dst id="LOSAng">70413.7093333333</dst>
            <dst id="NYCMng">56991.0506666667</dst>
            <dst id="SNVAng">717.674666666666</dst>
            <dst id="STTLng">31000.7413333333</dst>
            <dst id="WASHng">40282.304</dst>
        </src>
        <src id="SNVAng">
            <dst id="ATLA-M5">0</dst>
            <dst id="ATLAng">746.381333333333</dst>
            <dst id="CHINng">26.6666666666667</dst>
            <dst id="DNVRng">889.490666666666</dst>
            <dst id="HSTNng">0</dst>
            <dst id="IPLSng">93.6</dst>
            <dst id="KSCYng">80</dst>
            <dst id="LOSAng">35260.6586666667</dst>
            <dst id="NYCMng">0</dst>
            <dst id="SNVAng">8367.432</dst>
            <dst id="STTLng">36689.6426666667</dst>
            <dst id="WASHng">0</dst>
        </src>
        <src id="STTLng">
            <dst id="ATLA-M5">131.437333333333</dst>
            <dst id="ATLAng">7573.528</dst>
            <dst id="CHINng">9721.24533333333</dst>
            <dst id="DNVRng">2236.05066666667</dst>
            <dst id="HSTNng">1415.296</dst>
            <dst id="IPLSng">5306.168</dst>
            <dst id="KSCYng">2127.49333333333</dst>
            <dst id="LOSAng">10767.6186666667</dst>
            <dst id="NYCMng">11875.92</dst>
            <dst id="SNVAng">8181.74933333333</dst>
            <dst id="STTLng">1363.62133333333</dst>
            <dst id="WASHng">3848.81866666667</dst>
        </src>
        <src id="WASHng">
            <dst id="ATLA-M5">197.133333333333</dst>
            <dst id="ATLAng">92480.984</dst>
            <dst id="CHINng">42868.776</dst>
            <dst id="DNVRng">48395.8533333333</dst>
            <dst id="HSTNng">20656.2266666667</dst>
            <dst id="IPLSng">52422.8106666667</dst>
            <dst id="KSCYng">35652.9466666667</dst>
            <dst id="LOSAng">102595.506666667</dst>
            <dst id="NYCMng">146741.325333333</dst>
            <dst id="SNVAng">833.938666666667</dst>
            <dst id="STTLng">20653</dst>
            <dst id="WASHng">167209.573333333</dst>
        </src>
    </IntraTM>
</TrafficMatrixFile>
