<?xml version="1.0" encoding="ISO-8859-1" standalone="yes"?>
<TrafficMatrixFile xsi:noNamespaceSchemaLocation="http://totem.run.montefiore.ulg.ac.be/Schema/TrafficMatrix-v1_2.xsd" xmlns:xsi="http://www.w3.org/2001/XMLSchema-instance">
    <IntraTM ASID="11537">
        <src id="ATLA-M5">
            <dst id="ATLA-M5">116.330666666667</dst>
            <dst id="ATLAng">0</dst>
            <dst id="CHINng">184.245333333333</dst>
            <dst id="DNVRng">457.706666666667</dst>
            <dst id="HSTNng">0</dst>
            <dst id="IPLSng">0</dst>
            <dst id="KSCYng">0</dst>
            <dst id="LOSAng">40.8</dst>
            <dst id="NYCMng">0</dst>
            <dst id="SNVAng">14.1333333333333</dst>
            <dst id="STTLng">0</dst>
            <dst id="WASHng">107.626666666667</dst>
        </src>
        <src id="ATLAng">
            <dst id="ATLA-M5">41.2026666666667</dst>
            <dst id="ATLAng">7135.864</dst>
            <dst id="CHINng">6050.184</dst>
            <dst id="DNVRng">1284.352</dst>
            <dst id="HSTNng">11868.2293333333</dst>
            <dst id="IPLSng">4121.71733333333</dst>
            <dst id="KSCYng">338.754666666667</dst>
            <dst id="LOSAng">2433.508</dst>
            <dst id="NYCMng">2587.78933333333</dst>
            <dst id="SNVAng">1908.82</dst>
            <dst id="STTLng">816.805333333333</dst>
            <dst id="WASHng">5992.2</dst>
        </src>
        <src id="CHINng">
            <dst id="ATLA-M5">124.392</dst>
            <dst id="ATLAng">11380.2853333333</dst>
            <dst id="CHINng">103560.144</dst>
            <dst id="DNVRng">10278.1733333333</dst>
            <dst id="HSTNng">22660.6053333333</dst>
            <dst id="IPLSng">8988.54133333333</dst>
            <dst id="KSCYng">9122.77066666667</dst>
            <dst id="LOSAng">2150.816</dst>
            <dst id="NYCMng">8720.52266666667</dst>
            <dst id="SNVAng">24914.6693333333</dst>
            <dst id="STTLng">7730.408</dst>
            <dst id="WASHng">11703.4986666667</dst>
        </src>
        <src id="DNVRng">
            <dst id="ATLA-M5">26.6666666666667</dst>
            <dst id="ATLAng">1910.448</dst>
            <dst id="CHINng">37791.344</dst>
            <dst id="DNVRng">10556.3786666667</dst>
            <dst id="HSTNng">23545.9253333333</dst>
            <dst id="IPLSng">27475.856</dst>
            <dst id="KSCYng">23478.9226666667</dst>
            <dst id="LOSAng">1677.25866666667</dst>
            <dst id="NYCMng">18230.6026666667</dst>
            <dst id="SNVAng">30080.504</dst>
            <dst id="STTLng">7303.11466666667</dst>
            <dst id="WASHng">55934.9653333333</dst>
        </src>
        <src id="HSTNng">
            <dst id="ATLA-M5">143.221333333333</dst>
            <dst id="ATLAng">1226.76533333333</dst>
            <dst id="CHINng">8894.616</dst>
            <dst id="DNVRng">1437.57333333333</dst>
            <dst id="HSTNng">19317.9733333333</dst>
            <dst id="IPLSng">2856.71733333333</dst>
            <dst id="KSCYng">1097.09066666667</dst>
            <dst id="LOSAng">5185.36533333333</dst>
            <dst id="NYCMng">1988.528</dst>
            <dst id="SNVAng">26.6666666666667</dst>
            <dst id="STTLng">760.989333333333</dst>
            <dst id="WASHng">2945.872</dst>
        </src>
        <src id="IPLSng">
            <dst id="ATLA-M5">26.6666666666667</dst>
            <dst id="ATLAng">1992.61866666667</dst>
            <dst id="CHINng">35281.672</dst>
            <dst id="DNVRng">13370.4613333333</dst>
            <dst id="HSTNng">421.088</dst>
            <dst id="IPLSng">18327.1546666667</dst>
            <dst id="KSCYng">3337.192</dst>
            <dst id="LOSAng">6694.784</dst>
            <dst id="NYCMng">7580.33866666667</dst>
            <dst id="SNVAng">10870.9306666667</dst>
            <dst id="STTLng">16766.4346666667</dst>
            <dst id="WASHng">6241.768</dst>
        </src>
        <src id="KSCYng">
            <dst id="ATLA-M5">26.6666666666667</dst>
            <dst id="ATLAng">1661.55466666667</dst>
            <dst id="CHINng">11675.0693333333</dst>
            <dst id="DNVRng">6342.56</dst>
            <dst id="HSTNng">5254.32533333333</dst>
            <dst id="IPLSng">13334.0826666667</dst>
            <dst id="KSCYng">13334.12</dst>
            <dst id="LOSAng">599.352</dst>
            <dst id="NYCMng">2416.432</dst>
            <dst id="SNVAng">6367.98933333333</dst>
            <dst id="STTLng">1526.32266666667</dst>
            <dst id="WASHng">7472.088</dst>
        </src>
        <src id="LOSAng">
            <dst id="ATLA-M5">26.6666666666667</dst>
            <dst id="ATLAng">10773.4026666667</dst>
            <dst id="CHINng">42803.3333333333</dst>
            <dst id="DNVRng">9724.70133333333</dst>
            <dst id="HSTNng">2043.90666666667</dst>
            <dst id="IPLSng">15070.1813333333</dst>
            <dst id="KSCYng">1604.54133333333</dst>
            <dst id="LOSAng">19834.9386666667</dst>
            <dst id="NYCMng">25607.232</dst>
            <dst id="SNVAng">26173.08</dst>
            <dst id="STTLng">18770.864</dst>
            <dst id="WASHng">77534.608</dst>
        </src>
        <src id="NYCMng">
            <dst id="ATLA-M5">173.877333333333</dst>
            <dst id="ATLAng">7606.28</dst>
            <dst id="CHINng">35512.128</dst>
            <dst id="DNVRng">26952.3013333333</dst>
            <dst id="HSTNng">9526.92</dst>
            <dst id="IPLSng">7436.73333333333</dst>
            <dst id="KSCYng">3333.08</dst>
            <dst id="LOSAng">13888.4053333333</dst>
            <dst id="NYCMng">69498.352</dst>
            <dst id="SNVAng">56599.8426666667</dst>
            <dst id="STTLng">25815.744</dst>
            <dst id="WASHng">52358.5173333333</dst>
        </src>
        <src id="SNVAng">
            <dst id="ATLA-M5">0</dst>
            <dst id="ATLAng">294.208</dst>
            <dst id="CHINng">53.3333333333333</dst>
            <dst id="DNVRng">20183.7173333333</dst>
            <dst id="HSTNng">0</dst>
            <dst id="IPLSng">219.386666666667</dst>
            <dst id="KSCYng">0</dst>
            <dst id="LOSAng">2842.824</dst>
            <dst id="NYCMng">26.6666666666667</dst>
            <dst id="SNVAng">41671.9733333333</dst>
            <dst id="STTLng">42098.0533333333</dst>
            <dst id="WASHng">26.6666666666667</dst>
        </src>
        <src id="STTLng">
            <dst id="ATLA-M5">0</dst>
            <dst id="ATLAng">2242.38133333333</dst>
            <dst id="CHINng">15348.192</dst>
            <dst id="DNVRng">3688.34666666667</dst>
            <dst id="HSTNng">2951.01066666667</dst>
            <dst id="IPLSng">9226.84266666667</dst>
            <dst id="KSCYng">1520.46133333333</dst>
            <dst id="LOSAng">5182.09066666667</dst>
            <dst id="NYCMng">13290.3173333333</dst>
            <dst id="SNVAng">30651.4293333333</dst>
            <dst id="STTLng">1741.13333333333</dst>
            <dst id="WASHng">6144.44</dst>
        </src>
        <src id="WASHng">
            <dst id="ATLA-M5">54.128</dst>
            <dst id="ATLAng">45713.3013333333</dst>
            <dst id="CHINng">78689.1146666667</dst>
            <dst id="DNVRng">32726.6826666667</dst>
            <dst id="HSTNng">24625.16</dst>
            <dst id="IPLSng">28002.3093333333</dst>
            <dst id="KSCYng">35559.7413333333</dst>
            <dst id="LOSAng">61168.1733333333</dst>
            <dst id="NYCMng">146390.754666667</dst>
            <dst id="SNVAng">24773.7893333333</dst>
            <dst id="STTLng">45497.9173333333</dst>
            <dst id="WASHng">222108.845333333</dst>
        </src>
    </IntraTM>
</TrafficMatrixFile>
