<?xml version="1.0" encoding="ISO-8859-1" standalone="yes"?>
<TrafficMatrixFile xsi:noNamespaceSchemaLocation="http://totem.run.montefiore.ulg.ac.be/Schema/TrafficMatrix-v1_2.xsd" xmlns:xsi="http://www.w3.org/2001/XMLSchema-instance">
    <IntraTM ASID="11537">
        <src id="ATLA-M5">
            <dst id="ATLA-M5">0</dst>
            <dst id="ATLAng">0</dst>
            <dst id="CHINng">171.776</dst>
            <dst id="DNVRng">0</dst>
            <dst id="HSTNng">174.061333333333</dst>
            <dst id="IPLSng">1562.36533333333</dst>
            <dst id="KSCYng">39.9653333333333</dst>
            <dst id="LOSAng">0</dst>
            <dst id="NYCMng">26.6666666666667</dst>
            <dst id="SNVAng">0</dst>
            <dst id="STTLng">0</dst>
            <dst id="WASHng">678.290666666667</dst>
        </src>
        <src id="ATLAng">
            <dst id="ATLA-M5">26.6666666666667</dst>
            <dst id="ATLAng">68416.7333333333</dst>
            <dst id="CHINng">7736.184</dst>
            <dst id="DNVRng">2055.06666666667</dst>
            <dst id="HSTNng">952.288</dst>
            <dst id="IPLSng">11684.656</dst>
            <dst id="KSCYng">880.776</dst>
            <dst id="LOSAng">603.282666666667</dst>
            <dst id="NYCMng">1843.06933333333</dst>
            <dst id="SNVAng">0</dst>
            <dst id="STTLng">846.96</dst>
            <dst id="WASHng">16003.1626666667</dst>
        </src>
        <src id="CHINng">
            <dst id="ATLA-M5">152.373333333333</dst>
            <dst id="ATLAng">13678.9573333333</dst>
            <dst id="CHINng">147047.482666667</dst>
            <dst id="DNVRng">5581.23466666667</dst>
            <dst id="HSTNng">2666.97066666667</dst>
            <dst id="IPLSng">13580.0933333333</dst>
            <dst id="KSCYng">2762.31733333333</dst>
            <dst id="LOSAng">471.218666666667</dst>
            <dst id="NYCMng">16572.336</dst>
            <dst id="SNVAng">2181.096</dst>
            <dst id="STTLng">7937.928</dst>
            <dst id="WASHng">77391.128</dst>
        </src>
        <src id="DNVRng">
            <dst id="ATLA-M5">0</dst>
            <dst id="ATLAng">3112.712</dst>
            <dst id="CHINng">13307.92</dst>
            <dst id="DNVRng">16781.064</dst>
            <dst id="HSTNng">10039.4133333333</dst>
            <dst id="IPLSng">7882.50666666667</dst>
            <dst id="KSCYng">18907.9573333333</dst>
            <dst id="LOSAng">1108.74133333333</dst>
            <dst id="NYCMng">3890.79733333333</dst>
            <dst id="SNVAng">4194.31466666667</dst>
            <dst id="STTLng">15256.1466666667</dst>
            <dst id="WASHng">7165.92533333334</dst>
        </src>
        <src id="HSTNng">
            <dst id="ATLA-M5">805.08</dst>
            <dst id="ATLAng">1514.36533333333</dst>
            <dst id="CHINng">5776.69066666667</dst>
            <dst id="DNVRng">1981.97333333333</dst>
            <dst id="HSTNng">17889.0506666667</dst>
            <dst id="IPLSng">1252.232</dst>
            <dst id="KSCYng">1010.34666666667</dst>
            <dst id="LOSAng">615.68</dst>
            <dst id="NYCMng">1629.85333333333</dst>
            <dst id="SNVAng">26.6666666666667</dst>
            <dst id="STTLng">2315.784</dst>
            <dst id="WASHng">3403.048</dst>
        </src>
        <src id="IPLSng">
            <dst id="ATLA-M5">27.408</dst>
            <dst id="ATLAng">4409.19466666667</dst>
            <dst id="CHINng">36998.8453333333</dst>
            <dst id="DNVRng">9581.328</dst>
            <dst id="HSTNng">1292.62133333333</dst>
            <dst id="IPLSng">2279.912</dst>
            <dst id="KSCYng">1380.592</dst>
            <dst id="LOSAng">730</dst>
            <dst id="NYCMng">4947.89333333333</dst>
            <dst id="SNVAng">130.072</dst>
            <dst id="STTLng">2186.60533333333</dst>
            <dst id="WASHng">11222.216</dst>
        </src>
        <src id="KSCYng">
            <dst id="ATLA-M5">0</dst>
            <dst id="ATLAng">2155.58933333333</dst>
            <dst id="CHINng">9495.984</dst>
            <dst id="DNVRng">5281.84266666667</dst>
            <dst id="HSTNng">4170.024</dst>
            <dst id="IPLSng">11885.1973333333</dst>
            <dst id="KSCYng">8084.63466666667</dst>
            <dst id="LOSAng">61.152</dst>
            <dst id="NYCMng">783.477333333333</dst>
            <dst id="SNVAng">53.3333333333333</dst>
            <dst id="STTLng">1114.71733333333</dst>
            <dst id="WASHng">10214.736</dst>
        </src>
        <src id="LOSAng">
            <dst id="ATLA-M5">0</dst>
            <dst id="ATLAng">0</dst>
            <dst id="CHINng">0</dst>
            <dst id="DNVRng">0</dst>
            <dst id="HSTNng">0</dst>
            <dst id="IPLSng">0</dst>
            <dst id="KSCYng">0</dst>
            <dst id="LOSAng">0</dst>
            <dst id="NYCMng">0</dst>
            <dst id="SNVAng">0</dst>
            <dst id="STTLng">0</dst>
            <dst id="WASHng">0</dst>
        </src>
        <src id="NYCMng">
            <dst id="ATLA-M5">103.904</dst>
            <dst id="ATLAng">12712.3706666667</dst>
            <dst id="CHINng">21427.6133333333</dst>
            <dst id="DNVRng">29010.4346666667</dst>
            <dst id="HSTNng">9526.93333333333</dst>
            <dst id="IPLSng">13776.8426666667</dst>
            <dst id="KSCYng">3083.112</dst>
            <dst id="LOSAng">2186.59733333333</dst>
            <dst id="NYCMng">89969.2906666666</dst>
            <dst id="SNVAng">2927.79733333333</dst>
            <dst id="STTLng">23238.1093333333</dst>
            <dst id="WASHng">48445.5973333333</dst>
        </src>
        <src id="SNVAng">
            <dst id="ATLA-M5">0</dst>
            <dst id="ATLAng">520.570666666667</dst>
            <dst id="CHINng">5523.78133333333</dst>
            <dst id="DNVRng">547.672</dst>
            <dst id="HSTNng">785.642666666667</dst>
            <dst id="IPLSng">3914.552</dst>
            <dst id="KSCYng">0</dst>
            <dst id="LOSAng">2053.13066666667</dst>
            <dst id="NYCMng">1820.19733333333</dst>
            <dst id="SNVAng">823.109333333333</dst>
            <dst id="STTLng">6107.38133333333</dst>
            <dst id="WASHng">3154.312</dst>
        </src>
        <src id="STTLng">
            <dst id="ATLA-M5">0</dst>
            <dst id="ATLAng">970.290666666666</dst>
            <dst id="CHINng">4513.4</dst>
            <dst id="DNVRng">3297.6</dst>
            <dst id="HSTNng">979.029333333334</dst>
            <dst id="IPLSng">3589.32533333333</dst>
            <dst id="KSCYng">521.864</dst>
            <dst id="LOSAng">1208.31466666667</dst>
            <dst id="NYCMng">4286.52266666667</dst>
            <dst id="SNVAng">3894.49333333333</dst>
            <dst id="STTLng">1797.85066666667</dst>
            <dst id="WASHng">3278.95733333333</dst>
        </src>
        <src id="WASHng">
            <dst id="ATLA-M5">84.0053333333333</dst>
            <dst id="ATLAng">69953.664</dst>
            <dst id="CHINng">69155.5066666667</dst>
            <dst id="DNVRng">27322.6693333333</dst>
            <dst id="HSTNng">35071.432</dst>
            <dst id="IPLSng">33115.704</dst>
            <dst id="KSCYng">37161.6133333333</dst>
            <dst id="LOSAng">3931.47466666667</dst>
            <dst id="NYCMng">115219.56</dst>
            <dst id="SNVAng">485.906666666667</dst>
            <dst id="STTLng">30032.736</dst>
            <dst id="WASHng">199929.432</dst>
        </src>
    </IntraTM>
</TrafficMatrixFile>
