<?xml version="1.0" encoding="ISO-8859-1" standalone="yes"?>
<TrafficMatrixFile xsi:noNamespaceSchemaLocation="http://totem.run.montefiore.ulg.ac.be/Schema/TrafficMatrix-v1_2.xsd" xmlns:xsi="http://www.w3.org/2001/XMLSchema-instance">
    <IntraTM ASID="11537">
        <src id="ATLA-M5">
            <dst id="ATLA-M5">0</dst>
            <dst id="ATLAng">53.3333333333333</dst>
            <dst id="CHINng">213.501333333333</dst>
            <dst id="DNVRng">0</dst>
            <dst id="HSTNng">26.6666666666667</dst>
            <dst id="IPLSng">0</dst>
            <dst id="KSCYng">0</dst>
            <dst id="LOSAng">0</dst>
            <dst id="NYCMng">0</dst>
            <dst id="SNVAng">0</dst>
            <dst id="STTLng">360.506666666667</dst>
            <dst id="WASHng">513.376</dst>
        </src>
        <src id="ATLAng">
            <dst id="ATLA-M5">111.114666666667</dst>
            <dst id="ATLAng">28109.192</dst>
            <dst id="CHINng">9802.53066666667</dst>
            <dst id="DNVRng">2685.42933333333</dst>
            <dst id="HSTNng">5296.62933333333</dst>
            <dst id="IPLSng">10260.792</dst>
            <dst id="KSCYng">3918.816</dst>
            <dst id="LOSAng">9797.03866666667</dst>
            <dst id="NYCMng">1134.35466666667</dst>
            <dst id="SNVAng">9453.9</dst>
            <dst id="STTLng">2390.784</dst>
            <dst id="WASHng">27187.5786666667</dst>
        </src>
        <src id="CHINng">
            <dst id="ATLA-M5">148.509333333333</dst>
            <dst id="ATLAng">17244.3813333333</dst>
            <dst id="CHINng">143261.866666667</dst>
            <dst id="DNVRng">3645.20266666667</dst>
            <dst id="HSTNng">2947.31733333333</dst>
            <dst id="IPLSng">10370.168</dst>
            <dst id="KSCYng">6211.968</dst>
            <dst id="LOSAng">7628.74933333333</dst>
            <dst id="NYCMng">9993.12</dst>
            <dst id="SNVAng">32009.3893333333</dst>
            <dst id="STTLng">6843.232</dst>
            <dst id="WASHng">19437.8666666667</dst>
        </src>
        <src id="DNVRng">
            <dst id="ATLA-M5">439.477333333333</dst>
            <dst id="ATLAng">3982.54933333333</dst>
            <dst id="CHINng">31590.4453333333</dst>
            <dst id="DNVRng">9980.78666666667</dst>
            <dst id="HSTNng">23085.3013333333</dst>
            <dst id="IPLSng">28952.9866666667</dst>
            <dst id="KSCYng">25453.4693333333</dst>
            <dst id="LOSAng">5188.872</dst>
            <dst id="NYCMng">15440.904</dst>
            <dst id="SNVAng">17858.5146666667</dst>
            <dst id="STTLng">4302.736</dst>
            <dst id="WASHng">39772.64</dst>
        </src>
        <src id="HSTNng">
            <dst id="ATLA-M5">1191.88266666667</dst>
            <dst id="ATLAng">1090.56</dst>
            <dst id="CHINng">9540.816</dst>
            <dst id="DNVRng">709.656</dst>
            <dst id="HSTNng">14559.5093333333</dst>
            <dst id="IPLSng">568.578666666667</dst>
            <dst id="KSCYng">573.186666666667</dst>
            <dst id="LOSAng">1630.49066666667</dst>
            <dst id="NYCMng">900.226666666667</dst>
            <dst id="SNVAng">53.3333333333333</dst>
            <dst id="STTLng">975.029333333334</dst>
            <dst id="WASHng">2875.29866666667</dst>
        </src>
        <src id="IPLSng">
            <dst id="ATLA-M5">0</dst>
            <dst id="ATLAng">3636.43733333333</dst>
            <dst id="CHINng">54830.1973333333</dst>
            <dst id="DNVRng">7553.416</dst>
            <dst id="HSTNng">800.053333333333</dst>
            <dst id="IPLSng">8986.22133333333</dst>
            <dst id="KSCYng">2483.704</dst>
            <dst id="LOSAng">7137.608</dst>
            <dst id="NYCMng">7881.352</dst>
            <dst id="SNVAng">8902.832</dst>
            <dst id="STTLng">14948.112</dst>
            <dst id="WASHng">11028.4853333333</dst>
        </src>
        <src id="KSCYng">
            <dst id="ATLA-M5">26.6666666666667</dst>
            <dst id="ATLAng">6281.768</dst>
            <dst id="CHINng">11426.368</dst>
            <dst id="DNVRng">4829.81866666667</dst>
            <dst id="HSTNng">3492.90933333333</dst>
            <dst id="IPLSng">10754.256</dst>
            <dst id="KSCYng">8118.77333333333</dst>
            <dst id="LOSAng">1974.896</dst>
            <dst id="NYCMng">2534.57333333333</dst>
            <dst id="SNVAng">6157.02666666667</dst>
            <dst id="STTLng">881.602666666667</dst>
            <dst id="WASHng">7754.67733333333</dst>
        </src>
        <src id="LOSAng">
            <dst id="ATLA-M5">31.2506666666667</dst>
            <dst id="ATLAng">13295.8773333333</dst>
            <dst id="CHINng">53891.088</dst>
            <dst id="DNVRng">10577.2533333333</dst>
            <dst id="HSTNng">1710.928</dst>
            <dst id="IPLSng">7617.672</dst>
            <dst id="KSCYng">2365.62666666667</dst>
            <dst id="LOSAng">20112.0426666667</dst>
            <dst id="NYCMng">23248.3626666667</dst>
            <dst id="SNVAng">22232.6373333333</dst>
            <dst id="STTLng">48746.2906666667</dst>
            <dst id="WASHng">79181.9253333333</dst>
        </src>
        <src id="NYCMng">
            <dst id="ATLA-M5">114.218666666667</dst>
            <dst id="ATLAng">8385.68266666667</dst>
            <dst id="CHINng">18441.7813333333</dst>
            <dst id="DNVRng">29721.3013333333</dst>
            <dst id="HSTNng">8166.61866666667</dst>
            <dst id="IPLSng">9316.09866666666</dst>
            <dst id="KSCYng">2807.74933333333</dst>
            <dst id="LOSAng">6451.74933333333</dst>
            <dst id="NYCMng">63803.528</dst>
            <dst id="SNVAng">27972.992</dst>
            <dst id="STTLng">24473.9706666667</dst>
            <dst id="WASHng">57190.4933333333</dst>
        </src>
        <src id="SNVAng">
            <dst id="ATLA-M5">0</dst>
            <dst id="ATLAng">0</dst>
            <dst id="CHINng">160.112</dst>
            <dst id="DNVRng">942.52</dst>
            <dst id="HSTNng">26.6666666666667</dst>
            <dst id="IPLSng">245.872</dst>
            <dst id="KSCYng">0</dst>
            <dst id="LOSAng">1099.02933333333</dst>
            <dst id="NYCMng">80</dst>
            <dst id="SNVAng">28111.3333333333</dst>
            <dst id="STTLng">37914.832</dst>
            <dst id="WASHng">0</dst>
        </src>
        <src id="STTLng">
            <dst id="ATLA-M5">205.056</dst>
            <dst id="ATLAng">4586.64266666667</dst>
            <dst id="CHINng">17058.648</dst>
            <dst id="DNVRng">3497.73066666667</dst>
            <dst id="HSTNng">1894.68533333333</dst>
            <dst id="IPLSng">11350.984</dst>
            <dst id="KSCYng">3992.82133333333</dst>
            <dst id="LOSAng">2668.17333333333</dst>
            <dst id="NYCMng">13062.8506666667</dst>
            <dst id="SNVAng">19684.0746666667</dst>
            <dst id="STTLng">2735.52266666667</dst>
            <dst id="WASHng">5111.824</dst>
        </src>
        <src id="WASHng">
            <dst id="ATLA-M5">269.333333333333</dst>
            <dst id="ATLAng">81209.1653333334</dst>
            <dst id="CHINng">106634.258666667</dst>
            <dst id="DNVRng">32231.832</dst>
            <dst id="HSTNng">19584.848</dst>
            <dst id="IPLSng">32584.712</dst>
            <dst id="KSCYng">34716.0746666667</dst>
            <dst id="LOSAng">69201.312</dst>
            <dst id="NYCMng">130462.250666667</dst>
            <dst id="SNVAng">30627.848</dst>
            <dst id="STTLng">31601.8106666667</dst>
            <dst id="WASHng">293816.106666667</dst>
        </src>
    </IntraTM>
</TrafficMatrixFile>
