<?xml version="1.0" encoding="ISO-8859-1" standalone="yes"?>
<TrafficMatrixFile xsi:noNamespaceSchemaLocation="http://totem.run.montefiore.ulg.ac.be/Schema/TrafficMatrix-v1_2.xsd" xmlns:xsi="http://www.w3.org/2001/XMLSchema-instance">
    <IntraTM ASID="11537">
        <src id="ATLA-M5">
            <dst id="ATLA-M5">0</dst>
            <dst id="ATLAng">57.152</dst>
            <dst id="CHINng">53.3333333333333</dst>
            <dst id="DNVRng">1098.28266666667</dst>
            <dst id="HSTNng">136.061333333333</dst>
            <dst id="IPLSng">26.6666666666667</dst>
            <dst id="KSCYng">26.6666666666667</dst>
            <dst id="LOSAng">0</dst>
            <dst id="NYCMng">26.6666666666667</dst>
            <dst id="SNVAng">0</dst>
            <dst id="STTLng">242.501333333333</dst>
            <dst id="WASHng">329.152</dst>
        </src>
        <src id="ATLAng">
            <dst id="ATLA-M5">171.352</dst>
            <dst id="ATLAng">47971.4453333333</dst>
            <dst id="CHINng">6526.49333333333</dst>
            <dst id="DNVRng">3395.68533333333</dst>
            <dst id="HSTNng">890.738666666667</dst>
            <dst id="IPLSng">15748.488</dst>
            <dst id="KSCYng">475.378666666667</dst>
            <dst id="LOSAng">5145.85733333333</dst>
            <dst id="NYCMng">3106.11733333333</dst>
            <dst id="SNVAng">3924.764</dst>
            <dst id="STTLng">1856.24533333333</dst>
            <dst id="WASHng">25383.904</dst>
        </src>
        <src id="CHINng">
            <dst id="ATLA-M5">146.421333333333</dst>
            <dst id="ATLAng">15834.7493333333</dst>
            <dst id="CHINng">87902.7626666667</dst>
            <dst id="DNVRng">7362.656</dst>
            <dst id="HSTNng">4925.44266666667</dst>
            <dst id="IPLSng">18829.0586666667</dst>
            <dst id="KSCYng">9417.752</dst>
            <dst id="LOSAng">3679.088</dst>
            <dst id="NYCMng">9914.71733333333</dst>
            <dst id="SNVAng">26978.4266666667</dst>
            <dst id="STTLng">7172.688</dst>
            <dst id="WASHng">16977.2586666667</dst>
        </src>
        <src id="DNVRng">
            <dst id="ATLA-M5">259.021333333333</dst>
            <dst id="ATLAng">6340.26666666667</dst>
            <dst id="CHINng">37549.328</dst>
            <dst id="DNVRng">5743.61066666666</dst>
            <dst id="HSTNng">26238.6213333333</dst>
            <dst id="IPLSng">26916.872</dst>
            <dst id="KSCYng">13295.1973333333</dst>
            <dst id="LOSAng">1362.28</dst>
            <dst id="NYCMng">12765.9306666667</dst>
            <dst id="SNVAng">27792.912</dst>
            <dst id="STTLng">15243.048</dst>
            <dst id="WASHng">38468.512</dst>
        </src>
        <src id="HSTNng">
            <dst id="ATLA-M5">202.826666666667</dst>
            <dst id="ATLAng">1245.11733333333</dst>
            <dst id="CHINng">12158.7893333333</dst>
            <dst id="DNVRng">2204.32533333333</dst>
            <dst id="HSTNng">15033.3866666667</dst>
            <dst id="IPLSng">3883.136</dst>
            <dst id="KSCYng">1046.34933333333</dst>
            <dst id="LOSAng">5113.30666666667</dst>
            <dst id="NYCMng">2213.50133333333</dst>
            <dst id="SNVAng">0</dst>
            <dst id="STTLng">1498.84533333333</dst>
            <dst id="WASHng">4046.06666666667</dst>
        </src>
        <src id="IPLSng">
            <dst id="ATLA-M5">40.8906666666667</dst>
            <dst id="ATLAng">3624.38933333333</dst>
            <dst id="CHINng">41306.7893333333</dst>
            <dst id="DNVRng">8935.064</dst>
            <dst id="HSTNng">842.213333333333</dst>
            <dst id="IPLSng">6040.976</dst>
            <dst id="KSCYng">2770.55466666667</dst>
            <dst id="LOSAng">2819.144</dst>
            <dst id="NYCMng">7482.648</dst>
            <dst id="SNVAng">7018.36266666667</dst>
            <dst id="STTLng">16967.0106666667</dst>
            <dst id="WASHng">7957.992</dst>
        </src>
        <src id="KSCYng">
            <dst id="ATLA-M5">0</dst>
            <dst id="ATLAng">3178.216</dst>
            <dst id="CHINng">12658.992</dst>
            <dst id="DNVRng">14516.512</dst>
            <dst id="HSTNng">5571.008</dst>
            <dst id="IPLSng">18256.1013333333</dst>
            <dst id="KSCYng">9009.35733333333</dst>
            <dst id="LOSAng">288.578666666667</dst>
            <dst id="NYCMng">2632.00533333333</dst>
            <dst id="SNVAng">7022.952</dst>
            <dst id="STTLng">939.618666666667</dst>
            <dst id="WASHng">7967.712</dst>
        </src>
        <src id="LOSAng">
            <dst id="ATLA-M5">84.8693333333333</dst>
            <dst id="ATLAng">37004.5653333333</dst>
            <dst id="CHINng">51232.9946666667</dst>
            <dst id="DNVRng">12252.0693333333</dst>
            <dst id="HSTNng">3815.81066666667</dst>
            <dst id="IPLSng">13022.1706666667</dst>
            <dst id="KSCYng">3475.688</dst>
            <dst id="LOSAng">14944.8293333333</dst>
            <dst id="NYCMng">27203.2266666667</dst>
            <dst id="SNVAng">23030.1173333333</dst>
            <dst id="STTLng">29002.1733333333</dst>
            <dst id="WASHng">93424.336</dst>
        </src>
        <src id="NYCMng">
            <dst id="ATLA-M5">564.338666666667</dst>
            <dst id="ATLAng">11544.2933333333</dst>
            <dst id="CHINng">28082.408</dst>
            <dst id="DNVRng">26199.3093333333</dst>
            <dst id="HSTNng">10136.8266666667</dst>
            <dst id="IPLSng">18961.976</dst>
            <dst id="KSCYng">5076.74133333333</dst>
            <dst id="LOSAng">10616.296</dst>
            <dst id="NYCMng">69948.192</dst>
            <dst id="SNVAng">52699.7866666667</dst>
            <dst id="STTLng">37512.6506666667</dst>
            <dst id="WASHng">48016.6613333333</dst>
        </src>
        <src id="SNVAng">
            <dst id="ATLA-M5">0</dst>
            <dst id="ATLAng">480.653333333333</dst>
            <dst id="CHINng">138.677333333333</dst>
            <dst id="DNVRng">986.794666666667</dst>
            <dst id="HSTNng">0</dst>
            <dst id="IPLSng">6476.73866666667</dst>
            <dst id="KSCYng">0</dst>
            <dst id="LOSAng">2999.70666666667</dst>
            <dst id="NYCMng">202.072</dst>
            <dst id="SNVAng">44199.6586666667</dst>
            <dst id="STTLng">36133.5733333333</dst>
            <dst id="WASHng">0</dst>
        </src>
        <src id="STTLng">
            <dst id="ATLA-M5">165.373333333333</dst>
            <dst id="ATLAng">4271.85066666667</dst>
            <dst id="CHINng">12532.808</dst>
            <dst id="DNVRng">4756.01333333333</dst>
            <dst id="HSTNng">3476.06133333333</dst>
            <dst id="IPLSng">16979.7306666667</dst>
            <dst id="KSCYng">2183.82933333333</dst>
            <dst id="LOSAng">6132.328</dst>
            <dst id="NYCMng">13796.0293333333</dst>
            <dst id="SNVAng">21845.3653333333</dst>
            <dst id="STTLng">1831.12266666667</dst>
            <dst id="WASHng">4433.87466666667</dst>
        </src>
        <src id="WASHng">
            <dst id="ATLA-M5">194.224</dst>
            <dst id="ATLAng">92772.072</dst>
            <dst id="CHINng">112894.616</dst>
            <dst id="DNVRng">27540.016</dst>
            <dst id="HSTNng">30317.68</dst>
            <dst id="IPLSng">18025.24</dst>
            <dst id="KSCYng">30526.248</dst>
            <dst id="LOSAng">74806.4746666667</dst>
            <dst id="NYCMng">103716.72</dst>
            <dst id="SNVAng">36762.432</dst>
            <dst id="STTLng">45517.9226666667</dst>
            <dst id="WASHng">217839.373333333</dst>
        </src>
    </IntraTM>
</TrafficMatrixFile>
