<?xml version="1.0" encoding="ISO-8859-1" standalone="yes"?>
<TrafficMatrixFile xsi:noNamespaceSchemaLocation="http://totem.run.montefiore.ulg.ac.be/Schema/TrafficMatrix-v1_2.xsd" xmlns:xsi="http://www.w3.org/2001/XMLSchema-instance">
    <IntraTM ASID="11537">
        <src id="ATLA-M5">
            <dst id="ATLA-M5">0</dst>
            <dst id="ATLAng">45.76</dst>
            <dst id="CHINng">62.6346666666667</dst>
            <dst id="DNVRng">1212.69333333333</dst>
            <dst id="HSTNng">38.7653333333333</dst>
            <dst id="IPLSng">0</dst>
            <dst id="KSCYng">26.6666666666667</dst>
            <dst id="LOSAng">26.6666666666667</dst>
            <dst id="NYCMng">26.6666666666667</dst>
            <dst id="SNVAng">26.6666666666667</dst>
            <dst id="STTLng">84.2293333333333</dst>
            <dst id="WASHng">161.664</dst>
        </src>
        <src id="ATLAng">
            <dst id="ATLA-M5">3362.05066666667</dst>
            <dst id="ATLAng">29584.2693333333</dst>
            <dst id="CHINng">4468.24266666667</dst>
            <dst id="DNVRng">2482.60533333333</dst>
            <dst id="HSTNng">531.778666666667</dst>
            <dst id="IPLSng">10950.8266666667</dst>
            <dst id="KSCYng">2570.352</dst>
            <dst id="LOSAng">11473.8493333333</dst>
            <dst id="NYCMng">1802.632</dst>
            <dst id="SNVAng">1803.43866666667</dst>
            <dst id="STTLng">4619.21866666667</dst>
            <dst id="WASHng">30478.7413333333</dst>
        </src>
        <src id="CHINng">
            <dst id="ATLA-M5">53.3333333333333</dst>
            <dst id="ATLAng">6768.24</dst>
            <dst id="CHINng">38904.4453333333</dst>
            <dst id="DNVRng">4762.656</dst>
            <dst id="HSTNng">8134.81866666667</dst>
            <dst id="IPLSng">39157.8346666667</dst>
            <dst id="KSCYng">13538.584</dst>
            <dst id="LOSAng">27055.7226666667</dst>
            <dst id="NYCMng">28416.7733333333</dst>
            <dst id="SNVAng">487.562666666667</dst>
            <dst id="STTLng">8793.62133333333</dst>
            <dst id="WASHng">13036.5226666667</dst>
        </src>
        <src id="DNVRng">
            <dst id="ATLA-M5">108.789333333333</dst>
            <dst id="ATLAng">3490.944</dst>
            <dst id="CHINng">40718.576</dst>
            <dst id="DNVRng">16889.408</dst>
            <dst id="HSTNng">25646.728</dst>
            <dst id="IPLSng">32719.104</dst>
            <dst id="KSCYng">26660.12</dst>
            <dst id="LOSAng">7154.15733333333</dst>
            <dst id="NYCMng">15341.5786666667</dst>
            <dst id="SNVAng">7848.78933333333</dst>
            <dst id="STTLng">6560.024</dst>
            <dst id="WASHng">49608.1866666667</dst>
        </src>
        <src id="HSTNng">
            <dst id="ATLA-M5">1558.66666666667</dst>
            <dst id="ATLAng">1993.26666666667</dst>
            <dst id="CHINng">6635.632</dst>
            <dst id="DNVRng">758.882666666667</dst>
            <dst id="HSTNng">15005.6453333333</dst>
            <dst id="IPLSng">2591.35466666667</dst>
            <dst id="KSCYng">960.885333333333</dst>
            <dst id="LOSAng">3370.61866666667</dst>
            <dst id="NYCMng">1231.70933333333</dst>
            <dst id="SNVAng">26.6666666666667</dst>
            <dst id="STTLng">529.541333333333</dst>
            <dst id="WASHng">3333.472</dst>
        </src>
        <src id="IPLSng">
            <dst id="ATLA-M5">133.877333333333</dst>
            <dst id="ATLAng">16682.7786666667</dst>
            <dst id="CHINng">50396.144</dst>
            <dst id="DNVRng">6217.752</dst>
            <dst id="HSTNng">1209.04533333333</dst>
            <dst id="IPLSng">27136.5706666667</dst>
            <dst id="KSCYng">3862.62666666667</dst>
            <dst id="LOSAng">64890.3573333333</dst>
            <dst id="NYCMng">18526.5946666667</dst>
            <dst id="SNVAng">4863.32533333333</dst>
            <dst id="STTLng">5050.32533333333</dst>
            <dst id="WASHng">9542.78933333334</dst>
        </src>
        <src id="KSCYng">
            <dst id="ATLA-M5">0</dst>
            <dst id="ATLAng">3843.89066666667</dst>
            <dst id="CHINng">13968.9866666667</dst>
            <dst id="DNVRng">5831.20533333333</dst>
            <dst id="HSTNng">6813.176</dst>
            <dst id="IPLSng">16345.2613333333</dst>
            <dst id="KSCYng">16205.8693333333</dst>
            <dst id="LOSAng">3027.37333333333</dst>
            <dst id="NYCMng">989.016</dst>
            <dst id="SNVAng">9941.36533333334</dst>
            <dst id="STTLng">2030.97333333333</dst>
            <dst id="WASHng">9579.34666666667</dst>
        </src>
        <src id="LOSAng">
            <dst id="ATLA-M5">84.5706666666667</dst>
            <dst id="ATLAng">9023.736</dst>
            <dst id="CHINng">33289.4293333333</dst>
            <dst id="DNVRng">12441.1093333333</dst>
            <dst id="HSTNng">2428.536</dst>
            <dst id="IPLSng">10141.2826666667</dst>
            <dst id="KSCYng">12062.92</dst>
            <dst id="LOSAng">17692.3786666667</dst>
            <dst id="NYCMng">19276.0906666667</dst>
            <dst id="SNVAng">22236.5066666667</dst>
            <dst id="STTLng">21678.9893333333</dst>
            <dst id="WASHng">79620.1386666667</dst>
        </src>
        <src id="NYCMng">
            <dst id="ATLA-M5">80</dst>
            <dst id="ATLAng">6426.89066666666</dst>
            <dst id="CHINng">23502.3786666667</dst>
            <dst id="DNVRng">22512.0186666667</dst>
            <dst id="HSTNng">2835.2</dst>
            <dst id="IPLSng">18672.472</dst>
            <dst id="KSCYng">6032.85333333333</dst>
            <dst id="LOSAng">54804.304</dst>
            <dst id="NYCMng">52557.8453333333</dst>
            <dst id="SNVAng">1056.82666666667</dst>
            <dst id="STTLng">17249.4986666667</dst>
            <dst id="WASHng">26713.912</dst>
        </src>
        <src id="SNVAng">
            <dst id="ATLA-M5">0</dst>
            <dst id="ATLAng">0</dst>
            <dst id="CHINng">26.6666666666667</dst>
            <dst id="DNVRng">1248.24266666667</dst>
            <dst id="HSTNng">0</dst>
            <dst id="IPLSng">258.464</dst>
            <dst id="KSCYng">26.6666666666667</dst>
            <dst id="LOSAng">32837.816</dst>
            <dst id="NYCMng">0</dst>
            <dst id="SNVAng">8627.30133333333</dst>
            <dst id="STTLng">38931.2666666667</dst>
            <dst id="WASHng">53.3333333333333</dst>
        </src>
        <src id="STTLng">
            <dst id="ATLA-M5">86.784</dst>
            <dst id="ATLAng">5030.11466666667</dst>
            <dst id="CHINng">10196.2346666667</dst>
            <dst id="DNVRng">2603.672</dst>
            <dst id="HSTNng">647.674666666667</dst>
            <dst id="IPLSng">4163.64</dst>
            <dst id="KSCYng">3668.96266666667</dst>
            <dst id="LOSAng">10887.3306666667</dst>
            <dst id="NYCMng">10824.064</dst>
            <dst id="SNVAng">10916.416</dst>
            <dst id="STTLng">2343.18666666667</dst>
            <dst id="WASHng">7017.90133333333</dst>
        </src>
        <src id="WASHng">
            <dst id="ATLA-M5">302.517333333333</dst>
            <dst id="ATLAng">76867.6346666667</dst>
            <dst id="CHINng">63225.712</dst>
            <dst id="DNVRng">64076.5226666667</dst>
            <dst id="HSTNng">16597.3306666667</dst>
            <dst id="IPLSng">64440.1493333333</dst>
            <dst id="KSCYng">45827.6133333333</dst>
            <dst id="LOSAng">107293.978666667</dst>
            <dst id="NYCMng">159211.144</dst>
            <dst id="SNVAng">5460.37066666667</dst>
            <dst id="STTLng">51075.112</dst>
            <dst id="WASHng">189996.437333333</dst>
        </src>
    </IntraTM>
</TrafficMatrixFile>
