<?xml version="1.0" encoding="ISO-8859-1" standalone="yes"?>
<TrafficMatrixFile xsi:noNamespaceSchemaLocation="http://totem.run.montefiore.ulg.ac.be/Schema/TrafficMatrix-v1_2.xsd" xmlns:xsi="http://www.w3.org/2001/XMLSchema-instance">
    <IntraTM ASID="11537">
        <src id="ATLA-M5">
            <dst id="ATLA-M5">0</dst>
            <dst id="ATLAng">280.426666666667</dst>
            <dst id="CHINng">191.477333333333</dst>
            <dst id="DNVRng">0</dst>
            <dst id="HSTNng">26.6666666666667</dst>
            <dst id="IPLSng">96.4266666666667</dst>
            <dst id="KSCYng">0</dst>
            <dst id="LOSAng">32.1626666666667</dst>
            <dst id="NYCMng">80.0106666666667</dst>
            <dst id="SNVAng">0</dst>
            <dst id="STTLng">0</dst>
            <dst id="WASHng">1806.328</dst>
        </src>
        <src id="ATLAng">
            <dst id="ATLA-M5">102.461333333333</dst>
            <dst id="ATLAng">42815.4293333333</dst>
            <dst id="CHINng">8745.016</dst>
            <dst id="DNVRng">2852.66666666667</dst>
            <dst id="HSTNng">43803.0666666667</dst>
            <dst id="IPLSng">15201.2986666667</dst>
            <dst id="KSCYng">2990.856</dst>
            <dst id="LOSAng">7128.40533333333</dst>
            <dst id="NYCMng">3981.43466666667</dst>
            <dst id="SNVAng">5470.83733333333</dst>
            <dst id="STTLng">3889.104</dst>
            <dst id="WASHng">19688.536</dst>
        </src>
        <src id="CHINng">
            <dst id="ATLA-M5">122.325333333333</dst>
            <dst id="ATLAng">19489.6773333333</dst>
            <dst id="CHINng">78130.4826666667</dst>
            <dst id="DNVRng">7204.58933333333</dst>
            <dst id="HSTNng">8598.48533333334</dst>
            <dst id="IPLSng">10132.7093333333</dst>
            <dst id="KSCYng">7981.64533333333</dst>
            <dst id="LOSAng">3456.25333333333</dst>
            <dst id="NYCMng">9194.46666666667</dst>
            <dst id="SNVAng">28110.472</dst>
            <dst id="STTLng">7654.792</dst>
            <dst id="WASHng">21171.0693333333</dst>
        </src>
        <src id="DNVRng">
            <dst id="ATLA-M5">216.714666666667</dst>
            <dst id="ATLAng">7079.73066666667</dst>
            <dst id="CHINng">42597.5733333333</dst>
            <dst id="DNVRng">9492.84266666667</dst>
            <dst id="HSTNng">24916.9706666667</dst>
            <dst id="IPLSng">25618.8533333333</dst>
            <dst id="KSCYng">23821.1733333333</dst>
            <dst id="LOSAng">2744.62666666667</dst>
            <dst id="NYCMng">18155.8506666667</dst>
            <dst id="SNVAng">20462.8133333333</dst>
            <dst id="STTLng">5524.67466666667</dst>
            <dst id="WASHng">36141.5386666667</dst>
        </src>
        <src id="HSTNng">
            <dst id="ATLA-M5">117.792</dst>
            <dst id="ATLAng">2770.10933333333</dst>
            <dst id="CHINng">5815.048</dst>
            <dst id="DNVRng">3164.16533333333</dst>
            <dst id="HSTNng">14156.12</dst>
            <dst id="IPLSng">3426.664</dst>
            <dst id="KSCYng">1508.14133333333</dst>
            <dst id="LOSAng">11594.5386666667</dst>
            <dst id="NYCMng">2494.17066666667</dst>
            <dst id="SNVAng">0</dst>
            <dst id="STTLng">1914.048</dst>
            <dst id="WASHng">5934.808</dst>
        </src>
        <src id="IPLSng">
            <dst id="ATLA-M5">3124.14666666667</dst>
            <dst id="ATLAng">4641.51733333333</dst>
            <dst id="CHINng">46257.1493333333</dst>
            <dst id="DNVRng">9983.424</dst>
            <dst id="HSTNng">8831.82133333333</dst>
            <dst id="IPLSng">28996.04</dst>
            <dst id="KSCYng">6560.88266666667</dst>
            <dst id="LOSAng">3327.144</dst>
            <dst id="NYCMng">12028.856</dst>
            <dst id="SNVAng">14743.1173333333</dst>
            <dst id="STTLng">11555.264</dst>
            <dst id="WASHng">13761.9946666667</dst>
        </src>
        <src id="KSCYng">
            <dst id="ATLA-M5">26.6666666666667</dst>
            <dst id="ATLAng">3094.92</dst>
            <dst id="CHINng">14426.136</dst>
            <dst id="DNVRng">4421.89866666667</dst>
            <dst id="HSTNng">5855.19733333333</dst>
            <dst id="IPLSng">11581.7733333333</dst>
            <dst id="KSCYng">8870.144</dst>
            <dst id="LOSAng">701.778666666667</dst>
            <dst id="NYCMng">2018.17866666667</dst>
            <dst id="SNVAng">7785.58933333334</dst>
            <dst id="STTLng">2652.40533333333</dst>
            <dst id="WASHng">9848.008</dst>
        </src>
        <src id="LOSAng">
            <dst id="ATLA-M5">668.336</dst>
            <dst id="ATLAng">30190.9146666667</dst>
            <dst id="CHINng">56016.1413333333</dst>
            <dst id="DNVRng">6734.224</dst>
            <dst id="HSTNng">6732.44533333333</dst>
            <dst id="IPLSng">18694.2</dst>
            <dst id="KSCYng">4910.21333333333</dst>
            <dst id="LOSAng">16841.856</dst>
            <dst id="NYCMng">39041.656</dst>
            <dst id="SNVAng">23772.1733333333</dst>
            <dst id="STTLng">26617.0186666667</dst>
            <dst id="WASHng">102235.149333333</dst>
        </src>
        <src id="NYCMng">
            <dst id="ATLA-M5">1310.176</dst>
            <dst id="ATLAng">12777.3146666667</dst>
            <dst id="CHINng">27698.5253333333</dst>
            <dst id="DNVRng">23563.248</dst>
            <dst id="HSTNng">5610.456</dst>
            <dst id="IPLSng">8205.176</dst>
            <dst id="KSCYng">5915.536</dst>
            <dst id="LOSAng">11100.2506666667</dst>
            <dst id="NYCMng">111975.613333333</dst>
            <dst id="SNVAng">57067.1306666667</dst>
            <dst id="STTLng">42772.0426666667</dst>
            <dst id="WASHng">50473.5306666667</dst>
        </src>
        <src id="SNVAng">
            <dst id="ATLA-M5">0</dst>
            <dst id="ATLAng">0</dst>
            <dst id="CHINng">26.6666666666667</dst>
            <dst id="DNVRng">5244.27466666667</dst>
            <dst id="HSTNng">0</dst>
            <dst id="IPLSng">7723.76</dst>
            <dst id="KSCYng">0</dst>
            <dst id="LOSAng">3432.256</dst>
            <dst id="NYCMng">260.106666666667</dst>
            <dst id="SNVAng">36535.0613333333</dst>
            <dst id="STTLng">35143.44</dst>
            <dst id="WASHng">26.6666666666667</dst>
        </src>
        <src id="STTLng">
            <dst id="ATLA-M5">26.6666666666667</dst>
            <dst id="ATLAng">5531.09066666667</dst>
            <dst id="CHINng">17681.424</dst>
            <dst id="DNVRng">4497.55733333333</dst>
            <dst id="HSTNng">2408.69866666667</dst>
            <dst id="IPLSng">7121.93866666667</dst>
            <dst id="KSCYng">4370.632</dst>
            <dst id="LOSAng">4591.65866666667</dst>
            <dst id="NYCMng">21912.4453333333</dst>
            <dst id="SNVAng">18336.656</dst>
            <dst id="STTLng">1007.02133333333</dst>
            <dst id="WASHng">5594.27733333333</dst>
        </src>
        <src id="WASHng">
            <dst id="ATLA-M5">350.602666666667</dst>
            <dst id="ATLAng">63287.144</dst>
            <dst id="CHINng">79578.744</dst>
            <dst id="DNVRng">32348.6586666667</dst>
            <dst id="HSTNng">30094.384</dst>
            <dst id="IPLSng">30470.0346666667</dst>
            <dst id="KSCYng">32009.4666666667</dst>
            <dst id="LOSAng">89558.192</dst>
            <dst id="NYCMng">142942.050666667</dst>
            <dst id="SNVAng">39150.84</dst>
            <dst id="STTLng">29437.912</dst>
            <dst id="WASHng">170435.04</dst>
        </src>
    </IntraTM>
</TrafficMatrixFile>
