<?xml version="1.0" encoding="ISO-8859-1" standalone="yes"?>
<TrafficMatrixFile xsi:noNamespaceSchemaLocation="http://totem.run.montefiore.ulg.ac.be/Schema/TrafficMatrix-v1_2.xsd" xmlns:xsi="http://www.w3.org/2001/XMLSchema-instance">
    <IntraTM ASID="11537">
        <src id="ATLA-M5">
            <dst id="ATLA-M5">4062.016</dst>
            <dst id="ATLAng">0</dst>
            <dst id="CHINng">95.608</dst>
            <dst id="DNVRng">0</dst>
            <dst id="HSTNng">26.6666666666667</dst>
            <dst id="IPLSng">0</dst>
            <dst id="KSCYng">0</dst>
            <dst id="LOSAng">42.7786666666667</dst>
            <dst id="NYCMng">53.3333333333333</dst>
            <dst id="SNVAng">0</dst>
            <dst id="STTLng">427.648</dst>
            <dst id="WASHng">308.330666666667</dst>
        </src>
        <src id="ATLAng">
            <dst id="ATLA-M5">103.973333333333</dst>
            <dst id="ATLAng">25277.7413333333</dst>
            <dst id="CHINng">7946.86933333333</dst>
            <dst id="DNVRng">3200.06666666667</dst>
            <dst id="HSTNng">470.824</dst>
            <dst id="IPLSng">14999.7226666667</dst>
            <dst id="KSCYng">1349.504</dst>
            <dst id="LOSAng">5300.73866666667</dst>
            <dst id="NYCMng">2294.21866666667</dst>
            <dst id="SNVAng">4513.89066666667</dst>
            <dst id="STTLng">2583.72</dst>
            <dst id="WASHng">24832.8666666667</dst>
        </src>
        <src id="CHINng">
            <dst id="ATLA-M5">76.1146666666667</dst>
            <dst id="ATLAng">7586.69866666667</dst>
            <dst id="CHINng">130975.285333333</dst>
            <dst id="DNVRng">4660.53866666667</dst>
            <dst id="HSTNng">6163.81333333333</dst>
            <dst id="IPLSng">10428.6986666667</dst>
            <dst id="KSCYng">6524.928</dst>
            <dst id="LOSAng">7302.496</dst>
            <dst id="NYCMng">7299.62666666667</dst>
            <dst id="SNVAng">26945.528</dst>
            <dst id="STTLng">9754.97866666667</dst>
            <dst id="WASHng">13556.984</dst>
        </src>
        <src id="DNVRng">
            <dst id="ATLA-M5">96.5973333333333</dst>
            <dst id="ATLAng">2732.952</dst>
            <dst id="CHINng">46061.8906666667</dst>
            <dst id="DNVRng">12535.7386666667</dst>
            <dst id="HSTNng">38649.0746666667</dst>
            <dst id="IPLSng">34564.7226666667</dst>
            <dst id="KSCYng">19325.7253333333</dst>
            <dst id="LOSAng">1809.384</dst>
            <dst id="NYCMng">16207.0293333333</dst>
            <dst id="SNVAng">29935.7466666667</dst>
            <dst id="STTLng">16286.688</dst>
            <dst id="WASHng">51159.424</dst>
        </src>
        <src id="HSTNng">
            <dst id="ATLA-M5">270.624</dst>
            <dst id="ATLAng">3172.496</dst>
            <dst id="CHINng">17850.0426666667</dst>
            <dst id="DNVRng">1397.032</dst>
            <dst id="HSTNng">12985.6186666667</dst>
            <dst id="IPLSng">4702.29866666667</dst>
            <dst id="KSCYng">503.928</dst>
            <dst id="LOSAng">11685.64</dst>
            <dst id="NYCMng">2488.01866666667</dst>
            <dst id="SNVAng">26.6666666666667</dst>
            <dst id="STTLng">1527.78133333333</dst>
            <dst id="WASHng">891.666666666667</dst>
        </src>
        <src id="IPLSng">
            <dst id="ATLA-M5">0</dst>
            <dst id="ATLAng">14706.8693333333</dst>
            <dst id="CHINng">60799.6826666667</dst>
            <dst id="DNVRng">9086.05066666667</dst>
            <dst id="HSTNng">550.989333333333</dst>
            <dst id="IPLSng">8260.792</dst>
            <dst id="KSCYng">6179.90133333333</dst>
            <dst id="LOSAng">4504.18666666667</dst>
            <dst id="NYCMng">11955.6026666667</dst>
            <dst id="SNVAng">21468.32</dst>
            <dst id="STTLng">9173.96266666667</dst>
            <dst id="WASHng">10334.6373333333</dst>
        </src>
        <src id="KSCYng">
            <dst id="ATLA-M5">0</dst>
            <dst id="ATLAng">2603.05066666667</dst>
            <dst id="CHINng">22585.768</dst>
            <dst id="DNVRng">4471.152</dst>
            <dst id="HSTNng">3233.98666666667</dst>
            <dst id="IPLSng">10133.912</dst>
            <dst id="KSCYng">10155.5653333333</dst>
            <dst id="LOSAng">2912.42666666667</dst>
            <dst id="NYCMng">2019.81333333333</dst>
            <dst id="SNVAng">4793.36266666667</dst>
            <dst id="STTLng">628.434666666667</dst>
            <dst id="WASHng">5723.30666666667</dst>
        </src>
        <src id="LOSAng">
            <dst id="ATLA-M5">0</dst>
            <dst id="ATLAng">3954.8</dst>
            <dst id="CHINng">91023.0666666667</dst>
            <dst id="DNVRng">6793.16533333333</dst>
            <dst id="HSTNng">2869.45066666667</dst>
            <dst id="IPLSng">5949.13333333333</dst>
            <dst id="KSCYng">819.573333333333</dst>
            <dst id="LOSAng">23751.7546666667</dst>
            <dst id="NYCMng">22411.7146666667</dst>
            <dst id="SNVAng">18879.36</dst>
            <dst id="STTLng">14844.7093333333</dst>
            <dst id="WASHng">71105.5413333333</dst>
        </src>
        <src id="NYCMng">
            <dst id="ATLA-M5">236.026666666667</dst>
            <dst id="ATLAng">6508.448</dst>
            <dst id="CHINng">33617.2693333333</dst>
            <dst id="DNVRng">23761.5386666667</dst>
            <dst id="HSTNng">1171.112</dst>
            <dst id="IPLSng">7354.19733333333</dst>
            <dst id="KSCYng">3139.85866666667</dst>
            <dst id="LOSAng">7818.38933333333</dst>
            <dst id="NYCMng">83893.2826666667</dst>
            <dst id="SNVAng">43940.9066666667</dst>
            <dst id="STTLng">23048.7146666667</dst>
            <dst id="WASHng">21324.9173333333</dst>
        </src>
        <src id="SNVAng">
            <dst id="ATLA-M5">0</dst>
            <dst id="ATLAng">0</dst>
            <dst id="CHINng">26.6666666666667</dst>
            <dst id="DNVRng">13891.7973333333</dst>
            <dst id="HSTNng">0</dst>
            <dst id="IPLSng">1802.552</dst>
            <dst id="KSCYng">0</dst>
            <dst id="LOSAng">1663.86133333333</dst>
            <dst id="NYCMng">26.6666666666667</dst>
            <dst id="SNVAng">30495.24</dst>
            <dst id="STTLng">21805.792</dst>
            <dst id="WASHng">26.6666666666667</dst>
        </src>
        <src id="STTLng">
            <dst id="ATLA-M5">53.3333333333333</dst>
            <dst id="ATLAng">5432.50133333333</dst>
            <dst id="CHINng">18249.7253333333</dst>
            <dst id="DNVRng">4847.84533333333</dst>
            <dst id="HSTNng">2865.09333333333</dst>
            <dst id="IPLSng">8246.91466666667</dst>
            <dst id="KSCYng">1511.768</dst>
            <dst id="LOSAng">2268.79466666667</dst>
            <dst id="NYCMng">5901.944</dst>
            <dst id="SNVAng">15430.8053333333</dst>
            <dst id="STTLng">1308.408</dst>
            <dst id="WASHng">9214.34133333334</dst>
        </src>
        <src id="WASHng">
            <dst id="ATLA-M5">67.8826666666667</dst>
            <dst id="ATLAng">81729.8453333333</dst>
            <dst id="CHINng">97974.32</dst>
            <dst id="DNVRng">36840.4373333333</dst>
            <dst id="HSTNng">12248.9306666667</dst>
            <dst id="IPLSng">25150.5786666667</dst>
            <dst id="KSCYng">36788.0533333333</dst>
            <dst id="LOSAng">74616.632</dst>
            <dst id="NYCMng">121647.757333333</dst>
            <dst id="SNVAng">33144.5973333333</dst>
            <dst id="STTLng">22644.8986666667</dst>
            <dst id="WASHng">278545.653333333</dst>
        </src>
    </IntraTM>
</TrafficMatrixFile>
