<?xml version="1.0" encoding="ISO-8859-1" standalone="yes"?>
<TrafficMatrixFile xsi:noNamespaceSchemaLocation="http://totem.run.montefiore.ulg.ac.be/Schema/TrafficMatrix-v1_2.xsd" xmlns:xsi="http://www.w3.org/2001/XMLSchema-instance">
    <IntraTM ASID="11537">
        <src id="ATLA-M5">
            <dst id="ATLA-M5">26.6666666666667</dst>
            <dst id="ATLAng">0</dst>
            <dst id="CHINng">81.544</dst>
            <dst id="DNVRng">0</dst>
            <dst id="HSTNng">28.944</dst>
            <dst id="IPLSng">96.96</dst>
            <dst id="KSCYng">0</dst>
            <dst id="LOSAng">26.6666666666667</dst>
            <dst id="NYCMng">53.3333333333333</dst>
            <dst id="SNVAng">0</dst>
            <dst id="STTLng">0</dst>
            <dst id="WASHng">963.034666666666</dst>
        </src>
        <src id="ATLAng">
            <dst id="ATLA-M5">68.8373333333333</dst>
            <dst id="ATLAng">23677.0986666667</dst>
            <dst id="CHINng">7851.02933333333</dst>
            <dst id="DNVRng">2898.93333333333</dst>
            <dst id="HSTNng">30350.696</dst>
            <dst id="IPLSng">33410.128</dst>
            <dst id="KSCYng">402.157333333333</dst>
            <dst id="LOSAng">6572.31866666667</dst>
            <dst id="NYCMng">4956.73866666667</dst>
            <dst id="SNVAng">5572.77466666667</dst>
            <dst id="STTLng">2236.80266666667</dst>
            <dst id="WASHng">15303.7413333333</dst>
        </src>
        <src id="CHINng">
            <dst id="ATLA-M5">95.352</dst>
            <dst id="ATLAng">34916.8213333333</dst>
            <dst id="CHINng">63848.1573333333</dst>
            <dst id="DNVRng">9575.256</dst>
            <dst id="HSTNng">7137.816</dst>
            <dst id="IPLSng">8624.81333333333</dst>
            <dst id="KSCYng">7089.312</dst>
            <dst id="LOSAng">2030.66133333333</dst>
            <dst id="NYCMng">10587.672</dst>
            <dst id="SNVAng">29152.3973333333</dst>
            <dst id="STTLng">9603.76533333333</dst>
            <dst id="WASHng">21586.2906666667</dst>
        </src>
        <src id="DNVRng">
            <dst id="ATLA-M5">84</dst>
            <dst id="ATLAng">6409.82666666667</dst>
            <dst id="CHINng">43675.7973333333</dst>
            <dst id="DNVRng">10873.8693333333</dst>
            <dst id="HSTNng">26399.064</dst>
            <dst id="IPLSng">24178.1413333333</dst>
            <dst id="KSCYng">27602.608</dst>
            <dst id="LOSAng">2546.08266666667</dst>
            <dst id="NYCMng">14249.896</dst>
            <dst id="SNVAng">21807.592</dst>
            <dst id="STTLng">6467.66133333333</dst>
            <dst id="WASHng">42700.096</dst>
        </src>
        <src id="HSTNng">
            <dst id="ATLA-M5">199.221333333333</dst>
            <dst id="ATLAng">2425.96266666667</dst>
            <dst id="CHINng">5445.768</dst>
            <dst id="DNVRng">4148.37066666667</dst>
            <dst id="HSTNng">14136.784</dst>
            <dst id="IPLSng">2019.78933333333</dst>
            <dst id="KSCYng">766.632</dst>
            <dst id="LOSAng">5320.21333333333</dst>
            <dst id="NYCMng">1845.18666666667</dst>
            <dst id="SNVAng">53.3333333333333</dst>
            <dst id="STTLng">1600.488</dst>
            <dst id="WASHng">2716.496</dst>
        </src>
        <src id="IPLSng">
            <dst id="ATLA-M5">3127.216</dst>
            <dst id="ATLAng">6368.784</dst>
            <dst id="CHINng">50143.6293333333</dst>
            <dst id="DNVRng">8079.6</dst>
            <dst id="HSTNng">5023.29066666667</dst>
            <dst id="IPLSng">11294.2533333333</dst>
            <dst id="KSCYng">2787.56</dst>
            <dst id="LOSAng">2264.40533333333</dst>
            <dst id="NYCMng">17257.7546666667</dst>
            <dst id="SNVAng">7602.63733333333</dst>
            <dst id="STTLng">9253.14133333333</dst>
            <dst id="WASHng">18327.5866666667</dst>
        </src>
        <src id="KSCYng">
            <dst id="ATLA-M5">0</dst>
            <dst id="ATLAng">2872.296</dst>
            <dst id="CHINng">15523.1946666667</dst>
            <dst id="DNVRng">4457.184</dst>
            <dst id="HSTNng">4318.39466666667</dst>
            <dst id="IPLSng">11195.4586666667</dst>
            <dst id="KSCYng">13055.8453333333</dst>
            <dst id="LOSAng">263.314666666667</dst>
            <dst id="NYCMng">2627.416</dst>
            <dst id="SNVAng">7336.93066666667</dst>
            <dst id="STTLng">1108.75733333333</dst>
            <dst id="WASHng">8157.79733333333</dst>
        </src>
        <src id="LOSAng">
            <dst id="ATLA-M5">26.6666666666667</dst>
            <dst id="ATLAng">16095.5706666667</dst>
            <dst id="CHINng">43003.856</dst>
            <dst id="DNVRng">11189.6586666667</dst>
            <dst id="HSTNng">5894.30933333333</dst>
            <dst id="IPLSng">13389.68</dst>
            <dst id="KSCYng">2573.568</dst>
            <dst id="LOSAng">17917.344</dst>
            <dst id="NYCMng">32318.8426666667</dst>
            <dst id="SNVAng">23586.2986666667</dst>
            <dst id="STTLng">25541.544</dst>
            <dst id="WASHng">78396.8346666667</dst>
        </src>
        <src id="NYCMng">
            <dst id="ATLA-M5">1946.94666666667</dst>
            <dst id="ATLAng">18614.0826666667</dst>
            <dst id="CHINng">25456.0186666667</dst>
            <dst id="DNVRng">19807.568</dst>
            <dst id="HSTNng">3234.47733333333</dst>
            <dst id="IPLSng">6230.22933333333</dst>
            <dst id="KSCYng">5620.83466666667</dst>
            <dst id="LOSAng">8483.528</dst>
            <dst id="NYCMng">127701.338666667</dst>
            <dst id="SNVAng">53136.848</dst>
            <dst id="STTLng">43175.9333333333</dst>
            <dst id="WASHng">55975.8533333333</dst>
        </src>
        <src id="SNVAng">
            <dst id="ATLA-M5">0</dst>
            <dst id="ATLAng">26.6666666666667</dst>
            <dst id="CHINng">0</dst>
            <dst id="DNVRng">11309.7733333333</dst>
            <dst id="HSTNng">26.6666666666667</dst>
            <dst id="IPLSng">275.362666666667</dst>
            <dst id="KSCYng">63.536</dst>
            <dst id="LOSAng">2647.79733333333</dst>
            <dst id="NYCMng">53.3333333333333</dst>
            <dst id="SNVAng">34499.3226666667</dst>
            <dst id="STTLng">43083.9386666667</dst>
            <dst id="WASHng">0</dst>
        </src>
        <src id="STTLng">
            <dst id="ATLA-M5">0</dst>
            <dst id="ATLAng">4823.33866666667</dst>
            <dst id="CHINng">22437.9813333333</dst>
            <dst id="DNVRng">4943.55466666667</dst>
            <dst id="HSTNng">1508.32266666667</dst>
            <dst id="IPLSng">7643.18133333333</dst>
            <dst id="KSCYng">3547.05866666667</dst>
            <dst id="LOSAng">5829.72</dst>
            <dst id="NYCMng">18900.5786666667</dst>
            <dst id="SNVAng">18172.3226666667</dst>
            <dst id="STTLng">1562.52533333333</dst>
            <dst id="WASHng">4555.40533333333</dst>
        </src>
        <src id="WASHng">
            <dst id="ATLA-M5">344.362666666667</dst>
            <dst id="ATLAng">52912.6986666667</dst>
            <dst id="CHINng">69670.2453333333</dst>
            <dst id="DNVRng">26457.704</dst>
            <dst id="HSTNng">26666.9546666667</dst>
            <dst id="IPLSng">28684.184</dst>
            <dst id="KSCYng">35963.9226666667</dst>
            <dst id="LOSAng">65429.5093333333</dst>
            <dst id="NYCMng">158151.941333333</dst>
            <dst id="SNVAng">29610.736</dst>
            <dst id="STTLng">36185.6826666667</dst>
            <dst id="WASHng">331275.52</dst>
        </src>
    </IntraTM>
</TrafficMatrixFile>
