<?xml version="1.0" encoding="ISO-8859-1" standalone="yes"?>
<TrafficMatrixFile xsi:noNamespaceSchemaLocation="http://totem.run.montefiore.ulg.ac.be/Schema/TrafficMatrix-v1_2.xsd" xmlns:xsi="http://www.w3.org/2001/XMLSchema-instance">
    <IntraTM ASID="11537">
        <src id="ATLA-M5">
            <dst id="ATLA-M5">4094.47466666667</dst>
            <dst id="ATLAng">26.6666666666667</dst>
            <dst id="CHINng">139.842666666667</dst>
            <dst id="DNVRng">0</dst>
            <dst id="HSTNng">0</dst>
            <dst id="IPLSng">0</dst>
            <dst id="KSCYng">0</dst>
            <dst id="LOSAng">40</dst>
            <dst id="NYCMng">0</dst>
            <dst id="SNVAng">13.3333333333333</dst>
            <dst id="STTLng">520.477333333333</dst>
            <dst id="WASHng">26.6666666666667</dst>
        </src>
        <src id="ATLAng">
            <dst id="ATLA-M5">160.218666666667</dst>
            <dst id="ATLAng">26326.704</dst>
            <dst id="CHINng">7990.312</dst>
            <dst id="DNVRng">2354.944</dst>
            <dst id="HSTNng">10765.2746666667</dst>
            <dst id="IPLSng">15020.7946666667</dst>
            <dst id="KSCYng">969.642666666667</dst>
            <dst id="LOSAng">5456.556</dst>
            <dst id="NYCMng">1894.18933333333</dst>
            <dst id="SNVAng">4678.836</dst>
            <dst id="STTLng">2022.80266666667</dst>
            <dst id="WASHng">27822.032</dst>
        </src>
        <src id="CHINng">
            <dst id="ATLA-M5">999.024</dst>
            <dst id="ATLAng">9635.98933333333</dst>
            <dst id="CHINng">123958.714666667</dst>
            <dst id="DNVRng">3947.20533333333</dst>
            <dst id="HSTNng">5899.61866666667</dst>
            <dst id="IPLSng">11041.4426666667</dst>
            <dst id="KSCYng">5628.13333333333</dst>
            <dst id="LOSAng">6917.17333333333</dst>
            <dst id="NYCMng">7551.872</dst>
            <dst id="SNVAng">27989.3946666667</dst>
            <dst id="STTLng">9013.33333333333</dst>
            <dst id="WASHng">12212.5386666667</dst>
        </src>
        <src id="DNVRng">
            <dst id="ATLA-M5">352.032</dst>
            <dst id="ATLAng">3393.20533333333</dst>
            <dst id="CHINng">46381.8213333333</dst>
            <dst id="DNVRng">13180.7546666667</dst>
            <dst id="HSTNng">30095.8773333333</dst>
            <dst id="IPLSng">31692.128</dst>
            <dst id="KSCYng">19305.7573333333</dst>
            <dst id="LOSAng">2110.712</dst>
            <dst id="NYCMng">17382.9093333333</dst>
            <dst id="SNVAng">39915.0826666667</dst>
            <dst id="STTLng">15532.0533333333</dst>
            <dst id="WASHng">43677.2533333333</dst>
        </src>
        <src id="HSTNng">
            <dst id="ATLA-M5">100.704</dst>
            <dst id="ATLAng">13961.5226666667</dst>
            <dst id="CHINng">15621.9013333333</dst>
            <dst id="DNVRng">944.504</dst>
            <dst id="HSTNng">13641.9093333333</dst>
            <dst id="IPLSng">3747.11733333333</dst>
            <dst id="KSCYng">625.450666666667</dst>
            <dst id="LOSAng">11608.1893333333</dst>
            <dst id="NYCMng">1004.976</dst>
            <dst id="SNVAng">26.6666666666667</dst>
            <dst id="STTLng">1680.704</dst>
            <dst id="WASHng">753.981333333333</dst>
        </src>
        <src id="IPLSng">
            <dst id="ATLA-M5">0</dst>
            <dst id="ATLAng">23120.944</dst>
            <dst id="CHINng">67975.5066666667</dst>
            <dst id="DNVRng">8473.33333333333</dst>
            <dst id="HSTNng">370.285333333333</dst>
            <dst id="IPLSng">20712.4693333333</dst>
            <dst id="KSCYng">5909.6</dst>
            <dst id="LOSAng">5068</dst>
            <dst id="NYCMng">11060.7253333333</dst>
            <dst id="SNVAng">23401.592</dst>
            <dst id="STTLng">8055.64</dst>
            <dst id="WASHng">11891.1466666667</dst>
        </src>
        <src id="KSCYng">
            <dst id="ATLA-M5">0</dst>
            <dst id="ATLAng">2429.18666666667</dst>
            <dst id="CHINng">19982.7413333333</dst>
            <dst id="DNVRng">3705.70133333333</dst>
            <dst id="HSTNng">2578.92533333333</dst>
            <dst id="IPLSng">9575.57333333333</dst>
            <dst id="KSCYng">7046.34933333333</dst>
            <dst id="LOSAng">3311.89866666667</dst>
            <dst id="NYCMng">1825.568</dst>
            <dst id="SNVAng">4751.46666666667</dst>
            <dst id="STTLng">529.981333333333</dst>
            <dst id="WASHng">5881.74133333333</dst>
        </src>
        <src id="LOSAng">
            <dst id="ATLA-M5">26.6666666666667</dst>
            <dst id="ATLAng">3738.06133333333</dst>
            <dst id="CHINng">93406.2186666667</dst>
            <dst id="DNVRng">8443.78133333333</dst>
            <dst id="HSTNng">2815.504</dst>
            <dst id="IPLSng">6477.26666666667</dst>
            <dst id="KSCYng">674.658666666667</dst>
            <dst id="LOSAng">23662.4026666667</dst>
            <dst id="NYCMng">22295.2986666667</dst>
            <dst id="SNVAng">18305.248</dst>
            <dst id="STTLng">14474.096</dst>
            <dst id="WASHng">73342.0906666667</dst>
        </src>
        <src id="NYCMng">
            <dst id="ATLA-M5">83.2906666666667</dst>
            <dst id="ATLAng">8298.44</dst>
            <dst id="CHINng">30196.384</dst>
            <dst id="DNVRng">24578.5386666667</dst>
            <dst id="HSTNng">1732.90933333333</dst>
            <dst id="IPLSng">4406.464</dst>
            <dst id="KSCYng">3454.15466666667</dst>
            <dst id="LOSAng">7810.97866666667</dst>
            <dst id="NYCMng">81692.912</dst>
            <dst id="SNVAng">47326.616</dst>
            <dst id="STTLng">25803.8693333333</dst>
            <dst id="WASHng">23907.44</dst>
        </src>
        <src id="SNVAng">
            <dst id="ATLA-M5">0</dst>
            <dst id="ATLAng">26.6666666666667</dst>
            <dst id="CHINng">0</dst>
            <dst id="DNVRng">9871.08533333333</dst>
            <dst id="HSTNng">0</dst>
            <dst id="IPLSng">294.149333333333</dst>
            <dst id="KSCYng">0</dst>
            <dst id="LOSAng">2013.352</dst>
            <dst id="NYCMng">26.6666666666667</dst>
            <dst id="SNVAng">30893.912</dst>
            <dst id="STTLng">22483.6133333333</dst>
            <dst id="WASHng">53.3333333333333</dst>
        </src>
        <src id="STTLng">
            <dst id="ATLA-M5">26.6666666666667</dst>
            <dst id="ATLAng">4749.12</dst>
            <dst id="CHINng">22818.104</dst>
            <dst id="DNVRng">4116.50933333333</dst>
            <dst id="HSTNng">1583.54133333333</dst>
            <dst id="IPLSng">10364.2373333333</dst>
            <dst id="KSCYng">1183.496</dst>
            <dst id="LOSAng">1857.87733333333</dst>
            <dst id="NYCMng">7364.23466666667</dst>
            <dst id="SNVAng">16537.1546666667</dst>
            <dst id="STTLng">1042.97866666667</dst>
            <dst id="WASHng">8426.15733333333</dst>
        </src>
        <src id="WASHng">
            <dst id="ATLA-M5">90.016</dst>
            <dst id="ATLAng">59694.6506666667</dst>
            <dst id="CHINng">94022.2453333333</dst>
            <dst id="DNVRng">43669.016</dst>
            <dst id="HSTNng">12109.1066666667</dst>
            <dst id="IPLSng">19504.2053333333</dst>
            <dst id="KSCYng">35088.6426666667</dst>
            <dst id="LOSAng">74248.912</dst>
            <dst id="NYCMng">123113.002666667</dst>
            <dst id="SNVAng">30445.4693333333</dst>
            <dst id="STTLng">18551.728</dst>
            <dst id="WASHng">312926.32</dst>
        </src>
    </IntraTM>
</TrafficMatrixFile>
