<?xml version="1.0" encoding="ISO-8859-1" standalone="yes"?>
<TrafficMatrixFile xsi:noNamespaceSchemaLocation="http://totem.run.montefiore.ulg.ac.be/Schema/TrafficMatrix-v1_2.xsd" xmlns:xsi="http://www.w3.org/2001/XMLSchema-instance">
    <IntraTM ASID="11537">
        <src id="ATLA-M5">
            <dst id="ATLA-M5">26.6666666666667</dst>
            <dst id="ATLAng">293.24</dst>
            <dst id="CHINng">242.928</dst>
            <dst id="DNVRng">0</dst>
            <dst id="HSTNng">64.656</dst>
            <dst id="IPLSng">0</dst>
            <dst id="KSCYng">0</dst>
            <dst id="LOSAng">26.6666666666667</dst>
            <dst id="NYCMng">26.6666666666667</dst>
            <dst id="SNVAng">0</dst>
            <dst id="STTLng">420.210666666667</dst>
            <dst id="WASHng">396.722666666667</dst>
        </src>
        <src id="ATLAng">
            <dst id="ATLA-M5">108.848</dst>
            <dst id="ATLAng">19492.7066666667</dst>
            <dst id="CHINng">10659.6666666667</dst>
            <dst id="DNVRng">3252.50933333333</dst>
            <dst id="HSTNng">23525.2053333333</dst>
            <dst id="IPLSng">10010.7146666667</dst>
            <dst id="KSCYng">3812.424</dst>
            <dst id="LOSAng">10344.3173333333</dst>
            <dst id="NYCMng">1050.488</dst>
            <dst id="SNVAng">9663.64266666667</dst>
            <dst id="STTLng">2625.24533333333</dst>
            <dst id="WASHng">17208.592</dst>
        </src>
        <src id="CHINng">
            <dst id="ATLA-M5">126.064</dst>
            <dst id="ATLAng">16303.9813333333</dst>
            <dst id="CHINng">149859.362666667</dst>
            <dst id="DNVRng">3260.10133333333</dst>
            <dst id="HSTNng">6180.40266666667</dst>
            <dst id="IPLSng">18272.888</dst>
            <dst id="KSCYng">6644.14666666667</dst>
            <dst id="LOSAng">7196.536</dst>
            <dst id="NYCMng">7699.856</dst>
            <dst id="SNVAng">31382.832</dst>
            <dst id="STTLng">7539.06133333333</dst>
            <dst id="WASHng">15154.2213333333</dst>
        </src>
        <src id="DNVRng">
            <dst id="ATLA-M5">605.664</dst>
            <dst id="ATLAng">3309.74933333333</dst>
            <dst id="CHINng">33587.3946666667</dst>
            <dst id="DNVRng">9253.32</dst>
            <dst id="HSTNng">23003.5013333333</dst>
            <dst id="IPLSng">30865.3653333333</dst>
            <dst id="KSCYng">15900.2586666667</dst>
            <dst id="LOSAng">5236.024</dst>
            <dst id="NYCMng">15926.6853333333</dst>
            <dst id="SNVAng">19215.3866666667</dst>
            <dst id="STTLng">4762.41333333333</dst>
            <dst id="WASHng">39932.6213333333</dst>
        </src>
        <src id="HSTNng">
            <dst id="ATLA-M5">2360.61866666667</dst>
            <dst id="ATLAng">1067.41333333333</dst>
            <dst id="CHINng">12206.984</dst>
            <dst id="DNVRng">708.277333333333</dst>
            <dst id="HSTNng">16972.5226666667</dst>
            <dst id="IPLSng">335.410666666667</dst>
            <dst id="KSCYng">691.285333333333</dst>
            <dst id="LOSAng">2192.73333333333</dst>
            <dst id="NYCMng">1164.256</dst>
            <dst id="SNVAng">0</dst>
            <dst id="STTLng">775.410666666667</dst>
            <dst id="WASHng">2916.64266666667</dst>
        </src>
        <src id="IPLSng">
            <dst id="ATLA-M5">0</dst>
            <dst id="ATLAng">6659.76533333333</dst>
            <dst id="CHINng">64219.4373333333</dst>
            <dst id="DNVRng">7758.73066666667</dst>
            <dst id="HSTNng">621.178666666667</dst>
            <dst id="IPLSng">19838.4906666667</dst>
            <dst id="KSCYng">3138.93866666667</dst>
            <dst id="LOSAng">11361.0453333333</dst>
            <dst id="NYCMng">7267.488</dst>
            <dst id="SNVAng">21552.2933333333</dst>
            <dst id="STTLng">14639.688</dst>
            <dst id="WASHng">11156.496</dst>
        </src>
        <src id="KSCYng">
            <dst id="ATLA-M5">28.1306666666667</dst>
            <dst id="ATLAng">4895.45866666667</dst>
            <dst id="CHINng">9626.69866666667</dst>
            <dst id="DNVRng">4763.45333333333</dst>
            <dst id="HSTNng">3106.752</dst>
            <dst id="IPLSng">11073.0986666667</dst>
            <dst id="KSCYng">6988.664</dst>
            <dst id="LOSAng">1639.55733333333</dst>
            <dst id="NYCMng">2197.41866666667</dst>
            <dst id="SNVAng">5202.14933333333</dst>
            <dst id="STTLng">671.218666666667</dst>
            <dst id="WASHng">6765.88533333333</dst>
        </src>
        <src id="LOSAng">
            <dst id="ATLA-M5">0</dst>
            <dst id="ATLAng">9817.488</dst>
            <dst id="CHINng">58566.488</dst>
            <dst id="DNVRng">9362.728</dst>
            <dst id="HSTNng">1583.73866666667</dst>
            <dst id="IPLSng">7932.79733333333</dst>
            <dst id="KSCYng">2031.36533333333</dst>
            <dst id="LOSAng">21740.6106666667</dst>
            <dst id="NYCMng">27467.4613333333</dst>
            <dst id="SNVAng">29040.9493333333</dst>
            <dst id="STTLng">35010.1493333333</dst>
            <dst id="WASHng">73181.64</dst>
        </src>
        <src id="NYCMng">
            <dst id="ATLA-M5">293.152</dst>
            <dst id="ATLAng">6434.72266666667</dst>
            <dst id="CHINng">20174.96</dst>
            <dst id="DNVRng">26004.52</dst>
            <dst id="HSTNng">6768.72</dst>
            <dst id="IPLSng">8382.21866666667</dst>
            <dst id="KSCYng">5352.416</dst>
            <dst id="LOSAng">5952.33866666667</dst>
            <dst id="NYCMng">67630.7866666667</dst>
            <dst id="SNVAng">33511.5493333333</dst>
            <dst id="STTLng">23094.0666666667</dst>
            <dst id="WASHng">62674.6426666667</dst>
        </src>
        <src id="SNVAng">
            <dst id="ATLA-M5">0</dst>
            <dst id="ATLAng">26.6666666666667</dst>
            <dst id="CHINng">80</dst>
            <dst id="DNVRng">2113.21866666667</dst>
            <dst id="HSTNng">0</dst>
            <dst id="IPLSng">185.405333333333</dst>
            <dst id="KSCYng">26.6666666666667</dst>
            <dst id="LOSAng">1086.11733333333</dst>
            <dst id="NYCMng">0</dst>
            <dst id="SNVAng">28986.2533333333</dst>
            <dst id="STTLng">37899.608</dst>
            <dst id="WASHng">82.5066666666667</dst>
        </src>
        <src id="STTLng">
            <dst id="ATLA-M5">62.24</dst>
            <dst id="ATLAng">4542.48</dst>
            <dst id="CHINng">14817.1866666667</dst>
            <dst id="DNVRng">4144.85333333333</dst>
            <dst id="HSTNng">2203.432</dst>
            <dst id="IPLSng">12585.736</dst>
            <dst id="KSCYng">1168.82933333333</dst>
            <dst id="LOSAng">5998.42933333333</dst>
            <dst id="NYCMng">12093.5786666667</dst>
            <dst id="SNVAng">29596.0853333333</dst>
            <dst id="STTLng">1390.75733333333</dst>
            <dst id="WASHng">5507.67466666667</dst>
        </src>
        <src id="WASHng">
            <dst id="ATLA-M5">483.032</dst>
            <dst id="ATLAng">82012.6613333333</dst>
            <dst id="CHINng">95763.4773333333</dst>
            <dst id="DNVRng">23957.8426666667</dst>
            <dst id="HSTNng">20279.5813333333</dst>
            <dst id="IPLSng">30673.16</dst>
            <dst id="KSCYng">31660.76</dst>
            <dst id="LOSAng">73484.9573333333</dst>
            <dst id="NYCMng">132671.858666667</dst>
            <dst id="SNVAng">37682.4826666667</dst>
            <dst id="STTLng">34014.5173333333</dst>
            <dst id="WASHng">181390.032</dst>
        </src>
    </IntraTM>
</TrafficMatrixFile>
