<?xml version="1.0" encoding="ISO-8859-1" standalone="yes"?>
<TrafficMatrixFile xsi:noNamespaceSchemaLocation="http://totem.run.montefiore.ulg.ac.be/Schema/TrafficMatrix-v1_2.xsd" xmlns:xsi="http://www.w3.org/2001/XMLSchema-instance">
    <IntraTM ASID="11537">
        <src id="ATLA-M5">
            <dst id="ATLA-M5">0</dst>
            <dst id="ATLAng">26.6666666666667</dst>
            <dst id="CHINng">116.266666666667</dst>
            <dst id="DNVRng">0</dst>
            <dst id="HSTNng">91.3653333333333</dst>
            <dst id="IPLSng">56</dst>
            <dst id="KSCYng">0</dst>
            <dst id="LOSAng">40</dst>
            <dst id="NYCMng">0</dst>
            <dst id="SNVAng">13.3333333333333</dst>
            <dst id="STTLng">0</dst>
            <dst id="WASHng">199.509333333333</dst>
        </src>
        <src id="ATLAng">
            <dst id="ATLA-M5">92.688</dst>
            <dst id="ATLAng">38283.056</dst>
            <dst id="CHINng">7694.93333333333</dst>
            <dst id="DNVRng">1987.984</dst>
            <dst id="HSTNng">1441.37333333333</dst>
            <dst id="IPLSng">11230.76</dst>
            <dst id="KSCYng">596.962666666667</dst>
            <dst id="LOSAng">4075.67466666667</dst>
            <dst id="NYCMng">1248.87733333333</dst>
            <dst id="SNVAng">3608.24533333333</dst>
            <dst id="STTLng">782.832</dst>
            <dst id="WASHng">15236.2506666667</dst>
        </src>
        <src id="CHINng">
            <dst id="ATLA-M5">174.424</dst>
            <dst id="ATLAng">7845.192</dst>
            <dst id="CHINng">106306.029333333</dst>
            <dst id="DNVRng">1119.544</dst>
            <dst id="HSTNng">2049.30133333333</dst>
            <dst id="IPLSng">11035.1226666667</dst>
            <dst id="KSCYng">2566.84</dst>
            <dst id="LOSAng">821.325333333333</dst>
            <dst id="NYCMng">11212.4373333333</dst>
            <dst id="SNVAng">15660.768</dst>
            <dst id="STTLng">8337.58133333333</dst>
            <dst id="WASHng">73880.488</dst>
        </src>
        <src id="DNVRng">
            <dst id="ATLA-M5">0</dst>
            <dst id="ATLAng">2565.936</dst>
            <dst id="CHINng">6796.01066666667</dst>
            <dst id="DNVRng">18138.712</dst>
            <dst id="HSTNng">9356.448</dst>
            <dst id="IPLSng">3649.816</dst>
            <dst id="KSCYng">20071.1013333333</dst>
            <dst id="LOSAng">708.010666666667</dst>
            <dst id="NYCMng">3105.48533333333</dst>
            <dst id="SNVAng">34802.928</dst>
            <dst id="STTLng">5619.71733333333</dst>
            <dst id="WASHng">6586</dst>
        </src>
        <src id="HSTNng">
            <dst id="ATLA-M5">3544.792</dst>
            <dst id="ATLAng">559.650666666667</dst>
            <dst id="CHINng">4788.816</dst>
            <dst id="DNVRng">763.098666666667</dst>
            <dst id="HSTNng">19147.1093333333</dst>
            <dst id="IPLSng">1264.664</dst>
            <dst id="KSCYng">817.333333333333</dst>
            <dst id="LOSAng">988.08</dst>
            <dst id="NYCMng">1616.44</dst>
            <dst id="SNVAng">26.6666666666667</dst>
            <dst id="STTLng">2000.66666666667</dst>
            <dst id="WASHng">3280.07733333333</dst>
        </src>
        <src id="IPLSng">
            <dst id="ATLA-M5">0</dst>
            <dst id="ATLAng">4064.616</dst>
            <dst id="CHINng">26728.36</dst>
            <dst id="DNVRng">7673.128</dst>
            <dst id="HSTNng">334.741333333333</dst>
            <dst id="IPLSng">3426.10133333333</dst>
            <dst id="KSCYng">1366.17066666667</dst>
            <dst id="LOSAng">588.608</dst>
            <dst id="NYCMng">6448.816</dst>
            <dst id="SNVAng">764.816</dst>
            <dst id="STTLng">1656.21333333333</dst>
            <dst id="WASHng">8520.91466666667</dst>
        </src>
        <src id="KSCYng">
            <dst id="ATLA-M5">0</dst>
            <dst id="ATLAng">2362.03733333333</dst>
            <dst id="CHINng">8618.14933333333</dst>
            <dst id="DNVRng">4579.75466666667</dst>
            <dst id="HSTNng">3739.8</dst>
            <dst id="IPLSng">10031.528</dst>
            <dst id="KSCYng">6777.02666666667</dst>
            <dst id="LOSAng">134.229333333333</dst>
            <dst id="NYCMng">782.530666666667</dst>
            <dst id="SNVAng">5391.68266666667</dst>
            <dst id="STTLng">557.106666666667</dst>
            <dst id="WASHng">7364.65866666667</dst>
        </src>
        <src id="LOSAng">
            <dst id="ATLA-M5">0</dst>
            <dst id="ATLAng">0</dst>
            <dst id="CHINng">0</dst>
            <dst id="DNVRng">0</dst>
            <dst id="HSTNng">0</dst>
            <dst id="IPLSng">0</dst>
            <dst id="KSCYng">0</dst>
            <dst id="LOSAng">0</dst>
            <dst id="NYCMng">0</dst>
            <dst id="SNVAng">0</dst>
            <dst id="STTLng">0</dst>
            <dst id="WASHng">0</dst>
        </src>
        <src id="NYCMng">
            <dst id="ATLA-M5">107.434666666667</dst>
            <dst id="ATLAng">12294.856</dst>
            <dst id="CHINng">17896.696</dst>
            <dst id="DNVRng">33011.5706666667</dst>
            <dst id="HSTNng">10419.728</dst>
            <dst id="IPLSng">10474.0853333333</dst>
            <dst id="KSCYng">3319.53333333333</dst>
            <dst id="LOSAng">1793.912</dst>
            <dst id="NYCMng">84290.1066666667</dst>
            <dst id="SNVAng">25230.5333333333</dst>
            <dst id="STTLng">17194.1386666667</dst>
            <dst id="WASHng">32183.1573333333</dst>
        </src>
        <src id="SNVAng">
            <dst id="ATLA-M5">0</dst>
            <dst id="ATLAng">26.6666666666667</dst>
            <dst id="CHINng">40</dst>
            <dst id="DNVRng">3242.21333333333</dst>
            <dst id="HSTNng">53.3333333333333</dst>
            <dst id="IPLSng">105.189333333333</dst>
            <dst id="KSCYng">591.341333333333</dst>
            <dst id="LOSAng">2628.44</dst>
            <dst id="NYCMng">103.845333333333</dst>
            <dst id="SNVAng">41562.1306666667</dst>
            <dst id="STTLng">52141.944</dst>
            <dst id="WASHng">0</dst>
        </src>
        <src id="STTLng">
            <dst id="ATLA-M5">0</dst>
            <dst id="ATLAng">550.328</dst>
            <dst id="CHINng">6559.728</dst>
            <dst id="DNVRng">3290.72266666667</dst>
            <dst id="HSTNng">932.517333333333</dst>
            <dst id="IPLSng">2558.53066666667</dst>
            <dst id="KSCYng">510.632</dst>
            <dst id="LOSAng">1732.82133333333</dst>
            <dst id="NYCMng">4402.184</dst>
            <dst id="SNVAng">20361.9333333333</dst>
            <dst id="STTLng">1612.40266666667</dst>
            <dst id="WASHng">3320.56</dst>
        </src>
        <src id="WASHng">
            <dst id="ATLA-M5">169.354666666667</dst>
            <dst id="ATLAng">118369.466666667</dst>
            <dst id="CHINng">63421.6986666666</dst>
            <dst id="DNVRng">29490.9493333333</dst>
            <dst id="HSTNng">34248.1706666667</dst>
            <dst id="IPLSng">29680.0106666667</dst>
            <dst id="KSCYng">36147.752</dst>
            <dst id="LOSAng">5686.49066666667</dst>
            <dst id="NYCMng">125850.72</dst>
            <dst id="SNVAng">32347.216</dst>
            <dst id="STTLng">25809.696</dst>
            <dst id="WASHng">193528.496</dst>
        </src>
    </IntraTM>
</TrafficMatrixFile>
