<?xml version="1.0" encoding="ISO-8859-1" standalone="yes"?>
<TrafficMatrixFile xsi:noNamespaceSchemaLocation="http://totem.run.montefiore.ulg.ac.be/Schema/TrafficMatrix-v1_2.xsd" xmlns:xsi="http://www.w3.org/2001/XMLSchema-instance">
    <IntraTM ASID="11537">
        <src id="ATLA-M5">
            <dst id="ATLA-M5">84</dst>
            <dst id="ATLAng">0</dst>
            <dst id="CHINng">53.3333333333333</dst>
            <dst id="DNVRng">1234.53866666667</dst>
            <dst id="HSTNng">52.864</dst>
            <dst id="IPLSng">0</dst>
            <dst id="KSCYng">0</dst>
            <dst id="LOSAng">61.7813333333333</dst>
            <dst id="NYCMng">95.52</dst>
            <dst id="SNVAng">61.8026666666667</dst>
            <dst id="STTLng">104.672</dst>
            <dst id="WASHng">257.285333333333</dst>
        </src>
        <src id="ATLAng">
            <dst id="ATLA-M5">0</dst>
            <dst id="ATLAng">24441.2746666667</dst>
            <dst id="CHINng">5198.232</dst>
            <dst id="DNVRng">2931.60266666667</dst>
            <dst id="HSTNng">8776.792</dst>
            <dst id="IPLSng">11706.224</dst>
            <dst id="KSCYng">686.608</dst>
            <dst id="LOSAng">12409.716</dst>
            <dst id="NYCMng">2420.648</dst>
            <dst id="SNVAng">41.4573333333333</dst>
            <dst id="STTLng">3211.98666666667</dst>
            <dst id="WASHng">27865.944</dst>
        </src>
        <src id="CHINng">
            <dst id="ATLA-M5">240</dst>
            <dst id="ATLAng">8486.79733333333</dst>
            <dst id="CHINng">30725.592</dst>
            <dst id="DNVRng">7955.10133333333</dst>
            <dst id="HSTNng">23407.5733333333</dst>
            <dst id="IPLSng">16100.52</dst>
            <dst id="KSCYng">6596.776</dst>
            <dst id="LOSAng">33087.04</dst>
            <dst id="NYCMng">22670.8933333333</dst>
            <dst id="SNVAng">550.184</dst>
            <dst id="STTLng">7942.688</dst>
            <dst id="WASHng">11234.6853333333</dst>
        </src>
        <src id="DNVRng">
            <dst id="ATLA-M5">105.546666666667</dst>
            <dst id="ATLAng">3328.79466666667</dst>
            <dst id="CHINng">42827.072</dst>
            <dst id="DNVRng">9848.64533333333</dst>
            <dst id="HSTNng">23165.4533333333</dst>
            <dst id="IPLSng">30543.5866666667</dst>
            <dst id="KSCYng">16969.7226666667</dst>
            <dst id="LOSAng">11020.5306666667</dst>
            <dst id="NYCMng">13589.1306666667</dst>
            <dst id="SNVAng">6651.432</dst>
            <dst id="STTLng">4030.24533333333</dst>
            <dst id="WASHng">51444.816</dst>
        </src>
        <src id="HSTNng">
            <dst id="ATLA-M5">1096.50666666667</dst>
            <dst id="ATLAng">11600.3093333333</dst>
            <dst id="CHINng">7120.96533333333</dst>
            <dst id="DNVRng">1058.83733333333</dst>
            <dst id="HSTNng">16780.3066666667</dst>
            <dst id="IPLSng">1636.93066666667</dst>
            <dst id="KSCYng">1510.92</dst>
            <dst id="LOSAng">9250.22133333333</dst>
            <dst id="NYCMng">3348.74933333333</dst>
            <dst id="SNVAng">53.3333333333333</dst>
            <dst id="STTLng">885.397333333333</dst>
            <dst id="WASHng">11751.3706666667</dst>
        </src>
        <src id="IPLSng">
            <dst id="ATLA-M5">822.877333333333</dst>
            <dst id="ATLAng">7390.57333333333</dst>
            <dst id="CHINng">24355.7173333333</dst>
            <dst id="DNVRng">8461.05066666667</dst>
            <dst id="HSTNng">824.866666666667</dst>
            <dst id="IPLSng">5067.66666666667</dst>
            <dst id="KSCYng">3949.56266666667</dst>
            <dst id="LOSAng">11146.56</dst>
            <dst id="NYCMng">17286.0746666667</dst>
            <dst id="SNVAng">271.061333333333</dst>
            <dst id="STTLng">6070.17866666667</dst>
            <dst id="WASHng">9118.06666666667</dst>
        </src>
        <src id="KSCYng">
            <dst id="ATLA-M5">0</dst>
            <dst id="ATLAng">3211.61333333333</dst>
            <dst id="CHINng">9521.52</dst>
            <dst id="DNVRng">6183.19733333333</dst>
            <dst id="HSTNng">5886.8</dst>
            <dst id="IPLSng">12103.256</dst>
            <dst id="KSCYng">7437.06666666666</dst>
            <dst id="LOSAng">7133.58933333333</dst>
            <dst id="NYCMng">1503.08</dst>
            <dst id="SNVAng">9335.12533333333</dst>
            <dst id="STTLng">1004.056</dst>
            <dst id="WASHng">19827.2853333333</dst>
        </src>
        <src id="LOSAng">
            <dst id="ATLA-M5">0</dst>
            <dst id="ATLAng">11252</dst>
            <dst id="CHINng">40318.376</dst>
            <dst id="DNVRng">16247.4773333333</dst>
            <dst id="HSTNng">3817.936</dst>
            <dst id="IPLSng">12322.3546666667</dst>
            <dst id="KSCYng">7159.20533333333</dst>
            <dst id="LOSAng">15668.176</dst>
            <dst id="NYCMng">21947.8053333333</dst>
            <dst id="SNVAng">25110.6186666667</dst>
            <dst id="STTLng">29299</dst>
            <dst id="WASHng">92700.112</dst>
        </src>
        <src id="NYCMng">
            <dst id="ATLA-M5">1499.81866666667</dst>
            <dst id="ATLAng">8146.888</dst>
            <dst id="CHINng">21130.4933333333</dst>
            <dst id="DNVRng">23953.1226666667</dst>
            <dst id="HSTNng">7480.92266666667</dst>
            <dst id="IPLSng">13706.256</dst>
            <dst id="KSCYng">8519.74933333333</dst>
            <dst id="LOSAng">57402.7413333333</dst>
            <dst id="NYCMng">109878.589333333</dst>
            <dst id="SNVAng">610.957333333333</dst>
            <dst id="STTLng">21940.6746666667</dst>
            <dst id="WASHng">32688.0186666667</dst>
        </src>
        <src id="SNVAng">
            <dst id="ATLA-M5">0</dst>
            <dst id="ATLAng">26.6666666666667</dst>
            <dst id="CHINng">53.3333333333333</dst>
            <dst id="DNVRng">2144.62933333333</dst>
            <dst id="HSTNng">0</dst>
            <dst id="IPLSng">353.08</dst>
            <dst id="KSCYng">0</dst>
            <dst id="LOSAng">36672.496</dst>
            <dst id="NYCMng">26.6666666666667</dst>
            <dst id="SNVAng">8781.09066666667</dst>
            <dst id="STTLng">35774.7493333333</dst>
            <dst id="WASHng">0</dst>
        </src>
        <src id="STTLng">
            <dst id="ATLA-M5">111.232</dst>
            <dst id="ATLAng">6167.42933333333</dst>
            <dst id="CHINng">8456.85866666667</dst>
            <dst id="DNVRng">1966.56533333333</dst>
            <dst id="HSTNng">648.082666666667</dst>
            <dst id="IPLSng">6431.48533333333</dst>
            <dst id="KSCYng">1308.36533333333</dst>
            <dst id="LOSAng">13147.072</dst>
            <dst id="NYCMng">12764.216</dst>
            <dst id="SNVAng">9023.16266666667</dst>
            <dst id="STTLng">1242.264</dst>
            <dst id="WASHng">5523.91466666667</dst>
        </src>
        <src id="WASHng">
            <dst id="ATLA-M5">280.949333333333</dst>
            <dst id="ATLAng">70589.0933333333</dst>
            <dst id="CHINng">56849.4293333333</dst>
            <dst id="DNVRng">61379.4533333334</dst>
            <dst id="HSTNng">24201.5813333333</dst>
            <dst id="IPLSng">53123.2053333333</dst>
            <dst id="KSCYng">38587.104</dst>
            <dst id="LOSAng">122026.997333333</dst>
            <dst id="NYCMng">165796.493333333</dst>
            <dst id="SNVAng">1181.104</dst>
            <dst id="STTLng">41475.9893333333</dst>
            <dst id="WASHng">166896.88</dst>
        </src>
    </IntraTM>
</TrafficMatrixFile>
