<?xml version="1.0" encoding="ISO-8859-1" standalone="yes"?>
<TrafficMatrixFile xsi:noNamespaceSchemaLocation="http://totem.run.montefiore.ulg.ac.be/Schema/TrafficMatrix-v1_2.xsd" xmlns:xsi="http://www.w3.org/2001/XMLSchema-instance">
    <IntraTM ASID="11537">
        <src id="ATLA-M5">
            <dst id="ATLA-M5">3933.77333333333</dst>
            <dst id="ATLAng">26.6666666666667</dst>
            <dst id="CHINng">80</dst>
            <dst id="DNVRng">26.6666666666667</dst>
            <dst id="HSTNng">55.2933333333333</dst>
            <dst id="IPLSng">52.2133333333333</dst>
            <dst id="KSCYng">0</dst>
            <dst id="LOSAng">48.7893333333333</dst>
            <dst id="NYCMng">26.6666666666667</dst>
            <dst id="SNVAng">22.1226666666667</dst>
            <dst id="STTLng">482.288</dst>
            <dst id="WASHng">317.296</dst>
        </src>
        <src id="ATLAng">
            <dst id="ATLA-M5">84.8613333333333</dst>
            <dst id="ATLAng">29838.6053333333</dst>
            <dst id="CHINng">7931.45866666667</dst>
            <dst id="DNVRng">2327.4</dst>
            <dst id="HSTNng">562.557333333333</dst>
            <dst id="IPLSng">17583.0746666667</dst>
            <dst id="KSCYng">1290.17866666667</dst>
            <dst id="LOSAng">6084.08933333333</dst>
            <dst id="NYCMng">2979.92533333333</dst>
            <dst id="SNVAng">5504.92933333333</dst>
            <dst id="STTLng">1861.384</dst>
            <dst id="WASHng">37712.0133333333</dst>
        </src>
        <src id="CHINng">
            <dst id="ATLA-M5">1271.02933333333</dst>
            <dst id="ATLAng">7048.42666666667</dst>
            <dst id="CHINng">85131.7866666667</dst>
            <dst id="DNVRng">3763.68</dst>
            <dst id="HSTNng">5589.36533333333</dst>
            <dst id="IPLSng">9679.872</dst>
            <dst id="KSCYng">6351.42933333333</dst>
            <dst id="LOSAng">7625.45866666667</dst>
            <dst id="NYCMng">8657.94133333333</dst>
            <dst id="SNVAng">20498.008</dst>
            <dst id="STTLng">7438.53066666667</dst>
            <dst id="WASHng">16801.1706666667</dst>
        </src>
        <src id="DNVRng">
            <dst id="ATLA-M5">124.352</dst>
            <dst id="ATLAng">3199.18666666667</dst>
            <dst id="CHINng">58939.1706666667</dst>
            <dst id="DNVRng">11634.6106666667</dst>
            <dst id="HSTNng">33180.6186666667</dst>
            <dst id="IPLSng">24088.6986666667</dst>
            <dst id="KSCYng">21255.9546666667</dst>
            <dst id="LOSAng">1305.25866666667</dst>
            <dst id="NYCMng">19889.1306666667</dst>
            <dst id="SNVAng">25770.6213333333</dst>
            <dst id="STTLng">9749.82666666667</dst>
            <dst id="WASHng">41860.496</dst>
        </src>
        <src id="HSTNng">
            <dst id="ATLA-M5">1743.06133333333</dst>
            <dst id="ATLAng">903.309333333333</dst>
            <dst id="CHINng">21034.32</dst>
            <dst id="DNVRng">1194.17066666667</dst>
            <dst id="HSTNng">13592.016</dst>
            <dst id="IPLSng">6143.48</dst>
            <dst id="KSCYng">833.301333333333</dst>
            <dst id="LOSAng">822.2</dst>
            <dst id="NYCMng">4803.70133333333</dst>
            <dst id="SNVAng">26.6666666666667</dst>
            <dst id="STTLng">1147.96266666667</dst>
            <dst id="WASHng">823.818666666667</dst>
        </src>
        <src id="IPLSng">
            <dst id="ATLA-M5">3738.94933333333</dst>
            <dst id="ATLAng">5186.4</dst>
            <dst id="CHINng">72309.72</dst>
            <dst id="DNVRng">7793.98666666667</dst>
            <dst id="HSTNng">529.386666666667</dst>
            <dst id="IPLSng">3659.93333333333</dst>
            <dst id="KSCYng">919.821333333333</dst>
            <dst id="LOSAng">4660.32</dst>
            <dst id="NYCMng">8805.64</dst>
            <dst id="SNVAng">12941.8906666667</dst>
            <dst id="STTLng">7872.06933333333</dst>
            <dst id="WASHng">7154.13866666667</dst>
        </src>
        <src id="KSCYng">
            <dst id="ATLA-M5">26.6666666666667</dst>
            <dst id="ATLAng">2445.45866666667</dst>
            <dst id="CHINng">16926.4613333333</dst>
            <dst id="DNVRng">4520.25333333333</dst>
            <dst id="HSTNng">2739.11466666667</dst>
            <dst id="IPLSng">11904.9573333333</dst>
            <dst id="KSCYng">10606.8106666667</dst>
            <dst id="LOSAng">1914.69066666667</dst>
            <dst id="NYCMng">2223.64</dst>
            <dst id="SNVAng">4800.13066666667</dst>
            <dst id="STTLng">595.76</dst>
            <dst id="WASHng">5629.87733333333</dst>
        </src>
        <src id="LOSAng">
            <dst id="ATLA-M5">0</dst>
            <dst id="ATLAng">4064.97066666667</dst>
            <dst id="CHINng">94098.2053333333</dst>
            <dst id="DNVRng">9021.88533333333</dst>
            <dst id="HSTNng">2608.65066666667</dst>
            <dst id="IPLSng">8742.31466666667</dst>
            <dst id="KSCYng">780.338666666667</dst>
            <dst id="LOSAng">29633.272</dst>
            <dst id="NYCMng">22198.1546666667</dst>
            <dst id="SNVAng">25872.6666666667</dst>
            <dst id="STTLng">15427.1893333333</dst>
            <dst id="WASHng">71821.952</dst>
        </src>
        <src id="NYCMng">
            <dst id="ATLA-M5">57.8666666666667</dst>
            <dst id="ATLAng">9006.01866666667</dst>
            <dst id="CHINng">30520.9546666667</dst>
            <dst id="DNVRng">29148.4346666667</dst>
            <dst id="HSTNng">1876.97066666667</dst>
            <dst id="IPLSng">4806.34133333333</dst>
            <dst id="KSCYng">3531.776</dst>
            <dst id="LOSAng">7388.37866666667</dst>
            <dst id="NYCMng">96169.784</dst>
            <dst id="SNVAng">42551.312</dst>
            <dst id="STTLng">20689.736</dst>
            <dst id="WASHng">34562.176</dst>
        </src>
        <src id="SNVAng">
            <dst id="ATLA-M5">0</dst>
            <dst id="ATLAng">26.6666666666667</dst>
            <dst id="CHINng">26.6666666666667</dst>
            <dst id="DNVRng">5428.59733333333</dst>
            <dst id="HSTNng">0</dst>
            <dst id="IPLSng">206.68</dst>
            <dst id="KSCYng">0</dst>
            <dst id="LOSAng">1748.57066666667</dst>
            <dst id="NYCMng">8212</dst>
            <dst id="SNVAng">32097.32</dst>
            <dst id="STTLng">30279.0186666667</dst>
            <dst id="WASHng">46.1813333333333</dst>
        </src>
        <src id="STTLng">
            <dst id="ATLA-M5">26.6666666666667</dst>
            <dst id="ATLAng">3932.90666666667</dst>
            <dst id="CHINng">24406.7413333333</dst>
            <dst id="DNVRng">4043.53866666667</dst>
            <dst id="HSTNng">1213.87466666667</dst>
            <dst id="IPLSng">8745.54133333333</dst>
            <dst id="KSCYng">1472.21066666667</dst>
            <dst id="LOSAng">2270.936</dst>
            <dst id="NYCMng">7180.48</dst>
            <dst id="SNVAng">17410.2933333333</dst>
            <dst id="STTLng">1743.94133333333</dst>
            <dst id="WASHng">9034.288</dst>
        </src>
        <src id="WASHng">
            <dst id="ATLA-M5">26.6666666666667</dst>
            <dst id="ATLAng">92764.1893333334</dst>
            <dst id="CHINng">83706.8373333333</dst>
            <dst id="DNVRng">25917.144</dst>
            <dst id="HSTNng">12834.6133333333</dst>
            <dst id="IPLSng">17887.7813333333</dst>
            <dst id="KSCYng">33321.1546666667</dst>
            <dst id="LOSAng">74387.3413333333</dst>
            <dst id="NYCMng">102648.024</dst>
            <dst id="SNVAng">38488.5093333333</dst>
            <dst id="STTLng">20591.272</dst>
            <dst id="WASHng">284261.013333333</dst>
        </src>
    </IntraTM>
</TrafficMatrixFile>
