<?xml version="1.0" encoding="ISO-8859-1" standalone="yes"?>
<TrafficMatrixFile xsi:noNamespaceSchemaLocation="http://totem.run.montefiore.ulg.ac.be/Schema/TrafficMatrix-v1_2.xsd" xmlns:xsi="http://www.w3.org/2001/XMLSchema-instance">
    <IntraTM ASID="11537">
        <src id="ATLA-M5">
            <dst id="ATLA-M5">0</dst>
            <dst id="ATLAng">0</dst>
            <dst id="CHINng">171.658666666667</dst>
            <dst id="DNVRng">0</dst>
            <dst id="HSTNng">58.28</dst>
            <dst id="IPLSng">26.6666666666667</dst>
            <dst id="KSCYng">0</dst>
            <dst id="LOSAng">266.76</dst>
            <dst id="NYCMng">90.304</dst>
            <dst id="SNVAng">98.8586666666667</dst>
            <dst id="STTLng">87.7333333333333</dst>
            <dst id="WASHng">406.624</dst>
        </src>
        <src id="ATLAng">
            <dst id="ATLA-M5">0</dst>
            <dst id="ATLAng">48506.136</dst>
            <dst id="CHINng">5086.632</dst>
            <dst id="DNVRng">7311.13866666667</dst>
            <dst id="HSTNng">895.725333333333</dst>
            <dst id="IPLSng">9286.856</dst>
            <dst id="KSCYng">885.016</dst>
            <dst id="LOSAng">9429.00666666666</dst>
            <dst id="NYCMng">2324.72</dst>
            <dst id="SNVAng">133.630666666667</dst>
            <dst id="STTLng">2742.99466666667</dst>
            <dst id="WASHng">26847.6853333333</dst>
        </src>
        <src id="CHINng">
            <dst id="ATLA-M5">103.781333333333</dst>
            <dst id="ATLAng">11507.368</dst>
            <dst id="CHINng">75418.3013333333</dst>
            <dst id="DNVRng">9648.47733333333</dst>
            <dst id="HSTNng">8297.168</dst>
            <dst id="IPLSng">27353.7866666667</dst>
            <dst id="KSCYng">12302.5013333333</dst>
            <dst id="LOSAng">38381.0693333333</dst>
            <dst id="NYCMng">20043.6293333333</dst>
            <dst id="SNVAng">1487.32533333333</dst>
            <dst id="STTLng">7643.14933333333</dst>
            <dst id="WASHng">20113.632</dst>
        </src>
        <src id="DNVRng">
            <dst id="ATLA-M5">229.92</dst>
            <dst id="ATLAng">11293.9946666667</dst>
            <dst id="CHINng">44964.208</dst>
            <dst id="DNVRng">3677.58666666667</dst>
            <dst id="HSTNng">19260.8506666667</dst>
            <dst id="IPLSng">36446.6133333333</dst>
            <dst id="KSCYng">10265.7386666667</dst>
            <dst id="LOSAng">8651.904</dst>
            <dst id="NYCMng">18321.992</dst>
            <dst id="SNVAng">6022.46133333334</dst>
            <dst id="STTLng">3799.50133333333</dst>
            <dst id="WASHng">36091.7946666667</dst>
        </src>
        <src id="HSTNng">
            <dst id="ATLA-M5">631.234666666667</dst>
            <dst id="ATLAng">4874.37066666667</dst>
            <dst id="CHINng">12482.6906666667</dst>
            <dst id="DNVRng">1969.67733333333</dst>
            <dst id="HSTNng">15801.44</dst>
            <dst id="IPLSng">2202.664</dst>
            <dst id="KSCYng">2157.75733333333</dst>
            <dst id="LOSAng">5701.12</dst>
            <dst id="NYCMng">5805.56533333333</dst>
            <dst id="SNVAng">148.976</dst>
            <dst id="STTLng">6636.584</dst>
            <dst id="WASHng">17313.968</dst>
        </src>
        <src id="IPLSng">
            <dst id="ATLA-M5">0</dst>
            <dst id="ATLAng">10772.3573333333</dst>
            <dst id="CHINng">28554.08</dst>
            <dst id="DNVRng">7967.82666666667</dst>
            <dst id="HSTNng">2703.15733333333</dst>
            <dst id="IPLSng">22867.4053333333</dst>
            <dst id="KSCYng">3131.984</dst>
            <dst id="LOSAng">16513.4853333333</dst>
            <dst id="NYCMng">7546.70933333333</dst>
            <dst id="SNVAng">819.994666666667</dst>
            <dst id="STTLng">5831.48533333333</dst>
            <dst id="WASHng">12574.8106666667</dst>
        </src>
        <src id="KSCYng">
            <dst id="ATLA-M5">0</dst>
            <dst id="ATLAng">5331.576</dst>
            <dst id="CHINng">14530.0826666667</dst>
            <dst id="DNVRng">4457.76</dst>
            <dst id="HSTNng">5148.672</dst>
            <dst id="IPLSng">12031.4</dst>
            <dst id="KSCYng">7737.09066666667</dst>
            <dst id="LOSAng">8867.816</dst>
            <dst id="NYCMng">2909.15733333333</dst>
            <dst id="SNVAng">3243.21333333333</dst>
            <dst id="STTLng">2646.53866666667</dst>
            <dst id="WASHng">10784.0853333333</dst>
        </src>
        <src id="LOSAng">
            <dst id="ATLA-M5">544.968</dst>
            <dst id="ATLAng">31845.7786666667</dst>
            <dst id="CHINng">69786.52</dst>
            <dst id="DNVRng">7182.72533333334</dst>
            <dst id="HSTNng">7054.616</dst>
            <dst id="IPLSng">21731.8693333333</dst>
            <dst id="KSCYng">5492.69066666667</dst>
            <dst id="LOSAng">11709.8986666667</dst>
            <dst id="NYCMng">28123.248</dst>
            <dst id="SNVAng">23978.44</dst>
            <dst id="STTLng">26959.8906666667</dst>
            <dst id="WASHng">64180.928</dst>
        </src>
        <src id="NYCMng">
            <dst id="ATLA-M5">350.568</dst>
            <dst id="ATLAng">17620.952</dst>
            <dst id="CHINng">14725.5973333333</dst>
            <dst id="DNVRng">23615.608</dst>
            <dst id="HSTNng">5855.06133333333</dst>
            <dst id="IPLSng">18866.0213333333</dst>
            <dst id="KSCYng">12119.376</dst>
            <dst id="LOSAng">63535.3866666667</dst>
            <dst id="NYCMng">75591.8826666667</dst>
            <dst id="SNVAng">1732.46133333333</dst>
            <dst id="STTLng">15024.912</dst>
            <dst id="WASHng">68951.7706666667</dst>
        </src>
        <src id="SNVAng">
            <dst id="ATLA-M5">0</dst>
            <dst id="ATLAng">80</dst>
            <dst id="CHINng">608.672</dst>
            <dst id="DNVRng">6483.24533333334</dst>
            <dst id="HSTNng">0</dst>
            <dst id="IPLSng">478.962666666667</dst>
            <dst id="KSCYng">128.682666666667</dst>
            <dst id="LOSAng">32357.3653333333</dst>
            <dst id="NYCMng">303.136</dst>
            <dst id="SNVAng">7732.016</dst>
            <dst id="STTLng">39856.192</dst>
            <dst id="WASHng">372.773333333333</dst>
        </src>
        <src id="STTLng">
            <dst id="ATLA-M5">83.728</dst>
            <dst id="ATLAng">7670.46933333333</dst>
            <dst id="CHINng">13382.1813333333</dst>
            <dst id="DNVRng">3570.648</dst>
            <dst id="HSTNng">1304.29866666667</dst>
            <dst id="IPLSng">8505.41866666667</dst>
            <dst id="KSCYng">1818.71733333333</dst>
            <dst id="LOSAng">15812.6373333333</dst>
            <dst id="NYCMng">10164.048</dst>
            <dst id="SNVAng">9153.296</dst>
            <dst id="STTLng">1177.37333333333</dst>
            <dst id="WASHng">12196.7786666667</dst>
        </src>
        <src id="WASHng">
            <dst id="ATLA-M5">7182.08</dst>
            <dst id="ATLAng">71156.7466666667</dst>
            <dst id="CHINng">52601.9093333333</dst>
            <dst id="DNVRng">45034.4666666667</dst>
            <dst id="HSTNng">24636.52</dst>
            <dst id="IPLSng">43292.448</dst>
            <dst id="KSCYng">33867.5786666667</dst>
            <dst id="LOSAng">101526.138666667</dst>
            <dst id="NYCMng">134828.152</dst>
            <dst id="SNVAng">1860.41066666667</dst>
            <dst id="STTLng">26234.1946666667</dst>
            <dst id="WASHng">248073.776</dst>
        </src>
    </IntraTM>
</TrafficMatrixFile>
