<?xml version="1.0" encoding="ISO-8859-1" standalone="yes"?>
<TrafficMatrixFile xsi:noNamespaceSchemaLocation="http://totem.run.montefiore.ulg.ac.be/Schema/TrafficMatrix-v1_2.xsd" xmlns:xsi="http://www.w3.org/2001/XMLSchema-instance">
    <IntraTM ASID="11537">
        <src id="ATLA-M5">
            <dst id="ATLA-M5">95.6746666666667</dst>
            <dst id="ATLAng">242.557333333333</dst>
            <dst id="CHINng">69.9333333333333</dst>
            <dst id="DNVRng">26.6666666666667</dst>
            <dst id="HSTNng">261.813333333333</dst>
            <dst id="IPLSng">53.3333333333333</dst>
            <dst id="KSCYng">95.232</dst>
            <dst id="LOSAng">33.4106666666667</dst>
            <dst id="NYCMng">123.410666666667</dst>
            <dst id="SNVAng">26.6666666666667</dst>
            <dst id="STTLng">141.229333333333</dst>
            <dst id="WASHng">875.341333333333</dst>
        </src>
        <src id="ATLAng">
            <dst id="ATLA-M5">6608.90933333333</dst>
            <dst id="ATLAng">41537.5786666667</dst>
            <dst id="CHINng">12316.1866666667</dst>
            <dst id="DNVRng">4928.88266666667</dst>
            <dst id="HSTNng">20141.36</dst>
            <dst id="IPLSng">13197.8986666667</dst>
            <dst id="KSCYng">5916.832</dst>
            <dst id="LOSAng">5024.616</dst>
            <dst id="NYCMng">16146.096</dst>
            <dst id="SNVAng">7945.04533333333</dst>
            <dst id="STTLng">2117.36533333333</dst>
            <dst id="WASHng">45883.9226666667</dst>
        </src>
        <src id="CHINng">
            <dst id="ATLA-M5">214.970666666667</dst>
            <dst id="ATLAng">13319.6213333333</dst>
            <dst id="CHINng">122574.642666667</dst>
            <dst id="DNVRng">2579.42666666667</dst>
            <dst id="HSTNng">9988.33066666667</dst>
            <dst id="IPLSng">98600.84</dst>
            <dst id="KSCYng">11822.7306666667</dst>
            <dst id="LOSAng">3213.68</dst>
            <dst id="NYCMng">10989.184</dst>
            <dst id="SNVAng">23901.6</dst>
            <dst id="STTLng">6956.256</dst>
            <dst id="WASHng">28820.5333333333</dst>
        </src>
        <src id="DNVRng">
            <dst id="ATLA-M5">146.304</dst>
            <dst id="ATLAng">11730.3253333333</dst>
            <dst id="CHINng">54008.7813333333</dst>
            <dst id="DNVRng">13291.768</dst>
            <dst id="HSTNng">26137.088</dst>
            <dst id="IPLSng">34752.6746666667</dst>
            <dst id="KSCYng">28273.88</dst>
            <dst id="LOSAng">1424.104</dst>
            <dst id="NYCMng">17665.5946666667</dst>
            <dst id="SNVAng">33497.6106666667</dst>
            <dst id="STTLng">10416.2213333333</dst>
            <dst id="WASHng">59678.456</dst>
        </src>
        <src id="HSTNng">
            <dst id="ATLA-M5">3686.69333333333</dst>
            <dst id="ATLAng">3100.06666666667</dst>
            <dst id="CHINng">22292.6693333333</dst>
            <dst id="DNVRng">1143.656</dst>
            <dst id="HSTNng">19915.1226666667</dst>
            <dst id="IPLSng">6485.664</dst>
            <dst id="KSCYng">1589.16</dst>
            <dst id="LOSAng">2008.89333333333</dst>
            <dst id="NYCMng">3066.34133333333</dst>
            <dst id="SNVAng">493.341333333333</dst>
            <dst id="STTLng">1209.43733333333</dst>
            <dst id="WASHng">3568.672</dst>
        </src>
        <src id="IPLSng">
            <dst id="ATLA-M5">0</dst>
            <dst id="ATLAng">7611.09866666667</dst>
            <dst id="CHINng">73656.7946666667</dst>
            <dst id="DNVRng">6003.152</dst>
            <dst id="HSTNng">3585.968</dst>
            <dst id="IPLSng">10224.728</dst>
            <dst id="KSCYng">2886.86133333333</dst>
            <dst id="LOSAng">674.845333333334</dst>
            <dst id="NYCMng">12248.048</dst>
            <dst id="SNVAng">5352.736</dst>
            <dst id="STTLng">6832.488</dst>
            <dst id="WASHng">16330.008</dst>
        </src>
        <src id="KSCYng">
            <dst id="ATLA-M5">0</dst>
            <dst id="ATLAng">4892.69333333333</dst>
            <dst id="CHINng">22418.2533333333</dst>
            <dst id="DNVRng">4101.61333333333</dst>
            <dst id="HSTNng">4697.34933333333</dst>
            <dst id="IPLSng">19043.7733333333</dst>
            <dst id="KSCYng">15845.3893333333</dst>
            <dst id="LOSAng">612.362666666667</dst>
            <dst id="NYCMng">2190.62933333333</dst>
            <dst id="SNVAng">4788.264</dst>
            <dst id="STTLng">1158.15466666667</dst>
            <dst id="WASHng">8320.78666666667</dst>
        </src>
        <src id="LOSAng">
            <dst id="ATLA-M5">80</dst>
            <dst id="ATLAng">14819.2213333333</dst>
            <dst id="CHINng">94736.6986666667</dst>
            <dst id="DNVRng">11611.9813333333</dst>
            <dst id="HSTNng">8161.86133333333</dst>
            <dst id="IPLSng">23983.6933333333</dst>
            <dst id="KSCYng">2441.04</dst>
            <dst id="LOSAng">15157.1306666667</dst>
            <dst id="NYCMng">59112.0853333333</dst>
            <dst id="SNVAng">21825.8373333333</dst>
            <dst id="STTLng">13504.3893333333</dst>
            <dst id="WASHng">90303.1946666667</dst>
        </src>
        <src id="NYCMng">
            <dst id="ATLA-M5">809.877333333334</dst>
            <dst id="ATLAng">32162.1893333333</dst>
            <dst id="CHINng">56730.5413333333</dst>
            <dst id="DNVRng">28256.1093333333</dst>
            <dst id="HSTNng">6031.48</dst>
            <dst id="IPLSng">16117.4133333333</dst>
            <dst id="KSCYng">6502.576</dst>
            <dst id="LOSAng">11693.7733333333</dst>
            <dst id="NYCMng">158023.824</dst>
            <dst id="SNVAng">50524.192</dst>
            <dst id="STTLng">13824.7573333333</dst>
            <dst id="WASHng">86021.5893333333</dst>
        </src>
        <src id="SNVAng">
            <dst id="ATLA-M5">26.6666666666667</dst>
            <dst id="ATLAng">595.749333333333</dst>
            <dst id="CHINng">106.666666666667</dst>
            <dst id="DNVRng">7421.90933333333</dst>
            <dst id="HSTNng">53.3333333333333</dst>
            <dst id="IPLSng">333.613333333333</dst>
            <dst id="KSCYng">26.6666666666667</dst>
            <dst id="LOSAng">2033.45866666667</dst>
            <dst id="NYCMng">80</dst>
            <dst id="SNVAng">38815.288</dst>
            <dst id="STTLng">40085</dst>
            <dst id="WASHng">1970.00266666667</dst>
        </src>
        <src id="STTLng">
            <dst id="ATLA-M5">590.453333333333</dst>
            <dst id="ATLAng">11665.0533333333</dst>
            <dst id="CHINng">27644.8186666667</dst>
            <dst id="DNVRng">4828.23733333333</dst>
            <dst id="HSTNng">4597.06666666667</dst>
            <dst id="IPLSng">10804.5546666667</dst>
            <dst id="KSCYng">4276.20533333333</dst>
            <dst id="LOSAng">3333.232</dst>
            <dst id="NYCMng">17116.6106666667</dst>
            <dst id="SNVAng">15320.24</dst>
            <dst id="STTLng">4983.25866666667</dst>
            <dst id="WASHng">143169.301333333</dst>
        </src>
        <src id="WASHng">
            <dst id="ATLA-M5">469.144</dst>
            <dst id="ATLAng">122142.797333333</dst>
            <dst id="CHINng">96881.296</dst>
            <dst id="DNVRng">22527.624</dst>
            <dst id="HSTNng">20923.584</dst>
            <dst id="IPLSng">48064.1333333333</dst>
            <dst id="KSCYng">32437.096</dst>
            <dst id="LOSAng">58964.9626666667</dst>
            <dst id="NYCMng">183050.026666667</dst>
            <dst id="SNVAng">25732.456</dst>
            <dst id="STTLng">24226.832</dst>
            <dst id="WASHng">297413.36</dst>
        </src>
    </IntraTM>
</TrafficMatrixFile>
