<?xml version="1.0" encoding="ISO-8859-1" standalone="yes"?>
<TrafficMatrixFile xsi:noNamespaceSchemaLocation="http://totem.run.montefiore.ulg.ac.be/Schema/TrafficMatrix-v1_2.xsd" xmlns:xsi="http://www.w3.org/2001/XMLSchema-instance">
    <IntraTM ASID="11537">
        <src id="ATLA-M5">
            <dst id="ATLA-M5">0</dst>
            <dst id="ATLAng">26.6666666666667</dst>
            <dst id="CHINng">81.144</dst>
            <dst id="DNVRng">0</dst>
            <dst id="HSTNng">26.6666666666667</dst>
            <dst id="IPLSng">0</dst>
            <dst id="KSCYng">0</dst>
            <dst id="LOSAng">40</dst>
            <dst id="NYCMng">331.765333333333</dst>
            <dst id="SNVAng">59.7066666666667</dst>
            <dst id="STTLng">52.5493333333333</dst>
            <dst id="WASHng">252.157333333333</dst>
        </src>
        <src id="ATLAng">
            <dst id="ATLA-M5">130.632</dst>
            <dst id="ATLAng">45983.2586666667</dst>
            <dst id="CHINng">5143.25866666667</dst>
            <dst id="DNVRng">2222.06666666667</dst>
            <dst id="HSTNng">3412.048</dst>
            <dst id="IPLSng">14191.0533333333</dst>
            <dst id="KSCYng">1013.85066666667</dst>
            <dst id="LOSAng">11257.1093333333</dst>
            <dst id="NYCMng">3044.71466666667</dst>
            <dst id="SNVAng">98.1626666666667</dst>
            <dst id="STTLng">2569.39466666667</dst>
            <dst id="WASHng">30049.3973333333</dst>
        </src>
        <src id="CHINng">
            <dst id="ATLA-M5">0</dst>
            <dst id="ATLAng">11048.968</dst>
            <dst id="CHINng">31368.1066666667</dst>
            <dst id="DNVRng">13171.336</dst>
            <dst id="HSTNng">25389.416</dst>
            <dst id="IPLSng">17924.2906666667</dst>
            <dst id="KSCYng">8739.10133333333</dst>
            <dst id="LOSAng">34391.656</dst>
            <dst id="NYCMng">20341.5386666667</dst>
            <dst id="SNVAng">744.837333333333</dst>
            <dst id="STTLng">9330.86666666667</dst>
            <dst id="WASHng">17578.336</dst>
        </src>
        <src id="DNVRng">
            <dst id="ATLA-M5">199.946666666667</dst>
            <dst id="ATLAng">5432.94933333333</dst>
            <dst id="CHINng">49851.3573333333</dst>
            <dst id="DNVRng">11574.656</dst>
            <dst id="HSTNng">23490.6346666667</dst>
            <dst id="IPLSng">29647.992</dst>
            <dst id="KSCYng">18416.3013333333</dst>
            <dst id="LOSAng">3558.74133333333</dst>
            <dst id="NYCMng">14461.736</dst>
            <dst id="SNVAng">9058.76</dst>
            <dst id="STTLng">12135.1626666667</dst>
            <dst id="WASHng">47102.7653333333</dst>
        </src>
        <src id="HSTNng">
            <dst id="ATLA-M5">440.557333333333</dst>
            <dst id="ATLAng">3665.176</dst>
            <dst id="CHINng">8688.99466666667</dst>
            <dst id="DNVRng">1652.53066666667</dst>
            <dst id="HSTNng">14996.144</dst>
            <dst id="IPLSng">2230.57333333333</dst>
            <dst id="KSCYng">1513.68533333333</dst>
            <dst id="LOSAng">3075.784</dst>
            <dst id="NYCMng">3796.05066666667</dst>
            <dst id="SNVAng">53.3333333333333</dst>
            <dst id="STTLng">1096.16</dst>
            <dst id="WASHng">9808.47733333333</dst>
        </src>
        <src id="IPLSng">
            <dst id="ATLA-M5">26.6666666666667</dst>
            <dst id="ATLAng">22295.816</dst>
            <dst id="CHINng">22278.712</dst>
            <dst id="DNVRng">8760.72</dst>
            <dst id="HSTNng">1355.55466666667</dst>
            <dst id="IPLSng">7127.52266666667</dst>
            <dst id="KSCYng">3089.848</dst>
            <dst id="LOSAng">10586.216</dst>
            <dst id="NYCMng">14237.2186666667</dst>
            <dst id="SNVAng">188.661333333333</dst>
            <dst id="STTLng">6555.72266666667</dst>
            <dst id="WASHng">5918.51466666667</dst>
        </src>
        <src id="KSCYng">
            <dst id="ATLA-M5">0</dst>
            <dst id="ATLAng">3748.09866666667</dst>
            <dst id="CHINng">18876.5626666667</dst>
            <dst id="DNVRng">6360.04</dst>
            <dst id="HSTNng">6493.06666666667</dst>
            <dst id="IPLSng">10862.456</dst>
            <dst id="KSCYng">6395.14933333333</dst>
            <dst id="LOSAng">9123.32533333333</dst>
            <dst id="NYCMng">1275.69066666667</dst>
            <dst id="SNVAng">6950.31733333333</dst>
            <dst id="STTLng">1565.01066666667</dst>
            <dst id="WASHng">10068.5573333333</dst>
        </src>
        <src id="LOSAng">
            <dst id="ATLA-M5">26.6666666666667</dst>
            <dst id="ATLAng">20158.376</dst>
            <dst id="CHINng">49024.5066666667</dst>
            <dst id="DNVRng">11319.792</dst>
            <dst id="HSTNng">3508.77866666667</dst>
            <dst id="IPLSng">22275.656</dst>
            <dst id="KSCYng">6192.96533333333</dst>
            <dst id="LOSAng">13446.5093333333</dst>
            <dst id="NYCMng">25732.5066666667</dst>
            <dst id="SNVAng">38255.0853333333</dst>
            <dst id="STTLng">29977.712</dst>
            <dst id="WASHng">91302.712</dst>
        </src>
        <src id="NYCMng">
            <dst id="ATLA-M5">1269.992</dst>
            <dst id="ATLAng">13433.072</dst>
            <dst id="CHINng">26079.2826666667</dst>
            <dst id="DNVRng">24611.216</dst>
            <dst id="HSTNng">9639.75733333333</dst>
            <dst id="IPLSng">16620.2826666667</dst>
            <dst id="KSCYng">8652.23733333333</dst>
            <dst id="LOSAng">52385.1306666667</dst>
            <dst id="NYCMng">63672.176</dst>
            <dst id="SNVAng">678.394666666667</dst>
            <dst id="STTLng">27559.4826666667</dst>
            <dst id="WASHng">47486.0053333333</dst>
        </src>
        <src id="SNVAng">
            <dst id="ATLA-M5">0</dst>
            <dst id="ATLAng">0</dst>
            <dst id="CHINng">0</dst>
            <dst id="DNVRng">6694.56266666667</dst>
            <dst id="HSTNng">0</dst>
            <dst id="IPLSng">257.168</dst>
            <dst id="KSCYng">0</dst>
            <dst id="LOSAng">37764.0826666667</dst>
            <dst id="NYCMng">774.666666666667</dst>
            <dst id="SNVAng">9476.92266666666</dst>
            <dst id="STTLng">39436.648</dst>
            <dst id="WASHng">26.6666666666667</dst>
        </src>
        <src id="STTLng">
            <dst id="ATLA-M5">126.624</dst>
            <dst id="ATLAng">8587.80533333333</dst>
            <dst id="CHINng">8698.85333333333</dst>
            <dst id="DNVRng">2396</dst>
            <dst id="HSTNng">508.717333333333</dst>
            <dst id="IPLSng">9067.53866666667</dst>
            <dst id="KSCYng">1593.52</dst>
            <dst id="LOSAng">12068.64</dst>
            <dst id="NYCMng">11088.76</dst>
            <dst id="SNVAng">8172.54133333333</dst>
            <dst id="STTLng">948.573333333333</dst>
            <dst id="WASHng">5032.13866666667</dst>
        </src>
        <src id="WASHng">
            <dst id="ATLA-M5">213.6</dst>
            <dst id="ATLAng">100099.272</dst>
            <dst id="CHINng">63144.464</dst>
            <dst id="DNVRng">45988.392</dst>
            <dst id="HSTNng">23371.1306666667</dst>
            <dst id="IPLSng">58764.8053333333</dst>
            <dst id="KSCYng">35639.432</dst>
            <dst id="LOSAng">96885.376</dst>
            <dst id="NYCMng">141243.008</dst>
            <dst id="SNVAng">1133.01866666667</dst>
            <dst id="STTLng">30810.2053333333</dst>
            <dst id="WASHng">161448.178666667</dst>
        </src>
    </IntraTM>
</TrafficMatrixFile>
