<?xml version="1.0" encoding="ISO-8859-1" standalone="yes"?>
<TrafficMatrixFile xsi:noNamespaceSchemaLocation="http://totem.run.montefiore.ulg.ac.be/Schema/TrafficMatrix-v1_2.xsd" xmlns:xsi="http://www.w3.org/2001/XMLSchema-instance">
    <IntraTM ASID="11537">
        <src id="ATLA-M5">
            <dst id="ATLA-M5">0</dst>
            <dst id="ATLAng">53.3333333333333</dst>
            <dst id="CHINng">258.749333333333</dst>
            <dst id="DNVRng">0</dst>
            <dst id="HSTNng">68.208</dst>
            <dst id="IPLSng">26.6666666666667</dst>
            <dst id="KSCYng">0</dst>
            <dst id="LOSAng">48</dst>
            <dst id="NYCMng">138.906666666667</dst>
            <dst id="SNVAng">0</dst>
            <dst id="STTLng">1156.632</dst>
            <dst id="WASHng">80</dst>
        </src>
        <src id="ATLAng">
            <dst id="ATLA-M5">160.298666666667</dst>
            <dst id="ATLAng">24991.5173333333</dst>
            <dst id="CHINng">4082.624</dst>
            <dst id="DNVRng">2845.36533333333</dst>
            <dst id="HSTNng">20373.8453333333</dst>
            <dst id="IPLSng">13065.5626666667</dst>
            <dst id="KSCYng">2549.11466666667</dst>
            <dst id="LOSAng">14662.7866666667</dst>
            <dst id="NYCMng">2979.73066666667</dst>
            <dst id="SNVAng">26.6666666666667</dst>
            <dst id="STTLng">3664.56266666667</dst>
            <dst id="WASHng">19734.0266666667</dst>
        </src>
        <src id="CHINng">
            <dst id="ATLA-M5">210.186666666667</dst>
            <dst id="ATLAng">21650.424</dst>
            <dst id="CHINng">71518.4746666667</dst>
            <dst id="DNVRng">12211.5573333333</dst>
            <dst id="HSTNng">5893.34933333333</dst>
            <dst id="IPLSng">19024.624</dst>
            <dst id="KSCYng">6347.632</dst>
            <dst id="LOSAng">23085.736</dst>
            <dst id="NYCMng">23184.8266666667</dst>
            <dst id="SNVAng">3386.96</dst>
            <dst id="STTLng">5011.02666666667</dst>
            <dst id="WASHng">8814.392</dst>
        </src>
        <src id="DNVRng">
            <dst id="ATLA-M5">94.88</dst>
            <dst id="ATLAng">6610.13066666667</dst>
            <dst id="CHINng">33359.936</dst>
            <dst id="DNVRng">7591.06933333333</dst>
            <dst id="HSTNng">23604.9893333333</dst>
            <dst id="IPLSng">24168.5866666667</dst>
            <dst id="KSCYng">17547.936</dst>
            <dst id="LOSAng">23785.3173333333</dst>
            <dst id="NYCMng">15952.4773333333</dst>
            <dst id="SNVAng">7966.72266666667</dst>
            <dst id="STTLng">3211.976</dst>
            <dst id="WASHng">36041.552</dst>
        </src>
        <src id="HSTNng">
            <dst id="ATLA-M5">3899.13066666667</dst>
            <dst id="ATLAng">2734.44266666667</dst>
            <dst id="CHINng">8692.816</dst>
            <dst id="DNVRng">2365.8</dst>
            <dst id="HSTNng">17470.8506666667</dst>
            <dst id="IPLSng">2799.37066666667</dst>
            <dst id="KSCYng">677.122666666667</dst>
            <dst id="LOSAng">54555.744</dst>
            <dst id="NYCMng">1547.88</dst>
            <dst id="SNVAng">26.6666666666667</dst>
            <dst id="STTLng">610.389333333333</dst>
            <dst id="WASHng">11310.1386666667</dst>
        </src>
        <src id="IPLSng">
            <dst id="ATLA-M5">0</dst>
            <dst id="ATLAng">18387.9253333333</dst>
            <dst id="CHINng">40351.336</dst>
            <dst id="DNVRng">7367.312</dst>
            <dst id="HSTNng">1829.05333333333</dst>
            <dst id="IPLSng">7244.54933333333</dst>
            <dst id="KSCYng">7194.728</dst>
            <dst id="LOSAng">13556.816</dst>
            <dst id="NYCMng">4260.80266666667</dst>
            <dst id="SNVAng">2126.67466666667</dst>
            <dst id="STTLng">12059.7253333333</dst>
            <dst id="WASHng">20624.6453333333</dst>
        </src>
        <src id="KSCYng">
            <dst id="ATLA-M5">53.3333333333333</dst>
            <dst id="ATLAng">6517.09066666667</dst>
            <dst id="CHINng">12839.6586666667</dst>
            <dst id="DNVRng">5074.032</dst>
            <dst id="HSTNng">3443.08</dst>
            <dst id="IPLSng">12771.6746666667</dst>
            <dst id="KSCYng">13030.44</dst>
            <dst id="LOSAng">2986.02133333333</dst>
            <dst id="NYCMng">3009.264</dst>
            <dst id="SNVAng">2019.78666666667</dst>
            <dst id="STTLng">826.792</dst>
            <dst id="WASHng">12560.9973333333</dst>
        </src>
        <src id="LOSAng">
            <dst id="ATLA-M5">914.984</dst>
            <dst id="ATLAng">16089.9946666667</dst>
            <dst id="CHINng">61581.6453333333</dst>
            <dst id="DNVRng">8378.60266666667</dst>
            <dst id="HSTNng">4040.52533333333</dst>
            <dst id="IPLSng">30533.912</dst>
            <dst id="KSCYng">6025.62666666667</dst>
            <dst id="LOSAng">6182.776</dst>
            <dst id="NYCMng">20966.6133333333</dst>
            <dst id="SNVAng">22410.2826666667</dst>
            <dst id="STTLng">16844.112</dst>
            <dst id="WASHng">84802.0213333334</dst>
        </src>
        <src id="NYCMng">
            <dst id="ATLA-M5">383.930666666667</dst>
            <dst id="ATLAng">12050.0106666667</dst>
            <dst id="CHINng">22929.6986666667</dst>
            <dst id="DNVRng">34399.7013333333</dst>
            <dst id="HSTNng">9591.312</dst>
            <dst id="IPLSng">11117.4133333333</dst>
            <dst id="KSCYng">5330.74133333333</dst>
            <dst id="LOSAng">51269.472</dst>
            <dst id="NYCMng">92636.1306666667</dst>
            <dst id="SNVAng">676.538666666667</dst>
            <dst id="STTLng">26495.7386666667</dst>
            <dst id="WASHng">53351.8133333333</dst>
        </src>
        <src id="SNVAng">
            <dst id="ATLA-M5">0</dst>
            <dst id="ATLAng">29.4186666666667</dst>
            <dst id="CHINng">143.221333333333</dst>
            <dst id="DNVRng">1927.73066666667</dst>
            <dst id="HSTNng">40.96</dst>
            <dst id="IPLSng">179.877333333333</dst>
            <dst id="KSCYng">26.6666666666667</dst>
            <dst id="LOSAng">28957.9466666667</dst>
            <dst id="NYCMng">80</dst>
            <dst id="SNVAng">7169.22133333333</dst>
            <dst id="STTLng">35628.5253333333</dst>
            <dst id="WASHng">163.786666666667</dst>
        </src>
        <src id="STTLng">
            <dst id="ATLA-M5">516.085333333333</dst>
            <dst id="ATLAng">8196.144</dst>
            <dst id="CHINng">13766.1386666667</dst>
            <dst id="DNVRng">1298.432</dst>
            <dst id="HSTNng">870.341333333333</dst>
            <dst id="IPLSng">4545.84266666667</dst>
            <dst id="KSCYng">1450.38133333333</dst>
            <dst id="LOSAng">7216.13066666667</dst>
            <dst id="NYCMng">7435.704</dst>
            <dst id="SNVAng">8548</dst>
            <dst id="STTLng">1166.61066666667</dst>
            <dst id="WASHng">4499.66666666667</dst>
        </src>
        <src id="WASHng">
            <dst id="ATLA-M5">354.368</dst>
            <dst id="ATLAng">87889.1333333333</dst>
            <dst id="CHINng">50486.864</dst>
            <dst id="DNVRng">62719.6693333334</dst>
            <dst id="HSTNng">20226.2933333333</dst>
            <dst id="IPLSng">45494.7013333333</dst>
            <dst id="KSCYng">32600.9946666667</dst>
            <dst id="LOSAng">100374.362666667</dst>
            <dst id="NYCMng">236154.341333333</dst>
            <dst id="SNVAng">1331.98666666667</dst>
            <dst id="STTLng">30409.5386666667</dst>
            <dst id="WASHng">208670.936</dst>
        </src>
    </IntraTM>
</TrafficMatrixFile>
