<?xml version="1.0" encoding="ISO-8859-1" standalone="yes"?>
<TrafficMatrixFile xsi:noNamespaceSchemaLocation="http://totem.run.montefiore.ulg.ac.be/Schema/TrafficMatrix-v1_2.xsd" xmlns:xsi="http://www.w3.org/2001/XMLSchema-instance">
    <IntraTM ASID="11537">
        <src id="ATLA-M5">
            <dst id="ATLA-M5">0</dst>
            <dst id="ATLAng">53.3333333333333</dst>
            <dst id="CHINng">376.202666666667</dst>
            <dst id="DNVRng">0</dst>
            <dst id="HSTNng">69.5466666666667</dst>
            <dst id="IPLSng">53.3333333333333</dst>
            <dst id="KSCYng">0</dst>
            <dst id="LOSAng">120.509333333333</dst>
            <dst id="NYCMng">119.490666666667</dst>
            <dst id="SNVAng">27.688</dst>
            <dst id="STTLng">86.3973333333333</dst>
            <dst id="WASHng">938.786666666667</dst>
        </src>
        <src id="ATLAng">
            <dst id="ATLA-M5">54.608</dst>
            <dst id="ATLAng">24333.8426666667</dst>
            <dst id="CHINng">4330.664</dst>
            <dst id="DNVRng">7087.10933333333</dst>
            <dst id="HSTNng">607.877333333333</dst>
            <dst id="IPLSng">8310.2</dst>
            <dst id="KSCYng">731.754666666667</dst>
            <dst id="LOSAng">8143.11866666667</dst>
            <dst id="NYCMng">1613.888</dst>
            <dst id="SNVAng">319.148</dst>
            <dst id="STTLng">2034.15466666667</dst>
            <dst id="WASHng">23732.9413333333</dst>
        </src>
        <src id="CHINng">
            <dst id="ATLA-M5">122.901333333333</dst>
            <dst id="ATLAng">9514.90133333334</dst>
            <dst id="CHINng">70668.4666666667</dst>
            <dst id="DNVRng">5409.336</dst>
            <dst id="HSTNng">9008.368</dst>
            <dst id="IPLSng">28616.632</dst>
            <dst id="KSCYng">10237.5733333333</dst>
            <dst id="LOSAng">33255.024</dst>
            <dst id="NYCMng">21056.7173333333</dst>
            <dst id="SNVAng">1534.232</dst>
            <dst id="STTLng">6274.91733333333</dst>
            <dst id="WASHng">17665.2346666667</dst>
        </src>
        <src id="DNVRng">
            <dst id="ATLA-M5">162.026666666667</dst>
            <dst id="ATLAng">9563.688</dst>
            <dst id="CHINng">42464.4026666667</dst>
            <dst id="DNVRng">5974.72266666667</dst>
            <dst id="HSTNng">17744.8506666667</dst>
            <dst id="IPLSng">34666.6373333333</dst>
            <dst id="KSCYng">8219.504</dst>
            <dst id="LOSAng">6223.312</dst>
            <dst id="NYCMng">14682.8293333333</dst>
            <dst id="SNVAng">2319.34666666667</dst>
            <dst id="STTLng">3335.86666666667</dst>
            <dst id="WASHng">30492.0373333333</dst>
        </src>
        <src id="HSTNng">
            <dst id="ATLA-M5">4344.544</dst>
            <dst id="ATLAng">5004.77066666667</dst>
            <dst id="CHINng">10835.272</dst>
            <dst id="DNVRng">1232.44</dst>
            <dst id="HSTNng">11540.4666666667</dst>
            <dst id="IPLSng">1224.23466666667</dst>
            <dst id="KSCYng">2114.33066666667</dst>
            <dst id="LOSAng">3760.408</dst>
            <dst id="NYCMng">6562.01866666667</dst>
            <dst id="SNVAng">132.053333333333</dst>
            <dst id="STTLng">4259.36266666667</dst>
            <dst id="WASHng">10568.056</dst>
        </src>
        <src id="IPLSng">
            <dst id="ATLA-M5">54.1786666666667</dst>
            <dst id="ATLAng">9138.01333333333</dst>
            <dst id="CHINng">31445.1893333333</dst>
            <dst id="DNVRng">7827.77333333333</dst>
            <dst id="HSTNng">2230.56533333333</dst>
            <dst id="IPLSng">12936.8213333333</dst>
            <dst id="KSCYng">3067.896</dst>
            <dst id="LOSAng">11919.672</dst>
            <dst id="NYCMng">11114.0533333333</dst>
            <dst id="SNVAng">799.84</dst>
            <dst id="STTLng">4856.816</dst>
            <dst id="WASHng">9539.47466666667</dst>
        </src>
        <src id="KSCYng">
            <dst id="ATLA-M5">0</dst>
            <dst id="ATLAng">4869.488</dst>
            <dst id="CHINng">12451.776</dst>
            <dst id="DNVRng">4578.94933333333</dst>
            <dst id="HSTNng">5349.14133333333</dst>
            <dst id="IPLSng">11793.5306666667</dst>
            <dst id="KSCYng">6955.02933333333</dst>
            <dst id="LOSAng">6585.49333333333</dst>
            <dst id="NYCMng">2123.176</dst>
            <dst id="SNVAng">3126.50666666667</dst>
            <dst id="STTLng">2012.86666666667</dst>
            <dst id="WASHng">9747.62133333334</dst>
        </src>
        <src id="LOSAng">
            <dst id="ATLA-M5">172.864</dst>
            <dst id="ATLAng">19295.128</dst>
            <dst id="CHINng">64914.6986666667</dst>
            <dst id="DNVRng">5831.22133333333</dst>
            <dst id="HSTNng">5886.91733333333</dst>
            <dst id="IPLSng">14230.8906666667</dst>
            <dst id="KSCYng">4586.52533333333</dst>
            <dst id="LOSAng">12399.1546666667</dst>
            <dst id="NYCMng">23012.9013333333</dst>
            <dst id="SNVAng">17413.1946666667</dst>
            <dst id="STTLng">24906.36</dst>
            <dst id="WASHng">58646.5893333333</dst>
        </src>
        <src id="NYCMng">
            <dst id="ATLA-M5">355.2</dst>
            <dst id="ATLAng">14998.0106666667</dst>
            <dst id="CHINng">13398.8346666667</dst>
            <dst id="DNVRng">21974.0586666667</dst>
            <dst id="HSTNng">3536.456</dst>
            <dst id="IPLSng">14860.2666666667</dst>
            <dst id="KSCYng">12782.2106666667</dst>
            <dst id="LOSAng">57970.8186666667</dst>
            <dst id="NYCMng">79538.184</dst>
            <dst id="SNVAng">2278.624</dst>
            <dst id="STTLng">13202.544</dst>
            <dst id="WASHng">63101.1813333333</dst>
        </src>
        <src id="SNVAng">
            <dst id="ATLA-M5">0</dst>
            <dst id="ATLAng">134.773333333333</dst>
            <dst id="CHINng">1055.86666666667</dst>
            <dst id="DNVRng">6583.064</dst>
            <dst id="HSTNng">53.3333333333333</dst>
            <dst id="IPLSng">505.184</dst>
            <dst id="KSCYng">75.4986666666667</dst>
            <dst id="LOSAng">29284.2666666667</dst>
            <dst id="NYCMng">255.384</dst>
            <dst id="SNVAng">5206.87733333333</dst>
            <dst id="STTLng">31540.048</dst>
            <dst id="WASHng">292.704</dst>
        </src>
        <src id="STTLng">
            <dst id="ATLA-M5">146.917333333333</dst>
            <dst id="ATLAng">7570.91466666667</dst>
            <dst id="CHINng">13525.768</dst>
            <dst id="DNVRng">3962.376</dst>
            <dst id="HSTNng">1015.09333333333</dst>
            <dst id="IPLSng">7891.22933333333</dst>
            <dst id="KSCYng">1587.55466666667</dst>
            <dst id="LOSAng">14481.7306666667</dst>
            <dst id="NYCMng">9525.14666666667</dst>
            <dst id="SNVAng">9118.54133333333</dst>
            <dst id="STTLng">2844.16</dst>
            <dst id="WASHng">10474.12</dst>
        </src>
        <src id="WASHng">
            <dst id="ATLA-M5">7672.344</dst>
            <dst id="ATLAng">92548.616</dst>
            <dst id="CHINng">54538.1706666667</dst>
            <dst id="DNVRng">45233.9466666667</dst>
            <dst id="HSTNng">18129.9146666667</dst>
            <dst id="IPLSng">40079.152</dst>
            <dst id="KSCYng">31791.488</dst>
            <dst id="LOSAng">94265.4746666667</dst>
            <dst id="NYCMng">135975.768</dst>
            <dst id="SNVAng">2231.83733333333</dst>
            <dst id="STTLng">26770.1253333333</dst>
            <dst id="WASHng">233750.413333333</dst>
        </src>
    </IntraTM>
</TrafficMatrixFile>
