<?xml version="1.0" encoding="ISO-8859-1" standalone="yes"?>
<TrafficMatrixFile xsi:noNamespaceSchemaLocation="http://totem.run.montefiore.ulg.ac.be/Schema/TrafficMatrix-v1_2.xsd" xmlns:xsi="http://www.w3.org/2001/XMLSchema-instance">
    <IntraTM ASID="11537">
        <src id="ATLA-M5">
            <dst id="ATLA-M5">0</dst>
            <dst id="ATLAng">120</dst>
            <dst id="CHINng">80.0613333333333</dst>
            <dst id="DNVRng">1104.37333333333</dst>
            <dst id="HSTNng">30.392</dst>
            <dst id="IPLSng">0</dst>
            <dst id="KSCYng">0</dst>
            <dst id="LOSAng">189.144</dst>
            <dst id="NYCMng">88.16</dst>
            <dst id="SNVAng">0</dst>
            <dst id="STTLng">86.6026666666667</dst>
            <dst id="WASHng">0</dst>
        </src>
        <src id="ATLAng">
            <dst id="ATLA-M5">68.0106666666667</dst>
            <dst id="ATLAng">21964.24</dst>
            <dst id="CHINng">3720.37866666667</dst>
            <dst id="DNVRng">7028.24533333333</dst>
            <dst id="HSTNng">463.405333333333</dst>
            <dst id="IPLSng">16195.0933333333</dst>
            <dst id="KSCYng">285.624</dst>
            <dst id="LOSAng">12017.8346666667</dst>
            <dst id="NYCMng">3733.23733333333</dst>
            <dst id="SNVAng">738.608</dst>
            <dst id="STTLng">3604.136</dst>
            <dst id="WASHng">23484.2266666667</dst>
        </src>
        <src id="CHINng">
            <dst id="ATLA-M5">0</dst>
            <dst id="ATLAng">6451.384</dst>
            <dst id="CHINng">44997.6266666667</dst>
            <dst id="DNVRng">7626.344</dst>
            <dst id="HSTNng">6262.73866666667</dst>
            <dst id="IPLSng">20148.248</dst>
            <dst id="KSCYng">4486.66666666667</dst>
            <dst id="LOSAng">29021.5733333333</dst>
            <dst id="NYCMng">22036.4293333333</dst>
            <dst id="SNVAng">1444.70933333333</dst>
            <dst id="STTLng">9940.52533333333</dst>
            <dst id="WASHng">19282.7946666667</dst>
        </src>
        <src id="DNVRng">
            <dst id="ATLA-M5">105.92</dst>
            <dst id="ATLAng">2308.95466666667</dst>
            <dst id="CHINng">31867.2133333333</dst>
            <dst id="DNVRng">14367.632</dst>
            <dst id="HSTNng">29226.0666666667</dst>
            <dst id="IPLSng">32500.4906666667</dst>
            <dst id="KSCYng">21950.6826666667</dst>
            <dst id="LOSAng">13772.424</dst>
            <dst id="NYCMng">15147.7466666667</dst>
            <dst id="SNVAng">9332.83733333333</dst>
            <dst id="STTLng">3515.68533333333</dst>
            <dst id="WASHng">45681.4693333333</dst>
        </src>
        <src id="HSTNng">
            <dst id="ATLA-M5">174.037333333333</dst>
            <dst id="ATLAng">546.856</dst>
            <dst id="CHINng">4598.488</dst>
            <dst id="DNVRng">777.912</dst>
            <dst id="HSTNng">17196.6026666667</dst>
            <dst id="IPLSng">1830.368</dst>
            <dst id="KSCYng">462.648</dst>
            <dst id="LOSAng">1434.38133333333</dst>
            <dst id="NYCMng">1669.15466666667</dst>
            <dst id="SNVAng">53.3333333333333</dst>
            <dst id="STTLng">786.048</dst>
            <dst id="WASHng">1339.2</dst>
        </src>
        <src id="IPLSng">
            <dst id="ATLA-M5">0</dst>
            <dst id="ATLAng">4711.18666666667</dst>
            <dst id="CHINng">24862.6693333333</dst>
            <dst id="DNVRng">5622.25066666667</dst>
            <dst id="HSTNng">8567.03466666666</dst>
            <dst id="IPLSng">7385.21066666667</dst>
            <dst id="KSCYng">12179.8</dst>
            <dst id="LOSAng">11018.0373333333</dst>
            <dst id="NYCMng">3629.408</dst>
            <dst id="SNVAng">153.002666666667</dst>
            <dst id="STTLng">3273.25333333333</dst>
            <dst id="WASHng">8430.392</dst>
        </src>
        <src id="KSCYng">
            <dst id="ATLA-M5">0</dst>
            <dst id="ATLAng">2345.48266666667</dst>
            <dst id="CHINng">9368.42133333333</dst>
            <dst id="DNVRng">4725.704</dst>
            <dst id="HSTNng">2944.81866666667</dst>
            <dst id="IPLSng">9178.14933333333</dst>
            <dst id="KSCYng">11895.0533333333</dst>
            <dst id="LOSAng">3490.752</dst>
            <dst id="NYCMng">1383.62933333333</dst>
            <dst id="SNVAng">1764.74666666667</dst>
            <dst id="STTLng">5566.32266666667</dst>
            <dst id="WASHng">9327.352</dst>
        </src>
        <src id="LOSAng">
            <dst id="ATLA-M5">0</dst>
            <dst id="ATLAng">6192.53066666667</dst>
            <dst id="CHINng">43282.6453333333</dst>
            <dst id="DNVRng">4058.93066666667</dst>
            <dst id="HSTNng">4744.544</dst>
            <dst id="IPLSng">10411.9626666667</dst>
            <dst id="KSCYng">3245.30666666667</dst>
            <dst id="LOSAng">12329.5813333333</dst>
            <dst id="NYCMng">16325.176</dst>
            <dst id="SNVAng">18416.6506666667</dst>
            <dst id="STTLng">46643.1653333333</dst>
            <dst id="WASHng">79893.6373333333</dst>
        </src>
        <src id="NYCMng">
            <dst id="ATLA-M5">0</dst>
            <dst id="ATLAng">15338.2426666667</dst>
            <dst id="CHINng">20543.248</dst>
            <dst id="DNVRng">19156.3333333333</dst>
            <dst id="HSTNng">3000.056</dst>
            <dst id="IPLSng">23215.5653333333</dst>
            <dst id="KSCYng">3663.60266666667</dst>
            <dst id="LOSAng">54775.304</dst>
            <dst id="NYCMng">62448.3866666667</dst>
            <dst id="SNVAng">1823.90933333333</dst>
            <dst id="STTLng">17468.504</dst>
            <dst id="WASHng">41183.5493333333</dst>
        </src>
        <src id="SNVAng">
            <dst id="ATLA-M5">0</dst>
            <dst id="ATLAng">53.3333333333333</dst>
            <dst id="CHINng">53.3333333333333</dst>
            <dst id="DNVRng">13057.896</dst>
            <dst id="HSTNng">26.6666666666667</dst>
            <dst id="IPLSng">1655.80266666667</dst>
            <dst id="KSCYng">26.6666666666667</dst>
            <dst id="LOSAng">28885.6106666667</dst>
            <dst id="NYCMng">26.6666666666667</dst>
            <dst id="SNVAng">6400.456</dst>
            <dst id="STTLng">28847.216</dst>
            <dst id="WASHng">0</dst>
        </src>
        <src id="STTLng">
            <dst id="ATLA-M5">91.4346666666667</dst>
            <dst id="ATLAng">5381.696</dst>
            <dst id="CHINng">16817.9386666667</dst>
            <dst id="DNVRng">989.386666666667</dst>
            <dst id="HSTNng">456.896</dst>
            <dst id="IPLSng">4710.672</dst>
            <dst id="KSCYng">4455.11733333333</dst>
            <dst id="LOSAng">10208.9386666667</dst>
            <dst id="NYCMng">10486.3386666667</dst>
            <dst id="SNVAng">8633.29866666667</dst>
            <dst id="STTLng">1149.93866666667</dst>
            <dst id="WASHng">3219.72266666667</dst>
        </src>
        <src id="WASHng">
            <dst id="ATLA-M5">457.722666666667</dst>
            <dst id="ATLAng">63731.512</dst>
            <dst id="CHINng">62473.1573333333</dst>
            <dst id="DNVRng">64159.976</dst>
            <dst id="HSTNng">14751.3813333333</dst>
            <dst id="IPLSng">69907.4773333333</dst>
            <dst id="KSCYng">37325.9706666667</dst>
            <dst id="LOSAng">98768.7386666667</dst>
            <dst id="NYCMng">147907.384</dst>
            <dst id="SNVAng">2614.46933333333</dst>
            <dst id="STTLng">30060.2373333333</dst>
            <dst id="WASHng">211163.365333333</dst>
        </src>
    </IntraTM>
</TrafficMatrixFile>
