<?xml version="1.0" encoding="ISO-8859-1" standalone="yes"?>
<TrafficMatrixFile xsi:noNamespaceSchemaLocation="http://totem.run.montefiore.ulg.ac.be/Schema/TrafficMatrix-v1_2.xsd" xmlns:xsi="http://www.w3.org/2001/XMLSchema-instance">
    <IntraTM ASID="11537">
        <src id="ATLA-M5">
            <dst id="ATLA-M5">172.842666666667</dst>
            <dst id="ATLAng">0</dst>
            <dst id="CHINng">88.3226666666667</dst>
            <dst id="DNVRng">0</dst>
            <dst id="HSTNng">855.202666666667</dst>
            <dst id="IPLSng">0</dst>
            <dst id="KSCYng">0</dst>
            <dst id="LOSAng">26.6666666666667</dst>
            <dst id="NYCMng">0</dst>
            <dst id="SNVAng">0</dst>
            <dst id="STTLng">73.856</dst>
            <dst id="WASHng">26.6666666666667</dst>
        </src>
        <src id="ATLAng">
            <dst id="ATLA-M5">45.3653333333333</dst>
            <dst id="ATLAng">24491.2213333333</dst>
            <dst id="CHINng">5159.01333333333</dst>
            <dst id="DNVRng">4651.416</dst>
            <dst id="HSTNng">16760.976</dst>
            <dst id="IPLSng">10620.9893333333</dst>
            <dst id="KSCYng">718.04</dst>
            <dst id="LOSAng">10222.16</dst>
            <dst id="NYCMng">6355.512</dst>
            <dst id="SNVAng">47.3386666666667</dst>
            <dst id="STTLng">5388.48266666667</dst>
            <dst id="WASHng">26898.7733333333</dst>
        </src>
        <src id="CHINng">
            <dst id="ATLA-M5">26.6666666666667</dst>
            <dst id="ATLAng">10156.584</dst>
            <dst id="CHINng">89658.3493333333</dst>
            <dst id="DNVRng">6869.75466666667</dst>
            <dst id="HSTNng">5779.94133333333</dst>
            <dst id="IPLSng">85857.848</dst>
            <dst id="KSCYng">15422.264</dst>
            <dst id="LOSAng">26074.8613333333</dst>
            <dst id="NYCMng">25772.4053333333</dst>
            <dst id="SNVAng">2064.37066666667</dst>
            <dst id="STTLng">4586.96266666667</dst>
            <dst id="WASHng">7048.50933333333</dst>
        </src>
        <src id="DNVRng">
            <dst id="ATLA-M5">249.76</dst>
            <dst id="ATLAng">7421.78666666667</dst>
            <dst id="CHINng">37657.096</dst>
            <dst id="DNVRng">12772.1146666667</dst>
            <dst id="HSTNng">25721.6426666667</dst>
            <dst id="IPLSng">35866.056</dst>
            <dst id="KSCYng">26126.2026666667</dst>
            <dst id="LOSAng">5584.616</dst>
            <dst id="NYCMng">12401.1226666667</dst>
            <dst id="SNVAng">8949.18666666667</dst>
            <dst id="STTLng">3725.872</dst>
            <dst id="WASHng">37630.8826666667</dst>
        </src>
        <src id="HSTNng">
            <dst id="ATLA-M5">128.138666666667</dst>
            <dst id="ATLAng">2840.82666666667</dst>
            <dst id="CHINng">13059.7706666667</dst>
            <dst id="DNVRng">2290.70933333333</dst>
            <dst id="HSTNng">15142.4506666667</dst>
            <dst id="IPLSng">11837.072</dst>
            <dst id="KSCYng">790.408</dst>
            <dst id="LOSAng">5244.03466666667</dst>
            <dst id="NYCMng">2849.53066666667</dst>
            <dst id="SNVAng">100.453333333333</dst>
            <dst id="STTLng">618.264</dst>
            <dst id="WASHng">13764.5226666667</dst>
        </src>
        <src id="IPLSng">
            <dst id="ATLA-M5">26.6666666666667</dst>
            <dst id="ATLAng">18235.3786666667</dst>
            <dst id="CHINng">53511.672</dst>
            <dst id="DNVRng">5496.54133333333</dst>
            <dst id="HSTNng">3818.79733333333</dst>
            <dst id="IPLSng">32397.6186666667</dst>
            <dst id="KSCYng">19653.8933333333</dst>
            <dst id="LOSAng">19587.6693333333</dst>
            <dst id="NYCMng">19446.6773333333</dst>
            <dst id="SNVAng">640.464</dst>
            <dst id="STTLng">11051.9066666667</dst>
            <dst id="WASHng">16377.7306666667</dst>
        </src>
        <src id="KSCYng">
            <dst id="ATLA-M5">26.6666666666667</dst>
            <dst id="ATLAng">9152.424</dst>
            <dst id="CHINng">10482.9813333333</dst>
            <dst id="DNVRng">3913.67466666667</dst>
            <dst id="HSTNng">2782.55733333333</dst>
            <dst id="IPLSng">24030.5386666667</dst>
            <dst id="KSCYng">11352.3946666667</dst>
            <dst id="LOSAng">4746.98133333333</dst>
            <dst id="NYCMng">1144.23466666667</dst>
            <dst id="SNVAng">1839.30666666667</dst>
            <dst id="STTLng">1214.848</dst>
            <dst id="WASHng">11658.7413333333</dst>
        </src>
        <src id="LOSAng">
            <dst id="ATLA-M5">820.576</dst>
            <dst id="ATLAng">13790.784</dst>
            <dst id="CHINng">55137.5786666667</dst>
            <dst id="DNVRng">5779.08533333333</dst>
            <dst id="HSTNng">3465.94666666667</dst>
            <dst id="IPLSng">15164.1653333333</dst>
            <dst id="KSCYng">3627.12266666667</dst>
            <dst id="LOSAng">5666.13333333333</dst>
            <dst id="NYCMng">17501.2346666667</dst>
            <dst id="SNVAng">26975.5013333333</dst>
            <dst id="STTLng">17426.0426666667</dst>
            <dst id="WASHng">73773.936</dst>
        </src>
        <src id="NYCMng">
            <dst id="ATLA-M5">226.805333333333</dst>
            <dst id="ATLAng">14828.816</dst>
            <dst id="CHINng">20124.5786666667</dst>
            <dst id="DNVRng">20859.44</dst>
            <dst id="HSTNng">2896.6</dst>
            <dst id="IPLSng">13640.0773333333</dst>
            <dst id="KSCYng">4335.03466666667</dst>
            <dst id="LOSAng">48214.6186666667</dst>
            <dst id="NYCMng">78992.5413333333</dst>
            <dst id="SNVAng">1199.952</dst>
            <dst id="STTLng">22407.3253333333</dst>
            <dst id="WASHng">35558.936</dst>
        </src>
        <src id="SNVAng">
            <dst id="ATLA-M5">0</dst>
            <dst id="ATLAng">26.6666666666667</dst>
            <dst id="CHINng">104</dst>
            <dst id="DNVRng">9321.54666666667</dst>
            <dst id="HSTNng">26.6666666666667</dst>
            <dst id="IPLSng">191.605333333333</dst>
            <dst id="KSCYng">26.6666666666667</dst>
            <dst id="LOSAng">29581.9626666667</dst>
            <dst id="NYCMng">26.6666666666667</dst>
            <dst id="SNVAng">8366.75733333333</dst>
            <dst id="STTLng">38922.288</dst>
            <dst id="WASHng">29.44</dst>
        </src>
        <src id="STTLng">
            <dst id="ATLA-M5">209.6</dst>
            <dst id="ATLAng">7756.53066666667</dst>
            <dst id="CHINng">14864.36</dst>
            <dst id="DNVRng">1364.31733333333</dst>
            <dst id="HSTNng">752.341333333333</dst>
            <dst id="IPLSng">5473.64</dst>
            <dst id="KSCYng">711.298666666667</dst>
            <dst id="LOSAng">7332.65866666667</dst>
            <dst id="NYCMng">8264.71733333333</dst>
            <dst id="SNVAng">14782.4693333333</dst>
            <dst id="STTLng">1248.17066666667</dst>
            <dst id="WASHng">6281.35466666667</dst>
        </src>
        <src id="WASHng">
            <dst id="ATLA-M5">358.613333333333</dst>
            <dst id="ATLAng">61101.8853333333</dst>
            <dst id="CHINng">58383.904</dst>
            <dst id="DNVRng">49705.04</dst>
            <dst id="HSTNng">21831.432</dst>
            <dst id="IPLSng">52869.1626666667</dst>
            <dst id="KSCYng">29853.9173333333</dst>
            <dst id="LOSAng">93506.5413333334</dst>
            <dst id="NYCMng">242232.725333333</dst>
            <dst id="SNVAng">1267.63466666667</dst>
            <dst id="STTLng">34128.5333333333</dst>
            <dst id="WASHng">183705.306666667</dst>
        </src>
    </IntraTM>
</TrafficMatrixFile>
