<?xml version="1.0" encoding="ISO-8859-1" standalone="yes"?>
<TrafficMatrixFile xsi:noNamespaceSchemaLocation="http://totem.run.montefiore.ulg.ac.be/Schema/TrafficMatrix-v1_2.xsd" xmlns:xsi="http://www.w3.org/2001/XMLSchema-instance">
    <IntraTM ASID="11537">
        <src id="ATLA-M5">
            <dst id="ATLA-M5">0</dst>
            <dst id="ATLAng">53.3333333333333</dst>
            <dst id="CHINng">276.037333333333</dst>
            <dst id="DNVRng">0</dst>
            <dst id="HSTNng">540.733333333333</dst>
            <dst id="IPLSng">67.7333333333333</dst>
            <dst id="KSCYng">0</dst>
            <dst id="LOSAng">53.3333333333333</dst>
            <dst id="NYCMng">54.2133333333333</dst>
            <dst id="SNVAng">0</dst>
            <dst id="STTLng">71.024</dst>
            <dst id="WASHng">53.3333333333333</dst>
        </src>
        <src id="ATLAng">
            <dst id="ATLA-M5">56.8106666666667</dst>
            <dst id="ATLAng">45811.5413333333</dst>
            <dst id="CHINng">4893.664</dst>
            <dst id="DNVRng">3321.376</dst>
            <dst id="HSTNng">15671.1386666667</dst>
            <dst id="IPLSng">14411.4586666667</dst>
            <dst id="KSCYng">3260.62666666667</dst>
            <dst id="LOSAng">14770.3493333333</dst>
            <dst id="NYCMng">15198.184</dst>
            <dst id="SNVAng">13.3333333333333</dst>
            <dst id="STTLng">3868.87466666667</dst>
            <dst id="WASHng">32664.6746666667</dst>
        </src>
        <src id="CHINng">
            <dst id="ATLA-M5">288.304</dst>
            <dst id="ATLAng">24969.6746666667</dst>
            <dst id="CHINng">75655.6986666666</dst>
            <dst id="DNVRng">9076.48533333333</dst>
            <dst id="HSTNng">7401.02666666667</dst>
            <dst id="IPLSng">36216.3173333333</dst>
            <dst id="KSCYng">7860.90933333333</dst>
            <dst id="LOSAng">24042.7546666667</dst>
            <dst id="NYCMng">26357.72</dst>
            <dst id="SNVAng">981.168</dst>
            <dst id="STTLng">5745.56</dst>
            <dst id="WASHng">20651.232</dst>
        </src>
        <src id="DNVRng">
            <dst id="ATLA-M5">229.872</dst>
            <dst id="ATLAng">6893.45066666667</dst>
            <dst id="CHINng">34387.072</dst>
            <dst id="DNVRng">10511.4826666667</dst>
            <dst id="HSTNng">23803.5466666667</dst>
            <dst id="IPLSng">24783.1466666667</dst>
            <dst id="KSCYng">16293.1546666667</dst>
            <dst id="LOSAng">22884.736</dst>
            <dst id="NYCMng">13625.8266666667</dst>
            <dst id="SNVAng">7859.69866666667</dst>
            <dst id="STTLng">4938.18666666667</dst>
            <dst id="WASHng">38716.7946666667</dst>
        </src>
        <src id="HSTNng">
            <dst id="ATLA-M5">377.098666666667</dst>
            <dst id="ATLAng">7587.6</dst>
            <dst id="CHINng">9514.27466666667</dst>
            <dst id="DNVRng">4018.87466666667</dst>
            <dst id="HSTNng">15467.0986666667</dst>
            <dst id="IPLSng">4489.04533333333</dst>
            <dst id="KSCYng">623.664</dst>
            <dst id="LOSAng">1106.04266666667</dst>
            <dst id="NYCMng">2476.80266666667</dst>
            <dst id="SNVAng">26.6666666666667</dst>
            <dst id="STTLng">570.154666666667</dst>
            <dst id="WASHng">9976.09333333333</dst>
        </src>
        <src id="IPLSng">
            <dst id="ATLA-M5">26.6666666666667</dst>
            <dst id="ATLAng">18269.0773333333</dst>
            <dst id="CHINng">39189.928</dst>
            <dst id="DNVRng">6428.67733333333</dst>
            <dst id="HSTNng">5533.86133333333</dst>
            <dst id="IPLSng">14514.8</dst>
            <dst id="KSCYng">1965.70933333333</dst>
            <dst id="LOSAng">22275.528</dst>
            <dst id="NYCMng">6472.528</dst>
            <dst id="SNVAng">441.424</dst>
            <dst id="STTLng">9631.26133333333</dst>
            <dst id="WASHng">12890.5466666667</dst>
        </src>
        <src id="KSCYng">
            <dst id="ATLA-M5">26.6666666666667</dst>
            <dst id="ATLAng">7278.352</dst>
            <dst id="CHINng">10927.488</dst>
            <dst id="DNVRng">5440.608</dst>
            <dst id="HSTNng">3324.45333333333</dst>
            <dst id="IPLSng">17001.9146666667</dst>
            <dst id="KSCYng">12249.0906666667</dst>
            <dst id="LOSAng">2778.58933333333</dst>
            <dst id="NYCMng">1813.70933333333</dst>
            <dst id="SNVAng">2126.32533333333</dst>
            <dst id="STTLng">636.928</dst>
            <dst id="WASHng">24019.8213333333</dst>
        </src>
        <src id="LOSAng">
            <dst id="ATLA-M5">743.626666666667</dst>
            <dst id="ATLAng">20732.5333333333</dst>
            <dst id="CHINng">54464.3626666667</dst>
            <dst id="DNVRng">7226.47733333333</dst>
            <dst id="HSTNng">3398.60533333333</dst>
            <dst id="IPLSng">22527.5253333333</dst>
            <dst id="KSCYng">6069.49866666667</dst>
            <dst id="LOSAng">7368.49333333333</dst>
            <dst id="NYCMng">21372.6346666667</dst>
            <dst id="SNVAng">20083.7786666667</dst>
            <dst id="STTLng">17251.472</dst>
            <dst id="WASHng">89999.704</dst>
        </src>
        <src id="NYCMng">
            <dst id="ATLA-M5">307.501333333333</dst>
            <dst id="ATLAng">12351.8986666667</dst>
            <dst id="CHINng">18178.8533333333</dst>
            <dst id="DNVRng">29886.92</dst>
            <dst id="HSTNng">9824.94133333333</dst>
            <dst id="IPLSng">11172.2933333333</dst>
            <dst id="KSCYng">2865.33066666667</dst>
            <dst id="LOSAng">48122.032</dst>
            <dst id="NYCMng">65433.2</dst>
            <dst id="SNVAng">489.672</dst>
            <dst id="STTLng">23419.4026666667</dst>
            <dst id="WASHng">41574.1546666667</dst>
        </src>
        <src id="SNVAng">
            <dst id="ATLA-M5">0</dst>
            <dst id="ATLAng">53.3333333333333</dst>
            <dst id="CHINng">26.6666666666667</dst>
            <dst id="DNVRng">1378.672</dst>
            <dst id="HSTNng">0</dst>
            <dst id="IPLSng">9222.11733333333</dst>
            <dst id="KSCYng">0</dst>
            <dst id="LOSAng">28428.9466666667</dst>
            <dst id="NYCMng">26.6666666666667</dst>
            <dst id="SNVAng">7053.79466666667</dst>
            <dst id="STTLng">35427.3466666667</dst>
            <dst id="WASHng">0</dst>
        </src>
        <src id="STTLng">
            <dst id="ATLA-M5">231.469333333333</dst>
            <dst id="ATLAng">6307.704</dst>
            <dst id="CHINng">11221.9786666667</dst>
            <dst id="DNVRng">2391.93866666667</dst>
            <dst id="HSTNng">1115.33333333333</dst>
            <dst id="IPLSng">4619.264</dst>
            <dst id="KSCYng">1286.39466666667</dst>
            <dst id="LOSAng">7145.72</dst>
            <dst id="NYCMng">6371.14666666667</dst>
            <dst id="SNVAng">9710.224</dst>
            <dst id="STTLng">2840.76533333333</dst>
            <dst id="WASHng">3100.544</dst>
        </src>
        <src id="WASHng">
            <dst id="ATLA-M5">445.346666666667</dst>
            <dst id="ATLAng">61925.2666666667</dst>
            <dst id="CHINng">55565.0533333333</dst>
            <dst id="DNVRng">50894.432</dst>
            <dst id="HSTNng">12079.52</dst>
            <dst id="IPLSng">54217.7066666667</dst>
            <dst id="KSCYng">30065.2026666667</dst>
            <dst id="LOSAng">108460.706666667</dst>
            <dst id="NYCMng">230756.352</dst>
            <dst id="SNVAng">658.402666666667</dst>
            <dst id="STTLng">24038.5493333333</dst>
            <dst id="WASHng">208921.890666667</dst>
        </src>
    </IntraTM>
</TrafficMatrixFile>
