<?xml version="1.0" encoding="ISO-8859-1" standalone="yes"?>
<TrafficMatrixFile xsi:noNamespaceSchemaLocation="http://totem.run.montefiore.ulg.ac.be/Schema/TrafficMatrix-v1_2.xsd" xmlns:xsi="http://www.w3.org/2001/XMLSchema-instance">
    <IntraTM ASID="11537">
        <src id="ATLA-M5">
            <dst id="ATLA-M5">0</dst>
            <dst id="ATLAng">0</dst>
            <dst id="CHINng">26.6666666666667</dst>
            <dst id="DNVRng">0</dst>
            <dst id="HSTNng">0</dst>
            <dst id="IPLSng">0</dst>
            <dst id="KSCYng">0</dst>
            <dst id="LOSAng">9506.81866666667</dst>
            <dst id="NYCMng">117.84</dst>
            <dst id="SNVAng">0</dst>
            <dst id="STTLng">90.8426666666667</dst>
            <dst id="WASHng">168.754666666667</dst>
        </src>
        <src id="ATLAng">
            <dst id="ATLA-M5">51.1413333333333</dst>
            <dst id="ATLAng">26266.5546666667</dst>
            <dst id="CHINng">15304.576</dst>
            <dst id="DNVRng">4671.74666666667</dst>
            <dst id="HSTNng">1320.89333333333</dst>
            <dst id="IPLSng">12290.4666666667</dst>
            <dst id="KSCYng">1297.33866666667</dst>
            <dst id="LOSAng">17270.9333333333</dst>
            <dst id="NYCMng">2067.256</dst>
            <dst id="SNVAng">40</dst>
            <dst id="STTLng">2965.61333333333</dst>
            <dst id="WASHng">38724.12</dst>
        </src>
        <src id="CHINng">
            <dst id="ATLA-M5">0</dst>
            <dst id="ATLAng">8031.50133333333</dst>
            <dst id="CHINng">79304.4</dst>
            <dst id="DNVRng">2426.31466666667</dst>
            <dst id="HSTNng">9578.59466666667</dst>
            <dst id="IPLSng">17533.8986666667</dst>
            <dst id="KSCYng">17270.216</dst>
            <dst id="LOSAng">26595.8186666667</dst>
            <dst id="NYCMng">25052.5146666667</dst>
            <dst id="SNVAng">4300.344</dst>
            <dst id="STTLng">3393.62133333333</dst>
            <dst id="WASHng">18675.376</dst>
        </src>
        <src id="DNVRng">
            <dst id="ATLA-M5">203.157333333333</dst>
            <dst id="ATLAng">5598.75733333333</dst>
            <dst id="CHINng">47278.5813333333</dst>
            <dst id="DNVRng">26723.4506666667</dst>
            <dst id="HSTNng">24490.8586666667</dst>
            <dst id="IPLSng">30675.6986666667</dst>
            <dst id="KSCYng">25378.9733333333</dst>
            <dst id="LOSAng">5071.568</dst>
            <dst id="NYCMng">11736.0533333333</dst>
            <dst id="SNVAng">10845.3226666667</dst>
            <dst id="STTLng">6416.168</dst>
            <dst id="WASHng">40020.6346666667</dst>
        </src>
        <src id="HSTNng">
            <dst id="ATLA-M5">70.272</dst>
            <dst id="ATLAng">1736.78933333333</dst>
            <dst id="CHINng">7519.89333333333</dst>
            <dst id="DNVRng">901.736</dst>
            <dst id="HSTNng">15269.0426666667</dst>
            <dst id="IPLSng">10028.1013333333</dst>
            <dst id="KSCYng">913.637333333333</dst>
            <dst id="LOSAng">2292.62666666667</dst>
            <dst id="NYCMng">3442.18666666667</dst>
            <dst id="SNVAng">26.6666666666667</dst>
            <dst id="STTLng">1041.69866666667</dst>
            <dst id="WASHng">7614.85866666667</dst>
        </src>
        <src id="IPLSng">
            <dst id="ATLA-M5">26.6666666666667</dst>
            <dst id="ATLAng">15093.352</dst>
            <dst id="CHINng">33068.6426666667</dst>
            <dst id="DNVRng">7071.07466666667</dst>
            <dst id="HSTNng">1803.392</dst>
            <dst id="IPLSng">5701.59466666667</dst>
            <dst id="KSCYng">6547.112</dst>
            <dst id="LOSAng">18913.9146666667</dst>
            <dst id="NYCMng">9538.99733333333</dst>
            <dst id="SNVAng">213.194666666667</dst>
            <dst id="STTLng">5085.16266666667</dst>
            <dst id="WASHng">9323.56</dst>
        </src>
        <src id="KSCYng">
            <dst id="ATLA-M5">0</dst>
            <dst id="ATLAng">3467.544</dst>
            <dst id="CHINng">22544.4773333333</dst>
            <dst id="DNVRng">4216.82666666667</dst>
            <dst id="HSTNng">3928.15466666667</dst>
            <dst id="IPLSng">17822.2</dst>
            <dst id="KSCYng">19404.0213333333</dst>
            <dst id="LOSAng">2713.984</dst>
            <dst id="NYCMng">850.781333333333</dst>
            <dst id="SNVAng">4803.464</dst>
            <dst id="STTLng">1634.30933333333</dst>
            <dst id="WASHng">10540.2426666667</dst>
        </src>
        <src id="LOSAng">
            <dst id="ATLA-M5">1032.61866666667</dst>
            <dst id="ATLAng">10183.3626666667</dst>
            <dst id="CHINng">47622.344</dst>
            <dst id="DNVRng">6454.08266666667</dst>
            <dst id="HSTNng">2788.46666666667</dst>
            <dst id="IPLSng">4854.41866666667</dst>
            <dst id="KSCYng">5257.40266666667</dst>
            <dst id="LOSAng">5239.208</dst>
            <dst id="NYCMng">18739.1253333333</dst>
            <dst id="SNVAng">26554.08</dst>
            <dst id="STTLng">19302.8533333333</dst>
            <dst id="WASHng">70634.7093333334</dst>
        </src>
        <src id="NYCMng">
            <dst id="ATLA-M5">251.696</dst>
            <dst id="ATLAng">8622.016</dst>
            <dst id="CHINng">21842.96</dst>
            <dst id="DNVRng">23088.7226666667</dst>
            <dst id="HSTNng">6023.39466666667</dst>
            <dst id="IPLSng">15612.1653333333</dst>
            <dst id="KSCYng">1599.888</dst>
            <dst id="LOSAng">47596.0666666667</dst>
            <dst id="NYCMng">59060.3226666667</dst>
            <dst id="SNVAng">194.786666666667</dst>
            <dst id="STTLng">19900.0533333333</dst>
            <dst id="WASHng">32055.56</dst>
        </src>
        <src id="SNVAng">
            <dst id="ATLA-M5">0</dst>
            <dst id="ATLAng">26.6666666666667</dst>
            <dst id="CHINng">26.6666666666667</dst>
            <dst id="DNVRng">1942.34133333333</dst>
            <dst id="HSTNng">0</dst>
            <dst id="IPLSng">192.864</dst>
            <dst id="KSCYng">26.6666666666667</dst>
            <dst id="LOSAng">27757.92</dst>
            <dst id="NYCMng">53.3333333333333</dst>
            <dst id="SNVAng">6653.84</dst>
            <dst id="STTLng">31894.2613333333</dst>
            <dst id="WASHng">0</dst>
        </src>
        <src id="STTLng">
            <dst id="ATLA-M5">1452.53866666667</dst>
            <dst id="ATLAng">6665.71466666667</dst>
            <dst id="CHINng">12736.0213333333</dst>
            <dst id="DNVRng">2938.384</dst>
            <dst id="HSTNng">687.117333333333</dst>
            <dst id="IPLSng">5725.82933333333</dst>
            <dst id="KSCYng">789.648</dst>
            <dst id="LOSAng">8831.36</dst>
            <dst id="NYCMng">7283.01066666667</dst>
            <dst id="SNVAng">18119.8026666667</dst>
            <dst id="STTLng">2434.56533333333</dst>
            <dst id="WASHng">3326.82933333333</dst>
        </src>
        <src id="WASHng">
            <dst id="ATLA-M5">348.416</dst>
            <dst id="ATLAng">71876.8906666667</dst>
            <dst id="CHINng">45794.1546666667</dst>
            <dst id="DNVRng">40115.72</dst>
            <dst id="HSTNng">12628.632</dst>
            <dst id="IPLSng">47973.4</dst>
            <dst id="KSCYng">28180.2133333333</dst>
            <dst id="LOSAng">95726.208</dst>
            <dst id="NYCMng">147386.058666667</dst>
            <dst id="SNVAng">239.701333333333</dst>
            <dst id="STTLng">25441.2853333333</dst>
            <dst id="WASHng">184495.634666667</dst>
        </src>
    </IntraTM>
</TrafficMatrixFile>
