<?xml version="1.0" encoding="ISO-8859-1" standalone="yes"?>
<TrafficMatrixFile xsi:noNamespaceSchemaLocation="http://totem.run.montefiore.ulg.ac.be/Schema/TrafficMatrix-v1_2.xsd" xmlns:xsi="http://www.w3.org/2001/XMLSchema-instance">
    <IntraTM ASID="11537">
        <src id="ATLA-M5">
            <dst id="ATLA-M5">0</dst>
            <dst id="ATLAng">59.3386666666667</dst>
            <dst id="CHINng">852.410666666667</dst>
            <dst id="DNVRng">0</dst>
            <dst id="HSTNng">34.6986666666667</dst>
            <dst id="IPLSng">30.5066666666667</dst>
            <dst id="KSCYng">53.3333333333333</dst>
            <dst id="LOSAng">54.784</dst>
            <dst id="NYCMng">502.232</dst>
            <dst id="SNVAng">0</dst>
            <dst id="STTLng">80</dst>
            <dst id="WASHng">1637.336</dst>
        </src>
        <src id="ATLAng">
            <dst id="ATLA-M5">139.645333333333</dst>
            <dst id="ATLAng">23276.624</dst>
            <dst id="CHINng">4477.36533333333</dst>
            <dst id="DNVRng">3113.86933333333</dst>
            <dst id="HSTNng">33961.1013333333</dst>
            <dst id="IPLSng">35318.8453333333</dst>
            <dst id="KSCYng">1808.94666666667</dst>
            <dst id="LOSAng">8324.904</dst>
            <dst id="NYCMng">2931.83466666667</dst>
            <dst id="SNVAng">26.6666666666667</dst>
            <dst id="STTLng">2970.62666666667</dst>
            <dst id="WASHng">17561.2453333333</dst>
        </src>
        <src id="CHINng">
            <dst id="ATLA-M5">255.482666666667</dst>
            <dst id="ATLAng">14216.6773333333</dst>
            <dst id="CHINng">63845.6293333333</dst>
            <dst id="DNVRng">4777.984</dst>
            <dst id="HSTNng">8513.13066666667</dst>
            <dst id="IPLSng">27630.2906666667</dst>
            <dst id="KSCYng">8561.34133333333</dst>
            <dst id="LOSAng">27363.5146666667</dst>
            <dst id="NYCMng">8194.17333333333</dst>
            <dst id="SNVAng">2102.368</dst>
            <dst id="STTLng">3721.66133333333</dst>
            <dst id="WASHng">13726.264</dst>
        </src>
        <src id="DNVRng">
            <dst id="ATLA-M5">135.84</dst>
            <dst id="ATLAng">3839.93333333333</dst>
            <dst id="CHINng">33441.328</dst>
            <dst id="DNVRng">13409.248</dst>
            <dst id="HSTNng">21464.44</dst>
            <dst id="IPLSng">30469.4293333333</dst>
            <dst id="KSCYng">29502.4453333333</dst>
            <dst id="LOSAng">19882.5013333333</dst>
            <dst id="NYCMng">19349.6186666667</dst>
            <dst id="SNVAng">9545.10133333333</dst>
            <dst id="STTLng">7887.09333333333</dst>
            <dst id="WASHng">35548.3466666667</dst>
        </src>
        <src id="HSTNng">
            <dst id="ATLA-M5">2057.096</dst>
            <dst id="ATLAng">10825.1813333333</dst>
            <dst id="CHINng">6836.488</dst>
            <dst id="DNVRng">951.576</dst>
            <dst id="HSTNng">12025.2053333333</dst>
            <dst id="IPLSng">3325.01333333333</dst>
            <dst id="KSCYng">1001.696</dst>
            <dst id="LOSAng">2723.90933333333</dst>
            <dst id="NYCMng">4705.48266666667</dst>
            <dst id="SNVAng">26.6666666666667</dst>
            <dst id="STTLng">622.64</dst>
            <dst id="WASHng">5054.65066666667</dst>
        </src>
        <src id="IPLSng">
            <dst id="ATLA-M5">2038.90933333333</dst>
            <dst id="ATLAng">6138.27733333333</dst>
            <dst id="CHINng">37192.032</dst>
            <dst id="DNVRng">7581.544</dst>
            <dst id="HSTNng">3061.05333333333</dst>
            <dst id="IPLSng">3565.42666666667</dst>
            <dst id="KSCYng">5885.11733333333</dst>
            <dst id="LOSAng">12523.944</dst>
            <dst id="NYCMng">15256.472</dst>
            <dst id="SNVAng">1903.8</dst>
            <dst id="STTLng">3985.25333333333</dst>
            <dst id="WASHng">14576.4986666667</dst>
        </src>
        <src id="KSCYng">
            <dst id="ATLA-M5">29.1973333333333</dst>
            <dst id="ATLAng">3091.592</dst>
            <dst id="CHINng">15098.4533333333</dst>
            <dst id="DNVRng">5820.90666666667</dst>
            <dst id="HSTNng">5009.096</dst>
            <dst id="IPLSng">11112.8</dst>
            <dst id="KSCYng">13948.128</dst>
            <dst id="LOSAng">3216.58666666667</dst>
            <dst id="NYCMng">1330.064</dst>
            <dst id="SNVAng">2471.25066666667</dst>
            <dst id="STTLng">3307.50133333333</dst>
            <dst id="WASHng">9147.176</dst>
        </src>
        <src id="LOSAng">
            <dst id="ATLA-M5">0</dst>
            <dst id="ATLAng">11731.0586666667</dst>
            <dst id="CHINng">61060.8053333333</dst>
            <dst id="DNVRng">7269.43466666667</dst>
            <dst id="HSTNng">2845.73866666667</dst>
            <dst id="IPLSng">18432.32</dst>
            <dst id="KSCYng">3083.69866666667</dst>
            <dst id="LOSAng">7094.03733333333</dst>
            <dst id="NYCMng">48083.5493333333</dst>
            <dst id="SNVAng">23445.1226666667</dst>
            <dst id="STTLng">19702.4186666667</dst>
            <dst id="WASHng">79523.1066666667</dst>
        </src>
        <src id="NYCMng">
            <dst id="ATLA-M5">1383.128</dst>
            <dst id="ATLAng">7898.96</dst>
            <dst id="CHINng">17208.688</dst>
            <dst id="DNVRng">24310.5413333333</dst>
            <dst id="HSTNng">4533.23733333333</dst>
            <dst id="IPLSng">28046.496</dst>
            <dst id="KSCYng">10141.9706666667</dst>
            <dst id="LOSAng">62523.104</dst>
            <dst id="NYCMng">117880.624</dst>
            <dst id="SNVAng">1767.59466666667</dst>
            <dst id="STTLng">22644.4026666667</dst>
            <dst id="WASHng">46985.408</dst>
        </src>
        <src id="SNVAng">
            <dst id="ATLA-M5">0</dst>
            <dst id="ATLAng">26.6666666666667</dst>
            <dst id="CHINng">167.445333333333</dst>
            <dst id="DNVRng">1175.58666666667</dst>
            <dst id="HSTNng">0</dst>
            <dst id="IPLSng">195.629333333333</dst>
            <dst id="KSCYng">0</dst>
            <dst id="LOSAng">28489.4933333333</dst>
            <dst id="NYCMng">80</dst>
            <dst id="SNVAng">8244.76266666667</dst>
            <dst id="STTLng">36844.2453333333</dst>
            <dst id="WASHng">120.922666666667</dst>
        </src>
        <src id="STTLng">
            <dst id="ATLA-M5">53.376</dst>
            <dst id="ATLAng">8428.71733333333</dst>
            <dst id="CHINng">13585.5866666667</dst>
            <dst id="DNVRng">2085.06666666667</dst>
            <dst id="HSTNng">1235.22666666667</dst>
            <dst id="IPLSng">19705.2533333333</dst>
            <dst id="KSCYng">1729.09066666667</dst>
            <dst id="LOSAng">15652.2053333333</dst>
            <dst id="NYCMng">14216.3893333333</dst>
            <dst id="SNVAng">7222.49866666667</dst>
            <dst id="STTLng">1212.55733333333</dst>
            <dst id="WASHng">6882.03733333333</dst>
        </src>
        <src id="WASHng">
            <dst id="ATLA-M5">133.218666666667</dst>
            <dst id="ATLAng">108065.474666667</dst>
            <dst id="CHINng">48761.04</dst>
            <dst id="DNVRng">51121.3546666667</dst>
            <dst id="HSTNng">23339.712</dst>
            <dst id="IPLSng">53249.9946666667</dst>
            <dst id="KSCYng">33466.3706666667</dst>
            <dst id="LOSAng">104068.450666667</dst>
            <dst id="NYCMng">125617.728</dst>
            <dst id="SNVAng">5582.04</dst>
            <dst id="STTLng">22323.0373333333</dst>
            <dst id="WASHng">169371.490666667</dst>
        </src>
    </IntraTM>
</TrafficMatrixFile>
