<?xml version="1.0" encoding="ISO-8859-1" standalone="yes"?>
<TrafficMatrixFile xsi:noNamespaceSchemaLocation="http://totem.run.montefiore.ulg.ac.be/Schema/TrafficMatrix-v1_2.xsd" xmlns:xsi="http://www.w3.org/2001/XMLSchema-instance">
    <IntraTM ASID="11537">
        <src id="ATLA-M5">
            <dst id="ATLA-M5">0</dst>
            <dst id="ATLAng">48.9706666666667</dst>
            <dst id="CHINng">840.469333333333</dst>
            <dst id="DNVRng">0</dst>
            <dst id="HSTNng">26.6666666666667</dst>
            <dst id="IPLSng">26.6666666666667</dst>
            <dst id="KSCYng">0</dst>
            <dst id="LOSAng">13.3333333333333</dst>
            <dst id="NYCMng">125.509333333333</dst>
            <dst id="SNVAng">40</dst>
            <dst id="STTLng">26.6666666666667</dst>
            <dst id="WASHng">249.482666666667</dst>
        </src>
        <src id="ATLAng">
            <dst id="ATLA-M5">50.6613333333333</dst>
            <dst id="ATLAng">27636.864</dst>
            <dst id="CHINng">4934.90933333333</dst>
            <dst id="DNVRng">3459.57333333333</dst>
            <dst id="HSTNng">18673.7786666667</dst>
            <dst id="IPLSng">17335.0986666667</dst>
            <dst id="KSCYng">1506.39466666667</dst>
            <dst id="LOSAng">12249.2013333333</dst>
            <dst id="NYCMng">3481.61866666667</dst>
            <dst id="SNVAng">98.0786666666666</dst>
            <dst id="STTLng">4427.13333333333</dst>
            <dst id="WASHng">19390.168</dst>
        </src>
        <src id="CHINng">
            <dst id="ATLA-M5">595.962666666667</dst>
            <dst id="ATLAng">20446.208</dst>
            <dst id="CHINng">78788.2986666667</dst>
            <dst id="DNVRng">7423.544</dst>
            <dst id="HSTNng">4540.48533333333</dst>
            <dst id="IPLSng">29522.296</dst>
            <dst id="KSCYng">7132.12533333333</dst>
            <dst id="LOSAng">31944.52</dst>
            <dst id="NYCMng">9595.656</dst>
            <dst id="SNVAng">2882.88533333333</dst>
            <dst id="STTLng">3416.09866666667</dst>
            <dst id="WASHng">15003.1333333333</dst>
        </src>
        <src id="DNVRng">
            <dst id="ATLA-M5">505.685333333333</dst>
            <dst id="ATLAng">3400.48</dst>
            <dst id="CHINng">34899.9653333333</dst>
            <dst id="DNVRng">13521.08</dst>
            <dst id="HSTNng">25671.1466666667</dst>
            <dst id="IPLSng">25266.592</dst>
            <dst id="KSCYng">27146.9413333333</dst>
            <dst id="LOSAng">27027.2453333333</dst>
            <dst id="NYCMng">14520.56</dst>
            <dst id="SNVAng">7562.88533333333</dst>
            <dst id="STTLng">7225.01333333333</dst>
            <dst id="WASHng">43577.1466666667</dst>
        </src>
        <src id="HSTNng">
            <dst id="ATLA-M5">250.192</dst>
            <dst id="ATLAng">3479.93866666667</dst>
            <dst id="CHINng">10582.2986666667</dst>
            <dst id="DNVRng">1109.16266666667</dst>
            <dst id="HSTNng">13541.152</dst>
            <dst id="IPLSng">2529.216</dst>
            <dst id="KSCYng">3605.90133333333</dst>
            <dst id="LOSAng">10646.7626666667</dst>
            <dst id="NYCMng">3279.416</dst>
            <dst id="SNVAng">58.84</dst>
            <dst id="STTLng">506.328</dst>
            <dst id="WASHng">6759.28</dst>
        </src>
        <src id="IPLSng">
            <dst id="ATLA-M5">57.5226666666667</dst>
            <dst id="ATLAng">6645.23733333333</dst>
            <dst id="CHINng">49107.3946666667</dst>
            <dst id="DNVRng">11456.376</dst>
            <dst id="HSTNng">2080.504</dst>
            <dst id="IPLSng">16932.968</dst>
            <dst id="KSCYng">11209.7093333333</dst>
            <dst id="LOSAng">14200.1333333333</dst>
            <dst id="NYCMng">12458.9893333333</dst>
            <dst id="SNVAng">2020.65866666667</dst>
            <dst id="STTLng">14743.5466666667</dst>
            <dst id="WASHng">20803.304</dst>
        </src>
        <src id="KSCYng">
            <dst id="ATLA-M5">26.8053333333333</dst>
            <dst id="ATLAng">6711.072</dst>
            <dst id="CHINng">13186.4346666667</dst>
            <dst id="DNVRng">11490.2666666667</dst>
            <dst id="HSTNng">6153.30933333333</dst>
            <dst id="IPLSng">13271.7253333333</dst>
            <dst id="KSCYng">16632.224</dst>
            <dst id="LOSAng">3617.06933333333</dst>
            <dst id="NYCMng">3723.55466666667</dst>
            <dst id="SNVAng">2872.25066666667</dst>
            <dst id="STTLng">1771.52533333333</dst>
            <dst id="WASHng">10387.9973333333</dst>
        </src>
        <src id="LOSAng">
            <dst id="ATLA-M5">0</dst>
            <dst id="ATLAng">21703.744</dst>
            <dst id="CHINng">62193.112</dst>
            <dst id="DNVRng">11079.2053333333</dst>
            <dst id="HSTNng">2586.22133333333</dst>
            <dst id="IPLSng">15090.56</dst>
            <dst id="KSCYng">2496.49066666667</dst>
            <dst id="LOSAng">9083.336</dst>
            <dst id="NYCMng">44782.3146666667</dst>
            <dst id="SNVAng">23935.7946666667</dst>
            <dst id="STTLng">17025.8693333333</dst>
            <dst id="WASHng">69378.568</dst>
        </src>
        <src id="NYCMng">
            <dst id="ATLA-M5">5488.056</dst>
            <dst id="ATLAng">20432.4426666667</dst>
            <dst id="CHINng">13635.1653333333</dst>
            <dst id="DNVRng">21243.5813333333</dst>
            <dst id="HSTNng">10629.4853333333</dst>
            <dst id="IPLSng">23767.6373333333</dst>
            <dst id="KSCYng">5851.72533333333</dst>
            <dst id="LOSAng">61043.2106666667</dst>
            <dst id="NYCMng">102171.888</dst>
            <dst id="SNVAng">3113.47733333333</dst>
            <dst id="STTLng">24579.0666666667</dst>
            <dst id="WASHng">39226.0693333333</dst>
        </src>
        <src id="SNVAng">
            <dst id="ATLA-M5">0</dst>
            <dst id="ATLAng">26.6666666666667</dst>
            <dst id="CHINng">53.3333333333333</dst>
            <dst id="DNVRng">1664.776</dst>
            <dst id="HSTNng">0</dst>
            <dst id="IPLSng">260.069333333333</dst>
            <dst id="KSCYng">53.3333333333333</dst>
            <dst id="LOSAng">27869.7893333333</dst>
            <dst id="NYCMng">1310.384</dst>
            <dst id="SNVAng">8149.792</dst>
            <dst id="STTLng">39816.248</dst>
            <dst id="WASHng">26.6666666666667</dst>
        </src>
        <src id="STTLng">
            <dst id="ATLA-M5">0</dst>
            <dst id="ATLAng">11183.2693333333</dst>
            <dst id="CHINng">10077.6666666667</dst>
            <dst id="DNVRng">2998.736</dst>
            <dst id="HSTNng">1149.54133333333</dst>
            <dst id="IPLSng">22664.384</dst>
            <dst id="KSCYng">1892.61066666667</dst>
            <dst id="LOSAng">11877.2826666667</dst>
            <dst id="NYCMng">12148.7253333333</dst>
            <dst id="SNVAng">7938.92533333333</dst>
            <dst id="STTLng">1195.88533333333</dst>
            <dst id="WASHng">10935.7733333333</dst>
        </src>
        <src id="WASHng">
            <dst id="ATLA-M5">80.856</dst>
            <dst id="ATLAng">175705.549333333</dst>
            <dst id="CHINng">60887.7653333333</dst>
            <dst id="DNVRng">61695.264</dst>
            <dst id="HSTNng">18898.4346666667</dst>
            <dst id="IPLSng">61177.1306666667</dst>
            <dst id="KSCYng">34073.9946666667</dst>
            <dst id="LOSAng">92629.1466666667</dst>
            <dst id="NYCMng">137312.653333333</dst>
            <dst id="SNVAng">5846.76533333333</dst>
            <dst id="STTLng">20556.6906666667</dst>
            <dst id="WASHng">162220.370666667</dst>
        </src>
    </IntraTM>
</TrafficMatrixFile>
