<?xml version="1.0" encoding="ISO-8859-1" standalone="yes"?>
<TrafficMatrixFile xsi:noNamespaceSchemaLocation="http://totem.run.montefiore.ulg.ac.be/Schema/TrafficMatrix-v1_2.xsd" xmlns:xsi="http://www.w3.org/2001/XMLSchema-instance">
    <IntraTM ASID="11537">
        <src id="ATLA-M5">
            <dst id="ATLA-M5">26.6666666666667</dst>
            <dst id="ATLAng">80.832</dst>
            <dst id="CHINng">224.562666666667</dst>
            <dst id="DNVRng">0</dst>
            <dst id="HSTNng">105.453333333333</dst>
            <dst id="IPLSng">0</dst>
            <dst id="KSCYng">0</dst>
            <dst id="LOSAng">26.6666666666667</dst>
            <dst id="NYCMng">53.3333333333333</dst>
            <dst id="SNVAng">0</dst>
            <dst id="STTLng">67.536</dst>
            <dst id="WASHng">0</dst>
        </src>
        <src id="ATLAng">
            <dst id="ATLA-M5">126.378666666667</dst>
            <dst id="ATLAng">27679.2453333333</dst>
            <dst id="CHINng">13025.9546666667</dst>
            <dst id="DNVRng">3386.47733333333</dst>
            <dst id="HSTNng">10901.024</dst>
            <dst id="IPLSng">22866.6853333333</dst>
            <dst id="KSCYng">4808.08</dst>
            <dst id="LOSAng">17165.1173333333</dst>
            <dst id="NYCMng">3392.504</dst>
            <dst id="SNVAng">53.3333333333333</dst>
            <dst id="STTLng">4262.968</dst>
            <dst id="WASHng">27422.9946666667</dst>
        </src>
        <src id="CHINng">
            <dst id="ATLA-M5">290.968</dst>
            <dst id="ATLAng">14147.1413333333</dst>
            <dst id="CHINng">100465.138666667</dst>
            <dst id="DNVRng">12072.1173333333</dst>
            <dst id="HSTNng">9144.88</dst>
            <dst id="IPLSng">36991.5093333333</dst>
            <dst id="KSCYng">5342.128</dst>
            <dst id="LOSAng">26333.6933333333</dst>
            <dst id="NYCMng">26681.2666666667</dst>
            <dst id="SNVAng">1793.728</dst>
            <dst id="STTLng">5234.35733333333</dst>
            <dst id="WASHng">13528.088</dst>
        </src>
        <src id="DNVRng">
            <dst id="ATLA-M5">94.88</dst>
            <dst id="ATLAng">8061.624</dst>
            <dst id="CHINng">39570.2453333333</dst>
            <dst id="DNVRng">8652.28533333333</dst>
            <dst id="HSTNng">22074.032</dst>
            <dst id="IPLSng">24056.4053333333</dst>
            <dst id="KSCYng">16284.4933333333</dst>
            <dst id="LOSAng">18240.0106666667</dst>
            <dst id="NYCMng">15058.272</dst>
            <dst id="SNVAng">9269.42933333333</dst>
            <dst id="STTLng">7893.512</dst>
            <dst id="WASHng">36087.672</dst>
        </src>
        <src id="HSTNng">
            <dst id="ATLA-M5">3939.86933333333</dst>
            <dst id="ATLAng">3160.50933333333</dst>
            <dst id="CHINng">7745.24</dst>
            <dst id="DNVRng">2276.26666666667</dst>
            <dst id="HSTNng">15851.376</dst>
            <dst id="IPLSng">5466.73333333333</dst>
            <dst id="KSCYng">631.762666666667</dst>
            <dst id="LOSAng">1032.08533333333</dst>
            <dst id="NYCMng">2192.13333333333</dst>
            <dst id="SNVAng">53.3333333333333</dst>
            <dst id="STTLng">560.546666666667</dst>
            <dst id="WASHng">16642.384</dst>
        </src>
        <src id="IPLSng">
            <dst id="ATLA-M5">73.3493333333333</dst>
            <dst id="ATLAng">27099.024</dst>
            <dst id="CHINng">37186.0453333333</dst>
            <dst id="DNVRng">5573.45333333333</dst>
            <dst id="HSTNng">2631.34666666667</dst>
            <dst id="IPLSng">7532.824</dst>
            <dst id="KSCYng">1550.57866666667</dst>
            <dst id="LOSAng">15418.3706666667</dst>
            <dst id="NYCMng">11856.3893333333</dst>
            <dst id="SNVAng">204.4</dst>
            <dst id="STTLng">9767.68533333333</dst>
            <dst id="WASHng">12413.1413333333</dst>
        </src>
        <src id="KSCYng">
            <dst id="ATLA-M5">0</dst>
            <dst id="ATLAng">4573.02666666667</dst>
            <dst id="CHINng">10940.744</dst>
            <dst id="DNVRng">4486.43466666667</dst>
            <dst id="HSTNng">2641.25066666667</dst>
            <dst id="IPLSng">10388.9226666667</dst>
            <dst id="KSCYng">10074.0906666667</dst>
            <dst id="LOSAng">2967.82933333333</dst>
            <dst id="NYCMng">3028.48266666667</dst>
            <dst id="SNVAng">2061.70133333333</dst>
            <dst id="STTLng">428.453333333333</dst>
            <dst id="WASHng">22962.4026666667</dst>
        </src>
        <src id="LOSAng">
            <dst id="ATLA-M5">843.197333333333</dst>
            <dst id="ATLAng">13396.3813333333</dst>
            <dst id="CHINng">66625.8906666667</dst>
            <dst id="DNVRng">6115.83466666667</dst>
            <dst id="HSTNng">7568.376</dst>
            <dst id="IPLSng">22007.864</dst>
            <dst id="KSCYng">5829.35733333333</dst>
            <dst id="LOSAng">6823.89333333333</dst>
            <dst id="NYCMng">20490.2186666667</dst>
            <dst id="SNVAng">19472.6346666667</dst>
            <dst id="STTLng">18452.656</dst>
            <dst id="WASHng">83016.4933333333</dst>
        </src>
        <src id="NYCMng">
            <dst id="ATLA-M5">243.504</dst>
            <dst id="ATLAng">12539.1226666667</dst>
            <dst id="CHINng">22222.888</dst>
            <dst id="DNVRng">28493.936</dst>
            <dst id="HSTNng">11371.2773333333</dst>
            <dst id="IPLSng">23130.968</dst>
            <dst id="KSCYng">3249.23466666667</dst>
            <dst id="LOSAng">46674.2026666667</dst>
            <dst id="NYCMng">77657.2</dst>
            <dst id="SNVAng">664.637333333333</dst>
            <dst id="STTLng">23017.6773333333</dst>
            <dst id="WASHng">48303.6533333333</dst>
        </src>
        <src id="SNVAng">
            <dst id="ATLA-M5">0</dst>
            <dst id="ATLAng">26.6666666666667</dst>
            <dst id="CHINng">53.3333333333333</dst>
            <dst id="DNVRng">3816.704</dst>
            <dst id="HSTNng">47.432</dst>
            <dst id="IPLSng">293.210666666667</dst>
            <dst id="KSCYng">0</dst>
            <dst id="LOSAng">29961.4426666667</dst>
            <dst id="NYCMng">26.6666666666667</dst>
            <dst id="SNVAng">7560.768</dst>
            <dst id="STTLng">37793.5066666667</dst>
            <dst id="WASHng">80</dst>
        </src>
        <src id="STTLng">
            <dst id="ATLA-M5">222.314666666667</dst>
            <dst id="ATLAng">7851.81866666667</dst>
            <dst id="CHINng">11255.704</dst>
            <dst id="DNVRng">1213.61866666667</dst>
            <dst id="HSTNng">835.466666666667</dst>
            <dst id="IPLSng">4582.664</dst>
            <dst id="KSCYng">1789.89066666667</dst>
            <dst id="LOSAng">7577.80266666667</dst>
            <dst id="NYCMng">5542.46933333333</dst>
            <dst id="SNVAng">8895.648</dst>
            <dst id="STTLng">3920.19733333333</dst>
            <dst id="WASHng">4466.90933333333</dst>
        </src>
        <src id="WASHng">
            <dst id="ATLA-M5">451.824</dst>
            <dst id="ATLAng">79238.696</dst>
            <dst id="CHINng">63732.984</dst>
            <dst id="DNVRng">52867.72</dst>
            <dst id="HSTNng">16283.3653333333</dst>
            <dst id="IPLSng">47393.9306666667</dst>
            <dst id="KSCYng">28812.1653333333</dst>
            <dst id="LOSAng">101646.773333333</dst>
            <dst id="NYCMng">152348.664</dst>
            <dst id="SNVAng">1532.2</dst>
            <dst id="STTLng">26907.9226666667</dst>
            <dst id="WASHng">235403.584</dst>
        </src>
    </IntraTM>
</TrafficMatrixFile>
