<?xml version="1.0" encoding="ISO-8859-1" standalone="yes"?>
<TrafficMatrixFile xsi:noNamespaceSchemaLocation="http://totem.run.montefiore.ulg.ac.be/Schema/TrafficMatrix-v1_2.xsd" xmlns:xsi="http://www.w3.org/2001/XMLSchema-instance">
    <IntraTM ASID="11537">
        <src id="ATLA-M5">
            <dst id="ATLA-M5">0</dst>
            <dst id="ATLAng">0</dst>
            <dst id="CHINng">64.2773333333333</dst>
            <dst id="DNVRng">0</dst>
            <dst id="HSTNng">82.6266666666667</dst>
            <dst id="IPLSng">37.76</dst>
            <dst id="KSCYng">0</dst>
            <dst id="LOSAng">0</dst>
            <dst id="NYCMng">26.6666666666667</dst>
            <dst id="SNVAng">0</dst>
            <dst id="STTLng">53.3333333333333</dst>
            <dst id="WASHng">196.834666666667</dst>
        </src>
        <src id="ATLAng">
            <dst id="ATLA-M5">594.104</dst>
            <dst id="ATLAng">25416.3173333333</dst>
            <dst id="CHINng">6864.17866666667</dst>
            <dst id="DNVRng">2811.696</dst>
            <dst id="HSTNng">38943.632</dst>
            <dst id="IPLSng">23523.5733333333</dst>
            <dst id="KSCYng">423.968</dst>
            <dst id="LOSAng">5339.17466666667</dst>
            <dst id="NYCMng">2815.736</dst>
            <dst id="SNVAng">4389.524</dst>
            <dst id="STTLng">2132.93866666667</dst>
            <dst id="WASHng">20828.7413333333</dst>
        </src>
        <src id="CHINng">
            <dst id="ATLA-M5">130.666666666667</dst>
            <dst id="ATLAng">16216.0906666667</dst>
            <dst id="CHINng">62865.9786666667</dst>
            <dst id="DNVRng">9340.35733333333</dst>
            <dst id="HSTNng">6838.09333333333</dst>
            <dst id="IPLSng">12553.088</dst>
            <dst id="KSCYng">7558.176</dst>
            <dst id="LOSAng">3406.936</dst>
            <dst id="NYCMng">9633.60266666667</dst>
            <dst id="SNVAng">28402.3066666667</dst>
            <dst id="STTLng">6232.112</dst>
            <dst id="WASHng">16480.8746666667</dst>
        </src>
        <src id="DNVRng">
            <dst id="ATLA-M5">112.96</dst>
            <dst id="ATLAng">12778.1413333333</dst>
            <dst id="CHINng">37377.8773333333</dst>
            <dst id="DNVRng">2871.96533333333</dst>
            <dst id="HSTNng">21016.888</dst>
            <dst id="IPLSng">24910.5146666667</dst>
            <dst id="KSCYng">7993.928</dst>
            <dst id="LOSAng">1222.11466666667</dst>
            <dst id="NYCMng">14282.696</dst>
            <dst id="SNVAng">12215.4986666667</dst>
            <dst id="STTLng">4523.25866666667</dst>
            <dst id="WASHng">32486.208</dst>
        </src>
        <src id="HSTNng">
            <dst id="ATLA-M5">1883.936</dst>
            <dst id="ATLAng">2132.95733333333</dst>
            <dst id="CHINng">7462.66133333333</dst>
            <dst id="DNVRng">2477.05066666667</dst>
            <dst id="HSTNng">15365.8266666667</dst>
            <dst id="IPLSng">1021.22133333333</dst>
            <dst id="KSCYng">1423.61333333333</dst>
            <dst id="LOSAng">1534.896</dst>
            <dst id="NYCMng">2431.94666666667</dst>
            <dst id="SNVAng">96.9946666666667</dst>
            <dst id="STTLng">1783.184</dst>
            <dst id="WASHng">2107.02666666667</dst>
        </src>
        <src id="IPLSng">
            <dst id="ATLA-M5">2748.44266666667</dst>
            <dst id="ATLAng">5525.00266666667</dst>
            <dst id="CHINng">49015.2533333333</dst>
            <dst id="DNVRng">7232.08</dst>
            <dst id="HSTNng">4419.22933333333</dst>
            <dst id="IPLSng">13002.136</dst>
            <dst id="KSCYng">3817.50133333333</dst>
            <dst id="LOSAng">2523.94133333333</dst>
            <dst id="NYCMng">8236</dst>
            <dst id="SNVAng">7215.20533333334</dst>
            <dst id="STTLng">13031.9813333333</dst>
            <dst id="WASHng">34898.4533333333</dst>
        </src>
        <src id="KSCYng">
            <dst id="ATLA-M5">0</dst>
            <dst id="ATLAng">2686.27733333333</dst>
            <dst id="CHINng">12543.6</dst>
            <dst id="DNVRng">4483.44</dst>
            <dst id="HSTNng">3971.424</dst>
            <dst id="IPLSng">6079.592</dst>
            <dst id="KSCYng">6956.328</dst>
            <dst id="LOSAng">458.544</dst>
            <dst id="NYCMng">1734.86666666667</dst>
            <dst id="SNVAng">7074.672</dst>
            <dst id="STTLng">805.778666666667</dst>
            <dst id="WASHng">7083.98933333333</dst>
        </src>
        <src id="LOSAng">
            <dst id="ATLA-M5">26.6666666666667</dst>
            <dst id="ATLAng">21476.9786666667</dst>
            <dst id="CHINng">39959.7013333333</dst>
            <dst id="DNVRng">6574.87466666667</dst>
            <dst id="HSTNng">3827.92266666667</dst>
            <dst id="IPLSng">14835.1413333333</dst>
            <dst id="KSCYng">1506.032</dst>
            <dst id="LOSAng">15588.5813333333</dst>
            <dst id="NYCMng">30963.648</dst>
            <dst id="SNVAng">23805.656</dst>
            <dst id="STTLng">25390.848</dst>
            <dst id="WASHng">79099.6373333333</dst>
        </src>
        <src id="NYCMng">
            <dst id="ATLA-M5">1708.65333333333</dst>
            <dst id="ATLAng">19806.664</dst>
            <dst id="CHINng">21179.6773333333</dst>
            <dst id="DNVRng">21006.8053333333</dst>
            <dst id="HSTNng">3560.624</dst>
            <dst id="IPLSng">12885.384</dst>
            <dst id="KSCYng">7170.48533333333</dst>
            <dst id="LOSAng">8179.97066666667</dst>
            <dst id="NYCMng">98827.5546666666</dst>
            <dst id="SNVAng">48672.2133333333</dst>
            <dst id="STTLng">29286.0133333333</dst>
            <dst id="WASHng">44819.8026666667</dst>
        </src>
        <src id="SNVAng">
            <dst id="ATLA-M5">0</dst>
            <dst id="ATLAng">0</dst>
            <dst id="CHINng">53.3333333333333</dst>
            <dst id="DNVRng">1795.87733333333</dst>
            <dst id="HSTNng">0</dst>
            <dst id="IPLSng">217.216</dst>
            <dst id="KSCYng">0</dst>
            <dst id="LOSAng">1713.81866666667</dst>
            <dst id="NYCMng">8401.71733333333</dst>
            <dst id="SNVAng">36243.6826666667</dst>
            <dst id="STTLng">33295.2773333333</dst>
            <dst id="WASHng">26.6666666666667</dst>
        </src>
        <src id="STTLng">
            <dst id="ATLA-M5">26.6666666666667</dst>
            <dst id="ATLAng">5383.78933333333</dst>
            <dst id="CHINng">15931.72</dst>
            <dst id="DNVRng">2815.952</dst>
            <dst id="HSTNng">2715.56</dst>
            <dst id="IPLSng">7435.78933333333</dst>
            <dst id="KSCYng">1786.112</dst>
            <dst id="LOSAng">4667.26133333333</dst>
            <dst id="NYCMng">15914.3573333333</dst>
            <dst id="SNVAng">18472.744</dst>
            <dst id="STTLng">1023.61066666667</dst>
            <dst id="WASHng">5071.712</dst>
        </src>
        <src id="WASHng">
            <dst id="ATLA-M5">137.488</dst>
            <dst id="ATLAng">86245.8186666667</dst>
            <dst id="CHINng">60289.2613333333</dst>
            <dst id="DNVRng">25732.624</dst>
            <dst id="HSTNng">15000.0346666667</dst>
            <dst id="IPLSng">20099.456</dst>
            <dst id="KSCYng">27022.272</dst>
            <dst id="LOSAng">67038.728</dst>
            <dst id="NYCMng">127121.050666667</dst>
            <dst id="SNVAng">42022.4693333333</dst>
            <dst id="STTLng">30442.8453333333</dst>
            <dst id="WASHng">150656.570666667</dst>
        </src>
    </IntraTM>
</TrafficMatrixFile>
