<?xml version="1.0" encoding="ISO-8859-1" standalone="yes"?>
<TrafficMatrixFile xsi:noNamespaceSchemaLocation="http://totem.run.montefiore.ulg.ac.be/Schema/TrafficMatrix-v1_2.xsd" xmlns:xsi="http://www.w3.org/2001/XMLSchema-instance">
    <IntraTM ASID="11537">
        <src id="ATLA-M5">
            <dst id="ATLA-M5">26.6666666666667</dst>
            <dst id="ATLAng">0</dst>
            <dst id="CHINng">255.805333333333</dst>
            <dst id="DNVRng">0</dst>
            <dst id="HSTNng">0</dst>
            <dst id="IPLSng">0</dst>
            <dst id="KSCYng">0</dst>
            <dst id="LOSAng">66.6666666666667</dst>
            <dst id="NYCMng">130.128</dst>
            <dst id="SNVAng">93.2106666666667</dst>
            <dst id="STTLng">66.9173333333333</dst>
            <dst id="WASHng">890.173333333334</dst>
        </src>
        <src id="ATLAng">
            <dst id="ATLA-M5">58.424</dst>
            <dst id="ATLAng">18675.7413333333</dst>
            <dst id="CHINng">3321.66666666667</dst>
            <dst id="DNVRng">5790.208</dst>
            <dst id="HSTNng">11364.0853333333</dst>
            <dst id="IPLSng">9274.66933333333</dst>
            <dst id="KSCYng">633.613333333333</dst>
            <dst id="LOSAng">4372.80533333333</dst>
            <dst id="NYCMng">1163.424</dst>
            <dst id="SNVAng">119.626666666667</dst>
            <dst id="STTLng">1263.24266666667</dst>
            <dst id="WASHng">30807.2506666667</dst>
        </src>
        <src id="CHINng">
            <dst id="ATLA-M5">147.690666666667</dst>
            <dst id="ATLAng">15237.3946666667</dst>
            <dst id="CHINng">63140.7546666667</dst>
            <dst id="DNVRng">5243.09066666667</dst>
            <dst id="HSTNng">8700.864</dst>
            <dst id="IPLSng">18989.2826666667</dst>
            <dst id="KSCYng">16808.28</dst>
            <dst id="LOSAng">27346.352</dst>
            <dst id="NYCMng">21768.7413333333</dst>
            <dst id="SNVAng">455.213333333333</dst>
            <dst id="STTLng">6324.04533333333</dst>
            <dst id="WASHng">14736.776</dst>
        </src>
        <src id="DNVRng">
            <dst id="ATLA-M5">270.016</dst>
            <dst id="ATLAng">7016.21333333333</dst>
            <dst id="CHINng">45621.0506666667</dst>
            <dst id="DNVRng">4941.53066666667</dst>
            <dst id="HSTNng">19398</dst>
            <dst id="IPLSng">29408.5066666667</dst>
            <dst id="KSCYng">11642.848</dst>
            <dst id="LOSAng">7040.57866666667</dst>
            <dst id="NYCMng">12090.9093333333</dst>
            <dst id="SNVAng">4765.4</dst>
            <dst id="STTLng">3396.696</dst>
            <dst id="WASHng">35179.96</dst>
        </src>
        <src id="HSTNng">
            <dst id="ATLA-M5">0</dst>
            <dst id="ATLAng">13392.4933333333</dst>
            <dst id="CHINng">8117.38933333334</dst>
            <dst id="DNVRng">1100.48</dst>
            <dst id="HSTNng">13175.0213333333</dst>
            <dst id="IPLSng">1326.57333333333</dst>
            <dst id="KSCYng">1969.70933333333</dst>
            <dst id="LOSAng">2078.45866666667</dst>
            <dst id="NYCMng">5141.82133333333</dst>
            <dst id="SNVAng">71.0293333333333</dst>
            <dst id="STTLng">498.936</dst>
            <dst id="WASHng">6827.48533333333</dst>
        </src>
        <src id="IPLSng">
            <dst id="ATLA-M5">0</dst>
            <dst id="ATLAng">9294.376</dst>
            <dst id="CHINng">21710.7386666667</dst>
            <dst id="DNVRng">7878.28</dst>
            <dst id="HSTNng">3118.98133333333</dst>
            <dst id="IPLSng">8320.46133333333</dst>
            <dst id="KSCYng">13110.024</dst>
            <dst id="LOSAng">13346.0026666667</dst>
            <dst id="NYCMng">7713.584</dst>
            <dst id="SNVAng">753.925333333333</dst>
            <dst id="STTLng">3995.40266666667</dst>
            <dst id="WASHng">8403.816</dst>
        </src>
        <src id="KSCYng">
            <dst id="ATLA-M5">26.6666666666667</dst>
            <dst id="ATLAng">4258.616</dst>
            <dst id="CHINng">10052.5573333333</dst>
            <dst id="DNVRng">4530.97333333333</dst>
            <dst id="HSTNng">6097.51733333333</dst>
            <dst id="IPLSng">13617.08</dst>
            <dst id="KSCYng">11235.7946666667</dst>
            <dst id="LOSAng">4312.00533333333</dst>
            <dst id="NYCMng">1123.02933333333</dst>
            <dst id="SNVAng">2049.384</dst>
            <dst id="STTLng">403.944</dst>
            <dst id="WASHng">9966.24266666667</dst>
        </src>
        <src id="LOSAng">
            <dst id="ATLA-M5">53.3333333333333</dst>
            <dst id="ATLAng">19358.336</dst>
            <dst id="CHINng">48595.52</dst>
            <dst id="DNVRng">7060.112</dst>
            <dst id="HSTNng">8505.128</dst>
            <dst id="IPLSng">18040.8293333333</dst>
            <dst id="KSCYng">2569.22133333333</dst>
            <dst id="LOSAng">9736.416</dst>
            <dst id="NYCMng">19779.976</dst>
            <dst id="SNVAng">24298.8026666667</dst>
            <dst id="STTLng">21334.8133333333</dst>
            <dst id="WASHng">54050.48</dst>
        </src>
        <src id="NYCMng">
            <dst id="ATLA-M5">140.458666666667</dst>
            <dst id="ATLAng">15810.04</dst>
            <dst id="CHINng">14223.9386666667</dst>
            <dst id="DNVRng">21324.8</dst>
            <dst id="HSTNng">2963.91733333333</dst>
            <dst id="IPLSng">11028.944</dst>
            <dst id="KSCYng">10856.08</dst>
            <dst id="LOSAng">51539.552</dst>
            <dst id="NYCMng">67490.512</dst>
            <dst id="SNVAng">1474.09333333333</dst>
            <dst id="STTLng">11949.6426666667</dst>
            <dst id="WASHng">87785.2773333333</dst>
        </src>
        <src id="SNVAng">
            <dst id="ATLA-M5">0</dst>
            <dst id="ATLAng">26.6666666666667</dst>
            <dst id="CHINng">359.48</dst>
            <dst id="DNVRng">6942.016</dst>
            <dst id="HSTNng">0</dst>
            <dst id="IPLSng">243.821333333333</dst>
            <dst id="KSCYng">53.3333333333333</dst>
            <dst id="LOSAng">30360.472</dst>
            <dst id="NYCMng">67.0826666666667</dst>
            <dst id="SNVAng">7811.59466666667</dst>
            <dst id="STTLng">36303.272</dst>
            <dst id="WASHng">133.333333333333</dst>
        </src>
        <src id="STTLng">
            <dst id="ATLA-M5">134.192</dst>
            <dst id="ATLAng">8218.94666666667</dst>
            <dst id="CHINng">13154.0266666667</dst>
            <dst id="DNVRng">3993.92266666667</dst>
            <dst id="HSTNng">522.696</dst>
            <dst id="IPLSng">6084.70666666667</dst>
            <dst id="KSCYng">1343.38933333333</dst>
            <dst id="LOSAng">11659.832</dst>
            <dst id="NYCMng">9600.24</dst>
            <dst id="SNVAng">9428.736</dst>
            <dst id="STTLng">3552.41066666667</dst>
            <dst id="WASHng">9501.85333333333</dst>
        </src>
        <src id="WASHng">
            <dst id="ATLA-M5">4868.568</dst>
            <dst id="ATLAng">70276.1093333334</dst>
            <dst id="CHINng">67189.344</dst>
            <dst id="DNVRng">65270.608</dst>
            <dst id="HSTNng">11203.7653333333</dst>
            <dst id="IPLSng">58488.408</dst>
            <dst id="KSCYng">30111.136</dst>
            <dst id="LOSAng">83362.4213333333</dst>
            <dst id="NYCMng">133288.216</dst>
            <dst id="SNVAng">1431.13866666667</dst>
            <dst id="STTLng">25479.9093333333</dst>
            <dst id="WASHng">226806.237333333</dst>
        </src>
    </IntraTM>
</TrafficMatrixFile>
