<?xml version="1.0" encoding="ISO-8859-1" standalone="yes"?>
<TrafficMatrixFile xsi:noNamespaceSchemaLocation="http://totem.run.montefiore.ulg.ac.be/Schema/TrafficMatrix-v1_2.xsd" xmlns:xsi="http://www.w3.org/2001/XMLSchema-instance">
    <IntraTM ASID="11537">
        <src id="ATLA-M5">
            <dst id="ATLA-M5">4054.11733333333</dst>
            <dst id="ATLAng">192.106666666667</dst>
            <dst id="CHINng">365.032</dst>
            <dst id="DNVRng">155.466666666667</dst>
            <dst id="HSTNng">194.789333333333</dst>
            <dst id="IPLSng">26.6666666666667</dst>
            <dst id="KSCYng">141.690666666667</dst>
            <dst id="LOSAng">97.0586666666667</dst>
            <dst id="NYCMng">187.864</dst>
            <dst id="SNVAng">20.1333333333333</dst>
            <dst id="STTLng">66.336</dst>
            <dst id="WASHng">468.517333333333</dst>
        </src>
        <src id="ATLAng">
            <dst id="ATLA-M5">325.117333333333</dst>
            <dst id="ATLAng">58012.8666666667</dst>
            <dst id="CHINng">17918.48</dst>
            <dst id="DNVRng">4922.21333333333</dst>
            <dst id="HSTNng">33281.1333333333</dst>
            <dst id="IPLSng">14910.4666666667</dst>
            <dst id="KSCYng">3029.64266666667</dst>
            <dst id="LOSAng">8729.45333333333</dst>
            <dst id="NYCMng">12435.432</dst>
            <dst id="SNVAng">10247.192</dst>
            <dst id="STTLng">5538.62133333333</dst>
            <dst id="WASHng">57652.112</dst>
        </src>
        <src id="CHINng">
            <dst id="ATLA-M5">1159.80266666667</dst>
            <dst id="ATLAng">25533.7226666667</dst>
            <dst id="CHINng">134241.410666667</dst>
            <dst id="DNVRng">11912.464</dst>
            <dst id="HSTNng">18442.2346666667</dst>
            <dst id="IPLSng">30350.1226666667</dst>
            <dst id="KSCYng">12151.7226666667</dst>
            <dst id="LOSAng">5793.39733333333</dst>
            <dst id="NYCMng">20407.4346666667</dst>
            <dst id="SNVAng">38253.5733333333</dst>
            <dst id="STTLng">11759.1706666667</dst>
            <dst id="WASHng">34678.0693333333</dst>
        </src>
        <src id="DNVRng">
            <dst id="ATLA-M5">249.688</dst>
            <dst id="ATLAng">13532.5013333333</dst>
            <dst id="CHINng">88418.4506666667</dst>
            <dst id="DNVRng">10979.408</dst>
            <dst id="HSTNng">36745.088</dst>
            <dst id="IPLSng">32783.1653333333</dst>
            <dst id="KSCYng">31963.2533333333</dst>
            <dst id="LOSAng">11677.6213333333</dst>
            <dst id="NYCMng">16263.2533333333</dst>
            <dst id="SNVAng">37919.6666666667</dst>
            <dst id="STTLng">11965.792</dst>
            <dst id="WASHng">70395.9546666667</dst>
        </src>
        <src id="HSTNng">
            <dst id="ATLA-M5">3038.06666666667</dst>
            <dst id="ATLAng">4366.78666666667</dst>
            <dst id="CHINng">17522.6293333333</dst>
            <dst id="DNVRng">2692.384</dst>
            <dst id="HSTNng">17091.2906666667</dst>
            <dst id="IPLSng">4805.24</dst>
            <dst id="KSCYng">3450.56533333333</dst>
            <dst id="LOSAng">3654.01866666667</dst>
            <dst id="NYCMng">3143.14933333333</dst>
            <dst id="SNVAng">1111.656</dst>
            <dst id="STTLng">1816.79466666667</dst>
            <dst id="WASHng">6263.40266666667</dst>
        </src>
        <src id="IPLSng">
            <dst id="ATLA-M5">2233.472</dst>
            <dst id="ATLAng">23424.2213333333</dst>
            <dst id="CHINng">68091.84</dst>
            <dst id="DNVRng">19031.3093333333</dst>
            <dst id="HSTNng">3998.21333333333</dst>
            <dst id="IPLSng">22990.7946666667</dst>
            <dst id="KSCYng">10713.088</dst>
            <dst id="LOSAng">5565.168</dst>
            <dst id="NYCMng">21742.6106666667</dst>
            <dst id="SNVAng">12588.9626666667</dst>
            <dst id="STTLng">15531.6506666667</dst>
            <dst id="WASHng">50943.5306666667</dst>
        </src>
        <src id="KSCYng">
            <dst id="ATLA-M5">0</dst>
            <dst id="ATLAng">6982.94133333333</dst>
            <dst id="CHINng">16249.2213333333</dst>
            <dst id="DNVRng">15630.344</dst>
            <dst id="HSTNng">5331.44533333333</dst>
            <dst id="IPLSng">18830.816</dst>
            <dst id="KSCYng">16740.632</dst>
            <dst id="LOSAng">411.362666666667</dst>
            <dst id="NYCMng">3286.76266666667</dst>
            <dst id="SNVAng">6956.77866666667</dst>
            <dst id="STTLng">3658.808</dst>
            <dst id="WASHng">12386.072</dst>
        </src>
        <src id="LOSAng">
            <dst id="ATLA-M5">571.389333333333</dst>
            <dst id="ATLAng">22177.1626666667</dst>
            <dst id="CHINng">81013.1386666667</dst>
            <dst id="DNVRng">15317.5626666667</dst>
            <dst id="HSTNng">18191.6613333333</dst>
            <dst id="IPLSng">19155.52</dst>
            <dst id="KSCYng">4736.85066666667</dst>
            <dst id="LOSAng">16928.1866666667</dst>
            <dst id="NYCMng">53360.7493333333</dst>
            <dst id="SNVAng">28169.9813333333</dst>
            <dst id="STTLng">18599.52</dst>
            <dst id="WASHng">108211.944</dst>
        </src>
        <src id="NYCMng">
            <dst id="ATLA-M5">626.528</dst>
            <dst id="ATLAng">48434.7573333333</dst>
            <dst id="CHINng">46337.9813333333</dst>
            <dst id="DNVRng">31963.8213333333</dst>
            <dst id="HSTNng">23310.2746666667</dst>
            <dst id="IPLSng">34568.784</dst>
            <dst id="KSCYng">9252.90933333333</dst>
            <dst id="LOSAng">7898.592</dst>
            <dst id="NYCMng">141743.997333333</dst>
            <dst id="SNVAng">56456.536</dst>
            <dst id="STTLng">16055.7173333333</dst>
            <dst id="WASHng">120292.941333333</dst>
        </src>
        <src id="SNVAng">
            <dst id="ATLA-M5">0</dst>
            <dst id="ATLAng">678.224</dst>
            <dst id="CHINng">80</dst>
            <dst id="DNVRng">42037.5066666667</dst>
            <dst id="HSTNng">141.986666666667</dst>
            <dst id="IPLSng">2279.73333333333</dst>
            <dst id="KSCYng">26.6666666666667</dst>
            <dst id="LOSAng">742.245333333333</dst>
            <dst id="NYCMng">995.88</dst>
            <dst id="SNVAng">43208.616</dst>
            <dst id="STTLng">38668.4906666667</dst>
            <dst id="WASHng">1124.664</dst>
        </src>
        <src id="STTLng">
            <dst id="ATLA-M5">26.6666666666667</dst>
            <dst id="ATLAng">12701.7893333333</dst>
            <dst id="CHINng">33192.5706666667</dst>
            <dst id="DNVRng">8275.53866666667</dst>
            <dst id="HSTNng">8107.73066666667</dst>
            <dst id="IPLSng">10032.152</dst>
            <dst id="KSCYng">3301.456</dst>
            <dst id="LOSAng">2668.992</dst>
            <dst id="NYCMng">15745.0773333333</dst>
            <dst id="SNVAng">15754.4293333333</dst>
            <dst id="STTLng">4952.37333333333</dst>
            <dst id="WASHng">22009.88</dst>
        </src>
        <src id="WASHng">
            <dst id="ATLA-M5">2033.42933333333</dst>
            <dst id="ATLAng">146729.853333333</dst>
            <dst id="CHINng">106238.104</dst>
            <dst id="DNVRng">39362.5013333333</dst>
            <dst id="HSTNng">21546.7386666667</dst>
            <dst id="IPLSng">53197.0133333333</dst>
            <dst id="KSCYng">18849.104</dst>
            <dst id="LOSAng">60863.6426666667</dst>
            <dst id="NYCMng">237225.882666667</dst>
            <dst id="SNVAng">37566.5813333333</dst>
            <dst id="STTLng">21401.3333333333</dst>
            <dst id="WASHng">323065.84</dst>
        </src>
    </IntraTM>
</TrafficMatrixFile>
