<?xml version="1.0" encoding="ISO-8859-1" standalone="yes"?>
<TrafficMatrixFile xsi:noNamespaceSchemaLocation="http://totem.run.montefiore.ulg.ac.be/Schema/TrafficMatrix-v1_2.xsd" xmlns:xsi="http://www.w3.org/2001/XMLSchema-instance">
    <IntraTM ASID="11537">
        <src id="ATLA-M5">
            <dst id="ATLA-M5">0</dst>
            <dst id="ATLAng">26.6666666666667</dst>
            <dst id="CHINng">58.176</dst>
            <dst id="DNVRng">1253.6</dst>
            <dst id="HSTNng">0</dst>
            <dst id="IPLSng">0</dst>
            <dst id="KSCYng">0</dst>
            <dst id="LOSAng">13.3333333333333</dst>
            <dst id="NYCMng">26.6666666666667</dst>
            <dst id="SNVAng">13.3333333333333</dst>
            <dst id="STTLng">53.3333333333333</dst>
            <dst id="WASHng">656.776</dst>
        </src>
        <src id="ATLAng">
            <dst id="ATLA-M5">82.5893333333333</dst>
            <dst id="ATLAng">43224.2213333333</dst>
            <dst id="CHINng">10274</dst>
            <dst id="DNVRng">2229.22666666667</dst>
            <dst id="HSTNng">1000.28</dst>
            <dst id="IPLSng">15638.5066666667</dst>
            <dst id="KSCYng">780.6</dst>
            <dst id="LOSAng">6277.20133333333</dst>
            <dst id="NYCMng">3912.16533333333</dst>
            <dst id="SNVAng">6273.876</dst>
            <dst id="STTLng">1981.52533333333</dst>
            <dst id="WASHng">34574.52</dst>
        </src>
        <src id="CHINng">
            <dst id="ATLA-M5">398.845333333333</dst>
            <dst id="ATLAng">4193.184</dst>
            <dst id="CHINng">110424.858666667</dst>
            <dst id="DNVRng">2251.62133333333</dst>
            <dst id="HSTNng">22712.152</dst>
            <dst id="IPLSng">22891.1466666667</dst>
            <dst id="KSCYng">7033.63733333333</dst>
            <dst id="LOSAng">8126.51466666666</dst>
            <dst id="NYCMng">6511.02666666667</dst>
            <dst id="SNVAng">33163.416</dst>
            <dst id="STTLng">9395.75466666667</dst>
            <dst id="WASHng">13062.2</dst>
        </src>
        <src id="DNVRng">
            <dst id="ATLA-M5">144.586666666667</dst>
            <dst id="ATLAng">3092.92533333333</dst>
            <dst id="CHINng">66578.2453333333</dst>
            <dst id="DNVRng">2111.69333333333</dst>
            <dst id="HSTNng">26906.6</dst>
            <dst id="IPLSng">24932.5573333333</dst>
            <dst id="KSCYng">9270.83733333333</dst>
            <dst id="LOSAng">2362.352</dst>
            <dst id="NYCMng">16397.2506666667</dst>
            <dst id="SNVAng">17039.616</dst>
            <dst id="STTLng">3904.48533333333</dst>
            <dst id="WASHng">44591.2773333333</dst>
        </src>
        <src id="HSTNng">
            <dst id="ATLA-M5">0</dst>
            <dst id="ATLAng">13395.832</dst>
            <dst id="CHINng">10688.24</dst>
            <dst id="DNVRng">796.378666666666</dst>
            <dst id="HSTNng">12984.0346666667</dst>
            <dst id="IPLSng">2457.75733333333</dst>
            <dst id="KSCYng">666.146666666667</dst>
            <dst id="LOSAng">2253.39733333333</dst>
            <dst id="NYCMng">2309.01866666667</dst>
            <dst id="SNVAng">142.168</dst>
            <dst id="STTLng">2218.33866666667</dst>
            <dst id="WASHng">2237.03733333333</dst>
        </src>
        <src id="IPLSng">
            <dst id="ATLA-M5">0</dst>
            <dst id="ATLAng">9264.94133333333</dst>
            <dst id="CHINng">71290.5173333333</dst>
            <dst id="DNVRng">4745.32533333333</dst>
            <dst id="HSTNng">774.578666666667</dst>
            <dst id="IPLSng">13962.336</dst>
            <dst id="KSCYng">1218.10133333333</dst>
            <dst id="LOSAng">8958.624</dst>
            <dst id="NYCMng">20638.92</dst>
            <dst id="SNVAng">17711.784</dst>
            <dst id="STTLng">7382.81066666667</dst>
            <dst id="WASHng">13044.768</dst>
        </src>
        <src id="KSCYng">
            <dst id="ATLA-M5">0</dst>
            <dst id="ATLAng">2488.056</dst>
            <dst id="CHINng">22971.9733333333</dst>
            <dst id="DNVRng">4280.45866666667</dst>
            <dst id="HSTNng">2469.94933333333</dst>
            <dst id="IPLSng">10062.0933333333</dst>
            <dst id="KSCYng">8050.10133333333</dst>
            <dst id="LOSAng">1673.07466666667</dst>
            <dst id="NYCMng">1768.46933333333</dst>
            <dst id="SNVAng">7447.94933333334</dst>
            <dst id="STTLng">889.762666666667</dst>
            <dst id="WASHng">6240.05333333333</dst>
        </src>
        <src id="LOSAng">
            <dst id="ATLA-M5">37.2906666666667</dst>
            <dst id="ATLAng">6150.632</dst>
            <dst id="CHINng">107123.021333333</dst>
            <dst id="DNVRng">4575.78933333333</dst>
            <dst id="HSTNng">2513.54933333333</dst>
            <dst id="IPLSng">11416.736</dst>
            <dst id="KSCYng">2052.29866666667</dst>
            <dst id="LOSAng">30392.5253333333</dst>
            <dst id="NYCMng">24778.0533333333</dst>
            <dst id="SNVAng">24024.1226666667</dst>
            <dst id="STTLng">21006.8293333333</dst>
            <dst id="WASHng">75256.512</dst>
        </src>
        <src id="NYCMng">
            <dst id="ATLA-M5">2943.91733333333</dst>
            <dst id="ATLAng">13277.9013333333</dst>
            <dst id="CHINng">35914.8506666667</dst>
            <dst id="DNVRng">21522.272</dst>
            <dst id="HSTNng">2427.73866666667</dst>
            <dst id="IPLSng">6815.50133333333</dst>
            <dst id="KSCYng">6296.21866666667</dst>
            <dst id="LOSAng">9764.15733333333</dst>
            <dst id="NYCMng">103711.162666667</dst>
            <dst id="SNVAng">56077.1626666667</dst>
            <dst id="STTLng">22509.3626666667</dst>
            <dst id="WASHng">32375.24</dst>
        </src>
        <src id="SNVAng">
            <dst id="ATLA-M5">0</dst>
            <dst id="ATLAng">105.485333333333</dst>
            <dst id="CHINng">973.245333333333</dst>
            <dst id="DNVRng">609.786666666667</dst>
            <dst id="HSTNng">183.261333333333</dst>
            <dst id="IPLSng">361.456</dst>
            <dst id="KSCYng">63.616</dst>
            <dst id="LOSAng">4403.15733333333</dst>
            <dst id="NYCMng">170.048</dst>
            <dst id="SNVAng">36500.5813333333</dst>
            <dst id="STTLng">33887.736</dst>
            <dst id="WASHng">513.597333333333</dst>
        </src>
        <src id="STTLng">
            <dst id="ATLA-M5">26.6666666666667</dst>
            <dst id="ATLAng">6078.872</dst>
            <dst id="CHINng">22607.5066666667</dst>
            <dst id="DNVRng">4793.33066666667</dst>
            <dst id="HSTNng">2930.344</dst>
            <dst id="IPLSng">14749.272</dst>
            <dst id="KSCYng">1504.57866666667</dst>
            <dst id="LOSAng">2164.07466666667</dst>
            <dst id="NYCMng">8471.32</dst>
            <dst id="SNVAng">18637.744</dst>
            <dst id="STTLng">1395.80533333333</dst>
            <dst id="WASHng">11080.2666666667</dst>
        </src>
        <src id="WASHng">
            <dst id="ATLA-M5">89.9306666666667</dst>
            <dst id="ATLAng">97324.688</dst>
            <dst id="CHINng">128745.698666667</dst>
            <dst id="DNVRng">43327.808</dst>
            <dst id="HSTNng">25177.5893333333</dst>
            <dst id="IPLSng">17466.064</dst>
            <dst id="KSCYng">28547.9226666667</dst>
            <dst id="LOSAng">74678.7626666667</dst>
            <dst id="NYCMng">106796.693333333</dst>
            <dst id="SNVAng">34905.6213333333</dst>
            <dst id="STTLng">24217.2266666667</dst>
            <dst id="WASHng">319282.666666667</dst>
        </src>
    </IntraTM>
</TrafficMatrixFile>
