<?xml version="1.0" encoding="ISO-8859-1" standalone="yes"?>
<TrafficMatrixFile xsi:noNamespaceSchemaLocation="http://totem.run.montefiore.ulg.ac.be/Schema/TrafficMatrix-v1_2.xsd" xmlns:xsi="http://www.w3.org/2001/XMLSchema-instance">
    <IntraTM ASID="11537">
        <src id="ATLA-M5">
            <dst id="ATLA-M5">26.6666666666667</dst>
            <dst id="ATLAng">0</dst>
            <dst id="CHINng">213.973333333333</dst>
            <dst id="DNVRng">26.6666666666667</dst>
            <dst id="HSTNng">80.016</dst>
            <dst id="IPLSng">45.0133333333333</dst>
            <dst id="KSCYng">0</dst>
            <dst id="LOSAng">98.4826666666666</dst>
            <dst id="NYCMng">53.3333333333333</dst>
            <dst id="SNVAng">67.5866666666667</dst>
            <dst id="STTLng">304.853333333333</dst>
            <dst id="WASHng">231.418666666667</dst>
        </src>
        <src id="ATLAng">
            <dst id="ATLA-M5">35.5306666666667</dst>
            <dst id="ATLAng">43081.048</dst>
            <dst id="CHINng">13030.6506666667</dst>
            <dst id="DNVRng">2682.29866666667</dst>
            <dst id="HSTNng">40339.2826666667</dst>
            <dst id="IPLSng">33479.6586666667</dst>
            <dst id="KSCYng">428.714666666667</dst>
            <dst id="LOSAng">5308.78533333333</dst>
            <dst id="NYCMng">3099.104</dst>
            <dst id="SNVAng">3713.86533333333</dst>
            <dst id="STTLng">2845.63466666667</dst>
            <dst id="WASHng">14373.9253333333</dst>
        </src>
        <src id="CHINng">
            <dst id="ATLA-M5">54.432</dst>
            <dst id="ATLAng">18759.192</dst>
            <dst id="CHINng">50704.1093333333</dst>
            <dst id="DNVRng">10487.0933333333</dst>
            <dst id="HSTNng">7891.92266666667</dst>
            <dst id="IPLSng">5428.16266666667</dst>
            <dst id="KSCYng">7542.728</dst>
            <dst id="LOSAng">3205.58133333333</dst>
            <dst id="NYCMng">9237.6</dst>
            <dst id="SNVAng">29032.24</dst>
            <dst id="STTLng">7132.64266666667</dst>
            <dst id="WASHng">20387.6186666667</dst>
        </src>
        <src id="DNVRng">
            <dst id="ATLA-M5">173.813333333333</dst>
            <dst id="ATLAng">6851.064</dst>
            <dst id="CHINng">40282.8213333333</dst>
            <dst id="DNVRng">2730.05333333333</dst>
            <dst id="HSTNng">21864.0853333333</dst>
            <dst id="IPLSng">24390.6</dst>
            <dst id="KSCYng">9108.90133333334</dst>
            <dst id="LOSAng">1587.33866666667</dst>
            <dst id="NYCMng">16076.16</dst>
            <dst id="SNVAng">14820.0506666667</dst>
            <dst id="STTLng">7855.03733333333</dst>
            <dst id="WASHng">32660.624</dst>
        </src>
        <src id="HSTNng">
            <dst id="ATLA-M5">906.018666666667</dst>
            <dst id="ATLAng">2049.57066666667</dst>
            <dst id="CHINng">6522.07733333333</dst>
            <dst id="DNVRng">4016.54133333333</dst>
            <dst id="HSTNng">14319.9493333333</dst>
            <dst id="IPLSng">915.090666666667</dst>
            <dst id="KSCYng">1160.12266666667</dst>
            <dst id="LOSAng">1159.28533333333</dst>
            <dst id="NYCMng">2818.032</dst>
            <dst id="SNVAng">296.704</dst>
            <dst id="STTLng">1278.48266666667</dst>
            <dst id="WASHng">2971.65333333333</dst>
        </src>
        <src id="IPLSng">
            <dst id="ATLA-M5">3028.608</dst>
            <dst id="ATLAng">5454.992</dst>
            <dst id="CHINng">46813.5066666667</dst>
            <dst id="DNVRng">8057.71466666667</dst>
            <dst id="HSTNng">7206.8</dst>
            <dst id="IPLSng">10246.4506666667</dst>
            <dst id="KSCYng">6989.28</dst>
            <dst id="LOSAng">3339.03466666667</dst>
            <dst id="NYCMng">8699.456</dst>
            <dst id="SNVAng">6937.81866666667</dst>
            <dst id="STTLng">8063.20533333334</dst>
            <dst id="WASHng">17842.7093333333</dst>
        </src>
        <src id="KSCYng">
            <dst id="ATLA-M5">0</dst>
            <dst id="ATLAng">2623.92</dst>
            <dst id="CHINng">12473.6586666667</dst>
            <dst id="DNVRng">4245.16266666667</dst>
            <dst id="HSTNng">3949.10666666667</dst>
            <dst id="IPLSng">6648.928</dst>
            <dst id="KSCYng">6885.41866666667</dst>
            <dst id="LOSAng">282</dst>
            <dst id="NYCMng">2259.29333333333</dst>
            <dst id="SNVAng">6753.84</dst>
            <dst id="STTLng">1350.86133333333</dst>
            <dst id="WASHng">7296.84</dst>
        </src>
        <src id="LOSAng">
            <dst id="ATLA-M5">46.7546666666667</dst>
            <dst id="ATLAng">21906.4266666667</dst>
            <dst id="CHINng">41857.9413333334</dst>
            <dst id="DNVRng">6956.72533333333</dst>
            <dst id="HSTNng">6980.66133333333</dst>
            <dst id="IPLSng">14710.4186666667</dst>
            <dst id="KSCYng">1892.664</dst>
            <dst id="LOSAng">18743.4266666667</dst>
            <dst id="NYCMng">30375.5466666667</dst>
            <dst id="SNVAng">23995.024</dst>
            <dst id="STTLng">26689.1226666667</dst>
            <dst id="WASHng">82362.392</dst>
        </src>
        <src id="NYCMng">
            <dst id="ATLA-M5">1746.704</dst>
            <dst id="ATLAng">18785.7813333333</dst>
            <dst id="CHINng">21834.1466666667</dst>
            <dst id="DNVRng">20592.6853333333</dst>
            <dst id="HSTNng">4666.62933333333</dst>
            <dst id="IPLSng">8684.37333333333</dst>
            <dst id="KSCYng">5018.096</dst>
            <dst id="LOSAng">7968.984</dst>
            <dst id="NYCMng">107571.976</dst>
            <dst id="SNVAng">52736.344</dst>
            <dst id="STTLng">34386.2293333333</dst>
            <dst id="WASHng">45503.992</dst>
        </src>
        <src id="SNVAng">
            <dst id="ATLA-M5">0</dst>
            <dst id="ATLAng">26.6666666666667</dst>
            <dst id="CHINng">28</dst>
            <dst id="DNVRng">5011.896</dst>
            <dst id="HSTNng">0</dst>
            <dst id="IPLSng">269.061333333333</dst>
            <dst id="KSCYng">26.6666666666667</dst>
            <dst id="LOSAng">2297.27733333333</dst>
            <dst id="NYCMng">41.168</dst>
            <dst id="SNVAng">34538.9226666667</dst>
            <dst id="STTLng">43205.5413333333</dst>
            <dst id="WASHng">53.3333333333333</dst>
        </src>
        <src id="STTLng">
            <dst id="ATLA-M5">0</dst>
            <dst id="ATLAng">5295.37866666667</dst>
            <dst id="CHINng">16841.864</dst>
            <dst id="DNVRng">4288.07733333333</dst>
            <dst id="HSTNng">1278.89066666667</dst>
            <dst id="IPLSng">6530.75466666667</dst>
            <dst id="KSCYng">2809.96533333333</dst>
            <dst id="LOSAng">6614.968</dst>
            <dst id="NYCMng">17797.5146666667</dst>
            <dst id="SNVAng">16611.272</dst>
            <dst id="STTLng">1365.816</dst>
            <dst id="WASHng">4547.65066666667</dst>
        </src>
        <src id="WASHng">
            <dst id="ATLA-M5">32.3146666666667</dst>
            <dst id="ATLAng">64112.736</dst>
            <dst id="CHINng">50352.6933333333</dst>
            <dst id="DNVRng">26075.2506666667</dst>
            <dst id="HSTNng">23937.4613333333</dst>
            <dst id="IPLSng">25950.3493333333</dst>
            <dst id="KSCYng">35480.1306666667</dst>
            <dst id="LOSAng">66686.0133333333</dst>
            <dst id="NYCMng">154629.274666667</dst>
            <dst id="SNVAng">27655.5013333333</dst>
            <dst id="STTLng">28720.1973333333</dst>
            <dst id="WASHng">161911.637333333</dst>
        </src>
    </IntraTM>
</TrafficMatrixFile>
