<?xml version="1.0" encoding="ISO-8859-1" standalone="yes"?>
<TrafficMatrixFile xsi:noNamespaceSchemaLocation="http://totem.run.montefiore.ulg.ac.be/Schema/TrafficMatrix-v1_2.xsd" xmlns:xsi="http://www.w3.org/2001/XMLSchema-instance">
    <IntraTM ASID="11537">
        <src id="ATLA-M5">
            <dst id="ATLA-M5">26.6666666666667</dst>
            <dst id="ATLAng">53.3333333333333</dst>
            <dst id="CHINng">36.5573333333333</dst>
            <dst id="DNVRng">0</dst>
            <dst id="HSTNng">62.5306666666667</dst>
            <dst id="IPLSng">0</dst>
            <dst id="KSCYng">0</dst>
            <dst id="LOSAng">0</dst>
            <dst id="NYCMng">0</dst>
            <dst id="SNVAng">0</dst>
            <dst id="STTLng">100.704</dst>
            <dst id="WASHng">26.6666666666667</dst>
        </src>
        <src id="ATLAng">
            <dst id="ATLA-M5">26.968</dst>
            <dst id="ATLAng">23464.5866666667</dst>
            <dst id="CHINng">5968.80533333333</dst>
            <dst id="DNVRng">4706.472</dst>
            <dst id="HSTNng">15985.3226666667</dst>
            <dst id="IPLSng">10530.0613333333</dst>
            <dst id="KSCYng">642.072</dst>
            <dst id="LOSAng">8924.50666666667</dst>
            <dst id="NYCMng">5804.01333333334</dst>
            <dst id="SNVAng">26.6666666666667</dst>
            <dst id="STTLng">5470.84</dst>
            <dst id="WASHng">17600.776</dst>
        </src>
        <src id="CHINng">
            <dst id="ATLA-M5">26.6666666666667</dst>
            <dst id="ATLAng">9184.54666666667</dst>
            <dst id="CHINng">95713.6426666667</dst>
            <dst id="DNVRng">6759.08</dst>
            <dst id="HSTNng">7591.54933333333</dst>
            <dst id="IPLSng">47873.8986666667</dst>
            <dst id="KSCYng">13142.888</dst>
            <dst id="LOSAng">33488.3546666667</dst>
            <dst id="NYCMng">26138.6026666667</dst>
            <dst id="SNVAng">927.936</dst>
            <dst id="STTLng">4091.35733333333</dst>
            <dst id="WASHng">8055.40533333333</dst>
        </src>
        <src id="DNVRng">
            <dst id="ATLA-M5">135.84</dst>
            <dst id="ATLAng">7089.61333333333</dst>
            <dst id="CHINng">37973.6453333333</dst>
            <dst id="DNVRng">18615.7173333333</dst>
            <dst id="HSTNng">25823.856</dst>
            <dst id="IPLSng">35523.8266666667</dst>
            <dst id="KSCYng">25180.464</dst>
            <dst id="LOSAng">4705.88</dst>
            <dst id="NYCMng">12393.0053333333</dst>
            <dst id="SNVAng">9091.49866666666</dst>
            <dst id="STTLng">4554.31733333333</dst>
            <dst id="WASHng">38098.3733333333</dst>
        </src>
        <src id="HSTNng">
            <dst id="ATLA-M5">1532.032</dst>
            <dst id="ATLAng">2539.54933333333</dst>
            <dst id="CHINng">11159.336</dst>
            <dst id="DNVRng">6108.27466666667</dst>
            <dst id="HSTNng">15972.3066666667</dst>
            <dst id="IPLSng">13287.0853333333</dst>
            <dst id="KSCYng">870.106666666667</dst>
            <dst id="LOSAng">2836.75733333333</dst>
            <dst id="NYCMng">1993.82133333333</dst>
            <dst id="SNVAng">91.72</dst>
            <dst id="STTLng">689.336</dst>
            <dst id="WASHng">13884.984</dst>
        </src>
        <src id="IPLSng">
            <dst id="ATLA-M5">26.6666666666667</dst>
            <dst id="ATLAng">23163.3973333333</dst>
            <dst id="CHINng">64832.488</dst>
            <dst id="DNVRng">5955.71733333333</dst>
            <dst id="HSTNng">4790.408</dst>
            <dst id="IPLSng">38999.944</dst>
            <dst id="KSCYng">19488.7893333333</dst>
            <dst id="LOSAng">15617.992</dst>
            <dst id="NYCMng">9577.01066666667</dst>
            <dst id="SNVAng">421.549333333333</dst>
            <dst id="STTLng">12346.1466666667</dst>
            <dst id="WASHng">23153.1253333333</dst>
        </src>
        <src id="KSCYng">
            <dst id="ATLA-M5">26.6666666666667</dst>
            <dst id="ATLAng">9420.68</dst>
            <dst id="CHINng">10760.7066666667</dst>
            <dst id="DNVRng">4963.416</dst>
            <dst id="HSTNng">2328.472</dst>
            <dst id="IPLSng">25761.888</dst>
            <dst id="KSCYng">10941.5253333333</dst>
            <dst id="LOSAng">3065.71466666667</dst>
            <dst id="NYCMng">1321.048</dst>
            <dst id="SNVAng">1904</dst>
            <dst id="STTLng">1374.07466666667</dst>
            <dst id="WASHng">12852.6</dst>
        </src>
        <src id="LOSAng">
            <dst id="ATLA-M5">821.946666666667</dst>
            <dst id="ATLAng">13492.9733333333</dst>
            <dst id="CHINng">52972.376</dst>
            <dst id="DNVRng">5466.54666666667</dst>
            <dst id="HSTNng">3623.53066666667</dst>
            <dst id="IPLSng">14825.4906666667</dst>
            <dst id="KSCYng">3994.472</dst>
            <dst id="LOSAng">5033.76266666667</dst>
            <dst id="NYCMng">18695.0693333333</dst>
            <dst id="SNVAng">22245.2986666667</dst>
            <dst id="STTLng">17396.4293333333</dst>
            <dst id="WASHng">74541.4773333333</dst>
        </src>
        <src id="NYCMng">
            <dst id="ATLA-M5">220.005333333333</dst>
            <dst id="ATLAng">14948.9653333333</dst>
            <dst id="CHINng">22669.2986666667</dst>
            <dst id="DNVRng">20404.0346666667</dst>
            <dst id="HSTNng">3236.608</dst>
            <dst id="IPLSng">15356.7706666667</dst>
            <dst id="KSCYng">4351.61066666667</dst>
            <dst id="LOSAng">46482.808</dst>
            <dst id="NYCMng">61908.1973333333</dst>
            <dst id="SNVAng">1312.39733333333</dst>
            <dst id="STTLng">22959.72</dst>
            <dst id="WASHng">33337.3173333333</dst>
        </src>
        <src id="SNVAng">
            <dst id="ATLA-M5">0</dst>
            <dst id="ATLAng">53.3333333333333</dst>
            <dst id="CHINng">26.6666666666667</dst>
            <dst id="DNVRng">9873.816</dst>
            <dst id="HSTNng">0</dst>
            <dst id="IPLSng">233.538666666667</dst>
            <dst id="KSCYng">26.6666666666667</dst>
            <dst id="LOSAng">29780.9733333333</dst>
            <dst id="NYCMng">8295.70133333333</dst>
            <dst id="SNVAng">8040.272</dst>
            <dst id="STTLng">37497.5813333333</dst>
            <dst id="WASHng">0</dst>
        </src>
        <src id="STTLng">
            <dst id="ATLA-M5">181.984</dst>
            <dst id="ATLAng">7228.67466666667</dst>
            <dst id="CHINng">15049.9066666667</dst>
            <dst id="DNVRng">1459.15733333333</dst>
            <dst id="HSTNng">2084.76533333333</dst>
            <dst id="IPLSng">5270.784</dst>
            <dst id="KSCYng">889.578666666667</dst>
            <dst id="LOSAng">6583.584</dst>
            <dst id="NYCMng">8030.18133333333</dst>
            <dst id="SNVAng">9259.71466666666</dst>
            <dst id="STTLng">1174.512</dst>
            <dst id="WASHng">5748.56</dst>
        </src>
        <src id="WASHng">
            <dst id="ATLA-M5">419.592</dst>
            <dst id="ATLAng">65847.512</dst>
            <dst id="CHINng">61149.8346666667</dst>
            <dst id="DNVRng">49696.0826666667</dst>
            <dst id="HSTNng">27652.872</dst>
            <dst id="IPLSng">49305.0133333333</dst>
            <dst id="KSCYng">28515.5413333333</dst>
            <dst id="LOSAng">89667.5253333333</dst>
            <dst id="NYCMng">223573.778666667</dst>
            <dst id="SNVAng">1339.41866666667</dst>
            <dst id="STTLng">30755.624</dst>
            <dst id="WASHng">198704.786666667</dst>
        </src>
    </IntraTM>
</TrafficMatrixFile>
