<?xml version="1.0" encoding="ISO-8859-1" standalone="yes"?>
<TrafficMatrixFile xsi:noNamespaceSchemaLocation="http://totem.run.montefiore.ulg.ac.be/Schema/TrafficMatrix-v1_2.xsd" xmlns:xsi="http://www.w3.org/2001/XMLSchema-instance">
    <IntraTM ASID="11537">
        <src id="ATLA-M5">
            <dst id="ATLA-M5">26.6666666666667</dst>
            <dst id="ATLAng">143.637333333333</dst>
            <dst id="CHINng">55.3733333333333</dst>
            <dst id="DNVRng">0</dst>
            <dst id="HSTNng">66.4746666666667</dst>
            <dst id="IPLSng">110.893333333333</dst>
            <dst id="KSCYng">0</dst>
            <dst id="LOSAng">53.3333333333333</dst>
            <dst id="NYCMng">215.413333333333</dst>
            <dst id="SNVAng">0</dst>
            <dst id="STTLng">26.6666666666667</dst>
            <dst id="WASHng">80</dst>
        </src>
        <src id="ATLAng">
            <dst id="ATLA-M5">90.0746666666667</dst>
            <dst id="ATLAng">24978.416</dst>
            <dst id="CHINng">12818.024</dst>
            <dst id="DNVRng">2532.88266666667</dst>
            <dst id="HSTNng">86246.2666666667</dst>
            <dst id="IPLSng">15955.1946666667</dst>
            <dst id="KSCYng">629.821333333333</dst>
            <dst id="LOSAng">12795.7146666667</dst>
            <dst id="NYCMng">3358.90666666667</dst>
            <dst id="SNVAng">47.44</dst>
            <dst id="STTLng">3807.464</dst>
            <dst id="WASHng">32863.7466666667</dst>
        </src>
        <src id="CHINng">
            <dst id="ATLA-M5">1571.208</dst>
            <dst id="ATLAng">25196.0773333333</dst>
            <dst id="CHINng">60552.6293333334</dst>
            <dst id="DNVRng">8270.088</dst>
            <dst id="HSTNng">9486.424</dst>
            <dst id="IPLSng">86267.2026666666</dst>
            <dst id="KSCYng">13267.2933333333</dst>
            <dst id="LOSAng">33075.8506666667</dst>
            <dst id="NYCMng">15322.3093333333</dst>
            <dst id="SNVAng">4666.75466666667</dst>
            <dst id="STTLng">13554.2533333333</dst>
            <dst id="WASHng">16875.76</dst>
        </src>
        <src id="DNVRng">
            <dst id="ATLA-M5">98.88</dst>
            <dst id="ATLAng">4223.10666666667</dst>
            <dst id="CHINng">44858.352</dst>
            <dst id="DNVRng">12750.4986666667</dst>
            <dst id="HSTNng">23642.7226666667</dst>
            <dst id="IPLSng">33121.384</dst>
            <dst id="KSCYng">19393.6133333333</dst>
            <dst id="LOSAng">38969.2586666667</dst>
            <dst id="NYCMng">14264.608</dst>
            <dst id="SNVAng">8104.64266666667</dst>
            <dst id="STTLng">6680.52533333333</dst>
            <dst id="WASHng">40561.6026666667</dst>
        </src>
        <src id="HSTNng">
            <dst id="ATLA-M5">1890.184</dst>
            <dst id="ATLAng">3419.38933333333</dst>
            <dst id="CHINng">13806.496</dst>
            <dst id="DNVRng">1703.89333333333</dst>
            <dst id="HSTNng">16619.736</dst>
            <dst id="IPLSng">2497.08266666667</dst>
            <dst id="KSCYng">1190.48</dst>
            <dst id="LOSAng">3034.66133333333</dst>
            <dst id="NYCMng">4085.41866666667</dst>
            <dst id="SNVAng">190.090666666667</dst>
            <dst id="STTLng">1094.048</dst>
            <dst id="WASHng">7623.824</dst>
        </src>
        <src id="IPLSng">
            <dst id="ATLA-M5">192.797333333333</dst>
            <dst id="ATLAng">5253.832</dst>
            <dst id="CHINng">51436.8933333333</dst>
            <dst id="DNVRng">6048.264</dst>
            <dst id="HSTNng">3077.65866666667</dst>
            <dst id="IPLSng">42503.1306666666</dst>
            <dst id="KSCYng">4037.66133333333</dst>
            <dst id="LOSAng">17530.4986666667</dst>
            <dst id="NYCMng">12883.8026666667</dst>
            <dst id="SNVAng">307.530666666667</dst>
            <dst id="STTLng">6521.104</dst>
            <dst id="WASHng">21329.9093333333</dst>
        </src>
        <src id="KSCYng">
            <dst id="ATLA-M5">90.92</dst>
            <dst id="ATLAng">7072.79733333333</dst>
            <dst id="CHINng">10545.3546666667</dst>
            <dst id="DNVRng">15102.3013333333</dst>
            <dst id="HSTNng">4730.52266666667</dst>
            <dst id="IPLSng">23603.816</dst>
            <dst id="KSCYng">17424.6746666667</dst>
            <dst id="LOSAng">4505.76</dst>
            <dst id="NYCMng">1956.22133333333</dst>
            <dst id="SNVAng">2539.48266666667</dst>
            <dst id="STTLng">1733.96</dst>
            <dst id="WASHng">12303.76</dst>
        </src>
        <src id="LOSAng">
            <dst id="ATLA-M5">494.573333333333</dst>
            <dst id="ATLAng">24760.9253333333</dst>
            <dst id="CHINng">52311.9253333333</dst>
            <dst id="DNVRng">6276.24</dst>
            <dst id="HSTNng">3237.44533333333</dst>
            <dst id="IPLSng">22233.704</dst>
            <dst id="KSCYng">5290.18666666667</dst>
            <dst id="LOSAng">7882.41333333333</dst>
            <dst id="NYCMng">23694.176</dst>
            <dst id="SNVAng">24079.648</dst>
            <dst id="STTLng">15941.9946666667</dst>
            <dst id="WASHng">79430.1306666667</dst>
        </src>
        <src id="NYCMng">
            <dst id="ATLA-M5">1018.408</dst>
            <dst id="ATLAng">15453.8186666667</dst>
            <dst id="CHINng">21442.704</dst>
            <dst id="DNVRng">26088.1493333333</dst>
            <dst id="HSTNng">4684.71466666667</dst>
            <dst id="IPLSng">26188.6693333333</dst>
            <dst id="KSCYng">6716</dst>
            <dst id="LOSAng">57020.4586666667</dst>
            <dst id="NYCMng">140093.242666667</dst>
            <dst id="SNVAng">1101.14933333333</dst>
            <dst id="STTLng">26323.84</dst>
            <dst id="WASHng">43658.4986666667</dst>
        </src>
        <src id="SNVAng">
            <dst id="ATLA-M5">0</dst>
            <dst id="ATLAng">26.6666666666667</dst>
            <dst id="CHINng">53.3333333333333</dst>
            <dst id="DNVRng">480.986666666667</dst>
            <dst id="HSTNng">26.6666666666667</dst>
            <dst id="IPLSng">250.016</dst>
            <dst id="KSCYng">0</dst>
            <dst id="LOSAng">30229.3386666667</dst>
            <dst id="NYCMng">80</dst>
            <dst id="SNVAng">7467.696</dst>
            <dst id="STTLng">39062.0106666667</dst>
            <dst id="WASHng">441.12</dst>
        </src>
        <src id="STTLng">
            <dst id="ATLA-M5">26.6666666666667</dst>
            <dst id="ATLAng">9001.552</dst>
            <dst id="CHINng">21013.12</dst>
            <dst id="DNVRng">3169.77333333333</dst>
            <dst id="HSTNng">1402.184</dst>
            <dst id="IPLSng">8816.62933333333</dst>
            <dst id="KSCYng">5110.08</dst>
            <dst id="LOSAng">10214.4853333333</dst>
            <dst id="NYCMng">8451.44533333333</dst>
            <dst id="SNVAng">8889.65333333333</dst>
            <dst id="STTLng">2222.58133333333</dst>
            <dst id="WASHng">8394.12266666667</dst>
        </src>
        <src id="WASHng">
            <dst id="ATLA-M5">199.869333333333</dst>
            <dst id="ATLAng">65807.9386666667</dst>
            <dst id="CHINng">56323.6133333333</dst>
            <dst id="DNVRng">64911.68</dst>
            <dst id="HSTNng">24448.984</dst>
            <dst id="IPLSng">74891.2986666667</dst>
            <dst id="KSCYng">34878.848</dst>
            <dst id="LOSAng">106597.122666667</dst>
            <dst id="NYCMng">172223.874666667</dst>
            <dst id="SNVAng">2290.67733333333</dst>
            <dst id="STTLng">27826.784</dst>
            <dst id="WASHng">184667.826666667</dst>
        </src>
    </IntraTM>
</TrafficMatrixFile>
