<?xml version="1.0" encoding="ISO-8859-1" standalone="yes"?>
<TrafficMatrixFile xsi:noNamespaceSchemaLocation="http://totem.run.montefiore.ulg.ac.be/Schema/TrafficMatrix-v1_2.xsd" xmlns:xsi="http://www.w3.org/2001/XMLSchema-instance">
    <IntraTM ASID="11537">
        <src id="ATLA-M5">
            <dst id="ATLA-M5">0</dst>
            <dst id="ATLAng">26.6666666666667</dst>
            <dst id="CHINng">34.0213333333333</dst>
            <dst id="DNVRng">1083.72266666667</dst>
            <dst id="HSTNng">89.5386666666667</dst>
            <dst id="IPLSng">0</dst>
            <dst id="KSCYng">0</dst>
            <dst id="LOSAng">0</dst>
            <dst id="NYCMng">0</dst>
            <dst id="SNVAng">0</dst>
            <dst id="STTLng">0</dst>
            <dst id="WASHng">187.490666666667</dst>
        </src>
        <src id="ATLAng">
            <dst id="ATLA-M5">82.8533333333333</dst>
            <dst id="ATLAng">27495.9093333333</dst>
            <dst id="CHINng">7237.912</dst>
            <dst id="DNVRng">2125.22133333333</dst>
            <dst id="HSTNng">4329.06933333333</dst>
            <dst id="IPLSng">13030.9573333333</dst>
            <dst id="KSCYng">328.36</dst>
            <dst id="LOSAng">4601.54533333333</dst>
            <dst id="NYCMng">3005.98666666667</dst>
            <dst id="SNVAng">3975.91066666667</dst>
            <dst id="STTLng">1847.41333333333</dst>
            <dst id="WASHng">22055.256</dst>
        </src>
        <src id="CHINng">
            <dst id="ATLA-M5">426.256</dst>
            <dst id="ATLAng">2318.87733333333</dst>
            <dst id="CHINng">83882.504</dst>
            <dst id="DNVRng">4256.824</dst>
            <dst id="HSTNng">6180.76266666667</dst>
            <dst id="IPLSng">10912.2053333333</dst>
            <dst id="KSCYng">1725.848</dst>
            <dst id="LOSAng">6928.096</dst>
            <dst id="NYCMng">6280.18133333333</dst>
            <dst id="SNVAng">20691.48</dst>
            <dst id="STTLng">20109.1493333333</dst>
            <dst id="WASHng">10060.0426666667</dst>
        </src>
        <src id="DNVRng">
            <dst id="ATLA-M5">174.506666666667</dst>
            <dst id="ATLAng">2355.85866666667</dst>
            <dst id="CHINng">52517.272</dst>
            <dst id="DNVRng">2187.928</dst>
            <dst id="HSTNng">17857.8293333333</dst>
            <dst id="IPLSng">23413.192</dst>
            <dst id="KSCYng">9755.73333333333</dst>
            <dst id="LOSAng">3331.73333333333</dst>
            <dst id="NYCMng">14981.248</dst>
            <dst id="SNVAng">15405.6266666667</dst>
            <dst id="STTLng">3333.69866666667</dst>
            <dst id="WASHng">42669.224</dst>
        </src>
        <src id="HSTNng">
            <dst id="ATLA-M5">4435.07466666667</dst>
            <dst id="ATLAng">9819.66933333333</dst>
            <dst id="CHINng">9910.73866666667</dst>
            <dst id="DNVRng">549.994666666667</dst>
            <dst id="HSTNng">13459.896</dst>
            <dst id="IPLSng">1655.30666666667</dst>
            <dst id="KSCYng">578.954666666667</dst>
            <dst id="LOSAng">10168.6533333333</dst>
            <dst id="NYCMng">1201.11733333333</dst>
            <dst id="SNVAng">0</dst>
            <dst id="STTLng">2228.32266666667</dst>
            <dst id="WASHng">1320.288</dst>
        </src>
        <src id="IPLSng">
            <dst id="ATLA-M5">0</dst>
            <dst id="ATLAng">21411.9066666667</dst>
            <dst id="CHINng">75322.704</dst>
            <dst id="DNVRng">4684.50933333333</dst>
            <dst id="HSTNng">1849.15733333333</dst>
            <dst id="IPLSng">4435.98933333333</dst>
            <dst id="KSCYng">1168.264</dst>
            <dst id="LOSAng">4425.344</dst>
            <dst id="NYCMng">9288.36266666667</dst>
            <dst id="SNVAng">16376.1946666667</dst>
            <dst id="STTLng">5114.84</dst>
            <dst id="WASHng">6469.528</dst>
        </src>
        <src id="KSCYng">
            <dst id="ATLA-M5">0</dst>
            <dst id="ATLAng">2214.328</dst>
            <dst id="CHINng">21973.5866666667</dst>
            <dst id="DNVRng">3951.83733333333</dst>
            <dst id="HSTNng">2679.81066666667</dst>
            <dst id="IPLSng">8611.712</dst>
            <dst id="KSCYng">9496.048</dst>
            <dst id="LOSAng">2103.12533333333</dst>
            <dst id="NYCMng">1702.44533333333</dst>
            <dst id="SNVAng">3890.288</dst>
            <dst id="STTLng">656.36</dst>
            <dst id="WASHng">4414.896</dst>
        </src>
        <src id="LOSAng">
            <dst id="ATLA-M5">0</dst>
            <dst id="ATLAng">8712.09333333333</dst>
            <dst id="CHINng">107161.890666667</dst>
            <dst id="DNVRng">7557.90666666667</dst>
            <dst id="HSTNng">1864.01866666667</dst>
            <dst id="IPLSng">7832.34933333333</dst>
            <dst id="KSCYng">793.154666666667</dst>
            <dst id="LOSAng">19712.248</dst>
            <dst id="NYCMng">20665.5226666667</dst>
            <dst id="SNVAng">24660.0213333333</dst>
            <dst id="STTLng">14926.7866666667</dst>
            <dst id="WASHng">90524.4773333333</dst>
        </src>
        <src id="NYCMng">
            <dst id="ATLA-M5">2201.34666666667</dst>
            <dst id="ATLAng">9106.49066666667</dst>
            <dst id="CHINng">27545.0773333333</dst>
            <dst id="DNVRng">21908.136</dst>
            <dst id="HSTNng">1617.32266666667</dst>
            <dst id="IPLSng">5503.67733333333</dst>
            <dst id="KSCYng">2817.29866666667</dst>
            <dst id="LOSAng">10583.2533333333</dst>
            <dst id="NYCMng">76403.056</dst>
            <dst id="SNVAng">43980.2853333333</dst>
            <dst id="STTLng">28515.2</dst>
            <dst id="WASHng">56267.384</dst>
        </src>
        <src id="SNVAng">
            <dst id="ATLA-M5">0</dst>
            <dst id="ATLAng">89.648</dst>
            <dst id="CHINng">0</dst>
            <dst id="DNVRng">550.434666666667</dst>
            <dst id="HSTNng">26.6666666666667</dst>
            <dst id="IPLSng">240.378666666667</dst>
            <dst id="KSCYng">0</dst>
            <dst id="LOSAng">5430.19733333333</dst>
            <dst id="NYCMng">26.6666666666667</dst>
            <dst id="SNVAng">28578.1466666667</dst>
            <dst id="STTLng">32703.2506666667</dst>
            <dst id="WASHng">164.389333333333</dst>
        </src>
        <src id="STTLng">
            <dst id="ATLA-M5">26.6666666666667</dst>
            <dst id="ATLAng">3895.128</dst>
            <dst id="CHINng">20900.5333333333</dst>
            <dst id="DNVRng">4072.42133333333</dst>
            <dst id="HSTNng">6442.68</dst>
            <dst id="IPLSng">18774.1706666667</dst>
            <dst id="KSCYng">738.093333333333</dst>
            <dst id="LOSAng">3333.86133333333</dst>
            <dst id="NYCMng">7336.38933333333</dst>
            <dst id="SNVAng">16443.016</dst>
            <dst id="STTLng">828.792</dst>
            <dst id="WASHng">8543.208</dst>
        </src>
        <src id="WASHng">
            <dst id="ATLA-M5">56.264</dst>
            <dst id="ATLAng">106541.533333333</dst>
            <dst id="CHINng">53935.4773333333</dst>
            <dst id="DNVRng">43240.2586666667</dst>
            <dst id="HSTNng">29418.3946666667</dst>
            <dst id="IPLSng">14969.336</dst>
            <dst id="KSCYng">27011.776</dst>
            <dst id="LOSAng">72330.6693333333</dst>
            <dst id="NYCMng">105191.474666667</dst>
            <dst id="SNVAng">22947.1573333333</dst>
            <dst id="STTLng">13487.8986666667</dst>
            <dst id="WASHng">314360.96</dst>
        </src>
    </IntraTM>
</TrafficMatrixFile>
