<?xml version="1.0" encoding="ISO-8859-1" standalone="yes"?>
<TrafficMatrixFile xsi:noNamespaceSchemaLocation="http://totem.run.montefiore.ulg.ac.be/Schema/TrafficMatrix-v1_2.xsd" xmlns:xsi="http://www.w3.org/2001/XMLSchema-instance">
    <IntraTM ASID="11537">
        <src id="ATLA-M5">
            <dst id="ATLA-M5">0</dst>
            <dst id="ATLAng">0</dst>
            <dst id="CHINng">26.6666666666667</dst>
            <dst id="DNVRng">769.578666666667</dst>
            <dst id="HSTNng">41.1333333333333</dst>
            <dst id="IPLSng">30.08</dst>
            <dst id="KSCYng">0</dst>
            <dst id="LOSAng">36</dst>
            <dst id="NYCMng">53.3333333333333</dst>
            <dst id="SNVAng">33.36</dst>
            <dst id="STTLng">78.192</dst>
            <dst id="WASHng">193.245333333333</dst>
        </src>
        <src id="ATLAng">
            <dst id="ATLA-M5">26.6666666666667</dst>
            <dst id="ATLAng">26953.0106666667</dst>
            <dst id="CHINng">5060.10666666667</dst>
            <dst id="DNVRng">2789.12</dst>
            <dst id="HSTNng">582.042666666667</dst>
            <dst id="IPLSng">12144.8426666667</dst>
            <dst id="KSCYng">326.405333333333</dst>
            <dst id="LOSAng">18334.472</dst>
            <dst id="NYCMng">2294.10133333333</dst>
            <dst id="SNVAng">26.6666666666667</dst>
            <dst id="STTLng">2884.50933333333</dst>
            <dst id="WASHng">24601.4533333333</dst>
        </src>
        <src id="CHINng">
            <dst id="ATLA-M5">26.6666666666667</dst>
            <dst id="ATLAng">4806.8</dst>
            <dst id="CHINng">33587.2</dst>
            <dst id="DNVRng">7758.41333333333</dst>
            <dst id="HSTNng">28197.5653333333</dst>
            <dst id="IPLSng">14574.9653333333</dst>
            <dst id="KSCYng">2494.232</dst>
            <dst id="LOSAng">27858.8346666667</dst>
            <dst id="NYCMng">21183.408</dst>
            <dst id="SNVAng">643.637333333333</dst>
            <dst id="STTLng">10919.44</dst>
            <dst id="WASHng">9696.50933333333</dst>
        </src>
        <src id="DNVRng">
            <dst id="ATLA-M5">67.84</dst>
            <dst id="ATLAng">2688.88266666667</dst>
            <dst id="CHINng">40436.68</dst>
            <dst id="DNVRng">8817.03733333333</dst>
            <dst id="HSTNng">23049.9013333333</dst>
            <dst id="IPLSng">28800.448</dst>
            <dst id="KSCYng">16071.992</dst>
            <dst id="LOSAng">12816.776</dst>
            <dst id="NYCMng">15071.1013333333</dst>
            <dst id="SNVAng">7881.536</dst>
            <dst id="STTLng">4094.36266666667</dst>
            <dst id="WASHng">52763.512</dst>
        </src>
        <src id="HSTNng">
            <dst id="ATLA-M5">2120.49866666667</dst>
            <dst id="ATLAng">3126.14666666667</dst>
            <dst id="CHINng">5771.936</dst>
            <dst id="DNVRng">731.485333333333</dst>
            <dst id="HSTNng">19226.9866666667</dst>
            <dst id="IPLSng">4133.07733333333</dst>
            <dst id="KSCYng">1044.78133333333</dst>
            <dst id="LOSAng">6654.808</dst>
            <dst id="NYCMng">1520.46666666667</dst>
            <dst id="SNVAng">0</dst>
            <dst id="STTLng">965.616</dst>
            <dst id="WASHng">2013.816</dst>
        </src>
        <src id="IPLSng">
            <dst id="ATLA-M5">842.424</dst>
            <dst id="ATLAng">25929.472</dst>
            <dst id="CHINng">32441.64</dst>
            <dst id="DNVRng">6598.32266666667</dst>
            <dst id="HSTNng">1184.22666666667</dst>
            <dst id="IPLSng">2040.38133333333</dst>
            <dst id="KSCYng">2000.16</dst>
            <dst id="LOSAng">33624.632</dst>
            <dst id="NYCMng">6599.41333333333</dst>
            <dst id="SNVAng">160</dst>
            <dst id="STTLng">4849.66133333333</dst>
            <dst id="WASHng">5470.55466666667</dst>
        </src>
        <src id="KSCYng">
            <dst id="ATLA-M5">0</dst>
            <dst id="ATLAng">2621.76</dst>
            <dst id="CHINng">5889.8</dst>
            <dst id="DNVRng">5806.704</dst>
            <dst id="HSTNng">6598.49066666667</dst>
            <dst id="IPLSng">10993.5573333333</dst>
            <dst id="KSCYng">9380.69866666667</dst>
            <dst id="LOSAng">5073.05866666667</dst>
            <dst id="NYCMng">1405.8</dst>
            <dst id="SNVAng">9805.19466666666</dst>
            <dst id="STTLng">723.104</dst>
            <dst id="WASHng">18030.36</dst>
        </src>
        <src id="LOSAng">
            <dst id="ATLA-M5">26.6666666666667</dst>
            <dst id="ATLAng">7440.31466666667</dst>
            <dst id="CHINng">33290.0613333333</dst>
            <dst id="DNVRng">10391.5546666667</dst>
            <dst id="HSTNng">5401.64266666667</dst>
            <dst id="IPLSng">12155.392</dst>
            <dst id="KSCYng">5453.096</dst>
            <dst id="LOSAng">20889.1866666667</dst>
            <dst id="NYCMng">20467.4693333333</dst>
            <dst id="SNVAng">21265.1973333333</dst>
            <dst id="STTLng">14059.904</dst>
            <dst id="WASHng">83602.3733333333</dst>
        </src>
        <src id="NYCMng">
            <dst id="ATLA-M5">387.573333333333</dst>
            <dst id="ATLAng">5542.24533333333</dst>
            <dst id="CHINng">19959.304</dst>
            <dst id="DNVRng">26359.9946666667</dst>
            <dst id="HSTNng">3261.56533333333</dst>
            <dst id="IPLSng">9044.15733333333</dst>
            <dst id="KSCYng">8053.696</dst>
            <dst id="LOSAng">47337.7146666667</dst>
            <dst id="NYCMng">66078.36</dst>
            <dst id="SNVAng">699.429333333333</dst>
            <dst id="STTLng">13213.6533333333</dst>
            <dst id="WASHng">32182.3866666667</dst>
        </src>
        <src id="SNVAng">
            <dst id="ATLA-M5">0</dst>
            <dst id="ATLAng">53.3333333333333</dst>
            <dst id="CHINng">26.6666666666667</dst>
            <dst id="DNVRng">573.189333333333</dst>
            <dst id="HSTNng">0</dst>
            <dst id="IPLSng">185.733333333333</dst>
            <dst id="KSCYng">26.6666666666667</dst>
            <dst id="LOSAng">35474.1386666667</dst>
            <dst id="NYCMng">53.3333333333333</dst>
            <dst id="SNVAng">8956.832</dst>
            <dst id="STTLng">37721.5546666667</dst>
            <dst id="WASHng">124.474666666667</dst>
        </src>
        <src id="STTLng">
            <dst id="ATLA-M5">94.4426666666666</dst>
            <dst id="ATLAng">7696.91733333333</dst>
            <dst id="CHINng">8964.4</dst>
            <dst id="DNVRng">1458.872</dst>
            <dst id="HSTNng">834.2</dst>
            <dst id="IPLSng">5421.17866666667</dst>
            <dst id="KSCYng">1463.832</dst>
            <dst id="LOSAng">12158.5973333333</dst>
            <dst id="NYCMng">9766.12</dst>
            <dst id="SNVAng">8110.74666666667</dst>
            <dst id="STTLng">1016.936</dst>
            <dst id="WASHng">7991.68533333333</dst>
        </src>
        <src id="WASHng">
            <dst id="ATLA-M5">244.205333333333</dst>
            <dst id="ATLAng">99615.1573333333</dst>
            <dst id="CHINng">61181.864</dst>
            <dst id="DNVRng">55510.3626666667</dst>
            <dst id="HSTNng">30420.2186666667</dst>
            <dst id="IPLSng">40368.5733333333</dst>
            <dst id="KSCYng">42188.7306666667</dst>
            <dst id="LOSAng">102366.189333333</dst>
            <dst id="NYCMng">134960.088</dst>
            <dst id="SNVAng">657.749333333333</dst>
            <dst id="STTLng">44618.808</dst>
            <dst id="WASHng">181347.101333333</dst>
        </src>
    </IntraTM>
</TrafficMatrixFile>
