<?xml version="1.0" encoding="ISO-8859-1" standalone="yes"?>
<TrafficMatrixFile xsi:noNamespaceSchemaLocation="http://totem.run.montefiore.ulg.ac.be/Schema/TrafficMatrix-v1_2.xsd" xmlns:xsi="http://www.w3.org/2001/XMLSchema-instance">
    <IntraTM ASID="11537">
        <src id="ATLA-M5">
            <dst id="ATLA-M5">2262.13066666667</dst>
            <dst id="ATLAng">0</dst>
            <dst id="CHINng">112.754666666667</dst>
            <dst id="DNVRng">0</dst>
            <dst id="HSTNng">91.344</dst>
            <dst id="IPLSng">40.32</dst>
            <dst id="KSCYng">0</dst>
            <dst id="LOSAng">13.3333333333333</dst>
            <dst id="NYCMng">26.6666666666667</dst>
            <dst id="SNVAng">13.3333333333333</dst>
            <dst id="STTLng">342.282666666667</dst>
            <dst id="WASHng">174.336</dst>
        </src>
        <src id="ATLAng">
            <dst id="ATLA-M5">93.2906666666667</dst>
            <dst id="ATLAng">23085.9093333333</dst>
            <dst id="CHINng">10415.432</dst>
            <dst id="DNVRng">3959.18933333333</dst>
            <dst id="HSTNng">6158.67466666667</dst>
            <dst id="IPLSng">10117.4</dst>
            <dst id="KSCYng">4447.19466666667</dst>
            <dst id="LOSAng">11355.9893333333</dst>
            <dst id="NYCMng">1997.90666666667</dst>
            <dst id="SNVAng">8627.488</dst>
            <dst id="STTLng">2045.088</dst>
            <dst id="WASHng">34385.2666666667</dst>
        </src>
        <src id="CHINng">
            <dst id="ATLA-M5">106.218666666667</dst>
            <dst id="ATLAng">14558.008</dst>
            <dst id="CHINng">71518.3866666667</dst>
            <dst id="DNVRng">8402.352</dst>
            <dst id="HSTNng">5157.54133333333</dst>
            <dst id="IPLSng">13292.7653333333</dst>
            <dst id="KSCYng">5682.752</dst>
            <dst id="LOSAng">9195.77866666667</dst>
            <dst id="NYCMng">6998.16</dst>
            <dst id="SNVAng">22689.8133333333</dst>
            <dst id="STTLng">8642.01866666667</dst>
            <dst id="WASHng">6251.45333333333</dst>
        </src>
        <src id="DNVRng">
            <dst id="ATLA-M5">120.586666666667</dst>
            <dst id="ATLAng">1701.96533333333</dst>
            <dst id="CHINng">38384.8346666667</dst>
            <dst id="DNVRng">12241.8853333333</dst>
            <dst id="HSTNng">22266.88</dst>
            <dst id="IPLSng">25439.4373333333</dst>
            <dst id="KSCYng">34493.296</dst>
            <dst id="LOSAng">5805.032</dst>
            <dst id="NYCMng">18181.6773333333</dst>
            <dst id="SNVAng">19733.1893333333</dst>
            <dst id="STTLng">6851.37333333333</dst>
            <dst id="WASHng">44659.2213333333</dst>
        </src>
        <src id="HSTNng">
            <dst id="ATLA-M5">5169.44</dst>
            <dst id="ATLAng">729.962666666667</dst>
            <dst id="CHINng">12591.864</dst>
            <dst id="DNVRng">783.309333333333</dst>
            <dst id="HSTNng">13745.0666666667</dst>
            <dst id="IPLSng">612.328</dst>
            <dst id="KSCYng">568.885333333333</dst>
            <dst id="LOSAng">3912.63733333333</dst>
            <dst id="NYCMng">2827.61066666667</dst>
            <dst id="SNVAng">53.3333333333333</dst>
            <dst id="STTLng">1430.18133333333</dst>
            <dst id="WASHng">1204.33866666667</dst>
        </src>
        <src id="IPLSng">
            <dst id="ATLA-M5">2541.20533333333</dst>
            <dst id="ATLAng">3714.25066666667</dst>
            <dst id="CHINng">39953.784</dst>
            <dst id="DNVRng">8746.224</dst>
            <dst id="HSTNng">470.181333333333</dst>
            <dst id="IPLSng">13713.5226666667</dst>
            <dst id="KSCYng">2775.45066666667</dst>
            <dst id="LOSAng">4815.60533333333</dst>
            <dst id="NYCMng">6053.22666666667</dst>
            <dst id="SNVAng">17201.3226666667</dst>
            <dst id="STTLng">12095.8533333333</dst>
            <dst id="WASHng">7271.95733333333</dst>
        </src>
        <src id="KSCYng">
            <dst id="ATLA-M5">76</dst>
            <dst id="ATLAng">2541.05066666667</dst>
            <dst id="CHINng">10018.6906666667</dst>
            <dst id="DNVRng">5411.82133333333</dst>
            <dst id="HSTNng">2801.38133333333</dst>
            <dst id="IPLSng">10097.936</dst>
            <dst id="KSCYng">11722.648</dst>
            <dst id="LOSAng">2283.648</dst>
            <dst id="NYCMng">1676.28533333333</dst>
            <dst id="SNVAng">5184.70666666667</dst>
            <dst id="STTLng">1252.80533333333</dst>
            <dst id="WASHng">6110.50133333333</dst>
        </src>
        <src id="LOSAng">
            <dst id="ATLA-M5">0</dst>
            <dst id="ATLAng">42154.7546666667</dst>
            <dst id="CHINng">89995.3626666667</dst>
            <dst id="DNVRng">8635.45066666667</dst>
            <dst id="HSTNng">3037.016</dst>
            <dst id="IPLSng">8708.45866666667</dst>
            <dst id="KSCYng">4047.10933333333</dst>
            <dst id="LOSAng">28517.2906666667</dst>
            <dst id="NYCMng">24911.536</dst>
            <dst id="SNVAng">24095.088</dst>
            <dst id="STTLng">26532.4666666667</dst>
            <dst id="WASHng">76679.3146666667</dst>
        </src>
        <src id="NYCMng">
            <dst id="ATLA-M5">42.6373333333333</dst>
            <dst id="ATLAng">6386.77066666667</dst>
            <dst id="CHINng">32169.96</dst>
            <dst id="DNVRng">21381.0773333333</dst>
            <dst id="HSTNng">2973.4</dst>
            <dst id="IPLSng">5854.20533333333</dst>
            <dst id="KSCYng">3297.072</dst>
            <dst id="LOSAng">6669.76266666667</dst>
            <dst id="NYCMng">73101.792</dst>
            <dst id="SNVAng">45985.6213333333</dst>
            <dst id="STTLng">23929.008</dst>
            <dst id="WASHng">55607.9253333333</dst>
        </src>
        <src id="SNVAng">
            <dst id="ATLA-M5">0</dst>
            <dst id="ATLAng">83.3573333333333</dst>
            <dst id="CHINng">133.333333333333</dst>
            <dst id="DNVRng">27637.7893333333</dst>
            <dst id="HSTNng">0</dst>
            <dst id="IPLSng">270.352</dst>
            <dst id="KSCYng">0</dst>
            <dst id="LOSAng">3377.72266666667</dst>
            <dst id="NYCMng">80</dst>
            <dst id="SNVAng">35717.8106666667</dst>
            <dst id="STTLng">34693.0026666667</dst>
            <dst id="WASHng">349.333333333333</dst>
        </src>
        <src id="STTLng">
            <dst id="ATLA-M5">0</dst>
            <dst id="ATLAng">4654.40266666667</dst>
            <dst id="CHINng">23736.3466666667</dst>
            <dst id="DNVRng">3990.512</dst>
            <dst id="HSTNng">2209.58933333333</dst>
            <dst id="IPLSng">14538.0426666667</dst>
            <dst id="KSCYng">1508.048</dst>
            <dst id="LOSAng">5709.45333333333</dst>
            <dst id="NYCMng">13141.7173333333</dst>
            <dst id="SNVAng">21024.992</dst>
            <dst id="STTLng">1477.25866666667</dst>
            <dst id="WASHng">6062.984</dst>
        </src>
        <src id="WASHng">
            <dst id="ATLA-M5">507.850666666666</dst>
            <dst id="ATLAng">78233.44</dst>
            <dst id="CHINng">112629.178666667</dst>
            <dst id="DNVRng">28554.12</dst>
            <dst id="HSTNng">33191.792</dst>
            <dst id="IPLSng">45601.368</dst>
            <dst id="KSCYng">38574.256</dst>
            <dst id="LOSAng">73479.64</dst>
            <dst id="NYCMng">127587.176</dst>
            <dst id="SNVAng">47112.6053333333</dst>
            <dst id="STTLng">34868.3813333333</dst>
            <dst id="WASHng">223686.266666667</dst>
        </src>
    </IntraTM>
</TrafficMatrixFile>
