<?xml version="1.0" encoding="ISO-8859-1" standalone="yes"?>
<TrafficMatrixFile xsi:noNamespaceSchemaLocation="http://totem.run.montefiore.ulg.ac.be/Schema/TrafficMatrix-v1_2.xsd" xmlns:xsi="http://www.w3.org/2001/XMLSchema-instance">
    <IntraTM ASID="11537">
        <src id="ATLA-M5">
            <dst id="ATLA-M5">3984.568</dst>
            <dst id="ATLAng">53.3333333333333</dst>
            <dst id="CHINng">209.306666666667</dst>
            <dst id="DNVRng">0</dst>
            <dst id="HSTNng">95.32</dst>
            <dst id="IPLSng">36.16</dst>
            <dst id="KSCYng">0</dst>
            <dst id="LOSAng">32.2133333333333</dst>
            <dst id="NYCMng">0</dst>
            <dst id="SNVAng">32.2133333333333</dst>
            <dst id="STTLng">386.834666666667</dst>
            <dst id="WASHng">161.464</dst>
        </src>
        <src id="ATLAng">
            <dst id="ATLA-M5">91.4453333333333</dst>
            <dst id="ATLAng">27332.3706666667</dst>
            <dst id="CHINng">11182.3706666667</dst>
            <dst id="DNVRng">2475.008</dst>
            <dst id="HSTNng">11605.5733333333</dst>
            <dst id="IPLSng">13986.3573333333</dst>
            <dst id="KSCYng">852.152</dst>
            <dst id="LOSAng">12599.168</dst>
            <dst id="NYCMng">870.832</dst>
            <dst id="SNVAng">8381.89866666667</dst>
            <dst id="STTLng">2555.54933333333</dst>
            <dst id="WASHng">32056.7173333333</dst>
        </src>
        <src id="CHINng">
            <dst id="ATLA-M5">118.682666666667</dst>
            <dst id="ATLAng">8262.48533333333</dst>
            <dst id="CHINng">72898.2506666666</dst>
            <dst id="DNVRng">5366.33333333333</dst>
            <dst id="HSTNng">6288.86133333333</dst>
            <dst id="IPLSng">17843.224</dst>
            <dst id="KSCYng">13405.8293333333</dst>
            <dst id="LOSAng">7989.544</dst>
            <dst id="NYCMng">9288.57333333333</dst>
            <dst id="SNVAng">32521.8213333333</dst>
            <dst id="STTLng">7538.06933333333</dst>
            <dst id="WASHng">11728.0826666667</dst>
        </src>
        <src id="DNVRng">
            <dst id="ATLA-M5">323.152</dst>
            <dst id="ATLAng">3288.36266666667</dst>
            <dst id="CHINng">54473.8426666667</dst>
            <dst id="DNVRng">8041.14933333333</dst>
            <dst id="HSTNng">18204.4986666667</dst>
            <dst id="IPLSng">23493.3706666667</dst>
            <dst id="KSCYng">15012.248</dst>
            <dst id="LOSAng">1450.81866666667</dst>
            <dst id="NYCMng">15348.1066666667</dst>
            <dst id="SNVAng">20580.5253333333</dst>
            <dst id="STTLng">7319.45866666667</dst>
            <dst id="WASHng">46958.3146666667</dst>
        </src>
        <src id="HSTNng">
            <dst id="ATLA-M5">4077.27733333333</dst>
            <dst id="ATLAng">4314.71466666667</dst>
            <dst id="CHINng">14780.944</dst>
            <dst id="DNVRng">786.392</dst>
            <dst id="HSTNng">13789.4693333333</dst>
            <dst id="IPLSng">1365.52533333333</dst>
            <dst id="KSCYng">499.245333333333</dst>
            <dst id="LOSAng">10502.4266666667</dst>
            <dst id="NYCMng">5698.54933333333</dst>
            <dst id="SNVAng">53.3333333333333</dst>
            <dst id="STTLng">1487.79466666667</dst>
            <dst id="WASHng">5382.28533333333</dst>
        </src>
        <src id="IPLSng">
            <dst id="ATLA-M5">2746.03466666667</dst>
            <dst id="ATLAng">12582.176</dst>
            <dst id="CHINng">54314.8373333333</dst>
            <dst id="DNVRng">18397.7733333333</dst>
            <dst id="HSTNng">858.042666666667</dst>
            <dst id="IPLSng">7954.78666666667</dst>
            <dst id="KSCYng">2201.368</dst>
            <dst id="LOSAng">5434.29866666667</dst>
            <dst id="NYCMng">7485.272</dst>
            <dst id="SNVAng">19456.512</dst>
            <dst id="STTLng">9584.90933333333</dst>
            <dst id="WASHng">8200.32</dst>
        </src>
        <src id="KSCYng">
            <dst id="ATLA-M5">0</dst>
            <dst id="ATLAng">2531.66133333333</dst>
            <dst id="CHINng">14341.656</dst>
            <dst id="DNVRng">4733.69866666667</dst>
            <dst id="HSTNng">3366.736</dst>
            <dst id="IPLSng">12694.4613333333</dst>
            <dst id="KSCYng">11183.1306666667</dst>
            <dst id="LOSAng">2616.488</dst>
            <dst id="NYCMng">3613.89066666667</dst>
            <dst id="SNVAng">5469.18133333333</dst>
            <dst id="STTLng">1498.82133333333</dst>
            <dst id="WASHng">5907.32533333333</dst>
        </src>
        <src id="LOSAng">
            <dst id="ATLA-M5">0</dst>
            <dst id="ATLAng">4995.08266666667</dst>
            <dst id="CHINng">103303.021333333</dst>
            <dst id="DNVRng">7061.16</dst>
            <dst id="HSTNng">13236.2053333333</dst>
            <dst id="IPLSng">13832.3733333333</dst>
            <dst id="KSCYng">1696.69066666667</dst>
            <dst id="LOSAng">36252.3226666667</dst>
            <dst id="NYCMng">24363.816</dst>
            <dst id="SNVAng">23063.776</dst>
            <dst id="STTLng">22056.2613333333</dst>
            <dst id="WASHng">70980.0453333333</dst>
        </src>
        <src id="NYCMng">
            <dst id="ATLA-M5">74.776</dst>
            <dst id="ATLAng">5166.32</dst>
            <dst id="CHINng">31766.0026666667</dst>
            <dst id="DNVRng">22400.7466666667</dst>
            <dst id="HSTNng">3899.816</dst>
            <dst id="IPLSng">6097.65866666667</dst>
            <dst id="KSCYng">3721.75466666667</dst>
            <dst id="LOSAng">6317.58933333333</dst>
            <dst id="NYCMng">83165.9306666666</dst>
            <dst id="SNVAng">52648.016</dst>
            <dst id="STTLng">24248.5386666667</dst>
            <dst id="WASHng">26976.088</dst>
        </src>
        <src id="SNVAng">
            <dst id="ATLA-M5">0</dst>
            <dst id="ATLAng">26.6666666666667</dst>
            <dst id="CHINng">53.3333333333333</dst>
            <dst id="DNVRng">10078.4506666667</dst>
            <dst id="HSTNng">0</dst>
            <dst id="IPLSng">228.042666666667</dst>
            <dst id="KSCYng">0</dst>
            <dst id="LOSAng">2419.592</dst>
            <dst id="NYCMng">0</dst>
            <dst id="SNVAng">33942.816</dst>
            <dst id="STTLng">31783.384</dst>
            <dst id="WASHng">53.3333333333333</dst>
        </src>
        <src id="STTLng">
            <dst id="ATLA-M5">0</dst>
            <dst id="ATLAng">6401.35733333333</dst>
            <dst id="CHINng">18447.0133333333</dst>
            <dst id="DNVRng">3259.90133333333</dst>
            <dst id="HSTNng">1409.664</dst>
            <dst id="IPLSng">3730.15466666667</dst>
            <dst id="KSCYng">586.184</dst>
            <dst id="LOSAng">6125.61333333334</dst>
            <dst id="NYCMng">10327.0613333333</dst>
            <dst id="SNVAng">22252.464</dst>
            <dst id="STTLng">2756.47466666667</dst>
            <dst id="WASHng">10711.0826666667</dst>
        </src>
        <src id="WASHng">
            <dst id="ATLA-M5">53.3333333333333</dst>
            <dst id="ATLAng">80498.5146666667</dst>
            <dst id="CHINng">72067.728</dst>
            <dst id="DNVRng">35080.72</dst>
            <dst id="HSTNng">32279.1626666667</dst>
            <dst id="IPLSng">19356.8026666667</dst>
            <dst id="KSCYng">28821.016</dst>
            <dst id="LOSAng">82850.592</dst>
            <dst id="NYCMng">107540.570666667</dst>
            <dst id="SNVAng">29163.6506666667</dst>
            <dst id="STTLng">26618.6266666667</dst>
            <dst id="WASHng">311141.946666667</dst>
        </src>
    </IntraTM>
</TrafficMatrixFile>
