<?xml version="1.0" encoding="ISO-8859-1" standalone="yes"?>
<TrafficMatrixFile xsi:noNamespaceSchemaLocation="http://totem.run.montefiore.ulg.ac.be/Schema/TrafficMatrix-v1_2.xsd" xmlns:xsi="http://www.w3.org/2001/XMLSchema-instance">
    <IntraTM ASID="11537">
        <src id="ATLA-M5">
            <dst id="ATLA-M5">0</dst>
            <dst id="ATLAng">0</dst>
            <dst id="CHINng">132.149333333333</dst>
            <dst id="DNVRng">0</dst>
            <dst id="HSTNng">1632.976</dst>
            <dst id="IPLSng">0</dst>
            <dst id="KSCYng">0</dst>
            <dst id="LOSAng">53.3333333333333</dst>
            <dst id="NYCMng">120.426666666667</dst>
            <dst id="SNVAng">0</dst>
            <dst id="STTLng">75.2</dst>
            <dst id="WASHng">0</dst>
        </src>
        <src id="ATLAng">
            <dst id="ATLA-M5">26.6666666666667</dst>
            <dst id="ATLAng">21883.6213333333</dst>
            <dst id="CHINng">5620.08266666667</dst>
            <dst id="DNVRng">2629.41066666667</dst>
            <dst id="HSTNng">634.397333333333</dst>
            <dst id="IPLSng">11965.432</dst>
            <dst id="KSCYng">447.965333333333</dst>
            <dst id="LOSAng">8227.38666666667</dst>
            <dst id="NYCMng">3082.288</dst>
            <dst id="SNVAng">40</dst>
            <dst id="STTLng">2636.76533333333</dst>
            <dst id="WASHng">33887.08</dst>
        </src>
        <src id="CHINng">
            <dst id="ATLA-M5">1403.85866666667</dst>
            <dst id="ATLAng">6946.60266666667</dst>
            <dst id="CHINng">73984.5333333333</dst>
            <dst id="DNVRng">4950.65066666667</dst>
            <dst id="HSTNng">16650.1386666667</dst>
            <dst id="IPLSng">17386.688</dst>
            <dst id="KSCYng">5593.44533333333</dst>
            <dst id="LOSAng">27754.5573333333</dst>
            <dst id="NYCMng">23203.528</dst>
            <dst id="SNVAng">793.125333333333</dst>
            <dst id="STTLng">7051.67733333333</dst>
            <dst id="WASHng">13100.0373333333</dst>
        </src>
        <src id="DNVRng">
            <dst id="ATLA-M5">129.557333333333</dst>
            <dst id="ATLAng">6846.424</dst>
            <dst id="CHINng">33762.752</dst>
            <dst id="DNVRng">11934.3946666667</dst>
            <dst id="HSTNng">22533.9093333333</dst>
            <dst id="IPLSng">27828.8826666667</dst>
            <dst id="KSCYng">30066.64</dst>
            <dst id="LOSAng">6537.728</dst>
            <dst id="NYCMng">12577.784</dst>
            <dst id="SNVAng">10563.264</dst>
            <dst id="STTLng">7535.94933333334</dst>
            <dst id="WASHng">37439.0293333333</dst>
        </src>
        <src id="HSTNng">
            <dst id="ATLA-M5">4664.46933333333</dst>
            <dst id="ATLAng">2324.12</dst>
            <dst id="CHINng">7397.47733333333</dst>
            <dst id="DNVRng">773.925333333333</dst>
            <dst id="HSTNng">15209.4266666667</dst>
            <dst id="IPLSng">4089.568</dst>
            <dst id="KSCYng">435.128</dst>
            <dst id="LOSAng">1916.20266666667</dst>
            <dst id="NYCMng">1346.84</dst>
            <dst id="SNVAng">0</dst>
            <dst id="STTLng">882.696</dst>
            <dst id="WASHng">5080</dst>
        </src>
        <src id="IPLSng">
            <dst id="ATLA-M5">0</dst>
            <dst id="ATLAng">7146.64</dst>
            <dst id="CHINng">36621.2</dst>
            <dst id="DNVRng">4360.38666666667</dst>
            <dst id="HSTNng">1067.71466666667</dst>
            <dst id="IPLSng">3895.544</dst>
            <dst id="KSCYng">2181.2</dst>
            <dst id="LOSAng">18980.5173333333</dst>
            <dst id="NYCMng">3171.62933333333</dst>
            <dst id="SNVAng">321.608</dst>
            <dst id="STTLng">4070.112</dst>
            <dst id="WASHng">5075.14133333333</dst>
        </src>
        <src id="KSCYng">
            <dst id="ATLA-M5">0</dst>
            <dst id="ATLAng">2564.75466666667</dst>
            <dst id="CHINng">11606.1093333333</dst>
            <dst id="DNVRng">3928.65333333333</dst>
            <dst id="HSTNng">3068.72266666667</dst>
            <dst id="IPLSng">11036.7493333333</dst>
            <dst id="KSCYng">13774.2613333333</dst>
            <dst id="LOSAng">3373.42133333333</dst>
            <dst id="NYCMng">1185.4</dst>
            <dst id="SNVAng">1796.53333333333</dst>
            <dst id="STTLng">924.024</dst>
            <dst id="WASHng">7341.21333333333</dst>
        </src>
        <src id="LOSAng">
            <dst id="ATLA-M5">0</dst>
            <dst id="ATLAng">9670.50933333333</dst>
            <dst id="CHINng">46742.776</dst>
            <dst id="DNVRng">15079.1973333333</dst>
            <dst id="HSTNng">1396.09333333333</dst>
            <dst id="IPLSng">6428.93333333333</dst>
            <dst id="KSCYng">3791.648</dst>
            <dst id="LOSAng">8591.13333333333</dst>
            <dst id="NYCMng">28539.9466666667</dst>
            <dst id="SNVAng">21106.112</dst>
            <dst id="STTLng">25262.96</dst>
            <dst id="WASHng">73148.6666666667</dst>
        </src>
        <src id="NYCMng">
            <dst id="ATLA-M5">293.914666666667</dst>
            <dst id="ATLAng">13501.4906666667</dst>
            <dst id="CHINng">22386.7813333333</dst>
            <dst id="DNVRng">22587.104</dst>
            <dst id="HSTNng">5540.38666666667</dst>
            <dst id="IPLSng">21952</dst>
            <dst id="KSCYng">6069.28533333333</dst>
            <dst id="LOSAng">54314.104</dst>
            <dst id="NYCMng">72381.4293333333</dst>
            <dst id="SNVAng">1712.25066666667</dst>
            <dst id="STTLng">20322.104</dst>
            <dst id="WASHng">40467.6186666667</dst>
        </src>
        <src id="SNVAng">
            <dst id="ATLA-M5">0</dst>
            <dst id="ATLAng">26.6666666666667</dst>
            <dst id="CHINng">53.3333333333333</dst>
            <dst id="DNVRng">3841.73066666667</dst>
            <dst id="HSTNng">0</dst>
            <dst id="IPLSng">179.842666666667</dst>
            <dst id="KSCYng">0</dst>
            <dst id="LOSAng">28915.0186666667</dst>
            <dst id="NYCMng">394.666666666667</dst>
            <dst id="SNVAng">6436.064</dst>
            <dst id="STTLng">33448.9866666667</dst>
            <dst id="WASHng">26.6666666666667</dst>
        </src>
        <src id="STTLng">
            <dst id="ATLA-M5">123.504</dst>
            <dst id="ATLAng">6873.984</dst>
            <dst id="CHINng">12632.52</dst>
            <dst id="DNVRng">1163.36533333333</dst>
            <dst id="HSTNng">352.301333333333</dst>
            <dst id="IPLSng">6589.81066666667</dst>
            <dst id="KSCYng">800.461333333333</dst>
            <dst id="LOSAng">9429.464</dst>
            <dst id="NYCMng">10848.2586666667</dst>
            <dst id="SNVAng">14794.5413333333</dst>
            <dst id="STTLng">1077.416</dst>
            <dst id="WASHng">5759.28</dst>
        </src>
        <src id="WASHng">
            <dst id="ATLA-M5">275.282666666667</dst>
            <dst id="ATLAng">55917.1653333333</dst>
            <dst id="CHINng">54488.0666666667</dst>
            <dst id="DNVRng">48117.2533333333</dst>
            <dst id="HSTNng">7287.02133333333</dst>
            <dst id="IPLSng">45021.3973333333</dst>
            <dst id="KSCYng">26289.064</dst>
            <dst id="LOSAng">107257.906666667</dst>
            <dst id="NYCMng">126873.106666667</dst>
            <dst id="SNVAng">254.613333333333</dst>
            <dst id="STTLng">24215.8053333333</dst>
            <dst id="WASHng">169863.877333333</dst>
        </src>
    </IntraTM>
</TrafficMatrixFile>
