<?xml version="1.0" encoding="ISO-8859-1" standalone="yes"?>
<TrafficMatrixFile xsi:noNamespaceSchemaLocation="http://totem.run.montefiore.ulg.ac.be/Schema/TrafficMatrix-v1_2.xsd" xmlns:xsi="http://www.w3.org/2001/XMLSchema-instance">
    <IntraTM ASID="11537">
        <src id="ATLA-M5">
            <dst id="ATLA-M5">0</dst>
            <dst id="ATLAng">0</dst>
            <dst id="CHINng">214.808</dst>
            <dst id="DNVRng">53.3333333333333</dst>
            <dst id="HSTNng">26.6666666666667</dst>
            <dst id="IPLSng">0</dst>
            <dst id="KSCYng">0</dst>
            <dst id="LOSAng">26.6666666666667</dst>
            <dst id="NYCMng">95.56</dst>
            <dst id="SNVAng">54.4986666666667</dst>
            <dst id="STTLng">87.5893333333333</dst>
            <dst id="WASHng">161.736</dst>
        </src>
        <src id="ATLAng">
            <dst id="ATLA-M5">75.5066666666667</dst>
            <dst id="ATLAng">8563.376</dst>
            <dst id="CHINng">3722.72266666667</dst>
            <dst id="DNVRng">6191.56266666666</dst>
            <dst id="HSTNng">735.853333333333</dst>
            <dst id="IPLSng">7792.624</dst>
            <dst id="KSCYng">794.376</dst>
            <dst id="LOSAng">2564.03466666667</dst>
            <dst id="NYCMng">1906.41066666667</dst>
            <dst id="SNVAng">53.3333333333333</dst>
            <dst id="STTLng">3550.25066666667</dst>
            <dst id="WASHng">15771.4906666667</dst>
        </src>
        <src id="CHINng">
            <dst id="ATLA-M5">403.234666666667</dst>
            <dst id="ATLAng">8840.85866666667</dst>
            <dst id="CHINng">48722.52</dst>
            <dst id="DNVRng">5529.288</dst>
            <dst id="HSTNng">5061.376</dst>
            <dst id="IPLSng">47527.5626666667</dst>
            <dst id="KSCYng">4438.39466666667</dst>
            <dst id="LOSAng">22942.464</dst>
            <dst id="NYCMng">19560.9253333333</dst>
            <dst id="SNVAng">323.578666666667</dst>
            <dst id="STTLng">7719.02933333333</dst>
            <dst id="WASHng">13325.3493333333</dst>
        </src>
        <src id="DNVRng">
            <dst id="ATLA-M5">213.456</dst>
            <dst id="ATLAng">5336.10666666667</dst>
            <dst id="CHINng">43228.2746666667</dst>
            <dst id="DNVRng">7640.36</dst>
            <dst id="HSTNng">23211.2933333333</dst>
            <dst id="IPLSng">27847.144</dst>
            <dst id="KSCYng">16882.24</dst>
            <dst id="LOSAng">12900.912</dst>
            <dst id="NYCMng">14468.9653333333</dst>
            <dst id="SNVAng">7423.808</dst>
            <dst id="STTLng">5273.58133333333</dst>
            <dst id="WASHng">36690.3466666667</dst>
        </src>
        <src id="HSTNng">
            <dst id="ATLA-M5">1972.464</dst>
            <dst id="ATLAng">2999.50666666667</dst>
            <dst id="CHINng">5650.504</dst>
            <dst id="DNVRng">8195.344</dst>
            <dst id="HSTNng">16020.7626666667</dst>
            <dst id="IPLSng">2107.98666666667</dst>
            <dst id="KSCYng">1220.952</dst>
            <dst id="LOSAng">4990.34133333333</dst>
            <dst id="NYCMng">6045.192</dst>
            <dst id="SNVAng">0</dst>
            <dst id="STTLng">859.16</dst>
            <dst id="WASHng">13798.392</dst>
        </src>
        <src id="IPLSng">
            <dst id="ATLA-M5">0</dst>
            <dst id="ATLAng">9993.51733333333</dst>
            <dst id="CHINng">70786.448</dst>
            <dst id="DNVRng">12550.336</dst>
            <dst id="HSTNng">2495.52533333333</dst>
            <dst id="IPLSng">10146.0213333333</dst>
            <dst id="KSCYng">2193.61333333333</dst>
            <dst id="LOSAng">10493.496</dst>
            <dst id="NYCMng">5931.64533333333</dst>
            <dst id="SNVAng">463.016</dst>
            <dst id="STTLng">6030.03733333333</dst>
            <dst id="WASHng">9735.05066666666</dst>
        </src>
        <src id="KSCYng">
            <dst id="ATLA-M5">0</dst>
            <dst id="ATLAng">3608.38933333333</dst>
            <dst id="CHINng">11884.4506666667</dst>
            <dst id="DNVRng">4264.70933333333</dst>
            <dst id="HSTNng">6034.24</dst>
            <dst id="IPLSng">11482.56</dst>
            <dst id="KSCYng">13504.3413333333</dst>
            <dst id="LOSAng">8585.02933333333</dst>
            <dst id="NYCMng">786.669333333333</dst>
            <dst id="SNVAng">2153.288</dst>
            <dst id="STTLng">806.16</dst>
            <dst id="WASHng">8218.40266666667</dst>
        </src>
        <src id="LOSAng">
            <dst id="ATLA-M5">0</dst>
            <dst id="ATLAng">18959.5706666667</dst>
            <dst id="CHINng">43540.7706666667</dst>
            <dst id="DNVRng">5167.52533333333</dst>
            <dst id="HSTNng">5949.55733333333</dst>
            <dst id="IPLSng">9815.39733333333</dst>
            <dst id="KSCYng">4256.49333333333</dst>
            <dst id="LOSAng">9890.08533333333</dst>
            <dst id="NYCMng">25438.024</dst>
            <dst id="SNVAng">32903.7146666667</dst>
            <dst id="STTLng">20960.7573333333</dst>
            <dst id="WASHng">78072.4053333333</dst>
        </src>
        <src id="NYCMng">
            <dst id="ATLA-M5">1139.30933333333</dst>
            <dst id="ATLAng">16114.7066666667</dst>
            <dst id="CHINng">21722.0693333333</dst>
            <dst id="DNVRng">22145.3493333333</dst>
            <dst id="HSTNng">4523.19733333333</dst>
            <dst id="IPLSng">7659.47733333333</dst>
            <dst id="KSCYng">5756.704</dst>
            <dst id="LOSAng">43670.184</dst>
            <dst id="NYCMng">76158.8746666667</dst>
            <dst id="SNVAng">504.552</dst>
            <dst id="STTLng">20599.32</dst>
            <dst id="WASHng">37791.0426666667</dst>
        </src>
        <src id="SNVAng">
            <dst id="ATLA-M5">0</dst>
            <dst id="ATLAng">53.3333333333333</dst>
            <dst id="CHINng">1012.85333333333</dst>
            <dst id="DNVRng">605.442666666667</dst>
            <dst id="HSTNng">53.3333333333333</dst>
            <dst id="IPLSng">168.064</dst>
            <dst id="KSCYng">26.6666666666667</dst>
            <dst id="LOSAng">30965.6133333333</dst>
            <dst id="NYCMng">26.6666666666667</dst>
            <dst id="SNVAng">7717.61866666667</dst>
            <dst id="STTLng">39162.0853333333</dst>
            <dst id="WASHng">177.610666666667</dst>
        </src>
        <src id="STTLng">
            <dst id="ATLA-M5">106.752</dst>
            <dst id="ATLAng">7858.50666666667</dst>
            <dst id="CHINng">13378.08</dst>
            <dst id="DNVRng">2405.576</dst>
            <dst id="HSTNng">9741.16</dst>
            <dst id="IPLSng">5827.42666666667</dst>
            <dst id="KSCYng">3302.168</dst>
            <dst id="LOSAng">9214.224</dst>
            <dst id="NYCMng">13314.584</dst>
            <dst id="SNVAng">8073.14933333333</dst>
            <dst id="STTLng">740.597333333333</dst>
            <dst id="WASHng">8365.528</dst>
        </src>
        <src id="WASHng">
            <dst id="ATLA-M5">4199.70133333333</dst>
            <dst id="ATLAng">96463.5413333333</dst>
            <dst id="CHINng">49844.528</dst>
            <dst id="DNVRng">71862.256</dst>
            <dst id="HSTNng">26712.5626666667</dst>
            <dst id="IPLSng">44889.336</dst>
            <dst id="KSCYng">21969.1626666667</dst>
            <dst id="LOSAng">78805.0906666667</dst>
            <dst id="NYCMng">121117.968</dst>
            <dst id="SNVAng">1393.77066666667</dst>
            <dst id="STTLng">14944.5386666667</dst>
            <dst id="WASHng">198796.824</dst>
        </src>
    </IntraTM>
</TrafficMatrixFile>
