<?xml version="1.0" encoding="ISO-8859-1" standalone="yes"?>
<TrafficMatrixFile xsi:noNamespaceSchemaLocation="http://totem.run.montefiore.ulg.ac.be/Schema/TrafficMatrix-v1_2.xsd" xmlns:xsi="http://www.w3.org/2001/XMLSchema-instance">
    <IntraTM ASID="11537">
        <src id="ATLA-M5">
            <dst id="ATLA-M5">0</dst>
            <dst id="ATLAng">0</dst>
            <dst id="CHINng">34.064</dst>
            <dst id="DNVRng">1074.752</dst>
            <dst id="HSTNng">0</dst>
            <dst id="IPLSng">0</dst>
            <dst id="KSCYng">0</dst>
            <dst id="LOSAng">0</dst>
            <dst id="NYCMng">26.6666666666667</dst>
            <dst id="SNVAng">35.7973333333333</dst>
            <dst id="STTLng">56.2613333333333</dst>
            <dst id="WASHng">277.861333333333</dst>
        </src>
        <src id="ATLAng">
            <dst id="ATLA-M5">72.3546666666667</dst>
            <dst id="ATLAng">25463.5893333333</dst>
            <dst id="CHINng">6061.17866666667</dst>
            <dst id="DNVRng">2616.48266666667</dst>
            <dst id="HSTNng">860.242666666667</dst>
            <dst id="IPLSng">11788.0106666667</dst>
            <dst id="KSCYng">256.8</dst>
            <dst id="LOSAng">10498.3866666667</dst>
            <dst id="NYCMng">892.874666666666</dst>
            <dst id="SNVAng">13.3333333333333</dst>
            <dst id="STTLng">2879.472</dst>
            <dst id="WASHng">31751.232</dst>
        </src>
        <src id="CHINng">
            <dst id="ATLA-M5">0</dst>
            <dst id="ATLAng">5610.2</dst>
            <dst id="CHINng">27946.888</dst>
            <dst id="DNVRng">6546.80533333333</dst>
            <dst id="HSTNng">28451.9466666667</dst>
            <dst id="IPLSng">15694.96</dst>
            <dst id="KSCYng">4254.92266666667</dst>
            <dst id="LOSAng">31597.2</dst>
            <dst id="NYCMng">23739.336</dst>
            <dst id="SNVAng">314.506666666667</dst>
            <dst id="STTLng">10107.984</dst>
            <dst id="WASHng">14949.2186666667</dst>
        </src>
        <src id="DNVRng">
            <dst id="ATLA-M5">222.72</dst>
            <dst id="ATLAng">3119.37066666667</dst>
            <dst id="CHINng">35779.0346666667</dst>
            <dst id="DNVRng">6996.16266666667</dst>
            <dst id="HSTNng">21290.0373333333</dst>
            <dst id="IPLSng">29106.0933333333</dst>
            <dst id="KSCYng">13422.2453333333</dst>
            <dst id="LOSAng">12555.144</dst>
            <dst id="NYCMng">18345.9413333333</dst>
            <dst id="SNVAng">6259.528</dst>
            <dst id="STTLng">4257.624</dst>
            <dst id="WASHng">56546.5226666667</dst>
        </src>
        <src id="HSTNng">
            <dst id="ATLA-M5">0</dst>
            <dst id="ATLAng">3019.36533333333</dst>
            <dst id="CHINng">6492.98666666667</dst>
            <dst id="DNVRng">696.912</dst>
            <dst id="HSTNng">18317.808</dst>
            <dst id="IPLSng">5058.864</dst>
            <dst id="KSCYng">1249.77333333333</dst>
            <dst id="LOSAng">5749.54933333333</dst>
            <dst id="NYCMng">2292.216</dst>
            <dst id="SNVAng">26.6666666666667</dst>
            <dst id="STTLng">575.858666666667</dst>
            <dst id="WASHng">3501.88</dst>
        </src>
        <src id="IPLSng">
            <dst id="ATLA-M5">26.6666666666667</dst>
            <dst id="ATLAng">4833.424</dst>
            <dst id="CHINng">25745.6293333333</dst>
            <dst id="DNVRng">7770.008</dst>
            <dst id="HSTNng">635.661333333333</dst>
            <dst id="IPLSng">2648.21333333333</dst>
            <dst id="KSCYng">2401.09866666667</dst>
            <dst id="LOSAng">17894.4266666667</dst>
            <dst id="NYCMng">7677.63733333333</dst>
            <dst id="SNVAng">144.146666666667</dst>
            <dst id="STTLng">6481.36</dst>
            <dst id="WASHng">8270.43466666667</dst>
        </src>
        <src id="KSCYng">
            <dst id="ATLA-M5">0</dst>
            <dst id="ATLAng">4865.88266666667</dst>
            <dst id="CHINng">5353.968</dst>
            <dst id="DNVRng">5858.00533333333</dst>
            <dst id="HSTNng">6685.80266666667</dst>
            <dst id="IPLSng">11088.0586666667</dst>
            <dst id="KSCYng">8825.72</dst>
            <dst id="LOSAng">4129.14666666667</dst>
            <dst id="NYCMng">1146.00266666667</dst>
            <dst id="SNVAng">6639.11733333333</dst>
            <dst id="STTLng">680.381333333333</dst>
            <dst id="WASHng">18908.472</dst>
        </src>
        <src id="LOSAng">
            <dst id="ATLA-M5">100.378666666667</dst>
            <dst id="ATLAng">9027.90666666667</dst>
            <dst id="CHINng">39078.3386666667</dst>
            <dst id="DNVRng">9130.97066666667</dst>
            <dst id="HSTNng">4936.84</dst>
            <dst id="IPLSng">9712.73333333333</dst>
            <dst id="KSCYng">5081.33333333333</dst>
            <dst id="LOSAng">14174.1493333333</dst>
            <dst id="NYCMng">17631.936</dst>
            <dst id="SNVAng">43626.64</dst>
            <dst id="STTLng">17352.9973333333</dst>
            <dst id="WASHng">79177.7946666667</dst>
        </src>
        <src id="NYCMng">
            <dst id="ATLA-M5">296.08</dst>
            <dst id="ATLAng">5948.11466666667</dst>
            <dst id="CHINng">15778.904</dst>
            <dst id="DNVRng">24083.344</dst>
            <dst id="HSTNng">5514.664</dst>
            <dst id="IPLSng">9165.81066666667</dst>
            <dst id="KSCYng">6708.35733333333</dst>
            <dst id="LOSAng">48370.736</dst>
            <dst id="NYCMng">55187.336</dst>
            <dst id="SNVAng">881.573333333333</dst>
            <dst id="STTLng">11329.6586666667</dst>
            <dst id="WASHng">32653.8026666667</dst>
        </src>
        <src id="SNVAng">
            <dst id="ATLA-M5">0</dst>
            <dst id="ATLAng">30.9253333333333</dst>
            <dst id="CHINng">84.92</dst>
            <dst id="DNVRng">3344.48</dst>
            <dst id="HSTNng">0</dst>
            <dst id="IPLSng">198.069333333333</dst>
            <dst id="KSCYng">26.6666666666667</dst>
            <dst id="LOSAng">38451.336</dst>
            <dst id="NYCMng">94.3493333333333</dst>
            <dst id="SNVAng">14319.0106666667</dst>
            <dst id="STTLng">53836.912</dst>
            <dst id="WASHng">0</dst>
        </src>
        <src id="STTLng">
            <dst id="ATLA-M5">85.44</dst>
            <dst id="ATLAng">6824.29866666667</dst>
            <dst id="CHINng">7749.04533333333</dst>
            <dst id="DNVRng">1378.256</dst>
            <dst id="HSTNng">1071.87733333333</dst>
            <dst id="IPLSng">4930.60533333333</dst>
            <dst id="KSCYng">1235.08</dst>
            <dst id="LOSAng">11255.92</dst>
            <dst id="NYCMng">12370.7253333333</dst>
            <dst id="SNVAng">8641.73866666667</dst>
            <dst id="STTLng">869.8</dst>
            <dst id="WASHng">8112.08</dst>
        </src>
        <src id="WASHng">
            <dst id="ATLA-M5">276.949333333333</dst>
            <dst id="ATLAng">78515.5706666667</dst>
            <dst id="CHINng">49861.9813333333</dst>
            <dst id="DNVRng">47932.0186666667</dst>
            <dst id="HSTNng">31539.4666666667</dst>
            <dst id="IPLSng">41847.9626666667</dst>
            <dst id="KSCYng">43585.3786666667</dst>
            <dst id="LOSAng">105126.128</dst>
            <dst id="NYCMng">147401.445333333</dst>
            <dst id="SNVAng">525.096</dst>
            <dst id="STTLng">52136.6</dst>
            <dst id="WASHng">163176.632</dst>
        </src>
    </IntraTM>
</TrafficMatrixFile>
