<?xml version="1.0" encoding="ISO-8859-1" standalone="yes"?>
<TrafficMatrixFile xsi:noNamespaceSchemaLocation="http://totem.run.montefiore.ulg.ac.be/Schema/TrafficMatrix-v1_2.xsd" xmlns:xsi="http://www.w3.org/2001/XMLSchema-instance">
    <IntraTM ASID="11537">
        <src id="ATLA-M5">
            <dst id="ATLA-M5">0</dst>
            <dst id="ATLAng">0</dst>
            <dst id="CHINng">26.6666666666667</dst>
            <dst id="DNVRng">0</dst>
            <dst id="HSTNng">52.0373333333333</dst>
            <dst id="IPLSng">38.2906666666667</dst>
            <dst id="KSCYng">0</dst>
            <dst id="LOSAng">43.456</dst>
            <dst id="NYCMng">656.616</dst>
            <dst id="SNVAng">43.456</dst>
            <dst id="STTLng">171.381333333333</dst>
            <dst id="WASHng">498.56</dst>
        </src>
        <src id="ATLAng">
            <dst id="ATLA-M5">80.3546666666667</dst>
            <dst id="ATLAng">22316.128</dst>
            <dst id="CHINng">6029.98933333333</dst>
            <dst id="DNVRng">3854.192</dst>
            <dst id="HSTNng">32558.9333333333</dst>
            <dst id="IPLSng">13527.1413333333</dst>
            <dst id="KSCYng">586.448</dst>
            <dst id="LOSAng">9731.104</dst>
            <dst id="NYCMng">10361.8906666667</dst>
            <dst id="SNVAng">8308.432</dst>
            <dst id="STTLng">1561.65333333333</dst>
            <dst id="WASHng">31308.0933333333</dst>
        </src>
        <src id="CHINng">
            <dst id="ATLA-M5">0</dst>
            <dst id="ATLAng">19089.672</dst>
            <dst id="CHINng">73088.0133333334</dst>
            <dst id="DNVRng">11558.0346666667</dst>
            <dst id="HSTNng">7463.58133333333</dst>
            <dst id="IPLSng">12328.7546666667</dst>
            <dst id="KSCYng">7353.74933333333</dst>
            <dst id="LOSAng">4053.752</dst>
            <dst id="NYCMng">8051.90933333333</dst>
            <dst id="SNVAng">34236.0453333333</dst>
            <dst id="STTLng">9327.07733333333</dst>
            <dst id="WASHng">19191.0346666667</dst>
        </src>
        <src id="DNVRng">
            <dst id="ATLA-M5">106.933333333333</dst>
            <dst id="ATLAng">5953.61866666667</dst>
            <dst id="CHINng">40925.4266666667</dst>
            <dst id="DNVRng">2982.688</dst>
            <dst id="HSTNng">20662.7333333333</dst>
            <dst id="IPLSng">24184.9093333333</dst>
            <dst id="KSCYng">8242.72</dst>
            <dst id="LOSAng">587.357333333333</dst>
            <dst id="NYCMng">19746.2986666667</dst>
            <dst id="SNVAng">19332.5706666667</dst>
            <dst id="STTLng">4508.57866666667</dst>
            <dst id="WASHng">34953.5546666667</dst>
        </src>
        <src id="HSTNng">
            <dst id="ATLA-M5">1997.74133333333</dst>
            <dst id="ATLAng">2613.65066666667</dst>
            <dst id="CHINng">8940.00266666667</dst>
            <dst id="DNVRng">2398.192</dst>
            <dst id="HSTNng">14216.2693333333</dst>
            <dst id="IPLSng">1235.944</dst>
            <dst id="KSCYng">1464.82666666667</dst>
            <dst id="LOSAng">3497.21866666667</dst>
            <dst id="NYCMng">4216.39466666667</dst>
            <dst id="SNVAng">0</dst>
            <dst id="STTLng">1762.384</dst>
            <dst id="WASHng">5051.36266666667</dst>
        </src>
        <src id="IPLSng">
            <dst id="ATLA-M5">2709.12266666667</dst>
            <dst id="ATLAng">4771.22666666667</dst>
            <dst id="CHINng">54393.3733333333</dst>
            <dst id="DNVRng">5733.096</dst>
            <dst id="HSTNng">2746.432</dst>
            <dst id="IPLSng">3920.136</dst>
            <dst id="KSCYng">3389.91466666667</dst>
            <dst id="LOSAng">3369.19733333333</dst>
            <dst id="NYCMng">14028.3173333333</dst>
            <dst id="SNVAng">11649.624</dst>
            <dst id="STTLng">7784.95733333333</dst>
            <dst id="WASHng">25384.2746666667</dst>
        </src>
        <src id="KSCYng">
            <dst id="ATLA-M5">0</dst>
            <dst id="ATLAng">3264.59733333333</dst>
            <dst id="CHINng">13550.464</dst>
            <dst id="DNVRng">4931.448</dst>
            <dst id="HSTNng">3791.528</dst>
            <dst id="IPLSng">12457.4666666667</dst>
            <dst id="KSCYng">6217.76533333333</dst>
            <dst id="LOSAng">452.618666666667</dst>
            <dst id="NYCMng">3878.12266666667</dst>
            <dst id="SNVAng">8176.18933333333</dst>
            <dst id="STTLng">3380.90133333333</dst>
            <dst id="WASHng">10521.2613333333</dst>
        </src>
        <src id="LOSAng">
            <dst id="ATLA-M5">53.3333333333333</dst>
            <dst id="ATLAng">22725.208</dst>
            <dst id="CHINng">44616.0293333333</dst>
            <dst id="DNVRng">8693.552</dst>
            <dst id="HSTNng">4757.23733333333</dst>
            <dst id="IPLSng">18169.8293333333</dst>
            <dst id="KSCYng">4012.38133333333</dst>
            <dst id="LOSAng">14562.6933333333</dst>
            <dst id="NYCMng">51707.8746666667</dst>
            <dst id="SNVAng">23401.168</dst>
            <dst id="STTLng">28105.8453333333</dst>
            <dst id="WASHng">131384.216</dst>
        </src>
        <src id="NYCMng">
            <dst id="ATLA-M5">1521.168</dst>
            <dst id="ATLAng">19727.864</dst>
            <dst id="CHINng">22671.336</dst>
            <dst id="DNVRng">21552.096</dst>
            <dst id="HSTNng">15005.824</dst>
            <dst id="IPLSng">39626.9706666667</dst>
            <dst id="KSCYng">6092.80533333333</dst>
            <dst id="LOSAng">10218.488</dst>
            <dst id="NYCMng">82637.9333333333</dst>
            <dst id="SNVAng">58653.544</dst>
            <dst id="STTLng">29912.704</dst>
            <dst id="WASHng">60011.032</dst>
        </src>
        <src id="SNVAng">
            <dst id="ATLA-M5">0</dst>
            <dst id="ATLAng">26.6666666666667</dst>
            <dst id="CHINng">55.5733333333333</dst>
            <dst id="DNVRng">2864.86133333333</dst>
            <dst id="HSTNng">0</dst>
            <dst id="IPLSng">224.128</dst>
            <dst id="KSCYng">26.6666666666667</dst>
            <dst id="LOSAng">912.530666666667</dst>
            <dst id="NYCMng">53.3333333333333</dst>
            <dst id="SNVAng">35423.584</dst>
            <dst id="STTLng">32344.4453333333</dst>
            <dst id="WASHng">26.6666666666667</dst>
        </src>
        <src id="STTLng">
            <dst id="ATLA-M5">5765.90133333333</dst>
            <dst id="ATLAng">6309.536</dst>
            <dst id="CHINng">13963.2186666667</dst>
            <dst id="DNVRng">3598.14666666667</dst>
            <dst id="HSTNng">3099.73333333333</dst>
            <dst id="IPLSng">6449.52266666667</dst>
            <dst id="KSCYng">1931.032</dst>
            <dst id="LOSAng">3691.712</dst>
            <dst id="NYCMng">17334.3573333333</dst>
            <dst id="SNVAng">17053.584</dst>
            <dst id="STTLng">642.314666666667</dst>
            <dst id="WASHng">4675.664</dst>
        </src>
        <src id="WASHng">
            <dst id="ATLA-M5">475.794666666667</dst>
            <dst id="ATLAng">62739.312</dst>
            <dst id="CHINng">64207.0266666667</dst>
            <dst id="DNVRng">25785.4826666667</dst>
            <dst id="HSTNng">17997.2426666667</dst>
            <dst id="IPLSng">23894.032</dst>
            <dst id="KSCYng">30224.3733333333</dst>
            <dst id="LOSAng">70916.4933333333</dst>
            <dst id="NYCMng">110903.109333333</dst>
            <dst id="SNVAng">67766.3146666667</dst>
            <dst id="STTLng">23647.5813333333</dst>
            <dst id="WASHng">198500.925333333</dst>
        </src>
    </IntraTM>
</TrafficMatrixFile>
