<?xml version="1.0" encoding="ISO-8859-1" standalone="yes"?>
<TrafficMatrixFile xsi:noNamespaceSchemaLocation="http://totem.run.montefiore.ulg.ac.be/Schema/TrafficMatrix-v1_2.xsd" xmlns:xsi="http://www.w3.org/2001/XMLSchema-instance">
    <IntraTM ASID="11537">
        <src id="ATLA-M5">
            <dst id="ATLA-M5">0</dst>
            <dst id="ATLAng">158.485333333333</dst>
            <dst id="CHINng">166.928</dst>
            <dst id="DNVRng">26.6666666666667</dst>
            <dst id="HSTNng">189.053333333333</dst>
            <dst id="IPLSng">0</dst>
            <dst id="KSCYng">90.3733333333333</dst>
            <dst id="LOSAng">111.442666666667</dst>
            <dst id="NYCMng">53.3333333333333</dst>
            <dst id="SNVAng">26.6666666666667</dst>
            <dst id="STTLng">35.456</dst>
            <dst id="WASHng">1305.62133333333</dst>
        </src>
        <src id="ATLAng">
            <dst id="ATLA-M5">6673.41333333333</dst>
            <dst id="ATLAng">26093.7386666667</dst>
            <dst id="CHINng">12658.2586666667</dst>
            <dst id="DNVRng">4060.99733333333</dst>
            <dst id="HSTNng">12167.6586666667</dst>
            <dst id="IPLSng">12861.5386666667</dst>
            <dst id="KSCYng">1072.15733333333</dst>
            <dst id="LOSAng">6917.52133333333</dst>
            <dst id="NYCMng">9740.01333333333</dst>
            <dst id="SNVAng">7731.572</dst>
            <dst id="STTLng">2180.98666666667</dst>
            <dst id="WASHng">45772.8</dst>
        </src>
        <src id="CHINng">
            <dst id="ATLA-M5">163.626666666667</dst>
            <dst id="ATLAng">12641.9253333333</dst>
            <dst id="CHINng">107108.594666667</dst>
            <dst id="DNVRng">4338.61066666667</dst>
            <dst id="HSTNng">12819.6053333333</dst>
            <dst id="IPLSng">110042.768</dst>
            <dst id="KSCYng">9526.488</dst>
            <dst id="LOSAng">2225.44533333333</dst>
            <dst id="NYCMng">11860.024</dst>
            <dst id="SNVAng">22087.352</dst>
            <dst id="STTLng">7322.6</dst>
            <dst id="WASHng">18620.456</dst>
        </src>
        <src id="DNVRng">
            <dst id="ATLA-M5">287.829333333333</dst>
            <dst id="ATLAng">12704.5146666667</dst>
            <dst id="CHINng">59151.5093333333</dst>
            <dst id="DNVRng">11956.112</dst>
            <dst id="HSTNng">41906.0346666667</dst>
            <dst id="IPLSng">28997.232</dst>
            <dst id="KSCYng">20620.2453333333</dst>
            <dst id="LOSAng">422.824</dst>
            <dst id="NYCMng">17645.6053333333</dst>
            <dst id="SNVAng">26118.9013333333</dst>
            <dst id="STTLng">7162.264</dst>
            <dst id="WASHng">56111.8746666667</dst>
        </src>
        <src id="HSTNng">
            <dst id="ATLA-M5">221.576</dst>
            <dst id="ATLAng">14360.3706666667</dst>
            <dst id="CHINng">16520.9893333333</dst>
            <dst id="DNVRng">2198.18933333333</dst>
            <dst id="HSTNng">18448.9626666667</dst>
            <dst id="IPLSng">6141.504</dst>
            <dst id="KSCYng">1283.12266666667</dst>
            <dst id="LOSAng">1656.88</dst>
            <dst id="NYCMng">3966.272</dst>
            <dst id="SNVAng">250.304</dst>
            <dst id="STTLng">935.472</dst>
            <dst id="WASHng">3743.41066666667</dst>
        </src>
        <src id="IPLSng">
            <dst id="ATLA-M5">26.6666666666667</dst>
            <dst id="ATLAng">24232.336</dst>
            <dst id="CHINng">69349.1413333333</dst>
            <dst id="DNVRng">5694.37066666667</dst>
            <dst id="HSTNng">4072.32533333333</dst>
            <dst id="IPLSng">15681.1093333333</dst>
            <dst id="KSCYng">13735.432</dst>
            <dst id="LOSAng">1378.73333333333</dst>
            <dst id="NYCMng">14881.2533333333</dst>
            <dst id="SNVAng">13733.8293333333</dst>
            <dst id="STTLng">7682.57333333333</dst>
            <dst id="WASHng">17418.7893333333</dst>
        </src>
        <src id="KSCYng">
            <dst id="ATLA-M5">0</dst>
            <dst id="ATLAng">3399.12266666667</dst>
            <dst id="CHINng">17486.3866666667</dst>
            <dst id="DNVRng">4763.70933333333</dst>
            <dst id="HSTNng">4653.992</dst>
            <dst id="IPLSng">19136.3226666667</dst>
            <dst id="KSCYng">18617.5626666667</dst>
            <dst id="LOSAng">829.226666666667</dst>
            <dst id="NYCMng">1748.568</dst>
            <dst id="SNVAng">4927.83466666667</dst>
            <dst id="STTLng">1228.46933333333</dst>
            <dst id="WASHng">7679.832</dst>
        </src>
        <src id="LOSAng">
            <dst id="ATLA-M5">36.24</dst>
            <dst id="ATLAng">17660.2666666667</dst>
            <dst id="CHINng">93572.0266666667</dst>
            <dst id="DNVRng">11467.1786666667</dst>
            <dst id="HSTNng">3128.05066666667</dst>
            <dst id="IPLSng">26233.976</dst>
            <dst id="KSCYng">2470.79733333333</dst>
            <dst id="LOSAng">13627.72</dst>
            <dst id="NYCMng">29424.9466666667</dst>
            <dst id="SNVAng">23680.5573333333</dst>
            <dst id="STTLng">14622.976</dst>
            <dst id="WASHng">93584.608</dst>
        </src>
        <src id="NYCMng">
            <dst id="ATLA-M5">903.077333333333</dst>
            <dst id="ATLAng">30623.7173333333</dst>
            <dst id="CHINng">61014.3733333333</dst>
            <dst id="DNVRng">20775.1093333333</dst>
            <dst id="HSTNng">6582.344</dst>
            <dst id="IPLSng">28088.5546666667</dst>
            <dst id="KSCYng">9924.49066666667</dst>
            <dst id="LOSAng">7537.71466666667</dst>
            <dst id="NYCMng">107689.594666667</dst>
            <dst id="SNVAng">37419.424</dst>
            <dst id="STTLng">20778.384</dst>
            <dst id="WASHng">86485.048</dst>
        </src>
        <src id="SNVAng">
            <dst id="ATLA-M5">0</dst>
            <dst id="ATLAng">135.2</dst>
            <dst id="CHINng">53.3333333333333</dst>
            <dst id="DNVRng">2874.16</dst>
            <dst id="HSTNng">62.0106666666667</dst>
            <dst id="IPLSng">1140.89866666667</dst>
            <dst id="KSCYng">80</dst>
            <dst id="LOSAng">754.808</dst>
            <dst id="NYCMng">106.666666666667</dst>
            <dst id="SNVAng">40788.904</dst>
            <dst id="STTLng">43738.816</dst>
            <dst id="WASHng">1111.85066666667</dst>
        </src>
        <src id="STTLng">
            <dst id="ATLA-M5">121.325333333333</dst>
            <dst id="ATLAng">10065.3253333333</dst>
            <dst id="CHINng">32734.1973333333</dst>
            <dst id="DNVRng">4920.528</dst>
            <dst id="HSTNng">3136.064</dst>
            <dst id="IPLSng">9493.09333333333</dst>
            <dst id="KSCYng">3275.26133333333</dst>
            <dst id="LOSAng">1931.392</dst>
            <dst id="NYCMng">30097.5733333333</dst>
            <dst id="SNVAng">15819.6826666667</dst>
            <dst id="STTLng">4003.88</dst>
            <dst id="WASHng">70143.6186666666</dst>
        </src>
        <src id="WASHng">
            <dst id="ATLA-M5">1040.24</dst>
            <dst id="ATLAng">102748.098666667</dst>
            <dst id="CHINng">87164.8053333333</dst>
            <dst id="DNVRng">33292.3866666667</dst>
            <dst id="HSTNng">26576.2906666667</dst>
            <dst id="IPLSng">38403.5173333333</dst>
            <dst id="KSCYng">40953.7253333333</dst>
            <dst id="LOSAng">62930.7253333333</dst>
            <dst id="NYCMng">150328.106666667</dst>
            <dst id="SNVAng">30709.3706666667</dst>
            <dst id="STTLng">24472.44</dst>
            <dst id="WASHng">419432.933333333</dst>
        </src>
    </IntraTM>
</TrafficMatrixFile>
