<?xml version="1.0" encoding="ISO-8859-1" standalone="yes"?>
<TrafficMatrixFile xsi:noNamespaceSchemaLocation="http://totem.run.montefiore.ulg.ac.be/Schema/TrafficMatrix-v1_2.xsd" xmlns:xsi="http://www.w3.org/2001/XMLSchema-instance">
    <IntraTM ASID="11537">
        <src id="ATLA-M5">
            <dst id="ATLA-M5">0</dst>
            <dst id="ATLAng">53.3333333333333</dst>
            <dst id="CHINng">26.6666666666667</dst>
            <dst id="DNVRng">0</dst>
            <dst id="HSTNng">0</dst>
            <dst id="IPLSng">26.6666666666667</dst>
            <dst id="KSCYng">0</dst>
            <dst id="LOSAng">69.8933333333333</dst>
            <dst id="NYCMng">26.6666666666667</dst>
            <dst id="SNVAng">69.8933333333333</dst>
            <dst id="STTLng">0</dst>
            <dst id="WASHng">26.6666666666667</dst>
        </src>
        <src id="ATLAng">
            <dst id="ATLA-M5">123.346666666667</dst>
            <dst id="ATLAng">22069.2826666667</dst>
            <dst id="CHINng">9037.824</dst>
            <dst id="DNVRng">4152.94133333333</dst>
            <dst id="HSTNng">1876.376</dst>
            <dst id="IPLSng">12635.9973333333</dst>
            <dst id="KSCYng">295.445333333333</dst>
            <dst id="LOSAng">3228.42</dst>
            <dst id="NYCMng">5148.47466666667</dst>
            <dst id="SNVAng">2583.86533333333</dst>
            <dst id="STTLng">1672.64</dst>
            <dst id="WASHng">19886.7413333333</dst>
        </src>
        <src id="CHINng">
            <dst id="ATLA-M5">53.3333333333333</dst>
            <dst id="ATLAng">10930.704</dst>
            <dst id="CHINng">96777.8933333333</dst>
            <dst id="DNVRng">905.648</dst>
            <dst id="HSTNng">2429.51733333333</dst>
            <dst id="IPLSng">12685.2933333333</dst>
            <dst id="KSCYng">4584.06666666667</dst>
            <dst id="LOSAng">903.544</dst>
            <dst id="NYCMng">12869.8106666667</dst>
            <dst id="SNVAng">19967.6853333333</dst>
            <dst id="STTLng">7063.86133333333</dst>
            <dst id="WASHng">40511.64</dst>
        </src>
        <src id="DNVRng">
            <dst id="ATLA-M5">0</dst>
            <dst id="ATLAng">2442.23466666667</dst>
            <dst id="CHINng">25715.5813333333</dst>
            <dst id="DNVRng">22350.096</dst>
            <dst id="HSTNng">19266.176</dst>
            <dst id="IPLSng">11192.9386666667</dst>
            <dst id="KSCYng">15192.4986666667</dst>
            <dst id="LOSAng">1833.74666666667</dst>
            <dst id="NYCMng">10278.3546666667</dst>
            <dst id="SNVAng">21390.3413333333</dst>
            <dst id="STTLng">5307.30933333333</dst>
            <dst id="WASHng">37519.5013333333</dst>
        </src>
        <src id="HSTNng">
            <dst id="ATLA-M5">90.2293333333333</dst>
            <dst id="ATLAng">816.68</dst>
            <dst id="CHINng">5817.736</dst>
            <dst id="DNVRng">1103.824</dst>
            <dst id="HSTNng">19005.872</dst>
            <dst id="IPLSng">2006.21333333333</dst>
            <dst id="KSCYng">1191.84533333333</dst>
            <dst id="LOSAng">1432.64266666667</dst>
            <dst id="NYCMng">1427.66933333333</dst>
            <dst id="SNVAng">53.3333333333333</dst>
            <dst id="STTLng">1686.12266666667</dst>
            <dst id="WASHng">2929.728</dst>
        </src>
        <src id="IPLSng">
            <dst id="ATLA-M5">26.6666666666667</dst>
            <dst id="ATLAng">3552.45333333333</dst>
            <dst id="CHINng">28711.2293333333</dst>
            <dst id="DNVRng">7354.576</dst>
            <dst id="HSTNng">110.616</dst>
            <dst id="IPLSng">13167.016</dst>
            <dst id="KSCYng">953.968</dst>
            <dst id="LOSAng">449.736</dst>
            <dst id="NYCMng">4562.33866666667</dst>
            <dst id="SNVAng">3603.832</dst>
            <dst id="STTLng">19415.76</dst>
            <dst id="WASHng">7480.92533333333</dst>
        </src>
        <src id="KSCYng">
            <dst id="ATLA-M5">45.56</dst>
            <dst id="ATLAng">1830.65066666667</dst>
            <dst id="CHINng">7325.47733333333</dst>
            <dst id="DNVRng">3742.23466666667</dst>
            <dst id="HSTNng">2942.17333333333</dst>
            <dst id="IPLSng">8481.12</dst>
            <dst id="KSCYng">4718.38133333333</dst>
            <dst id="LOSAng">106.666666666667</dst>
            <dst id="NYCMng">646.936</dst>
            <dst id="SNVAng">4393.144</dst>
            <dst id="STTLng">1884.34133333333</dst>
            <dst id="WASHng">5179.424</dst>
        </src>
        <src id="LOSAng">
            <dst id="ATLA-M5">0</dst>
            <dst id="ATLAng">1873.00533333333</dst>
            <dst id="CHINng">3370.12533333333</dst>
            <dst id="DNVRng">1965.81866666667</dst>
            <dst id="HSTNng">1063.36533333333</dst>
            <dst id="IPLSng">1156.50133333333</dst>
            <dst id="KSCYng">334.506666666667</dst>
            <dst id="LOSAng">4475.504</dst>
            <dst id="NYCMng">4666.45866666667</dst>
            <dst id="SNVAng">4785.87733333333</dst>
            <dst id="STTLng">7142.592</dst>
            <dst id="WASHng">17573.568</dst>
        </src>
        <src id="NYCMng">
            <dst id="ATLA-M5">498.333333333333</dst>
            <dst id="ATLAng">10931.8506666667</dst>
            <dst id="CHINng">24711.9226666667</dst>
            <dst id="DNVRng">28774.84</dst>
            <dst id="HSTNng">10041.4186666667</dst>
            <dst id="IPLSng">8284.62666666667</dst>
            <dst id="KSCYng">1817.424</dst>
            <dst id="LOSAng">5504.13333333333</dst>
            <dst id="NYCMng">76940.264</dst>
            <dst id="SNVAng">30673.6026666667</dst>
            <dst id="STTLng">26386.312</dst>
            <dst id="WASHng">34703.432</dst>
        </src>
        <src id="SNVAng">
            <dst id="ATLA-M5">0</dst>
            <dst id="ATLAng">1106.544</dst>
            <dst id="CHINng">89.5786666666666</dst>
            <dst id="DNVRng">8198.552</dst>
            <dst id="HSTNng">2809.97866666667</dst>
            <dst id="IPLSng">800.757333333333</dst>
            <dst id="KSCYng">283.496</dst>
            <dst id="LOSAng">1916.24</dst>
            <dst id="NYCMng">2066.30666666667</dst>
            <dst id="SNVAng">33724.544</dst>
            <dst id="STTLng">37112.5546666667</dst>
            <dst id="WASHng">1254.36266666667</dst>
        </src>
        <src id="STTLng">
            <dst id="ATLA-M5">0</dst>
            <dst id="ATLAng">3700.08533333333</dst>
            <dst id="CHINng">7382.64533333333</dst>
            <dst id="DNVRng">3469.02133333333</dst>
            <dst id="HSTNng">1978.31466666667</dst>
            <dst id="IPLSng">3000.42933333333</dst>
            <dst id="KSCYng">2732.18133333333</dst>
            <dst id="LOSAng">3979.64533333333</dst>
            <dst id="NYCMng">5940.61333333334</dst>
            <dst id="SNVAng">19741.5653333333</dst>
            <dst id="STTLng">977.957333333333</dst>
            <dst id="WASHng">3947.14666666667</dst>
        </src>
        <src id="WASHng">
            <dst id="ATLA-M5">558.005333333333</dst>
            <dst id="ATLAng">91812.56</dst>
            <dst id="CHINng">53843.8373333333</dst>
            <dst id="DNVRng">22754.256</dst>
            <dst id="HSTNng">28333.1146666667</dst>
            <dst id="IPLSng">30342.0373333333</dst>
            <dst id="KSCYng">28349.864</dst>
            <dst id="LOSAng">43124.656</dst>
            <dst id="NYCMng">126671.856</dst>
            <dst id="SNVAng">28465.096</dst>
            <dst id="STTLng">35254.5733333333</dst>
            <dst id="WASHng">197282.584</dst>
        </src>
    </IntraTM>
</TrafficMatrixFile>
