<?xml version="1.0" encoding="ISO-8859-1" standalone="yes"?>
<TrafficMatrixFile xsi:noNamespaceSchemaLocation="http://totem.run.montefiore.ulg.ac.be/Schema/TrafficMatrix-v1_2.xsd" xmlns:xsi="http://www.w3.org/2001/XMLSchema-instance">
    <IntraTM ASID="11537">
        <src id="ATLA-M5">
            <dst id="ATLA-M5">26.6666666666667</dst>
            <dst id="ATLAng">0</dst>
            <dst id="CHINng">30.6426666666667</dst>
            <dst id="DNVRng">1127.17866666667</dst>
            <dst id="HSTNng">0</dst>
            <dst id="IPLSng">0</dst>
            <dst id="KSCYng">0</dst>
            <dst id="LOSAng">26.6666666666667</dst>
            <dst id="NYCMng">26.6666666666667</dst>
            <dst id="SNVAng">48.184</dst>
            <dst id="STTLng">54.8746666666667</dst>
            <dst id="WASHng">216.026666666667</dst>
        </src>
        <src id="ATLAng">
            <dst id="ATLA-M5">168</dst>
            <dst id="ATLAng">22651.6266666667</dst>
            <dst id="CHINng">4901.56266666667</dst>
            <dst id="DNVRng">2523.74133333333</dst>
            <dst id="HSTNng">834.336</dst>
            <dst id="IPLSng">11506.1386666667</dst>
            <dst id="KSCYng">375.693333333333</dst>
            <dst id="LOSAng">12602.9213333333</dst>
            <dst id="NYCMng">2269.19733333333</dst>
            <dst id="SNVAng">971.532</dst>
            <dst id="STTLng">6585.672</dst>
            <dst id="WASHng">35878.3946666667</dst>
        </src>
        <src id="CHINng">
            <dst id="ATLA-M5">0</dst>
            <dst id="ATLAng">5102.39466666667</dst>
            <dst id="CHINng">32601.6533333333</dst>
            <dst id="DNVRng">4664.02933333333</dst>
            <dst id="HSTNng">21905.896</dst>
            <dst id="IPLSng">14890.024</dst>
            <dst id="KSCYng">4092.10933333333</dst>
            <dst id="LOSAng">20453.2</dst>
            <dst id="NYCMng">21076.9386666667</dst>
            <dst id="SNVAng">309.794666666667</dst>
            <dst id="STTLng">9840.78933333334</dst>
            <dst id="WASHng">7536.21866666667</dst>
        </src>
        <src id="DNVRng">
            <dst id="ATLA-M5">240.576</dst>
            <dst id="ATLAng">2327.776</dst>
            <dst id="CHINng">38325.24</dst>
            <dst id="DNVRng">10534.7386666667</dst>
            <dst id="HSTNng">22797.416</dst>
            <dst id="IPLSng">36539.336</dst>
            <dst id="KSCYng">17556.688</dst>
            <dst id="LOSAng">2941.70933333333</dst>
            <dst id="NYCMng">15281.144</dst>
            <dst id="SNVAng">7325.824</dst>
            <dst id="STTLng">3759.04533333333</dst>
            <dst id="WASHng">46971.4</dst>
        </src>
        <src id="HSTNng">
            <dst id="ATLA-M5">0</dst>
            <dst id="ATLAng">3103.49866666667</dst>
            <dst id="CHINng">8302.47466666666</dst>
            <dst id="DNVRng">809.264</dst>
            <dst id="HSTNng">5075.2</dst>
            <dst id="IPLSng">2606.53333333333</dst>
            <dst id="KSCYng">849.2</dst>
            <dst id="LOSAng">3870.42933333333</dst>
            <dst id="NYCMng">1695.304</dst>
            <dst id="SNVAng">26.6666666666667</dst>
            <dst id="STTLng">510.016</dst>
            <dst id="WASHng">1770.16266666667</dst>
        </src>
        <src id="IPLSng">
            <dst id="ATLA-M5">26.6666666666667</dst>
            <dst id="ATLAng">4090.41866666667</dst>
            <dst id="CHINng">48341.1786666667</dst>
            <dst id="DNVRng">13666.856</dst>
            <dst id="HSTNng">355.496</dst>
            <dst id="IPLSng">2012.544</dst>
            <dst id="KSCYng">1539.784</dst>
            <dst id="LOSAng">10956.6426666667</dst>
            <dst id="NYCMng">19003.8026666667</dst>
            <dst id="SNVAng">266.861333333333</dst>
            <dst id="STTLng">4899.69866666667</dst>
            <dst id="WASHng">8700.736</dst>
        </src>
        <src id="KSCYng">
            <dst id="ATLA-M5">0</dst>
            <dst id="ATLAng">3604.25333333333</dst>
            <dst id="CHINng">6277.504</dst>
            <dst id="DNVRng">5137.8</dst>
            <dst id="HSTNng">6218.51733333333</dst>
            <dst id="IPLSng">9494.93866666667</dst>
            <dst id="KSCYng">6465.05066666667</dst>
            <dst id="LOSAng">3153.40533333333</dst>
            <dst id="NYCMng">1318.19733333333</dst>
            <dst id="SNVAng">9461.34133333333</dst>
            <dst id="STTLng">732.981333333333</dst>
            <dst id="WASHng">9412.952</dst>
        </src>
        <src id="LOSAng">
            <dst id="ATLA-M5">0</dst>
            <dst id="ATLAng">9187.38133333333</dst>
            <dst id="CHINng">32238.208</dst>
            <dst id="DNVRng">13401.184</dst>
            <dst id="HSTNng">5130.41333333333</dst>
            <dst id="IPLSng">16205.6346666667</dst>
            <dst id="KSCYng">7312.20533333333</dst>
            <dst id="LOSAng">19082.3813333333</dst>
            <dst id="NYCMng">17760</dst>
            <dst id="SNVAng">24298.7946666667</dst>
            <dst id="STTLng">28180.776</dst>
            <dst id="WASHng">82555.8106666667</dst>
        </src>
        <src id="NYCMng">
            <dst id="ATLA-M5">223.242666666667</dst>
            <dst id="ATLAng">6782.86666666667</dst>
            <dst id="CHINng">17987.8666666667</dst>
            <dst id="DNVRng">20859.5173333333</dst>
            <dst id="HSTNng">3494.18666666667</dst>
            <dst id="IPLSng">5979.29866666667</dst>
            <dst id="KSCYng">5836.23733333333</dst>
            <dst id="LOSAng">52320.76</dst>
            <dst id="NYCMng">48723.416</dst>
            <dst id="SNVAng">595.981333333333</dst>
            <dst id="STTLng">13912.7706666667</dst>
            <dst id="WASHng">26831.0133333333</dst>
        </src>
        <src id="SNVAng">
            <dst id="ATLA-M5">0</dst>
            <dst id="ATLAng">26.6666666666667</dst>
            <dst id="CHINng">26.6666666666667</dst>
            <dst id="DNVRng">9385.584</dst>
            <dst id="HSTNng">0</dst>
            <dst id="IPLSng">159.253333333333</dst>
            <dst id="KSCYng">26.6666666666667</dst>
            <dst id="LOSAng">34054.576</dst>
            <dst id="NYCMng">0</dst>
            <dst id="SNVAng">9146.85866666667</dst>
            <dst id="STTLng">38619.176</dst>
            <dst id="WASHng">53.3333333333333</dst>
        </src>
        <src id="STTLng">
            <dst id="ATLA-M5">86.2293333333333</dst>
            <dst id="ATLAng">6236.968</dst>
            <dst id="CHINng">7724.19466666667</dst>
            <dst id="DNVRng">1952.616</dst>
            <dst id="HSTNng">606.04</dst>
            <dst id="IPLSng">5164.95466666667</dst>
            <dst id="KSCYng">2157.208</dst>
            <dst id="LOSAng">13074.296</dst>
            <dst id="NYCMng">9781.456</dst>
            <dst id="SNVAng">14644.6453333333</dst>
            <dst id="STTLng">790.528</dst>
            <dst id="WASHng">8028.58666666667</dst>
        </src>
        <src id="WASHng">
            <dst id="ATLA-M5">304</dst>
            <dst id="ATLAng">69029.328</dst>
            <dst id="CHINng">62368.736</dst>
            <dst id="DNVRng">51834.128</dst>
            <dst id="HSTNng">19597.0373333333</dst>
            <dst id="IPLSng">50731.6933333333</dst>
            <dst id="KSCYng">47450.3413333333</dst>
            <dst id="LOSAng">113439.037333333</dst>
            <dst id="NYCMng">154724.525333333</dst>
            <dst id="SNVAng">850.229333333333</dst>
            <dst id="STTLng">43912.72</dst>
            <dst id="WASHng">250630.626666667</dst>
        </src>
    </IntraTM>
</TrafficMatrixFile>
