<?xml version="1.0" encoding="ISO-8859-1" standalone="yes"?>
<TrafficMatrixFile xsi:noNamespaceSchemaLocation="http://totem.run.montefiore.ulg.ac.be/Schema/TrafficMatrix-v1_2.xsd" xmlns:xsi="http://www.w3.org/2001/XMLSchema-instance">
    <IntraTM ASID="11537">
        <src id="ATLA-M5">
            <dst id="ATLA-M5">219.274666666667</dst>
            <dst id="ATLAng">178.434666666667</dst>
            <dst id="CHINng">54.368</dst>
            <dst id="DNVRng">0</dst>
            <dst id="HSTNng">55.504</dst>
            <dst id="IPLSng">157.554666666667</dst>
            <dst id="KSCYng">26.6666666666667</dst>
            <dst id="LOSAng">26.944</dst>
            <dst id="NYCMng">0</dst>
            <dst id="SNVAng">0</dst>
            <dst id="STTLng">26.6666666666667</dst>
            <dst id="WASHng">689.149333333333</dst>
        </src>
        <src id="ATLAng">
            <dst id="ATLA-M5">132.210666666667</dst>
            <dst id="ATLAng">31243.712</dst>
            <dst id="CHINng">6222.66933333334</dst>
            <dst id="DNVRng">4085.34933333333</dst>
            <dst id="HSTNng">1030.84266666667</dst>
            <dst id="IPLSng">19568.056</dst>
            <dst id="KSCYng">633.229333333333</dst>
            <dst id="LOSAng">10026.5186666667</dst>
            <dst id="NYCMng">6185.456</dst>
            <dst id="SNVAng">8364.22</dst>
            <dst id="STTLng">1949.56266666667</dst>
            <dst id="WASHng">48344.4586666667</dst>
        </src>
        <src id="CHINng">
            <dst id="ATLA-M5">398.005333333333</dst>
            <dst id="ATLAng">9086.99466666667</dst>
            <dst id="CHINng">75579.4293333333</dst>
            <dst id="DNVRng">1202.208</dst>
            <dst id="HSTNng">3399.49333333333</dst>
            <dst id="IPLSng">13973.2906666667</dst>
            <dst id="KSCYng">7606.19733333333</dst>
            <dst id="LOSAng">3836.69333333333</dst>
            <dst id="NYCMng">8342.70666666667</dst>
            <dst id="SNVAng">21364.768</dst>
            <dst id="STTLng">6277.02666666667</dst>
            <dst id="WASHng">18893.7946666667</dst>
        </src>
        <src id="DNVRng">
            <dst id="ATLA-M5">155.477333333333</dst>
            <dst id="ATLAng">5284.44266666667</dst>
            <dst id="CHINng">53457.1493333333</dst>
            <dst id="DNVRng">26587.0746666667</dst>
            <dst id="HSTNng">20658.048</dst>
            <dst id="IPLSng">23281.7386666667</dst>
            <dst id="KSCYng">21330.0906666667</dst>
            <dst id="LOSAng">544.426666666667</dst>
            <dst id="NYCMng">14202.5306666667</dst>
            <dst id="SNVAng">19265.208</dst>
            <dst id="STTLng">4103.784</dst>
            <dst id="WASHng">52189.8933333333</dst>
        </src>
        <src id="HSTNng">
            <dst id="ATLA-M5">3134.80533333333</dst>
            <dst id="ATLAng">4608.49066666667</dst>
            <dst id="CHINng">11684.7626666667</dst>
            <dst id="DNVRng">600.570666666667</dst>
            <dst id="HSTNng">12567.5733333333</dst>
            <dst id="IPLSng">1937.80533333333</dst>
            <dst id="KSCYng">744.210666666666</dst>
            <dst id="LOSAng">949.525333333333</dst>
            <dst id="NYCMng">3076.01866666667</dst>
            <dst id="SNVAng">143.042666666667</dst>
            <dst id="STTLng">996.605333333333</dst>
            <dst id="WASHng">2395.74133333333</dst>
        </src>
        <src id="IPLSng">
            <dst id="ATLA-M5">26.6666666666667</dst>
            <dst id="ATLAng">5305.85066666667</dst>
            <dst id="CHINng">60646.4</dst>
            <dst id="DNVRng">4544.81866666667</dst>
            <dst id="HSTNng">1337.424</dst>
            <dst id="IPLSng">6013.36</dst>
            <dst id="KSCYng">1364.94133333333</dst>
            <dst id="LOSAng">6444.04533333333</dst>
            <dst id="NYCMng">14691.144</dst>
            <dst id="SNVAng">6379.53333333333</dst>
            <dst id="STTLng">12259.4986666667</dst>
            <dst id="WASHng">16673.088</dst>
        </src>
        <src id="KSCYng">
            <dst id="ATLA-M5">26.6666666666667</dst>
            <dst id="ATLAng">2828.65866666667</dst>
            <dst id="CHINng">19341.5626666667</dst>
            <dst id="DNVRng">3722.12533333333</dst>
            <dst id="HSTNng">4111.68533333333</dst>
            <dst id="IPLSng">11712.864</dst>
            <dst id="KSCYng">8709.39466666667</dst>
            <dst id="LOSAng">160</dst>
            <dst id="NYCMng">2270.976</dst>
            <dst id="SNVAng">4601.90933333333</dst>
            <dst id="STTLng">699.597333333333</dst>
            <dst id="WASHng">6199.096</dst>
        </src>
        <src id="LOSAng">
            <dst id="ATLA-M5">26.6666666666667</dst>
            <dst id="ATLAng">12266.1386666667</dst>
            <dst id="CHINng">106816.058666667</dst>
            <dst id="DNVRng">8043.98666666667</dst>
            <dst id="HSTNng">2422.36533333333</dst>
            <dst id="IPLSng">14555.032</dst>
            <dst id="KSCYng">1272.968</dst>
            <dst id="LOSAng">18753.872</dst>
            <dst id="NYCMng">25416.5253333333</dst>
            <dst id="SNVAng">24770.9493333333</dst>
            <dst id="STTLng">21338.8213333333</dst>
            <dst id="WASHng">80748.0293333333</dst>
        </src>
        <src id="NYCMng">
            <dst id="ATLA-M5">316.901333333333</dst>
            <dst id="ATLAng">17471.264</dst>
            <dst id="CHINng">35149.4666666667</dst>
            <dst id="DNVRng">21348.5386666667</dst>
            <dst id="HSTNng">3936.176</dst>
            <dst id="IPLSng">10154.072</dst>
            <dst id="KSCYng">3997.68266666667</dst>
            <dst id="LOSAng">6609.20266666667</dst>
            <dst id="NYCMng">118455.557333333</dst>
            <dst id="SNVAng">39089.2426666667</dst>
            <dst id="STTLng">17371.056</dst>
            <dst id="WASHng">45962.4746666667</dst>
        </src>
        <src id="SNVAng">
            <dst id="ATLA-M5">0</dst>
            <dst id="ATLAng">76.2133333333333</dst>
            <dst id="CHINng">109.112</dst>
            <dst id="DNVRng">1598.61333333333</dst>
            <dst id="HSTNng">113.04</dst>
            <dst id="IPLSng">333.978666666667</dst>
            <dst id="KSCYng">26.6666666666667</dst>
            <dst id="LOSAng">1453</dst>
            <dst id="NYCMng">233.466666666667</dst>
            <dst id="SNVAng">36907.4106666667</dst>
            <dst id="STTLng">36099.1706666667</dst>
            <dst id="WASHng">426.970666666667</dst>
        </src>
        <src id="STTLng">
            <dst id="ATLA-M5">128.898666666667</dst>
            <dst id="ATLAng">7603.06666666667</dst>
            <dst id="CHINng">22888.776</dst>
            <dst id="DNVRng">3986.94933333333</dst>
            <dst id="HSTNng">4570.72266666667</dst>
            <dst id="IPLSng">11422.3973333333</dst>
            <dst id="KSCYng">1777.50666666667</dst>
            <dst id="LOSAng">2728.496</dst>
            <dst id="NYCMng">10229.3413333333</dst>
            <dst id="SNVAng">11415.2213333333</dst>
            <dst id="STTLng">1519.79733333333</dst>
            <dst id="WASHng">81066.768</dst>
        </src>
        <src id="WASHng">
            <dst id="ATLA-M5">131.826666666667</dst>
            <dst id="ATLAng">166925.666666667</dst>
            <dst id="CHINng">66750.304</dst>
            <dst id="DNVRng">33060.392</dst>
            <dst id="HSTNng">15377.5546666667</dst>
            <dst id="IPLSng">19023.896</dst>
            <dst id="KSCYng">28218.7253333333</dst>
            <dst id="LOSAng">61823.592</dst>
            <dst id="NYCMng">165326.186666667</dst>
            <dst id="SNVAng">33532.104</dst>
            <dst id="STTLng">27372.6053333333</dst>
            <dst id="WASHng">275391.626666667</dst>
        </src>
    </IntraTM>
</TrafficMatrixFile>
