<?xml version="1.0" encoding="ISO-8859-1" standalone="yes"?>
<TrafficMatrixFile xsi:noNamespaceSchemaLocation="http://totem.run.montefiore.ulg.ac.be/Schema/TrafficMatrix-v1_2.xsd" xmlns:xsi="http://www.w3.org/2001/XMLSchema-instance">
    <IntraTM ASID="11537">
        <src id="ATLA-M5">
            <dst id="ATLA-M5">0</dst>
            <dst id="ATLAng">26.6666666666667</dst>
            <dst id="CHINng">182.938666666667</dst>
            <dst id="DNVRng">0</dst>
            <dst id="HSTNng">69.36</dst>
            <dst id="IPLSng">67.3066666666667</dst>
            <dst id="KSCYng">0</dst>
            <dst id="LOSAng">92.7893333333333</dst>
            <dst id="NYCMng">445.429333333333</dst>
            <dst id="SNVAng">0</dst>
            <dst id="STTLng">26.6666666666667</dst>
            <dst id="WASHng">798.72</dst>
        </src>
        <src id="ATLAng">
            <dst id="ATLA-M5">190.08</dst>
            <dst id="ATLAng">19517.48</dst>
            <dst id="CHINng">5152.79733333333</dst>
            <dst id="DNVRng">3087.304</dst>
            <dst id="HSTNng">39080.296</dst>
            <dst id="IPLSng">34965.7626666667</dst>
            <dst id="KSCYng">2291.56266666667</dst>
            <dst id="LOSAng">9403.936</dst>
            <dst id="NYCMng">2755.26666666667</dst>
            <dst id="SNVAng">64.2773333333333</dst>
            <dst id="STTLng">2776.216</dst>
            <dst id="WASHng">23869.5306666667</dst>
        </src>
        <src id="CHINng">
            <dst id="ATLA-M5">44.3093333333333</dst>
            <dst id="ATLAng">20742.4693333333</dst>
            <dst id="CHINng">77040.4293333333</dst>
            <dst id="DNVRng">4156.78933333333</dst>
            <dst id="HSTNng">7430.25866666667</dst>
            <dst id="IPLSng">74359.3466666667</dst>
            <dst id="KSCYng">7673.18666666667</dst>
            <dst id="LOSAng">30644.5573333333</dst>
            <dst id="NYCMng">9424.16</dst>
            <dst id="SNVAng">1112.464</dst>
            <dst id="STTLng">3594.65066666667</dst>
            <dst id="WASHng">13234.9626666667</dst>
        </src>
        <src id="DNVRng">
            <dst id="ATLA-M5">105.92</dst>
            <dst id="ATLAng">3224.85066666667</dst>
            <dst id="CHINng">33884.6053333333</dst>
            <dst id="DNVRng">13603.3333333333</dst>
            <dst id="HSTNng">22158.1626666667</dst>
            <dst id="IPLSng">31804.2613333333</dst>
            <dst id="KSCYng">27785.2373333333</dst>
            <dst id="LOSAng">19836.9706666667</dst>
            <dst id="NYCMng">14606.7066666667</dst>
            <dst id="SNVAng">8247.68533333333</dst>
            <dst id="STTLng">7986.05333333333</dst>
            <dst id="WASHng">37153.3093333333</dst>
        </src>
        <src id="HSTNng">
            <dst id="ATLA-M5">1957.352</dst>
            <dst id="ATLAng">2634.57066666667</dst>
            <dst id="CHINng">9360.45333333333</dst>
            <dst id="DNVRng">1022.24</dst>
            <dst id="HSTNng">17375.448</dst>
            <dst id="IPLSng">3325.64533333333</dst>
            <dst id="KSCYng">2927.064</dst>
            <dst id="LOSAng">2025.41333333333</dst>
            <dst id="NYCMng">4992.46666666667</dst>
            <dst id="SNVAng">0</dst>
            <dst id="STTLng">871.256</dst>
            <dst id="WASHng">4775.87733333333</dst>
        </src>
        <src id="IPLSng">
            <dst id="ATLA-M5">2934.528</dst>
            <dst id="ATLAng">5672.54666666667</dst>
            <dst id="CHINng">47299.6426666667</dst>
            <dst id="DNVRng">8312.352</dst>
            <dst id="HSTNng">2125.26933333333</dst>
            <dst id="IPLSng">9172.46666666667</dst>
            <dst id="KSCYng">6168.456</dst>
            <dst id="LOSAng">15700.8213333333</dst>
            <dst id="NYCMng">29011.1786666667</dst>
            <dst id="SNVAng">1885.76</dst>
            <dst id="STTLng">4790.74133333333</dst>
            <dst id="WASHng">15651.4826666667</dst>
        </src>
        <src id="KSCYng">
            <dst id="ATLA-M5">0</dst>
            <dst id="ATLAng">2719.01866666667</dst>
            <dst id="CHINng">13757.9653333333</dst>
            <dst id="DNVRng">5309.01866666667</dst>
            <dst id="HSTNng">5114.97866666667</dst>
            <dst id="IPLSng">10927.8346666667</dst>
            <dst id="KSCYng">10711.0773333333</dst>
            <dst id="LOSAng">3218.584</dst>
            <dst id="NYCMng">751.858666666667</dst>
            <dst id="SNVAng">2456.46933333333</dst>
            <dst id="STTLng">3660.19466666667</dst>
            <dst id="WASHng">8877.872</dst>
        </src>
        <src id="LOSAng">
            <dst id="ATLA-M5">26.6666666666667</dst>
            <dst id="ATLAng">19953.3413333333</dst>
            <dst id="CHINng">59892.0346666667</dst>
            <dst id="DNVRng">6808.15733333333</dst>
            <dst id="HSTNng">2882.97333333333</dst>
            <dst id="IPLSng">24663.8213333333</dst>
            <dst id="KSCYng">2963.70666666667</dst>
            <dst id="LOSAng">7104.768</dst>
            <dst id="NYCMng">49601.528</dst>
            <dst id="SNVAng">22683.056</dst>
            <dst id="STTLng">20519.12</dst>
            <dst id="WASHng">123904.077333333</dst>
        </src>
        <src id="NYCMng">
            <dst id="ATLA-M5">1164.86933333333</dst>
            <dst id="ATLAng">9522.13866666667</dst>
            <dst id="CHINng">17255.7173333333</dst>
            <dst id="DNVRng">24203.3386666667</dst>
            <dst id="HSTNng">5628.392</dst>
            <dst id="IPLSng">32093.84</dst>
            <dst id="KSCYng">7346.93333333333</dst>
            <dst id="LOSAng">67248.4533333333</dst>
            <dst id="NYCMng">85705.6666666667</dst>
            <dst id="SNVAng">1982.18133333333</dst>
            <dst id="STTLng">22364.0613333333</dst>
            <dst id="WASHng">50163.5066666667</dst>
        </src>
        <src id="SNVAng">
            <dst id="ATLA-M5">0</dst>
            <dst id="ATLAng">53.3333333333333</dst>
            <dst id="CHINng">269.984</dst>
            <dst id="DNVRng">1405.65066666667</dst>
            <dst id="HSTNng">0</dst>
            <dst id="IPLSng">338.765333333333</dst>
            <dst id="KSCYng">0</dst>
            <dst id="LOSAng">29390.4853333333</dst>
            <dst id="NYCMng">7994.984</dst>
            <dst id="SNVAng">8778.384</dst>
            <dst id="STTLng">39088.9253333333</dst>
            <dst id="WASHng">80</dst>
        </src>
        <src id="STTLng">
            <dst id="ATLA-M5">33.952</dst>
            <dst id="ATLAng">8068.08</dst>
            <dst id="CHINng">16771.176</dst>
            <dst id="DNVRng">1855.40266666667</dst>
            <dst id="HSTNng">1267.992</dst>
            <dst id="IPLSng">20094.9626666667</dst>
            <dst id="KSCYng">1890.98133333333</dst>
            <dst id="LOSAng">19845.7413333333</dst>
            <dst id="NYCMng">15534.0746666667</dst>
            <dst id="SNVAng">7616.80266666667</dst>
            <dst id="STTLng">1477.34666666667</dst>
            <dst id="WASHng">6853.00533333333</dst>
        </src>
        <src id="WASHng">
            <dst id="ATLA-M5">244.053333333333</dst>
            <dst id="ATLAng">92758.9306666667</dst>
            <dst id="CHINng">49782.1866666667</dst>
            <dst id="DNVRng">38859.2186666667</dst>
            <dst id="HSTNng">18381.424</dst>
            <dst id="IPLSng">40603.4453333333</dst>
            <dst id="KSCYng">31584.1493333333</dst>
            <dst id="LOSAng">107596.066666667</dst>
            <dst id="NYCMng">114185.266666667</dst>
            <dst id="SNVAng">5407.88</dst>
            <dst id="STTLng">23849.4453333333</dst>
            <dst id="WASHng">169468.013333333</dst>
        </src>
    </IntraTM>
</TrafficMatrixFile>
