<?xml version="1.0" encoding="ISO-8859-1" standalone="yes"?>
<TrafficMatrixFile xsi:noNamespaceSchemaLocation="http://totem.run.montefiore.ulg.ac.be/Schema/TrafficMatrix-v1_2.xsd" xmlns:xsi="http://www.w3.org/2001/XMLSchema-instance">
    <IntraTM ASID="11537">
        <src id="ATLA-M5">
            <dst id="ATLA-M5">4019.89866666667</dst>
            <dst id="ATLAng">416.213333333333</dst>
            <dst id="CHINng">710.205333333333</dst>
            <dst id="DNVRng">60.6933333333333</dst>
            <dst id="HSTNng">159.272</dst>
            <dst id="IPLSng">53.3333333333333</dst>
            <dst id="KSCYng">120.682666666667</dst>
            <dst id="LOSAng">317.621333333333</dst>
            <dst id="NYCMng">118.053333333333</dst>
            <dst id="SNVAng">59.6106666666667</dst>
            <dst id="STTLng">98.7733333333333</dst>
            <dst id="WASHng">626.125333333333</dst>
        </src>
        <src id="ATLAng">
            <dst id="ATLA-M5">219.954666666667</dst>
            <dst id="ATLAng">52540.7013333333</dst>
            <dst id="CHINng">14393.6026666667</dst>
            <dst id="DNVRng">6149.79733333333</dst>
            <dst id="HSTNng">39882.72</dst>
            <dst id="IPLSng">20158.152</dst>
            <dst id="KSCYng">2377.17066666667</dst>
            <dst id="LOSAng">6195.21733333333</dst>
            <dst id="NYCMng">11320.2773333333</dst>
            <dst id="SNVAng">8508.60666666667</dst>
            <dst id="STTLng">2243.23466666667</dst>
            <dst id="WASHng">53163.8053333333</dst>
        </src>
        <src id="CHINng">
            <dst id="ATLA-M5">813.952</dst>
            <dst id="ATLAng">30009.0266666667</dst>
            <dst id="CHINng">124419.768</dst>
            <dst id="DNVRng">13876.2</dst>
            <dst id="HSTNng">12852.6666666667</dst>
            <dst id="IPLSng">71094.5093333333</dst>
            <dst id="KSCYng">16622.3093333333</dst>
            <dst id="LOSAng">8478.65866666667</dst>
            <dst id="NYCMng">21390.72</dst>
            <dst id="SNVAng">28782.3466666667</dst>
            <dst id="STTLng">10079.8533333333</dst>
            <dst id="WASHng">36823.888</dst>
        </src>
        <src id="DNVRng">
            <dst id="ATLA-M5">132.376</dst>
            <dst id="ATLAng">13324.8133333333</dst>
            <dst id="CHINng">75644.5066666667</dst>
            <dst id="DNVRng">17378.888</dst>
            <dst id="HSTNng">63869.2773333333</dst>
            <dst id="IPLSng">28083.976</dst>
            <dst id="KSCYng">53236.0266666667</dst>
            <dst id="LOSAng">16532.5626666667</dst>
            <dst id="NYCMng">23139.4106666667</dst>
            <dst id="SNVAng">52928.3813333333</dst>
            <dst id="STTLng">17850.9493333333</dst>
            <dst id="WASHng">76972.04</dst>
        </src>
        <src id="HSTNng">
            <dst id="ATLA-M5">1564.94133333333</dst>
            <dst id="ATLAng">10752.7066666667</dst>
            <dst id="CHINng">16691.3813333333</dst>
            <dst id="DNVRng">3390.06133333333</dst>
            <dst id="HSTNng">20274.576</dst>
            <dst id="IPLSng">3334.41866666667</dst>
            <dst id="KSCYng">1802.51466666667</dst>
            <dst id="LOSAng">2552.20266666667</dst>
            <dst id="NYCMng">3609.688</dst>
            <dst id="SNVAng">626.856</dst>
            <dst id="STTLng">1011.29066666667</dst>
            <dst id="WASHng">3923.008</dst>
        </src>
        <src id="IPLSng">
            <dst id="ATLA-M5">189.186666666667</dst>
            <dst id="ATLAng">19113.9626666667</dst>
            <dst id="CHINng">72823.368</dst>
            <dst id="DNVRng">7772.93333333334</dst>
            <dst id="HSTNng">4410.08266666667</dst>
            <dst id="IPLSng">20431.6533333333</dst>
            <dst id="KSCYng">4214.856</dst>
            <dst id="LOSAng">4890.08266666667</dst>
            <dst id="NYCMng">33097.0053333333</dst>
            <dst id="SNVAng">16852.392</dst>
            <dst id="STTLng">12696.0906666667</dst>
            <dst id="WASHng">30810.384</dst>
        </src>
        <src id="KSCYng">
            <dst id="ATLA-M5">457.450666666667</dst>
            <dst id="ATLAng">15335.6266666667</dst>
            <dst id="CHINng">18897.7786666667</dst>
            <dst id="DNVRng">15711.9386666667</dst>
            <dst id="HSTNng">4762.144</dst>
            <dst id="IPLSng">14662.9733333333</dst>
            <dst id="KSCYng">16034.9973333333</dst>
            <dst id="LOSAng">511.402666666667</dst>
            <dst id="NYCMng">2603.14933333333</dst>
            <dst id="SNVAng">4295.32533333333</dst>
            <dst id="STTLng">3327.648</dst>
            <dst id="WASHng">8590.59733333333</dst>
        </src>
        <src id="LOSAng">
            <dst id="ATLA-M5">1798.62933333333</dst>
            <dst id="ATLAng">32259.336</dst>
            <dst id="CHINng">93627.912</dst>
            <dst id="DNVRng">16577.0053333333</dst>
            <dst id="HSTNng">7626.344</dst>
            <dst id="IPLSng">22301.0053333333</dst>
            <dst id="KSCYng">3361.74133333333</dst>
            <dst id="LOSAng">15550.152</dst>
            <dst id="NYCMng">49917.7973333333</dst>
            <dst id="SNVAng">26847.936</dst>
            <dst id="STTLng">18376.856</dst>
            <dst id="WASHng">94996.7413333333</dst>
        </src>
        <src id="NYCMng">
            <dst id="ATLA-M5">1058.46666666667</dst>
            <dst id="ATLAng">33144.8026666667</dst>
            <dst id="CHINng">40533.7306666667</dst>
            <dst id="DNVRng">30170.304</dst>
            <dst id="HSTNng">21912.8346666667</dst>
            <dst id="IPLSng">41991.9733333333</dst>
            <dst id="KSCYng">9128.752</dst>
            <dst id="LOSAng">10881.576</dst>
            <dst id="NYCMng">146326.885333333</dst>
            <dst id="SNVAng">50719.528</dst>
            <dst id="STTLng">15130.752</dst>
            <dst id="WASHng">87382.2693333333</dst>
        </src>
        <src id="SNVAng">
            <dst id="ATLA-M5">0</dst>
            <dst id="ATLAng">789.768</dst>
            <dst id="CHINng">553.034666666667</dst>
            <dst id="DNVRng">44811.7386666667</dst>
            <dst id="HSTNng">80</dst>
            <dst id="IPLSng">345.882666666667</dst>
            <dst id="KSCYng">26.6666666666667</dst>
            <dst id="LOSAng">1355.76533333333</dst>
            <dst id="NYCMng">631.317333333334</dst>
            <dst id="SNVAng">43326.1413333333</dst>
            <dst id="STTLng">38111.3306666667</dst>
            <dst id="WASHng">1735.592</dst>
        </src>
        <src id="STTLng">
            <dst id="ATLA-M5">218.925333333333</dst>
            <dst id="ATLAng">9517.07466666667</dst>
            <dst id="CHINng">30850.1253333333</dst>
            <dst id="DNVRng">7389.208</dst>
            <dst id="HSTNng">3319.70933333333</dst>
            <dst id="IPLSng">9653</dst>
            <dst id="KSCYng">4102.00533333333</dst>
            <dst id="LOSAng">3540.26666666667</dst>
            <dst id="NYCMng">17355.944</dst>
            <dst id="SNVAng">12952.552</dst>
            <dst id="STTLng">7097.384</dst>
            <dst id="WASHng">22615.2906666667</dst>
        </src>
        <src id="WASHng">
            <dst id="ATLA-M5">788.653333333333</dst>
            <dst id="ATLAng">120266.312</dst>
            <dst id="CHINng">117753.002666667</dst>
            <dst id="DNVRng">30997.8133333333</dst>
            <dst id="HSTNng">32520.6213333333</dst>
            <dst id="IPLSng">50216.464</dst>
            <dst id="KSCYng">23501.312</dst>
            <dst id="LOSAng">59449.9893333333</dst>
            <dst id="NYCMng">191094.490666667</dst>
            <dst id="SNVAng">28108.3146666667</dst>
            <dst id="STTLng">31722.3813333333</dst>
            <dst id="WASHng">440149.36</dst>
        </src>
    </IntraTM>
</TrafficMatrixFile>
