<?xml version="1.0" encoding="ISO-8859-1" standalone="yes"?>
<TrafficMatrixFile xsi:noNamespaceSchemaLocation="http://totem.run.montefiore.ulg.ac.be/Schema/TrafficMatrix-v1_2.xsd" xmlns:xsi="http://www.w3.org/2001/XMLSchema-instance">
    <IntraTM ASID="11537">
        <src id="ATLA-M5">
            <dst id="ATLA-M5">0</dst>
            <dst id="ATLAng">26.6666666666667</dst>
            <dst id="CHINng">118.544</dst>
            <dst id="DNVRng">0</dst>
            <dst id="HSTNng">70.232</dst>
            <dst id="IPLSng">53.3333333333333</dst>
            <dst id="KSCYng">26.6666666666667</dst>
            <dst id="LOSAng">0</dst>
            <dst id="NYCMng">514.842666666667</dst>
            <dst id="SNVAng">38.544</dst>
            <dst id="STTLng">0</dst>
            <dst id="WASHng">365.6</dst>
        </src>
        <src id="ATLAng">
            <dst id="ATLA-M5">189.037333333333</dst>
            <dst id="ATLAng">19302.528</dst>
            <dst id="CHINng">6877.09066666667</dst>
            <dst id="DNVRng">3361.288</dst>
            <dst id="HSTNng">1208.152</dst>
            <dst id="IPLSng">25569.3893333333</dst>
            <dst id="KSCYng">1995.42933333333</dst>
            <dst id="LOSAng">14121.2666666667</dst>
            <dst id="NYCMng">1712.01066666667</dst>
            <dst id="SNVAng">68.4453333333334</dst>
            <dst id="STTLng">3764.648</dst>
            <dst id="WASHng">28596.9253333333</dst>
        </src>
        <src id="CHINng">
            <dst id="ATLA-M5">53.3333333333333</dst>
            <dst id="ATLAng">18177.4346666667</dst>
            <dst id="CHINng">68004.9333333333</dst>
            <dst id="DNVRng">11979.416</dst>
            <dst id="HSTNng">6123.256</dst>
            <dst id="IPLSng">52853.4426666667</dst>
            <dst id="KSCYng">7324.056</dst>
            <dst id="LOSAng">26085.552</dst>
            <dst id="NYCMng">7898.10933333333</dst>
            <dst id="SNVAng">2900.71733333333</dst>
            <dst id="STTLng">5365.44533333333</dst>
            <dst id="WASHng">14362.7733333333</dst>
        </src>
        <src id="DNVRng">
            <dst id="ATLA-M5">78.1333333333333</dst>
            <dst id="ATLAng">3492.93333333333</dst>
            <dst id="CHINng">38999.1813333333</dst>
            <dst id="DNVRng">13124.6346666667</dst>
            <dst id="HSTNng">23776.3493333333</dst>
            <dst id="IPLSng">26211.8426666667</dst>
            <dst id="KSCYng">19365.2613333333</dst>
            <dst id="LOSAng">34128.3653333333</dst>
            <dst id="NYCMng">16854.2133333333</dst>
            <dst id="SNVAng">10168.3466666667</dst>
            <dst id="STTLng">5510.50133333333</dst>
            <dst id="WASHng">40119.1093333333</dst>
        </src>
        <src id="HSTNng">
            <dst id="ATLA-M5">1980.28266666667</dst>
            <dst id="ATLAng">1086.38133333333</dst>
            <dst id="CHINng">11146.408</dst>
            <dst id="DNVRng">1097.23466666667</dst>
            <dst id="HSTNng">17046.2346666667</dst>
            <dst id="IPLSng">4000.32</dst>
            <dst id="KSCYng">3723.05333333333</dst>
            <dst id="LOSAng">1658.75466666667</dst>
            <dst id="NYCMng">3799.50133333333</dst>
            <dst id="SNVAng">104.853333333333</dst>
            <dst id="STTLng">491.477333333333</dst>
            <dst id="WASHng">4970.01066666667</dst>
        </src>
        <src id="IPLSng">
            <dst id="ATLA-M5">958.72</dst>
            <dst id="ATLAng">6802.32533333333</dst>
            <dst id="CHINng">77774.2986666667</dst>
            <dst id="DNVRng">16671.312</dst>
            <dst id="HSTNng">2057.2</dst>
            <dst id="IPLSng">25968.064</dst>
            <dst id="KSCYng">3936.368</dst>
            <dst id="LOSAng">19568.896</dst>
            <dst id="NYCMng">8212.26933333333</dst>
            <dst id="SNVAng">1851.552</dst>
            <dst id="STTLng">14329.184</dst>
            <dst id="WASHng">13199.0666666667</dst>
        </src>
        <src id="KSCYng">
            <dst id="ATLA-M5">1022.11733333333</dst>
            <dst id="ATLAng">4011.872</dst>
            <dst id="CHINng">15213.4213333333</dst>
            <dst id="DNVRng">4965.95733333333</dst>
            <dst id="HSTNng">3357.22666666667</dst>
            <dst id="IPLSng">11861.8373333333</dst>
            <dst id="KSCYng">7046.984</dst>
            <dst id="LOSAng">3541.248</dst>
            <dst id="NYCMng">1030.87733333333</dst>
            <dst id="SNVAng">2613.28266666667</dst>
            <dst id="STTLng">2829.81066666667</dst>
            <dst id="WASHng">9721.78666666667</dst>
        </src>
        <src id="LOSAng">
            <dst id="ATLA-M5">26.6666666666667</dst>
            <dst id="ATLAng">40105.36</dst>
            <dst id="CHINng">61868.3573333333</dst>
            <dst id="DNVRng">8805.77066666667</dst>
            <dst id="HSTNng">3190.32</dst>
            <dst id="IPLSng">13231.8933333333</dst>
            <dst id="KSCYng">4741.78933333333</dst>
            <dst id="LOSAng">9104.67733333333</dst>
            <dst id="NYCMng">49846.824</dst>
            <dst id="SNVAng">21550.1386666667</dst>
            <dst id="STTLng">20484.6373333333</dst>
            <dst id="WASHng">78959.008</dst>
        </src>
        <src id="NYCMng">
            <dst id="ATLA-M5">975.064</dst>
            <dst id="ATLAng">12491.0533333333</dst>
            <dst id="CHINng">15244.656</dst>
            <dst id="DNVRng">26433.5893333333</dst>
            <dst id="HSTNng">9463.664</dst>
            <dst id="IPLSng">54767.2053333333</dst>
            <dst id="KSCYng">3156.51466666667</dst>
            <dst id="LOSAng">66315.3093333333</dst>
            <dst id="NYCMng">99476.6666666667</dst>
            <dst id="SNVAng">3135.42133333333</dst>
            <dst id="STTLng">20066.9786666667</dst>
            <dst id="WASHng">38800.8293333333</dst>
        </src>
        <src id="SNVAng">
            <dst id="ATLA-M5">0</dst>
            <dst id="ATLAng">306.722666666667</dst>
            <dst id="CHINng">53.3333333333333</dst>
            <dst id="DNVRng">3691.26666666667</dst>
            <dst id="HSTNng">0</dst>
            <dst id="IPLSng">216.586666666667</dst>
            <dst id="KSCYng">50.4666666666667</dst>
            <dst id="LOSAng">28464.4986666667</dst>
            <dst id="NYCMng">26.6666666666667</dst>
            <dst id="SNVAng">8075.728</dst>
            <dst id="STTLng">38826.2986666666</dst>
            <dst id="WASHng">59.712</dst>
        </src>
        <src id="STTLng">
            <dst id="ATLA-M5">53.3973333333333</dst>
            <dst id="ATLAng">8758.488</dst>
            <dst id="CHINng">8875.81333333333</dst>
            <dst id="DNVRng">2117.44</dst>
            <dst id="HSTNng">1536.504</dst>
            <dst id="IPLSng">14962.9386666667</dst>
            <dst id="KSCYng">2019.71733333333</dst>
            <dst id="LOSAng">15760.0506666667</dst>
            <dst id="NYCMng">15125.1146666667</dst>
            <dst id="SNVAng">7149.58133333333</dst>
            <dst id="STTLng">1440.38133333333</dst>
            <dst id="WASHng">6099.45066666667</dst>
        </src>
        <src id="WASHng">
            <dst id="ATLA-M5">373.573333333333</dst>
            <dst id="ATLAng">62337.9546666667</dst>
            <dst id="CHINng">61360.3253333333</dst>
            <dst id="DNVRng">52818.176</dst>
            <dst id="HSTNng">21327.464</dst>
            <dst id="IPLSng">32065.8213333333</dst>
            <dst id="KSCYng">37402.4106666667</dst>
            <dst id="LOSAng">111401.874666667</dst>
            <dst id="NYCMng">107840.666666667</dst>
            <dst id="SNVAng">5439.56266666667</dst>
            <dst id="STTLng">23009.0426666667</dst>
            <dst id="WASHng">205637.997333333</dst>
        </src>
    </IntraTM>
</TrafficMatrixFile>
