<?xml version="1.0" encoding="ISO-8859-1" standalone="yes"?>
<TrafficMatrixFile xsi:noNamespaceSchemaLocation="http://totem.run.montefiore.ulg.ac.be/Schema/TrafficMatrix-v1_2.xsd" xmlns:xsi="http://www.w3.org/2001/XMLSchema-instance">
    <IntraTM ASID="11537">
        <src id="ATLA-M5">
            <dst id="ATLA-M5">26.6666666666667</dst>
            <dst id="ATLAng">26.6666666666667</dst>
            <dst id="CHINng">694.232</dst>
            <dst id="DNVRng">0</dst>
            <dst id="HSTNng">0</dst>
            <dst id="IPLSng">0</dst>
            <dst id="KSCYng">0</dst>
            <dst id="LOSAng">96.672</dst>
            <dst id="NYCMng">110.421333333333</dst>
            <dst id="SNVAng">0</dst>
            <dst id="STTLng">99.4133333333333</dst>
            <dst id="WASHng">155.885333333333</dst>
        </src>
        <src id="ATLAng">
            <dst id="ATLA-M5">74.7573333333333</dst>
            <dst id="ATLAng">20759.928</dst>
            <dst id="CHINng">2844.90933333333</dst>
            <dst id="DNVRng">2669.192</dst>
            <dst id="HSTNng">25346.6</dst>
            <dst id="IPLSng">10577.7546666667</dst>
            <dst id="KSCYng">2815.88</dst>
            <dst id="LOSAng">12780.3466666667</dst>
            <dst id="NYCMng">3883.34666666667</dst>
            <dst id="SNVAng">80</dst>
            <dst id="STTLng">3311.11733333333</dst>
            <dst id="WASHng">31485.5306666667</dst>
        </src>
        <src id="CHINng">
            <dst id="ATLA-M5">94.3093333333333</dst>
            <dst id="ATLAng">8062.18933333333</dst>
            <dst id="CHINng">80510.1333333333</dst>
            <dst id="DNVRng">10314.9013333333</dst>
            <dst id="HSTNng">6346.66933333334</dst>
            <dst id="IPLSng">31134.544</dst>
            <dst id="KSCYng">5918.656</dst>
            <dst id="LOSAng">31447.2586666667</dst>
            <dst id="NYCMng">25494.1013333333</dst>
            <dst id="SNVAng">5119.09333333333</dst>
            <dst id="STTLng">4897.872</dst>
            <dst id="WASHng">14603.5786666667</dst>
        </src>
        <src id="DNVRng">
            <dst id="ATLA-M5">186.88</dst>
            <dst id="ATLAng">6176.56266666667</dst>
            <dst id="CHINng">37960.792</dst>
            <dst id="DNVRng">4949.04533333333</dst>
            <dst id="HSTNng">20909.288</dst>
            <dst id="IPLSng">25570.3386666667</dst>
            <dst id="KSCYng">15974.8826666667</dst>
            <dst id="LOSAng">11673.8773333333</dst>
            <dst id="NYCMng">15283.864</dst>
            <dst id="SNVAng">7018.54933333333</dst>
            <dst id="STTLng">3342.25866666667</dst>
            <dst id="WASHng">36248.1333333333</dst>
        </src>
        <src id="HSTNng">
            <dst id="ATLA-M5">126.442666666667</dst>
            <dst id="ATLAng">3186.06933333333</dst>
            <dst id="CHINng">7799.376</dst>
            <dst id="DNVRng">805.346666666667</dst>
            <dst id="HSTNng">17365.9706666667</dst>
            <dst id="IPLSng">10961.8426666667</dst>
            <dst id="KSCYng">1171.384</dst>
            <dst id="LOSAng">678.965333333333</dst>
            <dst id="NYCMng">1757.73866666667</dst>
            <dst id="SNVAng">53.3333333333333</dst>
            <dst id="STTLng">358.586666666667</dst>
            <dst id="WASHng">4858.57333333333</dst>
        </src>
        <src id="IPLSng">
            <dst id="ATLA-M5">53.3333333333333</dst>
            <dst id="ATLAng">17868.52</dst>
            <dst id="CHINng">49159.8133333333</dst>
            <dst id="DNVRng">7236.696</dst>
            <dst id="HSTNng">1773.872</dst>
            <dst id="IPLSng">8460.31733333333</dst>
            <dst id="KSCYng">8405.67733333333</dst>
            <dst id="LOSAng">16714.3306666667</dst>
            <dst id="NYCMng">4376.97333333333</dst>
            <dst id="SNVAng">2667.55733333333</dst>
            <dst id="STTLng">10423.2586666667</dst>
            <dst id="WASHng">21428.9146666667</dst>
        </src>
        <src id="KSCYng">
            <dst id="ATLA-M5">0</dst>
            <dst id="ATLAng">6890.64</dst>
            <dst id="CHINng">11386.9973333333</dst>
            <dst id="DNVRng">7585.744</dst>
            <dst id="HSTNng">3393.08266666667</dst>
            <dst id="IPLSng">13261.0293333333</dst>
            <dst id="KSCYng">10903.936</dst>
            <dst id="LOSAng">3076.08266666667</dst>
            <dst id="NYCMng">1935.08266666667</dst>
            <dst id="SNVAng">1961.632</dst>
            <dst id="STTLng">3161.18933333333</dst>
            <dst id="WASHng">13842.0186666667</dst>
        </src>
        <src id="LOSAng">
            <dst id="ATLA-M5">894.485333333334</dst>
            <dst id="ATLAng">15416.5866666667</dst>
            <dst id="CHINng">57140.7893333333</dst>
            <dst id="DNVRng">8542.744</dst>
            <dst id="HSTNng">2928.08266666667</dst>
            <dst id="IPLSng">31641.0666666667</dst>
            <dst id="KSCYng">5412.04533333333</dst>
            <dst id="LOSAng">8031.304</dst>
            <dst id="NYCMng">18143.04</dst>
            <dst id="SNVAng">33100.0133333333</dst>
            <dst id="STTLng">19750.4586666667</dst>
            <dst id="WASHng">77973.288</dst>
        </src>
        <src id="NYCMng">
            <dst id="ATLA-M5">261.162666666667</dst>
            <dst id="ATLAng">12539.9093333333</dst>
            <dst id="CHINng">25185.8373333333</dst>
            <dst id="DNVRng">33173.9306666667</dst>
            <dst id="HSTNng">9310.088</dst>
            <dst id="IPLSng">10195.3573333333</dst>
            <dst id="KSCYng">14119.656</dst>
            <dst id="LOSAng">60351.5466666667</dst>
            <dst id="NYCMng">91672.8053333333</dst>
            <dst id="SNVAng">436.557333333333</dst>
            <dst id="STTLng">23497.9066666667</dst>
            <dst id="WASHng">42364.6053333333</dst>
        </src>
        <src id="SNVAng">
            <dst id="ATLA-M5">0</dst>
            <dst id="ATLAng">0</dst>
            <dst id="CHINng">53.3333333333333</dst>
            <dst id="DNVRng">2318.93866666667</dst>
            <dst id="HSTNng">0</dst>
            <dst id="IPLSng">197.130666666667</dst>
            <dst id="KSCYng">0</dst>
            <dst id="LOSAng">30732.408</dst>
            <dst id="NYCMng">53.3333333333333</dst>
            <dst id="SNVAng">6852.384</dst>
            <dst id="STTLng">33596.368</dst>
            <dst id="WASHng">26.6666666666667</dst>
        </src>
        <src id="STTLng">
            <dst id="ATLA-M5">135.765333333333</dst>
            <dst id="ATLAng">8752.10933333333</dst>
            <dst id="CHINng">15390.5626666667</dst>
            <dst id="DNVRng">1613.92266666667</dst>
            <dst id="HSTNng">2246.99733333333</dst>
            <dst id="IPLSng">6804.62133333333</dst>
            <dst id="KSCYng">1453.68</dst>
            <dst id="LOSAng">7065.17866666666</dst>
            <dst id="NYCMng">8246.17866666666</dst>
            <dst id="SNVAng">8685.64</dst>
            <dst id="STTLng">641.136</dst>
            <dst id="WASHng">5501.67733333333</dst>
        </src>
        <src id="WASHng">
            <dst id="ATLA-M5">341.477333333333</dst>
            <dst id="ATLAng">46630.7973333333</dst>
            <dst id="CHINng">57419.8826666667</dst>
            <dst id="DNVRng">49977.36</dst>
            <dst id="HSTNng">13751.336</dst>
            <dst id="IPLSng">42602.816</dst>
            <dst id="KSCYng">31142.7866666667</dst>
            <dst id="LOSAng">90185.9946666667</dst>
            <dst id="NYCMng">136199.8</dst>
            <dst id="SNVAng">1558.87466666667</dst>
            <dst id="STTLng">34937.7813333333</dst>
            <dst id="WASHng">225792.632</dst>
        </src>
    </IntraTM>
</TrafficMatrixFile>
