<?xml version="1.0" encoding="ISO-8859-1" standalone="yes"?>
<TrafficMatrixFile xsi:noNamespaceSchemaLocation="http://totem.run.montefiore.ulg.ac.be/Schema/TrafficMatrix-v1_2.xsd" xmlns:xsi="http://www.w3.org/2001/XMLSchema-instance">
    <IntraTM ASID="11537">
        <src id="ATLA-M5">
            <dst id="ATLA-M5">0</dst>
            <dst id="ATLAng">26.6666666666667</dst>
            <dst id="CHINng">184.245333333333</dst>
            <dst id="DNVRng">0</dst>
            <dst id="HSTNng">1419.424</dst>
            <dst id="IPLSng">0</dst>
            <dst id="KSCYng">0</dst>
            <dst id="LOSAng">13.3333333333333</dst>
            <dst id="NYCMng">485.010666666667</dst>
            <dst id="SNVAng">13.3333333333333</dst>
            <dst id="STTLng">100.746666666667</dst>
            <dst id="WASHng">125.96</dst>
        </src>
        <src id="ATLAng">
            <dst id="ATLA-M5">26.6666666666667</dst>
            <dst id="ATLAng">48929.44</dst>
            <dst id="CHINng">7033.17333333333</dst>
            <dst id="DNVRng">2961.49866666667</dst>
            <dst id="HSTNng">330.490666666667</dst>
            <dst id="IPLSng">11187.776</dst>
            <dst id="KSCYng">374.936</dst>
            <dst id="LOSAng">10049.5333333333</dst>
            <dst id="NYCMng">3692.81333333333</dst>
            <dst id="SNVAng">26.6666666666667</dst>
            <dst id="STTLng">3634.792</dst>
            <dst id="WASHng">57117.8133333333</dst>
        </src>
        <src id="CHINng">
            <dst id="ATLA-M5">331.410666666667</dst>
            <dst id="ATLAng">9607.09333333333</dst>
            <dst id="CHINng">78068.44</dst>
            <dst id="DNVRng">5095.368</dst>
            <dst id="HSTNng">14931.4346666667</dst>
            <dst id="IPLSng">16936.5066666667</dst>
            <dst id="KSCYng">5556.06666666667</dst>
            <dst id="LOSAng">25025.7573333333</dst>
            <dst id="NYCMng">21162.688</dst>
            <dst id="SNVAng">2963.33866666667</dst>
            <dst id="STTLng">8248.12</dst>
            <dst id="WASHng">19290.168</dst>
        </src>
        <src id="DNVRng">
            <dst id="ATLA-M5">216.8</dst>
            <dst id="ATLAng">7687.936</dst>
            <dst id="CHINng">34195.1813333333</dst>
            <dst id="DNVRng">8394.96266666667</dst>
            <dst id="HSTNng">19679.7146666667</dst>
            <dst id="IPLSng">29466.2293333333</dst>
            <dst id="KSCYng">20810.0666666667</dst>
            <dst id="LOSAng">4313.50933333333</dst>
            <dst id="NYCMng">13312.6133333333</dst>
            <dst id="SNVAng">7798.80533333333</dst>
            <dst id="STTLng">3297.552</dst>
            <dst id="WASHng">32947.6026666667</dst>
        </src>
        <src id="HSTNng">
            <dst id="ATLA-M5">924.637333333333</dst>
            <dst id="ATLAng">2747.46133333333</dst>
            <dst id="CHINng">7038.74666666667</dst>
            <dst id="DNVRng">1566.392</dst>
            <dst id="HSTNng">15343.0613333333</dst>
            <dst id="IPLSng">3797.104</dst>
            <dst id="KSCYng">486.866666666667</dst>
            <dst id="LOSAng">1886.29866666667</dst>
            <dst id="NYCMng">1373.34666666667</dst>
            <dst id="SNVAng">26.6666666666667</dst>
            <dst id="STTLng">1857.39466666667</dst>
            <dst id="WASHng">4851.32533333333</dst>
        </src>
        <src id="IPLSng">
            <dst id="ATLA-M5">26.6666666666667</dst>
            <dst id="ATLAng">9935.38933333333</dst>
            <dst id="CHINng">51880.1413333333</dst>
            <dst id="DNVRng">6508.168</dst>
            <dst id="HSTNng">1151.032</dst>
            <dst id="IPLSng">18679.6346666667</dst>
            <dst id="KSCYng">2078.76266666667</dst>
            <dst id="LOSAng">22821.4613333333</dst>
            <dst id="NYCMng">2172.18133333333</dst>
            <dst id="SNVAng">497.48</dst>
            <dst id="STTLng">7063.59466666667</dst>
            <dst id="WASHng">2503.552</dst>
        </src>
        <src id="KSCYng">
            <dst id="ATLA-M5">0</dst>
            <dst id="ATLAng">2569.09066666667</dst>
            <dst id="CHINng">21892.912</dst>
            <dst id="DNVRng">4425.38933333333</dst>
            <dst id="HSTNng">2995.24533333333</dst>
            <dst id="IPLSng">11423.064</dst>
            <dst id="KSCYng">8778.53066666667</dst>
            <dst id="LOSAng">3377.90133333333</dst>
            <dst id="NYCMng">1328.82933333333</dst>
            <dst id="SNVAng">1983.456</dst>
            <dst id="STTLng">1799.67733333333</dst>
            <dst id="WASHng">9727.23466666667</dst>
        </src>
        <src id="LOSAng">
            <dst id="ATLA-M5">28.6186666666667</dst>
            <dst id="ATLAng">10452.8613333333</dst>
            <dst id="CHINng">44981.8746666667</dst>
            <dst id="DNVRng">17014.6453333333</dst>
            <dst id="HSTNng">1788.01866666667</dst>
            <dst id="IPLSng">6649.61866666667</dst>
            <dst id="KSCYng">3410.79733333333</dst>
            <dst id="LOSAng">7405.32266666667</dst>
            <dst id="NYCMng">20066.2106666667</dst>
            <dst id="SNVAng">21847.192</dst>
            <dst id="STTLng">25988.504</dst>
            <dst id="WASHng">86986</dst>
        </src>
        <src id="NYCMng">
            <dst id="ATLA-M5">111.208</dst>
            <dst id="ATLAng">14571.7866666667</dst>
            <dst id="CHINng">19727.1813333333</dst>
            <dst id="DNVRng">20214.0373333333</dst>
            <dst id="HSTNng">5361.768</dst>
            <dst id="IPLSng">16738.9173333333</dst>
            <dst id="KSCYng">5406.98666666667</dst>
            <dst id="LOSAng">53562.4293333333</dst>
            <dst id="NYCMng">59554.3413333333</dst>
            <dst id="SNVAng">1840.128</dst>
            <dst id="STTLng">15536.552</dst>
            <dst id="WASHng">37754.6693333333</dst>
        </src>
        <src id="SNVAng">
            <dst id="ATLA-M5">0</dst>
            <dst id="ATLAng">53.3333333333333</dst>
            <dst id="CHINng">0</dst>
            <dst id="DNVRng">5355.32266666667</dst>
            <dst id="HSTNng">26.6666666666667</dst>
            <dst id="IPLSng">7748.36533333334</dst>
            <dst id="KSCYng">26.6666666666667</dst>
            <dst id="LOSAng">30327.2773333333</dst>
            <dst id="NYCMng">147.178666666667</dst>
            <dst id="SNVAng">6814.99466666667</dst>
            <dst id="STTLng">33796.432</dst>
            <dst id="WASHng">519.642666666667</dst>
        </src>
        <src id="STTLng">
            <dst id="ATLA-M5">111.608</dst>
            <dst id="ATLAng">7337.96</dst>
            <dst id="CHINng">12817.8133333333</dst>
            <dst id="DNVRng">954.08</dst>
            <dst id="HSTNng">500.314666666667</dst>
            <dst id="IPLSng">5538.41066666666</dst>
            <dst id="KSCYng">646.432</dst>
            <dst id="LOSAng">10098.688</dst>
            <dst id="NYCMng">9699.49866666666</dst>
            <dst id="SNVAng">13892.6586666667</dst>
            <dst id="STTLng">1430.976</dst>
            <dst id="WASHng">5540.01866666667</dst>
        </src>
        <src id="WASHng">
            <dst id="ATLA-M5">383.765333333333</dst>
            <dst id="ATLAng">57953.0773333333</dst>
            <dst id="CHINng">51815.5733333333</dst>
            <dst id="DNVRng">42834.7306666667</dst>
            <dst id="HSTNng">7074.47466666667</dst>
            <dst id="IPLSng">33444.2693333333</dst>
            <dst id="KSCYng">28287.36</dst>
            <dst id="LOSAng">102890.226666667</dst>
            <dst id="NYCMng">132425.733333333</dst>
            <dst id="SNVAng">430.589333333333</dst>
            <dst id="STTLng">21498.0666666667</dst>
            <dst id="WASHng">175508.624</dst>
        </src>
    </IntraTM>
</TrafficMatrixFile>
