<?xml version="1.0" encoding="ISO-8859-1" standalone="yes"?>
<TrafficMatrixFile xsi:noNamespaceSchemaLocation="http://totem.run.montefiore.ulg.ac.be/Schema/TrafficMatrix-v1_2.xsd" xmlns:xsi="http://www.w3.org/2001/XMLSchema-instance">
    <IntraTM ASID="11537">
        <src id="ATLA-M5">
            <dst id="ATLA-M5">0</dst>
            <dst id="ATLAng">528.896</dst>
            <dst id="CHINng">2146.38666666667</dst>
            <dst id="DNVRng">219.909333333333</dst>
            <dst id="HSTNng">588.274666666667</dst>
            <dst id="IPLSng">1403.98133333333</dst>
            <dst id="KSCYng">158.418666666667</dst>
            <dst id="LOSAng">712.992</dst>
            <dst id="NYCMng">882.872</dst>
            <dst id="SNVAng">440.752</dst>
            <dst id="STTLng">224.101333333333</dst>
            <dst id="WASHng">1923.68533333333</dst>
        </src>
        <src id="ATLAng">
            <dst id="ATLA-M5">1195.024</dst>
            <dst id="ATLAng">18769.5253333333</dst>
            <dst id="CHINng">25921.4026666667</dst>
            <dst id="DNVRng">8266.82666666667</dst>
            <dst id="HSTNng">8720.184</dst>
            <dst id="IPLSng">32539.2986666667</dst>
            <dst id="KSCYng">7792.87733333333</dst>
            <dst id="LOSAng">18115.116</dst>
            <dst id="NYCMng">22793.3413333333</dst>
            <dst id="SNVAng">4708.028</dst>
            <dst id="STTLng">10259.9706666667</dst>
            <dst id="WASHng">66179.232</dst>
        </src>
        <src id="CHINng">
            <dst id="ATLA-M5">3574.17066666667</dst>
            <dst id="ATLAng">13892.1546666667</dst>
            <dst id="CHINng">39307.8133333333</dst>
            <dst id="DNVRng">12090.3893333333</dst>
            <dst id="HSTNng">13305.472</dst>
            <dst id="IPLSng">48048.8933333333</dst>
            <dst id="KSCYng">8352.936</dst>
            <dst id="LOSAng">31274.2373333333</dst>
            <dst id="NYCMng">5825.432</dst>
            <dst id="SNVAng">4740.736</dst>
            <dst id="STTLng">7842.29066666667</dst>
            <dst id="WASHng">21387.232</dst>
        </src>
        <src id="DNVRng">
            <dst id="ATLA-M5">255.122666666667</dst>
            <dst id="ATLAng">9112.05333333333</dst>
            <dst id="CHINng">53113.2</dst>
            <dst id="DNVRng">21831.456</dst>
            <dst id="HSTNng">14427.6453333333</dst>
            <dst id="IPLSng">38616.848</dst>
            <dst id="KSCYng">23724.4186666667</dst>
            <dst id="LOSAng">11541.0826666667</dst>
            <dst id="NYCMng">27864.2746666667</dst>
            <dst id="SNVAng">10426.6853333333</dst>
            <dst id="STTLng">13556.0693333333</dst>
            <dst id="WASHng">60517.3226666667</dst>
        </src>
        <src id="HSTNng">
            <dst id="ATLA-M5">3510.97866666667</dst>
            <dst id="ATLAng">9591.41333333333</dst>
            <dst id="CHINng">21549.7733333333</dst>
            <dst id="DNVRng">7059.32266666667</dst>
            <dst id="HSTNng">11763.664</dst>
            <dst id="IPLSng">13112.9973333333</dst>
            <dst id="KSCYng">5242.72266666667</dst>
            <dst id="LOSAng">105948.808</dst>
            <dst id="NYCMng">11588.2293333333</dst>
            <dst id="SNVAng">2022.32533333333</dst>
            <dst id="STTLng">4446.29333333333</dst>
            <dst id="WASHng">13965.2746666667</dst>
        </src>
        <src id="IPLSng">
            <dst id="ATLA-M5">961.677333333333</dst>
            <dst id="ATLAng">19915.1973333333</dst>
            <dst id="CHINng">78835.52</dst>
            <dst id="DNVRng">29763.896</dst>
            <dst id="HSTNng">10739.176</dst>
            <dst id="IPLSng">38378.144</dst>
            <dst id="KSCYng">14419.1626666667</dst>
            <dst id="LOSAng">80477.1573333333</dst>
            <dst id="NYCMng">46396.4826666667</dst>
            <dst id="SNVAng">3849.36266666667</dst>
            <dst id="STTLng">15799.312</dst>
            <dst id="WASHng">58323.9306666667</dst>
        </src>
        <src id="KSCYng">
            <dst id="ATLA-M5">274.514666666667</dst>
            <dst id="ATLAng">9386.424</dst>
            <dst id="CHINng">32440.8373333333</dst>
            <dst id="DNVRng">7720.70133333333</dst>
            <dst id="HSTNng">3917.22666666667</dst>
            <dst id="IPLSng">13409.0613333333</dst>
            <dst id="KSCYng">8922.384</dst>
            <dst id="LOSAng">5957.072</dst>
            <dst id="NYCMng">10147.272</dst>
            <dst id="SNVAng">2470.8</dst>
            <dst id="STTLng">5482.19733333333</dst>
            <dst id="WASHng">20862.064</dst>
        </src>
        <src id="LOSAng">
            <dst id="ATLA-M5">1107.54666666667</dst>
            <dst id="ATLAng">30395.4826666667</dst>
            <dst id="CHINng">107354.541333333</dst>
            <dst id="DNVRng">11581.3733333333</dst>
            <dst id="HSTNng">25855.3253333333</dst>
            <dst id="IPLSng">47820.368</dst>
            <dst id="KSCYng">14622.608</dst>
            <dst id="LOSAng">15714.528</dst>
            <dst id="NYCMng">68683.7973333333</dst>
            <dst id="SNVAng">13614.5306666667</dst>
            <dst id="STTLng">33550.12</dst>
            <dst id="WASHng">85027.8586666667</dst>
        </src>
        <src id="NYCMng">
            <dst id="ATLA-M5">3568.83466666667</dst>
            <dst id="ATLAng">49799.7253333333</dst>
            <dst id="CHINng">81155.6906666667</dst>
            <dst id="DNVRng">44276.5066666667</dst>
            <dst id="HSTNng">43376.704</dst>
            <dst id="IPLSng">88836.4533333333</dst>
            <dst id="KSCYng">24802.2986666667</dst>
            <dst id="LOSAng">93997.8853333333</dst>
            <dst id="NYCMng">144398.037333333</dst>
            <dst id="SNVAng">11273.528</dst>
            <dst id="STTLng">45828.336</dst>
            <dst id="WASHng">137462.368</dst>
        </src>
        <src id="SNVAng">
            <dst id="ATLA-M5">124.058666666667</dst>
            <dst id="ATLAng">1943.472</dst>
            <dst id="CHINng">4402</dst>
            <dst id="DNVRng">17092.272</dst>
            <dst id="HSTNng">1691.264</dst>
            <dst id="IPLSng">3204.65333333333</dst>
            <dst id="KSCYng">1353.07733333333</dst>
            <dst id="LOSAng">39667.1413333333</dst>
            <dst id="NYCMng">3510.12533333333</dst>
            <dst id="SNVAng">19550.728</dst>
            <dst id="STTLng">72428.3093333334</dst>
            <dst id="WASHng">2658.65333333333</dst>
        </src>
        <src id="STTLng">
            <dst id="ATLA-M5">166.264</dst>
            <dst id="ATLAng">12717.2933333333</dst>
            <dst id="CHINng">45788.1546666667</dst>
            <dst id="DNVRng">4016.54666666667</dst>
            <dst id="HSTNng">5534.704</dst>
            <dst id="IPLSng">18862.0266666667</dst>
            <dst id="KSCYng">4468.384</dst>
            <dst id="LOSAng">39863.768</dst>
            <dst id="NYCMng">29058.2186666667</dst>
            <dst id="SNVAng">6385.81333333333</dst>
            <dst id="STTLng">14395.512</dst>
            <dst id="WASHng">14632.8346666667</dst>
        </src>
        <src id="WASHng">
            <dst id="ATLA-M5">2078.864</dst>
            <dst id="ATLAng">140031.037333333</dst>
            <dst id="CHINng">95948.112</dst>
            <dst id="DNVRng">58808.088</dst>
            <dst id="HSTNng">44476.6266666667</dst>
            <dst id="IPLSng">79816.4133333333</dst>
            <dst id="KSCYng">24091.9013333333</dst>
            <dst id="LOSAng">88051.8746666667</dst>
            <dst id="NYCMng">234664.325333333</dst>
            <dst id="SNVAng">24871.9866666667</dst>
            <dst id="STTLng">43384.8826666667</dst>
            <dst id="WASHng">225376.013333333</dst>
        </src>
    </IntraTM>
</TrafficMatrixFile>
