<?xml version="1.0" encoding="ISO-8859-1" standalone="yes"?>
<TrafficMatrixFile xsi:noNamespaceSchemaLocation="http://totem.run.montefiore.ulg.ac.be/Schema/TrafficMatrix-v1_2.xsd" xmlns:xsi="http://www.w3.org/2001/XMLSchema-instance">
    <IntraTM ASID="11537">
        <src id="ATLA-M5">
            <dst id="ATLA-M5">1427.69333333333</dst>
            <dst id="ATLAng">450.541333333333</dst>
            <dst id="CHINng">1036.56266666667</dst>
            <dst id="DNVRng">182.872</dst>
            <dst id="HSTNng">2269.544</dst>
            <dst id="IPLSng">1959.28</dst>
            <dst id="KSCYng">807.197333333333</dst>
            <dst id="LOSAng">3064.712</dst>
            <dst id="NYCMng">779.848</dst>
            <dst id="SNVAng">76.9013333333333</dst>
            <dst id="STTLng">107.306666666667</dst>
            <dst id="WASHng">2438.77333333333</dst>
        </src>
        <src id="ATLAng">
            <dst id="ATLA-M5">898.08</dst>
            <dst id="ATLAng">44170.4853333333</dst>
            <dst id="CHINng">23503.7093333333</dst>
            <dst id="DNVRng">5903.456</dst>
            <dst id="HSTNng">4744.40266666667</dst>
            <dst id="IPLSng">24328.8506666667</dst>
            <dst id="KSCYng">4567.02666666667</dst>
            <dst id="LOSAng">24855.624</dst>
            <dst id="NYCMng">24036.544</dst>
            <dst id="SNVAng">891.642666666667</dst>
            <dst id="STTLng">9209.456</dst>
            <dst id="WASHng">49502.9786666667</dst>
        </src>
        <src id="CHINng">
            <dst id="ATLA-M5">380.477333333333</dst>
            <dst id="ATLAng">12988.1786666667</dst>
            <dst id="CHINng">28676.936</dst>
            <dst id="DNVRng">13521.8693333333</dst>
            <dst id="HSTNng">8401.68266666667</dst>
            <dst id="IPLSng">35161.3333333333</dst>
            <dst id="KSCYng">14661.8933333333</dst>
            <dst id="LOSAng">34993.92</dst>
            <dst id="NYCMng">4737.99733333333</dst>
            <dst id="SNVAng">1376.42133333333</dst>
            <dst id="STTLng">8594.74933333334</dst>
            <dst id="WASHng">17776.2613333333</dst>
        </src>
        <src id="DNVRng">
            <dst id="ATLA-M5">183.906666666667</dst>
            <dst id="ATLAng">6160.46933333333</dst>
            <dst id="CHINng">33551.8133333333</dst>
            <dst id="DNVRng">18547.0773333333</dst>
            <dst id="HSTNng">5225.90666666667</dst>
            <dst id="IPLSng">14564.0213333333</dst>
            <dst id="KSCYng">13541.0506666667</dst>
            <dst id="LOSAng">15571.168</dst>
            <dst id="NYCMng">15545.3226666667</dst>
            <dst id="SNVAng">18514.6373333333</dst>
            <dst id="STTLng">21705.208</dst>
            <dst id="WASHng">14300.8933333333</dst>
        </src>
        <src id="HSTNng">
            <dst id="ATLA-M5">3166.472</dst>
            <dst id="ATLAng">5941.21866666667</dst>
            <dst id="CHINng">15874.832</dst>
            <dst id="DNVRng">2945.23733333333</dst>
            <dst id="HSTNng">6778.976</dst>
            <dst id="IPLSng">12465.7066666667</dst>
            <dst id="KSCYng">5194.48266666667</dst>
            <dst id="LOSAng">7425.29066666667</dst>
            <dst id="NYCMng">8507.28</dst>
            <dst id="SNVAng">2497.56533333333</dst>
            <dst id="STTLng">2680.344</dst>
            <dst id="WASHng">15647.144</dst>
        </src>
        <src id="IPLSng">
            <dst id="ATLA-M5">963.066666666667</dst>
            <dst id="ATLAng">19010.7093333333</dst>
            <dst id="CHINng">74697.2853333333</dst>
            <dst id="DNVRng">10622.464</dst>
            <dst id="HSTNng">6556.944</dst>
            <dst id="IPLSng">31450.5413333333</dst>
            <dst id="KSCYng">9919.24533333333</dst>
            <dst id="LOSAng">20479.2693333333</dst>
            <dst id="NYCMng">45587.8133333333</dst>
            <dst id="SNVAng">3005.87733333333</dst>
            <dst id="STTLng">13941.184</dst>
            <dst id="WASHng">47055.0186666667</dst>
        </src>
        <src id="KSCYng">
            <dst id="ATLA-M5">260.053333333333</dst>
            <dst id="ATLAng">3838.10666666667</dst>
            <dst id="CHINng">27998.4293333333</dst>
            <dst id="DNVRng">8695.52</dst>
            <dst id="HSTNng">7027.336</dst>
            <dst id="IPLSng">16472.296</dst>
            <dst id="KSCYng">7300.83466666667</dst>
            <dst id="LOSAng">6114.84266666667</dst>
            <dst id="NYCMng">11433.6853333333</dst>
            <dst id="SNVAng">2619.90933333333</dst>
            <dst id="STTLng">3825.06666666667</dst>
            <dst id="WASHng">13538.44</dst>
        </src>
        <src id="LOSAng">
            <dst id="ATLA-M5">837.181333333333</dst>
            <dst id="ATLAng">14867.864</dst>
            <dst id="CHINng">68045.7946666667</dst>
            <dst id="DNVRng">12353.032</dst>
            <dst id="HSTNng">16778.9333333333</dst>
            <dst id="IPLSng">40968.5946666667</dst>
            <dst id="KSCYng">7816.32</dst>
            <dst id="LOSAng">19628.0373333333</dst>
            <dst id="NYCMng">62591.9066666667</dst>
            <dst id="SNVAng">4893.91733333333</dst>
            <dst id="STTLng">28504.896</dst>
            <dst id="WASHng">63782.9893333333</dst>
        </src>
        <src id="NYCMng">
            <dst id="ATLA-M5">1576.53866666667</dst>
            <dst id="ATLAng">40653.7253333333</dst>
            <dst id="CHINng">65834.0773333333</dst>
            <dst id="DNVRng">26897.6106666667</dst>
            <dst id="HSTNng">41305.0853333333</dst>
            <dst id="IPLSng">91359.3413333333</dst>
            <dst id="KSCYng">32613.8133333333</dst>
            <dst id="LOSAng">73830.8826666667</dst>
            <dst id="NYCMng">153358.858666667</dst>
            <dst id="SNVAng">10238.5653333333</dst>
            <dst id="STTLng">32583.7786666667</dst>
            <dst id="WASHng">118626.378666667</dst>
        </src>
        <src id="SNVAng">
            <dst id="ATLA-M5">60.8906666666667</dst>
            <dst id="ATLAng">3581.93866666667</dst>
            <dst id="CHINng">3855.86933333333</dst>
            <dst id="DNVRng">11163.4</dst>
            <dst id="HSTNng">1789.02133333333</dst>
            <dst id="IPLSng">2079.29333333333</dst>
            <dst id="KSCYng">550.690666666667</dst>
            <dst id="LOSAng">3723.448</dst>
            <dst id="NYCMng">3656.016</dst>
            <dst id="SNVAng">551.701333333333</dst>
            <dst id="STTLng">3225.92</dst>
            <dst id="WASHng">2874.53066666667</dst>
        </src>
        <src id="STTLng">
            <dst id="ATLA-M5">182.328</dst>
            <dst id="ATLAng">17113.184</dst>
            <dst id="CHINng">36981.488</dst>
            <dst id="DNVRng">5067.608</dst>
            <dst id="HSTNng">4739.21333333333</dst>
            <dst id="IPLSng">13105.5493333333</dst>
            <dst id="KSCYng">5947.488</dst>
            <dst id="LOSAng">27907.464</dst>
            <dst id="NYCMng">24007.968</dst>
            <dst id="SNVAng">2895.35733333333</dst>
            <dst id="STTLng">5563.31466666667</dst>
            <dst id="WASHng">13459.3146666667</dst>
        </src>
        <src id="WASHng">
            <dst id="ATLA-M5">1367.456</dst>
            <dst id="ATLAng">136804.184</dst>
            <dst id="CHINng">124915.250666667</dst>
            <dst id="DNVRng">38612.7546666667</dst>
            <dst id="HSTNng">21723.0133333333</dst>
            <dst id="IPLSng">77217.8746666667</dst>
            <dst id="KSCYng">22628.752</dst>
            <dst id="LOSAng">70513.92</dst>
            <dst id="NYCMng">183352.754666667</dst>
            <dst id="SNVAng">10654.0586666667</dst>
            <dst id="STTLng">28760.6746666667</dst>
            <dst id="WASHng">172827.162666667</dst>
        </src>
    </IntraTM>
</TrafficMatrixFile>
