<?xml version="1.0" encoding="ISO-8859-1" standalone="yes"?>
<TrafficMatrixFile xsi:noNamespaceSchemaLocation="http://totem.run.montefiore.ulg.ac.be/Schema/TrafficMatrix-v1_2.xsd" xmlns:xsi="http://www.w3.org/2001/XMLSchema-instance">
    <IntraTM ASID="11537">
        <src id="ATLA-M5">
            <dst id="ATLA-M5">83.1893333333333</dst>
            <dst id="ATLAng">1463.14933333333</dst>
            <dst id="CHINng">1609.23733333333</dst>
            <dst id="DNVRng">0</dst>
            <dst id="HSTNng">123.456</dst>
            <dst id="IPLSng">113.664</dst>
            <dst id="KSCYng">185.989333333333</dst>
            <dst id="LOSAng">283.989333333333</dst>
            <dst id="NYCMng">714.365333333333</dst>
            <dst id="SNVAng">40</dst>
            <dst id="STTLng">233.594666666667</dst>
            <dst id="WASHng">3983.38133333333</dst>
        </src>
        <src id="ATLAng">
            <dst id="ATLA-M5">301.333333333333</dst>
            <dst id="ATLAng">77522.3866666667</dst>
            <dst id="CHINng">17741.5866666667</dst>
            <dst id="DNVRng">8601.23733333333</dst>
            <dst id="HSTNng">3457.53333333333</dst>
            <dst id="IPLSng">19178.0906666667</dst>
            <dst id="KSCYng">5686.30666666667</dst>
            <dst id="LOSAng">11004.352</dst>
            <dst id="NYCMng">16489.408</dst>
            <dst id="SNVAng">1403.19466666667</dst>
            <dst id="STTLng">4068.968</dst>
            <dst id="WASHng">83341.4773333333</dst>
        </src>
        <src id="CHINng">
            <dst id="ATLA-M5">96.184</dst>
            <dst id="ATLAng">17512.5093333333</dst>
            <dst id="CHINng">49004.472</dst>
            <dst id="DNVRng">6325.62933333333</dst>
            <dst id="HSTNng">5681.65333333333</dst>
            <dst id="IPLSng">15675.064</dst>
            <dst id="KSCYng">6693.84533333333</dst>
            <dst id="LOSAng">27435.9946666667</dst>
            <dst id="NYCMng">4166.888</dst>
            <dst id="SNVAng">2004.31466666667</dst>
            <dst id="STTLng">5810.184</dst>
            <dst id="WASHng">8766.22666666667</dst>
        </src>
        <src id="DNVRng">
            <dst id="ATLA-M5">67.0933333333333</dst>
            <dst id="ATLAng">10866.184</dst>
            <dst id="CHINng">68064.72</dst>
            <dst id="DNVRng">14429.8</dst>
            <dst id="HSTNng">11761.6266666667</dst>
            <dst id="IPLSng">32291.0213333333</dst>
            <dst id="KSCYng">14663.2693333333</dst>
            <dst id="LOSAng">6376.34933333333</dst>
            <dst id="NYCMng">29568.5706666667</dst>
            <dst id="SNVAng">8567.664</dst>
            <dst id="STTLng">20889.3413333333</dst>
            <dst id="WASHng">54217.128</dst>
        </src>
        <src id="HSTNng">
            <dst id="ATLA-M5">472.762666666667</dst>
            <dst id="ATLAng">3293.01333333333</dst>
            <dst id="CHINng">45811.8826666667</dst>
            <dst id="DNVRng">4080.80533333333</dst>
            <dst id="HSTNng">3460.856</dst>
            <dst id="IPLSng">4452.28533333333</dst>
            <dst id="KSCYng">1834.89333333333</dst>
            <dst id="LOSAng">96870.8666666667</dst>
            <dst id="NYCMng">9056.15733333333</dst>
            <dst id="SNVAng">1495.424</dst>
            <dst id="STTLng">2837.296</dst>
            <dst id="WASHng">4767.17866666667</dst>
        </src>
        <src id="IPLSng">
            <dst id="ATLA-M5">186.496</dst>
            <dst id="ATLAng">20961.9093333333</dst>
            <dst id="CHINng">126015.549333333</dst>
            <dst id="DNVRng">18864.704</dst>
            <dst id="HSTNng">9340.63733333333</dst>
            <dst id="IPLSng">55055.2666666667</dst>
            <dst id="KSCYng">13085.4613333333</dst>
            <dst id="LOSAng">19689.32</dst>
            <dst id="NYCMng">27115.1653333333</dst>
            <dst id="SNVAng">3094.01866666667</dst>
            <dst id="STTLng">13836.944</dst>
            <dst id="WASHng">66031.736</dst>
        </src>
        <src id="KSCYng">
            <dst id="ATLA-M5">287.853333333333</dst>
            <dst id="ATLAng">6334.78133333333</dst>
            <dst id="CHINng">48074.04</dst>
            <dst id="DNVRng">8502.12533333333</dst>
            <dst id="HSTNng">3083.42133333333</dst>
            <dst id="IPLSng">18444.5493333333</dst>
            <dst id="KSCYng">6844.52266666667</dst>
            <dst id="LOSAng">4796.39466666667</dst>
            <dst id="NYCMng">8597.98933333333</dst>
            <dst id="SNVAng">1611.18666666667</dst>
            <dst id="STTLng">3887.49866666667</dst>
            <dst id="WASHng">15218.5786666667</dst>
        </src>
        <src id="LOSAng">
            <dst id="ATLA-M5">468.213333333333</dst>
            <dst id="ATLAng">15907.6533333333</dst>
            <dst id="CHINng">149341.733333333</dst>
            <dst id="DNVRng">18195.744</dst>
            <dst id="HSTNng">5538.36</dst>
            <dst id="IPLSng">39653.5626666667</dst>
            <dst id="KSCYng">6220.336</dst>
            <dst id="LOSAng">13314.7573333333</dst>
            <dst id="NYCMng">57862.864</dst>
            <dst id="SNVAng">7046.16533333333</dst>
            <dst id="STTLng">21155.9573333333</dst>
            <dst id="WASHng">68277.5333333334</dst>
        </src>
        <src id="NYCMng">
            <dst id="ATLA-M5">329.122666666667</dst>
            <dst id="ATLAng">49523.0586666667</dst>
            <dst id="CHINng">72431.2106666667</dst>
            <dst id="DNVRng">28049.4346666667</dst>
            <dst id="HSTNng">19412.0186666667</dst>
            <dst id="IPLSng">82118.8186666667</dst>
            <dst id="KSCYng">18151.8373333333</dst>
            <dst id="LOSAng">59816.8586666667</dst>
            <dst id="NYCMng">170019.341333333</dst>
            <dst id="SNVAng">9591.904</dst>
            <dst id="STTLng">27755.2346666667</dst>
            <dst id="WASHng">80250.008</dst>
        </src>
        <src id="SNVAng">
            <dst id="ATLA-M5">0</dst>
            <dst id="ATLAng">395.034666666667</dst>
            <dst id="CHINng">6590.51466666667</dst>
            <dst id="DNVRng">6904.79733333333</dst>
            <dst id="HSTNng">345.858666666667</dst>
            <dst id="IPLSng">1453.63466666667</dst>
            <dst id="KSCYng">1101.38933333333</dst>
            <dst id="LOSAng">31327.4986666667</dst>
            <dst id="NYCMng">2540.93866666667</dst>
            <dst id="SNVAng">13193.888</dst>
            <dst id="STTLng">61710.6266666667</dst>
            <dst id="WASHng">1428.744</dst>
        </src>
        <src id="STTLng">
            <dst id="ATLA-M5">201.656</dst>
            <dst id="ATLAng">9507.28266666667</dst>
            <dst id="CHINng">72764.128</dst>
            <dst id="DNVRng">2349.06133333333</dst>
            <dst id="HSTNng">2168.728</dst>
            <dst id="IPLSng">19912.712</dst>
            <dst id="KSCYng">3283.552</dst>
            <dst id="LOSAng">22483.2933333333</dst>
            <dst id="NYCMng">28340.2266666667</dst>
            <dst id="SNVAng">4468.00266666667</dst>
            <dst id="STTLng">11822.1386666667</dst>
            <dst id="WASHng">12317.0133333333</dst>
        </src>
        <src id="WASHng">
            <dst id="ATLA-M5">223.309333333333</dst>
            <dst id="ATLAng">92427.6106666667</dst>
            <dst id="CHINng">82064.4853333333</dst>
            <dst id="DNVRng">44771.7066666667</dst>
            <dst id="HSTNng">16965.2853333333</dst>
            <dst id="IPLSng">58581.6373333333</dst>
            <dst id="KSCYng">21409.8293333333</dst>
            <dst id="LOSAng">69270.1253333333</dst>
            <dst id="NYCMng">190867.12</dst>
            <dst id="SNVAng">2523.55466666667</dst>
            <dst id="STTLng">30259.4213333333</dst>
            <dst id="WASHng">377759.973333333</dst>
        </src>
    </IntraTM>
</TrafficMatrixFile>
