<?xml version="1.0" encoding="ISO-8859-1" standalone="yes"?>
<TrafficMatrixFile xsi:noNamespaceSchemaLocation="http://totem.run.montefiore.ulg.ac.be/Schema/TrafficMatrix-v1_2.xsd" xmlns:xsi="http://www.w3.org/2001/XMLSchema-instance">
    <IntraTM ASID="11537">
        <src id="ATLA-M5">
            <dst id="ATLA-M5">392.589333333333</dst>
            <dst id="ATLAng">504.357333333333</dst>
            <dst id="CHINng">690.010666666667</dst>
            <dst id="DNVRng">536.2</dst>
            <dst id="HSTNng">316.554666666667</dst>
            <dst id="IPLSng">438.810666666667</dst>
            <dst id="KSCYng">573.018666666667</dst>
            <dst id="LOSAng">158.106666666667</dst>
            <dst id="NYCMng">552.125333333333</dst>
            <dst id="SNVAng">248.613333333333</dst>
            <dst id="STTLng">162.936</dst>
            <dst id="WASHng">2025.536</dst>
        </src>
        <src id="ATLAng">
            <dst id="ATLA-M5">560.856</dst>
            <dst id="ATLAng">35201.5546666667</dst>
            <dst id="CHINng">32365.32</dst>
            <dst id="DNVRng">3043.008</dst>
            <dst id="HSTNng">4510.97066666667</dst>
            <dst id="IPLSng">18637.9093333333</dst>
            <dst id="KSCYng">4190.57866666667</dst>
            <dst id="LOSAng">19476.952</dst>
            <dst id="NYCMng">9881.576</dst>
            <dst id="SNVAng">3337.264</dst>
            <dst id="STTLng">10010.3653333333</dst>
            <dst id="WASHng">72781.2453333333</dst>
        </src>
        <src id="CHINng">
            <dst id="ATLA-M5">473.370666666667</dst>
            <dst id="ATLAng">15283.9866666667</dst>
            <dst id="CHINng">47239.9466666667</dst>
            <dst id="DNVRng">17060.9866666667</dst>
            <dst id="HSTNng">5573.97866666667</dst>
            <dst id="IPLSng">24973.7813333333</dst>
            <dst id="KSCYng">8694.68533333333</dst>
            <dst id="LOSAng">15620.0693333333</dst>
            <dst id="NYCMng">5076.42133333333</dst>
            <dst id="SNVAng">2029.688</dst>
            <dst id="STTLng">6265.67733333333</dst>
            <dst id="WASHng">6681.47466666667</dst>
        </src>
        <src id="DNVRng">
            <dst id="ATLA-M5">162.162666666667</dst>
            <dst id="ATLAng">6817.48266666667</dst>
            <dst id="CHINng">42919.4213333333</dst>
            <dst id="DNVRng">5079.144</dst>
            <dst id="HSTNng">3480.46933333333</dst>
            <dst id="IPLSng">11733.512</dst>
            <dst id="KSCYng">12363.0346666667</dst>
            <dst id="LOSAng">8395.13066666667</dst>
            <dst id="NYCMng">7907.83466666667</dst>
            <dst id="SNVAng">11462.576</dst>
            <dst id="STTLng">11605.712</dst>
            <dst id="WASHng">13874.9626666667</dst>
        </src>
        <src id="HSTNng">
            <dst id="ATLA-M5">3846.784</dst>
            <dst id="ATLAng">1830.464</dst>
            <dst id="CHINng">23271.64</dst>
            <dst id="DNVRng">5409.55466666667</dst>
            <dst id="HSTNng">5571.504</dst>
            <dst id="IPLSng">9408.30133333333</dst>
            <dst id="KSCYng">2107.25066666667</dst>
            <dst id="LOSAng">14805.4133333333</dst>
            <dst id="NYCMng">6741.46133333333</dst>
            <dst id="SNVAng">3332.432</dst>
            <dst id="STTLng">4257</dst>
            <dst id="WASHng">4717.02666666667</dst>
        </src>
        <src id="IPLSng">
            <dst id="ATLA-M5">7039.59466666667</dst>
            <dst id="ATLAng">5863.08533333333</dst>
            <dst id="CHINng">99848.7093333333</dst>
            <dst id="DNVRng">10697.632</dst>
            <dst id="HSTNng">7964.38933333334</dst>
            <dst id="IPLSng">21709.2693333333</dst>
            <dst id="KSCYng">10564.3546666667</dst>
            <dst id="LOSAng">14863.7493333333</dst>
            <dst id="NYCMng">23591.1866666667</dst>
            <dst id="SNVAng">6859.24</dst>
            <dst id="STTLng">14012.496</dst>
            <dst id="WASHng">26865.464</dst>
        </src>
        <src id="KSCYng">
            <dst id="ATLA-M5">543.013333333333</dst>
            <dst id="ATLAng">4956.18133333333</dst>
            <dst id="CHINng">35246.2613333333</dst>
            <dst id="DNVRng">5416.73066666667</dst>
            <dst id="HSTNng">3072.55466666667</dst>
            <dst id="IPLSng">11676.352</dst>
            <dst id="KSCYng">6536.84</dst>
            <dst id="LOSAng">5489.54666666667</dst>
            <dst id="NYCMng">10241.0986666667</dst>
            <dst id="SNVAng">880.818666666667</dst>
            <dst id="STTLng">6009.66133333333</dst>
            <dst id="WASHng">9682.57066666667</dst>
        </src>
        <src id="LOSAng">
            <dst id="ATLA-M5">147.858666666667</dst>
            <dst id="ATLAng">11229.0026666667</dst>
            <dst id="CHINng">134566.698666667</dst>
            <dst id="DNVRng">6179.74666666667</dst>
            <dst id="HSTNng">12570.8933333333</dst>
            <dst id="IPLSng">32146.8773333333</dst>
            <dst id="KSCYng">9950.56</dst>
            <dst id="LOSAng">16358.0826666667</dst>
            <dst id="NYCMng">58179.488</dst>
            <dst id="SNVAng">5415.21066666667</dst>
            <dst id="STTLng">24129.3306666667</dst>
            <dst id="WASHng">50540.8453333333</dst>
        </src>
        <src id="NYCMng">
            <dst id="ATLA-M5">1132.06666666667</dst>
            <dst id="ATLAng">29571.6213333333</dst>
            <dst id="CHINng">65314.2026666667</dst>
            <dst id="DNVRng">22731.3226666667</dst>
            <dst id="HSTNng">29443.904</dst>
            <dst id="IPLSng">39638.184</dst>
            <dst id="KSCYng">21222.3413333333</dst>
            <dst id="LOSAng">65589.752</dst>
            <dst id="NYCMng">156925.232</dst>
            <dst id="SNVAng">10104.4773333333</dst>
            <dst id="STTLng">24752.8026666667</dst>
            <dst id="WASHng">62197.68</dst>
        </src>
        <src id="SNVAng">
            <dst id="ATLA-M5">26.6666666666667</dst>
            <dst id="ATLAng">679.986666666667</dst>
            <dst id="CHINng">5997.37333333333</dst>
            <dst id="DNVRng">18253.5013333333</dst>
            <dst id="HSTNng">992.501333333333</dst>
            <dst id="IPLSng">2097.64</dst>
            <dst id="KSCYng">655.416</dst>
            <dst id="LOSAng">9148.072</dst>
            <dst id="NYCMng">1894.93333333333</dst>
            <dst id="SNVAng">1512.58666666667</dst>
            <dst id="STTLng">6828.82933333334</dst>
            <dst id="WASHng">2132.80533333333</dst>
        </src>
        <src id="STTLng">
            <dst id="ATLA-M5">60.5013333333333</dst>
            <dst id="ATLAng">7442.712</dst>
            <dst id="CHINng">65506.832</dst>
            <dst id="DNVRng">5037.70933333333</dst>
            <dst id="HSTNng">1591.19466666667</dst>
            <dst id="IPLSng">4926.00266666667</dst>
            <dst id="KSCYng">3292.992</dst>
            <dst id="LOSAng">22416.7893333333</dst>
            <dst id="NYCMng">19903.0933333333</dst>
            <dst id="SNVAng">3479.656</dst>
            <dst id="STTLng">4438.312</dst>
            <dst id="WASHng">8787.51466666667</dst>
        </src>
        <src id="WASHng">
            <dst id="ATLA-M5">131.365333333333</dst>
            <dst id="ATLAng">100829.389333333</dst>
            <dst id="CHINng">70866.5226666667</dst>
            <dst id="DNVRng">31932.096</dst>
            <dst id="HSTNng">15129.0266666667</dst>
            <dst id="IPLSng">35382.6693333333</dst>
            <dst id="KSCYng">16863.432</dst>
            <dst id="LOSAng">59822.0506666667</dst>
            <dst id="NYCMng">123135.76</dst>
            <dst id="SNVAng">3144.48266666667</dst>
            <dst id="STTLng">30333.592</dst>
            <dst id="WASHng">350435.84</dst>
        </src>
    </IntraTM>
</TrafficMatrixFile>
