<?xml version="1.0" encoding="ISO-8859-1" standalone="yes"?>
<TrafficMatrixFile xsi:noNamespaceSchemaLocation="http://totem.run.montefiore.ulg.ac.be/Schema/TrafficMatrix-v1_2.xsd" xmlns:xsi="http://www.w3.org/2001/XMLSchema-instance">
    <IntraTM ASID="11537">
        <src id="ATLA-M5">
            <dst id="ATLA-M5">242.672</dst>
            <dst id="ATLAng">1252.472</dst>
            <dst id="CHINng">1798.88533333333</dst>
            <dst id="DNVRng">778.56</dst>
            <dst id="HSTNng">308.106666666667</dst>
            <dst id="IPLSng">803.882666666667</dst>
            <dst id="KSCYng">477.536</dst>
            <dst id="LOSAng">281.034666666667</dst>
            <dst id="NYCMng">401.050666666667</dst>
            <dst id="SNVAng">238.237333333333</dst>
            <dst id="STTLng">80</dst>
            <dst id="WASHng">2957.648</dst>
        </src>
        <src id="ATLAng">
            <dst id="ATLA-M5">1575.60533333333</dst>
            <dst id="ATLAng">26456.3546666667</dst>
            <dst id="CHINng">37548.2</dst>
            <dst id="DNVRng">5779.76266666667</dst>
            <dst id="HSTNng">11479.2453333333</dst>
            <dst id="IPLSng">41323.488</dst>
            <dst id="KSCYng">15657.0773333333</dst>
            <dst id="LOSAng">13639.2373333333</dst>
            <dst id="NYCMng">15917.7013333333</dst>
            <dst id="SNVAng">2481.104</dst>
            <dst id="STTLng">6212.088</dst>
            <dst id="WASHng">101369.442666667</dst>
        </src>
        <src id="CHINng">
            <dst id="ATLA-M5">737.133333333333</dst>
            <dst id="ATLAng">28726.2026666667</dst>
            <dst id="CHINng">54607.3226666667</dst>
            <dst id="DNVRng">8188.08533333333</dst>
            <dst id="HSTNng">7547.8</dst>
            <dst id="IPLSng">41299.432</dst>
            <dst id="KSCYng">5368.53333333333</dst>
            <dst id="LOSAng">17792.0986666667</dst>
            <dst id="NYCMng">6561.70666666667</dst>
            <dst id="SNVAng">2474.576</dst>
            <dst id="STTLng">4192.736</dst>
            <dst id="WASHng">19671.5973333333</dst>
        </src>
        <src id="DNVRng">
            <dst id="ATLA-M5">1603.624</dst>
            <dst id="ATLAng">26244.0373333333</dst>
            <dst id="CHINng">79376.736</dst>
            <dst id="DNVRng">17668.0666666667</dst>
            <dst id="HSTNng">12296.0106666667</dst>
            <dst id="IPLSng">34553.3946666667</dst>
            <dst id="KSCYng">34091.944</dst>
            <dst id="LOSAng">7862.61066666666</dst>
            <dst id="NYCMng">25020.7573333333</dst>
            <dst id="SNVAng">12076.5786666667</dst>
            <dst id="STTLng">18009.3013333333</dst>
            <dst id="WASHng">58212.8933333333</dst>
        </src>
        <src id="HSTNng">
            <dst id="ATLA-M5">343.314666666667</dst>
            <dst id="ATLAng">5348.17866666667</dst>
            <dst id="CHINng">27984.904</dst>
            <dst id="DNVRng">1620.024</dst>
            <dst id="HSTNng">17042.736</dst>
            <dst id="IPLSng">10103.9573333333</dst>
            <dst id="KSCYng">2825.904</dst>
            <dst id="LOSAng">96667.432</dst>
            <dst id="NYCMng">13342.9013333333</dst>
            <dst id="SNVAng">2740.736</dst>
            <dst id="STTLng">1811.032</dst>
            <dst id="WASHng">14633.9626666667</dst>
        </src>
        <src id="IPLSng">
            <dst id="ATLA-M5">13904.0773333333</dst>
            <dst id="ATLAng">24020.7413333333</dst>
            <dst id="CHINng">154728.477333333</dst>
            <dst id="DNVRng">16262.3653333333</dst>
            <dst id="HSTNng">5461.112</dst>
            <dst id="IPLSng">40118.0426666667</dst>
            <dst id="KSCYng">20123.1866666667</dst>
            <dst id="LOSAng">80504.5066666667</dst>
            <dst id="NYCMng">52041.9573333333</dst>
            <dst id="SNVAng">9382.26933333333</dst>
            <dst id="STTLng">20664.9946666667</dst>
            <dst id="WASHng">99696.9306666667</dst>
        </src>
        <src id="KSCYng">
            <dst id="ATLA-M5">488.661333333333</dst>
            <dst id="ATLAng">14392.5626666667</dst>
            <dst id="CHINng">48957.7893333333</dst>
            <dst id="DNVRng">9617.80533333333</dst>
            <dst id="HSTNng">3179.89333333333</dst>
            <dst id="IPLSng">13095.4826666667</dst>
            <dst id="KSCYng">15747.104</dst>
            <dst id="LOSAng">5699.40533333333</dst>
            <dst id="NYCMng">8614.60533333333</dst>
            <dst id="SNVAng">1534.44266666667</dst>
            <dst id="STTLng">3141.368</dst>
            <dst id="WASHng">14601.9973333333</dst>
        </src>
        <src id="LOSAng">
            <dst id="ATLA-M5">1097.29333333333</dst>
            <dst id="ATLAng">43865.6186666667</dst>
            <dst id="CHINng">153462.586666667</dst>
            <dst id="DNVRng">11685.2613333333</dst>
            <dst id="HSTNng">13300.3866666667</dst>
            <dst id="IPLSng">45843.44</dst>
            <dst id="KSCYng">21224.9413333333</dst>
            <dst id="LOSAng">13474.8293333333</dst>
            <dst id="NYCMng">56985.1306666667</dst>
            <dst id="SNVAng">10033.3146666667</dst>
            <dst id="STTLng">23373.768</dst>
            <dst id="WASHng">75585.016</dst>
        </src>
        <src id="NYCMng">
            <dst id="ATLA-M5">2697.624</dst>
            <dst id="ATLAng">62169.528</dst>
            <dst id="CHINng">74751.1306666667</dst>
            <dst id="DNVRng">35279.9893333333</dst>
            <dst id="HSTNng">19287.5493333333</dst>
            <dst id="IPLSng">78978.792</dst>
            <dst id="KSCYng">36966.2506666667</dst>
            <dst id="LOSAng">52815.3146666667</dst>
            <dst id="NYCMng">157085.496</dst>
            <dst id="SNVAng">9789.592</dst>
            <dst id="STTLng">21550.688</dst>
            <dst id="WASHng">117021.029333333</dst>
        </src>
        <src id="SNVAng">
            <dst id="ATLA-M5">0</dst>
            <dst id="ATLAng">882.541333333333</dst>
            <dst id="CHINng">8898.86666666667</dst>
            <dst id="DNVRng">6077.81866666667</dst>
            <dst id="HSTNng">2834.76266666667</dst>
            <dst id="IPLSng">1773.112</dst>
            <dst id="KSCYng">1425.432</dst>
            <dst id="LOSAng">33557.328</dst>
            <dst id="NYCMng">1699.02933333333</dst>
            <dst id="SNVAng">15736.1013333333</dst>
            <dst id="STTLng">68175.7653333333</dst>
            <dst id="WASHng">3213.136</dst>
        </src>
        <src id="STTLng">
            <dst id="ATLA-M5">1023.664</dst>
            <dst id="ATLAng">11800.08</dst>
            <dst id="CHINng">94300.2506666666</dst>
            <dst id="DNVRng">5082.32533333333</dst>
            <dst id="HSTNng">8341.34666666667</dst>
            <dst id="IPLSng">25969.768</dst>
            <dst id="KSCYng">7816.74133333333</dst>
            <dst id="LOSAng">25712.5493333333</dst>
            <dst id="NYCMng">25616.816</dst>
            <dst id="SNVAng">5689.304</dst>
            <dst id="STTLng">23783.4826666667</dst>
            <dst id="WASHng">25402.784</dst>
        </src>
        <src id="WASHng">
            <dst id="ATLA-M5">3352.89066666667</dst>
            <dst id="ATLAng">115586.949333333</dst>
            <dst id="CHINng">97390.4133333333</dst>
            <dst id="DNVRng">51124.432</dst>
            <dst id="HSTNng">31649.6346666667</dst>
            <dst id="IPLSng">81280.5493333333</dst>
            <dst id="KSCYng">34223.7066666667</dst>
            <dst id="LOSAng">82657.064</dst>
            <dst id="NYCMng">219803.282666667</dst>
            <dst id="SNVAng">7355.104</dst>
            <dst id="STTLng">37379.5546666667</dst>
            <dst id="WASHng">367759.973333333</dst>
        </src>
    </IntraTM>
</TrafficMatrixFile>
