<?xml version="1.0" encoding="ISO-8859-1" standalone="yes"?>
<TrafficMatrixFile xsi:noNamespaceSchemaLocation="http://totem.run.montefiore.ulg.ac.be/Schema/TrafficMatrix-v1_2.xsd" xmlns:xsi="http://www.w3.org/2001/XMLSchema-instance">
    <IntraTM ASID="11537">
        <src id="ATLA-M5">
            <dst id="ATLA-M5">165.301333333333</dst>
            <dst id="ATLAng">716.226666666667</dst>
            <dst id="CHINng">4270.37066666667</dst>
            <dst id="DNVRng">156.496</dst>
            <dst id="HSTNng">970.861333333333</dst>
            <dst id="IPLSng">5028.32266666667</dst>
            <dst id="KSCYng">288.722666666667</dst>
            <dst id="LOSAng">949.528</dst>
            <dst id="NYCMng">1246.18933333333</dst>
            <dst id="SNVAng">384.96</dst>
            <dst id="STTLng">318.312</dst>
            <dst id="WASHng">1679.63733333333</dst>
        </src>
        <src id="ATLAng">
            <dst id="ATLA-M5">1445.05866666667</dst>
            <dst id="ATLAng">24610.84</dst>
            <dst id="CHINng">24055.152</dst>
            <dst id="DNVRng">9525.736</dst>
            <dst id="HSTNng">31485.9066666667</dst>
            <dst id="IPLSng">30837.584</dst>
            <dst id="KSCYng">9191.35466666667</dst>
            <dst id="LOSAng">18053.944</dst>
            <dst id="NYCMng">20468.5333333333</dst>
            <dst id="SNVAng">2861.94133333333</dst>
            <dst id="STTLng">10094.6266666667</dst>
            <dst id="WASHng">73719.0426666667</dst>
        </src>
        <src id="CHINng">
            <dst id="ATLA-M5">4374.02133333333</dst>
            <dst id="ATLAng">17365.104</dst>
            <dst id="CHINng">34104.6746666667</dst>
            <dst id="DNVRng">10280.408</dst>
            <dst id="HSTNng">14481.0773333333</dst>
            <dst id="IPLSng">51290.16</dst>
            <dst id="KSCYng">6392.81066666667</dst>
            <dst id="LOSAng">34332.9066666667</dst>
            <dst id="NYCMng">4845.2</dst>
            <dst id="SNVAng">3494.12266666667</dst>
            <dst id="STTLng">8704.96266666667</dst>
            <dst id="WASHng">20397.016</dst>
        </src>
        <src id="DNVRng">
            <dst id="ATLA-M5">607.042666666667</dst>
            <dst id="ATLAng">8480.20266666667</dst>
            <dst id="CHINng">56605.8373333333</dst>
            <dst id="DNVRng">18605.3866666667</dst>
            <dst id="HSTNng">17164.0666666667</dst>
            <dst id="IPLSng">36306.2853333333</dst>
            <dst id="KSCYng">20899.3226666667</dst>
            <dst id="LOSAng">9917.05333333333</dst>
            <dst id="NYCMng">22108.744</dst>
            <dst id="SNVAng">10181.6533333333</dst>
            <dst id="STTLng">15004.616</dst>
            <dst id="WASHng">64086.9653333333</dst>
        </src>
        <src id="HSTNng">
            <dst id="ATLA-M5">355.101333333333</dst>
            <dst id="ATLAng">8412.89333333333</dst>
            <dst id="CHINng">29633.8266666667</dst>
            <dst id="DNVRng">7093.65066666667</dst>
            <dst id="HSTNng">9328.656</dst>
            <dst id="IPLSng">14647.288</dst>
            <dst id="KSCYng">2913.40266666667</dst>
            <dst id="LOSAng">107423.032</dst>
            <dst id="NYCMng">9573.60533333333</dst>
            <dst id="SNVAng">1764.77066666667</dst>
            <dst id="STTLng">4466.688</dst>
            <dst id="WASHng">12934.032</dst>
        </src>
        <src id="IPLSng">
            <dst id="ATLA-M5">690.936</dst>
            <dst id="ATLAng">19376.0826666667</dst>
            <dst id="CHINng">85295.664</dst>
            <dst id="DNVRng">28731.824</dst>
            <dst id="HSTNng">10216.4133333333</dst>
            <dst id="IPLSng">37609.8186666667</dst>
            <dst id="KSCYng">42231.672</dst>
            <dst id="LOSAng">27870.248</dst>
            <dst id="NYCMng">50110.5866666667</dst>
            <dst id="SNVAng">4775.67466666667</dst>
            <dst id="STTLng">12966.9066666667</dst>
            <dst id="WASHng">60035.9013333333</dst>
        </src>
        <src id="KSCYng">
            <dst id="ATLA-M5">779.234666666667</dst>
            <dst id="ATLAng">9475.72266666667</dst>
            <dst id="CHINng">32457.0106666667</dst>
            <dst id="DNVRng">8038.13333333333</dst>
            <dst id="HSTNng">4305.64533333333</dst>
            <dst id="IPLSng">13649.04</dst>
            <dst id="KSCYng">10346.032</dst>
            <dst id="LOSAng">5670.44533333333</dst>
            <dst id="NYCMng">10700.5146666667</dst>
            <dst id="SNVAng">2946.50666666667</dst>
            <dst id="STTLng">5491.968</dst>
            <dst id="WASHng">14964.072</dst>
        </src>
        <src id="LOSAng">
            <dst id="ATLA-M5">936.912</dst>
            <dst id="ATLAng">49756.864</dst>
            <dst id="CHINng">108928.84</dst>
            <dst id="DNVRng">14155.6346666667</dst>
            <dst id="HSTNng">14047.096</dst>
            <dst id="IPLSng">52359.0586666667</dst>
            <dst id="KSCYng">11252.5893333333</dst>
            <dst id="LOSAng">15677.432</dst>
            <dst id="NYCMng">63619.9653333333</dst>
            <dst id="SNVAng">10780.7173333333</dst>
            <dst id="STTLng">37933.7306666667</dst>
            <dst id="WASHng">76433.9546666667</dst>
        </src>
        <src id="NYCMng">
            <dst id="ATLA-M5">3163.95733333333</dst>
            <dst id="ATLAng">48689.936</dst>
            <dst id="CHINng">72933.4693333333</dst>
            <dst id="DNVRng">46418.7653333334</dst>
            <dst id="HSTNng">46930.1413333333</dst>
            <dst id="IPLSng">84633.7306666667</dst>
            <dst id="KSCYng">23475.04</dst>
            <dst id="LOSAng">95747.712</dst>
            <dst id="NYCMng">138317.592</dst>
            <dst id="SNVAng">17873.0693333333</dst>
            <dst id="STTLng">41007.1386666667</dst>
            <dst id="WASHng">161159.112</dst>
        </src>
        <src id="SNVAng">
            <dst id="ATLA-M5">117.922666666667</dst>
            <dst id="ATLAng">1794.48266666667</dst>
            <dst id="CHINng">4567.68</dst>
            <dst id="DNVRng">11272.56</dst>
            <dst id="HSTNng">1505.32266666667</dst>
            <dst id="IPLSng">3827.62666666667</dst>
            <dst id="KSCYng">1336.408</dst>
            <dst id="LOSAng">39620.936</dst>
            <dst id="NYCMng">2706.37866666667</dst>
            <dst id="SNVAng">20088.6186666667</dst>
            <dst id="STTLng">65933.7706666667</dst>
            <dst id="WASHng">2545.32</dst>
        </src>
        <src id="STTLng">
            <dst id="ATLA-M5">194.733333333333</dst>
            <dst id="ATLAng">13705.968</dst>
            <dst id="CHINng">47496.3786666667</dst>
            <dst id="DNVRng">5916.41866666667</dst>
            <dst id="HSTNng">4115.78933333333</dst>
            <dst id="IPLSng">17670.8213333333</dst>
            <dst id="KSCYng">5453.02133333333</dst>
            <dst id="LOSAng">38468.744</dst>
            <dst id="NYCMng">26264.2026666667</dst>
            <dst id="SNVAng">8622.34666666667</dst>
            <dst id="STTLng">17481.7466666667</dst>
            <dst id="WASHng">19965.816</dst>
        </src>
        <src id="WASHng">
            <dst id="ATLA-M5">1250.59466666667</dst>
            <dst id="ATLAng">148109.114666667</dst>
            <dst id="CHINng">96166.704</dst>
            <dst id="DNVRng">52285.5706666667</dst>
            <dst id="HSTNng">23875.9173333333</dst>
            <dst id="IPLSng">85811.704</dst>
            <dst id="KSCYng">13458.3946666667</dst>
            <dst id="LOSAng">88738.6186666666</dst>
            <dst id="NYCMng">223681.266666667</dst>
            <dst id="SNVAng">26330.248</dst>
            <dst id="STTLng">39903.6186666667</dst>
            <dst id="WASHng">256179.954666667</dst>
        </src>
    </IntraTM>
</TrafficMatrixFile>
