<?xml version="1.0" encoding="ISO-8859-1" standalone="yes"?>
<TrafficMatrixFile xsi:noNamespaceSchemaLocation="http://totem.run.montefiore.ulg.ac.be/Schema/TrafficMatrix-v1_2.xsd" xmlns:xsi="http://www.w3.org/2001/XMLSchema-instance">
    <IntraTM ASID="11537">
        <src id="ATLA-M5">
            <dst id="ATLA-M5">78.1866666666667</dst>
            <dst id="ATLAng">1694.02133333333</dst>
            <dst id="CHINng">2000.24266666667</dst>
            <dst id="DNVRng">834.434666666667</dst>
            <dst id="HSTNng">521.976</dst>
            <dst id="IPLSng">3102.608</dst>
            <dst id="KSCYng">249.36</dst>
            <dst id="LOSAng">721.144</dst>
            <dst id="NYCMng">1056.65066666667</dst>
            <dst id="SNVAng">355.992</dst>
            <dst id="STTLng">133.333333333333</dst>
            <dst id="WASHng">2283.176</dst>
        </src>
        <src id="ATLAng">
            <dst id="ATLA-M5">666.002666666667</dst>
            <dst id="ATLAng">65137.544</dst>
            <dst id="CHINng">31171.3013333333</dst>
            <dst id="DNVRng">11233.1866666667</dst>
            <dst id="HSTNng">7212.06666666666</dst>
            <dst id="IPLSng">24657.336</dst>
            <dst id="KSCYng">9574.97866666667</dst>
            <dst id="LOSAng">31150.064</dst>
            <dst id="NYCMng">34548.128</dst>
            <dst id="SNVAng">2471.14933333333</dst>
            <dst id="STTLng">10268.6826666667</dst>
            <dst id="WASHng">118211.04</dst>
        </src>
        <src id="CHINng">
            <dst id="ATLA-M5">4818.44266666667</dst>
            <dst id="ATLAng">19332.28</dst>
            <dst id="CHINng">34842.8853333333</dst>
            <dst id="DNVRng">11761.2586666667</dst>
            <dst id="HSTNng">13758.2346666667</dst>
            <dst id="IPLSng">39288.2613333333</dst>
            <dst id="KSCYng">7263.528</dst>
            <dst id="LOSAng">38010.288</dst>
            <dst id="NYCMng">6206.83733333333</dst>
            <dst id="SNVAng">11372.1653333333</dst>
            <dst id="STTLng">11289.88</dst>
            <dst id="WASHng">29046.232</dst>
        </src>
        <src id="DNVRng">
            <dst id="ATLA-M5">1008.98933333333</dst>
            <dst id="ATLAng">8136.65333333333</dst>
            <dst id="CHINng">62444.3146666667</dst>
            <dst id="DNVRng">19475.2186666667</dst>
            <dst id="HSTNng">19002.5866666667</dst>
            <dst id="IPLSng">33528.48</dst>
            <dst id="KSCYng">20311.3093333333</dst>
            <dst id="LOSAng">28019.432</dst>
            <dst id="NYCMng">22200.2826666667</dst>
            <dst id="SNVAng">12313.9973333333</dst>
            <dst id="STTLng">17754.8213333333</dst>
            <dst id="WASHng">57696.328</dst>
        </src>
        <src id="HSTNng">
            <dst id="ATLA-M5">1222.61866666667</dst>
            <dst id="ATLAng">5108.54133333333</dst>
            <dst id="CHINng">17014.688</dst>
            <dst id="DNVRng">6748.94933333333</dst>
            <dst id="HSTNng">11871.872</dst>
            <dst id="IPLSng">13676.2293333333</dst>
            <dst id="KSCYng">3320.22933333333</dst>
            <dst id="LOSAng">112106.872</dst>
            <dst id="NYCMng">6182.90666666667</dst>
            <dst id="SNVAng">3153.24266666667</dst>
            <dst id="STTLng">6627.272</dst>
            <dst id="WASHng">17015.928</dst>
        </src>
        <src id="IPLSng">
            <dst id="ATLA-M5">2786.008</dst>
            <dst id="ATLAng">18036.6906666667</dst>
            <dst id="CHINng">111983.738666667</dst>
            <dst id="DNVRng">31948.5973333333</dst>
            <dst id="HSTNng">15260.0746666667</dst>
            <dst id="IPLSng">30054.7733333333</dst>
            <dst id="KSCYng">12507.9973333333</dst>
            <dst id="LOSAng">100442.165333333</dst>
            <dst id="NYCMng">35346.632</dst>
            <dst id="SNVAng">7258.52</dst>
            <dst id="STTLng">16063.6453333333</dst>
            <dst id="WASHng">52701.7546666667</dst>
        </src>
        <src id="KSCYng">
            <dst id="ATLA-M5">945.328</dst>
            <dst id="ATLAng">13960.808</dst>
            <dst id="CHINng">49043</dst>
            <dst id="DNVRng">13193.9493333333</dst>
            <dst id="HSTNng">5408.50666666667</dst>
            <dst id="IPLSng">19766.1786666667</dst>
            <dst id="KSCYng">13568.2453333333</dst>
            <dst id="LOSAng">10295.4853333333</dst>
            <dst id="NYCMng">15777.4693333333</dst>
            <dst id="SNVAng">1159.38933333333</dst>
            <dst id="STTLng">7104.232</dst>
            <dst id="WASHng">15950.0186666667</dst>
        </src>
        <src id="LOSAng">
            <dst id="ATLA-M5">1807.84533333333</dst>
            <dst id="ATLAng">31145.8586666667</dst>
            <dst id="CHINng">134324.373333333</dst>
            <dst id="DNVRng">19466.5146666667</dst>
            <dst id="HSTNng">16563.8533333333</dst>
            <dst id="IPLSng">46330.2106666667</dst>
            <dst id="KSCYng">13533.6613333333</dst>
            <dst id="LOSAng">26500.7573333333</dst>
            <dst id="NYCMng">61728.552</dst>
            <dst id="SNVAng">13875.032</dst>
            <dst id="STTLng">39432.224</dst>
            <dst id="WASHng">71350.2186666667</dst>
        </src>
        <src id="NYCMng">
            <dst id="ATLA-M5">2850.752</dst>
            <dst id="ATLAng">55792.9786666667</dst>
            <dst id="CHINng">84857.408</dst>
            <dst id="DNVRng">42891.5013333333</dst>
            <dst id="HSTNng">42873.96</dst>
            <dst id="IPLSng">94020.4373333333</dst>
            <dst id="KSCYng">22924.616</dst>
            <dst id="LOSAng">108847.184</dst>
            <dst id="NYCMng">161502.810666667</dst>
            <dst id="SNVAng">13062.976</dst>
            <dst id="STTLng">40006.928</dst>
            <dst id="WASHng">202603.424</dst>
        </src>
        <src id="SNVAng">
            <dst id="ATLA-M5">840.101333333333</dst>
            <dst id="ATLAng">867.621333333333</dst>
            <dst id="CHINng">10329.1706666667</dst>
            <dst id="DNVRng">2838.72266666667</dst>
            <dst id="HSTNng">1028.272</dst>
            <dst id="IPLSng">13188.8026666667</dst>
            <dst id="KSCYng">1039.29066666667</dst>
            <dst id="LOSAng">43573.2933333333</dst>
            <dst id="NYCMng">3149.09333333333</dst>
            <dst id="SNVAng">22268.16</dst>
            <dst id="STTLng">62464.824</dst>
            <dst id="WASHng">2465.896</dst>
        </src>
        <src id="STTLng">
            <dst id="ATLA-M5">245.586666666667</dst>
            <dst id="ATLAng">12455.5653333333</dst>
            <dst id="CHINng">60596.4186666667</dst>
            <dst id="DNVRng">5005.568</dst>
            <dst id="HSTNng">4399.93866666667</dst>
            <dst id="IPLSng">24203.1466666667</dst>
            <dst id="KSCYng">5710.73866666667</dst>
            <dst id="LOSAng">35099.216</dst>
            <dst id="NYCMng">30194.6986666667</dst>
            <dst id="SNVAng">10317.272</dst>
            <dst id="STTLng">14759.9946666667</dst>
            <dst id="WASHng">18884.3146666667</dst>
        </src>
        <src id="WASHng">
            <dst id="ATLA-M5">3334.30666666667</dst>
            <dst id="ATLAng">108690.245333333</dst>
            <dst id="CHINng">107873.173333333</dst>
            <dst id="DNVRng">69962.152</dst>
            <dst id="HSTNng">32953.952</dst>
            <dst id="IPLSng">73703.2213333333</dst>
            <dst id="KSCYng">21789.584</dst>
            <dst id="LOSAng">81558.976</dst>
            <dst id="NYCMng">208920.450666667</dst>
            <dst id="SNVAng">9453.85333333333</dst>
            <dst id="STTLng">30844.9946666667</dst>
            <dst id="WASHng">228140.730666667</dst>
        </src>
    </IntraTM>
</TrafficMatrixFile>
