<?xml version="1.0" encoding="ISO-8859-1" standalone="yes"?>
<TrafficMatrixFile xsi:noNamespaceSchemaLocation="http://totem.run.montefiore.ulg.ac.be/Schema/TrafficMatrix-v1_2.xsd" xmlns:xsi="http://www.w3.org/2001/XMLSchema-instance">
    <IntraTM ASID="11537">
        <src id="ATLA-M5">
            <dst id="ATLA-M5">0</dst>
            <dst id="ATLAng">622.136</dst>
            <dst id="CHINng">2378.73866666667</dst>
            <dst id="DNVRng">461.968</dst>
            <dst id="HSTNng">497.994666666667</dst>
            <dst id="IPLSng">1583.152</dst>
            <dst id="KSCYng">413.210666666667</dst>
            <dst id="LOSAng">1161.26133333333</dst>
            <dst id="NYCMng">1356.66133333333</dst>
            <dst id="SNVAng">536.901333333333</dst>
            <dst id="STTLng">418.605333333333</dst>
            <dst id="WASHng">1786.496</dst>
        </src>
        <src id="ATLAng">
            <dst id="ATLA-M5">1284.07733333333</dst>
            <dst id="ATLAng">44235.0586666667</dst>
            <dst id="CHINng">27500.016</dst>
            <dst id="DNVRng">10654.4426666667</dst>
            <dst id="HSTNng">6243.77066666667</dst>
            <dst id="IPLSng">24026.9973333333</dst>
            <dst id="KSCYng">6372.57866666667</dst>
            <dst id="LOSAng">19999</dst>
            <dst id="NYCMng">19021.1706666667</dst>
            <dst id="SNVAng">1079.17066666667</dst>
            <dst id="STTLng">12677.8453333333</dst>
            <dst id="WASHng">52754.0506666667</dst>
        </src>
        <src id="CHINng">
            <dst id="ATLA-M5">2799.168</dst>
            <dst id="ATLAng">13902.072</dst>
            <dst id="CHINng">46162.7866666667</dst>
            <dst id="DNVRng">11858.472</dst>
            <dst id="HSTNng">11493.0213333333</dst>
            <dst id="IPLSng">31341.1626666667</dst>
            <dst id="KSCYng">11922.6</dst>
            <dst id="LOSAng">39132.7333333333</dst>
            <dst id="NYCMng">4766.05866666667</dst>
            <dst id="SNVAng">2240.02666666667</dst>
            <dst id="STTLng">9012.71466666667</dst>
            <dst id="WASHng">10646.672</dst>
        </src>
        <src id="DNVRng">
            <dst id="ATLA-M5">1198.112</dst>
            <dst id="ATLAng">9929.304</dst>
            <dst id="CHINng">43725.816</dst>
            <dst id="DNVRng">2854.904</dst>
            <dst id="HSTNng">6304.11733333333</dst>
            <dst id="IPLSng">10752.288</dst>
            <dst id="KSCYng">5471.34133333333</dst>
            <dst id="LOSAng">24078.152</dst>
            <dst id="NYCMng">15918.296</dst>
            <dst id="SNVAng">9025.05866666667</dst>
            <dst id="STTLng">9358.19466666667</dst>
            <dst id="WASHng">10120.632</dst>
        </src>
        <src id="HSTNng">
            <dst id="ATLA-M5">1977.75733333333</dst>
            <dst id="ATLAng">5936.08</dst>
            <dst id="CHINng">21161.1946666667</dst>
            <dst id="DNVRng">4610.13866666667</dst>
            <dst id="HSTNng">13687.4426666667</dst>
            <dst id="IPLSng">9799.53066666667</dst>
            <dst id="KSCYng">3884.40266666667</dst>
            <dst id="LOSAng">92972.1386666667</dst>
            <dst id="NYCMng">6261.54666666667</dst>
            <dst id="SNVAng">1629.97866666667</dst>
            <dst id="STTLng">3626.04</dst>
            <dst id="WASHng">7354.73333333333</dst>
        </src>
        <src id="IPLSng">
            <dst id="ATLA-M5">2185.2</dst>
            <dst id="ATLAng">16952.1066666667</dst>
            <dst id="CHINng">89402.1866666667</dst>
            <dst id="DNVRng">10972.8053333333</dst>
            <dst id="HSTNng">12264.6106666667</dst>
            <dst id="IPLSng">32830.1813333333</dst>
            <dst id="KSCYng">12694.416</dst>
            <dst id="LOSAng">25517.608</dst>
            <dst id="NYCMng">31299.7253333333</dst>
            <dst id="SNVAng">3984.56533333333</dst>
            <dst id="STTLng">13386.4853333333</dst>
            <dst id="WASHng">40492.0693333333</dst>
        </src>
        <src id="KSCYng">
            <dst id="ATLA-M5">905.565333333333</dst>
            <dst id="ATLAng">4343.99466666667</dst>
            <dst id="CHINng">33159.5493333333</dst>
            <dst id="DNVRng">14015.408</dst>
            <dst id="HSTNng">4599.67466666667</dst>
            <dst id="IPLSng">23689.5226666667</dst>
            <dst id="KSCYng">7064.19733333333</dst>
            <dst id="LOSAng">12593.3653333333</dst>
            <dst id="NYCMng">10182.1546666667</dst>
            <dst id="SNVAng">1662.072</dst>
            <dst id="STTLng">6015.648</dst>
            <dst id="WASHng">14000.1973333333</dst>
        </src>
        <src id="LOSAng">
            <dst id="ATLA-M5">1665.33066666667</dst>
            <dst id="ATLAng">20288.1333333333</dst>
            <dst id="CHINng">96581.9333333333</dst>
            <dst id="DNVRng">14062.6373333333</dst>
            <dst id="HSTNng">19308.1653333333</dst>
            <dst id="IPLSng">46136.016</dst>
            <dst id="KSCYng">15540.3786666667</dst>
            <dst id="LOSAng">14623.5626666667</dst>
            <dst id="NYCMng">55491.1653333333</dst>
            <dst id="SNVAng">3966.81333333333</dst>
            <dst id="STTLng">39780.088</dst>
            <dst id="WASHng">46037.7946666667</dst>
        </src>
        <src id="NYCMng">
            <dst id="ATLA-M5">3776.91466666667</dst>
            <dst id="ATLAng">41085.9493333333</dst>
            <dst id="CHINng">73894.536</dst>
            <dst id="DNVRng">21013.4053333333</dst>
            <dst id="HSTNng">42807.728</dst>
            <dst id="IPLSng">70845.7493333333</dst>
            <dst id="KSCYng">24708.2186666667</dst>
            <dst id="LOSAng">83562.432</dst>
            <dst id="NYCMng">137509.477333333</dst>
            <dst id="SNVAng">6232.84266666667</dst>
            <dst id="STTLng">30795.2933333333</dst>
            <dst id="WASHng">94278.9146666667</dst>
        </src>
        <src id="SNVAng">
            <dst id="ATLA-M5">701.232</dst>
            <dst id="ATLAng">909.632</dst>
            <dst id="CHINng">4463.08</dst>
            <dst id="DNVRng">8528.23733333333</dst>
            <dst id="HSTNng">1761.78133333333</dst>
            <dst id="IPLSng">2836.41866666667</dst>
            <dst id="KSCYng">1070.90933333333</dst>
            <dst id="LOSAng">1913.47733333333</dst>
            <dst id="NYCMng">2933.94133333333</dst>
            <dst id="SNVAng">3470.96266666667</dst>
            <dst id="STTLng">5027.272</dst>
            <dst id="WASHng">2410.76533333333</dst>
        </src>
        <src id="STTLng">
            <dst id="ATLA-M5">436.496</dst>
            <dst id="ATLAng">16181.2133333333</dst>
            <dst id="CHINng">35201.3386666667</dst>
            <dst id="DNVRng">5973.76</dst>
            <dst id="HSTNng">5197.12266666667</dst>
            <dst id="IPLSng">13247.5893333333</dst>
            <dst id="KSCYng">4908.232</dst>
            <dst id="LOSAng">19567.9546666667</dst>
            <dst id="NYCMng">28206.456</dst>
            <dst id="SNVAng">5966.44533333333</dst>
            <dst id="STTLng">14183.1973333333</dst>
            <dst id="WASHng">11727.856</dst>
        </src>
        <src id="WASHng">
            <dst id="ATLA-M5">1601.77866666667</dst>
            <dst id="ATLAng">115782.525333333</dst>
            <dst id="CHINng">84056.6186666667</dst>
            <dst id="DNVRng">27090.9493333333</dst>
            <dst id="HSTNng">36569.9653333333</dst>
            <dst id="IPLSng">53018.6346666667</dst>
            <dst id="KSCYng">19612.8426666667</dst>
            <dst id="LOSAng">46604.4053333333</dst>
            <dst id="NYCMng">136062.589333333</dst>
            <dst id="SNVAng">9048.88533333334</dst>
            <dst id="STTLng">30626.3973333333</dst>
            <dst id="WASHng">204502.533333333</dst>
        </src>
    </IntraTM>
</TrafficMatrixFile>
