<?xml version="1.0" encoding="ISO-8859-1" standalone="yes"?>
<TrafficMatrixFile xsi:noNamespaceSchemaLocation="http://totem.run.montefiore.ulg.ac.be/Schema/TrafficMatrix-v1_2.xsd" xmlns:xsi="http://www.w3.org/2001/XMLSchema-instance">
    <IntraTM ASID="11537">
        <src id="ATLA-M5">
            <dst id="ATLA-M5">0</dst>
            <dst id="ATLAng">788.706666666667</dst>
            <dst id="CHINng">1194.47733333333</dst>
            <dst id="DNVRng">509.488</dst>
            <dst id="HSTNng">1173.27466666667</dst>
            <dst id="IPLSng">3347.37866666667</dst>
            <dst id="KSCYng">552.328</dst>
            <dst id="LOSAng">906.752</dst>
            <dst id="NYCMng">384.149333333333</dst>
            <dst id="SNVAng">652.493333333333</dst>
            <dst id="STTLng">180.032</dst>
            <dst id="WASHng">4321.44266666667</dst>
        </src>
        <src id="ATLAng">
            <dst id="ATLA-M5">1067.57066666667</dst>
            <dst id="ATLAng">36503.8213333333</dst>
            <dst id="CHINng">41040.928</dst>
            <dst id="DNVRng">5394.25066666667</dst>
            <dst id="HSTNng">7024.456</dst>
            <dst id="IPLSng">31949.9653333333</dst>
            <dst id="KSCYng">13925.4746666667</dst>
            <dst id="LOSAng">21087.8</dst>
            <dst id="NYCMng">20480.4693333333</dst>
            <dst id="SNVAng">2118.73066666667</dst>
            <dst id="STTLng">8404.58133333333</dst>
            <dst id="WASHng">57418.5413333333</dst>
        </src>
        <src id="CHINng">
            <dst id="ATLA-M5">1849.67466666667</dst>
            <dst id="ATLAng">24533.2453333333</dst>
            <dst id="CHINng">44356.64</dst>
            <dst id="DNVRng">11963.6346666667</dst>
            <dst id="HSTNng">7433.112</dst>
            <dst id="IPLSng">26657.8</dst>
            <dst id="KSCYng">8336.824</dst>
            <dst id="LOSAng">37092.072</dst>
            <dst id="NYCMng">6993.368</dst>
            <dst id="SNVAng">1639.29866666667</dst>
            <dst id="STTLng">7445.18666666667</dst>
            <dst id="WASHng">12163.552</dst>
        </src>
        <src id="DNVRng">
            <dst id="ATLA-M5">785.674666666666</dst>
            <dst id="ATLAng">2752.78133333333</dst>
            <dst id="CHINng">26824.856</dst>
            <dst id="DNVRng">4364.456</dst>
            <dst id="HSTNng">6381.4</dst>
            <dst id="IPLSng">9738.568</dst>
            <dst id="KSCYng">6712.56</dst>
            <dst id="LOSAng">16449.1733333333</dst>
            <dst id="NYCMng">14216.768</dst>
            <dst id="SNVAng">10139.664</dst>
            <dst id="STTLng">14696.7493333333</dst>
            <dst id="WASHng">14198.3013333333</dst>
        </src>
        <src id="HSTNng">
            <dst id="ATLA-M5">509.685333333333</dst>
            <dst id="ATLAng">5681.48533333333</dst>
            <dst id="CHINng">21321.5093333333</dst>
            <dst id="DNVRng">6152.79733333333</dst>
            <dst id="HSTNng">12243.1146666667</dst>
            <dst id="IPLSng">8514.28533333333</dst>
            <dst id="KSCYng">5866.85333333333</dst>
            <dst id="LOSAng">77527.1466666667</dst>
            <dst id="NYCMng">6786.07466666667</dst>
            <dst id="SNVAng">2049.79733333333</dst>
            <dst id="STTLng">5678.00266666667</dst>
            <dst id="WASHng">7882.00266666667</dst>
        </src>
        <src id="IPLSng">
            <dst id="ATLA-M5">1260.42666666667</dst>
            <dst id="ATLAng">21924.432</dst>
            <dst id="CHINng">105795.338666667</dst>
            <dst id="DNVRng">13295.3386666667</dst>
            <dst id="HSTNng">15909.0933333333</dst>
            <dst id="IPLSng">39972.352</dst>
            <dst id="KSCYng">24521.7386666667</dst>
            <dst id="LOSAng">28083.4373333333</dst>
            <dst id="NYCMng">28479.664</dst>
            <dst id="SNVAng">3480.752</dst>
            <dst id="STTLng">12991.912</dst>
            <dst id="WASHng">33081.3173333333</dst>
        </src>
        <src id="KSCYng">
            <dst id="ATLA-M5">485.037333333333</dst>
            <dst id="ATLAng">9566.50666666667</dst>
            <dst id="CHINng">36575.3333333333</dst>
            <dst id="DNVRng">11127.8453333333</dst>
            <dst id="HSTNng">5748.32266666667</dst>
            <dst id="IPLSng">11137.4</dst>
            <dst id="KSCYng">6479.73866666667</dst>
            <dst id="LOSAng">11805.168</dst>
            <dst id="NYCMng">12136.3333333333</dst>
            <dst id="SNVAng">1064.21066666667</dst>
            <dst id="STTLng">3363.17066666667</dst>
            <dst id="WASHng">15179.9493333333</dst>
        </src>
        <src id="LOSAng">
            <dst id="ATLA-M5">288.888</dst>
            <dst id="ATLAng">18853.8533333333</dst>
            <dst id="CHINng">91389.2266666667</dst>
            <dst id="DNVRng">9334.15733333333</dst>
            <dst id="HSTNng">14482.384</dst>
            <dst id="IPLSng">47478.024</dst>
            <dst id="KSCYng">10557.576</dst>
            <dst id="LOSAng">16444.9813333333</dst>
            <dst id="NYCMng">58349.408</dst>
            <dst id="SNVAng">2130.22933333333</dst>
            <dst id="STTLng">27301.9066666667</dst>
            <dst id="WASHng">73839.0666666667</dst>
        </src>
        <src id="NYCMng">
            <dst id="ATLA-M5">3268.24533333333</dst>
            <dst id="ATLAng">47774.6933333333</dst>
            <dst id="CHINng">81355.6933333333</dst>
            <dst id="DNVRng">22793.144</dst>
            <dst id="HSTNng">49408.496</dst>
            <dst id="IPLSng">73250.2506666666</dst>
            <dst id="KSCYng">24846.9573333333</dst>
            <dst id="LOSAng">72354.6586666667</dst>
            <dst id="NYCMng">136280.84</dst>
            <dst id="SNVAng">7899.97066666667</dst>
            <dst id="STTLng">26871.6746666667</dst>
            <dst id="WASHng">95860.0293333333</dst>
        </src>
        <src id="SNVAng">
            <dst id="ATLA-M5">832.002666666667</dst>
            <dst id="ATLAng">635.805333333333</dst>
            <dst id="CHINng">6657.74933333333</dst>
            <dst id="DNVRng">10072.1946666667</dst>
            <dst id="HSTNng">1716.22666666667</dst>
            <dst id="IPLSng">4697.632</dst>
            <dst id="KSCYng">1183.52266666667</dst>
            <dst id="LOSAng">3146.05066666667</dst>
            <dst id="NYCMng">3106.82666666667</dst>
            <dst id="SNVAng">731.997333333333</dst>
            <dst id="STTLng">3586.928</dst>
            <dst id="WASHng">2485.16</dst>
        </src>
        <src id="STTLng">
            <dst id="ATLA-M5">729.002666666667</dst>
            <dst id="ATLAng">15463.8373333333</dst>
            <dst id="CHINng">40582.0613333333</dst>
            <dst id="DNVRng">6633.50666666667</dst>
            <dst id="HSTNng">3742.90133333333</dst>
            <dst id="IPLSng">10164.3626666667</dst>
            <dst id="KSCYng">5581.77333333333</dst>
            <dst id="LOSAng">22507.9253333333</dst>
            <dst id="NYCMng">16479.864</dst>
            <dst id="SNVAng">5067.54133333333</dst>
            <dst id="STTLng">3603.86666666667</dst>
            <dst id="WASHng">12485.848</dst>
        </src>
        <src id="WASHng">
            <dst id="ATLA-M5">1320.992</dst>
            <dst id="ATLAng">101360.984</dst>
            <dst id="CHINng">80398.52</dst>
            <dst id="DNVRng">32871.6426666667</dst>
            <dst id="HSTNng">24183.0693333333</dst>
            <dst id="IPLSng">47974.4586666667</dst>
            <dst id="KSCYng">22440.9253333333</dst>
            <dst id="LOSAng">76324.84</dst>
            <dst id="NYCMng">184130.84</dst>
            <dst id="SNVAng">3756.56266666667</dst>
            <dst id="STTLng">36014.768</dst>
            <dst id="WASHng">190679.029333333</dst>
        </src>
    </IntraTM>
</TrafficMatrixFile>
