<?xml version="1.0" encoding="ISO-8859-1" standalone="yes"?>
<TrafficMatrixFile xsi:noNamespaceSchemaLocation="http://totem.run.montefiore.ulg.ac.be/Schema/TrafficMatrix-v1_2.xsd" xmlns:xsi="http://www.w3.org/2001/XMLSchema-instance">
    <IntraTM ASID="11537">
        <src id="ATLA-M5">
            <dst id="ATLA-M5">151.546666666667</dst>
            <dst id="ATLAng">643.602666666667</dst>
            <dst id="CHINng">1122.224</dst>
            <dst id="DNVRng">222.706666666667</dst>
            <dst id="HSTNng">1099.048</dst>
            <dst id="IPLSng">1850.94933333333</dst>
            <dst id="KSCYng">133.333333333333</dst>
            <dst id="LOSAng">97.9093333333333</dst>
            <dst id="NYCMng">543.552</dst>
            <dst id="SNVAng">0</dst>
            <dst id="STTLng">118.901333333333</dst>
            <dst id="WASHng">3906.31733333333</dst>
        </src>
        <src id="ATLAng">
            <dst id="ATLA-M5">629.474666666667</dst>
            <dst id="ATLAng">37404.1866666667</dst>
            <dst id="CHINng">32939.7386666667</dst>
            <dst id="DNVRng">2997.288</dst>
            <dst id="HSTNng">3674.50133333333</dst>
            <dst id="IPLSng">27804.744</dst>
            <dst id="KSCYng">18514.776</dst>
            <dst id="LOSAng">14631.384</dst>
            <dst id="NYCMng">16476.0186666667</dst>
            <dst id="SNVAng">1306.73066666667</dst>
            <dst id="STTLng">8046.01866666667</dst>
            <dst id="WASHng">147830.821333333</dst>
        </src>
        <src id="CHINng">
            <dst id="ATLA-M5">820.376</dst>
            <dst id="ATLAng">18645.6986666667</dst>
            <dst id="CHINng">59375.2826666667</dst>
            <dst id="DNVRng">9644.104</dst>
            <dst id="HSTNng">3847.46933333333</dst>
            <dst id="IPLSng">22804.9066666667</dst>
            <dst id="KSCYng">6990.328</dst>
            <dst id="LOSAng">11638.1786666667</dst>
            <dst id="NYCMng">9704.032</dst>
            <dst id="SNVAng">1622.888</dst>
            <dst id="STTLng">7090.008</dst>
            <dst id="WASHng">11437.888</dst>
        </src>
        <src id="DNVRng">
            <dst id="ATLA-M5">117.085333333333</dst>
            <dst id="ATLAng">6364.616</dst>
            <dst id="CHINng">60802.4346666667</dst>
            <dst id="DNVRng">7050.584</dst>
            <dst id="HSTNng">5882.504</dst>
            <dst id="IPLSng">14112.16</dst>
            <dst id="KSCYng">13058.376</dst>
            <dst id="LOSAng">7320.528</dst>
            <dst id="NYCMng">29473.5813333333</dst>
            <dst id="SNVAng">13699.896</dst>
            <dst id="STTLng">24374.984</dst>
            <dst id="WASHng">18323.5893333333</dst>
        </src>
        <src id="HSTNng">
            <dst id="ATLA-M5">2554.02666666667</dst>
            <dst id="ATLAng">4157.47466666667</dst>
            <dst id="CHINng">26233.744</dst>
            <dst id="DNVRng">1258.168</dst>
            <dst id="HSTNng">8246.21066666667</dst>
            <dst id="IPLSng">5938.16</dst>
            <dst id="KSCYng">4352.73066666667</dst>
            <dst id="LOSAng">11139.5653333333</dst>
            <dst id="NYCMng">8270.86666666667</dst>
            <dst id="SNVAng">729.653333333333</dst>
            <dst id="STTLng">1097.49866666667</dst>
            <dst id="WASHng">15940.248</dst>
        </src>
        <src id="IPLSng">
            <dst id="ATLA-M5">726.381333333333</dst>
            <dst id="ATLAng">16123.9493333333</dst>
            <dst id="CHINng">124924.205333333</dst>
            <dst id="DNVRng">20969.4213333333</dst>
            <dst id="HSTNng">12653.72</dst>
            <dst id="IPLSng">22185.5733333333</dst>
            <dst id="KSCYng">22385.9093333333</dst>
            <dst id="LOSAng">36841.9066666667</dst>
            <dst id="NYCMng">30406.6373333333</dst>
            <dst id="SNVAng">2889.76266666667</dst>
            <dst id="STTLng">7165.896</dst>
            <dst id="WASHng">35963.2586666667</dst>
        </src>
        <src id="KSCYng">
            <dst id="ATLA-M5">435.352</dst>
            <dst id="ATLAng">21544.3173333333</dst>
            <dst id="CHINng">39778.0053333333</dst>
            <dst id="DNVRng">4819.03466666667</dst>
            <dst id="HSTNng">5841.25866666667</dst>
            <dst id="IPLSng">29971.6853333333</dst>
            <dst id="KSCYng">7674.63733333333</dst>
            <dst id="LOSAng">2974.21866666667</dst>
            <dst id="NYCMng">7185.896</dst>
            <dst id="SNVAng">366.981333333333</dst>
            <dst id="STTLng">2532.56533333333</dst>
            <dst id="WASHng">21243.6853333333</dst>
        </src>
        <src id="LOSAng">
            <dst id="ATLA-M5">604.192</dst>
            <dst id="ATLAng">22723.096</dst>
            <dst id="CHINng">143093.917333333</dst>
            <dst id="DNVRng">6682.13066666667</dst>
            <dst id="HSTNng">20627.3493333333</dst>
            <dst id="IPLSng">77249.2346666667</dst>
            <dst id="KSCYng">7625.74133333333</dst>
            <dst id="LOSAng">18749.6186666667</dst>
            <dst id="NYCMng">57663.5706666667</dst>
            <dst id="SNVAng">3658.41333333333</dst>
            <dst id="STTLng">18274.0613333333</dst>
            <dst id="WASHng">66640.312</dst>
        </src>
        <src id="NYCMng">
            <dst id="ATLA-M5">2132.424</dst>
            <dst id="ATLAng">48166.0373333333</dst>
            <dst id="CHINng">86174.5653333333</dst>
            <dst id="DNVRng">11241.0906666667</dst>
            <dst id="HSTNng">38621.3226666667</dst>
            <dst id="IPLSng">78477.6373333333</dst>
            <dst id="KSCYng">21964.4666666667</dst>
            <dst id="LOSAng">46228.8906666667</dst>
            <dst id="NYCMng">162203.56</dst>
            <dst id="SNVAng">6500.62933333333</dst>
            <dst id="STTLng">21343.5146666667</dst>
            <dst id="WASHng">93641.952</dst>
        </src>
        <src id="SNVAng">
            <dst id="ATLA-M5">254.432</dst>
            <dst id="ATLAng">1595.20533333333</dst>
            <dst id="CHINng">7213.29866666667</dst>
            <dst id="DNVRng">5552.32</dst>
            <dst id="HSTNng">1053.87466666667</dst>
            <dst id="IPLSng">2423.216</dst>
            <dst id="KSCYng">433.12</dst>
            <dst id="LOSAng">5554.21333333333</dst>
            <dst id="NYCMng">2529.136</dst>
            <dst id="SNVAng">475.778666666667</dst>
            <dst id="STTLng">1583.77866666667</dst>
            <dst id="WASHng">2456.59466666667</dst>
        </src>
        <src id="STTLng">
            <dst id="ATLA-M5">293.312</dst>
            <dst id="ATLAng">26500.0533333333</dst>
            <dst id="CHINng">85521.8853333333</dst>
            <dst id="DNVRng">3030.48</dst>
            <dst id="HSTNng">3973.568</dst>
            <dst id="IPLSng">14268.8666666667</dst>
            <dst id="KSCYng">6816.224</dst>
            <dst id="LOSAng">15490.0346666667</dst>
            <dst id="NYCMng">29775.3253333333</dst>
            <dst id="SNVAng">6832.69333333333</dst>
            <dst id="STTLng">5465.456</dst>
            <dst id="WASHng">13967.3973333333</dst>
        </src>
        <src id="WASHng">
            <dst id="ATLA-M5">899.413333333333</dst>
            <dst id="ATLAng">98888.0533333334</dst>
            <dst id="CHINng">80680.5146666667</dst>
            <dst id="DNVRng">34333.5493333333</dst>
            <dst id="HSTNng">24552.1973333333</dst>
            <dst id="IPLSng">114748.002666667</dst>
            <dst id="KSCYng">47919.6666666667</dst>
            <dst id="LOSAng">55452.4053333333</dst>
            <dst id="NYCMng">164712.306666667</dst>
            <dst id="SNVAng">4641.85066666667</dst>
            <dst id="STTLng">29691.4106666667</dst>
            <dst id="WASHng">446728.533333333</dst>
        </src>
    </IntraTM>
</TrafficMatrixFile>
