<?xml version="1.0" encoding="ISO-8859-1" standalone="yes"?>
<TrafficMatrixFile xsi:noNamespaceSchemaLocation="http://totem.run.montefiore.ulg.ac.be/Schema/TrafficMatrix-v1_2.xsd" xmlns:xsi="http://www.w3.org/2001/XMLSchema-instance">
    <IntraTM ASID="11537">
        <src id="ATLA-M5">
            <dst id="ATLA-M5">26.6666666666667</dst>
            <dst id="ATLAng">679.549333333333</dst>
            <dst id="CHINng">1414.152</dst>
            <dst id="DNVRng">95.4933333333333</dst>
            <dst id="HSTNng">930.986666666667</dst>
            <dst id="IPLSng">277.138666666667</dst>
            <dst id="KSCYng">339.744</dst>
            <dst id="LOSAng">464.626666666667</dst>
            <dst id="NYCMng">3202.69066666667</dst>
            <dst id="SNVAng">0</dst>
            <dst id="STTLng">161.685333333333</dst>
            <dst id="WASHng">1346.12533333333</dst>
        </src>
        <src id="ATLAng">
            <dst id="ATLA-M5">1873.096</dst>
            <dst id="ATLAng">35701.44</dst>
            <dst id="CHINng">22844.944</dst>
            <dst id="DNVRng">3235.21866666667</dst>
            <dst id="HSTNng">4137.33066666667</dst>
            <dst id="IPLSng">23186.8906666667</dst>
            <dst id="KSCYng">3896.81066666667</dst>
            <dst id="LOSAng">25239.4853333333</dst>
            <dst id="NYCMng">19461.776</dst>
            <dst id="SNVAng">877.24</dst>
            <dst id="STTLng">9324.18133333334</dst>
            <dst id="WASHng">62755.184</dst>
        </src>
        <src id="CHINng">
            <dst id="ATLA-M5">4297.73333333333</dst>
            <dst id="ATLAng">10513.0906666667</dst>
            <dst id="CHINng">31971.0613333333</dst>
            <dst id="DNVRng">6498.384</dst>
            <dst id="HSTNng">9583.968</dst>
            <dst id="IPLSng">24866.9973333333</dst>
            <dst id="KSCYng">9798.848</dst>
            <dst id="LOSAng">18382.136</dst>
            <dst id="NYCMng">7893.32533333333</dst>
            <dst id="SNVAng">1898.63466666667</dst>
            <dst id="STTLng">10157.4666666667</dst>
            <dst id="WASHng">9981.69866666667</dst>
        </src>
        <src id="DNVRng">
            <dst id="ATLA-M5">218.605333333333</dst>
            <dst id="ATLAng">1953.80533333333</dst>
            <dst id="CHINng">39773.0426666667</dst>
            <dst id="DNVRng">4171.392</dst>
            <dst id="HSTNng">2266.78133333333</dst>
            <dst id="IPLSng">11534.9893333333</dst>
            <dst id="KSCYng">5732.55733333333</dst>
            <dst id="LOSAng">11160.8533333333</dst>
            <dst id="NYCMng">13666.4933333333</dst>
            <dst id="SNVAng">14765.8266666667</dst>
            <dst id="STTLng">11274.824</dst>
            <dst id="WASHng">9136.96</dst>
        </src>
        <src id="HSTNng">
            <dst id="ATLA-M5">3313.664</dst>
            <dst id="ATLAng">6995.34933333333</dst>
            <dst id="CHINng">18562.7306666667</dst>
            <dst id="DNVRng">2190.25866666667</dst>
            <dst id="HSTNng">8732.032</dst>
            <dst id="IPLSng">16689.704</dst>
            <dst id="KSCYng">6782.72533333333</dst>
            <dst id="LOSAng">4058.09866666667</dst>
            <dst id="NYCMng">6336.30933333333</dst>
            <dst id="SNVAng">1062.34666666667</dst>
            <dst id="STTLng">1902.976</dst>
            <dst id="WASHng">7243.94666666667</dst>
        </src>
        <src id="IPLSng">
            <dst id="ATLA-M5">4000.75733333333</dst>
            <dst id="ATLAng">13932.104</dst>
            <dst id="CHINng">89317.0693333333</dst>
            <dst id="DNVRng">17772.9573333333</dst>
            <dst id="HSTNng">15123.464</dst>
            <dst id="IPLSng">18984.1306666667</dst>
            <dst id="KSCYng">10202.8853333333</dst>
            <dst id="LOSAng">22887.8213333333</dst>
            <dst id="NYCMng">31108.0133333333</dst>
            <dst id="SNVAng">2621.84533333333</dst>
            <dst id="STTLng">12953.6826666667</dst>
            <dst id="WASHng">34537.6986666667</dst>
        </src>
        <src id="KSCYng">
            <dst id="ATLA-M5">344.474666666667</dst>
            <dst id="ATLAng">4824.02933333333</dst>
            <dst id="CHINng">35628.7013333333</dst>
            <dst id="DNVRng">8285.54933333333</dst>
            <dst id="HSTNng">4355.92533333333</dst>
            <dst id="IPLSng">18070.08</dst>
            <dst id="KSCYng">5779.76533333333</dst>
            <dst id="LOSAng">7105.57066666667</dst>
            <dst id="NYCMng">12606.5706666667</dst>
            <dst id="SNVAng">1593.50133333333</dst>
            <dst id="STTLng">6210.368</dst>
            <dst id="WASHng">13225.9013333333</dst>
        </src>
        <src id="LOSAng">
            <dst id="ATLA-M5">474.504</dst>
            <dst id="ATLAng">43637.9546666667</dst>
            <dst id="CHINng">77032.9253333333</dst>
            <dst id="DNVRng">10096.9733333333</dst>
            <dst id="HSTNng">8046.54133333333</dst>
            <dst id="IPLSng">44248.5786666667</dst>
            <dst id="KSCYng">9747.62133333334</dst>
            <dst id="LOSAng">12465.6826666667</dst>
            <dst id="NYCMng">60875.216</dst>
            <dst id="SNVAng">4577.37866666667</dst>
            <dst id="STTLng">22396.9306666667</dst>
            <dst id="WASHng">59803.048</dst>
        </src>
        <src id="NYCMng">
            <dst id="ATLA-M5">2316.21866666667</dst>
            <dst id="ATLAng">37424.3546666667</dst>
            <dst id="CHINng">55708.5173333333</dst>
            <dst id="DNVRng">22568.6613333333</dst>
            <dst id="HSTNng">18234.0266666667</dst>
            <dst id="IPLSng">80659.544</dst>
            <dst id="KSCYng">22640.2293333333</dst>
            <dst id="LOSAng">65684.1973333333</dst>
            <dst id="NYCMng">129821.261333333</dst>
            <dst id="SNVAng">5281.05333333333</dst>
            <dst id="STTLng">26631.2986666667</dst>
            <dst id="WASHng">106007.392</dst>
        </src>
        <src id="SNVAng">
            <dst id="ATLA-M5">126.485333333333</dst>
            <dst id="ATLAng">669.138666666667</dst>
            <dst id="CHINng">4168.09066666667</dst>
            <dst id="DNVRng">11541.2293333333</dst>
            <dst id="HSTNng">1192.14666666667</dst>
            <dst id="IPLSng">2710.40533333333</dst>
            <dst id="KSCYng">2149.04533333333</dst>
            <dst id="LOSAng">2761.97333333333</dst>
            <dst id="NYCMng">11415.576</dst>
            <dst id="SNVAng">168.549333333333</dst>
            <dst id="STTLng">2813.60533333333</dst>
            <dst id="WASHng">1964.09866666667</dst>
        </src>
        <src id="STTLng">
            <dst id="ATLA-M5">109.314666666667</dst>
            <dst id="ATLAng">16437.608</dst>
            <dst id="CHINng">20931.8</dst>
            <dst id="DNVRng">7026.912</dst>
            <dst id="HSTNng">4422.376</dst>
            <dst id="IPLSng">6319.18666666667</dst>
            <dst id="KSCYng">4255.6</dst>
            <dst id="LOSAng">22106.344</dst>
            <dst id="NYCMng">20748.2133333333</dst>
            <dst id="SNVAng">6075.70666666667</dst>
            <dst id="STTLng">8887.25066666667</dst>
            <dst id="WASHng">7409.70133333333</dst>
        </src>
        <src id="WASHng">
            <dst id="ATLA-M5">239.272</dst>
            <dst id="ATLAng">154290.042666667</dst>
            <dst id="CHINng">73910.5173333334</dst>
            <dst id="DNVRng">35092.08</dst>
            <dst id="HSTNng">13139.1733333333</dst>
            <dst id="IPLSng">51377.6026666667</dst>
            <dst id="KSCYng">15521.344</dst>
            <dst id="LOSAng">77025.5386666667</dst>
            <dst id="NYCMng">140677.096</dst>
            <dst id="SNVAng">5800.33066666666</dst>
            <dst id="STTLng">32210.0053333333</dst>
            <dst id="WASHng">198604.04</dst>
        </src>
    </IntraTM>
</TrafficMatrixFile>
