<?xml version="1.0" encoding="ISO-8859-1" standalone="yes"?>
<TrafficMatrixFile xsi:noNamespaceSchemaLocation="http://totem.run.montefiore.ulg.ac.be/Schema/TrafficMatrix-v1_2.xsd" xmlns:xsi="http://www.w3.org/2001/XMLSchema-instance">
    <IntraTM ASID="11537">
        <src id="ATLA-M5">
            <dst id="ATLA-M5">570.005333333333</dst>
            <dst id="ATLAng">400.157333333333</dst>
            <dst id="CHINng">1455.112</dst>
            <dst id="DNVRng">143.104</dst>
            <dst id="HSTNng">307.965333333333</dst>
            <dst id="IPLSng">695.946666666667</dst>
            <dst id="KSCYng">494.021333333333</dst>
            <dst id="LOSAng">2302.50133333333</dst>
            <dst id="NYCMng">9121.39733333333</dst>
            <dst id="SNVAng">689.130666666667</dst>
            <dst id="STTLng">98.4746666666667</dst>
            <dst id="WASHng">5199.2</dst>
        </src>
        <src id="ATLAng">
            <dst id="ATLA-M5">603.301333333333</dst>
            <dst id="ATLAng">61766.8533333333</dst>
            <dst id="CHINng">42977.5466666667</dst>
            <dst id="DNVRng">7763.90933333333</dst>
            <dst id="HSTNng">7335.272</dst>
            <dst id="IPLSng">31533.6373333333</dst>
            <dst id="KSCYng">19878.152</dst>
            <dst id="LOSAng">14799.8133333333</dst>
            <dst id="NYCMng">20979.6693333333</dst>
            <dst id="SNVAng">1845.97066666667</dst>
            <dst id="STTLng">6848.984</dst>
            <dst id="WASHng">94584.2533333333</dst>
        </src>
        <src id="CHINng">
            <dst id="ATLA-M5">592.125333333333</dst>
            <dst id="ATLAng">15059.8933333333</dst>
            <dst id="CHINng">79535.7173333333</dst>
            <dst id="DNVRng">16892.24</dst>
            <dst id="HSTNng">6749.30666666667</dst>
            <dst id="IPLSng">21744.7093333333</dst>
            <dst id="KSCYng">10980.5893333333</dst>
            <dst id="LOSAng">99353.32</dst>
            <dst id="NYCMng">14926.9626666667</dst>
            <dst id="SNVAng">1996.12266666667</dst>
            <dst id="STTLng">7536.96</dst>
            <dst id="WASHng">28136.9386666667</dst>
        </src>
        <src id="DNVRng">
            <dst id="ATLA-M5">166.168</dst>
            <dst id="ATLAng">9717.44266666667</dst>
            <dst id="CHINng">87328.7813333333</dst>
            <dst id="DNVRng">12939.7466666667</dst>
            <dst id="HSTNng">12674.8933333333</dst>
            <dst id="IPLSng">25628.8666666667</dst>
            <dst id="KSCYng">21437.12</dst>
            <dst id="LOSAng">11909.2746666667</dst>
            <dst id="NYCMng">23694.872</dst>
            <dst id="SNVAng">22127.408</dst>
            <dst id="STTLng">14074.7066666667</dst>
            <dst id="WASHng">44408.9626666667</dst>
        </src>
        <src id="HSTNng">
            <dst id="ATLA-M5">1572.192</dst>
            <dst id="ATLAng">5414.02666666667</dst>
            <dst id="CHINng">29506.432</dst>
            <dst id="DNVRng">7922.928</dst>
            <dst id="HSTNng">14721.6613333333</dst>
            <dst id="IPLSng">13541.192</dst>
            <dst id="KSCYng">4695.33066666667</dst>
            <dst id="LOSAng">105367.384</dst>
            <dst id="NYCMng">12108.7413333333</dst>
            <dst id="SNVAng">1257.29866666667</dst>
            <dst id="STTLng">2720.232</dst>
            <dst id="WASHng">18544.8613333333</dst>
        </src>
        <src id="IPLSng">
            <dst id="ATLA-M5">1406.67733333333</dst>
            <dst id="ATLAng">24017.5146666667</dst>
            <dst id="CHINng">143001.944</dst>
            <dst id="DNVRng">35406.6213333333</dst>
            <dst id="HSTNng">20829.7333333333</dst>
            <dst id="IPLSng">43415.4426666667</dst>
            <dst id="KSCYng">27732.0666666667</dst>
            <dst id="LOSAng">33140.584</dst>
            <dst id="NYCMng">42413.872</dst>
            <dst id="SNVAng">3772.608</dst>
            <dst id="STTLng">7559.384</dst>
            <dst id="WASHng">53173.4773333333</dst>
        </src>
        <src id="KSCYng">
            <dst id="ATLA-M5">352.944</dst>
            <dst id="ATLAng">19351.12</dst>
            <dst id="CHINng">50365.576</dst>
            <dst id="DNVRng">21798.816</dst>
            <dst id="HSTNng">7281.13066666667</dst>
            <dst id="IPLSng">16744.9333333333</dst>
            <dst id="KSCYng">6131.97066666667</dst>
            <dst id="LOSAng">4318.92533333333</dst>
            <dst id="NYCMng">10594.9333333333</dst>
            <dst id="SNVAng">1034.17866666667</dst>
            <dst id="STTLng">3087.02133333333</dst>
            <dst id="WASHng">12784.3813333333</dst>
        </src>
        <src id="LOSAng">
            <dst id="ATLA-M5">695.298666666667</dst>
            <dst id="ATLAng">29928.0906666667</dst>
            <dst id="CHINng">152859.773333333</dst>
            <dst id="DNVRng">7594.07733333333</dst>
            <dst id="HSTNng">14196.2106666667</dst>
            <dst id="IPLSng">38575.28</dst>
            <dst id="KSCYng">10471.6533333333</dst>
            <dst id="LOSAng">7387.98933333333</dst>
            <dst id="NYCMng">57237.2533333333</dst>
            <dst id="SNVAng">46601.0106666667</dst>
            <dst id="STTLng">32511.4933333333</dst>
            <dst id="WASHng">66514.3626666667</dst>
        </src>
        <src id="NYCMng">
            <dst id="ATLA-M5">7860.50933333333</dst>
            <dst id="ATLAng">54320.4693333333</dst>
            <dst id="CHINng">106992.298666667</dst>
            <dst id="DNVRng">43484.488</dst>
            <dst id="HSTNng">42601.4933333333</dst>
            <dst id="IPLSng">96059.0533333334</dst>
            <dst id="KSCYng">24357.96</dst>
            <dst id="LOSAng">55051.4026666667</dst>
            <dst id="NYCMng">229917.026666667</dst>
            <dst id="SNVAng">7870.144</dst>
            <dst id="STTLng">31603.0293333333</dst>
            <dst id="WASHng">123856.117333333</dst>
        </src>
        <src id="SNVAng">
            <dst id="ATLA-M5">158.581333333333</dst>
            <dst id="ATLAng">1410.22133333333</dst>
            <dst id="CHINng">8268.51466666667</dst>
            <dst id="DNVRng">11678.768</dst>
            <dst id="HSTNng">1196.55466666667</dst>
            <dst id="IPLSng">4087.00533333333</dst>
            <dst id="KSCYng">741.426666666667</dst>
            <dst id="LOSAng">30777.832</dst>
            <dst id="NYCMng">2296.91733333333</dst>
            <dst id="SNVAng">26264.296</dst>
            <dst id="STTLng">42253.6373333333</dst>
            <dst id="WASHng">2663.64266666667</dst>
        </src>
        <src id="STTLng">
            <dst id="ATLA-M5">358.461333333333</dst>
            <dst id="ATLAng">17143.3626666667</dst>
            <dst id="CHINng">82982.8693333333</dst>
            <dst id="DNVRng">9433.85066666667</dst>
            <dst id="HSTNng">6971.464</dst>
            <dst id="IPLSng">15576.9093333333</dst>
            <dst id="KSCYng">7728.71733333333</dst>
            <dst id="LOSAng">23978.0986666667</dst>
            <dst id="NYCMng">33313.248</dst>
            <dst id="SNVAng">12426.584</dst>
            <dst id="STTLng">5660.40533333333</dst>
            <dst id="WASHng">20978.6453333333</dst>
        </src>
        <src id="WASHng">
            <dst id="ATLA-M5">2619.616</dst>
            <dst id="ATLAng">96508.2773333333</dst>
            <dst id="CHINng">105025.12</dst>
            <dst id="DNVRng">76844.992</dst>
            <dst id="HSTNng">33069.0693333333</dst>
            <dst id="IPLSng">102378.08</dst>
            <dst id="KSCYng">27422.4186666667</dst>
            <dst id="LOSAng">57980.9093333333</dst>
            <dst id="NYCMng">189960.626666667</dst>
            <dst id="SNVAng">8698.24533333334</dst>
            <dst id="STTLng">26095.1573333333</dst>
            <dst id="WASHng">350469.52</dst>
        </src>
    </IntraTM>
</TrafficMatrixFile>
