<?xml version="1.0" encoding="ISO-8859-1" standalone="yes"?>
<TrafficMatrixFile xsi:noNamespaceSchemaLocation="http://totem.run.montefiore.ulg.ac.be/Schema/TrafficMatrix-v1_2.xsd" xmlns:xsi="http://www.w3.org/2001/XMLSchema-instance">
    <IntraTM ASID="11537">
        <src id="ATLA-M5">
            <dst id="ATLA-M5">237.309333333333</dst>
            <dst id="ATLAng">1862.824</dst>
            <dst id="CHINng">2735.05066666667</dst>
            <dst id="DNVRng">624.664</dst>
            <dst id="HSTNng">1025.42666666667</dst>
            <dst id="IPLSng">1537.57333333333</dst>
            <dst id="KSCYng">1399.368</dst>
            <dst id="LOSAng">450.058666666667</dst>
            <dst id="NYCMng">3412.00533333333</dst>
            <dst id="SNVAng">125.266666666667</dst>
            <dst id="STTLng">435.757333333333</dst>
            <dst id="WASHng">2406.008</dst>
        </src>
        <src id="ATLAng">
            <dst id="ATLA-M5">1670.24</dst>
            <dst id="ATLAng">30217.512</dst>
            <dst id="CHINng">57431.4373333333</dst>
            <dst id="DNVRng">18962.2373333333</dst>
            <dst id="HSTNng">13267.7786666667</dst>
            <dst id="IPLSng">38666.456</dst>
            <dst id="KSCYng">19824.88</dst>
            <dst id="LOSAng">29629.3413333333</dst>
            <dst id="NYCMng">26604.0533333333</dst>
            <dst id="SNVAng">2843.26133333333</dst>
            <dst id="STTLng">11724.8693333333</dst>
            <dst id="WASHng">95597.488</dst>
        </src>
        <src id="CHINng">
            <dst id="ATLA-M5">3601.672</dst>
            <dst id="ATLAng">20070.3893333333</dst>
            <dst id="CHINng">58767.216</dst>
            <dst id="DNVRng">23593.032</dst>
            <dst id="HSTNng">8174.60266666667</dst>
            <dst id="IPLSng">35240.3013333333</dst>
            <dst id="KSCYng">9934.69066666667</dst>
            <dst id="LOSAng">28518.3253333333</dst>
            <dst id="NYCMng">15261.6986666667</dst>
            <dst id="SNVAng">4450.37866666667</dst>
            <dst id="STTLng">19870.9733333333</dst>
            <dst id="WASHng">21977.9493333333</dst>
        </src>
        <src id="DNVRng">
            <dst id="ATLA-M5">179.442666666667</dst>
            <dst id="ATLAng">13645.7866666667</dst>
            <dst id="CHINng">71849.7066666667</dst>
            <dst id="DNVRng">20052.8453333333</dst>
            <dst id="HSTNng">15813.944</dst>
            <dst id="IPLSng">32078.0053333333</dst>
            <dst id="KSCYng">41275.3173333333</dst>
            <dst id="LOSAng">17664.4773333333</dst>
            <dst id="NYCMng">35008.2986666667</dst>
            <dst id="SNVAng">18323.8746666667</dst>
            <dst id="STTLng">21746.9946666667</dst>
            <dst id="WASHng">66547.5066666667</dst>
        </src>
        <src id="HSTNng">
            <dst id="ATLA-M5">822.114666666667</dst>
            <dst id="ATLAng">7362.45066666667</dst>
            <dst id="CHINng">28212.2266666667</dst>
            <dst id="DNVRng">5479.93333333333</dst>
            <dst id="HSTNng">12127.92</dst>
            <dst id="IPLSng">11514.056</dst>
            <dst id="KSCYng">7765.136</dst>
            <dst id="LOSAng">68230.1226666667</dst>
            <dst id="NYCMng">6987.67466666667</dst>
            <dst id="SNVAng">2716.50133333333</dst>
            <dst id="STTLng">4206.46666666667</dst>
            <dst id="WASHng">9621.99466666667</dst>
        </src>
        <src id="IPLSng">
            <dst id="ATLA-M5">2714.91466666667</dst>
            <dst id="ATLAng">30991.28</dst>
            <dst id="CHINng">174739.544</dst>
            <dst id="DNVRng">38137.92</dst>
            <dst id="HSTNng">12691.3706666667</dst>
            <dst id="IPLSng">88256.064</dst>
            <dst id="KSCYng">22698.0213333333</dst>
            <dst id="LOSAng">119077.122666667</dst>
            <dst id="NYCMng">61233.0186666667</dst>
            <dst id="SNVAng">6649.384</dst>
            <dst id="STTLng">11050.032</dst>
            <dst id="WASHng">62727.8213333333</dst>
        </src>
        <src id="KSCYng">
            <dst id="ATLA-M5">597.12</dst>
            <dst id="ATLAng">19874.2</dst>
            <dst id="CHINng">43364.5146666667</dst>
            <dst id="DNVRng">16847.9706666667</dst>
            <dst id="HSTNng">8140.54933333333</dst>
            <dst id="IPLSng">15410.8026666667</dst>
            <dst id="KSCYng">7094.43733333333</dst>
            <dst id="LOSAng">7922.296</dst>
            <dst id="NYCMng">10920.1093333333</dst>
            <dst id="SNVAng">1600.13066666667</dst>
            <dst id="STTLng">6395.096</dst>
            <dst id="WASHng">16563.584</dst>
        </src>
        <src id="LOSAng">
            <dst id="ATLA-M5">1739.93066666667</dst>
            <dst id="ATLAng">28096.464</dst>
            <dst id="CHINng">197752.909333333</dst>
            <dst id="DNVRng">12767.3466666667</dst>
            <dst id="HSTNng">14664.4133333333</dst>
            <dst id="IPLSng">71995.5733333333</dst>
            <dst id="KSCYng">10142.5626666667</dst>
            <dst id="LOSAng">9655.544</dst>
            <dst id="NYCMng">63018.816</dst>
            <dst id="SNVAng">13476.8293333333</dst>
            <dst id="STTLng">28932.5813333333</dst>
            <dst id="WASHng">69933.5893333334</dst>
        </src>
        <src id="NYCMng">
            <dst id="ATLA-M5">5949.09066666667</dst>
            <dst id="ATLAng">58029.3626666667</dst>
            <dst id="CHINng">90480.5493333333</dst>
            <dst id="DNVRng">51199.3653333333</dst>
            <dst id="HSTNng">42959.424</dst>
            <dst id="IPLSng">78195.1146666667</dst>
            <dst id="KSCYng">44872.248</dst>
            <dst id="LOSAng">83792.0133333333</dst>
            <dst id="NYCMng">159480.397333333</dst>
            <dst id="SNVAng">11418.376</dst>
            <dst id="STTLng">33331.12</dst>
            <dst id="WASHng">132748.024</dst>
        </src>
        <src id="SNVAng">
            <dst id="ATLA-M5">160.714666666667</dst>
            <dst id="ATLAng">715.616</dst>
            <dst id="CHINng">7263.52</dst>
            <dst id="DNVRng">7200.29866666667</dst>
            <dst id="HSTNng">974.373333333333</dst>
            <dst id="IPLSng">2933.208</dst>
            <dst id="KSCYng">1785.59733333333</dst>
            <dst id="LOSAng">52394.7013333333</dst>
            <dst id="NYCMng">2626.59733333333</dst>
            <dst id="SNVAng">24175.5413333333</dst>
            <dst id="STTLng">61752.64</dst>
            <dst id="WASHng">2220.72533333333</dst>
        </src>
        <src id="STTLng">
            <dst id="ATLA-M5">470.637333333333</dst>
            <dst id="ATLAng">17442.1946666667</dst>
            <dst id="CHINng">80960.9066666667</dst>
            <dst id="DNVRng">15655.8106666667</dst>
            <dst id="HSTNng">8221.74133333333</dst>
            <dst id="IPLSng">49950.4426666667</dst>
            <dst id="KSCYng">7650.616</dst>
            <dst id="LOSAng">38611.856</dst>
            <dst id="NYCMng">33488.304</dst>
            <dst id="SNVAng">11595.5013333333</dst>
            <dst id="STTLng">9408.456</dst>
            <dst id="WASHng">21943.9493333333</dst>
        </src>
        <src id="WASHng">
            <dst id="ATLA-M5">4766.42666666667</dst>
            <dst id="ATLAng">135964.938666667</dst>
            <dst id="CHINng">123073.962666667</dst>
            <dst id="DNVRng">103242.624</dst>
            <dst id="HSTNng">29404.6453333333</dst>
            <dst id="IPLSng">95016.776</dst>
            <dst id="KSCYng">41666.8133333333</dst>
            <dst id="LOSAng">87056.8853333333</dst>
            <dst id="NYCMng">233026.218666667</dst>
            <dst id="SNVAng">14904.664</dst>
            <dst id="STTLng">40858.3946666667</dst>
            <dst id="WASHng">335228.4</dst>
        </src>
    </IntraTM>
</TrafficMatrixFile>
