<?xml version="1.0" encoding="ISO-8859-1" standalone="yes"?>
<TrafficMatrixFile xsi:noNamespaceSchemaLocation="http://totem.run.montefiore.ulg.ac.be/Schema/TrafficMatrix-v1_2.xsd" xmlns:xsi="http://www.w3.org/2001/XMLSchema-instance">
    <IntraTM ASID="11537">
        <src id="ATLA-M5">
            <dst id="ATLA-M5">26.6666666666667</dst>
            <dst id="ATLAng">634.213333333333</dst>
            <dst id="CHINng">1670.78666666667</dst>
            <dst id="DNVRng">983.274666666667</dst>
            <dst id="HSTNng">387.384</dst>
            <dst id="IPLSng">1695.144</dst>
            <dst id="KSCYng">430.952</dst>
            <dst id="LOSAng">1070.56533333333</dst>
            <dst id="NYCMng">464.72</dst>
            <dst id="SNVAng">535.661333333333</dst>
            <dst id="STTLng">348.864</dst>
            <dst id="WASHng">1862.95733333333</dst>
        </src>
        <src id="ATLAng">
            <dst id="ATLA-M5">567.597333333333</dst>
            <dst id="ATLAng">30400.552</dst>
            <dst id="CHINng">29353.64</dst>
            <dst id="DNVRng">8536.488</dst>
            <dst id="HSTNng">8886.4</dst>
            <dst id="IPLSng">31102.4346666667</dst>
            <dst id="KSCYng">9818.792</dst>
            <dst id="LOSAng">27911.312</dst>
            <dst id="NYCMng">30992.3226666667</dst>
            <dst id="SNVAng">3578.73466666667</dst>
            <dst id="STTLng">7266.08266666667</dst>
            <dst id="WASHng">77597.456</dst>
        </src>
        <src id="CHINng">
            <dst id="ATLA-M5">4546.72266666667</dst>
            <dst id="ATLAng">19025.2613333333</dst>
            <dst id="CHINng">34957.0293333333</dst>
            <dst id="DNVRng">14653.8133333333</dst>
            <dst id="HSTNng">21699.6133333333</dst>
            <dst id="IPLSng">35859.6906666667</dst>
            <dst id="KSCYng">8353.448</dst>
            <dst id="LOSAng">33855.4906666667</dst>
            <dst id="NYCMng">7097.88</dst>
            <dst id="SNVAng">9637.36533333333</dst>
            <dst id="STTLng">12817.64</dst>
            <dst id="WASHng">18079.9946666667</dst>
        </src>
        <src id="DNVRng">
            <dst id="ATLA-M5">570.328</dst>
            <dst id="ATLAng">7072.52533333334</dst>
            <dst id="CHINng">59985.9013333333</dst>
            <dst id="DNVRng">25732.8666666667</dst>
            <dst id="HSTNng">18122.112</dst>
            <dst id="IPLSng">35784.1893333333</dst>
            <dst id="KSCYng">22114.0986666667</dst>
            <dst id="LOSAng">11062.8293333333</dst>
            <dst id="NYCMng">20857.896</dst>
            <dst id="SNVAng">15701.6213333333</dst>
            <dst id="STTLng">13120.0746666667</dst>
            <dst id="WASHng">68838.7653333333</dst>
        </src>
        <src id="HSTNng">
            <dst id="ATLA-M5">1319.84</dst>
            <dst id="ATLAng">5522.144</dst>
            <dst id="CHINng">18465.336</dst>
            <dst id="DNVRng">3494.024</dst>
            <dst id="HSTNng">16386.5786666667</dst>
            <dst id="IPLSng">11199.1173333333</dst>
            <dst id="KSCYng">6361.69333333333</dst>
            <dst id="LOSAng">42741.4853333333</dst>
            <dst id="NYCMng">5883.02666666667</dst>
            <dst id="SNVAng">3456.34666666667</dst>
            <dst id="STTLng">4862.104</dst>
            <dst id="WASHng">8090.31733333333</dst>
        </src>
        <src id="IPLSng">
            <dst id="ATLA-M5">1146.8</dst>
            <dst id="ATLAng">24171.6746666667</dst>
            <dst id="CHINng">105353.922666667</dst>
            <dst id="DNVRng">31264.2453333333</dst>
            <dst id="HSTNng">14548.2133333333</dst>
            <dst id="IPLSng">39746.336</dst>
            <dst id="KSCYng">14102.936</dst>
            <dst id="LOSAng">92447.6826666667</dst>
            <dst id="NYCMng">32705.4293333333</dst>
            <dst id="SNVAng">8479.08266666667</dst>
            <dst id="STTLng">13823.2133333333</dst>
            <dst id="WASHng">52610.5626666667</dst>
        </src>
        <src id="KSCYng">
            <dst id="ATLA-M5">2100.208</dst>
            <dst id="ATLAng">5731.56</dst>
            <dst id="CHINng">47120.4106666667</dst>
            <dst id="DNVRng">9890.912</dst>
            <dst id="HSTNng">5337</dst>
            <dst id="IPLSng">17459.8</dst>
            <dst id="KSCYng">11902.9466666667</dst>
            <dst id="LOSAng">8695.27733333333</dst>
            <dst id="NYCMng">11461.3813333333</dst>
            <dst id="SNVAng">5507.49066666667</dst>
            <dst id="STTLng">4283.088</dst>
            <dst id="WASHng">14529.8933333333</dst>
        </src>
        <src id="LOSAng">
            <dst id="ATLA-M5">2220.696</dst>
            <dst id="ATLAng">28755.1333333333</dst>
            <dst id="CHINng">101803.533333333</dst>
            <dst id="DNVRng">17567.128</dst>
            <dst id="HSTNng">47389.8373333333</dst>
            <dst id="IPLSng">50764.4026666667</dst>
            <dst id="KSCYng">12917.0026666667</dst>
            <dst id="LOSAng">19512.6773333333</dst>
            <dst id="NYCMng">64984.4453333333</dst>
            <dst id="SNVAng">14999.3626666667</dst>
            <dst id="STTLng">28451.1813333333</dst>
            <dst id="WASHng">67255.9546666667</dst>
        </src>
        <src id="NYCMng">
            <dst id="ATLA-M5">2663.16266666667</dst>
            <dst id="ATLAng">56406.3546666667</dst>
            <dst id="CHINng">73756.448</dst>
            <dst id="DNVRng">47758.7706666667</dst>
            <dst id="HSTNng">42267.1786666667</dst>
            <dst id="IPLSng">83140.4586666666</dst>
            <dst id="KSCYng">22168.0853333333</dst>
            <dst id="LOSAng">103488.533333333</dst>
            <dst id="NYCMng">154853.317333333</dst>
            <dst id="SNVAng">16855.584</dst>
            <dst id="STTLng">35521.6186666667</dst>
            <dst id="WASHng">195856.232</dst>
        </src>
        <src id="SNVAng">
            <dst id="ATLA-M5">673.544</dst>
            <dst id="ATLAng">870.872</dst>
            <dst id="CHINng">8286.26133333333</dst>
            <dst id="DNVRng">4784.49333333333</dst>
            <dst id="HSTNng">1578.18666666667</dst>
            <dst id="IPLSng">2708.99733333333</dst>
            <dst id="KSCYng">856.738666666667</dst>
            <dst id="LOSAng">38655.296</dst>
            <dst id="NYCMng">2917.67733333333</dst>
            <dst id="SNVAng">17446.448</dst>
            <dst id="STTLng">70632.6213333333</dst>
            <dst id="WASHng">4232.38933333333</dst>
        </src>
        <src id="STTLng">
            <dst id="ATLA-M5">699.613333333333</dst>
            <dst id="ATLAng">12100.9333333333</dst>
            <dst id="CHINng">66835.3893333333</dst>
            <dst id="DNVRng">4236.448</dst>
            <dst id="HSTNng">4614.168</dst>
            <dst id="IPLSng">28878.1386666667</dst>
            <dst id="KSCYng">4844.73066666667</dst>
            <dst id="LOSAng">35611.3226666667</dst>
            <dst id="NYCMng">29926.3573333333</dst>
            <dst id="SNVAng">9964.27466666667</dst>
            <dst id="STTLng">13042.7946666667</dst>
            <dst id="WASHng">21507.5866666667</dst>
        </src>
        <src id="WASHng">
            <dst id="ATLA-M5">1570.20266666667</dst>
            <dst id="ATLAng">125405.597333333</dst>
            <dst id="CHINng">102967.381333333</dst>
            <dst id="DNVRng">76286.5946666667</dst>
            <dst id="HSTNng">20126.7466666667</dst>
            <dst id="IPLSng">83820.4266666667</dst>
            <dst id="KSCYng">16610.024</dst>
            <dst id="LOSAng">102646.941333333</dst>
            <dst id="NYCMng">200957.024</dst>
            <dst id="SNVAng">14125.4746666667</dst>
            <dst id="STTLng">47545.408</dst>
            <dst id="WASHng">235130.8</dst>
        </src>
    </IntraTM>
</TrafficMatrixFile>
