<?xml version="1.0" encoding="ISO-8859-1" standalone="yes"?>
<TrafficMatrixFile xsi:noNamespaceSchemaLocation="http://totem.run.montefiore.ulg.ac.be/Schema/TrafficMatrix-v1_2.xsd" xmlns:xsi="http://www.w3.org/2001/XMLSchema-instance">
    <IntraTM ASID="11537">
        <src id="ATLA-M5">
            <dst id="ATLA-M5">53.3333333333333</dst>
            <dst id="ATLAng">4923.36533333333</dst>
            <dst id="CHINng">3818.98933333333</dst>
            <dst id="DNVRng">194.021333333333</dst>
            <dst id="HSTNng">265.368</dst>
            <dst id="IPLSng">2353.74133333333</dst>
            <dst id="KSCYng">327.154666666667</dst>
            <dst id="LOSAng">599.285333333333</dst>
            <dst id="NYCMng">1005.21866666667</dst>
            <dst id="SNVAng">193.133333333333</dst>
            <dst id="STTLng">0</dst>
            <dst id="WASHng">1972.69333333333</dst>
        </src>
        <src id="ATLAng">
            <dst id="ATLA-M5">478.013333333333</dst>
            <dst id="ATLAng">43686.736</dst>
            <dst id="CHINng">26386.3013333333</dst>
            <dst id="DNVRng">8770.744</dst>
            <dst id="HSTNng">10600.896</dst>
            <dst id="IPLSng">30216.256</dst>
            <dst id="KSCYng">11426.4266666667</dst>
            <dst id="LOSAng">18199.8586666667</dst>
            <dst id="NYCMng">21127.3546666667</dst>
            <dst id="SNVAng">947.24</dst>
            <dst id="STTLng">8896.08533333333</dst>
            <dst id="WASHng">51599.2586666667</dst>
        </src>
        <src id="CHINng">
            <dst id="ATLA-M5">5486.94133333333</dst>
            <dst id="ATLAng">14530.184</dst>
            <dst id="CHINng">31323.9253333333</dst>
            <dst id="DNVRng">12387.6533333333</dst>
            <dst id="HSTNng">10601.688</dst>
            <dst id="IPLSng">27997.9733333333</dst>
            <dst id="KSCYng">19005.1013333333</dst>
            <dst id="LOSAng">19748.7626666667</dst>
            <dst id="NYCMng">6745.69333333333</dst>
            <dst id="SNVAng">2538.17066666667</dst>
            <dst id="STTLng">9807.792</dst>
            <dst id="WASHng">13693.12</dst>
        </src>
        <src id="DNVRng">
            <dst id="ATLA-M5">246.762666666667</dst>
            <dst id="ATLAng">3598.368</dst>
            <dst id="CHINng">67617.6666666667</dst>
            <dst id="DNVRng">13024.48</dst>
            <dst id="HSTNng">5205.75466666667</dst>
            <dst id="IPLSng">11661.9413333333</dst>
            <dst id="KSCYng">11302.432</dst>
            <dst id="LOSAng">15148.256</dst>
            <dst id="NYCMng">9879.03466666667</dst>
            <dst id="SNVAng">19050.368</dst>
            <dst id="STTLng">11502.7493333333</dst>
            <dst id="WASHng">21908.8293333333</dst>
        </src>
        <src id="HSTNng">
            <dst id="ATLA-M5">2038.06133333333</dst>
            <dst id="ATLAng">6176.048</dst>
            <dst id="CHINng">31334.5013333333</dst>
            <dst id="DNVRng">12175.3013333333</dst>
            <dst id="HSTNng">11682.0986666667</dst>
            <dst id="IPLSng">9634.408</dst>
            <dst id="KSCYng">3144.35733333333</dst>
            <dst id="LOSAng">73211.936</dst>
            <dst id="NYCMng">9816.10133333333</dst>
            <dst id="SNVAng">1807.76</dst>
            <dst id="STTLng">2119.10933333333</dst>
            <dst id="WASHng">9693.96533333333</dst>
        </src>
        <src id="IPLSng">
            <dst id="ATLA-M5">7076.72533333333</dst>
            <dst id="ATLAng">13924.168</dst>
            <dst id="CHINng">82303.2906666667</dst>
            <dst id="DNVRng">10353.928</dst>
            <dst id="HSTNng">4440.44</dst>
            <dst id="IPLSng">35727.2053333333</dst>
            <dst id="KSCYng">15546.7226666667</dst>
            <dst id="LOSAng">88884.6293333333</dst>
            <dst id="NYCMng">38100.752</dst>
            <dst id="SNVAng">7124.39733333333</dst>
            <dst id="STTLng">15321.4453333333</dst>
            <dst id="WASHng">40995.264</dst>
        </src>
        <src id="KSCYng">
            <dst id="ATLA-M5">730.061333333333</dst>
            <dst id="ATLAng">4201.05333333333</dst>
            <dst id="CHINng">29381.6666666667</dst>
            <dst id="DNVRng">10801.4053333333</dst>
            <dst id="HSTNng">3338.12266666667</dst>
            <dst id="IPLSng">14797.4693333333</dst>
            <dst id="KSCYng">5620.688</dst>
            <dst id="LOSAng">6984.88266666667</dst>
            <dst id="NYCMng">8267.688</dst>
            <dst id="SNVAng">973.458666666667</dst>
            <dst id="STTLng">5906.53066666667</dst>
            <dst id="WASHng">19060.264</dst>
        </src>
        <src id="LOSAng">
            <dst id="ATLA-M5">280.224</dst>
            <dst id="ATLAng">21290.3333333333</dst>
            <dst id="CHINng">80800.3226666667</dst>
            <dst id="DNVRng">17229.92</dst>
            <dst id="HSTNng">54587.2906666667</dst>
            <dst id="IPLSng">40212.776</dst>
            <dst id="KSCYng">9744.84</dst>
            <dst id="LOSAng">19254.88</dst>
            <dst id="NYCMng">61839.696</dst>
            <dst id="SNVAng">5924.544</dst>
            <dst id="STTLng">29286.5466666667</dst>
            <dst id="WASHng">59285.192</dst>
        </src>
        <src id="NYCMng">
            <dst id="ATLA-M5">1979.80533333333</dst>
            <dst id="ATLAng">43017.808</dst>
            <dst id="CHINng">66650.8613333333</dst>
            <dst id="DNVRng">14267.552</dst>
            <dst id="HSTNng">34827.48</dst>
            <dst id="IPLSng">80509.2853333333</dst>
            <dst id="KSCYng">22060.912</dst>
            <dst id="LOSAng">69509.6266666667</dst>
            <dst id="NYCMng">134536.058666667</dst>
            <dst id="SNVAng">9547.61066666667</dst>
            <dst id="STTLng">27729.3466666667</dst>
            <dst id="WASHng">100510.24</dst>
        </src>
        <src id="SNVAng">
            <dst id="ATLA-M5">235.186666666667</dst>
            <dst id="ATLAng">1363.91733333333</dst>
            <dst id="CHINng">3839.62666666667</dst>
            <dst id="DNVRng">9850.808</dst>
            <dst id="HSTNng">748.952</dst>
            <dst id="IPLSng">2294.048</dst>
            <dst id="KSCYng">934.829333333333</dst>
            <dst id="LOSAng">5090.53333333333</dst>
            <dst id="NYCMng">5044.54133333333</dst>
            <dst id="SNVAng">289.437333333333</dst>
            <dst id="STTLng">1602.776</dst>
            <dst id="WASHng">2834.664</dst>
        </src>
        <src id="STTLng">
            <dst id="ATLA-M5">88.4613333333333</dst>
            <dst id="ATLAng">18343.9253333333</dst>
            <dst id="CHINng">27374.288</dst>
            <dst id="DNVRng">3869.952</dst>
            <dst id="HSTNng">3771.66666666667</dst>
            <dst id="IPLSng">10650.8106666667</dst>
            <dst id="KSCYng">2080.77866666667</dst>
            <dst id="LOSAng">14933.176</dst>
            <dst id="NYCMng">22582.4293333333</dst>
            <dst id="SNVAng">5031.45066666667</dst>
            <dst id="STTLng">4152.89066666667</dst>
            <dst id="WASHng">8485.81333333333</dst>
        </src>
        <src id="WASHng">
            <dst id="ATLA-M5">450.536</dst>
            <dst id="ATLAng">127940.610666667</dst>
            <dst id="CHINng">83571.8826666667</dst>
            <dst id="DNVRng">31056.5946666667</dst>
            <dst id="HSTNng">12739.8186666667</dst>
            <dst id="IPLSng">61572.9066666667</dst>
            <dst id="KSCYng">21719.6506666667</dst>
            <dst id="LOSAng">80472.8933333333</dst>
            <dst id="NYCMng">151539.602666667</dst>
            <dst id="SNVAng">10815.208</dst>
            <dst id="STTLng">33773.4373333333</dst>
            <dst id="WASHng">205957.288</dst>
        </src>
    </IntraTM>
</TrafficMatrixFile>
