<?xml version="1.0" encoding="ISO-8859-1" standalone="yes"?>
<TrafficMatrixFile xsi:noNamespaceSchemaLocation="http://totem.run.montefiore.ulg.ac.be/Schema/TrafficMatrix-v1_2.xsd" xmlns:xsi="http://www.w3.org/2001/XMLSchema-instance">
    <IntraTM ASID="11537">
        <src id="ATLA-M5">
            <dst id="ATLA-M5">0</dst>
            <dst id="ATLAng">164.410666666667</dst>
            <dst id="CHINng">633.050666666667</dst>
            <dst id="DNVRng">69.2933333333333</dst>
            <dst id="HSTNng">130.322666666667</dst>
            <dst id="IPLSng">1191.81066666667</dst>
            <dst id="KSCYng">202.456</dst>
            <dst id="LOSAng">287.861333333333</dst>
            <dst id="NYCMng">81.624</dst>
            <dst id="SNVAng">226.272</dst>
            <dst id="STTLng">163.424</dst>
            <dst id="WASHng">2687.51466666667</dst>
        </src>
        <src id="ATLAng">
            <dst id="ATLA-M5">849.669333333333</dst>
            <dst id="ATLAng">50585.376</dst>
            <dst id="CHINng">10679.096</dst>
            <dst id="DNVRng">1850.89333333333</dst>
            <dst id="HSTNng">1232.23466666667</dst>
            <dst id="IPLSng">13865.424</dst>
            <dst id="KSCYng">2135.89866666667</dst>
            <dst id="LOSAng">17211.3893333333</dst>
            <dst id="NYCMng">14679.8</dst>
            <dst id="SNVAng">5361.05866666667</dst>
            <dst id="STTLng">7751.02933333333</dst>
            <dst id="WASHng">81916.408</dst>
        </src>
        <src id="CHINng">
            <dst id="ATLA-M5">247.048</dst>
            <dst id="ATLAng">9938.15466666667</dst>
            <dst id="CHINng">44636.8906666667</dst>
            <dst id="DNVRng">12679.1386666667</dst>
            <dst id="HSTNng">10538.312</dst>
            <dst id="IPLSng">16638.4106666667</dst>
            <dst id="KSCYng">7638.312</dst>
            <dst id="LOSAng">17259.3573333333</dst>
            <dst id="NYCMng">5280.152</dst>
            <dst id="SNVAng">1231.45333333333</dst>
            <dst id="STTLng">6182.22933333333</dst>
            <dst id="WASHng">6593.712</dst>
        </src>
        <src id="DNVRng">
            <dst id="ATLA-M5">135.258666666667</dst>
            <dst id="ATLAng">7173.17333333333</dst>
            <dst id="CHINng">47415.1973333333</dst>
            <dst id="DNVRng">1886.33333333333</dst>
            <dst id="HSTNng">4605.33333333333</dst>
            <dst id="IPLSng">3440.40533333333</dst>
            <dst id="KSCYng">3617.13866666667</dst>
            <dst id="LOSAng">6123.68533333333</dst>
            <dst id="NYCMng">8895.32</dst>
            <dst id="SNVAng">6170.24533333333</dst>
            <dst id="STTLng">7294.296</dst>
            <dst id="WASHng">7127.05066666667</dst>
        </src>
        <src id="HSTNng">
            <dst id="ATLA-M5">2275.69333333333</dst>
            <dst id="ATLAng">3265.63466666667</dst>
            <dst id="CHINng">29859.4746666667</dst>
            <dst id="DNVRng">878.125333333333</dst>
            <dst id="HSTNng">5996.57066666667</dst>
            <dst id="IPLSng">8846.15466666667</dst>
            <dst id="KSCYng">1757.82933333333</dst>
            <dst id="LOSAng">17808.0933333333</dst>
            <dst id="NYCMng">4561.74933333333</dst>
            <dst id="SNVAng">1547.86933333333</dst>
            <dst id="STTLng">1379.664</dst>
            <dst id="WASHng">3463.39733333333</dst>
        </src>
        <src id="IPLSng">
            <dst id="ATLA-M5">80</dst>
            <dst id="ATLAng">8511.57066666667</dst>
            <dst id="CHINng">111147.109333333</dst>
            <dst id="DNVRng">6149.43466666667</dst>
            <dst id="HSTNng">4400.848</dst>
            <dst id="IPLSng">15868.032</dst>
            <dst id="KSCYng">5344.32</dst>
            <dst id="LOSAng">14672.288</dst>
            <dst id="NYCMng">23410.224</dst>
            <dst id="SNVAng">5396.784</dst>
            <dst id="STTLng">7731.00533333333</dst>
            <dst id="WASHng">23397.7413333333</dst>
        </src>
        <src id="KSCYng">
            <dst id="ATLA-M5">3411.312</dst>
            <dst id="ATLAng">4143.31466666667</dst>
            <dst id="CHINng">44090.9546666667</dst>
            <dst id="DNVRng">2738.37333333333</dst>
            <dst id="HSTNng">2759.22133333333</dst>
            <dst id="IPLSng">7914.98933333333</dst>
            <dst id="KSCYng">2062.36533333333</dst>
            <dst id="LOSAng">4261.86133333333</dst>
            <dst id="NYCMng">6072.45333333333</dst>
            <dst id="SNVAng">757.352</dst>
            <dst id="STTLng">5024.16533333333</dst>
            <dst id="WASHng">13395.4586666667</dst>
        </src>
        <src id="LOSAng">
            <dst id="ATLA-M5">26.6666666666667</dst>
            <dst id="ATLAng">12667.6853333333</dst>
            <dst id="CHINng">130164.792</dst>
            <dst id="DNVRng">2713.73066666667</dst>
            <dst id="HSTNng">5991.35733333333</dst>
            <dst id="IPLSng">28813.68</dst>
            <dst id="KSCYng">5006.78133333333</dst>
            <dst id="LOSAng">8891.87733333333</dst>
            <dst id="NYCMng">46528.2293333333</dst>
            <dst id="SNVAng">2897.78133333333</dst>
            <dst id="STTLng">20096.4613333333</dst>
            <dst id="WASHng">45990.936</dst>
        </src>
        <src id="NYCMng">
            <dst id="ATLA-M5">721.941333333333</dst>
            <dst id="ATLAng">36613.5306666667</dst>
            <dst id="CHINng">53142.0133333333</dst>
            <dst id="DNVRng">15197.1546666667</dst>
            <dst id="HSTNng">33336.1493333333</dst>
            <dst id="IPLSng">53140.2266666667</dst>
            <dst id="KSCYng">16411.552</dst>
            <dst id="LOSAng">39815.8613333333</dst>
            <dst id="NYCMng">160338.912</dst>
            <dst id="SNVAng">4041.624</dst>
            <dst id="STTLng">19755.8293333333</dst>
            <dst id="WASHng">55417.4533333333</dst>
        </src>
        <src id="SNVAng">
            <dst id="ATLA-M5">50.1333333333333</dst>
            <dst id="ATLAng">606.610666666667</dst>
            <dst id="CHINng">8337.56</dst>
            <dst id="DNVRng">7687.92</dst>
            <dst id="HSTNng">539.245333333333</dst>
            <dst id="IPLSng">2735.376</dst>
            <dst id="KSCYng">466.064</dst>
            <dst id="LOSAng">5206.78666666667</dst>
            <dst id="NYCMng">4305.26666666667</dst>
            <dst id="SNVAng">204.954666666667</dst>
            <dst id="STTLng">2106.95466666667</dst>
            <dst id="WASHng">1189.672</dst>
        </src>
        <src id="STTLng">
            <dst id="ATLA-M5">99.1706666666667</dst>
            <dst id="ATLAng">14714.5146666667</dst>
            <dst id="CHINng">86015.0186666667</dst>
            <dst id="DNVRng">3214.90933333333</dst>
            <dst id="HSTNng">1386.528</dst>
            <dst id="IPLSng">8803.664</dst>
            <dst id="KSCYng">3400.05333333333</dst>
            <dst id="LOSAng">17579.1386666667</dst>
            <dst id="NYCMng">21034.3493333333</dst>
            <dst id="SNVAng">3080.38666666667</dst>
            <dst id="STTLng">2301.77866666667</dst>
            <dst id="WASHng">8049.92266666667</dst>
        </src>
        <src id="WASHng">
            <dst id="ATLA-M5">170.837333333333</dst>
            <dst id="ATLAng">97015.2266666667</dst>
            <dst id="CHINng">51883.536</dst>
            <dst id="DNVRng">27738.776</dst>
            <dst id="HSTNng">18413.5786666667</dst>
            <dst id="IPLSng">46315.784</dst>
            <dst id="KSCYng">9595.432</dst>
            <dst id="LOSAng">59061.64</dst>
            <dst id="NYCMng">110419.074666667</dst>
            <dst id="SNVAng">3158.09066666667</dst>
            <dst id="STTLng">28540.0133333333</dst>
            <dst id="WASHng">343701.226666667</dst>
        </src>
    </IntraTM>
</TrafficMatrixFile>
