<?xml version="1.0" encoding="ISO-8859-1" standalone="yes"?>
<TrafficMatrixFile xsi:noNamespaceSchemaLocation="http://totem.run.montefiore.ulg.ac.be/Schema/TrafficMatrix-v1_2.xsd" xmlns:xsi="http://www.w3.org/2001/XMLSchema-instance">
    <IntraTM ASID="11537">
        <src id="ATLA-M5">
            <dst id="ATLA-M5">0</dst>
            <dst id="ATLAng">2284.39466666667</dst>
            <dst id="CHINng">2162.44533333333</dst>
            <dst id="DNVRng">278.426666666667</dst>
            <dst id="HSTNng">399.682666666667</dst>
            <dst id="IPLSng">1234.16533333333</dst>
            <dst id="KSCYng">276.565333333333</dst>
            <dst id="LOSAng">459.810666666667</dst>
            <dst id="NYCMng">2267.76533333333</dst>
            <dst id="SNVAng">251.917333333333</dst>
            <dst id="STTLng">143.930666666667</dst>
            <dst id="WASHng">2640.65333333333</dst>
        </src>
        <src id="ATLAng">
            <dst id="ATLA-M5">2281.21333333333</dst>
            <dst id="ATLAng">24389.968</dst>
            <dst id="CHINng">29456.5786666667</dst>
            <dst id="DNVRng">8502.74666666667</dst>
            <dst id="HSTNng">7507.21066666667</dst>
            <dst id="IPLSng">34067.1466666667</dst>
            <dst id="KSCYng">4436.952</dst>
            <dst id="LOSAng">19480.0826666667</dst>
            <dst id="NYCMng">21747.0826666667</dst>
            <dst id="SNVAng">3282.8</dst>
            <dst id="STTLng">9848.97066666667</dst>
            <dst id="WASHng">60023.144</dst>
        </src>
        <src id="CHINng">
            <dst id="ATLA-M5">3609.66133333333</dst>
            <dst id="ATLAng">12820.464</dst>
            <dst id="CHINng">49402.456</dst>
            <dst id="DNVRng">11563.9466666667</dst>
            <dst id="HSTNng">19497.5893333333</dst>
            <dst id="IPLSng">49891.8826666667</dst>
            <dst id="KSCYng">9848.03466666667</dst>
            <dst id="LOSAng">26583.864</dst>
            <dst id="NYCMng">5406.23733333333</dst>
            <dst id="SNVAng">4848.47466666667</dst>
            <dst id="STTLng">8236.536</dst>
            <dst id="WASHng">21659.5893333333</dst>
        </src>
        <src id="DNVRng">
            <dst id="ATLA-M5">733.157333333333</dst>
            <dst id="ATLAng">8953.91466666667</dst>
            <dst id="CHINng">53482.2586666667</dst>
            <dst id="DNVRng">29910.384</dst>
            <dst id="HSTNng">15736.344</dst>
            <dst id="IPLSng">43790.8666666667</dst>
            <dst id="KSCYng">28198.8586666667</dst>
            <dst id="LOSAng">12634.7013333333</dst>
            <dst id="NYCMng">27036.3253333333</dst>
            <dst id="SNVAng">13493.464</dst>
            <dst id="STTLng">20372.5253333333</dst>
            <dst id="WASHng">64789.1813333333</dst>
        </src>
        <src id="HSTNng">
            <dst id="ATLA-M5">216.285333333333</dst>
            <dst id="ATLAng">10406.7573333333</dst>
            <dst id="CHINng">19875.7733333333</dst>
            <dst id="DNVRng">5812.06933333333</dst>
            <dst id="HSTNng">9385.784</dst>
            <dst id="IPLSng">13336.72</dst>
            <dst id="KSCYng">5177.544</dst>
            <dst id="LOSAng">199375.962666667</dst>
            <dst id="NYCMng">12702.232</dst>
            <dst id="SNVAng">2096.088</dst>
            <dst id="STTLng">5745.53866666667</dst>
            <dst id="WASHng">10460.3306666667</dst>
        </src>
        <src id="IPLSng">
            <dst id="ATLA-M5">1166.87733333333</dst>
            <dst id="ATLAng">24044.2666666667</dst>
            <dst id="CHINng">86119.6826666667</dst>
            <dst id="DNVRng">29586.544</dst>
            <dst id="HSTNng">12660.8906666667</dst>
            <dst id="IPLSng">42697.9146666667</dst>
            <dst id="KSCYng">15405.8613333333</dst>
            <dst id="LOSAng">85523.9546666667</dst>
            <dst id="NYCMng">40371.3413333333</dst>
            <dst id="SNVAng">3467.168</dst>
            <dst id="STTLng">19463.4346666667</dst>
            <dst id="WASHng">51583.7733333333</dst>
        </src>
        <src id="KSCYng">
            <dst id="ATLA-M5">547.429333333333</dst>
            <dst id="ATLAng">8398.584</dst>
            <dst id="CHINng">39172.3466666667</dst>
            <dst id="DNVRng">9594.22933333333</dst>
            <dst id="HSTNng">4010.06133333333</dst>
            <dst id="IPLSng">14235.2213333333</dst>
            <dst id="KSCYng">12257.5066666667</dst>
            <dst id="LOSAng">7974.51466666667</dst>
            <dst id="NYCMng">10108.1226666667</dst>
            <dst id="SNVAng">2432.93066666667</dst>
            <dst id="STTLng">5476.28533333333</dst>
            <dst id="WASHng">17154.8293333333</dst>
        </src>
        <src id="LOSAng">
            <dst id="ATLA-M5">939.549333333333</dst>
            <dst id="ATLAng">32925.3866666667</dst>
            <dst id="CHINng">102158.085333333</dst>
            <dst id="DNVRng">13773.0666666667</dst>
            <dst id="HSTNng">15516.4853333333</dst>
            <dst id="IPLSng">66117.152</dst>
            <dst id="KSCYng">16782.6346666667</dst>
            <dst id="LOSAng">17595.936</dst>
            <dst id="NYCMng">71289.8586666667</dst>
            <dst id="SNVAng">11482.0373333333</dst>
            <dst id="STTLng">37417.688</dst>
            <dst id="WASHng">81880.976</dst>
        </src>
        <src id="NYCMng">
            <dst id="ATLA-M5">3864.50133333333</dst>
            <dst id="ATLAng">55840.3253333333</dst>
            <dst id="CHINng">74085.7653333333</dst>
            <dst id="DNVRng">44846.04</dst>
            <dst id="HSTNng">45334.6613333333</dst>
            <dst id="IPLSng">91997.912</dst>
            <dst id="KSCYng">25207.408</dst>
            <dst id="LOSAng">93152.112</dst>
            <dst id="NYCMng">145663.984</dst>
            <dst id="SNVAng">12170.0773333333</dst>
            <dst id="STTLng">45408.656</dst>
            <dst id="WASHng">194460.584</dst>
        </src>
        <src id="SNVAng">
            <dst id="ATLA-M5">269.746666666667</dst>
            <dst id="ATLAng">1415.80266666667</dst>
            <dst id="CHINng">4152.27733333333</dst>
            <dst id="DNVRng">7871.52533333333</dst>
            <dst id="HSTNng">2179.66666666667</dst>
            <dst id="IPLSng">3016.84266666667</dst>
            <dst id="KSCYng">1797.81066666667</dst>
            <dst id="LOSAng">38930.904</dst>
            <dst id="NYCMng">2515.50666666667</dst>
            <dst id="SNVAng">21544.7173333333</dst>
            <dst id="STTLng">67800.0586666667</dst>
            <dst id="WASHng">3268.55733333333</dst>
        </src>
        <src id="STTLng">
            <dst id="ATLA-M5">70.8053333333333</dst>
            <dst id="ATLAng">14038.944</dst>
            <dst id="CHINng">47262.776</dst>
            <dst id="DNVRng">4180.808</dst>
            <dst id="HSTNng">5300.32533333333</dst>
            <dst id="IPLSng">18196.1546666667</dst>
            <dst id="KSCYng">5163.14933333333</dst>
            <dst id="LOSAng">39553.248</dst>
            <dst id="NYCMng">30155.056</dst>
            <dst id="SNVAng">6701.152</dst>
            <dst id="STTLng">17134.6613333333</dst>
            <dst id="WASHng">16181.9466666667</dst>
        </src>
        <src id="WASHng">
            <dst id="ATLA-M5">1369.25333333333</dst>
            <dst id="ATLAng">150574.114666667</dst>
            <dst id="CHINng">106781.309333333</dst>
            <dst id="DNVRng">57873.168</dst>
            <dst id="HSTNng">56053.7546666667</dst>
            <dst id="IPLSng">103276.4</dst>
            <dst id="KSCYng">31160.2106666667</dst>
            <dst id="LOSAng">93838.3306666667</dst>
            <dst id="NYCMng">211932.04</dst>
            <dst id="SNVAng">22157.4533333333</dst>
            <dst id="STTLng">42837.6773333333</dst>
            <dst id="WASHng">234539.042666667</dst>
        </src>
    </IntraTM>
</TrafficMatrixFile>
