<?xml version="1.0" encoding="ISO-8859-1" standalone="yes"?>
<TrafficMatrixFile xsi:noNamespaceSchemaLocation="http://totem.run.montefiore.ulg.ac.be/Schema/TrafficMatrix-v1_2.xsd" xmlns:xsi="http://www.w3.org/2001/XMLSchema-instance">
    <IntraTM ASID="11537">
        <src id="ATLA-M5">
            <dst id="ATLA-M5">29.0453333333333</dst>
            <dst id="ATLAng">2003.744</dst>
            <dst id="CHINng">3515.28266666667</dst>
            <dst id="DNVRng">173.354666666667</dst>
            <dst id="HSTNng">977.165333333333</dst>
            <dst id="IPLSng">1830.968</dst>
            <dst id="KSCYng">471.632</dst>
            <dst id="LOSAng">830.989333333333</dst>
            <dst id="NYCMng">1556.78933333333</dst>
            <dst id="SNVAng">225.426666666667</dst>
            <dst id="STTLng">910.922666666667</dst>
            <dst id="WASHng">2395.59466666667</dst>
        </src>
        <src id="ATLAng">
            <dst id="ATLA-M5">649.778666666667</dst>
            <dst id="ATLAng">70962.8533333333</dst>
            <dst id="CHINng">28104.2506666667</dst>
            <dst id="DNVRng">6778.05333333333</dst>
            <dst id="HSTNng">7619.31466666667</dst>
            <dst id="IPLSng">37640.12</dst>
            <dst id="KSCYng">6075.89066666666</dst>
            <dst id="LOSAng">21987.8533333333</dst>
            <dst id="NYCMng">23116.7946666667</dst>
            <dst id="SNVAng">929.770666666667</dst>
            <dst id="STTLng">12439.9226666667</dst>
            <dst id="WASHng">57960.0666666667</dst>
        </src>
        <src id="CHINng">
            <dst id="ATLA-M5">4532.68266666667</dst>
            <dst id="ATLAng">15232.632</dst>
            <dst id="CHINng">35146.0986666667</dst>
            <dst id="DNVRng">14700.1413333333</dst>
            <dst id="HSTNng">11096.1866666667</dst>
            <dst id="IPLSng">50465.9946666667</dst>
            <dst id="KSCYng">11759.568</dst>
            <dst id="LOSAng">33718.1146666667</dst>
            <dst id="NYCMng">6260.34666666667</dst>
            <dst id="SNVAng">3437.392</dst>
            <dst id="STTLng">7168.90133333333</dst>
            <dst id="WASHng">16292.04</dst>
        </src>
        <src id="DNVRng">
            <dst id="ATLA-M5">280.824</dst>
            <dst id="ATLAng">8786.16</dst>
            <dst id="CHINng">58765.6373333333</dst>
            <dst id="DNVRng">11656.272</dst>
            <dst id="HSTNng">13508.0053333333</dst>
            <dst id="IPLSng">32518.64</dst>
            <dst id="KSCYng">37526.8346666667</dst>
            <dst id="LOSAng">10300.272</dst>
            <dst id="NYCMng">27644.8826666667</dst>
            <dst id="SNVAng">8758.84533333333</dst>
            <dst id="STTLng">13081.776</dst>
            <dst id="WASHng">51961.256</dst>
        </src>
        <src id="HSTNng">
            <dst id="ATLA-M5">786.869333333333</dst>
            <dst id="ATLAng">7774.04266666667</dst>
            <dst id="CHINng">36097.9706666667</dst>
            <dst id="DNVRng">3721.20533333333</dst>
            <dst id="HSTNng">8112.44533333333</dst>
            <dst id="IPLSng">11699.912</dst>
            <dst id="KSCYng">3561.93333333333</dst>
            <dst id="LOSAng">103055</dst>
            <dst id="NYCMng">7068.43733333333</dst>
            <dst id="SNVAng">3156.12266666667</dst>
            <dst id="STTLng">3793.08533333333</dst>
            <dst id="WASHng">10369.2266666667</dst>
        </src>
        <src id="IPLSng">
            <dst id="ATLA-M5">1489.98133333333</dst>
            <dst id="ATLAng">17921.56</dst>
            <dst id="CHINng">79660.1573333333</dst>
            <dst id="DNVRng">32274.5013333333</dst>
            <dst id="HSTNng">7642.824</dst>
            <dst id="IPLSng">24746.5173333333</dst>
            <dst id="KSCYng">11672.976</dst>
            <dst id="LOSAng">93793.4746666667</dst>
            <dst id="NYCMng">55443.68</dst>
            <dst id="SNVAng">4223.80266666667</dst>
            <dst id="STTLng">12805.7573333333</dst>
            <dst id="WASHng">48067.064</dst>
        </src>
        <src id="KSCYng">
            <dst id="ATLA-M5">443.890666666667</dst>
            <dst id="ATLAng">5111.10666666667</dst>
            <dst id="CHINng">37719.0026666667</dst>
            <dst id="DNVRng">18295.888</dst>
            <dst id="HSTNng">5866.232</dst>
            <dst id="IPLSng">12156.8906666667</dst>
            <dst id="KSCYng">7610.43466666667</dst>
            <dst id="LOSAng">6638.25866666667</dst>
            <dst id="NYCMng">12008.496</dst>
            <dst id="SNVAng">2508.83466666667</dst>
            <dst id="STTLng">8185.76266666667</dst>
            <dst id="WASHng">18402.0346666667</dst>
        </src>
        <src id="LOSAng">
            <dst id="ATLA-M5">1108.168</dst>
            <dst id="ATLAng">29356.6906666667</dst>
            <dst id="CHINng">107486.224</dst>
            <dst id="DNVRng">11548.0853333333</dst>
            <dst id="HSTNng">15903.8693333333</dst>
            <dst id="IPLSng">50158.0506666667</dst>
            <dst id="KSCYng">14938.864</dst>
            <dst id="LOSAng">21233.6346666667</dst>
            <dst id="NYCMng">62254.24</dst>
            <dst id="SNVAng">11571.0293333333</dst>
            <dst id="STTLng">32479.48</dst>
            <dst id="WASHng">66586.912</dst>
        </src>
        <src id="NYCMng">
            <dst id="ATLA-M5">2276.29333333333</dst>
            <dst id="ATLAng">58519.6</dst>
            <dst id="CHINng">69949.3093333334</dst>
            <dst id="DNVRng">36403.1253333333</dst>
            <dst id="HSTNng">36500.6186666667</dst>
            <dst id="IPLSng">80382.6346666667</dst>
            <dst id="KSCYng">32426.4106666667</dst>
            <dst id="LOSAng">106532.754666667</dst>
            <dst id="NYCMng">143541.045333333</dst>
            <dst id="SNVAng">8824.66133333333</dst>
            <dst id="STTLng">45142.0693333333</dst>
            <dst id="WASHng">109847.741333333</dst>
        </src>
        <src id="SNVAng">
            <dst id="ATLA-M5">26.6666666666667</dst>
            <dst id="ATLAng">4715.71733333333</dst>
            <dst id="CHINng">3825.76533333333</dst>
            <dst id="DNVRng">2871.90666666667</dst>
            <dst id="HSTNng">2371.68266666667</dst>
            <dst id="IPLSng">15773.912</dst>
            <dst id="KSCYng">1139.50666666667</dst>
            <dst id="LOSAng">42414.5653333333</dst>
            <dst id="NYCMng">2291.296</dst>
            <dst id="SNVAng">21552.4346666667</dst>
            <dst id="STTLng">62247.984</dst>
            <dst id="WASHng">3575.81866666667</dst>
        </src>
        <src id="STTLng">
            <dst id="ATLA-M5">436.493333333333</dst>
            <dst id="ATLAng">15647.2853333333</dst>
            <dst id="CHINng">41564.8933333333</dst>
            <dst id="DNVRng">5174.41866666667</dst>
            <dst id="HSTNng">4418.46933333333</dst>
            <dst id="IPLSng">21531.2293333333</dst>
            <dst id="KSCYng">5340.55466666667</dst>
            <dst id="LOSAng">30284.2346666667</dst>
            <dst id="NYCMng">24902.3173333333</dst>
            <dst id="SNVAng">7288.73333333333</dst>
            <dst id="STTLng">12341.512</dst>
            <dst id="WASHng">19205.896</dst>
        </src>
        <src id="WASHng">
            <dst id="ATLA-M5">4438.53866666667</dst>
            <dst id="ATLAng">140192.733333333</dst>
            <dst id="CHINng">88384.1013333333</dst>
            <dst id="DNVRng">61506.7653333334</dst>
            <dst id="HSTNng">19996.3146666667</dst>
            <dst id="IPLSng">94705.752</dst>
            <dst id="KSCYng">18196.328</dst>
            <dst id="LOSAng">75567.8213333333</dst>
            <dst id="NYCMng">178087.914666667</dst>
            <dst id="SNVAng">21691.4</dst>
            <dst id="STTLng">41472.9013333333</dst>
            <dst id="WASHng">261504.370666667</dst>
        </src>
    </IntraTM>
</TrafficMatrixFile>
