<?xml version="1.0" encoding="ISO-8859-1" standalone="yes"?>
<TrafficMatrixFile xsi:noNamespaceSchemaLocation="http://totem.run.montefiore.ulg.ac.be/Schema/TrafficMatrix-v1_2.xsd" xmlns:xsi="http://www.w3.org/2001/XMLSchema-instance">
    <IntraTM ASID="11537">
        <src id="ATLA-M5">
            <dst id="ATLA-M5">0</dst>
            <dst id="ATLAng">273.016</dst>
            <dst id="CHINng">1369.33066666667</dst>
            <dst id="DNVRng">123.664</dst>
            <dst id="HSTNng">147.578666666667</dst>
            <dst id="IPLSng">285.349333333333</dst>
            <dst id="KSCYng">309.744</dst>
            <dst id="LOSAng">769.930666666667</dst>
            <dst id="NYCMng">336.125333333333</dst>
            <dst id="SNVAng">855.048</dst>
            <dst id="STTLng">286.336</dst>
            <dst id="WASHng">4093.10133333333</dst>
        </src>
        <src id="ATLAng">
            <dst id="ATLA-M5">102.6</dst>
            <dst id="ATLAng">24723.232</dst>
            <dst id="CHINng">19056.0133333333</dst>
            <dst id="DNVRng">4581.04</dst>
            <dst id="HSTNng">26951.488</dst>
            <dst id="IPLSng">20092.1786666667</dst>
            <dst id="KSCYng">4780.09333333333</dst>
            <dst id="LOSAng">16015.8853333333</dst>
            <dst id="NYCMng">9351.63466666666</dst>
            <dst id="SNVAng">620.757333333333</dst>
            <dst id="STTLng">5275.8</dst>
            <dst id="WASHng">140968.864</dst>
        </src>
        <src id="CHINng">
            <dst id="ATLA-M5">87.7066666666667</dst>
            <dst id="ATLAng">14974.5733333333</dst>
            <dst id="CHINng">42705.8026666667</dst>
            <dst id="DNVRng">5528.84533333333</dst>
            <dst id="HSTNng">4289.072</dst>
            <dst id="IPLSng">11126.7466666667</dst>
            <dst id="KSCYng">5875.488</dst>
            <dst id="LOSAng">31262.2693333333</dst>
            <dst id="NYCMng">3456.83466666667</dst>
            <dst id="SNVAng">1238.06666666667</dst>
            <dst id="STTLng">6622.55466666667</dst>
            <dst id="WASHng">8820.13333333333</dst>
        </src>
        <src id="DNVRng">
            <dst id="ATLA-M5">136.952</dst>
            <dst id="ATLAng">8393.06666666667</dst>
            <dst id="CHINng">72540.52</dst>
            <dst id="DNVRng">3738.29066666667</dst>
            <dst id="HSTNng">11610.984</dst>
            <dst id="IPLSng">25730.68</dst>
            <dst id="KSCYng">7431.82666666667</dst>
            <dst id="LOSAng">4932.57866666667</dst>
            <dst id="NYCMng">18929.4266666667</dst>
            <dst id="SNVAng">7434.84533333333</dst>
            <dst id="STTLng">15078.256</dst>
            <dst id="WASHng">40435.5173333333</dst>
        </src>
        <src id="HSTNng">
            <dst id="ATLA-M5">2591.82933333333</dst>
            <dst id="ATLAng">5090.30666666667</dst>
            <dst id="CHINng">32462.5786666667</dst>
            <dst id="DNVRng">4083.64533333333</dst>
            <dst id="HSTNng">2013.49866666667</dst>
            <dst id="IPLSng">5162.22133333333</dst>
            <dst id="KSCYng">1461.92533333333</dst>
            <dst id="LOSAng">10509.6746666667</dst>
            <dst id="NYCMng">6762.13866666667</dst>
            <dst id="SNVAng">2498.42666666667</dst>
            <dst id="STTLng">1418.896</dst>
            <dst id="WASHng">4022.136</dst>
        </src>
        <src id="IPLSng">
            <dst id="ATLA-M5">397.413333333333</dst>
            <dst id="ATLAng">12523.3706666667</dst>
            <dst id="CHINng">130363.52</dst>
            <dst id="DNVRng">21716.792</dst>
            <dst id="HSTNng">4433.88533333333</dst>
            <dst id="IPLSng">24490.6586666667</dst>
            <dst id="KSCYng">11556.6266666667</dst>
            <dst id="LOSAng">38157.7066666667</dst>
            <dst id="NYCMng">28882.064</dst>
            <dst id="SNVAng">6915.66666666667</dst>
            <dst id="STTLng">11182.8826666667</dst>
            <dst id="WASHng">41767.0053333333</dst>
        </src>
        <src id="KSCYng">
            <dst id="ATLA-M5">934.186666666667</dst>
            <dst id="ATLAng">4906.38133333333</dst>
            <dst id="CHINng">39969.8346666667</dst>
            <dst id="DNVRng">7918.456</dst>
            <dst id="HSTNng">2687.37333333333</dst>
            <dst id="IPLSng">7544.04266666667</dst>
            <dst id="KSCYng">5320.98933333333</dst>
            <dst id="LOSAng">4664.90666666667</dst>
            <dst id="NYCMng">7430.00533333334</dst>
            <dst id="SNVAng">2603.02133333333</dst>
            <dst id="STTLng">5506.904</dst>
            <dst id="WASHng">7557.008</dst>
        </src>
        <src id="LOSAng">
            <dst id="ATLA-M5">1438.48266666667</dst>
            <dst id="ATLAng">15157.6506666667</dst>
            <dst id="CHINng">144759.210666667</dst>
            <dst id="DNVRng">8078.536</dst>
            <dst id="HSTNng">9863.04266666667</dst>
            <dst id="IPLSng">34565.0213333333</dst>
            <dst id="KSCYng">4637.62933333333</dst>
            <dst id="LOSAng">22418.4933333333</dst>
            <dst id="NYCMng">50848.4693333333</dst>
            <dst id="SNVAng">9233.80533333333</dst>
            <dst id="STTLng">22176.12</dst>
            <dst id="WASHng">56175.7466666667</dst>
        </src>
        <src id="NYCMng">
            <dst id="ATLA-M5">338.944</dst>
            <dst id="ATLAng">27714.024</dst>
            <dst id="CHINng">64547.5946666667</dst>
            <dst id="DNVRng">20162.3813333333</dst>
            <dst id="HSTNng">25258.752</dst>
            <dst id="IPLSng">49477.3813333333</dst>
            <dst id="KSCYng">12935.424</dst>
            <dst id="LOSAng">62725.856</dst>
            <dst id="NYCMng">151013.466666667</dst>
            <dst id="SNVAng">7969.336</dst>
            <dst id="STTLng">21796.696</dst>
            <dst id="WASHng">57532.9466666667</dst>
        </src>
        <src id="SNVAng">
            <dst id="ATLA-M5">291.589333333333</dst>
            <dst id="ATLAng">439.722666666667</dst>
            <dst id="CHINng">5526.33333333333</dst>
            <dst id="DNVRng">2186.24266666667</dst>
            <dst id="HSTNng">233.042666666667</dst>
            <dst id="IPLSng">1098.90666666667</dst>
            <dst id="KSCYng">741.632</dst>
            <dst id="LOSAng">33392.0826666667</dst>
            <dst id="NYCMng">2017.47466666667</dst>
            <dst id="SNVAng">16367.2853333333</dst>
            <dst id="STTLng">57678.6666666667</dst>
            <dst id="WASHng">1042.26133333333</dst>
        </src>
        <src id="STTLng">
            <dst id="ATLA-M5">110.141333333333</dst>
            <dst id="ATLAng">10151.384</dst>
            <dst id="CHINng">78568.7386666666</dst>
            <dst id="DNVRng">3967.216</dst>
            <dst id="HSTNng">1619.368</dst>
            <dst id="IPLSng">5957.78133333333</dst>
            <dst id="KSCYng">3687.24</dst>
            <dst id="LOSAng">22520.1946666667</dst>
            <dst id="NYCMng">24159.2266666667</dst>
            <dst id="SNVAng">2361.376</dst>
            <dst id="STTLng">8814.49066666667</dst>
            <dst id="WASHng">9747.47733333334</dst>
        </src>
        <src id="WASHng">
            <dst id="ATLA-M5">237.370666666667</dst>
            <dst id="ATLAng">119192.674666667</dst>
            <dst id="CHINng">57097.9973333333</dst>
            <dst id="DNVRng">53012.6933333333</dst>
            <dst id="HSTNng">12126.4453333333</dst>
            <dst id="IPLSng">45310.8133333333</dst>
            <dst id="KSCYng">6336.77333333333</dst>
            <dst id="LOSAng">76688</dst>
            <dst id="NYCMng">187194.669333333</dst>
            <dst id="SNVAng">16218.6533333333</dst>
            <dst id="STTLng">35038.904</dst>
            <dst id="WASHng">336979.466666667</dst>
        </src>
    </IntraTM>
</TrafficMatrixFile>
