<?xml version="1.0" encoding="ISO-8859-1" standalone="yes"?>
<TrafficMatrixFile xsi:noNamespaceSchemaLocation="http://totem.run.montefiore.ulg.ac.be/Schema/TrafficMatrix-v1_2.xsd" xmlns:xsi="http://www.w3.org/2001/XMLSchema-instance">
    <IntraTM ASID="11537">
        <src id="ATLA-M5">
            <dst id="ATLA-M5">83.9813333333333</dst>
            <dst id="ATLAng">514.488</dst>
            <dst id="CHINng">506.789333333333</dst>
            <dst id="DNVRng">107.682666666667</dst>
            <dst id="HSTNng">330.989333333333</dst>
            <dst id="IPLSng">722.346666666667</dst>
            <dst id="KSCYng">223.629333333333</dst>
            <dst id="LOSAng">278.117333333333</dst>
            <dst id="NYCMng">240</dst>
            <dst id="SNVAng">26.6666666666667</dst>
            <dst id="STTLng">165.776</dst>
            <dst id="WASHng">2496.41066666667</dst>
        </src>
        <src id="ATLAng">
            <dst id="ATLA-M5">1947.82933333333</dst>
            <dst id="ATLAng">36164.48</dst>
            <dst id="CHINng">24659.464</dst>
            <dst id="DNVRng">1511.624</dst>
            <dst id="HSTNng">2782.984</dst>
            <dst id="IPLSng">30092.8346666667</dst>
            <dst id="KSCYng">6510.392</dst>
            <dst id="LOSAng">13149.5546666667</dst>
            <dst id="NYCMng">16830.7066666667</dst>
            <dst id="SNVAng">1244.04533333333</dst>
            <dst id="STTLng">6836.63466666667</dst>
            <dst id="WASHng">142714.72</dst>
        </src>
        <src id="CHINng">
            <dst id="ATLA-M5">308.618666666667</dst>
            <dst id="ATLAng">15002.9653333333</dst>
            <dst id="CHINng">43313.96</dst>
            <dst id="DNVRng">5914.81866666667</dst>
            <dst id="HSTNng">8272.15733333333</dst>
            <dst id="IPLSng">23991.888</dst>
            <dst id="KSCYng">14529.0613333333</dst>
            <dst id="LOSAng">11938.136</dst>
            <dst id="NYCMng">7944.81866666667</dst>
            <dst id="SNVAng">2570.61066666667</dst>
            <dst id="STTLng">9674.91466666667</dst>
            <dst id="WASHng">13630.536</dst>
        </src>
        <src id="DNVRng">
            <dst id="ATLA-M5">281.28</dst>
            <dst id="ATLAng">14210.9573333333</dst>
            <dst id="CHINng">44866.3493333333</dst>
            <dst id="DNVRng">8134.94933333334</dst>
            <dst id="HSTNng">6290.95466666667</dst>
            <dst id="IPLSng">11489.208</dst>
            <dst id="KSCYng">17052.4506666667</dst>
            <dst id="LOSAng">7807.30666666667</dst>
            <dst id="NYCMng">17094.672</dst>
            <dst id="SNVAng">13862.2586666667</dst>
            <dst id="STTLng">23891.9626666667</dst>
            <dst id="WASHng">22157.2373333333</dst>
        </src>
        <src id="HSTNng">
            <dst id="ATLA-M5">3401.64266666667</dst>
            <dst id="ATLAng">4984.97333333333</dst>
            <dst id="CHINng">26242.2693333333</dst>
            <dst id="DNVRng">1114.024</dst>
            <dst id="HSTNng">7629.89866666667</dst>
            <dst id="IPLSng">5177.54933333333</dst>
            <dst id="KSCYng">4969.24533333333</dst>
            <dst id="LOSAng">8272.95466666667</dst>
            <dst id="NYCMng">9262.368</dst>
            <dst id="SNVAng">572.88</dst>
            <dst id="STTLng">1227.464</dst>
            <dst id="WASHng">13820.4826666667</dst>
        </src>
        <src id="IPLSng">
            <dst id="ATLA-M5">481.421333333333</dst>
            <dst id="ATLAng">20020.1066666667</dst>
            <dst id="CHINng">117618.093333333</dst>
            <dst id="DNVRng">21445.2613333333</dst>
            <dst id="HSTNng">13257.1333333333</dst>
            <dst id="IPLSng">29103.9893333333</dst>
            <dst id="KSCYng">14276.464</dst>
            <dst id="LOSAng">15763.92</dst>
            <dst id="NYCMng">36365.6106666667</dst>
            <dst id="SNVAng">3461.82933333333</dst>
            <dst id="STTLng">8284.54666666667</dst>
            <dst id="WASHng">35459.3386666667</dst>
        </src>
        <src id="KSCYng">
            <dst id="ATLA-M5">913.733333333333</dst>
            <dst id="ATLAng">8556.96533333333</dst>
            <dst id="CHINng">39069.8853333333</dst>
            <dst id="DNVRng">3282.93066666667</dst>
            <dst id="HSTNng">5061.15733333333</dst>
            <dst id="IPLSng">23350.0373333333</dst>
            <dst id="KSCYng">11226.1946666667</dst>
            <dst id="LOSAng">3527.45066666667</dst>
            <dst id="NYCMng">10794.5226666667</dst>
            <dst id="SNVAng">1277.75466666667</dst>
            <dst id="STTLng">2815.18933333333</dst>
            <dst id="WASHng">11633.064</dst>
        </src>
        <src id="LOSAng">
            <dst id="ATLA-M5">1735.04</dst>
            <dst id="ATLAng">41836.52</dst>
            <dst id="CHINng">137689.546666667</dst>
            <dst id="DNVRng">36522.5093333333</dst>
            <dst id="HSTNng">9586.73333333334</dst>
            <dst id="IPLSng">39512.7253333333</dst>
            <dst id="KSCYng">10896.128</dst>
            <dst id="LOSAng">10245.3333333333</dst>
            <dst id="NYCMng">59832.08</dst>
            <dst id="SNVAng">2549.704</dst>
            <dst id="STTLng">22595.7946666667</dst>
            <dst id="WASHng">66668.712</dst>
        </src>
        <src id="NYCMng">
            <dst id="ATLA-M5">1624.55466666667</dst>
            <dst id="ATLAng">48632.5173333333</dst>
            <dst id="CHINng">84664.3146666667</dst>
            <dst id="DNVRng">13345.6506666667</dst>
            <dst id="HSTNng">42232.728</dst>
            <dst id="IPLSng">78835.384</dst>
            <dst id="KSCYng">22349.464</dst>
            <dst id="LOSAng">50228.5706666667</dst>
            <dst id="NYCMng">148682.117333333</dst>
            <dst id="SNVAng">7774.02666666667</dst>
            <dst id="STTLng">21060.896</dst>
            <dst id="WASHng">92528.4773333333</dst>
        </src>
        <src id="SNVAng">
            <dst id="ATLA-M5">405.946666666667</dst>
            <dst id="ATLAng">1096.74133333333</dst>
            <dst id="CHINng">8818.73066666667</dst>
            <dst id="DNVRng">4639.25333333333</dst>
            <dst id="HSTNng">811.258666666667</dst>
            <dst id="IPLSng">3455.70133333333</dst>
            <dst id="KSCYng">505.386666666667</dst>
            <dst id="LOSAng">12893.776</dst>
            <dst id="NYCMng">11314.68</dst>
            <dst id="SNVAng">161.322666666667</dst>
            <dst id="STTLng">1597.592</dst>
            <dst id="WASHng">4332.10133333333</dst>
        </src>
        <src id="STTLng">
            <dst id="ATLA-M5">217.885333333333</dst>
            <dst id="ATLAng">19831.2426666667</dst>
            <dst id="CHINng">76415.7706666667</dst>
            <dst id="DNVRng">3683.15733333333</dst>
            <dst id="HSTNng">3075.87466666667</dst>
            <dst id="IPLSng">11827.5866666667</dst>
            <dst id="KSCYng">4375.17866666667</dst>
            <dst id="LOSAng">16195.4666666667</dst>
            <dst id="NYCMng">27331.448</dst>
            <dst id="SNVAng">6868.72533333333</dst>
            <dst id="STTLng">6500.016</dst>
            <dst id="WASHng">13877.5306666667</dst>
        </src>
        <src id="WASHng">
            <dst id="ATLA-M5">304.461333333333</dst>
            <dst id="ATLAng">164419.264</dst>
            <dst id="CHINng">75094.3546666667</dst>
            <dst id="DNVRng">25899.008</dst>
            <dst id="HSTNng">22241.0133333333</dst>
            <dst id="IPLSng">66922.0346666667</dst>
            <dst id="KSCYng">24208.2933333333</dst>
            <dst id="LOSAng">49494.5733333333</dst>
            <dst id="NYCMng">160337.24</dst>
            <dst id="SNVAng">2184.88266666667</dst>
            <dst id="STTLng">25382.5013333333</dst>
            <dst id="WASHng">394010.24</dst>
        </src>
    </IntraTM>
</TrafficMatrixFile>
