<?xml version="1.0" encoding="ISO-8859-1" standalone="yes"?>
<TrafficMatrixFile xsi:noNamespaceSchemaLocation="http://totem.run.montefiore.ulg.ac.be/Schema/TrafficMatrix-v1_2.xsd" xmlns:xsi="http://www.w3.org/2001/XMLSchema-instance">
    <IntraTM ASID="11537">
        <src id="ATLA-M5">
            <dst id="ATLA-M5">33.4213333333333</dst>
            <dst id="ATLAng">384.770666666667</dst>
            <dst id="CHINng">2325.42133333333</dst>
            <dst id="DNVRng">1487.10133333333</dst>
            <dst id="HSTNng">359.557333333333</dst>
            <dst id="IPLSng">3048.43733333333</dst>
            <dst id="KSCYng">393.405333333333</dst>
            <dst id="LOSAng">455.061333333333</dst>
            <dst id="NYCMng">680.288</dst>
            <dst id="SNVAng">229.901333333333</dst>
            <dst id="STTLng">170.914666666667</dst>
            <dst id="WASHng">3427.50666666667</dst>
        </src>
        <src id="ATLAng">
            <dst id="ATLA-M5">1787.104</dst>
            <dst id="ATLAng">94460.1013333333</dst>
            <dst id="CHINng">23369.2266666667</dst>
            <dst id="DNVRng">5866.632</dst>
            <dst id="HSTNng">4387.976</dst>
            <dst id="IPLSng">28318.288</dst>
            <dst id="KSCYng">9867.776</dst>
            <dst id="LOSAng">21128.3333333333</dst>
            <dst id="NYCMng">15912.088</dst>
            <dst id="SNVAng">2489.10133333333</dst>
            <dst id="STTLng">10694.4266666667</dst>
            <dst id="WASHng">54449.9066666667</dst>
        </src>
        <src id="CHINng">
            <dst id="ATLA-M5">1191.792</dst>
            <dst id="ATLAng">17377.296</dst>
            <dst id="CHINng">41430.8133333333</dst>
            <dst id="DNVRng">17943.8026666667</dst>
            <dst id="HSTNng">8711.92266666667</dst>
            <dst id="IPLSng">28937.5146666667</dst>
            <dst id="KSCYng">11033.9973333333</dst>
            <dst id="LOSAng">29395.7973333333</dst>
            <dst id="NYCMng">4717.016</dst>
            <dst id="SNVAng">3775.98666666667</dst>
            <dst id="STTLng">6645.11466666667</dst>
            <dst id="WASHng">12756.2373333333</dst>
        </src>
        <src id="DNVRng">
            <dst id="ATLA-M5">201.832</dst>
            <dst id="ATLAng">5164.97866666667</dst>
            <dst id="CHINng">34177.5546666667</dst>
            <dst id="DNVRng">8378.17066666667</dst>
            <dst id="HSTNng">4087.8</dst>
            <dst id="IPLSng">10873.6586666667</dst>
            <dst id="KSCYng">9879.13333333333</dst>
            <dst id="LOSAng">23243.92</dst>
            <dst id="NYCMng">13353.0213333333</dst>
            <dst id="SNVAng">11050.88</dst>
            <dst id="STTLng">18791.976</dst>
            <dst id="WASHng">14863.768</dst>
        </src>
        <src id="HSTNng">
            <dst id="ATLA-M5">368.997333333333</dst>
            <dst id="ATLAng">3655.30133333333</dst>
            <dst id="CHINng">24338.728</dst>
            <dst id="DNVRng">5406.12533333333</dst>
            <dst id="HSTNng">3073.66666666667</dst>
            <dst id="IPLSng">11640.8853333333</dst>
            <dst id="KSCYng">4892.42133333333</dst>
            <dst id="LOSAng">7568.13866666667</dst>
            <dst id="NYCMng">5932.752</dst>
            <dst id="SNVAng">3190.59466666667</dst>
            <dst id="STTLng">3711.18666666667</dst>
            <dst id="WASHng">7830.54133333334</dst>
        </src>
        <src id="IPLSng">
            <dst id="ATLA-M5">1252.05333333333</dst>
            <dst id="ATLAng">17174.712</dst>
            <dst id="CHINng">102158.573333333</dst>
            <dst id="DNVRng">6277.74666666667</dst>
            <dst id="HSTNng">7620.248</dst>
            <dst id="IPLSng">26703.232</dst>
            <dst id="KSCYng">12761.656</dst>
            <dst id="LOSAng">23010.5946666667</dst>
            <dst id="NYCMng">35774.7333333333</dst>
            <dst id="SNVAng">4009.728</dst>
            <dst id="STTLng">10305.1973333333</dst>
            <dst id="WASHng">34722.232</dst>
        </src>
        <src id="KSCYng">
            <dst id="ATLA-M5">451.882666666667</dst>
            <dst id="ATLAng">7948.28266666667</dst>
            <dst id="CHINng">34027.192</dst>
            <dst id="DNVRng">9186.83733333333</dst>
            <dst id="HSTNng">6685.39466666667</dst>
            <dst id="IPLSng">12736.5173333333</dst>
            <dst id="KSCYng">6332.32533333333</dst>
            <dst id="LOSAng">9380.69066666667</dst>
            <dst id="NYCMng">10902.9706666667</dst>
            <dst id="SNVAng">1458.21066666667</dst>
            <dst id="STTLng">3175.64</dst>
            <dst id="WASHng">15956.08</dst>
        </src>
        <src id="LOSAng">
            <dst id="ATLA-M5">516.618666666667</dst>
            <dst id="ATLAng">17059.4346666667</dst>
            <dst id="CHINng">102880.026666667</dst>
            <dst id="DNVRng">9804.632</dst>
            <dst id="HSTNng">9889.99733333333</dst>
            <dst id="IPLSng">50702.36</dst>
            <dst id="KSCYng">13551.2426666667</dst>
            <dst id="LOSAng">16692.3013333333</dst>
            <dst id="NYCMng">56016.9866666667</dst>
            <dst id="SNVAng">3473.98133333333</dst>
            <dst id="STTLng">26628.6506666667</dst>
            <dst id="WASHng">59840.5253333333</dst>
        </src>
        <src id="NYCMng">
            <dst id="ATLA-M5">1047.21066666667</dst>
            <dst id="ATLAng">37626.8186666667</dst>
            <dst id="CHINng">88394.9786666667</dst>
            <dst id="DNVRng">17048.184</dst>
            <dst id="HSTNng">44109.4266666667</dst>
            <dst id="IPLSng">54396.512</dst>
            <dst id="KSCYng">25983.6213333333</dst>
            <dst id="LOSAng">73401.2293333333</dst>
            <dst id="NYCMng">146897.770666667</dst>
            <dst id="SNVAng">8303.67466666667</dst>
            <dst id="STTLng">23828.3013333333</dst>
            <dst id="WASHng">75322.7013333333</dst>
        </src>
        <src id="SNVAng">
            <dst id="ATLA-M5">232.128</dst>
            <dst id="ATLAng">630.432</dst>
            <dst id="CHINng">5306.11733333333</dst>
            <dst id="DNVRng">10265.672</dst>
            <dst id="HSTNng">1223.50133333333</dst>
            <dst id="IPLSng">3219.83733333333</dst>
            <dst id="KSCYng">2011.50933333333</dst>
            <dst id="LOSAng">2920.54133333333</dst>
            <dst id="NYCMng">3026.87466666667</dst>
            <dst id="SNVAng">429.170666666667</dst>
            <dst id="STTLng">4117.112</dst>
            <dst id="WASHng">2780.72533333333</dst>
        </src>
        <src id="STTLng">
            <dst id="ATLA-M5">645.618666666667</dst>
            <dst id="ATLAng">15251.224</dst>
            <dst id="CHINng">40511.328</dst>
            <dst id="DNVRng">5871.91466666667</dst>
            <dst id="HSTNng">4137.03733333333</dst>
            <dst id="IPLSng">12171.5146666667</dst>
            <dst id="KSCYng">4766.45333333333</dst>
            <dst id="LOSAng">23742.68</dst>
            <dst id="NYCMng">17702.8933333333</dst>
            <dst id="SNVAng">2904.68</dst>
            <dst id="STTLng">4491.13066666667</dst>
            <dst id="WASHng">10681.384</dst>
        </src>
        <src id="WASHng">
            <dst id="ATLA-M5">2547.69866666667</dst>
            <dst id="ATLAng">117978.928</dst>
            <dst id="CHINng">90514.584</dst>
            <dst id="DNVRng">30199.3066666667</dst>
            <dst id="HSTNng">17560.888</dst>
            <dst id="IPLSng">48427.1813333333</dst>
            <dst id="KSCYng">34586.4213333333</dst>
            <dst id="LOSAng">81531.1226666667</dst>
            <dst id="NYCMng">159009.733333333</dst>
            <dst id="SNVAng">5525.552</dst>
            <dst id="STTLng">28131.7813333333</dst>
            <dst id="WASHng">177122.472</dst>
        </src>
    </IntraTM>
</TrafficMatrixFile>
