<?xml version="1.0" encoding="ISO-8859-1" standalone="yes"?>
<TrafficMatrixFile xsi:noNamespaceSchemaLocation="http://totem.run.montefiore.ulg.ac.be/Schema/TrafficMatrix-v1_2.xsd" xmlns:xsi="http://www.w3.org/2001/XMLSchema-instance">
    <IntraTM ASID="11537">
        <src id="ATLA-M5">
            <dst id="ATLA-M5">1649.76533333333</dst>
            <dst id="ATLAng">1224.936</dst>
            <dst id="CHINng">2888.71733333333</dst>
            <dst id="DNVRng">1879.49066666667</dst>
            <dst id="HSTNng">2238.90933333333</dst>
            <dst id="IPLSng">967.282666666667</dst>
            <dst id="KSCYng">518.645333333333</dst>
            <dst id="LOSAng">1073.832</dst>
            <dst id="NYCMng">1361.472</dst>
            <dst id="SNVAng">141.146666666667</dst>
            <dst id="STTLng">301.152</dst>
            <dst id="WASHng">1358.152</dst>
        </src>
        <src id="ATLAng">
            <dst id="ATLA-M5">675.821333333333</dst>
            <dst id="ATLAng">44408.56</dst>
            <dst id="CHINng">46918.7786666667</dst>
            <dst id="DNVRng">10229.4106666667</dst>
            <dst id="HSTNng">8515.45866666667</dst>
            <dst id="IPLSng">27862.5973333333</dst>
            <dst id="KSCYng">5209.55733333333</dst>
            <dst id="LOSAng">18237.688</dst>
            <dst id="NYCMng">36264.0053333333</dst>
            <dst id="SNVAng">770.786666666667</dst>
            <dst id="STTLng">11212.2106666667</dst>
            <dst id="WASHng">47419.424</dst>
        </src>
        <src id="CHINng">
            <dst id="ATLA-M5">510.114666666667</dst>
            <dst id="ATLAng">23496.656</dst>
            <dst id="CHINng">36680.7653333333</dst>
            <dst id="DNVRng">7050.15733333333</dst>
            <dst id="HSTNng">11197.0506666667</dst>
            <dst id="IPLSng">30152.5973333333</dst>
            <dst id="KSCYng">11390.32</dst>
            <dst id="LOSAng">39073.3013333333</dst>
            <dst id="NYCMng">5313.80533333333</dst>
            <dst id="SNVAng">3446.2</dst>
            <dst id="STTLng">9407.192</dst>
            <dst id="WASHng">12684.808</dst>
        </src>
        <src id="DNVRng">
            <dst id="ATLA-M5">707.610666666667</dst>
            <dst id="ATLAng">5684.728</dst>
            <dst id="CHINng">45359.3093333334</dst>
            <dst id="DNVRng">10804.04</dst>
            <dst id="HSTNng">6024.92533333333</dst>
            <dst id="IPLSng">9029.02133333333</dst>
            <dst id="KSCYng">4877.98933333333</dst>
            <dst id="LOSAng">18468.3093333333</dst>
            <dst id="NYCMng">16303.9493333333</dst>
            <dst id="SNVAng">16140.0986666667</dst>
            <dst id="STTLng">22418.504</dst>
            <dst id="WASHng">12431.6346666667</dst>
        </src>
        <src id="HSTNng">
            <dst id="ATLA-M5">3516.32</dst>
            <dst id="ATLAng">4339.06933333333</dst>
            <dst id="CHINng">18882.3493333333</dst>
            <dst id="DNVRng">4756.632</dst>
            <dst id="HSTNng">6372.472</dst>
            <dst id="IPLSng">11353.448</dst>
            <dst id="KSCYng">6237.75733333333</dst>
            <dst id="LOSAng">9057.4</dst>
            <dst id="NYCMng">9347.888</dst>
            <dst id="SNVAng">1293.13866666667</dst>
            <dst id="STTLng">1991.91466666667</dst>
            <dst id="WASHng">11659.5146666667</dst>
        </src>
        <src id="IPLSng">
            <dst id="ATLA-M5">677.304</dst>
            <dst id="ATLAng">13919.4906666667</dst>
            <dst id="CHINng">83034.0293333333</dst>
            <dst id="DNVRng">11467.2373333333</dst>
            <dst id="HSTNng">7937.93866666667</dst>
            <dst id="IPLSng">32177.9493333333</dst>
            <dst id="KSCYng">15455.7066666667</dst>
            <dst id="LOSAng">25764.8</dst>
            <dst id="NYCMng">27234.2426666667</dst>
            <dst id="SNVAng">4910.69066666667</dst>
            <dst id="STTLng">14684.6826666667</dst>
            <dst id="WASHng">44597.3413333333</dst>
        </src>
        <src id="KSCYng">
            <dst id="ATLA-M5">445.552</dst>
            <dst id="ATLAng">6471.33866666667</dst>
            <dst id="CHINng">35775.9146666667</dst>
            <dst id="DNVRng">13387.608</dst>
            <dst id="HSTNng">3733.816</dst>
            <dst id="IPLSng">19443.8906666667</dst>
            <dst id="KSCYng">5792.736</dst>
            <dst id="LOSAng">8206.61333333333</dst>
            <dst id="NYCMng">10722.5093333333</dst>
            <dst id="SNVAng">798.741333333333</dst>
            <dst id="STTLng">1834.37333333333</dst>
            <dst id="WASHng">14153.3786666667</dst>
        </src>
        <src id="LOSAng">
            <dst id="ATLA-M5">543.517333333333</dst>
            <dst id="ATLAng">35738.7493333333</dst>
            <dst id="CHINng">81064.616</dst>
            <dst id="DNVRng">14202.12</dst>
            <dst id="HSTNng">19015.16</dst>
            <dst id="IPLSng">44091.3413333333</dst>
            <dst id="KSCYng">9382.328</dst>
            <dst id="LOSAng">15255.528</dst>
            <dst id="NYCMng">59882.1786666667</dst>
            <dst id="SNVAng">5389.80533333333</dst>
            <dst id="STTLng">30048.3306666667</dst>
            <dst id="WASHng">41527.592</dst>
        </src>
        <src id="NYCMng">
            <dst id="ATLA-M5">2111.65333333333</dst>
            <dst id="ATLAng">46522.288</dst>
            <dst id="CHINng">71381.224</dst>
            <dst id="DNVRng">22689.664</dst>
            <dst id="HSTNng">44339.6053333333</dst>
            <dst id="IPLSng">66768.296</dst>
            <dst id="KSCYng">20816.36</dst>
            <dst id="LOSAng">71664.432</dst>
            <dst id="NYCMng">147041.912</dst>
            <dst id="SNVAng">9306.472</dst>
            <dst id="STTLng">38529.696</dst>
            <dst id="WASHng">108457.522666667</dst>
        </src>
        <src id="SNVAng">
            <dst id="ATLA-M5">70.6666666666667</dst>
            <dst id="ATLAng">2236.01866666667</dst>
            <dst id="CHINng">4159.69866666667</dst>
            <dst id="DNVRng">10302.4293333333</dst>
            <dst id="HSTNng">2319.96533333333</dst>
            <dst id="IPLSng">3614.24</dst>
            <dst id="KSCYng">1272.44533333333</dst>
            <dst id="LOSAng">2085.92</dst>
            <dst id="NYCMng">12066.688</dst>
            <dst id="SNVAng">16376.1546666667</dst>
            <dst id="STTLng">5360.97066666667</dst>
            <dst id="WASHng">2249.29066666667</dst>
        </src>
        <src id="STTLng">
            <dst id="ATLA-M5">103.696</dst>
            <dst id="ATLAng">17784.4666666667</dst>
            <dst id="CHINng">37825.72</dst>
            <dst id="DNVRng">7099.20533333334</dst>
            <dst id="HSTNng">5838.02666666667</dst>
            <dst id="IPLSng">12390.7253333333</dst>
            <dst id="KSCYng">6254.696</dst>
            <dst id="LOSAng">23477.368</dst>
            <dst id="NYCMng">26840.3733333333</dst>
            <dst id="SNVAng">2061.02933333333</dst>
            <dst id="STTLng">13507.4133333333</dst>
            <dst id="WASHng">12236.4933333333</dst>
        </src>
        <src id="WASHng">
            <dst id="ATLA-M5">606.357333333333</dst>
            <dst id="ATLAng">138942.557333333</dst>
            <dst id="CHINng">84484.9066666667</dst>
            <dst id="DNVRng">41365.5626666667</dst>
            <dst id="HSTNng">13968.4613333333</dst>
            <dst id="IPLSng">53407.504</dst>
            <dst id="KSCYng">14780.192</dst>
            <dst id="LOSAng">57644.608</dst>
            <dst id="NYCMng">138404.906666667</dst>
            <dst id="SNVAng">9319.056</dst>
            <dst id="STTLng">28492.2106666667</dst>
            <dst id="WASHng">140027.941333333</dst>
        </src>
    </IntraTM>
</TrafficMatrixFile>
