<?xml version="1.0" encoding="ISO-8859-1" standalone="yes"?>
<TrafficMatrixFile xsi:noNamespaceSchemaLocation="http://totem.run.montefiore.ulg.ac.be/Schema/TrafficMatrix-v1_2.xsd" xmlns:xsi="http://www.w3.org/2001/XMLSchema-instance">
    <IntraTM ASID="11537">
        <src id="ATLA-M5">
            <dst id="ATLA-M5">231.986666666667</dst>
            <dst id="ATLAng">937.106666666667</dst>
            <dst id="CHINng">2066.88</dst>
            <dst id="DNVRng">988.848</dst>
            <dst id="HSTNng">252.970666666667</dst>
            <dst id="IPLSng">2507.312</dst>
            <dst id="KSCYng">1593.25333333333</dst>
            <dst id="LOSAng">368.837333333333</dst>
            <dst id="NYCMng">1720.91466666667</dst>
            <dst id="SNVAng">108.581333333333</dst>
            <dst id="STTLng">521.146666666667</dst>
            <dst id="WASHng">3228.47466666667</dst>
        </src>
        <src id="ATLAng">
            <dst id="ATLA-M5">2108.12266666667</dst>
            <dst id="ATLAng">30834.1493333333</dst>
            <dst id="CHINng">54894.4133333333</dst>
            <dst id="DNVRng">22969.368</dst>
            <dst id="HSTNng">18191.848</dst>
            <dst id="IPLSng">42526.0986666667</dst>
            <dst id="KSCYng">20172.0266666667</dst>
            <dst id="LOSAng">19277.1346666667</dst>
            <dst id="NYCMng">22850.04</dst>
            <dst id="SNVAng">4291.82266666667</dst>
            <dst id="STTLng">12050.4426666667</dst>
            <dst id="WASHng">78505.5706666667</dst>
        </src>
        <src id="CHINng">
            <dst id="ATLA-M5">3568.192</dst>
            <dst id="ATLAng">28280.1946666667</dst>
            <dst id="CHINng">68271.5413333333</dst>
            <dst id="DNVRng">15961.9786666667</dst>
            <dst id="HSTNng">23023.0533333333</dst>
            <dst id="IPLSng">39104.8026666667</dst>
            <dst id="KSCYng">14109.872</dst>
            <dst id="LOSAng">29293.0266666667</dst>
            <dst id="NYCMng">17867.224</dst>
            <dst id="SNVAng">3049.184</dst>
            <dst id="STTLng">19523.6853333333</dst>
            <dst id="WASHng">23269.64</dst>
        </src>
        <src id="DNVRng">
            <dst id="ATLA-M5">833.938666666667</dst>
            <dst id="ATLAng">11766.288</dst>
            <dst id="CHINng">69086.3013333333</dst>
            <dst id="DNVRng">20215.0506666667</dst>
            <dst id="HSTNng">16547.4373333333</dst>
            <dst id="IPLSng">37110.3626666667</dst>
            <dst id="KSCYng">36877.1653333333</dst>
            <dst id="LOSAng">16806.4293333333</dst>
            <dst id="NYCMng">33964.4186666667</dst>
            <dst id="SNVAng">16720.912</dst>
            <dst id="STTLng">26479.9893333333</dst>
            <dst id="WASHng">52271.4986666667</dst>
        </src>
        <src id="HSTNng">
            <dst id="ATLA-M5">1503.00266666667</dst>
            <dst id="ATLAng">8251.63466666666</dst>
            <dst id="CHINng">24459.5653333333</dst>
            <dst id="DNVRng">7689.952</dst>
            <dst id="HSTNng">11977.6773333333</dst>
            <dst id="IPLSng">20367.1413333333</dst>
            <dst id="KSCYng">8597.33333333334</dst>
            <dst id="LOSAng">191806.216</dst>
            <dst id="NYCMng">15126.1013333333</dst>
            <dst id="SNVAng">2274.69066666667</dst>
            <dst id="STTLng">2712.16533333333</dst>
            <dst id="WASHng">10235.7013333333</dst>
        </src>
        <src id="IPLSng">
            <dst id="ATLA-M5">3410.70933333333</dst>
            <dst id="ATLAng">26805.6266666667</dst>
            <dst id="CHINng">147317.461333333</dst>
            <dst id="DNVRng">39415.9706666667</dst>
            <dst id="HSTNng">17420.9973333333</dst>
            <dst id="IPLSng">59178.3626666667</dst>
            <dst id="KSCYng">15064.4693333333</dst>
            <dst id="LOSAng">27151.6053333333</dst>
            <dst id="NYCMng">44589.872</dst>
            <dst id="SNVAng">6523.75466666667</dst>
            <dst id="STTLng">10808.5493333333</dst>
            <dst id="WASHng">62916.2693333333</dst>
        </src>
        <src id="KSCYng">
            <dst id="ATLA-M5">821.592</dst>
            <dst id="ATLAng">18200.488</dst>
            <dst id="CHINng">41811.7733333333</dst>
            <dst id="DNVRng">19289.832</dst>
            <dst id="HSTNng">5566.64266666667</dst>
            <dst id="IPLSng">17570.48</dst>
            <dst id="KSCYng">9987.25333333333</dst>
            <dst id="LOSAng">8369.512</dst>
            <dst id="NYCMng">12044.632</dst>
            <dst id="SNVAng">3991.70666666667</dst>
            <dst id="STTLng">4835.50933333333</dst>
            <dst id="WASHng">22571.312</dst>
        </src>
        <src id="LOSAng">
            <dst id="ATLA-M5">1732.56</dst>
            <dst id="ATLAng">34719.72</dst>
            <dst id="CHINng">136020.133333333</dst>
            <dst id="DNVRng">18582.9493333333</dst>
            <dst id="HSTNng">19941.9973333333</dst>
            <dst id="IPLSng">47421.8506666667</dst>
            <dst id="KSCYng">11291.1893333333</dst>
            <dst id="LOSAng">7849.96266666667</dst>
            <dst id="NYCMng">77191.9946666667</dst>
            <dst id="SNVAng">19319.056</dst>
            <dst id="STTLng">26480.992</dst>
            <dst id="WASHng">73545.4106666667</dst>
        </src>
        <src id="NYCMng">
            <dst id="ATLA-M5">9075.97333333333</dst>
            <dst id="ATLAng">64676.592</dst>
            <dst id="CHINng">99572.8773333333</dst>
            <dst id="DNVRng">60676.024</dst>
            <dst id="HSTNng">52695.0053333333</dst>
            <dst id="IPLSng">114088.005333333</dst>
            <dst id="KSCYng">34787.68</dst>
            <dst id="LOSAng">67059.0613333333</dst>
            <dst id="NYCMng">168787.557333333</dst>
            <dst id="SNVAng">12783.3226666667</dst>
            <dst id="STTLng">38754.448</dst>
            <dst id="WASHng">109796.442666667</dst>
        </src>
        <src id="SNVAng">
            <dst id="ATLA-M5">222.288</dst>
            <dst id="ATLAng">1133.52</dst>
            <dst id="CHINng">6824.368</dst>
            <dst id="DNVRng">9606.40266666667</dst>
            <dst id="HSTNng">930.450666666667</dst>
            <dst id="IPLSng">4237.78133333333</dst>
            <dst id="KSCYng">2810.432</dst>
            <dst id="LOSAng">43168.4293333333</dst>
            <dst id="NYCMng">3731.12533333333</dst>
            <dst id="SNVAng">26303.9973333333</dst>
            <dst id="STTLng">63423.9546666667</dst>
            <dst id="WASHng">2742.91733333333</dst>
        </src>
        <src id="STTLng">
            <dst id="ATLA-M5">1151.14133333333</dst>
            <dst id="ATLAng">18166.4266666667</dst>
            <dst id="CHINng">77566.1306666667</dst>
            <dst id="DNVRng">11456.0586666667</dst>
            <dst id="HSTNng">10130.2933333333</dst>
            <dst id="IPLSng">33082.9946666667</dst>
            <dst id="KSCYng">7583.296</dst>
            <dst id="LOSAng">28801.0986666667</dst>
            <dst id="NYCMng">30341.656</dst>
            <dst id="SNVAng">12801.1466666667</dst>
            <dst id="STTLng">5966.81866666667</dst>
            <dst id="WASHng">20237.888</dst>
        </src>
        <src id="WASHng">
            <dst id="ATLA-M5">3320.296</dst>
            <dst id="ATLAng">124892.072</dst>
            <dst id="CHINng">139004.781333333</dst>
            <dst id="DNVRng">85814.248</dst>
            <dst id="HSTNng">32877.504</dst>
            <dst id="IPLSng">139414.424</dst>
            <dst id="KSCYng">36328.4666666667</dst>
            <dst id="LOSAng">85435.152</dst>
            <dst id="NYCMng">211605.917333333</dst>
            <dst id="SNVAng">20126.112</dst>
            <dst id="STTLng">39178.0906666667</dst>
            <dst id="WASHng">278037.946666667</dst>
        </src>
    </IntraTM>
</TrafficMatrixFile>
