<?xml version="1.0" encoding="ISO-8859-1" standalone="yes"?>
<TrafficMatrixFile xsi:noNamespaceSchemaLocation="http://totem.run.montefiore.ulg.ac.be/Schema/TrafficMatrix-v1_2.xsd" xmlns:xsi="http://www.w3.org/2001/XMLSchema-instance">
    <IntraTM ASID="11537">
        <src id="ATLA-M5">
            <dst id="ATLA-M5">390.112</dst>
            <dst id="ATLAng">355.186666666667</dst>
            <dst id="CHINng">2267.39733333333</dst>
            <dst id="DNVRng">336.509333333333</dst>
            <dst id="HSTNng">508.890666666667</dst>
            <dst id="IPLSng">1939.79733333333</dst>
            <dst id="KSCYng">702.069333333333</dst>
            <dst id="LOSAng">1993.54666666667</dst>
            <dst id="NYCMng">1288.26933333333</dst>
            <dst id="SNVAng">54.5413333333333</dst>
            <dst id="STTLng">203.186666666667</dst>
            <dst id="WASHng">3289.13866666667</dst>
        </src>
        <src id="ATLAng">
            <dst id="ATLA-M5">1722.52</dst>
            <dst id="ATLAng">24953.7226666667</dst>
            <dst id="CHINng">45281.4746666667</dst>
            <dst id="DNVRng">12351.1013333333</dst>
            <dst id="HSTNng">4429.45866666667</dst>
            <dst id="IPLSng">30372.8213333333</dst>
            <dst id="KSCYng">14930.264</dst>
            <dst id="LOSAng">19346.9906666667</dst>
            <dst id="NYCMng">19343.1173333333</dst>
            <dst id="SNVAng">4118.284</dst>
            <dst id="STTLng">8179.26666666667</dst>
            <dst id="WASHng">74626.9066666667</dst>
        </src>
        <src id="CHINng">
            <dst id="ATLA-M5">657.202666666667</dst>
            <dst id="ATLAng">16326.9253333333</dst>
            <dst id="CHINng">63089.368</dst>
            <dst id="DNVRng">10556.0533333333</dst>
            <dst id="HSTNng">12269.664</dst>
            <dst id="IPLSng">54955.8</dst>
            <dst id="KSCYng">9212.65866666667</dst>
            <dst id="LOSAng">17958.512</dst>
            <dst id="NYCMng">5757.30133333333</dst>
            <dst id="SNVAng">4150.84</dst>
            <dst id="STTLng">8761.368</dst>
            <dst id="WASHng">16900.8773333333</dst>
        </src>
        <src id="DNVRng">
            <dst id="ATLA-M5">228.845333333333</dst>
            <dst id="ATLAng">11598.7573333333</dst>
            <dst id="CHINng">95239.6426666667</dst>
            <dst id="DNVRng">19571.4293333333</dst>
            <dst id="HSTNng">14286.9786666667</dst>
            <dst id="IPLSng">38966.9946666667</dst>
            <dst id="KSCYng">20844.0186666667</dst>
            <dst id="LOSAng">13420.272</dst>
            <dst id="NYCMng">34131.872</dst>
            <dst id="SNVAng">12692.9093333333</dst>
            <dst id="STTLng">25471.328</dst>
            <dst id="WASHng">58339.832</dst>
        </src>
        <src id="HSTNng">
            <dst id="ATLA-M5">3303.16266666667</dst>
            <dst id="ATLAng">5356.176</dst>
            <dst id="CHINng">25614.0773333333</dst>
            <dst id="DNVRng">2832.544</dst>
            <dst id="HSTNng">12714.9706666667</dst>
            <dst id="IPLSng">11603.3573333333</dst>
            <dst id="KSCYng">4453.72266666667</dst>
            <dst id="LOSAng">93507.608</dst>
            <dst id="NYCMng">25213.5173333333</dst>
            <dst id="SNVAng">1210.62133333333</dst>
            <dst id="STTLng">3186.22933333333</dst>
            <dst id="WASHng">9409.56533333333</dst>
        </src>
        <src id="IPLSng">
            <dst id="ATLA-M5">1197</dst>
            <dst id="ATLAng">31264.7226666667</dst>
            <dst id="CHINng">152094.28</dst>
            <dst id="DNVRng">17893.784</dst>
            <dst id="HSTNng">7830.53066666667</dst>
            <dst id="IPLSng">50101.8053333333</dst>
            <dst id="KSCYng">35186.1173333333</dst>
            <dst id="LOSAng">63806.712</dst>
            <dst id="NYCMng">38931.72</dst>
            <dst id="SNVAng">9195.14133333333</dst>
            <dst id="STTLng">21291.272</dst>
            <dst id="WASHng">64759.8986666667</dst>
        </src>
        <src id="KSCYng">
            <dst id="ATLA-M5">1614.50133333333</dst>
            <dst id="ATLAng">6311.32533333333</dst>
            <dst id="CHINng">45105.808</dst>
            <dst id="DNVRng">13302.7573333333</dst>
            <dst id="HSTNng">3802.992</dst>
            <dst id="IPLSng">15722.6426666667</dst>
            <dst id="KSCYng">14131.336</dst>
            <dst id="LOSAng">3904.43466666667</dst>
            <dst id="NYCMng">7539.91466666667</dst>
            <dst id="SNVAng">1987.63466666667</dst>
            <dst id="STTLng">3338.208</dst>
            <dst id="WASHng">12759.32</dst>
        </src>
        <src id="LOSAng">
            <dst id="ATLA-M5">1389.74133333333</dst>
            <dst id="ATLAng">19427.1226666667</dst>
            <dst id="CHINng">134198.368</dst>
            <dst id="DNVRng">18294.2373333333</dst>
            <dst id="HSTNng">18727.048</dst>
            <dst id="IPLSng">45840.6533333333</dst>
            <dst id="KSCYng">10453.4693333333</dst>
            <dst id="LOSAng">10604.312</dst>
            <dst id="NYCMng">63234.7413333334</dst>
            <dst id="SNVAng">8920.28</dst>
            <dst id="STTLng">31321.8426666667</dst>
            <dst id="WASHng">70663.4026666667</dst>
        </src>
        <src id="NYCMng">
            <dst id="ATLA-M5">4672.36533333333</dst>
            <dst id="ATLAng">66095.8426666667</dst>
            <dst id="CHINng">77011.448</dst>
            <dst id="DNVRng">37333.736</dst>
            <dst id="HSTNng">21854.5546666667</dst>
            <dst id="IPLSng">107227.602666667</dst>
            <dst id="KSCYng">33304.08</dst>
            <dst id="LOSAng">58459.944</dst>
            <dst id="NYCMng">166694.768</dst>
            <dst id="SNVAng">12583.4533333333</dst>
            <dst id="STTLng">23299.216</dst>
            <dst id="WASHng">192358.6</dst>
        </src>
        <src id="SNVAng">
            <dst id="ATLA-M5">80.52</dst>
            <dst id="ATLAng">1752.69333333333</dst>
            <dst id="CHINng">7254.89333333333</dst>
            <dst id="DNVRng">17038.984</dst>
            <dst id="HSTNng">799.536</dst>
            <dst id="IPLSng">4240.08533333333</dst>
            <dst id="KSCYng">1783.45333333333</dst>
            <dst id="LOSAng">12883.688</dst>
            <dst id="NYCMng">4109.83466666667</dst>
            <dst id="SNVAng">25966.0666666667</dst>
            <dst id="STTLng">63175.848</dst>
            <dst id="WASHng">1929.57066666667</dst>
        </src>
        <src id="STTLng">
            <dst id="ATLA-M5">305.032</dst>
            <dst id="ATLAng">14618.4213333333</dst>
            <dst id="CHINng">84738.424</dst>
            <dst id="DNVRng">6714.49333333333</dst>
            <dst id="HSTNng">5274.01866666667</dst>
            <dst id="IPLSng">25903.104</dst>
            <dst id="KSCYng">6677.75466666667</dst>
            <dst id="LOSAng">26169.76</dst>
            <dst id="NYCMng">26092.3813333333</dst>
            <dst id="SNVAng">11066.4693333333</dst>
            <dst id="STTLng">3744.144</dst>
            <dst id="WASHng">22651.104</dst>
        </src>
        <src id="WASHng">
            <dst id="ATLA-M5">8870.06933333333</dst>
            <dst id="ATLAng">133487.576</dst>
            <dst id="CHINng">118347.250666667</dst>
            <dst id="DNVRng">65251.3626666667</dst>
            <dst id="HSTNng">37559.7226666667</dst>
            <dst id="IPLSng">82373.9306666667</dst>
            <dst id="KSCYng">39061.8666666667</dst>
            <dst id="LOSAng">74753.1786666666</dst>
            <dst id="NYCMng">237872.578666667</dst>
            <dst id="SNVAng">16909.3866666667</dst>
            <dst id="STTLng">40319.904</dst>
            <dst id="WASHng">331960.213333333</dst>
        </src>
    </IntraTM>
</TrafficMatrixFile>
