<?xml version="1.0" encoding="ISO-8859-1" standalone="yes"?>
<TrafficMatrixFile xsi:noNamespaceSchemaLocation="http://totem.run.montefiore.ulg.ac.be/Schema/TrafficMatrix-v1_2.xsd" xmlns:xsi="http://www.w3.org/2001/XMLSchema-instance">
    <IntraTM ASID="11537">
        <src id="ATLA-M5">
            <dst id="ATLA-M5">645.709333333333</dst>
            <dst id="ATLAng">776.144</dst>
            <dst id="CHINng">3160.68266666667</dst>
            <dst id="DNVRng">1147.256</dst>
            <dst id="HSTNng">415.106666666667</dst>
            <dst id="IPLSng">4759.08533333333</dst>
            <dst id="KSCYng">495.965333333333</dst>
            <dst id="LOSAng">1864.772</dst>
            <dst id="NYCMng">4182.62933333333</dst>
            <dst id="SNVAng">200.02</dst>
            <dst id="STTLng">912.778666666667</dst>
            <dst id="WASHng">2943.04533333333</dst>
        </src>
        <src id="ATLAng">
            <dst id="ATLA-M5">1236.17866666667</dst>
            <dst id="ATLAng">30222.0346666667</dst>
            <dst id="CHINng">27368.6826666667</dst>
            <dst id="DNVRng">21799.944</dst>
            <dst id="HSTNng">6723.56266666667</dst>
            <dst id="IPLSng">38092.7306666667</dst>
            <dst id="KSCYng">9885.30666666667</dst>
            <dst id="LOSAng">31206.7066666667</dst>
            <dst id="NYCMng">28427.208</dst>
            <dst id="SNVAng">2563.232</dst>
            <dst id="STTLng">9235.664</dst>
            <dst id="WASHng">125428.778666667</dst>
        </src>
        <src id="CHINng">
            <dst id="ATLA-M5">4590.71466666667</dst>
            <dst id="ATLAng">13240.3226666667</dst>
            <dst id="CHINng">40346.616</dst>
            <dst id="DNVRng">7390.632</dst>
            <dst id="HSTNng">17719.416</dst>
            <dst id="IPLSng">37936.3893333333</dst>
            <dst id="KSCYng">8794.704</dst>
            <dst id="LOSAng">41893.2906666667</dst>
            <dst id="NYCMng">5853.48266666667</dst>
            <dst id="SNVAng">9376.344</dst>
            <dst id="STTLng">9990.65333333333</dst>
            <dst id="WASHng">29261.9386666667</dst>
        </src>
        <src id="DNVRng">
            <dst id="ATLA-M5">447.248</dst>
            <dst id="ATLAng">6452.73333333333</dst>
            <dst id="CHINng">58774.024</dst>
            <dst id="DNVRng">17275.7013333333</dst>
            <dst id="HSTNng">22497.1813333333</dst>
            <dst id="IPLSng">39851.5573333333</dst>
            <dst id="KSCYng">19573.2853333333</dst>
            <dst id="LOSAng">11823.5146666667</dst>
            <dst id="NYCMng">19689.2773333333</dst>
            <dst id="SNVAng">10846.5546666667</dst>
            <dst id="STTLng">16757.768</dst>
            <dst id="WASHng">51901.888</dst>
        </src>
        <src id="HSTNng">
            <dst id="ATLA-M5">3348.82133333333</dst>
            <dst id="ATLAng">5104.576</dst>
            <dst id="CHINng">18739.8053333333</dst>
            <dst id="DNVRng">3223.88</dst>
            <dst id="HSTNng">16635.6853333333</dst>
            <dst id="IPLSng">13367.1893333333</dst>
            <dst id="KSCYng">5830.86933333333</dst>
            <dst id="LOSAng">14250.4906666667</dst>
            <dst id="NYCMng">10433.9786666667</dst>
            <dst id="SNVAng">3199.92533333333</dst>
            <dst id="STTLng">6264.70933333333</dst>
            <dst id="WASHng">6858.39733333333</dst>
        </src>
        <src id="IPLSng">
            <dst id="ATLA-M5">3597.38133333333</dst>
            <dst id="ATLAng">23494.8</dst>
            <dst id="CHINng">92425.0213333333</dst>
            <dst id="DNVRng">32464.744</dst>
            <dst id="HSTNng">11811.936</dst>
            <dst id="IPLSng">33390.1146666667</dst>
            <dst id="KSCYng">16151.4373333333</dst>
            <dst id="LOSAng">84098.5146666667</dst>
            <dst id="NYCMng">34978.192</dst>
            <dst id="SNVAng">9541.44266666666</dst>
            <dst id="STTLng">13697.9306666667</dst>
            <dst id="WASHng">54663.6</dst>
        </src>
        <src id="KSCYng">
            <dst id="ATLA-M5">748.530666666667</dst>
            <dst id="ATLAng">12088.76</dst>
            <dst id="CHINng">46018.44</dst>
            <dst id="DNVRng">10710.216</dst>
            <dst id="HSTNng">10297.632</dst>
            <dst id="IPLSng">19618.6266666667</dst>
            <dst id="KSCYng">13322.424</dst>
            <dst id="LOSAng">7772.50133333333</dst>
            <dst id="NYCMng">12952.1466666667</dst>
            <dst id="SNVAng">1651.60266666667</dst>
            <dst id="STTLng">6582.02666666667</dst>
            <dst id="WASHng">14574.616</dst>
        </src>
        <src id="LOSAng">
            <dst id="ATLA-M5">2282.54666666667</dst>
            <dst id="ATLAng">30146.0533333333</dst>
            <dst id="CHINng">122225.285333333</dst>
            <dst id="DNVRng">16059.536</dst>
            <dst id="HSTNng">12009.1173333333</dst>
            <dst id="IPLSng">49690.5786666667</dst>
            <dst id="KSCYng">12885.1866666667</dst>
            <dst id="LOSAng">27369.88</dst>
            <dst id="NYCMng">64160.5626666667</dst>
            <dst id="SNVAng">14416.7573333333</dst>
            <dst id="STTLng">44367.3093333334</dst>
            <dst id="WASHng">66195.512</dst>
        </src>
        <src id="NYCMng">
            <dst id="ATLA-M5">4520.672</dst>
            <dst id="ATLAng">52135.1093333333</dst>
            <dst id="CHINng">80794.4746666667</dst>
            <dst id="DNVRng">42546.5333333333</dst>
            <dst id="HSTNng">46991.0613333333</dst>
            <dst id="IPLSng">95270.6186666667</dst>
            <dst id="KSCYng">26041.2533333333</dst>
            <dst id="LOSAng">109093.826666667</dst>
            <dst id="NYCMng">181328.496</dst>
            <dst id="SNVAng">13585.7093333333</dst>
            <dst id="STTLng">42311.0506666667</dst>
            <dst id="WASHng">174689.810666667</dst>
        </src>
        <src id="SNVAng">
            <dst id="ATLA-M5">400.52</dst>
            <dst id="ATLAng">985.717333333333</dst>
            <dst id="CHINng">8788.37333333333</dst>
            <dst id="DNVRng">10496.7946666667</dst>
            <dst id="HSTNng">966.408</dst>
            <dst id="IPLSng">3562.57066666667</dst>
            <dst id="KSCYng">1200.936</dst>
            <dst id="LOSAng">47284.32</dst>
            <dst id="NYCMng">2718.14666666667</dst>
            <dst id="SNVAng">17256.0346666667</dst>
            <dst id="STTLng">60892.36</dst>
            <dst id="WASHng">3691.46933333333</dst>
        </src>
        <src id="STTLng">
            <dst id="ATLA-M5">150.114666666667</dst>
            <dst id="ATLAng">12279.7866666667</dst>
            <dst id="CHINng">58498.168</dst>
            <dst id="DNVRng">3656.46666666667</dst>
            <dst id="HSTNng">3968.18666666667</dst>
            <dst id="IPLSng">23514.7013333333</dst>
            <dst id="KSCYng">5237.576</dst>
            <dst id="LOSAng">34372.5573333333</dst>
            <dst id="NYCMng">31362.7626666667</dst>
            <dst id="SNVAng">13840.424</dst>
            <dst id="STTLng">14730.208</dst>
            <dst id="WASHng">18354.008</dst>
        </src>
        <src id="WASHng">
            <dst id="ATLA-M5">2487.29066666667</dst>
            <dst id="ATLAng">130549.834666667</dst>
            <dst id="CHINng">115333.336</dst>
            <dst id="DNVRng">62346.696</dst>
            <dst id="HSTNng">31582.0106666667</dst>
            <dst id="IPLSng">87982.3386666667</dst>
            <dst id="KSCYng">30311.64</dst>
            <dst id="LOSAng">90111.8346666667</dst>
            <dst id="NYCMng">223731.586666667</dst>
            <dst id="SNVAng">12410.3173333333</dst>
            <dst id="STTLng">30803.472</dst>
            <dst id="WASHng">206494.424</dst>
        </src>
    </IntraTM>
</TrafficMatrixFile>
