<?xml version="1.0" encoding="ISO-8859-1" standalone="yes"?>
<TrafficMatrixFile xsi:noNamespaceSchemaLocation="http://totem.run.montefiore.ulg.ac.be/Schema/TrafficMatrix-v1_2.xsd" xmlns:xsi="http://www.w3.org/2001/XMLSchema-instance">
    <IntraTM ASID="11537">
        <src id="ATLA-M5">
            <dst id="ATLA-M5">0</dst>
            <dst id="ATLAng">1072.472</dst>
            <dst id="CHINng">3597.69333333333</dst>
            <dst id="DNVRng">380.653333333333</dst>
            <dst id="HSTNng">475.461333333333</dst>
            <dst id="IPLSng">1806.44</dst>
            <dst id="KSCYng">505.882666666667</dst>
            <dst id="LOSAng">963.498666666667</dst>
            <dst id="NYCMng">758.170666666667</dst>
            <dst id="SNVAng">220.850666666667</dst>
            <dst id="STTLng">293.338666666667</dst>
            <dst id="WASHng">2013.97866666667</dst>
        </src>
        <src id="ATLAng">
            <dst id="ATLA-M5">2106.01066666667</dst>
            <dst id="ATLAng">22711.3653333333</dst>
            <dst id="CHINng">26759.2186666667</dst>
            <dst id="DNVRng">6244.056</dst>
            <dst id="HSTNng">6635.048</dst>
            <dst id="IPLSng">28423.1786666667</dst>
            <dst id="KSCYng">7373.74933333334</dst>
            <dst id="LOSAng">23890.304</dst>
            <dst id="NYCMng">20676.184</dst>
            <dst id="SNVAng">1176.69866666667</dst>
            <dst id="STTLng">11139.92</dst>
            <dst id="WASHng">61722.6986666667</dst>
        </src>
        <src id="CHINng">
            <dst id="ATLA-M5">4769.816</dst>
            <dst id="ATLAng">15315.7173333333</dst>
            <dst id="CHINng">34040.3253333333</dst>
            <dst id="DNVRng">10716.1093333333</dst>
            <dst id="HSTNng">15041.992</dst>
            <dst id="IPLSng">33882.0906666667</dst>
            <dst id="KSCYng">11259.9226666667</dst>
            <dst id="LOSAng">35122.4426666667</dst>
            <dst id="NYCMng">3874.05866666667</dst>
            <dst id="SNVAng">3673.57866666667</dst>
            <dst id="STTLng">8207.976</dst>
            <dst id="WASHng">8930.01333333333</dst>
        </src>
        <src id="DNVRng">
            <dst id="ATLA-M5">270.912</dst>
            <dst id="ATLAng">9090.344</dst>
            <dst id="CHINng">57018.504</dst>
            <dst id="DNVRng">14125.5333333333</dst>
            <dst id="HSTNng">14215.784</dst>
            <dst id="IPLSng">30271.6133333333</dst>
            <dst id="KSCYng">14495.432</dst>
            <dst id="LOSAng">10392.632</dst>
            <dst id="NYCMng">28410.9173333333</dst>
            <dst id="SNVAng">9525.53866666667</dst>
            <dst id="STTLng">13509.1893333333</dst>
            <dst id="WASHng">51623.1893333333</dst>
        </src>
        <src id="HSTNng">
            <dst id="ATLA-M5">4492.85333333333</dst>
            <dst id="ATLAng">9218.096</dst>
            <dst id="CHINng">36934.9866666667</dst>
            <dst id="DNVRng">4166.208</dst>
            <dst id="HSTNng">6119.54666666667</dst>
            <dst id="IPLSng">10087.1493333333</dst>
            <dst id="KSCYng">4065.63733333333</dst>
            <dst id="LOSAng">11456.848</dst>
            <dst id="NYCMng">6162.97333333333</dst>
            <dst id="SNVAng">2379.30666666667</dst>
            <dst id="STTLng">3528.85066666667</dst>
            <dst id="WASHng">11295.3626666667</dst>
        </src>
        <src id="IPLSng">
            <dst id="ATLA-M5">1914.112</dst>
            <dst id="ATLAng">18600.8266666667</dst>
            <dst id="CHINng">79773.472</dst>
            <dst id="DNVRng">23595.4</dst>
            <dst id="HSTNng">9649.20266666667</dst>
            <dst id="IPLSng">23817.888</dst>
            <dst id="KSCYng">14024.24</dst>
            <dst id="LOSAng">65872.968</dst>
            <dst id="NYCMng">55041.4426666667</dst>
            <dst id="SNVAng">5279.944</dst>
            <dst id="STTLng">12466.2373333333</dst>
            <dst id="WASHng">44919.2773333333</dst>
        </src>
        <src id="KSCYng">
            <dst id="ATLA-M5">1342.224</dst>
            <dst id="ATLAng">6260.81333333333</dst>
            <dst id="CHINng">32367.2773333333</dst>
            <dst id="DNVRng">16035.08</dst>
            <dst id="HSTNng">3881.80533333333</dst>
            <dst id="IPLSng">14989.5066666667</dst>
            <dst id="KSCYng">8805.8</dst>
            <dst id="LOSAng">7687.00266666667</dst>
            <dst id="NYCMng">9762.54933333333</dst>
            <dst id="SNVAng">1802.97333333333</dst>
            <dst id="STTLng">3606.944</dst>
            <dst id="WASHng">17547.936</dst>
        </src>
        <src id="LOSAng">
            <dst id="ATLA-M5">1078.944</dst>
            <dst id="ATLAng">25535.2346666667</dst>
            <dst id="CHINng">115622.045333333</dst>
            <dst id="DNVRng">14445.2906666667</dst>
            <dst id="HSTNng">14153.688</dst>
            <dst id="IPLSng">54228.7733333333</dst>
            <dst id="KSCYng">11855.2826666667</dst>
            <dst id="LOSAng">23751.7226666667</dst>
            <dst id="NYCMng">64660.5493333333</dst>
            <dst id="SNVAng">11414.6746666667</dst>
            <dst id="STTLng">32651.9146666667</dst>
            <dst id="WASHng">68663.4693333334</dst>
        </src>
        <src id="NYCMng">
            <dst id="ATLA-M5">3495.36266666667</dst>
            <dst id="ATLAng">55620.9706666667</dst>
            <dst id="CHINng">82644.7866666667</dst>
            <dst id="DNVRng">37114.84</dst>
            <dst id="HSTNng">37227.5493333333</dst>
            <dst id="IPLSng">93393.2213333333</dst>
            <dst id="KSCYng">30159.472</dst>
            <dst id="LOSAng">97103.016</dst>
            <dst id="NYCMng">135674.274666667</dst>
            <dst id="SNVAng">9391.75466666666</dst>
            <dst id="STTLng">47683.648</dst>
            <dst id="WASHng">102994.010666667</dst>
        </src>
        <src id="SNVAng">
            <dst id="ATLA-M5">121.325333333333</dst>
            <dst id="ATLAng">921.08</dst>
            <dst id="CHINng">5560.87466666667</dst>
            <dst id="DNVRng">3685.61333333333</dst>
            <dst id="HSTNng">1182.52266666667</dst>
            <dst id="IPLSng">4896.18133333333</dst>
            <dst id="KSCYng">1097.59466666667</dst>
            <dst id="LOSAng">42985.5466666667</dst>
            <dst id="NYCMng">12367.7226666667</dst>
            <dst id="SNVAng">20880.6</dst>
            <dst id="STTLng">66887.896</dst>
            <dst id="WASHng">2393.02666666667</dst>
        </src>
        <src id="STTLng">
            <dst id="ATLA-M5">152.456</dst>
            <dst id="ATLAng">14446.7466666667</dst>
            <dst id="CHINng">46411.9173333333</dst>
            <dst id="DNVRng">4855.72</dst>
            <dst id="HSTNng">2684.32533333333</dst>
            <dst id="IPLSng">18956.272</dst>
            <dst id="KSCYng">7692.80533333333</dst>
            <dst id="LOSAng">37686.4373333333</dst>
            <dst id="NYCMng">23909.496</dst>
            <dst id="SNVAng">6763.52533333333</dst>
            <dst id="STTLng">10247.7973333333</dst>
            <dst id="WASHng">17233.9386666667</dst>
        </src>
        <src id="WASHng">
            <dst id="ATLA-M5">2816.03733333333</dst>
            <dst id="ATLAng">147764.136</dst>
            <dst id="CHINng">88575.536</dst>
            <dst id="DNVRng">57788.584</dst>
            <dst id="HSTNng">22928.0826666667</dst>
            <dst id="IPLSng">86606.0266666667</dst>
            <dst id="KSCYng">12277.3893333333</dst>
            <dst id="LOSAng">78217.208</dst>
            <dst id="NYCMng">168137.896</dst>
            <dst id="SNVAng">18388.392</dst>
            <dst id="STTLng">39432.0853333333</dst>
            <dst id="WASHng">233501.781333333</dst>
        </src>
    </IntraTM>
</TrafficMatrixFile>
