<?xml version="1.0" encoding="ISO-8859-1" standalone="yes"?>
<TrafficMatrixFile xsi:noNamespaceSchemaLocation="http://totem.run.montefiore.ulg.ac.be/Schema/TrafficMatrix-v1_2.xsd" xmlns:xsi="http://www.w3.org/2001/XMLSchema-instance">
    <IntraTM ASID="11537">
        <src id="ATLA-M5">
            <dst id="ATLA-M5">53.3333333333333</dst>
            <dst id="ATLAng">375.261333333333</dst>
            <dst id="CHINng">1082.37866666667</dst>
            <dst id="DNVRng">276.136</dst>
            <dst id="HSTNng">453.426666666667</dst>
            <dst id="IPLSng">1703.384</dst>
            <dst id="KSCYng">407.152</dst>
            <dst id="LOSAng">403.664</dst>
            <dst id="NYCMng">853.005333333333</dst>
            <dst id="SNVAng">119.802666666667</dst>
            <dst id="STTLng">436.928</dst>
            <dst id="WASHng">2035.816</dst>
        </src>
        <src id="ATLAng">
            <dst id="ATLA-M5">462.461333333333</dst>
            <dst id="ATLAng">35813.8586666667</dst>
            <dst id="CHINng">22084.4</dst>
            <dst id="DNVRng">5088.04266666667</dst>
            <dst id="HSTNng">9442.56</dst>
            <dst id="IPLSng">21554.8666666667</dst>
            <dst id="KSCYng">5546.304</dst>
            <dst id="LOSAng">27483.3626666667</dst>
            <dst id="NYCMng">13961.5413333333</dst>
            <dst id="SNVAng">1034.22133333333</dst>
            <dst id="STTLng">8793.70933333333</dst>
            <dst id="WASHng">65618.384</dst>
        </src>
        <src id="CHINng">
            <dst id="ATLA-M5">3574.288</dst>
            <dst id="ATLAng">8646.448</dst>
            <dst id="CHINng">30175.136</dst>
            <dst id="DNVRng">18747.9146666667</dst>
            <dst id="HSTNng">7249.216</dst>
            <dst id="IPLSng">24679.7066666667</dst>
            <dst id="KSCYng">8131.46133333333</dst>
            <dst id="LOSAng">25030.448</dst>
            <dst id="NYCMng">11644.0026666667</dst>
            <dst id="SNVAng">1684.848</dst>
            <dst id="STTLng">6424.95733333333</dst>
            <dst id="WASHng">16825.5946666667</dst>
        </src>
        <src id="DNVRng">
            <dst id="ATLA-M5">98.072</dst>
            <dst id="ATLAng">4024.616</dst>
            <dst id="CHINng">39447.5733333333</dst>
            <dst id="DNVRng">5179.4</dst>
            <dst id="HSTNng">4034.18133333333</dst>
            <dst id="IPLSng">8980.192</dst>
            <dst id="KSCYng">3954.072</dst>
            <dst id="LOSAng">12962.6746666667</dst>
            <dst id="NYCMng">8632.088</dst>
            <dst id="SNVAng">15915.9226666667</dst>
            <dst id="STTLng">19953.2453333333</dst>
            <dst id="WASHng">19400.04</dst>
        </src>
        <src id="HSTNng">
            <dst id="ATLA-M5">2974.72533333333</dst>
            <dst id="ATLAng">4770.14933333333</dst>
            <dst id="CHINng">20321.5493333333</dst>
            <dst id="DNVRng">2386.304</dst>
            <dst id="HSTNng">7106.67466666667</dst>
            <dst id="IPLSng">10829.6506666667</dst>
            <dst id="KSCYng">4630.352</dst>
            <dst id="LOSAng">66769.288</dst>
            <dst id="NYCMng">7796.07466666667</dst>
            <dst id="SNVAng">690.584</dst>
            <dst id="STTLng">2400.53066666667</dst>
            <dst id="WASHng">9008.89066666667</dst>
        </src>
        <src id="IPLSng">
            <dst id="ATLA-M5">2693.728</dst>
            <dst id="ATLAng">11017.0933333333</dst>
            <dst id="CHINng">83082.488</dst>
            <dst id="DNVRng">20887.8586666667</dst>
            <dst id="HSTNng">9736.20266666667</dst>
            <dst id="IPLSng">22782.6</dst>
            <dst id="KSCYng">9320.904</dst>
            <dst id="LOSAng">82205.3813333334</dst>
            <dst id="NYCMng">33860.2986666667</dst>
            <dst id="SNVAng">4882.392</dst>
            <dst id="STTLng">12988.4746666667</dst>
            <dst id="WASHng">43174.6426666667</dst>
        </src>
        <src id="KSCYng">
            <dst id="ATLA-M5">951.114666666666</dst>
            <dst id="ATLAng">5563.74133333333</dst>
            <dst id="CHINng">29382.1893333333</dst>
            <dst id="DNVRng">6071.23733333333</dst>
            <dst id="HSTNng">5254.77066666667</dst>
            <dst id="IPLSng">11571.9733333333</dst>
            <dst id="KSCYng">4301.096</dst>
            <dst id="LOSAng">9855.70133333333</dst>
            <dst id="NYCMng">13258.7093333333</dst>
            <dst id="SNVAng">1604.67733333333</dst>
            <dst id="STTLng">2589.296</dst>
            <dst id="WASHng">10381.2373333333</dst>
        </src>
        <src id="LOSAng">
            <dst id="ATLA-M5">259.346666666667</dst>
            <dst id="ATLAng">30264.2266666667</dst>
            <dst id="CHINng">90527.7626666667</dst>
            <dst id="DNVRng">8559.824</dst>
            <dst id="HSTNng">56893.3093333334</dst>
            <dst id="IPLSng">42518.5333333333</dst>
            <dst id="KSCYng">11215.312</dst>
            <dst id="LOSAng">12165.7493333333</dst>
            <dst id="NYCMng">58843.6</dst>
            <dst id="SNVAng">3279.22666666667</dst>
            <dst id="STTLng">24783.7226666667</dst>
            <dst id="WASHng">52409.0053333333</dst>
        </src>
        <src id="NYCMng">
            <dst id="ATLA-M5">2766.72266666667</dst>
            <dst id="ATLAng">35438.7306666667</dst>
            <dst id="CHINng">50197.016</dst>
            <dst id="DNVRng">18222.344</dst>
            <dst id="HSTNng">24472.9813333333</dst>
            <dst id="IPLSng">77861.8853333333</dst>
            <dst id="KSCYng">27764.3413333333</dst>
            <dst id="LOSAng">64469.3333333334</dst>
            <dst id="NYCMng">137620.845333333</dst>
            <dst id="SNVAng">9755.74133333333</dst>
            <dst id="STTLng">21682.2613333333</dst>
            <dst id="WASHng">110497.864</dst>
        </src>
        <src id="SNVAng">
            <dst id="ATLA-M5">0</dst>
            <dst id="ATLAng">1026.48</dst>
            <dst id="CHINng">5115.944</dst>
            <dst id="DNVRng">4390.584</dst>
            <dst id="HSTNng">1187.00533333333</dst>
            <dst id="IPLSng">3189.80266666667</dst>
            <dst id="KSCYng">1824.65066666667</dst>
            <dst id="LOSAng">8985.104</dst>
            <dst id="NYCMng">3274.14133333333</dst>
            <dst id="SNVAng">231.010666666667</dst>
            <dst id="STTLng">2274.02133333333</dst>
            <dst id="WASHng">1528.57333333333</dst>
        </src>
        <src id="STTLng">
            <dst id="ATLA-M5">53.3333333333333</dst>
            <dst id="ATLAng">15343.3733333333</dst>
            <dst id="CHINng">23017.5733333333</dst>
            <dst id="DNVRng">5055.75733333333</dst>
            <dst id="HSTNng">5778.408</dst>
            <dst id="IPLSng">7303.576</dst>
            <dst id="KSCYng">1999.832</dst>
            <dst id="LOSAng">22483.4586666667</dst>
            <dst id="NYCMng">23139.9546666667</dst>
            <dst id="SNVAng">5511.456</dst>
            <dst id="STTLng">3273.232</dst>
            <dst id="WASHng">10732.1333333333</dst>
        </src>
        <src id="WASHng">
            <dst id="ATLA-M5">21116.6613333333</dst>
            <dst id="ATLAng">132247.842666667</dst>
            <dst id="CHINng">70181.9306666667</dst>
            <dst id="DNVRng">29905.896</dst>
            <dst id="HSTNng">19918.5813333333</dst>
            <dst id="IPLSng">58658.568</dst>
            <dst id="KSCYng">19036.7146666667</dst>
            <dst id="LOSAng">92415.48</dst>
            <dst id="NYCMng">153845.554666667</dst>
            <dst id="SNVAng">5300.65333333333</dst>
            <dst id="STTLng">39990.88</dst>
            <dst id="WASHng">218742.773333333</dst>
        </src>
    </IntraTM>
</TrafficMatrixFile>
