<?xml version="1.0" encoding="ISO-8859-1" standalone="yes"?>
<TrafficMatrixFile xsi:noNamespaceSchemaLocation="http://totem.run.montefiore.ulg.ac.be/Schema/TrafficMatrix-v1_2.xsd" xmlns:xsi="http://www.w3.org/2001/XMLSchema-instance">
    <IntraTM ASID="11537">
        <src id="ATLA-M5">
            <dst id="ATLA-M5">0</dst>
            <dst id="ATLAng">732.36</dst>
            <dst id="CHINng">1417.56</dst>
            <dst id="DNVRng">97.4106666666667</dst>
            <dst id="HSTNng">804.090666666667</dst>
            <dst id="IPLSng">389.453333333333</dst>
            <dst id="KSCYng">190.194666666667</dst>
            <dst id="LOSAng">337.082666666667</dst>
            <dst id="NYCMng">1828.74666666667</dst>
            <dst id="SNVAng">91.1786666666667</dst>
            <dst id="STTLng">226.285333333333</dst>
            <dst id="WASHng">903.432</dst>
        </src>
        <src id="ATLAng">
            <dst id="ATLA-M5">548.653333333333</dst>
            <dst id="ATLAng">37682.744</dst>
            <dst id="CHINng">24815.1626666667</dst>
            <dst id="DNVRng">3575.60266666667</dst>
            <dst id="HSTNng">2990.176</dst>
            <dst id="IPLSng">23803.2613333333</dst>
            <dst id="KSCYng">4542.16266666667</dst>
            <dst id="LOSAng">28507.5706666667</dst>
            <dst id="NYCMng">21895.568</dst>
            <dst id="SNVAng">1108.376</dst>
            <dst id="STTLng">11154.7306666667</dst>
            <dst id="WASHng">58450.4266666667</dst>
        </src>
        <src id="CHINng">
            <dst id="ATLA-M5">4482.99733333333</dst>
            <dst id="ATLAng">10992.584</dst>
            <dst id="CHINng">30773.6693333333</dst>
            <dst id="DNVRng">5304.24</dst>
            <dst id="HSTNng">7732.53866666667</dst>
            <dst id="IPLSng">23540.872</dst>
            <dst id="KSCYng">9632.31733333333</dst>
            <dst id="LOSAng">17799.368</dst>
            <dst id="NYCMng">8768.49333333333</dst>
            <dst id="SNVAng">1679.224</dst>
            <dst id="STTLng">7752.48533333333</dst>
            <dst id="WASHng">13063.5626666667</dst>
        </src>
        <src id="DNVRng">
            <dst id="ATLA-M5">138.069333333333</dst>
            <dst id="ATLAng">3709.13866666667</dst>
            <dst id="CHINng">42832.768</dst>
            <dst id="DNVRng">3320.27733333333</dst>
            <dst id="HSTNng">3332.98666666667</dst>
            <dst id="IPLSng">14768.3466666667</dst>
            <dst id="KSCYng">3886.51466666667</dst>
            <dst id="LOSAng">12201.3893333333</dst>
            <dst id="NYCMng">12799.72</dst>
            <dst id="SNVAng">14022.1893333333</dst>
            <dst id="STTLng">12457.5253333333</dst>
            <dst id="WASHng">9936.016</dst>
        </src>
        <src id="HSTNng">
            <dst id="ATLA-M5">404.842666666667</dst>
            <dst id="ATLAng">5454.63466666667</dst>
            <dst id="CHINng">19882.4373333333</dst>
            <dst id="DNVRng">2200.40266666667</dst>
            <dst id="HSTNng">6821.38666666666</dst>
            <dst id="IPLSng">12996.9413333333</dst>
            <dst id="KSCYng">7694.288</dst>
            <dst id="LOSAng">85616.4133333333</dst>
            <dst id="NYCMng">7617.568</dst>
            <dst id="SNVAng">1023.61333333333</dst>
            <dst id="STTLng">2844.21066666667</dst>
            <dst id="WASHng">7710.90133333333</dst>
        </src>
        <src id="IPLSng">
            <dst id="ATLA-M5">3295.552</dst>
            <dst id="ATLAng">12981.76</dst>
            <dst id="CHINng">93066.3253333333</dst>
            <dst id="DNVRng">15708.3306666667</dst>
            <dst id="HSTNng">11095.4266666667</dst>
            <dst id="IPLSng">20768.1733333333</dst>
            <dst id="KSCYng">9513.32266666667</dst>
            <dst id="LOSAng">26214.944</dst>
            <dst id="NYCMng">30594.592</dst>
            <dst id="SNVAng">3480.57066666667</dst>
            <dst id="STTLng">11883.1306666667</dst>
            <dst id="WASHng">35468.1413333333</dst>
        </src>
        <src id="KSCYng">
            <dst id="ATLA-M5">335.213333333333</dst>
            <dst id="ATLAng">4542.87733333333</dst>
            <dst id="CHINng">33459.792</dst>
            <dst id="DNVRng">8356.28533333333</dst>
            <dst id="HSTNng">4593.57333333333</dst>
            <dst id="IPLSng">17518.424</dst>
            <dst id="KSCYng">4095.89866666667</dst>
            <dst id="LOSAng">6722.28</dst>
            <dst id="NYCMng">13942.7253333333</dst>
            <dst id="SNVAng">1630.76266666667</dst>
            <dst id="STTLng">4749.52533333333</dst>
            <dst id="WASHng">14431.8293333333</dst>
        </src>
        <src id="LOSAng">
            <dst id="ATLA-M5">838.496</dst>
            <dst id="ATLAng">34709.1333333333</dst>
            <dst id="CHINng">75952.2</dst>
            <dst id="DNVRng">12228.2533333333</dst>
            <dst id="HSTNng">9390.61066666667</dst>
            <dst id="IPLSng">46051.152</dst>
            <dst id="KSCYng">10078.1893333333</dst>
            <dst id="LOSAng">12738.232</dst>
            <dst id="NYCMng">55419.648</dst>
            <dst id="SNVAng">6748.52</dst>
            <dst id="STTLng">22709.848</dst>
            <dst id="WASHng">57387.9893333333</dst>
        </src>
        <src id="NYCMng">
            <dst id="ATLA-M5">1796.98933333333</dst>
            <dst id="ATLAng">38142.5786666667</dst>
            <dst id="CHINng">62016.0346666667</dst>
            <dst id="DNVRng">22549.312</dst>
            <dst id="HSTNng">18857.136</dst>
            <dst id="IPLSng">87210.4373333333</dst>
            <dst id="KSCYng">22629.624</dst>
            <dst id="LOSAng">69148.4613333333</dst>
            <dst id="NYCMng">139257.696</dst>
            <dst id="SNVAng">5967.12</dst>
            <dst id="STTLng">27499.936</dst>
            <dst id="WASHng">97586.0853333334</dst>
        </src>
        <src id="SNVAng">
            <dst id="ATLA-M5">30.904</dst>
            <dst id="ATLAng">497.858666666667</dst>
            <dst id="CHINng">3801.904</dst>
            <dst id="DNVRng">8031.81333333333</dst>
            <dst id="HSTNng">1331.10133333333</dst>
            <dst id="IPLSng">3329.512</dst>
            <dst id="KSCYng">1862.096</dst>
            <dst id="LOSAng">2537.76</dst>
            <dst id="NYCMng">2504.87733333333</dst>
            <dst id="SNVAng">291.906666666667</dst>
            <dst id="STTLng">3046.36533333333</dst>
            <dst id="WASHng">1833.488</dst>
        </src>
        <src id="STTLng">
            <dst id="ATLA-M5">90.7546666666667</dst>
            <dst id="ATLAng">16467.9733333333</dst>
            <dst id="CHINng">19247.152</dst>
            <dst id="DNVRng">4914.064</dst>
            <dst id="HSTNng">4374.144</dst>
            <dst id="IPLSng">5603.928</dst>
            <dst id="KSCYng">3901.512</dst>
            <dst id="LOSAng">22375.384</dst>
            <dst id="NYCMng">20388.9333333333</dst>
            <dst id="SNVAng">7595.66133333333</dst>
            <dst id="STTLng">1682.27466666667</dst>
            <dst id="WASHng">7778.512</dst>
        </src>
        <src id="WASHng">
            <dst id="ATLA-M5">288.042666666667</dst>
            <dst id="ATLAng">121954.573333333</dst>
            <dst id="CHINng">70089.096</dst>
            <dst id="DNVRng">36476.904</dst>
            <dst id="HSTNng">11805.7653333333</dst>
            <dst id="IPLSng">48673.768</dst>
            <dst id="KSCYng">14773.7626666667</dst>
            <dst id="LOSAng">79456.9173333333</dst>
            <dst id="NYCMng">149693.197333333</dst>
            <dst id="SNVAng">4827.74133333333</dst>
            <dst id="STTLng">34935.5253333333</dst>
            <dst id="WASHng">203955.216</dst>
        </src>
    </IntraTM>
</TrafficMatrixFile>
