<?xml version="1.0" encoding="ISO-8859-1" standalone="yes"?>
<TrafficMatrixFile xsi:noNamespaceSchemaLocation="http://totem.run.montefiore.ulg.ac.be/Schema/TrafficMatrix-v1_2.xsd" xmlns:xsi="http://www.w3.org/2001/XMLSchema-instance">
    <IntraTM ASID="11537">
        <src id="ATLA-M5">
            <dst id="ATLA-M5">0</dst>
            <dst id="ATLAng">185.730666666667</dst>
            <dst id="CHINng">917.690666666667</dst>
            <dst id="DNVRng">303.261333333333</dst>
            <dst id="HSTNng">356.685333333333</dst>
            <dst id="IPLSng">869.616</dst>
            <dst id="KSCYng">272.106666666667</dst>
            <dst id="LOSAng">144.269333333333</dst>
            <dst id="NYCMng">1552.008</dst>
            <dst id="SNVAng">104.634666666667</dst>
            <dst id="STTLng">53.3333333333333</dst>
            <dst id="WASHng">1783.11733333333</dst>
        </src>
        <src id="ATLAng">
            <dst id="ATLA-M5">405.981333333333</dst>
            <dst id="ATLAng">37649.352</dst>
            <dst id="CHINng">10441.4</dst>
            <dst id="DNVRng">1990.21066666667</dst>
            <dst id="HSTNng">14456.9146666667</dst>
            <dst id="IPLSng">14492.2853333333</dst>
            <dst id="KSCYng">3763.04533333333</dst>
            <dst id="LOSAng">16848.7146666667</dst>
            <dst id="NYCMng">11885.36</dst>
            <dst id="SNVAng">1929.69866666667</dst>
            <dst id="STTLng">10768.6613333333</dst>
            <dst id="WASHng">73639.7066666667</dst>
        </src>
        <src id="CHINng">
            <dst id="ATLA-M5">88.28</dst>
            <dst id="ATLAng">10200.2266666667</dst>
            <dst id="CHINng">63990.1413333333</dst>
            <dst id="DNVRng">13989.2746666667</dst>
            <dst id="HSTNng">3298.056</dst>
            <dst id="IPLSng">23957.6453333333</dst>
            <dst id="KSCYng">9039.26933333334</dst>
            <dst id="LOSAng">20762.168</dst>
            <dst id="NYCMng">4617.248</dst>
            <dst id="SNVAng">1734.97066666667</dst>
            <dst id="STTLng">6600.70133333333</dst>
            <dst id="WASHng">3958.94133333333</dst>
        </src>
        <src id="DNVRng">
            <dst id="ATLA-M5">187.626666666667</dst>
            <dst id="ATLAng">6729</dst>
            <dst id="CHINng">48422.2746666667</dst>
            <dst id="DNVRng">7336.36266666667</dst>
            <dst id="HSTNng">4773.51733333333</dst>
            <dst id="IPLSng">5848.01066666667</dst>
            <dst id="KSCYng">13867.3546666667</dst>
            <dst id="LOSAng">10694.3706666667</dst>
            <dst id="NYCMng">12597.1146666667</dst>
            <dst id="SNVAng">12811.1013333333</dst>
            <dst id="STTLng">15297.36</dst>
            <dst id="WASHng">15311.536</dst>
        </src>
        <src id="HSTNng">
            <dst id="ATLA-M5">4253.69866666667</dst>
            <dst id="ATLAng">1993.09333333333</dst>
            <dst id="CHINng">20437.7146666667</dst>
            <dst id="DNVRng">1607.14666666667</dst>
            <dst id="HSTNng">10765.992</dst>
            <dst id="IPLSng">7191.60533333333</dst>
            <dst id="KSCYng">1786.656</dst>
            <dst id="LOSAng">96731.576</dst>
            <dst id="NYCMng">11318.2293333333</dst>
            <dst id="SNVAng">2262.792</dst>
            <dst id="STTLng">4613.424</dst>
            <dst id="WASHng">4930.42933333333</dst>
        </src>
        <src id="IPLSng">
            <dst id="ATLA-M5">6680.28266666667</dst>
            <dst id="ATLAng">8376.59466666667</dst>
            <dst id="CHINng">101896.792</dst>
            <dst id="DNVRng">11033.088</dst>
            <dst id="HSTNng">4969.52533333333</dst>
            <dst id="IPLSng">31805.0773333333</dst>
            <dst id="KSCYng">8596.70133333333</dst>
            <dst id="LOSAng">16897.064</dst>
            <dst id="NYCMng">20602.5546666667</dst>
            <dst id="SNVAng">7745.368</dst>
            <dst id="STTLng">11861.544</dst>
            <dst id="WASHng">40091.3386666667</dst>
        </src>
        <src id="KSCYng">
            <dst id="ATLA-M5">541.136</dst>
            <dst id="ATLAng">4402.53333333333</dst>
            <dst id="CHINng">33677.9973333333</dst>
            <dst id="DNVRng">5605.472</dst>
            <dst id="HSTNng">3413.60266666667</dst>
            <dst id="IPLSng">16046.3866666667</dst>
            <dst id="KSCYng">8063.37066666667</dst>
            <dst id="LOSAng">6237.62133333333</dst>
            <dst id="NYCMng">11292.5093333333</dst>
            <dst id="SNVAng">648.373333333333</dst>
            <dst id="STTLng">4714.456</dst>
            <dst id="WASHng">9654.456</dst>
        </src>
        <src id="LOSAng">
            <dst id="ATLA-M5">125.226666666667</dst>
            <dst id="ATLAng">12050.1866666667</dst>
            <dst id="CHINng">144137.421333333</dst>
            <dst id="DNVRng">7157.18933333333</dst>
            <dst id="HSTNng">19360.2746666667</dst>
            <dst id="IPLSng">28671.096</dst>
            <dst id="KSCYng">11734.5653333333</dst>
            <dst id="LOSAng">16269.616</dst>
            <dst id="NYCMng">56522.544</dst>
            <dst id="SNVAng">7999.912</dst>
            <dst id="STTLng">29200.992</dst>
            <dst id="WASHng">53419.544</dst>
        </src>
        <src id="NYCMng">
            <dst id="ATLA-M5">599.2</dst>
            <dst id="ATLAng">34446.2453333333</dst>
            <dst id="CHINng">70596.4213333333</dst>
            <dst id="DNVRng">18276.8426666667</dst>
            <dst id="HSTNng">32271.4373333333</dst>
            <dst id="IPLSng">45612.3013333333</dst>
            <dst id="KSCYng">20549.96</dst>
            <dst id="LOSAng">71207.152</dst>
            <dst id="NYCMng">159575.48</dst>
            <dst id="SNVAng">9801.64533333333</dst>
            <dst id="STTLng">26307.9573333333</dst>
            <dst id="WASHng">58905.68</dst>
        </src>
        <src id="SNVAng">
            <dst id="ATLA-M5">206.730666666667</dst>
            <dst id="ATLAng">576.256</dst>
            <dst id="CHINng">7932.50133333333</dst>
            <dst id="DNVRng">12503.6586666667</dst>
            <dst id="HSTNng">987.858666666667</dst>
            <dst id="IPLSng">3056.77066666667</dst>
            <dst id="KSCYng">739.216</dst>
            <dst id="LOSAng">4930.08266666667</dst>
            <dst id="NYCMng">1994.032</dst>
            <dst id="SNVAng">536.258666666667</dst>
            <dst id="STTLng">3266.48533333333</dst>
            <dst id="WASHng">2042.17866666667</dst>
        </src>
        <src id="STTLng">
            <dst id="ATLA-M5">81.568</dst>
            <dst id="ATLAng">8656.784</dst>
            <dst id="CHINng">66336.7653333333</dst>
            <dst id="DNVRng">5464.90933333333</dst>
            <dst id="HSTNng">1619.98666666667</dst>
            <dst id="IPLSng">4337.51733333333</dst>
            <dst id="KSCYng">3435.26133333333</dst>
            <dst id="LOSAng">22761.696</dst>
            <dst id="NYCMng">20546.288</dst>
            <dst id="SNVAng">3082.57066666667</dst>
            <dst id="STTLng">6525.97066666667</dst>
            <dst id="WASHng">8667.87733333333</dst>
        </src>
        <src id="WASHng">
            <dst id="ATLA-M5">1595.824</dst>
            <dst id="ATLAng">105253.957333333</dst>
            <dst id="CHINng">71548.584</dst>
            <dst id="DNVRng">33703.5146666667</dst>
            <dst id="HSTNng">16035.552</dst>
            <dst id="IPLSng">45559.9173333333</dst>
            <dst id="KSCYng">20829.3253333333</dst>
            <dst id="LOSAng">57638.3973333333</dst>
            <dst id="NYCMng">153435.656</dst>
            <dst id="SNVAng">4398.06666666667</dst>
            <dst id="STTLng">33097.8346666667</dst>
            <dst id="WASHng">359539.2</dst>
        </src>
    </IntraTM>
</TrafficMatrixFile>
