<?xml version="1.0" encoding="ISO-8859-1" standalone="yes"?>
<TrafficMatrixFile xsi:noNamespaceSchemaLocation="http://totem.run.montefiore.ulg.ac.be/Schema/TrafficMatrix-v1_2.xsd" xmlns:xsi="http://www.w3.org/2001/XMLSchema-instance">
    <IntraTM ASID="11537">
        <src id="ATLA-M5">
            <dst id="ATLA-M5">207.714666666667</dst>
            <dst id="ATLAng">668.538666666667</dst>
            <dst id="CHINng">2077.02666666667</dst>
            <dst id="DNVRng">623.072</dst>
            <dst id="HSTNng">269.082666666667</dst>
            <dst id="IPLSng">2465.73066666667</dst>
            <dst id="KSCYng">561.101333333333</dst>
            <dst id="LOSAng">923.12</dst>
            <dst id="NYCMng">1212.496</dst>
            <dst id="SNVAng">352.568</dst>
            <dst id="STTLng">53.3333333333333</dst>
            <dst id="WASHng">4446.57866666667</dst>
        </src>
        <src id="ATLAng">
            <dst id="ATLA-M5">1855.768</dst>
            <dst id="ATLAng">25629.568</dst>
            <dst id="CHINng">58789.1226666667</dst>
            <dst id="DNVRng">17892.1973333333</dst>
            <dst id="HSTNng">8291.82133333334</dst>
            <dst id="IPLSng">24486.472</dst>
            <dst id="KSCYng">24831.936</dst>
            <dst id="LOSAng">20398.7226666667</dst>
            <dst id="NYCMng">18618.1493333333</dst>
            <dst id="SNVAng">2504.09866666667</dst>
            <dst id="STTLng">8213.17866666666</dst>
            <dst id="WASHng">92746.4826666666</dst>
        </src>
        <src id="CHINng">
            <dst id="ATLA-M5">3178.832</dst>
            <dst id="ATLAng">24667.64</dst>
            <dst id="CHINng">74205.768</dst>
            <dst id="DNVRng">19769.52</dst>
            <dst id="HSTNng">24696.7733333333</dst>
            <dst id="IPLSng">37162.4133333333</dst>
            <dst id="KSCYng">14827.256</dst>
            <dst id="LOSAng">31096.8586666667</dst>
            <dst id="NYCMng">8617.79733333333</dst>
            <dst id="SNVAng">5231.52</dst>
            <dst id="STTLng">23306.8826666667</dst>
            <dst id="WASHng">15620.0906666667</dst>
        </src>
        <src id="DNVRng">
            <dst id="ATLA-M5">1647.01066666667</dst>
            <dst id="ATLAng">12183.9626666667</dst>
            <dst id="CHINng">62426.1893333333</dst>
            <dst id="DNVRng">18423.4986666667</dst>
            <dst id="HSTNng">16613.4986666667</dst>
            <dst id="IPLSng">35107.8213333333</dst>
            <dst id="KSCYng">30352.512</dst>
            <dst id="LOSAng">23373.0826666667</dst>
            <dst id="NYCMng">32713.4506666667</dst>
            <dst id="SNVAng">18403.8133333333</dst>
            <dst id="STTLng">34247.8106666667</dst>
            <dst id="WASHng">56961.7093333333</dst>
        </src>
        <src id="HSTNng">
            <dst id="ATLA-M5">1440.25333333333</dst>
            <dst id="ATLAng">9963.36533333333</dst>
            <dst id="CHINng">26711.6373333333</dst>
            <dst id="DNVRng">6146.864</dst>
            <dst id="HSTNng">10589.8266666667</dst>
            <dst id="IPLSng">9965.00266666667</dst>
            <dst id="KSCYng">6851.168</dst>
            <dst id="LOSAng">60947.0186666667</dst>
            <dst id="NYCMng">8897.648</dst>
            <dst id="SNVAng">2668.25866666667</dst>
            <dst id="STTLng">3128.776</dst>
            <dst id="WASHng">11789.0613333333</dst>
        </src>
        <src id="IPLSng">
            <dst id="ATLA-M5">1385.37333333333</dst>
            <dst id="ATLAng">20013.6986666667</dst>
            <dst id="CHINng">151967.218666667</dst>
            <dst id="DNVRng">37168.1866666667</dst>
            <dst id="HSTNng">14775.1226666667</dst>
            <dst id="IPLSng">41389.3626666667</dst>
            <dst id="KSCYng">24658.128</dst>
            <dst id="LOSAng">25632.1013333333</dst>
            <dst id="NYCMng">76139.6746666667</dst>
            <dst id="SNVAng">9033.34666666667</dst>
            <dst id="STTLng">14587.0533333333</dst>
            <dst id="WASHng">53747.3866666667</dst>
        </src>
        <src id="KSCYng">
            <dst id="ATLA-M5">298.341333333333</dst>
            <dst id="ATLAng">8146.92533333333</dst>
            <dst id="CHINng">50580.3813333333</dst>
            <dst id="DNVRng">18054.2613333333</dst>
            <dst id="HSTNng">9099</dst>
            <dst id="IPLSng">14596.5786666667</dst>
            <dst id="KSCYng">9303.53333333333</dst>
            <dst id="LOSAng">5459.07466666667</dst>
            <dst id="NYCMng">10806.024</dst>
            <dst id="SNVAng">1137.67733333333</dst>
            <dst id="STTLng">4100.312</dst>
            <dst id="WASHng">29309.272</dst>
        </src>
        <src id="LOSAng">
            <dst id="ATLA-M5">2775.59733333333</dst>
            <dst id="ATLAng">28487.1306666667</dst>
            <dst id="CHINng">138677.368</dst>
            <dst id="DNVRng">18458.6533333333</dst>
            <dst id="HSTNng">12189.7066666667</dst>
            <dst id="IPLSng">46842.6133333333</dst>
            <dst id="KSCYng">8817.52</dst>
            <dst id="LOSAng">10383.896</dst>
            <dst id="NYCMng">64264.0906666667</dst>
            <dst id="SNVAng">13263.904</dst>
            <dst id="STTLng">22128.9733333333</dst>
            <dst id="WASHng">79455.984</dst>
        </src>
        <src id="NYCMng">
            <dst id="ATLA-M5">7333.30133333333</dst>
            <dst id="ATLAng">59911.4133333333</dst>
            <dst id="CHINng">91470.6373333333</dst>
            <dst id="DNVRng">51400.5253333333</dst>
            <dst id="HSTNng">41766.1386666667</dst>
            <dst id="IPLSng">92378.4293333333</dst>
            <dst id="KSCYng">29699.704</dst>
            <dst id="LOSAng">76861.3013333334</dst>
            <dst id="NYCMng">172987.314666667</dst>
            <dst id="SNVAng">12417.1013333333</dst>
            <dst id="STTLng">35973.4293333333</dst>
            <dst id="WASHng">106886.597333333</dst>
        </src>
        <src id="SNVAng">
            <dst id="ATLA-M5">424.586666666667</dst>
            <dst id="ATLAng">1588.14133333333</dst>
            <dst id="CHINng">6175.41866666667</dst>
            <dst id="DNVRng">4836.89866666667</dst>
            <dst id="HSTNng">954.746666666667</dst>
            <dst id="IPLSng">4617.20266666667</dst>
            <dst id="KSCYng">785.866666666667</dst>
            <dst id="LOSAng">41827.7173333333</dst>
            <dst id="NYCMng">3982.82666666667</dst>
            <dst id="SNVAng">29813.2</dst>
            <dst id="STTLng">67377.312</dst>
            <dst id="WASHng">2045.92533333333</dst>
        </src>
        <src id="STTLng">
            <dst id="ATLA-M5">305.210666666667</dst>
            <dst id="ATLAng">17177.768</dst>
            <dst id="CHINng">89620.9546666667</dst>
            <dst id="DNVRng">8213.55733333333</dst>
            <dst id="HSTNng">7733.14666666667</dst>
            <dst id="IPLSng">24884.0373333333</dst>
            <dst id="KSCYng">6442.27733333333</dst>
            <dst id="LOSAng">27446.7146666667</dst>
            <dst id="NYCMng">36623.624</dst>
            <dst id="SNVAng">13141.6106666667</dst>
            <dst id="STTLng">6749.272</dst>
            <dst id="WASHng">21362.7653333333</dst>
        </src>
        <src id="WASHng">
            <dst id="ATLA-M5">1534.49333333333</dst>
            <dst id="ATLAng">150806.509333333</dst>
            <dst id="CHINng">99141.8613333333</dst>
            <dst id="DNVRng">84791.432</dst>
            <dst id="HSTNng">36098.3866666667</dst>
            <dst id="IPLSng">97634.12</dst>
            <dst id="KSCYng">38596.1226666667</dst>
            <dst id="LOSAng">100833.92</dst>
            <dst id="NYCMng">209116.685333333</dst>
            <dst id="SNVAng">7973.496</dst>
            <dst id="STTLng">34768.8826666667</dst>
            <dst id="WASHng">335190.666666667</dst>
        </src>
    </IntraTM>
</TrafficMatrixFile>
