<?xml version="1.0" encoding="ISO-8859-1" standalone="yes"?>
<TrafficMatrixFile xsi:noNamespaceSchemaLocation="http://totem.run.montefiore.ulg.ac.be/Schema/TrafficMatrix-v1_2.xsd" xmlns:xsi="http://www.w3.org/2001/XMLSchema-instance">
    <IntraTM ASID="11537">
        <src id="ATLA-M5">
            <dst id="ATLA-M5">53.3333333333333</dst>
            <dst id="ATLAng">641.485333333333</dst>
            <dst id="CHINng">1144.808</dst>
            <dst id="DNVRng">1269.05066666667</dst>
            <dst id="HSTNng">2952.64533333333</dst>
            <dst id="IPLSng">1126.81333333333</dst>
            <dst id="KSCYng">1004.51733333333</dst>
            <dst id="LOSAng">1368.032</dst>
            <dst id="NYCMng">376.496</dst>
            <dst id="SNVAng">483.242666666667</dst>
            <dst id="STTLng">170.037333333333</dst>
            <dst id="WASHng">1462.528</dst>
        </src>
        <src id="ATLAng">
            <dst id="ATLA-M5">835.421333333333</dst>
            <dst id="ATLAng">42382.5866666667</dst>
            <dst id="CHINng">31577.728</dst>
            <dst id="DNVRng">5221.16</dst>
            <dst id="HSTNng">3675.96266666667</dst>
            <dst id="IPLSng">28325.4853333333</dst>
            <dst id="KSCYng">10876.808</dst>
            <dst id="LOSAng">26923.304</dst>
            <dst id="NYCMng">17893.048</dst>
            <dst id="SNVAng">2180.10933333333</dst>
            <dst id="STTLng">8438.61066666667</dst>
            <dst id="WASHng">48508.7573333333</dst>
        </src>
        <src id="CHINng">
            <dst id="ATLA-M5">853.122666666667</dst>
            <dst id="ATLAng">28981.6346666667</dst>
            <dst id="CHINng">39394.112</dst>
            <dst id="DNVRng">8609.83733333333</dst>
            <dst id="HSTNng">13791.1413333333</dst>
            <dst id="IPLSng">42662.7066666667</dst>
            <dst id="KSCYng">7046.856</dst>
            <dst id="LOSAng">34422.976</dst>
            <dst id="NYCMng">4874.24533333333</dst>
            <dst id="SNVAng">2467.72533333333</dst>
            <dst id="STTLng">9207.992</dst>
            <dst id="WASHng">7811.224</dst>
        </src>
        <src id="DNVRng">
            <dst id="ATLA-M5">482.786666666667</dst>
            <dst id="ATLAng">4744.12266666667</dst>
            <dst id="CHINng">33561.3813333333</dst>
            <dst id="DNVRng">5288.984</dst>
            <dst id="HSTNng">7889.09066666667</dst>
            <dst id="IPLSng">11496.456</dst>
            <dst id="KSCYng">11342.8613333333</dst>
            <dst id="LOSAng">20192.8773333333</dst>
            <dst id="NYCMng">13577.192</dst>
            <dst id="SNVAng">13486.4693333333</dst>
            <dst id="STTLng">14235.3226666667</dst>
            <dst id="WASHng">14830.2346666667</dst>
        </src>
        <src id="HSTNng">
            <dst id="ATLA-M5">867.626666666667</dst>
            <dst id="ATLAng">5625.17066666667</dst>
            <dst id="CHINng">31960.8666666667</dst>
            <dst id="DNVRng">4712.40533333333</dst>
            <dst id="HSTNng">10106.16</dst>
            <dst id="IPLSng">14782.6453333333</dst>
            <dst id="KSCYng">3621.06133333333</dst>
            <dst id="LOSAng">8170.21866666667</dst>
            <dst id="NYCMng">7831.74933333333</dst>
            <dst id="SNVAng">2695.83466666667</dst>
            <dst id="STTLng">2527.48266666667</dst>
            <dst id="WASHng">7740.66933333334</dst>
        </src>
        <src id="IPLSng">
            <dst id="ATLA-M5">827.266666666667</dst>
            <dst id="ATLAng">16257.888</dst>
            <dst id="CHINng">93133.4026666667</dst>
            <dst id="DNVRng">11690.6026666667</dst>
            <dst id="HSTNng">8567.384</dst>
            <dst id="IPLSng">23879.88</dst>
            <dst id="KSCYng">12512.96</dst>
            <dst id="LOSAng">26133.9573333333</dst>
            <dst id="NYCMng">32860.8426666667</dst>
            <dst id="SNVAng">3610.712</dst>
            <dst id="STTLng">11376.9333333333</dst>
            <dst id="WASHng">33384.0613333333</dst>
        </src>
        <src id="KSCYng">
            <dst id="ATLA-M5">719.141333333333</dst>
            <dst id="ATLAng">6476.552</dst>
            <dst id="CHINng">38681.1066666667</dst>
            <dst id="DNVRng">14239.5413333333</dst>
            <dst id="HSTNng">5054.31466666667</dst>
            <dst id="IPLSng">19440.4293333333</dst>
            <dst id="KSCYng">5017.49333333333</dst>
            <dst id="LOSAng">9629.22133333333</dst>
            <dst id="NYCMng">12590.1333333333</dst>
            <dst id="SNVAng">1423.39733333333</dst>
            <dst id="STTLng">3020.048</dst>
            <dst id="WASHng">18266.9386666667</dst>
        </src>
        <src id="LOSAng">
            <dst id="ATLA-M5">938.517333333333</dst>
            <dst id="ATLAng">15793.544</dst>
            <dst id="CHINng">88577.7013333333</dst>
            <dst id="DNVRng">13898.6933333333</dst>
            <dst id="HSTNng">15175.1706666667</dst>
            <dst id="IPLSng">49530.6053333333</dst>
            <dst id="KSCYng">11870.296</dst>
            <dst id="LOSAng">15575.384</dst>
            <dst id="NYCMng">54440.928</dst>
            <dst id="SNVAng">4770.44533333333</dst>
            <dst id="STTLng">30955.1306666667</dst>
            <dst id="WASHng">36673.0026666667</dst>
        </src>
        <src id="NYCMng">
            <dst id="ATLA-M5">3107.23733333333</dst>
            <dst id="ATLAng">42661.6853333333</dst>
            <dst id="CHINng">78628.3013333334</dst>
            <dst id="DNVRng">23159.944</dst>
            <dst id="HSTNng">45163.432</dst>
            <dst id="IPLSng">79488.2746666667</dst>
            <dst id="KSCYng">24081.6773333333</dst>
            <dst id="LOSAng">74634.3546666667</dst>
            <dst id="NYCMng">123292.8</dst>
            <dst id="SNVAng">8169.90666666667</dst>
            <dst id="STTLng">32894.7306666667</dst>
            <dst id="WASHng">89199.656</dst>
        </src>
        <src id="SNVAng">
            <dst id="ATLA-M5">245.52</dst>
            <dst id="ATLAng">727.714666666667</dst>
            <dst id="CHINng">7428.864</dst>
            <dst id="DNVRng">13806.992</dst>
            <dst id="HSTNng">1515.536</dst>
            <dst id="IPLSng">2943.24</dst>
            <dst id="KSCYng">1391.82666666667</dst>
            <dst id="LOSAng">2949.54133333333</dst>
            <dst id="NYCMng">2968.67733333333</dst>
            <dst id="SNVAng">590.965333333333</dst>
            <dst id="STTLng">2436.112</dst>
            <dst id="WASHng">2100.26133333333</dst>
        </src>
        <src id="STTLng">
            <dst id="ATLA-M5">166.48</dst>
            <dst id="ATLAng">17297.3146666667</dst>
            <dst id="CHINng">41865.2933333333</dst>
            <dst id="DNVRng">7320.73866666667</dst>
            <dst id="HSTNng">3610.384</dst>
            <dst id="IPLSng">19161.1386666667</dst>
            <dst id="KSCYng">8631.57866666667</dst>
            <dst id="LOSAng">22353.2186666667</dst>
            <dst id="NYCMng">24268.2186666667</dst>
            <dst id="SNVAng">5176.81866666667</dst>
            <dst id="STTLng">18343.728</dst>
            <dst id="WASHng">12209.0906666667</dst>
        </src>
        <src id="WASHng">
            <dst id="ATLA-M5">1148.28533333333</dst>
            <dst id="ATLAng">105374.072</dst>
            <dst id="CHINng">94239.352</dst>
            <dst id="DNVRng">32209.3893333333</dst>
            <dst id="HSTNng">16270.6213333333</dst>
            <dst id="IPLSng">53542.8373333333</dst>
            <dst id="KSCYng">21523.7973333333</dst>
            <dst id="LOSAng">76425.6373333333</dst>
            <dst id="NYCMng">172850.493333333</dst>
            <dst id="SNVAng">8401.61333333333</dst>
            <dst id="STTLng">28386.2773333333</dst>
            <dst id="WASHng">164393.069333333</dst>
        </src>
    </IntraTM>
</TrafficMatrixFile>
