<?xml version="1.0" encoding="ISO-8859-1" standalone="yes"?>
<TrafficMatrixFile xsi:noNamespaceSchemaLocation="http://totem.run.montefiore.ulg.ac.be/Schema/TrafficMatrix-v1_2.xsd" xmlns:xsi="http://www.w3.org/2001/XMLSchema-instance">
    <IntraTM ASID="11537">
        <src id="ATLA-M5">
            <dst id="ATLA-M5">0</dst>
            <dst id="ATLAng">380.488</dst>
            <dst id="CHINng">4752.136</dst>
            <dst id="DNVRng">551.685333333333</dst>
            <dst id="HSTNng">950.738666666667</dst>
            <dst id="IPLSng">554.448</dst>
            <dst id="KSCYng">386.376</dst>
            <dst id="LOSAng">99.104</dst>
            <dst id="NYCMng">880.701333333333</dst>
            <dst id="SNVAng">171.648</dst>
            <dst id="STTLng">395.386666666667</dst>
            <dst id="WASHng">3691.68</dst>
        </src>
        <src id="ATLAng">
            <dst id="ATLA-M5">865.498666666667</dst>
            <dst id="ATLAng">70280.3226666667</dst>
            <dst id="CHINng">33249.856</dst>
            <dst id="DNVRng">6274.6</dst>
            <dst id="HSTNng">6393.232</dst>
            <dst id="IPLSng">27111.584</dst>
            <dst id="KSCYng">8344.33066666667</dst>
            <dst id="LOSAng">22281.1826666667</dst>
            <dst id="NYCMng">20526.8613333333</dst>
            <dst id="SNVAng">992.694666666667</dst>
            <dst id="STTLng">8202.25866666666</dst>
            <dst id="WASHng">64098.5706666667</dst>
        </src>
        <src id="CHINng">
            <dst id="ATLA-M5">1159.21066666667</dst>
            <dst id="ATLAng">13412.6106666667</dst>
            <dst id="CHINng">33991.7546666667</dst>
            <dst id="DNVRng">11011.6426666667</dst>
            <dst id="HSTNng">13807.2186666667</dst>
            <dst id="IPLSng">28276.84</dst>
            <dst id="KSCYng">11473.0933333333</dst>
            <dst id="LOSAng">35756.2373333333</dst>
            <dst id="NYCMng">5783.16266666667</dst>
            <dst id="SNVAng">4565.08533333333</dst>
            <dst id="STTLng">6215.20533333334</dst>
            <dst id="WASHng">13887.6693333333</dst>
        </src>
        <src id="DNVRng">
            <dst id="ATLA-M5">1144.44533333333</dst>
            <dst id="ATLAng">5570.73066666667</dst>
            <dst id="CHINng">54812.3946666667</dst>
            <dst id="DNVRng">21913.8426666667</dst>
            <dst id="HSTNng">15726.7226666667</dst>
            <dst id="IPLSng">31307.2586666667</dst>
            <dst id="KSCYng">20037.696</dst>
            <dst id="LOSAng">15126.512</dst>
            <dst id="NYCMng">28834.2826666667</dst>
            <dst id="SNVAng">9788.528</dst>
            <dst id="STTLng">15414.192</dst>
            <dst id="WASHng">49420.3386666667</dst>
        </src>
        <src id="HSTNng">
            <dst id="ATLA-M5">1628.68266666667</dst>
            <dst id="ATLAng">7372.24533333333</dst>
            <dst id="CHINng">23763.7066666667</dst>
            <dst id="DNVRng">8600.12533333333</dst>
            <dst id="HSTNng">14005.0533333333</dst>
            <dst id="IPLSng">11468.248</dst>
            <dst id="KSCYng">4252.07466666667</dst>
            <dst id="LOSAng">109444.962666667</dst>
            <dst id="NYCMng">9186.352</dst>
            <dst id="SNVAng">1209.944</dst>
            <dst id="STTLng">2801.48533333333</dst>
            <dst id="WASHng">9355.09866666666</dst>
        </src>
        <src id="IPLSng">
            <dst id="ATLA-M5">1475.01066666667</dst>
            <dst id="ATLAng">18498.6026666667</dst>
            <dst id="CHINng">89501.1626666667</dst>
            <dst id="DNVRng">27954.4666666667</dst>
            <dst id="HSTNng">10414.472</dst>
            <dst id="IPLSng">23108.0586666667</dst>
            <dst id="KSCYng">11416.8053333333</dst>
            <dst id="LOSAng">26560.9146666667</dst>
            <dst id="NYCMng">53183.2346666667</dst>
            <dst id="SNVAng">5013.88533333333</dst>
            <dst id="STTLng">8185.91733333333</dst>
            <dst id="WASHng">41488.8426666667</dst>
        </src>
        <src id="KSCYng">
            <dst id="ATLA-M5">1222.384</dst>
            <dst id="ATLAng">5351.824</dst>
            <dst id="CHINng">30289.6506666667</dst>
            <dst id="DNVRng">5173.232</dst>
            <dst id="HSTNng">5746.112</dst>
            <dst id="IPLSng">15086.0986666667</dst>
            <dst id="KSCYng">10879.4746666667</dst>
            <dst id="LOSAng">6988.79466666667</dst>
            <dst id="NYCMng">13967.168</dst>
            <dst id="SNVAng">1582.66133333333</dst>
            <dst id="STTLng">4223.29866666667</dst>
            <dst id="WASHng">13741.512</dst>
        </src>
        <src id="LOSAng">
            <dst id="ATLA-M5">1350.25066666667</dst>
            <dst id="ATLAng">24356.4773333333</dst>
            <dst id="CHINng">121209.906666667</dst>
            <dst id="DNVRng">16192.0346666667</dst>
            <dst id="HSTNng">12746.288</dst>
            <dst id="IPLSng">40929.5253333333</dst>
            <dst id="KSCYng">13937.4613333333</dst>
            <dst id="LOSAng">27268.56</dst>
            <dst id="NYCMng">70981.4373333333</dst>
            <dst id="SNVAng">10755.952</dst>
            <dst id="STTLng">27941.128</dst>
            <dst id="WASHng">61387.68</dst>
        </src>
        <src id="NYCMng">
            <dst id="ATLA-M5">941.16</dst>
            <dst id="ATLAng">45716.1733333333</dst>
            <dst id="CHINng">77971.1146666667</dst>
            <dst id="DNVRng">43712.0826666667</dst>
            <dst id="HSTNng">38084.752</dst>
            <dst id="IPLSng">75470.9146666667</dst>
            <dst id="KSCYng">27323.7253333333</dst>
            <dst id="LOSAng">93964.352</dst>
            <dst id="NYCMng">123811.722666667</dst>
            <dst id="SNVAng">11575.2213333333</dst>
            <dst id="STTLng">34833.2186666667</dst>
            <dst id="WASHng">101150.048</dst>
        </src>
        <src id="SNVAng">
            <dst id="ATLA-M5">977.818666666667</dst>
            <dst id="ATLAng">439.226666666667</dst>
            <dst id="CHINng">5418.12266666667</dst>
            <dst id="DNVRng">6978.97066666667</dst>
            <dst id="HSTNng">1335.15733333333</dst>
            <dst id="IPLSng">9268.52533333333</dst>
            <dst id="KSCYng">1915.57066666667</dst>
            <dst id="LOSAng">43551.056</dst>
            <dst id="NYCMng">2701.70933333333</dst>
            <dst id="SNVAng">14465.1866666667</dst>
            <dst id="STTLng">64435.4773333333</dst>
            <dst id="WASHng">1988.584</dst>
        </src>
        <src id="STTLng">
            <dst id="ATLA-M5">278.136</dst>
            <dst id="ATLAng">10670.688</dst>
            <dst id="CHINng">44151.8266666667</dst>
            <dst id="DNVRng">8120.89066666667</dst>
            <dst id="HSTNng">5355.25066666667</dst>
            <dst id="IPLSng">13758.9466666667</dst>
            <dst id="KSCYng">8061.16266666667</dst>
            <dst id="LOSAng">31828.952</dst>
            <dst id="NYCMng">25110.7546666667</dst>
            <dst id="SNVAng">6246.84533333333</dst>
            <dst id="STTLng">18795.3893333333</dst>
            <dst id="WASHng">13925.08</dst>
        </src>
        <src id="WASHng">
            <dst id="ATLA-M5">3356.768</dst>
            <dst id="ATLAng">149391.472</dst>
            <dst id="CHINng">133213.96</dst>
            <dst id="DNVRng">60892.792</dst>
            <dst id="HSTNng">42497.8773333333</dst>
            <dst id="IPLSng">76300.984</dst>
            <dst id="KSCYng">13705.1653333333</dst>
            <dst id="LOSAng">64226.5013333333</dst>
            <dst id="NYCMng">183911.101333333</dst>
            <dst id="SNVAng">12571.2453333333</dst>
            <dst id="STTLng">37187.2453333333</dst>
            <dst id="WASHng">262428.909333333</dst>
        </src>
    </IntraTM>
</TrafficMatrixFile>
