<?xml version="1.0" encoding="ISO-8859-1" standalone="yes"?>
<TrafficMatrixFile xsi:noNamespaceSchemaLocation="http://totem.run.montefiore.ulg.ac.be/Schema/TrafficMatrix-v1_2.xsd" xmlns:xsi="http://www.w3.org/2001/XMLSchema-instance">
    <IntraTM ASID="11537">
        <src id="ATLA-M5">
            <dst id="ATLA-M5">210.656</dst>
            <dst id="ATLAng">839.122666666667</dst>
            <dst id="CHINng">1809.49333333333</dst>
            <dst id="DNVRng">400.002666666667</dst>
            <dst id="HSTNng">674.597333333333</dst>
            <dst id="IPLSng">1044.06933333333</dst>
            <dst id="KSCYng">1578.576</dst>
            <dst id="LOSAng">688.789333333333</dst>
            <dst id="NYCMng">1902.896</dst>
            <dst id="SNVAng">64.4026666666666</dst>
            <dst id="STTLng">162.648</dst>
            <dst id="WASHng">3714.10933333333</dst>
        </src>
        <src id="ATLAng">
            <dst id="ATLA-M5">1686.72266666667</dst>
            <dst id="ATLAng">62649.7306666667</dst>
            <dst id="CHINng">52696.4666666667</dst>
            <dst id="DNVRng">17107.1493333333</dst>
            <dst id="HSTNng">11202.92</dst>
            <dst id="IPLSng">33661.3706666667</dst>
            <dst id="KSCYng">21157.6213333333</dst>
            <dst id="LOSAng">23058.0866666667</dst>
            <dst id="NYCMng">26289.2346666667</dst>
            <dst id="SNVAng">5371.836</dst>
            <dst id="STTLng">9817.048</dst>
            <dst id="WASHng">98176.536</dst>
        </src>
        <src id="CHINng">
            <dst id="ATLA-M5">3821.21066666667</dst>
            <dst id="ATLAng">20924.0613333333</dst>
            <dst id="CHINng">68633.3013333334</dst>
            <dst id="DNVRng">15011.656</dst>
            <dst id="HSTNng">10156.888</dst>
            <dst id="IPLSng">31095.32</dst>
            <dst id="KSCYng">9710.744</dst>
            <dst id="LOSAng">26860.9973333333</dst>
            <dst id="NYCMng">13180.92</dst>
            <dst id="SNVAng">6518.11466666667</dst>
            <dst id="STTLng">22051.8373333333</dst>
            <dst id="WASHng">29881.4826666667</dst>
        </src>
        <src id="DNVRng">
            <dst id="ATLA-M5">588.714666666667</dst>
            <dst id="ATLAng">11315.1253333333</dst>
            <dst id="CHINng">66092.3706666666</dst>
            <dst id="DNVRng">15935.8293333333</dst>
            <dst id="HSTNng">14817.3653333333</dst>
            <dst id="IPLSng">34457.808</dst>
            <dst id="KSCYng">26686.2533333333</dst>
            <dst id="LOSAng">22451.7466666667</dst>
            <dst id="NYCMng">27238.5253333333</dst>
            <dst id="SNVAng">17624.2453333333</dst>
            <dst id="STTLng">16048.8666666667</dst>
            <dst id="WASHng">57609.4533333333</dst>
        </src>
        <src id="HSTNng">
            <dst id="ATLA-M5">1590.28533333333</dst>
            <dst id="ATLAng">5527.84533333333</dst>
            <dst id="CHINng">30095.9626666667</dst>
            <dst id="DNVRng">6871.40266666667</dst>
            <dst id="HSTNng">14197.9813333333</dst>
            <dst id="IPLSng">22730.6133333333</dst>
            <dst id="KSCYng">5865.93066666667</dst>
            <dst id="LOSAng">75425.4986666667</dst>
            <dst id="NYCMng">8406.936</dst>
            <dst id="SNVAng">3348.00266666667</dst>
            <dst id="STTLng">3048.03466666667</dst>
            <dst id="WASHng">9039.65333333333</dst>
        </src>
        <src id="IPLSng">
            <dst id="ATLA-M5">1484.49866666667</dst>
            <dst id="ATLAng">25402.8293333333</dst>
            <dst id="CHINng">149243.317333333</dst>
            <dst id="DNVRng">41213.056</dst>
            <dst id="HSTNng">7223.928</dst>
            <dst id="IPLSng">38947.6373333333</dst>
            <dst id="KSCYng">26817.9013333333</dst>
            <dst id="LOSAng">165516.650666667</dst>
            <dst id="NYCMng">73116.952</dst>
            <dst id="SNVAng">13057.5706666667</dst>
            <dst id="STTLng">14488.0346666667</dst>
            <dst id="WASHng">44847.7306666667</dst>
        </src>
        <src id="KSCYng">
            <dst id="ATLA-M5">707.765333333333</dst>
            <dst id="ATLAng">21095.76</dst>
            <dst id="CHINng">41243.3173333333</dst>
            <dst id="DNVRng">19333.92</dst>
            <dst id="HSTNng">6607.27733333333</dst>
            <dst id="IPLSng">13476.832</dst>
            <dst id="KSCYng">8220.824</dst>
            <dst id="LOSAng">8582.73866666667</dst>
            <dst id="NYCMng">11618.5946666667</dst>
            <dst id="SNVAng">1444.13866666667</dst>
            <dst id="STTLng">4576.376</dst>
            <dst id="WASHng">15596.816</dst>
        </src>
        <src id="LOSAng">
            <dst id="ATLA-M5">2378.344</dst>
            <dst id="ATLAng">29789.088</dst>
            <dst id="CHINng">128618.565333333</dst>
            <dst id="DNVRng">19736.1466666667</dst>
            <dst id="HSTNng">17686.8826666667</dst>
            <dst id="IPLSng">67044.0826666667</dst>
            <dst id="KSCYng">8012.71466666667</dst>
            <dst id="LOSAng">10278.9866666667</dst>
            <dst id="NYCMng">64840.6266666667</dst>
            <dst id="SNVAng">12021.472</dst>
            <dst id="STTLng">35174.3546666667</dst>
            <dst id="WASHng">71290.64</dst>
        </src>
        <src id="NYCMng">
            <dst id="ATLA-M5">6635.49333333333</dst>
            <dst id="ATLAng">56034.56</dst>
            <dst id="CHINng">88938.8026666667</dst>
            <dst id="DNVRng">49822.6906666667</dst>
            <dst id="HSTNng">39285.944</dst>
            <dst id="IPLSng">90543.9253333333</dst>
            <dst id="KSCYng">45978.968</dst>
            <dst id="LOSAng">91229.888</dst>
            <dst id="NYCMng">157016.096</dst>
            <dst id="SNVAng">14178.6533333333</dst>
            <dst id="STTLng">33141.592</dst>
            <dst id="WASHng">122438.72</dst>
        </src>
        <src id="SNVAng">
            <dst id="ATLA-M5">438.992</dst>
            <dst id="ATLAng">944.424</dst>
            <dst id="CHINng">6106.648</dst>
            <dst id="DNVRng">21366.0266666667</dst>
            <dst id="HSTNng">1478.384</dst>
            <dst id="IPLSng">14327.3786666667</dst>
            <dst id="KSCYng">1778.664</dst>
            <dst id="LOSAng">46881.6026666667</dst>
            <dst id="NYCMng">2777.42666666667</dst>
            <dst id="SNVAng">23039.7653333333</dst>
            <dst id="STTLng">63147.52</dst>
            <dst id="WASHng">2171.08</dst>
        </src>
        <src id="STTLng">
            <dst id="ATLA-M5">705.072</dst>
            <dst id="ATLAng">17245.52</dst>
            <dst id="CHINng">85901.3866666667</dst>
            <dst id="DNVRng">13807.8746666667</dst>
            <dst id="HSTNng">9409.48533333333</dst>
            <dst id="IPLSng">51367.4533333333</dst>
            <dst id="KSCYng">6868.92533333333</dst>
            <dst id="LOSAng">39083.3173333333</dst>
            <dst id="NYCMng">30702.3893333333</dst>
            <dst id="SNVAng">11891.6666666667</dst>
            <dst id="STTLng">4594.056</dst>
            <dst id="WASHng">21464.472</dst>
        </src>
        <src id="WASHng">
            <dst id="ATLA-M5">1995.54933333333</dst>
            <dst id="ATLAng">110191.581333333</dst>
            <dst id="CHINng">135918.648</dst>
            <dst id="DNVRng">97913.1333333333</dst>
            <dst id="HSTNng">40277.8613333333</dst>
            <dst id="IPLSng">91336.952</dst>
            <dst id="KSCYng">34461.7386666667</dst>
            <dst id="LOSAng">98874.4533333333</dst>
            <dst id="NYCMng">216038.733333333</dst>
            <dst id="SNVAng">13355.632</dst>
            <dst id="STTLng">43879.08</dst>
            <dst id="WASHng">301452.533333333</dst>
        </src>
    </IntraTM>
</TrafficMatrixFile>
