<?xml version="1.0" encoding="ISO-8859-1" standalone="yes"?>
<TrafficMatrixFile xsi:noNamespaceSchemaLocation="http://totem.run.montefiore.ulg.ac.be/Schema/TrafficMatrix-v1_2.xsd" xmlns:xsi="http://www.w3.org/2001/XMLSchema-instance">
    <IntraTM ASID="11537">
        <src id="ATLA-M5">
            <dst id="ATLA-M5">169.498666666667</dst>
            <dst id="ATLAng">549.034666666667</dst>
            <dst id="CHINng">2105.70133333333</dst>
            <dst id="DNVRng">383.802666666667</dst>
            <dst id="HSTNng">256.837333333333</dst>
            <dst id="IPLSng">850.536</dst>
            <dst id="KSCYng">571.805333333333</dst>
            <dst id="LOSAng">1189.536</dst>
            <dst id="NYCMng">3255.34133333333</dst>
            <dst id="SNVAng">802.792</dst>
            <dst id="STTLng">230.104</dst>
            <dst id="WASHng">8756.34666666667</dst>
        </src>
        <src id="ATLAng">
            <dst id="ATLA-M5">1386.34133333333</dst>
            <dst id="ATLAng">28272.0773333333</dst>
            <dst id="CHINng">59041.304</dst>
            <dst id="DNVRng">11306.0586666667</dst>
            <dst id="HSTNng">5059.30933333333</dst>
            <dst id="IPLSng">53144.9413333333</dst>
            <dst id="KSCYng">20160.3013333333</dst>
            <dst id="LOSAng">17660.8066666667</dst>
            <dst id="NYCMng">18446.1813333333</dst>
            <dst id="SNVAng">4194.99066666667</dst>
            <dst id="STTLng">9160.53866666666</dst>
            <dst id="WASHng">99178.2106666667</dst>
        </src>
        <src id="CHINng">
            <dst id="ATLA-M5">500.722666666667</dst>
            <dst id="ATLAng">14710.2986666667</dst>
            <dst id="CHINng">89014.744</dst>
            <dst id="DNVRng">20394.1573333333</dst>
            <dst id="HSTNng">18618.68</dst>
            <dst id="IPLSng">44223.5226666667</dst>
            <dst id="KSCYng">12814.1413333333</dst>
            <dst id="LOSAng">18905.5573333333</dst>
            <dst id="NYCMng">13122.0053333333</dst>
            <dst id="SNVAng">2768.85066666667</dst>
            <dst id="STTLng">7606.74933333333</dst>
            <dst id="WASHng">25909.4533333333</dst>
        </src>
        <src id="DNVRng">
            <dst id="ATLA-M5">385.565333333333</dst>
            <dst id="ATLAng">13109.28</dst>
            <dst id="CHINng">83871.6106666667</dst>
            <dst id="DNVRng">13209.8053333333</dst>
            <dst id="HSTNng">10954.184</dst>
            <dst id="IPLSng">42221.7093333333</dst>
            <dst id="KSCYng">28200.3626666667</dst>
            <dst id="LOSAng">8152.10933333333</dst>
            <dst id="NYCMng">20947.7253333333</dst>
            <dst id="SNVAng">24076.0373333333</dst>
            <dst id="STTLng">16012.1093333333</dst>
            <dst id="WASHng">51677.4026666667</dst>
        </src>
        <src id="HSTNng">
            <dst id="ATLA-M5">2842.744</dst>
            <dst id="ATLAng">5896.568</dst>
            <dst id="CHINng">29804.0186666667</dst>
            <dst id="DNVRng">8881.52266666667</dst>
            <dst id="HSTNng">15842.0746666667</dst>
            <dst id="IPLSng">12197.8533333333</dst>
            <dst id="KSCYng">4716.296</dst>
            <dst id="LOSAng">12546.3306666667</dst>
            <dst id="NYCMng">12887.88</dst>
            <dst id="SNVAng">2316.37866666667</dst>
            <dst id="STTLng">2215.21066666667</dst>
            <dst id="WASHng">16390.384</dst>
        </src>
        <src id="IPLSng">
            <dst id="ATLA-M5">1997.62933333333</dst>
            <dst id="ATLAng">25545.944</dst>
            <dst id="CHINng">174756.624</dst>
            <dst id="DNVRng">36025.1466666667</dst>
            <dst id="HSTNng">25382.208</dst>
            <dst id="IPLSng">53097.4453333333</dst>
            <dst id="KSCYng">25459.6746666667</dst>
            <dst id="LOSAng">86401.3813333334</dst>
            <dst id="NYCMng">51816.8906666667</dst>
            <dst id="SNVAng">7103.54666666667</dst>
            <dst id="STTLng">21147.9226666667</dst>
            <dst id="WASHng">55547.5973333333</dst>
        </src>
        <src id="KSCYng">
            <dst id="ATLA-M5">207.032</dst>
            <dst id="ATLAng">24079.96</dst>
            <dst id="CHINng">42769.384</dst>
            <dst id="DNVRng">10975.5813333333</dst>
            <dst id="HSTNng">5742.688</dst>
            <dst id="IPLSng">16656.392</dst>
            <dst id="KSCYng">5918.05066666667</dst>
            <dst id="LOSAng">6564.85066666667</dst>
            <dst id="NYCMng">12341.528</dst>
            <dst id="SNVAng">1089.10666666667</dst>
            <dst id="STTLng">4129.06933333333</dst>
            <dst id="WASHng">13806.552</dst>
        </src>
        <src id="LOSAng">
            <dst id="ATLA-M5">2364.98666666667</dst>
            <dst id="ATLAng">26833.4613333333</dst>
            <dst id="CHINng">142625.605333333</dst>
            <dst id="DNVRng">10951.1946666667</dst>
            <dst id="HSTNng">13637.008</dst>
            <dst id="IPLSng">47748.6746666667</dst>
            <dst id="KSCYng">16922.9253333333</dst>
            <dst id="LOSAng">8779.15466666667</dst>
            <dst id="NYCMng">57958.0346666667</dst>
            <dst id="SNVAng">32840.856</dst>
            <dst id="STTLng">27713.4533333333</dst>
            <dst id="WASHng">65426.272</dst>
        </src>
        <src id="NYCMng">
            <dst id="ATLA-M5">7419.62933333333</dst>
            <dst id="ATLAng">57899.4826666667</dst>
            <dst id="CHINng">102357.224</dst>
            <dst id="DNVRng">52055.5173333333</dst>
            <dst id="HSTNng">40563.52</dst>
            <dst id="IPLSng">109664.602666667</dst>
            <dst id="KSCYng">27294.9813333333</dst>
            <dst id="LOSAng">63536.1013333333</dst>
            <dst id="NYCMng">225712.176</dst>
            <dst id="SNVAng">6933.33066666667</dst>
            <dst id="STTLng">34771.36</dst>
            <dst id="WASHng">127213.84</dst>
        </src>
        <src id="SNVAng">
            <dst id="ATLA-M5">44.616</dst>
            <dst id="ATLAng">1751.86933333333</dst>
            <dst id="CHINng">10223.5973333333</dst>
            <dst id="DNVRng">8849.856</dst>
            <dst id="HSTNng">1200.15733333333</dst>
            <dst id="IPLSng">4194.16</dst>
            <dst id="KSCYng">1217.08</dst>
            <dst id="LOSAng">38557.5493333333</dst>
            <dst id="NYCMng">2685.92</dst>
            <dst id="SNVAng">17608.296</dst>
            <dst id="STTLng">47343.6746666667</dst>
            <dst id="WASHng">3499.69333333333</dst>
        </src>
        <src id="STTLng">
            <dst id="ATLA-M5">893.928</dst>
            <dst id="ATLAng">18418.3173333333</dst>
            <dst id="CHINng">90431.9973333333</dst>
            <dst id="DNVRng">7188.54133333333</dst>
            <dst id="HSTNng">3573.52</dst>
            <dst id="IPLSng">17916.112</dst>
            <dst id="KSCYng">8840.87733333333</dst>
            <dst id="LOSAng">22861.2906666667</dst>
            <dst id="NYCMng">33294.568</dst>
            <dst id="SNVAng">12411.0826666667</dst>
            <dst id="STTLng">6233.06133333333</dst>
            <dst id="WASHng">21906.368</dst>
        </src>
        <src id="WASHng">
            <dst id="ATLA-M5">2737.576</dst>
            <dst id="ATLAng">116131.821333333</dst>
            <dst id="CHINng">127378.181333333</dst>
            <dst id="DNVRng">88071.4986666667</dst>
            <dst id="HSTNng">22092.0906666667</dst>
            <dst id="IPLSng">119049.466666667</dst>
            <dst id="KSCYng">24566.288</dst>
            <dst id="LOSAng">69560.4106666667</dst>
            <dst id="NYCMng">196153.608</dst>
            <dst id="SNVAng">9322.42133333333</dst>
            <dst id="STTLng">32242.3893333333</dst>
            <dst id="WASHng">427749.093333333</dst>
        </src>
    </IntraTM>
</TrafficMatrixFile>
