<?xml version="1.0" encoding="ISO-8859-1" standalone="yes"?>
<TrafficMatrixFile xsi:noNamespaceSchemaLocation="http://totem.run.montefiore.ulg.ac.be/Schema/TrafficMatrix-v1_2.xsd" xmlns:xsi="http://www.w3.org/2001/XMLSchema-instance">
    <IntraTM ASID="11537">
        <src id="ATLA-M5">
            <dst id="ATLA-M5">1418.61066666667</dst>
            <dst id="ATLAng">487.973333333333</dst>
            <dst id="CHINng">4096.856</dst>
            <dst id="DNVRng">143.576</dst>
            <dst id="HSTNng">2186.15466666667</dst>
            <dst id="IPLSng">4128.392</dst>
            <dst id="KSCYng">1008.15466666667</dst>
            <dst id="LOSAng">2715.53333333333</dst>
            <dst id="NYCMng">710.274666666667</dst>
            <dst id="SNVAng">99.4506666666666</dst>
            <dst id="STTLng">37.112</dst>
            <dst id="WASHng">1235.65333333333</dst>
        </src>
        <src id="ATLAng">
            <dst id="ATLA-M5">1877.05333333333</dst>
            <dst id="ATLAng">80587.0613333333</dst>
            <dst id="CHINng">29707.7573333333</dst>
            <dst id="DNVRng">8661.64</dst>
            <dst id="HSTNng">7201.28533333333</dst>
            <dst id="IPLSng">22235.92</dst>
            <dst id="KSCYng">7578.416</dst>
            <dst id="LOSAng">17989.504</dst>
            <dst id="NYCMng">24044.6293333333</dst>
            <dst id="SNVAng">957.989333333333</dst>
            <dst id="STTLng">10604.8746666667</dst>
            <dst id="WASHng">54693.36</dst>
        </src>
        <src id="CHINng">
            <dst id="ATLA-M5">169.450666666667</dst>
            <dst id="ATLAng">14612.296</dst>
            <dst id="CHINng">39359.544</dst>
            <dst id="DNVRng">10777.8026666667</dst>
            <dst id="HSTNng">18480.2746666667</dst>
            <dst id="IPLSng">37092.4026666667</dst>
            <dst id="KSCYng">9784.128</dst>
            <dst id="LOSAng">33106.3333333333</dst>
            <dst id="NYCMng">4957.368</dst>
            <dst id="SNVAng">2808.29333333333</dst>
            <dst id="STTLng">8014.90133333333</dst>
            <dst id="WASHng">13272.208</dst>
        </src>
        <src id="DNVRng">
            <dst id="ATLA-M5">142.970666666667</dst>
            <dst id="ATLAng">6010.176</dst>
            <dst id="CHINng">48595.4853333333</dst>
            <dst id="DNVRng">7856.87466666666</dst>
            <dst id="HSTNng">4595.65333333333</dst>
            <dst id="IPLSng">12587.104</dst>
            <dst id="KSCYng">12138.4533333333</dst>
            <dst id="LOSAng">16933.7573333333</dst>
            <dst id="NYCMng">18833.4613333333</dst>
            <dst id="SNVAng">16101.616</dst>
            <dst id="STTLng">12026.9306666667</dst>
            <dst id="WASHng">13566.2693333333</dst>
        </src>
        <src id="HSTNng">
            <dst id="ATLA-M5">524.261333333333</dst>
            <dst id="ATLAng">4700.10933333333</dst>
            <dst id="CHINng">20709.1466666667</dst>
            <dst id="DNVRng">4001.488</dst>
            <dst id="HSTNng">4934.10933333333</dst>
            <dst id="IPLSng">9537</dst>
            <dst id="KSCYng">2407.81333333333</dst>
            <dst id="LOSAng">65358.68</dst>
            <dst id="NYCMng">12093.824</dst>
            <dst id="SNVAng">2008.63733333333</dst>
            <dst id="STTLng">2727.056</dst>
            <dst id="WASHng">9982.14933333333</dst>
        </src>
        <src id="IPLSng">
            <dst id="ATLA-M5">868.008</dst>
            <dst id="ATLAng">12142.0693333333</dst>
            <dst id="CHINng">83653.96</dst>
            <dst id="DNVRng">9462.02666666667</dst>
            <dst id="HSTNng">8164.11733333333</dst>
            <dst id="IPLSng">34972.2666666667</dst>
            <dst id="KSCYng">19234.624</dst>
            <dst id="LOSAng">24790.264</dst>
            <dst id="NYCMng">33931.3306666667</dst>
            <dst id="SNVAng">3873.01866666667</dst>
            <dst id="STTLng">15633.48</dst>
            <dst id="WASHng">41855.984</dst>
        </src>
        <src id="KSCYng">
            <dst id="ATLA-M5">341.096</dst>
            <dst id="ATLAng">5078.78666666667</dst>
            <dst id="CHINng">37532.2693333333</dst>
            <dst id="DNVRng">11351.368</dst>
            <dst id="HSTNng">3854.752</dst>
            <dst id="IPLSng">15948.2186666667</dst>
            <dst id="KSCYng">4796.792</dst>
            <dst id="LOSAng">8297.05333333333</dst>
            <dst id="NYCMng">9298.01866666667</dst>
            <dst id="SNVAng">3745.088</dst>
            <dst id="STTLng">4330.69866666667</dst>
            <dst id="WASHng">15927.1706666667</dst>
        </src>
        <src id="LOSAng">
            <dst id="ATLA-M5">1195.38933333333</dst>
            <dst id="ATLAng">14858.848</dst>
            <dst id="CHINng">73290.6373333333</dst>
            <dst id="DNVRng">12723.5013333333</dst>
            <dst id="HSTNng">17068.6346666667</dst>
            <dst id="IPLSng">38214.536</dst>
            <dst id="KSCYng">8294.45066666667</dst>
            <dst id="LOSAng">16271.4346666667</dst>
            <dst id="NYCMng">59258.4613333333</dst>
            <dst id="SNVAng">4494.45866666667</dst>
            <dst id="STTLng">32446.7066666667</dst>
            <dst id="WASHng">70272.616</dst>
        </src>
        <src id="NYCMng">
            <dst id="ATLA-M5">3222.088</dst>
            <dst id="ATLAng">47659.536</dst>
            <dst id="CHINng">73026.7893333333</dst>
            <dst id="DNVRng">21853.8586666667</dst>
            <dst id="HSTNng">47976.4906666667</dst>
            <dst id="IPLSng">77676.9546666667</dst>
            <dst id="KSCYng">24604.8106666667</dst>
            <dst id="LOSAng">74405.808</dst>
            <dst id="NYCMng">142682.808</dst>
            <dst id="SNVAng">11280.7973333333</dst>
            <dst id="STTLng">33269.9546666667</dst>
            <dst id="WASHng">119231.538666667</dst>
        </src>
        <src id="SNVAng">
            <dst id="ATLA-M5">26.6666666666667</dst>
            <dst id="ATLAng">951.138666666667</dst>
            <dst id="CHINng">5198.41866666667</dst>
            <dst id="DNVRng">14613.3306666667</dst>
            <dst id="HSTNng">2373.53866666667</dst>
            <dst id="IPLSng">14539.9466666667</dst>
            <dst id="KSCYng">1072.912</dst>
            <dst id="LOSAng">2202.2</dst>
            <dst id="NYCMng">2240.34666666667</dst>
            <dst id="SNVAng">1601.17066666667</dst>
            <dst id="STTLng">3863.96</dst>
            <dst id="WASHng">2347.136</dst>
        </src>
        <src id="STTLng">
            <dst id="ATLA-M5">175.072</dst>
            <dst id="ATLAng">16268.2426666667</dst>
            <dst id="CHINng">34100.5706666667</dst>
            <dst id="DNVRng">7538.08533333333</dst>
            <dst id="HSTNng">5644.97066666667</dst>
            <dst id="IPLSng">12455.7386666667</dst>
            <dst id="KSCYng">5412.464</dst>
            <dst id="LOSAng">23331.8533333333</dst>
            <dst id="NYCMng">27693.9093333333</dst>
            <dst id="SNVAng">2029.51466666667</dst>
            <dst id="STTLng">2051.68533333333</dst>
            <dst id="WASHng">12503.904</dst>
        </src>
        <src id="WASHng">
            <dst id="ATLA-M5">390.92</dst>
            <dst id="ATLAng">125935.101333333</dst>
            <dst id="CHINng">84226.8773333333</dst>
            <dst id="DNVRng">36572.3066666667</dst>
            <dst id="HSTNng">16599.472</dst>
            <dst id="IPLSng">56754.096</dst>
            <dst id="KSCYng">21334.4773333333</dst>
            <dst id="LOSAng">60040.912</dst>
            <dst id="NYCMng">141066.085333333</dst>
            <dst id="SNVAng">8855.896</dst>
            <dst id="STTLng">30938.216</dst>
            <dst id="WASHng">161438.576</dst>
        </src>
    </IntraTM>
</TrafficMatrixFile>
