<?xml version="1.0" encoding="ISO-8859-1" standalone="yes"?>
<TrafficMatrixFile xsi:noNamespaceSchemaLocation="http://totem.run.montefiore.ulg.ac.be/Schema/TrafficMatrix-v1_2.xsd" xmlns:xsi="http://www.w3.org/2001/XMLSchema-instance">
    <IntraTM ASID="11537">
        <src id="ATLA-M5">
            <dst id="ATLA-M5">26.6666666666667</dst>
            <dst id="ATLAng">249.504</dst>
            <dst id="CHINng">673.768</dst>
            <dst id="DNVRng">26.6666666666667</dst>
            <dst id="HSTNng">155.32</dst>
            <dst id="IPLSng">1159.392</dst>
            <dst id="KSCYng">53.3333333333333</dst>
            <dst id="LOSAng">494.637333333333</dst>
            <dst id="NYCMng">143.656</dst>
            <dst id="SNVAng">214.581333333333</dst>
            <dst id="STTLng">78.8053333333333</dst>
            <dst id="WASHng">1980.67466666667</dst>
        </src>
        <src id="ATLAng">
            <dst id="ATLA-M5">1120.48</dst>
            <dst id="ATLAng">45179.8186666667</dst>
            <dst id="CHINng">12094.808</dst>
            <dst id="DNVRng">2027.76266666667</dst>
            <dst id="HSTNng">823.813333333333</dst>
            <dst id="IPLSng">14377.968</dst>
            <dst id="KSCYng">2828.832</dst>
            <dst id="LOSAng">17600.4613333333</dst>
            <dst id="NYCMng">13697.288</dst>
            <dst id="SNVAng">8103.76</dst>
            <dst id="STTLng">6605.33866666667</dst>
            <dst id="WASHng">126883.797333333</dst>
        </src>
        <src id="CHINng">
            <dst id="ATLA-M5">363.218666666667</dst>
            <dst id="ATLAng">11724.8346666667</dst>
            <dst id="CHINng">49540.376</dst>
            <dst id="DNVRng">11167.8906666667</dst>
            <dst id="HSTNng">26679.3813333333</dst>
            <dst id="IPLSng">14040.7066666667</dst>
            <dst id="KSCYng">4660.752</dst>
            <dst id="LOSAng">19337.688</dst>
            <dst id="NYCMng">4956.75733333333</dst>
            <dst id="SNVAng">1767.312</dst>
            <dst id="STTLng">6690.768</dst>
            <dst id="WASHng">7977.92</dst>
        </src>
        <src id="DNVRng">
            <dst id="ATLA-M5">148.56</dst>
            <dst id="ATLAng">5390.76533333333</dst>
            <dst id="CHINng">46225.4133333333</dst>
            <dst id="DNVRng">1836.6</dst>
            <dst id="HSTNng">3288.11733333333</dst>
            <dst id="IPLSng">5487.29866666667</dst>
            <dst id="KSCYng">3420.936</dst>
            <dst id="LOSAng">5436.35733333333</dst>
            <dst id="NYCMng">11629.672</dst>
            <dst id="SNVAng">6077.616</dst>
            <dst id="STTLng">17010.2906666667</dst>
            <dst id="WASHng">6524.85066666667</dst>
        </src>
        <src id="HSTNng">
            <dst id="ATLA-M5">1058.552</dst>
            <dst id="ATLAng">1916.016</dst>
            <dst id="CHINng">27406.808</dst>
            <dst id="DNVRng">1659.4</dst>
            <dst id="HSTNng">4992.29866666667</dst>
            <dst id="IPLSng">8997.504</dst>
            <dst id="KSCYng">1318.22933333333</dst>
            <dst id="LOSAng">100809.92</dst>
            <dst id="NYCMng">5314.808</dst>
            <dst id="SNVAng">1125.77866666667</dst>
            <dst id="STTLng">1740.94933333333</dst>
            <dst id="WASHng">3998.82133333333</dst>
        </src>
        <src id="IPLSng">
            <dst id="ATLA-M5">1353.81066666667</dst>
            <dst id="ATLAng">9595.672</dst>
            <dst id="CHINng">107518.4</dst>
            <dst id="DNVRng">6670.72</dst>
            <dst id="HSTNng">4607.61066666667</dst>
            <dst id="IPLSng">18041.1466666667</dst>
            <dst id="KSCYng">8304.98933333333</dst>
            <dst id="LOSAng">15334.44</dst>
            <dst id="NYCMng">22767.712</dst>
            <dst id="SNVAng">6026.21066666667</dst>
            <dst id="STTLng">5911.304</dst>
            <dst id="WASHng">23888.6826666667</dst>
        </src>
        <src id="KSCYng">
            <dst id="ATLA-M5">1775.36266666667</dst>
            <dst id="ATLAng">5600.64533333333</dst>
            <dst id="CHINng">38348.1546666667</dst>
            <dst id="DNVRng">3408.56266666667</dst>
            <dst id="HSTNng">2634.12533333333</dst>
            <dst id="IPLSng">8193.15466666667</dst>
            <dst id="KSCYng">2042.57866666667</dst>
            <dst id="LOSAng">4912.27466666667</dst>
            <dst id="NYCMng">8344.07733333333</dst>
            <dst id="SNVAng">501.592</dst>
            <dst id="STTLng">4590.59466666667</dst>
            <dst id="WASHng">14497.5946666667</dst>
        </src>
        <src id="LOSAng">
            <dst id="ATLA-M5">434.973333333333</dst>
            <dst id="ATLAng">14051.792</dst>
            <dst id="CHINng">129349.186666667</dst>
            <dst id="DNVRng">3109.57066666667</dst>
            <dst id="HSTNng">8157.10933333333</dst>
            <dst id="IPLSng">28426.552</dst>
            <dst id="KSCYng">5929.17866666667</dst>
            <dst id="LOSAng">9401.056</dst>
            <dst id="NYCMng">46645.3546666667</dst>
            <dst id="SNVAng">5838.376</dst>
            <dst id="STTLng">23593.528</dst>
            <dst id="WASHng">51209.752</dst>
        </src>
        <src id="NYCMng">
            <dst id="ATLA-M5">982.725333333333</dst>
            <dst id="ATLAng">36125.5866666667</dst>
            <dst id="CHINng">55685.64</dst>
            <dst id="DNVRng">15854.2053333333</dst>
            <dst id="HSTNng">33547.0186666667</dst>
            <dst id="IPLSng">51844.3306666667</dst>
            <dst id="KSCYng">16821.7333333333</dst>
            <dst id="LOSAng">43842.864</dst>
            <dst id="NYCMng">158714.552</dst>
            <dst id="SNVAng">4236.06933333333</dst>
            <dst id="STTLng">20910.2693333333</dst>
            <dst id="WASHng">49581.2053333333</dst>
        </src>
        <src id="SNVAng">
            <dst id="ATLA-M5">61.336</dst>
            <dst id="ATLAng">774.693333333333</dst>
            <dst id="CHINng">6724.504</dst>
            <dst id="DNVRng">2628.22933333333</dst>
            <dst id="HSTNng">506.229333333333</dst>
            <dst id="IPLSng">2919.78133333333</dst>
            <dst id="KSCYng">393.738666666667</dst>
            <dst id="LOSAng">6301.424</dst>
            <dst id="NYCMng">4501</dst>
            <dst id="SNVAng">160</dst>
            <dst id="STTLng">2049.75466666667</dst>
            <dst id="WASHng">1226.624</dst>
        </src>
        <src id="STTLng">
            <dst id="ATLA-M5">44.2506666666667</dst>
            <dst id="ATLAng">15010.664</dst>
            <dst id="CHINng">77473.736</dst>
            <dst id="DNVRng">3126.61333333333</dst>
            <dst id="HSTNng">1550.56533333333</dst>
            <dst id="IPLSng">10247.2533333333</dst>
            <dst id="KSCYng">2445.504</dst>
            <dst id="LOSAng">17020.776</dst>
            <dst id="NYCMng">22755.9653333333</dst>
            <dst id="SNVAng">2394.952</dst>
            <dst id="STTLng">2336.37333333333</dst>
            <dst id="WASHng">7915.12533333333</dst>
        </src>
        <src id="WASHng">
            <dst id="ATLA-M5">122.690666666667</dst>
            <dst id="ATLAng">119876.696</dst>
            <dst id="CHINng">55607</dst>
            <dst id="DNVRng">22225.0506666667</dst>
            <dst id="HSTNng">19924.0053333333</dst>
            <dst id="IPLSng">45430.264</dst>
            <dst id="KSCYng">9001.768</dst>
            <dst id="LOSAng">62488.528</dst>
            <dst id="NYCMng">128803.152</dst>
            <dst id="SNVAng">5042.05333333333</dst>
            <dst id="STTLng">27971.6906666667</dst>
            <dst id="WASHng">326961.84</dst>
        </src>
    </IntraTM>
</TrafficMatrixFile>
