<?xml version="1.0" encoding="ISO-8859-1" standalone="yes"?>
<TrafficMatrixFile xsi:noNamespaceSchemaLocation="http://totem.run.montefiore.ulg.ac.be/Schema/TrafficMatrix-v1_2.xsd" xmlns:xsi="http://www.w3.org/2001/XMLSchema-instance">
    <IntraTM ASID="11537">
        <src id="ATLA-M5">
            <dst id="ATLA-M5">75.3306666666667</dst>
            <dst id="ATLAng">1172.93066666667</dst>
            <dst id="CHINng">2025.87733333333</dst>
            <dst id="DNVRng">133.333333333333</dst>
            <dst id="HSTNng">334.861333333333</dst>
            <dst id="IPLSng">1669.21866666667</dst>
            <dst id="KSCYng">378.077333333333</dst>
            <dst id="LOSAng">1650.048</dst>
            <dst id="NYCMng">580.309333333333</dst>
            <dst id="SNVAng">216.269333333333</dst>
            <dst id="STTLng">26.6666666666667</dst>
            <dst id="WASHng">2619.112</dst>
        </src>
        <src id="ATLAng">
            <dst id="ATLA-M5">933.357333333333</dst>
            <dst id="ATLAng">22806.4346666667</dst>
            <dst id="CHINng">28964.2853333333</dst>
            <dst id="DNVRng">6008.21866666667</dst>
            <dst id="HSTNng">6085.27466666667</dst>
            <dst id="IPLSng">25193.5946666667</dst>
            <dst id="KSCYng">6586.84</dst>
            <dst id="LOSAng">19743.744</dst>
            <dst id="NYCMng">16600.8826666667</dst>
            <dst id="SNVAng">3097.488</dst>
            <dst id="STTLng">7270.16533333333</dst>
            <dst id="WASHng">73680.4853333333</dst>
        </src>
        <src id="CHINng">
            <dst id="ATLA-M5">1316.8</dst>
            <dst id="ATLAng">14230.7893333333</dst>
            <dst id="CHINng">36857.5306666667</dst>
            <dst id="DNVRng">13703.208</dst>
            <dst id="HSTNng">34051.9733333333</dst>
            <dst id="IPLSng">17108.9973333333</dst>
            <dst id="KSCYng">10785.9173333333</dst>
            <dst id="LOSAng">32394.4533333333</dst>
            <dst id="NYCMng">7918.98933333333</dst>
            <dst id="SNVAng">4142.84533333333</dst>
            <dst id="STTLng">8069.088</dst>
            <dst id="WASHng">15831.2533333333</dst>
        </src>
        <src id="DNVRng">
            <dst id="ATLA-M5">646.810666666667</dst>
            <dst id="ATLAng">8247.08533333333</dst>
            <dst id="CHINng">73996.8266666667</dst>
            <dst id="DNVRng">23196.632</dst>
            <dst id="HSTNng">17637.7866666667</dst>
            <dst id="IPLSng">29828.5493333333</dst>
            <dst id="KSCYng">27867.2693333333</dst>
            <dst id="LOSAng">11658.3066666667</dst>
            <dst id="NYCMng">27598.3973333333</dst>
            <dst id="SNVAng">11066.1546666667</dst>
            <dst id="STTLng">12890.3466666667</dst>
            <dst id="WASHng">60289.5146666667</dst>
        </src>
        <src id="HSTNng">
            <dst id="ATLA-M5">2678.408</dst>
            <dst id="ATLAng">12746.1573333333</dst>
            <dst id="CHINng">39330.7493333333</dst>
            <dst id="DNVRng">3778.63466666667</dst>
            <dst id="HSTNng">8318.47466666667</dst>
            <dst id="IPLSng">10921.36</dst>
            <dst id="KSCYng">4178.032</dst>
            <dst id="LOSAng">10523.4853333333</dst>
            <dst id="NYCMng">10321.9493333333</dst>
            <dst id="SNVAng">1723.64</dst>
            <dst id="STTLng">2102.45066666667</dst>
            <dst id="WASHng">8875.70933333333</dst>
        </src>
        <src id="IPLSng">
            <dst id="ATLA-M5">2483.13333333333</dst>
            <dst id="ATLAng">20685.6933333333</dst>
            <dst id="CHINng">97966.9013333333</dst>
            <dst id="DNVRng">25400.104</dst>
            <dst id="HSTNng">7475.12</dst>
            <dst id="IPLSng">25140.2453333333</dst>
            <dst id="KSCYng">18074.4373333333</dst>
            <dst id="LOSAng">26052.8293333333</dst>
            <dst id="NYCMng">36731.5626666667</dst>
            <dst id="SNVAng">4528.58933333333</dst>
            <dst id="STTLng">13627.1413333333</dst>
            <dst id="WASHng">39574.4506666667</dst>
        </src>
        <src id="KSCYng">
            <dst id="ATLA-M5">523.605333333333</dst>
            <dst id="ATLAng">4293.55733333333</dst>
            <dst id="CHINng">39019.512</dst>
            <dst id="DNVRng">10523.784</dst>
            <dst id="HSTNng">7320.05866666667</dst>
            <dst id="IPLSng">14449.3146666667</dst>
            <dst id="KSCYng">15557.4746666667</dst>
            <dst id="LOSAng">9182.424</dst>
            <dst id="NYCMng">4784.33866666667</dst>
            <dst id="SNVAng">2125.592</dst>
            <dst id="STTLng">3710.95733333333</dst>
            <dst id="WASHng">17869.0026666667</dst>
        </src>
        <src id="LOSAng">
            <dst id="ATLA-M5">667.976</dst>
            <dst id="ATLAng">19300.5573333333</dst>
            <dst id="CHINng">143869.672</dst>
            <dst id="DNVRng">16290.04</dst>
            <dst id="HSTNng">9836.944</dst>
            <dst id="IPLSng">47713.9946666667</dst>
            <dst id="KSCYng">14016.8133333333</dst>
            <dst id="LOSAng">34549.832</dst>
            <dst id="NYCMng">55642.3653333333</dst>
            <dst id="SNVAng">10950.072</dst>
            <dst id="STTLng">28639.96</dst>
            <dst id="WASHng">65700.4933333333</dst>
        </src>
        <src id="NYCMng">
            <dst id="ATLA-M5">3556.33066666667</dst>
            <dst id="ATLAng">45511.2106666667</dst>
            <dst id="CHINng">74751.4266666667</dst>
            <dst id="DNVRng">35286.84</dst>
            <dst id="HSTNng">36317.328</dst>
            <dst id="IPLSng">65387.4213333333</dst>
            <dst id="KSCYng">25781.048</dst>
            <dst id="LOSAng">79817.4186666667</dst>
            <dst id="NYCMng">131144.112</dst>
            <dst id="SNVAng">9573.72266666667</dst>
            <dst id="STTLng">33503.6826666667</dst>
            <dst id="WASHng">100751.629333333</dst>
        </src>
        <src id="SNVAng">
            <dst id="ATLA-M5">179.906666666667</dst>
            <dst id="ATLAng">547.922666666667</dst>
            <dst id="CHINng">5344.176</dst>
            <dst id="DNVRng">4809.61333333333</dst>
            <dst id="HSTNng">1545.38666666667</dst>
            <dst id="IPLSng">2420.04</dst>
            <dst id="KSCYng">991.618666666667</dst>
            <dst id="LOSAng">37389.2373333333</dst>
            <dst id="NYCMng">11143</dst>
            <dst id="SNVAng">14998.4293333333</dst>
            <dst id="STTLng">62526.5066666667</dst>
            <dst id="WASHng">1258.008</dst>
        </src>
        <src id="STTLng">
            <dst id="ATLA-M5">65.0773333333333</dst>
            <dst id="ATLAng">11116.6</dst>
            <dst id="CHINng">50479.5573333333</dst>
            <dst id="DNVRng">7543.608</dst>
            <dst id="HSTNng">5724.4</dst>
            <dst id="IPLSng">12663.032</dst>
            <dst id="KSCYng">6841.816</dst>
            <dst id="LOSAng">30999.144</dst>
            <dst id="NYCMng">23174.096</dst>
            <dst id="SNVAng">7479.77866666667</dst>
            <dst id="STTLng">15354.984</dst>
            <dst id="WASHng">11270.2693333333</dst>
        </src>
        <src id="WASHng">
            <dst id="ATLA-M5">1005.34933333333</dst>
            <dst id="ATLAng">150845.549333333</dst>
            <dst id="CHINng">103833.162666667</dst>
            <dst id="DNVRng">48093.7146666667</dst>
            <dst id="HSTNng">22051.4026666667</dst>
            <dst id="IPLSng">103298.608</dst>
            <dst id="KSCYng">15097.3626666667</dst>
            <dst id="LOSAng">73598.4746666667</dst>
            <dst id="NYCMng">204714.525333333</dst>
            <dst id="SNVAng">20643.0693333333</dst>
            <dst id="STTLng">39025.5786666667</dst>
            <dst id="WASHng">257890.957333333</dst>
        </src>
    </IntraTM>
</TrafficMatrixFile>
