<?xml version="1.0" encoding="ISO-8859-1" standalone="yes"?>
<TrafficMatrixFile xsi:noNamespaceSchemaLocation="http://totem.run.montefiore.ulg.ac.be/Schema/TrafficMatrix-v1_2.xsd" xmlns:xsi="http://www.w3.org/2001/XMLSchema-instance">
    <IntraTM ASID="11537">
        <src id="ATLA-M5">
            <dst id="ATLA-M5">738.44</dst>
            <dst id="ATLAng">832.410666666667</dst>
            <dst id="CHINng">1806.74933333333</dst>
            <dst id="DNVRng">411.629333333333</dst>
            <dst id="HSTNng">455.008</dst>
            <dst id="IPLSng">1528.62933333333</dst>
            <dst id="KSCYng">689.378666666667</dst>
            <dst id="LOSAng">984.042666666667</dst>
            <dst id="NYCMng">1702.45866666667</dst>
            <dst id="SNVAng">98.1733333333333</dst>
            <dst id="STTLng">309.288</dst>
            <dst id="WASHng">3391.448</dst>
        </src>
        <src id="ATLAng">
            <dst id="ATLA-M5">2121.456</dst>
            <dst id="ATLAng">28767.2053333333</dst>
            <dst id="CHINng">59743.0453333333</dst>
            <dst id="DNVRng">16595.0346666667</dst>
            <dst id="HSTNng">5031.36266666667</dst>
            <dst id="IPLSng">28065.976</dst>
            <dst id="KSCYng">22705.3093333333</dst>
            <dst id="LOSAng">20018.564</dst>
            <dst id="NYCMng">25514.336</dst>
            <dst id="SNVAng">4400.38266666667</dst>
            <dst id="STTLng">7611.44</dst>
            <dst id="WASHng">105473.512</dst>
        </src>
        <src id="CHINng">
            <dst id="ATLA-M5">3344.48266666667</dst>
            <dst id="ATLAng">23575.808</dst>
            <dst id="CHINng">68479.9893333333</dst>
            <dst id="DNVRng">21658.568</dst>
            <dst id="HSTNng">15236.1493333333</dst>
            <dst id="IPLSng">31352.04</dst>
            <dst id="KSCYng">15825.4346666667</dst>
            <dst id="LOSAng">41907.304</dst>
            <dst id="NYCMng">11246.5653333333</dst>
            <dst id="SNVAng">6805.424</dst>
            <dst id="STTLng">23220.824</dst>
            <dst id="WASHng">21666.9333333333</dst>
        </src>
        <src id="DNVRng">
            <dst id="ATLA-M5">597.152</dst>
            <dst id="ATLAng">12375.4213333333</dst>
            <dst id="CHINng">64712.2053333333</dst>
            <dst id="DNVRng">8254.68266666667</dst>
            <dst id="HSTNng">14145.224</dst>
            <dst id="IPLSng">33066.4773333333</dst>
            <dst id="KSCYng">14852.1893333333</dst>
            <dst id="LOSAng">22651.4613333333</dst>
            <dst id="NYCMng">31510.984</dst>
            <dst id="SNVAng">13339.9706666667</dst>
            <dst id="STTLng">30813.8266666667</dst>
            <dst id="WASHng">61978.768</dst>
        </src>
        <src id="HSTNng">
            <dst id="ATLA-M5">1839.76266666667</dst>
            <dst id="ATLAng">7013.048</dst>
            <dst id="CHINng">26028.552</dst>
            <dst id="DNVRng">5329.128</dst>
            <dst id="HSTNng">15049.344</dst>
            <dst id="IPLSng">10668.064</dst>
            <dst id="KSCYng">5695.208</dst>
            <dst id="LOSAng">95557.416</dst>
            <dst id="NYCMng">7321.60533333333</dst>
            <dst id="SNVAng">2723.88533333333</dst>
            <dst id="STTLng">2660.24266666667</dst>
            <dst id="WASHng">17905.7146666667</dst>
        </src>
        <src id="IPLSng">
            <dst id="ATLA-M5">1349.57333333333</dst>
            <dst id="ATLAng">20904.3386666667</dst>
            <dst id="CHINng">132078.914666667</dst>
            <dst id="DNVRng">37873.7626666667</dst>
            <dst id="HSTNng">10995.7653333333</dst>
            <dst id="IPLSng">33399.5813333333</dst>
            <dst id="KSCYng">20150.24</dst>
            <dst id="LOSAng">44608.7093333333</dst>
            <dst id="NYCMng">78772.456</dst>
            <dst id="SNVAng">8018.58666666667</dst>
            <dst id="STTLng">17917.1573333333</dst>
            <dst id="WASHng">52473.68</dst>
        </src>
        <src id="KSCYng">
            <dst id="ATLA-M5">387.224</dst>
            <dst id="ATLAng">20336.3173333333</dst>
            <dst id="CHINng">41785.16</dst>
            <dst id="DNVRng">18110.7866666667</dst>
            <dst id="HSTNng">7290.19466666667</dst>
            <dst id="IPLSng">13997</dst>
            <dst id="KSCYng">8165.55466666667</dst>
            <dst id="LOSAng">5891.60533333333</dst>
            <dst id="NYCMng">11859.0666666667</dst>
            <dst id="SNVAng">1230.272</dst>
            <dst id="STTLng">4194.93333333333</dst>
            <dst id="WASHng">15279.1946666667</dst>
        </src>
        <src id="LOSAng">
            <dst id="ATLA-M5">1189.29333333333</dst>
            <dst id="ATLAng">30138.3093333333</dst>
            <dst id="CHINng">133665.92</dst>
            <dst id="DNVRng">29447.144</dst>
            <dst id="HSTNng">64831.6373333333</dst>
            <dst id="IPLSng">49200.0426666667</dst>
            <dst id="KSCYng">10100.0773333333</dst>
            <dst id="LOSAng">9747.736</dst>
            <dst id="NYCMng">66974.976</dst>
            <dst id="SNVAng">13130.12</dst>
            <dst id="STTLng">25884.3253333333</dst>
            <dst id="WASHng">69469.648</dst>
        </src>
        <src id="NYCMng">
            <dst id="ATLA-M5">7512.424</dst>
            <dst id="ATLAng">49664.8293333333</dst>
            <dst id="CHINng">90123.928</dst>
            <dst id="DNVRng">44163.1573333333</dst>
            <dst id="HSTNng">42165.3146666667</dst>
            <dst id="IPLSng">84310.696</dst>
            <dst id="KSCYng">37779.0026666667</dst>
            <dst id="LOSAng">85066.2346666667</dst>
            <dst id="NYCMng">163865.842666667</dst>
            <dst id="SNVAng">14016.68</dst>
            <dst id="STTLng">36180.1973333333</dst>
            <dst id="WASHng">119834.306666667</dst>
        </src>
        <src id="SNVAng">
            <dst id="ATLA-M5">433.248</dst>
            <dst id="ATLAng">530.010666666667</dst>
            <dst id="CHINng">4904.69066666667</dst>
            <dst id="DNVRng">8919.312</dst>
            <dst id="HSTNng">1324.39466666667</dst>
            <dst id="IPLSng">3958.20533333333</dst>
            <dst id="KSCYng">982.602666666667</dst>
            <dst id="LOSAng">45316.0053333333</dst>
            <dst id="NYCMng">3609.8</dst>
            <dst id="SNVAng">23701.4186666667</dst>
            <dst id="STTLng">69395.6453333333</dst>
            <dst id="WASHng">3782.24533333333</dst>
        </src>
        <src id="STTLng">
            <dst id="ATLA-M5">134.112</dst>
            <dst id="ATLAng">15852.4933333333</dst>
            <dst id="CHINng">88017.0933333333</dst>
            <dst id="DNVRng">13209.0506666667</dst>
            <dst id="HSTNng">7846.62133333333</dst>
            <dst id="IPLSng">28779.76</dst>
            <dst id="KSCYng">5375.86666666667</dst>
            <dst id="LOSAng">32258.728</dst>
            <dst id="NYCMng">33047.288</dst>
            <dst id="SNVAng">18920.12</dst>
            <dst id="STTLng">1990.848</dst>
            <dst id="WASHng">22572.3013333333</dst>
        </src>
        <src id="WASHng">
            <dst id="ATLA-M5">3614.584</dst>
            <dst id="ATLAng">109975.394666667</dst>
            <dst id="CHINng">90787.2133333333</dst>
            <dst id="DNVRng">85786.6906666666</dst>
            <dst id="HSTNng">33610.44</dst>
            <dst id="IPLSng">110097.928</dst>
            <dst id="KSCYng">32079.8106666667</dst>
            <dst id="LOSAng">90056.8986666667</dst>
            <dst id="NYCMng">202809.994666667</dst>
            <dst id="SNVAng">11163.6453333333</dst>
            <dst id="STTLng">47343.6826666667</dst>
            <dst id="WASHng">302541.52</dst>
        </src>
    </IntraTM>
</TrafficMatrixFile>
