<?xml version="1.0" encoding="ISO-8859-1" standalone="yes"?>
<TrafficMatrixFile xsi:noNamespaceSchemaLocation="http://totem.run.montefiore.ulg.ac.be/Schema/TrafficMatrix-v1_2.xsd" xmlns:xsi="http://www.w3.org/2001/XMLSchema-instance">
    <IntraTM ASID="11537">
        <src id="ATLA-M5">
            <dst id="ATLA-M5">171.498666666667</dst>
            <dst id="ATLAng">848.269333333333</dst>
            <dst id="CHINng">2313.44533333333</dst>
            <dst id="DNVRng">513.485333333333</dst>
            <dst id="HSTNng">823.394666666667</dst>
            <dst id="IPLSng">792.413333333333</dst>
            <dst id="KSCYng">500.8</dst>
            <dst id="LOSAng">490.464</dst>
            <dst id="NYCMng">511.405333333333</dst>
            <dst id="SNVAng">387.616</dst>
            <dst id="STTLng">238.213333333333</dst>
            <dst id="WASHng">1706.05066666667</dst>
        </src>
        <src id="ATLAng">
            <dst id="ATLA-M5">1505.272</dst>
            <dst id="ATLAng">44866.7866666667</dst>
            <dst id="CHINng">28097.568</dst>
            <dst id="DNVRng">11430.1653333333</dst>
            <dst id="HSTNng">7320.55733333333</dst>
            <dst id="IPLSng">31251.28</dst>
            <dst id="KSCYng">6087.07733333333</dst>
            <dst id="LOSAng">24870.984</dst>
            <dst id="NYCMng">24316.2586666667</dst>
            <dst id="SNVAng">2426.11466666667</dst>
            <dst id="STTLng">9125.704</dst>
            <dst id="WASHng">72055.1466666667</dst>
        </src>
        <src id="CHINng">
            <dst id="ATLA-M5">1315.504</dst>
            <dst id="ATLAng">9533.99733333333</dst>
            <dst id="CHINng">34945.5146666667</dst>
            <dst id="DNVRng">12878.7306666667</dst>
            <dst id="HSTNng">24978.8986666667</dst>
            <dst id="IPLSng">23377.8133333333</dst>
            <dst id="KSCYng">12768.808</dst>
            <dst id="LOSAng">34235.112</dst>
            <dst id="NYCMng">10004.8266666667</dst>
            <dst id="SNVAng">3427.296</dst>
            <dst id="STTLng">5997.03733333333</dst>
            <dst id="WASHng">24560.528</dst>
        </src>
        <src id="DNVRng">
            <dst id="ATLA-M5">654.586666666667</dst>
            <dst id="ATLAng">10803.0293333333</dst>
            <dst id="CHINng">60498.832</dst>
            <dst id="DNVRng">9762.488</dst>
            <dst id="HSTNng">13730.7306666667</dst>
            <dst id="IPLSng">30519.76</dst>
            <dst id="KSCYng">15026.0773333333</dst>
            <dst id="LOSAng">9042.15466666667</dst>
            <dst id="NYCMng">26917.128</dst>
            <dst id="SNVAng">9068.72533333333</dst>
            <dst id="STTLng">8492.16533333333</dst>
            <dst id="WASHng">60549.1253333333</dst>
        </src>
        <src id="HSTNng">
            <dst id="ATLA-M5">2683.52533333333</dst>
            <dst id="ATLAng">6105.136</dst>
            <dst id="CHINng">37410.2266666667</dst>
            <dst id="DNVRng">2966.93066666667</dst>
            <dst id="HSTNng">12691.696</dst>
            <dst id="IPLSng">8284.58933333333</dst>
            <dst id="KSCYng">5527.00266666667</dst>
            <dst id="LOSAng">108693.029333333</dst>
            <dst id="NYCMng">5109.08533333333</dst>
            <dst id="SNVAng">2111.58933333333</dst>
            <dst id="STTLng">2370.81333333333</dst>
            <dst id="WASHng">8405.776</dst>
        </src>
        <src id="IPLSng">
            <dst id="ATLA-M5">1698.15733333333</dst>
            <dst id="ATLAng">18358.608</dst>
            <dst id="CHINng">84076.3893333333</dst>
            <dst id="DNVRng">29781.3466666667</dst>
            <dst id="HSTNng">12514.3813333333</dst>
            <dst id="IPLSng">22823.56</dst>
            <dst id="KSCYng">16103.408</dst>
            <dst id="LOSAng">95488.392</dst>
            <dst id="NYCMng">51340.2746666667</dst>
            <dst id="SNVAng">7135.18666666667</dst>
            <dst id="STTLng">12920.7386666667</dst>
            <dst id="WASHng">42911.6453333333</dst>
        </src>
        <src id="KSCYng">
            <dst id="ATLA-M5">679.645333333333</dst>
            <dst id="ATLAng">5602.856</dst>
            <dst id="CHINng">32824.552</dst>
            <dst id="DNVRng">13624.3733333333</dst>
            <dst id="HSTNng">6035.69333333333</dst>
            <dst id="IPLSng">15579.424</dst>
            <dst id="KSCYng">5671.77066666667</dst>
            <dst id="LOSAng">8291.8</dst>
            <dst id="NYCMng">8073.44</dst>
            <dst id="SNVAng">1697.86933333333</dst>
            <dst id="STTLng">5131.98933333333</dst>
            <dst id="WASHng">12065.9493333333</dst>
        </src>
        <src id="LOSAng">
            <dst id="ATLA-M5">363.693333333333</dst>
            <dst id="ATLAng">23778.6053333333</dst>
            <dst id="CHINng">118246.264</dst>
            <dst id="DNVRng">14694.6213333333</dst>
            <dst id="HSTNng">64178.0746666667</dst>
            <dst id="IPLSng">44968.6373333333</dst>
            <dst id="KSCYng">16781.048</dst>
            <dst id="LOSAng">28769.2746666667</dst>
            <dst id="NYCMng">59577.7573333333</dst>
            <dst id="SNVAng">12226.68</dst>
            <dst id="STTLng">28785.0906666667</dst>
            <dst id="WASHng">66568.4693333333</dst>
        </src>
        <src id="NYCMng">
            <dst id="ATLA-M5">6622.968</dst>
            <dst id="ATLAng">38080.9866666667</dst>
            <dst id="CHINng">84931.9973333333</dst>
            <dst id="DNVRng">43032.5546666667</dst>
            <dst id="HSTNng">35717.5146666667</dst>
            <dst id="IPLSng">66178.7413333333</dst>
            <dst id="KSCYng">26547.4666666667</dst>
            <dst id="LOSAng">85926.216</dst>
            <dst id="NYCMng">114980.026666667</dst>
            <dst id="SNVAng">9600.976</dst>
            <dst id="STTLng">35002.5306666667</dst>
            <dst id="WASHng">93112.44</dst>
        </src>
        <src id="SNVAng">
            <dst id="ATLA-M5">740.122666666666</dst>
            <dst id="ATLAng">871.994666666666</dst>
            <dst id="CHINng">5932.76266666667</dst>
            <dst id="DNVRng">3595.20266666667</dst>
            <dst id="HSTNng">1493.74666666667</dst>
            <dst id="IPLSng">1880.11733333333</dst>
            <dst id="KSCYng">1601.77866666667</dst>
            <dst id="LOSAng">38314.8853333333</dst>
            <dst id="NYCMng">1989.21333333333</dst>
            <dst id="SNVAng">17482.5786666667</dst>
            <dst id="STTLng">68873.8613333333</dst>
            <dst id="WASHng">2560.89066666667</dst>
        </src>
        <src id="STTLng">
            <dst id="ATLA-M5">439.930666666667</dst>
            <dst id="ATLAng">8978.21066666667</dst>
            <dst id="CHINng">49733.7066666667</dst>
            <dst id="DNVRng">15244.744</dst>
            <dst id="HSTNng">4091.50133333333</dst>
            <dst id="IPLSng">13312.5253333333</dst>
            <dst id="KSCYng">7744.01066666667</dst>
            <dst id="LOSAng">32713.1946666667</dst>
            <dst id="NYCMng">25559.84</dst>
            <dst id="SNVAng">6438.09333333333</dst>
            <dst id="STTLng">12053.064</dst>
            <dst id="WASHng">12871.4426666667</dst>
        </src>
        <src id="WASHng">
            <dst id="ATLA-M5">1992.74666666667</dst>
            <dst id="ATLAng">134557.573333333</dst>
            <dst id="CHINng">91357.3093333334</dst>
            <dst id="DNVRng">45058.6853333333</dst>
            <dst id="HSTNng">26503.9093333333</dst>
            <dst id="IPLSng">84517.2933333333</dst>
            <dst id="KSCYng">17822.376</dst>
            <dst id="LOSAng">64653.728</dst>
            <dst id="NYCMng">168853.810666667</dst>
            <dst id="SNVAng">14732.6426666667</dst>
            <dst id="STTLng">45482.976</dst>
            <dst id="WASHng">244591.088</dst>
        </src>
    </IntraTM>
</TrafficMatrixFile>
