<?xml version="1.0" encoding="ISO-8859-1" standalone="yes"?>
<TrafficMatrixFile xsi:noNamespaceSchemaLocation="http://totem.run.montefiore.ulg.ac.be/Schema/TrafficMatrix-v1_2.xsd" xmlns:xsi="http://www.w3.org/2001/XMLSchema-instance">
    <IntraTM ASID="11537">
        <src id="ATLA-M5">
            <dst id="ATLA-M5">230.954666666667</dst>
            <dst id="ATLAng">799.162666666667</dst>
            <dst id="CHINng">2025.53333333333</dst>
            <dst id="DNVRng">306.704</dst>
            <dst id="HSTNng">744.621333333333</dst>
            <dst id="IPLSng">1160.088</dst>
            <dst id="KSCYng">2094.032</dst>
            <dst id="LOSAng">769.832</dst>
            <dst id="NYCMng">1869.056</dst>
            <dst id="SNVAng">71.6026666666667</dst>
            <dst id="STTLng">247.4</dst>
            <dst id="WASHng">3481.776</dst>
        </src>
        <src id="ATLAng">
            <dst id="ATLA-M5">1060.03733333333</dst>
            <dst id="ATLAng">29657.6906666667</dst>
            <dst id="CHINng">55189.2133333333</dst>
            <dst id="DNVRng">16695.136</dst>
            <dst id="HSTNng">13916.5333333333</dst>
            <dst id="IPLSng">35916.9173333333</dst>
            <dst id="KSCYng">19195.632</dst>
            <dst id="LOSAng">29067.5786666667</dst>
            <dst id="NYCMng">24217.2133333333</dst>
            <dst id="SNVAng">4776.49733333333</dst>
            <dst id="STTLng">12961.24</dst>
            <dst id="WASHng">95196.752</dst>
        </src>
        <src id="CHINng">
            <dst id="ATLA-M5">3648.42666666667</dst>
            <dst id="ATLAng">20819.736</dst>
            <dst id="CHINng">64662.3786666667</dst>
            <dst id="DNVRng">18966.7386666667</dst>
            <dst id="HSTNng">10946.2826666667</dst>
            <dst id="IPLSng">39188.384</dst>
            <dst id="KSCYng">11640.1866666667</dst>
            <dst id="LOSAng">29400.5706666667</dst>
            <dst id="NYCMng">13816.1013333333</dst>
            <dst id="SNVAng">3610.22666666667</dst>
            <dst id="STTLng">20705.576</dst>
            <dst id="WASHng">22478.016</dst>
        </src>
        <src id="DNVRng">
            <dst id="ATLA-M5">488.034666666667</dst>
            <dst id="ATLAng">12426.9173333333</dst>
            <dst id="CHINng">63019.24</dst>
            <dst id="DNVRng">23688.4026666667</dst>
            <dst id="HSTNng">18560.568</dst>
            <dst id="IPLSng">35046.5706666667</dst>
            <dst id="KSCYng">40592.7573333333</dst>
            <dst id="LOSAng">17325.2693333333</dst>
            <dst id="NYCMng">33129.4613333333</dst>
            <dst id="SNVAng">22106.7253333333</dst>
            <dst id="STTLng">21747.304</dst>
            <dst id="WASHng">65327.1733333333</dst>
        </src>
        <src id="HSTNng">
            <dst id="ATLA-M5">2359.49333333333</dst>
            <dst id="ATLAng">5940.96533333333</dst>
            <dst id="CHINng">27033.5386666667</dst>
            <dst id="DNVRng">5571.77333333333</dst>
            <dst id="HSTNng">16309.8693333333</dst>
            <dst id="IPLSng">16656.5413333333</dst>
            <dst id="KSCYng">6683.968</dst>
            <dst id="LOSAng">34559.6986666667</dst>
            <dst id="NYCMng">6875.54933333333</dst>
            <dst id="SNVAng">2408.13066666667</dst>
            <dst id="STTLng">4441.472</dst>
            <dst id="WASHng">10702.7013333333</dst>
        </src>
        <src id="IPLSng">
            <dst id="ATLA-M5">1192.49866666667</dst>
            <dst id="ATLAng">25988.7306666667</dst>
            <dst id="CHINng">159622.456</dst>
            <dst id="DNVRng">46932.736</dst>
            <dst id="HSTNng">9969.23466666667</dst>
            <dst id="IPLSng">47221.5386666667</dst>
            <dst id="KSCYng">24358.2586666667</dst>
            <dst id="LOSAng">149447.994666667</dst>
            <dst id="NYCMng">58186.6346666667</dst>
            <dst id="SNVAng">11952.3253333333</dst>
            <dst id="STTLng">13685.4986666667</dst>
            <dst id="WASHng">42987.3226666667</dst>
        </src>
        <src id="KSCYng">
            <dst id="ATLA-M5">979.392</dst>
            <dst id="ATLAng">20248.7813333333</dst>
            <dst id="CHINng">40907.56</dst>
            <dst id="DNVRng">18322.6133333333</dst>
            <dst id="HSTNng">7224.30933333333</dst>
            <dst id="IPLSng">20782.0293333333</dst>
            <dst id="KSCYng">13130.4986666667</dst>
            <dst id="LOSAng">8131.25066666667</dst>
            <dst id="NYCMng">12011.24</dst>
            <dst id="SNVAng">1363.064</dst>
            <dst id="STTLng">5210.87466666667</dst>
            <dst id="WASHng">17892.576</dst>
        </src>
        <src id="LOSAng">
            <dst id="ATLA-M5">1317.36266666667</dst>
            <dst id="ATLAng">30871.936</dst>
            <dst id="CHINng">132500.917333333</dst>
            <dst id="DNVRng">23379.4773333333</dst>
            <dst id="HSTNng">23620.4</dst>
            <dst id="IPLSng">52148.6133333333</dst>
            <dst id="KSCYng">7746.8</dst>
            <dst id="LOSAng">9558.976</dst>
            <dst id="NYCMng">65479.8293333333</dst>
            <dst id="SNVAng">12224.2</dst>
            <dst id="STTLng">26766.8773333333</dst>
            <dst id="WASHng">69484.8906666667</dst>
        </src>
        <src id="NYCMng">
            <dst id="ATLA-M5">6933.92533333333</dst>
            <dst id="ATLAng">53205.192</dst>
            <dst id="CHINng">87177.3333333333</dst>
            <dst id="DNVRng">47559.824</dst>
            <dst id="HSTNng">40303.992</dst>
            <dst id="IPLSng">82712.1013333333</dst>
            <dst id="KSCYng">46679.0453333333</dst>
            <dst id="LOSAng">91423.0933333334</dst>
            <dst id="NYCMng">153276.389333333</dst>
            <dst id="SNVAng">13014.0106666667</dst>
            <dst id="STTLng">32556.264</dst>
            <dst id="WASHng">128707.413333333</dst>
        </src>
        <src id="SNVAng">
            <dst id="ATLA-M5">233.664</dst>
            <dst id="ATLAng">1344.61866666667</dst>
            <dst id="CHINng">8659.18133333333</dst>
            <dst id="DNVRng">26104.056</dst>
            <dst id="HSTNng">858.957333333333</dst>
            <dst id="IPLSng">4844.704</dst>
            <dst id="KSCYng">998.917333333334</dst>
            <dst id="LOSAng">49571.5173333333</dst>
            <dst id="NYCMng">2510.11466666667</dst>
            <dst id="SNVAng">23799.8053333333</dst>
            <dst id="STTLng">63058.504</dst>
            <dst id="WASHng">2001.744</dst>
        </src>
        <src id="STTLng">
            <dst id="ATLA-M5">1222.816</dst>
            <dst id="ATLAng">17635.768</dst>
            <dst id="CHINng">85316.2426666667</dst>
            <dst id="DNVRng">15508.8133333333</dst>
            <dst id="HSTNng">8893.07466666667</dst>
            <dst id="IPLSng">47421.2693333333</dst>
            <dst id="KSCYng">7302.00266666667</dst>
            <dst id="LOSAng">36790.5946666667</dst>
            <dst id="NYCMng">31549.1733333333</dst>
            <dst id="SNVAng">15385.9386666667</dst>
            <dst id="STTLng">8535.24</dst>
            <dst id="WASHng">21802.4853333333</dst>
        </src>
        <src id="WASHng">
            <dst id="ATLA-M5">2155.77333333333</dst>
            <dst id="ATLAng">160019.418666667</dst>
            <dst id="CHINng">128814.845333333</dst>
            <dst id="DNVRng">103739.858666667</dst>
            <dst id="HSTNng">38604.5813333333</dst>
            <dst id="IPLSng">102170.416</dst>
            <dst id="KSCYng">35857.5973333333</dst>
            <dst id="LOSAng">94120.9466666666</dst>
            <dst id="NYCMng">226414.76</dst>
            <dst id="SNVAng">16239.136</dst>
            <dst id="STTLng">42642.6853333333</dst>
            <dst id="WASHng">336210.453333333</dst>
        </src>
    </IntraTM>
</TrafficMatrixFile>
