<?xml version="1.0" encoding="ISO-8859-1" standalone="yes"?>
<TrafficMatrixFile xsi:noNamespaceSchemaLocation="http://totem.run.montefiore.ulg.ac.be/Schema/TrafficMatrix-v1_2.xsd" xmlns:xsi="http://www.w3.org/2001/XMLSchema-instance">
    <IntraTM ASID="11537">
        <src id="ATLA-M5">
            <dst id="ATLA-M5">222.210666666667</dst>
            <dst id="ATLAng">757.629333333333</dst>
            <dst id="CHINng">1079.18133333333</dst>
            <dst id="DNVRng">294.554666666667</dst>
            <dst id="HSTNng">1993.08</dst>
            <dst id="IPLSng">639.88</dst>
            <dst id="KSCYng">542.672</dst>
            <dst id="LOSAng">758.424</dst>
            <dst id="NYCMng">562.344</dst>
            <dst id="SNVAng">90.0933333333333</dst>
            <dst id="STTLng">91.8746666666667</dst>
            <dst id="WASHng">2778.72</dst>
        </src>
        <src id="ATLAng">
            <dst id="ATLA-M5">709.048</dst>
            <dst id="ATLAng">76484.032</dst>
            <dst id="CHINng">23618.6506666667</dst>
            <dst id="DNVRng">5516.34666666667</dst>
            <dst id="HSTNng">4565.44533333333</dst>
            <dst id="IPLSng">35948.728</dst>
            <dst id="KSCYng">14302.128</dst>
            <dst id="LOSAng">11336.8106666667</dst>
            <dst id="NYCMng">15347.8773333333</dst>
            <dst id="SNVAng">1857.448</dst>
            <dst id="STTLng">8038.40266666667</dst>
            <dst id="WASHng">90668.416</dst>
        </src>
        <src id="CHINng">
            <dst id="ATLA-M5">265.010666666667</dst>
            <dst id="ATLAng">14695.704</dst>
            <dst id="CHINng">55805.5546666667</dst>
            <dst id="DNVRng">10023.584</dst>
            <dst id="HSTNng">7068.76266666667</dst>
            <dst id="IPLSng">48638.8053333333</dst>
            <dst id="KSCYng">11623.784</dst>
            <dst id="LOSAng">17033.3946666667</dst>
            <dst id="NYCMng">9361.848</dst>
            <dst id="SNVAng">5339.73333333333</dst>
            <dst id="STTLng">7999.98133333333</dst>
            <dst id="WASHng">15633.8453333333</dst>
        </src>
        <src id="DNVRng">
            <dst id="ATLA-M5">4576.424</dst>
            <dst id="ATLAng">11733.616</dst>
            <dst id="CHINng">73037.5946666667</dst>
            <dst id="DNVRng">22277.6906666667</dst>
            <dst id="HSTNng">13904.4186666667</dst>
            <dst id="IPLSng">29927.5466666667</dst>
            <dst id="KSCYng">34633.1386666667</dst>
            <dst id="LOSAng">8220.064</dst>
            <dst id="NYCMng">23190.648</dst>
            <dst id="SNVAng">12042.312</dst>
            <dst id="STTLng">20420.4613333333</dst>
            <dst id="WASHng">64357.7306666667</dst>
        </src>
        <src id="HSTNng">
            <dst id="ATLA-M5">1146.712</dst>
            <dst id="ATLAng">6035.26133333333</dst>
            <dst id="CHINng">29069.6853333333</dst>
            <dst id="DNVRng">2481.488</dst>
            <dst id="HSTNng">8831.68</dst>
            <dst id="IPLSng">17106.2213333333</dst>
            <dst id="KSCYng">3336.384</dst>
            <dst id="LOSAng">101797.573333333</dst>
            <dst id="NYCMng">9908.49066666667</dst>
            <dst id="SNVAng">1473.824</dst>
            <dst id="STTLng">1417.632</dst>
            <dst id="WASHng">6317.16</dst>
        </src>
        <src id="IPLSng">
            <dst id="ATLA-M5">757.296</dst>
            <dst id="ATLAng">20780.824</dst>
            <dst id="CHINng">170512.762666667</dst>
            <dst id="DNVRng">23062.7866666667</dst>
            <dst id="HSTNng">11165.68</dst>
            <dst id="IPLSng">47031.5306666667</dst>
            <dst id="KSCYng">25801.992</dst>
            <dst id="LOSAng">68956.2666666667</dst>
            <dst id="NYCMng">47589.5706666667</dst>
            <dst id="SNVAng">6493.808</dst>
            <dst id="STTLng">9343.78666666667</dst>
            <dst id="WASHng">65474.9893333333</dst>
        </src>
        <src id="KSCYng">
            <dst id="ATLA-M5">572.904</dst>
            <dst id="ATLAng">11217.9386666667</dst>
            <dst id="CHINng">42099.7813333333</dst>
            <dst id="DNVRng">7716.38933333333</dst>
            <dst id="HSTNng">4115.45866666667</dst>
            <dst id="IPLSng">12471.072</dst>
            <dst id="KSCYng">15952.2853333333</dst>
            <dst id="LOSAng">3616.89066666667</dst>
            <dst id="NYCMng">7452.088</dst>
            <dst id="SNVAng">1369.16266666667</dst>
            <dst id="STTLng">3466.38933333333</dst>
            <dst id="WASHng">13900.816</dst>
        </src>
        <src id="LOSAng">
            <dst id="ATLA-M5">635.690666666667</dst>
            <dst id="ATLAng">28601.1893333333</dst>
            <dst id="CHINng">159385.413333333</dst>
            <dst id="DNVRng">13725.712</dst>
            <dst id="HSTNng">10976.704</dst>
            <dst id="IPLSng">41167.8026666667</dst>
            <dst id="KSCYng">14572.1093333333</dst>
            <dst id="LOSAng">11881.1546666667</dst>
            <dst id="NYCMng">58910.864</dst>
            <dst id="SNVAng">10204.8426666667</dst>
            <dst id="STTLng">20923.9626666667</dst>
            <dst id="WASHng">73059.6533333333</dst>
        </src>
        <src id="NYCMng">
            <dst id="ATLA-M5">2344.21333333333</dst>
            <dst id="ATLAng">47403.4586666667</dst>
            <dst id="CHINng">69564.1066666667</dst>
            <dst id="DNVRng">33375.472</dst>
            <dst id="HSTNng">17732.5733333333</dst>
            <dst id="IPLSng">87883.8426666666</dst>
            <dst id="KSCYng">32645.5413333333</dst>
            <dst id="LOSAng">49095.872</dst>
            <dst id="NYCMng">164957.424</dst>
            <dst id="SNVAng">8091.328</dst>
            <dst id="STTLng">25251.496</dst>
            <dst id="WASHng">127771.312</dst>
        </src>
        <src id="SNVAng">
            <dst id="ATLA-M5">40.728</dst>
            <dst id="ATLAng">789.056</dst>
            <dst id="CHINng">7548.70933333333</dst>
            <dst id="DNVRng">5622.94133333333</dst>
            <dst id="HSTNng">413.496</dst>
            <dst id="IPLSng">1609.656</dst>
            <dst id="KSCYng">1158.14133333333</dst>
            <dst id="LOSAng">32562.6213333333</dst>
            <dst id="NYCMng">2178.408</dst>
            <dst id="SNVAng">14931.7573333333</dst>
            <dst id="STTLng">52665.3066666667</dst>
            <dst id="WASHng">1861.296</dst>
        </src>
        <src id="STTLng">
            <dst id="ATLA-M5">984.765333333333</dst>
            <dst id="ATLAng">13988.544</dst>
            <dst id="CHINng">87215.592</dst>
            <dst id="DNVRng">5546.06933333333</dst>
            <dst id="HSTNng">5627.42133333333</dst>
            <dst id="IPLSng">20669.8453333333</dst>
            <dst id="KSCYng">7913.26666666667</dst>
            <dst id="LOSAng">25000.3866666667</dst>
            <dst id="NYCMng">25027.4186666667</dst>
            <dst id="SNVAng">5136.81066666667</dst>
            <dst id="STTLng">24260.6106666667</dst>
            <dst id="WASHng">19661.016</dst>
        </src>
        <src id="WASHng">
            <dst id="ATLA-M5">3012.62666666667</dst>
            <dst id="ATLAng">112557.698666667</dst>
            <dst id="CHINng">102783.274666667</dst>
            <dst id="DNVRng">47841.2</dst>
            <dst id="HSTNng">21579.7493333333</dst>
            <dst id="IPLSng">82154.3306666667</dst>
            <dst id="KSCYng">35737.7173333333</dst>
            <dst id="LOSAng">59640.0773333333</dst>
            <dst id="NYCMng">272920.853333333</dst>
            <dst id="SNVAng">4484.80533333333</dst>
            <dst id="STTLng">34395.592</dst>
            <dst id="WASHng">400022.426666667</dst>
        </src>
    </IntraTM>
</TrafficMatrixFile>
