<?xml version="1.0" encoding="ISO-8859-1" standalone="yes"?>
<TrafficMatrixFile xsi:noNamespaceSchemaLocation="http://totem.run.montefiore.ulg.ac.be/Schema/TrafficMatrix-v1_2.xsd" xmlns:xsi="http://www.w3.org/2001/XMLSchema-instance">
    <IntraTM ASID="11537">
        <src id="ATLA-M5">
            <dst id="ATLA-M5">0</dst>
            <dst id="ATLAng">277.832</dst>
            <dst id="CHINng">1283.92</dst>
            <dst id="DNVRng">699.893333333333</dst>
            <dst id="HSTNng">285.288</dst>
            <dst id="IPLSng">353.008</dst>
            <dst id="KSCYng">223.338666666667</dst>
            <dst id="LOSAng">376.688</dst>
            <dst id="NYCMng">708.725333333333</dst>
            <dst id="SNVAng">260.032</dst>
            <dst id="STTLng">325.837333333333</dst>
            <dst id="WASHng">1852.02666666667</dst>
        </src>
        <src id="ATLAng">
            <dst id="ATLA-M5">1045.848</dst>
            <dst id="ATLAng">38731.4853333333</dst>
            <dst id="CHINng">14713.0613333333</dst>
            <dst id="DNVRng">6579.85866666667</dst>
            <dst id="HSTNng">2995.86133333333</dst>
            <dst id="IPLSng">16879.5386666667</dst>
            <dst id="KSCYng">3400.27733333333</dst>
            <dst id="LOSAng">17512.1653333333</dst>
            <dst id="NYCMng">13397.7866666667</dst>
            <dst id="SNVAng">4645.85866666667</dst>
            <dst id="STTLng">9818.67733333333</dst>
            <dst id="WASHng">67638.2693333333</dst>
        </src>
        <src id="CHINng">
            <dst id="ATLA-M5">457.232</dst>
            <dst id="ATLAng">11811.536</dst>
            <dst id="CHINng">61109.656</dst>
            <dst id="DNVRng">16608.672</dst>
            <dst id="HSTNng">4784.02133333333</dst>
            <dst id="IPLSng">25099.0773333333</dst>
            <dst id="KSCYng">9890.85333333333</dst>
            <dst id="LOSAng">14599.9546666667</dst>
            <dst id="NYCMng">6105.93333333333</dst>
            <dst id="SNVAng">3570.20266666667</dst>
            <dst id="STTLng">7688.91466666667</dst>
            <dst id="WASHng">5965.288</dst>
        </src>
        <src id="DNVRng">
            <dst id="ATLA-M5">301.096</dst>
            <dst id="ATLAng">6541.94133333333</dst>
            <dst id="CHINng">48559.0986666667</dst>
            <dst id="DNVRng">8410.19466666667</dst>
            <dst id="HSTNng">5957.456</dst>
            <dst id="IPLSng">7139.65866666667</dst>
            <dst id="KSCYng">15302.984</dst>
            <dst id="LOSAng">22158.1173333333</dst>
            <dst id="NYCMng">8945.44</dst>
            <dst id="SNVAng">15114.536</dst>
            <dst id="STTLng">26956.488</dst>
            <dst id="WASHng">14256.8</dst>
        </src>
        <src id="HSTNng">
            <dst id="ATLA-M5">3785.624</dst>
            <dst id="ATLAng">2135.824</dst>
            <dst id="CHINng">23195.624</dst>
            <dst id="DNVRng">2454.87466666667</dst>
            <dst id="HSTNng">4871.03733333333</dst>
            <dst id="IPLSng">7277.65866666667</dst>
            <dst id="KSCYng">2245.048</dst>
            <dst id="LOSAng">86200.1146666667</dst>
            <dst id="NYCMng">4854.09333333333</dst>
            <dst id="SNVAng">2463.32266666667</dst>
            <dst id="STTLng">5847.02933333333</dst>
            <dst id="WASHng">6030.16266666667</dst>
        </src>
        <src id="IPLSng">
            <dst id="ATLA-M5">851.829333333333</dst>
            <dst id="ATLAng">6707.88266666667</dst>
            <dst id="CHINng">92819.16</dst>
            <dst id="DNVRng">10810.7786666667</dst>
            <dst id="HSTNng">7400.16266666667</dst>
            <dst id="IPLSng">17726.1093333333</dst>
            <dst id="KSCYng">22881.3786666667</dst>
            <dst id="LOSAng">15773.424</dst>
            <dst id="NYCMng">20145.16</dst>
            <dst id="SNVAng">7464.744</dst>
            <dst id="STTLng">8405.97866666667</dst>
            <dst id="WASHng">31011.4373333333</dst>
        </src>
        <src id="KSCYng">
            <dst id="ATLA-M5">520.888</dst>
            <dst id="ATLAng">3010.69066666667</dst>
            <dst id="CHINng">37245.048</dst>
            <dst id="DNVRng">8680.37066666667</dst>
            <dst id="HSTNng">3454.00533333333</dst>
            <dst id="IPLSng">10994.6533333333</dst>
            <dst id="KSCYng">8784.11733333333</dst>
            <dst id="LOSAng">7729.104</dst>
            <dst id="NYCMng">10049.7173333333</dst>
            <dst id="SNVAng">1017.10666666667</dst>
            <dst id="STTLng">4862.81866666667</dst>
            <dst id="WASHng">12394.0186666667</dst>
        </src>
        <src id="LOSAng">
            <dst id="ATLA-M5">115.704</dst>
            <dst id="ATLAng">10389.1413333333</dst>
            <dst id="CHINng">123616.357333333</dst>
            <dst id="DNVRng">11042.8053333333</dst>
            <dst id="HSTNng">8524.80266666667</dst>
            <dst id="IPLSng">39621.304</dst>
            <dst id="KSCYng">12297.776</dst>
            <dst id="LOSAng">20672.616</dst>
            <dst id="NYCMng">56757.4373333333</dst>
            <dst id="SNVAng">5049.52533333333</dst>
            <dst id="STTLng">32506.952</dst>
            <dst id="WASHng">57022.232</dst>
        </src>
        <src id="NYCMng">
            <dst id="ATLA-M5">2245.016</dst>
            <dst id="ATLAng">26867.3386666667</dst>
            <dst id="CHINng">64635.7066666667</dst>
            <dst id="DNVRng">23811.0746666667</dst>
            <dst id="HSTNng">34490.08</dst>
            <dst id="IPLSng">47068.088</dst>
            <dst id="KSCYng">25325.7866666667</dst>
            <dst id="LOSAng">71457.816</dst>
            <dst id="NYCMng">158672.658666667</dst>
            <dst id="SNVAng">8006.56266666667</dst>
            <dst id="STTLng">25183.2586666667</dst>
            <dst id="WASHng">66794.4106666667</dst>
        </src>
        <src id="SNVAng">
            <dst id="ATLA-M5">26.6666666666667</dst>
            <dst id="ATLAng">933.690666666667</dst>
            <dst id="CHINng">6556.24266666667</dst>
            <dst id="DNVRng">12908.9546666667</dst>
            <dst id="HSTNng">1295.744</dst>
            <dst id="IPLSng">2850.01066666667</dst>
            <dst id="KSCYng">376.128</dst>
            <dst id="LOSAng">10344.3546666667</dst>
            <dst id="NYCMng">2444.35466666667</dst>
            <dst id="SNVAng">1284.81066666667</dst>
            <dst id="STTLng">5554.264</dst>
            <dst id="WASHng">3027.11733333333</dst>
        </src>
        <src id="STTLng">
            <dst id="ATLA-M5">57.6986666666667</dst>
            <dst id="ATLAng">14739.3173333333</dst>
            <dst id="CHINng">60885.5093333333</dst>
            <dst id="DNVRng">6304</dst>
            <dst id="HSTNng">2196.70666666667</dst>
            <dst id="IPLSng">5931.592</dst>
            <dst id="KSCYng">2594.52533333333</dst>
            <dst id="LOSAng">21450.848</dst>
            <dst id="NYCMng">16082.2826666667</dst>
            <dst id="SNVAng">4272.49333333333</dst>
            <dst id="STTLng">5223.472</dst>
            <dst id="WASHng">9770.10133333333</dst>
        </src>
        <src id="WASHng">
            <dst id="ATLA-M5">1093.78133333333</dst>
            <dst id="ATLAng">91134.08</dst>
            <dst id="CHINng">69386.8773333333</dst>
            <dst id="DNVRng">39339.1546666667</dst>
            <dst id="HSTNng">24216.624</dst>
            <dst id="IPLSng">44007.2986666667</dst>
            <dst id="KSCYng">19888.3013333333</dst>
            <dst id="LOSAng">64672.3226666667</dst>
            <dst id="NYCMng">133235.933333333</dst>
            <dst id="SNVAng">3604.85333333333</dst>
            <dst id="STTLng">33469.024</dst>
            <dst id="WASHng">347684.026666667</dst>
        </src>
    </IntraTM>
</TrafficMatrixFile>
