<?xml version="1.0" encoding="ISO-8859-1" standalone="yes"?>
<TrafficMatrixFile xsi:noNamespaceSchemaLocation="http://totem.run.montefiore.ulg.ac.be/Schema/TrafficMatrix-v1_2.xsd" xmlns:xsi="http://www.w3.org/2001/XMLSchema-instance">
    <IntraTM ASID="11537">
        <src id="ATLA-M5">
            <dst id="ATLA-M5">0</dst>
            <dst id="ATLAng">234.096</dst>
            <dst id="CHINng">1211.35733333333</dst>
            <dst id="DNVRng">26.6666666666667</dst>
            <dst id="HSTNng">288.808</dst>
            <dst id="IPLSng">262.173333333333</dst>
            <dst id="KSCYng">218.442666666667</dst>
            <dst id="LOSAng">263.621333333333</dst>
            <dst id="NYCMng">213.461333333333</dst>
            <dst id="SNVAng">128.405333333333</dst>
            <dst id="STTLng">302.069333333333</dst>
            <dst id="WASHng">2511.632</dst>
        </src>
        <src id="ATLAng">
            <dst id="ATLA-M5">111.602666666667</dst>
            <dst id="ATLAng">24254.3573333333</dst>
            <dst id="CHINng">12977.248</dst>
            <dst id="DNVRng">4241.46666666667</dst>
            <dst id="HSTNng">1501.416</dst>
            <dst id="IPLSng">18883.12</dst>
            <dst id="KSCYng">7509.77066666667</dst>
            <dst id="LOSAng">13957.5386666667</dst>
            <dst id="NYCMng">16562.5173333333</dst>
            <dst id="SNVAng">654.296</dst>
            <dst id="STTLng">4556.032</dst>
            <dst id="WASHng">88092.9146666667</dst>
        </src>
        <src id="CHINng">
            <dst id="ATLA-M5">150.237333333333</dst>
            <dst id="ATLAng">12887.2186666667</dst>
            <dst id="CHINng">43895.816</dst>
            <dst id="DNVRng">6170.42933333333</dst>
            <dst id="HSTNng">4791.91733333333</dst>
            <dst id="IPLSng">19534.8986666667</dst>
            <dst id="KSCYng">4183.47733333333</dst>
            <dst id="LOSAng">21573.8933333333</dst>
            <dst id="NYCMng">5341.46933333333</dst>
            <dst id="SNVAng">1749.20266666667</dst>
            <dst id="STTLng">7430.92533333333</dst>
            <dst id="WASHng">11233.0266666667</dst>
        </src>
        <src id="DNVRng">
            <dst id="ATLA-M5">89.5493333333333</dst>
            <dst id="ATLAng">9128.81066666667</dst>
            <dst id="CHINng">64670.8346666666</dst>
            <dst id="DNVRng">19115.176</dst>
            <dst id="HSTNng">10880.4266666667</dst>
            <dst id="IPLSng">39397.8746666667</dst>
            <dst id="KSCYng">15420.5253333333</dst>
            <dst id="LOSAng">4548.288</dst>
            <dst id="NYCMng">23933.552</dst>
            <dst id="SNVAng">8775.256</dst>
            <dst id="STTLng">12283.8133333333</dst>
            <dst id="WASHng">52582.192</dst>
        </src>
        <src id="HSTNng">
            <dst id="ATLA-M5">4610.94666666667</dst>
            <dst id="ATLAng">2915.84</dst>
            <dst id="CHINng">32850.1146666667</dst>
            <dst id="DNVRng">5083.89866666667</dst>
            <dst id="HSTNng">4958.09866666667</dst>
            <dst id="IPLSng">6048.68533333333</dst>
            <dst id="KSCYng">2794.88266666667</dst>
            <dst id="LOSAng">8889.128</dst>
            <dst id="NYCMng">8715.42933333333</dst>
            <dst id="SNVAng">856.021333333333</dst>
            <dst id="STTLng">2038.78933333333</dst>
            <dst id="WASHng">6180.24533333333</dst>
        </src>
        <src id="IPLSng">
            <dst id="ATLA-M5">53.3333333333333</dst>
            <dst id="ATLAng">23726.4346666667</dst>
            <dst id="CHINng">112967.261333333</dst>
            <dst id="DNVRng">19478.6826666667</dst>
            <dst id="HSTNng">6074.344</dst>
            <dst id="IPLSng">27375.0213333333</dst>
            <dst id="KSCYng">9616.592</dst>
            <dst id="LOSAng">20720.3173333333</dst>
            <dst id="NYCMng">46122.504</dst>
            <dst id="SNVAng">3581.54933333333</dst>
            <dst id="STTLng">9204.464</dst>
            <dst id="WASHng">51057.8213333333</dst>
        </src>
        <src id="KSCYng">
            <dst id="ATLA-M5">0</dst>
            <dst id="ATLAng">5568.496</dst>
            <dst id="CHINng">39895.696</dst>
            <dst id="DNVRng">9547.816</dst>
            <dst id="HSTNng">5165.592</dst>
            <dst id="IPLSng">19000.616</dst>
            <dst id="KSCYng">5282.12533333333</dst>
            <dst id="LOSAng">4835.07733333333</dst>
            <dst id="NYCMng">5013.52</dst>
            <dst id="SNVAng">2678.536</dst>
            <dst id="STTLng">4958.592</dst>
            <dst id="WASHng">9896.76266666667</dst>
        </src>
        <src id="LOSAng">
            <dst id="ATLA-M5">123.181333333333</dst>
            <dst id="ATLAng">14905.5146666667</dst>
            <dst id="CHINng">148811.168</dst>
            <dst id="DNVRng">17686.104</dst>
            <dst id="HSTNng">9771.736</dst>
            <dst id="IPLSng">29371.1466666667</dst>
            <dst id="KSCYng">5142.20266666667</dst>
            <dst id="LOSAng">14006.8293333333</dst>
            <dst id="NYCMng">55985.2933333333</dst>
            <dst id="SNVAng">11331.048</dst>
            <dst id="STTLng">18552.0746666667</dst>
            <dst id="WASHng">57408.0933333333</dst>
        </src>
        <src id="NYCMng">
            <dst id="ATLA-M5">255.781333333333</dst>
            <dst id="ATLAng">34462.2186666667</dst>
            <dst id="CHINng">71508.4293333333</dst>
            <dst id="DNVRng">26059.2933333333</dst>
            <dst id="HSTNng">14888.6586666667</dst>
            <dst id="IPLSng">62356.2186666667</dst>
            <dst id="KSCYng">13532.872</dst>
            <dst id="LOSAng">58556.3546666667</dst>
            <dst id="NYCMng">153731.632</dst>
            <dst id="SNVAng">8272.16533333333</dst>
            <dst id="STTLng">22670.8293333333</dst>
            <dst id="WASHng">66389.152</dst>
        </src>
        <src id="SNVAng">
            <dst id="ATLA-M5">0</dst>
            <dst id="ATLAng">467.133333333333</dst>
            <dst id="CHINng">6970.03466666667</dst>
            <dst id="DNVRng">3556.38133333333</dst>
            <dst id="HSTNng">424.810666666667</dst>
            <dst id="IPLSng">1473.304</dst>
            <dst id="KSCYng">837.546666666667</dst>
            <dst id="LOSAng">32621.8186666667</dst>
            <dst id="NYCMng">2882.44</dst>
            <dst id="SNVAng">14788.592</dst>
            <dst id="STTLng">61858.912</dst>
            <dst id="WASHng">1113.80266666667</dst>
        </src>
        <src id="STTLng">
            <dst id="ATLA-M5">55.4186666666667</dst>
            <dst id="ATLAng">8567.96533333333</dst>
            <dst id="CHINng">80012.664</dst>
            <dst id="DNVRng">3338.27466666667</dst>
            <dst id="HSTNng">1546.76</dst>
            <dst id="IPLSng">7284.296</dst>
            <dst id="KSCYng">3390.66933333333</dst>
            <dst id="LOSAng">20788.0186666667</dst>
            <dst id="NYCMng">17333.3706666667</dst>
            <dst id="SNVAng">10470.4453333333</dst>
            <dst id="STTLng">9498.90666666667</dst>
            <dst id="WASHng">9102.464</dst>
        </src>
        <src id="WASHng">
            <dst id="ATLA-M5">121.874666666667</dst>
            <dst id="ATLAng">167803.165333333</dst>
            <dst id="CHINng">70267.0986666667</dst>
            <dst id="DNVRng">43056.8933333333</dst>
            <dst id="HSTNng">14367.4053333333</dst>
            <dst id="IPLSng">54165.4026666667</dst>
            <dst id="KSCYng">8634.48533333333</dst>
            <dst id="LOSAng">60129.536</dst>
            <dst id="NYCMng">157863.341333333</dst>
            <dst id="SNVAng">10057.3306666667</dst>
            <dst id="STTLng">32470.352</dst>
            <dst id="WASHng">296550.64</dst>
        </src>
    </IntraTM>
</TrafficMatrixFile>
