<?xml version="1.0" encoding="ISO-8859-1" standalone="yes"?>
<TrafficMatrixFile xsi:noNamespaceSchemaLocation="http://totem.run.montefiore.ulg.ac.be/Schema/TrafficMatrix-v1_2.xsd" xmlns:xsi="http://www.w3.org/2001/XMLSchema-instance">
    <IntraTM ASID="11537">
        <src id="ATLA-M5">
            <dst id="ATLA-M5">242.354666666667</dst>
            <dst id="ATLAng">807.434666666667</dst>
            <dst id="CHINng">2966.824</dst>
            <dst id="DNVRng">939.101333333333</dst>
            <dst id="HSTNng">380.885333333333</dst>
            <dst id="IPLSng">1509.41866666667</dst>
            <dst id="KSCYng">775.858666666667</dst>
            <dst id="LOSAng">1085.24533333333</dst>
            <dst id="NYCMng">412.309333333333</dst>
            <dst id="SNVAng">254.858666666667</dst>
            <dst id="STTLng">136.842666666667</dst>
            <dst id="WASHng">2737.57066666667</dst>
        </src>
        <src id="ATLAng">
            <dst id="ATLA-M5">1420.75466666667</dst>
            <dst id="ATLAng">17731.7253333333</dst>
            <dst id="CHINng">37264.336</dst>
            <dst id="DNVRng">22131.864</dst>
            <dst id="HSTNng">18763.7866666667</dst>
            <dst id="IPLSng">30407.512</dst>
            <dst id="KSCYng">7338.41866666667</dst>
            <dst id="LOSAng">31683.2</dst>
            <dst id="NYCMng">23981.832</dst>
            <dst id="SNVAng">2442.14266666667</dst>
            <dst id="STTLng">6097.872</dst>
            <dst id="WASHng">87114.2266666667</dst>
        </src>
        <src id="CHINng">
            <dst id="ATLA-M5">5948.56533333333</dst>
            <dst id="ATLAng">24483.848</dst>
            <dst id="CHINng">60594.0053333333</dst>
            <dst id="DNVRng">19646.6</dst>
            <dst id="HSTNng">26113.9733333333</dst>
            <dst id="IPLSng">44132.928</dst>
            <dst id="KSCYng">28297.8853333333</dst>
            <dst id="LOSAng">30434.4106666667</dst>
            <dst id="NYCMng">10943.3253333333</dst>
            <dst id="SNVAng">2798.66933333333</dst>
            <dst id="STTLng">13325.4186666667</dst>
            <dst id="WASHng">18265.9333333333</dst>
        </src>
        <src id="DNVRng">
            <dst id="ATLA-M5">806.493333333333</dst>
            <dst id="ATLAng">10520.648</dst>
            <dst id="CHINng">61911.8453333333</dst>
            <dst id="DNVRng">32506.256</dst>
            <dst id="HSTNng">15995.392</dst>
            <dst id="IPLSng">35434.704</dst>
            <dst id="KSCYng">21544.592</dst>
            <dst id="LOSAng">12585.144</dst>
            <dst id="NYCMng">33733</dst>
            <dst id="SNVAng">28477.2373333333</dst>
            <dst id="STTLng">19116.064</dst>
            <dst id="WASHng">59874.1733333333</dst>
        </src>
        <src id="HSTNng">
            <dst id="ATLA-M5">2789.73066666667</dst>
            <dst id="ATLAng">5598.05066666667</dst>
            <dst id="CHINng">32609.7866666667</dst>
            <dst id="DNVRng">7270.83733333333</dst>
            <dst id="HSTNng">11473.2746666667</dst>
            <dst id="IPLSng">17828.144</dst>
            <dst id="KSCYng">5637.96266666667</dst>
            <dst id="LOSAng">101446.117333333</dst>
            <dst id="NYCMng">8333.528</dst>
            <dst id="SNVAng">2803.776</dst>
            <dst id="STTLng">3712.68266666667</dst>
            <dst id="WASHng">11618.0933333333</dst>
        </src>
        <src id="IPLSng">
            <dst id="ATLA-M5">1271.30666666667</dst>
            <dst id="ATLAng">59852.1653333333</dst>
            <dst id="CHINng">150313.48</dst>
            <dst id="DNVRng">41610.3066666667</dst>
            <dst id="HSTNng">15359.2213333333</dst>
            <dst id="IPLSng">44756.3973333333</dst>
            <dst id="KSCYng">23147.2826666667</dst>
            <dst id="LOSAng">131655.522666667</dst>
            <dst id="NYCMng">51500.0026666667</dst>
            <dst id="SNVAng">5825.89333333333</dst>
            <dst id="STTLng">22246.3306666667</dst>
            <dst id="WASHng">76965.488</dst>
        </src>
        <src id="KSCYng">
            <dst id="ATLA-M5">1292.14133333333</dst>
            <dst id="ATLAng">6951.88</dst>
            <dst id="CHINng">34416.472</dst>
            <dst id="DNVRng">15563.712</dst>
            <dst id="HSTNng">5022.57066666667</dst>
            <dst id="IPLSng">15747.76</dst>
            <dst id="KSCYng">11282.9946666667</dst>
            <dst id="LOSAng">13065.68</dst>
            <dst id="NYCMng">12999.3653333333</dst>
            <dst id="SNVAng">3332.09866666667</dst>
            <dst id="STTLng">3477.856</dst>
            <dst id="WASHng">20069.0933333333</dst>
        </src>
        <src id="LOSAng">
            <dst id="ATLA-M5">1622.99466666667</dst>
            <dst id="ATLAng">25578.792</dst>
            <dst id="CHINng">142222.706666667</dst>
            <dst id="DNVRng">28929.3466666667</dst>
            <dst id="HSTNng">29187.456</dst>
            <dst id="IPLSng">49783.992</dst>
            <dst id="KSCYng">25160.8746666667</dst>
            <dst id="LOSAng">13037.296</dst>
            <dst id="NYCMng">69267.7626666667</dst>
            <dst id="SNVAng">15082.952</dst>
            <dst id="STTLng">33151.8506666667</dst>
            <dst id="WASHng">72803.5413333333</dst>
        </src>
        <src id="NYCMng">
            <dst id="ATLA-M5">3677.78666666667</dst>
            <dst id="ATLAng">73840.9546666667</dst>
            <dst id="CHINng">70143.344</dst>
            <dst id="DNVRng">61755.2426666667</dst>
            <dst id="HSTNng">41636.496</dst>
            <dst id="IPLSng">103506.370666667</dst>
            <dst id="KSCYng">30220.9066666667</dst>
            <dst id="LOSAng">89286.8586666666</dst>
            <dst id="NYCMng">150156.048</dst>
            <dst id="SNVAng">19114.1866666667</dst>
            <dst id="STTLng">38151.16</dst>
            <dst id="WASHng">183519.085333333</dst>
        </src>
        <src id="SNVAng">
            <dst id="ATLA-M5">947.048</dst>
            <dst id="ATLAng">1869.31733333333</dst>
            <dst id="CHINng">8216.94666666666</dst>
            <dst id="DNVRng">9140.45333333333</dst>
            <dst id="HSTNng">922.448</dst>
            <dst id="IPLSng">2434.62666666667</dst>
            <dst id="KSCYng">1312.944</dst>
            <dst id="LOSAng">41521.3226666667</dst>
            <dst id="NYCMng">3943.272</dst>
            <dst id="SNVAng">23191.768</dst>
            <dst id="STTLng">66943.7893333333</dst>
            <dst id="WASHng">3303.17333333333</dst>
        </src>
        <src id="STTLng">
            <dst id="ATLA-M5">585.802666666667</dst>
            <dst id="ATLAng">13253.024</dst>
            <dst id="CHINng">68099.7226666667</dst>
            <dst id="DNVRng">14729.024</dst>
            <dst id="HSTNng">6510.232</dst>
            <dst id="IPLSng">30469.7333333333</dst>
            <dst id="KSCYng">7277.31466666667</dst>
            <dst id="LOSAng">34416.8453333333</dst>
            <dst id="NYCMng">26680.4666666667</dst>
            <dst id="SNVAng">11159.424</dst>
            <dst id="STTLng">13671.1386666667</dst>
            <dst id="WASHng">21450.9813333333</dst>
        </src>
        <src id="WASHng">
            <dst id="ATLA-M5">4037.37333333333</dst>
            <dst id="ATLAng">154326.418666667</dst>
            <dst id="CHINng">96959.4213333333</dst>
            <dst id="DNVRng">66028.544</dst>
            <dst id="HSTNng">30900.8373333333</dst>
            <dst id="IPLSng">97890.864</dst>
            <dst id="KSCYng">26091.576</dst>
            <dst id="LOSAng">92974.0773333333</dst>
            <dst id="NYCMng">198570.186666667</dst>
            <dst id="SNVAng">15438.2773333333</dst>
            <dst id="STTLng">37897.5946666667</dst>
            <dst id="WASHng">289548.133333333</dst>
        </src>
    </IntraTM>
</TrafficMatrixFile>
