<?xml version="1.0" encoding="ISO-8859-1" standalone="yes"?>
<TrafficMatrixFile xsi:noNamespaceSchemaLocation="http://totem.run.montefiore.ulg.ac.be/Schema/TrafficMatrix-v1_2.xsd" xmlns:xsi="http://www.w3.org/2001/XMLSchema-instance">
    <IntraTM ASID="11537">
        <src id="ATLA-M5">
            <dst id="ATLA-M5">0</dst>
            <dst id="ATLAng">223.296</dst>
            <dst id="CHINng">1326.024</dst>
            <dst id="DNVRng">0</dst>
            <dst id="HSTNng">53.3333333333333</dst>
            <dst id="IPLSng">1315.26933333333</dst>
            <dst id="KSCYng">53.6533333333333</dst>
            <dst id="LOSAng">117.824</dst>
            <dst id="NYCMng">160</dst>
            <dst id="SNVAng">174.496</dst>
            <dst id="STTLng">188.864</dst>
            <dst id="WASHng">3463.60266666667</dst>
        </src>
        <src id="ATLAng">
            <dst id="ATLA-M5">981.485333333334</dst>
            <dst id="ATLAng">67420.0986666667</dst>
            <dst id="CHINng">22128.8293333333</dst>
            <dst id="DNVRng">1950.63733333333</dst>
            <dst id="HSTNng">1684.74666666667</dst>
            <dst id="IPLSng">15308.5573333333</dst>
            <dst id="KSCYng">2164.11733333333</dst>
            <dst id="LOSAng">17408.8026666667</dst>
            <dst id="NYCMng">15712.5546666667</dst>
            <dst id="SNVAng">1221.46666666667</dst>
            <dst id="STTLng">7378.96</dst>
            <dst id="WASHng">79424.552</dst>
        </src>
        <src id="CHINng">
            <dst id="ATLA-M5">234.746666666667</dst>
            <dst id="ATLAng">22796.9066666667</dst>
            <dst id="CHINng">48239.2853333333</dst>
            <dst id="DNVRng">7998.42666666667</dst>
            <dst id="HSTNng">6926.96533333333</dst>
            <dst id="IPLSng">20732.568</dst>
            <dst id="KSCYng">7736.728</dst>
            <dst id="LOSAng">17217.9573333333</dst>
            <dst id="NYCMng">5541.09866666667</dst>
            <dst id="SNVAng">1223.656</dst>
            <dst id="STTLng">7053.88</dst>
            <dst id="WASHng">11760.2586666667</dst>
        </src>
        <src id="DNVRng">
            <dst id="ATLA-M5">88.448</dst>
            <dst id="ATLAng">6538.51466666667</dst>
            <dst id="CHINng">44563.864</dst>
            <dst id="DNVRng">4850.12</dst>
            <dst id="HSTNng">4967.47466666667</dst>
            <dst id="IPLSng">7796.81066666667</dst>
            <dst id="KSCYng">13660.7733333333</dst>
            <dst id="LOSAng">4318.312</dst>
            <dst id="NYCMng">10286.1786666667</dst>
            <dst id="SNVAng">9395.12533333333</dst>
            <dst id="STTLng">10925.5866666667</dst>
            <dst id="WASHng">13816.5973333333</dst>
        </src>
        <src id="HSTNng">
            <dst id="ATLA-M5">1319.912</dst>
            <dst id="ATLAng">2758.8</dst>
            <dst id="CHINng">29803.6186666667</dst>
            <dst id="DNVRng">1768.72533333333</dst>
            <dst id="HSTNng">6450.78133333333</dst>
            <dst id="IPLSng">7972.096</dst>
            <dst id="KSCYng">4101.816</dst>
            <dst id="LOSAng">99266.2</dst>
            <dst id="NYCMng">4448.95466666667</dst>
            <dst id="SNVAng">1434.94933333333</dst>
            <dst id="STTLng">2074.224</dst>
            <dst id="WASHng">3829.78666666667</dst>
        </src>
        <src id="IPLSng">
            <dst id="ATLA-M5">307.36</dst>
            <dst id="ATLAng">11412.6986666667</dst>
            <dst id="CHINng">133049.264</dst>
            <dst id="DNVRng">13141.1386666667</dst>
            <dst id="HSTNng">6911.26133333333</dst>
            <dst id="IPLSng">33344.9813333333</dst>
            <dst id="KSCYng">8025.14666666667</dst>
            <dst id="LOSAng">21296.3093333333</dst>
            <dst id="NYCMng">26609.0186666667</dst>
            <dst id="SNVAng">2169.208</dst>
            <dst id="STTLng">8409.66933333333</dst>
            <dst id="WASHng">26327.4533333333</dst>
        </src>
        <src id="KSCYng">
            <dst id="ATLA-M5">279.186666666667</dst>
            <dst id="ATLAng">3617.56533333333</dst>
            <dst id="CHINng">39959.6426666667</dst>
            <dst id="DNVRng">3543.05066666667</dst>
            <dst id="HSTNng">2715.54666666667</dst>
            <dst id="IPLSng">8961.09066666667</dst>
            <dst id="KSCYng">3084.77066666667</dst>
            <dst id="LOSAng">2495.22133333333</dst>
            <dst id="NYCMng">6822.688</dst>
            <dst id="SNVAng">526.725333333333</dst>
            <dst id="STTLng">5294.128</dst>
            <dst id="WASHng">15611.5706666667</dst>
        </src>
        <src id="LOSAng">
            <dst id="ATLA-M5">174.224</dst>
            <dst id="ATLAng">13825.504</dst>
            <dst id="CHINng">131169.688</dst>
            <dst id="DNVRng">2740.90133333333</dst>
            <dst id="HSTNng">8055.36</dst>
            <dst id="IPLSng">34776.144</dst>
            <dst id="KSCYng">5316.56266666667</dst>
            <dst id="LOSAng">11709.96</dst>
            <dst id="NYCMng">47904.2133333333</dst>
            <dst id="SNVAng">4066.72266666667</dst>
            <dst id="STTLng">23188.504</dst>
            <dst id="WASHng">45748.5226666667</dst>
        </src>
        <src id="NYCMng">
            <dst id="ATLA-M5">838.632</dst>
            <dst id="ATLAng">42952.7386666667</dst>
            <dst id="CHINng">59276.2053333333</dst>
            <dst id="DNVRng">15600.6773333333</dst>
            <dst id="HSTNng">33678</dst>
            <dst id="IPLSng">74795.9573333333</dst>
            <dst id="KSCYng">15035.272</dst>
            <dst id="LOSAng">47586.2053333333</dst>
            <dst id="NYCMng">160590.472</dst>
            <dst id="SNVAng">7336.60533333333</dst>
            <dst id="STTLng">20892.3013333333</dst>
            <dst id="WASHng">62352.552</dst>
        </src>
        <src id="SNVAng">
            <dst id="ATLA-M5">37.5226666666667</dst>
            <dst id="ATLAng">515.336</dst>
            <dst id="CHINng">6245.392</dst>
            <dst id="DNVRng">3130.59733333333</dst>
            <dst id="HSTNng">530.250666666667</dst>
            <dst id="IPLSng">2367.74133333333</dst>
            <dst id="KSCYng">428.669333333333</dst>
            <dst id="LOSAng">5632.25066666666</dst>
            <dst id="NYCMng">1828.15733333333</dst>
            <dst id="SNVAng">268.501333333333</dst>
            <dst id="STTLng">1935.71733333333</dst>
            <dst id="WASHng">1433.80533333333</dst>
        </src>
        <src id="STTLng">
            <dst id="ATLA-M5">322.413333333333</dst>
            <dst id="ATLAng">17022.4533333333</dst>
            <dst id="CHINng">84798.4453333333</dst>
            <dst id="DNVRng">2724.448</dst>
            <dst id="HSTNng">1957.50933333333</dst>
            <dst id="IPLSng">10570.872</dst>
            <dst id="KSCYng">2839.66933333333</dst>
            <dst id="LOSAng">17650.1973333333</dst>
            <dst id="NYCMng">23308.9706666667</dst>
            <dst id="SNVAng">2606.048</dst>
            <dst id="STTLng">16816.9386666667</dst>
            <dst id="WASHng">13046.848</dst>
        </src>
        <src id="WASHng">
            <dst id="ATLA-M5">187.730666666667</dst>
            <dst id="ATLAng">114323.709333333</dst>
            <dst id="CHINng">51527.8186666667</dst>
            <dst id="DNVRng">35980.5066666667</dst>
            <dst id="HSTNng">17925.8933333333</dst>
            <dst id="IPLSng">50389.4346666667</dst>
            <dst id="KSCYng">14635.0773333333</dst>
            <dst id="LOSAng">55000.28</dst>
            <dst id="NYCMng">109735.658666667</dst>
            <dst id="SNVAng">2740.19466666667</dst>
            <dst id="STTLng">26355.9253333333</dst>
            <dst id="WASHng">414429.306666667</dst>
        </src>
    </IntraTM>
</TrafficMatrixFile>
