<?xml version="1.0" encoding="ISO-8859-1" standalone="yes"?>
<TrafficMatrixFile xsi:noNamespaceSchemaLocation="http://totem.run.montefiore.ulg.ac.be/Schema/TrafficMatrix-v1_2.xsd" xmlns:xsi="http://www.w3.org/2001/XMLSchema-instance">
    <IntraTM ASID="11537">
        <src id="ATLA-M5">
            <dst id="ATLA-M5">43.392</dst>
            <dst id="ATLAng">588.786666666667</dst>
            <dst id="CHINng">492.592</dst>
            <dst id="DNVRng">0</dst>
            <dst id="HSTNng">148.597333333333</dst>
            <dst id="IPLSng">1638.68266666667</dst>
            <dst id="KSCYng">194.672</dst>
            <dst id="LOSAng">423.952</dst>
            <dst id="NYCMng">1398.42933333333</dst>
            <dst id="SNVAng">0</dst>
            <dst id="STTLng">331.045333333333</dst>
            <dst id="WASHng">3428.24</dst>
        </src>
        <src id="ATLAng">
            <dst id="ATLA-M5">845.893333333333</dst>
            <dst id="ATLAng">30688.9333333333</dst>
            <dst id="CHINng">21983.5546666667</dst>
            <dst id="DNVRng">7003.6</dst>
            <dst id="HSTNng">2643.296</dst>
            <dst id="IPLSng">27633.9386666667</dst>
            <dst id="KSCYng">7638.392</dst>
            <dst id="LOSAng">10763.4586666667</dst>
            <dst id="NYCMng">22035.1546666667</dst>
            <dst id="SNVAng">1771.44533333333</dst>
            <dst id="STTLng">4038.81333333333</dst>
            <dst id="WASHng">102076.210666667</dst>
        </src>
        <src id="CHINng">
            <dst id="ATLA-M5">119.928</dst>
            <dst id="ATLAng">23509.5066666667</dst>
            <dst id="CHINng">54908.472</dst>
            <dst id="DNVRng">6764.47466666667</dst>
            <dst id="HSTNng">7051.90133333333</dst>
            <dst id="IPLSng">18583.2773333333</dst>
            <dst id="KSCYng">7118.05333333333</dst>
            <dst id="LOSAng">28393.344</dst>
            <dst id="NYCMng">6697.928</dst>
            <dst id="SNVAng">1716.88266666667</dst>
            <dst id="STTLng">6524.05866666667</dst>
            <dst id="WASHng">8265.34133333333</dst>
        </src>
        <src id="DNVRng">
            <dst id="ATLA-M5">26.6666666666667</dst>
            <dst id="ATLAng">11930.432</dst>
            <dst id="CHINng">86876.5626666667</dst>
            <dst id="DNVRng">14128.5653333333</dst>
            <dst id="HSTNng">11243.2373333333</dst>
            <dst id="IPLSng">28144.248</dst>
            <dst id="KSCYng">13979.144</dst>
            <dst id="LOSAng">6531.26133333333</dst>
            <dst id="NYCMng">25266.8186666667</dst>
            <dst id="SNVAng">11154.752</dst>
            <dst id="STTLng">10207.2266666667</dst>
            <dst id="WASHng">62599.0933333333</dst>
        </src>
        <src id="HSTNng">
            <dst id="ATLA-M5">195.344</dst>
            <dst id="ATLAng">5415.824</dst>
            <dst id="CHINng">57995.2773333333</dst>
            <dst id="DNVRng">1466.84266666667</dst>
            <dst id="HSTNng">4102.256</dst>
            <dst id="IPLSng">9849.16266666667</dst>
            <dst id="KSCYng">1907.08266666667</dst>
            <dst id="LOSAng">98569.3653333333</dst>
            <dst id="NYCMng">7135.552</dst>
            <dst id="SNVAng">1312.25866666667</dst>
            <dst id="STTLng">2378.36266666667</dst>
            <dst id="WASHng">13055.1813333333</dst>
        </src>
        <src id="IPLSng">
            <dst id="ATLA-M5">447.832</dst>
            <dst id="ATLAng">22172.944</dst>
            <dst id="CHINng">147427.706666667</dst>
            <dst id="DNVRng">19256.3333333333</dst>
            <dst id="HSTNng">5391.93066666667</dst>
            <dst id="IPLSng">29683.3786666667</dst>
            <dst id="KSCYng">15752.1893333333</dst>
            <dst id="LOSAng">16626.512</dst>
            <dst id="NYCMng">33966.856</dst>
            <dst id="SNVAng">3162.57066666667</dst>
            <dst id="STTLng">9519.392</dst>
            <dst id="WASHng">68186.1226666667</dst>
        </src>
        <src id="KSCYng">
            <dst id="ATLA-M5">520.698666666667</dst>
            <dst id="ATLAng">6043</dst>
            <dst id="CHINng">48304.792</dst>
            <dst id="DNVRng">9069.232</dst>
            <dst id="HSTNng">11273.8986666667</dst>
            <dst id="IPLSng">21023.7733333333</dst>
            <dst id="KSCYng">11143.7146666667</dst>
            <dst id="LOSAng">4841.34666666667</dst>
            <dst id="NYCMng">8043.76</dst>
            <dst id="SNVAng">1474.87466666667</dst>
            <dst id="STTLng">3490.832</dst>
            <dst id="WASHng">15614.9626666667</dst>
        </src>
        <src id="LOSAng">
            <dst id="ATLA-M5">1362.94666666667</dst>
            <dst id="ATLAng">21634.736</dst>
            <dst id="CHINng">163111.704</dst>
            <dst id="DNVRng">10654.0826666667</dst>
            <dst id="HSTNng">9228.12533333333</dst>
            <dst id="IPLSng">38989.0826666667</dst>
            <dst id="KSCYng">9545.24</dst>
            <dst id="LOSAng">12547.0506666667</dst>
            <dst id="NYCMng">61841.608</dst>
            <dst id="SNVAng">7518.26133333333</dst>
            <dst id="STTLng">27917.1893333333</dst>
            <dst id="WASHng">69530.9733333333</dst>
        </src>
        <src id="NYCMng">
            <dst id="ATLA-M5">585.362666666667</dst>
            <dst id="ATLAng">42668.9973333333</dst>
            <dst id="CHINng">61900.7413333333</dst>
            <dst id="DNVRng">28018.0106666667</dst>
            <dst id="HSTNng">16868.48</dst>
            <dst id="IPLSng">59482.344</dst>
            <dst id="KSCYng">17355.1493333333</dst>
            <dst id="LOSAng">57897.5626666667</dst>
            <dst id="NYCMng">173451.272</dst>
            <dst id="SNVAng">7927.36533333333</dst>
            <dst id="STTLng">27908.336</dst>
            <dst id="WASHng">85819.48</dst>
        </src>
        <src id="SNVAng">
            <dst id="ATLA-M5">26.6666666666667</dst>
            <dst id="ATLAng">709.808</dst>
            <dst id="CHINng">7158.65066666667</dst>
            <dst id="DNVRng">3685.256</dst>
            <dst id="HSTNng">368.496</dst>
            <dst id="IPLSng">2396.8</dst>
            <dst id="KSCYng">787.56</dst>
            <dst id="LOSAng">31933.352</dst>
            <dst id="NYCMng">2350.05866666667</dst>
            <dst id="SNVAng">13999.52</dst>
            <dst id="STTLng">61490.3306666667</dst>
            <dst id="WASHng">972.802666666667</dst>
        </src>
        <src id="STTLng">
            <dst id="ATLA-M5">511.221333333333</dst>
            <dst id="ATLAng">14845.2053333333</dst>
            <dst id="CHINng">77832.608</dst>
            <dst id="DNVRng">2453.82133333333</dst>
            <dst id="HSTNng">4503.34666666667</dst>
            <dst id="IPLSng">13379.9973333333</dst>
            <dst id="KSCYng">4631.576</dst>
            <dst id="LOSAng">18484.968</dst>
            <dst id="NYCMng">26802.848</dst>
            <dst id="SNVAng">5628.20266666667</dst>
            <dst id="STTLng">22484.88</dst>
            <dst id="WASHng">17612.656</dst>
        </src>
        <src id="WASHng">
            <dst id="ATLA-M5">467.994666666667</dst>
            <dst id="ATLAng">106752.68</dst>
            <dst id="CHINng">66990.4986666667</dst>
            <dst id="DNVRng">50182.296</dst>
            <dst id="HSTNng">24042.76</dst>
            <dst id="IPLSng">69373.8186666667</dst>
            <dst id="KSCYng">24275.7333333333</dst>
            <dst id="LOSAng">60604.44</dst>
            <dst id="NYCMng">155669.024</dst>
            <dst id="SNVAng">2151.11466666667</dst>
            <dst id="STTLng">30164.4986666667</dst>
            <dst id="WASHng">367059.84</dst>
        </src>
    </IntraTM>
</TrafficMatrixFile>
