<?xml version="1.0" encoding="ISO-8859-1" standalone="yes"?>
<TrafficMatrixFile xsi:noNamespaceSchemaLocation="http://totem.run.montefiore.ulg.ac.be/Schema/TrafficMatrix-v1_2.xsd" xmlns:xsi="http://www.w3.org/2001/XMLSchema-instance">
    <IntraTM ASID="11537">
        <src id="ATLA-M5">
            <dst id="ATLA-M5">1900</dst>
            <dst id="ATLAng">726.218666666667</dst>
            <dst id="CHINng">2841.77333333333</dst>
            <dst id="DNVRng">386.805333333333</dst>
            <dst id="HSTNng">1976.912</dst>
            <dst id="IPLSng">1548.536</dst>
            <dst id="KSCYng">446.690666666667</dst>
            <dst id="LOSAng">2207.67466666667</dst>
            <dst id="NYCMng">853.176</dst>
            <dst id="SNVAng">59.4026666666666</dst>
            <dst id="STTLng">109.645333333333</dst>
            <dst id="WASHng">2438.60266666667</dst>
        </src>
        <src id="ATLAng">
            <dst id="ATLA-M5">1206.63466666667</dst>
            <dst id="ATLAng">82441.1173333333</dst>
            <dst id="CHINng">29033.2773333333</dst>
            <dst id="DNVRng">10625.3253333333</dst>
            <dst id="HSTNng">5657.66666666667</dst>
            <dst id="IPLSng">30772.248</dst>
            <dst id="KSCYng">6013.328</dst>
            <dst id="LOSAng">31272.4213333333</dst>
            <dst id="NYCMng">14205.4373333333</dst>
            <dst id="SNVAng">953.818666666667</dst>
            <dst id="STTLng">12306.7733333333</dst>
            <dst id="WASHng">47700.0373333333</dst>
        </src>
        <src id="CHINng">
            <dst id="ATLA-M5">319.314666666667</dst>
            <dst id="ATLAng">14873.344</dst>
            <dst id="CHINng">34923.264</dst>
            <dst id="DNVRng">14308.5333333333</dst>
            <dst id="HSTNng">9576.14933333333</dst>
            <dst id="IPLSng">29362.9546666667</dst>
            <dst id="KSCYng">11040.7706666667</dst>
            <dst id="LOSAng">27820.6986666667</dst>
            <dst id="NYCMng">4856.96533333333</dst>
            <dst id="SNVAng">1662.66133333333</dst>
            <dst id="STTLng">8538.13333333333</dst>
            <dst id="WASHng">13513.9786666667</dst>
        </src>
        <src id="DNVRng">
            <dst id="ATLA-M5">291.146666666667</dst>
            <dst id="ATLAng">5160.24533333333</dst>
            <dst id="CHINng">35207.592</dst>
            <dst id="DNVRng">20310.128</dst>
            <dst id="HSTNng">4306.624</dst>
            <dst id="IPLSng">14145.608</dst>
            <dst id="KSCYng">13030.1786666667</dst>
            <dst id="LOSAng">18850.8026666667</dst>
            <dst id="NYCMng">12622.2853333333</dst>
            <dst id="SNVAng">17357.648</dst>
            <dst id="STTLng">19268.1226666667</dst>
            <dst id="WASHng">25490.9386666667</dst>
        </src>
        <src id="HSTNng">
            <dst id="ATLA-M5">744.426666666667</dst>
            <dst id="ATLAng">3191.80533333333</dst>
            <dst id="CHINng">31220.9653333333</dst>
            <dst id="DNVRng">4581.13333333333</dst>
            <dst id="HSTNng">3849.27733333333</dst>
            <dst id="IPLSng">9792.13866666667</dst>
            <dst id="KSCYng">3307.42933333333</dst>
            <dst id="LOSAng">8468.496</dst>
            <dst id="NYCMng">7758.648</dst>
            <dst id="SNVAng">2047.36266666667</dst>
            <dst id="STTLng">3969.584</dst>
            <dst id="WASHng">9645.53066666667</dst>
        </src>
        <src id="IPLSng">
            <dst id="ATLA-M5">952.109333333333</dst>
            <dst id="ATLAng">12421.7093333333</dst>
            <dst id="CHINng">75545.1226666667</dst>
            <dst id="DNVRng">11930.6026666667</dst>
            <dst id="HSTNng">10123.36</dst>
            <dst id="IPLSng">35380.8373333333</dst>
            <dst id="KSCYng">13890.5546666667</dst>
            <dst id="LOSAng">63754.0106666667</dst>
            <dst id="NYCMng">41318.888</dst>
            <dst id="SNVAng">5117.00266666667</dst>
            <dst id="STTLng">11764.112</dst>
            <dst id="WASHng">41131.1866666667</dst>
        </src>
        <src id="KSCYng">
            <dst id="ATLA-M5">381.376</dst>
            <dst id="ATLAng">6116.632</dst>
            <dst id="CHINng">35394.3653333333</dst>
            <dst id="DNVRng">9418.60266666667</dst>
            <dst id="HSTNng">3119.712</dst>
            <dst id="IPLSng">15120.1466666667</dst>
            <dst id="KSCYng">6240.008</dst>
            <dst id="LOSAng">8253.30933333333</dst>
            <dst id="NYCMng">9009.61333333333</dst>
            <dst id="SNVAng">1924.59466666667</dst>
            <dst id="STTLng">3940.34133333333</dst>
            <dst id="WASHng">15871.688</dst>
        </src>
        <src id="LOSAng">
            <dst id="ATLA-M5">1578.016</dst>
            <dst id="ATLAng">21814.5946666667</dst>
            <dst id="CHINng">74278.0026666667</dst>
            <dst id="DNVRng">14219.648</dst>
            <dst id="HSTNng">13321.3706666667</dst>
            <dst id="IPLSng">39173.96</dst>
            <dst id="KSCYng">8107.05333333333</dst>
            <dst id="LOSAng">21076.6826666667</dst>
            <dst id="NYCMng">64596.1706666667</dst>
            <dst id="SNVAng">3267.20266666667</dst>
            <dst id="STTLng">36591.7333333333</dst>
            <dst id="WASHng">61105.3946666667</dst>
        </src>
        <src id="NYCMng">
            <dst id="ATLA-M5">1959.816</dst>
            <dst id="ATLAng">43341.696</dst>
            <dst id="CHINng">62736.1413333333</dst>
            <dst id="DNVRng">23390.0666666667</dst>
            <dst id="HSTNng">44741.824</dst>
            <dst id="IPLSng">73507.512</dst>
            <dst id="KSCYng">28822.9173333333</dst>
            <dst id="LOSAng">76927.9386666667</dst>
            <dst id="NYCMng">156744.397333333</dst>
            <dst id="SNVAng">9265.512</dst>
            <dst id="STTLng">30599.848</dst>
            <dst id="WASHng">107242.773333333</dst>
        </src>
        <src id="SNVAng">
            <dst id="ATLA-M5">42.1173333333333</dst>
            <dst id="ATLAng">2928.07733333333</dst>
            <dst id="CHINng">4119.07466666667</dst>
            <dst id="DNVRng">10315.5013333333</dst>
            <dst id="HSTNng">3362.68266666667</dst>
            <dst id="IPLSng">2301.37866666667</dst>
            <dst id="KSCYng">923.858666666667</dst>
            <dst id="LOSAng">2490.424</dst>
            <dst id="NYCMng">3777.26666666667</dst>
            <dst id="SNVAng">314.917333333333</dst>
            <dst id="STTLng">3562.688</dst>
            <dst id="WASHng">4798.47733333333</dst>
        </src>
        <src id="STTLng">
            <dst id="ATLA-M5">109.4</dst>
            <dst id="ATLAng">16919.7466666667</dst>
            <dst id="CHINng">35374.0773333333</dst>
            <dst id="DNVRng">6424.97333333333</dst>
            <dst id="HSTNng">5939.78933333333</dst>
            <dst id="IPLSng">15001.9893333333</dst>
            <dst id="KSCYng">4472.64533333333</dst>
            <dst id="LOSAng">23080.8213333333</dst>
            <dst id="NYCMng">25025.2373333333</dst>
            <dst id="SNVAng">2271.06666666667</dst>
            <dst id="STTLng">16392.8053333333</dst>
            <dst id="WASHng">12222.8666666667</dst>
        </src>
        <src id="WASHng">
            <dst id="ATLA-M5">1522.73333333333</dst>
            <dst id="ATLAng">95264.3893333334</dst>
            <dst id="CHINng">88651.4133333333</dst>
            <dst id="DNVRng">31067.8293333333</dst>
            <dst id="HSTNng">14588.0506666667</dst>
            <dst id="IPLSng">67642.8186666667</dst>
            <dst id="KSCYng">20507.3413333333</dst>
            <dst id="LOSAng">69512.96</dst>
            <dst id="NYCMng">149693.349333333</dst>
            <dst id="SNVAng">10758.808</dst>
            <dst id="STTLng">30660.2133333333</dst>
            <dst id="WASHng">178447.552</dst>
        </src>
    </IntraTM>
</TrafficMatrixFile>
