<?xml version="1.0" encoding="ISO-8859-1" standalone="yes"?>
<TrafficMatrixFile xsi:noNamespaceSchemaLocation="http://totem.run.montefiore.ulg.ac.be/Schema/TrafficMatrix-v1_2.xsd" xmlns:xsi="http://www.w3.org/2001/XMLSchema-instance">
    <IntraTM ASID="11537">
        <src id="ATLA-M5">
            <dst id="ATLA-M5">171.610666666667</dst>
            <dst id="ATLAng">1356.20533333333</dst>
            <dst id="CHINng">1829.616</dst>
            <dst id="DNVRng">448.570666666667</dst>
            <dst id="HSTNng">650.008</dst>
            <dst id="IPLSng">828.877333333333</dst>
            <dst id="KSCYng">363.464</dst>
            <dst id="LOSAng">531.309333333333</dst>
            <dst id="NYCMng">982.325333333333</dst>
            <dst id="SNVAng">370.184</dst>
            <dst id="STTLng">178</dst>
            <dst id="WASHng">1928.592</dst>
        </src>
        <src id="ATLAng">
            <dst id="ATLA-M5">681.250666666667</dst>
            <dst id="ATLAng">37264.0373333333</dst>
            <dst id="CHINng">30945.776</dst>
            <dst id="DNVRng">9228.42133333333</dst>
            <dst id="HSTNng">6668.98133333333</dst>
            <dst id="IPLSng">30224.8453333333</dst>
            <dst id="KSCYng">7739.288</dst>
            <dst id="LOSAng">22639.7333333333</dst>
            <dst id="NYCMng">28026.5333333333</dst>
            <dst id="SNVAng">2629.91466666667</dst>
            <dst id="STTLng">9234.97333333333</dst>
            <dst id="WASHng">70779.056</dst>
        </src>
        <src id="CHINng">
            <dst id="ATLA-M5">860.549333333333</dst>
            <dst id="ATLAng">8617.01333333333</dst>
            <dst id="CHINng">35040.4213333333</dst>
            <dst id="DNVRng">10158.2293333333</dst>
            <dst id="HSTNng">17933.504</dst>
            <dst id="IPLSng">26855.3173333333</dst>
            <dst id="KSCYng">12201.1466666667</dst>
            <dst id="LOSAng">38814.848</dst>
            <dst id="NYCMng">9968.99733333333</dst>
            <dst id="SNVAng">3571.872</dst>
            <dst id="STTLng">5772.44</dst>
            <dst id="WASHng">19813.1546666667</dst>
        </src>
        <src id="DNVRng">
            <dst id="ATLA-M5">915.224</dst>
            <dst id="ATLAng">6992.99733333333</dst>
            <dst id="CHINng">57556.6666666667</dst>
            <dst id="DNVRng">20814.2693333333</dst>
            <dst id="HSTNng">18847.376</dst>
            <dst id="IPLSng">29432.8826666667</dst>
            <dst id="KSCYng">21446.04</dst>
            <dst id="LOSAng">9914.352</dst>
            <dst id="NYCMng">25588.6266666667</dst>
            <dst id="SNVAng">9834.50133333333</dst>
            <dst id="STTLng">12118.728</dst>
            <dst id="WASHng">59584.1733333333</dst>
        </src>
        <src id="HSTNng">
            <dst id="ATLA-M5">3820.13066666667</dst>
            <dst id="ATLAng">5963.56533333333</dst>
            <dst id="CHINng">32150.8773333333</dst>
            <dst id="DNVRng">3023.84</dst>
            <dst id="HSTNng">12248.744</dst>
            <dst id="IPLSng">8449.01066666667</dst>
            <dst id="KSCYng">5730.048</dst>
            <dst id="LOSAng">13225.3653333333</dst>
            <dst id="NYCMng">5765.16266666667</dst>
            <dst id="SNVAng">1699.52</dst>
            <dst id="STTLng">2654.256</dst>
            <dst id="WASHng">7673.93866666667</dst>
        </src>
        <src id="IPLSng">
            <dst id="ATLA-M5">1790.34666666667</dst>
            <dst id="ATLAng">17927.9573333333</dst>
            <dst id="CHINng">87499.8426666667</dst>
            <dst id="DNVRng">28946.848</dst>
            <dst id="HSTNng">11137.632</dst>
            <dst id="IPLSng">24713.8773333333</dst>
            <dst id="KSCYng">15915.1226666667</dst>
            <dst id="LOSAng">26748.9333333333</dst>
            <dst id="NYCMng">52931.5226666667</dst>
            <dst id="SNVAng">6121.864</dst>
            <dst id="STTLng">12504.032</dst>
            <dst id="WASHng">40927.616</dst>
        </src>
        <src id="KSCYng">
            <dst id="ATLA-M5">713.136</dst>
            <dst id="ATLAng">6337.91733333333</dst>
            <dst id="CHINng">35637.9866666667</dst>
            <dst id="DNVRng">10383.0666666667</dst>
            <dst id="HSTNng">4801.36533333333</dst>
            <dst id="IPLSng">13015.1546666667</dst>
            <dst id="KSCYng">7392.34933333333</dst>
            <dst id="LOSAng">7078.18666666667</dst>
            <dst id="NYCMng">8431.15733333333</dst>
            <dst id="SNVAng">1373.00266666667</dst>
            <dst id="STTLng">4740.14933333333</dst>
            <dst id="WASHng">12221.9306666667</dst>
        </src>
        <src id="LOSAng">
            <dst id="ATLA-M5">1182.69866666667</dst>
            <dst id="ATLAng">23076.416</dst>
            <dst id="CHINng">118496.981333333</dst>
            <dst id="DNVRng">20326.256</dst>
            <dst id="HSTNng">17451.5573333333</dst>
            <dst id="IPLSng">42632.128</dst>
            <dst id="KSCYng">17202.968</dst>
            <dst id="LOSAng">31616.008</dst>
            <dst id="NYCMng">63765.0773333333</dst>
            <dst id="SNVAng">22130.592</dst>
            <dst id="STTLng">27459.824</dst>
            <dst id="WASHng">63345.352</dst>
        </src>
        <src id="NYCMng">
            <dst id="ATLA-M5">6569.25066666667</dst>
            <dst id="ATLAng">44730.928</dst>
            <dst id="CHINng">81953.1226666667</dst>
            <dst id="DNVRng">41821.92</dst>
            <dst id="HSTNng">33945.8026666667</dst>
            <dst id="IPLSng">65275.3173333333</dst>
            <dst id="KSCYng">30497.216</dst>
            <dst id="LOSAng">85583.7093333333</dst>
            <dst id="NYCMng">110343.802666667</dst>
            <dst id="SNVAng">8870.74666666667</dst>
            <dst id="STTLng">37804.5093333333</dst>
            <dst id="WASHng">96912.7813333333</dst>
        </src>
        <src id="SNVAng">
            <dst id="ATLA-M5">905.938666666667</dst>
            <dst id="ATLAng">497.917333333333</dst>
            <dst id="CHINng">6424.75733333333</dst>
            <dst id="DNVRng">3547.08266666667</dst>
            <dst id="HSTNng">882.026666666667</dst>
            <dst id="IPLSng">2011.392</dst>
            <dst id="KSCYng">3006.24</dst>
            <dst id="LOSAng">37875.056</dst>
            <dst id="NYCMng">2036.624</dst>
            <dst id="SNVAng">16067.4533333333</dst>
            <dst id="STTLng">69048.6213333333</dst>
            <dst id="WASHng">2829.24266666667</dst>
        </src>
        <src id="STTLng">
            <dst id="ATLA-M5">142.16</dst>
            <dst id="ATLAng">10759.7333333333</dst>
            <dst id="CHINng">45424.5413333333</dst>
            <dst id="DNVRng">16042.8266666667</dst>
            <dst id="HSTNng">6450.31733333333</dst>
            <dst id="IPLSng">13279.1333333333</dst>
            <dst id="KSCYng">7361.27466666667</dst>
            <dst id="LOSAng">35657.344</dst>
            <dst id="NYCMng">24435.0986666667</dst>
            <dst id="SNVAng">6881.984</dst>
            <dst id="STTLng">16226.4613333333</dst>
            <dst id="WASHng">15551.9333333333</dst>
        </src>
        <src id="WASHng">
            <dst id="ATLA-M5">1726.616</dst>
            <dst id="ATLAng">141300.261333333</dst>
            <dst id="CHINng">96561.352</dst>
            <dst id="DNVRng">55690.7893333333</dst>
            <dst id="HSTNng">21371.456</dst>
            <dst id="IPLSng">78343.264</dst>
            <dst id="KSCYng">21008.8506666667</dst>
            <dst id="LOSAng">64781.8346666667</dst>
            <dst id="NYCMng">187444.402666667</dst>
            <dst id="SNVAng">16511.1946666667</dst>
            <dst id="STTLng">38952.992</dst>
            <dst id="WASHng">238426.141333333</dst>
        </src>
    </IntraTM>
</TrafficMatrixFile>
