<?xml version="1.0" encoding="ISO-8859-1" standalone="yes"?>
<TrafficMatrixFile xsi:noNamespaceSchemaLocation="http://totem.run.montefiore.ulg.ac.be/Schema/TrafficMatrix-v1_2.xsd" xmlns:xsi="http://www.w3.org/2001/XMLSchema-instance">
    <IntraTM ASID="11537">
        <src id="ATLA-M5">
            <dst id="ATLA-M5">0</dst>
            <dst id="ATLAng">3350.01066666667</dst>
            <dst id="CHINng">1040.744</dst>
            <dst id="DNVRng">130.882666666667</dst>
            <dst id="HSTNng">455.336</dst>
            <dst id="IPLSng">1233.22933333333</dst>
            <dst id="KSCYng">1199.39466666667</dst>
            <dst id="LOSAng">80</dst>
            <dst id="NYCMng">605.466666666667</dst>
            <dst id="SNVAng">79.3626666666667</dst>
            <dst id="STTLng">263.728</dst>
            <dst id="WASHng">1990.87733333333</dst>
        </src>
        <src id="ATLAng">
            <dst id="ATLA-M5">1856.97066666667</dst>
            <dst id="ATLAng">79326.1306666667</dst>
            <dst id="CHINng">20899.992</dst>
            <dst id="DNVRng">7585.384</dst>
            <dst id="HSTNng">7136.8</dst>
            <dst id="IPLSng">25797.4853333333</dst>
            <dst id="KSCYng">4971.97333333333</dst>
            <dst id="LOSAng">18984.7573333333</dst>
            <dst id="NYCMng">21532.8106666667</dst>
            <dst id="SNVAng">963.944</dst>
            <dst id="STTLng">8271.01066666667</dst>
            <dst id="WASHng">73155.7893333333</dst>
        </src>
        <src id="CHINng">
            <dst id="ATLA-M5">3575.488</dst>
            <dst id="ATLAng">14700.7573333333</dst>
            <dst id="CHINng">35349.5733333333</dst>
            <dst id="DNVRng">9980.68266666667</dst>
            <dst id="HSTNng">11776.104</dst>
            <dst id="IPLSng">21499.6213333333</dst>
            <dst id="KSCYng">14386.3733333333</dst>
            <dst id="LOSAng">20879.0773333333</dst>
            <dst id="NYCMng">4983.28</dst>
            <dst id="SNVAng">2913.62666666667</dst>
            <dst id="STTLng">7442.31466666667</dst>
            <dst id="WASHng">16302.5706666667</dst>
        </src>
        <src id="DNVRng">
            <dst id="ATLA-M5">368.677333333333</dst>
            <dst id="ATLAng">3728.84</dst>
            <dst id="CHINng">45682.4213333333</dst>
            <dst id="DNVRng">8043.87466666667</dst>
            <dst id="HSTNng">6647.104</dst>
            <dst id="IPLSng">10975.208</dst>
            <dst id="KSCYng">9841.68266666667</dst>
            <dst id="LOSAng">22130.064</dst>
            <dst id="NYCMng">12423.08</dst>
            <dst id="SNVAng">17119.5413333333</dst>
            <dst id="STTLng">15246.9546666667</dst>
            <dst id="WASHng">17659.3253333333</dst>
        </src>
        <src id="HSTNng">
            <dst id="ATLA-M5">4213.95466666667</dst>
            <dst id="ATLAng">5604.064</dst>
            <dst id="CHINng">25964.3226666667</dst>
            <dst id="DNVRng">1832.704</dst>
            <dst id="HSTNng">10786.3093333333</dst>
            <dst id="IPLSng">8638.04533333333</dst>
            <dst id="KSCYng">5961.536</dst>
            <dst id="LOSAng">8141.20266666667</dst>
            <dst id="NYCMng">11284.728</dst>
            <dst id="SNVAng">1851.784</dst>
            <dst id="STTLng">1775.84</dst>
            <dst id="WASHng">5853.112</dst>
        </src>
        <src id="IPLSng">
            <dst id="ATLA-M5">6397.064</dst>
            <dst id="ATLAng">26389.3173333333</dst>
            <dst id="CHINng">72577.576</dst>
            <dst id="DNVRng">8565.08</dst>
            <dst id="HSTNng">6416.032</dst>
            <dst id="IPLSng">35530.176</dst>
            <dst id="KSCYng">18903.3893333333</dst>
            <dst id="LOSAng">22717.216</dst>
            <dst id="NYCMng">33252.1813333333</dst>
            <dst id="SNVAng">5564.064</dst>
            <dst id="STTLng">11943.9146666667</dst>
            <dst id="WASHng">44495.0373333333</dst>
        </src>
        <src id="KSCYng">
            <dst id="ATLA-M5">492.909333333333</dst>
            <dst id="ATLAng">4520.752</dst>
            <dst id="CHINng">29355.4773333333</dst>
            <dst id="DNVRng">9831.928</dst>
            <dst id="HSTNng">5030.55733333333</dst>
            <dst id="IPLSng">15192.0293333333</dst>
            <dst id="KSCYng">10861.6613333333</dst>
            <dst id="LOSAng">5905.61866666667</dst>
            <dst id="NYCMng">15407.8933333333</dst>
            <dst id="SNVAng">1225.65333333333</dst>
            <dst id="STTLng">2633.016</dst>
            <dst id="WASHng">15475.5306666667</dst>
        </src>
        <src id="LOSAng">
            <dst id="ATLA-M5">956.84</dst>
            <dst id="ATLAng">26011.968</dst>
            <dst id="CHINng">85413.3653333333</dst>
            <dst id="DNVRng">12404.968</dst>
            <dst id="HSTNng">11811.2373333333</dst>
            <dst id="IPLSng">43952.56</dst>
            <dst id="KSCYng">10385.3546666667</dst>
            <dst id="LOSAng">19438.6666666667</dst>
            <dst id="NYCMng">58324.5653333333</dst>
            <dst id="SNVAng">5297.46666666667</dst>
            <dst id="STTLng">29563.1573333333</dst>
            <dst id="WASHng">54324.432</dst>
        </src>
        <src id="NYCMng">
            <dst id="ATLA-M5">1866.82133333333</dst>
            <dst id="ATLAng">40093.6506666667</dst>
            <dst id="CHINng">73566.0746666667</dst>
            <dst id="DNVRng">15755.672</dst>
            <dst id="HSTNng">19035.8773333333</dst>
            <dst id="IPLSng">81574.9386666667</dst>
            <dst id="KSCYng">31862.0506666667</dst>
            <dst id="LOSAng">65500.1333333333</dst>
            <dst id="NYCMng">136194.658666667</dst>
            <dst id="SNVAng">7738.68</dst>
            <dst id="STTLng">25576.9653333333</dst>
            <dst id="WASHng">104829.314666667</dst>
        </src>
        <src id="SNVAng">
            <dst id="ATLA-M5">0</dst>
            <dst id="ATLAng">937.098666666667</dst>
            <dst id="CHINng">4089.53866666667</dst>
            <dst id="DNVRng">15623.136</dst>
            <dst id="HSTNng">889.856</dst>
            <dst id="IPLSng">6201.09866666667</dst>
            <dst id="KSCYng">853.296</dst>
            <dst id="LOSAng">6294.69066666667</dst>
            <dst id="NYCMng">4228.18133333333</dst>
            <dst id="SNVAng">242.952</dst>
            <dst id="STTLng">2573.38666666667</dst>
            <dst id="WASHng">3221.432</dst>
        </src>
        <src id="STTLng">
            <dst id="ATLA-M5">35.224</dst>
            <dst id="ATLAng">21000.9626666667</dst>
            <dst id="CHINng">26327.904</dst>
            <dst id="DNVRng">3717.35733333333</dst>
            <dst id="HSTNng">4953.73866666667</dst>
            <dst id="IPLSng">5617.72266666667</dst>
            <dst id="KSCYng">3979.48</dst>
            <dst id="LOSAng">18337.3413333333</dst>
            <dst id="NYCMng">20935.0346666667</dst>
            <dst id="SNVAng">5433.94666666667</dst>
            <dst id="STTLng">4583.78133333333</dst>
            <dst id="WASHng">10368.1733333333</dst>
        </src>
        <src id="WASHng">
            <dst id="ATLA-M5">446.424</dst>
            <dst id="ATLAng">131611.722666667</dst>
            <dst id="CHINng">98034.7253333333</dst>
            <dst id="DNVRng">40346.064</dst>
            <dst id="HSTNng">19455.592</dst>
            <dst id="IPLSng">62893.92</dst>
            <dst id="KSCYng">23452.4586666667</dst>
            <dst id="LOSAng">78575.192</dst>
            <dst id="NYCMng">166051.458666667</dst>
            <dst id="SNVAng">5157.81866666667</dst>
            <dst id="STTLng">25167.568</dst>
            <dst id="WASHng">192110.589333333</dst>
        </src>
    </IntraTM>
</TrafficMatrixFile>
