<?xml version="1.0" encoding="ISO-8859-1" standalone="yes"?>
<TrafficMatrixFile xsi:noNamespaceSchemaLocation="http://totem.run.montefiore.ulg.ac.be/Schema/TrafficMatrix-v1_2.xsd" xmlns:xsi="http://www.w3.org/2001/XMLSchema-instance">
    <IntraTM ASID="11537">
        <src id="ATLA-M5">
            <dst id="ATLA-M5">26.6666666666667</dst>
            <dst id="ATLAng">211.754666666667</dst>
            <dst id="CHINng">654.976</dst>
            <dst id="DNVRng">26.6666666666667</dst>
            <dst id="HSTNng">319.472</dst>
            <dst id="IPLSng">320.557333333333</dst>
            <dst id="KSCYng">197.746666666667</dst>
            <dst id="LOSAng">189.066666666667</dst>
            <dst id="NYCMng">660.517333333333</dst>
            <dst id="SNVAng">352.738666666667</dst>
            <dst id="STTLng">278.901333333333</dst>
            <dst id="WASHng">5060.2</dst>
        </src>
        <src id="ATLAng">
            <dst id="ATLA-M5">208.509333333333</dst>
            <dst id="ATLAng">27896.656</dst>
            <dst id="CHINng">15841.5253333333</dst>
            <dst id="DNVRng">3536.09866666667</dst>
            <dst id="HSTNng">2309.39733333333</dst>
            <dst id="IPLSng">20673.7333333333</dst>
            <dst id="KSCYng">4137.62933333333</dst>
            <dst id="LOSAng">14231.328</dst>
            <dst id="NYCMng">13599.3866666667</dst>
            <dst id="SNVAng">1230.42133333333</dst>
            <dst id="STTLng">3802.46933333333</dst>
            <dst id="WASHng">87759.5973333334</dst>
        </src>
        <src id="CHINng">
            <dst id="ATLA-M5">107.512</dst>
            <dst id="ATLAng">13084.3093333333</dst>
            <dst id="CHINng">48904.7173333333</dst>
            <dst id="DNVRng">8189.71466666667</dst>
            <dst id="HSTNng">21064.496</dst>
            <dst id="IPLSng">23780.1813333333</dst>
            <dst id="KSCYng">4304.768</dst>
            <dst id="LOSAng">22393.16</dst>
            <dst id="NYCMng">5533.736</dst>
            <dst id="SNVAng">2178.20266666667</dst>
            <dst id="STTLng">10043.28</dst>
            <dst id="WASHng">11556.6746666667</dst>
        </src>
        <src id="DNVRng">
            <dst id="ATLA-M5">122.666666666667</dst>
            <dst id="ATLAng">11821.0453333333</dst>
            <dst id="CHINng">69642.0373333333</dst>
            <dst id="DNVRng">26221.4613333333</dst>
            <dst id="HSTNng">10830.0106666667</dst>
            <dst id="IPLSng">29992.3306666667</dst>
            <dst id="KSCYng">21067.24</dst>
            <dst id="LOSAng">5474.84266666667</dst>
            <dst id="NYCMng">27878.2853333333</dst>
            <dst id="SNVAng">11046.48</dst>
            <dst id="STTLng">13343</dst>
            <dst id="WASHng">60825.4293333333</dst>
        </src>
        <src id="HSTNng">
            <dst id="ATLA-M5">2468.49866666667</dst>
            <dst id="ATLAng">3269.85066666667</dst>
            <dst id="CHINng">52016.1973333333</dst>
            <dst id="DNVRng">2432.53866666667</dst>
            <dst id="HSTNng">3502.07466666667</dst>
            <dst id="IPLSng">9272.19733333333</dst>
            <dst id="KSCYng">3002.05066666667</dst>
            <dst id="LOSAng">8229.536</dst>
            <dst id="NYCMng">8601.63733333334</dst>
            <dst id="SNVAng">475.466666666667</dst>
            <dst id="STTLng">1606.85333333333</dst>
            <dst id="WASHng">5152.808</dst>
        </src>
        <src id="IPLSng">
            <dst id="ATLA-M5">133.333333333333</dst>
            <dst id="ATLAng">19963.9546666667</dst>
            <dst id="CHINng">135161.770666667</dst>
            <dst id="DNVRng">19673.48</dst>
            <dst id="HSTNng">4085.608</dst>
            <dst id="IPLSng">33271.6666666667</dst>
            <dst id="KSCYng">10391.1013333333</dst>
            <dst id="LOSAng">84668.328</dst>
            <dst id="NYCMng">34608.096</dst>
            <dst id="SNVAng">4666.14666666667</dst>
            <dst id="STTLng">9320.25866666667</dst>
            <dst id="WASHng">48538.8106666667</dst>
        </src>
        <src id="KSCYng">
            <dst id="ATLA-M5">197.944</dst>
            <dst id="ATLAng">4908.73066666667</dst>
            <dst id="CHINng">55269.552</dst>
            <dst id="DNVRng">8211.73066666667</dst>
            <dst id="HSTNng">3281.088</dst>
            <dst id="IPLSng">20218.512</dst>
            <dst id="KSCYng">5908.968</dst>
            <dst id="LOSAng">5444.008</dst>
            <dst id="NYCMng">5684.57333333333</dst>
            <dst id="SNVAng">1611.04266666667</dst>
            <dst id="STTLng">5811.568</dst>
            <dst id="WASHng">10656.2773333333</dst>
        </src>
        <src id="LOSAng">
            <dst id="ATLA-M5">158.965333333333</dst>
            <dst id="ATLAng">18033.7893333333</dst>
            <dst id="CHINng">147637.818666667</dst>
            <dst id="DNVRng">13283.6133333333</dst>
            <dst id="HSTNng">3019.45333333333</dst>
            <dst id="IPLSng">39229.1573333333</dst>
            <dst id="KSCYng">5807.77066666667</dst>
            <dst id="LOSAng">16417.608</dst>
            <dst id="NYCMng">51029.2613333333</dst>
            <dst id="SNVAng">8339.624</dst>
            <dst id="STTLng">19250.04</dst>
            <dst id="WASHng">58924.0853333333</dst>
        </src>
        <src id="NYCMng">
            <dst id="ATLA-M5">274.090666666667</dst>
            <dst id="ATLAng">45809.36</dst>
            <dst id="CHINng">67118.4293333333</dst>
            <dst id="DNVRng">24586.5066666667</dst>
            <dst id="HSTNng">20566.8533333333</dst>
            <dst id="IPLSng">67194.9146666667</dst>
            <dst id="KSCYng">13866.1226666667</dst>
            <dst id="LOSAng">59246.8373333333</dst>
            <dst id="NYCMng">164374.336</dst>
            <dst id="SNVAng">11666.7093333333</dst>
            <dst id="STTLng">21324.9893333333</dst>
            <dst id="WASHng">69382.0773333333</dst>
        </src>
        <src id="SNVAng">
            <dst id="ATLA-M5">0</dst>
            <dst id="ATLAng">698.197333333333</dst>
            <dst id="CHINng">6948.56266666667</dst>
            <dst id="DNVRng">3286.00266666667</dst>
            <dst id="HSTNng">437.704</dst>
            <dst id="IPLSng">2026.90133333333</dst>
            <dst id="KSCYng">838.768</dst>
            <dst id="LOSAng">37603.9493333333</dst>
            <dst id="NYCMng">3947.00533333333</dst>
            <dst id="SNVAng">15156.1546666667</dst>
            <dst id="STTLng">64972.3466666667</dst>
            <dst id="WASHng">778.146666666667</dst>
        </src>
        <src id="STTLng">
            <dst id="ATLA-M5">218.754666666667</dst>
            <dst id="ATLAng">8118.66666666667</dst>
            <dst id="CHINng">73556.8693333333</dst>
            <dst id="DNVRng">3482.688</dst>
            <dst id="HSTNng">1489.53066666667</dst>
            <dst id="IPLSng">9496.88266666667</dst>
            <dst id="KSCYng">2638.88266666667</dst>
            <dst id="LOSAng">24599.0346666667</dst>
            <dst id="NYCMng">19636.928</dst>
            <dst id="SNVAng">3791.44</dst>
            <dst id="STTLng">22513.984</dst>
            <dst id="WASHng">11382.3173333333</dst>
        </src>
        <src id="WASHng">
            <dst id="ATLA-M5">200.88</dst>
            <dst id="ATLAng">108675.624</dst>
            <dst id="CHINng">65099.0026666667</dst>
            <dst id="DNVRng">68046.072</dst>
            <dst id="HSTNng">13904.0106666667</dst>
            <dst id="IPLSng">72667.5146666667</dst>
            <dst id="KSCYng">10774.5946666667</dst>
            <dst id="LOSAng">68452.136</dst>
            <dst id="NYCMng">183260.093333333</dst>
            <dst id="SNVAng">7629.456</dst>
            <dst id="STTLng">37124.6986666667</dst>
            <dst id="WASHng">310605.706666667</dst>
        </src>
    </IntraTM>
</TrafficMatrixFile>
