<?xml version="1.0" encoding="ISO-8859-1" standalone="yes"?>
<TrafficMatrixFile xsi:noNamespaceSchemaLocation="http://totem.run.montefiore.ulg.ac.be/Schema/TrafficMatrix-v1_2.xsd" xmlns:xsi="http://www.w3.org/2001/XMLSchema-instance">
    <IntraTM ASID="11537">
        <src id="ATLA-M5">
            <dst id="ATLA-M5">153.805333333333</dst>
            <dst id="ATLAng">422.298666666667</dst>
            <dst id="CHINng">358.456</dst>
            <dst id="DNVRng">203.205333333333</dst>
            <dst id="HSTNng">190.162666666667</dst>
            <dst id="IPLSng">374.981333333333</dst>
            <dst id="KSCYng">107.688</dst>
            <dst id="LOSAng">26.6666666666667</dst>
            <dst id="NYCMng">242.864</dst>
            <dst id="SNVAng">42.248</dst>
            <dst id="STTLng">187.218666666667</dst>
            <dst id="WASHng">1414.34133333333</dst>
        </src>
        <src id="ATLAng">
            <dst id="ATLA-M5">1399.95733333333</dst>
            <dst id="ATLAng">87464.96</dst>
            <dst id="CHINng">24954.7333333333</dst>
            <dst id="DNVRng">1568.64</dst>
            <dst id="HSTNng">3635.616</dst>
            <dst id="IPLSng">28572.5146666667</dst>
            <dst id="KSCYng">11130.856</dst>
            <dst id="LOSAng">11920.744</dst>
            <dst id="NYCMng">16247.9866666667</dst>
            <dst id="SNVAng">1149.448</dst>
            <dst id="STTLng">10683.8693333333</dst>
            <dst id="WASHng">138063.029333333</dst>
        </src>
        <src id="CHINng">
            <dst id="ATLA-M5">422.312</dst>
            <dst id="ATLAng">15459.232</dst>
            <dst id="CHINng">46319.0666666667</dst>
            <dst id="DNVRng">5118.29866666667</dst>
            <dst id="HSTNng">3725.80266666667</dst>
            <dst id="IPLSng">27128.256</dst>
            <dst id="KSCYng">13289.608</dst>
            <dst id="LOSAng">11740.816</dst>
            <dst id="NYCMng">11111.8266666667</dst>
            <dst id="SNVAng">1553.05333333333</dst>
            <dst id="STTLng">12334.8826666667</dst>
            <dst id="WASHng">14009.9253333333</dst>
        </src>
        <src id="DNVRng">
            <dst id="ATLA-M5">212.186666666667</dst>
            <dst id="ATLAng">23857.9226666667</dst>
            <dst id="CHINng">46801.944</dst>
            <dst id="DNVRng">10505.0426666667</dst>
            <dst id="HSTNng">5888.26666666667</dst>
            <dst id="IPLSng">10266.0293333333</dst>
            <dst id="KSCYng">10396.688</dst>
            <dst id="LOSAng">6364.04533333333</dst>
            <dst id="NYCMng">24656.1386666667</dst>
            <dst id="SNVAng">11895.3333333333</dst>
            <dst id="STTLng">11293.192</dst>
            <dst id="WASHng">23246.2613333333</dst>
        </src>
        <src id="HSTNng">
            <dst id="ATLA-M5">303.549333333333</dst>
            <dst id="ATLAng">5710.232</dst>
            <dst id="CHINng">27018.952</dst>
            <dst id="DNVRng">7387.98133333333</dst>
            <dst id="HSTNng">7246.92</dst>
            <dst id="IPLSng">5925.288</dst>
            <dst id="KSCYng">3224.008</dst>
            <dst id="LOSAng">100281.714666667</dst>
            <dst id="NYCMng">10025.6613333333</dst>
            <dst id="SNVAng">824.024</dst>
            <dst id="STTLng">1144.104</dst>
            <dst id="WASHng">14775.224</dst>
        </src>
        <src id="IPLSng">
            <dst id="ATLA-M5">331.682666666667</dst>
            <dst id="ATLAng">15624.9573333333</dst>
            <dst id="CHINng">128529.853333333</dst>
            <dst id="DNVRng">18182.8773333333</dst>
            <dst id="HSTNng">13199.6133333333</dst>
            <dst id="IPLSng">24859.8266666667</dst>
            <dst id="KSCYng">11491.2213333333</dst>
            <dst id="LOSAng">10481.392</dst>
            <dst id="NYCMng">42284.8266666667</dst>
            <dst id="SNVAng">2881.93066666667</dst>
            <dst id="STTLng">7235.11466666667</dst>
            <dst id="WASHng">32354.992</dst>
        </src>
        <src id="KSCYng">
            <dst id="ATLA-M5">421.016</dst>
            <dst id="ATLAng">15948.0026666667</dst>
            <dst id="CHINng">37930.7946666667</dst>
            <dst id="DNVRng">3165.31733333333</dst>
            <dst id="HSTNng">7804.38133333333</dst>
            <dst id="IPLSng">18832.136</dst>
            <dst id="KSCYng">7291.76533333333</dst>
            <dst id="LOSAng">4398.89866666667</dst>
            <dst id="NYCMng">10325.304</dst>
            <dst id="SNVAng">397.397333333333</dst>
            <dst id="STTLng">2704.33333333333</dst>
            <dst id="WASHng">13506.24</dst>
        </src>
        <src id="LOSAng">
            <dst id="ATLA-M5">573.306666666667</dst>
            <dst id="ATLAng">22808.8106666667</dst>
            <dst id="CHINng">134101.224</dst>
            <dst id="DNVRng">15783.8906666667</dst>
            <dst id="HSTNng">8635.40533333333</dst>
            <dst id="IPLSng">40561.6373333333</dst>
            <dst id="KSCYng">11560.808</dst>
            <dst id="LOSAng">12795.4026666667</dst>
            <dst id="NYCMng">56906.2986666667</dst>
            <dst id="SNVAng">4193.02933333333</dst>
            <dst id="STTLng">17540.368</dst>
            <dst id="WASHng">66093.5173333333</dst>
        </src>
        <src id="NYCMng">
            <dst id="ATLA-M5">1201.97866666667</dst>
            <dst id="ATLAng">46642.5306666667</dst>
            <dst id="CHINng">89550.6746666667</dst>
            <dst id="DNVRng">12351.1546666667</dst>
            <dst id="HSTNng">43187.224</dst>
            <dst id="IPLSng">82964.4906666667</dst>
            <dst id="KSCYng">20287.7626666667</dst>
            <dst id="LOSAng">46719.92</dst>
            <dst id="NYCMng">143490.184</dst>
            <dst id="SNVAng">6617.312</dst>
            <dst id="STTLng">21538.6906666667</dst>
            <dst id="WASHng">84032.8186666667</dst>
        </src>
        <src id="SNVAng">
            <dst id="ATLA-M5">80.992</dst>
            <dst id="ATLAng">1286.80266666667</dst>
            <dst id="CHINng">17901.864</dst>
            <dst id="DNVRng">4333.25866666667</dst>
            <dst id="HSTNng">884.205333333333</dst>
            <dst id="IPLSng">3129.72</dst>
            <dst id="KSCYng">649.781333333333</dst>
            <dst id="LOSAng">15355.5093333333</dst>
            <dst id="NYCMng">2687.136</dst>
            <dst id="SNVAng">673.389333333333</dst>
            <dst id="STTLng">1586.68533333333</dst>
            <dst id="WASHng">3797.74933333333</dst>
        </src>
        <src id="STTLng">
            <dst id="ATLA-M5">258.269333333333</dst>
            <dst id="ATLAng">25708.3173333333</dst>
            <dst id="CHINng">80658.1573333333</dst>
            <dst id="DNVRng">2727.416</dst>
            <dst id="HSTNng">2917.91466666667</dst>
            <dst id="IPLSng">12996.368</dst>
            <dst id="KSCYng">6700.992</dst>
            <dst id="LOSAng">15306.576</dst>
            <dst id="NYCMng">29876.4266666667</dst>
            <dst id="SNVAng">6459.06666666667</dst>
            <dst id="STTLng">17514.392</dst>
            <dst id="WASHng">13205.464</dst>
        </src>
        <src id="WASHng">
            <dst id="ATLA-M5">598.8</dst>
            <dst id="ATLAng">125845.789333333</dst>
            <dst id="CHINng">66474.9786666667</dst>
            <dst id="DNVRng">30414.8026666667</dst>
            <dst id="HSTNng">22831.5493333333</dst>
            <dst id="IPLSng">79729.144</dst>
            <dst id="KSCYng">35828.2426666667</dst>
            <dst id="LOSAng">53489.8986666667</dst>
            <dst id="NYCMng">158435.442666667</dst>
            <dst id="SNVAng">5513.376</dst>
            <dst id="STTLng">26588.0826666667</dst>
            <dst id="WASHng">394760.133333333</dst>
        </src>
    </IntraTM>
</TrafficMatrixFile>
