<?xml version="1.0" encoding="ISO-8859-1" standalone="yes"?>
<TrafficMatrixFile xsi:noNamespaceSchemaLocation="http://totem.run.montefiore.ulg.ac.be/Schema/TrafficMatrix-v1_2.xsd" xmlns:xsi="http://www.w3.org/2001/XMLSchema-instance">
    <IntraTM ASID="11537">
        <src id="ATLA-M5">
            <dst id="ATLA-M5">83.1573333333333</dst>
            <dst id="ATLAng">952.845333333333</dst>
            <dst id="CHINng">5677.68</dst>
            <dst id="DNVRng">538.026666666667</dst>
            <dst id="HSTNng">746.901333333333</dst>
            <dst id="IPLSng">1559.992</dst>
            <dst id="KSCYng">227.488</dst>
            <dst id="LOSAng">207.682666666667</dst>
            <dst id="NYCMng">820.994666666667</dst>
            <dst id="SNVAng">117.016</dst>
            <dst id="STTLng">227.517333333333</dst>
            <dst id="WASHng">1144.016</dst>
        </src>
        <src id="ATLAng">
            <dst id="ATLA-M5">685.693333333333</dst>
            <dst id="ATLAng">18399.6453333333</dst>
            <dst id="CHINng">36429.6853333333</dst>
            <dst id="DNVRng">8647.45866666667</dst>
            <dst id="HSTNng">6223.91733333333</dst>
            <dst id="IPLSng">25587.5093333333</dst>
            <dst id="KSCYng">4869.11733333333</dst>
            <dst id="LOSAng">20905.7946666667</dst>
            <dst id="NYCMng">35957.2826666667</dst>
            <dst id="SNVAng">1335.23466666667</dst>
            <dst id="STTLng">8027.62933333333</dst>
            <dst id="WASHng">61466.28</dst>
        </src>
        <src id="CHINng">
            <dst id="ATLA-M5">838.909333333333</dst>
            <dst id="ATLAng">10439.3733333333</dst>
            <dst id="CHINng">42829.616</dst>
            <dst id="DNVRng">12022.7466666667</dst>
            <dst id="HSTNng">22494.2453333333</dst>
            <dst id="IPLSng">24872.5893333333</dst>
            <dst id="KSCYng">13907.832</dst>
            <dst id="LOSAng">38501.1306666667</dst>
            <dst id="NYCMng">11481.6506666667</dst>
            <dst id="SNVAng">4318.632</dst>
            <dst id="STTLng">9446.03466666667</dst>
            <dst id="WASHng">10199.8026666667</dst>
        </src>
        <src id="DNVRng">
            <dst id="ATLA-M5">863.653333333333</dst>
            <dst id="ATLAng">7724.42933333333</dst>
            <dst id="CHINng">54943.2373333333</dst>
            <dst id="DNVRng">22710.9786666667</dst>
            <dst id="HSTNng">14289.4426666667</dst>
            <dst id="IPLSng">30049.3893333333</dst>
            <dst id="KSCYng">16329.056</dst>
            <dst id="LOSAng">12200.9546666667</dst>
            <dst id="NYCMng">33852.624</dst>
            <dst id="SNVAng">15030.112</dst>
            <dst id="STTLng">27689.672</dst>
            <dst id="WASHng">51528.672</dst>
        </src>
        <src id="HSTNng">
            <dst id="ATLA-M5">4775.04266666667</dst>
            <dst id="ATLAng">6847.35733333333</dst>
            <dst id="CHINng">32455.6906666667</dst>
            <dst id="DNVRng">4729.944</dst>
            <dst id="HSTNng">10524.7253333333</dst>
            <dst id="IPLSng">15207.008</dst>
            <dst id="KSCYng">7461.61866666667</dst>
            <dst id="LOSAng">11147.0613333333</dst>
            <dst id="NYCMng">6363.15733333333</dst>
            <dst id="SNVAng">1736.43733333333</dst>
            <dst id="STTLng">3570.50666666667</dst>
            <dst id="WASHng">10069.2426666667</dst>
        </src>
        <src id="IPLSng">
            <dst id="ATLA-M5">1009.48</dst>
            <dst id="ATLAng">15752.7706666667</dst>
            <dst id="CHINng">85801.2986666667</dst>
            <dst id="DNVRng">29896.44</dst>
            <dst id="HSTNng">9383.14666666667</dst>
            <dst id="IPLSng">19776.2693333333</dst>
            <dst id="KSCYng">17047.7493333333</dst>
            <dst id="LOSAng">97252.6266666667</dst>
            <dst id="NYCMng">54409.12</dst>
            <dst id="SNVAng">3512.072</dst>
            <dst id="STTLng">13870.3893333333</dst>
            <dst id="WASHng">42959.6133333333</dst>
        </src>
        <src id="KSCYng">
            <dst id="ATLA-M5">1027.464</dst>
            <dst id="ATLAng">7025.64533333333</dst>
            <dst id="CHINng">32650.1013333333</dst>
            <dst id="DNVRng">8816.48266666667</dst>
            <dst id="HSTNng">4589.20266666667</dst>
            <dst id="IPLSng">11962.1573333333</dst>
            <dst id="KSCYng">6821.944</dst>
            <dst id="LOSAng">6491.69066666667</dst>
            <dst id="NYCMng">11266.576</dst>
            <dst id="SNVAng">1649.528</dst>
            <dst id="STTLng">6186.36266666667</dst>
            <dst id="WASHng">14810.632</dst>
        </src>
        <src id="LOSAng">
            <dst id="ATLA-M5">530.037333333333</dst>
            <dst id="ATLAng">32517.696</dst>
            <dst id="CHINng">122828.290666667</dst>
            <dst id="DNVRng">14637.9093333333</dst>
            <dst id="HSTNng">8062.44</dst>
            <dst id="IPLSng">46979.0426666667</dst>
            <dst id="KSCYng">15453.6906666667</dst>
            <dst id="LOSAng">36145.656</dst>
            <dst id="NYCMng">64606.1093333334</dst>
            <dst id="SNVAng">13395.0746666667</dst>
            <dst id="STTLng">29742.5813333333</dst>
            <dst id="WASHng">62996.0373333333</dst>
        </src>
        <src id="NYCMng">
            <dst id="ATLA-M5">5177.79466666667</dst>
            <dst id="ATLAng">48740.3466666667</dst>
            <dst id="CHINng">78691.4826666666</dst>
            <dst id="DNVRng">42282.864</dst>
            <dst id="HSTNng">35235.784</dst>
            <dst id="IPLSng">65877.0773333333</dst>
            <dst id="KSCYng">30111.4213333333</dst>
            <dst id="LOSAng">94106.8773333333</dst>
            <dst id="NYCMng">119148.154666667</dst>
            <dst id="SNVAng">8621.08</dst>
            <dst id="STTLng">37551.0693333333</dst>
            <dst id="WASHng">91533.5786666667</dst>
        </src>
        <src id="SNVAng">
            <dst id="ATLA-M5">455.706666666667</dst>
            <dst id="ATLAng">179.402666666667</dst>
            <dst id="CHINng">6427.70133333333</dst>
            <dst id="DNVRng">8821.18933333333</dst>
            <dst id="HSTNng">1286.544</dst>
            <dst id="IPLSng">2280.30666666667</dst>
            <dst id="KSCYng">1004.992</dst>
            <dst id="LOSAng">38733.008</dst>
            <dst id="NYCMng">12604.512</dst>
            <dst id="SNVAng">16799.4186666667</dst>
            <dst id="STTLng">72197.4746666667</dst>
            <dst id="WASHng">2383.376</dst>
        </src>
        <src id="STTLng">
            <dst id="ATLA-M5">139.424</dst>
            <dst id="ATLAng">10476.7466666667</dst>
            <dst id="CHINng">49259.7493333333</dst>
            <dst id="DNVRng">6632.57333333333</dst>
            <dst id="HSTNng">4280.35466666667</dst>
            <dst id="IPLSng">16468.0346666667</dst>
            <dst id="KSCYng">7603.94133333333</dst>
            <dst id="LOSAng">33341.6586666667</dst>
            <dst id="NYCMng">25880.728</dst>
            <dst id="SNVAng">7345.21066666667</dst>
            <dst id="STTLng">15525.528</dst>
            <dst id="WASHng">14792.384</dst>
        </src>
        <src id="WASHng">
            <dst id="ATLA-M5">3078.22133333333</dst>
            <dst id="ATLAng">160310.725333333</dst>
            <dst id="CHINng">105715.888</dst>
            <dst id="DNVRng">52279.064</dst>
            <dst id="HSTNng">17439.1653333333</dst>
            <dst id="IPLSng">73110.6826666667</dst>
            <dst id="KSCYng">17255.376</dst>
            <dst id="LOSAng">64712.3386666667</dst>
            <dst id="NYCMng">193983.650666667</dst>
            <dst id="SNVAng">13979.0426666667</dst>
            <dst id="STTLng">37193.0666666667</dst>
            <dst id="WASHng">242678.861333333</dst>
        </src>
    </IntraTM>
</TrafficMatrixFile>
