<?xml version="1.0" encoding="ISO-8859-1" standalone="yes"?>
<TrafficMatrixFile xsi:noNamespaceSchemaLocation="http://totem.run.montefiore.ulg.ac.be/Schema/TrafficMatrix-v1_2.xsd" xmlns:xsi="http://www.w3.org/2001/XMLSchema-instance">
    <IntraTM ASID="11537">
        <src id="ATLA-M5">
            <dst id="ATLA-M5">0</dst>
            <dst id="ATLAng">619.818666666667</dst>
            <dst id="CHINng">2617.072</dst>
            <dst id="DNVRng">397.514666666667</dst>
            <dst id="HSTNng">640.229333333333</dst>
            <dst id="IPLSng">952.464</dst>
            <dst id="KSCYng">314.514666666667</dst>
            <dst id="LOSAng">330.581333333333</dst>
            <dst id="NYCMng">2171.09866666667</dst>
            <dst id="SNVAng">330.208</dst>
            <dst id="STTLng">412.048</dst>
            <dst id="WASHng">3762.92266666667</dst>
        </src>
        <src id="ATLAng">
            <dst id="ATLA-M5">2384.10933333333</dst>
            <dst id="ATLAng">26732.864</dst>
            <dst id="CHINng">28597.8506666667</dst>
            <dst id="DNVRng">5306.07466666667</dst>
            <dst id="HSTNng">12531.608</dst>
            <dst id="IPLSng">28443.3786666667</dst>
            <dst id="KSCYng">11482.952</dst>
            <dst id="LOSAng">19571.668</dst>
            <dst id="NYCMng">22175.1306666667</dst>
            <dst id="SNVAng">1080.004</dst>
            <dst id="STTLng">10003.224</dst>
            <dst id="WASHng">63341.624</dst>
        </src>
        <src id="CHINng">
            <dst id="ATLA-M5">875.648</dst>
            <dst id="ATLAng">14247.1226666667</dst>
            <dst id="CHINng">33255.112</dst>
            <dst id="DNVRng">8326.41066666666</dst>
            <dst id="HSTNng">10742.0986666667</dst>
            <dst id="IPLSng">23291.3973333333</dst>
            <dst id="KSCYng">10621.872</dst>
            <dst id="LOSAng">33117.984</dst>
            <dst id="NYCMng">7306.984</dst>
            <dst id="SNVAng">4226.80533333333</dst>
            <dst id="STTLng">5831.70133333333</dst>
            <dst id="WASHng">7418.592</dst>
        </src>
        <src id="DNVRng">
            <dst id="ATLA-M5">1004.40533333333</dst>
            <dst id="ATLAng">7454.072</dst>
            <dst id="CHINng">53409.7706666667</dst>
            <dst id="DNVRng">8331.144</dst>
            <dst id="HSTNng">14555.3466666667</dst>
            <dst id="IPLSng">30209.4426666667</dst>
            <dst id="KSCYng">10963.016</dst>
            <dst id="LOSAng">13435.3653333333</dst>
            <dst id="NYCMng">28210.4906666667</dst>
            <dst id="SNVAng">5995.168</dst>
            <dst id="STTLng">13095.5093333333</dst>
            <dst id="WASHng">40485.624</dst>
        </src>
        <src id="HSTNng">
            <dst id="ATLA-M5">2532.304</dst>
            <dst id="ATLAng">7276.27733333333</dst>
            <dst id="CHINng">27315.856</dst>
            <dst id="DNVRng">3830.32533333333</dst>
            <dst id="HSTNng">13968.384</dst>
            <dst id="IPLSng">12716.92</dst>
            <dst id="KSCYng">4886.73066666667</dst>
            <dst id="LOSAng">108488.261333333</dst>
            <dst id="NYCMng">8401.224</dst>
            <dst id="SNVAng">1718.952</dst>
            <dst id="STTLng">2597.81066666667</dst>
            <dst id="WASHng">8451.59466666667</dst>
        </src>
        <src id="IPLSng">
            <dst id="ATLA-M5">1999.03733333333</dst>
            <dst id="ATLAng">18405.7653333333</dst>
            <dst id="CHINng">82162.824</dst>
            <dst id="DNVRng">25212.4693333333</dst>
            <dst id="HSTNng">12070.6746666667</dst>
            <dst id="IPLSng">24017.8586666667</dst>
            <dst id="KSCYng">13186.192</dst>
            <dst id="LOSAng">99041.328</dst>
            <dst id="NYCMng">45474.9653333333</dst>
            <dst id="SNVAng">4196.91733333333</dst>
            <dst id="STTLng">10800.6613333333</dst>
            <dst id="WASHng">41865.4373333333</dst>
        </src>
        <src id="KSCYng">
            <dst id="ATLA-M5">1644.98133333333</dst>
            <dst id="ATLAng">7089.35733333333</dst>
            <dst id="CHINng">33178.4346666667</dst>
            <dst id="DNVRng">6644.46933333333</dst>
            <dst id="HSTNng">5111.74133333333</dst>
            <dst id="IPLSng">16552.5013333333</dst>
            <dst id="KSCYng">8472.04266666667</dst>
            <dst id="LOSAng">6613.392</dst>
            <dst id="NYCMng">10737.048</dst>
            <dst id="SNVAng">1596.75733333333</dst>
            <dst id="STTLng">3135.70666666667</dst>
            <dst id="WASHng">12628.3653333333</dst>
        </src>
        <src id="LOSAng">
            <dst id="ATLA-M5">2267.30666666667</dst>
            <dst id="ATLAng">22616.472</dst>
            <dst id="CHINng">107119.229333333</dst>
            <dst id="DNVRng">14144.728</dst>
            <dst id="HSTNng">11310.5653333333</dst>
            <dst id="IPLSng">46247.3306666667</dst>
            <dst id="KSCYng">14254.5813333333</dst>
            <dst id="LOSAng">26797.192</dst>
            <dst id="NYCMng">74758.856</dst>
            <dst id="SNVAng">10322.7093333333</dst>
            <dst id="STTLng">27000.3226666667</dst>
            <dst id="WASHng">62131.8693333334</dst>
        </src>
        <src id="NYCMng">
            <dst id="ATLA-M5">2893.02133333333</dst>
            <dst id="ATLAng">45733.9306666667</dst>
            <dst id="CHINng">81469.1573333333</dst>
            <dst id="DNVRng">38595.384</dst>
            <dst id="HSTNng">37099.7333333333</dst>
            <dst id="IPLSng">68303.552</dst>
            <dst id="KSCYng">33021.616</dst>
            <dst id="LOSAng">95912.3226666667</dst>
            <dst id="NYCMng">125262.525333333</dst>
            <dst id="SNVAng">12054.8533333333</dst>
            <dst id="STTLng">34521.304</dst>
            <dst id="WASHng">119605.898666667</dst>
        </src>
        <src id="SNVAng">
            <dst id="ATLA-M5">1249.712</dst>
            <dst id="ATLAng">308.349333333333</dst>
            <dst id="CHINng">5067.78933333333</dst>
            <dst id="DNVRng">3180.576</dst>
            <dst id="HSTNng">1442.488</dst>
            <dst id="IPLSng">2769.74933333333</dst>
            <dst id="KSCYng">1989.78666666667</dst>
            <dst id="LOSAng">43174.3973333333</dst>
            <dst id="NYCMng">2304.064</dst>
            <dst id="SNVAng">15283.9733333333</dst>
            <dst id="STTLng">55563.072</dst>
            <dst id="WASHng">2248.496</dst>
        </src>
        <src id="STTLng">
            <dst id="ATLA-M5">108.016</dst>
            <dst id="ATLAng">13072.2453333333</dst>
            <dst id="CHINng">46021.488</dst>
            <dst id="DNVRng">7127.14666666667</dst>
            <dst id="HSTNng">2993.512</dst>
            <dst id="IPLSng">13705.2693333333</dst>
            <dst id="KSCYng">7888.74933333333</dst>
            <dst id="LOSAng">31153.4426666667</dst>
            <dst id="NYCMng">25059.0826666667</dst>
            <dst id="SNVAng">6082.984</dst>
            <dst id="STTLng">15359.8346666667</dst>
            <dst id="WASHng">14064.264</dst>
        </src>
        <src id="WASHng">
            <dst id="ATLA-M5">7363.776</dst>
            <dst id="ATLAng">148646.634666667</dst>
            <dst id="CHINng">106092.688</dst>
            <dst id="DNVRng">53050.6853333333</dst>
            <dst id="HSTNng">42014.384</dst>
            <dst id="IPLSng">79115.1706666666</dst>
            <dst id="KSCYng">13325.8933333333</dst>
            <dst id="LOSAng">69491.448</dst>
            <dst id="NYCMng">196721.437333333</dst>
            <dst id="SNVAng">14861.2346666667</dst>
            <dst id="STTLng">39093.144</dst>
            <dst id="WASHng">268927.44</dst>
        </src>
    </IntraTM>
</TrafficMatrixFile>
