<?xml version="1.0" encoding="ISO-8859-1" standalone="yes"?>
<TrafficMatrixFile xsi:noNamespaceSchemaLocation="http://totem.run.montefiore.ulg.ac.be/Schema/TrafficMatrix-v1_2.xsd" xmlns:xsi="http://www.w3.org/2001/XMLSchema-instance">
    <IntraTM ASID="11537">
        <src id="ATLA-M5">
            <dst id="ATLA-M5">150.088</dst>
            <dst id="ATLAng">1813.62666666667</dst>
            <dst id="CHINng">1643.648</dst>
            <dst id="DNVRng">171.6</dst>
            <dst id="HSTNng">1077.54933333333</dst>
            <dst id="IPLSng">699.666666666667</dst>
            <dst id="KSCYng">436.592</dst>
            <dst id="LOSAng">900.514666666666</dst>
            <dst id="NYCMng">409.541333333333</dst>
            <dst id="SNVAng">53.3626666666667</dst>
            <dst id="STTLng">132.837333333333</dst>
            <dst id="WASHng">3295.05333333333</dst>
        </src>
        <src id="ATLAng">
            <dst id="ATLA-M5">1077.8</dst>
            <dst id="ATLAng">30050.2826666667</dst>
            <dst id="CHINng">29105.176</dst>
            <dst id="DNVRng">5592.93866666667</dst>
            <dst id="HSTNng">4429.33333333333</dst>
            <dst id="IPLSng">38040.5733333333</dst>
            <dst id="KSCYng">13471.1013333333</dst>
            <dst id="LOSAng">12518.4973333333</dst>
            <dst id="NYCMng">15490.3413333333</dst>
            <dst id="SNVAng">2287.5</dst>
            <dst id="STTLng">6755.336</dst>
            <dst id="WASHng">97086.2026666667</dst>
        </src>
        <src id="CHINng">
            <dst id="ATLA-M5">302.925333333333</dst>
            <dst id="ATLAng">12973.0026666667</dst>
            <dst id="CHINng">50707.3386666667</dst>
            <dst id="DNVRng">6711.02666666667</dst>
            <dst id="HSTNng">7492.27733333333</dst>
            <dst id="IPLSng">54590.5333333333</dst>
            <dst id="KSCYng">10003.7786666667</dst>
            <dst id="LOSAng">17035.7413333333</dst>
            <dst id="NYCMng">6525.60533333333</dst>
            <dst id="SNVAng">3586.52266666667</dst>
            <dst id="STTLng">6692.64</dst>
            <dst id="WASHng">18633.6346666667</dst>
        </src>
        <src id="DNVRng">
            <dst id="ATLA-M5">5195.08</dst>
            <dst id="ATLAng">10662.08</dst>
            <dst id="CHINng">82771.04</dst>
            <dst id="DNVRng">13605.1466666667</dst>
            <dst id="HSTNng">11279.2666666667</dst>
            <dst id="IPLSng">32111.2373333333</dst>
            <dst id="KSCYng">29139.6826666667</dst>
            <dst id="LOSAng">13520.4773333333</dst>
            <dst id="NYCMng">26268.576</dst>
            <dst id="SNVAng">10928.08</dst>
            <dst id="STTLng">16763.7306666667</dst>
            <dst id="WASHng">50139.0746666667</dst>
        </src>
        <src id="HSTNng">
            <dst id="ATLA-M5">3637.67466666667</dst>
            <dst id="ATLAng">6923.18933333333</dst>
            <dst id="CHINng">29283.6106666667</dst>
            <dst id="DNVRng">1776.02133333333</dst>
            <dst id="HSTNng">8803.54666666667</dst>
            <dst id="IPLSng">11553.632</dst>
            <dst id="KSCYng">3188.28266666667</dst>
            <dst id="LOSAng">9384.17866666667</dst>
            <dst id="NYCMng">10035.032</dst>
            <dst id="SNVAng">950.962666666667</dst>
            <dst id="STTLng">2557.69333333333</dst>
            <dst id="WASHng">5672.22933333333</dst>
        </src>
        <src id="IPLSng">
            <dst id="ATLA-M5">535.2</dst>
            <dst id="ATLAng">19310.3493333333</dst>
            <dst id="CHINng">167486.525333333</dst>
            <dst id="DNVRng">29530.408</dst>
            <dst id="HSTNng">9238.76</dst>
            <dst id="IPLSng">54282.9733333333</dst>
            <dst id="KSCYng">23579.2506666667</dst>
            <dst id="LOSAng">20800.9653333333</dst>
            <dst id="NYCMng">53758.6986666667</dst>
            <dst id="SNVAng">9306.45333333333</dst>
            <dst id="STTLng">8843.2</dst>
            <dst id="WASHng">67423.136</dst>
        </src>
        <src id="KSCYng">
            <dst id="ATLA-M5">444.490666666667</dst>
            <dst id="ATLAng">9584.112</dst>
            <dst id="CHINng">41312.3306666667</dst>
            <dst id="DNVRng">11929.4613333333</dst>
            <dst id="HSTNng">3891.61866666667</dst>
            <dst id="IPLSng">13679.4666666667</dst>
            <dst id="KSCYng">14414.664</dst>
            <dst id="LOSAng">3406.09066666667</dst>
            <dst id="NYCMng">8544.63733333333</dst>
            <dst id="SNVAng">1636.79733333333</dst>
            <dst id="STTLng">4001.344</dst>
            <dst id="WASHng">13105.8666666667</dst>
        </src>
        <src id="LOSAng">
            <dst id="ATLA-M5">884.370666666667</dst>
            <dst id="ATLAng">27423.8266666667</dst>
            <dst id="CHINng">164524.085333333</dst>
            <dst id="DNVRng">14734.2693333333</dst>
            <dst id="HSTNng">10034.7413333333</dst>
            <dst id="IPLSng">40298.2506666667</dst>
            <dst id="KSCYng">12117.6773333333</dst>
            <dst id="LOSAng">13591.7226666667</dst>
            <dst id="NYCMng">52574.9626666667</dst>
            <dst id="SNVAng">8531.25866666666</dst>
            <dst id="STTLng">20993.9013333333</dst>
            <dst id="WASHng">81332.1253333333</dst>
        </src>
        <src id="NYCMng">
            <dst id="ATLA-M5">2513.50933333333</dst>
            <dst id="ATLAng">48283.6506666667</dst>
            <dst id="CHINng">68994.6106666667</dst>
            <dst id="DNVRng">36920.1253333333</dst>
            <dst id="HSTNng">18144.408</dst>
            <dst id="IPLSng">78336.7546666667</dst>
            <dst id="KSCYng">32933.64</dst>
            <dst id="LOSAng">47902.2053333333</dst>
            <dst id="NYCMng">167839.248</dst>
            <dst id="SNVAng">7807.52</dst>
            <dst id="STTLng">25324.4293333333</dst>
            <dst id="WASHng">131235.506666667</dst>
        </src>
        <src id="SNVAng">
            <dst id="ATLA-M5">101.296</dst>
            <dst id="ATLAng">846.597333333333</dst>
            <dst id="CHINng">7716.01333333333</dst>
            <dst id="DNVRng">5868.32533333333</dst>
            <dst id="HSTNng">377.893333333333</dst>
            <dst id="IPLSng">2821.78133333333</dst>
            <dst id="KSCYng">1580.60533333333</dst>
            <dst id="LOSAng">34837.4186666667</dst>
            <dst id="NYCMng">5964.38133333333</dst>
            <dst id="SNVAng">17806.496</dst>
            <dst id="STTLng">56117.3333333333</dst>
            <dst id="WASHng">2226.56533333333</dst>
        </src>
        <src id="STTLng">
            <dst id="ATLA-M5">1011.744</dst>
            <dst id="ATLAng">16426.4586666667</dst>
            <dst id="CHINng">93452.2346666667</dst>
            <dst id="DNVRng">5085.952</dst>
            <dst id="HSTNng">5334.504</dst>
            <dst id="IPLSng">21657.9386666667</dst>
            <dst id="KSCYng">6173.34666666667</dst>
            <dst id="LOSAng">57050.808</dst>
            <dst id="NYCMng">25554.1013333333</dst>
            <dst id="SNVAng">6024.112</dst>
            <dst id="STTLng">9181.87466666667</dst>
            <dst id="WASHng">19224.96</dst>
        </src>
        <src id="WASHng">
            <dst id="ATLA-M5">3294.14666666667</dst>
            <dst id="ATLAng">136981.672</dst>
            <dst id="CHINng">102666.736</dst>
            <dst id="DNVRng">48709.9306666667</dst>
            <dst id="HSTNng">26200.8986666667</dst>
            <dst id="IPLSng">72683.1813333333</dst>
            <dst id="KSCYng">39182.9493333333</dst>
            <dst id="LOSAng">67663.4586666666</dst>
            <dst id="NYCMng">220846.954666667</dst>
            <dst id="SNVAng">5230.224</dst>
            <dst id="STTLng">37058.8426666667</dst>
            <dst id="WASHng">374599.84</dst>
        </src>
    </IntraTM>
</TrafficMatrixFile>
