<?xml version="1.0" encoding="ISO-8859-1" standalone="yes"?>
<TrafficMatrixFile xsi:noNamespaceSchemaLocation="http://totem.run.montefiore.ulg.ac.be/Schema/TrafficMatrix-v1_2.xsd" xmlns:xsi="http://www.w3.org/2001/XMLSchema-instance">
    <IntraTM ASID="11537">
        <src id="ATLA-M5">
            <dst id="ATLA-M5">327.205333333333</dst>
            <dst id="ATLAng">4647.064</dst>
            <dst id="CHINng">2200.75466666667</dst>
            <dst id="DNVRng">176.165333333333</dst>
            <dst id="HSTNng">258.032</dst>
            <dst id="IPLSng">1747.16533333333</dst>
            <dst id="KSCYng">897.696</dst>
            <dst id="LOSAng">493.141333333333</dst>
            <dst id="NYCMng">2742.08266666667</dst>
            <dst id="SNVAng">80</dst>
            <dst id="STTLng">158.298666666667</dst>
            <dst id="WASHng">4538.584</dst>
        </src>
        <src id="ATLAng">
            <dst id="ATLA-M5">1702.03733333333</dst>
            <dst id="ATLAng">29887.6426666667</dst>
            <dst id="CHINng">46928.592</dst>
            <dst id="DNVRng">6470.33866666667</dst>
            <dst id="HSTNng">10058.08</dst>
            <dst id="IPLSng">43010.8693333333</dst>
            <dst id="KSCYng">18830.6613333333</dst>
            <dst id="LOSAng">21318.36</dst>
            <dst id="NYCMng">14651.6986666667</dst>
            <dst id="SNVAng">2683.304</dst>
            <dst id="STTLng">7427.76533333333</dst>
            <dst id="WASHng">97885.48</dst>
        </src>
        <src id="CHINng">
            <dst id="ATLA-M5">598.482666666667</dst>
            <dst id="ATLAng">16414.984</dst>
            <dst id="CHINng">70088.9386666667</dst>
            <dst id="DNVRng">11260.0213333333</dst>
            <dst id="HSTNng">10509.7733333333</dst>
            <dst id="IPLSng">90582.4026666666</dst>
            <dst id="KSCYng">7446.32266666667</dst>
            <dst id="LOSAng">21226.744</dst>
            <dst id="NYCMng">5879.52533333333</dst>
            <dst id="SNVAng">6019.52</dst>
            <dst id="STTLng">6666.744</dst>
            <dst id="WASHng">16542.032</dst>
        </src>
        <src id="DNVRng">
            <dst id="ATLA-M5">55.016</dst>
            <dst id="ATLAng">18033.0506666667</dst>
            <dst id="CHINng">76295.9653333333</dst>
            <dst id="DNVRng">23708.7813333333</dst>
            <dst id="HSTNng">13443.7093333333</dst>
            <dst id="IPLSng">36086.04</dst>
            <dst id="KSCYng">22248.1973333333</dst>
            <dst id="LOSAng">12485.8746666667</dst>
            <dst id="NYCMng">27949.3786666667</dst>
            <dst id="SNVAng">14961.648</dst>
            <dst id="STTLng">20739.1173333333</dst>
            <dst id="WASHng">72112.456</dst>
        </src>
        <src id="HSTNng">
            <dst id="ATLA-M5">1666.128</dst>
            <dst id="ATLAng">6136.88</dst>
            <dst id="CHINng">24945.1466666667</dst>
            <dst id="DNVRng">2940.50133333333</dst>
            <dst id="HSTNng">17331.392</dst>
            <dst id="IPLSng">13187.52</dst>
            <dst id="KSCYng">3575.376</dst>
            <dst id="LOSAng">11762.8506666667</dst>
            <dst id="NYCMng">20005.52</dst>
            <dst id="SNVAng">1866.18933333333</dst>
            <dst id="STTLng">1945.976</dst>
            <dst id="WASHng">15622.4853333333</dst>
        </src>
        <src id="IPLSng">
            <dst id="ATLA-M5">1050.336</dst>
            <dst id="ATLAng">28188.2906666667</dst>
            <dst id="CHINng">147047.866666667</dst>
            <dst id="DNVRng">15949.912</dst>
            <dst id="HSTNng">7746.776</dst>
            <dst id="IPLSng">34903.0346666667</dst>
            <dst id="KSCYng">22538.4426666667</dst>
            <dst id="LOSAng">30382.9466666667</dst>
            <dst id="NYCMng">51094.4</dst>
            <dst id="SNVAng">6725.288</dst>
            <dst id="STTLng">13351.8613333333</dst>
            <dst id="WASHng">101668.178666667</dst>
        </src>
        <src id="KSCYng">
            <dst id="ATLA-M5">924.098666666667</dst>
            <dst id="ATLAng">9443.02666666667</dst>
            <dst id="CHINng">49773.2</dst>
            <dst id="DNVRng">10359.2293333333</dst>
            <dst id="HSTNng">3894.40266666667</dst>
            <dst id="IPLSng">17220.7733333333</dst>
            <dst id="KSCYng">13880.04</dst>
            <dst id="LOSAng">6165.87466666667</dst>
            <dst id="NYCMng">8302.57066666667</dst>
            <dst id="SNVAng">1895.96266666667</dst>
            <dst id="STTLng">3170.99466666667</dst>
            <dst id="WASHng">12842.424</dst>
        </src>
        <src id="LOSAng">
            <dst id="ATLA-M5">475.797333333333</dst>
            <dst id="ATLAng">20126.6933333333</dst>
            <dst id="CHINng">166090.202666667</dst>
            <dst id="DNVRng">13570.8</dst>
            <dst id="HSTNng">9397.776</dst>
            <dst id="IPLSng">46242.3546666667</dst>
            <dst id="KSCYng">10625.872</dst>
            <dst id="LOSAng">14077.056</dst>
            <dst id="NYCMng">60825.7173333333</dst>
            <dst id="SNVAng">10286.7946666667</dst>
            <dst id="STTLng">31460.8106666667</dst>
            <dst id="WASHng">71161.1493333333</dst>
        </src>
        <src id="NYCMng">
            <dst id="ATLA-M5">3622.88</dst>
            <dst id="ATLAng">46215.3786666667</dst>
            <dst id="CHINng">69652.016</dst>
            <dst id="DNVRng">32824.1146666667</dst>
            <dst id="HSTNng">16992.3146666667</dst>
            <dst id="IPLSng">80885.2986666667</dst>
            <dst id="KSCYng">38507.4</dst>
            <dst id="LOSAng">54518.016</dst>
            <dst id="NYCMng">158586.906666667</dst>
            <dst id="SNVAng">10552.488</dst>
            <dst id="STTLng">22615.6506666667</dst>
            <dst id="WASHng">206725.013333333</dst>
        </src>
        <src id="SNVAng">
            <dst id="ATLA-M5">103.197333333333</dst>
            <dst id="ATLAng">1438.568</dst>
            <dst id="CHINng">9602.13866666667</dst>
            <dst id="DNVRng">22863.6133333333</dst>
            <dst id="HSTNng">547.466666666667</dst>
            <dst id="IPLSng">3119.16</dst>
            <dst id="KSCYng">2106.18666666667</dst>
            <dst id="LOSAng">34048.2666666667</dst>
            <dst id="NYCMng">2121.42133333333</dst>
            <dst id="SNVAng">14390.3946666667</dst>
            <dst id="STTLng">65084.592</dst>
            <dst id="WASHng">2404.39733333333</dst>
        </src>
        <src id="STTLng">
            <dst id="ATLA-M5">193.245333333333</dst>
            <dst id="ATLAng">15039.784</dst>
            <dst id="CHINng">85688.3306666667</dst>
            <dst id="DNVRng">7335.41866666667</dst>
            <dst id="HSTNng">6470.6</dst>
            <dst id="IPLSng">27175.4</dst>
            <dst id="KSCYng">6700.52266666667</dst>
            <dst id="LOSAng">28040.0773333333</dst>
            <dst id="NYCMng">22204.568</dst>
            <dst id="SNVAng">10177.536</dst>
            <dst id="STTLng">25948.5253333333</dst>
            <dst id="WASHng">22733.2186666667</dst>
        </src>
        <src id="WASHng">
            <dst id="ATLA-M5">2982.136</dst>
            <dst id="ATLAng">141290.749333333</dst>
            <dst id="CHINng">95358.3306666667</dst>
            <dst id="DNVRng">56485.7146666667</dst>
            <dst id="HSTNng">33238.0373333333</dst>
            <dst id="IPLSng">91176.6186666667</dst>
            <dst id="KSCYng">43960.1546666667</dst>
            <dst id="LOSAng">69315.1626666667</dst>
            <dst id="NYCMng">226774.562666667</dst>
            <dst id="SNVAng">7912.26133333333</dst>
            <dst id="STTLng">35558.5333333333</dst>
            <dst id="WASHng">382526.266666667</dst>
        </src>
    </IntraTM>
</TrafficMatrixFile>
