<?xml version="1.0" encoding="ISO-8859-1" standalone="yes"?>
<TrafficMatrixFile xsi:noNamespaceSchemaLocation="http://totem.run.montefiore.ulg.ac.be/Schema/TrafficMatrix-v1_2.xsd" xmlns:xsi="http://www.w3.org/2001/XMLSchema-instance">
    <IntraTM ASID="11537">
        <src id="ATLA-M5">
            <dst id="ATLA-M5">26.6666666666667</dst>
            <dst id="ATLAng">873.717333333333</dst>
            <dst id="CHINng">1935.72</dst>
            <dst id="DNVRng">2017.51733333333</dst>
            <dst id="HSTNng">361.896</dst>
            <dst id="IPLSng">1813.45066666667</dst>
            <dst id="KSCYng">288.314666666667</dst>
            <dst id="LOSAng">1302.56266666667</dst>
            <dst id="NYCMng">3259.04</dst>
            <dst id="SNVAng">216.224</dst>
            <dst id="STTLng">150.853333333333</dst>
            <dst id="WASHng">1290.664</dst>
        </src>
        <src id="ATLAng">
            <dst id="ATLA-M5">919.413333333333</dst>
            <dst id="ATLAng">33917.528</dst>
            <dst id="CHINng">23706.3253333333</dst>
            <dst id="DNVRng">9056.09066666667</dst>
            <dst id="HSTNng">8079.14133333333</dst>
            <dst id="IPLSng">36081.8533333333</dst>
            <dst id="KSCYng">12567.9093333333</dst>
            <dst id="LOSAng">23079.4706666667</dst>
            <dst id="NYCMng">16953.4453333333</dst>
            <dst id="SNVAng">2059.98533333333</dst>
            <dst id="STTLng">8564.98666666667</dst>
            <dst id="WASHng">92163.3866666667</dst>
        </src>
        <src id="CHINng">
            <dst id="ATLA-M5">3975.69333333333</dst>
            <dst id="ATLAng">26279.4693333333</dst>
            <dst id="CHINng">37398.2986666667</dst>
            <dst id="DNVRng">11294.9786666667</dst>
            <dst id="HSTNng">10665.5093333333</dst>
            <dst id="IPLSng">47696.992</dst>
            <dst id="KSCYng">12306.2453333333</dst>
            <dst id="LOSAng">36837.0613333333</dst>
            <dst id="NYCMng">7518.984</dst>
            <dst id="SNVAng">12033.688</dst>
            <dst id="STTLng">13098.504</dst>
            <dst id="WASHng">15446.176</dst>
        </src>
        <src id="DNVRng">
            <dst id="ATLA-M5">182.194666666667</dst>
            <dst id="ATLAng">5735.29066666667</dst>
            <dst id="CHINng">63105.9546666667</dst>
            <dst id="DNVRng">22261.4666666667</dst>
            <dst id="HSTNng">18303.384</dst>
            <dst id="IPLSng">33624.608</dst>
            <dst id="KSCYng">21811.2506666667</dst>
            <dst id="LOSAng">13839.872</dst>
            <dst id="NYCMng">23631.328</dst>
            <dst id="SNVAng">14061.328</dst>
            <dst id="STTLng">18393.1893333333</dst>
            <dst id="WASHng">59510.4506666667</dst>
        </src>
        <src id="HSTNng">
            <dst id="ATLA-M5">2918.58666666667</dst>
            <dst id="ATLAng">6904.94133333333</dst>
            <dst id="CHINng">28912.552</dst>
            <dst id="DNVRng">5241.008</dst>
            <dst id="HSTNng">15593.4266666667</dst>
            <dst id="IPLSng">12846.584</dst>
            <dst id="KSCYng">3504.66666666667</dst>
            <dst id="LOSAng">12618.1493333333</dst>
            <dst id="NYCMng">7329.08</dst>
            <dst id="SNVAng">954.696</dst>
            <dst id="STTLng">6863.17866666667</dst>
            <dst id="WASHng">15289.9706666667</dst>
        </src>
        <src id="IPLSng">
            <dst id="ATLA-M5">1802.10666666667</dst>
            <dst id="ATLAng">20452.8373333333</dst>
            <dst id="CHINng">110925.818666667</dst>
            <dst id="DNVRng">31099.256</dst>
            <dst id="HSTNng">24330.9306666667</dst>
            <dst id="IPLSng">29655.7946666667</dst>
            <dst id="KSCYng">12977.9733333333</dst>
            <dst id="LOSAng">98749.1013333333</dst>
            <dst id="NYCMng">36216.152</dst>
            <dst id="SNVAng">14524.5333333333</dst>
            <dst id="STTLng">14451.808</dst>
            <dst id="WASHng">59724.2346666667</dst>
        </src>
        <src id="KSCYng">
            <dst id="ATLA-M5">711.496</dst>
            <dst id="ATLAng">8617.84</dst>
            <dst id="CHINng">44175.3546666667</dst>
            <dst id="DNVRng">14548.04</dst>
            <dst id="HSTNng">6405.01866666667</dst>
            <dst id="IPLSng">22295.176</dst>
            <dst id="KSCYng">15272.3493333333</dst>
            <dst id="LOSAng">9120.416</dst>
            <dst id="NYCMng">12851.776</dst>
            <dst id="SNVAng">942.376</dst>
            <dst id="STTLng">5158.33066666667</dst>
            <dst id="WASHng">19344.776</dst>
        </src>
        <src id="LOSAng">
            <dst id="ATLA-M5">399.498666666667</dst>
            <dst id="ATLAng">37800.0426666667</dst>
            <dst id="CHINng">121190.482666667</dst>
            <dst id="DNVRng">22937.872</dst>
            <dst id="HSTNng">10913.9573333333</dst>
            <dst id="IPLSng">69048.184</dst>
            <dst id="KSCYng">10815.232</dst>
            <dst id="LOSAng">26413.024</dst>
            <dst id="NYCMng">60184.1893333333</dst>
            <dst id="SNVAng">14995.88</dst>
            <dst id="STTLng">41878.3413333333</dst>
            <dst id="WASHng">71535.96</dst>
        </src>
        <src id="NYCMng">
            <dst id="ATLA-M5">4951.02933333333</dst>
            <dst id="ATLAng">57630.7093333333</dst>
            <dst id="CHINng">67758.2933333333</dst>
            <dst id="DNVRng">40791.2533333333</dst>
            <dst id="HSTNng">51294.5786666667</dst>
            <dst id="IPLSng">96424.6986666667</dst>
            <dst id="KSCYng">27878.0186666667</dst>
            <dst id="LOSAng">97696.8</dst>
            <dst id="NYCMng">153346.378666667</dst>
            <dst id="SNVAng">10432.248</dst>
            <dst id="STTLng">37348.7493333333</dst>
            <dst id="WASHng">124051.853333333</dst>
        </src>
        <src id="SNVAng">
            <dst id="ATLA-M5">61.7653333333333</dst>
            <dst id="ATLAng">1758.544</dst>
            <dst id="CHINng">5818.68266666667</dst>
            <dst id="DNVRng">5202.26666666667</dst>
            <dst id="HSTNng">1377.47733333333</dst>
            <dst id="IPLSng">1954.224</dst>
            <dst id="KSCYng">905.621333333333</dst>
            <dst id="LOSAng">41209.104</dst>
            <dst id="NYCMng">3534.79466666667</dst>
            <dst id="SNVAng">24634.4346666667</dst>
            <dst id="STTLng">65063.336</dst>
            <dst id="WASHng">2156.54133333333</dst>
        </src>
        <src id="STTLng">
            <dst id="ATLA-M5">106.666666666667</dst>
            <dst id="ATLAng">14725.7013333333</dst>
            <dst id="CHINng">51881.7866666667</dst>
            <dst id="DNVRng">5857.77066666667</dst>
            <dst id="HSTNng">2976.16</dst>
            <dst id="IPLSng">24462.68</dst>
            <dst id="KSCYng">6954.32266666667</dst>
            <dst id="LOSAng">37088.6186666667</dst>
            <dst id="NYCMng">29177.4346666667</dst>
            <dst id="SNVAng">13191.112</dst>
            <dst id="STTLng">17860.6533333333</dst>
            <dst id="WASHng">24183.368</dst>
        </src>
        <src id="WASHng">
            <dst id="ATLA-M5">1649.80533333333</dst>
            <dst id="ATLAng">112633.04</dst>
            <dst id="CHINng">99009.2026666667</dst>
            <dst id="DNVRng">69134.9653333333</dst>
            <dst id="HSTNng">21201.5626666667</dst>
            <dst id="IPLSng">69161.9893333333</dst>
            <dst id="KSCYng">16615.136</dst>
            <dst id="LOSAng">84767.376</dst>
            <dst id="NYCMng">190689.594666667</dst>
            <dst id="SNVAng">8203.13866666667</dst>
            <dst id="STTLng">43744.08</dst>
            <dst id="WASHng">281900.426666667</dst>
        </src>
    </IntraTM>
</TrafficMatrixFile>
