<?xml version="1.0" encoding="ISO-8859-1" standalone="yes"?>
<TrafficMatrixFile xsi:noNamespaceSchemaLocation="http://totem.run.montefiore.ulg.ac.be/Schema/TrafficMatrix-v1_2.xsd" xmlns:xsi="http://www.w3.org/2001/XMLSchema-instance">
    <IntraTM ASID="11537">
        <src id="ATLA-M5">
            <dst id="ATLA-M5">26.6666666666667</dst>
            <dst id="ATLAng">111.032</dst>
            <dst id="CHINng">725.237333333333</dst>
            <dst id="DNVRng">53.3333333333333</dst>
            <dst id="HSTNng">140.741333333333</dst>
            <dst id="IPLSng">279.642666666667</dst>
            <dst id="KSCYng">258.909333333333</dst>
            <dst id="LOSAng">1021.24533333333</dst>
            <dst id="NYCMng">327.024</dst>
            <dst id="SNVAng">572.216</dst>
            <dst id="STTLng">149.941333333333</dst>
            <dst id="WASHng">3140.37866666667</dst>
        </src>
        <src id="ATLAng">
            <dst id="ATLA-M5">123.805333333333</dst>
            <dst id="ATLAng">19667.816</dst>
            <dst id="CHINng">15142.7706666667</dst>
            <dst id="DNVRng">6523.76</dst>
            <dst id="HSTNng">1118.456</dst>
            <dst id="IPLSng">16717.8133333333</dst>
            <dst id="KSCYng">4684.33333333333</dst>
            <dst id="LOSAng">11929.9266666667</dst>
            <dst id="NYCMng">11405.104</dst>
            <dst id="SNVAng">2247.75866666667</dst>
            <dst id="STTLng">5568.50933333333</dst>
            <dst id="WASHng">136929.389333333</dst>
        </src>
        <src id="CHINng">
            <dst id="ATLA-M5">185.413333333333</dst>
            <dst id="ATLAng">9364.73333333333</dst>
            <dst id="CHINng">47706.7813333333</dst>
            <dst id="DNVRng">8380.63733333334</dst>
            <dst id="HSTNng">4135.544</dst>
            <dst id="IPLSng">10946.2346666667</dst>
            <dst id="KSCYng">5860.07466666667</dst>
            <dst id="LOSAng">26569.2053333333</dst>
            <dst id="NYCMng">5220.488</dst>
            <dst id="SNVAng">2213.12533333333</dst>
            <dst id="STTLng">4633.89333333333</dst>
            <dst id="WASHng">11526.552</dst>
        </src>
        <src id="DNVRng">
            <dst id="ATLA-M5">26.6666666666667</dst>
            <dst id="ATLAng">14110.4053333333</dst>
            <dst id="CHINng">72100.416</dst>
            <dst id="DNVRng">16904.9386666667</dst>
            <dst id="HSTNng">11675.4133333333</dst>
            <dst id="IPLSng">26252.1013333333</dst>
            <dst id="KSCYng">14110.4133333333</dst>
            <dst id="LOSAng">7242.064</dst>
            <dst id="NYCMng">18946.4346666667</dst>
            <dst id="SNVAng">9794.496</dst>
            <dst id="STTLng">7718.73866666667</dst>
            <dst id="WASHng">45452.2186666667</dst>
        </src>
        <src id="HSTNng">
            <dst id="ATLA-M5">4703.232</dst>
            <dst id="ATLAng">3532.04</dst>
            <dst id="CHINng">48906.7813333333</dst>
            <dst id="DNVRng">4873.52266666667</dst>
            <dst id="HSTNng">5559.416</dst>
            <dst id="IPLSng">5091.29866666667</dst>
            <dst id="KSCYng">1289.55466666667</dst>
            <dst id="LOSAng">99215.8826666667</dst>
            <dst id="NYCMng">7111.17333333333</dst>
            <dst id="SNVAng">1053.71466666667</dst>
            <dst id="STTLng">1112.776</dst>
            <dst id="WASHng">12708.8453333333</dst>
        </src>
        <src id="IPLSng">
            <dst id="ATLA-M5">724.165333333333</dst>
            <dst id="ATLAng">13381.6</dst>
            <dst id="CHINng">113534.837333333</dst>
            <dst id="DNVRng">24208.96</dst>
            <dst id="HSTNng">3520.52266666667</dst>
            <dst id="IPLSng">15366.2533333333</dst>
            <dst id="KSCYng">10076.56</dst>
            <dst id="LOSAng">80184.0773333333</dst>
            <dst id="NYCMng">29767.7946666667</dst>
            <dst id="SNVAng">4845.29866666667</dst>
            <dst id="STTLng">9356.87466666667</dst>
            <dst id="WASHng">40488.808</dst>
        </src>
        <src id="KSCYng">
            <dst id="ATLA-M5">1900.93866666667</dst>
            <dst id="ATLAng">4014.82666666667</dst>
            <dst id="CHINng">43355.8106666667</dst>
            <dst id="DNVRng">5896.79466666666</dst>
            <dst id="HSTNng">2602.94933333333</dst>
            <dst id="IPLSng">5819.93866666667</dst>
            <dst id="KSCYng">6513.60533333333</dst>
            <dst id="LOSAng">4479.68266666667</dst>
            <dst id="NYCMng">9858.43466666667</dst>
            <dst id="SNVAng">2069.776</dst>
            <dst id="STTLng">4407.6</dst>
            <dst id="WASHng">10543.1973333333</dst>
        </src>
        <src id="LOSAng">
            <dst id="ATLA-M5">2900.78933333333</dst>
            <dst id="ATLAng">17787.7466666667</dst>
            <dst id="CHINng">152776.026666667</dst>
            <dst id="DNVRng">15778.5813333333</dst>
            <dst id="HSTNng">12161.968</dst>
            <dst id="IPLSng">37719.584</dst>
            <dst id="KSCYng">8193.744</dst>
            <dst id="LOSAng">18088.3706666667</dst>
            <dst id="NYCMng">54005.7466666667</dst>
            <dst id="SNVAng">12909.6213333333</dst>
            <dst id="STTLng">28166.0266666667</dst>
            <dst id="WASHng">69372.7546666667</dst>
        </src>
        <src id="NYCMng">
            <dst id="ATLA-M5">580.949333333333</dst>
            <dst id="ATLAng">24793.088</dst>
            <dst id="CHINng">59915.2533333333</dst>
            <dst id="DNVRng">29279.928</dst>
            <dst id="HSTNng">24721.1653333333</dst>
            <dst id="IPLSng">38978.168</dst>
            <dst id="KSCYng">17955.384</dst>
            <dst id="LOSAng">66118.736</dst>
            <dst id="NYCMng">159512.264</dst>
            <dst id="SNVAng">7604.61333333333</dst>
            <dst id="STTLng">18768.88</dst>
            <dst id="WASHng">71694.1626666667</dst>
        </src>
        <src id="SNVAng">
            <dst id="ATLA-M5">0</dst>
            <dst id="ATLAng">499.930666666667</dst>
            <dst id="CHINng">4805.77066666667</dst>
            <dst id="DNVRng">6733.31733333333</dst>
            <dst id="HSTNng">212.44</dst>
            <dst id="IPLSng">952.456</dst>
            <dst id="KSCYng">649.64</dst>
            <dst id="LOSAng">26192.1706666667</dst>
            <dst id="NYCMng">1483.09333333333</dst>
            <dst id="SNVAng">13501.28</dst>
            <dst id="STTLng">58204.9493333333</dst>
            <dst id="WASHng">705.296</dst>
        </src>
        <src id="STTLng">
            <dst id="ATLA-M5">102.530666666667</dst>
            <dst id="ATLAng">10227.504</dst>
            <dst id="CHINng">70393.4026666667</dst>
            <dst id="DNVRng">6372.65066666667</dst>
            <dst id="HSTNng">1126.088</dst>
            <dst id="IPLSng">6159.544</dst>
            <dst id="KSCYng">3662.752</dst>
            <dst id="LOSAng">20742.0026666667</dst>
            <dst id="NYCMng">20967.1093333333</dst>
            <dst id="SNVAng">4659.904</dst>
            <dst id="STTLng">10759.368</dst>
            <dst id="WASHng">9232.03466666667</dst>
        </src>
        <src id="WASHng">
            <dst id="ATLA-M5">202.186666666667</dst>
            <dst id="ATLAng">121576.674666667</dst>
            <dst id="CHINng">69370.432</dst>
            <dst id="DNVRng">70945.4853333333</dst>
            <dst id="HSTNng">40210.5066666667</dst>
            <dst id="IPLSng">41957.3306666667</dst>
            <dst id="KSCYng">8129.568</dst>
            <dst id="LOSAng">65652.856</dst>
            <dst id="NYCMng">173216.421333333</dst>
            <dst id="SNVAng">17318.7626666667</dst>
            <dst id="STTLng">35628.4133333333</dst>
            <dst id="WASHng">339597.84</dst>
        </src>
    </IntraTM>
</TrafficMatrixFile>
