<?xml version="1.0" encoding="ISO-8859-1" standalone="yes"?>
<TrafficMatrixFile xsi:noNamespaceSchemaLocation="http://totem.run.montefiore.ulg.ac.be/Schema/TrafficMatrix-v1_2.xsd" xmlns:xsi="http://www.w3.org/2001/XMLSchema-instance">
    <IntraTM ASID="11537">
        <src id="ATLA-M5">
            <dst id="ATLA-M5">26.6666666666667</dst>
            <dst id="ATLAng">693.088</dst>
            <dst id="CHINng">3905.45066666667</dst>
            <dst id="DNVRng">210.645333333333</dst>
            <dst id="HSTNng">567.168</dst>
            <dst id="IPLSng">1703.39733333333</dst>
            <dst id="KSCYng">925.266666666667</dst>
            <dst id="LOSAng">394.626666666667</dst>
            <dst id="NYCMng">810.653333333333</dst>
            <dst id="SNVAng">338.242666666667</dst>
            <dst id="STTLng">216.530666666667</dst>
            <dst id="WASHng">2146.72533333333</dst>
        </src>
        <src id="ATLAng">
            <dst id="ATLA-M5">1266.736</dst>
            <dst id="ATLAng">63584.8</dst>
            <dst id="CHINng">26155.6453333333</dst>
            <dst id="DNVRng">9409.00533333333</dst>
            <dst id="HSTNng">5170.78933333333</dst>
            <dst id="IPLSng">33803.28</dst>
            <dst id="KSCYng">5758.06666666667</dst>
            <dst id="LOSAng">20209.736</dst>
            <dst id="NYCMng">22513.3413333333</dst>
            <dst id="SNVAng">2734.448</dst>
            <dst id="STTLng">6983.064</dst>
            <dst id="WASHng">69890.4453333333</dst>
        </src>
        <src id="CHINng">
            <dst id="ATLA-M5">734.794666666667</dst>
            <dst id="ATLAng">9381.712</dst>
            <dst id="CHINng">40574.2666666667</dst>
            <dst id="DNVRng">18310.1413333333</dst>
            <dst id="HSTNng">13534.1546666667</dst>
            <dst id="IPLSng">23166.208</dst>
            <dst id="KSCYng">13392.296</dst>
            <dst id="LOSAng">34616.4</dst>
            <dst id="NYCMng">10828.3333333333</dst>
            <dst id="SNVAng">3094.496</dst>
            <dst id="STTLng">6038.92266666667</dst>
            <dst id="WASHng">10378.1893333333</dst>
        </src>
        <src id="DNVRng">
            <dst id="ATLA-M5">2224.60533333333</dst>
            <dst id="ATLAng">6944.46666666667</dst>
            <dst id="CHINng">57838.0666666667</dst>
            <dst id="DNVRng">15753.4693333333</dst>
            <dst id="HSTNng">16120.1146666667</dst>
            <dst id="IPLSng">30229.976</dst>
            <dst id="KSCYng">21751.52</dst>
            <dst id="LOSAng">10628.728</dst>
            <dst id="NYCMng">26615.1946666667</dst>
            <dst id="SNVAng">9455.448</dst>
            <dst id="STTLng">11308.264</dst>
            <dst id="WASHng">51871.1226666667</dst>
        </src>
        <src id="HSTNng">
            <dst id="ATLA-M5">975.314666666667</dst>
            <dst id="ATLAng">7010.66666666667</dst>
            <dst id="CHINng">34808.1493333333</dst>
            <dst id="DNVRng">3952.09866666667</dst>
            <dst id="HSTNng">8035.288</dst>
            <dst id="IPLSng">10302.7706666667</dst>
            <dst id="KSCYng">3110.056</dst>
            <dst id="LOSAng">106274.317333333</dst>
            <dst id="NYCMng">4284.32266666667</dst>
            <dst id="SNVAng">1672.85066666667</dst>
            <dst id="STTLng">2002.53066666667</dst>
            <dst id="WASHng">9135.04533333333</dst>
        </src>
        <src id="IPLSng">
            <dst id="ATLA-M5">3501.016</dst>
            <dst id="ATLAng">19733.144</dst>
            <dst id="CHINng">91602.832</dst>
            <dst id="DNVRng">28715.376</dst>
            <dst id="HSTNng">6537.112</dst>
            <dst id="IPLSng">20941.4453333333</dst>
            <dst id="KSCYng">16618.088</dst>
            <dst id="LOSAng">28688.856</dst>
            <dst id="NYCMng">43568.0666666667</dst>
            <dst id="SNVAng">3827.424</dst>
            <dst id="STTLng">12695.0346666667</dst>
            <dst id="WASHng">44284.112</dst>
        </src>
        <src id="KSCYng">
            <dst id="ATLA-M5">316.242666666667</dst>
            <dst id="ATLAng">8894.66933333333</dst>
            <dst id="CHINng">29585.9226666667</dst>
            <dst id="DNVRng">12766.5173333333</dst>
            <dst id="HSTNng">5835.37333333333</dst>
            <dst id="IPLSng">13931.3973333333</dst>
            <dst id="KSCYng">7063.34666666667</dst>
            <dst id="LOSAng">7660.232</dst>
            <dst id="NYCMng">5460.76533333333</dst>
            <dst id="SNVAng">2072.32266666667</dst>
            <dst id="STTLng">3113.32533333333</dst>
            <dst id="WASHng">14222.6586666667</dst>
        </src>
        <src id="LOSAng">
            <dst id="ATLA-M5">733.12</dst>
            <dst id="ATLAng">28002.128</dst>
            <dst id="CHINng">133524.426666667</dst>
            <dst id="DNVRng">16118.9893333333</dst>
            <dst id="HSTNng">16401.2533333333</dst>
            <dst id="IPLSng">41290.2426666667</dst>
            <dst id="KSCYng">13160.584</dst>
            <dst id="LOSAng">24345.584</dst>
            <dst id="NYCMng">58186.9973333333</dst>
            <dst id="SNVAng">10856</dst>
            <dst id="STTLng">27771.7573333333</dst>
            <dst id="WASHng">62951.2213333333</dst>
        </src>
        <src id="NYCMng">
            <dst id="ATLA-M5">6261.68266666667</dst>
            <dst id="ATLAng">30680.72</dst>
            <dst id="CHINng">65543.8133333333</dst>
            <dst id="DNVRng">41648.1413333333</dst>
            <dst id="HSTNng">36926.352</dst>
            <dst id="IPLSng">73238.8106666667</dst>
            <dst id="KSCYng">27544.1013333333</dst>
            <dst id="LOSAng">83940.0986666666</dst>
            <dst id="NYCMng">124274.853333333</dst>
            <dst id="SNVAng">8918.04</dst>
            <dst id="STTLng">32550.8853333333</dst>
            <dst id="WASHng">175373.514666667</dst>
        </src>
        <src id="SNVAng">
            <dst id="ATLA-M5">79.9546666666667</dst>
            <dst id="ATLAng">644.552</dst>
            <dst id="CHINng">5834.432</dst>
            <dst id="DNVRng">9422.032</dst>
            <dst id="HSTNng">1391.12266666667</dst>
            <dst id="IPLSng">13415.608</dst>
            <dst id="KSCYng">1588.712</dst>
            <dst id="LOSAng">36296.048</dst>
            <dst id="NYCMng">2764.81866666667</dst>
            <dst id="SNVAng">16528.0613333333</dst>
            <dst id="STTLng">54969.3573333333</dst>
            <dst id="WASHng">2212.66666666667</dst>
        </src>
        <src id="STTLng">
            <dst id="ATLA-M5">53.3333333333333</dst>
            <dst id="ATLAng">12548.768</dst>
            <dst id="CHINng">48590.2426666667</dst>
            <dst id="DNVRng">8614.76266666667</dst>
            <dst id="HSTNng">6700.21066666667</dst>
            <dst id="IPLSng">12208.6373333333</dst>
            <dst id="KSCYng">6598.57866666667</dst>
            <dst id="LOSAng">31516.5013333333</dst>
            <dst id="NYCMng">26587.832</dst>
            <dst id="SNVAng">4992.84533333333</dst>
            <dst id="STTLng">13197.632</dst>
            <dst id="WASHng">12868.272</dst>
        </src>
        <src id="WASHng">
            <dst id="ATLA-M5">624.938666666667</dst>
            <dst id="ATLAng">121491.016</dst>
            <dst id="CHINng">98216.3626666667</dst>
            <dst id="DNVRng">53237.8133333333</dst>
            <dst id="HSTNng">30530.2586666667</dst>
            <dst id="IPLSng">108495.842666667</dst>
            <dst id="KSCYng">20079.9066666667</dst>
            <dst id="LOSAng">70983.4</dst>
            <dst id="NYCMng">174950.184</dst>
            <dst id="SNVAng">19961.3653333333</dst>
            <dst id="STTLng">37889.2586666667</dst>
            <dst id="WASHng">240704.466666667</dst>
        </src>
    </IntraTM>
</TrafficMatrixFile>
