<?xml version="1.0" encoding="ISO-8859-1" standalone="yes"?>
<TrafficMatrixFile xsi:noNamespaceSchemaLocation="http://totem.run.montefiore.ulg.ac.be/Schema/TrafficMatrix-v1_2.xsd" xmlns:xsi="http://www.w3.org/2001/XMLSchema-instance">
    <IntraTM ASID="11537">
        <src id="ATLA-M5">
            <dst id="ATLA-M5">0</dst>
            <dst id="ATLAng">521.442666666667</dst>
            <dst id="CHINng">1769.81333333333</dst>
            <dst id="DNVRng">509.669333333333</dst>
            <dst id="HSTNng">149.005333333333</dst>
            <dst id="IPLSng">2933.97333333333</dst>
            <dst id="KSCYng">189.197333333333</dst>
            <dst id="LOSAng">848.024</dst>
            <dst id="NYCMng">277.077333333333</dst>
            <dst id="SNVAng">179.613333333333</dst>
            <dst id="STTLng">113.229333333333</dst>
            <dst id="WASHng">2519.37866666667</dst>
        </src>
        <src id="ATLAng">
            <dst id="ATLA-M5">1598.85066666667</dst>
            <dst id="ATLAng">48070.12</dst>
            <dst id="CHINng">24143.368</dst>
            <dst id="DNVRng">6672.048</dst>
            <dst id="HSTNng">5453.71733333333</dst>
            <dst id="IPLSng">35536.6373333333</dst>
            <dst id="KSCYng">11908.848</dst>
            <dst id="LOSAng">21974.0693333333</dst>
            <dst id="NYCMng">13224.0986666667</dst>
            <dst id="SNVAng">2042.688</dst>
            <dst id="STTLng">9152.768</dst>
            <dst id="WASHng">49061.2346666667</dst>
        </src>
        <src id="CHINng">
            <dst id="ATLA-M5">1297.03733333333</dst>
            <dst id="ATLAng">14943.488</dst>
            <dst id="CHINng">39395.064</dst>
            <dst id="DNVRng">13309.4293333333</dst>
            <dst id="HSTNng">11143.0853333333</dst>
            <dst id="IPLSng">32138.0106666667</dst>
            <dst id="KSCYng">10487.6346666667</dst>
            <dst id="LOSAng">26313.3386666667</dst>
            <dst id="NYCMng">6688.936</dst>
            <dst id="SNVAng">3111.528</dst>
            <dst id="STTLng">7036.16266666667</dst>
            <dst id="WASHng">10623.2106666667</dst>
        </src>
        <src id="DNVRng">
            <dst id="ATLA-M5">1056.528</dst>
            <dst id="ATLAng">4493.01066666667</dst>
            <dst id="CHINng">50584.0826666667</dst>
            <dst id="DNVRng">11826.3973333333</dst>
            <dst id="HSTNng">9623.85866666667</dst>
            <dst id="IPLSng">11449.8933333333</dst>
            <dst id="KSCYng">15644.7813333333</dst>
            <dst id="LOSAng">25273.7573333333</dst>
            <dst id="NYCMng">19006.1493333333</dst>
            <dst id="SNVAng">13425.2826666667</dst>
            <dst id="STTLng">20408.6986666667</dst>
            <dst id="WASHng">19315.9786666667</dst>
        </src>
        <src id="HSTNng">
            <dst id="ATLA-M5">1355.44</dst>
            <dst id="ATLAng">5532.76266666667</dst>
            <dst id="CHINng">24403.2906666667</dst>
            <dst id="DNVRng">3564.46133333333</dst>
            <dst id="HSTNng">13273.2506666667</dst>
            <dst id="IPLSng">10547.9973333333</dst>
            <dst id="KSCYng">4672.792</dst>
            <dst id="LOSAng">69000.752</dst>
            <dst id="NYCMng">4054.328</dst>
            <dst id="SNVAng">3253.18666666667</dst>
            <dst id="STTLng">4299.07466666667</dst>
            <dst id="WASHng">5943.81066666667</dst>
        </src>
        <src id="IPLSng">
            <dst id="ATLA-M5">1060.05333333333</dst>
            <dst id="ATLAng">17900.328</dst>
            <dst id="CHINng">78898.552</dst>
            <dst id="DNVRng">8245.15733333333</dst>
            <dst id="HSTNng">8483.70133333333</dst>
            <dst id="IPLSng">25084.2213333333</dst>
            <dst id="KSCYng">12459.2133333333</dst>
            <dst id="LOSAng">22850.2053333333</dst>
            <dst id="NYCMng">23560.9493333333</dst>
            <dst id="SNVAng">3503.528</dst>
            <dst id="STTLng">11518.6613333333</dst>
            <dst id="WASHng">35392.944</dst>
        </src>
        <src id="KSCYng">
            <dst id="ATLA-M5">731.674666666667</dst>
            <dst id="ATLAng">11411.0746666667</dst>
            <dst id="CHINng">42510.2746666667</dst>
            <dst id="DNVRng">13175.824</dst>
            <dst id="HSTNng">6287.51733333333</dst>
            <dst id="IPLSng">16927.7093333333</dst>
            <dst id="KSCYng">10744.368</dst>
            <dst id="LOSAng">10501.1146666667</dst>
            <dst id="NYCMng">10270.816</dst>
            <dst id="SNVAng">1424.20266666667</dst>
            <dst id="STTLng">7420.488</dst>
            <dst id="WASHng">14517.1413333333</dst>
        </src>
        <src id="LOSAng">
            <dst id="ATLA-M5">576.533333333333</dst>
            <dst id="ATLAng">14822.488</dst>
            <dst id="CHINng">92527</dst>
            <dst id="DNVRng">10345.2186666667</dst>
            <dst id="HSTNng">16068.672</dst>
            <dst id="IPLSng">44361.448</dst>
            <dst id="KSCYng">11936.056</dst>
            <dst id="LOSAng">12805.5386666667</dst>
            <dst id="NYCMng">56933.9866666667</dst>
            <dst id="SNVAng">4938.08266666667</dst>
            <dst id="STTLng">24555.1626666667</dst>
            <dst id="WASHng">59216.9386666667</dst>
        </src>
        <src id="NYCMng">
            <dst id="ATLA-M5">3445.02133333333</dst>
            <dst id="ATLAng">45221.936</dst>
            <dst id="CHINng">83247.9626666667</dst>
            <dst id="DNVRng">22908.3466666667</dst>
            <dst id="HSTNng">43008.2506666667</dst>
            <dst id="IPLSng">64590.1253333333</dst>
            <dst id="KSCYng">24175.2533333333</dst>
            <dst id="LOSAng">73721.4933333333</dst>
            <dst id="NYCMng">160246.144</dst>
            <dst id="SNVAng">10502.9333333333</dst>
            <dst id="STTLng">26655.1466666667</dst>
            <dst id="WASHng">81958.88</dst>
        </src>
        <src id="SNVAng">
            <dst id="ATLA-M5">199.613333333333</dst>
            <dst id="ATLAng">894.994666666667</dst>
            <dst id="CHINng">6510.76</dst>
            <dst id="DNVRng">9917.96266666667</dst>
            <dst id="HSTNng">1799.344</dst>
            <dst id="IPLSng">3535.296</dst>
            <dst id="KSCYng">1276.22133333333</dst>
            <dst id="LOSAng">2066.53333333333</dst>
            <dst id="NYCMng">3847.20533333333</dst>
            <dst id="SNVAng">646.498666666667</dst>
            <dst id="STTLng">3149.73866666667</dst>
            <dst id="WASHng">2293.12533333333</dst>
        </src>
        <src id="STTLng">
            <dst id="ATLA-M5">831.178666666667</dst>
            <dst id="ATLAng">15045.0533333333</dst>
            <dst id="CHINng">38530.3946666667</dst>
            <dst id="DNVRng">8507.176</dst>
            <dst id="HSTNng">3686.23466666667</dst>
            <dst id="IPLSng">13919.128</dst>
            <dst id="KSCYng">5621.528</dst>
            <dst id="LOSAng">21116.256</dst>
            <dst id="NYCMng">14416.5626666667</dst>
            <dst id="SNVAng">5244.84266666667</dst>
            <dst id="STTLng">6253.73866666667</dst>
            <dst id="WASHng">10886.9146666667</dst>
        </src>
        <src id="WASHng">
            <dst id="ATLA-M5">1375.71733333333</dst>
            <dst id="ATLAng">118497.104</dst>
            <dst id="CHINng">80429.4586666667</dst>
            <dst id="DNVRng">55019.9706666667</dst>
            <dst id="HSTNng">12709.504</dst>
            <dst id="IPLSng">48466.856</dst>
            <dst id="KSCYng">26151.4453333333</dst>
            <dst id="LOSAng">71293.5733333333</dst>
            <dst id="NYCMng">199521.730666667</dst>
            <dst id="SNVAng">4259.45066666667</dst>
            <dst id="STTLng">33986.7093333333</dst>
            <dst id="WASHng">186263.546666667</dst>
        </src>
    </IntraTM>
</TrafficMatrixFile>
