<?xml version="1.0" encoding="ISO-8859-1" standalone="yes"?>
<TrafficMatrixFile xsi:noNamespaceSchemaLocation="http://totem.run.montefiore.ulg.ac.be/Schema/TrafficMatrix-v1_2.xsd" xmlns:xsi="http://www.w3.org/2001/XMLSchema-instance">
    <IntraTM ASID="11537">
        <src id="ATLA-M5">
            <dst id="ATLA-M5">0</dst>
            <dst id="ATLAng">309.394666666667</dst>
            <dst id="CHINng">963.053333333333</dst>
            <dst id="DNVRng">191.722666666667</dst>
            <dst id="HSTNng">114.938666666667</dst>
            <dst id="IPLSng">110.784</dst>
            <dst id="KSCYng">578.802666666667</dst>
            <dst id="LOSAng">1276.472</dst>
            <dst id="NYCMng">543.656</dst>
            <dst id="SNVAng">333.416</dst>
            <dst id="STTLng">195.458666666667</dst>
            <dst id="WASHng">1505.408</dst>
        </src>
        <src id="ATLAng">
            <dst id="ATLA-M5">830.64</dst>
            <dst id="ATLAng">56260.9226666667</dst>
            <dst id="CHINng">13788.7066666667</dst>
            <dst id="DNVRng">4007.52</dst>
            <dst id="HSTNng">2443.568</dst>
            <dst id="IPLSng">20124.048</dst>
            <dst id="KSCYng">4408.32533333333</dst>
            <dst id="LOSAng">15979.128</dst>
            <dst id="NYCMng">15421.1573333333</dst>
            <dst id="SNVAng">1019.864</dst>
            <dst id="STTLng">5059.36</dst>
            <dst id="WASHng">90759.976</dst>
        </src>
        <src id="CHINng">
            <dst id="ATLA-M5">869.472</dst>
            <dst id="ATLAng">5652.96266666667</dst>
            <dst id="CHINng">52218.6</dst>
            <dst id="DNVRng">18542.8426666667</dst>
            <dst id="HSTNng">4865.81333333333</dst>
            <dst id="IPLSng">21187.208</dst>
            <dst id="KSCYng">6225.95733333333</dst>
            <dst id="LOSAng">27947.1306666667</dst>
            <dst id="NYCMng">5588.42666666667</dst>
            <dst id="SNVAng">2554.32266666667</dst>
            <dst id="STTLng">5620.91733333333</dst>
            <dst id="WASHng">12451.8613333333</dst>
        </src>
        <src id="DNVRng">
            <dst id="ATLA-M5">161.125333333333</dst>
            <dst id="ATLAng">8629.37333333333</dst>
            <dst id="CHINng">72942.8346666666</dst>
            <dst id="DNVRng">25334.664</dst>
            <dst id="HSTNng">13440.376</dst>
            <dst id="IPLSng">29992.9253333333</dst>
            <dst id="KSCYng">18751.312</dst>
            <dst id="LOSAng">12344.0293333333</dst>
            <dst id="NYCMng">18679.712</dst>
            <dst id="SNVAng">13533.32</dst>
            <dst id="STTLng">13042.9653333333</dst>
            <dst id="WASHng">62209.1573333333</dst>
        </src>
        <src id="HSTNng">
            <dst id="ATLA-M5">1071.16533333333</dst>
            <dst id="ATLAng">2355.79466666667</dst>
            <dst id="CHINng">46245.6506666667</dst>
            <dst id="DNVRng">5856.02666666667</dst>
            <dst id="HSTNng">3759.73866666667</dst>
            <dst id="IPLSng">6881.08266666667</dst>
            <dst id="KSCYng">2443.36533333333</dst>
            <dst id="LOSAng">105236.992</dst>
            <dst id="NYCMng">9757.256</dst>
            <dst id="SNVAng">2244.35733333333</dst>
            <dst id="STTLng">2997.13333333333</dst>
            <dst id="WASHng">5807.85333333333</dst>
        </src>
        <src id="IPLSng">
            <dst id="ATLA-M5">895.941333333333</dst>
            <dst id="ATLAng">11183.2</dst>
            <dst id="CHINng">121296.528</dst>
            <dst id="DNVRng">22888.0906666667</dst>
            <dst id="HSTNng">3467.54133333333</dst>
            <dst id="IPLSng">18661.6853333333</dst>
            <dst id="KSCYng">11297.3626666667</dst>
            <dst id="LOSAng">15639.272</dst>
            <dst id="NYCMng">29061.3253333333</dst>
            <dst id="SNVAng">4153.94933333333</dst>
            <dst id="STTLng">15284.8213333333</dst>
            <dst id="WASHng">46344.8133333333</dst>
        </src>
        <src id="KSCYng">
            <dst id="ATLA-M5">101.728</dst>
            <dst id="ATLAng">3581.41333333333</dst>
            <dst id="CHINng">42204.5386666667</dst>
            <dst id="DNVRng">10884.048</dst>
            <dst id="HSTNng">3454.97066666667</dst>
            <dst id="IPLSng">8111.84533333333</dst>
            <dst id="KSCYng">5767.17333333333</dst>
            <dst id="LOSAng">5077.46666666667</dst>
            <dst id="NYCMng">8309.13066666667</dst>
            <dst id="SNVAng">2824.88266666667</dst>
            <dst id="STTLng">3408.688</dst>
            <dst id="WASHng">8797.94666666667</dst>
        </src>
        <src id="LOSAng">
            <dst id="ATLA-M5">668.298666666667</dst>
            <dst id="ATLAng">22360.032</dst>
            <dst id="CHINng">182942.648</dst>
            <dst id="DNVRng">11187.736</dst>
            <dst id="HSTNng">11488.0373333333</dst>
            <dst id="IPLSng">39005.968</dst>
            <dst id="KSCYng">11109.4506666667</dst>
            <dst id="LOSAng">18701.2613333333</dst>
            <dst id="NYCMng">61523.4426666667</dst>
            <dst id="SNVAng">11334.0106666667</dst>
            <dst id="STTLng">27195.3573333333</dst>
            <dst id="WASHng">69819.7173333333</dst>
        </src>
        <src id="NYCMng">
            <dst id="ATLA-M5">1722.40266666667</dst>
            <dst id="ATLAng">30792.6</dst>
            <dst id="CHINng">68153.272</dst>
            <dst id="DNVRng">32492.3226666667</dst>
            <dst id="HSTNng">31459.6746666667</dst>
            <dst id="IPLSng">52613.912</dst>
            <dst id="KSCYng">15830.6853333333</dst>
            <dst id="LOSAng">75809.1946666667</dst>
            <dst id="NYCMng">145540.813333333</dst>
            <dst id="SNVAng">9338.29866666667</dst>
            <dst id="STTLng">22927.5173333333</dst>
            <dst id="WASHng">72781.536</dst>
        </src>
        <src id="SNVAng">
            <dst id="ATLA-M5">622.498666666667</dst>
            <dst id="ATLAng">326.061333333333</dst>
            <dst id="CHINng">4850.656</dst>
            <dst id="DNVRng">3217</dst>
            <dst id="HSTNng">243.165333333333</dst>
            <dst id="IPLSng">10042.8453333333</dst>
            <dst id="KSCYng">614.112</dst>
            <dst id="LOSAng">33938.3013333333</dst>
            <dst id="NYCMng">1814.424</dst>
            <dst id="SNVAng">14856.0133333333</dst>
            <dst id="STTLng">63277.5546666667</dst>
            <dst id="WASHng">1638.64266666667</dst>
        </src>
        <src id="STTLng">
            <dst id="ATLA-M5">176.978666666667</dst>
            <dst id="ATLAng">10892.744</dst>
            <dst id="CHINng">68884.5226666667</dst>
            <dst id="DNVRng">7388.256</dst>
            <dst id="HSTNng">2469.736</dst>
            <dst id="IPLSng">9204.928</dst>
            <dst id="KSCYng">4073.25066666667</dst>
            <dst id="LOSAng">23067.56</dst>
            <dst id="NYCMng">19802.4506666667</dst>
            <dst id="SNVAng">3521.35466666667</dst>
            <dst id="STTLng">16099.144</dst>
            <dst id="WASHng">7606.49333333333</dst>
        </src>
        <src id="WASHng">
            <dst id="ATLA-M5">555.92</dst>
            <dst id="ATLAng">100846.066666667</dst>
            <dst id="CHINng">83596.376</dst>
            <dst id="DNVRng">60543.616</dst>
            <dst id="HSTNng">25864.0133333333</dst>
            <dst id="IPLSng">59615.0106666667</dst>
            <dst id="KSCYng">20582.592</dst>
            <dst id="LOSAng">60784.8613333333</dst>
            <dst id="NYCMng">186207.386666667</dst>
            <dst id="SNVAng">13238.9866666667</dst>
            <dst id="STTLng">32287.3493333333</dst>
            <dst id="WASHng">411444.266666667</dst>
        </src>
    </IntraTM>
</TrafficMatrixFile>
