<?xml version="1.0" encoding="ISO-8859-1" standalone="yes"?>
<TrafficMatrixFile xsi:noNamespaceSchemaLocation="http://totem.run.montefiore.ulg.ac.be/Schema/TrafficMatrix-v1_2.xsd" xmlns:xsi="http://www.w3.org/2001/XMLSchema-instance">
    <IntraTM ASID="11537">
        <src id="ATLA-M5">
            <dst id="ATLA-M5">156.189333333333</dst>
            <dst id="ATLAng">645.469333333333</dst>
            <dst id="CHINng">1541.74666666667</dst>
            <dst id="DNVRng">658.488</dst>
            <dst id="HSTNng">433.568</dst>
            <dst id="IPLSng">1145.024</dst>
            <dst id="KSCYng">543.077333333333</dst>
            <dst id="LOSAng">589.525333333333</dst>
            <dst id="NYCMng">1764.01333333333</dst>
            <dst id="SNVAng">562.2</dst>
            <dst id="STTLng">153.168</dst>
            <dst id="WASHng">7676.184</dst>
        </src>
        <src id="ATLAng">
            <dst id="ATLA-M5">1909.62933333333</dst>
            <dst id="ATLAng">32099.3146666667</dst>
            <dst id="CHINng">50240.12</dst>
            <dst id="DNVRng">15060.856</dst>
            <dst id="HSTNng">7056.06666666666</dst>
            <dst id="IPLSng">28945.2133333333</dst>
            <dst id="KSCYng">16949.952</dst>
            <dst id="LOSAng">22751.616</dst>
            <dst id="NYCMng">26723.5093333333</dst>
            <dst id="SNVAng">2558.408</dst>
            <dst id="STTLng">9594.51466666667</dst>
            <dst id="WASHng">92777.1146666667</dst>
        </src>
        <src id="CHINng">
            <dst id="ATLA-M5">4389.45866666667</dst>
            <dst id="ATLAng">19551.8293333333</dst>
            <dst id="CHINng">73350.7146666667</dst>
            <dst id="DNVRng">14201.5573333333</dst>
            <dst id="HSTNng">25195.264</dst>
            <dst id="IPLSng">29597.1226666667</dst>
            <dst id="KSCYng">15662.2346666667</dst>
            <dst id="LOSAng">21581.8106666667</dst>
            <dst id="NYCMng">11520.9573333333</dst>
            <dst id="SNVAng">5217.34933333333</dst>
            <dst id="STTLng">16344.8506666667</dst>
            <dst id="WASHng">25036.1626666667</dst>
        </src>
        <src id="DNVRng">
            <dst id="ATLA-M5">3821.23466666667</dst>
            <dst id="ATLAng">11271.9146666667</dst>
            <dst id="CHINng">86211.616</dst>
            <dst id="DNVRng">19300.232</dst>
            <dst id="HSTNng">15804.9546666667</dst>
            <dst id="IPLSng">37548.4853333333</dst>
            <dst id="KSCYng">26803.8853333333</dst>
            <dst id="LOSAng">8664.61333333333</dst>
            <dst id="NYCMng">21276.136</dst>
            <dst id="SNVAng">17719.6586666667</dst>
            <dst id="STTLng">17601.5653333333</dst>
            <dst id="WASHng">68568.1653333333</dst>
        </src>
        <src id="HSTNng">
            <dst id="ATLA-M5">2085.48</dst>
            <dst id="ATLAng">3481.71466666667</dst>
            <dst id="CHINng">35589.176</dst>
            <dst id="DNVRng">6843.75466666667</dst>
            <dst id="HSTNng">9565.96266666667</dst>
            <dst id="IPLSng">13060.3733333333</dst>
            <dst id="KSCYng">5522.936</dst>
            <dst id="LOSAng">15772.8186666667</dst>
            <dst id="NYCMng">13088.4453333333</dst>
            <dst id="SNVAng">3878.912</dst>
            <dst id="STTLng">2368.61866666667</dst>
            <dst id="WASHng">16618.8613333333</dst>
        </src>
        <src id="IPLSng">
            <dst id="ATLA-M5">1664.81866666667</dst>
            <dst id="ATLAng">20143.944</dst>
            <dst id="CHINng">159894.978666667</dst>
            <dst id="DNVRng">35083.584</dst>
            <dst id="HSTNng">9637.90666666667</dst>
            <dst id="IPLSng">48271.8826666667</dst>
            <dst id="KSCYng">25487.7146666667</dst>
            <dst id="LOSAng">59741.7066666667</dst>
            <dst id="NYCMng">67167.8746666667</dst>
            <dst id="SNVAng">11057.1066666667</dst>
            <dst id="STTLng">15309.5173333333</dst>
            <dst id="WASHng">53057.5146666667</dst>
        </src>
        <src id="KSCYng">
            <dst id="ATLA-M5">2054.74133333333</dst>
            <dst id="ATLAng">20209.4453333333</dst>
            <dst id="CHINng">39927.6506666667</dst>
            <dst id="DNVRng">14871.4346666667</dst>
            <dst id="HSTNng">7569.42933333333</dst>
            <dst id="IPLSng">16678.8373333333</dst>
            <dst id="KSCYng">9344.688</dst>
            <dst id="LOSAng">9581.104</dst>
            <dst id="NYCMng">11105.312</dst>
            <dst id="SNVAng">1629.86133333333</dst>
            <dst id="STTLng">5910.24</dst>
            <dst id="WASHng">24893.5893333333</dst>
        </src>
        <src id="LOSAng">
            <dst id="ATLA-M5">1349.056</dst>
            <dst id="ATLAng">45481.512</dst>
            <dst id="CHINng">151323.997333333</dst>
            <dst id="DNVRng">11741.4826666667</dst>
            <dst id="HSTNng">13844.192</dst>
            <dst id="IPLSng">45808.9786666667</dst>
            <dst id="KSCYng">14350.3173333333</dst>
            <dst id="LOSAng">9365.09333333333</dst>
            <dst id="NYCMng">56910.568</dst>
            <dst id="SNVAng">37335.6373333333</dst>
            <dst id="STTLng">21068.472</dst>
            <dst id="WASHng">68546.2026666667</dst>
        </src>
        <src id="NYCMng">
            <dst id="ATLA-M5">6098.344</dst>
            <dst id="ATLAng">58898.2613333333</dst>
            <dst id="CHINng">109757.381333333</dst>
            <dst id="DNVRng">45140.0426666667</dst>
            <dst id="HSTNng">42246.0133333333</dst>
            <dst id="IPLSng">88702.7173333333</dst>
            <dst id="KSCYng">30611.9973333333</dst>
            <dst id="LOSAng">66183.2906666667</dst>
            <dst id="NYCMng">188517.370666667</dst>
            <dst id="SNVAng">10340.9733333333</dst>
            <dst id="STTLng">33466.1386666667</dst>
            <dst id="WASHng">122029.346666667</dst>
        </src>
        <src id="SNVAng">
            <dst id="ATLA-M5">111.456</dst>
            <dst id="ATLAng">849.72</dst>
            <dst id="CHINng">7621.85066666667</dst>
            <dst id="DNVRng">14377.1226666667</dst>
            <dst id="HSTNng">1445.8</dst>
            <dst id="IPLSng">6073.208</dst>
            <dst id="KSCYng">998.24</dst>
            <dst id="LOSAng">44541.512</dst>
            <dst id="NYCMng">12380.0986666667</dst>
            <dst id="SNVAng">23315.9573333333</dst>
            <dst id="STTLng">67618.928</dst>
            <dst id="WASHng">2540.25866666667</dst>
        </src>
        <src id="STTLng">
            <dst id="ATLA-M5">414.786666666667</dst>
            <dst id="ATLAng">17173.5333333333</dst>
            <dst id="CHINng">84411.2453333333</dst>
            <dst id="DNVRng">8630.18133333333</dst>
            <dst id="HSTNng">4255.16533333333</dst>
            <dst id="IPLSng">15208.984</dst>
            <dst id="KSCYng">5530.33866666667</dst>
            <dst id="LOSAng">30915.552</dst>
            <dst id="NYCMng">29464.248</dst>
            <dst id="SNVAng">12895.1306666667</dst>
            <dst id="STTLng">16921.0293333333</dst>
            <dst id="WASHng">21633.5306666667</dst>
        </src>
        <src id="WASHng">
            <dst id="ATLA-M5">3692.46133333333</dst>
            <dst id="ATLAng">149100.893333333</dst>
            <dst id="CHINng">98427.016</dst>
            <dst id="DNVRng">74683.88</dst>
            <dst id="HSTNng">32599.56</dst>
            <dst id="IPLSng">113333.2</dst>
            <dst id="KSCYng">32590.2613333333</dst>
            <dst id="LOSAng">97770.7173333333</dst>
            <dst id="NYCMng">187943.504</dst>
            <dst id="SNVAng">9966.64</dst>
            <dst id="STTLng">31435.8613333333</dst>
            <dst id="WASHng">327435.973333333</dst>
        </src>
    </IntraTM>
</TrafficMatrixFile>
