<?xml version="1.0" encoding="ISO-8859-1" standalone="yes"?>
<TrafficMatrixFile xsi:noNamespaceSchemaLocation="http://totem.run.montefiore.ulg.ac.be/Schema/TrafficMatrix-v1_2.xsd" xmlns:xsi="http://www.w3.org/2001/XMLSchema-instance">
    <IntraTM ASID="11537">
        <src id="ATLA-M5">
            <dst id="ATLA-M5">564.864</dst>
            <dst id="ATLAng">4007.368</dst>
            <dst id="CHINng">1540.65066666667</dst>
            <dst id="DNVRng">174.488</dst>
            <dst id="HSTNng">532.688</dst>
            <dst id="IPLSng">324.226666666667</dst>
            <dst id="KSCYng">707.594666666667</dst>
            <dst id="LOSAng">80</dst>
            <dst id="NYCMng">649.330666666667</dst>
            <dst id="SNVAng">530.317333333333</dst>
            <dst id="STTLng">121.322666666667</dst>
            <dst id="WASHng">2098.21866666667</dst>
        </src>
        <src id="ATLAng">
            <dst id="ATLA-M5">1880.68533333333</dst>
            <dst id="ATLAng">43018.2746666667</dst>
            <dst id="CHINng">27822.512</dst>
            <dst id="DNVRng">8614.47466666667</dst>
            <dst id="HSTNng">6914.8</dst>
            <dst id="IPLSng">29470.0186666667</dst>
            <dst id="KSCYng">4870.97066666667</dst>
            <dst id="LOSAng">17991.6026666667</dst>
            <dst id="NYCMng">19857.1333333333</dst>
            <dst id="SNVAng">911.106666666667</dst>
            <dst id="STTLng">9521.664</dst>
            <dst id="WASHng">56927.8426666667</dst>
        </src>
        <src id="CHINng">
            <dst id="ATLA-M5">4725.31466666667</dst>
            <dst id="ATLAng">12192.1466666667</dst>
            <dst id="CHINng">33202.7973333333</dst>
            <dst id="DNVRng">8724.79733333333</dst>
            <dst id="HSTNng">6918.02666666667</dst>
            <dst id="IPLSng">24480.496</dst>
            <dst id="KSCYng">16677.8853333333</dst>
            <dst id="LOSAng">26960.1013333333</dst>
            <dst id="NYCMng">4773.49333333333</dst>
            <dst id="SNVAng">2014.62133333333</dst>
            <dst id="STTLng">6517.24266666667</dst>
            <dst id="WASHng">11942.7653333333</dst>
        </src>
        <src id="DNVRng">
            <dst id="ATLA-M5">136.994666666667</dst>
            <dst id="ATLAng">4622.40533333333</dst>
            <dst id="CHINng">66232.672</dst>
            <dst id="DNVRng">6722.608</dst>
            <dst id="HSTNng">5444.09333333333</dst>
            <dst id="IPLSng">9919.73333333333</dst>
            <dst id="KSCYng">9135.85333333333</dst>
            <dst id="LOSAng">21231.496</dst>
            <dst id="NYCMng">13071.792</dst>
            <dst id="SNVAng">17642.656</dst>
            <dst id="STTLng">13292.264</dst>
            <dst id="WASHng">13685.8133333333</dst>
        </src>
        <src id="HSTNng">
            <dst id="ATLA-M5">831.885333333333</dst>
            <dst id="ATLAng">6756.86933333333</dst>
            <dst id="CHINng">22367.512</dst>
            <dst id="DNVRng">3232.32</dst>
            <dst id="HSTNng">5508.70133333333</dst>
            <dst id="IPLSng">7391.70133333333</dst>
            <dst id="KSCYng">3675.848</dst>
            <dst id="LOSAng">60468.096</dst>
            <dst id="NYCMng">12374.1253333333</dst>
            <dst id="SNVAng">1334.62666666667</dst>
            <dst id="STTLng">2332.85066666667</dst>
            <dst id="WASHng">7169.38666666667</dst>
        </src>
        <src id="IPLSng">
            <dst id="ATLA-M5">7002.48266666667</dst>
            <dst id="ATLAng">31474.552</dst>
            <dst id="CHINng">82109.9253333333</dst>
            <dst id="DNVRng">10104.824</dst>
            <dst id="HSTNng">5803.41333333333</dst>
            <dst id="IPLSng">48110.2106666667</dst>
            <dst id="KSCYng">19283.8266666667</dst>
            <dst id="LOSAng">37644.312</dst>
            <dst id="NYCMng">39644.4133333333</dst>
            <dst id="SNVAng">4475.68</dst>
            <dst id="STTLng">13214.304</dst>
            <dst id="WASHng">39129.136</dst>
        </src>
        <src id="KSCYng">
            <dst id="ATLA-M5">869.621333333334</dst>
            <dst id="ATLAng">4855.504</dst>
            <dst id="CHINng">33502.1626666667</dst>
            <dst id="DNVRng">8915.24533333333</dst>
            <dst id="HSTNng">4723.57333333333</dst>
            <dst id="IPLSng">14126.7733333333</dst>
            <dst id="KSCYng">6590.58133333333</dst>
            <dst id="LOSAng">3946.336</dst>
            <dst id="NYCMng">9716.62666666667</dst>
            <dst id="SNVAng">1152.09066666667</dst>
            <dst id="STTLng">3680.52266666667</dst>
            <dst id="WASHng">17139.448</dst>
        </src>
        <src id="LOSAng">
            <dst id="ATLA-M5">442.669333333333</dst>
            <dst id="ATLAng">24170.8506666667</dst>
            <dst id="CHINng">82159.3093333334</dst>
            <dst id="DNVRng">15527.288</dst>
            <dst id="HSTNng">9181.312</dst>
            <dst id="IPLSng">47812.7253333333</dst>
            <dst id="KSCYng">9214.94133333333</dst>
            <dst id="LOSAng">18946.6346666667</dst>
            <dst id="NYCMng">54655.7653333334</dst>
            <dst id="SNVAng">3791.43733333333</dst>
            <dst id="STTLng">23560.344</dst>
            <dst id="WASHng">51356.48</dst>
        </src>
        <src id="NYCMng">
            <dst id="ATLA-M5">2802.62933333333</dst>
            <dst id="ATLAng">38449.8506666667</dst>
            <dst id="CHINng">66807.1253333333</dst>
            <dst id="DNVRng">14332.0933333333</dst>
            <dst id="HSTNng">15215.3973333333</dst>
            <dst id="IPLSng">77390.04</dst>
            <dst id="KSCYng">31026.864</dst>
            <dst id="LOSAng">69165.5946666667</dst>
            <dst id="NYCMng">132560.776</dst>
            <dst id="SNVAng">8376.33333333333</dst>
            <dst id="STTLng">32934.3733333333</dst>
            <dst id="WASHng">98035.976</dst>
        </src>
        <src id="SNVAng">
            <dst id="ATLA-M5">0</dst>
            <dst id="ATLAng">477.074666666667</dst>
            <dst id="CHINng">4493.05866666667</dst>
            <dst id="DNVRng">9443.01066666667</dst>
            <dst id="HSTNng">850.706666666666</dst>
            <dst id="IPLSng">4633.89066666667</dst>
            <dst id="KSCYng">958.216</dst>
            <dst id="LOSAng">2228.74933333333</dst>
            <dst id="NYCMng">5208.91733333333</dst>
            <dst id="SNVAng">255.690666666667</dst>
            <dst id="STTLng">1934.02133333333</dst>
            <dst id="WASHng">2508.34933333333</dst>
        </src>
        <src id="STTLng">
            <dst id="ATLA-M5">167.845333333333</dst>
            <dst id="ATLAng">17524.8</dst>
            <dst id="CHINng">27353.3466666667</dst>
            <dst id="DNVRng">3236.18666666667</dst>
            <dst id="HSTNng">4488.91466666667</dst>
            <dst id="IPLSng">7156.72266666667</dst>
            <dst id="KSCYng">2691.47733333333</dst>
            <dst id="LOSAng">19189.5493333333</dst>
            <dst id="NYCMng">21932.1866666667</dst>
            <dst id="SNVAng">3608.57333333333</dst>
            <dst id="STTLng">3695.744</dst>
            <dst id="WASHng">9342.42133333333</dst>
        </src>
        <src id="WASHng">
            <dst id="ATLA-M5">535.341333333333</dst>
            <dst id="ATLAng">127706.818666667</dst>
            <dst id="CHINng">87205.4026666667</dst>
            <dst id="DNVRng">32568.7066666667</dst>
            <dst id="HSTNng">29443.3573333333</dst>
            <dst id="IPLSng">61362.384</dst>
            <dst id="KSCYng">18738.7386666667</dst>
            <dst id="LOSAng">87324.3573333333</dst>
            <dst id="NYCMng">141096.88</dst>
            <dst id="SNVAng">6013.424</dst>
            <dst id="STTLng">24611.9386666667</dst>
            <dst id="WASHng">204710.309333333</dst>
        </src>
    </IntraTM>
</TrafficMatrixFile>
