<?xml version="1.0" encoding="ISO-8859-1" standalone="yes"?>
<TrafficMatrixFile xsi:noNamespaceSchemaLocation="http://totem.run.montefiore.ulg.ac.be/Schema/TrafficMatrix-v1_2.xsd" xmlns:xsi="http://www.w3.org/2001/XMLSchema-instance">
    <IntraTM ASID="11537">
        <src id="ATLA-M5">
            <dst id="ATLA-M5">0</dst>
            <dst id="ATLAng">1003.58133333333</dst>
            <dst id="CHINng">2241.34933333333</dst>
            <dst id="DNVRng">970.712</dst>
            <dst id="HSTNng">488.381333333333</dst>
            <dst id="IPLSng">1110.584</dst>
            <dst id="KSCYng">370.64</dst>
            <dst id="LOSAng">1010.60533333333</dst>
            <dst id="NYCMng">290.885333333333</dst>
            <dst id="SNVAng">359.224</dst>
            <dst id="STTLng">163.058666666667</dst>
            <dst id="WASHng">2133.85066666667</dst>
        </src>
        <src id="ATLAng">
            <dst id="ATLA-M5">821.6</dst>
            <dst id="ATLAng">62872.6906666666</dst>
            <dst id="CHINng">27638.8773333333</dst>
            <dst id="DNVRng">20436</dst>
            <dst id="HSTNng">23110.8373333333</dst>
            <dst id="IPLSng">67500.312</dst>
            <dst id="KSCYng">10864.1333333333</dst>
            <dst id="LOSAng">24110.3813333333</dst>
            <dst id="NYCMng">34187.6133333333</dst>
            <dst id="SNVAng">4973.91733333333</dst>
            <dst id="STTLng">7371.27466666667</dst>
            <dst id="WASHng">77686.1093333334</dst>
        </src>
        <src id="CHINng">
            <dst id="ATLA-M5">3981.22133333333</dst>
            <dst id="ATLAng">26784.824</dst>
            <dst id="CHINng">35517.6853333333</dst>
            <dst id="DNVRng">11455.8986666667</dst>
            <dst id="HSTNng">19091.8426666667</dst>
            <dst id="IPLSng">37667.5013333333</dst>
            <dst id="KSCYng">8546.24266666667</dst>
            <dst id="LOSAng">34458.9413333333</dst>
            <dst id="NYCMng">8739.58133333334</dst>
            <dst id="SNVAng">16357.7226666667</dst>
            <dst id="STTLng">7648.44</dst>
            <dst id="WASHng">24557.6426666667</dst>
        </src>
        <src id="DNVRng">
            <dst id="ATLA-M5">405.666666666667</dst>
            <dst id="ATLAng">6379.79466666666</dst>
            <dst id="CHINng">57956.7786666667</dst>
            <dst id="DNVRng">13993.2186666667</dst>
            <dst id="HSTNng">13001.0186666667</dst>
            <dst id="IPLSng">47782.6373333333</dst>
            <dst id="KSCYng">15682.272</dst>
            <dst id="LOSAng">10497.9653333333</dst>
            <dst id="NYCMng">16460.5226666667</dst>
            <dst id="SNVAng">13247.9626666667</dst>
            <dst id="STTLng">21756.048</dst>
            <dst id="WASHng">54784.6026666667</dst>
        </src>
        <src id="HSTNng">
            <dst id="ATLA-M5">1143.48533333333</dst>
            <dst id="ATLAng">5685.53333333333</dst>
            <dst id="CHINng">24048.2373333333</dst>
            <dst id="DNVRng">8343.56266666667</dst>
            <dst id="HSTNng">14464.1173333333</dst>
            <dst id="IPLSng">17514.256</dst>
            <dst id="KSCYng">6592.968</dst>
            <dst id="LOSAng">9656.94133333333</dst>
            <dst id="NYCMng">14042.7493333333</dst>
            <dst id="SNVAng">2860.02666666667</dst>
            <dst id="STTLng">7101.88266666667</dst>
            <dst id="WASHng">10667.9386666667</dst>
        </src>
        <src id="IPLSng">
            <dst id="ATLA-M5">675.490666666667</dst>
            <dst id="ATLAng">57724.9333333333</dst>
            <dst id="CHINng">100696.418666667</dst>
            <dst id="DNVRng">31492.4746666667</dst>
            <dst id="HSTNng">8791.09333333333</dst>
            <dst id="IPLSng">44954.184</dst>
            <dst id="KSCYng">17420.6213333333</dst>
            <dst id="LOSAng">37644.9626666667</dst>
            <dst id="NYCMng">33355.6373333333</dst>
            <dst id="SNVAng">9545.86133333333</dst>
            <dst id="STTLng">19485.96</dst>
            <dst id="WASHng">55404.9253333333</dst>
        </src>
        <src id="KSCYng">
            <dst id="ATLA-M5">1335.656</dst>
            <dst id="ATLAng">7205.98133333333</dst>
            <dst id="CHINng">43678.2186666667</dst>
            <dst id="DNVRng">15679.336</dst>
            <dst id="HSTNng">7110.22133333333</dst>
            <dst id="IPLSng">14643.9146666667</dst>
            <dst id="KSCYng">10383.4986666667</dst>
            <dst id="LOSAng">8217.03466666667</dst>
            <dst id="NYCMng">13820.2693333333</dst>
            <dst id="SNVAng">1732.256</dst>
            <dst id="STTLng">4052.57866666667</dst>
            <dst id="WASHng">17663.616</dst>
        </src>
        <src id="LOSAng">
            <dst id="ATLA-M5">1405.09066666667</dst>
            <dst id="ATLAng">26685.8373333333</dst>
            <dst id="CHINng">121711.021333333</dst>
            <dst id="DNVRng">15468.3306666667</dst>
            <dst id="HSTNng">11333.1653333333</dst>
            <dst id="IPLSng">48231.296</dst>
            <dst id="KSCYng">14877.2586666667</dst>
            <dst id="LOSAng">13422.9786666667</dst>
            <dst id="NYCMng">59528.9546666667</dst>
            <dst id="SNVAng">10903.2106666667</dst>
            <dst id="STTLng">33872.1306666667</dst>
            <dst id="WASHng">69768.2133333333</dst>
        </src>
        <src id="NYCMng">
            <dst id="ATLA-M5">3180.00266666667</dst>
            <dst id="ATLAng">50302.0986666667</dst>
            <dst id="CHINng">70051.7733333333</dst>
            <dst id="DNVRng">53663.7573333333</dst>
            <dst id="HSTNng">48904.4266666667</dst>
            <dst id="IPLSng">104386.976</dst>
            <dst id="KSCYng">24938.856</dst>
            <dst id="LOSAng">99668.544</dst>
            <dst id="NYCMng">144456.56</dst>
            <dst id="SNVAng">15682.904</dst>
            <dst id="STTLng">40291.168</dst>
            <dst id="WASHng">185147.2</dst>
        </src>
        <src id="SNVAng">
            <dst id="ATLA-M5">275.192</dst>
            <dst id="ATLAng">766.357333333333</dst>
            <dst id="CHINng">8513.57333333333</dst>
            <dst id="DNVRng">8971.008</dst>
            <dst id="HSTNng">722.130666666667</dst>
            <dst id="IPLSng">12211.5786666667</dst>
            <dst id="KSCYng">825.856</dst>
            <dst id="LOSAng">44526.8106666667</dst>
            <dst id="NYCMng">3006.25333333333</dst>
            <dst id="SNVAng">16977.8586666667</dst>
            <dst id="STTLng">57938.552</dst>
            <dst id="WASHng">5278.30133333333</dst>
        </src>
        <src id="STTLng">
            <dst id="ATLA-M5">233.901333333333</dst>
            <dst id="ATLAng">14067.6266666667</dst>
            <dst id="CHINng">58907.8586666667</dst>
            <dst id="DNVRng">10788.112</dst>
            <dst id="HSTNng">5650.944</dst>
            <dst id="IPLSng">29420.888</dst>
            <dst id="KSCYng">4306.06666666667</dst>
            <dst id="LOSAng">39047.2773333333</dst>
            <dst id="NYCMng">29206.528</dst>
            <dst id="SNVAng">9183.752</dst>
            <dst id="STTLng">21305.7306666667</dst>
            <dst id="WASHng">19447.4906666667</dst>
        </src>
        <src id="WASHng">
            <dst id="ATLA-M5">18322.416</dst>
            <dst id="ATLAng">123322.653333333</dst>
            <dst id="CHINng">102266.066666667</dst>
            <dst id="DNVRng">67859.52</dst>
            <dst id="HSTNng">25775.848</dst>
            <dst id="IPLSng">81209.032</dst>
            <dst id="KSCYng">16293.7706666667</dst>
            <dst id="LOSAng">108101.589333333</dst>
            <dst id="NYCMng">172169.802666667</dst>
            <dst id="SNVAng">14396.6533333333</dst>
            <dst id="STTLng">30521.304</dst>
            <dst id="WASHng">235821.149333333</dst>
        </src>
    </IntraTM>
</TrafficMatrixFile>
