<?xml version="1.0" encoding="ISO-8859-1" standalone="yes"?>
<TrafficMatrixFile xsi:noNamespaceSchemaLocation="http://totem.run.montefiore.ulg.ac.be/Schema/TrafficMatrix-v1_2.xsd" xmlns:xsi="http://www.w3.org/2001/XMLSchema-instance">
    <IntraTM ASID="11537">
        <src id="ATLA-M5">
            <dst id="ATLA-M5">186.898666666667</dst>
            <dst id="ATLAng">535.290666666667</dst>
            <dst id="CHINng">798.037333333333</dst>
            <dst id="DNVRng">90.9893333333333</dst>
            <dst id="HSTNng">182.346666666667</dst>
            <dst id="IPLSng">1193.456</dst>
            <dst id="KSCYng">139.552</dst>
            <dst id="LOSAng">237.589333333333</dst>
            <dst id="NYCMng">257.349333333333</dst>
            <dst id="SNVAng">94.5173333333334</dst>
            <dst id="STTLng">146.794666666667</dst>
            <dst id="WASHng">6839.93866666666</dst>
        </src>
        <src id="ATLAng">
            <dst id="ATLA-M5">1577.4</dst>
            <dst id="ATLAng">36414.3653333333</dst>
            <dst id="CHINng">28705.3573333333</dst>
            <dst id="DNVRng">1413.696</dst>
            <dst id="HSTNng">1925.34133333333</dst>
            <dst id="IPLSng">34997.448</dst>
            <dst id="KSCYng">7649.15733333333</dst>
            <dst id="LOSAng">13651.7253333333</dst>
            <dst id="NYCMng">18149.3973333333</dst>
            <dst id="SNVAng">1024.94133333333</dst>
            <dst id="STTLng">6527.41866666667</dst>
            <dst id="WASHng">137087.034666667</dst>
        </src>
        <src id="CHINng">
            <dst id="ATLA-M5">9053.57866666667</dst>
            <dst id="ATLAng">12283.496</dst>
            <dst id="CHINng">37600.64</dst>
            <dst id="DNVRng">6009.74666666667</dst>
            <dst id="HSTNng">6629.53066666667</dst>
            <dst id="IPLSng">20054.1573333333</dst>
            <dst id="KSCYng">20135.904</dst>
            <dst id="LOSAng">12757.1653333333</dst>
            <dst id="NYCMng">7441.33066666667</dst>
            <dst id="SNVAng">2695.81866666667</dst>
            <dst id="STTLng">8392.848</dst>
            <dst id="WASHng">13015.5893333333</dst>
        </src>
        <src id="DNVRng">
            <dst id="ATLA-M5">105.933333333333</dst>
            <dst id="ATLAng">7893.536</dst>
            <dst id="CHINng">44093.2453333333</dst>
            <dst id="DNVRng">6421.216</dst>
            <dst id="HSTNng">5658.78666666667</dst>
            <dst id="IPLSng">11854.7226666667</dst>
            <dst id="KSCYng">15556.3813333333</dst>
            <dst id="LOSAng">6441.78133333333</dst>
            <dst id="NYCMng">16707.1306666667</dst>
            <dst id="SNVAng">16178.8346666667</dst>
            <dst id="STTLng">12162.8133333333</dst>
            <dst id="WASHng">19197.6853333333</dst>
        </src>
        <src id="HSTNng">
            <dst id="ATLA-M5">2102.95733333333</dst>
            <dst id="ATLAng">4680.63466666667</dst>
            <dst id="CHINng">28296.3733333333</dst>
            <dst id="DNVRng">1220.928</dst>
            <dst id="HSTNng">6782.51733333333</dst>
            <dst id="IPLSng">6732.13066666667</dst>
            <dst id="KSCYng">5128.344</dst>
            <dst id="LOSAng">103751.378666667</dst>
            <dst id="NYCMng">7817.04533333333</dst>
            <dst id="SNVAng">941.349333333333</dst>
            <dst id="STTLng">1236.31466666667</dst>
            <dst id="WASHng">14265.2053333333</dst>
        </src>
        <src id="IPLSng">
            <dst id="ATLA-M5">625.258666666667</dst>
            <dst id="ATLAng">18553.9573333333</dst>
            <dst id="CHINng">116366.16</dst>
            <dst id="DNVRng">21931.608</dst>
            <dst id="HSTNng">12254.9253333333</dst>
            <dst id="IPLSng">35068.0373333333</dst>
            <dst id="KSCYng">15000.056</dst>
            <dst id="LOSAng">79757.5786666667</dst>
            <dst id="NYCMng">30022.9973333333</dst>
            <dst id="SNVAng">3559.57866666667</dst>
            <dst id="STTLng">7779.30133333333</dst>
            <dst id="WASHng">29327.736</dst>
        </src>
        <src id="KSCYng">
            <dst id="ATLA-M5">373.872</dst>
            <dst id="ATLAng">6300.89066666666</dst>
            <dst id="CHINng">36759.936</dst>
            <dst id="DNVRng">3336.98666666667</dst>
            <dst id="HSTNng">4833.19466666667</dst>
            <dst id="IPLSng">22326.7546666667</dst>
            <dst id="KSCYng">7487.24533333333</dst>
            <dst id="LOSAng">4459.192</dst>
            <dst id="NYCMng">12038.0106666667</dst>
            <dst id="SNVAng">1736.27466666667</dst>
            <dst id="STTLng">2232.12533333333</dst>
            <dst id="WASHng">13132.744</dst>
        </src>
        <src id="LOSAng">
            <dst id="ATLA-M5">1431.2</dst>
            <dst id="ATLAng">22261.8133333333</dst>
            <dst id="CHINng">142870.728</dst>
            <dst id="DNVRng">29736.6293333333</dst>
            <dst id="HSTNng">13037.1226666667</dst>
            <dst id="IPLSng">50675.472</dst>
            <dst id="KSCYng">10153.808</dst>
            <dst id="LOSAng">9907.53866666667</dst>
            <dst id="NYCMng">63639.208</dst>
            <dst id="SNVAng">5354.768</dst>
            <dst id="STTLng">20794.6053333333</dst>
            <dst id="WASHng">63655.0506666667</dst>
        </src>
        <src id="NYCMng">
            <dst id="ATLA-M5">938.28</dst>
            <dst id="ATLAng">47604.5546666667</dst>
            <dst id="CHINng">77042.6346666667</dst>
            <dst id="DNVRng">15562.5013333333</dst>
            <dst id="HSTNng">37803.9146666667</dst>
            <dst id="IPLSng">82100.5626666667</dst>
            <dst id="KSCYng">23327.2186666667</dst>
            <dst id="LOSAng">48299.328</dst>
            <dst id="NYCMng">167906.184</dst>
            <dst id="SNVAng">6976.88</dst>
            <dst id="STTLng">18397.0613333333</dst>
            <dst id="WASHng">92215.5866666667</dst>
        </src>
        <src id="SNVAng">
            <dst id="ATLA-M5">418.16</dst>
            <dst id="ATLAng">835.76</dst>
            <dst id="CHINng">6356.424</dst>
            <dst id="DNVRng">3267.81066666667</dst>
            <dst id="HSTNng">1387.728</dst>
            <dst id="IPLSng">4053.26133333333</dst>
            <dst id="KSCYng">892.368</dst>
            <dst id="LOSAng">14742.1973333333</dst>
            <dst id="NYCMng">1861.10666666667</dst>
            <dst id="SNVAng">955.181333333333</dst>
            <dst id="STTLng">1226.30133333333</dst>
            <dst id="WASHng">6788.38933333333</dst>
        </src>
        <src id="STTLng">
            <dst id="ATLA-M5">245.949333333333</dst>
            <dst id="ATLAng">20178.376</dst>
            <dst id="CHINng">75944.9493333334</dst>
            <dst id="DNVRng">3883.72266666667</dst>
            <dst id="HSTNng">2555.34666666667</dst>
            <dst id="IPLSng">11559.8906666667</dst>
            <dst id="KSCYng">5114.176</dst>
            <dst id="LOSAng">16785.3146666667</dst>
            <dst id="NYCMng">24672.5946666667</dst>
            <dst id="SNVAng">6034.83733333333</dst>
            <dst id="STTLng">5536.912</dst>
            <dst id="WASHng">14083.896</dst>
        </src>
        <src id="WASHng">
            <dst id="ATLA-M5">690.056</dst>
            <dst id="ATLAng">181449.410666667</dst>
            <dst id="CHINng">78885.2506666667</dst>
            <dst id="DNVRng">36725.8346666667</dst>
            <dst id="HSTNng">22211.3706666667</dst>
            <dst id="IPLSng">61068.752</dst>
            <dst id="KSCYng">26050.0346666667</dst>
            <dst id="LOSAng">50258.944</dst>
            <dst id="NYCMng">173103.672</dst>
            <dst id="SNVAng">2614.624</dst>
            <dst id="STTLng">30182.3573333333</dst>
            <dst id="WASHng">381918.986666667</dst>
        </src>
    </IntraTM>
</TrafficMatrixFile>
