<?xml version="1.0" encoding="ISO-8859-1" standalone="yes"?>
<TrafficMatrixFile xsi:noNamespaceSchemaLocation="http://totem.run.montefiore.ulg.ac.be/Schema/TrafficMatrix-v1_2.xsd" xmlns:xsi="http://www.w3.org/2001/XMLSchema-instance">
    <IntraTM ASID="11537">
        <src id="ATLA-M5">
            <dst id="ATLA-M5">98.792</dst>
            <dst id="ATLAng">512.752</dst>
            <dst id="CHINng">818.141333333333</dst>
            <dst id="DNVRng">298.674666666667</dst>
            <dst id="HSTNng">324.165333333333</dst>
            <dst id="IPLSng">1516.552</dst>
            <dst id="KSCYng">480.453333333333</dst>
            <dst id="LOSAng">105.314666666667</dst>
            <dst id="NYCMng">749.592</dst>
            <dst id="SNVAng">26.6666666666667</dst>
            <dst id="STTLng">130.037333333333</dst>
            <dst id="WASHng">2665.504</dst>
        </src>
        <src id="ATLAng">
            <dst id="ATLA-M5">429.930666666667</dst>
            <dst id="ATLAng">33639.0906666667</dst>
            <dst id="CHINng">34581.0293333333</dst>
            <dst id="DNVRng">4145.45066666667</dst>
            <dst id="HSTNng">2128.13333333333</dst>
            <dst id="IPLSng">33475.2426666667</dst>
            <dst id="KSCYng">19832.76</dst>
            <dst id="LOSAng">16629.7146666667</dst>
            <dst id="NYCMng">15152.3626666667</dst>
            <dst id="SNVAng">1838.62133333333</dst>
            <dst id="STTLng">8774.72</dst>
            <dst id="WASHng">139582.437333333</dst>
        </src>
        <src id="CHINng">
            <dst id="ATLA-M5">227.12</dst>
            <dst id="ATLAng">16156.6826666667</dst>
            <dst id="CHINng">67583.4346666667</dst>
            <dst id="DNVRng">8365.45333333333</dst>
            <dst id="HSTNng">15448.7893333333</dst>
            <dst id="IPLSng">28446.456</dst>
            <dst id="KSCYng">12251.192</dst>
            <dst id="LOSAng">11557.7573333333</dst>
            <dst id="NYCMng">9091.04266666667</dst>
            <dst id="SNVAng">1966.00533333333</dst>
            <dst id="STTLng">6457.64266666667</dst>
            <dst id="WASHng">13095.392</dst>
        </src>
        <src id="DNVRng">
            <dst id="ATLA-M5">209.12</dst>
            <dst id="ATLAng">7725.32266666667</dst>
            <dst id="CHINng">58665.384</dst>
            <dst id="DNVRng">8049.23733333333</dst>
            <dst id="HSTNng">7198.21333333333</dst>
            <dst id="IPLSng">8728.928</dst>
            <dst id="KSCYng">13832.7573333333</dst>
            <dst id="LOSAng">8699.968</dst>
            <dst id="NYCMng">22671.2213333333</dst>
            <dst id="SNVAng">14602.84</dst>
            <dst id="STTLng">13267.6346666667</dst>
            <dst id="WASHng">17786.368</dst>
        </src>
        <src id="HSTNng">
            <dst id="ATLA-M5">1351.88533333333</dst>
            <dst id="ATLAng">4535.60266666667</dst>
            <dst id="CHINng">32623.976</dst>
            <dst id="DNVRng">1190.20266666667</dst>
            <dst id="HSTNng">9052.35733333333</dst>
            <dst id="IPLSng">5742.912</dst>
            <dst id="KSCYng">3977.29866666667</dst>
            <dst id="LOSAng">8635.08533333334</dst>
            <dst id="NYCMng">8438.656</dst>
            <dst id="SNVAng">732.901333333333</dst>
            <dst id="STTLng">1417.82666666667</dst>
            <dst id="WASHng">14924.088</dst>
        </src>
        <src id="IPLSng">
            <dst id="ATLA-M5">1291.21066666667</dst>
            <dst id="ATLAng">20097.312</dst>
            <dst id="CHINng">133271.336</dst>
            <dst id="DNVRng">22728.4586666667</dst>
            <dst id="HSTNng">13176</dst>
            <dst id="IPLSng">30394.064</dst>
            <dst id="KSCYng">15577.0853333333</dst>
            <dst id="LOSAng">13574.872</dst>
            <dst id="NYCMng">30695.168</dst>
            <dst id="SNVAng">2653.58933333333</dst>
            <dst id="STTLng">7145.22933333333</dst>
            <dst id="WASHng">43029.5893333333</dst>
        </src>
        <src id="KSCYng">
            <dst id="ATLA-M5">505.664</dst>
            <dst id="ATLAng">23311.2373333333</dst>
            <dst id="CHINng">36950.5813333333</dst>
            <dst id="DNVRng">4106.52533333333</dst>
            <dst id="HSTNng">6788.832</dst>
            <dst id="IPLSng">24435.6853333333</dst>
            <dst id="KSCYng">8940.176</dst>
            <dst id="LOSAng">2940.488</dst>
            <dst id="NYCMng">8035.264</dst>
            <dst id="SNVAng">351.554666666667</dst>
            <dst id="STTLng">2615.33866666667</dst>
            <dst id="WASHng">21605.4453333333</dst>
        </src>
        <src id="LOSAng">
            <dst id="ATLA-M5">1042.672</dst>
            <dst id="ATLAng">21511.456</dst>
            <dst id="CHINng">147530.413333333</dst>
            <dst id="DNVRng">6226.456</dst>
            <dst id="HSTNng">19312.56</dst>
            <dst id="IPLSng">67815.5333333333</dst>
            <dst id="KSCYng">7680.08266666666</dst>
            <dst id="LOSAng">12780.3546666667</dst>
            <dst id="NYCMng">52901.928</dst>
            <dst id="SNVAng">4079.30666666667</dst>
            <dst id="STTLng">20304.1626666667</dst>
            <dst id="WASHng">65853.1813333333</dst>
        </src>
        <src id="NYCMng">
            <dst id="ATLA-M5">2920.07466666667</dst>
            <dst id="ATLAng">43315.544</dst>
            <dst id="CHINng">89861.136</dst>
            <dst id="DNVRng">12589.7413333333</dst>
            <dst id="HSTNng">42354.016</dst>
            <dst id="IPLSng">102916.024</dst>
            <dst id="KSCYng">22771.2853333333</dst>
            <dst id="LOSAng">46480.5226666667</dst>
            <dst id="NYCMng">154594.002666667</dst>
            <dst id="SNVAng">6498.888</dst>
            <dst id="STTLng">21382.2</dst>
            <dst id="WASHng">90241.4053333333</dst>
        </src>
        <src id="SNVAng">
            <dst id="ATLA-M5">120.16</dst>
            <dst id="ATLAng">1139.85333333333</dst>
            <dst id="CHINng">6369.072</dst>
            <dst id="DNVRng">3429.66133333333</dst>
            <dst id="HSTNng">2035.19733333333</dst>
            <dst id="IPLSng">2713.29066666667</dst>
            <dst id="KSCYng">1497.23733333333</dst>
            <dst id="LOSAng">5639.01066666667</dst>
            <dst id="NYCMng">2460.624</dst>
            <dst id="SNVAng">1019.66933333333</dst>
            <dst id="STTLng">1543.08266666667</dst>
            <dst id="WASHng">2543.34133333333</dst>
        </src>
        <src id="STTLng">
            <dst id="ATLA-M5">267.618666666667</dst>
            <dst id="ATLAng">27722.352</dst>
            <dst id="CHINng">84913.9386666667</dst>
            <dst id="DNVRng">3095.82133333333</dst>
            <dst id="HSTNng">4174.72266666667</dst>
            <dst id="IPLSng">16904.4266666667</dst>
            <dst id="KSCYng">6858.2</dst>
            <dst id="LOSAng">16858.768</dst>
            <dst id="NYCMng">28854.872</dst>
            <dst id="SNVAng">4300.55733333333</dst>
            <dst id="STTLng">6370.58133333333</dst>
            <dst id="WASHng">14742.5386666667</dst>
        </src>
        <src id="WASHng">
            <dst id="ATLA-M5">1481.61066666667</dst>
            <dst id="ATLAng">131660.848</dst>
            <dst id="CHINng">98629.352</dst>
            <dst id="DNVRng">40993.72</dst>
            <dst id="HSTNng">27849.848</dst>
            <dst id="IPLSng">83220.5386666667</dst>
            <dst id="KSCYng">51458.6826666667</dst>
            <dst id="LOSAng">57453.0666666667</dst>
            <dst id="NYCMng">157624.770666667</dst>
            <dst id="SNVAng">4384.976</dst>
            <dst id="STTLng">26903.6853333333</dst>
            <dst id="WASHng">395893.466666667</dst>
        </src>
    </IntraTM>
</TrafficMatrixFile>
