<?xml version="1.0" encoding="ISO-8859-1" standalone="yes"?>
<TrafficMatrixFile xsi:noNamespaceSchemaLocation="http://totem.run.montefiore.ulg.ac.be/Schema/TrafficMatrix-v1_2.xsd" xmlns:xsi="http://www.w3.org/2001/XMLSchema-instance">
    <IntraTM ASID="11537">
        <src id="ATLA-M5">
            <dst id="ATLA-M5">532.829333333333</dst>
            <dst id="ATLAng">1416.67733333333</dst>
            <dst id="CHINng">1621.37333333333</dst>
            <dst id="DNVRng">1246.53333333333</dst>
            <dst id="HSTNng">300.053333333333</dst>
            <dst id="IPLSng">2495.424</dst>
            <dst id="KSCYng">1519.02933333333</dst>
            <dst id="LOSAng">301.517333333333</dst>
            <dst id="NYCMng">976.877333333333</dst>
            <dst id="SNVAng">419.978666666667</dst>
            <dst id="STTLng">739.362666666667</dst>
            <dst id="WASHng">2511.792</dst>
        </src>
        <src id="ATLAng">
            <dst id="ATLA-M5">2968.14666666667</dst>
            <dst id="ATLAng">62797.4826666667</dst>
            <dst id="CHINng">50361.0746666667</dst>
            <dst id="DNVRng">18335.88</dst>
            <dst id="HSTNng">9500.33866666667</dst>
            <dst id="IPLSng">49158.6106666667</dst>
            <dst id="KSCYng">21778.5466666667</dst>
            <dst id="LOSAng">21443.4506666667</dst>
            <dst id="NYCMng">25562.0453333333</dst>
            <dst id="SNVAng">2383.34133333333</dst>
            <dst id="STTLng">12019.808</dst>
            <dst id="WASHng">92890.536</dst>
        </src>
        <src id="CHINng">
            <dst id="ATLA-M5">4330.43733333333</dst>
            <dst id="ATLAng">18851.1173333333</dst>
            <dst id="CHINng">70336.72</dst>
            <dst id="DNVRng">9958.82933333333</dst>
            <dst id="HSTNng">20641.1546666667</dst>
            <dst id="IPLSng">34441.7493333333</dst>
            <dst id="KSCYng">11448.4453333333</dst>
            <dst id="LOSAng">32110.0426666667</dst>
            <dst id="NYCMng">12104.368</dst>
            <dst id="SNVAng">3497.52266666667</dst>
            <dst id="STTLng">21020.2373333333</dst>
            <dst id="WASHng">31483.8266666667</dst>
        </src>
        <src id="DNVRng">
            <dst id="ATLA-M5">858.848</dst>
            <dst id="ATLAng">14117.048</dst>
            <dst id="CHINng">66279.0693333333</dst>
            <dst id="DNVRng">16216.944</dst>
            <dst id="HSTNng">17591.768</dst>
            <dst id="IPLSng">31902.0613333333</dst>
            <dst id="KSCYng">31524.6586666667</dst>
            <dst id="LOSAng">12847.4293333333</dst>
            <dst id="NYCMng">27862.3386666667</dst>
            <dst id="SNVAng">18026.8026666667</dst>
            <dst id="STTLng">16511.128</dst>
            <dst id="WASHng">59985.6266666667</dst>
        </src>
        <src id="HSTNng">
            <dst id="ATLA-M5">407.522666666667</dst>
            <dst id="ATLAng">6160.656</dst>
            <dst id="CHINng">24782.5626666667</dst>
            <dst id="DNVRng">7793.60266666667</dst>
            <dst id="HSTNng">12430.2426666667</dst>
            <dst id="IPLSng">13379.616</dst>
            <dst id="KSCYng">6053.76266666667</dst>
            <dst id="LOSAng">103356.674666667</dst>
            <dst id="NYCMng">11493.608</dst>
            <dst id="SNVAng">2795.78133333333</dst>
            <dst id="STTLng">5384.67733333333</dst>
            <dst id="WASHng">11360.1226666667</dst>
        </src>
        <src id="IPLSng">
            <dst id="ATLA-M5">2112.048</dst>
            <dst id="ATLAng">50517.816</dst>
            <dst id="CHINng">158217.749333333</dst>
            <dst id="DNVRng">43712.6666666667</dst>
            <dst id="HSTNng">16893.024</dst>
            <dst id="IPLSng">50633.56</dst>
            <dst id="KSCYng">17812.9493333333</dst>
            <dst id="LOSAng">23053.0453333333</dst>
            <dst id="NYCMng">45427.272</dst>
            <dst id="SNVAng">6206.79466666667</dst>
            <dst id="STTLng">16206.3653333333</dst>
            <dst id="WASHng">51417.8506666667</dst>
        </src>
        <src id="KSCYng">
            <dst id="ATLA-M5">780.442666666667</dst>
            <dst id="ATLAng">18910.9306666667</dst>
            <dst id="CHINng">37545.8853333333</dst>
            <dst id="DNVRng">16380.2266666667</dst>
            <dst id="HSTNng">6285.488</dst>
            <dst id="IPLSng">16662.9013333333</dst>
            <dst id="KSCYng">10248.4586666667</dst>
            <dst id="LOSAng">7368.51733333333</dst>
            <dst id="NYCMng">10855.3146666667</dst>
            <dst id="SNVAng">3135.48266666667</dst>
            <dst id="STTLng">5673.85866666667</dst>
            <dst id="WASHng">22997.2986666667</dst>
        </src>
        <src id="LOSAng">
            <dst id="ATLA-M5">4419.61333333333</dst>
            <dst id="ATLAng">30488.0986666667</dst>
            <dst id="CHINng">142306.042666667</dst>
            <dst id="DNVRng">23726.1626666667</dst>
            <dst id="HSTNng">17843.2586666667</dst>
            <dst id="IPLSng">45070.1973333333</dst>
            <dst id="KSCYng">11403.296</dst>
            <dst id="LOSAng">8868.42666666667</dst>
            <dst id="NYCMng">72410.3013333333</dst>
            <dst id="SNVAng">21423.696</dst>
            <dst id="STTLng">27417.8346666667</dst>
            <dst id="WASHng">71233.4666666667</dst>
        </src>
        <src id="NYCMng">
            <dst id="ATLA-M5">10384.0933333333</dst>
            <dst id="ATLAng">73378.7786666667</dst>
            <dst id="CHINng">98708.016</dst>
            <dst id="DNVRng">56205.24</dst>
            <dst id="HSTNng">49928.72</dst>
            <dst id="IPLSng">99242.112</dst>
            <dst id="KSCYng">35625.104</dst>
            <dst id="LOSAng">67677.3626666667</dst>
            <dst id="NYCMng">149408.517333333</dst>
            <dst id="SNVAng">13420.0666666667</dst>
            <dst id="STTLng">38469.608</dst>
            <dst id="WASHng">101990.4</dst>
        </src>
        <src id="SNVAng">
            <dst id="ATLA-M5">270.192</dst>
            <dst id="ATLAng">899.568</dst>
            <dst id="CHINng">6476</dst>
            <dst id="DNVRng">5120.53866666667</dst>
            <dst id="HSTNng">1655.96266666667</dst>
            <dst id="IPLSng">4381.59466666667</dst>
            <dst id="KSCYng">1421.03733333333</dst>
            <dst id="LOSAng">42824.488</dst>
            <dst id="NYCMng">3907.57066666667</dst>
            <dst id="SNVAng">27907.416</dst>
            <dst id="STTLng">59690.8613333333</dst>
            <dst id="WASHng">3473.31733333333</dst>
        </src>
        <src id="STTLng">
            <dst id="ATLA-M5">836.309333333333</dst>
            <dst id="ATLAng">17608.72</dst>
            <dst id="CHINng">79381.232</dst>
            <dst id="DNVRng">9970.37066666667</dst>
            <dst id="HSTNng">8293.688</dst>
            <dst id="IPLSng">37339.6</dst>
            <dst id="KSCYng">7978.984</dst>
            <dst id="LOSAng">32586.4106666667</dst>
            <dst id="NYCMng">28982.6986666667</dst>
            <dst id="SNVAng">12265.8426666667</dst>
            <dst id="STTLng">4282.13066666667</dst>
            <dst id="WASHng">25125.0426666667</dst>
        </src>
        <src id="WASHng">
            <dst id="ATLA-M5">7449.13866666667</dst>
            <dst id="ATLAng">116100.722666667</dst>
            <dst id="CHINng">143687.626666667</dst>
            <dst id="DNVRng">88166.336</dst>
            <dst id="HSTNng">39153.224</dst>
            <dst id="IPLSng">117161.682666667</dst>
            <dst id="KSCYng">41830.5973333333</dst>
            <dst id="LOSAng">79037.376</dst>
            <dst id="NYCMng">207100.714666667</dst>
            <dst id="SNVAng">17683.16</dst>
            <dst id="STTLng">38352.6106666667</dst>
            <dst id="WASHng">334891.44</dst>
        </src>
    </IntraTM>
</TrafficMatrixFile>
