<?xml version="1.0" encoding="ISO-8859-1" standalone="yes"?>
<TrafficMatrixFile xsi:noNamespaceSchemaLocation="http://totem.run.montefiore.ulg.ac.be/Schema/TrafficMatrix-v1_2.xsd" xmlns:xsi="http://www.w3.org/2001/XMLSchema-instance">
    <IntraTM ASID="11537">
        <src id="ATLA-M5">
            <dst id="ATLA-M5">0</dst>
            <dst id="ATLAng">795.128</dst>
            <dst id="CHINng">1260.944</dst>
            <dst id="DNVRng">1257.10133333333</dst>
            <dst id="HSTNng">142.552</dst>
            <dst id="IPLSng">2591.48266666667</dst>
            <dst id="KSCYng">619.322666666667</dst>
            <dst id="LOSAng">334.557333333333</dst>
            <dst id="NYCMng">214.373333333333</dst>
            <dst id="SNVAng">132.002666666667</dst>
            <dst id="STTLng">378.725333333333</dst>
            <dst id="WASHng">1682.61333333333</dst>
        </src>
        <src id="ATLAng">
            <dst id="ATLA-M5">2690.46666666667</dst>
            <dst id="ATLAng">44191.3946666667</dst>
            <dst id="CHINng">28651.808</dst>
            <dst id="DNVRng">6093.10933333333</dst>
            <dst id="HSTNng">13098.16</dst>
            <dst id="IPLSng">26953.36</dst>
            <dst id="KSCYng">11004.552</dst>
            <dst id="LOSAng">18233.3173333333</dst>
            <dst id="NYCMng">13891.3786666667</dst>
            <dst id="SNVAng">4816</dst>
            <dst id="STTLng">9841.13066666667</dst>
            <dst id="WASHng">66890.7733333333</dst>
        </src>
        <src id="CHINng">
            <dst id="ATLA-M5">507.032</dst>
            <dst id="ATLAng">20340.4933333333</dst>
            <dst id="CHINng">40941.264</dst>
            <dst id="DNVRng">13468.1226666667</dst>
            <dst id="HSTNng">13624.368</dst>
            <dst id="IPLSng">28288.864</dst>
            <dst id="KSCYng">11702.32</dst>
            <dst id="LOSAng">26289.2346666667</dst>
            <dst id="NYCMng">9428.54933333333</dst>
            <dst id="SNVAng">5210.41866666667</dst>
            <dst id="STTLng">6889.61866666667</dst>
            <dst id="WASHng">21399.9626666667</dst>
        </src>
        <src id="DNVRng">
            <dst id="ATLA-M5">384.413333333333</dst>
            <dst id="ATLAng">5986.54133333334</dst>
            <dst id="CHINng">30740.0746666667</dst>
            <dst id="DNVRng">9704.50933333333</dst>
            <dst id="HSTNng">6842.85866666667</dst>
            <dst id="IPLSng">8809.59466666667</dst>
            <dst id="KSCYng">10877.4293333333</dst>
            <dst id="LOSAng">24324.0906666667</dst>
            <dst id="NYCMng">20595.7946666667</dst>
            <dst id="SNVAng">11167.6613333333</dst>
            <dst id="STTLng">13445.8773333333</dst>
            <dst id="WASHng">25930.968</dst>
        </src>
        <src id="HSTNng">
            <dst id="ATLA-M5">1279.352</dst>
            <dst id="ATLAng">4449.99733333333</dst>
            <dst id="CHINng">33111.472</dst>
            <dst id="DNVRng">4974.05866666667</dst>
            <dst id="HSTNng">4002.42133333333</dst>
            <dst id="IPLSng">9824.656</dst>
            <dst id="KSCYng">4525.632</dst>
            <dst id="LOSAng">22648.0346666667</dst>
            <dst id="NYCMng">6864.89333333333</dst>
            <dst id="SNVAng">4734.192</dst>
            <dst id="STTLng">6040.12</dst>
            <dst id="WASHng">7097.44533333333</dst>
        </src>
        <src id="IPLSng">
            <dst id="ATLA-M5">678.042666666667</dst>
            <dst id="ATLAng">19070.688</dst>
            <dst id="CHINng">96689.3253333333</dst>
            <dst id="DNVRng">7522.17866666666</dst>
            <dst id="HSTNng">8126.24533333333</dst>
            <dst id="IPLSng">24856.0453333333</dst>
            <dst id="KSCYng">21465.336</dst>
            <dst id="LOSAng">19789.4026666667</dst>
            <dst id="NYCMng">36549.9253333333</dst>
            <dst id="SNVAng">7773.42933333333</dst>
            <dst id="STTLng">10621.576</dst>
            <dst id="WASHng">27853.8053333333</dst>
        </src>
        <src id="KSCYng">
            <dst id="ATLA-M5">806.301333333333</dst>
            <dst id="ATLAng">8466.47466666667</dst>
            <dst id="CHINng">40495.7733333333</dst>
            <dst id="DNVRng">10459.2693333333</dst>
            <dst id="HSTNng">4253.10666666667</dst>
            <dst id="IPLSng">16586.3493333333</dst>
            <dst id="KSCYng">8905.12</dst>
            <dst id="LOSAng">9035.47733333333</dst>
            <dst id="NYCMng">10621.3866666667</dst>
            <dst id="SNVAng">1312.68</dst>
            <dst id="STTLng">2407.62666666667</dst>
            <dst id="WASHng">11436.656</dst>
        </src>
        <src id="LOSAng">
            <dst id="ATLA-M5">382.504</dst>
            <dst id="ATLAng">32176.3626666667</dst>
            <dst id="CHINng">99158.712</dst>
            <dst id="DNVRng">10638.3653333333</dst>
            <dst id="HSTNng">45885.3786666667</dst>
            <dst id="IPLSng">44433.3226666667</dst>
            <dst id="KSCYng">13410.256</dst>
            <dst id="LOSAng">13418.3493333333</dst>
            <dst id="NYCMng">56701.9733333333</dst>
            <dst id="SNVAng">3460.84266666667</dst>
            <dst id="STTLng">28539.64</dst>
            <dst id="WASHng">62440.92</dst>
        </src>
        <src id="NYCMng">
            <dst id="ATLA-M5">2535.46133333333</dst>
            <dst id="ATLAng">38470.536</dst>
            <dst id="CHINng">81383.9813333333</dst>
            <dst id="DNVRng">17761.08</dst>
            <dst id="HSTNng">40250.92</dst>
            <dst id="IPLSng">64191.9786666666</dst>
            <dst id="KSCYng">27218.8213333333</dst>
            <dst id="LOSAng">72783.04</dst>
            <dst id="NYCMng">150854.349333333</dst>
            <dst id="SNVAng">7206.56</dst>
            <dst id="STTLng">23118.9253333333</dst>
            <dst id="WASHng">74985.6746666667</dst>
        </src>
        <src id="SNVAng">
            <dst id="ATLA-M5">173.616</dst>
            <dst id="ATLAng">763.557333333333</dst>
            <dst id="CHINng">5670.79466666666</dst>
            <dst id="DNVRng">13919.7573333333</dst>
            <dst id="HSTNng">1188.45866666667</dst>
            <dst id="IPLSng">3138.35466666667</dst>
            <dst id="KSCYng">1414.87733333333</dst>
            <dst id="LOSAng">5745.192</dst>
            <dst id="NYCMng">3518.16</dst>
            <dst id="SNVAng">299.738666666667</dst>
            <dst id="STTLng">4994.488</dst>
            <dst id="WASHng">2382.52266666667</dst>
        </src>
        <src id="STTLng">
            <dst id="ATLA-M5">716.989333333333</dst>
            <dst id="ATLAng">14273.8746666667</dst>
            <dst id="CHINng">41367.168</dst>
            <dst id="DNVRng">4812.64</dst>
            <dst id="HSTNng">3759.344</dst>
            <dst id="IPLSng">14287.024</dst>
            <dst id="KSCYng">6255</dst>
            <dst id="LOSAng">25075.5546666667</dst>
            <dst id="NYCMng">16359.4106666667</dst>
            <dst id="SNVAng">6313.14666666667</dst>
            <dst id="STTLng">4568.608</dst>
            <dst id="WASHng">12773.0933333333</dst>
        </src>
        <src id="WASHng">
            <dst id="ATLA-M5">1735.55733333333</dst>
            <dst id="ATLAng">112706.098666667</dst>
            <dst id="CHINng">85367.1813333333</dst>
            <dst id="DNVRng">31439.1013333333</dst>
            <dst id="HSTNng">18281.64</dst>
            <dst id="IPLSng">52259.0666666667</dst>
            <dst id="KSCYng">22573.9066666667</dst>
            <dst id="LOSAng">83514.8666666667</dst>
            <dst id="NYCMng">159625.418666667</dst>
            <dst id="SNVAng">4846.07466666667</dst>
            <dst id="STTLng">36799.096</dst>
            <dst id="WASHng">242507.690666667</dst>
        </src>
    </IntraTM>
</TrafficMatrixFile>
