<?xml version="1.0" encoding="ISO-8859-1" standalone="yes"?>
<TrafficMatrixFile xsi:noNamespaceSchemaLocation="http://totem.run.montefiore.ulg.ac.be/Schema/TrafficMatrix-v1_2.xsd" xmlns:xsi="http://www.w3.org/2001/XMLSchema-instance">
    <IntraTM ASID="11537">
        <src id="ATLA-M5">
            <dst id="ATLA-M5">188.661333333333</dst>
            <dst id="ATLAng">929.666666666667</dst>
            <dst id="CHINng">2429.70133333333</dst>
            <dst id="DNVRng">1004.8</dst>
            <dst id="HSTNng">304.218666666667</dst>
            <dst id="IPLSng">1031.77866666667</dst>
            <dst id="KSCYng">1013.696</dst>
            <dst id="LOSAng">194.130666666667</dst>
            <dst id="NYCMng">1440.05066666667</dst>
            <dst id="SNVAng">212.370666666667</dst>
            <dst id="STTLng">172.789333333333</dst>
            <dst id="WASHng">2881.68266666667</dst>
        </src>
        <src id="ATLAng">
            <dst id="ATLA-M5">1298.97866666667</dst>
            <dst id="ATLAng">31132.5546666667</dst>
            <dst id="CHINng">44058.9253333333</dst>
            <dst id="DNVRng">16353.224</dst>
            <dst id="HSTNng">8894.43466666667</dst>
            <dst id="IPLSng">31662.4106666667</dst>
            <dst id="KSCYng">18965.5893333333</dst>
            <dst id="LOSAng">28079.8506666667</dst>
            <dst id="NYCMng">27887.8133333333</dst>
            <dst id="SNVAng">4816.42266666667</dst>
            <dst id="STTLng">7609.15466666667</dst>
            <dst id="WASHng">97570.272</dst>
        </src>
        <src id="CHINng">
            <dst id="ATLA-M5">4574.112</dst>
            <dst id="ATLAng">20519.2506666667</dst>
            <dst id="CHINng">64164.584</dst>
            <dst id="DNVRng">24134.8266666667</dst>
            <dst id="HSTNng">9612.10666666667</dst>
            <dst id="IPLSng">26460.1013333333</dst>
            <dst id="KSCYng">9546.01333333333</dst>
            <dst id="LOSAng">32007.8613333333</dst>
            <dst id="NYCMng">10162.8666666667</dst>
            <dst id="SNVAng">2786.208</dst>
            <dst id="STTLng">13514.0053333333</dst>
            <dst id="WASHng">18470.032</dst>
        </src>
        <src id="DNVRng">
            <dst id="ATLA-M5">823.037333333333</dst>
            <dst id="ATLAng">20666.576</dst>
            <dst id="CHINng">54870.544</dst>
            <dst id="DNVRng">23232.288</dst>
            <dst id="HSTNng">16240.44</dst>
            <dst id="IPLSng">33906.192</dst>
            <dst id="KSCYng">34037.5386666667</dst>
            <dst id="LOSAng">24688.9706666667</dst>
            <dst id="NYCMng">28438.6266666667</dst>
            <dst id="SNVAng">21099.576</dst>
            <dst id="STTLng">18879.16</dst>
            <dst id="WASHng">54644.752</dst>
        </src>
        <src id="HSTNng">
            <dst id="ATLA-M5">2084.49866666667</dst>
            <dst id="ATLAng">7186.89066666667</dst>
            <dst id="CHINng">21767.1466666667</dst>
            <dst id="DNVRng">9001.144</dst>
            <dst id="HSTNng">14688.4506666667</dst>
            <dst id="IPLSng">14080.2586666667</dst>
            <dst id="KSCYng">3688.51466666667</dst>
            <dst id="LOSAng">99635.9146666667</dst>
            <dst id="NYCMng">8882.568</dst>
            <dst id="SNVAng">2524.38133333333</dst>
            <dst id="STTLng">2729.45866666667</dst>
            <dst id="WASHng">10467.664</dst>
        </src>
        <src id="IPLSng">
            <dst id="ATLA-M5">3047.55466666667</dst>
            <dst id="ATLAng">28969.904</dst>
            <dst id="CHINng">124699.24</dst>
            <dst id="DNVRng">36232.2373333333</dst>
            <dst id="HSTNng">21498.28</dst>
            <dst id="IPLSng">71268.152</dst>
            <dst id="KSCYng">20661.976</dst>
            <dst id="LOSAng">77068.4453333334</dst>
            <dst id="NYCMng">55175.2586666667</dst>
            <dst id="SNVAng">6541.71733333333</dst>
            <dst id="STTLng">18096.848</dst>
            <dst id="WASHng">61651.4773333333</dst>
        </src>
        <src id="KSCYng">
            <dst id="ATLA-M5">3392.11466666667</dst>
            <dst id="ATLAng">18137.248</dst>
            <dst id="CHINng">45697.656</dst>
            <dst id="DNVRng">17362.752</dst>
            <dst id="HSTNng">4454.56533333333</dst>
            <dst id="IPLSng">20384.0586666667</dst>
            <dst id="KSCYng">10656.3973333333</dst>
            <dst id="LOSAng">13312.0186666667</dst>
            <dst id="NYCMng">15212.816</dst>
            <dst id="SNVAng">2204.70666666667</dst>
            <dst id="STTLng">5123.82133333333</dst>
            <dst id="WASHng">28592.1173333333</dst>
        </src>
        <src id="LOSAng">
            <dst id="ATLA-M5">1896.36533333333</dst>
            <dst id="ATLAng">30391.6506666667</dst>
            <dst id="CHINng">128443.84</dst>
            <dst id="DNVRng">16870.3893333333</dst>
            <dst id="HSTNng">22676.1626666667</dst>
            <dst id="IPLSng">54560.376</dst>
            <dst id="KSCYng">10423.9973333333</dst>
            <dst id="LOSAng">9446.95733333333</dst>
            <dst id="NYCMng">66434.9813333333</dst>
            <dst id="SNVAng">12733.3893333333</dst>
            <dst id="STTLng">35088.8</dst>
            <dst id="WASHng">75789.6266666667</dst>
        </src>
        <src id="NYCMng">
            <dst id="ATLA-M5">5807.02933333333</dst>
            <dst id="ATLAng">68334.3066666667</dst>
            <dst id="CHINng">90184.9013333333</dst>
            <dst id="DNVRng">51365.4346666667</dst>
            <dst id="HSTNng">56642.6293333333</dst>
            <dst id="IPLSng">101612.496</dst>
            <dst id="KSCYng">35771.9226666667</dst>
            <dst id="LOSAng">81902.5226666667</dst>
            <dst id="NYCMng">168386.352</dst>
            <dst id="SNVAng">14562.8293333333</dst>
            <dst id="STTLng">33401.104</dst>
            <dst id="WASHng">106646.754666667</dst>
        </src>
        <src id="SNVAng">
            <dst id="ATLA-M5">444.173333333333</dst>
            <dst id="ATLAng">2785.36266666667</dst>
            <dst id="CHINng">6203.05066666667</dst>
            <dst id="DNVRng">9590.54933333333</dst>
            <dst id="HSTNng">500.834666666667</dst>
            <dst id="IPLSng">5315.63466666667</dst>
            <dst id="KSCYng">1198.46933333333</dst>
            <dst id="LOSAng">39154.0506666667</dst>
            <dst id="NYCMng">4497.13066666667</dst>
            <dst id="SNVAng">23186.952</dst>
            <dst id="STTLng">70813.9893333333</dst>
            <dst id="WASHng">2531.17866666667</dst>
        </src>
        <src id="STTLng">
            <dst id="ATLA-M5">460.650666666667</dst>
            <dst id="ATLAng">14436.7866666667</dst>
            <dst id="CHINng">77511.48</dst>
            <dst id="DNVRng">11996.592</dst>
            <dst id="HSTNng">5619.25333333333</dst>
            <dst id="IPLSng">29227.104</dst>
            <dst id="KSCYng">8567.104</dst>
            <dst id="LOSAng">29688.1386666667</dst>
            <dst id="NYCMng">31257.4</dst>
            <dst id="SNVAng">14572.5413333333</dst>
            <dst id="STTLng">14726.9893333333</dst>
            <dst id="WASHng">21967.5973333333</dst>
        </src>
        <src id="WASHng">
            <dst id="ATLA-M5">3722.72533333333</dst>
            <dst id="ATLAng">158958.098666667</dst>
            <dst id="CHINng">101667.709333333</dst>
            <dst id="DNVRng">81823.872</dst>
            <dst id="HSTNng">40946.6186666667</dst>
            <dst id="IPLSng">117714.176</dst>
            <dst id="KSCYng">44328.1093333333</dst>
            <dst id="LOSAng">90405.128</dst>
            <dst id="NYCMng">204630.634666667</dst>
            <dst id="SNVAng">16443.6053333333</dst>
            <dst id="STTLng">37324.9226666667</dst>
            <dst id="WASHng">317123.44</dst>
        </src>
    </IntraTM>
</TrafficMatrixFile>
