<?xml version="1.0" encoding="ISO-8859-1" standalone="yes"?>
<TrafficMatrixFile xsi:noNamespaceSchemaLocation="http://totem.run.montefiore.ulg.ac.be/Schema/TrafficMatrix-v1_2.xsd" xmlns:xsi="http://www.w3.org/2001/XMLSchema-instance">
    <IntraTM ASID="11537">
        <src id="ATLA-M5">
            <dst id="ATLA-M5">26.6666666666667</dst>
            <dst id="ATLAng">306.885333333333</dst>
            <dst id="CHINng">874.736</dst>
            <dst id="DNVRng">573.610666666667</dst>
            <dst id="HSTNng">326.984</dst>
            <dst id="IPLSng">666.858666666667</dst>
            <dst id="KSCYng">629.122666666667</dst>
            <dst id="LOSAng">485.957333333333</dst>
            <dst id="NYCMng">571.706666666667</dst>
            <dst id="SNVAng">72.2933333333333</dst>
            <dst id="STTLng">192.690666666667</dst>
            <dst id="WASHng">1337.56</dst>
        </src>
        <src id="ATLAng">
            <dst id="ATLA-M5">617.658666666667</dst>
            <dst id="ATLAng">72827.376</dst>
            <dst id="CHINng">15330.5493333333</dst>
            <dst id="DNVRng">4943.22133333333</dst>
            <dst id="HSTNng">14142.3733333333</dst>
            <dst id="IPLSng">18025.9333333333</dst>
            <dst id="KSCYng">7027.54133333333</dst>
            <dst id="LOSAng">18172.1893333333</dst>
            <dst id="NYCMng">17886.8933333333</dst>
            <dst id="SNVAng">3982.568</dst>
            <dst id="STTLng">7969.12</dst>
            <dst id="WASHng">61753.0213333334</dst>
        </src>
        <src id="CHINng">
            <dst id="ATLA-M5">691.066666666666</dst>
            <dst id="ATLAng">19540.648</dst>
            <dst id="CHINng">40168.1413333333</dst>
            <dst id="DNVRng">14437.2213333333</dst>
            <dst id="HSTNng">5125.512</dst>
            <dst id="IPLSng">25618.44</dst>
            <dst id="KSCYng">8640.09333333333</dst>
            <dst id="LOSAng">27970.04</dst>
            <dst id="NYCMng">3168.54666666667</dst>
            <dst id="SNVAng">2159.18933333333</dst>
            <dst id="STTLng">7239.79733333333</dst>
            <dst id="WASHng">17121.1466666667</dst>
        </src>
        <src id="DNVRng">
            <dst id="ATLA-M5">186.682666666667</dst>
            <dst id="ATLAng">5790.448</dst>
            <dst id="CHINng">33911.472</dst>
            <dst id="DNVRng">6067.576</dst>
            <dst id="HSTNng">5189.85866666667</dst>
            <dst id="IPLSng">7850.064</dst>
            <dst id="KSCYng">11294.4</dst>
            <dst id="LOSAng">25475.0266666667</dst>
            <dst id="NYCMng">8464.57333333333</dst>
            <dst id="SNVAng">16228.7546666667</dst>
            <dst id="STTLng">14780.8933333333</dst>
            <dst id="WASHng">16075.32</dst>
        </src>
        <src id="HSTNng">
            <dst id="ATLA-M5">233.549333333333</dst>
            <dst id="ATLAng">3239.17066666667</dst>
            <dst id="CHINng">24641.0746666667</dst>
            <dst id="DNVRng">2760.96533333333</dst>
            <dst id="HSTNng">7323.99733333333</dst>
            <dst id="IPLSng">7992.12266666667</dst>
            <dst id="KSCYng">2840.464</dst>
            <dst id="LOSAng">93807.7253333333</dst>
            <dst id="NYCMng">9383.88266666667</dst>
            <dst id="SNVAng">4299.66133333333</dst>
            <dst id="STTLng">5592.54666666667</dst>
            <dst id="WASHng">4998.144</dst>
        </src>
        <src id="IPLSng">
            <dst id="ATLA-M5">305.093333333333</dst>
            <dst id="ATLAng">13235.7253333333</dst>
            <dst id="CHINng">106451.816</dst>
            <dst id="DNVRng">7119.27466666667</dst>
            <dst id="HSTNng">7293.71466666667</dst>
            <dst id="IPLSng">16620.2506666667</dst>
            <dst id="KSCYng">11291.696</dst>
            <dst id="LOSAng">22603.688</dst>
            <dst id="NYCMng">20464.1546666667</dst>
            <dst id="SNVAng">5819.28266666667</dst>
            <dst id="STTLng">11706.1146666667</dst>
            <dst id="WASHng">31369.6026666667</dst>
        </src>
        <src id="KSCYng">
            <dst id="ATLA-M5">476.149333333333</dst>
            <dst id="ATLAng">3681.82933333333</dst>
            <dst id="CHINng">35492.7066666667</dst>
            <dst id="DNVRng">9067.48</dst>
            <dst id="HSTNng">3663.83466666667</dst>
            <dst id="IPLSng">11318.592</dst>
            <dst id="KSCYng">6800.28</dst>
            <dst id="LOSAng">11700.6293333333</dst>
            <dst id="NYCMng">12726.6506666667</dst>
            <dst id="SNVAng">771.442666666667</dst>
            <dst id="STTLng">4329.82666666667</dst>
            <dst id="WASHng">9866.38933333333</dst>
        </src>
        <src id="LOSAng">
            <dst id="ATLA-M5">115.456</dst>
            <dst id="ATLAng">14880.6826666667</dst>
            <dst id="CHINng">109438.448</dst>
            <dst id="DNVRng">6999.592</dst>
            <dst id="HSTNng">20680.184</dst>
            <dst id="IPLSng">54782.1066666667</dst>
            <dst id="KSCYng">12992.6506666667</dst>
            <dst id="LOSAng">16192.648</dst>
            <dst id="NYCMng">56447.9706666667</dst>
            <dst id="SNVAng">9538.64266666667</dst>
            <dst id="STTLng">32892.8346666667</dst>
            <dst id="WASHng">64738.864</dst>
        </src>
        <src id="NYCMng">
            <dst id="ATLA-M5">1985.13066666667</dst>
            <dst id="ATLAng">29458.68</dst>
            <dst id="CHINng">64069.3466666667</dst>
            <dst id="DNVRng">20803.8026666667</dst>
            <dst id="HSTNng">38264.3413333333</dst>
            <dst id="IPLSng">55915.0053333333</dst>
            <dst id="KSCYng">29966.416</dst>
            <dst id="LOSAng">74474.384</dst>
            <dst id="NYCMng">148062.122666667</dst>
            <dst id="SNVAng">8257.59466666667</dst>
            <dst id="STTLng">25443.7626666667</dst>
            <dst id="WASHng">69071.1146666667</dst>
        </src>
        <src id="SNVAng">
            <dst id="ATLA-M5">128.082666666667</dst>
            <dst id="ATLAng">614.224</dst>
            <dst id="CHINng">4814.43733333333</dst>
            <dst id="DNVRng">6452.62133333333</dst>
            <dst id="HSTNng">1166.82666666667</dst>
            <dst id="IPLSng">2177.21066666667</dst>
            <dst id="KSCYng">935.928</dst>
            <dst id="LOSAng">7306.75733333333</dst>
            <dst id="NYCMng">2606.30133333333</dst>
            <dst id="SNVAng">361.325333333333</dst>
            <dst id="STTLng">1943.85333333333</dst>
            <dst id="WASHng">2954.06933333333</dst>
        </src>
        <src id="STTLng">
            <dst id="ATLA-M5">101.816</dst>
            <dst id="ATLAng">16933.9333333333</dst>
            <dst id="CHINng">54399.0533333333</dst>
            <dst id="DNVRng">4797.36</dst>
            <dst id="HSTNng">2644.12266666667</dst>
            <dst id="IPLSng">7494.65066666667</dst>
            <dst id="KSCYng">4564.90666666667</dst>
            <dst id="LOSAng">23310.6533333333</dst>
            <dst id="NYCMng">16234.728</dst>
            <dst id="SNVAng">5888.42666666667</dst>
            <dst id="STTLng">3905.57333333333</dst>
            <dst id="WASHng">7917.984</dst>
        </src>
        <src id="WASHng">
            <dst id="ATLA-M5">975.589333333333</dst>
            <dst id="ATLAng">98014.0453333333</dst>
            <dst id="CHINng">68453.4933333333</dst>
            <dst id="DNVRng">38781.1226666667</dst>
            <dst id="HSTNng">21668.8746666667</dst>
            <dst id="IPLSng">48063.44</dst>
            <dst id="KSCYng">12404.8426666667</dst>
            <dst id="LOSAng">70114.616</dst>
            <dst id="NYCMng">184284.165333333</dst>
            <dst id="SNVAng">6196.29066666666</dst>
            <dst id="STTLng">30022.744</dst>
            <dst id="WASHng">290727.973333333</dst>
        </src>
    </IntraTM>
</TrafficMatrixFile>
