<?xml version="1.0" encoding="ISO-8859-1" standalone="yes"?>
<TrafficMatrixFile xsi:noNamespaceSchemaLocation="http://totem.run.montefiore.ulg.ac.be/Schema/TrafficMatrix-v1_2.xsd" xmlns:xsi="http://www.w3.org/2001/XMLSchema-instance">
    <IntraTM ASID="11537">
        <src id="ATLA-M5">
            <dst id="ATLA-M5">0</dst>
            <dst id="ATLAng">559.669333333333</dst>
            <dst id="CHINng">1073.16533333333</dst>
            <dst id="DNVRng">312.917333333333</dst>
            <dst id="HSTNng">152.848</dst>
            <dst id="IPLSng">559.424</dst>
            <dst id="KSCYng">282.173333333333</dst>
            <dst id="LOSAng">137.328</dst>
            <dst id="NYCMng">1239.432</dst>
            <dst id="SNVAng">210.288</dst>
            <dst id="STTLng">131.869333333333</dst>
            <dst id="WASHng">1544.70133333333</dst>
        </src>
        <src id="ATLAng">
            <dst id="ATLA-M5">530.704</dst>
            <dst id="ATLAng">37296.3093333333</dst>
            <dst id="CHINng">11977.1813333333</dst>
            <dst id="DNVRng">3756.63733333333</dst>
            <dst id="HSTNng">14224.2533333333</dst>
            <dst id="IPLSng">16593.344</dst>
            <dst id="KSCYng">2848.74666666667</dst>
            <dst id="LOSAng">16149.1413333333</dst>
            <dst id="NYCMng">10587.0186666667</dst>
            <dst id="SNVAng">2808.45866666667</dst>
            <dst id="STTLng">11140.8613333333</dst>
            <dst id="WASHng">68910.3786666667</dst>
        </src>
        <src id="CHINng">
            <dst id="ATLA-M5">170.829333333333</dst>
            <dst id="ATLAng">12645.1653333333</dst>
            <dst id="CHINng">63693.6293333333</dst>
            <dst id="DNVRng">15950.2693333333</dst>
            <dst id="HSTNng">3240.85066666667</dst>
            <dst id="IPLSng">32066.464</dst>
            <dst id="KSCYng">10127.8053333333</dst>
            <dst id="LOSAng">16689.8373333333</dst>
            <dst id="NYCMng">4561.57333333333</dst>
            <dst id="SNVAng">2328.97066666667</dst>
            <dst id="STTLng">8078.35466666667</dst>
            <dst id="WASHng">14231.9733333333</dst>
        </src>
        <src id="DNVRng">
            <dst id="ATLA-M5">177.088</dst>
            <dst id="ATLAng">7379.59733333333</dst>
            <dst id="CHINng">41016.92</dst>
            <dst id="DNVRng">7373.568</dst>
            <dst id="HSTNng">5954.64533333333</dst>
            <dst id="IPLSng">5903.64266666667</dst>
            <dst id="KSCYng">18146.8106666667</dst>
            <dst id="LOSAng">10650.176</dst>
            <dst id="NYCMng">13814.7333333333</dst>
            <dst id="SNVAng">17639.7306666667</dst>
            <dst id="STTLng">14488.4426666667</dst>
            <dst id="WASHng">13099.4453333333</dst>
        </src>
        <src id="HSTNng">
            <dst id="ATLA-M5">1113.168</dst>
            <dst id="ATLAng">2540.192</dst>
            <dst id="CHINng">20180.88</dst>
            <dst id="DNVRng">3815.94133333333</dst>
            <dst id="HSTNng">5985.42666666667</dst>
            <dst id="IPLSng">9222.992</dst>
            <dst id="KSCYng">1460.344</dst>
            <dst id="LOSAng">75553.8266666667</dst>
            <dst id="NYCMng">10871.9413333333</dst>
            <dst id="SNVAng">1936.63733333333</dst>
            <dst id="STTLng">4126.90666666667</dst>
            <dst id="WASHng">4927.65066666667</dst>
        </src>
        <src id="IPLSng">
            <dst id="ATLA-M5">6534.67733333333</dst>
            <dst id="ATLAng">8494.472</dst>
            <dst id="CHINng">106962.122666667</dst>
            <dst id="DNVRng">13223.1146666667</dst>
            <dst id="HSTNng">7469.71733333333</dst>
            <dst id="IPLSng">20930.0373333333</dst>
            <dst id="KSCYng">9339.59466666667</dst>
            <dst id="LOSAng">15819.8533333333</dst>
            <dst id="NYCMng">22830.8</dst>
            <dst id="SNVAng">8121.24266666667</dst>
            <dst id="STTLng">15574.5866666667</dst>
            <dst id="WASHng">42422.728</dst>
        </src>
        <src id="KSCYng">
            <dst id="ATLA-M5">511.272</dst>
            <dst id="ATLAng">4409.176</dst>
            <dst id="CHINng">37753.592</dst>
            <dst id="DNVRng">6887.14666666667</dst>
            <dst id="HSTNng">3437.25066666667</dst>
            <dst id="IPLSng">13378.392</dst>
            <dst id="KSCYng">8204.552</dst>
            <dst id="LOSAng">5439.50666666667</dst>
            <dst id="NYCMng">11240.6053333333</dst>
            <dst id="SNVAng">754.224</dst>
            <dst id="STTLng">5410.384</dst>
            <dst id="WASHng">9614.96266666667</dst>
        </src>
        <src id="LOSAng">
            <dst id="ATLA-M5">124.405333333333</dst>
            <dst id="ATLAng">11830.9066666667</dst>
            <dst id="CHINng">151222.546666667</dst>
            <dst id="DNVRng">7854.976</dst>
            <dst id="HSTNng">9364.14933333333</dst>
            <dst id="IPLSng">39868.4186666667</dst>
            <dst id="KSCYng">12859.608</dst>
            <dst id="LOSAng">17293.1786666667</dst>
            <dst id="NYCMng">55283.3173333333</dst>
            <dst id="SNVAng">10496.7466666667</dst>
            <dst id="STTLng">35933.384</dst>
            <dst id="WASHng">57532.9386666667</dst>
        </src>
        <src id="NYCMng">
            <dst id="ATLA-M5">850.325333333334</dst>
            <dst id="ATLAng">25718.7546666667</dst>
            <dst id="CHINng">71358.5173333334</dst>
            <dst id="DNVRng">18365.192</dst>
            <dst id="HSTNng">29214.2346666667</dst>
            <dst id="IPLSng">46009.1093333333</dst>
            <dst id="KSCYng">17906.5733333333</dst>
            <dst id="LOSAng">68269.5733333333</dst>
            <dst id="NYCMng">166085.768</dst>
            <dst id="SNVAng">6328.68533333334</dst>
            <dst id="STTLng">24073.544</dst>
            <dst id="WASHng">59282.0773333333</dst>
        </src>
        <src id="SNVAng">
            <dst id="ATLA-M5">0</dst>
            <dst id="ATLAng">599.762666666667</dst>
            <dst id="CHINng">6824.864</dst>
            <dst id="DNVRng">7970.06933333333</dst>
            <dst id="HSTNng">1138.144</dst>
            <dst id="IPLSng">6508.424</dst>
            <dst id="KSCYng">731.997333333333</dst>
            <dst id="LOSAng">6247.01066666667</dst>
            <dst id="NYCMng">1979.71466666667</dst>
            <dst id="SNVAng">141.162666666667</dst>
            <dst id="STTLng">2295.28533333333</dst>
            <dst id="WASHng">1911.02933333333</dst>
        </src>
        <src id="STTLng">
            <dst id="ATLA-M5">28.2053333333333</dst>
            <dst id="ATLAng">8914.49866666666</dst>
            <dst id="CHINng">76262.0746666667</dst>
            <dst id="DNVRng">5617.208</dst>
            <dst id="HSTNng">1807.11733333333</dst>
            <dst id="IPLSng">5134.93333333333</dst>
            <dst id="KSCYng">4556.46666666667</dst>
            <dst id="LOSAng">21646.8026666667</dst>
            <dst id="NYCMng">22705.576</dst>
            <dst id="SNVAng">2891.09066666667</dst>
            <dst id="STTLng">19279.8346666667</dst>
            <dst id="WASHng">9451.38933333333</dst>
        </src>
        <src id="WASHng">
            <dst id="ATLA-M5">1343.24266666667</dst>
            <dst id="ATLAng">126706.018666667</dst>
            <dst id="CHINng">71143.5493333333</dst>
            <dst id="DNVRng">27830.2933333333</dst>
            <dst id="HSTNng">20696.688</dst>
            <dst id="IPLSng">44960.3413333333</dst>
            <dst id="KSCYng">20181.44</dst>
            <dst id="LOSAng">61619.7813333334</dst>
            <dst id="NYCMng">129970.301333333</dst>
            <dst id="SNVAng">4309.29333333333</dst>
            <dst id="STTLng">31445.416</dst>
            <dst id="WASHng">400090.4</dst>
        </src>
    </IntraTM>
</TrafficMatrixFile>
