<?xml version="1.0" encoding="ISO-8859-1" standalone="yes"?>
<TrafficMatrixFile xsi:noNamespaceSchemaLocation="http://totem.run.montefiore.ulg.ac.be/Schema/TrafficMatrix-v1_2.xsd" xmlns:xsi="http://www.w3.org/2001/XMLSchema-instance">
    <IntraTM ASID="11537">
        <src id="ATLA-M5">
            <dst id="ATLA-M5">0</dst>
            <dst id="ATLAng">535.165333333333</dst>
            <dst id="CHINng">1103.57333333333</dst>
            <dst id="DNVRng">891.826666666667</dst>
            <dst id="HSTNng">31.904</dst>
            <dst id="IPLSng">696.506666666667</dst>
            <dst id="KSCYng">267.637333333333</dst>
            <dst id="LOSAng">1088.992</dst>
            <dst id="NYCMng">596.136</dst>
            <dst id="SNVAng">275.101333333333</dst>
            <dst id="STTLng">327.896</dst>
            <dst id="WASHng">4048.56</dst>
        </src>
        <src id="ATLAng">
            <dst id="ATLA-M5">327.722666666667</dst>
            <dst id="ATLAng">56022.552</dst>
            <dst id="CHINng">38556.4346666667</dst>
            <dst id="DNVRng">9795.48</dst>
            <dst id="HSTNng">10156.3253333333</dst>
            <dst id="IPLSng">29226.728</dst>
            <dst id="KSCYng">4520.208</dst>
            <dst id="LOSAng">19160.2293333333</dst>
            <dst id="NYCMng">15722.4</dst>
            <dst id="SNVAng">1566.16266666667</dst>
            <dst id="STTLng">5131.048</dst>
            <dst id="WASHng">91127.6026666667</dst>
        </src>
        <src id="CHINng">
            <dst id="ATLA-M5">1056.46666666667</dst>
            <dst id="ATLAng">8681.91466666667</dst>
            <dst id="CHINng">51871.5013333333</dst>
            <dst id="DNVRng">10860.3973333333</dst>
            <dst id="HSTNng">27580.8106666667</dst>
            <dst id="IPLSng">27954.7653333333</dst>
            <dst id="KSCYng">12578.32</dst>
            <dst id="LOSAng">29333.4933333333</dst>
            <dst id="NYCMng">15012.7013333333</dst>
            <dst id="SNVAng">1814.88533333333</dst>
            <dst id="STTLng">6442.41333333333</dst>
            <dst id="WASHng">22172.552</dst>
        </src>
        <src id="DNVRng">
            <dst id="ATLA-M5">331.778666666667</dst>
            <dst id="ATLAng">6670.744</dst>
            <dst id="CHINng">68705.1946666667</dst>
            <dst id="DNVRng">17613.1866666667</dst>
            <dst id="HSTNng">14486.584</dst>
            <dst id="IPLSng">30147.992</dst>
            <dst id="KSCYng">20614.0746666667</dst>
            <dst id="LOSAng">9842.8</dst>
            <dst id="NYCMng">24173.9786666667</dst>
            <dst id="SNVAng">10750.2906666667</dst>
            <dst id="STTLng">12172.984</dst>
            <dst id="WASHng">50872.4853333333</dst>
        </src>
        <src id="HSTNng">
            <dst id="ATLA-M5">1189.72</dst>
            <dst id="ATLAng">3918.89333333333</dst>
            <dst id="CHINng">36829.0826666667</dst>
            <dst id="DNVRng">4137.50933333333</dst>
            <dst id="HSTNng">8257.31466666667</dst>
            <dst id="IPLSng">9162.89866666667</dst>
            <dst id="KSCYng">3534.58933333333</dst>
            <dst id="LOSAng">107621.741333333</dst>
            <dst id="NYCMng">19441.2453333333</dst>
            <dst id="SNVAng">2703.43733333333</dst>
            <dst id="STTLng">1722.26666666667</dst>
            <dst id="WASHng">12870.2826666667</dst>
        </src>
        <src id="IPLSng">
            <dst id="ATLA-M5">1130.18133333333</dst>
            <dst id="ATLAng">24396.616</dst>
            <dst id="CHINng">106738.392</dst>
            <dst id="DNVRng">21831.7013333333</dst>
            <dst id="HSTNng">5773.808</dst>
            <dst id="IPLSng">49306.6186666667</dst>
            <dst id="KSCYng">32557.9013333333</dst>
            <dst id="LOSAng">98037.7893333333</dst>
            <dst id="NYCMng">34621.5653333333</dst>
            <dst id="SNVAng">4233.22133333333</dst>
            <dst id="STTLng">11986.4666666667</dst>
            <dst id="WASHng">36979.264</dst>
        </src>
        <src id="KSCYng">
            <dst id="ATLA-M5">359.04</dst>
            <dst id="ATLAng">7551.89333333333</dst>
            <dst id="CHINng">31921.2053333333</dst>
            <dst id="DNVRng">8517.69066666667</dst>
            <dst id="HSTNng">6114.83733333333</dst>
            <dst id="IPLSng">17203.0986666667</dst>
            <dst id="KSCYng">10346.5386666667</dst>
            <dst id="LOSAng">7920.216</dst>
            <dst id="NYCMng">6954.744</dst>
            <dst id="SNVAng">1464.056</dst>
            <dst id="STTLng">2739.256</dst>
            <dst id="WASHng">14040.6</dst>
        </src>
        <src id="LOSAng">
            <dst id="ATLA-M5">668.138666666667</dst>
            <dst id="ATLAng">14899.4453333333</dst>
            <dst id="CHINng">146643.944</dst>
            <dst id="DNVRng">12004.168</dst>
            <dst id="HSTNng">10759.1573333333</dst>
            <dst id="IPLSng">43372.8266666667</dst>
            <dst id="KSCYng">13168.6426666667</dst>
            <dst id="LOSAng">20403.32</dst>
            <dst id="NYCMng">55535.6453333333</dst>
            <dst id="SNVAng">10607.3226666667</dst>
            <dst id="STTLng">25148.5546666667</dst>
            <dst id="WASHng">63888.888</dst>
        </src>
        <src id="NYCMng">
            <dst id="ATLA-M5">1952.632</dst>
            <dst id="ATLAng">34021.7306666667</dst>
            <dst id="CHINng">73154.0693333333</dst>
            <dst id="DNVRng">34574.472</dst>
            <dst id="HSTNng">37632.7706666667</dst>
            <dst id="IPLSng">60491.5813333333</dst>
            <dst id="KSCYng">24680.7546666667</dst>
            <dst id="LOSAng">87038.5173333334</dst>
            <dst id="NYCMng">127118.794666667</dst>
            <dst id="SNVAng">10270.8453333333</dst>
            <dst id="STTLng">27737.992</dst>
            <dst id="WASHng">95517.744</dst>
        </src>
        <src id="SNVAng">
            <dst id="ATLA-M5">476.362666666667</dst>
            <dst id="ATLAng">1579.33066666667</dst>
            <dst id="CHINng">5390.88266666667</dst>
            <dst id="DNVRng">6511.616</dst>
            <dst id="HSTNng">450.605333333333</dst>
            <dst id="IPLSng">11411.432</dst>
            <dst id="KSCYng">833.928</dst>
            <dst id="LOSAng">37994.7893333333</dst>
            <dst id="NYCMng">2251.272</dst>
            <dst id="SNVAng">12434.1093333333</dst>
            <dst id="STTLng">52262.7333333333</dst>
            <dst id="WASHng">1507.712</dst>
        </src>
        <src id="STTLng">
            <dst id="ATLA-M5">129.434666666667</dst>
            <dst id="ATLAng">10836.2293333333</dst>
            <dst id="CHINng">55468.4213333333</dst>
            <dst id="DNVRng">7146.856</dst>
            <dst id="HSTNng">3393.744</dst>
            <dst id="IPLSng">10504.28</dst>
            <dst id="KSCYng">6514.35733333333</dst>
            <dst id="LOSAng">33634.6</dst>
            <dst id="NYCMng">19196.4506666667</dst>
            <dst id="SNVAng">5603.912</dst>
            <dst id="STTLng">17823.2506666667</dst>
            <dst id="WASHng">13716.0933333333</dst>
        </src>
        <src id="WASHng">
            <dst id="ATLA-M5">637.002666666667</dst>
            <dst id="ATLAng">114073.296</dst>
            <dst id="CHINng">93589.6933333334</dst>
            <dst id="DNVRng">50053.8186666667</dst>
            <dst id="HSTNng">23048.064</dst>
            <dst id="IPLSng">69020.2213333333</dst>
            <dst id="KSCYng">18916.9573333333</dst>
            <dst id="LOSAng">72067.8986666667</dst>
            <dst id="NYCMng">177594.397333333</dst>
            <dst id="SNVAng">17455.6666666667</dst>
            <dst id="STTLng">40463.0026666667</dst>
            <dst id="WASHng">299928.533333333</dst>
        </src>
    </IntraTM>
</TrafficMatrixFile>
