<?xml version="1.0" encoding="ISO-8859-1" standalone="yes"?>
<TrafficMatrixFile xsi:noNamespaceSchemaLocation="http://totem.run.montefiore.ulg.ac.be/Schema/TrafficMatrix-v1_2.xsd" xmlns:xsi="http://www.w3.org/2001/XMLSchema-instance">
    <IntraTM ASID="11537">
        <src id="ATLA-M5">
            <dst id="ATLA-M5">0</dst>
            <dst id="ATLAng">2762.16266666667</dst>
            <dst id="CHINng">1290.2</dst>
            <dst id="DNVRng">248.136</dst>
            <dst id="HSTNng">230.538666666667</dst>
            <dst id="IPLSng">3003.15733333333</dst>
            <dst id="KSCYng">498.528</dst>
            <dst id="LOSAng">456.389333333333</dst>
            <dst id="NYCMng">514.474666666667</dst>
            <dst id="SNVAng">491.485333333333</dst>
            <dst id="STTLng">122.6</dst>
            <dst id="WASHng">1788.25066666667</dst>
        </src>
        <src id="ATLAng">
            <dst id="ATLA-M5">2943.62666666667</dst>
            <dst id="ATLAng">46840.72</dst>
            <dst id="CHINng">20712.112</dst>
            <dst id="DNVRng">6785.38933333334</dst>
            <dst id="HSTNng">7322.08</dst>
            <dst id="IPLSng">28642.8906666667</dst>
            <dst id="KSCYng">5723.528</dst>
            <dst id="LOSAng">16258.7973333333</dst>
            <dst id="NYCMng">19270.8666666667</dst>
            <dst id="SNVAng">868.741333333333</dst>
            <dst id="STTLng">8346.20533333334</dst>
            <dst id="WASHng">63728.5973333333</dst>
        </src>
        <src id="CHINng">
            <dst id="ATLA-M5">3984.88</dst>
            <dst id="ATLAng">14710.2266666667</dst>
            <dst id="CHINng">30167.48</dst>
            <dst id="DNVRng">9349.496</dst>
            <dst id="HSTNng">8519.328</dst>
            <dst id="IPLSng">27572.4266666667</dst>
            <dst id="KSCYng">15291.464</dst>
            <dst id="LOSAng">25036.864</dst>
            <dst id="NYCMng">4155.43466666667</dst>
            <dst id="SNVAng">1427.19733333333</dst>
            <dst id="STTLng">6899.70933333333</dst>
            <dst id="WASHng">9624.50133333334</dst>
        </src>
        <src id="DNVRng">
            <dst id="ATLA-M5">373.589333333333</dst>
            <dst id="ATLAng">4555.13866666667</dst>
            <dst id="CHINng">49935.656</dst>
            <dst id="DNVRng">8324.81866666667</dst>
            <dst id="HSTNng">6176.63466666667</dst>
            <dst id="IPLSng">9412.95466666667</dst>
            <dst id="KSCYng">8682.85333333333</dst>
            <dst id="LOSAng">19398.2666666667</dst>
            <dst id="NYCMng">10248.7093333333</dst>
            <dst id="SNVAng">16195.528</dst>
            <dst id="STTLng">23607.1813333333</dst>
            <dst id="WASHng">17696.7306666667</dst>
        </src>
        <src id="HSTNng">
            <dst id="ATLA-M5">2514.87733333333</dst>
            <dst id="ATLAng">5445.51733333333</dst>
            <dst id="CHINng">23440.432</dst>
            <dst id="DNVRng">2587.20266666667</dst>
            <dst id="HSTNng">6042.48266666667</dst>
            <dst id="IPLSng">9327.90933333333</dst>
            <dst id="KSCYng">4708.56266666667</dst>
            <dst id="LOSAng">16534.864</dst>
            <dst id="NYCMng">9604.42933333333</dst>
            <dst id="SNVAng">1787.48533333333</dst>
            <dst id="STTLng">2013.448</dst>
            <dst id="WASHng">7005.60533333333</dst>
        </src>
        <src id="IPLSng">
            <dst id="ATLA-M5">7875.624</dst>
            <dst id="ATLAng">30550.68</dst>
            <dst id="CHINng">73895.3253333333</dst>
            <dst id="DNVRng">8809.11733333333</dst>
            <dst id="HSTNng">5248.38133333333</dst>
            <dst id="IPLSng">39224.872</dst>
            <dst id="KSCYng">19661.76</dst>
            <dst id="LOSAng">91617.112</dst>
            <dst id="NYCMng">29728.3626666667</dst>
            <dst id="SNVAng">4837.008</dst>
            <dst id="STTLng">11381.2826666667</dst>
            <dst id="WASHng">39072.7013333334</dst>
        </src>
        <src id="KSCYng">
            <dst id="ATLA-M5">676.549333333333</dst>
            <dst id="ATLAng">4158.792</dst>
            <dst id="CHINng">31024.552</dst>
            <dst id="DNVRng">9678.86933333333</dst>
            <dst id="HSTNng">7681.29333333333</dst>
            <dst id="IPLSng">14657.6053333333</dst>
            <dst id="KSCYng">7371.53866666667</dst>
            <dst id="LOSAng">5094.18133333333</dst>
            <dst id="NYCMng">12703.5546666667</dst>
            <dst id="SNVAng">779.413333333333</dst>
            <dst id="STTLng">5427.536</dst>
            <dst id="WASHng">12455.1946666667</dst>
        </src>
        <src id="LOSAng">
            <dst id="ATLA-M5">741.658666666667</dst>
            <dst id="ATLAng">23447.056</dst>
            <dst id="CHINng">87643.3653333333</dst>
            <dst id="DNVRng">13324.4</dst>
            <dst id="HSTNng">9366.60533333333</dst>
            <dst id="IPLSng">45124.8826666667</dst>
            <dst id="KSCYng">8473.96</dst>
            <dst id="LOSAng">18937.648</dst>
            <dst id="NYCMng">56079.8133333333</dst>
            <dst id="SNVAng">4684.168</dst>
            <dst id="STTLng">25939.2773333333</dst>
            <dst id="WASHng">50919.32</dst>
        </src>
        <src id="NYCMng">
            <dst id="ATLA-M5">2515.97866666667</dst>
            <dst id="ATLAng">41636.5013333333</dst>
            <dst id="CHINng">64179.8586666667</dst>
            <dst id="DNVRng">17045.3466666667</dst>
            <dst id="HSTNng">17863.3573333333</dst>
            <dst id="IPLSng">92368.6986666667</dst>
            <dst id="KSCYng">32690.5306666667</dst>
            <dst id="LOSAng">66979.488</dst>
            <dst id="NYCMng">136215.176</dst>
            <dst id="SNVAng">7040.608</dst>
            <dst id="STTLng">28350.8426666667</dst>
            <dst id="WASHng">98523.52</dst>
        </src>
        <src id="SNVAng">
            <dst id="ATLA-M5">126.381333333333</dst>
            <dst id="ATLAng">1332.288</dst>
            <dst id="CHINng">6004.77066666667</dst>
            <dst id="DNVRng">13582.1066666667</dst>
            <dst id="HSTNng">1039.432</dst>
            <dst id="IPLSng">4492.57866666667</dst>
            <dst id="KSCYng">815.608</dst>
            <dst id="LOSAng">7928.824</dst>
            <dst id="NYCMng">4302.38666666667</dst>
            <dst id="SNVAng">248.098666666667</dst>
            <dst id="STTLng">1467.37866666667</dst>
            <dst id="WASHng">4678.81333333333</dst>
        </src>
        <src id="STTLng">
            <dst id="ATLA-M5">198.757333333333</dst>
            <dst id="ATLAng">15565.4186666667</dst>
            <dst id="CHINng">25850.928</dst>
            <dst id="DNVRng">2951.91466666667</dst>
            <dst id="HSTNng">4216.76</dst>
            <dst id="IPLSng">6764.176</dst>
            <dst id="KSCYng">4676.856</dst>
            <dst id="LOSAng">18921.5226666667</dst>
            <dst id="NYCMng">21099.0906666667</dst>
            <dst id="SNVAng">4518.00533333333</dst>
            <dst id="STTLng">3532.70933333333</dst>
            <dst id="WASHng">10182.8186666667</dst>
        </src>
        <src id="WASHng">
            <dst id="ATLA-M5">666.258666666667</dst>
            <dst id="ATLAng">95181.4453333333</dst>
            <dst id="CHINng">98460.9653333333</dst>
            <dst id="DNVRng">46230.2053333333</dst>
            <dst id="HSTNng">21900.84</dst>
            <dst id="IPLSng">73206.7386666667</dst>
            <dst id="KSCYng">28129.5333333333</dst>
            <dst id="LOSAng">91966.152</dst>
            <dst id="NYCMng">150499.24</dst>
            <dst id="SNVAng">5104.85866666667</dst>
            <dst id="STTLng">32325.4053333333</dst>
            <dst id="WASHng">244369.144</dst>
        </src>
    </IntraTM>
</TrafficMatrixFile>
