<?xml version="1.0" encoding="ISO-8859-1" standalone="yes"?>
<TrafficMatrixFile xsi:noNamespaceSchemaLocation="http://totem.run.montefiore.ulg.ac.be/Schema/TrafficMatrix-v1_2.xsd" xmlns:xsi="http://www.w3.org/2001/XMLSchema-instance">
    <IntraTM ASID="11537">
        <src id="ATLA-M5">
            <dst id="ATLA-M5">0</dst>
            <dst id="ATLAng">606.933333333333</dst>
            <dst id="CHINng">235.154666666667</dst>
            <dst id="DNVRng">53.3333333333333</dst>
            <dst id="HSTNng">358.045333333333</dst>
            <dst id="IPLSng">302.482666666667</dst>
            <dst id="KSCYng">160</dst>
            <dst id="LOSAng">880.493333333333</dst>
            <dst id="NYCMng">204.64</dst>
            <dst id="SNVAng">105.864</dst>
            <dst id="STTLng">621.792</dst>
            <dst id="WASHng">3082.11733333333</dst>
        </src>
        <src id="ATLAng">
            <dst id="ATLA-M5">1087.448</dst>
            <dst id="ATLAng">86910.3066666667</dst>
            <dst id="CHINng">12971.9413333333</dst>
            <dst id="DNVRng">2639.30933333333</dst>
            <dst id="HSTNng">1859.27733333333</dst>
            <dst id="IPLSng">14226.944</dst>
            <dst id="KSCYng">2217.25866666667</dst>
            <dst id="LOSAng">17150.952</dst>
            <dst id="NYCMng">15114.2026666667</dst>
            <dst id="SNVAng">2642.78666666667</dst>
            <dst id="STTLng">6932.744</dst>
            <dst id="WASHng">79053.8613333333</dst>
        </src>
        <src id="CHINng">
            <dst id="ATLA-M5">824.309333333333</dst>
            <dst id="ATLAng">9227.97333333333</dst>
            <dst id="CHINng">55001.1626666667</dst>
            <dst id="DNVRng">8895.12266666667</dst>
            <dst id="HSTNng">27916.6266666667</dst>
            <dst id="IPLSng">19439.408</dst>
            <dst id="KSCYng">7795.05333333333</dst>
            <dst id="LOSAng">275588.64</dst>
            <dst id="NYCMng">4119.992</dst>
            <dst id="SNVAng">2028.53333333333</dst>
            <dst id="STTLng">7129.78933333333</dst>
            <dst id="WASHng">11146.7786666667</dst>
        </src>
        <src id="DNVRng">
            <dst id="ATLA-M5">464.704</dst>
            <dst id="ATLAng">5901.472</dst>
            <dst id="CHINng">39162.208</dst>
            <dst id="DNVRng">2800.38666666667</dst>
            <dst id="HSTNng">6047.43466666667</dst>
            <dst id="IPLSng">10282.624</dst>
            <dst id="KSCYng">3046.47466666667</dst>
            <dst id="LOSAng">3442.96533333333</dst>
            <dst id="NYCMng">8999.68</dst>
            <dst id="SNVAng">8862.05866666667</dst>
            <dst id="STTLng">7399.32266666667</dst>
            <dst id="WASHng">5805.90666666667</dst>
        </src>
        <src id="HSTNng">
            <dst id="ATLA-M5">1064.94133333333</dst>
            <dst id="ATLAng">1646.04</dst>
            <dst id="CHINng">29368.5813333333</dst>
            <dst id="DNVRng">2619.33066666667</dst>
            <dst id="HSTNng">8406.792</dst>
            <dst id="IPLSng">9234.15466666667</dst>
            <dst id="KSCYng">1599.90933333333</dst>
            <dst id="LOSAng">80649.2613333333</dst>
            <dst id="NYCMng">6569.31733333333</dst>
            <dst id="SNVAng">738.485333333333</dst>
            <dst id="STTLng">2708.17066666667</dst>
            <dst id="WASHng">4249.26133333333</dst>
        </src>
        <src id="IPLSng">
            <dst id="ATLA-M5">855.957333333333</dst>
            <dst id="ATLAng">15310.4746666667</dst>
            <dst id="CHINng">111564.488</dst>
            <dst id="DNVRng">6685.81866666667</dst>
            <dst id="HSTNng">5255.904</dst>
            <dst id="IPLSng">10848.0826666667</dst>
            <dst id="KSCYng">15047.896</dst>
            <dst id="LOSAng">13354.1653333333</dst>
            <dst id="NYCMng">23496.9173333333</dst>
            <dst id="SNVAng">6080.696</dst>
            <dst id="STTLng">6915.14133333333</dst>
            <dst id="WASHng">24545.5733333333</dst>
        </src>
        <src id="KSCYng">
            <dst id="ATLA-M5">1734.34933333333</dst>
            <dst id="ATLAng">8443.392</dst>
            <dst id="CHINng">34497.9493333333</dst>
            <dst id="DNVRng">2214.12</dst>
            <dst id="HSTNng">6189.25333333333</dst>
            <dst id="IPLSng">11977.0826666667</dst>
            <dst id="KSCYng">2039.136</dst>
            <dst id="LOSAng">4359.89066666667</dst>
            <dst id="NYCMng">8710.99733333333</dst>
            <dst id="SNVAng">449.349333333333</dst>
            <dst id="STTLng">4204.61333333333</dst>
            <dst id="WASHng">13669.3733333333</dst>
        </src>
        <src id="LOSAng">
            <dst id="ATLA-M5">111.904</dst>
            <dst id="ATLAng">17527.9253333333</dst>
            <dst id="CHINng">148690.301333333</dst>
            <dst id="DNVRng">3836.30933333333</dst>
            <dst id="HSTNng">11454.1866666667</dst>
            <dst id="IPLSng">28909.8453333333</dst>
            <dst id="KSCYng">7994.192</dst>
            <dst id="LOSAng">16061.9066666667</dst>
            <dst id="NYCMng">49018.9786666667</dst>
            <dst id="SNVAng">7707.928</dst>
            <dst id="STTLng">23758.9786666667</dst>
            <dst id="WASHng">52575.8</dst>
        </src>
        <src id="NYCMng">
            <dst id="ATLA-M5">1344.90666666667</dst>
            <dst id="ATLAng">36650.4933333333</dst>
            <dst id="CHINng">63471.1973333333</dst>
            <dst id="DNVRng">11965.712</dst>
            <dst id="HSTNng">33837.8666666667</dst>
            <dst id="IPLSng">46238.0453333333</dst>
            <dst id="KSCYng">17747.9893333333</dst>
            <dst id="LOSAng">54749.3093333333</dst>
            <dst id="NYCMng">180821.256</dst>
            <dst id="SNVAng">6611.8</dst>
            <dst id="STTLng">25022.864</dst>
            <dst id="WASHng">42209.4826666667</dst>
        </src>
        <src id="SNVAng">
            <dst id="ATLA-M5">26.6666666666667</dst>
            <dst id="ATLAng">509.176</dst>
            <dst id="CHINng">6832.16266666667</dst>
            <dst id="DNVRng">9730.27466666667</dst>
            <dst id="HSTNng">831.077333333333</dst>
            <dst id="IPLSng">2653.216</dst>
            <dst id="KSCYng">310.613333333333</dst>
            <dst id="LOSAng">7444.784</dst>
            <dst id="NYCMng">2558.92266666667</dst>
            <dst id="SNVAng">184.317333333333</dst>
            <dst id="STTLng">2550.34933333333</dst>
            <dst id="WASHng">1089.45333333333</dst>
        </src>
        <src id="STTLng">
            <dst id="ATLA-M5">107.576</dst>
            <dst id="ATLAng">16075.9333333333</dst>
            <dst id="CHINng">83347.5173333333</dst>
            <dst id="DNVRng">2605.69066666667</dst>
            <dst id="HSTNng">2236.912</dst>
            <dst id="IPLSng">3574.49333333333</dst>
            <dst id="KSCYng">3355.576</dst>
            <dst id="LOSAng">19146.3546666667</dst>
            <dst id="NYCMng">17041.0773333333</dst>
            <dst id="SNVAng">1737.02133333333</dst>
            <dst id="STTLng">1999.50133333333</dst>
            <dst id="WASHng">5820.69066666667</dst>
        </src>
        <src id="WASHng">
            <dst id="ATLA-M5">18346.328</dst>
            <dst id="ATLAng">117921.056</dst>
            <dst id="CHINng">44551.9893333333</dst>
            <dst id="DNVRng">25725.0533333333</dst>
            <dst id="HSTNng">26791.9413333333</dst>
            <dst id="IPLSng">59909.528</dst>
            <dst id="KSCYng">13530.1413333333</dst>
            <dst id="LOSAng">58745.9386666667</dst>
            <dst id="NYCMng">110086.146666667</dst>
            <dst id="SNVAng">4348.752</dst>
            <dst id="STTLng">31672.3573333333</dst>
            <dst id="WASHng">309988.48</dst>
        </src>
    </IntraTM>
</TrafficMatrixFile>
