<?xml version="1.0" encoding="ISO-8859-1" standalone="yes"?>
<TrafficMatrixFile xsi:noNamespaceSchemaLocation="http://totem.run.montefiore.ulg.ac.be/Schema/TrafficMatrix-v1_2.xsd" xmlns:xsi="http://www.w3.org/2001/XMLSchema-instance">
    <IntraTM ASID="11537">
        <src id="ATLA-M5">
            <dst id="ATLA-M5">98.808</dst>
            <dst id="ATLAng">1182.41066666667</dst>
            <dst id="CHINng">1271.792</dst>
            <dst id="DNVRng">561.165333333333</dst>
            <dst id="HSTNng">397.144</dst>
            <dst id="IPLSng">1166.59733333333</dst>
            <dst id="KSCYng">1277.84533333333</dst>
            <dst id="LOSAng">420.901333333333</dst>
            <dst id="NYCMng">627.016</dst>
            <dst id="SNVAng">192.090666666667</dst>
            <dst id="STTLng">250.653333333333</dst>
            <dst id="WASHng">2761.216</dst>
        </src>
        <src id="ATLAng">
            <dst id="ATLA-M5">1010.73866666667</dst>
            <dst id="ATLAng">37726.7546666667</dst>
            <dst id="CHINng">43019.768</dst>
            <dst id="DNVRng">20080.2906666667</dst>
            <dst id="HSTNng">20142.2373333333</dst>
            <dst id="IPLSng">31756.9173333333</dst>
            <dst id="KSCYng">21019.6693333333</dst>
            <dst id="LOSAng">22024.1626666667</dst>
            <dst id="NYCMng">30457.864</dst>
            <dst id="SNVAng">4440.75733333333</dst>
            <dst id="STTLng">12193.24</dst>
            <dst id="WASHng">109415.589333333</dst>
        </src>
        <src id="CHINng">
            <dst id="ATLA-M5">3089.81866666667</dst>
            <dst id="ATLAng">23804.0373333333</dst>
            <dst id="CHINng">62100.8506666667</dst>
            <dst id="DNVRng">21127.816</dst>
            <dst id="HSTNng">8276.87733333334</dst>
            <dst id="IPLSng">33793.0826666667</dst>
            <dst id="KSCYng">9925.38666666667</dst>
            <dst id="LOSAng">24035.9866666667</dst>
            <dst id="NYCMng">12661.3733333333</dst>
            <dst id="SNVAng">4332.432</dst>
            <dst id="STTLng">14705.88</dst>
            <dst id="WASHng">31447.88</dst>
        </src>
        <src id="DNVRng">
            <dst id="ATLA-M5">608.141333333333</dst>
            <dst id="ATLAng">14020.0426666667</dst>
            <dst id="CHINng">64701.2666666667</dst>
            <dst id="DNVRng">13432.3466666667</dst>
            <dst id="HSTNng">16819.4453333333</dst>
            <dst id="IPLSng">35516.6213333333</dst>
            <dst id="KSCYng">23305.0613333333</dst>
            <dst id="LOSAng">21716.0373333333</dst>
            <dst id="NYCMng">30211.3146666667</dst>
            <dst id="SNVAng">14347.4373333333</dst>
            <dst id="STTLng">18100.7706666667</dst>
            <dst id="WASHng">64494.5893333333</dst>
        </src>
        <src id="HSTNng">
            <dst id="ATLA-M5">1935.36266666667</dst>
            <dst id="ATLAng">6568.18666666667</dst>
            <dst id="CHINng">24437.7333333333</dst>
            <dst id="DNVRng">7460.45066666667</dst>
            <dst id="HSTNng">10369.824</dst>
            <dst id="IPLSng">13587.0933333333</dst>
            <dst id="KSCYng">6168.48533333333</dst>
            <dst id="LOSAng">11577.7893333333</dst>
            <dst id="NYCMng">13999.7706666667</dst>
            <dst id="SNVAng">2821.75733333333</dst>
            <dst id="STTLng">3157.088</dst>
            <dst id="WASHng">10746.52</dst>
        </src>
        <src id="IPLSng">
            <dst id="ATLA-M5">1561.488</dst>
            <dst id="ATLAng">29315.368</dst>
            <dst id="CHINng">155466.826666667</dst>
            <dst id="DNVRng">39764.4026666667</dst>
            <dst id="HSTNng">10094.7093333333</dst>
            <dst id="IPLSng">57940.32</dst>
            <dst id="KSCYng">16833.92</dst>
            <dst id="LOSAng">36623.4586666667</dst>
            <dst id="NYCMng">44398.304</dst>
            <dst id="SNVAng">7957.64</dst>
            <dst id="STTLng">10243.888</dst>
            <dst id="WASHng">53014.5813333333</dst>
        </src>
        <src id="KSCYng">
            <dst id="ATLA-M5">4386.21066666667</dst>
            <dst id="ATLAng">18582.648</dst>
            <dst id="CHINng">32918.0986666667</dst>
            <dst id="DNVRng">21415.3333333333</dst>
            <dst id="HSTNng">5987.616</dst>
            <dst id="IPLSng">16704.5626666667</dst>
            <dst id="KSCYng">9611.71733333333</dst>
            <dst id="LOSAng">9226.08</dst>
            <dst id="NYCMng">12481.4666666667</dst>
            <dst id="SNVAng">2780.33333333333</dst>
            <dst id="STTLng">4383.056</dst>
            <dst id="WASHng">17318.9013333333</dst>
        </src>
        <src id="LOSAng">
            <dst id="ATLA-M5">3132.15466666667</dst>
            <dst id="ATLAng">33301.4373333333</dst>
            <dst id="CHINng">123081.848</dst>
            <dst id="DNVRng">14948.5973333333</dst>
            <dst id="HSTNng">19893.2053333333</dst>
            <dst id="IPLSng">51873.3733333333</dst>
            <dst id="KSCYng">11694.2346666667</dst>
            <dst id="LOSAng">8513.79733333333</dst>
            <dst id="NYCMng">68590.648</dst>
            <dst id="SNVAng">12130.696</dst>
            <dst id="STTLng">24952.728</dst>
            <dst id="WASHng">77464.7146666667</dst>
        </src>
        <src id="NYCMng">
            <dst id="ATLA-M5">9362.05333333333</dst>
            <dst id="ATLAng">69187.4853333333</dst>
            <dst id="CHINng">83392.9546666667</dst>
            <dst id="DNVRng">54756.584</dst>
            <dst id="HSTNng">46849.9973333333</dst>
            <dst id="IPLSng">111673.208</dst>
            <dst id="KSCYng">30716.8986666667</dst>
            <dst id="LOSAng">77062.8266666667</dst>
            <dst id="NYCMng">165926.962666667</dst>
            <dst id="SNVAng">12238.5813333333</dst>
            <dst id="STTLng">34780.1973333333</dst>
            <dst id="WASHng">110225.882666667</dst>
        </src>
        <src id="SNVAng">
            <dst id="ATLA-M5">401.989333333333</dst>
            <dst id="ATLAng">1903.38666666667</dst>
            <dst id="CHINng">5954.23466666667</dst>
            <dst id="DNVRng">17736.9786666667</dst>
            <dst id="HSTNng">1492.86933333333</dst>
            <dst id="IPLSng">6059.87466666667</dst>
            <dst id="KSCYng">3020.39733333333</dst>
            <dst id="LOSAng">38694.4426666667</dst>
            <dst id="NYCMng">5543.408</dst>
            <dst id="SNVAng">24365.4666666667</dst>
            <dst id="STTLng">69888.712</dst>
            <dst id="WASHng">3190.63466666667</dst>
        </src>
        <src id="STTLng">
            <dst id="ATLA-M5">1205.36266666667</dst>
            <dst id="ATLAng">20780.704</dst>
            <dst id="CHINng">68177.3253333333</dst>
            <dst id="DNVRng">9081.75466666666</dst>
            <dst id="HSTNng">7919.13066666667</dst>
            <dst id="IPLSng">26192.9546666667</dst>
            <dst id="KSCYng">7264.13866666667</dst>
            <dst id="LOSAng">34473.2853333333</dst>
            <dst id="NYCMng">29217.888</dst>
            <dst id="SNVAng">13778.1786666667</dst>
            <dst id="STTLng">11757.736</dst>
            <dst id="WASHng">23059.128</dst>
        </src>
        <src id="WASHng">
            <dst id="ATLA-M5">1913.83466666667</dst>
            <dst id="ATLAng">115854.088</dst>
            <dst id="CHINng">104066.981333333</dst>
            <dst id="DNVRng">66829.1706666667</dst>
            <dst id="HSTNng">23392.6693333333</dst>
            <dst id="IPLSng">91620.2213333333</dst>
            <dst id="KSCYng">36245.4586666667</dst>
            <dst id="LOSAng">105347.154666667</dst>
            <dst id="NYCMng">192606.250666667</dst>
            <dst id="SNVAng">17155.8053333333</dst>
            <dst id="STTLng">39736.4933333333</dst>
            <dst id="WASHng">332471.093333333</dst>
        </src>
    </IntraTM>
</TrafficMatrixFile>
