<?xml version="1.0" encoding="ISO-8859-1" standalone="yes"?>
<TrafficMatrixFile xsi:noNamespaceSchemaLocation="http://totem.run.montefiore.ulg.ac.be/Schema/TrafficMatrix-v1_2.xsd" xmlns:xsi="http://www.w3.org/2001/XMLSchema-instance">
    <IntraTM ASID="11537">
        <src id="ATLA-M5">
            <dst id="ATLA-M5">30.1786666666667</dst>
            <dst id="ATLAng">1034.25066666667</dst>
            <dst id="CHINng">2145.10666666667</dst>
            <dst id="DNVRng">1084.352</dst>
            <dst id="HSTNng">321.893333333333</dst>
            <dst id="IPLSng">1562.55466666667</dst>
            <dst id="KSCYng">745.832</dst>
            <dst id="LOSAng">896.949333333333</dst>
            <dst id="NYCMng">761.306666666667</dst>
            <dst id="SNVAng">292.821333333333</dst>
            <dst id="STTLng">203.546666666667</dst>
            <dst id="WASHng">3404.64</dst>
        </src>
        <src id="ATLAng">
            <dst id="ATLA-M5">671.349333333333</dst>
            <dst id="ATLAng">22361.3813333333</dst>
            <dst id="CHINng">30048.0506666667</dst>
            <dst id="DNVRng">6627.984</dst>
            <dst id="HSTNng">8044.77066666667</dst>
            <dst id="IPLSng">34713.0373333333</dst>
            <dst id="KSCYng">11006.6853333333</dst>
            <dst id="LOSAng">28435.5733333333</dst>
            <dst id="NYCMng">27026.4533333333</dst>
            <dst id="SNVAng">3777.80133333333</dst>
            <dst id="STTLng">9587.392</dst>
            <dst id="WASHng">71718.608</dst>
        </src>
        <src id="CHINng">
            <dst id="ATLA-M5">4649.05333333333</dst>
            <dst id="ATLAng">15791.3493333333</dst>
            <dst id="CHINng">39164.696</dst>
            <dst id="DNVRng">15194.504</dst>
            <dst id="HSTNng">29906.7173333333</dst>
            <dst id="IPLSng">35355.656</dst>
            <dst id="KSCYng">8590.56533333333</dst>
            <dst id="LOSAng">170856.928</dst>
            <dst id="NYCMng">7927.89066666667</dst>
            <dst id="SNVAng">9149.33866666667</dst>
            <dst id="STTLng">9199.78666666667</dst>
            <dst id="WASHng">18014.5146666667</dst>
        </src>
        <src id="DNVRng">
            <dst id="ATLA-M5">1393.03733333333</dst>
            <dst id="ATLAng">7322.51733333333</dst>
            <dst id="CHINng">59328.0373333333</dst>
            <dst id="DNVRng">24154.5733333333</dst>
            <dst id="HSTNng">17789.496</dst>
            <dst id="IPLSng">38731.0986666667</dst>
            <dst id="KSCYng">22750.152</dst>
            <dst id="LOSAng">10811.2613333333</dst>
            <dst id="NYCMng">23600.0213333333</dst>
            <dst id="SNVAng">13933.5706666667</dst>
            <dst id="STTLng">24036.8986666667</dst>
            <dst id="WASHng">53004.064</dst>
        </src>
        <src id="HSTNng">
            <dst id="ATLA-M5">2038.69333333333</dst>
            <dst id="ATLAng">6337.464</dst>
            <dst id="CHINng">30953.0106666667</dst>
            <dst id="DNVRng">4436.86133333333</dst>
            <dst id="HSTNng">14044.9626666667</dst>
            <dst id="IPLSng">14485.8586666667</dst>
            <dst id="KSCYng">4593.176</dst>
            <dst id="LOSAng">9927.968</dst>
            <dst id="NYCMng">5517.43733333333</dst>
            <dst id="SNVAng">2572.19733333333</dst>
            <dst id="STTLng">4966.81866666667</dst>
            <dst id="WASHng">8570.05866666667</dst>
        </src>
        <src id="IPLSng">
            <dst id="ATLA-M5">1116.61333333333</dst>
            <dst id="ATLAng">26333.5493333333</dst>
            <dst id="CHINng">93497.1546666667</dst>
            <dst id="DNVRng">27737.1306666667</dst>
            <dst id="HSTNng">13194.9973333333</dst>
            <dst id="IPLSng">24130.6506666667</dst>
            <dst id="KSCYng">14023.0373333333</dst>
            <dst id="LOSAng">29198.6453333333</dst>
            <dst id="NYCMng">33691.056</dst>
            <dst id="SNVAng">9771.28</dst>
            <dst id="STTLng">14627.384</dst>
            <dst id="WASHng">54103.6266666667</dst>
        </src>
        <src id="KSCYng">
            <dst id="ATLA-M5">1051.168</dst>
            <dst id="ATLAng">8195.544</dst>
            <dst id="CHINng">46605.2666666667</dst>
            <dst id="DNVRng">10640.288</dst>
            <dst id="HSTNng">8295.10933333333</dst>
            <dst id="IPLSng">16024.2906666667</dst>
            <dst id="KSCYng">11464.1626666667</dst>
            <dst id="LOSAng">6727.10133333333</dst>
            <dst id="NYCMng">10749.128</dst>
            <dst id="SNVAng">1796.51466666667</dst>
            <dst id="STTLng">6135.02666666667</dst>
            <dst id="WASHng">15235.1653333333</dst>
        </src>
        <src id="LOSAng">
            <dst id="ATLA-M5">1789.77333333333</dst>
            <dst id="ATLAng">50492.992</dst>
            <dst id="CHINng">116035.066666667</dst>
            <dst id="DNVRng">15444.4906666667</dst>
            <dst id="HSTNng">10931.3066666667</dst>
            <dst id="IPLSng">48297.7626666667</dst>
            <dst id="KSCYng">12382.8773333333</dst>
            <dst id="LOSAng">20430.8426666667</dst>
            <dst id="NYCMng">71531.3066666667</dst>
            <dst id="SNVAng">10790.304</dst>
            <dst id="STTLng">30399.0186666667</dst>
            <dst id="WASHng">64712.7786666667</dst>
        </src>
        <src id="NYCMng">
            <dst id="ATLA-M5">2254.07466666667</dst>
            <dst id="ATLAng">66176.4906666667</dst>
            <dst id="CHINng">68727.9306666667</dst>
            <dst id="DNVRng">50041.6666666667</dst>
            <dst id="HSTNng">44477.0266666667</dst>
            <dst id="IPLSng">90576.1653333334</dst>
            <dst id="KSCYng">26798.5146666667</dst>
            <dst id="LOSAng">105274.432</dst>
            <dst id="NYCMng">162133.933333333</dst>
            <dst id="SNVAng">19034.5173333333</dst>
            <dst id="STTLng">40457.664</dst>
            <dst id="WASHng">164070.893333333</dst>
        </src>
        <src id="SNVAng">
            <dst id="ATLA-M5">396.725333333333</dst>
            <dst id="ATLAng">1506.58933333333</dst>
            <dst id="CHINng">10117.1306666667</dst>
            <dst id="DNVRng">2570.912</dst>
            <dst id="HSTNng">2168.89333333333</dst>
            <dst id="IPLSng">3875.03733333333</dst>
            <dst id="KSCYng">876.981333333333</dst>
            <dst id="LOSAng">41967.8373333333</dst>
            <dst id="NYCMng">3222.112</dst>
            <dst id="SNVAng">15754.064</dst>
            <dst id="STTLng">67181.712</dst>
            <dst id="WASHng">4486.01866666667</dst>
        </src>
        <src id="STTLng">
            <dst id="ATLA-M5">939.304</dst>
            <dst id="ATLAng">13405.784</dst>
            <dst id="CHINng">70601.1013333333</dst>
            <dst id="DNVRng">5104.32</dst>
            <dst id="HSTNng">4838.57333333333</dst>
            <dst id="IPLSng">34490.5733333333</dst>
            <dst id="KSCYng">4890.392</dst>
            <dst id="LOSAng">35508.328</dst>
            <dst id="NYCMng">30395.7386666667</dst>
            <dst id="SNVAng">8606.53333333333</dst>
            <dst id="STTLng">12854.3973333333</dst>
            <dst id="WASHng">21604.92</dst>
        </src>
        <src id="WASHng">
            <dst id="ATLA-M5">1854.74133333333</dst>
            <dst id="ATLAng">89907.0293333333</dst>
            <dst id="CHINng">108687.944</dst>
            <dst id="DNVRng">83498.176</dst>
            <dst id="HSTNng">19014.896</dst>
            <dst id="IPLSng">74372.1786666666</dst>
            <dst id="KSCYng">13145.632</dst>
            <dst id="LOSAng">109987.472</dst>
            <dst id="NYCMng">183457.12</dst>
            <dst id="SNVAng">16361.1973333333</dst>
            <dst id="STTLng">37465.9466666667</dst>
            <dst id="WASHng">201278.736</dst>
        </src>
    </IntraTM>
</TrafficMatrixFile>
