<?xml version="1.0" encoding="ISO-8859-1" standalone="yes"?>
<TrafficMatrixFile xsi:noNamespaceSchemaLocation="http://totem.run.montefiore.ulg.ac.be/Schema/TrafficMatrix-v1_2.xsd" xmlns:xsi="http://www.w3.org/2001/XMLSchema-instance">
    <IntraTM ASID="11537">
        <src id="ATLA-M5">
            <dst id="ATLA-M5">144.285333333333</dst>
            <dst id="ATLAng">444.965333333333</dst>
            <dst id="CHINng">2174.48266666667</dst>
            <dst id="DNVRng">320.136</dst>
            <dst id="HSTNng">381.189333333333</dst>
            <dst id="IPLSng">1691.02133333333</dst>
            <dst id="KSCYng">1450.36</dst>
            <dst id="LOSAng">862.218666666667</dst>
            <dst id="NYCMng">1498.55733333333</dst>
            <dst id="SNVAng">146.794666666667</dst>
            <dst id="STTLng">183.424</dst>
            <dst id="WASHng">5121.95466666667</dst>
        </src>
        <src id="ATLAng">
            <dst id="ATLA-M5">1894.296</dst>
            <dst id="ATLAng">27373.4933333333</dst>
            <dst id="CHINng">66362.8026666667</dst>
            <dst id="DNVRng">16409.1493333333</dst>
            <dst id="HSTNng">5425.712</dst>
            <dst id="IPLSng">29354.0453333333</dst>
            <dst id="KSCYng">23439.5653333333</dst>
            <dst id="LOSAng">19682.6546666667</dst>
            <dst id="NYCMng">28006.2213333333</dst>
            <dst id="SNVAng">6085.32933333333</dst>
            <dst id="STTLng">7383.04533333333</dst>
            <dst id="WASHng">108945.517333333</dst>
        </src>
        <src id="CHINng">
            <dst id="ATLA-M5">3294.912</dst>
            <dst id="ATLAng">20754.072</dst>
            <dst id="CHINng">73040.1093333333</dst>
            <dst id="DNVRng">17156.6506666667</dst>
            <dst id="HSTNng">15082.9413333333</dst>
            <dst id="IPLSng">35061.392</dst>
            <dst id="KSCYng">14024.1653333333</dst>
            <dst id="LOSAng">38454.2053333333</dst>
            <dst id="NYCMng">9610.504</dst>
            <dst id="SNVAng">6673</dst>
            <dst id="STTLng">21784.224</dst>
            <dst id="WASHng">21835.576</dst>
        </src>
        <src id="DNVRng">
            <dst id="ATLA-M5">2263.02666666667</dst>
            <dst id="ATLAng">10723.6533333333</dst>
            <dst id="CHINng">63237.2506666667</dst>
            <dst id="DNVRng">8476.872</dst>
            <dst id="HSTNng">13834.2826666667</dst>
            <dst id="IPLSng">29462.8773333333</dst>
            <dst id="KSCYng">13866.5626666667</dst>
            <dst id="LOSAng">20547.608</dst>
            <dst id="NYCMng">29534.1066666667</dst>
            <dst id="SNVAng">12638.056</dst>
            <dst id="STTLng">18959.728</dst>
            <dst id="WASHng">56396.2453333333</dst>
        </src>
        <src id="HSTNng">
            <dst id="ATLA-M5">2024.11733333333</dst>
            <dst id="ATLAng">7219.576</dst>
            <dst id="CHINng">27878.7626666667</dst>
            <dst id="DNVRng">5343.82933333333</dst>
            <dst id="HSTNng">12609.536</dst>
            <dst id="IPLSng">9344.856</dst>
            <dst id="KSCYng">4687.088</dst>
            <dst id="LOSAng">7926.34933333333</dst>
            <dst id="NYCMng">10826.2373333333</dst>
            <dst id="SNVAng">2627.24</dst>
            <dst id="STTLng">3077.00533333333</dst>
            <dst id="WASHng">14364.832</dst>
        </src>
        <src id="IPLSng">
            <dst id="ATLA-M5">1307.82133333333</dst>
            <dst id="ATLAng">23527.672</dst>
            <dst id="CHINng">143803.325333333</dst>
            <dst id="DNVRng">38433.328</dst>
            <dst id="HSTNng">8377.36266666667</dst>
            <dst id="IPLSng">32091.704</dst>
            <dst id="KSCYng">21327.4213333333</dst>
            <dst id="LOSAng">85203.816</dst>
            <dst id="NYCMng">71064.9226666667</dst>
            <dst id="SNVAng">16297.7786666667</dst>
            <dst id="STTLng">16441.2666666667</dst>
            <dst id="WASHng">61452.7253333333</dst>
        </src>
        <src id="KSCYng">
            <dst id="ATLA-M5">604.058666666667</dst>
            <dst id="ATLAng">18365.624</dst>
            <dst id="CHINng">43034.52</dst>
            <dst id="DNVRng">17269.0213333333</dst>
            <dst id="HSTNng">6459.82666666667</dst>
            <dst id="IPLSng">13330.3066666667</dst>
            <dst id="KSCYng">8943.608</dst>
            <dst id="LOSAng">5980.20266666667</dst>
            <dst id="NYCMng">11831.9973333333</dst>
            <dst id="SNVAng">1863.54933333333</dst>
            <dst id="STTLng">4520.20266666667</dst>
            <dst id="WASHng">14750.2613333333</dst>
        </src>
        <src id="LOSAng">
            <dst id="ATLA-M5">1958.01333333333</dst>
            <dst id="ATLAng">32315.9386666667</dst>
            <dst id="CHINng">127854.938666667</dst>
            <dst id="DNVRng">35438.9733333333</dst>
            <dst id="HSTNng">21323.7306666667</dst>
            <dst id="IPLSng">55901.0133333333</dst>
            <dst id="KSCYng">9813.31733333333</dst>
            <dst id="LOSAng">10010.504</dst>
            <dst id="NYCMng">65624.5973333333</dst>
            <dst id="SNVAng">12857.9653333333</dst>
            <dst id="STTLng">24731.4453333333</dst>
            <dst id="WASHng">69179.9573333333</dst>
        </src>
        <src id="NYCMng">
            <dst id="ATLA-M5">6667.848</dst>
            <dst id="ATLAng">51493.2106666667</dst>
            <dst id="CHINng">87647.5706666667</dst>
            <dst id="DNVRng">46355.744</dst>
            <dst id="HSTNng">45922.08</dst>
            <dst id="IPLSng">84559.1893333333</dst>
            <dst id="KSCYng">43085.8586666667</dst>
            <dst id="LOSAng">84958.4693333333</dst>
            <dst id="NYCMng">162748.309333333</dst>
            <dst id="SNVAng">13045.8506666667</dst>
            <dst id="STTLng">34741.0666666667</dst>
            <dst id="WASHng">127597.32</dst>
        </src>
        <src id="SNVAng">
            <dst id="ATLA-M5">603.957333333333</dst>
            <dst id="ATLAng">837.077333333333</dst>
            <dst id="CHINng">5000.94133333333</dst>
            <dst id="DNVRng">11133.7946666667</dst>
            <dst id="HSTNng">1238.66133333333</dst>
            <dst id="IPLSng">4119.088</dst>
            <dst id="KSCYng">645.490666666667</dst>
            <dst id="LOSAng">46035.7253333333</dst>
            <dst id="NYCMng">3671.47466666667</dst>
            <dst id="SNVAng">24862.92</dst>
            <dst id="STTLng">73263.4373333333</dst>
            <dst id="WASHng">3110.736</dst>
        </src>
        <src id="STTLng">
            <dst id="ATLA-M5">264.626666666667</dst>
            <dst id="ATLAng">16899.2666666667</dst>
            <dst id="CHINng">92140.8933333333</dst>
            <dst id="DNVRng">9342.30133333333</dst>
            <dst id="HSTNng">7108.01866666667</dst>
            <dst id="IPLSng">23675.2933333333</dst>
            <dst id="KSCYng">6741.34133333333</dst>
            <dst id="LOSAng">35664.4506666667</dst>
            <dst id="NYCMng">32989.2346666667</dst>
            <dst id="SNVAng">16712.0933333333</dst>
            <dst id="STTLng">1845.97866666667</dst>
            <dst id="WASHng">22690.7413333333</dst>
        </src>
        <src id="WASHng">
            <dst id="ATLA-M5">3543.50133333333</dst>
            <dst id="ATLAng">141341.954666667</dst>
            <dst id="CHINng">89096.8</dst>
            <dst id="DNVRng">82315.9946666667</dst>
            <dst id="HSTNng">34705.5973333333</dst>
            <dst id="IPLSng">118506.074666667</dst>
            <dst id="KSCYng">35645.6266666667</dst>
            <dst id="LOSAng">92687.4586666666</dst>
            <dst id="NYCMng">180505.333333333</dst>
            <dst id="SNVAng">11187.224</dst>
            <dst id="STTLng">41782.5493333333</dst>
            <dst id="WASHng">275629.626666667</dst>
        </src>
    </IntraTM>
</TrafficMatrixFile>
