<?xml version="1.0" encoding="ISO-8859-1" standalone="yes"?>
<TrafficMatrixFile xsi:noNamespaceSchemaLocation="http://totem.run.montefiore.ulg.ac.be/Schema/TrafficMatrix-v1_2.xsd" xmlns:xsi="http://www.w3.org/2001/XMLSchema-instance">
    <IntraTM ASID="11537">
        <src id="ATLA-M5">
            <dst id="ATLA-M5">26.6666666666667</dst>
            <dst id="ATLAng">1066.272</dst>
            <dst id="CHINng">1806.056</dst>
            <dst id="DNVRng">954.765333333333</dst>
            <dst id="HSTNng">463.992</dst>
            <dst id="IPLSng">776.013333333333</dst>
            <dst id="KSCYng">449.68</dst>
            <dst id="LOSAng">768.613333333333</dst>
            <dst id="NYCMng">562.314666666667</dst>
            <dst id="SNVAng">344.968</dst>
            <dst id="STTLng">125.496</dst>
            <dst id="WASHng">4065.4</dst>
        </src>
        <src id="ATLAng">
            <dst id="ATLA-M5">838.282666666667</dst>
            <dst id="ATLAng">56479.4186666667</dst>
            <dst id="CHINng">28616.272</dst>
            <dst id="DNVRng">5347.77066666667</dst>
            <dst id="HSTNng">10325.1626666667</dst>
            <dst id="IPLSng">35336.5013333333</dst>
            <dst id="KSCYng">10440.2026666667</dst>
            <dst id="LOSAng">28098.6853333333</dst>
            <dst id="NYCMng">28548.7893333333</dst>
            <dst id="SNVAng">3237.27733333333</dst>
            <dst id="STTLng">10461.8986666667</dst>
            <dst id="WASHng">83385.1253333333</dst>
        </src>
        <src id="CHINng">
            <dst id="ATLA-M5">4161.09866666667</dst>
            <dst id="ATLAng">19896.52</dst>
            <dst id="CHINng">39499.5173333333</dst>
            <dst id="DNVRng">13358.7733333333</dst>
            <dst id="HSTNng">20832.7066666667</dst>
            <dst id="IPLSng">45202.088</dst>
            <dst id="KSCYng">10403.0506666667</dst>
            <dst id="LOSAng">1189138.61333333</dst>
            <dst id="NYCMng">5570.64</dst>
            <dst id="SNVAng">8307.26933333333</dst>
            <dst id="STTLng">9674.01866666667</dst>
            <dst id="WASHng">20175.6293333333</dst>
        </src>
        <src id="DNVRng">
            <dst id="ATLA-M5">510.981333333333</dst>
            <dst id="ATLAng">7298.24266666667</dst>
            <dst id="CHINng">59198.0773333333</dst>
            <dst id="DNVRng">16019.648</dst>
            <dst id="HSTNng">19502.2</dst>
            <dst id="IPLSng">35365.6933333333</dst>
            <dst id="KSCYng">18940.232</dst>
            <dst id="LOSAng">15535.3466666667</dst>
            <dst id="NYCMng">22001.7333333333</dst>
            <dst id="SNVAng">11331.5706666667</dst>
            <dst id="STTLng">14545.936</dst>
            <dst id="WASHng">52900.3146666667</dst>
        </src>
        <src id="HSTNng">
            <dst id="ATLA-M5">1544.09066666667</dst>
            <dst id="ATLAng">6033.35466666667</dst>
            <dst id="CHINng">20752.488</dst>
            <dst id="DNVRng">4941.22933333333</dst>
            <dst id="HSTNng">12752.6293333333</dst>
            <dst id="IPLSng">12003.6026666667</dst>
            <dst id="KSCYng">7341.68</dst>
            <dst id="LOSAng">99928.0373333333</dst>
            <dst id="NYCMng">6909.26666666666</dst>
            <dst id="SNVAng">1356.70133333333</dst>
            <dst id="STTLng">6035.32</dst>
            <dst id="WASHng">12178.8293333333</dst>
        </src>
        <src id="IPLSng">
            <dst id="ATLA-M5">1613.88</dst>
            <dst id="ATLAng">28943.0053333333</dst>
            <dst id="CHINng">98340.608</dst>
            <dst id="DNVRng">27913.128</dst>
            <dst id="HSTNng">9461.28533333334</dst>
            <dst id="IPLSng">35425.432</dst>
            <dst id="KSCYng">22428.6933333333</dst>
            <dst id="LOSAng">93472.9253333333</dst>
            <dst id="NYCMng">35790.3066666667</dst>
            <dst id="SNVAng">11053.536</dst>
            <dst id="STTLng">16623.5866666667</dst>
            <dst id="WASHng">60197.6533333333</dst>
        </src>
        <src id="KSCYng">
            <dst id="ATLA-M5">1320</dst>
            <dst id="ATLAng">6217.088</dst>
            <dst id="CHINng">46866.2213333333</dst>
            <dst id="DNVRng">8943.28</dst>
            <dst id="HSTNng">9117.072</dst>
            <dst id="IPLSng">18091.8133333333</dst>
            <dst id="KSCYng">10445.912</dst>
            <dst id="LOSAng">8074.04533333333</dst>
            <dst id="NYCMng">11576.6186666667</dst>
            <dst id="SNVAng">1842.112</dst>
            <dst id="STTLng">4666.10133333333</dst>
            <dst id="WASHng">20429.104</dst>
        </src>
        <src id="LOSAng">
            <dst id="ATLA-M5">1666.01866666667</dst>
            <dst id="ATLAng">27058.6773333333</dst>
            <dst id="CHINng">120700.394666667</dst>
            <dst id="DNVRng">16070.5973333333</dst>
            <dst id="HSTNng">13730.6266666667</dst>
            <dst id="IPLSng">58943.0773333333</dst>
            <dst id="KSCYng">12839.2533333333</dst>
            <dst id="LOSAng">21296.288</dst>
            <dst id="NYCMng">68375.7786666667</dst>
            <dst id="SNVAng">9662.38666666667</dst>
            <dst id="STTLng">31099.4693333333</dst>
            <dst id="WASHng">73397.5733333333</dst>
        </src>
        <src id="NYCMng">
            <dst id="ATLA-M5">2637.79733333333</dst>
            <dst id="ATLAng">58608.056</dst>
            <dst id="CHINng">68625.0586666667</dst>
            <dst id="DNVRng">49837.808</dst>
            <dst id="HSTNng">46141.512</dst>
            <dst id="IPLSng">88525.4613333333</dst>
            <dst id="KSCYng">26836.0693333333</dst>
            <dst id="LOSAng">103078.168</dst>
            <dst id="NYCMng">176437.237333333</dst>
            <dst id="SNVAng">15206.688</dst>
            <dst id="STTLng">40742.1786666667</dst>
            <dst id="WASHng">204837.101333333</dst>
        </src>
        <src id="SNVAng">
            <dst id="ATLA-M5">514.597333333333</dst>
            <dst id="ATLAng">1934.23466666667</dst>
            <dst id="CHINng">8450.98133333333</dst>
            <dst id="DNVRng">8054.99466666667</dst>
            <dst id="HSTNng">957.538666666667</dst>
            <dst id="IPLSng">13050.9573333333</dst>
            <dst id="KSCYng">1669.38933333333</dst>
            <dst id="LOSAng">45775.5013333333</dst>
            <dst id="NYCMng">2145.04266666667</dst>
            <dst id="SNVAng">20969.344</dst>
            <dst id="STTLng">62032.2613333334</dst>
            <dst id="WASHng">5220.904</dst>
        </src>
        <src id="STTLng">
            <dst id="ATLA-M5">141.317333333333</dst>
            <dst id="ATLAng">13917.784</dst>
            <dst id="CHINng">65096.8133333333</dst>
            <dst id="DNVRng">5042.80533333333</dst>
            <dst id="HSTNng">5551.83466666667</dst>
            <dst id="IPLSng">35584.992</dst>
            <dst id="KSCYng">4605.33066666667</dst>
            <dst id="LOSAng">33234.6986666667</dst>
            <dst id="NYCMng">28965.88</dst>
            <dst id="SNVAng">8770.94933333333</dst>
            <dst id="STTLng">11988.304</dst>
            <dst id="WASHng">18123.5253333333</dst>
        </src>
        <src id="WASHng">
            <dst id="ATLA-M5">2055.46133333333</dst>
            <dst id="ATLAng">108866.418666667</dst>
            <dst id="CHINng">108611.634666667</dst>
            <dst id="DNVRng">74012.8</dst>
            <dst id="HSTNng">17405.704</dst>
            <dst id="IPLSng">70621.624</dst>
            <dst id="KSCYng">19859.9493333333</dst>
            <dst id="LOSAng">101604.013333333</dst>
            <dst id="NYCMng">181777.986666667</dst>
            <dst id="SNVAng">13810.9173333333</dst>
            <dst id="STTLng">33835.456</dst>
            <dst id="WASHng">203503.410666667</dst>
        </src>
    </IntraTM>
</TrafficMatrixFile>
