<?xml version="1.0" encoding="ISO-8859-1" standalone="yes"?>
<TrafficMatrixFile xsi:noNamespaceSchemaLocation="http://totem.run.montefiore.ulg.ac.be/Schema/TrafficMatrix-v1_2.xsd" xmlns:xsi="http://www.w3.org/2001/XMLSchema-instance">
    <IntraTM ASID="11537">
        <src id="ATLA-M5">
            <dst id="ATLA-M5">0</dst>
            <dst id="ATLAng">234.56</dst>
            <dst id="CHINng">1381.21066666667</dst>
            <dst id="DNVRng">34.5733333333333</dst>
            <dst id="HSTNng">325.842666666667</dst>
            <dst id="IPLSng">349.765333333333</dst>
            <dst id="KSCYng">242.728</dst>
            <dst id="LOSAng">421.178666666667</dst>
            <dst id="NYCMng">368.168</dst>
            <dst id="SNVAng">384.816</dst>
            <dst id="STTLng">359.973333333333</dst>
            <dst id="WASHng">2527.48266666667</dst>
        </src>
        <src id="ATLAng">
            <dst id="ATLA-M5">373.426666666667</dst>
            <dst id="ATLAng">38188.6186666667</dst>
            <dst id="CHINng">12731.272</dst>
            <dst id="DNVRng">3389.50666666667</dst>
            <dst id="HSTNng">2401.33333333333</dst>
            <dst id="IPLSng">17688.5253333333</dst>
            <dst id="KSCYng">2205.456</dst>
            <dst id="LOSAng">16208.496</dst>
            <dst id="NYCMng">13628.896</dst>
            <dst id="SNVAng">1429.15466666667</dst>
            <dst id="STTLng">9526.2</dst>
            <dst id="WASHng">94296.496</dst>
        </src>
        <src id="CHINng">
            <dst id="ATLA-M5">138.706666666667</dst>
            <dst id="ATLAng">14735.432</dst>
            <dst id="CHINng">59595.6</dst>
            <dst id="DNVRng">13376.728</dst>
            <dst id="HSTNng">5849.97066666667</dst>
            <dst id="IPLSng">20984.0026666667</dst>
            <dst id="KSCYng">7617.43466666667</dst>
            <dst id="LOSAng">21039.2746666667</dst>
            <dst id="NYCMng">5888.06133333333</dst>
            <dst id="SNVAng">3937.048</dst>
            <dst id="STTLng">9182.52266666667</dst>
            <dst id="WASHng">9672.26133333333</dst>
        </src>
        <src id="DNVRng">
            <dst id="ATLA-M5">125.122666666667</dst>
            <dst id="ATLAng">5414.05066666667</dst>
            <dst id="CHINng">46178.5813333333</dst>
            <dst id="DNVRng">1271.49333333333</dst>
            <dst id="HSTNng">5830.91466666667</dst>
            <dst id="IPLSng">6450.52533333333</dst>
            <dst id="KSCYng">5532.32</dst>
            <dst id="LOSAng">5457.19733333333</dst>
            <dst id="NYCMng">9752.792</dst>
            <dst id="SNVAng">8635.49866666667</dst>
            <dst id="STTLng">8769.28266666667</dst>
            <dst id="WASHng">17983.448</dst>
        </src>
        <src id="HSTNng">
            <dst id="ATLA-M5">2351.92</dst>
            <dst id="ATLAng">2708.776</dst>
            <dst id="CHINng">29212.2106666667</dst>
            <dst id="DNVRng">1305.904</dst>
            <dst id="HSTNng">7269.01866666667</dst>
            <dst id="IPLSng">6077.22133333333</dst>
            <dst id="KSCYng">11091.1626666667</dst>
            <dst id="LOSAng">87975.584</dst>
            <dst id="NYCMng">6385.79466666667</dst>
            <dst id="SNVAng">706.389333333333</dst>
            <dst id="STTLng">5942.44533333333</dst>
            <dst id="WASHng">4667.16533333333</dst>
        </src>
        <src id="IPLSng">
            <dst id="ATLA-M5">1571.16266666667</dst>
            <dst id="ATLAng">10868.8266666667</dst>
            <dst id="CHINng">118455.178666667</dst>
            <dst id="DNVRng">7673.73066666667</dst>
            <dst id="HSTNng">6206.94933333333</dst>
            <dst id="IPLSng">21334.5973333333</dst>
            <dst id="KSCYng">12034.512</dst>
            <dst id="LOSAng">21775.2346666667</dst>
            <dst id="NYCMng">23340.424</dst>
            <dst id="SNVAng">4557.37066666667</dst>
            <dst id="STTLng">7002.176</dst>
            <dst id="WASHng">28657.2613333333</dst>
        </src>
        <src id="KSCYng">
            <dst id="ATLA-M5">376.077333333333</dst>
            <dst id="ATLAng">5291.416</dst>
            <dst id="CHINng">37738.36</dst>
            <dst id="DNVRng">4439.01066666667</dst>
            <dst id="HSTNng">4345.392</dst>
            <dst id="IPLSng">13951.5066666667</dst>
            <dst id="KSCYng">2310.592</dst>
            <dst id="LOSAng">6231.544</dst>
            <dst id="NYCMng">11162.072</dst>
            <dst id="SNVAng">1107.952</dst>
            <dst id="STTLng">5014.20533333333</dst>
            <dst id="WASHng">9579.34933333333</dst>
        </src>
        <src id="LOSAng">
            <dst id="ATLA-M5">50.6053333333333</dst>
            <dst id="ATLAng">31266.9973333333</dst>
            <dst id="CHINng">141096.074666667</dst>
            <dst id="DNVRng">11566.352</dst>
            <dst id="HSTNng">58293.9946666667</dst>
            <dst id="IPLSng">31434.544</dst>
            <dst id="KSCYng">8128.592</dst>
            <dst id="LOSAng">18013.9733333333</dst>
            <dst id="NYCMng">55886.3893333333</dst>
            <dst id="SNVAng">5826.00533333333</dst>
            <dst id="STTLng">23483.9653333333</dst>
            <dst id="WASHng">51537.5626666667</dst>
        </src>
        <src id="NYCMng">
            <dst id="ATLA-M5">1027.73333333333</dst>
            <dst id="ATLAng">38021.704</dst>
            <dst id="CHINng">66218.752</dst>
            <dst id="DNVRng">15666.8266666667</dst>
            <dst id="HSTNng">31581.5013333333</dst>
            <dst id="IPLSng">46846.1973333333</dst>
            <dst id="KSCYng">17334.8693333333</dst>
            <dst id="LOSAng">62401.2453333333</dst>
            <dst id="NYCMng">177304.757333333</dst>
            <dst id="SNVAng">5729.41333333333</dst>
            <dst id="STTLng">26181.5706666667</dst>
            <dst id="WASHng">50274.464</dst>
        </src>
        <src id="SNVAng">
            <dst id="ATLA-M5">26.6666666666667</dst>
            <dst id="ATLAng">735.992</dst>
            <dst id="CHINng">6750.09066666667</dst>
            <dst id="DNVRng">4103.928</dst>
            <dst id="HSTNng">823.405333333333</dst>
            <dst id="IPLSng">2191.70666666667</dst>
            <dst id="KSCYng">534.992</dst>
            <dst id="LOSAng">6598.89066666667</dst>
            <dst id="NYCMng">1737.816</dst>
            <dst id="SNVAng">53.3333333333333</dst>
            <dst id="STTLng">2822.088</dst>
            <dst id="WASHng">1517.552</dst>
        </src>
        <src id="STTLng">
            <dst id="ATLA-M5">53.3333333333333</dst>
            <dst id="ATLAng">16062.5306666667</dst>
            <dst id="CHINng">72063.272</dst>
            <dst id="DNVRng">4727.15466666667</dst>
            <dst id="HSTNng">1989.13333333333</dst>
            <dst id="IPLSng">5472.344</dst>
            <dst id="KSCYng">2864.47466666667</dst>
            <dst id="LOSAng">28792.928</dst>
            <dst id="NYCMng">18399.024</dst>
            <dst id="SNVAng">2510.17333333333</dst>
            <dst id="STTLng">1667.86933333333</dst>
            <dst id="WASHng">7161.17333333333</dst>
        </src>
        <src id="WASHng">
            <dst id="ATLA-M5">1365.656</dst>
            <dst id="ATLAng">65141.832</dst>
            <dst id="CHINng">58245.5413333333</dst>
            <dst id="DNVRng">39920.656</dst>
            <dst id="HSTNng">23826.648</dst>
            <dst id="IPLSng">52747.4346666667</dst>
            <dst id="KSCYng">10017.672</dst>
            <dst id="LOSAng">58227.4346666667</dst>
            <dst id="NYCMng">125458.445333333</dst>
            <dst id="SNVAng">4615.21066666667</dst>
            <dst id="STTLng">41880.5653333333</dst>
            <dst id="WASHng">327231.066666667</dst>
        </src>
    </IntraTM>
</TrafficMatrixFile>
