<?xml version="1.0" encoding="ISO-8859-1" standalone="yes"?>
<TrafficMatrixFile xsi:noNamespaceSchemaLocation="http://totem.run.montefiore.ulg.ac.be/Schema/TrafficMatrix-v1_2.xsd" xmlns:xsi="http://www.w3.org/2001/XMLSchema-instance">
    <IntraTM ASID="11537">
        <src id="ATLA-M5">
            <dst id="ATLA-M5">372.48</dst>
            <dst id="ATLAng">447.157333333333</dst>
            <dst id="CHINng">1313.98666666667</dst>
            <dst id="DNVRng">125.128</dst>
            <dst id="HSTNng">751.928</dst>
            <dst id="IPLSng">788.746666666667</dst>
            <dst id="KSCYng">330.701333333333</dst>
            <dst id="LOSAng">776.842666666667</dst>
            <dst id="NYCMng">493.253333333333</dst>
            <dst id="SNVAng">145.306666666667</dst>
            <dst id="STTLng">53.3333333333333</dst>
            <dst id="WASHng">1783.51733333333</dst>
        </src>
        <src id="ATLAng">
            <dst id="ATLA-M5">836.781333333333</dst>
            <dst id="ATLAng">43065.9413333333</dst>
            <dst id="CHINng">31624.264</dst>
            <dst id="DNVRng">7361.66933333333</dst>
            <dst id="HSTNng">4317.50933333333</dst>
            <dst id="IPLSng">30348.6106666667</dst>
            <dst id="KSCYng">10157.376</dst>
            <dst id="LOSAng">19854.8746666667</dst>
            <dst id="NYCMng">25874.1013333333</dst>
            <dst id="SNVAng">924.986666666667</dst>
            <dst id="STTLng">9569.08533333333</dst>
            <dst id="WASHng">73965.1253333333</dst>
        </src>
        <src id="CHINng">
            <dst id="ATLA-M5">906.226666666667</dst>
            <dst id="ATLAng">19103.6613333333</dst>
            <dst id="CHINng">33035.192</dst>
            <dst id="DNVRng">10764.352</dst>
            <dst id="HSTNng">11468.88</dst>
            <dst id="IPLSng">28218.728</dst>
            <dst id="KSCYng">14536.952</dst>
            <dst id="LOSAng">30112.7546666667</dst>
            <dst id="NYCMng">6299.72</dst>
            <dst id="SNVAng">2506.59733333333</dst>
            <dst id="STTLng">11888.424</dst>
            <dst id="WASHng">13231.8293333333</dst>
        </src>
        <src id="DNVRng">
            <dst id="ATLA-M5">44.0933333333333</dst>
            <dst id="ATLAng">5929.34133333333</dst>
            <dst id="CHINng">30134.1866666667</dst>
            <dst id="DNVRng">19279.1413333333</dst>
            <dst id="HSTNng">5043.77333333333</dst>
            <dst id="IPLSng">24716.9306666667</dst>
            <dst id="KSCYng">14642.3786666667</dst>
            <dst id="LOSAng">14211.3413333333</dst>
            <dst id="NYCMng">11802.408</dst>
            <dst id="SNVAng">17833.9626666667</dst>
            <dst id="STTLng">27958.2746666667</dst>
            <dst id="WASHng">12901.3173333333</dst>
        </src>
        <src id="HSTNng">
            <dst id="ATLA-M5">735.314666666667</dst>
            <dst id="ATLAng">5179.09866666667</dst>
            <dst id="CHINng">17576.3386666667</dst>
            <dst id="DNVRng">4859.84</dst>
            <dst id="HSTNng">9972.808</dst>
            <dst id="IPLSng">9719.72266666667</dst>
            <dst id="KSCYng">4936.42933333333</dst>
            <dst id="LOSAng">63033.944</dst>
            <dst id="NYCMng">12802.0826666667</dst>
            <dst id="SNVAng">4198.488</dst>
            <dst id="STTLng">3402.112</dst>
            <dst id="WASHng">8070.91466666667</dst>
        </src>
        <src id="IPLSng">
            <dst id="ATLA-M5">529.325333333333</dst>
            <dst id="ATLAng">18634.4773333333</dst>
            <dst id="CHINng">67542.408</dst>
            <dst id="DNVRng">10747.9893333333</dst>
            <dst id="HSTNng">6872.76</dst>
            <dst id="IPLSng">31777.856</dst>
            <dst id="KSCYng">11716.0586666667</dst>
            <dst id="LOSAng">86386.0746666667</dst>
            <dst id="NYCMng">49461.0293333333</dst>
            <dst id="SNVAng">3482.83466666667</dst>
            <dst id="STTLng">12805.6293333333</dst>
            <dst id="WASHng">48730.7493333333</dst>
        </src>
        <src id="KSCYng">
            <dst id="ATLA-M5">752.685333333333</dst>
            <dst id="ATLAng">12175.688</dst>
            <dst id="CHINng">27730.24</dst>
            <dst id="DNVRng">9876.73066666666</dst>
            <dst id="HSTNng">8359</dst>
            <dst id="IPLSng">20946.3493333333</dst>
            <dst id="KSCYng">6911.34666666667</dst>
            <dst id="LOSAng">6973.128</dst>
            <dst id="NYCMng">13323.816</dst>
            <dst id="SNVAng">1702.056</dst>
            <dst id="STTLng">3949.66666666667</dst>
            <dst id="WASHng">15328.9653333333</dst>
        </src>
        <src id="LOSAng">
            <dst id="ATLA-M5">146.317333333333</dst>
            <dst id="ATLAng">17745.8426666667</dst>
            <dst id="CHINng">77503.08</dst>
            <dst id="DNVRng">11187.568</dst>
            <dst id="HSTNng">16855.848</dst>
            <dst id="IPLSng">41816.528</dst>
            <dst id="KSCYng">10014.512</dst>
            <dst id="LOSAng">18789.504</dst>
            <dst id="NYCMng">57143.6293333333</dst>
            <dst id="SNVAng">3464.368</dst>
            <dst id="STTLng">30586.6213333333</dst>
            <dst id="WASHng">60963.6986666667</dst>
        </src>
        <src id="NYCMng">
            <dst id="ATLA-M5">1532.792</dst>
            <dst id="ATLAng">47550.4</dst>
            <dst id="CHINng">64159.232</dst>
            <dst id="DNVRng">26807.5786666667</dst>
            <dst id="HSTNng">39160.184</dst>
            <dst id="IPLSng">82441.6293333333</dst>
            <dst id="KSCYng">29277.3466666667</dst>
            <dst id="LOSAng">81688.608</dst>
            <dst id="NYCMng">146833.410666667</dst>
            <dst id="SNVAng">10230.5653333333</dst>
            <dst id="STTLng">32001.2346666667</dst>
            <dst id="WASHng">136702.845333333</dst>
        </src>
        <src id="SNVAng">
            <dst id="ATLA-M5">98.872</dst>
            <dst id="ATLAng">2866.64</dst>
            <dst id="CHINng">3853.432</dst>
            <dst id="DNVRng">12367.904</dst>
            <dst id="HSTNng">1567.09866666667</dst>
            <dst id="IPLSng">1805.42933333333</dst>
            <dst id="KSCYng">667.978666666667</dst>
            <dst id="LOSAng">2926.18666666667</dst>
            <dst id="NYCMng">3472.80533333333</dst>
            <dst id="SNVAng">596.418666666667</dst>
            <dst id="STTLng">1956.46133333333</dst>
            <dst id="WASHng">2132.62133333333</dst>
        </src>
        <src id="STTLng">
            <dst id="ATLA-M5">183.741333333333</dst>
            <dst id="ATLAng">15869.1333333333</dst>
            <dst id="CHINng">37062.9386666667</dst>
            <dst id="DNVRng">5859.37066666667</dst>
            <dst id="HSTNng">5551.15733333333</dst>
            <dst id="IPLSng">12733.992</dst>
            <dst id="KSCYng">4970.30933333333</dst>
            <dst id="LOSAng">26410.24</dst>
            <dst id="NYCMng">22141.9973333333</dst>
            <dst id="SNVAng">3379.04</dst>
            <dst id="STTLng">5288.18933333333</dst>
            <dst id="WASHng">11756.904</dst>
        </src>
        <src id="WASHng">
            <dst id="ATLA-M5">1164.33066666667</dst>
            <dst id="ATLAng">113976.272</dst>
            <dst id="CHINng">93557.0346666667</dst>
            <dst id="DNVRng">29183.4906666667</dst>
            <dst id="HSTNng">30589.6186666667</dst>
            <dst id="IPLSng">58603.0666666667</dst>
            <dst id="KSCYng">19567.7786666667</dst>
            <dst id="LOSAng">72637.2426666667</dst>
            <dst id="NYCMng">166182</dst>
            <dst id="SNVAng">10035.184</dst>
            <dst id="STTLng">28786.216</dst>
            <dst id="WASHng">184525.352</dst>
        </src>
    </IntraTM>
</TrafficMatrixFile>
