<?xml version="1.0" encoding="ISO-8859-1" standalone="yes"?>
<TrafficMatrixFile xsi:noNamespaceSchemaLocation="http://totem.run.montefiore.ulg.ac.be/Schema/TrafficMatrix-v1_2.xsd" xmlns:xsi="http://www.w3.org/2001/XMLSchema-instance">
    <IntraTM ASID="11537">
        <src id="ATLA-M5">
            <dst id="ATLA-M5">2352.736</dst>
            <dst id="ATLAng">282.301333333333</dst>
            <dst id="CHINng">2716.448</dst>
            <dst id="DNVRng">152.058666666667</dst>
            <dst id="HSTNng">2050.14933333333</dst>
            <dst id="IPLSng">2297.28533333333</dst>
            <dst id="KSCYng">431.96</dst>
            <dst id="LOSAng">1988.85333333333</dst>
            <dst id="NYCMng">1067.17066666667</dst>
            <dst id="SNVAng">155.728</dst>
            <dst id="STTLng">130.904</dst>
            <dst id="WASHng">1392.44</dst>
        </src>
        <src id="ATLAng">
            <dst id="ATLA-M5">406.6</dst>
            <dst id="ATLAng">39739.6346666667</dst>
            <dst id="CHINng">44896.1813333333</dst>
            <dst id="DNVRng">8804.70933333333</dst>
            <dst id="HSTNng">8235.44</dst>
            <dst id="IPLSng">23142.0773333333</dst>
            <dst id="KSCYng">5139.74133333333</dst>
            <dst id="LOSAng">19011.208</dst>
            <dst id="NYCMng">17050.512</dst>
            <dst id="SNVAng">1751.06666666667</dst>
            <dst id="STTLng">12038.7466666667</dst>
            <dst id="WASHng">52613.5493333333</dst>
        </src>
        <src id="CHINng">
            <dst id="ATLA-M5">317.672</dst>
            <dst id="ATLAng">20499.3653333333</dst>
            <dst id="CHINng">36288.6133333333</dst>
            <dst id="DNVRng">8806.416</dst>
            <dst id="HSTNng">37924.1546666667</dst>
            <dst id="IPLSng">35825.1653333333</dst>
            <dst id="KSCYng">8594.62133333333</dst>
            <dst id="LOSAng">33566.6186666667</dst>
            <dst id="NYCMng">3879.34933333333</dst>
            <dst id="SNVAng">2183.02666666667</dst>
            <dst id="STTLng">7464.14933333333</dst>
            <dst id="WASHng">8512.44266666667</dst>
        </src>
        <src id="DNVRng">
            <dst id="ATLA-M5">384.536</dst>
            <dst id="ATLAng">8202.688</dst>
            <dst id="CHINng">49937.072</dst>
            <dst id="DNVRng">22287.736</dst>
            <dst id="HSTNng">5113.4</dst>
            <dst id="IPLSng">12835.904</dst>
            <dst id="KSCYng">5420.44266666667</dst>
            <dst id="LOSAng">13913.608</dst>
            <dst id="NYCMng">10659.6</dst>
            <dst id="SNVAng">15723.752</dst>
            <dst id="STTLng">9558.97333333333</dst>
            <dst id="WASHng">12283.64</dst>
        </src>
        <src id="HSTNng">
            <dst id="ATLA-M5">1342.13866666667</dst>
            <dst id="ATLAng">2804.38933333333</dst>
            <dst id="CHINng">34950.1173333333</dst>
            <dst id="DNVRng">4360.32</dst>
            <dst id="HSTNng">6117.22666666667</dst>
            <dst id="IPLSng">8745.09866666666</dst>
            <dst id="KSCYng">4594.86666666667</dst>
            <dst id="LOSAng">9162.32</dst>
            <dst id="NYCMng">10168.6986666667</dst>
            <dst id="SNVAng">2031.33866666667</dst>
            <dst id="STTLng">2612.89066666667</dst>
            <dst id="WASHng">9602.67466666667</dst>
        </src>
        <src id="IPLSng">
            <dst id="ATLA-M5">923.202666666667</dst>
            <dst id="ATLAng">9681.89866666667</dst>
            <dst id="CHINng">86437.6346666667</dst>
            <dst id="DNVRng">9587.24266666667</dst>
            <dst id="HSTNng">7923.04</dst>
            <dst id="IPLSng">36664.552</dst>
            <dst id="KSCYng">18697.872</dst>
            <dst id="LOSAng">21655.6053333333</dst>
            <dst id="NYCMng">34133.424</dst>
            <dst id="SNVAng">3935.30666666667</dst>
            <dst id="STTLng">13553.9226666667</dst>
            <dst id="WASHng">45887.2</dst>
        </src>
        <src id="KSCYng">
            <dst id="ATLA-M5">358.962666666667</dst>
            <dst id="ATLAng">6708.61866666667</dst>
            <dst id="CHINng">39279.616</dst>
            <dst id="DNVRng">12636.4026666667</dst>
            <dst id="HSTNng">3419.45066666667</dst>
            <dst id="IPLSng">16978.7946666667</dst>
            <dst id="KSCYng">7340.74933333333</dst>
            <dst id="LOSAng">9403.888</dst>
            <dst id="NYCMng">6963.12266666667</dst>
            <dst id="SNVAng">2828.064</dst>
            <dst id="STTLng">6385.33333333333</dst>
            <dst id="WASHng">17362.9066666667</dst>
        </src>
        <src id="LOSAng">
            <dst id="ATLA-M5">1946.70933333333</dst>
            <dst id="ATLAng">26702.4026666667</dst>
            <dst id="CHINng">67924.936</dst>
            <dst id="DNVRng">10413.2693333333</dst>
            <dst id="HSTNng">13775.0426666667</dst>
            <dst id="IPLSng">50628.5653333333</dst>
            <dst id="KSCYng">8638.68266666667</dst>
            <dst id="LOSAng">19116.1786666667</dst>
            <dst id="NYCMng">66859.4266666667</dst>
            <dst id="SNVAng">4008.35466666667</dst>
            <dst id="STTLng">32201.1226666667</dst>
            <dst id="WASHng">64317.8106666667</dst>
        </src>
        <src id="NYCMng">
            <dst id="ATLA-M5">2912.04</dst>
            <dst id="ATLAng">50770.8346666667</dst>
            <dst id="CHINng">77376.3493333333</dst>
            <dst id="DNVRng">21945.3466666667</dst>
            <dst id="HSTNng">46443.0373333333</dst>
            <dst id="IPLSng">73734.6213333333</dst>
            <dst id="KSCYng">23453.04</dst>
            <dst id="LOSAng">77362.784</dst>
            <dst id="NYCMng">149182.68</dst>
            <dst id="SNVAng">12584.2186666667</dst>
            <dst id="STTLng">33622.5146666667</dst>
            <dst id="WASHng">117886.4</dst>
        </src>
        <src id="SNVAng">
            <dst id="ATLA-M5">95.952</dst>
            <dst id="ATLAng">803.232</dst>
            <dst id="CHINng">6600.32266666667</dst>
            <dst id="DNVRng">16550.8906666667</dst>
            <dst id="HSTNng">1440.64</dst>
            <dst id="IPLSng">1931.808</dst>
            <dst id="KSCYng">1222.952</dst>
            <dst id="LOSAng">1837.72533333333</dst>
            <dst id="NYCMng">2127.80533333333</dst>
            <dst id="SNVAng">362.813333333333</dst>
            <dst id="STTLng">3665.38933333333</dst>
            <dst id="WASHng">2642.50933333333</dst>
        </src>
        <src id="STTLng">
            <dst id="ATLA-M5">216.442666666667</dst>
            <dst id="ATLAng">17139.6693333333</dst>
            <dst id="CHINng">33046.528</dst>
            <dst id="DNVRng">6762.63733333333</dst>
            <dst id="HSTNng">5695.91466666667</dst>
            <dst id="IPLSng">14620.376</dst>
            <dst id="KSCYng">5699.88533333333</dst>
            <dst id="LOSAng">19256.8293333333</dst>
            <dst id="NYCMng">29305.7013333333</dst>
            <dst id="SNVAng">3341.76266666667</dst>
            <dst id="STTLng">13495.7706666667</dst>
            <dst id="WASHng">11882.4293333333</dst>
        </src>
        <src id="WASHng">
            <dst id="ATLA-M5">1128.81333333333</dst>
            <dst id="ATLAng">83717.52</dst>
            <dst id="CHINng">74434.9253333333</dst>
            <dst id="DNVRng">44103.3653333333</dst>
            <dst id="HSTNng">15582.9653333333</dst>
            <dst id="IPLSng">56295.5813333333</dst>
            <dst id="KSCYng">21331.1573333333</dst>
            <dst id="LOSAng">78923.1653333333</dst>
            <dst id="NYCMng">158976.549333333</dst>
            <dst id="SNVAng">10007.7013333333</dst>
            <dst id="STTLng">30551.4853333333</dst>
            <dst id="WASHng">167722.608</dst>
        </src>
    </IntraTM>
</TrafficMatrixFile>
