<?xml version="1.0" encoding="ISO-8859-1" standalone="yes"?>
<TrafficMatrixFile xsi:noNamespaceSchemaLocation="http://totem.run.montefiore.ulg.ac.be/Schema/TrafficMatrix-v1_2.xsd" xmlns:xsi="http://www.w3.org/2001/XMLSchema-instance">
    <IntraTM ASID="11537">
        <src id="ATLA-M5">
            <dst id="ATLA-M5">0</dst>
            <dst id="ATLAng">986.746666666667</dst>
            <dst id="CHINng">1677.77066666667</dst>
            <dst id="DNVRng">1428.64533333333</dst>
            <dst id="HSTNng">351.813333333333</dst>
            <dst id="IPLSng">1703.11466666667</dst>
            <dst id="KSCYng">298.365333333333</dst>
            <dst id="LOSAng">665.586666666667</dst>
            <dst id="NYCMng">1853.63733333333</dst>
            <dst id="SNVAng">195.805333333333</dst>
            <dst id="STTLng">339.677333333333</dst>
            <dst id="WASHng">1485.032</dst>
        </src>
        <src id="ATLAng">
            <dst id="ATLA-M5">1031.472</dst>
            <dst id="ATLAng">34750.2826666667</dst>
            <dst id="CHINng">21960.8506666667</dst>
            <dst id="DNVRng">7889.01333333333</dst>
            <dst id="HSTNng">7588.656</dst>
            <dst id="IPLSng">31635.0533333333</dst>
            <dst id="KSCYng">8036.06666666666</dst>
            <dst id="LOSAng">23442.1453333333</dst>
            <dst id="NYCMng">16822.52</dst>
            <dst id="SNVAng">1592.15866666667</dst>
            <dst id="STTLng">10999.272</dst>
            <dst id="WASHng">82059.3893333333</dst>
        </src>
        <src id="CHINng">
            <dst id="ATLA-M5">4229.78933333333</dst>
            <dst id="ATLAng">22403.3813333333</dst>
            <dst id="CHINng">32240.752</dst>
            <dst id="DNVRng">12274.584</dst>
            <dst id="HSTNng">9719.33866666667</dst>
            <dst id="IPLSng">39903.7146666667</dst>
            <dst id="KSCYng">8772.76533333333</dst>
            <dst id="LOSAng">36957.216</dst>
            <dst id="NYCMng">7541.92</dst>
            <dst id="SNVAng">7074.32533333333</dst>
            <dst id="STTLng">10019.9013333333</dst>
            <dst id="WASHng">26115.8266666667</dst>
        </src>
        <src id="DNVRng">
            <dst id="ATLA-M5">2683.51466666667</dst>
            <dst id="ATLAng">7451.23466666667</dst>
            <dst id="CHINng">58060.6373333333</dst>
            <dst id="DNVRng">20285.2426666667</dst>
            <dst id="HSTNng">15580.3573333333</dst>
            <dst id="IPLSng">30989.5253333333</dst>
            <dst id="KSCYng">15768.0506666667</dst>
            <dst id="LOSAng">13244.8853333333</dst>
            <dst id="NYCMng">22717.3253333333</dst>
            <dst id="SNVAng">12453.3786666667</dst>
            <dst id="STTLng">16059.5813333333</dst>
            <dst id="WASHng">54541.8026666667</dst>
        </src>
        <src id="HSTNng">
            <dst id="ATLA-M5">3316.72266666667</dst>
            <dst id="ATLAng">4334.48266666667</dst>
            <dst id="CHINng">47046.4453333333</dst>
            <dst id="DNVRng">7644.94666666667</dst>
            <dst id="HSTNng">14427.0133333333</dst>
            <dst id="IPLSng">11516.464</dst>
            <dst id="KSCYng">3052.936</dst>
            <dst id="LOSAng">14188.6693333333</dst>
            <dst id="NYCMng">8907.30666666667</dst>
            <dst id="SNVAng">1063.37333333333</dst>
            <dst id="STTLng">4129.24533333333</dst>
            <dst id="WASHng">17788.2533333333</dst>
        </src>
        <src id="IPLSng">
            <dst id="ATLA-M5">2056.02666666667</dst>
            <dst id="ATLAng">18852.1893333333</dst>
            <dst id="CHINng">99058.992</dst>
            <dst id="DNVRng">31921.5733333333</dst>
            <dst id="HSTNng">24670.1573333333</dst>
            <dst id="IPLSng">44166.568</dst>
            <dst id="KSCYng">14835.832</dst>
            <dst id="LOSAng">30186.0053333333</dst>
            <dst id="NYCMng">46126.3653333333</dst>
            <dst id="SNVAng">11047.7626666667</dst>
            <dst id="STTLng">14263.9306666667</dst>
            <dst id="WASHng">54893.848</dst>
        </src>
        <src id="KSCYng">
            <dst id="ATLA-M5">1330.00266666667</dst>
            <dst id="ATLAng">8062.16266666667</dst>
            <dst id="CHINng">43513.4773333333</dst>
            <dst id="DNVRng">11091.9733333333</dst>
            <dst id="HSTNng">5638.97066666667</dst>
            <dst id="IPLSng">16406.248</dst>
            <dst id="KSCYng">8754.22933333333</dst>
            <dst id="LOSAng">9865.136</dst>
            <dst id="NYCMng">19595.864</dst>
            <dst id="SNVAng">1604.72266666667</dst>
            <dst id="STTLng">5443.68266666667</dst>
            <dst id="WASHng">15997.384</dst>
        </src>
        <src id="LOSAng">
            <dst id="ATLA-M5">412.949333333333</dst>
            <dst id="ATLAng">35165.352</dst>
            <dst id="CHINng">117288.829333333</dst>
            <dst id="DNVRng">16078.5333333333</dst>
            <dst id="HSTNng">18861.424</dst>
            <dst id="IPLSng">46814.52</dst>
            <dst id="KSCYng">11230.2533333333</dst>
            <dst id="LOSAng">26149.0586666667</dst>
            <dst id="NYCMng">65539.544</dst>
            <dst id="SNVAng">13663.16</dst>
            <dst id="STTLng">41987.1866666667</dst>
            <dst id="WASHng">74537.3946666667</dst>
        </src>
        <src id="NYCMng">
            <dst id="ATLA-M5">4361.16266666667</dst>
            <dst id="ATLAng">59911.1706666667</dst>
            <dst id="CHINng">72607.2026666667</dst>
            <dst id="DNVRng">43805.1813333333</dst>
            <dst id="HSTNng">43566.5973333333</dst>
            <dst id="IPLSng">91553.944</dst>
            <dst id="KSCYng">23934.296</dst>
            <dst id="LOSAng">102886.808</dst>
            <dst id="NYCMng">152550.984</dst>
            <dst id="SNVAng">11905.1466666667</dst>
            <dst id="STTLng">38113.9093333333</dst>
            <dst id="WASHng">205850.474666667</dst>
        </src>
        <src id="SNVAng">
            <dst id="ATLA-M5">170.933333333333</dst>
            <dst id="ATLAng">1117.46933333333</dst>
            <dst id="CHINng">6969.896</dst>
            <dst id="DNVRng">4116.89066666667</dst>
            <dst id="HSTNng">1110.30666666667</dst>
            <dst id="IPLSng">2182.936</dst>
            <dst id="KSCYng">886.938666666667</dst>
            <dst id="LOSAng">39551.1626666667</dst>
            <dst id="NYCMng">6429.34933333333</dst>
            <dst id="SNVAng">17141.856</dst>
            <dst id="STTLng">62296.8266666667</dst>
            <dst id="WASHng">1417.55733333333</dst>
        </src>
        <src id="STTLng">
            <dst id="ATLA-M5">399.034666666667</dst>
            <dst id="ATLAng">14726.992</dst>
            <dst id="CHINng">56628.7413333333</dst>
            <dst id="DNVRng">4643.72533333333</dst>
            <dst id="HSTNng">3112.63733333333</dst>
            <dst id="IPLSng">26000.9546666667</dst>
            <dst id="KSCYng">5682.6</dst>
            <dst id="LOSAng">34974.5333333333</dst>
            <dst id="NYCMng">29131.0106666667</dst>
            <dst id="SNVAng">9442.648</dst>
            <dst id="STTLng">15976.1573333333</dst>
            <dst id="WASHng">25637.576</dst>
        </src>
        <src id="WASHng">
            <dst id="ATLA-M5">1486.58666666667</dst>
            <dst id="ATLAng">124303.264</dst>
            <dst id="CHINng">106663.368</dst>
            <dst id="DNVRng">59306.552</dst>
            <dst id="HSTNng">22614.7413333333</dst>
            <dst id="IPLSng">68553.528</dst>
            <dst id="KSCYng">18938.9893333333</dst>
            <dst id="LOSAng">84403.2186666667</dst>
            <dst id="NYCMng">185377.805333333</dst>
            <dst id="SNVAng">4766.472</dst>
            <dst id="STTLng">37502.2453333333</dst>
            <dst id="WASHng">238939.242666667</dst>
        </src>
    </IntraTM>
</TrafficMatrixFile>
