<?xml version="1.0" encoding="ISO-8859-1" standalone="yes"?>
<TrafficMatrixFile xsi:noNamespaceSchemaLocation="http://totem.run.montefiore.ulg.ac.be/Schema/TrafficMatrix-v1_2.xsd" xmlns:xsi="http://www.w3.org/2001/XMLSchema-instance">
    <IntraTM ASID="11537">
        <src id="ATLA-M5">
            <dst id="ATLA-M5">30.2026666666667</dst>
            <dst id="ATLAng">453.496</dst>
            <dst id="CHINng">939.392</dst>
            <dst id="DNVRng">169.602666666667</dst>
            <dst id="HSTNng">149.765333333333</dst>
            <dst id="IPLSng">2121.52</dst>
            <dst id="KSCYng">927.410666666667</dst>
            <dst id="LOSAng">236.805333333333</dst>
            <dst id="NYCMng">1901.32</dst>
            <dst id="SNVAng">89.5306666666666</dst>
            <dst id="STTLng">129.485333333333</dst>
            <dst id="WASHng">2421.336</dst>
        </src>
        <src id="ATLAng">
            <dst id="ATLA-M5">968.088</dst>
            <dst id="ATLAng">43776.2826666667</dst>
            <dst id="CHINng">41692.144</dst>
            <dst id="DNVRng">3040.2</dst>
            <dst id="HSTNng">3371.57866666667</dst>
            <dst id="IPLSng">19805.912</dst>
            <dst id="KSCYng">5676.44</dst>
            <dst id="LOSAng">17380.8453333333</dst>
            <dst id="NYCMng">19115.312</dst>
            <dst id="SNVAng">2124.32</dst>
            <dst id="STTLng">7972.26933333333</dst>
            <dst id="WASHng">71782.6853333333</dst>
        </src>
        <src id="CHINng">
            <dst id="ATLA-M5">3918.832</dst>
            <dst id="ATLAng">9928.53866666667</dst>
            <dst id="CHINng">29127.72</dst>
            <dst id="DNVRng">10329.4373333333</dst>
            <dst id="HSTNng">9452.22666666667</dst>
            <dst id="IPLSng">19446.5546666667</dst>
            <dst id="KSCYng">13129.6426666667</dst>
            <dst id="LOSAng">19888.7066666667</dst>
            <dst id="NYCMng">6634.91466666667</dst>
            <dst id="SNVAng">1866.86933333333</dst>
            <dst id="STTLng">4972.18933333333</dst>
            <dst id="WASHng">17793.912</dst>
        </src>
        <src id="DNVRng">
            <dst id="ATLA-M5">485.282666666667</dst>
            <dst id="ATLAng">1721.73066666667</dst>
            <dst id="CHINng">44396.3146666667</dst>
            <dst id="DNVRng">8061.62933333333</dst>
            <dst id="HSTNng">2174.02133333333</dst>
            <dst id="IPLSng">14102.3653333333</dst>
            <dst id="KSCYng">12120.8666666667</dst>
            <dst id="LOSAng">18905.0773333333</dst>
            <dst id="NYCMng">24078.9893333333</dst>
            <dst id="SNVAng">16228.9786666667</dst>
            <dst id="STTLng">12374.344</dst>
            <dst id="WASHng">15757.112</dst>
        </src>
        <src id="HSTNng">
            <dst id="ATLA-M5">3746.104</dst>
            <dst id="ATLAng">8476.824</dst>
            <dst id="CHINng">22179.4693333333</dst>
            <dst id="DNVRng">4047.984</dst>
            <dst id="HSTNng">9166.704</dst>
            <dst id="IPLSng">13006.5253333333</dst>
            <dst id="KSCYng">6525.98133333333</dst>
            <dst id="LOSAng">4598.99466666667</dst>
            <dst id="NYCMng">10826.36</dst>
            <dst id="SNVAng">1273.23466666667</dst>
            <dst id="STTLng">1912.27466666667</dst>
            <dst id="WASHng">7921.35466666667</dst>
        </src>
        <src id="IPLSng">
            <dst id="ATLA-M5">3495.408</dst>
            <dst id="ATLAng">17845.0133333333</dst>
            <dst id="CHINng">78223.5946666666</dst>
            <dst id="DNVRng">17872.9546666667</dst>
            <dst id="HSTNng">7631.98133333333</dst>
            <dst id="IPLSng">37433.8346666667</dst>
            <dst id="KSCYng">11455.072</dst>
            <dst id="LOSAng">69585.5226666667</dst>
            <dst id="NYCMng">27955.0933333333</dst>
            <dst id="SNVAng">2745.56533333333</dst>
            <dst id="STTLng">13046.3493333333</dst>
            <dst id="WASHng">44487.6773333333</dst>
        </src>
        <src id="KSCYng">
            <dst id="ATLA-M5">339.624</dst>
            <dst id="ATLAng">4035.74933333333</dst>
            <dst id="CHINng">35237.944</dst>
            <dst id="DNVRng">6779.776</dst>
            <dst id="HSTNng">4402.64266666667</dst>
            <dst id="IPLSng">17935.9786666667</dst>
            <dst id="KSCYng">6680.872</dst>
            <dst id="LOSAng">6688.856</dst>
            <dst id="NYCMng">9210.28</dst>
            <dst id="SNVAng">2603.928</dst>
            <dst id="STTLng">4693.40266666667</dst>
            <dst id="WASHng">11848.928</dst>
        </src>
        <src id="LOSAng">
            <dst id="ATLA-M5">326.957333333333</dst>
            <dst id="ATLAng">41042.368</dst>
            <dst id="CHINng">87634.76</dst>
            <dst id="DNVRng">15437.4666666667</dst>
            <dst id="HSTNng">13761.56</dst>
            <dst id="IPLSng">41952.4133333333</dst>
            <dst id="KSCYng">9955.66666666667</dst>
            <dst id="LOSAng">14511.5093333333</dst>
            <dst id="NYCMng">57110.656</dst>
            <dst id="SNVAng">7156.704</dst>
            <dst id="STTLng">28746.8666666667</dst>
            <dst id="WASHng">57547.5626666667</dst>
        </src>
        <src id="NYCMng">
            <dst id="ATLA-M5">1795.45333333333</dst>
            <dst id="ATLAng">39306.9706666667</dst>
            <dst id="CHINng">59227.976</dst>
            <dst id="DNVRng">15807.04</dst>
            <dst id="HSTNng">17806.248</dst>
            <dst id="IPLSng">85103.44</dst>
            <dst id="KSCYng">24113.7733333333</dst>
            <dst id="LOSAng">66298.4693333333</dst>
            <dst id="NYCMng">143421.269333333</dst>
            <dst id="SNVAng">7431.72266666667</dst>
            <dst id="STTLng">28275.8666666667</dst>
            <dst id="WASHng">104035.906666667</dst>
        </src>
        <src id="SNVAng">
            <dst id="ATLA-M5">26.6666666666667</dst>
            <dst id="ATLAng">1108.61866666667</dst>
            <dst id="CHINng">3419.34133333333</dst>
            <dst id="DNVRng">9448.096</dst>
            <dst id="HSTNng">736.504</dst>
            <dst id="IPLSng">3451.59733333333</dst>
            <dst id="KSCYng">1627.808</dst>
            <dst id="LOSAng">4331.07466666667</dst>
            <dst id="NYCMng">1847.14933333333</dst>
            <dst id="SNVAng">411.109333333333</dst>
            <dst id="STTLng">1556.57066666667</dst>
            <dst id="WASHng">2645.152</dst>
        </src>
        <src id="STTLng">
            <dst id="ATLA-M5">53.7546666666667</dst>
            <dst id="ATLAng">18121.9146666667</dst>
            <dst id="CHINng">21633.008</dst>
            <dst id="DNVRng">4803.944</dst>
            <dst id="HSTNng">5373.32533333333</dst>
            <dst id="IPLSng">7166.856</dst>
            <dst id="KSCYng">3726.78133333333</dst>
            <dst id="LOSAng">24872.4213333333</dst>
            <dst id="NYCMng">17507.2826666667</dst>
            <dst id="SNVAng">3277.896</dst>
            <dst id="STTLng">3720.44533333333</dst>
            <dst id="WASHng">6573.248</dst>
        </src>
        <src id="WASHng">
            <dst id="ATLA-M5">838.490666666667</dst>
            <dst id="ATLAng">144269.936</dst>
            <dst id="CHINng">88412.9946666667</dst>
            <dst id="DNVRng">31983.6186666667</dst>
            <dst id="HSTNng">13643.4613333333</dst>
            <dst id="IPLSng">61183.4106666667</dst>
            <dst id="KSCYng">22649.28</dst>
            <dst id="LOSAng">91682.736</dst>
            <dst id="NYCMng">152920.338666667</dst>
            <dst id="SNVAng">8224.81066666667</dst>
            <dst id="STTLng">35787.6453333333</dst>
            <dst id="WASHng">213069.373333333</dst>
        </src>
    </IntraTM>
</TrafficMatrixFile>
