<?xml version="1.0" encoding="ISO-8859-1" standalone="yes"?>
<TrafficMatrixFile xsi:noNamespaceSchemaLocation="http://totem.run.montefiore.ulg.ac.be/Schema/TrafficMatrix-v1_2.xsd" xmlns:xsi="http://www.w3.org/2001/XMLSchema-instance">
    <IntraTM ASID="11537">
        <src id="ATLA-M5">
            <dst id="ATLA-M5">1612.02933333333</dst>
            <dst id="ATLAng">620.162666666667</dst>
            <dst id="CHINng">2267.85866666667</dst>
            <dst id="DNVRng">569.085333333333</dst>
            <dst id="HSTNng">840.368</dst>
            <dst id="IPLSng">1537.42933333333</dst>
            <dst id="KSCYng">147.525333333333</dst>
            <dst id="LOSAng">600.005333333333</dst>
            <dst id="NYCMng">1619.93866666667</dst>
            <dst id="SNVAng">686.170666666667</dst>
            <dst id="STTLng">366.824</dst>
            <dst id="WASHng">2022.54933333333</dst>
        </src>
        <src id="ATLAng">
            <dst id="ATLA-M5">972.773333333333</dst>
            <dst id="ATLAng">44788.504</dst>
            <dst id="CHINng">25183.152</dst>
            <dst id="DNVRng">12661.9786666667</dst>
            <dst id="HSTNng">7781.01333333333</dst>
            <dst id="IPLSng">25279.1466666667</dst>
            <dst id="KSCYng">7407.62666666667</dst>
            <dst id="LOSAng">20710.3306666667</dst>
            <dst id="NYCMng">27136.864</dst>
            <dst id="SNVAng">1409.15466666667</dst>
            <dst id="STTLng">11662.232</dst>
            <dst id="WASHng">63007.0373333333</dst>
        </src>
        <src id="CHINng">
            <dst id="ATLA-M5">1056.33066666667</dst>
            <dst id="ATLAng">20368.648</dst>
            <dst id="CHINng">39130.6053333333</dst>
            <dst id="DNVRng">11235.9253333333</dst>
            <dst id="HSTNng">11125.952</dst>
            <dst id="IPLSng">31780.1306666667</dst>
            <dst id="KSCYng">10521.408</dst>
            <dst id="LOSAng">29237.0853333333</dst>
            <dst id="NYCMng">5465.104</dst>
            <dst id="SNVAng">3296.75733333333</dst>
            <dst id="STTLng">9410.02133333333</dst>
            <dst id="WASHng">18451.2213333333</dst>
        </src>
        <src id="DNVRng">
            <dst id="ATLA-M5">914.125333333334</dst>
            <dst id="ATLAng">5509.31466666667</dst>
            <dst id="CHINng">43327.6373333333</dst>
            <dst id="DNVRng">3263.528</dst>
            <dst id="HSTNng">5439.648</dst>
            <dst id="IPLSng">9334.82133333333</dst>
            <dst id="KSCYng">4550.90933333333</dst>
            <dst id="LOSAng">16626.544</dst>
            <dst id="NYCMng">15820.7653333333</dst>
            <dst id="SNVAng">15019.8026666667</dst>
            <dst id="STTLng">10875.336</dst>
            <dst id="WASHng">12306.9173333333</dst>
        </src>
        <src id="HSTNng">
            <dst id="ATLA-M5">3772.056</dst>
            <dst id="ATLAng">8908.74933333333</dst>
            <dst id="CHINng">17101.72</dst>
            <dst id="DNVRng">5094.06666666667</dst>
            <dst id="HSTNng">10620.824</dst>
            <dst id="IPLSng">7377.37333333333</dst>
            <dst id="KSCYng">4681.192</dst>
            <dst id="LOSAng">19737.8853333333</dst>
            <dst id="NYCMng">9431.264</dst>
            <dst id="SNVAng">1332.048</dst>
            <dst id="STTLng">3059.128</dst>
            <dst id="WASHng">11197.616</dst>
        </src>
        <src id="IPLSng">
            <dst id="ATLA-M5">1298.27733333333</dst>
            <dst id="ATLAng">16233.9946666667</dst>
            <dst id="CHINng">75484.672</dst>
            <dst id="DNVRng">12723.3733333333</dst>
            <dst id="HSTNng">7831.52533333333</dst>
            <dst id="IPLSng">45715.0133333333</dst>
            <dst id="KSCYng">17466.92</dst>
            <dst id="LOSAng">21866.968</dst>
            <dst id="NYCMng">32388.9226666667</dst>
            <dst id="SNVAng">4209.16533333333</dst>
            <dst id="STTLng">15335.4613333333</dst>
            <dst id="WASHng">42965.1253333333</dst>
        </src>
        <src id="KSCYng">
            <dst id="ATLA-M5">1239.26133333333</dst>
            <dst id="ATLAng">6173.74933333333</dst>
            <dst id="CHINng">41730.104</dst>
            <dst id="DNVRng">13141.8026666667</dst>
            <dst id="HSTNng">4963.616</dst>
            <dst id="IPLSng">20868.5893333333</dst>
            <dst id="KSCYng">7559.39466666667</dst>
            <dst id="LOSAng">7355.712</dst>
            <dst id="NYCMng">8950.81066666667</dst>
            <dst id="SNVAng">1349.21066666667</dst>
            <dst id="STTLng">4995.61333333333</dst>
            <dst id="WASHng">21771.072</dst>
        </src>
        <src id="LOSAng">
            <dst id="ATLA-M5">1227.904</dst>
            <dst id="ATLAng">23920.5733333333</dst>
            <dst id="CHINng">86916.7653333333</dst>
            <dst id="DNVRng">11764.9626666667</dst>
            <dst id="HSTNng">22485.1733333333</dst>
            <dst id="IPLSng">46149.7093333333</dst>
            <dst id="KSCYng">12188.8213333333</dst>
            <dst id="LOSAng">17188.8693333333</dst>
            <dst id="NYCMng">61562.7386666666</dst>
            <dst id="SNVAng">4363.92266666667</dst>
            <dst id="STTLng">30613.9013333333</dst>
            <dst id="WASHng">42151.5706666667</dst>
        </src>
        <src id="NYCMng">
            <dst id="ATLA-M5">2481.53066666667</dst>
            <dst id="ATLAng">48846.7866666667</dst>
            <dst id="CHINng">74408.1093333334</dst>
            <dst id="DNVRng">21328.6853333333</dst>
            <dst id="HSTNng">40271.16</dst>
            <dst id="IPLSng">70455.52</dst>
            <dst id="KSCYng">21022.0773333333</dst>
            <dst id="LOSAng">81903.8373333333</dst>
            <dst id="NYCMng">159491.912</dst>
            <dst id="SNVAng">9724.48533333333</dst>
            <dst id="STTLng">34246.5253333333</dst>
            <dst id="WASHng">109640.610666667</dst>
        </src>
        <src id="SNVAng">
            <dst id="ATLA-M5">258.184</dst>
            <dst id="ATLAng">661.901333333333</dst>
            <dst id="CHINng">3726.30666666667</dst>
            <dst id="DNVRng">15253.1546666667</dst>
            <dst id="HSTNng">2038.72266666667</dst>
            <dst id="IPLSng">3399.87733333333</dst>
            <dst id="KSCYng">1675.26133333333</dst>
            <dst id="LOSAng">3240.08533333333</dst>
            <dst id="NYCMng">3191.95466666667</dst>
            <dst id="SNVAng">13183.4053333333</dst>
            <dst id="STTLng">5943.008</dst>
            <dst id="WASHng">3093.95466666667</dst>
        </src>
        <src id="STTLng">
            <dst id="ATLA-M5">53.3333333333333</dst>
            <dst id="ATLAng">15457.6213333333</dst>
            <dst id="CHINng">37311.4773333333</dst>
            <dst id="DNVRng">7591.21066666667</dst>
            <dst id="HSTNng">4789.248</dst>
            <dst id="IPLSng">11497.536</dst>
            <dst id="KSCYng">6093.66933333333</dst>
            <dst id="LOSAng">22606.9306666667</dst>
            <dst id="NYCMng">27770.7493333333</dst>
            <dst id="SNVAng">3952.656</dst>
            <dst id="STTLng">1675.33333333333</dst>
            <dst id="WASHng">13415.24</dst>
        </src>
        <src id="WASHng">
            <dst id="ATLA-M5">20570.4053333333</dst>
            <dst id="ATLAng">115535.466666667</dst>
            <dst id="CHINng">85355.936</dst>
            <dst id="DNVRng">19203.9893333333</dst>
            <dst id="HSTNng">18970.8026666667</dst>
            <dst id="IPLSng">59948.704</dst>
            <dst id="KSCYng">15105.1253333333</dst>
            <dst id="LOSAng">52125.448</dst>
            <dst id="NYCMng">146015.432</dst>
            <dst id="SNVAng">8660.096</dst>
            <dst id="STTLng">24606.3546666667</dst>
            <dst id="WASHng">148323.226666667</dst>
        </src>
    </IntraTM>
</TrafficMatrixFile>
