<?xml version="1.0" encoding="ISO-8859-1" standalone="yes"?>
<TrafficMatrixFile xsi:noNamespaceSchemaLocation="http://totem.run.montefiore.ulg.ac.be/Schema/TrafficMatrix-v1_2.xsd" xmlns:xsi="http://www.w3.org/2001/XMLSchema-instance">
    <IntraTM ASID="11537">
        <src id="ATLA-M5">
            <dst id="ATLA-M5">0</dst>
            <dst id="ATLAng">567.432</dst>
            <dst id="CHINng">1119.33066666667</dst>
            <dst id="DNVRng">26.6666666666667</dst>
            <dst id="HSTNng">85.0826666666667</dst>
            <dst id="IPLSng">283.818666666667</dst>
            <dst id="KSCYng">330.365333333333</dst>
            <dst id="LOSAng">610.528</dst>
            <dst id="NYCMng">135.272</dst>
            <dst id="SNVAng">194.778666666667</dst>
            <dst id="STTLng">169.493333333333</dst>
            <dst id="WASHng">2942.85866666667</dst>
        </src>
        <src id="ATLAng">
            <dst id="ATLA-M5">178.6</dst>
            <dst id="ATLAng">26681.08</dst>
            <dst id="CHINng">14848.7866666667</dst>
            <dst id="DNVRng">4783.53866666667</dst>
            <dst id="HSTNng">1683.45333333333</dst>
            <dst id="IPLSng">20084.5466666667</dst>
            <dst id="KSCYng">2741.976</dst>
            <dst id="LOSAng">16774.0266666667</dst>
            <dst id="NYCMng">10475.968</dst>
            <dst id="SNVAng">648.752</dst>
            <dst id="STTLng">4959.86666666667</dst>
            <dst id="WASHng">123312.674666667</dst>
        </src>
        <src id="CHINng">
            <dst id="ATLA-M5">140.413333333333</dst>
            <dst id="ATLAng">12189.392</dst>
            <dst id="CHINng">45356.6613333333</dst>
            <dst id="DNVRng">4123.61066666667</dst>
            <dst id="HSTNng">4567.44</dst>
            <dst id="IPLSng">24958.9573333333</dst>
            <dst id="KSCYng">3479.94933333333</dst>
            <dst id="LOSAng">20321.216</dst>
            <dst id="NYCMng">4259.672</dst>
            <dst id="SNVAng">1570.94933333333</dst>
            <dst id="STTLng">7472.91733333333</dst>
            <dst id="WASHng">12694.9946666667</dst>
        </src>
        <src id="DNVRng">
            <dst id="ATLA-M5">80</dst>
            <dst id="ATLAng">8917.664</dst>
            <dst id="CHINng">63912.584</dst>
            <dst id="DNVRng">3599.18133333333</dst>
            <dst id="HSTNng">11828.792</dst>
            <dst id="IPLSng">25978.848</dst>
            <dst id="KSCYng">8883.68</dst>
            <dst id="LOSAng">5397.86666666667</dst>
            <dst id="NYCMng">20064.3093333333</dst>
            <dst id="SNVAng">6029.23466666667</dst>
            <dst id="STTLng">3338.784</dst>
            <dst id="WASHng">40694.3573333333</dst>
        </src>
        <src id="HSTNng">
            <dst id="ATLA-M5">2748.21333333333</dst>
            <dst id="ATLAng">2297.73866666667</dst>
            <dst id="CHINng">39682.2533333333</dst>
            <dst id="DNVRng">4034.32533333333</dst>
            <dst id="HSTNng">2565.17066666667</dst>
            <dst id="IPLSng">3688.30133333333</dst>
            <dst id="KSCYng">2810.776</dst>
            <dst id="LOSAng">8772.288</dst>
            <dst id="NYCMng">7988.18133333333</dst>
            <dst id="SNVAng">1394.80266666667</dst>
            <dst id="STTLng">1497.89866666667</dst>
            <dst id="WASHng">5825.464</dst>
        </src>
        <src id="IPLSng">
            <dst id="ATLA-M5">356.064</dst>
            <dst id="ATLAng">22400.984</dst>
            <dst id="CHINng">112091.669333333</dst>
            <dst id="DNVRng">23292.568</dst>
            <dst id="HSTNng">2537.128</dst>
            <dst id="IPLSng">24385.288</dst>
            <dst id="KSCYng">8542.66933333334</dst>
            <dst id="LOSAng">75644.7866666667</dst>
            <dst id="NYCMng">32675.2506666667</dst>
            <dst id="SNVAng">6489.48</dst>
            <dst id="STTLng">10556.096</dst>
            <dst id="WASHng">50933.4933333333</dst>
        </src>
        <src id="KSCYng">
            <dst id="ATLA-M5">8667.352</dst>
            <dst id="ATLAng">4454.368</dst>
            <dst id="CHINng">44110.2773333333</dst>
            <dst id="DNVRng">9276.30666666667</dst>
            <dst id="HSTNng">3075.872</dst>
            <dst id="IPLSng">6773.856</dst>
            <dst id="KSCYng">5758.45066666667</dst>
            <dst id="LOSAng">5919.21333333333</dst>
            <dst id="NYCMng">7103.98933333333</dst>
            <dst id="SNVAng">1810.272</dst>
            <dst id="STTLng">4938.38666666667</dst>
            <dst id="WASHng">7940.144</dst>
        </src>
        <src id="LOSAng">
            <dst id="ATLA-M5">153.082666666667</dst>
            <dst id="ATLAng">13418.904</dst>
            <dst id="CHINng">146619.592</dst>
            <dst id="DNVRng">10822.864</dst>
            <dst id="HSTNng">3474.01333333333</dst>
            <dst id="IPLSng">35060.1226666667</dst>
            <dst id="KSCYng">5057.48</dst>
            <dst id="LOSAng">15047.6613333333</dst>
            <dst id="NYCMng">50430.352</dst>
            <dst id="SNVAng">7992.79466666667</dst>
            <dst id="STTLng">26432.2986666667</dst>
            <dst id="WASHng">59989.1146666667</dst>
        </src>
        <src id="NYCMng">
            <dst id="ATLA-M5">512.093333333333</dst>
            <dst id="ATLAng">31601.4853333333</dst>
            <dst id="CHINng">64249.392</dst>
            <dst id="DNVRng">26936.9813333333</dst>
            <dst id="HSTNng">16429.296</dst>
            <dst id="IPLSng">43149.328</dst>
            <dst id="KSCYng">13271.0186666667</dst>
            <dst id="LOSAng">57114</dst>
            <dst id="NYCMng">139800.368</dst>
            <dst id="SNVAng">9107.52266666667</dst>
            <dst id="STTLng">21359.08</dst>
            <dst id="WASHng">72555.9786666667</dst>
        </src>
        <src id="SNVAng">
            <dst id="ATLA-M5">212.552</dst>
            <dst id="ATLAng">418.069333333333</dst>
            <dst id="CHINng">6142.58933333333</dst>
            <dst id="DNVRng">3130.25333333333</dst>
            <dst id="HSTNng">440.365333333333</dst>
            <dst id="IPLSng">945.437333333333</dst>
            <dst id="KSCYng">581.12</dst>
            <dst id="LOSAng">21680.288</dst>
            <dst id="NYCMng">1907.816</dst>
            <dst id="SNVAng">17101.496</dst>
            <dst id="STTLng">52526.4426666667</dst>
            <dst id="WASHng">1118.75466666667</dst>
        </src>
        <src id="STTLng">
            <dst id="ATLA-M5">98.72</dst>
            <dst id="ATLAng">9146.456</dst>
            <dst id="CHINng">75699.5093333333</dst>
            <dst id="DNVRng">4420.25866666667</dst>
            <dst id="HSTNng">1743.56533333333</dst>
            <dst id="IPLSng">6001.06933333333</dst>
            <dst id="KSCYng">3346.86933333333</dst>
            <dst id="LOSAng">19395.8986666667</dst>
            <dst id="NYCMng">17147.1066666667</dst>
            <dst id="SNVAng">10008.6986666667</dst>
            <dst id="STTLng">7879.57333333333</dst>
            <dst id="WASHng">9276.02133333333</dst>
        </src>
        <src id="WASHng">
            <dst id="ATLA-M5">1160.72</dst>
            <dst id="ATLAng">141617.378666667</dst>
            <dst id="CHINng">65868.648</dst>
            <dst id="DNVRng">52930.0586666667</dst>
            <dst id="HSTNng">15466.632</dst>
            <dst id="IPLSng">44460.5013333333</dst>
            <dst id="KSCYng">8244.472</dst>
            <dst id="LOSAng">57017.48</dst>
            <dst id="NYCMng">153876.210666667</dst>
            <dst id="SNVAng">10945.088</dst>
            <dst id="STTLng">34925.1146666667</dst>
            <dst id="WASHng">328672.453333333</dst>
        </src>
    </IntraTM>
</TrafficMatrixFile>
