<?xml version="1.0" encoding="ISO-8859-1" standalone="yes"?>
<TrafficMatrixFile xsi:noNamespaceSchemaLocation="http://totem.run.montefiore.ulg.ac.be/Schema/TrafficMatrix-v1_2.xsd" xmlns:xsi="http://www.w3.org/2001/XMLSchema-instance">
    <IntraTM ASID="11537">
        <src id="ATLA-M5">
            <dst id="ATLA-M5">0</dst>
            <dst id="ATLAng">286.432</dst>
            <dst id="CHINng">933.650666666667</dst>
            <dst id="DNVRng">234.786666666667</dst>
            <dst id="HSTNng">458.813333333333</dst>
            <dst id="IPLSng">812.997333333333</dst>
            <dst id="KSCYng">266.293333333333</dst>
            <dst id="LOSAng">1229.44</dst>
            <dst id="NYCMng">263.829333333333</dst>
            <dst id="SNVAng">424.088</dst>
            <dst id="STTLng">476.432</dst>
            <dst id="WASHng">1098.10666666667</dst>
        </src>
        <src id="ATLAng">
            <dst id="ATLA-M5">875.714666666666</dst>
            <dst id="ATLAng">36664.3093333333</dst>
            <dst id="CHINng">21938.176</dst>
            <dst id="DNVRng">5947.248</dst>
            <dst id="HSTNng">12865.1386666667</dst>
            <dst id="IPLSng">25313.64</dst>
            <dst id="KSCYng">5665.824</dst>
            <dst id="LOSAng">15799.648</dst>
            <dst id="NYCMng">17220.648</dst>
            <dst id="SNVAng">3619.26666666667</dst>
            <dst id="STTLng">7585.62133333333</dst>
            <dst id="WASHng">56308.6986666667</dst>
        </src>
        <src id="CHINng">
            <dst id="ATLA-M5">1205.912</dst>
            <dst id="ATLAng">19733.8</dst>
            <dst id="CHINng">37437.904</dst>
            <dst id="DNVRng">15725.192</dst>
            <dst id="HSTNng">10113.7226666667</dst>
            <dst id="IPLSng">38394.52</dst>
            <dst id="KSCYng">10704.2346666667</dst>
            <dst id="LOSAng">22229.4853333333</dst>
            <dst id="NYCMng">8184.512</dst>
            <dst id="SNVAng">1737.19733333333</dst>
            <dst id="STTLng">6276.97066666667</dst>
            <dst id="WASHng">12289.384</dst>
        </src>
        <src id="DNVRng">
            <dst id="ATLA-M5">247.570666666667</dst>
            <dst id="ATLAng">4209.15466666667</dst>
            <dst id="CHINng">39889.7706666667</dst>
            <dst id="DNVRng">8115.416</dst>
            <dst id="HSTNng">7826.832</dst>
            <dst id="IPLSng">7362.38933333333</dst>
            <dst id="KSCYng">17331.3413333333</dst>
            <dst id="LOSAng">22997.0853333333</dst>
            <dst id="NYCMng">13309.112</dst>
            <dst id="SNVAng">12836.0266666667</dst>
            <dst id="STTLng">15010.3973333333</dst>
            <dst id="WASHng">16907.9973333333</dst>
        </src>
        <src id="HSTNng">
            <dst id="ATLA-M5">3334.176</dst>
            <dst id="ATLAng">3856.256</dst>
            <dst id="CHINng">22635.8986666667</dst>
            <dst id="DNVRng">2757.48533333333</dst>
            <dst id="HSTNng">7621.01866666667</dst>
            <dst id="IPLSng">11549.7253333333</dst>
            <dst id="KSCYng">5501.12266666667</dst>
            <dst id="LOSAng">66373.888</dst>
            <dst id="NYCMng">4234.30666666667</dst>
            <dst id="SNVAng">2659.408</dst>
            <dst id="STTLng">4884.54133333333</dst>
            <dst id="WASHng">8600.84</dst>
        </src>
        <src id="IPLSng">
            <dst id="ATLA-M5">848.184</dst>
            <dst id="ATLAng">17807.6746666667</dst>
            <dst id="CHINng">97297.4586666667</dst>
            <dst id="DNVRng">11444.36</dst>
            <dst id="HSTNng">8199.07733333333</dst>
            <dst id="IPLSng">25295.1573333333</dst>
            <dst id="KSCYng">15123.0853333333</dst>
            <dst id="LOSAng">22974.7093333333</dst>
            <dst id="NYCMng">32335.4133333333</dst>
            <dst id="SNVAng">7652.44</dst>
            <dst id="STTLng">16283.3813333333</dst>
            <dst id="WASHng">40987.6373333333</dst>
        </src>
        <src id="KSCYng">
            <dst id="ATLA-M5">566.650666666667</dst>
            <dst id="ATLAng">9526.52533333333</dst>
            <dst id="CHINng">36507.9493333333</dst>
            <dst id="DNVRng">14693.5226666667</dst>
            <dst id="HSTNng">4751.18933333333</dst>
            <dst id="IPLSng">13341.344</dst>
            <dst id="KSCYng">10609.032</dst>
            <dst id="LOSAng">10632.1413333333</dst>
            <dst id="NYCMng">6735.944</dst>
            <dst id="SNVAng">1123.37866666667</dst>
            <dst id="STTLng">4031.00533333333</dst>
            <dst id="WASHng">13474.64</dst>
        </src>
        <src id="LOSAng">
            <dst id="ATLA-M5">160.285333333333</dst>
            <dst id="ATLAng">13500.576</dst>
            <dst id="CHINng">103544.146666667</dst>
            <dst id="DNVRng">12062.0186666667</dst>
            <dst id="HSTNng">18656.2026666667</dst>
            <dst id="IPLSng">45965.8213333333</dst>
            <dst id="KSCYng">11936.3946666667</dst>
            <dst id="LOSAng">16395.904</dst>
            <dst id="NYCMng">52157.624</dst>
            <dst id="SNVAng">2271.81333333333</dst>
            <dst id="STTLng">32810.4613333333</dst>
            <dst id="WASHng">60505.7973333333</dst>
        </src>
        <src id="NYCMng">
            <dst id="ATLA-M5">2310.6</dst>
            <dst id="ATLAng">28907.584</dst>
            <dst id="CHINng">62357.3893333333</dst>
            <dst id="DNVRng">18023.0853333333</dst>
            <dst id="HSTNng">39704.7973333333</dst>
            <dst id="IPLSng">61712.2213333333</dst>
            <dst id="KSCYng">26289.6906666667</dst>
            <dst id="LOSAng">74341.4026666667</dst>
            <dst id="NYCMng">128739.413333333</dst>
            <dst id="SNVAng">7616.28266666667</dst>
            <dst id="STTLng">25417.568</dst>
            <dst id="WASHng">65711.6213333333</dst>
        </src>
        <src id="SNVAng">
            <dst id="ATLA-M5">112.232</dst>
            <dst id="ATLAng">843.653333333333</dst>
            <dst id="CHINng">7434.50933333333</dst>
            <dst id="DNVRng">12360.9546666667</dst>
            <dst id="HSTNng">1542.24533333333</dst>
            <dst id="IPLSng">4009.99466666667</dst>
            <dst id="KSCYng">1159.47466666667</dst>
            <dst id="LOSAng">1838.09333333333</dst>
            <dst id="NYCMng">4389.52</dst>
            <dst id="SNVAng">856.093333333333</dst>
            <dst id="STTLng">3353.52533333333</dst>
            <dst id="WASHng">2523.31466666667</dst>
        </src>
        <src id="STTLng">
            <dst id="ATLA-M5">66.0053333333333</dst>
            <dst id="ATLAng">15460.088</dst>
            <dst id="CHINng">43669.6693333333</dst>
            <dst id="DNVRng">6099.37066666667</dst>
            <dst id="HSTNng">2857.66933333333</dst>
            <dst id="IPLSng">9746.656</dst>
            <dst id="KSCYng">3548.65866666667</dst>
            <dst id="LOSAng">24130.568</dst>
            <dst id="NYCMng">16855.472</dst>
            <dst id="SNVAng">6701.22133333333</dst>
            <dst id="STTLng">7086.816</dst>
            <dst id="WASHng">9203.82666666667</dst>
        </src>
        <src id="WASHng">
            <dst id="ATLA-M5">2431.78933333333</dst>
            <dst id="ATLAng">97086.664</dst>
            <dst id="CHINng">84410.432</dst>
            <dst id="DNVRng">40983.208</dst>
            <dst id="HSTNng">13940.5173333333</dst>
            <dst id="IPLSng">57879.1866666667</dst>
            <dst id="KSCYng">16038.728</dst>
            <dst id="LOSAng">76592.9466666666</dst>
            <dst id="NYCMng">150004.096</dst>
            <dst id="SNVAng">4398.02133333333</dst>
            <dst id="STTLng">37194.1866666667</dst>
            <dst id="WASHng">246378.232</dst>
        </src>
    </IntraTM>
</TrafficMatrixFile>
