<?xml version="1.0" encoding="ISO-8859-1" standalone="yes"?>
<TrafficMatrixFile xsi:noNamespaceSchemaLocation="http://totem.run.montefiore.ulg.ac.be/Schema/TrafficMatrix-v1_2.xsd" xmlns:xsi="http://www.w3.org/2001/XMLSchema-instance">
    <IntraTM ASID="11537">
        <src id="ATLA-M5">
            <dst id="ATLA-M5">353.474666666667</dst>
            <dst id="ATLAng">1058.93866666667</dst>
            <dst id="CHINng">1553.96266666667</dst>
            <dst id="DNVRng">417.266666666667</dst>
            <dst id="HSTNng">382.818666666667</dst>
            <dst id="IPLSng">1819.05866666667</dst>
            <dst id="KSCYng">652.149333333333</dst>
            <dst id="LOSAng">451.125333333333</dst>
            <dst id="NYCMng">2427.36266666667</dst>
            <dst id="SNVAng">107.12</dst>
            <dst id="STTLng">179.394666666667</dst>
            <dst id="WASHng">2648.56533333333</dst>
        </src>
        <src id="ATLAng">
            <dst id="ATLA-M5">1556.06933333333</dst>
            <dst id="ATLAng">27853.5466666667</dst>
            <dst id="CHINng">66858.0773333333</dst>
            <dst id="DNVRng">18076.0773333333</dst>
            <dst id="HSTNng">9887.50933333333</dst>
            <dst id="IPLSng">39457.0373333333</dst>
            <dst id="KSCYng">21556.6533333333</dst>
            <dst id="LOSAng">22219.344</dst>
            <dst id="NYCMng">25492.0586666667</dst>
            <dst id="SNVAng">2856.51733333333</dst>
            <dst id="STTLng">8138.416</dst>
            <dst id="WASHng">95259.0746666667</dst>
        </src>
        <src id="CHINng">
            <dst id="ATLA-M5">3393.11733333333</dst>
            <dst id="ATLAng">37694.1893333333</dst>
            <dst id="CHINng">68047.8293333333</dst>
            <dst id="DNVRng">14661.496</dst>
            <dst id="HSTNng">11737.248</dst>
            <dst id="IPLSng">32368.2933333333</dst>
            <dst id="KSCYng">11967.1786666667</dst>
            <dst id="LOSAng">25285.008</dst>
            <dst id="NYCMng">12610.752</dst>
            <dst id="SNVAng">7163.536</dst>
            <dst id="STTLng">21669.6213333333</dst>
            <dst id="WASHng">22410.8586666667</dst>
        </src>
        <src id="DNVRng">
            <dst id="ATLA-M5">426.762666666667</dst>
            <dst id="ATLAng">13970.464</dst>
            <dst id="CHINng">65955.376</dst>
            <dst id="DNVRng">13809.5333333333</dst>
            <dst id="HSTNng">16104.5706666667</dst>
            <dst id="IPLSng">34723.296</dst>
            <dst id="KSCYng">26432.264</dst>
            <dst id="LOSAng">25439.2053333333</dst>
            <dst id="NYCMng">30523.3386666667</dst>
            <dst id="SNVAng">16783.5066666667</dst>
            <dst id="STTLng">15112.2986666667</dst>
            <dst id="WASHng">52075.4586666667</dst>
        </src>
        <src id="HSTNng">
            <dst id="ATLA-M5">1584.12533333333</dst>
            <dst id="ATLAng">5966.6</dst>
            <dst id="CHINng">33288.3573333333</dst>
            <dst id="DNVRng">7241.144</dst>
            <dst id="HSTNng">11858.4133333333</dst>
            <dst id="IPLSng">15283.5786666667</dst>
            <dst id="KSCYng">5925.744</dst>
            <dst id="LOSAng">97690.4</dst>
            <dst id="NYCMng">6753.76266666667</dst>
            <dst id="SNVAng">3182.552</dst>
            <dst id="STTLng">4057.92</dst>
            <dst id="WASHng">15076.896</dst>
        </src>
        <src id="IPLSng">
            <dst id="ATLA-M5">1467.21866666667</dst>
            <dst id="ATLAng">24493.584</dst>
            <dst id="CHINng">155613.528</dst>
            <dst id="DNVRng">36354.5226666667</dst>
            <dst id="HSTNng">6688.68533333333</dst>
            <dst id="IPLSng">39160.44</dst>
            <dst id="KSCYng">27202.1653333333</dst>
            <dst id="LOSAng">164796.941333333</dst>
            <dst id="NYCMng">86883.2746666667</dst>
            <dst id="SNVAng">11706.656</dst>
            <dst id="STTLng">14882.232</dst>
            <dst id="WASHng">44889.968</dst>
        </src>
        <src id="KSCYng">
            <dst id="ATLA-M5">592.693333333333</dst>
            <dst id="ATLAng">22412.424</dst>
            <dst id="CHINng">49085.144</dst>
            <dst id="DNVRng">19416.5173333333</dst>
            <dst id="HSTNng">7883.66933333334</dst>
            <dst id="IPLSng">14758.5173333333</dst>
            <dst id="KSCYng">5024.272</dst>
            <dst id="LOSAng">8377.14133333333</dst>
            <dst id="NYCMng">10746.0053333333</dst>
            <dst id="SNVAng">1344.84266666667</dst>
            <dst id="STTLng">3014.56</dst>
            <dst id="WASHng">17404.6373333333</dst>
        </src>
        <src id="LOSAng">
            <dst id="ATLA-M5">2209.38133333333</dst>
            <dst id="ATLAng">28156.256</dst>
            <dst id="CHINng">138361.930666667</dst>
            <dst id="DNVRng">30615.552</dst>
            <dst id="HSTNng">16463.744</dst>
            <dst id="IPLSng">65138.1946666667</dst>
            <dst id="KSCYng">8816.81333333333</dst>
            <dst id="LOSAng">10804.48</dst>
            <dst id="NYCMng">64217.44</dst>
            <dst id="SNVAng">13752.4186666667</dst>
            <dst id="STTLng">35661.2986666667</dst>
            <dst id="WASHng">71510.5333333333</dst>
        </src>
        <src id="NYCMng">
            <dst id="ATLA-M5">5306.23466666667</dst>
            <dst id="ATLAng">56037.4373333333</dst>
            <dst id="CHINng">87184.288</dst>
            <dst id="DNVRng">49399.2</dst>
            <dst id="HSTNng">38955.7333333333</dst>
            <dst id="IPLSng">97233.3413333333</dst>
            <dst id="KSCYng">42236.712</dst>
            <dst id="LOSAng">89785.7093333334</dst>
            <dst id="NYCMng">147063.672</dst>
            <dst id="SNVAng">13565.0133333333</dst>
            <dst id="STTLng">30964.0773333333</dst>
            <dst id="WASHng">110090.306666667</dst>
        </src>
        <src id="SNVAng">
            <dst id="ATLA-M5">255.248</dst>
            <dst id="ATLAng">727.458666666667</dst>
            <dst id="CHINng">6213.93866666667</dst>
            <dst id="DNVRng">20393.5813333333</dst>
            <dst id="HSTNng">2126.69866666667</dst>
            <dst id="IPLSng">3373.81866666667</dst>
            <dst id="KSCYng">1652.85066666667</dst>
            <dst id="LOSAng">44071.808</dst>
            <dst id="NYCMng">2442.38133333333</dst>
            <dst id="SNVAng">25459.672</dst>
            <dst id="STTLng">69240.312</dst>
            <dst id="WASHng">3599.08</dst>
        </src>
        <src id="STTLng">
            <dst id="ATLA-M5">189.464</dst>
            <dst id="ATLAng">17536.8613333333</dst>
            <dst id="CHINng">85167.4586666667</dst>
            <dst id="DNVRng">10995.2426666667</dst>
            <dst id="HSTNng">8248.31733333334</dst>
            <dst id="IPLSng">42251.2133333333</dst>
            <dst id="KSCYng">6437.15466666667</dst>
            <dst id="LOSAng">41738.7173333333</dst>
            <dst id="NYCMng">31236.952</dst>
            <dst id="SNVAng">12010.656</dst>
            <dst id="STTLng">3227.768</dst>
            <dst id="WASHng">20786.1493333333</dst>
        </src>
        <src id="WASHng">
            <dst id="ATLA-M5">1047.68266666667</dst>
            <dst id="ATLAng">117115.992</dst>
            <dst id="CHINng">121937.258666667</dst>
            <dst id="DNVRng">86796.5333333333</dst>
            <dst id="HSTNng">47015.6746666667</dst>
            <dst id="IPLSng">104775.264</dst>
            <dst id="KSCYng">33502.928</dst>
            <dst id="LOSAng">103788.293333333</dst>
            <dst id="NYCMng">223551.256</dst>
            <dst id="SNVAng">12278.816</dst>
            <dst id="STTLng">50549.4586666667</dst>
            <dst id="WASHng">320845.92</dst>
        </src>
    </IntraTM>
</TrafficMatrixFile>
