<?xml version="1.0" encoding="ISO-8859-1" standalone="yes"?>
<TrafficMatrixFile xsi:noNamespaceSchemaLocation="http://totem.run.montefiore.ulg.ac.be/Schema/TrafficMatrix-v1_2.xsd" xmlns:xsi="http://www.w3.org/2001/XMLSchema-instance">
    <IntraTM ASID="11537">
        <src id="ATLA-M5">
            <dst id="ATLA-M5">26.6666666666667</dst>
            <dst id="ATLAng">1194.25066666667</dst>
            <dst id="CHINng">1151.86933333333</dst>
            <dst id="DNVRng">53.3333333333333</dst>
            <dst id="HSTNng">165.016</dst>
            <dst id="IPLSng">1253.24533333333</dst>
            <dst id="KSCYng">241.130666666667</dst>
            <dst id="LOSAng">219.357333333333</dst>
            <dst id="NYCMng">813.213333333333</dst>
            <dst id="SNVAng">26.6666666666667</dst>
            <dst id="STTLng">223.333333333333</dst>
            <dst id="WASHng">2563.37066666667</dst>
        </src>
        <src id="ATLAng">
            <dst id="ATLA-M5">359.730666666667</dst>
            <dst id="ATLAng">27089.864</dst>
            <dst id="CHINng">30004.1973333333</dst>
            <dst id="DNVRng">7933.69066666667</dst>
            <dst id="HSTNng">2267.64266666667</dst>
            <dst id="IPLSng">26061.1466666667</dst>
            <dst id="KSCYng">4054.63733333333</dst>
            <dst id="LOSAng">11472.2746666667</dst>
            <dst id="NYCMng">15841.0826666667</dst>
            <dst id="SNVAng">1334.408</dst>
            <dst id="STTLng">4900.06933333333</dst>
            <dst id="WASHng">89916.0933333333</dst>
        </src>
        <src id="CHINng">
            <dst id="ATLA-M5">185.576</dst>
            <dst id="ATLAng">22702.3253333333</dst>
            <dst id="CHINng">47259.1013333333</dst>
            <dst id="DNVRng">6150.16533333333</dst>
            <dst id="HSTNng">15003.8906666667</dst>
            <dst id="IPLSng">18255.3973333333</dst>
            <dst id="KSCYng">7603.26133333333</dst>
            <dst id="LOSAng">31577.0746666667</dst>
            <dst id="NYCMng">6168.61866666667</dst>
            <dst id="SNVAng">2327.304</dst>
            <dst id="STTLng">6042.632</dst>
            <dst id="WASHng">11489.472</dst>
        </src>
        <src id="DNVRng">
            <dst id="ATLA-M5">36.7493333333333</dst>
            <dst id="ATLAng">13007.272</dst>
            <dst id="CHINng">73743.7066666667</dst>
            <dst id="DNVRng">19531.6453333333</dst>
            <dst id="HSTNng">12659.8586666667</dst>
            <dst id="IPLSng">29011.9893333333</dst>
            <dst id="KSCYng">17838.6826666667</dst>
            <dst id="LOSAng">6932.51466666667</dst>
            <dst id="NYCMng">24335.6213333333</dst>
            <dst id="SNVAng">10562.488</dst>
            <dst id="STTLng">12613.36</dst>
            <dst id="WASHng">59353.392</dst>
        </src>
        <src id="HSTNng">
            <dst id="ATLA-M5">3873.832</dst>
            <dst id="ATLAng">4903.78133333333</dst>
            <dst id="CHINng">35634.7173333333</dst>
            <dst id="DNVRng">3701.46133333333</dst>
            <dst id="HSTNng">4239.40533333333</dst>
            <dst id="IPLSng">14611.7813333333</dst>
            <dst id="KSCYng">1356.02666666667</dst>
            <dst id="LOSAng">4105.40266666667</dst>
            <dst id="NYCMng">4802.304</dst>
            <dst id="SNVAng">1836.26666666667</dst>
            <dst id="STTLng">2539.464</dst>
            <dst id="WASHng">5336.224</dst>
        </src>
        <src id="IPLSng">
            <dst id="ATLA-M5">182.141333333333</dst>
            <dst id="ATLAng">23060.3573333333</dst>
            <dst id="CHINng">125334.92</dst>
            <dst id="DNVRng">21034.9946666667</dst>
            <dst id="HSTNng">5536.48266666667</dst>
            <dst id="IPLSng">37442.392</dst>
            <dst id="KSCYng">10848.528</dst>
            <dst id="LOSAng">52284.7973333333</dst>
            <dst id="NYCMng">29373.4133333333</dst>
            <dst id="SNVAng">3205.90666666667</dst>
            <dst id="STTLng">14769.8186666667</dst>
            <dst id="WASHng">72403.8373333333</dst>
        </src>
        <src id="KSCYng">
            <dst id="ATLA-M5">227.709333333333</dst>
            <dst id="ATLAng">5861.888</dst>
            <dst id="CHINng">45824.1146666667</dst>
            <dst id="DNVRng">8128.42933333333</dst>
            <dst id="HSTNng">9734.89866666667</dst>
            <dst id="IPLSng">20670.824</dst>
            <dst id="KSCYng">12397.1946666667</dst>
            <dst id="LOSAng">4718.54133333333</dst>
            <dst id="NYCMng">7070.30133333333</dst>
            <dst id="SNVAng">1412.816</dst>
            <dst id="STTLng">3630.82933333333</dst>
            <dst id="WASHng">11678.92</dst>
        </src>
        <src id="LOSAng">
            <dst id="ATLA-M5">507.445333333333</dst>
            <dst id="ATLAng">16375.3173333333</dst>
            <dst id="CHINng">154325.402666667</dst>
            <dst id="DNVRng">17187.944</dst>
            <dst id="HSTNng">4457.14666666667</dst>
            <dst id="IPLSng">42902.0133333333</dst>
            <dst id="KSCYng">6153.75733333333</dst>
            <dst id="LOSAng">14006.6853333333</dst>
            <dst id="NYCMng">56881.312</dst>
            <dst id="SNVAng">7347.42933333333</dst>
            <dst id="STTLng">25883.992</dst>
            <dst id="WASHng">66049.6853333333</dst>
        </src>
        <src id="NYCMng">
            <dst id="ATLA-M5">502.597333333333</dst>
            <dst id="ATLAng">48950.8586666667</dst>
            <dst id="CHINng">66931.24</dst>
            <dst id="DNVRng">26956.2533333333</dst>
            <dst id="HSTNng">15795.864</dst>
            <dst id="IPLSng">63532.936</dst>
            <dst id="KSCYng">18441.432</dst>
            <dst id="LOSAng">57466.5413333333</dst>
            <dst id="NYCMng">171601.514666667</dst>
            <dst id="SNVAng">10177.72</dst>
            <dst id="STTLng">28532.0213333333</dst>
            <dst id="WASHng">82549.1706666667</dst>
        </src>
        <src id="SNVAng">
            <dst id="ATLA-M5">0</dst>
            <dst id="ATLAng">507.658666666667</dst>
            <dst id="CHINng">5979.72533333333</dst>
            <dst id="DNVRng">8719.92533333333</dst>
            <dst id="HSTNng">333.274666666667</dst>
            <dst id="IPLSng">1464.216</dst>
            <dst id="KSCYng">782.016</dst>
            <dst id="LOSAng">30919.6746666667</dst>
            <dst id="NYCMng">2891.57866666667</dst>
            <dst id="SNVAng">13983.1626666667</dst>
            <dst id="STTLng">59484.184</dst>
            <dst id="WASHng">626.024</dst>
        </src>
        <src id="STTLng">
            <dst id="ATLA-M5">349.64</dst>
            <dst id="ATLAng">10227.7706666667</dst>
            <dst id="CHINng">72919.8906666667</dst>
            <dst id="DNVRng">1848.52533333333</dst>
            <dst id="HSTNng">3080.32</dst>
            <dst id="IPLSng">18797.8933333333</dst>
            <dst id="KSCYng">3061.78666666667</dst>
            <dst id="LOSAng">19918.896</dst>
            <dst id="NYCMng">27822.0853333333</dst>
            <dst id="SNVAng">7005.67733333333</dst>
            <dst id="STTLng">12621.8213333333</dst>
            <dst id="WASHng">13238.024</dst>
        </src>
        <src id="WASHng">
            <dst id="ATLA-M5">200.842666666667</dst>
            <dst id="ATLAng">130822.306666667</dst>
            <dst id="CHINng">84321.7013333333</dst>
            <dst id="DNVRng">57312.1546666667</dst>
            <dst id="HSTNng">16613.144</dst>
            <dst id="IPLSng">62683.6133333333</dst>
            <dst id="KSCYng">23065.528</dst>
            <dst id="LOSAng">71317.496</dst>
            <dst id="NYCMng">183580.029333333</dst>
            <dst id="SNVAng">1926.208</dst>
            <dst id="STTLng">28942.4</dst>
            <dst id="WASHng">364439.866666667</dst>
        </src>
    </IntraTM>
</TrafficMatrixFile>
