<?xml version="1.0" encoding="ISO-8859-1" standalone="yes"?>
<TrafficMatrixFile xsi:noNamespaceSchemaLocation="http://totem.run.montefiore.ulg.ac.be/Schema/TrafficMatrix-v1_2.xsd" xmlns:xsi="http://www.w3.org/2001/XMLSchema-instance">
    <IntraTM ASID="11537">
        <src id="ATLA-M5">
            <dst id="ATLA-M5">26.6666666666667</dst>
            <dst id="ATLAng">602.394666666667</dst>
            <dst id="CHINng">2208.94133333333</dst>
            <dst id="DNVRng">174.096</dst>
            <dst id="HSTNng">166.661333333333</dst>
            <dst id="IPLSng">862.274666666667</dst>
            <dst id="KSCYng">338.482666666667</dst>
            <dst id="LOSAng">818.682666666666</dst>
            <dst id="NYCMng">833.034666666667</dst>
            <dst id="SNVAng">307.4</dst>
            <dst id="STTLng">139.389333333333</dst>
            <dst id="WASHng">3578.89066666667</dst>
        </src>
        <src id="ATLAng">
            <dst id="ATLA-M5">711.573333333333</dst>
            <dst id="ATLAng">18888.8453333333</dst>
            <dst id="CHINng">23724.5946666667</dst>
            <dst id="DNVRng">8414.208</dst>
            <dst id="HSTNng">4790.04266666667</dst>
            <dst id="IPLSng">19026.1653333333</dst>
            <dst id="KSCYng">4182.912</dst>
            <dst id="LOSAng">16232.6133333333</dst>
            <dst id="NYCMng">15612.528</dst>
            <dst id="SNVAng">3256.08266666667</dst>
            <dst id="STTLng">5814.296</dst>
            <dst id="WASHng">85115.3066666667</dst>
        </src>
        <src id="CHINng">
            <dst id="ATLA-M5">507.421333333333</dst>
            <dst id="ATLAng">13801.4933333333</dst>
            <dst id="CHINng">58250.92</dst>
            <dst id="DNVRng">14930.392</dst>
            <dst id="HSTNng">14439.3893333333</dst>
            <dst id="IPLSng">23395.016</dst>
            <dst id="KSCYng">10762.5146666667</dst>
            <dst id="LOSAng">34535.3733333333</dst>
            <dst id="NYCMng">7229.536</dst>
            <dst id="SNVAng">2748.864</dst>
            <dst id="STTLng">5793.30666666667</dst>
            <dst id="WASHng">13666.344</dst>
        </src>
        <src id="DNVRng">
            <dst id="ATLA-M5">282.048</dst>
            <dst id="ATLAng">7411.928</dst>
            <dst id="CHINng">65164.448</dst>
            <dst id="DNVRng">17994.136</dst>
            <dst id="HSTNng">13234.9893333333</dst>
            <dst id="IPLSng">35376.816</dst>
            <dst id="KSCYng">15806.496</dst>
            <dst id="LOSAng">8281.21866666667</dst>
            <dst id="NYCMng">16918.8186666667</dst>
            <dst id="SNVAng">13176.6506666667</dst>
            <dst id="STTLng">8860.76</dst>
            <dst id="WASHng">53221.72</dst>
        </src>
        <src id="HSTNng">
            <dst id="ATLA-M5">3682.392</dst>
            <dst id="ATLAng">4040.312</dst>
            <dst id="CHINng">33511.448</dst>
            <dst id="DNVRng">2726.50666666667</dst>
            <dst id="HSTNng">8709.848</dst>
            <dst id="IPLSng">10376.7173333333</dst>
            <dst id="KSCYng">1968.04</dst>
            <dst id="LOSAng">13141.0186666667</dst>
            <dst id="NYCMng">7032.56533333333</dst>
            <dst id="SNVAng">762.477333333333</dst>
            <dst id="STTLng">5698.56533333333</dst>
            <dst id="WASHng">8154.28533333333</dst>
        </src>
        <src id="IPLSng">
            <dst id="ATLA-M5">1003.376</dst>
            <dst id="ATLAng">17438.0453333333</dst>
            <dst id="CHINng">124283.197333333</dst>
            <dst id="DNVRng">24320.28</dst>
            <dst id="HSTNng">4939.91733333333</dst>
            <dst id="IPLSng">21895</dst>
            <dst id="KSCYng">18487.04</dst>
            <dst id="LOSAng">23039.4</dst>
            <dst id="NYCMng">28556.28</dst>
            <dst id="SNVAng">6023.872</dst>
            <dst id="STTLng">12911.8586666667</dst>
            <dst id="WASHng">35751.9013333333</dst>
        </src>
        <src id="KSCYng">
            <dst id="ATLA-M5">429.973333333333</dst>
            <dst id="ATLAng">3593.432</dst>
            <dst id="CHINng">32942.312</dst>
            <dst id="DNVRng">7829.11733333333</dst>
            <dst id="HSTNng">4118.54133333333</dst>
            <dst id="IPLSng">10345.92</dst>
            <dst id="KSCYng">8803.648</dst>
            <dst id="LOSAng">10253.0693333333</dst>
            <dst id="NYCMng">8923.184</dst>
            <dst id="SNVAng">2187.56266666667</dst>
            <dst id="STTLng">3738.592</dst>
            <dst id="WASHng">10657.8826666667</dst>
        </src>
        <src id="LOSAng">
            <dst id="ATLA-M5">318.504</dst>
            <dst id="ATLAng">20338.2986666667</dst>
            <dst id="CHINng">160931.896</dst>
            <dst id="DNVRng">15674.0453333333</dst>
            <dst id="HSTNng">7508.51466666667</dst>
            <dst id="IPLSng">59089.2453333333</dst>
            <dst id="KSCYng">9415.312</dst>
            <dst id="LOSAng">29567.712</dst>
            <dst id="NYCMng">56456.4773333333</dst>
            <dst id="SNVAng">15615.376</dst>
            <dst id="STTLng">36144.8266666667</dst>
            <dst id="WASHng">65950.6373333333</dst>
        </src>
        <src id="NYCMng">
            <dst id="ATLA-M5">3168.96</dst>
            <dst id="ATLAng">28185.7386666667</dst>
            <dst id="CHINng">60714.264</dst>
            <dst id="DNVRng">35343.6773333333</dst>
            <dst id="HSTNng">31649.5226666667</dst>
            <dst id="IPLSng">48021.2986666667</dst>
            <dst id="KSCYng">20231.7626666667</dst>
            <dst id="LOSAng">82025.7573333333</dst>
            <dst id="NYCMng">142957.96</dst>
            <dst id="SNVAng">10465.296</dst>
            <dst id="STTLng">29370.0186666667</dst>
            <dst id="WASHng">84799.0026666667</dst>
        </src>
        <src id="SNVAng">
            <dst id="ATLA-M5">242.090666666667</dst>
            <dst id="ATLAng">669.712</dst>
            <dst id="CHINng">10712.2533333333</dst>
            <dst id="DNVRng">4565.10666666667</dst>
            <dst id="HSTNng">1460</dst>
            <dst id="IPLSng">1563.13866666667</dst>
            <dst id="KSCYng">871.293333333333</dst>
            <dst id="LOSAng">32461.4586666667</dst>
            <dst id="NYCMng">2285.416</dst>
            <dst id="SNVAng">13332.976</dst>
            <dst id="STTLng">56231.56</dst>
            <dst id="WASHng">1491.344</dst>
        </src>
        <src id="STTLng">
            <dst id="ATLA-M5">91.0373333333333</dst>
            <dst id="ATLAng">10100.2053333333</dst>
            <dst id="CHINng">69873.5253333333</dst>
            <dst id="DNVRng">5822.53333333333</dst>
            <dst id="HSTNng">2738.93333333333</dst>
            <dst id="IPLSng">8603.544</dst>
            <dst id="KSCYng">4715.57866666667</dst>
            <dst id="LOSAng">29060.0746666667</dst>
            <dst id="NYCMng">17500.5893333333</dst>
            <dst id="SNVAng">5044.904</dst>
            <dst id="STTLng">12475.9066666667</dst>
            <dst id="WASHng">7140.38933333333</dst>
        </src>
        <src id="WASHng">
            <dst id="ATLA-M5">1964.18133333333</dst>
            <dst id="ATLAng">86435.6586666666</dst>
            <dst id="CHINng">83538.1466666667</dst>
            <dst id="DNVRng">55958.6773333333</dst>
            <dst id="HSTNng">24969.8826666667</dst>
            <dst id="IPLSng">65561.4693333333</dst>
            <dst id="KSCYng">13528.0186666667</dst>
            <dst id="LOSAng">60558.168</dst>
            <dst id="NYCMng">159986.272</dst>
            <dst id="SNVAng">23398.0826666667</dst>
            <dst id="STTLng">39810.8426666667</dst>
            <dst id="WASHng">372043.306666667</dst>
        </src>
    </IntraTM>
</TrafficMatrixFile>
