<?xml version="1.0" encoding="ISO-8859-1" standalone="yes"?>
<TrafficMatrixFile xsi:noNamespaceSchemaLocation="http://totem.run.montefiore.ulg.ac.be/Schema/TrafficMatrix-v1_2.xsd" xmlns:xsi="http://www.w3.org/2001/XMLSchema-instance">
    <IntraTM ASID="11537">
        <src id="ATLA-M5">
            <dst id="ATLA-M5">58.952</dst>
            <dst id="ATLAng">251.306666666667</dst>
            <dst id="CHINng">1102.17866666667</dst>
            <dst id="DNVRng">0</dst>
            <dst id="HSTNng">122.389333333333</dst>
            <dst id="IPLSng">249.808</dst>
            <dst id="KSCYng">324.394666666667</dst>
            <dst id="LOSAng">971.248</dst>
            <dst id="NYCMng">169.216</dst>
            <dst id="SNVAng">848.904</dst>
            <dst id="STTLng">297.813333333333</dst>
            <dst id="WASHng">3180.056</dst>
        </src>
        <src id="ATLAng">
            <dst id="ATLA-M5">170.632</dst>
            <dst id="ATLAng">73162.5626666667</dst>
            <dst id="CHINng">17008.4693333333</dst>
            <dst id="DNVRng">4550.18133333333</dst>
            <dst id="HSTNng">1285.26133333333</dst>
            <dst id="IPLSng">16414.8026666667</dst>
            <dst id="KSCYng">3373.69866666667</dst>
            <dst id="LOSAng">14324.1013333333</dst>
            <dst id="NYCMng">8600.85333333333</dst>
            <dst id="SNVAng">367.629333333333</dst>
            <dst id="STTLng">5239.816</dst>
            <dst id="WASHng">129780.474666667</dst>
        </src>
        <src id="CHINng">
            <dst id="ATLA-M5">110.245333333333</dst>
            <dst id="ATLAng">10733.7573333333</dst>
            <dst id="CHINng">42919.7546666667</dst>
            <dst id="DNVRng">7191.46933333333</dst>
            <dst id="HSTNng">4545.22133333333</dst>
            <dst id="IPLSng">11359.528</dst>
            <dst id="KSCYng">6727.93333333333</dst>
            <dst id="LOSAng">21387.584</dst>
            <dst id="NYCMng">4615.92266666667</dst>
            <dst id="SNVAng">1545.44266666667</dst>
            <dst id="STTLng">7384.312</dst>
            <dst id="WASHng">16475.0026666667</dst>
        </src>
        <src id="DNVRng">
            <dst id="ATLA-M5">186.658666666667</dst>
            <dst id="ATLAng">9631.61866666667</dst>
            <dst id="CHINng">67692.384</dst>
            <dst id="DNVRng">11585.7733333333</dst>
            <dst id="HSTNng">12690.5066666667</dst>
            <dst id="IPLSng">23698.6266666667</dst>
            <dst id="KSCYng">13057.384</dst>
            <dst id="LOSAng">6893.60533333333</dst>
            <dst id="NYCMng">20930.696</dst>
            <dst id="SNVAng">11658.1813333333</dst>
            <dst id="STTLng">6690.58933333333</dst>
            <dst id="WASHng">49397.7146666667</dst>
        </src>
        <src id="HSTNng">
            <dst id="ATLA-M5">1152.36266666667</dst>
            <dst id="ATLAng">2943.89333333333</dst>
            <dst id="CHINng">44932.6186666667</dst>
            <dst id="DNVRng">4541.504</dst>
            <dst id="HSTNng">4677.552</dst>
            <dst id="IPLSng">3789.17866666667</dst>
            <dst id="KSCYng">1439.81066666667</dst>
            <dst id="LOSAng">104459.498666667</dst>
            <dst id="NYCMng">7000.74133333333</dst>
            <dst id="SNVAng">1608.496</dst>
            <dst id="STTLng">1440.78933333333</dst>
            <dst id="WASHng">3699.98666666667</dst>
        </src>
        <src id="IPLSng">
            <dst id="ATLA-M5">449.461333333333</dst>
            <dst id="ATLAng">14031.9253333333</dst>
            <dst id="CHINng">98032.296</dst>
            <dst id="DNVRng">24878.9786666667</dst>
            <dst id="HSTNng">3539.19466666667</dst>
            <dst id="IPLSng">19871.928</dst>
            <dst id="KSCYng">11224.5493333333</dst>
            <dst id="LOSAng">87777.9973333333</dst>
            <dst id="NYCMng">35901.32</dst>
            <dst id="SNVAng">5763.736</dst>
            <dst id="STTLng">11338.96</dst>
            <dst id="WASHng">51691.6586666667</dst>
        </src>
        <src id="KSCYng">
            <dst id="ATLA-M5">26.6666666666667</dst>
            <dst id="ATLAng">4180.168</dst>
            <dst id="CHINng">46661.3413333333</dst>
            <dst id="DNVRng">10163.6213333333</dst>
            <dst id="HSTNng">2904.8</dst>
            <dst id="IPLSng">8901.14666666667</dst>
            <dst id="KSCYng">7031.49333333333</dst>
            <dst id="LOSAng">4774.536</dst>
            <dst id="NYCMng">7291.04533333333</dst>
            <dst id="SNVAng">2414.528</dst>
            <dst id="STTLng">6687.06666666667</dst>
            <dst id="WASHng">8287.43733333333</dst>
        </src>
        <src id="LOSAng">
            <dst id="ATLA-M5">438.954666666667</dst>
            <dst id="ATLAng">12851.4853333333</dst>
            <dst id="CHINng">134007.285333333</dst>
            <dst id="DNVRng">8920.95466666667</dst>
            <dst id="HSTNng">5685.656</dst>
            <dst id="IPLSng">34559.5546666667</dst>
            <dst id="KSCYng">5776.99733333333</dst>
            <dst id="LOSAng">15401.2106666667</dst>
            <dst id="NYCMng">53340.6</dst>
            <dst id="SNVAng">10193.056</dst>
            <dst id="STTLng">22595.5893333333</dst>
            <dst id="WASHng">54438.4853333333</dst>
        </src>
        <src id="NYCMng">
            <dst id="ATLA-M5">636.770666666667</dst>
            <dst id="ATLAng">34262.3893333333</dst>
            <dst id="CHINng">62718.1653333333</dst>
            <dst id="DNVRng">18639.216</dst>
            <dst id="HSTNng">14572.408</dst>
            <dst id="IPLSng">54258.8453333333</dst>
            <dst id="KSCYng">11855.584</dst>
            <dst id="LOSAng">61433.36</dst>
            <dst id="NYCMng">156677.210666667</dst>
            <dst id="SNVAng">8317.85066666667</dst>
            <dst id="STTLng">19891.2613333333</dst>
            <dst id="WASHng">63140.76</dst>
        </src>
        <src id="SNVAng">
            <dst id="ATLA-M5">286</dst>
            <dst id="ATLAng">417.786666666667</dst>
            <dst id="CHINng">5413.35466666667</dst>
            <dst id="DNVRng">7379.28533333333</dst>
            <dst id="HSTNng">240.088</dst>
            <dst id="IPLSng">12001.8586666667</dst>
            <dst id="KSCYng">783.450666666667</dst>
            <dst id="LOSAng">31191.6213333333</dst>
            <dst id="NYCMng">1661.856</dst>
            <dst id="SNVAng">17110.8346666667</dst>
            <dst id="STTLng">57387.3493333333</dst>
            <dst id="WASHng">1026.16533333333</dst>
        </src>
        <src id="STTLng">
            <dst id="ATLA-M5">53.1866666666667</dst>
            <dst id="ATLAng">9794.66666666667</dst>
            <dst id="CHINng">71150.496</dst>
            <dst id="DNVRng">4523.096</dst>
            <dst id="HSTNng">1907.38133333333</dst>
            <dst id="IPLSng">6226.69333333333</dst>
            <dst id="KSCYng">3062.84533333333</dst>
            <dst id="LOSAng">20816.4613333333</dst>
            <dst id="NYCMng">22964.8293333333</dst>
            <dst id="SNVAng">2539.77066666667</dst>
            <dst id="STTLng">9400.864</dst>
            <dst id="WASHng">9001.84266666667</dst>
        </src>
        <src id="WASHng">
            <dst id="ATLA-M5">115.125333333333</dst>
            <dst id="ATLAng">132768.8</dst>
            <dst id="CHINng">70912.72</dst>
            <dst id="DNVRng">56064.88</dst>
            <dst id="HSTNng">20198.416</dst>
            <dst id="IPLSng">51956.8693333333</dst>
            <dst id="KSCYng">8459.46133333333</dst>
            <dst id="LOSAng">65959.6586666667</dst>
            <dst id="NYCMng">170152.909333333</dst>
            <dst id="SNVAng">19471.3786666667</dst>
            <dst id="STTLng">33278.9413333333</dst>
            <dst id="WASHng">347374.32</dst>
        </src>
    </IntraTM>
</TrafficMatrixFile>
