<?xml version="1.0" encoding="ISO-8859-1" standalone="yes"?>
<TrafficMatrixFile xsi:noNamespaceSchemaLocation="http://totem.run.montefiore.ulg.ac.be/Schema/TrafficMatrix-v1_2.xsd" xmlns:xsi="http://www.w3.org/2001/XMLSchema-instance">
    <IntraTM ASID="11537">
        <src id="ATLA-M5">
            <dst id="ATLA-M5">0</dst>
            <dst id="ATLAng">1871.088</dst>
            <dst id="CHINng">1269.536</dst>
            <dst id="DNVRng">408.898666666667</dst>
            <dst id="HSTNng">344.469333333333</dst>
            <dst id="IPLSng">922.618666666667</dst>
            <dst id="KSCYng">435.101333333333</dst>
            <dst id="LOSAng">2099.424</dst>
            <dst id="NYCMng">918.493333333333</dst>
            <dst id="SNVAng">472.221333333333</dst>
            <dst id="STTLng">121.522666666667</dst>
            <dst id="WASHng">1876.37333333333</dst>
        </src>
        <src id="ATLAng">
            <dst id="ATLA-M5">3838.75466666667</dst>
            <dst id="ATLAng">30879.368</dst>
            <dst id="CHINng">22216.2026666667</dst>
            <dst id="DNVRng">6158.384</dst>
            <dst id="HSTNng">7552.752</dst>
            <dst id="IPLSng">23099.2346666667</dst>
            <dst id="KSCYng">11757.88</dst>
            <dst id="LOSAng">17618.6866666667</dst>
            <dst id="NYCMng">19097.9573333333</dst>
            <dst id="SNVAng">4511.876</dst>
            <dst id="STTLng">8875.928</dst>
            <dst id="WASHng">68637.8933333333</dst>
        </src>
        <src id="CHINng">
            <dst id="ATLA-M5">4354.33866666667</dst>
            <dst id="ATLAng">17330.936</dst>
            <dst id="CHINng">29276.08</dst>
            <dst id="DNVRng">11105.9946666667</dst>
            <dst id="HSTNng">13197.2933333333</dst>
            <dst id="IPLSng">36568.552</dst>
            <dst id="KSCYng">10773.368</dst>
            <dst id="LOSAng">33777.504</dst>
            <dst id="NYCMng">4765.03733333333</dst>
            <dst id="SNVAng">5149.37066666667</dst>
            <dst id="STTLng">14364.5493333333</dst>
            <dst id="WASHng">36917.6106666667</dst>
        </src>
        <src id="DNVRng">
            <dst id="ATLA-M5">256.688</dst>
            <dst id="ATLAng">4758.88</dst>
            <dst id="CHINng">60994.512</dst>
            <dst id="DNVRng">21845.1786666667</dst>
            <dst id="HSTNng">19633.3253333333</dst>
            <dst id="IPLSng">34097.96</dst>
            <dst id="KSCYng">22153.8186666667</dst>
            <dst id="LOSAng">10457.5066666667</dst>
            <dst id="NYCMng">22558.36</dst>
            <dst id="SNVAng">13202.7253333333</dst>
            <dst id="STTLng">16791.2933333333</dst>
            <dst id="WASHng">62863.528</dst>
        </src>
        <src id="HSTNng">
            <dst id="ATLA-M5">332.949333333333</dst>
            <dst id="ATLAng">14143.2693333333</dst>
            <dst id="CHINng">27875.0426666667</dst>
            <dst id="DNVRng">6133.76</dst>
            <dst id="HSTNng">10031.2586666667</dst>
            <dst id="IPLSng">11631.3973333333</dst>
            <dst id="KSCYng">3408.78933333333</dst>
            <dst id="LOSAng">106043.624</dst>
            <dst id="NYCMng">8528.79733333333</dst>
            <dst id="SNVAng">1260.512</dst>
            <dst id="STTLng">8305.32</dst>
            <dst id="WASHng">17701.4346666667</dst>
        </src>
        <src id="IPLSng">
            <dst id="ATLA-M5">1308.448</dst>
            <dst id="ATLAng">29643.9013333333</dst>
            <dst id="CHINng">98587.168</dst>
            <dst id="DNVRng">29178.9626666667</dst>
            <dst id="HSTNng">8819.13333333333</dst>
            <dst id="IPLSng">28149.608</dst>
            <dst id="KSCYng">12720.576</dst>
            <dst id="LOSAng">83127.848</dst>
            <dst id="NYCMng">37933.424</dst>
            <dst id="SNVAng">6450.82933333333</dst>
            <dst id="STTLng">13416.944</dst>
            <dst id="WASHng">60059.6</dst>
        </src>
        <src id="KSCYng">
            <dst id="ATLA-M5">902.293333333333</dst>
            <dst id="ATLAng">6913.93333333333</dst>
            <dst id="CHINng">41006.4053333333</dst>
            <dst id="DNVRng">15589.496</dst>
            <dst id="HSTNng">5268.68</dst>
            <dst id="IPLSng">23208.0986666667</dst>
            <dst id="KSCYng">15065.2</dst>
            <dst id="LOSAng">8522.66133333333</dst>
            <dst id="NYCMng">17370.6</dst>
            <dst id="SNVAng">2708.96266666667</dst>
            <dst id="STTLng">6025.48533333333</dst>
            <dst id="WASHng">17499.0773333333</dst>
        </src>
        <src id="LOSAng">
            <dst id="ATLA-M5">1412.18666666667</dst>
            <dst id="ATLAng">36985.44</dst>
            <dst id="CHINng">113053.058666667</dst>
            <dst id="DNVRng">15790.2053333333</dst>
            <dst id="HSTNng">14641.0186666667</dst>
            <dst id="IPLSng">40999.912</dst>
            <dst id="KSCYng">12067.9093333333</dst>
            <dst id="LOSAng">17893.2533333333</dst>
            <dst id="NYCMng">68348.0453333333</dst>
            <dst id="SNVAng">15380.7306666667</dst>
            <dst id="STTLng">39476.392</dst>
            <dst id="WASHng">75438.848</dst>
        </src>
        <src id="NYCMng">
            <dst id="ATLA-M5">3382.82133333333</dst>
            <dst id="ATLAng">54355.2186666667</dst>
            <dst id="CHINng">83752.664</dst>
            <dst id="DNVRng">45225.2266666667</dst>
            <dst id="HSTNng">48023.92</dst>
            <dst id="IPLSng">108620.290666667</dst>
            <dst id="KSCYng">28986.0426666667</dst>
            <dst id="LOSAng">97329.4506666667</dst>
            <dst id="NYCMng">156219.584</dst>
            <dst id="SNVAng">11512.784</dst>
            <dst id="STTLng">34236.1413333333</dst>
            <dst id="WASHng">123052.538666667</dst>
        </src>
        <src id="SNVAng">
            <dst id="ATLA-M5">384.490666666667</dst>
            <dst id="ATLAng">1805.33866666667</dst>
            <dst id="CHINng">5917.57333333333</dst>
            <dst id="DNVRng">9587</dst>
            <dst id="HSTNng">1534.07733333333</dst>
            <dst id="IPLSng">2504.528</dst>
            <dst id="KSCYng">1414.304</dst>
            <dst id="LOSAng">39551.3866666667</dst>
            <dst id="NYCMng">2986.00266666667</dst>
            <dst id="SNVAng">21463.8453333333</dst>
            <dst id="STTLng">66168.3333333333</dst>
            <dst id="WASHng">2014.50666666667</dst>
        </src>
        <src id="STTLng">
            <dst id="ATLA-M5">131.741333333333</dst>
            <dst id="ATLAng">16869.6346666667</dst>
            <dst id="CHINng">54159.3493333333</dst>
            <dst id="DNVRng">6045.664</dst>
            <dst id="HSTNng">3532.60266666667</dst>
            <dst id="IPLSng">18915.8613333333</dst>
            <dst id="KSCYng">5847.232</dst>
            <dst id="LOSAng">38169.496</dst>
            <dst id="NYCMng">25826.976</dst>
            <dst id="SNVAng">9937.01066666667</dst>
            <dst id="STTLng">12339.7813333333</dst>
            <dst id="WASHng">23150.4346666667</dst>
        </src>
        <src id="WASHng">
            <dst id="ATLA-M5">6941.824</dst>
            <dst id="ATLAng">145232.432</dst>
            <dst id="CHINng">104877.816</dst>
            <dst id="DNVRng">56911.9813333333</dst>
            <dst id="HSTNng">24009.48</dst>
            <dst id="IPLSng">64743.1866666667</dst>
            <dst id="KSCYng">19283.312</dst>
            <dst id="LOSAng">86382.544</dst>
            <dst id="NYCMng">230674.050666667</dst>
            <dst id="SNVAng">6269.33866666667</dst>
            <dst id="STTLng">41793.9146666667</dst>
            <dst id="WASHng">264020.144</dst>
        </src>
    </IntraTM>
</TrafficMatrixFile>
