<?xml version="1.0" encoding="ISO-8859-1" standalone="yes"?>
<TrafficMatrixFile xsi:noNamespaceSchemaLocation="http://totem.run.montefiore.ulg.ac.be/Schema/TrafficMatrix-v1_2.xsd" xmlns:xsi="http://www.w3.org/2001/XMLSchema-instance">
    <IntraTM ASID="11537">
        <src id="ATLA-M5">
            <dst id="ATLA-M5">0</dst>
            <dst id="ATLAng">250.042666666667</dst>
            <dst id="CHINng">1011.48533333333</dst>
            <dst id="DNVRng">585.690666666667</dst>
            <dst id="HSTNng">225.109333333333</dst>
            <dst id="IPLSng">580.165333333333</dst>
            <dst id="KSCYng">314.189333333333</dst>
            <dst id="LOSAng">668.650666666667</dst>
            <dst id="NYCMng">520.077333333333</dst>
            <dst id="SNVAng">219.213333333333</dst>
            <dst id="STTLng">175.605333333333</dst>
            <dst id="WASHng">1578.71466666667</dst>
        </src>
        <src id="ATLAng">
            <dst id="ATLA-M5">266.96</dst>
            <dst id="ATLAng">37600.9413333333</dst>
            <dst id="CHINng">15051.936</dst>
            <dst id="DNVRng">3360.70133333333</dst>
            <dst id="HSTNng">13301.488</dst>
            <dst id="IPLSng">20293.592</dst>
            <dst id="KSCYng">5332.62133333333</dst>
            <dst id="LOSAng">17205.96</dst>
            <dst id="NYCMng">16142.376</dst>
            <dst id="SNVAng">3610.54933333333</dst>
            <dst id="STTLng">9548.90666666667</dst>
            <dst id="WASHng">59518.6213333333</dst>
        </src>
        <src id="CHINng">
            <dst id="ATLA-M5">722.186666666667</dst>
            <dst id="ATLAng">18703.4213333333</dst>
            <dst id="CHINng">35251.6586666667</dst>
            <dst id="DNVRng">15411.7173333333</dst>
            <dst id="HSTNng">5141.03466666667</dst>
            <dst id="IPLSng">35467.6773333333</dst>
            <dst id="KSCYng">8847.752</dst>
            <dst id="LOSAng">26137.312</dst>
            <dst id="NYCMng">3671.22666666667</dst>
            <dst id="SNVAng">1753.98933333333</dst>
            <dst id="STTLng">6799.71733333333</dst>
            <dst id="WASHng">16845.136</dst>
        </src>
        <src id="DNVRng">
            <dst id="ATLA-M5">67.8826666666667</dst>
            <dst id="ATLAng">3817.008</dst>
            <dst id="CHINng">34130.1306666667</dst>
            <dst id="DNVRng">6432.97333333333</dst>
            <dst id="HSTNng">4191.61333333333</dst>
            <dst id="IPLSng">8012.33066666666</dst>
            <dst id="KSCYng">15020.448</dst>
            <dst id="LOSAng">26142.416</dst>
            <dst id="NYCMng">8155.76</dst>
            <dst id="SNVAng">15080.2826666667</dst>
            <dst id="STTLng">14391.6</dst>
            <dst id="WASHng">19345.8666666667</dst>
        </src>
        <src id="HSTNng">
            <dst id="ATLA-M5">152.981333333333</dst>
            <dst id="ATLAng">2966.488</dst>
            <dst id="CHINng">23842.448</dst>
            <dst id="DNVRng">1935.152</dst>
            <dst id="HSTNng">4619.00266666667</dst>
            <dst id="IPLSng">8107.152</dst>
            <dst id="KSCYng">3667.68</dst>
            <dst id="LOSAng">8560.27466666667</dst>
            <dst id="NYCMng">4086.832</dst>
            <dst id="SNVAng">3610.06666666667</dst>
            <dst id="STTLng">4327.712</dst>
            <dst id="WASHng">4916.23733333333</dst>
        </src>
        <src id="IPLSng">
            <dst id="ATLA-M5">343.08</dst>
            <dst id="ATLAng">18150.3653333333</dst>
            <dst id="CHINng">119313.12</dst>
            <dst id="DNVRng">7597.04</dst>
            <dst id="HSTNng">8014.496</dst>
            <dst id="IPLSng">29015.76</dst>
            <dst id="KSCYng">10861.4213333333</dst>
            <dst id="LOSAng">21065.44</dst>
            <dst id="NYCMng">21004.248</dst>
            <dst id="SNVAng">7584.12533333333</dst>
            <dst id="STTLng">10445.9973333333</dst>
            <dst id="WASHng">33813.1866666667</dst>
        </src>
        <src id="KSCYng">
            <dst id="ATLA-M5">467.304</dst>
            <dst id="ATLAng">5500.37066666667</dst>
            <dst id="CHINng">35874.5813333333</dst>
            <dst id="DNVRng">10022.2186666667</dst>
            <dst id="HSTNng">4117.8</dst>
            <dst id="IPLSng">12784.32</dst>
            <dst id="KSCYng">6647.616</dst>
            <dst id="LOSAng">11084.8933333333</dst>
            <dst id="NYCMng">11799.7706666667</dst>
            <dst id="SNVAng">972.050666666667</dst>
            <dst id="STTLng">4875.42666666667</dst>
            <dst id="WASHng">10563.184</dst>
        </src>
        <src id="LOSAng">
            <dst id="ATLA-M5">167.221333333333</dst>
            <dst id="ATLAng">14583.432</dst>
            <dst id="CHINng">115809.213333333</dst>
            <dst id="DNVRng">7244.21866666667</dst>
            <dst id="HSTNng">8773.14133333333</dst>
            <dst id="IPLSng">55194.248</dst>
            <dst id="KSCYng">13740.8586666667</dst>
            <dst id="LOSAng">15271.6</dst>
            <dst id="NYCMng">55937.008</dst>
            <dst id="SNVAng">4475.984</dst>
            <dst id="STTLng">34913.9653333333</dst>
            <dst id="WASHng">66780.9573333333</dst>
        </src>
        <src id="NYCMng">
            <dst id="ATLA-M5">1448.896</dst>
            <dst id="ATLAng">28109.016</dst>
            <dst id="CHINng">62515.1653333333</dst>
            <dst id="DNVRng">22141.128</dst>
            <dst id="HSTNng">38772.6586666667</dst>
            <dst id="IPLSng">77043.024</dst>
            <dst id="KSCYng">31682.9146666667</dst>
            <dst id="LOSAng">70227.304</dst>
            <dst id="NYCMng">155089.901333333</dst>
            <dst id="SNVAng">6642.21333333333</dst>
            <dst id="STTLng">25158.064</dst>
            <dst id="WASHng">74405.7386666667</dst>
        </src>
        <src id="SNVAng">
            <dst id="ATLA-M5">120.872</dst>
            <dst id="ATLAng">570.866666666667</dst>
            <dst id="CHINng">5204.12266666667</dst>
            <dst id="DNVRng">7676.58933333334</dst>
            <dst id="HSTNng">1135.55733333333</dst>
            <dst id="IPLSng">2235.49333333333</dst>
            <dst id="KSCYng">807.381333333333</dst>
            <dst id="LOSAng">2439.336</dst>
            <dst id="NYCMng">2904.06666666667</dst>
            <dst id="SNVAng">312.949333333333</dst>
            <dst id="STTLng">2507.704</dst>
            <dst id="WASHng">3097.89333333333</dst>
        </src>
        <src id="STTLng">
            <dst id="ATLA-M5">64.752</dst>
            <dst id="ATLAng">15420.7093333333</dst>
            <dst id="CHINng">47724.968</dst>
            <dst id="DNVRng">4575.384</dst>
            <dst id="HSTNng">2599.02933333333</dst>
            <dst id="IPLSng">7681.264</dst>
            <dst id="KSCYng">4056.71733333333</dst>
            <dst id="LOSAng">22460.712</dst>
            <dst id="NYCMng">15163.7546666667</dst>
            <dst id="SNVAng">5483.304</dst>
            <dst id="STTLng">17349.944</dst>
            <dst id="WASHng">8308.62133333333</dst>
        </src>
        <src id="WASHng">
            <dst id="ATLA-M5">1874.97333333333</dst>
            <dst id="ATLAng">90982.1466666667</dst>
            <dst id="CHINng">71800.5893333333</dst>
            <dst id="DNVRng">40619.9253333333</dst>
            <dst id="HSTNng">16512.856</dst>
            <dst id="IPLSng">42673.8666666667</dst>
            <dst id="KSCYng">12108.5253333333</dst>
            <dst id="LOSAng">75498.0746666667</dst>
            <dst id="NYCMng">172016.421333333</dst>
            <dst id="SNVAng">4016.85333333333</dst>
            <dst id="STTLng">35381.528</dst>
            <dst id="WASHng">296916.8</dst>
        </src>
    </IntraTM>
</TrafficMatrixFile>
