<?xml version="1.0" encoding="ISO-8859-1" standalone="yes"?>
<TrafficMatrixFile xsi:noNamespaceSchemaLocation="http://totem.run.montefiore.ulg.ac.be/Schema/TrafficMatrix-v1_2.xsd" xmlns:xsi="http://www.w3.org/2001/XMLSchema-instance">
    <IntraTM ASID="11537">
        <src id="ATLA-M5">
            <dst id="ATLA-M5">0</dst>
            <dst id="ATLAng">214</dst>
            <dst id="CHINng">636.853333333333</dst>
            <dst id="DNVRng">94.8373333333333</dst>
            <dst id="HSTNng">325.773333333333</dst>
            <dst id="IPLSng">473.197333333333</dst>
            <dst id="KSCYng">137.453333333333</dst>
            <dst id="LOSAng">194.218666666667</dst>
            <dst id="NYCMng">55.3386666666667</dst>
            <dst id="SNVAng">26.6666666666667</dst>
            <dst id="STTLng">53.3333333333333</dst>
            <dst id="WASHng">2554.368</dst>
        </src>
        <src id="ATLAng">
            <dst id="ATLA-M5">1384.92</dst>
            <dst id="ATLAng">62539.6</dst>
            <dst id="CHINng">12548.712</dst>
            <dst id="DNVRng">2838.816</dst>
            <dst id="HSTNng">2495.58933333333</dst>
            <dst id="IPLSng">18375.3226666667</dst>
            <dst id="KSCYng">5463.24266666667</dst>
            <dst id="LOSAng">15249.0426666667</dst>
            <dst id="NYCMng">12509.016</dst>
            <dst id="SNVAng">7664.088</dst>
            <dst id="STTLng">8101.34666666667</dst>
            <dst id="WASHng">85846.6933333333</dst>
        </src>
        <src id="CHINng">
            <dst id="ATLA-M5">255.117333333333</dst>
            <dst id="ATLAng">11467.4906666667</dst>
            <dst id="CHINng">66362.432</dst>
            <dst id="DNVRng">7139.27733333333</dst>
            <dst id="HSTNng">5498.08533333333</dst>
            <dst id="IPLSng">24333.328</dst>
            <dst id="KSCYng">7790.936</dst>
            <dst id="LOSAng">223166.64</dst>
            <dst id="NYCMng">5762.78133333333</dst>
            <dst id="SNVAng">838.754666666667</dst>
            <dst id="STTLng">6352.89066666667</dst>
            <dst id="WASHng">8654.93333333334</dst>
        </src>
        <src id="DNVRng">
            <dst id="ATLA-M5">26.6666666666667</dst>
            <dst id="ATLAng">6473.624</dst>
            <dst id="CHINng">48868.1573333333</dst>
            <dst id="DNVRng">3310.91466666667</dst>
            <dst id="HSTNng">5958.04266666667</dst>
            <dst id="IPLSng">4413.56266666667</dst>
            <dst id="KSCYng">9225.62666666667</dst>
            <dst id="LOSAng">4524.18933333333</dst>
            <dst id="NYCMng">10578.3173333333</dst>
            <dst id="SNVAng">8934.17333333334</dst>
            <dst id="STTLng">14259.2773333333</dst>
            <dst id="WASHng">10028.3466666667</dst>
        </src>
        <src id="HSTNng">
            <dst id="ATLA-M5">4256.83733333333</dst>
            <dst id="ATLAng">2978.512</dst>
            <dst id="CHINng">26851.5306666667</dst>
            <dst id="DNVRng">1569.77333333333</dst>
            <dst id="HSTNng">10623.4346666667</dst>
            <dst id="IPLSng">7650.672</dst>
            <dst id="KSCYng">4136.98133333333</dst>
            <dst id="LOSAng">18775.4533333333</dst>
            <dst id="NYCMng">4478.73066666667</dst>
            <dst id="SNVAng">1795.54666666667</dst>
            <dst id="STTLng">1757.16</dst>
            <dst id="WASHng">5190.41333333333</dst>
        </src>
        <src id="IPLSng">
            <dst id="ATLA-M5">26.6666666666667</dst>
            <dst id="ATLAng">11007.3626666667</dst>
            <dst id="CHINng">119138.536</dst>
            <dst id="DNVRng">6560.944</dst>
            <dst id="HSTNng">6740.136</dst>
            <dst id="IPLSng">19250.9866666667</dst>
            <dst id="KSCYng">8926.22933333333</dst>
            <dst id="LOSAng">14457.112</dst>
            <dst id="NYCMng">35407.92</dst>
            <dst id="SNVAng">7492.784</dst>
            <dst id="STTLng">7569.56533333333</dst>
            <dst id="WASHng">17843.632</dst>
        </src>
        <src id="KSCYng">
            <dst id="ATLA-M5">2347.15733333333</dst>
            <dst id="ATLAng">2982.488</dst>
            <dst id="CHINng">39859.5093333333</dst>
            <dst id="DNVRng">2882.264</dst>
            <dst id="HSTNng">2731.50666666667</dst>
            <dst id="IPLSng">9526.79466666666</dst>
            <dst id="KSCYng">4395.06666666667</dst>
            <dst id="LOSAng">3313.544</dst>
            <dst id="NYCMng">6585.53866666667</dst>
            <dst id="SNVAng">621.853333333333</dst>
            <dst id="STTLng">4419.288</dst>
            <dst id="WASHng">15083.0106666667</dst>
        </src>
        <src id="LOSAng">
            <dst id="ATLA-M5">379.018666666667</dst>
            <dst id="ATLAng">11090.0826666667</dst>
            <dst id="CHINng">129172.210666667</dst>
            <dst id="DNVRng">3004.53866666667</dst>
            <dst id="HSTNng">12701.96</dst>
            <dst id="IPLSng">30635.8533333333</dst>
            <dst id="KSCYng">5253.36533333333</dst>
            <dst id="LOSAng">10519.1786666667</dst>
            <dst id="NYCMng">45869.3306666667</dst>
            <dst id="SNVAng">3710.82666666667</dst>
            <dst id="STTLng">22173.0053333333</dst>
            <dst id="WASHng">47520.4586666667</dst>
        </src>
        <src id="NYCMng">
            <dst id="ATLA-M5">657.272</dst>
            <dst id="ATLAng">37896.3146666667</dst>
            <dst id="CHINng">57901.0906666666</dst>
            <dst id="DNVRng">15197.7706666667</dst>
            <dst id="HSTNng">33659.3973333333</dst>
            <dst id="IPLSng">57233.9306666667</dst>
            <dst id="KSCYng">18785.2266666667</dst>
            <dst id="LOSAng">44316.0373333333</dst>
            <dst id="NYCMng">160321.544</dst>
            <dst id="SNVAng">3266.29066666667</dst>
            <dst id="STTLng">21544.44</dst>
            <dst id="WASHng">60203.2426666667</dst>
        </src>
        <src id="SNVAng">
            <dst id="ATLA-M5">0</dst>
            <dst id="ATLAng">727.504</dst>
            <dst id="CHINng">7729.65066666667</dst>
            <dst id="DNVRng">12275.976</dst>
            <dst id="HSTNng">514.624</dst>
            <dst id="IPLSng">2569.45066666667</dst>
            <dst id="KSCYng">453.72</dst>
            <dst id="LOSAng">6629.912</dst>
            <dst id="NYCMng">3627.984</dst>
            <dst id="SNVAng">114.450666666667</dst>
            <dst id="STTLng">2097.90666666667</dst>
            <dst id="WASHng">1486.26666666667</dst>
        </src>
        <src id="STTLng">
            <dst id="ATLA-M5">432.528</dst>
            <dst id="ATLAng">15808.2133333333</dst>
            <dst id="CHINng">87339.0693333333</dst>
            <dst id="DNVRng">3234.38933333333</dst>
            <dst id="HSTNng">1568.912</dst>
            <dst id="IPLSng">8719.52</dst>
            <dst id="KSCYng">3183.39733333333</dst>
            <dst id="LOSAng">17696.624</dst>
            <dst id="NYCMng">20150.1173333333</dst>
            <dst id="SNVAng">2571.81066666667</dst>
            <dst id="STTLng">5058.38933333333</dst>
            <dst id="WASHng">15476.68</dst>
        </src>
        <src id="WASHng">
            <dst id="ATLA-M5">177.218666666667</dst>
            <dst id="ATLAng">96660.3813333333</dst>
            <dst id="CHINng">55705.7386666667</dst>
            <dst id="DNVRng">21842.9253333333</dst>
            <dst id="HSTNng">13703.4453333333</dst>
            <dst id="IPLSng">42988.1306666667</dst>
            <dst id="KSCYng">12636.1573333333</dst>
            <dst id="LOSAng">56570.208</dst>
            <dst id="NYCMng">109961.610666667</dst>
            <dst id="SNVAng">1703.624</dst>
            <dst id="STTLng">25320.856</dst>
            <dst id="WASHng">339738.533333333</dst>
        </src>
    </IntraTM>
</TrafficMatrixFile>
