<?xml version="1.0" encoding="ISO-8859-1" standalone="yes"?>
<TrafficMatrixFile xsi:noNamespaceSchemaLocation="http://totem.run.montefiore.ulg.ac.be/Schema/TrafficMatrix-v1_2.xsd" xmlns:xsi="http://www.w3.org/2001/XMLSchema-instance">
    <IntraTM ASID="11537">
        <src id="ATLA-M5">
            <dst id="ATLA-M5">65.3466666666667</dst>
            <dst id="ATLAng">948.269333333334</dst>
            <dst id="CHINng">2010.43466666667</dst>
            <dst id="DNVRng">785.605333333333</dst>
            <dst id="HSTNng">793.341333333333</dst>
            <dst id="IPLSng">5623.19733333333</dst>
            <dst id="KSCYng">287.76</dst>
            <dst id="LOSAng">770.541333333333</dst>
            <dst id="NYCMng">1801.65066666667</dst>
            <dst id="SNVAng">194.517333333333</dst>
            <dst id="STTLng">107.808</dst>
            <dst id="WASHng">3229.73066666667</dst>
        </src>
        <src id="ATLAng">
            <dst id="ATLA-M5">982.557333333333</dst>
            <dst id="ATLAng">26057.504</dst>
            <dst id="CHINng">25301.2026666667</dst>
            <dst id="DNVRng">7318.20266666667</dst>
            <dst id="HSTNng">9405.192</dst>
            <dst id="IPLSng">29408.2666666667</dst>
            <dst id="KSCYng">9880.744</dst>
            <dst id="LOSAng">33758.1493333333</dst>
            <dst id="NYCMng">28956.0613333333</dst>
            <dst id="SNVAng">2523.776</dst>
            <dst id="STTLng">8383.13866666667</dst>
            <dst id="WASHng">129553.688</dst>
        </src>
        <src id="CHINng">
            <dst id="ATLA-M5">4280.48533333333</dst>
            <dst id="ATLAng">16863.8026666667</dst>
            <dst id="CHINng">36704.4853333333</dst>
            <dst id="DNVRng">8353.512</dst>
            <dst id="HSTNng">16274.056</dst>
            <dst id="IPLSng">32998.656</dst>
            <dst id="KSCYng">11691.5413333333</dst>
            <dst id="LOSAng">40436.752</dst>
            <dst id="NYCMng">5278.60266666667</dst>
            <dst id="SNVAng">10233.8906666667</dst>
            <dst id="STTLng">10178.376</dst>
            <dst id="WASHng">27777.512</dst>
        </src>
        <src id="DNVRng">
            <dst id="ATLA-M5">753.04</dst>
            <dst id="ATLAng">6578.648</dst>
            <dst id="CHINng">59708.8613333333</dst>
            <dst id="DNVRng">20840.3733333333</dst>
            <dst id="HSTNng">19151</dst>
            <dst id="IPLSng">34308.96</dst>
            <dst id="KSCYng">19514.1226666667</dst>
            <dst id="LOSAng">30252.4533333333</dst>
            <dst id="NYCMng">22379.6133333333</dst>
            <dst id="SNVAng">12278.1786666667</dst>
            <dst id="STTLng">18753.8293333333</dst>
            <dst id="WASHng">57320.9893333333</dst>
        </src>
        <src id="HSTNng">
            <dst id="ATLA-M5">2989.37066666667</dst>
            <dst id="ATLAng">4629.54666666667</dst>
            <dst id="CHINng">19947.7653333333</dst>
            <dst id="DNVRng">4461.67733333333</dst>
            <dst id="HSTNng">15811.1413333333</dst>
            <dst id="IPLSng">16738.48</dst>
            <dst id="KSCYng">4392.85333333333</dst>
            <dst id="LOSAng">24419.5413333333</dst>
            <dst id="NYCMng">6272.20266666667</dst>
            <dst id="SNVAng">2020.27733333333</dst>
            <dst id="STTLng">6343.29333333333</dst>
            <dst id="WASHng">7108.18133333333</dst>
        </src>
        <src id="IPLSng">
            <dst id="ATLA-M5">2256.68533333333</dst>
            <dst id="ATLAng">20147.4693333333</dst>
            <dst id="CHINng">107679.696</dst>
            <dst id="DNVRng">33519.232</dst>
            <dst id="HSTNng">16344.4853333333</dst>
            <dst id="IPLSng">35393.2213333333</dst>
            <dst id="KSCYng">16273.8133333333</dst>
            <dst id="LOSAng">44749.1173333333</dst>
            <dst id="NYCMng">35130.6346666667</dst>
            <dst id="SNVAng">7417.01066666666</dst>
            <dst id="STTLng">16732.36</dst>
            <dst id="WASHng">54039.4053333333</dst>
        </src>
        <src id="KSCYng">
            <dst id="ATLA-M5">918.034666666666</dst>
            <dst id="ATLAng">14035.9546666667</dst>
            <dst id="CHINng">46610.5813333333</dst>
            <dst id="DNVRng">11939.128</dst>
            <dst id="HSTNng">6265.57866666667</dst>
            <dst id="IPLSng">21508.808</dst>
            <dst id="KSCYng">15711.4053333333</dst>
            <dst id="LOSAng">8274.70666666667</dst>
            <dst id="NYCMng">10978.6906666667</dst>
            <dst id="SNVAng">1827.90933333333</dst>
            <dst id="STTLng">5128.01333333333</dst>
            <dst id="WASHng">15164.184</dst>
        </src>
        <src id="LOSAng">
            <dst id="ATLA-M5">1415.84</dst>
            <dst id="ATLAng">44869.208</dst>
            <dst id="CHINng">135865.386666667</dst>
            <dst id="DNVRng">20819.032</dst>
            <dst id="HSTNng">12399.5386666667</dst>
            <dst id="IPLSng">48207.5946666667</dst>
            <dst id="KSCYng">10206.008</dst>
            <dst id="LOSAng">24222.4026666667</dst>
            <dst id="NYCMng">57138.5466666667</dst>
            <dst id="SNVAng">11599.1306666667</dst>
            <dst id="STTLng">39223.5253333333</dst>
            <dst id="WASHng">66839.1626666667</dst>
        </src>
        <src id="NYCMng">
            <dst id="ATLA-M5">3640.37866666667</dst>
            <dst id="ATLAng">60658.7573333333</dst>
            <dst id="CHINng">81951.456</dst>
            <dst id="DNVRng">43548.6213333333</dst>
            <dst id="HSTNng">44767.704</dst>
            <dst id="IPLSng">100154.192</dst>
            <dst id="KSCYng">30421.7413333333</dst>
            <dst id="LOSAng">104528.005333333</dst>
            <dst id="NYCMng">176046.133333333</dst>
            <dst id="SNVAng">12521.92</dst>
            <dst id="STTLng">43130.208</dst>
            <dst id="WASHng">135163.613333333</dst>
        </src>
        <src id="SNVAng">
            <dst id="ATLA-M5">1197.17866666667</dst>
            <dst id="ATLAng">1285.06933333333</dst>
            <dst id="CHINng">10256.3466666667</dst>
            <dst id="DNVRng">2723.64533333333</dst>
            <dst id="HSTNng">646.314666666667</dst>
            <dst id="IPLSng">3153.70133333333</dst>
            <dst id="KSCYng">871.458666666667</dst>
            <dst id="LOSAng">45483.9226666667</dst>
            <dst id="NYCMng">2673.424</dst>
            <dst id="SNVAng">21619.88</dst>
            <dst id="STTLng">64023.88</dst>
            <dst id="WASHng">3331.33333333333</dst>
        </src>
        <src id="STTLng">
            <dst id="ATLA-M5">173.317333333333</dst>
            <dst id="ATLAng">9584.78933333333</dst>
            <dst id="CHINng">62201.7226666667</dst>
            <dst id="DNVRng">4938.38666666667</dst>
            <dst id="HSTNng">3617.35733333333</dst>
            <dst id="IPLSng">23922.2933333333</dst>
            <dst id="KSCYng">5506.61866666667</dst>
            <dst id="LOSAng">31351.2133333333</dst>
            <dst id="NYCMng">30051.776</dst>
            <dst id="SNVAng">13093.5973333333</dst>
            <dst id="STTLng">24696.4746666667</dst>
            <dst id="WASHng">18625.76</dst>
        </src>
        <src id="WASHng">
            <dst id="ATLA-M5">3384.10933333333</dst>
            <dst id="ATLAng">107363.424</dst>
            <dst id="CHINng">100979.026666667</dst>
            <dst id="DNVRng">66383.784</dst>
            <dst id="HSTNng">31937.808</dst>
            <dst id="IPLSng">98456.8933333333</dst>
            <dst id="KSCYng">19660.6053333333</dst>
            <dst id="LOSAng">87051.768</dst>
            <dst id="NYCMng">219926.642666667</dst>
            <dst id="SNVAng">13033.336</dst>
            <dst id="STTLng">39745.296</dst>
            <dst id="WASHng">195863.989333333</dst>
        </src>
    </IntraTM>
</TrafficMatrixFile>
