<?xml version="1.0" encoding="ISO-8859-1" standalone="yes"?>
<TrafficMatrixFile xsi:noNamespaceSchemaLocation="http://totem.run.montefiore.ulg.ac.be/Schema/TrafficMatrix-v1_2.xsd" xmlns:xsi="http://www.w3.org/2001/XMLSchema-instance">
    <IntraTM ASID="11537">
        <src id="ATLA-M5">
            <dst id="ATLA-M5">0</dst>
            <dst id="ATLAng">186.413333333333</dst>
            <dst id="CHINng">943.253333333333</dst>
            <dst id="DNVRng">221.826666666667</dst>
            <dst id="HSTNng">137.304</dst>
            <dst id="IPLSng">400.664</dst>
            <dst id="KSCYng">212.069333333333</dst>
            <dst id="LOSAng">848.584</dst>
            <dst id="NYCMng">842.424</dst>
            <dst id="SNVAng">70.0666666666667</dst>
            <dst id="STTLng">399.618666666667</dst>
            <dst id="WASHng">1419.40266666667</dst>
        </src>
        <src id="ATLAng">
            <dst id="ATLA-M5">205.482666666667</dst>
            <dst id="ATLAng">67561.3306666667</dst>
            <dst id="CHINng">14995.1013333333</dst>
            <dst id="DNVRng">5263.10133333333</dst>
            <dst id="HSTNng">2141.456</dst>
            <dst id="IPLSng">22097.7546666667</dst>
            <dst id="KSCYng">5638.61866666667</dst>
            <dst id="LOSAng">14469.1893333333</dst>
            <dst id="NYCMng">9843.70666666667</dst>
            <dst id="SNVAng">460.621333333333</dst>
            <dst id="STTLng">6181.14666666667</dst>
            <dst id="WASHng">135912.045333333</dst>
        </src>
        <src id="CHINng">
            <dst id="ATLA-M5">85.84</dst>
            <dst id="ATLAng">7016.89066666666</dst>
            <dst id="CHINng">41816.1733333333</dst>
            <dst id="DNVRng">11953.9253333333</dst>
            <dst id="HSTNng">5767.85333333333</dst>
            <dst id="IPLSng">15783.464</dst>
            <dst id="KSCYng">6746.77066666667</dst>
            <dst id="LOSAng">23450.488</dst>
            <dst id="NYCMng">8230.64266666667</dst>
            <dst id="SNVAng">2767.18133333333</dst>
            <dst id="STTLng">8333.86666666667</dst>
            <dst id="WASHng">16347.768</dst>
        </src>
        <src id="DNVRng">
            <dst id="ATLA-M5">120.778666666667</dst>
            <dst id="ATLAng">6641.05866666667</dst>
            <dst id="CHINng">78115.2266666667</dst>
            <dst id="DNVRng">20957.688</dst>
            <dst id="HSTNng">12350.0026666667</dst>
            <dst id="IPLSng">27394.9093333333</dst>
            <dst id="KSCYng">19470.4453333333</dst>
            <dst id="LOSAng">8163.29333333333</dst>
            <dst id="NYCMng">18831.9386666667</dst>
            <dst id="SNVAng">10342.168</dst>
            <dst id="STTLng">8817.824</dst>
            <dst id="WASHng">52550.4346666667</dst>
        </src>
        <src id="HSTNng">
            <dst id="ATLA-M5">932.472</dst>
            <dst id="ATLAng">2373.8</dst>
            <dst id="CHINng">35186.1333333333</dst>
            <dst id="DNVRng">4371.168</dst>
            <dst id="HSTNng">3109.288</dst>
            <dst id="IPLSng">7684.752</dst>
            <dst id="KSCYng">1804.63466666667</dst>
            <dst id="LOSAng">102676.570666667</dst>
            <dst id="NYCMng">7673.68266666667</dst>
            <dst id="SNVAng">946.509333333334</dst>
            <dst id="STTLng">2269.57333333333</dst>
            <dst id="WASHng">13052.784</dst>
        </src>
        <src id="IPLSng">
            <dst id="ATLA-M5">1547.52266666667</dst>
            <dst id="ATLAng">15529.1866666667</dst>
            <dst id="CHINng">144933.474666667</dst>
            <dst id="DNVRng">21130.9466666667</dst>
            <dst id="HSTNng">4600.584</dst>
            <dst id="IPLSng">17891.4933333333</dst>
            <dst id="KSCYng">10508.5493333333</dst>
            <dst id="LOSAng">22701.232</dst>
            <dst id="NYCMng">34337.9066666667</dst>
            <dst id="SNVAng">3924.85066666667</dst>
            <dst id="STTLng">12157.64</dst>
            <dst id="WASHng">43485.5146666667</dst>
        </src>
        <src id="KSCYng">
            <dst id="ATLA-M5">59.744</dst>
            <dst id="ATLAng">3856.68266666667</dst>
            <dst id="CHINng">44325.1173333333</dst>
            <dst id="DNVRng">5014.024</dst>
            <dst id="HSTNng">4362.18666666667</dst>
            <dst id="IPLSng">9917.464</dst>
            <dst id="KSCYng">10451.8346666667</dst>
            <dst id="LOSAng">2969.23466666667</dst>
            <dst id="NYCMng">8751.05866666667</dst>
            <dst id="SNVAng">1987.04266666667</dst>
            <dst id="STTLng">8280.624</dst>
            <dst id="WASHng">8830.70133333333</dst>
        </src>
        <src id="LOSAng">
            <dst id="ATLA-M5">2509.27466666667</dst>
            <dst id="ATLAng">20872.384</dst>
            <dst id="CHINng">149428.789333333</dst>
            <dst id="DNVRng">12482.6426666667</dst>
            <dst id="HSTNng">7431.04266666667</dst>
            <dst id="IPLSng">42551.3253333333</dst>
            <dst id="KSCYng">11264.4986666667</dst>
            <dst id="LOSAng">20858.1733333333</dst>
            <dst id="NYCMng">57454.4773333333</dst>
            <dst id="SNVAng">30706.1946666667</dst>
            <dst id="STTLng">23272.104</dst>
            <dst id="WASHng">73205.9413333333</dst>
        </src>
        <src id="NYCMng">
            <dst id="ATLA-M5">881.362666666667</dst>
            <dst id="ATLAng">31138.664</dst>
            <dst id="CHINng">61733.808</dst>
            <dst id="DNVRng">28863.432</dst>
            <dst id="HSTNng">28455.576</dst>
            <dst id="IPLSng">52300.856</dst>
            <dst id="KSCYng">14719.4853333333</dst>
            <dst id="LOSAng">75312.528</dst>
            <dst id="NYCMng">133789.677333333</dst>
            <dst id="SNVAng">7896.568</dst>
            <dst id="STTLng">19298.2373333333</dst>
            <dst id="WASHng">74499.032</dst>
        </src>
        <src id="SNVAng">
            <dst id="ATLA-M5">779.248</dst>
            <dst id="ATLAng">414.349333333333</dst>
            <dst id="CHINng">4955.07466666667</dst>
            <dst id="DNVRng">7010.42133333333</dst>
            <dst id="HSTNng">179.573333333333</dst>
            <dst id="IPLSng">1024.336</dst>
            <dst id="KSCYng">463.546666666667</dst>
            <dst id="LOSAng">32551.5546666667</dst>
            <dst id="NYCMng">1614.112</dst>
            <dst id="SNVAng">12764.0533333333</dst>
            <dst id="STTLng">56468.1466666667</dst>
            <dst id="WASHng">1099.84266666667</dst>
        </src>
        <src id="STTLng">
            <dst id="ATLA-M5">252.904</dst>
            <dst id="ATLAng">9151.28</dst>
            <dst id="CHINng">76114.416</dst>
            <dst id="DNVRng">7093.168</dst>
            <dst id="HSTNng">2326.16266666667</dst>
            <dst id="IPLSng">5204.808</dst>
            <dst id="KSCYng">3679.06133333333</dst>
            <dst id="LOSAng">26392.4373333333</dst>
            <dst id="NYCMng">19667.1146666667</dst>
            <dst id="SNVAng">4300.03466666667</dst>
            <dst id="STTLng">13776.864</dst>
            <dst id="WASHng">9606.912</dst>
        </src>
        <src id="WASHng">
            <dst id="ATLA-M5">974.365333333333</dst>
            <dst id="ATLAng">108208.853333333</dst>
            <dst id="CHINng">71181.5653333333</dst>
            <dst id="DNVRng">42905.0826666667</dst>
            <dst id="HSTNng">16562.7226666667</dst>
            <dst id="IPLSng">62151.5733333333</dst>
            <dst id="KSCYng">12222.592</dst>
            <dst id="LOSAng">58277.4426666667</dst>
            <dst id="NYCMng">165640.410666667</dst>
            <dst id="SNVAng">10053.9306666667</dst>
            <dst id="STTLng">32046.272</dst>
            <dst id="WASHng">368628.533333333</dst>
        </src>
    </IntraTM>
</TrafficMatrixFile>
