<?xml version="1.0" encoding="ISO-8859-1" standalone="yes"?>
<TrafficMatrixFile xsi:noNamespaceSchemaLocation="http://totem.run.montefiore.ulg.ac.be/Schema/TrafficMatrix-v1_2.xsd" xmlns:xsi="http://www.w3.org/2001/XMLSchema-instance">
    <IntraTM ASID="11537">
        <src id="ATLA-M5">
            <dst id="ATLA-M5">266.477333333333</dst>
            <dst id="ATLAng">446.52</dst>
            <dst id="CHINng">1269.304</dst>
            <dst id="DNVRng">879.818666666667</dst>
            <dst id="HSTNng">491.053333333333</dst>
            <dst id="IPLSng">1110.95466666667</dst>
            <dst id="KSCYng">1022.14133333333</dst>
            <dst id="LOSAng">218.925333333333</dst>
            <dst id="NYCMng">815.445333333333</dst>
            <dst id="SNVAng">147.68</dst>
            <dst id="STTLng">463.802666666667</dst>
            <dst id="WASHng">1870.24</dst>
        </src>
        <src id="ATLAng">
            <dst id="ATLA-M5">645.554666666667</dst>
            <dst id="ATLAng">28933.9573333333</dst>
            <dst id="CHINng">61705.344</dst>
            <dst id="DNVRng">19053.272</dst>
            <dst id="HSTNng">9515.55733333333</dst>
            <dst id="IPLSng">42167.3626666667</dst>
            <dst id="KSCYng">27112.3946666667</dst>
            <dst id="LOSAng">21016.7346666667</dst>
            <dst id="NYCMng">22584.4693333333</dst>
            <dst id="SNVAng">3345.94</dst>
            <dst id="STTLng">12864.8826666667</dst>
            <dst id="WASHng">90105.0613333333</dst>
        </src>
        <src id="CHINng">
            <dst id="ATLA-M5">3671.46133333333</dst>
            <dst id="ATLAng">17047.9093333333</dst>
            <dst id="CHINng">64231.088</dst>
            <dst id="DNVRng">11720.7573333333</dst>
            <dst id="HSTNng">13390.5306666667</dst>
            <dst id="IPLSng">41167.216</dst>
            <dst id="KSCYng">10933.3066666667</dst>
            <dst id="LOSAng">33455.752</dst>
            <dst id="NYCMng">9090.328</dst>
            <dst id="SNVAng">5687.63466666667</dst>
            <dst id="STTLng">20049.392</dst>
            <dst id="WASHng">25347.144</dst>
        </src>
        <src id="DNVRng">
            <dst id="ATLA-M5">1375.112</dst>
            <dst id="ATLAng">16236.4053333333</dst>
            <dst id="CHINng">71019.832</dst>
            <dst id="DNVRng">12134.1946666667</dst>
            <dst id="HSTNng">14334.192</dst>
            <dst id="IPLSng">41934.0213333333</dst>
            <dst id="KSCYng">29013.7093333333</dst>
            <dst id="LOSAng">11777.2346666667</dst>
            <dst id="NYCMng">27152.2133333333</dst>
            <dst id="SNVAng">16546.912</dst>
            <dst id="STTLng">24376.0906666667</dst>
            <dst id="WASHng">54841.7786666667</dst>
        </src>
        <src id="HSTNng">
            <dst id="ATLA-M5">1556.13866666667</dst>
            <dst id="ATLAng">8286.05066666667</dst>
            <dst id="CHINng">26033.648</dst>
            <dst id="DNVRng">7715.4</dst>
            <dst id="HSTNng">13383.0613333333</dst>
            <dst id="IPLSng">16335.5173333333</dst>
            <dst id="KSCYng">5246.94666666667</dst>
            <dst id="LOSAng">12220.5333333333</dst>
            <dst id="NYCMng">8914.968</dst>
            <dst id="SNVAng">2900.37066666667</dst>
            <dst id="STTLng">2211.152</dst>
            <dst id="WASHng">11887.672</dst>
        </src>
        <src id="IPLSng">
            <dst id="ATLA-M5">2452.08266666667</dst>
            <dst id="ATLAng">43563.6586666666</dst>
            <dst id="CHINng">162944.029333333</dst>
            <dst id="DNVRng">40706.8426666667</dst>
            <dst id="HSTNng">14246.576</dst>
            <dst id="IPLSng">42379.72</dst>
            <dst id="KSCYng">22421.896</dst>
            <dst id="LOSAng">41911.2186666667</dst>
            <dst id="NYCMng">46797.5626666667</dst>
            <dst id="SNVAng">8804.792</dst>
            <dst id="STTLng">17760.4213333333</dst>
            <dst id="WASHng">64467.6853333333</dst>
        </src>
        <src id="KSCYng">
            <dst id="ATLA-M5">1460.672</dst>
            <dst id="ATLAng">22277.0613333333</dst>
            <dst id="CHINng">40862.3653333333</dst>
            <dst id="DNVRng">17890.3173333333</dst>
            <dst id="HSTNng">7021.76533333333</dst>
            <dst id="IPLSng">11199.872</dst>
            <dst id="KSCYng">8280.88</dst>
            <dst id="LOSAng">7731.608</dst>
            <dst id="NYCMng">8702.43466666667</dst>
            <dst id="SNVAng">3458.90666666667</dst>
            <dst id="STTLng">4824.27733333333</dst>
            <dst id="WASHng">15987.6186666667</dst>
        </src>
        <src id="LOSAng">
            <dst id="ATLA-M5">1257.73066666667</dst>
            <dst id="ATLAng">103523.093333333</dst>
            <dst id="CHINng">357992.106666667</dst>
            <dst id="DNVRng">15086.2906666667</dst>
            <dst id="HSTNng">16249.584</dst>
            <dst id="IPLSng">54732.4</dst>
            <dst id="KSCYng">13464</dst>
            <dst id="LOSAng">7658.28533333333</dst>
            <dst id="NYCMng">67262.6533333333</dst>
            <dst id="SNVAng">18426.3626666667</dst>
            <dst id="STTLng">28616.312</dst>
            <dst id="WASHng">73850.7973333333</dst>
        </src>
        <src id="NYCMng">
            <dst id="ATLA-M5">4573.07466666667</dst>
            <dst id="ATLAng">82912.04</dst>
            <dst id="CHINng">93239.7626666667</dst>
            <dst id="DNVRng">57498.2533333333</dst>
            <dst id="HSTNng">47374.24</dst>
            <dst id="IPLSng">84272.9013333333</dst>
            <dst id="KSCYng">38326.5333333333</dst>
            <dst id="LOSAng">65690.632</dst>
            <dst id="NYCMng">182930.338666667</dst>
            <dst id="SNVAng">12154.5306666667</dst>
            <dst id="STTLng">40300.7626666667</dst>
            <dst id="WASHng">111056.405333333</dst>
        </src>
        <src id="SNVAng">
            <dst id="ATLA-M5">60.5653333333333</dst>
            <dst id="ATLAng">1092.93066666667</dst>
            <dst id="CHINng">7831.40266666667</dst>
            <dst id="DNVRng">9933.33066666666</dst>
            <dst id="HSTNng">669.362666666667</dst>
            <dst id="IPLSng">4781.18666666667</dst>
            <dst id="KSCYng">1461.58133333333</dst>
            <dst id="LOSAng">48126.904</dst>
            <dst id="NYCMng">4155.46133333333</dst>
            <dst id="SNVAng">26414.3653333333</dst>
            <dst id="STTLng">66006.5493333333</dst>
            <dst id="WASHng">2689.52266666667</dst>
        </src>
        <src id="STTLng">
            <dst id="ATLA-M5">315.530666666667</dst>
            <dst id="ATLAng">17034.408</dst>
            <dst id="CHINng">78287.6666666667</dst>
            <dst id="DNVRng">17830.6373333333</dst>
            <dst id="HSTNng">8227.98933333333</dst>
            <dst id="IPLSng">39010.0933333333</dst>
            <dst id="KSCYng">9097.19733333333</dst>
            <dst id="LOSAng">38695.7733333333</dst>
            <dst id="NYCMng">32983.3546666667</dst>
            <dst id="SNVAng">11241.8986666667</dst>
            <dst id="STTLng">3484.032</dst>
            <dst id="WASHng">23138.8106666667</dst>
        </src>
        <src id="WASHng">
            <dst id="ATLA-M5">5745.648</dst>
            <dst id="ATLAng">138784.648</dst>
            <dst id="CHINng">134034.608</dst>
            <dst id="DNVRng">90681.2906666666</dst>
            <dst id="HSTNng">29084.0986666667</dst>
            <dst id="IPLSng">114199.706666667</dst>
            <dst id="KSCYng">50173.12</dst>
            <dst id="LOSAng">83013.96</dst>
            <dst id="NYCMng">241945.981333333</dst>
            <dst id="SNVAng">20265.032</dst>
            <dst id="STTLng">42494.4053333333</dst>
            <dst id="WASHng">392381.253333333</dst>
        </src>
    </IntraTM>
</TrafficMatrixFile>
