<?xml version="1.0" encoding="ISO-8859-1" standalone="yes"?>
<TrafficMatrixFile xsi:noNamespaceSchemaLocation="http://totem.run.montefiore.ulg.ac.be/Schema/TrafficMatrix-v1_2.xsd" xmlns:xsi="http://www.w3.org/2001/XMLSchema-instance">
    <IntraTM ASID="11537">
        <src id="ATLA-M5">
            <dst id="ATLA-M5">63.0933333333333</dst>
            <dst id="ATLAng">1639.01066666667</dst>
            <dst id="CHINng">906.664</dst>
            <dst id="DNVRng">53.3333333333333</dst>
            <dst id="HSTNng">224.224</dst>
            <dst id="IPLSng">238.714666666667</dst>
            <dst id="KSCYng">219.986666666667</dst>
            <dst id="LOSAng">626.874666666667</dst>
            <dst id="NYCMng">493.016</dst>
            <dst id="SNVAng">101.018666666667</dst>
            <dst id="STTLng">290.173333333333</dst>
            <dst id="WASHng">4529.63733333333</dst>
        </src>
        <src id="ATLAng">
            <dst id="ATLA-M5">175.674666666667</dst>
            <dst id="ATLAng">31105.6293333333</dst>
            <dst id="CHINng">17210.3253333333</dst>
            <dst id="DNVRng">5534.45066666667</dst>
            <dst id="HSTNng">3897.90133333333</dst>
            <dst id="IPLSng">18362.3786666667</dst>
            <dst id="KSCYng">5035.45333333333</dst>
            <dst id="LOSAng">11238.4266666667</dst>
            <dst id="NYCMng">14324.4773333333</dst>
            <dst id="SNVAng">1307.312</dst>
            <dst id="STTLng">4160.27733333333</dst>
            <dst id="WASHng">83458.368</dst>
        </src>
        <src id="CHINng">
            <dst id="ATLA-M5">289.245333333333</dst>
            <dst id="ATLAng">11940.7013333333</dst>
            <dst id="CHINng">43368.3786666667</dst>
            <dst id="DNVRng">6425.984</dst>
            <dst id="HSTNng">11055.6933333333</dst>
            <dst id="IPLSng">16222.736</dst>
            <dst id="KSCYng">3970.47733333333</dst>
            <dst id="LOSAng">24017.512</dst>
            <dst id="NYCMng">4191.58133333333</dst>
            <dst id="SNVAng">2290.87466666667</dst>
            <dst id="STTLng">6104.26933333333</dst>
            <dst id="WASHng">8468.592</dst>
        </src>
        <src id="DNVRng">
            <dst id="ATLA-M5">234.408</dst>
            <dst id="ATLAng">11384.6906666667</dst>
            <dst id="CHINng">65128.0053333333</dst>
            <dst id="DNVRng">19310.824</dst>
            <dst id="HSTNng">11710.1386666667</dst>
            <dst id="IPLSng">30074.912</dst>
            <dst id="KSCYng">18465.92</dst>
            <dst id="LOSAng">5706.06933333333</dst>
            <dst id="NYCMng">27113.1386666667</dst>
            <dst id="SNVAng">10705.7173333333</dst>
            <dst id="STTLng">10669.7946666667</dst>
            <dst id="WASHng">59376.3706666667</dst>
        </src>
        <src id="HSTNng">
            <dst id="ATLA-M5">3504.48266666667</dst>
            <dst id="ATLAng">2251.82666666667</dst>
            <dst id="CHINng">31161.7466666667</dst>
            <dst id="DNVRng">2684.85866666667</dst>
            <dst id="HSTNng">4051.29866666667</dst>
            <dst id="IPLSng">5831.17866666667</dst>
            <dst id="KSCYng">4331.27466666667</dst>
            <dst id="LOSAng">3389.56533333333</dst>
            <dst id="NYCMng">8752.176</dst>
            <dst id="SNVAng">660.141333333333</dst>
            <dst id="STTLng">1278.53066666667</dst>
            <dst id="WASHng">6083.15733333333</dst>
        </src>
        <src id="IPLSng">
            <dst id="ATLA-M5">133.333333333333</dst>
            <dst id="ATLAng">16870.1253333333</dst>
            <dst id="CHINng">133591.293333333</dst>
            <dst id="DNVRng">19846.344</dst>
            <dst id="HSTNng">4297.72533333333</dst>
            <dst id="IPLSng">58354.904</dst>
            <dst id="KSCYng">9288.10133333333</dst>
            <dst id="LOSAng">60520.8</dst>
            <dst id="NYCMng">28779.9306666667</dst>
            <dst id="SNVAng">4247.824</dst>
            <dst id="STTLng">8395.328</dst>
            <dst id="WASHng">56282.0746666667</dst>
        </src>
        <src id="KSCYng">
            <dst id="ATLA-M5">516.856</dst>
            <dst id="ATLAng">6638.45333333333</dst>
            <dst id="CHINng">53598.7813333333</dst>
            <dst id="DNVRng">10641.3706666667</dst>
            <dst id="HSTNng">3478.856</dst>
            <dst id="IPLSng">17815.9866666667</dst>
            <dst id="KSCYng">6478.41333333333</dst>
            <dst id="LOSAng">4252.58933333333</dst>
            <dst id="NYCMng">6745.18133333333</dst>
            <dst id="SNVAng">1376.91466666667</dst>
            <dst id="STTLng">4783.776</dst>
            <dst id="WASHng">14763.6186666667</dst>
        </src>
        <src id="LOSAng">
            <dst id="ATLA-M5">364.064</dst>
            <dst id="ATLAng">22856.0693333333</dst>
            <dst id="CHINng">137591.386666667</dst>
            <dst id="DNVRng">15897.4933333333</dst>
            <dst id="HSTNng">3800.45066666667</dst>
            <dst id="IPLSng">37499.2346666667</dst>
            <dst id="KSCYng">5390.44533333333</dst>
            <dst id="LOSAng">19335.504</dst>
            <dst id="NYCMng">55019.6933333333</dst>
            <dst id="SNVAng">7071.66133333333</dst>
            <dst id="STTLng">18806.288</dst>
            <dst id="WASHng">59791.72</dst>
        </src>
        <src id="NYCMng">
            <dst id="ATLA-M5">630.018666666667</dst>
            <dst id="ATLAng">43502.6986666667</dst>
            <dst id="CHINng">72346.4533333333</dst>
            <dst id="DNVRng">28149.8293333333</dst>
            <dst id="HSTNng">25895.0666666667</dst>
            <dst id="IPLSng">79513.112</dst>
            <dst id="KSCYng">14786.2133333333</dst>
            <dst id="LOSAng">55935.392</dst>
            <dst id="NYCMng">178690.824</dst>
            <dst id="SNVAng">10558.3733333333</dst>
            <dst id="STTLng">23171.8666666667</dst>
            <dst id="WASHng">74704.3173333333</dst>
        </src>
        <src id="SNVAng">
            <dst id="ATLA-M5">0</dst>
            <dst id="ATLAng">370.608</dst>
            <dst id="CHINng">7086.528</dst>
            <dst id="DNVRng">3550.48266666667</dst>
            <dst id="HSTNng">206.773333333333</dst>
            <dst id="IPLSng">2105.64533333333</dst>
            <dst id="KSCYng">1247.20266666667</dst>
            <dst id="LOSAng">30819.9573333333</dst>
            <dst id="NYCMng">12703.1893333333</dst>
            <dst id="SNVAng">13476.4666666667</dst>
            <dst id="STTLng">63012.408</dst>
            <dst id="WASHng">865.056</dst>
        </src>
        <src id="STTLng">
            <dst id="ATLA-M5">218.693333333333</dst>
            <dst id="ATLAng">9777.09066666667</dst>
            <dst id="CHINng">73304.4133333333</dst>
            <dst id="DNVRng">1721.992</dst>
            <dst id="HSTNng">1947.86666666667</dst>
            <dst id="IPLSng">17877.6346666667</dst>
            <dst id="KSCYng">2781.20266666667</dst>
            <dst id="LOSAng">18018.992</dst>
            <dst id="NYCMng">26623.9306666667</dst>
            <dst id="SNVAng">2832.39733333333</dst>
            <dst id="STTLng">24684.968</dst>
            <dst id="WASHng">13659.744</dst>
        </src>
        <src id="WASHng">
            <dst id="ATLA-M5">386.962666666667</dst>
            <dst id="ATLAng">107849.029333333</dst>
            <dst id="CHINng">73548.1653333333</dst>
            <dst id="DNVRng">43465.1813333333</dst>
            <dst id="HSTNng">16723.7573333333</dst>
            <dst id="IPLSng">59458.4373333333</dst>
            <dst id="KSCYng">18512.3466666667</dst>
            <dst id="LOSAng">67361.48</dst>
            <dst id="NYCMng">172627.264</dst>
            <dst id="SNVAng">7232.10933333333</dst>
            <dst id="STTLng">31401.9866666667</dst>
            <dst id="WASHng">356562.053333333</dst>
        </src>
    </IntraTM>
</TrafficMatrixFile>
