<?xml version="1.0" encoding="ISO-8859-1" standalone="yes"?>
<TrafficMatrixFile xsi:noNamespaceSchemaLocation="http://totem.run.montefiore.ulg.ac.be/Schema/TrafficMatrix-v1_2.xsd" xmlns:xsi="http://www.w3.org/2001/XMLSchema-instance">
    <IntraTM ASID="11537">
        <src id="ATLA-M5">
            <dst id="ATLA-M5">0</dst>
            <dst id="ATLAng">343.024</dst>
            <dst id="CHINng">1202.09066666667</dst>
            <dst id="DNVRng">143.261333333333</dst>
            <dst id="HSTNng">228.512</dst>
            <dst id="IPLSng">483.288</dst>
            <dst id="KSCYng">309.16</dst>
            <dst id="LOSAng">188.101333333333</dst>
            <dst id="NYCMng">1361.096</dst>
            <dst id="SNVAng">170.053333333333</dst>
            <dst id="STTLng">166.413333333333</dst>
            <dst id="WASHng">1526.49333333333</dst>
        </src>
        <src id="ATLAng">
            <dst id="ATLA-M5">460.493333333333</dst>
            <dst id="ATLAng">32237.512</dst>
            <dst id="CHINng">9954.74666666667</dst>
            <dst id="DNVRng">2141.09333333333</dst>
            <dst id="HSTNng">10997.0613333333</dst>
            <dst id="IPLSng">12451.5146666667</dst>
            <dst id="KSCYng">3519.33866666667</dst>
            <dst id="LOSAng">16076.92</dst>
            <dst id="NYCMng">13138.9226666667</dst>
            <dst id="SNVAng">2807.87466666667</dst>
            <dst id="STTLng">10441.232</dst>
            <dst id="WASHng">72283.544</dst>
        </src>
        <src id="CHINng">
            <dst id="ATLA-M5">106.666666666667</dst>
            <dst id="ATLAng">10044.1386666667</dst>
            <dst id="CHINng">60618.688</dst>
            <dst id="DNVRng">15306.0293333333</dst>
            <dst id="HSTNng">3660.25866666667</dst>
            <dst id="IPLSng">26784.3146666667</dst>
            <dst id="KSCYng">8844.536</dst>
            <dst id="LOSAng">18345.488</dst>
            <dst id="NYCMng">5737.91733333333</dst>
            <dst id="SNVAng">2504.73066666667</dst>
            <dst id="STTLng">7709.64533333333</dst>
            <dst id="WASHng">4811.90933333333</dst>
        </src>
        <src id="DNVRng">
            <dst id="ATLA-M5">101.653333333333</dst>
            <dst id="ATLAng">6545.69333333333</dst>
            <dst id="CHINng">41598.3626666667</dst>
            <dst id="DNVRng">7022.31466666667</dst>
            <dst id="HSTNng">4776.05066666667</dst>
            <dst id="IPLSng">5673.42933333333</dst>
            <dst id="KSCYng">14894.9093333333</dst>
            <dst id="LOSAng">11286.528</dst>
            <dst id="NYCMng">11357.2853333333</dst>
            <dst id="SNVAng">12631.6666666667</dst>
            <dst id="STTLng">17472.9306666667</dst>
            <dst id="WASHng">13114.744</dst>
        </src>
        <src id="HSTNng">
            <dst id="ATLA-M5">2117.54666666667</dst>
            <dst id="ATLAng">1858.78933333333</dst>
            <dst id="CHINng">22041.2986666667</dst>
            <dst id="DNVRng">2730.008</dst>
            <dst id="HSTNng">6958.208</dst>
            <dst id="IPLSng">8646.78133333333</dst>
            <dst id="KSCYng">1856.47733333333</dst>
            <dst id="LOSAng">174055.266666667</dst>
            <dst id="NYCMng">8346.90666666667</dst>
            <dst id="SNVAng">1924.912</dst>
            <dst id="STTLng">3484.24</dst>
            <dst id="WASHng">4707.832</dst>
        </src>
        <src id="IPLSng">
            <dst id="ATLA-M5">5824.472</dst>
            <dst id="ATLAng">9620.65866666667</dst>
            <dst id="CHINng">108512.874666667</dst>
            <dst id="DNVRng">11250.5626666667</dst>
            <dst id="HSTNng">5743.00533333333</dst>
            <dst id="IPLSng">22031.04</dst>
            <dst id="KSCYng">9613.088</dst>
            <dst id="LOSAng">23666.1866666667</dst>
            <dst id="NYCMng">20181.272</dst>
            <dst id="SNVAng">8549.69866666667</dst>
            <dst id="STTLng">9239.17066666667</dst>
            <dst id="WASHng">34836.8453333333</dst>
        </src>
        <src id="KSCYng">
            <dst id="ATLA-M5">579.333333333333</dst>
            <dst id="ATLAng">2554.85066666667</dst>
            <dst id="CHINng">33362.488</dst>
            <dst id="DNVRng">3778.912</dst>
            <dst id="HSTNng">3597.736</dst>
            <dst id="IPLSng">23612.8826666667</dst>
            <dst id="KSCYng">7194.176</dst>
            <dst id="LOSAng">5406.37866666667</dst>
            <dst id="NYCMng">10814.7093333333</dst>
            <dst id="SNVAng">652.197333333333</dst>
            <dst id="STTLng">4586.13066666667</dst>
            <dst id="WASHng">8745.89333333333</dst>
        </src>
        <src id="LOSAng">
            <dst id="ATLA-M5">66.4</dst>
            <dst id="ATLAng">13219.536</dst>
            <dst id="CHINng">152516.725333333</dst>
            <dst id="DNVRng">8712.48266666667</dst>
            <dst id="HSTNng">10500.5893333333</dst>
            <dst id="IPLSng">31894.8666666667</dst>
            <dst id="KSCYng">11231.152</dst>
            <dst id="LOSAng">15852.7546666667</dst>
            <dst id="NYCMng">57393.6933333333</dst>
            <dst id="SNVAng">6941.49866666667</dst>
            <dst id="STTLng">32682.6693333333</dst>
            <dst id="WASHng">56124.1173333333</dst>
        </src>
        <src id="NYCMng">
            <dst id="ATLA-M5">740.234666666667</dst>
            <dst id="ATLAng">33668.776</dst>
            <dst id="CHINng">71958.1093333333</dst>
            <dst id="DNVRng">18732.904</dst>
            <dst id="HSTNng">34302.9226666667</dst>
            <dst id="IPLSng">45738.152</dst>
            <dst id="KSCYng">19999.816</dst>
            <dst id="LOSAng">78150.152</dst>
            <dst id="NYCMng">167223.749333333</dst>
            <dst id="SNVAng">9431.37066666666</dst>
            <dst id="STTLng">27163.6746666667</dst>
            <dst id="WASHng">60500.616</dst>
        </src>
        <src id="SNVAng">
            <dst id="ATLA-M5">122.173333333333</dst>
            <dst id="ATLAng">416.970666666667</dst>
            <dst id="CHINng">7305.20533333334</dst>
            <dst id="DNVRng">12162.464</dst>
            <dst id="HSTNng">1213.99733333333</dst>
            <dst id="IPLSng">1905.232</dst>
            <dst id="KSCYng">847.736</dst>
            <dst id="LOSAng">4798.96</dst>
            <dst id="NYCMng">1913.648</dst>
            <dst id="SNVAng">213.154666666667</dst>
            <dst id="STTLng">2015.368</dst>
            <dst id="WASHng">2415.48533333333</dst>
        </src>
        <src id="STTLng">
            <dst id="ATLA-M5">81.464</dst>
            <dst id="ATLAng">12939.472</dst>
            <dst id="CHINng">68696.7973333334</dst>
            <dst id="DNVRng">5420.85866666667</dst>
            <dst id="HSTNng">1242.04</dst>
            <dst id="IPLSng">5281.984</dst>
            <dst id="KSCYng">3353.77066666667</dst>
            <dst id="LOSAng">24355.6266666667</dst>
            <dst id="NYCMng">20565.6986666667</dst>
            <dst id="SNVAng">3216.03733333333</dst>
            <dst id="STTLng">6349.99733333333</dst>
            <dst id="WASHng">7753.81866666667</dst>
        </src>
        <src id="WASHng">
            <dst id="ATLA-M5">1397.56266666667</dst>
            <dst id="ATLAng">92091.5546666666</dst>
            <dst id="CHINng">79522.216</dst>
            <dst id="DNVRng">42662.168</dst>
            <dst id="HSTNng">16227.96</dst>
            <dst id="IPLSng">44796.704</dst>
            <dst id="KSCYng">18887.5866666667</dst>
            <dst id="LOSAng">61623.984</dst>
            <dst id="NYCMng">142904.344</dst>
            <dst id="SNVAng">5030.944</dst>
            <dst id="STTLng">34819.976</dst>
            <dst id="WASHng">349357.066666667</dst>
        </src>
    </IntraTM>
</TrafficMatrixFile>
