<?xml version="1.0" encoding="ISO-8859-1" standalone="yes"?>
<TrafficMatrixFile xsi:noNamespaceSchemaLocation="http://totem.run.montefiore.ulg.ac.be/Schema/TrafficMatrix-v1_2.xsd" xmlns:xsi="http://www.w3.org/2001/XMLSchema-instance">
    <IntraTM ASID="11537">
        <src id="ATLA-M5">
            <dst id="ATLA-M5">532.626666666667</dst>
            <dst id="ATLAng">1606.79466666667</dst>
            <dst id="CHINng">1692.30133333333</dst>
            <dst id="DNVRng">406.136</dst>
            <dst id="HSTNng">279.44</dst>
            <dst id="IPLSng">753.92</dst>
            <dst id="KSCYng">475.178666666667</dst>
            <dst id="LOSAng">575.669333333333</dst>
            <dst id="NYCMng">550.202666666667</dst>
            <dst id="SNVAng">41.344</dst>
            <dst id="STTLng">148.984</dst>
            <dst id="WASHng">3184.83466666667</dst>
        </src>
        <src id="ATLAng">
            <dst id="ATLA-M5">1522.73866666667</dst>
            <dst id="ATLAng">38841.176</dst>
            <dst id="CHINng">37466.6426666667</dst>
            <dst id="DNVRng">7287.272</dst>
            <dst id="HSTNng">7473.05333333333</dst>
            <dst id="IPLSng">38188.9466666667</dst>
            <dst id="KSCYng">12477.2453333333</dst>
            <dst id="LOSAng">13524.5746666667</dst>
            <dst id="NYCMng">14895.0213333333</dst>
            <dst id="SNVAng">2171.1</dst>
            <dst id="STTLng">5688.27733333333</dst>
            <dst id="WASHng">96206.232</dst>
        </src>
        <src id="CHINng">
            <dst id="ATLA-M5">269.117333333333</dst>
            <dst id="ATLAng">25149.3893333333</dst>
            <dst id="CHINng">46349.2506666667</dst>
            <dst id="DNVRng">9473.04533333334</dst>
            <dst id="HSTNng">6226.568</dst>
            <dst id="IPLSng">45275.2746666667</dst>
            <dst id="KSCYng">5925.608</dst>
            <dst id="LOSAng">17434.4426666667</dst>
            <dst id="NYCMng">5801.584</dst>
            <dst id="SNVAng">2913.23733333333</dst>
            <dst id="STTLng">5548.88</dst>
            <dst id="WASHng">17966.152</dst>
        </src>
        <src id="DNVRng">
            <dst id="ATLA-M5">4961.37866666667</dst>
            <dst id="ATLAng">8716.696</dst>
            <dst id="CHINng">77654.7413333333</dst>
            <dst id="DNVRng">21691.144</dst>
            <dst id="HSTNng">11806.36</dst>
            <dst id="IPLSng">34180.72</dst>
            <dst id="KSCYng">39164.5253333333</dst>
            <dst id="LOSAng">10484.4266666667</dst>
            <dst id="NYCMng">26715.3813333333</dst>
            <dst id="SNVAng">12878.1066666667</dst>
            <dst id="STTLng">17585.8853333333</dst>
            <dst id="WASHng">56368.0986666667</dst>
        </src>
        <src id="HSTNng">
            <dst id="ATLA-M5">1510.64533333333</dst>
            <dst id="ATLAng">6830.72</dst>
            <dst id="CHINng">30945.6133333333</dst>
            <dst id="DNVRng">2133.73333333333</dst>
            <dst id="HSTNng">14074.4</dst>
            <dst id="IPLSng">9471.17333333333</dst>
            <dst id="KSCYng">3526.36</dst>
            <dst id="LOSAng">6168.30666666667</dst>
            <dst id="NYCMng">18357.1306666667</dst>
            <dst id="SNVAng">1215.816</dst>
            <dst id="STTLng">2445.37866666667</dst>
            <dst id="WASHng">7135.408</dst>
        </src>
        <src id="IPLSng">
            <dst id="ATLA-M5">760.648</dst>
            <dst id="ATLAng">20746.8213333333</dst>
            <dst id="CHINng">151430.370666667</dst>
            <dst id="DNVRng">17305.0666666667</dst>
            <dst id="HSTNng">8671.784</dst>
            <dst id="IPLSng">39227.3333333333</dst>
            <dst id="KSCYng">18957.52</dst>
            <dst id="LOSAng">42624.6346666667</dst>
            <dst id="NYCMng">56035.4613333333</dst>
            <dst id="SNVAng">9316.66933333334</dst>
            <dst id="STTLng">8689.50933333334</dst>
            <dst id="WASHng">76675.6106666667</dst>
        </src>
        <src id="KSCYng">
            <dst id="ATLA-M5">630.208</dst>
            <dst id="ATLAng">11361.0213333333</dst>
            <dst id="CHINng">45091.3013333333</dst>
            <dst id="DNVRng">10871.6693333333</dst>
            <dst id="HSTNng">3219.70933333333</dst>
            <dst id="IPLSng">12619.4</dst>
            <dst id="KSCYng">17506.5413333333</dst>
            <dst id="LOSAng">3572.97066666667</dst>
            <dst id="NYCMng">9540.52</dst>
            <dst id="SNVAng">1250.24266666667</dst>
            <dst id="STTLng">2733.59466666667</dst>
            <dst id="WASHng">14535.7013333333</dst>
        </src>
        <src id="LOSAng">
            <dst id="ATLA-M5">1138.25333333333</dst>
            <dst id="ATLAng">26165.392</dst>
            <dst id="CHINng">158273.914666667</dst>
            <dst id="DNVRng">13803.7786666667</dst>
            <dst id="HSTNng">10578.2586666667</dst>
            <dst id="IPLSng">38790.6986666667</dst>
            <dst id="KSCYng">14984.9786666667</dst>
            <dst id="LOSAng">13248.1706666667</dst>
            <dst id="NYCMng">55486.2346666667</dst>
            <dst id="SNVAng">8601.992</dst>
            <dst id="STTLng">21817.0826666667</dst>
            <dst id="WASHng">81559.7546666667</dst>
        </src>
        <src id="NYCMng">
            <dst id="ATLA-M5">2237.6</dst>
            <dst id="ATLAng">56382.2026666667</dst>
            <dst id="CHINng">73470.6266666667</dst>
            <dst id="DNVRng">35490.9866666667</dst>
            <dst id="HSTNng">17020.1866666667</dst>
            <dst id="IPLSng">83981.6266666667</dst>
            <dst id="KSCYng">39308.5253333333</dst>
            <dst id="LOSAng">48522.4586666667</dst>
            <dst id="NYCMng">185433.904</dst>
            <dst id="SNVAng">7646.60533333333</dst>
            <dst id="STTLng">23667.4933333333</dst>
            <dst id="WASHng">109484.184</dst>
        </src>
        <src id="SNVAng">
            <dst id="ATLA-M5">110.613333333333</dst>
            <dst id="ATLAng">683.912</dst>
            <dst id="CHINng">8023.29333333333</dst>
            <dst id="DNVRng">6877.10666666667</dst>
            <dst id="HSTNng">924.370666666667</dst>
            <dst id="IPLSng">1765.624</dst>
            <dst id="KSCYng">1184.65866666667</dst>
            <dst id="LOSAng">33545.2826666667</dst>
            <dst id="NYCMng">1872.752</dst>
            <dst id="SNVAng">16682.416</dst>
            <dst id="STTLng">63580.984</dst>
            <dst id="WASHng">2920.136</dst>
        </src>
        <src id="STTLng">
            <dst id="ATLA-M5">1082.87466666667</dst>
            <dst id="ATLAng">13491.1546666667</dst>
            <dst id="CHINng">95082.368</dst>
            <dst id="DNVRng">6507.08</dst>
            <dst id="HSTNng">5648.15466666667</dst>
            <dst id="IPLSng">24402.0213333333</dst>
            <dst id="KSCYng">6104.168</dst>
            <dst id="LOSAng">39273.3386666667</dst>
            <dst id="NYCMng">25828.912</dst>
            <dst id="SNVAng">5802.70933333333</dst>
            <dst id="STTLng">11606.1653333333</dst>
            <dst id="WASHng">22852.6346666667</dst>
        </src>
        <src id="WASHng">
            <dst id="ATLA-M5">3419.68</dst>
            <dst id="ATLAng">131937.762666667</dst>
            <dst id="CHINng">117274.512</dst>
            <dst id="DNVRng">57314.832</dst>
            <dst id="HSTNng">24490.7146666667</dst>
            <dst id="IPLSng">87814.888</dst>
            <dst id="KSCYng">38689.4293333333</dst>
            <dst id="LOSAng">79335.2026666667</dst>
            <dst id="NYCMng">225117.197333333</dst>
            <dst id="SNVAng">5989.00266666667</dst>
            <dst id="STTLng">35931.2586666667</dst>
            <dst id="WASHng">426190.133333333</dst>
        </src>
    </IntraTM>
</TrafficMatrixFile>
