<?xml version="1.0" encoding="ISO-8859-1" standalone="yes"?>
<TrafficMatrixFile xsi:noNamespaceSchemaLocation="http://totem.run.montefiore.ulg.ac.be/Schema/TrafficMatrix-v1_2.xsd" xmlns:xsi="http://www.w3.org/2001/XMLSchema-instance">
    <IntraTM ASID="11537">
        <src id="ATLA-M5">
            <dst id="ATLA-M5">0</dst>
            <dst id="ATLAng">1296.168</dst>
            <dst id="CHINng">1815.728</dst>
            <dst id="DNVRng">26.6666666666667</dst>
            <dst id="HSTNng">145.354666666667</dst>
            <dst id="IPLSng">353.674666666667</dst>
            <dst id="KSCYng">129.602666666667</dst>
            <dst id="LOSAng">464.048</dst>
            <dst id="NYCMng">631.866666666667</dst>
            <dst id="SNVAng">52.4266666666667</dst>
            <dst id="STTLng">283.594666666667</dst>
            <dst id="WASHng">4733.368</dst>
        </src>
        <src id="ATLAng">
            <dst id="ATLA-M5">323.328</dst>
            <dst id="ATLAng">30160.856</dst>
            <dst id="CHINng">18550.024</dst>
            <dst id="DNVRng">7235.368</dst>
            <dst id="HSTNng">3553.02933333333</dst>
            <dst id="IPLSng">25840.104</dst>
            <dst id="KSCYng">6737.26933333333</dst>
            <dst id="LOSAng">12079.0613333333</dst>
            <dst id="NYCMng">15396.408</dst>
            <dst id="SNVAng">1115.088</dst>
            <dst id="STTLng">4293.144</dst>
            <dst id="WASHng">92130.7386666667</dst>
        </src>
        <src id="CHINng">
            <dst id="ATLA-M5">268.506666666667</dst>
            <dst id="ATLAng">19559.76</dst>
            <dst id="CHINng">47578.2666666667</dst>
            <dst id="DNVRng">6681.71733333333</dst>
            <dst id="HSTNng">9614.904</dst>
            <dst id="IPLSng">17481.32</dst>
            <dst id="KSCYng">4665.98933333333</dst>
            <dst id="LOSAng">24905.848</dst>
            <dst id="NYCMng">3601.19733333333</dst>
            <dst id="SNVAng">2002.50133333333</dst>
            <dst id="STTLng">6726.64266666667</dst>
            <dst id="WASHng">6829.96266666667</dst>
        </src>
        <src id="DNVRng">
            <dst id="ATLA-M5">356.362666666667</dst>
            <dst id="ATLAng">11018.64</dst>
            <dst id="CHINng">66848.2986666667</dst>
            <dst id="DNVRng">17272.1493333333</dst>
            <dst id="HSTNng">11407.1653333333</dst>
            <dst id="IPLSng">30489.9653333333</dst>
            <dst id="KSCYng">18516.6853333333</dst>
            <dst id="LOSAng">7215.52533333333</dst>
            <dst id="NYCMng">28143.984</dst>
            <dst id="SNVAng">9725.34666666667</dst>
            <dst id="STTLng">10663.9786666667</dst>
            <dst id="WASHng">60571.9786666666</dst>
        </src>
        <src id="HSTNng">
            <dst id="ATLA-M5">1327.168</dst>
            <dst id="ATLAng">2098.736</dst>
            <dst id="CHINng">33670.544</dst>
            <dst id="DNVRng">3763.224</dst>
            <dst id="HSTNng">3077.03466666667</dst>
            <dst id="IPLSng">5172.65333333333</dst>
            <dst id="KSCYng">3334.56266666667</dst>
            <dst id="LOSAng">3440.584</dst>
            <dst id="NYCMng">9762.33333333333</dst>
            <dst id="SNVAng">1390.92</dst>
            <dst id="STTLng">2182.05866666667</dst>
            <dst id="WASHng">4800.93866666667</dst>
        </src>
        <src id="IPLSng">
            <dst id="ATLA-M5">204.04</dst>
            <dst id="ATLAng">26004.2373333333</dst>
            <dst id="CHINng">147219.669333333</dst>
            <dst id="DNVRng">18475.5413333333</dst>
            <dst id="HSTNng">6342.208</dst>
            <dst id="IPLSng">36450.7173333333</dst>
            <dst id="KSCYng">10355.552</dst>
            <dst id="LOSAng">17339.5466666667</dst>
            <dst id="NYCMng">23906.3146666667</dst>
            <dst id="SNVAng">3424.61333333333</dst>
            <dst id="STTLng">11464.288</dst>
            <dst id="WASHng">59800.0213333334</dst>
        </src>
        <src id="KSCYng">
            <dst id="ATLA-M5">343.498666666667</dst>
            <dst id="ATLAng">6063.19733333333</dst>
            <dst id="CHINng">46695.632</dst>
            <dst id="DNVRng">8691.66666666667</dst>
            <dst id="HSTNng">3054.83466666667</dst>
            <dst id="IPLSng">16467.3253333333</dst>
            <dst id="KSCYng">7641.392</dst>
            <dst id="LOSAng">4529.20533333333</dst>
            <dst id="NYCMng">8854.53333333333</dst>
            <dst id="SNVAng">1511.91733333333</dst>
            <dst id="STTLng">4547.22666666667</dst>
            <dst id="WASHng">17987.6373333333</dst>
        </src>
        <src id="LOSAng">
            <dst id="ATLA-M5">402.946666666667</dst>
            <dst id="ATLAng">17878.0533333333</dst>
            <dst id="CHINng">150254.136</dst>
            <dst id="DNVRng">16180.984</dst>
            <dst id="HSTNng">3252.288</dst>
            <dst id="IPLSng">32855.2773333333</dst>
            <dst id="KSCYng">5128.99733333333</dst>
            <dst id="LOSAng">12313.0613333333</dst>
            <dst id="NYCMng">55652.056</dst>
            <dst id="SNVAng">6655.70933333333</dst>
            <dst id="STTLng">22414.8</dst>
            <dst id="WASHng">61117.9786666666</dst>
        </src>
        <src id="NYCMng">
            <dst id="ATLA-M5">379.946666666667</dst>
            <dst id="ATLAng">48856.6613333333</dst>
            <dst id="CHINng">78395.3733333333</dst>
            <dst id="DNVRng">27917.6426666667</dst>
            <dst id="HSTNng">19705.872</dst>
            <dst id="IPLSng">64227.5786666667</dst>
            <dst id="KSCYng">20064.736</dst>
            <dst id="LOSAng">55266.6426666667</dst>
            <dst id="NYCMng">170510.416</dst>
            <dst id="SNVAng">10124.672</dst>
            <dst id="STTLng">27182.7733333333</dst>
            <dst id="WASHng">77205.64</dst>
        </src>
        <src id="SNVAng">
            <dst id="ATLA-M5">0</dst>
            <dst id="ATLAng">373.674666666667</dst>
            <dst id="CHINng">7531.86133333333</dst>
            <dst id="DNVRng">3663.26133333333</dst>
            <dst id="HSTNng">438.738666666667</dst>
            <dst id="IPLSng">1448.39733333333</dst>
            <dst id="KSCYng">1302.672</dst>
            <dst id="LOSAng">31276.9493333333</dst>
            <dst id="NYCMng">2442.97066666667</dst>
            <dst id="SNVAng">14436.7946666667</dst>
            <dst id="STTLng">60430.6453333333</dst>
            <dst id="WASHng">846.349333333333</dst>
        </src>
        <src id="STTLng">
            <dst id="ATLA-M5">101.402666666667</dst>
            <dst id="ATLAng">10672.3626666667</dst>
            <dst id="CHINng">76602.848</dst>
            <dst id="DNVRng">1905.86133333333</dst>
            <dst id="HSTNng">1707.56</dst>
            <dst id="IPLSng">18988.4053333333</dst>
            <dst id="KSCYng">3445.21333333333</dst>
            <dst id="LOSAng">19343.5786666667</dst>
            <dst id="NYCMng">29104.9386666667</dst>
            <dst id="SNVAng">4642.52266666667</dst>
            <dst id="STTLng">11148.88</dst>
            <dst id="WASHng">15220.8026666667</dst>
        </src>
        <src id="WASHng">
            <dst id="ATLA-M5">490.962666666667</dst>
            <dst id="ATLAng">106669.130666667</dst>
            <dst id="CHINng">83365.12</dst>
            <dst id="DNVRng">51201.5066666667</dst>
            <dst id="HSTNng">17822.328</dst>
            <dst id="IPLSng">58897.9226666667</dst>
            <dst id="KSCYng">13234.392</dst>
            <dst id="LOSAng">60878.1626666667</dst>
            <dst id="NYCMng">198131.576</dst>
            <dst id="SNVAng">2310</dst>
            <dst id="STTLng">31771.44</dst>
            <dst id="WASHng">344152.213333333</dst>
        </src>
    </IntraTM>
</TrafficMatrixFile>
