<?xml version="1.0" encoding="ISO-8859-1" standalone="yes"?>
<TrafficMatrixFile xsi:noNamespaceSchemaLocation="http://totem.run.montefiore.ulg.ac.be/Schema/TrafficMatrix-v1_2.xsd" xmlns:xsi="http://www.w3.org/2001/XMLSchema-instance">
    <IntraTM ASID="11537">
        <src id="ATLA-M5">
            <dst id="ATLA-M5">162.925333333333</dst>
            <dst id="ATLAng">1810.912</dst>
            <dst id="CHINng">1940.81866666667</dst>
            <dst id="DNVRng">704.048</dst>
            <dst id="HSTNng">707.136</dst>
            <dst id="IPLSng">1084.93866666667</dst>
            <dst id="KSCYng">848.269333333333</dst>
            <dst id="LOSAng">611.312</dst>
            <dst id="NYCMng">1926.64266666667</dst>
            <dst id="SNVAng">185.624</dst>
            <dst id="STTLng">285.608</dst>
            <dst id="WASHng">3366.86133333333</dst>
        </src>
        <src id="ATLAng">
            <dst id="ATLA-M5">2643.85066666667</dst>
            <dst id="ATLAng">29744.4906666667</dst>
            <dst id="CHINng">46289.216</dst>
            <dst id="DNVRng">18690.8773333333</dst>
            <dst id="HSTNng">11775.488</dst>
            <dst id="IPLSng">35046.648</dst>
            <dst id="KSCYng">21732.5146666667</dst>
            <dst id="LOSAng">22133.6173333333</dst>
            <dst id="NYCMng">26710.552</dst>
            <dst id="SNVAng">3830.91866666667</dst>
            <dst id="STTLng">8796.26133333333</dst>
            <dst id="WASHng">103824.168</dst>
        </src>
        <src id="CHINng">
            <dst id="ATLA-M5">3849.632</dst>
            <dst id="ATLAng">23689.736</dst>
            <dst id="CHINng">64768.7146666667</dst>
            <dst id="DNVRng">16930.472</dst>
            <dst id="HSTNng">16847.7866666667</dst>
            <dst id="IPLSng">32609.672</dst>
            <dst id="KSCYng">16363.1146666667</dst>
            <dst id="LOSAng">27623.456</dst>
            <dst id="NYCMng">12013.5946666667</dst>
            <dst id="SNVAng">7763.82666666667</dst>
            <dst id="STTLng">22630.5013333333</dst>
            <dst id="WASHng">21405.1973333333</dst>
        </src>
        <src id="DNVRng">
            <dst id="ATLA-M5">597.576</dst>
            <dst id="ATLAng">12679.0426666667</dst>
            <dst id="CHINng">62124.0293333333</dst>
            <dst id="DNVRng">11529.3306666667</dst>
            <dst id="HSTNng">14344.5253333333</dst>
            <dst id="IPLSng">34452.4453333333</dst>
            <dst id="KSCYng">25278.3146666667</dst>
            <dst id="LOSAng">24670.64</dst>
            <dst id="NYCMng">30040.2053333333</dst>
            <dst id="SNVAng">16699.1146666667</dst>
            <dst id="STTLng">14138.8293333333</dst>
            <dst id="WASHng">50408.5573333333</dst>
        </src>
        <src id="HSTNng">
            <dst id="ATLA-M5">2935.48</dst>
            <dst id="ATLAng">4375.15733333333</dst>
            <dst id="CHINng">34110.3973333333</dst>
            <dst id="DNVRng">7987.77866666667</dst>
            <dst id="HSTNng">10729.4213333333</dst>
            <dst id="IPLSng">12220.2373333333</dst>
            <dst id="KSCYng">5808.4</dst>
            <dst id="LOSAng">6736.896</dst>
            <dst id="NYCMng">7840.00266666667</dst>
            <dst id="SNVAng">2867.52533333333</dst>
            <dst id="STTLng">2936.192</dst>
            <dst id="WASHng">16228.0213333333</dst>
        </src>
        <src id="IPLSng">
            <dst id="ATLA-M5">2148.90933333333</dst>
            <dst id="ATLAng">28064.496</dst>
            <dst id="CHINng">139384.253333333</dst>
            <dst id="DNVRng">37939.1706666667</dst>
            <dst id="HSTNng">11596.8</dst>
            <dst id="IPLSng">40169.9893333333</dst>
            <dst id="KSCYng">28973.0826666667</dst>
            <dst id="LOSAng">109743.922666667</dst>
            <dst id="NYCMng">74018.8613333333</dst>
            <dst id="SNVAng">11739.0613333333</dst>
            <dst id="STTLng">17322.92</dst>
            <dst id="WASHng">50583.312</dst>
        </src>
        <src id="KSCYng">
            <dst id="ATLA-M5">608</dst>
            <dst id="ATLAng">20557.5173333333</dst>
            <dst id="CHINng">41700.7466666667</dst>
            <dst id="DNVRng">20297.9146666667</dst>
            <dst id="HSTNng">7826.22933333333</dst>
            <dst id="IPLSng">13844.0266666667</dst>
            <dst id="KSCYng">6300.73866666667</dst>
            <dst id="LOSAng">6758.42666666667</dst>
            <dst id="NYCMng">10955.552</dst>
            <dst id="SNVAng">1424.712</dst>
            <dst id="STTLng">3393.69866666667</dst>
            <dst id="WASHng">15484.88</dst>
        </src>
        <src id="LOSAng">
            <dst id="ATLA-M5">1979.17333333333</dst>
            <dst id="ATLAng">45015.6</dst>
            <dst id="CHINng">134904.130666667</dst>
            <dst id="DNVRng">24972.368</dst>
            <dst id="HSTNng">14426.856</dst>
            <dst id="IPLSng">58816.608</dst>
            <dst id="KSCYng">9091.37066666666</dst>
            <dst id="LOSAng">10016.8746666667</dst>
            <dst id="NYCMng">67692.8293333333</dst>
            <dst id="SNVAng">17367.5066666667</dst>
            <dst id="STTLng">29660.7066666667</dst>
            <dst id="WASHng">74930.4986666667</dst>
        </src>
        <src id="NYCMng">
            <dst id="ATLA-M5">4265.032</dst>
            <dst id="ATLAng">61056.52</dst>
            <dst id="CHINng">84982.568</dst>
            <dst id="DNVRng">47854.488</dst>
            <dst id="HSTNng">40625.9973333333</dst>
            <dst id="IPLSng">95017.2853333334</dst>
            <dst id="KSCYng">44076.1626666667</dst>
            <dst id="LOSAng">88194.7893333333</dst>
            <dst id="NYCMng">154442.4</dst>
            <dst id="SNVAng">14327.68</dst>
            <dst id="STTLng">31326.2426666667</dst>
            <dst id="WASHng">111853.456</dst>
        </src>
        <src id="SNVAng">
            <dst id="ATLA-M5">265.674666666667</dst>
            <dst id="ATLAng">926.261333333333</dst>
            <dst id="CHINng">5158.688</dst>
            <dst id="DNVRng">7158.49866666667</dst>
            <dst id="HSTNng">1605.58933333333</dst>
            <dst id="IPLSng">3918.704</dst>
            <dst id="KSCYng">1239.744</dst>
            <dst id="LOSAng">41759.152</dst>
            <dst id="NYCMng">2937.392</dst>
            <dst id="SNVAng">21326.4506666667</dst>
            <dst id="STTLng">72711.1573333333</dst>
            <dst id="WASHng">3455.68</dst>
        </src>
        <src id="STTLng">
            <dst id="ATLA-M5">118.717333333333</dst>
            <dst id="ATLAng">18358.1866666667</dst>
            <dst id="CHINng">85191.2506666666</dst>
            <dst id="DNVRng">11023.864</dst>
            <dst id="HSTNng">8072.656</dst>
            <dst id="IPLSng">29917.216</dst>
            <dst id="KSCYng">4958.06933333333</dst>
            <dst id="LOSAng">44795.2826666667</dst>
            <dst id="NYCMng">28425.672</dst>
            <dst id="SNVAng">11840.6426666667</dst>
            <dst id="STTLng">3687.24533333333</dst>
            <dst id="WASHng">21302.3386666667</dst>
        </src>
        <src id="WASHng">
            <dst id="ATLA-M5">1266.17066666667</dst>
            <dst id="ATLAng">109075.258666667</dst>
            <dst id="CHINng">96312.144</dst>
            <dst id="DNVRng">102573.178666667</dst>
            <dst id="HSTNng">40855.032</dst>
            <dst id="IPLSng">112042.288</dst>
            <dst id="KSCYng">34580.7173333333</dst>
            <dst id="LOSAng">106982.658666667</dst>
            <dst id="NYCMng">215216.093333333</dst>
            <dst id="SNVAng">10727.3626666667</dst>
            <dst id="STTLng">53085.1386666667</dst>
            <dst id="WASHng">286591.36</dst>
        </src>
    </IntraTM>
</TrafficMatrixFile>
