<?xml version="1.0" encoding="ISO-8859-1" standalone="yes"?>
<TrafficMatrixFile xsi:noNamespaceSchemaLocation="http://totem.run.montefiore.ulg.ac.be/Schema/TrafficMatrix-v1_2.xsd" xmlns:xsi="http://www.w3.org/2001/XMLSchema-instance">
    <IntraTM ASID="11537">
        <src id="ATLA-M5">
            <dst id="ATLA-M5">459.44</dst>
            <dst id="ATLAng">703.890666666667</dst>
            <dst id="CHINng">1832.464</dst>
            <dst id="DNVRng">781.344</dst>
            <dst id="HSTNng">369.92</dst>
            <dst id="IPLSng">3658.512</dst>
            <dst id="KSCYng">1195.39466666667</dst>
            <dst id="LOSAng">462.853333333333</dst>
            <dst id="NYCMng">1500.53066666667</dst>
            <dst id="SNVAng">145.424</dst>
            <dst id="STTLng">894.898666666667</dst>
            <dst id="WASHng">3717.072</dst>
        </src>
        <src id="ATLAng">
            <dst id="ATLA-M5">2371.504</dst>
            <dst id="ATLAng">29954.736</dst>
            <dst id="CHINng">58746.6053333333</dst>
            <dst id="DNVRng">20249.448</dst>
            <dst id="HSTNng">12331.928</dst>
            <dst id="IPLSng">41507.6346666667</dst>
            <dst id="KSCYng">18094.5306666667</dst>
            <dst id="LOSAng">17589.172</dst>
            <dst id="NYCMng">24290.008</dst>
            <dst id="SNVAng">3001.7</dst>
            <dst id="STTLng">12177.6933333333</dst>
            <dst id="WASHng">84005.3013333333</dst>
        </src>
        <src id="CHINng">
            <dst id="ATLA-M5">3739.512</dst>
            <dst id="ATLAng">20540.7626666667</dst>
            <dst id="CHINng">66622.9386666667</dst>
            <dst id="DNVRng">13819.1653333333</dst>
            <dst id="HSTNng">28461.1146666667</dst>
            <dst id="IPLSng">31399.1573333333</dst>
            <dst id="KSCYng">12825.7066666667</dst>
            <dst id="LOSAng">30384.5946666667</dst>
            <dst id="NYCMng">18638.3146666667</dst>
            <dst id="SNVAng">3220.736</dst>
            <dst id="STTLng">19999.4773333333</dst>
            <dst id="WASHng">23978.128</dst>
        </src>
        <src id="DNVRng">
            <dst id="ATLA-M5">931.146666666667</dst>
            <dst id="ATLAng">16712.912</dst>
            <dst id="CHINng">66895.784</dst>
            <dst id="DNVRng">20041.8346666667</dst>
            <dst id="HSTNng">16967.8933333333</dst>
            <dst id="IPLSng">29828.4213333333</dst>
            <dst id="KSCYng">37497.7013333333</dst>
            <dst id="LOSAng">20983.1626666667</dst>
            <dst id="NYCMng">29697.92</dst>
            <dst id="SNVAng">23120.8213333333</dst>
            <dst id="STTLng">24460.84</dst>
            <dst id="WASHng">53489.848</dst>
        </src>
        <src id="HSTNng">
            <dst id="ATLA-M5">826.016</dst>
            <dst id="ATLAng">7814.01333333333</dst>
            <dst id="CHINng">26922.288</dst>
            <dst id="DNVRng">6881.62666666667</dst>
            <dst id="HSTNng">11577.7093333333</dst>
            <dst id="IPLSng">16479.6586666667</dst>
            <dst id="KSCYng">8016.69866666667</dst>
            <dst id="LOSAng">99760.976</dst>
            <dst id="NYCMng">12681.7626666667</dst>
            <dst id="SNVAng">2343.06133333333</dst>
            <dst id="STTLng">3781.24</dst>
            <dst id="WASHng">9644.06133333333</dst>
        </src>
        <src id="IPLSng">
            <dst id="ATLA-M5">3652.14666666667</dst>
            <dst id="ATLAng">32817.744</dst>
            <dst id="CHINng">144956.437333333</dst>
            <dst id="DNVRng">42000.152</dst>
            <dst id="HSTNng">16557.592</dst>
            <dst id="IPLSng">56509.5573333333</dst>
            <dst id="KSCYng">16694.9786666667</dst>
            <dst id="LOSAng">21843.4106666667</dst>
            <dst id="NYCMng">41429.0613333333</dst>
            <dst id="SNVAng">6793.472</dst>
            <dst id="STTLng">12700.2426666667</dst>
            <dst id="WASHng">53838.3866666667</dst>
        </src>
        <src id="KSCYng">
            <dst id="ATLA-M5">926.314666666667</dst>
            <dst id="ATLAng">19540.9466666667</dst>
            <dst id="CHINng">41254.8853333333</dst>
            <dst id="DNVRng">17229.8986666667</dst>
            <dst id="HSTNng">5956.70133333333</dst>
            <dst id="IPLSng">17355.0426666667</dst>
            <dst id="KSCYng">10747.8826666667</dst>
            <dst id="LOSAng">7463.41333333333</dst>
            <dst id="NYCMng">12367.5573333333</dst>
            <dst id="SNVAng">4136.59466666667</dst>
            <dst id="STTLng">4730.19466666667</dst>
            <dst id="WASHng">21233.9573333333</dst>
        </src>
        <src id="LOSAng">
            <dst id="ATLA-M5">5130.81866666667</dst>
            <dst id="ATLAng">31834.608</dst>
            <dst id="CHINng">139325.922666667</dst>
            <dst id="DNVRng">29086.0373333333</dst>
            <dst id="HSTNng">26966.5946666667</dst>
            <dst id="IPLSng">45108.536</dst>
            <dst id="KSCYng">14670.592</dst>
            <dst id="LOSAng">7484.408</dst>
            <dst id="NYCMng">69691.536</dst>
            <dst id="SNVAng">20798.344</dst>
            <dst id="STTLng">34727.5573333333</dst>
            <dst id="WASHng">73791.384</dst>
        </src>
        <src id="NYCMng">
            <dst id="ATLA-M5">8847.8</dst>
            <dst id="ATLAng">72229.2533333333</dst>
            <dst id="CHINng">97906.392</dst>
            <dst id="DNVRng">57405.6773333333</dst>
            <dst id="HSTNng">55026.5493333333</dst>
            <dst id="IPLSng">102429.938666667</dst>
            <dst id="KSCYng">35770.52</dst>
            <dst id="LOSAng">67923.0853333333</dst>
            <dst id="NYCMng">164887.698666667</dst>
            <dst id="SNVAng">13196.0693333333</dst>
            <dst id="STTLng">37831.8853333333</dst>
            <dst id="WASHng">109660.168</dst>
        </src>
        <src id="SNVAng">
            <dst id="ATLA-M5">98.656</dst>
            <dst id="ATLAng">1058.888</dst>
            <dst id="CHINng">6598.62666666667</dst>
            <dst id="DNVRng">9784.208</dst>
            <dst id="HSTNng">955.264</dst>
            <dst id="IPLSng">8303.75733333333</dst>
            <dst id="KSCYng">1792.584</dst>
            <dst id="LOSAng">40923.4853333333</dst>
            <dst id="NYCMng">3322.76</dst>
            <dst id="SNVAng">24199.92</dst>
            <dst id="STTLng">59796.704</dst>
            <dst id="WASHng">3028.464</dst>
        </src>
        <src id="STTLng">
            <dst id="ATLA-M5">995.882666666667</dst>
            <dst id="ATLAng">19463.2453333333</dst>
            <dst id="CHINng">79863.9653333333</dst>
            <dst id="DNVRng">10461.032</dst>
            <dst id="HSTNng">9580.512</dst>
            <dst id="IPLSng">36199.1146666667</dst>
            <dst id="KSCYng">8378.81066666667</dst>
            <dst id="LOSAng">30776.1946666667</dst>
            <dst id="NYCMng">29144.6213333333</dst>
            <dst id="SNVAng">13525.7146666667</dst>
            <dst id="STTLng">8261.648</dst>
            <dst id="WASHng">23246.28</dst>
        </src>
        <src id="WASHng">
            <dst id="ATLA-M5">4776.68</dst>
            <dst id="ATLAng">131487.690666667</dst>
            <dst id="CHINng">135020.157333333</dst>
            <dst id="DNVRng">92161.8453333334</dst>
            <dst id="HSTNng">34160.5653333333</dst>
            <dst id="IPLSng">135120.312</dst>
            <dst id="KSCYng">34737.8106666667</dst>
            <dst id="LOSAng">76624.44</dst>
            <dst id="NYCMng">264207.834666667</dst>
            <dst id="SNVAng">19409.992</dst>
            <dst id="STTLng">38726.9173333333</dst>
            <dst id="WASHng">296970.613333333</dst>
        </src>
    </IntraTM>
</TrafficMatrixFile>
