<?xml version="1.0" encoding="ISO-8859-1" standalone="yes"?>
<TrafficMatrixFile xsi:noNamespaceSchemaLocation="http://totem.run.montefiore.ulg.ac.be/Schema/TrafficMatrix-v1_2.xsd" xmlns:xsi="http://www.w3.org/2001/XMLSchema-instance">
    <IntraTM ASID="11537">
        <src id="ATLA-M5">
            <dst id="ATLA-M5">91.8186666666667</dst>
            <dst id="ATLAng">542.106666666667</dst>
            <dst id="CHINng">673.064</dst>
            <dst id="DNVRng">427.168</dst>
            <dst id="HSTNng">259.36</dst>
            <dst id="IPLSng">733.445333333333</dst>
            <dst id="KSCYng">332.306666666667</dst>
            <dst id="LOSAng">171.346666666667</dst>
            <dst id="NYCMng">343.634666666667</dst>
            <dst id="SNVAng">121.352</dst>
            <dst id="STTLng">151.109333333333</dst>
            <dst id="WASHng">1778.58933333333</dst>
        </src>
        <src id="ATLAng">
            <dst id="ATLA-M5">470.629333333333</dst>
            <dst id="ATLAng">36847.216</dst>
            <dst id="CHINng">13499.0426666667</dst>
            <dst id="DNVRng">2877.784</dst>
            <dst id="HSTNng">3499.056</dst>
            <dst id="IPLSng">20693.672</dst>
            <dst id="KSCYng">3211.52533333333</dst>
            <dst id="LOSAng">18883.2746666667</dst>
            <dst id="NYCMng">10002.2293333333</dst>
            <dst id="SNVAng">2385.55466666667</dst>
            <dst id="STTLng">8923.312</dst>
            <dst id="WASHng">79153.3413333333</dst>
        </src>
        <src id="CHINng">
            <dst id="ATLA-M5">434.290666666667</dst>
            <dst id="ATLAng">13467.496</dst>
            <dst id="CHINng">47278.824</dst>
            <dst id="DNVRng">16922.328</dst>
            <dst id="HSTNng">20837.816</dst>
            <dst id="IPLSng">26678.5973333333</dst>
            <dst id="KSCYng">9214.82133333333</dst>
            <dst id="LOSAng">15606.6986666667</dst>
            <dst id="NYCMng">4936.968</dst>
            <dst id="SNVAng">1698.70666666667</dst>
            <dst id="STTLng">7851.04</dst>
            <dst id="WASHng">9308.88</dst>
        </src>
        <src id="DNVRng">
            <dst id="ATLA-M5">245.072</dst>
            <dst id="ATLAng">7200.34133333333</dst>
            <dst id="CHINng">44846.848</dst>
            <dst id="DNVRng">6238.8</dst>
            <dst id="HSTNng">4565.23466666667</dst>
            <dst id="IPLSng">6623.816</dst>
            <dst id="KSCYng">15604.5733333333</dst>
            <dst id="LOSAng">9703.90933333333</dst>
            <dst id="NYCMng">7360.272</dst>
            <dst id="SNVAng">14840.3973333333</dst>
            <dst id="STTLng">13668.496</dst>
            <dst id="WASHng">22890.624</dst>
        </src>
        <src id="HSTNng">
            <dst id="ATLA-M5">1586.60533333333</dst>
            <dst id="ATLAng">2042.24266666667</dst>
            <dst id="CHINng">21619.2426666667</dst>
            <dst id="DNVRng">2801.97866666667</dst>
            <dst id="HSTNng">5272.29066666667</dst>
            <dst id="IPLSng">7921.15466666667</dst>
            <dst id="KSCYng">1623.10933333333</dst>
            <dst id="LOSAng">92385.0666666667</dst>
            <dst id="NYCMng">5422.24266666667</dst>
            <dst id="SNVAng">1737.48</dst>
            <dst id="STTLng">3599.15466666667</dst>
            <dst id="WASHng">4517.8</dst>
        </src>
        <src id="IPLSng">
            <dst id="ATLA-M5">6630.30666666667</dst>
            <dst id="ATLAng">6813.02933333333</dst>
            <dst id="CHINng">94931.136</dst>
            <dst id="DNVRng">10937.2133333333</dst>
            <dst id="HSTNng">8236.76</dst>
            <dst id="IPLSng">36482.6133333333</dst>
            <dst id="KSCYng">9654.02133333333</dst>
            <dst id="LOSAng">15184.3973333333</dst>
            <dst id="NYCMng">23534.072</dst>
            <dst id="SNVAng">5721.62133333333</dst>
            <dst id="STTLng">14248.0746666667</dst>
            <dst id="WASHng">34855.5466666667</dst>
        </src>
        <src id="KSCYng">
            <dst id="ATLA-M5">585.741333333333</dst>
            <dst id="ATLAng">4932.44533333333</dst>
            <dst id="CHINng">35981.4986666667</dst>
            <dst id="DNVRng">4721.544</dst>
            <dst id="HSTNng">3429.832</dst>
            <dst id="IPLSng">22686.8826666667</dst>
            <dst id="KSCYng">7494.46933333333</dst>
            <dst id="LOSAng">6048.392</dst>
            <dst id="NYCMng">10237.1413333333</dst>
            <dst id="SNVAng">686.621333333333</dst>
            <dst id="STTLng">5248.44533333333</dst>
            <dst id="WASHng">7860.6</dst>
        </src>
        <src id="LOSAng">
            <dst id="ATLA-M5">128.293333333333</dst>
            <dst id="ATLAng">10613.7226666667</dst>
            <dst id="CHINng">136728.264</dst>
            <dst id="DNVRng">6827.10666666667</dst>
            <dst id="HSTNng">56415.4853333333</dst>
            <dst id="IPLSng">36817.3173333333</dst>
            <dst id="KSCYng">12221.6293333333</dst>
            <dst id="LOSAng">15618.9973333333</dst>
            <dst id="NYCMng">54649.632</dst>
            <dst id="SNVAng">10588.5573333333</dst>
            <dst id="STTLng">26859.8293333333</dst>
            <dst id="WASHng">78385.3653333333</dst>
        </src>
        <src id="NYCMng">
            <dst id="ATLA-M5">1285.14933333333</dst>
            <dst id="ATLAng">26440.008</dst>
            <dst id="CHINng">64113.5733333333</dst>
            <dst id="DNVRng">19458.7546666667</dst>
            <dst id="HSTNng">29084.384</dst>
            <dst id="IPLSng">43866.0906666667</dst>
            <dst id="KSCYng">20231.24</dst>
            <dst id="LOSAng">63244.7226666667</dst>
            <dst id="NYCMng">144299.213333333</dst>
            <dst id="SNVAng">9437.064</dst>
            <dst id="STTLng">24487.4906666667</dst>
            <dst id="WASHng">60915.984</dst>
        </src>
        <src id="SNVAng">
            <dst id="ATLA-M5">26.6666666666667</dst>
            <dst id="ATLAng">453.64</dst>
            <dst id="CHINng">6128.05866666667</dst>
            <dst id="DNVRng">16603.944</dst>
            <dst id="HSTNng">1046.13333333333</dst>
            <dst id="IPLSng">2521.86666666667</dst>
            <dst id="KSCYng">634.413333333333</dst>
            <dst id="LOSAng">7928.14133333333</dst>
            <dst id="NYCMng">2073.488</dst>
            <dst id="SNVAng">1640.50666666667</dst>
            <dst id="STTLng">4486.992</dst>
            <dst id="WASHng">1786.36533333333</dst>
        </src>
        <src id="STTLng">
            <dst id="ATLA-M5">66.9786666666667</dst>
            <dst id="ATLAng">7436.45866666667</dst>
            <dst id="CHINng">67862.584</dst>
            <dst id="DNVRng">6006.35733333333</dst>
            <dst id="HSTNng">1669.24</dst>
            <dst id="IPLSng">4424.58933333333</dst>
            <dst id="KSCYng">3361.24</dst>
            <dst id="LOSAng">22528.672</dst>
            <dst id="NYCMng">19680.0453333333</dst>
            <dst id="SNVAng">3651.70666666667</dst>
            <dst id="STTLng">5835.33333333333</dst>
            <dst id="WASHng">10193.112</dst>
        </src>
        <src id="WASHng">
            <dst id="ATLA-M5">173.298666666667</dst>
            <dst id="ATLAng">89748.872</dst>
            <dst id="CHINng">72395.792</dst>
            <dst id="DNVRng">31478.872</dst>
            <dst id="HSTNng">16325.5306666667</dst>
            <dst id="IPLSng">40241.128</dst>
            <dst id="KSCYng">12464.312</dst>
            <dst id="LOSAng">61595.1653333333</dst>
            <dst id="NYCMng">133935.224</dst>
            <dst id="SNVAng">2851.608</dst>
            <dst id="STTLng">36063.752</dst>
            <dst id="WASHng">350090.746666667</dst>
        </src>
    </IntraTM>
</TrafficMatrixFile>
