<?xml version="1.0" encoding="ISO-8859-1" standalone="yes"?>
<TrafficMatrixFile xsi:noNamespaceSchemaLocation="http://totem.run.montefiore.ulg.ac.be/Schema/TrafficMatrix-v1_2.xsd" xmlns:xsi="http://www.w3.org/2001/XMLSchema-instance">
    <IntraTM ASID="11537">
        <src id="ATLA-M5">
            <dst id="ATLA-M5">1687.67733333333</dst>
            <dst id="ATLAng">464.384</dst>
            <dst id="CHINng">3265.61333333333</dst>
            <dst id="DNVRng">195.696</dst>
            <dst id="HSTNng">1835.01866666667</dst>
            <dst id="IPLSng">2131.48266666667</dst>
            <dst id="KSCYng">352.144</dst>
            <dst id="LOSAng">2027.65066666667</dst>
            <dst id="NYCMng">792.413333333333</dst>
            <dst id="SNVAng">41.832</dst>
            <dst id="STTLng">165.722666666667</dst>
            <dst id="WASHng">1330.912</dst>
        </src>
        <src id="ATLAng">
            <dst id="ATLA-M5">1247.35466666667</dst>
            <dst id="ATLAng">38058.944</dst>
            <dst id="CHINng">31708.1306666667</dst>
            <dst id="DNVRng">12071.8053333333</dst>
            <dst id="HSTNng">5230.128</dst>
            <dst id="IPLSng">24181.5733333333</dst>
            <dst id="KSCYng">7724.65066666667</dst>
            <dst id="LOSAng">24111.8426666667</dst>
            <dst id="NYCMng">14815.0986666667</dst>
            <dst id="SNVAng">1315.84533333333</dst>
            <dst id="STTLng">12901.8213333333</dst>
            <dst id="WASHng">52315.7173333333</dst>
        </src>
        <src id="CHINng">
            <dst id="ATLA-M5">372.005333333333</dst>
            <dst id="ATLAng">14644.104</dst>
            <dst id="CHINng">33070.648</dst>
            <dst id="DNVRng">12830.4453333333</dst>
            <dst id="HSTNng">10255.3013333333</dst>
            <dst id="IPLSng">29890.784</dst>
            <dst id="KSCYng">10638.2213333333</dst>
            <dst id="LOSAng">30786.4666666667</dst>
            <dst id="NYCMng">4162.784</dst>
            <dst id="SNVAng">2030.66933333333</dst>
            <dst id="STTLng">6761.83466666667</dst>
            <dst id="WASHng">14187.5626666667</dst>
        </src>
        <src id="DNVRng">
            <dst id="ATLA-M5">278.488</dst>
            <dst id="ATLAng">7889.416</dst>
            <dst id="CHINng">35429.3013333333</dst>
            <dst id="DNVRng">21005.0133333333</dst>
            <dst id="HSTNng">4718.664</dst>
            <dst id="IPLSng">14230.2293333333</dst>
            <dst id="KSCYng">15559.4933333333</dst>
            <dst id="LOSAng">18789.24</dst>
            <dst id="NYCMng">11659.9786666667</dst>
            <dst id="SNVAng">18878.9573333333</dst>
            <dst id="STTLng">16348.12</dst>
            <dst id="WASHng">33556.9626666667</dst>
        </src>
        <src id="HSTNng">
            <dst id="ATLA-M5">747.552</dst>
            <dst id="ATLAng">5385.704</dst>
            <dst id="CHINng">16560.5386666667</dst>
            <dst id="DNVRng">3829.448</dst>
            <dst id="HSTNng">5916.19466666667</dst>
            <dst id="IPLSng">9891.91466666667</dst>
            <dst id="KSCYng">8026.624</dst>
            <dst id="LOSAng">7542.60266666667</dst>
            <dst id="NYCMng">10430.936</dst>
            <dst id="SNVAng">2021.448</dst>
            <dst id="STTLng">3235.064</dst>
            <dst id="WASHng">8337.45866666667</dst>
        </src>
        <src id="IPLSng">
            <dst id="ATLA-M5">1264.07466666667</dst>
            <dst id="ATLAng">17942.9786666667</dst>
            <dst id="CHINng">84653.2453333333</dst>
            <dst id="DNVRng">10575.048</dst>
            <dst id="HSTNng">6344.10666666667</dst>
            <dst id="IPLSng">47678.24</dst>
            <dst id="KSCYng">15789.44</dst>
            <dst id="LOSAng">21655.0533333333</dst>
            <dst id="NYCMng">42213.6613333333</dst>
            <dst id="SNVAng">3809.40266666667</dst>
            <dst id="STTLng">14240.3813333333</dst>
            <dst id="WASHng">42792.5146666667</dst>
        </src>
        <src id="KSCYng">
            <dst id="ATLA-M5">108.901333333333</dst>
            <dst id="ATLAng">6168.60266666667</dst>
            <dst id="CHINng">39475.9573333333</dst>
            <dst id="DNVRng">9766.936</dst>
            <dst id="HSTNng">4260.49866666667</dst>
            <dst id="IPLSng">16201.6426666667</dst>
            <dst id="KSCYng">4765.096</dst>
            <dst id="LOSAng">8318.056</dst>
            <dst id="NYCMng">9411.712</dst>
            <dst id="SNVAng">3557.608</dst>
            <dst id="STTLng">4020.56266666667</dst>
            <dst id="WASHng">17759.7253333333</dst>
        </src>
        <src id="LOSAng">
            <dst id="ATLA-M5">1385.704</dst>
            <dst id="ATLAng">36590.2</dst>
            <dst id="CHINng">74048.552</dst>
            <dst id="DNVRng">12099.8026666667</dst>
            <dst id="HSTNng">16107.4773333333</dst>
            <dst id="IPLSng">46843.6106666667</dst>
            <dst id="KSCYng">10089.8106666667</dst>
            <dst id="LOSAng">19274.368</dst>
            <dst id="NYCMng">64381.856</dst>
            <dst id="SNVAng">3641.01333333333</dst>
            <dst id="STTLng">34199.024</dst>
            <dst id="WASHng">56505.2586666667</dst>
        </src>
        <src id="NYCMng">
            <dst id="ATLA-M5">3059.12533333333</dst>
            <dst id="ATLAng">48366.696</dst>
            <dst id="CHINng">66333.6906666667</dst>
            <dst id="DNVRng">19721.608</dst>
            <dst id="HSTNng">48292.4773333333</dst>
            <dst id="IPLSng">81785.3493333333</dst>
            <dst id="KSCYng">24809.88</dst>
            <dst id="LOSAng">70352.56</dst>
            <dst id="NYCMng">146506.354666667</dst>
            <dst id="SNVAng">11666.872</dst>
            <dst id="STTLng">29750.944</dst>
            <dst id="WASHng">113798.138666667</dst>
        </src>
        <src id="SNVAng">
            <dst id="ATLA-M5">26.6666666666667</dst>
            <dst id="ATLAng">2284.93066666667</dst>
            <dst id="CHINng">4579.616</dst>
            <dst id="DNVRng">10970.2</dst>
            <dst id="HSTNng">2707.95466666667</dst>
            <dst id="IPLSng">2111.96266666667</dst>
            <dst id="KSCYng">1383.30133333333</dst>
            <dst id="LOSAng">2482.928</dst>
            <dst id="NYCMng">2978.6</dst>
            <dst id="SNVAng">378.834666666667</dst>
            <dst id="STTLng">4739.62666666667</dst>
            <dst id="WASHng">3893.66666666667</dst>
        </src>
        <src id="STTLng">
            <dst id="ATLA-M5">93.912</dst>
            <dst id="ATLAng">15855.0426666667</dst>
            <dst id="CHINng">32150.3306666667</dst>
            <dst id="DNVRng">7586.78133333333</dst>
            <dst id="HSTNng">6137.792</dst>
            <dst id="IPLSng">17553.8266666667</dst>
            <dst id="KSCYng">5096.38933333333</dst>
            <dst id="LOSAng">25156.5546666667</dst>
            <dst id="NYCMng">25403.28</dst>
            <dst id="SNVAng">2326.60266666667</dst>
            <dst id="STTLng">5537.85333333333</dst>
            <dst id="WASHng">11432.3333333333</dst>
        </src>
        <src id="WASHng">
            <dst id="ATLA-M5">1329.17866666667</dst>
            <dst id="ATLAng">100885.205333333</dst>
            <dst id="CHINng">86764.0453333333</dst>
            <dst id="DNVRng">31648.5546666667</dst>
            <dst id="HSTNng">15270.8053333333</dst>
            <dst id="IPLSng">58658.9253333333</dst>
            <dst id="KSCYng">19751.6773333333</dst>
            <dst id="LOSAng">75462.1333333333</dst>
            <dst id="NYCMng">162574.813333333</dst>
            <dst id="SNVAng">9884.95466666666</dst>
            <dst id="STTLng">36632.4346666667</dst>
            <dst id="WASHng">190665.877333333</dst>
        </src>
    </IntraTM>
</TrafficMatrixFile>
