<?xml version="1.0" encoding="ISO-8859-1" standalone="yes"?>
<TrafficMatrixFile xsi:noNamespaceSchemaLocation="http://totem.run.montefiore.ulg.ac.be/Schema/TrafficMatrix-v1_2.xsd" xmlns:xsi="http://www.w3.org/2001/XMLSchema-instance">
    <IntraTM ASID="11537">
        <src id="ATLA-M5">
            <dst id="ATLA-M5">0</dst>
            <dst id="ATLAng">454.685333333333</dst>
            <dst id="CHINng">1423.30133333333</dst>
            <dst id="DNVRng">0</dst>
            <dst id="HSTNng">132.757333333333</dst>
            <dst id="IPLSng">218.218666666667</dst>
            <dst id="KSCYng">308.4</dst>
            <dst id="LOSAng">680.533333333333</dst>
            <dst id="NYCMng">523.170666666667</dst>
            <dst id="SNVAng">108.258666666667</dst>
            <dst id="STTLng">84</dst>
            <dst id="WASHng">6185.66666666667</dst>
        </src>
        <src id="ATLAng">
            <dst id="ATLA-M5">215.402666666667</dst>
            <dst id="ATLAng">26267.3733333333</dst>
            <dst id="CHINng">18752.0746666667</dst>
            <dst id="DNVRng">5465.368</dst>
            <dst id="HSTNng">5949.12266666667</dst>
            <dst id="IPLSng">18190.9333333333</dst>
            <dst id="KSCYng">3522.552</dst>
            <dst id="LOSAng">11997.0746666667</dst>
            <dst id="NYCMng">15186.1413333333</dst>
            <dst id="SNVAng">1199.256</dst>
            <dst id="STTLng">4589.744</dst>
            <dst id="WASHng">80026.728</dst>
        </src>
        <src id="CHINng">
            <dst id="ATLA-M5">546.834666666667</dst>
            <dst id="ATLAng">10171.576</dst>
            <dst id="CHINng">45462.6586666667</dst>
            <dst id="DNVRng">5797.304</dst>
            <dst id="HSTNng">3555.072</dst>
            <dst id="IPLSng">13782.9866666667</dst>
            <dst id="KSCYng">4465.72533333333</dst>
            <dst id="LOSAng">23077.3946666667</dst>
            <dst id="NYCMng">4662.18933333333</dst>
            <dst id="SNVAng">2297.30133333333</dst>
            <dst id="STTLng">5369.92266666667</dst>
            <dst id="WASHng">5825.70666666667</dst>
        </src>
        <src id="DNVRng">
            <dst id="ATLA-M5">0</dst>
            <dst id="ATLAng">11273.9386666667</dst>
            <dst id="CHINng">66577.8293333333</dst>
            <dst id="DNVRng">20584.872</dst>
            <dst id="HSTNng">11407.6746666667</dst>
            <dst id="IPLSng">27692.4826666667</dst>
            <dst id="KSCYng">19571.3386666667</dst>
            <dst id="LOSAng">5503.36266666667</dst>
            <dst id="NYCMng">26859.2293333333</dst>
            <dst id="SNVAng">9942.68</dst>
            <dst id="STTLng">12123.328</dst>
            <dst id="WASHng">58430.672</dst>
        </src>
        <src id="HSTNng">
            <dst id="ATLA-M5">166.624</dst>
            <dst id="ATLAng">3111.25066666667</dst>
            <dst id="CHINng">40876.6853333333</dst>
            <dst id="DNVRng">4718.984</dst>
            <dst id="HSTNng">4615.02666666667</dst>
            <dst id="IPLSng">4470.70133333333</dst>
            <dst id="KSCYng">2842.024</dst>
            <dst id="LOSAng">96532.8453333333</dst>
            <dst id="NYCMng">8337.45333333333</dst>
            <dst id="SNVAng">1090.45333333333</dst>
            <dst id="STTLng">1164.46933333333</dst>
            <dst id="WASHng">5315.864</dst>
        </src>
        <src id="IPLSng">
            <dst id="ATLA-M5">150.437333333333</dst>
            <dst id="ATLAng">17075.712</dst>
            <dst id="CHINng">132887.677333333</dst>
            <dst id="DNVRng">19248.5893333333</dst>
            <dst id="HSTNng">3609.56266666667</dst>
            <dst id="IPLSng">39686.4773333333</dst>
            <dst id="KSCYng">12569.824</dst>
            <dst id="LOSAng">84323.92</dst>
            <dst id="NYCMng">26449.208</dst>
            <dst id="SNVAng">4133.12533333333</dst>
            <dst id="STTLng">9917.704</dst>
            <dst id="WASHng">59532.1066666667</dst>
        </src>
        <src id="KSCYng">
            <dst id="ATLA-M5">116.157333333333</dst>
            <dst id="ATLAng">5621.97066666667</dst>
            <dst id="CHINng">55127.0053333333</dst>
            <dst id="DNVRng">9997.168</dst>
            <dst id="HSTNng">3516.736</dst>
            <dst id="IPLSng">18255.032</dst>
            <dst id="KSCYng">6259.584</dst>
            <dst id="LOSAng">4372.128</dst>
            <dst id="NYCMng">7788.31466666667</dst>
            <dst id="SNVAng">1394.968</dst>
            <dst id="STTLng">5827.59733333333</dst>
            <dst id="WASHng">14753.312</dst>
        </src>
        <src id="LOSAng">
            <dst id="ATLA-M5">388.581333333333</dst>
            <dst id="ATLAng">22431.0746666667</dst>
            <dst id="CHINng">147508.994666667</dst>
            <dst id="DNVRng">15346.6186666667</dst>
            <dst id="HSTNng">5377.768</dst>
            <dst id="IPLSng">57092.5546666667</dst>
            <dst id="KSCYng">4489.80533333333</dst>
            <dst id="LOSAng">12644.7546666667</dst>
            <dst id="NYCMng">58547.7493333333</dst>
            <dst id="SNVAng">7126.87733333333</dst>
            <dst id="STTLng">17219.656</dst>
            <dst id="WASHng">60752.9573333333</dst>
        </src>
        <src id="NYCMng">
            <dst id="ATLA-M5">283.242666666667</dst>
            <dst id="ATLAng">40411.552</dst>
            <dst id="CHINng">69702.96</dst>
            <dst id="DNVRng">26428.944</dst>
            <dst id="HSTNng">18239.2746666667</dst>
            <dst id="IPLSng">56899.9333333333</dst>
            <dst id="KSCYng">14809.9333333333</dst>
            <dst id="LOSAng">59144.2133333333</dst>
            <dst id="NYCMng">177573.288</dst>
            <dst id="SNVAng">10624.1013333333</dst>
            <dst id="STTLng">23537.384</dst>
            <dst id="WASHng">82646.9306666666</dst>
        </src>
        <src id="SNVAng">
            <dst id="ATLA-M5">0</dst>
            <dst id="ATLAng">291.232</dst>
            <dst id="CHINng">6754.56</dst>
            <dst id="DNVRng">3051.78933333333</dst>
            <dst id="HSTNng">233.352</dst>
            <dst id="IPLSng">2365.992</dst>
            <dst id="KSCYng">973.76</dst>
            <dst id="LOSAng">31682.3173333333</dst>
            <dst id="NYCMng">3452</dst>
            <dst id="SNVAng">13587.592</dst>
            <dst id="STTLng">63252.5226666667</dst>
            <dst id="WASHng">944.434666666667</dst>
        </src>
        <src id="STTLng">
            <dst id="ATLA-M5">0</dst>
            <dst id="ATLAng">9378.84</dst>
            <dst id="CHINng">70005.6053333334</dst>
            <dst id="DNVRng">2242.05066666667</dst>
            <dst id="HSTNng">1923.616</dst>
            <dst id="IPLSng">23382.7253333333</dst>
            <dst id="KSCYng">2720.71733333333</dst>
            <dst id="LOSAng">17092.2746666667</dst>
            <dst id="NYCMng">23101.8186666667</dst>
            <dst id="SNVAng">3067.53866666667</dst>
            <dst id="STTLng">11330.2613333333</dst>
            <dst id="WASHng">13674.1253333333</dst>
        </src>
        <src id="WASHng">
            <dst id="ATLA-M5">489.765333333333</dst>
            <dst id="ATLAng">108861.92</dst>
            <dst id="CHINng">71817.848</dst>
            <dst id="DNVRng">51911.152</dst>
            <dst id="HSTNng">17435.4053333333</dst>
            <dst id="IPLSng">60757.5653333333</dst>
            <dst id="KSCYng">16492.3786666667</dst>
            <dst id="LOSAng">63470.9146666667</dst>
            <dst id="NYCMng">185803.290666667</dst>
            <dst id="SNVAng">8957.688</dst>
            <dst id="STTLng">31722.792</dst>
            <dst id="WASHng">361699.013333333</dst>
        </src>
    </IntraTM>
</TrafficMatrixFile>
