<?xml version="1.0" encoding="ISO-8859-1" standalone="yes"?>
<TrafficMatrixFile xsi:noNamespaceSchemaLocation="http://totem.run.montefiore.ulg.ac.be/Schema/TrafficMatrix-v1_2.xsd" xmlns:xsi="http://www.w3.org/2001/XMLSchema-instance">
    <IntraTM ASID="11537">
        <src id="ATLA-M5">
            <dst id="ATLA-M5">109.162666666667</dst>
            <dst id="ATLAng">531.109333333333</dst>
            <dst id="CHINng">1620.71733333333</dst>
            <dst id="DNVRng">270.850666666667</dst>
            <dst id="HSTNng">312.925333333333</dst>
            <dst id="IPLSng">1221.432</dst>
            <dst id="KSCYng">1320.59733333333</dst>
            <dst id="LOSAng">395.496</dst>
            <dst id="NYCMng">619.712</dst>
            <dst id="SNVAng">183.741333333333</dst>
            <dst id="STTLng">342.144</dst>
            <dst id="WASHng">2841.00533333333</dst>
        </src>
        <src id="ATLAng">
            <dst id="ATLA-M5">2083.232</dst>
            <dst id="ATLAng">73145.4853333333</dst>
            <dst id="CHINng">44531.9333333333</dst>
            <dst id="DNVRng">20169.352</dst>
            <dst id="HSTNng">15252.4373333333</dst>
            <dst id="IPLSng">27502.176</dst>
            <dst id="KSCYng">19789.2986666667</dst>
            <dst id="LOSAng">20738.7786666667</dst>
            <dst id="NYCMng">31494.6986666667</dst>
            <dst id="SNVAng">4215.69866666667</dst>
            <dst id="STTLng">12463.5253333333</dst>
            <dst id="WASHng">99407.3733333333</dst>
        </src>
        <src id="CHINng">
            <dst id="ATLA-M5">3347.52</dst>
            <dst id="ATLAng">22815.192</dst>
            <dst id="CHINng">58550.1813333334</dst>
            <dst id="DNVRng">16908.5306666667</dst>
            <dst id="HSTNng">17639.0773333333</dst>
            <dst id="IPLSng">35556.9146666667</dst>
            <dst id="KSCYng">9517.456</dst>
            <dst id="LOSAng">25814.8266666667</dst>
            <dst id="NYCMng">14399.032</dst>
            <dst id="SNVAng">3693.29333333333</dst>
            <dst id="STTLng">14116.168</dst>
            <dst id="WASHng">26826.8453333333</dst>
        </src>
        <src id="DNVRng">
            <dst id="ATLA-M5">542.634666666667</dst>
            <dst id="ATLAng">17044.4346666667</dst>
            <dst id="CHINng">72297.6773333333</dst>
            <dst id="DNVRng">14091.4533333333</dst>
            <dst id="HSTNng">16803.696</dst>
            <dst id="IPLSng">30538.2853333333</dst>
            <dst id="KSCYng">24645.032</dst>
            <dst id="LOSAng">22842.6746666667</dst>
            <dst id="NYCMng">31924.344</dst>
            <dst id="SNVAng">16098.0613333333</dst>
            <dst id="STTLng">18714.208</dst>
            <dst id="WASHng">62886.568</dst>
        </src>
        <src id="HSTNng">
            <dst id="ATLA-M5">675.482666666667</dst>
            <dst id="ATLAng">6741.168</dst>
            <dst id="CHINng">27770.6746666667</dst>
            <dst id="DNVRng">7954.56266666667</dst>
            <dst id="HSTNng">9105.70133333333</dst>
            <dst id="IPLSng">15259.1253333333</dst>
            <dst id="KSCYng">7252.05866666667</dst>
            <dst id="LOSAng">103829.042666667</dst>
            <dst id="NYCMng">13500.6826666667</dst>
            <dst id="SNVAng">2947.80533333333</dst>
            <dst id="STTLng">2710.096</dst>
            <dst id="WASHng">13196.3413333333</dst>
        </src>
        <src id="IPLSng">
            <dst id="ATLA-M5">1860.85333333333</dst>
            <dst id="ATLAng">27006.4746666667</dst>
            <dst id="CHINng">144650.712</dst>
            <dst id="DNVRng">39498.5013333333</dst>
            <dst id="HSTNng">12656.1413333333</dst>
            <dst id="IPLSng">49798.872</dst>
            <dst id="KSCYng">15233.656</dst>
            <dst id="LOSAng">32444.4666666667</dst>
            <dst id="NYCMng">42508.2586666667</dst>
            <dst id="SNVAng">9663.944</dst>
            <dst id="STTLng">14989.2773333333</dst>
            <dst id="WASHng">52492.624</dst>
        </src>
        <src id="KSCYng">
            <dst id="ATLA-M5">3328.30666666667</dst>
            <dst id="ATLAng">18892.0106666667</dst>
            <dst id="CHINng">32385.584</dst>
            <dst id="DNVRng">19590.6506666667</dst>
            <dst id="HSTNng">6086.656</dst>
            <dst id="IPLSng">16332.6426666667</dst>
            <dst id="KSCYng">8789.856</dst>
            <dst id="LOSAng">9583.152</dst>
            <dst id="NYCMng">12458.064</dst>
            <dst id="SNVAng">2593.75733333333</dst>
            <dst id="STTLng">4384.70133333333</dst>
            <dst id="WASHng">17913.9573333333</dst>
        </src>
        <src id="LOSAng">
            <dst id="ATLA-M5">1851.46933333333</dst>
            <dst id="ATLAng">32523.872</dst>
            <dst id="CHINng">130647.453333333</dst>
            <dst id="DNVRng">14704.5626666667</dst>
            <dst id="HSTNng">15047.4346666667</dst>
            <dst id="IPLSng">54468.408</dst>
            <dst id="KSCYng">14840.416</dst>
            <dst id="LOSAng">9258.75733333333</dst>
            <dst id="NYCMng">69290.4053333333</dst>
            <dst id="SNVAng">17822.3413333333</dst>
            <dst id="STTLng">23359.6453333333</dst>
            <dst id="WASHng">76152.872</dst>
        </src>
        <src id="NYCMng">
            <dst id="ATLA-M5">7518.06933333333</dst>
            <dst id="ATLAng">64163.776</dst>
            <dst id="CHINng">82058.3733333333</dst>
            <dst id="DNVRng">54784.6986666667</dst>
            <dst id="HSTNng">47750.8613333333</dst>
            <dst id="IPLSng">121709.010666667</dst>
            <dst id="KSCYng">31135.2213333333</dst>
            <dst id="LOSAng">78518.368</dst>
            <dst id="NYCMng">182250.504</dst>
            <dst id="SNVAng">13603.6373333333</dst>
            <dst id="STTLng">33942.9466666667</dst>
            <dst id="WASHng">117249.568</dst>
        </src>
        <src id="SNVAng">
            <dst id="ATLA-M5">786.917333333333</dst>
            <dst id="ATLAng">1132.712</dst>
            <dst id="CHINng">5645.136</dst>
            <dst id="DNVRng">12639.8293333333</dst>
            <dst id="HSTNng">2212.47733333333</dst>
            <dst id="IPLSng">5878.79466666666</dst>
            <dst id="KSCYng">3555.91733333333</dst>
            <dst id="LOSAng">38384.576</dst>
            <dst id="NYCMng">4395.06666666667</dst>
            <dst id="SNVAng">25508.76</dst>
            <dst id="STTLng">72134.64</dst>
            <dst id="WASHng">3391.50933333333</dst>
        </src>
        <src id="STTLng">
            <dst id="ATLA-M5">2161.8</dst>
            <dst id="ATLAng">16004.904</dst>
            <dst id="CHINng">65655.568</dst>
            <dst id="DNVRng">9237.05333333333</dst>
            <dst id="HSTNng">8539.72266666666</dst>
            <dst id="IPLSng">26772.648</dst>
            <dst id="KSCYng">7018.61333333333</dst>
            <dst id="LOSAng">34722.1866666667</dst>
            <dst id="NYCMng">34432.9893333333</dst>
            <dst id="SNVAng">12601.3813333333</dst>
            <dst id="STTLng">12203.3866666667</dst>
            <dst id="WASHng">19670.376</dst>
        </src>
        <src id="WASHng">
            <dst id="ATLA-M5">1653.77333333333</dst>
            <dst id="ATLAng">100432.328</dst>
            <dst id="CHINng">108176.410666667</dst>
            <dst id="DNVRng">62220.3066666667</dst>
            <dst id="HSTNng">20919.5786666667</dst>
            <dst id="IPLSng">105617.765333333</dst>
            <dst id="KSCYng">37301.0746666667</dst>
            <dst id="LOSAng">92112.5013333334</dst>
            <dst id="NYCMng">188387.458666667</dst>
            <dst id="SNVAng">18539.8453333333</dst>
            <dst id="STTLng">38343.232</dst>
            <dst id="WASHng">303174.96</dst>
        </src>
    </IntraTM>
</TrafficMatrixFile>
