<?xml version="1.0" encoding="ISO-8859-1" standalone="yes"?>
<TrafficMatrixFile xsi:noNamespaceSchemaLocation="http://totem.run.montefiore.ulg.ac.be/Schema/TrafficMatrix-v1_2.xsd" xmlns:xsi="http://www.w3.org/2001/XMLSchema-instance">
    <IntraTM ASID="11537">
        <src id="ATLA-M5">
            <dst id="ATLA-M5">234.728</dst>
            <dst id="ATLAng">487.410666666667</dst>
            <dst id="CHINng">1750.63733333333</dst>
            <dst id="DNVRng">610.602666666667</dst>
            <dst id="HSTNng">212.914666666667</dst>
            <dst id="IPLSng">1491.00533333333</dst>
            <dst id="KSCYng">431.712</dst>
            <dst id="LOSAng">403.090666666667</dst>
            <dst id="NYCMng">2176.43466666667</dst>
            <dst id="SNVAng">596.354666666667</dst>
            <dst id="STTLng">250.984</dst>
            <dst id="WASHng">8482.07466666667</dst>
        </src>
        <src id="ATLAng">
            <dst id="ATLA-M5">1752.41333333333</dst>
            <dst id="ATLAng">28505.8026666667</dst>
            <dst id="CHINng">49991.52</dst>
            <dst id="DNVRng">15473.8426666667</dst>
            <dst id="HSTNng">11030.064</dst>
            <dst id="IPLSng">34905.2266666667</dst>
            <dst id="KSCYng">17315.384</dst>
            <dst id="LOSAng">24008.964</dst>
            <dst id="NYCMng">26328.752</dst>
            <dst id="SNVAng">2727.06266666667</dst>
            <dst id="STTLng">10102.632</dst>
            <dst id="WASHng">89324.9386666667</dst>
        </src>
        <src id="CHINng">
            <dst id="ATLA-M5">4082.70666666667</dst>
            <dst id="ATLAng">25782.84</dst>
            <dst id="CHINng">63969.76</dst>
            <dst id="DNVRng">14139.8853333333</dst>
            <dst id="HSTNng">14224.7466666667</dst>
            <dst id="IPLSng">36473.2666666667</dst>
            <dst id="KSCYng">17341.4426666667</dst>
            <dst id="LOSAng">22546.896</dst>
            <dst id="NYCMng">10244.496</dst>
            <dst id="SNVAng">5238.54666666667</dst>
            <dst id="STTLng">10907.1866666667</dst>
            <dst id="WASHng">24294.64</dst>
        </src>
        <src id="DNVRng">
            <dst id="ATLA-M5">4554.36533333333</dst>
            <dst id="ATLAng">12877.8933333333</dst>
            <dst id="CHINng">84778.0613333333</dst>
            <dst id="DNVRng">18946.336</dst>
            <dst id="HSTNng">12645.9813333333</dst>
            <dst id="IPLSng">35182.64</dst>
            <dst id="KSCYng">27102.8506666667</dst>
            <dst id="LOSAng">8918.89333333333</dst>
            <dst id="NYCMng">31852.688</dst>
            <dst id="SNVAng">17198.0586666667</dst>
            <dst id="STTLng">15333.64</dst>
            <dst id="WASHng">66996.1013333333</dst>
        </src>
        <src id="HSTNng">
            <dst id="ATLA-M5">1531.472</dst>
            <dst id="ATLAng">5265.66666666667</dst>
            <dst id="CHINng">35281.2933333333</dst>
            <dst id="DNVRng">7155.36</dst>
            <dst id="HSTNng">8643.52533333333</dst>
            <dst id="IPLSng">11422.9653333333</dst>
            <dst id="KSCYng">3954.592</dst>
            <dst id="LOSAng">15823.8293333333</dst>
            <dst id="NYCMng">13629.7733333333</dst>
            <dst id="SNVAng">2989.21066666667</dst>
            <dst id="STTLng">2984.832</dst>
            <dst id="WASHng">15572.6346666667</dst>
        </src>
        <src id="IPLSng">
            <dst id="ATLA-M5">1173.304</dst>
            <dst id="ATLAng">20137.2186666667</dst>
            <dst id="CHINng">169337.125333333</dst>
            <dst id="DNVRng">34098.16</dst>
            <dst id="HSTNng">10431.9253333333</dst>
            <dst id="IPLSng">42003.5706666667</dst>
            <dst id="KSCYng">25803.136</dst>
            <dst id="LOSAng">18972.2373333333</dst>
            <dst id="NYCMng">86224.1306666667</dst>
            <dst id="SNVAng">11646.8106666667</dst>
            <dst id="STTLng">15927.5333333333</dst>
            <dst id="WASHng">49903.4746666667</dst>
        </src>
        <src id="KSCYng">
            <dst id="ATLA-M5">1062.808</dst>
            <dst id="ATLAng">18373.56</dst>
            <dst id="CHINng">41001.472</dst>
            <dst id="DNVRng">16671.016</dst>
            <dst id="HSTNng">6289.208</dst>
            <dst id="IPLSng">18229.5733333333</dst>
            <dst id="KSCYng">10229.504</dst>
            <dst id="LOSAng">7027.14933333333</dst>
            <dst id="NYCMng">11767.272</dst>
            <dst id="SNVAng">2233.768</dst>
            <dst id="STTLng">4656.12533333333</dst>
            <dst id="WASHng">28413.912</dst>
        </src>
        <src id="LOSAng">
            <dst id="ATLA-M5">1261.392</dst>
            <dst id="ATLAng">26518.6453333333</dst>
            <dst id="CHINng">149587.258666667</dst>
            <dst id="DNVRng">24650.3066666667</dst>
            <dst id="HSTNng">16752.592</dst>
            <dst id="IPLSng">44468.0453333333</dst>
            <dst id="KSCYng">16287.56</dst>
            <dst id="LOSAng">9856.936</dst>
            <dst id="NYCMng">55519.912</dst>
            <dst id="SNVAng">31374.008</dst>
            <dst id="STTLng">23380.528</dst>
            <dst id="WASHng">69527.9226666667</dst>
        </src>
        <src id="NYCMng">
            <dst id="ATLA-M5">6146.69066666667</dst>
            <dst id="ATLAng">57654.6373333333</dst>
            <dst id="CHINng">100836.056</dst>
            <dst id="DNVRng">47013.952</dst>
            <dst id="HSTNng">44429.2826666667</dst>
            <dst id="IPLSng">86144.4933333333</dst>
            <dst id="KSCYng">30288.632</dst>
            <dst id="LOSAng">65237.5786666667</dst>
            <dst id="NYCMng">192449.152</dst>
            <dst id="SNVAng">10534.504</dst>
            <dst id="STTLng">34141.8453333333</dst>
            <dst id="WASHng">126155.378666667</dst>
        </src>
        <src id="SNVAng">
            <dst id="ATLA-M5">437.168</dst>
            <dst id="ATLAng">878.32</dst>
            <dst id="CHINng">7758.712</dst>
            <dst id="DNVRng">10796.768</dst>
            <dst id="HSTNng">2237.87733333333</dst>
            <dst id="IPLSng">6096.10666666667</dst>
            <dst id="KSCYng">965.48</dst>
            <dst id="LOSAng">45830.0613333333</dst>
            <dst id="NYCMng">3235.64533333333</dst>
            <dst id="SNVAng">24754.592</dst>
            <dst id="STTLng">70730.9173333333</dst>
            <dst id="WASHng">3292.90133333333</dst>
        </src>
        <src id="STTLng">
            <dst id="ATLA-M5">457.618666666667</dst>
            <dst id="ATLAng">18661.2106666667</dst>
            <dst id="CHINng">83277.1786666667</dst>
            <dst id="DNVRng">15556.4853333333</dst>
            <dst id="HSTNng">6113.856</dst>
            <dst id="IPLSng">16535.144</dst>
            <dst id="KSCYng">6377.984</dst>
            <dst id="LOSAng">29131.2826666667</dst>
            <dst id="NYCMng">30817.7813333333</dst>
            <dst id="SNVAng">13494.1973333333</dst>
            <dst id="STTLng">5145.192</dst>
            <dst id="WASHng">20202.392</dst>
        </src>
        <src id="WASHng">
            <dst id="ATLA-M5">3194.65066666667</dst>
            <dst id="ATLAng">114929.205333333</dst>
            <dst id="CHINng">91458.568</dst>
            <dst id="DNVRng">80831.9146666667</dst>
            <dst id="HSTNng">32741.3253333333</dst>
            <dst id="IPLSng">115399.608</dst>
            <dst id="KSCYng">30836.4213333333</dst>
            <dst id="LOSAng">113898.032</dst>
            <dst id="NYCMng">211491.048</dst>
            <dst id="SNVAng">11589.064</dst>
            <dst id="STTLng">35002.1306666667</dst>
            <dst id="WASHng">304181.226666667</dst>
        </src>
    </IntraTM>
</TrafficMatrixFile>
