<?xml version="1.0" encoding="ISO-8859-1" standalone="yes"?>
<TrafficMatrixFile xsi:noNamespaceSchemaLocation="http://totem.run.montefiore.ulg.ac.be/Schema/TrafficMatrix-v1_2.xsd" xmlns:xsi="http://www.w3.org/2001/XMLSchema-instance">
    <IntraTM ASID="11537">
        <src id="ATLA-M5">
            <dst id="ATLA-M5">0</dst>
            <dst id="ATLAng">250.76</dst>
            <dst id="CHINng">348.608</dst>
            <dst id="DNVRng">111.485333333333</dst>
            <dst id="HSTNng">34.04</dst>
            <dst id="IPLSng">228.061333333333</dst>
            <dst id="KSCYng">234.178666666667</dst>
            <dst id="LOSAng">715.682666666666</dst>
            <dst id="NYCMng">531.354666666667</dst>
            <dst id="SNVAng">26.6666666666667</dst>
            <dst id="STTLng">143.413333333333</dst>
            <dst id="WASHng">4042.2</dst>
        </src>
        <src id="ATLAng">
            <dst id="ATLA-M5">103.328</dst>
            <dst id="ATLAng">18906.1173333333</dst>
            <dst id="CHINng">14861.176</dst>
            <dst id="DNVRng">3091.328</dst>
            <dst id="HSTNng">1285.85066666667</dst>
            <dst id="IPLSng">15431.4586666667</dst>
            <dst id="KSCYng">5106.00266666667</dst>
            <dst id="LOSAng">11508.36</dst>
            <dst id="NYCMng">13134.9653333333</dst>
            <dst id="SNVAng">1099.328</dst>
            <dst id="STTLng">5578.032</dst>
            <dst id="WASHng">138692.493333333</dst>
        </src>
        <src id="CHINng">
            <dst id="ATLA-M5">37.0906666666667</dst>
            <dst id="ATLAng">10828.032</dst>
            <dst id="CHINng">43965.448</dst>
            <dst id="DNVRng">8926.94666666666</dst>
            <dst id="HSTNng">4489.768</dst>
            <dst id="IPLSng">12734.4026666667</dst>
            <dst id="KSCYng">4728.15733333333</dst>
            <dst id="LOSAng">27477.12</dst>
            <dst id="NYCMng">6501.37066666667</dst>
            <dst id="SNVAng">3374.26933333333</dst>
            <dst id="STTLng">6434.77866666667</dst>
            <dst id="WASHng">5287.304</dst>
        </src>
        <src id="DNVRng">
            <dst id="ATLA-M5">48.96</dst>
            <dst id="ATLAng">9113.608</dst>
            <dst id="CHINng">69601.8373333333</dst>
            <dst id="DNVRng">14631.928</dst>
            <dst id="HSTNng">10299.056</dst>
            <dst id="IPLSng">24982.3386666667</dst>
            <dst id="KSCYng">18354.9146666667</dst>
            <dst id="LOSAng">5830.384</dst>
            <dst id="NYCMng">21067.3706666667</dst>
            <dst id="SNVAng">9913.97866666667</dst>
            <dst id="STTLng">7681.68</dst>
            <dst id="WASHng">52383.12</dst>
        </src>
        <src id="HSTNng">
            <dst id="ATLA-M5">1017.39733333333</dst>
            <dst id="ATLAng">4744.568</dst>
            <dst id="CHINng">55729.4133333333</dst>
            <dst id="DNVRng">6047.81333333333</dst>
            <dst id="HSTNng">6059.50933333333</dst>
            <dst id="IPLSng">5383.22133333333</dst>
            <dst id="KSCYng">2760.75466666667</dst>
            <dst id="LOSAng">101461.653333333</dst>
            <dst id="NYCMng">7124.54933333333</dst>
            <dst id="SNVAng">899.28</dst>
            <dst id="STTLng">1658.632</dst>
            <dst id="WASHng">13390.2346666667</dst>
        </src>
        <src id="IPLSng">
            <dst id="ATLA-M5">557.914666666666</dst>
            <dst id="ATLAng">10621.712</dst>
            <dst id="CHINng">117134.781333333</dst>
            <dst id="DNVRng">23129.3653333333</dst>
            <dst id="HSTNng">2812.61333333333</dst>
            <dst id="IPLSng">16529.2533333333</dst>
            <dst id="KSCYng">10516.5173333333</dst>
            <dst id="LOSAng">17152.6666666667</dst>
            <dst id="NYCMng">30971.7386666667</dst>
            <dst id="SNVAng">3513.40266666667</dst>
            <dst id="STTLng">11169.7146666667</dst>
            <dst id="WASHng">33216.4373333333</dst>
        </src>
        <src id="KSCYng">
            <dst id="ATLA-M5">2967.44533333333</dst>
            <dst id="ATLAng">4702.77866666667</dst>
            <dst id="CHINng">46650.384</dst>
            <dst id="DNVRng">9160.85333333333</dst>
            <dst id="HSTNng">3021.26933333333</dst>
            <dst id="IPLSng">7141.17333333333</dst>
            <dst id="KSCYng">6291.336</dst>
            <dst id="LOSAng">4058.328</dst>
            <dst id="NYCMng">8731.85866666667</dst>
            <dst id="SNVAng">1620.57066666667</dst>
            <dst id="STTLng">5378.74666666667</dst>
            <dst id="WASHng">10112.9706666667</dst>
        </src>
        <src id="LOSAng">
            <dst id="ATLA-M5">2286.74666666667</dst>
            <dst id="ATLAng">17968.2293333333</dst>
            <dst id="CHINng">149510.498666667</dst>
            <dst id="DNVRng">9320.608</dst>
            <dst id="HSTNng">7218.64266666667</dst>
            <dst id="IPLSng">37755.7173333333</dst>
            <dst id="KSCYng">8553.06133333333</dst>
            <dst id="LOSAng">17114.3013333333</dst>
            <dst id="NYCMng">55933.3466666667</dst>
            <dst id="SNVAng">15569.0293333333</dst>
            <dst id="STTLng">22769.312</dst>
            <dst id="WASHng">89434.4826666667</dst>
        </src>
        <src id="NYCMng">
            <dst id="ATLA-M5">347.997333333333</dst>
            <dst id="ATLAng">28925.4826666667</dst>
            <dst id="CHINng">51668.624</dst>
            <dst id="DNVRng">30817.6533333333</dst>
            <dst id="HSTNng">25219.224</dst>
            <dst id="IPLSng">36077.9546666667</dst>
            <dst id="KSCYng">14159.0426666667</dst>
            <dst id="LOSAng">66425.76</dst>
            <dst id="NYCMng">142959.778666667</dst>
            <dst id="SNVAng">9072.728</dst>
            <dst id="STTLng">20466.8613333333</dst>
            <dst id="WASHng">67234.7066666667</dst>
        </src>
        <src id="SNVAng">
            <dst id="ATLA-M5">0</dst>
            <dst id="ATLAng">583.357333333333</dst>
            <dst id="CHINng">5212.58933333333</dst>
            <dst id="DNVRng">8047.53333333333</dst>
            <dst id="HSTNng">148.186666666667</dst>
            <dst id="IPLSng">1037.46133333333</dst>
            <dst id="KSCYng">618.485333333333</dst>
            <dst id="LOSAng">30503.64</dst>
            <dst id="NYCMng">2032.48533333333</dst>
            <dst id="SNVAng">15416.1653333333</dst>
            <dst id="STTLng">67923.28</dst>
            <dst id="WASHng">831.637333333333</dst>
        </src>
        <src id="STTLng">
            <dst id="ATLA-M5">114.845333333333</dst>
            <dst id="ATLAng">9510.77866666667</dst>
            <dst id="CHINng">71097.5786666667</dst>
            <dst id="DNVRng">5346.92533333333</dst>
            <dst id="HSTNng">1407.488</dst>
            <dst id="IPLSng">7195.93066666667</dst>
            <dst id="KSCYng">2992.16</dst>
            <dst id="LOSAng">20404.3493333333</dst>
            <dst id="NYCMng">21942.5013333333</dst>
            <dst id="SNVAng">5715.55733333333</dst>
            <dst id="STTLng">10857.5973333333</dst>
            <dst id="WASHng">8662.02133333333</dst>
        </src>
        <src id="WASHng">
            <dst id="ATLA-M5">174.402666666667</dst>
            <dst id="ATLAng">143010.968</dst>
            <dst id="CHINng">77463.368</dst>
            <dst id="DNVRng">70670.9253333333</dst>
            <dst id="HSTNng">31232.4133333333</dst>
            <dst id="IPLSng">43728.6346666667</dst>
            <dst id="KSCYng">7281.064</dst>
            <dst id="LOSAng">62623.3706666666</dst>
            <dst id="NYCMng">162884.874666667</dst>
            <dst id="SNVAng">18284.4933333333</dst>
            <dst id="STTLng">30765.6293333333</dst>
            <dst id="WASHng">321123.146666667</dst>
        </src>
    </IntraTM>
</TrafficMatrixFile>
