<?xml version="1.0" encoding="ISO-8859-1" standalone="yes"?>
<TrafficMatrixFile xsi:noNamespaceSchemaLocation="http://totem.run.montefiore.ulg.ac.be/Schema/TrafficMatrix-v1_2.xsd" xmlns:xsi="http://www.w3.org/2001/XMLSchema-instance">
    <IntraTM ASID="11537">
        <src id="ATLA-M5">
            <dst id="ATLA-M5">26.6666666666667</dst>
            <dst id="ATLAng">1613.42666666667</dst>
            <dst id="CHINng">1656.456</dst>
            <dst id="DNVRng">225.629333333333</dst>
            <dst id="HSTNng">695.786666666667</dst>
            <dst id="IPLSng">913.029333333334</dst>
            <dst id="KSCYng">316.922666666667</dst>
            <dst id="LOSAng">948.446666666667</dst>
            <dst id="NYCMng">1006.36</dst>
            <dst id="SNVAng">353.326666666667</dst>
            <dst id="STTLng">82.7226666666667</dst>
            <dst id="WASHng">993.874666666666</dst>
        </src>
        <src id="ATLAng">
            <dst id="ATLA-M5">1564.08533333333</dst>
            <dst id="ATLAng">22612.152</dst>
            <dst id="CHINng">20931.096</dst>
            <dst id="DNVRng">6891.74933333333</dst>
            <dst id="HSTNng">5984.86933333333</dst>
            <dst id="IPLSng">24512.2986666667</dst>
            <dst id="KSCYng">9256.84533333333</dst>
            <dst id="LOSAng">16272.028</dst>
            <dst id="NYCMng">22920.344</dst>
            <dst id="SNVAng">4151.85733333333</dst>
            <dst id="STTLng">8575.61866666667</dst>
            <dst id="WASHng">66086.4613333333</dst>
        </src>
        <src id="CHINng">
            <dst id="ATLA-M5">3857.12266666667</dst>
            <dst id="ATLAng">16617.672</dst>
            <dst id="CHINng">31300.072</dst>
            <dst id="DNVRng">10320.8266666667</dst>
            <dst id="HSTNng">23035.3866666667</dst>
            <dst id="IPLSng">42537.4826666667</dst>
            <dst id="KSCYng">9672.02666666667</dst>
            <dst id="LOSAng">33845.6506666667</dst>
            <dst id="NYCMng">4521.776</dst>
            <dst id="SNVAng">5508.87733333333</dst>
            <dst id="STTLng">11686.3946666667</dst>
            <dst id="WASHng">25656.584</dst>
        </src>
        <src id="DNVRng">
            <dst id="ATLA-M5">273.493333333333</dst>
            <dst id="ATLAng">6434.66133333333</dst>
            <dst id="CHINng">60400.4426666667</dst>
            <dst id="DNVRng">22286.1786666667</dst>
            <dst id="HSTNng">20094.88</dst>
            <dst id="IPLSng">36465.984</dst>
            <dst id="KSCYng">24103.312</dst>
            <dst id="LOSAng">9017.312</dst>
            <dst id="NYCMng">24477.9146666667</dst>
            <dst id="SNVAng">11577.912</dst>
            <dst id="STTLng">15099.0826666667</dst>
            <dst id="WASHng">60192.5546666667</dst>
        </src>
        <src id="HSTNng">
            <dst id="ATLA-M5">526.637333333333</dst>
            <dst id="ATLAng">7092.88533333333</dst>
            <dst id="CHINng">36504.6853333333</dst>
            <dst id="DNVRng">3539.10133333333</dst>
            <dst id="HSTNng">10129.0293333333</dst>
            <dst id="IPLSng">15727.4426666667</dst>
            <dst id="KSCYng">3061.472</dst>
            <dst id="LOSAng">12940.3173333333</dst>
            <dst id="NYCMng">8702.008</dst>
            <dst id="SNVAng">758.56</dst>
            <dst id="STTLng">3905.10933333333</dst>
            <dst id="WASHng">19995.0426666667</dst>
        </src>
        <src id="IPLSng">
            <dst id="ATLA-M5">571.925333333333</dst>
            <dst id="ATLAng">29620.0453333333</dst>
            <dst id="CHINng">93961.4986666667</dst>
            <dst id="DNVRng">29681.1493333333</dst>
            <dst id="HSTNng">10180.8453333333</dst>
            <dst id="IPLSng">28894.3573333333</dst>
            <dst id="KSCYng">12420.4773333333</dst>
            <dst id="LOSAng">22772.5333333333</dst>
            <dst id="NYCMng">39415.9173333333</dst>
            <dst id="SNVAng">7268.85066666667</dst>
            <dst id="STTLng">11933.8506666667</dst>
            <dst id="WASHng">63310.0373333333</dst>
        </src>
        <src id="KSCYng">
            <dst id="ATLA-M5">186.754666666667</dst>
            <dst id="ATLAng">7712.88266666667</dst>
            <dst id="CHINng">40919.736</dst>
            <dst id="DNVRng">10911.8213333333</dst>
            <dst id="HSTNng">5168.024</dst>
            <dst id="IPLSng">18438.048</dst>
            <dst id="KSCYng">11123.7893333333</dst>
            <dst id="LOSAng">6370.896</dst>
            <dst id="NYCMng">16857.128</dst>
            <dst id="SNVAng">2012.02666666667</dst>
            <dst id="STTLng">5852.62133333333</dst>
            <dst id="WASHng">22403.4986666667</dst>
        </src>
        <src id="LOSAng">
            <dst id="ATLA-M5">391.282666666667</dst>
            <dst id="ATLAng">39661.9226666667</dst>
            <dst id="CHINng">105601.274666667</dst>
            <dst id="DNVRng">15468.7493333333</dst>
            <dst id="HSTNng">14902.832</dst>
            <dst id="IPLSng">44150.832</dst>
            <dst id="KSCYng">13504.216</dst>
            <dst id="LOSAng">17205.5626666667</dst>
            <dst id="NYCMng">60151.3306666666</dst>
            <dst id="SNVAng">12137.6373333333</dst>
            <dst id="STTLng">37903.448</dst>
            <dst id="WASHng">74806.6826666667</dst>
        </src>
        <src id="NYCMng">
            <dst id="ATLA-M5">2866.34133333333</dst>
            <dst id="ATLAng">53711.0853333333</dst>
            <dst id="CHINng">84198.9706666667</dst>
            <dst id="DNVRng">46045.9253333333</dst>
            <dst id="HSTNng">48460.9493333333</dst>
            <dst id="IPLSng">90881.664</dst>
            <dst id="KSCYng">24659.512</dst>
            <dst id="LOSAng">85033.9013333333</dst>
            <dst id="NYCMng">135049.586666667</dst>
            <dst id="SNVAng">12490.088</dst>
            <dst id="STTLng">43993.072</dst>
            <dst id="WASHng">129918.570666667</dst>
        </src>
        <src id="SNVAng">
            <dst id="ATLA-M5">202.829333333333</dst>
            <dst id="ATLAng">1109.45333333333</dst>
            <dst id="CHINng">6124.38666666666</dst>
            <dst id="DNVRng">17327.1066666667</dst>
            <dst id="HSTNng">1775.12</dst>
            <dst id="IPLSng">2188.704</dst>
            <dst id="KSCYng">2322.75466666667</dst>
            <dst id="LOSAng">39246.3733333333</dst>
            <dst id="NYCMng">3424.632</dst>
            <dst id="SNVAng">17512.696</dst>
            <dst id="STTLng">67462.6186666667</dst>
            <dst id="WASHng">3205.736</dst>
        </src>
        <src id="STTLng">
            <dst id="ATLA-M5">98.848</dst>
            <dst id="ATLAng">13741.768</dst>
            <dst id="CHINng">53219.224</dst>
            <dst id="DNVRng">5293.976</dst>
            <dst id="HSTNng">4122.504</dst>
            <dst id="IPLSng">19953.4586666667</dst>
            <dst id="KSCYng">4574.472</dst>
            <dst id="LOSAng">35793.5733333333</dst>
            <dst id="NYCMng">26877.8</dst>
            <dst id="SNVAng">14056.416</dst>
            <dst id="STTLng">25090.6693333333</dst>
            <dst id="WASHng">20710.4186666667</dst>
        </src>
        <src id="WASHng">
            <dst id="ATLA-M5">1398.032</dst>
            <dst id="ATLAng">115103.133333333</dst>
            <dst id="CHINng">108616.130666667</dst>
            <dst id="DNVRng">55907.6533333333</dst>
            <dst id="HSTNng">20025.8106666667</dst>
            <dst id="IPLSng">88885.7866666667</dst>
            <dst id="KSCYng">16787.112</dst>
            <dst id="LOSAng">84296.568</dst>
            <dst id="NYCMng">225264.837333333</dst>
            <dst id="SNVAng">25596.9546666667</dst>
            <dst id="STTLng">39373.9786666667</dst>
            <dst id="WASHng">234303.226666667</dst>
        </src>
    </IntraTM>
</TrafficMatrixFile>
