<?xml version="1.0" encoding="ISO-8859-1" standalone="yes"?>
<TrafficMatrixFile xsi:noNamespaceSchemaLocation="http://totem.run.montefiore.ulg.ac.be/Schema/TrafficMatrix-v1_2.xsd" xmlns:xsi="http://www.w3.org/2001/XMLSchema-instance">
    <IntraTM ASID="11537">
        <src id="ATLA-M5">
            <dst id="ATLA-M5">0</dst>
            <dst id="ATLAng">1354.75733333333</dst>
            <dst id="CHINng">2643.47466666667</dst>
            <dst id="DNVRng">381.325333333333</dst>
            <dst id="HSTNng">653.664</dst>
            <dst id="IPLSng">1282.52533333333</dst>
            <dst id="KSCYng">216.309333333333</dst>
            <dst id="LOSAng">950.673333333333</dst>
            <dst id="NYCMng">854.688</dst>
            <dst id="SNVAng">441.590666666667</dst>
            <dst id="STTLng">154.096</dst>
            <dst id="WASHng">1334.31466666667</dst>
        </src>
        <src id="ATLAng">
            <dst id="ATLA-M5">623.802666666667</dst>
            <dst id="ATLAng">25062.1973333333</dst>
            <dst id="CHINng">19712.664</dst>
            <dst id="DNVRng">7264.32533333333</dst>
            <dst id="HSTNng">6807.78666666667</dst>
            <dst id="IPLSng">33105.3973333333</dst>
            <dst id="KSCYng">10217.504</dst>
            <dst id="LOSAng">18305.932</dst>
            <dst id="NYCMng">21185.36</dst>
            <dst id="SNVAng">2690.66</dst>
            <dst id="STTLng">8120.63733333333</dst>
            <dst id="WASHng">75619.5093333333</dst>
        </src>
        <src id="CHINng">
            <dst id="ATLA-M5">4856.34133333333</dst>
            <dst id="ATLAng">14468.4</dst>
            <dst id="CHINng">31431.44</dst>
            <dst id="DNVRng">11962.4426666667</dst>
            <dst id="HSTNng">16951.6506666667</dst>
            <dst id="IPLSng">46699.0826666667</dst>
            <dst id="KSCYng">8397.12266666667</dst>
            <dst id="LOSAng">33134.9093333333</dst>
            <dst id="NYCMng">7146.22133333333</dst>
            <dst id="SNVAng">5867.656</dst>
            <dst id="STTLng">14076.464</dst>
            <dst id="WASHng">22663.0586666667</dst>
        </src>
        <src id="DNVRng">
            <dst id="ATLA-M5">445.917333333333</dst>
            <dst id="ATLAng">7075.68266666667</dst>
            <dst id="CHINng">60940.56</dst>
            <dst id="DNVRng">15458.8826666667</dst>
            <dst id="HSTNng">17800.2906666667</dst>
            <dst id="IPLSng">33163.7066666667</dst>
            <dst id="KSCYng">18357.5173333333</dst>
            <dst id="LOSAng">8530.18933333333</dst>
            <dst id="NYCMng">21783.8213333333</dst>
            <dst id="SNVAng">10050.6373333333</dst>
            <dst id="STTLng">14785.8346666667</dst>
            <dst id="WASHng">57941.072</dst>
        </src>
        <src id="HSTNng">
            <dst id="ATLA-M5">3812.90933333333</dst>
            <dst id="ATLAng">9726.16533333333</dst>
            <dst id="CHINng">30996.8213333333</dst>
            <dst id="DNVRng">6375.00266666667</dst>
            <dst id="HSTNng">10157.2213333333</dst>
            <dst id="IPLSng">13515.496</dst>
            <dst id="KSCYng">3386.95733333333</dst>
            <dst id="LOSAng">14024.1546666667</dst>
            <dst id="NYCMng">7682.168</dst>
            <dst id="SNVAng">1011.13866666667</dst>
            <dst id="STTLng">5833.49866666667</dst>
            <dst id="WASHng">12019.1013333333</dst>
        </src>
        <src id="IPLSng">
            <dst id="ATLA-M5">1091.30666666667</dst>
            <dst id="ATLAng">18900.7866666667</dst>
            <dst id="CHINng">86907.9626666667</dst>
            <dst id="DNVRng">31317.0853333333</dst>
            <dst id="HSTNng">9873.488</dst>
            <dst id="IPLSng">28578.456</dst>
            <dst id="KSCYng">20458.0026666667</dst>
            <dst id="LOSAng">57093.8906666667</dst>
            <dst id="NYCMng">49877.6906666666</dst>
            <dst id="SNVAng">7640.97066666667</dst>
            <dst id="STTLng">13133.4853333333</dst>
            <dst id="WASHng">68201.1573333333</dst>
        </src>
        <src id="KSCYng">
            <dst id="ATLA-M5">449.066666666667</dst>
            <dst id="ATLAng">9034.41866666667</dst>
            <dst id="CHINng">43112.3866666667</dst>
            <dst id="DNVRng">9952.44</dst>
            <dst id="HSTNng">3652.264</dst>
            <dst id="IPLSng">20443.12</dst>
            <dst id="KSCYng">11964.648</dst>
            <dst id="LOSAng">6626.984</dst>
            <dst id="NYCMng">14239.1493333333</dst>
            <dst id="SNVAng">1835.528</dst>
            <dst id="STTLng">5400.392</dst>
            <dst id="WASHng">14742.1946666667</dst>
        </src>
        <src id="LOSAng">
            <dst id="ATLA-M5">338.477333333333</dst>
            <dst id="ATLAng">41418.7306666667</dst>
            <dst id="CHINng">99167.2533333333</dst>
            <dst id="DNVRng">20809.92</dst>
            <dst id="HSTNng">23204.44</dst>
            <dst id="IPLSng">44860.9013333333</dst>
            <dst id="KSCYng">12119.7626666667</dst>
            <dst id="LOSAng">17358.648</dst>
            <dst id="NYCMng">58392.2666666666</dst>
            <dst id="SNVAng">13165.36</dst>
            <dst id="STTLng">37211.5573333333</dst>
            <dst id="WASHng">79995.3653333333</dst>
        </src>
        <src id="NYCMng">
            <dst id="ATLA-M5">4431.304</dst>
            <dst id="ATLAng">50844.5706666667</dst>
            <dst id="CHINng">82204.8666666667</dst>
            <dst id="DNVRng">42609.1653333333</dst>
            <dst id="HSTNng">52451.64</dst>
            <dst id="IPLSng">88681.8106666667</dst>
            <dst id="KSCYng">28925.3893333333</dst>
            <dst id="LOSAng">92718.4373333333</dst>
            <dst id="NYCMng">133981.832</dst>
            <dst id="SNVAng">13088.4506666667</dst>
            <dst id="STTLng">42468.32</dst>
            <dst id="WASHng">127314.338666667</dst>
        </src>
        <src id="SNVAng">
            <dst id="ATLA-M5">413.36</dst>
            <dst id="ATLAng">1406.416</dst>
            <dst id="CHINng">7458.24266666667</dst>
            <dst id="DNVRng">9718.49066666667</dst>
            <dst id="HSTNng">2528.42666666667</dst>
            <dst id="IPLSng">2076.95733333333</dst>
            <dst id="KSCYng">2097.12</dst>
            <dst id="LOSAng">42968.5946666667</dst>
            <dst id="NYCMng">2290.144</dst>
            <dst id="SNVAng">16489.6373333333</dst>
            <dst id="STTLng">66278.5173333333</dst>
            <dst id="WASHng">2171.63733333333</dst>
        </src>
        <src id="STTLng">
            <dst id="ATLA-M5">55.832</dst>
            <dst id="ATLAng">13969</dst>
            <dst id="CHINng">57195.12</dst>
            <dst id="DNVRng">4034.448</dst>
            <dst id="HSTNng">5430.02933333333</dst>
            <dst id="IPLSng">19722.7946666667</dst>
            <dst id="KSCYng">5101.512</dst>
            <dst id="LOSAng">34804.7573333333</dst>
            <dst id="NYCMng">27253.5333333333</dst>
            <dst id="SNVAng">9021.616</dst>
            <dst id="STTLng">14441.544</dst>
            <dst id="WASHng">21470.68</dst>
        </src>
        <src id="WASHng">
            <dst id="ATLA-M5">978.344</dst>
            <dst id="ATLAng">148119.330666667</dst>
            <dst id="CHINng">92676.512</dst>
            <dst id="DNVRng">48934.4533333333</dst>
            <dst id="HSTNng">30373.7733333333</dst>
            <dst id="IPLSng">81470.68</dst>
            <dst id="KSCYng">19118.3626666667</dst>
            <dst id="LOSAng">88929.9093333333</dst>
            <dst id="NYCMng">225642.456</dst>
            <dst id="SNVAng">24976.248</dst>
            <dst id="STTLng">44106.304</dst>
            <dst id="WASHng">234268.576</dst>
        </src>
    </IntraTM>
</TrafficMatrixFile>
