<?xml version="1.0" encoding="ISO-8859-1" standalone="yes"?>
<TrafficMatrixFile xsi:noNamespaceSchemaLocation="http://totem.run.montefiore.ulg.ac.be/Schema/TrafficMatrix-v1_2.xsd" xmlns:xsi="http://www.w3.org/2001/XMLSchema-instance">
    <IntraTM ASID="11537">
        <src id="ATLA-M5">
            <dst id="ATLA-M5">192.170666666667</dst>
            <dst id="ATLAng">558.453333333333</dst>
            <dst id="CHINng">2198.28533333333</dst>
            <dst id="DNVRng">864.410666666667</dst>
            <dst id="HSTNng">389.970666666667</dst>
            <dst id="IPLSng">2070.992</dst>
            <dst id="KSCYng">503.210666666667</dst>
            <dst id="LOSAng">1710.744</dst>
            <dst id="NYCMng">1543.59466666667</dst>
            <dst id="SNVAng">53.0426666666667</dst>
            <dst id="STTLng">178.328</dst>
            <dst id="WASHng">6605.29866666667</dst>
        </src>
        <src id="ATLAng">
            <dst id="ATLA-M5">3037.856</dst>
            <dst id="ATLAng">71876.344</dst>
            <dst id="CHINng">54937.736</dst>
            <dst id="DNVRng">6629.86666666667</dst>
            <dst id="HSTNng">4196.296</dst>
            <dst id="IPLSng">32394.432</dst>
            <dst id="KSCYng">12046.1946666667</dst>
            <dst id="LOSAng">22441.6546666667</dst>
            <dst id="NYCMng">13454.576</dst>
            <dst id="SNVAng">3105.16666666667</dst>
            <dst id="STTLng">8111.48533333333</dst>
            <dst id="WASHng">77432</dst>
        </src>
        <src id="CHINng">
            <dst id="ATLA-M5">725.010666666667</dst>
            <dst id="ATLAng">18257.8213333333</dst>
            <dst id="CHINng">55123.9253333333</dst>
            <dst id="DNVRng">9059.88533333333</dst>
            <dst id="HSTNng">10779.9893333333</dst>
            <dst id="IPLSng">45648.0026666667</dst>
            <dst id="KSCYng">7491.59466666667</dst>
            <dst id="LOSAng">18082.8693333333</dst>
            <dst id="NYCMng">6124.752</dst>
            <dst id="SNVAng">3987.216</dst>
            <dst id="STTLng">9991.81866666667</dst>
            <dst id="WASHng">18216.16</dst>
        </src>
        <src id="DNVRng">
            <dst id="ATLA-M5">401.413333333333</dst>
            <dst id="ATLAng">11162.688</dst>
            <dst id="CHINng">85544.8906666667</dst>
            <dst id="DNVRng">16761.72</dst>
            <dst id="HSTNng">14902.8586666667</dst>
            <dst id="IPLSng">44910.4213333333</dst>
            <dst id="KSCYng">18361.1333333333</dst>
            <dst id="LOSAng">13759.0693333333</dst>
            <dst id="NYCMng">27337.3813333333</dst>
            <dst id="SNVAng">14299.7413333333</dst>
            <dst id="STTLng">32944.1733333333</dst>
            <dst id="WASHng">54200.568</dst>
        </src>
        <src id="HSTNng">
            <dst id="ATLA-M5">1055.67733333333</dst>
            <dst id="ATLAng">5150.224</dst>
            <dst id="CHINng">25950.4933333333</dst>
            <dst id="DNVRng">3373.112</dst>
            <dst id="HSTNng">11411.0373333333</dst>
            <dst id="IPLSng">9922.512</dst>
            <dst id="KSCYng">3225.17066666667</dst>
            <dst id="LOSAng">98441.7466666667</dst>
            <dst id="NYCMng">27122.72</dst>
            <dst id="SNVAng">1654.208</dst>
            <dst id="STTLng">3708.05866666667</dst>
            <dst id="WASHng">9023.33866666667</dst>
        </src>
        <src id="IPLSng">
            <dst id="ATLA-M5">1304.73066666667</dst>
            <dst id="ATLAng">36056.168</dst>
            <dst id="CHINng">153824.621333333</dst>
            <dst id="DNVRng">21730.6933333333</dst>
            <dst id="HSTNng">11392.48</dst>
            <dst id="IPLSng">50425.3893333333</dst>
            <dst id="KSCYng">25288.536</dst>
            <dst id="LOSAng">19200.1306666667</dst>
            <dst id="NYCMng">37019.504</dst>
            <dst id="SNVAng">16209.9946666667</dst>
            <dst id="STTLng">17419.0373333333</dst>
            <dst id="WASHng">71724.8186666667</dst>
        </src>
        <src id="KSCYng">
            <dst id="ATLA-M5">2043.336</dst>
            <dst id="ATLAng">7860.136</dst>
            <dst id="CHINng">44097.5493333333</dst>
            <dst id="DNVRng">10091.4986666667</dst>
            <dst id="HSTNng">4325.82933333333</dst>
            <dst id="IPLSng">17734.8106666667</dst>
            <dst id="KSCYng">13825.648</dst>
            <dst id="LOSAng">3814.86133333333</dst>
            <dst id="NYCMng">8049.544</dst>
            <dst id="SNVAng">1727.008</dst>
            <dst id="STTLng">3947.22933333333</dst>
            <dst id="WASHng">13625.1386666667</dst>
        </src>
        <src id="LOSAng">
            <dst id="ATLA-M5">730.165333333333</dst>
            <dst id="ATLAng">22134.072</dst>
            <dst id="CHINng">143324.493333333</dst>
            <dst id="DNVRng">15361.32</dst>
            <dst id="HSTNng">13459.5546666667</dst>
            <dst id="IPLSng">43890.1653333333</dst>
            <dst id="KSCYng">8673.85066666667</dst>
            <dst id="LOSAng">12125.5706666667</dst>
            <dst id="NYCMng">80716.6373333333</dst>
            <dst id="SNVAng">10183.2906666667</dst>
            <dst id="STTLng">31014.216</dst>
            <dst id="WASHng">72107.7733333333</dst>
        </src>
        <src id="NYCMng">
            <dst id="ATLA-M5">4684.27466666667</dst>
            <dst id="ATLAng">58214.2853333333</dst>
            <dst id="CHINng">69557.7333333333</dst>
            <dst id="DNVRng">40196.6426666667</dst>
            <dst id="HSTNng">22994.144</dst>
            <dst id="IPLSng">100439.365333333</dst>
            <dst id="KSCYng">32816.9386666667</dst>
            <dst id="LOSAng">61310.6106666667</dst>
            <dst id="NYCMng">166379.808</dst>
            <dst id="SNVAng">13406.3306666667</dst>
            <dst id="STTLng">25805.4853333333</dst>
            <dst id="WASHng">202578.384</dst>
        </src>
        <src id="SNVAng">
            <dst id="ATLA-M5">47.4773333333333</dst>
            <dst id="ATLAng">1628.416</dst>
            <dst id="CHINng">7240.85866666667</dst>
            <dst id="DNVRng">12352.168</dst>
            <dst id="HSTNng">944.816</dst>
            <dst id="IPLSng">11606.0453333333</dst>
            <dst id="KSCYng">1713.664</dst>
            <dst id="LOSAng">30455.6933333333</dst>
            <dst id="NYCMng">3610.04266666667</dst>
            <dst id="SNVAng">21069.3946666667</dst>
            <dst id="STTLng">56300.728</dst>
            <dst id="WASHng">2022.25866666667</dst>
        </src>
        <src id="STTLng">
            <dst id="ATLA-M5">297.517333333333</dst>
            <dst id="ATLAng">15130.6586666667</dst>
            <dst id="CHINng">84529.5226666667</dst>
            <dst id="DNVRng">7142.672</dst>
            <dst id="HSTNng">8875.448</dst>
            <dst id="IPLSng">27531.6186666667</dst>
            <dst id="KSCYng">6848.37333333333</dst>
            <dst id="LOSAng">23794.88</dst>
            <dst id="NYCMng">23974.128</dst>
            <dst id="SNVAng">11044.6133333333</dst>
            <dst id="STTLng">4446.4</dst>
            <dst id="WASHng">21789.9386666667</dst>
        </src>
        <src id="WASHng">
            <dst id="ATLA-M5">6230.28</dst>
            <dst id="ATLAng">123472.562666667</dst>
            <dst id="CHINng">119918.704</dst>
            <dst id="DNVRng">61564.9226666667</dst>
            <dst id="HSTNng">34630.512</dst>
            <dst id="IPLSng">86330.264</dst>
            <dst id="KSCYng">29721.9866666667</dst>
            <dst id="LOSAng">77241.5813333333</dst>
            <dst id="NYCMng">213800.229333333</dst>
            <dst id="SNVAng">11542.4373333333</dst>
            <dst id="STTLng">45367.1733333333</dst>
            <dst id="WASHng">330303.28</dst>
        </src>
    </IntraTM>
</TrafficMatrixFile>
