<?xml version="1.0" encoding="ISO-8859-1" standalone="yes"?>
<TrafficMatrixFile xsi:noNamespaceSchemaLocation="http://totem.run.montefiore.ulg.ac.be/Schema/TrafficMatrix-v1_2.xsd" xmlns:xsi="http://www.w3.org/2001/XMLSchema-instance">
    <IntraTM ASID="11537">
        <src id="ATLA-M5">
            <dst id="ATLA-M5">1037.776</dst>
            <dst id="ATLAng">443.061333333333</dst>
            <dst id="CHINng">713.48</dst>
            <dst id="DNVRng">80</dst>
            <dst id="HSTNng">140.557333333333</dst>
            <dst id="IPLSng">2262.16</dst>
            <dst id="KSCYng">176.512</dst>
            <dst id="LOSAng">332.184</dst>
            <dst id="NYCMng">792.597333333333</dst>
            <dst id="SNVAng">26.6666666666667</dst>
            <dst id="STTLng">225.896</dst>
            <dst id="WASHng">4489.21066666667</dst>
        </src>
        <src id="ATLAng">
            <dst id="ATLA-M5">392.034666666667</dst>
            <dst id="ATLAng">29002.768</dst>
            <dst id="CHINng">22945.1173333333</dst>
            <dst id="DNVRng">4493.032</dst>
            <dst id="HSTNng">19547.1253333333</dst>
            <dst id="IPLSng">22138.5813333333</dst>
            <dst id="KSCYng">6390.208</dst>
            <dst id="LOSAng">13006.9466666667</dst>
            <dst id="NYCMng">20496.624</dst>
            <dst id="SNVAng">1339.09333333333</dst>
            <dst id="STTLng">4563.13333333333</dst>
            <dst id="WASHng">94553.2373333334</dst>
        </src>
        <src id="CHINng">
            <dst id="ATLA-M5">1342.048</dst>
            <dst id="ATLAng">19577.3973333333</dst>
            <dst id="CHINng">55670.4693333333</dst>
            <dst id="DNVRng">10132.5946666667</dst>
            <dst id="HSTNng">15986.344</dst>
            <dst id="IPLSng">26832.5733333333</dst>
            <dst id="KSCYng">9195.552</dst>
            <dst id="LOSAng">26219.7413333333</dst>
            <dst id="NYCMng">5927.29333333333</dst>
            <dst id="SNVAng">2712.85066666667</dst>
            <dst id="STTLng">6518</dst>
            <dst id="WASHng">14141.8</dst>
        </src>
        <src id="DNVRng">
            <dst id="ATLA-M5">0</dst>
            <dst id="ATLAng">11962.8586666667</dst>
            <dst id="CHINng">75445.3653333333</dst>
            <dst id="DNVRng">24279.088</dst>
            <dst id="HSTNng">12999.8613333333</dst>
            <dst id="IPLSng">28439.584</dst>
            <dst id="KSCYng">21815.9386666667</dst>
            <dst id="LOSAng">6480.37866666667</dst>
            <dst id="NYCMng">30914.3493333333</dst>
            <dst id="SNVAng">12483.3013333333</dst>
            <dst id="STTLng">15913.2906666667</dst>
            <dst id="WASHng">71644.2106666667</dst>
        </src>
        <src id="HSTNng">
            <dst id="ATLA-M5">3813.38666666667</dst>
            <dst id="ATLAng">4272.464</dst>
            <dst id="CHINng">44941.2026666667</dst>
            <dst id="DNVRng">1585.968</dst>
            <dst id="HSTNng">5597.12266666667</dst>
            <dst id="IPLSng">7283.49333333333</dst>
            <dst id="KSCYng">3069.95466666667</dst>
            <dst id="LOSAng">97785.368</dst>
            <dst id="NYCMng">6697.92533333333</dst>
            <dst id="SNVAng">1087.53333333333</dst>
            <dst id="STTLng">2428.70666666667</dst>
            <dst id="WASHng">10833.6186666667</dst>
        </src>
        <src id="IPLSng">
            <dst id="ATLA-M5">273.501333333333</dst>
            <dst id="ATLAng">22514.2586666667</dst>
            <dst id="CHINng">153630.333333333</dst>
            <dst id="DNVRng">19622.2586666667</dst>
            <dst id="HSTNng">4529.696</dst>
            <dst id="IPLSng">32140.8213333333</dst>
            <dst id="KSCYng">15154.2213333333</dst>
            <dst id="LOSAng">83563.5813333333</dst>
            <dst id="NYCMng">34031.7653333333</dst>
            <dst id="SNVAng">2503.408</dst>
            <dst id="STTLng">7970.70933333333</dst>
            <dst id="WASHng">67642.6986666666</dst>
        </src>
        <src id="KSCYng">
            <dst id="ATLA-M5">287.722666666667</dst>
            <dst id="ATLAng">5354.42933333333</dst>
            <dst id="CHINng">49903.7546666667</dst>
            <dst id="DNVRng">8064.02133333333</dst>
            <dst id="HSTNng">3312.344</dst>
            <dst id="IPLSng">25571.36</dst>
            <dst id="KSCYng">14615.0533333333</dst>
            <dst id="LOSAng">4809.768</dst>
            <dst id="NYCMng">8158.74933333333</dst>
            <dst id="SNVAng">1497.71733333333</dst>
            <dst id="STTLng">2727.33866666667</dst>
            <dst id="WASHng">11621.8026666667</dst>
        </src>
        <src id="LOSAng">
            <dst id="ATLA-M5">773.68</dst>
            <dst id="ATLAng">18548.5973333333</dst>
            <dst id="CHINng">212257.106666667</dst>
            <dst id="DNVRng">19209.72</dst>
            <dst id="HSTNng">6138.84</dst>
            <dst id="IPLSng">41860.9413333333</dst>
            <dst id="KSCYng">11962.7866666667</dst>
            <dst id="LOSAng">11547.5946666667</dst>
            <dst id="NYCMng">56336.128</dst>
            <dst id="SNVAng">7776.76533333333</dst>
            <dst id="STTLng">24085.7626666667</dst>
            <dst id="WASHng">71500.4186666667</dst>
        </src>
        <src id="NYCMng">
            <dst id="ATLA-M5">479.464</dst>
            <dst id="ATLAng">51992.5813333333</dst>
            <dst id="CHINng">60954.3946666667</dst>
            <dst id="DNVRng">24856.1066666667</dst>
            <dst id="HSTNng">18163.7493333333</dst>
            <dst id="IPLSng">63486.44</dst>
            <dst id="KSCYng">20462.7306666667</dst>
            <dst id="LOSAng">51490.424</dst>
            <dst id="NYCMng">172090.298666667</dst>
            <dst id="SNVAng">7846.6</dst>
            <dst id="STTLng">28477.976</dst>
            <dst id="WASHng">92050.3413333333</dst>
        </src>
        <src id="SNVAng">
            <dst id="ATLA-M5">26.6666666666667</dst>
            <dst id="ATLAng">1476.152</dst>
            <dst id="CHINng">7177.90133333333</dst>
            <dst id="DNVRng">7195.91733333333</dst>
            <dst id="HSTNng">461.341333333333</dst>
            <dst id="IPLSng">1365.84533333333</dst>
            <dst id="KSCYng">776.384</dst>
            <dst id="LOSAng">30685.528</dst>
            <dst id="NYCMng">2466.76</dst>
            <dst id="SNVAng">14025.216</dst>
            <dst id="STTLng">60664.224</dst>
            <dst id="WASHng">1380.65066666667</dst>
        </src>
        <src id="STTLng">
            <dst id="ATLA-M5">536.605333333333</dst>
            <dst id="ATLAng">13705.6746666667</dst>
            <dst id="CHINng">86028.2106666667</dst>
            <dst id="DNVRng">2878.57066666667</dst>
            <dst id="HSTNng">2447.49066666667</dst>
            <dst id="IPLSng">12480.968</dst>
            <dst id="KSCYng">5524.02666666667</dst>
            <dst id="LOSAng">20149.976</dst>
            <dst id="NYCMng">30017.3226666667</dst>
            <dst id="SNVAng">7108.64</dst>
            <dst id="STTLng">14136.3093333333</dst>
            <dst id="WASHng">18125.3973333333</dst>
        </src>
        <src id="WASHng">
            <dst id="ATLA-M5">460.069333333333</dst>
            <dst id="ATLAng">113237.258666667</dst>
            <dst id="CHINng">104998.88</dst>
            <dst id="DNVRng">45261.3573333333</dst>
            <dst id="HSTNng">20377.7226666667</dst>
            <dst id="IPLSng">71264.552</dst>
            <dst id="KSCYng">18126.0693333333</dst>
            <dst id="LOSAng">64670.832</dst>
            <dst id="NYCMng">175230.877333333</dst>
            <dst id="SNVAng">2140.89066666667</dst>
            <dst id="STTLng">25590.048</dst>
            <dst id="WASHng">369962.64</dst>
        </src>
    </IntraTM>
</TrafficMatrixFile>
