<?xml version="1.0" encoding="ISO-8859-1" standalone="yes"?>
<TrafficMatrixFile xsi:noNamespaceSchemaLocation="http://totem.run.montefiore.ulg.ac.be/Schema/TrafficMatrix-v1_2.xsd" xmlns:xsi="http://www.w3.org/2001/XMLSchema-instance">
    <IntraTM ASID="11537">
        <src id="ATLA-M5">
            <dst id="ATLA-M5">0</dst>
            <dst id="ATLAng">707.354666666667</dst>
            <dst id="CHINng">2094.76266666667</dst>
            <dst id="DNVRng">194.816</dst>
            <dst id="HSTNng">472.202666666667</dst>
            <dst id="IPLSng">1276.70133333333</dst>
            <dst id="KSCYng">751.429333333333</dst>
            <dst id="LOSAng">223.258666666667</dst>
            <dst id="NYCMng">1077.55466666667</dst>
            <dst id="SNVAng">339.770666666667</dst>
            <dst id="STTLng">175.706666666667</dst>
            <dst id="WASHng">1527.36</dst>
        </src>
        <src id="ATLAng">
            <dst id="ATLA-M5">1593.912</dst>
            <dst id="ATLAng">22112.368</dst>
            <dst id="CHINng">26528.7306666667</dst>
            <dst id="DNVRng">6460.792</dst>
            <dst id="HSTNng">7924.30133333333</dst>
            <dst id="IPLSng">34295.4693333333</dst>
            <dst id="KSCYng">7339.63466666667</dst>
            <dst id="LOSAng">19887.1373333333</dst>
            <dst id="NYCMng">17626.8826666667</dst>
            <dst id="SNVAng">3504.25466666667</dst>
            <dst id="STTLng">11699.432</dst>
            <dst id="WASHng">65613.416</dst>
        </src>
        <src id="CHINng">
            <dst id="ATLA-M5">3455.24</dst>
            <dst id="ATLAng">17387.2346666667</dst>
            <dst id="CHINng">41845.52</dst>
            <dst id="DNVRng">12892.9093333333</dst>
            <dst id="HSTNng">19974.5706666667</dst>
            <dst id="IPLSng">46235.0506666667</dst>
            <dst id="KSCYng">10523.6906666667</dst>
            <dst id="LOSAng">29492.584</dst>
            <dst id="NYCMng">4775.648</dst>
            <dst id="SNVAng">4913.16</dst>
            <dst id="STTLng">7224.104</dst>
            <dst id="WASHng">15567.824</dst>
        </src>
        <src id="DNVRng">
            <dst id="ATLA-M5">318.826666666667</dst>
            <dst id="ATLAng">11078.808</dst>
            <dst id="CHINng">58002.1253333333</dst>
            <dst id="DNVRng">21727.128</dst>
            <dst id="HSTNng">15679.608</dst>
            <dst id="IPLSng">41798.7706666667</dst>
            <dst id="KSCYng">21242.5226666667</dst>
            <dst id="LOSAng">11067.312</dst>
            <dst id="NYCMng">25033.9866666667</dst>
            <dst id="SNVAng">13961.4826666667</dst>
            <dst id="STTLng">15476.1973333333</dst>
            <dst id="WASHng">65912.352</dst>
        </src>
        <src id="HSTNng">
            <dst id="ATLA-M5">3212.112</dst>
            <dst id="ATLAng">13633.7866666667</dst>
            <dst id="CHINng">25890.376</dst>
            <dst id="DNVRng">4908.96266666667</dst>
            <dst id="HSTNng">7350.70133333333</dst>
            <dst id="IPLSng">13354.3653333333</dst>
            <dst id="KSCYng">2350.6</dst>
            <dst id="LOSAng">10051.656</dst>
            <dst id="NYCMng">8874.408</dst>
            <dst id="SNVAng">1093.13333333333</dst>
            <dst id="STTLng">4453.93866666667</dst>
            <dst id="WASHng">9268.44533333333</dst>
        </src>
        <src id="IPLSng">
            <dst id="ATLA-M5">805.336</dst>
            <dst id="ATLAng">21072.8426666667</dst>
            <dst id="CHINng">75324.736</dst>
            <dst id="DNVRng">31291.336</dst>
            <dst id="HSTNng">8323.264</dst>
            <dst id="IPLSng">30014.856</dst>
            <dst id="KSCYng">15329.9733333333</dst>
            <dst id="LOSAng">27450.0853333333</dst>
            <dst id="NYCMng">41224.1626666667</dst>
            <dst id="SNVAng">4006.67733333333</dst>
            <dst id="STTLng">19404.4426666667</dst>
            <dst id="WASHng">57388.008</dst>
        </src>
        <src id="KSCYng">
            <dst id="ATLA-M5">249.394666666667</dst>
            <dst id="ATLAng">5725.61866666667</dst>
            <dst id="CHINng">30522.2426666667</dst>
            <dst id="DNVRng">8551.712</dst>
            <dst id="HSTNng">4558.51466666667</dst>
            <dst id="IPLSng">13151.9813333333</dst>
            <dst id="KSCYng">11332.2693333333</dst>
            <dst id="LOSAng">8924.94933333333</dst>
            <dst id="NYCMng">9859.464</dst>
            <dst id="SNVAng">2812.14933333333</dst>
            <dst id="STTLng">4524.07733333333</dst>
            <dst id="WASHng">17132.72</dst>
        </src>
        <src id="LOSAng">
            <dst id="ATLA-M5">2879.29066666667</dst>
            <dst id="ATLAng">29826.6666666667</dst>
            <dst id="CHINng">96389.9706666667</dst>
            <dst id="DNVRng">13907.7333333333</dst>
            <dst id="HSTNng">17748.1866666667</dst>
            <dst id="IPLSng">47018.744</dst>
            <dst id="KSCYng">15651.9786666667</dst>
            <dst id="LOSAng">21878.6106666667</dst>
            <dst id="NYCMng">69598.4533333334</dst>
            <dst id="SNVAng">10901.3706666667</dst>
            <dst id="STTLng">38109.7413333333</dst>
            <dst id="WASHng">85450.232</dst>
        </src>
        <src id="NYCMng">
            <dst id="ATLA-M5">3864.504</dst>
            <dst id="ATLAng">56713.008</dst>
            <dst id="CHINng">72525.0346666667</dst>
            <dst id="DNVRng">43129.8506666667</dst>
            <dst id="HSTNng">41632.304</dst>
            <dst id="IPLSng">76823.4053333333</dst>
            <dst id="KSCYng">20161.7066666667</dst>
            <dst id="LOSAng">89878.5866666667</dst>
            <dst id="NYCMng">139494.064</dst>
            <dst id="SNVAng">13095.5466666667</dst>
            <dst id="STTLng">43391.0533333333</dst>
            <dst id="WASHng">225396.061333333</dst>
        </src>
        <src id="SNVAng">
            <dst id="ATLA-M5">187.325333333333</dst>
            <dst id="ATLAng">1708.928</dst>
            <dst id="CHINng">5270.00266666667</dst>
            <dst id="DNVRng">7179.11733333333</dst>
            <dst id="HSTNng">1555.90933333333</dst>
            <dst id="IPLSng">2882.97333333333</dst>
            <dst id="KSCYng">1436.08533333333</dst>
            <dst id="LOSAng">41991.3866666667</dst>
            <dst id="NYCMng">11137.3866666667</dst>
            <dst id="SNVAng">20037.4586666667</dst>
            <dst id="STTLng">71194.5093333333</dst>
            <dst id="WASHng">3824.648</dst>
        </src>
        <src id="STTLng">
            <dst id="ATLA-M5">229.032</dst>
            <dst id="ATLAng">14036.928</dst>
            <dst id="CHINng">43983.5253333333</dst>
            <dst id="DNVRng">4103.99733333333</dst>
            <dst id="HSTNng">4094.28</dst>
            <dst id="IPLSng">16919.344</dst>
            <dst id="KSCYng">4764.568</dst>
            <dst id="LOSAng">41562.9813333333</dst>
            <dst id="NYCMng">24337.0666666667</dst>
            <dst id="SNVAng">7663.83733333333</dst>
            <dst id="STTLng">13445.3173333333</dst>
            <dst id="WASHng">15945.1306666667</dst>
        </src>
        <src id="WASHng">
            <dst id="ATLA-M5">1204.976</dst>
            <dst id="ATLAng">173809.594666667</dst>
            <dst id="CHINng">111414.466666667</dst>
            <dst id="DNVRng">63732.8266666667</dst>
            <dst id="HSTNng">51851.248</dst>
            <dst id="IPLSng">86525.4693333333</dst>
            <dst id="KSCYng">24587.0746666667</dst>
            <dst id="LOSAng">89777.4426666667</dst>
            <dst id="NYCMng">186952.04</dst>
            <dst id="SNVAng">20658.4053333333</dst>
            <dst id="STTLng">45945.5386666667</dst>
            <dst id="WASHng">228654.202666667</dst>
        </src>
    </IntraTM>
</TrafficMatrixFile>
