<?xml version="1.0" encoding="ISO-8859-1" standalone="yes"?>
<TrafficMatrixFile xsi:noNamespaceSchemaLocation="http://totem.run.montefiore.ulg.ac.be/Schema/TrafficMatrix-v1_2.xsd" xmlns:xsi="http://www.w3.org/2001/XMLSchema-instance">
    <IntraTM ASID="11537">
        <src id="ATLA-M5">
            <dst id="ATLA-M5">400.32</dst>
            <dst id="ATLAng">685.458666666667</dst>
            <dst id="CHINng">2490.96533333333</dst>
            <dst id="DNVRng">382.189333333333</dst>
            <dst id="HSTNng">673.210666666667</dst>
            <dst id="IPLSng">1482.856</dst>
            <dst id="KSCYng">1718.26933333333</dst>
            <dst id="LOSAng">1327.19466666667</dst>
            <dst id="NYCMng">1377.29066666667</dst>
            <dst id="SNVAng">208.109333333333</dst>
            <dst id="STTLng">80</dst>
            <dst id="WASHng">2382.57866666667</dst>
        </src>
        <src id="ATLAng">
            <dst id="ATLA-M5">1516.224</dst>
            <dst id="ATLAng">63649.8826666667</dst>
            <dst id="CHINng">65112.0506666667</dst>
            <dst id="DNVRng">16303.6853333333</dst>
            <dst id="HSTNng">9017.03733333333</dst>
            <dst id="IPLSng">41167.2133333333</dst>
            <dst id="KSCYng">24200.1093333333</dst>
            <dst id="LOSAng">27591.7253333333</dst>
            <dst id="NYCMng">24552.2533333333</dst>
            <dst id="SNVAng">4382.42666666667</dst>
            <dst id="STTLng">14435.7146666667</dst>
            <dst id="WASHng">89068.648</dst>
        </src>
        <src id="CHINng">
            <dst id="ATLA-M5">3408.30666666667</dst>
            <dst id="ATLAng">19139.256</dst>
            <dst id="CHINng">62940.28</dst>
            <dst id="DNVRng">16981.064</dst>
            <dst id="HSTNng">7175.264</dst>
            <dst id="IPLSng">41315.0693333333</dst>
            <dst id="KSCYng">11628.232</dst>
            <dst id="LOSAng">29408.7653333333</dst>
            <dst id="NYCMng">14375.704</dst>
            <dst id="SNVAng">3428.544</dst>
            <dst id="STTLng">20483.5546666667</dst>
            <dst id="WASHng">28699.6346666667</dst>
        </src>
        <src id="DNVRng">
            <dst id="ATLA-M5">791.570666666667</dst>
            <dst id="ATLAng">12519.3733333333</dst>
            <dst id="CHINng">67071.904</dst>
            <dst id="DNVRng">10979.3226666667</dst>
            <dst id="HSTNng">14704.5733333333</dst>
            <dst id="IPLSng">32970.6666666667</dst>
            <dst id="KSCYng">21554.864</dst>
            <dst id="LOSAng">14340.2453333333</dst>
            <dst id="NYCMng">33071.3306666667</dst>
            <dst id="SNVAng">14884.0133333333</dst>
            <dst id="STTLng">14119.8826666667</dst>
            <dst id="WASHng">45832.5706666667</dst>
        </src>
        <src id="HSTNng">
            <dst id="ATLA-M5">503.085333333333</dst>
            <dst id="ATLAng">9969.12266666667</dst>
            <dst id="CHINng">28634.0053333333</dst>
            <dst id="DNVRng">8421.27733333333</dst>
            <dst id="HSTNng">11288.5466666667</dst>
            <dst id="IPLSng">12012.2346666667</dst>
            <dst id="KSCYng">5919.85866666667</dst>
            <dst id="LOSAng">104392.002666667</dst>
            <dst id="NYCMng">10978.6373333333</dst>
            <dst id="SNVAng">3270.41333333333</dst>
            <dst id="STTLng">2974.07466666667</dst>
            <dst id="WASHng">8891.19733333333</dst>
        </src>
        <src id="IPLSng">
            <dst id="ATLA-M5">3880.76266666667</dst>
            <dst id="ATLAng">38763.296</dst>
            <dst id="CHINng">162979.896</dst>
            <dst id="DNVRng">47713.9333333333</dst>
            <dst id="HSTNng">12119.4453333333</dst>
            <dst id="IPLSng">64185.2026666667</dst>
            <dst id="KSCYng">29626.7226666667</dst>
            <dst id="LOSAng">121883.405333333</dst>
            <dst id="NYCMng">68846.8346666667</dst>
            <dst id="SNVAng">9214.61333333333</dst>
            <dst id="STTLng">18297.464</dst>
            <dst id="WASHng">58829.5013333333</dst>
        </src>
        <src id="KSCYng">
            <dst id="ATLA-M5">958.506666666667</dst>
            <dst id="ATLAng">19577.5653333333</dst>
            <dst id="CHINng">39808.8053333333</dst>
            <dst id="DNVRng">14408.3093333333</dst>
            <dst id="HSTNng">5641.89066666666</dst>
            <dst id="IPLSng">12395.8746666667</dst>
            <dst id="KSCYng">7675.15466666667</dst>
            <dst id="LOSAng">8039.30133333333</dst>
            <dst id="NYCMng">7363.22133333333</dst>
            <dst id="SNVAng">1727.00533333333</dst>
            <dst id="STTLng">4599.30666666667</dst>
            <dst id="WASHng">16353.5466666667</dst>
        </src>
        <src id="LOSAng">
            <dst id="ATLA-M5">1045.65333333333</dst>
            <dst id="ATLAng">333836.24</dst>
            <dst id="CHINng">392334.72</dst>
            <dst id="DNVRng">13747.584</dst>
            <dst id="HSTNng">15306.84</dst>
            <dst id="IPLSng">51846.4</dst>
            <dst id="KSCYng">12515.584</dst>
            <dst id="LOSAng">9685.79466666667</dst>
            <dst id="NYCMng">64157</dst>
            <dst id="SNVAng">12323</dst>
            <dst id="STTLng">32205.6666666667</dst>
            <dst id="WASHng">77066.4213333333</dst>
        </src>
        <src id="NYCMng">
            <dst id="ATLA-M5">5171.46133333333</dst>
            <dst id="ATLAng">67223.0053333333</dst>
            <dst id="CHINng">98406.8213333333</dst>
            <dst id="DNVRng">57560.5226666667</dst>
            <dst id="HSTNng">44736.1333333333</dst>
            <dst id="IPLSng">81282.7386666666</dst>
            <dst id="KSCYng">38213.5013333333</dst>
            <dst id="LOSAng">86439.5493333333</dst>
            <dst id="NYCMng">164351.194666667</dst>
            <dst id="SNVAng">12012.9466666667</dst>
            <dst id="STTLng">33040.896</dst>
            <dst id="WASHng">111740.517333333</dst>
        </src>
        <src id="SNVAng">
            <dst id="ATLA-M5">268.701333333333</dst>
            <dst id="ATLAng">1034.25866666667</dst>
            <dst id="CHINng">8792.00533333333</dst>
            <dst id="DNVRng">7290.06133333333</dst>
            <dst id="HSTNng">870.296</dst>
            <dst id="IPLSng">4033.77333333333</dst>
            <dst id="KSCYng">1724.03466666667</dst>
            <dst id="LOSAng">47127.7413333333</dst>
            <dst id="NYCMng">2875.216</dst>
            <dst id="SNVAng">23766.5466666667</dst>
            <dst id="STTLng">63065.84</dst>
            <dst id="WASHng">2035.74933333333</dst>
        </src>
        <src id="STTLng">
            <dst id="ATLA-M5">1144.65866666667</dst>
            <dst id="ATLAng">19078.128</dst>
            <dst id="CHINng">84929.1973333333</dst>
            <dst id="DNVRng">12460.6586666667</dst>
            <dst id="HSTNng">8707.06133333333</dst>
            <dst id="IPLSng">34233.44</dst>
            <dst id="KSCYng">7980.272</dst>
            <dst id="LOSAng">63394.8186666667</dst>
            <dst id="NYCMng">35512.256</dst>
            <dst id="SNVAng">11326.224</dst>
            <dst id="STTLng">4001.672</dst>
            <dst id="WASHng">22974.592</dst>
        </src>
        <src id="WASHng">
            <dst id="ATLA-M5">5550.25866666667</dst>
            <dst id="ATLAng">138831.605333333</dst>
            <dst id="CHINng">127895.226666667</dst>
            <dst id="DNVRng">81539.0293333333</dst>
            <dst id="HSTNng">39953.0213333333</dst>
            <dst id="IPLSng">130129.458666667</dst>
            <dst id="KSCYng">54803.5893333334</dst>
            <dst id="LOSAng">83862.68</dst>
            <dst id="NYCMng">234667.034666667</dst>
            <dst id="SNVAng">17382.008</dst>
            <dst id="STTLng">38277.688</dst>
            <dst id="WASHng">308479.333333333</dst>
        </src>
    </IntraTM>
</TrafficMatrixFile>
