<?xml version="1.0" encoding="ISO-8859-1" standalone="yes"?>
<TrafficMatrixFile xsi:noNamespaceSchemaLocation="http://totem.run.montefiore.ulg.ac.be/Schema/TrafficMatrix-v1_2.xsd" xmlns:xsi="http://www.w3.org/2001/XMLSchema-instance">
    <IntraTM ASID="11537">
        <src id="ATLA-M5">
            <dst id="ATLA-M5">0</dst>
            <dst id="ATLAng">295.594666666667</dst>
            <dst id="CHINng">562.634666666667</dst>
            <dst id="DNVRng">53.3333333333333</dst>
            <dst id="HSTNng">220.752</dst>
            <dst id="IPLSng">1209.888</dst>
            <dst id="KSCYng">402.525333333333</dst>
            <dst id="LOSAng">159.8</dst>
            <dst id="NYCMng">194.176</dst>
            <dst id="SNVAng">111.253333333333</dst>
            <dst id="STTLng">63.5626666666667</dst>
            <dst id="WASHng">3268.72533333333</dst>
        </src>
        <src id="ATLAng">
            <dst id="ATLA-M5">1771.944</dst>
            <dst id="ATLAng">60414.0986666667</dst>
            <dst id="CHINng">18038.872</dst>
            <dst id="DNVRng">4225.83466666667</dst>
            <dst id="HSTNng">2774.36266666667</dst>
            <dst id="IPLSng">19555.3306666667</dst>
            <dst id="KSCYng">3935.784</dst>
            <dst id="LOSAng">14774.5866666667</dst>
            <dst id="NYCMng">13742.704</dst>
            <dst id="SNVAng">1137.008</dst>
            <dst id="STTLng">6803.136</dst>
            <dst id="WASHng">88889.1626666667</dst>
        </src>
        <src id="CHINng">
            <dst id="ATLA-M5">249.258666666667</dst>
            <dst id="ATLAng">12873.7066666667</dst>
            <dst id="CHINng">65301.3706666667</dst>
            <dst id="DNVRng">6475.608</dst>
            <dst id="HSTNng">4743.61866666667</dst>
            <dst id="IPLSng">17664.1146666667</dst>
            <dst id="KSCYng">14692.392</dst>
            <dst id="LOSAng">90342.0533333333</dst>
            <dst id="NYCMng">6733.752</dst>
            <dst id="SNVAng">975.544</dst>
            <dst id="STTLng">6460.18133333333</dst>
            <dst id="WASHng">13096.76</dst>
        </src>
        <src id="DNVRng">
            <dst id="ATLA-M5">80</dst>
            <dst id="ATLAng">8014.16</dst>
            <dst id="CHINng">43709.7893333333</dst>
            <dst id="DNVRng">5812.04266666667</dst>
            <dst id="HSTNng">6453.11466666667</dst>
            <dst id="IPLSng">7757.304</dst>
            <dst id="KSCYng">8835.45866666667</dst>
            <dst id="LOSAng">5599.688</dst>
            <dst id="NYCMng">7571.57066666667</dst>
            <dst id="SNVAng">10164.1226666667</dst>
            <dst id="STTLng">9559.864</dst>
            <dst id="WASHng">17007.688</dst>
        </src>
        <src id="HSTNng">
            <dst id="ATLA-M5">2615.408</dst>
            <dst id="ATLAng">3311.12266666667</dst>
            <dst id="CHINng">29378.9813333333</dst>
            <dst id="DNVRng">12299.7653333333</dst>
            <dst id="HSTNng">6420.07733333333</dst>
            <dst id="IPLSng">5576.30933333333</dst>
            <dst id="KSCYng">5226.768</dst>
            <dst id="LOSAng">8113.49333333333</dst>
            <dst id="NYCMng">6600.23466666667</dst>
            <dst id="SNVAng">972.874666666667</dst>
            <dst id="STTLng">1657.69333333333</dst>
            <dst id="WASHng">10442.7253333333</dst>
        </src>
        <src id="IPLSng">
            <dst id="ATLA-M5">264.402666666667</dst>
            <dst id="ATLAng">15373.024</dst>
            <dst id="CHINng">123424.333333333</dst>
            <dst id="DNVRng">8636.064</dst>
            <dst id="HSTNng">5705.48266666667</dst>
            <dst id="IPLSng">64237.032</dst>
            <dst id="KSCYng">11507.344</dst>
            <dst id="LOSAng">19820</dst>
            <dst id="NYCMng">34335.7946666667</dst>
            <dst id="SNVAng">2375.824</dst>
            <dst id="STTLng">5549.568</dst>
            <dst id="WASHng">40763.7146666667</dst>
        </src>
        <src id="KSCYng">
            <dst id="ATLA-M5">409.282666666667</dst>
            <dst id="ATLAng">8410.77066666667</dst>
            <dst id="CHINng">43439.9626666667</dst>
            <dst id="DNVRng">3382.55733333333</dst>
            <dst id="HSTNng">3421.512</dst>
            <dst id="IPLSng">10356.7493333333</dst>
            <dst id="KSCYng">5561.584</dst>
            <dst id="LOSAng">4063.25066666667</dst>
            <dst id="NYCMng">8978.32266666667</dst>
            <dst id="SNVAng">665.749333333333</dst>
            <dst id="STTLng">4522.944</dst>
            <dst id="WASHng">11793.144</dst>
        </src>
        <src id="LOSAng">
            <dst id="ATLA-M5">412.696</dst>
            <dst id="ATLAng">16596.0693333333</dst>
            <dst id="CHINng">134109.722666667</dst>
            <dst id="DNVRng">3091.33066666667</dst>
            <dst id="HSTNng">28516.16</dst>
            <dst id="IPLSng">31549.2586666667</dst>
            <dst id="KSCYng">5368.24266666667</dst>
            <dst id="LOSAng">12489.752</dst>
            <dst id="NYCMng">48562.0426666667</dst>
            <dst id="SNVAng">3272.56266666667</dst>
            <dst id="STTLng">17129.3733333333</dst>
            <dst id="WASHng">46281.8666666667</dst>
        </src>
        <src id="NYCMng">
            <dst id="ATLA-M5">754.4</dst>
            <dst id="ATLAng">49223.5573333333</dst>
            <dst id="CHINng">65078.4986666667</dst>
            <dst id="DNVRng">15447.8293333333</dst>
            <dst id="HSTNng">31891.8453333333</dst>
            <dst id="IPLSng">64604.768</dst>
            <dst id="KSCYng">17890.4266666667</dst>
            <dst id="LOSAng">44006.6133333333</dst>
            <dst id="NYCMng">179555.258666667</dst>
            <dst id="SNVAng">4040.928</dst>
            <dst id="STTLng">21861.616</dst>
            <dst id="WASHng">64707.6506666667</dst>
        </src>
        <src id="SNVAng">
            <dst id="ATLA-M5">349.637333333333</dst>
            <dst id="ATLAng">924.466666666667</dst>
            <dst id="CHINng">5590.85866666667</dst>
            <dst id="DNVRng">3167.81866666667</dst>
            <dst id="HSTNng">433.496</dst>
            <dst id="IPLSng">3150.336</dst>
            <dst id="KSCYng">546.698666666667</dst>
            <dst id="LOSAng">5466.912</dst>
            <dst id="NYCMng">2425.01866666667</dst>
            <dst id="SNVAng">177.413333333333</dst>
            <dst id="STTLng">1783.16</dst>
            <dst id="WASHng">2049.98666666667</dst>
        </src>
        <src id="STTLng">
            <dst id="ATLA-M5">26.6666666666667</dst>
            <dst id="ATLAng">17833.5733333333</dst>
            <dst id="CHINng">73545.6506666667</dst>
            <dst id="DNVRng">2738.87466666667</dst>
            <dst id="HSTNng">1530.40266666667</dst>
            <dst id="IPLSng">8832.87733333333</dst>
            <dst id="KSCYng">3762.02933333333</dst>
            <dst id="LOSAng">13036.0266666667</dst>
            <dst id="NYCMng">22810.3413333333</dst>
            <dst id="SNVAng">3725.79733333333</dst>
            <dst id="STTLng">3996.888</dst>
            <dst id="WASHng">11388.2773333333</dst>
        </src>
        <src id="WASHng">
            <dst id="ATLA-M5">895.68</dst>
            <dst id="ATLAng">93660.7306666667</dst>
            <dst id="CHINng">51670.7626666667</dst>
            <dst id="DNVRng">32409.4853333333</dst>
            <dst id="HSTNng">11188.904</dst>
            <dst id="IPLSng">55375.8106666667</dst>
            <dst id="KSCYng">21637.3306666667</dst>
            <dst id="LOSAng">46363.4906666667</dst>
            <dst id="NYCMng">129877.245333333</dst>
            <dst id="SNVAng">3154.83733333333</dst>
            <dst id="STTLng">29295.8986666667</dst>
            <dst id="WASHng">427432.506666667</dst>
        </src>
    </IntraTM>
</TrafficMatrixFile>
