<?xml version="1.0" encoding="ISO-8859-1" standalone="yes"?>
<TrafficMatrixFile xsi:noNamespaceSchemaLocation="http://totem.run.montefiore.ulg.ac.be/Schema/TrafficMatrix-v1_2.xsd" xmlns:xsi="http://www.w3.org/2001/XMLSchema-instance">
    <IntraTM ASID="11537">
        <src id="ATLA-M5">
            <dst id="ATLA-M5">100.997333333333</dst>
            <dst id="ATLAng">230.936</dst>
            <dst id="CHINng">1162.672</dst>
            <dst id="DNVRng">160.709333333333</dst>
            <dst id="HSTNng">133.333333333333</dst>
            <dst id="IPLSng">802.650666666666</dst>
            <dst id="KSCYng">127.12</dst>
            <dst id="LOSAng">1093.01333333333</dst>
            <dst id="NYCMng">394.592</dst>
            <dst id="SNVAng">319.584</dst>
            <dst id="STTLng">199.704</dst>
            <dst id="WASHng">3810.13866666667</dst>
        </src>
        <src id="ATLAng">
            <dst id="ATLA-M5">470.301333333333</dst>
            <dst id="ATLAng">29913.6133333333</dst>
            <dst id="CHINng">22205.1386666667</dst>
            <dst id="DNVRng">5122.30666666667</dst>
            <dst id="HSTNng">10756.3733333333</dst>
            <dst id="IPLSng">25517.192</dst>
            <dst id="KSCYng">6668.648</dst>
            <dst id="LOSAng">12579.3866666667</dst>
            <dst id="NYCMng">18080.3386666667</dst>
            <dst id="SNVAng">1597.37066666667</dst>
            <dst id="STTLng">4652.09066666667</dst>
            <dst id="WASHng">92086.176</dst>
        </src>
        <src id="CHINng">
            <dst id="ATLA-M5">277.269333333333</dst>
            <dst id="ATLAng">14542.1813333333</dst>
            <dst id="CHINng">62743.4666666667</dst>
            <dst id="DNVRng">7555.39733333333</dst>
            <dst id="HSTNng">12277.9973333333</dst>
            <dst id="IPLSng">22224.0026666667</dst>
            <dst id="KSCYng">10252.5946666667</dst>
            <dst id="LOSAng">20720.2906666667</dst>
            <dst id="NYCMng">3822.528</dst>
            <dst id="SNVAng">2222.84</dst>
            <dst id="STTLng">5431.09333333333</dst>
            <dst id="WASHng">14591.936</dst>
        </src>
        <src id="DNVRng">
            <dst id="ATLA-M5">138.738666666667</dst>
            <dst id="ATLAng">14148.3573333333</dst>
            <dst id="CHINng">76998.8133333333</dst>
            <dst id="DNVRng">21654.2213333333</dst>
            <dst id="HSTNng">12577.6373333333</dst>
            <dst id="IPLSng">33330.8586666667</dst>
            <dst id="KSCYng">19481.8373333333</dst>
            <dst id="LOSAng">5737.14933333333</dst>
            <dst id="NYCMng">29466.2213333333</dst>
            <dst id="SNVAng">15768.5253333333</dst>
            <dst id="STTLng">13152.8453333333</dst>
            <dst id="WASHng">62636.8933333333</dst>
        </src>
        <src id="HSTNng">
            <dst id="ATLA-M5">229.397333333333</dst>
            <dst id="ATLAng">3078.69066666667</dst>
            <dst id="CHINng">48230.832</dst>
            <dst id="DNVRng">1712.18933333333</dst>
            <dst id="HSTNng">5007.31466666667</dst>
            <dst id="IPLSng">5912.46133333333</dst>
            <dst id="KSCYng">2130.544</dst>
            <dst id="LOSAng">99066.1173333333</dst>
            <dst id="NYCMng">6129.19466666667</dst>
            <dst id="SNVAng">751.736</dst>
            <dst id="STTLng">1987.24</dst>
            <dst id="WASHng">5203.38666666667</dst>
        </src>
        <src id="IPLSng">
            <dst id="ATLA-M5">419.114666666667</dst>
            <dst id="ATLAng">18670.44</dst>
            <dst id="CHINng">150844.856</dst>
            <dst id="DNVRng">18835.1466666667</dst>
            <dst id="HSTNng">12463.84</dst>
            <dst id="IPLSng">30042.2506666667</dst>
            <dst id="KSCYng">13162.576</dst>
            <dst id="LOSAng">15272.1226666667</dst>
            <dst id="NYCMng">36881.6826666667</dst>
            <dst id="SNVAng">2551.112</dst>
            <dst id="STTLng">10563.192</dst>
            <dst id="WASHng">63017.576</dst>
        </src>
        <src id="KSCYng">
            <dst id="ATLA-M5">470.314666666667</dst>
            <dst id="ATLAng">7367.97333333333</dst>
            <dst id="CHINng">47533.152</dst>
            <dst id="DNVRng">7890.74133333334</dst>
            <dst id="HSTNng">3769.19466666667</dst>
            <dst id="IPLSng">13497.3786666667</dst>
            <dst id="KSCYng">12735.6106666667</dst>
            <dst id="LOSAng">4096.34666666667</dst>
            <dst id="NYCMng">8639.192</dst>
            <dst id="SNVAng">1378.944</dst>
            <dst id="STTLng">2843.33066666667</dst>
            <dst id="WASHng">13157.392</dst>
        </src>
        <src id="LOSAng">
            <dst id="ATLA-M5">2782.05066666667</dst>
            <dst id="ATLAng">23451.3546666667</dst>
            <dst id="CHINng">205173.866666667</dst>
            <dst id="DNVRng">11479.3573333333</dst>
            <dst id="HSTNng">8549.31733333333</dst>
            <dst id="IPLSng">41254.0506666667</dst>
            <dst id="KSCYng">11145.04</dst>
            <dst id="LOSAng">11487.808</dst>
            <dst id="NYCMng">60545.0213333334</dst>
            <dst id="SNVAng">9185.42666666667</dst>
            <dst id="STTLng">24014.36</dst>
            <dst id="WASHng">87878.12</dst>
        </src>
        <src id="NYCMng">
            <dst id="ATLA-M5">946.088</dst>
            <dst id="ATLAng">50814.4106666667</dst>
            <dst id="CHINng">59819.776</dst>
            <dst id="DNVRng">25907.0133333333</dst>
            <dst id="HSTNng">17430.5626666667</dst>
            <dst id="IPLSng">85570.4213333333</dst>
            <dst id="KSCYng">20399.056</dst>
            <dst id="LOSAng">54056.32</dst>
            <dst id="NYCMng">196109.810666667</dst>
            <dst id="SNVAng">8256.68533333333</dst>
            <dst id="STTLng">28743.3733333333</dst>
            <dst id="WASHng">90622.3253333333</dst>
        </src>
        <src id="SNVAng">
            <dst id="ATLA-M5">0</dst>
            <dst id="ATLAng">1295.70933333333</dst>
            <dst id="CHINng">7973.168</dst>
            <dst id="DNVRng">4362.696</dst>
            <dst id="HSTNng">217.066666666667</dst>
            <dst id="IPLSng">1844.264</dst>
            <dst id="KSCYng">1966.85866666667</dst>
            <dst id="LOSAng">30369.8746666667</dst>
            <dst id="NYCMng">3035.06933333333</dst>
            <dst id="SNVAng">13074.7786666667</dst>
            <dst id="STTLng">61745.0266666667</dst>
            <dst id="WASHng">1214.448</dst>
        </src>
        <src id="STTLng">
            <dst id="ATLA-M5">540.605333333333</dst>
            <dst id="ATLAng">17271.536</dst>
            <dst id="CHINng">89501.968</dst>
            <dst id="DNVRng">2670.81866666667</dst>
            <dst id="HSTNng">2055.256</dst>
            <dst id="IPLSng">15638.416</dst>
            <dst id="KSCYng">5320.84533333333</dst>
            <dst id="LOSAng">18707.1893333333</dst>
            <dst id="NYCMng">27180.2373333333</dst>
            <dst id="SNVAng">5871.44533333333</dst>
            <dst id="STTLng">24612.6426666667</dst>
            <dst id="WASHng">20548.072</dst>
        </src>
        <src id="WASHng">
            <dst id="ATLA-M5">518.994666666667</dst>
            <dst id="ATLAng">121290.858666667</dst>
            <dst id="CHINng">94690.8213333333</dst>
            <dst id="DNVRng">52150.2933333333</dst>
            <dst id="HSTNng">18106.8453333333</dst>
            <dst id="IPLSng">71915.1253333333</dst>
            <dst id="KSCYng">16352.7493333333</dst>
            <dst id="LOSAng">62214.4373333333</dst>
            <dst id="NYCMng">190453.482666667</dst>
            <dst id="SNVAng">2604.16533333333</dst>
            <dst id="STTLng">22789.976</dst>
            <dst id="WASHng">380424.666666667</dst>
        </src>
    </IntraTM>
</TrafficMatrixFile>
