<?xml version="1.0" encoding="ISO-8859-1" standalone="yes"?>
<TrafficMatrixFile xsi:noNamespaceSchemaLocation="http://totem.run.montefiore.ulg.ac.be/Schema/TrafficMatrix-v1_2.xsd" xmlns:xsi="http://www.w3.org/2001/XMLSchema-instance">
    <IntraTM ASID="11537">
        <src id="ATLA-M5">
            <dst id="ATLA-M5">348.472</dst>
            <dst id="ATLAng">979.448</dst>
            <dst id="CHINng">4293.16533333333</dst>
            <dst id="DNVRng">1745.392</dst>
            <dst id="HSTNng">379.216</dst>
            <dst id="IPLSng">1134.424</dst>
            <dst id="KSCYng">952.221333333333</dst>
            <dst id="LOSAng">539.757333333333</dst>
            <dst id="NYCMng">646.698666666667</dst>
            <dst id="SNVAng">174.178666666667</dst>
            <dst id="STTLng">87.4133333333333</dst>
            <dst id="WASHng">1816.66933333333</dst>
        </src>
        <src id="ATLAng">
            <dst id="ATLA-M5">2285.07733333333</dst>
            <dst id="ATLAng">40644.6746666667</dst>
            <dst id="CHINng">37129.3386666667</dst>
            <dst id="DNVRng">26274.056</dst>
            <dst id="HSTNng">15051.1253333333</dst>
            <dst id="IPLSng">34375.72</dst>
            <dst id="KSCYng">10688.584</dst>
            <dst id="LOSAng">31000.8826666667</dst>
            <dst id="NYCMng">22712.456</dst>
            <dst id="SNVAng">2519.336</dst>
            <dst id="STTLng">9250.78133333333</dst>
            <dst id="WASHng">85088.824</dst>
        </src>
        <src id="CHINng">
            <dst id="ATLA-M5">4769.832</dst>
            <dst id="ATLAng">14995.3626666667</dst>
            <dst id="CHINng">64889.7306666667</dst>
            <dst id="DNVRng">20558.264</dst>
            <dst id="HSTNng">17037.6453333333</dst>
            <dst id="IPLSng">27255.7066666667</dst>
            <dst id="KSCYng">6910.504</dst>
            <dst id="LOSAng">30987.8533333333</dst>
            <dst id="NYCMng">11203.7173333333</dst>
            <dst id="SNVAng">2661.72266666667</dst>
            <dst id="STTLng">12947.968</dst>
            <dst id="WASHng">23939.7173333333</dst>
        </src>
        <src id="DNVRng">
            <dst id="ATLA-M5">1115.096</dst>
            <dst id="ATLAng">9737.8</dst>
            <dst id="CHINng">57267.7226666667</dst>
            <dst id="DNVRng">42765.456</dst>
            <dst id="HSTNng">17572.6453333333</dst>
            <dst id="IPLSng">34433.032</dst>
            <dst id="KSCYng">24958.2506666667</dst>
            <dst id="LOSAng">21310.2986666667</dst>
            <dst id="NYCMng">24204.064</dst>
            <dst id="SNVAng">28360.3466666667</dst>
            <dst id="STTLng">23268.208</dst>
            <dst id="WASHng">69635.4</dst>
        </src>
        <src id="HSTNng">
            <dst id="ATLA-M5">1674.38666666667</dst>
            <dst id="ATLAng">6540.55733333333</dst>
            <dst id="CHINng">26229.1493333333</dst>
            <dst id="DNVRng">8664.048</dst>
            <dst id="HSTNng">13360.0906666667</dst>
            <dst id="IPLSng">13625.88</dst>
            <dst id="KSCYng">7480.44</dst>
            <dst id="LOSAng">17008.7226666667</dst>
            <dst id="NYCMng">11749.424</dst>
            <dst id="SNVAng">1624.144</dst>
            <dst id="STTLng">2608.216</dst>
            <dst id="WASHng">8749.14666666667</dst>
        </src>
        <src id="IPLSng">
            <dst id="ATLA-M5">1216.696</dst>
            <dst id="ATLAng">57899.9893333333</dst>
            <dst id="CHINng">138025.68</dst>
            <dst id="DNVRng">40975.3306666667</dst>
            <dst id="HSTNng">13136.296</dst>
            <dst id="IPLSng">48011.9573333333</dst>
            <dst id="KSCYng">21496.3146666667</dst>
            <dst id="LOSAng">34516.2986666667</dst>
            <dst id="NYCMng">43655.808</dst>
            <dst id="SNVAng">5577.456</dst>
            <dst id="STTLng">17853.064</dst>
            <dst id="WASHng">63805.072</dst>
        </src>
        <src id="KSCYng">
            <dst id="ATLA-M5">1318.72533333333</dst>
            <dst id="ATLAng">6369.25333333333</dst>
            <dst id="CHINng">33347.0133333333</dst>
            <dst id="DNVRng">17347.184</dst>
            <dst id="HSTNng">9580.104</dst>
            <dst id="IPLSng">16141.9946666667</dst>
            <dst id="KSCYng">16867.2586666667</dst>
            <dst id="LOSAng">11531.5253333333</dst>
            <dst id="NYCMng">10889.184</dst>
            <dst id="SNVAng">3559.22133333333</dst>
            <dst id="STTLng">4852.69866666667</dst>
            <dst id="WASHng">22688.136</dst>
        </src>
        <src id="LOSAng">
            <dst id="ATLA-M5">2137.41866666667</dst>
            <dst id="ATLAng">26880.88</dst>
            <dst id="CHINng">127353.808</dst>
            <dst id="DNVRng">23358.2186666667</dst>
            <dst id="HSTNng">17800.1546666667</dst>
            <dst id="IPLSng">55625.3733333333</dst>
            <dst id="KSCYng">30869.3306666667</dst>
            <dst id="LOSAng">8692.70666666667</dst>
            <dst id="NYCMng">64863.7866666667</dst>
            <dst id="SNVAng">16006.2826666667</dst>
            <dst id="STTLng">32110.7066666667</dst>
            <dst id="WASHng">70416.1226666667</dst>
        </src>
        <src id="NYCMng">
            <dst id="ATLA-M5">7163.60533333333</dst>
            <dst id="ATLAng">79614.36</dst>
            <dst id="CHINng">69203.688</dst>
            <dst id="DNVRng">64867.5306666667</dst>
            <dst id="HSTNng">47916.6453333333</dst>
            <dst id="IPLSng">88985.9413333333</dst>
            <dst id="KSCYng">32599.0666666667</dst>
            <dst id="LOSAng">93132.1893333334</dst>
            <dst id="NYCMng">138742.490666667</dst>
            <dst id="SNVAng">18253.584</dst>
            <dst id="STTLng">43056.6026666667</dst>
            <dst id="WASHng">183899.517333333</dst>
        </src>
        <src id="SNVAng">
            <dst id="ATLA-M5">1197.56</dst>
            <dst id="ATLAng">1602.912</dst>
            <dst id="CHINng">5319.45866666667</dst>
            <dst id="DNVRng">7725.744</dst>
            <dst id="HSTNng">1530.87733333333</dst>
            <dst id="IPLSng">2653.16</dst>
            <dst id="KSCYng">1488.73066666667</dst>
            <dst id="LOSAng">40118.4266666667</dst>
            <dst id="NYCMng">4679.38133333333</dst>
            <dst id="SNVAng">18875.072</dst>
            <dst id="STTLng">74591.5013333333</dst>
            <dst id="WASHng">3963.35733333333</dst>
        </src>
        <src id="STTLng">
            <dst id="ATLA-M5">367.208</dst>
            <dst id="ATLAng">17363.168</dst>
            <dst id="CHINng">68555.328</dst>
            <dst id="DNVRng">16422.9733333333</dst>
            <dst id="HSTNng">6698.86933333333</dst>
            <dst id="IPLSng">33187.1226666667</dst>
            <dst id="KSCYng">8372.88533333333</dst>
            <dst id="LOSAng">41115.088</dst>
            <dst id="NYCMng">31100.1253333333</dst>
            <dst id="SNVAng">18603.6266666667</dst>
            <dst id="STTLng">16887.5306666667</dst>
            <dst id="WASHng">19907.1093333333</dst>
        </src>
        <src id="WASHng">
            <dst id="ATLA-M5">3693.67733333333</dst>
            <dst id="ATLAng">155358.925333333</dst>
            <dst id="CHINng">93913.8106666666</dst>
            <dst id="DNVRng">78892.7386666666</dst>
            <dst id="HSTNng">19916.832</dst>
            <dst id="IPLSng">109011.250666667</dst>
            <dst id="KSCYng">39854.672</dst>
            <dst id="LOSAng">99502.816</dst>
            <dst id="NYCMng">204226.408</dst>
            <dst id="SNVAng">16002.5733333333</dst>
            <dst id="STTLng">40222.9413333333</dst>
            <dst id="WASHng">283385.786666667</dst>
        </src>
    </IntraTM>
</TrafficMatrixFile>
