<?xml version="1.0" encoding="ISO-8859-1" standalone="yes"?>
<TrafficMatrixFile xsi:noNamespaceSchemaLocation="http://totem.run.montefiore.ulg.ac.be/Schema/TrafficMatrix-v1_2.xsd" xmlns:xsi="http://www.w3.org/2001/XMLSchema-instance">
    <IntraTM ASID="11537">
        <src id="ATLA-M5">
            <dst id="ATLA-M5">35.3386666666667</dst>
            <dst id="ATLAng">481.616</dst>
            <dst id="CHINng">1817.70133333333</dst>
            <dst id="DNVRng">54.5653333333333</dst>
            <dst id="HSTNng">422.013333333333</dst>
            <dst id="IPLSng">697.272</dst>
            <dst id="KSCYng">155.114666666667</dst>
            <dst id="LOSAng">175.850666666667</dst>
            <dst id="NYCMng">629.914666666667</dst>
            <dst id="SNVAng">124.925333333333</dst>
            <dst id="STTLng">286.034666666667</dst>
            <dst id="WASHng">1082.104</dst>
        </src>
        <src id="ATLAng">
            <dst id="ATLA-M5">509.781333333333</dst>
            <dst id="ATLAng">39826.0213333333</dst>
            <dst id="CHINng">21423.5493333333</dst>
            <dst id="DNVRng">7337.46933333333</dst>
            <dst id="HSTNng">4549.15466666667</dst>
            <dst id="IPLSng">24488.4506666667</dst>
            <dst id="KSCYng">5151.776</dst>
            <dst id="LOSAng">26049.6426666667</dst>
            <dst id="NYCMng">12423.776</dst>
            <dst id="SNVAng">1413.26933333333</dst>
            <dst id="STTLng">10327.6426666667</dst>
            <dst id="WASHng">62522.3386666667</dst>
        </src>
        <src id="CHINng">
            <dst id="ATLA-M5">3652.336</dst>
            <dst id="ATLAng">10311.5573333333</dst>
            <dst id="CHINng">28583.3946666667</dst>
            <dst id="DNVRng">7513.77066666667</dst>
            <dst id="HSTNng">7867.84266666667</dst>
            <dst id="IPLSng">25979.8773333333</dst>
            <dst id="KSCYng">11141.3733333333</dst>
            <dst id="LOSAng">20509.624</dst>
            <dst id="NYCMng">6777.66666666667</dst>
            <dst id="SNVAng">1866.944</dst>
            <dst id="STTLng">5123.36266666667</dst>
            <dst id="WASHng">13386.3893333333</dst>
        </src>
        <src id="DNVRng">
            <dst id="ATLA-M5">108.965333333333</dst>
            <dst id="ATLAng">3703.21866666667</dst>
            <dst id="CHINng">39914.216</dst>
            <dst id="DNVRng">4998.54666666667</dst>
            <dst id="HSTNng">9233.01066666667</dst>
            <dst id="IPLSng">11661.4373333333</dst>
            <dst id="KSCYng">5857.304</dst>
            <dst id="LOSAng">15218.1733333333</dst>
            <dst id="NYCMng">12231.0773333333</dst>
            <dst id="SNVAng">14305.368</dst>
            <dst id="STTLng">10027.28</dst>
            <dst id="WASHng">8202.25066666667</dst>
        </src>
        <src id="HSTNng">
            <dst id="ATLA-M5">2979.232</dst>
            <dst id="ATLAng">4853.18666666667</dst>
            <dst id="CHINng">18347.92</dst>
            <dst id="DNVRng">2964.408</dst>
            <dst id="HSTNng">5504.352</dst>
            <dst id="IPLSng">16462.6746666667</dst>
            <dst id="KSCYng">6635.20266666667</dst>
            <dst id="LOSAng">89347.3573333333</dst>
            <dst id="NYCMng">10150.6373333333</dst>
            <dst id="SNVAng">840.04</dst>
            <dst id="STTLng">3170.10133333333</dst>
            <dst id="WASHng">7736.32533333333</dst>
        </src>
        <src id="IPLSng">
            <dst id="ATLA-M5">3251.872</dst>
            <dst id="ATLAng">17915.456</dst>
            <dst id="CHINng">103239.616</dst>
            <dst id="DNVRng">17973.0346666667</dst>
            <dst id="HSTNng">27555.4426666667</dst>
            <dst id="IPLSng">27276.8826666667</dst>
            <dst id="KSCYng">11909.6666666667</dst>
            <dst id="LOSAng">30739.3653333333</dst>
            <dst id="NYCMng">31430.2853333333</dst>
            <dst id="SNVAng">3363.744</dst>
            <dst id="STTLng">15022.9226666667</dst>
            <dst id="WASHng">38934.24</dst>
        </src>
        <src id="KSCYng">
            <dst id="ATLA-M5">418.661333333333</dst>
            <dst id="ATLAng">5571.00266666667</dst>
            <dst id="CHINng">30628.176</dst>
            <dst id="DNVRng">8642.62133333333</dst>
            <dst id="HSTNng">6870.744</dst>
            <dst id="IPLSng">15621.8506666667</dst>
            <dst id="KSCYng">4845.07466666667</dst>
            <dst id="LOSAng">5780.96266666667</dst>
            <dst id="NYCMng">11704.3546666667</dst>
            <dst id="SNVAng">1271.61333333333</dst>
            <dst id="STTLng">3608.65333333333</dst>
            <dst id="WASHng">14766.432</dst>
        </src>
        <src id="LOSAng">
            <dst id="ATLA-M5">289.370666666667</dst>
            <dst id="ATLAng">32349.0053333333</dst>
            <dst id="CHINng">79952.2346666667</dst>
            <dst id="DNVRng">9853.424</dst>
            <dst id="HSTNng">17459.5813333333</dst>
            <dst id="IPLSng">39992.2293333333</dst>
            <dst id="KSCYng">9952.36266666667</dst>
            <dst id="LOSAng">12080.152</dst>
            <dst id="NYCMng">61217.6373333333</dst>
            <dst id="SNVAng">2299.544</dst>
            <dst id="STTLng">25365.112</dst>
            <dst id="WASHng">58269.072</dst>
        </src>
        <src id="NYCMng">
            <dst id="ATLA-M5">876.533333333333</dst>
            <dst id="ATLAng">38136.3306666667</dst>
            <dst id="CHINng">56993.7146666667</dst>
            <dst id="DNVRng">14566</dst>
            <dst id="HSTNng">20678.9786666667</dst>
            <dst id="IPLSng">80620.688</dst>
            <dst id="KSCYng">27858.8613333333</dst>
            <dst id="LOSAng">64638.5466666667</dst>
            <dst id="NYCMng">129109.842666667</dst>
            <dst id="SNVAng">8946.38933333333</dst>
            <dst id="STTLng">21473.936</dst>
            <dst id="WASHng">95999.6533333334</dst>
        </src>
        <src id="SNVAng">
            <dst id="ATLA-M5">264.197333333333</dst>
            <dst id="ATLAng">1062.88266666667</dst>
            <dst id="CHINng">4598.46133333333</dst>
            <dst id="DNVRng">4001.592</dst>
            <dst id="HSTNng">1113.26666666667</dst>
            <dst id="IPLSng">3967.43466666667</dst>
            <dst id="KSCYng">971.026666666667</dst>
            <dst id="LOSAng">1923.70933333333</dst>
            <dst id="NYCMng">2717.80533333333</dst>
            <dst id="SNVAng">979.573333333333</dst>
            <dst id="STTLng">2768.81866666667</dst>
            <dst id="WASHng">1564.56533333333</dst>
        </src>
        <src id="STTLng">
            <dst id="ATLA-M5">0</dst>
            <dst id="ATLAng">15398.7546666667</dst>
            <dst id="CHINng">20675.2853333333</dst>
            <dst id="DNVRng">2499.81866666667</dst>
            <dst id="HSTNng">4979.46933333333</dst>
            <dst id="IPLSng">7606.61866666667</dst>
            <dst id="KSCYng">2290.032</dst>
            <dst id="LOSAng">24424.4</dst>
            <dst id="NYCMng">20974.2426666667</dst>
            <dst id="SNVAng">4509.81333333333</dst>
            <dst id="STTLng">13035.2613333333</dst>
            <dst id="WASHng">11331.4346666667</dst>
        </src>
        <src id="WASHng">
            <dst id="ATLA-M5">1273.592</dst>
            <dst id="ATLAng">104233.309333333</dst>
            <dst id="CHINng">66091.6106666667</dst>
            <dst id="DNVRng">33457.3093333333</dst>
            <dst id="HSTNng">26576.0506666667</dst>
            <dst id="IPLSng">52809.3493333333</dst>
            <dst id="KSCYng">16724.6266666667</dst>
            <dst id="LOSAng">81428.2293333334</dst>
            <dst id="NYCMng">148284.954666667</dst>
            <dst id="SNVAng">3660.03466666667</dst>
            <dst id="STTLng">34112.24</dst>
            <dst id="WASHng">230527.746666667</dst>
        </src>
    </IntraTM>
</TrafficMatrixFile>
