<?xml version="1.0" encoding="ISO-8859-1" standalone="yes"?>
<TrafficMatrixFile xsi:noNamespaceSchemaLocation="http://totem.run.montefiore.ulg.ac.be/Schema/TrafficMatrix-v1_2.xsd" xmlns:xsi="http://www.w3.org/2001/XMLSchema-instance">
    <IntraTM ASID="11537">
        <src id="ATLA-M5">
            <dst id="ATLA-M5">0</dst>
            <dst id="ATLAng">1459.70933333333</dst>
            <dst id="CHINng">2707.4</dst>
            <dst id="DNVRng">1207.864</dst>
            <dst id="HSTNng">919.866666666667</dst>
            <dst id="IPLSng">1800.744</dst>
            <dst id="KSCYng">1135.29866666667</dst>
            <dst id="LOSAng">1691.952</dst>
            <dst id="NYCMng">1522.72533333333</dst>
            <dst id="SNVAng">238.445333333333</dst>
            <dst id="STTLng">160</dst>
            <dst id="WASHng">2647.48533333333</dst>
        </src>
        <src id="ATLAng">
            <dst id="ATLA-M5">1333.128</dst>
            <dst id="ATLAng">26300.4213333333</dst>
            <dst id="CHINng">26009.6906666667</dst>
            <dst id="DNVRng">7713.58133333333</dst>
            <dst id="HSTNng">6194.58133333333</dst>
            <dst id="IPLSng">26906.696</dst>
            <dst id="KSCYng">10212.4853333333</dst>
            <dst id="LOSAng">18883.316</dst>
            <dst id="NYCMng">16614.1706666667</dst>
            <dst id="SNVAng">2096.09733333333</dst>
            <dst id="STTLng">7528.288</dst>
            <dst id="WASHng">72954.1653333334</dst>
        </src>
        <src id="CHINng">
            <dst id="ATLA-M5">3602.71466666667</dst>
            <dst id="ATLAng">19010.2613333333</dst>
            <dst id="CHINng">33448.1653333333</dst>
            <dst id="DNVRng">11938.768</dst>
            <dst id="HSTNng">11593.968</dst>
            <dst id="IPLSng">37766.7013333333</dst>
            <dst id="KSCYng">9763.65066666666</dst>
            <dst id="LOSAng">36088.7253333333</dst>
            <dst id="NYCMng">5030.84266666667</dst>
            <dst id="SNVAng">7944.45866666667</dst>
            <dst id="STTLng">13874.2346666667</dst>
            <dst id="WASHng">24655.5866666667</dst>
        </src>
        <src id="DNVRng">
            <dst id="ATLA-M5">245.394666666667</dst>
            <dst id="ATLAng">5553.064</dst>
            <dst id="CHINng">60068.3653333333</dst>
            <dst id="DNVRng">22231.9013333333</dst>
            <dst id="HSTNng">18507.6773333333</dst>
            <dst id="IPLSng">27927.344</dst>
            <dst id="KSCYng">23234.7546666667</dst>
            <dst id="LOSAng">9462.608</dst>
            <dst id="NYCMng">26009.72</dst>
            <dst id="SNVAng">13339.6906666667</dst>
            <dst id="STTLng">16566.2826666667</dst>
            <dst id="WASHng">68445.5306666667</dst>
        </src>
        <src id="HSTNng">
            <dst id="ATLA-M5">3137.472</dst>
            <dst id="ATLAng">8369.616</dst>
            <dst id="CHINng">28182.0613333333</dst>
            <dst id="DNVRng">6015.952</dst>
            <dst id="HSTNng">11221.912</dst>
            <dst id="IPLSng">11132.76</dst>
            <dst id="KSCYng">3882.192</dst>
            <dst id="LOSAng">112104.882666667</dst>
            <dst id="NYCMng">11855.3466666667</dst>
            <dst id="SNVAng">2865.89333333333</dst>
            <dst id="STTLng">7989.10666666667</dst>
            <dst id="WASHng">18896.5573333333</dst>
        </src>
        <src id="IPLSng">
            <dst id="ATLA-M5">1268.16533333333</dst>
            <dst id="ATLAng">18174.4213333333</dst>
            <dst id="CHINng">108069.442666667</dst>
            <dst id="DNVRng">28521.688</dst>
            <dst id="HSTNng">9225.872</dst>
            <dst id="IPLSng">32433.4586666667</dst>
            <dst id="KSCYng">12365.4266666667</dst>
            <dst id="LOSAng">31916.28</dst>
            <dst id="NYCMng">35425.896</dst>
            <dst id="SNVAng">6187.744</dst>
            <dst id="STTLng">13241.344</dst>
            <dst id="WASHng">59536.9333333333</dst>
        </src>
        <src id="KSCYng">
            <dst id="ATLA-M5">211.229333333333</dst>
            <dst id="ATLAng">9599.74133333333</dst>
            <dst id="CHINng">47967.2293333333</dst>
            <dst id="DNVRng">16002.544</dst>
            <dst id="HSTNng">5586.256</dst>
            <dst id="IPLSng">21252.3146666667</dst>
            <dst id="KSCYng">11562.1306666667</dst>
            <dst id="LOSAng">5805.304</dst>
            <dst id="NYCMng">15749.6826666667</dst>
            <dst id="SNVAng">1657.552</dst>
            <dst id="STTLng">5592.73866666667</dst>
            <dst id="WASHng">19178.976</dst>
        </src>
        <src id="LOSAng">
            <dst id="ATLA-M5">1092.576</dst>
            <dst id="ATLAng">40136.8426666667</dst>
            <dst id="CHINng">120740.114666667</dst>
            <dst id="DNVRng">14483.6</dst>
            <dst id="HSTNng">12052.7893333333</dst>
            <dst id="IPLSng">40059.0826666667</dst>
            <dst id="KSCYng">11749.384</dst>
            <dst id="LOSAng">20938.736</dst>
            <dst id="NYCMng">70748.8693333333</dst>
            <dst id="SNVAng">12583.1333333333</dst>
            <dst id="STTLng">40444.1786666667</dst>
            <dst id="WASHng">77699.9093333333</dst>
        </src>
        <src id="NYCMng">
            <dst id="ATLA-M5">3495.776</dst>
            <dst id="ATLAng">58502.5733333333</dst>
            <dst id="CHINng">75333.752</dst>
            <dst id="DNVRng">46158.456</dst>
            <dst id="HSTNng">49030.2453333333</dst>
            <dst id="IPLSng">93051.9146666667</dst>
            <dst id="KSCYng">27659.472</dst>
            <dst id="LOSAng">103276.432</dst>
            <dst id="NYCMng">147605.253333333</dst>
            <dst id="SNVAng">13080.6426666667</dst>
            <dst id="STTLng">36963.7546666667</dst>
            <dst id="WASHng">123663.888</dst>
        </src>
        <src id="SNVAng">
            <dst id="ATLA-M5">604.085333333333</dst>
            <dst id="ATLAng">1095.77866666667</dst>
            <dst id="CHINng">6551.608</dst>
            <dst id="DNVRng">8828.63733333333</dst>
            <dst id="HSTNng">3169.42666666667</dst>
            <dst id="IPLSng">2226.43733333333</dst>
            <dst id="KSCYng">717.026666666667</dst>
            <dst id="LOSAng">39969.0586666666</dst>
            <dst id="NYCMng">5388.368</dst>
            <dst id="SNVAng">26176.1386666667</dst>
            <dst id="STTLng">66879.9173333333</dst>
            <dst id="WASHng">2705.16533333333</dst>
        </src>
        <src id="STTLng">
            <dst id="ATLA-M5">140.938666666667</dst>
            <dst id="ATLAng">16499.5706666667</dst>
            <dst id="CHINng">50998.8026666667</dst>
            <dst id="DNVRng">6898.496</dst>
            <dst id="HSTNng">4299.336</dst>
            <dst id="IPLSng">20991.608</dst>
            <dst id="KSCYng">5562.22133333333</dst>
            <dst id="LOSAng">36349.328</dst>
            <dst id="NYCMng">26612.3546666667</dst>
            <dst id="SNVAng">8677.768</dst>
            <dst id="STTLng">12386.5413333333</dst>
            <dst id="WASHng">22514.2666666667</dst>
        </src>
        <src id="WASHng">
            <dst id="ATLA-M5">1784.07733333333</dst>
            <dst id="ATLAng">121989.234666667</dst>
            <dst id="CHINng">108131.426666667</dst>
            <dst id="DNVRng">63247.608</dst>
            <dst id="HSTNng">23500.2213333333</dst>
            <dst id="IPLSng">65062.816</dst>
            <dst id="KSCYng">16717.8186666667</dst>
            <dst id="LOSAng">80314.912</dst>
            <dst id="NYCMng">235311.754666667</dst>
            <dst id="SNVAng">6300.02933333333</dst>
            <dst id="STTLng">40579.7226666667</dst>
            <dst id="WASHng">251797.4</dst>
        </src>
    </IntraTM>
</TrafficMatrixFile>
