<?xml version="1.0" encoding="ISO-8859-1" standalone="yes"?>
<TrafficMatrixFile xsi:noNamespaceSchemaLocation="http://totem.run.montefiore.ulg.ac.be/Schema/TrafficMatrix-v1_2.xsd" xmlns:xsi="http://www.w3.org/2001/XMLSchema-instance">
    <IntraTM ASID="11537">
        <src id="ATLA-M5">
            <dst id="ATLA-M5">0</dst>
            <dst id="ATLAng">165.954666666667</dst>
            <dst id="CHINng">1479.824</dst>
            <dst id="DNVRng">172.784</dst>
            <dst id="HSTNng">169.450666666667</dst>
            <dst id="IPLSng">395.384</dst>
            <dst id="KSCYng">398.954666666667</dst>
            <dst id="LOSAng">776.253333333334</dst>
            <dst id="NYCMng">1701.864</dst>
            <dst id="SNVAng">272.565333333333</dst>
            <dst id="STTLng">605.608</dst>
            <dst id="WASHng">3430.99466666667</dst>
        </src>
        <src id="ATLAng">
            <dst id="ATLA-M5">141.109333333333</dst>
            <dst id="ATLAng">65343.792</dst>
            <dst id="CHINng">23911.9333333333</dst>
            <dst id="DNVRng">7196.44266666666</dst>
            <dst id="HSTNng">3198.29333333333</dst>
            <dst id="IPLSng">21080.432</dst>
            <dst id="KSCYng">5161.00533333333</dst>
            <dst id="LOSAng">13082.844</dst>
            <dst id="NYCMng">12302.8933333333</dst>
            <dst id="SNVAng">967.942666666666</dst>
            <dst id="STTLng">4676.32</dst>
            <dst id="WASHng">85528.104</dst>
        </src>
        <src id="CHINng">
            <dst id="ATLA-M5">1044.848</dst>
            <dst id="ATLAng">10541.5893333333</dst>
            <dst id="CHINng">43827.1653333333</dst>
            <dst id="DNVRng">15781.8453333333</dst>
            <dst id="HSTNng">5366.86666666667</dst>
            <dst id="IPLSng">23589.208</dst>
            <dst id="KSCYng">10471.2693333333</dst>
            <dst id="LOSAng">36889.0373333333</dst>
            <dst id="NYCMng">10245.5146666667</dst>
            <dst id="SNVAng">2101.49866666667</dst>
            <dst id="STTLng">6944.51466666667</dst>
            <dst id="WASHng">19196.544</dst>
        </src>
        <src id="DNVRng">
            <dst id="ATLA-M5">139.573333333333</dst>
            <dst id="ATLAng">7635.12</dst>
            <dst id="CHINng">70331.4986666667</dst>
            <dst id="DNVRng">20211.0746666667</dst>
            <dst id="HSTNng">12322.488</dst>
            <dst id="IPLSng">31702.832</dst>
            <dst id="KSCYng">16471.5253333333</dst>
            <dst id="LOSAng">9626.78666666667</dst>
            <dst id="NYCMng">17308.1866666667</dst>
            <dst id="SNVAng">12942.8293333333</dst>
            <dst id="STTLng">8314.216</dst>
            <dst id="WASHng">56017.3973333333</dst>
        </src>
        <src id="HSTNng">
            <dst id="ATLA-M5">499.346666666667</dst>
            <dst id="ATLAng">4071.624</dst>
            <dst id="CHINng">43341.0826666667</dst>
            <dst id="DNVRng">1732.304</dst>
            <dst id="HSTNng">7884.304</dst>
            <dst id="IPLSng">10005.192</dst>
            <dst id="KSCYng">2086.664</dst>
            <dst id="LOSAng">104489.725333333</dst>
            <dst id="NYCMng">9115.05866666667</dst>
            <dst id="SNVAng">1114.89866666667</dst>
            <dst id="STTLng">2906.224</dst>
            <dst id="WASHng">8894.21866666667</dst>
        </src>
        <src id="IPLSng">
            <dst id="ATLA-M5">139.813333333333</dst>
            <dst id="ATLAng">35992.8133333333</dst>
            <dst id="CHINng">125271.573333333</dst>
            <dst id="DNVRng">34159.6533333333</dst>
            <dst id="HSTNng">4848.86933333333</dst>
            <dst id="IPLSng">15763.1306666667</dst>
            <dst id="KSCYng">16977.648</dst>
            <dst id="LOSAng">53219.528</dst>
            <dst id="NYCMng">33375.4453333333</dst>
            <dst id="SNVAng">5061.25066666667</dst>
            <dst id="STTLng">13126.2986666667</dst>
            <dst id="WASHng">37039.1546666667</dst>
        </src>
        <src id="KSCYng">
            <dst id="ATLA-M5">302.226666666667</dst>
            <dst id="ATLAng">5036.46933333333</dst>
            <dst id="CHINng">32265.312</dst>
            <dst id="DNVRng">8984.25866666667</dst>
            <dst id="HSTNng">4008.43466666667</dst>
            <dst id="IPLSng">8136.824</dst>
            <dst id="KSCYng">5927.86133333333</dst>
            <dst id="LOSAng">9945.70133333333</dst>
            <dst id="NYCMng">10035.8133333333</dst>
            <dst id="SNVAng">2701.89333333333</dst>
            <dst id="STTLng">3308.23733333333</dst>
            <dst id="WASHng">14170.2293333333</dst>
        </src>
        <src id="LOSAng">
            <dst id="ATLA-M5">397.682666666667</dst>
            <dst id="ATLAng">17784.9146666667</dst>
            <dst id="CHINng">169187.306666667</dst>
            <dst id="DNVRng">13214.7946666667</dst>
            <dst id="HSTNng">8257.98933333333</dst>
            <dst id="IPLSng">38853.464</dst>
            <dst id="KSCYng">8910.21866666667</dst>
            <dst id="LOSAng">23206.2053333333</dst>
            <dst id="NYCMng">58087.0826666667</dst>
            <dst id="SNVAng">11172.784</dst>
            <dst id="STTLng">28221.3546666667</dst>
            <dst id="WASHng">62913.4666666667</dst>
        </src>
        <src id="NYCMng">
            <dst id="ATLA-M5">828.578666666667</dst>
            <dst id="ATLAng">27416.904</dst>
            <dst id="CHINng">65966.0613333333</dst>
            <dst id="DNVRng">35796.6026666667</dst>
            <dst id="HSTNng">36997.0506666667</dst>
            <dst id="IPLSng">47634.2346666667</dst>
            <dst id="KSCYng">17938.136</dst>
            <dst id="LOSAng">77066.9733333333</dst>
            <dst id="NYCMng">149383.173333333</dst>
            <dst id="SNVAng">9040.408</dst>
            <dst id="STTLng">27294.7093333333</dst>
            <dst id="WASHng">76512.0266666667</dst>
        </src>
        <src id="SNVAng">
            <dst id="ATLA-M5">569.877333333333</dst>
            <dst id="ATLAng">388.504</dst>
            <dst id="CHINng">6891.92</dst>
            <dst id="DNVRng">8118.928</dst>
            <dst id="HSTNng">908.538666666667</dst>
            <dst id="IPLSng">12920.7973333333</dst>
            <dst id="KSCYng">1039.25066666667</dst>
            <dst id="LOSAng">33564.7573333333</dst>
            <dst id="NYCMng">2026.44533333333</dst>
            <dst id="SNVAng">13606.176</dst>
            <dst id="STTLng">57577.2266666667</dst>
            <dst id="WASHng">1452.024</dst>
        </src>
        <src id="STTLng">
            <dst id="ATLA-M5">77.0773333333333</dst>
            <dst id="ATLAng">10054.5573333333</dst>
            <dst id="CHINng">64308.976</dst>
            <dst id="DNVRng">3980.144</dst>
            <dst id="HSTNng">2032.03466666667</dst>
            <dst id="IPLSng">5582.29333333333</dst>
            <dst id="KSCYng">4629.48266666667</dst>
            <dst id="LOSAng">29367.1013333333</dst>
            <dst id="NYCMng">15933.4586666667</dst>
            <dst id="SNVAng">3920.63733333333</dst>
            <dst id="STTLng">25672.944</dst>
            <dst id="WASHng">8146.74133333333</dst>
        </src>
        <src id="WASHng">
            <dst id="ATLA-M5">1027.32533333333</dst>
            <dst id="ATLAng">163866.928</dst>
            <dst id="CHINng">91660.88</dst>
            <dst id="DNVRng">58057.5813333333</dst>
            <dst id="HSTNng">25636.872</dst>
            <dst id="IPLSng">67095.696</dst>
            <dst id="KSCYng">20085.3973333333</dst>
            <dst id="LOSAng">53868.8746666667</dst>
            <dst id="NYCMng">164412.378666667</dst>
            <dst id="SNVAng">18146.3813333333</dst>
            <dst id="STTLng">36152.7093333333</dst>
            <dst id="WASHng">332559.92</dst>
        </src>
    </IntraTM>
</TrafficMatrixFile>
