<?xml version="1.0" encoding="ISO-8859-1" standalone="yes"?>
<TrafficMatrixFile xsi:noNamespaceSchemaLocation="http://totem.run.montefiore.ulg.ac.be/Schema/TrafficMatrix-v1_2.xsd" xmlns:xsi="http://www.w3.org/2001/XMLSchema-instance">
    <IntraTM ASID="11537">
        <src id="ATLA-M5">
            <dst id="ATLA-M5">0</dst>
            <dst id="ATLAng">743.898666666667</dst>
            <dst id="CHINng">2223.56266666667</dst>
            <dst id="DNVRng">1274.53333333333</dst>
            <dst id="HSTNng">1113.18933333333</dst>
            <dst id="IPLSng">2381.07466666667</dst>
            <dst id="KSCYng">548.432</dst>
            <dst id="LOSAng">1520.576</dst>
            <dst id="NYCMng">1985.60266666667</dst>
            <dst id="SNVAng">262.893333333333</dst>
            <dst id="STTLng">218.658666666667</dst>
            <dst id="WASHng">2797.24</dst>
        </src>
        <src id="ATLAng">
            <dst id="ATLA-M5">2065.67466666667</dst>
            <dst id="ATLAng">61761.224</dst>
            <dst id="CHINng">20734.5226666667</dst>
            <dst id="DNVRng">6510.69066666667</dst>
            <dst id="HSTNng">6766.624</dst>
            <dst id="IPLSng">27217.0986666667</dst>
            <dst id="KSCYng">8987.936</dst>
            <dst id="LOSAng">20311.1786666667</dst>
            <dst id="NYCMng">17431.1413333333</dst>
            <dst id="SNVAng">2259.656</dst>
            <dst id="STTLng">8062.696</dst>
            <dst id="WASHng">71150.8986666667</dst>
        </src>
        <src id="CHINng">
            <dst id="ATLA-M5">3641.89333333333</dst>
            <dst id="ATLAng">18952.2826666667</dst>
            <dst id="CHINng">35530</dst>
            <dst id="DNVRng">13586.9546666667</dst>
            <dst id="HSTNng">13621.1626666667</dst>
            <dst id="IPLSng">47821.608</dst>
            <dst id="KSCYng">7857.75733333333</dst>
            <dst id="LOSAng">37844.6906666667</dst>
            <dst id="NYCMng">5220.96533333333</dst>
            <dst id="SNVAng">8015.49866666667</dst>
            <dst id="STTLng">14743.1706666667</dst>
            <dst id="WASHng">31220.2586666667</dst>
        </src>
        <src id="DNVRng">
            <dst id="ATLA-M5">432.688</dst>
            <dst id="ATLAng">6349.48</dst>
            <dst id="CHINng">60080.8266666667</dst>
            <dst id="DNVRng">23119.24</dst>
            <dst id="HSTNng">19061.1146666667</dst>
            <dst id="IPLSng">26568.104</dst>
            <dst id="KSCYng">23758.064</dst>
            <dst id="LOSAng">10647.792</dst>
            <dst id="NYCMng">24243.752</dst>
            <dst id="SNVAng">13123.7893333333</dst>
            <dst id="STTLng">25292.296</dst>
            <dst id="WASHng">63576.96</dst>
        </src>
        <src id="HSTNng">
            <dst id="ATLA-M5">603.768</dst>
            <dst id="ATLAng">7935.90666666667</dst>
            <dst id="CHINng">30513.456</dst>
            <dst id="DNVRng">7003.304</dst>
            <dst id="HSTNng">10889.7066666667</dst>
            <dst id="IPLSng">10321.4106666667</dst>
            <dst id="KSCYng">4595.48</dst>
            <dst id="LOSAng">111919.432</dst>
            <dst id="NYCMng">13115.5333333333</dst>
            <dst id="SNVAng">2295.968</dst>
            <dst id="STTLng">7698.51733333333</dst>
            <dst id="WASHng">18653.968</dst>
        </src>
        <src id="IPLSng">
            <dst id="ATLA-M5">1737.248</dst>
            <dst id="ATLAng">15117.1466666667</dst>
            <dst id="CHINng">106841.176</dst>
            <dst id="DNVRng">27811.6746666667</dst>
            <dst id="HSTNng">8653.408</dst>
            <dst id="IPLSng">30790.9733333333</dst>
            <dst id="KSCYng">16028.272</dst>
            <dst id="LOSAng">31380.2453333333</dst>
            <dst id="NYCMng">37515.7413333333</dst>
            <dst id="SNVAng">11635.4346666667</dst>
            <dst id="STTLng">13822.496</dst>
            <dst id="WASHng">60049.064</dst>
        </src>
        <src id="KSCYng">
            <dst id="ATLA-M5">1198.38666666667</dst>
            <dst id="ATLAng">11317.5546666667</dst>
            <dst id="CHINng">45816.5333333333</dst>
            <dst id="DNVRng">15574.688</dst>
            <dst id="HSTNng">9554.472</dst>
            <dst id="IPLSng">22390.4746666667</dst>
            <dst id="KSCYng">13275.4506666667</dst>
            <dst id="LOSAng">5587.49333333333</dst>
            <dst id="NYCMng">13366.72</dst>
            <dst id="SNVAng">1495.68533333333</dst>
            <dst id="STTLng">5509.66933333334</dst>
            <dst id="WASHng">20052.5146666667</dst>
        </src>
        <src id="LOSAng">
            <dst id="ATLA-M5">1201.81333333333</dst>
            <dst id="ATLAng">37296.496</dst>
            <dst id="CHINng">119530.565333333</dst>
            <dst id="DNVRng">13115.8666666667</dst>
            <dst id="HSTNng">13091.44</dst>
            <dst id="IPLSng">44237.5173333333</dst>
            <dst id="KSCYng">9311.48</dst>
            <dst id="LOSAng">22550.4346666667</dst>
            <dst id="NYCMng">62862.1546666667</dst>
            <dst id="SNVAng">11957.7786666667</dst>
            <dst id="STTLng">36923.8186666667</dst>
            <dst id="WASHng">77035.512</dst>
        </src>
        <src id="NYCMng">
            <dst id="ATLA-M5">4572.61333333333</dst>
            <dst id="ATLAng">61494.544</dst>
            <dst id="CHINng">75442.992</dst>
            <dst id="DNVRng">45063.9813333333</dst>
            <dst id="HSTNng">48582.8853333333</dst>
            <dst id="IPLSng">92656.7893333333</dst>
            <dst id="KSCYng">27604.5733333333</dst>
            <dst id="LOSAng">99787.0053333333</dst>
            <dst id="NYCMng">150208.512</dst>
            <dst id="SNVAng">12913.3146666667</dst>
            <dst id="STTLng">39049.8106666667</dst>
            <dst id="WASHng">127980.450666667</dst>
        </src>
        <src id="SNVAng">
            <dst id="ATLA-M5">646.888</dst>
            <dst id="ATLAng">1427.52533333333</dst>
            <dst id="CHINng">6349.99733333333</dst>
            <dst id="DNVRng">4547.44266666667</dst>
            <dst id="HSTNng">2880.96266666667</dst>
            <dst id="IPLSng">11743.7066666667</dst>
            <dst id="KSCYng">1044.33866666667</dst>
            <dst id="LOSAng">41381.832</dst>
            <dst id="NYCMng">5367.55733333333</dst>
            <dst id="SNVAng">25884.768</dst>
            <dst id="STTLng">64847.9626666667</dst>
            <dst id="WASHng">3458.104</dst>
        </src>
        <src id="STTLng">
            <dst id="ATLA-M5">207.386666666667</dst>
            <dst id="ATLAng">16164.5733333333</dst>
            <dst id="CHINng">52975.384</dst>
            <dst id="DNVRng">7540.45866666667</dst>
            <dst id="HSTNng">4081.77866666667</dst>
            <dst id="IPLSng">24589.312</dst>
            <dst id="KSCYng">5343.51733333333</dst>
            <dst id="LOSAng">36525.9573333333</dst>
            <dst id="NYCMng">29655.7973333333</dst>
            <dst id="SNVAng">9388.56533333333</dst>
            <dst id="STTLng">15492.008</dst>
            <dst id="WASHng">18824.4426666667</dst>
        </src>
        <src id="WASHng">
            <dst id="ATLA-M5">2140.68</dst>
            <dst id="ATLAng">120150.637333333</dst>
            <dst id="CHINng">108382.565333333</dst>
            <dst id="DNVRng">66661.256</dst>
            <dst id="HSTNng">22886.4693333333</dst>
            <dst id="IPLSng">70650.1226666667</dst>
            <dst id="KSCYng">15965.4746666667</dst>
            <dst id="LOSAng">80548.4506666667</dst>
            <dst id="NYCMng">219133.821333333</dst>
            <dst id="SNVAng">10578.7306666667</dst>
            <dst id="STTLng">40394.864</dst>
            <dst id="WASHng">240985.322666667</dst>
        </src>
    </IntraTM>
</TrafficMatrixFile>
