<?xml version="1.0" encoding="ISO-8859-1" standalone="yes"?>
<TrafficMatrixFile xsi:noNamespaceSchemaLocation="http://totem.run.montefiore.ulg.ac.be/Schema/TrafficMatrix-v1_2.xsd" xmlns:xsi="http://www.w3.org/2001/XMLSchema-instance">
    <IntraTM ASID="11537">
        <src id="ATLA-M5">
            <dst id="ATLA-M5">2032.112</dst>
            <dst id="ATLAng">777.184</dst>
            <dst id="CHINng">958.258666666667</dst>
            <dst id="DNVRng">731.226666666667</dst>
            <dst id="HSTNng">268.026666666667</dst>
            <dst id="IPLSng">3086.192</dst>
            <dst id="KSCYng">551.925333333333</dst>
            <dst id="LOSAng">534.626666666666</dst>
            <dst id="NYCMng">9137.312</dst>
            <dst id="SNVAng">594.058666666667</dst>
            <dst id="STTLng">106.666666666667</dst>
            <dst id="WASHng">3749.84266666667</dst>
        </src>
        <src id="ATLAng">
            <dst id="ATLA-M5">708.656</dst>
            <dst id="ATLAng">34096.6346666667</dst>
            <dst id="CHINng">24824.1573333333</dst>
            <dst id="DNVRng">4868.63733333333</dst>
            <dst id="HSTNng">6122.09066666667</dst>
            <dst id="IPLSng">21398.024</dst>
            <dst id="KSCYng">18589.1226666667</dst>
            <dst id="LOSAng">16167.4506666667</dst>
            <dst id="NYCMng">22963.872</dst>
            <dst id="SNVAng">2111.41866666667</dst>
            <dst id="STTLng">7049.32266666667</dst>
            <dst id="WASHng">105561.890666667</dst>
        </src>
        <src id="CHINng">
            <dst id="ATLA-M5">730.944</dst>
            <dst id="ATLAng">15200.7813333333</dst>
            <dst id="CHINng">104851.842666667</dst>
            <dst id="DNVRng">18716.6053333333</dst>
            <dst id="HSTNng">7030.87466666667</dst>
            <dst id="IPLSng">23197.9253333333</dst>
            <dst id="KSCYng">6226.95733333333</dst>
            <dst id="LOSAng">19031.3653333333</dst>
            <dst id="NYCMng">15096.872</dst>
            <dst id="SNVAng">2127.72533333333</dst>
            <dst id="STTLng">8439.864</dst>
            <dst id="WASHng">25024.6133333333</dst>
        </src>
        <src id="DNVRng">
            <dst id="ATLA-M5">131.088</dst>
            <dst id="ATLAng">10685.1173333333</dst>
            <dst id="CHINng">63934.8453333333</dst>
            <dst id="DNVRng">16803.0266666667</dst>
            <dst id="HSTNng">9835.45066666667</dst>
            <dst id="IPLSng">13939</dst>
            <dst id="KSCYng">17676.352</dst>
            <dst id="LOSAng">21202.56</dst>
            <dst id="NYCMng">13322.3573333333</dst>
            <dst id="SNVAng">14921.1226666667</dst>
            <dst id="STTLng">14284.784</dst>
            <dst id="WASHng">18819.6053333333</dst>
        </src>
        <src id="HSTNng">
            <dst id="ATLA-M5">1046.064</dst>
            <dst id="ATLAng">6096.24266666667</dst>
            <dst id="CHINng">32607.1226666667</dst>
            <dst id="DNVRng">2629.416</dst>
            <dst id="HSTNng">15315.888</dst>
            <dst id="IPLSng">9639.42666666667</dst>
            <dst id="KSCYng">5826.67733333333</dst>
            <dst id="LOSAng">108268.946666667</dst>
            <dst id="NYCMng">20606.92</dst>
            <dst id="SNVAng">2302.13333333333</dst>
            <dst id="STTLng">2789.288</dst>
            <dst id="WASHng">15504.8133333333</dst>
        </src>
        <src id="IPLSng">
            <dst id="ATLA-M5">331.994666666667</dst>
            <dst id="ATLAng">22990.264</dst>
            <dst id="CHINng">148424.650666667</dst>
            <dst id="DNVRng">13577.0773333333</dst>
            <dst id="HSTNng">15856.7093333333</dst>
            <dst id="IPLSng">41414.4773333333</dst>
            <dst id="KSCYng">23012.0213333333</dst>
            <dst id="LOSAng">26892.6453333333</dst>
            <dst id="NYCMng">37925.8293333333</dst>
            <dst id="SNVAng">3812.872</dst>
            <dst id="STTLng">11294.6906666667</dst>
            <dst id="WASHng">57671.1413333333</dst>
        </src>
        <src id="KSCYng">
            <dst id="ATLA-M5">227.557333333333</dst>
            <dst id="ATLAng">19352.456</dst>
            <dst id="CHINng">45937.3786666667</dst>
            <dst id="DNVRng">5044.77333333333</dst>
            <dst id="HSTNng">6153.816</dst>
            <dst id="IPLSng">16887.632</dst>
            <dst id="KSCYng">5782.952</dst>
            <dst id="LOSAng">3951.46666666667</dst>
            <dst id="NYCMng">7792.66933333334</dst>
            <dst id="SNVAng">1862.00266666667</dst>
            <dst id="STTLng">3144.05333333333</dst>
            <dst id="WASHng">17240.1066666667</dst>
        </src>
        <src id="LOSAng">
            <dst id="ATLA-M5">512.170666666667</dst>
            <dst id="ATLAng">22994.3333333333</dst>
            <dst id="CHINng">150852.869333333</dst>
            <dst id="DNVRng">7020.272</dst>
            <dst id="HSTNng">15102.56</dst>
            <dst id="IPLSng">57630.1013333333</dst>
            <dst id="KSCYng">12678.0666666667</dst>
            <dst id="LOSAng">8208.34933333333</dst>
            <dst id="NYCMng">49276.736</dst>
            <dst id="SNVAng">15242.5786666667</dst>
            <dst id="STTLng">29571.2266666667</dst>
            <dst id="WASHng">65692.7626666667</dst>
        </src>
        <src id="NYCMng">
            <dst id="ATLA-M5">6759.80266666667</dst>
            <dst id="ATLAng">55120.1866666667</dst>
            <dst id="CHINng">113585.997333333</dst>
            <dst id="DNVRng">33036.1733333333</dst>
            <dst id="HSTNng">55142.8346666666</dst>
            <dst id="IPLSng">116657.533333333</dst>
            <dst id="KSCYng">26143.9253333333</dst>
            <dst id="LOSAng">65342.2293333333</dst>
            <dst id="NYCMng">205212.546666667</dst>
            <dst id="SNVAng">6188.08266666667</dst>
            <dst id="STTLng">25360.5333333333</dst>
            <dst id="WASHng">119018.938666667</dst>
        </src>
        <src id="SNVAng">
            <dst id="ATLA-M5">124.954666666667</dst>
            <dst id="ATLAng">1396.08533333333</dst>
            <dst id="CHINng">5912.86666666667</dst>
            <dst id="DNVRng">6013.88533333333</dst>
            <dst id="HSTNng">1536.072</dst>
            <dst id="IPLSng">3076.60533333333</dst>
            <dst id="KSCYng">733.221333333333</dst>
            <dst id="LOSAng">10507.4106666667</dst>
            <dst id="NYCMng">2311.37866666667</dst>
            <dst id="SNVAng">8090.248</dst>
            <dst id="STTLng">4982.20266666667</dst>
            <dst id="WASHng">2378.93866666667</dst>
        </src>
        <src id="STTLng">
            <dst id="ATLA-M5">390.306666666667</dst>
            <dst id="ATLAng">18136.8906666667</dst>
            <dst id="CHINng">80431.9306666667</dst>
            <dst id="DNVRng">11556.7626666667</dst>
            <dst id="HSTNng">4347.78666666667</dst>
            <dst id="IPLSng">15731.0613333333</dst>
            <dst id="KSCYng">6998.94133333333</dst>
            <dst id="LOSAng">22574.064</dst>
            <dst id="NYCMng">26164.0293333333</dst>
            <dst id="SNVAng">5638.13866666667</dst>
            <dst id="STTLng">6321.58933333333</dst>
            <dst id="WASHng">20265.4266666667</dst>
        </src>
        <src id="WASHng">
            <dst id="ATLA-M5">2595.4</dst>
            <dst id="ATLAng">124008.770666667</dst>
            <dst id="CHINng">102208.330666667</dst>
            <dst id="DNVRng">47514.6133333333</dst>
            <dst id="HSTNng">34811.688</dst>
            <dst id="IPLSng">83714.6986666667</dst>
            <dst id="KSCYng">27597.208</dst>
            <dst id="LOSAng">58439.4213333333</dst>
            <dst id="NYCMng">240119.010666667</dst>
            <dst id="SNVAng">9039.41866666667</dst>
            <dst id="STTLng">35692.9626666667</dst>
            <dst id="WASHng">351509.6</dst>
        </src>
    </IntraTM>
</TrafficMatrixFile>
