<?xml version="1.0" encoding="ISO-8859-1" standalone="yes"?>
<TrafficMatrixFile xsi:noNamespaceSchemaLocation="http://totem.run.montefiore.ulg.ac.be/Schema/TrafficMatrix-v1_2.xsd" xmlns:xsi="http://www.w3.org/2001/XMLSchema-instance">
    <IntraTM ASID="11537">
        <src id="ATLA-M5">
            <dst id="ATLA-M5">0</dst>
            <dst id="ATLAng">240.064</dst>
            <dst id="CHINng">555.869333333333</dst>
            <dst id="DNVRng">48.056</dst>
            <dst id="HSTNng">213.629333333333</dst>
            <dst id="IPLSng">201.210666666667</dst>
            <dst id="KSCYng">369.312</dst>
            <dst id="LOSAng">884.101333333333</dst>
            <dst id="NYCMng">485.349333333334</dst>
            <dst id="SNVAng">55.3413333333333</dst>
            <dst id="STTLng">198.010666666667</dst>
            <dst id="WASHng">2942.29066666667</dst>
        </src>
        <src id="ATLAng">
            <dst id="ATLA-M5">151</dst>
            <dst id="ATLAng">25692.872</dst>
            <dst id="CHINng">16364.6293333333</dst>
            <dst id="DNVRng">4280.59466666667</dst>
            <dst id="HSTNng">1760.00533333333</dst>
            <dst id="IPLSng">18153.0346666667</dst>
            <dst id="KSCYng">4743.71733333333</dst>
            <dst id="LOSAng">15751.6346666667</dst>
            <dst id="NYCMng">12823.0373333333</dst>
            <dst id="SNVAng">781.408</dst>
            <dst id="STTLng">5462.18133333333</dst>
            <dst id="WASHng">124552.386666667</dst>
        </src>
        <src id="CHINng">
            <dst id="ATLA-M5">62.7893333333333</dst>
            <dst id="ATLAng">13042.7253333333</dst>
            <dst id="CHINng">47688.6293333333</dst>
            <dst id="DNVRng">7391.38133333333</dst>
            <dst id="HSTNng">3991</dst>
            <dst id="IPLSng">14366.8586666667</dst>
            <dst id="KSCYng">4865.33066666667</dst>
            <dst id="LOSAng">24467.096</dst>
            <dst id="NYCMng">6814.18666666667</dst>
            <dst id="SNVAng">3159.29333333333</dst>
            <dst id="STTLng">5744.82933333333</dst>
            <dst id="WASHng">6926.23733333333</dst>
        </src>
        <src id="DNVRng">
            <dst id="ATLA-M5">137.618666666667</dst>
            <dst id="ATLAng">6697.66933333334</dst>
            <dst id="CHINng">67793.2906666667</dst>
            <dst id="DNVRng">4608.08</dst>
            <dst id="HSTNng">11825.8693333333</dst>
            <dst id="IPLSng">27292.9546666667</dst>
            <dst id="KSCYng">9735.08</dst>
            <dst id="LOSAng">6164.46666666667</dst>
            <dst id="NYCMng">15641.784</dst>
            <dst id="SNVAng">7791.54133333333</dst>
            <dst id="STTLng">15695.9386666667</dst>
            <dst id="WASHng">42703.1333333333</dst>
        </src>
        <src id="HSTNng">
            <dst id="ATLA-M5">4158.74666666667</dst>
            <dst id="ATLAng">4372.928</dst>
            <dst id="CHINng">54712.4346666667</dst>
            <dst id="DNVRng">5876.28</dst>
            <dst id="HSTNng">5936.50933333333</dst>
            <dst id="IPLSng">5411.92266666667</dst>
            <dst id="KSCYng">2160.54133333333</dst>
            <dst id="LOSAng">8326.55466666667</dst>
            <dst id="NYCMng">6263.024</dst>
            <dst id="SNVAng">1715.88266666667</dst>
            <dst id="STTLng">2155.54133333333</dst>
            <dst id="WASHng">13301.7946666667</dst>
        </src>
        <src id="IPLSng">
            <dst id="ATLA-M5">548.776</dst>
            <dst id="ATLAng">11171.3493333333</dst>
            <dst id="CHINng">116955.944</dst>
            <dst id="DNVRng">24051.096</dst>
            <dst id="HSTNng">4180.648</dst>
            <dst id="IPLSng">18847.1866666667</dst>
            <dst id="KSCYng">10543.72</dst>
            <dst id="LOSAng">19460.9546666667</dst>
            <dst id="NYCMng">35788.04</dst>
            <dst id="SNVAng">3241.49066666667</dst>
            <dst id="STTLng">10347.7333333333</dst>
            <dst id="WASHng">32273.76</dst>
        </src>
        <src id="KSCYng">
            <dst id="ATLA-M5">3866.808</dst>
            <dst id="ATLAng">4478.512</dst>
            <dst id="CHINng">42813.3786666667</dst>
            <dst id="DNVRng">7383.89866666667</dst>
            <dst id="HSTNng">2586.25866666667</dst>
            <dst id="IPLSng">5813.98666666666</dst>
            <dst id="KSCYng">6700.13066666667</dst>
            <dst id="LOSAng">5048.13333333333</dst>
            <dst id="NYCMng">8678.25066666667</dst>
            <dst id="SNVAng">1951.80266666667</dst>
            <dst id="STTLng">5578.69333333333</dst>
            <dst id="WASHng">11885.28</dst>
        </src>
        <src id="LOSAng">
            <dst id="ATLA-M5">2514.656</dst>
            <dst id="ATLAng">19682.5786666667</dst>
            <dst id="CHINng">150950.432</dst>
            <dst id="DNVRng">8960.84533333333</dst>
            <dst id="HSTNng">4483.77333333333</dst>
            <dst id="IPLSng">34924.7173333333</dst>
            <dst id="KSCYng">8735.61866666667</dst>
            <dst id="LOSAng">15479.8346666667</dst>
            <dst id="NYCMng">59124.9813333333</dst>
            <dst id="SNVAng">11337.568</dst>
            <dst id="STTLng">23491.9786666667</dst>
            <dst id="WASHng">63863.4053333333</dst>
        </src>
        <src id="NYCMng">
            <dst id="ATLA-M5">355.834666666667</dst>
            <dst id="ATLAng">25335.9173333333</dst>
            <dst id="CHINng">53084.064</dst>
            <dst id="DNVRng">31301.0373333333</dst>
            <dst id="HSTNng">24592.4906666667</dst>
            <dst id="IPLSng">37754.8213333333</dst>
            <dst id="KSCYng">14350.376</dst>
            <dst id="LOSAng">67013.1306666667</dst>
            <dst id="NYCMng">147843.648</dst>
            <dst id="SNVAng">9938.08266666667</dst>
            <dst id="STTLng">21363.08</dst>
            <dst id="WASHng">67146.7306666667</dst>
        </src>
        <src id="SNVAng">
            <dst id="ATLA-M5">49.568</dst>
            <dst id="ATLAng">340.242666666667</dst>
            <dst id="CHINng">5033.04</dst>
            <dst id="DNVRng">1897.00266666667</dst>
            <dst id="HSTNng">300.021333333333</dst>
            <dst id="IPLSng">1257.53866666667</dst>
            <dst id="KSCYng">663.349333333333</dst>
            <dst id="LOSAng">31722.9013333333</dst>
            <dst id="NYCMng">10941.096</dst>
            <dst id="SNVAng">16129.792</dst>
            <dst id="STTLng">65216.6106666667</dst>
            <dst id="WASHng">1009.072</dst>
        </src>
        <src id="STTLng">
            <dst id="ATLA-M5">173.352</dst>
            <dst id="ATLAng">10389.72</dst>
            <dst id="CHINng">73656.624</dst>
            <dst id="DNVRng">5141.78133333333</dst>
            <dst id="HSTNng">1355.536</dst>
            <dst id="IPLSng">6575.86133333333</dst>
            <dst id="KSCYng">2929.248</dst>
            <dst id="LOSAng">18792.448</dst>
            <dst id="NYCMng">19810.2586666667</dst>
            <dst id="SNVAng">5374.13333333333</dst>
            <dst id="STTLng">9514.552</dst>
            <dst id="WASHng">8782.68533333333</dst>
        </src>
        <src id="WASHng">
            <dst id="ATLA-M5">134.981333333333</dst>
            <dst id="ATLAng">128194.354666667</dst>
            <dst id="CHINng">64932.904</dst>
            <dst id="DNVRng">58507.984</dst>
            <dst id="HSTNng">37733.9066666667</dst>
            <dst id="IPLSng">38393.536</dst>
            <dst id="KSCYng">7297.26666666667</dst>
            <dst id="LOSAng">61065.0613333333</dst>
            <dst id="NYCMng">139545.533333333</dst>
            <dst id="SNVAng">17995.6186666667</dst>
            <dst id="STTLng">29988.936</dst>
            <dst id="WASHng">314236.24</dst>
        </src>
    </IntraTM>
</TrafficMatrixFile>
