<?xml version="1.0" encoding="ISO-8859-1" standalone="yes"?>
<TrafficMatrixFile xsi:noNamespaceSchemaLocation="http://totem.run.montefiore.ulg.ac.be/Schema/TrafficMatrix-v1_2.xsd" xmlns:xsi="http://www.w3.org/2001/XMLSchema-instance">
    <IntraTM ASID="11537">
        <src id="ATLA-M5">
            <dst id="ATLA-M5">0</dst>
            <dst id="ATLAng">190.826666666667</dst>
            <dst id="CHINng">831.832</dst>
            <dst id="DNVRng">326.328</dst>
            <dst id="HSTNng">166.114666666667</dst>
            <dst id="IPLSng">546.416</dst>
            <dst id="KSCYng">190.816</dst>
            <dst id="LOSAng">1011.90933333333</dst>
            <dst id="NYCMng">294.661333333333</dst>
            <dst id="SNVAng">138.098666666667</dst>
            <dst id="STTLng">406.04</dst>
            <dst id="WASHng">2882.192</dst>
        </src>
        <src id="ATLAng">
            <dst id="ATLA-M5">405.08</dst>
            <dst id="ATLAng">19466.1306666667</dst>
            <dst id="CHINng">15736.224</dst>
            <dst id="DNVRng">5459.85333333333</dst>
            <dst id="HSTNng">1617.70666666667</dst>
            <dst id="IPLSng">20387.488</dst>
            <dst id="KSCYng">4520.656</dst>
            <dst id="LOSAng">15945.5386666667</dst>
            <dst id="NYCMng">10168.4373333333</dst>
            <dst id="SNVAng">265.418666666667</dst>
            <dst id="STTLng">6432.67733333333</dst>
            <dst id="WASHng">149344.469333333</dst>
        </src>
        <src id="CHINng">
            <dst id="ATLA-M5">94.9386666666667</dst>
            <dst id="ATLAng">5116.544</dst>
            <dst id="CHINng">40580.8586666667</dst>
            <dst id="DNVRng">9834.64533333333</dst>
            <dst id="HSTNng">4727.51466666667</dst>
            <dst id="IPLSng">16556.0426666667</dst>
            <dst id="KSCYng">5379.072</dst>
            <dst id="LOSAng">23458.9173333333</dst>
            <dst id="NYCMng">6348.76</dst>
            <dst id="SNVAng">2769.888</dst>
            <dst id="STTLng">7153.51733333333</dst>
            <dst id="WASHng">8094.43466666667</dst>
        </src>
        <src id="DNVRng">
            <dst id="ATLA-M5">82.6666666666667</dst>
            <dst id="ATLAng">6482.6</dst>
            <dst id="CHINng">75166.112</dst>
            <dst id="DNVRng">14683.6106666667</dst>
            <dst id="HSTNng">10848.464</dst>
            <dst id="IPLSng">27835.264</dst>
            <dst id="KSCYng">15042.6026666667</dst>
            <dst id="LOSAng">7039.88533333333</dst>
            <dst id="NYCMng">17800.7653333333</dst>
            <dst id="SNVAng">8582.52</dst>
            <dst id="STTLng">7832.368</dst>
            <dst id="WASHng">51154.9866666667</dst>
        </src>
        <src id="HSTNng">
            <dst id="ATLA-M5">4598.42133333333</dst>
            <dst id="ATLAng">2278.272</dst>
            <dst id="CHINng">29767.9653333333</dst>
            <dst id="DNVRng">4503.928</dst>
            <dst id="HSTNng">3501.98666666667</dst>
            <dst id="IPLSng">6140.64266666667</dst>
            <dst id="KSCYng">1685.58933333333</dst>
            <dst id="LOSAng">8592.368</dst>
            <dst id="NYCMng">7195.27466666666</dst>
            <dst id="SNVAng">1600.47466666667</dst>
            <dst id="STTLng">1952.87466666667</dst>
            <dst id="WASHng">13319.5093333333</dst>
        </src>
        <src id="IPLSng">
            <dst id="ATLA-M5">1166.752</dst>
            <dst id="ATLAng">9817.69866666667</dst>
            <dst id="CHINng">137580.626666667</dst>
            <dst id="DNVRng">20660.032</dst>
            <dst id="HSTNng">4282.488</dst>
            <dst id="IPLSng">19616.944</dst>
            <dst id="KSCYng">10573.2</dst>
            <dst id="LOSAng">92374.312</dst>
            <dst id="NYCMng">37006.7973333333</dst>
            <dst id="SNVAng">3979.28533333333</dst>
            <dst id="STTLng">11291.0373333333</dst>
            <dst id="WASHng">46096.9573333333</dst>
        </src>
        <src id="KSCYng">
            <dst id="ATLA-M5">349.936</dst>
            <dst id="ATLAng">3414.592</dst>
            <dst id="CHINng">45975.4426666667</dst>
            <dst id="DNVRng">7643.85066666667</dst>
            <dst id="HSTNng">2985.40266666667</dst>
            <dst id="IPLSng">8606.2</dst>
            <dst id="KSCYng">6694.94666666667</dst>
            <dst id="LOSAng">3224</dst>
            <dst id="NYCMng">9089.784</dst>
            <dst id="SNVAng">2056.848</dst>
            <dst id="STTLng">10018.1893333333</dst>
            <dst id="WASHng">9144.216</dst>
        </src>
        <src id="LOSAng">
            <dst id="ATLA-M5">2451.912</dst>
            <dst id="ATLAng">19977.0986666667</dst>
            <dst id="CHINng">139690.554666667</dst>
            <dst id="DNVRng">14656.1546666667</dst>
            <dst id="HSTNng">6456.78666666667</dst>
            <dst id="IPLSng">38361.7733333333</dst>
            <dst id="KSCYng">8294.22133333333</dst>
            <dst id="LOSAng">18266.3333333333</dst>
            <dst id="NYCMng">55367.544</dst>
            <dst id="SNVAng">13721.832</dst>
            <dst id="STTLng">23809.272</dst>
            <dst id="WASHng">66077.72</dst>
        </src>
        <src id="NYCMng">
            <dst id="ATLA-M5">754.28</dst>
            <dst id="ATLAng">29202.3253333333</dst>
            <dst id="CHINng">61336.6613333333</dst>
            <dst id="DNVRng">30210.4426666667</dst>
            <dst id="HSTNng">26001.6773333333</dst>
            <dst id="IPLSng">45965.2906666667</dst>
            <dst id="KSCYng">14126.48</dst>
            <dst id="LOSAng">71869.2506666666</dst>
            <dst id="NYCMng">137047.458666667</dst>
            <dst id="SNVAng">7557.016</dst>
            <dst id="STTLng">20396.32</dst>
            <dst id="WASHng">70711.7706666666</dst>
        </src>
        <src id="SNVAng">
            <dst id="ATLA-M5">904.84</dst>
            <dst id="ATLAng">295.341333333333</dst>
            <dst id="CHINng">5231.36</dst>
            <dst id="DNVRng">7555.112</dst>
            <dst id="HSTNng">164.221333333333</dst>
            <dst id="IPLSng">1090.84</dst>
            <dst id="KSCYng">531.112</dst>
            <dst id="LOSAng">33105.8933333333</dst>
            <dst id="NYCMng">1344.128</dst>
            <dst id="SNVAng">14590.2586666667</dst>
            <dst id="STTLng">63693.2373333333</dst>
            <dst id="WASHng">1067.096</dst>
        </src>
        <src id="STTLng">
            <dst id="ATLA-M5">270.992</dst>
            <dst id="ATLAng">9489.664</dst>
            <dst id="CHINng">78776.688</dst>
            <dst id="DNVRng">5482.416</dst>
            <dst id="HSTNng">1971.09066666667</dst>
            <dst id="IPLSng">5743.32</dst>
            <dst id="KSCYng">3225.15466666667</dst>
            <dst id="LOSAng">22977.9813333333</dst>
            <dst id="NYCMng">20749.2826666667</dst>
            <dst id="SNVAng">4756.92533333333</dst>
            <dst id="STTLng">11658.7893333333</dst>
            <dst id="WASHng">8282.06933333333</dst>
        </src>
        <src id="WASHng">
            <dst id="ATLA-M5">149.842666666667</dst>
            <dst id="ATLAng">101060.557333333</dst>
            <dst id="CHINng">70803.1733333333</dst>
            <dst id="DNVRng">45598.0213333333</dst>
            <dst id="HSTNng">15716.384</dst>
            <dst id="IPLSng">55308.9946666667</dst>
            <dst id="KSCYng">8732.20533333333</dst>
            <dst id="LOSAng">57902.0506666667</dst>
            <dst id="NYCMng">149129.384</dst>
            <dst id="SNVAng">13323.2026666667</dst>
            <dst id="STTLng">33816.5626666667</dst>
            <dst id="WASHng">348489.84</dst>
        </src>
    </IntraTM>
</TrafficMatrixFile>
