<?xml version="1.0" encoding="ISO-8859-1" standalone="yes"?>
<TrafficMatrixFile xsi:noNamespaceSchemaLocation="http://totem.run.montefiore.ulg.ac.be/Schema/TrafficMatrix-v1_2.xsd" xmlns:xsi="http://www.w3.org/2001/XMLSchema-instance">
    <IntraTM ASID="11537">
        <src id="ATLA-M5">
            <dst id="ATLA-M5">83.6773333333333</dst>
            <dst id="ATLAng">2837.648</dst>
            <dst id="CHINng">3497.85866666667</dst>
            <dst id="DNVRng">167.493333333333</dst>
            <dst id="HSTNng">467.088</dst>
            <dst id="IPLSng">1777.42133333333</dst>
            <dst id="KSCYng">696.28</dst>
            <dst id="LOSAng">815.066666666667</dst>
            <dst id="NYCMng">2075.53866666667</dst>
            <dst id="SNVAng">90.0906666666667</dst>
            <dst id="STTLng">163.285333333333</dst>
            <dst id="WASHng">4052.664</dst>
        </src>
        <src id="ATLAng">
            <dst id="ATLA-M5">1006.02133333333</dst>
            <dst id="ATLAng">28555.9493333333</dst>
            <dst id="CHINng">30330.08</dst>
            <dst id="DNVRng">6694.10666666667</dst>
            <dst id="HSTNng">9955.256</dst>
            <dst id="IPLSng">32167.9973333333</dst>
            <dst id="KSCYng">19325.2693333333</dst>
            <dst id="LOSAng">21988.364</dst>
            <dst id="NYCMng">15566.8613333333</dst>
            <dst id="SNVAng">2832.628</dst>
            <dst id="STTLng">7397.47466666667</dst>
            <dst id="WASHng">90055.3546666667</dst>
        </src>
        <src id="CHINng">
            <dst id="ATLA-M5">617.821333333333</dst>
            <dst id="ATLAng">12609.3626666667</dst>
            <dst id="CHINng">60508.52</dst>
            <dst id="DNVRng">15959.7973333333</dst>
            <dst id="HSTNng">10900.8213333333</dst>
            <dst id="IPLSng">72294.76</dst>
            <dst id="KSCYng">7696.48533333333</dst>
            <dst id="LOSAng">18509.8933333333</dst>
            <dst id="NYCMng">7070.688</dst>
            <dst id="SNVAng">3751.92266666667</dst>
            <dst id="STTLng">6052.86666666667</dst>
            <dst id="WASHng">15423.128</dst>
        </src>
        <src id="DNVRng">
            <dst id="ATLA-M5">224.432</dst>
            <dst id="ATLAng">21755.816</dst>
            <dst id="CHINng">77986.2533333334</dst>
            <dst id="DNVRng">17317.7093333333</dst>
            <dst id="HSTNng">14361.8053333333</dst>
            <dst id="IPLSng">37427.6906666667</dst>
            <dst id="KSCYng">17379.3546666667</dst>
            <dst id="LOSAng">9093.09066666667</dst>
            <dst id="NYCMng">23847.232</dst>
            <dst id="SNVAng">13914.912</dst>
            <dst id="STTLng">20325.9733333333</dst>
            <dst id="WASHng">69043.864</dst>
        </src>
        <src id="HSTNng">
            <dst id="ATLA-M5">1655.27733333333</dst>
            <dst id="ATLAng">5287.10666666667</dst>
            <dst id="CHINng">28424.528</dst>
            <dst id="DNVRng">3495.304</dst>
            <dst id="HSTNng">18705.512</dst>
            <dst id="IPLSng">12452.0826666667</dst>
            <dst id="KSCYng">4580.14666666667</dst>
            <dst id="LOSAng">11701.1013333333</dst>
            <dst id="NYCMng">20243.448</dst>
            <dst id="SNVAng">1507</dst>
            <dst id="STTLng">1887.51466666667</dst>
            <dst id="WASHng">16707.208</dst>
        </src>
        <src id="IPLSng">
            <dst id="ATLA-M5">885.8</dst>
            <dst id="ATLAng">16247.0533333333</dst>
            <dst id="CHINng">140632.744</dst>
            <dst id="DNVRng">18406.8293333333</dst>
            <dst id="HSTNng">6194.17866666667</dst>
            <dst id="IPLSng">33927.7066666667</dst>
            <dst id="KSCYng">23079.4266666667</dst>
            <dst id="LOSAng">101758.053333333</dst>
            <dst id="NYCMng">53817.8053333333</dst>
            <dst id="SNVAng">5592.09333333333</dst>
            <dst id="STTLng">17785.936</dst>
            <dst id="WASHng">102848.602666667</dst>
        </src>
        <src id="KSCYng">
            <dst id="ATLA-M5">984.029333333334</dst>
            <dst id="ATLAng">8642.15466666667</dst>
            <dst id="CHINng">52982.7066666667</dst>
            <dst id="DNVRng">13768.176</dst>
            <dst id="HSTNng">4508.07733333333</dst>
            <dst id="IPLSng">16540.4773333333</dst>
            <dst id="KSCYng">12713.5013333333</dst>
            <dst id="LOSAng">6107.79466666667</dst>
            <dst id="NYCMng">7858.09066666667</dst>
            <dst id="SNVAng">2027.32533333333</dst>
            <dst id="STTLng">3804.18133333333</dst>
            <dst id="WASHng">15047.84</dst>
        </src>
        <src id="LOSAng">
            <dst id="ATLA-M5">976.045333333333</dst>
            <dst id="ATLAng">22337.2533333333</dst>
            <dst id="CHINng">161104.36</dst>
            <dst id="DNVRng">11964.928</dst>
            <dst id="HSTNng">8843.056</dst>
            <dst id="IPLSng">45611.7546666667</dst>
            <dst id="KSCYng">13179.2453333333</dst>
            <dst id="LOSAng">21158.9706666667</dst>
            <dst id="NYCMng">62884.4186666667</dst>
            <dst id="SNVAng">13836.4586666667</dst>
            <dst id="STTLng">28112.2</dst>
            <dst id="WASHng">80959.52</dst>
        </src>
        <src id="NYCMng">
            <dst id="ATLA-M5">3452.392</dst>
            <dst id="ATLAng">47861.5866666667</dst>
            <dst id="CHINng">68279.904</dst>
            <dst id="DNVRng">32104.88</dst>
            <dst id="HSTNng">18310.8293333333</dst>
            <dst id="IPLSng">75630.6986666667</dst>
            <dst id="KSCYng">37096.3626666667</dst>
            <dst id="LOSAng">59455.7573333333</dst>
            <dst id="NYCMng">161738.24</dst>
            <dst id="SNVAng">10903.896</dst>
            <dst id="STTLng">24785.1173333333</dst>
            <dst id="WASHng">204781.248</dst>
        </src>
        <src id="SNVAng">
            <dst id="ATLA-M5">32</dst>
            <dst id="ATLAng">1119.33066666667</dst>
            <dst id="CHINng">9527.6</dst>
            <dst id="DNVRng">15659.04</dst>
            <dst id="HSTNng">506.192</dst>
            <dst id="IPLSng">1946.08533333333</dst>
            <dst id="KSCYng">2007.74133333333</dst>
            <dst id="LOSAng">33240.088</dst>
            <dst id="NYCMng">11432.0426666667</dst>
            <dst id="SNVAng">18962.1306666667</dst>
            <dst id="STTLng">64000.1333333333</dst>
            <dst id="WASHng">2298.69866666667</dst>
        </src>
        <src id="STTLng">
            <dst id="ATLA-M5">242.058666666667</dst>
            <dst id="ATLAng">16065.9413333333</dst>
            <dst id="CHINng">85574.224</dst>
            <dst id="DNVRng">8536.632</dst>
            <dst id="HSTNng">7548.00533333334</dst>
            <dst id="IPLSng">26579.6613333333</dst>
            <dst id="KSCYng">7746.72266666667</dst>
            <dst id="LOSAng">31158.064</dst>
            <dst id="NYCMng">23547.672</dst>
            <dst id="SNVAng">10882.8666666667</dst>
            <dst id="STTLng">11906.64</dst>
            <dst id="WASHng">22585.136</dst>
        </src>
        <src id="WASHng">
            <dst id="ATLA-M5">3222.792</dst>
            <dst id="ATLAng">156478.117333333</dst>
            <dst id="CHINng">91105.9253333333</dst>
            <dst id="DNVRng">49653.6906666667</dst>
            <dst id="HSTNng">36378.8986666667</dst>
            <dst id="IPLSng">90589.128</dst>
            <dst id="KSCYng">42166.4</dst>
            <dst id="LOSAng">77428.8053333333</dst>
            <dst id="NYCMng">222067.005333333</dst>
            <dst id="SNVAng">7010.73333333334</dst>
            <dst id="STTLng">36805.7333333333</dst>
            <dst id="WASHng">408054.533333333</dst>
        </src>
    </IntraTM>
</TrafficMatrixFile>
