<?xml version="1.0" encoding="ISO-8859-1" standalone="yes"?>
<TrafficMatrixFile xsi:noNamespaceSchemaLocation="http://totem.run.montefiore.ulg.ac.be/Schema/TrafficMatrix-v1_2.xsd" xmlns:xsi="http://www.w3.org/2001/XMLSchema-instance">
    <IntraTM ASID="11537">
        <src id="ATLA-M5">
            <dst id="ATLA-M5">292.845333333333</dst>
            <dst id="ATLAng">1631.22933333333</dst>
            <dst id="CHINng">1348.232</dst>
            <dst id="DNVRng">433.714666666667</dst>
            <dst id="HSTNng">310.104</dst>
            <dst id="IPLSng">797.992</dst>
            <dst id="KSCYng">777.666666666667</dst>
            <dst id="LOSAng">249.149333333333</dst>
            <dst id="NYCMng">1885.136</dst>
            <dst id="SNVAng">140.970666666667</dst>
            <dst id="STTLng">80</dst>
            <dst id="WASHng">2845.384</dst>
        </src>
        <src id="ATLAng">
            <dst id="ATLA-M5">2009.88</dst>
            <dst id="ATLAng">72882.4986666667</dst>
            <dst id="CHINng">52815.024</dst>
            <dst id="DNVRng">8006.76533333333</dst>
            <dst id="HSTNng">10122.8346666667</dst>
            <dst id="IPLSng">31791.5253333333</dst>
            <dst id="KSCYng">15480.6666666667</dst>
            <dst id="LOSAng">13391.476</dst>
            <dst id="NYCMng">14703.136</dst>
            <dst id="SNVAng">2296.14266666667</dst>
            <dst id="STTLng">7400.18933333333</dst>
            <dst id="WASHng">96365.0826666667</dst>
        </src>
        <src id="CHINng">
            <dst id="ATLA-M5">612.728</dst>
            <dst id="ATLAng">20982.1466666667</dst>
            <dst id="CHINng">55076.0986666667</dst>
            <dst id="DNVRng">10179.6426666667</dst>
            <dst id="HSTNng">7908.768</dst>
            <dst id="IPLSng">40944.456</dst>
            <dst id="KSCYng">6285.312</dst>
            <dst id="LOSAng">19243.2426666667</dst>
            <dst id="NYCMng">5907.14666666667</dst>
            <dst id="SNVAng">3203.60266666667</dst>
            <dst id="STTLng">4860.63733333333</dst>
            <dst id="WASHng">18928.2826666667</dst>
        </src>
        <src id="DNVRng">
            <dst id="ATLA-M5">553.181333333333</dst>
            <dst id="ATLAng">11706.3893333333</dst>
            <dst id="CHINng">79343.0293333333</dst>
            <dst id="DNVRng">25892.592</dst>
            <dst id="HSTNng">12304.6506666667</dst>
            <dst id="IPLSng">32733.8853333333</dst>
            <dst id="KSCYng">21997.0106666667</dst>
            <dst id="LOSAng">8182.77866666667</dst>
            <dst id="NYCMng">21890.9066666667</dst>
            <dst id="SNVAng">13990.7333333333</dst>
            <dst id="STTLng">20303.84</dst>
            <dst id="WASHng">66226.688</dst>
        </src>
        <src id="HSTNng">
            <dst id="ATLA-M5">462.133333333333</dst>
            <dst id="ATLAng">8103.89866666667</dst>
            <dst id="CHINng">30254.1653333333</dst>
            <dst id="DNVRng">2793.70133333333</dst>
            <dst id="HSTNng">18920.264</dst>
            <dst id="IPLSng">11392.1733333333</dst>
            <dst id="KSCYng">2798.70666666667</dst>
            <dst id="LOSAng">98212.5813333333</dst>
            <dst id="NYCMng">16938.0533333333</dst>
            <dst id="SNVAng">4423.936</dst>
            <dst id="STTLng">1576.66133333333</dst>
            <dst id="WASHng">16932.632</dst>
        </src>
        <src id="IPLSng">
            <dst id="ATLA-M5">11331.4453333333</dst>
            <dst id="ATLAng">24985.728</dst>
            <dst id="CHINng">153169.84</dst>
            <dst id="DNVRng">18604.8506666667</dst>
            <dst id="HSTNng">8196.59466666667</dst>
            <dst id="IPLSng">40166.7946666667</dst>
            <dst id="KSCYng">22177.5786666667</dst>
            <dst id="LOSAng">20368.5813333333</dst>
            <dst id="NYCMng">54374.8213333333</dst>
            <dst id="SNVAng">9539.89866666667</dst>
            <dst id="STTLng">18837.9546666667</dst>
            <dst id="WASHng">105808.018666667</dst>
        </src>
        <src id="KSCYng">
            <dst id="ATLA-M5">551.477333333333</dst>
            <dst id="ATLAng">13180.5733333333</dst>
            <dst id="CHINng">50115.6773333333</dst>
            <dst id="DNVRng">7230.19466666667</dst>
            <dst id="HSTNng">4880.06133333333</dst>
            <dst id="IPLSng">14097.0506666667</dst>
            <dst id="KSCYng">18174.472</dst>
            <dst id="LOSAng">6641.69066666667</dst>
            <dst id="NYCMng">8952.17066666667</dst>
            <dst id="SNVAng">1747.176</dst>
            <dst id="STTLng">3464.46933333333</dst>
            <dst id="WASHng">13904.0346666667</dst>
        </src>
        <src id="LOSAng">
            <dst id="ATLA-M5">799.733333333333</dst>
            <dst id="ATLAng">20602.8986666667</dst>
            <dst id="CHINng">168845.917333333</dst>
            <dst id="DNVRng">12567.5066666667</dst>
            <dst id="HSTNng">8961.81333333333</dst>
            <dst id="IPLSng">43115.168</dst>
            <dst id="KSCYng">17114.1546666667</dst>
            <dst id="LOSAng">14750.1973333333</dst>
            <dst id="NYCMng">59370.1306666667</dst>
            <dst id="SNVAng">9825.22933333333</dst>
            <dst id="STTLng">22610.44</dst>
            <dst id="WASHng">72300.6453333333</dst>
        </src>
        <src id="NYCMng">
            <dst id="ATLA-M5">2624.10133333333</dst>
            <dst id="ATLAng">56732.0106666667</dst>
            <dst id="CHINng">75131.3146666666</dst>
            <dst id="DNVRng">38028.9146666667</dst>
            <dst id="HSTNng">17039.1226666667</dst>
            <dst id="IPLSng">82061.1066666667</dst>
            <dst id="KSCYng">38938.0453333333</dst>
            <dst id="LOSAng">57392.384</dst>
            <dst id="NYCMng">159822.586666667</dst>
            <dst id="SNVAng">11740.392</dst>
            <dst id="STTLng">22745.36</dst>
            <dst id="WASHng">116479.714666667</dst>
        </src>
        <src id="SNVAng">
            <dst id="ATLA-M5">0</dst>
            <dst id="ATLAng">1125.58933333333</dst>
            <dst id="CHINng">8175.472</dst>
            <dst id="DNVRng">6003.21066666667</dst>
            <dst id="HSTNng">2418.136</dst>
            <dst id="IPLSng">10416.2826666667</dst>
            <dst id="KSCYng">1341.11466666667</dst>
            <dst id="LOSAng">31538.7573333333</dst>
            <dst id="NYCMng">2142.34666666667</dst>
            <dst id="SNVAng">17389.9626666667</dst>
            <dst id="STTLng">76720.152</dst>
            <dst id="WASHng">3293.29066666667</dst>
        </src>
        <src id="STTLng">
            <dst id="ATLA-M5">974.68</dst>
            <dst id="ATLAng">14928.4346666667</dst>
            <dst id="CHINng">93838.7653333333</dst>
            <dst id="DNVRng">5155.26933333333</dst>
            <dst id="HSTNng">5438.648</dst>
            <dst id="IPLSng">24259.776</dst>
            <dst id="KSCYng">8359.70133333333</dst>
            <dst id="LOSAng">24622.4773333333</dst>
            <dst id="NYCMng">24165.9893333333</dst>
            <dst id="SNVAng">6588.04</dst>
            <dst id="STTLng">13695.656</dst>
            <dst id="WASHng">24620.9013333333</dst>
        </src>
        <src id="WASHng">
            <dst id="ATLA-M5">2784.10133333333</dst>
            <dst id="ATLAng">128422.096</dst>
            <dst id="CHINng">103147.581333333</dst>
            <dst id="DNVRng">56039.336</dst>
            <dst id="HSTNng">24783.928</dst>
            <dst id="IPLSng">92949.416</dst>
            <dst id="KSCYng">40872.5146666667</dst>
            <dst id="LOSAng">83593.7413333333</dst>
            <dst id="NYCMng">224800.901333333</dst>
            <dst id="SNVAng">6983.6</dst>
            <dst id="STTLng">36389.4586666667</dst>
            <dst id="WASHng">393811.866666667</dst>
        </src>
    </IntraTM>
</TrafficMatrixFile>
