<?xml version="1.0" encoding="ISO-8859-1" standalone="yes"?>
<TrafficMatrixFile xsi:noNamespaceSchemaLocation="http://totem.run.montefiore.ulg.ac.be/Schema/TrafficMatrix-v1_2.xsd" xmlns:xsi="http://www.w3.org/2001/XMLSchema-instance">
    <IntraTM ASID="11537">
        <src id="ATLA-M5">
            <dst id="ATLA-M5">0</dst>
            <dst id="ATLAng">222.656</dst>
            <dst id="CHINng">418.354666666667</dst>
            <dst id="DNVRng">94.3946666666667</dst>
            <dst id="HSTNng">107.954666666667</dst>
            <dst id="IPLSng">938.656</dst>
            <dst id="KSCYng">126.792</dst>
            <dst id="LOSAng">133.762666666667</dst>
            <dst id="NYCMng">230.237333333333</dst>
            <dst id="SNVAng">78.5386666666667</dst>
            <dst id="STTLng">62.6666666666667</dst>
            <dst id="WASHng">4100.27466666667</dst>
        </src>
        <src id="ATLAng">
            <dst id="ATLA-M5">1114.33066666667</dst>
            <dst id="ATLAng">64400.1173333333</dst>
            <dst id="CHINng">12171.0186666667</dst>
            <dst id="DNVRng">2027.62933333333</dst>
            <dst id="HSTNng">2093.97866666667</dst>
            <dst id="IPLSng">14438.6773333333</dst>
            <dst id="KSCYng">3842.87733333333</dst>
            <dst id="LOSAng">15872.7706666667</dst>
            <dst id="NYCMng">9263.768</dst>
            <dst id="SNVAng">6226.39466666667</dst>
            <dst id="STTLng">7903.73866666667</dst>
            <dst id="WASHng">95015.048</dst>
        </src>
        <src id="CHINng">
            <dst id="ATLA-M5">319.173333333333</dst>
            <dst id="ATLAng">11541.6426666667</dst>
            <dst id="CHINng">47903.8666666667</dst>
            <dst id="DNVRng">10408.6933333333</dst>
            <dst id="HSTNng">5500.58133333333</dst>
            <dst id="IPLSng">26282.8026666667</dst>
            <dst id="KSCYng">8702.19733333333</dst>
            <dst id="LOSAng">194396.173333333</dst>
            <dst id="NYCMng">5998.488</dst>
            <dst id="SNVAng">994.018666666667</dst>
            <dst id="STTLng">8575.93066666667</dst>
            <dst id="WASHng">7773.312</dst>
        </src>
        <src id="DNVRng">
            <dst id="ATLA-M5">165.546666666667</dst>
            <dst id="ATLAng">5448.032</dst>
            <dst id="CHINng">46701.5013333333</dst>
            <dst id="DNVRng">5130.27733333333</dst>
            <dst id="HSTNng">6394.06133333333</dst>
            <dst id="IPLSng">4633.85866666667</dst>
            <dst id="KSCYng">16361.9093333333</dst>
            <dst id="LOSAng">4262.37066666667</dst>
            <dst id="NYCMng">16432.384</dst>
            <dst id="SNVAng">12355.0293333333</dst>
            <dst id="STTLng">11947.8906666667</dst>
            <dst id="WASHng">22934.7866666667</dst>
        </src>
        <src id="HSTNng">
            <dst id="ATLA-M5">1880.13066666667</dst>
            <dst id="ATLAng">3554.616</dst>
            <dst id="CHINng">22474.4666666667</dst>
            <dst id="DNVRng">1179.58933333333</dst>
            <dst id="HSTNng">7318.16</dst>
            <dst id="IPLSng">7822.18133333333</dst>
            <dst id="KSCYng">3265.35733333333</dst>
            <dst id="LOSAng">93829.336</dst>
            <dst id="NYCMng">5118.97066666667</dst>
            <dst id="SNVAng">1812.22133333333</dst>
            <dst id="STTLng">2168.35733333333</dst>
            <dst id="WASHng">4044.72533333333</dst>
        </src>
        <src id="IPLSng">
            <dst id="ATLA-M5">177.229333333333</dst>
            <dst id="ATLAng">9999.40533333333</dst>
            <dst id="CHINng">114399.770666667</dst>
            <dst id="DNVRng">6430.36</dst>
            <dst id="HSTNng">7719.09333333333</dst>
            <dst id="IPLSng">17554.0426666667</dst>
            <dst id="KSCYng">8894.34133333333</dst>
            <dst id="LOSAng">16703.6986666667</dst>
            <dst id="NYCMng">27288.92</dst>
            <dst id="SNVAng">5290.6</dst>
            <dst id="STTLng">7831.19466666667</dst>
            <dst id="WASHng">22557.7653333333</dst>
        </src>
        <src id="KSCYng">
            <dst id="ATLA-M5">2133.312</dst>
            <dst id="ATLAng">2788.50933333333</dst>
            <dst id="CHINng">40228.1493333333</dst>
            <dst id="DNVRng">3000.91466666667</dst>
            <dst id="HSTNng">2949.13866666667</dst>
            <dst id="IPLSng">8427.12</dst>
            <dst id="KSCYng">3285.73333333333</dst>
            <dst id="LOSAng">3523.50666666667</dst>
            <dst id="NYCMng">6639.33066666667</dst>
            <dst id="SNVAng">450.274666666667</dst>
            <dst id="STTLng">4704.10666666667</dst>
            <dst id="WASHng">15213.048</dst>
        </src>
        <src id="LOSAng">
            <dst id="ATLA-M5">570.602666666667</dst>
            <dst id="ATLAng">13397.5226666667</dst>
            <dst id="CHINng">125710.258666667</dst>
            <dst id="DNVRng">3002.16</dst>
            <dst id="HSTNng">57207.776</dst>
            <dst id="IPLSng">29911.2746666667</dst>
            <dst id="KSCYng">5409.36266666667</dst>
            <dst id="LOSAng">11022.12</dst>
            <dst id="NYCMng">42487.624</dst>
            <dst id="SNVAng">4313.12266666667</dst>
            <dst id="STTLng">19594.0746666667</dst>
            <dst id="WASHng">69291.4106666667</dst>
        </src>
        <src id="NYCMng">
            <dst id="ATLA-M5">625.330666666667</dst>
            <dst id="ATLAng">36812.2586666667</dst>
            <dst id="CHINng">55723.6426666667</dst>
            <dst id="DNVRng">16075.6666666667</dst>
            <dst id="HSTNng">32725.2293333333</dst>
            <dst id="IPLSng">53522.936</dst>
            <dst id="KSCYng">18094.08</dst>
            <dst id="LOSAng">41547.8426666667</dst>
            <dst id="NYCMng">147860.722666667</dst>
            <dst id="SNVAng">4176.34133333333</dst>
            <dst id="STTLng">21740.4613333333</dst>
            <dst id="WASHng">68239.904</dst>
        </src>
        <src id="SNVAng">
            <dst id="ATLA-M5">90.2666666666667</dst>
            <dst id="ATLAng">970.613333333333</dst>
            <dst id="CHINng">6566.98666666666</dst>
            <dst id="DNVRng">13744.816</dst>
            <dst id="HSTNng">652.570666666667</dst>
            <dst id="IPLSng">3113.22933333333</dst>
            <dst id="KSCYng">381.666666666667</dst>
            <dst id="LOSAng">5176.024</dst>
            <dst id="NYCMng">3092.048</dst>
            <dst id="SNVAng">100.722666666667</dst>
            <dst id="STTLng">1991.25066666667</dst>
            <dst id="WASHng">1647.808</dst>
        </src>
        <src id="STTLng">
            <dst id="ATLA-M5">77.8853333333333</dst>
            <dst id="ATLAng">15848.4666666667</dst>
            <dst id="CHINng">87596.9973333333</dst>
            <dst id="DNVRng">3215.98933333333</dst>
            <dst id="HSTNng">2180.64</dst>
            <dst id="IPLSng">10081.7066666667</dst>
            <dst id="KSCYng">4076.09866666667</dst>
            <dst id="LOSAng">15920.648</dst>
            <dst id="NYCMng">21097.8853333333</dst>
            <dst id="SNVAng">2399.86666666667</dst>
            <dst id="STTLng">6988.84533333333</dst>
            <dst id="WASHng">16118.8133333333</dst>
        </src>
        <src id="WASHng">
            <dst id="ATLA-M5">909.32</dst>
            <dst id="ATLAng">70820.5546666666</dst>
            <dst id="CHINng">56125.1893333333</dst>
            <dst id="DNVRng">29515.7866666667</dst>
            <dst id="HSTNng">15045.0666666667</dst>
            <dst id="IPLSng">53955.9413333333</dst>
            <dst id="KSCYng">13797.6133333333</dst>
            <dst id="LOSAng">57366.8293333333</dst>
            <dst id="NYCMng">106741.208</dst>
            <dst id="SNVAng">2515.936</dst>
            <dst id="STTLng">34255.1546666667</dst>
            <dst id="WASHng">366006.533333333</dst>
        </src>
    </IntraTM>
</TrafficMatrixFile>
