<?xml version="1.0" encoding="ISO-8859-1" standalone="yes"?>
<TrafficMatrixFile xsi:noNamespaceSchemaLocation="http://totem.run.montefiore.ulg.ac.be/Schema/TrafficMatrix-v1_2.xsd" xmlns:xsi="http://www.w3.org/2001/XMLSchema-instance">
    <IntraTM ASID="11537">
        <src id="ATLA-M5">
            <dst id="ATLA-M5">26.6666666666667</dst>
            <dst id="ATLAng">1145.368</dst>
            <dst id="CHINng">1864.32533333333</dst>
            <dst id="DNVRng">1537.97866666667</dst>
            <dst id="HSTNng">1084.14666666667</dst>
            <dst id="IPLSng">1364.208</dst>
            <dst id="KSCYng">772.704</dst>
            <dst id="LOSAng">1678.89866666667</dst>
            <dst id="NYCMng">1212.57866666667</dst>
            <dst id="SNVAng">430.693333333333</dst>
            <dst id="STTLng">266.24</dst>
            <dst id="WASHng">1885.40533333333</dst>
        </src>
        <src id="ATLAng">
            <dst id="ATLA-M5">663.186666666667</dst>
            <dst id="ATLAng">34906.3893333333</dst>
            <dst id="CHINng">35379.7173333333</dst>
            <dst id="DNVRng">13632.344</dst>
            <dst id="HSTNng">7191.032</dst>
            <dst id="IPLSng">64864.7626666667</dst>
            <dst id="KSCYng">9221.168</dst>
            <dst id="LOSAng">25518.4906666667</dst>
            <dst id="NYCMng">31035.744</dst>
            <dst id="SNVAng">1939.74666666667</dst>
            <dst id="STTLng">6782.48533333333</dst>
            <dst id="WASHng">65179.8053333333</dst>
        </src>
        <src id="CHINng">
            <dst id="ATLA-M5">3907.064</dst>
            <dst id="ATLAng">17666.3546666667</dst>
            <dst id="CHINng">39975.2133333333</dst>
            <dst id="DNVRng">12273.6026666667</dst>
            <dst id="HSTNng">16918.608</dst>
            <dst id="IPLSng">35170.4426666667</dst>
            <dst id="KSCYng">9370.94666666667</dst>
            <dst id="LOSAng">34144.76</dst>
            <dst id="NYCMng">4652.91466666667</dst>
            <dst id="SNVAng">10178.6853333333</dst>
            <dst id="STTLng">7964.52</dst>
            <dst id="WASHng">24694.9813333333</dst>
        </src>
        <src id="DNVRng">
            <dst id="ATLA-M5">1022.93866666667</dst>
            <dst id="ATLAng">6195.73333333333</dst>
            <dst id="CHINng">55949.1653333333</dst>
            <dst id="DNVRng">7450.57066666667</dst>
            <dst id="HSTNng">16165.7093333333</dst>
            <dst id="IPLSng">37707.6613333333</dst>
            <dst id="KSCYng">11912.7386666667</dst>
            <dst id="LOSAng">8291.4</dst>
            <dst id="NYCMng">21305.456</dst>
            <dst id="SNVAng">12174.2106666667</dst>
            <dst id="STTLng">25499.2933333333</dst>
            <dst id="WASHng">49414.576</dst>
        </src>
        <src id="HSTNng">
            <dst id="ATLA-M5">742.384</dst>
            <dst id="ATLAng">6096.48266666667</dst>
            <dst id="CHINng">23254.6266666667</dst>
            <dst id="DNVRng">4570.608</dst>
            <dst id="HSTNng">13077.9706666667</dst>
            <dst id="IPLSng">14936.5253333333</dst>
            <dst id="KSCYng">4541.272</dst>
            <dst id="LOSAng">76932.048</dst>
            <dst id="NYCMng">12798.3813333333</dst>
            <dst id="SNVAng">3111.872</dst>
            <dst id="STTLng">4912.81866666667</dst>
            <dst id="WASHng">13979.168</dst>
        </src>
        <src id="IPLSng">
            <dst id="ATLA-M5">1653.30666666667</dst>
            <dst id="ATLAng">55986.0026666667</dst>
            <dst id="CHINng">90031.256</dst>
            <dst id="DNVRng">33472.4986666667</dst>
            <dst id="HSTNng">13330.08</dst>
            <dst id="IPLSng">33005.9466666667</dst>
            <dst id="KSCYng">17444.1306666667</dst>
            <dst id="LOSAng">111240.04</dst>
            <dst id="NYCMng">34061.0026666667</dst>
            <dst id="SNVAng">9021.19466666666</dst>
            <dst id="STTLng">17540.2933333333</dst>
            <dst id="WASHng">55069.176</dst>
        </src>
        <src id="KSCYng">
            <dst id="ATLA-M5">1679.33866666667</dst>
            <dst id="ATLAng">7987.496</dst>
            <dst id="CHINng">46392.6853333333</dst>
            <dst id="DNVRng">13124.0133333333</dst>
            <dst id="HSTNng">4792.208</dst>
            <dst id="IPLSng">13397.9066666667</dst>
            <dst id="KSCYng">10658.072</dst>
            <dst id="LOSAng">6471.84266666667</dst>
            <dst id="NYCMng">9650.32533333333</dst>
            <dst id="SNVAng">1889.57866666667</dst>
            <dst id="STTLng">4308.624</dst>
            <dst id="WASHng">16408.472</dst>
        </src>
        <src id="LOSAng">
            <dst id="ATLA-M5">1011.53866666667</dst>
            <dst id="ATLAng">31508.7626666667</dst>
            <dst id="CHINng">115403.802666667</dst>
            <dst id="DNVRng">14797.176</dst>
            <dst id="HSTNng">10683.3946666667</dst>
            <dst id="IPLSng">50636.8533333333</dst>
            <dst id="KSCYng">10569.584</dst>
            <dst id="LOSAng">17109.584</dst>
            <dst id="NYCMng">60422.032</dst>
            <dst id="SNVAng">16363.3813333333</dst>
            <dst id="STTLng">29941.0533333333</dst>
            <dst id="WASHng">72761.304</dst>
        </src>
        <src id="NYCMng">
            <dst id="ATLA-M5">2256.13866666667</dst>
            <dst id="ATLAng">56923.4773333333</dst>
            <dst id="CHINng">75021.4826666666</dst>
            <dst id="DNVRng">54720.0293333333</dst>
            <dst id="HSTNng">45116.24</dst>
            <dst id="IPLSng">103884.512</dst>
            <dst id="KSCYng">23611.024</dst>
            <dst id="LOSAng">105158.373333333</dst>
            <dst id="NYCMng">152600.741333333</dst>
            <dst id="SNVAng">16638.3813333333</dst>
            <dst id="STTLng">38221.8826666667</dst>
            <dst id="WASHng">165806.754666667</dst>
        </src>
        <src id="SNVAng">
            <dst id="ATLA-M5">270.978666666667</dst>
            <dst id="ATLAng">899.229333333333</dst>
            <dst id="CHINng">8690.12266666667</dst>
            <dst id="DNVRng">8582.18133333333</dst>
            <dst id="HSTNng">1059.01866666667</dst>
            <dst id="IPLSng">3875.296</dst>
            <dst id="KSCYng">810.205333333333</dst>
            <dst id="LOSAng">43234.8053333333</dst>
            <dst id="NYCMng">3004.024</dst>
            <dst id="SNVAng">16004.3066666667</dst>
            <dst id="STTLng">63370.5973333333</dst>
            <dst id="WASHng">4643.19466666667</dst>
        </src>
        <src id="STTLng">
            <dst id="ATLA-M5">860.584</dst>
            <dst id="ATLAng">11339.384</dst>
            <dst id="CHINng">65224.8666666667</dst>
            <dst id="DNVRng">6330.2</dst>
            <dst id="HSTNng">5688.584</dst>
            <dst id="IPLSng">27433.3786666667</dst>
            <dst id="KSCYng">5132.328</dst>
            <dst id="LOSAng">38921.1173333333</dst>
            <dst id="NYCMng">29275.0826666667</dst>
            <dst id="SNVAng">8241.09333333333</dst>
            <dst id="STTLng">10927.4693333333</dst>
            <dst id="WASHng">19892.6826666667</dst>
        </src>
        <src id="WASHng">
            <dst id="ATLA-M5">4892.62933333333</dst>
            <dst id="ATLAng">106480.450666667</dst>
            <dst id="CHINng">91951.216</dst>
            <dst id="DNVRng">70565.0346666667</dst>
            <dst id="HSTNng">31025.4533333333</dst>
            <dst id="IPLSng">107832.941333333</dst>
            <dst id="KSCYng">15508.2346666667</dst>
            <dst id="LOSAng">123015.576</dst>
            <dst id="NYCMng">191904</dst>
            <dst id="SNVAng">20843.9173333333</dst>
            <dst id="STTLng">37899.76</dst>
            <dst id="WASHng">220394.669333333</dst>
        </src>
    </IntraTM>
</TrafficMatrixFile>
