<?xml version="1.0" encoding="ISO-8859-1" standalone="yes"?>
<TrafficMatrixFile xsi:noNamespaceSchemaLocation="http://totem.run.montefiore.ulg.ac.be/Schema/TrafficMatrix-v1_2.xsd" xmlns:xsi="http://www.w3.org/2001/XMLSchema-instance">
    <IntraTM ASID="11537">
        <src id="ATLA-M5">
            <dst id="ATLA-M5">285.981333333333</dst>
            <dst id="ATLAng">330.357333333333</dst>
            <dst id="CHINng">687.253333333333</dst>
            <dst id="DNVRng">227.581333333333</dst>
            <dst id="HSTNng">145.293333333333</dst>
            <dst id="IPLSng">1434.168</dst>
            <dst id="KSCYng">144.970666666667</dst>
            <dst id="LOSAng">161.632</dst>
            <dst id="NYCMng">2162.96533333333</dst>
            <dst id="SNVAng">35.7493333333333</dst>
            <dst id="STTLng">514.021333333333</dst>
            <dst id="WASHng">3568.472</dst>
        </src>
        <src id="ATLAng">
            <dst id="ATLA-M5">1408.71733333333</dst>
            <dst id="ATLAng">93517.1146666666</dst>
            <dst id="CHINng">17635.5946666667</dst>
            <dst id="DNVRng">3606.10666666667</dst>
            <dst id="HSTNng">4298.48533333333</dst>
            <dst id="IPLSng">42434.5066666667</dst>
            <dst id="KSCYng">18378.904</dst>
            <dst id="LOSAng">16680.3466666667</dst>
            <dst id="NYCMng">18111.9013333333</dst>
            <dst id="SNVAng">1478.76533333333</dst>
            <dst id="STTLng">9521.256</dst>
            <dst id="WASHng">90964.9546666667</dst>
        </src>
        <src id="CHINng">
            <dst id="ATLA-M5">1308.10133333333</dst>
            <dst id="ATLAng">17085.3866666667</dst>
            <dst id="CHINng">71603.0053333333</dst>
            <dst id="DNVRng">10425.6106666667</dst>
            <dst id="HSTNng">12552.6</dst>
            <dst id="IPLSng">47188.0506666667</dst>
            <dst id="KSCYng">7047.696</dst>
            <dst id="LOSAng">13751.1093333333</dst>
            <dst id="NYCMng">11606.168</dst>
            <dst id="SNVAng">1030.28266666667</dst>
            <dst id="STTLng">6685.83466666667</dst>
            <dst id="WASHng">17557.5973333333</dst>
        </src>
        <src id="DNVRng">
            <dst id="ATLA-M5">94.7946666666667</dst>
            <dst id="ATLAng">10357.8746666667</dst>
            <dst id="CHINng">59256.5813333333</dst>
            <dst id="DNVRng">7010.76533333333</dst>
            <dst id="HSTNng">8943.91466666667</dst>
            <dst id="IPLSng">27530.6986666667</dst>
            <dst id="KSCYng">17366.7653333333</dst>
            <dst id="LOSAng">4870.25866666667</dst>
            <dst id="NYCMng">17516.8613333333</dst>
            <dst id="SNVAng">14353.7626666667</dst>
            <dst id="STTLng">11857.0826666667</dst>
            <dst id="WASHng">18671.1173333333</dst>
        </src>
        <src id="HSTNng">
            <dst id="ATLA-M5">1311.65333333333</dst>
            <dst id="ATLAng">4357.07466666667</dst>
            <dst id="CHINng">29721.528</dst>
            <dst id="DNVRng">2555.62133333333</dst>
            <dst id="HSTNng">11456.5546666667</dst>
            <dst id="IPLSng">14009.4</dst>
            <dst id="KSCYng">6558.88533333333</dst>
            <dst id="LOSAng">105894.728</dst>
            <dst id="NYCMng">9067.95733333333</dst>
            <dst id="SNVAng">1161.976</dst>
            <dst id="STTLng">2293.05066666667</dst>
            <dst id="WASHng">13637.4506666667</dst>
        </src>
        <src id="IPLSng">
            <dst id="ATLA-M5">544.069333333333</dst>
            <dst id="ATLAng">20391.7813333333</dst>
            <dst id="CHINng">148132.845333333</dst>
            <dst id="DNVRng">19673.688</dst>
            <dst id="HSTNng">11499.3226666667</dst>
            <dst id="IPLSng">24190.4933333333</dst>
            <dst id="KSCYng">21899.448</dst>
            <dst id="LOSAng">75269.9573333333</dst>
            <dst id="NYCMng">39327.2293333333</dst>
            <dst id="SNVAng">3919.46666666667</dst>
            <dst id="STTLng">12758.3226666667</dst>
            <dst id="WASHng">49558.176</dst>
        </src>
        <src id="KSCYng">
            <dst id="ATLA-M5">247.128</dst>
            <dst id="ATLAng">22320.016</dst>
            <dst id="CHINng">49001.872</dst>
            <dst id="DNVRng">3345.26933333333</dst>
            <dst id="HSTNng">8740.62933333333</dst>
            <dst id="IPLSng">23223.864</dst>
            <dst id="KSCYng">6051.17066666667</dst>
            <dst id="LOSAng">3112.85866666667</dst>
            <dst id="NYCMng">7582.65866666667</dst>
            <dst id="SNVAng">619.581333333333</dst>
            <dst id="STTLng">3655.576</dst>
            <dst id="WASHng">12720.0133333333</dst>
        </src>
        <src id="LOSAng">
            <dst id="ATLA-M5">614.154666666667</dst>
            <dst id="ATLAng">29621.6826666667</dst>
            <dst id="CHINng">163023.714666667</dst>
            <dst id="DNVRng">5634.296</dst>
            <dst id="HSTNng">22101.328</dst>
            <dst id="IPLSng">44934.5226666667</dst>
            <dst id="KSCYng">12109.5333333333</dst>
            <dst id="LOSAng">11487.0746666667</dst>
            <dst id="NYCMng">55175.1653333333</dst>
            <dst id="SNVAng">4713.80266666667</dst>
            <dst id="STTLng">27299.1386666667</dst>
            <dst id="WASHng">60804.2026666667</dst>
        </src>
        <src id="NYCMng">
            <dst id="ATLA-M5">2559.84533333333</dst>
            <dst id="ATLAng">47286.6933333333</dst>
            <dst id="CHINng">101208.730666667</dst>
            <dst id="DNVRng">19170.1226666667</dst>
            <dst id="HSTNng">39069.4373333333</dst>
            <dst id="IPLSng">87177.8693333333</dst>
            <dst id="KSCYng">24538.7093333333</dst>
            <dst id="LOSAng">58276.864</dst>
            <dst id="NYCMng">200373.906666667</dst>
            <dst id="SNVAng">9564.968</dst>
            <dst id="STTLng">21446.312</dst>
            <dst id="WASHng">113756.309333333</dst>
        </src>
        <src id="SNVAng">
            <dst id="ATLA-M5">53.3333333333333</dst>
            <dst id="ATLAng">1461.38666666667</dst>
            <dst id="CHINng">8254.89333333333</dst>
            <dst id="DNVRng">7936.10666666667</dst>
            <dst id="HSTNng">1557.30933333333</dst>
            <dst id="IPLSng">3023.84</dst>
            <dst id="KSCYng">897.125333333334</dst>
            <dst id="LOSAng">12611.4106666667</dst>
            <dst id="NYCMng">5641.38666666667</dst>
            <dst id="SNVAng">1349.08533333333</dst>
            <dst id="STTLng">1865.14666666667</dst>
            <dst id="WASHng">3275.20533333333</dst>
        </src>
        <src id="STTLng">
            <dst id="ATLA-M5">267.544</dst>
            <dst id="ATLAng">21470.2826666667</dst>
            <dst id="CHINng">88694.2746666667</dst>
            <dst id="DNVRng">6149.27733333333</dst>
            <dst id="HSTNng">3668.56266666667</dst>
            <dst id="IPLSng">18604.7173333333</dst>
            <dst id="KSCYng">5820.44266666667</dst>
            <dst id="LOSAng">22727.976</dst>
            <dst id="NYCMng">23752.1813333333</dst>
            <dst id="SNVAng">5845.28</dst>
            <dst id="STTLng">7618.32266666667</dst>
            <dst id="WASHng">16192.5226666667</dst>
        </src>
        <src id="WASHng">
            <dst id="ATLA-M5">689.533333333333</dst>
            <dst id="ATLAng">90700.4453333334</dst>
            <dst id="CHINng">99784.384</dst>
            <dst id="DNVRng">36126.9573333333</dst>
            <dst id="HSTNng">23667.0666666667</dst>
            <dst id="IPLSng">85788.488</dst>
            <dst id="KSCYng">19432.7946666667</dst>
            <dst id="LOSAng">56403.9253333333</dst>
            <dst id="NYCMng">153479.514666667</dst>
            <dst id="SNVAng">11206.2426666667</dst>
            <dst id="STTLng">27387.328</dst>
            <dst id="WASHng">376954.986666667</dst>
        </src>
    </IntraTM>
</TrafficMatrixFile>
