<?xml version="1.0" encoding="ISO-8859-1" standalone="yes"?>
<TrafficMatrixFile xsi:noNamespaceSchemaLocation="http://totem.run.montefiore.ulg.ac.be/Schema/TrafficMatrix-v1_2.xsd" xmlns:xsi="http://www.w3.org/2001/XMLSchema-instance">
    <IntraTM ASID="11537">
        <src id="ATLA-M5">
            <dst id="ATLA-M5">122.602666666667</dst>
            <dst id="ATLAng">563.682666666667</dst>
            <dst id="CHINng">1185.01866666667</dst>
            <dst id="DNVRng">1286.52266666667</dst>
            <dst id="HSTNng">244.016</dst>
            <dst id="IPLSng">2594.296</dst>
            <dst id="KSCYng">491.682666666667</dst>
            <dst id="LOSAng">709.194666666666</dst>
            <dst id="NYCMng">521.061333333333</dst>
            <dst id="SNVAng">286.576</dst>
            <dst id="STTLng">233.954666666667</dst>
            <dst id="WASHng">2437.77066666667</dst>
        </src>
        <src id="ATLAng">
            <dst id="ATLA-M5">2289.68</dst>
            <dst id="ATLAng">49025.2773333333</dst>
            <dst id="CHINng">27360.4533333333</dst>
            <dst id="DNVRng">8691.85866666667</dst>
            <dst id="HSTNng">6325.78933333333</dst>
            <dst id="IPLSng">28696.552</dst>
            <dst id="KSCYng">8491.47466666667</dst>
            <dst id="LOSAng">19497.6906666667</dst>
            <dst id="NYCMng">16804.4506666667</dst>
            <dst id="SNVAng">3463.69066666667</dst>
            <dst id="STTLng">10293.7626666667</dst>
            <dst id="WASHng">62734.672</dst>
        </src>
        <src id="CHINng">
            <dst id="ATLA-M5">1001.43466666667</dst>
            <dst id="ATLAng">21630.36</dst>
            <dst id="CHINng">38545.456</dst>
            <dst id="DNVRng">15111.4266666667</dst>
            <dst id="HSTNng">13010.84</dst>
            <dst id="IPLSng">29957.456</dst>
            <dst id="KSCYng">10585.6746666667</dst>
            <dst id="LOSAng">28834.432</dst>
            <dst id="NYCMng">7161.86666666667</dst>
            <dst id="SNVAng">3455.50666666667</dst>
            <dst id="STTLng">6961.13066666667</dst>
            <dst id="WASHng">18316.216</dst>
        </src>
        <src id="DNVRng">
            <dst id="ATLA-M5">276.296</dst>
            <dst id="ATLAng">6320.88533333333</dst>
            <dst id="CHINng">31893.6853333333</dst>
            <dst id="DNVRng">9688.792</dst>
            <dst id="HSTNng">7333.98933333333</dst>
            <dst id="IPLSng">10285.1893333333</dst>
            <dst id="KSCYng">12280.0773333333</dst>
            <dst id="LOSAng">24773.6453333333</dst>
            <dst id="NYCMng">13252.7093333333</dst>
            <dst id="SNVAng">11097.4533333333</dst>
            <dst id="STTLng">14565.448</dst>
            <dst id="WASHng">17637.528</dst>
        </src>
        <src id="HSTNng">
            <dst id="ATLA-M5">2520.016</dst>
            <dst id="ATLAng">5173.30933333333</dst>
            <dst id="CHINng">26449.072</dst>
            <dst id="DNVRng">5434.34133333333</dst>
            <dst id="HSTNng">6618.64</dst>
            <dst id="IPLSng">9720.816</dst>
            <dst id="KSCYng">4158.18666666667</dst>
            <dst id="LOSAng">7142.77066666667</dst>
            <dst id="NYCMng">6367.12266666667</dst>
            <dst id="SNVAng">3987.952</dst>
            <dst id="STTLng">4717.95733333333</dst>
            <dst id="WASHng">7187.83733333333</dst>
        </src>
        <src id="IPLSng">
            <dst id="ATLA-M5">643.349333333333</dst>
            <dst id="ATLAng">19516.952</dst>
            <dst id="CHINng">101768.976</dst>
            <dst id="DNVRng">7368.624</dst>
            <dst id="HSTNng">7004.87733333333</dst>
            <dst id="IPLSng">29533.7626666667</dst>
            <dst id="KSCYng">16124.6026666667</dst>
            <dst id="LOSAng">19740.9866666667</dst>
            <dst id="NYCMng">38086.8293333333</dst>
            <dst id="SNVAng">4377.93866666667</dst>
            <dst id="STTLng">9963.84</dst>
            <dst id="WASHng">32718.2853333333</dst>
        </src>
        <src id="KSCYng">
            <dst id="ATLA-M5">500.189333333333</dst>
            <dst id="ATLAng">8372.10933333333</dst>
            <dst id="CHINng">39649.176</dst>
            <dst id="DNVRng">10328.6346666667</dst>
            <dst id="HSTNng">5244.96533333333</dst>
            <dst id="IPLSng">16044.768</dst>
            <dst id="KSCYng">11328.8666666667</dst>
            <dst id="LOSAng">7362.248</dst>
            <dst id="NYCMng">10911.2373333333</dst>
            <dst id="SNVAng">1545.912</dst>
            <dst id="STTLng">2353.69866666667</dst>
            <dst id="WASHng">11892.9626666667</dst>
        </src>
        <src id="LOSAng">
            <dst id="ATLA-M5">627.973333333333</dst>
            <dst id="ATLAng">16155.5813333333</dst>
            <dst id="CHINng">107507.045333333</dst>
            <dst id="DNVRng">9328.73333333334</dst>
            <dst id="HSTNng">11519.5813333333</dst>
            <dst id="IPLSng">49049.52</dst>
            <dst id="KSCYng">13258.048</dst>
            <dst id="LOSAng">12667.968</dst>
            <dst id="NYCMng">57834.9626666667</dst>
            <dst id="SNVAng">3582.80533333333</dst>
            <dst id="STTLng">27962.3546666667</dst>
            <dst id="WASHng">60358.2026666667</dst>
        </src>
        <src id="NYCMng">
            <dst id="ATLA-M5">1705.89066666667</dst>
            <dst id="ATLAng">35167.6746666667</dst>
            <dst id="CHINng">84431.7386666667</dst>
            <dst id="DNVRng">17548.92</dst>
            <dst id="HSTNng">41209.0693333333</dst>
            <dst id="IPLSng">58774.5333333333</dst>
            <dst id="KSCYng">26708.5626666667</dst>
            <dst id="LOSAng">71715.6266666667</dst>
            <dst id="NYCMng">150640.936</dst>
            <dst id="SNVAng">7457.48533333333</dst>
            <dst id="STTLng">23982.4106666667</dst>
            <dst id="WASHng">78514.8906666667</dst>
        </src>
        <src id="SNVAng">
            <dst id="ATLA-M5">304.402666666667</dst>
            <dst id="ATLAng">892.370666666667</dst>
            <dst id="CHINng">5696.176</dst>
            <dst id="DNVRng">14635.3466666667</dst>
            <dst id="HSTNng">1701.22666666667</dst>
            <dst id="IPLSng">3314.22133333333</dst>
            <dst id="KSCYng">1679.43733333333</dst>
            <dst id="LOSAng">1925.76266666667</dst>
            <dst id="NYCMng">2839.144</dst>
            <dst id="SNVAng">530.549333333333</dst>
            <dst id="STTLng">5184.81333333333</dst>
            <dst id="WASHng">2998.096</dst>
        </src>
        <src id="STTLng">
            <dst id="ATLA-M5">878.917333333334</dst>
            <dst id="ATLAng">15157.8213333333</dst>
            <dst id="CHINng">38812.9093333333</dst>
            <dst id="DNVRng">5080.37066666666</dst>
            <dst id="HSTNng">4016.37333333333</dst>
            <dst id="IPLSng">11567.4373333333</dst>
            <dst id="KSCYng">4732.71466666667</dst>
            <dst id="LOSAng">23593.3413333333</dst>
            <dst id="NYCMng">17072.224</dst>
            <dst id="SNVAng">7613.77333333333</dst>
            <dst id="STTLng">4705.51466666667</dst>
            <dst id="WASHng">11493.928</dst>
        </src>
        <src id="WASHng">
            <dst id="ATLA-M5">1557.25866666667</dst>
            <dst id="ATLAng">123611.338666667</dst>
            <dst id="CHINng">85626.3253333333</dst>
            <dst id="DNVRng">32646.9173333333</dst>
            <dst id="HSTNng">17945.8</dst>
            <dst id="IPLSng">56747.416</dst>
            <dst id="KSCYng">36354.256</dst>
            <dst id="LOSAng">82621.7146666667</dst>
            <dst id="NYCMng">157469.634666667</dst>
            <dst id="SNVAng">4581</dst>
            <dst id="STTLng">29512.344</dst>
            <dst id="WASHng">233194.202666667</dst>
        </src>
    </IntraTM>
</TrafficMatrixFile>
