<?xml version="1.0" encoding="ISO-8859-1" standalone="yes"?>
<TrafficMatrixFile xsi:noNamespaceSchemaLocation="http://totem.run.montefiore.ulg.ac.be/Schema/TrafficMatrix-v1_2.xsd" xmlns:xsi="http://www.w3.org/2001/XMLSchema-instance">
    <IntraTM ASID="11537">
        <src id="ATLA-M5">
            <dst id="ATLA-M5">0</dst>
            <dst id="ATLAng">329.802666666667</dst>
            <dst id="CHINng">682.285333333333</dst>
            <dst id="DNVRng">563.837333333333</dst>
            <dst id="HSTNng">238.354666666667</dst>
            <dst id="IPLSng">454.568</dst>
            <dst id="KSCYng">257.037333333333</dst>
            <dst id="LOSAng">375.882666666667</dst>
            <dst id="NYCMng">684.765333333333</dst>
            <dst id="SNVAng">238.133333333333</dst>
            <dst id="STTLng">114.816</dst>
            <dst id="WASHng">1556.21066666667</dst>
        </src>
        <src id="ATLAng">
            <dst id="ATLA-M5">619.413333333333</dst>
            <dst id="ATLAng">34473.2346666667</dst>
            <dst id="CHINng">11484.8693333333</dst>
            <dst id="DNVRng">2727.73066666667</dst>
            <dst id="HSTNng">14387.7093333333</dst>
            <dst id="IPLSng">13590.7466666667</dst>
            <dst id="KSCYng">2907.53866666667</dst>
            <dst id="LOSAng">17130.0773333333</dst>
            <dst id="NYCMng">12845.8613333333</dst>
            <dst id="SNVAng">1845.74933333333</dst>
            <dst id="STTLng">9759.67733333333</dst>
            <dst id="WASHng">78647.712</dst>
        </src>
        <src id="CHINng">
            <dst id="ATLA-M5">60.528</dst>
            <dst id="ATLAng">9533.14666666667</dst>
            <dst id="CHINng">60159.7253333333</dst>
            <dst id="DNVRng">14636.3493333333</dst>
            <dst id="HSTNng">5771.02666666667</dst>
            <dst id="IPLSng">21950.3653333333</dst>
            <dst id="KSCYng">7693.464</dst>
            <dst id="LOSAng">16658.6373333333</dst>
            <dst id="NYCMng">5807.28266666667</dst>
            <dst id="SNVAng">2310.448</dst>
            <dst id="STTLng">9636.62666666667</dst>
            <dst id="WASHng">16377.2293333333</dst>
        </src>
        <src id="DNVRng">
            <dst id="ATLA-M5">158.698666666667</dst>
            <dst id="ATLAng">5317.56533333333</dst>
            <dst id="CHINng">39170.3226666667</dst>
            <dst id="DNVRng">5203.17866666667</dst>
            <dst id="HSTNng">2858.448</dst>
            <dst id="IPLSng">6093.57866666667</dst>
            <dst id="KSCYng">17860.216</dst>
            <dst id="LOSAng">6561.88</dst>
            <dst id="NYCMng">11512.728</dst>
            <dst id="SNVAng">12749.7146666667</dst>
            <dst id="STTLng">22557.2506666667</dst>
            <dst id="WASHng">12582.8746666667</dst>
        </src>
        <src id="HSTNng">
            <dst id="ATLA-M5">2366.19733333333</dst>
            <dst id="ATLAng">2075.408</dst>
            <dst id="CHINng">39093.672</dst>
            <dst id="DNVRng">2276.36</dst>
            <dst id="HSTNng">4494.57866666667</dst>
            <dst id="IPLSng">5602.96</dst>
            <dst id="KSCYng">8762.97066666667</dst>
            <dst id="LOSAng">12537.4613333333</dst>
            <dst id="NYCMng">8597.36266666667</dst>
            <dst id="SNVAng">899.461333333333</dst>
            <dst id="STTLng">6634.72266666667</dst>
            <dst id="WASHng">3590.80533333333</dst>
        </src>
        <src id="IPLSng">
            <dst id="ATLA-M5">5452.65066666667</dst>
            <dst id="ATLAng">8605.03466666667</dst>
            <dst id="CHINng">106812.402666667</dst>
            <dst id="DNVRng">9819.80533333334</dst>
            <dst id="HSTNng">5572.79466666667</dst>
            <dst id="IPLSng">23131.224</dst>
            <dst id="KSCYng">10957.28</dst>
            <dst id="LOSAng">21904.512</dst>
            <dst id="NYCMng">24169.6453333333</dst>
            <dst id="SNVAng">6477.81866666667</dst>
            <dst id="STTLng">9313.864</dst>
            <dst id="WASHng">40618.5973333333</dst>
        </src>
        <src id="KSCYng">
            <dst id="ATLA-M5">453.221333333333</dst>
            <dst id="ATLAng">2534.504</dst>
            <dst id="CHINng">36503.4533333333</dst>
            <dst id="DNVRng">3942.10133333333</dst>
            <dst id="HSTNng">4035.248</dst>
            <dst id="IPLSng">16837.7546666667</dst>
            <dst id="KSCYng">9062.53866666667</dst>
            <dst id="LOSAng">6185.70133333333</dst>
            <dst id="NYCMng">10683.5733333333</dst>
            <dst id="SNVAng">1277.792</dst>
            <dst id="STTLng">4799.22666666667</dst>
            <dst id="WASHng">10015.6906666667</dst>
        </src>
        <src id="LOSAng">
            <dst id="ATLA-M5">95.472</dst>
            <dst id="ATLAng">13475.5013333333</dst>
            <dst id="CHINng">136901.717333333</dst>
            <dst id="DNVRng">5899.68</dst>
            <dst id="HSTNng">8094.55466666667</dst>
            <dst id="IPLSng">35979.3146666667</dst>
            <dst id="KSCYng">12038.48</dst>
            <dst id="LOSAng">17007.3466666667</dst>
            <dst id="NYCMng">61259.528</dst>
            <dst id="SNVAng">8102.32533333333</dst>
            <dst id="STTLng">26448.5013333333</dst>
            <dst id="WASHng">50663.1013333333</dst>
        </src>
        <src id="NYCMng">
            <dst id="ATLA-M5">1029.344</dst>
            <dst id="ATLAng">34657.8773333333</dst>
            <dst id="CHINng">72017.3653333333</dst>
            <dst id="DNVRng">18117.1146666667</dst>
            <dst id="HSTNng">34549.488</dst>
            <dst id="IPLSng">45419.712</dst>
            <dst id="KSCYng">22006.2586666667</dst>
            <dst id="LOSAng">64381.5866666667</dst>
            <dst id="NYCMng">147365.973333333</dst>
            <dst id="SNVAng">8529.008</dst>
            <dst id="STTLng">26616.2453333333</dst>
            <dst id="WASHng">48389.1973333333</dst>
        </src>
        <src id="SNVAng">
            <dst id="ATLA-M5">149.253333333333</dst>
            <dst id="ATLAng">599.696</dst>
            <dst id="CHINng">6256.60266666667</dst>
            <dst id="DNVRng">4493.45866666667</dst>
            <dst id="HSTNng">837.978666666667</dst>
            <dst id="IPLSng">1347.20266666667</dst>
            <dst id="KSCYng">837.706666666666</dst>
            <dst id="LOSAng">6248.09333333333</dst>
            <dst id="NYCMng">1735.96</dst>
            <dst id="SNVAng">111.941333333333</dst>
            <dst id="STTLng">2800.51733333333</dst>
            <dst id="WASHng">2480.82666666667</dst>
        </src>
        <src id="STTLng">
            <dst id="ATLA-M5">137.08</dst>
            <dst id="ATLAng">14211.0186666667</dst>
            <dst id="CHINng">70245.9226666667</dst>
            <dst id="DNVRng">5220.87733333333</dst>
            <dst id="HSTNng">1269.536</dst>
            <dst id="IPLSng">4628.11466666667</dst>
            <dst id="KSCYng">3462.86933333333</dst>
            <dst id="LOSAng">25410.3066666667</dst>
            <dst id="NYCMng">21320.392</dst>
            <dst id="SNVAng">2532.79733333333</dst>
            <dst id="STTLng">5633.42133333333</dst>
            <dst id="WASHng">6501.592</dst>
        </src>
        <src id="WASHng">
            <dst id="ATLA-M5">1947.30666666667</dst>
            <dst id="ATLAng">99898.9973333333</dst>
            <dst id="CHINng">64983.0213333334</dst>
            <dst id="DNVRng">36891.032</dst>
            <dst id="HSTNng">15856.4293333333</dst>
            <dst id="IPLSng">46626.0053333333</dst>
            <dst id="KSCYng">11945.0293333333</dst>
            <dst id="LOSAng">52651.3626666667</dst>
            <dst id="NYCMng">125478.997333333</dst>
            <dst id="SNVAng">5672.07733333333</dst>
            <dst id="STTLng">33293.5653333333</dst>
            <dst id="WASHng">316544.88</dst>
        </src>
    </IntraTM>
</TrafficMatrixFile>
