<?xml version="1.0" encoding="ISO-8859-1" standalone="yes"?>
<TrafficMatrixFile xsi:noNamespaceSchemaLocation="http://totem.run.montefiore.ulg.ac.be/Schema/TrafficMatrix-v1_2.xsd" xmlns:xsi="http://www.w3.org/2001/XMLSchema-instance">
    <IntraTM ASID="11537">
        <src id="ATLA-M5">
            <dst id="ATLA-M5">174.389333333333</dst>
            <dst id="ATLAng">625.978666666667</dst>
            <dst id="CHINng">1688.32266666667</dst>
            <dst id="DNVRng">655.397333333333</dst>
            <dst id="HSTNng">303.957333333333</dst>
            <dst id="IPLSng">460.730666666667</dst>
            <dst id="KSCYng">238.584</dst>
            <dst id="LOSAng">678.450666666667</dst>
            <dst id="NYCMng">871.722666666667</dst>
            <dst id="SNVAng">138.64</dst>
            <dst id="STTLng">125.592</dst>
            <dst id="WASHng">974.541333333333</dst>
        </src>
        <src id="ATLAng">
            <dst id="ATLA-M5">284.76</dst>
            <dst id="ATLAng">42596.9733333333</dst>
            <dst id="CHINng">23201.2133333333</dst>
            <dst id="DNVRng">6966.96</dst>
            <dst id="HSTNng">3480.17066666667</dst>
            <dst id="IPLSng">22243.016</dst>
            <dst id="KSCYng">4370.70133333333</dst>
            <dst id="LOSAng">26586.6506666667</dst>
            <dst id="NYCMng">20234.4506666667</dst>
            <dst id="SNVAng">1114.33866666667</dst>
            <dst id="STTLng">9210.632</dst>
            <dst id="WASHng">59272.9973333333</dst>
        </src>
        <src id="CHINng">
            <dst id="ATLA-M5">4019.784</dst>
            <dst id="ATLAng">11199.136</dst>
            <dst id="CHINng">30542.2693333333</dst>
            <dst id="DNVRng">5179.776</dst>
            <dst id="HSTNng">9001.27733333333</dst>
            <dst id="IPLSng">28034.9546666667</dst>
            <dst id="KSCYng">7708.672</dst>
            <dst id="LOSAng">19730.7333333333</dst>
            <dst id="NYCMng">9391.61066666667</dst>
            <dst id="SNVAng">1874.05066666667</dst>
            <dst id="STTLng">6618.31466666667</dst>
            <dst id="WASHng">12251.0266666667</dst>
        </src>
        <src id="DNVRng">
            <dst id="ATLA-M5">270.234666666667</dst>
            <dst id="ATLAng">3579.19466666667</dst>
            <dst id="CHINng">42696.6533333333</dst>
            <dst id="DNVRng">3042.13066666667</dst>
            <dst id="HSTNng">4211.75466666667</dst>
            <dst id="IPLSng">19755.872</dst>
            <dst id="KSCYng">6514.44</dst>
            <dst id="LOSAng">17364.1013333333</dst>
            <dst id="NYCMng">21188.6906666667</dst>
            <dst id="SNVAng">15621.3653333333</dst>
            <dst id="STTLng">15139.7866666667</dst>
            <dst id="WASHng">11367.4666666667</dst>
        </src>
        <src id="HSTNng">
            <dst id="ATLA-M5">2786.912</dst>
            <dst id="ATLAng">5434.18933333333</dst>
            <dst id="CHINng">19041.712</dst>
            <dst id="DNVRng">1465.49066666667</dst>
            <dst id="HSTNng">6384.368</dst>
            <dst id="IPLSng">19882.7093333333</dst>
            <dst id="KSCYng">8063.528</dst>
            <dst id="LOSAng">178349.24</dst>
            <dst id="NYCMng">6084.712</dst>
            <dst id="SNVAng">933.029333333334</dst>
            <dst id="STTLng">2321.49066666667</dst>
            <dst id="WASHng">7887.14933333333</dst>
        </src>
        <src id="IPLSng">
            <dst id="ATLA-M5">2625.13066666667</dst>
            <dst id="ATLAng">17473.832</dst>
            <dst id="CHINng">95830.7306666667</dst>
            <dst id="DNVRng">14911.6853333333</dst>
            <dst id="HSTNng">9949.04533333333</dst>
            <dst id="IPLSng">23366.0346666667</dst>
            <dst id="KSCYng">10074.1946666667</dst>
            <dst id="LOSAng">51640.48</dst>
            <dst id="NYCMng">26762.7653333333</dst>
            <dst id="SNVAng">3695.35733333333</dst>
            <dst id="STTLng">12617.0613333333</dst>
            <dst id="WASHng">38557.392</dst>
        </src>
        <src id="KSCYng">
            <dst id="ATLA-M5">236.517333333333</dst>
            <dst id="ATLAng">4466.37066666667</dst>
            <dst id="CHINng">33383.424</dst>
            <dst id="DNVRng">7305.44533333333</dst>
            <dst id="HSTNng">5849.83733333333</dst>
            <dst id="IPLSng">16155.3146666667</dst>
            <dst id="KSCYng">4826.40266666667</dst>
            <dst id="LOSAng">7176.54933333333</dst>
            <dst id="NYCMng">13002.032</dst>
            <dst id="SNVAng">1895.832</dst>
            <dst id="STTLng">4313.34933333334</dst>
            <dst id="WASHng">18708.608</dst>
        </src>
        <src id="LOSAng">
            <dst id="ATLA-M5">185.114666666667</dst>
            <dst id="ATLAng">47156.392</dst>
            <dst id="CHINng">76797.512</dst>
            <dst id="DNVRng">10035.088</dst>
            <dst id="HSTNng">10765.832</dst>
            <dst id="IPLSng">44431.696</dst>
            <dst id="KSCYng">9324.72</dst>
            <dst id="LOSAng">11191.7253333333</dst>
            <dst id="NYCMng">55770.0266666667</dst>
            <dst id="SNVAng">5489.26666666667</dst>
            <dst id="STTLng">21083.856</dst>
            <dst id="WASHng">55228.688</dst>
        </src>
        <src id="NYCMng">
            <dst id="ATLA-M5">1474.09066666667</dst>
            <dst id="ATLAng">36544.4533333333</dst>
            <dst id="CHINng">58318.6746666667</dst>
            <dst id="DNVRng">21806.536</dst>
            <dst id="HSTNng">18418.6133333333</dst>
            <dst id="IPLSng">83093.784</dst>
            <dst id="KSCYng">23094.3306666667</dst>
            <dst id="LOSAng">63122.76</dst>
            <dst id="NYCMng">139263.005333333</dst>
            <dst id="SNVAng">5376.82133333333</dst>
            <dst id="STTLng">22425.2</dst>
            <dst id="WASHng">107077.538666667</dst>
        </src>
        <src id="SNVAng">
            <dst id="ATLA-M5">35.1253333333333</dst>
            <dst id="ATLAng">1057.78933333333</dst>
            <dst id="CHINng">4459.672</dst>
            <dst id="DNVRng">10486.3466666667</dst>
            <dst id="HSTNng">1023.64</dst>
            <dst id="IPLSng">4107.104</dst>
            <dst id="KSCYng">1588.832</dst>
            <dst id="LOSAng">3408.50933333333</dst>
            <dst id="NYCMng">2279.51466666667</dst>
            <dst id="SNVAng">435.549333333333</dst>
            <dst id="STTLng">2365.15733333333</dst>
            <dst id="WASHng">1940.248</dst>
        </src>
        <src id="STTLng">
            <dst id="ATLA-M5">65.6453333333333</dst>
            <dst id="ATLAng">17000.624</dst>
            <dst id="CHINng">19522.3226666667</dst>
            <dst id="DNVRng">3108.21066666667</dst>
            <dst id="HSTNng">4799.34933333333</dst>
            <dst id="IPLSng">6612.31466666667</dst>
            <dst id="KSCYng">2758.40533333333</dst>
            <dst id="LOSAng">21561.7173333333</dst>
            <dst id="NYCMng">20675.0986666667</dst>
            <dst id="SNVAng">5490.15733333333</dst>
            <dst id="STTLng">1659.34133333333</dst>
            <dst id="WASHng">8668.78666666667</dst>
        </src>
        <src id="WASHng">
            <dst id="ATLA-M5">249.248</dst>
            <dst id="ATLAng">90295.6186666667</dst>
            <dst id="CHINng">71765.2693333333</dst>
            <dst id="DNVRng">29972.6186666667</dst>
            <dst id="HSTNng">16762.904</dst>
            <dst id="IPLSng">48863.576</dst>
            <dst id="KSCYng">16915.5013333333</dst>
            <dst id="LOSAng">88384.9413333333</dst>
            <dst id="NYCMng">137212.954666667</dst>
            <dst id="SNVAng">4830.16533333333</dst>
            <dst id="STTLng">30320.592</dst>
            <dst id="WASHng">192037.189333333</dst>
        </src>
    </IntraTM>
</TrafficMatrixFile>
