<?xml version="1.0" encoding="ISO-8859-1" standalone="yes"?>
<TrafficMatrixFile xsi:noNamespaceSchemaLocation="http://totem.run.montefiore.ulg.ac.be/Schema/TrafficMatrix-v1_2.xsd" xmlns:xsi="http://www.w3.org/2001/XMLSchema-instance">
    <IntraTM ASID="11537">
        <src id="ATLA-M5">
            <dst id="ATLA-M5">99.3546666666667</dst>
            <dst id="ATLAng">440.189333333333</dst>
            <dst id="CHINng">2318.30666666667</dst>
            <dst id="DNVRng">882.290666666667</dst>
            <dst id="HSTNng">570.394666666667</dst>
            <dst id="IPLSng">3685.26666666667</dst>
            <dst id="KSCYng">517.352</dst>
            <dst id="LOSAng">974.397333333333</dst>
            <dst id="NYCMng">2241.26933333333</dst>
            <dst id="SNVAng">367.656</dst>
            <dst id="STTLng">184.426666666667</dst>
            <dst id="WASHng">2804.99466666667</dst>
        </src>
        <src id="ATLAng">
            <dst id="ATLA-M5">972.456</dst>
            <dst id="ATLAng">32728.968</dst>
            <dst id="CHINng">26903.7333333333</dst>
            <dst id="DNVRng">7505.416</dst>
            <dst id="HSTNng">10910.8186666667</dst>
            <dst id="IPLSng">30394.8933333333</dst>
            <dst id="KSCYng">9362.856</dst>
            <dst id="LOSAng">37737.5653333333</dst>
            <dst id="NYCMng">29871.2426666667</dst>
            <dst id="SNVAng">2807.74933333333</dst>
            <dst id="STTLng">9655.94133333333</dst>
            <dst id="WASHng">132023.109333333</dst>
        </src>
        <src id="CHINng">
            <dst id="ATLA-M5">3992.50666666667</dst>
            <dst id="ATLAng">11620.1493333333</dst>
            <dst id="CHINng">40107.7386666667</dst>
            <dst id="DNVRng">7622.16266666667</dst>
            <dst id="HSTNng">11838.5466666667</dst>
            <dst id="IPLSng">38826.152</dst>
            <dst id="KSCYng">10612.9413333333</dst>
            <dst id="LOSAng">41610.5706666667</dst>
            <dst id="NYCMng">5649.61066666666</dst>
            <dst id="SNVAng">9824.872</dst>
            <dst id="STTLng">10833.664</dst>
            <dst id="WASHng">22480.5866666667</dst>
        </src>
        <src id="DNVRng">
            <dst id="ATLA-M5">321.450666666667</dst>
            <dst id="ATLAng">8345.93066666667</dst>
            <dst id="CHINng">62222.704</dst>
            <dst id="DNVRng">14875.2133333333</dst>
            <dst id="HSTNng">16820.6986666667</dst>
            <dst id="IPLSng">39689.704</dst>
            <dst id="KSCYng">18753.72</dst>
            <dst id="LOSAng">11759.984</dst>
            <dst id="NYCMng">20535.9706666667</dst>
            <dst id="SNVAng">11029.64</dst>
            <dst id="STTLng">17933.32</dst>
            <dst id="WASHng">58372.1866666667</dst>
        </src>
        <src id="HSTNng">
            <dst id="ATLA-M5">3984.76266666667</dst>
            <dst id="ATLAng">4680.968</dst>
            <dst id="CHINng">19072.2373333333</dst>
            <dst id="DNVRng">2692.928</dst>
            <dst id="HSTNng">16497.768</dst>
            <dst id="IPLSng">12223.8</dst>
            <dst id="KSCYng">4569.50666666667</dst>
            <dst id="LOSAng">17207.552</dst>
            <dst id="NYCMng">6649.46666666667</dst>
            <dst id="SNVAng">2829.52266666667</dst>
            <dst id="STTLng">7442.88266666667</dst>
            <dst id="WASHng">6024.03733333333</dst>
        </src>
        <src id="IPLSng">
            <dst id="ATLA-M5">2079.86666666667</dst>
            <dst id="ATLAng">18585.0853333333</dst>
            <dst id="CHINng">105816.746666667</dst>
            <dst id="DNVRng">31257.4826666667</dst>
            <dst id="HSTNng">15620.7066666667</dst>
            <dst id="IPLSng">35909.6986666667</dst>
            <dst id="KSCYng">15771.728</dst>
            <dst id="LOSAng">31863.496</dst>
            <dst id="NYCMng">38102.84</dst>
            <dst id="SNVAng">7256.26133333333</dst>
            <dst id="STTLng">16508.0906666667</dst>
            <dst id="WASHng">51253.5466666667</dst>
        </src>
        <src id="KSCYng">
            <dst id="ATLA-M5">422.949333333333</dst>
            <dst id="ATLAng">14565.1706666667</dst>
            <dst id="CHINng">46389.0293333333</dst>
            <dst id="DNVRng">12553.8906666667</dst>
            <dst id="HSTNng">6037.54933333333</dst>
            <dst id="IPLSng">18230.4106666667</dst>
            <dst id="KSCYng">12508.072</dst>
            <dst id="LOSAng">7682.37866666667</dst>
            <dst id="NYCMng">11429.344</dst>
            <dst id="SNVAng">1488.83466666667</dst>
            <dst id="STTLng">5013.41866666667</dst>
            <dst id="WASHng">16958.1226666667</dst>
        </src>
        <src id="LOSAng">
            <dst id="ATLA-M5">1594.896</dst>
            <dst id="ATLAng">28578.1226666667</dst>
            <dst id="CHINng">135374.76</dst>
            <dst id="DNVRng">17791.648</dst>
            <dst id="HSTNng">12880.9653333333</dst>
            <dst id="IPLSng">44599.696</dst>
            <dst id="KSCYng">8907.15466666667</dst>
            <dst id="LOSAng">26607.9146666667</dst>
            <dst id="NYCMng">64082.9493333333</dst>
            <dst id="SNVAng">13165.1413333333</dst>
            <dst id="STTLng">43135.9493333333</dst>
            <dst id="WASHng">67025.0293333333</dst>
        </src>
        <src id="NYCMng">
            <dst id="ATLA-M5">3364.06666666667</dst>
            <dst id="ATLAng">57892.4453333333</dst>
            <dst id="CHINng">79084.3573333334</dst>
            <dst id="DNVRng">43179.7573333333</dst>
            <dst id="HSTNng">45844.8213333333</dst>
            <dst id="IPLSng">102917.269333333</dst>
            <dst id="KSCYng">27233.5306666667</dst>
            <dst id="LOSAng">110872.570666667</dst>
            <dst id="NYCMng">176691.272</dst>
            <dst id="SNVAng">13966.288</dst>
            <dst id="STTLng">40567.832</dst>
            <dst id="WASHng">127330.194666667</dst>
        </src>
        <src id="SNVAng">
            <dst id="ATLA-M5">1015.8</dst>
            <dst id="ATLAng">932.272</dst>
            <dst id="CHINng">10291.2666666667</dst>
            <dst id="DNVRng">3687.99733333333</dst>
            <dst id="HSTNng">848.210666666667</dst>
            <dst id="IPLSng">3154.704</dst>
            <dst id="KSCYng">1069.64533333333</dst>
            <dst id="LOSAng">47122.7813333333</dst>
            <dst id="NYCMng">2318.36533333333</dst>
            <dst id="SNVAng">22666.1706666667</dst>
            <dst id="STTLng">62148.832</dst>
            <dst id="WASHng">3323.05333333333</dst>
        </src>
        <src id="STTLng">
            <dst id="ATLA-M5">176.658666666667</dst>
            <dst id="ATLAng">10726.4106666667</dst>
            <dst id="CHINng">61715.9786666667</dst>
            <dst id="DNVRng">4252.28266666667</dst>
            <dst id="HSTNng">4105.77333333333</dst>
            <dst id="IPLSng">24082.736</dst>
            <dst id="KSCYng">4660.81333333333</dst>
            <dst id="LOSAng">33888.8533333333</dst>
            <dst id="NYCMng">25948.568</dst>
            <dst id="SNVAng">10780.5226666667</dst>
            <dst id="STTLng">12831.352</dst>
            <dst id="WASHng">18784.8746666667</dst>
        </src>
        <src id="WASHng">
            <dst id="ATLA-M5">2492.91466666667</dst>
            <dst id="ATLAng">106050.464</dst>
            <dst id="CHINng">104205.216</dst>
            <dst id="DNVRng">63533.2533333333</dst>
            <dst id="HSTNng">34016.4693333333</dst>
            <dst id="IPLSng">94689.704</dst>
            <dst id="KSCYng">25833.504</dst>
            <dst id="LOSAng">82396.0746666667</dst>
            <dst id="NYCMng">193581.629333333</dst>
            <dst id="SNVAng">11413.2586666667</dst>
            <dst id="STTLng">42688.0373333333</dst>
            <dst id="WASHng">241082.312</dst>
        </src>
    </IntraTM>
</TrafficMatrixFile>
