<?xml version="1.0" encoding="ISO-8859-1" standalone="yes"?>
<TrafficMatrixFile xsi:noNamespaceSchemaLocation="http://totem.run.montefiore.ulg.ac.be/Schema/TrafficMatrix-v1_2.xsd" xmlns:xsi="http://www.w3.org/2001/XMLSchema-instance">
    <IntraTM ASID="11537">
        <src id="ATLA-M5">
            <dst id="ATLA-M5">0</dst>
            <dst id="ATLAng">421.741333333333</dst>
            <dst id="CHINng">1394.072</dst>
            <dst id="DNVRng">319.165333333333</dst>
            <dst id="HSTNng">206.349333333333</dst>
            <dst id="IPLSng">374.714666666667</dst>
            <dst id="KSCYng">356.973333333333</dst>
            <dst id="LOSAng">133.333333333333</dst>
            <dst id="NYCMng">486.704</dst>
            <dst id="SNVAng">354.930666666667</dst>
            <dst id="STTLng">293.632</dst>
            <dst id="WASHng">2262.488</dst>
        </src>
        <src id="ATLAng">
            <dst id="ATLA-M5">687.733333333333</dst>
            <dst id="ATLAng">38313.04</dst>
            <dst id="CHINng">15312.96</dst>
            <dst id="DNVRng">7533.81333333333</dst>
            <dst id="HSTNng">3749.50133333333</dst>
            <dst id="IPLSng">17392.496</dst>
            <dst id="KSCYng">3307.60266666667</dst>
            <dst id="LOSAng">20348.736</dst>
            <dst id="NYCMng">11335.0826666667</dst>
            <dst id="SNVAng">2727.62133333333</dst>
            <dst id="STTLng">8552.39733333333</dst>
            <dst id="WASHng">64459.3866666667</dst>
        </src>
        <src id="CHINng">
            <dst id="ATLA-M5">465.645333333333</dst>
            <dst id="ATLAng">11664.9973333333</dst>
            <dst id="CHINng">48627.4773333333</dst>
            <dst id="DNVRng">16960.8213333333</dst>
            <dst id="HSTNng">4890.24</dst>
            <dst id="IPLSng">21466.4506666667</dst>
            <dst id="KSCYng">10812.7333333333</dst>
            <dst id="LOSAng">14632.1333333333</dst>
            <dst id="NYCMng">6439.06933333333</dst>
            <dst id="SNVAng">2625.82666666667</dst>
            <dst id="STTLng">7966.208</dst>
            <dst id="WASHng">6546.544</dst>
        </src>
        <src id="DNVRng">
            <dst id="ATLA-M5">91.8533333333333</dst>
            <dst id="ATLAng">6337.696</dst>
            <dst id="CHINng">45087.7573333333</dst>
            <dst id="DNVRng">6179.024</dst>
            <dst id="HSTNng">5724.28266666667</dst>
            <dst id="IPLSng">6754.61066666667</dst>
            <dst id="KSCYng">18586.36</dst>
            <dst id="LOSAng">20686.3173333333</dst>
            <dst id="NYCMng">8372.98933333333</dst>
            <dst id="SNVAng">14784.864</dst>
            <dst id="STTLng">18025.9386666667</dst>
            <dst id="WASHng">13090.088</dst>
        </src>
        <src id="HSTNng">
            <dst id="ATLA-M5">2430.56</dst>
            <dst id="ATLAng">2326.89866666667</dst>
            <dst id="CHINng">21385.232</dst>
            <dst id="DNVRng">2299.45066666667</dst>
            <dst id="HSTNng">4751.49333333333</dst>
            <dst id="IPLSng">7542.416</dst>
            <dst id="KSCYng">2680.05333333333</dst>
            <dst id="LOSAng">182810.301333333</dst>
            <dst id="NYCMng">4840.63466666667</dst>
            <dst id="SNVAng">2841.42133333333</dst>
            <dst id="STTLng">5633.69066666667</dst>
            <dst id="WASHng">5147.08</dst>
        </src>
        <src id="IPLSng">
            <dst id="ATLA-M5">511.789333333333</dst>
            <dst id="ATLAng">7604.65066666667</dst>
            <dst id="CHINng">92307.7706666667</dst>
            <dst id="DNVRng">16614.2853333333</dst>
            <dst id="HSTNng">7156.30666666667</dst>
            <dst id="IPLSng">23110.5706666667</dst>
            <dst id="KSCYng">11315.3573333333</dst>
            <dst id="LOSAng">15058.776</dst>
            <dst id="NYCMng">21615.8933333333</dst>
            <dst id="SNVAng">7354.96266666667</dst>
            <dst id="STTLng">10614.2693333333</dst>
            <dst id="WASHng">30967.648</dst>
        </src>
        <src id="KSCYng">
            <dst id="ATLA-M5">370.986666666667</dst>
            <dst id="ATLAng">3037.11733333333</dst>
            <dst id="CHINng">36101.1386666667</dst>
            <dst id="DNVRng">5908.88266666667</dst>
            <dst id="HSTNng">3282.112</dst>
            <dst id="IPLSng">12091.024</dst>
            <dst id="KSCYng">7675.34933333333</dst>
            <dst id="LOSAng">6893.4</dst>
            <dst id="NYCMng">10925</dst>
            <dst id="SNVAng">600.922666666667</dst>
            <dst id="STTLng">5145.44266666667</dst>
            <dst id="WASHng">11438.2933333333</dst>
        </src>
        <src id="LOSAng">
            <dst id="ATLA-M5">111.061333333333</dst>
            <dst id="ATLAng">25829.224</dst>
            <dst id="CHINng">123401.72</dst>
            <dst id="DNVRng">10685.9226666667</dst>
            <dst id="HSTNng">10499.1413333333</dst>
            <dst id="IPLSng">36237.0826666667</dst>
            <dst id="KSCYng">10516.0106666667</dst>
            <dst id="LOSAng">21002.3786666667</dst>
            <dst id="NYCMng">59031.5813333334</dst>
            <dst id="SNVAng">7188.91466666667</dst>
            <dst id="STTLng">27708.176</dst>
            <dst id="WASHng">52836.336</dst>
        </src>
        <src id="NYCMng">
            <dst id="ATLA-M5">1393.744</dst>
            <dst id="ATLAng">27545.4026666667</dst>
            <dst id="CHINng">66822.472</dst>
            <dst id="DNVRng">29056.224</dst>
            <dst id="HSTNng">34099.2053333333</dst>
            <dst id="IPLSng">48055.36</dst>
            <dst id="KSCYng">22498.24</dst>
            <dst id="LOSAng">74833.2426666667</dst>
            <dst id="NYCMng">158166.314666667</dst>
            <dst id="SNVAng">8910.296</dst>
            <dst id="STTLng">27232.2053333333</dst>
            <dst id="WASHng">62700.384</dst>
        </src>
        <src id="SNVAng">
            <dst id="ATLA-M5">26.6666666666667</dst>
            <dst id="ATLAng">784.04</dst>
            <dst id="CHINng">6637.592</dst>
            <dst id="DNVRng">9736.184</dst>
            <dst id="HSTNng">1290.42933333333</dst>
            <dst id="IPLSng">2831.02133333333</dst>
            <dst id="KSCYng">442.728</dst>
            <dst id="LOSAng">10774.072</dst>
            <dst id="NYCMng">2349.296</dst>
            <dst id="SNVAng">964.805333333333</dst>
            <dst id="STTLng">5121.528</dst>
            <dst id="WASHng">3052.47733333333</dst>
        </src>
        <src id="STTLng">
            <dst id="ATLA-M5">135.696</dst>
            <dst id="ATLAng">11626.1786666667</dst>
            <dst id="CHINng">63177.8586666667</dst>
            <dst id="DNVRng">5421.39466666667</dst>
            <dst id="HSTNng">2315.84533333333</dst>
            <dst id="IPLSng">5006.78933333333</dst>
            <dst id="KSCYng">3021.88266666667</dst>
            <dst id="LOSAng">21738.5173333333</dst>
            <dst id="NYCMng">19062.136</dst>
            <dst id="SNVAng">3733.41333333333</dst>
            <dst id="STTLng">5506.24266666667</dst>
            <dst id="WASHng">8908.91733333333</dst>
        </src>
        <src id="WASHng">
            <dst id="ATLA-M5">1093.456</dst>
            <dst id="ATLAng">93769.3733333333</dst>
            <dst id="CHINng">80726.1306666667</dst>
            <dst id="DNVRng">45826.3653333333</dst>
            <dst id="HSTNng">26465.8693333333</dst>
            <dst id="IPLSng">43384.592</dst>
            <dst id="KSCYng">16585.0293333333</dst>
            <dst id="LOSAng">65094.8426666667</dst>
            <dst id="NYCMng">134882.330666667</dst>
            <dst id="SNVAng">3620.512</dst>
            <dst id="STTLng">29387.136</dst>
            <dst id="WASHng">379550.933333333</dst>
        </src>
    </IntraTM>
</TrafficMatrixFile>
