<?xml version="1.0" encoding="ISO-8859-1" standalone="yes"?>
<TrafficMatrixFile xsi:noNamespaceSchemaLocation="http://totem.run.montefiore.ulg.ac.be/Schema/TrafficMatrix-v1_2.xsd" xmlns:xsi="http://www.w3.org/2001/XMLSchema-instance">
    <IntraTM ASID="11537">
        <src id="ATLA-M5">
            <dst id="ATLA-M5">0</dst>
            <dst id="ATLAng">194.381333333333</dst>
            <dst id="CHINng">523.856</dst>
            <dst id="DNVRng">53.3333333333333</dst>
            <dst id="HSTNng">120.938666666667</dst>
            <dst id="IPLSng">316.16</dst>
            <dst id="KSCYng">265.237333333333</dst>
            <dst id="LOSAng">667.309333333333</dst>
            <dst id="NYCMng">600.061333333333</dst>
            <dst id="SNVAng">597.536</dst>
            <dst id="STTLng">210.576</dst>
            <dst id="WASHng">3243.02133333333</dst>
        </src>
        <src id="ATLAng">
            <dst id="ATLA-M5">71.0773333333333</dst>
            <dst id="ATLAng">19536.4933333333</dst>
            <dst id="CHINng">15258.208</dst>
            <dst id="DNVRng">7500.06133333333</dst>
            <dst id="HSTNng">1267.52533333333</dst>
            <dst id="IPLSng">16664.3653333333</dst>
            <dst id="KSCYng">5093.112</dst>
            <dst id="LOSAng">12990.5413333333</dst>
            <dst id="NYCMng">11978.3013333333</dst>
            <dst id="SNVAng">807.829333333333</dst>
            <dst id="STTLng">5044.69333333333</dst>
            <dst id="WASHng">140771.293333333</dst>
        </src>
        <src id="CHINng">
            <dst id="ATLA-M5">89.5066666666667</dst>
            <dst id="ATLAng">13140.5146666667</dst>
            <dst id="CHINng">43208.2426666667</dst>
            <dst id="DNVRng">10294.744</dst>
            <dst id="HSTNng">4848.56266666667</dst>
            <dst id="IPLSng">11760.8586666667</dst>
            <dst id="KSCYng">5371.42933333333</dst>
            <dst id="LOSAng">26884.0133333333</dst>
            <dst id="NYCMng">5945.13333333333</dst>
            <dst id="SNVAng">3054.27733333333</dst>
            <dst id="STTLng">5135.94666666667</dst>
            <dst id="WASHng">8075.792</dst>
        </src>
        <src id="DNVRng">
            <dst id="ATLA-M5">190.784</dst>
            <dst id="ATLAng">13674.4906666667</dst>
            <dst id="CHINng">71439.24</dst>
            <dst id="DNVRng">24488.4533333333</dst>
            <dst id="HSTNng">11945.7466666667</dst>
            <dst id="IPLSng">25041.4506666667</dst>
            <dst id="KSCYng">25233.2373333333</dst>
            <dst id="LOSAng">7298.51466666667</dst>
            <dst id="NYCMng">20575.6213333333</dst>
            <dst id="SNVAng">13162.8346666667</dst>
            <dst id="STTLng">13987.9466666667</dst>
            <dst id="WASHng">59252.208</dst>
        </src>
        <src id="HSTNng">
            <dst id="ATLA-M5">3734.50666666667</dst>
            <dst id="ATLAng">4399.97866666667</dst>
            <dst id="CHINng">51838.3733333333</dst>
            <dst id="DNVRng">4976.30666666667</dst>
            <dst id="HSTNng">6268.83466666667</dst>
            <dst id="IPLSng">4188.336</dst>
            <dst id="KSCYng">1365.67733333333</dst>
            <dst id="LOSAng">189536.296</dst>
            <dst id="NYCMng">7554.45066666667</dst>
            <dst id="SNVAng">659.754666666667</dst>
            <dst id="STTLng">1637.57333333333</dst>
            <dst id="WASHng">12584.32</dst>
        </src>
        <src id="IPLSng">
            <dst id="ATLA-M5">575.954666666667</dst>
            <dst id="ATLAng">9005.50133333334</dst>
            <dst id="CHINng">117616.68</dst>
            <dst id="DNVRng">25187.8053333333</dst>
            <dst id="HSTNng">3387.37066666667</dst>
            <dst id="IPLSng">14074.7466666667</dst>
            <dst id="KSCYng">10772.6453333333</dst>
            <dst id="LOSAng">53060.6773333333</dst>
            <dst id="NYCMng">32389.8053333333</dst>
            <dst id="SNVAng">3512.04266666667</dst>
            <dst id="STTLng">9811.21866666666</dst>
            <dst id="WASHng">39641.9493333333</dst>
        </src>
        <src id="KSCYng">
            <dst id="ATLA-M5">1580.728</dst>
            <dst id="ATLAng">4453.76533333333</dst>
            <dst id="CHINng">48960.7706666667</dst>
            <dst id="DNVRng">8703.90133333334</dst>
            <dst id="HSTNng">2426.00533333333</dst>
            <dst id="IPLSng">7200.85333333333</dst>
            <dst id="KSCYng">7372.208</dst>
            <dst id="LOSAng">4356.968</dst>
            <dst id="NYCMng">8984.31466666667</dst>
            <dst id="SNVAng">1888.97066666667</dst>
            <dst id="STTLng">4618.68266666667</dst>
            <dst id="WASHng">10718.072</dst>
        </src>
        <src id="LOSAng">
            <dst id="ATLA-M5">2514.52533333333</dst>
            <dst id="ATLAng">18238.76</dst>
            <dst id="CHINng">148693.445333333</dst>
            <dst id="DNVRng">6527.99466666667</dst>
            <dst id="HSTNng">6509.656</dst>
            <dst id="IPLSng">38959.2826666667</dst>
            <dst id="KSCYng">8239.80533333333</dst>
            <dst id="LOSAng">18053.3386666667</dst>
            <dst id="NYCMng">55532.6133333333</dst>
            <dst id="SNVAng">13330.2826666667</dst>
            <dst id="STTLng">24556.4666666667</dst>
            <dst id="WASHng">67850.6293333333</dst>
        </src>
        <src id="NYCMng">
            <dst id="ATLA-M5">350.309333333333</dst>
            <dst id="ATLAng">29870.8453333333</dst>
            <dst id="CHINng">56636.1253333333</dst>
            <dst id="DNVRng">30819.6986666667</dst>
            <dst id="HSTNng">24728.6986666667</dst>
            <dst id="IPLSng">38018.2506666667</dst>
            <dst id="KSCYng">16934.6293333333</dst>
            <dst id="LOSAng">68012.984</dst>
            <dst id="NYCMng">148111.458666667</dst>
            <dst id="SNVAng">8858.504</dst>
            <dst id="STTLng">20169.64</dst>
            <dst id="WASHng">74619.32</dst>
        </src>
        <src id="SNVAng">
            <dst id="ATLA-M5">28.184</dst>
            <dst id="ATLAng">458.805333333333</dst>
            <dst id="CHINng">6010.10666666667</dst>
            <dst id="DNVRng">9510.69066666667</dst>
            <dst id="HSTNng">161.008</dst>
            <dst id="IPLSng">1089.448</dst>
            <dst id="KSCYng">675.986666666667</dst>
            <dst id="LOSAng">28928.5306666667</dst>
            <dst id="NYCMng">2063.488</dst>
            <dst id="SNVAng">14088.24</dst>
            <dst id="STTLng">67304.0773333333</dst>
            <dst id="WASHng">843.493333333333</dst>
        </src>
        <src id="STTLng">
            <dst id="ATLA-M5">143.64</dst>
            <dst id="ATLAng">9167.15466666667</dst>
            <dst id="CHINng">71011.528</dst>
            <dst id="DNVRng">6025.44266666667</dst>
            <dst id="HSTNng">1396.59733333333</dst>
            <dst id="IPLSng">7596.256</dst>
            <dst id="KSCYng">3146.49333333333</dst>
            <dst id="LOSAng">21412.1866666667</dst>
            <dst id="NYCMng">20249.184</dst>
            <dst id="SNVAng">5572.488</dst>
            <dst id="STTLng">12925.5466666667</dst>
            <dst id="WASHng">8767.096</dst>
        </src>
        <src id="WASHng">
            <dst id="ATLA-M5">147.306666666667</dst>
            <dst id="ATLAng">128239.298666667</dst>
            <dst id="CHINng">81264.504</dst>
            <dst id="DNVRng">69825.1866666667</dst>
            <dst id="HSTNng">39043.5013333333</dst>
            <dst id="IPLSng">50548.0186666667</dst>
            <dst id="KSCYng">8024.72</dst>
            <dst id="LOSAng">62199.4586666667</dst>
            <dst id="NYCMng">169945.445333333</dst>
            <dst id="SNVAng">16188.3786666667</dst>
            <dst id="STTLng">33966.576</dst>
            <dst id="WASHng">325945.386666667</dst>
        </src>
    </IntraTM>
</TrafficMatrixFile>
