<?xml version="1.0" encoding="ISO-8859-1" standalone="yes"?>
<TrafficMatrixFile xsi:noNamespaceSchemaLocation="http://totem.run.montefiore.ulg.ac.be/Schema/TrafficMatrix-v1_2.xsd" xmlns:xsi="http://www.w3.org/2001/XMLSchema-instance">
    <IntraTM ASID="11537">
        <src id="ATLA-M5">
            <dst id="ATLA-M5">230.098666666667</dst>
            <dst id="ATLAng">713.274666666667</dst>
            <dst id="CHINng">1505.83466666667</dst>
            <dst id="DNVRng">163.464</dst>
            <dst id="HSTNng">244.773333333333</dst>
            <dst id="IPLSng">2367.69066666667</dst>
            <dst id="KSCYng">404.090666666667</dst>
            <dst id="LOSAng">1081.808</dst>
            <dst id="NYCMng">11336.2</dst>
            <dst id="SNVAng">617.176</dst>
            <dst id="STTLng">112.224</dst>
            <dst id="WASHng">5553.65866666667</dst>
        </src>
        <src id="ATLAng">
            <dst id="ATLA-M5">646.018666666667</dst>
            <dst id="ATLAng">26424.7493333333</dst>
            <dst id="CHINng">26663.92</dst>
            <dst id="DNVRng">7320.51733333333</dst>
            <dst id="HSTNng">5034.51733333333</dst>
            <dst id="IPLSng">26109.6933333333</dst>
            <dst id="KSCYng">20725.7706666667</dst>
            <dst id="LOSAng">12171.948</dst>
            <dst id="NYCMng">19654.1626666667</dst>
            <dst id="SNVAng">2762.11066666667</dst>
            <dst id="STTLng">4800.328</dst>
            <dst id="WASHng">89949.848</dst>
        </src>
        <src id="CHINng">
            <dst id="ATLA-M5">1151.42133333333</dst>
            <dst id="ATLAng">17687.7626666667</dst>
            <dst id="CHINng">60584.1226666667</dst>
            <dst id="DNVRng">22029.7013333333</dst>
            <dst id="HSTNng">8158.82933333333</dst>
            <dst id="IPLSng">24114.8186666667</dst>
            <dst id="KSCYng">7974.01866666667</dst>
            <dst id="LOSAng">22370.216</dst>
            <dst id="NYCMng">14897.6853333333</dst>
            <dst id="SNVAng">1871.37333333333</dst>
            <dst id="STTLng">7809.82933333333</dst>
            <dst id="WASHng">29477.9333333333</dst>
        </src>
        <src id="DNVRng">
            <dst id="ATLA-M5">191.898666666667</dst>
            <dst id="ATLAng">8284.87733333333</dst>
            <dst id="CHINng">80456.9866666667</dst>
            <dst id="DNVRng">31958.3333333333</dst>
            <dst id="HSTNng">10921.0853333333</dst>
            <dst id="IPLSng">29567.8453333333</dst>
            <dst id="KSCYng">26359.92</dst>
            <dst id="LOSAng">14234.3653333333</dst>
            <dst id="NYCMng">19902.8106666667</dst>
            <dst id="SNVAng">28368.568</dst>
            <dst id="STTLng">15302.6906666667</dst>
            <dst id="WASHng">45767.7386666667</dst>
        </src>
        <src id="HSTNng">
            <dst id="ATLA-M5">688.072</dst>
            <dst id="ATLAng">5429.10933333333</dst>
            <dst id="CHINng">28135.768</dst>
            <dst id="DNVRng">8392.97066666667</dst>
            <dst id="HSTNng">13564.472</dst>
            <dst id="IPLSng">10931.5493333333</dst>
            <dst id="KSCYng">4542.61866666667</dst>
            <dst id="LOSAng">13076.2026666667</dst>
            <dst id="NYCMng">13370.8533333333</dst>
            <dst id="SNVAng">2563.55466666667</dst>
            <dst id="STTLng">2504.20266666667</dst>
            <dst id="WASHng">12594.5093333333</dst>
        </src>
        <src id="IPLSng">
            <dst id="ATLA-M5">1221.744</dst>
            <dst id="ATLAng">24261.864</dst>
            <dst id="CHINng">136355.16</dst>
            <dst id="DNVRng">37865.4613333333</dst>
            <dst id="HSTNng">18542.6906666667</dst>
            <dst id="IPLSng">41504.8293333333</dst>
            <dst id="KSCYng">25273.2986666667</dst>
            <dst id="LOSAng">93491.2293333334</dst>
            <dst id="NYCMng">46403.3893333333</dst>
            <dst id="SNVAng">4674.15466666667</dst>
            <dst id="STTLng">7832.11733333333</dst>
            <dst id="WASHng">58592.728</dst>
        </src>
        <src id="KSCYng">
            <dst id="ATLA-M5">99.6346666666667</dst>
            <dst id="ATLAng">21525.2933333333</dst>
            <dst id="CHINng">49430.232</dst>
            <dst id="DNVRng">19382.7813333333</dst>
            <dst id="HSTNng">5990.96</dst>
            <dst id="IPLSng">16465.968</dst>
            <dst id="KSCYng">8561.86666666667</dst>
            <dst id="LOSAng">4639.368</dst>
            <dst id="NYCMng">12169.5493333333</dst>
            <dst id="SNVAng">1465.776</dst>
            <dst id="STTLng">2791.904</dst>
            <dst id="WASHng">12854.168</dst>
        </src>
        <src id="LOSAng">
            <dst id="ATLA-M5">942.384</dst>
            <dst id="ATLAng">28373.864</dst>
            <dst id="CHINng">155621.253333333</dst>
            <dst id="DNVRng">6361.48</dst>
            <dst id="HSTNng">11930.488</dst>
            <dst id="IPLSng">40801.1173333333</dst>
            <dst id="KSCYng">11128.584</dst>
            <dst id="LOSAng">7531.56266666667</dst>
            <dst id="NYCMng">57214.5386666667</dst>
            <dst id="SNVAng">38521.144</dst>
            <dst id="STTLng">32067.24</dst>
            <dst id="WASHng">66656.9253333333</dst>
        </src>
        <src id="NYCMng">
            <dst id="ATLA-M5">8538.11733333333</dst>
            <dst id="ATLAng">55560.6613333333</dst>
            <dst id="CHINng">107989.733333333</dst>
            <dst id="DNVRng">35007.512</dst>
            <dst id="HSTNng">53560.0586666667</dst>
            <dst id="IPLSng">123924.357333333</dst>
            <dst id="KSCYng">25632.1573333333</dst>
            <dst id="LOSAng">54771.1466666667</dst>
            <dst id="NYCMng">227246.648</dst>
            <dst id="SNVAng">10124.296</dst>
            <dst id="STTLng">29697.3813333333</dst>
            <dst id="WASHng">125894.458666667</dst>
        </src>
        <src id="SNVAng">
            <dst id="ATLA-M5">328.450666666667</dst>
            <dst id="ATLAng">1483.48</dst>
            <dst id="CHINng">9550.57866666667</dst>
            <dst id="DNVRng">8747.06133333333</dst>
            <dst id="HSTNng">2264.33333333333</dst>
            <dst id="IPLSng">3667.73333333333</dst>
            <dst id="KSCYng">740.530666666667</dst>
            <dst id="LOSAng">28826.04</dst>
            <dst id="NYCMng">2336.55466666667</dst>
            <dst id="SNVAng">24519.1706666667</dst>
            <dst id="STTLng">38387.2266666667</dst>
            <dst id="WASHng">2459.22933333333</dst>
        </src>
        <src id="STTLng">
            <dst id="ATLA-M5">309.005333333333</dst>
            <dst id="ATLAng">17307.4053333333</dst>
            <dst id="CHINng">82784.0133333334</dst>
            <dst id="DNVRng">12412.6693333333</dst>
            <dst id="HSTNng">4675.28533333333</dst>
            <dst id="IPLSng">16421.2</dst>
            <dst id="KSCYng">6649.17866666667</dst>
            <dst id="LOSAng">25022.616</dst>
            <dst id="NYCMng">29835.1653333333</dst>
            <dst id="SNVAng">12169.5866666667</dst>
            <dst id="STTLng">7085.00266666667</dst>
            <dst id="WASHng">20733.5573333333</dst>
        </src>
        <src id="WASHng">
            <dst id="ATLA-M5">3707.87466666667</dst>
            <dst id="ATLAng">130314.538666667</dst>
            <dst id="CHINng">110410.941333333</dst>
            <dst id="DNVRng">90855.32</dst>
            <dst id="HSTNng">34260.8533333333</dst>
            <dst id="IPLSng">99907.0346666667</dst>
            <dst id="KSCYng">30034.9226666667</dst>
            <dst id="LOSAng">55967.4666666667</dst>
            <dst id="NYCMng">222554.082666667</dst>
            <dst id="SNVAng">8450.656</dst>
            <dst id="STTLng">26935.896</dst>
            <dst id="WASHng">357392.186666667</dst>
        </src>
    </IntraTM>
</TrafficMatrixFile>
