<?xml version="1.0" encoding="ISO-8859-1" standalone="yes"?>
<TrafficMatrixFile xsi:noNamespaceSchemaLocation="http://totem.run.montefiore.ulg.ac.be/Schema/TrafficMatrix-v1_2.xsd" xmlns:xsi="http://www.w3.org/2001/XMLSchema-instance">
    <IntraTM ASID="11537">
        <src id="ATLA-M5">
            <dst id="ATLA-M5">70.376</dst>
            <dst id="ATLAng">143.741333333333</dst>
            <dst id="CHINng">1231.11466666667</dst>
            <dst id="DNVRng">26.6666666666667</dst>
            <dst id="HSTNng">53.3333333333333</dst>
            <dst id="IPLSng">454.746666666667</dst>
            <dst id="KSCYng">268.344</dst>
            <dst id="LOSAng">880.674666666667</dst>
            <dst id="NYCMng">181.226666666667</dst>
            <dst id="SNVAng">669.36</dst>
            <dst id="STTLng">263.922666666667</dst>
            <dst id="WASHng">3055.26666666667</dst>
        </src>
        <src id="ATLAng">
            <dst id="ATLA-M5">173.290666666667</dst>
            <dst id="ATLAng">28203.736</dst>
            <dst id="CHINng">16881.6826666667</dst>
            <dst id="DNVRng">4310.20533333333</dst>
            <dst id="HSTNng">21664.9813333333</dst>
            <dst id="IPLSng">16975.6666666667</dst>
            <dst id="KSCYng">3142.30666666667</dst>
            <dst id="LOSAng">16279.496</dst>
            <dst id="NYCMng">9312.78933333334</dst>
            <dst id="SNVAng">635.090666666667</dst>
            <dst id="STTLng">5353.848</dst>
            <dst id="WASHng">141439.597333333</dst>
        </src>
        <src id="CHINng">
            <dst id="ATLA-M5">129.592</dst>
            <dst id="ATLAng">10585.536</dst>
            <dst id="CHINng">44059.4293333334</dst>
            <dst id="DNVRng">5918.02133333333</dst>
            <dst id="HSTNng">4160.85866666667</dst>
            <dst id="IPLSng">11135.1866666667</dst>
            <dst id="KSCYng">6125.05066666667</dst>
            <dst id="LOSAng">24434.7946666667</dst>
            <dst id="NYCMng">3387.61333333333</dst>
            <dst id="SNVAng">1968.28533333333</dst>
            <dst id="STTLng">6979.728</dst>
            <dst id="WASHng">13943.6826666667</dst>
        </src>
        <src id="DNVRng">
            <dst id="ATLA-M5">53.3333333333333</dst>
            <dst id="ATLAng">9350.39733333333</dst>
            <dst id="CHINng">75283.9146666667</dst>
            <dst id="DNVRng">3711.94666666667</dst>
            <dst id="HSTNng">12933.664</dst>
            <dst id="IPLSng">24287.8293333333</dst>
            <dst id="KSCYng">7966.10133333333</dst>
            <dst id="LOSAng">7018.02666666667</dst>
            <dst id="NYCMng">19030.3626666667</dst>
            <dst id="SNVAng">7214.24266666667</dst>
            <dst id="STTLng">6065.38133333333</dst>
            <dst id="WASHng">39633.5253333333</dst>
        </src>
        <src id="HSTNng">
            <dst id="ATLA-M5">1118.35733333333</dst>
            <dst id="ATLAng">4420.25866666667</dst>
            <dst id="CHINng">40664.8853333333</dst>
            <dst id="DNVRng">2890.25066666667</dst>
            <dst id="HSTNng">3286.25333333333</dst>
            <dst id="IPLSng">3920.50933333333</dst>
            <dst id="KSCYng">1484.536</dst>
            <dst id="LOSAng">102496.317333333</dst>
            <dst id="NYCMng">6415.94666666667</dst>
            <dst id="SNVAng">1099.70666666667</dst>
            <dst id="STTLng">1652.70666666667</dst>
            <dst id="WASHng">3209.41866666667</dst>
        </src>
        <src id="IPLSng">
            <dst id="ATLA-M5">291.130666666667</dst>
            <dst id="ATLAng">15193.2533333333</dst>
            <dst id="CHINng">117265.090666667</dst>
            <dst id="DNVRng">29467.232</dst>
            <dst id="HSTNng">3047.23733333333</dst>
            <dst id="IPLSng">41088.4853333333</dst>
            <dst id="KSCYng">10968.656</dst>
            <dst id="LOSAng">80587.5733333333</dst>
            <dst id="NYCMng">33147.8666666667</dst>
            <dst id="SNVAng">6996.096</dst>
            <dst id="STTLng">11484.7226666667</dst>
            <dst id="WASHng">45991.56</dst>
        </src>
        <src id="KSCYng">
            <dst id="ATLA-M5">88.2293333333333</dst>
            <dst id="ATLAng">3840.44533333333</dst>
            <dst id="CHINng">45609.608</dst>
            <dst id="DNVRng">9141.01066666667</dst>
            <dst id="HSTNng">2973.61866666667</dst>
            <dst id="IPLSng">7121.992</dst>
            <dst id="KSCYng">6186.44533333333</dst>
            <dst id="LOSAng">4480.42666666667</dst>
            <dst id="NYCMng">7017.304</dst>
            <dst id="SNVAng">2269.64</dst>
            <dst id="STTLng">6293.41866666667</dst>
            <dst id="WASHng">8229.15733333333</dst>
        </src>
        <src id="LOSAng">
            <dst id="ATLA-M5">428.744</dst>
            <dst id="ATLAng">14144.104</dst>
            <dst id="CHINng">148946.869333333</dst>
            <dst id="DNVRng">8626.43733333333</dst>
            <dst id="HSTNng">5302.312</dst>
            <dst id="IPLSng">33276.8186666667</dst>
            <dst id="KSCYng">4563.50133333333</dst>
            <dst id="LOSAng">16359.6933333333</dst>
            <dst id="NYCMng">53647.5546666667</dst>
            <dst id="SNVAng">10625.792</dst>
            <dst id="STTLng">23161.3946666667</dst>
            <dst id="WASHng">52482.816</dst>
        </src>
        <src id="NYCMng">
            <dst id="ATLA-M5">462.893333333333</dst>
            <dst id="ATLAng">28358.816</dst>
            <dst id="CHINng">62355.408</dst>
            <dst id="DNVRng">22526.296</dst>
            <dst id="HSTNng">21348.5413333333</dst>
            <dst id="IPLSng">62368.6746666667</dst>
            <dst id="KSCYng">12411.4453333333</dst>
            <dst id="LOSAng">62155.1306666667</dst>
            <dst id="NYCMng">159614.272</dst>
            <dst id="SNVAng">8351.736</dst>
            <dst id="STTLng">19440.768</dst>
            <dst id="WASHng">63818.952</dst>
        </src>
        <src id="SNVAng">
            <dst id="ATLA-M5">324.717333333333</dst>
            <dst id="ATLAng">382.146666666667</dst>
            <dst id="CHINng">4746.352</dst>
            <dst id="DNVRng">3311.176</dst>
            <dst id="HSTNng">153.592</dst>
            <dst id="IPLSng">1518.02133333333</dst>
            <dst id="KSCYng">778.301333333333</dst>
            <dst id="LOSAng">34172.208</dst>
            <dst id="NYCMng">1572.91733333333</dst>
            <dst id="SNVAng">13985.4933333333</dst>
            <dst id="STTLng">51182.1973333333</dst>
            <dst id="WASHng">1150.54133333333</dst>
        </src>
        <src id="STTLng">
            <dst id="ATLA-M5">30.928</dst>
            <dst id="ATLAng">10772.8666666667</dst>
            <dst id="CHINng">75367.8773333333</dst>
            <dst id="DNVRng">4235.55466666667</dst>
            <dst id="HSTNng">2087.688</dst>
            <dst id="IPLSng">5957.408</dst>
            <dst id="KSCYng">3288.312</dst>
            <dst id="LOSAng">22222.4346666667</dst>
            <dst id="NYCMng">23482.9813333333</dst>
            <dst id="SNVAng">2614.43466666667</dst>
            <dst id="STTLng">19573.6693333333</dst>
            <dst id="WASHng">8727.544</dst>
        </src>
        <src id="WASHng">
            <dst id="ATLA-M5">62.5733333333333</dst>
            <dst id="ATLAng">109000.448</dst>
            <dst id="CHINng">62100.9066666667</dst>
            <dst id="DNVRng">52705.4693333333</dst>
            <dst id="HSTNng">19307.736</dst>
            <dst id="IPLSng">48367.9813333333</dst>
            <dst id="KSCYng">6539.664</dst>
            <dst id="LOSAng">60932.8346666667</dst>
            <dst id="NYCMng">185427.272</dst>
            <dst id="SNVAng">17094.5333333333</dst>
            <dst id="STTLng">32949.464</dst>
            <dst id="WASHng">338102.213333333</dst>
        </src>
    </IntraTM>
</TrafficMatrixFile>
