<?xml version="1.0" encoding="ISO-8859-1" standalone="yes"?>
<TrafficMatrixFile xsi:noNamespaceSchemaLocation="http://totem.run.montefiore.ulg.ac.be/Schema/TrafficMatrix-v1_2.xsd" xmlns:xsi="http://www.w3.org/2001/XMLSchema-instance">
    <IntraTM ASID="11537">
        <src id="ATLA-M5">
            <dst id="ATLA-M5">350.997333333333</dst>
            <dst id="ATLAng">793.165333333333</dst>
            <dst id="CHINng">4523.04</dst>
            <dst id="DNVRng">2143.20266666667</dst>
            <dst id="HSTNng">341.517333333333</dst>
            <dst id="IPLSng">1669.70133333333</dst>
            <dst id="KSCYng">1034.16533333333</dst>
            <dst id="LOSAng">646.450666666667</dst>
            <dst id="NYCMng">659.106666666667</dst>
            <dst id="SNVAng">255.562666666667</dst>
            <dst id="STTLng">200.904</dst>
            <dst id="WASHng">1914.12533333333</dst>
        </src>
        <src id="ATLAng">
            <dst id="ATLA-M5">4070.02933333333</dst>
            <dst id="ATLAng">30137.888</dst>
            <dst id="CHINng">36427.376</dst>
            <dst id="DNVRng">29687.216</dst>
            <dst id="HSTNng">15128.2026666667</dst>
            <dst id="IPLSng">32467.7946666667</dst>
            <dst id="KSCYng">8309.50933333333</dst>
            <dst id="LOSAng">24605.8373333333</dst>
            <dst id="NYCMng">24265.72</dst>
            <dst id="SNVAng">2673.23466666667</dst>
            <dst id="STTLng">8747.02666666667</dst>
            <dst id="WASHng">82009.8053333334</dst>
        </src>
        <src id="CHINng">
            <dst id="ATLA-M5">4592.416</dst>
            <dst id="ATLAng">16295.6773333333</dst>
            <dst id="CHINng">68267.328</dst>
            <dst id="DNVRng">22245.2746666667</dst>
            <dst id="HSTNng">21180.0106666667</dst>
            <dst id="IPLSng">32985.4533333333</dst>
            <dst id="KSCYng">6872.10933333333</dst>
            <dst id="LOSAng">31660.3013333333</dst>
            <dst id="NYCMng">11032.104</dst>
            <dst id="SNVAng">2434.96</dst>
            <dst id="STTLng">15133.2933333333</dst>
            <dst id="WASHng">22743.1466666667</dst>
        </src>
        <src id="DNVRng">
            <dst id="ATLA-M5">1156.61333333333</dst>
            <dst id="ATLAng">9086.04</dst>
            <dst id="CHINng">59198.7573333333</dst>
            <dst id="DNVRng">32451.9253333333</dst>
            <dst id="HSTNng">20612.1946666667</dst>
            <dst id="IPLSng">36513.568</dst>
            <dst id="KSCYng">25368.5573333333</dst>
            <dst id="LOSAng">20643.9653333333</dst>
            <dst id="NYCMng">26631.9333333333</dst>
            <dst id="SNVAng">24381.2533333333</dst>
            <dst id="STTLng">21519.376</dst>
            <dst id="WASHng">67052.4666666667</dst>
        </src>
        <src id="HSTNng">
            <dst id="ATLA-M5">1363.99733333333</dst>
            <dst id="ATLAng">6376.60266666667</dst>
            <dst id="CHINng">31748.0453333333</dst>
            <dst id="DNVRng">6786.93333333333</dst>
            <dst id="HSTNng">13556.9626666667</dst>
            <dst id="IPLSng">14818.696</dst>
            <dst id="KSCYng">8278.88</dst>
            <dst id="LOSAng">20744.9546666667</dst>
            <dst id="NYCMng">10129.2613333333</dst>
            <dst id="SNVAng">3196.51466666667</dst>
            <dst id="STTLng">3395.86933333333</dst>
            <dst id="WASHng">9672.53866666667</dst>
        </src>
        <src id="IPLSng">
            <dst id="ATLA-M5">2226.14666666667</dst>
            <dst id="ATLAng">63537.6133333333</dst>
            <dst id="CHINng">147824.6</dst>
            <dst id="DNVRng">41054.968</dst>
            <dst id="HSTNng">12934.9786666667</dst>
            <dst id="IPLSng">60149.5413333333</dst>
            <dst id="KSCYng">21918.864</dst>
            <dst id="LOSAng">49169.0453333333</dst>
            <dst id="NYCMng">42689.6293333333</dst>
            <dst id="SNVAng">5956.67466666667</dst>
            <dst id="STTLng">19667.0506666667</dst>
            <dst id="WASHng">62110.5306666667</dst>
        </src>
        <src id="KSCYng">
            <dst id="ATLA-M5">510.693333333333</dst>
            <dst id="ATLAng">4977.85066666667</dst>
            <dst id="CHINng">32601.0586666667</dst>
            <dst id="DNVRng">16302.272</dst>
            <dst id="HSTNng">6880.99466666667</dst>
            <dst id="IPLSng">20018.8213333333</dst>
            <dst id="KSCYng">21714.9626666667</dst>
            <dst id="LOSAng">13051.3573333333</dst>
            <dst id="NYCMng">11388.6186666667</dst>
            <dst id="SNVAng">3403.58133333333</dst>
            <dst id="STTLng">6432.128</dst>
            <dst id="WASHng">22405.3866666667</dst>
        </src>
        <src id="LOSAng">
            <dst id="ATLA-M5">1434.304</dst>
            <dst id="ATLAng">44572.5786666667</dst>
            <dst id="CHINng">137853.485333333</dst>
            <dst id="DNVRng">23405.2986666667</dst>
            <dst id="HSTNng">16618.9706666667</dst>
            <dst id="IPLSng">52782.2506666667</dst>
            <dst id="KSCYng">30018.6746666667</dst>
            <dst id="LOSAng">8750.112</dst>
            <dst id="NYCMng">64270.416</dst>
            <dst id="SNVAng">17519.128</dst>
            <dst id="STTLng">35444.616</dst>
            <dst id="WASHng">76632.4346666667</dst>
        </src>
        <src id="NYCMng">
            <dst id="ATLA-M5">4418.89333333333</dst>
            <dst id="ATLAng">86396.3626666667</dst>
            <dst id="CHINng">70417.5413333333</dst>
            <dst id="DNVRng">63928.6213333333</dst>
            <dst id="HSTNng">47642.3173333333</dst>
            <dst id="IPLSng">86782.5413333333</dst>
            <dst id="KSCYng">29710.448</dst>
            <dst id="LOSAng">92085.312</dst>
            <dst id="NYCMng">144215.994666667</dst>
            <dst id="SNVAng">17955.4506666667</dst>
            <dst id="STTLng">44131.224</dst>
            <dst id="WASHng">151650.192</dst>
        </src>
        <src id="SNVAng">
            <dst id="ATLA-M5">1216.264</dst>
            <dst id="ATLAng">2102.176</dst>
            <dst id="CHINng">5846.36266666667</dst>
            <dst id="DNVRng">6770.73866666667</dst>
            <dst id="HSTNng">1786.408</dst>
            <dst id="IPLSng">2500.168</dst>
            <dst id="KSCYng">1328.71466666667</dst>
            <dst id="LOSAng">39183.632</dst>
            <dst id="NYCMng">4827.65066666667</dst>
            <dst id="SNVAng">21308.208</dst>
            <dst id="STTLng">73952.056</dst>
            <dst id="WASHng">2990.46666666667</dst>
        </src>
        <src id="STTLng">
            <dst id="ATLA-M5">296.061333333333</dst>
            <dst id="ATLAng">14172.1386666667</dst>
            <dst id="CHINng">66678.3893333333</dst>
            <dst id="DNVRng">13480.9413333333</dst>
            <dst id="HSTNng">8952.76533333333</dst>
            <dst id="IPLSng">38624.0666666667</dst>
            <dst id="KSCYng">8048.984</dst>
            <dst id="LOSAng">40195.5786666667</dst>
            <dst id="NYCMng">28021.3786666667</dst>
            <dst id="SNVAng">11685.5413333333</dst>
            <dst id="STTLng">27302.4613333333</dst>
            <dst id="WASHng">21041.5546666667</dst>
        </src>
        <src id="WASHng">
            <dst id="ATLA-M5">4162.72</dst>
            <dst id="ATLAng">160199.12</dst>
            <dst id="CHINng">90337.4426666667</dst>
            <dst id="DNVRng">82993.432</dst>
            <dst id="HSTNng">25216.6986666667</dst>
            <dst id="IPLSng">109073.282666667</dst>
            <dst id="KSCYng">39013.4426666667</dst>
            <dst id="LOSAng">94572.1573333333</dst>
            <dst id="NYCMng">212059.664</dst>
            <dst id="SNVAng">14818.696</dst>
            <dst id="STTLng">37170.016</dst>
            <dst id="WASHng">317358.853333333</dst>
        </src>
    </IntraTM>
</TrafficMatrixFile>
