<?xml version="1.0" encoding="ISO-8859-1" standalone="yes"?>
<TrafficMatrixFile xsi:noNamespaceSchemaLocation="http://totem.run.montefiore.ulg.ac.be/Schema/TrafficMatrix-v1_2.xsd" xmlns:xsi="http://www.w3.org/2001/XMLSchema-instance">
    <IntraTM ASID="11537">
        <src id="ATLA-M5">
            <dst id="ATLA-M5">26.6666666666667</dst>
            <dst id="ATLAng">736.333333333333</dst>
            <dst id="CHINng">1019.32</dst>
            <dst id="DNVRng">80</dst>
            <dst id="HSTNng">110.226666666667</dst>
            <dst id="IPLSng">1237.52</dst>
            <dst id="KSCYng">272.626666666667</dst>
            <dst id="LOSAng">374.821333333333</dst>
            <dst id="NYCMng">641.469333333333</dst>
            <dst id="SNVAng">51.1066666666667</dst>
            <dst id="STTLng">365.250666666667</dst>
            <dst id="WASHng">3344.01066666667</dst>
        </src>
        <src id="ATLAng">
            <dst id="ATLA-M5">257.296</dst>
            <dst id="ATLAng">27577.3573333333</dst>
            <dst id="CHINng">20217.104</dst>
            <dst id="DNVRng">6385.29866666667</dst>
            <dst id="HSTNng">8075.576</dst>
            <dst id="IPLSng">22705.1093333333</dst>
            <dst id="KSCYng">3705.53866666667</dst>
            <dst id="LOSAng">10085.9813333333</dst>
            <dst id="NYCMng">24084.8426666667</dst>
            <dst id="SNVAng">949.346666666667</dst>
            <dst id="STTLng">3885.19733333333</dst>
            <dst id="WASHng">88236.8373333333</dst>
        </src>
        <src id="CHINng">
            <dst id="ATLA-M5">118.325333333333</dst>
            <dst id="ATLAng">21956.5493333333</dst>
            <dst id="CHINng">46875.552</dst>
            <dst id="DNVRng">5764.46133333334</dst>
            <dst id="HSTNng">8634.89866666667</dst>
            <dst id="IPLSng">18734.808</dst>
            <dst id="KSCYng">6703.632</dst>
            <dst id="LOSAng">29983.376</dst>
            <dst id="NYCMng">6555.73333333334</dst>
            <dst id="SNVAng">2132.84</dst>
            <dst id="STTLng">3831.15466666667</dst>
            <dst id="WASHng">7679.91733333333</dst>
        </src>
        <src id="DNVRng">
            <dst id="ATLA-M5">185.221333333333</dst>
            <dst id="ATLAng">10347.472</dst>
            <dst id="CHINng">78448.328</dst>
            <dst id="DNVRng">20866.904</dst>
            <dst id="HSTNng">12419.7333333333</dst>
            <dst id="IPLSng">28319.8933333333</dst>
            <dst id="KSCYng">17657.0586666667</dst>
            <dst id="LOSAng">8374.87733333333</dst>
            <dst id="NYCMng">24606.776</dst>
            <dst id="SNVAng">9781.32266666667</dst>
            <dst id="STTLng">12730.64</dst>
            <dst id="WASHng">66747.9173333333</dst>
        </src>
        <src id="HSTNng">
            <dst id="ATLA-M5">2813.55733333333</dst>
            <dst id="ATLAng">4361.416</dst>
            <dst id="CHINng">57291.1786666667</dst>
            <dst id="DNVRng">1611.41866666667</dst>
            <dst id="HSTNng">5127.39733333333</dst>
            <dst id="IPLSng">7636.456</dst>
            <dst id="KSCYng">1517.056</dst>
            <dst id="LOSAng">4166.36533333333</dst>
            <dst id="NYCMng">5845.904</dst>
            <dst id="SNVAng">2654.312</dst>
            <dst id="STTLng">2285.256</dst>
            <dst id="WASHng">5325.208</dst>
        </src>
        <src id="IPLSng">
            <dst id="ATLA-M5">164.893333333333</dst>
            <dst id="ATLAng">21313.184</dst>
            <dst id="CHINng">127144.104</dst>
            <dst id="DNVRng">16074.016</dst>
            <dst id="HSTNng">5528.84266666667</dst>
            <dst id="IPLSng">25124.936</dst>
            <dst id="KSCYng">16841.616</dst>
            <dst id="LOSAng">83173.7813333333</dst>
            <dst id="NYCMng">30076.0533333333</dst>
            <dst id="SNVAng">3163.88533333333</dst>
            <dst id="STTLng">13823.1253333333</dst>
            <dst id="WASHng">66037.416</dst>
        </src>
        <src id="KSCYng">
            <dst id="ATLA-M5">1905.416</dst>
            <dst id="ATLAng">4881.728</dst>
            <dst id="CHINng">54103.24</dst>
            <dst id="DNVRng">7401.14133333333</dst>
            <dst id="HSTNng">12419.88</dst>
            <dst id="IPLSng">21696.952</dst>
            <dst id="KSCYng">15459.0453333333</dst>
            <dst id="LOSAng">4931.02933333333</dst>
            <dst id="NYCMng">6817.47466666667</dst>
            <dst id="SNVAng">2184.22666666667</dst>
            <dst id="STTLng">3133.61333333333</dst>
            <dst id="WASHng">11867.4906666667</dst>
        </src>
        <src id="LOSAng">
            <dst id="ATLA-M5">617.994666666667</dst>
            <dst id="ATLAng">17545.5173333333</dst>
            <dst id="CHINng">156722.437333333</dst>
            <dst id="DNVRng">13792.8213333333</dst>
            <dst id="HSTNng">4474.2</dst>
            <dst id="IPLSng">41987.0773333333</dst>
            <dst id="KSCYng">13722.1013333333</dst>
            <dst id="LOSAng">13647.272</dst>
            <dst id="NYCMng">61894.5413333333</dst>
            <dst id="SNVAng">13091.104</dst>
            <dst id="STTLng">24001.736</dst>
            <dst id="WASHng">64932.8853333333</dst>
        </src>
        <src id="NYCMng">
            <dst id="ATLA-M5">335.864</dst>
            <dst id="ATLAng">54430.168</dst>
            <dst id="CHINng">67121.3413333333</dst>
            <dst id="DNVRng">24622.1146666667</dst>
            <dst id="HSTNng">15359.8106666667</dst>
            <dst id="IPLSng">59641.2773333333</dst>
            <dst id="KSCYng">18531.6266666667</dst>
            <dst id="LOSAng">57622.8826666667</dst>
            <dst id="NYCMng">172506.757333333</dst>
            <dst id="SNVAng">9211.28</dst>
            <dst id="STTLng">25231.76</dst>
            <dst id="WASHng">79388.4213333333</dst>
        </src>
        <src id="SNVAng">
            <dst id="ATLA-M5">26.6666666666667</dst>
            <dst id="ATLAng">349.661333333333</dst>
            <dst id="CHINng">5997.448</dst>
            <dst id="DNVRng">4697.75466666667</dst>
            <dst id="HSTNng">493.568</dst>
            <dst id="IPLSng">1511.184</dst>
            <dst id="KSCYng">850.298666666667</dst>
            <dst id="LOSAng">30736.6586666667</dst>
            <dst id="NYCMng">2274.93333333333</dst>
            <dst id="SNVAng">12889.8213333333</dst>
            <dst id="STTLng">59084.528</dst>
            <dst id="WASHng">958.373333333333</dst>
        </src>
        <src id="STTLng">
            <dst id="ATLA-M5">231.890666666667</dst>
            <dst id="ATLAng">12848.1546666667</dst>
            <dst id="CHINng">73427.5013333333</dst>
            <dst id="DNVRng">2395</dst>
            <dst id="HSTNng">4058.488</dst>
            <dst id="IPLSng">14104.8746666667</dst>
            <dst id="KSCYng">5306.77866666667</dst>
            <dst id="LOSAng">20247.9386666667</dst>
            <dst id="NYCMng">32418.856</dst>
            <dst id="SNVAng">7220.05333333333</dst>
            <dst id="STTLng">11439.2133333333</dst>
            <dst id="WASHng">17767.0906666667</dst>
        </src>
        <src id="WASHng">
            <dst id="ATLA-M5">154.392</dst>
            <dst id="ATLAng">97368.1413333333</dst>
            <dst id="CHINng">78419.0746666667</dst>
            <dst id="DNVRng">53785.2133333333</dst>
            <dst id="HSTNng">20832.7466666667</dst>
            <dst id="IPLSng">53446.976</dst>
            <dst id="KSCYng">27848.144</dst>
            <dst id="LOSAng">66202.768</dst>
            <dst id="NYCMng">169033.744</dst>
            <dst id="SNVAng">2511.90666666667</dst>
            <dst id="STTLng">33380.208</dst>
            <dst id="WASHng">394159.146666667</dst>
        </src>
    </IntraTM>
</TrafficMatrixFile>
