<?xml version="1.0" encoding="ISO-8859-1" standalone="yes"?>
<TrafficMatrixFile xsi:noNamespaceSchemaLocation="http://totem.run.montefiore.ulg.ac.be/Schema/TrafficMatrix-v1_2.xsd" xmlns:xsi="http://www.w3.org/2001/XMLSchema-instance">
    <IntraTM ASID="11537">
        <src id="ATLA-M5">
            <dst id="ATLA-M5">38.176</dst>
            <dst id="ATLAng">852.832</dst>
            <dst id="CHINng">2521.20266666667</dst>
            <dst id="DNVRng">768.445333333333</dst>
            <dst id="HSTNng">782.336</dst>
            <dst id="IPLSng">1264.25066666667</dst>
            <dst id="KSCYng">974.554666666667</dst>
            <dst id="LOSAng">1688.016</dst>
            <dst id="NYCMng">1835.46933333333</dst>
            <dst id="SNVAng">232.986666666667</dst>
            <dst id="STTLng">146.032</dst>
            <dst id="WASHng">1649.304</dst>
        </src>
        <src id="ATLAng">
            <dst id="ATLA-M5">1857.95466666667</dst>
            <dst id="ATLAng">39385.9466666667</dst>
            <dst id="CHINng">37361.392</dst>
            <dst id="DNVRng">19222.4533333333</dst>
            <dst id="HSTNng">8543.392</dst>
            <dst id="IPLSng">43435.6986666667</dst>
            <dst id="KSCYng">20679.752</dst>
            <dst id="LOSAng">26109.4253333333</dst>
            <dst id="NYCMng">24622.704</dst>
            <dst id="SNVAng">3218.44133333333</dst>
            <dst id="STTLng">8609.25866666666</dst>
            <dst id="WASHng">90644.1253333333</dst>
        </src>
        <src id="CHINng">
            <dst id="ATLA-M5">4558.82133333333</dst>
            <dst id="ATLAng">27992.9946666667</dst>
            <dst id="CHINng">48534.976</dst>
            <dst id="DNVRng">22883.3386666667</dst>
            <dst id="HSTNng">23563.7546666667</dst>
            <dst id="IPLSng">29162.4986666667</dst>
            <dst id="KSCYng">25045.0026666667</dst>
            <dst id="LOSAng">36160.968</dst>
            <dst id="NYCMng">13538.3973333333</dst>
            <dst id="SNVAng">3015.89066666667</dst>
            <dst id="STTLng">14782.1093333333</dst>
            <dst id="WASHng">20371.5253333333</dst>
        </src>
        <src id="DNVRng">
            <dst id="ATLA-M5">600.536</dst>
            <dst id="ATLAng">13796.328</dst>
            <dst id="CHINng">59821.8133333333</dst>
            <dst id="DNVRng">17535.792</dst>
            <dst id="HSTNng">16996.2613333333</dst>
            <dst id="IPLSng">45557.64</dst>
            <dst id="KSCYng">32377.0693333333</dst>
            <dst id="LOSAng">18912.7146666667</dst>
            <dst id="NYCMng">27093.4533333333</dst>
            <dst id="SNVAng">19410.4053333333</dst>
            <dst id="STTLng">29419.2186666667</dst>
            <dst id="WASHng">50223.2693333333</dst>
        </src>
        <src id="HSTNng">
            <dst id="ATLA-M5">2618.28533333333</dst>
            <dst id="ATLAng">7850.888</dst>
            <dst id="CHINng">20763.3226666667</dst>
            <dst id="DNVRng">8556.59466666667</dst>
            <dst id="HSTNng">13174.1466666667</dst>
            <dst id="IPLSng">13151.0533333333</dst>
            <dst id="KSCYng">4818.024</dst>
            <dst id="LOSAng">9319.53866666667</dst>
            <dst id="NYCMng">9250.48</dst>
            <dst id="SNVAng">3360.112</dst>
            <dst id="STTLng">3714.03466666667</dst>
            <dst id="WASHng">12959.3226666667</dst>
        </src>
        <src id="IPLSng">
            <dst id="ATLA-M5">2140.44</dst>
            <dst id="ATLAng">29580.9786666667</dst>
            <dst id="CHINng">120220.946666667</dst>
            <dst id="DNVRng">41163.464</dst>
            <dst id="HSTNng">13465.192</dst>
            <dst id="IPLSng">36404.68</dst>
            <dst id="KSCYng">35017.3306666667</dst>
            <dst id="LOSAng">27219.5386666667</dst>
            <dst id="NYCMng">50080.16</dst>
            <dst id="SNVAng">6187.37333333333</dst>
            <dst id="STTLng">18452.9466666667</dst>
            <dst id="WASHng">53447.96</dst>
        </src>
        <src id="KSCYng">
            <dst id="ATLA-M5">2719.72266666667</dst>
            <dst id="ATLAng">17793.56</dst>
            <dst id="CHINng">45510.8026666667</dst>
            <dst id="DNVRng">18091.2933333333</dst>
            <dst id="HSTNng">9840.01066666667</dst>
            <dst id="IPLSng">22042.496</dst>
            <dst id="KSCYng">13358.9813333333</dst>
            <dst id="LOSAng">10866.9973333333</dst>
            <dst id="NYCMng">19547.8213333333</dst>
            <dst id="SNVAng">1544.24533333333</dst>
            <dst id="STTLng">5501.072</dst>
            <dst id="WASHng">22732.656</dst>
        </src>
        <src id="LOSAng">
            <dst id="ATLA-M5">1589.29066666667</dst>
            <dst id="ATLAng">42169.2346666667</dst>
            <dst id="CHINng">354152.32</dst>
            <dst id="DNVRng">23796.7413333333</dst>
            <dst id="HSTNng">13170.8773333333</dst>
            <dst id="IPLSng">50418.1226666667</dst>
            <dst id="KSCYng">11490.8906666667</dst>
            <dst id="LOSAng">9397.328</dst>
            <dst id="NYCMng">72006.9786666666</dst>
            <dst id="SNVAng">10364.1733333333</dst>
            <dst id="STTLng">30307.4453333333</dst>
            <dst id="WASHng">75363.112</dst>
        </src>
        <src id="NYCMng">
            <dst id="ATLA-M5">4343.64266666667</dst>
            <dst id="ATLAng">73806.68</dst>
            <dst id="CHINng">93941.9786666667</dst>
            <dst id="DNVRng">62117.0933333333</dst>
            <dst id="HSTNng">47489.3813333333</dst>
            <dst id="IPLSng">101051.549333333</dst>
            <dst id="KSCYng">31358.1973333333</dst>
            <dst id="LOSAng">92911.3093333334</dst>
            <dst id="NYCMng">177718.866666667</dst>
            <dst id="SNVAng">12412.1973333333</dst>
            <dst id="STTLng">33841.208</dst>
            <dst id="WASHng">134699.952</dst>
        </src>
        <src id="SNVAng">
            <dst id="ATLA-M5">404.210666666667</dst>
            <dst id="ATLAng">2172.80266666667</dst>
            <dst id="CHINng">6014.68533333333</dst>
            <dst id="DNVRng">5425.608</dst>
            <dst id="HSTNng">1196.432</dst>
            <dst id="IPLSng">4982.40266666667</dst>
            <dst id="KSCYng">1200.16</dst>
            <dst id="LOSAng">41881.816</dst>
            <dst id="NYCMng">12441.824</dst>
            <dst id="SNVAng">19219.0266666667</dst>
            <dst id="STTLng">83516.16</dst>
            <dst id="WASHng">2104.34933333333</dst>
        </src>
        <src id="STTLng">
            <dst id="ATLA-M5">286.797333333333</dst>
            <dst id="ATLAng">15668.32</dst>
            <dst id="CHINng">68971.448</dst>
            <dst id="DNVRng">16821.792</dst>
            <dst id="HSTNng">5293.58666666667</dst>
            <dst id="IPLSng">23779.8133333333</dst>
            <dst id="KSCYng">8596.50133333333</dst>
            <dst id="LOSAng">30772.7893333333</dst>
            <dst id="NYCMng">28805.008</dst>
            <dst id="SNVAng">13556.24</dst>
            <dst id="STTLng">14871.8293333333</dst>
            <dst id="WASHng">20892.1893333333</dst>
        </src>
        <src id="WASHng">
            <dst id="ATLA-M5">4019.672</dst>
            <dst id="ATLAng">163639.573333333</dst>
            <dst id="CHINng">84563.9173333333</dst>
            <dst id="DNVRng">76221.16</dst>
            <dst id="HSTNng">42785.616</dst>
            <dst id="IPLSng">95802.1253333334</dst>
            <dst id="KSCYng">49564.0906666667</dst>
            <dst id="LOSAng">87623.624</dst>
            <dst id="NYCMng">182381.36</dst>
            <dst id="SNVAng">15776.1146666667</dst>
            <dst id="STTLng">39600.2773333333</dst>
            <dst id="WASHng">252904.296</dst>
        </src>
    </IntraTM>
</TrafficMatrixFile>
