<?xml version="1.0" encoding="ISO-8859-1" standalone="yes"?>
<TrafficMatrixFile xsi:noNamespaceSchemaLocation="http://totem.run.montefiore.ulg.ac.be/Schema/TrafficMatrix-v1_2.xsd" xmlns:xsi="http://www.w3.org/2001/XMLSchema-instance">
    <IntraTM ASID="11537">
        <src id="ATLA-M5">
            <dst id="ATLA-M5">56.52</dst>
            <dst id="ATLAng">924.885333333333</dst>
            <dst id="CHINng">4103.82933333333</dst>
            <dst id="DNVRng">200.997333333333</dst>
            <dst id="HSTNng">350.496</dst>
            <dst id="IPLSng">2123.03733333333</dst>
            <dst id="KSCYng">366.165333333333</dst>
            <dst id="LOSAng">416.730666666667</dst>
            <dst id="NYCMng">1130.40266666667</dst>
            <dst id="SNVAng">218.552</dst>
            <dst id="STTLng">594.114666666667</dst>
            <dst id="WASHng">2633.584</dst>
        </src>
        <src id="ATLAng">
            <dst id="ATLA-M5">601.424</dst>
            <dst id="ATLAng">24968.8186666667</dst>
            <dst id="CHINng">31973.6826666667</dst>
            <dst id="DNVRng">7868.664</dst>
            <dst id="HSTNng">9830.10933333333</dst>
            <dst id="IPLSng">37218.9493333333</dst>
            <dst id="KSCYng">7989.74133333333</dst>
            <dst id="LOSAng">21184.7493333333</dst>
            <dst id="NYCMng">21006.7546666667</dst>
            <dst id="SNVAng">1003.928</dst>
            <dst id="STTLng">10750.1413333333</dst>
            <dst id="WASHng">58991.568</dst>
        </src>
        <src id="CHINng">
            <dst id="ATLA-M5">4548.184</dst>
            <dst id="ATLAng">15755.8693333333</dst>
            <dst id="CHINng">38372.144</dst>
            <dst id="DNVRng">14352.016</dst>
            <dst id="HSTNng">11056.3093333333</dst>
            <dst id="IPLSng">51353.3413333333</dst>
            <dst id="KSCYng">12986.9173333333</dst>
            <dst id="LOSAng">33830.8773333333</dst>
            <dst id="NYCMng">6126.208</dst>
            <dst id="SNVAng">2998.624</dst>
            <dst id="STTLng">7352.12</dst>
            <dst id="WASHng">11494.28</dst>
        </src>
        <src id="DNVRng">
            <dst id="ATLA-M5">178.912</dst>
            <dst id="ATLAng">9000.21066666667</dst>
            <dst id="CHINng">65354.4666666667</dst>
            <dst id="DNVRng">16473.08</dst>
            <dst id="HSTNng">14500.7973333333</dst>
            <dst id="IPLSng">34585.0106666667</dst>
            <dst id="KSCYng">40921.0133333333</dst>
            <dst id="LOSAng">10497.8613333333</dst>
            <dst id="NYCMng">32702.12</dst>
            <dst id="SNVAng">9364.31733333333</dst>
            <dst id="STTLng">14745.52</dst>
            <dst id="WASHng">53557.184</dst>
        </src>
        <src id="HSTNng">
            <dst id="ATLA-M5">3582.768</dst>
            <dst id="ATLAng">6240.99733333333</dst>
            <dst id="CHINng">29408.1626666667</dst>
            <dst id="DNVRng">4827.44</dst>
            <dst id="HSTNng">8428.25333333333</dst>
            <dst id="IPLSng">9390.2</dst>
            <dst id="KSCYng">3217.29333333333</dst>
            <dst id="LOSAng">98090.3066666666</dst>
            <dst id="NYCMng">6915.21333333333</dst>
            <dst id="SNVAng">2419.49866666667</dst>
            <dst id="STTLng">4203.10133333333</dst>
            <dst id="WASHng">10856.2693333333</dst>
        </src>
        <src id="IPLSng">
            <dst id="ATLA-M5">1722.66666666667</dst>
            <dst id="ATLAng">17412.672</dst>
            <dst id="CHINng">76104.0346666667</dst>
            <dst id="DNVRng">29818.32</dst>
            <dst id="HSTNng">8288.46933333333</dst>
            <dst id="IPLSng">26725.3306666667</dst>
            <dst id="KSCYng">12413.744</dst>
            <dst id="LOSAng">68579.936</dst>
            <dst id="NYCMng">59324.4053333333</dst>
            <dst id="SNVAng">4083.08533333333</dst>
            <dst id="STTLng">12284.904</dst>
            <dst id="WASHng">48831.4986666667</dst>
        </src>
        <src id="KSCYng">
            <dst id="ATLA-M5">632.472</dst>
            <dst id="ATLAng">4261.05333333333</dst>
            <dst id="CHINng">29491.0293333333</dst>
            <dst id="DNVRng">17607.0826666667</dst>
            <dst id="HSTNng">4435.09333333333</dst>
            <dst id="IPLSng">12443.488</dst>
            <dst id="KSCYng">9984.15733333333</dst>
            <dst id="LOSAng">7803.384</dst>
            <dst id="NYCMng">11454.1066666667</dst>
            <dst id="SNVAng">1910.86133333333</dst>
            <dst id="STTLng">5061.43733333333</dst>
            <dst id="WASHng">18520.304</dst>
        </src>
        <src id="LOSAng">
            <dst id="ATLA-M5">1664.704</dst>
            <dst id="ATLAng">26570.7893333333</dst>
            <dst id="CHINng">107177.336</dst>
            <dst id="DNVRng">18667.7786666667</dst>
            <dst id="HSTNng">21448.4426666667</dst>
            <dst id="IPLSng">52177.4213333333</dst>
            <dst id="KSCYng">13091.9813333333</dst>
            <dst id="LOSAng">20499.9226666667</dst>
            <dst id="NYCMng">61774.4026666667</dst>
            <dst id="SNVAng">11164.2186666667</dst>
            <dst id="STTLng">33452.2453333333</dst>
            <dst id="WASHng">70765.5093333333</dst>
        </src>
        <src id="NYCMng">
            <dst id="ATLA-M5">2083.66933333333</dst>
            <dst id="ATLAng">56258.1626666667</dst>
            <dst id="CHINng">69565.8453333333</dst>
            <dst id="DNVRng">36320.3013333333</dst>
            <dst id="HSTNng">40040.144</dst>
            <dst id="IPLSng">86525.0666666667</dst>
            <dst id="KSCYng">32501.1146666667</dst>
            <dst id="LOSAng">103503.117333333</dst>
            <dst id="NYCMng">146336.613333333</dst>
            <dst id="SNVAng">9763.92533333333</dst>
            <dst id="STTLng">50602.5946666667</dst>
            <dst id="WASHng">111704.069333333</dst>
        </src>
        <src id="SNVAng">
            <dst id="ATLA-M5">89.784</dst>
            <dst id="ATLAng">1153.37066666667</dst>
            <dst id="CHINng">4343.93866666667</dst>
            <dst id="DNVRng">10851.776</dst>
            <dst id="HSTNng">1699.91733333333</dst>
            <dst id="IPLSng">6097.05333333333</dst>
            <dst id="KSCYng">1411.37866666667</dst>
            <dst id="LOSAng">39689.1893333333</dst>
            <dst id="NYCMng">2352.08266666667</dst>
            <dst id="SNVAng">20067.0346666667</dst>
            <dst id="STTLng">72867.5946666666</dst>
            <dst id="WASHng">4054.90133333333</dst>
        </src>
        <src id="STTLng">
            <dst id="ATLA-M5">199.464</dst>
            <dst id="ATLAng">15423.2693333333</dst>
            <dst id="CHINng">42735.8906666667</dst>
            <dst id="DNVRng">4885.48</dst>
            <dst id="HSTNng">3589.36</dst>
            <dst id="IPLSng">25366.6346666667</dst>
            <dst id="KSCYng">5891.68</dst>
            <dst id="LOSAng">33707.704</dst>
            <dst id="NYCMng">25534.1226666667</dst>
            <dst id="SNVAng">7023.976</dst>
            <dst id="STTLng">12847.0586666667</dst>
            <dst id="WASHng">20993.4853333333</dst>
        </src>
        <src id="WASHng">
            <dst id="ATLA-M5">9632.66666666667</dst>
            <dst id="ATLAng">146888.234666667</dst>
            <dst id="CHINng">88345.664</dst>
            <dst id="DNVRng">58898.568</dst>
            <dst id="HSTNng">17818.2186666667</dst>
            <dst id="IPLSng">91326.12</dst>
            <dst id="KSCYng">17311.832</dst>
            <dst id="LOSAng">78961.984</dst>
            <dst id="NYCMng">185417.509333333</dst>
            <dst id="SNVAng">21751.464</dst>
            <dst id="STTLng">40499.3973333333</dst>
            <dst id="WASHng">271754.506666667</dst>
        </src>
    </IntraTM>
</TrafficMatrixFile>
