<?xml version="1.0" encoding="ISO-8859-1" standalone="yes"?>
<TrafficMatrixFile xsi:noNamespaceSchemaLocation="http://totem.run.montefiore.ulg.ac.be/Schema/TrafficMatrix-v1_2.xsd" xmlns:xsi="http://www.w3.org/2001/XMLSchema-instance">
    <IntraTM ASID="11537">
        <src id="ATLA-M5">
            <dst id="ATLA-M5">0</dst>
            <dst id="ATLAng">387.557333333333</dst>
            <dst id="CHINng">1199.21866666667</dst>
            <dst id="DNVRng">0</dst>
            <dst id="HSTNng">172.733333333333</dst>
            <dst id="IPLSng">212.256</dst>
            <dst id="KSCYng">385.672</dst>
            <dst id="LOSAng">717.109333333334</dst>
            <dst id="NYCMng">266.784</dst>
            <dst id="SNVAng">108.549333333333</dst>
            <dst id="STTLng">261.770666666667</dst>
            <dst id="WASHng">2749.78666666667</dst>
        </src>
        <src id="ATLAng">
            <dst id="ATLA-M5">201.16</dst>
            <dst id="ATLAng">69020.3813333334</dst>
            <dst id="CHINng">15023.6133333333</dst>
            <dst id="DNVRng">5491.08</dst>
            <dst id="HSTNng">2324.82666666667</dst>
            <dst id="IPLSng">22171.6186666667</dst>
            <dst id="KSCYng">5220.93333333333</dst>
            <dst id="LOSAng">15997.216</dst>
            <dst id="NYCMng">13066.9573333333</dst>
            <dst id="SNVAng">706.269333333333</dst>
            <dst id="STTLng">4959.768</dst>
            <dst id="WASHng">96408.096</dst>
        </src>
        <src id="CHINng">
            <dst id="ATLA-M5">215.154666666667</dst>
            <dst id="ATLAng">11041.9893333333</dst>
            <dst id="CHINng">46997.7226666667</dst>
            <dst id="DNVRng">3479.872</dst>
            <dst id="HSTNng">4320.25866666667</dst>
            <dst id="IPLSng">23984.072</dst>
            <dst id="KSCYng">4724.896</dst>
            <dst id="LOSAng">20352.7173333333</dst>
            <dst id="NYCMng">5721.952</dst>
            <dst id="SNVAng">1431</dst>
            <dst id="STTLng">7167.86666666667</dst>
            <dst id="WASHng">11038.9173333333</dst>
        </src>
        <src id="DNVRng">
            <dst id="ATLA-M5">120.136</dst>
            <dst id="ATLAng">9735.50933333333</dst>
            <dst id="CHINng">64097.824</dst>
            <dst id="DNVRng">8439.776</dst>
            <dst id="HSTNng">12199.4933333333</dst>
            <dst id="IPLSng">41936.312</dst>
            <dst id="KSCYng">8685.528</dst>
            <dst id="LOSAng">6259.85066666667</dst>
            <dst id="NYCMng">21532.5146666667</dst>
            <dst id="SNVAng">5888.18666666667</dst>
            <dst id="STTLng">4099.97866666667</dst>
            <dst id="WASHng">48540.6266666667</dst>
        </src>
        <src id="HSTNng">
            <dst id="ATLA-M5">1203.07466666667</dst>
            <dst id="ATLAng">2780.49333333333</dst>
            <dst id="CHINng">49421.28</dst>
            <dst id="DNVRng">4366.70133333333</dst>
            <dst id="HSTNng">4730.272</dst>
            <dst id="IPLSng">4370.00533333333</dst>
            <dst id="KSCYng">2846.73066666667</dst>
            <dst id="LOSAng">102166.997333333</dst>
            <dst id="NYCMng">9332.17866666667</dst>
            <dst id="SNVAng">1215.384</dst>
            <dst id="STTLng">2884.232</dst>
            <dst id="WASHng">6192.50133333333</dst>
        </src>
        <src id="IPLSng">
            <dst id="ATLA-M5">537.093333333333</dst>
            <dst id="ATLAng">24416.1333333333</dst>
            <dst id="CHINng">112506.941333333</dst>
            <dst id="DNVRng">20804.344</dst>
            <dst id="HSTNng">2662.608</dst>
            <dst id="IPLSng">24640.8773333333</dst>
            <dst id="KSCYng">9131.87733333333</dst>
            <dst id="LOSAng">23815.312</dst>
            <dst id="NYCMng">33246.832</dst>
            <dst id="SNVAng">3327.95466666667</dst>
            <dst id="STTLng">10436.5733333333</dst>
            <dst id="WASHng">46403.456</dst>
        </src>
        <src id="KSCYng">
            <dst id="ATLA-M5">62.4586666666667</dst>
            <dst id="ATLAng">5527.43733333333</dst>
            <dst id="CHINng">40254.4746666667</dst>
            <dst id="DNVRng">8934.27466666667</dst>
            <dst id="HSTNng">3670.4</dst>
            <dst id="IPLSng">10351.4053333333</dst>
            <dst id="KSCYng">4996.424</dst>
            <dst id="LOSAng">4818.024</dst>
            <dst id="NYCMng">5658.096</dst>
            <dst id="SNVAng">2154.912</dst>
            <dst id="STTLng">5364.63733333333</dst>
            <dst id="WASHng">8272.504</dst>
        </src>
        <src id="LOSAng">
            <dst id="ATLA-M5">307.08</dst>
            <dst id="ATLAng">17051.552</dst>
            <dst id="CHINng">150415.024</dst>
            <dst id="DNVRng">11462.888</dst>
            <dst id="HSTNng">5063.54933333333</dst>
            <dst id="IPLSng">35491.3466666667</dst>
            <dst id="KSCYng">4452.552</dst>
            <dst id="LOSAng">14400.376</dst>
            <dst id="NYCMng">52657.8986666667</dst>
            <dst id="SNVAng">8739.46133333334</dst>
            <dst id="STTLng">19171.6213333333</dst>
            <dst id="WASHng">54021.048</dst>
        </src>
        <src id="NYCMng">
            <dst id="ATLA-M5">269.949333333333</dst>
            <dst id="ATLAng">30662.5333333333</dst>
            <dst id="CHINng">66364.7306666667</dst>
            <dst id="DNVRng">28369.6026666667</dst>
            <dst id="HSTNng">14291.4986666667</dst>
            <dst id="IPLSng">45037.032</dst>
            <dst id="KSCYng">14950.72</dst>
            <dst id="LOSAng">55620.288</dst>
            <dst id="NYCMng">140926.848</dst>
            <dst id="SNVAng">9732.22133333333</dst>
            <dst id="STTLng">19308.2</dst>
            <dst id="WASHng">65718.3066666667</dst>
        </src>
        <src id="SNVAng">
            <dst id="ATLA-M5">0</dst>
            <dst id="ATLAng">468.618666666667</dst>
            <dst id="CHINng">6853.09333333333</dst>
            <dst id="DNVRng">12031.152</dst>
            <dst id="HSTNng">493.264</dst>
            <dst id="IPLSng">990.618666666667</dst>
            <dst id="KSCYng">703.808</dst>
            <dst id="LOSAng">19246.0213333333</dst>
            <dst id="NYCMng">2665.45333333333</dst>
            <dst id="SNVAng">16079.368</dst>
            <dst id="STTLng">58194.0906666666</dst>
            <dst id="WASHng">1210.96533333333</dst>
        </src>
        <src id="STTLng">
            <dst id="ATLA-M5">108.677333333333</dst>
            <dst id="ATLAng">8915.81866666666</dst>
            <dst id="CHINng">74269.4826666666</dst>
            <dst id="DNVRng">4807.36</dst>
            <dst id="HSTNng">1696.104</dst>
            <dst id="IPLSng">6035.856</dst>
            <dst id="KSCYng">3146.51466666667</dst>
            <dst id="LOSAng">19942.864</dst>
            <dst id="NYCMng">17226.9733333333</dst>
            <dst id="SNVAng">9954.144</dst>
            <dst id="STTLng">20255.112</dst>
            <dst id="WASHng">9737.99466666667</dst>
        </src>
        <src id="WASHng">
            <dst id="ATLA-M5">162.976</dst>
            <dst id="ATLAng">141626.773333333</dst>
            <dst id="CHINng">62075</dst>
            <dst id="DNVRng">42569.1306666667</dst>
            <dst id="HSTNng">17194.1706666667</dst>
            <dst id="IPLSng">55342.9226666667</dst>
            <dst id="KSCYng">12149.4853333333</dst>
            <dst id="LOSAng">63005.6453333333</dst>
            <dst id="NYCMng">153641.093333333</dst>
            <dst id="SNVAng">11964.3946666667</dst>
            <dst id="STTLng">32406.1573333333</dst>
            <dst id="WASHng">316180.853333333</dst>
        </src>
    </IntraTM>
</TrafficMatrixFile>
