<?xml version="1.0" encoding="ISO-8859-1" standalone="yes"?>
<TrafficMatrixFile xsi:noNamespaceSchemaLocation="http://totem.run.montefiore.ulg.ac.be/Schema/TrafficMatrix-v1_2.xsd" xmlns:xsi="http://www.w3.org/2001/XMLSchema-instance">
    <IntraTM ASID="11537">
        <src id="ATLA-M5">
            <dst id="ATLA-M5">0</dst>
            <dst id="ATLAng">282.36</dst>
            <dst id="CHINng">270.474666666667</dst>
            <dst id="DNVRng">163.136</dst>
            <dst id="HSTNng">475.304</dst>
            <dst id="IPLSng">550.234666666667</dst>
            <dst id="KSCYng">189.888</dst>
            <dst id="LOSAng">970.290666666666</dst>
            <dst id="NYCMng">295.786666666667</dst>
            <dst id="SNVAng">171.496</dst>
            <dst id="STTLng">130.704</dst>
            <dst id="WASHng">3310.16266666667</dst>
        </src>
        <src id="ATLAng">
            <dst id="ATLA-M5">1340.21866666667</dst>
            <dst id="ATLAng">44539.288</dst>
            <dst id="CHINng">13154</dst>
            <dst id="DNVRng">2846.232</dst>
            <dst id="HSTNng">1808.26933333333</dst>
            <dst id="IPLSng">13899.672</dst>
            <dst id="KSCYng">2254.12</dst>
            <dst id="LOSAng">16504.24</dst>
            <dst id="NYCMng">21059.1893333333</dst>
            <dst id="SNVAng">2008.48</dst>
            <dst id="STTLng">8810.98933333333</dst>
            <dst id="WASHng">96558.2506666666</dst>
        </src>
        <src id="CHINng">
            <dst id="ATLA-M5">1116.29866666667</dst>
            <dst id="ATLAng">11382.944</dst>
            <dst id="CHINng">49081.9093333333</dst>
            <dst id="DNVRng">12097.96</dst>
            <dst id="HSTNng">38206.28</dst>
            <dst id="IPLSng">17421.0506666667</dst>
            <dst id="KSCYng">7855.768</dst>
            <dst id="LOSAng">18849.2026666667</dst>
            <dst id="NYCMng">3680.37866666667</dst>
            <dst id="SNVAng">2553.68533333333</dst>
            <dst id="STTLng">7349.04266666667</dst>
            <dst id="WASHng">10297.16</dst>
        </src>
        <src id="DNVRng">
            <dst id="ATLA-M5">1154.63466666667</dst>
            <dst id="ATLAng">7327.50933333333</dst>
            <dst id="CHINng">54375.6186666667</dst>
            <dst id="DNVRng">2908.89066666667</dst>
            <dst id="HSTNng">5433.432</dst>
            <dst id="IPLSng">10413.664</dst>
            <dst id="KSCYng">4625.016</dst>
            <dst id="LOSAng">4693.72266666667</dst>
            <dst id="NYCMng">5943.87733333333</dst>
            <dst id="SNVAng">10416.68</dst>
            <dst id="STTLng">18799.4906666667</dst>
            <dst id="WASHng">17373.0693333333</dst>
        </src>
        <src id="HSTNng">
            <dst id="ATLA-M5">4180.944</dst>
            <dst id="ATLAng">3043.70133333333</dst>
            <dst id="CHINng">28350.0373333333</dst>
            <dst id="DNVRng">937.042666666667</dst>
            <dst id="HSTNng">10918.7626666667</dst>
            <dst id="IPLSng">10076.2026666667</dst>
            <dst id="KSCYng">1889.944</dst>
            <dst id="LOSAng">84225.056</dst>
            <dst id="NYCMng">7698.72533333333</dst>
            <dst id="SNVAng">1407.36266666667</dst>
            <dst id="STTLng">2625.37866666667</dst>
            <dst id="WASHng">2720.70666666667</dst>
        </src>
        <src id="IPLSng">
            <dst id="ATLA-M5">786.885333333333</dst>
            <dst id="ATLAng">13826.6426666667</dst>
            <dst id="CHINng">111075.64</dst>
            <dst id="DNVRng">6476.848</dst>
            <dst id="HSTNng">5608.432</dst>
            <dst id="IPLSng">11440.992</dst>
            <dst id="KSCYng">12623.152</dst>
            <dst id="LOSAng">12597.1626666667</dst>
            <dst id="NYCMng">23108.16</dst>
            <dst id="SNVAng">6341.66666666667</dst>
            <dst id="STTLng">8033.05333333333</dst>
            <dst id="WASHng">25812.2186666667</dst>
        </src>
        <src id="KSCYng">
            <dst id="ATLA-M5">2236.42133333333</dst>
            <dst id="ATLAng">4577.816</dst>
            <dst id="CHINng">34504.6373333333</dst>
            <dst id="DNVRng">4524.64533333333</dst>
            <dst id="HSTNng">6688.43733333333</dst>
            <dst id="IPLSng">12287.096</dst>
            <dst id="KSCYng">3546.16533333333</dst>
            <dst id="LOSAng">6040.17866666667</dst>
            <dst id="NYCMng">7999.92266666667</dst>
            <dst id="SNVAng">421.997333333333</dst>
            <dst id="STTLng">4758.73333333333</dst>
            <dst id="WASHng">13290.792</dst>
        </src>
        <src id="LOSAng">
            <dst id="ATLA-M5">26.6666666666667</dst>
            <dst id="ATLAng">14346.7786666667</dst>
            <dst id="CHINng">136901.032</dst>
            <dst id="DNVRng">3933.22933333333</dst>
            <dst id="HSTNng">56438.1253333333</dst>
            <dst id="IPLSng">27106.8293333333</dst>
            <dst id="KSCYng">6374.33066666666</dst>
            <dst id="LOSAng">15021.9226666667</dst>
            <dst id="NYCMng">47980.8853333333</dst>
            <dst id="SNVAng">5479.99733333333</dst>
            <dst id="STTLng">20049.6773333333</dst>
            <dst id="WASHng">50595.1653333333</dst>
        </src>
        <src id="NYCMng">
            <dst id="ATLA-M5">731.472</dst>
            <dst id="ATLAng">34351.6826666667</dst>
            <dst id="CHINng">55359.0773333333</dst>
            <dst id="DNVRng">11477.7573333333</dst>
            <dst id="HSTNng">29873.4533333333</dst>
            <dst id="IPLSng">51124.6106666667</dst>
            <dst id="KSCYng">17722.056</dst>
            <dst id="LOSAng">50827.8986666667</dst>
            <dst id="NYCMng">172361.008</dst>
            <dst id="SNVAng">6251.47733333333</dst>
            <dst id="STTLng">22756.5706666667</dst>
            <dst id="WASHng">46395.3733333333</dst>
        </src>
        <src id="SNVAng">
            <dst id="ATLA-M5">57.048</dst>
            <dst id="ATLAng">378.050666666667</dst>
            <dst id="CHINng">7829.712</dst>
            <dst id="DNVRng">2917.85866666667</dst>
            <dst id="HSTNng">749.506666666666</dst>
            <dst id="IPLSng">2780.168</dst>
            <dst id="KSCYng">360.32</dst>
            <dst id="LOSAng">8328.10666666667</dst>
            <dst id="NYCMng">2475.77866666667</dst>
            <dst id="SNVAng">183.568</dst>
            <dst id="STTLng">2558.67733333333</dst>
            <dst id="WASHng">854.877333333333</dst>
        </src>
        <src id="STTLng">
            <dst id="ATLA-M5">120.269333333333</dst>
            <dst id="ATLAng">14355.4746666667</dst>
            <dst id="CHINng">79886.7813333333</dst>
            <dst id="DNVRng">3143.54133333333</dst>
            <dst id="HSTNng">2448.75466666667</dst>
            <dst id="IPLSng">8482.43466666667</dst>
            <dst id="KSCYng">3036.00266666667</dst>
            <dst id="LOSAng">19995.256</dst>
            <dst id="NYCMng">20963.1146666667</dst>
            <dst id="SNVAng">2804.84533333333</dst>
            <dst id="STTLng">1442.61866666667</dst>
            <dst id="WASHng">6190.55466666667</dst>
        </src>
        <src id="WASHng">
            <dst id="ATLA-M5">31045.4826666667</dst>
            <dst id="ATLAng">116558.069333333</dst>
            <dst id="CHINng">40903.4693333333</dst>
            <dst id="DNVRng">19647.36</dst>
            <dst id="HSTNng">25762.0933333333</dst>
            <dst id="IPLSng">51039.976</dst>
            <dst id="KSCYng">8029.09066666667</dst>
            <dst id="LOSAng">61724.8186666667</dst>
            <dst id="NYCMng">122447.197333333</dst>
            <dst id="SNVAng">4906.664</dst>
            <dst id="STTLng">37510.112</dst>
            <dst id="WASHng">333044.453333333</dst>
        </src>
    </IntraTM>
</TrafficMatrixFile>
