<?xml version="1.0" encoding="ISO-8859-1" standalone="yes"?>
<TrafficMatrixFile xsi:noNamespaceSchemaLocation="http://totem.run.montefiore.ulg.ac.be/Schema/TrafficMatrix-v1_2.xsd" xmlns:xsi="http://www.w3.org/2001/XMLSchema-instance">
    <IntraTM ASID="11537">
        <src id="ATLA-M5">
            <dst id="ATLA-M5">26.6666666666667</dst>
            <dst id="ATLAng">522.208</dst>
            <dst id="CHINng">1641.33866666667</dst>
            <dst id="DNVRng">335.728</dst>
            <dst id="HSTNng">413.032</dst>
            <dst id="IPLSng">489.874666666667</dst>
            <dst id="KSCYng">365.077333333333</dst>
            <dst id="LOSAng">817.869333333333</dst>
            <dst id="NYCMng">452.061333333333</dst>
            <dst id="SNVAng">747.405333333333</dst>
            <dst id="STTLng">388.317333333333</dst>
            <dst id="WASHng">3141.64</dst>
        </src>
        <src id="ATLAng">
            <dst id="ATLA-M5">445.149333333334</dst>
            <dst id="ATLAng">82660.7493333333</dst>
            <dst id="CHINng">16283.1173333333</dst>
            <dst id="DNVRng">5169.03466666667</dst>
            <dst id="HSTNng">3931.40266666667</dst>
            <dst id="IPLSng">27351.896</dst>
            <dst id="KSCYng">4844.03466666667</dst>
            <dst id="LOSAng">18231.9093333333</dst>
            <dst id="NYCMng">12803.9546666667</dst>
            <dst id="SNVAng">1421.888</dst>
            <dst id="STTLng">8957.48266666667</dst>
            <dst id="WASHng">51748.2453333333</dst>
        </src>
        <src id="CHINng">
            <dst id="ATLA-M5">3793.69333333333</dst>
            <dst id="ATLAng">12735.3253333333</dst>
            <dst id="CHINng">28744.432</dst>
            <dst id="DNVRng">13738.2533333333</dst>
            <dst id="HSTNng">9830.336</dst>
            <dst id="IPLSng">26359.776</dst>
            <dst id="KSCYng">6537.74933333333</dst>
            <dst id="LOSAng">27775.9013333333</dst>
            <dst id="NYCMng">14098.3386666667</dst>
            <dst id="SNVAng">1816.94133333333</dst>
            <dst id="STTLng">4495.256</dst>
            <dst id="WASHng">10647.0533333333</dst>
        </src>
        <src id="DNVRng">
            <dst id="ATLA-M5">230.805333333333</dst>
            <dst id="ATLAng">2341.48266666667</dst>
            <dst id="CHINng">38518.1893333333</dst>
            <dst id="DNVRng">3761.98933333333</dst>
            <dst id="HSTNng">8408.76266666667</dst>
            <dst id="IPLSng">7207.74133333334</dst>
            <dst id="KSCYng">3948.89866666667</dst>
            <dst id="LOSAng">21375.568</dst>
            <dst id="NYCMng">5723.408</dst>
            <dst id="SNVAng">14385.464</dst>
            <dst id="STTLng">10609.464</dst>
            <dst id="WASHng">12248.8613333333</dst>
        </src>
        <src id="HSTNng">
            <dst id="ATLA-M5">239.042666666667</dst>
            <dst id="ATLAng">2956.77866666667</dst>
            <dst id="CHINng">16891.5013333333</dst>
            <dst id="DNVRng">3693.01866666667</dst>
            <dst id="HSTNng">5606.29866666667</dst>
            <dst id="IPLSng">9143.904</dst>
            <dst id="KSCYng">7130.168</dst>
            <dst id="LOSAng">98457.928</dst>
            <dst id="NYCMng">7265.264</dst>
            <dst id="SNVAng">2947.376</dst>
            <dst id="STTLng">2237.59733333333</dst>
            <dst id="WASHng">8506.65066666667</dst>
        </src>
        <src id="IPLSng">
            <dst id="ATLA-M5">4766.92533333333</dst>
            <dst id="ATLAng">9254.73333333333</dst>
            <dst id="CHINng">122044.576</dst>
            <dst id="DNVRng">21378.1973333333</dst>
            <dst id="HSTNng">33173.784</dst>
            <dst id="IPLSng">22849.056</dst>
            <dst id="KSCYng">9890.84</dst>
            <dst id="LOSAng">24405.0426666667</dst>
            <dst id="NYCMng">40616.0986666667</dst>
            <dst id="SNVAng">3466.38666666667</dst>
            <dst id="STTLng">13892.1866666667</dst>
            <dst id="WASHng">41138.0933333333</dst>
        </src>
        <src id="KSCYng">
            <dst id="ATLA-M5">420.96</dst>
            <dst id="ATLAng">4443.56266666667</dst>
            <dst id="CHINng">26972.272</dst>
            <dst id="DNVRng">5394.304</dst>
            <dst id="HSTNng">5476.104</dst>
            <dst id="IPLSng">8017.75733333333</dst>
            <dst id="KSCYng">4022.89866666667</dst>
            <dst id="LOSAng">8673.584</dst>
            <dst id="NYCMng">12842.4106666667</dst>
            <dst id="SNVAng">1223.752</dst>
            <dst id="STTLng">2444.272</dst>
            <dst id="WASHng">12048.4373333333</dst>
        </src>
        <src id="LOSAng">
            <dst id="ATLA-M5">339.661333333333</dst>
            <dst id="ATLAng">19394.5893333333</dst>
            <dst id="CHINng">89723.6826666667</dst>
            <dst id="DNVRng">9039.38133333333</dst>
            <dst id="HSTNng">9030.86666666667</dst>
            <dst id="IPLSng">42720.2506666667</dst>
            <dst id="KSCYng">13570.2506666667</dst>
            <dst id="LOSAng">11369.1306666667</dst>
            <dst id="NYCMng">61164.4186666667</dst>
            <dst id="SNVAng">2311.54133333333</dst>
            <dst id="STTLng">25519.4533333333</dst>
            <dst id="WASHng">55726.3866666667</dst>
        </src>
        <src id="NYCMng">
            <dst id="ATLA-M5">3897.64</dst>
            <dst id="ATLAng">40887.84</dst>
            <dst id="CHINng">53674.288</dst>
            <dst id="DNVRng">16345.0533333333</dst>
            <dst id="HSTNng">23987.7866666667</dst>
            <dst id="IPLSng">83325.448</dst>
            <dst id="KSCYng">24767.2826666667</dst>
            <dst id="LOSAng">71022.56</dst>
            <dst id="NYCMng">136796.045333333</dst>
            <dst id="SNVAng">9591.352</dst>
            <dst id="STTLng">21934.5573333333</dst>
            <dst id="WASHng">111860.741333333</dst>
        </src>
        <src id="SNVAng">
            <dst id="ATLA-M5">26.6666666666667</dst>
            <dst id="ATLAng">1041.20533333333</dst>
            <dst id="CHINng">5046.06666666667</dst>
            <dst id="DNVRng">10406.912</dst>
            <dst id="HSTNng">1436.68266666667</dst>
            <dst id="IPLSng">3861.61066666667</dst>
            <dst id="KSCYng">2097.072</dst>
            <dst id="LOSAng">2000.21066666667</dst>
            <dst id="NYCMng">2211.46133333333</dst>
            <dst id="SNVAng">14269.608</dst>
            <dst id="STTLng">3297.648</dst>
            <dst id="WASHng">1987.70666666667</dst>
        </src>
        <src id="STTLng">
            <dst id="ATLA-M5">111.018666666667</dst>
            <dst id="ATLAng">15881.5466666667</dst>
            <dst id="CHINng">22512.5866666667</dst>
            <dst id="DNVRng">4341.176</dst>
            <dst id="HSTNng">11302.768</dst>
            <dst id="IPLSng">7691.184</dst>
            <dst id="KSCYng">2260.848</dst>
            <dst id="LOSAng">17766.3733333333</dst>
            <dst id="NYCMng">24845.3733333333</dst>
            <dst id="SNVAng">4755.00533333333</dst>
            <dst id="STTLng">1038.35733333333</dst>
            <dst id="WASHng">10517.3786666667</dst>
        </src>
        <src id="WASHng">
            <dst id="ATLA-M5">11219.1013333333</dst>
            <dst id="ATLAng">125937.728</dst>
            <dst id="CHINng">66541.1973333333</dst>
            <dst id="DNVRng">36063.4213333333</dst>
            <dst id="HSTNng">15439.312</dst>
            <dst id="IPLSng">62781.8133333333</dst>
            <dst id="KSCYng">32642.7333333333</dst>
            <dst id="LOSAng">91675.6266666667</dst>
            <dst id="NYCMng">133661.405333333</dst>
            <dst id="SNVAng">1980.576</dst>
            <dst id="STTLng">29760.2026666667</dst>
            <dst id="WASHng">187653.482666667</dst>
        </src>
    </IntraTM>
</TrafficMatrixFile>
