<?xml version="1.0" encoding="ISO-8859-1" standalone="yes"?>
<TrafficMatrixFile xsi:noNamespaceSchemaLocation="http://totem.run.montefiore.ulg.ac.be/Schema/TrafficMatrix-v1_2.xsd" xmlns:xsi="http://www.w3.org/2001/XMLSchema-instance">
    <IntraTM ASID="11537">
        <src id="ATLA-M5">
            <dst id="ATLA-M5">0</dst>
            <dst id="ATLAng">497.210666666667</dst>
            <dst id="CHINng">280.117333333333</dst>
            <dst id="DNVRng">263.562666666667</dst>
            <dst id="HSTNng">404.922666666667</dst>
            <dst id="IPLSng">291.256</dst>
            <dst id="KSCYng">243.269333333333</dst>
            <dst id="LOSAng">494.144</dst>
            <dst id="NYCMng">618.197333333333</dst>
            <dst id="SNVAng">178.034666666667</dst>
            <dst id="STTLng">537.914666666667</dst>
            <dst id="WASHng">2466.36</dst>
        </src>
        <src id="ATLAng">
            <dst id="ATLA-M5">1137.32266666667</dst>
            <dst id="ATLAng">41550.84</dst>
            <dst id="CHINng">11401.664</dst>
            <dst id="DNVRng">2810.61866666667</dst>
            <dst id="HSTNng">2603.97866666667</dst>
            <dst id="IPLSng">14996.568</dst>
            <dst id="KSCYng">2507.424</dst>
            <dst id="LOSAng">17017.176</dst>
            <dst id="NYCMng">12709.0906666667</dst>
            <dst id="SNVAng">2542.48266666667</dst>
            <dst id="STTLng">7154.57066666667</dst>
            <dst id="WASHng">75034.3786666667</dst>
        </src>
        <src id="CHINng">
            <dst id="ATLA-M5">840.458666666667</dst>
            <dst id="ATLAng">9920.392</dst>
            <dst id="CHINng">62486.1173333333</dst>
            <dst id="DNVRng">8963.75733333333</dst>
            <dst id="HSTNng">41125.5146666667</dst>
            <dst id="IPLSng">21590.1706666667</dst>
            <dst id="KSCYng">8463.46666666667</dst>
            <dst id="LOSAng">18452.6293333333</dst>
            <dst id="NYCMng">6239.536</dst>
            <dst id="SNVAng">2004.20266666667</dst>
            <dst id="STTLng">7229.31733333333</dst>
            <dst id="WASHng">6911.064</dst>
        </src>
        <src id="DNVRng">
            <dst id="ATLA-M5">363.744</dst>
            <dst id="ATLAng">5902.56</dst>
            <dst id="CHINng">45353.6826666667</dst>
            <dst id="DNVRng">2030.4</dst>
            <dst id="HSTNng">5652.232</dst>
            <dst id="IPLSng">10379.112</dst>
            <dst id="KSCYng">3978.264</dst>
            <dst id="LOSAng">4309.92266666667</dst>
            <dst id="NYCMng">8169.23466666667</dst>
            <dst id="SNVAng">8790.80266666667</dst>
            <dst id="STTLng">7837.94666666667</dst>
            <dst id="WASHng">6563.68</dst>
        </src>
        <src id="HSTNng">
            <dst id="ATLA-M5">2214.41066666667</dst>
            <dst id="ATLAng">1564.912</dst>
            <dst id="CHINng">31304.1813333333</dst>
            <dst id="DNVRng">3421.69066666667</dst>
            <dst id="HSTNng">5901.544</dst>
            <dst id="IPLSng">8684.984</dst>
            <dst id="KSCYng">1684.136</dst>
            <dst id="LOSAng">10227.792</dst>
            <dst id="NYCMng">4956.55466666667</dst>
            <dst id="SNVAng">726.882666666667</dst>
            <dst id="STTLng">2542.776</dst>
            <dst id="WASHng">5692.28266666667</dst>
        </src>
        <src id="IPLSng">
            <dst id="ATLA-M5">601.130666666667</dst>
            <dst id="ATLAng">13044.344</dst>
            <dst id="CHINng">112551.664</dst>
            <dst id="DNVRng">5563.03466666667</dst>
            <dst id="HSTNng">5046.61866666667</dst>
            <dst id="IPLSng">10856.8906666667</dst>
            <dst id="KSCYng">16023.8453333333</dst>
            <dst id="LOSAng">13453.44</dst>
            <dst id="NYCMng">23489.7893333333</dst>
            <dst id="SNVAng">5379.39733333333</dst>
            <dst id="STTLng">8518.38133333333</dst>
            <dst id="WASHng">24943.9946666667</dst>
        </src>
        <src id="KSCYng">
            <dst id="ATLA-M5">4090.83733333333</dst>
            <dst id="ATLAng">8991.856</dst>
            <dst id="CHINng">31158.008</dst>
            <dst id="DNVRng">3185.92266666667</dst>
            <dst id="HSTNng">2916.57333333333</dst>
            <dst id="IPLSng">11116.056</dst>
            <dst id="KSCYng">1938.192</dst>
            <dst id="LOSAng">4984.968</dst>
            <dst id="NYCMng">9157.81333333333</dst>
            <dst id="SNVAng">666.226666666667</dst>
            <dst id="STTLng">3620.71466666667</dst>
            <dst id="WASHng">12739.8346666667</dst>
        </src>
        <src id="LOSAng">
            <dst id="ATLA-M5">84.008</dst>
            <dst id="ATLAng">17231.9413333333</dst>
            <dst id="CHINng">136555.856</dst>
            <dst id="DNVRng">3381.488</dst>
            <dst id="HSTNng">9868.312</dst>
            <dst id="IPLSng">28072.4453333333</dst>
            <dst id="KSCYng">9043.704</dst>
            <dst id="LOSAng">14430.104</dst>
            <dst id="NYCMng">48963.6213333333</dst>
            <dst id="SNVAng">7905.168</dst>
            <dst id="STTLng">20307.568</dst>
            <dst id="WASHng">52935.888</dst>
        </src>
        <src id="NYCMng">
            <dst id="ATLA-M5">1227.95466666667</dst>
            <dst id="ATLAng">39618.1253333333</dst>
            <dst id="CHINng">59618.5466666667</dst>
            <dst id="DNVRng">11850.8613333333</dst>
            <dst id="HSTNng">33647.904</dst>
            <dst id="IPLSng">43635.8106666667</dst>
            <dst id="KSCYng">16862.7866666667</dst>
            <dst id="LOSAng">52653.52</dst>
            <dst id="NYCMng">171922.997333333</dst>
            <dst id="SNVAng">6044.09066666667</dst>
            <dst id="STTLng">26079.976</dst>
            <dst id="WASHng">43774.9493333333</dst>
        </src>
        <src id="SNVAng">
            <dst id="ATLA-M5">0</dst>
            <dst id="ATLAng">741.68</dst>
            <dst id="CHINng">7019.12266666667</dst>
            <dst id="DNVRng">3701.73333333333</dst>
            <dst id="HSTNng">791.578666666667</dst>
            <dst id="IPLSng">2558.328</dst>
            <dst id="KSCYng">320.133333333333</dst>
            <dst id="LOSAng">5506.42666666667</dst>
            <dst id="NYCMng">2558.14133333333</dst>
            <dst id="SNVAng">80</dst>
            <dst id="STTLng">2433.488</dst>
            <dst id="WASHng">1041.65866666667</dst>
        </src>
        <src id="STTLng">
            <dst id="ATLA-M5">82.1973333333333</dst>
            <dst id="ATLAng">14538.656</dst>
            <dst id="CHINng">78802.6213333333</dst>
            <dst id="DNVRng">2995.19466666667</dst>
            <dst id="HSTNng">2112.872</dst>
            <dst id="IPLSng">3686.92533333333</dst>
            <dst id="KSCYng">4154.98666666667</dst>
            <dst id="LOSAng">19782.2106666667</dst>
            <dst id="NYCMng">18459.9626666667</dst>
            <dst id="SNVAng">2002.192</dst>
            <dst id="STTLng">14421.2266666667</dst>
            <dst id="WASHng">6359.38666666667</dst>
        </src>
        <src id="WASHng">
            <dst id="ATLA-M5">275.538666666667</dst>
            <dst id="ATLAng">122417.509333333</dst>
            <dst id="CHINng">44355.1493333333</dst>
            <dst id="DNVRng">39753.1733333333</dst>
            <dst id="HSTNng">23419.8213333333</dst>
            <dst id="IPLSng">52033.7946666667</dst>
            <dst id="KSCYng">9015.38133333333</dst>
            <dst id="LOSAng">57236.888</dst>
            <dst id="NYCMng">120531.005333333</dst>
            <dst id="SNVAng">3065.30133333333</dst>
            <dst id="STTLng">32276.08</dst>
            <dst id="WASHng">300736.853333333</dst>
        </src>
    </IntraTM>
</TrafficMatrixFile>
