<?xml version="1.0" encoding="ISO-8859-1" standalone="yes"?>
<TrafficMatrixFile xsi:noNamespaceSchemaLocation="http://totem.run.montefiore.ulg.ac.be/Schema/TrafficMatrix-v1_2.xsd" xmlns:xsi="http://www.w3.org/2001/XMLSchema-instance">
    <IntraTM ASID="11537">
        <src id="ATLA-M5">
            <dst id="ATLA-M5">270.821333333333</dst>
            <dst id="ATLAng">665.309333333333</dst>
            <dst id="CHINng">2595.20266666667</dst>
            <dst id="DNVRng">940.322666666667</dst>
            <dst id="HSTNng">647.098666666667</dst>
            <dst id="IPLSng">594.52</dst>
            <dst id="KSCYng">998.056</dst>
            <dst id="LOSAng">290.261333333333</dst>
            <dst id="NYCMng">1109.57866666667</dst>
            <dst id="SNVAng">204.157333333333</dst>
            <dst id="STTLng">140.330666666667</dst>
            <dst id="WASHng">2281.58133333333</dst>
        </src>
        <src id="ATLAng">
            <dst id="ATLA-M5">1218.50666666667</dst>
            <dst id="ATLAng">72051.968</dst>
            <dst id="CHINng">45276.552</dst>
            <dst id="DNVRng">17690.8346666667</dst>
            <dst id="HSTNng">7840.00533333333</dst>
            <dst id="IPLSng">32432.832</dst>
            <dst id="KSCYng">18485.5386666667</dst>
            <dst id="LOSAng">25782.764</dst>
            <dst id="NYCMng">30488.8746666667</dst>
            <dst id="SNVAng">5145.06533333333</dst>
            <dst id="STTLng">9337.75466666667</dst>
            <dst id="WASHng">89483.6746666667</dst>
        </src>
        <src id="CHINng">
            <dst id="ATLA-M5">4430.71466666667</dst>
            <dst id="ATLAng">16265.4933333333</dst>
            <dst id="CHINng">67559.4266666667</dst>
            <dst id="DNVRng">24032.5813333333</dst>
            <dst id="HSTNng">12719.8453333333</dst>
            <dst id="IPLSng">32279.1173333333</dst>
            <dst id="KSCYng">11181.472</dst>
            <dst id="LOSAng">28161.632</dst>
            <dst id="NYCMng">11235.2346666667</dst>
            <dst id="SNVAng">3409.83466666667</dst>
            <dst id="STTLng">14335.4293333333</dst>
            <dst id="WASHng">25613.36</dst>
        </src>
        <src id="DNVRng">
            <dst id="ATLA-M5">946.045333333333</dst>
            <dst id="ATLAng">21136.112</dst>
            <dst id="CHINng">56479.1386666667</dst>
            <dst id="DNVRng">23448.272</dst>
            <dst id="HSTNng">19358.968</dst>
            <dst id="IPLSng">38797.2586666667</dst>
            <dst id="KSCYng">29239.0453333333</dst>
            <dst id="LOSAng">21328.0026666667</dst>
            <dst id="NYCMng">27574.272</dst>
            <dst id="SNVAng">18188.672</dst>
            <dst id="STTLng">19331.9093333333</dst>
            <dst id="WASHng">52347.3226666667</dst>
        </src>
        <src id="HSTNng">
            <dst id="ATLA-M5">444.066666666667</dst>
            <dst id="ATLAng">7541.192</dst>
            <dst id="CHINng">22074.9013333333</dst>
            <dst id="DNVRng">10767.552</dst>
            <dst id="HSTNng">13977.568</dst>
            <dst id="IPLSng">12089.624</dst>
            <dst id="KSCYng">3103.93866666667</dst>
            <dst id="LOSAng">104711.741333333</dst>
            <dst id="NYCMng">12122.88</dst>
            <dst id="SNVAng">2823.41333333333</dst>
            <dst id="STTLng">2628.05866666667</dst>
            <dst id="WASHng">10136.0826666667</dst>
        </src>
        <src id="IPLSng">
            <dst id="ATLA-M5">2683.288</dst>
            <dst id="ATLAng">25296.224</dst>
            <dst id="CHINng">152796.08</dst>
            <dst id="DNVRng">41637.4666666667</dst>
            <dst id="HSTNng">19907.9813333333</dst>
            <dst id="IPLSng">67025.8853333333</dst>
            <dst id="KSCYng">19261.296</dst>
            <dst id="LOSAng">27991.8053333333</dst>
            <dst id="NYCMng">51400.648</dst>
            <dst id="SNVAng">6803.232</dst>
            <dst id="STTLng">16511.6373333333</dst>
            <dst id="WASHng">57761.7866666667</dst>
        </src>
        <src id="KSCYng">
            <dst id="ATLA-M5">2644.22133333333</dst>
            <dst id="ATLAng">19738.7306666667</dst>
            <dst id="CHINng">41199.8133333333</dst>
            <dst id="DNVRng">13585.52</dst>
            <dst id="HSTNng">4830.10133333333</dst>
            <dst id="IPLSng">20366.3386666667</dst>
            <dst id="KSCYng">10787.3866666667</dst>
            <dst id="LOSAng">10173.616</dst>
            <dst id="NYCMng">15023.7333333333</dst>
            <dst id="SNVAng">2018.504</dst>
            <dst id="STTLng">4018.24266666667</dst>
            <dst id="WASHng">26660.104</dst>
        </src>
        <src id="LOSAng">
            <dst id="ATLA-M5">1389.04266666667</dst>
            <dst id="ATLAng">27272.296</dst>
            <dst id="CHINng">488519.626666667</dst>
            <dst id="DNVRng">24308.3466666667</dst>
            <dst id="HSTNng">25889.2346666667</dst>
            <dst id="IPLSng">53916.592</dst>
            <dst id="KSCYng">10867.24</dst>
            <dst id="LOSAng">9977.624</dst>
            <dst id="NYCMng">68564.032</dst>
            <dst id="SNVAng">12690.656</dst>
            <dst id="STTLng">34762.4933333333</dst>
            <dst id="WASHng">73470.4133333333</dst>
        </src>
        <src id="NYCMng">
            <dst id="ATLA-M5">6436.25866666667</dst>
            <dst id="ATLAng">70654.4293333333</dst>
            <dst id="CHINng">82125.656</dst>
            <dst id="DNVRng">48287.0666666667</dst>
            <dst id="HSTNng">52955.0186666667</dst>
            <dst id="IPLSng">110549.133333333</dst>
            <dst id="KSCYng">37200.9653333333</dst>
            <dst id="LOSAng">83632.832</dst>
            <dst id="NYCMng">172190.264</dst>
            <dst id="SNVAng">16816.528</dst>
            <dst id="STTLng">32010.968</dst>
            <dst id="WASHng">111181.928</dst>
        </src>
        <src id="SNVAng">
            <dst id="ATLA-M5">468.712</dst>
            <dst id="ATLAng">1831.51466666667</dst>
            <dst id="CHINng">6044.584</dst>
            <dst id="DNVRng">5170.54666666667</dst>
            <dst id="HSTNng">785.616</dst>
            <dst id="IPLSng">15647.0826666667</dst>
            <dst id="KSCYng">1547.62133333333</dst>
            <dst id="LOSAng">40894.3386666667</dst>
            <dst id="NYCMng">5234.38133333333</dst>
            <dst id="SNVAng">23199.704</dst>
            <dst id="STTLng">55655.3333333334</dst>
            <dst id="WASHng">2329.48</dst>
        </src>
        <src id="STTLng">
            <dst id="ATLA-M5">507.976</dst>
            <dst id="ATLAng">17270.2026666667</dst>
            <dst id="CHINng">74771.3306666667</dst>
            <dst id="DNVRng">16136.6293333333</dst>
            <dst id="HSTNng">8012.864</dst>
            <dst id="IPLSng">29937.6906666667</dst>
            <dst id="KSCYng">7253.46666666667</dst>
            <dst id="LOSAng">31232.8266666667</dst>
            <dst id="NYCMng">31221.3626666667</dst>
            <dst id="SNVAng">15573.0186666667</dst>
            <dst id="STTLng">23898.8293333333</dst>
            <dst id="WASHng">24148.0773333333</dst>
        </src>
        <src id="WASHng">
            <dst id="ATLA-M5">3549.55466666667</dst>
            <dst id="ATLAng">160183.92</dst>
            <dst id="CHINng">103487.616</dst>
            <dst id="DNVRng">82268.4106666666</dst>
            <dst id="HSTNng">39367.1226666667</dst>
            <dst id="IPLSng">111515.826666667</dst>
            <dst id="KSCYng">41164.28</dst>
            <dst id="LOSAng">90967.6746666667</dst>
            <dst id="NYCMng">197628.237333333</dst>
            <dst id="SNVAng">18956.8933333333</dst>
            <dst id="STTLng">37818.856</dst>
            <dst id="WASHng">305104.853333333</dst>
        </src>
    </IntraTM>
</TrafficMatrixFile>
