<?xml version="1.0" encoding="ISO-8859-1" standalone="yes"?>
<TrafficMatrixFile xsi:noNamespaceSchemaLocation="http://totem.run.montefiore.ulg.ac.be/Schema/TrafficMatrix-v1_2.xsd" xmlns:xsi="http://www.w3.org/2001/XMLSchema-instance">
    <IntraTM ASID="11537">
        <src id="ATLA-M5">
            <dst id="ATLA-M5">0</dst>
            <dst id="ATLAng">108.397333333333</dst>
            <dst id="CHINng">466.954666666667</dst>
            <dst id="DNVRng">175.608</dst>
            <dst id="HSTNng">121.56</dst>
            <dst id="IPLSng">208.536</dst>
            <dst id="KSCYng">253.04</dst>
            <dst id="LOSAng">1039.02666666667</dst>
            <dst id="NYCMng">106.666666666667</dst>
            <dst id="SNVAng">266.056</dst>
            <dst id="STTLng">391.074666666667</dst>
            <dst id="WASHng">4746.728</dst>
        </src>
        <src id="ATLAng">
            <dst id="ATLA-M5">166.72</dst>
            <dst id="ATLAng">23245.2853333333</dst>
            <dst id="CHINng">19371.8693333333</dst>
            <dst id="DNVRng">8872.42133333333</dst>
            <dst id="HSTNng">1886.48266666667</dst>
            <dst id="IPLSng">22104.6266666667</dst>
            <dst id="KSCYng">5163.464</dst>
            <dst id="LOSAng">17586.4346666667</dst>
            <dst id="NYCMng">11452.7893333333</dst>
            <dst id="SNVAng">299.698666666667</dst>
            <dst id="STTLng">5628.00266666667</dst>
            <dst id="WASHng">158075.76</dst>
        </src>
        <src id="CHINng">
            <dst id="ATLA-M5">103.634666666667</dst>
            <dst id="ATLAng">5347.21333333333</dst>
            <dst id="CHINng">41067.8933333333</dst>
            <dst id="DNVRng">18179.5493333333</dst>
            <dst id="HSTNng">5283.568</dst>
            <dst id="IPLSng">17616.2986666667</dst>
            <dst id="KSCYng">5524.936</dst>
            <dst id="LOSAng">27504.7093333333</dst>
            <dst id="NYCMng">10906.552</dst>
            <dst id="SNVAng">2154.856</dst>
            <dst id="STTLng">7619.88266666667</dst>
            <dst id="WASHng">7515.992</dst>
        </src>
        <src id="DNVRng">
            <dst id="ATLA-M5">118.293333333333</dst>
            <dst id="ATLAng">7261.576</dst>
            <dst id="CHINng">71857.928</dst>
            <dst id="DNVRng">4229.26666666667</dst>
            <dst id="HSTNng">12032.2693333333</dst>
            <dst id="IPLSng">28205.1653333333</dst>
            <dst id="KSCYng">9796.56</dst>
            <dst id="LOSAng">9318.13866666667</dst>
            <dst id="NYCMng">17443.1013333333</dst>
            <dst id="SNVAng">6755.8</dst>
            <dst id="STTLng">5195.48533333333</dst>
            <dst id="WASHng">51252.7946666667</dst>
        </src>
        <src id="HSTNng">
            <dst id="ATLA-M5">2341.86666666667</dst>
            <dst id="ATLAng">2461.328</dst>
            <dst id="CHINng">43346.224</dst>
            <dst id="DNVRng">5519.82133333334</dst>
            <dst id="HSTNng">2379.264</dst>
            <dst id="IPLSng">5796.71466666667</dst>
            <dst id="KSCYng">1202.44266666667</dst>
            <dst id="LOSAng">103660.016</dst>
            <dst id="NYCMng">7606.47733333333</dst>
            <dst id="SNVAng">1820.944</dst>
            <dst id="STTLng">1377.99466666667</dst>
            <dst id="WASHng">12887.04</dst>
        </src>
        <src id="IPLSng">
            <dst id="ATLA-M5">1161.328</dst>
            <dst id="ATLAng">10504.1226666667</dst>
            <dst id="CHINng">127663.546666667</dst>
            <dst id="DNVRng">22393.0186666667</dst>
            <dst id="HSTNng">3681.90933333333</dst>
            <dst id="IPLSng">20938.8346666667</dst>
            <dst id="KSCYng">9923.59733333333</dst>
            <dst id="LOSAng">93239.8853333333</dst>
            <dst id="NYCMng">38068.3386666667</dst>
            <dst id="SNVAng">3909.728</dst>
            <dst id="STTLng">11471.472</dst>
            <dst id="WASHng">38967.9893333333</dst>
        </src>
        <src id="KSCYng">
            <dst id="ATLA-M5">2386.61866666667</dst>
            <dst id="ATLAng">3182.60266666667</dst>
            <dst id="CHINng">46173.648</dst>
            <dst id="DNVRng">8969.536</dst>
            <dst id="HSTNng">2962.25066666667</dst>
            <dst id="IPLSng">8540.96266666667</dst>
            <dst id="KSCYng">4515.20533333333</dst>
            <dst id="LOSAng">3295.024</dst>
            <dst id="NYCMng">9180.83466666667</dst>
            <dst id="SNVAng">2125.73066666667</dst>
            <dst id="STTLng">10623.064</dst>
            <dst id="WASHng">9592.35466666667</dst>
        </src>
        <src id="LOSAng">
            <dst id="ATLA-M5">1007.992</dst>
            <dst id="ATLAng">35312.1333333333</dst>
            <dst id="CHINng">136117.994666667</dst>
            <dst id="DNVRng">9693.672</dst>
            <dst id="HSTNng">52136.5226666667</dst>
            <dst id="IPLSng">34807.992</dst>
            <dst id="KSCYng">7417.78666666667</dst>
            <dst id="LOSAng">16809.1973333333</dst>
            <dst id="NYCMng">56778.0293333333</dst>
            <dst id="SNVAng">16698.1333333333</dst>
            <dst id="STTLng">21925.8266666667</dst>
            <dst id="WASHng">63938.1093333333</dst>
        </src>
        <src id="NYCMng">
            <dst id="ATLA-M5">1103.41866666667</dst>
            <dst id="ATLAng">27330.6533333333</dst>
            <dst id="CHINng">64163.072</dst>
            <dst id="DNVRng">31355.7813333333</dst>
            <dst id="HSTNng">24061.448</dst>
            <dst id="IPLSng">46842.384</dst>
            <dst id="KSCYng">14700.3973333333</dst>
            <dst id="LOSAng">67315.0293333333</dst>
            <dst id="NYCMng">138075.938666667</dst>
            <dst id="SNVAng">6490.92533333333</dst>
            <dst id="STTLng">20532.7413333333</dst>
            <dst id="WASHng">64623.6933333333</dst>
        </src>
        <src id="SNVAng">
            <dst id="ATLA-M5">547.642666666667</dst>
            <dst id="ATLAng">499.445333333333</dst>
            <dst id="CHINng">4950.94933333333</dst>
            <dst id="DNVRng">4515.99733333333</dst>
            <dst id="HSTNng">202.088</dst>
            <dst id="IPLSng">963.877333333333</dst>
            <dst id="KSCYng">670.016</dst>
            <dst id="LOSAng">33987.616</dst>
            <dst id="NYCMng">1276.37333333333</dst>
            <dst id="SNVAng">14329.8906666667</dst>
            <dst id="STTLng">54321.9333333333</dst>
            <dst id="WASHng">643.498666666667</dst>
        </src>
        <src id="STTLng">
            <dst id="ATLA-M5">207.826666666667</dst>
            <dst id="ATLAng">9735.11733333333</dst>
            <dst id="CHINng">75973.8826666667</dst>
            <dst id="DNVRng">6238.22933333333</dst>
            <dst id="HSTNng">1827.592</dst>
            <dst id="IPLSng">6425.07466666667</dst>
            <dst id="KSCYng">3406.45066666667</dst>
            <dst id="LOSAng">20468.8613333333</dst>
            <dst id="NYCMng">20105.9706666667</dst>
            <dst id="SNVAng">4940.368</dst>
            <dst id="STTLng">10159.4693333333</dst>
            <dst id="WASHng">9574.128</dst>
        </src>
        <src id="WASHng">
            <dst id="ATLA-M5">80.688</dst>
            <dst id="ATLAng">66405.1893333333</dst>
            <dst id="CHINng">59233.832</dst>
            <dst id="DNVRng">40388.1706666667</dst>
            <dst id="HSTNng">16614.7253333333</dst>
            <dst id="IPLSng">51825.1306666667</dst>
            <dst id="KSCYng">8144.784</dst>
            <dst id="LOSAng">59342.1173333333</dst>
            <dst id="NYCMng">164323.282666667</dst>
            <dst id="SNVAng">13863.5706666667</dst>
            <dst id="STTLng">40752.944</dst>
            <dst id="WASHng">356421.466666667</dst>
        </src>
    </IntraTM>
</TrafficMatrixFile>
