<?xml version="1.0" encoding="ISO-8859-1" standalone="yes"?>
<TrafficMatrixFile xsi:noNamespaceSchemaLocation="http://totem.run.montefiore.ulg.ac.be/Schema/TrafficMatrix-v1_2.xsd" xmlns:xsi="http://www.w3.org/2001/XMLSchema-instance">
    <IntraTM ASID="11537">
        <src id="ATLA-M5">
            <dst id="ATLA-M5">929.050666666667</dst>
            <dst id="ATLAng">689.925333333333</dst>
            <dst id="CHINng">1884.93333333333</dst>
            <dst id="DNVRng">229.493333333333</dst>
            <dst id="HSTNng">360.293333333333</dst>
            <dst id="IPLSng">2699.21066666667</dst>
            <dst id="KSCYng">451.802666666667</dst>
            <dst id="LOSAng">849.482666666667</dst>
            <dst id="NYCMng">1644.98933333333</dst>
            <dst id="SNVAng">134.677333333333</dst>
            <dst id="STTLng">188.557333333333</dst>
            <dst id="WASHng">2181.696</dst>
        </src>
        <src id="ATLAng">
            <dst id="ATLA-M5">1589.49066666667</dst>
            <dst id="ATLAng">42323.6906666667</dst>
            <dst id="CHINng">24545.096</dst>
            <dst id="DNVRng">6264.72533333333</dst>
            <dst id="HSTNng">3748.30666666667</dst>
            <dst id="IPLSng">30742.2213333333</dst>
            <dst id="KSCYng">5440.55466666667</dst>
            <dst id="LOSAng">23453.3653333333</dst>
            <dst id="NYCMng">20803.56</dst>
            <dst id="SNVAng">1270.51466666667</dst>
            <dst id="STTLng">8691.94933333334</dst>
            <dst id="WASHng">61319.6426666667</dst>
        </src>
        <src id="CHINng">
            <dst id="ATLA-M5">658.829333333333</dst>
            <dst id="ATLAng">13916.0106666667</dst>
            <dst id="CHINng">30805.5786666667</dst>
            <dst id="DNVRng">10810.6933333333</dst>
            <dst id="HSTNng">9743.48533333333</dst>
            <dst id="IPLSng">29395.5706666667</dst>
            <dst id="KSCYng">15419.1946666667</dst>
            <dst id="LOSAng">28003.944</dst>
            <dst id="NYCMng">4940.32266666667</dst>
            <dst id="SNVAng">2285.64533333333</dst>
            <dst id="STTLng">13241.936</dst>
            <dst id="WASHng">12173.0346666667</dst>
        </src>
        <src id="DNVRng">
            <dst id="ATLA-M5">650.138666666667</dst>
            <dst id="ATLAng">4918.11733333333</dst>
            <dst id="CHINng">29204.032</dst>
            <dst id="DNVRng">19150.6773333333</dst>
            <dst id="HSTNng">10012.2746666667</dst>
            <dst id="IPLSng">26497.7493333333</dst>
            <dst id="KSCYng">15254.2</dst>
            <dst id="LOSAng">18859.496</dst>
            <dst id="NYCMng">7518.144</dst>
            <dst id="SNVAng">17797.12</dst>
            <dst id="STTLng">21781.4133333333</dst>
            <dst id="WASHng">15870.6826666667</dst>
        </src>
        <src id="HSTNng">
            <dst id="ATLA-M5">2651.05333333333</dst>
            <dst id="ATLAng">2986.192</dst>
            <dst id="CHINng">22040.8453333333</dst>
            <dst id="DNVRng">5246.04533333333</dst>
            <dst id="HSTNng">9024.008</dst>
            <dst id="IPLSng">12621.464</dst>
            <dst id="KSCYng">4189.86133333333</dst>
            <dst id="LOSAng">7913.62933333333</dst>
            <dst id="NYCMng">13232.552</dst>
            <dst id="SNVAng">2410.88533333333</dst>
            <dst id="STTLng">2105.47466666667</dst>
            <dst id="WASHng">29598.92</dst>
        </src>
        <src id="IPLSng">
            <dst id="ATLA-M5">917.901333333333</dst>
            <dst id="ATLAng">23449.3706666667</dst>
            <dst id="CHINng">69410.0933333333</dst>
            <dst id="DNVRng">9565.65066666667</dst>
            <dst id="HSTNng">5519.02133333333</dst>
            <dst id="IPLSng">30939.672</dst>
            <dst id="KSCYng">13897.5946666667</dst>
            <dst id="LOSAng">19854.4</dst>
            <dst id="NYCMng">44769.6746666667</dst>
            <dst id="SNVAng">3422.40266666667</dst>
            <dst id="STTLng">16394.448</dst>
            <dst id="WASHng">55562.872</dst>
        </src>
        <src id="KSCYng">
            <dst id="ATLA-M5">671.341333333333</dst>
            <dst id="ATLAng">4849.10933333333</dst>
            <dst id="CHINng">27155.088</dst>
            <dst id="DNVRng">7693.78933333333</dst>
            <dst id="HSTNng">4654.52533333333</dst>
            <dst id="IPLSng">19082.36</dst>
            <dst id="KSCYng">5734.62666666667</dst>
            <dst id="LOSAng">6323.72</dst>
            <dst id="NYCMng">9601.42666666667</dst>
            <dst id="SNVAng">1678.48533333333</dst>
            <dst id="STTLng">4919.08266666667</dst>
            <dst id="WASHng">19721.1706666667</dst>
        </src>
        <src id="LOSAng">
            <dst id="ATLA-M5">482.786666666667</dst>
            <dst id="ATLAng">20782.4826666667</dst>
            <dst id="CHINng">76824.0293333333</dst>
            <dst id="DNVRng">16457.384</dst>
            <dst id="HSTNng">11022.8106666667</dst>
            <dst id="IPLSng">37406.9866666667</dst>
            <dst id="KSCYng">11303.9546666667</dst>
            <dst id="LOSAng">16947.0186666667</dst>
            <dst id="NYCMng">58407.504</dst>
            <dst id="SNVAng">6280.24533333333</dst>
            <dst id="STTLng">32598.1973333333</dst>
            <dst id="WASHng">56720.904</dst>
        </src>
        <src id="NYCMng">
            <dst id="ATLA-M5">2864.81066666667</dst>
            <dst id="ATLAng">47426.5733333333</dst>
            <dst id="CHINng">70461.968</dst>
            <dst id="DNVRng">27412.5706666667</dst>
            <dst id="HSTNng">32381.7973333333</dst>
            <dst id="IPLSng">81413.712</dst>
            <dst id="KSCYng">26487.9893333333</dst>
            <dst id="LOSAng">69856.9626666667</dst>
            <dst id="NYCMng">129003.304</dst>
            <dst id="SNVAng">10186.088</dst>
            <dst id="STTLng">30007.056</dst>
            <dst id="WASHng">113115.805333333</dst>
        </src>
        <src id="SNVAng">
            <dst id="ATLA-M5">151.618666666667</dst>
            <dst id="ATLAng">2236.16533333333</dst>
            <dst id="CHINng">3140.15466666667</dst>
            <dst id="DNVRng">13078.0133333333</dst>
            <dst id="HSTNng">1389.448</dst>
            <dst id="IPLSng">1875.32266666667</dst>
            <dst id="KSCYng">650.877333333333</dst>
            <dst id="LOSAng">2832.56266666667</dst>
            <dst id="NYCMng">2699.18933333333</dst>
            <dst id="SNVAng">323.114666666667</dst>
            <dst id="STTLng">1769.192</dst>
            <dst id="WASHng">2334.41333333333</dst>
        </src>
        <src id="STTLng">
            <dst id="ATLA-M5">191.514666666667</dst>
            <dst id="ATLAng">19009.5866666667</dst>
            <dst id="CHINng">43966.1253333333</dst>
            <dst id="DNVRng">4514.53866666667</dst>
            <dst id="HSTNng">4589.432</dst>
            <dst id="IPLSng">13086.4906666667</dst>
            <dst id="KSCYng">5453.31733333333</dst>
            <dst id="LOSAng">26502.2373333333</dst>
            <dst id="NYCMng">23162.7093333333</dst>
            <dst id="SNVAng">2169.77333333333</dst>
            <dst id="STTLng">5862.2</dst>
            <dst id="WASHng">13599.128</dst>
        </src>
        <src id="WASHng">
            <dst id="ATLA-M5">1468.09333333333</dst>
            <dst id="ATLAng">119233.064</dst>
            <dst id="CHINng">103304.322666667</dst>
            <dst id="DNVRng">43147.4186666667</dst>
            <dst id="HSTNng">22528.7173333333</dst>
            <dst id="IPLSng">59901.9146666667</dst>
            <dst id="KSCYng">19549.2266666667</dst>
            <dst id="LOSAng">76354.0933333333</dst>
            <dst id="NYCMng">164774.445333333</dst>
            <dst id="SNVAng">6039.58133333333</dst>
            <dst id="STTLng">33053.6666666667</dst>
            <dst id="WASHng">216654.504</dst>
        </src>
    </IntraTM>
</TrafficMatrixFile>
