<?xml version="1.0" encoding="ISO-8859-1" standalone="yes"?>
<TrafficMatrixFile xsi:noNamespaceSchemaLocation="http://totem.run.montefiore.ulg.ac.be/Schema/TrafficMatrix-v1_2.xsd" xmlns:xsi="http://www.w3.org/2001/XMLSchema-instance">
    <IntraTM ASID="11537">
        <src id="ATLA-M5">
            <dst id="ATLA-M5">0</dst>
            <dst id="ATLAng">648.888</dst>
            <dst id="CHINng">2305.38666666667</dst>
            <dst id="DNVRng">1926.78133333333</dst>
            <dst id="HSTNng">397.973333333333</dst>
            <dst id="IPLSng">2128.64266666667</dst>
            <dst id="KSCYng">456.205333333333</dst>
            <dst id="LOSAng">875.122666666666</dst>
            <dst id="NYCMng">1319.592</dst>
            <dst id="SNVAng">685.378666666667</dst>
            <dst id="STTLng">146.776</dst>
            <dst id="WASHng">1899.336</dst>
        </src>
        <src id="ATLAng">
            <dst id="ATLA-M5">1204.33866666667</dst>
            <dst id="ATLAng">21653.6906666667</dst>
            <dst id="CHINng">25067.92</dst>
            <dst id="DNVRng">5170.73333333333</dst>
            <dst id="HSTNng">6234.38133333333</dst>
            <dst id="IPLSng">34136.0666666667</dst>
            <dst id="KSCYng">9670.288</dst>
            <dst id="LOSAng">32839.4186666667</dst>
            <dst id="NYCMng">36917.4853333333</dst>
            <dst id="SNVAng">1509.45333333333</dst>
            <dst id="STTLng">8926.088</dst>
            <dst id="WASHng">110756.629333333</dst>
        </src>
        <src id="CHINng">
            <dst id="ATLA-M5">4833.41066666667</dst>
            <dst id="ATLAng">19836.352</dst>
            <dst id="CHINng">32783.2213333333</dst>
            <dst id="DNVRng">11249.568</dst>
            <dst id="HSTNng">12582.9546666667</dst>
            <dst id="IPLSng">33329.7893333333</dst>
            <dst id="KSCYng">7629.57066666667</dst>
            <dst id="LOSAng">41958.1466666667</dst>
            <dst id="NYCMng">5405.62666666667</dst>
            <dst id="SNVAng">9908.096</dst>
            <dst id="STTLng">9893.35733333333</dst>
            <dst id="WASHng">28838.1146666667</dst>
        </src>
        <src id="DNVRng">
            <dst id="ATLA-M5">830.517333333333</dst>
            <dst id="ATLAng">8168.65866666667</dst>
            <dst id="CHINng">53433.5946666667</dst>
            <dst id="DNVRng">27165.488</dst>
            <dst id="HSTNng">18367.4906666667</dst>
            <dst id="IPLSng">29924.2986666667</dst>
            <dst id="KSCYng">24053.6693333333</dst>
            <dst id="LOSAng">15175.2613333333</dst>
            <dst id="NYCMng">30116.864</dst>
            <dst id="SNVAng">13354.816</dst>
            <dst id="STTLng">20419.36</dst>
            <dst id="WASHng">61406.5093333333</dst>
        </src>
        <src id="HSTNng">
            <dst id="ATLA-M5">868.781333333333</dst>
            <dst id="ATLAng">4271.74933333333</dst>
            <dst id="CHINng">19501.3413333333</dst>
            <dst id="DNVRng">5316.656</dst>
            <dst id="HSTNng">15652.6426666667</dst>
            <dst id="IPLSng">12891.744</dst>
            <dst id="KSCYng">4304.62133333333</dst>
            <dst id="LOSAng">206808.642666667</dst>
            <dst id="NYCMng">5886.52533333333</dst>
            <dst id="SNVAng">1877.376</dst>
            <dst id="STTLng">4446.912</dst>
            <dst id="WASHng">14923.4746666667</dst>
        </src>
        <src id="IPLSng">
            <dst id="ATLA-M5">1933.16533333333</dst>
            <dst id="ATLAng">17284.2533333333</dst>
            <dst id="CHINng">113743.146666667</dst>
            <dst id="DNVRng">30943.08</dst>
            <dst id="HSTNng">11691.744</dst>
            <dst id="IPLSng">33493.84</dst>
            <dst id="KSCYng">12755.872</dst>
            <dst id="LOSAng">31949.424</dst>
            <dst id="NYCMng">43609.4586666667</dst>
            <dst id="SNVAng">9601.472</dst>
            <dst id="STTLng">15960.4933333333</dst>
            <dst id="WASHng">48560.4346666667</dst>
        </src>
        <src id="KSCYng">
            <dst id="ATLA-M5">544.264</dst>
            <dst id="ATLAng">13423.3493333333</dst>
            <dst id="CHINng">44461.9546666667</dst>
            <dst id="DNVRng">13243.464</dst>
            <dst id="HSTNng">5883.61866666667</dst>
            <dst id="IPLSng">21811.8666666667</dst>
            <dst id="KSCYng">11106.2426666667</dst>
            <dst id="LOSAng">9094.23466666667</dst>
            <dst id="NYCMng">16092.976</dst>
            <dst id="SNVAng">1094.65066666667</dst>
            <dst id="STTLng">10549.08</dst>
            <dst id="WASHng">16749.7786666667</dst>
        </src>
        <src id="LOSAng">
            <dst id="ATLA-M5">613.893333333333</dst>
            <dst id="ATLAng">26715.6133333333</dst>
            <dst id="CHINng">118651.493333333</dst>
            <dst id="DNVRng">18777.1466666667</dst>
            <dst id="HSTNng">16506.328</dst>
            <dst id="IPLSng">42769.9413333333</dst>
            <dst id="KSCYng">11267.824</dst>
            <dst id="LOSAng">28829.9706666667</dst>
            <dst id="NYCMng">64576.512</dst>
            <dst id="SNVAng">16308.576</dst>
            <dst id="STTLng">41913.312</dst>
            <dst id="WASHng">77561.6026666667</dst>
        </src>
        <src id="NYCMng">
            <dst id="ATLA-M5">3196.25866666667</dst>
            <dst id="ATLAng">58069.1813333333</dst>
            <dst id="CHINng">84361.888</dst>
            <dst id="DNVRng">45317.1626666667</dst>
            <dst id="HSTNng">41420.8853333333</dst>
            <dst id="IPLSng">93511.2933333333</dst>
            <dst id="KSCYng">19216.92</dst>
            <dst id="LOSAng">99647.0026666667</dst>
            <dst id="NYCMng">155481.634666667</dst>
            <dst id="SNVAng">15026.0986666667</dst>
            <dst id="STTLng">38499.5813333333</dst>
            <dst id="WASHng">134859.506666667</dst>
        </src>
        <src id="SNVAng">
            <dst id="ATLA-M5">825.376</dst>
            <dst id="ATLAng">1260.136</dst>
            <dst id="CHINng">10571.0453333333</dst>
            <dst id="DNVRng">7317.26933333333</dst>
            <dst id="HSTNng">1069.48266666667</dst>
            <dst id="IPLSng">3134.024</dst>
            <dst id="KSCYng">712.101333333333</dst>
            <dst id="LOSAng">40368.0346666667</dst>
            <dst id="NYCMng">4216.896</dst>
            <dst id="SNVAng">23161.32</dst>
            <dst id="STTLng">63382.8186666667</dst>
            <dst id="WASHng">3340.39733333333</dst>
        </src>
        <src id="STTLng">
            <dst id="ATLA-M5">201.245333333333</dst>
            <dst id="ATLAng">12935.448</dst>
            <dst id="CHINng">57483.0266666667</dst>
            <dst id="DNVRng">5499.456</dst>
            <dst id="HSTNng">3988</dst>
            <dst id="IPLSng">24602.6746666667</dst>
            <dst id="KSCYng">6289.33333333333</dst>
            <dst id="LOSAng">37758.1146666667</dst>
            <dst id="NYCMng">25834.5253333333</dst>
            <dst id="SNVAng">9711.70133333333</dst>
            <dst id="STTLng">15979.016</dst>
            <dst id="WASHng">19612.2826666667</dst>
        </src>
        <src id="WASHng">
            <dst id="ATLA-M5">1889.57866666667</dst>
            <dst id="ATLAng">134387.077333333</dst>
            <dst id="CHINng">121762.146666667</dst>
            <dst id="DNVRng">91188.8746666667</dst>
            <dst id="HSTNng">33559.8453333333</dst>
            <dst id="IPLSng">74357.7946666667</dst>
            <dst id="KSCYng">18804.7493333333</dst>
            <dst id="LOSAng">87233.3973333333</dst>
            <dst id="NYCMng">202076.277333333</dst>
            <dst id="SNVAng">8947.26933333333</dst>
            <dst id="STTLng">35286.648</dst>
            <dst id="WASHng">252524.490666667</dst>
        </src>
    </IntraTM>
</TrafficMatrixFile>
