<?xml version="1.0" encoding="ISO-8859-1" standalone="yes"?>
<TrafficMatrixFile xsi:noNamespaceSchemaLocation="http://totem.run.montefiore.ulg.ac.be/Schema/TrafficMatrix-v1_2.xsd" xmlns:xsi="http://www.w3.org/2001/XMLSchema-instance">
    <IntraTM ASID="11537">
        <src id="ATLA-M5">
            <dst id="ATLA-M5">147.933333333333</dst>
            <dst id="ATLAng">380.336</dst>
            <dst id="CHINng">1790.96266666667</dst>
            <dst id="DNVRng">1285.13066666667</dst>
            <dst id="HSTNng">661.842666666667</dst>
            <dst id="IPLSng">2534.352</dst>
            <dst id="KSCYng">545.976</dst>
            <dst id="LOSAng">1230.49866666667</dst>
            <dst id="NYCMng">1520.02933333333</dst>
            <dst id="SNVAng">149.013333333333</dst>
            <dst id="STTLng">196.498666666667</dst>
            <dst id="WASHng">4410.05866666667</dst>
        </src>
        <src id="ATLAng">
            <dst id="ATLA-M5">1679.23466666667</dst>
            <dst id="ATLAng">28579.2</dst>
            <dst id="CHINng">60754.488</dst>
            <dst id="DNVRng">19471.296</dst>
            <dst id="HSTNng">5018.416</dst>
            <dst id="IPLSng">28059.688</dst>
            <dst id="KSCYng">24694.6506666667</dst>
            <dst id="LOSAng">24533.8893333333</dst>
            <dst id="NYCMng">20510.9893333333</dst>
            <dst id="SNVAng">3226.37466666667</dst>
            <dst id="STTLng">9819.296</dst>
            <dst id="WASHng">99507.9493333333</dst>
        </src>
        <src id="CHINng">
            <dst id="ATLA-M5">3845.136</dst>
            <dst id="ATLAng">24125.544</dst>
            <dst id="CHINng">63958.8666666667</dst>
            <dst id="DNVRng">18552.936</dst>
            <dst id="HSTNng">23417.6506666667</dst>
            <dst id="IPLSng">30314.5066666667</dst>
            <dst id="KSCYng">15407.6453333333</dst>
            <dst id="LOSAng">28959.0106666667</dst>
            <dst id="NYCMng">10637.9386666667</dst>
            <dst id="SNVAng">5359.99733333333</dst>
            <dst id="STTLng">22348.3786666667</dst>
            <dst id="WASHng">18235.632</dst>
        </src>
        <src id="DNVRng">
            <dst id="ATLA-M5">1964.248</dst>
            <dst id="ATLAng">12125.8053333333</dst>
            <dst id="CHINng">66576.656</dst>
            <dst id="DNVRng">16320.8906666667</dst>
            <dst id="HSTNng">17076.536</dst>
            <dst id="IPLSng">36836.4213333333</dst>
            <dst id="KSCYng">27562.3333333333</dst>
            <dst id="LOSAng">23792.6373333333</dst>
            <dst id="NYCMng">31986.904</dst>
            <dst id="SNVAng">19057.472</dst>
            <dst id="STTLng">25330.9226666667</dst>
            <dst id="WASHng">53627.7306666667</dst>
        </src>
        <src id="HSTNng">
            <dst id="ATLA-M5">1963.22666666667</dst>
            <dst id="ATLAng">5747.68</dst>
            <dst id="CHINng">23788.2373333333</dst>
            <dst id="DNVRng">4739.44</dst>
            <dst id="HSTNng">10613.3413333333</dst>
            <dst id="IPLSng">10481.6693333333</dst>
            <dst id="KSCYng">6068.832</dst>
            <dst id="LOSAng">162541.808</dst>
            <dst id="NYCMng">6424.58933333333</dst>
            <dst id="SNVAng">2757.51733333333</dst>
            <dst id="STTLng">3787.38133333333</dst>
            <dst id="WASHng">10239.608</dst>
        </src>
        <src id="IPLSng">
            <dst id="ATLA-M5">685.248</dst>
            <dst id="ATLAng">20161.4346666667</dst>
            <dst id="CHINng">146901.930666667</dst>
            <dst id="DNVRng">40859.2</dst>
            <dst id="HSTNng">13865.9013333333</dst>
            <dst id="IPLSng">48545.2346666667</dst>
            <dst id="KSCYng">24289.0453333333</dst>
            <dst id="LOSAng">98236.5733333333</dst>
            <dst id="NYCMng">79693.7786666667</dst>
            <dst id="SNVAng">9586.93866666667</dst>
            <dst id="STTLng">12267.36</dst>
            <dst id="WASHng">58564.7493333333</dst>
        </src>
        <src id="KSCYng">
            <dst id="ATLA-M5">375.554666666667</dst>
            <dst id="ATLAng">10115.456</dst>
            <dst id="CHINng">43442.0453333333</dst>
            <dst id="DNVRng">16817.7813333333</dst>
            <dst id="HSTNng">8964.53333333333</dst>
            <dst id="IPLSng">15156.256</dst>
            <dst id="KSCYng">8812.208</dst>
            <dst id="LOSAng">5773.856</dst>
            <dst id="NYCMng">10215.1893333333</dst>
            <dst id="SNVAng">1642.624</dst>
            <dst id="STTLng">4106.032</dst>
            <dst id="WASHng">31091.0293333333</dst>
        </src>
        <src id="LOSAng">
            <dst id="ATLA-M5">1481.69866666667</dst>
            <dst id="ATLAng">49436.3706666667</dst>
            <dst id="CHINng">140604.738666667</dst>
            <dst id="DNVRng">16152.6213333333</dst>
            <dst id="HSTNng">13201.2053333333</dst>
            <dst id="IPLSng">46991.68</dst>
            <dst id="KSCYng">9947.05066666667</dst>
            <dst id="LOSAng">11659.296</dst>
            <dst id="NYCMng">64704.2266666667</dst>
            <dst id="SNVAng">12565.8106666667</dst>
            <dst id="STTLng">23341.9306666667</dst>
            <dst id="WASHng">75324.7413333333</dst>
        </src>
        <src id="NYCMng">
            <dst id="ATLA-M5">4351.128</dst>
            <dst id="ATLAng">61829.032</dst>
            <dst id="CHINng">93388.048</dst>
            <dst id="DNVRng">52444.9226666667</dst>
            <dst id="HSTNng">40374.3306666667</dst>
            <dst id="IPLSng">92856.848</dst>
            <dst id="KSCYng">33152.744</dst>
            <dst id="LOSAng">74082.7306666667</dst>
            <dst id="NYCMng">182892.082666667</dst>
            <dst id="SNVAng">13737.1786666667</dst>
            <dst id="STTLng">35581.3466666667</dst>
            <dst id="WASHng">138455.605333333</dst>
        </src>
        <src id="SNVAng">
            <dst id="ATLA-M5">171.869333333333</dst>
            <dst id="ATLAng">1533.29866666667</dst>
            <dst id="CHINng">7765.15733333333</dst>
            <dst id="DNVRng">6477.96533333333</dst>
            <dst id="HSTNng">1594.26933333333</dst>
            <dst id="IPLSng">6105.92266666667</dst>
            <dst id="KSCYng">1103.4</dst>
            <dst id="LOSAng">43453.8106666667</dst>
            <dst id="NYCMng">3724.60533333333</dst>
            <dst id="SNVAng">23543.3973333333</dst>
            <dst id="STTLng">70210.84</dst>
            <dst id="WASHng">2689.35466666667</dst>
        </src>
        <src id="STTLng">
            <dst id="ATLA-M5">285.645333333333</dst>
            <dst id="ATLAng">17016.4666666667</dst>
            <dst id="CHINng">93154.8026666667</dst>
            <dst id="DNVRng">10373.8666666667</dst>
            <dst id="HSTNng">7526.376</dst>
            <dst id="IPLSng">28297.5786666667</dst>
            <dst id="KSCYng">5765.70133333333</dst>
            <dst id="LOSAng">30471.7706666667</dst>
            <dst id="NYCMng">36020.6906666667</dst>
            <dst id="SNVAng">12545.592</dst>
            <dst id="STTLng">6267.368</dst>
            <dst id="WASHng">22426.208</dst>
        </src>
        <src id="WASHng">
            <dst id="ATLA-M5">1830.00266666667</dst>
            <dst id="ATLAng">159904.746666667</dst>
            <dst id="CHINng">113365.469333333</dst>
            <dst id="DNVRng">99365.104</dst>
            <dst id="HSTNng">32234.336</dst>
            <dst id="IPLSng">101632.653333333</dst>
            <dst id="KSCYng">39531.704</dst>
            <dst id="LOSAng">97063.472</dst>
            <dst id="NYCMng">246152.152</dst>
            <dst id="SNVAng">9345.38933333333</dst>
            <dst id="STTLng">42623.5653333333</dst>
            <dst id="WASHng">313676.293333333</dst>
        </src>
    </IntraTM>
</TrafficMatrixFile>
