<?xml version="1.0" encoding="ISO-8859-1" standalone="yes"?>
<TrafficMatrixFile xsi:noNamespaceSchemaLocation="http://totem.run.montefiore.ulg.ac.be/Schema/TrafficMatrix-v1_2.xsd" xmlns:xsi="http://www.w3.org/2001/XMLSchema-instance">
    <IntraTM ASID="11537">
        <src id="ATLA-M5">
            <dst id="ATLA-M5">26.6666666666667</dst>
            <dst id="ATLAng">1268.65333333333</dst>
            <dst id="CHINng">3164.28266666667</dst>
            <dst id="DNVRng">247.386666666667</dst>
            <dst id="HSTNng">701.970666666667</dst>
            <dst id="IPLSng">1847.10133333333</dst>
            <dst id="KSCYng">381.584</dst>
            <dst id="LOSAng">1783.912</dst>
            <dst id="NYCMng">602.669333333333</dst>
            <dst id="SNVAng">260.938666666667</dst>
            <dst id="STTLng">519.834666666667</dst>
            <dst id="WASHng">1664.84266666667</dst>
        </src>
        <src id="ATLAng">
            <dst id="ATLA-M5">1097.65066666667</dst>
            <dst id="ATLAng">26308.9146666667</dst>
            <dst id="CHINng">26991.1733333333</dst>
            <dst id="DNVRng">7743.90666666667</dst>
            <dst id="HSTNng">5910.37066666667</dst>
            <dst id="IPLSng">29454.2186666667</dst>
            <dst id="KSCYng">9603.18933333333</dst>
            <dst id="LOSAng">24596.1413333333</dst>
            <dst id="NYCMng">22313.736</dst>
            <dst id="SNVAng">991.848</dst>
            <dst id="STTLng">10896.5066666667</dst>
            <dst id="WASHng">63007.816</dst>
        </src>
        <src id="CHINng">
            <dst id="ATLA-M5">4571.01333333333</dst>
            <dst id="ATLAng">20122.5653333333</dst>
            <dst id="CHINng">34693.6693333333</dst>
            <dst id="DNVRng">8825.33066666667</dst>
            <dst id="HSTNng">17292.496</dst>
            <dst id="IPLSng">29486.6346666667</dst>
            <dst id="KSCYng">9333.752</dst>
            <dst id="LOSAng">39044.1226666667</dst>
            <dst id="NYCMng">4323.376</dst>
            <dst id="SNVAng">4162.74933333333</dst>
            <dst id="STTLng">8184.21866666667</dst>
            <dst id="WASHng">8052.09066666667</dst>
        </src>
        <src id="DNVRng">
            <dst id="ATLA-M5">192.608</dst>
            <dst id="ATLAng">9387.50666666667</dst>
            <dst id="CHINng">58054.3733333333</dst>
            <dst id="DNVRng">10440.96</dst>
            <dst id="HSTNng">13648.9413333333</dst>
            <dst id="IPLSng">31602.352</dst>
            <dst id="KSCYng">12498.24</dst>
            <dst id="LOSAng">10935.7733333333</dst>
            <dst id="NYCMng">26796.6986666667</dst>
            <dst id="SNVAng">9883.86933333333</dst>
            <dst id="STTLng">13165.472</dst>
            <dst id="WASHng">50809.3813333333</dst>
        </src>
        <src id="HSTNng">
            <dst id="ATLA-M5">1540.54933333333</dst>
            <dst id="ATLAng">8748.70133333333</dst>
            <dst id="CHINng">38138.1973333333</dst>
            <dst id="DNVRng">4648.56</dst>
            <dst id="HSTNng">7263.76533333333</dst>
            <dst id="IPLSng">10165.096</dst>
            <dst id="KSCYng">4214.34133333333</dst>
            <dst id="LOSAng">12300.232</dst>
            <dst id="NYCMng">6670.52533333333</dst>
            <dst id="SNVAng">1926.048</dst>
            <dst id="STTLng">4261.87733333333</dst>
            <dst id="WASHng">12965.1386666667</dst>
        </src>
        <src id="IPLSng">
            <dst id="ATLA-M5">1267.44266666667</dst>
            <dst id="ATLAng">18736.5333333333</dst>
            <dst id="CHINng">80536.8746666666</dst>
            <dst id="DNVRng">25226.6346666667</dst>
            <dst id="HSTNng">7993.384</dst>
            <dst id="IPLSng">25861.1226666667</dst>
            <dst id="KSCYng">12820.7093333333</dst>
            <dst id="LOSAng">90009.984</dst>
            <dst id="NYCMng">49472.5973333333</dst>
            <dst id="SNVAng">6422.008</dst>
            <dst id="STTLng">11432.6906666667</dst>
            <dst id="WASHng">47605.472</dst>
        </src>
        <src id="KSCYng">
            <dst id="ATLA-M5">664.925333333333</dst>
            <dst id="ATLAng">8830.01866666667</dst>
            <dst id="CHINng">31042.0826666667</dst>
            <dst id="DNVRng">17382.2746666667</dst>
            <dst id="HSTNng">3641.61333333333</dst>
            <dst id="IPLSng">12616.4026666667</dst>
            <dst id="KSCYng">8549.58933333333</dst>
            <dst id="LOSAng">7645.24533333333</dst>
            <dst id="NYCMng">10560.5706666667</dst>
            <dst id="SNVAng">1924.856</dst>
            <dst id="STTLng">4042.36533333333</dst>
            <dst id="WASHng">15068.416</dst>
        </src>
        <src id="LOSAng">
            <dst id="ATLA-M5">816.498666666667</dst>
            <dst id="ATLAng">33019.7173333333</dst>
            <dst id="CHINng">104598.997333333</dst>
            <dst id="DNVRng">12694.5973333333</dst>
            <dst id="HSTNng">12330.52</dst>
            <dst id="IPLSng">51316.832</dst>
            <dst id="KSCYng">12081.6</dst>
            <dst id="LOSAng">23841.2613333333</dst>
            <dst id="NYCMng">64343.6773333333</dst>
            <dst id="SNVAng">10684.9786666667</dst>
            <dst id="STTLng">35045.32</dst>
            <dst id="WASHng">70472.0346666667</dst>
        </src>
        <src id="NYCMng">
            <dst id="ATLA-M5">3760.31733333333</dst>
            <dst id="ATLAng">55211.3893333333</dst>
            <dst id="CHINng">81388.7893333333</dst>
            <dst id="DNVRng">37462.8133333333</dst>
            <dst id="HSTNng">37693.7466666667</dst>
            <dst id="IPLSng">87318.5866666667</dst>
            <dst id="KSCYng">27590.2533333333</dst>
            <dst id="LOSAng">96995.048</dst>
            <dst id="NYCMng">123280.562666667</dst>
            <dst id="SNVAng">10742.5813333333</dst>
            <dst id="STTLng">47516.344</dst>
            <dst id="WASHng">101753.658666667</dst>
        </src>
        <src id="SNVAng">
            <dst id="ATLA-M5">126.309333333333</dst>
            <dst id="ATLAng">422.554666666667</dst>
            <dst id="CHINng">4713.768</dst>
            <dst id="DNVRng">6545.01066666667</dst>
            <dst id="HSTNng">1388.90133333333</dst>
            <dst id="IPLSng">2593.30933333333</dst>
            <dst id="KSCYng">1267.976</dst>
            <dst id="LOSAng">47710.032</dst>
            <dst id="NYCMng">2708.50933333333</dst>
            <dst id="SNVAng">18064.7573333333</dst>
            <dst id="STTLng">65000.216</dst>
            <dst id="WASHng">2297.91733333333</dst>
        </src>
        <src id="STTLng">
            <dst id="ATLA-M5">234.810666666667</dst>
            <dst id="ATLAng">15727.0986666667</dst>
            <dst id="CHINng">48984.2186666667</dst>
            <dst id="DNVRng">5139.06666666667</dst>
            <dst id="HSTNng">4631.688</dst>
            <dst id="IPLSng">17374.4026666667</dst>
            <dst id="KSCYng">5870.83733333333</dst>
            <dst id="LOSAng">34673.7546666667</dst>
            <dst id="NYCMng">27005.6586666667</dst>
            <dst id="SNVAng">6675.768</dst>
            <dst id="STTLng">21558.0853333333</dst>
            <dst id="WASHng">18386.5866666667</dst>
        </src>
        <src id="WASHng">
            <dst id="ATLA-M5">2591.984</dst>
            <dst id="ATLAng">142618.181333333</dst>
            <dst id="CHINng">85398.752</dst>
            <dst id="DNVRng">64356.344</dst>
            <dst id="HSTNng">34792.8373333333</dst>
            <dst id="IPLSng">91893.4986666667</dst>
            <dst id="KSCYng">11696.9546666667</dst>
            <dst id="LOSAng">78302.9466666667</dst>
            <dst id="NYCMng">174569.738666667</dst>
            <dst id="SNVAng">19548.912</dst>
            <dst id="STTLng">41546.6026666667</dst>
            <dst id="WASHng">216835.877333333</dst>
        </src>
    </IntraTM>
</TrafficMatrixFile>
