<?xml version="1.0" encoding="ISO-8859-1" standalone="yes"?>
<TrafficMatrixFile xsi:noNamespaceSchemaLocation="http://totem.run.montefiore.ulg.ac.be/Schema/TrafficMatrix-v1_2.xsd" xmlns:xsi="http://www.w3.org/2001/XMLSchema-instance">
    <IntraTM ASID="11537">
        <src id="ATLA-M5">
            <dst id="ATLA-M5">59.0293333333333</dst>
            <dst id="ATLAng">429.730666666667</dst>
            <dst id="CHINng">957.069333333333</dst>
            <dst id="DNVRng">112.757333333333</dst>
            <dst id="HSTNng">328.698666666667</dst>
            <dst id="IPLSng">813.101333333333</dst>
            <dst id="KSCYng">210.634666666667</dst>
            <dst id="LOSAng">137.730666666667</dst>
            <dst id="NYCMng">724.794666666667</dst>
            <dst id="SNVAng">26.6666666666667</dst>
            <dst id="STTLng">213.685333333333</dst>
            <dst id="WASHng">1745.976</dst>
        </src>
        <src id="ATLAng">
            <dst id="ATLA-M5">1453.81066666667</dst>
            <dst id="ATLAng">98371.4213333333</dst>
            <dst id="CHINng">18667.4693333333</dst>
            <dst id="DNVRng">7828.44533333333</dst>
            <dst id="HSTNng">5956.87733333333</dst>
            <dst id="IPLSng">24020.0853333333</dst>
            <dst id="KSCYng">6767.62133333333</dst>
            <dst id="LOSAng">19119.3813333333</dst>
            <dst id="NYCMng">18953.1546666667</dst>
            <dst id="SNVAng">1550.104</dst>
            <dst id="STTLng">8810.56266666667</dst>
            <dst id="WASHng">68250.064</dst>
        </src>
        <src id="CHINng">
            <dst id="ATLA-M5">3709.38666666667</dst>
            <dst id="ATLAng">11565.4613333333</dst>
            <dst id="CHINng">40038.0373333333</dst>
            <dst id="DNVRng">11523.448</dst>
            <dst id="HSTNng">8440.92533333334</dst>
            <dst id="IPLSng">22367.8906666667</dst>
            <dst id="KSCYng">13612.6853333333</dst>
            <dst id="LOSAng">21605.696</dst>
            <dst id="NYCMng">6159.52</dst>
            <dst id="SNVAng">3529.93333333333</dst>
            <dst id="STTLng">9278.34666666667</dst>
            <dst id="WASHng">10390.3893333333</dst>
        </src>
        <src id="DNVRng">
            <dst id="ATLA-M5">195.554666666667</dst>
            <dst id="ATLAng">4623.31466666667</dst>
            <dst id="CHINng">43622.8453333333</dst>
            <dst id="DNVRng">7210.09333333333</dst>
            <dst id="HSTNng">3109.816</dst>
            <dst id="IPLSng">10818.512</dst>
            <dst id="KSCYng">9263.98933333333</dst>
            <dst id="LOSAng">20194.6746666667</dst>
            <dst id="NYCMng">15852.36</dst>
            <dst id="SNVAng">16675.7066666667</dst>
            <dst id="STTLng">13011.2133333333</dst>
            <dst id="WASHng">13103.5066666667</dst>
        </src>
        <src id="HSTNng">
            <dst id="ATLA-M5">518.538666666667</dst>
            <dst id="ATLAng">4067.91466666667</dst>
            <dst id="CHINng">27684.7066666667</dst>
            <dst id="DNVRng">2873.512</dst>
            <dst id="HSTNng">7585.85866666667</dst>
            <dst id="IPLSng">8102.14933333333</dst>
            <dst id="KSCYng">4277.232</dst>
            <dst id="LOSAng">7005.70933333333</dst>
            <dst id="NYCMng">9424.456</dst>
            <dst id="SNVAng">1931.13866666667</dst>
            <dst id="STTLng">2981.74933333333</dst>
            <dst id="WASHng">6757.95466666667</dst>
        </src>
        <src id="IPLSng">
            <dst id="ATLA-M5">8045.53866666667</dst>
            <dst id="ATLAng">27398.856</dst>
            <dst id="CHINng">74836.128</dst>
            <dst id="DNVRng">6093.128</dst>
            <dst id="HSTNng">6185.25866666667</dst>
            <dst id="IPLSng">38415.1946666667</dst>
            <dst id="KSCYng">17265.7493333333</dst>
            <dst id="LOSAng">24219.3893333333</dst>
            <dst id="NYCMng">33187.6453333333</dst>
            <dst id="SNVAng">7723.18666666667</dst>
            <dst id="STTLng">13280.9866666667</dst>
            <dst id="WASHng">44599.4773333333</dst>
        </src>
        <src id="KSCYng">
            <dst id="ATLA-M5">528.082666666667</dst>
            <dst id="ATLAng">4753.01866666667</dst>
            <dst id="CHINng">34392.264</dst>
            <dst id="DNVRng">8836.38133333333</dst>
            <dst id="HSTNng">4817.872</dst>
            <dst id="IPLSng">14227.8506666667</dst>
            <dst id="KSCYng">6314.41866666667</dst>
            <dst id="LOSAng">5408.45333333333</dst>
            <dst id="NYCMng">14816.048</dst>
            <dst id="SNVAng">1014.24266666667</dst>
            <dst id="STTLng">2396.50666666667</dst>
            <dst id="WASHng">14045.8373333333</dst>
        </src>
        <src id="LOSAng">
            <dst id="ATLA-M5">1117.344</dst>
            <dst id="ATLAng">25754.2933333333</dst>
            <dst id="CHINng">83526.3306666667</dst>
            <dst id="DNVRng">7349.48</dst>
            <dst id="HSTNng">14581.7973333333</dst>
            <dst id="IPLSng">42645.9573333333</dst>
            <dst id="KSCYng">10167.5306666667</dst>
            <dst id="LOSAng">20403.016</dst>
            <dst id="NYCMng">59744.5466666667</dst>
            <dst id="SNVAng">6550.47466666667</dst>
            <dst id="STTLng">28280.4266666667</dst>
            <dst id="WASHng">53768.344</dst>
        </src>
        <src id="NYCMng">
            <dst id="ATLA-M5">1711.296</dst>
            <dst id="ATLAng">42082.9946666667</dst>
            <dst id="CHINng">68381.8693333333</dst>
            <dst id="DNVRng">15336.1546666667</dst>
            <dst id="HSTNng">20202.0426666667</dst>
            <dst id="IPLSng">87184.728</dst>
            <dst id="KSCYng">35718.4506666667</dst>
            <dst id="LOSAng">70016.04</dst>
            <dst id="NYCMng">134536.946666667</dst>
            <dst id="SNVAng">7329.03733333333</dst>
            <dst id="STTLng">23763.8426666667</dst>
            <dst id="WASHng">101804.528</dst>
        </src>
        <src id="SNVAng">
            <dst id="ATLA-M5">0</dst>
            <dst id="ATLAng">1027.712</dst>
            <dst id="CHINng">4185.088</dst>
            <dst id="DNVRng">16080.296</dst>
            <dst id="HSTNng">1569.67466666667</dst>
            <dst id="IPLSng">6300.24266666667</dst>
            <dst id="KSCYng">1605.14933333333</dst>
            <dst id="LOSAng">6592.24266666667</dst>
            <dst id="NYCMng">4685.576</dst>
            <dst id="SNVAng">425.314666666667</dst>
            <dst id="STTLng">2576.18933333333</dst>
            <dst id="WASHng">2425.22933333333</dst>
        </src>
        <src id="STTLng">
            <dst id="ATLA-M5">86.7226666666667</dst>
            <dst id="ATLAng">20800.8213333333</dst>
            <dst id="CHINng">24800.8506666667</dst>
            <dst id="DNVRng">4304.22666666667</dst>
            <dst id="HSTNng">3832.74666666667</dst>
            <dst id="IPLSng">7705.64</dst>
            <dst id="KSCYng">2752.57866666667</dst>
            <dst id="LOSAng">16748.4586666667</dst>
            <dst id="NYCMng">19997.7546666667</dst>
            <dst id="SNVAng">3455.89066666667</dst>
            <dst id="STTLng">4244.19733333333</dst>
            <dst id="WASHng">9513.40533333333</dst>
        </src>
        <src id="WASHng">
            <dst id="ATLA-M5">2641.16533333333</dst>
            <dst id="ATLAng">113192.170666667</dst>
            <dst id="CHINng">91158.6906666666</dst>
            <dst id="DNVRng">38670.8826666667</dst>
            <dst id="HSTNng">18032.672</dst>
            <dst id="IPLSng">69036.4186666667</dst>
            <dst id="KSCYng">20083.6106666667</dst>
            <dst id="LOSAng">61511.2293333333</dst>
            <dst id="NYCMng">157824.765333333</dst>
            <dst id="SNVAng">7077.26666666667</dst>
            <dst id="STTLng">23608.6586666667</dst>
            <dst id="WASHng">187530.221333333</dst>
        </src>
    </IntraTM>
</TrafficMatrixFile>
