<?xml version="1.0" encoding="ISO-8859-1" standalone="yes"?>
<TrafficMatrixFile xsi:noNamespaceSchemaLocation="http://totem.run.montefiore.ulg.ac.be/Schema/TrafficMatrix-v1_2.xsd" xmlns:xsi="http://www.w3.org/2001/XMLSchema-instance">
    <IntraTM ASID="11537">
        <src id="ATLA-M5">
            <dst id="ATLA-M5">0</dst>
            <dst id="ATLAng">958.277333333333</dst>
            <dst id="CHINng">548.925333333333</dst>
            <dst id="DNVRng">218.032</dst>
            <dst id="HSTNng">125.754666666667</dst>
            <dst id="IPLSng">369.781333333333</dst>
            <dst id="KSCYng">248.981333333333</dst>
            <dst id="LOSAng">591.792</dst>
            <dst id="NYCMng">700.776</dst>
            <dst id="SNVAng">267.325333333333</dst>
            <dst id="STTLng">116.653333333333</dst>
            <dst id="WASHng">2529.656</dst>
        </src>
        <src id="ATLAng">
            <dst id="ATLA-M5">338.277333333333</dst>
            <dst id="ATLAng">70232.0826666667</dst>
            <dst id="CHINng">11336.752</dst>
            <dst id="DNVRng">4281.85333333333</dst>
            <dst id="HSTNng">1851.43733333333</dst>
            <dst id="IPLSng">19165.552</dst>
            <dst id="KSCYng">2189.85333333333</dst>
            <dst id="LOSAng">16820.9786666667</dst>
            <dst id="NYCMng">12939.2746666667</dst>
            <dst id="SNVAng">2956.64266666667</dst>
            <dst id="STTLng">8312.81333333333</dst>
            <dst id="WASHng">81504.272</dst>
        </src>
        <src id="CHINng">
            <dst id="ATLA-M5">26.6666666666667</dst>
            <dst id="ATLAng">8197.97066666667</dst>
            <dst id="CHINng">49195.9146666667</dst>
            <dst id="DNVRng">11688.9493333333</dst>
            <dst id="HSTNng">11009.024</dst>
            <dst id="IPLSng">20383.7786666667</dst>
            <dst id="KSCYng">10531.16</dst>
            <dst id="LOSAng">19037.4666666667</dst>
            <dst id="NYCMng">8184.51466666667</dst>
            <dst id="SNVAng">2896.56266666667</dst>
            <dst id="STTLng">9515.65866666667</dst>
            <dst id="WASHng">10733.2213333333</dst>
        </src>
        <src id="DNVRng">
            <dst id="ATLA-M5">152.701333333333</dst>
            <dst id="ATLAng">6062.01333333333</dst>
            <dst id="CHINng">50666.7546666667</dst>
            <dst id="DNVRng">5014.824</dst>
            <dst id="HSTNng">5050.576</dst>
            <dst id="IPLSng">6542.392</dst>
            <dst id="KSCYng">11254.1146666667</dst>
            <dst id="LOSAng">5071.80266666667</dst>
            <dst id="NYCMng">9765.808</dst>
            <dst id="SNVAng">9994.05333333333</dst>
            <dst id="STTLng">11017.3573333333</dst>
            <dst id="WASHng">9062.48</dst>
        </src>
        <src id="HSTNng">
            <dst id="ATLA-M5">1448.512</dst>
            <dst id="ATLAng">2119.21866666667</dst>
            <dst id="CHINng">33214.2826666667</dst>
            <dst id="DNVRng">2337.36533333333</dst>
            <dst id="HSTNng">5336.08266666667</dst>
            <dst id="IPLSng">5906.50666666667</dst>
            <dst id="KSCYng">1410.896</dst>
            <dst id="LOSAng">95207.8453333333</dst>
            <dst id="NYCMng">7350.06666666667</dst>
            <dst id="SNVAng">735.464</dst>
            <dst id="STTLng">1858.184</dst>
            <dst id="WASHng">4559.81866666667</dst>
        </src>
        <src id="IPLSng">
            <dst id="ATLA-M5">313.088</dst>
            <dst id="ATLAng">12513.5573333333</dst>
            <dst id="CHINng">119484.538666667</dst>
            <dst id="DNVRng">8527.672</dst>
            <dst id="HSTNng">4709.072</dst>
            <dst id="IPLSng">15661.152</dst>
            <dst id="KSCYng">16942.9226666667</dst>
            <dst id="LOSAng">17851.7786666667</dst>
            <dst id="NYCMng">21227.6826666667</dst>
            <dst id="SNVAng">7171.67466666667</dst>
            <dst id="STTLng">9575.07733333333</dst>
            <dst id="WASHng">28923.136</dst>
        </src>
        <src id="KSCYng">
            <dst id="ATLA-M5">1515.05066666667</dst>
            <dst id="ATLAng">5691.20266666667</dst>
            <dst id="CHINng">33571.24</dst>
            <dst id="DNVRng">2976.86666666667</dst>
            <dst id="HSTNng">3527.12266666667</dst>
            <dst id="IPLSng">15770.0826666667</dst>
            <dst id="KSCYng">3567.09066666667</dst>
            <dst id="LOSAng">6296.504</dst>
            <dst id="NYCMng">11011.6</dst>
            <dst id="SNVAng">687.901333333333</dst>
            <dst id="STTLng">4228.27466666667</dst>
            <dst id="WASHng">9230.97066666667</dst>
        </src>
        <src id="LOSAng">
            <dst id="ATLA-M5">148.264</dst>
            <dst id="ATLAng">14547.648</dst>
            <dst id="CHINng">138839.058666667</dst>
            <dst id="DNVRng">6130.712</dst>
            <dst id="HSTNng">9853.69333333333</dst>
            <dst id="IPLSng">34122.5573333333</dst>
            <dst id="KSCYng">7722.904</dst>
            <dst id="LOSAng">13253.0186666667</dst>
            <dst id="NYCMng">47207.1653333333</dst>
            <dst id="SNVAng">9325.64266666667</dst>
            <dst id="STTLng">22403.5306666667</dst>
            <dst id="WASHng">60170.8746666667</dst>
        </src>
        <src id="NYCMng">
            <dst id="ATLA-M5">645.344</dst>
            <dst id="ATLAng">34872.8693333333</dst>
            <dst id="CHINng">63950.568</dst>
            <dst id="DNVRng">13796.792</dst>
            <dst id="HSTNng">34010.92</dst>
            <dst id="IPLSng">51167.9626666667</dst>
            <dst id="KSCYng">16240.3866666667</dst>
            <dst id="LOSAng">67386.32</dst>
            <dst id="NYCMng">167706.784</dst>
            <dst id="SNVAng">6205.856</dst>
            <dst id="STTLng">28784.232</dst>
            <dst id="WASHng">67140.184</dst>
        </src>
        <src id="SNVAng">
            <dst id="ATLA-M5">26.6666666666667</dst>
            <dst id="ATLAng">838.085333333333</dst>
            <dst id="CHINng">6950.12</dst>
            <dst id="DNVRng">16422.464</dst>
            <dst id="HSTNng">1132.56266666667</dst>
            <dst id="IPLSng">12222.8213333333</dst>
            <dst id="KSCYng">611.653333333333</dst>
            <dst id="LOSAng">7791.12266666667</dst>
            <dst id="NYCMng">1864.85866666667</dst>
            <dst id="SNVAng">94.3466666666666</dst>
            <dst id="STTLng">2823.09333333333</dst>
            <dst id="WASHng">1588.93866666667</dst>
        </src>
        <src id="STTLng">
            <dst id="ATLA-M5">181.941333333333</dst>
            <dst id="ATLAng">13930.9786666667</dst>
            <dst id="CHINng">72732.1733333333</dst>
            <dst id="DNVRng">4414.56266666667</dst>
            <dst id="HSTNng">1762.30666666667</dst>
            <dst id="IPLSng">4607.99466666667</dst>
            <dst id="KSCYng">3260.256</dst>
            <dst id="LOSAng">19436.2293333333</dst>
            <dst id="NYCMng">18910.2826666667</dst>
            <dst id="SNVAng">2318.16533333333</dst>
            <dst id="STTLng">4272.80266666667</dst>
            <dst id="WASHng">5903.59466666667</dst>
        </src>
        <src id="WASHng">
            <dst id="ATLA-M5">1169.46133333333</dst>
            <dst id="ATLAng">131032.888</dst>
            <dst id="CHINng">68143.4133333333</dst>
            <dst id="DNVRng">49465.56</dst>
            <dst id="HSTNng">31358.8666666667</dst>
            <dst id="IPLSng">48732.352</dst>
            <dst id="KSCYng">10479.8106666667</dst>
            <dst id="LOSAng">57384.5093333333</dst>
            <dst id="NYCMng">111146.936</dst>
            <dst id="SNVAng">6023.33066666666</dst>
            <dst id="STTLng">33504.3466666667</dst>
            <dst id="WASHng">314854.613333333</dst>
        </src>
    </IntraTM>
</TrafficMatrixFile>
