<?xml version="1.0" encoding="ISO-8859-1" standalone="yes"?>
<TrafficMatrixFile xsi:noNamespaceSchemaLocation="http://totem.run.montefiore.ulg.ac.be/Schema/TrafficMatrix-v1_2.xsd" xmlns:xsi="http://www.w3.org/2001/XMLSchema-instance">
    <IntraTM ASID="11537">
        <src id="ATLA-M5">
            <dst id="ATLA-M5">53.3333333333333</dst>
            <dst id="ATLAng">554.509333333333</dst>
            <dst id="CHINng">1716.104</dst>
            <dst id="DNVRng">1579.44266666667</dst>
            <dst id="HSTNng">1524.216</dst>
            <dst id="IPLSng">622.621333333333</dst>
            <dst id="KSCYng">461.410666666667</dst>
            <dst id="LOSAng">1162.52666666667</dst>
            <dst id="NYCMng">277.296</dst>
            <dst id="SNVAng">253.465333333333</dst>
            <dst id="STTLng">601.085333333333</dst>
            <dst id="WASHng">1763.392</dst>
        </src>
        <src id="ATLAng">
            <dst id="ATLA-M5">977.762666666667</dst>
            <dst id="ATLAng">31642.416</dst>
            <dst id="CHINng">29234.2693333333</dst>
            <dst id="DNVRng">12094.3253333333</dst>
            <dst id="HSTNng">7465.02666666667</dst>
            <dst id="IPLSng">41042.208</dst>
            <dst id="KSCYng">11383.5386666667</dst>
            <dst id="LOSAng">25734.3013333333</dst>
            <dst id="NYCMng">36194.5333333333</dst>
            <dst id="SNVAng">2753.33066666667</dst>
            <dst id="STTLng">7412.07466666667</dst>
            <dst id="WASHng">71276.9653333333</dst>
        </src>
        <src id="CHINng">
            <dst id="ATLA-M5">3774.48533333333</dst>
            <dst id="ATLAng">16171.064</dst>
            <dst id="CHINng">34985.528</dst>
            <dst id="DNVRng">9934.98133333333</dst>
            <dst id="HSTNng">24898.24</dst>
            <dst id="IPLSng">31970.6</dst>
            <dst id="KSCYng">8469.792</dst>
            <dst id="LOSAng">36324.104</dst>
            <dst id="NYCMng">5648.072</dst>
            <dst id="SNVAng">8215.42133333334</dst>
            <dst id="STTLng">9441.78133333333</dst>
            <dst id="WASHng">19942.2666666667</dst>
        </src>
        <src id="DNVRng">
            <dst id="ATLA-M5">651.434666666667</dst>
            <dst id="ATLAng">8481.83733333333</dst>
            <dst id="CHINng">53244.1253333333</dst>
            <dst id="DNVRng">11939.344</dst>
            <dst id="HSTNng">17498.96</dst>
            <dst id="IPLSng">33394.024</dst>
            <dst id="KSCYng">12755.6026666667</dst>
            <dst id="LOSAng">10813.0426666667</dst>
            <dst id="NYCMng">23731.4026666667</dst>
            <dst id="SNVAng">11196.5066666667</dst>
            <dst id="STTLng">16220.424</dst>
            <dst id="WASHng">48508.1946666667</dst>
        </src>
        <src id="HSTNng">
            <dst id="ATLA-M5">2402.78133333333</dst>
            <dst id="ATLAng">6259.22666666667</dst>
            <dst id="CHINng">21396.1253333333</dst>
            <dst id="DNVRng">5648.58933333333</dst>
            <dst id="HSTNng">16716.8346666667</dst>
            <dst id="IPLSng">15876.768</dst>
            <dst id="KSCYng">4132.36266666667</dst>
            <dst id="LOSAng">9763.64533333333</dst>
            <dst id="NYCMng">8230.99466666666</dst>
            <dst id="SNVAng">2525.91733333333</dst>
            <dst id="STTLng">4903.816</dst>
            <dst id="WASHng">10993.2586666667</dst>
        </src>
        <src id="IPLSng">
            <dst id="ATLA-M5">711.709333333333</dst>
            <dst id="ATLAng">27256.8933333333</dst>
            <dst id="CHINng">87786.4426666667</dst>
            <dst id="DNVRng">29378.7306666667</dst>
            <dst id="HSTNng">10250.6026666667</dst>
            <dst id="IPLSng">33445.392</dst>
            <dst id="KSCYng">15786.52</dst>
            <dst id="LOSAng">32690.8266666667</dst>
            <dst id="NYCMng">31631.4586666667</dst>
            <dst id="SNVAng">10178.6133333333</dst>
            <dst id="STTLng">13793.1733333333</dst>
            <dst id="WASHng">51700.248</dst>
        </src>
        <src id="KSCYng">
            <dst id="ATLA-M5">1258.90666666667</dst>
            <dst id="ATLAng">7353.44</dst>
            <dst id="CHINng">48608.416</dst>
            <dst id="DNVRng">16085.3626666667</dst>
            <dst id="HSTNng">5902.52266666667</dst>
            <dst id="IPLSng">13195.9573333333</dst>
            <dst id="KSCYng">8328.58666666667</dst>
            <dst id="LOSAng">7244.67733333333</dst>
            <dst id="NYCMng">11341.864</dst>
            <dst id="SNVAng">1809.19733333333</dst>
            <dst id="STTLng">4099.83733333333</dst>
            <dst id="WASHng">17463.032</dst>
        </src>
        <src id="LOSAng">
            <dst id="ATLA-M5">1354.72533333333</dst>
            <dst id="ATLAng">33185.2506666667</dst>
            <dst id="CHINng">106244.717333333</dst>
            <dst id="DNVRng">12675.3973333333</dst>
            <dst id="HSTNng">8657.71466666667</dst>
            <dst id="IPLSng">45765.5733333333</dst>
            <dst id="KSCYng">10679.9333333333</dst>
            <dst id="LOSAng">17629.8853333333</dst>
            <dst id="NYCMng">58833.984</dst>
            <dst id="SNVAng">13446.8106666667</dst>
            <dst id="STTLng">30915.3466666667</dst>
            <dst id="WASHng">67214.6746666667</dst>
        </src>
        <src id="NYCMng">
            <dst id="ATLA-M5">3349.64533333333</dst>
            <dst id="ATLAng">54557.448</dst>
            <dst id="CHINng">71649.1626666667</dst>
            <dst id="DNVRng">48610.664</dst>
            <dst id="HSTNng">45879.1466666667</dst>
            <dst id="IPLSng">90571.1093333333</dst>
            <dst id="KSCYng">21214.9066666667</dst>
            <dst id="LOSAng">105971.885333333</dst>
            <dst id="NYCMng">151301.88</dst>
            <dst id="SNVAng">13522.7493333333</dst>
            <dst id="STTLng">38547.768</dst>
            <dst id="WASHng">183035.096</dst>
        </src>
        <src id="SNVAng">
            <dst id="ATLA-M5">578.826666666667</dst>
            <dst id="ATLAng">729.493333333333</dst>
            <dst id="CHINng">9507.66666666667</dst>
            <dst id="DNVRng">10792.1813333333</dst>
            <dst id="HSTNng">1062.05333333333</dst>
            <dst id="IPLSng">3586.80266666667</dst>
            <dst id="KSCYng">477.96</dst>
            <dst id="LOSAng">41705.3253333333</dst>
            <dst id="NYCMng">2174.36533333333</dst>
            <dst id="SNVAng">19488.8906666667</dst>
            <dst id="STTLng">63960.6506666667</dst>
            <dst id="WASHng">4581.82133333333</dst>
        </src>
        <src id="STTLng">
            <dst id="ATLA-M5">455.650666666667</dst>
            <dst id="ATLAng">13146.9546666667</dst>
            <dst id="CHINng">67420.9706666667</dst>
            <dst id="DNVRng">5659.66666666667</dst>
            <dst id="HSTNng">5546.88266666667</dst>
            <dst id="IPLSng">23708.9706666667</dst>
            <dst id="KSCYng">4882.08</dst>
            <dst id="LOSAng">39615.424</dst>
            <dst id="NYCMng">33007.2293333333</dst>
            <dst id="SNVAng">8004.01333333333</dst>
            <dst id="STTLng">10103.3013333333</dst>
            <dst id="WASHng">23683.8026666667</dst>
        </src>
        <src id="WASHng">
            <dst id="ATLA-M5">3277.29066666667</dst>
            <dst id="ATLAng">119910.136</dst>
            <dst id="CHINng">110185.992</dst>
            <dst id="DNVRng">69273.4453333333</dst>
            <dst id="HSTNng">27333.048</dst>
            <dst id="IPLSng">79153.128</dst>
            <dst id="KSCYng">10751.2693333333</dst>
            <dst id="LOSAng">114699.634666667</dst>
            <dst id="NYCMng">185434.592</dst>
            <dst id="SNVAng">16617.5813333333</dst>
            <dst id="STTLng">42837.7573333333</dst>
            <dst id="WASHng">215123.522666667</dst>
        </src>
    </IntraTM>
</TrafficMatrixFile>
