<?xml version="1.0" encoding="ISO-8859-1" standalone="yes"?>
<TrafficMatrixFile xsi:noNamespaceSchemaLocation="http://totem.run.montefiore.ulg.ac.be/Schema/TrafficMatrix-v1_2.xsd" xmlns:xsi="http://www.w3.org/2001/XMLSchema-instance">
    <IntraTM ASID="11537">
        <src id="ATLA-M5">
            <dst id="ATLA-M5">0</dst>
            <dst id="ATLAng">1355.34133333333</dst>
            <dst id="CHINng">1942.976</dst>
            <dst id="DNVRng">1127.76</dst>
            <dst id="HSTNng">706.84</dst>
            <dst id="IPLSng">1525.088</dst>
            <dst id="KSCYng">534.488</dst>
            <dst id="LOSAng">873.256</dst>
            <dst id="NYCMng">2514.488</dst>
            <dst id="SNVAng">187.48</dst>
            <dst id="STTLng">184.816</dst>
            <dst id="WASHng">1125.86133333333</dst>
        </src>
        <src id="ATLAng">
            <dst id="ATLA-M5">1434.59466666667</dst>
            <dst id="ATLAng">30464.2986666667</dst>
            <dst id="CHINng">25210.2266666667</dst>
            <dst id="DNVRng">8335.31466666667</dst>
            <dst id="HSTNng">8969.59466666667</dst>
            <dst id="IPLSng">28696.7973333333</dst>
            <dst id="KSCYng">9659.112</dst>
            <dst id="LOSAng">20378.9106666667</dst>
            <dst id="NYCMng">19163.5786666667</dst>
            <dst id="SNVAng">2415.56133333333</dst>
            <dst id="STTLng">8243.136</dst>
            <dst id="WASHng">116399.325333333</dst>
        </src>
        <src id="CHINng">
            <dst id="ATLA-M5">3738.90666666667</dst>
            <dst id="ATLAng">23694.144</dst>
            <dst id="CHINng">39589.1013333333</dst>
            <dst id="DNVRng">12269.5573333333</dst>
            <dst id="HSTNng">23559.576</dst>
            <dst id="IPLSng">44918.3173333333</dst>
            <dst id="KSCYng">9404.352</dst>
            <dst id="LOSAng">35700.6986666667</dst>
            <dst id="NYCMng">6212.79733333333</dst>
            <dst id="SNVAng">16751.5866666667</dst>
            <dst id="STTLng">13282.5946666667</dst>
            <dst id="WASHng">17130.9173333333</dst>
        </src>
        <src id="DNVRng">
            <dst id="ATLA-M5">234.464</dst>
            <dst id="ATLAng">6826.10933333334</dst>
            <dst id="CHINng">58644.1173333333</dst>
            <dst id="DNVRng">21772.0773333333</dst>
            <dst id="HSTNng">16912.0453333333</dst>
            <dst id="IPLSng">31176.568</dst>
            <dst id="KSCYng">20653.592</dst>
            <dst id="LOSAng">26873.5946666667</dst>
            <dst id="NYCMng">23849.3626666667</dst>
            <dst id="SNVAng">13455.1733333333</dst>
            <dst id="STTLng">18844.944</dst>
            <dst id="WASHng">60361.9813333333</dst>
        </src>
        <src id="HSTNng">
            <dst id="ATLA-M5">1418.86666666667</dst>
            <dst id="ATLAng">6464.59466666667</dst>
            <dst id="CHINng">37171.9946666667</dst>
            <dst id="DNVRng">5335.33066666666</dst>
            <dst id="HSTNng">12833.0613333333</dst>
            <dst id="IPLSng">10085.9013333333</dst>
            <dst id="KSCYng">5594.40533333333</dst>
            <dst id="LOSAng">14492.992</dst>
            <dst id="NYCMng">9191.43733333333</dst>
            <dst id="SNVAng">1511.60266666667</dst>
            <dst id="STTLng">3620.76266666667</dst>
            <dst id="WASHng">16694.7973333333</dst>
        </src>
        <src id="IPLSng">
            <dst id="ATLA-M5">1862.76</dst>
            <dst id="ATLAng">17536.9306666667</dst>
            <dst id="CHINng">109308.805333333</dst>
            <dst id="DNVRng">33151.5173333333</dst>
            <dst id="HSTNng">14894.1813333333</dst>
            <dst id="IPLSng">31779.3306666667</dst>
            <dst id="KSCYng">12174.6053333333</dst>
            <dst id="LOSAng">102316.186666667</dst>
            <dst id="NYCMng">35174.6773333333</dst>
            <dst id="SNVAng">16334.5893333333</dst>
            <dst id="STTLng">13648.7413333333</dst>
            <dst id="WASHng">59253.6373333333</dst>
        </src>
        <src id="KSCYng">
            <dst id="ATLA-M5">1065.944</dst>
            <dst id="ATLAng">12607.0266666667</dst>
            <dst id="CHINng">44180.952</dst>
            <dst id="DNVRng">15673.1706666667</dst>
            <dst id="HSTNng">5644.184</dst>
            <dst id="IPLSng">17105.0613333333</dst>
            <dst id="KSCYng">13688.1626666667</dst>
            <dst id="LOSAng">7921.88266666667</dst>
            <dst id="NYCMng">10651.232</dst>
            <dst id="SNVAng">1202.38666666667</dst>
            <dst id="STTLng">6577.536</dst>
            <dst id="WASHng">20986.144</dst>
        </src>
        <src id="LOSAng">
            <dst id="ATLA-M5">486.837333333333</dst>
            <dst id="ATLAng">38311.9733333333</dst>
            <dst id="CHINng">122789.906666667</dst>
            <dst id="DNVRng">16785.3786666667</dst>
            <dst id="HSTNng">11996.1653333333</dst>
            <dst id="IPLSng">46556.2693333333</dst>
            <dst id="KSCYng">11349.5013333333</dst>
            <dst id="LOSAng">31699.2426666667</dst>
            <dst id="NYCMng">61452.136</dst>
            <dst id="SNVAng">12362.3146666667</dst>
            <dst id="STTLng">44883.5226666667</dst>
            <dst id="WASHng">74489.648</dst>
        </src>
        <src id="NYCMng">
            <dst id="ATLA-M5">5182.656</dst>
            <dst id="ATLAng">56591.0453333333</dst>
            <dst id="CHINng">71735.9253333333</dst>
            <dst id="DNVRng">40173.2453333333</dst>
            <dst id="HSTNng">48572.4133333333</dst>
            <dst id="IPLSng">98250.368</dst>
            <dst id="KSCYng">27012.448</dst>
            <dst id="LOSAng">97737.5306666666</dst>
            <dst id="NYCMng">146635.856</dst>
            <dst id="SNVAng">10038.8746666667</dst>
            <dst id="STTLng">41039.0533333333</dst>
            <dst id="WASHng">122080.277333333</dst>
        </src>
        <src id="SNVAng">
            <dst id="ATLA-M5">54.864</dst>
            <dst id="ATLAng">1996.568</dst>
            <dst id="CHINng">5501.08</dst>
            <dst id="DNVRng">3626.8</dst>
            <dst id="HSTNng">2603.368</dst>
            <dst id="IPLSng">2779.48266666667</dst>
            <dst id="KSCYng">754.432</dst>
            <dst id="LOSAng">41973.9813333333</dst>
            <dst id="NYCMng">3799.94933333333</dst>
            <dst id="SNVAng">24474.192</dst>
            <dst id="STTLng">67277.816</dst>
            <dst id="WASHng">2652.34133333333</dst>
        </src>
        <src id="STTLng">
            <dst id="ATLA-M5">214.488</dst>
            <dst id="ATLAng">14684.3386666667</dst>
            <dst id="CHINng">51698.8426666667</dst>
            <dst id="DNVRng">5305.03733333333</dst>
            <dst id="HSTNng">2742.72533333333</dst>
            <dst id="IPLSng">26119.4373333333</dst>
            <dst id="KSCYng">5157.97066666667</dst>
            <dst id="LOSAng">34217.2026666667</dst>
            <dst id="NYCMng">28366.8613333333</dst>
            <dst id="SNVAng">11105.8346666667</dst>
            <dst id="STTLng">16460.912</dst>
            <dst id="WASHng">18108.3493333333</dst>
        </src>
        <src id="WASHng">
            <dst id="ATLA-M5">2180.008</dst>
            <dst id="ATLAng">110332.338666667</dst>
            <dst id="CHINng">95727.8853333333</dst>
            <dst id="DNVRng">68222.216</dst>
            <dst id="HSTNng">19459.6613333333</dst>
            <dst id="IPLSng">64559.7333333333</dst>
            <dst id="KSCYng">18828.864</dst>
            <dst id="LOSAng">85964.5226666667</dst>
            <dst id="NYCMng">216360.944</dst>
            <dst id="SNVAng">9973.10933333333</dst>
            <dst id="STTLng">45021.928</dst>
            <dst id="WASHng">239663.64</dst>
        </src>
    </IntraTM>
</TrafficMatrixFile>
