<?xml version="1.0" encoding="ISO-8859-1" standalone="yes"?>
<TrafficMatrixFile xsi:noNamespaceSchemaLocation="http://totem.run.montefiore.ulg.ac.be/Schema/TrafficMatrix-v1_2.xsd" xmlns:xsi="http://www.w3.org/2001/XMLSchema-instance">
    <IntraTM ASID="11537">
        <src id="ATLA-M5">
            <dst id="ATLA-M5">26.6666666666667</dst>
            <dst id="ATLAng">673.285333333333</dst>
            <dst id="CHINng">3243.47733333333</dst>
            <dst id="DNVRng">1808.06666666667</dst>
            <dst id="HSTNng">171.365333333333</dst>
            <dst id="IPLSng">2502.024</dst>
            <dst id="KSCYng">456.632</dst>
            <dst id="LOSAng">634.137333333333</dst>
            <dst id="NYCMng">1386.51466666667</dst>
            <dst id="SNVAng">634.521333333333</dst>
            <dst id="STTLng">185.610666666667</dst>
            <dst id="WASHng">4828.69333333333</dst>
        </src>
        <src id="ATLAng">
            <dst id="ATLA-M5">1674.01866666667</dst>
            <dst id="ATLAng">20855.808</dst>
            <dst id="CHINng">24852.5333333333</dst>
            <dst id="DNVRng">8505.68266666667</dst>
            <dst id="HSTNng">5187.30133333333</dst>
            <dst id="IPLSng">25836.7573333333</dst>
            <dst id="KSCYng">11405.6213333333</dst>
            <dst id="LOSAng">34026.7146666667</dst>
            <dst id="NYCMng">31970.672</dst>
            <dst id="SNVAng">1469.272</dst>
            <dst id="STTLng">8229.36</dst>
            <dst id="WASHng">113965.704</dst>
        </src>
        <src id="CHINng">
            <dst id="ATLA-M5">4354.12</dst>
            <dst id="ATLAng">20905.0373333333</dst>
            <dst id="CHINng">31633.696</dst>
            <dst id="DNVRng">10298.0906666667</dst>
            <dst id="HSTNng">16097.3546666667</dst>
            <dst id="IPLSng">34313.3466666667</dst>
            <dst id="KSCYng">7680.18933333333</dst>
            <dst id="LOSAng">37334.1866666667</dst>
            <dst id="NYCMng">4222.488</dst>
            <dst id="SNVAng">9277.34933333333</dst>
            <dst id="STTLng">11976.8373333333</dst>
            <dst id="WASHng">21621.2346666667</dst>
        </src>
        <src id="DNVRng">
            <dst id="ATLA-M5">1274.10666666667</dst>
            <dst id="ATLAng">7853.53866666667</dst>
            <dst id="CHINng">51922.072</dst>
            <dst id="DNVRng">27272.112</dst>
            <dst id="HSTNng">19425.6106666667</dst>
            <dst id="IPLSng">30592.4133333333</dst>
            <dst id="KSCYng">24731.3573333333</dst>
            <dst id="LOSAng">11663.464</dst>
            <dst id="NYCMng">29227.352</dst>
            <dst id="SNVAng">15775.992</dst>
            <dst id="STTLng">18874.352</dst>
            <dst id="WASHng">65588.64</dst>
        </src>
        <src id="HSTNng">
            <dst id="ATLA-M5">920.512</dst>
            <dst id="ATLAng">5859.376</dst>
            <dst id="CHINng">22721.56</dst>
            <dst id="DNVRng">5324.312</dst>
            <dst id="HSTNng">11191.9786666667</dst>
            <dst id="IPLSng">13264.208</dst>
            <dst id="KSCYng">4420.02933333333</dst>
            <dst id="LOSAng">98933.0613333333</dst>
            <dst id="NYCMng">7225.56533333333</dst>
            <dst id="SNVAng">1305.65866666667</dst>
            <dst id="STTLng">3797.53866666667</dst>
            <dst id="WASHng">18427.1733333333</dst>
        </src>
        <src id="IPLSng">
            <dst id="ATLA-M5">1195.77866666667</dst>
            <dst id="ATLAng">16116.256</dst>
            <dst id="CHINng">106713.290666667</dst>
            <dst id="DNVRng">29035.088</dst>
            <dst id="HSTNng">15983.6666666667</dst>
            <dst id="IPLSng">28620.2426666667</dst>
            <dst id="KSCYng">13104.6</dst>
            <dst id="LOSAng">34706.376</dst>
            <dst id="NYCMng">44951.1333333333</dst>
            <dst id="SNVAng">11753.8026666667</dst>
            <dst id="STTLng">15937.2533333333</dst>
            <dst id="WASHng">50714.1813333333</dst>
        </src>
        <src id="KSCYng">
            <dst id="ATLA-M5">997.525333333333</dst>
            <dst id="ATLAng">11292.792</dst>
            <dst id="CHINng">46192.152</dst>
            <dst id="DNVRng">14424.144</dst>
            <dst id="HSTNng">5889.40266666667</dst>
            <dst id="IPLSng">21980.9946666667</dst>
            <dst id="KSCYng">14092.4453333333</dst>
            <dst id="LOSAng">9743.25333333333</dst>
            <dst id="NYCMng">14201.904</dst>
            <dst id="SNVAng">856.893333333333</dst>
            <dst id="STTLng">9748.784</dst>
            <dst id="WASHng">15704.0346666667</dst>
        </src>
        <src id="LOSAng">
            <dst id="ATLA-M5">555.357333333333</dst>
            <dst id="ATLAng">27129.1493333333</dst>
            <dst id="CHINng">118228.290666667</dst>
            <dst id="DNVRng">15193.9466666667</dst>
            <dst id="HSTNng">16203.976</dst>
            <dst id="IPLSng">42689.2106666667</dst>
            <dst id="KSCYng">11240.3306666667</dst>
            <dst id="LOSAng">26123.4</dst>
            <dst id="NYCMng">60605.12</dst>
            <dst id="SNVAng">19378.0693333333</dst>
            <dst id="STTLng">43973.312</dst>
            <dst id="WASHng">109425.610666667</dst>
        </src>
        <src id="NYCMng">
            <dst id="ATLA-M5">3461.27733333333</dst>
            <dst id="ATLAng">52791.72</dst>
            <dst id="CHINng">85010.6666666667</dst>
            <dst id="DNVRng">49052.1173333333</dst>
            <dst id="HSTNng">43882.384</dst>
            <dst id="IPLSng">90704.2826666667</dst>
            <dst id="KSCYng">25042.2906666667</dst>
            <dst id="LOSAng">99311.76</dst>
            <dst id="NYCMng">153095.912</dst>
            <dst id="SNVAng">13352.1253333333</dst>
            <dst id="STTLng">38480.6853333333</dst>
            <dst id="WASHng">123058.442666667</dst>
        </src>
        <src id="SNVAng">
            <dst id="ATLA-M5">1153.6</dst>
            <dst id="ATLAng">1202.32</dst>
            <dst id="CHINng">13969.2773333333</dst>
            <dst id="DNVRng">15001.2826666667</dst>
            <dst id="HSTNng">916.530666666667</dst>
            <dst id="IPLSng">2837.74133333333</dst>
            <dst id="KSCYng">711.610666666667</dst>
            <dst id="LOSAng">41141.5626666667</dst>
            <dst id="NYCMng">4459.816</dst>
            <dst id="SNVAng">19139.3786666667</dst>
            <dst id="STTLng">64258.84</dst>
            <dst id="WASHng">2734.576</dst>
        </src>
        <src id="STTLng">
            <dst id="ATLA-M5">484.752</dst>
            <dst id="ATLAng">12329.3866666667</dst>
            <dst id="CHINng">57359.2293333333</dst>
            <dst id="DNVRng">6788.23466666667</dst>
            <dst id="HSTNng">4567.78133333333</dst>
            <dst id="IPLSng">25491.1466666667</dst>
            <dst id="KSCYng">5583.43466666667</dst>
            <dst id="LOSAng">36097.9493333333</dst>
            <dst id="NYCMng">24407.3066666667</dst>
            <dst id="SNVAng">10010.8186666667</dst>
            <dst id="STTLng">15660.648</dst>
            <dst id="WASHng">18495.8053333333</dst>
        </src>
        <src id="WASHng">
            <dst id="ATLA-M5">2660.26666666667</dst>
            <dst id="ATLAng">150235.048</dst>
            <dst id="CHINng">104080.626666667</dst>
            <dst id="DNVRng">83469.0106666666</dst>
            <dst id="HSTNng">31876.2773333333</dst>
            <dst id="IPLSng">71227.0666666667</dst>
            <dst id="KSCYng">16675.392</dst>
            <dst id="LOSAng">85011.44</dst>
            <dst id="NYCMng">198046.357333333</dst>
            <dst id="SNVAng">8985.18133333334</dst>
            <dst id="STTLng">35879.8666666667</dst>
            <dst id="WASHng">242593.258666667</dst>
        </src>
    </IntraTM>
</TrafficMatrixFile>
