<?xml version="1.0" encoding="ISO-8859-1" standalone="yes"?>
<TrafficMatrixFile xsi:noNamespaceSchemaLocation="http://totem.run.montefiore.ulg.ac.be/Schema/TrafficMatrix-v1_2.xsd" xmlns:xsi="http://www.w3.org/2001/XMLSchema-instance">
    <IntraTM ASID="11537">
        <src id="ATLA-M5">
            <dst id="ATLA-M5">26.6666666666667</dst>
            <dst id="ATLAng">699.245333333334</dst>
            <dst id="CHINng">2699.36266666667</dst>
            <dst id="DNVRng">896.981333333333</dst>
            <dst id="HSTNng">418.184</dst>
            <dst id="IPLSng">783.578666666667</dst>
            <dst id="KSCYng">432.152</dst>
            <dst id="LOSAng">585.018666666667</dst>
            <dst id="NYCMng">1091.87733333333</dst>
            <dst id="SNVAng">411.186666666667</dst>
            <dst id="STTLng">140.826666666667</dst>
            <dst id="WASHng">2724.07733333333</dst>
        </src>
        <src id="ATLAng">
            <dst id="ATLA-M5">667.341333333333</dst>
            <dst id="ATLAng">26535.8506666667</dst>
            <dst id="CHINng">32127.4266666667</dst>
            <dst id="DNVRng">19607.8933333333</dst>
            <dst id="HSTNng">25065.384</dst>
            <dst id="IPLSng">63803.6586666667</dst>
            <dst id="KSCYng">12652.856</dst>
            <dst id="LOSAng">25609.34</dst>
            <dst id="NYCMng">31110.1946666667</dst>
            <dst id="SNVAng">3132.43333333333</dst>
            <dst id="STTLng">5712.512</dst>
            <dst id="WASHng">74235.9973333333</dst>
        </src>
        <src id="CHINng">
            <dst id="ATLA-M5">3965.368</dst>
            <dst id="ATLAng">24498.624</dst>
            <dst id="CHINng">35444.3493333333</dst>
            <dst id="DNVRng">10857.0373333333</dst>
            <dst id="HSTNng">20233.616</dst>
            <dst id="IPLSng">35312.7893333333</dst>
            <dst id="KSCYng">7876.34933333333</dst>
            <dst id="LOSAng">30841.9253333333</dst>
            <dst id="NYCMng">7053.26133333333</dst>
            <dst id="SNVAng">6021.83466666667</dst>
            <dst id="STTLng">7983.99733333333</dst>
            <dst id="WASHng">19144.8746666667</dst>
        </src>
        <src id="DNVRng">
            <dst id="ATLA-M5">753.909333333333</dst>
            <dst id="ATLAng">5562.17066666667</dst>
            <dst id="CHINng">59810.544</dst>
            <dst id="DNVRng">17085.1653333333</dst>
            <dst id="HSTNng">11992.064</dst>
            <dst id="IPLSng">56008.6053333333</dst>
            <dst id="KSCYng">13968.4186666667</dst>
            <dst id="LOSAng">10789.1946666667</dst>
            <dst id="NYCMng">15701.1546666667</dst>
            <dst id="SNVAng">14058.4826666667</dst>
            <dst id="STTLng">23153.7653333333</dst>
            <dst id="WASHng">46799.936</dst>
        </src>
        <src id="HSTNng">
            <dst id="ATLA-M5">1775.54666666667</dst>
            <dst id="ATLAng">5705.608</dst>
            <dst id="CHINng">25434.944</dst>
            <dst id="DNVRng">7534.62133333333</dst>
            <dst id="HSTNng">13172.7066666667</dst>
            <dst id="IPLSng">15125.8266666667</dst>
            <dst id="KSCYng">5332.15733333333</dst>
            <dst id="LOSAng">11226.2</dst>
            <dst id="NYCMng">15835.344</dst>
            <dst id="SNVAng">4589.07466666667</dst>
            <dst id="STTLng">11459.168</dst>
            <dst id="WASHng">8989.57066666667</dst>
        </src>
        <src id="IPLSng">
            <dst id="ATLA-M5">857.472</dst>
            <dst id="ATLAng">53762.9013333333</dst>
            <dst id="CHINng">98502.6133333333</dst>
            <dst id="DNVRng">32800.0133333333</dst>
            <dst id="HSTNng">13248.2106666667</dst>
            <dst id="IPLSng">41037.3653333333</dst>
            <dst id="KSCYng">20677.76</dst>
            <dst id="LOSAng">104871.696</dst>
            <dst id="NYCMng">29124.896</dst>
            <dst id="SNVAng">8337.85333333333</dst>
            <dst id="STTLng">19834.9893333333</dst>
            <dst id="WASHng">59455.216</dst>
        </src>
        <src id="KSCYng">
            <dst id="ATLA-M5">799.514666666667</dst>
            <dst id="ATLAng">7127.97333333333</dst>
            <dst id="CHINng">45265.248</dst>
            <dst id="DNVRng">14525.9333333333</dst>
            <dst id="HSTNng">5098.352</dst>
            <dst id="IPLSng">13921.2</dst>
            <dst id="KSCYng">7185.95733333333</dst>
            <dst id="LOSAng">9481.33333333333</dst>
            <dst id="NYCMng">12386.6106666667</dst>
            <dst id="SNVAng">1390.80533333333</dst>
            <dst id="STTLng">7213.30666666667</dst>
            <dst id="WASHng">15291.0773333333</dst>
        </src>
        <src id="LOSAng">
            <dst id="ATLA-M5">2053.62666666667</dst>
            <dst id="ATLAng">25314.2186666667</dst>
            <dst id="CHINng">118710.706666667</dst>
            <dst id="DNVRng">17250.0826666667</dst>
            <dst id="HSTNng">14099.1093333333</dst>
            <dst id="IPLSng">55724.3253333333</dst>
            <dst id="KSCYng">13305.456</dst>
            <dst id="LOSAng">17256.8506666667</dst>
            <dst id="NYCMng">56946.952</dst>
            <dst id="SNVAng">12200.472</dst>
            <dst id="STTLng">32203.9013333333</dst>
            <dst id="WASHng">69795.552</dst>
        </src>
        <src id="NYCMng">
            <dst id="ATLA-M5">2917.416</dst>
            <dst id="ATLAng">53963.6506666667</dst>
            <dst id="CHINng">67677.1893333333</dst>
            <dst id="DNVRng">51233.2213333333</dst>
            <dst id="HSTNng">42506.0053333333</dst>
            <dst id="IPLSng">94627.0986666667</dst>
            <dst id="KSCYng">22583.8826666667</dst>
            <dst id="LOSAng">100779.968</dst>
            <dst id="NYCMng">148417.994666667</dst>
            <dst id="SNVAng">15807.5946666667</dst>
            <dst id="STTLng">37325.784</dst>
            <dst id="WASHng">131197.173333333</dst>
        </src>
        <src id="SNVAng">
            <dst id="ATLA-M5">260.864</dst>
            <dst id="ATLAng">607.133333333333</dst>
            <dst id="CHINng">9318.38933333333</dst>
            <dst id="DNVRng">4574.01066666667</dst>
            <dst id="HSTNng">1318.80533333333</dst>
            <dst id="IPLSng">2339.90133333333</dst>
            <dst id="KSCYng">2065.96</dst>
            <dst id="LOSAng">54180.496</dst>
            <dst id="NYCMng">2419.61866666667</dst>
            <dst id="SNVAng">20260.888</dst>
            <dst id="STTLng">61045.6213333333</dst>
            <dst id="WASHng">4215.11466666667</dst>
        </src>
        <src id="STTLng">
            <dst id="ATLA-M5">221.554666666667</dst>
            <dst id="ATLAng">14573.296</dst>
            <dst id="CHINng">60985.0586666667</dst>
            <dst id="DNVRng">12100.1493333333</dst>
            <dst id="HSTNng">4993.2</dst>
            <dst id="IPLSng">28149.1466666667</dst>
            <dst id="KSCYng">3877.66933333333</dst>
            <dst id="LOSAng">35664.184</dst>
            <dst id="NYCMng">28516.7306666667</dst>
            <dst id="SNVAng">10308.0106666667</dst>
            <dst id="STTLng">9218.86133333333</dst>
            <dst id="WASHng">19588.296</dst>
        </src>
        <src id="WASHng">
            <dst id="ATLA-M5">15249.2266666667</dst>
            <dst id="ATLAng">131955</dst>
            <dst id="CHINng">81196.0693333333</dst>
            <dst id="DNVRng">72613.4106666667</dst>
            <dst id="HSTNng">21698.8533333333</dst>
            <dst id="IPLSng">71834.8586666667</dst>
            <dst id="KSCYng">31694.5973333333</dst>
            <dst id="LOSAng">116571.517333333</dst>
            <dst id="NYCMng">198978.984</dst>
            <dst id="SNVAng">12353.9626666667</dst>
            <dst id="STTLng">36378.5733333333</dst>
            <dst id="WASHng">235756.613333333</dst>
        </src>
    </IntraTM>
</TrafficMatrixFile>
