<?xml version="1.0" encoding="ISO-8859-1" standalone="yes"?>
<TrafficMatrixFile xsi:noNamespaceSchemaLocation="http://totem.run.montefiore.ulg.ac.be/Schema/TrafficMatrix-v1_2.xsd" xmlns:xsi="http://www.w3.org/2001/XMLSchema-instance">
    <IntraTM ASID="11537">
        <src id="ATLA-M5">
            <dst id="ATLA-M5">450.805333333333</dst>
            <dst id="ATLAng">499.133333333333</dst>
            <dst id="CHINng">1252.51466666667</dst>
            <dst id="DNVRng">333.021333333333</dst>
            <dst id="HSTNng">303.896</dst>
            <dst id="IPLSng">942.024</dst>
            <dst id="KSCYng">146.848</dst>
            <dst id="LOSAng">417.130666666667</dst>
            <dst id="NYCMng">658.226666666667</dst>
            <dst id="SNVAng">217.472</dst>
            <dst id="STTLng">194.856</dst>
            <dst id="WASHng">1088.808</dst>
        </src>
        <src id="ATLAng">
            <dst id="ATLA-M5">1025.14933333333</dst>
            <dst id="ATLAng">35011.76</dst>
            <dst id="CHINng">15906.0906666667</dst>
            <dst id="DNVRng">5432.64266666667</dst>
            <dst id="HSTNng">6284.05333333333</dst>
            <dst id="IPLSng">16978.2906666667</dst>
            <dst id="KSCYng">4516.25866666667</dst>
            <dst id="LOSAng">18503.2826666667</dst>
            <dst id="NYCMng">11226.136</dst>
            <dst id="SNVAng">3189.024</dst>
            <dst id="STTLng">8028.96</dst>
            <dst id="WASHng">71361.008</dst>
        </src>
        <src id="CHINng">
            <dst id="ATLA-M5">532.925333333333</dst>
            <dst id="ATLAng">17995.672</dst>
            <dst id="CHINng">39018.4293333333</dst>
            <dst id="DNVRng">14088.0186666667</dst>
            <dst id="HSTNng">5435.92533333333</dst>
            <dst id="IPLSng">31868.936</dst>
            <dst id="KSCYng">9656.84266666667</dst>
            <dst id="LOSAng">27808.8133333333</dst>
            <dst id="NYCMng">7489.87466666667</dst>
            <dst id="SNVAng">2091.44533333333</dst>
            <dst id="STTLng">6854.96</dst>
            <dst id="WASHng">12405.5653333333</dst>
        </src>
        <src id="DNVRng">
            <dst id="ATLA-M5">88.088</dst>
            <dst id="ATLAng">6377.73866666667</dst>
            <dst id="CHINng">39618.1306666667</dst>
            <dst id="DNVRng">7058.304</dst>
            <dst id="HSTNng">5945.93866666667</dst>
            <dst id="IPLSng">8358.69333333333</dst>
            <dst id="KSCYng">11340.384</dst>
            <dst id="LOSAng">21910.152</dst>
            <dst id="NYCMng">5355.2</dst>
            <dst id="SNVAng">14396.3493333333</dst>
            <dst id="STTLng">16588.5333333333</dst>
            <dst id="WASHng">12619.4506666667</dst>
        </src>
        <src id="HSTNng">
            <dst id="ATLA-M5">1975.896</dst>
            <dst id="ATLAng">1886.85066666667</dst>
            <dst id="CHINng">22860.5146666667</dst>
            <dst id="DNVRng">2268.928</dst>
            <dst id="HSTNng">8740.392</dst>
            <dst id="IPLSng">6371.89066666666</dst>
            <dst id="KSCYng">3470.64266666667</dst>
            <dst id="LOSAng">7255.432</dst>
            <dst id="NYCMng">5423.57333333333</dst>
            <dst id="SNVAng">3137.464</dst>
            <dst id="STTLng">5312.75466666667</dst>
            <dst id="WASHng">5520.128</dst>
        </src>
        <src id="IPLSng">
            <dst id="ATLA-M5">231.898666666667</dst>
            <dst id="ATLAng">17602.4346666667</dst>
            <dst id="CHINng">99724.0453333333</dst>
            <dst id="DNVRng">9517.896</dst>
            <dst id="HSTNng">7775</dst>
            <dst id="IPLSng">21787.864</dst>
            <dst id="KSCYng">10175.28</dst>
            <dst id="LOSAng">15841.1386666667</dst>
            <dst id="NYCMng">21761.464</dst>
            <dst id="SNVAng">7601.01066666667</dst>
            <dst id="STTLng">7035.65866666667</dst>
            <dst id="WASHng">34375.208</dst>
        </src>
        <src id="KSCYng">
            <dst id="ATLA-M5">581.101333333333</dst>
            <dst id="ATLAng">3053.62133333333</dst>
            <dst id="CHINng">34759.2186666667</dst>
            <dst id="DNVRng">7197.87466666667</dst>
            <dst id="HSTNng">4109.95733333333</dst>
            <dst id="IPLSng">11565.384</dst>
            <dst id="KSCYng">7492.728</dst>
            <dst id="LOSAng">12010.856</dst>
            <dst id="NYCMng">12716.8293333333</dst>
            <dst id="SNVAng">814.074666666667</dst>
            <dst id="STTLng">3571.192</dst>
            <dst id="WASHng">13011.5946666667</dst>
        </src>
        <src id="LOSAng">
            <dst id="ATLA-M5">187.48</dst>
            <dst id="ATLAng">12857.7946666667</dst>
            <dst id="CHINng">124931.986666667</dst>
            <dst id="DNVRng">8709.56266666667</dst>
            <dst id="HSTNng">9484.21866666667</dst>
            <dst id="IPLSng">65572.9813333333</dst>
            <dst id="KSCYng">16760.24</dst>
            <dst id="LOSAng">17152.0426666667</dst>
            <dst id="NYCMng">55652.0506666667</dst>
            <dst id="SNVAng">5056.10133333333</dst>
            <dst id="STTLng">34267.1066666667</dst>
            <dst id="WASHng">61689.7866666667</dst>
        </src>
        <src id="NYCMng">
            <dst id="ATLA-M5">1438.62666666667</dst>
            <dst id="ATLAng">26086.3306666667</dst>
            <dst id="CHINng">69933.128</dst>
            <dst id="DNVRng">21219.56</dst>
            <dst id="HSTNng">33293.376</dst>
            <dst id="IPLSng">51520.216</dst>
            <dst id="KSCYng">24867.608</dst>
            <dst id="LOSAng">80180.608</dst>
            <dst id="NYCMng">159595.888</dst>
            <dst id="SNVAng">8986.32266666667</dst>
            <dst id="STTLng">26977.84</dst>
            <dst id="WASHng">68080.8106666667</dst>
        </src>
        <src id="SNVAng">
            <dst id="ATLA-M5">188.504</dst>
            <dst id="ATLAng">243.728</dst>
            <dst id="CHINng">7340.47733333333</dst>
            <dst id="DNVRng">8289.51466666667</dst>
            <dst id="HSTNng">1347.032</dst>
            <dst id="IPLSng">2754.09866666667</dst>
            <dst id="KSCYng">561.728</dst>
            <dst id="LOSAng">12395.8453333333</dst>
            <dst id="NYCMng">2704.66133333333</dst>
            <dst id="SNVAng">372.125333333333</dst>
            <dst id="STTLng">2045.02666666667</dst>
            <dst id="WASHng">2847.80533333333</dst>
        </src>
        <src id="STTLng">
            <dst id="ATLA-M5">110.229333333333</dst>
            <dst id="ATLAng">13392.912</dst>
            <dst id="CHINng">62954.9893333333</dst>
            <dst id="DNVRng">6044.072</dst>
            <dst id="HSTNng">2192.50666666667</dst>
            <dst id="IPLSng">7249.62133333333</dst>
            <dst id="KSCYng">4628.48533333333</dst>
            <dst id="LOSAng">21816.3546666667</dst>
            <dst id="NYCMng">15822.04</dst>
            <dst id="SNVAng">4787.936</dst>
            <dst id="STTLng">4663.62933333333</dst>
            <dst id="WASHng">9342.73333333333</dst>
        </src>
        <src id="WASHng">
            <dst id="ATLA-M5">893.109333333333</dst>
            <dst id="ATLAng">71568</dst>
            <dst id="CHINng">76522.6373333333</dst>
            <dst id="DNVRng">39772.8853333333</dst>
            <dst id="HSTNng">43827.2373333333</dst>
            <dst id="IPLSng">39219.5413333333</dst>
            <dst id="KSCYng">15957.2533333333</dst>
            <dst id="LOSAng">65792.072</dst>
            <dst id="NYCMng">140092.533333333</dst>
            <dst id="SNVAng">6237.648</dst>
            <dst id="STTLng">34566.4986666667</dst>
            <dst id="WASHng">349637.2</dst>
        </src>
    </IntraTM>
</TrafficMatrixFile>
