<?xml version="1.0" encoding="ISO-8859-1" standalone="yes"?>
<TrafficMatrixFile xsi:noNamespaceSchemaLocation="http://totem.run.montefiore.ulg.ac.be/Schema/TrafficMatrix-v1_2.xsd" xmlns:xsi="http://www.w3.org/2001/XMLSchema-instance">
    <IntraTM ASID="11537">
        <src id="ATLA-M5">
            <dst id="ATLA-M5">0</dst>
            <dst id="ATLAng">109.538666666667</dst>
            <dst id="CHINng">756.528</dst>
            <dst id="DNVRng">239.029333333333</dst>
            <dst id="HSTNng">223.456</dst>
            <dst id="IPLSng">189.778666666667</dst>
            <dst id="KSCYng">323.528</dst>
            <dst id="LOSAng">772.344</dst>
            <dst id="NYCMng">1183.19466666667</dst>
            <dst id="SNVAng">180.666666666667</dst>
            <dst id="STTLng">110.733333333333</dst>
            <dst id="WASHng">4358.392</dst>
        </src>
        <src id="ATLAng">
            <dst id="ATLA-M5">79.9706666666667</dst>
            <dst id="ATLAng">19970.6346666667</dst>
            <dst id="CHINng">16967.7093333333</dst>
            <dst id="DNVRng">4390.328</dst>
            <dst id="HSTNng">4373.57066666667</dst>
            <dst id="IPLSng">17407.24</dst>
            <dst id="KSCYng">4764.032</dst>
            <dst id="LOSAng">14692.4213333333</dst>
            <dst id="NYCMng">15295.3386666667</dst>
            <dst id="SNVAng">1057.90666666667</dst>
            <dst id="STTLng">5044.8</dst>
            <dst id="WASHng">95276.7813333333</dst>
        </src>
        <src id="CHINng">
            <dst id="ATLA-M5">313.472</dst>
            <dst id="ATLAng">6160.312</dst>
            <dst id="CHINng">45030.6133333333</dst>
            <dst id="DNVRng">17416.7813333333</dst>
            <dst id="HSTNng">5871.03733333333</dst>
            <dst id="IPLSng">22767.2693333333</dst>
            <dst id="KSCYng">8788.08</dst>
            <dst id="LOSAng">28717.36</dst>
            <dst id="NYCMng">3295.36</dst>
            <dst id="SNVAng">2126.91466666667</dst>
            <dst id="STTLng">7210.61866666667</dst>
            <dst id="WASHng">16225.5946666667</dst>
        </src>
        <src id="DNVRng">
            <dst id="ATLA-M5">144.426666666667</dst>
            <dst id="ATLAng">7875.488</dst>
            <dst id="CHINng">77752.1146666667</dst>
            <dst id="DNVRng">30722.8266666667</dst>
            <dst id="HSTNng">13024.5813333333</dst>
            <dst id="IPLSng">26542.7146666667</dst>
            <dst id="KSCYng">20674.48</dst>
            <dst id="LOSAng">11503.832</dst>
            <dst id="NYCMng">21925.8026666667</dst>
            <dst id="SNVAng">12266.584</dst>
            <dst id="STTLng">10214.288</dst>
            <dst id="WASHng">61218.376</dst>
        </src>
        <src id="HSTNng">
            <dst id="ATLA-M5">2013.85333333333</dst>
            <dst id="ATLAng">2399.12</dst>
            <dst id="CHINng">46716.856</dst>
            <dst id="DNVRng">5244.088</dst>
            <dst id="HSTNng">6319.184</dst>
            <dst id="IPLSng">5272.84266666667</dst>
            <dst id="KSCYng">2244.75733333333</dst>
            <dst id="LOSAng">12109.92</dst>
            <dst id="NYCMng">9828.31733333333</dst>
            <dst id="SNVAng">2053.21866666667</dst>
            <dst id="STTLng">2399.59733333333</dst>
            <dst id="WASHng">6503.312</dst>
        </src>
        <src id="IPLSng">
            <dst id="ATLA-M5">378.357333333333</dst>
            <dst id="ATLAng">11995.8613333333</dst>
            <dst id="CHINng">117365.064</dst>
            <dst id="DNVRng">23409.5786666667</dst>
            <dst id="HSTNng">1956.62133333333</dst>
            <dst id="IPLSng">24372.7386666667</dst>
            <dst id="KSCYng">12477.664</dst>
            <dst id="LOSAng">80339.0026666667</dst>
            <dst id="NYCMng">40631.024</dst>
            <dst id="SNVAng">4512.176</dst>
            <dst id="STTLng">17044.224</dst>
            <dst id="WASHng">34139.7546666667</dst>
        </src>
        <src id="KSCYng">
            <dst id="ATLA-M5">125.941333333333</dst>
            <dst id="ATLAng">3246.80266666667</dst>
            <dst id="CHINng">34080.9493333333</dst>
            <dst id="DNVRng">10998.0453333333</dst>
            <dst id="HSTNng">3108</dst>
            <dst id="IPLSng">8161.288</dst>
            <dst id="KSCYng">10084.8666666667</dst>
            <dst id="LOSAng">5002.41333333333</dst>
            <dst id="NYCMng">8566.51733333333</dst>
            <dst id="SNVAng">2161.85066666667</dst>
            <dst id="STTLng">3821.98666666667</dst>
            <dst id="WASHng">9983.87466666667</dst>
        </src>
        <src id="LOSAng">
            <dst id="ATLA-M5">703.925333333333</dst>
            <dst id="ATLAng">22033.8346666667</dst>
            <dst id="CHINng">188006.205333333</dst>
            <dst id="DNVRng">8882.24266666667</dst>
            <dst id="HSTNng">12224.92</dst>
            <dst id="IPLSng">39732.0373333333</dst>
            <dst id="KSCYng">9195.81866666666</dst>
            <dst id="LOSAng">19794.0986666667</dst>
            <dst id="NYCMng">51975.304</dst>
            <dst id="SNVAng">15796.128</dst>
            <dst id="STTLng">41203.192</dst>
            <dst id="WASHng">65157.0773333333</dst>
        </src>
        <src id="NYCMng">
            <dst id="ATLA-M5">1322.41066666667</dst>
            <dst id="ATLAng">34937.4506666667</dst>
            <dst id="CHINng">62231.0053333333</dst>
            <dst id="DNVRng">35343.5466666667</dst>
            <dst id="HSTNng">32663.9973333333</dst>
            <dst id="IPLSng">60879.96</dst>
            <dst id="KSCYng">15130.464</dst>
            <dst id="LOSAng">69475.4586666667</dst>
            <dst id="NYCMng">150842.258666667</dst>
            <dst id="SNVAng">10308.9706666667</dst>
            <dst id="STTLng">22759.2133333333</dst>
            <dst id="WASHng">80125.464</dst>
        </src>
        <src id="SNVAng">
            <dst id="ATLA-M5">479.829333333333</dst>
            <dst id="ATLAng">612.026666666667</dst>
            <dst id="CHINng">4198.88533333333</dst>
            <dst id="DNVRng">3537.99466666667</dst>
            <dst id="HSTNng">566.610666666667</dst>
            <dst id="IPLSng">1540.576</dst>
            <dst id="KSCYng">653.856</dst>
            <dst id="LOSAng">34826.32</dst>
            <dst id="NYCMng">2078.016</dst>
            <dst id="SNVAng">17844.2453333333</dst>
            <dst id="STTLng">68603.1706666667</dst>
            <dst id="WASHng">2126.13333333333</dst>
        </src>
        <src id="STTLng">
            <dst id="ATLA-M5">260.994666666667</dst>
            <dst id="ATLAng">9831.11466666667</dst>
            <dst id="CHINng">67581.2213333333</dst>
            <dst id="DNVRng">8411.96266666667</dst>
            <dst id="HSTNng">1975.93333333333</dst>
            <dst id="IPLSng">7268.04266666667</dst>
            <dst id="KSCYng">3512.46666666667</dst>
            <dst id="LOSAng">22504.9466666667</dst>
            <dst id="NYCMng">17980.76</dst>
            <dst id="SNVAng">3178.984</dst>
            <dst id="STTLng">13499.6106666667</dst>
            <dst id="WASHng">7288.736</dst>
        </src>
        <src id="WASHng">
            <dst id="ATLA-M5">160.357333333333</dst>
            <dst id="ATLAng">117476.482666667</dst>
            <dst id="CHINng">79238.672</dst>
            <dst id="DNVRng">66102.136</dst>
            <dst id="HSTNng">21132.96</dst>
            <dst id="IPLSng">60266.16</dst>
            <dst id="KSCYng">14948.4933333333</dst>
            <dst id="LOSAng">66512.64</dst>
            <dst id="NYCMng">180621.346666667</dst>
            <dst id="SNVAng">13922.9093333333</dst>
            <dst id="STTLng">36789.1306666667</dst>
            <dst id="WASHng">393695.706666667</dst>
        </src>
    </IntraTM>
</TrafficMatrixFile>
