<?xml version="1.0" encoding="ISO-8859-1" standalone="yes"?>
<TrafficMatrixFile xsi:noNamespaceSchemaLocation="http://totem.run.montefiore.ulg.ac.be/Schema/TrafficMatrix-v1_2.xsd" xmlns:xsi="http://www.w3.org/2001/XMLSchema-instance">
    <IntraTM ASID="11537">
        <src id="ATLA-M5">
            <dst id="ATLA-M5">124.162666666667</dst>
            <dst id="ATLAng">656.325333333334</dst>
            <dst id="CHINng">1531.17066666667</dst>
            <dst id="DNVRng">1406.29866666667</dst>
            <dst id="HSTNng">231.810666666667</dst>
            <dst id="IPLSng">906.093333333333</dst>
            <dst id="KSCYng">389.658666666667</dst>
            <dst id="LOSAng">847.405333333333</dst>
            <dst id="NYCMng">1555.50666666667</dst>
            <dst id="SNVAng">204.802666666667</dst>
            <dst id="STTLng">269.44</dst>
            <dst id="WASHng">1613.02933333333</dst>
        </src>
        <src id="ATLAng">
            <dst id="ATLA-M5">598.074666666667</dst>
            <dst id="ATLAng">29305.8506666667</dst>
            <dst id="CHINng">37048.2293333333</dst>
            <dst id="DNVRng">12276.0106666667</dst>
            <dst id="HSTNng">12744.5866666667</dst>
            <dst id="IPLSng">65044.2133333333</dst>
            <dst id="KSCYng">6071.94133333333</dst>
            <dst id="LOSAng">26700.4</dst>
            <dst id="NYCMng">28556.68</dst>
            <dst id="SNVAng">3441.284</dst>
            <dst id="STTLng">9294.11733333333</dst>
            <dst id="WASHng">99164.2826666667</dst>
        </src>
        <src id="CHINng">
            <dst id="ATLA-M5">4840.84533333333</dst>
            <dst id="ATLAng">24422.9013333333</dst>
            <dst id="CHINng">38657.584</dst>
            <dst id="DNVRng">17416.728</dst>
            <dst id="HSTNng">17352.5493333333</dst>
            <dst id="IPLSng">42996.1226666667</dst>
            <dst id="KSCYng">7503.35466666667</dst>
            <dst id="LOSAng">23806.8693333333</dst>
            <dst id="NYCMng">9864.848</dst>
            <dst id="SNVAng">7654.12266666667</dst>
            <dst id="STTLng">13422.7946666667</dst>
            <dst id="WASHng">24924.5066666667</dst>
        </src>
        <src id="DNVRng">
            <dst id="ATLA-M5">1318.89866666667</dst>
            <dst id="ATLAng">9873.41333333333</dst>
            <dst id="CHINng">66236.7786666667</dst>
            <dst id="DNVRng">7843.44266666667</dst>
            <dst id="HSTNng">21476.984</dst>
            <dst id="IPLSng">32245.1626666667</dst>
            <dst id="KSCYng">13796.4746666667</dst>
            <dst id="LOSAng">11643.1626666667</dst>
            <dst id="NYCMng">18079.0933333333</dst>
            <dst id="SNVAng">14614.896</dst>
            <dst id="STTLng">15575.712</dst>
            <dst id="WASHng">49451.9253333333</dst>
        </src>
        <src id="HSTNng">
            <dst id="ATLA-M5">802.258666666667</dst>
            <dst id="ATLAng">5075.90666666667</dst>
            <dst id="CHINng">23100.8853333333</dst>
            <dst id="DNVRng">8217.408</dst>
            <dst id="HSTNng">13213.5733333333</dst>
            <dst id="IPLSng">9551.92</dst>
            <dst id="KSCYng">6671.62933333333</dst>
            <dst id="LOSAng">97842.5493333333</dst>
            <dst id="NYCMng">15226.4213333333</dst>
            <dst id="SNVAng">3363.136</dst>
            <dst id="STTLng">3127.29333333333</dst>
            <dst id="WASHng">10279.4133333333</dst>
        </src>
        <src id="IPLSng">
            <dst id="ATLA-M5">1152.21333333333</dst>
            <dst id="ATLAng">54769.608</dst>
            <dst id="CHINng">124420.669333333</dst>
            <dst id="DNVRng">47909.336</dst>
            <dst id="HSTNng">8255.50133333333</dst>
            <dst id="IPLSng">35925.5306666667</dst>
            <dst id="KSCYng">26235.5946666667</dst>
            <dst id="LOSAng">112855.986666667</dst>
            <dst id="NYCMng">50090.8186666667</dst>
            <dst id="SNVAng">7123.72</dst>
            <dst id="STTLng">18613.5013333333</dst>
            <dst id="WASHng">41930.6906666667</dst>
        </src>
        <src id="KSCYng">
            <dst id="ATLA-M5">1439.52266666667</dst>
            <dst id="ATLAng">5938.61066666667</dst>
            <dst id="CHINng">36422.6613333333</dst>
            <dst id="DNVRng">16219.6213333333</dst>
            <dst id="HSTNng">8527.79466666666</dst>
            <dst id="IPLSng">13206.192</dst>
            <dst id="KSCYng">6509.448</dst>
            <dst id="LOSAng">7777.16266666667</dst>
            <dst id="NYCMng">10569.5013333333</dst>
            <dst id="SNVAng">3869.98666666667</dst>
            <dst id="STTLng">6041.76266666667</dst>
            <dst id="WASHng">14733.4053333333</dst>
        </src>
        <src id="LOSAng">
            <dst id="ATLA-M5">975.381333333333</dst>
            <dst id="ATLAng">26728.0453333333</dst>
            <dst id="CHINng">125387.234666667</dst>
            <dst id="DNVRng">24229.376</dst>
            <dst id="HSTNng">13536.272</dst>
            <dst id="IPLSng">47423.56</dst>
            <dst id="KSCYng">12441.4506666667</dst>
            <dst id="LOSAng">15938.6613333333</dst>
            <dst id="NYCMng">52953.7306666667</dst>
            <dst id="SNVAng">15918.7706666667</dst>
            <dst id="STTLng">32900.672</dst>
            <dst id="WASHng">63829.008</dst>
        </src>
        <src id="NYCMng">
            <dst id="ATLA-M5">2318.616</dst>
            <dst id="ATLAng">73879.3386666667</dst>
            <dst id="CHINng">78936.144</dst>
            <dst id="DNVRng">63602.744</dst>
            <dst id="HSTNng">40545.9146666667</dst>
            <dst id="IPLSng">83779.6586666667</dst>
            <dst id="KSCYng">36588.0746666667</dst>
            <dst id="LOSAng">92961.1093333333</dst>
            <dst id="NYCMng">150692.482666667</dst>
            <dst id="SNVAng">16200.3546666667</dst>
            <dst id="STTLng">44664.6613333333</dst>
            <dst id="WASHng">180871.610666667</dst>
        </src>
        <src id="SNVAng">
            <dst id="ATLA-M5">287.208</dst>
            <dst id="ATLAng">1597.01866666667</dst>
            <dst id="CHINng">10851.8266666667</dst>
            <dst id="DNVRng">13072.152</dst>
            <dst id="HSTNng">1230.37866666667</dst>
            <dst id="IPLSng">5157.82666666667</dst>
            <dst id="KSCYng">1791.28266666667</dst>
            <dst id="LOSAng">46449.76</dst>
            <dst id="NYCMng">3643.33866666667</dst>
            <dst id="SNVAng">23704.5866666667</dst>
            <dst id="STTLng">62632.4773333333</dst>
            <dst id="WASHng">5040.536</dst>
        </src>
        <src id="STTLng">
            <dst id="ATLA-M5">151.877333333333</dst>
            <dst id="ATLAng">17402.856</dst>
            <dst id="CHINng">64858.456</dst>
            <dst id="DNVRng">13013.0266666667</dst>
            <dst id="HSTNng">4868.936</dst>
            <dst id="IPLSng">21816.4586666667</dst>
            <dst id="KSCYng">5095.26133333333</dst>
            <dst id="LOSAng">28798.8906666667</dst>
            <dst id="NYCMng">23699.0293333333</dst>
            <dst id="SNVAng">9287.608</dst>
            <dst id="STTLng">9986.06666666667</dst>
            <dst id="WASHng">21687.6053333333</dst>
        </src>
        <src id="WASHng">
            <dst id="ATLA-M5">3281.92533333333</dst>
            <dst id="ATLAng">145039.736</dst>
            <dst id="CHINng">86884.5706666667</dst>
            <dst id="DNVRng">71784.4266666667</dst>
            <dst id="HSTNng">34291.7253333333</dst>
            <dst id="IPLSng">94540.4026666667</dst>
            <dst id="KSCYng">25843.8106666667</dst>
            <dst id="LOSAng">95716.7946666667</dst>
            <dst id="NYCMng">172068.152</dst>
            <dst id="SNVAng">11684.8666666667</dst>
            <dst id="STTLng">40260.2293333333</dst>
            <dst id="WASHng">258954.432</dst>
        </src>
    </IntraTM>
</TrafficMatrixFile>
