<?xml version="1.0" encoding="ISO-8859-1" standalone="yes"?>
<TrafficMatrixFile xsi:noNamespaceSchemaLocation="http://totem.run.montefiore.ulg.ac.be/Schema/TrafficMatrix-v1_2.xsd" xmlns:xsi="http://www.w3.org/2001/XMLSchema-instance">
    <IntraTM ASID="11537">
        <src id="ATLA-M5">
            <dst id="ATLA-M5">0</dst>
            <dst id="ATLAng">414.690666666667</dst>
            <dst id="CHINng">912.618666666667</dst>
            <dst id="DNVRng">0</dst>
            <dst id="HSTNng">177.088</dst>
            <dst id="IPLSng">428.546666666667</dst>
            <dst id="KSCYng">160.181333333333</dst>
            <dst id="LOSAng">196.824</dst>
            <dst id="NYCMng">127.264</dst>
            <dst id="SNVAng">370.056</dst>
            <dst id="STTLng">174.696</dst>
            <dst id="WASHng">3439.52266666667</dst>
        </src>
        <src id="ATLAng">
            <dst id="ATLA-M5">152.210666666667</dst>
            <dst id="ATLAng">26703.424</dst>
            <dst id="CHINng">14290.4426666667</dst>
            <dst id="DNVRng">4320.936</dst>
            <dst id="HSTNng">3618.336</dst>
            <dst id="IPLSng">18344.1013333333</dst>
            <dst id="KSCYng">5917.46933333333</dst>
            <dst id="LOSAng">14283.896</dst>
            <dst id="NYCMng">12505.552</dst>
            <dst id="SNVAng">824.688</dst>
            <dst id="STTLng">4260.56</dst>
            <dst id="WASHng">94086.7893333333</dst>
        </src>
        <src id="CHINng">
            <dst id="ATLA-M5">128.397333333333</dst>
            <dst id="ATLAng">14100.9813333333</dst>
            <dst id="CHINng">49581.1333333333</dst>
            <dst id="DNVRng">3078.08</dst>
            <dst id="HSTNng">4760.06933333333</dst>
            <dst id="IPLSng">23816.8586666667</dst>
            <dst id="KSCYng">4267.40266666667</dst>
            <dst id="LOSAng">22352.4026666667</dst>
            <dst id="NYCMng">9053.864</dst>
            <dst id="SNVAng">1320.296</dst>
            <dst id="STTLng">10693.2533333333</dst>
            <dst id="WASHng">11551.336</dst>
        </src>
        <src id="DNVRng">
            <dst id="ATLA-M5">87.7066666666667</dst>
            <dst id="ATLAng">9600.07466666667</dst>
            <dst id="CHINng">66795.5893333333</dst>
            <dst id="DNVRng">8335.11466666667</dst>
            <dst id="HSTNng">11115.696</dst>
            <dst id="IPLSng">26934.7573333333</dst>
            <dst id="KSCYng">9587.21333333333</dst>
            <dst id="LOSAng">5308.78133333333</dst>
            <dst id="NYCMng">21094.6853333333</dst>
            <dst id="SNVAng">7949.82133333334</dst>
            <dst id="STTLng">9194.89333333333</dst>
            <dst id="WASHng">56770.5493333333</dst>
        </src>
        <src id="HSTNng">
            <dst id="ATLA-M5">1865.44</dst>
            <dst id="ATLAng">5002.50933333333</dst>
            <dst id="CHINng">34926.5866666667</dst>
            <dst id="DNVRng">4744.53866666667</dst>
            <dst id="HSTNng">4818.53066666667</dst>
            <dst id="IPLSng">6485.20266666667</dst>
            <dst id="KSCYng">2757.50133333333</dst>
            <dst id="LOSAng">100629.704</dst>
            <dst id="NYCMng">9618.90666666667</dst>
            <dst id="SNVAng">756.92</dst>
            <dst id="STTLng">1713.85066666667</dst>
            <dst id="WASHng">6277.93333333333</dst>
        </src>
        <src id="IPLSng">
            <dst id="ATLA-M5">111.290666666667</dst>
            <dst id="ATLAng">24220.7493333333</dst>
            <dst id="CHINng">112261.962666667</dst>
            <dst id="DNVRng">21392.3226666667</dst>
            <dst id="HSTNng">10502.1893333333</dst>
            <dst id="IPLSng">37406.3946666667</dst>
            <dst id="KSCYng">10398.2906666667</dst>
            <dst id="LOSAng">21069.328</dst>
            <dst id="NYCMng">47852.2053333333</dst>
            <dst id="SNVAng">4807.55466666667</dst>
            <dst id="STTLng">8046.504</dst>
            <dst id="WASHng">53938.5733333333</dst>
        </src>
        <src id="KSCYng">
            <dst id="ATLA-M5">53.3333333333333</dst>
            <dst id="ATLAng">4260.38666666667</dst>
            <dst id="CHINng">44345.1946666667</dst>
            <dst id="DNVRng">8301.05066666667</dst>
            <dst id="HSTNng">3511.02933333333</dst>
            <dst id="IPLSng">21171.448</dst>
            <dst id="KSCYng">5635.312</dst>
            <dst id="LOSAng">4529.74933333333</dst>
            <dst id="NYCMng">6189.88533333333</dst>
            <dst id="SNVAng">2273.504</dst>
            <dst id="STTLng">4853.808</dst>
            <dst id="WASHng">10879.6453333333</dst>
        </src>
        <src id="LOSAng">
            <dst id="ATLA-M5">212.64</dst>
            <dst id="ATLAng">14197.848</dst>
            <dst id="CHINng">148982.464</dst>
            <dst id="DNVRng">10951.904</dst>
            <dst id="HSTNng">52371.128</dst>
            <dst id="IPLSng">30785.4186666667</dst>
            <dst id="KSCYng">4961.10666666667</dst>
            <dst id="LOSAng">15657.008</dst>
            <dst id="NYCMng">56008.4746666667</dst>
            <dst id="SNVAng">12963.28</dst>
            <dst id="STTLng">19382.04</dst>
            <dst id="WASHng">58538.9946666667</dst>
        </src>
        <src id="NYCMng">
            <dst id="ATLA-M5">162.768</dst>
            <dst id="ATLAng">32930.3146666667</dst>
            <dst id="CHINng">67038.2773333333</dst>
            <dst id="DNVRng">26955.144</dst>
            <dst id="HSTNng">13308.976</dst>
            <dst id="IPLSng">61754.872</dst>
            <dst id="KSCYng">15226.256</dst>
            <dst id="LOSAng">56800.44</dst>
            <dst id="NYCMng">139734.621333333</dst>
            <dst id="SNVAng">9294.088</dst>
            <dst id="STTLng">20293.096</dst>
            <dst id="WASHng">70213.168</dst>
        </src>
        <src id="SNVAng">
            <dst id="ATLA-M5">0</dst>
            <dst id="ATLAng">430.192</dst>
            <dst id="CHINng">7209.512</dst>
            <dst id="DNVRng">2587.46933333333</dst>
            <dst id="HSTNng">396.917333333333</dst>
            <dst id="IPLSng">1712.608</dst>
            <dst id="KSCYng">851.466666666667</dst>
            <dst id="LOSAng">33981.536</dst>
            <dst id="NYCMng">3362.464</dst>
            <dst id="SNVAng">17018.0453333333</dst>
            <dst id="STTLng">60728.9066666667</dst>
            <dst id="WASHng">744.586666666667</dst>
        </src>
        <src id="STTLng">
            <dst id="ATLA-M5">210.101333333333</dst>
            <dst id="ATLAng">9077.12266666667</dst>
            <dst id="CHINng">81858.984</dst>
            <dst id="DNVRng">3433.92266666667</dst>
            <dst id="HSTNng">1259.30666666667</dst>
            <dst id="IPLSng">8113.31733333333</dst>
            <dst id="KSCYng">3184.62933333333</dst>
            <dst id="LOSAng">20637.0186666667</dst>
            <dst id="NYCMng">19275.6613333333</dst>
            <dst id="SNVAng">10835.6373333333</dst>
            <dst id="STTLng">6922</dst>
            <dst id="WASHng">9669.60266666667</dst>
        </src>
        <src id="WASHng">
            <dst id="ATLA-M5">218.754666666667</dst>
            <dst id="ATLAng">170773.370666667</dst>
            <dst id="CHINng">68887.8026666667</dst>
            <dst id="DNVRng">44552.5066666667</dst>
            <dst id="HSTNng">13793.4693333333</dst>
            <dst id="IPLSng">53273.72</dst>
            <dst id="KSCYng">9296.24533333333</dst>
            <dst id="LOSAng">59927.4346666667</dst>
            <dst id="NYCMng">167560.154666667</dst>
            <dst id="SNVAng">6097.27466666667</dst>
            <dst id="STTLng">40256.8426666667</dst>
            <dst id="WASHng">302023.68</dst>
        </src>
    </IntraTM>
</TrafficMatrixFile>
