<?xml version="1.0" encoding="ISO-8859-1" standalone="yes"?>
<TrafficMatrixFile xsi:noNamespaceSchemaLocation="http://totem.run.montefiore.ulg.ac.be/Schema/TrafficMatrix-v1_2.xsd" xmlns:xsi="http://www.w3.org/2001/XMLSchema-instance">
    <IntraTM ASID="11537">
        <src id="ATLA-M5">
            <dst id="ATLA-M5">53.3333333333333</dst>
            <dst id="ATLAng">595.106666666667</dst>
            <dst id="CHINng">4701.56266666667</dst>
            <dst id="DNVRng">1312.208</dst>
            <dst id="HSTNng">800.514666666667</dst>
            <dst id="IPLSng">1679.66133333333</dst>
            <dst id="KSCYng">247.325333333333</dst>
            <dst id="LOSAng">452.96</dst>
            <dst id="NYCMng">1213.272</dst>
            <dst id="SNVAng">318.872</dst>
            <dst id="STTLng">183.042666666667</dst>
            <dst id="WASHng">4071.848</dst>
        </src>
        <src id="ATLAng">
            <dst id="ATLA-M5">1865.57866666667</dst>
            <dst id="ATLAng">21768.4773333333</dst>
            <dst id="CHINng">24119.8186666667</dst>
            <dst id="DNVRng">10087.2666666667</dst>
            <dst id="HSTNng">6807.08266666667</dst>
            <dst id="IPLSng">29510.0746666667</dst>
            <dst id="KSCYng">8002.944</dst>
            <dst id="LOSAng">29571.5333333333</dst>
            <dst id="NYCMng">17905.904</dst>
            <dst id="SNVAng">1547.06933333333</dst>
            <dst id="STTLng">8283.28533333333</dst>
            <dst id="WASHng">104254.186666667</dst>
        </src>
        <src id="CHINng">
            <dst id="ATLA-M5">4882.06666666667</dst>
            <dst id="ATLAng">19078.0773333333</dst>
            <dst id="CHINng">33409.2186666667</dst>
            <dst id="DNVRng">10132.5866666667</dst>
            <dst id="HSTNng">15728.9253333333</dst>
            <dst id="IPLSng">36414.3653333333</dst>
            <dst id="KSCYng">6975.504</dst>
            <dst id="LOSAng">41923.7626666667</dst>
            <dst id="NYCMng">7489.536</dst>
            <dst id="SNVAng">8394.25066666667</dst>
            <dst id="STTLng">12537.1653333333</dst>
            <dst id="WASHng">19660.032</dst>
        </src>
        <src id="DNVRng">
            <dst id="ATLA-M5">924.389333333333</dst>
            <dst id="ATLAng">6950.08266666667</dst>
            <dst id="CHINng">58346.672</dst>
            <dst id="DNVRng">16082.4826666667</dst>
            <dst id="HSTNng">16793.1706666667</dst>
            <dst id="IPLSng">31326.312</dst>
            <dst id="KSCYng">18817.8533333333</dst>
            <dst id="LOSAng">9102.21066666666</dst>
            <dst id="NYCMng">22701.064</dst>
            <dst id="SNVAng">13366.8053333333</dst>
            <dst id="STTLng">17118.8533333333</dst>
            <dst id="WASHng">55399.2933333333</dst>
        </src>
        <src id="HSTNng">
            <dst id="ATLA-M5">764.485333333333</dst>
            <dst id="ATLAng">4287.30133333333</dst>
            <dst id="CHINng">44211.2693333333</dst>
            <dst id="DNVRng">4649.47733333333</dst>
            <dst id="HSTNng">11507.824</dst>
            <dst id="IPLSng">20669.384</dst>
            <dst id="KSCYng">7803.09333333333</dst>
            <dst id="LOSAng">14240.1413333333</dst>
            <dst id="NYCMng">7655.07733333333</dst>
            <dst id="SNVAng">1981.496</dst>
            <dst id="STTLng">4059.17066666667</dst>
            <dst id="WASHng">16377.208</dst>
        </src>
        <src id="IPLSng">
            <dst id="ATLA-M5">1503.57066666667</dst>
            <dst id="ATLAng">17212.704</dst>
            <dst id="CHINng">115308.850666667</dst>
            <dst id="DNVRng">30637.6666666667</dst>
            <dst id="HSTNng">14079.2506666667</dst>
            <dst id="IPLSng">27859.7546666667</dst>
            <dst id="KSCYng">14433.776</dst>
            <dst id="LOSAng">98134.344</dst>
            <dst id="NYCMng">38473.592</dst>
            <dst id="SNVAng">12682.072</dst>
            <dst id="STTLng">16366.5306666667</dst>
            <dst id="WASHng">56396.0506666667</dst>
        </src>
        <src id="KSCYng">
            <dst id="ATLA-M5">1237.08266666667</dst>
            <dst id="ATLAng">7629.728</dst>
            <dst id="CHINng">47037.2106666667</dst>
            <dst id="DNVRng">11876.76</dst>
            <dst id="HSTNng">5313.80533333333</dst>
            <dst id="IPLSng">13121.2026666667</dst>
            <dst id="KSCYng">7267.992</dst>
            <dst id="LOSAng">9474.88533333333</dst>
            <dst id="NYCMng">17130.448</dst>
            <dst id="SNVAng">908.328</dst>
            <dst id="STTLng">5893.07466666667</dst>
            <dst id="WASHng">16451.328</dst>
        </src>
        <src id="LOSAng">
            <dst id="ATLA-M5">983.376</dst>
            <dst id="ATLAng">31700.632</dst>
            <dst id="CHINng">121216.242666667</dst>
            <dst id="DNVRng">13760.3706666667</dst>
            <dst id="HSTNng">12104.6346666667</dst>
            <dst id="IPLSng">44684.816</dst>
            <dst id="KSCYng">9647.416</dst>
            <dst id="LOSAng">28853.888</dst>
            <dst id="NYCMng">63657.7573333333</dst>
            <dst id="SNVAng">11418.1573333333</dst>
            <dst id="STTLng">41070.92</dst>
            <dst id="WASHng">75090.6266666667</dst>
        </src>
        <src id="NYCMng">
            <dst id="ATLA-M5">4762.61333333333</dst>
            <dst id="ATLAng">53186.152</dst>
            <dst id="CHINng">73303.744</dst>
            <dst id="DNVRng">46319.1946666667</dst>
            <dst id="HSTNng">44655.4026666667</dst>
            <dst id="IPLSng">88590.4506666667</dst>
            <dst id="KSCYng">25760.08</dst>
            <dst id="LOSAng">93371.952</dst>
            <dst id="NYCMng">166940.184</dst>
            <dst id="SNVAng">10388.9946666667</dst>
            <dst id="STTLng">36932.784</dst>
            <dst id="WASHng">206822.058666667</dst>
        </src>
        <src id="SNVAng">
            <dst id="ATLA-M5">614.984</dst>
            <dst id="ATLAng">1275.75466666667</dst>
            <dst id="CHINng">9550.504</dst>
            <dst id="DNVRng">4302.70666666667</dst>
            <dst id="HSTNng">1306.48266666667</dst>
            <dst id="IPLSng">2545.97333333333</dst>
            <dst id="KSCYng">884.901333333333</dst>
            <dst id="LOSAng">40933.0586666667</dst>
            <dst id="NYCMng">5361.45333333333</dst>
            <dst id="SNVAng">15705.1413333333</dst>
            <dst id="STTLng">56486.992</dst>
            <dst id="WASHng">2718.304</dst>
        </src>
        <src id="STTLng">
            <dst id="ATLA-M5">276.989333333333</dst>
            <dst id="ATLAng">12915.6266666667</dst>
            <dst id="CHINng">54787.7626666667</dst>
            <dst id="DNVRng">5418.176</dst>
            <dst id="HSTNng">3567.48533333333</dst>
            <dst id="IPLSng">26117.4106666667</dst>
            <dst id="KSCYng">4457.94666666667</dst>
            <dst id="LOSAng">35956.5226666667</dst>
            <dst id="NYCMng">23272.9333333333</dst>
            <dst id="SNVAng">8709.264</dst>
            <dst id="STTLng">14248.0933333333</dst>
            <dst id="WASHng">20483.816</dst>
        </src>
        <src id="WASHng">
            <dst id="ATLA-M5">2564.25866666667</dst>
            <dst id="ATLAng">121127.088</dst>
            <dst id="CHINng">122122.616</dst>
            <dst id="DNVRng">69539.5386666667</dst>
            <dst id="HSTNng">35473.368</dst>
            <dst id="IPLSng">74964.632</dst>
            <dst id="KSCYng">20797.1973333333</dst>
            <dst id="LOSAng">82205.296</dst>
            <dst id="NYCMng">185074.341333333</dst>
            <dst id="SNVAng">5946.184</dst>
            <dst id="STTLng">41708.3013333333</dst>
            <dst id="WASHng">249552.477333333</dst>
        </src>
    </IntraTM>
</TrafficMatrixFile>
