<?xml version="1.0" encoding="ISO-8859-1" standalone="yes"?>
<TrafficMatrixFile xsi:noNamespaceSchemaLocation="http://totem.run.montefiore.ulg.ac.be/Schema/TrafficMatrix-v1_2.xsd" xmlns:xsi="http://www.w3.org/2001/XMLSchema-instance">
    <IntraTM ASID="11537">
        <src id="ATLA-M5">
            <dst id="ATLA-M5">57.312</dst>
            <dst id="ATLAng">454.536</dst>
            <dst id="CHINng">1048.01066666667</dst>
            <dst id="DNVRng">797.770666666667</dst>
            <dst id="HSTNng">351.797333333333</dst>
            <dst id="IPLSng">917.061333333333</dst>
            <dst id="KSCYng">784.096</dst>
            <dst id="LOSAng">155.722666666667</dst>
            <dst id="NYCMng">2522.64266666667</dst>
            <dst id="SNVAng">453.266666666667</dst>
            <dst id="STTLng">181.917333333333</dst>
            <dst id="WASHng">1026.88533333333</dst>
        </src>
        <src id="ATLAng">
            <dst id="ATLA-M5">1015.008</dst>
            <dst id="ATLAng">23790.9493333333</dst>
            <dst id="CHINng">34741.0773333333</dst>
            <dst id="DNVRng">23019.208</dst>
            <dst id="HSTNng">15764.208</dst>
            <dst id="IPLSng">38456.3973333333</dst>
            <dst id="KSCYng">7062.904</dst>
            <dst id="LOSAng">35414.0693333333</dst>
            <dst id="NYCMng">29905.112</dst>
            <dst id="SNVAng">4175.948</dst>
            <dst id="STTLng">6642.50933333333</dst>
            <dst id="WASHng">77668.7253333333</dst>
        </src>
        <src id="CHINng">
            <dst id="ATLA-M5">3880.824</dst>
            <dst id="ATLAng">24788.768</dst>
            <dst id="CHINng">64531.1146666667</dst>
            <dst id="DNVRng">17473.0293333333</dst>
            <dst id="HSTNng">20614.5413333333</dst>
            <dst id="IPLSng">59058.5306666667</dst>
            <dst id="KSCYng">15336.1706666667</dst>
            <dst id="LOSAng">30432.5413333333</dst>
            <dst id="NYCMng">8319.696</dst>
            <dst id="SNVAng">4681.24</dst>
            <dst id="STTLng">18536.9706666667</dst>
            <dst id="WASHng">27474.312</dst>
        </src>
        <src id="DNVRng">
            <dst id="ATLA-M5">869.077333333333</dst>
            <dst id="ATLAng">12714.3813333333</dst>
            <dst id="CHINng">60761.7413333333</dst>
            <dst id="DNVRng">13207.384</dst>
            <dst id="HSTNng">17848.9786666667</dst>
            <dst id="IPLSng">34614.088</dst>
            <dst id="KSCYng">15702.4213333333</dst>
            <dst id="LOSAng">10276.784</dst>
            <dst id="NYCMng">23873.6053333333</dst>
            <dst id="SNVAng">13727.0053333333</dst>
            <dst id="STTLng">19840.8906666667</dst>
            <dst id="WASHng">65977.352</dst>
        </src>
        <src id="HSTNng">
            <dst id="ATLA-M5">1793.70933333333</dst>
            <dst id="ATLAng">5555.176</dst>
            <dst id="CHINng">29660.1946666667</dst>
            <dst id="DNVRng">8338.248</dst>
            <dst id="HSTNng">10615.2026666667</dst>
            <dst id="IPLSng">11987.9173333333</dst>
            <dst id="KSCYng">10409.92</dst>
            <dst id="LOSAng">17680.4026666667</dst>
            <dst id="NYCMng">16395.4693333333</dst>
            <dst id="SNVAng">3902.81066666667</dst>
            <dst id="STTLng">3033.69066666667</dst>
            <dst id="WASHng">10496.3386666667</dst>
        </src>
        <src id="IPLSng">
            <dst id="ATLA-M5">1599.13066666667</dst>
            <dst id="ATLAng">34389.2826666667</dst>
            <dst id="CHINng">121763.245333333</dst>
            <dst id="DNVRng">47135.84</dst>
            <dst id="HSTNng">8433.008</dst>
            <dst id="IPLSng">48943.7733333333</dst>
            <dst id="KSCYng">24332.4853333333</dst>
            <dst id="LOSAng">110992.192</dst>
            <dst id="NYCMng">61696.728</dst>
            <dst id="SNVAng">6349.304</dst>
            <dst id="STTLng">22298.9386666667</dst>
            <dst id="WASHng">67438.08</dst>
        </src>
        <src id="KSCYng">
            <dst id="ATLA-M5">1435.56</dst>
            <dst id="ATLAng">6703.34133333333</dst>
            <dst id="CHINng">34013.472</dst>
            <dst id="DNVRng">13973.472</dst>
            <dst id="HSTNng">9530.496</dst>
            <dst id="IPLSng">31430.28</dst>
            <dst id="KSCYng">11393</dst>
            <dst id="LOSAng">13213.9973333333</dst>
            <dst id="NYCMng">8907.968</dst>
            <dst id="SNVAng">3917.744</dst>
            <dst id="STTLng">4246.888</dst>
            <dst id="WASHng">21152.1813333333</dst>
        </src>
        <src id="LOSAng">
            <dst id="ATLA-M5">1065.11466666667</dst>
            <dst id="ATLAng">27743.8773333333</dst>
            <dst id="CHINng">140269.325333333</dst>
            <dst id="DNVRng">24721.544</dst>
            <dst id="HSTNng">10253.1946666667</dst>
            <dst id="IPLSng">50494.688</dst>
            <dst id="KSCYng">21852.1973333333</dst>
            <dst id="LOSAng">13608.208</dst>
            <dst id="NYCMng">65093.128</dst>
            <dst id="SNVAng">13128.68</dst>
            <dst id="STTLng">33065.2533333333</dst>
            <dst id="WASHng">80928.256</dst>
        </src>
        <src id="NYCMng">
            <dst id="ATLA-M5">2220.448</dst>
            <dst id="ATLAng">68672.2</dst>
            <dst id="CHINng">70197.1306666667</dst>
            <dst id="DNVRng">60221.432</dst>
            <dst id="HSTNng">46023.0026666667</dst>
            <dst id="IPLSng">97251.52</dst>
            <dst id="KSCYng">37327.9493333333</dst>
            <dst id="LOSAng">79249.1066666667</dst>
            <dst id="NYCMng">153264.434666667</dst>
            <dst id="SNVAng">14338.1973333333</dst>
            <dst id="STTLng">55493.8986666667</dst>
            <dst id="WASHng">170322.653333333</dst>
        </src>
        <src id="SNVAng">
            <dst id="ATLA-M5">1348.90666666667</dst>
            <dst id="ATLAng">1601.00266666667</dst>
            <dst id="CHINng">6493.74666666667</dst>
            <dst id="DNVRng">5596.72266666667</dst>
            <dst id="HSTNng">1085.512</dst>
            <dst id="IPLSng">5806.57333333333</dst>
            <dst id="KSCYng">1433.28266666667</dst>
            <dst id="LOSAng">46968.9653333333</dst>
            <dst id="NYCMng">3089.77333333333</dst>
            <dst id="SNVAng">24586.3466666667</dst>
            <dst id="STTLng">62440.416</dst>
            <dst id="WASHng">2844.896</dst>
        </src>
        <src id="STTLng">
            <dst id="ATLA-M5">669.872</dst>
            <dst id="ATLAng">14480.5893333333</dst>
            <dst id="CHINng">71606.456</dst>
            <dst id="DNVRng">14912.088</dst>
            <dst id="HSTNng">6554.32</dst>
            <dst id="IPLSng">35161.6293333333</dst>
            <dst id="KSCYng">5799.472</dst>
            <dst id="LOSAng">32974.992</dst>
            <dst id="NYCMng">25365.6453333333</dst>
            <dst id="SNVAng">16016.1546666667</dst>
            <dst id="STTLng">9443.21066666666</dst>
            <dst id="WASHng">20167.7493333333</dst>
        </src>
        <src id="WASHng">
            <dst id="ATLA-M5">4254.27733333333</dst>
            <dst id="ATLAng">139179.912</dst>
            <dst id="CHINng">90998.4293333333</dst>
            <dst id="DNVRng">75584.5226666667</dst>
            <dst id="HSTNng">23545.3866666667</dst>
            <dst id="IPLSng">100798.669333333</dst>
            <dst id="KSCYng">25544.2026666667</dst>
            <dst id="LOSAng">88428.288</dst>
            <dst id="NYCMng">206657.213333333</dst>
            <dst id="SNVAng">14799.5146666667</dst>
            <dst id="STTLng">41254.5706666667</dst>
            <dst id="WASHng">273968.64</dst>
        </src>
    </IntraTM>
</TrafficMatrixFile>
