<?xml version="1.0" encoding="ISO-8859-1" standalone="yes"?>
<TrafficMatrixFile xsi:noNamespaceSchemaLocation="http://totem.run.montefiore.ulg.ac.be/Schema/TrafficMatrix-v1_2.xsd" xmlns:xsi="http://www.w3.org/2001/XMLSchema-instance">
    <IntraTM ASID="11537">
        <src id="ATLA-M5">
            <dst id="ATLA-M5">37.68</dst>
            <dst id="ATLAng">607.288</dst>
            <dst id="CHINng">1035.80533333333</dst>
            <dst id="DNVRng">931.882666666667</dst>
            <dst id="HSTNng">706.954666666667</dst>
            <dst id="IPLSng">1107.72</dst>
            <dst id="KSCYng">1020.78933333333</dst>
            <dst id="LOSAng">275.402666666667</dst>
            <dst id="NYCMng">1513.61333333333</dst>
            <dst id="SNVAng">303.650666666667</dst>
            <dst id="STTLng">163.949333333333</dst>
            <dst id="WASHng">1599.43733333333</dst>
        </src>
        <src id="ATLAng">
            <dst id="ATLA-M5">1122.43733333333</dst>
            <dst id="ATLAng">23978.928</dst>
            <dst id="CHINng">43250.072</dst>
            <dst id="DNVRng">25147.936</dst>
            <dst id="HSTNng">15297.2426666667</dst>
            <dst id="IPLSng">59765.224</dst>
            <dst id="KSCYng">7354.04533333333</dst>
            <dst id="LOSAng">25946.2506666667</dst>
            <dst id="NYCMng">29228.4613333333</dst>
            <dst id="SNVAng">5210.15466666667</dst>
            <dst id="STTLng">7575.10133333333</dst>
            <dst id="WASHng">80896.304</dst>
        </src>
        <src id="CHINng">
            <dst id="ATLA-M5">5425.13066666667</dst>
            <dst id="ATLAng">11771.104</dst>
            <dst id="CHINng">71173.0586666667</dst>
            <dst id="DNVRng">9419.2</dst>
            <dst id="HSTNng">14595.7706666667</dst>
            <dst id="IPLSng">50734.688</dst>
            <dst id="KSCYng">7991.30933333333</dst>
            <dst id="LOSAng">27568.1146666667</dst>
            <dst id="NYCMng">8096.208</dst>
            <dst id="SNVAng">5982.54933333333</dst>
            <dst id="STTLng">15130.8746666667</dst>
            <dst id="WASHng">19160.4986666667</dst>
        </src>
        <src id="DNVRng">
            <dst id="ATLA-M5">926.666666666667</dst>
            <dst id="ATLAng">9007.904</dst>
            <dst id="CHINng">62301.2826666667</dst>
            <dst id="DNVRng">11540.1973333333</dst>
            <dst id="HSTNng">20168.1946666667</dst>
            <dst id="IPLSng">35113.992</dst>
            <dst id="KSCYng">11647.0906666667</dst>
            <dst id="LOSAng">7571.56533333333</dst>
            <dst id="NYCMng">24748.6666666667</dst>
            <dst id="SNVAng">13047.2186666667</dst>
            <dst id="STTLng">17151.064</dst>
            <dst id="WASHng">55396.336</dst>
        </src>
        <src id="HSTNng">
            <dst id="ATLA-M5">2264.45066666667</dst>
            <dst id="ATLAng">5281.808</dst>
            <dst id="CHINng">26982.08</dst>
            <dst id="DNVRng">6500.592</dst>
            <dst id="HSTNng">14115.0773333333</dst>
            <dst id="IPLSng">10118.536</dst>
            <dst id="KSCYng">7691.784</dst>
            <dst id="LOSAng">16821.6533333333</dst>
            <dst id="NYCMng">12858.2906666667</dst>
            <dst id="SNVAng">3446.45066666667</dst>
            <dst id="STTLng">2618.94133333333</dst>
            <dst id="WASHng">12030.976</dst>
        </src>
        <src id="IPLSng">
            <dst id="ATLA-M5">1140.4</dst>
            <dst id="ATLAng">55672.68</dst>
            <dst id="CHINng">134268.810666667</dst>
            <dst id="DNVRng">45400.664</dst>
            <dst id="HSTNng">8844.42933333333</dst>
            <dst id="IPLSng">79798.176</dst>
            <dst id="KSCYng">20015.2053333333</dst>
            <dst id="LOSAng">47867.568</dst>
            <dst id="NYCMng">57257.5626666667</dst>
            <dst id="SNVAng">12458.3226666667</dst>
            <dst id="STTLng">24458.568</dst>
            <dst id="WASHng">60813.4266666667</dst>
        </src>
        <src id="KSCYng">
            <dst id="ATLA-M5">1621.14133333333</dst>
            <dst id="ATLAng">4685.08533333333</dst>
            <dst id="CHINng">45192.4506666667</dst>
            <dst id="DNVRng">15226.1333333333</dst>
            <dst id="HSTNng">11097.5653333333</dst>
            <dst id="IPLSng">19313.5706666667</dst>
            <dst id="KSCYng">8210.29866666667</dst>
            <dst id="LOSAng">13108.5733333333</dst>
            <dst id="NYCMng">10083.5893333333</dst>
            <dst id="SNVAng">4791.64533333333</dst>
            <dst id="STTLng">3420.53866666667</dst>
            <dst id="WASHng">20731.5626666667</dst>
        </src>
        <src id="LOSAng">
            <dst id="ATLA-M5">1367.11466666667</dst>
            <dst id="ATLAng">28344.4426666667</dst>
            <dst id="CHINng">135755.442666667</dst>
            <dst id="DNVRng">16354.216</dst>
            <dst id="HSTNng">12943.2453333333</dst>
            <dst id="IPLSng">57401.5093333333</dst>
            <dst id="KSCYng">10060.416</dst>
            <dst id="LOSAng">13709.92</dst>
            <dst id="NYCMng">60071.4826666667</dst>
            <dst id="SNVAng">15735.856</dst>
            <dst id="STTLng">32099.8293333333</dst>
            <dst id="WASHng">74715.56</dst>
        </src>
        <src id="NYCMng">
            <dst id="ATLA-M5">2407.89866666667</dst>
            <dst id="ATLAng">71525.36</dst>
            <dst id="CHINng">72578.9173333333</dst>
            <dst id="DNVRng">56410.6773333333</dst>
            <dst id="HSTNng">43948.64</dst>
            <dst id="IPLSng">114706.536</dst>
            <dst id="KSCYng">38592.6666666667</dst>
            <dst id="LOSAng">89852.2453333333</dst>
            <dst id="NYCMng">156950.650666667</dst>
            <dst id="SNVAng">11638.3573333333</dst>
            <dst id="STTLng">53755.344</dst>
            <dst id="WASHng">211997.890666667</dst>
        </src>
        <src id="SNVAng">
            <dst id="ATLA-M5">440.712</dst>
            <dst id="ATLAng">1291.48533333333</dst>
            <dst id="CHINng">5933.09333333333</dst>
            <dst id="DNVRng">8163.448</dst>
            <dst id="HSTNng">1928.224</dst>
            <dst id="IPLSng">8300.904</dst>
            <dst id="KSCYng">1046.93866666667</dst>
            <dst id="LOSAng">46231.3893333333</dst>
            <dst id="NYCMng">4440.06933333333</dst>
            <dst id="SNVAng">21054.5173333333</dst>
            <dst id="STTLng">63248.0426666667</dst>
            <dst id="WASHng">5170.65866666667</dst>
        </src>
        <src id="STTLng">
            <dst id="ATLA-M5">360.768</dst>
            <dst id="ATLAng">16043.992</dst>
            <dst id="CHINng">68169.8506666667</dst>
            <dst id="DNVRng">11582.9093333333</dst>
            <dst id="HSTNng">4929.48</dst>
            <dst id="IPLSng">32485.7866666667</dst>
            <dst id="KSCYng">5557.912</dst>
            <dst id="LOSAng">29539.2693333333</dst>
            <dst id="NYCMng">23996.48</dst>
            <dst id="SNVAng">8904.30133333333</dst>
            <dst id="STTLng">8784.47466666667</dst>
            <dst id="WASHng">16869.9226666667</dst>
        </src>
        <src id="WASHng">
            <dst id="ATLA-M5">3417.41066666667</dst>
            <dst id="ATLAng">125107.288</dst>
            <dst id="CHINng">77335.576</dst>
            <dst id="DNVRng">66284.2346666667</dst>
            <dst id="HSTNng">38973.752</dst>
            <dst id="IPLSng">90538.0506666667</dst>
            <dst id="KSCYng">35105.3573333333</dst>
            <dst id="LOSAng">84235.8133333333</dst>
            <dst id="NYCMng">189409.104</dst>
            <dst id="SNVAng">13708.264</dst>
            <dst id="STTLng">39734.08</dst>
            <dst id="WASHng">241802.12</dst>
        </src>
    </IntraTM>
</TrafficMatrixFile>
