<?xml version="1.0" encoding="ISO-8859-1" standalone="yes"?>
<TrafficMatrixFile xsi:noNamespaceSchemaLocation="http://totem.run.montefiore.ulg.ac.be/Schema/TrafficMatrix-v1_2.xsd" xmlns:xsi="http://www.w3.org/2001/XMLSchema-instance">
    <IntraTM ASID="11537">
        <src id="ATLA-M5">
            <dst id="ATLA-M5">190.984</dst>
            <dst id="ATLAng">577.805333333333</dst>
            <dst id="CHINng">1376.82933333333</dst>
            <dst id="DNVRng">83.0186666666667</dst>
            <dst id="HSTNng">347.08</dst>
            <dst id="IPLSng">1054.02933333333</dst>
            <dst id="KSCYng">139.482666666667</dst>
            <dst id="LOSAng">869.525333333333</dst>
            <dst id="NYCMng">478.610666666667</dst>
            <dst id="SNVAng">103.944</dst>
            <dst id="STTLng">53.3333333333333</dst>
            <dst id="WASHng">2515.83733333333</dst>
        </src>
        <src id="ATLAng">
            <dst id="ATLA-M5">757.568</dst>
            <dst id="ATLAng">32979.744</dst>
            <dst id="CHINng">22444.776</dst>
            <dst id="DNVRng">6314.32</dst>
            <dst id="HSTNng">14374.1866666667</dst>
            <dst id="IPLSng">34461.0026666667</dst>
            <dst id="KSCYng">7334.256</dst>
            <dst id="LOSAng">12521.832</dst>
            <dst id="NYCMng">18578.8586666667</dst>
            <dst id="SNVAng">2267.384</dst>
            <dst id="STTLng">9538.704</dst>
            <dst id="WASHng">85519.8906666666</dst>
        </src>
        <src id="CHINng">
            <dst id="ATLA-M5">172.738666666667</dst>
            <dst id="ATLAng">12234.3146666667</dst>
            <dst id="CHINng">51149.5973333333</dst>
            <dst id="DNVRng">6980.14666666667</dst>
            <dst id="HSTNng">7240.34133333333</dst>
            <dst id="IPLSng">32755.624</dst>
            <dst id="KSCYng">12868.7546666667</dst>
            <dst id="LOSAng">17929.672</dst>
            <dst id="NYCMng">9856.08533333333</dst>
            <dst id="SNVAng">3303.77066666667</dst>
            <dst id="STTLng">6432.86933333333</dst>
            <dst id="WASHng">21026.9786666667</dst>
        </src>
        <src id="DNVRng">
            <dst id="ATLA-M5">530.872</dst>
            <dst id="ATLAng">9843.96</dst>
            <dst id="CHINng">76492.8666666667</dst>
            <dst id="DNVRng">19673.7386666667</dst>
            <dst id="HSTNng">11815.4986666667</dst>
            <dst id="IPLSng">32954.8266666667</dst>
            <dst id="KSCYng">20471.648</dst>
            <dst id="LOSAng">9324.33066666666</dst>
            <dst id="NYCMng">26076.5146666667</dst>
            <dst id="SNVAng">13175.4133333333</dst>
            <dst id="STTLng">24013.5706666667</dst>
            <dst id="WASHng">55517.7813333333</dst>
        </src>
        <src id="HSTNng">
            <dst id="ATLA-M5">360.093333333333</dst>
            <dst id="ATLAng">6533.112</dst>
            <dst id="CHINng">29992.8133333333</dst>
            <dst id="DNVRng">2615.52266666667</dst>
            <dst id="HSTNng">7933.432</dst>
            <dst id="IPLSng">11188.8453333333</dst>
            <dst id="KSCYng">4001.81066666667</dst>
            <dst id="LOSAng">185182.453333333</dst>
            <dst id="NYCMng">6993.70666666667</dst>
            <dst id="SNVAng">1139.29066666667</dst>
            <dst id="STTLng">1935.66666666667</dst>
            <dst id="WASHng">9932.69333333333</dst>
        </src>
        <src id="IPLSng">
            <dst id="ATLA-M5">663.872</dst>
            <dst id="ATLAng">16125.696</dst>
            <dst id="CHINng">163988.272</dst>
            <dst id="DNVRng">17487.376</dst>
            <dst id="HSTNng">8416.464</dst>
            <dst id="IPLSng">59003.016</dst>
            <dst id="KSCYng">18723.5546666667</dst>
            <dst id="LOSAng">17347.7626666667</dst>
            <dst id="NYCMng">41150.744</dst>
            <dst id="SNVAng">4960.536</dst>
            <dst id="STTLng">7414.752</dst>
            <dst id="WASHng">64723.112</dst>
        </src>
        <src id="KSCYng">
            <dst id="ATLA-M5">852.202666666667</dst>
            <dst id="ATLAng">7793.02133333333</dst>
            <dst id="CHINng">49822.3253333333</dst>
            <dst id="DNVRng">9406.07466666667</dst>
            <dst id="HSTNng">4344.98666666667</dst>
            <dst id="IPLSng">9896.65866666667</dst>
            <dst id="KSCYng">10333.184</dst>
            <dst id="LOSAng">4263.82666666667</dst>
            <dst id="NYCMng">8495.20266666667</dst>
            <dst id="SNVAng">1434.86666666667</dst>
            <dst id="STTLng">3847.688</dst>
            <dst id="WASHng">11280.3706666667</dst>
        </src>
        <src id="LOSAng">
            <dst id="ATLA-M5">547.384</dst>
            <dst id="ATLAng">23295.704</dst>
            <dst id="CHINng">157457.162666667</dst>
            <dst id="DNVRng">12117.7173333333</dst>
            <dst id="HSTNng">20475.7306666667</dst>
            <dst id="IPLSng">67640.664</dst>
            <dst id="KSCYng">10214.6346666667</dst>
            <dst id="LOSAng">11367.1466666667</dst>
            <dst id="NYCMng">56778.3573333333</dst>
            <dst id="SNVAng">7972.91466666667</dst>
            <dst id="STTLng">16506.5333333333</dst>
            <dst id="WASHng">73335.824</dst>
        </src>
        <src id="NYCMng">
            <dst id="ATLA-M5">1485.296</dst>
            <dst id="ATLAng">54986.8693333333</dst>
            <dst id="CHINng">65627.5226666667</dst>
            <dst id="DNVRng">33664.1973333333</dst>
            <dst id="HSTNng">18010.8666666667</dst>
            <dst id="IPLSng">78646.712</dst>
            <dst id="KSCYng">25500.92</dst>
            <dst id="LOSAng">52600.9973333333</dst>
            <dst id="NYCMng">184917.658666667</dst>
            <dst id="SNVAng">9497.824</dst>
            <dst id="STTLng">22868.0933333333</dst>
            <dst id="WASHng">107363</dst>
        </src>
        <src id="SNVAng">
            <dst id="ATLA-M5">113.877333333333</dst>
            <dst id="ATLAng">928.258666666667</dst>
            <dst id="CHINng">7777.32266666667</dst>
            <dst id="DNVRng">4900.04266666667</dst>
            <dst id="HSTNng">186.672</dst>
            <dst id="IPLSng">1412.904</dst>
            <dst id="KSCYng">1190.84266666667</dst>
            <dst id="LOSAng">33031.6746666667</dst>
            <dst id="NYCMng">2160.88533333333</dst>
            <dst id="SNVAng">18378.3093333333</dst>
            <dst id="STTLng">57104.4746666667</dst>
            <dst id="WASHng">2337.736</dst>
        </src>
        <src id="STTLng">
            <dst id="ATLA-M5">429.418666666667</dst>
            <dst id="ATLAng">19737.2346666667</dst>
            <dst id="CHINng">84445.7226666667</dst>
            <dst id="DNVRng">5100.06666666667</dst>
            <dst id="HSTNng">6192.99733333333</dst>
            <dst id="IPLSng">25150.9653333333</dst>
            <dst id="KSCYng">8605.568</dst>
            <dst id="LOSAng">20130.896</dst>
            <dst id="NYCMng">28913.6453333333</dst>
            <dst id="SNVAng">4445.77333333333</dst>
            <dst id="STTLng">11339.7013333333</dst>
            <dst id="WASHng">21987.9093333333</dst>
        </src>
        <src id="WASHng">
            <dst id="ATLA-M5">2892.35733333333</dst>
            <dst id="ATLAng">119492.002666667</dst>
            <dst id="CHINng">103711.637333333</dst>
            <dst id="DNVRng">46841.3973333333</dst>
            <dst id="HSTNng">20713.0293333333</dst>
            <dst id="IPLSng">87982.88</dst>
            <dst id="KSCYng">28652.1866666667</dst>
            <dst id="LOSAng">72350.3973333333</dst>
            <dst id="NYCMng">200673.456</dst>
            <dst id="SNVAng">4238.68533333333</dst>
            <dst id="STTLng">26853.8666666667</dst>
            <dst id="WASHng">419817.44</dst>
        </src>
    </IntraTM>
</TrafficMatrixFile>
