<?xml version="1.0" encoding="ISO-8859-1" standalone="yes"?>
<TrafficMatrixFile xsi:noNamespaceSchemaLocation="http://totem.run.montefiore.ulg.ac.be/Schema/TrafficMatrix-v1_2.xsd" xmlns:xsi="http://www.w3.org/2001/XMLSchema-instance">
    <IntraTM ASID="11537">
        <src id="ATLA-M5">
            <dst id="ATLA-M5">95.9893333333333</dst>
            <dst id="ATLAng">923.885333333334</dst>
            <dst id="CHINng">2887.66933333333</dst>
            <dst id="DNVRng">862.749333333333</dst>
            <dst id="HSTNng">1279.752</dst>
            <dst id="IPLSng">2546.42133333333</dst>
            <dst id="KSCYng">753.957333333333</dst>
            <dst id="LOSAng">1896.456</dst>
            <dst id="NYCMng">1299.33866666667</dst>
            <dst id="SNVAng">245.938666666667</dst>
            <dst id="STTLng">243.069333333333</dst>
            <dst id="WASHng">1681.85333333333</dst>
        </src>
        <src id="ATLAng">
            <dst id="ATLA-M5">2646.81866666667</dst>
            <dst id="ATLAng">30551.4</dst>
            <dst id="CHINng">40645.88</dst>
            <dst id="DNVRng">18367.2133333333</dst>
            <dst id="HSTNng">6161.18933333333</dst>
            <dst id="IPLSng">34189.352</dst>
            <dst id="KSCYng">20015.216</dst>
            <dst id="LOSAng">26266.8186666667</dst>
            <dst id="NYCMng">24508.2213333333</dst>
            <dst id="SNVAng">4621.69066666667</dst>
            <dst id="STTLng">9741.424</dst>
            <dst id="WASHng">87137.9173333333</dst>
        </src>
        <src id="CHINng">
            <dst id="ATLA-M5">4184.488</dst>
            <dst id="ATLAng">23829.1706666667</dst>
            <dst id="CHINng">57975.9066666667</dst>
            <dst id="DNVRng">24496.4346666667</dst>
            <dst id="HSTNng">11320.9973333333</dst>
            <dst id="IPLSng">26298.3653333333</dst>
            <dst id="KSCYng">22165.0826666667</dst>
            <dst id="LOSAng">36263.328</dst>
            <dst id="NYCMng">12369.5866666667</dst>
            <dst id="SNVAng">2786.08266666667</dst>
            <dst id="STTLng">14745.9333333333</dst>
            <dst id="WASHng">17912.9626666667</dst>
        </src>
        <src id="DNVRng">
            <dst id="ATLA-M5">835.557333333333</dst>
            <dst id="ATLAng">9536.79733333333</dst>
            <dst id="CHINng">61003.536</dst>
            <dst id="DNVRng">18547.576</dst>
            <dst id="HSTNng">15923.9786666667</dst>
            <dst id="IPLSng">43731.4533333333</dst>
            <dst id="KSCYng">32986.3093333333</dst>
            <dst id="LOSAng">20189.32</dst>
            <dst id="NYCMng">27470.496</dst>
            <dst id="SNVAng">21369.6026666667</dst>
            <dst id="STTLng">19189.8986666667</dst>
            <dst id="WASHng">54053.2293333333</dst>
        </src>
        <src id="HSTNng">
            <dst id="ATLA-M5">860.466666666667</dst>
            <dst id="ATLAng">6590.01066666667</dst>
            <dst id="CHINng">19891.6106666667</dst>
            <dst id="DNVRng">7890.936</dst>
            <dst id="HSTNng">12955.4746666667</dst>
            <dst id="IPLSng">13111.824</dst>
            <dst id="KSCYng">3411.72266666667</dst>
            <dst id="LOSAng">102091.322666667</dst>
            <dst id="NYCMng">10289.1413333333</dst>
            <dst id="SNVAng">4273.81866666667</dst>
            <dst id="STTLng">6506.928</dst>
            <dst id="WASHng">10646.7013333333</dst>
        </src>
        <src id="IPLSng">
            <dst id="ATLA-M5">2511.38666666667</dst>
            <dst id="ATLAng">53418.8746666667</dst>
            <dst id="CHINng">118200.274666667</dst>
            <dst id="DNVRng">37563.8533333333</dst>
            <dst id="HSTNng">14917.8666666667</dst>
            <dst id="IPLSng">33868.6826666667</dst>
            <dst id="KSCYng">28968.2026666667</dst>
            <dst id="LOSAng">68854.3946666667</dst>
            <dst id="NYCMng">45464.9893333333</dst>
            <dst id="SNVAng">6185.58933333333</dst>
            <dst id="STTLng">20088.792</dst>
            <dst id="WASHng">66163.0533333333</dst>
        </src>
        <src id="KSCYng">
            <dst id="ATLA-M5">2900.66666666667</dst>
            <dst id="ATLAng">17672.4826666667</dst>
            <dst id="CHINng">47448.7146666667</dst>
            <dst id="DNVRng">19740.2453333333</dst>
            <dst id="HSTNng">5970.32</dst>
            <dst id="IPLSng">20366.2426666667</dst>
            <dst id="KSCYng">13042.6506666667</dst>
            <dst id="LOSAng">9596.6</dst>
            <dst id="NYCMng">18347.6853333333</dst>
            <dst id="SNVAng">1714.82933333333</dst>
            <dst id="STTLng">5322.26933333333</dst>
            <dst id="WASHng">27623.512</dst>
        </src>
        <src id="LOSAng">
            <dst id="ATLA-M5">1591.016</dst>
            <dst id="ATLAng">28473.576</dst>
            <dst id="CHINng">128964.904</dst>
            <dst id="DNVRng">22166.0826666667</dst>
            <dst id="HSTNng">14744.0746666667</dst>
            <dst id="IPLSng">50467.9306666667</dst>
            <dst id="KSCYng">11076.5866666667</dst>
            <dst id="LOSAng">9196.13066666667</dst>
            <dst id="NYCMng">65061.0586666667</dst>
            <dst id="SNVAng">13008.8</dst>
            <dst id="STTLng">37873.144</dst>
            <dst id="WASHng">77410.3226666667</dst>
        </src>
        <src id="NYCMng">
            <dst id="ATLA-M5">4840.232</dst>
            <dst id="ATLAng">71242.8746666667</dst>
            <dst id="CHINng">88339.752</dst>
            <dst id="DNVRng">64318.28</dst>
            <dst id="HSTNng">46062.1466666667</dst>
            <dst id="IPLSng">94746.7466666667</dst>
            <dst id="KSCYng">35277.8213333333</dst>
            <dst id="LOSAng">95469</dst>
            <dst id="NYCMng">179397.010666667</dst>
            <dst id="SNVAng">13537.192</dst>
            <dst id="STTLng">34691.8586666667</dst>
            <dst id="WASHng">128604.664</dst>
        </src>
        <src id="SNVAng">
            <dst id="ATLA-M5">466.392</dst>
            <dst id="ATLAng">3278.37066666667</dst>
            <dst id="CHINng">6921.29333333333</dst>
            <dst id="DNVRng">5854.17866666667</dst>
            <dst id="HSTNng">1096.37866666667</dst>
            <dst id="IPLSng">4947.08266666667</dst>
            <dst id="KSCYng">2176.31733333333</dst>
            <dst id="LOSAng">40358.3813333333</dst>
            <dst id="NYCMng">3956.09066666667</dst>
            <dst id="SNVAng">21962.7466666667</dst>
            <dst id="STTLng">82211.52</dst>
            <dst id="WASHng">1962.184</dst>
        </src>
        <src id="STTLng">
            <dst id="ATLA-M5">293.461333333333</dst>
            <dst id="ATLAng">17735.3413333333</dst>
            <dst id="CHINng">73006.792</dst>
            <dst id="DNVRng">13865.4133333333</dst>
            <dst id="HSTNng">5304.84533333333</dst>
            <dst id="IPLSng">27457.4933333333</dst>
            <dst id="KSCYng">8479.416</dst>
            <dst id="LOSAng">32829.504</dst>
            <dst id="NYCMng">30480.752</dst>
            <dst id="SNVAng">13414.5066666667</dst>
            <dst id="STTLng">12580.5386666667</dst>
            <dst id="WASHng">20512.432</dst>
        </src>
        <src id="WASHng">
            <dst id="ATLA-M5">4533.56533333333</dst>
            <dst id="ATLAng">172343.229333333</dst>
            <dst id="CHINng">89348.088</dst>
            <dst id="DNVRng">83300.4853333333</dst>
            <dst id="HSTNng">58457.656</dst>
            <dst id="IPLSng">112827.909333333</dst>
            <dst id="KSCYng">42900.8533333333</dst>
            <dst id="LOSAng">84577.52</dst>
            <dst id="NYCMng">216011.653333333</dst>
            <dst id="SNVAng">16807.3386666667</dst>
            <dst id="STTLng">41145.2906666667</dst>
            <dst id="WASHng">249972.224</dst>
        </src>
    </IntraTM>
</TrafficMatrixFile>
