<?xml version="1.0" encoding="ISO-8859-1" standalone="yes"?>
<TrafficMatrixFile xsi:noNamespaceSchemaLocation="http://totem.run.montefiore.ulg.ac.be/Schema/TrafficMatrix-v1_2.xsd" xmlns:xsi="http://www.w3.org/2001/XMLSchema-instance">
    <IntraTM ASID="11537">
        <src id="ATLA-M5">
            <dst id="ATLA-M5">40.856</dst>
            <dst id="ATLAng">1386.48</dst>
            <dst id="CHINng">1756.81866666667</dst>
            <dst id="DNVRng">1127.2</dst>
            <dst id="HSTNng">243.210666666667</dst>
            <dst id="IPLSng">799.248</dst>
            <dst id="KSCYng">512.466666666667</dst>
            <dst id="LOSAng">670.458666666667</dst>
            <dst id="NYCMng">630.328</dst>
            <dst id="SNVAng">490.048</dst>
            <dst id="STTLng">61.7893333333333</dst>
            <dst id="WASHng">3123.07466666667</dst>
        </src>
        <src id="ATLAng">
            <dst id="ATLA-M5">873.586666666667</dst>
            <dst id="ATLAng">26317.5546666667</dst>
            <dst id="CHINng">45338.24</dst>
            <dst id="DNVRng">6887.86666666667</dst>
            <dst id="HSTNng">8872.312</dst>
            <dst id="IPLSng">37973.0746666667</dst>
            <dst id="KSCYng">9287.78666666667</dst>
            <dst id="LOSAng">28914.7146666667</dst>
            <dst id="NYCMng">26468.0746666667</dst>
            <dst id="SNVAng">3402.56933333333</dst>
            <dst id="STTLng">10367.784</dst>
            <dst id="WASHng">78983.4826666667</dst>
        </src>
        <src id="CHINng">
            <dst id="ATLA-M5">4567.74933333333</dst>
            <dst id="ATLAng">30637.5706666667</dst>
            <dst id="CHINng">38212.752</dst>
            <dst id="DNVRng">15670.0986666667</dst>
            <dst id="HSTNng">21052.5413333333</dst>
            <dst id="IPLSng">34536.8906666667</dst>
            <dst id="KSCYng">10789.232</dst>
            <dst id="LOSAng">471060.826666667</dst>
            <dst id="NYCMng">7098.656</dst>
            <dst id="SNVAng">9929.21066666666</dst>
            <dst id="STTLng">8066.664</dst>
            <dst id="WASHng">24341.4293333333</dst>
        </src>
        <src id="DNVRng">
            <dst id="ATLA-M5">904.901333333333</dst>
            <dst id="ATLAng">6177.424</dst>
            <dst id="CHINng">54485.5226666667</dst>
            <dst id="DNVRng">26507.24</dst>
            <dst id="HSTNng">18029.432</dst>
            <dst id="IPLSng">34377.352</dst>
            <dst id="KSCYng">24387.0933333333</dst>
            <dst id="LOSAng">18618.144</dst>
            <dst id="NYCMng">23422.2266666667</dst>
            <dst id="SNVAng">14701.3893333333</dst>
            <dst id="STTLng">15057.792</dst>
            <dst id="WASHng">57367.168</dst>
        </src>
        <src id="HSTNng">
            <dst id="ATLA-M5">1300.01066666667</dst>
            <dst id="ATLAng">5394.52266666667</dst>
            <dst id="CHINng">19993.3066666667</dst>
            <dst id="DNVRng">3762.16</dst>
            <dst id="HSTNng">14045.888</dst>
            <dst id="IPLSng">12809.4773333333</dst>
            <dst id="KSCYng">6288.45866666667</dst>
            <dst id="LOSAng">44541.9066666667</dst>
            <dst id="NYCMng">4855.02133333333</dst>
            <dst id="SNVAng">2865.84</dst>
            <dst id="STTLng">5858.18133333333</dst>
            <dst id="WASHng">9467.13333333333</dst>
        </src>
        <src id="IPLSng">
            <dst id="ATLA-M5">785.498666666667</dst>
            <dst id="ATLAng">29679.1653333333</dst>
            <dst id="CHINng">90090.1066666667</dst>
            <dst id="DNVRng">26578.9226666667</dst>
            <dst id="HSTNng">13119.3546666667</dst>
            <dst id="IPLSng">32230.824</dst>
            <dst id="KSCYng">14527.8933333333</dst>
            <dst id="LOSAng">35650.7546666667</dst>
            <dst id="NYCMng">35089.44</dst>
            <dst id="SNVAng">10881.4693333333</dst>
            <dst id="STTLng">19970.752</dst>
            <dst id="WASHng">66525.32</dst>
        </src>
        <src id="KSCYng">
            <dst id="ATLA-M5">1120.17066666667</dst>
            <dst id="ATLAng">7816.31733333333</dst>
            <dst id="CHINng">47576.056</dst>
            <dst id="DNVRng">7343.68</dst>
            <dst id="HSTNng">8224.66933333333</dst>
            <dst id="IPLSng">23748.9733333333</dst>
            <dst id="KSCYng">9107.93333333333</dst>
            <dst id="LOSAng">6493.93866666667</dst>
            <dst id="NYCMng">12069.0186666667</dst>
            <dst id="SNVAng">2073.01066666667</dst>
            <dst id="STTLng">7018.104</dst>
            <dst id="WASHng">16731.1626666667</dst>
        </src>
        <src id="LOSAng">
            <dst id="ATLA-M5">1496.968</dst>
            <dst id="ATLAng">36451.824</dst>
            <dst id="CHINng">116181.773333333</dst>
            <dst id="DNVRng">15108.5706666667</dst>
            <dst id="HSTNng">9194.472</dst>
            <dst id="IPLSng">53286.6906666666</dst>
            <dst id="KSCYng">14660.136</dst>
            <dst id="LOSAng">22235.08</dst>
            <dst id="NYCMng">65794.4053333333</dst>
            <dst id="SNVAng">9997.504</dst>
            <dst id="STTLng">30605.544</dst>
            <dst id="WASHng">66476.8293333333</dst>
        </src>
        <src id="NYCMng">
            <dst id="ATLA-M5">2919.65066666667</dst>
            <dst id="ATLAng">61280.576</dst>
            <dst id="CHINng">67659.36</dst>
            <dst id="DNVRng">50261.792</dst>
            <dst id="HSTNng">43192.4346666667</dst>
            <dst id="IPLSng">99560.736</dst>
            <dst id="KSCYng">27137.672</dst>
            <dst id="LOSAng">102787.898666667</dst>
            <dst id="NYCMng">171849.242666667</dst>
            <dst id="SNVAng">16386.9546666667</dst>
            <dst id="STTLng">39250.5493333333</dst>
            <dst id="WASHng">177309.218666667</dst>
        </src>
        <src id="SNVAng">
            <dst id="ATLA-M5">558.88</dst>
            <dst id="ATLAng">2218.288</dst>
            <dst id="CHINng">8908.28533333333</dst>
            <dst id="DNVRng">3159.41066666667</dst>
            <dst id="HSTNng">1450.36266666667</dst>
            <dst id="IPLSng">4174.33066666667</dst>
            <dst id="KSCYng">1249.77066666667</dst>
            <dst id="LOSAng">43378.32</dst>
            <dst id="NYCMng">2658.08533333333</dst>
            <dst id="SNVAng">16725.176</dst>
            <dst id="STTLng">68120.1866666667</dst>
            <dst id="WASHng">5537.36533333333</dst>
        </src>
        <src id="STTLng">
            <dst id="ATLA-M5">424.954666666667</dst>
            <dst id="ATLAng">14424.6133333333</dst>
            <dst id="CHINng">66523.728</dst>
            <dst id="DNVRng">5580.27733333333</dst>
            <dst id="HSTNng">4680.91466666667</dst>
            <dst id="IPLSng">35604.288</dst>
            <dst id="KSCYng">4294.76266666667</dst>
            <dst id="LOSAng">34543.7946666667</dst>
            <dst id="NYCMng">28499.6026666667</dst>
            <dst id="SNVAng">8717.44533333333</dst>
            <dst id="STTLng">24830.488</dst>
            <dst id="WASHng">21488.328</dst>
        </src>
        <src id="WASHng">
            <dst id="ATLA-M5">2024.88266666667</dst>
            <dst id="ATLAng">147794.474666667</dst>
            <dst id="CHINng">108819.6</dst>
            <dst id="DNVRng">77131.7226666667</dst>
            <dst id="HSTNng">22420.632</dst>
            <dst id="IPLSng">70751.688</dst>
            <dst id="KSCYng">13667.56</dst>
            <dst id="LOSAng">105818.045333333</dst>
            <dst id="NYCMng">201248.8</dst>
            <dst id="SNVAng">13906.4373333333</dst>
            <dst id="STTLng">36182.5413333333</dst>
            <dst id="WASHng">232053.474666667</dst>
        </src>
    </IntraTM>
</TrafficMatrixFile>
