<?xml version="1.0" encoding="ISO-8859-1" standalone="yes"?>
<TrafficMatrixFile xsi:noNamespaceSchemaLocation="http://totem.run.montefiore.ulg.ac.be/Schema/TrafficMatrix-v1_2.xsd" xmlns:xsi="http://www.w3.org/2001/XMLSchema-instance">
    <IntraTM ASID="11537">
        <src id="ATLA-M5">
            <dst id="ATLA-M5">80.3866666666667</dst>
            <dst id="ATLAng">357.408</dst>
            <dst id="CHINng">624.626666666667</dst>
            <dst id="DNVRng">53.3333333333333</dst>
            <dst id="HSTNng">234.773333333333</dst>
            <dst id="IPLSng">1222.41066666667</dst>
            <dst id="KSCYng">1577.70933333333</dst>
            <dst id="LOSAng">320.706666666667</dst>
            <dst id="NYCMng">411.658666666667</dst>
            <dst id="SNVAng">103.493333333333</dst>
            <dst id="STTLng">58.6666666666667</dst>
            <dst id="WASHng">2578.02933333333</dst>
        </src>
        <src id="ATLAng">
            <dst id="ATLA-M5">636.842666666667</dst>
            <dst id="ATLAng">108302.106666667</dst>
            <dst id="CHINng">20062.4506666667</dst>
            <dst id="DNVRng">1344.912</dst>
            <dst id="HSTNng">3081.07466666667</dst>
            <dst id="IPLSng">28025.2746666667</dst>
            <dst id="KSCYng">6825.45066666667</dst>
            <dst id="LOSAng">27950.1413333333</dst>
            <dst id="NYCMng">15468.048</dst>
            <dst id="SNVAng">1121.848</dst>
            <dst id="STTLng">5544.95733333333</dst>
            <dst id="WASHng">141424.981333333</dst>
        </src>
        <src id="CHINng">
            <dst id="ATLA-M5">198.368</dst>
            <dst id="ATLAng">12931.4586666667</dst>
            <dst id="CHINng">49995.32</dst>
            <dst id="DNVRng">5830.10133333333</dst>
            <dst id="HSTNng">7158.35733333333</dst>
            <dst id="IPLSng">47741.472</dst>
            <dst id="KSCYng">27075.9173333333</dst>
            <dst id="LOSAng">12152.376</dst>
            <dst id="NYCMng">11022.7733333333</dst>
            <dst id="SNVAng">2714.86933333333</dst>
            <dst id="STTLng">9209.69866666667</dst>
            <dst id="WASHng">12285.592</dst>
        </src>
        <src id="DNVRng">
            <dst id="ATLA-M5">921.965333333334</dst>
            <dst id="ATLAng">8447.656</dst>
            <dst id="CHINng">60439.1706666667</dst>
            <dst id="DNVRng">5975.128</dst>
            <dst id="HSTNng">5558.18133333333</dst>
            <dst id="IPLSng">11813.9706666667</dst>
            <dst id="KSCYng">9819.112</dst>
            <dst id="LOSAng">6307.64</dst>
            <dst id="NYCMng">8348.02666666667</dst>
            <dst id="SNVAng">10157.664</dst>
            <dst id="STTLng">10026.3066666667</dst>
            <dst id="WASHng">21504.416</dst>
        </src>
        <src id="HSTNng">
            <dst id="ATLA-M5">785.976</dst>
            <dst id="ATLAng">6334.912</dst>
            <dst id="CHINng">30628.9013333333</dst>
            <dst id="DNVRng">1765.192</dst>
            <dst id="HSTNng">8072.112</dst>
            <dst id="IPLSng">4891.152</dst>
            <dst id="KSCYng">5565.04533333333</dst>
            <dst id="LOSAng">101245.706666667</dst>
            <dst id="NYCMng">8130.592</dst>
            <dst id="SNVAng">421.72</dst>
            <dst id="STTLng">1285.784</dst>
            <dst id="WASHng">14597.2506666667</dst>
        </src>
        <src id="IPLSng">
            <dst id="ATLA-M5">1741.928</dst>
            <dst id="ATLAng">23362.4666666667</dst>
            <dst id="CHINng">126180.898666667</dst>
            <dst id="DNVRng">5958.64533333333</dst>
            <dst id="HSTNng">14295.496</dst>
            <dst id="IPLSng">43484.3786666667</dst>
            <dst id="KSCYng">12051.48</dst>
            <dst id="LOSAng">10513.9413333333</dst>
            <dst id="NYCMng">33230.744</dst>
            <dst id="SNVAng">1882.23733333333</dst>
            <dst id="STTLng">7101.60266666667</dst>
            <dst id="WASHng">33487.648</dst>
        </src>
        <src id="KSCYng">
            <dst id="ATLA-M5">2948.12</dst>
            <dst id="ATLAng">10695.8186666667</dst>
            <dst id="CHINng">40392.024</dst>
            <dst id="DNVRng">3394.02666666667</dst>
            <dst id="HSTNng">4267.2</dst>
            <dst id="IPLSng">18333.4613333333</dst>
            <dst id="KSCYng">7817.14133333333</dst>
            <dst id="LOSAng">3288.91466666667</dst>
            <dst id="NYCMng">10860.0586666667</dst>
            <dst id="SNVAng">2110.30933333333</dst>
            <dst id="STTLng">2890.17333333333</dst>
            <dst id="WASHng">13330.0506666667</dst>
        </src>
        <src id="LOSAng">
            <dst id="ATLA-M5">446.405333333333</dst>
            <dst id="ATLAng">24991.608</dst>
            <dst id="CHINng">143542.322666667</dst>
            <dst id="DNVRng">8028.664</dst>
            <dst id="HSTNng">10544.6693333333</dst>
            <dst id="IPLSng">42149.4506666667</dst>
            <dst id="KSCYng">7301.728</dst>
            <dst id="LOSAng">10298.9866666667</dst>
            <dst id="NYCMng">58196.304</dst>
            <dst id="SNVAng">3251.68</dst>
            <dst id="STTLng">23003.4906666667</dst>
            <dst id="WASHng">58738.4186666666</dst>
        </src>
        <src id="NYCMng">
            <dst id="ATLA-M5">1531.408</dst>
            <dst id="ATLAng">46673.2506666667</dst>
            <dst id="CHINng">82116.7706666666</dst>
            <dst id="DNVRng">16204.3253333333</dst>
            <dst id="HSTNng">35165.384</dst>
            <dst id="IPLSng">101490.266666667</dst>
            <dst id="KSCYng">23222.136</dst>
            <dst id="LOSAng">51844.3493333333</dst>
            <dst id="NYCMng">163781.456</dst>
            <dst id="SNVAng">5443.25333333333</dst>
            <dst id="STTLng">21672.1226666667</dst>
            <dst id="WASHng">89709.8373333333</dst>
        </src>
        <src id="SNVAng">
            <dst id="ATLA-M5">397.336</dst>
            <dst id="ATLAng">875.322666666667</dst>
            <dst id="CHINng">9272.62666666667</dst>
            <dst id="DNVRng">8456.50933333333</dst>
            <dst id="HSTNng">724.149333333333</dst>
            <dst id="IPLSng">9997.29866666667</dst>
            <dst id="KSCYng">415.568</dst>
            <dst id="LOSAng">13924.088</dst>
            <dst id="NYCMng">2387.63466666667</dst>
            <dst id="SNVAng">370.648</dst>
            <dst id="STTLng">1896.64</dst>
            <dst id="WASHng">2890.83466666667</dst>
        </src>
        <src id="STTLng">
            <dst id="ATLA-M5">284.282666666667</dst>
            <dst id="ATLAng">20834.9973333333</dst>
            <dst id="CHINng">83540.4746666667</dst>
            <dst id="DNVRng">2780.752</dst>
            <dst id="HSTNng">2572.83733333333</dst>
            <dst id="IPLSng">12027.7306666667</dst>
            <dst id="KSCYng">4943.352</dst>
            <dst id="LOSAng">19015.3573333333</dst>
            <dst id="NYCMng">25563.576</dst>
            <dst id="SNVAng">6248.44266666667</dst>
            <dst id="STTLng">3963.24</dst>
            <dst id="WASHng">14914.1546666667</dst>
        </src>
        <src id="WASHng">
            <dst id="ATLA-M5">1662.888</dst>
            <dst id="ATLAng">135330.456</dst>
            <dst id="CHINng">64075.5493333333</dst>
            <dst id="DNVRng">38501.6373333333</dst>
            <dst id="HSTNng">20929.3093333333</dst>
            <dst id="IPLSng">68220.3546666667</dst>
            <dst id="KSCYng">40678.3706666667</dst>
            <dst id="LOSAng">48952.456</dst>
            <dst id="NYCMng">148731.309333333</dst>
            <dst id="SNVAng">2511.58933333333</dst>
            <dst id="STTLng">27302.6426666667</dst>
            <dst id="WASHng">422477.76</dst>
        </src>
    </IntraTM>
</TrafficMatrixFile>
