<?xml version="1.0" encoding="ISO-8859-1" standalone="yes"?>
<TrafficMatrixFile xsi:noNamespaceSchemaLocation="http://totem.run.montefiore.ulg.ac.be/Schema/TrafficMatrix-v1_2.xsd" xmlns:xsi="http://www.w3.org/2001/XMLSchema-instance">
    <IntraTM ASID="11537">
        <src id="ATLA-M5">
            <dst id="ATLA-M5">163.2</dst>
            <dst id="ATLAng">163.866666666667</dst>
            <dst id="CHINng">781.957333333333</dst>
            <dst id="DNVRng">878.858666666667</dst>
            <dst id="HSTNng">103.44</dst>
            <dst id="IPLSng">311.933333333333</dst>
            <dst id="KSCYng">280.192</dst>
            <dst id="LOSAng">1178.712</dst>
            <dst id="NYCMng">1600.30666666667</dst>
            <dst id="SNVAng">361.088</dst>
            <dst id="STTLng">511.016</dst>
            <dst id="WASHng">4764.752</dst>
        </src>
        <src id="ATLAng">
            <dst id="ATLA-M5">334.229333333333</dst>
            <dst id="ATLAng">60423.5973333333</dst>
            <dst id="CHINng">16866.2826666667</dst>
            <dst id="DNVRng">5732.44533333333</dst>
            <dst id="HSTNng">2152.91733333333</dst>
            <dst id="IPLSng">22456.7253333333</dst>
            <dst id="KSCYng">3962.096</dst>
            <dst id="LOSAng">13097.8986666667</dst>
            <dst id="NYCMng">9764.84</dst>
            <dst id="SNVAng">702.877333333333</dst>
            <dst id="STTLng">7041.552</dst>
            <dst id="WASHng">92730.7866666666</dst>
        </src>
        <src id="CHINng">
            <dst id="ATLA-M5">537.778666666667</dst>
            <dst id="ATLAng">9365.02133333333</dst>
            <dst id="CHINng">42425.6</dst>
            <dst id="DNVRng">17208.5066666667</dst>
            <dst id="HSTNng">16798.2906666667</dst>
            <dst id="IPLSng">18036.32</dst>
            <dst id="KSCYng">9767.936</dst>
            <dst id="LOSAng">28838.808</dst>
            <dst id="NYCMng">10591.456</dst>
            <dst id="SNVAng">2376.264</dst>
            <dst id="STTLng">6688.34666666667</dst>
            <dst id="WASHng">14710.8826666667</dst>
        </src>
        <src id="DNVRng">
            <dst id="ATLA-M5">130.506666666667</dst>
            <dst id="ATLAng">6563.592</dst>
            <dst id="CHINng">73296.1146666667</dst>
            <dst id="DNVRng">25940.1013333333</dst>
            <dst id="HSTNng">12188.1813333333</dst>
            <dst id="IPLSng">29829.8346666667</dst>
            <dst id="KSCYng">21998.4293333333</dst>
            <dst id="LOSAng">9765.00533333333</dst>
            <dst id="NYCMng">18077.7626666667</dst>
            <dst id="SNVAng">12588.616</dst>
            <dst id="STTLng">9872.98933333333</dst>
            <dst id="WASHng">60798.4773333333</dst>
        </src>
        <src id="HSTNng">
            <dst id="ATLA-M5">1311.81866666667</dst>
            <dst id="ATLAng">3900.488</dst>
            <dst id="CHINng">47915.296</dst>
            <dst id="DNVRng">4035.69333333333</dst>
            <dst id="HSTNng">7059.648</dst>
            <dst id="IPLSng">4446.16266666667</dst>
            <dst id="KSCYng">2060.86666666667</dst>
            <dst id="LOSAng">100350.589333333</dst>
            <dst id="NYCMng">9249.06666666667</dst>
            <dst id="SNVAng">861.749333333333</dst>
            <dst id="STTLng">2528.86133333333</dst>
            <dst id="WASHng">7391.75466666666</dst>
        </src>
        <src id="IPLSng">
            <dst id="ATLA-M5">327.504</dst>
            <dst id="ATLAng">12712.32</dst>
            <dst id="CHINng">145081.501333333</dst>
            <dst id="DNVRng">21562.64</dst>
            <dst id="HSTNng">2387.79466666667</dst>
            <dst id="IPLSng">17574.1893333333</dst>
            <dst id="KSCYng">18219.648</dst>
            <dst id="LOSAng">18110.2906666667</dst>
            <dst id="NYCMng">28592.96</dst>
            <dst id="SNVAng">3624.192</dst>
            <dst id="STTLng">19676.7706666667</dst>
            <dst id="WASHng">33953.7413333333</dst>
        </src>
        <src id="KSCYng">
            <dst id="ATLA-M5">387.410666666667</dst>
            <dst id="ATLAng">4159.344</dst>
            <dst id="CHINng">36912.9333333333</dst>
            <dst id="DNVRng">9864.61866666667</dst>
            <dst id="HSTNng">2865.33866666667</dst>
            <dst id="IPLSng">8631.224</dst>
            <dst id="KSCYng">8416.98933333333</dst>
            <dst id="LOSAng">10001.3466666667</dst>
            <dst id="NYCMng">8169.10933333333</dst>
            <dst id="SNVAng">3087.54133333333</dst>
            <dst id="STTLng">4902.34666666667</dst>
            <dst id="WASHng">10807.3866666667</dst>
        </src>
        <src id="LOSAng">
            <dst id="ATLA-M5">692.029333333333</dst>
            <dst id="ATLAng">21718.168</dst>
            <dst id="CHINng">180712.277333333</dst>
            <dst id="DNVRng">9248.27466666667</dst>
            <dst id="HSTNng">11219.9306666667</dst>
            <dst id="IPLSng">39399.4773333333</dst>
            <dst id="KSCYng">10630.072</dst>
            <dst id="LOSAng">20547.3013333333</dst>
            <dst id="NYCMng">53205.384</dst>
            <dst id="SNVAng">17827.4426666667</dst>
            <dst id="STTLng">32761.5013333333</dst>
            <dst id="WASHng">72930.5866666667</dst>
        </src>
        <src id="NYCMng">
            <dst id="ATLA-M5">865.781333333333</dst>
            <dst id="ATLAng">32919.752</dst>
            <dst id="CHINng">58591.0266666667</dst>
            <dst id="DNVRng">30266.6106666667</dst>
            <dst id="HSTNng">38323.4906666667</dst>
            <dst id="IPLSng">43884.8106666667</dst>
            <dst id="KSCYng">17988.784</dst>
            <dst id="LOSAng">78655.4053333333</dst>
            <dst id="NYCMng">135280.008</dst>
            <dst id="SNVAng">10649.6986666667</dst>
            <dst id="STTLng">26455.3253333333</dst>
            <dst id="WASHng">74798.696</dst>
        </src>
        <src id="SNVAng">
            <dst id="ATLA-M5">793.546666666667</dst>
            <dst id="ATLAng">709.056</dst>
            <dst id="CHINng">5008.264</dst>
            <dst id="DNVRng">12765.6666666667</dst>
            <dst id="HSTNng">263.050666666667</dst>
            <dst id="IPLSng">1860.472</dst>
            <dst id="KSCYng">675.2</dst>
            <dst id="LOSAng">32440.5813333333</dst>
            <dst id="NYCMng">2217.73333333333</dst>
            <dst id="SNVAng">13123.3546666667</dst>
            <dst id="STTLng">60419.16</dst>
            <dst id="WASHng">1597.97066666667</dst>
        </src>
        <src id="STTLng">
            <dst id="ATLA-M5">99.528</dst>
            <dst id="ATLAng">8738.576</dst>
            <dst id="CHINng">70572.1253333333</dst>
            <dst id="DNVRng">4246.87733333333</dst>
            <dst id="HSTNng">2200.064</dst>
            <dst id="IPLSng">5316.35733333333</dst>
            <dst id="KSCYng">4404.36533333333</dst>
            <dst id="LOSAng">29480.6666666667</dst>
            <dst id="NYCMng">19168.1146666667</dst>
            <dst id="SNVAng">3281.392</dst>
            <dst id="STTLng">13878.2666666667</dst>
            <dst id="WASHng">8216.85066666667</dst>
        </src>
        <src id="WASHng">
            <dst id="ATLA-M5">292.482666666667</dst>
            <dst id="ATLAng">126297.741333333</dst>
            <dst id="CHINng">79375.0933333333</dst>
            <dst id="DNVRng">56320.736</dst>
            <dst id="HSTNng">23212.88</dst>
            <dst id="IPLSng">64051.2773333333</dst>
            <dst id="KSCYng">17528.952</dst>
            <dst id="LOSAng">55034.7973333333</dst>
            <dst id="NYCMng">176301.664</dst>
            <dst id="SNVAng">10420.4746666667</dst>
            <dst id="STTLng">33449.624</dst>
            <dst id="WASHng">363647.386666667</dst>
        </src>
    </IntraTM>
</TrafficMatrixFile>
