<?xml version="1.0" encoding="ISO-8859-1" standalone="yes"?>
<TrafficMatrixFile xsi:noNamespaceSchemaLocation="http://totem.run.montefiore.ulg.ac.be/Schema/TrafficMatrix-v1_2.xsd" xmlns:xsi="http://www.w3.org/2001/XMLSchema-instance">
    <IntraTM ASID="11537">
        <src id="ATLA-M5">
            <dst id="ATLA-M5">188.034666666667</dst>
            <dst id="ATLAng">346.416</dst>
            <dst id="CHINng">1205.60266666667</dst>
            <dst id="DNVRng">106.498666666667</dst>
            <dst id="HSTNng">238.314666666667</dst>
            <dst id="IPLSng">964.848</dst>
            <dst id="KSCYng">314.853333333333</dst>
            <dst id="LOSAng">363.746666666667</dst>
            <dst id="NYCMng">3058.20266666667</dst>
            <dst id="SNVAng">54.704</dst>
            <dst id="STTLng">478.741333333333</dst>
            <dst id="WASHng">4553.25333333333</dst>
        </src>
        <src id="ATLAng">
            <dst id="ATLA-M5">1236.10933333333</dst>
            <dst id="ATLAng">35129.4373333333</dst>
            <dst id="CHINng">16755.0026666667</dst>
            <dst id="DNVRng">9863.256</dst>
            <dst id="HSTNng">5394.64266666667</dst>
            <dst id="IPLSng">38850.736</dst>
            <dst id="KSCYng">21173.7813333333</dst>
            <dst id="LOSAng">20649.8133333333</dst>
            <dst id="NYCMng">19416.184</dst>
            <dst id="SNVAng">1770.79733333333</dst>
            <dst id="STTLng">9591.80533333334</dst>
            <dst id="WASHng">91357.2026666667</dst>
        </src>
        <src id="CHINng">
            <dst id="ATLA-M5">1019.888</dst>
            <dst id="ATLAng">16379.92</dst>
            <dst id="CHINng">77490.7973333333</dst>
            <dst id="DNVRng">10223.7493333333</dst>
            <dst id="HSTNng">12001.424</dst>
            <dst id="IPLSng">51473.8</dst>
            <dst id="KSCYng">6174.056</dst>
            <dst id="LOSAng">14685.32</dst>
            <dst id="NYCMng">13957.0586666667</dst>
            <dst id="SNVAng">1224.71466666667</dst>
            <dst id="STTLng">6906.928</dst>
            <dst id="WASHng">28396.128</dst>
        </src>
        <src id="DNVRng">
            <dst id="ATLA-M5">222.584</dst>
            <dst id="ATLAng">6487.01066666667</dst>
            <dst id="CHINng">62069.864</dst>
            <dst id="DNVRng">5619.832</dst>
            <dst id="HSTNng">5532.38666666667</dst>
            <dst id="IPLSng">26406.4693333333</dst>
            <dst id="KSCYng">13892.9466666667</dst>
            <dst id="LOSAng">6799.80266666667</dst>
            <dst id="NYCMng">16993.6293333333</dst>
            <dst id="SNVAng">13209.0133333333</dst>
            <dst id="STTLng">11171.4213333333</dst>
            <dst id="WASHng">19900.9946666667</dst>
        </src>
        <src id="HSTNng">
            <dst id="ATLA-M5">2722.8</dst>
            <dst id="ATLAng">5452.856</dst>
            <dst id="CHINng">27829.024</dst>
            <dst id="DNVRng">3092.31466666667</dst>
            <dst id="HSTNng">14535.6346666667</dst>
            <dst id="IPLSng">11968.28</dst>
            <dst id="KSCYng">4879.664</dst>
            <dst id="LOSAng">16909.3786666667</dst>
            <dst id="NYCMng">11309.8613333333</dst>
            <dst id="SNVAng">796.061333333333</dst>
            <dst id="STTLng">1634.46933333333</dst>
            <dst id="WASHng">14316.576</dst>
        </src>
        <src id="IPLSng">
            <dst id="ATLA-M5">628.573333333333</dst>
            <dst id="ATLAng">19510.072</dst>
            <dst id="CHINng">136200.858666667</dst>
            <dst id="DNVRng">21418.376</dst>
            <dst id="HSTNng">12750.7466666667</dst>
            <dst id="IPLSng">23306.832</dst>
            <dst id="KSCYng">23612.44</dst>
            <dst id="LOSAng">66269.064</dst>
            <dst id="NYCMng">43891.04</dst>
            <dst id="SNVAng">2883.328</dst>
            <dst id="STTLng">11216.6613333333</dst>
            <dst id="WASHng">45514.6506666667</dst>
        </src>
        <src id="KSCYng">
            <dst id="ATLA-M5">307.517333333333</dst>
            <dst id="ATLAng">20695.4773333333</dst>
            <dst id="CHINng">44163.4666666667</dst>
            <dst id="DNVRng">5232.568</dst>
            <dst id="HSTNng">7668.58133333333</dst>
            <dst id="IPLSng">21820.5893333333</dst>
            <dst id="KSCYng">6245.23466666667</dst>
            <dst id="LOSAng">3550.55466666667</dst>
            <dst id="NYCMng">9022.66666666667</dst>
            <dst id="SNVAng">868.824</dst>
            <dst id="STTLng">5105.05066666667</dst>
            <dst id="WASHng">11402.3733333333</dst>
        </src>
        <src id="LOSAng">
            <dst id="ATLA-M5">456.16</dst>
            <dst id="ATLAng">28137.536</dst>
            <dst id="CHINng">157267.613333333</dst>
            <dst id="DNVRng">4424.00266666667</dst>
            <dst id="HSTNng">23783.0053333333</dst>
            <dst id="IPLSng">43892.0053333333</dst>
            <dst id="KSCYng">12127.2533333333</dst>
            <dst id="LOSAng">11948.6666666667</dst>
            <dst id="NYCMng">55428.248</dst>
            <dst id="SNVAng">3945.71733333333</dst>
            <dst id="STTLng">27713.64</dst>
            <dst id="WASHng">64260.9173333333</dst>
        </src>
        <src id="NYCMng">
            <dst id="ATLA-M5">4300.16266666667</dst>
            <dst id="ATLAng">56328.04</dst>
            <dst id="CHINng">104585.554666667</dst>
            <dst id="DNVRng">19855.6506666667</dst>
            <dst id="HSTNng">37229.8026666667</dst>
            <dst id="IPLSng">87567.1813333333</dst>
            <dst id="KSCYng">26882.376</dst>
            <dst id="LOSAng">61141.3733333333</dst>
            <dst id="NYCMng">191227.826666667</dst>
            <dst id="SNVAng">8427.40266666667</dst>
            <dst id="STTLng">23574.0426666667</dst>
            <dst id="WASHng">98692.92</dst>
        </src>
        <src id="SNVAng">
            <dst id="ATLA-M5">469.090666666667</dst>
            <dst id="ATLAng">796.256</dst>
            <dst id="CHINng">8832.26666666667</dst>
            <dst id="DNVRng">6268.78133333333</dst>
            <dst id="HSTNng">1184.96266666667</dst>
            <dst id="IPLSng">3232.016</dst>
            <dst id="KSCYng">2320.68533333333</dst>
            <dst id="LOSAng">7770.16266666667</dst>
            <dst id="NYCMng">4283.05066666667</dst>
            <dst id="SNVAng">868.352</dst>
            <dst id="STTLng">1949.83466666667</dst>
            <dst id="WASHng">3152.808</dst>
        </src>
        <src id="STTLng">
            <dst id="ATLA-M5">368.069333333333</dst>
            <dst id="ATLAng">23035.6373333333</dst>
            <dst id="CHINng">89858.6</dst>
            <dst id="DNVRng">5397.99733333333</dst>
            <dst id="HSTNng">3864.816</dst>
            <dst id="IPLSng">18228.1973333333</dst>
            <dst id="KSCYng">4772.168</dst>
            <dst id="LOSAng">21717.664</dst>
            <dst id="NYCMng">23762.6826666667</dst>
            <dst id="SNVAng">6396.56533333333</dst>
            <dst id="STTLng">6591.28533333333</dst>
            <dst id="WASHng">16194.328</dst>
        </src>
        <src id="WASHng">
            <dst id="ATLA-M5">797.706666666666</dst>
            <dst id="ATLAng">113762.930666667</dst>
            <dst id="CHINng">103321.584</dst>
            <dst id="DNVRng">33128.2026666667</dst>
            <dst id="HSTNng">26246.8373333333</dst>
            <dst id="IPLSng">84625.2853333333</dst>
            <dst id="KSCYng">22379.6026666667</dst>
            <dst id="LOSAng">56885.216</dst>
            <dst id="NYCMng">153379.24</dst>
            <dst id="SNVAng">6727.12266666667</dst>
            <dst id="STTLng">31315.6826666667</dst>
            <dst id="WASHng">368957.813333333</dst>
        </src>
    </IntraTM>
</TrafficMatrixFile>
