<?xml version="1.0" encoding="ISO-8859-1" standalone="yes"?>
<TrafficMatrixFile xsi:noNamespaceSchemaLocation="http://totem.run.montefiore.ulg.ac.be/Schema/TrafficMatrix-v1_2.xsd" xmlns:xsi="http://www.w3.org/2001/XMLSchema-instance">
    <IntraTM ASID="11537">
        <src id="ATLA-M5">
            <dst id="ATLA-M5">702.72</dst>
            <dst id="ATLAng">544.869333333333</dst>
            <dst id="CHINng">946.205333333333</dst>
            <dst id="DNVRng">160.042666666667</dst>
            <dst id="HSTNng">92.0293333333333</dst>
            <dst id="IPLSng">694.496</dst>
            <dst id="KSCYng">263.104</dst>
            <dst id="LOSAng">330.832</dst>
            <dst id="NYCMng">173.906666666667</dst>
            <dst id="SNVAng">35.1546666666667</dst>
            <dst id="STTLng">328.832</dst>
            <dst id="WASHng">3425.40266666667</dst>
        </src>
        <src id="ATLAng">
            <dst id="ATLA-M5">1601.58666666667</dst>
            <dst id="ATLAng">30591.56</dst>
            <dst id="CHINng">23644.0933333333</dst>
            <dst id="DNVRng">15642.816</dst>
            <dst id="HSTNng">3955.52</dst>
            <dst id="IPLSng">37909.0933333333</dst>
            <dst id="KSCYng">20291.4106666667</dst>
            <dst id="LOSAng">12963.7626666667</dst>
            <dst id="NYCMng">16538.216</dst>
            <dst id="SNVAng">2177.45866666667</dst>
            <dst id="STTLng">7788.04533333333</dst>
            <dst id="WASHng">97136.3706666667</dst>
        </src>
        <src id="CHINng">
            <dst id="ATLA-M5">1074.40533333333</dst>
            <dst id="ATLAng">15768.5573333333</dst>
            <dst id="CHINng">60813.4693333333</dst>
            <dst id="DNVRng">10393.0666666667</dst>
            <dst id="HSTNng">12030.5706666667</dst>
            <dst id="IPLSng">38327.4373333333</dst>
            <dst id="KSCYng">20394.1066666667</dst>
            <dst id="LOSAng">13713.5093333333</dst>
            <dst id="NYCMng">7942.352</dst>
            <dst id="SNVAng">2223.98666666667</dst>
            <dst id="STTLng">4905.39466666667</dst>
            <dst id="WASHng">17511.68</dst>
        </src>
        <src id="DNVRng">
            <dst id="ATLA-M5">168.813333333333</dst>
            <dst id="ATLAng">9181.096</dst>
            <dst id="CHINng">56468.896</dst>
            <dst id="DNVRng">6830.35466666667</dst>
            <dst id="HSTNng">5613.53333333333</dst>
            <dst id="IPLSng">12060.224</dst>
            <dst id="KSCYng">19940.0773333333</dst>
            <dst id="LOSAng">13743.0373333333</dst>
            <dst id="NYCMng">21082.8533333333</dst>
            <dst id="SNVAng">17489.2053333333</dst>
            <dst id="STTLng">11756.9333333333</dst>
            <dst id="WASHng">21255.4746666667</dst>
        </src>
        <src id="HSTNng">
            <dst id="ATLA-M5">1313.17866666667</dst>
            <dst id="ATLAng">5374.832</dst>
            <dst id="CHINng">24878.0106666667</dst>
            <dst id="DNVRng">2837.57066666667</dst>
            <dst id="HSTNng">15043.592</dst>
            <dst id="IPLSng">8142.712</dst>
            <dst id="KSCYng">4013.752</dst>
            <dst id="LOSAng">98762.3093333333</dst>
            <dst id="NYCMng">12504.024</dst>
            <dst id="SNVAng">821.413333333333</dst>
            <dst id="STTLng">1573.952</dst>
            <dst id="WASHng">17044.48</dst>
        </src>
        <src id="IPLSng">
            <dst id="ATLA-M5">2157.65066666667</dst>
            <dst id="ATLAng">21230.288</dst>
            <dst id="CHINng">127041.565333333</dst>
            <dst id="DNVRng">22846.1253333333</dst>
            <dst id="HSTNng">13900.6506666667</dst>
            <dst id="IPLSng">22918.9973333333</dst>
            <dst id="KSCYng">21362.728</dst>
            <dst id="LOSAng">79484.0746666667</dst>
            <dst id="NYCMng">34256.336</dst>
            <dst id="SNVAng">2721.536</dst>
            <dst id="STTLng">9902.90666666667</dst>
            <dst id="WASHng">38247.68</dst>
        </src>
        <src id="KSCYng">
            <dst id="ATLA-M5">442.677333333333</dst>
            <dst id="ATLAng">23889.2506666667</dst>
            <dst id="CHINng">38527.2826666667</dst>
            <dst id="DNVRng">4091.336</dst>
            <dst id="HSTNng">5444.46133333333</dst>
            <dst id="IPLSng">17953.5893333333</dst>
            <dst id="KSCYng">5748.54933333333</dst>
            <dst id="LOSAng">3392.56533333333</dst>
            <dst id="NYCMng">8078.46933333333</dst>
            <dst id="SNVAng">430.288</dst>
            <dst id="STTLng">3387.02933333333</dst>
            <dst id="WASHng">25552.464</dst>
        </src>
        <src id="LOSAng">
            <dst id="ATLA-M5">333.349333333333</dst>
            <dst id="ATLAng">23564.2693333333</dst>
            <dst id="CHINng">164524.581333333</dst>
            <dst id="DNVRng">4761.39733333334</dst>
            <dst id="HSTNng">20435.8693333333</dst>
            <dst id="IPLSng">51385.888</dst>
            <dst id="KSCYng">9784.76533333333</dst>
            <dst id="LOSAng">12369.296</dst>
            <dst id="NYCMng">59833.424</dst>
            <dst id="SNVAng">4380.98133333333</dst>
            <dst id="STTLng">23106.7626666667</dst>
            <dst id="WASHng">63469.296</dst>
        </src>
        <src id="NYCMng">
            <dst id="ATLA-M5">1469.696</dst>
            <dst id="ATLAng">42151.8906666667</dst>
            <dst id="CHINng">80021.064</dst>
            <dst id="DNVRng">14846.9866666667</dst>
            <dst id="HSTNng">42980.9253333333</dst>
            <dst id="IPLSng">82886.736</dst>
            <dst id="KSCYng">19871.7253333333</dst>
            <dst id="LOSAng">50654.9493333333</dst>
            <dst id="NYCMng">159868.96</dst>
            <dst id="SNVAng">6389.04266666667</dst>
            <dst id="STTLng">22404.7386666667</dst>
            <dst id="WASHng">99135.8053333333</dst>
        </src>
        <src id="SNVAng">
            <dst id="ATLA-M5">124.141333333333</dst>
            <dst id="ATLAng">829.744</dst>
            <dst id="CHINng">5340.608</dst>
            <dst id="DNVRng">8176.29866666667</dst>
            <dst id="HSTNng">1246.42666666667</dst>
            <dst id="IPLSng">3510.584</dst>
            <dst id="KSCYng">1788.096</dst>
            <dst id="LOSAng">6144.82133333333</dst>
            <dst id="NYCMng">3107.37866666667</dst>
            <dst id="SNVAng">314.312</dst>
            <dst id="STTLng">1581.69333333333</dst>
            <dst id="WASHng">2230.36533333333</dst>
        </src>
        <src id="STTLng">
            <dst id="ATLA-M5">271.261333333333</dst>
            <dst id="ATLAng">24453.984</dst>
            <dst id="CHINng">89266.128</dst>
            <dst id="DNVRng">3810.94133333333</dst>
            <dst id="HSTNng">4143.104</dst>
            <dst id="IPLSng">21236.2453333333</dst>
            <dst id="KSCYng">8128.09066666667</dst>
            <dst id="LOSAng">14429.0346666667</dst>
            <dst id="NYCMng">29861.1973333333</dst>
            <dst id="SNVAng">4804.64533333333</dst>
            <dst id="STTLng">8941.90666666667</dst>
            <dst id="WASHng">16512.576</dst>
        </src>
        <src id="WASHng">
            <dst id="ATLA-M5">1570.04</dst>
            <dst id="ATLAng">138533.762666667</dst>
            <dst id="CHINng">100115.338666667</dst>
            <dst id="DNVRng">45302.096</dst>
            <dst id="HSTNng">30107.2133333333</dst>
            <dst id="IPLSng">101644.064</dst>
            <dst id="KSCYng">37312.4426666667</dst>
            <dst id="LOSAng">52653.1466666667</dst>
            <dst id="NYCMng">148188.92</dst>
            <dst id="SNVAng">3069.88266666667</dst>
            <dst id="STTLng">23885.528</dst>
            <dst id="WASHng">410127.146666667</dst>
        </src>
    </IntraTM>
</TrafficMatrixFile>
