<?xml version="1.0" encoding="ISO-8859-1" standalone="yes"?>
<TrafficMatrixFile xsi:noNamespaceSchemaLocation="http://totem.run.montefiore.ulg.ac.be/Schema/TrafficMatrix-v1_2.xsd" xmlns:xsi="http://www.w3.org/2001/XMLSchema-instance">
    <IntraTM ASID="11537">
        <src id="ATLA-M5">
            <dst id="ATLA-M5">132.669333333333</dst>
            <dst id="ATLAng">573.264</dst>
            <dst id="CHINng">2909.56</dst>
            <dst id="DNVRng">163.765333333333</dst>
            <dst id="HSTNng">260.824</dst>
            <dst id="IPLSng">735.650666666667</dst>
            <dst id="KSCYng">541.202666666667</dst>
            <dst id="LOSAng">2149.584</dst>
            <dst id="NYCMng">3818.08266666667</dst>
            <dst id="SNVAng">672.490666666667</dst>
            <dst id="STTLng">210.456</dst>
            <dst id="WASHng">8431.272</dst>
        </src>
        <src id="ATLAng">
            <dst id="ATLA-M5">1296.23466666667</dst>
            <dst id="ATLAng">28745.4746666667</dst>
            <dst id="CHINng">43330.3973333333</dst>
            <dst id="DNVRng">11202.6186666667</dst>
            <dst id="HSTNng">4087.072</dst>
            <dst id="IPLSng">38509.7173333333</dst>
            <dst id="KSCYng">19525.9306666667</dst>
            <dst id="LOSAng">21425.3186666667</dst>
            <dst id="NYCMng">21788.704</dst>
            <dst id="SNVAng">2964.86533333333</dst>
            <dst id="STTLng">8372.67466666667</dst>
            <dst id="WASHng">111936.789333333</dst>
        </src>
        <src id="CHINng">
            <dst id="ATLA-M5">209.253333333333</dst>
            <dst id="ATLAng">19373.1973333333</dst>
            <dst id="CHINng">98867.7306666667</dst>
            <dst id="DNVRng">14610.512</dst>
            <dst id="HSTNng">22056.9653333333</dst>
            <dst id="IPLSng">44059.8053333333</dst>
            <dst id="KSCYng">15702.512</dst>
            <dst id="LOSAng">19423.6453333333</dst>
            <dst id="NYCMng">13644.7253333333</dst>
            <dst id="SNVAng">3290.10933333333</dst>
            <dst id="STTLng">8290.42666666667</dst>
            <dst id="WASHng">20997.2693333333</dst>
        </src>
        <src id="DNVRng">
            <dst id="ATLA-M5">102.093333333333</dst>
            <dst id="ATLAng">15036.264</dst>
            <dst id="CHINng">85538.8026666666</dst>
            <dst id="DNVRng">12070.1973333333</dst>
            <dst id="HSTNng">13603.096</dst>
            <dst id="IPLSng">34691.6346666667</dst>
            <dst id="KSCYng">27246.2986666667</dst>
            <dst id="LOSAng">12304.32</dst>
            <dst id="NYCMng">20961.4613333333</dst>
            <dst id="SNVAng">27177.9573333333</dst>
            <dst id="STTLng">14555.52</dst>
            <dst id="WASHng">54206.088</dst>
        </src>
        <src id="HSTNng">
            <dst id="ATLA-M5">497.973333333333</dst>
            <dst id="ATLAng">5933.98933333333</dst>
            <dst id="CHINng">29910.1733333333</dst>
            <dst id="DNVRng">9813.19733333333</dst>
            <dst id="HSTNng">17874.5813333333</dst>
            <dst id="IPLSng">12084.2906666667</dst>
            <dst id="KSCYng">3577.60533333333</dst>
            <dst id="LOSAng">99252.136</dst>
            <dst id="NYCMng">14358.1893333333</dst>
            <dst id="SNVAng">2428.68</dst>
            <dst id="STTLng">2325.77066666667</dst>
            <dst id="WASHng">15377.1813333333</dst>
        </src>
        <src id="IPLSng">
            <dst id="ATLA-M5">1456.03466666667</dst>
            <dst id="ATLAng">22550.8906666667</dst>
            <dst id="CHINng">168537.405333333</dst>
            <dst id="DNVRng">39697.3066666667</dst>
            <dst id="HSTNng">24324.5013333333</dst>
            <dst id="IPLSng">49757.1066666667</dst>
            <dst id="KSCYng">23671.5226666667</dst>
            <dst id="LOSAng">22358.2293333333</dst>
            <dst id="NYCMng">45751.232</dst>
            <dst id="SNVAng">6298.296</dst>
            <dst id="STTLng">18294.4053333333</dst>
            <dst id="WASHng">56196.1626666667</dst>
        </src>
        <src id="KSCYng">
            <dst id="ATLA-M5">410.765333333333</dst>
            <dst id="ATLAng">19946.8613333333</dst>
            <dst id="CHINng">47695.8453333333</dst>
            <dst id="DNVRng">11597.3306666667</dst>
            <dst id="HSTNng">6437.56</dst>
            <dst id="IPLSng">13210.2213333333</dst>
            <dst id="KSCYng">8829.94666666667</dst>
            <dst id="LOSAng">6334.83466666667</dst>
            <dst id="NYCMng">11398.1066666667</dst>
            <dst id="SNVAng">1080.73066666667</dst>
            <dst id="STTLng">4038.008</dst>
            <dst id="WASHng">18892.3493333333</dst>
        </src>
        <src id="LOSAng">
            <dst id="ATLA-M5">1173.51466666667</dst>
            <dst id="ATLAng">41326.8053333333</dst>
            <dst id="CHINng">143083.384</dst>
            <dst id="DNVRng">8889.00266666667</dst>
            <dst id="HSTNng">63243.5973333333</dst>
            <dst id="IPLSng">43224.1173333333</dst>
            <dst id="KSCYng">17579.632</dst>
            <dst id="LOSAng">8213.74133333334</dst>
            <dst id="NYCMng">52494.6906666666</dst>
            <dst id="SNVAng">43773.8693333333</dst>
            <dst id="STTLng">30275.3546666667</dst>
            <dst id="WASHng">63793.304</dst>
        </src>
        <src id="NYCMng">
            <dst id="ATLA-M5">7314.63733333333</dst>
            <dst id="ATLAng">65332.6933333333</dst>
            <dst id="CHINng">102303.504</dst>
            <dst id="DNVRng">48510.4906666667</dst>
            <dst id="HSTNng">41118.76</dst>
            <dst id="IPLSng">103384.773333333</dst>
            <dst id="KSCYng">24812.2</dst>
            <dst id="LOSAng">60169.0773333333</dst>
            <dst id="NYCMng">220301.314666667</dst>
            <dst id="SNVAng">6437.14666666667</dst>
            <dst id="STTLng">31823.768</dst>
            <dst id="WASHng">123515.173333333</dst>
        </src>
        <src id="SNVAng">
            <dst id="ATLA-M5">228.984</dst>
            <dst id="ATLAng">2305.02666666667</dst>
            <dst id="CHINng">9430.13333333333</dst>
            <dst id="DNVRng">4303.76266666667</dst>
            <dst id="HSTNng">1460.736</dst>
            <dst id="IPLSng">3835.50666666667</dst>
            <dst id="KSCYng">1265.62933333333</dst>
            <dst id="LOSAng">31492.2133333333</dst>
            <dst id="NYCMng">2710.67733333333</dst>
            <dst id="SNVAng">18479.5306666667</dst>
            <dst id="STTLng">42925.1093333333</dst>
            <dst id="WASHng">2204.016</dst>
        </src>
        <src id="STTLng">
            <dst id="ATLA-M5">414.52</dst>
            <dst id="ATLAng">19204.3946666667</dst>
            <dst id="CHINng">89616.4906666667</dst>
            <dst id="DNVRng">7472.09066666667</dst>
            <dst id="HSTNng">4918.39733333333</dst>
            <dst id="IPLSng">30626.816</dst>
            <dst id="KSCYng">7377.424</dst>
            <dst id="LOSAng">25969.6213333333</dst>
            <dst id="NYCMng">32872.6986666667</dst>
            <dst id="SNVAng">13901.5333333333</dst>
            <dst id="STTLng">4411.70133333333</dst>
            <dst id="WASHng">21927.6133333333</dst>
        </src>
        <src id="WASHng">
            <dst id="ATLA-M5">2665.79733333333</dst>
            <dst id="ATLAng">113537.352</dst>
            <dst id="CHINng">101510.109333333</dst>
            <dst id="DNVRng">74407.7813333333</dst>
            <dst id="HSTNng">25932.8186666667</dst>
            <dst id="IPLSng">110589.725333333</dst>
            <dst id="KSCYng">21625.064</dst>
            <dst id="LOSAng">62143.4346666667</dst>
            <dst id="NYCMng">217954.010666667</dst>
            <dst id="SNVAng">8076.488</dst>
            <dst id="STTLng">33720.344</dst>
            <dst id="WASHng">387969.28</dst>
        </src>
    </IntraTM>
</TrafficMatrixFile>
