<?xml version="1.0" encoding="ISO-8859-1" standalone="yes"?>
<TrafficMatrixFile xsi:noNamespaceSchemaLocation="http://totem.run.montefiore.ulg.ac.be/Schema/TrafficMatrix-v1_2.xsd" xmlns:xsi="http://www.w3.org/2001/XMLSchema-instance">
    <IntraTM ASID="11537">
        <src id="ATLA-M5">
            <dst id="ATLA-M5">26.6666666666667</dst>
            <dst id="ATLAng">683.202666666667</dst>
            <dst id="CHINng">1318.10133333333</dst>
            <dst id="DNVRng">1108.736</dst>
            <dst id="HSTNng">588.344</dst>
            <dst id="IPLSng">1279.48</dst>
            <dst id="KSCYng">737.693333333333</dst>
            <dst id="LOSAng">305.253333333333</dst>
            <dst id="NYCMng">1081.58133333333</dst>
            <dst id="SNVAng">379.728</dst>
            <dst id="STTLng">160.565333333333</dst>
            <dst id="WASHng">2035.864</dst>
        </src>
        <src id="ATLAng">
            <dst id="ATLA-M5">754.202666666667</dst>
            <dst id="ATLAng">19337.6133333333</dst>
            <dst id="CHINng">33327.4026666667</dst>
            <dst id="DNVRng">21382.1066666667</dst>
            <dst id="HSTNng">15689.5226666667</dst>
            <dst id="IPLSng">35548.4586666667</dst>
            <dst id="KSCYng">8285.24266666667</dst>
            <dst id="LOSAng">30955.6106666667</dst>
            <dst id="NYCMng">24613.416</dst>
            <dst id="SNVAng">2970.14266666667</dst>
            <dst id="STTLng">6544.592</dst>
            <dst id="WASHng">80993.5253333333</dst>
        </src>
        <src id="CHINng">
            <dst id="ATLA-M5">4378.168</dst>
            <dst id="ATLAng">26040.7413333333</dst>
            <dst id="CHINng">67074.3146666667</dst>
            <dst id="DNVRng">17799.048</dst>
            <dst id="HSTNng">20640.864</dst>
            <dst id="IPLSng">51724.8426666667</dst>
            <dst id="KSCYng">22245.152</dst>
            <dst id="LOSAng">32149.6186666667</dst>
            <dst id="NYCMng">7911.79733333333</dst>
            <dst id="SNVAng">4004.55733333333</dst>
            <dst id="STTLng">20458.6666666667</dst>
            <dst id="WASHng">24398.64</dst>
        </src>
        <src id="DNVRng">
            <dst id="ATLA-M5">1499.24</dst>
            <dst id="ATLAng">12263.2266666667</dst>
            <dst id="CHINng">64483.7093333333</dst>
            <dst id="DNVRng">27331.0213333333</dst>
            <dst id="HSTNng">17424.5253333333</dst>
            <dst id="IPLSng">33520.8666666667</dst>
            <dst id="KSCYng">18961.4906666667</dst>
            <dst id="LOSAng">6263.816</dst>
            <dst id="NYCMng">24689.5653333333</dst>
            <dst id="SNVAng">18045.0266666667</dst>
            <dst id="STTLng">29376.92</dst>
            <dst id="WASHng">73390.0133333333</dst>
        </src>
        <src id="HSTNng">
            <dst id="ATLA-M5">2720.72533333333</dst>
            <dst id="ATLAng">5960.15733333333</dst>
            <dst id="CHINng">28644.792</dst>
            <dst id="DNVRng">7962.53066666667</dst>
            <dst id="HSTNng">10931.0746666667</dst>
            <dst id="IPLSng">13388.48</dst>
            <dst id="KSCYng">7465.03733333333</dst>
            <dst id="LOSAng">20021.0506666667</dst>
            <dst id="NYCMng">14485.96</dst>
            <dst id="SNVAng">4404.288</dst>
            <dst id="STTLng">4646.75733333333</dst>
            <dst id="WASHng">13380.184</dst>
        </src>
        <src id="IPLSng">
            <dst id="ATLA-M5">1262.10666666667</dst>
            <dst id="ATLAng">56808.9226666667</dst>
            <dst id="CHINng">124705.981333333</dst>
            <dst id="DNVRng">44673.2506666667</dst>
            <dst id="HSTNng">9407.64533333333</dst>
            <dst id="IPLSng">48120.1413333333</dst>
            <dst id="KSCYng">22576.1546666667</dst>
            <dst id="LOSAng">36933.2853333333</dst>
            <dst id="NYCMng">52787.5066666667</dst>
            <dst id="SNVAng">5477.304</dst>
            <dst id="STTLng">23239.0586666667</dst>
            <dst id="WASHng">77737.5013333333</dst>
        </src>
        <src id="KSCYng">
            <dst id="ATLA-M5">1276.888</dst>
            <dst id="ATLAng">7674.59733333333</dst>
            <dst id="CHINng">31201.7493333333</dst>
            <dst id="DNVRng">11309.0613333333</dst>
            <dst id="HSTNng">9217.79466666667</dst>
            <dst id="IPLSng">25994.8533333333</dst>
            <dst id="KSCYng">9914.616</dst>
            <dst id="LOSAng">11522.1893333333</dst>
            <dst id="NYCMng">8661.23466666667</dst>
            <dst id="SNVAng">3805.02133333333</dst>
            <dst id="STTLng">4178.43466666667</dst>
            <dst id="WASHng">16814.288</dst>
        </src>
        <src id="LOSAng">
            <dst id="ATLA-M5">742.861333333333</dst>
            <dst id="ATLAng">24946.7733333333</dst>
            <dst id="CHINng">135908.778666667</dst>
            <dst id="DNVRng">21660.2453333333</dst>
            <dst id="HSTNng">15912.4853333333</dst>
            <dst id="IPLSng">56145.744</dst>
            <dst id="KSCYng">21885.328</dst>
            <dst id="LOSAng">19246.3093333333</dst>
            <dst id="NYCMng">65581.824</dst>
            <dst id="SNVAng">13386.2106666667</dst>
            <dst id="STTLng">35944.2213333333</dst>
            <dst id="WASHng">81281.984</dst>
        </src>
        <src id="NYCMng">
            <dst id="ATLA-M5">2024.63466666667</dst>
            <dst id="ATLAng">75282.7226666667</dst>
            <dst id="CHINng">72779.7893333333</dst>
            <dst id="DNVRng">61545.424</dst>
            <dst id="HSTNng">52159.3706666667</dst>
            <dst id="IPLSng">118578.405333333</dst>
            <dst id="KSCYng">36759.9573333333</dst>
            <dst id="LOSAng">82895.44</dst>
            <dst id="NYCMng">145434.6</dst>
            <dst id="SNVAng">17088.7333333333</dst>
            <dst id="STTLng">52363.9893333333</dst>
            <dst id="WASHng">150917.224</dst>
        </src>
        <src id="SNVAng">
            <dst id="ATLA-M5">1542.416</dst>
            <dst id="ATLAng">1133.384</dst>
            <dst id="CHINng">7292.69866666667</dst>
            <dst id="DNVRng">6519.992</dst>
            <dst id="HSTNng">1154.8</dst>
            <dst id="IPLSng">3510.16</dst>
            <dst id="KSCYng">2076.104</dst>
            <dst id="LOSAng">47242.688</dst>
            <dst id="NYCMng">12633.1093333333</dst>
            <dst id="SNVAng">20044.4133333333</dst>
            <dst id="STTLng">63923.44</dst>
            <dst id="WASHng">3569.07466666667</dst>
        </src>
        <src id="STTLng">
            <dst id="ATLA-M5">873.728</dst>
            <dst id="ATLAng">17408.2266666667</dst>
            <dst id="CHINng">68435.1946666667</dst>
            <dst id="DNVRng">14606.64</dst>
            <dst id="HSTNng">7420.42133333333</dst>
            <dst id="IPLSng">36480.2426666667</dst>
            <dst id="KSCYng">6708.4</dst>
            <dst id="LOSAng">32099.8186666667</dst>
            <dst id="NYCMng">24866.912</dst>
            <dst id="SNVAng">15187.8613333333</dst>
            <dst id="STTLng">24455.6026666667</dst>
            <dst id="WASHng">20016.584</dst>
        </src>
        <src id="WASHng">
            <dst id="ATLA-M5">3343.73066666667</dst>
            <dst id="ATLAng">142896.488</dst>
            <dst id="CHINng">107732.354666667</dst>
            <dst id="DNVRng">72575.88</dst>
            <dst id="HSTNng">23875.872</dst>
            <dst id="IPLSng">103448.973333333</dst>
            <dst id="KSCYng">26262.2213333333</dst>
            <dst id="LOSAng">90131.96</dst>
            <dst id="NYCMng">204781.458666667</dst>
            <dst id="SNVAng">15268.424</dst>
            <dst id="STTLng">45428.3973333333</dst>
            <dst id="WASHng">280803.893333333</dst>
        </src>
    </IntraTM>
</TrafficMatrixFile>
