<?xml version="1.0" encoding="ISO-8859-1" standalone="yes"?>
<TrafficMatrixFile xsi:noNamespaceSchemaLocation="http://totem.run.montefiore.ulg.ac.be/Schema/TrafficMatrix-v1_2.xsd" xmlns:xsi="http://www.w3.org/2001/XMLSchema-instance">
    <IntraTM ASID="11537">
        <src id="ATLA-M5">
            <dst id="ATLA-M5">0</dst>
            <dst id="ATLAng">210.405333333333</dst>
            <dst id="CHINng">776.381333333333</dst>
            <dst id="DNVRng">1179.232</dst>
            <dst id="HSTNng">204.234666666667</dst>
            <dst id="IPLSng">298.613333333333</dst>
            <dst id="KSCYng">126.986666666667</dst>
            <dst id="LOSAng">1040.12</dst>
            <dst id="NYCMng">1209.08</dst>
            <dst id="SNVAng">206.984</dst>
            <dst id="STTLng">255.941333333333</dst>
            <dst id="WASHng">3795.55466666667</dst>
        </src>
        <src id="ATLAng">
            <dst id="ATLA-M5">173.864</dst>
            <dst id="ATLAng">19372.6853333333</dst>
            <dst id="CHINng">16311.56</dst>
            <dst id="DNVRng">5249.15733333333</dst>
            <dst id="HSTNng">6528.32266666667</dst>
            <dst id="IPLSng">16660.4053333333</dst>
            <dst id="KSCYng">3939.92266666667</dst>
            <dst id="LOSAng">16801.4986666667</dst>
            <dst id="NYCMng">11713.192</dst>
            <dst id="SNVAng">1096.57066666667</dst>
            <dst id="STTLng">4175.72266666667</dst>
            <dst id="WASHng">90924.0053333333</dst>
        </src>
        <src id="CHINng">
            <dst id="ATLA-M5">549.594666666667</dst>
            <dst id="ATLAng">7819.83466666667</dst>
            <dst id="CHINng">41458.56</dst>
            <dst id="DNVRng">18917.1386666667</dst>
            <dst id="HSTNng">10685.6373333333</dst>
            <dst id="IPLSng">19272.36</dst>
            <dst id="KSCYng">9185.98933333333</dst>
            <dst id="LOSAng">27723.3946666667</dst>
            <dst id="NYCMng">4155.24533333333</dst>
            <dst id="SNVAng">1958.27466666667</dst>
            <dst id="STTLng">7976.68533333334</dst>
            <dst id="WASHng">12816.5893333333</dst>
        </src>
        <src id="DNVRng">
            <dst id="ATLA-M5">266.88</dst>
            <dst id="ATLAng">8156.53333333333</dst>
            <dst id="CHINng">75448.7893333333</dst>
            <dst id="DNVRng">30327.5786666667</dst>
            <dst id="HSTNng">12938.4426666667</dst>
            <dst id="IPLSng">27272.368</dst>
            <dst id="KSCYng">20893.592</dst>
            <dst id="LOSAng">9619.25333333333</dst>
            <dst id="NYCMng">20839.9786666667</dst>
            <dst id="SNVAng">11763.632</dst>
            <dst id="STTLng">21100.7493333333</dst>
            <dst id="WASHng">54845.9493333333</dst>
        </src>
        <src id="HSTNng">
            <dst id="ATLA-M5">3272.95733333333</dst>
            <dst id="ATLAng">3081.98666666667</dst>
            <dst id="CHINng">46646.8053333333</dst>
            <dst id="DNVRng">4704.784</dst>
            <dst id="HSTNng">7573.264</dst>
            <dst id="IPLSng">4783.584</dst>
            <dst id="KSCYng">1912.03733333333</dst>
            <dst id="LOSAng">12605.944</dst>
            <dst id="NYCMng">9102.65066666667</dst>
            <dst id="SNVAng">2073.496</dst>
            <dst id="STTLng">2905.26133333333</dst>
            <dst id="WASHng">6496.58933333333</dst>
        </src>
        <src id="IPLSng">
            <dst id="ATLA-M5">587.861333333334</dst>
            <dst id="ATLAng">14556.1733333333</dst>
            <dst id="CHINng">127261.061333333</dst>
            <dst id="DNVRng">22562.744</dst>
            <dst id="HSTNng">2530.984</dst>
            <dst id="IPLSng">20989.6106666667</dst>
            <dst id="KSCYng">12179.392</dst>
            <dst id="LOSAng">80764.0346666667</dst>
            <dst id="NYCMng">38704.2933333333</dst>
            <dst id="SNVAng">5364.30133333333</dst>
            <dst id="STTLng">15940.2666666667</dst>
            <dst id="WASHng">36495.208</dst>
        </src>
        <src id="KSCYng">
            <dst id="ATLA-M5">127.866666666667</dst>
            <dst id="ATLAng">3150.792</dst>
            <dst id="CHINng">37250.9546666667</dst>
            <dst id="DNVRng">12205.5066666667</dst>
            <dst id="HSTNng">3372.01066666667</dst>
            <dst id="IPLSng">9805.63733333334</dst>
            <dst id="KSCYng">11383.4933333333</dst>
            <dst id="LOSAng">6773.74933333333</dst>
            <dst id="NYCMng">10927.7866666667</dst>
            <dst id="SNVAng">3380.73066666667</dst>
            <dst id="STTLng">3625.632</dst>
            <dst id="WASHng">9527.14133333333</dst>
        </src>
        <src id="LOSAng">
            <dst id="ATLA-M5">545.104</dst>
            <dst id="ATLAng">23143.872</dst>
            <dst id="CHINng">186519.122666667</dst>
            <dst id="DNVRng">10540.6613333333</dst>
            <dst id="HSTNng">8677.03733333333</dst>
            <dst id="IPLSng">46301.544</dst>
            <dst id="KSCYng">8343.34133333333</dst>
            <dst id="LOSAng">19923.8986666667</dst>
            <dst id="NYCMng">57756.448</dst>
            <dst id="SNVAng">17571.2186666667</dst>
            <dst id="STTLng">43600.128</dst>
            <dst id="WASHng">91714.2933333333</dst>
        </src>
        <src id="NYCMng">
            <dst id="ATLA-M5">1830.456</dst>
            <dst id="ATLAng">37033.6826666667</dst>
            <dst id="CHINng">66322.8266666667</dst>
            <dst id="DNVRng">38493.656</dst>
            <dst id="HSTNng">30729.6506666667</dst>
            <dst id="IPLSng">53114.5093333333</dst>
            <dst id="KSCYng">17209.4293333333</dst>
            <dst id="LOSAng">77134.0533333333</dst>
            <dst id="NYCMng">154242.421333333</dst>
            <dst id="SNVAng">11512.1973333333</dst>
            <dst id="STTLng">21634.2666666667</dst>
            <dst id="WASHng">78722.2426666667</dst>
        </src>
        <src id="SNVAng">
            <dst id="ATLA-M5">559.213333333333</dst>
            <dst id="ATLAng">598.298666666667</dst>
            <dst id="CHINng">5586.58133333333</dst>
            <dst id="DNVRng">5577.424</dst>
            <dst id="HSTNng">1676.048</dst>
            <dst id="IPLSng">2348.46133333333</dst>
            <dst id="KSCYng">676.498666666667</dst>
            <dst id="LOSAng">35431.9653333333</dst>
            <dst id="NYCMng">2385.68266666667</dst>
            <dst id="SNVAng">14095.424</dst>
            <dst id="STTLng">65681.9813333333</dst>
            <dst id="WASHng">3053.24266666667</dst>
        </src>
        <src id="STTLng">
            <dst id="ATLA-M5">327.029333333333</dst>
            <dst id="ATLAng">9518.00266666667</dst>
            <dst id="CHINng">68990.5813333333</dst>
            <dst id="DNVRng">7472.62133333333</dst>
            <dst id="HSTNng">2171.504</dst>
            <dst id="IPLSng">6031.13866666667</dst>
            <dst id="KSCYng">3115.096</dst>
            <dst id="LOSAng">26325.576</dst>
            <dst id="NYCMng">21707.6773333333</dst>
            <dst id="SNVAng">3630.32266666667</dst>
            <dst id="STTLng">13126.7093333333</dst>
            <dst id="WASHng">7093.72533333333</dst>
        </src>
        <src id="WASHng">
            <dst id="ATLA-M5">270.317333333333</dst>
            <dst id="ATLAng">116202.578666667</dst>
            <dst id="CHINng">93185.2026666667</dst>
            <dst id="DNVRng">60327.7306666667</dst>
            <dst id="HSTNng">20522.4453333333</dst>
            <dst id="IPLSng">53778.7093333333</dst>
            <dst id="KSCYng">10402.2613333333</dst>
            <dst id="LOSAng">61528.7253333333</dst>
            <dst id="NYCMng">165307.818666667</dst>
            <dst id="SNVAng">12832.576</dst>
            <dst id="STTLng">36867.0186666667</dst>
            <dst id="WASHng">446299.76</dst>
        </src>
    </IntraTM>
</TrafficMatrixFile>
