<?xml version="1.0" encoding="ISO-8859-1" standalone="yes"?>
<TrafficMatrixFile xsi:noNamespaceSchemaLocation="http://totem.run.montefiore.ulg.ac.be/Schema/TrafficMatrix-v1_2.xsd" xmlns:xsi="http://www.w3.org/2001/XMLSchema-instance">
    <IntraTM ASID="11537">
        <src id="ATLA-M5">
            <dst id="ATLA-M5">26.6666666666667</dst>
            <dst id="ATLAng">792.245333333333</dst>
            <dst id="CHINng">2400.83466666667</dst>
            <dst id="DNVRng">292.170666666667</dst>
            <dst id="HSTNng">804.373333333333</dst>
            <dst id="IPLSng">1464.08533333333</dst>
            <dst id="KSCYng">473.488</dst>
            <dst id="LOSAng">1227.17866666667</dst>
            <dst id="NYCMng">1208.78133333333</dst>
            <dst id="SNVAng">154.696</dst>
            <dst id="STTLng">285.12</dst>
            <dst id="WASHng">1430.392</dst>
        </src>
        <src id="ATLAng">
            <dst id="ATLA-M5">756.032</dst>
            <dst id="ATLAng">68787.6533333333</dst>
            <dst id="CHINng">26053.784</dst>
            <dst id="DNVRng">9494.232</dst>
            <dst id="HSTNng">7636.208</dst>
            <dst id="IPLSng">31751.6266666667</dst>
            <dst id="KSCYng">8698.65333333333</dst>
            <dst id="LOSAng">24616.8586666667</dst>
            <dst id="NYCMng">16938.88</dst>
            <dst id="SNVAng">1317.37866666667</dst>
            <dst id="STTLng">8970.288</dst>
            <dst id="WASHng">67446.08</dst>
        </src>
        <src id="CHINng">
            <dst id="ATLA-M5">4041.184</dst>
            <dst id="ATLAng">22747.416</dst>
            <dst id="CHINng">33818.1813333333</dst>
            <dst id="DNVRng">9979.70666666667</dst>
            <dst id="HSTNng">13892.4826666667</dst>
            <dst id="IPLSng">33113.0826666667</dst>
            <dst id="KSCYng">8916.11733333333</dst>
            <dst id="LOSAng">38646.8773333333</dst>
            <dst id="NYCMng">7343.24533333333</dst>
            <dst id="SNVAng">7099.66933333333</dst>
            <dst id="STTLng">10254.544</dst>
            <dst id="WASHng">22718.944</dst>
        </src>
        <src id="DNVRng">
            <dst id="ATLA-M5">1835.57866666667</dst>
            <dst id="ATLAng">8257.312</dst>
            <dst id="CHINng">61475.6906666667</dst>
            <dst id="DNVRng">16063.7653333333</dst>
            <dst id="HSTNng">17186.4373333333</dst>
            <dst id="IPLSng">31724.7333333333</dst>
            <dst id="KSCYng">19784.8133333333</dst>
            <dst id="LOSAng">8516.70133333333</dst>
            <dst id="NYCMng">22655.7013333333</dst>
            <dst id="SNVAng">12082.9893333333</dst>
            <dst id="STTLng">17173.088</dst>
            <dst id="WASHng">56686.9546666667</dst>
        </src>
        <src id="HSTNng">
            <dst id="ATLA-M5">574.229333333333</dst>
            <dst id="ATLAng">5079.76266666667</dst>
            <dst id="CHINng">40185.328</dst>
            <dst id="DNVRng">5173.48266666667</dst>
            <dst id="HSTNng">12557.48</dst>
            <dst id="IPLSng">13151.416</dst>
            <dst id="KSCYng">4302.60266666667</dst>
            <dst id="LOSAng">87868.7786666667</dst>
            <dst id="NYCMng">6222.08266666667</dst>
            <dst id="SNVAng">1679.11466666667</dst>
            <dst id="STTLng">5886.232</dst>
            <dst id="WASHng">18641.6853333333</dst>
        </src>
        <src id="IPLSng">
            <dst id="ATLA-M5">1660.27466666667</dst>
            <dst id="ATLAng">19058.856</dst>
            <dst id="CHINng">104663.04</dst>
            <dst id="DNVRng">31593.2213333333</dst>
            <dst id="HSTNng">16511.2373333333</dst>
            <dst id="IPLSng">33144.3413333333</dst>
            <dst id="KSCYng">14090.4266666667</dst>
            <dst id="LOSAng">42559.6426666667</dst>
            <dst id="NYCMng">45039.1493333333</dst>
            <dst id="SNVAng">11191.7653333333</dst>
            <dst id="STTLng">14964.728</dst>
            <dst id="WASHng">59197.7573333333</dst>
        </src>
        <src id="KSCYng">
            <dst id="ATLA-M5">1709.34933333333</dst>
            <dst id="ATLAng">6665.47466666667</dst>
            <dst id="CHINng">46901.992</dst>
            <dst id="DNVRng">10196.5013333333</dst>
            <dst id="HSTNng">6129.984</dst>
            <dst id="IPLSng">16361.632</dst>
            <dst id="KSCYng">11355.2346666667</dst>
            <dst id="LOSAng">10322.6613333333</dst>
            <dst id="NYCMng">16076.0133333333</dst>
            <dst id="SNVAng">1372.544</dst>
            <dst id="STTLng">5620.376</dst>
            <dst id="WASHng">17508.976</dst>
        </src>
        <src id="LOSAng">
            <dst id="ATLA-M5">589.066666666667</dst>
            <dst id="ATLAng">33987.0426666667</dst>
            <dst id="CHINng">119107.752</dst>
            <dst id="DNVRng">15882.512</dst>
            <dst id="HSTNng">12331.0373333333</dst>
            <dst id="IPLSng">45367.704</dst>
            <dst id="KSCYng">10476.6026666667</dst>
            <dst id="LOSAng">27185.9013333333</dst>
            <dst id="NYCMng">64960.9066666667</dst>
            <dst id="SNVAng">11143.184</dst>
            <dst id="STTLng">45013.1653333333</dst>
            <dst id="WASHng">76734.8533333333</dst>
        </src>
        <src id="NYCMng">
            <dst id="ATLA-M5">3978.93866666667</dst>
            <dst id="ATLAng">57002.2506666667</dst>
            <dst id="CHINng">74363.8346666667</dst>
            <dst id="DNVRng">44997.7866666667</dst>
            <dst id="HSTNng">43393.8053333333</dst>
            <dst id="IPLSng">92786.2746666667</dst>
            <dst id="KSCYng">25114.3413333333</dst>
            <dst id="LOSAng">97397.3386666667</dst>
            <dst id="NYCMng">157035.629333333</dst>
            <dst id="SNVAng">10343.7493333333</dst>
            <dst id="STTLng">37150.3386666667</dst>
            <dst id="WASHng">203549.181333333</dst>
        </src>
        <src id="SNVAng">
            <dst id="ATLA-M5">101.293333333333</dst>
            <dst id="ATLAng">1154.81066666667</dst>
            <dst id="CHINng">7589.94933333333</dst>
            <dst id="DNVRng">12117.9573333333</dst>
            <dst id="HSTNng">1152.86133333333</dst>
            <dst id="IPLSng">2282.70133333333</dst>
            <dst id="KSCYng">1137.60266666667</dst>
            <dst id="LOSAng">38277.4426666667</dst>
            <dst id="NYCMng">6403.93333333333</dst>
            <dst id="SNVAng">15646.536</dst>
            <dst id="STTLng">56146.672</dst>
            <dst id="WASHng">1515.07733333333</dst>
        </src>
        <src id="STTLng">
            <dst id="ATLA-M5">359.872</dst>
            <dst id="ATLAng">13787.9466666667</dst>
            <dst id="CHINng">57525.6853333333</dst>
            <dst id="DNVRng">5549.928</dst>
            <dst id="HSTNng">3636.288</dst>
            <dst id="IPLSng">26633.1226666667</dst>
            <dst id="KSCYng">4973.936</dst>
            <dst id="LOSAng">35043.9733333333</dst>
            <dst id="NYCMng">29693.24</dst>
            <dst id="SNVAng">9619.02133333333</dst>
            <dst id="STTLng">15444.344</dst>
            <dst id="WASHng">23109.9413333333</dst>
        </src>
        <src id="WASHng">
            <dst id="ATLA-M5">2256.33333333333</dst>
            <dst id="ATLAng">99166.8533333333</dst>
            <dst id="CHINng">117187.074666667</dst>
            <dst id="DNVRng">59475.7146666667</dst>
            <dst id="HSTNng">31688.4906666667</dst>
            <dst id="IPLSng">71542.1893333333</dst>
            <dst id="KSCYng">25253.5093333333</dst>
            <dst id="LOSAng">80530.528</dst>
            <dst id="NYCMng">197858.522666667</dst>
            <dst id="SNVAng">4634.99733333333</dst>
            <dst id="STTLng">40607.6666666667</dst>
            <dst id="WASHng">264234.792</dst>
        </src>
    </IntraTM>
</TrafficMatrixFile>
