<?xml version="1.0" encoding="ISO-8859-1" standalone="yes"?>
<TrafficMatrixFile xsi:noNamespaceSchemaLocation="http://totem.run.montefiore.ulg.ac.be/Schema/TrafficMatrix-v1_2.xsd" xmlns:xsi="http://www.w3.org/2001/XMLSchema-instance">
    <IntraTM ASID="11537">
        <src id="ATLA-M5">
            <dst id="ATLA-M5">0</dst>
            <dst id="ATLAng">182.122666666667</dst>
            <dst id="CHINng">806.589333333333</dst>
            <dst id="DNVRng">194.584</dst>
            <dst id="HSTNng">443.656</dst>
            <dst id="IPLSng">416.64</dst>
            <dst id="KSCYng">318.04</dst>
            <dst id="LOSAng">1039.464</dst>
            <dst id="NYCMng">499.912</dst>
            <dst id="SNVAng">110.866666666667</dst>
            <dst id="STTLng">273.138666666667</dst>
            <dst id="WASHng">2221.01333333333</dst>
        </src>
        <src id="ATLAng">
            <dst id="ATLA-M5">759.757333333333</dst>
            <dst id="ATLAng">15401.568</dst>
            <dst id="CHINng">15536.096</dst>
            <dst id="DNVRng">4577.744</dst>
            <dst id="HSTNng">1360.00266666667</dst>
            <dst id="IPLSng">21366.2106666667</dst>
            <dst id="KSCYng">5243.352</dst>
            <dst id="LOSAng">14325.256</dst>
            <dst id="NYCMng">8307.36533333333</dst>
            <dst id="SNVAng">951.736</dst>
            <dst id="STTLng">4968.99733333333</dst>
            <dst id="WASHng">138124.226666667</dst>
        </src>
        <src id="CHINng">
            <dst id="ATLA-M5">225.696</dst>
            <dst id="ATLAng">6309.52266666667</dst>
            <dst id="CHINng">47732.4426666667</dst>
            <dst id="DNVRng">18883.4373333333</dst>
            <dst id="HSTNng">9906.04</dst>
            <dst id="IPLSng">24151.744</dst>
            <dst id="KSCYng">6153.77333333333</dst>
            <dst id="LOSAng">25221.2853333333</dst>
            <dst id="NYCMng">8152.88266666667</dst>
            <dst id="SNVAng">2206.69333333333</dst>
            <dst id="STTLng">7087.17333333333</dst>
            <dst id="WASHng">7553.51733333333</dst>
        </src>
        <src id="DNVRng">
            <dst id="ATLA-M5">147.626666666667</dst>
            <dst id="ATLAng">7459.11466666667</dst>
            <dst id="CHINng">85827.9386666667</dst>
            <dst id="DNVRng">15295.864</dst>
            <dst id="HSTNng">10575.3493333333</dst>
            <dst id="IPLSng">29072.5813333333</dst>
            <dst id="KSCYng">15869.808</dst>
            <dst id="LOSAng">9311.664</dst>
            <dst id="NYCMng">16316.8826666667</dst>
            <dst id="SNVAng">9738.30666666667</dst>
            <dst id="STTLng">7492.33333333333</dst>
            <dst id="WASHng">47128.712</dst>
        </src>
        <src id="HSTNng">
            <dst id="ATLA-M5">4052.62666666667</dst>
            <dst id="ATLAng">2562.704</dst>
            <dst id="CHINng">53035.5306666667</dst>
            <dst id="DNVRng">5726.28266666667</dst>
            <dst id="HSTNng">2739.056</dst>
            <dst id="IPLSng">6109.12533333333</dst>
            <dst id="KSCYng">2878.72</dst>
            <dst id="LOSAng">8941.272</dst>
            <dst id="NYCMng">7151.44</dst>
            <dst id="SNVAng">1712.74133333333</dst>
            <dst id="STTLng">2315.47733333333</dst>
            <dst id="WASHng">5661.18133333333</dst>
        </src>
        <src id="IPLSng">
            <dst id="ATLA-M5">1115.35466666667</dst>
            <dst id="ATLAng">14658.576</dst>
            <dst id="CHINng">142517.848</dst>
            <dst id="DNVRng">21955.3013333333</dst>
            <dst id="HSTNng">3586.88533333333</dst>
            <dst id="IPLSng">15510.6506666667</dst>
            <dst id="KSCYng">10767.4026666667</dst>
            <dst id="LOSAng">26277.216</dst>
            <dst id="NYCMng">40131.064</dst>
            <dst id="SNVAng">4094.48</dst>
            <dst id="STTLng">15176.7546666667</dst>
            <dst id="WASHng">34292.7573333333</dst>
        </src>
        <src id="KSCYng">
            <dst id="ATLA-M5">737.976</dst>
            <dst id="ATLAng">4201.83733333333</dst>
            <dst id="CHINng">46732.672</dst>
            <dst id="DNVRng">6815.024</dst>
            <dst id="HSTNng">3483.08266666667</dst>
            <dst id="IPLSng">9506.02933333333</dst>
            <dst id="KSCYng">7820.296</dst>
            <dst id="LOSAng">3590.62933333333</dst>
            <dst id="NYCMng">7446.952</dst>
            <dst id="SNVAng">2360.90933333333</dst>
            <dst id="STTLng">7808.33333333333</dst>
            <dst id="WASHng">9819.47466666667</dst>
        </src>
        <src id="LOSAng">
            <dst id="ATLA-M5">2361.32266666667</dst>
            <dst id="ATLAng">19055.0666666667</dst>
            <dst id="CHINng">154663.229333333</dst>
            <dst id="DNVRng">11351.3706666667</dst>
            <dst id="HSTNng">5720.296</dst>
            <dst id="IPLSng">38225.2426666667</dst>
            <dst id="KSCYng">11753.6506666667</dst>
            <dst id="LOSAng">26229.3893333333</dst>
            <dst id="NYCMng">65857.2373333333</dst>
            <dst id="SNVAng">21894.776</dst>
            <dst id="STTLng">38864.3093333333</dst>
            <dst id="WASHng">64586.9546666667</dst>
        </src>
        <src id="NYCMng">
            <dst id="ATLA-M5">353.104</dst>
            <dst id="ATLAng">29249.8746666667</dst>
            <dst id="CHINng">62042.728</dst>
            <dst id="DNVRng">32220.1066666667</dst>
            <dst id="HSTNng">29347.4213333333</dst>
            <dst id="IPLSng">48470.7973333333</dst>
            <dst id="KSCYng">16611.8106666667</dst>
            <dst id="LOSAng">71613.1786666667</dst>
            <dst id="NYCMng">142088.338666667</dst>
            <dst id="SNVAng">8458.072</dst>
            <dst id="STTLng">22945.9706666667</dst>
            <dst id="WASHng">80727.2453333333</dst>
        </src>
        <src id="SNVAng">
            <dst id="ATLA-M5">766.568</dst>
            <dst id="ATLAng">386.882666666667</dst>
            <dst id="CHINng">5077.89066666667</dst>
            <dst id="DNVRng">9269.71733333333</dst>
            <dst id="HSTNng">725.749333333333</dst>
            <dst id="IPLSng">1212.97866666667</dst>
            <dst id="KSCYng">564.661333333333</dst>
            <dst id="LOSAng">33798.7573333333</dst>
            <dst id="NYCMng">10261.8613333333</dst>
            <dst id="SNVAng">11028.808</dst>
            <dst id="STTLng">60782.7573333333</dst>
            <dst id="WASHng">1314.19733333333</dst>
        </src>
        <src id="STTLng">
            <dst id="ATLA-M5">203.282666666667</dst>
            <dst id="ATLAng">8022.27733333333</dst>
            <dst id="CHINng">77889.1386666667</dst>
            <dst id="DNVRng">6199.09333333333</dst>
            <dst id="HSTNng">2327.26933333333</dst>
            <dst id="IPLSng">7404.92533333333</dst>
            <dst id="KSCYng">3486.688</dst>
            <dst id="LOSAng">20584.5066666667</dst>
            <dst id="NYCMng">18326.9493333333</dst>
            <dst id="SNVAng">3401.04533333333</dst>
            <dst id="STTLng">11519.9466666667</dst>
            <dst id="WASHng">5942.19466666667</dst>
        </src>
        <src id="WASHng">
            <dst id="ATLA-M5">73.4133333333333</dst>
            <dst id="ATLAng">129022.384</dst>
            <dst id="CHINng">75790.24</dst>
            <dst id="DNVRng">46729.4106666667</dst>
            <dst id="HSTNng">22792.1973333333</dst>
            <dst id="IPLSng">54641.7413333333</dst>
            <dst id="KSCYng">9730.072</dst>
            <dst id="LOSAng">62914.304</dst>
            <dst id="NYCMng">174295.824</dst>
            <dst id="SNVAng">13096.5626666667</dst>
            <dst id="STTLng">32934.0266666667</dst>
            <dst id="WASHng">354955.466666667</dst>
        </src>
    </IntraTM>
</TrafficMatrixFile>
