<?xml version="1.0" encoding="ISO-8859-1" standalone="yes"?>
<TrafficMatrixFile xsi:noNamespaceSchemaLocation="http://totem.run.montefiore.ulg.ac.be/Schema/TrafficMatrix-v1_2.xsd" xmlns:xsi="http://www.w3.org/2001/XMLSchema-instance">
    <IntraTM ASID="11537">
        <src id="ATLA-M5">
            <dst id="ATLA-M5">273.394666666667</dst>
            <dst id="ATLAng">1355.55466666667</dst>
            <dst id="CHINng">1396.40266666667</dst>
            <dst id="DNVRng">197.538666666667</dst>
            <dst id="HSTNng">294.688</dst>
            <dst id="IPLSng">1877.66133333333</dst>
            <dst id="KSCYng">242.530666666667</dst>
            <dst id="LOSAng">550.354666666667</dst>
            <dst id="NYCMng">2260.58666666667</dst>
            <dst id="SNVAng">690.805333333334</dst>
            <dst id="STTLng">314.557333333333</dst>
            <dst id="WASHng">9642.30133333333</dst>
        </src>
        <src id="ATLAng">
            <dst id="ATLA-M5">1184.24</dst>
            <dst id="ATLAng">28243.488</dst>
            <dst id="CHINng">45799.144</dst>
            <dst id="DNVRng">10113.2506666667</dst>
            <dst id="HSTNng">4854.42133333333</dst>
            <dst id="IPLSng">35085.4</dst>
            <dst id="KSCYng">20660.592</dst>
            <dst id="LOSAng">16816.3333333333</dst>
            <dst id="NYCMng">20422.0453333333</dst>
            <dst id="SNVAng">4036.37066666667</dst>
            <dst id="STTLng">7666.56533333333</dst>
            <dst id="WASHng">111277.544</dst>
        </src>
        <src id="CHINng">
            <dst id="ATLA-M5">374.144</dst>
            <dst id="ATLAng">13556.4506666667</dst>
            <dst id="CHINng">75245.4986666667</dst>
            <dst id="DNVRng">20691.3626666667</dst>
            <dst id="HSTNng">27016.912</dst>
            <dst id="IPLSng">55840.0533333333</dst>
            <dst id="KSCYng">11798.1386666667</dst>
            <dst id="LOSAng">143728.429333333</dst>
            <dst id="NYCMng">14284.2506666667</dst>
            <dst id="SNVAng">2738.58933333333</dst>
            <dst id="STTLng">10674.3306666667</dst>
            <dst id="WASHng">29981.6453333333</dst>
        </src>
        <src id="DNVRng">
            <dst id="ATLA-M5">386.088</dst>
            <dst id="ATLAng">14170.688</dst>
            <dst id="CHINng">84133.52</dst>
            <dst id="DNVRng">12241.7493333333</dst>
            <dst id="HSTNng">11186.112</dst>
            <dst id="IPLSng">40347.944</dst>
            <dst id="KSCYng">18704.8613333333</dst>
            <dst id="LOSAng">8712.504</dst>
            <dst id="NYCMng">19362.448</dst>
            <dst id="SNVAng">20073.5546666667</dst>
            <dst id="STTLng">23703.2213333333</dst>
            <dst id="WASHng">50732.12</dst>
        </src>
        <src id="HSTNng">
            <dst id="ATLA-M5">1247.50933333333</dst>
            <dst id="ATLAng">5077.71466666667</dst>
            <dst id="CHINng">53526.4613333333</dst>
            <dst id="DNVRng">9015.58666666667</dst>
            <dst id="HSTNng">14969.8133333333</dst>
            <dst id="IPLSng">13524.5786666667</dst>
            <dst id="KSCYng">4490.03733333333</dst>
            <dst id="LOSAng">13004.5466666667</dst>
            <dst id="NYCMng">12119.7066666667</dst>
            <dst id="SNVAng">2343.92</dst>
            <dst id="STTLng">2764.312</dst>
            <dst id="WASHng">17132.7866666667</dst>
        </src>
        <src id="IPLSng">
            <dst id="ATLA-M5">8027.88533333333</dst>
            <dst id="ATLAng">34972.0933333333</dst>
            <dst id="CHINng">172999.146666667</dst>
            <dst id="DNVRng">30072.2933333333</dst>
            <dst id="HSTNng">21978.5493333333</dst>
            <dst id="IPLSng">52530.6826666667</dst>
            <dst id="KSCYng">27499.4746666667</dst>
            <dst id="LOSAng">89526.168</dst>
            <dst id="NYCMng">52882.48</dst>
            <dst id="SNVAng">6952.45333333333</dst>
            <dst id="STTLng">16373.4506666667</dst>
            <dst id="WASHng">70436.8773333333</dst>
        </src>
        <src id="KSCYng">
            <dst id="ATLA-M5">258.717333333333</dst>
            <dst id="ATLAng">25419.4533333333</dst>
            <dst id="CHINng">39808.6026666667</dst>
            <dst id="DNVRng">20109.168</dst>
            <dst id="HSTNng">4989.40533333333</dst>
            <dst id="IPLSng">21927.408</dst>
            <dst id="KSCYng">6621.89866666667</dst>
            <dst id="LOSAng">6499.968</dst>
            <dst id="NYCMng">11773.7386666667</dst>
            <dst id="SNVAng">1809.01866666667</dst>
            <dst id="STTLng">5282.13066666667</dst>
            <dst id="WASHng">14308.7946666667</dst>
        </src>
        <src id="LOSAng">
            <dst id="ATLA-M5">1670.928</dst>
            <dst id="ATLAng">39057.2106666667</dst>
            <dst id="CHINng">140349.514666667</dst>
            <dst id="DNVRng">14381.5706666667</dst>
            <dst id="HSTNng">14439.2906666667</dst>
            <dst id="IPLSng">51825.064</dst>
            <dst id="KSCYng">17303.264</dst>
            <dst id="LOSAng">10713.8773333333</dst>
            <dst id="NYCMng">54405.1546666667</dst>
            <dst id="SNVAng">31594.872</dst>
            <dst id="STTLng">23302.4133333333</dst>
            <dst id="WASHng">66322.5493333333</dst>
        </src>
        <src id="NYCMng">
            <dst id="ATLA-M5">7339.31733333334</dst>
            <dst id="ATLAng">63205.048</dst>
            <dst id="CHINng">102758.362666667</dst>
            <dst id="DNVRng">53636.3546666667</dst>
            <dst id="HSTNng">43634.6053333333</dst>
            <dst id="IPLSng">105070.146666667</dst>
            <dst id="KSCYng">30214.9546666667</dst>
            <dst id="LOSAng">60749.392</dst>
            <dst id="NYCMng">194155.818666667</dst>
            <dst id="SNVAng">8239.18133333333</dst>
            <dst id="STTLng">34115.0213333333</dst>
            <dst id="WASHng">122659.530666667</dst>
        </src>
        <src id="SNVAng">
            <dst id="ATLA-M5">155.298666666667</dst>
            <dst id="ATLAng">1584.06666666667</dst>
            <dst id="CHINng">9628.048</dst>
            <dst id="DNVRng">12463.0266666667</dst>
            <dst id="HSTNng">3896.64266666667</dst>
            <dst id="IPLSng">5096.87733333333</dst>
            <dst id="KSCYng">2103.09866666667</dst>
            <dst id="LOSAng">40244.1893333333</dst>
            <dst id="NYCMng">1791.82666666667</dst>
            <dst id="SNVAng">20297.4773333333</dst>
            <dst id="STTLng">54319.4533333334</dst>
            <dst id="WASHng">3341.37866666667</dst>
        </src>
        <src id="STTLng">
            <dst id="ATLA-M5">912.002666666667</dst>
            <dst id="ATLAng">19390.256</dst>
            <dst id="CHINng">97447.648</dst>
            <dst id="DNVRng">7510.58133333333</dst>
            <dst id="HSTNng">3856.04266666667</dst>
            <dst id="IPLSng">17574.504</dst>
            <dst id="KSCYng">7593.336</dst>
            <dst id="LOSAng">24784.664</dst>
            <dst id="NYCMng">35064.728</dst>
            <dst id="SNVAng">11803.5306666667</dst>
            <dst id="STTLng">8775.03733333333</dst>
            <dst id="WASHng">20608.9786666667</dst>
        </src>
        <src id="WASHng">
            <dst id="ATLA-M5">3390.752</dst>
            <dst id="ATLAng">94718.0666666667</dst>
            <dst id="CHINng">109017.384</dst>
            <dst id="DNVRng">77199.344</dst>
            <dst id="HSTNng">24934.4533333333</dst>
            <dst id="IPLSng">125495.029333333</dst>
            <dst id="KSCYng">31475.3893333333</dst>
            <dst id="LOSAng">73601.5226666667</dst>
            <dst id="NYCMng">206827.192</dst>
            <dst id="SNVAng">9297.232</dst>
            <dst id="STTLng">36385.2933333333</dst>
            <dst id="WASHng">373133.6</dst>
        </src>
    </IntraTM>
</TrafficMatrixFile>
