<?xml version="1.0" encoding="ISO-8859-1" standalone="yes"?>
<TrafficMatrixFile xsi:noNamespaceSchemaLocation="http://totem.run.montefiore.ulg.ac.be/Schema/TrafficMatrix-v1_2.xsd" xmlns:xsi="http://www.w3.org/2001/XMLSchema-instance">
    <IntraTM ASID="11537">
        <src id="ATLA-M5">
            <dst id="ATLA-M5">272.418666666667</dst>
            <dst id="ATLAng">665.746666666667</dst>
            <dst id="CHINng">2194.57866666667</dst>
            <dst id="DNVRng">423.144</dst>
            <dst id="HSTNng">295.624</dst>
            <dst id="IPLSng">1783.21333333333</dst>
            <dst id="KSCYng">1383.44</dst>
            <dst id="LOSAng">727.901333333333</dst>
            <dst id="NYCMng">1133.44266666667</dst>
            <dst id="SNVAng">203.36</dst>
            <dst id="STTLng">532.16</dst>
            <dst id="WASHng">1916.04533333333</dst>
        </src>
        <src id="ATLAng">
            <dst id="ATLA-M5">2297.536</dst>
            <dst id="ATLAng">32204.344</dst>
            <dst id="CHINng">44673.0506666667</dst>
            <dst id="DNVRng">20073.8266666667</dst>
            <dst id="HSTNng">20416.744</dst>
            <dst id="IPLSng">32460.264</dst>
            <dst id="KSCYng">18448.592</dst>
            <dst id="LOSAng">19355.5533333333</dst>
            <dst id="NYCMng">23574.768</dst>
            <dst id="SNVAng">4321.79866666667</dst>
            <dst id="STTLng">11478.8906666667</dst>
            <dst id="WASHng">80456.4426666667</dst>
        </src>
        <src id="CHINng">
            <dst id="ATLA-M5">3218.64533333333</dst>
            <dst id="ATLAng">22114.0933333333</dst>
            <dst id="CHINng">60048.2346666666</dst>
            <dst id="DNVRng">17460.04</dst>
            <dst id="HSTNng">19349.2373333333</dst>
            <dst id="IPLSng">35014.008</dst>
            <dst id="KSCYng">8017.15466666667</dst>
            <dst id="LOSAng">27144.6933333333</dst>
            <dst id="NYCMng">17085.552</dst>
            <dst id="SNVAng">3228.20266666667</dst>
            <dst id="STTLng">13397.5653333333</dst>
            <dst id="WASHng">21873.2186666667</dst>
        </src>
        <src id="DNVRng">
            <dst id="ATLA-M5">1273.888</dst>
            <dst id="ATLAng">16152.7066666667</dst>
            <dst id="CHINng">69005.096</dst>
            <dst id="DNVRng">16848.7386666667</dst>
            <dst id="HSTNng">16893.544</dst>
            <dst id="IPLSng">31530.9866666667</dst>
            <dst id="KSCYng">28047.7226666667</dst>
            <dst id="LOSAng">19240.936</dst>
            <dst id="NYCMng">30672.7786666667</dst>
            <dst id="SNVAng">18482.9333333333</dst>
            <dst id="STTLng">21951.9066666667</dst>
            <dst id="WASHng">59706.4373333333</dst>
        </src>
        <src id="HSTNng">
            <dst id="ATLA-M5">2322.79466666667</dst>
            <dst id="ATLAng">7797.976</dst>
            <dst id="CHINng">24258.5333333333</dst>
            <dst id="DNVRng">7870.90133333333</dst>
            <dst id="HSTNng">10883.0693333333</dst>
            <dst id="IPLSng">17400.9893333333</dst>
            <dst id="KSCYng">7572</dst>
            <dst id="LOSAng">9644.65333333333</dst>
            <dst id="NYCMng">14252.0586666667</dst>
            <dst id="SNVAng">2093.224</dst>
            <dst id="STTLng">2370.344</dst>
            <dst id="WASHng">10512.2693333333</dst>
        </src>
        <src id="IPLSng">
            <dst id="ATLA-M5">1498.92266666667</dst>
            <dst id="ATLAng">29599.6613333333</dst>
            <dst id="CHINng">137462.477333333</dst>
            <dst id="DNVRng">37208.1546666667</dst>
            <dst id="HSTNng">20661.1546666667</dst>
            <dst id="IPLSng">53964.7546666667</dst>
            <dst id="KSCYng">19110.144</dst>
            <dst id="LOSAng">104475.165333333</dst>
            <dst id="NYCMng">44172.2666666667</dst>
            <dst id="SNVAng">9911.016</dst>
            <dst id="STTLng">11419.0906666667</dst>
            <dst id="WASHng">53547.1573333334</dst>
        </src>
        <src id="KSCYng">
            <dst id="ATLA-M5">809.781333333333</dst>
            <dst id="ATLAng">19533.7786666667</dst>
            <dst id="CHINng">39750.264</dst>
            <dst id="DNVRng">18216.7813333333</dst>
            <dst id="HSTNng">5080.66933333333</dst>
            <dst id="IPLSng">13953.0773333333</dst>
            <dst id="KSCYng">8395.02133333333</dst>
            <dst id="LOSAng">7960.00266666667</dst>
            <dst id="NYCMng">11765.112</dst>
            <dst id="SNVAng">2991.272</dst>
            <dst id="STTLng">4173.77866666667</dst>
            <dst id="WASHng">25425.344</dst>
        </src>
        <src id="LOSAng">
            <dst id="ATLA-M5">1253.928</dst>
            <dst id="ATLAng">42897.816</dst>
            <dst id="CHINng">141179.133333333</dst>
            <dst id="DNVRng">17887.408</dst>
            <dst id="HSTNng">15202.64</dst>
            <dst id="IPLSng">54841.888</dst>
            <dst id="KSCYng">15637.6186666667</dst>
            <dst id="LOSAng">8640.056</dst>
            <dst id="NYCMng">74702.16</dst>
            <dst id="SNVAng">20239.9146666667</dst>
            <dst id="STTLng">28463.3973333333</dst>
            <dst id="WASHng">80457.2213333333</dst>
        </src>
        <src id="NYCMng">
            <dst id="ATLA-M5">11295.928</dst>
            <dst id="ATLAng">67127.0933333333</dst>
            <dst id="CHINng">89533.7493333333</dst>
            <dst id="DNVRng">52683.0853333333</dst>
            <dst id="HSTNng">47125.264</dst>
            <dst id="IPLSng">115419.061333333</dst>
            <dst id="KSCYng">32750.5866666667</dst>
            <dst id="LOSAng">70640.224</dst>
            <dst id="NYCMng">170345.898666667</dst>
            <dst id="SNVAng">12098.136</dst>
            <dst id="STTLng">39283.5253333333</dst>
            <dst id="WASHng">124817.138666667</dst>
        </src>
        <src id="SNVAng">
            <dst id="ATLA-M5">943.4</dst>
            <dst id="ATLAng">844.917333333333</dst>
            <dst id="CHINng">6144.848</dst>
            <dst id="DNVRng">11330.096</dst>
            <dst id="HSTNng">916.818666666667</dst>
            <dst id="IPLSng">6121.69333333333</dst>
            <dst id="KSCYng">3047.46133333333</dst>
            <dst id="LOSAng">39178.6373333333</dst>
            <dst id="NYCMng">11678.4933333333</dst>
            <dst id="SNVAng">26050.592</dst>
            <dst id="STTLng">61646.5866666667</dst>
            <dst id="WASHng">4421.45866666667</dst>
        </src>
        <src id="STTLng">
            <dst id="ATLA-M5">692.117333333333</dst>
            <dst id="ATLAng">18264.4826666667</dst>
            <dst id="CHINng">74034.9653333333</dst>
            <dst id="DNVRng">10461.3146666667</dst>
            <dst id="HSTNng">9582.02933333333</dst>
            <dst id="IPLSng">26198.664</dst>
            <dst id="KSCYng">6995.47466666667</dst>
            <dst id="LOSAng">34044.328</dst>
            <dst id="NYCMng">34776.4</dst>
            <dst id="SNVAng">13090.336</dst>
            <dst id="STTLng">12237.784</dst>
            <dst id="WASHng">18943.384</dst>
        </src>
        <src id="WASHng">
            <dst id="ATLA-M5">2528.888</dst>
            <dst id="ATLAng">134994.954666667</dst>
            <dst id="CHINng">105404.085333333</dst>
            <dst id="DNVRng">85579.544</dst>
            <dst id="HSTNng">24418.712</dst>
            <dst id="IPLSng">105597.061333333</dst>
            <dst id="KSCYng">37510.8053333333</dst>
            <dst id="LOSAng">98932.512</dst>
            <dst id="NYCMng">190588.544</dst>
            <dst id="SNVAng">16519.224</dst>
            <dst id="STTLng">36115.8826666667</dst>
            <dst id="WASHng">336620.906666667</dst>
        </src>
    </IntraTM>
</TrafficMatrixFile>
