<?xml version="1.0" encoding="ISO-8859-1" standalone="yes"?>
<TrafficMatrixFile xsi:noNamespaceSchemaLocation="http://totem.run.montefiore.ulg.ac.be/Schema/TrafficMatrix-v1_2.xsd" xmlns:xsi="http://www.w3.org/2001/XMLSchema-instance">
    <IntraTM ASID="11537">
        <src id="ATLA-M5">
            <dst id="ATLA-M5">0</dst>
            <dst id="ATLAng">140.437333333333</dst>
            <dst id="CHINng">434.981333333333</dst>
            <dst id="DNVRng">152.256</dst>
            <dst id="HSTNng">88.9146666666666</dst>
            <dst id="IPLSng">795.2</dst>
            <dst id="KSCYng">115.082666666667</dst>
            <dst id="LOSAng">290.218666666667</dst>
            <dst id="NYCMng">220.666666666667</dst>
            <dst id="SNVAng">219.701333333333</dst>
            <dst id="STTLng">26.6666666666667</dst>
            <dst id="WASHng">12491.5066666667</dst>
        </src>
        <src id="ATLAng">
            <dst id="ATLA-M5">971.216</dst>
            <dst id="ATLAng">44305.8693333333</dst>
            <dst id="CHINng">12838.9493333333</dst>
            <dst id="DNVRng">1515.05866666667</dst>
            <dst id="HSTNng">1147.064</dst>
            <dst id="IPLSng">13147.376</dst>
            <dst id="KSCYng">2957.872</dst>
            <dst id="LOSAng">18114.3466666667</dst>
            <dst id="NYCMng">15344.6906666667</dst>
            <dst id="SNVAng">5794.09866666667</dst>
            <dst id="STTLng">7662.072</dst>
            <dst id="WASHng">130727.877333333</dst>
        </src>
        <src id="CHINng">
            <dst id="ATLA-M5">325.8</dst>
            <dst id="ATLAng">11776.3093333333</dst>
            <dst id="CHINng">46692.8053333333</dst>
            <dst id="DNVRng">12094.0986666667</dst>
            <dst id="HSTNng">17200.5573333333</dst>
            <dst id="IPLSng">13386.3493333333</dst>
            <dst id="KSCYng">4783.328</dst>
            <dst id="LOSAng">18548.3733333333</dst>
            <dst id="NYCMng">4020.86666666667</dst>
            <dst id="SNVAng">1503.848</dst>
            <dst id="STTLng">7641.00266666667</dst>
            <dst id="WASHng">9779.56533333333</dst>
        </src>
        <src id="DNVRng">
            <dst id="ATLA-M5">72.016</dst>
            <dst id="ATLAng">5058.76533333333</dst>
            <dst id="CHINng">48211.5333333333</dst>
            <dst id="DNVRng">2018.50933333333</dst>
            <dst id="HSTNng">4260.04</dst>
            <dst id="IPLSng">5375.016</dst>
            <dst id="KSCYng">3262.49866666667</dst>
            <dst id="LOSAng">5945.45333333333</dst>
            <dst id="NYCMng">12877.2666666667</dst>
            <dst id="SNVAng">6234.89866666667</dst>
            <dst id="STTLng">12199.9466666667</dst>
            <dst id="WASHng">6800.05866666667</dst>
        </src>
        <src id="HSTNng">
            <dst id="ATLA-M5">1955.50933333333</dst>
            <dst id="ATLAng">1860.75733333333</dst>
            <dst id="CHINng">25016.192</dst>
            <dst id="DNVRng">1599.86933333333</dst>
            <dst id="HSTNng">5866.53066666667</dst>
            <dst id="IPLSng">10880.4933333333</dst>
            <dst id="KSCYng">1317.072</dst>
            <dst id="LOSAng">186944.072</dst>
            <dst id="NYCMng">4668.944</dst>
            <dst id="SNVAng">646.021333333333</dst>
            <dst id="STTLng">1980.10133333333</dst>
            <dst id="WASHng">3954.25866666667</dst>
        </src>
        <src id="IPLSng">
            <dst id="ATLA-M5">464.269333333333</dst>
            <dst id="ATLAng">8365.752</dst>
            <dst id="CHINng">111846.68</dst>
            <dst id="DNVRng">5543.40266666667</dst>
            <dst id="HSTNng">4650.03733333333</dst>
            <dst id="IPLSng">19504.5573333333</dst>
            <dst id="KSCYng">8492.784</dst>
            <dst id="LOSAng">13110.056</dst>
            <dst id="NYCMng">21468.5866666667</dst>
            <dst id="SNVAng">6785.152</dst>
            <dst id="STTLng">6933.04533333333</dst>
            <dst id="WASHng">19223.9253333333</dst>
        </src>
        <src id="KSCYng">
            <dst id="ATLA-M5">2259.36533333333</dst>
            <dst id="ATLAng">5073.17866666667</dst>
            <dst id="CHINng">40219.576</dst>
            <dst id="DNVRng">2816.43466666667</dst>
            <dst id="HSTNng">3220.94133333333</dst>
            <dst id="IPLSng">8916.23733333333</dst>
            <dst id="KSCYng">2396.888</dst>
            <dst id="LOSAng">4200.62133333333</dst>
            <dst id="NYCMng">7858.14133333333</dst>
            <dst id="SNVAng">525.853333333333</dst>
            <dst id="STTLng">4497.39466666667</dst>
            <dst id="WASHng">13827.0586666667</dst>
        </src>
        <src id="LOSAng">
            <dst id="ATLA-M5">454.197333333333</dst>
            <dst id="ATLAng">34141.2213333333</dst>
            <dst id="CHINng">128499.112</dst>
            <dst id="DNVRng">3096.496</dst>
            <dst id="HSTNng">9854.13066666667</dst>
            <dst id="IPLSng">30496.312</dst>
            <dst id="KSCYng">6585.61866666667</dst>
            <dst id="LOSAng">10686.8266666667</dst>
            <dst id="NYCMng">45967.9733333333</dst>
            <dst id="SNVAng">3329.32266666667</dst>
            <dst id="STTLng">23980.696</dst>
            <dst id="WASHng">53882.2346666667</dst>
        </src>
        <src id="NYCMng">
            <dst id="ATLA-M5">826.12</dst>
            <dst id="ATLAng">35386.36</dst>
            <dst id="CHINng">55543.696</dst>
            <dst id="DNVRng">15994.3813333333</dst>
            <dst id="HSTNng">35480.2</dst>
            <dst id="IPLSng">51083.376</dst>
            <dst id="KSCYng">15356.6613333333</dst>
            <dst id="LOSAng">47220.3466666667</dst>
            <dst id="NYCMng">154701.16</dst>
            <dst id="SNVAng">3907.69866666667</dst>
            <dst id="STTLng">21324.3093333333</dst>
            <dst id="WASHng">51635.8373333333</dst>
        </src>
        <src id="SNVAng">
            <dst id="ATLA-M5">26.6666666666667</dst>
            <dst id="ATLAng">745.698666666667</dst>
            <dst id="CHINng">7068.67733333333</dst>
            <dst id="DNVRng">2462.62666666667</dst>
            <dst id="HSTNng">519.586666666667</dst>
            <dst id="IPLSng">3012.94666666667</dst>
            <dst id="KSCYng">335.954666666667</dst>
            <dst id="LOSAng">6124.28266666667</dst>
            <dst id="NYCMng">2561.77866666667</dst>
            <dst id="SNVAng">94.3626666666667</dst>
            <dst id="STTLng">1881.576</dst>
            <dst id="WASHng">1159.30133333333</dst>
        </src>
        <src id="STTLng">
            <dst id="ATLA-M5">68.68</dst>
            <dst id="ATLAng">15686.032</dst>
            <dst id="CHINng">81679.152</dst>
            <dst id="DNVRng">3514.09333333333</dst>
            <dst id="HSTNng">2130.808</dst>
            <dst id="IPLSng">9774.02666666667</dst>
            <dst id="KSCYng">2808.92266666667</dst>
            <dst id="LOSAng">18273.88</dst>
            <dst id="NYCMng">20042.5573333333</dst>
            <dst id="SNVAng">2424.10933333333</dst>
            <dst id="STTLng">2300.568</dst>
            <dst id="WASHng">7339.43733333334</dst>
        </src>
        <src id="WASHng">
            <dst id="ATLA-M5">80.512</dst>
            <dst id="ATLAng">82430.2986666667</dst>
            <dst id="CHINng">78137.184</dst>
            <dst id="DNVRng">31958.536</dst>
            <dst id="HSTNng">24246.8666666667</dst>
            <dst id="IPLSng">49163.688</dst>
            <dst id="KSCYng">9273.42933333333</dst>
            <dst id="LOSAng">62915.5333333333</dst>
            <dst id="NYCMng">118048.757333333</dst>
            <dst id="SNVAng">2775.13866666667</dst>
            <dst id="STTLng">26263.6666666667</dst>
            <dst id="WASHng">297908.293333333</dst>
        </src>
    </IntraTM>
</TrafficMatrixFile>
