<?xml version="1.0" encoding="ISO-8859-1" standalone="yes"?>
<TrafficMatrixFile xsi:noNamespaceSchemaLocation="http://totem.run.montefiore.ulg.ac.be/Schema/TrafficMatrix-v1_2.xsd" xmlns:xsi="http://www.w3.org/2001/XMLSchema-instance">
    <IntraTM ASID="11537">
        <src id="ATLA-M5">
            <dst id="ATLA-M5">651.410666666667</dst>
            <dst id="ATLAng">501.845333333333</dst>
            <dst id="CHINng">2331.30666666667</dst>
            <dst id="DNVRng">579.261333333333</dst>
            <dst id="HSTNng">389.698666666667</dst>
            <dst id="IPLSng">2249.91733333333</dst>
            <dst id="KSCYng">1193.39733333333</dst>
            <dst id="LOSAng">1394.64</dst>
            <dst id="NYCMng">778.325333333334</dst>
            <dst id="SNVAng">203.018666666667</dst>
            <dst id="STTLng">468.069333333333</dst>
            <dst id="WASHng">1876.22666666667</dst>
        </src>
        <src id="ATLAng">
            <dst id="ATLA-M5">2724.712</dst>
            <dst id="ATLAng">43155.9253333333</dst>
            <dst id="CHINng">42172.2346666667</dst>
            <dst id="DNVRng">19192.5733333333</dst>
            <dst id="HSTNng">17459.2186666667</dst>
            <dst id="IPLSng">26101.376</dst>
            <dst id="KSCYng">19781.04</dst>
            <dst id="LOSAng">18021.26</dst>
            <dst id="NYCMng">26570.8186666667</dst>
            <dst id="SNVAng">3834.53466666667</dst>
            <dst id="STTLng">13380.0133333333</dst>
            <dst id="WASHng">81774.5626666667</dst>
        </src>
        <src id="CHINng">
            <dst id="ATLA-M5">3635</dst>
            <dst id="ATLAng">20597.4453333333</dst>
            <dst id="CHINng">62568.5493333333</dst>
            <dst id="DNVRng">18862.2693333333</dst>
            <dst id="HSTNng">19471.4106666667</dst>
            <dst id="IPLSng">38760.504</dst>
            <dst id="KSCYng">9219.89066666667</dst>
            <dst id="LOSAng">24285.0426666667</dst>
            <dst id="NYCMng">15640.312</dst>
            <dst id="SNVAng">3784.032</dst>
            <dst id="STTLng">14765.4053333333</dst>
            <dst id="WASHng">20138.3653333333</dst>
        </src>
        <src id="DNVRng">
            <dst id="ATLA-M5">525.24</dst>
            <dst id="ATLAng">17000.04</dst>
            <dst id="CHINng">64505.9626666667</dst>
            <dst id="DNVRng">12691.528</dst>
            <dst id="HSTNng">17961.6906666667</dst>
            <dst id="IPLSng">31158.664</dst>
            <dst id="KSCYng">26306.8106666667</dst>
            <dst id="LOSAng">19302.4506666667</dst>
            <dst id="NYCMng">32574.8453333333</dst>
            <dst id="SNVAng">17270.104</dst>
            <dst id="STTLng">19548.552</dst>
            <dst id="WASHng">68667.7013333333</dst>
        </src>
        <src id="HSTNng">
            <dst id="ATLA-M5">1861.89866666667</dst>
            <dst id="ATLAng">7126.984</dst>
            <dst id="CHINng">26046.688</dst>
            <dst id="DNVRng">7150.21333333333</dst>
            <dst id="HSTNng">10583.5973333333</dst>
            <dst id="IPLSng">16756.7546666667</dst>
            <dst id="KSCYng">8915.58133333333</dst>
            <dst id="LOSAng">10049.3573333333</dst>
            <dst id="NYCMng">14772.8746666667</dst>
            <dst id="SNVAng">1846.52</dst>
            <dst id="STTLng">2426.184</dst>
            <dst id="WASHng">11827.8586666667</dst>
        </src>
        <src id="IPLSng">
            <dst id="ATLA-M5">1737.656</dst>
            <dst id="ATLAng">28031.5413333333</dst>
            <dst id="CHINng">137914.101333333</dst>
            <dst id="DNVRng">42361.9466666667</dst>
            <dst id="HSTNng">13692.3413333333</dst>
            <dst id="IPLSng">51176.92</dst>
            <dst id="KSCYng">24386.5653333333</dst>
            <dst id="LOSAng">45110.4293333333</dst>
            <dst id="NYCMng">43856.5226666667</dst>
            <dst id="SNVAng">11113.9493333333</dst>
            <dst id="STTLng">16258.3493333333</dst>
            <dst id="WASHng">56566.5653333333</dst>
        </src>
        <src id="KSCYng">
            <dst id="ATLA-M5">944.824</dst>
            <dst id="ATLAng">18638.6426666667</dst>
            <dst id="CHINng">33942.7626666667</dst>
            <dst id="DNVRng">19661.0186666667</dst>
            <dst id="HSTNng">6793.34933333333</dst>
            <dst id="IPLSng">15534.688</dst>
            <dst id="KSCYng">7905.2</dst>
            <dst id="LOSAng">9047.15466666667</dst>
            <dst id="NYCMng">12674.424</dst>
            <dst id="SNVAng">2100.61066666667</dst>
            <dst id="STTLng">4471.512</dst>
            <dst id="WASHng">22900.9173333333</dst>
        </src>
        <src id="LOSAng">
            <dst id="ATLA-M5">1689.56</dst>
            <dst id="ATLAng">45312.5893333333</dst>
            <dst id="CHINng">139201.445333333</dst>
            <dst id="DNVRng">15093.1573333333</dst>
            <dst id="HSTNng">12441.4</dst>
            <dst id="IPLSng">51999.5626666667</dst>
            <dst id="KSCYng">15077.12</dst>
            <dst id="LOSAng">9081.63733333333</dst>
            <dst id="NYCMng">67532.7413333334</dst>
            <dst id="SNVAng">16795.744</dst>
            <dst id="STTLng">27208.5546666667</dst>
            <dst id="WASHng">79362.6293333333</dst>
        </src>
        <src id="NYCMng">
            <dst id="ATLA-M5">9824.25066666667</dst>
            <dst id="ATLAng">66213.8213333333</dst>
            <dst id="CHINng">81566.4293333333</dst>
            <dst id="DNVRng">52798.672</dst>
            <dst id="HSTNng">43272.7093333333</dst>
            <dst id="IPLSng">112583.906666667</dst>
            <dst id="KSCYng">33824.904</dst>
            <dst id="LOSAng">68655.3066666667</dst>
            <dst id="NYCMng">178627.061333333</dst>
            <dst id="SNVAng">13423.7333333333</dst>
            <dst id="STTLng">38091.3386666667</dst>
            <dst id="WASHng">126181.634666667</dst>
        </src>
        <src id="SNVAng">
            <dst id="ATLA-M5">814.450666666667</dst>
            <dst id="ATLAng">1122.384</dst>
            <dst id="CHINng">6831.42666666667</dst>
            <dst id="DNVRng">8255.57866666667</dst>
            <dst id="HSTNng">1062.44266666667</dst>
            <dst id="IPLSng">5511.93333333333</dst>
            <dst id="KSCYng">2936.59733333333</dst>
            <dst id="LOSAng">43556.6346666667</dst>
            <dst id="NYCMng">3574.02133333333</dst>
            <dst id="SNVAng">24751.8106666667</dst>
            <dst id="STTLng">64408.4773333333</dst>
            <dst id="WASHng">2697.832</dst>
        </src>
        <src id="STTLng">
            <dst id="ATLA-M5">613.106666666667</dst>
            <dst id="ATLAng">16736.9093333333</dst>
            <dst id="CHINng">67196.976</dst>
            <dst id="DNVRng">10558.8373333333</dst>
            <dst id="HSTNng">8503.18133333333</dst>
            <dst id="IPLSng">25046.2</dst>
            <dst id="KSCYng">6942.648</dst>
            <dst id="LOSAng">35181.768</dst>
            <dst id="NYCMng">39116.3466666667</dst>
            <dst id="SNVAng">12237.9146666667</dst>
            <dst id="STTLng">8847.71733333333</dst>
            <dst id="WASHng">18715.5013333333</dst>
        </src>
        <src id="WASHng">
            <dst id="ATLA-M5">2933.49333333333</dst>
            <dst id="ATLAng">120157.864</dst>
            <dst id="CHINng">119450.309333333</dst>
            <dst id="DNVRng">81121.776</dst>
            <dst id="HSTNng">23744.7866666667</dst>
            <dst id="IPLSng">100903.101333333</dst>
            <dst id="KSCYng">32451.496</dst>
            <dst id="LOSAng">90074.752</dst>
            <dst id="NYCMng">194144.757333333</dst>
            <dst id="SNVAng">17141.64</dst>
            <dst id="STTLng">33050.9386666667</dst>
            <dst id="WASHng">334112.72</dst>
        </src>
    </IntraTM>
</TrafficMatrixFile>
