<?xml version="1.0" encoding="ISO-8859-1" standalone="yes"?>
<TrafficMatrixFile xsi:noNamespaceSchemaLocation="http://totem.run.montefiore.ulg.ac.be/Schema/TrafficMatrix-v1_2.xsd" xmlns:xsi="http://www.w3.org/2001/XMLSchema-instance">
    <IntraTM ASID="11537">
        <src id="ATLA-M5">
            <dst id="ATLA-M5">0</dst>
            <dst id="ATLAng">594.413333333333</dst>
            <dst id="CHINng">722.090666666667</dst>
            <dst id="DNVRng">26.6666666666667</dst>
            <dst id="HSTNng">136.098666666667</dst>
            <dst id="IPLSng">227.253333333333</dst>
            <dst id="KSCYng">406.488</dst>
            <dst id="LOSAng">705.2</dst>
            <dst id="NYCMng">396.504</dst>
            <dst id="SNVAng">136.192</dst>
            <dst id="STTLng">251.285333333333</dst>
            <dst id="WASHng">6750.38933333334</dst>
        </src>
        <src id="ATLAng">
            <dst id="ATLA-M5">165.461333333333</dst>
            <dst id="ATLAng">25816.4</dst>
            <dst id="CHINng">18281.4746666667</dst>
            <dst id="DNVRng">4919.74133333333</dst>
            <dst id="HSTNng">4832.42933333333</dst>
            <dst id="IPLSng">18153.9813333333</dst>
            <dst id="KSCYng">4317.76533333333</dst>
            <dst id="LOSAng">11755.8546666667</dst>
            <dst id="NYCMng">14218.0666666667</dst>
            <dst id="SNVAng">1233.04933333333</dst>
            <dst id="STTLng">4009.60533333333</dst>
            <dst id="WASHng">80486.3253333333</dst>
        </src>
        <src id="CHINng">
            <dst id="ATLA-M5">135.658666666667</dst>
            <dst id="ATLAng">10875.936</dst>
            <dst id="CHINng">44901.2693333333</dst>
            <dst id="DNVRng">6887.296</dst>
            <dst id="HSTNng">12810.376</dst>
            <dst id="IPLSng">12772.112</dst>
            <dst id="KSCYng">4151.49066666667</dst>
            <dst id="LOSAng">23072.64</dst>
            <dst id="NYCMng">5005.56</dst>
            <dst id="SNVAng">2012.944</dst>
            <dst id="STTLng">5771.02133333333</dst>
            <dst id="WASHng">8472.264</dst>
        </src>
        <src id="DNVRng">
            <dst id="ATLA-M5">196.554666666667</dst>
            <dst id="ATLAng">11038.824</dst>
            <dst id="CHINng">67375.456</dst>
            <dst id="DNVRng">20685.4213333333</dst>
            <dst id="HSTNng">13634.9786666667</dst>
            <dst id="IPLSng">29315.6426666667</dst>
            <dst id="KSCYng">20238.496</dst>
            <dst id="LOSAng">7406.62133333333</dst>
            <dst id="NYCMng">34729.248</dst>
            <dst id="SNVAng">11198.0533333333</dst>
            <dst id="STTLng">15218.5146666667</dst>
            <dst id="WASHng">60698.7466666667</dst>
        </src>
        <src id="HSTNng">
            <dst id="ATLA-M5">1513.42933333333</dst>
            <dst id="ATLAng">3540.592</dst>
            <dst id="CHINng">33753.5173333333</dst>
            <dst id="DNVRng">4337.49066666667</dst>
            <dst id="HSTNng">4691.896</dst>
            <dst id="IPLSng">6115.72533333333</dst>
            <dst id="KSCYng">2905.136</dst>
            <dst id="LOSAng">188428.109333333</dst>
            <dst id="NYCMng">8709.94666666667</dst>
            <dst id="SNVAng">916.509333333334</dst>
            <dst id="STTLng">902.613333333333</dst>
            <dst id="WASHng">5293.4</dst>
        </src>
        <src id="IPLSng">
            <dst id="ATLA-M5">108.685333333333</dst>
            <dst id="ATLAng">17042.5706666667</dst>
            <dst id="CHINng">126463.104</dst>
            <dst id="DNVRng">19075.992</dst>
            <dst id="HSTNng">7164.08266666667</dst>
            <dst id="IPLSng">50313.904</dst>
            <dst id="KSCYng">11831.6506666667</dst>
            <dst id="LOSAng">62857.6053333333</dst>
            <dst id="NYCMng">33684.04</dst>
            <dst id="SNVAng">5377.384</dst>
            <dst id="STTLng">10994.992</dst>
            <dst id="WASHng">54730.9386666667</dst>
        </src>
        <src id="KSCYng">
            <dst id="ATLA-M5">69.9413333333333</dst>
            <dst id="ATLAng">5240.14666666667</dst>
            <dst id="CHINng">52011.2853333333</dst>
            <dst id="DNVRng">10672.3866666667</dst>
            <dst id="HSTNng">3345.752</dst>
            <dst id="IPLSng">17062.616</dst>
            <dst id="KSCYng">7785.81066666667</dst>
            <dst id="LOSAng">4476.29066666667</dst>
            <dst id="NYCMng">6906.77066666667</dst>
            <dst id="SNVAng">1516.69066666667</dst>
            <dst id="STTLng">5327.34666666667</dst>
            <dst id="WASHng">12107.0986666667</dst>
        </src>
        <src id="LOSAng">
            <dst id="ATLA-M5">133.216</dst>
            <dst id="ATLAng">20747.9226666667</dst>
            <dst id="CHINng">142107.682666667</dst>
            <dst id="DNVRng">16209.536</dst>
            <dst id="HSTNng">9175.808</dst>
            <dst id="IPLSng">37050.1573333333</dst>
            <dst id="KSCYng">3400.58933333333</dst>
            <dst id="LOSAng">11915.7386666667</dst>
            <dst id="NYCMng">56230.4533333333</dst>
            <dst id="SNVAng">8109.752</dst>
            <dst id="STTLng">18586.0373333333</dst>
            <dst id="WASHng">60706.3413333333</dst>
        </src>
        <src id="NYCMng">
            <dst id="ATLA-M5">470.232</dst>
            <dst id="ATLAng">41308.864</dst>
            <dst id="CHINng">66746.6373333333</dst>
            <dst id="DNVRng">27058.5546666667</dst>
            <dst id="HSTNng">20517.568</dst>
            <dst id="IPLSng">72644.7333333333</dst>
            <dst id="KSCYng">15302.8826666667</dst>
            <dst id="LOSAng">55532.5706666667</dst>
            <dst id="NYCMng">184059.954666667</dst>
            <dst id="SNVAng">10593.3333333333</dst>
            <dst id="STTLng">22742.8533333333</dst>
            <dst id="WASHng">90522.4826666666</dst>
        </src>
        <src id="SNVAng">
            <dst id="ATLA-M5">0</dst>
            <dst id="ATLAng">651.349333333333</dst>
            <dst id="CHINng">6099.51733333333</dst>
            <dst id="DNVRng">4234.424</dst>
            <dst id="HSTNng">161.450666666667</dst>
            <dst id="IPLSng">5435.744</dst>
            <dst id="KSCYng">1059.84266666667</dst>
            <dst id="LOSAng">33184.5466666667</dst>
            <dst id="NYCMng">3426.97333333333</dst>
            <dst id="SNVAng">15840.3413333333</dst>
            <dst id="STTLng">66436.0906666667</dst>
            <dst id="WASHng">1002.76266666667</dst>
        </src>
        <src id="STTLng">
            <dst id="ATLA-M5">86.624</dst>
            <dst id="ATLAng">8745.37066666667</dst>
            <dst id="CHINng">69909.0586666667</dst>
            <dst id="DNVRng">3805.90666666667</dst>
            <dst id="HSTNng">2180.78933333333</dst>
            <dst id="IPLSng">19035.4586666667</dst>
            <dst id="KSCYng">3093.85866666667</dst>
            <dst id="LOSAng">17964.7733333333</dst>
            <dst id="NYCMng">23494.872</dst>
            <dst id="SNVAng">3449.68266666667</dst>
            <dst id="STTLng">12088.8906666667</dst>
            <dst id="WASHng">12248.4666666667</dst>
        </src>
        <src id="WASHng">
            <dst id="ATLA-M5">670.378666666667</dst>
            <dst id="ATLAng">96624.1733333333</dst>
            <dst id="CHINng">81256.2053333333</dst>
            <dst id="DNVRng">55705.168</dst>
            <dst id="HSTNng">15105.36</dst>
            <dst id="IPLSng">62949.8213333333</dst>
            <dst id="KSCYng">16836.8613333333</dst>
            <dst id="LOSAng">68398.8293333333</dst>
            <dst id="NYCMng">179551.794666667</dst>
            <dst id="SNVAng">8895.45066666667</dst>
            <dst id="STTLng">31566.1893333333</dst>
            <dst id="WASHng">376253.866666667</dst>
        </src>
    </IntraTM>
</TrafficMatrixFile>
