<?xml version="1.0" encoding="ISO-8859-1" standalone="yes"?>
<TrafficMatrixFile xsi:noNamespaceSchemaLocation="http://totem.run.montefiore.ulg.ac.be/Schema/TrafficMatrix-v1_2.xsd" xmlns:xsi="http://www.w3.org/2001/XMLSchema-instance">
    <IntraTM ASID="11537">
        <src id="ATLA-M5">
            <dst id="ATLA-M5">0</dst>
            <dst id="ATLAng">2387.17333333333</dst>
            <dst id="CHINng">1059.688</dst>
            <dst id="DNVRng">185.597333333333</dst>
            <dst id="HSTNng">80</dst>
            <dst id="IPLSng">657.005333333333</dst>
            <dst id="KSCYng">617.034666666667</dst>
            <dst id="LOSAng">789.482666666667</dst>
            <dst id="NYCMng">473.677333333333</dst>
            <dst id="SNVAng">297.818666666667</dst>
            <dst id="STTLng">345.048</dst>
            <dst id="WASHng">3574.21333333333</dst>
        </src>
        <src id="ATLAng">
            <dst id="ATLA-M5">548.794666666667</dst>
            <dst id="ATLAng">51756.6453333333</dst>
            <dst id="CHINng">32464.9573333333</dst>
            <dst id="DNVRng">8509.368</dst>
            <dst id="HSTNng">4680.584</dst>
            <dst id="IPLSng">20918.1866666667</dst>
            <dst id="KSCYng">5062.77066666667</dst>
            <dst id="LOSAng">17774.9973333333</dst>
            <dst id="NYCMng">13870.2133333333</dst>
            <dst id="SNVAng">1499.648</dst>
            <dst id="STTLng">7365.32533333333</dst>
            <dst id="WASHng">83982.912</dst>
        </src>
        <src id="CHINng">
            <dst id="ATLA-M5">1783.76</dst>
            <dst id="ATLAng">14340.6</dst>
            <dst id="CHINng">51924.0826666667</dst>
            <dst id="DNVRng">19020.5546666667</dst>
            <dst id="HSTNng">24304.5493333333</dst>
            <dst id="IPLSng">24672.32</dst>
            <dst id="KSCYng">12134.36</dst>
            <dst id="LOSAng">34785.528</dst>
            <dst id="NYCMng">10874.8906666667</dst>
            <dst id="SNVAng">2722.704</dst>
            <dst id="STTLng">5012.84</dst>
            <dst id="WASHng">14508.0906666667</dst>
        </src>
        <src id="DNVRng">
            <dst id="ATLA-M5">1696.99733333333</dst>
            <dst id="ATLAng">6744.37066666667</dst>
            <dst id="CHINng">67275.6106666667</dst>
            <dst id="DNVRng">21923.032</dst>
            <dst id="HSTNng">13035.616</dst>
            <dst id="IPLSng">31120.5013333333</dst>
            <dst id="KSCYng">18694.5706666667</dst>
            <dst id="LOSAng">7420.62933333333</dst>
            <dst id="NYCMng">21377.4026666667</dst>
            <dst id="SNVAng">12023.8053333333</dst>
            <dst id="STTLng">10533.432</dst>
            <dst id="WASHng">59994.216</dst>
        </src>
        <src id="HSTNng">
            <dst id="ATLA-M5">546.234666666667</dst>
            <dst id="ATLAng">3398.16</dst>
            <dst id="CHINng">30239.4933333333</dst>
            <dst id="DNVRng">3657.216</dst>
            <dst id="HSTNng">8266.21066666667</dst>
            <dst id="IPLSng">7825.41333333333</dst>
            <dst id="KSCYng">2721.168</dst>
            <dst id="LOSAng">106832.336</dst>
            <dst id="NYCMng">15765.8453333333</dst>
            <dst id="SNVAng">1933.016</dst>
            <dst id="STTLng">1095.30666666667</dst>
            <dst id="WASHng">9259.992</dst>
        </src>
        <src id="IPLSng">
            <dst id="ATLA-M5">1101.30133333333</dst>
            <dst id="ATLAng">20949.0026666667</dst>
            <dst id="CHINng">123580.968</dst>
            <dst id="DNVRng">27566.2133333333</dst>
            <dst id="HSTNng">6253.98933333333</dst>
            <dst id="IPLSng">31726.5946666667</dst>
            <dst id="KSCYng">28666.6373333333</dst>
            <dst id="LOSAng">89299.5306666667</dst>
            <dst id="NYCMng">37266.4293333333</dst>
            <dst id="SNVAng">4866.63466666667</dst>
            <dst id="STTLng">12726.016</dst>
            <dst id="WASHng">36198.9333333333</dst>
        </src>
        <src id="KSCYng">
            <dst id="ATLA-M5">438.845333333333</dst>
            <dst id="ATLAng">4790.90933333333</dst>
            <dst id="CHINng">39515.768</dst>
            <dst id="DNVRng">9408.53866666666</dst>
            <dst id="HSTNng">4283.968</dst>
            <dst id="IPLSng">12717.7493333333</dst>
            <dst id="KSCYng">5789.71466666667</dst>
            <dst id="LOSAng">5854.088</dst>
            <dst id="NYCMng">6090.75733333333</dst>
            <dst id="SNVAng">1220.528</dst>
            <dst id="STTLng">3540.66933333333</dst>
            <dst id="WASHng">12877.664</dst>
        </src>
        <src id="LOSAng">
            <dst id="ATLA-M5">1093.912</dst>
            <dst id="ATLAng">20802.5413333333</dst>
            <dst id="CHINng">156218.768</dst>
            <dst id="DNVRng">12615.8933333333</dst>
            <dst id="HSTNng">14552.8266666667</dst>
            <dst id="IPLSng">48133.4773333333</dst>
            <dst id="KSCYng">9069.79466666666</dst>
            <dst id="LOSAng">23941.7546666667</dst>
            <dst id="NYCMng">58704.872</dst>
            <dst id="SNVAng">15815.4213333333</dst>
            <dst id="STTLng">25723.816</dst>
            <dst id="WASHng">81891.552</dst>
        </src>
        <src id="NYCMng">
            <dst id="ATLA-M5">3267.648</dst>
            <dst id="ATLAng">33069.3866666667</dst>
            <dst id="CHINng">71074.488</dst>
            <dst id="DNVRng">39105.9946666667</dst>
            <dst id="HSTNng">41332.128</dst>
            <dst id="IPLSng">66554.4293333333</dst>
            <dst id="KSCYng">20611.496</dst>
            <dst id="LOSAng">87506.3093333334</dst>
            <dst id="NYCMng">140452.984</dst>
            <dst id="SNVAng">8169.61066666667</dst>
            <dst id="STTLng">28646.7573333333</dst>
            <dst id="WASHng">80140.44</dst>
        </src>
        <src id="SNVAng">
            <dst id="ATLA-M5">219.717333333333</dst>
            <dst id="ATLAng">896.096</dst>
            <dst id="CHINng">7204.136</dst>
            <dst id="DNVRng">10373.4346666667</dst>
            <dst id="HSTNng">466.330666666667</dst>
            <dst id="IPLSng">5693.77333333333</dst>
            <dst id="KSCYng">791.117333333333</dst>
            <dst id="LOSAng">34304.0133333333</dst>
            <dst id="NYCMng">2788.89866666667</dst>
            <dst id="SNVAng">13872.8213333333</dst>
            <dst id="STTLng">63249.6586666667</dst>
            <dst id="WASHng">1788.07466666667</dst>
        </src>
        <src id="STTLng">
            <dst id="ATLA-M5">256.4</dst>
            <dst id="ATLAng">9563.46666666667</dst>
            <dst id="CHINng">62459.7146666667</dst>
            <dst id="DNVRng">6450.70933333333</dst>
            <dst id="HSTNng">3092.13066666667</dst>
            <dst id="IPLSng">10053.016</dst>
            <dst id="KSCYng">6121.10666666667</dst>
            <dst id="LOSAng">26828.3653333333</dst>
            <dst id="NYCMng">16549.1226666667</dst>
            <dst id="SNVAng">4887.38933333333</dst>
            <dst id="STTLng">13133.232</dst>
            <dst id="WASHng">10458.2453333333</dst>
        </src>
        <src id="WASHng">
            <dst id="ATLA-M5">269.029333333333</dst>
            <dst id="ATLAng">71999.6746666667</dst>
            <dst id="CHINng">82289.992</dst>
            <dst id="DNVRng">51554.5946666667</dst>
            <dst id="HSTNng">22579.8026666667</dst>
            <dst id="IPLSng">74960.3946666667</dst>
            <dst id="KSCYng">15889.4853333333</dst>
            <dst id="LOSAng">65138.616</dst>
            <dst id="NYCMng">183024.722666667</dst>
            <dst id="SNVAng">20128.3573333333</dst>
            <dst id="STTLng">37271.5733333333</dst>
            <dst id="WASHng">340933.28</dst>
        </src>
    </IntraTM>
</TrafficMatrixFile>
