<?xml version="1.0" encoding="ISO-8859-1" standalone="yes"?>
<TrafficMatrixFile xsi:noNamespaceSchemaLocation="http://totem.run.montefiore.ulg.ac.be/Schema/TrafficMatrix-v1_2.xsd" xmlns:xsi="http://www.w3.org/2001/XMLSchema-instance">
    <IntraTM ASID="11537">
        <src id="ATLA-M5">
            <dst id="ATLA-M5">0</dst>
            <dst id="ATLAng">935.341333333333</dst>
            <dst id="CHINng">1678.95466666667</dst>
            <dst id="DNVRng">1183.48</dst>
            <dst id="HSTNng">2361.90933333333</dst>
            <dst id="IPLSng">936.48</dst>
            <dst id="KSCYng">370.648</dst>
            <dst id="LOSAng">496.154666666667</dst>
            <dst id="NYCMng">393.624</dst>
            <dst id="SNVAng">555.629333333333</dst>
            <dst id="STTLng">271.277333333333</dst>
            <dst id="WASHng">4288.85066666667</dst>
        </src>
        <src id="ATLAng">
            <dst id="ATLA-M5">1497.408</dst>
            <dst id="ATLAng">43081.0773333333</dst>
            <dst id="CHINng">34534.1573333333</dst>
            <dst id="DNVRng">7964.30666666667</dst>
            <dst id="HSTNng">6176.56</dst>
            <dst id="IPLSng">32959.5253333333</dst>
            <dst id="KSCYng">19232.896</dst>
            <dst id="LOSAng">20194.4533333333</dst>
            <dst id="NYCMng">15767.1253333333</dst>
            <dst id="SNVAng">1902.872</dst>
            <dst id="STTLng">7363.59733333333</dst>
            <dst id="WASHng">64452.8666666667</dst>
        </src>
        <src id="CHINng">
            <dst id="ATLA-M5">2413.76533333333</dst>
            <dst id="ATLAng">15466.8</dst>
            <dst id="CHINng">38748.5653333333</dst>
            <dst id="DNVRng">9073.97066666667</dst>
            <dst id="HSTNng">9734.152</dst>
            <dst id="IPLSng">38250.0906666667</dst>
            <dst id="KSCYng">11253.4346666667</dst>
            <dst id="LOSAng">30041.6906666667</dst>
            <dst id="NYCMng">5949.784</dst>
            <dst id="SNVAng">1607.32533333333</dst>
            <dst id="STTLng">8617.13866666667</dst>
            <dst id="WASHng">14287.6693333333</dst>
        </src>
        <src id="DNVRng">
            <dst id="ATLA-M5">558.101333333333</dst>
            <dst id="ATLAng">3336.65066666667</dst>
            <dst id="CHINng">30226.5813333333</dst>
            <dst id="DNVRng">4160.95466666667</dst>
            <dst id="HSTNng">7826.43466666667</dst>
            <dst id="IPLSng">8858.23733333333</dst>
            <dst id="KSCYng">8979.61866666667</dst>
            <dst id="LOSAng">13531.6213333333</dst>
            <dst id="NYCMng">14785.9626666667</dst>
            <dst id="SNVAng">12120.496</dst>
            <dst id="STTLng">14978.3253333333</dst>
            <dst id="WASHng">15911.0773333333</dst>
        </src>
        <src id="HSTNng">
            <dst id="ATLA-M5">3335.41333333333</dst>
            <dst id="ATLAng">4990.15733333333</dst>
            <dst id="CHINng">19921.144</dst>
            <dst id="DNVRng">3460.864</dst>
            <dst id="HSTNng">10718.968</dst>
            <dst id="IPLSng">14778.8506666667</dst>
            <dst id="KSCYng">5291.67466666667</dst>
            <dst id="LOSAng">13792.6933333333</dst>
            <dst id="NYCMng">7166.6</dst>
            <dst id="SNVAng">3900.52533333333</dst>
            <dst id="STTLng">3729.75733333333</dst>
            <dst id="WASHng">7663.336</dst>
        </src>
        <src id="IPLSng">
            <dst id="ATLA-M5">534.021333333333</dst>
            <dst id="ATLAng">23928.1866666667</dst>
            <dst id="CHINng">89819.168</dst>
            <dst id="DNVRng">12392.392</dst>
            <dst id="HSTNng">7954.888</dst>
            <dst id="IPLSng">22951.024</dst>
            <dst id="KSCYng">12665.5946666667</dst>
            <dst id="LOSAng">25412.8666666667</dst>
            <dst id="NYCMng">33094.3173333333</dst>
            <dst id="SNVAng">3366.50666666667</dst>
            <dst id="STTLng">9802.496</dst>
            <dst id="WASHng">33341.08</dst>
        </src>
        <src id="KSCYng">
            <dst id="ATLA-M5">631.882666666667</dst>
            <dst id="ATLAng">9620.69066666667</dst>
            <dst id="CHINng">35329.04</dst>
            <dst id="DNVRng">15080.504</dst>
            <dst id="HSTNng">5816.568</dst>
            <dst id="IPLSng">18092.7706666667</dst>
            <dst id="KSCYng">6460.504</dst>
            <dst id="LOSAng">12088.128</dst>
            <dst id="NYCMng">13185.6106666667</dst>
            <dst id="SNVAng">1473.25066666667</dst>
            <dst id="STTLng">2642.78133333333</dst>
            <dst id="WASHng">15843.7653333333</dst>
        </src>
        <src id="LOSAng">
            <dst id="ATLA-M5">380.146666666667</dst>
            <dst id="ATLAng">17489.4933333333</dst>
            <dst id="CHINng">86237.2506666666</dst>
            <dst id="DNVRng">9400.568</dst>
            <dst id="HSTNng">21861.152</dst>
            <dst id="IPLSng">56142.056</dst>
            <dst id="KSCYng">12234.3626666667</dst>
            <dst id="LOSAng">14816.784</dst>
            <dst id="NYCMng">55907.248</dst>
            <dst id="SNVAng">16096.016</dst>
            <dst id="STTLng">28815.016</dst>
            <dst id="WASHng">59107.8053333333</dst>
        </src>
        <src id="NYCMng">
            <dst id="ATLA-M5">3420.98666666667</dst>
            <dst id="ATLAng">41534.6</dst>
            <dst id="CHINng">76126.56</dst>
            <dst id="DNVRng">24147.464</dst>
            <dst id="HSTNng">48176.04</dst>
            <dst id="IPLSng">68928.856</dst>
            <dst id="KSCYng">20660.048</dst>
            <dst id="LOSAng">70622.976</dst>
            <dst id="NYCMng">137329.632</dst>
            <dst id="SNVAng">7595.62133333333</dst>
            <dst id="STTLng">28394.9146666667</dst>
            <dst id="WASHng">85478.6666666667</dst>
        </src>
        <src id="SNVAng">
            <dst id="ATLA-M5">373.504</dst>
            <dst id="ATLAng">660.861333333333</dst>
            <dst id="CHINng">7161.19733333333</dst>
            <dst id="DNVRng">7154.54666666667</dst>
            <dst id="HSTNng">1455.89333333333</dst>
            <dst id="IPLSng">3276.456</dst>
            <dst id="KSCYng">1778.50133333333</dst>
            <dst id="LOSAng">2581.94933333333</dst>
            <dst id="NYCMng">3033.92533333333</dst>
            <dst id="SNVAng">457.504</dst>
            <dst id="STTLng">2261.09333333333</dst>
            <dst id="WASHng">2796.192</dst>
        </src>
        <src id="STTLng">
            <dst id="ATLA-M5">82.8213333333333</dst>
            <dst id="ATLAng">15709.1466666667</dst>
            <dst id="CHINng">40474.2293333333</dst>
            <dst id="DNVRng">6146.29333333333</dst>
            <dst id="HSTNng">3414.33866666667</dst>
            <dst id="IPLSng">12196.8826666667</dst>
            <dst id="KSCYng">9593.56266666667</dst>
            <dst id="LOSAng">24355.592</dst>
            <dst id="NYCMng">24152.072</dst>
            <dst id="SNVAng">3456.824</dst>
            <dst id="STTLng">3177.82666666667</dst>
            <dst id="WASHng">13075.0746666667</dst>
        </src>
        <src id="WASHng">
            <dst id="ATLA-M5">1426.152</dst>
            <dst id="ATLAng">118301.085333333</dst>
            <dst id="CHINng">85818.2346666667</dst>
            <dst id="DNVRng">30112.2213333333</dst>
            <dst id="HSTNng">21653.2906666667</dst>
            <dst id="IPLSng">51891.8586666667</dst>
            <dst id="KSCYng">21007.6986666667</dst>
            <dst id="LOSAng">82986.368</dst>
            <dst id="NYCMng">201229.757333333</dst>
            <dst id="SNVAng">6024.85333333333</dst>
            <dst id="STTLng">33906.0453333333</dst>
            <dst id="WASHng">179387.128</dst>
        </src>
    </IntraTM>
</TrafficMatrixFile>
