<?xml version="1.0" encoding="ISO-8859-1" standalone="yes"?>
<TrafficMatrixFile xsi:noNamespaceSchemaLocation="http://totem.run.montefiore.ulg.ac.be/Schema/TrafficMatrix-v1_2.xsd" xmlns:xsi="http://www.w3.org/2001/XMLSchema-instance">
    <IntraTM ASID="11537">
        <src id="ATLA-M5">
            <dst id="ATLA-M5">26.6666666666667</dst>
            <dst id="ATLAng">723.962666666667</dst>
            <dst id="CHINng">1428.48</dst>
            <dst id="DNVRng">165.938666666667</dst>
            <dst id="HSTNng">459.965333333333</dst>
            <dst id="IPLSng">403.757333333333</dst>
            <dst id="KSCYng">303.256</dst>
            <dst id="LOSAng">257.877333333333</dst>
            <dst id="NYCMng">848.208</dst>
            <dst id="SNVAng">73.7733333333333</dst>
            <dst id="STTLng">359.965333333333</dst>
            <dst id="WASHng">1803.90666666667</dst>
        </src>
        <src id="ATLAng">
            <dst id="ATLA-M5">587.456</dst>
            <dst id="ATLAng">41060.2293333333</dst>
            <dst id="CHINng">19608.328</dst>
            <dst id="DNVRng">7091.168</dst>
            <dst id="HSTNng">5150.82933333333</dst>
            <dst id="IPLSng">27512.464</dst>
            <dst id="KSCYng">5256.72266666667</dst>
            <dst id="LOSAng">25144.112</dst>
            <dst id="NYCMng">14876.1893333333</dst>
            <dst id="SNVAng">1117.30666666667</dst>
            <dst id="STTLng">8614.21066666667</dst>
            <dst id="WASHng">60427.288</dst>
        </src>
        <src id="CHINng">
            <dst id="ATLA-M5">4183.11733333333</dst>
            <dst id="ATLAng">10273.3226666667</dst>
            <dst id="CHINng">26735.0426666667</dst>
            <dst id="DNVRng">11375.2106666667</dst>
            <dst id="HSTNng">9218.73866666667</dst>
            <dst id="IPLSng">25413.216</dst>
            <dst id="KSCYng">12434.6613333333</dst>
            <dst id="LOSAng">25317.3306666667</dst>
            <dst id="NYCMng">8587.08533333333</dst>
            <dst id="SNVAng">2637.19733333333</dst>
            <dst id="STTLng">5203.872</dst>
            <dst id="WASHng">12219.5226666667</dst>
        </src>
        <src id="DNVRng">
            <dst id="ATLA-M5">130.512</dst>
            <dst id="ATLAng">3661.01066666667</dst>
            <dst id="CHINng">48082.9626666667</dst>
            <dst id="DNVRng">5652.34933333333</dst>
            <dst id="HSTNng">3756.288</dst>
            <dst id="IPLSng">8818.04533333333</dst>
            <dst id="KSCYng">3554.58133333333</dst>
            <dst id="LOSAng">15177.5413333333</dst>
            <dst id="NYCMng">16088.4346666667</dst>
            <dst id="SNVAng">14048.9733333333</dst>
            <dst id="STTLng">11424.8506666667</dst>
            <dst id="WASHng">8251.64</dst>
        </src>
        <src id="HSTNng">
            <dst id="ATLA-M5">3009.672</dst>
            <dst id="ATLAng">4643.14933333333</dst>
            <dst id="CHINng">18876.1653333333</dst>
            <dst id="DNVRng">4652.08533333333</dst>
            <dst id="HSTNng">6072.11733333333</dst>
            <dst id="IPLSng">17631.016</dst>
            <dst id="KSCYng">5945.93866666667</dst>
            <dst id="LOSAng">5361.104</dst>
            <dst id="NYCMng">6441.248</dst>
            <dst id="SNVAng">1033.528</dst>
            <dst id="STTLng">1735.8</dst>
            <dst id="WASHng">8989.128</dst>
        </src>
        <src id="IPLSng">
            <dst id="ATLA-M5">3541.89066666667</dst>
            <dst id="ATLAng">16218.2986666667</dst>
            <dst id="CHINng">110338.226666667</dst>
            <dst id="DNVRng">18528.1546666667</dst>
            <dst id="HSTNng">9654.21066666666</dst>
            <dst id="IPLSng">23507.992</dst>
            <dst id="KSCYng">8847.10666666666</dst>
            <dst id="LOSAng">32498.84</dst>
            <dst id="NYCMng">32542.7706666667</dst>
            <dst id="SNVAng">3287.75466666667</dst>
            <dst id="STTLng">14086.3466666667</dst>
            <dst id="WASHng">38490.1466666667</dst>
        </src>
        <src id="KSCYng">
            <dst id="ATLA-M5">300.064</dst>
            <dst id="ATLAng">4763.31466666667</dst>
            <dst id="CHINng">27950.0986666667</dst>
            <dst id="DNVRng">6698.152</dst>
            <dst id="HSTNng">6422.83733333333</dst>
            <dst id="IPLSng">11952.5226666667</dst>
            <dst id="KSCYng">6632.90666666667</dst>
            <dst id="LOSAng">9247.18133333334</dst>
            <dst id="NYCMng">13313.648</dst>
            <dst id="SNVAng">1489.65866666667</dst>
            <dst id="STTLng">2809.224</dst>
            <dst id="WASHng">12641.2666666667</dst>
        </src>
        <src id="LOSAng">
            <dst id="ATLA-M5">189.538666666667</dst>
            <dst id="ATLAng">25204.8266666667</dst>
            <dst id="CHINng">84440.0133333333</dst>
            <dst id="DNVRng">5649.81333333333</dst>
            <dst id="HSTNng">17978.3946666667</dst>
            <dst id="IPLSng">45351.6053333333</dst>
            <dst id="KSCYng">10785.592</dst>
            <dst id="LOSAng">20374.7893333333</dst>
            <dst id="NYCMng">59074.1786666667</dst>
            <dst id="SNVAng">2554.70133333333</dst>
            <dst id="STTLng">27299.648</dst>
            <dst id="WASHng">66712.1253333333</dst>
        </src>
        <src id="NYCMng">
            <dst id="ATLA-M5">2104.85333333333</dst>
            <dst id="ATLAng">40949.304</dst>
            <dst id="CHINng">58421.6266666667</dst>
            <dst id="DNVRng">16019.9786666667</dst>
            <dst id="HSTNng">24100.1173333333</dst>
            <dst id="IPLSng">82122.016</dst>
            <dst id="KSCYng">28367.4053333333</dst>
            <dst id="LOSAng">64980.4293333333</dst>
            <dst id="NYCMng">120665.370666667</dst>
            <dst id="SNVAng">8063.94133333333</dst>
            <dst id="STTLng">23239.5893333333</dst>
            <dst id="WASHng">103478.888</dst>
        </src>
        <src id="SNVAng">
            <dst id="ATLA-M5">76.344</dst>
            <dst id="ATLAng">1298.45866666667</dst>
            <dst id="CHINng">5353.136</dst>
            <dst id="DNVRng">3751.448</dst>
            <dst id="HSTNng">1443.62133333333</dst>
            <dst id="IPLSng">3154.20533333333</dst>
            <dst id="KSCYng">1556.816</dst>
            <dst id="LOSAng">2340.22133333333</dst>
            <dst id="NYCMng">3745.168</dst>
            <dst id="SNVAng">883.429333333333</dst>
            <dst id="STTLng">2679.392</dst>
            <dst id="WASHng">1558.44266666667</dst>
        </src>
        <src id="STTLng">
            <dst id="ATLA-M5">62.8213333333333</dst>
            <dst id="ATLAng">15168.8693333333</dst>
            <dst id="CHINng">21645.3546666667</dst>
            <dst id="DNVRng">2954.63466666667</dst>
            <dst id="HSTNng">6014.736</dst>
            <dst id="IPLSng">7064.2</dst>
            <dst id="KSCYng">2919.77866666667</dst>
            <dst id="LOSAng">26584.4533333333</dst>
            <dst id="NYCMng">22518.2213333333</dst>
            <dst id="SNVAng">4726.912</dst>
            <dst id="STTLng">1513.768</dst>
            <dst id="WASHng">11664.7786666667</dst>
        </src>
        <src id="WASHng">
            <dst id="ATLA-M5">19586.584</dst>
            <dst id="ATLAng">138325.472</dst>
            <dst id="CHINng">69881.2666666667</dst>
            <dst id="DNVRng">44536.856</dst>
            <dst id="HSTNng">18448.84</dst>
            <dst id="IPLSng">51095.1653333333</dst>
            <dst id="KSCYng">18614.1333333333</dst>
            <dst id="LOSAng">93446.56</dst>
            <dst id="NYCMng">151623.424</dst>
            <dst id="SNVAng">3487.808</dst>
            <dst id="STTLng">43462.3733333333</dst>
            <dst id="WASHng">210540.786666667</dst>
        </src>
    </IntraTM>
</TrafficMatrixFile>
