<?xml version="1.0" encoding="ISO-8859-1" standalone="yes"?>
<TrafficMatrixFile xsi:noNamespaceSchemaLocation="http://totem.run.montefiore.ulg.ac.be/Schema/TrafficMatrix-v1_2.xsd" xmlns:xsi="http://www.w3.org/2001/XMLSchema-instance">
    <IntraTM ASID="11537">
        <src id="ATLA-M5">
            <dst id="ATLA-M5">64.928</dst>
            <dst id="ATLAng">356.845333333333</dst>
            <dst id="CHINng">1202.968</dst>
            <dst id="DNVRng">259.010666666667</dst>
            <dst id="HSTNng">422.36</dst>
            <dst id="IPLSng">685.221333333333</dst>
            <dst id="KSCYng">326.613333333333</dst>
            <dst id="LOSAng">410.12</dst>
            <dst id="NYCMng">668.530666666667</dst>
            <dst id="SNVAng">183.384</dst>
            <dst id="STTLng">356.008</dst>
            <dst id="WASHng">1121.33333333333</dst>
        </src>
        <src id="ATLAng">
            <dst id="ATLA-M5">938.797333333333</dst>
            <dst id="ATLAng">41808.2293333333</dst>
            <dst id="CHINng">17811.7466666667</dst>
            <dst id="DNVRng">4815.43466666667</dst>
            <dst id="HSTNng">12743.4933333333</dst>
            <dst id="IPLSng">17166.744</dst>
            <dst id="KSCYng">3633.34933333333</dst>
            <dst id="LOSAng">19286.424</dst>
            <dst id="NYCMng">14188.0053333333</dst>
            <dst id="SNVAng">3030.52</dst>
            <dst id="STTLng">6792.59733333333</dst>
            <dst id="WASHng">76010.6746666667</dst>
        </src>
        <src id="CHINng">
            <dst id="ATLA-M5">552.146666666667</dst>
            <dst id="ATLAng">18117.7813333333</dst>
            <dst id="CHINng">40839.1173333333</dst>
            <dst id="DNVRng">15265.248</dst>
            <dst id="HSTNng">6029.832</dst>
            <dst id="IPLSng">26655.0373333333</dst>
            <dst id="KSCYng">12237.3466666667</dst>
            <dst id="LOSAng">28532.72</dst>
            <dst id="NYCMng">7011.864</dst>
            <dst id="SNVAng">2283.96266666667</dst>
            <dst id="STTLng">7525.47466666667</dst>
            <dst id="WASHng">18394.624</dst>
        </src>
        <src id="DNVRng">
            <dst id="ATLA-M5">70.9866666666667</dst>
            <dst id="ATLAng">7870.832</dst>
            <dst id="CHINng">40684.5866666667</dst>
            <dst id="DNVRng">8249.59733333333</dst>
            <dst id="HSTNng">5408.62666666667</dst>
            <dst id="IPLSng">8104.87466666667</dst>
            <dst id="KSCYng">10398.112</dst>
            <dst id="LOSAng">21454.4053333333</dst>
            <dst id="NYCMng">10258.312</dst>
            <dst id="SNVAng">15422.272</dst>
            <dst id="STTLng">15805.4026666667</dst>
            <dst id="WASHng">22578.1333333333</dst>
        </src>
        <src id="HSTNng">
            <dst id="ATLA-M5">4161.04266666667</dst>
            <dst id="ATLAng">3378.64533333333</dst>
            <dst id="CHINng">25289.0693333333</dst>
            <dst id="DNVRng">2479.07466666667</dst>
            <dst id="HSTNng">8990.552</dst>
            <dst id="IPLSng">6460.82133333333</dst>
            <dst id="KSCYng">4284.65333333333</dst>
            <dst id="LOSAng">91825.2853333334</dst>
            <dst id="NYCMng">3667.14133333333</dst>
            <dst id="SNVAng">2896.24</dst>
            <dst id="STTLng">5694.68533333333</dst>
            <dst id="WASHng">4448.416</dst>
        </src>
        <src id="IPLSng">
            <dst id="ATLA-M5">356.877333333333</dst>
            <dst id="ATLAng">11798.9226666667</dst>
            <dst id="CHINng">96880.8426666666</dst>
            <dst id="DNVRng">8093.30666666667</dst>
            <dst id="HSTNng">7176.78666666667</dst>
            <dst id="IPLSng">18259.8773333333</dst>
            <dst id="KSCYng">11794.9626666667</dst>
            <dst id="LOSAng">15963.4933333333</dst>
            <dst id="NYCMng">21205.624</dst>
            <dst id="SNVAng">4905.08266666667</dst>
            <dst id="STTLng">8720.91733333333</dst>
            <dst id="WASHng">34181.8373333333</dst>
        </src>
        <src id="KSCYng">
            <dst id="ATLA-M5">394.101333333333</dst>
            <dst id="ATLAng">3735.112</dst>
            <dst id="CHINng">41206.2053333333</dst>
            <dst id="DNVRng">9351.06666666667</dst>
            <dst id="HSTNng">3831.43733333333</dst>
            <dst id="IPLSng">10573.0106666667</dst>
            <dst id="KSCYng">8137.888</dst>
            <dst id="LOSAng">12411</dst>
            <dst id="NYCMng">12177.1626666667</dst>
            <dst id="SNVAng">1313.02133333333</dst>
            <dst id="STTLng">3925.01333333333</dst>
            <dst id="WASHng">11555.7866666667</dst>
        </src>
        <src id="LOSAng">
            <dst id="ATLA-M5">278.488</dst>
            <dst id="ATLAng">13212.8</dst>
            <dst id="CHINng">124010.306666667</dst>
            <dst id="DNVRng">8538.54933333333</dst>
            <dst id="HSTNng">55168.328</dst>
            <dst id="IPLSng">48139.6853333333</dst>
            <dst id="KSCYng">16402.84</dst>
            <dst id="LOSAng">16808.808</dst>
            <dst id="NYCMng">57777.7413333333</dst>
            <dst id="SNVAng">5514.33866666667</dst>
            <dst id="STTLng">31758.5946666667</dst>
            <dst id="WASHng">62291.4</dst>
        </src>
        <src id="NYCMng">
            <dst id="ATLA-M5">1597.18933333333</dst>
            <dst id="ATLAng">28382.6026666667</dst>
            <dst id="CHINng">62003.9493333333</dst>
            <dst id="DNVRng">19363.0293333333</dst>
            <dst id="HSTNng">34539.0986666667</dst>
            <dst id="IPLSng">50080.9706666667</dst>
            <dst id="KSCYng">26840.7813333333</dst>
            <dst id="LOSAng">77109.64</dst>
            <dst id="NYCMng">144758.781333333</dst>
            <dst id="SNVAng">11088.1493333333</dst>
            <dst id="STTLng">27720.624</dst>
            <dst id="WASHng">62323.6746666667</dst>
        </src>
        <src id="SNVAng">
            <dst id="ATLA-M5">264.904</dst>
            <dst id="ATLAng">535.458666666667</dst>
            <dst id="CHINng">6055.88266666667</dst>
            <dst id="DNVRng">13450.1226666667</dst>
            <dst id="HSTNng">1569.62933333333</dst>
            <dst id="IPLSng">2426.94666666667</dst>
            <dst id="KSCYng">1145.06933333333</dst>
            <dst id="LOSAng">12836.4</dst>
            <dst id="NYCMng">1790.544</dst>
            <dst id="SNVAng">445.594666666667</dst>
            <dst id="STTLng">1648.02933333333</dst>
            <dst id="WASHng">2640.936</dst>
        </src>
        <src id="STTLng">
            <dst id="ATLA-M5">30.4346666666667</dst>
            <dst id="ATLAng">15365.6853333333</dst>
            <dst id="CHINng">58532.9333333333</dst>
            <dst id="DNVRng">5972.016</dst>
            <dst id="HSTNng">2540.712</dst>
            <dst id="IPLSng">6276.69866666667</dst>
            <dst id="KSCYng">4731.80266666667</dst>
            <dst id="LOSAng">25264.6533333333</dst>
            <dst id="NYCMng">14684.9733333333</dst>
            <dst id="SNVAng">4749.576</dst>
            <dst id="STTLng">4939.82933333333</dst>
            <dst id="WASHng">8820.92533333334</dst>
        </src>
        <src id="WASHng">
            <dst id="ATLA-M5">273.808</dst>
            <dst id="ATLAng">119487.693333333</dst>
            <dst id="CHINng">71564.1013333333</dst>
            <dst id="DNVRng">33587.5066666667</dst>
            <dst id="HSTNng">59019.04</dst>
            <dst id="IPLSng">43509.272</dst>
            <dst id="KSCYng">19305.5306666667</dst>
            <dst id="LOSAng">66607.8133333333</dst>
            <dst id="NYCMng">158647.752</dst>
            <dst id="SNVAng">6268.91733333333</dst>
            <dst id="STTLng">44972.6826666667</dst>
            <dst id="WASHng">296189.2</dst>
        </src>
    </IntraTM>
</TrafficMatrixFile>
