<?xml version="1.0" encoding="ISO-8859-1" standalone="yes"?>
<TrafficMatrixFile xsi:noNamespaceSchemaLocation="http://totem.run.montefiore.ulg.ac.be/Schema/TrafficMatrix-v1_2.xsd" xmlns:xsi="http://www.w3.org/2001/XMLSchema-instance">
    <IntraTM ASID="11537">
        <src id="ATLA-M5">
            <dst id="ATLA-M5">26.6666666666667</dst>
            <dst id="ATLAng">295.093333333333</dst>
            <dst id="CHINng">3008.192</dst>
            <dst id="DNVRng">201.536</dst>
            <dst id="HSTNng">213.824</dst>
            <dst id="IPLSng">975.154666666667</dst>
            <dst id="KSCYng">461.496</dst>
            <dst id="LOSAng">798.904</dst>
            <dst id="NYCMng">933.674666666667</dst>
            <dst id="SNVAng">161.285333333333</dst>
            <dst id="STTLng">178.530666666667</dst>
            <dst id="WASHng">3897.232</dst>
        </src>
        <src id="ATLAng">
            <dst id="ATLA-M5">179.805333333333</dst>
            <dst id="ATLAng">18119.816</dst>
            <dst id="CHINng">29953.0373333333</dst>
            <dst id="DNVRng">9161.984</dst>
            <dst id="HSTNng">4297.42666666667</dst>
            <dst id="IPLSng">16736.4053333333</dst>
            <dst id="KSCYng">3223.86133333333</dst>
            <dst id="LOSAng">12730.92</dst>
            <dst id="NYCMng">13208.3706666667</dst>
            <dst id="SNVAng">1694.672</dst>
            <dst id="STTLng">6364.62933333333</dst>
            <dst id="WASHng">85859.0613333333</dst>
        </src>
        <src id="CHINng">
            <dst id="ATLA-M5">338.586666666667</dst>
            <dst id="ATLAng">14190.008</dst>
            <dst id="CHINng">55565.9973333333</dst>
            <dst id="DNVRng">16368.8293333333</dst>
            <dst id="HSTNng">22552.8346666667</dst>
            <dst id="IPLSng">18646.064</dst>
            <dst id="KSCYng">9847.60533333333</dst>
            <dst id="LOSAng">34791.3013333333</dst>
            <dst id="NYCMng">6916.45333333333</dst>
            <dst id="SNVAng">2228.72</dst>
            <dst id="STTLng">5248.736</dst>
            <dst id="WASHng">11032.0906666667</dst>
        </src>
        <src id="DNVRng">
            <dst id="ATLA-M5">157.621333333333</dst>
            <dst id="ATLAng">7831.02133333333</dst>
            <dst id="CHINng">63978.6986666667</dst>
            <dst id="DNVRng">15641.4293333333</dst>
            <dst id="HSTNng">11438.5013333333</dst>
            <dst id="IPLSng">29756.6586666667</dst>
            <dst id="KSCYng">15259.808</dst>
            <dst id="LOSAng">8116.03466666667</dst>
            <dst id="NYCMng">19644.5306666667</dst>
            <dst id="SNVAng">13217.144</dst>
            <dst id="STTLng">8696.09066666667</dst>
            <dst id="WASHng">56172.4373333333</dst>
        </src>
        <src id="HSTNng">
            <dst id="ATLA-M5">4059.19733333333</dst>
            <dst id="ATLAng">4029.368</dst>
            <dst id="CHINng">44385.5813333333</dst>
            <dst id="DNVRng">3239.192</dst>
            <dst id="HSTNng">8412.02933333333</dst>
            <dst id="IPLSng">9348.85866666667</dst>
            <dst id="KSCYng">1771.968</dst>
            <dst id="LOSAng">13426.2373333333</dst>
            <dst id="NYCMng">8819.88533333333</dst>
            <dst id="SNVAng">825.309333333333</dst>
            <dst id="STTLng">4144.77066666667</dst>
            <dst id="WASHng">8468</dst>
        </src>
        <src id="IPLSng">
            <dst id="ATLA-M5">423.037333333333</dst>
            <dst id="ATLAng">25771.528</dst>
            <dst id="CHINng">129713.76</dst>
            <dst id="DNVRng">27106.3066666667</dst>
            <dst id="HSTNng">6432.472</dst>
            <dst id="IPLSng">25811.3066666667</dst>
            <dst id="KSCYng">18426.2266666667</dst>
            <dst id="LOSAng">81484.24</dst>
            <dst id="NYCMng">28365.168</dst>
            <dst id="SNVAng">4906.44266666667</dst>
            <dst id="STTLng">14050.6986666667</dst>
            <dst id="WASHng">36023.0026666667</dst>
        </src>
        <src id="KSCYng">
            <dst id="ATLA-M5">606.410666666667</dst>
            <dst id="ATLAng">3590</dst>
            <dst id="CHINng">31562.2026666667</dst>
            <dst id="DNVRng">9399.58133333333</dst>
            <dst id="HSTNng">3653.424</dst>
            <dst id="IPLSng">8289.61866666667</dst>
            <dst id="KSCYng">5616.72266666667</dst>
            <dst id="LOSAng">8590.784</dst>
            <dst id="NYCMng">9615.68266666667</dst>
            <dst id="SNVAng">2712.592</dst>
            <dst id="STTLng">4128.89066666667</dst>
            <dst id="WASHng">10973.9573333333</dst>
        </src>
        <src id="LOSAng">
            <dst id="ATLA-M5">92.64</dst>
            <dst id="ATLAng">18963.2</dst>
            <dst id="CHINng">166512.109333333</dst>
            <dst id="DNVRng">15677.08</dst>
            <dst id="HSTNng">6356.28266666667</dst>
            <dst id="IPLSng">39808.072</dst>
            <dst id="KSCYng">8111.93333333333</dst>
            <dst id="LOSAng">33397.2613333333</dst>
            <dst id="NYCMng">53398.4133333333</dst>
            <dst id="SNVAng">10798.992</dst>
            <dst id="STTLng">36800.6453333333</dst>
            <dst id="WASHng">64271.8</dst>
        </src>
        <src id="NYCMng">
            <dst id="ATLA-M5">1053.712</dst>
            <dst id="ATLAng">25930.7786666667</dst>
            <dst id="CHINng">60883.5226666667</dst>
            <dst id="DNVRng">37481.8426666667</dst>
            <dst id="HSTNng">36201.3333333333</dst>
            <dst id="IPLSng">48758.4106666667</dst>
            <dst id="KSCYng">19689.8773333333</dst>
            <dst id="LOSAng">77000.0293333333</dst>
            <dst id="NYCMng">150308.784</dst>
            <dst id="SNVAng">9425.232</dst>
            <dst id="STTLng">28611.8453333333</dst>
            <dst id="WASHng">83698.5973333333</dst>
        </src>
        <src id="SNVAng">
            <dst id="ATLA-M5">606.962666666667</dst>
            <dst id="ATLAng">332.36</dst>
            <dst id="CHINng">7684.464</dst>
            <dst id="DNVRng">3390.67733333333</dst>
            <dst id="HSTNng">1180.68266666667</dst>
            <dst id="IPLSng">2197.704</dst>
            <dst id="KSCYng">943.096</dst>
            <dst id="LOSAng">35315.8053333333</dst>
            <dst id="NYCMng">2710.09066666667</dst>
            <dst id="SNVAng">12682.7893333333</dst>
            <dst id="STTLng">58404.6373333333</dst>
            <dst id="WASHng">1279.97066666667</dst>
        </src>
        <src id="STTLng">
            <dst id="ATLA-M5">54.096</dst>
            <dst id="ATLAng">10527.9626666667</dst>
            <dst id="CHINng">63359.7066666667</dst>
            <dst id="DNVRng">4850.39733333333</dst>
            <dst id="HSTNng">2945.18133333333</dst>
            <dst id="IPLSng">7194.096</dst>
            <dst id="KSCYng">5638.112</dst>
            <dst id="LOSAng">29228.3973333333</dst>
            <dst id="NYCMng">16905.416</dst>
            <dst id="SNVAng">3785.03733333333</dst>
            <dst id="STTLng">12077.008</dst>
            <dst id="WASHng">7249.19466666667</dst>
        </src>
        <src id="WASHng">
            <dst id="ATLA-M5">2008.61066666667</dst>
            <dst id="ATLAng">86438.4053333333</dst>
            <dst id="CHINng">77839.3226666667</dst>
            <dst id="DNVRng">56874.5386666667</dst>
            <dst id="HSTNng">25000.848</dst>
            <dst id="IPLSng">71535.1066666667</dst>
            <dst id="KSCYng">15210.4373333333</dst>
            <dst id="LOSAng">62202.4666666667</dst>
            <dst id="NYCMng">162540.482666667</dst>
            <dst id="SNVAng">22126.8826666667</dst>
            <dst id="STTLng">40085.344</dst>
            <dst id="WASHng">315296.586666667</dst>
        </src>
    </IntraTM>
</TrafficMatrixFile>
