<?xml version="1.0" encoding="ISO-8859-1" standalone="yes"?>
<TrafficMatrixFile xsi:noNamespaceSchemaLocation="http://totem.run.montefiore.ulg.ac.be/Schema/TrafficMatrix-v1_2.xsd" xmlns:xsi="http://www.w3.org/2001/XMLSchema-instance">
    <IntraTM ASID="11537">
        <src id="ATLA-M5">
            <dst id="ATLA-M5">296.592</dst>
            <dst id="ATLAng">2328.26133333333</dst>
            <dst id="CHINng">2288.81333333333</dst>
            <dst id="DNVRng">226.701333333333</dst>
            <dst id="HSTNng">177.602666666667</dst>
            <dst id="IPLSng">2199.824</dst>
            <dst id="KSCYng">729.461333333333</dst>
            <dst id="LOSAng">636.042666666667</dst>
            <dst id="NYCMng">1504.544</dst>
            <dst id="SNVAng">79.688</dst>
            <dst id="STTLng">248.216</dst>
            <dst id="WASHng">4087.58133333333</dst>
        </src>
        <src id="ATLAng">
            <dst id="ATLA-M5">2015.81866666667</dst>
            <dst id="ATLAng">30444.4186666667</dst>
            <dst id="CHINng">37740.5066666667</dst>
            <dst id="DNVRng">7401.176</dst>
            <dst id="HSTNng">8073.376</dst>
            <dst id="IPLSng">45231.6666666666</dst>
            <dst id="KSCYng">17897.0693333333</dst>
            <dst id="LOSAng">17184.884</dst>
            <dst id="NYCMng">14976.0986666667</dst>
            <dst id="SNVAng">3138.92933333333</dst>
            <dst id="STTLng">8232.37333333333</dst>
            <dst id="WASHng">97465.64</dst>
        </src>
        <src id="CHINng">
            <dst id="ATLA-M5">378.634666666667</dst>
            <dst id="ATLAng">13580.0746666667</dst>
            <dst id="CHINng">63005.968</dst>
            <dst id="DNVRng">13162.8693333333</dst>
            <dst id="HSTNng">6002.192</dst>
            <dst id="IPLSng">56198.584</dst>
            <dst id="KSCYng">8158.22666666667</dst>
            <dst id="LOSAng">18751.3573333333</dst>
            <dst id="NYCMng">7830.52533333333</dst>
            <dst id="SNVAng">5747.69066666667</dst>
            <dst id="STTLng">8719.936</dst>
            <dst id="WASHng">11383.1786666667</dst>
        </src>
        <src id="DNVRng">
            <dst id="ATLA-M5">94.9333333333333</dst>
            <dst id="ATLAng">16988.8346666667</dst>
            <dst id="CHINng">73765.9173333333</dst>
            <dst id="DNVRng">21461.0106666667</dst>
            <dst id="HSTNng">11841.1333333333</dst>
            <dst id="IPLSng">31645.2106666667</dst>
            <dst id="KSCYng">18816.1946666667</dst>
            <dst id="LOSAng">13628.0826666667</dst>
            <dst id="NYCMng">20902.1093333333</dst>
            <dst id="SNVAng">12444.5653333333</dst>
            <dst id="STTLng">19162.8106666667</dst>
            <dst id="WASHng">67498.584</dst>
        </src>
        <src id="HSTNng">
            <dst id="ATLA-M5">2323.69333333333</dst>
            <dst id="ATLAng">4318.54133333333</dst>
            <dst id="CHINng">25472.3733333333</dst>
            <dst id="DNVRng">4608.512</dst>
            <dst id="HSTNng">18462.0053333333</dst>
            <dst id="IPLSng">11311.5813333333</dst>
            <dst id="KSCYng">3198.48</dst>
            <dst id="LOSAng">7686.55466666667</dst>
            <dst id="NYCMng">20411.6933333333</dst>
            <dst id="SNVAng">1280.2</dst>
            <dst id="STTLng">1690.05866666667</dst>
            <dst id="WASHng">16273.2666666667</dst>
        </src>
        <src id="IPLSng">
            <dst id="ATLA-M5">1152.128</dst>
            <dst id="ATLAng">38478.824</dst>
            <dst id="CHINng">141015.685333333</dst>
            <dst id="DNVRng">18629.0053333333</dst>
            <dst id="HSTNng">8959.64</dst>
            <dst id="IPLSng">28892.952</dst>
            <dst id="KSCYng">25628.3066666667</dst>
            <dst id="LOSAng">16577.1626666667</dst>
            <dst id="NYCMng">41199.7733333333</dst>
            <dst id="SNVAng">7038.66666666667</dst>
            <dst id="STTLng">15731.976</dst>
            <dst id="WASHng">73426.0026666667</dst>
        </src>
        <src id="KSCYng">
            <dst id="ATLA-M5">1873.83466666667</dst>
            <dst id="ATLAng">8414.992</dst>
            <dst id="CHINng">43712.5626666667</dst>
            <dst id="DNVRng">10514.7893333333</dst>
            <dst id="HSTNng">5400.77066666667</dst>
            <dst id="IPLSng">24495.6986666667</dst>
            <dst id="KSCYng">13458.1573333333</dst>
            <dst id="LOSAng">5305.06133333333</dst>
            <dst id="NYCMng">8967.58933333333</dst>
            <dst id="SNVAng">2000.61866666667</dst>
            <dst id="STTLng">3603.968</dst>
            <dst id="WASHng">12277.3413333333</dst>
        </src>
        <src id="LOSAng">
            <dst id="ATLA-M5">1860.52266666667</dst>
            <dst id="ATLAng">23630.3653333333</dst>
            <dst id="CHINng">151206.810666667</dst>
            <dst id="DNVRng">15159.2</dst>
            <dst id="HSTNng">12499.096</dst>
            <dst id="IPLSng">42487.8746666667</dst>
            <dst id="KSCYng">7890.52533333333</dst>
            <dst id="LOSAng">15360.6746666667</dst>
            <dst id="NYCMng">49493.36</dst>
            <dst id="SNVAng">9330.264</dst>
            <dst id="STTLng">29817.4213333333</dst>
            <dst id="WASHng">73648.904</dst>
        </src>
        <src id="NYCMng">
            <dst id="ATLA-M5">2920.45866666667</dst>
            <dst id="ATLAng">47200.8266666667</dst>
            <dst id="CHINng">73978.176</dst>
            <dst id="DNVRng">29700.9866666667</dst>
            <dst id="HSTNng">17646.8853333333</dst>
            <dst id="IPLSng">79945.6213333333</dst>
            <dst id="KSCYng">35863.9866666667</dst>
            <dst id="LOSAng">58116.7493333333</dst>
            <dst id="NYCMng">153721.608</dst>
            <dst id="SNVAng">12233.3573333333</dst>
            <dst id="STTLng">21636.784</dst>
            <dst id="WASHng">221513.621333333</dst>
        </src>
        <src id="SNVAng">
            <dst id="ATLA-M5">445.378666666667</dst>
            <dst id="ATLAng">2154.04533333333</dst>
            <dst id="CHINng">9540.09066666667</dst>
            <dst id="DNVRng">26448.5893333333</dst>
            <dst id="HSTNng">978.152</dst>
            <dst id="IPLSng">2535.99466666667</dst>
            <dst id="KSCYng">2154.608</dst>
            <dst id="LOSAng">32266.1253333333</dst>
            <dst id="NYCMng">2380.36266666667</dst>
            <dst id="SNVAng">16235.2053333333</dst>
            <dst id="STTLng">60911.9813333333</dst>
            <dst id="WASHng">2068.26933333333</dst>
        </src>
        <src id="STTLng">
            <dst id="ATLA-M5">204.989333333333</dst>
            <dst id="ATLAng">15344.544</dst>
            <dst id="CHINng">86380.0293333333</dst>
            <dst id="DNVRng">13440.6266666667</dst>
            <dst id="HSTNng">5889.13066666667</dst>
            <dst id="IPLSng">25462.6613333333</dst>
            <dst id="KSCYng">6922.144</dst>
            <dst id="LOSAng">26669.88</dst>
            <dst id="NYCMng">30077.2586666667</dst>
            <dst id="SNVAng">10281.0266666667</dst>
            <dst id="STTLng">10486.6933333333</dst>
            <dst id="WASHng">24205.3946666667</dst>
        </src>
        <src id="WASHng">
            <dst id="ATLA-M5">3748.008</dst>
            <dst id="ATLAng">137721.874666667</dst>
            <dst id="CHINng">91938.8666666667</dst>
            <dst id="DNVRng">54179.7013333333</dst>
            <dst id="HSTNng">36319.8853333333</dst>
            <dst id="IPLSng">90579.408</dst>
            <dst id="KSCYng">31347.408</dst>
            <dst id="LOSAng">74686.9653333333</dst>
            <dst id="NYCMng">207240.077333333</dst>
            <dst id="SNVAng">8253.04</dst>
            <dst id="STTLng">38996.656</dst>
            <dst id="WASHng">361854.293333333</dst>
        </src>
    </IntraTM>
</TrafficMatrixFile>
