<?xml version="1.0" encoding="ISO-8859-1" standalone="yes"?>
<TrafficMatrixFile xsi:noNamespaceSchemaLocation="http://totem.run.montefiore.ulg.ac.be/Schema/TrafficMatrix-v1_2.xsd" xmlns:xsi="http://www.w3.org/2001/XMLSchema-instance">
    <IntraTM ASID="11537">
        <src id="ATLA-M5">
            <dst id="ATLA-M5">0</dst>
            <dst id="ATLAng">189.48</dst>
            <dst id="CHINng">848.938666666667</dst>
            <dst id="DNVRng">98.192</dst>
            <dst id="HSTNng">283.928</dst>
            <dst id="IPLSng">546.68</dst>
            <dst id="KSCYng">89.8026666666667</dst>
            <dst id="LOSAng">326.138666666667</dst>
            <dst id="NYCMng">106.666666666667</dst>
            <dst id="SNVAng">74.2773333333333</dst>
            <dst id="STTLng">89.536</dst>
            <dst id="WASHng">2869.952</dst>
        </src>
        <src id="ATLAng">
            <dst id="ATLA-M5">1018.39466666667</dst>
            <dst id="ATLAng">99279.5386666667</dst>
            <dst id="CHINng">9235.792</dst>
            <dst id="DNVRng">1767.424</dst>
            <dst id="HSTNng">1081.464</dst>
            <dst id="IPLSng">16305.9626666667</dst>
            <dst id="KSCYng">4605.984</dst>
            <dst id="LOSAng">16049.8106666667</dst>
            <dst id="NYCMng">12031.4586666667</dst>
            <dst id="SNVAng">5862.824</dst>
            <dst id="STTLng">8251.18666666667</dst>
            <dst id="WASHng">75894.3706666666</dst>
        </src>
        <src id="CHINng">
            <dst id="ATLA-M5">220.501333333333</dst>
            <dst id="ATLAng">10980.1013333333</dst>
            <dst id="CHINng">44553.7013333333</dst>
            <dst id="DNVRng">5878.98933333333</dst>
            <dst id="HSTNng">8128.64533333333</dst>
            <dst id="IPLSng">16911.6373333333</dst>
            <dst id="KSCYng">7978.78666666667</dst>
            <dst id="LOSAng">17751.2</dst>
            <dst id="NYCMng">6131.15466666667</dst>
            <dst id="SNVAng">1187.296</dst>
            <dst id="STTLng">6596.94666666667</dst>
            <dst id="WASHng">8286.4</dst>
        </src>
        <src id="DNVRng">
            <dst id="ATLA-M5">105.76</dst>
            <dst id="ATLAng">7134.256</dst>
            <dst id="CHINng">57001.8373333333</dst>
            <dst id="DNVRng">1508.86133333333</dst>
            <dst id="HSTNng">4587.31466666667</dst>
            <dst id="IPLSng">3870.78133333333</dst>
            <dst id="KSCYng">2545.256</dst>
            <dst id="LOSAng">6353.62933333333</dst>
            <dst id="NYCMng">11345.1813333333</dst>
            <dst id="SNVAng">6368.71466666667</dst>
            <dst id="STTLng">8518.62133333333</dst>
            <dst id="WASHng">8027.912</dst>
        </src>
        <src id="HSTNng">
            <dst id="ATLA-M5">1177.368</dst>
            <dst id="ATLAng">3430.008</dst>
            <dst id="CHINng">28015.3333333333</dst>
            <dst id="DNVRng">1319.152</dst>
            <dst id="HSTNng">5710.072</dst>
            <dst id="IPLSng">8856.384</dst>
            <dst id="KSCYng">1888.98666666667</dst>
            <dst id="LOSAng">88353.9973333333</dst>
            <dst id="NYCMng">4618.51733333333</dst>
            <dst id="SNVAng">2164.568</dst>
            <dst id="STTLng">1671.93066666667</dst>
            <dst id="WASHng">4097.152</dst>
        </src>
        <src id="IPLSng">
            <dst id="ATLA-M5">26.6666666666667</dst>
            <dst id="ATLAng">10958.592</dst>
            <dst id="CHINng">115480.749333333</dst>
            <dst id="DNVRng">5121.536</dst>
            <dst id="HSTNng">4557.296</dst>
            <dst id="IPLSng">14171.3013333333</dst>
            <dst id="KSCYng">7709.58666666667</dst>
            <dst id="LOSAng">13879.584</dst>
            <dst id="NYCMng">26632.08</dst>
            <dst id="SNVAng">5044.896</dst>
            <dst id="STTLng">8479.48</dst>
            <dst id="WASHng">21674.5173333333</dst>
        </src>
        <src id="KSCYng">
            <dst id="ATLA-M5">2573.24266666667</dst>
            <dst id="ATLAng">3038.592</dst>
            <dst id="CHINng">38383.5973333333</dst>
            <dst id="DNVRng">2478.22666666667</dst>
            <dst id="HSTNng">3088.544</dst>
            <dst id="IPLSng">9433.89066666667</dst>
            <dst id="KSCYng">2644.344</dst>
            <dst id="LOSAng">4096.53866666667</dst>
            <dst id="NYCMng">6280.49066666667</dst>
            <dst id="SNVAng">501.421333333333</dst>
            <dst id="STTLng">4578.464</dst>
            <dst id="WASHng">14463.9413333333</dst>
        </src>
        <src id="LOSAng">
            <dst id="ATLA-M5">312.354666666667</dst>
            <dst id="ATLAng">12288.8026666667</dst>
            <dst id="CHINng">133194.565333333</dst>
            <dst id="DNVRng">2794.72533333333</dst>
            <dst id="HSTNng">7024.54666666667</dst>
            <dst id="IPLSng">33970.2693333333</dst>
            <dst id="KSCYng">5487.896</dst>
            <dst id="LOSAng">10597.6906666667</dst>
            <dst id="NYCMng">48118.9226666667</dst>
            <dst id="SNVAng">3218.00266666667</dst>
            <dst id="STTLng">21374.6933333333</dst>
            <dst id="WASHng">47011.6346666667</dst>
        </src>
        <src id="NYCMng">
            <dst id="ATLA-M5">649.952</dst>
            <dst id="ATLAng">40705.088</dst>
            <dst id="CHINng">57420.296</dst>
            <dst id="DNVRng">15330.5573333333</dst>
            <dst id="HSTNng">32966.4213333333</dst>
            <dst id="IPLSng">56773.552</dst>
            <dst id="KSCYng">18560.4506666667</dst>
            <dst id="LOSAng">44758.104</dst>
            <dst id="NYCMng">163664.344</dst>
            <dst id="SNVAng">3848.77333333333</dst>
            <dst id="STTLng">20065.8293333333</dst>
            <dst id="WASHng">55493.6053333333</dst>
        </src>
        <src id="SNVAng">
            <dst id="ATLA-M5">26.6666666666667</dst>
            <dst id="ATLAng">815.856</dst>
            <dst id="CHINng">7303.008</dst>
            <dst id="DNVRng">14631.4453333333</dst>
            <dst id="HSTNng">516.584</dst>
            <dst id="IPLSng">2875.32</dst>
            <dst id="KSCYng">277.034666666667</dst>
            <dst id="LOSAng">4702.53333333333</dst>
            <dst id="NYCMng">4790.32</dst>
            <dst id="SNVAng">274.578666666667</dst>
            <dst id="STTLng">3416.64533333333</dst>
            <dst id="WASHng">1518.00533333333</dst>
        </src>
        <src id="STTLng">
            <dst id="ATLA-M5">73.6426666666667</dst>
            <dst id="ATLAng">14569.2826666667</dst>
            <dst id="CHINng">85404.768</dst>
            <dst id="DNVRng">3364.06133333333</dst>
            <dst id="HSTNng">1459.936</dst>
            <dst id="IPLSng">7641.448</dst>
            <dst id="KSCYng">2842.088</dst>
            <dst id="LOSAng">17337.1626666667</dst>
            <dst id="NYCMng">20255.88</dst>
            <dst id="SNVAng">2793.85333333333</dst>
            <dst id="STTLng">2881.34933333333</dst>
            <dst id="WASHng">12814.424</dst>
        </src>
        <src id="WASHng">
            <dst id="ATLA-M5">110.258666666667</dst>
            <dst id="ATLAng">79920.64</dst>
            <dst id="CHINng">63284.2373333333</dst>
            <dst id="DNVRng">20476.8746666667</dst>
            <dst id="HSTNng">20537.872</dst>
            <dst id="IPLSng">52109.5466666667</dst>
            <dst id="KSCYng">18317</dst>
            <dst id="LOSAng">56534.5706666667</dst>
            <dst id="NYCMng">104067.290666667</dst>
            <dst id="SNVAng">3604.232</dst>
            <dst id="STTLng">25751.728</dst>
            <dst id="WASHng">337483.253333333</dst>
        </src>
    </IntraTM>
</TrafficMatrixFile>
