<?xml version="1.0" encoding="ISO-8859-1" standalone="yes"?>
<TrafficMatrixFile xsi:noNamespaceSchemaLocation="http://totem.run.montefiore.ulg.ac.be/Schema/TrafficMatrix-v1_2.xsd" xmlns:xsi="http://www.w3.org/2001/XMLSchema-instance">
    <IntraTM ASID="11537">
        <src id="ATLA-M5">
            <dst id="ATLA-M5">26.6666666666667</dst>
            <dst id="ATLAng">946.898666666667</dst>
            <dst id="CHINng">1838.944</dst>
            <dst id="DNVRng">1843.36533333333</dst>
            <dst id="HSTNng">1087.74933333333</dst>
            <dst id="IPLSng">1442.53333333333</dst>
            <dst id="KSCYng">497.077333333333</dst>
            <dst id="LOSAng">1232.65866666667</dst>
            <dst id="NYCMng">342.712</dst>
            <dst id="SNVAng">242.709333333333</dst>
            <dst id="STTLng">442.965333333333</dst>
            <dst id="WASHng">3848.97866666667</dst>
        </src>
        <src id="ATLAng">
            <dst id="ATLA-M5">474.317333333333</dst>
            <dst id="ATLAng">25222.576</dst>
            <dst id="CHINng">24086.7146666667</dst>
            <dst id="DNVRng">5507.60533333333</dst>
            <dst id="HSTNng">13079.384</dst>
            <dst id="IPLSng">34722.768</dst>
            <dst id="KSCYng">10203.7733333333</dst>
            <dst id="LOSAng">30634.232</dst>
            <dst id="NYCMng">32814.7573333333</dst>
            <dst id="SNVAng">2661.93866666667</dst>
            <dst id="STTLng">16139.28</dst>
            <dst id="WASHng">107187.944</dst>
        </src>
        <src id="CHINng">
            <dst id="ATLA-M5">4307.97066666667</dst>
            <dst id="ATLAng">17090.512</dst>
            <dst id="CHINng">33352.36</dst>
            <dst id="DNVRng">13994.7066666667</dst>
            <dst id="HSTNng">14405.4346666667</dst>
            <dst id="IPLSng">40219.04</dst>
            <dst id="KSCYng">7324.912</dst>
            <dst id="LOSAng">1230585.81333333</dst>
            <dst id="NYCMng">6323.27466666667</dst>
            <dst id="SNVAng">8471.82133333334</dst>
            <dst id="STTLng">8419.86666666667</dst>
            <dst id="WASHng">18446.8586666667</dst>
        </src>
        <src id="DNVRng">
            <dst id="ATLA-M5">608.429333333333</dst>
            <dst id="ATLAng">13684.6426666667</dst>
            <dst id="CHINng">56997.4613333333</dst>
            <dst id="DNVRng">25008.7386666667</dst>
            <dst id="HSTNng">18738.728</dst>
            <dst id="IPLSng">26752.0693333333</dst>
            <dst id="KSCYng">27858.504</dst>
            <dst id="LOSAng">10636.3333333333</dst>
            <dst id="NYCMng">25552.2426666667</dst>
            <dst id="SNVAng">14312.8133333333</dst>
            <dst id="STTLng">22909.5146666667</dst>
            <dst id="WASHng">59843.048</dst>
        </src>
        <src id="HSTNng">
            <dst id="ATLA-M5">1754.01866666667</dst>
            <dst id="ATLAng">6782.50666666667</dst>
            <dst id="CHINng">21480.5786666667</dst>
            <dst id="DNVRng">5165.95733333333</dst>
            <dst id="HSTNng">13951.232</dst>
            <dst id="IPLSng">11742.0426666667</dst>
            <dst id="KSCYng">6677.016</dst>
            <dst id="LOSAng">197745.405333333</dst>
            <dst id="NYCMng">7727.63733333333</dst>
            <dst id="SNVAng">1372.70133333333</dst>
            <dst id="STTLng">4210.57066666667</dst>
            <dst id="WASHng">10659.7573333333</dst>
        </src>
        <src id="IPLSng">
            <dst id="ATLA-M5">1024.008</dst>
            <dst id="ATLAng">26993.6506666667</dst>
            <dst id="CHINng">104621.64</dst>
            <dst id="DNVRng">27828.1973333333</dst>
            <dst id="HSTNng">16449.5546666667</dst>
            <dst id="IPLSng">44322.6826666667</dst>
            <dst id="KSCYng">14980.4373333333</dst>
            <dst id="LOSAng">73396.656</dst>
            <dst id="NYCMng">38108.704</dst>
            <dst id="SNVAng">10592.9386666667</dst>
            <dst id="STTLng">16446.2213333333</dst>
            <dst id="WASHng">49104.4986666667</dst>
        </src>
        <src id="KSCYng">
            <dst id="ATLA-M5">995.72</dst>
            <dst id="ATLAng">7429.64266666667</dst>
            <dst id="CHINng">48571.3866666667</dst>
            <dst id="DNVRng">10738.6746666667</dst>
            <dst id="HSTNng">7932.41066666667</dst>
            <dst id="IPLSng">16051.92</dst>
            <dst id="KSCYng">8816.80266666666</dst>
            <dst id="LOSAng">9284.68</dst>
            <dst id="NYCMng">10970.8853333333</dst>
            <dst id="SNVAng">1541.89066666667</dst>
            <dst id="STTLng">3567.368</dst>
            <dst id="WASHng">21326.6373333333</dst>
        </src>
        <src id="LOSAng">
            <dst id="ATLA-M5">1865.02133333333</dst>
            <dst id="ATLAng">27339.576</dst>
            <dst id="CHINng">121333.101333333</dst>
            <dst id="DNVRng">16293.2266666667</dst>
            <dst id="HSTNng">16127.2906666667</dst>
            <dst id="IPLSng">67346.8986666667</dst>
            <dst id="KSCYng">12261.1653333333</dst>
            <dst id="LOSAng">20149.1226666667</dst>
            <dst id="NYCMng">64250.6426666667</dst>
            <dst id="SNVAng">8983.4</dst>
            <dst id="STTLng">32395.9626666667</dst>
            <dst id="WASHng">71017.6986666667</dst>
        </src>
        <src id="NYCMng">
            <dst id="ATLA-M5">2954.44533333333</dst>
            <dst id="ATLAng">54873.7253333333</dst>
            <dst id="CHINng">73240.8053333333</dst>
            <dst id="DNVRng">49970.4773333333</dst>
            <dst id="HSTNng">47618.5946666667</dst>
            <dst id="IPLSng">87003.16</dst>
            <dst id="KSCYng">25995.6773333333</dst>
            <dst id="LOSAng">103239.986666667</dst>
            <dst id="NYCMng">174762.272</dst>
            <dst id="SNVAng">16960.1546666667</dst>
            <dst id="STTLng">38491.0666666667</dst>
            <dst id="WASHng">205990.338666667</dst>
        </src>
        <src id="SNVAng">
            <dst id="ATLA-M5">511.984</dst>
            <dst id="ATLAng">916.032</dst>
            <dst id="CHINng">9433.96</dst>
            <dst id="DNVRng">10143.448</dst>
            <dst id="HSTNng">1273.66666666667</dst>
            <dst id="IPLSng">3179.76533333333</dst>
            <dst id="KSCYng">2340.61866666667</dst>
            <dst id="LOSAng">43390.896</dst>
            <dst id="NYCMng">1860.82666666667</dst>
            <dst id="SNVAng">19207.136</dst>
            <dst id="STTLng">66667.3066666667</dst>
            <dst id="WASHng">3787.28533333333</dst>
        </src>
        <src id="STTLng">
            <dst id="ATLA-M5">265.349333333333</dst>
            <dst id="ATLAng">12735.3653333333</dst>
            <dst id="CHINng">68216.736</dst>
            <dst id="DNVRng">5023.81866666667</dst>
            <dst id="HSTNng">4758.13333333333</dst>
            <dst id="IPLSng">28281.8106666667</dst>
            <dst id="KSCYng">5775.44266666667</dst>
            <dst id="LOSAng">34592.296</dst>
            <dst id="NYCMng">25712.3706666667</dst>
            <dst id="SNVAng">8917.17866666667</dst>
            <dst id="STTLng">15210.352</dst>
            <dst id="WASHng">13882.928</dst>
        </src>
        <src id="WASHng">
            <dst id="ATLA-M5">2627.89333333333</dst>
            <dst id="ATLAng">118094.722666667</dst>
            <dst id="CHINng">118374.584</dst>
            <dst id="DNVRng">69539.4453333333</dst>
            <dst id="HSTNng">27157.304</dst>
            <dst id="IPLSng">77082.768</dst>
            <dst id="KSCYng">18016.984</dst>
            <dst id="LOSAng">91494.7413333333</dst>
            <dst id="NYCMng">205856.813333333</dst>
            <dst id="SNVAng">16756.752</dst>
            <dst id="STTLng">34802.2426666667</dst>
            <dst id="WASHng">209424.925333333</dst>
        </src>
    </IntraTM>
</TrafficMatrixFile>
