<?xml version="1.0" encoding="ISO-8859-1" standalone="yes"?>
<TrafficMatrixFile xsi:noNamespaceSchemaLocation="http://totem.run.montefiore.ulg.ac.be/Schema/TrafficMatrix-v1_2.xsd" xmlns:xsi="http://www.w3.org/2001/XMLSchema-instance">
    <IntraTM ASID="11537">
        <src id="ATLA-M5">
            <dst id="ATLA-M5">0</dst>
            <dst id="ATLAng">127.698666666667</dst>
            <dst id="CHINng">1141.43733333333</dst>
            <dst id="DNVRng">104.352</dst>
            <dst id="HSTNng">68.0426666666667</dst>
            <dst id="IPLSng">287.136</dst>
            <dst id="KSCYng">280.832</dst>
            <dst id="LOSAng">631.912</dst>
            <dst id="NYCMng">390.994666666667</dst>
            <dst id="SNVAng">808.213333333333</dst>
            <dst id="STTLng">182.554666666667</dst>
            <dst id="WASHng">3456.65066666667</dst>
        </src>
        <src id="ATLAng">
            <dst id="ATLA-M5">180.309333333333</dst>
            <dst id="ATLAng">26235.7466666667</dst>
            <dst id="CHINng">17987.4986666667</dst>
            <dst id="DNVRng">4276.792</dst>
            <dst id="HSTNng">19548.0933333333</dst>
            <dst id="IPLSng">20145.7466666667</dst>
            <dst id="KSCYng">5101.784</dst>
            <dst id="LOSAng">16312.2586666667</dst>
            <dst id="NYCMng">10054.848</dst>
            <dst id="SNVAng">840.941333333333</dst>
            <dst id="STTLng">3919.24533333333</dst>
            <dst id="WASHng">123758.096</dst>
        </src>
        <src id="CHINng">
            <dst id="ATLA-M5">82.4346666666667</dst>
            <dst id="ATLAng">15788.6346666667</dst>
            <dst id="CHINng">44090.832</dst>
            <dst id="DNVRng">5600.58133333333</dst>
            <dst id="HSTNng">4024.176</dst>
            <dst id="IPLSng">13525.832</dst>
            <dst id="KSCYng">5717.32266666667</dst>
            <dst id="LOSAng">31447.7066666667</dst>
            <dst id="NYCMng">3606.22933333333</dst>
            <dst id="SNVAng">1379.10133333333</dst>
            <dst id="STTLng">7004.78666666667</dst>
            <dst id="WASHng">9020.74933333333</dst>
        </src>
        <src id="DNVRng">
            <dst id="ATLA-M5">139.018666666667</dst>
            <dst id="ATLAng">7899.76</dst>
            <dst id="CHINng">76536.0026666667</dst>
            <dst id="DNVRng">4684.008</dst>
            <dst id="HSTNng">12436.4053333333</dst>
            <dst id="IPLSng">25685.2826666667</dst>
            <dst id="KSCYng">9370.20533333334</dst>
            <dst id="LOSAng">5228.94133333333</dst>
            <dst id="NYCMng">19370.7093333333</dst>
            <dst id="SNVAng">7039.97333333333</dst>
            <dst id="STTLng">5597.10133333333</dst>
            <dst id="WASHng">41150.4026666667</dst>
        </src>
        <src id="HSTNng">
            <dst id="ATLA-M5">3065.992</dst>
            <dst id="ATLAng">4535.016</dst>
            <dst id="CHINng">34325.2373333333</dst>
            <dst id="DNVRng">4330.98933333333</dst>
            <dst id="HSTNng">2529.328</dst>
            <dst id="IPLSng">3647.71733333333</dst>
            <dst id="KSCYng">1366.62666666667</dst>
            <dst id="LOSAng">8845.72266666667</dst>
            <dst id="NYCMng">5751.144</dst>
            <dst id="SNVAng">1380.33066666667</dst>
            <dst id="STTLng">2394.55733333333</dst>
            <dst id="WASHng">4233.51733333333</dst>
        </src>
        <src id="IPLSng">
            <dst id="ATLA-M5">563.770666666667</dst>
            <dst id="ATLAng">11753.6773333333</dst>
            <dst id="CHINng">123426.424</dst>
            <dst id="DNVRng">21557.8186666667</dst>
            <dst id="HSTNng">2602.01066666667</dst>
            <dst id="IPLSng">19135.4133333333</dst>
            <dst id="KSCYng">10544.7306666667</dst>
            <dst id="LOSAng">22558.9733333333</dst>
            <dst id="NYCMng">35119.7386666667</dst>
            <dst id="SNVAng">6032.016</dst>
            <dst id="STTLng">10924.2186666667</dst>
            <dst id="WASHng">39628.8373333333</dst>
        </src>
        <src id="KSCYng">
            <dst id="ATLA-M5">1984.79733333333</dst>
            <dst id="ATLAng">4163.392</dst>
            <dst id="CHINng">45538.144</dst>
            <dst id="DNVRng">8714.69333333333</dst>
            <dst id="HSTNng">3182.62133333333</dst>
            <dst id="IPLSng">7784.64533333333</dst>
            <dst id="KSCYng">5691.62133333333</dst>
            <dst id="LOSAng">4706.128</dst>
            <dst id="NYCMng">6909.648</dst>
            <dst id="SNVAng">2220.584</dst>
            <dst id="STTLng">5132.264</dst>
            <dst id="WASHng">7455.76</dst>
        </src>
        <src id="LOSAng">
            <dst id="ATLA-M5">2310.98933333333</dst>
            <dst id="ATLAng">15271.0533333333</dst>
            <dst id="CHINng">146136.461333333</dst>
            <dst id="DNVRng">7823.88533333333</dst>
            <dst id="HSTNng">3615.00533333333</dst>
            <dst id="IPLSng">52950.7066666667</dst>
            <dst id="KSCYng">5332.49066666667</dst>
            <dst id="LOSAng">16530.6293333333</dst>
            <dst id="NYCMng">49742.9093333333</dst>
            <dst id="SNVAng">13535.656</dst>
            <dst id="STTLng">19780.904</dst>
            <dst id="WASHng">55637.5093333333</dst>
        </src>
        <src id="NYCMng">
            <dst id="ATLA-M5">419.232</dst>
            <dst id="ATLAng">30665.7253333333</dst>
            <dst id="CHINng">62092.7786666667</dst>
            <dst id="DNVRng">25474.824</dst>
            <dst id="HSTNng">24520</dst>
            <dst id="IPLSng">44339.944</dst>
            <dst id="KSCYng">13321.544</dst>
            <dst id="LOSAng">64489.632</dst>
            <dst id="NYCMng">161770.968</dst>
            <dst id="SNVAng">9038.648</dst>
            <dst id="STTLng">23100.112</dst>
            <dst id="WASHng">59554.8613333333</dst>
        </src>
        <src id="SNVAng">
            <dst id="ATLA-M5">349.584</dst>
            <dst id="ATLAng">598.032</dst>
            <dst id="CHINng">5930.84</dst>
            <dst id="DNVRng">3761.92</dst>
            <dst id="HSTNng">168.968</dst>
            <dst id="IPLSng">1002.65333333333</dst>
            <dst id="KSCYng">538.130666666667</dst>
            <dst id="LOSAng">31368.5146666667</dst>
            <dst id="NYCMng">2068.33333333333</dst>
            <dst id="SNVAng">16650.616</dst>
            <dst id="STTLng">59933.9066666667</dst>
            <dst id="WASHng">1265.21333333333</dst>
        </src>
        <src id="STTLng">
            <dst id="ATLA-M5">61.9493333333333</dst>
            <dst id="ATLAng">10387.6213333333</dst>
            <dst id="CHINng">74632.8426666667</dst>
            <dst id="DNVRng">4131.19733333333</dst>
            <dst id="HSTNng">1768.056</dst>
            <dst id="IPLSng">6353.344</dst>
            <dst id="KSCYng">3683.17333333333</dst>
            <dst id="LOSAng">22855.9973333333</dst>
            <dst id="NYCMng">23117.032</dst>
            <dst id="SNVAng">2979.44</dst>
            <dst id="STTLng">7932.152</dst>
            <dst id="WASHng">8836.24</dst>
        </src>
        <src id="WASHng">
            <dst id="ATLA-M5">19472.168</dst>
            <dst id="ATLAng">114365.178666667</dst>
            <dst id="CHINng">58974.2826666667</dst>
            <dst id="DNVRng">47387.2213333333</dst>
            <dst id="HSTNng">16748.192</dst>
            <dst id="IPLSng">41194.5546666667</dst>
            <dst id="KSCYng">7263.77066666667</dst>
            <dst id="LOSAng">67426.2666666667</dst>
            <dst id="NYCMng">165609.090666667</dst>
            <dst id="SNVAng">18128.9306666667</dst>
            <dst id="STTLng">31367.4293333333</dst>
            <dst id="WASHng">376606.213333333</dst>
        </src>
    </IntraTM>
</TrafficMatrixFile>
