<?xml version="1.0" encoding="ISO-8859-1" standalone="yes"?>
<TrafficMatrixFile xsi:noNamespaceSchemaLocation="http://totem.run.montefiore.ulg.ac.be/Schema/TrafficMatrix-v1_2.xsd" xmlns:xsi="http://www.w3.org/2001/XMLSchema-instance">
    <IntraTM ASID="11537">
        <src id="ATLA-M5">
            <dst id="ATLA-M5">104.592</dst>
            <dst id="ATLAng">351.76</dst>
            <dst id="CHINng">1122.104</dst>
            <dst id="DNVRng">1037.32266666667</dst>
            <dst id="HSTNng">817.181333333333</dst>
            <dst id="IPLSng">971.165333333333</dst>
            <dst id="KSCYng">1209.088</dst>
            <dst id="LOSAng">368.181333333333</dst>
            <dst id="NYCMng">1304.82133333333</dst>
            <dst id="SNVAng">294.581333333333</dst>
            <dst id="STTLng">116.242666666667</dst>
            <dst id="WASHng">1984.99733333333</dst>
        </src>
        <src id="ATLAng">
            <dst id="ATLA-M5">947.058666666667</dst>
            <dst id="ATLAng">26020.7093333333</dst>
            <dst id="CHINng">39478.6746666667</dst>
            <dst id="DNVRng">25402.1413333333</dst>
            <dst id="HSTNng">11894.0693333333</dst>
            <dst id="IPLSng">41649.728</dst>
            <dst id="KSCYng">7489.97333333333</dst>
            <dst id="LOSAng">22936.4986666667</dst>
            <dst id="NYCMng">23065.8906666667</dst>
            <dst id="SNVAng">6242.11733333333</dst>
            <dst id="STTLng">8100.712</dst>
            <dst id="WASHng">75093.7146666667</dst>
        </src>
        <src id="CHINng">
            <dst id="ATLA-M5">4576.216</dst>
            <dst id="ATLAng">14122.5226666667</dst>
            <dst id="CHINng">58740.448</dst>
            <dst id="DNVRng">15101.0053333333</dst>
            <dst id="HSTNng">20909.92</dst>
            <dst id="IPLSng">49477.7866666667</dst>
            <dst id="KSCYng">9684.736</dst>
            <dst id="LOSAng">30619.5893333333</dst>
            <dst id="NYCMng">8307.904</dst>
            <dst id="SNVAng">7804.648</dst>
            <dst id="STTLng">13436.8906666667</dst>
            <dst id="WASHng">20554.2026666667</dst>
        </src>
        <src id="DNVRng">
            <dst id="ATLA-M5">1062.248</dst>
            <dst id="ATLAng">8859.48533333333</dst>
            <dst id="CHINng">63455.3226666667</dst>
            <dst id="DNVRng">13477.2746666667</dst>
            <dst id="HSTNng">19295.7333333333</dst>
            <dst id="IPLSng">40290.008</dst>
            <dst id="KSCYng">13393.6426666667</dst>
            <dst id="LOSAng">11457.8826666667</dst>
            <dst id="NYCMng">20791.816</dst>
            <dst id="SNVAng">14885.5626666667</dst>
            <dst id="STTLng">19210.8053333333</dst>
            <dst id="WASHng">59313.3546666667</dst>
        </src>
        <src id="HSTNng">
            <dst id="ATLA-M5">731.424</dst>
            <dst id="ATLAng">4601.44</dst>
            <dst id="CHINng">28884.2373333333</dst>
            <dst id="DNVRng">7562.40266666667</dst>
            <dst id="HSTNng">13549.1146666667</dst>
            <dst id="IPLSng">9717.056</dst>
            <dst id="KSCYng">6947.82133333333</dst>
            <dst id="LOSAng">89306.1866666667</dst>
            <dst id="NYCMng">11834.8906666667</dst>
            <dst id="SNVAng">3359.688</dst>
            <dst id="STTLng">3189.72266666667</dst>
            <dst id="WASHng">8365.08</dst>
        </src>
        <src id="IPLSng">
            <dst id="ATLA-M5">1530.50666666667</dst>
            <dst id="ATLAng">54182.8533333333</dst>
            <dst id="CHINng">128813.170666667</dst>
            <dst id="DNVRng">49042.1733333333</dst>
            <dst id="HSTNng">7763.832</dst>
            <dst id="IPLSng">46404.6266666667</dst>
            <dst id="KSCYng">14138.984</dst>
            <dst id="LOSAng">31804.048</dst>
            <dst id="NYCMng">57818.824</dst>
            <dst id="SNVAng">12988.672</dst>
            <dst id="STTLng">23067.536</dst>
            <dst id="WASHng">49787.1333333333</dst>
        </src>
        <src id="KSCYng">
            <dst id="ATLA-M5">816.738666666667</dst>
            <dst id="ATLAng">8772.93066666666</dst>
            <dst id="CHINng">39869.2773333333</dst>
            <dst id="DNVRng">14655.008</dst>
            <dst id="HSTNng">9708.6</dst>
            <dst id="IPLSng">13008.4026666667</dst>
            <dst id="KSCYng">8631.48</dst>
            <dst id="LOSAng">12580.7733333333</dst>
            <dst id="NYCMng">11068.1013333333</dst>
            <dst id="SNVAng">4676.808</dst>
            <dst id="STTLng">4385.13066666667</dst>
            <dst id="WASHng">18748.1306666667</dst>
        </src>
        <src id="LOSAng">
            <dst id="ATLA-M5">1024.81066666667</dst>
            <dst id="ATLAng">41372.024</dst>
            <dst id="CHINng">1012998.02666667</dst>
            <dst id="DNVRng">18431.6933333333</dst>
            <dst id="HSTNng">12558.8026666667</dst>
            <dst id="IPLSng">54861.7173333333</dst>
            <dst id="KSCYng">13544.92</dst>
            <dst id="LOSAng">12958.4613333333</dst>
            <dst id="NYCMng">59210.9413333333</dst>
            <dst id="SNVAng">13628.9946666667</dst>
            <dst id="STTLng">32289.4133333333</dst>
            <dst id="WASHng">64651.464</dst>
        </src>
        <src id="NYCMng">
            <dst id="ATLA-M5">2529.56</dst>
            <dst id="ATLAng">67862.504</dst>
            <dst id="CHINng">71139.8453333333</dst>
            <dst id="DNVRng">55121.2613333333</dst>
            <dst id="HSTNng">42092.8106666667</dst>
            <dst id="IPLSng">125820.288</dst>
            <dst id="KSCYng">34121.968</dst>
            <dst id="LOSAng">88128.9493333333</dst>
            <dst id="NYCMng">147842.437333333</dst>
            <dst id="SNVAng">13127.3866666667</dst>
            <dst id="STTLng">47126.856</dst>
            <dst id="WASHng">183005.52</dst>
        </src>
        <src id="SNVAng">
            <dst id="ATLA-M5">363.88</dst>
            <dst id="ATLAng">1905.98933333333</dst>
            <dst id="CHINng">5463.24266666667</dst>
            <dst id="DNVRng">6572.77866666667</dst>
            <dst id="HSTNng">1296.46666666667</dst>
            <dst id="IPLSng">7581.86666666667</dst>
            <dst id="KSCYng">1412.376</dst>
            <dst id="LOSAng">45916.5946666667</dst>
            <dst id="NYCMng">4012.99466666667</dst>
            <dst id="SNVAng">22080.5333333333</dst>
            <dst id="STTLng">60879.672</dst>
            <dst id="WASHng">4834.45066666667</dst>
        </src>
        <src id="STTLng">
            <dst id="ATLA-M5">393.168</dst>
            <dst id="ATLAng">17737.1466666667</dst>
            <dst id="CHINng">68231.0533333333</dst>
            <dst id="DNVRng">11413.072</dst>
            <dst id="HSTNng">5591.048</dst>
            <dst id="IPLSng">32960.7786666667</dst>
            <dst id="KSCYng">6777.86666666667</dst>
            <dst id="LOSAng">28754.608</dst>
            <dst id="NYCMng">24382.304</dst>
            <dst id="SNVAng">9882.688</dst>
            <dst id="STTLng">9019.42933333333</dst>
            <dst id="WASHng">18170.544</dst>
        </src>
        <src id="WASHng">
            <dst id="ATLA-M5">4342.95466666667</dst>
            <dst id="ATLAng">114671.178666667</dst>
            <dst id="CHINng">78710.648</dst>
            <dst id="DNVRng">64954.6693333333</dst>
            <dst id="HSTNng">38355.0293333333</dst>
            <dst id="IPLSng">104659.018666667</dst>
            <dst id="KSCYng">31410.2213333333</dst>
            <dst id="LOSAng">81220.368</dst>
            <dst id="NYCMng">183002.613333333</dst>
            <dst id="SNVAng">18156.576</dst>
            <dst id="STTLng">47294.2053333333</dst>
            <dst id="WASHng">251616.224</dst>
        </src>
    </IntraTM>
</TrafficMatrixFile>
