<?xml version="1.0" encoding="ISO-8859-1" standalone="yes"?>
<TrafficMatrixFile xsi:noNamespaceSchemaLocation="http://totem.run.montefiore.ulg.ac.be/Schema/TrafficMatrix-v1_2.xsd" xmlns:xsi="http://www.w3.org/2001/XMLSchema-instance">
    <IntraTM ASID="11537">
        <src id="ATLA-M5">
            <dst id="ATLA-M5">137.944</dst>
            <dst id="ATLAng">433.976</dst>
            <dst id="CHINng">1252.304</dst>
            <dst id="DNVRng">1227.6</dst>
            <dst id="HSTNng">264.784</dst>
            <dst id="IPLSng">2999.94666666667</dst>
            <dst id="KSCYng">477.693333333333</dst>
            <dst id="LOSAng">1151.39733333333</dst>
            <dst id="NYCMng">3655.064</dst>
            <dst id="SNVAng">232.344</dst>
            <dst id="STTLng">153.602666666667</dst>
            <dst id="WASHng">1685.776</dst>
        </src>
        <src id="ATLAng">
            <dst id="ATLA-M5">2595.76</dst>
            <dst id="ATLAng">26874.1653333333</dst>
            <dst id="CHINng">27973.4213333333</dst>
            <dst id="DNVRng">19070.5786666667</dst>
            <dst id="HSTNng">11862.2666666667</dst>
            <dst id="IPLSng">55787.3946666667</dst>
            <dst id="KSCYng">9645.536</dst>
            <dst id="LOSAng">27726.72</dst>
            <dst id="NYCMng">24090.7066666667</dst>
            <dst id="SNVAng">3036.156</dst>
            <dst id="STTLng">8456.97333333333</dst>
            <dst id="WASHng">78288.0426666667</dst>
        </src>
        <src id="CHINng">
            <dst id="ATLA-M5">5583.41333333333</dst>
            <dst id="ATLAng">20849.4</dst>
            <dst id="CHINng">34802.0293333333</dst>
            <dst id="DNVRng">11259.2133333333</dst>
            <dst id="HSTNng">14763.6986666667</dst>
            <dst id="IPLSng">52024.9813333333</dst>
            <dst id="KSCYng">6343.928</dst>
            <dst id="LOSAng">943493.733333333</dst>
            <dst id="NYCMng">9001.63466666666</dst>
            <dst id="SNVAng">7761.64266666667</dst>
            <dst id="STTLng">8347.66133333333</dst>
            <dst id="WASHng">13587.632</dst>
        </src>
        <src id="DNVRng">
            <dst id="ATLA-M5">1346.544</dst>
            <dst id="ATLAng">9266.51733333333</dst>
            <dst id="CHINng">63331.1733333333</dst>
            <dst id="DNVRng">34259.624</dst>
            <dst id="HSTNng">20173.744</dst>
            <dst id="IPLSng">35511.144</dst>
            <dst id="KSCYng">24427.544</dst>
            <dst id="LOSAng">11838.8986666667</dst>
            <dst id="NYCMng">23692.1573333333</dst>
            <dst id="SNVAng">17398.5013333333</dst>
            <dst id="STTLng">25367.5626666667</dst>
            <dst id="WASHng">65821.744</dst>
        </src>
        <src id="HSTNng">
            <dst id="ATLA-M5">637.381333333333</dst>
            <dst id="ATLAng">4606.93866666667</dst>
            <dst id="CHINng">26375.8693333333</dst>
            <dst id="DNVRng">7632.87733333333</dst>
            <dst id="HSTNng">12517.024</dst>
            <dst id="IPLSng">13662.344</dst>
            <dst id="KSCYng">4149.14666666667</dst>
            <dst id="LOSAng">94763.16</dst>
            <dst id="NYCMng">12016.456</dst>
            <dst id="SNVAng">3253.18933333333</dst>
            <dst id="STTLng">3904.67466666667</dst>
            <dst id="WASHng">8280.36533333333</dst>
        </src>
        <src id="IPLSng">
            <dst id="ATLA-M5">1227.48</dst>
            <dst id="ATLAng">53367.1413333333</dst>
            <dst id="CHINng">138289.146666667</dst>
            <dst id="DNVRng">30025.2933333333</dst>
            <dst id="HSTNng">13724.848</dst>
            <dst id="IPLSng">44813.3573333333</dst>
            <dst id="KSCYng">17292.9013333333</dst>
            <dst id="LOSAng">81571.2773333333</dst>
            <dst id="NYCMng">35226.2346666667</dst>
            <dst id="SNVAng">7777.528</dst>
            <dst id="STTLng">14146.3226666667</dst>
            <dst id="WASHng">44605.8746666667</dst>
        </src>
        <src id="KSCYng">
            <dst id="ATLA-M5">930.261333333333</dst>
            <dst id="ATLAng">8703.06666666667</dst>
            <dst id="CHINng">44276.4453333333</dst>
            <dst id="DNVRng">18652.6693333333</dst>
            <dst id="HSTNng">13626.064</dst>
            <dst id="IPLSng">14604.8586666667</dst>
            <dst id="KSCYng">9148.78666666667</dst>
            <dst id="LOSAng">8651.056</dst>
            <dst id="NYCMng">13054.936</dst>
            <dst id="SNVAng">4236.53866666667</dst>
            <dst id="STTLng">6223.88533333333</dst>
            <dst id="WASHng">16774.8053333333</dst>
        </src>
        <src id="LOSAng">
            <dst id="ATLA-M5">2513.704</dst>
            <dst id="ATLAng">26420.5626666667</dst>
            <dst id="CHINng">126759.293333333</dst>
            <dst id="DNVRng">26113.1786666667</dst>
            <dst id="HSTNng">12622.304</dst>
            <dst id="IPLSng">47269.7093333333</dst>
            <dst id="KSCYng">14134.0506666667</dst>
            <dst id="LOSAng">13816.3093333333</dst>
            <dst id="NYCMng">64478.9333333333</dst>
            <dst id="SNVAng">11539.4026666667</dst>
            <dst id="STTLng">35998.64</dst>
            <dst id="WASHng">88940.7866666667</dst>
        </src>
        <src id="NYCMng">
            <dst id="ATLA-M5">4147.01333333333</dst>
            <dst id="ATLAng">75905.728</dst>
            <dst id="CHINng">68398.12</dst>
            <dst id="DNVRng">47320.7546666667</dst>
            <dst id="HSTNng">46904.6693333333</dst>
            <dst id="IPLSng">86622.4666666667</dst>
            <dst id="KSCYng">28909.0346666667</dst>
            <dst id="LOSAng">92411.3226666667</dst>
            <dst id="NYCMng">166683.034666667</dst>
            <dst id="SNVAng">13452.912</dst>
            <dst id="STTLng">44373.2693333333</dst>
            <dst id="WASHng">177538.698666667</dst>
        </src>
        <src id="SNVAng">
            <dst id="ATLA-M5">282.882666666667</dst>
            <dst id="ATLAng">845.784</dst>
            <dst id="CHINng">7818.93333333334</dst>
            <dst id="DNVRng">4334.904</dst>
            <dst id="HSTNng">1228.71466666667</dst>
            <dst id="IPLSng">2451.65866666667</dst>
            <dst id="KSCYng">1058.65866666667</dst>
            <dst id="LOSAng">44185.1626666667</dst>
            <dst id="NYCMng">2835.68266666667</dst>
            <dst id="SNVAng">18085.8933333333</dst>
            <dst id="STTLng">72134.3226666667</dst>
            <dst id="WASHng">4215.98666666667</dst>
        </src>
        <src id="STTLng">
            <dst id="ATLA-M5">426.130666666667</dst>
            <dst id="ATLAng">15318.0053333333</dst>
            <dst id="CHINng">60832.4826666667</dst>
            <dst id="DNVRng">11676.5493333333</dst>
            <dst id="HSTNng">5282.91466666667</dst>
            <dst id="IPLSng">20704.36</dst>
            <dst id="KSCYng">6055.776</dst>
            <dst id="LOSAng">33975.84</dst>
            <dst id="NYCMng">23462.4186666667</dst>
            <dst id="SNVAng">9731.144</dst>
            <dst id="STTLng">13651.1866666667</dst>
            <dst id="WASHng">23449.552</dst>
        </src>
        <src id="WASHng">
            <dst id="ATLA-M5">5862.53866666667</dst>
            <dst id="ATLAng">151421.565333333</dst>
            <dst id="CHINng">85357.6773333333</dst>
            <dst id="DNVRng">73113.824</dst>
            <dst id="HSTNng">25214.8106666667</dst>
            <dst id="IPLSng">88243.024</dst>
            <dst id="KSCYng">27347.9626666667</dst>
            <dst id="LOSAng">104090.162666667</dst>
            <dst id="NYCMng">195000.906666667</dst>
            <dst id="SNVAng">15128.272</dst>
            <dst id="STTLng">46743.04</dst>
            <dst id="WASHng">244810.949333333</dst>
        </src>
    </IntraTM>
</TrafficMatrixFile>
