<?xml version="1.0" encoding="ISO-8859-1" standalone="yes"?>
<TrafficMatrixFile xsi:noNamespaceSchemaLocation="http://totem.run.montefiore.ulg.ac.be/Schema/TrafficMatrix-v1_2.xsd" xmlns:xsi="http://www.w3.org/2001/XMLSchema-instance">
    <IntraTM ASID="11537">
        <src id="ATLA-M5">
            <dst id="ATLA-M5">0</dst>
            <dst id="ATLAng">564.773333333333</dst>
            <dst id="CHINng">2181.25333333333</dst>
            <dst id="DNVRng">184.544</dst>
            <dst id="HSTNng">732.786666666667</dst>
            <dst id="IPLSng">4554.696</dst>
            <dst id="KSCYng">648.586666666667</dst>
            <dst id="LOSAng">866.014666666667</dst>
            <dst id="NYCMng">584.912</dst>
            <dst id="SNVAng">304.332</dst>
            <dst id="STTLng">184.730666666667</dst>
            <dst id="WASHng">2077.13333333333</dst>
        </src>
        <src id="ATLAng">
            <dst id="ATLA-M5">1234.344</dst>
            <dst id="ATLAng">65221.8613333333</dst>
            <dst id="CHINng">27777.2693333333</dst>
            <dst id="DNVRng">9037.888</dst>
            <dst id="HSTNng">10490.6186666667</dst>
            <dst id="IPLSng">29640.5386666667</dst>
            <dst id="KSCYng">11433.656</dst>
            <dst id="LOSAng">18184.1946666667</dst>
            <dst id="NYCMng">21252.2826666667</dst>
            <dst id="SNVAng">3462.504</dst>
            <dst id="STTLng">9280.50666666666</dst>
            <dst id="WASHng">72020.0693333333</dst>
        </src>
        <src id="CHINng">
            <dst id="ATLA-M5">4329.83733333333</dst>
            <dst id="ATLAng">13426.816</dst>
            <dst id="CHINng">34737.944</dst>
            <dst id="DNVRng">11597.6346666667</dst>
            <dst id="HSTNng">13299.8986666667</dst>
            <dst id="IPLSng">51891.984</dst>
            <dst id="KSCYng">5903.688</dst>
            <dst id="LOSAng">32676.9146666667</dst>
            <dst id="NYCMng">4977.69066666667</dst>
            <dst id="SNVAng">4440.30933333333</dst>
            <dst id="STTLng">10277.4453333333</dst>
            <dst id="WASHng">17651.56</dst>
        </src>
        <src id="DNVRng">
            <dst id="ATLA-M5">352.573333333333</dst>
            <dst id="ATLAng">10142.8693333333</dst>
            <dst id="CHINng">55874.4213333333</dst>
            <dst id="DNVRng">19686.816</dst>
            <dst id="HSTNng">17515.5813333333</dst>
            <dst id="IPLSng">34138.8106666667</dst>
            <dst id="KSCYng">27526.4533333333</dst>
            <dst id="LOSAng">10181.3413333333</dst>
            <dst id="NYCMng">24389.4266666667</dst>
            <dst id="SNVAng">11080.888</dst>
            <dst id="STTLng">14227.6666666667</dst>
            <dst id="WASHng">58949.36</dst>
        </src>
        <src id="HSTNng">
            <dst id="ATLA-M5">424.229333333333</dst>
            <dst id="ATLAng">9083.16533333333</dst>
            <dst id="CHINng">26957.3306666667</dst>
            <dst id="DNVRng">8157.144</dst>
            <dst id="HSTNng">7492.87466666667</dst>
            <dst id="IPLSng">13612.2986666667</dst>
            <dst id="KSCYng">3193.94666666667</dst>
            <dst id="LOSAng">107120.496</dst>
            <dst id="NYCMng">11119.6373333333</dst>
            <dst id="SNVAng">1587.008</dst>
            <dst id="STTLng">4383.13333333333</dst>
            <dst id="WASHng">14825.7866666667</dst>
        </src>
        <src id="IPLSng">
            <dst id="ATLA-M5">839.274666666667</dst>
            <dst id="ATLAng">17945.408</dst>
            <dst id="CHINng">87084.7066666667</dst>
            <dst id="DNVRng">31750.576</dst>
            <dst id="HSTNng">8699.39733333333</dst>
            <dst id="IPLSng">29965.544</dst>
            <dst id="KSCYng">18320.8133333333</dst>
            <dst id="LOSAng">36804.8186666667</dst>
            <dst id="NYCMng">58105.6453333333</dst>
            <dst id="SNVAng">4421.616</dst>
            <dst id="STTLng">12273.9333333333</dst>
            <dst id="WASHng">60881.1493333333</dst>
        </src>
        <src id="KSCYng">
            <dst id="ATLA-M5">304.874666666667</dst>
            <dst id="ATLAng">9278.80266666667</dst>
            <dst id="CHINng">31990.0426666667</dst>
            <dst id="DNVRng">8461.02133333333</dst>
            <dst id="HSTNng">5347.77066666667</dst>
            <dst id="IPLSng">13541.5626666667</dst>
            <dst id="KSCYng">8693.50933333334</dst>
            <dst id="LOSAng">5855.45333333333</dst>
            <dst id="NYCMng">7694.12533333333</dst>
            <dst id="SNVAng">2441.58666666667</dst>
            <dst id="STTLng">4884.14666666667</dst>
            <dst id="WASHng">16967.4586666667</dst>
        </src>
        <src id="LOSAng">
            <dst id="ATLA-M5">964.421333333333</dst>
            <dst id="ATLAng">33462.1066666667</dst>
            <dst id="CHINng">109056.957333333</dst>
            <dst id="DNVRng">12000.28</dst>
            <dst id="HSTNng">17411.0053333333</dst>
            <dst id="IPLSng">47612.2773333333</dst>
            <dst id="KSCYng">15334.9253333333</dst>
            <dst id="LOSAng">16058.968</dst>
            <dst id="NYCMng">67080.7226666667</dst>
            <dst id="SNVAng">13916.1226666667</dst>
            <dst id="STTLng">38150.7866666667</dst>
            <dst id="WASHng">79779.2533333333</dst>
        </src>
        <src id="NYCMng">
            <dst id="ATLA-M5">3552.21066666667</dst>
            <dst id="ATLAng">45919.9546666667</dst>
            <dst id="CHINng">76757.7333333333</dst>
            <dst id="DNVRng">46745.36</dst>
            <dst id="HSTNng">46479.8026666667</dst>
            <dst id="IPLSng">87473.184</dst>
            <dst id="KSCYng">23673.984</dst>
            <dst id="LOSAng">85306.0133333333</dst>
            <dst id="NYCMng">138700.013333333</dst>
            <dst id="SNVAng">11685.9626666667</dst>
            <dst id="STTLng">42373.4293333333</dst>
            <dst id="WASHng">151906.650666667</dst>
        </src>
        <src id="SNVAng">
            <dst id="ATLA-M5">86.0746666666667</dst>
            <dst id="ATLAng">1586.784</dst>
            <dst id="CHINng">3865.66666666667</dst>
            <dst id="DNVRng">16084.496</dst>
            <dst id="HSTNng">1452.184</dst>
            <dst id="IPLSng">13871.3173333333</dst>
            <dst id="KSCYng">1404.53866666667</dst>
            <dst id="LOSAng">38583.3493333333</dst>
            <dst id="NYCMng">3147.46666666667</dst>
            <dst id="SNVAng">20070.2986666667</dst>
            <dst id="STTLng">67209.7626666667</dst>
            <dst id="WASHng">3125.63733333333</dst>
        </src>
        <src id="STTLng">
            <dst id="ATLA-M5">263.637333333333</dst>
            <dst id="ATLAng">13728.4933333333</dst>
            <dst id="CHINng">48076.9493333333</dst>
            <dst id="DNVRng">5233.05866666667</dst>
            <dst id="HSTNng">3739.432</dst>
            <dst id="IPLSng">17447.2853333333</dst>
            <dst id="KSCYng">4641.15733333333</dst>
            <dst id="LOSAng">40750.2053333333</dst>
            <dst id="NYCMng">26809.9546666667</dst>
            <dst id="SNVAng">8698.73333333333</dst>
            <dst id="STTLng">17106.408</dst>
            <dst id="WASHng">15352.8346666667</dst>
        </src>
        <src id="WASHng">
            <dst id="ATLA-M5">3400.09333333333</dst>
            <dst id="ATLAng">132933.690666667</dst>
            <dst id="CHINng">101473.298666667</dst>
            <dst id="DNVRng">61157.1733333333</dst>
            <dst id="HSTNng">20740.024</dst>
            <dst id="IPLSng">81303.68</dst>
            <dst id="KSCYng">9672.89066666667</dst>
            <dst id="LOSAng">90880.6213333333</dst>
            <dst id="NYCMng">221452.202666667</dst>
            <dst id="SNVAng">25778.8613333333</dst>
            <dst id="STTLng">40087.512</dst>
            <dst id="WASHng">238630.130666667</dst>
        </src>
    </IntraTM>
</TrafficMatrixFile>
