<?xml version="1.0" encoding="ISO-8859-1" standalone="yes"?>
<TrafficMatrixFile xsi:noNamespaceSchemaLocation="http://totem.run.montefiore.ulg.ac.be/Schema/TrafficMatrix-v1_2.xsd" xmlns:xsi="http://www.w3.org/2001/XMLSchema-instance">
    <IntraTM ASID="11537">
        <src id="ATLA-M5">
            <dst id="ATLA-M5">1476.40533333333</dst>
            <dst id="ATLAng">525.282666666667</dst>
            <dst id="CHINng">2555.15466666667</dst>
            <dst id="DNVRng">301.192</dst>
            <dst id="HSTNng">1193.73066666667</dst>
            <dst id="IPLSng">2325.456</dst>
            <dst id="KSCYng">410.269333333333</dst>
            <dst id="LOSAng">2696.99466666667</dst>
            <dst id="NYCMng">941.821333333333</dst>
            <dst id="SNVAng">103.170666666667</dst>
            <dst id="STTLng">76.0773333333333</dst>
            <dst id="WASHng">2624.05866666667</dst>
        </src>
        <src id="ATLAng">
            <dst id="ATLA-M5">731.938666666667</dst>
            <dst id="ATLAng">40288.352</dst>
            <dst id="CHINng">31655.2506666667</dst>
            <dst id="DNVRng">4502.94666666667</dst>
            <dst id="HSTNng">4812.016</dst>
            <dst id="IPLSng">25527.5093333333</dst>
            <dst id="KSCYng">6300.18666666667</dst>
            <dst id="LOSAng">25844.592</dst>
            <dst id="NYCMng">28560.8293333333</dst>
            <dst id="SNVAng">627.778666666667</dst>
            <dst id="STTLng">9632.54933333333</dst>
            <dst id="WASHng">46518.7466666667</dst>
        </src>
        <src id="CHINng">
            <dst id="ATLA-M5">309.530666666667</dst>
            <dst id="ATLAng">16381.0613333333</dst>
            <dst id="CHINng">32699.8906666667</dst>
            <dst id="DNVRng">14931.7626666667</dst>
            <dst id="HSTNng">9648.56</dst>
            <dst id="IPLSng">33104.3386666667</dst>
            <dst id="KSCYng">14851.4053333333</dst>
            <dst id="LOSAng">30915.6373333333</dst>
            <dst id="NYCMng">4843.11733333333</dst>
            <dst id="SNVAng">1412.38666666667</dst>
            <dst id="STTLng">9472.62933333333</dst>
            <dst id="WASHng">14175.6773333333</dst>
        </src>
        <src id="DNVRng">
            <dst id="ATLA-M5">45.104</dst>
            <dst id="ATLAng">5062.936</dst>
            <dst id="CHINng">32822.7893333333</dst>
            <dst id="DNVRng">19568.5173333333</dst>
            <dst id="HSTNng">5510.79466666667</dst>
            <dst id="IPLSng">13533.144</dst>
            <dst id="KSCYng">15061.7093333333</dst>
            <dst id="LOSAng">22750.4266666667</dst>
            <dst id="NYCMng">11790.9626666667</dst>
            <dst id="SNVAng">17805.1386666667</dst>
            <dst id="STTLng">19249.2826666667</dst>
            <dst id="WASHng">14303.7573333333</dst>
        </src>
        <src id="HSTNng">
            <dst id="ATLA-M5">3249.46933333333</dst>
            <dst id="ATLAng">3413.46666666667</dst>
            <dst id="CHINng">20059.6106666667</dst>
            <dst id="DNVRng">2816</dst>
            <dst id="HSTNng">5878.12266666667</dst>
            <dst id="IPLSng">10771.1866666667</dst>
            <dst id="KSCYng">3772.864</dst>
            <dst id="LOSAng">6982.59733333333</dst>
            <dst id="NYCMng">7284.88266666667</dst>
            <dst id="SNVAng">2570.95466666667</dst>
            <dst id="STTLng">4151.97866666667</dst>
            <dst id="WASHng">7422.944</dst>
        </src>
        <src id="IPLSng">
            <dst id="ATLA-M5">539.056</dst>
            <dst id="ATLAng">18222.8453333333</dst>
            <dst id="CHINng">76514.1813333333</dst>
            <dst id="DNVRng">10174.736</dst>
            <dst id="HSTNng">9055.41866666667</dst>
            <dst id="IPLSng">37063.3893333333</dst>
            <dst id="KSCYng">11422.032</dst>
            <dst id="LOSAng">63836.7626666667</dst>
            <dst id="NYCMng">39733.8586666667</dst>
            <dst id="SNVAng">3520.864</dst>
            <dst id="STTLng">13643.08</dst>
            <dst id="WASHng">46207.7466666667</dst>
        </src>
        <src id="KSCYng">
            <dst id="ATLA-M5">160.261333333333</dst>
            <dst id="ATLAng">12675.8773333333</dst>
            <dst id="CHINng">33615.9813333333</dst>
            <dst id="DNVRng">10186.7386666667</dst>
            <dst id="HSTNng">3817.28</dst>
            <dst id="IPLSng">15248.2346666667</dst>
            <dst id="KSCYng">7795.296</dst>
            <dst id="LOSAng">8268.55733333333</dst>
            <dst id="NYCMng">9650.18133333334</dst>
            <dst id="SNVAng">2373.832</dst>
            <dst id="STTLng">4379.352</dst>
            <dst id="WASHng">14151.0826666667</dst>
        </src>
        <src id="LOSAng">
            <dst id="ATLA-M5">1220.48266666667</dst>
            <dst id="ATLAng">19138.5173333333</dst>
            <dst id="CHINng">73287.9893333333</dst>
            <dst id="DNVRng">14612.8693333333</dst>
            <dst id="HSTNng">12461.1893333333</dst>
            <dst id="IPLSng">42216.328</dst>
            <dst id="KSCYng">10197.952</dst>
            <dst id="LOSAng">27710.712</dst>
            <dst id="NYCMng">61283.584</dst>
            <dst id="SNVAng">2445.45866666667</dst>
            <dst id="STTLng">31405.5546666667</dst>
            <dst id="WASHng">58084.9386666667</dst>
        </src>
        <src id="NYCMng">
            <dst id="ATLA-M5">2736.936</dst>
            <dst id="ATLAng">43390.8373333333</dst>
            <dst id="CHINng">65193.7973333333</dst>
            <dst id="DNVRng">27297.7013333333</dst>
            <dst id="HSTNng">41151.2426666667</dst>
            <dst id="IPLSng">73641.4693333333</dst>
            <dst id="KSCYng">25908.624</dst>
            <dst id="LOSAng">75568.352</dst>
            <dst id="NYCMng">154047.144</dst>
            <dst id="SNVAng">11692.84</dst>
            <dst id="STTLng">33626.3946666667</dst>
            <dst id="WASHng">114785.4</dst>
        </src>
        <src id="SNVAng">
            <dst id="ATLA-M5">218.293333333333</dst>
            <dst id="ATLAng">4214.16533333333</dst>
            <dst id="CHINng">4894.16533333333</dst>
            <dst id="DNVRng">18054.544</dst>
            <dst id="HSTNng">1977.53866666667</dst>
            <dst id="IPLSng">2380.4</dst>
            <dst id="KSCYng">725.178666666667</dst>
            <dst id="LOSAng">3548.696</dst>
            <dst id="NYCMng">12853.8933333333</dst>
            <dst id="SNVAng">467.664</dst>
            <dst id="STTLng">2976.86933333333</dst>
            <dst id="WASHng">4713.37333333333</dst>
        </src>
        <src id="STTLng">
            <dst id="ATLA-M5">150.970666666667</dst>
            <dst id="ATLAng">15783.344</dst>
            <dst id="CHINng">34556.6453333333</dst>
            <dst id="DNVRng">5467.45333333333</dst>
            <dst id="HSTNng">5615.45866666666</dst>
            <dst id="IPLSng">16216.4506666667</dst>
            <dst id="KSCYng">4258.53333333333</dst>
            <dst id="LOSAng">23945.3466666667</dst>
            <dst id="NYCMng">23282.9813333333</dst>
            <dst id="SNVAng">3074.25066666667</dst>
            <dst id="STTLng">6036.10133333333</dst>
            <dst id="WASHng">13690.3413333333</dst>
        </src>
        <src id="WASHng">
            <dst id="ATLA-M5">282.869333333333</dst>
            <dst id="ATLAng">126620.24</dst>
            <dst id="CHINng">92208.5973333334</dst>
            <dst id="DNVRng">38155.9466666667</dst>
            <dst id="HSTNng">21841.8746666667</dst>
            <dst id="IPLSng">61695.104</dst>
            <dst id="KSCYng">24060.5626666667</dst>
            <dst id="LOSAng">70808.1066666667</dst>
            <dst id="NYCMng">157663.234666667</dst>
            <dst id="SNVAng">7464.53866666667</dst>
            <dst id="STTLng">28661.7173333333</dst>
            <dst id="WASHng">182558.085333333</dst>
        </src>
    </IntraTM>
</TrafficMatrixFile>
