<?xml version="1.0" encoding="ISO-8859-1" standalone="yes"?>
<TrafficMatrixFile xsi:noNamespaceSchemaLocation="http://totem.run.montefiore.ulg.ac.be/Schema/TrafficMatrix-v1_2.xsd" xmlns:xsi="http://www.w3.org/2001/XMLSchema-instance">
    <IntraTM ASID="11537">
        <src id="ATLA-M5">
            <dst id="ATLA-M5">0</dst>
            <dst id="ATLAng">675.637333333333</dst>
            <dst id="CHINng">771.96</dst>
            <dst id="DNVRng">239.133333333333</dst>
            <dst id="HSTNng">188.501333333333</dst>
            <dst id="IPLSng">437.368</dst>
            <dst id="KSCYng">264.706666666667</dst>
            <dst id="LOSAng">717.104</dst>
            <dst id="NYCMng">581.029333333333</dst>
            <dst id="SNVAng">146.016</dst>
            <dst id="STTLng">195.509333333333</dst>
            <dst id="WASHng">4548.896</dst>
        </src>
        <src id="ATLAng">
            <dst id="ATLA-M5">386.296</dst>
            <dst id="ATLAng">29446.5893333333</dst>
            <dst id="CHINng">16046.3866666667</dst>
            <dst id="DNVRng">4345.40266666667</dst>
            <dst id="HSTNng">4303.59466666667</dst>
            <dst id="IPLSng">22948.296</dst>
            <dst id="KSCYng">4870.77066666667</dst>
            <dst id="LOSAng">12162.0986666667</dst>
            <dst id="NYCMng">15794.8053333333</dst>
            <dst id="SNVAng">1446.848</dst>
            <dst id="STTLng">4633.31466666667</dst>
            <dst id="WASHng">77425.0373333333</dst>
        </src>
        <src id="CHINng">
            <dst id="ATLA-M5">156.725333333333</dst>
            <dst id="ATLAng">10029.9973333333</dst>
            <dst id="CHINng">42325.2346666667</dst>
            <dst id="DNVRng">6754.456</dst>
            <dst id="HSTNng">10225.6933333333</dst>
            <dst id="IPLSng">14376.6053333333</dst>
            <dst id="KSCYng">5919.632</dst>
            <dst id="LOSAng">21122.8373333333</dst>
            <dst id="NYCMng">5001.29066666667</dst>
            <dst id="SNVAng">1970.13333333333</dst>
            <dst id="STTLng">10781.8853333333</dst>
            <dst id="WASHng">9210.82933333333</dst>
        </src>
        <src id="DNVRng">
            <dst id="ATLA-M5">97.6373333333333</dst>
            <dst id="ATLAng">9316.64533333333</dst>
            <dst id="CHINng">63690.4186666667</dst>
            <dst id="DNVRng">21728.824</dst>
            <dst id="HSTNng">13073.68</dst>
            <dst id="IPLSng">31254</dst>
            <dst id="KSCYng">17917.792</dst>
            <dst id="LOSAng">5489.69866666667</dst>
            <dst id="NYCMng">32338.8746666667</dst>
            <dst id="SNVAng">10356.4666666667</dst>
            <dst id="STTLng">11632.9466666667</dst>
            <dst id="WASHng">59449.456</dst>
        </src>
        <src id="HSTNng">
            <dst id="ATLA-M5">3740.272</dst>
            <dst id="ATLAng">2984.096</dst>
            <dst id="CHINng">29514.3626666667</dst>
            <dst id="DNVRng">5611.02666666667</dst>
            <dst id="HSTNng">4873.23466666667</dst>
            <dst id="IPLSng">6600.82666666667</dst>
            <dst id="KSCYng">2906.66933333333</dst>
            <dst id="LOSAng">93881.5146666667</dst>
            <dst id="NYCMng">6511.30133333333</dst>
            <dst id="SNVAng">1128.824</dst>
            <dst id="STTLng">1065.08266666667</dst>
            <dst id="WASHng">6373.39466666667</dst>
        </src>
        <src id="IPLSng">
            <dst id="ATLA-M5">213.013333333333</dst>
            <dst id="ATLAng">16705.5093333333</dst>
            <dst id="CHINng">131909.621333333</dst>
            <dst id="DNVRng">18213.2666666667</dst>
            <dst id="HSTNng">3644.544</dst>
            <dst id="IPLSng">36615.2986666667</dst>
            <dst id="KSCYng">12887.9893333333</dst>
            <dst id="LOSAng">16536.0506666667</dst>
            <dst id="NYCMng">29053.1786666667</dst>
            <dst id="SNVAng">4749.57333333333</dst>
            <dst id="STTLng">9864.576</dst>
            <dst id="WASHng">59324.5013333333</dst>
        </src>
        <src id="KSCYng">
            <dst id="ATLA-M5">150.432</dst>
            <dst id="ATLAng">5407.56533333333</dst>
            <dst id="CHINng">50425.0506666667</dst>
            <dst id="DNVRng">10936.0026666667</dst>
            <dst id="HSTNng">3591.85866666667</dst>
            <dst id="IPLSng">17765.584</dst>
            <dst id="KSCYng">6048.47466666667</dst>
            <dst id="LOSAng">4561.66933333333</dst>
            <dst id="NYCMng">6194.848</dst>
            <dst id="SNVAng">1546.552</dst>
            <dst id="STTLng">5579.21333333333</dst>
            <dst id="WASHng">11109.08</dst>
        </src>
        <src id="LOSAng">
            <dst id="ATLA-M5">136.944</dst>
            <dst id="ATLAng">19349.3706666667</dst>
            <dst id="CHINng">140449.192</dst>
            <dst id="DNVRng">17392.6186666667</dst>
            <dst id="HSTNng">11096.2693333333</dst>
            <dst id="IPLSng">35363.472</dst>
            <dst id="KSCYng">3627.976</dst>
            <dst id="LOSAng">13168.7173333333</dst>
            <dst id="NYCMng">52103.2986666667</dst>
            <dst id="SNVAng">7984.36</dst>
            <dst id="STTLng">20047.0986666667</dst>
            <dst id="WASHng">61392.8586666667</dst>
        </src>
        <src id="NYCMng">
            <dst id="ATLA-M5">261.117333333333</dst>
            <dst id="ATLAng">36563.8026666667</dst>
            <dst id="CHINng">63350.9866666667</dst>
            <dst id="DNVRng">25188.5093333333</dst>
            <dst id="HSTNng">20601.9013333333</dst>
            <dst id="IPLSng">77928.8906666666</dst>
            <dst id="KSCYng">14318.8266666667</dst>
            <dst id="LOSAng">53707.9733333333</dst>
            <dst id="NYCMng">164785.456</dst>
            <dst id="SNVAng">11141.3066666667</dst>
            <dst id="STTLng">20776.4773333333</dst>
            <dst id="WASHng">89317.144</dst>
        </src>
        <src id="SNVAng">
            <dst id="ATLA-M5">0</dst>
            <dst id="ATLAng">757.661333333333</dst>
            <dst id="CHINng">6612.98133333333</dst>
            <dst id="DNVRng">8275.72</dst>
            <dst id="HSTNng">260.504</dst>
            <dst id="IPLSng">2163.15466666667</dst>
            <dst id="KSCYng">997.912</dst>
            <dst id="LOSAng">32932.0746666667</dst>
            <dst id="NYCMng">4095.13333333333</dst>
            <dst id="SNVAng">15968.9093333333</dst>
            <dst id="STTLng">65014.304</dst>
            <dst id="WASHng">1866.14933333333</dst>
        </src>
        <src id="STTLng">
            <dst id="ATLA-M5">187.128</dst>
            <dst id="ATLAng">9093.37866666667</dst>
            <dst id="CHINng">78289.256</dst>
            <dst id="DNVRng">3651.68533333333</dst>
            <dst id="HSTNng">1854.14666666667</dst>
            <dst id="IPLSng">11921.0026666667</dst>
            <dst id="KSCYng">2898.52266666667</dst>
            <dst id="LOSAng">19705.6933333333</dst>
            <dst id="NYCMng">23782.7093333333</dst>
            <dst id="SNVAng">3692.14933333333</dst>
            <dst id="STTLng">11618.0693333333</dst>
            <dst id="WASHng">11974.5226666667</dst>
        </src>
        <src id="WASHng">
            <dst id="ATLA-M5">918.733333333333</dst>
            <dst id="ATLAng">111770.832</dst>
            <dst id="CHINng">69417.3413333333</dst>
            <dst id="DNVRng">60026</dst>
            <dst id="HSTNng">15912.8826666667</dst>
            <dst id="IPLSng">61487.0746666667</dst>
            <dst id="KSCYng">18749.992</dst>
            <dst id="LOSAng">61794.1493333333</dst>
            <dst id="NYCMng">175231.624</dst>
            <dst id="SNVAng">8348.592</dst>
            <dst id="STTLng">33213.952</dst>
            <dst id="WASHng">379154.453333333</dst>
        </src>
    </IntraTM>
</TrafficMatrixFile>
