<?xml version="1.0" encoding="ISO-8859-1" standalone="yes"?>
<TrafficMatrixFile xsi:noNamespaceSchemaLocation="http://totem.run.montefiore.ulg.ac.be/Schema/TrafficMatrix-v1_2.xsd" xmlns:xsi="http://www.w3.org/2001/XMLSchema-instance">
    <IntraTM ASID="11537">
        <src id="ATLA-M5">
            <dst id="ATLA-M5">567.76</dst>
            <dst id="ATLAng">514.584</dst>
            <dst id="CHINng">1858.04</dst>
            <dst id="DNVRng">650.354666666667</dst>
            <dst id="HSTNng">222.565333333333</dst>
            <dst id="IPLSng">2001.08533333333</dst>
            <dst id="KSCYng">554.304</dst>
            <dst id="LOSAng">758.474666666667</dst>
            <dst id="NYCMng">1365.264</dst>
            <dst id="SNVAng">75.7733333333333</dst>
            <dst id="STTLng">142.24</dst>
            <dst id="WASHng">3704.912</dst>
        </src>
        <src id="ATLAng">
            <dst id="ATLA-M5">2580.93866666667</dst>
            <dst id="ATLAng">26529.8106666667</dst>
            <dst id="CHINng">71425.2</dst>
            <dst id="DNVRng">7368.704</dst>
            <dst id="HSTNng">6041.79733333333</dst>
            <dst id="IPLSng">40760.4933333333</dst>
            <dst id="KSCYng">20247.2586666667</dst>
            <dst id="LOSAng">20186.0186666667</dst>
            <dst id="NYCMng">15283.312</dst>
            <dst id="SNVAng">3218.136</dst>
            <dst id="STTLng">8557.32</dst>
            <dst id="WASHng">85491.0266666667</dst>
        </src>
        <src id="CHINng">
            <dst id="ATLA-M5">908.856</dst>
            <dst id="ATLAng">28202.7226666667</dst>
            <dst id="CHINng">53336.872</dst>
            <dst id="DNVRng">11733.7333333333</dst>
            <dst id="HSTNng">9222.91733333333</dst>
            <dst id="IPLSng">46246.1386666667</dst>
            <dst id="KSCYng">8634.832</dst>
            <dst id="LOSAng">19696.4773333333</dst>
            <dst id="NYCMng">5760.136</dst>
            <dst id="SNVAng">3930.60533333333</dst>
            <dst id="STTLng">9225.78133333333</dst>
            <dst id="WASHng">12800.256</dst>
        </src>
        <src id="DNVRng">
            <dst id="ATLA-M5">142.781333333333</dst>
            <dst id="ATLAng">11179.5413333333</dst>
            <dst id="CHINng">86729.4026666667</dst>
            <dst id="DNVRng">33527.0586666667</dst>
            <dst id="HSTNng">14559.3706666667</dst>
            <dst id="IPLSng">37041.9866666667</dst>
            <dst id="KSCYng">20941.0533333333</dst>
            <dst id="LOSAng">12713.1573333333</dst>
            <dst id="NYCMng">27120.76</dst>
            <dst id="SNVAng">17456.704</dst>
            <dst id="STTLng">25480.4293333333</dst>
            <dst id="WASHng">64272.2826666667</dst>
        </src>
        <src id="HSTNng">
            <dst id="ATLA-M5">498.546666666667</dst>
            <dst id="ATLAng">5712.03733333333</dst>
            <dst id="CHINng">25686.5226666667</dst>
            <dst id="DNVRng">3697.08533333333</dst>
            <dst id="HSTNng">11305.1733333333</dst>
            <dst id="IPLSng">9247.44</dst>
            <dst id="KSCYng">2865.83466666667</dst>
            <dst id="LOSAng">100211.834666667</dst>
            <dst id="NYCMng">21546.4933333333</dst>
            <dst id="SNVAng">1370.21866666667</dst>
            <dst id="STTLng">2640.90666666667</dst>
            <dst id="WASHng">8854.03733333333</dst>
        </src>
        <src id="IPLSng">
            <dst id="ATLA-M5">2681.46666666667</dst>
            <dst id="ATLAng">30065.872</dst>
            <dst id="CHINng">153801.221333333</dst>
            <dst id="DNVRng">17300.5893333333</dst>
            <dst id="HSTNng">6522.98933333333</dst>
            <dst id="IPLSng">37244.8426666667</dst>
            <dst id="KSCYng">26449.9093333333</dst>
            <dst id="LOSAng">20037.488</dst>
            <dst id="NYCMng">39509.7253333333</dst>
            <dst id="SNVAng">10753.808</dst>
            <dst id="STTLng">15617.1866666667</dst>
            <dst id="WASHng">81547.632</dst>
        </src>
        <src id="KSCYng">
            <dst id="ATLA-M5">2743.288</dst>
            <dst id="ATLAng">8048.392</dst>
            <dst id="CHINng">41950.2053333333</dst>
            <dst id="DNVRng">8596.64533333333</dst>
            <dst id="HSTNng">3617.76266666667</dst>
            <dst id="IPLSng">16333.8026666667</dst>
            <dst id="KSCYng">11089.5893333333</dst>
            <dst id="LOSAng">4649.59466666667</dst>
            <dst id="NYCMng">7570.60266666667</dst>
            <dst id="SNVAng">1695.49333333333</dst>
            <dst id="STTLng">4341.59733333333</dst>
            <dst id="WASHng">13633.84</dst>
        </src>
        <src id="LOSAng">
            <dst id="ATLA-M5">577.208</dst>
            <dst id="ATLAng">21220.4373333333</dst>
            <dst id="CHINng">146607.194666667</dst>
            <dst id="DNVRng">14313.6053333333</dst>
            <dst id="HSTNng">12716.712</dst>
            <dst id="IPLSng">42630.24</dst>
            <dst id="KSCYng">7691.49866666667</dst>
            <dst id="LOSAng">10634.7253333333</dst>
            <dst id="NYCMng">64574.5306666667</dst>
            <dst id="SNVAng">10439.7093333333</dst>
            <dst id="STTLng">30719.656</dst>
            <dst id="WASHng">73620.296</dst>
        </src>
        <src id="NYCMng">
            <dst id="ATLA-M5">4349.81866666667</dst>
            <dst id="ATLAng">60489.4106666667</dst>
            <dst id="CHINng">67152.968</dst>
            <dst id="DNVRng">39925.208</dst>
            <dst id="HSTNng">22984.776</dst>
            <dst id="IPLSng">99011.0746666667</dst>
            <dst id="KSCYng">33056.8666666667</dst>
            <dst id="LOSAng">65117.0666666667</dst>
            <dst id="NYCMng">163074.64</dst>
            <dst id="SNVAng">13254.32</dst>
            <dst id="STTLng">23468.7546666667</dst>
            <dst id="WASHng">218070.210666667</dst>
        </src>
        <src id="SNVAng">
            <dst id="ATLA-M5">81.312</dst>
            <dst id="ATLAng">1152.42133333333</dst>
            <dst id="CHINng">7236.36266666667</dst>
            <dst id="DNVRng">22247.1866666667</dst>
            <dst id="HSTNng">472.114666666667</dst>
            <dst id="IPLSng">2865.95733333333</dst>
            <dst id="KSCYng">1536.85866666667</dst>
            <dst id="LOSAng">32084.8933333333</dst>
            <dst id="NYCMng">3646.02933333333</dst>
            <dst id="SNVAng">14998.7706666667</dst>
            <dst id="STTLng">60606.7733333333</dst>
            <dst id="WASHng">3723.45066666667</dst>
        </src>
        <src id="STTLng">
            <dst id="ATLA-M5">387.792</dst>
            <dst id="ATLAng">14613.0266666667</dst>
            <dst id="CHINng">84750.3146666667</dst>
            <dst id="DNVRng">9748.25066666667</dst>
            <dst id="HSTNng">11573.9493333333</dst>
            <dst id="IPLSng">26094.1386666667</dst>
            <dst id="KSCYng">6553.12266666667</dst>
            <dst id="LOSAng">25760.7253333333</dst>
            <dst id="NYCMng">23823.0453333333</dst>
            <dst id="SNVAng">9010.176</dst>
            <dst id="STTLng">22590.608</dst>
            <dst id="WASHng">21854.5386666667</dst>
        </src>
        <src id="WASHng">
            <dst id="ATLA-M5">7358.8</dst>
            <dst id="ATLAng">129046.144</dst>
            <dst id="CHINng">99372.6586666667</dst>
            <dst id="DNVRng">57572.2533333333</dst>
            <dst id="HSTNng">36366.832</dst>
            <dst id="IPLSng">91338.0426666667</dst>
            <dst id="KSCYng">31826.8986666667</dst>
            <dst id="LOSAng">71479.6933333333</dst>
            <dst id="NYCMng">243679.682666667</dst>
            <dst id="SNVAng">11447.9013333333</dst>
            <dst id="STTLng">54758.544</dst>
            <dst id="WASHng">344817.28</dst>
        </src>
    </IntraTM>
</TrafficMatrixFile>
