<?xml version="1.0" encoding="ISO-8859-1" standalone="yes"?>
<TrafficMatrixFile xsi:noNamespaceSchemaLocation="http://totem.run.montefiore.ulg.ac.be/Schema/TrafficMatrix-v1_2.xsd" xmlns:xsi="http://www.w3.org/2001/XMLSchema-instance">
    <IntraTM ASID="11537">
        <src id="ATLA-M5">
            <dst id="ATLA-M5">109.224</dst>
            <dst id="ATLAng">548.522666666667</dst>
            <dst id="CHINng">1264.66933333333</dst>
            <dst id="DNVRng">256.354666666667</dst>
            <dst id="HSTNng">218.093333333333</dst>
            <dst id="IPLSng">2262.6</dst>
            <dst id="KSCYng">824.416</dst>
            <dst id="LOSAng">248.725333333333</dst>
            <dst id="NYCMng">442.034666666667</dst>
            <dst id="SNVAng">50.456</dst>
            <dst id="STTLng">0</dst>
            <dst id="WASHng">2929.008</dst>
        </src>
        <src id="ATLAng">
            <dst id="ATLA-M5">928.648</dst>
            <dst id="ATLAng">45775.6986666667</dst>
            <dst id="CHINng">21186.2986666667</dst>
            <dst id="DNVRng">3413.89066666667</dst>
            <dst id="HSTNng">4083.304</dst>
            <dst id="IPLSng">16170.7013333333</dst>
            <dst id="KSCYng">5335.49866666667</dst>
            <dst id="LOSAng">15843.224</dst>
            <dst id="NYCMng">17982.2346666667</dst>
            <dst id="SNVAng">1147.02666666667</dst>
            <dst id="STTLng">7836.71466666667</dst>
            <dst id="WASHng">68197.76</dst>
        </src>
        <src id="CHINng">
            <dst id="ATLA-M5">4471.39466666667</dst>
            <dst id="ATLAng">11366.288</dst>
            <dst id="CHINng">29786.1093333333</dst>
            <dst id="DNVRng">12950.0133333333</dst>
            <dst id="HSTNng">9142.78133333333</dst>
            <dst id="IPLSng">23895.6373333333</dst>
            <dst id="KSCYng">16662.176</dst>
            <dst id="LOSAng">23971.3866666667</dst>
            <dst id="NYCMng">5757.29066666667</dst>
            <dst id="SNVAng">1691.50133333333</dst>
            <dst id="STTLng">5743.83466666667</dst>
            <dst id="WASHng">14156.6266666667</dst>
        </src>
        <src id="DNVRng">
            <dst id="ATLA-M5">267.917333333333</dst>
            <dst id="ATLAng">2188.80533333333</dst>
            <dst id="CHINng">40811.7146666667</dst>
            <dst id="DNVRng">9297.74133333333</dst>
            <dst id="HSTNng">2545.54933333333</dst>
            <dst id="IPLSng">16314.616</dst>
            <dst id="KSCYng">14484.1893333333</dst>
            <dst id="LOSAng">14879.888</dst>
            <dst id="NYCMng">26774.7973333333</dst>
            <dst id="SNVAng">18498.7466666667</dst>
            <dst id="STTLng">13958.5813333333</dst>
            <dst id="WASHng">30419.9973333333</dst>
        </src>
        <src id="HSTNng">
            <dst id="ATLA-M5">3149.52533333333</dst>
            <dst id="ATLAng">5364.456</dst>
            <dst id="CHINng">22763.6373333333</dst>
            <dst id="DNVRng">4384.57333333333</dst>
            <dst id="HSTNng">7740.63466666667</dst>
            <dst id="IPLSng">11606.3866666667</dst>
            <dst id="KSCYng">7102.344</dst>
            <dst id="LOSAng">30478.6266666667</dst>
            <dst id="NYCMng">8273.91733333333</dst>
            <dst id="SNVAng">2111.56266666667</dst>
            <dst id="STTLng">2041.576</dst>
            <dst id="WASHng">8510.84266666667</dst>
        </src>
        <src id="IPLSng">
            <dst id="ATLA-M5">3663.67733333333</dst>
            <dst id="ATLAng">14850.872</dst>
            <dst id="CHINng">79824.048</dst>
            <dst id="DNVRng">16015.8906666667</dst>
            <dst id="HSTNng">11605.2853333333</dst>
            <dst id="IPLSng">25235.2266666667</dst>
            <dst id="KSCYng">10410.0293333333</dst>
            <dst id="LOSAng">20073.3813333333</dst>
            <dst id="NYCMng">29611.3093333333</dst>
            <dst id="SNVAng">2904.45066666667</dst>
            <dst id="STTLng">12061.872</dst>
            <dst id="WASHng">42559.696</dst>
        </src>
        <src id="KSCYng">
            <dst id="ATLA-M5">334.704</dst>
            <dst id="ATLAng">3551.14933333333</dst>
            <dst id="CHINng">36617.7146666667</dst>
            <dst id="DNVRng">5699.896</dst>
            <dst id="HSTNng">4144.02133333333</dst>
            <dst id="IPLSng">20786.56</dst>
            <dst id="KSCYng">5554.16</dst>
            <dst id="LOSAng">4967.976</dst>
            <dst id="NYCMng">9472.592</dst>
            <dst id="SNVAng">2769.57066666667</dst>
            <dst id="STTLng">4316.85333333333</dst>
            <dst id="WASHng">13896.0906666667</dst>
        </src>
        <src id="LOSAng">
            <dst id="ATLA-M5">279.970666666667</dst>
            <dst id="ATLAng">37217.8613333333</dst>
            <dst id="CHINng">87343.3973333333</dst>
            <dst id="DNVRng">8973.448</dst>
            <dst id="HSTNng">43055.344</dst>
            <dst id="IPLSng">39250.48</dst>
            <dst id="KSCYng">10278.6186666667</dst>
            <dst id="LOSAng">13922.04</dst>
            <dst id="NYCMng">55844.3813333333</dst>
            <dst id="SNVAng">6967.21333333333</dst>
            <dst id="STTLng">31910.2266666667</dst>
            <dst id="WASHng">55102.0906666667</dst>
        </src>
        <src id="NYCMng">
            <dst id="ATLA-M5">1943.56533333333</dst>
            <dst id="ATLAng">39892.4053333333</dst>
            <dst id="CHINng">64503.2213333333</dst>
            <dst id="DNVRng">15296.4906666667</dst>
            <dst id="HSTNng">17359.12</dst>
            <dst id="IPLSng">94183.896</dst>
            <dst id="KSCYng">24019.488</dst>
            <dst id="LOSAng">64988.8826666667</dst>
            <dst id="NYCMng">135051.053333333</dst>
            <dst id="SNVAng">8400.96266666667</dst>
            <dst id="STTLng">25459.704</dst>
            <dst id="WASHng">100727.728</dst>
        </src>
        <src id="SNVAng">
            <dst id="ATLA-M5">40.6426666666667</dst>
            <dst id="ATLAng">1127.752</dst>
            <dst id="CHINng">3980.38933333333</dst>
            <dst id="DNVRng">11276.208</dst>
            <dst id="HSTNng">1248.73066666667</dst>
            <dst id="IPLSng">3891.95733333333</dst>
            <dst id="KSCYng">1634.91466666667</dst>
            <dst id="LOSAng">4218.66666666667</dst>
            <dst id="NYCMng">1822.96</dst>
            <dst id="SNVAng">710.410666666667</dst>
            <dst id="STTLng">1777</dst>
            <dst id="WASHng">2573.51733333333</dst>
        </src>
        <src id="STTLng">
            <dst id="ATLA-M5">43.408</dst>
            <dst id="ATLAng">14906.5333333333</dst>
            <dst id="CHINng">21176.1946666667</dst>
            <dst id="DNVRng">4933.024</dst>
            <dst id="HSTNng">5625.096</dst>
            <dst id="IPLSng">8187.48266666667</dst>
            <dst id="KSCYng">4035.52266666667</dst>
            <dst id="LOSAng">22552.5226666667</dst>
            <dst id="NYCMng">17695.976</dst>
            <dst id="SNVAng">3058.88533333333</dst>
            <dst id="STTLng">4420.312</dst>
            <dst id="WASHng">6984.384</dst>
        </src>
        <src id="WASHng">
            <dst id="ATLA-M5">578.722666666667</dst>
            <dst id="ATLAng">131097.216</dst>
            <dst id="CHINng">83495.6213333333</dst>
            <dst id="DNVRng">39348.3413333333</dst>
            <dst id="HSTNng">12277.5466666667</dst>
            <dst id="IPLSng">74850.824</dst>
            <dst id="KSCYng">24548.8106666667</dst>
            <dst id="LOSAng">85472.4986666667</dst>
            <dst id="NYCMng">158697.338666667</dst>
            <dst id="SNVAng">8216.04533333333</dst>
            <dst id="STTLng">45044.416</dst>
            <dst id="WASHng">216720.437333333</dst>
        </src>
    </IntraTM>
</TrafficMatrixFile>
