<?xml version="1.0" encoding="ISO-8859-1" standalone="yes"?>
<TrafficMatrixFile xsi:noNamespaceSchemaLocation="http://totem.run.montefiore.ulg.ac.be/Schema/TrafficMatrix-v1_2.xsd" xmlns:xsi="http://www.w3.org/2001/XMLSchema-instance">
    <IntraTM ASID="11537">
        <src id="ATLA-M5">
            <dst id="ATLA-M5">82.2133333333333</dst>
            <dst id="ATLAng">767.658666666667</dst>
            <dst id="CHINng">537.152</dst>
            <dst id="DNVRng">0</dst>
            <dst id="HSTNng">302.613333333333</dst>
            <dst id="IPLSng">1214.45066666667</dst>
            <dst id="KSCYng">366.552</dst>
            <dst id="LOSAng">409.976</dst>
            <dst id="NYCMng">683.432</dst>
            <dst id="SNVAng">26.6666666666667</dst>
            <dst id="STTLng">405.624</dst>
            <dst id="WASHng">2854.13066666667</dst>
        </src>
        <src id="ATLAng">
            <dst id="ATLA-M5">261.848</dst>
            <dst id="ATLAng">26359.2266666667</dst>
            <dst id="CHINng">20767.432</dst>
            <dst id="DNVRng">6214.584</dst>
            <dst id="HSTNng">5348.20533333333</dst>
            <dst id="IPLSng">27692.8906666667</dst>
            <dst id="KSCYng">5880.744</dst>
            <dst id="LOSAng">10616.0226666667</dst>
            <dst id="NYCMng">25316.864</dst>
            <dst id="SNVAng">2022.468</dst>
            <dst id="STTLng">3787.208</dst>
            <dst id="WASHng">88479.016</dst>
        </src>
        <src id="CHINng">
            <dst id="ATLA-M5">53.3333333333333</dst>
            <dst id="ATLAng">25367.7893333333</dst>
            <dst id="CHINng">49493.944</dst>
            <dst id="DNVRng">6525.61333333334</dst>
            <dst id="HSTNng">15059.208</dst>
            <dst id="IPLSng">19401.816</dst>
            <dst id="KSCYng">6217.41866666667</dst>
            <dst id="LOSAng">29265.6986666667</dst>
            <dst id="NYCMng">6289.97066666667</dst>
            <dst id="SNVAng">1916.83466666667</dst>
            <dst id="STTLng">4608.40533333333</dst>
            <dst id="WASHng">9781.088</dst>
        </src>
        <src id="DNVRng">
            <dst id="ATLA-M5">116.768</dst>
            <dst id="ATLAng">11937.1013333333</dst>
            <dst id="CHINng">88497.912</dst>
            <dst id="DNVRng">15808.36</dst>
            <dst id="HSTNng">11723.472</dst>
            <dst id="IPLSng">32641.5973333333</dst>
            <dst id="KSCYng">14585.52</dst>
            <dst id="LOSAng">7169.696</dst>
            <dst id="NYCMng">21658.8933333333</dst>
            <dst id="SNVAng">11228.8506666667</dst>
            <dst id="STTLng">21982.928</dst>
            <dst id="WASHng">65544.4666666667</dst>
        </src>
        <src id="HSTNng">
            <dst id="ATLA-M5">1671.00533333333</dst>
            <dst id="ATLAng">4404.77866666667</dst>
            <dst id="CHINng">43162.2373333333</dst>
            <dst id="DNVRng">1662.49866666667</dst>
            <dst id="HSTNng">6039.77333333333</dst>
            <dst id="IPLSng">8052.008</dst>
            <dst id="KSCYng">1942.248</dst>
            <dst id="LOSAng">4031.97866666667</dst>
            <dst id="NYCMng">7566.25066666667</dst>
            <dst id="SNVAng">943.410666666667</dst>
            <dst id="STTLng">2712.59466666667</dst>
            <dst id="WASHng">11235.3706666667</dst>
        </src>
        <src id="IPLSng">
            <dst id="ATLA-M5">467.354666666667</dst>
            <dst id="ATLAng">41744.8666666667</dst>
            <dst id="CHINng">132533.586666667</dst>
            <dst id="DNVRng">19946.4506666667</dst>
            <dst id="HSTNng">5564.04</dst>
            <dst id="IPLSng">27696.208</dst>
            <dst id="KSCYng">14973.1946666667</dst>
            <dst id="LOSAng">17793.9626666667</dst>
            <dst id="NYCMng">31528.8106666667</dst>
            <dst id="SNVAng">3223.752</dst>
            <dst id="STTLng">9275.06933333333</dst>
            <dst id="WASHng">66582.272</dst>
        </src>
        <src id="KSCYng">
            <dst id="ATLA-M5">1974.62133333333</dst>
            <dst id="ATLAng">5418.97066666667</dst>
            <dst id="CHINng">49248.1786666667</dst>
            <dst id="DNVRng">7383.73066666667</dst>
            <dst id="HSTNng">10810.848</dst>
            <dst id="IPLSng">23799.2026666667</dst>
            <dst id="KSCYng">16241.9466666667</dst>
            <dst id="LOSAng">4963.66666666667</dst>
            <dst id="NYCMng">7546.024</dst>
            <dst id="SNVAng">1766.696</dst>
            <dst id="STTLng">3302.11466666667</dst>
            <dst id="WASHng">11730.8026666667</dst>
        </src>
        <src id="LOSAng">
            <dst id="ATLA-M5">1085.25333333333</dst>
            <dst id="ATLAng">32536.4</dst>
            <dst id="CHINng">153612.165333333</dst>
            <dst id="DNVRng">12258.872</dst>
            <dst id="HSTNng">3923.488</dst>
            <dst id="IPLSng">36022.144</dst>
            <dst id="KSCYng">11282.9413333333</dst>
            <dst id="LOSAng">13827.3706666667</dst>
            <dst id="NYCMng">65627.136</dst>
            <dst id="SNVAng">9889.12533333333</dst>
            <dst id="STTLng">27314.7706666667</dst>
            <dst id="WASHng">64526.7706666667</dst>
        </src>
        <src id="NYCMng">
            <dst id="ATLA-M5">361.098666666667</dst>
            <dst id="ATLAng">42560.6213333333</dst>
            <dst id="CHINng">64699.9866666667</dst>
            <dst id="DNVRng">27355.4186666667</dst>
            <dst id="HSTNng">16232.4106666667</dst>
            <dst id="IPLSng">60203.592</dst>
            <dst id="KSCYng">16867.9066666667</dst>
            <dst id="LOSAng">57383.264</dst>
            <dst id="NYCMng">177474.336</dst>
            <dst id="SNVAng">9622.52533333333</dst>
            <dst id="STTLng">27170.4613333333</dst>
            <dst id="WASHng">83776.008</dst>
        </src>
        <src id="SNVAng">
            <dst id="ATLA-M5">0</dst>
            <dst id="ATLAng">465.674666666667</dst>
            <dst id="CHINng">6778.38933333333</dst>
            <dst id="DNVRng">3038.79733333333</dst>
            <dst id="HSTNng">318.344</dst>
            <dst id="IPLSng">1737.59466666667</dst>
            <dst id="KSCYng">1198.80533333333</dst>
            <dst id="LOSAng">32456.7226666667</dst>
            <dst id="NYCMng">1898.35733333333</dst>
            <dst id="SNVAng">14084.448</dst>
            <dst id="STTLng">61333.7946666667</dst>
            <dst id="WASHng">1215.41066666667</dst>
        </src>
        <src id="STTLng">
            <dst id="ATLA-M5">272.626666666667</dst>
            <dst id="ATLAng">13864.288</dst>
            <dst id="CHINng">75028.8666666667</dst>
            <dst id="DNVRng">2518.65333333333</dst>
            <dst id="HSTNng">4851.152</dst>
            <dst id="IPLSng">14411.6373333333</dst>
            <dst id="KSCYng">5617.91733333333</dst>
            <dst id="LOSAng">19765.2586666667</dst>
            <dst id="NYCMng">32323.1973333333</dst>
            <dst id="SNVAng">6163.032</dst>
            <dst id="STTLng">10930.8586666667</dst>
            <dst id="WASHng">17562.1066666667</dst>
        </src>
        <src id="WASHng">
            <dst id="ATLA-M5">275.778666666667</dst>
            <dst id="ATLAng">97658.5093333333</dst>
            <dst id="CHINng">67976.456</dst>
            <dst id="DNVRng">59073.1146666667</dst>
            <dst id="HSTNng">21471.3546666667</dst>
            <dst id="IPLSng">51787.456</dst>
            <dst id="KSCYng">21380.7893333333</dst>
            <dst id="LOSAng">61972.456</dst>
            <dst id="NYCMng">179080.368</dst>
            <dst id="SNVAng">4139.672</dst>
            <dst id="STTLng">31886.0266666667</dst>
            <dst id="WASHng">344656.426666667</dst>
        </src>
    </IntraTM>
</TrafficMatrixFile>
