<?xml version="1.0" encoding="ISO-8859-1" standalone="yes"?>
<TrafficMatrixFile xsi:noNamespaceSchemaLocation="http://totem.run.montefiore.ulg.ac.be/Schema/TrafficMatrix-v1_2.xsd" xmlns:xsi="http://www.w3.org/2001/XMLSchema-instance">
    <IntraTM ASID="11537">
        <src id="ATLA-M5">
            <dst id="ATLA-M5">0</dst>
            <dst id="ATLAng">432.202666666667</dst>
            <dst id="CHINng">1080.14133333333</dst>
            <dst id="DNVRng">144.053333333333</dst>
            <dst id="HSTNng">125.768</dst>
            <dst id="IPLSng">329.666666666667</dst>
            <dst id="KSCYng">335.666666666667</dst>
            <dst id="LOSAng">218.864</dst>
            <dst id="NYCMng">518.608</dst>
            <dst id="SNVAng">337.365333333333</dst>
            <dst id="STTLng">357.12</dst>
            <dst id="WASHng">2315.65066666667</dst>
        </src>
        <src id="ATLAng">
            <dst id="ATLA-M5">265.765333333333</dst>
            <dst id="ATLAng">39021.0986666667</dst>
            <dst id="CHINng">13402.1386666667</dst>
            <dst id="DNVRng">6037.46933333333</dst>
            <dst id="HSTNng">4620.28</dst>
            <dst id="IPLSng">12680.0986666667</dst>
            <dst id="KSCYng">3293.70933333333</dst>
            <dst id="LOSAng">18602.504</dst>
            <dst id="NYCMng">9455.08266666667</dst>
            <dst id="SNVAng">2520.34666666667</dst>
            <dst id="STTLng">8229.16533333333</dst>
            <dst id="WASHng">66007.9333333333</dst>
        </src>
        <src id="CHINng">
            <dst id="ATLA-M5">449.053333333333</dst>
            <dst id="ATLAng">12320.6293333333</dst>
            <dst id="CHINng">47054.7013333333</dst>
            <dst id="DNVRng">17176.6933333333</dst>
            <dst id="HSTNng">4914.36</dst>
            <dst id="IPLSng">25825.8373333333</dst>
            <dst id="KSCYng">9532.82933333333</dst>
            <dst id="LOSAng">16417.1706666667</dst>
            <dst id="NYCMng">5966.29333333333</dst>
            <dst id="SNVAng">2118.456</dst>
            <dst id="STTLng">7083.30933333333</dst>
            <dst id="WASHng">5100.31733333333</dst>
        </src>
        <src id="DNVRng">
            <dst id="ATLA-M5">212.069333333333</dst>
            <dst id="ATLAng">5789.87733333333</dst>
            <dst id="CHINng">50410.3626666667</dst>
            <dst id="DNVRng">5789.54133333333</dst>
            <dst id="HSTNng">7023.34133333333</dst>
            <dst id="IPLSng">6928.8</dst>
            <dst id="KSCYng">19518.48</dst>
            <dst id="LOSAng">19762.104</dst>
            <dst id="NYCMng">4980.36533333333</dst>
            <dst id="SNVAng">14593.0213333333</dst>
            <dst id="STTLng">13416.7626666667</dst>
            <dst id="WASHng">13138.968</dst>
        </src>
        <src id="HSTNng">
            <dst id="ATLA-M5">350.245333333333</dst>
            <dst id="ATLAng">2494.51733333333</dst>
            <dst id="CHINng">37619.0826666667</dst>
            <dst id="DNVRng">4678.08</dst>
            <dst id="HSTNng">3024.768</dst>
            <dst id="IPLSng">6838.384</dst>
            <dst id="KSCYng">3165.84</dst>
            <dst id="LOSAng">101908.773333333</dst>
            <dst id="NYCMng">5202.584</dst>
            <dst id="SNVAng">2736.30666666667</dst>
            <dst id="STTLng">5570.464</dst>
            <dst id="WASHng">4487.04</dst>
        </src>
        <src id="IPLSng">
            <dst id="ATLA-M5">1493.29866666667</dst>
            <dst id="ATLAng">8530.96</dst>
            <dst id="CHINng">92163.192</dst>
            <dst id="DNVRng">21020.4986666667</dst>
            <dst id="HSTNng">6735.192</dst>
            <dst id="IPLSng">28786.2133333333</dst>
            <dst id="KSCYng">9018.71466666667</dst>
            <dst id="LOSAng">14716.208</dst>
            <dst id="NYCMng">18699.2506666667</dst>
            <dst id="SNVAng">6824.16266666667</dst>
            <dst id="STTLng">12165.032</dst>
            <dst id="WASHng">31257.2373333333</dst>
        </src>
        <src id="KSCYng">
            <dst id="ATLA-M5">665.461333333333</dst>
            <dst id="ATLAng">2756.97866666667</dst>
            <dst id="CHINng">35358.584</dst>
            <dst id="DNVRng">6610.90666666667</dst>
            <dst id="HSTNng">3429.38133333333</dst>
            <dst id="IPLSng">11510.9173333333</dst>
            <dst id="KSCYng">6374.52</dst>
            <dst id="LOSAng">6736.576</dst>
            <dst id="NYCMng">10518.88</dst>
            <dst id="SNVAng">1429.25866666667</dst>
            <dst id="STTLng">5113.856</dst>
            <dst id="WASHng">11338.008</dst>
        </src>
        <src id="LOSAng">
            <dst id="ATLA-M5">232.504</dst>
            <dst id="ATLAng">11241.5546666667</dst>
            <dst id="CHINng">123303.912</dst>
            <dst id="DNVRng">9089.85866666667</dst>
            <dst id="HSTNng">9962</dst>
            <dst id="IPLSng">41321.752</dst>
            <dst id="KSCYng">11054.8506666667</dst>
            <dst id="LOSAng">19620.0746666667</dst>
            <dst id="NYCMng">59670.8106666667</dst>
            <dst id="SNVAng">7615.78666666667</dst>
            <dst id="STTLng">27140.9466666667</dst>
            <dst id="WASHng">55541.9093333333</dst>
        </src>
        <src id="NYCMng">
            <dst id="ATLA-M5">1265.27466666667</dst>
            <dst id="ATLAng">31053.976</dst>
            <dst id="CHINng">65853.5786666667</dst>
            <dst id="DNVRng">24035.1893333333</dst>
            <dst id="HSTNng">34436.7066666667</dst>
            <dst id="IPLSng">51155.272</dst>
            <dst id="KSCYng">22320.968</dst>
            <dst id="LOSAng">74112.9653333333</dst>
            <dst id="NYCMng">156286.544</dst>
            <dst id="SNVAng">7811.672</dst>
            <dst id="STTLng">27926.2826666667</dst>
            <dst id="WASHng">63512.9413333333</dst>
        </src>
        <src id="SNVAng">
            <dst id="ATLA-M5">26.6666666666667</dst>
            <dst id="ATLAng">833.757333333333</dst>
            <dst id="CHINng">6659.20266666667</dst>
            <dst id="DNVRng">12055.36</dst>
            <dst id="HSTNng">1240.63466666667</dst>
            <dst id="IPLSng">2276.21866666667</dst>
            <dst id="KSCYng">428.429333333333</dst>
            <dst id="LOSAng">10748.6826666667</dst>
            <dst id="NYCMng">2406.424</dst>
            <dst id="SNVAng">1819.68</dst>
            <dst id="STTLng">4942.12266666667</dst>
            <dst id="WASHng">2679.41866666667</dst>
        </src>
        <src id="STTLng">
            <dst id="ATLA-M5">94.1946666666667</dst>
            <dst id="ATLAng">6996.112</dst>
            <dst id="CHINng">66188.1706666666</dst>
            <dst id="DNVRng">4400.328</dst>
            <dst id="HSTNng">2046.20533333333</dst>
            <dst id="IPLSng">4895.232</dst>
            <dst id="KSCYng">3186.976</dst>
            <dst id="LOSAng">21921.376</dst>
            <dst id="NYCMng">18584.1093333333</dst>
            <dst id="SNVAng">3647.60266666667</dst>
            <dst id="STTLng">5918.57333333333</dst>
            <dst id="WASHng">9611.39733333333</dst>
        </src>
        <src id="WASHng">
            <dst id="ATLA-M5">1051.81333333333</dst>
            <dst id="ATLAng">131663.341333333</dst>
            <dst id="CHINng">67482.44</dst>
            <dst id="DNVRng">39206.2106666667</dst>
            <dst id="HSTNng">14633.0133333333</dst>
            <dst id="IPLSng">38307.8453333333</dst>
            <dst id="KSCYng">14331.3626666667</dst>
            <dst id="LOSAng">61815.328</dst>
            <dst id="NYCMng">141785.602666667</dst>
            <dst id="SNVAng">3872.784</dst>
            <dst id="STTLng">29825.7893333333</dst>
            <dst id="WASHng">364285.573333333</dst>
        </src>
    </IntraTM>
</TrafficMatrixFile>
