<?xml version="1.0" encoding="ISO-8859-1" standalone="yes"?>
<TrafficMatrixFile xsi:noNamespaceSchemaLocation="http://totem.run.montefiore.ulg.ac.be/Schema/TrafficMatrix-v1_2.xsd" xmlns:xsi="http://www.w3.org/2001/XMLSchema-instance">
    <IntraTM ASID="11537">
        <src id="ATLA-M5">
            <dst id="ATLA-M5">0</dst>
            <dst id="ATLAng">335.501333333333</dst>
            <dst id="CHINng">719.888</dst>
            <dst id="DNVRng">0</dst>
            <dst id="HSTNng">106.666666666667</dst>
            <dst id="IPLSng">439.44</dst>
            <dst id="KSCYng">118.250666666667</dst>
            <dst id="LOSAng">414.877333333333</dst>
            <dst id="NYCMng">575.962666666667</dst>
            <dst id="SNVAng">122.008</dst>
            <dst id="STTLng">202.706666666667</dst>
            <dst id="WASHng">4944.37066666667</dst>
        </src>
        <src id="ATLAng">
            <dst id="ATLA-M5">227.098666666667</dst>
            <dst id="ATLAng">26628.9013333333</dst>
            <dst id="CHINng">26440.9946666667</dst>
            <dst id="DNVRng">3359.832</dst>
            <dst id="HSTNng">3158.432</dst>
            <dst id="IPLSng">21966.9306666667</dst>
            <dst id="KSCYng">3077.24</dst>
            <dst id="LOSAng">13084.5893333333</dst>
            <dst id="NYCMng">14788.6693333333</dst>
            <dst id="SNVAng">2709.71733333333</dst>
            <dst id="STTLng">3701.336</dst>
            <dst id="WASHng">85604.5946666667</dst>
        </src>
        <src id="CHINng">
            <dst id="ATLA-M5">76.5706666666667</dst>
            <dst id="ATLAng">23422.0133333333</dst>
            <dst id="CHINng">43403.184</dst>
            <dst id="DNVRng">6570.53066666667</dst>
            <dst id="HSTNng">10387.648</dst>
            <dst id="IPLSng">11586.416</dst>
            <dst id="KSCYng">4558.984</dst>
            <dst id="LOSAng">21979.6613333333</dst>
            <dst id="NYCMng">5535.50666666667</dst>
            <dst id="SNVAng">2267.592</dst>
            <dst id="STTLng">12556.352</dst>
            <dst id="WASHng">10842.976</dst>
        </src>
        <src id="DNVRng">
            <dst id="ATLA-M5">0</dst>
            <dst id="ATLAng">12505.2533333333</dst>
            <dst id="CHINng">65684.048</dst>
            <dst id="DNVRng">23752.8906666667</dst>
            <dst id="HSTNng">11507.432</dst>
            <dst id="IPLSng">25648.3306666667</dst>
            <dst id="KSCYng">19879.1093333333</dst>
            <dst id="LOSAng">6360.54933333333</dst>
            <dst id="NYCMng">29389.3146666667</dst>
            <dst id="SNVAng">10945.0933333333</dst>
            <dst id="STTLng">12360.6853333333</dst>
            <dst id="WASHng">59620.2933333333</dst>
        </src>
        <src id="HSTNng">
            <dst id="ATLA-M5">128.96</dst>
            <dst id="ATLAng">4015.712</dst>
            <dst id="CHINng">38342.1786666667</dst>
            <dst id="DNVRng">1998.832</dst>
            <dst id="HSTNng">3279.72533333333</dst>
            <dst id="IPLSng">4404.856</dst>
            <dst id="KSCYng">2798.89066666667</dst>
            <dst id="LOSAng">99692.8666666667</dst>
            <dst id="NYCMng">7010.81066666667</dst>
            <dst id="SNVAng">1143.23466666667</dst>
            <dst id="STTLng">1531.48</dst>
            <dst id="WASHng">5306.33066666667</dst>
        </src>
        <src id="IPLSng">
            <dst id="ATLA-M5">53.3333333333333</dst>
            <dst id="ATLAng">18382.6586666667</dst>
            <dst id="CHINng">124155.074666667</dst>
            <dst id="DNVRng">18453.0053333333</dst>
            <dst id="HSTNng">6057.80533333333</dst>
            <dst id="IPLSng">40442.9973333333</dst>
            <dst id="KSCYng">11110.224</dst>
            <dst id="LOSAng">42737.7706666667</dst>
            <dst id="NYCMng">38800.2026666667</dst>
            <dst id="SNVAng">4472.904</dst>
            <dst id="STTLng">9457.08266666667</dst>
            <dst id="WASHng">53884.6986666667</dst>
        </src>
        <src id="KSCYng">
            <dst id="ATLA-M5">0</dst>
            <dst id="ATLAng">6184.16266666667</dst>
            <dst id="CHINng">56092.232</dst>
            <dst id="DNVRng">9484.89333333334</dst>
            <dst id="HSTNng">3322.52266666667</dst>
            <dst id="IPLSng">33110.5386666667</dst>
            <dst id="KSCYng">3719.38666666667</dst>
            <dst id="LOSAng">4873.89333333333</dst>
            <dst id="NYCMng">5813.37333333333</dst>
            <dst id="SNVAng">1673.16533333333</dst>
            <dst id="STTLng">6336.624</dst>
            <dst id="WASHng">10835.696</dst>
        </src>
        <src id="LOSAng">
            <dst id="ATLA-M5">192.242666666667</dst>
            <dst id="ATLAng">28827.0933333333</dst>
            <dst id="CHINng">141844.306666667</dst>
            <dst id="DNVRng">12088.192</dst>
            <dst id="HSTNng">4930.43733333333</dst>
            <dst id="IPLSng">36987.4293333333</dst>
            <dst id="KSCYng">4814.58133333333</dst>
            <dst id="LOSAng">14502.7466666667</dst>
            <dst id="NYCMng">53294.904</dst>
            <dst id="SNVAng">9737.06133333333</dst>
            <dst id="STTLng">20745.536</dst>
            <dst id="WASHng">56603.2746666667</dst>
        </src>
        <src id="NYCMng">
            <dst id="ATLA-M5">324.853333333333</dst>
            <dst id="ATLAng">39338.536</dst>
            <dst id="CHINng">64414.1573333333</dst>
            <dst id="DNVRng">27227.584</dst>
            <dst id="HSTNng">20088.36</dst>
            <dst id="IPLSng">58145.5493333333</dst>
            <dst id="KSCYng">15102.6213333333</dst>
            <dst id="LOSAng">56449.1706666667</dst>
            <dst id="NYCMng">172288.778666667</dst>
            <dst id="SNVAng">11563.2533333333</dst>
            <dst id="STTLng">21765.864</dst>
            <dst id="WASHng">75197.3493333334</dst>
        </src>
        <src id="SNVAng">
            <dst id="ATLA-M5">75.6293333333333</dst>
            <dst id="ATLAng">646.114666666667</dst>
            <dst id="CHINng">6889.24533333334</dst>
            <dst id="DNVRng">5062.92533333333</dst>
            <dst id="HSTNng">221.384</dst>
            <dst id="IPLSng">2221.74933333333</dst>
            <dst id="KSCYng">1084.71466666667</dst>
            <dst id="LOSAng">33849.2506666667</dst>
            <dst id="NYCMng">3944.248</dst>
            <dst id="SNVAng">15210.0853333333</dst>
            <dst id="STTLng">62084.9333333333</dst>
            <dst id="WASHng">905.293333333333</dst>
        </src>
        <src id="STTLng">
            <dst id="ATLA-M5">217.581333333333</dst>
            <dst id="ATLAng">8347.61333333333</dst>
            <dst id="CHINng">70270.32</dst>
            <dst id="DNVRng">3171.272</dst>
            <dst id="HSTNng">1565.168</dst>
            <dst id="IPLSng">10950.616</dst>
            <dst id="KSCYng">3029.30666666667</dst>
            <dst id="LOSAng">19304.1093333333</dst>
            <dst id="NYCMng">19868.1093333333</dst>
            <dst id="SNVAng">3187.48266666667</dst>
            <dst id="STTLng">11576.4133333333</dst>
            <dst id="WASHng">13148.6986666667</dst>
        </src>
        <src id="WASHng">
            <dst id="ATLA-M5">168.610666666667</dst>
            <dst id="ATLAng">129810.176</dst>
            <dst id="CHINng">65768.9066666667</dst>
            <dst id="DNVRng">51857.4773333333</dst>
            <dst id="HSTNng">20318.8053333333</dst>
            <dst id="IPLSng">73188.832</dst>
            <dst id="KSCYng">10321.456</dst>
            <dst id="LOSAng">66907.144</dst>
            <dst id="NYCMng">180983.797333333</dst>
            <dst id="SNVAng">8046.29866666667</dst>
            <dst id="STTLng">34039.8826666667</dst>
            <dst id="WASHng">348158</dst>
        </src>
    </IntraTM>
</TrafficMatrixFile>
