<?xml version="1.0" encoding="ISO-8859-1" standalone="yes"?>
<TrafficMatrixFile xsi:noNamespaceSchemaLocation="http://totem.run.montefiore.ulg.ac.be/Schema/TrafficMatrix-v1_2.xsd" xmlns:xsi="http://www.w3.org/2001/XMLSchema-instance">
    <IntraTM ASID="11537">
        <src id="ATLA-M5">
            <dst id="ATLA-M5">84.6853333333333</dst>
            <dst id="ATLAng">1064.23466666667</dst>
            <dst id="CHINng">554.704</dst>
            <dst id="DNVRng">347.152</dst>
            <dst id="HSTNng">362.594666666667</dst>
            <dst id="IPLSng">1229.88</dst>
            <dst id="KSCYng">229.162666666667</dst>
            <dst id="LOSAng">1208.64533333333</dst>
            <dst id="NYCMng">1687.82666666667</dst>
            <dst id="SNVAng">92.7573333333333</dst>
            <dst id="STTLng">26.6666666666667</dst>
            <dst id="WASHng">1198.92266666667</dst>
        </src>
        <src id="ATLAng">
            <dst id="ATLA-M5">522.725333333333</dst>
            <dst id="ATLAng">62577.3973333333</dst>
            <dst id="CHINng">24836.8213333333</dst>
            <dst id="DNVRng">5685.50133333333</dst>
            <dst id="HSTNng">2361.304</dst>
            <dst id="IPLSng">20582.728</dst>
            <dst id="KSCYng">8278.78133333333</dst>
            <dst id="LOSAng">22598.8906666667</dst>
            <dst id="NYCMng">20804.8373333333</dst>
            <dst id="SNVAng">1167.304</dst>
            <dst id="STTLng">8993.92266666667</dst>
            <dst id="WASHng">62301.7226666667</dst>
        </src>
        <src id="CHINng">
            <dst id="ATLA-M5">3630.56266666667</dst>
            <dst id="ATLAng">13621.4426666667</dst>
            <dst id="CHINng">30029.592</dst>
            <dst id="DNVRng">11915.9786666667</dst>
            <dst id="HSTNng">14156.7786666667</dst>
            <dst id="IPLSng">28694.4533333333</dst>
            <dst id="KSCYng">13315.2666666667</dst>
            <dst id="LOSAng">19762.056</dst>
            <dst id="NYCMng">5222.29866666667</dst>
            <dst id="SNVAng">3697.75733333333</dst>
            <dst id="STTLng">5306.29066666667</dst>
            <dst id="WASHng">9341.14133333333</dst>
        </src>
        <src id="DNVRng">
            <dst id="ATLA-M5">181.493333333333</dst>
            <dst id="ATLAng">3520.728</dst>
            <dst id="CHINng">40975.7546666667</dst>
            <dst id="DNVRng">8889.568</dst>
            <dst id="HSTNng">2111.20533333333</dst>
            <dst id="IPLSng">10588.7413333333</dst>
            <dst id="KSCYng">25098.5493333333</dst>
            <dst id="LOSAng">20003.2826666667</dst>
            <dst id="NYCMng">22482.8853333333</dst>
            <dst id="SNVAng">18069.4266666667</dst>
            <dst id="STTLng">28531.576</dst>
            <dst id="WASHng">16660.3866666667</dst>
        </src>
        <src id="HSTNng">
            <dst id="ATLA-M5">3426.97333333333</dst>
            <dst id="ATLAng">5159.90666666667</dst>
            <dst id="CHINng">27314.5173333333</dst>
            <dst id="DNVRng">3848.15733333333</dst>
            <dst id="HSTNng">7482.09866666667</dst>
            <dst id="IPLSng">11823.9706666667</dst>
            <dst id="KSCYng">3255.6</dst>
            <dst id="LOSAng">73950.088</dst>
            <dst id="NYCMng">10880.9866666667</dst>
            <dst id="SNVAng">902.517333333333</dst>
            <dst id="STTLng">1819.96</dst>
            <dst id="WASHng">6442.89066666667</dst>
        </src>
        <src id="IPLSng">
            <dst id="ATLA-M5">3381.04533333333</dst>
            <dst id="ATLAng">28840.7813333333</dst>
            <dst id="CHINng">78150.6773333333</dst>
            <dst id="DNVRng">17444.0133333333</dst>
            <dst id="HSTNng">6585.592</dst>
            <dst id="IPLSng">27893.5386666667</dst>
            <dst id="KSCYng">15012.632</dst>
            <dst id="LOSAng">24962.8346666667</dst>
            <dst id="NYCMng">31276.4666666667</dst>
            <dst id="SNVAng">6255.53333333333</dst>
            <dst id="STTLng">20849.208</dst>
            <dst id="WASHng">46188.648</dst>
        </src>
        <src id="KSCYng">
            <dst id="ATLA-M5">191.696</dst>
            <dst id="ATLAng">6143.78933333333</dst>
            <dst id="CHINng">29996.6346666667</dst>
            <dst id="DNVRng">11652.1146666667</dst>
            <dst id="HSTNng">6588.44533333333</dst>
            <dst id="IPLSng">15535.3573333333</dst>
            <dst id="KSCYng">6158.49866666667</dst>
            <dst id="LOSAng">7039.168</dst>
            <dst id="NYCMng">13766.504</dst>
            <dst id="SNVAng">1815.56266666667</dst>
            <dst id="STTLng">2766.46933333333</dst>
            <dst id="WASHng">12863.016</dst>
        </src>
        <src id="LOSAng">
            <dst id="ATLA-M5">663.637333333333</dst>
            <dst id="ATLAng">20853.36</dst>
            <dst id="CHINng">88355.4746666667</dst>
            <dst id="DNVRng">9211.91733333333</dst>
            <dst id="HSTNng">8834.032</dst>
            <dst id="IPLSng">36808.9493333333</dst>
            <dst id="KSCYng">8793.41866666667</dst>
            <dst id="LOSAng">16791</dst>
            <dst id="NYCMng">51978.3093333334</dst>
            <dst id="SNVAng">5634.00266666667</dst>
            <dst id="STTLng">28564.816</dst>
            <dst id="WASHng">57384.6933333333</dst>
        </src>
        <src id="NYCMng">
            <dst id="ATLA-M5">2376.16533333333</dst>
            <dst id="ATLAng">35330.8346666667</dst>
            <dst id="CHINng">67917.2266666667</dst>
            <dst id="DNVRng">14092.4133333333</dst>
            <dst id="HSTNng">22310.5013333333</dst>
            <dst id="IPLSng">81742.168</dst>
            <dst id="KSCYng">33322.832</dst>
            <dst id="LOSAng">63530.5333333333</dst>
            <dst id="NYCMng">118979.845333333</dst>
            <dst id="SNVAng">8054.304</dst>
            <dst id="STTLng">29545.696</dst>
            <dst id="WASHng">112144.437333333</dst>
        </src>
        <src id="SNVAng">
            <dst id="ATLA-M5">46.696</dst>
            <dst id="ATLAng">838.101333333333</dst>
            <dst id="CHINng">5464.856</dst>
            <dst id="DNVRng">15401.0986666667</dst>
            <dst id="HSTNng">995.832</dst>
            <dst id="IPLSng">4846.60533333333</dst>
            <dst id="KSCYng">971.8</dst>
            <dst id="LOSAng">5284.592</dst>
            <dst id="NYCMng">4597.63733333333</dst>
            <dst id="SNVAng">470.685333333333</dst>
            <dst id="STTLng">3491.50666666667</dst>
            <dst id="WASHng">2728.64</dst>
        </src>
        <src id="STTLng">
            <dst id="ATLA-M5">106.941333333333</dst>
            <dst id="ATLAng">16827.4426666667</dst>
            <dst id="CHINng">27870.96</dst>
            <dst id="DNVRng">2612.536</dst>
            <dst id="HSTNng">5309.08533333333</dst>
            <dst id="IPLSng">8159.77866666667</dst>
            <dst id="KSCYng">3186.37866666667</dst>
            <dst id="LOSAng">17956.3066666667</dst>
            <dst id="NYCMng">21960.7653333333</dst>
            <dst id="SNVAng">3092.28533333333</dst>
            <dst id="STTLng">6012.89333333333</dst>
            <dst id="WASHng">9607.17333333333</dst>
        </src>
        <src id="WASHng">
            <dst id="ATLA-M5">759.698666666667</dst>
            <dst id="ATLAng">145152.824</dst>
            <dst id="CHINng">100922.477333333</dst>
            <dst id="DNVRng">42872.1066666667</dst>
            <dst id="HSTNng">10356.1733333333</dst>
            <dst id="IPLSng">63042.7653333333</dst>
            <dst id="KSCYng">12489.8933333333</dst>
            <dst id="LOSAng">84203.096</dst>
            <dst id="NYCMng">149743.130666667</dst>
            <dst id="SNVAng">5645.512</dst>
            <dst id="STTLng">28578.056</dst>
            <dst id="WASHng">174423.402666667</dst>
        </src>
    </IntraTM>
</TrafficMatrixFile>
