<?xml version="1.0" encoding="ISO-8859-1" standalone="yes"?>
<TrafficMatrixFile xsi:noNamespaceSchemaLocation="http://totem.run.montefiore.ulg.ac.be/Schema/TrafficMatrix-v1_2.xsd" xmlns:xsi="http://www.w3.org/2001/XMLSchema-instance">
    <IntraTM ASID="11537">
        <src id="ATLA-M5">
            <dst id="ATLA-M5">133.357333333333</dst>
            <dst id="ATLAng">443.002666666667</dst>
            <dst id="CHINng">536.122666666667</dst>
            <dst id="DNVRng">196.192</dst>
            <dst id="HSTNng">161.264</dst>
            <dst id="IPLSng">635.685333333333</dst>
            <dst id="KSCYng">366.032</dst>
            <dst id="LOSAng">182.344</dst>
            <dst id="NYCMng">394.429333333333</dst>
            <dst id="SNVAng">110.605333333333</dst>
            <dst id="STTLng">287.386666666667</dst>
            <dst id="WASHng">3380.25066666667</dst>
        </src>
        <src id="ATLAng">
            <dst id="ATLA-M5">1672.02933333333</dst>
            <dst id="ATLAng">31898.1066666667</dst>
            <dst id="CHINng">23754.4853333333</dst>
            <dst id="DNVRng">7295.36266666667</dst>
            <dst id="HSTNng">3877.90933333333</dst>
            <dst id="IPLSng">34140.7226666667</dst>
            <dst id="KSCYng">20459.984</dst>
            <dst id="LOSAng">13822.3866666667</dst>
            <dst id="NYCMng">19247.832</dst>
            <dst id="SNVAng">2004.25333333333</dst>
            <dst id="STTLng">9042.368</dst>
            <dst id="WASHng">93895.616</dst>
        </src>
        <src id="CHINng">
            <dst id="ATLA-M5">812.797333333333</dst>
            <dst id="ATLAng">16178.056</dst>
            <dst id="CHINng">65078.8666666667</dst>
            <dst id="DNVRng">9163.712</dst>
            <dst id="HSTNng">12435.592</dst>
            <dst id="IPLSng">35626.1546666667</dst>
            <dst id="KSCYng">16323.3173333333</dst>
            <dst id="LOSAng">14079.3306666667</dst>
            <dst id="NYCMng">13265.0506666667</dst>
            <dst id="SNVAng">1972.95466666667</dst>
            <dst id="STTLng">7317.73066666667</dst>
            <dst id="WASHng">24064.104</dst>
        </src>
        <src id="DNVRng">
            <dst id="ATLA-M5">333.08</dst>
            <dst id="ATLAng">9124.14133333333</dst>
            <dst id="CHINng">55854.488</dst>
            <dst id="DNVRng">7384.36533333333</dst>
            <dst id="HSTNng">6466.14133333333</dst>
            <dst id="IPLSng">19885.8986666667</dst>
            <dst id="KSCYng">17039.4266666667</dst>
            <dst id="LOSAng">12630.2346666667</dst>
            <dst id="NYCMng">23449.0533333333</dst>
            <dst id="SNVAng">18495.984</dst>
            <dst id="STTLng">14245.7786666667</dst>
            <dst id="WASHng">21911.5893333333</dst>
        </src>
        <src id="HSTNng">
            <dst id="ATLA-M5">1643.28266666667</dst>
            <dst id="ATLAng">5779.72266666667</dst>
            <dst id="CHINng">22961.984</dst>
            <dst id="DNVRng">2004.816</dst>
            <dst id="HSTNng">11998.2266666667</dst>
            <dst id="IPLSng">10644.872</dst>
            <dst id="KSCYng">5092.328</dst>
            <dst id="LOSAng">190704.581333333</dst>
            <dst id="NYCMng">11147.288</dst>
            <dst id="SNVAng">914.786666666667</dst>
            <dst id="STTLng">1201.78133333333</dst>
            <dst id="WASHng">14830.056</dst>
        </src>
        <src id="IPLSng">
            <dst id="ATLA-M5">991.093333333333</dst>
            <dst id="ATLAng">24986.4346666667</dst>
            <dst id="CHINng">129750.282666667</dst>
            <dst id="DNVRng">14127.544</dst>
            <dst id="HSTNng">14756.7173333333</dst>
            <dst id="IPLSng">23242.0453333333</dst>
            <dst id="KSCYng">26710.6666666667</dst>
            <dst id="LOSAng">52722.8933333333</dst>
            <dst id="NYCMng">39689.112</dst>
            <dst id="SNVAng">2950.69866666667</dst>
            <dst id="STTLng">10528.648</dst>
            <dst id="WASHng">35351.9786666667</dst>
        </src>
        <src id="KSCYng">
            <dst id="ATLA-M5">348.848</dst>
            <dst id="ATLAng">21051.96</dst>
            <dst id="CHINng">44973.9226666667</dst>
            <dst id="DNVRng">4383.96533333333</dst>
            <dst id="HSTNng">5248.71733333333</dst>
            <dst id="IPLSng">23622.624</dst>
            <dst id="KSCYng">7794.20533333333</dst>
            <dst id="LOSAng">2920.13866666667</dst>
            <dst id="NYCMng">6886.50133333333</dst>
            <dst id="SNVAng">490.802666666667</dst>
            <dst id="STTLng">4429.90133333333</dst>
            <dst id="WASHng">16155.7546666667</dst>
        </src>
        <src id="LOSAng">
            <dst id="ATLA-M5">347.68</dst>
            <dst id="ATLAng">45002.1226666667</dst>
            <dst id="CHINng">166721.512</dst>
            <dst id="DNVRng">6439.00533333333</dst>
            <dst id="HSTNng">20511.9253333333</dst>
            <dst id="IPLSng">48937.5306666667</dst>
            <dst id="KSCYng">9390.62933333333</dst>
            <dst id="LOSAng">12880.8746666667</dst>
            <dst id="NYCMng">66808.8133333333</dst>
            <dst id="SNVAng">5597.50133333333</dst>
            <dst id="STTLng">24154.6773333333</dst>
            <dst id="WASHng">65632.368</dst>
        </src>
        <src id="NYCMng">
            <dst id="ATLA-M5">2496.25866666667</dst>
            <dst id="ATLAng">52003.7493333333</dst>
            <dst id="CHINng">85825.6106666667</dst>
            <dst id="DNVRng">16567.288</dst>
            <dst id="HSTNng">41638.5573333333</dst>
            <dst id="IPLSng">82221.616</dst>
            <dst id="KSCYng">24536.0826666667</dst>
            <dst id="LOSAng">57153.2373333333</dst>
            <dst id="NYCMng">170084.512</dst>
            <dst id="SNVAng">8166.04</dst>
            <dst id="STTLng">24530.68</dst>
            <dst id="WASHng">90459.0853333333</dst>
        </src>
        <src id="SNVAng">
            <dst id="ATLA-M5">53.752</dst>
            <dst id="ATLAng">1058.96</dst>
            <dst id="CHINng">5718.44533333333</dst>
            <dst id="DNVRng">3119.82133333333</dst>
            <dst id="HSTNng">1407.95733333333</dst>
            <dst id="IPLSng">4103.80533333333</dst>
            <dst id="KSCYng">2767.14933333333</dst>
            <dst id="LOSAng">5876.75466666667</dst>
            <dst id="NYCMng">3176.01066666667</dst>
            <dst id="SNVAng">528.874666666666</dst>
            <dst id="STTLng">2070.01066666667</dst>
            <dst id="WASHng">3804.36</dst>
        </src>
        <src id="STTLng">
            <dst id="ATLA-M5">401.858666666667</dst>
            <dst id="ATLAng">26001.6986666667</dst>
            <dst id="CHINng">86165.8666666667</dst>
            <dst id="DNVRng">4268.79733333333</dst>
            <dst id="HSTNng">4290.776</dst>
            <dst id="IPLSng">19826.5893333333</dst>
            <dst id="KSCYng">7666.55466666667</dst>
            <dst id="LOSAng">17065.2746666667</dst>
            <dst id="NYCMng">24830.6613333333</dst>
            <dst id="SNVAng">7154.272</dst>
            <dst id="STTLng">5382.67466666667</dst>
            <dst id="WASHng">16342.7466666667</dst>
        </src>
        <src id="WASHng">
            <dst id="ATLA-M5">1086.11733333333</dst>
            <dst id="ATLAng">117004.434666667</dst>
            <dst id="CHINng">109709.642666667</dst>
            <dst id="DNVRng">44989.5306666667</dst>
            <dst id="HSTNng">33883.952</dst>
            <dst id="IPLSng">93932.3866666667</dst>
            <dst id="KSCYng">36523.4026666667</dst>
            <dst id="LOSAng">51247.1786666667</dst>
            <dst id="NYCMng">179771.168</dst>
            <dst id="SNVAng">3528.02933333333</dst>
            <dst id="STTLng">23451.7866666667</dst>
            <dst id="WASHng">396942.56</dst>
        </src>
    </IntraTM>
</TrafficMatrixFile>
