<?xml version="1.0" encoding="ISO-8859-1" standalone="yes"?>
<TrafficMatrixFile xsi:noNamespaceSchemaLocation="http://totem.run.montefiore.ulg.ac.be/Schema/TrafficMatrix-v1_2.xsd" xmlns:xsi="http://www.w3.org/2001/XMLSchema-instance">
    <IntraTM ASID="11537">
        <src id="ATLA-M5">
            <dst id="ATLA-M5">143.456</dst>
            <dst id="ATLAng">545.178666666667</dst>
            <dst id="CHINng">2770.208</dst>
            <dst id="DNVRng">323.384</dst>
            <dst id="HSTNng">623.944</dst>
            <dst id="IPLSng">1965.584</dst>
            <dst id="KSCYng">305.642666666667</dst>
            <dst id="LOSAng">272.581333333333</dst>
            <dst id="NYCMng">1359.58133333333</dst>
            <dst id="SNVAng">179.6</dst>
            <dst id="STTLng">283.693333333333</dst>
            <dst id="WASHng">4267.45066666667</dst>
        </src>
        <src id="ATLAng">
            <dst id="ATLA-M5">298.314666666667</dst>
            <dst id="ATLAng">24364.9146666667</dst>
            <dst id="CHINng">27596.376</dst>
            <dst id="DNVRng">6157.11466666667</dst>
            <dst id="HSTNng">13022.8986666667</dst>
            <dst id="IPLSng">34595.6266666667</dst>
            <dst id="KSCYng">12068.9493333333</dst>
            <dst id="LOSAng">20498.3546666667</dst>
            <dst id="NYCMng">20999.7493333333</dst>
            <dst id="SNVAng">1203.73333333333</dst>
            <dst id="STTLng">11071.232</dst>
            <dst id="WASHng">67383.0586666667</dst>
        </src>
        <src id="CHINng">
            <dst id="ATLA-M5">1834.01066666667</dst>
            <dst id="ATLAng">17973.7093333333</dst>
            <dst id="CHINng">39527.4</dst>
            <dst id="DNVRng">6200.328</dst>
            <dst id="HSTNng">12948.1546666667</dst>
            <dst id="IPLSng">20953.872</dst>
            <dst id="KSCYng">11029.3226666667</dst>
            <dst id="LOSAng">31296.176</dst>
            <dst id="NYCMng">7122.42133333333</dst>
            <dst id="SNVAng">4572.552</dst>
            <dst id="STTLng">7200.088</dst>
            <dst id="WASHng">6800.008</dst>
        </src>
        <src id="DNVRng">
            <dst id="ATLA-M5">552.386666666667</dst>
            <dst id="ATLAng">8187.48533333333</dst>
            <dst id="CHINng">57533.6426666667</dst>
            <dst id="DNVRng">5838.65866666667</dst>
            <dst id="HSTNng">14263.1973333333</dst>
            <dst id="IPLSng">28692.944</dst>
            <dst id="KSCYng">10859.328</dst>
            <dst id="LOSAng">21235.7786666667</dst>
            <dst id="NYCMng">29854.904</dst>
            <dst id="SNVAng">7358.78933333333</dst>
            <dst id="STTLng">12215.5546666667</dst>
            <dst id="WASHng">49621.856</dst>
        </src>
        <src id="HSTNng">
            <dst id="ATLA-M5">3986.06933333333</dst>
            <dst id="ATLAng">8578.04533333333</dst>
            <dst id="CHINng">35731.4773333333</dst>
            <dst id="DNVRng">3430.98133333333</dst>
            <dst id="HSTNng">14906.8853333333</dst>
            <dst id="IPLSng">10947.44</dst>
            <dst id="KSCYng">5794.06133333333</dst>
            <dst id="LOSAng">13917.4933333333</dst>
            <dst id="NYCMng">6070.46133333333</dst>
            <dst id="SNVAng">1208.48266666667</dst>
            <dst id="STTLng">3264.45333333333</dst>
            <dst id="WASHng">9807.648</dst>
        </src>
        <src id="IPLSng">
            <dst id="ATLA-M5">2016.176</dst>
            <dst id="ATLAng">19156.6666666667</dst>
            <dst id="CHINng">75898.576</dst>
            <dst id="DNVRng">29240.3706666667</dst>
            <dst id="HSTNng">11864.7573333333</dst>
            <dst id="IPLSng">22382.7066666667</dst>
            <dst id="KSCYng">12338.8586666667</dst>
            <dst id="LOSAng">93982.7413333333</dst>
            <dst id="NYCMng">49420.84</dst>
            <dst id="SNVAng">4257.78133333333</dst>
            <dst id="STTLng">10525.0773333333</dst>
            <dst id="WASHng">43523.72</dst>
        </src>
        <src id="KSCYng">
            <dst id="ATLA-M5">1340.58933333333</dst>
            <dst id="ATLAng">7845.304</dst>
            <dst id="CHINng">34324.9866666667</dst>
            <dst id="DNVRng">25849.168</dst>
            <dst id="HSTNng">5953.904</dst>
            <dst id="IPLSng">19216.8986666667</dst>
            <dst id="KSCYng">9288.38133333333</dst>
            <dst id="LOSAng">6265.23466666667</dst>
            <dst id="NYCMng">10016.328</dst>
            <dst id="SNVAng">1525.56533333333</dst>
            <dst id="STTLng">3595.896</dst>
            <dst id="WASHng">12278.0133333333</dst>
        </src>
        <src id="LOSAng">
            <dst id="ATLA-M5">2018.28533333333</dst>
            <dst id="ATLAng">23185.056</dst>
            <dst id="CHINng">108934.826666667</dst>
            <dst id="DNVRng">20927.1093333333</dst>
            <dst id="HSTNng">11129.632</dst>
            <dst id="IPLSng">49990.2346666667</dst>
            <dst id="KSCYng">13911.3013333333</dst>
            <dst id="LOSAng">27978.4133333333</dst>
            <dst id="NYCMng">76216.472</dst>
            <dst id="SNVAng">10836.7546666667</dst>
            <dst id="STTLng">29939.36</dst>
            <dst id="WASHng">68195.1626666667</dst>
        </src>
        <src id="NYCMng">
            <dst id="ATLA-M5">4098.77066666667</dst>
            <dst id="ATLAng">50525.3546666667</dst>
            <dst id="CHINng">89481.1973333333</dst>
            <dst id="DNVRng">36947.1893333333</dst>
            <dst id="HSTNng">36174.8</dst>
            <dst id="IPLSng">70087.32</dst>
            <dst id="KSCYng">34365.7733333333</dst>
            <dst id="LOSAng">94682.784</dst>
            <dst id="NYCMng">127216.626666667</dst>
            <dst id="SNVAng">13273.216</dst>
            <dst id="STTLng">34543.816</dst>
            <dst id="WASHng">110893.872</dst>
        </src>
        <src id="SNVAng">
            <dst id="ATLA-M5">523.466666666667</dst>
            <dst id="ATLAng">328.498666666667</dst>
            <dst id="CHINng">4801.14933333333</dst>
            <dst id="DNVRng">2310.99466666667</dst>
            <dst id="HSTNng">1298.984</dst>
            <dst id="IPLSng">3030.60533333333</dst>
            <dst id="KSCYng">1577.69066666667</dst>
            <dst id="LOSAng">43003.4293333333</dst>
            <dst id="NYCMng">2331.50666666667</dst>
            <dst id="SNVAng">20533.4773333333</dst>
            <dst id="STTLng">63785.4373333333</dst>
            <dst id="WASHng">2233.51466666667</dst>
        </src>
        <src id="STTLng">
            <dst id="ATLA-M5">125.186666666667</dst>
            <dst id="ATLAng">12653.7946666667</dst>
            <dst id="CHINng">47607.704</dst>
            <dst id="DNVRng">7504.14133333333</dst>
            <dst id="HSTNng">4566.41333333333</dst>
            <dst id="IPLSng">14597.6933333333</dst>
            <dst id="KSCYng">7621.608</dst>
            <dst id="LOSAng">31854.9493333333</dst>
            <dst id="NYCMng">28443.5386666667</dst>
            <dst id="SNVAng">6219.944</dst>
            <dst id="STTLng">15597.9573333333</dst>
            <dst id="WASHng">15238.6346666667</dst>
        </src>
        <src id="WASHng">
            <dst id="ATLA-M5">17664.9306666667</dst>
            <dst id="ATLAng">132386.146666667</dst>
            <dst id="CHINng">108981.168</dst>
            <dst id="DNVRng">58512.1306666667</dst>
            <dst id="HSTNng">32140.2906666667</dst>
            <dst id="IPLSng">84799.1573333333</dst>
            <dst id="KSCYng">12248.168</dst>
            <dst id="LOSAng">76789.2773333333</dst>
            <dst id="NYCMng">193344.034666667</dst>
            <dst id="SNVAng">17850.7573333333</dst>
            <dst id="STTLng">41701.0826666667</dst>
            <dst id="WASHng">248688.045333333</dst>
        </src>
    </IntraTM>
</TrafficMatrixFile>
