<?xml version="1.0" encoding="ISO-8859-1" standalone="yes"?>
<TrafficMatrixFile xsi:noNamespaceSchemaLocation="http://totem.run.montefiore.ulg.ac.be/Schema/TrafficMatrix-v1_2.xsd" xmlns:xsi="http://www.w3.org/2001/XMLSchema-instance">
    <IntraTM ASID="11537">
        <src id="ATLA-M5">
            <dst id="ATLA-M5">0</dst>
            <dst id="ATLAng">845.168</dst>
            <dst id="CHINng">1096.73866666667</dst>
            <dst id="DNVRng">181.76</dst>
            <dst id="HSTNng">476.565333333333</dst>
            <dst id="IPLSng">1181.89333333333</dst>
            <dst id="KSCYng">395.490666666667</dst>
            <dst id="LOSAng">1008.80266666667</dst>
            <dst id="NYCMng">707.122666666667</dst>
            <dst id="SNVAng">382.192</dst>
            <dst id="STTLng">147.864</dst>
            <dst id="WASHng">1134.02133333333</dst>
        </src>
        <src id="ATLAng">
            <dst id="ATLA-M5">1912.45866666667</dst>
            <dst id="ATLAng">28213.536</dst>
            <dst id="CHINng">40314.2506666667</dst>
            <dst id="DNVRng">5059.336</dst>
            <dst id="HSTNng">7216.704</dst>
            <dst id="IPLSng">24127.4773333333</dst>
            <dst id="KSCYng">13049.0426666667</dst>
            <dst id="LOSAng">17612.668</dst>
            <dst id="NYCMng">19293.976</dst>
            <dst id="SNVAng">3695.44933333333</dst>
            <dst id="STTLng">9062.32</dst>
            <dst id="WASHng">63512.9173333333</dst>
        </src>
        <src id="CHINng">
            <dst id="ATLA-M5">4258.248</dst>
            <dst id="ATLAng">16323.9946666667</dst>
            <dst id="CHINng">30109.424</dst>
            <dst id="DNVRng">10214.6853333333</dst>
            <dst id="HSTNng">13029.0186666667</dst>
            <dst id="IPLSng">36914.8586666667</dst>
            <dst id="KSCYng">9371.46133333333</dst>
            <dst id="LOSAng">34677.44</dst>
            <dst id="NYCMng">3806.648</dst>
            <dst id="SNVAng">6585.14133333333</dst>
            <dst id="STTLng">15893.1253333333</dst>
            <dst id="WASHng">29166.4933333333</dst>
        </src>
        <src id="DNVRng">
            <dst id="ATLA-M5">538.752</dst>
            <dst id="ATLAng">6472.64266666667</dst>
            <dst id="CHINng">60196.3813333333</dst>
            <dst id="DNVRng">21003.2106666667</dst>
            <dst id="HSTNng">20575.72</dst>
            <dst id="IPLSng">35322.096</dst>
            <dst id="KSCYng">20843.624</dst>
            <dst id="LOSAng">8623.59733333333</dst>
            <dst id="NYCMng">23454.7386666667</dst>
            <dst id="SNVAng">12083.76</dst>
            <dst id="STTLng">14918.3013333333</dst>
            <dst id="WASHng">59621.44</dst>
        </src>
        <src id="HSTNng">
            <dst id="ATLA-M5">3114.992</dst>
            <dst id="ATLAng">9810.72533333333</dst>
            <dst id="CHINng">28214.896</dst>
            <dst id="DNVRng">5180.392</dst>
            <dst id="HSTNng">10743.848</dst>
            <dst id="IPLSng">13055.376</dst>
            <dst id="KSCYng">2239.824</dst>
            <dst id="LOSAng">12497.2586666667</dst>
            <dst id="NYCMng">8727.85333333333</dst>
            <dst id="SNVAng">1036.73066666667</dst>
            <dst id="STTLng">9620.86133333333</dst>
            <dst id="WASHng">19065.3493333333</dst>
        </src>
        <src id="IPLSng">
            <dst id="ATLA-M5">985.68</dst>
            <dst id="ATLAng">27112.9733333333</dst>
            <dst id="CHINng">86935.2106666667</dst>
            <dst id="DNVRng">30113.256</dst>
            <dst id="HSTNng">7696.67466666667</dst>
            <dst id="IPLSng">29664.5706666667</dst>
            <dst id="KSCYng">12818.1013333333</dst>
            <dst id="LOSAng">64126.1173333333</dst>
            <dst id="NYCMng">35558.6986666667</dst>
            <dst id="SNVAng">6593.39466666667</dst>
            <dst id="STTLng">13848.9946666667</dst>
            <dst id="WASHng">60437.4133333333</dst>
        </src>
        <src id="KSCYng">
            <dst id="ATLA-M5">420.186666666667</dst>
            <dst id="ATLAng">6901.98666666666</dst>
            <dst id="CHINng">36492.2613333333</dst>
            <dst id="DNVRng">12053.6666666667</dst>
            <dst id="HSTNng">5179.70133333333</dst>
            <dst id="IPLSng">19726.3173333333</dst>
            <dst id="KSCYng">12323.0986666667</dst>
            <dst id="LOSAng">7176.69333333333</dst>
            <dst id="NYCMng">15795.2933333333</dst>
            <dst id="SNVAng">2182.776</dst>
            <dst id="STTLng">6512.65866666667</dst>
            <dst id="WASHng">19879.6746666667</dst>
        </src>
        <src id="LOSAng">
            <dst id="ATLA-M5">1276.92533333333</dst>
            <dst id="ATLAng">53433.6773333333</dst>
            <dst id="CHINng">113925.045333333</dst>
            <dst id="DNVRng">15880.5413333333</dst>
            <dst id="HSTNng">14697.0853333333</dst>
            <dst id="IPLSng">45158.7093333333</dst>
            <dst id="KSCYng">14917.904</dst>
            <dst id="LOSAng">17048.0106666667</dst>
            <dst id="NYCMng">64191.8266666667</dst>
            <dst id="SNVAng">15127.552</dst>
            <dst id="STTLng">38899.3466666667</dst>
            <dst id="WASHng">74841.8826666667</dst>
        </src>
        <src id="NYCMng">
            <dst id="ATLA-M5">3502.48266666667</dst>
            <dst id="ATLAng">57402.4693333333</dst>
            <dst id="CHINng">82123.2053333333</dst>
            <dst id="DNVRng">48055.5813333333</dst>
            <dst id="HSTNng">47386.7413333333</dst>
            <dst id="IPLSng">103863.173333333</dst>
            <dst id="KSCYng">28077.4773333333</dst>
            <dst id="LOSAng">85524.5733333333</dst>
            <dst id="NYCMng">141482.805333333</dst>
            <dst id="SNVAng">11789.9466666667</dst>
            <dst id="STTLng">43663.272</dst>
            <dst id="WASHng">127115.392</dst>
        </src>
        <src id="SNVAng">
            <dst id="ATLA-M5">128.157333333333</dst>
            <dst id="ATLAng">950.096</dst>
            <dst id="CHINng">5326.768</dst>
            <dst id="DNVRng">12360.2266666667</dst>
            <dst id="HSTNng">1380.48</dst>
            <dst id="IPLSng">2358.66666666667</dst>
            <dst id="KSCYng">1551.536</dst>
            <dst id="LOSAng">40340.2346666667</dst>
            <dst id="NYCMng">12530.064</dst>
            <dst id="SNVAng">17336.3893333333</dst>
            <dst id="STTLng">69621.1706666667</dst>
            <dst id="WASHng">2339.98666666667</dst>
        </src>
        <src id="STTLng">
            <dst id="ATLA-M5">629.426666666667</dst>
            <dst id="ATLAng">14385.336</dst>
            <dst id="CHINng">53448.3386666667</dst>
            <dst id="DNVRng">4997.41333333333</dst>
            <dst id="HSTNng">4055.98133333333</dst>
            <dst id="IPLSng">17846.84</dst>
            <dst id="KSCYng">5400.61333333333</dst>
            <dst id="LOSAng">36591.6</dst>
            <dst id="NYCMng">25813.7626666667</dst>
            <dst id="SNVAng">12634.6506666667</dst>
            <dst id="STTLng">12865.936</dst>
            <dst id="WASHng">20991.896</dst>
        </src>
        <src id="WASHng">
            <dst id="ATLA-M5">1583.01333333333</dst>
            <dst id="ATLAng">144673.16</dst>
            <dst id="CHINng">111688.314666667</dst>
            <dst id="DNVRng">51798.752</dst>
            <dst id="HSTNng">23513.4746666667</dst>
            <dst id="IPLSng">72812.432</dst>
            <dst id="KSCYng">17175.408</dst>
            <dst id="LOSAng">87439.216</dst>
            <dst id="NYCMng">228675.88</dst>
            <dst id="SNVAng">24931.48</dst>
            <dst id="STTLng">43566.1706666667</dst>
            <dst id="WASHng">263348.808</dst>
        </src>
    </IntraTM>
</TrafficMatrixFile>
