<?xml version="1.0" encoding="ISO-8859-1" standalone="yes"?>
<TrafficMatrixFile xsi:noNamespaceSchemaLocation="http://totem.run.montefiore.ulg.ac.be/Schema/TrafficMatrix-v1_2.xsd" xmlns:xsi="http://www.w3.org/2001/XMLSchema-instance">
    <IntraTM ASID="11537">
        <src id="ATLA-M5">
            <dst id="ATLA-M5">26.6666666666667</dst>
            <dst id="ATLAng">656.317333333334</dst>
            <dst id="CHINng">1332.00533333333</dst>
            <dst id="DNVRng">84.0613333333333</dst>
            <dst id="HSTNng">252.56</dst>
            <dst id="IPLSng">792.272</dst>
            <dst id="KSCYng">242.072</dst>
            <dst id="LOSAng">621.88</dst>
            <dst id="NYCMng">2553.09333333333</dst>
            <dst id="SNVAng">81.2</dst>
            <dst id="STTLng">142.968</dst>
            <dst id="WASHng">1116.61066666667</dst>
        </src>
        <src id="ATLAng">
            <dst id="ATLA-M5">1025.01066666667</dst>
            <dst id="ATLAng">74803.7146666667</dst>
            <dst id="CHINng">19616.144</dst>
            <dst id="DNVRng">4460.59733333333</dst>
            <dst id="HSTNng">3573.04533333333</dst>
            <dst id="IPLSng">18298.824</dst>
            <dst id="KSCYng">7385.416</dst>
            <dst id="LOSAng">17186.7573333333</dst>
            <dst id="NYCMng">19680.8026666667</dst>
            <dst id="SNVAng">1123.54666666667</dst>
            <dst id="STTLng">8056.04</dst>
            <dst id="WASHng">61361.944</dst>
        </src>
        <src id="CHINng">
            <dst id="ATLA-M5">4067.90933333333</dst>
            <dst id="ATLAng">11404.5226666667</dst>
            <dst id="CHINng">27324.656</dst>
            <dst id="DNVRng">7512.45066666667</dst>
            <dst id="HSTNng">14432.8133333333</dst>
            <dst id="IPLSng">24734.232</dst>
            <dst id="KSCYng">10844.4026666667</dst>
            <dst id="LOSAng">18696.5093333333</dst>
            <dst id="NYCMng">8422.024</dst>
            <dst id="SNVAng">1693.20533333333</dst>
            <dst id="STTLng">5735.88266666667</dst>
            <dst id="WASHng">12040.2453333333</dst>
        </src>
        <src id="DNVRng">
            <dst id="ATLA-M5">159.941333333333</dst>
            <dst id="ATLAng">1888.82133333333</dst>
            <dst id="CHINng">45694.3893333333</dst>
            <dst id="DNVRng">3818.57866666667</dst>
            <dst id="HSTNng">2536.67733333333</dst>
            <dst id="IPLSng">11495.3013333333</dst>
            <dst id="KSCYng">4875.84266666667</dst>
            <dst id="LOSAng">16346.0773333333</dst>
            <dst id="NYCMng">30951.6293333333</dst>
            <dst id="SNVAng">14976.2373333333</dst>
            <dst id="STTLng">10638.8346666667</dst>
            <dst id="WASHng">8169.05066666667</dst>
        </src>
        <src id="HSTNng">
            <dst id="ATLA-M5">450.549333333333</dst>
            <dst id="ATLAng">8320.984</dst>
            <dst id="CHINng">21339.7386666667</dst>
            <dst id="DNVRng">2971.776</dst>
            <dst id="HSTNng">8166.688</dst>
            <dst id="IPLSng">16921.8426666667</dst>
            <dst id="KSCYng">7148.96266666667</dst>
            <dst id="LOSAng">4738.52266666667</dst>
            <dst id="NYCMng">7811.10666666667</dst>
            <dst id="SNVAng">686.746666666667</dst>
            <dst id="STTLng">2030.904</dst>
            <dst id="WASHng">7741.70666666667</dst>
        </src>
        <src id="IPLSng">
            <dst id="ATLA-M5">2774.01066666667</dst>
            <dst id="ATLAng">14846.9066666667</dst>
            <dst id="CHINng">76418.976</dst>
            <dst id="DNVRng">14833.64</dst>
            <dst id="HSTNng">7203.544</dst>
            <dst id="IPLSng">24552.8506666667</dst>
            <dst id="KSCYng">12302.5546666667</dst>
            <dst id="LOSAng">87589.5173333333</dst>
            <dst id="NYCMng">32311.7813333333</dst>
            <dst id="SNVAng">2689.06933333333</dst>
            <dst id="STTLng">13675.5573333333</dst>
            <dst id="WASHng">44339.336</dst>
        </src>
        <src id="KSCYng">
            <dst id="ATLA-M5">294.92</dst>
            <dst id="ATLAng">4762.15466666667</dst>
            <dst id="CHINng">37189.8293333333</dst>
            <dst id="DNVRng">7073.38666666667</dst>
            <dst id="HSTNng">5356.67733333333</dst>
            <dst id="IPLSng">17676.52</dst>
            <dst id="KSCYng">4421.67466666667</dst>
            <dst id="LOSAng">4991.38133333333</dst>
            <dst id="NYCMng">9980.01333333333</dst>
            <dst id="SNVAng">2431.14933333333</dst>
            <dst id="STTLng">7141.14933333333</dst>
            <dst id="WASHng">13032.6426666667</dst>
        </src>
        <src id="LOSAng">
            <dst id="ATLA-M5">354.197333333333</dst>
            <dst id="ATLAng">34911.7813333333</dst>
            <dst id="CHINng">93239.032</dst>
            <dst id="DNVRng">9859.41866666667</dst>
            <dst id="HSTNng">14229.5386666667</dst>
            <dst id="IPLSng">44430.312</dst>
            <dst id="KSCYng">9284.74133333333</dst>
            <dst id="LOSAng">11556.48</dst>
            <dst id="NYCMng">57701.5733333333</dst>
            <dst id="SNVAng">4436.04266666667</dst>
            <dst id="STTLng">32037.2853333333</dst>
            <dst id="WASHng">62506.464</dst>
        </src>
        <src id="NYCMng">
            <dst id="ATLA-M5">2835.93866666667</dst>
            <dst id="ATLAng">35592.56</dst>
            <dst id="CHINng">54572.016</dst>
            <dst id="DNVRng">16476.0586666667</dst>
            <dst id="HSTNng">17552.4293333333</dst>
            <dst id="IPLSng">82344.4666666666</dst>
            <dst id="KSCYng">23306.616</dst>
            <dst id="LOSAng">61846.912</dst>
            <dst id="NYCMng">143240.813333333</dst>
            <dst id="SNVAng">6614.136</dst>
            <dst id="STTLng">24359.552</dst>
            <dst id="WASHng">95223.2053333333</dst>
        </src>
        <src id="SNVAng">
            <dst id="ATLA-M5">78.1173333333333</dst>
            <dst id="ATLAng">1004.528</dst>
            <dst id="CHINng">3850.79466666667</dst>
            <dst id="DNVRng">8381.44266666667</dst>
            <dst id="HSTNng">1205.92</dst>
            <dst id="IPLSng">3814.91733333333</dst>
            <dst id="KSCYng">1862.73333333333</dst>
            <dst id="LOSAng">3129.71466666667</dst>
            <dst id="NYCMng">2036.584</dst>
            <dst id="SNVAng">234.909333333333</dst>
            <dst id="STTLng">1570.90133333333</dst>
            <dst id="WASHng">2575.10666666667</dst>
        </src>
        <src id="STTLng">
            <dst id="ATLA-M5">32.5866666666667</dst>
            <dst id="ATLAng">19658.3946666667</dst>
            <dst id="CHINng">21886.2613333333</dst>
            <dst id="DNVRng">4238.77066666667</dst>
            <dst id="HSTNng">3899.53066666667</dst>
            <dst id="IPLSng">7033.65866666667</dst>
            <dst id="KSCYng">4127.512</dst>
            <dst id="LOSAng">23426.3466666667</dst>
            <dst id="NYCMng">19652.5306666667</dst>
            <dst id="SNVAng">3920.69066666667</dst>
            <dst id="STTLng">1518.93333333333</dst>
            <dst id="WASHng">8094.91733333333</dst>
        </src>
        <src id="WASHng">
            <dst id="ATLA-M5">1011.49333333333</dst>
            <dst id="ATLAng">114390.032</dst>
            <dst id="CHINng">78271.648</dst>
            <dst id="DNVRng">31576.6373333333</dst>
            <dst id="HSTNng">21714.3573333333</dst>
            <dst id="IPLSng">66159.0586666667</dst>
            <dst id="KSCYng">22131.24</dst>
            <dst id="LOSAng">85878.472</dst>
            <dst id="NYCMng">145402.901333333</dst>
            <dst id="SNVAng">5361.45066666667</dst>
            <dst id="STTLng">32164.16</dst>
            <dst id="WASHng">237828.061333333</dst>
        </src>
    </IntraTM>
</TrafficMatrixFile>
