<?xml version="1.0" encoding="ISO-8859-1" standalone="yes"?>
<TrafficMatrixFile xsi:noNamespaceSchemaLocation="http://totem.run.montefiore.ulg.ac.be/Schema/TrafficMatrix-v1_2.xsd" xmlns:xsi="http://www.w3.org/2001/XMLSchema-instance">
    <IntraTM ASID="11537">
        <src id="ATLA-M5">
            <dst id="ATLA-M5">97.112</dst>
            <dst id="ATLAng">714.162666666667</dst>
            <dst id="CHINng">3272.95466666667</dst>
            <dst id="DNVRng">474.976</dst>
            <dst id="HSTNng">336.48</dst>
            <dst id="IPLSng">945.152</dst>
            <dst id="KSCYng">975.6</dst>
            <dst id="LOSAng">2149.176</dst>
            <dst id="NYCMng">1959.336</dst>
            <dst id="SNVAng">168.168</dst>
            <dst id="STTLng">265.658666666667</dst>
            <dst id="WASHng">1760.65333333333</dst>
        </src>
        <src id="ATLAng">
            <dst id="ATLA-M5">1170.66933333333</dst>
            <dst id="ATLAng">40356.9013333333</dst>
            <dst id="CHINng">35840.6586666667</dst>
            <dst id="DNVRng">20013.4933333333</dst>
            <dst id="HSTNng">11570.912</dst>
            <dst id="IPLSng">35594.6826666667</dst>
            <dst id="KSCYng">17253.3466666667</dst>
            <dst id="LOSAng">27589.0986666667</dst>
            <dst id="NYCMng">24476.472</dst>
            <dst id="SNVAng">3499.66933333333</dst>
            <dst id="STTLng">7703.79466666667</dst>
            <dst id="WASHng">80527.7706666666</dst>
        </src>
        <src id="CHINng">
            <dst id="ATLA-M5">4802.21333333333</dst>
            <dst id="ATLAng">22159.1306666667</dst>
            <dst id="CHINng">54914.4373333333</dst>
            <dst id="DNVRng">22695.3573333333</dst>
            <dst id="HSTNng">21665.4506666667</dst>
            <dst id="IPLSng">39065.9546666667</dst>
            <dst id="KSCYng">11294.3626666667</dst>
            <dst id="LOSAng">32622.024</dst>
            <dst id="NYCMng">14857.7866666667</dst>
            <dst id="SNVAng">3391.48533333333</dst>
            <dst id="STTLng">13927.8693333333</dst>
            <dst id="WASHng">19477.24</dst>
        </src>
        <src id="DNVRng">
            <dst id="ATLA-M5">334.005333333333</dst>
            <dst id="ATLAng">9222.70933333333</dst>
            <dst id="CHINng">62053.2186666666</dst>
            <dst id="DNVRng">17338.3226666667</dst>
            <dst id="HSTNng">17099.6586666667</dst>
            <dst id="IPLSng">57084.072</dst>
            <dst id="KSCYng">28620.0346666667</dst>
            <dst id="LOSAng">21215.4613333333</dst>
            <dst id="NYCMng">22939.104</dst>
            <dst id="SNVAng">18832.592</dst>
            <dst id="STTLng">19886.3866666667</dst>
            <dst id="WASHng">51419.672</dst>
        </src>
        <src id="HSTNng">
            <dst id="ATLA-M5">911.381333333333</dst>
            <dst id="ATLAng">7603.95733333333</dst>
            <dst id="CHINng">22824.9946666667</dst>
            <dst id="DNVRng">7360.94933333333</dst>
            <dst id="HSTNng">11694.4693333333</dst>
            <dst id="IPLSng">12295.0986666667</dst>
            <dst id="KSCYng">4312.66933333333</dst>
            <dst id="LOSAng">16119.2586666667</dst>
            <dst id="NYCMng">9915.61333333333</dst>
            <dst id="SNVAng">2054.38133333333</dst>
            <dst id="STTLng">4882.224</dst>
            <dst id="WASHng">12867.5573333333</dst>
        </src>
        <src id="IPLSng">
            <dst id="ATLA-M5">2748.89866666667</dst>
            <dst id="ATLAng">22664.7973333333</dst>
            <dst id="CHINng">116786.541333333</dst>
            <dst id="DNVRng">38998.4693333333</dst>
            <dst id="HSTNng">14855.6186666667</dst>
            <dst id="IPLSng">54453.8133333333</dst>
            <dst id="KSCYng">27774.2613333333</dst>
            <dst id="LOSAng">30307.4586666667</dst>
            <dst id="NYCMng">44263.9066666667</dst>
            <dst id="SNVAng">5760.76</dst>
            <dst id="STTLng">15144.4906666667</dst>
            <dst id="WASHng">60849.0933333333</dst>
        </src>
        <src id="KSCYng">
            <dst id="ATLA-M5">3134.56266666667</dst>
            <dst id="ATLAng">17101.6453333333</dst>
            <dst id="CHINng">36867.4426666667</dst>
            <dst id="DNVRng">16161.632</dst>
            <dst id="HSTNng">9582.80266666667</dst>
            <dst id="IPLSng">23387.0053333333</dst>
            <dst id="KSCYng">14696.76</dst>
            <dst id="LOSAng">13076.8693333333</dst>
            <dst id="NYCMng">14197.2133333333</dst>
            <dst id="SNVAng">2213.49866666667</dst>
            <dst id="STTLng">6016.18133333333</dst>
            <dst id="WASHng">20973.9546666667</dst>
        </src>
        <src id="LOSAng">
            <dst id="ATLA-M5">1775.28266666667</dst>
            <dst id="ATLAng">29866.672</dst>
            <dst id="CHINng">468687.306666667</dst>
            <dst id="DNVRng">25473.6213333333</dst>
            <dst id="HSTNng">13995.9706666667</dst>
            <dst id="IPLSng">46950.56</dst>
            <dst id="KSCYng">11315.6293333333</dst>
            <dst id="LOSAng">10373.64</dst>
            <dst id="NYCMng">74378.5413333333</dst>
            <dst id="SNVAng">11218.4666666667</dst>
            <dst id="STTLng">29064.3333333333</dst>
            <dst id="WASHng">73692.0293333333</dst>
        </src>
        <src id="NYCMng">
            <dst id="ATLA-M5">3649.44533333333</dst>
            <dst id="ATLAng">76823.424</dst>
            <dst id="CHINng">88986.8293333333</dst>
            <dst id="DNVRng">62297.6586666667</dst>
            <dst id="HSTNng">52830.5093333333</dst>
            <dst id="IPLSng">122968.466666667</dst>
            <dst id="KSCYng">30313.4266666667</dst>
            <dst id="LOSAng">86982.4426666667</dst>
            <dst id="NYCMng">172007.301333333</dst>
            <dst id="SNVAng">13475.184</dst>
            <dst id="STTLng">30710.3626666667</dst>
            <dst id="WASHng">198685.618666667</dst>
        </src>
        <src id="SNVAng">
            <dst id="ATLA-M5">637.104</dst>
            <dst id="ATLAng">1976.86666666667</dst>
            <dst id="CHINng">6118.856</dst>
            <dst id="DNVRng">13414.296</dst>
            <dst id="HSTNng">1423.192</dst>
            <dst id="IPLSng">5100.984</dst>
            <dst id="KSCYng">1395.216</dst>
            <dst id="LOSAng">41449.1893333333</dst>
            <dst id="NYCMng">6059.67733333333</dst>
            <dst id="SNVAng">20899.784</dst>
            <dst id="STTLng">69910.152</dst>
            <dst id="WASHng">1967.51466666667</dst>
        </src>
        <src id="STTLng">
            <dst id="ATLA-M5">500.490666666667</dst>
            <dst id="ATLAng">14034.984</dst>
            <dst id="CHINng">82112.3706666666</dst>
            <dst id="DNVRng">14230.792</dst>
            <dst id="HSTNng">6528.74666666667</dst>
            <dst id="IPLSng">20139.9706666667</dst>
            <dst id="KSCYng">7973.33066666667</dst>
            <dst id="LOSAng">30043.3146666667</dst>
            <dst id="NYCMng">31357.32</dst>
            <dst id="SNVAng">13315.4906666667</dst>
            <dst id="STTLng">13338.6453333333</dst>
            <dst id="WASHng">21051.3946666667</dst>
        </src>
        <src id="WASHng">
            <dst id="ATLA-M5">4154.82133333333</dst>
            <dst id="ATLAng">165778.802666667</dst>
            <dst id="CHINng">96809.776</dst>
            <dst id="DNVRng">77358.4613333333</dst>
            <dst id="HSTNng">39679.7066666667</dst>
            <dst id="IPLSng">115333.077333333</dst>
            <dst id="KSCYng">41651.9413333333</dst>
            <dst id="LOSAng">84255.0293333333</dst>
            <dst id="NYCMng">201747.146666667</dst>
            <dst id="SNVAng">15780.8053333333</dst>
            <dst id="STTLng">41807.4426666667</dst>
            <dst id="WASHng">256866.816</dst>
        </src>
    </IntraTM>
</TrafficMatrixFile>
