<?xml version="1.0" encoding="ISO-8859-1" standalone="yes"?>
<TrafficMatrixFile xsi:noNamespaceSchemaLocation="http://totem.run.montefiore.ulg.ac.be/Schema/TrafficMatrix-v1_2.xsd" xmlns:xsi="http://www.w3.org/2001/XMLSchema-instance">
    <IntraTM ASID="11537">
        <src id="ATLA-M5">
            <dst id="ATLA-M5">219.058666666667</dst>
            <dst id="ATLAng">697.576</dst>
            <dst id="CHINng">1017.91466666667</dst>
            <dst id="DNVRng">1667.304</dst>
            <dst id="HSTNng">1347.33333333333</dst>
            <dst id="IPLSng">1345.06666666667</dst>
            <dst id="KSCYng">174.530666666667</dst>
            <dst id="LOSAng">231.370666666667</dst>
            <dst id="NYCMng">278.576</dst>
            <dst id="SNVAng">58.6666666666667</dst>
            <dst id="STTLng">385.474666666667</dst>
            <dst id="WASHng">3547.256</dst>
        </src>
        <src id="ATLAng">
            <dst id="ATLA-M5">19051.1146666667</dst>
            <dst id="ATLAng">34025.0906666667</dst>
            <dst id="CHINng">21476.792</dst>
            <dst id="DNVRng">3564.27466666667</dst>
            <dst id="HSTNng">3993.66666666667</dst>
            <dst id="IPLSng">25178.6266666667</dst>
            <dst id="KSCYng">17670.1546666667</dst>
            <dst id="LOSAng">14749.0826666667</dst>
            <dst id="NYCMng">21865.2826666667</dst>
            <dst id="SNVAng">1524.504</dst>
            <dst id="STTLng">8496.50933333333</dst>
            <dst id="WASHng">94367.048</dst>
        </src>
        <src id="CHINng">
            <dst id="ATLA-M5">1043.18933333333</dst>
            <dst id="ATLAng">15274.7573333333</dst>
            <dst id="CHINng">61797.4693333333</dst>
            <dst id="DNVRng">10197.264</dst>
            <dst id="HSTNng">11744.5786666667</dst>
            <dst id="IPLSng">40618.8746666667</dst>
            <dst id="KSCYng">11192.9306666667</dst>
            <dst id="LOSAng">15317.7813333333</dst>
            <dst id="NYCMng">12638.688</dst>
            <dst id="SNVAng">1659</dst>
            <dst id="STTLng">7181.77333333333</dst>
            <dst id="WASHng">20318.2826666667</dst>
        </src>
        <src id="DNVRng">
            <dst id="ATLA-M5">256.306666666667</dst>
            <dst id="ATLAng">14309.0293333333</dst>
            <dst id="CHINng">50844.9306666667</dst>
            <dst id="DNVRng">7391.536</dst>
            <dst id="HSTNng">6012.65066666667</dst>
            <dst id="IPLSng">27200.6906666667</dst>
            <dst id="KSCYng">19100.4613333333</dst>
            <dst id="LOSAng">6965.72266666667</dst>
            <dst id="NYCMng">24619.48</dst>
            <dst id="SNVAng">16398.2053333333</dst>
            <dst id="STTLng">21947.544</dst>
            <dst id="WASHng">27574.616</dst>
        </src>
        <src id="HSTNng">
            <dst id="ATLA-M5">2707.34933333333</dst>
            <dst id="ATLAng">5546.08266666667</dst>
            <dst id="CHINng">25826.6746666667</dst>
            <dst id="DNVRng">1726.6</dst>
            <dst id="HSTNng">8687.96</dst>
            <dst id="IPLSng">11152.6346666667</dst>
            <dst id="KSCYng">4538.02133333333</dst>
            <dst id="LOSAng">10108.664</dst>
            <dst id="NYCMng">9030.91466666667</dst>
            <dst id="SNVAng">1297.32</dst>
            <dst id="STTLng">1471.94933333333</dst>
            <dst id="WASHng">14641.6746666667</dst>
        </src>
        <src id="IPLSng">
            <dst id="ATLA-M5">543.413333333333</dst>
            <dst id="ATLAng">19741.0453333333</dst>
            <dst id="CHINng">130813.928</dst>
            <dst id="DNVRng">15219.232</dst>
            <dst id="HSTNng">17673.6533333333</dst>
            <dst id="IPLSng">28149.6773333333</dst>
            <dst id="KSCYng">22312.8133333333</dst>
            <dst id="LOSAng">15294.1626666667</dst>
            <dst id="NYCMng">39434.1386666667</dst>
            <dst id="SNVAng">3117.928</dst>
            <dst id="STTLng">12082.0506666667</dst>
            <dst id="WASHng">35621.376</dst>
        </src>
        <src id="KSCYng">
            <dst id="ATLA-M5">323.154666666667</dst>
            <dst id="ATLAng">21758.352</dst>
            <dst id="CHINng">38161.688</dst>
            <dst id="DNVRng">3768.46133333333</dst>
            <dst id="HSTNng">5649.02933333333</dst>
            <dst id="IPLSng">19634.7173333333</dst>
            <dst id="KSCYng">8116.69866666667</dst>
            <dst id="LOSAng">2623.00266666667</dst>
            <dst id="NYCMng">6617.61066666667</dst>
            <dst id="SNVAng">724.92</dst>
            <dst id="STTLng">3092.792</dst>
            <dst id="WASHng">13367.688</dst>
        </src>
        <src id="LOSAng">
            <dst id="ATLA-M5">269.424</dst>
            <dst id="ATLAng">36076.4453333333</dst>
            <dst id="CHINng">148819.154666667</dst>
            <dst id="DNVRng">5541.26133333333</dst>
            <dst id="HSTNng">11955.1546666667</dst>
            <dst id="IPLSng">43759.9946666667</dst>
            <dst id="KSCYng">10845.6533333333</dst>
            <dst id="LOSAng">9965.448</dst>
            <dst id="NYCMng">62387.7706666667</dst>
            <dst id="SNVAng">4201.11733333333</dst>
            <dst id="STTLng">23392.6106666667</dst>
            <dst id="WASHng">63279.5493333333</dst>
        </src>
        <src id="NYCMng">
            <dst id="ATLA-M5">2822.41866666667</dst>
            <dst id="ATLAng">44605.3413333333</dst>
            <dst id="CHINng">91277.2</dst>
            <dst id="DNVRng">18318.2346666667</dst>
            <dst id="HSTNng">39247.6133333333</dst>
            <dst id="IPLSng">87085.12</dst>
            <dst id="KSCYng">24660.7093333333</dst>
            <dst id="LOSAng">57835.5973333333</dst>
            <dst id="NYCMng">204488.853333333</dst>
            <dst id="SNVAng">8415.66933333334</dst>
            <dst id="STTLng">22875.1493333333</dst>
            <dst id="WASHng">93375.1253333333</dst>
        </src>
        <src id="SNVAng">
            <dst id="ATLA-M5">53.3333333333333</dst>
            <dst id="ATLAng">860.573333333333</dst>
            <dst id="CHINng">7568.38933333333</dst>
            <dst id="DNVRng">4246.68</dst>
            <dst id="HSTNng">1345.28533333333</dst>
            <dst id="IPLSng">3819.04</dst>
            <dst id="KSCYng">925.688</dst>
            <dst id="LOSAng">7476.368</dst>
            <dst id="NYCMng">14215.696</dst>
            <dst id="SNVAng">686.469333333334</dst>
            <dst id="STTLng">1930.08533333333</dst>
            <dst id="WASHng">3447.26133333333</dst>
        </src>
        <src id="STTLng">
            <dst id="ATLA-M5">368.888</dst>
            <dst id="ATLAng">22386.9573333333</dst>
            <dst id="CHINng">91993.472</dst>
            <dst id="DNVRng">6020.184</dst>
            <dst id="HSTNng">3639.72</dst>
            <dst id="IPLSng">19780.0533333333</dst>
            <dst id="KSCYng">5521.16</dst>
            <dst id="LOSAng">16727.5973333333</dst>
            <dst id="NYCMng">25121.1093333333</dst>
            <dst id="SNVAng">6984.67466666667</dst>
            <dst id="STTLng">18718.3226666667</dst>
            <dst id="WASHng">15580.8773333333</dst>
        </src>
        <src id="WASHng">
            <dst id="ATLA-M5">1202.744</dst>
            <dst id="ATLAng">127323.610666667</dst>
            <dst id="CHINng">117190.837333333</dst>
            <dst id="DNVRng">34458.24</dst>
            <dst id="HSTNng">22481.792</dst>
            <dst id="IPLSng">93939.3893333333</dst>
            <dst id="KSCYng">17198.968</dst>
            <dst id="LOSAng">50225.4906666667</dst>
            <dst id="NYCMng">163271.554666667</dst>
            <dst id="SNVAng">9344.92266666666</dst>
            <dst id="STTLng">23338.7573333333</dst>
            <dst id="WASHng">379875.6</dst>
        </src>
    </IntraTM>
</TrafficMatrixFile>
