<?xml version="1.0" encoding="ISO-8859-1" standalone="yes"?>
<TrafficMatrixFile xsi:noNamespaceSchemaLocation="http://totem.run.montefiore.ulg.ac.be/Schema/TrafficMatrix-v1_2.xsd" xmlns:xsi="http://www.w3.org/2001/XMLSchema-instance">
    <IntraTM ASID="11537">
        <src id="ATLA-M5">
            <dst id="ATLA-M5">0</dst>
            <dst id="ATLAng">340.448</dst>
            <dst id="CHINng">1436.52533333333</dst>
            <dst id="DNVRng">142.154666666667</dst>
            <dst id="HSTNng">353.333333333333</dst>
            <dst id="IPLSng">646.029333333333</dst>
            <dst id="KSCYng">320.429333333333</dst>
            <dst id="LOSAng">983.826666666667</dst>
            <dst id="NYCMng">535.552</dst>
            <dst id="SNVAng">214.056</dst>
            <dst id="STTLng">100.248</dst>
            <dst id="WASHng">1596.57866666667</dst>
        </src>
        <src id="ATLAng">
            <dst id="ATLA-M5">863.170666666667</dst>
            <dst id="ATLAng">32011.9733333333</dst>
            <dst id="CHINng">16043.6906666667</dst>
            <dst id="DNVRng">5257.05866666667</dst>
            <dst id="HSTNng">5899.912</dst>
            <dst id="IPLSng">15611.9146666667</dst>
            <dst id="KSCYng">4053.336</dst>
            <dst id="LOSAng">18377.6293333333</dst>
            <dst id="NYCMng">11931.8293333333</dst>
            <dst id="SNVAng">3072.8</dst>
            <dst id="STTLng">7971.05866666667</dst>
            <dst id="WASHng">72045.2373333333</dst>
        </src>
        <src id="CHINng">
            <dst id="ATLA-M5">611.330666666667</dst>
            <dst id="ATLAng">21567.048</dst>
            <dst id="CHINng">47095.648</dst>
            <dst id="DNVRng">14035.12</dst>
            <dst id="HSTNng">15499.288</dst>
            <dst id="IPLSng">33027.9306666667</dst>
            <dst id="KSCYng">10531.7386666667</dst>
            <dst id="LOSAng">25024.336</dst>
            <dst id="NYCMng">7147.75466666667</dst>
            <dst id="SNVAng">1924.976</dst>
            <dst id="STTLng">5738.04266666667</dst>
            <dst id="WASHng">13574.28</dst>
        </src>
        <src id="DNVRng">
            <dst id="ATLA-M5">83.8933333333333</dst>
            <dst id="ATLAng">5259.84533333333</dst>
            <dst id="CHINng">44013.384</dst>
            <dst id="DNVRng">5978.01333333334</dst>
            <dst id="HSTNng">5303.58933333333</dst>
            <dst id="IPLSng">9067.04266666667</dst>
            <dst id="KSCYng">8162.47733333333</dst>
            <dst id="LOSAng">21185.592</dst>
            <dst id="NYCMng">5006.12533333333</dst>
            <dst id="SNVAng">15607.512</dst>
            <dst id="STTLng">14849.896</dst>
            <dst id="WASHng">10699.2266666667</dst>
        </src>
        <src id="HSTNng">
            <dst id="ATLA-M5">4204.33066666667</dst>
            <dst id="ATLAng">2278.63466666667</dst>
            <dst id="CHINng">33708.4586666667</dst>
            <dst id="DNVRng">3207.81333333333</dst>
            <dst id="HSTNng">5870.216</dst>
            <dst id="IPLSng">6960.632</dst>
            <dst id="KSCYng">4959.696</dst>
            <dst id="LOSAng">8041.31733333333</dst>
            <dst id="NYCMng">5789.14666666667</dst>
            <dst id="SNVAng">2614.064</dst>
            <dst id="STTLng">6201.00266666667</dst>
            <dst id="WASHng">4981.65066666667</dst>
        </src>
        <src id="IPLSng">
            <dst id="ATLA-M5">417.013333333333</dst>
            <dst id="ATLAng">12953.0933333333</dst>
            <dst id="CHINng">92091.024</dst>
            <dst id="DNVRng">10112.016</dst>
            <dst id="HSTNng">5942.56533333333</dst>
            <dst id="IPLSng">17006.8346666667</dst>
            <dst id="KSCYng">10730.192</dst>
            <dst id="LOSAng">17519.9173333333</dst>
            <dst id="NYCMng">19778.736</dst>
            <dst id="SNVAng">5759.06133333333</dst>
            <dst id="STTLng">10594.0986666667</dst>
            <dst id="WASHng">35054.8346666667</dst>
        </src>
        <src id="KSCYng">
            <dst id="ATLA-M5">542.776</dst>
            <dst id="ATLAng">3113.59733333333</dst>
            <dst id="CHINng">33124.056</dst>
            <dst id="DNVRng">8778.11733333333</dst>
            <dst id="HSTNng">3747.896</dst>
            <dst id="IPLSng">10582.5173333333</dst>
            <dst id="KSCYng">6651.11466666667</dst>
            <dst id="LOSAng">11211.9173333333</dst>
            <dst id="NYCMng">11392.3146666667</dst>
            <dst id="SNVAng">918.498666666667</dst>
            <dst id="STTLng">4436.90933333333</dst>
            <dst id="WASHng">10944.0453333333</dst>
        </src>
        <src id="LOSAng">
            <dst id="ATLA-M5">316.76</dst>
            <dst id="ATLAng">14867.1493333333</dst>
            <dst id="CHINng">122098.677333333</dst>
            <dst id="DNVRng">9097.63466666667</dst>
            <dst id="HSTNng">7895.79466666667</dst>
            <dst id="IPLSng">42340.632</dst>
            <dst id="KSCYng">12916.7306666667</dst>
            <dst id="LOSAng">22384.208</dst>
            <dst id="NYCMng">55080.2133333333</dst>
            <dst id="SNVAng">5100.77866666667</dst>
            <dst id="STTLng">30083.1946666667</dst>
            <dst id="WASHng">57905.608</dst>
        </src>
        <src id="NYCMng">
            <dst id="ATLA-M5">1911.02933333333</dst>
            <dst id="ATLAng">26788.064</dst>
            <dst id="CHINng">68904.3546666667</dst>
            <dst id="DNVRng">23672.84</dst>
            <dst id="HSTNng">34163.5173333333</dst>
            <dst id="IPLSng">51309.9493333333</dst>
            <dst id="KSCYng">25050.376</dst>
            <dst id="LOSAng">79513.6026666667</dst>
            <dst id="NYCMng">158089.789333333</dst>
            <dst id="SNVAng">8529.424</dst>
            <dst id="STTLng">26906.0426666667</dst>
            <dst id="WASHng">63939.256</dst>
        </src>
        <src id="SNVAng">
            <dst id="ATLA-M5">173.565333333333</dst>
            <dst id="ATLAng">766.637333333333</dst>
            <dst id="CHINng">7502.76533333333</dst>
            <dst id="DNVRng">7658.10666666667</dst>
            <dst id="HSTNng">1218.312</dst>
            <dst id="IPLSng">2515.50933333333</dst>
            <dst id="KSCYng">439.754666666667</dst>
            <dst id="LOSAng">11827.0186666667</dst>
            <dst id="NYCMng">2329.67466666667</dst>
            <dst id="SNVAng">159.32</dst>
            <dst id="STTLng">5379.72</dst>
            <dst id="WASHng">3404.6</dst>
        </src>
        <src id="STTLng">
            <dst id="ATLA-M5">83.0213333333333</dst>
            <dst id="ATLAng">13487.6986666667</dst>
            <dst id="CHINng">61943.08</dst>
            <dst id="DNVRng">5884.18666666667</dst>
            <dst id="HSTNng">2139.55466666667</dst>
            <dst id="IPLSng">8131.376</dst>
            <dst id="KSCYng">3954.36</dst>
            <dst id="LOSAng">21315.2853333333</dst>
            <dst id="NYCMng">15267.7706666667</dst>
            <dst id="SNVAng">3354.12533333333</dst>
            <dst id="STTLng">7290.18933333333</dst>
            <dst id="WASHng">10225.528</dst>
        </src>
        <src id="WASHng">
            <dst id="ATLA-M5">637.594666666666</dst>
            <dst id="ATLAng">58245.256</dst>
            <dst id="CHINng">64510.2213333333</dst>
            <dst id="DNVRng">49486.2586666667</dst>
            <dst id="HSTNng">22784.6666666667</dst>
            <dst id="IPLSng">37776.5413333333</dst>
            <dst id="KSCYng">15540.9866666667</dst>
            <dst id="LOSAng">76366.248</dst>
            <dst id="NYCMng">125046.192</dst>
            <dst id="SNVAng">5523.09333333333</dst>
            <dst id="STTLng">37197.3706666667</dst>
            <dst id="WASHng">325560.506666667</dst>
        </src>
    </IntraTM>
</TrafficMatrixFile>
