<?xml version="1.0" encoding="ISO-8859-1" standalone="yes"?>
<TrafficMatrixFile xsi:noNamespaceSchemaLocation="http://totem.run.montefiore.ulg.ac.be/Schema/TrafficMatrix-v1_2.xsd" xmlns:xsi="http://www.w3.org/2001/XMLSchema-instance">
    <IntraTM ASID="11537">
        <src id="ATLA-M5">
            <dst id="ATLA-M5">93.7786666666667</dst>
            <dst id="ATLAng">759.76</dst>
            <dst id="CHINng">2072.944</dst>
            <dst id="DNVRng">1089.70666666667</dst>
            <dst id="HSTNng">334.309333333333</dst>
            <dst id="IPLSng">1788.808</dst>
            <dst id="KSCYng">456.888</dst>
            <dst id="LOSAng">1050.144</dst>
            <dst id="NYCMng">1164.752</dst>
            <dst id="SNVAng">523.528</dst>
            <dst id="STTLng">80</dst>
            <dst id="WASHng">5182.752</dst>
        </src>
        <src id="ATLAng">
            <dst id="ATLA-M5">1824.488</dst>
            <dst id="ATLAng">51999.9093333333</dst>
            <dst id="CHINng">55308.736</dst>
            <dst id="DNVRng">17077.2426666667</dst>
            <dst id="HSTNng">7050.184</dst>
            <dst id="IPLSng">26684.9653333333</dst>
            <dst id="KSCYng">21223.2346666667</dst>
            <dst id="LOSAng">24314.9613333333</dst>
            <dst id="NYCMng">19819.976</dst>
            <dst id="SNVAng">3892.80933333333</dst>
            <dst id="STTLng">9752.87466666667</dst>
            <dst id="WASHng">104011.728</dst>
        </src>
        <src id="CHINng">
            <dst id="ATLA-M5">3492.78666666667</dst>
            <dst id="ATLAng">28675</dst>
            <dst id="CHINng">61599.1733333333</dst>
            <dst id="DNVRng">16050.1466666667</dst>
            <dst id="HSTNng">27583.736</dst>
            <dst id="IPLSng">28500.8826666667</dst>
            <dst id="KSCYng">17556.5093333333</dst>
            <dst id="LOSAng">24113.2906666667</dst>
            <dst id="NYCMng">8998.29333333333</dst>
            <dst id="SNVAng">4073.87733333333</dst>
            <dst id="STTLng">20815.0746666667</dst>
            <dst id="WASHng">19467.5173333333</dst>
        </src>
        <src id="DNVRng">
            <dst id="ATLA-M5">3686.8</dst>
            <dst id="ATLAng">14006.3333333333</dst>
            <dst id="CHINng">68525.2906666667</dst>
            <dst id="DNVRng">11846.6773333333</dst>
            <dst id="HSTNng">16441.8106666667</dst>
            <dst id="IPLSng">35718.1626666667</dst>
            <dst id="KSCYng">19740.0933333333</dst>
            <dst id="LOSAng">21075.9173333333</dst>
            <dst id="NYCMng">26600.064</dst>
            <dst id="SNVAng">27954.7653333333</dst>
            <dst id="STTLng">19694.504</dst>
            <dst id="WASHng">60921.2586666667</dst>
        </src>
        <src id="HSTNng">
            <dst id="ATLA-M5">657.674666666666</dst>
            <dst id="ATLAng">10645.0426666667</dst>
            <dst id="CHINng">32563.4826666667</dst>
            <dst id="DNVRng">6758.40266666667</dst>
            <dst id="HSTNng">12011.1466666667</dst>
            <dst id="IPLSng">10897.1306666667</dst>
            <dst id="KSCYng">6529.92533333333</dst>
            <dst id="LOSAng">95914.2533333333</dst>
            <dst id="NYCMng">11651.5653333333</dst>
            <dst id="SNVAng">4874.28266666667</dst>
            <dst id="STTLng">3668.71466666667</dst>
            <dst id="WASHng">9486.12533333333</dst>
        </src>
        <src id="IPLSng">
            <dst id="ATLA-M5">719.397333333333</dst>
            <dst id="ATLAng">25715</dst>
            <dst id="CHINng">146169.613333333</dst>
            <dst id="DNVRng">39833.8986666667</dst>
            <dst id="HSTNng">10736.5893333333</dst>
            <dst id="IPLSng">49019.5466666667</dst>
            <dst id="KSCYng">26465.4186666667</dst>
            <dst id="LOSAng">32145.928</dst>
            <dst id="NYCMng">87195.8986666667</dst>
            <dst id="SNVAng">9252.872</dst>
            <dst id="STTLng">17786.1813333333</dst>
            <dst id="WASHng">70836.5733333333</dst>
        </src>
        <src id="KSCYng">
            <dst id="ATLA-M5">556.514666666667</dst>
            <dst id="ATLAng">8070.20533333334</dst>
            <dst id="CHINng">40146.3333333333</dst>
            <dst id="DNVRng">12900.7413333333</dst>
            <dst id="HSTNng">7733.408</dst>
            <dst id="IPLSng">17487.824</dst>
            <dst id="KSCYng">8359.78133333333</dst>
            <dst id="LOSAng">6665.21333333333</dst>
            <dst id="NYCMng">11883.3013333333</dst>
            <dst id="SNVAng">1253.96266666667</dst>
            <dst id="STTLng">4384.15733333333</dst>
            <dst id="WASHng">24726.7893333333</dst>
        </src>
        <src id="LOSAng">
            <dst id="ATLA-M5">1177.62933333333</dst>
            <dst id="ATLAng">31588.6666666667</dst>
            <dst id="CHINng">140985.96</dst>
            <dst id="DNVRng">13977.472</dst>
            <dst id="HSTNng">12839.7866666667</dst>
            <dst id="IPLSng">46131.1093333333</dst>
            <dst id="KSCYng">11236.3893333333</dst>
            <dst id="LOSAng">10912.864</dst>
            <dst id="NYCMng">62087.2693333333</dst>
            <dst id="SNVAng">29624.4906666667</dst>
            <dst id="STTLng">26793.9893333333</dst>
            <dst id="WASHng">70997.4773333333</dst>
        </src>
        <src id="NYCMng">
            <dst id="ATLA-M5">2671.86666666667</dst>
            <dst id="ATLAng">71357.8826666667</dst>
            <dst id="CHINng">94648.9226666667</dst>
            <dst id="DNVRng">51542.3013333333</dst>
            <dst id="HSTNng">41166.8693333333</dst>
            <dst id="IPLSng">97823.1733333333</dst>
            <dst id="KSCYng">33221.5893333333</dst>
            <dst id="LOSAng">77137.3653333333</dst>
            <dst id="NYCMng">177052.944</dst>
            <dst id="SNVAng">14002.9253333333</dst>
            <dst id="STTLng">35018.616</dst>
            <dst id="WASHng">127061.416</dst>
        </src>
        <src id="SNVAng">
            <dst id="ATLA-M5">26.6666666666667</dst>
            <dst id="ATLAng">1042.06666666667</dst>
            <dst id="CHINng">8407.44266666667</dst>
            <dst id="DNVRng">3635.27733333333</dst>
            <dst id="HSTNng">3049.57866666667</dst>
            <dst id="IPLSng">15540.4213333333</dst>
            <dst id="KSCYng">1966.53866666667</dst>
            <dst id="LOSAng">45547.208</dst>
            <dst id="NYCMng">3098.42666666667</dst>
            <dst id="SNVAng">32279.4826666667</dst>
            <dst id="STTLng">61242.8533333333</dst>
            <dst id="WASHng">2460.376</dst>
        </src>
        <src id="STTLng">
            <dst id="ATLA-M5">392.992</dst>
            <dst id="ATLAng">16604.0906666667</dst>
            <dst id="CHINng">90623.1413333333</dst>
            <dst id="DNVRng">12718.7493333333</dst>
            <dst id="HSTNng">4991.97333333333</dst>
            <dst id="IPLSng">28905.496</dst>
            <dst id="KSCYng">6095.24533333333</dst>
            <dst id="LOSAng">29553.4693333333</dst>
            <dst id="NYCMng">36402.9253333333</dst>
            <dst id="SNVAng">12836.4853333333</dst>
            <dst id="STTLng">4111.70666666667</dst>
            <dst id="WASHng">20930.8693333333</dst>
        </src>
        <src id="WASHng">
            <dst id="ATLA-M5">3619.79733333333</dst>
            <dst id="ATLAng">122224.68</dst>
            <dst id="CHINng">122626.234666667</dst>
            <dst id="DNVRng">85958.8266666667</dst>
            <dst id="HSTNng">25832.0053333333</dst>
            <dst id="IPLSng">95067.464</dst>
            <dst id="KSCYng">40635.056</dst>
            <dst id="LOSAng">100977.669333333</dst>
            <dst id="NYCMng">227760.106666667</dst>
            <dst id="SNVAng">13943.5253333333</dst>
            <dst id="STTLng">43795.2186666667</dst>
            <dst id="WASHng">321814.24</dst>
        </src>
    </IntraTM>
</TrafficMatrixFile>
