<?xml version="1.0" encoding="ISO-8859-1" standalone="yes"?>
<TrafficMatrixFile xsi:noNamespaceSchemaLocation="http://totem.run.montefiore.ulg.ac.be/Schema/TrafficMatrix-v1_2.xsd" xmlns:xsi="http://www.w3.org/2001/XMLSchema-instance">
    <IntraTM ASID="11537">
        <src id="ATLA-M5">
            <dst id="ATLA-M5">0</dst>
            <dst id="ATLAng">810.24</dst>
            <dst id="CHINng">2317.94133333333</dst>
            <dst id="DNVRng">741.808</dst>
            <dst id="HSTNng">1952.744</dst>
            <dst id="IPLSng">1318.38933333333</dst>
            <dst id="KSCYng">582.149333333333</dst>
            <dst id="LOSAng">1242.72</dst>
            <dst id="NYCMng">703.517333333333</dst>
            <dst id="SNVAng">429.44</dst>
            <dst id="STTLng">250.997333333333</dst>
            <dst id="WASHng">1704.80266666667</dst>
        </src>
        <src id="ATLAng">
            <dst id="ATLA-M5">660.410666666667</dst>
            <dst id="ATLAng">38975.1786666667</dst>
            <dst id="CHINng">25491.728</dst>
            <dst id="DNVRng">7152.06666666666</dst>
            <dst id="HSTNng">4735.272</dst>
            <dst id="IPLSng">36412.8106666667</dst>
            <dst id="KSCYng">9010.536</dst>
            <dst id="LOSAng">18046.7093333333</dst>
            <dst id="NYCMng">21562.928</dst>
            <dst id="SNVAng">1165.35466666667</dst>
            <dst id="STTLng">8291.456</dst>
            <dst id="WASHng">65033.4853333333</dst>
        </src>
        <src id="CHINng">
            <dst id="ATLA-M5">1209.792</dst>
            <dst id="ATLAng">12918.4346666667</dst>
            <dst id="CHINng">34727.0853333333</dst>
            <dst id="DNVRng">12351.8453333333</dst>
            <dst id="HSTNng">7098.93333333334</dst>
            <dst id="IPLSng">33927.216</dst>
            <dst id="KSCYng">8638.04266666667</dst>
            <dst id="LOSAng">35142.4186666667</dst>
            <dst id="NYCMng">5635.75466666667</dst>
            <dst id="SNVAng">1994.112</dst>
            <dst id="STTLng">8513.25866666667</dst>
            <dst id="WASHng">17726.1946666667</dst>
        </src>
        <src id="DNVRng">
            <dst id="ATLA-M5">516.194666666667</dst>
            <dst id="ATLAng">4063.48266666667</dst>
            <dst id="CHINng">36145.408</dst>
            <dst id="DNVRng">7711.52533333333</dst>
            <dst id="HSTNng">5669.65066666667</dst>
            <dst id="IPLSng">9720.65333333333</dst>
            <dst id="KSCYng">18781.5226666667</dst>
            <dst id="LOSAng">19080.0346666667</dst>
            <dst id="NYCMng">17544.3173333333</dst>
            <dst id="SNVAng">13757.0506666667</dst>
            <dst id="STTLng">19625.6933333333</dst>
            <dst id="WASHng">21479.1546666667</dst>
        </src>
        <src id="HSTNng">
            <dst id="ATLA-M5">2101.824</dst>
            <dst id="ATLAng">9574.50666666667</dst>
            <dst id="CHINng">27130.4826666667</dst>
            <dst id="DNVRng">4410.73866666667</dst>
            <dst id="HSTNng">13839.8506666667</dst>
            <dst id="IPLSng">12078.6773333333</dst>
            <dst id="KSCYng">4314.70933333333</dst>
            <dst id="LOSAng">60695.056</dst>
            <dst id="NYCMng">8098.15733333333</dst>
            <dst id="SNVAng">2773.648</dst>
            <dst id="STTLng">2278.62666666667</dst>
            <dst id="WASHng">8280.216</dst>
        </src>
        <src id="IPLSng">
            <dst id="ATLA-M5">2067.712</dst>
            <dst id="ATLAng">21019.8773333333</dst>
            <dst id="CHINng">104062.605333333</dst>
            <dst id="DNVRng">10398.08</dst>
            <dst id="HSTNng">9961.43733333333</dst>
            <dst id="IPLSng">28906.3813333333</dst>
            <dst id="KSCYng">15434.328</dst>
            <dst id="LOSAng">25680.0426666667</dst>
            <dst id="NYCMng">33230.232</dst>
            <dst id="SNVAng">4804.92266666667</dst>
            <dst id="STTLng">12217.3466666667</dst>
            <dst id="WASHng">42111.5386666667</dst>
        </src>
        <src id="KSCYng">
            <dst id="ATLA-M5">437.253333333333</dst>
            <dst id="ATLAng">8982.03466666667</dst>
            <dst id="CHINng">35406.1733333333</dst>
            <dst id="DNVRng">12219.3813333333</dst>
            <dst id="HSTNng">4209.56266666667</dst>
            <dst id="IPLSng">20692.1546666667</dst>
            <dst id="KSCYng">6027.58133333333</dst>
            <dst id="LOSAng">11925.696</dst>
            <dst id="NYCMng">15611.8373333333</dst>
            <dst id="SNVAng">1157.39733333333</dst>
            <dst id="STTLng">4055.36533333333</dst>
            <dst id="WASHng">14040.264</dst>
        </src>
        <src id="LOSAng">
            <dst id="ATLA-M5">380.28</dst>
            <dst id="ATLAng">33932.5253333333</dst>
            <dst id="CHINng">82329.4986666667</dst>
            <dst id="DNVRng">12393.84</dst>
            <dst id="HSTNng">15222.8133333333</dst>
            <dst id="IPLSng">49427.9866666667</dst>
            <dst id="KSCYng">15105.4373333333</dst>
            <dst id="LOSAng">13828.84</dst>
            <dst id="NYCMng">53870.648</dst>
            <dst id="SNVAng">4386.19733333333</dst>
            <dst id="STTLng">32414.4853333333</dst>
            <dst id="WASHng">37084.3866666667</dst>
        </src>
        <src id="NYCMng">
            <dst id="ATLA-M5">3399.90933333333</dst>
            <dst id="ATLAng">40116.656</dst>
            <dst id="CHINng">79641.6826666667</dst>
            <dst id="DNVRng">20437.5093333333</dst>
            <dst id="HSTNng">42509.9013333333</dst>
            <dst id="IPLSng">76582.2346666667</dst>
            <dst id="KSCYng">24820.384</dst>
            <dst id="LOSAng">79844.2106666667</dst>
            <dst id="NYCMng">137204.106666667</dst>
            <dst id="SNVAng">5939.66666666667</dst>
            <dst id="STTLng">30199.048</dst>
            <dst id="WASHng">93128.5626666667</dst>
        </src>
        <src id="SNVAng">
            <dst id="ATLA-M5">173.797333333333</dst>
            <dst id="ATLAng">904.594666666667</dst>
            <dst id="CHINng">5954.904</dst>
            <dst id="DNVRng">9962.09066666667</dst>
            <dst id="HSTNng">2057.112</dst>
            <dst id="IPLSng">2716.952</dst>
            <dst id="KSCYng">900.936</dst>
            <dst id="LOSAng">2720.52266666667</dst>
            <dst id="NYCMng">3181.63466666667</dst>
            <dst id="SNVAng">2317.25066666667</dst>
            <dst id="STTLng">2445.32266666667</dst>
            <dst id="WASHng">2008.90133333333</dst>
        </src>
        <src id="STTLng">
            <dst id="ATLA-M5">288.4</dst>
            <dst id="ATLAng">19626.576</dst>
            <dst id="CHINng">38837.0933333333</dst>
            <dst id="DNVRng">5889.09066666667</dst>
            <dst id="HSTNng">5050.05066666667</dst>
            <dst id="IPLSng">12948.608</dst>
            <dst id="KSCYng">6903.64266666667</dst>
            <dst id="LOSAng">21530.0026666667</dst>
            <dst id="NYCMng">25598.6773333333</dst>
            <dst id="SNVAng">4816.40266666667</dst>
            <dst id="STTLng">5785.02666666667</dst>
            <dst id="WASHng">11754.8586666667</dst>
        </src>
        <src id="WASHng">
            <dst id="ATLA-M5">2737.696</dst>
            <dst id="ATLAng">126458.496</dst>
            <dst id="CHINng">102545.437333333</dst>
            <dst id="DNVRng">32687.8853333333</dst>
            <dst id="HSTNng">15491.4213333333</dst>
            <dst id="IPLSng">52942.216</dst>
            <dst id="KSCYng">18841.1013333333</dst>
            <dst id="LOSAng">74588.4586666667</dst>
            <dst id="NYCMng">169920.138666667</dst>
            <dst id="SNVAng">8783.29333333333</dst>
            <dst id="STTLng">30550.9306666667</dst>
            <dst id="WASHng">179984.517333333</dst>
        </src>
    </IntraTM>
</TrafficMatrixFile>
