<?xml version="1.0" encoding="ISO-8859-1" standalone="yes"?>
<TrafficMatrixFile xsi:noNamespaceSchemaLocation="http://totem.run.montefiore.ulg.ac.be/Schema/TrafficMatrix-v1_2.xsd" xmlns:xsi="http://www.w3.org/2001/XMLSchema-instance">
    <IntraTM ASID="11537">
        <src id="ATLA-M5">
            <dst id="ATLA-M5">26.6666666666667</dst>
            <dst id="ATLAng">743.378666666667</dst>
            <dst id="CHINng">1999.78933333333</dst>
            <dst id="DNVRng">974.709333333334</dst>
            <dst id="HSTNng">143.565333333333</dst>
            <dst id="IPLSng">2004.776</dst>
            <dst id="KSCYng">311.626666666667</dst>
            <dst id="LOSAng">1365.376</dst>
            <dst id="NYCMng">628.629333333333</dst>
            <dst id="SNVAng">285.32</dst>
            <dst id="STTLng">568.306666666667</dst>
            <dst id="WASHng">3955.112</dst>
        </src>
        <src id="ATLAng">
            <dst id="ATLA-M5">761.826666666667</dst>
            <dst id="ATLAng">22929.0906666667</dst>
            <dst id="CHINng">32441.5733333333</dst>
            <dst id="DNVRng">9145.02133333333</dst>
            <dst id="HSTNng">23944.928</dst>
            <dst id="IPLSng">24652.256</dst>
            <dst id="KSCYng">5135.61866666667</dst>
            <dst id="LOSAng">19922.94</dst>
            <dst id="NYCMng">14580.9093333333</dst>
            <dst id="SNVAng">2074.19866666667</dst>
            <dst id="STTLng">4913.05333333333</dst>
            <dst id="WASHng">79100.7946666667</dst>
        </src>
        <src id="CHINng">
            <dst id="ATLA-M5">781.48</dst>
            <dst id="ATLAng">8884.74933333334</dst>
            <dst id="CHINng">52995.2773333333</dst>
            <dst id="DNVRng">10418.8853333333</dst>
            <dst id="HSTNng">24514.6266666667</dst>
            <dst id="IPLSng">18529.6426666667</dst>
            <dst id="KSCYng">11992.392</dst>
            <dst id="LOSAng">30870.4426666667</dst>
            <dst id="NYCMng">14678.8906666667</dst>
            <dst id="SNVAng">3796.05333333333</dst>
            <dst id="STTLng">4966.816</dst>
            <dst id="WASHng">16004.2053333333</dst>
        </src>
        <src id="DNVRng">
            <dst id="ATLA-M5">445.821333333333</dst>
            <dst id="ATLAng">6952.92533333333</dst>
            <dst id="CHINng">68421.2506666667</dst>
            <dst id="DNVRng">17117.568</dst>
            <dst id="HSTNng">15217.776</dst>
            <dst id="IPLSng">37322.4613333333</dst>
            <dst id="KSCYng">18359.8</dst>
            <dst id="LOSAng">10534.9173333333</dst>
            <dst id="NYCMng">25641.176</dst>
            <dst id="SNVAng">9988.46666666667</dst>
            <dst id="STTLng">11359.2266666667</dst>
            <dst id="WASHng">52950.2213333333</dst>
        </src>
        <src id="HSTNng">
            <dst id="ATLA-M5">413.264</dst>
            <dst id="ATLAng">3923.40266666667</dst>
            <dst id="CHINng">40856.6773333333</dst>
            <dst id="DNVRng">4209.4</dst>
            <dst id="HSTNng">6325.27733333333</dst>
            <dst id="IPLSng">14579.184</dst>
            <dst id="KSCYng">3289.86133333333</dst>
            <dst id="LOSAng">106972.914666667</dst>
            <dst id="NYCMng">15553.6506666667</dst>
            <dst id="SNVAng">2135.64</dst>
            <dst id="STTLng">2083.41866666667</dst>
            <dst id="WASHng">14383.7573333333</dst>
        </src>
        <src id="IPLSng">
            <dst id="ATLA-M5">1000.76</dst>
            <dst id="ATLAng">25759.744</dst>
            <dst id="CHINng">105362.186666667</dst>
            <dst id="DNVRng">23657.6853333333</dst>
            <dst id="HSTNng">4816.248</dst>
            <dst id="IPLSng">23315.5253333333</dst>
            <dst id="KSCYng">31501.568</dst>
            <dst id="LOSAng">47144.6666666667</dst>
            <dst id="NYCMng">35319.0053333333</dst>
            <dst id="SNVAng">4383.808</dst>
            <dst id="STTLng">14900.4133333333</dst>
            <dst id="WASHng">41418.1733333333</dst>
        </src>
        <src id="KSCYng">
            <dst id="ATLA-M5">368.354666666667</dst>
            <dst id="ATLAng">5141.24266666667</dst>
            <dst id="CHINng">36336.08</dst>
            <dst id="DNVRng">10321.4</dst>
            <dst id="HSTNng">5394.36266666667</dst>
            <dst id="IPLSng">13920.4853333333</dst>
            <dst id="KSCYng">10448.5413333333</dst>
            <dst id="LOSAng">6371.56533333333</dst>
            <dst id="NYCMng">7549.02666666667</dst>
            <dst id="SNVAng">1318.98133333333</dst>
            <dst id="STTLng">2771.89066666667</dst>
            <dst id="WASHng">15487.3733333333</dst>
        </src>
        <src id="LOSAng">
            <dst id="ATLA-M5">499.261333333333</dst>
            <dst id="ATLAng">24166.384</dst>
            <dst id="CHINng">133969.728</dst>
            <dst id="DNVRng">12000.8</dst>
            <dst id="HSTNng">11049.9733333333</dst>
            <dst id="IPLSng">41130.224</dst>
            <dst id="KSCYng">14892.3093333333</dst>
            <dst id="LOSAng">22986.2346666667</dst>
            <dst id="NYCMng">53897.696</dst>
            <dst id="SNVAng">10652.0746666667</dst>
            <dst id="STTLng">24976.88</dst>
            <dst id="WASHng">63079.32</dst>
        </src>
        <src id="NYCMng">
            <dst id="ATLA-M5">2275.53066666667</dst>
            <dst id="ATLAng">36917.104</dst>
            <dst id="CHINng">77593.056</dst>
            <dst id="DNVRng">32015.5653333333</dst>
            <dst id="HSTNng">38097.5733333333</dst>
            <dst id="IPLSng">64027.1813333333</dst>
            <dst id="KSCYng">22610.104</dst>
            <dst id="LOSAng">84478.5946666667</dst>
            <dst id="NYCMng">124564.693333333</dst>
            <dst id="SNVAng">12496.6746666667</dst>
            <dst id="STTLng">25548.1546666667</dst>
            <dst id="WASHng">102910.093333333</dst>
        </src>
        <src id="SNVAng">
            <dst id="ATLA-M5">725.176</dst>
            <dst id="ATLAng">1736.32533333333</dst>
            <dst id="CHINng">7570.49066666667</dst>
            <dst id="DNVRng">6059.912</dst>
            <dst id="HSTNng">841.746666666666</dst>
            <dst id="IPLSng">1779.29333333333</dst>
            <dst id="KSCYng">772.848</dst>
            <dst id="LOSAng">35861.7226666667</dst>
            <dst id="NYCMng">2311.312</dst>
            <dst id="SNVAng">11653.936</dst>
            <dst id="STTLng">57697.84</dst>
            <dst id="WASHng">1741.248</dst>
        </src>
        <src id="STTLng">
            <dst id="ATLA-M5">194.461333333333</dst>
            <dst id="ATLAng">9735.23466666667</dst>
            <dst id="CHINng">54612.9573333333</dst>
            <dst id="DNVRng">6863.06666666667</dst>
            <dst id="HSTNng">3290.10666666667</dst>
            <dst id="IPLSng">11220.656</dst>
            <dst id="KSCYng">6552.58666666667</dst>
            <dst id="LOSAng">32235.4613333333</dst>
            <dst id="NYCMng">21662.6586666667</dst>
            <dst id="SNVAng">6858.02666666667</dst>
            <dst id="STTLng">29970.784</dst>
            <dst id="WASHng">13354.1546666667</dst>
        </src>
        <src id="WASHng">
            <dst id="ATLA-M5">348.064</dst>
            <dst id="ATLAng">114020.677333333</dst>
            <dst id="CHINng">84359.1093333333</dst>
            <dst id="DNVRng">45751.2346666667</dst>
            <dst id="HSTNng">24142.7226666667</dst>
            <dst id="IPLSng">65704.4613333333</dst>
            <dst id="KSCYng">11664.28</dst>
            <dst id="LOSAng">67288.112</dst>
            <dst id="NYCMng">167511.053333333</dst>
            <dst id="SNVAng">17559.48</dst>
            <dst id="STTLng">39863.424</dst>
            <dst id="WASHng">334469.386666667</dst>
        </src>
    </IntraTM>
</TrafficMatrixFile>
