<?xml version="1.0" encoding="ISO-8859-1" standalone="yes"?>
<TrafficMatrixFile xsi:noNamespaceSchemaLocation="http://totem.run.montefiore.ulg.ac.be/Schema/TrafficMatrix-v1_2.xsd" xmlns:xsi="http://www.w3.org/2001/XMLSchema-instance">
    <IntraTM ASID="11537">
        <src id="ATLA-M5">
            <dst id="ATLA-M5">204.885333333333</dst>
            <dst id="ATLAng">1926.54933333333</dst>
            <dst id="CHINng">3888.872</dst>
            <dst id="DNVRng">244.208</dst>
            <dst id="HSTNng">622.514666666667</dst>
            <dst id="IPLSng">2029.91466666667</dst>
            <dst id="KSCYng">470.658666666667</dst>
            <dst id="LOSAng">400.298666666667</dst>
            <dst id="NYCMng">914.946666666667</dst>
            <dst id="SNVAng">209.114666666667</dst>
            <dst id="STTLng">525.973333333333</dst>
            <dst id="WASHng">1267.70933333333</dst>
        </src>
        <src id="ATLAng">
            <dst id="ATLA-M5">2183.52266666667</dst>
            <dst id="ATLAng">74182.7306666667</dst>
            <dst id="CHINng">28394.168</dst>
            <dst id="DNVRng">7393.768</dst>
            <dst id="HSTNng">5540.41333333333</dst>
            <dst id="IPLSng">27877.712</dst>
            <dst id="KSCYng">15569.1253333333</dst>
            <dst id="LOSAng">24481.2506666667</dst>
            <dst id="NYCMng">21865.28</dst>
            <dst id="SNVAng">984.917333333333</dst>
            <dst id="STTLng">11628.72</dst>
            <dst id="WASHng">72162.472</dst>
        </src>
        <src id="CHINng">
            <dst id="ATLA-M5">4305.09333333333</dst>
            <dst id="ATLAng">23088.504</dst>
            <dst id="CHINng">35805.832</dst>
            <dst id="DNVRng">7269.65866666667</dst>
            <dst id="HSTNng">15263.2986666667</dst>
            <dst id="IPLSng">28370.2613333333</dst>
            <dst id="KSCYng">11714.4293333333</dst>
            <dst id="LOSAng">36870.6106666667</dst>
            <dst id="NYCMng">3676.072</dst>
            <dst id="SNVAng">4568.97066666667</dst>
            <dst id="STTLng">6973.976</dst>
            <dst id="WASHng">10055.8933333333</dst>
        </src>
        <src id="DNVRng">
            <dst id="ATLA-M5">393.562666666667</dst>
            <dst id="ATLAng">8463.02666666667</dst>
            <dst id="CHINng">53251.856</dst>
            <dst id="DNVRng">4952.98666666667</dst>
            <dst id="HSTNng">12600.328</dst>
            <dst id="IPLSng">32732.9386666667</dst>
            <dst id="KSCYng">12916.4373333333</dst>
            <dst id="LOSAng">10807.448</dst>
            <dst id="NYCMng">28168.8106666667</dst>
            <dst id="SNVAng">11062.5466666667</dst>
            <dst id="STTLng">13562.7813333333</dst>
            <dst id="WASHng">51907.4213333333</dst>
        </src>
        <src id="HSTNng">
            <dst id="ATLA-M5">778.293333333334</dst>
            <dst id="ATLAng">8631.21333333333</dst>
            <dst id="CHINng">35807.9573333333</dst>
            <dst id="DNVRng">4424.544</dst>
            <dst id="HSTNng">10266.504</dst>
            <dst id="IPLSng">8642.96533333334</dst>
            <dst id="KSCYng">4318.81333333333</dst>
            <dst id="LOSAng">104476.629333333</dst>
            <dst id="NYCMng">6438.6</dst>
            <dst id="SNVAng">2150.2</dst>
            <dst id="STTLng">4406.80533333333</dst>
            <dst id="WASHng">9672.408</dst>
        </src>
        <src id="IPLSng">
            <dst id="ATLA-M5">804.576</dst>
            <dst id="ATLAng">21604.1573333333</dst>
            <dst id="CHINng">77620.8506666667</dst>
            <dst id="DNVRng">26805.936</dst>
            <dst id="HSTNng">6696.96</dst>
            <dst id="IPLSng">25874.736</dst>
            <dst id="KSCYng">12244.408</dst>
            <dst id="LOSAng">72203.7813333333</dst>
            <dst id="NYCMng">47746.0213333333</dst>
            <dst id="SNVAng">4225.90666666667</dst>
            <dst id="STTLng">10985.24</dst>
            <dst id="WASHng">42701.7306666667</dst>
        </src>
        <src id="KSCYng">
            <dst id="ATLA-M5">653.218666666667</dst>
            <dst id="ATLAng">11618.208</dst>
            <dst id="CHINng">29011.3466666667</dst>
            <dst id="DNVRng">17761.0906666667</dst>
            <dst id="HSTNng">4696.51733333333</dst>
            <dst id="IPLSng">14929.6533333333</dst>
            <dst id="KSCYng">8608.624</dst>
            <dst id="LOSAng">8036.41866666667</dst>
            <dst id="NYCMng">11665.0453333333</dst>
            <dst id="SNVAng">1474.01066666667</dst>
            <dst id="STTLng">5066.224</dst>
            <dst id="WASHng">16096.672</dst>
        </src>
        <src id="LOSAng">
            <dst id="ATLA-M5">334.562666666667</dst>
            <dst id="ATLAng">22023.4693333333</dst>
            <dst id="CHINng">112315.672</dst>
            <dst id="DNVRng">13660.4613333333</dst>
            <dst id="HSTNng">13206.5626666667</dst>
            <dst id="IPLSng">51812.744</dst>
            <dst id="KSCYng">13736.368</dst>
            <dst id="LOSAng">22607.6026666667</dst>
            <dst id="NYCMng">65793.8453333333</dst>
            <dst id="SNVAng">11604.7013333333</dst>
            <dst id="STTLng">36653.0586666667</dst>
            <dst id="WASHng">70043.3626666667</dst>
        </src>
        <src id="NYCMng">
            <dst id="ATLA-M5">5105.54933333333</dst>
            <dst id="ATLAng">52325.2346666667</dst>
            <dst id="CHINng">93214.1946666667</dst>
            <dst id="DNVRng">38154.7893333333</dst>
            <dst id="HSTNng">37028.424</dst>
            <dst id="IPLSng">93493.3013333333</dst>
            <dst id="KSCYng">29695.7813333333</dst>
            <dst id="LOSAng">95427.744</dst>
            <dst id="NYCMng">121507.581333333</dst>
            <dst id="SNVAng">11141.5653333333</dst>
            <dst id="STTLng">45862.912</dst>
            <dst id="WASHng">102583.298666667</dst>
        </src>
        <src id="SNVAng">
            <dst id="ATLA-M5">180.832</dst>
            <dst id="ATLAng">385.909333333333</dst>
            <dst id="CHINng">4397.96</dst>
            <dst id="DNVRng">10927.768</dst>
            <dst id="HSTNng">1365.96533333333</dst>
            <dst id="IPLSng">2476.77866666667</dst>
            <dst id="KSCYng">1210.04533333333</dst>
            <dst id="LOSAng">43251.0186666667</dst>
            <dst id="NYCMng">2444.14666666667</dst>
            <dst id="SNVAng">20834.9706666667</dst>
            <dst id="STTLng">70280.1253333334</dst>
            <dst id="WASHng">2313.90133333333</dst>
        </src>
        <src id="STTLng">
            <dst id="ATLA-M5">319.848</dst>
            <dst id="ATLAng">16049.9866666667</dst>
            <dst id="CHINng">48612.6053333333</dst>
            <dst id="DNVRng">6276.68266666667</dst>
            <dst id="HSTNng">4726.49066666667</dst>
            <dst id="IPLSng">16341.96</dst>
            <dst id="KSCYng">5994.776</dst>
            <dst id="LOSAng">32663.5733333333</dst>
            <dst id="NYCMng">25478.5173333333</dst>
            <dst id="SNVAng">6173.18666666667</dst>
            <dst id="STTLng">9761.36266666667</dst>
            <dst id="WASHng">18493.9093333333</dst>
        </src>
        <src id="WASHng">
            <dst id="ATLA-M5">15824.6453333333</dst>
            <dst id="ATLAng">134431.92</dst>
            <dst id="CHINng">86294.248</dst>
            <dst id="DNVRng">58676.2613333334</dst>
            <dst id="HSTNng">34452.0053333333</dst>
            <dst id="IPLSng">88133.568</dst>
            <dst id="KSCYng">15203.3306666667</dst>
            <dst id="LOSAng">75061.8986666667</dst>
            <dst id="NYCMng">193185.92</dst>
            <dst id="SNVAng">14276.168</dst>
            <dst id="STTLng">41944.688</dst>
            <dst id="WASHng">234991.666666667</dst>
        </src>
    </IntraTM>
</TrafficMatrixFile>
