<?xml version="1.0" encoding="ISO-8859-1" standalone="yes"?>
<TrafficMatrixFile xsi:noNamespaceSchemaLocation="http://totem.run.montefiore.ulg.ac.be/Schema/TrafficMatrix-v1_2.xsd" xmlns:xsi="http://www.w3.org/2001/XMLSchema-instance">
    <IntraTM ASID="11537">
        <src id="ATLA-M5">
            <dst id="ATLA-M5">55.008</dst>
            <dst id="ATLAng">981.698666666667</dst>
            <dst id="CHINng">2155.84533333333</dst>
            <dst id="DNVRng">1202.352</dst>
            <dst id="HSTNng">1766.15466666667</dst>
            <dst id="IPLSng">935.394666666667</dst>
            <dst id="KSCYng">539.258666666667</dst>
            <dst id="LOSAng">905.973333333333</dst>
            <dst id="NYCMng">411.277333333333</dst>
            <dst id="SNVAng">743.269333333333</dst>
            <dst id="STTLng">312.24</dst>
            <dst id="WASHng">1963.97333333333</dst>
        </src>
        <src id="ATLAng">
            <dst id="ATLA-M5">606.256</dst>
            <dst id="ATLAng">40767.9733333333</dst>
            <dst id="CHINng">26809.1893333333</dst>
            <dst id="DNVRng">4977.86933333333</dst>
            <dst id="HSTNng">4351.616</dst>
            <dst id="IPLSng">28117.6906666667</dst>
            <dst id="KSCYng">9413.54933333333</dst>
            <dst id="LOSAng">19870.352</dst>
            <dst id="NYCMng">20420.848</dst>
            <dst id="SNVAng">1059.72266666667</dst>
            <dst id="STTLng">8078.18933333333</dst>
            <dst id="WASHng">59222.7546666667</dst>
        </src>
        <src id="CHINng">
            <dst id="ATLA-M5">938.061333333333</dst>
            <dst id="ATLAng">15639.464</dst>
            <dst id="CHINng">34405.1333333333</dst>
            <dst id="DNVRng">10913.1013333333</dst>
            <dst id="HSTNng">9655.59466666667</dst>
            <dst id="IPLSng">41867.5626666667</dst>
            <dst id="KSCYng">7033.48533333334</dst>
            <dst id="LOSAng">35229.4986666667</dst>
            <dst id="NYCMng">5371.42666666667</dst>
            <dst id="SNVAng">2477.49866666667</dst>
            <dst id="STTLng">8724.78666666667</dst>
            <dst id="WASHng">13709.6</dst>
        </src>
        <src id="DNVRng">
            <dst id="ATLA-M5">305.112</dst>
            <dst id="ATLAng">4077.15466666667</dst>
            <dst id="CHINng">35821.624</dst>
            <dst id="DNVRng">6949.98666666666</dst>
            <dst id="HSTNng">4617.76533333333</dst>
            <dst id="IPLSng">12108.6506666667</dst>
            <dst id="KSCYng">16359.5866666667</dst>
            <dst id="LOSAng">15732.2613333333</dst>
            <dst id="NYCMng">14171.0666666667</dst>
            <dst id="SNVAng">13192.88</dst>
            <dst id="STTLng">26153.864</dst>
            <dst id="WASHng">24827.696</dst>
        </src>
        <src id="HSTNng">
            <dst id="ATLA-M5">876.170666666667</dst>
            <dst id="ATLAng">7209.37066666667</dst>
            <dst id="CHINng">26550.5253333333</dst>
            <dst id="DNVRng">4723.79733333333</dst>
            <dst id="HSTNng">11380.4826666667</dst>
            <dst id="IPLSng">11710.2426666667</dst>
            <dst id="KSCYng">3180.91733333333</dst>
            <dst id="LOSAng">75203.9173333333</dst>
            <dst id="NYCMng">7428.39733333333</dst>
            <dst id="SNVAng">1975.12533333333</dst>
            <dst id="STTLng">2517.24266666667</dst>
            <dst id="WASHng">7346.14133333333</dst>
        </src>
        <src id="IPLSng">
            <dst id="ATLA-M5">643.709333333333</dst>
            <dst id="ATLAng">19579.3493333333</dst>
            <dst id="CHINng">109583.141333333</dst>
            <dst id="DNVRng">12829.376</dst>
            <dst id="HSTNng">9187.12266666667</dst>
            <dst id="IPLSng">28925.2373333333</dst>
            <dst id="KSCYng">13785.6746666667</dst>
            <dst id="LOSAng">22161.672</dst>
            <dst id="NYCMng">30208.04</dst>
            <dst id="SNVAng">4226.69866666667</dst>
            <dst id="STTLng">9916.22133333333</dst>
            <dst id="WASHng">44450.7866666667</dst>
        </src>
        <src id="KSCYng">
            <dst id="ATLA-M5">752.002666666667</dst>
            <dst id="ATLAng">7866.11466666667</dst>
            <dst id="CHINng">37867.2666666667</dst>
            <dst id="DNVRng">13522.04</dst>
            <dst id="HSTNng">3636.57866666667</dst>
            <dst id="IPLSng">19281.0613333333</dst>
            <dst id="KSCYng">4595.76533333333</dst>
            <dst id="LOSAng">10168.2</dst>
            <dst id="NYCMng">15867.6346666667</dst>
            <dst id="SNVAng">1817.11733333333</dst>
            <dst id="STTLng">3603.73066666667</dst>
            <dst id="WASHng">14509.816</dst>
        </src>
        <src id="LOSAng">
            <dst id="ATLA-M5">314.794666666667</dst>
            <dst id="ATLAng">16852.144</dst>
            <dst id="CHINng">86311.8266666667</dst>
            <dst id="DNVRng">12963.448</dst>
            <dst id="HSTNng">14547.7253333333</dst>
            <dst id="IPLSng">45661.2133333333</dst>
            <dst id="KSCYng">13547.0453333333</dst>
            <dst id="LOSAng">14373.2613333333</dst>
            <dst id="NYCMng">52913.4533333333</dst>
            <dst id="SNVAng">5684.99466666667</dst>
            <dst id="STTLng">31430.5173333333</dst>
            <dst id="WASHng">38405.8693333333</dst>
        </src>
        <src id="NYCMng">
            <dst id="ATLA-M5">2867.94133333333</dst>
            <dst id="ATLAng">40405.9546666667</dst>
            <dst id="CHINng">77814.3333333333</dst>
            <dst id="DNVRng">21491.624</dst>
            <dst id="HSTNng">41898.7173333333</dst>
            <dst id="IPLSng">77283.7226666667</dst>
            <dst id="KSCYng">24113.1173333333</dst>
            <dst id="LOSAng">82193.1333333333</dst>
            <dst id="NYCMng">136492.528</dst>
            <dst id="SNVAng">6907.10666666666</dst>
            <dst id="STTLng">32739.0053333333</dst>
            <dst id="WASHng">97297.1253333333</dst>
        </src>
        <src id="SNVAng">
            <dst id="ATLA-M5">438.981333333333</dst>
            <dst id="ATLAng">767.685333333333</dst>
            <dst id="CHINng">5014.864</dst>
            <dst id="DNVRng">7257.69066666667</dst>
            <dst id="HSTNng">1692.22933333333</dst>
            <dst id="IPLSng">2930.80533333333</dst>
            <dst id="KSCYng">1536.168</dst>
            <dst id="LOSAng">2581.60533333333</dst>
            <dst id="NYCMng">2986.928</dst>
            <dst id="SNVAng">559.842666666667</dst>
            <dst id="STTLng">3587.02133333333</dst>
            <dst id="WASHng">1888.072</dst>
        </src>
        <src id="STTLng">
            <dst id="ATLA-M5">259.842666666667</dst>
            <dst id="ATLAng">17962.0826666667</dst>
            <dst id="CHINng">39251.0506666667</dst>
            <dst id="DNVRng">5474.86933333333</dst>
            <dst id="HSTNng">4298.46133333333</dst>
            <dst id="IPLSng">13709.6586666667</dst>
            <dst id="KSCYng">8148.89866666667</dst>
            <dst id="LOSAng">24022.16</dst>
            <dst id="NYCMng">25318.3413333333</dst>
            <dst id="SNVAng">4342.736</dst>
            <dst id="STTLng">5840.38666666666</dst>
            <dst id="WASHng">11069.3573333333</dst>
        </src>
        <src id="WASHng">
            <dst id="ATLA-M5">1939.84</dst>
            <dst id="ATLAng">116607.445333333</dst>
            <dst id="CHINng">108447.458666667</dst>
            <dst id="DNVRng">34808.8133333333</dst>
            <dst id="HSTNng">11960.9893333333</dst>
            <dst id="IPLSng">51520.984</dst>
            <dst id="KSCYng">22189.848</dst>
            <dst id="LOSAng">73735.48</dst>
            <dst id="NYCMng">181530.384</dst>
            <dst id="SNVAng">9817.71466666667</dst>
            <dst id="STTLng">30673.6213333333</dst>
            <dst id="WASHng">173406.162666667</dst>
        </src>
    </IntraTM>
</TrafficMatrixFile>
