<?xml version="1.0" encoding="ISO-8859-1" standalone="yes"?>
<TrafficMatrixFile xsi:noNamespaceSchemaLocation="http://totem.run.montefiore.ulg.ac.be/Schema/TrafficMatrix-v1_2.xsd" xmlns:xsi="http://www.w3.org/2001/XMLSchema-instance">
    <IntraTM ASID="11537">
        <src id="ATLA-M5">
            <dst id="ATLA-M5">416.898666666667</dst>
            <dst id="ATLAng">668.522666666667</dst>
            <dst id="CHINng">2016.72533333333</dst>
            <dst id="DNVRng">888.186666666667</dst>
            <dst id="HSTNng">1470.18666666667</dst>
            <dst id="IPLSng">841.325333333334</dst>
            <dst id="KSCYng">917.92</dst>
            <dst id="LOSAng">341.253333333333</dst>
            <dst id="NYCMng">911.733333333333</dst>
            <dst id="SNVAng">111.997333333333</dst>
            <dst id="STTLng">271.432</dst>
            <dst id="WASHng">1925.87466666667</dst>
        </src>
        <src id="ATLAng">
            <dst id="ATLA-M5">1135.40266666667</dst>
            <dst id="ATLAng">38451.2773333333</dst>
            <dst id="CHINng">54306.4453333333</dst>
            <dst id="DNVRng">17833.4773333333</dst>
            <dst id="HSTNng">7337.70933333333</dst>
            <dst id="IPLSng">31885.1093333333</dst>
            <dst id="KSCYng">17400.5013333333</dst>
            <dst id="LOSAng">25797.7453333333</dst>
            <dst id="NYCMng">23519.8293333333</dst>
            <dst id="SNVAng">4324.652</dst>
            <dst id="STTLng">10932.256</dst>
            <dst id="WASHng">87955.4026666666</dst>
        </src>
        <src id="CHINng">
            <dst id="ATLA-M5">3764.656</dst>
            <dst id="ATLAng">25554.1626666667</dst>
            <dst id="CHINng">61646.384</dst>
            <dst id="DNVRng">24202.592</dst>
            <dst id="HSTNng">14964.1813333333</dst>
            <dst id="IPLSng">29944.064</dst>
            <dst id="KSCYng">12174.8533333333</dst>
            <dst id="LOSAng">28810.816</dst>
            <dst id="NYCMng">10005.1413333333</dst>
            <dst id="SNVAng">4110.00266666667</dst>
            <dst id="STTLng">14802.5226666667</dst>
            <dst id="WASHng">28595.944</dst>
        </src>
        <src id="DNVRng">
            <dst id="ATLA-M5">592.376</dst>
            <dst id="ATLAng">22134.1946666667</dst>
            <dst id="CHINng">58653.7706666667</dst>
            <dst id="DNVRng">19346.4986666667</dst>
            <dst id="HSTNng">19399.7226666667</dst>
            <dst id="IPLSng">37448.7786666667</dst>
            <dst id="KSCYng">28592.3546666667</dst>
            <dst id="LOSAng">19754.744</dst>
            <dst id="NYCMng">29069.8666666667</dst>
            <dst id="SNVAng">19606.152</dst>
            <dst id="STTLng">21663.232</dst>
            <dst id="WASHng">54769.9013333333</dst>
        </src>
        <src id="HSTNng">
            <dst id="ATLA-M5">705.493333333333</dst>
            <dst id="ATLAng">7318.13866666667</dst>
            <dst id="CHINng">21835.768</dst>
            <dst id="DNVRng">9212.49866666666</dst>
            <dst id="HSTNng">14051.1946666667</dst>
            <dst id="IPLSng">14201.6906666667</dst>
            <dst id="KSCYng">3650.32266666667</dst>
            <dst id="LOSAng">102552.389333333</dst>
            <dst id="NYCMng">10477.744</dst>
            <dst id="SNVAng">4873.96</dst>
            <dst id="STTLng">1868.09866666667</dst>
            <dst id="WASHng">10940.888</dst>
        </src>
        <src id="IPLSng">
            <dst id="ATLA-M5">5007.70133333333</dst>
            <dst id="ATLAng">26525.456</dst>
            <dst id="CHINng">136936.216</dst>
            <dst id="DNVRng">40640.7706666667</dst>
            <dst id="HSTNng">15051.4186666667</dst>
            <dst id="IPLSng">53884.5626666667</dst>
            <dst id="KSCYng">24203.7093333333</dst>
            <dst id="LOSAng">28688.5546666667</dst>
            <dst id="NYCMng">52828.488</dst>
            <dst id="SNVAng">9070.016</dst>
            <dst id="STTLng">16548.008</dst>
            <dst id="WASHng">61940.6</dst>
        </src>
        <src id="KSCYng">
            <dst id="ATLA-M5">2670.03466666667</dst>
            <dst id="ATLAng">23061.5706666667</dst>
            <dst id="CHINng">42153.1546666667</dst>
            <dst id="DNVRng">18515.9573333333</dst>
            <dst id="HSTNng">7976.52</dst>
            <dst id="IPLSng">16954.1973333333</dst>
            <dst id="KSCYng">12401.7786666667</dst>
            <dst id="LOSAng">9602.104</dst>
            <dst id="NYCMng">14244.0053333333</dst>
            <dst id="SNVAng">1785.94933333333</dst>
            <dst id="STTLng">3023.02933333333</dst>
            <dst id="WASHng">18408.688</dst>
        </src>
        <src id="LOSAng">
            <dst id="ATLA-M5">2621.776</dst>
            <dst id="ATLAng">27609.4533333333</dst>
            <dst id="CHINng">120258.466666667</dst>
            <dst id="DNVRng">22028.984</dst>
            <dst id="HSTNng">23386.0133333333</dst>
            <dst id="IPLSng">53738.2666666666</dst>
            <dst id="KSCYng">11895.5786666667</dst>
            <dst id="LOSAng">8731</dst>
            <dst id="NYCMng">69095.2906666667</dst>
            <dst id="SNVAng">9736.66666666667</dst>
            <dst id="STTLng">34528.3946666667</dst>
            <dst id="WASHng">73787.432</dst>
        </src>
        <src id="NYCMng">
            <dst id="ATLA-M5">8405.12</dst>
            <dst id="ATLAng">65481.376</dst>
            <dst id="CHINng">82180.1466666667</dst>
            <dst id="DNVRng">47970.0186666667</dst>
            <dst id="HSTNng">54775.824</dst>
            <dst id="IPLSng">106048.826666667</dst>
            <dst id="KSCYng">38441.2106666667</dst>
            <dst id="LOSAng">80956.3093333334</dst>
            <dst id="NYCMng">170607.434666667</dst>
            <dst id="SNVAng">14327.216</dst>
            <dst id="STTLng">35181.4453333333</dst>
            <dst id="WASHng">117303.84</dst>
        </src>
        <src id="SNVAng">
            <dst id="ATLA-M5">363.013333333333</dst>
            <dst id="ATLAng">1513.52533333333</dst>
            <dst id="CHINng">5415.976</dst>
            <dst id="DNVRng">4599.424</dst>
            <dst id="HSTNng">1143.69333333333</dst>
            <dst id="IPLSng">6713.74666666667</dst>
            <dst id="KSCYng">1871.36533333333</dst>
            <dst id="LOSAng">39515.184</dst>
            <dst id="NYCMng">5286.02933333333</dst>
            <dst id="SNVAng">24867.0133333333</dst>
            <dst id="STTLng">66058.8773333333</dst>
            <dst id="WASHng">3162.488</dst>
        </src>
        <src id="STTLng">
            <dst id="ATLA-M5">434.874666666667</dst>
            <dst id="ATLAng">16821.4906666667</dst>
            <dst id="CHINng">71104.8026666667</dst>
            <dst id="DNVRng">14625.056</dst>
            <dst id="HSTNng">7894.73866666667</dst>
            <dst id="IPLSng">28526.472</dst>
            <dst id="KSCYng">6989.95733333333</dst>
            <dst id="LOSAng">29591.6613333333</dst>
            <dst id="NYCMng">29589.608</dst>
            <dst id="SNVAng">14432.4693333333</dst>
            <dst id="STTLng">14468.64</dst>
            <dst id="WASHng">23591.64</dst>
        </src>
        <src id="WASHng">
            <dst id="ATLA-M5">4268.74666666667</dst>
            <dst id="ATLAng">173240.634666667</dst>
            <dst id="CHINng">96391.1413333333</dst>
            <dst id="DNVRng">72800.336</dst>
            <dst id="HSTNng">60209.6986666667</dst>
            <dst id="IPLSng">111996.168</dst>
            <dst id="KSCYng">42171.8026666667</dst>
            <dst id="LOSAng">97553.824</dst>
            <dst id="NYCMng">189431.552</dst>
            <dst id="SNVAng">18469.296</dst>
            <dst id="STTLng">35016.6186666667</dst>
            <dst id="WASHng">308337.493333333</dst>
        </src>
    </IntraTM>
</TrafficMatrixFile>
