<?xml version="1.0" encoding="ISO-8859-1" standalone="yes"?>
<TrafficMatrixFile xsi:noNamespaceSchemaLocation="http://totem.run.montefiore.ulg.ac.be/Schema/TrafficMatrix-v1_2.xsd" xmlns:xsi="http://www.w3.org/2001/XMLSchema-instance">
    <IntraTM ASID="11537">
        <src id="ATLA-M5">
            <dst id="ATLA-M5">1706.63466666667</dst>
            <dst id="ATLAng">837.858666666667</dst>
            <dst id="CHINng">2070.96533333333</dst>
            <dst id="DNVRng">344.757333333333</dst>
            <dst id="HSTNng">1177.02133333333</dst>
            <dst id="IPLSng">1201.864</dst>
            <dst id="KSCYng">239.498666666667</dst>
            <dst id="LOSAng">424.146666666667</dst>
            <dst id="NYCMng">673.293333333333</dst>
            <dst id="SNVAng">779.965333333333</dst>
            <dst id="STTLng">212.330666666667</dst>
            <dst id="WASHng">1957.27733333333</dst>
        </src>
        <src id="ATLAng">
            <dst id="ATLA-M5">841.762666666667</dst>
            <dst id="ATLAng">45000.6693333333</dst>
            <dst id="CHINng">24517.096</dst>
            <dst id="DNVRng">11839.8533333333</dst>
            <dst id="HSTNng">7209.44266666667</dst>
            <dst id="IPLSng">24321.7253333333</dst>
            <dst id="KSCYng">7213.99466666667</dst>
            <dst id="LOSAng">21475.4213333333</dst>
            <dst id="NYCMng">20765.0213333333</dst>
            <dst id="SNVAng">1250.024</dst>
            <dst id="STTLng">11785.056</dst>
            <dst id="WASHng">55903.2</dst>
        </src>
        <src id="CHINng">
            <dst id="ATLA-M5">2915.45333333333</dst>
            <dst id="ATLAng">14567.0053333333</dst>
            <dst id="CHINng">42595.8826666667</dst>
            <dst id="DNVRng">14284.7653333333</dst>
            <dst id="HSTNng">9285.936</dst>
            <dst id="IPLSng">30375.1706666667</dst>
            <dst id="KSCYng">12996.3893333333</dst>
            <dst id="LOSAng">38027.0613333333</dst>
            <dst id="NYCMng">5392.99733333333</dst>
            <dst id="SNVAng">2086.57066666667</dst>
            <dst id="STTLng">7294.54666666667</dst>
            <dst id="WASHng">7517.99466666667</dst>
        </src>
        <src id="DNVRng">
            <dst id="ATLA-M5">344.186666666667</dst>
            <dst id="ATLAng">4728.10666666667</dst>
            <dst id="CHINng">42675.4186666667</dst>
            <dst id="DNVRng">4597.97066666667</dst>
            <dst id="HSTNng">6181.06133333333</dst>
            <dst id="IPLSng">10055.5466666667</dst>
            <dst id="KSCYng">6683.88533333333</dst>
            <dst id="LOSAng">17952.5146666667</dst>
            <dst id="NYCMng">15926.9946666667</dst>
            <dst id="SNVAng">9425.42133333333</dst>
            <dst id="STTLng">9421.72266666667</dst>
            <dst id="WASHng">11548.6613333333</dst>
        </src>
        <src id="HSTNng">
            <dst id="ATLA-M5">3554.904</dst>
            <dst id="ATLAng">6719.75466666667</dst>
            <dst id="CHINng">19927.7946666667</dst>
            <dst id="DNVRng">3999.688</dst>
            <dst id="HSTNng">11723.36</dst>
            <dst id="IPLSng">9750.68</dst>
            <dst id="KSCYng">2994.11466666667</dst>
            <dst id="LOSAng">10102.5146666667</dst>
            <dst id="NYCMng">6704.22933333333</dst>
            <dst id="SNVAng">2918.91733333333</dst>
            <dst id="STTLng">1806.304</dst>
            <dst id="WASHng">9541.94666666666</dst>
        </src>
        <src id="IPLSng">
            <dst id="ATLA-M5">1006.84266666667</dst>
            <dst id="ATLAng">17677.888</dst>
            <dst id="CHINng">78019.8026666667</dst>
            <dst id="DNVRng">20650.5493333333</dst>
            <dst id="HSTNng">10135.3413333333</dst>
            <dst id="IPLSng">33246.8746666667</dst>
            <dst id="KSCYng">14629.2266666667</dst>
            <dst id="LOSAng">24697.5146666667</dst>
            <dst id="NYCMng">28791.0506666667</dst>
            <dst id="SNVAng">4007.39466666667</dst>
            <dst id="STTLng">13930.808</dst>
            <dst id="WASHng">39091.3066666667</dst>
        </src>
        <src id="KSCYng">
            <dst id="ATLA-M5">1138.49866666667</dst>
            <dst id="ATLAng">5136.80533333333</dst>
            <dst id="CHINng">37176.648</dst>
            <dst id="DNVRng">11443.288</dst>
            <dst id="HSTNng">4857.264</dst>
            <dst id="IPLSng">28290.1546666667</dst>
            <dst id="KSCYng">5915.22666666667</dst>
            <dst id="LOSAng">6575.78933333333</dst>
            <dst id="NYCMng">7654.73333333333</dst>
            <dst id="SNVAng">1345.168</dst>
            <dst id="STTLng">6694.25066666667</dst>
            <dst id="WASHng">18914.0213333333</dst>
        </src>
        <src id="LOSAng">
            <dst id="ATLA-M5">977.533333333333</dst>
            <dst id="ATLAng">22934.4426666667</dst>
            <dst id="CHINng">86266.128</dst>
            <dst id="DNVRng">14342.3226666667</dst>
            <dst id="HSTNng">15399.7173333333</dst>
            <dst id="IPLSng">63964.1386666667</dst>
            <dst id="KSCYng">10448.856</dst>
            <dst id="LOSAng">16940.128</dst>
            <dst id="NYCMng">61864.8213333333</dst>
            <dst id="SNVAng">4930.72533333333</dst>
            <dst id="STTLng">33628.8666666667</dst>
            <dst id="WASHng">36980.0826666667</dst>
        </src>
        <src id="NYCMng">
            <dst id="ATLA-M5">2878.608</dst>
            <dst id="ATLAng">39101.4746666667</dst>
            <dst id="CHINng">73735.5013333333</dst>
            <dst id="DNVRng">19608.4853333333</dst>
            <dst id="HSTNng">43143.3173333333</dst>
            <dst id="IPLSng">74770.2666666667</dst>
            <dst id="KSCYng">23238.1973333333</dst>
            <dst id="LOSAng">84503.288</dst>
            <dst id="NYCMng">151384.76</dst>
            <dst id="SNVAng">8021.39466666667</dst>
            <dst id="STTLng">28592.6746666667</dst>
            <dst id="WASHng">110395.88</dst>
        </src>
        <src id="SNVAng">
            <dst id="ATLA-M5">472.365333333333</dst>
            <dst id="ATLAng">885.512</dst>
            <dst id="CHINng">5148.928</dst>
            <dst id="DNVRng">11562.904</dst>
            <dst id="HSTNng">1456.56</dst>
            <dst id="IPLSng">3654.01866666667</dst>
            <dst id="KSCYng">1292.824</dst>
            <dst id="LOSAng">3425.168</dst>
            <dst id="NYCMng">3435.76533333333</dst>
            <dst id="SNVAng">2742.35733333333</dst>
            <dst id="STTLng">6200.24533333333</dst>
            <dst id="WASHng">2025.26933333333</dst>
        </src>
        <src id="STTLng">
            <dst id="ATLA-M5">129.144</dst>
            <dst id="ATLAng">16306.0826666667</dst>
            <dst id="CHINng">39455.8906666667</dst>
            <dst id="DNVRng">6249.69066666667</dst>
            <dst id="HSTNng">5002.29333333333</dst>
            <dst id="IPLSng">13277.9653333333</dst>
            <dst id="KSCYng">6201.71466666667</dst>
            <dst id="LOSAng">22317.5253333333</dst>
            <dst id="NYCMng">26800.1066666667</dst>
            <dst id="SNVAng">5504.512</dst>
            <dst id="STTLng">2281.95466666667</dst>
            <dst id="WASHng">10380.5173333333</dst>
        </src>
        <src id="WASHng">
            <dst id="ATLA-M5">24684.1013333333</dst>
            <dst id="ATLAng">108588.856</dst>
            <dst id="CHINng">88690.4133333333</dst>
            <dst id="DNVRng">28554.9866666667</dst>
            <dst id="HSTNng">16668.928</dst>
            <dst id="IPLSng">56316.9493333333</dst>
            <dst id="KSCYng">12564.4693333333</dst>
            <dst id="LOSAng">47587.4053333333</dst>
            <dst id="NYCMng">163025.677333333</dst>
            <dst id="SNVAng">8593.56266666667</dst>
            <dst id="STTLng">34176.9253333333</dst>
            <dst id="WASHng">215732.186666667</dst>
        </src>
    </IntraTM>
</TrafficMatrixFile>
