<?xml version="1.0" encoding="ISO-8859-1" standalone="yes"?>
<TrafficMatrixFile xsi:noNamespaceSchemaLocation="http://totem.run.montefiore.ulg.ac.be/Schema/TrafficMatrix-v1_2.xsd" xmlns:xsi="http://www.w3.org/2001/XMLSchema-instance">
    <IntraTM ASID="11537">
        <src id="ATLA-M5">
            <dst id="ATLA-M5">0</dst>
            <dst id="ATLAng">360.586666666667</dst>
            <dst id="CHINng">720.834666666667</dst>
            <dst id="DNVRng">103.757333333333</dst>
            <dst id="HSTNng">613.421333333333</dst>
            <dst id="IPLSng">2904.728</dst>
            <dst id="KSCYng">410.656</dst>
            <dst id="LOSAng">899.602666666667</dst>
            <dst id="NYCMng">328.149333333333</dst>
            <dst id="SNVAng">111.288</dst>
            <dst id="STTLng">102.538666666667</dst>
            <dst id="WASHng">2866.008</dst>
        </src>
        <src id="ATLAng">
            <dst id="ATLA-M5">467.994666666667</dst>
            <dst id="ATLAng">112910.245333333</dst>
            <dst id="CHINng">18763.2373333333</dst>
            <dst id="DNVRng">3449.896</dst>
            <dst id="HSTNng">5803.76266666667</dst>
            <dst id="IPLSng">22286.9013333333</dst>
            <dst id="KSCYng">6418.01066666667</dst>
            <dst id="LOSAng">19589.7626666667</dst>
            <dst id="NYCMng">17017.888</dst>
            <dst id="SNVAng">3003.95466666667</dst>
            <dst id="STTLng">9886.13866666667</dst>
            <dst id="WASHng">66467.136</dst>
        </src>
        <src id="CHINng">
            <dst id="ATLA-M5">3774.82133333333</dst>
            <dst id="ATLAng">13308.84</dst>
            <dst id="CHINng">29196.9653333333</dst>
            <dst id="DNVRng">12207.52</dst>
            <dst id="HSTNng">10016.4666666667</dst>
            <dst id="IPLSng">44623.4933333333</dst>
            <dst id="KSCYng">13631.4</dst>
            <dst id="LOSAng">19069.6666666667</dst>
            <dst id="NYCMng">7901.64</dst>
            <dst id="SNVAng">1208.90133333333</dst>
            <dst id="STTLng">5665.856</dst>
            <dst id="WASHng">8084.65866666667</dst>
        </src>
        <src id="DNVRng">
            <dst id="ATLA-M5">224.413333333333</dst>
            <dst id="ATLAng">2223.69333333333</dst>
            <dst id="CHINng">42845.8346666667</dst>
            <dst id="DNVRng">6661.78666666667</dst>
            <dst id="HSTNng">2129.73066666667</dst>
            <dst id="IPLSng">15383.208</dst>
            <dst id="KSCYng">19817.1066666667</dst>
            <dst id="LOSAng">16434.6586666667</dst>
            <dst id="NYCMng">20975.224</dst>
            <dst id="SNVAng">15717.072</dst>
            <dst id="STTLng">17987.1866666667</dst>
            <dst id="WASHng">13503.376</dst>
        </src>
        <src id="HSTNng">
            <dst id="ATLA-M5">472.288</dst>
            <dst id="ATLAng">6571.05066666667</dst>
            <dst id="CHINng">30300.64</dst>
            <dst id="DNVRng">3083.936</dst>
            <dst id="HSTNng">8033.16266666667</dst>
            <dst id="IPLSng">10713.472</dst>
            <dst id="KSCYng">4843.832</dst>
            <dst id="LOSAng">75675.2453333333</dst>
            <dst id="NYCMng">6917.464</dst>
            <dst id="SNVAng">1502.96266666667</dst>
            <dst id="STTLng">2108.472</dst>
            <dst id="WASHng">6512.816</dst>
        </src>
        <src id="IPLSng">
            <dst id="ATLA-M5">3399.512</dst>
            <dst id="ATLAng">16545.5866666667</dst>
            <dst id="CHINng">82541.888</dst>
            <dst id="DNVRng">18344.384</dst>
            <dst id="HSTNng">6253.05066666667</dst>
            <dst id="IPLSng">26537.8346666667</dst>
            <dst id="KSCYng">15528.5306666667</dst>
            <dst id="LOSAng">87026.2</dst>
            <dst id="NYCMng">31476.0133333333</dst>
            <dst id="SNVAng">5825.104</dst>
            <dst id="STTLng">14622.2693333333</dst>
            <dst id="WASHng">43985.7866666667</dst>
        </src>
        <src id="KSCYng">
            <dst id="ATLA-M5">390.874666666667</dst>
            <dst id="ATLAng">6592.85066666667</dst>
            <dst id="CHINng">31182.9866666667</dst>
            <dst id="DNVRng">4948.53066666667</dst>
            <dst id="HSTNng">6164.67733333333</dst>
            <dst id="IPLSng">19217.8613333333</dst>
            <dst id="KSCYng">4962.30666666667</dst>
            <dst id="LOSAng">6632.01866666667</dst>
            <dst id="NYCMng">11472.4933333333</dst>
            <dst id="SNVAng">1375.08533333333</dst>
            <dst id="STTLng">3293.86666666667</dst>
            <dst id="WASHng">11626.048</dst>
        </src>
        <src id="LOSAng">
            <dst id="ATLA-M5">334.626666666667</dst>
            <dst id="ATLAng">17622.856</dst>
            <dst id="CHINng">91430.2373333333</dst>
            <dst id="DNVRng">8641.89333333333</dst>
            <dst id="HSTNng">17192.4426666667</dst>
            <dst id="IPLSng">36061.5386666667</dst>
            <dst id="KSCYng">9561.17333333333</dst>
            <dst id="LOSAng">16157.72</dst>
            <dst id="NYCMng">53457.2586666667</dst>
            <dst id="SNVAng">4766.67733333333</dst>
            <dst id="STTLng">38487.6506666667</dst>
            <dst id="WASHng">56379.1146666667</dst>
        </src>
        <src id="NYCMng">
            <dst id="ATLA-M5">2265.85333333333</dst>
            <dst id="ATLAng">37242.5546666667</dst>
            <dst id="CHINng">60067.3973333333</dst>
            <dst id="DNVRng">13347.4293333333</dst>
            <dst id="HSTNng">21837.12</dst>
            <dst id="IPLSng">83823.1813333333</dst>
            <dst id="KSCYng">28015.6106666667</dst>
            <dst id="LOSAng">59535.9226666667</dst>
            <dst id="NYCMng">121891.293333333</dst>
            <dst id="SNVAng">7463.41066666667</dst>
            <dst id="STTLng">28475.6266666667</dst>
            <dst id="WASHng">109896.165333333</dst>
        </src>
        <src id="SNVAng">
            <dst id="ATLA-M5">195.792</dst>
            <dst id="ATLAng">1243.608</dst>
            <dst id="CHINng">5204.47733333333</dst>
            <dst id="DNVRng">5067.68533333333</dst>
            <dst id="HSTNng">901.181333333333</dst>
            <dst id="IPLSng">13641.5706666667</dst>
            <dst id="KSCYng">782.048</dst>
            <dst id="LOSAng">3836.74933333333</dst>
            <dst id="NYCMng">3179.78133333333</dst>
            <dst id="SNVAng">1070.05866666667</dst>
            <dst id="STTLng">1510.12266666667</dst>
            <dst id="WASHng">2831.53333333333</dst>
        </src>
        <src id="STTLng">
            <dst id="ATLA-M5">118.517333333333</dst>
            <dst id="ATLAng">17002.112</dst>
            <dst id="CHINng">25956.5493333333</dst>
            <dst id="DNVRng">4689.632</dst>
            <dst id="HSTNng">4455.83466666667</dst>
            <dst id="IPLSng">11788.2026666667</dst>
            <dst id="KSCYng">4528.16</dst>
            <dst id="LOSAng">22915.568</dst>
            <dst id="NYCMng">21150.976</dst>
            <dst id="SNVAng">2920.176</dst>
            <dst id="STTLng">4518.13333333333</dst>
            <dst id="WASHng">8749.74933333333</dst>
        </src>
        <src id="WASHng">
            <dst id="ATLA-M5">364.138666666667</dst>
            <dst id="ATLAng">125812.194666667</dst>
            <dst id="CHINng">91418.6773333333</dst>
            <dst id="DNVRng">33715.1066666667</dst>
            <dst id="HSTNng">13247.7973333333</dst>
            <dst id="IPLSng">54748.104</dst>
            <dst id="KSCYng">10840.4506666667</dst>
            <dst id="LOSAng">61232.6133333333</dst>
            <dst id="NYCMng">156770.877333333</dst>
            <dst id="SNVAng">8520.68</dst>
            <dst id="STTLng">30928.056</dst>
            <dst id="WASHng">177904.490666667</dst>
        </src>
    </IntraTM>
</TrafficMatrixFile>
