<?xml version="1.0" encoding="ISO-8859-1" standalone="yes"?>
<TrafficMatrixFile xsi:noNamespaceSchemaLocation="http://totem.run.montefiore.ulg.ac.be/Schema/TrafficMatrix-v1_2.xsd" xmlns:xsi="http://www.w3.org/2001/XMLSchema-instance">
    <IntraTM ASID="11537">
        <src id="ATLA-M5">
            <dst id="ATLA-M5">0</dst>
            <dst id="ATLAng">665.354666666667</dst>
            <dst id="CHINng">7819.93866666667</dst>
            <dst id="DNVRng">543.144</dst>
            <dst id="HSTNng">433.968</dst>
            <dst id="IPLSng">871.402666666667</dst>
            <dst id="KSCYng">507.792</dst>
            <dst id="LOSAng">595.376</dst>
            <dst id="NYCMng">708.314666666667</dst>
            <dst id="SNVAng">555.429333333333</dst>
            <dst id="STTLng">406.624</dst>
            <dst id="WASHng">3832.94133333333</dst>
        </src>
        <src id="ATLAng">
            <dst id="ATLA-M5">1091.04266666667</dst>
            <dst id="ATLAng">21344.688</dst>
            <dst id="CHINng">32392.864</dst>
            <dst id="DNVRng">6892.608</dst>
            <dst id="HSTNng">6114.60266666667</dst>
            <dst id="IPLSng">35213.8053333333</dst>
            <dst id="KSCYng">7816.30666666667</dst>
            <dst id="LOSAng">23526.5586666667</dst>
            <dst id="NYCMng">20910.776</dst>
            <dst id="SNVAng">958.390666666667</dst>
            <dst id="STTLng">9810.248</dst>
            <dst id="WASHng">63746.2266666667</dst>
        </src>
        <src id="CHINng">
            <dst id="ATLA-M5">827.053333333333</dst>
            <dst id="ATLAng">12821.4293333333</dst>
            <dst id="CHINng">35981.3146666667</dst>
            <dst id="DNVRng">10431.4</dst>
            <dst id="HSTNng">26244.4026666667</dst>
            <dst id="IPLSng">31464.1173333333</dst>
            <dst id="KSCYng">10629.3786666667</dst>
            <dst id="LOSAng">38521.1813333333</dst>
            <dst id="NYCMng">4131.65333333333</dst>
            <dst id="SNVAng">4725.32</dst>
            <dst id="STTLng">5665.112</dst>
            <dst id="WASHng">11208.528</dst>
        </src>
        <src id="DNVRng">
            <dst id="ATLA-M5">802.586666666667</dst>
            <dst id="ATLAng">6650.56</dst>
            <dst id="CHINng">53675.8906666667</dst>
            <dst id="DNVRng">14824.2133333333</dst>
            <dst id="HSTNng">14292.5973333333</dst>
            <dst id="IPLSng">33116.6906666667</dst>
            <dst id="KSCYng">17859.5386666667</dst>
            <dst id="LOSAng">15986.8853333333</dst>
            <dst id="NYCMng">35627.1146666667</dst>
            <dst id="SNVAng">7972.024</dst>
            <dst id="STTLng">15094.0906666667</dst>
            <dst id="WASHng">53550.76</dst>
        </src>
        <src id="HSTNng">
            <dst id="ATLA-M5">4236.34666666667</dst>
            <dst id="ATLAng">5946.42133333333</dst>
            <dst id="CHINng">42492.992</dst>
            <dst id="DNVRng">3779.03733333333</dst>
            <dst id="HSTNng">13143.2746666667</dst>
            <dst id="IPLSng">9954.34666666667</dst>
            <dst id="KSCYng">3895.07733333333</dst>
            <dst id="LOSAng">104191.365333333</dst>
            <dst id="NYCMng">8913.39733333333</dst>
            <dst id="SNVAng">1197.712</dst>
            <dst id="STTLng">2471.128</dst>
            <dst id="WASHng">10710.5786666667</dst>
        </src>
        <src id="IPLSng">
            <dst id="ATLA-M5">949.666666666667</dst>
            <dst id="ATLAng">18656.9706666667</dst>
            <dst id="CHINng">101467.930666667</dst>
            <dst id="DNVRng">26735.6026666667</dst>
            <dst id="HSTNng">11239.5253333333</dst>
            <dst id="IPLSng">21415.8293333333</dst>
            <dst id="KSCYng">15120.6746666667</dst>
            <dst id="LOSAng">26698.104</dst>
            <dst id="NYCMng">52521.5146666667</dst>
            <dst id="SNVAng">4174.84266666667</dst>
            <dst id="STTLng">10617.9173333333</dst>
            <dst id="WASHng">45339.0186666667</dst>
        </src>
        <src id="KSCYng">
            <dst id="ATLA-M5">1061.17333333333</dst>
            <dst id="ATLAng">4416.41866666667</dst>
            <dst id="CHINng">32644.4693333333</dst>
            <dst id="DNVRng">11229.032</dst>
            <dst id="HSTNng">6185.01333333334</dst>
            <dst id="IPLSng">16061.4213333333</dst>
            <dst id="KSCYng">10889.4693333333</dst>
            <dst id="LOSAng">8296.46133333333</dst>
            <dst id="NYCMng">12802.4773333333</dst>
            <dst id="SNVAng">1363.90133333333</dst>
            <dst id="STTLng">4783.352</dst>
            <dst id="WASHng">12402.5813333333</dst>
        </src>
        <src id="LOSAng">
            <dst id="ATLA-M5">1336.09866666667</dst>
            <dst id="ATLAng">26737.7653333333</dst>
            <dst id="CHINng">117508.018666667</dst>
            <dst id="DNVRng">16543.064</dst>
            <dst id="HSTNng">12484.9546666667</dst>
            <dst id="IPLSng">42943.7466666667</dst>
            <dst id="KSCYng">19429.0053333333</dst>
            <dst id="LOSAng">27627.8773333333</dst>
            <dst id="NYCMng">68446.304</dst>
            <dst id="SNVAng">11365.9306666667</dst>
            <dst id="STTLng">28401.944</dst>
            <dst id="WASHng">71728.656</dst>
        </src>
        <src id="NYCMng">
            <dst id="ATLA-M5">1169.53066666667</dst>
            <dst id="ATLAng">42681.648</dst>
            <dst id="CHINng">79975.8533333333</dst>
            <dst id="DNVRng">44652.0906666667</dst>
            <dst id="HSTNng">37572.1306666667</dst>
            <dst id="IPLSng">65900.1466666667</dst>
            <dst id="KSCYng">24329.2773333333</dst>
            <dst id="LOSAng">97289.8106666666</dst>
            <dst id="NYCMng">143416.504</dst>
            <dst id="SNVAng">11560.976</dst>
            <dst id="STTLng">36765.2106666667</dst>
            <dst id="WASHng">97560.44</dst>
        </src>
        <src id="SNVAng">
            <dst id="ATLA-M5">773.149333333333</dst>
            <dst id="ATLAng">246.992</dst>
            <dst id="CHINng">4726.42933333333</dst>
            <dst id="DNVRng">6799.384</dst>
            <dst id="HSTNng">1034.43733333333</dst>
            <dst id="IPLSng">3578.856</dst>
            <dst id="KSCYng">1137.49866666667</dst>
            <dst id="LOSAng">43286.84</dst>
            <dst id="NYCMng">2789.272</dst>
            <dst id="SNVAng">21324.8186666667</dst>
            <dst id="STTLng">71637.1786666667</dst>
            <dst id="WASHng">1659.18133333333</dst>
        </src>
        <src id="STTLng">
            <dst id="ATLA-M5">126.328</dst>
            <dst id="ATLAng">10716.1973333333</dst>
            <dst id="CHINng">43145.8106666667</dst>
            <dst id="DNVRng">7206.33866666667</dst>
            <dst id="HSTNng">5328.08</dst>
            <dst id="IPLSng">13374.6053333333</dst>
            <dst id="KSCYng">7280.68533333333</dst>
            <dst id="LOSAng">34705.3866666667</dst>
            <dst id="NYCMng">26230.2133333333</dst>
            <dst id="SNVAng">5657.096</dst>
            <dst id="STTLng">15769.896</dst>
            <dst id="WASHng">14968.256</dst>
        </src>
        <src id="WASHng">
            <dst id="ATLA-M5">3172.21333333333</dst>
            <dst id="ATLAng">148166.384</dst>
            <dst id="CHINng">113812.696</dst>
            <dst id="DNVRng">58917.296</dst>
            <dst id="HSTNng">30363.7066666667</dst>
            <dst id="IPLSng">71068.8426666667</dst>
            <dst id="KSCYng">14006.968</dst>
            <dst id="LOSAng">67024.192</dst>
            <dst id="NYCMng">199434.968</dst>
            <dst id="SNVAng">13623.0746666667</dst>
            <dst id="STTLng">35624.84</dst>
            <dst id="WASHng">243989.432</dst>
        </src>
    </IntraTM>
</TrafficMatrixFile>
