<?xml version="1.0" encoding="ISO-8859-1" standalone="yes"?>
<TrafficMatrixFile xsi:noNamespaceSchemaLocation="http://totem.run.montefiore.ulg.ac.be/Schema/TrafficMatrix-v1_2.xsd" xmlns:xsi="http://www.w3.org/2001/XMLSchema-instance">
    <IntraTM ASID="11537">
        <src id="ATLA-M5">
            <dst id="ATLA-M5">1394.416</dst>
            <dst id="ATLAng">618.378666666667</dst>
            <dst id="CHINng">1491.73333333333</dst>
            <dst id="DNVRng">185.738666666667</dst>
            <dst id="HSTNng">275.349333333333</dst>
            <dst id="IPLSng">2736.28533333333</dst>
            <dst id="KSCYng">1523.92</dst>
            <dst id="LOSAng">1119.52533333333</dst>
            <dst id="NYCMng">874.050666666667</dst>
            <dst id="SNVAng">53.2453333333333</dst>
            <dst id="STTLng">570.557333333333</dst>
            <dst id="WASHng">1522.40266666667</dst>
        </src>
        <src id="ATLAng">
            <dst id="ATLA-M5">1689.36266666667</dst>
            <dst id="ATLAng">40703.4853333333</dst>
            <dst id="CHINng">34616.0826666667</dst>
            <dst id="DNVRng">8291.624</dst>
            <dst id="HSTNng">5738.144</dst>
            <dst id="IPLSng">29272.52</dst>
            <dst id="KSCYng">5523.81333333333</dst>
            <dst id="LOSAng">17937.2693333333</dst>
            <dst id="NYCMng">20563.864</dst>
            <dst id="SNVAng">1016.544</dst>
            <dst id="STTLng">8773.02666666666</dst>
            <dst id="WASHng">55481.296</dst>
        </src>
        <src id="CHINng">
            <dst id="ATLA-M5">3610.81333333333</dst>
            <dst id="ATLAng">15292.584</dst>
            <dst id="CHINng">28340.5306666667</dst>
            <dst id="DNVRng">11929.2293333333</dst>
            <dst id="HSTNng">11767.5013333333</dst>
            <dst id="IPLSng">35342.6666666667</dst>
            <dst id="KSCYng">17887.8026666667</dst>
            <dst id="LOSAng">25752.712</dst>
            <dst id="NYCMng">5271.87466666667</dst>
            <dst id="SNVAng">3042.41333333333</dst>
            <dst id="STTLng">6985.22666666667</dst>
            <dst id="WASHng">11412.4933333333</dst>
        </src>
        <src id="DNVRng">
            <dst id="ATLA-M5">1153.05066666667</dst>
            <dst id="ATLAng">4083.66666666667</dst>
            <dst id="CHINng">36318.536</dst>
            <dst id="DNVRng">19446.4586666667</dst>
            <dst id="HSTNng">5791.08266666667</dst>
            <dst id="IPLSng">9495.89866666667</dst>
            <dst id="KSCYng">15320.8506666667</dst>
            <dst id="LOSAng">14213.3253333333</dst>
            <dst id="NYCMng">9862.592</dst>
            <dst id="SNVAng">19585.8186666667</dst>
            <dst id="STTLng">30591.3733333333</dst>
            <dst id="WASHng">13774.3813333333</dst>
        </src>
        <src id="HSTNng">
            <dst id="ATLA-M5">3414.12266666667</dst>
            <dst id="ATLAng">3917.264</dst>
            <dst id="CHINng">20431.736</dst>
            <dst id="DNVRng">3888.85066666667</dst>
            <dst id="HSTNng">6954.144</dst>
            <dst id="IPLSng">12695.5146666667</dst>
            <dst id="KSCYng">6860.34666666667</dst>
            <dst id="LOSAng">5378.40533333333</dst>
            <dst id="NYCMng">16757.2133333333</dst>
            <dst id="SNVAng">854.357333333333</dst>
            <dst id="STTLng">2333.85866666667</dst>
            <dst id="WASHng">9599.18666666667</dst>
        </src>
        <src id="IPLSng">
            <dst id="ATLA-M5">8618.784</dst>
            <dst id="ATLAng">20189.4426666667</dst>
            <dst id="CHINng">85886.744</dst>
            <dst id="DNVRng">10796.4853333333</dst>
            <dst id="HSTNng">6921.784</dst>
            <dst id="IPLSng">41942.5306666667</dst>
            <dst id="KSCYng">11045.128</dst>
            <dst id="LOSAng">20703.2133333333</dst>
            <dst id="NYCMng">29171.28</dst>
            <dst id="SNVAng">3943.12533333333</dst>
            <dst id="STTLng">15562.928</dst>
            <dst id="WASHng">40892.0746666667</dst>
        </src>
        <src id="KSCYng">
            <dst id="ATLA-M5">666.938666666667</dst>
            <dst id="ATLAng">4633.624</dst>
            <dst id="CHINng">37599.4133333333</dst>
            <dst id="DNVRng">9420.608</dst>
            <dst id="HSTNng">4944.456</dst>
            <dst id="IPLSng">15132.4533333333</dst>
            <dst id="KSCYng">6571.352</dst>
            <dst id="LOSAng">8065.11466666667</dst>
            <dst id="NYCMng">12143.3226666667</dst>
            <dst id="SNVAng">1203.63733333333</dst>
            <dst id="STTLng">5854.66933333334</dst>
            <dst id="WASHng">19536.4053333333</dst>
        </src>
        <src id="LOSAng">
            <dst id="ATLA-M5">1379.648</dst>
            <dst id="ATLAng">33144.3866666667</dst>
            <dst id="CHINng">79290.5573333333</dst>
            <dst id="DNVRng">14949.7786666667</dst>
            <dst id="HSTNng">14439.264</dst>
            <dst id="IPLSng">42005.5653333333</dst>
            <dst id="KSCYng">10208.4906666667</dst>
            <dst id="LOSAng">16300.576</dst>
            <dst id="NYCMng">59179.48</dst>
            <dst id="SNVAng">3764.14133333333</dst>
            <dst id="STTLng">32004.448</dst>
            <dst id="WASHng">54471.496</dst>
        </src>
        <src id="NYCMng">
            <dst id="ATLA-M5">3911.77066666667</dst>
            <dst id="ATLAng">44945.1626666667</dst>
            <dst id="CHINng">86243.7893333333</dst>
            <dst id="DNVRng">23834.0186666667</dst>
            <dst id="HSTNng">35474.8186666667</dst>
            <dst id="IPLSng">90841.912</dst>
            <dst id="KSCYng">24973.112</dst>
            <dst id="LOSAng">70545.2373333333</dst>
            <dst id="NYCMng">129054.36</dst>
            <dst id="SNVAng">8342.464</dst>
            <dst id="STTLng">29978.176</dst>
            <dst id="WASHng">112344.794666667</dst>
        </src>
        <src id="SNVAng">
            <dst id="ATLA-M5">292.274666666667</dst>
            <dst id="ATLAng">1142.944</dst>
            <dst id="CHINng">3281.176</dst>
            <dst id="DNVRng">12225.328</dst>
            <dst id="HSTNng">1865.67733333333</dst>
            <dst id="IPLSng">1746.11466666667</dst>
            <dst id="KSCYng">628.053333333333</dst>
            <dst id="LOSAng">7083.34133333333</dst>
            <dst id="NYCMng">11592.9413333333</dst>
            <dst id="SNVAng">379.005333333333</dst>
            <dst id="STTLng">3482.888</dst>
            <dst id="WASHng">2748.528</dst>
        </src>
        <src id="STTLng">
            <dst id="ATLA-M5">596.109333333333</dst>
            <dst id="ATLAng">18648.8133333333</dst>
            <dst id="CHINng">44095.0586666667</dst>
            <dst id="DNVRng">7144.78666666667</dst>
            <dst id="HSTNng">4812.088</dst>
            <dst id="IPLSng">11044.7813333333</dst>
            <dst id="KSCYng">4475.57066666667</dst>
            <dst id="LOSAng">21349.1946666667</dst>
            <dst id="NYCMng">21742.2506666667</dst>
            <dst id="SNVAng">4166.48</dst>
            <dst id="STTLng">5312.79733333333</dst>
            <dst id="WASHng">14547.7333333333</dst>
        </src>
        <src id="WASHng">
            <dst id="ATLA-M5">813.213333333333</dst>
            <dst id="ATLAng">137539.357333333</dst>
            <dst id="CHINng">89455.472</dst>
            <dst id="DNVRng">48698.3786666667</dst>
            <dst id="HSTNng">13979.2213333333</dst>
            <dst id="IPLSng">56844.424</dst>
            <dst id="KSCYng">25632.2506666667</dst>
            <dst id="LOSAng">61290.8373333333</dst>
            <dst id="NYCMng">156956.445333333</dst>
            <dst id="SNVAng">11009.8613333333</dst>
            <dst id="STTLng">30202.5626666667</dst>
            <dst id="WASHng">173481.885333333</dst>
        </src>
    </IntraTM>
</TrafficMatrixFile>
