<?xml version="1.0" encoding="ISO-8859-1" standalone="yes"?>
<TrafficMatrixFile xsi:noNamespaceSchemaLocation="http://totem.run.montefiore.ulg.ac.be/Schema/TrafficMatrix-v1_2.xsd" xmlns:xsi="http://www.w3.org/2001/XMLSchema-instance">
    <IntraTM ASID="11537">
        <src id="ATLA-M5">
            <dst id="ATLA-M5">53.3333333333333</dst>
            <dst id="ATLAng">790.210666666667</dst>
            <dst id="CHINng">3292.144</dst>
            <dst id="DNVRng">1992.98933333333</dst>
            <dst id="HSTNng">381.282666666667</dst>
            <dst id="IPLSng">1422.52266666667</dst>
            <dst id="KSCYng">372.176</dst>
            <dst id="LOSAng">513.918666666667</dst>
            <dst id="NYCMng">1274.33866666667</dst>
            <dst id="SNVAng">515.294666666667</dst>
            <dst id="STTLng">249.365333333333</dst>
            <dst id="WASHng">3238.024</dst>
        </src>
        <src id="ATLAng">
            <dst id="ATLA-M5">2399.856</dst>
            <dst id="ATLAng">24665.1413333333</dst>
            <dst id="CHINng">26248.2506666667</dst>
            <dst id="DNVRng">9955.872</dst>
            <dst id="HSTNng">5980.36266666667</dst>
            <dst id="IPLSng">29289.752</dst>
            <dst id="KSCYng">11766.2026666667</dst>
            <dst id="LOSAng">36831.56</dst>
            <dst id="NYCMng">21098.7973333333</dst>
            <dst id="SNVAng">1622.12266666667</dst>
            <dst id="STTLng">7854.18666666667</dst>
            <dst id="WASHng">116918.176</dst>
        </src>
        <src id="CHINng">
            <dst id="ATLA-M5">3720.28533333333</dst>
            <dst id="ATLAng">21459.6213333333</dst>
            <dst id="CHINng">36525.1013333333</dst>
            <dst id="DNVRng">11248.3573333333</dst>
            <dst id="HSTNng">15492.864</dst>
            <dst id="IPLSng">33604.064</dst>
            <dst id="KSCYng">8251.05333333334</dst>
            <dst id="LOSAng">36677.888</dst>
            <dst id="NYCMng">4561.63733333333</dst>
            <dst id="SNVAng">8602.18133333333</dst>
            <dst id="STTLng">10324.584</dst>
            <dst id="WASHng">21876.304</dst>
        </src>
        <src id="DNVRng">
            <dst id="ATLA-M5">889.813333333333</dst>
            <dst id="ATLAng">7178.59733333333</dst>
            <dst id="CHINng">57805.0533333333</dst>
            <dst id="DNVRng">25877.7093333333</dst>
            <dst id="HSTNng">21579.432</dst>
            <dst id="IPLSng">33689.7226666667</dst>
            <dst id="KSCYng">24862.712</dst>
            <dst id="LOSAng">9346.86933333333</dst>
            <dst id="NYCMng">26889.3573333333</dst>
            <dst id="SNVAng">14448.08</dst>
            <dst id="STTLng">27981.2826666667</dst>
            <dst id="WASHng">63109.7546666667</dst>
        </src>
        <src id="HSTNng">
            <dst id="ATLA-M5">3313.95466666667</dst>
            <dst id="ATLAng">4189.58133333333</dst>
            <dst id="CHINng">32286.5173333333</dst>
            <dst id="DNVRng">6096.336</dst>
            <dst id="HSTNng">13501.7066666667</dst>
            <dst id="IPLSng">21463.9626666667</dst>
            <dst id="KSCYng">10367.3013333333</dst>
            <dst id="LOSAng">13434.656</dst>
            <dst id="NYCMng">7241.64533333333</dst>
            <dst id="SNVAng">1506.96533333333</dst>
            <dst id="STTLng">3955.15733333333</dst>
            <dst id="WASHng">15912.9173333333</dst>
        </src>
        <src id="IPLSng">
            <dst id="ATLA-M5">2008.06133333333</dst>
            <dst id="ATLAng">15752.016</dst>
            <dst id="CHINng">110505.085333333</dst>
            <dst id="DNVRng">32722.7386666667</dst>
            <dst id="HSTNng">15465.2266666667</dst>
            <dst id="IPLSng">30796.0986666667</dst>
            <dst id="KSCYng">13026.4853333333</dst>
            <dst id="LOSAng">109318.8</dst>
            <dst id="NYCMng">38909.7386666667</dst>
            <dst id="SNVAng">11777.5466666667</dst>
            <dst id="STTLng">16959.5173333333</dst>
            <dst id="WASHng">55263.5626666667</dst>
        </src>
        <src id="KSCYng">
            <dst id="ATLA-M5">1488.96533333333</dst>
            <dst id="ATLAng">11294.7253333333</dst>
            <dst id="CHINng">44352.768</dst>
            <dst id="DNVRng">12212.4533333333</dst>
            <dst id="HSTNng">6405.98133333333</dst>
            <dst id="IPLSng">18932.184</dst>
            <dst id="KSCYng">13416.824</dst>
            <dst id="LOSAng">10037.84</dst>
            <dst id="NYCMng">14451.168</dst>
            <dst id="SNVAng">1338.39733333333</dst>
            <dst id="STTLng">8536.82933333333</dst>
            <dst id="WASHng">14385.872</dst>
        </src>
        <src id="LOSAng">
            <dst id="ATLA-M5">917.192</dst>
            <dst id="ATLAng">51114.424</dst>
            <dst id="CHINng">117675.008</dst>
            <dst id="DNVRng">15865.1813333333</dst>
            <dst id="HSTNng">13119.0293333333</dst>
            <dst id="IPLSng">45096.6506666667</dst>
            <dst id="KSCYng">10830.7013333333</dst>
            <dst id="LOSAng">26834.176</dst>
            <dst id="NYCMng">62125.5146666667</dst>
            <dst id="SNVAng">11503.3466666667</dst>
            <dst id="STTLng">40438.96</dst>
            <dst id="WASHng">75950.6346666667</dst>
        </src>
        <src id="NYCMng">
            <dst id="ATLA-M5">2572.536</dst>
            <dst id="ATLAng">59081.5226666667</dst>
            <dst id="CHINng">79395.16</dst>
            <dst id="DNVRng">47661.1946666667</dst>
            <dst id="HSTNng">44655.1813333333</dst>
            <dst id="IPLSng">87712.1733333333</dst>
            <dst id="KSCYng">25167.976</dst>
            <dst id="LOSAng">93659.5493333333</dst>
            <dst id="NYCMng">146348.608</dst>
            <dst id="SNVAng">12587.536</dst>
            <dst id="STTLng">36027.7466666667</dst>
            <dst id="WASHng">142206.826666667</dst>
        </src>
        <src id="SNVAng">
            <dst id="ATLA-M5">635.218666666667</dst>
            <dst id="ATLAng">1381.66666666667</dst>
            <dst id="CHINng">11482.152</dst>
            <dst id="DNVRng">9353.58933333334</dst>
            <dst id="HSTNng">1045.448</dst>
            <dst id="IPLSng">3618.73866666667</dst>
            <dst id="KSCYng">1441.664</dst>
            <dst id="LOSAng">40088.2533333333</dst>
            <dst id="NYCMng">13970.768</dst>
            <dst id="SNVAng">17446.6586666667</dst>
            <dst id="STTLng">63888.4266666667</dst>
            <dst id="WASHng">2561.232</dst>
        </src>
        <src id="STTLng">
            <dst id="ATLA-M5">97.544</dst>
            <dst id="ATLAng">12755.4293333333</dst>
            <dst id="CHINng">56645.3626666667</dst>
            <dst id="DNVRng">6096.112</dst>
            <dst id="HSTNng">4168.056</dst>
            <dst id="IPLSng">24977.5306666667</dst>
            <dst id="KSCYng">7000.29333333333</dst>
            <dst id="LOSAng">37657.4373333333</dst>
            <dst id="NYCMng">23158.6426666667</dst>
            <dst id="SNVAng">10088.88</dst>
            <dst id="STTLng">27919.12</dst>
            <dst id="WASHng">19219.9066666667</dst>
        </src>
        <src id="WASHng">
            <dst id="ATLA-M5">2179.94933333333</dst>
            <dst id="ATLAng">154036.690666667</dst>
            <dst id="CHINng">110597.645333333</dst>
            <dst id="DNVRng">72193.5173333333</dst>
            <dst id="HSTNng">37359.4746666667</dst>
            <dst id="IPLSng">77210.04</dst>
            <dst id="KSCYng">16929.6373333333</dst>
            <dst id="LOSAng">87067.1413333333</dst>
            <dst id="NYCMng">181103.522666667</dst>
            <dst id="SNVAng">8697.65333333333</dst>
            <dst id="STTLng">36015.0266666667</dst>
            <dst id="WASHng">247198.4</dst>
        </src>
    </IntraTM>
</TrafficMatrixFile>
