<?xml version="1.0" encoding="ISO-8859-1" standalone="yes"?>
<TrafficMatrixFile xsi:noNamespaceSchemaLocation="http://totem.run.montefiore.ulg.ac.be/Schema/TrafficMatrix-v1_2.xsd" xmlns:xsi="http://www.w3.org/2001/XMLSchema-instance">
    <IntraTM ASID="11537">
        <src id="ATLA-M5">
            <dst id="ATLA-M5">335.509333333333</dst>
            <dst id="ATLAng">1065.168</dst>
            <dst id="CHINng">1492.128</dst>
            <dst id="DNVRng">353.544</dst>
            <dst id="HSTNng">1693.88533333333</dst>
            <dst id="IPLSng">507.122666666667</dst>
            <dst id="KSCYng">351.952</dst>
            <dst id="LOSAng">639.245333333333</dst>
            <dst id="NYCMng">490.645333333333</dst>
            <dst id="SNVAng">195.610666666667</dst>
            <dst id="STTLng">76.0853333333334</dst>
            <dst id="WASHng">3212.57333333333</dst>
        </src>
        <src id="ATLAng">
            <dst id="ATLA-M5">879.325333333333</dst>
            <dst id="ATLAng">30276.9493333333</dst>
            <dst id="CHINng">27157.8826666667</dst>
            <dst id="DNVRng">4593.86933333333</dst>
            <dst id="HSTNng">4640.20266666667</dst>
            <dst id="IPLSng">72652.9546666667</dst>
            <dst id="KSCYng">11054.7813333333</dst>
            <dst id="LOSAng">11988.1413333333</dst>
            <dst id="NYCMng">12497.5813333333</dst>
            <dst id="SNVAng">1908.064</dst>
            <dst id="STTLng">10549.4613333333</dst>
            <dst id="WASHng">85636.9546666667</dst>
        </src>
        <src id="CHINng">
            <dst id="ATLA-M5">283.96</dst>
            <dst id="ATLAng">17958.7546666667</dst>
            <dst id="CHINng">56316.0346666667</dst>
            <dst id="DNVRng">10874.704</dst>
            <dst id="HSTNng">8045.25066666666</dst>
            <dst id="IPLSng">39311.92</dst>
            <dst id="KSCYng">14851.688</dst>
            <dst id="LOSAng">20028.856</dst>
            <dst id="NYCMng">6959.82933333333</dst>
            <dst id="SNVAng">5944.75733333333</dst>
            <dst id="STTLng">8547.93066666667</dst>
            <dst id="WASHng">10047.504</dst>
        </src>
        <src id="DNVRng">
            <dst id="ATLA-M5">4752.23466666667</dst>
            <dst id="ATLAng">9679.752</dst>
            <dst id="CHINng">77909.224</dst>
            <dst id="DNVRng">20655.7706666667</dst>
            <dst id="HSTNng">12566.2506666667</dst>
            <dst id="IPLSng">29221.3786666667</dst>
            <dst id="KSCYng">31433.3306666667</dst>
            <dst id="LOSAng">7847.69333333333</dst>
            <dst id="NYCMng">24371.696</dst>
            <dst id="SNVAng">12624.176</dst>
            <dst id="STTLng">21742.08</dst>
            <dst id="WASHng">66321.8773333333</dst>
        </src>
        <src id="HSTNng">
            <dst id="ATLA-M5">614.312</dst>
            <dst id="ATLAng">5798.896</dst>
            <dst id="CHINng">30302.2106666667</dst>
            <dst id="DNVRng">1616.35733333333</dst>
            <dst id="HSTNng">10402.5013333333</dst>
            <dst id="IPLSng">13303.6986666667</dst>
            <dst id="KSCYng">3157.16</dst>
            <dst id="LOSAng">8595.352</dst>
            <dst id="NYCMng">9972.59733333333</dst>
            <dst id="SNVAng">1093.44</dst>
            <dst id="STTLng">1518.04533333333</dst>
            <dst id="WASHng">8652.416</dst>
        </src>
        <src id="IPLSng">
            <dst id="ATLA-M5">590.781333333333</dst>
            <dst id="ATLAng">20972.408</dst>
            <dst id="CHINng">161933.856</dst>
            <dst id="DNVRng">14104.0773333333</dst>
            <dst id="HSTNng">12276.7306666667</dst>
            <dst id="IPLSng">57617.152</dst>
            <dst id="KSCYng">24174.8773333333</dst>
            <dst id="LOSAng">88784.04</dst>
            <dst id="NYCMng">44051.1493333333</dst>
            <dst id="SNVAng">5790.06933333333</dst>
            <dst id="STTLng">8508.28533333333</dst>
            <dst id="WASHng">63812.5493333333</dst>
        </src>
        <src id="KSCYng">
            <dst id="ATLA-M5">438.413333333333</dst>
            <dst id="ATLAng">9325.94933333333</dst>
            <dst id="CHINng">41726.5066666667</dst>
            <dst id="DNVRng">9762.664</dst>
            <dst id="HSTNng">4203.30133333333</dst>
            <dst id="IPLSng">12790.96</dst>
            <dst id="KSCYng">15591.1173333333</dst>
            <dst id="LOSAng">3052.78133333333</dst>
            <dst id="NYCMng">8449.51466666667</dst>
            <dst id="SNVAng">1514.88</dst>
            <dst id="STTLng">4199.056</dst>
            <dst id="WASHng">12247.816</dst>
        </src>
        <src id="LOSAng">
            <dst id="ATLA-M5">1353.144</dst>
            <dst id="ATLAng">39996.2906666667</dst>
            <dst id="CHINng">157598.829333333</dst>
            <dst id="DNVRng">13376.568</dst>
            <dst id="HSTNng">11450.824</dst>
            <dst id="IPLSng">44569.7626666667</dst>
            <dst id="KSCYng">10441.2106666667</dst>
            <dst id="LOSAng">12942.1253333333</dst>
            <dst id="NYCMng">62865.872</dst>
            <dst id="SNVAng">6648.248</dst>
            <dst id="STTLng">19264.832</dst>
            <dst id="WASHng">74320.6026666667</dst>
        </src>
        <src id="NYCMng">
            <dst id="ATLA-M5">2172.792</dst>
            <dst id="ATLAng">54719.9813333333</dst>
            <dst id="CHINng">70454.448</dst>
            <dst id="DNVRng">32394.4106666667</dst>
            <dst id="HSTNng">19740.1546666667</dst>
            <dst id="IPLSng">83997.4773333333</dst>
            <dst id="KSCYng">36012.52</dst>
            <dst id="LOSAng">45110.6106666667</dst>
            <dst id="NYCMng">161021.301333333</dst>
            <dst id="SNVAng">10255.368</dst>
            <dst id="STTLng">24380.2453333333</dst>
            <dst id="WASHng">147293.154666667</dst>
        </src>
        <src id="SNVAng">
            <dst id="ATLA-M5">116.234666666667</dst>
            <dst id="ATLAng">3632.81333333333</dst>
            <dst id="CHINng">7402.632</dst>
            <dst id="DNVRng">5726.36266666667</dst>
            <dst id="HSTNng">597.525333333333</dst>
            <dst id="IPLSng">1902.72266666667</dst>
            <dst id="KSCYng">1210.81333333333</dst>
            <dst id="LOSAng">33817.4666666667</dst>
            <dst id="NYCMng">6182.91733333333</dst>
            <dst id="SNVAng">17642.952</dst>
            <dst id="STTLng">56848.1866666667</dst>
            <dst id="WASHng">2099.792</dst>
        </src>
        <src id="STTLng">
            <dst id="ATLA-M5">115.648</dst>
            <dst id="ATLAng">15458.2293333333</dst>
            <dst id="CHINng">82176.704</dst>
            <dst id="DNVRng">5676.464</dst>
            <dst id="HSTNng">6759.912</dst>
            <dst id="IPLSng">24839.3306666667</dst>
            <dst id="KSCYng">9029.38933333333</dst>
            <dst id="LOSAng">21365.6826666667</dst>
            <dst id="NYCMng">28409.7706666667</dst>
            <dst id="SNVAng">5575.8</dst>
            <dst id="STTLng">10136.4906666667</dst>
            <dst id="WASHng">18753.3146666667</dst>
        </src>
        <src id="WASHng">
            <dst id="ATLA-M5">2789.848</dst>
            <dst id="ATLAng">143909.786666667</dst>
            <dst id="CHINng">114874.717333333</dst>
            <dst id="DNVRng">51695.44</dst>
            <dst id="HSTNng">21215.2773333333</dst>
            <dst id="IPLSng">82205.104</dst>
            <dst id="KSCYng">34044.0853333333</dst>
            <dst id="LOSAng">57579.12</dst>
            <dst id="NYCMng">219882.6</dst>
            <dst id="SNVAng">4957.98933333333</dst>
            <dst id="STTLng">34191.7226666667</dst>
            <dst id="WASHng">421288.08</dst>
        </src>
    </IntraTM>
</TrafficMatrixFile>
