<?xml version="1.0" encoding="ISO-8859-1" standalone="yes"?>
<TrafficMatrixFile xsi:noNamespaceSchemaLocation="http://totem.run.montefiore.ulg.ac.be/Schema/TrafficMatrix-v1_2.xsd" xmlns:xsi="http://www.w3.org/2001/XMLSchema-instance">
    <IntraTM ASID="11537">
        <src id="ATLA-M5">
            <dst id="ATLA-M5">53.3333333333333</dst>
            <dst id="ATLAng">653.834666666667</dst>
            <dst id="CHINng">1366.58666666667</dst>
            <dst id="DNVRng">605.96</dst>
            <dst id="HSTNng">2531.16266666667</dst>
            <dst id="IPLSng">2633.512</dst>
            <dst id="KSCYng">352.2</dst>
            <dst id="LOSAng">881.48</dst>
            <dst id="NYCMng">457.861333333333</dst>
            <dst id="SNVAng">567.642666666667</dst>
            <dst id="STTLng">228.064</dst>
            <dst id="WASHng">4014.48533333333</dst>
        </src>
        <src id="ATLAng">
            <dst id="ATLA-M5">916.789333333333</dst>
            <dst id="ATLAng">41290.496</dst>
            <dst id="CHINng">30263.352</dst>
            <dst id="DNVRng">5612.064</dst>
            <dst id="HSTNng">7744.128</dst>
            <dst id="IPLSng">27709.3013333333</dst>
            <dst id="KSCYng">20394.7973333333</dst>
            <dst id="LOSAng">22179.7013333333</dst>
            <dst id="NYCMng">16702.8506666667</dst>
            <dst id="SNVAng">1919.336</dst>
            <dst id="STTLng">7991.6</dst>
            <dst id="WASHng">55692.664</dst>
        </src>
        <src id="CHINng">
            <dst id="ATLA-M5">1478.60266666667</dst>
            <dst id="ATLAng">18295.2906666667</dst>
            <dst id="CHINng">37848.7973333333</dst>
            <dst id="DNVRng">12545.5173333333</dst>
            <dst id="HSTNng">16981.64</dst>
            <dst id="IPLSng">26462.976</dst>
            <dst id="KSCYng">11030.48</dst>
            <dst id="LOSAng">37820.704</dst>
            <dst id="NYCMng">5730.984</dst>
            <dst id="SNVAng">2801.49066666667</dst>
            <dst id="STTLng">7324.16</dst>
            <dst id="WASHng">10347.096</dst>
        </src>
        <src id="DNVRng">
            <dst id="ATLA-M5">357.568</dst>
            <dst id="ATLAng">3325.416</dst>
            <dst id="CHINng">29320.296</dst>
            <dst id="DNVRng">4733.552</dst>
            <dst id="HSTNng">7884.13333333333</dst>
            <dst id="IPLSng">11755.8693333333</dst>
            <dst id="KSCYng">7172.744</dst>
            <dst id="LOSAng">13447.3626666667</dst>
            <dst id="NYCMng">15091.9333333333</dst>
            <dst id="SNVAng">10208.912</dst>
            <dst id="STTLng">14474.856</dst>
            <dst id="WASHng">14912.6373333333</dst>
        </src>
        <src id="HSTNng">
            <dst id="ATLA-M5">2089.336</dst>
            <dst id="ATLAng">5660.72266666667</dst>
            <dst id="CHINng">39565.8106666667</dst>
            <dst id="DNVRng">4451.21333333333</dst>
            <dst id="HSTNng">15094.792</dst>
            <dst id="IPLSng">11862.0186666667</dst>
            <dst id="KSCYng">5115.84266666667</dst>
            <dst id="LOSAng">10707.816</dst>
            <dst id="NYCMng">7424.24533333333</dst>
            <dst id="SNVAng">1921.57066666667</dst>
            <dst id="STTLng">4767.65866666667</dst>
            <dst id="WASHng">7361.88266666667</dst>
        </src>
        <src id="IPLSng">
            <dst id="ATLA-M5">1659.00266666667</dst>
            <dst id="ATLAng">20604.856</dst>
            <dst id="CHINng">98272.4586666667</dst>
            <dst id="DNVRng">14985.1573333333</dst>
            <dst id="HSTNng">10826.3226666667</dst>
            <dst id="IPLSng">25747.3546666667</dst>
            <dst id="KSCYng">15607.0186666667</dst>
            <dst id="LOSAng">27118.7093333333</dst>
            <dst id="NYCMng">28836.3066666667</dst>
            <dst id="SNVAng">3354.99466666667</dst>
            <dst id="STTLng">10554.0853333333</dst>
            <dst id="WASHng">33372.3866666667</dst>
        </src>
        <src id="KSCYng">
            <dst id="ATLA-M5">358.749333333333</dst>
            <dst id="ATLAng">9302.53866666667</dst>
            <dst id="CHINng">41901.16</dst>
            <dst id="DNVRng">9858.44533333333</dst>
            <dst id="HSTNng">6872.57333333333</dst>
            <dst id="IPLSng">13175.528</dst>
            <dst id="KSCYng">6771.13866666667</dst>
            <dst id="LOSAng">12741.0453333333</dst>
            <dst id="NYCMng">14006.8533333333</dst>
            <dst id="SNVAng">1211.608</dst>
            <dst id="STTLng">2735.296</dst>
            <dst id="WASHng">19338.6186666667</dst>
        </src>
        <src id="LOSAng">
            <dst id="ATLA-M5">398.722666666667</dst>
            <dst id="ATLAng">37326.7653333333</dst>
            <dst id="CHINng">94386.048</dst>
            <dst id="DNVRng">9742.568</dst>
            <dst id="HSTNng">13576.632</dst>
            <dst id="IPLSng">51259.7493333333</dst>
            <dst id="KSCYng">11517.1706666667</dst>
            <dst id="LOSAng">16585.1706666667</dst>
            <dst id="NYCMng">60696.8666666667</dst>
            <dst id="SNVAng">2239.93333333333</dst>
            <dst id="STTLng">30701.0106666667</dst>
            <dst id="WASHng">69801.8933333333</dst>
        </src>
        <src id="NYCMng">
            <dst id="ATLA-M5">3925.90933333333</dst>
            <dst id="ATLAng">48349.8986666667</dst>
            <dst id="CHINng">78302.9786666666</dst>
            <dst id="DNVRng">22362.6666666667</dst>
            <dst id="HSTNng">46209.7626666667</dst>
            <dst id="IPLSng">74945.8506666667</dst>
            <dst id="KSCYng">23903.6213333333</dst>
            <dst id="LOSAng">76333.1226666667</dst>
            <dst id="NYCMng">134092.042666667</dst>
            <dst id="SNVAng">8194.36</dst>
            <dst id="STTLng">29715.8533333333</dst>
            <dst id="WASHng">95508.4826666666</dst>
        </src>
        <src id="SNVAng">
            <dst id="ATLA-M5">409.72</dst>
            <dst id="ATLAng">594.976</dst>
            <dst id="CHINng">5700.69066666667</dst>
            <dst id="DNVRng">9173.73333333333</dst>
            <dst id="HSTNng">1804.47733333333</dst>
            <dst id="IPLSng">5279.28</dst>
            <dst id="KSCYng">939.064</dst>
            <dst id="LOSAng">3449.94133333333</dst>
            <dst id="NYCMng">2657.672</dst>
            <dst id="SNVAng">490.405333333333</dst>
            <dst id="STTLng">3404.65066666667</dst>
            <dst id="WASHng">2370.088</dst>
        </src>
        <src id="STTLng">
            <dst id="ATLA-M5">733.533333333333</dst>
            <dst id="ATLAng">16210.8053333333</dst>
            <dst id="CHINng">44692.7626666667</dst>
            <dst id="DNVRng">5195.472</dst>
            <dst id="HSTNng">4297.47733333333</dst>
            <dst id="IPLSng">11594.0666666667</dst>
            <dst id="KSCYng">7071.81066666667</dst>
            <dst id="LOSAng">20912.168</dst>
            <dst id="NYCMng">17474.6</dst>
            <dst id="SNVAng">4881.072</dst>
            <dst id="STTLng">15835.7546666667</dst>
            <dst id="WASHng">12223.7813333333</dst>
        </src>
        <src id="WASHng">
            <dst id="ATLA-M5">2259.98666666667</dst>
            <dst id="ATLAng">78392.024</dst>
            <dst id="CHINng">86068.5866666667</dst>
            <dst id="DNVRng">38436.1413333333</dst>
            <dst id="HSTNng">22192.616</dst>
            <dst id="IPLSng">54538.704</dst>
            <dst id="KSCYng">27627.248</dst>
            <dst id="LOSAng">84773.5546666666</dst>
            <dst id="NYCMng">208646.816</dst>
            <dst id="SNVAng">3114.52266666667</dst>
            <dst id="STTLng">41111.768</dst>
            <dst id="WASHng">178046.456</dst>
        </src>
    </IntraTM>
</TrafficMatrixFile>
