<?xml version="1.0" encoding="ISO-8859-1" standalone="yes"?>
<TrafficMatrixFile xsi:noNamespaceSchemaLocation="http://totem.run.montefiore.ulg.ac.be/Schema/TrafficMatrix-v1_2.xsd" xmlns:xsi="http://www.w3.org/2001/XMLSchema-instance">
    <IntraTM ASID="11537">
        <src id="ATLA-M5">
            <dst id="ATLA-M5">0</dst>
            <dst id="ATLAng">597.573333333333</dst>
            <dst id="CHINng">4947.37866666667</dst>
            <dst id="DNVRng">546.066666666667</dst>
            <dst id="HSTNng">290.88</dst>
            <dst id="IPLSng">2489.33066666667</dst>
            <dst id="KSCYng">217.106666666667</dst>
            <dst id="LOSAng">382.602666666667</dst>
            <dst id="NYCMng">584.738666666667</dst>
            <dst id="SNVAng">168.165333333333</dst>
            <dst id="STTLng">205.168</dst>
            <dst id="WASHng">2253.47466666667</dst>
        </src>
        <src id="ATLAng">
            <dst id="ATLA-M5">862.021333333333</dst>
            <dst id="ATLAng">19947.6693333333</dst>
            <dst id="CHINng">34406.8933333333</dst>
            <dst id="DNVRng">7534.36266666667</dst>
            <dst id="HSTNng">6172.84266666667</dst>
            <dst id="IPLSng">26099.1093333333</dst>
            <dst id="KSCYng">7057.95466666667</dst>
            <dst id="LOSAng">24140.9733333333</dst>
            <dst id="NYCMng">22555.0906666667</dst>
            <dst id="SNVAng">831.893333333333</dst>
            <dst id="STTLng">9349.37866666667</dst>
            <dst id="WASHng">60253.6106666667</dst>
        </src>
        <src id="CHINng">
            <dst id="ATLA-M5">1098.40266666667</dst>
            <dst id="ATLAng">12454.1706666667</dst>
            <dst id="CHINng">37192.6613333333</dst>
            <dst id="DNVRng">13828.736</dst>
            <dst id="HSTNng">17723.072</dst>
            <dst id="IPLSng">24983.2293333333</dst>
            <dst id="KSCYng">12951.36</dst>
            <dst id="LOSAng">37901.4666666667</dst>
            <dst id="NYCMng">4428.31466666667</dst>
            <dst id="SNVAng">4888.08266666667</dst>
            <dst id="STTLng">8297.73866666667</dst>
            <dst id="WASHng">13885.5813333333</dst>
        </src>
        <src id="DNVRng">
            <dst id="ATLA-M5">581.912</dst>
            <dst id="ATLAng">8048.87466666667</dst>
            <dst id="CHINng">55309</dst>
            <dst id="DNVRng">28503.9413333333</dst>
            <dst id="HSTNng">14519.2826666667</dst>
            <dst id="IPLSng">32746.968</dst>
            <dst id="KSCYng">21586.928</dst>
            <dst id="LOSAng">14907.928</dst>
            <dst id="NYCMng">32137.112</dst>
            <dst id="SNVAng">13002.6826666667</dst>
            <dst id="STTLng">17101.92</dst>
            <dst id="WASHng">58904.3706666667</dst>
        </src>
        <src id="HSTNng">
            <dst id="ATLA-M5">1385.53866666667</dst>
            <dst id="ATLAng">7568.296</dst>
            <dst id="CHINng">37865.9786666667</dst>
            <dst id="DNVRng">4581.784</dst>
            <dst id="HSTNng">13002.184</dst>
            <dst id="IPLSng">14203.9333333333</dst>
            <dst id="KSCYng">5195.66666666667</dst>
            <dst id="LOSAng">106646.298666667</dst>
            <dst id="NYCMng">5923.89066666666</dst>
            <dst id="SNVAng">1952.72</dst>
            <dst id="STTLng">2797.94133333333</dst>
            <dst id="WASHng">10766.5226666667</dst>
        </src>
        <src id="IPLSng">
            <dst id="ATLA-M5">1094.91466666667</dst>
            <dst id="ATLAng">18626.0933333333</dst>
            <dst id="CHINng">87902.9493333333</dst>
            <dst id="DNVRng">28616.264</dst>
            <dst id="HSTNng">8011.88266666667</dst>
            <dst id="IPLSng">21139.7333333333</dst>
            <dst id="KSCYng">16367.7226666667</dst>
            <dst id="LOSAng">100680.437333333</dst>
            <dst id="NYCMng">53878.9066666667</dst>
            <dst id="SNVAng">3589.81066666667</dst>
            <dst id="STTLng">13687.2773333333</dst>
            <dst id="WASHng">39430.072</dst>
        </src>
        <src id="KSCYng">
            <dst id="ATLA-M5">1252.056</dst>
            <dst id="ATLAng">7163.51733333333</dst>
            <dst id="CHINng">30603.5653333333</dst>
            <dst id="DNVRng">10883.192</dst>
            <dst id="HSTNng">5781.376</dst>
            <dst id="IPLSng">15038.9706666667</dst>
            <dst id="KSCYng">7040.83733333333</dst>
            <dst id="LOSAng">6331.97866666667</dst>
            <dst id="NYCMng">12197.92</dst>
            <dst id="SNVAng">1655.35466666667</dst>
            <dst id="STTLng">6422.23733333333</dst>
            <dst id="WASHng">14965.84</dst>
        </src>
        <src id="LOSAng">
            <dst id="ATLA-M5">702.466666666667</dst>
            <dst id="ATLAng">25131.5546666667</dst>
            <dst id="CHINng">119338.168</dst>
            <dst id="DNVRng">17719.9733333333</dst>
            <dst id="HSTNng">11922.136</dst>
            <dst id="IPLSng">48086.9546666667</dst>
            <dst id="KSCYng">11948.7493333333</dst>
            <dst id="LOSAng">34119.8613333333</dst>
            <dst id="NYCMng">67322.6586666667</dst>
            <dst id="SNVAng">19756.5386666667</dst>
            <dst id="STTLng">34746.544</dst>
            <dst id="WASHng">58520.3493333333</dst>
        </src>
        <src id="NYCMng">
            <dst id="ATLA-M5">5378.808</dst>
            <dst id="ATLAng">49406.1413333333</dst>
            <dst id="CHINng">81670.2026666667</dst>
            <dst id="DNVRng">44469.5173333333</dst>
            <dst id="HSTNng">37733.2266666667</dst>
            <dst id="IPLSng">65379.7093333333</dst>
            <dst id="KSCYng">28240.7813333333</dst>
            <dst id="LOSAng">88421.88</dst>
            <dst id="NYCMng">121102.930666667</dst>
            <dst id="SNVAng">9859.32266666667</dst>
            <dst id="STTLng">39158.4053333333</dst>
            <dst id="WASHng">97133.96</dst>
        </src>
        <src id="SNVAng">
            <dst id="ATLA-M5">184.296</dst>
            <dst id="ATLAng">944.152</dst>
            <dst id="CHINng">5248.29866666667</dst>
            <dst id="DNVRng">8073.224</dst>
            <dst id="HSTNng">1160.52</dst>
            <dst id="IPLSng">2876.15733333333</dst>
            <dst id="KSCYng">974.333333333333</dst>
            <dst id="LOSAng">41561.8213333333</dst>
            <dst id="NYCMng">3205.71466666667</dst>
            <dst id="SNVAng">16500.3946666667</dst>
            <dst id="STTLng">77077.744</dst>
            <dst id="WASHng">2250.608</dst>
        </src>
        <src id="STTLng">
            <dst id="ATLA-M5">131.293333333333</dst>
            <dst id="ATLAng">10540.1493333333</dst>
            <dst id="CHINng">50451.2746666667</dst>
            <dst id="DNVRng">6046.83466666667</dst>
            <dst id="HSTNng">5095.01066666667</dst>
            <dst id="IPLSng">14385.76</dst>
            <dst id="KSCYng">7684.512</dst>
            <dst id="LOSAng">32217.24</dst>
            <dst id="NYCMng">24282.9813333333</dst>
            <dst id="SNVAng">7390.66133333333</dst>
            <dst id="STTLng">18406.016</dst>
            <dst id="WASHng">14031.8693333333</dst>
        </src>
        <src id="WASHng">
            <dst id="ATLA-M5">3984.23733333333</dst>
            <dst id="ATLAng">166249.557333333</dst>
            <dst id="CHINng">104480.277333333</dst>
            <dst id="DNVRng">51506.2533333333</dst>
            <dst id="HSTNng">20841.672</dst>
            <dst id="IPLSng">72471.8133333333</dst>
            <dst id="KSCYng">13405.6053333333</dst>
            <dst id="LOSAng">66838.4266666667</dst>
            <dst id="NYCMng">217840.810666667</dst>
            <dst id="SNVAng">13718.8666666667</dst>
            <dst id="STTLng">33318.792</dst>
            <dst id="WASHng">236935.693333333</dst>
        </src>
    </IntraTM>
</TrafficMatrixFile>
