<?xml version="1.0" encoding="ISO-8859-1" standalone="yes"?>
<TrafficMatrixFile xsi:noNamespaceSchemaLocation="http://totem.run.montefiore.ulg.ac.be/Schema/TrafficMatrix-v1_2.xsd" xmlns:xsi="http://www.w3.org/2001/XMLSchema-instance">
    <IntraTM ASID="11537">
        <src id="ATLA-M5">
            <dst id="ATLA-M5">757.962666666667</dst>
            <dst id="ATLAng">310.874666666667</dst>
            <dst id="CHINng">630.122666666667</dst>
            <dst id="DNVRng">247.445333333333</dst>
            <dst id="HSTNng">482.853333333333</dst>
            <dst id="IPLSng">842.757333333333</dst>
            <dst id="KSCYng">753.418666666667</dst>
            <dst id="LOSAng">265.405333333333</dst>
            <dst id="NYCMng">4168.79733333333</dst>
            <dst id="SNVAng">0</dst>
            <dst id="STTLng">343.594666666667</dst>
            <dst id="WASHng">5047.34666666667</dst>
        </src>
        <src id="ATLAng">
            <dst id="ATLA-M5">954.08</dst>
            <dst id="ATLAng">27587.72</dst>
            <dst id="CHINng">17342.0346666667</dst>
            <dst id="DNVRng">16886.0293333333</dst>
            <dst id="HSTNng">8157.53066666667</dst>
            <dst id="IPLSng">22272.608</dst>
            <dst id="KSCYng">19104.688</dst>
            <dst id="LOSAng">15095.456</dst>
            <dst id="NYCMng">18827.4826666667</dst>
            <dst id="SNVAng">1976.45333333333</dst>
            <dst id="STTLng">8972.55466666667</dst>
            <dst id="WASHng">100031.605333333</dst>
        </src>
        <src id="CHINng">
            <dst id="ATLA-M5">852.528</dst>
            <dst id="ATLAng">20671.4826666667</dst>
            <dst id="CHINng">90495.5866666667</dst>
            <dst id="DNVRng">14136.552</dst>
            <dst id="HSTNng">13124.744</dst>
            <dst id="IPLSng">42550.008</dst>
            <dst id="KSCYng">7798.32</dst>
            <dst id="LOSAng">12417.3386666667</dst>
            <dst id="NYCMng">12778.024</dst>
            <dst id="SNVAng">2070.65866666667</dst>
            <dst id="STTLng">6142.78933333333</dst>
            <dst id="WASHng">29661.104</dst>
        </src>
        <src id="DNVRng">
            <dst id="ATLA-M5">318.504</dst>
            <dst id="ATLAng">9619.35733333333</dst>
            <dst id="CHINng">55840.5786666666</dst>
            <dst id="DNVRng">10134.656</dst>
            <dst id="HSTNng">8769.91466666667</dst>
            <dst id="IPLSng">26082.3706666667</dst>
            <dst id="KSCYng">17327.5973333333</dst>
            <dst id="LOSAng">8287.872</dst>
            <dst id="NYCMng">19482.7813333333</dst>
            <dst id="SNVAng">16056.368</dst>
            <dst id="STTLng">12346.184</dst>
            <dst id="WASHng">15296.92</dst>
        </src>
        <src id="HSTNng">
            <dst id="ATLA-M5">1452.64</dst>
            <dst id="ATLAng">4615.832</dst>
            <dst id="CHINng">27691.624</dst>
            <dst id="DNVRng">4637.06933333333</dst>
            <dst id="HSTNng">11748.528</dst>
            <dst id="IPLSng">11539.9253333333</dst>
            <dst id="KSCYng">4814.39733333333</dst>
            <dst id="LOSAng">13299.0106666667</dst>
            <dst id="NYCMng">15144.3546666667</dst>
            <dst id="SNVAng">1829.91466666667</dst>
            <dst id="STTLng">1691.888</dst>
            <dst id="WASHng">13152.6666666667</dst>
        </src>
        <src id="IPLSng">
            <dst id="ATLA-M5">756.752</dst>
            <dst id="ATLAng">21883.5493333333</dst>
            <dst id="CHINng">149774.010666667</dst>
            <dst id="DNVRng">16808.5386666667</dst>
            <dst id="HSTNng">12250.8906666667</dst>
            <dst id="IPLSng">34615.6426666667</dst>
            <dst id="KSCYng">21860.7626666667</dst>
            <dst id="LOSAng">34270.744</dst>
            <dst id="NYCMng">36048.7653333333</dst>
            <dst id="SNVAng">5092.51466666667</dst>
            <dst id="STTLng">12496.136</dst>
            <dst id="WASHng">42943.2826666667</dst>
        </src>
        <src id="KSCYng">
            <dst id="ATLA-M5">438.098666666667</dst>
            <dst id="ATLAng">17854.2346666667</dst>
            <dst id="CHINng">39733.248</dst>
            <dst id="DNVRng">5688.47466666667</dst>
            <dst id="HSTNng">6414.54666666667</dst>
            <dst id="IPLSng">16832.9786666667</dst>
            <dst id="KSCYng">7186.432</dst>
            <dst id="LOSAng">3769.25066666667</dst>
            <dst id="NYCMng">11299.9546666667</dst>
            <dst id="SNVAng">1364.37866666667</dst>
            <dst id="STTLng">2606.91466666667</dst>
            <dst id="WASHng">13153.848</dst>
        </src>
        <src id="LOSAng">
            <dst id="ATLA-M5">794.762666666667</dst>
            <dst id="ATLAng">48503.1946666667</dst>
            <dst id="CHINng">156775.341333333</dst>
            <dst id="DNVRng">7643.03733333333</dst>
            <dst id="HSTNng">20191.9866666667</dst>
            <dst id="IPLSng">36342.0026666667</dst>
            <dst id="KSCYng">13312.264</dst>
            <dst id="LOSAng">8759.15733333333</dst>
            <dst id="NYCMng">55241.7786666667</dst>
            <dst id="SNVAng">6104.93066666667</dst>
            <dst id="STTLng">22054.9946666667</dst>
            <dst id="WASHng">65266.448</dst>
        </src>
        <src id="NYCMng">
            <dst id="ATLA-M5">5367.87733333333</dst>
            <dst id="ATLAng">60943.2746666667</dst>
            <dst id="CHINng">108900.778666667</dst>
            <dst id="DNVRng">21695.88</dst>
            <dst id="HSTNng">41390.3573333333</dst>
            <dst id="IPLSng">82976.04</dst>
            <dst id="KSCYng">26588.8213333333</dst>
            <dst id="LOSAng">61336.5013333333</dst>
            <dst id="NYCMng">180263.301333333</dst>
            <dst id="SNVAng">6680.056</dst>
            <dst id="STTLng">22325.4426666667</dst>
            <dst id="WASHng">111286.8</dst>
        </src>
        <src id="SNVAng">
            <dst id="ATLA-M5">115.992</dst>
            <dst id="ATLAng">1208.91466666667</dst>
            <dst id="CHINng">7628.18666666667</dst>
            <dst id="DNVRng">8524.59466666667</dst>
            <dst id="HSTNng">1170.664</dst>
            <dst id="IPLSng">3471.95466666667</dst>
            <dst id="KSCYng">2989.21333333333</dst>
            <dst id="LOSAng">8375.01333333333</dst>
            <dst id="NYCMng">4683.22933333333</dst>
            <dst id="SNVAng">1104.84</dst>
            <dst id="STTLng">2359.53333333333</dst>
            <dst id="WASHng">5522.872</dst>
        </src>
        <src id="STTLng">
            <dst id="ATLA-M5">578.48</dst>
            <dst id="ATLAng">25068.5573333333</dst>
            <dst id="CHINng">83424.9946666667</dst>
            <dst id="DNVRng">5612.24266666667</dst>
            <dst id="HSTNng">3613.18666666667</dst>
            <dst id="IPLSng">33957.904</dst>
            <dst id="KSCYng">5314.63466666667</dst>
            <dst id="LOSAng">22004.4186666667</dst>
            <dst id="NYCMng">23648.808</dst>
            <dst id="SNVAng">7152.472</dst>
            <dst id="STTLng">5912.352</dst>
            <dst id="WASHng">19066.1253333333</dst>
        </src>
        <src id="WASHng">
            <dst id="ATLA-M5">2199.28266666667</dst>
            <dst id="ATLAng">114513.909333333</dst>
            <dst id="CHINng">107005.544</dst>
            <dst id="DNVRng">44328.816</dst>
            <dst id="HSTNng">32078.104</dst>
            <dst id="IPLSng">77994.52</dst>
            <dst id="KSCYng">17633.1013333333</dst>
            <dst id="LOSAng">92659.7973333333</dst>
            <dst id="NYCMng">202386.605333333</dst>
            <dst id="SNVAng">7064.08266666667</dst>
            <dst id="STTLng">26951.9946666667</dst>
            <dst id="WASHng">359397.76</dst>
        </src>
    </IntraTM>
</TrafficMatrixFile>
