<?xml version="1.0" encoding="ISO-8859-1" standalone="yes"?>
<TrafficMatrixFile xsi:noNamespaceSchemaLocation="http://totem.run.montefiore.ulg.ac.be/Schema/TrafficMatrix-v1_2.xsd" xmlns:xsi="http://www.w3.org/2001/XMLSchema-instance">
    <IntraTM ASID="11537">
        <src id="ATLA-M5">
            <dst id="ATLA-M5">1732.95733333333</dst>
            <dst id="ATLAng">2761.944</dst>
            <dst id="CHINng">2870.82666666667</dst>
            <dst id="DNVRng">324.770666666667</dst>
            <dst id="HSTNng">2197.24533333333</dst>
            <dst id="IPLSng">3068.89066666667</dst>
            <dst id="KSCYng">902.776</dst>
            <dst id="LOSAng">721.205333333333</dst>
            <dst id="NYCMng">1373.89066666667</dst>
            <dst id="SNVAng">88.6826666666667</dst>
            <dst id="STTLng">198.336</dst>
            <dst id="WASHng">2047.78133333333</dst>
        </src>
        <src id="ATLAng">
            <dst id="ATLA-M5">637.728</dst>
            <dst id="ATLAng">41674.7626666667</dst>
            <dst id="CHINng">32219.264</dst>
            <dst id="DNVRng">10134.032</dst>
            <dst id="HSTNng">9376.07733333334</dst>
            <dst id="IPLSng">20875.52</dst>
            <dst id="KSCYng">5823.408</dst>
            <dst id="LOSAng">18897.6373333333</dst>
            <dst id="NYCMng">31694.7946666667</dst>
            <dst id="SNVAng">1067.54133333333</dst>
            <dst id="STTLng">8614.33333333333</dst>
            <dst id="WASHng">44585.768</dst>
        </src>
        <src id="CHINng">
            <dst id="ATLA-M5">225.677333333333</dst>
            <dst id="ATLAng">15748.8426666667</dst>
            <dst id="CHINng">43436.7946666667</dst>
            <dst id="DNVRng">13876.608</dst>
            <dst id="HSTNng">26963.6186666667</dst>
            <dst id="IPLSng">37889.2506666667</dst>
            <dst id="KSCYng">7645.15733333333</dst>
            <dst id="LOSAng">34393.088</dst>
            <dst id="NYCMng">4037.496</dst>
            <dst id="SNVAng">3096.21866666667</dst>
            <dst id="STTLng">9584.39466666667</dst>
            <dst id="WASHng">15566.6026666667</dst>
        </src>
        <src id="DNVRng">
            <dst id="ATLA-M5">222.181333333333</dst>
            <dst id="ATLAng">4967.02666666667</dst>
            <dst id="CHINng">42732.5413333333</dst>
            <dst id="DNVRng">9029.79466666666</dst>
            <dst id="HSTNng">5296.82133333333</dst>
            <dst id="IPLSng">12503.5066666667</dst>
            <dst id="KSCYng">19912.104</dst>
            <dst id="LOSAng">18945.5466666667</dst>
            <dst id="NYCMng">19991.6453333333</dst>
            <dst id="SNVAng">19953.2693333333</dst>
            <dst id="STTLng">20137.1946666667</dst>
            <dst id="WASHng">18400.128</dst>
        </src>
        <src id="HSTNng">
            <dst id="ATLA-M5">428.218666666667</dst>
            <dst id="ATLAng">3541.26133333333</dst>
            <dst id="CHINng">19233.2773333333</dst>
            <dst id="DNVRng">6174.04</dst>
            <dst id="HSTNng">8606.128</dst>
            <dst id="IPLSng">11495.8746666667</dst>
            <dst id="KSCYng">3226.288</dst>
            <dst id="LOSAng">153290.997333333</dst>
            <dst id="NYCMng">11505.912</dst>
            <dst id="SNVAng">1500.816</dst>
            <dst id="STTLng">2613.304</dst>
            <dst id="WASHng">10181.4853333333</dst>
        </src>
        <src id="IPLSng">
            <dst id="ATLA-M5">250.392</dst>
            <dst id="ATLAng">13122.728</dst>
            <dst id="CHINng">81377.552</dst>
            <dst id="DNVRng">11686.9333333333</dst>
            <dst id="HSTNng">7286.144</dst>
            <dst id="IPLSng">34966.6373333333</dst>
            <dst id="KSCYng">14819.1733333333</dst>
            <dst id="LOSAng">20466.2</dst>
            <dst id="NYCMng">24409.5546666667</dst>
            <dst id="SNVAng">5205.59466666667</dst>
            <dst id="STTLng">14717.128</dst>
            <dst id="WASHng">39892.2373333333</dst>
        </src>
        <src id="KSCYng">
            <dst id="ATLA-M5">337.597333333333</dst>
            <dst id="ATLAng">6703.75733333333</dst>
            <dst id="CHINng">36056.296</dst>
            <dst id="DNVRng">11621.2293333333</dst>
            <dst id="HSTNng">5187.93333333333</dst>
            <dst id="IPLSng">15974.184</dst>
            <dst id="KSCYng">4750.94933333333</dst>
            <dst id="LOSAng">7628.09066666667</dst>
            <dst id="NYCMng">9202.93333333333</dst>
            <dst id="SNVAng">3032.56</dst>
            <dst id="STTLng">3779.176</dst>
            <dst id="WASHng">13810.5253333333</dst>
        </src>
        <src id="LOSAng">
            <dst id="ATLA-M5">811.554666666667</dst>
            <dst id="ATLAng">15784.8693333333</dst>
            <dst id="CHINng">72342.6</dst>
            <dst id="DNVRng">12684.264</dst>
            <dst id="HSTNng">14751.912</dst>
            <dst id="IPLSng">41741.9626666667</dst>
            <dst id="KSCYng">8920.17333333333</dst>
            <dst id="LOSAng">15439.0533333333</dst>
            <dst id="NYCMng">57939.448</dst>
            <dst id="SNVAng">4740.032</dst>
            <dst id="STTLng">28566.7466666667</dst>
            <dst id="WASHng">87193.624</dst>
        </src>
        <src id="NYCMng">
            <dst id="ATLA-M5">2418.45333333333</dst>
            <dst id="ATLAng">46047.7306666667</dst>
            <dst id="CHINng">75522.2453333333</dst>
            <dst id="DNVRng">20792.4</dst>
            <dst id="HSTNng">47632.952</dst>
            <dst id="IPLSng">72172.52</dst>
            <dst id="KSCYng">22261.232</dst>
            <dst id="LOSAng">73775.632</dst>
            <dst id="NYCMng">140808.530666667</dst>
            <dst id="SNVAng">11509.92</dst>
            <dst id="STTLng">31950.6106666667</dst>
            <dst id="WASHng">113692.570666667</dst>
        </src>
        <src id="SNVAng">
            <dst id="ATLA-M5">0</dst>
            <dst id="ATLAng">1322.08533333333</dst>
            <dst id="CHINng">4040.72266666667</dst>
            <dst id="DNVRng">12767.6426666667</dst>
            <dst id="HSTNng">1905.65066666667</dst>
            <dst id="IPLSng">2961.62933333333</dst>
            <dst id="KSCYng">948.445333333333</dst>
            <dst id="LOSAng">2486.69333333333</dst>
            <dst id="NYCMng">2973.25066666667</dst>
            <dst id="SNVAng">553.477333333333</dst>
            <dst id="STTLng">4803.67466666667</dst>
            <dst id="WASHng">2449.91733333333</dst>
        </src>
        <src id="STTLng">
            <dst id="ATLA-M5">243.965333333333</dst>
            <dst id="ATLAng">16789.984</dst>
            <dst id="CHINng">47101.4853333333</dst>
            <dst id="DNVRng">7322.11733333333</dst>
            <dst id="HSTNng">5219.8</dst>
            <dst id="IPLSng">12609.68</dst>
            <dst id="KSCYng">6166.088</dst>
            <dst id="LOSAng">21264.9946666667</dst>
            <dst id="NYCMng">29001.4773333333</dst>
            <dst id="SNVAng">2590.37866666667</dst>
            <dst id="STTLng">6403.86666666667</dst>
            <dst id="WASHng">10029.7573333333</dst>
        </src>
        <src id="WASHng">
            <dst id="ATLA-M5">3077.37066666667</dst>
            <dst id="ATLAng">141436.229333333</dst>
            <dst id="CHINng">91659.6213333333</dst>
            <dst id="DNVRng">41853.112</dst>
            <dst id="HSTNng">14502.632</dst>
            <dst id="IPLSng">65194.9386666667</dst>
            <dst id="KSCYng">15520.2826666667</dst>
            <dst id="LOSAng">45758.2773333333</dst>
            <dst id="NYCMng">176244.618666667</dst>
            <dst id="SNVAng">8801.648</dst>
            <dst id="STTLng">31107.2133333333</dst>
            <dst id="WASHng">150875.909333333</dst>
        </src>
    </IntraTM>
</TrafficMatrixFile>
