<?xml version="1.0" encoding="ISO-8859-1" standalone="yes"?>
<TrafficMatrixFile xsi:noNamespaceSchemaLocation="http://totem.run.montefiore.ulg.ac.be/Schema/TrafficMatrix-v1_2.xsd" xmlns:xsi="http://www.w3.org/2001/XMLSchema-instance">
    <IntraTM ASID="11537">
        <src id="ATLA-M5">
            <dst id="ATLA-M5">26.6666666666667</dst>
            <dst id="ATLAng">237.045333333333</dst>
            <dst id="CHINng">1200.504</dst>
            <dst id="DNVRng">121.466666666667</dst>
            <dst id="HSTNng">131.426666666667</dst>
            <dst id="IPLSng">297.173333333333</dst>
            <dst id="KSCYng">206.2</dst>
            <dst id="LOSAng">1629.25066666667</dst>
            <dst id="NYCMng">1456.21866666667</dst>
            <dst id="SNVAng">332.181333333333</dst>
            <dst id="STTLng">399.08</dst>
            <dst id="WASHng">5888.64533333333</dst>
        </src>
        <src id="ATLAng">
            <dst id="ATLA-M5">175.56</dst>
            <dst id="ATLAng">19669.9733333333</dst>
            <dst id="CHINng">20639.6106666667</dst>
            <dst id="DNVRng">6455.82933333334</dst>
            <dst id="HSTNng">2060.80266666667</dst>
            <dst id="IPLSng">17772.5813333333</dst>
            <dst id="KSCYng">3533.48</dst>
            <dst id="LOSAng">13146.8266666667</dst>
            <dst id="NYCMng">10458.6213333333</dst>
            <dst id="SNVAng">1075.37866666667</dst>
            <dst id="STTLng">6338.31733333333</dst>
            <dst id="WASHng">97669.256</dst>
        </src>
        <src id="CHINng">
            <dst id="ATLA-M5">245.608</dst>
            <dst id="ATLAng">11991.8613333333</dst>
            <dst id="CHINng">45499.128</dst>
            <dst id="DNVRng">17745.9626666667</dst>
            <dst id="HSTNng">5982.34666666667</dst>
            <dst id="IPLSng">24248.0293333333</dst>
            <dst id="KSCYng">9112.38133333333</dst>
            <dst id="LOSAng">35614.256</dst>
            <dst id="NYCMng">9735.008</dst>
            <dst id="SNVAng">3014.832</dst>
            <dst id="STTLng">9091.4</dst>
            <dst id="WASHng">13842.776</dst>
        </src>
        <src id="DNVRng">
            <dst id="ATLA-M5">136.544</dst>
            <dst id="ATLAng">6476.96</dst>
            <dst id="CHINng">68741.904</dst>
            <dst id="DNVRng">24607.4906666667</dst>
            <dst id="HSTNng">14874.224</dst>
            <dst id="IPLSng">32544.6906666667</dst>
            <dst id="KSCYng">20676.5466666667</dst>
            <dst id="LOSAng">9867.18666666667</dst>
            <dst id="NYCMng">18314.5386666667</dst>
            <dst id="SNVAng">12445.9386666667</dst>
            <dst id="STTLng">11020.2293333333</dst>
            <dst id="WASHng">62431.3493333333</dst>
        </src>
        <src id="HSTNng">
            <dst id="ATLA-M5">630.096</dst>
            <dst id="ATLAng">3537.72266666667</dst>
            <dst id="CHINng">55833.8853333333</dst>
            <dst id="DNVRng">4140.25866666667</dst>
            <dst id="HSTNng">7870.30666666667</dst>
            <dst id="IPLSng">6775.40266666667</dst>
            <dst id="KSCYng">4155.07733333333</dst>
            <dst id="LOSAng">105503.522666667</dst>
            <dst id="NYCMng">7857.68533333333</dst>
            <dst id="SNVAng">2368.448</dst>
            <dst id="STTLng">1552.64533333333</dst>
            <dst id="WASHng">9044.33066666667</dst>
        </src>
        <src id="IPLSng">
            <dst id="ATLA-M5">248.090666666667</dst>
            <dst id="ATLAng">14767.952</dst>
            <dst id="CHINng">129898.216</dst>
            <dst id="DNVRng">22156.9386666667</dst>
            <dst id="HSTNng">5429.30133333333</dst>
            <dst id="IPLSng">20258.9066666667</dst>
            <dst id="KSCYng">19492.336</dst>
            <dst id="LOSAng">67845.224</dst>
            <dst id="NYCMng">24822.8826666667</dst>
            <dst id="SNVAng">6277.4</dst>
            <dst id="STTLng">16524.3146666667</dst>
            <dst id="WASHng">36358.592</dst>
        </src>
        <src id="KSCYng">
            <dst id="ATLA-M5">413.362666666667</dst>
            <dst id="ATLAng">4064.09066666667</dst>
            <dst id="CHINng">33404.224</dst>
            <dst id="DNVRng">11829.632</dst>
            <dst id="HSTNng">4219.152</dst>
            <dst id="IPLSng">9564.82666666667</dst>
            <dst id="KSCYng">9701.20266666667</dst>
            <dst id="LOSAng">9294.75466666667</dst>
            <dst id="NYCMng">8907.33333333334</dst>
            <dst id="SNVAng">2429.44</dst>
            <dst id="STTLng">3491.86666666667</dst>
            <dst id="WASHng">11270.9893333333</dst>
        </src>
        <src id="LOSAng">
            <dst id="ATLA-M5">908.6</dst>
            <dst id="ATLAng">18029.9306666667</dst>
            <dst id="CHINng">190607.029333333</dst>
            <dst id="DNVRng">16152.7626666667</dst>
            <dst id="HSTNng">18719.2106666667</dst>
            <dst id="IPLSng">36090.448</dst>
            <dst id="KSCYng">10531.0906666667</dst>
            <dst id="LOSAng">21808.688</dst>
            <dst id="NYCMng">53085.0453333333</dst>
            <dst id="SNVAng">17582.8666666667</dst>
            <dst id="STTLng">22698.696</dst>
            <dst id="WASHng">61208.7386666666</dst>
        </src>
        <src id="NYCMng">
            <dst id="ATLA-M5">731.194666666666</dst>
            <dst id="ATLAng">30279.0746666667</dst>
            <dst id="CHINng">64065.6213333333</dst>
            <dst id="DNVRng">33998.9013333333</dst>
            <dst id="HSTNng">39507.3386666667</dst>
            <dst id="IPLSng">44110.2186666667</dst>
            <dst id="KSCYng">20423.7146666667</dst>
            <dst id="LOSAng">78577.408</dst>
            <dst id="NYCMng">140513.597333333</dst>
            <dst id="SNVAng">9105.872</dst>
            <dst id="STTLng">25746.4746666667</dst>
            <dst id="WASHng">79554.3466666667</dst>
        </src>
        <src id="SNVAng">
            <dst id="ATLA-M5">722.138666666667</dst>
            <dst id="ATLAng">373.96</dst>
            <dst id="CHINng">4613.41333333333</dst>
            <dst id="DNVRng">11731.2</dst>
            <dst id="HSTNng">341.144</dst>
            <dst id="IPLSng">1882.4</dst>
            <dst id="KSCYng">703.933333333333</dst>
            <dst id="LOSAng">31896.5573333333</dst>
            <dst id="NYCMng">1696.87466666667</dst>
            <dst id="SNVAng">11761.592</dst>
            <dst id="STTLng">57092.9706666667</dst>
            <dst id="WASHng">979.261333333333</dst>
        </src>
        <src id="STTLng">
            <dst id="ATLA-M5">92.8986666666667</dst>
            <dst id="ATLAng">10156.0426666667</dst>
            <dst id="CHINng">69618.1573333333</dst>
            <dst id="DNVRng">5288.69333333333</dst>
            <dst id="HSTNng">1568.59466666667</dst>
            <dst id="IPLSng">6808.712</dst>
            <dst id="KSCYng">4831.21333333333</dst>
            <dst id="LOSAng">24470.8693333333</dst>
            <dst id="NYCMng">15343.0453333333</dst>
            <dst id="SNVAng">3971.91733333333</dst>
            <dst id="STTLng">14365.3786666667</dst>
            <dst id="WASHng">7296.73066666667</dst>
        </src>
        <src id="WASHng">
            <dst id="ATLA-M5">332.570666666667</dst>
            <dst id="ATLAng">164064.653333333</dst>
            <dst id="CHINng">78982.0986666667</dst>
            <dst id="DNVRng">59625.856</dst>
            <dst id="HSTNng">25560.632</dst>
            <dst id="IPLSng">70112.6186666667</dst>
            <dst id="KSCYng">15663.0613333333</dst>
            <dst id="LOSAng">58452.0186666667</dst>
            <dst id="NYCMng">181977.16</dst>
            <dst id="SNVAng">15813.2213333333</dst>
            <dst id="STTLng">33030.4933333333</dst>
            <dst id="WASHng">353687.84</dst>
        </src>
    </IntraTM>
</TrafficMatrixFile>
