<?xml version="1.0" encoding="ISO-8859-1" standalone="yes"?>
<TrafficMatrixFile xsi:noNamespaceSchemaLocation="http://totem.run.montefiore.ulg.ac.be/Schema/TrafficMatrix-v1_2.xsd" xmlns:xsi="http://www.w3.org/2001/XMLSchema-instance">
    <IntraTM ASID="11537">
        <src id="ATLA-M5">
            <dst id="ATLA-M5">26.6666666666667</dst>
            <dst id="ATLAng">4716.848</dst>
            <dst id="CHINng">3410.77066666667</dst>
            <dst id="DNVRng">143.394666666667</dst>
            <dst id="HSTNng">609.608</dst>
            <dst id="IPLSng">2248.50666666667</dst>
            <dst id="KSCYng">401.037333333333</dst>
            <dst id="LOSAng">4519.6</dst>
            <dst id="NYCMng">2718.632</dst>
            <dst id="SNVAng">162.749333333333</dst>
            <dst id="STTLng">108.277333333333</dst>
            <dst id="WASHng">2070.95733333333</dst>
        </src>
        <src id="ATLAng">
            <dst id="ATLA-M5">1694.50133333333</dst>
            <dst id="ATLAng">88902.6506666667</dst>
            <dst id="CHINng">28035.744</dst>
            <dst id="DNVRng">9446.496</dst>
            <dst id="HSTNng">10063.7653333333</dst>
            <dst id="IPLSng">32868.408</dst>
            <dst id="KSCYng">6529.27466666667</dst>
            <dst id="LOSAng">18466.016</dst>
            <dst id="NYCMng">26078.2053333333</dst>
            <dst id="SNVAng">878.106666666667</dst>
            <dst id="STTLng">8127.37066666667</dst>
            <dst id="WASHng">52821.632</dst>
        </src>
        <src id="CHINng">
            <dst id="ATLA-M5">5666.88266666667</dst>
            <dst id="ATLAng">15485.024</dst>
            <dst id="CHINng">31195.5386666667</dst>
            <dst id="DNVRng">11143.2026666667</dst>
            <dst id="HSTNng">11875.304</dst>
            <dst id="IPLSng">34522.152</dst>
            <dst id="KSCYng">24868.9173333333</dst>
            <dst id="LOSAng">22489.264</dst>
            <dst id="NYCMng">6118.568</dst>
            <dst id="SNVAng">4418.25866666667</dst>
            <dst id="STTLng">7002.10666666667</dst>
            <dst id="WASHng">13774.6186666667</dst>
        </src>
        <src id="DNVRng">
            <dst id="ATLA-M5">469.930666666667</dst>
            <dst id="ATLAng">4388.03466666667</dst>
            <dst id="CHINng">68815.072</dst>
            <dst id="DNVRng">11182.416</dst>
            <dst id="HSTNng">5878.17066666667</dst>
            <dst id="IPLSng">10192.5253333333</dst>
            <dst id="KSCYng">10664.1786666667</dst>
            <dst id="LOSAng">32580.248</dst>
            <dst id="NYCMng">9819.472</dst>
            <dst id="SNVAng">19261.9013333333</dst>
            <dst id="STTLng">13789.544</dst>
            <dst id="WASHng">15150.9173333333</dst>
        </src>
        <src id="HSTNng">
            <dst id="ATLA-M5">814.325333333334</dst>
            <dst id="ATLAng">5334.01066666667</dst>
            <dst id="CHINng">28357.624</dst>
            <dst id="DNVRng">6865.55733333333</dst>
            <dst id="HSTNng">7389.33333333333</dst>
            <dst id="IPLSng">9558.472</dst>
            <dst id="KSCYng">10768.944</dst>
            <dst id="LOSAng">77519.7226666667</dst>
            <dst id="NYCMng">11914.1226666667</dst>
            <dst id="SNVAng">1600.016</dst>
            <dst id="STTLng">2003.59466666667</dst>
            <dst id="WASHng">8183.376</dst>
        </src>
        <src id="IPLSng">
            <dst id="ATLA-M5">5948.29066666667</dst>
            <dst id="ATLAng">30711.9946666667</dst>
            <dst id="CHINng">81622.4266666667</dst>
            <dst id="DNVRng">13588.6026666667</dst>
            <dst id="HSTNng">4964.25866666667</dst>
            <dst id="IPLSng">40222.5493333333</dst>
            <dst id="KSCYng">16041</dst>
            <dst id="LOSAng">23314.3253333333</dst>
            <dst id="NYCMng">36980.656</dst>
            <dst id="SNVAng">7395.344</dst>
            <dst id="STTLng">17983.136</dst>
            <dst id="WASHng">41546.1786666667</dst>
        </src>
        <src id="KSCYng">
            <dst id="ATLA-M5">672.344</dst>
            <dst id="ATLAng">4776.34933333333</dst>
            <dst id="CHINng">31293.5226666667</dst>
            <dst id="DNVRng">12880.0133333333</dst>
            <dst id="HSTNng">3826.456</dst>
            <dst id="IPLSng">15768.3226666667</dst>
            <dst id="KSCYng">7246.33066666666</dst>
            <dst id="LOSAng">6282.664</dst>
            <dst id="NYCMng">7800.85333333333</dst>
            <dst id="SNVAng">1178.24266666667</dst>
            <dst id="STTLng">4235.632</dst>
            <dst id="WASHng">17429.4213333333</dst>
        </src>
        <src id="LOSAng">
            <dst id="ATLA-M5">424.821333333333</dst>
            <dst id="ATLAng">19003.5653333333</dst>
            <dst id="CHINng">83224.0613333333</dst>
            <dst id="DNVRng">17539.1253333333</dst>
            <dst id="HSTNng">8924.36533333333</dst>
            <dst id="IPLSng">39711.0186666667</dst>
            <dst id="KSCYng">10697.4213333333</dst>
            <dst id="LOSAng">20491.8933333333</dst>
            <dst id="NYCMng">52664.472</dst>
            <dst id="SNVAng">10583.832</dst>
            <dst id="STTLng">36196.7546666667</dst>
            <dst id="WASHng">63043.504</dst>
        </src>
        <src id="NYCMng">
            <dst id="ATLA-M5">3643.632</dst>
            <dst id="ATLAng">43155.1786666667</dst>
            <dst id="CHINng">67273.2533333333</dst>
            <dst id="DNVRng">14203.2293333333</dst>
            <dst id="HSTNng">30853.9173333333</dst>
            <dst id="IPLSng">78854.2906666667</dst>
            <dst id="KSCYng">21706.4453333333</dst>
            <dst id="LOSAng">70419.056</dst>
            <dst id="NYCMng">132085.882666667</dst>
            <dst id="SNVAng">8834.92</dst>
            <dst id="STTLng">30506.7413333333</dst>
            <dst id="WASHng">99288.296</dst>
        </src>
        <src id="SNVAng">
            <dst id="ATLA-M5">319.141333333333</dst>
            <dst id="ATLAng">981.88</dst>
            <dst id="CHINng">5089.568</dst>
            <dst id="DNVRng">9084.424</dst>
            <dst id="HSTNng">669.693333333333</dst>
            <dst id="IPLSng">2468.336</dst>
            <dst id="KSCYng">843.378666666667</dst>
            <dst id="LOSAng">3758.704</dst>
            <dst id="NYCMng">6141.65333333333</dst>
            <dst id="SNVAng">676.293333333333</dst>
            <dst id="STTLng">2047.936</dst>
            <dst id="WASHng">1646.08533333333</dst>
        </src>
        <src id="STTLng">
            <dst id="ATLA-M5">111.576</dst>
            <dst id="ATLAng">19333.7893333333</dst>
            <dst id="CHINng">22500.7733333333</dst>
            <dst id="DNVRng">3685.304</dst>
            <dst id="HSTNng">4686.968</dst>
            <dst id="IPLSng">11774.1413333333</dst>
            <dst id="KSCYng">1471.472</dst>
            <dst id="LOSAng">15963.6346666667</dst>
            <dst id="NYCMng">22285.5306666667</dst>
            <dst id="SNVAng">4166.25066666667</dst>
            <dst id="STTLng">4447.072</dst>
            <dst id="WASHng">8633.16</dst>
        </src>
        <src id="WASHng">
            <dst id="ATLA-M5">657.157333333333</dst>
            <dst id="ATLAng">132300.36</dst>
            <dst id="CHINng">99063.3946666667</dst>
            <dst id="DNVRng">36411.632</dst>
            <dst id="HSTNng">10361.288</dst>
            <dst id="IPLSng">69547.9493333333</dst>
            <dst id="KSCYng">34115.128</dst>
            <dst id="LOSAng">74109.032</dst>
            <dst id="NYCMng">137086.872</dst>
            <dst id="SNVAng">5823.72</dst>
            <dst id="STTLng">28624.7626666667</dst>
            <dst id="WASHng">194014.24</dst>
        </src>
    </IntraTM>
</TrafficMatrixFile>
