<?xml version="1.0" encoding="ISO-8859-1" standalone="yes"?>
<TrafficMatrixFile xsi:noNamespaceSchemaLocation="http://totem.run.montefiore.ulg.ac.be/Schema/TrafficMatrix-v1_2.xsd" xmlns:xsi="http://www.w3.org/2001/XMLSchema-instance">
    <IntraTM ASID="11537">
        <src id="ATLA-M5">
            <dst id="ATLA-M5">222.002666666667</dst>
            <dst id="ATLAng">3364.408</dst>
            <dst id="CHINng">1962.984</dst>
            <dst id="DNVRng">860.768</dst>
            <dst id="HSTNng">1180.776</dst>
            <dst id="IPLSng">2083.136</dst>
            <dst id="KSCYng">1280.704</dst>
            <dst id="LOSAng">458.949333333333</dst>
            <dst id="NYCMng">694.984</dst>
            <dst id="SNVAng">168.568</dst>
            <dst id="STTLng">124.429333333333</dst>
            <dst id="WASHng">1860.76533333333</dst>
        </src>
        <src id="ATLAng">
            <dst id="ATLA-M5">854.952</dst>
            <dst id="ATLAng">41624.7866666667</dst>
            <dst id="CHINng">47595.5973333333</dst>
            <dst id="DNVRng">26496.3866666667</dst>
            <dst id="HSTNng">8720.26933333333</dst>
            <dst id="IPLSng">29582.3226666667</dst>
            <dst id="KSCYng">19617.3333333333</dst>
            <dst id="LOSAng">23809.7853333333</dst>
            <dst id="NYCMng">27323.856</dst>
            <dst id="SNVAng">3917.55066666667</dst>
            <dst id="STTLng">8674.46133333333</dst>
            <dst id="WASHng">91923.9093333333</dst>
        </src>
        <src id="CHINng">
            <dst id="ATLA-M5">3312.34133333333</dst>
            <dst id="ATLAng">26501.1093333333</dst>
            <dst id="CHINng">59888.1733333333</dst>
            <dst id="DNVRng">24925.144</dst>
            <dst id="HSTNng">13486.1786666667</dst>
            <dst id="IPLSng">35143.3973333333</dst>
            <dst id="KSCYng">10458.8053333333</dst>
            <dst id="LOSAng">28787.2346666667</dst>
            <dst id="NYCMng">10787.592</dst>
            <dst id="SNVAng">4450.58133333333</dst>
            <dst id="STTLng">12631.024</dst>
            <dst id="WASHng">19768.1066666667</dst>
        </src>
        <src id="DNVRng">
            <dst id="ATLA-M5">1353.36266666667</dst>
            <dst id="ATLAng">21474.712</dst>
            <dst id="CHINng">57821.8293333333</dst>
            <dst id="DNVRng">22018.344</dst>
            <dst id="HSTNng">19291.6026666667</dst>
            <dst id="IPLSng">44801.5466666667</dst>
            <dst id="KSCYng">27953.672</dst>
            <dst id="LOSAng">18743.4426666667</dst>
            <dst id="NYCMng">32383.8746666667</dst>
            <dst id="SNVAng">17128.4693333333</dst>
            <dst id="STTLng">21025.7946666667</dst>
            <dst id="WASHng">54698.8453333333</dst>
        </src>
        <src id="HSTNng">
            <dst id="ATLA-M5">2166.168</dst>
            <dst id="ATLAng">9190.408</dst>
            <dst id="CHINng">21153.9626666667</dst>
            <dst id="DNVRng">9001.49333333334</dst>
            <dst id="HSTNng">17280.8373333333</dst>
            <dst id="IPLSng">12777.504</dst>
            <dst id="KSCYng">4851.136</dst>
            <dst id="LOSAng">8608.57333333333</dst>
            <dst id="NYCMng">13923.9706666667</dst>
            <dst id="SNVAng">3273.16266666667</dst>
            <dst id="STTLng">2272.51466666667</dst>
            <dst id="WASHng">14226.424</dst>
        </src>
        <src id="IPLSng">
            <dst id="ATLA-M5">2869.47733333333</dst>
            <dst id="ATLAng">28471.752</dst>
            <dst id="CHINng">133910.477333333</dst>
            <dst id="DNVRng">44954.3893333333</dst>
            <dst id="HSTNng">11904.9413333333</dst>
            <dst id="IPLSng">64923.5573333333</dst>
            <dst id="KSCYng">18648.76</dst>
            <dst id="LOSAng">93115.64</dst>
            <dst id="NYCMng">53674.4986666667</dst>
            <dst id="SNVAng">9071.75466666667</dst>
            <dst id="STTLng">13585.328</dst>
            <dst id="WASHng">48763.2426666667</dst>
        </src>
        <src id="KSCYng">
            <dst id="ATLA-M5">2601.34133333333</dst>
            <dst id="ATLAng">20009</dst>
            <dst id="CHINng">42611.872</dst>
            <dst id="DNVRng">17758.4373333333</dst>
            <dst id="HSTNng">5630.69066666667</dst>
            <dst id="IPLSng">20422.9626666667</dst>
            <dst id="KSCYng">12153.8533333333</dst>
            <dst id="LOSAng">11291.9946666667</dst>
            <dst id="NYCMng">14133.656</dst>
            <dst id="SNVAng">2340.76266666667</dst>
            <dst id="STTLng">3220.512</dst>
            <dst id="WASHng">14678.424</dst>
        </src>
        <src id="LOSAng">
            <dst id="ATLA-M5">2402.14666666667</dst>
            <dst id="ATLAng">28961.9306666667</dst>
            <dst id="CHINng">131302.976</dst>
            <dst id="DNVRng">22778.5306666667</dst>
            <dst id="HSTNng">14161.6026666667</dst>
            <dst id="IPLSng">70111.7466666667</dst>
            <dst id="KSCYng">11014.8533333333</dst>
            <dst id="LOSAng">9415.03733333333</dst>
            <dst id="NYCMng">63881.6746666667</dst>
            <dst id="SNVAng">11280.5813333333</dst>
            <dst id="STTLng">28138.5813333333</dst>
            <dst id="WASHng">76720.8</dst>
        </src>
        <src id="NYCMng">
            <dst id="ATLA-M5">10926.2213333333</dst>
            <dst id="ATLAng">67128.952</dst>
            <dst id="CHINng">89850.088</dst>
            <dst id="DNVRng">51574.1253333333</dst>
            <dst id="HSTNng">51581.3333333333</dst>
            <dst id="IPLSng">103702.525333333</dst>
            <dst id="KSCYng">32757.584</dst>
            <dst id="LOSAng">77352.1626666667</dst>
            <dst id="NYCMng">159597.261333333</dst>
            <dst id="SNVAng">16572.2346666667</dst>
            <dst id="STTLng">34973.224</dst>
            <dst id="WASHng">123312.429333333</dst>
        </src>
        <src id="SNVAng">
            <dst id="ATLA-M5">26.6666666666667</dst>
            <dst id="ATLAng">1044.03466666667</dst>
            <dst id="CHINng">6523.68</dst>
            <dst id="DNVRng">8699.55733333333</dst>
            <dst id="HSTNng">1486.08</dst>
            <dst id="IPLSng">6085.46933333333</dst>
            <dst id="KSCYng">4596.424</dst>
            <dst id="LOSAng">38788.008</dst>
            <dst id="NYCMng">3956.048</dst>
            <dst id="SNVAng">20547.7946666667</dst>
            <dst id="STTLng">64551.848</dst>
            <dst id="WASHng">3557.81066666667</dst>
        </src>
        <src id="STTLng">
            <dst id="ATLA-M5">491.978666666667</dst>
            <dst id="ATLAng">14842.1466666667</dst>
            <dst id="CHINng">64592.352</dst>
            <dst id="DNVRng">11634.9786666667</dst>
            <dst id="HSTNng">6719.70133333333</dst>
            <dst id="IPLSng">26124.5493333333</dst>
            <dst id="KSCYng">7318.12</dst>
            <dst id="LOSAng">26146.3333333333</dst>
            <dst id="NYCMng">29486.6533333333</dst>
            <dst id="SNVAng">15208.864</dst>
            <dst id="STTLng">13544.4613333333</dst>
            <dst id="WASHng">23593.4053333333</dst>
        </src>
        <src id="WASHng">
            <dst id="ATLA-M5">2789.88266666667</dst>
            <dst id="ATLAng">130313.776</dst>
            <dst id="CHINng">112614.941333333</dst>
            <dst id="DNVRng">90650.1093333333</dst>
            <dst id="HSTNng">39696.7413333333</dst>
            <dst id="IPLSng">114412.872</dst>
            <dst id="KSCYng">36207.104</dst>
            <dst id="LOSAng">114640.416</dst>
            <dst id="NYCMng">179181.717333333</dst>
            <dst id="SNVAng">17478.2</dst>
            <dst id="STTLng">42850.5733333333</dst>
            <dst id="WASHng">366370.32</dst>
        </src>
    </IntraTM>
</TrafficMatrixFile>
