<?xml version="1.0" encoding="ISO-8859-1" standalone="yes"?>
<TrafficMatrixFile xsi:noNamespaceSchemaLocation="http://totem.run.montefiore.ulg.ac.be/Schema/TrafficMatrix-v1_2.xsd" xmlns:xsi="http://www.w3.org/2001/XMLSchema-instance">
    <IntraTM ASID="11537">
        <src id="ATLA-M5">
            <dst id="ATLA-M5">1517.34133333333</dst>
            <dst id="ATLAng">732.970666666667</dst>
            <dst id="CHINng">1492.61866666667</dst>
            <dst id="DNVRng">673.074666666667</dst>
            <dst id="HSTNng">736.944</dst>
            <dst id="IPLSng">1492.13333333333</dst>
            <dst id="KSCYng">535.92</dst>
            <dst id="LOSAng">343.842666666667</dst>
            <dst id="NYCMng">2778.00266666667</dst>
            <dst id="SNVAng">465.189333333333</dst>
            <dst id="STTLng">203.194666666667</dst>
            <dst id="WASHng">3622.02666666667</dst>
        </src>
        <src id="ATLAng">
            <dst id="ATLA-M5">1077.936</dst>
            <dst id="ATLAng">64334.3786666667</dst>
            <dst id="CHINng">23223.8453333333</dst>
            <dst id="DNVRng">5110.81333333333</dst>
            <dst id="HSTNng">5879.06666666667</dst>
            <dst id="IPLSng">23264.048</dst>
            <dst id="KSCYng">18052.632</dst>
            <dst id="LOSAng">17088.5373333333</dst>
            <dst id="NYCMng">15320.2133333333</dst>
            <dst id="SNVAng">2056.444</dst>
            <dst id="STTLng">8226.36533333333</dst>
            <dst id="WASHng">105906.546666667</dst>
        </src>
        <src id="CHINng">
            <dst id="ATLA-M5">1050.90666666667</dst>
            <dst id="ATLAng">19601.2773333333</dst>
            <dst id="CHINng">90457.2293333333</dst>
            <dst id="DNVRng">11264.6853333333</dst>
            <dst id="HSTNng">7492.58666666667</dst>
            <dst id="IPLSng">28744.1253333333</dst>
            <dst id="KSCYng">9973.072</dst>
            <dst id="LOSAng">20720.1946666667</dst>
            <dst id="NYCMng">12827.8346666667</dst>
            <dst id="SNVAng">1624.68266666667</dst>
            <dst id="STTLng">7085.55733333333</dst>
            <dst id="WASHng">21291.8693333333</dst>
        </src>
        <src id="DNVRng">
            <dst id="ATLA-M5">212.592</dst>
            <dst id="ATLAng">7233.10133333333</dst>
            <dst id="CHINng">59410.6586666667</dst>
            <dst id="DNVRng">11533.552</dst>
            <dst id="HSTNng">10120.768</dst>
            <dst id="IPLSng">11856.744</dst>
            <dst id="KSCYng">16458.384</dst>
            <dst id="LOSAng">8542.37866666667</dst>
            <dst id="NYCMng">12614.5706666667</dst>
            <dst id="SNVAng">13284.0186666667</dst>
            <dst id="STTLng">12863.1973333333</dst>
            <dst id="WASHng">14305.0453333333</dst>
        </src>
        <src id="HSTNng">
            <dst id="ATLA-M5">1638.89333333333</dst>
            <dst id="ATLAng">6771.22133333333</dst>
            <dst id="CHINng">32628.3013333333</dst>
            <dst id="DNVRng">3309.88533333333</dst>
            <dst id="HSTNng">11304.3866666667</dst>
            <dst id="IPLSng">11074.6773333333</dst>
            <dst id="KSCYng">4575.97066666667</dst>
            <dst id="LOSAng">107226.672</dst>
            <dst id="NYCMng">17344.0826666667</dst>
            <dst id="SNVAng">1669.776</dst>
            <dst id="STTLng">1953.272</dst>
            <dst id="WASHng">16879.184</dst>
        </src>
        <src id="IPLSng">
            <dst id="ATLA-M5">461.816</dst>
            <dst id="ATLAng">33112.16</dst>
            <dst id="CHINng">140950.733333333</dst>
            <dst id="DNVRng">18058.9093333333</dst>
            <dst id="HSTNng">13451.264</dst>
            <dst id="IPLSng">32087.024</dst>
            <dst id="KSCYng">21661.4586666667</dst>
            <dst id="LOSAng">99061.9546666667</dst>
            <dst id="NYCMng">49303.1333333333</dst>
            <dst id="SNVAng">4517.19466666667</dst>
            <dst id="STTLng">11368.984</dst>
            <dst id="WASHng">52023.0773333333</dst>
        </src>
        <src id="KSCYng">
            <dst id="ATLA-M5">535.432</dst>
            <dst id="ATLAng">18634.1013333333</dst>
            <dst id="CHINng">40545.168</dst>
            <dst id="DNVRng">5375.456</dst>
            <dst id="HSTNng">6554.05066666667</dst>
            <dst id="IPLSng">15282.6213333333</dst>
            <dst id="KSCYng">7617.968</dst>
            <dst id="LOSAng">4154.128</dst>
            <dst id="NYCMng">11194.344</dst>
            <dst id="SNVAng">1001.56533333333</dst>
            <dst id="STTLng">2110.48533333333</dst>
            <dst id="WASHng">15328.5386666667</dst>
        </src>
        <src id="LOSAng">
            <dst id="ATLA-M5">1115.912</dst>
            <dst id="ATLAng">26161.4933333333</dst>
            <dst id="CHINng">158665.850666667</dst>
            <dst id="DNVRng">7244.82666666667</dst>
            <dst id="HSTNng">18133.4186666667</dst>
            <dst id="IPLSng">41179.4213333333</dst>
            <dst id="KSCYng">13352.792</dst>
            <dst id="LOSAng">11400.8133333333</dst>
            <dst id="NYCMng">54418.7173333333</dst>
            <dst id="SNVAng">12010.2853333333</dst>
            <dst id="STTLng">21772.512</dst>
            <dst id="WASHng">70238.8746666667</dst>
        </src>
        <src id="NYCMng">
            <dst id="ATLA-M5">5004.82933333333</dst>
            <dst id="ATLAng">53961.696</dst>
            <dst id="CHINng">115830.682666667</dst>
            <dst id="DNVRng">19124.6586666667</dst>
            <dst id="HSTNng">40219.4506666667</dst>
            <dst id="IPLSng">79221.8106666667</dst>
            <dst id="KSCYng">28438.216</dst>
            <dst id="LOSAng">62217.0933333333</dst>
            <dst id="NYCMng">181255.176</dst>
            <dst id="SNVAng">7412.048</dst>
            <dst id="STTLng">21304.6186666667</dst>
            <dst id="WASHng">114451.370666667</dst>
        </src>
        <src id="SNVAng">
            <dst id="ATLA-M5">269.792</dst>
            <dst id="ATLAng">1138.06666666667</dst>
            <dst id="CHINng">12565.4853333333</dst>
            <dst id="DNVRng">7093.93866666667</dst>
            <dst id="HSTNng">9124.62666666667</dst>
            <dst id="IPLSng">10334.312</dst>
            <dst id="KSCYng">2938.50133333333</dst>
            <dst id="LOSAng">7367.83733333333</dst>
            <dst id="NYCMng">4569.26933333333</dst>
            <dst id="SNVAng">2250.86133333333</dst>
            <dst id="STTLng">2098.416</dst>
            <dst id="WASHng">4045.184</dst>
        </src>
        <src id="STTLng">
            <dst id="ATLA-M5">345.696</dst>
            <dst id="ATLAng">25347.3973333333</dst>
            <dst id="CHINng">87448.392</dst>
            <dst id="DNVRng">7129.52</dst>
            <dst id="HSTNng">3028.168</dst>
            <dst id="IPLSng">19252.352</dst>
            <dst id="KSCYng">6147.47733333333</dst>
            <dst id="LOSAng">20363.6986666667</dst>
            <dst id="NYCMng">29087.8266666667</dst>
            <dst id="SNVAng">6445.30133333333</dst>
            <dst id="STTLng">5912.648</dst>
            <dst id="WASHng">20050.7653333333</dst>
        </src>
        <src id="WASHng">
            <dst id="ATLA-M5">2711.048</dst>
            <dst id="ATLAng">133510.272</dst>
            <dst id="CHINng">108045.114666667</dst>
            <dst id="DNVRng">43994.2426666667</dst>
            <dst id="HSTNng">33596.5973333333</dst>
            <dst id="IPLSng">78847.0266666667</dst>
            <dst id="KSCYng">21489.648</dst>
            <dst id="LOSAng">57125.024</dst>
            <dst id="NYCMng">249206.010666667</dst>
            <dst id="SNVAng">10414.536</dst>
            <dst id="STTLng">44408.5973333333</dst>
            <dst id="WASHng">362683.413333333</dst>
        </src>
    </IntraTM>
</TrafficMatrixFile>
