<?xml version="1.0" encoding="ISO-8859-1" standalone="yes"?>
<TrafficMatrixFile xsi:noNamespaceSchemaLocation="http://totem.run.montefiore.ulg.ac.be/Schema/TrafficMatrix-v1_2.xsd" xmlns:xsi="http://www.w3.org/2001/XMLSchema-instance">
    <IntraTM ASID="11537">
        <src id="ATLA-M5">
            <dst id="ATLA-M5">0</dst>
            <dst id="ATLAng">1152.528</dst>
            <dst id="CHINng">1979.33866666667</dst>
            <dst id="DNVRng">986.536</dst>
            <dst id="HSTNng">709.842666666667</dst>
            <dst id="IPLSng">1134.584</dst>
            <dst id="KSCYng">452.408</dst>
            <dst id="LOSAng">1065.208</dst>
            <dst id="NYCMng">508.746666666667</dst>
            <dst id="SNVAng">308.373333333333</dst>
            <dst id="STTLng">142.546666666667</dst>
            <dst id="WASHng">2110.688</dst>
        </src>
        <src id="ATLAng">
            <dst id="ATLA-M5">698.914666666666</dst>
            <dst id="ATLAng">30627.048</dst>
            <dst id="CHINng">30776.976</dst>
            <dst id="DNVRng">19949.0026666667</dst>
            <dst id="HSTNng">20217.2586666667</dst>
            <dst id="IPLSng">64609.4906666667</dst>
            <dst id="KSCYng">8947.69866666667</dst>
            <dst id="LOSAng">23284.5266666667</dst>
            <dst id="NYCMng">31921.3146666667</dst>
            <dst id="SNVAng">4240.26266666667</dst>
            <dst id="STTLng">6934.55733333333</dst>
            <dst id="WASHng">77954.192</dst>
        </src>
        <src id="CHINng">
            <dst id="ATLA-M5">4043.17333333333</dst>
            <dst id="ATLAng">18851.328</dst>
            <dst id="CHINng">34690.5706666667</dst>
            <dst id="DNVRng">11327.0346666667</dst>
            <dst id="HSTNng">17146.5813333333</dst>
            <dst id="IPLSng">39197.2826666667</dst>
            <dst id="KSCYng">11930.8506666667</dst>
            <dst id="LOSAng">32961.7893333333</dst>
            <dst id="NYCMng">8884.85066666667</dst>
            <dst id="SNVAng">16987.9706666667</dst>
            <dst id="STTLng">8087.57333333333</dst>
            <dst id="WASHng">25005.208</dst>
        </src>
        <src id="DNVRng">
            <dst id="ATLA-M5">601.218666666667</dst>
            <dst id="ATLAng">7761.48266666667</dst>
            <dst id="CHINng">56526.048</dst>
            <dst id="DNVRng">20079.6906666667</dst>
            <dst id="HSTNng">15546.5226666667</dst>
            <dst id="IPLSng">44931.816</dst>
            <dst id="KSCYng">14710.6586666667</dst>
            <dst id="LOSAng">9692.4</dst>
            <dst id="NYCMng">22781.984</dst>
            <dst id="SNVAng">12376.776</dst>
            <dst id="STTLng">17640.624</dst>
            <dst id="WASHng">53981.8213333333</dst>
        </src>
        <src id="HSTNng">
            <dst id="ATLA-M5">2689.24</dst>
            <dst id="ATLAng">5024.84533333333</dst>
            <dst id="CHINng">24509.5306666667</dst>
            <dst id="DNVRng">6064.504</dst>
            <dst id="HSTNng">12354.7253333333</dst>
            <dst id="IPLSng">19197.44</dst>
            <dst id="KSCYng">4975.20266666667</dst>
            <dst id="LOSAng">9688.14133333333</dst>
            <dst id="NYCMng">13058.9413333333</dst>
            <dst id="SNVAng">2859.24533333333</dst>
            <dst id="STTLng">4668.05066666667</dst>
            <dst id="WASHng">10696.824</dst>
        </src>
        <src id="IPLSng">
            <dst id="ATLA-M5">1246.93333333333</dst>
            <dst id="ATLAng">58896.704</dst>
            <dst id="CHINng">105916.514666667</dst>
            <dst id="DNVRng">29695.952</dst>
            <dst id="HSTNng">8808.41866666667</dst>
            <dst id="IPLSng">38336.16</dst>
            <dst id="KSCYng">17941.2746666667</dst>
            <dst id="LOSAng">41566.6906666667</dst>
            <dst id="NYCMng">30545.9546666667</dst>
            <dst id="SNVAng">8117.44533333333</dst>
            <dst id="STTLng">20708.1893333333</dst>
            <dst id="WASHng">55121.0826666667</dst>
        </src>
        <src id="KSCYng">
            <dst id="ATLA-M5">1000.824</dst>
            <dst id="ATLAng">7175.848</dst>
            <dst id="CHINng">42359.104</dst>
            <dst id="DNVRng">10826.152</dst>
            <dst id="HSTNng">6232.13066666667</dst>
            <dst id="IPLSng">16156.296</dst>
            <dst id="KSCYng">9939.25333333333</dst>
            <dst id="LOSAng">7927.272</dst>
            <dst id="NYCMng">11116.44</dst>
            <dst id="SNVAng">1866.95733333333</dst>
            <dst id="STTLng">4240.51733333333</dst>
            <dst id="WASHng">17894.2746666667</dst>
        </src>
        <src id="LOSAng">
            <dst id="ATLA-M5">2026.71733333333</dst>
            <dst id="ATLAng">27530.5093333333</dst>
            <dst id="CHINng">119315.429333333</dst>
            <dst id="DNVRng">16978.7786666667</dst>
            <dst id="HSTNng">10158.0213333333</dst>
            <dst id="IPLSng">50637.5573333333</dst>
            <dst id="KSCYng">12589.4453333333</dst>
            <dst id="LOSAng">15412.4773333333</dst>
            <dst id="NYCMng">64588.5413333333</dst>
            <dst id="SNVAng">15498.8933333333</dst>
            <dst id="STTLng">37250.288</dst>
            <dst id="WASHng">69601.0533333333</dst>
        </src>
        <src id="NYCMng">
            <dst id="ATLA-M5">3433.112</dst>
            <dst id="ATLAng">51069.5733333333</dst>
            <dst id="CHINng">70326.456</dst>
            <dst id="DNVRng">52658.704</dst>
            <dst id="HSTNng">45923.2373333333</dst>
            <dst id="IPLSng">102973.962666667</dst>
            <dst id="KSCYng">22628.9813333333</dst>
            <dst id="LOSAng">106550.72</dst>
            <dst id="NYCMng">156212.368</dst>
            <dst id="SNVAng">17030.9786666667</dst>
            <dst id="STTLng">39865.9413333333</dst>
            <dst id="WASHng">179394.946666667</dst>
        </src>
        <src id="SNVAng">
            <dst id="ATLA-M5">337.869333333333</dst>
            <dst id="ATLAng">854.578666666667</dst>
            <dst id="CHINng">9099.62933333333</dst>
            <dst id="DNVRng">14253.3466666667</dst>
            <dst id="HSTNng">1682.36266666667</dst>
            <dst id="IPLSng">4139.85066666667</dst>
            <dst id="KSCYng">924.68</dst>
            <dst id="LOSAng">41321.6186666667</dst>
            <dst id="NYCMng">2912.56</dst>
            <dst id="SNVAng">18597.1493333333</dst>
            <dst id="STTLng">60614.9413333333</dst>
            <dst id="WASHng">4848.02933333333</dst>
        </src>
        <src id="STTLng">
            <dst id="ATLA-M5">1182.06133333333</dst>
            <dst id="ATLAng">11788.104</dst>
            <dst id="CHINng">62964.0533333333</dst>
            <dst id="DNVRng">6867.208</dst>
            <dst id="HSTNng">5873.49333333333</dst>
            <dst id="IPLSng">26466.536</dst>
            <dst id="KSCYng">4680.008</dst>
            <dst id="LOSAng">39695.8373333333</dst>
            <dst id="NYCMng">29851.4373333333</dst>
            <dst id="SNVAng">9325.41066666667</dst>
            <dst id="STTLng">11057.3093333333</dst>
            <dst id="WASHng">18845.024</dst>
        </src>
        <src id="WASHng">
            <dst id="ATLA-M5">17522.4026666667</dst>
            <dst id="ATLAng">130583.952</dst>
            <dst id="CHINng">92519.0746666667</dst>
            <dst id="DNVRng">68954.2346666667</dst>
            <dst id="HSTNng">25526.3626666667</dst>
            <dst id="IPLSng">89726.4906666667</dst>
            <dst id="KSCYng">14166.4773333333</dst>
            <dst id="LOSAng">103430.162666667</dst>
            <dst id="NYCMng">190705.626666667</dst>
            <dst id="SNVAng">18311.112</dst>
            <dst id="STTLng">31400.768</dst>
            <dst id="WASHng">224646.405333333</dst>
        </src>
    </IntraTM>
</TrafficMatrixFile>
