<?xml version="1.0" encoding="ISO-8859-1" standalone="yes"?>
<TrafficMatrixFile xsi:noNamespaceSchemaLocation="http://totem.run.montefiore.ulg.ac.be/Schema/TrafficMatrix-v1_2.xsd" xmlns:xsi="http://www.w3.org/2001/XMLSchema-instance">
    <IntraTM ASID="11537">
        <src id="ATLA-M5">
            <dst id="ATLA-M5">26.6666666666667</dst>
            <dst id="ATLAng">552.930666666667</dst>
            <dst id="CHINng">1853.672</dst>
            <dst id="DNVRng">573.586666666667</dst>
            <dst id="HSTNng">427.205333333333</dst>
            <dst id="IPLSng">968.458666666667</dst>
            <dst id="KSCYng">589.608</dst>
            <dst id="LOSAng">1787.03466666667</dst>
            <dst id="NYCMng">601.317333333333</dst>
            <dst id="SNVAng">179.362666666667</dst>
            <dst id="STTLng">337.389333333333</dst>
            <dst id="WASHng">3884.53066666667</dst>
        </src>
        <src id="ATLAng">
            <dst id="ATLA-M5">2058.096</dst>
            <dst id="ATLAng">25094.3333333333</dst>
            <dst id="CHINng">31332.512</dst>
            <dst id="DNVRng">6869.54933333333</dst>
            <dst id="HSTNng">21184.056</dst>
            <dst id="IPLSng">32354.2586666667</dst>
            <dst id="KSCYng">10466.9786666667</dst>
            <dst id="LOSAng">20824.0413333333</dst>
            <dst id="NYCMng">16965.976</dst>
            <dst id="SNVAng">2798.28933333333</dst>
            <dst id="STTLng">7677.192</dst>
            <dst id="WASHng">76169.0533333333</dst>
        </src>
        <src id="CHINng">
            <dst id="ATLA-M5">1148.77066666667</dst>
            <dst id="ATLAng">6710.34133333333</dst>
            <dst id="CHINng">43755.1386666667</dst>
            <dst id="DNVRng">8860.50933333333</dst>
            <dst id="HSTNng">21467.504</dst>
            <dst id="IPLSng">24924.9706666667</dst>
            <dst id="KSCYng">10357.88</dst>
            <dst id="LOSAng">36094.7653333333</dst>
            <dst id="NYCMng">13638.68</dst>
            <dst id="SNVAng">3154.14133333333</dst>
            <dst id="STTLng">4758.04</dst>
            <dst id="WASHng">19583.9226666667</dst>
        </src>
        <src id="DNVRng">
            <dst id="ATLA-M5">767.389333333333</dst>
            <dst id="ATLAng">6734.57333333333</dst>
            <dst id="CHINng">62823.384</dst>
            <dst id="DNVRng">14638.0293333333</dst>
            <dst id="HSTNng">13439.2</dst>
            <dst id="IPLSng">31568.1786666667</dst>
            <dst id="KSCYng">16449.2053333333</dst>
            <dst id="LOSAng">8436.848</dst>
            <dst id="NYCMng">26299.9893333333</dst>
            <dst id="SNVAng">8491.62666666667</dst>
            <dst id="STTLng">13240.5173333333</dst>
            <dst id="WASHng">47909.024</dst>
        </src>
        <src id="HSTNng">
            <dst id="ATLA-M5">2227.21866666667</dst>
            <dst id="ATLAng">3040.58666666667</dst>
            <dst id="CHINng">47455.8826666667</dst>
            <dst id="DNVRng">3732.07466666667</dst>
            <dst id="HSTNng">6697.17333333333</dst>
            <dst id="IPLSng">8931.15466666667</dst>
            <dst id="KSCYng">5205.592</dst>
            <dst id="LOSAng">14442.352</dst>
            <dst id="NYCMng">20968.9146666667</dst>
            <dst id="SNVAng">2659.58933333333</dst>
            <dst id="STTLng">1586.99733333333</dst>
            <dst id="WASHng">13016.856</dst>
        </src>
        <src id="IPLSng">
            <dst id="ATLA-M5">860.661333333333</dst>
            <dst id="ATLAng">25154.8426666667</dst>
            <dst id="CHINng">100294.664</dst>
            <dst id="DNVRng">24841.2773333333</dst>
            <dst id="HSTNng">7214.05333333333</dst>
            <dst id="IPLSng">21252.7546666667</dst>
            <dst id="KSCYng">18318.0026666667</dst>
            <dst id="LOSAng">31921.7386666667</dst>
            <dst id="NYCMng">35752.7466666667</dst>
            <dst id="SNVAng">4691.25866666667</dst>
            <dst id="STTLng">15169.5866666667</dst>
            <dst id="WASHng">43714.6106666667</dst>
        </src>
        <src id="KSCYng">
            <dst id="ATLA-M5">324.728</dst>
            <dst id="ATLAng">5013.64533333333</dst>
            <dst id="CHINng">38842.8666666667</dst>
            <dst id="DNVRng">10270.1973333333</dst>
            <dst id="HSTNng">5724.58666666667</dst>
            <dst id="IPLSng">10593.5466666667</dst>
            <dst id="KSCYng">6085.576</dst>
            <dst id="LOSAng">10079.9813333333</dst>
            <dst id="NYCMng">7916.20266666667</dst>
            <dst id="SNVAng">1354.368</dst>
            <dst id="STTLng">3329.35733333333</dst>
            <dst id="WASHng">15442.808</dst>
        </src>
        <src id="LOSAng">
            <dst id="ATLA-M5">1411.73866666667</dst>
            <dst id="ATLAng">33202.8533333333</dst>
            <dst id="CHINng">133921.608</dst>
            <dst id="DNVRng">9300.45066666667</dst>
            <dst id="HSTNng">11672.4373333333</dst>
            <dst id="IPLSng">39964.7813333333</dst>
            <dst id="KSCYng">15443.6186666667</dst>
            <dst id="LOSAng">24642.9813333333</dst>
            <dst id="NYCMng">58761.36</dst>
            <dst id="SNVAng">16642.536</dst>
            <dst id="STTLng">27907.5973333333</dst>
            <dst id="WASHng">64471.544</dst>
        </src>
        <src id="NYCMng">
            <dst id="ATLA-M5">3913.28</dst>
            <dst id="ATLAng">35275.032</dst>
            <dst id="CHINng">77080.6426666667</dst>
            <dst id="DNVRng">38587.3413333333</dst>
            <dst id="HSTNng">39653.0453333333</dst>
            <dst id="IPLSng">80588.136</dst>
            <dst id="KSCYng">20536.912</dst>
            <dst id="LOSAng">94121.9626666667</dst>
            <dst id="NYCMng">126749.538666667</dst>
            <dst id="SNVAng">11271.8426666667</dst>
            <dst id="STTLng">26186.456</dst>
            <dst id="WASHng">97930.6933333333</dst>
        </src>
        <src id="SNVAng">
            <dst id="ATLA-M5">547.901333333333</dst>
            <dst id="ATLAng">1100.05333333333</dst>
            <dst id="CHINng">6105.34933333333</dst>
            <dst id="DNVRng">6128.744</dst>
            <dst id="HSTNng">677.256</dst>
            <dst id="IPLSng">2188.66666666667</dst>
            <dst id="KSCYng">933.248</dst>
            <dst id="LOSAng">35418.5706666667</dst>
            <dst id="NYCMng">2414.872</dst>
            <dst id="SNVAng">12563.7733333333</dst>
            <dst id="STTLng">55476.288</dst>
            <dst id="WASHng">1597.62133333333</dst>
        </src>
        <src id="STTLng">
            <dst id="ATLA-M5">86.7493333333333</dst>
            <dst id="ATLAng">11263.1173333333</dst>
            <dst id="CHINng">53884.7173333333</dst>
            <dst id="DNVRng">5944.104</dst>
            <dst id="HSTNng">4113.88533333333</dst>
            <dst id="IPLSng">11239.4853333333</dst>
            <dst id="KSCYng">7268.728</dst>
            <dst id="LOSAng">29197.5706666667</dst>
            <dst id="NYCMng">21508.88</dst>
            <dst id="SNVAng">5332.37333333333</dst>
            <dst id="STTLng">14807.4666666667</dst>
            <dst id="WASHng">12304.9546666667</dst>
        </src>
        <src id="WASHng">
            <dst id="ATLA-M5">697.213333333333</dst>
            <dst id="ATLAng">123705.834666667</dst>
            <dst id="CHINng">90732.32</dst>
            <dst id="DNVRng">44409.8426666667</dst>
            <dst id="HSTNng">16135.6053333333</dst>
            <dst id="IPLSng">72189.736</dst>
            <dst id="KSCYng">10159.952</dst>
            <dst id="LOSAng">67261.064</dst>
            <dst id="NYCMng">166236.904</dst>
            <dst id="SNVAng">17680.552</dst>
            <dst id="STTLng">43960.6453333333</dst>
            <dst id="WASHng">354487.413333333</dst>
        </src>
    </IntraTM>
</TrafficMatrixFile>
