<?xml version="1.0" encoding="ISO-8859-1" standalone="yes"?>
<TrafficMatrixFile xsi:noNamespaceSchemaLocation="http://totem.run.montefiore.ulg.ac.be/Schema/TrafficMatrix-v1_2.xsd" xmlns:xsi="http://www.w3.org/2001/XMLSchema-instance">
    <IntraTM ASID="11537">
        <src id="ATLA-M5">
            <dst id="ATLA-M5">42.4106666666667</dst>
            <dst id="ATLAng">906.581333333333</dst>
            <dst id="CHINng">3581.82666666667</dst>
            <dst id="DNVRng">381.021333333333</dst>
            <dst id="HSTNng">529.992</dst>
            <dst id="IPLSng">947.493333333333</dst>
            <dst id="KSCYng">457.832</dst>
            <dst id="LOSAng">465.693333333333</dst>
            <dst id="NYCMng">911.157333333333</dst>
            <dst id="SNVAng">224.949333333333</dst>
            <dst id="STTLng">215.085333333333</dst>
            <dst id="WASHng">1978.104</dst>
        </src>
        <src id="ATLAng">
            <dst id="ATLA-M5">741.232</dst>
            <dst id="ATLAng">19873.5813333333</dst>
            <dst id="CHINng">43904.3226666667</dst>
            <dst id="DNVRng">8533.76</dst>
            <dst id="HSTNng">5080.81066666667</dst>
            <dst id="IPLSng">25807.6106666667</dst>
            <dst id="KSCYng">6992.14933333333</dst>
            <dst id="LOSAng">23863.008</dst>
            <dst id="NYCMng">31734.3146666667</dst>
            <dst id="SNVAng">2192.84533333333</dst>
            <dst id="STTLng">8622.43733333333</dst>
            <dst id="WASHng">62343.512</dst>
        </src>
        <src id="CHINng">
            <dst id="ATLA-M5">621.933333333333</dst>
            <dst id="ATLAng">9050.832</dst>
            <dst id="CHINng">35761.7066666667</dst>
            <dst id="DNVRng">13024.656</dst>
            <dst id="HSTNng">18442.3066666667</dst>
            <dst id="IPLSng">26975.6666666667</dst>
            <dst id="KSCYng">20654.2533333333</dst>
            <dst id="LOSAng">37471.072</dst>
            <dst id="NYCMng">10561.6906666667</dst>
            <dst id="SNVAng">3745.92</dst>
            <dst id="STTLng">8816.53066666667</dst>
            <dst id="WASHng">10259.192</dst>
        </src>
        <src id="DNVRng">
            <dst id="ATLA-M5">1007.24533333333</dst>
            <dst id="ATLAng">4852.14133333333</dst>
            <dst id="CHINng">54542.1306666667</dst>
            <dst id="DNVRng">17601.1413333333</dst>
            <dst id="HSTNng">15030.352</dst>
            <dst id="IPLSng">29971.8026666667</dst>
            <dst id="KSCYng">17077.344</dst>
            <dst id="LOSAng">10948.2613333333</dst>
            <dst id="NYCMng">29922.1146666667</dst>
            <dst id="SNVAng">15360.1386666667</dst>
            <dst id="STTLng">16366.1733333333</dst>
            <dst id="WASHng">57842.544</dst>
        </src>
        <src id="HSTNng">
            <dst id="ATLA-M5">2537.872</dst>
            <dst id="ATLAng">6372.77066666667</dst>
            <dst id="CHINng">30403.9733333333</dst>
            <dst id="DNVRng">5183.58933333333</dst>
            <dst id="HSTNng">12749.192</dst>
            <dst id="IPLSng">11213.208</dst>
            <dst id="KSCYng">6934.26933333333</dst>
            <dst id="LOSAng">12549.7866666667</dst>
            <dst id="NYCMng">5079.52266666667</dst>
            <dst id="SNVAng">2144.82133333333</dst>
            <dst id="STTLng">3073.856</dst>
            <dst id="WASHng">6942.56266666667</dst>
        </src>
        <src id="IPLSng">
            <dst id="ATLA-M5">2088.99733333333</dst>
            <dst id="ATLAng">16965.624</dst>
            <dst id="CHINng">91334.1306666667</dst>
            <dst id="DNVRng">28911.184</dst>
            <dst id="HSTNng">9927.02666666667</dst>
            <dst id="IPLSng">18372.76</dst>
            <dst id="KSCYng">16150.488</dst>
            <dst id="LOSAng">32343.0346666667</dst>
            <dst id="NYCMng">52637.3733333333</dst>
            <dst id="SNVAng">3432.09866666667</dst>
            <dst id="STTLng">13663.5653333333</dst>
            <dst id="WASHng">44072.208</dst>
        </src>
        <src id="KSCYng">
            <dst id="ATLA-M5">792.218666666667</dst>
            <dst id="ATLAng">5678.73866666667</dst>
            <dst id="CHINng">43495.8506666667</dst>
            <dst id="DNVRng">9734.512</dst>
            <dst id="HSTNng">4364.61866666667</dst>
            <dst id="IPLSng">16192.5653333333</dst>
            <dst id="KSCYng">7646.42133333333</dst>
            <dst id="LOSAng">5935.904</dst>
            <dst id="NYCMng">13651.5306666667</dst>
            <dst id="SNVAng">1403.024</dst>
            <dst id="STTLng">5683.39466666667</dst>
            <dst id="WASHng">12894.888</dst>
        </src>
        <src id="LOSAng">
            <dst id="ATLA-M5">759.810666666667</dst>
            <dst id="ATLAng">30154.736</dst>
            <dst id="CHINng">113467.117333333</dst>
            <dst id="DNVRng">18192.5386666667</dst>
            <dst id="HSTNng">9550.06133333333</dst>
            <dst id="IPLSng">42495.7973333333</dst>
            <dst id="KSCYng">14904.9866666667</dst>
            <dst id="LOSAng">30551.5066666667</dst>
            <dst id="NYCMng">64506.1146666667</dst>
            <dst id="SNVAng">14456.1066666667</dst>
            <dst id="STTLng">28082.3226666667</dst>
            <dst id="WASHng">59937.2453333333</dst>
        </src>
        <src id="NYCMng">
            <dst id="ATLA-M5">6261.98666666666</dst>
            <dst id="ATLAng">49677.1786666667</dst>
            <dst id="CHINng">78951.8586666667</dst>
            <dst id="DNVRng">43414.448</dst>
            <dst id="HSTNng">31926.8853333333</dst>
            <dst id="IPLSng">66619.8133333333</dst>
            <dst id="KSCYng">32713.48</dst>
            <dst id="LOSAng">89590.7146666667</dst>
            <dst id="NYCMng">120107.453333333</dst>
            <dst id="SNVAng">9031.392</dst>
            <dst id="STTLng">35965.7013333334</dst>
            <dst id="WASHng">97119.0693333333</dst>
        </src>
        <src id="SNVAng">
            <dst id="ATLA-M5">170.813333333333</dst>
            <dst id="ATLAng">368.506666666667</dst>
            <dst id="CHINng">7600.248</dst>
            <dst id="DNVRng">9499.504</dst>
            <dst id="HSTNng">1782.952</dst>
            <dst id="IPLSng">2377.704</dst>
            <dst id="KSCYng">902.968</dst>
            <dst id="LOSAng">39929.5093333333</dst>
            <dst id="NYCMng">2856.54666666667</dst>
            <dst id="SNVAng">18557.5546666667</dst>
            <dst id="STTLng">69216.2453333333</dst>
            <dst id="WASHng">2622.74133333333</dst>
        </src>
        <src id="STTLng">
            <dst id="ATLA-M5">174.458666666667</dst>
            <dst id="ATLAng">10131.2826666667</dst>
            <dst id="CHINng">45414.4426666667</dst>
            <dst id="DNVRng">7701.57066666667</dst>
            <dst id="HSTNng">3650.68</dst>
            <dst id="IPLSng">17124.2533333333</dst>
            <dst id="KSCYng">9104.184</dst>
            <dst id="LOSAng">34133.3013333333</dst>
            <dst id="NYCMng">24955.6613333333</dst>
            <dst id="SNVAng">7039.85066666667</dst>
            <dst id="STTLng">27994.5973333333</dst>
            <dst id="WASHng">15598.104</dst>
        </src>
        <src id="WASHng">
            <dst id="ATLA-M5">2232.38133333333</dst>
            <dst id="ATLAng">140419.106666667</dst>
            <dst id="CHINng">105400.52</dst>
            <dst id="DNVRng">58080.0533333333</dst>
            <dst id="HSTNng">17887.3866666667</dst>
            <dst id="IPLSng">73054.584</dst>
            <dst id="KSCYng">21288.0986666667</dst>
            <dst id="LOSAng">61138.3466666667</dst>
            <dst id="NYCMng">197529.056</dst>
            <dst id="SNVAng">15477.04</dst>
            <dst id="STTLng">35950.008</dst>
            <dst id="WASHng">245463.957333333</dst>
        </src>
    </IntraTM>
</TrafficMatrixFile>
