<?xml version="1.0" encoding="ISO-8859-1" standalone="yes"?>
<TrafficMatrixFile xsi:noNamespaceSchemaLocation="http://totem.run.montefiore.ulg.ac.be/Schema/TrafficMatrix-v1_2.xsd" xmlns:xsi="http://www.w3.org/2001/XMLSchema-instance">
    <IntraTM ASID="11537">
        <src id="ATLA-M5">
            <dst id="ATLA-M5">1694.06666666667</dst>
            <dst id="ATLAng">543.381333333333</dst>
            <dst id="CHINng">2928.192</dst>
            <dst id="DNVRng">259.637333333333</dst>
            <dst id="HSTNng">279.082666666667</dst>
            <dst id="IPLSng">2716.26666666667</dst>
            <dst id="KSCYng">382.384</dst>
            <dst id="LOSAng">2242.024</dst>
            <dst id="NYCMng">1197.13333333333</dst>
            <dst id="SNVAng">197.397333333333</dst>
            <dst id="STTLng">653.893333333333</dst>
            <dst id="WASHng">1643.70666666667</dst>
        </src>
        <src id="ATLAng">
            <dst id="ATLA-M5">2174.23466666667</dst>
            <dst id="ATLAng">42945.8746666667</dst>
            <dst id="CHINng">27903.9253333333</dst>
            <dst id="DNVRng">7845.67466666667</dst>
            <dst id="HSTNng">7223.28266666667</dst>
            <dst id="IPLSng">31688.3413333333</dst>
            <dst id="KSCYng">5414.68533333333</dst>
            <dst id="LOSAng">20912.2853333333</dst>
            <dst id="NYCMng">22385.9946666667</dst>
            <dst id="SNVAng">806.992</dst>
            <dst id="STTLng">9622.288</dst>
            <dst id="WASHng">54752.8506666667</dst>
        </src>
        <src id="CHINng">
            <dst id="ATLA-M5">4597.824</dst>
            <dst id="ATLAng">16253.5946666667</dst>
            <dst id="CHINng">27905.6506666667</dst>
            <dst id="DNVRng">11752.4586666667</dst>
            <dst id="HSTNng">13613.3573333333</dst>
            <dst id="IPLSng">33180.232</dst>
            <dst id="KSCYng">18740.6213333333</dst>
            <dst id="LOSAng">28202.8426666667</dst>
            <dst id="NYCMng">7722.46933333333</dst>
            <dst id="SNVAng">2907.85866666667</dst>
            <dst id="STTLng">5613.24</dst>
            <dst id="WASHng">15753.944</dst>
        </src>
        <src id="DNVRng">
            <dst id="ATLA-M5">303.146666666667</dst>
            <dst id="ATLAng">6996.09866666667</dst>
            <dst id="CHINng">43683.7866666667</dst>
            <dst id="DNVRng">20964.488</dst>
            <dst id="HSTNng">7146.44266666667</dst>
            <dst id="IPLSng">10797.4613333333</dst>
            <dst id="KSCYng">16175.4</dst>
            <dst id="LOSAng">20050.4053333333</dst>
            <dst id="NYCMng">9324.168</dst>
            <dst id="SNVAng">21075.0373333333</dst>
            <dst id="STTLng">20348.84</dst>
            <dst id="WASHng">16366.384</dst>
        </src>
        <src id="HSTNng">
            <dst id="ATLA-M5">518.253333333333</dst>
            <dst id="ATLAng">4984.64533333333</dst>
            <dst id="CHINng">20492.8453333333</dst>
            <dst id="DNVRng">4175.38666666667</dst>
            <dst id="HSTNng">6339.06133333333</dst>
            <dst id="IPLSng">14601.392</dst>
            <dst id="KSCYng">6121.72533333333</dst>
            <dst id="LOSAng">104271.04</dst>
            <dst id="NYCMng">15824.5653333333</dst>
            <dst id="SNVAng">970.461333333333</dst>
            <dst id="STTLng">2053.22133333333</dst>
            <dst id="WASHng">7938.616</dst>
        </src>
        <src id="IPLSng">
            <dst id="ATLA-M5">8097.37866666667</dst>
            <dst id="ATLAng">18323.6106666667</dst>
            <dst id="CHINng">85323.9546666667</dst>
            <dst id="DNVRng">9277.80266666667</dst>
            <dst id="HSTNng">5806.76266666667</dst>
            <dst id="IPLSng">41040.6426666667</dst>
            <dst id="KSCYng">11554.12</dst>
            <dst id="LOSAng">19127.096</dst>
            <dst id="NYCMng">28903.256</dst>
            <dst id="SNVAng">3920.95466666667</dst>
            <dst id="STTLng">20740.7146666667</dst>
            <dst id="WASHng">44604.3093333334</dst>
        </src>
        <src id="KSCYng">
            <dst id="ATLA-M5">506.936</dst>
            <dst id="ATLAng">4653.592</dst>
            <dst id="CHINng">31019.8186666667</dst>
            <dst id="DNVRng">8207.408</dst>
            <dst id="HSTNng">4633.608</dst>
            <dst id="IPLSng">18322.1493333333</dst>
            <dst id="KSCYng">7315.128</dst>
            <dst id="LOSAng">9818.59466666667</dst>
            <dst id="NYCMng">12695.9386666667</dst>
            <dst id="SNVAng">884.576</dst>
            <dst id="STTLng">5965.31466666667</dst>
            <dst id="WASHng">17968.8666666667</dst>
        </src>
        <src id="LOSAng">
            <dst id="ATLA-M5">1902.65333333333</dst>
            <dst id="ATLAng">20868.9866666667</dst>
            <dst id="CHINng">73167.2026666666</dst>
            <dst id="DNVRng">16047.0853333333</dst>
            <dst id="HSTNng">11252.416</dst>
            <dst id="IPLSng">40558.9386666667</dst>
            <dst id="KSCYng">11549.856</dst>
            <dst id="LOSAng">17917.6933333333</dst>
            <dst id="NYCMng">56870.6453333333</dst>
            <dst id="SNVAng">6705.22133333333</dst>
            <dst id="STTLng">33117.4346666667</dst>
            <dst id="WASHng">52976.5146666667</dst>
        </src>
        <src id="NYCMng">
            <dst id="ATLA-M5">4201.15733333333</dst>
            <dst id="ATLAng">44636.2586666667</dst>
            <dst id="CHINng">88659.496</dst>
            <dst id="DNVRng">21873.2293333333</dst>
            <dst id="HSTNng">34494.0373333333</dst>
            <dst id="IPLSng">89082.1066666667</dst>
            <dst id="KSCYng">30819.776</dst>
            <dst id="LOSAng">69352.4613333333</dst>
            <dst id="NYCMng">125631.594666667</dst>
            <dst id="SNVAng">9065.42933333333</dst>
            <dst id="STTLng">29547.5893333333</dst>
            <dst id="WASHng">106808.186666667</dst>
        </src>
        <src id="SNVAng">
            <dst id="ATLA-M5">624.84</dst>
            <dst id="ATLAng">1140.224</dst>
            <dst id="CHINng">4168.256</dst>
            <dst id="DNVRng">19464.7306666667</dst>
            <dst id="HSTNng">1825.312</dst>
            <dst id="IPLSng">2249.41066666667</dst>
            <dst id="KSCYng">892.858666666667</dst>
            <dst id="LOSAng">7905.69333333333</dst>
            <dst id="NYCMng">2787.688</dst>
            <dst id="SNVAng">302.818666666667</dst>
            <dst id="STTLng">3112.12266666667</dst>
            <dst id="WASHng">2306.06666666667</dst>
        </src>
        <src id="STTLng">
            <dst id="ATLA-M5">192.197333333333</dst>
            <dst id="ATLAng">16882.0693333333</dst>
            <dst id="CHINng">46808.776</dst>
            <dst id="DNVRng">5550.02666666667</dst>
            <dst id="HSTNng">5030.37066666667</dst>
            <dst id="IPLSng">13321.6213333333</dst>
            <dst id="KSCYng">4910.08266666667</dst>
            <dst id="LOSAng">24184.136</dst>
            <dst id="NYCMng">22908.9013333333</dst>
            <dst id="SNVAng">5456.17066666667</dst>
            <dst id="STTLng">5930.872</dst>
            <dst id="WASHng">14696.6533333333</dst>
        </src>
        <src id="WASHng">
            <dst id="ATLA-M5">427.725333333333</dst>
            <dst id="ATLAng">119920.949333333</dst>
            <dst id="CHINng">81826.3626666667</dst>
            <dst id="DNVRng">53659.16</dst>
            <dst id="HSTNng">11542.472</dst>
            <dst id="IPLSng">64042.488</dst>
            <dst id="KSCYng">25147.1013333333</dst>
            <dst id="LOSAng">63282.936</dst>
            <dst id="NYCMng">195768.728</dst>
            <dst id="SNVAng">6815.984</dst>
            <dst id="STTLng">33713.6106666667</dst>
            <dst id="WASHng">196063.56</dst>
        </src>
    </IntraTM>
</TrafficMatrixFile>
