<?xml version="1.0" encoding="ISO-8859-1" standalone="yes"?>
<TrafficMatrixFile xsi:noNamespaceSchemaLocation="http://totem.run.montefiore.ulg.ac.be/Schema/TrafficMatrix-v1_2.xsd" xmlns:xsi="http://www.w3.org/2001/XMLSchema-instance">
    <IntraTM ASID="11537">
        <src id="ATLA-M5">
            <dst id="ATLA-M5">53.3333333333333</dst>
            <dst id="ATLAng">990.133333333333</dst>
            <dst id="CHINng">660.978666666667</dst>
            <dst id="DNVRng">52.4426666666667</dst>
            <dst id="HSTNng">373.968</dst>
            <dst id="IPLSng">2086.432</dst>
            <dst id="KSCYng">368.242666666667</dst>
            <dst id="LOSAng">930.445333333333</dst>
            <dst id="NYCMng">469.405333333333</dst>
            <dst id="SNVAng">215.672</dst>
            <dst id="STTLng">208.610666666667</dst>
            <dst id="WASHng">2128.048</dst>
        </src>
        <src id="ATLAng">
            <dst id="ATLA-M5">334.730666666667</dst>
            <dst id="ATLAng">59839.0773333333</dst>
            <dst id="CHINng">19356.2106666667</dst>
            <dst id="DNVRng">3707.32533333333</dst>
            <dst id="HSTNng">3091.69066666667</dst>
            <dst id="IPLSng">25168.4986666667</dst>
            <dst id="KSCYng">6203.26933333333</dst>
            <dst id="LOSAng">21679.4973333333</dst>
            <dst id="NYCMng">17633.2266666667</dst>
            <dst id="SNVAng">1626.57733333333</dst>
            <dst id="STTLng">8648.58133333333</dst>
            <dst id="WASHng">65006.0346666667</dst>
        </src>
        <src id="CHINng">
            <dst id="ATLA-M5">3621.54133333333</dst>
            <dst id="ATLAng">12039.8213333333</dst>
            <dst id="CHINng">27504.8586666667</dst>
            <dst id="DNVRng">12057.2933333333</dst>
            <dst id="HSTNng">13242.1786666667</dst>
            <dst id="IPLSng">38904.5066666667</dst>
            <dst id="KSCYng">14309.1626666667</dst>
            <dst id="LOSAng">18890.5066666667</dst>
            <dst id="NYCMng">5143.39733333333</dst>
            <dst id="SNVAng">1464.42133333333</dst>
            <dst id="STTLng">5100.016</dst>
            <dst id="WASHng">7977.41866666667</dst>
        </src>
        <src id="DNVRng">
            <dst id="ATLA-M5">247.666666666667</dst>
            <dst id="ATLAng">2580.872</dst>
            <dst id="CHINng">42793.6426666667</dst>
            <dst id="DNVRng">7417.144</dst>
            <dst id="HSTNng">2201.04266666667</dst>
            <dst id="IPLSng">10032.3173333333</dst>
            <dst id="KSCYng">22490.4533333333</dst>
            <dst id="LOSAng">19005.12</dst>
            <dst id="NYCMng">18301.3466666667</dst>
            <dst id="SNVAng">17352.2426666667</dst>
            <dst id="STTLng">19214.008</dst>
            <dst id="WASHng">14990.0613333333</dst>
        </src>
        <src id="HSTNng">
            <dst id="ATLA-M5">3565.57866666667</dst>
            <dst id="ATLAng">5984.448</dst>
            <dst id="CHINng">33471.608</dst>
            <dst id="DNVRng">2705.60266666667</dst>
            <dst id="HSTNng">7138.13333333333</dst>
            <dst id="IPLSng">12214.9253333333</dst>
            <dst id="KSCYng">4385.52266666667</dst>
            <dst id="LOSAng">4576.488</dst>
            <dst id="NYCMng">6980.624</dst>
            <dst id="SNVAng">1123.47733333333</dst>
            <dst id="STTLng">2839.68533333333</dst>
            <dst id="WASHng">7569.28</dst>
        </src>
        <src id="IPLSng">
            <dst id="ATLA-M5">3367.32533333333</dst>
            <dst id="ATLAng">34793.2373333333</dst>
            <dst id="CHINng">78534.1573333333</dst>
            <dst id="DNVRng">19273.04</dst>
            <dst id="HSTNng">5831.21333333333</dst>
            <dst id="IPLSng">28248.2746666667</dst>
            <dst id="KSCYng">16966.856</dst>
            <dst id="LOSAng">22571.9466666667</dst>
            <dst id="NYCMng">30790.9173333333</dst>
            <dst id="SNVAng">6236.33066666666</dst>
            <dst id="STTLng">17218.4613333333</dst>
            <dst id="WASHng">42452.6373333333</dst>
        </src>
        <src id="KSCYng">
            <dst id="ATLA-M5">373.52</dst>
            <dst id="ATLAng">5431.776</dst>
            <dst id="CHINng">30493.1786666667</dst>
            <dst id="DNVRng">8984.296</dst>
            <dst id="HSTNng">5955.648</dst>
            <dst id="IPLSng">15570.1653333333</dst>
            <dst id="KSCYng">7034.26933333333</dst>
            <dst id="LOSAng">6771.568</dst>
            <dst id="NYCMng">13531.728</dst>
            <dst id="SNVAng">1541.79466666667</dst>
            <dst id="STTLng">3729.83733333333</dst>
            <dst id="WASHng">12197.7973333333</dst>
        </src>
        <src id="LOSAng">
            <dst id="ATLA-M5">328.864</dst>
            <dst id="ATLAng">18808.168</dst>
            <dst id="CHINng">90189.1973333333</dst>
            <dst id="DNVRng">9269.184</dst>
            <dst id="HSTNng">24066.6666666667</dst>
            <dst id="IPLSng">36568.5653333333</dst>
            <dst id="KSCYng">9480.896</dst>
            <dst id="LOSAng">15656.9466666667</dst>
            <dst id="NYCMng">49645.8106666667</dst>
            <dst id="SNVAng">6040.37066666667</dst>
            <dst id="STTLng">33468.232</dst>
            <dst id="WASHng">55576.5013333333</dst>
        </src>
        <src id="NYCMng">
            <dst id="ATLA-M5">2466.46666666667</dst>
            <dst id="ATLAng">36617.8613333333</dst>
            <dst id="CHINng">62330.5466666666</dst>
            <dst id="DNVRng">12544.1413333333</dst>
            <dst id="HSTNng">18653.096</dst>
            <dst id="IPLSng">79308.856</dst>
            <dst id="KSCYng">30299.368</dst>
            <dst id="LOSAng">59583.0666666667</dst>
            <dst id="NYCMng">120788.250666667</dst>
            <dst id="SNVAng">8414.93333333333</dst>
            <dst id="STTLng">29293.5466666667</dst>
            <dst id="WASHng">102138.282666667</dst>
        </src>
        <src id="SNVAng">
            <dst id="ATLA-M5">60.64</dst>
            <dst id="ATLAng">906.76</dst>
            <dst id="CHINng">5795.49866666667</dst>
            <dst id="DNVRng">12105</dst>
            <dst id="HSTNng">958.376</dst>
            <dst id="IPLSng">3525.97866666667</dst>
            <dst id="KSCYng">1100.56266666667</dst>
            <dst id="LOSAng">3154.696</dst>
            <dst id="NYCMng">3765.768</dst>
            <dst id="SNVAng">735.592</dst>
            <dst id="STTLng">3979.12</dst>
            <dst id="WASHng">2534.38133333333</dst>
        </src>
        <src id="STTLng">
            <dst id="ATLA-M5">90.856</dst>
            <dst id="ATLAng">16708.0613333333</dst>
            <dst id="CHINng">24062.7973333333</dst>
            <dst id="DNVRng">5957.464</dst>
            <dst id="HSTNng">4045.14666666667</dst>
            <dst id="IPLSng">10350.432</dst>
            <dst id="KSCYng">4080.07466666667</dst>
            <dst id="LOSAng">23628.328</dst>
            <dst id="NYCMng">23992.4186666667</dst>
            <dst id="SNVAng">2952.86666666667</dst>
            <dst id="STTLng">5291.64</dst>
            <dst id="WASHng">9086.74666666667</dst>
        </src>
        <src id="WASHng">
            <dst id="ATLA-M5">621.136</dst>
            <dst id="ATLAng">138233.973333333</dst>
            <dst id="CHINng">91825.9733333333</dst>
            <dst id="DNVRng">39634.7653333333</dst>
            <dst id="HSTNng">11591.36</dst>
            <dst id="IPLSng">55174.776</dst>
            <dst id="KSCYng">10652.8373333333</dst>
            <dst id="LOSAng">57109.5013333333</dst>
            <dst id="NYCMng">161688.490666667</dst>
            <dst id="SNVAng">6745.46666666667</dst>
            <dst id="STTLng">30594.1013333333</dst>
            <dst id="WASHng">166507.536</dst>
        </src>
    </IntraTM>
</TrafficMatrixFile>
