<?xml version="1.0" encoding="ISO-8859-1" standalone="yes"?>
<TrafficMatrixFile xsi:noNamespaceSchemaLocation="http://totem.run.montefiore.ulg.ac.be/Schema/TrafficMatrix-v1_2.xsd" xmlns:xsi="http://www.w3.org/2001/XMLSchema-instance">
    <IntraTM ASID="11537">
        <src id="ATLA-M5">
            <dst id="ATLA-M5">0</dst>
            <dst id="ATLAng">2702.66933333333</dst>
            <dst id="CHINng">1039.13333333333</dst>
            <dst id="DNVRng">213.866666666667</dst>
            <dst id="HSTNng">165.066666666667</dst>
            <dst id="IPLSng">3272.67466666667</dst>
            <dst id="KSCYng">230.474666666667</dst>
            <dst id="LOSAng">287.552</dst>
            <dst id="NYCMng">195.450666666667</dst>
            <dst id="SNVAng">105.552</dst>
            <dst id="STTLng">377.637333333333</dst>
            <dst id="WASHng">1934.52</dst>
        </src>
        <src id="ATLAng">
            <dst id="ATLA-M5">2319.75466666667</dst>
            <dst id="ATLAng">42627.9813333333</dst>
            <dst id="CHINng">21739.384</dst>
            <dst id="DNVRng">5319.28266666667</dst>
            <dst id="HSTNng">13643.128</dst>
            <dst id="IPLSng">21357.4</dst>
            <dst id="KSCYng">6914.93066666667</dst>
            <dst id="LOSAng">19500.992</dst>
            <dst id="NYCMng">12316.84</dst>
            <dst id="SNVAng">4355.008</dst>
            <dst id="STTLng">9499.76533333333</dst>
            <dst id="WASHng">61492.8</dst>
        </src>
        <src id="CHINng">
            <dst id="ATLA-M5">466.082666666667</dst>
            <dst id="ATLAng">17529.984</dst>
            <dst id="CHINng">37190.696</dst>
            <dst id="DNVRng">13597.3333333333</dst>
            <dst id="HSTNng">9764.304</dst>
            <dst id="IPLSng">27263.6826666667</dst>
            <dst id="KSCYng">9947.032</dst>
            <dst id="LOSAng">23918.472</dst>
            <dst id="NYCMng">8335.272</dst>
            <dst id="SNVAng">4027.14666666667</dst>
            <dst id="STTLng">6560.70666666667</dst>
            <dst id="WASHng">15265.904</dst>
        </src>
        <src id="DNVRng">
            <dst id="ATLA-M5">725.04</dst>
            <dst id="ATLAng">4824.49333333333</dst>
            <dst id="CHINng">30960.92</dst>
            <dst id="DNVRng">4563.61066666667</dst>
            <dst id="HSTNng">4507.33333333333</dst>
            <dst id="IPLSng">7425.2</dst>
            <dst id="KSCYng">12140.032</dst>
            <dst id="LOSAng">23072.696</dst>
            <dst id="NYCMng">13040.4826666667</dst>
            <dst id="SNVAng">10398.6773333333</dst>
            <dst id="STTLng">12132.6293333333</dst>
            <dst id="WASHng">20083.5333333333</dst>
        </src>
        <src id="HSTNng">
            <dst id="ATLA-M5">2529.208</dst>
            <dst id="ATLAng">2973.98666666667</dst>
            <dst id="CHINng">27104.064</dst>
            <dst id="DNVRng">3208.79466666667</dst>
            <dst id="HSTNng">3161.42933333333</dst>
            <dst id="IPLSng">8479.45866666667</dst>
            <dst id="KSCYng">2523.72533333333</dst>
            <dst id="LOSAng">5936.064</dst>
            <dst id="NYCMng">5571.92533333333</dst>
            <dst id="SNVAng">3073.66133333333</dst>
            <dst id="STTLng">4889.69866666667</dst>
            <dst id="WASHng">7528.39733333333</dst>
        </src>
        <src id="IPLSng">
            <dst id="ATLA-M5">1370.624</dst>
            <dst id="ATLAng">19191.8826666667</dst>
            <dst id="CHINng">95561.8666666667</dst>
            <dst id="DNVRng">9527.30933333333</dst>
            <dst id="HSTNng">7450.02666666667</dst>
            <dst id="IPLSng">24272.36</dst>
            <dst id="KSCYng">18487.8266666667</dst>
            <dst id="LOSAng">20840.2666666667</dst>
            <dst id="NYCMng">35128.352</dst>
            <dst id="SNVAng">9228.16533333333</dst>
            <dst id="STTLng">10536.6746666667</dst>
            <dst id="WASHng">33639.8666666667</dst>
        </src>
        <src id="KSCYng">
            <dst id="ATLA-M5">590.645333333333</dst>
            <dst id="ATLAng">8057.28533333333</dst>
            <dst id="CHINng">37850.6533333333</dst>
            <dst id="DNVRng">8272.62133333333</dst>
            <dst id="HSTNng">5762.752</dst>
            <dst id="IPLSng">12587.9573333333</dst>
            <dst id="KSCYng">7153.28533333333</dst>
            <dst id="LOSAng">10252.632</dst>
            <dst id="NYCMng">10008.744</dst>
            <dst id="SNVAng">1820.71733333333</dst>
            <dst id="STTLng">2829.168</dst>
            <dst id="WASHng">12340.7786666667</dst>
        </src>
        <src id="LOSAng">
            <dst id="ATLA-M5">180.792</dst>
            <dst id="ATLAng">18014.0213333333</dst>
            <dst id="CHINng">97564.4533333333</dst>
            <dst id="DNVRng">8510.45066666667</dst>
            <dst id="HSTNng">8572.224</dst>
            <dst id="IPLSng">37031.6426666667</dst>
            <dst id="KSCYng">13734.9253333333</dst>
            <dst id="LOSAng">13236.8613333333</dst>
            <dst id="NYCMng">52607.3066666667</dst>
            <dst id="SNVAng">3112.89333333333</dst>
            <dst id="STTLng">32116.8186666667</dst>
            <dst id="WASHng">60788.088</dst>
        </src>
        <src id="NYCMng">
            <dst id="ATLA-M5">1577.17066666667</dst>
            <dst id="ATLAng">42455.0613333333</dst>
            <dst id="CHINng">77571.0933333333</dst>
            <dst id="DNVRng">16603.488</dst>
            <dst id="HSTNng">40547.6453333333</dst>
            <dst id="IPLSng">69075.2346666667</dst>
            <dst id="KSCYng">27604.904</dst>
            <dst id="LOSAng">76505.4906666667</dst>
            <dst id="NYCMng">157071.701333333</dst>
            <dst id="SNVAng">7247.05066666667</dst>
            <dst id="STTLng">22472.3013333333</dst>
            <dst id="WASHng">71208.288</dst>
        </src>
        <src id="SNVAng">
            <dst id="ATLA-M5">137.149333333333</dst>
            <dst id="ATLAng">571.274666666667</dst>
            <dst id="CHINng">5193.11466666667</dst>
            <dst id="DNVRng">9948.984</dst>
            <dst id="HSTNng">1296.59733333333</dst>
            <dst id="IPLSng">4302.07733333333</dst>
            <dst id="KSCYng">1066.34666666667</dst>
            <dst id="LOSAng">2516.424</dst>
            <dst id="NYCMng">3346.65333333333</dst>
            <dst id="SNVAng">458.813333333333</dst>
            <dst id="STTLng">4155.62666666667</dst>
            <dst id="WASHng">2225.992</dst>
        </src>
        <src id="STTLng">
            <dst id="ATLA-M5">776.698666666667</dst>
            <dst id="ATLAng">15566.1226666667</dst>
            <dst id="CHINng">42262.2346666667</dst>
            <dst id="DNVRng">4727.304</dst>
            <dst id="HSTNng">3876.07466666667</dst>
            <dst id="IPLSng">15035.7013333333</dst>
            <dst id="KSCYng">5282.68533333333</dst>
            <dst id="LOSAng">22365.5653333333</dst>
            <dst id="NYCMng">16925.2053333333</dst>
            <dst id="SNVAng">5568.6</dst>
            <dst id="STTLng">3646.272</dst>
            <dst id="WASHng">11193.3306666667</dst>
        </src>
        <src id="WASHng">
            <dst id="ATLA-M5">1890.09066666667</dst>
            <dst id="ATLAng">114928.88</dst>
            <dst id="CHINng">89854.7306666667</dst>
            <dst id="DNVRng">39473.672</dst>
            <dst id="HSTNng">16730.5573333333</dst>
            <dst id="IPLSng">46470.504</dst>
            <dst id="KSCYng">20347.2773333333</dst>
            <dst id="LOSAng">75489.7306666667</dst>
            <dst id="NYCMng">152263.445333333</dst>
            <dst id="SNVAng">4383.056</dst>
            <dst id="STTLng">38003.6666666667</dst>
            <dst id="WASHng">274665.12</dst>
        </src>
    </IntraTM>
</TrafficMatrixFile>
