<?xml version="1.0" encoding="ISO-8859-1" standalone="yes"?>
<TrafficMatrixFile xsi:noNamespaceSchemaLocation="http://totem.run.montefiore.ulg.ac.be/Schema/TrafficMatrix-v1_2.xsd" xmlns:xsi="http://www.w3.org/2001/XMLSchema-instance">
    <IntraTM ASID="11537">
        <src id="ATLA-M5">
            <dst id="ATLA-M5">0</dst>
            <dst id="ATLAng">959.296</dst>
            <dst id="CHINng">2008.33866666667</dst>
            <dst id="DNVRng">1204.09333333333</dst>
            <dst id="HSTNng">2997.37066666667</dst>
            <dst id="IPLSng">858.050666666667</dst>
            <dst id="KSCYng">663.68</dst>
            <dst id="LOSAng">1119.54666666667</dst>
            <dst id="NYCMng">377.544</dst>
            <dst id="SNVAng">497.397333333333</dst>
            <dst id="STTLng">194.768</dst>
            <dst id="WASHng">3430.59466666667</dst>
        </src>
        <src id="ATLAng">
            <dst id="ATLA-M5">1057.128</dst>
            <dst id="ATLAng">80083.1413333333</dst>
            <dst id="CHINng">36206.0933333333</dst>
            <dst id="DNVRng">5830.07733333333</dst>
            <dst id="HSTNng">8995.336</dst>
            <dst id="IPLSng">27193.7706666667</dst>
            <dst id="KSCYng">12606.0213333333</dst>
            <dst id="LOSAng">23946.256</dst>
            <dst id="NYCMng">21285.504</dst>
            <dst id="SNVAng">2325.97066666667</dst>
            <dst id="STTLng">8796.61066666667</dst>
            <dst id="WASHng">55289.9546666667</dst>
        </src>
        <src id="CHINng">
            <dst id="ATLA-M5">2092.71466666667</dst>
            <dst id="ATLAng">15216.0373333333</dst>
            <dst id="CHINng">42371.32</dst>
            <dst id="DNVRng">10075.96</dst>
            <dst id="HSTNng">7984.02933333333</dst>
            <dst id="IPLSng">41467.048</dst>
            <dst id="KSCYng">8005.66933333334</dst>
            <dst id="LOSAng">35199.3146666667</dst>
            <dst id="NYCMng">4848.22133333333</dst>
            <dst id="SNVAng">1987.944</dst>
            <dst id="STTLng">9484.36</dst>
            <dst id="WASHng">10853.2773333333</dst>
        </src>
        <src id="DNVRng">
            <dst id="ATLA-M5">424.824</dst>
            <dst id="ATLAng">4920.064</dst>
            <dst id="CHINng">29715.2026666667</dst>
            <dst id="DNVRng">5942.84</dst>
            <dst id="HSTNng">7703.43733333333</dst>
            <dst id="IPLSng">9599.104</dst>
            <dst id="KSCYng">14574.1626666667</dst>
            <dst id="LOSAng">14203.112</dst>
            <dst id="NYCMng">13994.0293333333</dst>
            <dst id="SNVAng">14976.0533333333</dst>
            <dst id="STTLng">17708</dst>
            <dst id="WASHng">18985.032</dst>
        </src>
        <src id="HSTNng">
            <dst id="ATLA-M5">1302.248</dst>
            <dst id="ATLAng">6096.01066666667</dst>
            <dst id="CHINng">29867.6533333333</dst>
            <dst id="DNVRng">4152.37333333333</dst>
            <dst id="HSTNng">10575.1893333333</dst>
            <dst id="IPLSng">14243.744</dst>
            <dst id="KSCYng">5161.216</dst>
            <dst id="LOSAng">17866.08</dst>
            <dst id="NYCMng">5944.30133333333</dst>
            <dst id="SNVAng">3602.136</dst>
            <dst id="STTLng">3633.36</dst>
            <dst id="WASHng">7854.42933333333</dst>
        </src>
        <src id="IPLSng">
            <dst id="ATLA-M5">654.914666666667</dst>
            <dst id="ATLAng">19242.3893333333</dst>
            <dst id="CHINng">99149.2186666667</dst>
            <dst id="DNVRng">13059.1546666667</dst>
            <dst id="HSTNng">8064.02133333333</dst>
            <dst id="IPLSng">23730.1813333333</dst>
            <dst id="KSCYng">11928.5093333333</dst>
            <dst id="LOSAng">24785.1973333333</dst>
            <dst id="NYCMng">36014.016</dst>
            <dst id="SNVAng">3076.81066666667</dst>
            <dst id="STTLng">12033.36</dst>
            <dst id="WASHng">32948.4426666667</dst>
        </src>
        <src id="KSCYng">
            <dst id="ATLA-M5">694.722666666667</dst>
            <dst id="ATLAng">7670.06133333333</dst>
            <dst id="CHINng">33772.2213333333</dst>
            <dst id="DNVRng">14001.7093333333</dst>
            <dst id="HSTNng">6967.448</dst>
            <dst id="IPLSng">17392.5066666667</dst>
            <dst id="KSCYng">5559.792</dst>
            <dst id="LOSAng">9617.808</dst>
            <dst id="NYCMng">13472.6106666667</dst>
            <dst id="SNVAng">2002.45066666667</dst>
            <dst id="STTLng">2917.84533333333</dst>
            <dst id="WASHng">17867.896</dst>
        </src>
        <src id="LOSAng">
            <dst id="ATLA-M5">612.432</dst>
            <dst id="ATLAng">15887.1146666667</dst>
            <dst id="CHINng">93567.856</dst>
            <dst id="DNVRng">10859.5306666667</dst>
            <dst id="HSTNng">16418.648</dst>
            <dst id="IPLSng">52936.5893333333</dst>
            <dst id="KSCYng">12493.7733333333</dst>
            <dst id="LOSAng">14475.3626666667</dst>
            <dst id="NYCMng">54629.7946666667</dst>
            <dst id="SNVAng">14188.2106666667</dst>
            <dst id="STTLng">28743.2586666667</dst>
            <dst id="WASHng">39515.528</dst>
        </src>
        <src id="NYCMng">
            <dst id="ATLA-M5">3341.28266666667</dst>
            <dst id="ATLAng">39634.8533333333</dst>
            <dst id="CHINng">75132.8773333333</dst>
            <dst id="DNVRng">22465.0426666667</dst>
            <dst id="HSTNng">49707.232</dst>
            <dst id="IPLSng">73857.3786666667</dst>
            <dst id="KSCYng">23196.9013333333</dst>
            <dst id="LOSAng">72512.0053333333</dst>
            <dst id="NYCMng">127281.162666667</dst>
            <dst id="SNVAng">8374.20533333333</dst>
            <dst id="STTLng">33521.0986666667</dst>
            <dst id="WASHng">92103.1573333333</dst>
        </src>
        <src id="SNVAng">
            <dst id="ATLA-M5">221.362666666667</dst>
            <dst id="ATLAng">557.224</dst>
            <dst id="CHINng">8133.20266666667</dst>
            <dst id="DNVRng">9547.216</dst>
            <dst id="HSTNng">1576.22666666667</dst>
            <dst id="IPLSng">2216.28533333333</dst>
            <dst id="KSCYng">1547.31466666667</dst>
            <dst id="LOSAng">3870.66666666667</dst>
            <dst id="NYCMng">2483.77866666667</dst>
            <dst id="SNVAng">703.018666666667</dst>
            <dst id="STTLng">1878.744</dst>
            <dst id="WASHng">2683.98933333333</dst>
        </src>
        <src id="STTLng">
            <dst id="ATLA-M5">163.501333333333</dst>
            <dst id="ATLAng">17064.304</dst>
            <dst id="CHINng">42339.04</dst>
            <dst id="DNVRng">7569.824</dst>
            <dst id="HSTNng">3816.848</dst>
            <dst id="IPLSng">12976.024</dst>
            <dst id="KSCYng">9963.944</dst>
            <dst id="LOSAng">24442.8693333333</dst>
            <dst id="NYCMng">24764.9013333333</dst>
            <dst id="SNVAng">3471.04533333333</dst>
            <dst id="STTLng">5110.83466666667</dst>
            <dst id="WASHng">13274.3386666667</dst>
        </src>
        <src id="WASHng">
            <dst id="ATLA-M5">1082.25866666667</dst>
            <dst id="ATLAng">116035.898666667</dst>
            <dst id="CHINng">103722.421333333</dst>
            <dst id="DNVRng">31823.9866666667</dst>
            <dst id="HSTNng">16079.4266666667</dst>
            <dst id="IPLSng">68583.0853333333</dst>
            <dst id="KSCYng">21883.624</dst>
            <dst id="LOSAng">75970.88</dst>
            <dst id="NYCMng">164324.629333333</dst>
            <dst id="SNVAng">7654.13866666667</dst>
            <dst id="STTLng">33465.1146666667</dst>
            <dst id="WASHng">165582.661333333</dst>
        </src>
    </IntraTM>
</TrafficMatrixFile>
