<?xml version="1.0" encoding="ISO-8859-1" standalone="yes"?>
<TrafficMatrixFile xsi:noNamespaceSchemaLocation="http://totem.run.montefiore.ulg.ac.be/Schema/TrafficMatrix-v1_2.xsd" xmlns:xsi="http://www.w3.org/2001/XMLSchema-instance">
    <IntraTM ASID="11537">
        <src id="ATLA-M5">
            <dst id="ATLA-M5">72.1066666666667</dst>
            <dst id="ATLAng">891.672</dst>
            <dst id="CHINng">1966.72266666667</dst>
            <dst id="DNVRng">170.656</dst>
            <dst id="HSTNng">322.186666666667</dst>
            <dst id="IPLSng">2690.77066666667</dst>
            <dst id="KSCYng">305.152</dst>
            <dst id="LOSAng">2992.89066666667</dst>
            <dst id="NYCMng">919.381333333333</dst>
            <dst id="SNVAng">212.794666666667</dst>
            <dst id="STTLng">208.677333333333</dst>
            <dst id="WASHng">3082.128</dst>
        </src>
        <src id="ATLAng">
            <dst id="ATLA-M5">408.144</dst>
            <dst id="ATLAng">21341.5013333333</dst>
            <dst id="CHINng">26313.5866666667</dst>
            <dst id="DNVRng">7314.22133333333</dst>
            <dst id="HSTNng">5567.22933333333</dst>
            <dst id="IPLSng">28468.9226666667</dst>
            <dst id="KSCYng">4973.39733333333</dst>
            <dst id="LOSAng">19298.8506666667</dst>
            <dst id="NYCMng">13063.8853333333</dst>
            <dst id="SNVAng">2324.19733333333</dst>
            <dst id="STTLng">7682.39733333333</dst>
            <dst id="WASHng">71414.6373333333</dst>
        </src>
        <src id="CHINng">
            <dst id="ATLA-M5">691.909333333333</dst>
            <dst id="ATLAng">8482.10666666667</dst>
            <dst id="CHINng">39906.6186666667</dst>
            <dst id="DNVRng">10503.2506666667</dst>
            <dst id="HSTNng">15994.7226666667</dst>
            <dst id="IPLSng">17844.3573333333</dst>
            <dst id="KSCYng">11271.432</dst>
            <dst id="LOSAng">33385.0133333333</dst>
            <dst id="NYCMng">10591.8453333333</dst>
            <dst id="SNVAng">3628.74933333333</dst>
            <dst id="STTLng">5930.088</dst>
            <dst id="WASHng">13334.5253333333</dst>
        </src>
        <src id="DNVRng">
            <dst id="ATLA-M5">899.552</dst>
            <dst id="ATLAng">9084.40266666667</dst>
            <dst id="CHINng">67375.8426666667</dst>
            <dst id="DNVRng">17697.416</dst>
            <dst id="HSTNng">15135.52</dst>
            <dst id="IPLSng">32040.9386666667</dst>
            <dst id="KSCYng">17756.936</dst>
            <dst id="LOSAng">9949.368</dst>
            <dst id="NYCMng">27450.3946666667</dst>
            <dst id="SNVAng">8608.70933333333</dst>
            <dst id="STTLng">9583.53066666667</dst>
            <dst id="WASHng">52217.768</dst>
        </src>
        <src id="HSTNng">
            <dst id="ATLA-M5">2545.29866666667</dst>
            <dst id="ATLAng">10597.9146666667</dst>
            <dst id="CHINng">24989.1573333333</dst>
            <dst id="DNVRng">3884.62933333334</dst>
            <dst id="HSTNng">7568.33866666667</dst>
            <dst id="IPLSng">9490.83733333333</dst>
            <dst id="KSCYng">4104.06666666667</dst>
            <dst id="LOSAng">10534.8106666667</dst>
            <dst id="NYCMng">10622.64</dst>
            <dst id="SNVAng">2965.07733333333</dst>
            <dst id="STTLng">2656.71466666667</dst>
            <dst id="WASHng">10861.504</dst>
        </src>
        <src id="IPLSng">
            <dst id="ATLA-M5">1688.18933333333</dst>
            <dst id="ATLAng">23378.9626666667</dst>
            <dst id="CHINng">96091.0986666666</dst>
            <dst id="DNVRng">24616.5546666667</dst>
            <dst id="HSTNng">7667.57333333333</dst>
            <dst id="IPLSng">26185.0266666667</dst>
            <dst id="KSCYng">17111.248</dst>
            <dst id="LOSAng">23705.8346666667</dst>
            <dst id="NYCMng">40656.1706666667</dst>
            <dst id="SNVAng">3429.19733333333</dst>
            <dst id="STTLng">12636.5573333333</dst>
            <dst id="WASHng">40108.9413333334</dst>
        </src>
        <src id="KSCYng">
            <dst id="ATLA-M5">504.498666666667</dst>
            <dst id="ATLAng">5222.64</dst>
            <dst id="CHINng">39331.128</dst>
            <dst id="DNVRng">10806.4693333333</dst>
            <dst id="HSTNng">5452.14666666667</dst>
            <dst id="IPLSng">13865.8346666667</dst>
            <dst id="KSCYng">10187.56</dst>
            <dst id="LOSAng">9026.53066666667</dst>
            <dst id="NYCMng">4414.2</dst>
            <dst id="SNVAng">2145.30933333333</dst>
            <dst id="STTLng">3021.15466666667</dst>
            <dst id="WASHng">17908.576</dst>
        </src>
        <src id="LOSAng">
            <dst id="ATLA-M5">583.853333333333</dst>
            <dst id="ATLAng">19500.5573333333</dst>
            <dst id="CHINng">143312.536</dst>
            <dst id="DNVRng">17047.7093333333</dst>
            <dst id="HSTNng">9298.14133333333</dst>
            <dst id="IPLSng">37170.9013333333</dst>
            <dst id="KSCYng">10465.6666666667</dst>
            <dst id="LOSAng">25984.728</dst>
            <dst id="NYCMng">57099.056</dst>
            <dst id="SNVAng">10224.3813333333</dst>
            <dst id="STTLng">24606.9173333333</dst>
            <dst id="WASHng">71641.7093333333</dst>
        </src>
        <src id="NYCMng">
            <dst id="ATLA-M5">4260.992</dst>
            <dst id="ATLAng">44970.3066666667</dst>
            <dst id="CHINng">73881.496</dst>
            <dst id="DNVRng">33942.6746666667</dst>
            <dst id="HSTNng">36906.8106666667</dst>
            <dst id="IPLSng">64493.0266666667</dst>
            <dst id="KSCYng">23236.8906666667</dst>
            <dst id="LOSAng">85641.224</dst>
            <dst id="NYCMng">132623</dst>
            <dst id="SNVAng">8548.77333333333</dst>
            <dst id="STTLng">32188.3813333333</dst>
            <dst id="WASHng">104146.029333333</dst>
        </src>
        <src id="SNVAng">
            <dst id="ATLA-M5">112.837333333333</dst>
            <dst id="ATLAng">533.058666666667</dst>
            <dst id="CHINng">4625.25866666667</dst>
            <dst id="DNVRng">4619.82933333333</dst>
            <dst id="HSTNng">901.914666666666</dst>
            <dst id="IPLSng">2097.696</dst>
            <dst id="KSCYng">1239.74666666667</dst>
            <dst id="LOSAng">36731.992</dst>
            <dst id="NYCMng">2057.95466666667</dst>
            <dst id="SNVAng">15905.1573333333</dst>
            <dst id="STTLng">54255.5013333333</dst>
            <dst id="WASHng">1645.56533333333</dst>
        </src>
        <src id="STTLng">
            <dst id="ATLA-M5">104.861333333333</dst>
            <dst id="ATLAng">10475.544</dst>
            <dst id="CHINng">53133.6986666667</dst>
            <dst id="DNVRng">7272.25866666666</dst>
            <dst id="HSTNng">3658.032</dst>
            <dst id="IPLSng">11469.7733333333</dst>
            <dst id="KSCYng">6306.31733333333</dst>
            <dst id="LOSAng">31483.448</dst>
            <dst id="NYCMng">22691.8213333333</dst>
            <dst id="SNVAng">5929.39733333333</dst>
            <dst id="STTLng">12453.4773333333</dst>
            <dst id="WASHng">22893.864</dst>
        </src>
        <src id="WASHng">
            <dst id="ATLA-M5">1937.97866666667</dst>
            <dst id="ATLAng">121432.92</dst>
            <dst id="CHINng">90630.032</dst>
            <dst id="DNVRng">48962.064</dst>
            <dst id="HSTNng">21022.2213333333</dst>
            <dst id="IPLSng">92439.9786666666</dst>
            <dst id="KSCYng">15152.4453333333</dst>
            <dst id="LOSAng">64010.5653333333</dst>
            <dst id="NYCMng">206395.192</dst>
            <dst id="SNVAng">21114.6933333333</dst>
            <dst id="STTLng">40927.952</dst>
            <dst id="WASHng">249126.632</dst>
        </src>
    </IntraTM>
</TrafficMatrixFile>
