<?xml version="1.0" encoding="ISO-8859-1" standalone="yes"?>
<TrafficMatrixFile xsi:noNamespaceSchemaLocation="http://totem.run.montefiore.ulg.ac.be/Schema/TrafficMatrix-v1_2.xsd" xmlns:xsi="http://www.w3.org/2001/XMLSchema-instance">
    <IntraTM ASID="11537">
        <src id="ATLA-M5">
            <dst id="ATLA-M5">113.952</dst>
            <dst id="ATLAng">808.192</dst>
            <dst id="CHINng">2853.95733333333</dst>
            <dst id="DNVRng">391.018666666667</dst>
            <dst id="HSTNng">362.221333333333</dst>
            <dst id="IPLSng">1168.30666666667</dst>
            <dst id="KSCYng">921.76</dst>
            <dst id="LOSAng">356.578666666667</dst>
            <dst id="NYCMng">616.272</dst>
            <dst id="SNVAng">236.832</dst>
            <dst id="STTLng">141.301333333333</dst>
            <dst id="WASHng">1820.12</dst>
        </src>
        <src id="ATLAng">
            <dst id="ATLA-M5">1377.66666666667</dst>
            <dst id="ATLAng">22185.2133333333</dst>
            <dst id="CHINng">38546.0586666667</dst>
            <dst id="DNVRng">7408.34133333333</dst>
            <dst id="HSTNng">5403.38666666667</dst>
            <dst id="IPLSng">29782.7173333333</dst>
            <dst id="KSCYng">7597.79466666667</dst>
            <dst id="LOSAng">22491.328</dst>
            <dst id="NYCMng">26010.512</dst>
            <dst id="SNVAng">2656.41866666667</dst>
            <dst id="STTLng">6302.93066666667</dst>
            <dst id="WASHng">72238.4293333333</dst>
        </src>
        <src id="CHINng">
            <dst id="ATLA-M5">813.997333333333</dst>
            <dst id="ATLAng">20438.9493333333</dst>
            <dst id="CHINng">40502.592</dst>
            <dst id="DNVRng">10617.8453333333</dst>
            <dst id="HSTNng">30080.944</dst>
            <dst id="IPLSng">21149.0826666667</dst>
            <dst id="KSCYng">11800.56</dst>
            <dst id="LOSAng">35480.9653333333</dst>
            <dst id="NYCMng">10639.048</dst>
            <dst id="SNVAng">4213.02133333333</dst>
            <dst id="STTLng">5168.44533333333</dst>
            <dst id="WASHng">11746.9413333333</dst>
        </src>
        <src id="DNVRng">
            <dst id="ATLA-M5">1556.76</dst>
            <dst id="ATLAng">6589.592</dst>
            <dst id="CHINng">57488.8426666667</dst>
            <dst id="DNVRng">9175.752</dst>
            <dst id="HSTNng">13463.424</dst>
            <dst id="IPLSng">30823.488</dst>
            <dst id="KSCYng">17495.8693333333</dst>
            <dst id="LOSAng">9085.24266666667</dst>
            <dst id="NYCMng">27129.0933333333</dst>
            <dst id="SNVAng">7001.21866666667</dst>
            <dst id="STTLng">8046.26666666667</dst>
            <dst id="WASHng">49181.5653333333</dst>
        </src>
        <src id="HSTNng">
            <dst id="ATLA-M5">757.626666666667</dst>
            <dst id="ATLAng">6954.18666666667</dst>
            <dst id="CHINng">42720.2106666667</dst>
            <dst id="DNVRng">3614.79466666667</dst>
            <dst id="HSTNng">11779.456</dst>
            <dst id="IPLSng">10979.5626666667</dst>
            <dst id="KSCYng">3555.93866666667</dst>
            <dst id="LOSAng">107055.610666667</dst>
            <dst id="NYCMng">5026.28266666667</dst>
            <dst id="SNVAng">1875.96266666667</dst>
            <dst id="STTLng">2432.98133333333</dst>
            <dst id="WASHng">8941.96533333333</dst>
        </src>
        <src id="IPLSng">
            <dst id="ATLA-M5">2165.632</dst>
            <dst id="ATLAng">16813.1866666667</dst>
            <dst id="CHINng">82728.0213333334</dst>
            <dst id="DNVRng">26784.5013333333</dst>
            <dst id="HSTNng">6989.01066666667</dst>
            <dst id="IPLSng">21488.024</dst>
            <dst id="KSCYng">18561.6746666667</dst>
            <dst id="LOSAng">31174.032</dst>
            <dst id="NYCMng">41985.7306666667</dst>
            <dst id="SNVAng">3332.13333333333</dst>
            <dst id="STTLng">12282.544</dst>
            <dst id="WASHng">41055.832</dst>
        </src>
        <src id="KSCYng">
            <dst id="ATLA-M5">645.373333333333</dst>
            <dst id="ATLAng">5658.256</dst>
            <dst id="CHINng">33333.7573333333</dst>
            <dst id="DNVRng">12386.4293333333</dst>
            <dst id="HSTNng">5243.32</dst>
            <dst id="IPLSng">12679.3306666667</dst>
            <dst id="KSCYng">4939.50133333333</dst>
            <dst id="LOSAng">7974.92266666667</dst>
            <dst id="NYCMng">6010.39733333333</dst>
            <dst id="SNVAng">1853.912</dst>
            <dst id="STTLng">4459.78933333333</dst>
            <dst id="WASHng">13177.7253333333</dst>
        </src>
        <src id="LOSAng">
            <dst id="ATLA-M5">903.482666666667</dst>
            <dst id="ATLAng">28989.9706666667</dst>
            <dst id="CHINng">131939.2</dst>
            <dst id="DNVRng">14040.0213333333</dst>
            <dst id="HSTNng">14268.7573333333</dst>
            <dst id="IPLSng">44526.4746666667</dst>
            <dst id="KSCYng">12133.5413333333</dst>
            <dst id="LOSAng">24280.8266666667</dst>
            <dst id="NYCMng">55144.2293333333</dst>
            <dst id="SNVAng">11702.8373333333</dst>
            <dst id="STTLng">29513.352</dst>
            <dst id="WASHng">61003.928</dst>
        </src>
        <src id="NYCMng">
            <dst id="ATLA-M5">7750.33066666667</dst>
            <dst id="ATLAng">38467.3573333333</dst>
            <dst id="CHINng">67916.5573333333</dst>
            <dst id="DNVRng">43419.3973333333</dst>
            <dst id="HSTNng">37665.704</dst>
            <dst id="IPLSng">64332.008</dst>
            <dst id="KSCYng">27755.8133333333</dst>
            <dst id="LOSAng">87381.2826666667</dst>
            <dst id="NYCMng">115519.021333333</dst>
            <dst id="SNVAng">9151.216</dst>
            <dst id="STTLng">32830.848</dst>
            <dst id="WASHng">168949.216</dst>
        </src>
        <src id="SNVAng">
            <dst id="ATLA-M5">203.424</dst>
            <dst id="ATLAng">914.341333333333</dst>
            <dst id="CHINng">6862.144</dst>
            <dst id="DNVRng">11549.1066666667</dst>
            <dst id="HSTNng">2467.75466666667</dst>
            <dst id="IPLSng">1958.56533333333</dst>
            <dst id="KSCYng">2128.78133333333</dst>
            <dst id="LOSAng">37366.8826666667</dst>
            <dst id="NYCMng">2396.424</dst>
            <dst id="SNVAng">16605.2186666667</dst>
            <dst id="STTLng">57849.9546666667</dst>
            <dst id="WASHng">1457.14666666667</dst>
        </src>
        <src id="STTLng">
            <dst id="ATLA-M5">251.602666666667</dst>
            <dst id="ATLAng">13155.2373333333</dst>
            <dst id="CHINng">51461</dst>
            <dst id="DNVRng">7414.32</dst>
            <dst id="HSTNng">6029.49333333333</dst>
            <dst id="IPLSng">12583.224</dst>
            <dst id="KSCYng">7302.40266666667</dst>
            <dst id="LOSAng">31204.216</dst>
            <dst id="NYCMng">23893.5706666667</dst>
            <dst id="SNVAng">4316.97333333333</dst>
            <dst id="STTLng">23854.2186666667</dst>
            <dst id="WASHng">13105.6426666667</dst>
        </src>
        <src id="WASHng">
            <dst id="ATLA-M5">456.037333333333</dst>
            <dst id="ATLAng">115293.749333333</dst>
            <dst id="CHINng">83987.64</dst>
            <dst id="DNVRng">41840.9706666667</dst>
            <dst id="HSTNng">39856.792</dst>
            <dst id="IPLSng">91322.184</dst>
            <dst id="KSCYng">19235.9226666667</dst>
            <dst id="LOSAng">61544.672</dst>
            <dst id="NYCMng">161283.608</dst>
            <dst id="SNVAng">17920.016</dst>
            <dst id="STTLng">36567.72</dst>
            <dst id="WASHng">258721.685333333</dst>
        </src>
    </IntraTM>
</TrafficMatrixFile>
