<?xml version="1.0" encoding="ISO-8859-1" standalone="yes"?>
<TrafficMatrixFile xsi:noNamespaceSchemaLocation="http://totem.run.montefiore.ulg.ac.be/Schema/TrafficMatrix-v1_2.xsd" xmlns:xsi="http://www.w3.org/2001/XMLSchema-instance">
    <IntraTM ASID="11537">
        <src id="ATLA-M5">
            <dst id="ATLA-M5">26.6666666666667</dst>
            <dst id="ATLAng">695.490666666667</dst>
            <dst id="CHINng">916.752</dst>
            <dst id="DNVRng">236.613333333333</dst>
            <dst id="HSTNng">912.008</dst>
            <dst id="IPLSng">1154.90933333333</dst>
            <dst id="KSCYng">412.944</dst>
            <dst id="LOSAng">1308.04266666667</dst>
            <dst id="NYCMng">2390.29066666667</dst>
            <dst id="SNVAng">254.304</dst>
            <dst id="STTLng">299.146666666667</dst>
            <dst id="WASHng">2353.40266666667</dst>
        </src>
        <src id="ATLAng">
            <dst id="ATLA-M5">1436.06933333333</dst>
            <dst id="ATLAng">14490.056</dst>
            <dst id="CHINng">35182.3946666667</dst>
            <dst id="DNVRng">8118.92533333333</dst>
            <dst id="HSTNng">4137.04266666667</dst>
            <dst id="IPLSng">27090.5253333333</dst>
            <dst id="KSCYng">6371.71733333333</dst>
            <dst id="LOSAng">15452.5906666667</dst>
            <dst id="NYCMng">14504.7173333333</dst>
            <dst id="SNVAng">1523.00933333333</dst>
            <dst id="STTLng">5390.91466666667</dst>
            <dst id="WASHng">86530.7253333333</dst>
        </src>
        <src id="CHINng">
            <dst id="ATLA-M5">807.794666666667</dst>
            <dst id="ATLAng">12264.7466666667</dst>
            <dst id="CHINng">60896.2293333333</dst>
            <dst id="DNVRng">18107.9253333333</dst>
            <dst id="HSTNng">22350.56</dst>
            <dst id="IPLSng">38181.9946666667</dst>
            <dst id="KSCYng">11796.4346666667</dst>
            <dst id="LOSAng">30184.0933333333</dst>
            <dst id="NYCMng">10223.0506666667</dst>
            <dst id="SNVAng">1489.20266666667</dst>
            <dst id="STTLng">5842.81066666667</dst>
            <dst id="WASHng">12865.072</dst>
        </src>
        <src id="DNVRng">
            <dst id="ATLA-M5">439.88</dst>
            <dst id="ATLAng">6609.35733333333</dst>
            <dst id="CHINng">67317.624</dst>
            <dst id="DNVRng">16987.3253333333</dst>
            <dst id="HSTNng">14107.328</dst>
            <dst id="IPLSng">29491.448</dst>
            <dst id="KSCYng">18594.528</dst>
            <dst id="LOSAng">8686.224</dst>
            <dst id="NYCMng">26226.832</dst>
            <dst id="SNVAng">9875.31733333333</dst>
            <dst id="STTLng">11622.2133333333</dst>
            <dst id="WASHng">54052.4906666667</dst>
        </src>
        <src id="HSTNng">
            <dst id="ATLA-M5">811.184</dst>
            <dst id="ATLAng">4056.04266666667</dst>
            <dst id="CHINng">37860.7893333333</dst>
            <dst id="DNVRng">3912.344</dst>
            <dst id="HSTNng">6095.32</dst>
            <dst id="IPLSng">7841.42666666667</dst>
            <dst id="KSCYng">2884.85333333333</dst>
            <dst id="LOSAng">106848.829333333</dst>
            <dst id="NYCMng">18652.1306666667</dst>
            <dst id="SNVAng">3036.256</dst>
            <dst id="STTLng">2487.904</dst>
            <dst id="WASHng">9224.26666666667</dst>
        </src>
        <src id="IPLSng">
            <dst id="ATLA-M5">877.730666666666</dst>
            <dst id="ATLAng">29217.168</dst>
            <dst id="CHINng">109665.538666667</dst>
            <dst id="DNVRng">25594.8693333333</dst>
            <dst id="HSTNng">6885.16266666667</dst>
            <dst id="IPLSng">41218.224</dst>
            <dst id="KSCYng">25014.184</dst>
            <dst id="LOSAng">33680.4026666667</dst>
            <dst id="NYCMng">42151.3626666667</dst>
            <dst id="SNVAng">5305.36266666667</dst>
            <dst id="STTLng">10687.9253333333</dst>
            <dst id="WASHng">36562.4053333333</dst>
        </src>
        <src id="KSCYng">
            <dst id="ATLA-M5">438.330666666667</dst>
            <dst id="ATLAng">5445.752</dst>
            <dst id="CHINng">34095.4506666667</dst>
            <dst id="DNVRng">7855.36266666667</dst>
            <dst id="HSTNng">4938.984</dst>
            <dst id="IPLSng">9883.928</dst>
            <dst id="KSCYng">6979.72</dst>
            <dst id="LOSAng">5930.472</dst>
            <dst id="NYCMng">6913.464</dst>
            <dst id="SNVAng">1361.92533333333</dst>
            <dst id="STTLng">3294.696</dst>
            <dst id="WASHng">13274.936</dst>
        </src>
        <src id="LOSAng">
            <dst id="ATLA-M5">548.738666666667</dst>
            <dst id="ATLAng">17300.4266666667</dst>
            <dst id="CHINng">158153.12</dst>
            <dst id="DNVRng">12411.6053333333</dst>
            <dst id="HSTNng">12436.616</dst>
            <dst id="IPLSng">44324.7653333333</dst>
            <dst id="KSCYng">10914.056</dst>
            <dst id="LOSAng">18898.4106666667</dst>
            <dst id="NYCMng">62888.968</dst>
            <dst id="SNVAng">15220.2746666667</dst>
            <dst id="STTLng">29774.32</dst>
            <dst id="WASHng">91897.0986666667</dst>
        </src>
        <src id="NYCMng">
            <dst id="ATLA-M5">4751.10133333333</dst>
            <dst id="ATLAng">35661.144</dst>
            <dst id="CHINng">77081.5893333333</dst>
            <dst id="DNVRng">37642.296</dst>
            <dst id="HSTNng">38823.24</dst>
            <dst id="IPLSng">66952.608</dst>
            <dst id="KSCYng">20619.648</dst>
            <dst id="LOSAng">86948.1733333333</dst>
            <dst id="NYCMng">149854.16</dst>
            <dst id="SNVAng">11198.9573333333</dst>
            <dst id="STTLng">26259.3093333333</dst>
            <dst id="WASHng">90839.2213333333</dst>
        </src>
        <src id="SNVAng">
            <dst id="ATLA-M5">375.088</dst>
            <dst id="ATLAng">960.349333333333</dst>
            <dst id="CHINng">7609.824</dst>
            <dst id="DNVRng">10974.536</dst>
            <dst id="HSTNng">554.530666666667</dst>
            <dst id="IPLSng">1692.576</dst>
            <dst id="KSCYng">1036.272</dst>
            <dst id="LOSAng">35390.1173333333</dst>
            <dst id="NYCMng">1636.43733333333</dst>
            <dst id="SNVAng">15392.7973333333</dst>
            <dst id="STTLng">63802.464</dst>
            <dst id="WASHng">1630.14933333333</dst>
        </src>
        <src id="STTLng">
            <dst id="ATLA-M5">57.7013333333333</dst>
            <dst id="ATLAng">9773.704</dst>
            <dst id="CHINng">59456.384</dst>
            <dst id="DNVRng">5927.536</dst>
            <dst id="HSTNng">3311.31733333333</dst>
            <dst id="IPLSng">8488.34133333333</dst>
            <dst id="KSCYng">6974.61066666667</dst>
            <dst id="LOSAng">25273.9093333333</dst>
            <dst id="NYCMng">18165.2453333333</dst>
            <dst id="SNVAng">4873.65333333333</dst>
            <dst id="STTLng">13720.864</dst>
            <dst id="WASHng">11338.7626666667</dst>
        </src>
        <src id="WASHng">
            <dst id="ATLA-M5">1026.70133333333</dst>
            <dst id="ATLAng">101782.152</dst>
            <dst id="CHINng">88031.4906666667</dst>
            <dst id="DNVRng">46766.272</dst>
            <dst id="HSTNng">22243.9813333333</dst>
            <dst id="IPLSng">64936.3866666667</dst>
            <dst id="KSCYng">17450.4426666667</dst>
            <dst id="LOSAng">58791.6933333333</dst>
            <dst id="NYCMng">187069.576</dst>
            <dst id="SNVAng">16489.4293333333</dst>
            <dst id="STTLng">37203.2346666667</dst>
            <dst id="WASHng">302873.946666667</dst>
        </src>
    </IntraTM>
</TrafficMatrixFile>
