<?xml version="1.0" encoding="ISO-8859-1" standalone="yes"?>
<TrafficMatrixFile xsi:noNamespaceSchemaLocation="http://totem.run.montefiore.ulg.ac.be/Schema/TrafficMatrix-v1_2.xsd" xmlns:xsi="http://www.w3.org/2001/XMLSchema-instance">
    <IntraTM ASID="11537">
        <src id="ATLA-M5">
            <dst id="ATLA-M5">61.4933333333333</dst>
            <dst id="ATLAng">824.154666666667</dst>
            <dst id="CHINng">1121.24</dst>
            <dst id="DNVRng">1625.39466666667</dst>
            <dst id="HSTNng">603.122666666667</dst>
            <dst id="IPLSng">1118.14133333333</dst>
            <dst id="KSCYng">623.829333333333</dst>
            <dst id="LOSAng">1201.4</dst>
            <dst id="NYCMng">1209.91466666667</dst>
            <dst id="SNVAng">280.197333333333</dst>
            <dst id="STTLng">109.52</dst>
            <dst id="WASHng">1794.232</dst>
        </src>
        <src id="ATLAng">
            <dst id="ATLA-M5">1045.832</dst>
            <dst id="ATLAng">34965.752</dst>
            <dst id="CHINng">29124.0933333333</dst>
            <dst id="DNVRng">20967.5973333333</dst>
            <dst id="HSTNng">11878.96</dst>
            <dst id="IPLSng">73678.032</dst>
            <dst id="KSCYng">11390.3946666667</dst>
            <dst id="LOSAng">22399.732</dst>
            <dst id="NYCMng">24758.5573333333</dst>
            <dst id="SNVAng">3058.73466666667</dst>
            <dst id="STTLng">5884.10666666667</dst>
            <dst id="WASHng">107800.690666667</dst>
        </src>
        <src id="CHINng">
            <dst id="ATLA-M5">4113.648</dst>
            <dst id="ATLAng">13368.416</dst>
            <dst id="CHINng">34136.6266666667</dst>
            <dst id="DNVRng">11184.1413333333</dst>
            <dst id="HSTNng">17736.3813333333</dst>
            <dst id="IPLSng">51584.7573333333</dst>
            <dst id="KSCYng">7764.16533333333</dst>
            <dst id="LOSAng">32693.4186666667</dst>
            <dst id="NYCMng">15698.456</dst>
            <dst id="SNVAng">4895.03733333333</dst>
            <dst id="STTLng">8397.688</dst>
            <dst id="WASHng">22452.0133333333</dst>
        </src>
        <src id="DNVRng">
            <dst id="ATLA-M5">1312.62133333333</dst>
            <dst id="ATLAng">7982.52</dst>
            <dst id="CHINng">62665.8293333333</dst>
            <dst id="DNVRng">10510.6026666667</dst>
            <dst id="HSTNng">16852.9066666667</dst>
            <dst id="IPLSng">50499.456</dst>
            <dst id="KSCYng">17994.464</dst>
            <dst id="LOSAng">10595.3893333333</dst>
            <dst id="NYCMng">24011.2693333333</dst>
            <dst id="SNVAng">15072.3973333333</dst>
            <dst id="STTLng">21152.84</dst>
            <dst id="WASHng">47260.52</dst>
        </src>
        <src id="HSTNng">
            <dst id="ATLA-M5">2046.64</dst>
            <dst id="ATLAng">7019.29866666667</dst>
            <dst id="CHINng">23335.4506666667</dst>
            <dst id="DNVRng">13226.5626666667</dst>
            <dst id="HSTNng">12931.5626666667</dst>
            <dst id="IPLSng">16161.5866666667</dst>
            <dst id="KSCYng">5568.52266666667</dst>
            <dst id="LOSAng">8151.60533333333</dst>
            <dst id="NYCMng">14733.152</dst>
            <dst id="SNVAng">2848.928</dst>
            <dst id="STTLng">6471.48</dst>
            <dst id="WASHng">9356.92533333333</dst>
        </src>
        <src id="IPLSng">
            <dst id="ATLA-M5">868.490666666667</dst>
            <dst id="ATLAng">49037</dst>
            <dst id="CHINng">107083.864</dst>
            <dst id="DNVRng">36151.9493333333</dst>
            <dst id="HSTNng">9161.232</dst>
            <dst id="IPLSng">48120.712</dst>
            <dst id="KSCYng">19543.6506666667</dst>
            <dst id="LOSAng">45897.328</dst>
            <dst id="NYCMng">32620.496</dst>
            <dst id="SNVAng">8132.55733333333</dst>
            <dst id="STTLng">22864.8106666667</dst>
            <dst id="WASHng">49748.0373333333</dst>
        </src>
        <src id="KSCYng">
            <dst id="ATLA-M5">510.802666666667</dst>
            <dst id="ATLAng">5731.136</dst>
            <dst id="CHINng">48559.04</dst>
            <dst id="DNVRng">14731.3013333333</dst>
            <dst id="HSTNng">4812.792</dst>
            <dst id="IPLSng">12333.7893333333</dst>
            <dst id="KSCYng">6981.888</dst>
            <dst id="LOSAng">10003.2293333333</dst>
            <dst id="NYCMng">9744.064</dst>
            <dst id="SNVAng">1863.04</dst>
            <dst id="STTLng">7509.29866666667</dst>
            <dst id="WASHng">16924.8</dst>
        </src>
        <src id="LOSAng">
            <dst id="ATLA-M5">2395.54933333333</dst>
            <dst id="ATLAng">23042.5093333333</dst>
            <dst id="CHINng">119041.709333333</dst>
            <dst id="DNVRng">21452.6506666667</dst>
            <dst id="HSTNng">22244.8186666667</dst>
            <dst id="IPLSng">46905.544</dst>
            <dst id="KSCYng">15655.2026666667</dst>
            <dst id="LOSAng">14552.92</dst>
            <dst id="NYCMng">64140.76</dst>
            <dst id="SNVAng">11946.1146666667</dst>
            <dst id="STTLng">34558.4666666667</dst>
            <dst id="WASHng">72013.376</dst>
        </src>
        <src id="NYCMng">
            <dst id="ATLA-M5">3105.58666666667</dst>
            <dst id="ATLAng">62964.9786666667</dst>
            <dst id="CHINng">67084.592</dst>
            <dst id="DNVRng">53846.4293333333</dst>
            <dst id="HSTNng">45501.7333333333</dst>
            <dst id="IPLSng">99181.6106666667</dst>
            <dst id="KSCYng">25217.1786666667</dst>
            <dst id="LOSAng">89473.0693333333</dst>
            <dst id="NYCMng">153845.024</dst>
            <dst id="SNVAng">13320.6266666667</dst>
            <dst id="STTLng">46313.3493333333</dst>
            <dst id="WASHng">169520.653333333</dst>
        </src>
        <src id="SNVAng">
            <dst id="ATLA-M5">26.6666666666667</dst>
            <dst id="ATLAng">851.474666666667</dst>
            <dst id="CHINng">8554.368</dst>
            <dst id="DNVRng">5125.944</dst>
            <dst id="HSTNng">722.666666666667</dst>
            <dst id="IPLSng">2190.97066666667</dst>
            <dst id="KSCYng">835.586666666667</dst>
            <dst id="LOSAng">42559.2213333333</dst>
            <dst id="NYCMng">3376.51733333333</dst>
            <dst id="SNVAng">17646.1146666667</dst>
            <dst id="STTLng">65576.6213333333</dst>
            <dst id="WASHng">4036.768</dst>
        </src>
        <src id="STTLng">
            <dst id="ATLA-M5">180.922666666667</dst>
            <dst id="ATLAng">19114.6</dst>
            <dst id="CHINng">67286.784</dst>
            <dst id="DNVRng">10312.0106666667</dst>
            <dst id="HSTNng">6157.56</dst>
            <dst id="IPLSng">21489.7226666667</dst>
            <dst id="KSCYng">4868.86933333333</dst>
            <dst id="LOSAng">38151.768</dst>
            <dst id="NYCMng">29688.072</dst>
            <dst id="SNVAng">10526.9413333333</dst>
            <dst id="STTLng">9203.89066666667</dst>
            <dst id="WASHng">18933.3146666667</dst>
        </src>
        <src id="WASHng">
            <dst id="ATLA-M5">22947.8773333333</dst>
            <dst id="ATLAng">136854.130666667</dst>
            <dst id="CHINng">102894.765333333</dst>
            <dst id="DNVRng">59351.4053333333</dst>
            <dst id="HSTNng">32348.2826666667</dst>
            <dst id="IPLSng">91054.0613333333</dst>
            <dst id="KSCYng">29140.7253333333</dst>
            <dst id="LOSAng">114016.506666667</dst>
            <dst id="NYCMng">165715.114666667</dst>
            <dst id="SNVAng">11120.0426666667</dst>
            <dst id="STTLng">32897.8693333334</dst>
            <dst id="WASHng">229556.544</dst>
        </src>
    </IntraTM>
</TrafficMatrixFile>
