<?xml version="1.0" encoding="ISO-8859-1" standalone="yes"?>
<TrafficMatrixFile xsi:noNamespaceSchemaLocation="http://totem.run.montefiore.ulg.ac.be/Schema/TrafficMatrix-v1_2.xsd" xmlns:xsi="http://www.w3.org/2001/XMLSchema-instance">
    <IntraTM ASID="11537">
        <src id="ATLA-M5">
            <dst id="ATLA-M5">431.722666666667</dst>
            <dst id="ATLAng">636.330666666667</dst>
            <dst id="CHINng">2066.29333333333</dst>
            <dst id="DNVRng">384.784</dst>
            <dst id="HSTNng">279.597333333333</dst>
            <dst id="IPLSng">859.546666666667</dst>
            <dst id="KSCYng">773.184</dst>
            <dst id="LOSAng">825.082666666667</dst>
            <dst id="NYCMng">3710.99466666667</dst>
            <dst id="SNVAng">635.322666666667</dst>
            <dst id="STTLng">183.872</dst>
            <dst id="WASHng">5114.976</dst>
        </src>
        <src id="ATLAng">
            <dst id="ATLA-M5">1027.14666666667</dst>
            <dst id="ATLAng">28684.4986666667</dst>
            <dst id="CHINng">37510.512</dst>
            <dst id="DNVRng">10780.0186666667</dst>
            <dst id="HSTNng">3491.05333333333</dst>
            <dst id="IPLSng">36543.488</dst>
            <dst id="KSCYng">18621.1786666667</dst>
            <dst id="LOSAng">16053.7546666667</dst>
            <dst id="NYCMng">32175.8693333333</dst>
            <dst id="SNVAng">2547.74666666667</dst>
            <dst id="STTLng">7427.30133333333</dst>
            <dst id="WASHng">107758.16</dst>
        </src>
        <src id="CHINng">
            <dst id="ATLA-M5">252.213333333333</dst>
            <dst id="ATLAng">18999.9893333333</dst>
            <dst id="CHINng">90982.328</dst>
            <dst id="DNVRng">14091.9786666667</dst>
            <dst id="HSTNng">6977.18666666667</dst>
            <dst id="IPLSng">40040.1093333333</dst>
            <dst id="KSCYng">14224.336</dst>
            <dst id="LOSAng">18080.92</dst>
            <dst id="NYCMng">13639.3893333333</dst>
            <dst id="SNVAng">2900.36266666667</dst>
            <dst id="STTLng">8540.62133333333</dst>
            <dst id="WASHng">22666.0853333333</dst>
        </src>
        <src id="DNVRng">
            <dst id="ATLA-M5">227.005333333333</dst>
            <dst id="ATLAng">9847.11733333333</dst>
            <dst id="CHINng">81917.056</dst>
            <dst id="DNVRng">12614.0426666667</dst>
            <dst id="HSTNng">12601.848</dst>
            <dst id="IPLSng">27688.0693333333</dst>
            <dst id="KSCYng">28414.7386666667</dst>
            <dst id="LOSAng">10264.0026666667</dst>
            <dst id="NYCMng">24893.488</dst>
            <dst id="SNVAng">21411.2426666667</dst>
            <dst id="STTLng">15490.0746666667</dst>
            <dst id="WASHng">43345.2933333333</dst>
        </src>
        <src id="HSTNng">
            <dst id="ATLA-M5">3731.67466666667</dst>
            <dst id="ATLAng">4690.016</dst>
            <dst id="CHINng">29922.3706666667</dst>
            <dst id="DNVRng">9222</dst>
            <dst id="HSTNng">15486.464</dst>
            <dst id="IPLSng">12049.7466666667</dst>
            <dst id="KSCYng">5307.232</dst>
            <dst id="LOSAng">13839.552</dst>
            <dst id="NYCMng">12709.096</dst>
            <dst id="SNVAng">2355.68</dst>
            <dst id="STTLng">2569.04</dst>
            <dst id="WASHng">17670.2933333333</dst>
        </src>
        <src id="IPLSng">
            <dst id="ATLA-M5">1298.27733333333</dst>
            <dst id="ATLAng">25052.3866666667</dst>
            <dst id="CHINng">148672.76</dst>
            <dst id="DNVRng">36094.192</dst>
            <dst id="HSTNng">24923.9493333333</dst>
            <dst id="IPLSng">62260.752</dst>
            <dst id="KSCYng">28716.3786666667</dst>
            <dst id="LOSAng">21665.2186666667</dst>
            <dst id="NYCMng">44319.6426666667</dst>
            <dst id="SNVAng">4760.26133333333</dst>
            <dst id="STTLng">10625.9866666667</dst>
            <dst id="WASHng">53912.9866666667</dst>
        </src>
        <src id="KSCYng">
            <dst id="ATLA-M5">244.826666666667</dst>
            <dst id="ATLAng">21958.2853333333</dst>
            <dst id="CHINng">42060.712</dst>
            <dst id="DNVRng">16097.2906666667</dst>
            <dst id="HSTNng">7722.12266666667</dst>
            <dst id="IPLSng">13698.424</dst>
            <dst id="KSCYng">8457.50133333333</dst>
            <dst id="LOSAng">6873.496</dst>
            <dst id="NYCMng">10242.5573333333</dst>
            <dst id="SNVAng">1109.77866666667</dst>
            <dst id="STTLng">4523.12266666667</dst>
            <dst id="WASHng">15677.9306666667</dst>
        </src>
        <src id="LOSAng">
            <dst id="ATLA-M5">810.138666666667</dst>
            <dst id="ATLAng">24988.4053333333</dst>
            <dst id="CHINng">149254.888</dst>
            <dst id="DNVRng">7805.728</dst>
            <dst id="HSTNng">14248.5093333333</dst>
            <dst id="IPLSng">46679.3093333333</dst>
            <dst id="KSCYng">13701.5146666667</dst>
            <dst id="LOSAng">7783.16533333333</dst>
            <dst id="NYCMng">50665.3813333333</dst>
            <dst id="SNVAng">50718.384</dst>
            <dst id="STTLng">30758.5626666667</dst>
            <dst id="WASHng">62431.3173333333</dst>
        </src>
        <src id="NYCMng">
            <dst id="ATLA-M5">6913.48266666667</dst>
            <dst id="ATLAng">58111.6613333334</dst>
            <dst id="CHINng">110269.690666667</dst>
            <dst id="DNVRng">46777.784</dst>
            <dst id="HSTNng">40487.4533333333</dst>
            <dst id="IPLSng">115151.032</dst>
            <dst id="KSCYng">24946.3226666667</dst>
            <dst id="LOSAng">57462.008</dst>
            <dst id="NYCMng">241240.037333333</dst>
            <dst id="SNVAng">8012.19466666667</dst>
            <dst id="STTLng">32161.5546666667</dst>
            <dst id="WASHng">131474.024</dst>
        </src>
        <src id="SNVAng">
            <dst id="ATLA-M5">139.824</dst>
            <dst id="ATLAng">1891.25866666667</dst>
            <dst id="CHINng">8221.60533333333</dst>
            <dst id="DNVRng">8348.36266666666</dst>
            <dst id="HSTNng">1905.392</dst>
            <dst id="IPLSng">3883.66133333333</dst>
            <dst id="KSCYng">493.733333333333</dst>
            <dst id="LOSAng">32521.808</dst>
            <dst id="NYCMng">2465.6</dst>
            <dst id="SNVAng">17827.0346666667</dst>
            <dst id="STTLng">45980.1386666667</dst>
            <dst id="WASHng">2371.59733333333</dst>
        </src>
        <src id="STTLng">
            <dst id="ATLA-M5">264.696</dst>
            <dst id="ATLAng">19492.064</dst>
            <dst id="CHINng">89732.744</dst>
            <dst id="DNVRng">7799.32</dst>
            <dst id="HSTNng">3612.608</dst>
            <dst id="IPLSng">20373.5653333333</dst>
            <dst id="KSCYng">7675.88533333333</dst>
            <dst id="LOSAng">27403.9093333333</dst>
            <dst id="NYCMng">37126.9573333333</dst>
            <dst id="SNVAng">12835.944</dst>
            <dst id="STTLng">5074.096</dst>
            <dst id="WASHng">21694</dst>
        </src>
        <src id="WASHng">
            <dst id="ATLA-M5">3036.32266666667</dst>
            <dst id="ATLAng">142565.693333333</dst>
            <dst id="CHINng">106548.770666667</dst>
            <dst id="DNVRng">74239.2346666667</dst>
            <dst id="HSTNng">29517.208</dst>
            <dst id="IPLSng">106555.709333333</dst>
            <dst id="KSCYng">24399.9466666667</dst>
            <dst id="LOSAng">59944.904</dst>
            <dst id="NYCMng">208366.773333333</dst>
            <dst id="SNVAng">8837.184</dst>
            <dst id="STTLng">25455.4373333333</dst>
            <dst id="WASHng">360165.013333333</dst>
        </src>
    </IntraTM>
</TrafficMatrixFile>
