<?xml version="1.0" encoding="ISO-8859-1" standalone="yes"?>
<TrafficMatrixFile xsi:noNamespaceSchemaLocation="http://totem.run.montefiore.ulg.ac.be/Schema/TrafficMatrix-v1_2.xsd" xmlns:xsi="http://www.w3.org/2001/XMLSchema-instance">
    <IntraTM ASID="11537">
        <src id="ATLA-M5">
            <dst id="ATLA-M5">0</dst>
            <dst id="ATLAng">844.805333333334</dst>
            <dst id="CHINng">890.32</dst>
            <dst id="DNVRng">198.466666666667</dst>
            <dst id="HSTNng">228.794666666667</dst>
            <dst id="IPLSng">596.544</dst>
            <dst id="KSCYng">220.8</dst>
            <dst id="LOSAng">193.973333333333</dst>
            <dst id="NYCMng">922.488</dst>
            <dst id="SNVAng">95.7866666666667</dst>
            <dst id="STTLng">88.16</dst>
            <dst id="WASHng">1359.21333333333</dst>
        </src>
        <src id="ATLAng">
            <dst id="ATLA-M5">417.650666666667</dst>
            <dst id="ATLAng">41137.0773333333</dst>
            <dst id="CHINng">12242.1946666667</dst>
            <dst id="DNVRng">3437.13066666667</dst>
            <dst id="HSTNng">8596.832</dst>
            <dst id="IPLSng">16041.0213333333</dst>
            <dst id="KSCYng">2830.69066666667</dst>
            <dst id="LOSAng">16997.0573333333</dst>
            <dst id="NYCMng">10644.832</dst>
            <dst id="SNVAng">3209.86533333333</dst>
            <dst id="STTLng">10326.4506666667</dst>
            <dst id="WASHng">72144.328</dst>
        </src>
        <src id="CHINng">
            <dst id="ATLA-M5">209.949333333333</dst>
            <dst id="ATLAng">15702.2773333333</dst>
            <dst id="CHINng">68911.7413333333</dst>
            <dst id="DNVRng">17039.904</dst>
            <dst id="HSTNng">4224.38933333333</dst>
            <dst id="IPLSng">33515.144</dst>
            <dst id="KSCYng">9625.03466666667</dst>
            <dst id="LOSAng">17886.296</dst>
            <dst id="NYCMng">4360.024</dst>
            <dst id="SNVAng">2548.79466666667</dst>
            <dst id="STTLng">8266.68</dst>
            <dst id="WASHng">16031.7306666667</dst>
        </src>
        <src id="DNVRng">
            <dst id="ATLA-M5">97.5466666666666</dst>
            <dst id="ATLAng">6668.792</dst>
            <dst id="CHINng">44109.9893333333</dst>
            <dst id="DNVRng">6593.97066666667</dst>
            <dst id="HSTNng">5486.16533333333</dst>
            <dst id="IPLSng">7076.74666666667</dst>
            <dst id="KSCYng">19138.8053333333</dst>
            <dst id="LOSAng">7139.91466666667</dst>
            <dst id="NYCMng">12094.2133333333</dst>
            <dst id="SNVAng">17716.8906666667</dst>
            <dst id="STTLng">13421.3066666667</dst>
            <dst id="WASHng">13776.1973333333</dst>
        </src>
        <src id="HSTNng">
            <dst id="ATLA-M5">3284.79466666667</dst>
            <dst id="ATLAng">1812.07466666667</dst>
            <dst id="CHINng">23809.3413333333</dst>
            <dst id="DNVRng">3520.58133333333</dst>
            <dst id="HSTNng">5406.376</dst>
            <dst id="IPLSng">7424.064</dst>
            <dst id="KSCYng">1592.44266666667</dst>
            <dst id="LOSAng">6839.81333333333</dst>
            <dst id="NYCMng">8957.15733333333</dst>
            <dst id="SNVAng">1756.53866666667</dst>
            <dst id="STTLng">3714.14666666667</dst>
            <dst id="WASHng">4662.872</dst>
        </src>
        <src id="IPLSng">
            <dst id="ATLA-M5">6559.37866666667</dst>
            <dst id="ATLAng">7639.64</dst>
            <dst id="CHINng">101496.509333333</dst>
            <dst id="DNVRng">13226.1306666667</dst>
            <dst id="HSTNng">7767.26666666667</dst>
            <dst id="IPLSng">25324.1946666667</dst>
            <dst id="KSCYng">8568.416</dst>
            <dst id="LOSAng">16723.8133333333</dst>
            <dst id="NYCMng">21205.736</dst>
            <dst id="SNVAng">7812.56</dst>
            <dst id="STTLng">14957.3706666667</dst>
            <dst id="WASHng">40492.3386666667</dst>
        </src>
        <src id="KSCYng">
            <dst id="ATLA-M5">496.36</dst>
            <dst id="ATLAng">4691.19466666667</dst>
            <dst id="CHINng">34042.7013333333</dst>
            <dst id="DNVRng">5861.144</dst>
            <dst id="HSTNng">3825.47466666667</dst>
            <dst id="IPLSng">13705.1226666667</dst>
            <dst id="KSCYng">9749.67466666667</dst>
            <dst id="LOSAng">6313.01066666667</dst>
            <dst id="NYCMng">10560.1066666667</dst>
            <dst id="SNVAng">864.426666666667</dst>
            <dst id="STTLng">5008.632</dst>
            <dst id="WASHng">9410.22933333333</dst>
        </src>
        <src id="LOSAng">
            <dst id="ATLA-M5">112.248</dst>
            <dst id="ATLAng">28902.352</dst>
            <dst id="CHINng">154650.853333333</dst>
            <dst id="DNVRng">9763.92533333333</dst>
            <dst id="HSTNng">8305.41066666667</dst>
            <dst id="IPLSng">42136.4853333333</dst>
            <dst id="KSCYng">12045.0266666667</dst>
            <dst id="LOSAng">16967.6106666667</dst>
            <dst id="NYCMng">54241.4346666667</dst>
            <dst id="SNVAng">10102.616</dst>
            <dst id="STTLng">30753.6373333333</dst>
            <dst id="WASHng">54845.7066666667</dst>
        </src>
        <src id="NYCMng">
            <dst id="ATLA-M5">1225.15733333333</dst>
            <dst id="ATLAng">28014.224</dst>
            <dst id="CHINng">70053.832</dst>
            <dst id="DNVRng">18933.208</dst>
            <dst id="HSTNng">30061.72</dst>
            <dst id="IPLSng">49662.208</dst>
            <dst id="KSCYng">18357.4853333333</dst>
            <dst id="LOSAng">69819.6</dst>
            <dst id="NYCMng">156452.661333333</dst>
            <dst id="SNVAng">7366.36</dst>
            <dst id="STTLng">22693.6746666667</dst>
            <dst id="WASHng">58980.36</dst>
        </src>
        <src id="SNVAng">
            <dst id="ATLA-M5">0</dst>
            <dst id="ATLAng">671.397333333333</dst>
            <dst id="CHINng">6108.21066666667</dst>
            <dst id="DNVRng">9458.01066666667</dst>
            <dst id="HSTNng">1039.68</dst>
            <dst id="IPLSng">2419.064</dst>
            <dst id="KSCYng">737.677333333333</dst>
            <dst id="LOSAng">6999.89333333333</dst>
            <dst id="NYCMng">2037.032</dst>
            <dst id="SNVAng">82.464</dst>
            <dst id="STTLng">2392.136</dst>
            <dst id="WASHng">2304.19733333333</dst>
        </src>
        <src id="STTLng">
            <dst id="ATLA-M5">50.6426666666667</dst>
            <dst id="ATLAng">9244.216</dst>
            <dst id="CHINng">73823.5813333333</dst>
            <dst id="DNVRng">5512.07733333333</dst>
            <dst id="HSTNng">1451.73866666667</dst>
            <dst id="IPLSng">5767.97066666667</dst>
            <dst id="KSCYng">3675.73866666667</dst>
            <dst id="LOSAng">21813.432</dst>
            <dst id="NYCMng">21642.6666666667</dst>
            <dst id="SNVAng">3144.55466666667</dst>
            <dst id="STTLng">5753.69866666667</dst>
            <dst id="WASHng">10160.3946666667</dst>
        </src>
        <src id="WASHng">
            <dst id="ATLA-M5">1311.68266666667</dst>
            <dst id="ATLAng">105737.189333333</dst>
            <dst id="CHINng">71306.6853333334</dst>
            <dst id="DNVRng">38505.6826666667</dst>
            <dst id="HSTNng">14269.1733333333</dst>
            <dst id="IPLSng">39867.8266666667</dst>
            <dst id="KSCYng">12391.9893333333</dst>
            <dst id="LOSAng">75315.5573333333</dst>
            <dst id="NYCMng">140700.346666667</dst>
            <dst id="SNVAng">3328.32</dst>
            <dst id="STTLng">32766.1786666667</dst>
            <dst id="WASHng">353298.32</dst>
        </src>
    </IntraTM>
</TrafficMatrixFile>
