<?xml version="1.0" encoding="ISO-8859-1" standalone="yes"?>
<TrafficMatrixFile xsi:noNamespaceSchemaLocation="http://totem.run.montefiore.ulg.ac.be/Schema/TrafficMatrix-v1_2.xsd" xmlns:xsi="http://www.w3.org/2001/XMLSchema-instance">
    <IntraTM ASID="11537">
        <src id="ATLA-M5">
            <dst id="ATLA-M5">26.6666666666667</dst>
            <dst id="ATLAng">717.674666666666</dst>
            <dst id="CHINng">2690.43466666667</dst>
            <dst id="DNVRng">343.008</dst>
            <dst id="HSTNng">744</dst>
            <dst id="IPLSng">864.674666666666</dst>
            <dst id="KSCYng">329.68</dst>
            <dst id="LOSAng">506.738666666667</dst>
            <dst id="NYCMng">833.762666666667</dst>
            <dst id="SNVAng">613.781333333333</dst>
            <dst id="STTLng">219.224</dst>
            <dst id="WASHng">4917.10133333333</dst>
        </src>
        <src id="ATLAng">
            <dst id="ATLA-M5">299.104</dst>
            <dst id="ATLAng">26746.3226666667</dst>
            <dst id="CHINng">28492.5893333333</dst>
            <dst id="DNVRng">6646.84266666667</dst>
            <dst id="HSTNng">15088.7813333333</dst>
            <dst id="IPLSng">31341.8773333333</dst>
            <dst id="KSCYng">12572.3573333333</dst>
            <dst id="LOSAng">22896.0146666667</dst>
            <dst id="NYCMng">23106.8133333333</dst>
            <dst id="SNVAng">1161.96133333333</dst>
            <dst id="STTLng">10309.72</dst>
            <dst id="WASHng">72240.9706666667</dst>
        </src>
        <src id="CHINng">
            <dst id="ATLA-M5">3416.65866666667</dst>
            <dst id="ATLAng">25409.4106666667</dst>
            <dst id="CHINng">37259.336</dst>
            <dst id="DNVRng">7417.968</dst>
            <dst id="HSTNng">21466.912</dst>
            <dst id="IPLSng">18379.4133333333</dst>
            <dst id="KSCYng">12333.9706666667</dst>
            <dst id="LOSAng">29443.1706666667</dst>
            <dst id="NYCMng">5893.08266666667</dst>
            <dst id="SNVAng">4526.032</dst>
            <dst id="STTLng">9156.43733333333</dst>
            <dst id="WASHng">11876.36</dst>
        </src>
        <src id="DNVRng">
            <dst id="ATLA-M5">353.978666666667</dst>
            <dst id="ATLAng">9025.384</dst>
            <dst id="CHINng">54130.5733333333</dst>
            <dst id="DNVRng">5021.96533333333</dst>
            <dst id="HSTNng">11379.3866666667</dst>
            <dst id="IPLSng">28289.96</dst>
            <dst id="KSCYng">12147.8666666667</dst>
            <dst id="LOSAng">19682.6133333333</dst>
            <dst id="NYCMng">28559.616</dst>
            <dst id="SNVAng">7372.17333333333</dst>
            <dst id="STTLng">24775.6346666667</dst>
            <dst id="WASHng">45440.6346666667</dst>
        </src>
        <src id="HSTNng">
            <dst id="ATLA-M5">2670.76533333333</dst>
            <dst id="ATLAng">7965.35466666667</dst>
            <dst id="CHINng">37753.9493333333</dst>
            <dst id="DNVRng">3598.99466666667</dst>
            <dst id="HSTNng">14607.688</dst>
            <dst id="IPLSng">13648.6266666667</dst>
            <dst id="KSCYng">4468.488</dst>
            <dst id="LOSAng">13561.008</dst>
            <dst id="NYCMng">4700.32</dst>
            <dst id="SNVAng">1725.04</dst>
            <dst id="STTLng">4741.63466666667</dst>
            <dst id="WASHng">11345.8133333333</dst>
        </src>
        <src id="IPLSng">
            <dst id="ATLA-M5">2088.87733333333</dst>
            <dst id="ATLAng">21004.4666666667</dst>
            <dst id="CHINng">77341.5973333333</dst>
            <dst id="DNVRng">25531.0026666667</dst>
            <dst id="HSTNng">9711.92</dst>
            <dst id="IPLSng">21479.024</dst>
            <dst id="KSCYng">13818.52</dst>
            <dst id="LOSAng">46648.8933333333</dst>
            <dst id="NYCMng">50811.384</dst>
            <dst id="SNVAng">5108.03733333333</dst>
            <dst id="STTLng">10230.3706666667</dst>
            <dst id="WASHng">44537.36</dst>
        </src>
        <src id="KSCYng">
            <dst id="ATLA-M5">1374.4</dst>
            <dst id="ATLAng">7271.592</dst>
            <dst id="CHINng">33692.6986666667</dst>
            <dst id="DNVRng">18600.4186666667</dst>
            <dst id="HSTNng">6113.05866666667</dst>
            <dst id="IPLSng">19366.6586666667</dst>
            <dst id="KSCYng">8118.57066666667</dst>
            <dst id="LOSAng">6435.41066666667</dst>
            <dst id="NYCMng">9877.344</dst>
            <dst id="SNVAng">1518.97066666667</dst>
            <dst id="STTLng">3952.74666666667</dst>
            <dst id="WASHng">17026.4826666667</dst>
        </src>
        <src id="LOSAng">
            <dst id="ATLA-M5">1274.69866666667</dst>
            <dst id="ATLAng">21293.3226666667</dst>
            <dst id="CHINng">104625.770666667</dst>
            <dst id="DNVRng">20629.504</dst>
            <dst id="HSTNng">18534.7066666667</dst>
            <dst id="IPLSng">64503.544</dst>
            <dst id="KSCYng">15102.096</dst>
            <dst id="LOSAng">29132.7066666667</dst>
            <dst id="NYCMng">75222.4</dst>
            <dst id="SNVAng">14789.1093333333</dst>
            <dst id="STTLng">33172.0986666667</dst>
            <dst id="WASHng">70560.248</dst>
        </src>
        <src id="NYCMng">
            <dst id="ATLA-M5">4323.992</dst>
            <dst id="ATLAng">50090.72</dst>
            <dst id="CHINng">83788.7946666667</dst>
            <dst id="DNVRng">39049.36</dst>
            <dst id="HSTNng">35776.9413333333</dst>
            <dst id="IPLSng">65883.112</dst>
            <dst id="KSCYng">33144.3466666667</dst>
            <dst id="LOSAng">92050.5066666667</dst>
            <dst id="NYCMng">126402.373333333</dst>
            <dst id="SNVAng">12707.2506666667</dst>
            <dst id="STTLng">38814.4026666667</dst>
            <dst id="WASHng">103855.074666667</dst>
        </src>
        <src id="SNVAng">
            <dst id="ATLA-M5">507.632</dst>
            <dst id="ATLAng">606.216</dst>
            <dst id="CHINng">4125.52266666667</dst>
            <dst id="DNVRng">4621.41333333333</dst>
            <dst id="HSTNng">1314.26133333333</dst>
            <dst id="IPLSng">2421.30666666667</dst>
            <dst id="KSCYng">1741.42133333333</dst>
            <dst id="LOSAng">42377.4373333333</dst>
            <dst id="NYCMng">2806.6</dst>
            <dst id="SNVAng">19899.9866666667</dst>
            <dst id="STTLng">67018.4106666666</dst>
            <dst id="WASHng">2466.22133333333</dst>
        </src>
        <src id="STTLng">
            <dst id="ATLA-M5">119.528</dst>
            <dst id="ATLAng">12247.6026666667</dst>
            <dst id="CHINng">47731</dst>
            <dst id="DNVRng">6939.664</dst>
            <dst id="HSTNng">4436.85333333333</dst>
            <dst id="IPLSng">13931.456</dst>
            <dst id="KSCYng">6139.90666666667</dst>
            <dst id="LOSAng">31990.8506666667</dst>
            <dst id="NYCMng">29464.1626666667</dst>
            <dst id="SNVAng">6801.97066666667</dst>
            <dst id="STTLng">11989.8826666667</dst>
            <dst id="WASHng">15438.152</dst>
        </src>
        <src id="WASHng">
            <dst id="ATLA-M5">17192.2053333333</dst>
            <dst id="ATLAng">151705.853333333</dst>
            <dst id="CHINng">113499.781333333</dst>
            <dst id="DNVRng">59226.608</dst>
            <dst id="HSTNng">32530.7466666667</dst>
            <dst id="IPLSng">82251.5386666667</dst>
            <dst id="KSCYng">10952.8986666667</dst>
            <dst id="LOSAng">68535.6346666667</dst>
            <dst id="NYCMng">194125.106666667</dst>
            <dst id="SNVAng">15038.32</dst>
            <dst id="STTLng">43941.3653333333</dst>
            <dst id="WASHng">277375.653333333</dst>
        </src>
    </IntraTM>
</TrafficMatrixFile>
