<?xml version="1.0" encoding="ISO-8859-1" standalone="yes"?>
<TrafficMatrixFile xsi:noNamespaceSchemaLocation="http://totem.run.montefiore.ulg.ac.be/Schema/TrafficMatrix-v1_2.xsd" xmlns:xsi="http://www.w3.org/2001/XMLSchema-instance">
    <IntraTM ASID="11537">
        <src id="ATLA-M5">
            <dst id="ATLA-M5">0</dst>
            <dst id="ATLAng">161.021333333333</dst>
            <dst id="CHINng">1128.496</dst>
            <dst id="DNVRng">387.066666666667</dst>
            <dst id="HSTNng">196.642666666667</dst>
            <dst id="IPLSng">183.853333333333</dst>
            <dst id="KSCYng">212.536</dst>
            <dst id="LOSAng">1033.224</dst>
            <dst id="NYCMng">1745.92</dst>
            <dst id="SNVAng">296.44</dst>
            <dst id="STTLng">577.362666666667</dst>
            <dst id="WASHng">5221.87733333333</dst>
        </src>
        <src id="ATLAng">
            <dst id="ATLA-M5">209.869333333333</dst>
            <dst id="ATLAng">23570.248</dst>
            <dst id="CHINng">18034.0826666667</dst>
            <dst id="DNVRng">5855.58666666667</dst>
            <dst id="HSTNng">2064.22933333333</dst>
            <dst id="IPLSng">18824.6773333333</dst>
            <dst id="KSCYng">5049.08533333333</dst>
            <dst id="LOSAng">13848.1466666667</dst>
            <dst id="NYCMng">10206.528</dst>
            <dst id="SNVAng">1166.82133333333</dst>
            <dst id="STTLng">6417.77066666667</dst>
            <dst id="WASHng">92975.2853333334</dst>
        </src>
        <src id="CHINng">
            <dst id="ATLA-M5">127.722666666667</dst>
            <dst id="ATLAng">10378.3786666667</dst>
            <dst id="CHINng">43573.064</dst>
            <dst id="DNVRng">16559.3973333333</dst>
            <dst id="HSTNng">6501.288</dst>
            <dst id="IPLSng">18972.0613333333</dst>
            <dst id="KSCYng">8128.624</dst>
            <dst id="LOSAng">34314.0613333333</dst>
            <dst id="NYCMng">10334.496</dst>
            <dst id="SNVAng">2371.312</dst>
            <dst id="STTLng">7886.26666666667</dst>
            <dst id="WASHng">13278.6933333333</dst>
        </src>
        <src id="DNVRng">
            <dst id="ATLA-M5">263.549333333333</dst>
            <dst id="ATLAng">7221.52533333333</dst>
            <dst id="CHINng">66660.8133333333</dst>
            <dst id="DNVRng">26210.7786666667</dst>
            <dst id="HSTNng">15335.8666666667</dst>
            <dst id="IPLSng">32238.4533333333</dst>
            <dst id="KSCYng">20332.472</dst>
            <dst id="LOSAng">9063.37866666667</dst>
            <dst id="NYCMng">19138.4506666667</dst>
            <dst id="SNVAng">13537.0426666667</dst>
            <dst id="STTLng">22403.5653333333</dst>
            <dst id="WASHng">61695.2613333334</dst>
        </src>
        <src id="HSTNng">
            <dst id="ATLA-M5">4371.872</dst>
            <dst id="ATLAng">3554.28266666667</dst>
            <dst id="CHINng">56897.6613333333</dst>
            <dst id="DNVRng">4336.06666666667</dst>
            <dst id="HSTNng">7828.43466666667</dst>
            <dst id="IPLSng">7532.79733333333</dst>
            <dst id="KSCYng">2662.18133333333</dst>
            <dst id="LOSAng">10578.3973333333</dst>
            <dst id="NYCMng">8444.04266666667</dst>
            <dst id="SNVAng">1952.38133333333</dst>
            <dst id="STTLng">2138.22666666667</dst>
            <dst id="WASHng">7797.944</dst>
        </src>
        <src id="IPLSng">
            <dst id="ATLA-M5">221.026666666667</dst>
            <dst id="ATLAng">13838.328</dst>
            <dst id="CHINng">125377.242666667</dst>
            <dst id="DNVRng">21671.5813333333</dst>
            <dst id="HSTNng">5817.12266666667</dst>
            <dst id="IPLSng">20454.2</dst>
            <dst id="KSCYng">31588.48</dst>
            <dst id="LOSAng">87968.7093333333</dst>
            <dst id="NYCMng">27852.208</dst>
            <dst id="SNVAng">5152.6</dst>
            <dst id="STTLng">18385.7546666667</dst>
            <dst id="WASHng">35501.584</dst>
        </src>
        <src id="KSCYng">
            <dst id="ATLA-M5">400.802666666667</dst>
            <dst id="ATLAng">4643.86133333333</dst>
            <dst id="CHINng">37395.3706666667</dst>
            <dst id="DNVRng">11866.936</dst>
            <dst id="HSTNng">3232.10933333333</dst>
            <dst id="IPLSng">11699.16</dst>
            <dst id="KSCYng">12852.952</dst>
            <dst id="LOSAng">9387.60533333333</dst>
            <dst id="NYCMng">7256.28533333333</dst>
            <dst id="SNVAng">2265.44</dst>
            <dst id="STTLng">4716.25333333333</dst>
            <dst id="WASHng">9519.21066666667</dst>
        </src>
        <src id="LOSAng">
            <dst id="ATLA-M5">625.138666666667</dst>
            <dst id="ATLAng">27953.6986666667</dst>
            <dst id="CHINng">173491.032</dst>
            <dst id="DNVRng">12617.5306666667</dst>
            <dst id="HSTNng">9658.04266666667</dst>
            <dst id="IPLSng">31735.9306666667</dst>
            <dst id="KSCYng">9785.864</dst>
            <dst id="LOSAng">21049.4693333333</dst>
            <dst id="NYCMng">53485.12</dst>
            <dst id="SNVAng">15206.0053333333</dst>
            <dst id="STTLng">23907.7493333333</dst>
            <dst id="WASHng">63913.2106666667</dst>
        </src>
        <src id="NYCMng">
            <dst id="ATLA-M5">621.589333333333</dst>
            <dst id="ATLAng">31340.9306666667</dst>
            <dst id="CHINng">61922.4373333333</dst>
            <dst id="DNVRng">31921.296</dst>
            <dst id="HSTNng">38213.8506666667</dst>
            <dst id="IPLSng">47193.0293333333</dst>
            <dst id="KSCYng">19490.9893333333</dst>
            <dst id="LOSAng">77817.1413333333</dst>
            <dst id="NYCMng">142355.397333333</dst>
            <dst id="SNVAng">8715.30133333333</dst>
            <dst id="STTLng">24818.8506666667</dst>
            <dst id="WASHng">72702.5653333333</dst>
        </src>
        <src id="SNVAng">
            <dst id="ATLA-M5">697.845333333333</dst>
            <dst id="ATLAng">374.381333333333</dst>
            <dst id="CHINng">5102.95466666667</dst>
            <dst id="DNVRng">3432.352</dst>
            <dst id="HSTNng">330.512</dst>
            <dst id="IPLSng">1772.024</dst>
            <dst id="KSCYng">634.549333333333</dst>
            <dst id="LOSAng">33612.7626666667</dst>
            <dst id="NYCMng">11375.1413333333</dst>
            <dst id="SNVAng">15924.44</dst>
            <dst id="STTLng">61034.1973333333</dst>
            <dst id="WASHng">983.037333333333</dst>
        </src>
        <src id="STTLng">
            <dst id="ATLA-M5">57.3893333333333</dst>
            <dst id="ATLAng">9371.04266666667</dst>
            <dst id="CHINng">74287.9386666667</dst>
            <dst id="DNVRng">4850.02133333333</dst>
            <dst id="HSTNng">1486.46666666667</dst>
            <dst id="IPLSng">6005.336</dst>
            <dst id="KSCYng">4564.54133333333</dst>
            <dst id="LOSAng">25705.32</dst>
            <dst id="NYCMng">19875.5013333333</dst>
            <dst id="SNVAng">4818.82666666667</dst>
            <dst id="STTLng">14969.2346666667</dst>
            <dst id="WASHng">6890.62133333333</dst>
        </src>
        <src id="WASHng">
            <dst id="ATLA-M5">313.16</dst>
            <dst id="ATLAng">171726.184</dst>
            <dst id="CHINng">80176.4906666667</dst>
            <dst id="DNVRng">59249.7013333333</dst>
            <dst id="HSTNng">25405.936</dst>
            <dst id="IPLSng">68488.9866666667</dst>
            <dst id="KSCYng">15378.0133333333</dst>
            <dst id="LOSAng">60833.6186666666</dst>
            <dst id="NYCMng">171161.690666667</dst>
            <dst id="SNVAng">12050.4266666667</dst>
            <dst id="STTLng">34403.4746666667</dst>
            <dst id="WASHng">370374.293333333</dst>
        </src>
    </IntraTM>
</TrafficMatrixFile>
