<?xml version="1.0" encoding="ISO-8859-1" standalone="yes"?>
<TrafficMatrixFile xsi:noNamespaceSchemaLocation="http://totem.run.montefiore.ulg.ac.be/Schema/TrafficMatrix-v1_2.xsd" xmlns:xsi="http://www.w3.org/2001/XMLSchema-instance">
    <IntraTM ASID="11537">
        <src id="ATLA-M5">
            <dst id="ATLA-M5">26.6666666666667</dst>
            <dst id="ATLAng">737.144</dst>
            <dst id="CHINng">955.130666666666</dst>
            <dst id="DNVRng">277.664</dst>
            <dst id="HSTNng">630.149333333333</dst>
            <dst id="IPLSng">653.306666666667</dst>
            <dst id="KSCYng">406.466666666667</dst>
            <dst id="LOSAng">791.034666666667</dst>
            <dst id="NYCMng">784.712</dst>
            <dst id="SNVAng">370.4</dst>
            <dst id="STTLng">426.904</dst>
            <dst id="WASHng">3119.91733333333</dst>
        </src>
        <src id="ATLAng">
            <dst id="ATLA-M5">1314.83733333333</dst>
            <dst id="ATLAng">15171.3306666667</dst>
            <dst id="CHINng">35907.9333333333</dst>
            <dst id="DNVRng">8298.09333333333</dst>
            <dst id="HSTNng">3697.51733333333</dst>
            <dst id="IPLSng">22161.9386666667</dst>
            <dst id="KSCYng">5296.36</dst>
            <dst id="LOSAng">15859.2626666667</dst>
            <dst id="NYCMng">13997.2133333333</dst>
            <dst id="SNVAng">1342.94</dst>
            <dst id="STTLng">4545.85066666667</dst>
            <dst id="WASHng">77604.6026666667</dst>
        </src>
        <src id="CHINng">
            <dst id="ATLA-M5">739.642666666667</dst>
            <dst id="ATLAng">11859.2026666667</dst>
            <dst id="CHINng">53653.1253333333</dst>
            <dst id="DNVRng">18864.7093333333</dst>
            <dst id="HSTNng">23908.0506666667</dst>
            <dst id="IPLSng">33631.7573333333</dst>
            <dst id="KSCYng">13248.4986666667</dst>
            <dst id="LOSAng">29963.9786666667</dst>
            <dst id="NYCMng">11168.8426666667</dst>
            <dst id="SNVAng">2255.54666666667</dst>
            <dst id="STTLng">6836.368</dst>
            <dst id="WASHng">12725.5093333333</dst>
        </src>
        <src id="DNVRng">
            <dst id="ATLA-M5">385.453333333333</dst>
            <dst id="ATLAng">9262.12</dst>
            <dst id="CHINng">65880.2746666667</dst>
            <dst id="DNVRng">16782.4773333333</dst>
            <dst id="HSTNng">13098.3173333333</dst>
            <dst id="IPLSng">35878.9093333333</dst>
            <dst id="KSCYng">17475.736</dst>
            <dst id="LOSAng">8104.37866666667</dst>
            <dst id="NYCMng">23355.568</dst>
            <dst id="SNVAng">11146.5866666667</dst>
            <dst id="STTLng">10374.9226666667</dst>
            <dst id="WASHng">53307.84</dst>
        </src>
        <src id="HSTNng">
            <dst id="ATLA-M5">3777.75733333333</dst>
            <dst id="ATLAng">5696.79466666666</dst>
            <dst id="CHINng">43660.3893333333</dst>
            <dst id="DNVRng">2876.94666666667</dst>
            <dst id="HSTNng">3296.20533333333</dst>
            <dst id="IPLSng">9992.05333333333</dst>
            <dst id="KSCYng">2633.40266666667</dst>
            <dst id="LOSAng">11462.1226666667</dst>
            <dst id="NYCMng">11861.632</dst>
            <dst id="SNVAng">1938.51733333333</dst>
            <dst id="STTLng">1680.02933333333</dst>
            <dst id="WASHng">12981.0533333333</dst>
        </src>
        <src id="IPLSng">
            <dst id="ATLA-M5">741.882666666667</dst>
            <dst id="ATLAng">26803.7946666667</dst>
            <dst id="CHINng">114281.976</dst>
            <dst id="DNVRng">28790.8213333333</dst>
            <dst id="HSTNng">5812.54666666667</dst>
            <dst id="IPLSng">40431.8586666667</dst>
            <dst id="KSCYng">26923.4293333333</dst>
            <dst id="LOSAng">31302.5786666667</dst>
            <dst id="NYCMng">37995.728</dst>
            <dst id="SNVAng">5035.56266666667</dst>
            <dst id="STTLng">17300.3173333333</dst>
            <dst id="WASHng">39977.312</dst>
        </src>
        <src id="KSCYng">
            <dst id="ATLA-M5">588.138666666667</dst>
            <dst id="ATLAng">4970.05333333333</dst>
            <dst id="CHINng">33474.096</dst>
            <dst id="DNVRng">7791.792</dst>
            <dst id="HSTNng">5600.896</dst>
            <dst id="IPLSng">8778.552</dst>
            <dst id="KSCYng">7583.632</dst>
            <dst id="LOSAng">6333.66666666667</dst>
            <dst id="NYCMng">5599.24</dst>
            <dst id="SNVAng">1672.01866666667</dst>
            <dst id="STTLng">3563.864</dst>
            <dst id="WASHng">14044.1093333333</dst>
        </src>
        <src id="LOSAng">
            <dst id="ATLA-M5">523.352</dst>
            <dst id="ATLAng">18501.2586666667</dst>
            <dst id="CHINng">160257.552</dst>
            <dst id="DNVRng">11275.072</dst>
            <dst id="HSTNng">10485.2453333333</dst>
            <dst id="IPLSng">43260.1226666667</dst>
            <dst id="KSCYng">10463.4186666667</dst>
            <dst id="LOSAng">22045.2613333333</dst>
            <dst id="NYCMng">58435.8986666667</dst>
            <dst id="SNVAng">12252.5786666667</dst>
            <dst id="STTLng">31212.3653333333</dst>
            <dst id="WASHng">72920.3573333333</dst>
        </src>
        <src id="NYCMng">
            <dst id="ATLA-M5">4532.10933333333</dst>
            <dst id="ATLAng">36575.0293333333</dst>
            <dst id="CHINng">65942.7946666667</dst>
            <dst id="DNVRng">40140.36</dst>
            <dst id="HSTNng">36433.8213333333</dst>
            <dst id="IPLSng">71092.0453333333</dst>
            <dst id="KSCYng">20028.8853333333</dst>
            <dst id="LOSAng">81906.2106666667</dst>
            <dst id="NYCMng">146545.485333333</dst>
            <dst id="SNVAng">10628.8853333333</dst>
            <dst id="STTLng">28611.9306666667</dst>
            <dst id="WASHng">88004.3653333333</dst>
        </src>
        <src id="SNVAng">
            <dst id="ATLA-M5">337.322666666667</dst>
            <dst id="ATLAng">760.024</dst>
            <dst id="CHINng">6865.61066666666</dst>
            <dst id="DNVRng">4045.35466666667</dst>
            <dst id="HSTNng">454.370666666667</dst>
            <dst id="IPLSng">1377.46933333333</dst>
            <dst id="KSCYng">998.141333333333</dst>
            <dst id="LOSAng">35846.8106666667</dst>
            <dst id="NYCMng">10249.1866666667</dst>
            <dst id="SNVAng">14878.1973333333</dst>
            <dst id="STTLng">64526.0186666667</dst>
            <dst id="WASHng">2150.42133333333</dst>
        </src>
        <src id="STTLng">
            <dst id="ATLA-M5">97.6026666666667</dst>
            <dst id="ATLAng">9214.28266666667</dst>
            <dst id="CHINng">57880.2026666667</dst>
            <dst id="DNVRng">5702.09066666667</dst>
            <dst id="HSTNng">3492.43733333333</dst>
            <dst id="IPLSng">8046.87466666666</dst>
            <dst id="KSCYng">6268.74933333333</dst>
            <dst id="LOSAng">24581.4453333333</dst>
            <dst id="NYCMng">18264.352</dst>
            <dst id="SNVAng">4529.93333333333</dst>
            <dst id="STTLng">12109.7493333333</dst>
            <dst id="WASHng">12243.9333333333</dst>
        </src>
        <src id="WASHng">
            <dst id="ATLA-M5">285.496</dst>
            <dst id="ATLAng">103991.904</dst>
            <dst id="CHINng">90173.2906666666</dst>
            <dst id="DNVRng">46332.6026666667</dst>
            <dst id="HSTNng">19078.7653333333</dst>
            <dst id="IPLSng">61383.904</dst>
            <dst id="KSCYng">11800.1493333333</dst>
            <dst id="LOSAng">65351.7493333333</dst>
            <dst id="NYCMng">165884.954666667</dst>
            <dst id="SNVAng">17312.2346666667</dst>
            <dst id="STTLng">35974.224</dst>
            <dst id="WASHng">310721.226666667</dst>
        </src>
    </IntraTM>
</TrafficMatrixFile>
