<?xml version="1.0" encoding="ISO-8859-1" standalone="yes"?>
<TrafficMatrixFile xsi:noNamespaceSchemaLocation="http://totem.run.montefiore.ulg.ac.be/Schema/TrafficMatrix-v1_2.xsd" xmlns:xsi="http://www.w3.org/2001/XMLSchema-instance">
    <IntraTM ASID="11537">
        <src id="ATLA-M5">
            <dst id="ATLA-M5">26.6666666666667</dst>
            <dst id="ATLAng">420.96</dst>
            <dst id="CHINng">5686.72533333333</dst>
            <dst id="DNVRng">539.485333333333</dst>
            <dst id="HSTNng">357.194666666667</dst>
            <dst id="IPLSng">1408.59733333333</dst>
            <dst id="KSCYng">370.389333333333</dst>
            <dst id="LOSAng">1367.316</dst>
            <dst id="NYCMng">939.418666666667</dst>
            <dst id="SNVAng">251.729333333333</dst>
            <dst id="STTLng">298.36</dst>
            <dst id="WASHng">3711.61066666667</dst>
        </src>
        <src id="ATLAng">
            <dst id="ATLA-M5">839.264</dst>
            <dst id="ATLAng">19920.5573333333</dst>
            <dst id="CHINng">36713.864</dst>
            <dst id="DNVRng">7254.25066666667</dst>
            <dst id="HSTNng">6310.97866666667</dst>
            <dst id="IPLSng">30942.592</dst>
            <dst id="KSCYng">6288.57333333333</dst>
            <dst id="LOSAng">23764.0173333333</dst>
            <dst id="NYCMng">19006.3653333333</dst>
            <dst id="SNVAng">928.294666666667</dst>
            <dst id="STTLng">9951.10133333333</dst>
            <dst id="WASHng">70904.4026666667</dst>
        </src>
        <src id="CHINng">
            <dst id="ATLA-M5">494.576</dst>
            <dst id="ATLAng">13140.0533333333</dst>
            <dst id="CHINng">35348.576</dst>
            <dst id="DNVRng">12829.8133333333</dst>
            <dst id="HSTNng">26854.7706666667</dst>
            <dst id="IPLSng">32440.9813333333</dst>
            <dst id="KSCYng">12399.0906666667</dst>
            <dst id="LOSAng">38719.1786666667</dst>
            <dst id="NYCMng">3255.816</dst>
            <dst id="SNVAng">4915.248</dst>
            <dst id="STTLng">6485.176</dst>
            <dst id="WASHng">17738.2026666667</dst>
        </src>
        <src id="DNVRng">
            <dst id="ATLA-M5">1119.904</dst>
            <dst id="ATLAng">7056.344</dst>
            <dst id="CHINng">53081.8773333333</dst>
            <dst id="DNVRng">22025.5306666667</dst>
            <dst id="HSTNng">15737.4613333333</dst>
            <dst id="IPLSng">31445.072</dst>
            <dst id="KSCYng">23089.7706666667</dst>
            <dst id="LOSAng">12671.72</dst>
            <dst id="NYCMng">34843.3706666667</dst>
            <dst id="SNVAng">14550.408</dst>
            <dst id="STTLng">22064.4826666667</dst>
            <dst id="WASHng">56744.96</dst>
        </src>
        <src id="HSTNng">
            <dst id="ATLA-M5">2177.584</dst>
            <dst id="ATLAng">7450.36</dst>
            <dst id="CHINng">43098.3093333333</dst>
            <dst id="DNVRng">5029.4</dst>
            <dst id="HSTNng">13499.504</dst>
            <dst id="IPLSng">11446.616</dst>
            <dst id="KSCYng">4004.73866666667</dst>
            <dst id="LOSAng">196810.613333333</dst>
            <dst id="NYCMng">7916.20533333333</dst>
            <dst id="SNVAng">1674.832</dst>
            <dst id="STTLng">2356.65066666667</dst>
            <dst id="WASHng">10934.6</dst>
        </src>
        <src id="IPLSng">
            <dst id="ATLA-M5">1008.264</dst>
            <dst id="ATLAng">18275.7226666667</dst>
            <dst id="CHINng">91374.2533333333</dst>
            <dst id="DNVRng">30507.376</dst>
            <dst id="HSTNng">9873.57333333333</dst>
            <dst id="IPLSng">21730.1093333333</dst>
            <dst id="KSCYng">18332.0826666667</dst>
            <dst id="LOSAng">31607.5626666667</dst>
            <dst id="NYCMng">61784.304</dst>
            <dst id="SNVAng">4081.30933333333</dst>
            <dst id="STTLng">10909.6666666667</dst>
            <dst id="WASHng">43633.4533333333</dst>
        </src>
        <src id="KSCYng">
            <dst id="ATLA-M5">606.477333333333</dst>
            <dst id="ATLAng">6012.64533333333</dst>
            <dst id="CHINng">31088.9493333333</dst>
            <dst id="DNVRng">10375.688</dst>
            <dst id="HSTNng">6782.93333333333</dst>
            <dst id="IPLSng">16389.3093333333</dst>
            <dst id="KSCYng">8586.888</dst>
            <dst id="LOSAng">6736.95733333333</dst>
            <dst id="NYCMng">10961.6293333333</dst>
            <dst id="SNVAng">1460.36</dst>
            <dst id="STTLng">5462.90933333333</dst>
            <dst id="WASHng">17020.1253333333</dst>
        </src>
        <src id="LOSAng">
            <dst id="ATLA-M5">1270.47733333333</dst>
            <dst id="ATLAng">41642.264</dst>
            <dst id="CHINng">119330.144</dst>
            <dst id="DNVRng">19278.744</dst>
            <dst id="HSTNng">12954.728</dst>
            <dst id="IPLSng">45320.712</dst>
            <dst id="KSCYng">14546.0533333333</dst>
            <dst id="LOSAng">30841.5706666667</dst>
            <dst id="NYCMng">70327.5626666667</dst>
            <dst id="SNVAng">17094.7573333333</dst>
            <dst id="STTLng">25868.1893333333</dst>
            <dst id="WASHng">62130.1893333333</dst>
        </src>
        <src id="NYCMng">
            <dst id="ATLA-M5">3121.08533333333</dst>
            <dst id="ATLAng">51402.536</dst>
            <dst id="CHINng">81184.8746666666</dst>
            <dst id="DNVRng">47099.9653333333</dst>
            <dst id="HSTNng">36146.9653333334</dst>
            <dst id="IPLSng">69226.664</dst>
            <dst id="KSCYng">26499.1333333333</dst>
            <dst id="LOSAng">97978.5013333333</dst>
            <dst id="NYCMng">122117.933333333</dst>
            <dst id="SNVAng">10063.3733333333</dst>
            <dst id="STTLng">39383.408</dst>
            <dst id="WASHng">113884.493333333</dst>
        </src>
        <src id="SNVAng">
            <dst id="ATLA-M5">212.112</dst>
            <dst id="ATLAng">322.952</dst>
            <dst id="CHINng">5287.104</dst>
            <dst id="DNVRng">2442.48</dst>
            <dst id="HSTNng">1104.08</dst>
            <dst id="IPLSng">3268.11733333333</dst>
            <dst id="KSCYng">1253.09333333333</dst>
            <dst id="LOSAng">42219.256</dst>
            <dst id="NYCMng">3136.728</dst>
            <dst id="SNVAng">19047.4506666667</dst>
            <dst id="STTLng">72490.6293333333</dst>
            <dst id="WASHng">1958.38933333333</dst>
        </src>
        <src id="STTLng">
            <dst id="ATLA-M5">82.8986666666667</dst>
            <dst id="ATLAng">11840.5413333333</dst>
            <dst id="CHINng">51206.24</dst>
            <dst id="DNVRng">6627.376</dst>
            <dst id="HSTNng">6757.60533333333</dst>
            <dst id="IPLSng">12105.0746666667</dst>
            <dst id="KSCYng">7447.20266666667</dst>
            <dst id="LOSAng">34169.5253333333</dst>
            <dst id="NYCMng">25086.8506666667</dst>
            <dst id="SNVAng">6931.21866666667</dst>
            <dst id="STTLng">17075.864</dst>
            <dst id="WASHng">13530.896</dst>
        </src>
        <src id="WASHng">
            <dst id="ATLA-M5">3902.30933333333</dst>
            <dst id="ATLAng">146934.898666667</dst>
            <dst id="CHINng">110253.125333333</dst>
            <dst id="DNVRng">57132.96</dst>
            <dst id="HSTNng">27800.864</dst>
            <dst id="IPLSng">75297.8026666667</dst>
            <dst id="KSCYng">13666.6106666667</dst>
            <dst id="LOSAng">63317.9066666667</dst>
            <dst id="NYCMng">204533.093333333</dst>
            <dst id="SNVAng">14674.256</dst>
            <dst id="STTLng">35836.9093333333</dst>
            <dst id="WASHng">240306.752</dst>
        </src>
    </IntraTM>
</TrafficMatrixFile>
