<?xml version="1.0" encoding="ISO-8859-1" standalone="yes"?>
<TrafficMatrixFile xsi:noNamespaceSchemaLocation="http://totem.run.montefiore.ulg.ac.be/Schema/TrafficMatrix-v1_2.xsd" xmlns:xsi="http://www.w3.org/2001/XMLSchema-instance">
    <IntraTM ASID="11537">
        <src id="ATLA-M5">
            <dst id="ATLA-M5">0</dst>
            <dst id="ATLAng">159.834666666667</dst>
            <dst id="CHINng">787.12</dst>
            <dst id="DNVRng">164.498666666667</dst>
            <dst id="HSTNng">182.453333333333</dst>
            <dst id="IPLSng">375.496</dst>
            <dst id="KSCYng">525.274666666667</dst>
            <dst id="LOSAng">972.509333333333</dst>
            <dst id="NYCMng">572.090666666667</dst>
            <dst id="SNVAng">104.88</dst>
            <dst id="STTLng">438.242666666667</dst>
            <dst id="WASHng">2025.576</dst>
        </src>
        <src id="ATLAng">
            <dst id="ATLA-M5">217.504</dst>
            <dst id="ATLAng">20183.168</dst>
            <dst id="CHINng">14674.7573333333</dst>
            <dst id="DNVRng">5222.06666666667</dst>
            <dst id="HSTNng">1285.19733333333</dst>
            <dst id="IPLSng">26654.0453333333</dst>
            <dst id="KSCYng">5747.28533333333</dst>
            <dst id="LOSAng">16401.9733333333</dst>
            <dst id="NYCMng">8704.608</dst>
            <dst id="SNVAng">626.165333333333</dst>
            <dst id="STTLng">5270.76</dst>
            <dst id="WASHng">138462.765333333</dst>
        </src>
        <src id="CHINng">
            <dst id="ATLA-M5">255.669333333333</dst>
            <dst id="ATLAng">6053.18666666667</dst>
            <dst id="CHINng">47719.5653333333</dst>
            <dst id="DNVRng">14875.5946666667</dst>
            <dst id="HSTNng">5522.37866666667</dst>
            <dst id="IPLSng">17369.552</dst>
            <dst id="KSCYng">4909.05333333333</dst>
            <dst id="LOSAng">23993.912</dst>
            <dst id="NYCMng">7980.49866666667</dst>
            <dst id="SNVAng">2803.57066666667</dst>
            <dst id="STTLng">6685.04266666667</dst>
            <dst id="WASHng">16542.264</dst>
        </src>
        <src id="DNVRng">
            <dst id="ATLA-M5">53.3333333333333</dst>
            <dst id="ATLAng">7011.544</dst>
            <dst id="CHINng">80749.8453333333</dst>
            <dst id="DNVRng">23706.8053333333</dst>
            <dst id="HSTNng">11557.392</dst>
            <dst id="IPLSng">27838.32</dst>
            <dst id="KSCYng">22131.5786666667</dst>
            <dst id="LOSAng">8313.49066666667</dst>
            <dst id="NYCMng">16944.8906666667</dst>
            <dst id="SNVAng">10137.7466666667</dst>
            <dst id="STTLng">9309.82933333333</dst>
            <dst id="WASHng">56841.1173333333</dst>
        </src>
        <src id="HSTNng">
            <dst id="ATLA-M5">2992.04266666667</dst>
            <dst id="ATLAng">2750.776</dst>
            <dst id="CHINng">46558.1493333333</dst>
            <dst id="DNVRng">4265.6</dst>
            <dst id="HSTNng">2594.35733333333</dst>
            <dst id="IPLSng">7818.45333333333</dst>
            <dst id="KSCYng">1847.6</dst>
            <dst id="LOSAng">9241.81066666667</dst>
            <dst id="NYCMng">7686.672</dst>
            <dst id="SNVAng">1222.488</dst>
            <dst id="STTLng">2377.45866666667</dst>
            <dst id="WASHng">8520.76266666667</dst>
        </src>
        <src id="IPLSng">
            <dst id="ATLA-M5">1349.512</dst>
            <dst id="ATLAng">25476.6826666667</dst>
            <dst id="CHINng">145557.224</dst>
            <dst id="DNVRng">18939.352</dst>
            <dst id="HSTNng">3890.49066666667</dst>
            <dst id="IPLSng">19010.16</dst>
            <dst id="KSCYng">10727.1546666667</dst>
            <dst id="LOSAng">21355.6346666667</dst>
            <dst id="NYCMng">30606.8053333333</dst>
            <dst id="SNVAng">3903.61333333333</dst>
            <dst id="STTLng">16909.7413333333</dst>
            <dst id="WASHng">36957.4053333333</dst>
        </src>
        <src id="KSCYng">
            <dst id="ATLA-M5">382.725333333333</dst>
            <dst id="ATLAng">4494.81333333333</dst>
            <dst id="CHINng">47933.7386666667</dst>
            <dst id="DNVRng">7474.33866666667</dst>
            <dst id="HSTNng">3775.09866666667</dst>
            <dst id="IPLSng">9779.69066666667</dst>
            <dst id="KSCYng">7159.048</dst>
            <dst id="LOSAng">4446.25066666667</dst>
            <dst id="NYCMng">8257.008</dst>
            <dst id="SNVAng">2332.01333333333</dst>
            <dst id="STTLng">8613.744</dst>
            <dst id="WASHng">9865.61866666667</dst>
        </src>
        <src id="LOSAng">
            <dst id="ATLA-M5">2430.53333333333</dst>
            <dst id="ATLAng">20994.1093333333</dst>
            <dst id="CHINng">153448.586666667</dst>
            <dst id="DNVRng">8484.93866666667</dst>
            <dst id="HSTNng">5770.68533333333</dst>
            <dst id="IPLSng">36810.832</dst>
            <dst id="KSCYng">11352.208</dst>
            <dst id="LOSAng">20087.7706666667</dst>
            <dst id="NYCMng">54103.6693333333</dst>
            <dst id="SNVAng">18804.9146666667</dst>
            <dst id="STTLng">27710.296</dst>
            <dst id="WASHng">62273.9066666667</dst>
        </src>
        <src id="NYCMng">
            <dst id="ATLA-M5">852.258666666667</dst>
            <dst id="ATLAng">31167.704</dst>
            <dst id="CHINng">64027.4213333333</dst>
            <dst id="DNVRng">31277.5413333333</dst>
            <dst id="HSTNng">28033.8613333333</dst>
            <dst id="IPLSng">49003.7733333333</dst>
            <dst id="KSCYng">14659.92</dst>
            <dst id="LOSAng">68831.9013333333</dst>
            <dst id="NYCMng">139579.178666667</dst>
            <dst id="SNVAng">9183.12266666667</dst>
            <dst id="STTLng">20194.648</dst>
            <dst id="WASHng">76592.848</dst>
        </src>
        <src id="SNVAng">
            <dst id="ATLA-M5">902.925333333333</dst>
            <dst id="ATLAng">314.538666666667</dst>
            <dst id="CHINng">4836.41333333333</dst>
            <dst id="DNVRng">1968.6</dst>
            <dst id="HSTNng">335.264</dst>
            <dst id="IPLSng">927.597333333333</dst>
            <dst id="KSCYng">452.237333333333</dst>
            <dst id="LOSAng">35220.8613333333</dst>
            <dst id="NYCMng">1605.51733333333</dst>
            <dst id="SNVAng">10761.944</dst>
            <dst id="STTLng">56447.208</dst>
            <dst id="WASHng">1587.98666666667</dst>
        </src>
        <src id="STTLng">
            <dst id="ATLA-M5">227.474666666667</dst>
            <dst id="ATLAng">8868.19466666666</dst>
            <dst id="CHINng">77325.0773333333</dst>
            <dst id="DNVRng">7276.824</dst>
            <dst id="HSTNng">2307.32</dst>
            <dst id="IPLSng">6624.552</dst>
            <dst id="KSCYng">3524.384</dst>
            <dst id="LOSAng">23847.528</dst>
            <dst id="NYCMng">16876.416</dst>
            <dst id="SNVAng">2921.84</dst>
            <dst id="STTLng">13637.2426666667</dst>
            <dst id="WASHng">6689.768</dst>
        </src>
        <src id="WASHng">
            <dst id="ATLA-M5">588.829333333333</dst>
            <dst id="ATLAng">115950.368</dst>
            <dst id="CHINng">79039.328</dst>
            <dst id="DNVRng">47522.84</dst>
            <dst id="HSTNng">18748.5546666667</dst>
            <dst id="IPLSng">61563.3733333333</dst>
            <dst id="KSCYng">10292.728</dst>
            <dst id="LOSAng">59320.3946666667</dst>
            <dst id="NYCMng">176900.789333333</dst>
            <dst id="SNVAng">12694.352</dst>
            <dst id="STTLng">32175.6666666667</dst>
            <dst id="WASHng">363147.44</dst>
        </src>
    </IntraTM>
</TrafficMatrixFile>
