<?xml version="1.0" encoding="ISO-8859-1" standalone="yes"?>
<TrafficMatrixFile xsi:noNamespaceSchemaLocation="http://totem.run.montefiore.ulg.ac.be/Schema/TrafficMatrix-v1_2.xsd" xmlns:xsi="http://www.w3.org/2001/XMLSchema-instance">
    <IntraTM ASID="11537">
        <src id="ATLA-M5">
            <dst id="ATLA-M5">0</dst>
            <dst id="ATLAng">391.370666666667</dst>
            <dst id="CHINng">998.056</dst>
            <dst id="DNVRng">95.6586666666667</dst>
            <dst id="HSTNng">164.149333333333</dst>
            <dst id="IPLSng">340.52</dst>
            <dst id="KSCYng">368.608</dst>
            <dst id="LOSAng">693.170666666667</dst>
            <dst id="NYCMng">200</dst>
            <dst id="SNVAng">181.138666666667</dst>
            <dst id="STTLng">210.176</dst>
            <dst id="WASHng">3815.13866666667</dst>
        </src>
        <src id="ATLAng">
            <dst id="ATLA-M5">204.397333333333</dst>
            <dst id="ATLAng">31204.5573333333</dst>
            <dst id="CHINng">18608.6106666667</dst>
            <dst id="DNVRng">4960.73333333333</dst>
            <dst id="HSTNng">2615.54666666667</dst>
            <dst id="IPLSng">20358.552</dst>
            <dst id="KSCYng">3982.14666666667</dst>
            <dst id="LOSAng">15845.8826666667</dst>
            <dst id="NYCMng">14561.352</dst>
            <dst id="SNVAng">3721.25333333333</dst>
            <dst id="STTLng">6450.30133333333</dst>
            <dst id="WASHng">128026.573333333</dst>
        </src>
        <src id="CHINng">
            <dst id="ATLA-M5">85.408</dst>
            <dst id="ATLAng">11331.264</dst>
            <dst id="CHINng">43725.2453333333</dst>
            <dst id="DNVRng">7309.56</dst>
            <dst id="HSTNng">3747.88533333333</dst>
            <dst id="IPLSng">14471.0986666667</dst>
            <dst id="KSCYng">4466.53333333333</dst>
            <dst id="LOSAng">19377.96</dst>
            <dst id="NYCMng">4644.76</dst>
            <dst id="SNVAng">1243.84</dst>
            <dst id="STTLng">4661.01333333333</dst>
            <dst id="WASHng">13979.7973333333</dst>
        </src>
        <src id="DNVRng">
            <dst id="ATLA-M5">85.6853333333333</dst>
            <dst id="ATLAng">9035.07466666667</dst>
            <dst id="CHINng">65507.4453333333</dst>
            <dst id="DNVRng">3768.02133333333</dst>
            <dst id="HSTNng">12545.7226666667</dst>
            <dst id="IPLSng">26110.928</dst>
            <dst id="KSCYng">8231.01333333333</dst>
            <dst id="LOSAng">5465</dst>
            <dst id="NYCMng">19383.5786666667</dst>
            <dst id="SNVAng">6461.368</dst>
            <dst id="STTLng">5175.24533333333</dst>
            <dst id="WASHng">48642.1493333333</dst>
        </src>
        <src id="HSTNng">
            <dst id="ATLA-M5">1297.06133333333</dst>
            <dst id="ATLAng">2112.53066666667</dst>
            <dst id="CHINng">41970.384</dst>
            <dst id="DNVRng">4339.98133333333</dst>
            <dst id="HSTNng">4546.32</dst>
            <dst id="IPLSng">4284.888</dst>
            <dst id="KSCYng">955.405333333333</dst>
            <dst id="LOSAng">103653.536</dst>
            <dst id="NYCMng">7035.112</dst>
            <dst id="SNVAng">589.813333333333</dst>
            <dst id="STTLng">1627.02933333333</dst>
            <dst id="WASHng">4762.55466666667</dst>
        </src>
        <src id="IPLSng">
            <dst id="ATLA-M5">368.925333333333</dst>
            <dst id="ATLAng">19147.04</dst>
            <dst id="CHINng">107132.24</dst>
            <dst id="DNVRng">18459.1173333333</dst>
            <dst id="HSTNng">2426.14933333333</dst>
            <dst id="IPLSng">19603.2106666667</dst>
            <dst id="KSCYng">9930.744</dst>
            <dst id="LOSAng">18049.5626666667</dst>
            <dst id="NYCMng">31752.5866666667</dst>
            <dst id="SNVAng">4048.05066666667</dst>
            <dst id="STTLng">11739.2346666667</dst>
            <dst id="WASHng">51829.0693333333</dst>
        </src>
        <src id="KSCYng">
            <dst id="ATLA-M5">9725.39466666667</dst>
            <dst id="ATLAng">4783.50666666667</dst>
            <dst id="CHINng">42844.6</dst>
            <dst id="DNVRng">10498.2693333333</dst>
            <dst id="HSTNng">3070.168</dst>
            <dst id="IPLSng">8423.328</dst>
            <dst id="KSCYng">5457.952</dst>
            <dst id="LOSAng">5640.032</dst>
            <dst id="NYCMng">8168.38933333333</dst>
            <dst id="SNVAng">2123.568</dst>
            <dst id="STTLng">5442.50933333333</dst>
            <dst id="WASHng">7702.91466666667</dst>
        </src>
        <src id="LOSAng">
            <dst id="ATLA-M5">460.365333333333</dst>
            <dst id="ATLAng">15511.2666666667</dst>
            <dst id="CHINng">141280.32</dst>
            <dst id="DNVRng">12534</dst>
            <dst id="HSTNng">5217.912</dst>
            <dst id="IPLSng">36310.352</dst>
            <dst id="KSCYng">4156.33866666667</dst>
            <dst id="LOSAng">15921.3706666667</dst>
            <dst id="NYCMng">52937.9946666667</dst>
            <dst id="SNVAng">11105.6026666667</dst>
            <dst id="STTLng">20369.04</dst>
            <dst id="WASHng">50963.6746666667</dst>
        </src>
        <src id="NYCMng">
            <dst id="ATLA-M5">666.28</dst>
            <dst id="ATLAng">32380.24</dst>
            <dst id="CHINng">60722.5146666667</dst>
            <dst id="DNVRng">27089.64</dst>
            <dst id="HSTNng">15282.0773333333</dst>
            <dst id="IPLSng">46018.6666666667</dst>
            <dst id="KSCYng">14875.056</dst>
            <dst id="LOSAng">61743.5946666667</dst>
            <dst id="NYCMng">139273.056</dst>
            <dst id="SNVAng">8839.88266666667</dst>
            <dst id="STTLng">20837.3226666667</dst>
            <dst id="WASHng">62619.4906666667</dst>
        </src>
        <src id="SNVAng">
            <dst id="ATLA-M5">204.528</dst>
            <dst id="ATLAng">340.946666666667</dst>
            <dst id="CHINng">4646.032</dst>
            <dst id="DNVRng">12025.784</dst>
            <dst id="HSTNng">228.048</dst>
            <dst id="IPLSng">1532.096</dst>
            <dst id="KSCYng">694.869333333333</dst>
            <dst id="LOSAng">31065.6186666667</dst>
            <dst id="NYCMng">1321.184</dst>
            <dst id="SNVAng">17568.0266666667</dst>
            <dst id="STTLng">60583.4213333333</dst>
            <dst id="WASHng">919.338666666667</dst>
        </src>
        <src id="STTLng">
            <dst id="ATLA-M5">96.4106666666667</dst>
            <dst id="ATLAng">10615.2053333333</dst>
            <dst id="CHINng">76502.0613333333</dst>
            <dst id="DNVRng">4956.25866666667</dst>
            <dst id="HSTNng">1938.136</dst>
            <dst id="IPLSng">5950.58666666667</dst>
            <dst id="KSCYng">3754.14133333333</dst>
            <dst id="LOSAng">21562.312</dst>
            <dst id="NYCMng">18455.8186666667</dst>
            <dst id="SNVAng">10421.5893333333</dst>
            <dst id="STTLng">8029.11733333333</dst>
            <dst id="WASHng">8810.24266666667</dst>
        </src>
        <src id="WASHng">
            <dst id="ATLA-M5">140.109333333333</dst>
            <dst id="ATLAng">152708.130666667</dst>
            <dst id="CHINng">63570.536</dst>
            <dst id="DNVRng">45788.9733333333</dst>
            <dst id="HSTNng">14000.7173333333</dst>
            <dst id="IPLSng">43953.6373333333</dst>
            <dst id="KSCYng">8964.41866666667</dst>
            <dst id="LOSAng">57200.656</dst>
            <dst id="NYCMng">150778.946666667</dst>
            <dst id="SNVAng">10767.9386666667</dst>
            <dst id="STTLng">32694.3866666667</dst>
            <dst id="WASHng">317383.333333333</dst>
        </src>
    </IntraTM>
</TrafficMatrixFile>
