<?xml version="1.0" encoding="ISO-8859-1" standalone="yes"?>
<TrafficMatrixFile xsi:noNamespaceSchemaLocation="http://totem.run.montefiore.ulg.ac.be/Schema/TrafficMatrix-v1_2.xsd" xmlns:xsi="http://www.w3.org/2001/XMLSchema-instance">
    <IntraTM ASID="11537">
        <src id="ATLA-M5">
            <dst id="ATLA-M5">412.722666666667</dst>
            <dst id="ATLAng">922.658666666667</dst>
            <dst id="CHINng">3115.84533333333</dst>
            <dst id="DNVRng">1254.416</dst>
            <dst id="HSTNng">712.453333333333</dst>
            <dst id="IPLSng">3833.888</dst>
            <dst id="KSCYng">455.194666666667</dst>
            <dst id="LOSAng">1574.32533333333</dst>
            <dst id="NYCMng">2772.68</dst>
            <dst id="SNVAng">260.944</dst>
            <dst id="STTLng">1300.65333333333</dst>
            <dst id="WASHng">2951.46133333333</dst>
        </src>
        <src id="ATLAng">
            <dst id="ATLA-M5">1005.96266666667</dst>
            <dst id="ATLAng">30518.5413333333</dst>
            <dst id="CHINng">24603.84</dst>
            <dst id="DNVRng">13650.1333333333</dst>
            <dst id="HSTNng">6673.65866666667</dst>
            <dst id="IPLSng">36125.7013333333</dst>
            <dst id="KSCYng">10488.8133333333</dst>
            <dst id="LOSAng">32284.1093333333</dst>
            <dst id="NYCMng">29075.1786666667</dst>
            <dst id="SNVAng">3246.83466666667</dst>
            <dst id="STTLng">8640.92266666667</dst>
            <dst id="WASHng">132480.144</dst>
        </src>
        <src id="CHINng">
            <dst id="ATLA-M5">4263.00533333333</dst>
            <dst id="ATLAng">12095.9173333333</dst>
            <dst id="CHINng">42007.7253333333</dst>
            <dst id="DNVRng">8036.22133333333</dst>
            <dst id="HSTNng">17201.3733333333</dst>
            <dst id="IPLSng">39194.9146666667</dst>
            <dst id="KSCYng">9031.4</dst>
            <dst id="LOSAng">37844.376</dst>
            <dst id="NYCMng">5543.70666666667</dst>
            <dst id="SNVAng">9986.45333333333</dst>
            <dst id="STTLng">10834.7413333333</dst>
            <dst id="WASHng">29985.256</dst>
        </src>
        <src id="DNVRng">
            <dst id="ATLA-M5">628.965333333333</dst>
            <dst id="ATLAng">7626.8</dst>
            <dst id="CHINng">60270.9173333333</dst>
            <dst id="DNVRng">17241.8106666667</dst>
            <dst id="HSTNng">23205.3706666667</dst>
            <dst id="IPLSng">41105.3573333333</dst>
            <dst id="KSCYng">20071.544</dst>
            <dst id="LOSAng">13698.5173333333</dst>
            <dst id="NYCMng">21019.424</dst>
            <dst id="SNVAng">12754.608</dst>
            <dst id="STTLng">19111.8293333333</dst>
            <dst id="WASHng">62525.0906666667</dst>
        </src>
        <src id="HSTNng">
            <dst id="ATLA-M5">1957.06933333333</dst>
            <dst id="ATLAng">4628.888</dst>
            <dst id="CHINng">22636.8693333333</dst>
            <dst id="DNVRng">4284.12266666667</dst>
            <dst id="HSTNng">22622.9386666667</dst>
            <dst id="IPLSng">14289.3626666667</dst>
            <dst id="KSCYng">4628.59733333333</dst>
            <dst id="LOSAng">103772.365333333</dst>
            <dst id="NYCMng">6675.70933333334</dst>
            <dst id="SNVAng">2242.90133333333</dst>
            <dst id="STTLng">7019.97866666667</dst>
            <dst id="WASHng">6253.18133333333</dst>
        </src>
        <src id="IPLSng">
            <dst id="ATLA-M5">3394.664</dst>
            <dst id="ATLAng">19781.784</dst>
            <dst id="CHINng">97092.824</dst>
            <dst id="DNVRng">32044.6506666667</dst>
            <dst id="HSTNng">11335.3653333333</dst>
            <dst id="IPLSng">32428.0133333333</dst>
            <dst id="KSCYng">15306.632</dst>
            <dst id="LOSAng">30819.2933333333</dst>
            <dst id="NYCMng">37562.2933333333</dst>
            <dst id="SNVAng">7280.49333333333</dst>
            <dst id="STTLng">13985.6533333333</dst>
            <dst id="WASHng">51792.1893333333</dst>
        </src>
        <src id="KSCYng">
            <dst id="ATLA-M5">1048.168</dst>
            <dst id="ATLAng">14300.3226666667</dst>
            <dst id="CHINng">46862.632</dst>
            <dst id="DNVRng">12179.3413333333</dst>
            <dst id="HSTNng">5651.81866666667</dst>
            <dst id="IPLSng">21430.6053333333</dst>
            <dst id="KSCYng">14348.8506666667</dst>
            <dst id="LOSAng">7937.81066666667</dst>
            <dst id="NYCMng">13639.4693333333</dst>
            <dst id="SNVAng">1232.616</dst>
            <dst id="STTLng">5449.06666666667</dst>
            <dst id="WASHng">15307.3786666667</dst>
        </src>
        <src id="LOSAng">
            <dst id="ATLA-M5">1587.38933333333</dst>
            <dst id="ATLAng">48284.2026666667</dst>
            <dst id="CHINng">131131.696</dst>
            <dst id="DNVRng">17290.0826666667</dst>
            <dst id="HSTNng">65044.2026666667</dst>
            <dst id="IPLSng">51773.928</dst>
            <dst id="KSCYng">11523.2106666667</dst>
            <dst id="LOSAng">28630.6746666667</dst>
            <dst id="NYCMng">65628.56</dst>
            <dst id="SNVAng">13346.1466666667</dst>
            <dst id="STTLng">42089.8906666667</dst>
            <dst id="WASHng">66813.9493333333</dst>
        </src>
        <src id="NYCMng">
            <dst id="ATLA-M5">4141.10133333333</dst>
            <dst id="ATLAng">53494.9626666667</dst>
            <dst id="CHINng">80078.6106666667</dst>
            <dst id="DNVRng">41582.176</dst>
            <dst id="HSTNng">44931.0533333333</dst>
            <dst id="IPLSng">102563.552</dst>
            <dst id="KSCYng">23339.7813333333</dst>
            <dst id="LOSAng">111970.213333333</dst>
            <dst id="NYCMng">164965.301333333</dst>
            <dst id="SNVAng">13376.3386666667</dst>
            <dst id="STTLng">41815.9253333333</dst>
            <dst id="WASHng">131679.624</dst>
        </src>
        <src id="SNVAng">
            <dst id="ATLA-M5">832.986666666667</dst>
            <dst id="ATLAng">1566.85333333333</dst>
            <dst id="CHINng">10831.1493333333</dst>
            <dst id="DNVRng">3838.59733333333</dst>
            <dst id="HSTNng">1027.15733333333</dst>
            <dst id="IPLSng">3852.18933333333</dst>
            <dst id="KSCYng">1103.60533333333</dst>
            <dst id="LOSAng">44224.2186666667</dst>
            <dst id="NYCMng">2402.66666666667</dst>
            <dst id="SNVAng">22699.5653333333</dst>
            <dst id="STTLng">61546.992</dst>
            <dst id="WASHng">3875.74133333333</dst>
        </src>
        <src id="STTLng">
            <dst id="ATLA-M5">462.605333333333</dst>
            <dst id="ATLAng">15889.3786666667</dst>
            <dst id="CHINng">61833.2826666667</dst>
            <dst id="DNVRng">4177.664</dst>
            <dst id="HSTNng">3849.40533333333</dst>
            <dst id="IPLSng">25916.024</dst>
            <dst id="KSCYng">5165.51733333333</dst>
            <dst id="LOSAng">33389.3066666667</dst>
            <dst id="NYCMng">28928.3413333333</dst>
            <dst id="SNVAng">11928.52</dst>
            <dst id="STTLng">13807.68</dst>
            <dst id="WASHng">19837.3333333333</dst>
        </src>
        <src id="WASHng">
            <dst id="ATLA-M5">2578.66666666667</dst>
            <dst id="ATLAng">120282.101333333</dst>
            <dst id="CHINng">106390.632</dst>
            <dst id="DNVRng">53367.4613333333</dst>
            <dst id="HSTNng">34642.4373333333</dst>
            <dst id="IPLSng">81920.32</dst>
            <dst id="KSCYng">28711.104</dst>
            <dst id="LOSAng">87378.6293333333</dst>
            <dst id="NYCMng">208155.098666667</dst>
            <dst id="SNVAng">11236.328</dst>
            <dst id="STTLng">41008.5253333333</dst>
            <dst id="WASHng">220325.202666667</dst>
        </src>
    </IntraTM>
</TrafficMatrixFile>
