<?xml version="1.0" encoding="ISO-8859-1" standalone="yes"?>
<TrafficMatrixFile xsi:noNamespaceSchemaLocation="http://totem.run.montefiore.ulg.ac.be/Schema/TrafficMatrix-v1_2.xsd" xmlns:xsi="http://www.w3.org/2001/XMLSchema-instance">
    <IntraTM ASID="11537">
        <src id="ATLA-M5">
            <dst id="ATLA-M5">0</dst>
            <dst id="ATLAng">1064.45866666667</dst>
            <dst id="CHINng">2244.06666666667</dst>
            <dst id="DNVRng">201.984</dst>
            <dst id="HSTNng">654.68</dst>
            <dst id="IPLSng">4047.61333333333</dst>
            <dst id="KSCYng">224.888</dst>
            <dst id="LOSAng">1295.28266666667</dst>
            <dst id="NYCMng">599.992</dst>
            <dst id="SNVAng">305.221333333333</dst>
            <dst id="STTLng">53.3333333333333</dst>
            <dst id="WASHng">1823.86133333333</dst>
        </src>
        <src id="ATLAng">
            <dst id="ATLA-M5">2341.81333333333</dst>
            <dst id="ATLAng">22105.5093333333</dst>
            <dst id="CHINng">27752.2346666667</dst>
            <dst id="DNVRng">8742.86933333333</dst>
            <dst id="HSTNng">35273.5493333333</dst>
            <dst id="IPLSng">31806.7333333333</dst>
            <dst id="KSCYng">6805.39733333333</dst>
            <dst id="LOSAng">18086.3426666667</dst>
            <dst id="NYCMng">20251.592</dst>
            <dst id="SNVAng">2936.79866666667</dst>
            <dst id="STTLng">8352.01066666667</dst>
            <dst id="WASHng">71564.0613333333</dst>
        </src>
        <src id="CHINng">
            <dst id="ATLA-M5">4481.864</dst>
            <dst id="ATLAng">15530.0506666667</dst>
            <dst id="CHINng">34164.9466666667</dst>
            <dst id="DNVRng">11209.5093333333</dst>
            <dst id="HSTNng">21319.6</dst>
            <dst id="IPLSng">50169.2426666667</dst>
            <dst id="KSCYng">6866.63466666666</dst>
            <dst id="LOSAng">34543.72</dst>
            <dst id="NYCMng">5826.44266666667</dst>
            <dst id="SNVAng">4093.824</dst>
            <dst id="STTLng">10007.0773333333</dst>
            <dst id="WASHng">20498.776</dst>
        </src>
        <src id="DNVRng">
            <dst id="ATLA-M5">1176.464</dst>
            <dst id="ATLAng">8371.77066666667</dst>
            <dst id="CHINng">54186.3626666667</dst>
            <dst id="DNVRng">21430.352</dst>
            <dst id="HSTNng">16529.456</dst>
            <dst id="IPLSng">34943.5573333333</dst>
            <dst id="KSCYng">20086.7173333333</dst>
            <dst id="LOSAng">10550.888</dst>
            <dst id="NYCMng">23676.688</dst>
            <dst id="SNVAng">10525.728</dst>
            <dst id="STTLng">22736.7066666667</dst>
            <dst id="WASHng">65719.072</dst>
        </src>
        <src id="HSTNng">
            <dst id="ATLA-M5">1478.96266666667</dst>
            <dst id="ATLAng">9411.25866666667</dst>
            <dst id="CHINng">26288.5973333333</dst>
            <dst id="DNVRng">6911.87466666667</dst>
            <dst id="HSTNng">11323.9653333333</dst>
            <dst id="IPLSng">14909.2533333333</dst>
            <dst id="KSCYng">3850.66133333333</dst>
            <dst id="LOSAng">14111.2133333333</dst>
            <dst id="NYCMng">8899.16266666667</dst>
            <dst id="SNVAng">2701.832</dst>
            <dst id="STTLng">3429.62666666667</dst>
            <dst id="WASHng">10968.2693333333</dst>
        </src>
        <src id="IPLSng">
            <dst id="ATLA-M5">1343.42933333333</dst>
            <dst id="ATLAng">21029.1733333333</dst>
            <dst id="CHINng">89238.2346666667</dst>
            <dst id="DNVRng">29220.5146666667</dst>
            <dst id="HSTNng">12578.9653333333</dst>
            <dst id="IPLSng">37023.272</dst>
            <dst id="KSCYng">45024.7333333333</dst>
            <dst id="LOSAng">30955.6213333333</dst>
            <dst id="NYCMng">37300.0906666667</dst>
            <dst id="SNVAng">4558.91466666667</dst>
            <dst id="STTLng">13876.9173333333</dst>
            <dst id="WASHng">62644.9226666667</dst>
        </src>
        <src id="KSCYng">
            <dst id="ATLA-M5">842.256</dst>
            <dst id="ATLAng">11195.7253333333</dst>
            <dst id="CHINng">33118.944</dst>
            <dst id="DNVRng">9287.672</dst>
            <dst id="HSTNng">4664.976</dst>
            <dst id="IPLSng">15172.824</dst>
            <dst id="KSCYng">11092.4533333333</dst>
            <dst id="LOSAng">4934.53333333333</dst>
            <dst id="NYCMng">10243.8373333333</dst>
            <dst id="SNVAng">3895.46666666667</dst>
            <dst id="STTLng">4865.04</dst>
            <dst id="WASHng">15127.264</dst>
        </src>
        <src id="LOSAng">
            <dst id="ATLA-M5">961.165333333333</dst>
            <dst id="ATLAng">33227.608</dst>
            <dst id="CHINng">111084.989333333</dst>
            <dst id="DNVRng">12236.9546666667</dst>
            <dst id="HSTNng">14740.7946666667</dst>
            <dst id="IPLSng">47167.752</dst>
            <dst id="KSCYng">9268.328</dst>
            <dst id="LOSAng">16736.8693333333</dst>
            <dst id="NYCMng">59791.512</dst>
            <dst id="SNVAng">10991.168</dst>
            <dst id="STTLng">36038.0346666667</dst>
            <dst id="WASHng">74915.808</dst>
        </src>
        <src id="NYCMng">
            <dst id="ATLA-M5">4653.22933333333</dst>
            <dst id="ATLAng">46728.3093333334</dst>
            <dst id="CHINng">73786.9653333333</dst>
            <dst id="DNVRng">44943.9253333333</dst>
            <dst id="HSTNng">46700.072</dst>
            <dst id="IPLSng">85694.768</dst>
            <dst id="KSCYng">22423.936</dst>
            <dst id="LOSAng">91005.6533333333</dst>
            <dst id="NYCMng">134958.573333333</dst>
            <dst id="SNVAng">13654.48</dst>
            <dst id="STTLng">36702.784</dst>
            <dst id="WASHng">151118.664</dst>
        </src>
        <src id="SNVAng">
            <dst id="ATLA-M5">116.621333333333</dst>
            <dst id="ATLAng">1606.744</dst>
            <dst id="CHINng">4030.73866666667</dst>
            <dst id="DNVRng">7965.16266666667</dst>
            <dst id="HSTNng">1678.90666666667</dst>
            <dst id="IPLSng">4267.504</dst>
            <dst id="KSCYng">1824.952</dst>
            <dst id="LOSAng">38752.1013333333</dst>
            <dst id="NYCMng">2738.4</dst>
            <dst id="SNVAng">21390.312</dst>
            <dst id="STTLng">68294.6293333333</dst>
            <dst id="WASHng">2339.13333333333</dst>
        </src>
        <src id="STTLng">
            <dst id="ATLA-M5">179.4</dst>
            <dst id="ATLAng">14887.9466666667</dst>
            <dst id="CHINng">50013.936</dst>
            <dst id="DNVRng">4069.27466666667</dst>
            <dst id="HSTNng">4472.01866666667</dst>
            <dst id="IPLSng">17627.9253333333</dst>
            <dst id="KSCYng">4867.03466666667</dst>
            <dst id="LOSAng">38523.664</dst>
            <dst id="NYCMng">24242.2213333333</dst>
            <dst id="SNVAng">8312.84</dst>
            <dst id="STTLng">17093.144</dst>
            <dst id="WASHng">19355.9173333333</dst>
        </src>
        <src id="WASHng">
            <dst id="ATLA-M5">1617.296</dst>
            <dst id="ATLAng">135860.586666667</dst>
            <dst id="CHINng">105082.584</dst>
            <dst id="DNVRng">65804.5173333333</dst>
            <dst id="HSTNng">18166.3866666667</dst>
            <dst id="IPLSng">84641.88</dst>
            <dst id="KSCYng">14992.416</dst>
            <dst id="LOSAng">98638.0933333334</dst>
            <dst id="NYCMng">236079.533333333</dst>
            <dst id="SNVAng">23938.8426666667</dst>
            <dst id="STTLng">44032.0293333333</dst>
            <dst id="WASHng">245703.402666667</dst>
        </src>
    </IntraTM>
</TrafficMatrixFile>
