<?xml version="1.0" encoding="ISO-8859-1" standalone="yes"?>
<TrafficMatrixFile xsi:noNamespaceSchemaLocation="http://totem.run.montefiore.ulg.ac.be/Schema/TrafficMatrix-v1_2.xsd" xmlns:xsi="http://www.w3.org/2001/XMLSchema-instance">
    <IntraTM ASID="11537">
        <src id="ATLA-M5">
            <dst id="ATLA-M5">0</dst>
            <dst id="ATLAng">132.093333333333</dst>
            <dst id="CHINng">1250.55466666667</dst>
            <dst id="DNVRng">238.333333333333</dst>
            <dst id="HSTNng">131.690666666667</dst>
            <dst id="IPLSng">260.106666666667</dst>
            <dst id="KSCYng">408.978666666667</dst>
            <dst id="LOSAng">1087.13866666667</dst>
            <dst id="NYCMng">591.130666666667</dst>
            <dst id="SNVAng">126.498666666667</dst>
            <dst id="STTLng">176.72</dst>
            <dst id="WASHng">1589.30133333333</dst>
        </src>
        <src id="ATLAng">
            <dst id="ATLA-M5">261.808</dst>
            <dst id="ATLAng">20547.8106666667</dst>
            <dst id="CHINng">15940.1146666667</dst>
            <dst id="DNVRng">3747.92533333333</dst>
            <dst id="HSTNng">1280.23733333333</dst>
            <dst id="IPLSng">20609.3013333333</dst>
            <dst id="KSCYng">3532.344</dst>
            <dst id="LOSAng">13659.0666666667</dst>
            <dst id="NYCMng">11232.208</dst>
            <dst id="SNVAng">1282.896</dst>
            <dst id="STTLng">4785.48266666667</dst>
            <dst id="WASHng">141245.816</dst>
        </src>
        <src id="CHINng">
            <dst id="ATLA-M5">397.088</dst>
            <dst id="ATLAng">7648.40533333333</dst>
            <dst id="CHINng">53773.2746666667</dst>
            <dst id="DNVRng">21984.1813333333</dst>
            <dst id="HSTNng">13637.5093333333</dst>
            <dst id="IPLSng">22778.0133333333</dst>
            <dst id="KSCYng">7429.83733333333</dst>
            <dst id="LOSAng">26959.0266666667</dst>
            <dst id="NYCMng">6090.032</dst>
            <dst id="SNVAng">2797.94933333333</dst>
            <dst id="STTLng">6330.12</dst>
            <dst id="WASHng">6840.648</dst>
        </src>
        <src id="DNVRng">
            <dst id="ATLA-M5">115.626666666667</dst>
            <dst id="ATLAng">7825.35733333333</dst>
            <dst id="CHINng">78552.3333333333</dst>
            <dst id="DNVRng">29664.4693333333</dst>
            <dst id="HSTNng">13351.1866666667</dst>
            <dst id="IPLSng">29940.88</dst>
            <dst id="KSCYng">19762.2293333333</dst>
            <dst id="LOSAng">13707.5573333333</dst>
            <dst id="NYCMng">18372.4746666667</dst>
            <dst id="SNVAng">13611.5866666667</dst>
            <dst id="STTLng">15212.1413333333</dst>
            <dst id="WASHng">61896.568</dst>
        </src>
        <src id="HSTNng">
            <dst id="ATLA-M5">3958.28533333333</dst>
            <dst id="ATLAng">2486.47733333333</dst>
            <dst id="CHINng">60092.344</dst>
            <dst id="DNVRng">5853.26133333333</dst>
            <dst id="HSTNng">4452.72</dst>
            <dst id="IPLSng">7610.904</dst>
            <dst id="KSCYng">2309.26933333333</dst>
            <dst id="LOSAng">195774.424</dst>
            <dst id="NYCMng">8338.05866666667</dst>
            <dst id="SNVAng">1095.67733333333</dst>
            <dst id="STTLng">2146.29066666667</dst>
            <dst id="WASHng">6486.82133333333</dst>
        </src>
        <src id="IPLSng">
            <dst id="ATLA-M5">798.626666666667</dst>
            <dst id="ATLAng">12729.8453333333</dst>
            <dst id="CHINng">131489.992</dst>
            <dst id="DNVRng">24557.0693333333</dst>
            <dst id="HSTNng">3726.456</dst>
            <dst id="IPLSng">28801.608</dst>
            <dst id="KSCYng">11427.1653333333</dst>
            <dst id="LOSAng">90932.7626666667</dst>
            <dst id="NYCMng">32473.7226666667</dst>
            <dst id="SNVAng">6956.61333333333</dst>
            <dst id="STTLng">14372.1306666667</dst>
            <dst id="WASHng">47787.48</dst>
        </src>
        <src id="KSCYng">
            <dst id="ATLA-M5">552.965333333333</dst>
            <dst id="ATLAng">4465.35733333333</dst>
            <dst id="CHINng">46531.672</dst>
            <dst id="DNVRng">9765.70666666667</dst>
            <dst id="HSTNng">3292.24533333333</dst>
            <dst id="IPLSng">9306.62933333333</dst>
            <dst id="KSCYng">8982</dst>
            <dst id="LOSAng">3329.03466666667</dst>
            <dst id="NYCMng">7687.232</dst>
            <dst id="SNVAng">3007.49333333333</dst>
            <dst id="STTLng">6087.912</dst>
            <dst id="WASHng">9570.216</dst>
        </src>
        <src id="LOSAng">
            <dst id="ATLA-M5">2102.86133333333</dst>
            <dst id="ATLAng">21325.4</dst>
            <dst id="CHINng">160385.357333333</dst>
            <dst id="DNVRng">13194.104</dst>
            <dst id="HSTNng">10500.9706666667</dst>
            <dst id="IPLSng">39841.848</dst>
            <dst id="KSCYng">13674.0853333333</dst>
            <dst id="LOSAng">19536.1413333333</dst>
            <dst id="NYCMng">62702.6666666667</dst>
            <dst id="SNVAng">10587.848</dst>
            <dst id="STTLng">30702.6613333333</dst>
            <dst id="WASHng">69798.9546666667</dst>
        </src>
        <src id="NYCMng">
            <dst id="ATLA-M5">1408.448</dst>
            <dst id="ATLAng">31385.2133333333</dst>
            <dst id="CHINng">58856.696</dst>
            <dst id="DNVRng">29726.2266666667</dst>
            <dst id="HSTNng">30597.144</dst>
            <dst id="IPLSng">46414.5946666667</dst>
            <dst id="KSCYng">16164.5013333333</dst>
            <dst id="LOSAng">70412.9093333333</dst>
            <dst id="NYCMng">149231.944</dst>
            <dst id="SNVAng">8507.55733333333</dst>
            <dst id="STTLng">22139.5893333333</dst>
            <dst id="WASHng">73430.7333333333</dst>
        </src>
        <src id="SNVAng">
            <dst id="ATLA-M5">670.581333333333</dst>
            <dst id="ATLAng">505.568</dst>
            <dst id="CHINng">5167.05866666667</dst>
            <dst id="DNVRng">2266.74933333333</dst>
            <dst id="HSTNng">240.874666666667</dst>
            <dst id="IPLSng">1952.65066666667</dst>
            <dst id="KSCYng">522.229333333333</dst>
            <dst id="LOSAng">33908.1866666667</dst>
            <dst id="NYCMng">1650.49066666667</dst>
            <dst id="SNVAng">15294.136</dst>
            <dst id="STTLng">69695.704</dst>
            <dst id="WASHng">1140.95466666667</dst>
        </src>
        <src id="STTLng">
            <dst id="ATLA-M5">132.842666666667</dst>
            <dst id="ATLAng">8557.81333333333</dst>
            <dst id="CHINng">78362.0933333333</dst>
            <dst id="DNVRng">6478.22666666667</dst>
            <dst id="HSTNng">2623.46666666667</dst>
            <dst id="IPLSng">6615.76266666667</dst>
            <dst id="KSCYng">4269.64533333333</dst>
            <dst id="LOSAng">25819.1653333333</dst>
            <dst id="NYCMng">18855.336</dst>
            <dst id="SNVAng">4748.224</dst>
            <dst id="STTLng">15928.256</dst>
            <dst id="WASHng">6546.39733333333</dst>
        </src>
        <src id="WASHng">
            <dst id="ATLA-M5">222.165333333333</dst>
            <dst id="ATLAng">112345.090666667</dst>
            <dst id="CHINng">88958.9653333333</dst>
            <dst id="DNVRng">57150.9706666667</dst>
            <dst id="HSTNng">20762.4453333333</dst>
            <dst id="IPLSng">64113.928</dst>
            <dst id="KSCYng">19800.9573333333</dst>
            <dst id="LOSAng">61098.48</dst>
            <dst id="NYCMng">190640.157333333</dst>
            <dst id="SNVAng">13969.824</dst>
            <dst id="STTLng">32026.0853333333</dst>
            <dst id="WASHng">370582.053333333</dst>
        </src>
    </IntraTM>
</TrafficMatrixFile>
