<?xml version="1.0" encoding="ISO-8859-1" standalone="yes"?>
<TrafficMatrixFile xsi:noNamespaceSchemaLocation="http://totem.run.montefiore.ulg.ac.be/Schema/TrafficMatrix-v1_2.xsd" xmlns:xsi="http://www.w3.org/2001/XMLSchema-instance">
    <IntraTM ASID="11537">
        <src id="ATLA-M5">
            <dst id="ATLA-M5">0</dst>
            <dst id="ATLAng">563.16</dst>
            <dst id="CHINng">2282.06666666667</dst>
            <dst id="DNVRng">333.274666666667</dst>
            <dst id="HSTNng">831.245333333333</dst>
            <dst id="IPLSng">1342.20533333333</dst>
            <dst id="KSCYng">181.242666666667</dst>
            <dst id="LOSAng">1346.656</dst>
            <dst id="NYCMng">544.112</dst>
            <dst id="SNVAng">208.056</dst>
            <dst id="STTLng">225.92</dst>
            <dst id="WASHng">1505.072</dst>
        </src>
        <src id="ATLAng">
            <dst id="ATLA-M5">1119.056</dst>
            <dst id="ATLAng">38780.5626666667</dst>
            <dst id="CHINng">33205.776</dst>
            <dst id="DNVRng">10335.0613333333</dst>
            <dst id="HSTNng">5670.49333333333</dst>
            <dst id="IPLSng">34689.1493333333</dst>
            <dst id="KSCYng">8629.38933333334</dst>
            <dst id="LOSAng">18522.7786666667</dst>
            <dst id="NYCMng">20079.3893333333</dst>
            <dst id="SNVAng">1626.30666666667</dst>
            <dst id="STTLng">11138.5626666667</dst>
            <dst id="WASHng">61537.344</dst>
        </src>
        <src id="CHINng">
            <dst id="ATLA-M5">1706.01333333333</dst>
            <dst id="ATLAng">15429.0693333333</dst>
            <dst id="CHINng">41000.1306666667</dst>
            <dst id="DNVRng">10643.6853333333</dst>
            <dst id="HSTNng">12416.976</dst>
            <dst id="IPLSng">28190.0826666667</dst>
            <dst id="KSCYng">9240.856</dst>
            <dst id="LOSAng">35205.896</dst>
            <dst id="NYCMng">4348.45066666667</dst>
            <dst id="SNVAng">2445.56</dst>
            <dst id="STTLng">8545.24266666667</dst>
            <dst id="WASHng">12600.6586666667</dst>
        </src>
        <src id="DNVRng">
            <dst id="ATLA-M5">624.261333333333</dst>
            <dst id="ATLAng">4777.22933333333</dst>
            <dst id="CHINng">40823.272</dst>
            <dst id="DNVRng">5807.57866666667</dst>
            <dst id="HSTNng">6040.99466666667</dst>
            <dst id="IPLSng">8598.78133333333</dst>
            <dst id="KSCYng">12287.7173333333</dst>
            <dst id="LOSAng">20935.56</dst>
            <dst id="NYCMng">18177.3013333333</dst>
            <dst id="SNVAng">10753.776</dst>
            <dst id="STTLng">14466.4586666667</dst>
            <dst id="WASHng">16597.7626666667</dst>
        </src>
        <src id="HSTNng">
            <dst id="ATLA-M5">3490.31466666667</dst>
            <dst id="ATLAng">9114.90133333334</dst>
            <dst id="CHINng">26904.216</dst>
            <dst id="DNVRng">3459.144</dst>
            <dst id="HSTNng">16261.1786666667</dst>
            <dst id="IPLSng">12244.7493333333</dst>
            <dst id="KSCYng">3733.99466666667</dst>
            <dst id="LOSAng">88952.3653333333</dst>
            <dst id="NYCMng">6811.40266666667</dst>
            <dst id="SNVAng">2074.30933333333</dst>
            <dst id="STTLng">2953.13066666667</dst>
            <dst id="WASHng">8816.23733333333</dst>
        </src>
        <src id="IPLSng">
            <dst id="ATLA-M5">2659.42933333333</dst>
            <dst id="ATLAng">19533.512</dst>
            <dst id="CHINng">84613.6853333334</dst>
            <dst id="DNVRng">9973.896</dst>
            <dst id="HSTNng">9435.16533333333</dst>
            <dst id="IPLSng">33215.72</dst>
            <dst id="KSCYng">13498.6346666667</dst>
            <dst id="LOSAng">23946.2613333333</dst>
            <dst id="NYCMng">33781.1466666667</dst>
            <dst id="SNVAng">4926.49866666667</dst>
            <dst id="STTLng">14600.1413333333</dst>
            <dst id="WASHng">34802.984</dst>
        </src>
        <src id="KSCYng">
            <dst id="ATLA-M5">726.029333333333</dst>
            <dst id="ATLAng">7502.152</dst>
            <dst id="CHINng">33982.9333333333</dst>
            <dst id="DNVRng">13795.4613333333</dst>
            <dst id="HSTNng">4392.256</dst>
            <dst id="IPLSng">18955.7386666667</dst>
            <dst id="KSCYng">6596.26666666666</dst>
            <dst id="LOSAng">11995.7946666667</dst>
            <dst id="NYCMng">15397.4266666667</dst>
            <dst id="SNVAng">1330.528</dst>
            <dst id="STTLng">5090.60533333333</dst>
            <dst id="WASHng">15553.3466666667</dst>
        </src>
        <src id="LOSAng">
            <dst id="ATLA-M5">470.178666666667</dst>
            <dst id="ATLAng">13568.8533333333</dst>
            <dst id="CHINng">81186.736</dst>
            <dst id="DNVRng">11332.6346666667</dst>
            <dst id="HSTNng">15009.6506666667</dst>
            <dst id="IPLSng">48101.664</dst>
            <dst id="KSCYng">16568.7653333333</dst>
            <dst id="LOSAng">13038.9973333333</dst>
            <dst id="NYCMng">53543.9013333333</dst>
            <dst id="SNVAng">4894.89866666667</dst>
            <dst id="STTLng">31518.408</dst>
            <dst id="WASHng">36210.5573333333</dst>
        </src>
        <src id="NYCMng">
            <dst id="ATLA-M5">2912.22933333333</dst>
            <dst id="ATLAng">40181.4533333333</dst>
            <dst id="CHINng">80007.816</dst>
            <dst id="DNVRng">20675.9066666667</dst>
            <dst id="HSTNng">41605.6133333333</dst>
            <dst id="IPLSng">71087.1893333333</dst>
            <dst id="KSCYng">26549.008</dst>
            <dst id="LOSAng">83488.2933333333</dst>
            <dst id="NYCMng">147404.805333333</dst>
            <dst id="SNVAng">6434.48</dst>
            <dst id="STTLng">30578.1013333333</dst>
            <dst id="WASHng">95326.4186666667</dst>
        </src>
        <src id="SNVAng">
            <dst id="ATLA-M5">762.768</dst>
            <dst id="ATLAng">1095.784</dst>
            <dst id="CHINng">6397.76</dst>
            <dst id="DNVRng">19582.7866666667</dst>
            <dst id="HSTNng">2150.40266666667</dst>
            <dst id="IPLSng">2689.02666666667</dst>
            <dst id="KSCYng">1098.39466666667</dst>
            <dst id="LOSAng">2419.44266666667</dst>
            <dst id="NYCMng">3042.52</dst>
            <dst id="SNVAng">2516.97866666667</dst>
            <dst id="STTLng">2273.40266666667</dst>
            <dst id="WASHng">2018.06133333333</dst>
        </src>
        <src id="STTLng">
            <dst id="ATLA-M5">373.216</dst>
            <dst id="ATLAng">19927.376</dst>
            <dst id="CHINng">37298.6266666667</dst>
            <dst id="DNVRng">6572.53866666666</dst>
            <dst id="HSTNng">4743.528</dst>
            <dst id="IPLSng">13583.6773333333</dst>
            <dst id="KSCYng">5220.832</dst>
            <dst id="LOSAng">22375.352</dst>
            <dst id="NYCMng">24500.5146666667</dst>
            <dst id="SNVAng">4488.424</dst>
            <dst id="STTLng">3665.352</dst>
            <dst id="WASHng">10771.9226666667</dst>
        </src>
        <src id="WASHng">
            <dst id="ATLA-M5">2870.648</dst>
            <dst id="ATLAng">134017.085333333</dst>
            <dst id="CHINng">100862.210666667</dst>
            <dst id="DNVRng">27411.648</dst>
            <dst id="HSTNng">18912.6293333333</dst>
            <dst id="IPLSng">49697.3813333333</dst>
            <dst id="KSCYng">18899.8906666667</dst>
            <dst id="LOSAng">59582.9386666667</dst>
            <dst id="NYCMng">161934.301333333</dst>
            <dst id="SNVAng">9288.61866666667</dst>
            <dst id="STTLng">28055.1093333333</dst>
            <dst id="WASHng">163575.925333333</dst>
        </src>
    </IntraTM>
</TrafficMatrixFile>
