<?xml version="1.0" encoding="ISO-8859-1" standalone="yes"?>
<TrafficMatrixFile xsi:noNamespaceSchemaLocation="http://totem.run.montefiore.ulg.ac.be/Schema/TrafficMatrix-v1_2.xsd" xmlns:xsi="http://www.w3.org/2001/XMLSchema-instance">
    <IntraTM ASID="11537">
        <src id="ATLA-M5">
            <dst id="ATLA-M5">164.301333333333</dst>
            <dst id="ATLAng">2912.53333333333</dst>
            <dst id="CHINng">1702.11733333333</dst>
            <dst id="DNVRng">259.789333333333</dst>
            <dst id="HSTNng">376.378666666667</dst>
            <dst id="IPLSng">623.141333333333</dst>
            <dst id="KSCYng">496.826666666667</dst>
            <dst id="LOSAng">258.490666666667</dst>
            <dst id="NYCMng">428.466666666667</dst>
            <dst id="SNVAng">76.3013333333333</dst>
            <dst id="STTLng">202.834666666667</dst>
            <dst id="WASHng">2688.192</dst>
        </src>
        <src id="ATLAng">
            <dst id="ATLA-M5">1200.78133333333</dst>
            <dst id="ATLAng">31798.88</dst>
            <dst id="CHINng">35075.5306666667</dst>
            <dst id="DNVRng">6793.312</dst>
            <dst id="HSTNng">3595.72266666667</dst>
            <dst id="IPLSng">38004.3626666667</dst>
            <dst id="KSCYng">10816.992</dst>
            <dst id="LOSAng">13858.0266666667</dst>
            <dst id="NYCMng">15182.0746666667</dst>
            <dst id="SNVAng">1858.616</dst>
            <dst id="STTLng">5782.48533333333</dst>
            <dst id="WASHng">96499.1973333333</dst>
        </src>
        <src id="CHINng">
            <dst id="ATLA-M5">291.466666666667</dst>
            <dst id="ATLAng">20690.24</dst>
            <dst id="CHINng">51416.9946666667</dst>
            <dst id="DNVRng">9419.17866666667</dst>
            <dst id="HSTNng">6158.776</dst>
            <dst id="IPLSng">46767.704</dst>
            <dst id="KSCYng">9260.53066666667</dst>
            <dst id="LOSAng">19494.4586666667</dst>
            <dst id="NYCMng">11844.608</dst>
            <dst id="SNVAng">3289.91466666667</dst>
            <dst id="STTLng">6621.8</dst>
            <dst id="WASHng">16797.104</dst>
        </src>
        <src id="DNVRng">
            <dst id="ATLA-M5">4770.128</dst>
            <dst id="ATLAng">10473.3653333333</dst>
            <dst id="CHINng">78468.3146666666</dst>
            <dst id="DNVRng">23158.856</dst>
            <dst id="HSTNng">12261.7893333333</dst>
            <dst id="IPLSng">34735.9973333333</dst>
            <dst id="KSCYng">29351.16</dst>
            <dst id="LOSAng">11409.9493333333</dst>
            <dst id="NYCMng">24878.512</dst>
            <dst id="SNVAng">14885.552</dst>
            <dst id="STTLng">18493.6293333333</dst>
            <dst id="WASHng">66774.112</dst>
        </src>
        <src id="HSTNng">
            <dst id="ATLA-M5">369.872</dst>
            <dst id="ATLAng">7433.69333333333</dst>
            <dst id="CHINng">28302.9946666667</dst>
            <dst id="DNVRng">2233.656</dst>
            <dst id="HSTNng">8939.29866666667</dst>
            <dst id="IPLSng">10141.5413333333</dst>
            <dst id="KSCYng">3207.056</dst>
            <dst id="LOSAng">101331.381333333</dst>
            <dst id="NYCMng">10316.84</dst>
            <dst id="SNVAng">1323.28</dst>
            <dst id="STTLng">2641.208</dst>
            <dst id="WASHng">7804.536</dst>
        </src>
        <src id="IPLSng">
            <dst id="ATLA-M5">487.602666666667</dst>
            <dst id="ATLAng">21650.0453333333</dst>
            <dst id="CHINng">148664.058666667</dst>
            <dst id="DNVRng">17627.08</dst>
            <dst id="HSTNng">7264.67733333333</dst>
            <dst id="IPLSng">46613.832</dst>
            <dst id="KSCYng">22489.072</dst>
            <dst id="LOSAng">19441.8613333333</dst>
            <dst id="NYCMng">53570.3546666667</dst>
            <dst id="SNVAng">9768.01333333333</dst>
            <dst id="STTLng">7768.25333333333</dst>
            <dst id="WASHng">69966.2933333333</dst>
        </src>
        <src id="KSCYng">
            <dst id="ATLA-M5">580.546666666667</dst>
            <dst id="ATLAng">9687.46933333333</dst>
            <dst id="CHINng">47185.936</dst>
            <dst id="DNVRng">11636.512</dst>
            <dst id="HSTNng">3198.8</dst>
            <dst id="IPLSng">11477.2666666667</dst>
            <dst id="KSCYng">15009.3973333333</dst>
            <dst id="LOSAng">3007.976</dst>
            <dst id="NYCMng">9967.69333333333</dst>
            <dst id="SNVAng">1615.576</dst>
            <dst id="STTLng">2961.456</dst>
            <dst id="WASHng">13486.5866666667</dst>
        </src>
        <src id="LOSAng">
            <dst id="ATLA-M5">1011.912</dst>
            <dst id="ATLAng">25942.5386666667</dst>
            <dst id="CHINng">169111.354666667</dst>
            <dst id="DNVRng">22201.4373333333</dst>
            <dst id="HSTNng">65229.496</dst>
            <dst id="IPLSng">36515.7866666667</dst>
            <dst id="KSCYng">13060.4213333333</dst>
            <dst id="LOSAng">13378.4426666667</dst>
            <dst id="NYCMng">52298.4053333333</dst>
            <dst id="SNVAng">9076.63733333334</dst>
            <dst id="STTLng">21268.552</dst>
            <dst id="WASHng">79715.7706666667</dst>
        </src>
        <src id="NYCMng">
            <dst id="ATLA-M5">2520.06933333333</dst>
            <dst id="ATLAng">52869.0666666667</dst>
            <dst id="CHINng">68364.7546666667</dst>
            <dst id="DNVRng">33844.8693333333</dst>
            <dst id="HSTNng">18813.728</dst>
            <dst id="IPLSng">74512.4266666667</dst>
            <dst id="KSCYng">33180.9946666667</dst>
            <dst id="LOSAng">47477.8106666667</dst>
            <dst id="NYCMng">171474.008</dst>
            <dst id="SNVAng">8970.06133333333</dst>
            <dst id="STTLng">24916.728</dst>
            <dst id="WASHng">283565.44</dst>
        </src>
        <src id="SNVAng">
            <dst id="ATLA-M5">26.6666666666667</dst>
            <dst id="ATLAng">931.282666666667</dst>
            <dst id="CHINng">6651.25066666667</dst>
            <dst id="DNVRng">4844.448</dst>
            <dst id="HSTNng">378.4</dst>
            <dst id="IPLSng">2332.624</dst>
            <dst id="KSCYng">1168.44533333333</dst>
            <dst id="LOSAng">32155.6906666667</dst>
            <dst id="NYCMng">5612.75466666667</dst>
            <dst id="SNVAng">17480.448</dst>
            <dst id="STTLng">57361.632</dst>
            <dst id="WASHng">1957.032</dst>
        </src>
        <src id="STTLng">
            <dst id="ATLA-M5">1087.928</dst>
            <dst id="ATLAng">15216.9386666667</dst>
            <dst id="CHINng">89695.592</dst>
            <dst id="DNVRng">4373.76</dst>
            <dst id="HSTNng">5371.88266666667</dst>
            <dst id="IPLSng">22363.7386666667</dst>
            <dst id="KSCYng">7030.72533333333</dst>
            <dst id="LOSAng">59121.2506666667</dst>
            <dst id="NYCMng">24379.0906666667</dst>
            <dst id="SNVAng">6499.632</dst>
            <dst id="STTLng">11681.76</dst>
            <dst id="WASHng">20699.3813333333</dst>
        </src>
        <src id="WASHng">
            <dst id="ATLA-M5">3818.79466666667</dst>
            <dst id="ATLAng">136158.149333333</dst>
            <dst id="CHINng">110932.064</dst>
            <dst id="DNVRng">52693.0666666667</dst>
            <dst id="HSTNng">24725.752</dst>
            <dst id="IPLSng">86571.64</dst>
            <dst id="KSCYng">40990.4186666667</dst>
            <dst id="LOSAng">74647.9706666667</dst>
            <dst id="NYCMng">237480.176</dst>
            <dst id="SNVAng">5357.96</dst>
            <dst id="STTLng">46760.408</dst>
            <dst id="WASHng">402449.92</dst>
        </src>
    </IntraTM>
</TrafficMatrixFile>
