<?xml version="1.0" encoding="ISO-8859-1" standalone="yes"?>
<TrafficMatrixFile xsi:noNamespaceSchemaLocation="http://totem.run.montefiore.ulg.ac.be/Schema/TrafficMatrix-v1_2.xsd" xmlns:xsi="http://www.w3.org/2001/XMLSchema-instance">
    <IntraTM ASID="11537">
        <src id="ATLA-M5">
            <dst id="ATLA-M5">249.394666666667</dst>
            <dst id="ATLAng">463.165333333333</dst>
            <dst id="CHINng">2091.064</dst>
            <dst id="DNVRng">1371.784</dst>
            <dst id="HSTNng">335.434666666667</dst>
            <dst id="IPLSng">1756.29333333333</dst>
            <dst id="KSCYng">965.682666666666</dst>
            <dst id="LOSAng">378.296</dst>
            <dst id="NYCMng">1452.19733333333</dst>
            <dst id="SNVAng">212.384</dst>
            <dst id="STTLng">212.821333333333</dst>
            <dst id="WASHng">1195.90133333333</dst>
        </src>
        <src id="ATLAng">
            <dst id="ATLA-M5">970.317333333333</dst>
            <dst id="ATLAng">25639.7706666667</dst>
            <dst id="CHINng">35642.608</dst>
            <dst id="DNVRng">20618.3013333333</dst>
            <dst id="HSTNng">12200.9413333333</dst>
            <dst id="IPLSng">62306.9093333333</dst>
            <dst id="KSCYng">7029.49866666667</dst>
            <dst id="LOSAng">22185.2906666667</dst>
            <dst id="NYCMng">22767.8506666667</dst>
            <dst id="SNVAng">3757.04533333333</dst>
            <dst id="STTLng">10091.1573333333</dst>
            <dst id="WASHng">97130.6773333333</dst>
        </src>
        <src id="CHINng">
            <dst id="ATLA-M5">3896.73333333333</dst>
            <dst id="ATLAng">14575.2106666667</dst>
            <dst id="CHINng">50412.152</dst>
            <dst id="DNVRng">18568.856</dst>
            <dst id="HSTNng">26997.9386666667</dst>
            <dst id="IPLSng">46421.2826666667</dst>
            <dst id="KSCYng">8484.55733333333</dst>
            <dst id="LOSAng">279590.746666667</dst>
            <dst id="NYCMng">10551.7946666667</dst>
            <dst id="SNVAng">7439.36533333333</dst>
            <dst id="STTLng">12733.2346666667</dst>
            <dst id="WASHng">19233.744</dst>
        </src>
        <src id="DNVRng">
            <dst id="ATLA-M5">1234.15466666667</dst>
            <dst id="ATLAng">9758.216</dst>
            <dst id="CHINng">68950.344</dst>
            <dst id="DNVRng">6316.144</dst>
            <dst id="HSTNng">21356.9226666667</dst>
            <dst id="IPLSng">33860.8586666667</dst>
            <dst id="KSCYng">12106.872</dst>
            <dst id="LOSAng">8479.84533333333</dst>
            <dst id="NYCMng">20568.968</dst>
            <dst id="SNVAng">10296.656</dst>
            <dst id="STTLng">29174.016</dst>
            <dst id="WASHng">47540.3733333333</dst>
        </src>
        <src id="HSTNng">
            <dst id="ATLA-M5">1156.36266666667</dst>
            <dst id="ATLAng">4897.136</dst>
            <dst id="CHINng">35040.5573333333</dst>
            <dst id="DNVRng">8593.14933333333</dst>
            <dst id="HSTNng">14344.912</dst>
            <dst id="IPLSng">8760.576</dst>
            <dst id="KSCYng">6555.09866666667</dst>
            <dst id="LOSAng">5910.11466666667</dst>
            <dst id="NYCMng">14554.384</dst>
            <dst id="SNVAng">3774.72533333333</dst>
            <dst id="STTLng">3636.096</dst>
            <dst id="WASHng">7872.38933333333</dst>
        </src>
        <src id="IPLSng">
            <dst id="ATLA-M5">2194.98133333333</dst>
            <dst id="ATLAng">54305.6133333333</dst>
            <dst id="CHINng">126610.330666667</dst>
            <dst id="DNVRng">46535.32</dst>
            <dst id="HSTNng">8479.17066666667</dst>
            <dst id="IPLSng">42468.992</dst>
            <dst id="KSCYng">31317.1493333333</dst>
            <dst id="LOSAng">94256.1386666667</dst>
            <dst id="NYCMng">52819.896</dst>
            <dst id="SNVAng">10388.952</dst>
            <dst id="STTLng">21056.6986666667</dst>
            <dst id="WASHng">41430.6906666667</dst>
        </src>
        <src id="KSCYng">
            <dst id="ATLA-M5">1257.592</dst>
            <dst id="ATLAng">4589.45066666667</dst>
            <dst id="CHINng">35108.6</dst>
            <dst id="DNVRng">13208.92</dst>
            <dst id="HSTNng">10306.8266666667</dst>
            <dst id="IPLSng">12303.8933333333</dst>
            <dst id="KSCYng">6732.20533333333</dst>
            <dst id="LOSAng">8974.48533333333</dst>
            <dst id="NYCMng">11471.1786666667</dst>
            <dst id="SNVAng">3749.12266666667</dst>
            <dst id="STTLng">5092.4</dst>
            <dst id="WASHng">17714.2506666667</dst>
        </src>
        <src id="LOSAng">
            <dst id="ATLA-M5">1119.48</dst>
            <dst id="ATLAng">38515.616</dst>
            <dst id="CHINng">137132.84</dst>
            <dst id="DNVRng">24823.5813333333</dst>
            <dst id="HSTNng">14139.696</dst>
            <dst id="IPLSng">43256.448</dst>
            <dst id="KSCYng">10807.2453333333</dst>
            <dst id="LOSAng">14929.888</dst>
            <dst id="NYCMng">52699.8453333333</dst>
            <dst id="SNVAng">14019.752</dst>
            <dst id="STTLng">29500.9066666667</dst>
            <dst id="WASHng">65372.2026666667</dst>
        </src>
        <src id="NYCMng">
            <dst id="ATLA-M5">3537.024</dst>
            <dst id="ATLAng">63549.4346666667</dst>
            <dst id="CHINng">76974.3786666667</dst>
            <dst id="DNVRng">64097.3706666667</dst>
            <dst id="HSTNng">40273.1333333333</dst>
            <dst id="IPLSng">98221.8586666666</dst>
            <dst id="KSCYng">36403.3333333333</dst>
            <dst id="LOSAng">88194.8213333333</dst>
            <dst id="NYCMng">151800.349333333</dst>
            <dst id="SNVAng">17824.3866666667</dst>
            <dst id="STTLng">44774.56</dst>
            <dst id="WASHng">167647.333333333</dst>
        </src>
        <src id="SNVAng">
            <dst id="ATLA-M5">165.421333333333</dst>
            <dst id="ATLAng">1351.16533333333</dst>
            <dst id="CHINng">10240.36</dst>
            <dst id="DNVRng">4151.54666666667</dst>
            <dst id="HSTNng">921.613333333333</dst>
            <dst id="IPLSng">5443.27733333333</dst>
            <dst id="KSCYng">774.645333333333</dst>
            <dst id="LOSAng">46178.072</dst>
            <dst id="NYCMng">4143.35466666667</dst>
            <dst id="SNVAng">22222.4933333333</dst>
            <dst id="STTLng">61440.7253333333</dst>
            <dst id="WASHng">4575.048</dst>
        </src>
        <src id="STTLng">
            <dst id="ATLA-M5">603.085333333333</dst>
            <dst id="ATLAng">17381.8266666667</dst>
            <dst id="CHINng">59090.7653333333</dst>
            <dst id="DNVRng">12654.9866666667</dst>
            <dst id="HSTNng">4903.76533333333</dst>
            <dst id="IPLSng">28977.3333333333</dst>
            <dst id="KSCYng">6853.40266666667</dst>
            <dst id="LOSAng">27786.696</dst>
            <dst id="NYCMng">26436.5066666667</dst>
            <dst id="SNVAng">8430.256</dst>
            <dst id="STTLng">9268.63466666667</dst>
            <dst id="WASHng">20019.3653333333</dst>
        </src>
        <src id="WASHng">
            <dst id="ATLA-M5">3630.104</dst>
            <dst id="ATLAng">126809.088</dst>
            <dst id="CHINng">91307.1493333333</dst>
            <dst id="DNVRng">71935.1946666667</dst>
            <dst id="HSTNng">25797.6106666667</dst>
            <dst id="IPLSng">96190.6506666667</dst>
            <dst id="KSCYng">27875.664</dst>
            <dst id="LOSAng">100791.293333333</dst>
            <dst id="NYCMng">181456.989333333</dst>
            <dst id="SNVAng">14368.8666666667</dst>
            <dst id="STTLng">44476.1786666667</dst>
            <dst id="WASHng">241632.986666667</dst>
        </src>
    </IntraTM>
</TrafficMatrixFile>
