<?xml version="1.0" encoding="ISO-8859-1" standalone="yes"?>
<TrafficMatrixFile xsi:noNamespaceSchemaLocation="http://totem.run.montefiore.ulg.ac.be/Schema/TrafficMatrix-v1_2.xsd" xmlns:xsi="http://www.w3.org/2001/XMLSchema-instance">
    <IntraTM ASID="11537">
        <src id="ATLA-M5">
            <dst id="ATLA-M5">309.266666666667</dst>
            <dst id="ATLAng">1073.15733333333</dst>
            <dst id="CHINng">3740.176</dst>
            <dst id="DNVRng">887.362666666667</dst>
            <dst id="HSTNng">370.28</dst>
            <dst id="IPLSng">2202.52</dst>
            <dst id="KSCYng">920.768</dst>
            <dst id="LOSAng">714.506666666666</dst>
            <dst id="NYCMng">669.218666666667</dst>
            <dst id="SNVAng">137.253333333333</dst>
            <dst id="STTLng">144.797333333333</dst>
            <dst id="WASHng">1894.02666666667</dst>
        </src>
        <src id="ATLAng">
            <dst id="ATLA-M5">1883.688</dst>
            <dst id="ATLAng">30296.2773333333</dst>
            <dst id="CHINng">36954.296</dst>
            <dst id="DNVRng">23615.2853333333</dst>
            <dst id="HSTNng">9813.256</dst>
            <dst id="IPLSng">32492.5013333333</dst>
            <dst id="KSCYng">15930.3786666667</dst>
            <dst id="LOSAng">22222.424</dst>
            <dst id="NYCMng">25147.9706666667</dst>
            <dst id="SNVAng">3958.38133333333</dst>
            <dst id="STTLng">7408.07466666667</dst>
            <dst id="WASHng">90960.5893333333</dst>
        </src>
        <src id="CHINng">
            <dst id="ATLA-M5">4746.69066666667</dst>
            <dst id="ATLAng">16375.056</dst>
            <dst id="CHINng">59954.0906666666</dst>
            <dst id="DNVRng">22390.6426666667</dst>
            <dst id="HSTNng">11945.232</dst>
            <dst id="IPLSng">35727.4693333333</dst>
            <dst id="KSCYng">7281.368</dst>
            <dst id="LOSAng">33821.216</dst>
            <dst id="NYCMng">14769.32</dst>
            <dst id="SNVAng">3018.44</dst>
            <dst id="STTLng">14180.088</dst>
            <dst id="WASHng">16117.9493333333</dst>
        </src>
        <src id="DNVRng">
            <dst id="ATLA-M5">860.002666666667</dst>
            <dst id="ATLAng">9276.98933333333</dst>
            <dst id="CHINng">64530.792</dst>
            <dst id="DNVRng">14264.2133333333</dst>
            <dst id="HSTNng">16554.4026666667</dst>
            <dst id="IPLSng">43971.888</dst>
            <dst id="KSCYng">24018.6373333333</dst>
            <dst id="LOSAng">17244.3466666667</dst>
            <dst id="NYCMng">21668.76</dst>
            <dst id="SNVAng">17263.3413333333</dst>
            <dst id="STTLng">18013.4453333333</dst>
            <dst id="WASHng">61383.6026666667</dst>
        </src>
        <src id="HSTNng">
            <dst id="ATLA-M5">2380.78133333333</dst>
            <dst id="ATLAng">11680.808</dst>
            <dst id="CHINng">25969.4106666667</dst>
            <dst id="DNVRng">7539.216</dst>
            <dst id="HSTNng">12226.112</dst>
            <dst id="IPLSng">12709.9306666667</dst>
            <dst id="KSCYng">6398.38933333333</dst>
            <dst id="LOSAng">18343.904</dst>
            <dst id="NYCMng">13661.9893333333</dst>
            <dst id="SNVAng">2169.70933333333</dst>
            <dst id="STTLng">7168.28266666667</dst>
            <dst id="WASHng">13735.6213333333</dst>
        </src>
        <src id="IPLSng">
            <dst id="ATLA-M5">2906.35733333333</dst>
            <dst id="ATLAng">29275.4906666667</dst>
            <dst id="CHINng">130193.501333333</dst>
            <dst id="DNVRng">43838.36</dst>
            <dst id="HSTNng">11774.4666666667</dst>
            <dst id="IPLSng">73182.5893333333</dst>
            <dst id="KSCYng">18357.7493333333</dst>
            <dst id="LOSAng">95637.9546666667</dst>
            <dst id="NYCMng">42578.536</dst>
            <dst id="SNVAng">5346.63466666667</dst>
            <dst id="STTLng">18621.2346666667</dst>
            <dst id="WASHng">67387.1866666667</dst>
        </src>
        <src id="KSCYng">
            <dst id="ATLA-M5">3452.184</dst>
            <dst id="ATLAng">12069.904</dst>
            <dst id="CHINng">33748.1653333333</dst>
            <dst id="DNVRng">18526.9626666667</dst>
            <dst id="HSTNng">9916.32533333333</dst>
            <dst id="IPLSng">27918.7386666667</dst>
            <dst id="KSCYng">8240.176</dst>
            <dst id="LOSAng">13032.9093333333</dst>
            <dst id="NYCMng">8800.60533333333</dst>
            <dst id="SNVAng">3699.54933333333</dst>
            <dst id="STTLng">4022.736</dst>
            <dst id="WASHng">22138.136</dst>
        </src>
        <src id="LOSAng">
            <dst id="ATLA-M5">2999.33866666667</dst>
            <dst id="ATLAng">29614.7093333333</dst>
            <dst id="CHINng">420434.72</dst>
            <dst id="DNVRng">25818.3573333333</dst>
            <dst id="HSTNng">20236.4026666667</dst>
            <dst id="IPLSng">51647.4346666667</dst>
            <dst id="KSCYng">15631.6933333333</dst>
            <dst id="LOSAng">10787.7973333333</dst>
            <dst id="NYCMng">68504.1546666667</dst>
            <dst id="SNVAng">10383.1306666667</dst>
            <dst id="STTLng">29306.696</dst>
            <dst id="WASHng">70727.0346666667</dst>
        </src>
        <src id="NYCMng">
            <dst id="ATLA-M5">7674.096</dst>
            <dst id="ATLAng">73581.352</dst>
            <dst id="CHINng">81189.608</dst>
            <dst id="DNVRng">61967.8</dst>
            <dst id="HSTNng">43367.1866666667</dst>
            <dst id="IPLSng">101580.552</dst>
            <dst id="KSCYng">33131.736</dst>
            <dst id="LOSAng">96586.944</dst>
            <dst id="NYCMng">155945.730666667</dst>
            <dst id="SNVAng">17201.328</dst>
            <dst id="STTLng">31306.24</dst>
            <dst id="WASHng">138351.432</dst>
        </src>
        <src id="SNVAng">
            <dst id="ATLA-M5">880.864</dst>
            <dst id="ATLAng">2049.72533333333</dst>
            <dst id="CHINng">5196.776</dst>
            <dst id="DNVRng">13137.8933333333</dst>
            <dst id="HSTNng">1818.288</dst>
            <dst id="IPLSng">2730.672</dst>
            <dst id="KSCYng">1389.16266666667</dst>
            <dst id="LOSAng">42012.248</dst>
            <dst id="NYCMng">4638.11466666667</dst>
            <dst id="SNVAng">22153.08</dst>
            <dst id="STTLng">63923.2853333333</dst>
            <dst id="WASHng">3706.30133333333</dst>
        </src>
        <src id="STTLng">
            <dst id="ATLA-M5">1291.45066666667</dst>
            <dst id="ATLAng">16802.9413333333</dst>
            <dst id="CHINng">69685.9893333333</dst>
            <dst id="DNVRng">14555.1146666667</dst>
            <dst id="HSTNng">6557.61333333333</dst>
            <dst id="IPLSng">32972.7706666667</dst>
            <dst id="KSCYng">6764.728</dst>
            <dst id="LOSAng">34450.776</dst>
            <dst id="NYCMng">30228.9493333333</dst>
            <dst id="SNVAng">12453.2373333333</dst>
            <dst id="STTLng">12123.896</dst>
            <dst id="WASHng">20941.592</dst>
        </src>
        <src id="WASHng">
            <dst id="ATLA-M5">4110.992</dst>
            <dst id="ATLAng">126330.568</dst>
            <dst id="CHINng">94381.5466666667</dst>
            <dst id="DNVRng">60301.6666666666</dst>
            <dst id="HSTNng">39482.3013333333</dst>
            <dst id="IPLSng">94056.3973333333</dst>
            <dst id="KSCYng">33830.2533333333</dst>
            <dst id="LOSAng">91010.0533333334</dst>
            <dst id="NYCMng">189136.050666667</dst>
            <dst id="SNVAng">18453.1226666667</dst>
            <dst id="STTLng">46054.9573333333</dst>
            <dst id="WASHng">271313.04</dst>
        </src>
    </IntraTM>
</TrafficMatrixFile>
