<?xml version="1.0" encoding="ISO-8859-1" standalone="yes"?>
<TrafficMatrixFile xsi:noNamespaceSchemaLocation="http://totem.run.montefiore.ulg.ac.be/Schema/TrafficMatrix-v1_2.xsd" xmlns:xsi="http://www.w3.org/2001/XMLSchema-instance">
    <IntraTM ASID="11537">
        <src id="ATLA-M5">
            <dst id="ATLA-M5">210.501333333333</dst>
            <dst id="ATLAng">2230.856</dst>
            <dst id="CHINng">2237.11466666667</dst>
            <dst id="DNVRng">594.52</dst>
            <dst id="HSTNng">589.088</dst>
            <dst id="IPLSng">2208.93066666667</dst>
            <dst id="KSCYng">841.538666666667</dst>
            <dst id="LOSAng">697.08</dst>
            <dst id="NYCMng">2404.46666666667</dst>
            <dst id="SNVAng">134.2</dst>
            <dst id="STTLng">287.546666666667</dst>
            <dst id="WASHng">4860.64266666667</dst>
        </src>
        <src id="ATLAng">
            <dst id="ATLA-M5">3274.66133333333</dst>
            <dst id="ATLAng">33425.3466666667</dst>
            <dst id="CHINng">83016.2666666667</dst>
            <dst id="DNVRng">23363.448</dst>
            <dst id="HSTNng">7486.184</dst>
            <dst id="IPLSng">26464.856</dst>
            <dst id="KSCYng">21630.3706666667</dst>
            <dst id="LOSAng">21160.6333333333</dst>
            <dst id="NYCMng">26394.392</dst>
            <dst id="SNVAng">5890.70266666667</dst>
            <dst id="STTLng">7598.77066666667</dst>
            <dst id="WASHng">106120.237333333</dst>
        </src>
        <src id="CHINng">
            <dst id="ATLA-M5">3744.752</dst>
            <dst id="ATLAng">22111.16</dst>
            <dst id="CHINng">65865.3386666667</dst>
            <dst id="DNVRng">20399.3146666667</dst>
            <dst id="HSTNng">12109.288</dst>
            <dst id="IPLSng">35936.944</dst>
            <dst id="KSCYng">17936.496</dst>
            <dst id="LOSAng">29467.4026666667</dst>
            <dst id="NYCMng">11195.92</dst>
            <dst id="SNVAng">7180.67466666667</dst>
            <dst id="STTLng">23004.464</dst>
            <dst id="WASHng">20219.776</dst>
        </src>
        <src id="DNVRng">
            <dst id="ATLA-M5">626.128</dst>
            <dst id="ATLAng">12886.3973333333</dst>
            <dst id="CHINng">64300.9626666667</dst>
            <dst id="DNVRng">10894.8666666667</dst>
            <dst id="HSTNng">14770.7253333333</dst>
            <dst id="IPLSng">36730.3066666667</dst>
            <dst id="KSCYng">22248.3893333333</dst>
            <dst id="LOSAng">22976.2666666667</dst>
            <dst id="NYCMng">33075.8853333333</dst>
            <dst id="SNVAng">15298.152</dst>
            <dst id="STTLng">17550.0053333333</dst>
            <dst id="WASHng">52036.2506666667</dst>
        </src>
        <src id="HSTNng">
            <dst id="ATLA-M5">2924.76266666667</dst>
            <dst id="ATLAng">4978.752</dst>
            <dst id="CHINng">27373.872</dst>
            <dst id="DNVRng">6533.52533333333</dst>
            <dst id="HSTNng">12540.1546666667</dst>
            <dst id="IPLSng">11764.6746666667</dst>
            <dst id="KSCYng">6309.6</dst>
            <dst id="LOSAng">9765.33333333333</dst>
            <dst id="NYCMng">7650.856</dst>
            <dst id="SNVAng">2854.12533333333</dst>
            <dst id="STTLng">2768.67466666667</dst>
            <dst id="WASHng">16156.8026666667</dst>
        </src>
        <src id="IPLSng">
            <dst id="ATLA-M5">1040.24266666667</dst>
            <dst id="ATLAng">22140.624</dst>
            <dst id="CHINng">128700.450666667</dst>
            <dst id="DNVRng">37324.712</dst>
            <dst id="HSTNng">10342.8426666667</dst>
            <dst id="IPLSng">34071.7546666667</dst>
            <dst id="KSCYng">27426.952</dst>
            <dst id="LOSAng">64437.8666666667</dst>
            <dst id="NYCMng">76652.7893333333</dst>
            <dst id="SNVAng">7228.06133333333</dst>
            <dst id="STTLng">15659.296</dst>
            <dst id="WASHng">50863.8453333333</dst>
        </src>
        <src id="KSCYng">
            <dst id="ATLA-M5">790.178666666667</dst>
            <dst id="ATLAng">21318.7813333333</dst>
            <dst id="CHINng">45357.1306666667</dst>
            <dst id="DNVRng">17043.04</dst>
            <dst id="HSTNng">8176.11466666667</dst>
            <dst id="IPLSng">14936.7306666667</dst>
            <dst id="KSCYng">7398.29333333333</dst>
            <dst id="LOSAng">5683.96</dst>
            <dst id="NYCMng">11553.6026666667</dst>
            <dst id="SNVAng">2080.29866666667</dst>
            <dst id="STTLng">4001.86666666667</dst>
            <dst id="WASHng">17229.4853333333</dst>
        </src>
        <src id="LOSAng">
            <dst id="ATLA-M5">829.816</dst>
            <dst id="ATLAng">30675.8346666667</dst>
            <dst id="CHINng">130006.410666667</dst>
            <dst id="DNVRng">23214.2826666667</dst>
            <dst id="HSTNng">16444.0986666667</dst>
            <dst id="IPLSng">54510.5146666667</dst>
            <dst id="KSCYng">8862.51466666667</dst>
            <dst id="LOSAng">10093.64</dst>
            <dst id="NYCMng">70174.9573333333</dst>
            <dst id="SNVAng">16484.2533333333</dst>
            <dst id="STTLng">30494.1466666667</dst>
            <dst id="WASHng">97158.1466666667</dst>
        </src>
        <src id="NYCMng">
            <dst id="ATLA-M5">7302.66133333333</dst>
            <dst id="ATLAng">53541.888</dst>
            <dst id="CHINng">88268.744</dst>
            <dst id="DNVRng">43249.3706666667</dst>
            <dst id="HSTNng">39940.072</dst>
            <dst id="IPLSng">93677.0293333333</dst>
            <dst id="KSCYng">43574.7893333333</dst>
            <dst id="LOSAng">88338.0213333333</dst>
            <dst id="NYCMng">153887.850666667</dst>
            <dst id="SNVAng">13922.192</dst>
            <dst id="STTLng">30862.2586666667</dst>
            <dst id="WASHng">109799.376</dst>
        </src>
        <src id="SNVAng">
            <dst id="ATLA-M5">380.181333333333</dst>
            <dst id="ATLAng">887.088</dst>
            <dst id="CHINng">5534.71466666667</dst>
            <dst id="DNVRng">7530.04533333333</dst>
            <dst id="HSTNng">786.133333333333</dst>
            <dst id="IPLSng">3949.51733333333</dst>
            <dst id="KSCYng">1070.728</dst>
            <dst id="LOSAng">44463.072</dst>
            <dst id="NYCMng">3880.09333333333</dst>
            <dst id="SNVAng">24242.6506666667</dst>
            <dst id="STTLng">70232.744</dst>
            <dst id="WASHng">3433.48533333333</dst>
        </src>
        <src id="STTLng">
            <dst id="ATLA-M5">181.928</dst>
            <dst id="ATLAng">17236.08</dst>
            <dst id="CHINng">90498.5653333333</dst>
            <dst id="DNVRng">10395.9626666667</dst>
            <dst id="HSTNng">7977.62933333333</dst>
            <dst id="IPLSng">30393.0213333333</dst>
            <dst id="KSCYng">5228.20266666667</dst>
            <dst id="LOSAng">38441.768</dst>
            <dst id="NYCMng">29971.3226666667</dst>
            <dst id="SNVAng">12090.6933333333</dst>
            <dst id="STTLng">15412.4853333333</dst>
            <dst id="WASHng">22917.2506666667</dst>
        </src>
        <src id="WASHng">
            <dst id="ATLA-M5">2126.34666666667</dst>
            <dst id="ATLAng">110842.258666667</dst>
            <dst id="CHINng">99490.448</dst>
            <dst id="DNVRng">99562.2613333333</dst>
            <dst id="HSTNng">28690.2666666667</dst>
            <dst id="IPLSng">106978.410666667</dst>
            <dst id="KSCYng">34151.1946666667</dst>
            <dst id="LOSAng">104325.130666667</dst>
            <dst id="NYCMng">197888.250666667</dst>
            <dst id="SNVAng">11325.7333333333</dst>
            <dst id="STTLng">50110.52</dst>
            <dst id="WASHng">351715.466666667</dst>
        </src>
    </IntraTM>
</TrafficMatrixFile>
