<?xml version="1.0" encoding="ISO-8859-1" standalone="yes"?>
<TrafficMatrixFile xsi:noNamespaceSchemaLocation="http://totem.run.montefiore.ulg.ac.be/Schema/TrafficMatrix-v1_2.xsd" xmlns:xsi="http://www.w3.org/2001/XMLSchema-instance">
    <IntraTM ASID="11537">
        <src id="ATLA-M5">
            <dst id="ATLA-M5">26.6666666666667</dst>
            <dst id="ATLAng">3135.25866666667</dst>
            <dst id="CHINng">2896.968</dst>
            <dst id="DNVRng">324.408</dst>
            <dst id="HSTNng">1082.23466666667</dst>
            <dst id="IPLSng">1462.70666666667</dst>
            <dst id="KSCYng">406.010666666667</dst>
            <dst id="LOSAng">246.368</dst>
            <dst id="NYCMng">1301.78666666667</dst>
            <dst id="SNVAng">318.288</dst>
            <dst id="STTLng">680.656</dst>
            <dst id="WASHng">3121.03466666667</dst>
        </src>
        <src id="ATLAng">
            <dst id="ATLA-M5">779.416</dst>
            <dst id="ATLAng">27401.2346666667</dst>
            <dst id="CHINng">36803.4213333333</dst>
            <dst id="DNVRng">7360.82933333334</dst>
            <dst id="HSTNng">7388.66933333334</dst>
            <dst id="IPLSng">37229.7466666667</dst>
            <dst id="KSCYng">6007.96</dst>
            <dst id="LOSAng">21422.0573333333</dst>
            <dst id="NYCMng">21714.336</dst>
            <dst id="SNVAng">2136.48933333333</dst>
            <dst id="STTLng">10776.2266666667</dst>
            <dst id="WASHng">69650.416</dst>
        </src>
        <src id="CHINng">
            <dst id="ATLA-M5">4215.00533333333</dst>
            <dst id="ATLAng">27057.9253333333</dst>
            <dst id="CHINng">34892.4826666667</dst>
            <dst id="DNVRng">11197.056</dst>
            <dst id="HSTNng">13530.688</dst>
            <dst id="IPLSng">44529.904</dst>
            <dst id="KSCYng">13287.0933333333</dst>
            <dst id="LOSAng">30965.232</dst>
            <dst id="NYCMng">6699.61066666667</dst>
            <dst id="SNVAng">3650.224</dst>
            <dst id="STTLng">6549.32533333333</dst>
            <dst id="WASHng">17005.5173333333</dst>
        </src>
        <src id="DNVRng">
            <dst id="ATLA-M5">285.090666666667</dst>
            <dst id="ATLAng">9994.752</dst>
            <dst id="CHINng">54386.472</dst>
            <dst id="DNVRng">3501.25333333333</dst>
            <dst id="HSTNng">15459.3093333333</dst>
            <dst id="IPLSng">33963.8666666667</dst>
            <dst id="KSCYng">31413.9946666667</dst>
            <dst id="LOSAng">12056.568</dst>
            <dst id="NYCMng">26407.8506666667</dst>
            <dst id="SNVAng">6044.46133333334</dst>
            <dst id="STTLng">9269.368</dst>
            <dst id="WASHng">42663.408</dst>
        </src>
        <src id="HSTNng">
            <dst id="ATLA-M5">679.584</dst>
            <dst id="ATLAng">7779.85066666667</dst>
            <dst id="CHINng">31236.8533333333</dst>
            <dst id="DNVRng">4136.31466666667</dst>
            <dst id="HSTNng">7992.32266666667</dst>
            <dst id="IPLSng">10803.5653333333</dst>
            <dst id="KSCYng">2901.696</dst>
            <dst id="LOSAng">102608.269333333</dst>
            <dst id="NYCMng">7464.608</dst>
            <dst id="SNVAng">1772.752</dst>
            <dst id="STTLng">3997.32</dst>
            <dst id="WASHng">13110.976</dst>
        </src>
        <src id="IPLSng">
            <dst id="ATLA-M5">2186.736</dst>
            <dst id="ATLAng">18864.7813333333</dst>
            <dst id="CHINng">79654.936</dst>
            <dst id="DNVRng">29411.464</dst>
            <dst id="HSTNng">6723.504</dst>
            <dst id="IPLSng">32938.936</dst>
            <dst id="KSCYng">11538.832</dst>
            <dst id="LOSAng">80190.2026666667</dst>
            <dst id="NYCMng">55182.264</dst>
            <dst id="SNVAng">3738.05333333333</dst>
            <dst id="STTLng">16913.4293333333</dst>
            <dst id="WASHng">50524.8506666667</dst>
        </src>
        <src id="KSCYng">
            <dst id="ATLA-M5">488.989333333333</dst>
            <dst id="ATLAng">4368.95733333333</dst>
            <dst id="CHINng">35212.016</dst>
            <dst id="DNVRng">14993.7093333333</dst>
            <dst id="HSTNng">4102.64533333333</dst>
            <dst id="IPLSng">11767.928</dst>
            <dst id="KSCYng">7860.33333333333</dst>
            <dst id="LOSAng">8901.86666666667</dst>
            <dst id="NYCMng">12555.632</dst>
            <dst id="SNVAng">2190.368</dst>
            <dst id="STTLng">5313.528</dst>
            <dst id="WASHng">17367.224</dst>
        </src>
        <src id="LOSAng">
            <dst id="ATLA-M5">876.528</dst>
            <dst id="ATLAng">27886.1013333333</dst>
            <dst id="CHINng">100814.296</dst>
            <dst id="DNVRng">10789.472</dst>
            <dst id="HSTNng">13419.416</dst>
            <dst id="IPLSng">60554.1893333333</dst>
            <dst id="KSCYng">15444.6773333333</dst>
            <dst id="LOSAng">21994.352</dst>
            <dst id="NYCMng">64171.4506666667</dst>
            <dst id="SNVAng">12722.3146666667</dst>
            <dst id="STTLng">31469.3493333333</dst>
            <dst id="WASHng">70794.752</dst>
        </src>
        <src id="NYCMng">
            <dst id="ATLA-M5">1068.104</dst>
            <dst id="ATLAng">56649.136</dst>
            <dst id="CHINng">73137.0693333333</dst>
            <dst id="DNVRng">38006.416</dst>
            <dst id="HSTNng">38403.544</dst>
            <dst id="IPLSng">83995.6533333333</dst>
            <dst id="KSCYng">31570.9466666667</dst>
            <dst id="LOSAng">103532.426666667</dst>
            <dst id="NYCMng">145137.477333333</dst>
            <dst id="SNVAng">9251.91466666667</dst>
            <dst id="STTLng">42613.824</dst>
            <dst id="WASHng">119669.501333333</dst>
        </src>
        <src id="SNVAng">
            <dst id="ATLA-M5">72.9466666666667</dst>
            <dst id="ATLAng">6058.89333333333</dst>
            <dst id="CHINng">3760.544</dst>
            <dst id="DNVRng">2978.35466666667</dst>
            <dst id="HSTNng">1947.232</dst>
            <dst id="IPLSng">2806.456</dst>
            <dst id="KSCYng">1135.168</dst>
            <dst id="LOSAng">42140.5226666667</dst>
            <dst id="NYCMng">2785.13066666667</dst>
            <dst id="SNVAng">17325.352</dst>
            <dst id="STTLng">60448.5786666667</dst>
            <dst id="WASHng">3586.13066666667</dst>
        </src>
        <src id="STTLng">
            <dst id="ATLA-M5">255.962666666667</dst>
            <dst id="ATLAng">15520.3653333333</dst>
            <dst id="CHINng">42970.1306666667</dst>
            <dst id="DNVRng">4767.45866666667</dst>
            <dst id="HSTNng">3789.15466666667</dst>
            <dst id="IPLSng">23269.52</dst>
            <dst id="KSCYng">5980.41333333333</dst>
            <dst id="LOSAng">31194.5253333333</dst>
            <dst id="NYCMng">23701.0453333333</dst>
            <dst id="SNVAng">6859.91466666667</dst>
            <dst id="STTLng">21938.512</dst>
            <dst id="WASHng">17268.0346666667</dst>
        </src>
        <src id="WASHng">
            <dst id="ATLA-M5">7925.15466666667</dst>
            <dst id="ATLAng">140847.882666667</dst>
            <dst id="CHINng">83976.616</dst>
            <dst id="DNVRng">57766.4346666667</dst>
            <dst id="HSTNng">27502.696</dst>
            <dst id="IPLSng">89436.1546666666</dst>
            <dst id="KSCYng">16922.208</dst>
            <dst id="LOSAng">68359.1626666667</dst>
            <dst id="NYCMng">169102.688</dst>
            <dst id="SNVAng">23802.1306666667</dst>
            <dst id="STTLng">39349.808</dst>
            <dst id="WASHng">296185.44</dst>
        </src>
    </IntraTM>
</TrafficMatrixFile>
