<?xml version="1.0" encoding="ISO-8859-1" standalone="yes"?>
<TrafficMatrixFile xsi:noNamespaceSchemaLocation="http://totem.run.montefiore.ulg.ac.be/Schema/TrafficMatrix-v1_2.xsd" xmlns:xsi="http://www.w3.org/2001/XMLSchema-instance">
    <IntraTM ASID="11537">
        <src id="ATLA-M5">
            <dst id="ATLA-M5">0</dst>
            <dst id="ATLAng">248.170666666667</dst>
            <dst id="CHINng">757.570666666667</dst>
            <dst id="DNVRng">545.664</dst>
            <dst id="HSTNng">267.210666666667</dst>
            <dst id="IPLSng">375.074666666667</dst>
            <dst id="KSCYng">310.344</dst>
            <dst id="LOSAng">383.210666666667</dst>
            <dst id="NYCMng">665.941333333333</dst>
            <dst id="SNVAng">280.144</dst>
            <dst id="STTLng">230.6</dst>
            <dst id="WASHng">1295.456</dst>
        </src>
        <src id="ATLAng">
            <dst id="ATLA-M5">485.818666666667</dst>
            <dst id="ATLAng">40343.8613333333</dst>
            <dst id="CHINng">9952.36</dst>
            <dst id="DNVRng">2101.55466666667</dst>
            <dst id="HSTNng">15635.6453333333</dst>
            <dst id="IPLSng">13291.232</dst>
            <dst id="KSCYng">3305.504</dst>
            <dst id="LOSAng">14667.16</dst>
            <dst id="NYCMng">12807.92</dst>
            <dst id="SNVAng">3192.672</dst>
            <dst id="STTLng">11178.0933333333</dst>
            <dst id="WASHng">79892.9653333333</dst>
        </src>
        <src id="CHINng">
            <dst id="ATLA-M5">177.069333333333</dst>
            <dst id="ATLAng">9477.92266666667</dst>
            <dst id="CHINng">56690.1813333333</dst>
            <dst id="DNVRng">12324.3706666667</dst>
            <dst id="HSTNng">4532.432</dst>
            <dst id="IPLSng">24761.456</dst>
            <dst id="KSCYng">7890.584</dst>
            <dst id="LOSAng">16263.696</dst>
            <dst id="NYCMng">14364.4986666667</dst>
            <dst id="SNVAng">3021.48533333333</dst>
            <dst id="STTLng">8360.048</dst>
            <dst id="WASHng">9252.216</dst>
        </src>
        <src id="DNVRng">
            <dst id="ATLA-M5">53.3333333333333</dst>
            <dst id="ATLAng">3981.36533333333</dst>
            <dst id="CHINng">40974.3466666667</dst>
            <dst id="DNVRng">3858.84</dst>
            <dst id="HSTNng">3157.00266666667</dst>
            <dst id="IPLSng">5877.68533333333</dst>
            <dst id="KSCYng">9287.96266666667</dst>
            <dst id="LOSAng">9049.51733333333</dst>
            <dst id="NYCMng">12766.3493333333</dst>
            <dst id="SNVAng">13091.9573333333</dst>
            <dst id="STTLng">11172.92</dst>
            <dst id="WASHng">10682.5626666667</dst>
        </src>
        <src id="HSTNng">
            <dst id="ATLA-M5">3905.08266666667</dst>
            <dst id="ATLAng">2387.85866666667</dst>
            <dst id="CHINng">29181.7893333333</dst>
            <dst id="DNVRng">1460.02666666667</dst>
            <dst id="HSTNng">6443.39466666667</dst>
            <dst id="IPLSng">6255.37066666667</dst>
            <dst id="KSCYng">2317.048</dst>
            <dst id="LOSAng">13670.808</dst>
            <dst id="NYCMng">7303.04266666667</dst>
            <dst id="SNVAng">635.098666666667</dst>
            <dst id="STTLng">7729.424</dst>
            <dst id="WASHng">3888.52533333333</dst>
        </src>
        <src id="IPLSng">
            <dst id="ATLA-M5">6399.408</dst>
            <dst id="ATLAng">8394.42933333333</dst>
            <dst id="CHINng">95628.0666666667</dst>
            <dst id="DNVRng">11826.6186666667</dst>
            <dst id="HSTNng">6074.66133333333</dst>
            <dst id="IPLSng">22459.3786666667</dst>
            <dst id="KSCYng">11074.1733333333</dst>
            <dst id="LOSAng">23924.9386666667</dst>
            <dst id="NYCMng">21561.464</dst>
            <dst id="SNVAng">6196.18133333333</dst>
            <dst id="STTLng">8527.26666666667</dst>
            <dst id="WASHng">42755.4106666667</dst>
        </src>
        <src id="KSCYng">
            <dst id="ATLA-M5">420.562666666667</dst>
            <dst id="ATLAng">2346.68533333333</dst>
            <dst id="CHINng">32717.2213333333</dst>
            <dst id="DNVRng">4734.34666666667</dst>
            <dst id="HSTNng">3912.91466666667</dst>
            <dst id="IPLSng">21330.0586666667</dst>
            <dst id="KSCYng">9164.76266666667</dst>
            <dst id="LOSAng">5957.45866666667</dst>
            <dst id="NYCMng">11619.3226666667</dst>
            <dst id="SNVAng">1029.19466666667</dst>
            <dst id="STTLng">4885.39733333333</dst>
            <dst id="WASHng">8812.62666666667</dst>
        </src>
        <src id="LOSAng">
            <dst id="ATLA-M5">229.592</dst>
            <dst id="ATLAng">14963.864</dst>
            <dst id="CHINng">158998.861333333</dst>
            <dst id="DNVRng">8197.22933333333</dst>
            <dst id="HSTNng">8917.78133333333</dst>
            <dst id="IPLSng">34437.288</dst>
            <dst id="KSCYng">11596.6266666667</dst>
            <dst id="LOSAng">22780.864</dst>
            <dst id="NYCMng">61600.3226666667</dst>
            <dst id="SNVAng">5928.64533333333</dst>
            <dst id="STTLng">27442.5333333333</dst>
            <dst id="WASHng">52397.872</dst>
        </src>
        <src id="NYCMng">
            <dst id="ATLA-M5">1187.57333333333</dst>
            <dst id="ATLAng">34488.608</dst>
            <dst id="CHINng">73882.1546666667</dst>
            <dst id="DNVRng">18438.1013333333</dst>
            <dst id="HSTNng">33672.5893333333</dst>
            <dst id="IPLSng">45722.9706666667</dst>
            <dst id="KSCYng">20817.968</dst>
            <dst id="LOSAng">70408.152</dst>
            <dst id="NYCMng">157623.184</dst>
            <dst id="SNVAng">9428.35733333333</dst>
            <dst id="STTLng">26162.3013333333</dst>
            <dst id="WASHng">52751.7386666667</dst>
        </src>
        <src id="SNVAng">
            <dst id="ATLA-M5">83.7253333333333</dst>
            <dst id="ATLAng">368.218666666667</dst>
            <dst id="CHINng">6350.26666666667</dst>
            <dst id="DNVRng">6298.83733333333</dst>
            <dst id="HSTNng">711.613333333333</dst>
            <dst id="IPLSng">1381.10933333333</dst>
            <dst id="KSCYng">777.704</dst>
            <dst id="LOSAng">6249.58133333333</dst>
            <dst id="NYCMng">10976.696</dst>
            <dst id="SNVAng">83.4026666666667</dst>
            <dst id="STTLng">2496.568</dst>
            <dst id="WASHng">2375.00533333333</dst>
        </src>
        <src id="STTLng">
            <dst id="ATLA-M5">77.552</dst>
            <dst id="ATLAng">15990.1733333333</dst>
            <dst id="CHINng">67813.1066666667</dst>
            <dst id="DNVRng">5883.17066666667</dst>
            <dst id="HSTNng">1712.99466666667</dst>
            <dst id="IPLSng">4247.56</dst>
            <dst id="KSCYng">3050.872</dst>
            <dst id="LOSAng">24876.6213333333</dst>
            <dst id="NYCMng">21243.3973333333</dst>
            <dst id="SNVAng">3101.22133333333</dst>
            <dst id="STTLng">15192.7386666667</dst>
            <dst id="WASHng">6391.70933333333</dst>
        </src>
        <src id="WASHng">
            <dst id="ATLA-M5">1552.45066666667</dst>
            <dst id="ATLAng">134924.229333333</dst>
            <dst id="CHINng">64776.3013333333</dst>
            <dst id="DNVRng">32964.8666666667</dst>
            <dst id="HSTNng">17316.0986666667</dst>
            <dst id="IPLSng">43264.8053333333</dst>
            <dst id="KSCYng">10521.848</dst>
            <dst id="LOSAng">60715.6213333333</dst>
            <dst id="NYCMng">117632.402666667</dst>
            <dst id="SNVAng">5219.072</dst>
            <dst id="STTLng">32800.5493333333</dst>
            <dst id="WASHng">334091.066666667</dst>
        </src>
    </IntraTM>
</TrafficMatrixFile>
