<?xml version="1.0" encoding="ISO-8859-1" standalone="yes"?>
<TrafficMatrixFile xsi:noNamespaceSchemaLocation="http://totem.run.montefiore.ulg.ac.be/Schema/TrafficMatrix-v1_2.xsd" xmlns:xsi="http://www.w3.org/2001/XMLSchema-instance">
    <IntraTM ASID="11537">
        <src id="ATLA-M5">
            <dst id="ATLA-M5">26.6666666666667</dst>
            <dst id="ATLAng">1373.95733333333</dst>
            <dst id="CHINng">3673.03733333333</dst>
            <dst id="DNVRng">387.968</dst>
            <dst id="HSTNng">465.989333333333</dst>
            <dst id="IPLSng">2366.624</dst>
            <dst id="KSCYng">291.645333333333</dst>
            <dst id="LOSAng">193.818666666667</dst>
            <dst id="NYCMng">1020.328</dst>
            <dst id="SNVAng">135.141333333333</dst>
            <dst id="STTLng">397.648</dst>
            <dst id="WASHng">1066.176</dst>
        </src>
        <src id="ATLAng">
            <dst id="ATLA-M5">977.330666666667</dst>
            <dst id="ATLAng">27118.6453333333</dst>
            <dst id="CHINng">27367.752</dst>
            <dst id="DNVRng">7509.21333333333</dst>
            <dst id="HSTNng">7657.248</dst>
            <dst id="IPLSng">28749.5146666667</dst>
            <dst id="KSCYng">11184.2026666667</dst>
            <dst id="LOSAng">23793.3533333333</dst>
            <dst id="NYCMng">23095.5973333333</dst>
            <dst id="SNVAng">911.582666666667</dst>
            <dst id="STTLng">9687.72533333333</dst>
            <dst id="WASHng">73290.6266666667</dst>
        </src>
        <src id="CHINng">
            <dst id="ATLA-M5">4639.65066666667</dst>
            <dst id="ATLAng">28425.12</dst>
            <dst id="CHINng">32889.0213333333</dst>
            <dst id="DNVRng">6934.00533333333</dst>
            <dst id="HSTNng">22625.8053333333</dst>
            <dst id="IPLSng">27118.3066666667</dst>
            <dst id="KSCYng">22265.928</dst>
            <dst id="LOSAng">33669.3813333333</dst>
            <dst id="NYCMng">5162.37066666667</dst>
            <dst id="SNVAng">3836.696</dst>
            <dst id="STTLng">7450.504</dst>
            <dst id="WASHng">13346.9466666667</dst>
        </src>
        <src id="DNVRng">
            <dst id="ATLA-M5">206.128</dst>
            <dst id="ATLAng">8963.09066666667</dst>
            <dst id="CHINng">56435.3493333333</dst>
            <dst id="DNVRng">4886.19733333333</dst>
            <dst id="HSTNng">12110.288</dst>
            <dst id="IPLSng">29321.3226666667</dst>
            <dst id="KSCYng">12041.112</dst>
            <dst id="LOSAng">11430.1626666667</dst>
            <dst id="NYCMng">27154.5626666667</dst>
            <dst id="SNVAng">8096.312</dst>
            <dst id="STTLng">11363.2186666667</dst>
            <dst id="WASHng">49392.736</dst>
        </src>
        <src id="HSTNng">
            <dst id="ATLA-M5">4161.752</dst>
            <dst id="ATLAng">6857.30133333333</dst>
            <dst id="CHINng">38143.912</dst>
            <dst id="DNVRng">3316.56533333333</dst>
            <dst id="HSTNng">11241.5093333333</dst>
            <dst id="IPLSng">10527.2426666667</dst>
            <dst id="KSCYng">4841.95466666667</dst>
            <dst id="LOSAng">9425.616</dst>
            <dst id="NYCMng">7897.66666666667</dst>
            <dst id="SNVAng">2472.84</dst>
            <dst id="STTLng">3890.56266666667</dst>
            <dst id="WASHng">10758.8186666667</dst>
        </src>
        <src id="IPLSng">
            <dst id="ATLA-M5">685.234666666667</dst>
            <dst id="ATLAng">27865.2133333333</dst>
            <dst id="CHINng">79872.6133333333</dst>
            <dst id="DNVRng">24621.12</dst>
            <dst id="HSTNng">7389.48266666667</dst>
            <dst id="IPLSng">26510.5893333333</dst>
            <dst id="KSCYng">11424.5013333333</dst>
            <dst id="LOSAng">27908.9786666667</dst>
            <dst id="NYCMng">47809.4906666667</dst>
            <dst id="SNVAng">4543.15733333333</dst>
            <dst id="STTLng">11092.6613333333</dst>
            <dst id="WASHng">46242.7146666667</dst>
        </src>
        <src id="KSCYng">
            <dst id="ATLA-M5">583.210666666667</dst>
            <dst id="ATLAng">11206.552</dst>
            <dst id="CHINng">28300.168</dst>
            <dst id="DNVRng">20165.0453333333</dst>
            <dst id="HSTNng">5700.912</dst>
            <dst id="IPLSng">20357.6346666667</dst>
            <dst id="KSCYng">8825.90666666667</dst>
            <dst id="LOSAng">8853.05866666667</dst>
            <dst id="NYCMng">8558.10933333333</dst>
            <dst id="SNVAng">1866.408</dst>
            <dst id="STTLng">3765.48</dst>
            <dst id="WASHng">17265.208</dst>
        </src>
        <src id="LOSAng">
            <dst id="ATLA-M5">214.989333333333</dst>
            <dst id="ATLAng">22195.6986666667</dst>
            <dst id="CHINng">100604.189333333</dst>
            <dst id="DNVRng">11429.936</dst>
            <dst id="HSTNng">21919.3493333333</dst>
            <dst id="IPLSng">52306.9813333333</dst>
            <dst id="KSCYng">16486.056</dst>
            <dst id="LOSAng">21954.4933333333</dst>
            <dst id="NYCMng">70096.9306666667</dst>
            <dst id="SNVAng">10000.8826666667</dst>
            <dst id="STTLng">34448.4746666667</dst>
            <dst id="WASHng">70608.456</dst>
        </src>
        <src id="NYCMng">
            <dst id="ATLA-M5">5243.24266666667</dst>
            <dst id="ATLAng">46345.56</dst>
            <dst id="CHINng">85995.8133333333</dst>
            <dst id="DNVRng">37816.3066666667</dst>
            <dst id="HSTNng">34610.7733333333</dst>
            <dst id="IPLSng">74719.4266666667</dst>
            <dst id="KSCYng">33368.9973333333</dst>
            <dst id="LOSAng">90516.9893333333</dst>
            <dst id="NYCMng">121062.330666667</dst>
            <dst id="SNVAng">11403.5333333333</dst>
            <dst id="STTLng">45966.112</dst>
            <dst id="WASHng">115359.242666667</dst>
        </src>
        <src id="SNVAng">
            <dst id="ATLA-M5">415.338666666667</dst>
            <dst id="ATLAng">357.792</dst>
            <dst id="CHINng">4132.08</dst>
            <dst id="DNVRng">6859.89866666667</dst>
            <dst id="HSTNng">1500.312</dst>
            <dst id="IPLSng">2632.42133333333</dst>
            <dst id="KSCYng">1006.53866666667</dst>
            <dst id="LOSAng">44808.512</dst>
            <dst id="NYCMng">2718.21333333333</dst>
            <dst id="SNVAng">19237.768</dst>
            <dst id="STTLng">67989.2853333333</dst>
            <dst id="WASHng">2721.86666666667</dst>
        </src>
        <src id="STTLng">
            <dst id="ATLA-M5">307.370666666667</dst>
            <dst id="ATLAng">13032.336</dst>
            <dst id="CHINng">49689.904</dst>
            <dst id="DNVRng">5791.51466666667</dst>
            <dst id="HSTNng">5427.73066666667</dst>
            <dst id="IPLSng">14465.8266666667</dst>
            <dst id="KSCYng">6407.49066666667</dst>
            <dst id="LOSAng">33002.176</dst>
            <dst id="NYCMng">26771.2906666667</dst>
            <dst id="SNVAng">6895.49333333333</dst>
            <dst id="STTLng">9829.46666666667</dst>
            <dst id="WASHng">17017.9093333333</dst>
        </src>
        <src id="WASHng">
            <dst id="ATLA-M5">21201.7786666667</dst>
            <dst id="ATLAng">153099.84</dst>
            <dst id="CHINng">102136.717333333</dst>
            <dst id="DNVRng">56421.4</dst>
            <dst id="HSTNng">34035.7386666667</dst>
            <dst id="IPLSng">80335.2453333333</dst>
            <dst id="KSCYng">14162.336</dst>
            <dst id="LOSAng">75248.144</dst>
            <dst id="NYCMng">192165.117333333</dst>
            <dst id="SNVAng">12514.5093333333</dst>
            <dst id="STTLng">40786.832</dst>
            <dst id="WASHng">230737.493333333</dst>
        </src>
    </IntraTM>
</TrafficMatrixFile>
