<?xml version="1.0" encoding="ISO-8859-1" standalone="yes"?>
<TrafficMatrixFile xsi:noNamespaceSchemaLocation="http://totem.run.montefiore.ulg.ac.be/Schema/TrafficMatrix-v1_2.xsd" xmlns:xsi="http://www.w3.org/2001/XMLSchema-instance">
    <IntraTM ASID="11537">
        <src id="ATLA-M5">
            <dst id="ATLA-M5">187.906666666667</dst>
            <dst id="ATLAng">3143.37066666667</dst>
            <dst id="CHINng">1519.392</dst>
            <dst id="DNVRng">747.568</dst>
            <dst id="HSTNng">874.474666666667</dst>
            <dst id="IPLSng">3492.16266666667</dst>
            <dst id="KSCYng">1431.992</dst>
            <dst id="LOSAng">298.658666666667</dst>
            <dst id="NYCMng">1083.71733333333</dst>
            <dst id="SNVAng">154.541333333333</dst>
            <dst id="STTLng">215.8</dst>
            <dst id="WASHng">2481.44266666667</dst>
        </src>
        <src id="ATLAng">
            <dst id="ATLA-M5">1193.456</dst>
            <dst id="ATLAng">35070.1626666667</dst>
            <dst id="CHINng">41966.1226666667</dst>
            <dst id="DNVRng">21197.8</dst>
            <dst id="HSTNng">13712.2106666667</dst>
            <dst id="IPLSng">28796.6213333333</dst>
            <dst id="KSCYng">18723.5066666667</dst>
            <dst id="LOSAng">23971.3053333333</dst>
            <dst id="NYCMng">28327.5813333333</dst>
            <dst id="SNVAng">4437.972</dst>
            <dst id="STTLng">8397.61066666666</dst>
            <dst id="WASHng">94756.5626666667</dst>
        </src>
        <src id="CHINng">
            <dst id="ATLA-M5">3991.37866666667</dst>
            <dst id="ATLAng">23884.2026666667</dst>
            <dst id="CHINng">60254.0026666667</dst>
            <dst id="DNVRng">23941.1893333333</dst>
            <dst id="HSTNng">9754.53866666667</dst>
            <dst id="IPLSng">36963.0826666667</dst>
            <dst id="KSCYng">10046.4213333333</dst>
            <dst id="LOSAng">27020.0906666667</dst>
            <dst id="NYCMng">13804.5333333333</dst>
            <dst id="SNVAng">4624.496</dst>
            <dst id="STTLng">13676.7413333333</dst>
            <dst id="WASHng">25011.0666666667</dst>
        </src>
        <src id="DNVRng">
            <dst id="ATLA-M5">678.592</dst>
            <dst id="ATLAng">15062.6533333333</dst>
            <dst id="CHINng">57740.2853333333</dst>
            <dst id="DNVRng">17721.8693333333</dst>
            <dst id="HSTNng">17347.1493333333</dst>
            <dst id="IPLSng">43220.992</dst>
            <dst id="KSCYng">24076.7733333333</dst>
            <dst id="LOSAng">17298.304</dst>
            <dst id="NYCMng">31669.7973333333</dst>
            <dst id="SNVAng">15303.4186666667</dst>
            <dst id="STTLng">27535.92</dst>
            <dst id="WASHng">68231.3493333334</dst>
        </src>
        <src id="HSTNng">
            <dst id="ATLA-M5">1166.20533333333</dst>
            <dst id="ATLAng">6675.864</dst>
            <dst id="CHINng">23971.5893333333</dst>
            <dst id="DNVRng">8263.984</dst>
            <dst id="HSTNng">15612.704</dst>
            <dst id="IPLSng">14134.832</dst>
            <dst id="KSCYng">3988.608</dst>
            <dst id="LOSAng">92497.448</dst>
            <dst id="NYCMng">15208.6186666667</dst>
            <dst id="SNVAng">3373.992</dst>
            <dst id="STTLng">3371.74933333333</dst>
            <dst id="WASHng">13632.2266666667</dst>
        </src>
        <src id="IPLSng">
            <dst id="ATLA-M5">2178.77066666667</dst>
            <dst id="ATLAng">32940.776</dst>
            <dst id="CHINng">140224.941333333</dst>
            <dst id="DNVRng">43513.7653333333</dst>
            <dst id="HSTNng">9069.70666666667</dst>
            <dst id="IPLSng">55213.5786666667</dst>
            <dst id="KSCYng">16580.8186666667</dst>
            <dst id="LOSAng">99415.88</dst>
            <dst id="NYCMng">50783.7066666667</dst>
            <dst id="SNVAng">8149.672</dst>
            <dst id="STTLng">12660.2586666667</dst>
            <dst id="WASHng">54555.28</dst>
        </src>
        <src id="KSCYng">
            <dst id="ATLA-M5">2498.928</dst>
            <dst id="ATLAng">17414.184</dst>
            <dst id="CHINng">38407.792</dst>
            <dst id="DNVRng">16500.9333333333</dst>
            <dst id="HSTNng">6214.74933333334</dst>
            <dst id="IPLSng">16319.936</dst>
            <dst id="KSCYng">9213.70933333333</dst>
            <dst id="LOSAng">10242.7013333333</dst>
            <dst id="NYCMng">13473.2266666667</dst>
            <dst id="SNVAng">2058.06666666667</dst>
            <dst id="STTLng">3491.64533333333</dst>
            <dst id="WASHng">15394.9653333333</dst>
        </src>
        <src id="LOSAng">
            <dst id="ATLA-M5">2117.13333333333</dst>
            <dst id="ATLAng">32396.4106666667</dst>
            <dst id="CHINng">120456.746666667</dst>
            <dst id="DNVRng">15891.5146666667</dst>
            <dst id="HSTNng">61538.7413333333</dst>
            <dst id="IPLSng">47231.392</dst>
            <dst id="KSCYng">12638.7413333333</dst>
            <dst id="LOSAng">8864.28</dst>
            <dst id="NYCMng">66512.2986666667</dst>
            <dst id="SNVAng">11141.3413333333</dst>
            <dst id="STTLng">27854.5253333333</dst>
            <dst id="WASHng">74532.3946666667</dst>
        </src>
        <src id="NYCMng">
            <dst id="ATLA-M5">7925.632</dst>
            <dst id="ATLAng">69273.152</dst>
            <dst id="CHINng">89218.6026666667</dst>
            <dst id="DNVRng">52229.904</dst>
            <dst id="HSTNng">47107</dst>
            <dst id="IPLSng">98922.4266666667</dst>
            <dst id="KSCYng">30516.752</dst>
            <dst id="LOSAng">76867.04</dst>
            <dst id="NYCMng">146465.496</dst>
            <dst id="SNVAng">14839.5173333333</dst>
            <dst id="STTLng">35935.6213333333</dst>
            <dst id="WASHng">122019.746666667</dst>
        </src>
        <src id="SNVAng">
            <dst id="ATLA-M5">26.6666666666667</dst>
            <dst id="ATLAng">1411.672</dst>
            <dst id="CHINng">6052.37066666667</dst>
            <dst id="DNVRng">11060.328</dst>
            <dst id="HSTNng">1589.12266666667</dst>
            <dst id="IPLSng">5573.43733333333</dst>
            <dst id="KSCYng">3452.26666666667</dst>
            <dst id="LOSAng">38349.8133333333</dst>
            <dst id="NYCMng">4765.85333333333</dst>
            <dst id="SNVAng">22032.1733333333</dst>
            <dst id="STTLng">62196.7253333333</dst>
            <dst id="WASHng">2798.90133333333</dst>
        </src>
        <src id="STTLng">
            <dst id="ATLA-M5">746.770666666667</dst>
            <dst id="ATLAng">18261.0026666667</dst>
            <dst id="CHINng">65166.4186666667</dst>
            <dst id="DNVRng">10827.4666666667</dst>
            <dst id="HSTNng">7681.92</dst>
            <dst id="IPLSng">25894.9146666667</dst>
            <dst id="KSCYng">6893.64533333333</dst>
            <dst id="LOSAng">32456.3786666667</dst>
            <dst id="NYCMng">29816.16</dst>
            <dst id="SNVAng">13910.1706666667</dst>
            <dst id="STTLng">12592.8613333333</dst>
            <dst id="WASHng">24535.2133333333</dst>
        </src>
        <src id="WASHng">
            <dst id="ATLA-M5">1753.02933333333</dst>
            <dst id="ATLAng">100797.026666667</dst>
            <dst id="CHINng">105237.970666667</dst>
            <dst id="DNVRng">80853.5253333333</dst>
            <dst id="HSTNng">35574.6026666667</dst>
            <dst id="IPLSng">111859.749333333</dst>
            <dst id="KSCYng">34180.2533333333</dst>
            <dst id="LOSAng">111853.008</dst>
            <dst id="NYCMng">176543.666666667</dst>
            <dst id="SNVAng">18205.608</dst>
            <dst id="STTLng">47156.6666666667</dst>
            <dst id="WASHng">328244.266666667</dst>
        </src>
    </IntraTM>
</TrafficMatrixFile>
