<?xml version="1.0" encoding="ISO-8859-1" standalone="yes"?>
<TrafficMatrixFile xsi:noNamespaceSchemaLocation="http://totem.run.montefiore.ulg.ac.be/Schema/TrafficMatrix-v1_2.xsd" xmlns:xsi="http://www.w3.org/2001/XMLSchema-instance">
    <IntraTM ASID="11537">
        <src id="ATLA-M5">
            <dst id="ATLA-M5">0</dst>
            <dst id="ATLAng">762.058666666667</dst>
            <dst id="CHINng">2059.21333333333</dst>
            <dst id="DNVRng">475.669333333333</dst>
            <dst id="HSTNng">450.754666666667</dst>
            <dst id="IPLSng">1059.95466666667</dst>
            <dst id="KSCYng">706.349333333334</dst>
            <dst id="LOSAng">1647.696</dst>
            <dst id="NYCMng">409.261333333333</dst>
            <dst id="SNVAng">169.106666666667</dst>
            <dst id="STTLng">152.96</dst>
            <dst id="WASHng">1912.728</dst>
        </src>
        <src id="ATLAng">
            <dst id="ATLA-M5">1405.04266666667</dst>
            <dst id="ATLAng">25546.2586666667</dst>
            <dst id="CHINng">28008.7226666667</dst>
            <dst id="DNVRng">7969.78666666667</dst>
            <dst id="HSTNng">4880.17333333333</dst>
            <dst id="IPLSng">27677.9733333333</dst>
            <dst id="KSCYng">5001.34933333333</dst>
            <dst id="LOSAng">19572.064</dst>
            <dst id="NYCMng">18090.8373333333</dst>
            <dst id="SNVAng">2030.336</dst>
            <dst id="STTLng">7500.61333333333</dst>
            <dst id="WASHng">74589.968</dst>
        </src>
        <src id="CHINng">
            <dst id="ATLA-M5">758.24</dst>
            <dst id="ATLAng">18798.1413333333</dst>
            <dst id="CHINng">43566.448</dst>
            <dst id="DNVRng">8868.672</dst>
            <dst id="HSTNng">20710.4373333333</dst>
            <dst id="IPLSng">17492.8506666667</dst>
            <dst id="KSCYng">10934.7546666667</dst>
            <dst id="LOSAng">37430.944</dst>
            <dst id="NYCMng">14911.5413333333</dst>
            <dst id="SNVAng">3199.37866666667</dst>
            <dst id="STTLng">4577.81333333333</dst>
            <dst id="WASHng">22856.24</dst>
        </src>
        <src id="DNVRng">
            <dst id="ATLA-M5">1013.09866666667</dst>
            <dst id="ATLAng">7540.304</dst>
            <dst id="CHINng">61835.432</dst>
            <dst id="DNVRng">19801.4373333333</dst>
            <dst id="HSTNng">14188.5493333333</dst>
            <dst id="IPLSng">31568.5466666667</dst>
            <dst id="KSCYng">19170.8773333333</dst>
            <dst id="LOSAng">9563.19733333333</dst>
            <dst id="NYCMng">26048.144</dst>
            <dst id="SNVAng">9363.56533333333</dst>
            <dst id="STTLng">10524.7093333333</dst>
            <dst id="WASHng">52404.0213333333</dst>
        </src>
        <src id="HSTNng">
            <dst id="ATLA-M5">3288</dst>
            <dst id="ATLAng">6822.35466666667</dst>
            <dst id="CHINng">54911.912</dst>
            <dst id="DNVRng">2574.50933333333</dst>
            <dst id="HSTNng">8286.40266666667</dst>
            <dst id="IPLSng">9988.53866666667</dst>
            <dst id="KSCYng">5401.17333333333</dst>
            <dst id="LOSAng">11492.3573333333</dst>
            <dst id="NYCMng">15049.0826666667</dst>
            <dst id="SNVAng">2073.216</dst>
            <dst id="STTLng">2454.408</dst>
            <dst id="WASHng">14638.336</dst>
        </src>
        <src id="IPLSng">
            <dst id="ATLA-M5">1552.29866666667</dst>
            <dst id="ATLAng">24036.7226666667</dst>
            <dst id="CHINng">103833.986666667</dst>
            <dst id="DNVRng">24249.384</dst>
            <dst id="HSTNng">7538.57333333333</dst>
            <dst id="IPLSng">23658.264</dst>
            <dst id="KSCYng">17303.1493333333</dst>
            <dst id="LOSAng">86469.3573333333</dst>
            <dst id="NYCMng">36536.8106666667</dst>
            <dst id="SNVAng">3749.74133333333</dst>
            <dst id="STTLng">14028.3973333333</dst>
            <dst id="WASHng">44072.2213333333</dst>
        </src>
        <src id="KSCYng">
            <dst id="ATLA-M5">578.386666666667</dst>
            <dst id="ATLAng">5075.48533333333</dst>
            <dst id="CHINng">38099.9306666667</dst>
            <dst id="DNVRng">9714.232</dst>
            <dst id="HSTNng">5102.94666666667</dst>
            <dst id="IPLSng">14522.04</dst>
            <dst id="KSCYng">12414.2213333333</dst>
            <dst id="LOSAng">8080.20533333334</dst>
            <dst id="NYCMng">6264.096</dst>
            <dst id="SNVAng">1528.29066666667</dst>
            <dst id="STTLng">3364.54133333333</dst>
            <dst id="WASHng">14025.5173333333</dst>
        </src>
        <src id="LOSAng">
            <dst id="ATLA-M5">782.501333333333</dst>
            <dst id="ATLAng">17689.3333333333</dst>
            <dst id="CHINng">133994.482666667</dst>
            <dst id="DNVRng">15650.3706666667</dst>
            <dst id="HSTNng">11628.0186666667</dst>
            <dst id="IPLSng">36897.8693333333</dst>
            <dst id="KSCYng">14082.1653333333</dst>
            <dst id="LOSAng">27512.056</dst>
            <dst id="NYCMng">57850.4746666667</dst>
            <dst id="SNVAng">12326.704</dst>
            <dst id="STTLng">25268.0506666667</dst>
            <dst id="WASHng">62053.4293333333</dst>
        </src>
        <src id="NYCMng">
            <dst id="ATLA-M5">4120.29866666667</dst>
            <dst id="ATLAng">35115.0826666667</dst>
            <dst id="CHINng">79801.144</dst>
            <dst id="DNVRng">34081.2213333333</dst>
            <dst id="HSTNng">39055.9226666667</dst>
            <dst id="IPLSng">62356.7493333333</dst>
            <dst id="KSCYng">21689.0826666667</dst>
            <dst id="LOSAng">79845.1546666667</dst>
            <dst id="NYCMng">119549.154666667</dst>
            <dst id="SNVAng">9754.232</dst>
            <dst id="STTLng">27748.776</dst>
            <dst id="WASHng">91423.2186666667</dst>
        </src>
        <src id="SNVAng">
            <dst id="ATLA-M5">133.029333333333</dst>
            <dst id="ATLAng">476.093333333333</dst>
            <dst id="CHINng">7062.23466666667</dst>
            <dst id="DNVRng">4027.38666666667</dst>
            <dst id="HSTNng">880.394666666667</dst>
            <dst id="IPLSng">1628.39733333333</dst>
            <dst id="KSCYng">1115.93066666667</dst>
            <dst id="LOSAng">34756.8853333333</dst>
            <dst id="NYCMng">1713.65866666667</dst>
            <dst id="SNVAng">13947.0186666667</dst>
            <dst id="STTLng">53961.296</dst>
            <dst id="WASHng">1812.69333333333</dst>
        </src>
        <src id="STTLng">
            <dst id="ATLA-M5">137.397333333333</dst>
            <dst id="ATLAng">11515.9093333333</dst>
            <dst id="CHINng">45098.312</dst>
            <dst id="DNVRng">6234.952</dst>
            <dst id="HSTNng">3814.82666666667</dst>
            <dst id="IPLSng">10425.6213333333</dst>
            <dst id="KSCYng">5503.54933333333</dst>
            <dst id="LOSAng">40130.072</dst>
            <dst id="NYCMng">20951.5573333333</dst>
            <dst id="SNVAng">7776.744</dst>
            <dst id="STTLng">14012.9253333333</dst>
            <dst id="WASHng">12220.896</dst>
        </src>
        <src id="WASHng">
            <dst id="ATLA-M5">1149.64</dst>
            <dst id="ATLAng">133530.976</dst>
            <dst id="CHINng">86529.896</dst>
            <dst id="DNVRng">51825.4106666667</dst>
            <dst id="HSTNng">19490.12</dst>
            <dst id="IPLSng">91587.312</dst>
            <dst id="KSCYng">18343.9466666667</dst>
            <dst id="LOSAng">67444.9546666667</dst>
            <dst id="NYCMng">167600.298666667</dst>
            <dst id="SNVAng">18294.7573333333</dst>
            <dst id="STTLng">43936.3226666667</dst>
            <dst id="WASHng">301727.6</dst>
        </src>
    </IntraTM>
</TrafficMatrixFile>
