<?xml version="1.0" encoding="ISO-8859-1" standalone="yes"?>
<TrafficMatrixFile xsi:noNamespaceSchemaLocation="http://totem.run.montefiore.ulg.ac.be/Schema/TrafficMatrix-v1_2.xsd" xmlns:xsi="http://www.w3.org/2001/XMLSchema-instance">
    <IntraTM ASID="11537">
        <src id="ATLA-M5">
            <dst id="ATLA-M5">26.6666666666667</dst>
            <dst id="ATLAng">301.733333333333</dst>
            <dst id="CHINng">1491.256</dst>
            <dst id="DNVRng">789.541333333333</dst>
            <dst id="HSTNng">198.546666666667</dst>
            <dst id="IPLSng">687.488</dst>
            <dst id="KSCYng">201.28</dst>
            <dst id="LOSAng">966.973333333333</dst>
            <dst id="NYCMng">1410.096</dst>
            <dst id="SNVAng">372.602666666667</dst>
            <dst id="STTLng">658.773333333333</dst>
            <dst id="WASHng">5599.22666666667</dst>
        </src>
        <src id="ATLAng">
            <dst id="ATLA-M5">144.176</dst>
            <dst id="ATLAng">25168.1466666667</dst>
            <dst id="CHINng">17512.136</dst>
            <dst id="DNVRng">6273.06933333333</dst>
            <dst id="HSTNng">1428.97066666667</dst>
            <dst id="IPLSng">17756.1786666667</dst>
            <dst id="KSCYng">4277.504</dst>
            <dst id="LOSAng">13290.6666666667</dst>
            <dst id="NYCMng">10650.064</dst>
            <dst id="SNVAng">1329.824</dst>
            <dst id="STTLng">7964.62933333333</dst>
            <dst id="WASHng">93357.272</dst>
        </src>
        <src id="CHINng">
            <dst id="ATLA-M5">323.074666666667</dst>
            <dst id="ATLAng">8040.12266666667</dst>
            <dst id="CHINng">46570.3813333333</dst>
            <dst id="DNVRng">17435.3466666667</dst>
            <dst id="HSTNng">9530.69066666667</dst>
            <dst id="IPLSng">16209.3813333333</dst>
            <dst id="KSCYng">8630.01866666667</dst>
            <dst id="LOSAng">29787.1946666667</dst>
            <dst id="NYCMng">10613.6213333333</dst>
            <dst id="SNVAng">1544.27466666667</dst>
            <dst id="STTLng">6877.44266666667</dst>
            <dst id="WASHng">16590.6373333333</dst>
        </src>
        <src id="DNVRng">
            <dst id="ATLA-M5">53.3333333333333</dst>
            <dst id="ATLAng">6461.68266666667</dst>
            <dst id="CHINng">68433.1173333333</dst>
            <dst id="DNVRng">30762.328</dst>
            <dst id="HSTNng">12255.584</dst>
            <dst id="IPLSng">30360.0933333333</dst>
            <dst id="KSCYng">20963.4906666667</dst>
            <dst id="LOSAng">8441.64533333333</dst>
            <dst id="NYCMng">17676</dst>
            <dst id="SNVAng">14392.8053333333</dst>
            <dst id="STTLng">11582.624</dst>
            <dst id="WASHng">59923.8986666667</dst>
        </src>
        <src id="HSTNng">
            <dst id="ATLA-M5">2538.23733333333</dst>
            <dst id="ATLAng">3108.232</dst>
            <dst id="CHINng">45780.7946666667</dst>
            <dst id="DNVRng">4695.07466666667</dst>
            <dst id="HSTNng">7884.34133333333</dst>
            <dst id="IPLSng">4855.88266666667</dst>
            <dst id="KSCYng">2264.168</dst>
            <dst id="LOSAng">10250.2133333333</dst>
            <dst id="NYCMng">7698.696</dst>
            <dst id="SNVAng">845.594666666667</dst>
            <dst id="STTLng">2608.76266666667</dst>
            <dst id="WASHng">7033.02933333333</dst>
        </src>
        <src id="IPLSng">
            <dst id="ATLA-M5">253.461333333333</dst>
            <dst id="ATLAng">13454.032</dst>
            <dst id="CHINng">140891.173333333</dst>
            <dst id="DNVRng">22983.368</dst>
            <dst id="HSTNng">4340.04</dst>
            <dst id="IPLSng">20266.6746666667</dst>
            <dst id="KSCYng">19323.392</dst>
            <dst id="LOSAng">63773.1493333333</dst>
            <dst id="NYCMng">29401.8266666667</dst>
            <dst id="SNVAng">4530.02133333333</dst>
            <dst id="STTLng">19954.2026666667</dst>
            <dst id="WASHng">36328.5493333333</dst>
        </src>
        <src id="KSCYng">
            <dst id="ATLA-M5">224.053333333333</dst>
            <dst id="ATLAng">4361.84</dst>
            <dst id="CHINng">37331.968</dst>
            <dst id="DNVRng">10890.1413333333</dst>
            <dst id="HSTNng">2995.79466666667</dst>
            <dst id="IPLSng">9536.34933333334</dst>
            <dst id="KSCYng">11523.64</dst>
            <dst id="LOSAng">10015.392</dst>
            <dst id="NYCMng">7001.00266666667</dst>
            <dst id="SNVAng">2184.88266666667</dst>
            <dst id="STTLng">5327.832</dst>
            <dst id="WASHng">10456.5306666667</dst>
        </src>
        <src id="LOSAng">
            <dst id="ATLA-M5">406.744</dst>
            <dst id="ATLAng">18264.5546666667</dst>
            <dst id="CHINng">190925.304</dst>
            <dst id="DNVRng">10616.0906666667</dst>
            <dst id="HSTNng">8731.92</dst>
            <dst id="IPLSng">31654.1226666667</dst>
            <dst id="KSCYng">10032.9093333333</dst>
            <dst id="LOSAng">22586.784</dst>
            <dst id="NYCMng">51685.5573333333</dst>
            <dst id="SNVAng">10351.144</dst>
            <dst id="STTLng">30308.4106666667</dst>
            <dst id="WASHng">66912.7306666667</dst>
        </src>
        <src id="NYCMng">
            <dst id="ATLA-M5">651</dst>
            <dst id="ATLAng">34040.832</dst>
            <dst id="CHINng">59836.2693333333</dst>
            <dst id="DNVRng">30866.1146666667</dst>
            <dst id="HSTNng">37066.9333333333</dst>
            <dst id="IPLSng">42503.2986666667</dst>
            <dst id="KSCYng">17882.0426666667</dst>
            <dst id="LOSAng">75024.5226666667</dst>
            <dst id="NYCMng">136374.306666667</dst>
            <dst id="SNVAng">8841.66133333333</dst>
            <dst id="STTLng">26972.7306666667</dst>
            <dst id="WASHng">70778.9733333333</dst>
        </src>
        <src id="SNVAng">
            <dst id="ATLA-M5">691.824</dst>
            <dst id="ATLAng">518.298666666667</dst>
            <dst id="CHINng">5129.81333333333</dst>
            <dst id="DNVRng">7203.36</dst>
            <dst id="HSTNng">218.122666666667</dst>
            <dst id="IPLSng">1776.74666666667</dst>
            <dst id="KSCYng">683.088</dst>
            <dst id="LOSAng">32061.8133333333</dst>
            <dst id="NYCMng">2424.56533333333</dst>
            <dst id="SNVAng">12708.36</dst>
            <dst id="STTLng">59097.7706666667</dst>
            <dst id="WASHng">1255.42133333333</dst>
        </src>
        <src id="STTLng">
            <dst id="ATLA-M5">86.5626666666667</dst>
            <dst id="ATLAng">9588.99466666667</dst>
            <dst id="CHINng">72141.3226666667</dst>
            <dst id="DNVRng">5054.89866666667</dst>
            <dst id="HSTNng">1853.68533333333</dst>
            <dst id="IPLSng">5362.68533333333</dst>
            <dst id="KSCYng">5047.42133333333</dst>
            <dst id="LOSAng">26623.1413333333</dst>
            <dst id="NYCMng">19075.424</dst>
            <dst id="SNVAng">3317.82933333333</dst>
            <dst id="STTLng">15339.2853333333</dst>
            <dst id="WASHng">7405.848</dst>
        </src>
        <src id="WASHng">
            <dst id="ATLA-M5">518.376</dst>
            <dst id="ATLAng">158085.56</dst>
            <dst id="CHINng">83628.7626666667</dst>
            <dst id="DNVRng">70569.4453333334</dst>
            <dst id="HSTNng">30134.976</dst>
            <dst id="IPLSng">66038.1946666667</dst>
            <dst id="KSCYng">15498.104</dst>
            <dst id="LOSAng">55162.984</dst>
            <dst id="NYCMng">184922.850666667</dst>
            <dst id="SNVAng">10639.5893333333</dst>
            <dst id="STTLng">36149.5226666667</dst>
            <dst id="WASHng">361603.733333333</dst>
        </src>
    </IntraTM>
</TrafficMatrixFile>
