<?xml version="1.0" encoding="ISO-8859-1" standalone="yes"?>
<TrafficMatrixFile xsi:noNamespaceSchemaLocation="http://totem.run.montefiore.ulg.ac.be/Schema/TrafficMatrix-v1_2.xsd" xmlns:xsi="http://www.w3.org/2001/XMLSchema-instance">
    <IntraTM ASID="11537">
        <src id="ATLA-M5">
            <dst id="ATLA-M5">0</dst>
            <dst id="ATLAng">186.845333333333</dst>
            <dst id="CHINng">1329.41066666667</dst>
            <dst id="DNVRng">232.773333333333</dst>
            <dst id="HSTNng">171.938666666667</dst>
            <dst id="IPLSng">371.677333333333</dst>
            <dst id="KSCYng">522.701333333333</dst>
            <dst id="LOSAng">646.448</dst>
            <dst id="NYCMng">587.125333333333</dst>
            <dst id="SNVAng">92.5546666666667</dst>
            <dst id="STTLng">195.602666666667</dst>
            <dst id="WASHng">1250.58133333333</dst>
        </src>
        <src id="ATLAng">
            <dst id="ATLA-M5">484.216</dst>
            <dst id="ATLAng">19485.1226666667</dst>
            <dst id="CHINng">14296.9786666667</dst>
            <dst id="DNVRng">3957.73866666667</dst>
            <dst id="HSTNng">1380.97866666667</dst>
            <dst id="IPLSng">19350.7626666667</dst>
            <dst id="KSCYng">3299.95733333333</dst>
            <dst id="LOSAng">14273.2933333333</dst>
            <dst id="NYCMng">12858.952</dst>
            <dst id="SNVAng">1068.008</dst>
            <dst id="STTLng">4449.80533333333</dst>
            <dst id="WASHng">130961.965333333</dst>
        </src>
        <src id="CHINng">
            <dst id="ATLA-M5">416.426666666667</dst>
            <dst id="ATLAng">7169.68266666667</dst>
            <dst id="CHINng">55635.4853333333</dst>
            <dst id="DNVRng">21566.3866666667</dst>
            <dst id="HSTNng">4599.69333333333</dst>
            <dst id="IPLSng">21872.0426666667</dst>
            <dst id="KSCYng">8568.80533333333</dst>
            <dst id="LOSAng">29112.816</dst>
            <dst id="NYCMng">4034.81066666667</dst>
            <dst id="SNVAng">2869.656</dst>
            <dst id="STTLng">5964.48</dst>
            <dst id="WASHng">7695.22133333333</dst>
        </src>
        <src id="DNVRng">
            <dst id="ATLA-M5">27.208</dst>
            <dst id="ATLAng">6935.192</dst>
            <dst id="CHINng">75153.4533333333</dst>
            <dst id="DNVRng">25010.824</dst>
            <dst id="HSTNng">13088.0026666667</dst>
            <dst id="IPLSng">28188.216</dst>
            <dst id="KSCYng">17765.4373333333</dst>
            <dst id="LOSAng">11117.4533333333</dst>
            <dst id="NYCMng">19855.9173333333</dst>
            <dst id="SNVAng">12680.3093333333</dst>
            <dst id="STTLng">10625.3946666667</dst>
            <dst id="WASHng">61637.3306666667</dst>
        </src>
        <src id="HSTNng">
            <dst id="ATLA-M5">4520.672</dst>
            <dst id="ATLAng">3224.072</dst>
            <dst id="CHINng">46751.08</dst>
            <dst id="DNVRng">5161.98666666667</dst>
            <dst id="HSTNng">4472.97333333333</dst>
            <dst id="IPLSng">6044.97866666667</dst>
            <dst id="KSCYng">2981.408</dst>
            <dst id="LOSAng">98817.9173333333</dst>
            <dst id="NYCMng">8301.952</dst>
            <dst id="SNVAng">2269.38133333333</dst>
            <dst id="STTLng">2907.70933333333</dst>
            <dst id="WASHng">6804.13333333333</dst>
        </src>
        <src id="IPLSng">
            <dst id="ATLA-M5">691.144</dst>
            <dst id="ATLAng">9119.60533333333</dst>
            <dst id="CHINng">116306.741333333</dst>
            <dst id="DNVRng">22639.0293333333</dst>
            <dst id="HSTNng">3961.16266666667</dst>
            <dst id="IPLSng">13196.256</dst>
            <dst id="KSCYng">11915.4</dst>
            <dst id="LOSAng">25922.9946666667</dst>
            <dst id="NYCMng">30051.3786666667</dst>
            <dst id="SNVAng">4551.46133333333</dst>
            <dst id="STTLng">15488.5253333333</dst>
            <dst id="WASHng">47998.9413333333</dst>
        </src>
        <src id="KSCYng">
            <dst id="ATLA-M5">130.285333333333</dst>
            <dst id="ATLAng">4110.392</dst>
            <dst id="CHINng">42778.584</dst>
            <dst id="DNVRng">11216.2933333333</dst>
            <dst id="HSTNng">3477.10933333333</dst>
            <dst id="IPLSng">8238.152</dst>
            <dst id="KSCYng">7626.47733333333</dst>
            <dst id="LOSAng">4396.63733333333</dst>
            <dst id="NYCMng">7882.58933333333</dst>
            <dst id="SNVAng">2689.216</dst>
            <dst id="STTLng">2876.02133333333</dst>
            <dst id="WASHng">10418.7413333333</dst>
        </src>
        <src id="LOSAng">
            <dst id="ATLA-M5">2616.44</dst>
            <dst id="ATLAng">19228.6266666667</dst>
            <dst id="CHINng">177470.754666667</dst>
            <dst id="DNVRng">11047.816</dst>
            <dst id="HSTNng">14840.144</dst>
            <dst id="IPLSng">38057.288</dst>
            <dst id="KSCYng">10463.7813333333</dst>
            <dst id="LOSAng">20407.5626666667</dst>
            <dst id="NYCMng">62656.8453333333</dst>
            <dst id="SNVAng">11757.8746666667</dst>
            <dst id="STTLng">28058.704</dst>
            <dst id="WASHng">68011.5413333333</dst>
        </src>
        <src id="NYCMng">
            <dst id="ATLA-M5">1724.58933333333</dst>
            <dst id="ATLAng">30922.9386666667</dst>
            <dst id="CHINng">63439.1253333333</dst>
            <dst id="DNVRng">30746.2053333333</dst>
            <dst id="HSTNng">29946.6026666667</dst>
            <dst id="IPLSng">44203.1173333333</dst>
            <dst id="KSCYng">16093.296</dst>
            <dst id="LOSAng">66703.6506666667</dst>
            <dst id="NYCMng">141625.386666667</dst>
            <dst id="SNVAng">9004.38133333333</dst>
            <dst id="STTLng">22885.8773333333</dst>
            <dst id="WASHng">72615.2586666667</dst>
        </src>
        <src id="SNVAng">
            <dst id="ATLA-M5">624.237333333333</dst>
            <dst id="ATLAng">457.168</dst>
            <dst id="CHINng">5053.93066666667</dst>
            <dst id="DNVRng">8091.50666666667</dst>
            <dst id="HSTNng">203.261333333333</dst>
            <dst id="IPLSng">1765.448</dst>
            <dst id="KSCYng">579.570666666667</dst>
            <dst id="LOSAng">33527.9253333333</dst>
            <dst id="NYCMng">1674.20533333333</dst>
            <dst id="SNVAng">14474.0106666667</dst>
            <dst id="STTLng">70524.0133333333</dst>
            <dst id="WASHng">1273.536</dst>
        </src>
        <src id="STTLng">
            <dst id="ATLA-M5">143.76</dst>
            <dst id="ATLAng">9648.52533333333</dst>
            <dst id="CHINng">76372.704</dst>
            <dst id="DNVRng">7073.75466666667</dst>
            <dst id="HSTNng">2308.04266666667</dst>
            <dst id="IPLSng">8615.416</dst>
            <dst id="KSCYng">4089.77866666667</dst>
            <dst id="LOSAng">26326.6986666667</dst>
            <dst id="NYCMng">18551.6693333333</dst>
            <dst id="SNVAng">4662.12</dst>
            <dst id="STTLng">14849.048</dst>
            <dst id="WASHng">7355.192</dst>
        </src>
        <src id="WASHng">
            <dst id="ATLA-M5">246.44</dst>
            <dst id="ATLAng">117232.677333333</dst>
            <dst id="CHINng">79472.0826666667</dst>
            <dst id="DNVRng">55420.3173333333</dst>
            <dst id="HSTNng">20027.7093333333</dst>
            <dst id="IPLSng">60574.6746666667</dst>
            <dst id="KSCYng">19934.84</dst>
            <dst id="LOSAng">59455.0826666667</dst>
            <dst id="NYCMng">195049.922666667</dst>
            <dst id="SNVAng">13652.5093333333</dst>
            <dst id="STTLng">30966.584</dst>
            <dst id="WASHng">389538.506666667</dst>
        </src>
    </IntraTM>
</TrafficMatrixFile>
