<?xml version="1.0" encoding="ISO-8859-1" standalone="yes"?>
<TrafficMatrixFile xsi:noNamespaceSchemaLocation="http://totem.run.montefiore.ulg.ac.be/Schema/TrafficMatrix-v1_2.xsd" xmlns:xsi="http://www.w3.org/2001/XMLSchema-instance">
    <IntraTM ASID="11537">
        <src id="ATLA-M5">
            <dst id="ATLA-M5">1659.78666666667</dst>
            <dst id="ATLAng">601.461333333333</dst>
            <dst id="CHINng">2650.15466666667</dst>
            <dst id="DNVRng">170.610666666667</dst>
            <dst id="HSTNng">356.722666666667</dst>
            <dst id="IPLSng">2449.74133333333</dst>
            <dst id="KSCYng">545.482666666667</dst>
            <dst id="LOSAng">294.341333333333</dst>
            <dst id="NYCMng">1290.624</dst>
            <dst id="SNVAng">154.853333333333</dst>
            <dst id="STTLng">472.037333333333</dst>
            <dst id="WASHng">2261.11466666667</dst>
        </src>
        <src id="ATLAng">
            <dst id="ATLA-M5">1264.25866666667</dst>
            <dst id="ATLAng">46959.6</dst>
            <dst id="CHINng">26270.5946666667</dst>
            <dst id="DNVRng">6242.21066666667</dst>
            <dst id="HSTNng">3281.96533333333</dst>
            <dst id="IPLSng">31014.4693333333</dst>
            <dst id="KSCYng">8363.424</dst>
            <dst id="LOSAng">23228.9733333333</dst>
            <dst id="NYCMng">22469.6906666667</dst>
            <dst id="SNVAng">965.4</dst>
            <dst id="STTLng">8480.47733333333</dst>
            <dst id="WASHng">64395.6293333333</dst>
        </src>
        <src id="CHINng">
            <dst id="ATLA-M5">1525.92</dst>
            <dst id="ATLAng">14220.2826666667</dst>
            <dst id="CHINng">29077.112</dst>
            <dst id="DNVRng">9948.2</dst>
            <dst id="HSTNng">8525.216</dst>
            <dst id="IPLSng">27170.5066666667</dst>
            <dst id="KSCYng">13229.3146666667</dst>
            <dst id="LOSAng">29740.3493333333</dst>
            <dst id="NYCMng">5804.74666666667</dst>
            <dst id="SNVAng">2330.19466666667</dst>
            <dst id="STTLng">10127.8666666667</dst>
            <dst id="WASHng">15792.2773333333</dst>
        </src>
        <src id="DNVRng">
            <dst id="ATLA-M5">596.952</dst>
            <dst id="ATLAng">4792.088</dst>
            <dst id="CHINng">27808.8453333333</dst>
            <dst id="DNVRng">19593.72</dst>
            <dst id="HSTNng">13707.328</dst>
            <dst id="IPLSng">24957.0613333333</dst>
            <dst id="KSCYng">13503.7386666667</dst>
            <dst id="LOSAng">19643.1786666667</dst>
            <dst id="NYCMng">6727.15733333333</dst>
            <dst id="SNVAng">18252.0746666667</dst>
            <dst id="STTLng">19118.9573333333</dst>
            <dst id="WASHng">23962.5546666667</dst>
        </src>
        <src id="HSTNng">
            <dst id="ATLA-M5">325.496</dst>
            <dst id="ATLAng">3449.256</dst>
            <dst id="CHINng">18016.0693333333</dst>
            <dst id="DNVRng">5367.15466666667</dst>
            <dst id="HSTNng">9590.31466666667</dst>
            <dst id="IPLSng">13730.144</dst>
            <dst id="KSCYng">3919.81066666667</dst>
            <dst id="LOSAng">74877.8133333333</dst>
            <dst id="NYCMng">11421.896</dst>
            <dst id="SNVAng">1571.95733333333</dst>
            <dst id="STTLng">2461.14666666667</dst>
            <dst id="WASHng">11115.216</dst>
        </src>
        <src id="IPLSng">
            <dst id="ATLA-M5">888.722666666667</dst>
            <dst id="ATLAng">23050.1146666667</dst>
            <dst id="CHINng">71098.944</dst>
            <dst id="DNVRng">11487.584</dst>
            <dst id="HSTNng">6849.024</dst>
            <dst id="IPLSng">28573.864</dst>
            <dst id="KSCYng">12114.096</dst>
            <dst id="LOSAng">25670.7173333333</dst>
            <dst id="NYCMng">41678.1573333333</dst>
            <dst id="SNVAng">3078.53066666667</dst>
            <dst id="STTLng">13808.7893333333</dst>
            <dst id="WASHng">50114.4186666667</dst>
        </src>
        <src id="KSCYng">
            <dst id="ATLA-M5">443.224</dst>
            <dst id="ATLAng">4062.656</dst>
            <dst id="CHINng">28840.856</dst>
            <dst id="DNVRng">9588.416</dst>
            <dst id="HSTNng">4462.11733333333</dst>
            <dst id="IPLSng">19448.888</dst>
            <dst id="KSCYng">6002.82133333333</dst>
            <dst id="LOSAng">7894.96533333333</dst>
            <dst id="NYCMng">10365.9493333333</dst>
            <dst id="SNVAng">1428.41866666667</dst>
            <dst id="STTLng">5366.72266666667</dst>
            <dst id="WASHng">17955.2746666667</dst>
        </src>
        <src id="LOSAng">
            <dst id="ATLA-M5">365.213333333333</dst>
            <dst id="ATLAng">24307.6613333333</dst>
            <dst id="CHINng">80405.064</dst>
            <dst id="DNVRng">16194.7333333333</dst>
            <dst id="HSTNng">55007.1893333333</dst>
            <dst id="IPLSng">38121.6346666667</dst>
            <dst id="KSCYng">14600.5413333333</dst>
            <dst id="LOSAng">18602.0933333333</dst>
            <dst id="NYCMng">56677.552</dst>
            <dst id="SNVAng">3693.75466666667</dst>
            <dst id="STTLng">31460.5546666667</dst>
            <dst id="WASHng">87424.7706666666</dst>
        </src>
        <src id="NYCMng">
            <dst id="ATLA-M5">2859.232</dst>
            <dst id="ATLAng">41728.464</dst>
            <dst id="CHINng">69870.7386666666</dst>
            <dst id="DNVRng">22505.7546666667</dst>
            <dst id="HSTNng">29423.1253333333</dst>
            <dst id="IPLSng">79988.0586666667</dst>
            <dst id="KSCYng">28026.5013333333</dst>
            <dst id="LOSAng">67720.6266666667</dst>
            <dst id="NYCMng">120473.618666667</dst>
            <dst id="SNVAng">9962.05066666666</dst>
            <dst id="STTLng">26956.456</dst>
            <dst id="WASHng">102628.813333333</dst>
        </src>
        <src id="SNVAng">
            <dst id="ATLA-M5">119.594666666667</dst>
            <dst id="ATLAng">2522.4</dst>
            <dst id="CHINng">3605.664</dst>
            <dst id="DNVRng">9659.91733333333</dst>
            <dst id="HSTNng">1208.92533333333</dst>
            <dst id="IPLSng">1543.936</dst>
            <dst id="KSCYng">1609.29866666667</dst>
            <dst id="LOSAng">7165.15466666667</dst>
            <dst id="NYCMng">3002.152</dst>
            <dst id="SNVAng">537.4</dst>
            <dst id="STTLng">2182.02133333333</dst>
            <dst id="WASHng">2381.48266666667</dst>
        </src>
        <src id="STTLng">
            <dst id="ATLA-M5">315.725333333333</dst>
            <dst id="ATLAng">22566.968</dst>
            <dst id="CHINng">42240.4693333333</dst>
            <dst id="DNVRng">4940.25333333333</dst>
            <dst id="HSTNng">4584.33333333333</dst>
            <dst id="IPLSng">13949.424</dst>
            <dst id="KSCYng">5556.768</dst>
            <dst id="LOSAng">21411.8293333333</dst>
            <dst id="NYCMng">24070.12</dst>
            <dst id="SNVAng">3444.584</dst>
            <dst id="STTLng">4683.30133333333</dst>
            <dst id="WASHng">13984.192</dst>
        </src>
        <src id="WASHng">
            <dst id="ATLA-M5">1715.90933333333</dst>
            <dst id="ATLAng">135776.138666667</dst>
            <dst id="CHINng">90279.5706666667</dst>
            <dst id="DNVRng">35245.6186666667</dst>
            <dst id="HSTNng">22476.7706666667</dst>
            <dst id="IPLSng">53702.0426666667</dst>
            <dst id="KSCYng">24727.1466666667</dst>
            <dst id="LOSAng">71381.7013333333</dst>
            <dst id="NYCMng">162705.266666667</dst>
            <dst id="SNVAng">5407.42133333333</dst>
            <dst id="STTLng">36885.0613333333</dst>
            <dst id="WASHng">182748.704</dst>
        </src>
    </IntraTM>
</TrafficMatrixFile>
