<?xml version="1.0" encoding="ISO-8859-1" standalone="yes"?>
<TrafficMatrixFile xsi:noNamespaceSchemaLocation="http://totem.run.montefiore.ulg.ac.be/Schema/TrafficMatrix-v1_2.xsd" xmlns:xsi="http://www.w3.org/2001/XMLSchema-instance">
    <IntraTM ASID="11537">
        <src id="ATLA-M5">
            <dst id="ATLA-M5">837.8</dst>
            <dst id="ATLAng">1387.84</dst>
            <dst id="CHINng">2681.84266666667</dst>
            <dst id="DNVRng">98.5573333333334</dst>
            <dst id="HSTNng">209.2</dst>
            <dst id="IPLSng">2581.70133333333</dst>
            <dst id="KSCYng">706.501333333333</dst>
            <dst id="LOSAng">659.826666666667</dst>
            <dst id="NYCMng">1158.90666666667</dst>
            <dst id="SNVAng">127.117333333333</dst>
            <dst id="STTLng">227.832</dst>
            <dst id="WASHng">2600.648</dst>
        </src>
        <src id="ATLAng">
            <dst id="ATLA-M5">1962.02666666667</dst>
            <dst id="ATLAng">31210.8266666667</dst>
            <dst id="CHINng">44820.0373333333</dst>
            <dst id="DNVRng">5941.57866666667</dst>
            <dst id="HSTNng">7901.976</dst>
            <dst id="IPLSng">30878.1013333333</dst>
            <dst id="KSCYng">20445.6</dst>
            <dst id="LOSAng">18405.0013333333</dst>
            <dst id="NYCMng">14085.096</dst>
            <dst id="SNVAng">2991.148</dst>
            <dst id="STTLng">7477.992</dst>
            <dst id="WASHng">92059.0186666667</dst>
        </src>
        <src id="CHINng">
            <dst id="ATLA-M5">515.170666666667</dst>
            <dst id="ATLAng">15477.5573333333</dst>
            <dst id="CHINng">66093.6933333333</dst>
            <dst id="DNVRng">13797.5226666667</dst>
            <dst id="HSTNng">7387.45066666667</dst>
            <dst id="IPLSng">48413.56</dst>
            <dst id="KSCYng">12947.856</dst>
            <dst id="LOSAng">20059.312</dst>
            <dst id="NYCMng">6898.61066666667</dst>
            <dst id="SNVAng">4522.73066666667</dst>
            <dst id="STTLng">10464.376</dst>
            <dst id="WASHng">15023.056</dst>
        </src>
        <src id="DNVRng">
            <dst id="ATLA-M5">280.746666666667</dst>
            <dst id="ATLAng">15401.648</dst>
            <dst id="CHINng">97816.2426666667</dst>
            <dst id="DNVRng">23521.3093333333</dst>
            <dst id="HSTNng">14996.848</dst>
            <dst id="IPLSng">36365.712</dst>
            <dst id="KSCYng">23968.5306666667</dst>
            <dst id="LOSAng">13207.5013333333</dst>
            <dst id="NYCMng">23157.9893333333</dst>
            <dst id="SNVAng">13517.128</dst>
            <dst id="STTLng">18993.504</dst>
            <dst id="WASHng">61171.7173333333</dst>
        </src>
        <src id="HSTNng">
            <dst id="ATLA-M5">2216.29066666667</dst>
            <dst id="ATLAng">5436.54933333333</dst>
            <dst id="CHINng">27125.4426666667</dst>
            <dst id="DNVRng">3560.40266666667</dst>
            <dst id="HSTNng">20786.368</dst>
            <dst id="IPLSng">11568.32</dst>
            <dst id="KSCYng">3570.58133333333</dst>
            <dst id="LOSAng">5493.39466666667</dst>
            <dst id="NYCMng">19324.5173333333</dst>
            <dst id="SNVAng">1172.62933333333</dst>
            <dst id="STTLng">2731.42133333333</dst>
            <dst id="WASHng">13514.1413333333</dst>
        </src>
        <src id="IPLSng">
            <dst id="ATLA-M5">2882.87466666667</dst>
            <dst id="ATLAng">34901.4613333333</dst>
            <dst id="CHINng">139701.634666667</dst>
            <dst id="DNVRng">17285.416</dst>
            <dst id="HSTNng">10346.1413333333</dst>
            <dst id="IPLSng">26600.2613333333</dst>
            <dst id="KSCYng">23272.28</dst>
            <dst id="LOSAng">83606.248</dst>
            <dst id="NYCMng">39590.024</dst>
            <dst id="SNVAng">10155.6053333333</dst>
            <dst id="STTLng">16089.0106666667</dst>
            <dst id="WASHng">74035.344</dst>
        </src>
        <src id="KSCYng">
            <dst id="ATLA-M5">3093.51733333333</dst>
            <dst id="ATLAng">10903.5866666667</dst>
            <dst id="CHINng">40156.5706666667</dst>
            <dst id="DNVRng">9237.12</dst>
            <dst id="HSTNng">3745.43466666667</dst>
            <dst id="IPLSng">16549.904</dst>
            <dst id="KSCYng">12251.1813333333</dst>
            <dst id="LOSAng">5122.96533333333</dst>
            <dst id="NYCMng">7210.416</dst>
            <dst id="SNVAng">3279.944</dst>
            <dst id="STTLng">4269.87466666667</dst>
            <dst id="WASHng">14416.5093333333</dst>
        </src>
        <src id="LOSAng">
            <dst id="ATLA-M5">578.413333333333</dst>
            <dst id="ATLAng">17677.448</dst>
            <dst id="CHINng">146838.376</dst>
            <dst id="DNVRng">10600.9573333333</dst>
            <dst id="HSTNng">11035.9573333333</dst>
            <dst id="IPLSng">40374.4</dst>
            <dst id="KSCYng">8132.38133333333</dst>
            <dst id="LOSAng">11335.512</dst>
            <dst id="NYCMng">50971.8133333333</dst>
            <dst id="SNVAng">9125.584</dst>
            <dst id="STTLng">28650.9973333333</dst>
            <dst id="WASHng">66895.6373333333</dst>
        </src>
        <src id="NYCMng">
            <dst id="ATLA-M5">2775.98133333333</dst>
            <dst id="ATLAng">63375.1733333333</dst>
            <dst id="CHINng">67899.2453333333</dst>
            <dst id="DNVRng">33681.2453333333</dst>
            <dst id="HSTNng">20042.1253333333</dst>
            <dst id="IPLSng">86763.2933333333</dst>
            <dst id="KSCYng">36944.872</dst>
            <dst id="LOSAng">61302.92</dst>
            <dst id="NYCMng">161726.658666667</dst>
            <dst id="SNVAng">10488.096</dst>
            <dst id="STTLng">25483.12</dst>
            <dst id="WASHng">197736.013333333</dst>
        </src>
        <src id="SNVAng">
            <dst id="ATLA-M5">293.314666666667</dst>
            <dst id="ATLAng">1360.89866666667</dst>
            <dst id="CHINng">7050.776</dst>
            <dst id="DNVRng">24288.712</dst>
            <dst id="HSTNng">480.117333333333</dst>
            <dst id="IPLSng">2212.00533333333</dst>
            <dst id="KSCYng">1759.77333333333</dst>
            <dst id="LOSAng">29710.0293333333</dst>
            <dst id="NYCMng">2660.848</dst>
            <dst id="SNVAng">14472.84</dst>
            <dst id="STTLng">56713.096</dst>
            <dst id="WASHng">4007.55733333333</dst>
        </src>
        <src id="STTLng">
            <dst id="ATLA-M5">227.861333333333</dst>
            <dst id="ATLAng">14092.5066666667</dst>
            <dst id="CHINng">88094.5386666667</dst>
            <dst id="DNVRng">8526.048</dst>
            <dst id="HSTNng">12236.4853333333</dst>
            <dst id="IPLSng">24417.008</dst>
            <dst id="KSCYng">8029.95733333333</dst>
            <dst id="LOSAng">25733.184</dst>
            <dst id="NYCMng">24098.96</dst>
            <dst id="SNVAng">10894.2666666667</dst>
            <dst id="STTLng">12583.1706666667</dst>
            <dst id="WASHng">20697.9706666667</dst>
        </src>
        <src id="WASHng">
            <dst id="ATLA-M5">8863.61333333333</dst>
            <dst id="ATLAng">122052.312</dst>
            <dst id="CHINng">89722.248</dst>
            <dst id="DNVRng">61599.832</dst>
            <dst id="HSTNng">39200.7493333333</dst>
            <dst id="IPLSng">92622.088</dst>
            <dst id="KSCYng">36848.1333333333</dst>
            <dst id="LOSAng">69206.712</dst>
            <dst id="NYCMng">217012.912</dst>
            <dst id="SNVAng">11992.5626666667</dst>
            <dst id="STTLng">58705.7626666667</dst>
            <dst id="WASHng">402247.226666667</dst>
        </src>
    </IntraTM>
</TrafficMatrixFile>
