<?xml version="1.0" encoding="ISO-8859-1" standalone="yes"?>
<TrafficMatrixFile xsi:noNamespaceSchemaLocation="http://totem.run.montefiore.ulg.ac.be/Schema/TrafficMatrix-v1_2.xsd" xmlns:xsi="http://www.w3.org/2001/XMLSchema-instance">
    <IntraTM ASID="11537">
        <src id="ATLA-M5">
            <dst id="ATLA-M5">165.562666666667</dst>
            <dst id="ATLAng">616.365333333333</dst>
            <dst id="CHINng">1126.656</dst>
            <dst id="DNVRng">1142.62666666667</dst>
            <dst id="HSTNng">447.026666666667</dst>
            <dst id="IPLSng">1393.09066666667</dst>
            <dst id="KSCYng">1341.576</dst>
            <dst id="LOSAng">314.349333333333</dst>
            <dst id="NYCMng">872.909333333333</dst>
            <dst id="SNVAng">435.325333333333</dst>
            <dst id="STTLng">747.234666666667</dst>
            <dst id="WASHng">1882.30133333333</dst>
        </src>
        <src id="ATLAng">
            <dst id="ATLA-M5">2925.20266666667</dst>
            <dst id="ATLAng">31489.056</dst>
            <dst id="CHINng">61335.4186666667</dst>
            <dst id="DNVRng">18284.3493333333</dst>
            <dst id="HSTNng">6649.536</dst>
            <dst id="IPLSng">34276.9253333333</dst>
            <dst id="KSCYng">23831.2586666667</dst>
            <dst id="LOSAng">18791.7413333333</dst>
            <dst id="NYCMng">25052.4373333333</dst>
            <dst id="SNVAng">3681.16533333333</dst>
            <dst id="STTLng">13646.672</dst>
            <dst id="WASHng">90631.7066666667</dst>
        </src>
        <src id="CHINng">
            <dst id="ATLA-M5">3891.48266666667</dst>
            <dst id="ATLAng">21429.768</dst>
            <dst id="CHINng">68132.2426666667</dst>
            <dst id="DNVRng">10835.8026666667</dst>
            <dst id="HSTNng">17687.6506666667</dst>
            <dst id="IPLSng">37624.6213333333</dst>
            <dst id="KSCYng">11629.3653333333</dst>
            <dst id="LOSAng">31110.9466666667</dst>
            <dst id="NYCMng">14942.1333333333</dst>
            <dst id="SNVAng">4075.46133333333</dst>
            <dst id="STTLng">20168.1706666667</dst>
            <dst id="WASHng">26635.5226666667</dst>
        </src>
        <src id="DNVRng">
            <dst id="ATLA-M5">807.538666666667</dst>
            <dst id="ATLAng">13721.3893333333</dst>
            <dst id="CHINng">68254.2186666667</dst>
            <dst id="DNVRng">15846.7573333333</dst>
            <dst id="HSTNng">16072.44</dst>
            <dst id="IPLSng">37061.5333333333</dst>
            <dst id="KSCYng">26905.2373333333</dst>
            <dst id="LOSAng">11731.0773333333</dst>
            <dst id="NYCMng">34636.3306666667</dst>
            <dst id="SNVAng">17242.288</dst>
            <dst id="STTLng">14357.7226666667</dst>
            <dst id="WASHng">58174.4693333333</dst>
        </src>
        <src id="HSTNng">
            <dst id="ATLA-M5">671.914666666667</dst>
            <dst id="ATLAng">6923.96</dst>
            <dst id="CHINng">25220.8826666667</dst>
            <dst id="DNVRng">9027.424</dst>
            <dst id="HSTNng">12255.44</dst>
            <dst id="IPLSng">12839.768</dst>
            <dst id="KSCYng">6159.54133333333</dst>
            <dst id="LOSAng">102903.373333333</dst>
            <dst id="NYCMng">11806.9413333333</dst>
            <dst id="SNVAng">4252.392</dst>
            <dst id="STTLng">2357.05333333333</dst>
            <dst id="WASHng">12179.2666666667</dst>
        </src>
        <src id="IPLSng">
            <dst id="ATLA-M5">2778.76</dst>
            <dst id="ATLAng">46187.888</dst>
            <dst id="CHINng">162747.826666667</dst>
            <dst id="DNVRng">39381.9066666667</dst>
            <dst id="HSTNng">11870.1866666667</dst>
            <dst id="IPLSng">56626.0666666667</dst>
            <dst id="KSCYng">19938.9653333333</dst>
            <dst id="LOSAng">73733.0773333333</dst>
            <dst id="NYCMng">56550.8853333333</dst>
            <dst id="SNVAng">6477.576</dst>
            <dst id="STTLng">15765.5466666667</dst>
            <dst id="WASHng">47580.6373333333</dst>
        </src>
        <src id="KSCYng">
            <dst id="ATLA-M5">1216.12533333333</dst>
            <dst id="ATLAng">21242.3973333333</dst>
            <dst id="CHINng">39993.8666666667</dst>
            <dst id="DNVRng">16793.3626666667</dst>
            <dst id="HSTNng">5199.51733333333</dst>
            <dst id="IPLSng">17694.8773333333</dst>
            <dst id="KSCYng">9774.16533333333</dst>
            <dst id="LOSAng">8990.36</dst>
            <dst id="NYCMng">11627.608</dst>
            <dst id="SNVAng">4238.01866666667</dst>
            <dst id="STTLng">5339.54133333333</dst>
            <dst id="WASHng">18434.5333333333</dst>
        </src>
        <src id="LOSAng">
            <dst id="ATLA-M5">2309.704</dst>
            <dst id="ATLAng">34115.904</dst>
            <dst id="CHINng">143066.912</dst>
            <dst id="DNVRng">17487.3066666667</dst>
            <dst id="HSTNng">19362.2</dst>
            <dst id="IPLSng">54470.1306666667</dst>
            <dst id="KSCYng">12977.9493333333</dst>
            <dst id="LOSAng">8160.112</dst>
            <dst id="NYCMng">75729.376</dst>
            <dst id="SNVAng">20054.5626666667</dst>
            <dst id="STTLng">32365.4426666667</dst>
            <dst id="WASHng">71422.1093333333</dst>
        </src>
        <src id="NYCMng">
            <dst id="ATLA-M5">7352.05866666667</dst>
            <dst id="ATLAng">71884.6533333333</dst>
            <dst id="CHINng">95123.5866666667</dst>
            <dst id="DNVRng">58304.344</dst>
            <dst id="HSTNng">48747.288</dst>
            <dst id="IPLSng">92304.3466666666</dst>
            <dst id="KSCYng">38095.7893333333</dst>
            <dst id="LOSAng">68819.4613333333</dst>
            <dst id="NYCMng">165345.221333333</dst>
            <dst id="SNVAng">14046.192</dst>
            <dst id="STTLng">36306.256</dst>
            <dst id="WASHng">102274.872</dst>
        </src>
        <src id="SNVAng">
            <dst id="ATLA-M5">67.8933333333333</dst>
            <dst id="ATLAng">1318.024</dst>
            <dst id="CHINng">6762.776</dst>
            <dst id="DNVRng">6095.92</dst>
            <dst id="HSTNng">994.6</dst>
            <dst id="IPLSng">3423.26666666667</dst>
            <dst id="KSCYng">884.605333333333</dst>
            <dst id="LOSAng">47723.568</dst>
            <dst id="NYCMng">4316.39466666667</dst>
            <dst id="SNVAng">25822.552</dst>
            <dst id="STTLng">63582.7253333333</dst>
            <dst id="WASHng">2452.112</dst>
        </src>
        <src id="STTLng">
            <dst id="ATLA-M5">490.213333333333</dst>
            <dst id="ATLAng">18369.9946666667</dst>
            <dst id="CHINng">83490.1413333333</dst>
            <dst id="DNVRng">9716.024</dst>
            <dst id="HSTNng">7935.62666666667</dst>
            <dst id="IPLSng">38289.2293333333</dst>
            <dst id="KSCYng">7703.61333333333</dst>
            <dst id="LOSAng">32879.616</dst>
            <dst id="NYCMng">30477.5146666667</dst>
            <dst id="SNVAng">10645.416</dst>
            <dst id="STTLng">3943.816</dst>
            <dst id="WASHng">23678.56</dst>
        </src>
        <src id="WASHng">
            <dst id="ATLA-M5">5820.616</dst>
            <dst id="ATLAng">134606.810666667</dst>
            <dst id="CHINng">135864.021333333</dst>
            <dst id="DNVRng">92530.912</dst>
            <dst id="HSTNng">34434.024</dst>
            <dst id="IPLSng">107655.224</dst>
            <dst id="KSCYng">47399.4426666667</dst>
            <dst id="LOSAng">74976.2373333333</dst>
            <dst id="NYCMng">210722.52</dst>
            <dst id="SNVAng">21211.2933333333</dst>
            <dst id="STTLng">37924.5173333333</dst>
            <dst id="WASHng">348792.533333333</dst>
        </src>
    </IntraTM>
</TrafficMatrixFile>
