<?xml version="1.0" encoding="ISO-8859-1" standalone="yes"?>
<TrafficMatrixFile xsi:noNamespaceSchemaLocation="http://totem.run.montefiore.ulg.ac.be/Schema/TrafficMatrix-v1_2.xsd" xmlns:xsi="http://www.w3.org/2001/XMLSchema-instance">
    <IntraTM ASID="11537">
        <src id="ATLA-M5">
            <dst id="ATLA-M5">0</dst>
            <dst id="ATLAng">1273.888</dst>
            <dst id="CHINng">1045.25866666667</dst>
            <dst id="DNVRng">667.853333333333</dst>
            <dst id="HSTNng">139.213333333333</dst>
            <dst id="IPLSng">441.589333333333</dst>
            <dst id="KSCYng">335.128</dst>
            <dst id="LOSAng">1176.792</dst>
            <dst id="NYCMng">638.912</dst>
            <dst id="SNVAng">221.826666666667</dst>
            <dst id="STTLng">482.797333333333</dst>
            <dst id="WASHng">1761.63466666667</dst>
        </src>
        <src id="ATLAng">
            <dst id="ATLA-M5">1945.168</dst>
            <dst id="ATLAng">21702.4746666667</dst>
            <dst id="CHINng">31872.6746666667</dst>
            <dst id="DNVRng">9504.91466666667</dst>
            <dst id="HSTNng">3745.93866666667</dst>
            <dst id="IPLSng">25986.8586666667</dst>
            <dst id="KSCYng">12925.456</dst>
            <dst id="LOSAng">16485.8146666667</dst>
            <dst id="NYCMng">16688.7173333333</dst>
            <dst id="SNVAng">1431.788</dst>
            <dst id="STTLng">5689.38933333334</dst>
            <dst id="WASHng">84027.2026666667</dst>
        </src>
        <src id="CHINng">
            <dst id="ATLA-M5">1969.91733333333</dst>
            <dst id="ATLAng">10558.1653333333</dst>
            <dst id="CHINng">56778.6293333333</dst>
            <dst id="DNVRng">19385.088</dst>
            <dst id="HSTNng">18745.1226666667</dst>
            <dst id="IPLSng">32420.344</dst>
            <dst id="KSCYng">12500.2026666667</dst>
            <dst id="LOSAng">29598.0613333333</dst>
            <dst id="NYCMng">7414.096</dst>
            <dst id="SNVAng">1332.79466666667</dst>
            <dst id="STTLng">6135.37866666667</dst>
            <dst id="WASHng">17139.232</dst>
        </src>
        <src id="DNVRng">
            <dst id="ATLA-M5">236.605333333333</dst>
            <dst id="ATLAng">5627.25066666667</dst>
            <dst id="CHINng">64100.8746666667</dst>
            <dst id="DNVRng">24220.0746666667</dst>
            <dst id="HSTNng">14716.7066666667</dst>
            <dst id="IPLSng">31548.0426666667</dst>
            <dst id="KSCYng">20499.1066666667</dst>
            <dst id="LOSAng">8994.88533333333</dst>
            <dst id="NYCMng">27422.0293333333</dst>
            <dst id="SNVAng">12573.0293333333</dst>
            <dst id="STTLng">27651.512</dst>
            <dst id="WASHng">58640.312</dst>
        </src>
        <src id="HSTNng">
            <dst id="ATLA-M5">1441.62666666667</dst>
            <dst id="ATLAng">3937.92533333333</dst>
            <dst id="CHINng">45888.952</dst>
            <dst id="DNVRng">5303.856</dst>
            <dst id="HSTNng">6966.88266666667</dst>
            <dst id="IPLSng">7653.50666666667</dst>
            <dst id="KSCYng">2153.872</dst>
            <dst id="LOSAng">194256.773333333</dst>
            <dst id="NYCMng">17727.5626666667</dst>
            <dst id="SNVAng">2706.25066666667</dst>
            <dst id="STTLng">1535.28533333333</dst>
            <dst id="WASHng">9785.84</dst>
        </src>
        <src id="IPLSng">
            <dst id="ATLA-M5">569.656</dst>
            <dst id="ATLAng">25889.192</dst>
            <dst id="CHINng">110898.541333333</dst>
            <dst id="DNVRng">34298.3706666667</dst>
            <dst id="HSTNng">5687.99466666667</dst>
            <dst id="IPLSng">27836.3546666667</dst>
            <dst id="KSCYng">31007.896</dst>
            <dst id="LOSAng">32938.5866666667</dst>
            <dst id="NYCMng">32176.7973333333</dst>
            <dst id="SNVAng">5125.37066666667</dst>
            <dst id="STTLng">10808.7253333333</dst>
            <dst id="WASHng">33439.56</dst>
        </src>
        <src id="KSCYng">
            <dst id="ATLA-M5">360.650666666667</dst>
            <dst id="ATLAng">9104.06133333333</dst>
            <dst id="CHINng">39323.1626666667</dst>
            <dst id="DNVRng">9592.584</dst>
            <dst id="HSTNng">5434.216</dst>
            <dst id="IPLSng">12292.9466666667</dst>
            <dst id="KSCYng">7212.68533333333</dst>
            <dst id="LOSAng">6884.26666666666</dst>
            <dst id="NYCMng">8072.24</dst>
            <dst id="SNVAng">1542.472</dst>
            <dst id="STTLng">3703.62133333333</dst>
            <dst id="WASHng">15850.48</dst>
        </src>
        <src id="LOSAng">
            <dst id="ATLA-M5">884.818666666667</dst>
            <dst id="ATLAng">16213.384</dst>
            <dst id="CHINng">146751.688</dst>
            <dst id="DNVRng">12238.3093333333</dst>
            <dst id="HSTNng">17470.904</dst>
            <dst id="IPLSng">43721.728</dst>
            <dst id="KSCYng">11626.912</dst>
            <dst id="LOSAng">19183.5706666667</dst>
            <dst id="NYCMng">60054.1466666667</dst>
            <dst id="SNVAng">14398.5706666667</dst>
            <dst id="STTLng">25592.5306666667</dst>
            <dst id="WASHng">66350.0853333333</dst>
        </src>
        <src id="NYCMng">
            <dst id="ATLA-M5">4446.776</dst>
            <dst id="ATLAng">36392.096</dst>
            <dst id="CHINng">79725.4373333333</dst>
            <dst id="DNVRng">38550.3413333333</dst>
            <dst id="HSTNng">39344.4426666667</dst>
            <dst id="IPLSng">64453.8986666667</dst>
            <dst id="KSCYng">21192.3226666667</dst>
            <dst id="LOSAng">88838.9466666667</dst>
            <dst id="NYCMng">141452.829333333</dst>
            <dst id="SNVAng">10805.0853333333</dst>
            <dst id="STTLng">24947.92</dst>
            <dst id="WASHng">92169.456</dst>
        </src>
        <src id="SNVAng">
            <dst id="ATLA-M5">163.666666666667</dst>
            <dst id="ATLAng">1428.94133333333</dst>
            <dst id="CHINng">6638.56266666667</dst>
            <dst id="DNVRng">5720.128</dst>
            <dst id="HSTNng">451.992</dst>
            <dst id="IPLSng">1649.44</dst>
            <dst id="KSCYng">820.328</dst>
            <dst id="LOSAng">37894.6986666667</dst>
            <dst id="NYCMng">1682.42666666667</dst>
            <dst id="SNVAng">13921.0853333333</dst>
            <dst id="STTLng">62378.4613333333</dst>
            <dst id="WASHng">2375</dst>
        </src>
        <src id="STTLng">
            <dst id="ATLA-M5">105.557333333333</dst>
            <dst id="ATLAng">9712.49866666666</dst>
            <dst id="CHINng">58919.4773333333</dst>
            <dst id="DNVRng">6195.63733333333</dst>
            <dst id="HSTNng">3072.97333333333</dst>
            <dst id="IPLSng">8611.12533333333</dst>
            <dst id="KSCYng">6830.728</dst>
            <dst id="LOSAng">26677.3333333333</dst>
            <dst id="NYCMng">17477.7413333333</dst>
            <dst id="SNVAng">4750.97066666667</dst>
            <dst id="STTLng">14650.8293333333</dst>
            <dst id="WASHng">11182.632</dst>
        </src>
        <src id="WASHng">
            <dst id="ATLA-M5">346.109333333333</dst>
            <dst id="ATLAng">92091.392</dst>
            <dst id="CHINng">101351.653333333</dst>
            <dst id="DNVRng">46963.4693333333</dst>
            <dst id="HSTNng">20761.5573333333</dst>
            <dst id="IPLSng">64551.9466666667</dst>
            <dst id="KSCYng">18735.1146666667</dst>
            <dst id="LOSAng">67604.4453333333</dst>
            <dst id="NYCMng">168709.328</dst>
            <dst id="SNVAng">17202.8773333333</dst>
            <dst id="STTLng">38276.4986666667</dst>
            <dst id="WASHng">304103.44</dst>
        </src>
    </IntraTM>
</TrafficMatrixFile>
