<?xml version="1.0" encoding="ISO-8859-1" standalone="yes"?>
<TrafficMatrixFile xsi:noNamespaceSchemaLocation="http://totem.run.montefiore.ulg.ac.be/Schema/TrafficMatrix-v1_2.xsd" xmlns:xsi="http://www.w3.org/2001/XMLSchema-instance">
    <IntraTM ASID="11537">
        <src id="ATLA-M5">
            <dst id="ATLA-M5">33.2346666666667</dst>
            <dst id="ATLAng">5555.384</dst>
            <dst id="CHINng">1131.49866666667</dst>
            <dst id="DNVRng">110.232</dst>
            <dst id="HSTNng">218.085333333333</dst>
            <dst id="IPLSng">2826.13333333333</dst>
            <dst id="KSCYng">550.437333333333</dst>
            <dst id="LOSAng">147.765333333333</dst>
            <dst id="NYCMng">734.997333333333</dst>
            <dst id="SNVAng">890.808</dst>
            <dst id="STTLng">115.328</dst>
            <dst id="WASHng">1613.96266666667</dst>
        </src>
        <src id="ATLAng">
            <dst id="ATLA-M5">1505.82666666667</dst>
            <dst id="ATLAng">52395.6346666667</dst>
            <dst id="CHINng">20917.2186666667</dst>
            <dst id="DNVRng">6211.544</dst>
            <dst id="HSTNng">5691.672</dst>
            <dst id="IPLSng">26310.8266666667</dst>
            <dst id="KSCYng">5319.24533333333</dst>
            <dst id="LOSAng">17687.3013333333</dst>
            <dst id="NYCMng">17961.48</dst>
            <dst id="SNVAng">588.114666666667</dst>
            <dst id="STTLng">8330.096</dst>
            <dst id="WASHng">79134.0666666667</dst>
        </src>
        <src id="CHINng">
            <dst id="ATLA-M5">3569.27733333333</dst>
            <dst id="ATLAng">19393.736</dst>
            <dst id="CHINng">28745.6213333333</dst>
            <dst id="DNVRng">9698.41333333333</dst>
            <dst id="HSTNng">11602.9733333333</dst>
            <dst id="IPLSng">30334.4346666667</dst>
            <dst id="KSCYng">14749.7706666667</dst>
            <dst id="LOSAng">23120.704</dst>
            <dst id="NYCMng">4129.944</dst>
            <dst id="SNVAng">2000.61866666667</dst>
            <dst id="STTLng">6294.664</dst>
            <dst id="WASHng">14556.648</dst>
        </src>
        <src id="DNVRng">
            <dst id="ATLA-M5">297.216</dst>
            <dst id="ATLAng">5394.448</dst>
            <dst id="CHINng">47891.0986666667</dst>
            <dst id="DNVRng">8189.11733333333</dst>
            <dst id="HSTNng">6236.17333333333</dst>
            <dst id="IPLSng">9652.50666666667</dst>
            <dst id="KSCYng">9380.42933333333</dst>
            <dst id="LOSAng">21973.5706666667</dst>
            <dst id="NYCMng">10210.3226666667</dst>
            <dst id="SNVAng">16704.8693333333</dst>
            <dst id="STTLng">13805.7093333333</dst>
            <dst id="WASHng">26640.9866666667</dst>
        </src>
        <src id="HSTNng">
            <dst id="ATLA-M5">1509.67733333333</dst>
            <dst id="ATLAng">7199.08533333333</dst>
            <dst id="CHINng">28935.704</dst>
            <dst id="DNVRng">2062.408</dst>
            <dst id="HSTNng">6830.64266666667</dst>
            <dst id="IPLSng">9428.07733333333</dst>
            <dst id="KSCYng">4352.15466666667</dst>
            <dst id="LOSAng">36472.2773333333</dst>
            <dst id="NYCMng">15113.9573333333</dst>
            <dst id="SNVAng">900.957333333333</dst>
            <dst id="STTLng">2441.67733333333</dst>
            <dst id="WASHng">6448.76266666667</dst>
        </src>
        <src id="IPLSng">
            <dst id="ATLA-M5">8794.71733333333</dst>
            <dst id="ATLAng">27651.528</dst>
            <dst id="CHINng">75808.8266666667</dst>
            <dst id="DNVRng">8790.98133333333</dst>
            <dst id="HSTNng">5409.16</dst>
            <dst id="IPLSng">35215.8826666667</dst>
            <dst id="KSCYng">18614.3066666667</dst>
            <dst id="LOSAng">20314.1546666667</dst>
            <dst id="NYCMng">32629.1333333333</dst>
            <dst id="SNVAng">4729.952</dst>
            <dst id="STTLng">11785.3866666667</dst>
            <dst id="WASHng">45969.864</dst>
        </src>
        <src id="KSCYng">
            <dst id="ATLA-M5">556.069333333333</dst>
            <dst id="ATLAng">3796.888</dst>
            <dst id="CHINng">33282.832</dst>
            <dst id="DNVRng">10180.224</dst>
            <dst id="HSTNng">5024.69066666667</dst>
            <dst id="IPLSng">14382.7466666667</dst>
            <dst id="KSCYng">7594.33333333333</dst>
            <dst id="LOSAng">6386.09066666667</dst>
            <dst id="NYCMng">14068.2026666667</dst>
            <dst id="SNVAng">1022.768</dst>
            <dst id="STTLng">3524.68</dst>
            <dst id="WASHng">14016.184</dst>
        </src>
        <src id="LOSAng">
            <dst id="ATLA-M5">464.797333333333</dst>
            <dst id="ATLAng">43414.1413333333</dst>
            <dst id="CHINng">89858.024</dst>
            <dst id="DNVRng">13626.5546666667</dst>
            <dst id="HSTNng">47518.9093333333</dst>
            <dst id="IPLSng">42983.408</dst>
            <dst id="KSCYng">8642.97866666667</dst>
            <dst id="LOSAng">19024.6746666667</dst>
            <dst id="NYCMng">56258.088</dst>
            <dst id="SNVAng">4793.58666666667</dst>
            <dst id="STTLng">27333.9733333333</dst>
            <dst id="WASHng">51577.616</dst>
        </src>
        <src id="NYCMng">
            <dst id="ATLA-M5">2788.888</dst>
            <dst id="ATLAng">39891.2986666667</dst>
            <dst id="CHINng">66567.736</dst>
            <dst id="DNVRng">16471.928</dst>
            <dst id="HSTNng">18052.3253333333</dst>
            <dst id="IPLSng">89125.2293333334</dst>
            <dst id="KSCYng">31367.4853333333</dst>
            <dst id="LOSAng">61964.552</dst>
            <dst id="NYCMng">145304.509333333</dst>
            <dst id="SNVAng">7495.224</dst>
            <dst id="STTLng">27089.0026666667</dst>
            <dst id="WASHng">101803.157333333</dst>
        </src>
        <src id="SNVAng">
            <dst id="ATLA-M5">56.4453333333333</dst>
            <dst id="ATLAng">938.256</dst>
            <dst id="CHINng">4103.06933333333</dst>
            <dst id="DNVRng">10338.4266666667</dst>
            <dst id="HSTNng">1046.41866666667</dst>
            <dst id="IPLSng">4654.06933333333</dst>
            <dst id="KSCYng">847.877333333333</dst>
            <dst id="LOSAng">8940.55733333333</dst>
            <dst id="NYCMng">4933.896</dst>
            <dst id="SNVAng">287.056</dst>
            <dst id="STTLng">2605.93333333333</dst>
            <dst id="WASHng">3233.48</dst>
        </src>
        <src id="STTLng">
            <dst id="ATLA-M5">67.4453333333333</dst>
            <dst id="ATLAng">15338.2266666667</dst>
            <dst id="CHINng">23684.3813333333</dst>
            <dst id="DNVRng">3482.49866666667</dst>
            <dst id="HSTNng">4305.45066666667</dst>
            <dst id="IPLSng">6715.81866666667</dst>
            <dst id="KSCYng">4278.76266666667</dst>
            <dst id="LOSAng">17664.9066666667</dst>
            <dst id="NYCMng">21261.6453333333</dst>
            <dst id="SNVAng">3848.84533333333</dst>
            <dst id="STTLng">3420.14933333333</dst>
            <dst id="WASHng">10779.416</dst>
        </src>
        <src id="WASHng">
            <dst id="ATLA-M5">437.088</dst>
            <dst id="ATLAng">122660.352</dst>
            <dst id="CHINng">84800.52</dst>
            <dst id="DNVRng">33764.4293333333</dst>
            <dst id="HSTNng">19903.9973333333</dst>
            <dst id="IPLSng">62429.304</dst>
            <dst id="KSCYng">23219.68</dst>
            <dst id="LOSAng">91236.4026666666</dst>
            <dst id="NYCMng">162317.506666667</dst>
            <dst id="SNVAng">4786.20533333333</dst>
            <dst id="STTLng">35338.928</dst>
            <dst id="WASHng">204017.072</dst>
        </src>
    </IntraTM>
</TrafficMatrixFile>
