<?xml version="1.0" encoding="ISO-8859-1" standalone="yes"?>
<TrafficMatrixFile xsi:noNamespaceSchemaLocation="http://totem.run.montefiore.ulg.ac.be/Schema/TrafficMatrix-v1_2.xsd" xmlns:xsi="http://www.w3.org/2001/XMLSchema-instance">
    <IntraTM ASID="11537">
        <src id="ATLA-M5">
            <dst id="ATLA-M5">26.6666666666667</dst>
            <dst id="ATLAng">1009.73066666667</dst>
            <dst id="CHINng">2405.76</dst>
            <dst id="DNVRng">1166.624</dst>
            <dst id="HSTNng">2391.26933333333</dst>
            <dst id="IPLSng">728.405333333333</dst>
            <dst id="KSCYng">682.429333333333</dst>
            <dst id="LOSAng">1172.45333333333</dst>
            <dst id="NYCMng">478.994666666667</dst>
            <dst id="SNVAng">593.714666666667</dst>
            <dst id="STTLng">259.029333333333</dst>
            <dst id="WASHng">2189.88266666667</dst>
        </src>
        <src id="ATLAng">
            <dst id="ATLA-M5">643.394666666667</dst>
            <dst id="ATLAng">40154.936</dst>
            <dst id="CHINng">28890.44</dst>
            <dst id="DNVRng">4942.83466666667</dst>
            <dst id="HSTNng">4221.35466666667</dst>
            <dst id="IPLSng">27480.1066666667</dst>
            <dst id="KSCYng">10056.776</dst>
            <dst id="LOSAng">22290.2533333333</dst>
            <dst id="NYCMng">18361.0693333333</dst>
            <dst id="SNVAng">1237.328</dst>
            <dst id="STTLng">7906.2</dst>
            <dst id="WASHng">50304.0933333333</dst>
        </src>
        <src id="CHINng">
            <dst id="ATLA-M5">610.738666666667</dst>
            <dst id="ATLAng">26179.5306666667</dst>
            <dst id="CHINng">36800.8373333333</dst>
            <dst id="DNVRng">9535.13866666667</dst>
            <dst id="HSTNng">16795.3866666667</dst>
            <dst id="IPLSng">36511.552</dst>
            <dst id="KSCYng">7551.608</dst>
            <dst id="LOSAng">35512.3333333333</dst>
            <dst id="NYCMng">5307.928</dst>
            <dst id="SNVAng">3422.09866666667</dst>
            <dst id="STTLng">9628.51733333333</dst>
            <dst id="WASHng">9605.28</dst>
        </src>
        <src id="DNVRng">
            <dst id="ATLA-M5">407.44</dst>
            <dst id="ATLAng">4499.81333333333</dst>
            <dst id="CHINng">37254.144</dst>
            <dst id="DNVRng">6607.272</dst>
            <dst id="HSTNng">5802.28266666667</dst>
            <dst id="IPLSng">11602.376</dst>
            <dst id="KSCYng">13536.9386666667</dst>
            <dst id="LOSAng">14519.8693333333</dst>
            <dst id="NYCMng">13766</dst>
            <dst id="SNVAng">13817.9786666667</dst>
            <dst id="STTLng">15493.248</dst>
            <dst id="WASHng">16758.2426666667</dst>
        </src>
        <src id="HSTNng">
            <dst id="ATLA-M5">3566.82133333333</dst>
            <dst id="ATLAng">7892.79466666667</dst>
            <dst id="CHINng">25408.6133333333</dst>
            <dst id="DNVRng">4375.01866666667</dst>
            <dst id="HSTNng">10046.6853333333</dst>
            <dst id="IPLSng">12562.6213333333</dst>
            <dst id="KSCYng">3037.36</dst>
            <dst id="LOSAng">8521.64</dst>
            <dst id="NYCMng">6965.12266666667</dst>
            <dst id="SNVAng">2119.86133333333</dst>
            <dst id="STTLng">2460.22666666667</dst>
            <dst id="WASHng">7225.77866666667</dst>
        </src>
        <src id="IPLSng">
            <dst id="ATLA-M5">937.309333333333</dst>
            <dst id="ATLAng">17539.7466666667</dst>
            <dst id="CHINng">93923.736</dst>
            <dst id="DNVRng">13319.0053333333</dst>
            <dst id="HSTNng">8655.68</dst>
            <dst id="IPLSng">27865.816</dst>
            <dst id="KSCYng">12780.36</dst>
            <dst id="LOSAng">23304.3866666667</dst>
            <dst id="NYCMng">32352.3653333333</dst>
            <dst id="SNVAng">4139.056</dst>
            <dst id="STTLng">10592.752</dst>
            <dst id="WASHng">37823.72</dst>
        </src>
        <src id="KSCYng">
            <dst id="ATLA-M5">510.429333333333</dst>
            <dst id="ATLAng">5299.744</dst>
            <dst id="CHINng">37211.288</dst>
            <dst id="DNVRng">14315.7866666667</dst>
            <dst id="HSTNng">3981.52533333333</dst>
            <dst id="IPLSng">20046.8266666667</dst>
            <dst id="KSCYng">5809.94933333333</dst>
            <dst id="LOSAng">11029.7173333333</dst>
            <dst id="NYCMng">14367.024</dst>
            <dst id="SNVAng">1946.83466666667</dst>
            <dst id="STTLng">2462.896</dst>
            <dst id="WASHng">15548.7813333333</dst>
        </src>
        <src id="LOSAng">
            <dst id="ATLA-M5">434.565333333333</dst>
            <dst id="ATLAng">26894.6213333333</dst>
            <dst id="CHINng">89684.9626666667</dst>
            <dst id="DNVRng">12696.6773333333</dst>
            <dst id="HSTNng">15498.3466666667</dst>
            <dst id="IPLSng">45128.5413333333</dst>
            <dst id="KSCYng">12815.7466666667</dst>
            <dst id="LOSAng">18013.92</dst>
            <dst id="NYCMng">54955.864</dst>
            <dst id="SNVAng">2995.76533333333</dst>
            <dst id="STTLng">31267.024</dst>
            <dst id="WASHng">37180.7866666667</dst>
        </src>
        <src id="NYCMng">
            <dst id="ATLA-M5">3099.904</dst>
            <dst id="ATLAng">42037.312</dst>
            <dst id="CHINng">78797.6666666667</dst>
            <dst id="DNVRng">20733.6853333333</dst>
            <dst id="HSTNng">38027.9173333333</dst>
            <dst id="IPLSng">76679.2826666667</dst>
            <dst id="KSCYng">25274.5546666667</dst>
            <dst id="LOSAng">73338.5866666667</dst>
            <dst id="NYCMng">124874.949333333</dst>
            <dst id="SNVAng">8045.64266666667</dst>
            <dst id="STTLng">30281.7013333333</dst>
            <dst id="WASHng">93811.68</dst>
        </src>
        <src id="SNVAng">
            <dst id="ATLA-M5">419.634666666667</dst>
            <dst id="ATLAng">878.525333333333</dst>
            <dst id="CHINng">7711.12</dst>
            <dst id="DNVRng">14440.736</dst>
            <dst id="HSTNng">1485.66133333333</dst>
            <dst id="IPLSng">3725.456</dst>
            <dst id="KSCYng">1644.73066666667</dst>
            <dst id="LOSAng">2175.136</dst>
            <dst id="NYCMng">11838.5306666667</dst>
            <dst id="SNVAng">364.2</dst>
            <dst id="STTLng">2468.57066666667</dst>
            <dst id="WASHng">1986.08</dst>
        </src>
        <src id="STTLng">
            <dst id="ATLA-M5">159.957333333333</dst>
            <dst id="ATLAng">17123.1866666667</dst>
            <dst id="CHINng">42717.4506666667</dst>
            <dst id="DNVRng">6208.75733333333</dst>
            <dst id="HSTNng">3984.30666666667</dst>
            <dst id="IPLSng">14928.3493333333</dst>
            <dst id="KSCYng">8635.94666666666</dst>
            <dst id="LOSAng">21676.8933333333</dst>
            <dst id="NYCMng">24429.1973333333</dst>
            <dst id="SNVAng">4596.47466666667</dst>
            <dst id="STTLng">4562.824</dst>
            <dst id="WASHng">11510.576</dst>
        </src>
        <src id="WASHng">
            <dst id="ATLA-M5">1117.42133333333</dst>
            <dst id="ATLAng">119903.229333333</dst>
            <dst id="CHINng">101063.082666667</dst>
            <dst id="DNVRng">30071.2826666667</dst>
            <dst id="HSTNng">13880.56</dst>
            <dst id="IPLSng">50573.8773333333</dst>
            <dst id="KSCYng">23152.4826666667</dst>
            <dst id="LOSAng">68793.832</dst>
            <dst id="NYCMng">164145.533333333</dst>
            <dst id="SNVAng">10460.128</dst>
            <dst id="STTLng">31392.472</dst>
            <dst id="WASHng">168398.2</dst>
        </src>
    </IntraTM>
</TrafficMatrixFile>
