<?xml version="1.0" encoding="ISO-8859-1" standalone="yes"?>
<TrafficMatrixFile xsi:noNamespaceSchemaLocation="http://totem.run.montefiore.ulg.ac.be/Schema/TrafficMatrix-v1_2.xsd" xmlns:xsi="http://www.w3.org/2001/XMLSchema-instance">
    <IntraTM ASID="11537">
        <src id="ATLA-M5">
            <dst id="ATLA-M5">239.816</dst>
            <dst id="ATLAng">1974.19733333333</dst>
            <dst id="CHINng">1616.42133333333</dst>
            <dst id="DNVRng">356.096</dst>
            <dst id="HSTNng">1010.328</dst>
            <dst id="IPLSng">1632.93066666667</dst>
            <dst id="KSCYng">712.248</dst>
            <dst id="LOSAng">214.997333333333</dst>
            <dst id="NYCMng">2277.22933333333</dst>
            <dst id="SNVAng">93.0293333333333</dst>
            <dst id="STTLng">119.344</dst>
            <dst id="WASHng">2578.66933333333</dst>
        </src>
        <src id="ATLAng">
            <dst id="ATLA-M5">1575.98933333333</dst>
            <dst id="ATLAng">31084.4586666667</dst>
            <dst id="CHINng">33812.4746666667</dst>
            <dst id="DNVRng">7904.96266666667</dst>
            <dst id="HSTNng">10148.512</dst>
            <dst id="IPLSng">33549.0506666667</dst>
            <dst id="KSCYng">16034.1946666667</dst>
            <dst id="LOSAng">13148.6173333333</dst>
            <dst id="NYCMng">14675.9946666667</dst>
            <dst id="SNVAng">2365.412</dst>
            <dst id="STTLng">8564.60533333333</dst>
            <dst id="WASHng">95461.8026666667</dst>
        </src>
        <src id="CHINng">
            <dst id="ATLA-M5">314.506666666667</dst>
            <dst id="ATLAng">26588.448</dst>
            <dst id="CHINng">56995.5386666667</dst>
            <dst id="DNVRng">7872.912</dst>
            <dst id="HSTNng">13856.92</dst>
            <dst id="IPLSng">44649.2506666667</dst>
            <dst id="KSCYng">6032.66933333334</dst>
            <dst id="LOSAng">18808.5626666667</dst>
            <dst id="NYCMng">6770.57333333333</dst>
            <dst id="SNVAng">4108.664</dst>
            <dst id="STTLng">5177.81866666667</dst>
            <dst id="WASHng">20611.6773333333</dst>
        </src>
        <src id="DNVRng">
            <dst id="ATLA-M5">137.989333333333</dst>
            <dst id="ATLAng">10398.104</dst>
            <dst id="CHINng">74903.048</dst>
            <dst id="DNVRng">19482.9653333333</dst>
            <dst id="HSTNng">10128.1786666667</dst>
            <dst id="IPLSng">33454.264</dst>
            <dst id="KSCYng">18143.0666666667</dst>
            <dst id="LOSAng">8698.06933333333</dst>
            <dst id="NYCMng">24529.4133333333</dst>
            <dst id="SNVAng">12119.2906666667</dst>
            <dst id="STTLng">19710.6853333333</dst>
            <dst id="WASHng">61676.0506666667</dst>
        </src>
        <src id="HSTNng">
            <dst id="ATLA-M5">2650.59466666667</dst>
            <dst id="ATLAng">10053.2453333333</dst>
            <dst id="CHINng">34781.3493333333</dst>
            <dst id="DNVRng">2572.49333333333</dst>
            <dst id="HSTNng">18957.0133333333</dst>
            <dst id="IPLSng">10581.5386666667</dst>
            <dst id="KSCYng">5367.96533333333</dst>
            <dst id="LOSAng">99022.4186666667</dst>
            <dst id="NYCMng">17791.5306666667</dst>
            <dst id="SNVAng">2638.58133333333</dst>
            <dst id="STTLng">1045.22666666667</dst>
            <dst id="WASHng">17321.7733333333</dst>
        </src>
        <src id="IPLSng">
            <dst id="ATLA-M5">13689.7813333333</dst>
            <dst id="ATLAng">23181.976</dst>
            <dst id="CHINng">148520.256</dst>
            <dst id="DNVRng">20384.6213333333</dst>
            <dst id="HSTNng">6711.48266666667</dst>
            <dst id="IPLSng">41781.616</dst>
            <dst id="KSCYng">20265.4346666667</dst>
            <dst id="LOSAng">22408.968</dst>
            <dst id="NYCMng">57054.4506666667</dst>
            <dst id="SNVAng">5673.51466666667</dst>
            <dst id="STTLng">14855.48</dst>
            <dst id="WASHng">113640.133333333</dst>
        </src>
        <src id="KSCYng">
            <dst id="ATLA-M5">619.162666666667</dst>
            <dst id="ATLAng">12833.248</dst>
            <dst id="CHINng">47342</dst>
            <dst id="DNVRng">9665.776</dst>
            <dst id="HSTNng">4218.87466666667</dst>
            <dst id="IPLSng">13901.704</dst>
            <dst id="KSCYng">16191.9626666667</dst>
            <dst id="LOSAng">7837.128</dst>
            <dst id="NYCMng">8209.712</dst>
            <dst id="SNVAng">1659.01333333333</dst>
            <dst id="STTLng">3247.24266666667</dst>
            <dst id="WASHng">13373.0586666667</dst>
        </src>
        <src id="LOSAng">
            <dst id="ATLA-M5">633.010666666667</dst>
            <dst id="ATLAng">19971.4266666667</dst>
            <dst id="CHINng">161238.002666667</dst>
            <dst id="DNVRng">12290.208</dst>
            <dst id="HSTNng">16239.2453333333</dst>
            <dst id="IPLSng">42616.3466666667</dst>
            <dst id="KSCYng">18793.2266666667</dst>
            <dst id="LOSAng">13906.3786666667</dst>
            <dst id="NYCMng">54945.2053333333</dst>
            <dst id="SNVAng">12588.4373333333</dst>
            <dst id="STTLng">23131.952</dst>
            <dst id="WASHng">74044.1626666667</dst>
        </src>
        <src id="NYCMng">
            <dst id="ATLA-M5">3257.94666666667</dst>
            <dst id="ATLAng">43068.5226666667</dst>
            <dst id="CHINng">72604.0133333333</dst>
            <dst id="DNVRng">37461.2853333333</dst>
            <dst id="HSTNng">16384.3946666667</dst>
            <dst id="IPLSng">77387.096</dst>
            <dst id="KSCYng">37658.5226666667</dst>
            <dst id="LOSAng">62969.7706666667</dst>
            <dst id="NYCMng">161050.432</dst>
            <dst id="SNVAng">9052.32266666667</dst>
            <dst id="STTLng">22119.0506666667</dst>
            <dst id="WASHng">115157.845333333</dst>
        </src>
        <src id="SNVAng">
            <dst id="ATLA-M5">35.856</dst>
            <dst id="ATLAng">811.794666666667</dst>
            <dst id="CHINng">10365.0346666667</dst>
            <dst id="DNVRng">9390.10133333333</dst>
            <dst id="HSTNng">2935.22933333333</dst>
            <dst id="IPLSng">3043.29866666667</dst>
            <dst id="KSCYng">1260.98133333333</dst>
            <dst id="LOSAng">33668.336</dst>
            <dst id="NYCMng">2059.67733333333</dst>
            <dst id="SNVAng">18986.2746666667</dst>
            <dst id="STTLng">75243.6506666666</dst>
            <dst id="WASHng">2735.96</dst>
        </src>
        <src id="STTLng">
            <dst id="ATLA-M5">794.597333333333</dst>
            <dst id="ATLAng">15844.9653333333</dst>
            <dst id="CHINng">88655.424</dst>
            <dst id="DNVRng">6359.21066666667</dst>
            <dst id="HSTNng">4676.104</dst>
            <dst id="IPLSng">24597.4586666667</dst>
            <dst id="KSCYng">6462.65066666667</dst>
            <dst id="LOSAng">23878.936</dst>
            <dst id="NYCMng">22926.696</dst>
            <dst id="SNVAng">6583.22933333333</dst>
            <dst id="STTLng">13902.1813333333</dst>
            <dst id="WASHng">23932.4693333333</dst>
        </src>
        <src id="WASHng">
            <dst id="ATLA-M5">2825.072</dst>
            <dst id="ATLAng">134009.592</dst>
            <dst id="CHINng">96766.3333333333</dst>
            <dst id="DNVRng">53339.488</dst>
            <dst id="HSTNng">27210.9333333333</dst>
            <dst id="IPLSng">86982.36</dst>
            <dst id="KSCYng">44666.544</dst>
            <dst id="LOSAng">81070.4346666667</dst>
            <dst id="NYCMng">207028.072</dst>
            <dst id="SNVAng">7055.08</dst>
            <dst id="STTLng">38349.44</dst>
            <dst id="WASHng">397600.053333333</dst>
        </src>
    </IntraTM>
</TrafficMatrixFile>
