<?xml version="1.0" encoding="ISO-8859-1" standalone="yes"?>
<TrafficMatrixFile xsi:noNamespaceSchemaLocation="http://totem.run.montefiore.ulg.ac.be/Schema/TrafficMatrix-v1_2.xsd" xmlns:xsi="http://www.w3.org/2001/XMLSchema-instance">
    <IntraTM ASID="11537">
        <src id="ATLA-M5">
            <dst id="ATLA-M5">0</dst>
            <dst id="ATLAng">274.208</dst>
            <dst id="CHINng">485.514666666667</dst>
            <dst id="DNVRng">53.3333333333333</dst>
            <dst id="HSTNng">253.688</dst>
            <dst id="IPLSng">1130.86133333333</dst>
            <dst id="KSCYng">481.253333333333</dst>
            <dst id="LOSAng">130.586666666667</dst>
            <dst id="NYCMng">530.490666666667</dst>
            <dst id="SNVAng">88.3413333333333</dst>
            <dst id="STTLng">70.7093333333333</dst>
            <dst id="WASHng">2830.20266666667</dst>
        </src>
        <src id="ATLAng">
            <dst id="ATLA-M5">443.048</dst>
            <dst id="ATLAng">63137.3093333333</dst>
            <dst id="CHINng">17951.3013333333</dst>
            <dst id="DNVRng">4134.79733333333</dst>
            <dst id="HSTNng">2452.248</dst>
            <dst id="IPLSng">19034.0213333333</dst>
            <dst id="KSCYng">3192.78666666667</dst>
            <dst id="LOSAng">14533.984</dst>
            <dst id="NYCMng">14335.312</dst>
            <dst id="SNVAng">1074.41333333333</dst>
            <dst id="STTLng">6176.89866666667</dst>
            <dst id="WASHng">83746.368</dst>
        </src>
        <src id="CHINng">
            <dst id="ATLA-M5">469.317333333333</dst>
            <dst id="ATLAng">11357.9546666667</dst>
            <dst id="CHINng">54718.8693333333</dst>
            <dst id="DNVRng">7115.43733333333</dst>
            <dst id="HSTNng">8145.38666666667</dst>
            <dst id="IPLSng">24335.0213333333</dst>
            <dst id="KSCYng">11973.9386666667</dst>
            <dst id="LOSAng">173824.210666667</dst>
            <dst id="NYCMng">9933.072</dst>
            <dst id="SNVAng">1046.4</dst>
            <dst id="STTLng">5898.89866666667</dst>
            <dst id="WASHng">13901.5546666667</dst>
        </src>
        <src id="DNVRng">
            <dst id="ATLA-M5">503.109333333333</dst>
            <dst id="ATLAng">7052.45066666667</dst>
            <dst id="CHINng">54105.784</dst>
            <dst id="DNVRng">6034.79733333333</dst>
            <dst id="HSTNng">6489.696</dst>
            <dst id="IPLSng">6150.60266666667</dst>
            <dst id="KSCYng">8753.35466666667</dst>
            <dst id="LOSAng">4538.29866666667</dst>
            <dst id="NYCMng">7802.35466666666</dst>
            <dst id="SNVAng">8799.65333333333</dst>
            <dst id="STTLng">9731.752</dst>
            <dst id="WASHng">26909.7733333333</dst>
        </src>
        <src id="HSTNng">
            <dst id="ATLA-M5">4030.87466666667</dst>
            <dst id="ATLAng">3970.368</dst>
            <dst id="CHINng">25730.9306666667</dst>
            <dst id="DNVRng">4777.14133333333</dst>
            <dst id="HSTNng">6894.81333333333</dst>
            <dst id="IPLSng">7721.27733333333</dst>
            <dst id="KSCYng">4327.82666666667</dst>
            <dst id="LOSAng">10030.568</dst>
            <dst id="NYCMng">6046.416</dst>
            <dst id="SNVAng">1457.97333333333</dst>
            <dst id="STTLng">2063.42133333333</dst>
            <dst id="WASHng">12307.784</dst>
        </src>
        <src id="IPLSng">
            <dst id="ATLA-M5">178.432</dst>
            <dst id="ATLAng">14450.3813333333</dst>
            <dst id="CHINng">122931.253333333</dst>
            <dst id="DNVRng">6698.416</dst>
            <dst id="HSTNng">7201.36533333333</dst>
            <dst id="IPLSng">39269.8773333333</dst>
            <dst id="KSCYng">9501.272</dst>
            <dst id="LOSAng">19977.6853333333</dst>
            <dst id="NYCMng">31465.2773333333</dst>
            <dst id="SNVAng">1815.848</dst>
            <dst id="STTLng">6042.31466666667</dst>
            <dst id="WASHng">41112.2213333333</dst>
        </src>
        <src id="KSCYng">
            <dst id="ATLA-M5">351.389333333333</dst>
            <dst id="ATLAng">17191.416</dst>
            <dst id="CHINng">40160.6693333333</dst>
            <dst id="DNVRng">3394.78666666667</dst>
            <dst id="HSTNng">3075.43733333333</dst>
            <dst id="IPLSng">9465.448</dst>
            <dst id="KSCYng">5062.64266666667</dst>
            <dst id="LOSAng">3401.96266666667</dst>
            <dst id="NYCMng">7654.312</dst>
            <dst id="SNVAng">741.378666666667</dst>
            <dst id="STTLng">3726.93866666667</dst>
            <dst id="WASHng">18661.3733333333</dst>
        </src>
        <src id="LOSAng">
            <dst id="ATLA-M5">463.714666666667</dst>
            <dst id="ATLAng">17719.12</dst>
            <dst id="CHINng">137217.194666667</dst>
            <dst id="DNVRng">2932.71733333333</dst>
            <dst id="HSTNng">14742.6453333333</dst>
            <dst id="IPLSng">33665.1946666667</dst>
            <dst id="KSCYng">5986.08266666667</dst>
            <dst id="LOSAng">17191.616</dst>
            <dst id="NYCMng">50342.5173333333</dst>
            <dst id="SNVAng">2374.40533333333</dst>
            <dst id="STTLng">17937.688</dst>
            <dst id="WASHng">49524.6506666667</dst>
        </src>
        <src id="NYCMng">
            <dst id="ATLA-M5">774.866666666667</dst>
            <dst id="ATLAng">44843.0986666667</dst>
            <dst id="CHINng">59478.7333333333</dst>
            <dst id="DNVRng">14441.4293333333</dst>
            <dst id="HSTNng">29951.1653333333</dst>
            <dst id="IPLSng">70497.576</dst>
            <dst id="KSCYng">18413.4666666667</dst>
            <dst id="LOSAng">43533.8773333333</dst>
            <dst id="NYCMng">168458.562666667</dst>
            <dst id="SNVAng">3897.57866666667</dst>
            <dst id="STTLng">20879.8266666667</dst>
            <dst id="WASHng">66545.2053333333</dst>
        </src>
        <src id="SNVAng">
            <dst id="ATLA-M5">493.125333333333</dst>
            <dst id="ATLAng">1058.808</dst>
            <dst id="CHINng">5849.512</dst>
            <dst id="DNVRng">3196.56266666667</dst>
            <dst id="HSTNng">501.52</dst>
            <dst id="IPLSng">3533.20266666667</dst>
            <dst id="KSCYng">465.938666666667</dst>
            <dst id="LOSAng">5462.66133333333</dst>
            <dst id="NYCMng">11087.168</dst>
            <dst id="SNVAng">310.784</dst>
            <dst id="STTLng">2398.50933333333</dst>
            <dst id="WASHng">1404.648</dst>
        </src>
        <src id="STTLng">
            <dst id="ATLA-M5">0</dst>
            <dst id="ATLAng">16544.768</dst>
            <dst id="CHINng">76113.4373333333</dst>
            <dst id="DNVRng">3030.99466666667</dst>
            <dst id="HSTNng">1512.488</dst>
            <dst id="IPLSng">9172.496</dst>
            <dst id="KSCYng">2950.81866666667</dst>
            <dst id="LOSAng">13512.0906666667</dst>
            <dst id="NYCMng">19961.1946666667</dst>
            <dst id="SNVAng">3897.57333333333</dst>
            <dst id="STTLng">3893.79733333333</dst>
            <dst id="WASHng">11254.2186666667</dst>
        </src>
        <src id="WASHng">
            <dst id="ATLA-M5">673.154666666667</dst>
            <dst id="ATLAng">102880.344</dst>
            <dst id="CHINng">60292.4</dst>
            <dst id="DNVRng">29529.2373333333</dst>
            <dst id="HSTNng">9726.01333333333</dst>
            <dst id="IPLSng">56639.0853333333</dst>
            <dst id="KSCYng">16400.1786666667</dst>
            <dst id="LOSAng">57496.568</dst>
            <dst id="NYCMng">127126.752</dst>
            <dst id="SNVAng">3253.72</dst>
            <dst id="STTLng">25104.3973333333</dst>
            <dst id="WASHng">384184.8</dst>
        </src>
    </IntraTM>
</TrafficMatrixFile>
