<?xml version="1.0" encoding="ISO-8859-1" standalone="yes"?>
<TrafficMatrixFile xsi:noNamespaceSchemaLocation="http://totem.run.montefiore.ulg.ac.be/Schema/TrafficMatrix-v1_2.xsd" xmlns:xsi="http://www.w3.org/2001/XMLSchema-instance">
    <IntraTM ASID="11537">
        <src id="ATLA-M5">
            <dst id="ATLA-M5">106.666666666667</dst>
            <dst id="ATLAng">955.682666666667</dst>
            <dst id="CHINng">1227.57866666667</dst>
            <dst id="DNVRng">270.552</dst>
            <dst id="HSTNng">165.610666666667</dst>
            <dst id="IPLSng">2029.4</dst>
            <dst id="KSCYng">448.266666666667</dst>
            <dst id="LOSAng">574.682666666667</dst>
            <dst id="NYCMng">406.234666666667</dst>
            <dst id="SNVAng">26.6666666666667</dst>
            <dst id="STTLng">35.8773333333333</dst>
            <dst id="WASHng">3797.94133333333</dst>
        </src>
        <src id="ATLAng">
            <dst id="ATLA-M5">389.853333333333</dst>
            <dst id="ATLAng">32937.6693333333</dst>
            <dst id="CHINng">23330.304</dst>
            <dst id="DNVRng">5948.62933333333</dst>
            <dst id="HSTNng">4453.07466666667</dst>
            <dst id="IPLSng">24622.216</dst>
            <dst id="KSCYng">7837.232</dst>
            <dst id="LOSAng">13589.0933333333</dst>
            <dst id="NYCMng">27146.272</dst>
            <dst id="SNVAng">1573.62666666667</dst>
            <dst id="STTLng">8000.05333333333</dst>
            <dst id="WASHng">92558.368</dst>
        </src>
        <src id="CHINng">
            <dst id="ATLA-M5">374.664</dst>
            <dst id="ATLAng">15094.5946666667</dst>
            <dst id="CHINng">47218.8906666667</dst>
            <dst id="DNVRng">5680.76266666667</dst>
            <dst id="HSTNng">11291.4666666667</dst>
            <dst id="IPLSng">21472.1866666667</dst>
            <dst id="KSCYng">12424.1626666667</dst>
            <dst id="LOSAng">19914.424</dst>
            <dst id="NYCMng">6456.54933333333</dst>
            <dst id="SNVAng">2744.00533333333</dst>
            <dst id="STTLng">6353.72533333333</dst>
            <dst id="WASHng">13419.7173333333</dst>
        </src>
        <src id="DNVRng">
            <dst id="ATLA-M5">173.512</dst>
            <dst id="ATLAng">10145.712</dst>
            <dst id="CHINng">82634.0586666667</dst>
            <dst id="DNVRng">15921.512</dst>
            <dst id="HSTNng">13198.1306666667</dst>
            <dst id="IPLSng">34479.112</dst>
            <dst id="KSCYng">13195.9493333333</dst>
            <dst id="LOSAng">5299.57066666667</dst>
            <dst id="NYCMng">24312.152</dst>
            <dst id="SNVAng">10794.4053333333</dst>
            <dst id="STTLng">12558.968</dst>
            <dst id="WASHng">54317.3493333333</dst>
        </src>
        <src id="HSTNng">
            <dst id="ATLA-M5">2568.55466666667</dst>
            <dst id="ATLAng">3557.97333333333</dst>
            <dst id="CHINng">41523.0853333333</dst>
            <dst id="DNVRng">6908.37066666667</dst>
            <dst id="HSTNng">8812.048</dst>
            <dst id="IPLSng">6399.13066666667</dst>
            <dst id="KSCYng">2335.23466666667</dst>
            <dst id="LOSAng">8442.10666666666</dst>
            <dst id="NYCMng">6641.48533333333</dst>
            <dst id="SNVAng">1094.84</dst>
            <dst id="STTLng">1920.57866666667</dst>
            <dst id="WASHng">7219.888</dst>
        </src>
        <src id="IPLSng">
            <dst id="ATLA-M5">2442.528</dst>
            <dst id="ATLAng">26178.6506666667</dst>
            <dst id="CHINng">144674.04</dst>
            <dst id="DNVRng">12906.504</dst>
            <dst id="HSTNng">7393.69333333333</dst>
            <dst id="IPLSng">65907.2693333333</dst>
            <dst id="KSCYng">16956.016</dst>
            <dst id="LOSAng">79805.04</dst>
            <dst id="NYCMng">44527.9226666667</dst>
            <dst id="SNVAng">3695.58666666667</dst>
            <dst id="STTLng">9064.08533333333</dst>
            <dst id="WASHng">75701.768</dst>
        </src>
        <src id="KSCYng">
            <dst id="ATLA-M5">838.226666666667</dst>
            <dst id="ATLAng">8781.08533333333</dst>
            <dst id="CHINng">48782.9146666667</dst>
            <dst id="DNVRng">7023.60533333334</dst>
            <dst id="HSTNng">5008.728</dst>
            <dst id="IPLSng">11394.5173333333</dst>
            <dst id="KSCYng">12237.7546666667</dst>
            <dst id="LOSAng">4194.04266666667</dst>
            <dst id="NYCMng">9982.21333333333</dst>
            <dst id="SNVAng">1407.96266666667</dst>
            <dst id="STTLng">3715.77066666667</dst>
            <dst id="WASHng">14995.4373333333</dst>
        </src>
        <src id="LOSAng">
            <dst id="ATLA-M5">593.498666666667</dst>
            <dst id="ATLAng">20989.3626666667</dst>
            <dst id="CHINng">162370.018666667</dst>
            <dst id="DNVRng">9868.048</dst>
            <dst id="HSTNng">6766.89866666667</dst>
            <dst id="IPLSng">87031.3573333333</dst>
            <dst id="KSCYng">8749.112</dst>
            <dst id="LOSAng">5415.33333333333</dst>
            <dst id="NYCMng">52090.7706666667</dst>
            <dst id="SNVAng">6637.08266666667</dst>
            <dst id="STTLng">14431.032</dst>
            <dst id="WASHng">79062.6133333333</dst>
        </src>
        <src id="NYCMng">
            <dst id="ATLA-M5">1030.21066666667</dst>
            <dst id="ATLAng">55393.9013333333</dst>
            <dst id="CHINng">62110.9093333333</dst>
            <dst id="DNVRng">29110.5093333333</dst>
            <dst id="HSTNng">20052.1013333333</dst>
            <dst id="IPLSng">80872.2586666667</dst>
            <dst id="KSCYng">26770.8186666667</dst>
            <dst id="LOSAng">53408.6506666667</dst>
            <dst id="NYCMng">174029.496</dst>
            <dst id="SNVAng">8533.83466666667</dst>
            <dst id="STTLng">25785.048</dst>
            <dst id="WASHng">95824.312</dst>
        </src>
        <src id="SNVAng">
            <dst id="ATLA-M5">0</dst>
            <dst id="ATLAng">1527.728</dst>
            <dst id="CHINng">8084.71466666667</dst>
            <dst id="DNVRng">3369.04266666667</dst>
            <dst id="HSTNng">267.296</dst>
            <dst id="IPLSng">1546.22133333333</dst>
            <dst id="KSCYng">875.608</dst>
            <dst id="LOSAng">31298.16</dst>
            <dst id="NYCMng">4815.52533333333</dst>
            <dst id="SNVAng">14978.4346666667</dst>
            <dst id="STTLng">55603.5733333333</dst>
            <dst id="WASHng">1845.21333333333</dst>
        </src>
        <src id="STTLng">
            <dst id="ATLA-M5">393.213333333333</dst>
            <dst id="ATLAng">17098.0426666667</dst>
            <dst id="CHINng">84241.0746666667</dst>
            <dst id="DNVRng">3305.60533333333</dst>
            <dst id="HSTNng">3364.46133333333</dst>
            <dst id="IPLSng">23887.9813333333</dst>
            <dst id="KSCYng">6576.86666666667</dst>
            <dst id="LOSAng">17311.8666666667</dst>
            <dst id="NYCMng">25143.4053333333</dst>
            <dst id="SNVAng">4563.216</dst>
            <dst id="STTLng">10514.0293333333</dst>
            <dst id="WASHng">21647.8746666667</dst>
        </src>
        <src id="WASHng">
            <dst id="ATLA-M5">813.045333333333</dst>
            <dst id="ATLAng">132152.256</dst>
            <dst id="CHINng">96042.9493333333</dst>
            <dst id="DNVRng">32002.4533333333</dst>
            <dst id="HSTNng">19374.6773333333</dst>
            <dst id="IPLSng">95430.8586666667</dst>
            <dst id="KSCYng">33856.4906666667</dst>
            <dst id="LOSAng">84447.0186666667</dst>
            <dst id="NYCMng">189691.997333333</dst>
            <dst id="SNVAng">3826.12266666667</dst>
            <dst id="STTLng">25125.208</dst>
            <dst id="WASHng">413384.613333333</dst>
        </src>
    </IntraTM>
</TrafficMatrixFile>
