<?xml version="1.0" encoding="ISO-8859-1" standalone="yes"?>
<TrafficMatrixFile xsi:noNamespaceSchemaLocation="http://totem.run.montefiore.ulg.ac.be/Schema/TrafficMatrix-v1_2.xsd" xmlns:xsi="http://www.w3.org/2001/XMLSchema-instance">
    <IntraTM ASID="11537">
        <src id="ATLA-M5">
            <dst id="ATLA-M5">0</dst>
            <dst id="ATLAng">354.168</dst>
            <dst id="CHINng">844.405333333333</dst>
            <dst id="DNVRng">179.312</dst>
            <dst id="HSTNng">125.941333333333</dst>
            <dst id="IPLSng">228.264</dst>
            <dst id="KSCYng">335.402666666667</dst>
            <dst id="LOSAng">952.04</dst>
            <dst id="NYCMng">531.850666666667</dst>
            <dst id="SNVAng">125.928</dst>
            <dst id="STTLng">321.848</dst>
            <dst id="WASHng">968.322666666667</dst>
        </src>
        <src id="ATLAng">
            <dst id="ATLA-M5">321.624</dst>
            <dst id="ATLAng">18886.6906666667</dst>
            <dst id="CHINng">16660.3626666667</dst>
            <dst id="DNVRng">4146.10133333333</dst>
            <dst id="HSTNng">1434.31733333333</dst>
            <dst id="IPLSng">18986.0293333333</dst>
            <dst id="KSCYng">5532.35733333333</dst>
            <dst id="LOSAng">13093.12</dst>
            <dst id="NYCMng">10681.432</dst>
            <dst id="SNVAng">916.837333333333</dst>
            <dst id="STTLng">5144.92266666667</dst>
            <dst id="WASHng">149784.288</dst>
        </src>
        <src id="CHINng">
            <dst id="ATLA-M5">282.592</dst>
            <dst id="ATLAng">10786.4773333333</dst>
            <dst id="CHINng">48541.4933333333</dst>
            <dst id="DNVRng">21231.8666666667</dst>
            <dst id="HSTNng">18416.2453333333</dst>
            <dst id="IPLSng">19267.4506666667</dst>
            <dst id="KSCYng">6264.30933333333</dst>
            <dst id="LOSAng">28580.624</dst>
            <dst id="NYCMng">7651.23733333333</dst>
            <dst id="SNVAng">2509.03733333333</dst>
            <dst id="STTLng">7568.03466666667</dst>
            <dst id="WASHng">7407.152</dst>
        </src>
        <src id="DNVRng">
            <dst id="ATLA-M5">64</dst>
            <dst id="ATLAng">8391.69066666667</dst>
            <dst id="CHINng">89374.568</dst>
            <dst id="DNVRng">20492.8586666667</dst>
            <dst id="HSTNng">11645.6613333333</dst>
            <dst id="IPLSng">29784.6453333333</dst>
            <dst id="KSCYng">17321.1093333333</dst>
            <dst id="LOSAng">11588.1626666667</dst>
            <dst id="NYCMng">18229.9466666667</dst>
            <dst id="SNVAng">11547.6533333333</dst>
            <dst id="STTLng">8093.808</dst>
            <dst id="WASHng">58750.0426666667</dst>
        </src>
        <src id="HSTNng">
            <dst id="ATLA-M5">849.44</dst>
            <dst id="ATLAng">2367.4</dst>
            <dst id="CHINng">54422.1973333333</dst>
            <dst id="DNVRng">7141.07466666667</dst>
            <dst id="HSTNng">4044.36</dst>
            <dst id="IPLSng">6718.03733333333</dst>
            <dst id="KSCYng">2692.18666666667</dst>
            <dst id="LOSAng">103046.805333333</dst>
            <dst id="NYCMng">7356.97066666667</dst>
            <dst id="SNVAng">1631.35733333333</dst>
            <dst id="STTLng">2530.51466666667</dst>
            <dst id="WASHng">6013.93333333333</dst>
        </src>
        <src id="IPLSng">
            <dst id="ATLA-M5">911.992</dst>
            <dst id="ATLAng">12154.5493333333</dst>
            <dst id="CHINng">141124.208</dst>
            <dst id="DNVRng">21779.4373333333</dst>
            <dst id="HSTNng">3595.17333333333</dst>
            <dst id="IPLSng">15441.2186666667</dst>
            <dst id="KSCYng">11229.96</dst>
            <dst id="LOSAng">101927.466666667</dst>
            <dst id="NYCMng">37603.4053333333</dst>
            <dst id="SNVAng">4563.04533333333</dst>
            <dst id="STTLng">14142.7866666667</dst>
            <dst id="WASHng">33922.0666666667</dst>
        </src>
        <src id="KSCYng">
            <dst id="ATLA-M5">1684.25333333333</dst>
            <dst id="ATLAng">4400.48266666667</dst>
            <dst id="CHINng">48053.8613333333</dst>
            <dst id="DNVRng">9448.184</dst>
            <dst id="HSTNng">3796.888</dst>
            <dst id="IPLSng">9793.272</dst>
            <dst id="KSCYng">7645.19733333333</dst>
            <dst id="LOSAng">3268.49333333333</dst>
            <dst id="NYCMng">8383.46666666667</dst>
            <dst id="SNVAng">2704.54133333333</dst>
            <dst id="STTLng">7951.53333333333</dst>
            <dst id="WASHng">9939.94133333333</dst>
        </src>
        <src id="LOSAng">
            <dst id="ATLA-M5">2263.61333333333</dst>
            <dst id="ATLAng">17684.512</dst>
            <dst id="CHINng">159642.645333333</dst>
            <dst id="DNVRng">13318.7333333333</dst>
            <dst id="HSTNng">8283.90133333334</dst>
            <dst id="IPLSng">59241.6266666667</dst>
            <dst id="KSCYng">12982.688</dst>
            <dst id="LOSAng">19675.8586666667</dst>
            <dst id="NYCMng">65195.648</dst>
            <dst id="SNVAng">20028.0186666667</dst>
            <dst id="STTLng">33946.8026666667</dst>
            <dst id="WASHng">64754.8426666667</dst>
        </src>
        <src id="NYCMng">
            <dst id="ATLA-M5">640.330666666667</dst>
            <dst id="ATLAng">30364.288</dst>
            <dst id="CHINng">59444.4453333333</dst>
            <dst id="DNVRng">30560.2933333333</dst>
            <dst id="HSTNng">33125.52</dst>
            <dst id="IPLSng">48003.472</dst>
            <dst id="KSCYng">15889.688</dst>
            <dst id="LOSAng">70142.552</dst>
            <dst id="NYCMng">143799.872</dst>
            <dst id="SNVAng">8137.40533333333</dst>
            <dst id="STTLng">24111.4346666667</dst>
            <dst id="WASHng">76350.1466666667</dst>
        </src>
        <src id="SNVAng">
            <dst id="ATLA-M5">673.594666666667</dst>
            <dst id="ATLAng">306.381333333333</dst>
            <dst id="CHINng">4735.24533333333</dst>
            <dst id="DNVRng">9789.712</dst>
            <dst id="HSTNng">304.997333333333</dst>
            <dst id="IPLSng">1824.072</dst>
            <dst id="KSCYng">606.365333333333</dst>
            <dst id="LOSAng">32149.6</dst>
            <dst id="NYCMng">1639.19733333333</dst>
            <dst id="SNVAng">14147.112</dst>
            <dst id="STTLng">69746.8186666667</dst>
            <dst id="WASHng">1228.808</dst>
        </src>
        <src id="STTLng">
            <dst id="ATLA-M5">197.056</dst>
            <dst id="ATLAng">8784.71733333333</dst>
            <dst id="CHINng">76575.1573333333</dst>
            <dst id="DNVRng">5718.8</dst>
            <dst id="HSTNng">2295.832</dst>
            <dst id="IPLSng">7354.64266666667</dst>
            <dst id="KSCYng">4226.03733333333</dst>
            <dst id="LOSAng">23300.1466666667</dst>
            <dst id="NYCMng">18030.192</dst>
            <dst id="SNVAng">3775.87466666667</dst>
            <dst id="STTLng">12438.08</dst>
            <dst id="WASHng">6485.024</dst>
        </src>
        <src id="WASHng">
            <dst id="ATLA-M5">80</dst>
            <dst id="ATLAng">129917.533333333</dst>
            <dst id="CHINng">71372.3146666666</dst>
            <dst id="DNVRng">57143.808</dst>
            <dst id="HSTNng">26482.9413333333</dst>
            <dst id="IPLSng">57742.336</dst>
            <dst id="KSCYng">13049.184</dst>
            <dst id="LOSAng">58081.432</dst>
            <dst id="NYCMng">187187.861333333</dst>
            <dst id="SNVAng">14405.672</dst>
            <dst id="STTLng">31549.6026666667</dst>
            <dst id="WASHng">354686.853333333</dst>
        </src>
    </IntraTM>
</TrafficMatrixFile>
