<?xml version="1.0" encoding="ISO-8859-1" standalone="yes"?>
<TrafficMatrixFile xsi:noNamespaceSchemaLocation="http://totem.run.montefiore.ulg.ac.be/Schema/TrafficMatrix-v1_2.xsd" xmlns:xsi="http://www.w3.org/2001/XMLSchema-instance">
    <IntraTM ASID="11537">
        <src id="ATLA-M5">
            <dst id="ATLA-M5">159.408</dst>
            <dst id="ATLAng">1574.184</dst>
            <dst id="CHINng">2979.41333333333</dst>
            <dst id="DNVRng">189.938666666667</dst>
            <dst id="HSTNng">300.818666666667</dst>
            <dst id="IPLSng">1484.248</dst>
            <dst id="KSCYng">670.861333333333</dst>
            <dst id="LOSAng">334.624</dst>
            <dst id="NYCMng">2174.512</dst>
            <dst id="SNVAng">98.872</dst>
            <dst id="STTLng">115.944</dst>
            <dst id="WASHng">3602.38133333333</dst>
        </src>
        <src id="ATLAng">
            <dst id="ATLA-M5">518.797333333333</dst>
            <dst id="ATLAng">28258.192</dst>
            <dst id="CHINng">30892.3066666667</dst>
            <dst id="DNVRng">6382.17866666667</dst>
            <dst id="HSTNng">12047.288</dst>
            <dst id="IPLSng">39492.7306666667</dst>
            <dst id="KSCYng">21632.6506666667</dst>
            <dst id="LOSAng">28926.7333333333</dst>
            <dst id="NYCMng">15390.1786666667</dst>
            <dst id="SNVAng">2492.48266666667</dst>
            <dst id="STTLng">7606.20266666667</dst>
            <dst id="WASHng">94848.92</dst>
        </src>
        <src id="CHINng">
            <dst id="ATLA-M5">218.941333333333</dst>
            <dst id="ATLAng">13596.3946666667</dst>
            <dst id="CHINng">57531.192</dst>
            <dst id="DNVRng">12112.3413333333</dst>
            <dst id="HSTNng">10228.2106666667</dst>
            <dst id="IPLSng">66700.376</dst>
            <dst id="KSCYng">7025.72</dst>
            <dst id="LOSAng">18012.736</dst>
            <dst id="NYCMng">5665.32266666667</dst>
            <dst id="SNVAng">4567.12533333333</dst>
            <dst id="STTLng">5166.66666666667</dst>
            <dst id="WASHng">16017.1306666667</dst>
        </src>
        <src id="DNVRng">
            <dst id="ATLA-M5">682.877333333333</dst>
            <dst id="ATLAng">12457.44</dst>
            <dst id="CHINng">78969.152</dst>
            <dst id="DNVRng">21659.688</dst>
            <dst id="HSTNng">13252.4586666667</dst>
            <dst id="IPLSng">36888.7653333333</dst>
            <dst id="KSCYng">17710.4106666667</dst>
            <dst id="LOSAng">9706.93333333333</dst>
            <dst id="NYCMng">21543.4053333333</dst>
            <dst id="SNVAng">12903.76</dst>
            <dst id="STTLng">29598.744</dst>
            <dst id="WASHng">71498.624</dst>
        </src>
        <src id="HSTNng">
            <dst id="ATLA-M5">694.221333333333</dst>
            <dst id="ATLAng">8469.35466666667</dst>
            <dst id="CHINng">30708.2986666667</dst>
            <dst id="DNVRng">3284.02666666667</dst>
            <dst id="HSTNng">18771.64</dst>
            <dst id="IPLSng">12297.0906666667</dst>
            <dst id="KSCYng">5412.38666666667</dst>
            <dst id="LOSAng">106970.352</dst>
            <dst id="NYCMng">23535.24</dst>
            <dst id="SNVAng">1327.16</dst>
            <dst id="STTLng">1696.05866666667</dst>
            <dst id="WASHng">17304.816</dst>
        </src>
        <src id="IPLSng">
            <dst id="ATLA-M5">4172.592</dst>
            <dst id="ATLAng">19378.5013333333</dst>
            <dst id="CHINng">141513.330666667</dst>
            <dst id="DNVRng">18010.6293333333</dst>
            <dst id="HSTNng">9009.992</dst>
            <dst id="IPLSng">35294.9946666667</dst>
            <dst id="KSCYng">20089.272</dst>
            <dst id="LOSAng">97372.3653333333</dst>
            <dst id="NYCMng">58367.2133333333</dst>
            <dst id="SNVAng">5050.10133333333</dst>
            <dst id="STTLng">12673.6586666667</dst>
            <dst id="WASHng">93363.0773333334</dst>
        </src>
        <src id="KSCYng">
            <dst id="ATLA-M5">619.005333333333</dst>
            <dst id="ATLAng">7654.552</dst>
            <dst id="CHINng">50533.4826666667</dst>
            <dst id="DNVRng">11118.0293333333</dst>
            <dst id="HSTNng">4543.61866666667</dst>
            <dst id="IPLSng">12549.92</dst>
            <dst id="KSCYng">11269.816</dst>
            <dst id="LOSAng">5837.44533333333</dst>
            <dst id="NYCMng">8182.768</dst>
            <dst id="SNVAng">1764.53066666667</dst>
            <dst id="STTLng">3259.24</dst>
            <dst id="WASHng">15716.2693333333</dst>
        </src>
        <src id="LOSAng">
            <dst id="ATLA-M5">616.432</dst>
            <dst id="ATLAng">23605.248</dst>
            <dst id="CHINng">153281.581333333</dst>
            <dst id="DNVRng">9679.34933333333</dst>
            <dst id="HSTNng">12940.9786666667</dst>
            <dst id="IPLSng">68129.9786666667</dst>
            <dst id="KSCYng">14430.52</dst>
            <dst id="LOSAng">12770.6373333333</dst>
            <dst id="NYCMng">59898.5306666667</dst>
            <dst id="SNVAng">11083.7973333333</dst>
            <dst id="STTLng">24807.0613333333</dst>
            <dst id="WASHng">77520.688</dst>
        </src>
        <src id="NYCMng">
            <dst id="ATLA-M5">4002.48533333333</dst>
            <dst id="ATLAng">48738.4293333333</dst>
            <dst id="CHINng">64753.1786666667</dst>
            <dst id="DNVRng">35182.08</dst>
            <dst id="HSTNng">19681.808</dst>
            <dst id="IPLSng">76223.448</dst>
            <dst id="KSCYng">35714.9066666667</dst>
            <dst id="LOSAng">60697.872</dst>
            <dst id="NYCMng">172540.026666667</dst>
            <dst id="SNVAng">11034.3093333333</dst>
            <dst id="STTLng">22716.8213333333</dst>
            <dst id="WASHng">206718.562666667</dst>
        </src>
        <src id="SNVAng">
            <dst id="ATLA-M5">26.6666666666667</dst>
            <dst id="ATLAng">1085.21333333333</dst>
            <dst id="CHINng">10136.8666666667</dst>
            <dst id="DNVRng">17242.192</dst>
            <dst id="HSTNng">1182.08533333333</dst>
            <dst id="IPLSng">2340.51466666667</dst>
            <dst id="KSCYng">1553.35466666667</dst>
            <dst id="LOSAng">33118.8906666667</dst>
            <dst id="NYCMng">2592.65866666667</dst>
            <dst id="SNVAng">18758.8453333333</dst>
            <dst id="STTLng">61659.7013333333</dst>
            <dst id="WASHng">2575.44533333333</dst>
        </src>
        <src id="STTLng">
            <dst id="ATLA-M5">333.008</dst>
            <dst id="ATLAng">15745.4106666667</dst>
            <dst id="CHINng">91119.384</dst>
            <dst id="DNVRng">9973.352</dst>
            <dst id="HSTNng">7854.336</dst>
            <dst id="IPLSng">27109.456</dst>
            <dst id="KSCYng">6949.06133333333</dst>
            <dst id="LOSAng">26468.5173333333</dst>
            <dst id="NYCMng">24821.9786666667</dst>
            <dst id="SNVAng">9260.64266666667</dst>
            <dst id="STTLng">12477.208</dst>
            <dst id="WASHng">21433.7546666667</dst>
        </src>
        <src id="WASHng">
            <dst id="ATLA-M5">3202.63466666667</dst>
            <dst id="ATLAng">142240.144</dst>
            <dst id="CHINng">94172.9226666667</dst>
            <dst id="DNVRng">52175.512</dst>
            <dst id="HSTNng">32651.7066666667</dst>
            <dst id="IPLSng">89101.4133333333</dst>
            <dst id="KSCYng">43898.2826666667</dst>
            <dst id="LOSAng">78777.376</dst>
            <dst id="NYCMng">241861.496</dst>
            <dst id="SNVAng">7295.98133333333</dst>
            <dst id="STTLng">37590.176</dst>
            <dst id="WASHng">403866.933333333</dst>
        </src>
    </IntraTM>
</TrafficMatrixFile>
