<?xml version="1.0" encoding="ISO-8859-1" standalone="yes"?>
<TrafficMatrixFile xsi:noNamespaceSchemaLocation="http://totem.run.montefiore.ulg.ac.be/Schema/TrafficMatrix-v1_2.xsd" xmlns:xsi="http://www.w3.org/2001/XMLSchema-instance">
    <IntraTM ASID="11537">
        <src id="ATLA-M5">
            <dst id="ATLA-M5">0</dst>
            <dst id="ATLAng">208.218666666667</dst>
            <dst id="CHINng">245.826666666667</dst>
            <dst id="DNVRng">60.5226666666667</dst>
            <dst id="HSTNng">272.776</dst>
            <dst id="IPLSng">504.533333333333</dst>
            <dst id="KSCYng">141.488</dst>
            <dst id="LOSAng">155.114666666667</dst>
            <dst id="NYCMng">106.666666666667</dst>
            <dst id="SNVAng">140.088</dst>
            <dst id="STTLng">121.045333333333</dst>
            <dst id="WASHng">2294.02666666667</dst>
        </src>
        <src id="ATLAng">
            <dst id="ATLA-M5">1120.88266666667</dst>
            <dst id="ATLAng">83867.6826666667</dst>
            <dst id="CHINng">11335.4373333333</dst>
            <dst id="DNVRng">2663.08266666667</dst>
            <dst id="HSTNng">1104.608</dst>
            <dst id="IPLSng">19043.928</dst>
            <dst id="KSCYng">2111.416</dst>
            <dst id="LOSAng">19079.712</dst>
            <dst id="NYCMng">11257.8746666667</dst>
            <dst id="SNVAng">5363.408</dst>
            <dst id="STTLng">8767.21866666667</dst>
            <dst id="WASHng">134669.749333333</dst>
        </src>
        <src id="CHINng">
            <dst id="ATLA-M5">733.56</dst>
            <dst id="ATLAng">10261.5146666667</dst>
            <dst id="CHINng">56973.0906666667</dst>
            <dst id="DNVRng">13967.552</dst>
            <dst id="HSTNng">25201.752</dst>
            <dst id="IPLSng">17866.7333333333</dst>
            <dst id="KSCYng">6930.14133333333</dst>
            <dst id="LOSAng">336875.413333333</dst>
            <dst id="NYCMng">4433.85866666667</dst>
            <dst id="SNVAng">1598.384</dst>
            <dst id="STTLng">7632.00266666667</dst>
            <dst id="WASHng">9764.94666666667</dst>
        </src>
        <src id="DNVRng">
            <dst id="ATLA-M5">1008.576</dst>
            <dst id="ATLAng">5101.792</dst>
            <dst id="CHINng">39347.7146666667</dst>
            <dst id="DNVRng">5401.176</dst>
            <dst id="HSTNng">4404.70133333333</dst>
            <dst id="IPLSng">4502.648</dst>
            <dst id="KSCYng">7154.04266666667</dst>
            <dst id="LOSAng">5145.48</dst>
            <dst id="NYCMng">11568.4826666667</dst>
            <dst id="SNVAng">13181.36</dst>
            <dst id="STTLng">9411.37066666667</dst>
            <dst id="WASHng">8008.92533333333</dst>
        </src>
        <src id="HSTNng">
            <dst id="ATLA-M5">1089.80533333333</dst>
            <dst id="ATLAng">1398.02666666667</dst>
            <dst id="CHINng">27266.856</dst>
            <dst id="DNVRng">2416.38666666667</dst>
            <dst id="HSTNng">5277.82133333333</dst>
            <dst id="IPLSng">8655.176</dst>
            <dst id="KSCYng">997.301333333333</dst>
            <dst id="LOSAng">103311.968</dst>
            <dst id="NYCMng">6311.20266666667</dst>
            <dst id="SNVAng">624.210666666667</dst>
            <dst id="STTLng">1733.736</dst>
            <dst id="WASHng">2718.97866666667</dst>
        </src>
        <src id="IPLSng">
            <dst id="ATLA-M5">514.816</dst>
            <dst id="ATLAng">8119.52533333333</dst>
            <dst id="CHINng">102351.458666667</dst>
            <dst id="DNVRng">5696.29066666666</dst>
            <dst id="HSTNng">4545</dst>
            <dst id="IPLSng">16078.656</dst>
            <dst id="KSCYng">11495.64</dst>
            <dst id="LOSAng">12943.448</dst>
            <dst id="NYCMng">21225.7626666667</dst>
            <dst id="SNVAng">4924.27733333333</dst>
            <dst id="STTLng">7390.93866666667</dst>
            <dst id="WASHng">24105.32</dst>
        </src>
        <src id="KSCYng">
            <dst id="ATLA-M5">1616.232</dst>
            <dst id="ATLAng">4546.76266666667</dst>
            <dst id="CHINng">33913.9306666667</dst>
            <dst id="DNVRng">2842.352</dst>
            <dst id="HSTNng">3533.73333333333</dst>
            <dst id="IPLSng">13280.288</dst>
            <dst id="KSCYng">2700.77333333333</dst>
            <dst id="LOSAng">5150.80266666667</dst>
            <dst id="NYCMng">6389.49066666667</dst>
            <dst id="SNVAng">416.224</dst>
            <dst id="STTLng">4663.184</dst>
            <dst id="WASHng">13512.8053333333</dst>
        </src>
        <src id="LOSAng">
            <dst id="ATLA-M5">206.858666666667</dst>
            <dst id="ATLAng">15892.3706666667</dst>
            <dst id="CHINng">137814.586666667</dst>
            <dst id="DNVRng">3975.58933333333</dst>
            <dst id="HSTNng">7814.392</dst>
            <dst id="IPLSng">30926.1626666667</dst>
            <dst id="KSCYng">5812.208</dst>
            <dst id="LOSAng">12497.288</dst>
            <dst id="NYCMng">48850.9493333333</dst>
            <dst id="SNVAng">4249.94133333333</dst>
            <dst id="STTLng">33726.3146666667</dst>
            <dst id="WASHng">54581.84</dst>
        </src>
        <src id="NYCMng">
            <dst id="ATLA-M5">984.413333333333</dst>
            <dst id="ATLAng">32636.52</dst>
            <dst id="CHINng">52568.3386666667</dst>
            <dst id="DNVRng">13593.6293333333</dst>
            <dst id="HSTNng">34675.2053333333</dst>
            <dst id="IPLSng">51410.6986666667</dst>
            <dst id="KSCYng">15020.9413333333</dst>
            <dst id="LOSAng">44928.8026666667</dst>
            <dst id="NYCMng">167888.357333333</dst>
            <dst id="SNVAng">5006.40533333333</dst>
            <dst id="STTLng">22548.48</dst>
            <dst id="WASHng">47229.1093333333</dst>
        </src>
        <src id="SNVAng">
            <dst id="ATLA-M5">0</dst>
            <dst id="ATLAng">756.317333333334</dst>
            <dst id="CHINng">8471.82666666667</dst>
            <dst id="DNVRng">6022.30933333333</dst>
            <dst id="HSTNng">690.661333333333</dst>
            <dst id="IPLSng">12551.472</dst>
            <dst id="KSCYng">336.456</dst>
            <dst id="LOSAng">7286.86933333333</dst>
            <dst id="NYCMng">2676.75466666667</dst>
            <dst id="SNVAng">122</dst>
            <dst id="STTLng">2194.624</dst>
            <dst id="WASHng">1085.84</dst>
        </src>
        <src id="STTLng">
            <dst id="ATLA-M5">60.8186666666667</dst>
            <dst id="ATLAng">15270.7093333333</dst>
            <dst id="CHINng">82617.4906666667</dst>
            <dst id="DNVRng">3386.64</dst>
            <dst id="HSTNng">1911.74133333333</dst>
            <dst id="IPLSng">15786.7253333333</dst>
            <dst id="KSCYng">2634.64533333333</dst>
            <dst id="LOSAng">18797.7333333333</dst>
            <dst id="NYCMng">18563.9386666667</dst>
            <dst id="SNVAng">2413.70666666667</dst>
            <dst id="STTLng">12093.5653333333</dst>
            <dst id="WASHng">7955.03733333333</dst>
        </src>
        <src id="WASHng">
            <dst id="ATLA-M5">276.074666666667</dst>
            <dst id="ATLAng">85709.9146666667</dst>
            <dst id="CHINng">71413.096</dst>
            <dst id="DNVRng">32853.5733333333</dst>
            <dst id="HSTNng">25854.0746666667</dst>
            <dst id="IPLSng">48487.6</dst>
            <dst id="KSCYng">7942.072</dst>
            <dst id="LOSAng">69011.2666666667</dst>
            <dst id="NYCMng">118118</dst>
            <dst id="SNVAng">2116.43466666667</dst>
            <dst id="STTLng">25780.8693333333</dst>
            <dst id="WASHng">300023.733333333</dst>
        </src>
    </IntraTM>
</TrafficMatrixFile>
