<?xml version="1.0" encoding="ISO-8859-1" standalone="yes"?>
<TrafficMatrixFile xsi:noNamespaceSchemaLocation="http://totem.run.montefiore.ulg.ac.be/Schema/TrafficMatrix-v1_2.xsd" xmlns:xsi="http://www.w3.org/2001/XMLSchema-instance">
    <IntraTM ASID="11537">
        <src id="ATLA-M5">
            <dst id="ATLA-M5">0</dst>
            <dst id="ATLAng">734.066666666666</dst>
            <dst id="CHINng">2385.17866666667</dst>
            <dst id="DNVRng">394.04</dst>
            <dst id="HSTNng">448.144</dst>
            <dst id="IPLSng">1253.57333333333</dst>
            <dst id="KSCYng">421.749333333333</dst>
            <dst id="LOSAng">371.613333333333</dst>
            <dst id="NYCMng">1062.05066666667</dst>
            <dst id="SNVAng">268.498666666667</dst>
            <dst id="STTLng">642.554666666667</dst>
            <dst id="WASHng">1707.288</dst>
        </src>
        <src id="ATLAng">
            <dst id="ATLA-M5">1028.656</dst>
            <dst id="ATLAng">87978.2026666667</dst>
            <dst id="CHINng">46366.728</dst>
            <dst id="DNVRng">13175.8266666667</dst>
            <dst id="HSTNng">5853.256</dst>
            <dst id="IPLSng">26364.3413333333</dst>
            <dst id="KSCYng">6602.15733333333</dst>
            <dst id="LOSAng">20103.8026666667</dst>
            <dst id="NYCMng">20831.5066666667</dst>
            <dst id="SNVAng">708.050666666667</dst>
            <dst id="STTLng">11736.9973333333</dst>
            <dst id="WASHng">49058.384</dst>
        </src>
        <src id="CHINng">
            <dst id="ATLA-M5">2449.768</dst>
            <dst id="ATLAng">15808.6826666667</dst>
            <dst id="CHINng">40215.5813333333</dst>
            <dst id="DNVRng">13982.3866666667</dst>
            <dst id="HSTNng">18444.6746666667</dst>
            <dst id="IPLSng">28989.7093333333</dst>
            <dst id="KSCYng">10668.2586666667</dst>
            <dst id="LOSAng">38228.8746666667</dst>
            <dst id="NYCMng">4297.75733333333</dst>
            <dst id="SNVAng">3020.40533333333</dst>
            <dst id="STTLng">8279.29866666667</dst>
            <dst id="WASHng">13355.072</dst>
        </src>
        <src id="DNVRng">
            <dst id="ATLA-M5">580.314666666667</dst>
            <dst id="ATLAng">4975.088</dst>
            <dst id="CHINng">41042.76</dst>
            <dst id="DNVRng">6310.91733333333</dst>
            <dst id="HSTNng">6254.51466666667</dst>
            <dst id="IPLSng">11567.392</dst>
            <dst id="KSCYng">12462.9786666667</dst>
            <dst id="LOSAng">25319.5413333333</dst>
            <dst id="NYCMng">16306.92</dst>
            <dst id="SNVAng">10893.304</dst>
            <dst id="STTLng">12486.2613333333</dst>
            <dst id="WASHng">15646.208</dst>
        </src>
        <src id="HSTNng">
            <dst id="ATLA-M5">1041.85333333333</dst>
            <dst id="ATLAng">7132.192</dst>
            <dst id="CHINng">23590.4933333333</dst>
            <dst id="DNVRng">4328.152</dst>
            <dst id="HSTNng">15306.5413333333</dst>
            <dst id="IPLSng">11614.344</dst>
            <dst id="KSCYng">3051.69066666667</dst>
            <dst id="LOSAng">60400.7386666667</dst>
            <dst id="NYCMng">5609.46933333333</dst>
            <dst id="SNVAng">2426.12266666667</dst>
            <dst id="STTLng">2689.07466666667</dst>
            <dst id="WASHng">8265.78133333333</dst>
        </src>
        <src id="IPLSng">
            <dst id="ATLA-M5">2133.21066666667</dst>
            <dst id="ATLAng">18996.4266666667</dst>
            <dst id="CHINng">76512.4773333333</dst>
            <dst id="DNVRng">9250.15466666667</dst>
            <dst id="HSTNng">9599.18933333333</dst>
            <dst id="IPLSng">28418.5653333333</dst>
            <dst id="KSCYng">13232.2213333333</dst>
            <dst id="LOSAng">23011.4773333333</dst>
            <dst id="NYCMng">30730.408</dst>
            <dst id="SNVAng">5299.136</dst>
            <dst id="STTLng">12347.8586666667</dst>
            <dst id="WASHng">36691.2746666667</dst>
        </src>
        <src id="KSCYng">
            <dst id="ATLA-M5">651.152</dst>
            <dst id="ATLAng">7086.80533333333</dst>
            <dst id="CHINng">34542.24</dst>
            <dst id="DNVRng">13295.232</dst>
            <dst id="HSTNng">4827.504</dst>
            <dst id="IPLSng">18506.5386666667</dst>
            <dst id="KSCYng">7004.54933333333</dst>
            <dst id="LOSAng">12034.9893333333</dst>
            <dst id="NYCMng">11923.0666666667</dst>
            <dst id="SNVAng">1341.16266666667</dst>
            <dst id="STTLng">5885.09866666667</dst>
            <dst id="WASHng">14204.3306666667</dst>
        </src>
        <src id="LOSAng">
            <dst id="ATLA-M5">763.736</dst>
            <dst id="ATLAng">20603.4506666667</dst>
            <dst id="CHINng">92000.7786666667</dst>
            <dst id="DNVRng">13255.6506666667</dst>
            <dst id="HSTNng">19314.424</dst>
            <dst id="IPLSng">48012.264</dst>
            <dst id="KSCYng">14495.56</dst>
            <dst id="LOSAng">14627.4373333333</dst>
            <dst id="NYCMng">53455.6746666667</dst>
            <dst id="SNVAng">4104.62133333333</dst>
            <dst id="STTLng">32973.968</dst>
            <dst id="WASHng">41375.072</dst>
        </src>
        <src id="NYCMng">
            <dst id="ATLA-M5">3336.8</dst>
            <dst id="ATLAng">36329.6373333333</dst>
            <dst id="CHINng">76482.744</dst>
            <dst id="DNVRng">22386.3173333333</dst>
            <dst id="HSTNng">43507.48</dst>
            <dst id="IPLSng">72106.216</dst>
            <dst id="KSCYng">26083.496</dst>
            <dst id="LOSAng">82586.192</dst>
            <dst id="NYCMng">132727.336</dst>
            <dst id="SNVAng">8622.81333333333</dst>
            <dst id="STTLng">34049.3733333333</dst>
            <dst id="WASHng">95216.968</dst>
        </src>
        <src id="SNVAng">
            <dst id="ATLA-M5">586.757333333333</dst>
            <dst id="ATLAng">1905.14133333333</dst>
            <dst id="CHINng">5872.38133333333</dst>
            <dst id="DNVRng">13247.1493333333</dst>
            <dst id="HSTNng">2130.448</dst>
            <dst id="IPLSng">12381.2986666667</dst>
            <dst id="KSCYng">1172.54133333333</dst>
            <dst id="LOSAng">2129.76533333333</dst>
            <dst id="NYCMng">3109.06933333333</dst>
            <dst id="SNVAng">3049.40266666667</dst>
            <dst id="STTLng">4010.784</dst>
            <dst id="WASHng">2179.44533333333</dst>
        </src>
        <src id="STTLng">
            <dst id="ATLA-M5">346.818666666667</dst>
            <dst id="ATLAng">16144.2506666667</dst>
            <dst id="CHINng">35483.3946666667</dst>
            <dst id="DNVRng">5613.05866666667</dst>
            <dst id="HSTNng">4534.51733333333</dst>
            <dst id="IPLSng">14455.024</dst>
            <dst id="KSCYng">5089.68266666667</dst>
            <dst id="LOSAng">20240.1146666667</dst>
            <dst id="NYCMng">25324.7813333333</dst>
            <dst id="SNVAng">5357.848</dst>
            <dst id="STTLng">3908.41866666667</dst>
            <dst id="WASHng">12371.472</dst>
        </src>
        <src id="WASHng">
            <dst id="ATLA-M5">2333.11733333333</dst>
            <dst id="ATLAng">120070.826666667</dst>
            <dst id="CHINng">98204.5013333333</dst>
            <dst id="DNVRng">29116.4773333333</dst>
            <dst id="HSTNng">35243.984</dst>
            <dst id="IPLSng">55690.5386666667</dst>
            <dst id="KSCYng">18725.3146666667</dst>
            <dst id="LOSAng">50185.864</dst>
            <dst id="NYCMng">143183.757333333</dst>
            <dst id="SNVAng">9973.33333333334</dst>
            <dst id="STTLng">30735.0293333333</dst>
            <dst id="WASHng">187932.637333333</dst>
        </src>
    </IntraTM>
</TrafficMatrixFile>
