<?xml version="1.0" encoding="ISO-8859-1" standalone="yes"?>
<TrafficMatrixFile xsi:noNamespaceSchemaLocation="http://totem.run.montefiore.ulg.ac.be/Schema/TrafficMatrix-v1_2.xsd" xmlns:xsi="http://www.w3.org/2001/XMLSchema-instance">
    <IntraTM ASID="11537">
        <src id="ATLA-M5">
            <dst id="ATLA-M5">104.557333333333</dst>
            <dst id="ATLAng">1430.81866666667</dst>
            <dst id="CHINng">2394.208</dst>
            <dst id="DNVRng">799.962666666667</dst>
            <dst id="HSTNng">288.453333333333</dst>
            <dst id="IPLSng">1340.21066666667</dst>
            <dst id="KSCYng">902.432</dst>
            <dst id="LOSAng">288.501333333333</dst>
            <dst id="NYCMng">756.624</dst>
            <dst id="SNVAng">533.712</dst>
            <dst id="STTLng">123.442666666667</dst>
            <dst id="WASHng">2199.344</dst>
        </src>
        <src id="ATLAng">
            <dst id="ATLA-M5">1312.90666666667</dst>
            <dst id="ATLAng">33361.0453333333</dst>
            <dst id="CHINng">41610.808</dst>
            <dst id="DNVRng">18634.2</dst>
            <dst id="HSTNng">5584.30933333333</dst>
            <dst id="IPLSng">34330.328</dst>
            <dst id="KSCYng">19678.152</dst>
            <dst id="LOSAng">27022.5813333333</dst>
            <dst id="NYCMng">26571.032</dst>
            <dst id="SNVAng">5397.35333333333</dst>
            <dst id="STTLng">10715.0773333333</dst>
            <dst id="WASHng">91502.0746666667</dst>
        </src>
        <src id="CHINng">
            <dst id="ATLA-M5">4198.776</dst>
            <dst id="ATLAng">24477.3466666667</dst>
            <dst id="CHINng">56720.552</dst>
            <dst id="DNVRng">23460.056</dst>
            <dst id="HSTNng">9227.99466666667</dst>
            <dst id="IPLSng">30505.824</dst>
            <dst id="KSCYng">23106.8346666667</dst>
            <dst id="LOSAng">32692.568</dst>
            <dst id="NYCMng">11875.8853333333</dst>
            <dst id="SNVAng">2632.48533333333</dst>
            <dst id="STTLng">14614.2373333333</dst>
            <dst id="WASHng">17593.208</dst>
        </src>
        <src id="DNVRng">
            <dst id="ATLA-M5">835.861333333333</dst>
            <dst id="ATLAng">17565.3973333333</dst>
            <dst id="CHINng">54675.584</dst>
            <dst id="DNVRng">17539.6986666667</dst>
            <dst id="HSTNng">16599.928</dst>
            <dst id="IPLSng">37194.5626666667</dst>
            <dst id="KSCYng">36224.4026666667</dst>
            <dst id="LOSAng">26306.5466666667</dst>
            <dst id="NYCMng">27683.9946666667</dst>
            <dst id="SNVAng">19502.344</dst>
            <dst id="STTLng">22074.2933333333</dst>
            <dst id="WASHng">55675.3386666667</dst>
        </src>
        <src id="HSTNng">
            <dst id="ATLA-M5">1115.74666666667</dst>
            <dst id="ATLAng">6172.44533333333</dst>
            <dst id="CHINng">20639.2</dst>
            <dst id="DNVRng">9560.38933333333</dst>
            <dst id="HSTNng">18601.0053333333</dst>
            <dst id="IPLSng">13354.128</dst>
            <dst id="KSCYng">2712.63733333333</dst>
            <dst id="LOSAng">193846.176</dst>
            <dst id="NYCMng">10040.6773333333</dst>
            <dst id="SNVAng">3584.248</dst>
            <dst id="STTLng">3726.14133333333</dst>
            <dst id="WASHng">10772.3813333333</dst>
        </src>
        <src id="IPLSng">
            <dst id="ATLA-M5">3140.23733333333</dst>
            <dst id="ATLAng">28117.3973333333</dst>
            <dst id="CHINng">110555.506666667</dst>
            <dst id="DNVRng">36522.16</dst>
            <dst id="HSTNng">13705.536</dst>
            <dst id="IPLSng">41866.232</dst>
            <dst id="KSCYng">24306.608</dst>
            <dst id="LOSAng">84430.3946666667</dst>
            <dst id="NYCMng">51763.7253333333</dst>
            <dst id="SNVAng">7877.99733333333</dst>
            <dst id="STTLng">19336.5413333333</dst>
            <dst id="WASHng">67212.408</dst>
        </src>
        <src id="KSCYng">
            <dst id="ATLA-M5">3371.34133333333</dst>
            <dst id="ATLAng">18145.616</dst>
            <dst id="CHINng">43835.3573333333</dst>
            <dst id="DNVRng">22517.6293333333</dst>
            <dst id="HSTNng">4153.79733333333</dst>
            <dst id="IPLSng">19403.6933333333</dst>
            <dst id="KSCYng">11024.4186666667</dst>
            <dst id="LOSAng">11480.8426666667</dst>
            <dst id="NYCMng">18497.4106666667</dst>
            <dst id="SNVAng">1760.22933333333</dst>
            <dst id="STTLng">5342.16266666667</dst>
            <dst id="WASHng">29441.1813333333</dst>
        </src>
        <src id="LOSAng">
            <dst id="ATLA-M5">1511.248</dst>
            <dst id="ATLAng">51017.672</dst>
            <dst id="CHINng">121126.098666667</dst>
            <dst id="DNVRng">17622.048</dst>
            <dst id="HSTNng">17419.56</dst>
            <dst id="IPLSng">51559.3386666667</dst>
            <dst id="KSCYng">11486.4746666667</dst>
            <dst id="LOSAng">8449.30933333333</dst>
            <dst id="NYCMng">65807.6773333333</dst>
            <dst id="SNVAng">11552.8053333333</dst>
            <dst id="STTLng">34905.9786666667</dst>
            <dst id="WASHng">76851.5146666667</dst>
        </src>
        <src id="NYCMng">
            <dst id="ATLA-M5">4252.792</dst>
            <dst id="ATLAng">67554.9226666667</dst>
            <dst id="CHINng">96555.416</dst>
            <dst id="DNVRng">58212.832</dst>
            <dst id="HSTNng">49480.1066666667</dst>
            <dst id="IPLSng">99065.2186666667</dst>
            <dst id="KSCYng">31662.6906666667</dst>
            <dst id="LOSAng">87612.072</dst>
            <dst id="NYCMng">174415.064</dst>
            <dst id="SNVAng">12464.0026666667</dst>
            <dst id="STTLng">34098.3973333333</dst>
            <dst id="WASHng">111496.336</dst>
        </src>
        <src id="SNVAng">
            <dst id="ATLA-M5">400.205333333333</dst>
            <dst id="ATLAng">2075.37866666667</dst>
            <dst id="CHINng">6792.23733333333</dst>
            <dst id="DNVRng">4263.352</dst>
            <dst id="HSTNng">1187.04</dst>
            <dst id="IPLSng">4271.94666666667</dst>
            <dst id="KSCYng">1622.13066666667</dst>
            <dst id="LOSAng">39422.6026666667</dst>
            <dst id="NYCMng">4174.77333333333</dst>
            <dst id="SNVAng">23167.5066666667</dst>
            <dst id="STTLng">74503.3493333333</dst>
            <dst id="WASHng">2100.77866666667</dst>
        </src>
        <src id="STTLng">
            <dst id="ATLA-M5">377.762666666667</dst>
            <dst id="ATLAng">14693.824</dst>
            <dst id="CHINng">71931.6133333333</dst>
            <dst id="DNVRng">12838.584</dst>
            <dst id="HSTNng">4724.048</dst>
            <dst id="IPLSng">29592.408</dst>
            <dst id="KSCYng">9037.2</dst>
            <dst id="LOSAng">32693.04</dst>
            <dst id="NYCMng">32542.3626666667</dst>
            <dst id="SNVAng">14088.9253333333</dst>
            <dst id="STTLng">12061.7733333333</dst>
            <dst id="WASHng">19821.6186666667</dst>
        </src>
        <src id="WASHng">
            <dst id="ATLA-M5">3932.10133333333</dst>
            <dst id="ATLAng">160032.938666667</dst>
            <dst id="CHINng">99975.0586666667</dst>
            <dst id="DNVRng">85725.8933333333</dst>
            <dst id="HSTNng">44909.1466666667</dst>
            <dst id="IPLSng">125689.688</dst>
            <dst id="KSCYng">35439.5946666667</dst>
            <dst id="LOSAng">86245.1306666667</dst>
            <dst id="NYCMng">200900.488</dst>
            <dst id="SNVAng">18101.304</dst>
            <dst id="STTLng">39899.8053333333</dst>
            <dst id="WASHng">298006.853333333</dst>
        </src>
    </IntraTM>
</TrafficMatrixFile>
