<?xml version="1.0" encoding="ISO-8859-1" standalone="yes"?>
<TrafficMatrixFile xsi:noNamespaceSchemaLocation="http://totem.run.montefiore.ulg.ac.be/Schema/TrafficMatrix-v1_2.xsd" xmlns:xsi="http://www.w3.org/2001/XMLSchema-instance">
    <IntraTM ASID="11537">
        <src id="ATLA-M5">
            <dst id="ATLA-M5">430.104</dst>
            <dst id="ATLAng">494.826666666667</dst>
            <dst id="CHINng">901.173333333333</dst>
            <dst id="DNVRng">437.333333333333</dst>
            <dst id="HSTNng">216.84</dst>
            <dst id="IPLSng">1164.48</dst>
            <dst id="KSCYng">305.002666666667</dst>
            <dst id="LOSAng">1221.08</dst>
            <dst id="NYCMng">452.466666666667</dst>
            <dst id="SNVAng">96.8453333333333</dst>
            <dst id="STTLng">89.2186666666667</dst>
            <dst id="WASHng">4178.60266666667</dst>
        </src>
        <src id="ATLAng">
            <dst id="ATLA-M5">903.834666666667</dst>
            <dst id="ATLAng">31550.9626666667</dst>
            <dst id="CHINng">23472.424</dst>
            <dst id="DNVRng">5194.88</dst>
            <dst id="HSTNng">4906.29333333333</dst>
            <dst id="IPLSng">26774.304</dst>
            <dst id="KSCYng">7699.312</dst>
            <dst id="LOSAng">12319.276</dst>
            <dst id="NYCMng">23269.1093333333</dst>
            <dst id="SNVAng">2245.22266666667</dst>
            <dst id="STTLng">4700.416</dst>
            <dst id="WASHng">91038.6213333333</dst>
        </src>
        <src id="CHINng">
            <dst id="ATLA-M5">726.861333333333</dst>
            <dst id="ATLAng">20990.736</dst>
            <dst id="CHINng">50635.536</dst>
            <dst id="DNVRng">7208.96266666667</dst>
            <dst id="HSTNng">5979.024</dst>
            <dst id="IPLSng">22147.5653333333</dst>
            <dst id="KSCYng">12753.7066666667</dst>
            <dst id="LOSAng">19314.8666666667</dst>
            <dst id="NYCMng">5329.22133333333</dst>
            <dst id="SNVAng">3063.45866666667</dst>
            <dst id="STTLng">5267.62666666667</dst>
            <dst id="WASHng">11090.1253333333</dst>
        </src>
        <src id="DNVRng">
            <dst id="ATLA-M5">733.256</dst>
            <dst id="ATLAng">8973.304</dst>
            <dst id="CHINng">85945.2906666667</dst>
            <dst id="DNVRng">18000.3813333333</dst>
            <dst id="HSTNng">18365.5706666667</dst>
            <dst id="IPLSng">27864</dst>
            <dst id="KSCYng">19147.472</dst>
            <dst id="LOSAng">10580.4533333333</dst>
            <dst id="NYCMng">18626.0853333333</dst>
            <dst id="SNVAng">12588.264</dst>
            <dst id="STTLng">12480.336</dst>
            <dst id="WASHng">56063.952</dst>
        </src>
        <src id="HSTNng">
            <dst id="ATLA-M5">3015.208</dst>
            <dst id="ATLAng">3566.88</dst>
            <dst id="CHINng">35485.504</dst>
            <dst id="DNVRng">1491.18666666667</dst>
            <dst id="HSTNng">7401.11733333333</dst>
            <dst id="IPLSng">5226.03733333333</dst>
            <dst id="KSCYng">2516.76266666667</dst>
            <dst id="LOSAng">7173.16266666667</dst>
            <dst id="NYCMng">6428.31466666667</dst>
            <dst id="SNVAng">2067.06133333333</dst>
            <dst id="STTLng">1123.352</dst>
            <dst id="WASHng">5941.6</dst>
        </src>
        <src id="IPLSng">
            <dst id="ATLA-M5">1122.07733333333</dst>
            <dst id="ATLAng">18152.5466666667</dst>
            <dst id="CHINng">154857.557333333</dst>
            <dst id="DNVRng">13498.3866666667</dst>
            <dst id="HSTNng">9664.40533333333</dst>
            <dst id="IPLSng">40931.24</dst>
            <dst id="KSCYng">17022.928</dst>
            <dst id="LOSAng">15797.944</dst>
            <dst id="NYCMng">45651.2453333333</dst>
            <dst id="SNVAng">4470.128</dst>
            <dst id="STTLng">8559.60266666667</dst>
            <dst id="WASHng">98653.1013333333</dst>
        </src>
        <src id="KSCYng">
            <dst id="ATLA-M5">400.645333333333</dst>
            <dst id="ATLAng">8793.92</dst>
            <dst id="CHINng">49500.8133333333</dst>
            <dst id="DNVRng">7270.52266666667</dst>
            <dst id="HSTNng">3972.37333333333</dst>
            <dst id="IPLSng">17058.1066666667</dst>
            <dst id="KSCYng">17431.9173333333</dst>
            <dst id="LOSAng">3241.256</dst>
            <dst id="NYCMng">9370.80266666667</dst>
            <dst id="SNVAng">1417.75466666667</dst>
            <dst id="STTLng">4477.38133333333</dst>
            <dst id="WASHng">17070.0213333333</dst>
        </src>
        <src id="LOSAng">
            <dst id="ATLA-M5">1356.432</dst>
            <dst id="ATLAng">17761.4666666667</dst>
            <dst id="CHINng">168307.818666667</dst>
            <dst id="DNVRng">11775.792</dst>
            <dst id="HSTNng">16822.064</dst>
            <dst id="IPLSng">74704.3973333333</dst>
            <dst id="KSCYng">7248.38133333333</dst>
            <dst id="LOSAng">5882.992</dst>
            <dst id="NYCMng">57473.8613333333</dst>
            <dst id="SNVAng">12490.7786666667</dst>
            <dst id="STTLng">15819.3333333333</dst>
            <dst id="WASHng">79974.2293333334</dst>
        </src>
        <src id="NYCMng">
            <dst id="ATLA-M5">763.058666666667</dst>
            <dst id="ATLAng">58802.6186666667</dst>
            <dst id="CHINng">63517.736</dst>
            <dst id="DNVRng">29069.5626666667</dst>
            <dst id="HSTNng">21750.4106666667</dst>
            <dst id="IPLSng">76013.032</dst>
            <dst id="KSCYng">21422.0506666667</dst>
            <dst id="LOSAng">57449.28</dst>
            <dst id="NYCMng">164383.834666667</dst>
            <dst id="SNVAng">9237.98666666667</dst>
            <dst id="STTLng">21830.1226666667</dst>
            <dst id="WASHng">94296.3733333333</dst>
        </src>
        <src id="SNVAng">
            <dst id="ATLA-M5">191.250666666667</dst>
            <dst id="ATLAng">1761.528</dst>
            <dst id="CHINng">8104.10133333333</dst>
            <dst id="DNVRng">4709.368</dst>
            <dst id="HSTNng">424.512</dst>
            <dst id="IPLSng">1729.04</dst>
            <dst id="KSCYng">1332.92533333333</dst>
            <dst id="LOSAng">31143.08</dst>
            <dst id="NYCMng">3266.36</dst>
            <dst id="SNVAng">15489.9786666667</dst>
            <dst id="STTLng">51671.8213333333</dst>
            <dst id="WASHng">2187.90933333333</dst>
        </src>
        <src id="STTLng">
            <dst id="ATLA-M5">398.24</dst>
            <dst id="ATLAng">17545.888</dst>
            <dst id="CHINng">84542.3973333333</dst>
            <dst id="DNVRng">3810.70133333333</dst>
            <dst id="HSTNng">3136.608</dst>
            <dst id="IPLSng">24598.4506666667</dst>
            <dst id="KSCYng">7583.008</dst>
            <dst id="LOSAng">16253.9413333333</dst>
            <dst id="NYCMng">29346.736</dst>
            <dst id="SNVAng">5360.02133333333</dst>
            <dst id="STTLng">10940.8266666667</dst>
            <dst id="WASHng">22463.0933333333</dst>
        </src>
        <src id="WASHng">
            <dst id="ATLA-M5">2792.61066666667</dst>
            <dst id="ATLAng">95821.1173333333</dst>
            <dst id="CHINng">101168.626666667</dst>
            <dst id="DNVRng">37063.2266666667</dst>
            <dst id="HSTNng">16868.1333333333</dst>
            <dst id="IPLSng">98983.5653333333</dst>
            <dst id="KSCYng">35782.1466666667</dst>
            <dst id="LOSAng">83807.8586666667</dst>
            <dst id="NYCMng">213004.776</dst>
            <dst id="SNVAng">3877.072</dst>
            <dst id="STTLng">29947.3093333333</dst>
            <dst id="WASHng">445768.746666667</dst>
        </src>
    </IntraTM>
</TrafficMatrixFile>
