<?xml version="1.0" encoding="ISO-8859-1" standalone="yes"?>
<TrafficMatrixFile xsi:noNamespaceSchemaLocation="http://totem.run.montefiore.ulg.ac.be/Schema/TrafficMatrix-v1_2.xsd" xmlns:xsi="http://www.w3.org/2001/XMLSchema-instance">
    <IntraTM ASID="11537">
        <src id="ATLA-M5">
            <dst id="ATLA-M5">0</dst>
            <dst id="ATLAng">541.170666666667</dst>
            <dst id="CHINng">776.098666666667</dst>
            <dst id="DNVRng">836.557333333333</dst>
            <dst id="HSTNng">178.429333333333</dst>
            <dst id="IPLSng">572.445333333333</dst>
            <dst id="KSCYng">289.946666666667</dst>
            <dst id="LOSAng">804.602666666667</dst>
            <dst id="NYCMng">747.053333333333</dst>
            <dst id="SNVAng">179.010666666667</dst>
            <dst id="STTLng">477.936</dst>
            <dst id="WASHng">2892.776</dst>
        </src>
        <src id="ATLAng">
            <dst id="ATLA-M5">1240.088</dst>
            <dst id="ATLAng">23014.1706666667</dst>
            <dst id="CHINng">30765.216</dst>
            <dst id="DNVRng">9959.35466666667</dst>
            <dst id="HSTNng">3720.00533333333</dst>
            <dst id="IPLSng">23669.9786666667</dst>
            <dst id="KSCYng">6426.768</dst>
            <dst id="LOSAng">17703.0866666667</dst>
            <dst id="NYCMng">17142.648</dst>
            <dst id="SNVAng">1783.436</dst>
            <dst id="STTLng">5817.34933333333</dst>
            <dst id="WASHng">87163.2533333333</dst>
        </src>
        <src id="CHINng">
            <dst id="ATLA-M5">1020.57333333333</dst>
            <dst id="ATLAng">9099.33866666667</dst>
            <dst id="CHINng">50821.056</dst>
            <dst id="DNVRng">14564.088</dst>
            <dst id="HSTNng">17768.0693333333</dst>
            <dst id="IPLSng">33696.376</dst>
            <dst id="KSCYng">12255.9786666667</dst>
            <dst id="LOSAng">28625.9333333333</dst>
            <dst id="NYCMng">14445.048</dst>
            <dst id="SNVAng">1984.10666666667</dst>
            <dst id="STTLng">6275.192</dst>
            <dst id="WASHng">19451.1866666667</dst>
        </src>
        <src id="DNVRng">
            <dst id="ATLA-M5">117.410666666667</dst>
            <dst id="ATLAng">6238.168</dst>
            <dst id="CHINng">61438.712</dst>
            <dst id="DNVRng">21987.9973333333</dst>
            <dst id="HSTNng">13592.776</dst>
            <dst id="IPLSng">30735.6693333333</dst>
            <dst id="KSCYng">21710.1733333333</dst>
            <dst id="LOSAng">9498.38133333333</dst>
            <dst id="NYCMng">29061.2746666667</dst>
            <dst id="SNVAng">11500.9946666667</dst>
            <dst id="STTLng">13249.0986666667</dst>
            <dst id="WASHng">60724.3946666667</dst>
        </src>
        <src id="HSTNng">
            <dst id="ATLA-M5">4137.81866666667</dst>
            <dst id="ATLAng">4038.64266666667</dst>
            <dst id="CHINng">49977.616</dst>
            <dst id="DNVRng">3982.808</dst>
            <dst id="HSTNng">6514.92533333333</dst>
            <dst id="IPLSng">7189.6</dst>
            <dst id="KSCYng">3197.576</dst>
            <dst id="LOSAng">97647.9706666667</dst>
            <dst id="NYCMng">16977.256</dst>
            <dst id="SNVAng">4038.29333333333</dst>
            <dst id="STTLng">1624.79733333333</dst>
            <dst id="WASHng">12658.264</dst>
        </src>
        <src id="IPLSng">
            <dst id="ATLA-M5">727.106666666667</dst>
            <dst id="ATLAng">23824.736</dst>
            <dst id="CHINng">111912.965333333</dst>
            <dst id="DNVRng">29598.3253333333</dst>
            <dst id="HSTNng">6887.65866666667</dst>
            <dst id="IPLSng">23704.3413333333</dst>
            <dst id="KSCYng">36552.9813333333</dst>
            <dst id="LOSAng">108840.578666667</dst>
            <dst id="NYCMng">36692.0213333333</dst>
            <dst id="SNVAng">4552.81333333333</dst>
            <dst id="STTLng">11461.68</dst>
            <dst id="WASHng">35231.3706666667</dst>
        </src>
        <src id="KSCYng">
            <dst id="ATLA-M5">282.405333333333</dst>
            <dst id="ATLAng">7966.712</dst>
            <dst id="CHINng">39707.3413333333</dst>
            <dst id="DNVRng">8872.66133333333</dst>
            <dst id="HSTNng">4912.544</dst>
            <dst id="IPLSng">31196.9653333334</dst>
            <dst id="KSCYng">9493.01066666667</dst>
            <dst id="LOSAng">6818.464</dst>
            <dst id="NYCMng">6337.13333333333</dst>
            <dst id="SNVAng">1384.72266666667</dst>
            <dst id="STTLng">3398.42666666667</dst>
            <dst id="WASHng">14566.0026666667</dst>
        </src>
        <src id="LOSAng">
            <dst id="ATLA-M5">1225.672</dst>
            <dst id="ATLAng">16533.1786666667</dst>
            <dst id="CHINng">155404.528</dst>
            <dst id="DNVRng">19905.192</dst>
            <dst id="HSTNng">10325.3253333333</dst>
            <dst id="IPLSng">42375.7813333333</dst>
            <dst id="KSCYng">11543.6</dst>
            <dst id="LOSAng">18374.624</dst>
            <dst id="NYCMng">55685.1386666667</dst>
            <dst id="SNVAng">10665.1093333333</dst>
            <dst id="STTLng">24360.3786666667</dst>
            <dst id="WASHng">66748.432</dst>
        </src>
        <src id="NYCMng">
            <dst id="ATLA-M5">4061.92533333333</dst>
            <dst id="ATLAng">35783.6213333333</dst>
            <dst id="CHINng">73805.04</dst>
            <dst id="DNVRng">36491.52</dst>
            <dst id="HSTNng">36576.944</dst>
            <dst id="IPLSng">56942.9973333333</dst>
            <dst id="KSCYng">23559.1253333333</dst>
            <dst id="LOSAng">88852.992</dst>
            <dst id="NYCMng">134230.6</dst>
            <dst id="SNVAng">9650.472</dst>
            <dst id="STTLng">28121.416</dst>
            <dst id="WASHng">94164.7813333333</dst>
        </src>
        <src id="SNVAng">
            <dst id="ATLA-M5">241.696</dst>
            <dst id="ATLAng">1042</dst>
            <dst id="CHINng">5443.73333333333</dst>
            <dst id="DNVRng">8297.152</dst>
            <dst id="HSTNng">376.226666666667</dst>
            <dst id="IPLSng">1430.064</dst>
            <dst id="KSCYng">737</dst>
            <dst id="LOSAng">35313.3466666667</dst>
            <dst id="NYCMng">1729.104</dst>
            <dst id="SNVAng">13925.3973333333</dst>
            <dst id="STTLng">61774.4</dst>
            <dst id="WASHng">2028.144</dst>
        </src>
        <src id="STTLng">
            <dst id="ATLA-M5">114.218666666667</dst>
            <dst id="ATLAng">10175.952</dst>
            <dst id="CHINng">53689.7653333333</dst>
            <dst id="DNVRng">6903.27466666667</dst>
            <dst id="HSTNng">3174.112</dst>
            <dst id="IPLSng">9179.384</dst>
            <dst id="KSCYng">9991.71733333333</dst>
            <dst id="LOSAng">30805.9706666667</dst>
            <dst id="NYCMng">18893.432</dst>
            <dst id="SNVAng">5841.54133333333</dst>
            <dst id="STTLng">13959.12</dst>
            <dst id="WASHng">12417.776</dst>
        </src>
        <src id="WASHng">
            <dst id="ATLA-M5">214.202666666667</dst>
            <dst id="ATLAng">119340.189333333</dst>
            <dst id="CHINng">89627.712</dst>
            <dst id="DNVRng">48306.384</dst>
            <dst id="HSTNng">21457.6586666667</dst>
            <dst id="IPLSng">62571.3706666667</dst>
            <dst id="KSCYng">17844.3173333333</dst>
            <dst id="LOSAng">67721.648</dst>
            <dst id="NYCMng">169637.378666667</dst>
            <dst id="SNVAng">18074.872</dst>
            <dst id="STTLng">40903.6106666667</dst>
            <dst id="WASHng">295075.52</dst>
        </src>
    </IntraTM>
</TrafficMatrixFile>
