<?xml version="1.0" encoding="ISO-8859-1" standalone="yes"?>
<TrafficMatrixFile xsi:noNamespaceSchemaLocation="http://totem.run.montefiore.ulg.ac.be/Schema/TrafficMatrix-v1_2.xsd" xmlns:xsi="http://www.w3.org/2001/XMLSchema-instance">
    <IntraTM ASID="11537">
        <src id="ATLA-M5">
            <dst id="ATLA-M5">107.810666666667</dst>
            <dst id="ATLAng">469.621333333333</dst>
            <dst id="CHINng">792.762666666667</dst>
            <dst id="DNVRng">183.978666666667</dst>
            <dst id="HSTNng">164.04</dst>
            <dst id="IPLSng">1589.112</dst>
            <dst id="KSCYng">226.957333333333</dst>
            <dst id="LOSAng">735.674666666666</dst>
            <dst id="NYCMng">396.368</dst>
            <dst id="SNVAng">277.573333333333</dst>
            <dst id="STTLng">106.666666666667</dst>
            <dst id="WASHng">3800.536</dst>
        </src>
        <src id="ATLAng">
            <dst id="ATLA-M5">595.189333333333</dst>
            <dst id="ATLAng">30168.9786666667</dst>
            <dst id="CHINng">33096.816</dst>
            <dst id="DNVRng">6706.11466666667</dst>
            <dst id="HSTNng">6605.25866666667</dst>
            <dst id="IPLSng">26214.9093333333</dst>
            <dst id="KSCYng">7442.84</dst>
            <dst id="LOSAng">9910.55466666667</dst>
            <dst id="NYCMng">28045.8186666667</dst>
            <dst id="SNVAng">1956.032</dst>
            <dst id="STTLng">5956.77333333333</dst>
            <dst id="WASHng">96837.5653333333</dst>
        </src>
        <src id="CHINng">
            <dst id="ATLA-M5">219.637333333333</dst>
            <dst id="ATLAng">19721.5626666667</dst>
            <dst id="CHINng">53423.0613333333</dst>
            <dst id="DNVRng">9568.39733333333</dst>
            <dst id="HSTNng">6806.51466666667</dst>
            <dst id="IPLSng">24872.496</dst>
            <dst id="KSCYng">12353.1466666667</dst>
            <dst id="LOSAng">18498.0133333333</dst>
            <dst id="NYCMng">7772.336</dst>
            <dst id="SNVAng">3690.536</dst>
            <dst id="STTLng">5735.33866666667</dst>
            <dst id="WASHng">14514.9013333333</dst>
        </src>
        <src id="DNVRng">
            <dst id="ATLA-M5">1082.392</dst>
            <dst id="ATLAng">10158.1786666667</dst>
            <dst id="CHINng">84406.5946666667</dst>
            <dst id="DNVRng">22336.0613333333</dst>
            <dst id="HSTNng">21047.648</dst>
            <dst id="IPLSng">33756.288</dst>
            <dst id="KSCYng">21872.424</dst>
            <dst id="LOSAng">9519.41333333333</dst>
            <dst id="NYCMng">21057.0506666667</dst>
            <dst id="SNVAng">13976</dst>
            <dst id="STTLng">13299.344</dst>
            <dst id="WASHng">61855.6613333333</dst>
        </src>
        <src id="HSTNng">
            <dst id="ATLA-M5">242.370666666667</dst>
            <dst id="ATLAng">4636.80533333333</dst>
            <dst id="CHINng">36419.0133333333</dst>
            <dst id="DNVRng">1725.92</dst>
            <dst id="HSTNng">7836.19466666667</dst>
            <dst id="IPLSng">4813.57066666667</dst>
            <dst id="KSCYng">5057.2</dst>
            <dst id="LOSAng">99711.3653333333</dst>
            <dst id="NYCMng">5937.15466666667</dst>
            <dst id="SNVAng">2010.58133333333</dst>
            <dst id="STTLng">1440.904</dst>
            <dst id="WASHng">6815.89066666666</dst>
        </src>
        <src id="IPLSng">
            <dst id="ATLA-M5">552.504</dst>
            <dst id="ATLAng">18849.8586666667</dst>
            <dst id="CHINng">128079.053333333</dst>
            <dst id="DNVRng">22001.424</dst>
            <dst id="HSTNng">9929.97333333333</dst>
            <dst id="IPLSng">60006.808</dst>
            <dst id="KSCYng">17187.4266666667</dst>
            <dst id="LOSAng">75761.832</dst>
            <dst id="NYCMng">53943.7813333333</dst>
            <dst id="SNVAng">4357.656</dst>
            <dst id="STTLng">9334.088</dst>
            <dst id="WASHng">72016.3946666667</dst>
        </src>
        <src id="KSCYng">
            <dst id="ATLA-M5">443.853333333333</dst>
            <dst id="ATLAng">9237.15466666667</dst>
            <dst id="CHINng">48722.928</dst>
            <dst id="DNVRng">8571.84266666667</dst>
            <dst id="HSTNng">10109.6186666667</dst>
            <dst id="IPLSng">10372.544</dst>
            <dst id="KSCYng">12521.3546666667</dst>
            <dst id="LOSAng">3918.37866666667</dst>
            <dst id="NYCMng">9290.032</dst>
            <dst id="SNVAng">992.722666666667</dst>
            <dst id="STTLng">3810.04</dst>
            <dst id="WASHng">11362.1893333333</dst>
        </src>
        <src id="LOSAng">
            <dst id="ATLA-M5">926.648</dst>
            <dst id="ATLAng">18405.104</dst>
            <dst id="CHINng">153215.197333333</dst>
            <dst id="DNVRng">12652.4373333333</dst>
            <dst id="HSTNng">9822.864</dst>
            <dst id="IPLSng">66577.888</dst>
            <dst id="KSCYng">9544.25333333333</dst>
            <dst id="LOSAng">5563.22933333333</dst>
            <dst id="NYCMng">56676.8693333333</dst>
            <dst id="SNVAng">7422.38933333334</dst>
            <dst id="STTLng">16162.6986666667</dst>
            <dst id="WASHng">73235.8186666667</dst>
        </src>
        <src id="NYCMng">
            <dst id="ATLA-M5">1174.15466666667</dst>
            <dst id="ATLAng">54487.856</dst>
            <dst id="CHINng">62278.2133333333</dst>
            <dst id="DNVRng">28564.3733333333</dst>
            <dst id="HSTNng">22094.2746666667</dst>
            <dst id="IPLSng">79009.6693333333</dst>
            <dst id="KSCYng">26431.1146666667</dst>
            <dst id="LOSAng">52581.9546666667</dst>
            <dst id="NYCMng">179721.877333333</dst>
            <dst id="SNVAng">8869.79733333333</dst>
            <dst id="STTLng">21705.5653333333</dst>
            <dst id="WASHng">199326.216</dst>
        </src>
        <src id="SNVAng">
            <dst id="ATLA-M5">138.152</dst>
            <dst id="ATLAng">1120.48</dst>
            <dst id="CHINng">7375.432</dst>
            <dst id="DNVRng">9041.584</dst>
            <dst id="HSTNng">607.746666666667</dst>
            <dst id="IPLSng">3215.58933333333</dst>
            <dst id="KSCYng">1053.44</dst>
            <dst id="LOSAng">29123.448</dst>
            <dst id="NYCMng">2439.30133333333</dst>
            <dst id="SNVAng">14966.3653333333</dst>
            <dst id="STTLng">55026.3306666667</dst>
            <dst id="WASHng">2013.93333333333</dst>
        </src>
        <src id="STTLng">
            <dst id="ATLA-M5">426.312</dst>
            <dst id="ATLAng">14014.3493333333</dst>
            <dst id="CHINng">88107.648</dst>
            <dst id="DNVRng">3743.81333333333</dst>
            <dst id="HSTNng">5349.78133333333</dst>
            <dst id="IPLSng">25829.3493333333</dst>
            <dst id="KSCYng">8989.24533333333</dst>
            <dst id="LOSAng">17516.3413333333</dst>
            <dst id="NYCMng">28969.0773333333</dst>
            <dst id="SNVAng">3866.65866666667</dst>
            <dst id="STTLng">12049.872</dst>
            <dst id="WASHng">22322.7653333333</dst>
        </src>
        <src id="WASHng">
            <dst id="ATLA-M5">3279.928</dst>
            <dst id="ATLAng">119297.114666667</dst>
            <dst id="CHINng">97264.4266666667</dst>
            <dst id="DNVRng">45899.6453333333</dst>
            <dst id="HSTNng">23960.1866666667</dst>
            <dst id="IPLSng">84805.8453333333</dst>
            <dst id="KSCYng">33201.808</dst>
            <dst id="LOSAng">69430.6213333333</dst>
            <dst id="NYCMng">199962.4</dst>
            <dst id="SNVAng">4150.98666666667</dst>
            <dst id="STTLng">27686.512</dst>
            <dst id="WASHng">414586.24</dst>
        </src>
    </IntraTM>
</TrafficMatrixFile>
