<?xml version="1.0" encoding="ISO-8859-1" standalone="yes"?>
<TrafficMatrixFile xsi:noNamespaceSchemaLocation="http://totem.run.montefiore.ulg.ac.be/Schema/TrafficMatrix-v1_2.xsd" xmlns:xsi="http://www.w3.org/2001/XMLSchema-instance">
    <IntraTM ASID="11537">
        <src id="ATLA-M5">
            <dst id="ATLA-M5">84.1573333333333</dst>
            <dst id="ATLAng">327.514666666667</dst>
            <dst id="CHINng">1041.66666666667</dst>
            <dst id="DNVRng">91.8026666666667</dst>
            <dst id="HSTNng">640.693333333333</dst>
            <dst id="IPLSng">450.997333333333</dst>
            <dst id="KSCYng">406.514666666667</dst>
            <dst id="LOSAng">149.232</dst>
            <dst id="NYCMng">836.88</dst>
            <dst id="SNVAng">53.8026666666667</dst>
            <dst id="STTLng">248.130666666667</dst>
            <dst id="WASHng">1517.31733333333</dst>
        </src>
        <src id="ATLAng">
            <dst id="ATLA-M5">2269.32</dst>
            <dst id="ATLAng">42698.1573333333</dst>
            <dst id="CHINng">20937.3493333333</dst>
            <dst id="DNVRng">5733.432</dst>
            <dst id="HSTNng">4190.34666666667</dst>
            <dst id="IPLSng">21346</dst>
            <dst id="KSCYng">6275.448</dst>
            <dst id="LOSAng">18906.936</dst>
            <dst id="NYCMng">18812.272</dst>
            <dst id="SNVAng">888.565333333333</dst>
            <dst id="STTLng">9153.67466666667</dst>
            <dst id="WASHng">67799.096</dst>
        </src>
        <src id="CHINng">
            <dst id="ATLA-M5">4748.69333333333</dst>
            <dst id="ATLAng">9693.30133333333</dst>
            <dst id="CHINng">30091.52</dst>
            <dst id="DNVRng">12391.8533333333</dst>
            <dst id="HSTNng">7433.728</dst>
            <dst id="IPLSng">21962.352</dst>
            <dst id="KSCYng">14318.2453333333</dst>
            <dst id="LOSAng">24465.3333333333</dst>
            <dst id="NYCMng">4211.89333333333</dst>
            <dst id="SNVAng">3718.176</dst>
            <dst id="STTLng">7334.46666666667</dst>
            <dst id="WASHng">7737.12266666667</dst>
        </src>
        <src id="DNVRng">
            <dst id="ATLA-M5">175.242666666667</dst>
            <dst id="ATLAng">5464.66933333333</dst>
            <dst id="CHINng">42988.4506666667</dst>
            <dst id="DNVRng">6435.616</dst>
            <dst id="HSTNng">3531.47466666667</dst>
            <dst id="IPLSng">9631.73066666667</dst>
            <dst id="KSCYng">12528.9466666667</dst>
            <dst id="LOSAng">21550.8346666667</dst>
            <dst id="NYCMng">12072.1786666667</dst>
            <dst id="SNVAng">16560.48</dst>
            <dst id="STTLng">14466.256</dst>
            <dst id="WASHng">11141.4666666667</dst>
        </src>
        <src id="HSTNng">
            <dst id="ATLA-M5">2203.392</dst>
            <dst id="ATLAng">6678.616</dst>
            <dst id="CHINng">25651.152</dst>
            <dst id="DNVRng">3848.20266666667</dst>
            <dst id="HSTNng">6792.528</dst>
            <dst id="IPLSng">6838.28533333333</dst>
            <dst id="KSCYng">4590.432</dst>
            <dst id="LOSAng">6911.59733333333</dst>
            <dst id="NYCMng">13285.8613333333</dst>
            <dst id="SNVAng">2224.128</dst>
            <dst id="STTLng">1962.96533333333</dst>
            <dst id="WASHng">6257.232</dst>
        </src>
        <src id="IPLSng">
            <dst id="ATLA-M5">4222.37066666667</dst>
            <dst id="ATLAng">29899.1946666667</dst>
            <dst id="CHINng">77054.0133333333</dst>
            <dst id="DNVRng">8767.72266666667</dst>
            <dst id="HSTNng">6921.376</dst>
            <dst id="IPLSng">31875.7466666667</dst>
            <dst id="KSCYng">16333.5626666667</dst>
            <dst id="LOSAng">89808.912</dst>
            <dst id="NYCMng">31997.3813333333</dst>
            <dst id="SNVAng">5500</dst>
            <dst id="STTLng">13996.048</dst>
            <dst id="WASHng">48666.3626666667</dst>
        </src>
        <src id="KSCYng">
            <dst id="ATLA-M5">878.562666666667</dst>
            <dst id="ATLAng">5561.05866666667</dst>
            <dst id="CHINng">32009.7493333333</dst>
            <dst id="DNVRng">8771.30933333333</dst>
            <dst id="HSTNng">4563.31733333333</dst>
            <dst id="IPLSng">12552.3973333333</dst>
            <dst id="KSCYng">4481.47466666667</dst>
            <dst id="LOSAng">5232.208</dst>
            <dst id="NYCMng">14639.1013333333</dst>
            <dst id="SNVAng">1073.86933333333</dst>
            <dst id="STTLng">2742.43733333333</dst>
            <dst id="WASHng">13335.1733333333</dst>
        </src>
        <src id="LOSAng">
            <dst id="ATLA-M5">967.136</dst>
            <dst id="ATLAng">25479.304</dst>
            <dst id="CHINng">79150.3946666666</dst>
            <dst id="DNVRng">7087.95466666667</dst>
            <dst id="HSTNng">14658.6026666667</dst>
            <dst id="IPLSng">38677.7493333333</dst>
            <dst id="KSCYng">9231.008</dst>
            <dst id="LOSAng">19557.3653333333</dst>
            <dst id="NYCMng">57140.2453333333</dst>
            <dst id="SNVAng">6772.464</dst>
            <dst id="STTLng">28482.552</dst>
            <dst id="WASHng">53230.936</dst>
        </src>
        <src id="NYCMng">
            <dst id="ATLA-M5">1339.24533333333</dst>
            <dst id="ATLAng">44137.6133333333</dst>
            <dst id="CHINng">67993.1386666667</dst>
            <dst id="DNVRng">12931.744</dst>
            <dst id="HSTNng">19676.52</dst>
            <dst id="IPLSng">77537.696</dst>
            <dst id="KSCYng">32856.6906666667</dst>
            <dst id="LOSAng">60870.2666666667</dst>
            <dst id="NYCMng">130744.688</dst>
            <dst id="SNVAng">7195.344</dst>
            <dst id="STTLng">26172.1413333333</dst>
            <dst id="WASHng">102192.192</dst>
        </src>
        <src id="SNVAng">
            <dst id="ATLA-M5">82.6026666666667</dst>
            <dst id="ATLAng">1768.46133333333</dst>
            <dst id="CHINng">4631.34933333333</dst>
            <dst id="DNVRng">9241.65866666667</dst>
            <dst id="HSTNng">771.869333333333</dst>
            <dst id="IPLSng">6026.144</dst>
            <dst id="KSCYng">831.309333333333</dst>
            <dst id="LOSAng">3154</dst>
            <dst id="NYCMng">3998.27733333333</dst>
            <dst id="SNVAng">440.568</dst>
            <dst id="STTLng">1955.87466666667</dst>
            <dst id="WASHng">2632.95466666667</dst>
        </src>
        <src id="STTLng">
            <dst id="ATLA-M5">121.805333333333</dst>
            <dst id="ATLAng">21890.112</dst>
            <dst id="CHINng">28786.1226666667</dst>
            <dst id="DNVRng">4857.31733333333</dst>
            <dst id="HSTNng">3935.93866666667</dst>
            <dst id="IPLSng">7505.14133333333</dst>
            <dst id="KSCYng">3224.79466666667</dst>
            <dst id="LOSAng">17202.5466666667</dst>
            <dst id="NYCMng">20145.384</dst>
            <dst id="SNVAng">3008.65066666667</dst>
            <dst id="STTLng">3849.37066666667</dst>
            <dst id="WASHng">9841.19733333334</dst>
        </src>
        <src id="WASHng">
            <dst id="ATLA-M5">3156.11733333333</dst>
            <dst id="ATLAng">113449.48</dst>
            <dst id="CHINng">97564.184</dst>
            <dst id="DNVRng">41128.032</dst>
            <dst id="HSTNng">9025.928</dst>
            <dst id="IPLSng">61233.9066666667</dst>
            <dst id="KSCYng">15266.792</dst>
            <dst id="LOSAng">80458.32</dst>
            <dst id="NYCMng">165520.325333333</dst>
            <dst id="SNVAng">4990.544</dst>
            <dst id="STTLng">25748.1146666667</dst>
            <dst id="WASHng">182919.626666667</dst>
        </src>
    </IntraTM>
</TrafficMatrixFile>
