<?xml version="1.0" encoding="ISO-8859-1" standalone="yes"?>
<TrafficMatrixFile xsi:noNamespaceSchemaLocation="http://totem.run.montefiore.ulg.ac.be/Schema/TrafficMatrix-v1_2.xsd" xmlns:xsi="http://www.w3.org/2001/XMLSchema-instance">
    <IntraTM ASID="11537">
        <src id="ATLA-M5">
            <dst id="ATLA-M5">0</dst>
            <dst id="ATLAng">359.178666666667</dst>
            <dst id="CHINng">456.949333333333</dst>
            <dst id="DNVRng">87.904</dst>
            <dst id="HSTNng">181.514666666667</dst>
            <dst id="IPLSng">1032.01066666667</dst>
            <dst id="KSCYng">160.994666666667</dst>
            <dst id="LOSAng">1131.10933333333</dst>
            <dst id="NYCMng">327.28</dst>
            <dst id="SNVAng">88.1786666666667</dst>
            <dst id="STTLng">93.472</dst>
            <dst id="WASHng">2604.35733333333</dst>
        </src>
        <src id="ATLAng">
            <dst id="ATLA-M5">1227.81866666667</dst>
            <dst id="ATLAng">64598.4373333333</dst>
            <dst id="CHINng">17043.5253333333</dst>
            <dst id="DNVRng">3668.04533333333</dst>
            <dst id="HSTNng">1367.58133333333</dst>
            <dst id="IPLSng">18681.8</dst>
            <dst id="KSCYng">9515.72</dst>
            <dst id="LOSAng">14914.8853333333</dst>
            <dst id="NYCMng">13425.9813333333</dst>
            <dst id="SNVAng">1020.288</dst>
            <dst id="STTLng">6918.25866666667</dst>
            <dst id="WASHng">79758.184</dst>
        </src>
        <src id="CHINng">
            <dst id="ATLA-M5">1317.66133333333</dst>
            <dst id="ATLAng">15262.536</dst>
            <dst id="CHINng">50936.288</dst>
            <dst id="DNVRng">6700.56</dst>
            <dst id="HSTNng">8371.52533333333</dst>
            <dst id="IPLSng">16458.728</dst>
            <dst id="KSCYng">13231.9173333333</dst>
            <dst id="LOSAng">14843.808</dst>
            <dst id="NYCMng">5334.39733333333</dst>
            <dst id="SNVAng">1180.29066666667</dst>
            <dst id="STTLng">5739.09866666667</dst>
            <dst id="WASHng">14098.968</dst>
        </src>
        <src id="DNVRng">
            <dst id="ATLA-M5">126.666666666667</dst>
            <dst id="ATLAng">6745.088</dst>
            <dst id="CHINng">46087.616</dst>
            <dst id="DNVRng">7112.816</dst>
            <dst id="HSTNng">5135.552</dst>
            <dst id="IPLSng">5133.38666666667</dst>
            <dst id="KSCYng">14918.568</dst>
            <dst id="LOSAng">10955.136</dst>
            <dst id="NYCMng">9387.18666666667</dst>
            <dst id="SNVAng">10933.4373333333</dst>
            <dst id="STTLng">14720.1066666667</dst>
            <dst id="WASHng">15801.6</dst>
        </src>
        <src id="HSTNng">
            <dst id="ATLA-M5">3545.41866666667</dst>
            <dst id="ATLAng">4427.584</dst>
            <dst id="CHINng">21461.2613333333</dst>
            <dst id="DNVRng">1359.79733333333</dst>
            <dst id="HSTNng">8677.14933333333</dst>
            <dst id="IPLSng">7777.53333333333</dst>
            <dst id="KSCYng">3210.6</dst>
            <dst id="LOSAng">170915.56</dst>
            <dst id="NYCMng">5438.21866666667</dst>
            <dst id="SNVAng">1349.4</dst>
            <dst id="STTLng">1704.97866666667</dst>
            <dst id="WASHng">11927.4026666667</dst>
        </src>
        <src id="IPLSng">
            <dst id="ATLA-M5">165.917333333333</dst>
            <dst id="ATLAng">15772.352</dst>
            <dst id="CHINng">120664.666666667</dst>
            <dst id="DNVRng">7226.584</dst>
            <dst id="HSTNng">7955.52533333333</dst>
            <dst id="IPLSng">26025.36</dst>
            <dst id="KSCYng">8490.67466666667</dst>
            <dst id="LOSAng">15124.7386666667</dst>
            <dst id="NYCMng">26807.152</dst>
            <dst id="SNVAng">2296.39466666667</dst>
            <dst id="STTLng">4558.93333333333</dst>
            <dst id="WASHng">49125.6986666667</dst>
        </src>
        <src id="KSCYng">
            <dst id="ATLA-M5">313.984</dst>
            <dst id="ATLAng">5822.71733333333</dst>
            <dst id="CHINng">38713.488</dst>
            <dst id="DNVRng">3688.82133333333</dst>
            <dst id="HSTNng">2551.92533333333</dst>
            <dst id="IPLSng">12089.2666666667</dst>
            <dst id="KSCYng">4267.648</dst>
            <dst id="LOSAng">2885.47466666667</dst>
            <dst id="NYCMng">7602.68266666667</dst>
            <dst id="SNVAng">641.781333333333</dst>
            <dst id="STTLng">4426.472</dst>
            <dst id="WASHng">15632.0453333333</dst>
        </src>
        <src id="LOSAng">
            <dst id="ATLA-M5">558.376</dst>
            <dst id="ATLAng">14270.3093333333</dst>
            <dst id="CHINng">135325.064</dst>
            <dst id="DNVRng">4094.19466666667</dst>
            <dst id="HSTNng">7796.77333333333</dst>
            <dst id="IPLSng">38667.4746666667</dst>
            <dst id="KSCYng">5202.152</dst>
            <dst id="LOSAng">13666.5573333333</dst>
            <dst id="NYCMng">51896.9946666667</dst>
            <dst id="SNVAng">3230.84533333333</dst>
            <dst id="STTLng">19392.0346666667</dst>
            <dst id="WASHng">49133.3573333333</dst>
        </src>
        <src id="NYCMng">
            <dst id="ATLA-M5">1576.856</dst>
            <dst id="ATLAng">43406.6373333333</dst>
            <dst id="CHINng">58803.1546666667</dst>
            <dst id="DNVRng">16276.4613333333</dst>
            <dst id="HSTNng">29734.6826666667</dst>
            <dst id="IPLSng">71212.632</dst>
            <dst id="KSCYng">15159.6213333333</dst>
            <dst id="LOSAng">45928.6613333333</dst>
            <dst id="NYCMng">178645.010666667</dst>
            <dst id="SNVAng">6044.50666666667</dst>
            <dst id="STTLng">24885.0853333333</dst>
            <dst id="WASHng">77338.376</dst>
        </src>
        <src id="SNVAng">
            <dst id="ATLA-M5">334.730666666667</dst>
            <dst id="ATLAng">1383.48</dst>
            <dst id="CHINng">5262.05333333333</dst>
            <dst id="DNVRng">3590.78933333333</dst>
            <dst id="HSTNng">464.893333333333</dst>
            <dst id="IPLSng">2999.54933333333</dst>
            <dst id="KSCYng">338.626666666667</dst>
            <dst id="LOSAng">4644.76266666667</dst>
            <dst id="NYCMng">1770.80266666667</dst>
            <dst id="SNVAng">343.632</dst>
            <dst id="STTLng">2121.43733333333</dst>
            <dst id="WASHng">1367.24266666667</dst>
        </src>
        <src id="STTLng">
            <dst id="ATLA-M5">52.3333333333333</dst>
            <dst id="ATLAng">16692.2266666667</dst>
            <dst id="CHINng">86898.2346666667</dst>
            <dst id="DNVRng">3207.46666666667</dst>
            <dst id="HSTNng">1411.81333333333</dst>
            <dst id="IPLSng">8757.056</dst>
            <dst id="KSCYng">3500.55466666667</dst>
            <dst id="LOSAng">15364.896</dst>
            <dst id="NYCMng">19262.1973333333</dst>
            <dst id="SNVAng">4794.57066666667</dst>
            <dst id="STTLng">5491.512</dst>
            <dst id="WASHng">11461.776</dst>
        </src>
        <src id="WASHng">
            <dst id="ATLA-M5">365.445333333333</dst>
            <dst id="ATLAng">109151.618666667</dst>
            <dst id="CHINng">63787.624</dst>
            <dst id="DNVRng">46822.2426666667</dst>
            <dst id="HSTNng">9859.13333333333</dst>
            <dst id="IPLSng">51258.3306666667</dst>
            <dst id="KSCYng">12651.424</dst>
            <dst id="LOSAng">49454.72</dst>
            <dst id="NYCMng">139836.858666667</dst>
            <dst id="SNVAng">3920.87733333333</dst>
            <dst id="STTLng">27496.4773333333</dst>
            <dst id="WASHng">391214.266666667</dst>
        </src>
    </IntraTM>
</TrafficMatrixFile>
