<?xml version="1.0" encoding="ISO-8859-1" standalone="yes"?>
<TrafficMatrixFile xsi:noNamespaceSchemaLocation="http://totem.run.montefiore.ulg.ac.be/Schema/TrafficMatrix-v1_2.xsd" xmlns:xsi="http://www.w3.org/2001/XMLSchema-instance">
    <IntraTM ASID="11537">
        <src id="ATLA-M5">
            <dst id="ATLA-M5">26.6666666666667</dst>
            <dst id="ATLAng">1124.656</dst>
            <dst id="CHINng">3206.48266666667</dst>
            <dst id="DNVRng">221.093333333333</dst>
            <dst id="HSTNng">323.048</dst>
            <dst id="IPLSng">822.864</dst>
            <dst id="KSCYng">211.898666666667</dst>
            <dst id="LOSAng">159.269333333333</dst>
            <dst id="NYCMng">1192.136</dst>
            <dst id="SNVAng">360.92</dst>
            <dst id="STTLng">525.301333333333</dst>
            <dst id="WASHng">2253.15733333333</dst>
        </src>
        <src id="ATLAng">
            <dst id="ATLA-M5">954.061333333333</dst>
            <dst id="ATLAng">23482.1893333333</dst>
            <dst id="CHINng">29922.9466666667</dst>
            <dst id="DNVRng">5845.98666666666</dst>
            <dst id="HSTNng">5487.6</dst>
            <dst id="IPLSng">31810.176</dst>
            <dst id="KSCYng">6788.19733333333</dst>
            <dst id="LOSAng">19745.4506666667</dst>
            <dst id="NYCMng">19573.8746666667</dst>
            <dst id="SNVAng">2433.74666666667</dst>
            <dst id="STTLng">10722.6133333333</dst>
            <dst id="WASHng">70153.7093333333</dst>
        </src>
        <src id="CHINng">
            <dst id="ATLA-M5">4406.472</dst>
            <dst id="ATLAng">23953.28</dst>
            <dst id="CHINng">34308.072</dst>
            <dst id="DNVRng">14067.2826666667</dst>
            <dst id="HSTNng">22838.1253333333</dst>
            <dst id="IPLSng">42105.8133333333</dst>
            <dst id="KSCYng">14373.1226666667</dst>
            <dst id="LOSAng">28659.328</dst>
            <dst id="NYCMng">6741.81066666667</dst>
            <dst id="SNVAng">3446.936</dst>
            <dst id="STTLng">5692.976</dst>
            <dst id="WASHng">14715.2746666667</dst>
        </src>
        <src id="DNVRng">
            <dst id="ATLA-M5">254.818666666667</dst>
            <dst id="ATLAng">10113.984</dst>
            <dst id="CHINng">53552.1733333333</dst>
            <dst id="DNVRng">15032.5573333333</dst>
            <dst id="HSTNng">14580.472</dst>
            <dst id="IPLSng">33356.2773333333</dst>
            <dst id="KSCYng">40136.7306666667</dst>
            <dst id="LOSAng">10838.1546666667</dst>
            <dst id="NYCMng">28329.4213333333</dst>
            <dst id="SNVAng">9538.72</dst>
            <dst id="STTLng">11694.2346666667</dst>
            <dst id="WASHng">57238.6906666666</dst>
        </src>
        <src id="HSTNng">
            <dst id="ATLA-M5">1138.93333333333</dst>
            <dst id="ATLAng">7418.68266666667</dst>
            <dst id="CHINng">43282.248</dst>
            <dst id="DNVRng">4692.99466666667</dst>
            <dst id="HSTNng">7708.28533333333</dst>
            <dst id="IPLSng">11623.208</dst>
            <dst id="KSCYng">3754.672</dst>
            <dst id="LOSAng">10423.2</dst>
            <dst id="NYCMng">8314.984</dst>
            <dst id="SNVAng">1485.088</dst>
            <dst id="STTLng">4475.88533333334</dst>
            <dst id="WASHng">11026.784</dst>
        </src>
        <src id="IPLSng">
            <dst id="ATLA-M5">2204.34133333333</dst>
            <dst id="ATLAng">14466.144</dst>
            <dst id="CHINng">88957.432</dst>
            <dst id="DNVRng">31218.832</dst>
            <dst id="HSTNng">7462.248</dst>
            <dst id="IPLSng">32663.7013333333</dst>
            <dst id="KSCYng">15916.4106666667</dst>
            <dst id="LOSAng">25216.288</dst>
            <dst id="NYCMng">61953.208</dst>
            <dst id="SNVAng">3894.82666666667</dst>
            <dst id="STTLng">19030.952</dst>
            <dst id="WASHng">55736.5386666667</dst>
        </src>
        <src id="KSCYng">
            <dst id="ATLA-M5">607.197333333333</dst>
            <dst id="ATLAng">5126.624</dst>
            <dst id="CHINng">33709.6533333333</dst>
            <dst id="DNVRng">14183.4666666667</dst>
            <dst id="HSTNng">5398.12</dst>
            <dst id="IPLSng">15962.8186666667</dst>
            <dst id="KSCYng">9670.46933333333</dst>
            <dst id="LOSAng">7686.96266666667</dst>
            <dst id="NYCMng">11784.0026666667</dst>
            <dst id="SNVAng">1780.76266666667</dst>
            <dst id="STTLng">5690.232</dst>
            <dst id="WASHng">18812.2746666667</dst>
        </src>
        <src id="LOSAng">
            <dst id="ATLA-M5">374.984</dst>
            <dst id="ATLAng">37078.3573333333</dst>
            <dst id="CHINng">100466.962666667</dst>
            <dst id="DNVRng">11365.7386666667</dst>
            <dst id="HSTNng">12791.3573333333</dst>
            <dst id="IPLSng">67008.432</dst>
            <dst id="KSCYng">16080.256</dst>
            <dst id="LOSAng">19726.9893333333</dst>
            <dst id="NYCMng">67257.1093333333</dst>
            <dst id="SNVAng">13308.744</dst>
            <dst id="STTLng">32355.4133333333</dst>
            <dst id="WASHng">72151.5946666666</dst>
        </src>
        <src id="NYCMng">
            <dst id="ATLA-M5">1323.296</dst>
            <dst id="ATLAng">52968.7306666667</dst>
            <dst id="CHINng">76777.744</dst>
            <dst id="DNVRng">34400.144</dst>
            <dst id="HSTNng">37240.112</dst>
            <dst id="IPLSng">75040.3173333334</dst>
            <dst id="KSCYng">29888.4266666667</dst>
            <dst id="LOSAng">103839.178666667</dst>
            <dst id="NYCMng">156130.4</dst>
            <dst id="SNVAng">10099.7786666667</dst>
            <dst id="STTLng">43206.4586666667</dst>
            <dst id="WASHng">132973.429333333</dst>
        </src>
        <src id="SNVAng">
            <dst id="ATLA-M5">71.1706666666667</dst>
            <dst id="ATLAng">2989.87733333333</dst>
            <dst id="CHINng">3244.54933333333</dst>
            <dst id="DNVRng">2946.86933333333</dst>
            <dst id="HSTNng">1978.568</dst>
            <dst id="IPLSng">2966.25066666667</dst>
            <dst id="KSCYng">1090.57333333333</dst>
            <dst id="LOSAng">41448.712</dst>
            <dst id="NYCMng">3790.68266666667</dst>
            <dst id="SNVAng">18755.3466666667</dst>
            <dst id="STTLng">65084.1413333333</dst>
            <dst id="WASHng">4069.38666666667</dst>
        </src>
        <src id="STTLng">
            <dst id="ATLA-M5">246.242666666667</dst>
            <dst id="ATLAng">13958.8</dst>
            <dst id="CHINng">42809.8826666667</dst>
            <dst id="DNVRng">4299.216</dst>
            <dst id="HSTNng">3566.84</dst>
            <dst id="IPLSng">23537.8986666667</dst>
            <dst id="KSCYng">5474.61333333333</dst>
            <dst id="LOSAng">31449.032</dst>
            <dst id="NYCMng">24019.8426666667</dst>
            <dst id="SNVAng">7453.95466666667</dst>
            <dst id="STTLng">12967.8666666667</dst>
            <dst id="WASHng">15130.1493333333</dst>
        </src>
        <src id="WASHng">
            <dst id="ATLA-M5">8639.66133333333</dst>
            <dst id="ATLAng">113628.472</dst>
            <dst id="CHINng">91791.3573333333</dst>
            <dst id="DNVRng">68285.4746666667</dst>
            <dst id="HSTNng">24327.8773333333</dst>
            <dst id="IPLSng">100695.010666667</dst>
            <dst id="KSCYng">19467.6</dst>
            <dst id="LOSAng">72485.048</dst>
            <dst id="NYCMng">198094.362666667</dst>
            <dst id="SNVAng">23955.3173333333</dst>
            <dst id="STTLng">42259.4293333333</dst>
            <dst id="WASHng">270329.52</dst>
        </src>
    </IntraTM>
</TrafficMatrixFile>
