<?xml version="1.0" encoding="ISO-8859-1" standalone="yes"?>
<TrafficMatrixFile xsi:noNamespaceSchemaLocation="http://totem.run.montefiore.ulg.ac.be/Schema/TrafficMatrix-v1_2.xsd" xmlns:xsi="http://www.w3.org/2001/XMLSchema-instance">
    <IntraTM ASID="11537">
        <src id="ATLA-M5">
            <dst id="ATLA-M5">0</dst>
            <dst id="ATLAng">531.970666666667</dst>
            <dst id="CHINng">3016.44266666667</dst>
            <dst id="DNVRng">949.354666666667</dst>
            <dst id="HSTNng">389.285333333333</dst>
            <dst id="IPLSng">3725.30666666667</dst>
            <dst id="KSCYng">175.581333333333</dst>
            <dst id="LOSAng">301.226666666667</dst>
            <dst id="NYCMng">1668.71466666667</dst>
            <dst id="SNVAng">119.917333333333</dst>
            <dst id="STTLng">182.944</dst>
            <dst id="WASHng">1724.84</dst>
        </src>
        <src id="ATLAng">
            <dst id="ATLA-M5">2212.36533333333</dst>
            <dst id="ATLAng">39202.6266666667</dst>
            <dst id="CHINng">28213.464</dst>
            <dst id="DNVRng">5430.29066666667</dst>
            <dst id="HSTNng">5327.54933333333</dst>
            <dst id="IPLSng">28291.0373333333</dst>
            <dst id="KSCYng">11994.6506666667</dst>
            <dst id="LOSAng">20897.5626666667</dst>
            <dst id="NYCMng">15017.728</dst>
            <dst id="SNVAng">2692.93866666667</dst>
            <dst id="STTLng">9978.056</dst>
            <dst id="WASHng">52637.904</dst>
        </src>
        <src id="CHINng">
            <dst id="ATLA-M5">901.672</dst>
            <dst id="ATLAng">17556.9013333333</dst>
            <dst id="CHINng">42169.208</dst>
            <dst id="DNVRng">18453.5813333333</dst>
            <dst id="HSTNng">7103.57866666667</dst>
            <dst id="IPLSng">30137.8373333333</dst>
            <dst id="KSCYng">12402.6666666667</dst>
            <dst id="LOSAng">26332.4373333333</dst>
            <dst id="NYCMng">5379.64533333333</dst>
            <dst id="SNVAng">2957.44533333333</dst>
            <dst id="STTLng">7421.66666666667</dst>
            <dst id="WASHng">8513.8</dst>
        </src>
        <src id="DNVRng">
            <dst id="ATLA-M5">210.045333333333</dst>
            <dst id="ATLAng">3418.144</dst>
            <dst id="CHINng">34183.8773333333</dst>
            <dst id="DNVRng">8971.42133333333</dst>
            <dst id="HSTNng">5029.73333333333</dst>
            <dst id="IPLSng">11960.2613333333</dst>
            <dst id="KSCYng">12727.184</dst>
            <dst id="LOSAng">26425.9653333333</dst>
            <dst id="NYCMng">12279.2533333333</dst>
            <dst id="SNVAng">11435.912</dst>
            <dst id="STTLng">16529.136</dst>
            <dst id="WASHng">16786.2826666667</dst>
        </src>
        <src id="HSTNng">
            <dst id="ATLA-M5">1093.25066666667</dst>
            <dst id="ATLAng">2930.048</dst>
            <dst id="CHINng">25077.2133333333</dst>
            <dst id="DNVRng">3919.94666666667</dst>
            <dst id="HSTNng">5005.71466666667</dst>
            <dst id="IPLSng">8502.93066666667</dst>
            <dst id="KSCYng">5061.35733333333</dst>
            <dst id="LOSAng">6887.48266666667</dst>
            <dst id="NYCMng">6027.808</dst>
            <dst id="SNVAng">3071.336</dst>
            <dst id="STTLng">4740.86666666667</dst>
            <dst id="WASHng">5951.904</dst>
        </src>
        <src id="IPLSng">
            <dst id="ATLA-M5">2349.35466666667</dst>
            <dst id="ATLAng">16762.28</dst>
            <dst id="CHINng">93662.9413333333</dst>
            <dst id="DNVRng">8656.50133333333</dst>
            <dst id="HSTNng">6791.83466666667</dst>
            <dst id="IPLSng">28083.9066666667</dst>
            <dst id="KSCYng">11884.7306666667</dst>
            <dst id="LOSAng">24335.264</dst>
            <dst id="NYCMng">27144.144</dst>
            <dst id="SNVAng">4759.16533333333</dst>
            <dst id="STTLng">10062.9253333333</dst>
            <dst id="WASHng">37733.704</dst>
        </src>
        <src id="KSCYng">
            <dst id="ATLA-M5">736.16</dst>
            <dst id="ATLAng">7687.08</dst>
            <dst id="CHINng">32547.1866666667</dst>
            <dst id="DNVRng">11512.3093333333</dst>
            <dst id="HSTNng">5794.42133333333</dst>
            <dst id="IPLSng">13249.0293333333</dst>
            <dst id="KSCYng">6478.85866666667</dst>
            <dst id="LOSAng">7825.088</dst>
            <dst id="NYCMng">9226.288</dst>
            <dst id="SNVAng">1774.2</dst>
            <dst id="STTLng">3350.60533333333</dst>
            <dst id="WASHng">14022.6906666667</dst>
        </src>
        <src id="LOSAng">
            <dst id="ATLA-M5">155.914666666667</dst>
            <dst id="ATLAng">16255.8026666667</dst>
            <dst id="CHINng">104559.128</dst>
            <dst id="DNVRng">9959.20533333333</dst>
            <dst id="HSTNng">13673.7573333333</dst>
            <dst id="IPLSng">57954.696</dst>
            <dst id="KSCYng">12663.5653333333</dst>
            <dst id="LOSAng">12703.448</dst>
            <dst id="NYCMng">51194.7973333333</dst>
            <dst id="SNVAng">2870.48</dst>
            <dst id="STTLng">23855.1866666667</dst>
            <dst id="WASHng">58654.3226666667</dst>
        </src>
        <src id="NYCMng">
            <dst id="ATLA-M5">1952.06666666667</dst>
            <dst id="ATLAng">35318.2133333333</dst>
            <dst id="CHINng">86886.2026666667</dst>
            <dst id="DNVRng">22687.12</dst>
            <dst id="HSTNng">43752.392</dst>
            <dst id="IPLSng">62377.4373333333</dst>
            <dst id="KSCYng">24864.4106666667</dst>
            <dst id="LOSAng">65634.832</dst>
            <dst id="NYCMng">155169.869333333</dst>
            <dst id="SNVAng">8899.43733333333</dst>
            <dst id="STTLng">24718.6613333333</dst>
            <dst id="WASHng">82095.1546666667</dst>
        </src>
        <src id="SNVAng">
            <dst id="ATLA-M5">291.874666666667</dst>
            <dst id="ATLAng">681.909333333333</dst>
            <dst id="CHINng">5033.36266666667</dst>
            <dst id="DNVRng">9482.02666666667</dst>
            <dst id="HSTNng">1314.104</dst>
            <dst id="IPLSng">3032.72533333333</dst>
            <dst id="KSCYng">2310.256</dst>
            <dst id="LOSAng">2083.50666666667</dst>
            <dst id="NYCMng">4557.50933333333</dst>
            <dst id="SNVAng">388.264</dst>
            <dst id="STTLng">3186.38666666667</dst>
            <dst id="WASHng">2523.69333333333</dst>
        </src>
        <src id="STTLng">
            <dst id="ATLA-M5">896.309333333333</dst>
            <dst id="ATLAng">14606.0453333333</dst>
            <dst id="CHINng">42595.4426666667</dst>
            <dst id="DNVRng">5097.264</dst>
            <dst id="HSTNng">4371.61333333333</dst>
            <dst id="IPLSng">20044.84</dst>
            <dst id="KSCYng">5915.512</dst>
            <dst id="LOSAng">22121.9013333333</dst>
            <dst id="NYCMng">15901.768</dst>
            <dst id="SNVAng">2908.032</dst>
            <dst id="STTLng">6279.88</dst>
            <dst id="WASHng">10508.9946666667</dst>
        </src>
        <src id="WASHng">
            <dst id="ATLA-M5">1844.64</dst>
            <dst id="ATLAng">110104.869333333</dst>
            <dst id="CHINng">90225.9146666667</dst>
            <dst id="DNVRng">34133.376</dst>
            <dst id="HSTNng">13720.7786666667</dst>
            <dst id="IPLSng">39168.1546666667</dst>
            <dst id="KSCYng">22786.0613333333</dst>
            <dst id="LOSAng">79527.2133333333</dst>
            <dst id="NYCMng">169767.346666667</dst>
            <dst id="SNVAng">4167.976</dst>
            <dst id="STTLng">29096.624</dst>
            <dst id="WASHng">164433.997333333</dst>
        </src>
    </IntraTM>
</TrafficMatrixFile>
