<?xml version="1.0" encoding="ISO-8859-1" standalone="yes"?>
<TrafficMatrixFile xsi:noNamespaceSchemaLocation="http://totem.run.montefiore.ulg.ac.be/Schema/TrafficMatrix-v1_2.xsd" xmlns:xsi="http://www.w3.org/2001/XMLSchema-instance">
    <IntraTM ASID="11537">
        <src id="ATLA-M5">
            <dst id="ATLA-M5">187.394666666667</dst>
            <dst id="ATLAng">476.498666666667</dst>
            <dst id="CHINng">1145.392</dst>
            <dst id="DNVRng">53.248</dst>
            <dst id="HSTNng">204.237333333333</dst>
            <dst id="IPLSng">615.210666666667</dst>
            <dst id="KSCYng">307.250666666667</dst>
            <dst id="LOSAng">170.208</dst>
            <dst id="NYCMng">272.914666666667</dst>
            <dst id="SNVAng">508.184</dst>
            <dst id="STTLng">0</dst>
            <dst id="WASHng">2344.872</dst>
        </src>
        <src id="ATLAng">
            <dst id="ATLA-M5">882.050666666667</dst>
            <dst id="ATLAng">45278.6826666667</dst>
            <dst id="CHINng">19599.0613333333</dst>
            <dst id="DNVRng">3827.36266666667</dst>
            <dst id="HSTNng">6004.61066666667</dst>
            <dst id="IPLSng">18203.7413333333</dst>
            <dst id="KSCYng">5641.31466666667</dst>
            <dst id="LOSAng">16846.5306666667</dst>
            <dst id="NYCMng">18459.136</dst>
            <dst id="SNVAng">2348.70666666667</dst>
            <dst id="STTLng">8987.416</dst>
            <dst id="WASHng">64281.3066666667</dst>
        </src>
        <src id="CHINng">
            <dst id="ATLA-M5">3960.64266666667</dst>
            <dst id="ATLAng">10882.3573333333</dst>
            <dst id="CHINng">25202.568</dst>
            <dst id="DNVRng">14014.984</dst>
            <dst id="HSTNng">14833.1093333333</dst>
            <dst id="IPLSng">22522.0613333333</dst>
            <dst id="KSCYng">13279.0186666667</dst>
            <dst id="LOSAng">21331.8506666667</dst>
            <dst id="NYCMng">5783.6</dst>
            <dst id="SNVAng">1530.90933333333</dst>
            <dst id="STTLng">7322.71466666667</dst>
            <dst id="WASHng">10778.4853333333</dst>
        </src>
        <src id="DNVRng">
            <dst id="ATLA-M5">226.906666666667</dst>
            <dst id="ATLAng">1969.46666666667</dst>
            <dst id="CHINng">46677.3813333333</dst>
            <dst id="DNVRng">7436.74133333334</dst>
            <dst id="HSTNng">3220.61866666667</dst>
            <dst id="IPLSng">21045.816</dst>
            <dst id="KSCYng">14676.992</dst>
            <dst id="LOSAng">12754.0186666667</dst>
            <dst id="NYCMng">26477.6666666667</dst>
            <dst id="SNVAng">16893.744</dst>
            <dst id="STTLng">28897.3946666667</dst>
            <dst id="WASHng">20278.8293333333</dst>
        </src>
        <src id="HSTNng">
            <dst id="ATLA-M5">2865.85066666667</dst>
            <dst id="ATLAng">7037.192</dst>
            <dst id="CHINng">29141.552</dst>
            <dst id="DNVRng">4032.80266666667</dst>
            <dst id="HSTNng">5122.81866666667</dst>
            <dst id="IPLSng">10796.288</dst>
            <dst id="KSCYng">7978.01333333333</dst>
            <dst id="LOSAng">5588.75733333333</dst>
            <dst id="NYCMng">7384.32266666667</dst>
            <dst id="SNVAng">2169.4</dst>
            <dst id="STTLng">2609.488</dst>
            <dst id="WASHng">8190.23466666667</dst>
        </src>
        <src id="IPLSng">
            <dst id="ATLA-M5">3567.97333333333</dst>
            <dst id="ATLAng">11013.752</dst>
            <dst id="CHINng">85742.328</dst>
            <dst id="DNVRng">12446.8133333333</dst>
            <dst id="HSTNng">11718.6853333333</dst>
            <dst id="IPLSng">22498.9173333333</dst>
            <dst id="KSCYng">12941.608</dst>
            <dst id="LOSAng">24085.408</dst>
            <dst id="NYCMng">33391.488</dst>
            <dst id="SNVAng">3197.584</dst>
            <dst id="STTLng">13021.712</dst>
            <dst id="WASHng">43536.4133333333</dst>
        </src>
        <src id="KSCYng">
            <dst id="ATLA-M5">511.930666666667</dst>
            <dst id="ATLAng">3646.62666666667</dst>
            <dst id="CHINng">33966.1386666667</dst>
            <dst id="DNVRng">6783.91733333333</dst>
            <dst id="HSTNng">4002.184</dst>
            <dst id="IPLSng">22162.104</dst>
            <dst id="KSCYng">6601.44266666667</dst>
            <dst id="LOSAng">6315.44266666667</dst>
            <dst id="NYCMng">9833.85333333333</dst>
            <dst id="SNVAng">1566.648</dst>
            <dst id="STTLng">4483.72266666667</dst>
            <dst id="WASHng">12509.0186666667</dst>
        </src>
        <src id="LOSAng">
            <dst id="ATLA-M5">298.957333333333</dst>
            <dst id="ATLAng">30389.424</dst>
            <dst id="CHINng">94412.0453333333</dst>
            <dst id="DNVRng">9258.76533333333</dst>
            <dst id="HSTNng">13839.7466666667</dst>
            <dst id="IPLSng">37174.2933333333</dst>
            <dst id="KSCYng">10121.84</dst>
            <dst id="LOSAng">13711.36</dst>
            <dst id="NYCMng">54972.8373333333</dst>
            <dst id="SNVAng">5144.632</dst>
            <dst id="STTLng">35389.192</dst>
            <dst id="WASHng">76367.272</dst>
        </src>
        <src id="NYCMng">
            <dst id="ATLA-M5">2080.62133333333</dst>
            <dst id="ATLAng">41131.4</dst>
            <dst id="CHINng">63324.9653333333</dst>
            <dst id="DNVRng">17312.536</dst>
            <dst id="HSTNng">17568.8933333333</dst>
            <dst id="IPLSng">92716.3573333333</dst>
            <dst id="KSCYng">27036.9946666667</dst>
            <dst id="LOSAng">62147.6853333333</dst>
            <dst id="NYCMng">130861.522666667</dst>
            <dst id="SNVAng">7796.216</dst>
            <dst id="STTLng">25026.3066666667</dst>
            <dst id="WASHng">108871.629333333</dst>
        </src>
        <src id="SNVAng">
            <dst id="ATLA-M5">26.6666666666667</dst>
            <dst id="ATLAng">1112.34666666667</dst>
            <dst id="CHINng">3553.60266666667</dst>
            <dst id="DNVRng">7302.22933333333</dst>
            <dst id="HSTNng">797.858666666667</dst>
            <dst id="IPLSng">3680.41333333333</dst>
            <dst id="KSCYng">1396.32533333333</dst>
            <dst id="LOSAng">2654.128</dst>
            <dst id="NYCMng">2898.752</dst>
            <dst id="SNVAng">835.762666666667</dst>
            <dst id="STTLng">2183.23733333333</dst>
            <dst id="WASHng">2597.92533333333</dst>
        </src>
        <src id="STTLng">
            <dst id="ATLA-M5">60.5626666666667</dst>
            <dst id="ATLAng">16352.0293333333</dst>
            <dst id="CHINng">22078.2453333333</dst>
            <dst id="DNVRng">4607.12266666667</dst>
            <dst id="HSTNng">5535.01866666667</dst>
            <dst id="IPLSng">10022.016</dst>
            <dst id="KSCYng">4321.40533333333</dst>
            <dst id="LOSAng">21326.528</dst>
            <dst id="NYCMng">18510.3013333333</dst>
            <dst id="SNVAng">3310.33066666667</dst>
            <dst id="STTLng">5019.88</dst>
            <dst id="WASHng">7114.55466666667</dst>
        </src>
        <src id="WASHng">
            <dst id="ATLA-M5">318.397333333333</dst>
            <dst id="ATLAng">128298.392</dst>
            <dst id="CHINng">90460.7386666667</dst>
            <dst id="DNVRng">40599.712</dst>
            <dst id="HSTNng">11372.5386666667</dst>
            <dst id="IPLSng">68380.016</dst>
            <dst id="KSCYng">18755.5866666667</dst>
            <dst id="LOSAng">82106.4666666667</dst>
            <dst id="NYCMng">157008.717333333</dst>
            <dst id="SNVAng">9130.69866666667</dst>
            <dst id="STTLng">38016.2293333333</dst>
            <dst id="WASHng">261098.173333333</dst>
        </src>
    </IntraTM>
</TrafficMatrixFile>
