<?xml version="1.0" encoding="ISO-8859-1" standalone="yes"?>
<TrafficMatrixFile xsi:noNamespaceSchemaLocation="http://totem.run.montefiore.ulg.ac.be/Schema/TrafficMatrix-v1_2.xsd" xmlns:xsi="http://www.w3.org/2001/XMLSchema-instance">
    <IntraTM ASID="11537">
        <src id="ATLA-M5">
            <dst id="ATLA-M5">146.693333333333</dst>
            <dst id="ATLAng">303.6</dst>
            <dst id="CHINng">611.434666666667</dst>
            <dst id="DNVRng">172.464</dst>
            <dst id="HSTNng">233.693333333333</dst>
            <dst id="IPLSng">955.861333333333</dst>
            <dst id="KSCYng">189.624</dst>
            <dst id="LOSAng">225.045333333333</dst>
            <dst id="NYCMng">197.853333333333</dst>
            <dst id="SNVAng">191.786666666667</dst>
            <dst id="STTLng">239.08</dst>
            <dst id="WASHng">6844.73866666667</dst>
        </src>
        <src id="ATLAng">
            <dst id="ATLA-M5">1674.70133333333</dst>
            <dst id="ATLAng">35228.3333333333</dst>
            <dst id="CHINng">24740.0826666667</dst>
            <dst id="DNVRng">1310.11466666667</dst>
            <dst id="HSTNng">2580.51466666667</dst>
            <dst id="IPLSng">28626.096</dst>
            <dst id="KSCYng">6638.024</dst>
            <dst id="LOSAng">12912.3493333333</dst>
            <dst id="NYCMng">15666.4346666667</dst>
            <dst id="SNVAng">1132.74666666667</dst>
            <dst id="STTLng">7552.53066666667</dst>
            <dst id="WASHng">139237.245333333</dst>
        </src>
        <src id="CHINng">
            <dst id="ATLA-M5">266.973333333333</dst>
            <dst id="ATLAng">12788.1493333333</dst>
            <dst id="CHINng">38770.2</dst>
            <dst id="DNVRng">6306.20266666667</dst>
            <dst id="HSTNng">5330.09333333333</dst>
            <dst id="IPLSng">18946.4213333333</dst>
            <dst id="KSCYng">25425.848</dst>
            <dst id="LOSAng">11549.9386666667</dst>
            <dst id="NYCMng">9083.13866666667</dst>
            <dst id="SNVAng">2252.89866666667</dst>
            <dst id="STTLng">9163.25333333333</dst>
            <dst id="WASHng">20126.664</dst>
        </src>
        <src id="DNVRng">
            <dst id="ATLA-M5">357.365333333333</dst>
            <dst id="ATLAng">8947.016</dst>
            <dst id="CHINng">47638.6933333333</dst>
            <dst id="DNVRng">5811.83466666667</dst>
            <dst id="HSTNng">4657.832</dst>
            <dst id="IPLSng">12642.7493333333</dst>
            <dst id="KSCYng">15430.4346666667</dst>
            <dst id="LOSAng">7034.41066666666</dst>
            <dst id="NYCMng">16580.6213333333</dst>
            <dst id="SNVAng">12934.1466666667</dst>
            <dst id="STTLng">14744.2586666667</dst>
            <dst id="WASHng">19434.568</dst>
        </src>
        <src id="HSTNng">
            <dst id="ATLA-M5">1653.46666666667</dst>
            <dst id="ATLAng">4549.2</dst>
            <dst id="CHINng">29247.5946666667</dst>
            <dst id="DNVRng">1036.376</dst>
            <dst id="HSTNng">8992.59733333333</dst>
            <dst id="IPLSng">5266.04</dst>
            <dst id="KSCYng">5529.12266666667</dst>
            <dst id="LOSAng">189967.608</dst>
            <dst id="NYCMng">7971.088</dst>
            <dst id="SNVAng">643.888</dst>
            <dst id="STTLng">1455.50666666667</dst>
            <dst id="WASHng">14120.3093333333</dst>
        </src>
        <src id="IPLSng">
            <dst id="ATLA-M5">358.04</dst>
            <dst id="ATLAng">19450.9333333333</dst>
            <dst id="CHINng">118096.877333333</dst>
            <dst id="DNVRng">13866.208</dst>
            <dst id="HSTNng">12047.9066666667</dst>
            <dst id="IPLSng">41833.936</dst>
            <dst id="KSCYng">13178.2666666667</dst>
            <dst id="LOSAng">78414.4</dst>
            <dst id="NYCMng">29825.9466666667</dst>
            <dst id="SNVAng">1922.03466666667</dst>
            <dst id="STTLng">7699.64</dst>
            <dst id="WASHng">26239.9226666667</dst>
        </src>
        <src id="KSCYng">
            <dst id="ATLA-M5">531.341333333333</dst>
            <dst id="ATLAng">9745.64266666667</dst>
            <dst id="CHINng">42365.232</dst>
            <dst id="DNVRng">2986.33066666667</dst>
            <dst id="HSTNng">4796.808</dst>
            <dst id="IPLSng">23213.0053333333</dst>
            <dst id="KSCYng">5447.528</dst>
            <dst id="LOSAng">3274.76</dst>
            <dst id="NYCMng">12433.7546666667</dst>
            <dst id="SNVAng">1665.104</dst>
            <dst id="STTLng">2765.14133333333</dst>
            <dst id="WASHng">12749.2613333333</dst>
        </src>
        <src id="LOSAng">
            <dst id="ATLA-M5">192.090666666667</dst>
            <dst id="ATLAng">21497.4133333333</dst>
            <dst id="CHINng">138553.344</dst>
            <dst id="DNVRng">43555.472</dst>
            <dst id="HSTNng">10010.4133333333</dst>
            <dst id="IPLSng">51674.336</dst>
            <dst id="KSCYng">9403.47466666667</dst>
            <dst id="LOSAng">10944.0853333333</dst>
            <dst id="NYCMng">63958.0826666667</dst>
            <dst id="SNVAng">2941.49333333333</dst>
            <dst id="STTLng">17736.104</dst>
            <dst id="WASHng">88048.6933333333</dst>
        </src>
        <src id="NYCMng">
            <dst id="ATLA-M5">1527.22933333333</dst>
            <dst id="ATLAng">45864.6933333333</dst>
            <dst id="CHINng">76296.192</dst>
            <dst id="DNVRng">16330.1093333333</dst>
            <dst id="HSTNng">36475.1813333333</dst>
            <dst id="IPLSng">81204.9386666667</dst>
            <dst id="KSCYng">26849.56</dst>
            <dst id="LOSAng">51104.224</dst>
            <dst id="NYCMng">193366.773333333</dst>
            <dst id="SNVAng">7108.58666666667</dst>
            <dst id="STTLng">20189.2746666667</dst>
            <dst id="WASHng">92228.176</dst>
        </src>
        <src id="SNVAng">
            <dst id="ATLA-M5">520.056</dst>
            <dst id="ATLAng">867.466666666667</dst>
            <dst id="CHINng">9245.92533333334</dst>
            <dst id="DNVRng">3332.79733333333</dst>
            <dst id="HSTNng">506.330666666667</dst>
            <dst id="IPLSng">3352.50666666667</dst>
            <dst id="KSCYng">430.4</dst>
            <dst id="LOSAng">14168.7493333333</dst>
            <dst id="NYCMng">1781.62933333333</dst>
            <dst id="SNVAng">227.469333333333</dst>
            <dst id="STTLng">1266.92</dst>
            <dst id="WASHng">4500.18933333333</dst>
        </src>
        <src id="STTLng">
            <dst id="ATLA-M5">268.050666666667</dst>
            <dst id="ATLAng">20767.032</dst>
            <dst id="CHINng">73378.0026666667</dst>
            <dst id="DNVRng">3913.97866666667</dst>
            <dst id="HSTNng">2177.38666666667</dst>
            <dst id="IPLSng">11902.4346666667</dst>
            <dst id="KSCYng">4631.75733333333</dst>
            <dst id="LOSAng">18219.1066666667</dst>
            <dst id="NYCMng">24771.3253333333</dst>
            <dst id="SNVAng">5020.808</dst>
            <dst id="STTLng">5720.376</dst>
            <dst id="WASHng">12841.5546666667</dst>
        </src>
        <src id="WASHng">
            <dst id="ATLA-M5">1123.18133333333</dst>
            <dst id="ATLAng">125959.853333333</dst>
            <dst id="CHINng">90177.1706666667</dst>
            <dst id="DNVRng">43442.5253333333</dst>
            <dst id="HSTNng">18335.7706666667</dst>
            <dst id="IPLSng">63812.968</dst>
            <dst id="KSCYng">37557.464</dst>
            <dst id="LOSAng">46826.3173333333</dst>
            <dst id="NYCMng">148372.645333333</dst>
            <dst id="SNVAng">3490.81333333333</dst>
            <dst id="STTLng">27633.52</dst>
            <dst id="WASHng">389768.586666667</dst>
        </src>
    </IntraTM>
</TrafficMatrixFile>
