<?xml version="1.0" encoding="ISO-8859-1" standalone="yes"?>
<TrafficMatrixFile xsi:noNamespaceSchemaLocation="http://totem.run.montefiore.ulg.ac.be/Schema/TrafficMatrix-v1_2.xsd" xmlns:xsi="http://www.w3.org/2001/XMLSchema-instance">
    <IntraTM ASID="11537">
        <src id="ATLA-M5">
            <dst id="ATLA-M5">140.789333333333</dst>
            <dst id="ATLAng">634.770666666667</dst>
            <dst id="CHINng">728.722666666667</dst>
            <dst id="DNVRng">26.6666666666667</dst>
            <dst id="HSTNng">107.042666666667</dst>
            <dst id="IPLSng">3306.98666666667</dst>
            <dst id="KSCYng">340.341333333333</dst>
            <dst id="LOSAng">413.917333333333</dst>
            <dst id="NYCMng">1811.66666666667</dst>
            <dst id="SNVAng">26.6666666666667</dst>
            <dst id="STTLng">268.405333333333</dst>
            <dst id="WASHng">4595.76533333333</dst>
        </src>
        <src id="ATLAng">
            <dst id="ATLA-M5">502.432</dst>
            <dst id="ATLAng">67135.248</dst>
            <dst id="CHINng">23432.3413333333</dst>
            <dst id="DNVRng">3897.032</dst>
            <dst id="HSTNng">11389.6933333333</dst>
            <dst id="IPLSng">25978.1946666667</dst>
            <dst id="KSCYng">6835.54133333334</dst>
            <dst id="LOSAng">11922.9893333333</dst>
            <dst id="NYCMng">19632.192</dst>
            <dst id="SNVAng">1850.22933333333</dst>
            <dst id="STTLng">5044.38666666667</dst>
            <dst id="WASHng">96141.9866666667</dst>
        </src>
        <src id="CHINng">
            <dst id="ATLA-M5">146.082666666667</dst>
            <dst id="ATLAng">20331.0986666667</dst>
            <dst id="CHINng">55677.5306666667</dst>
            <dst id="DNVRng">7762.57866666667</dst>
            <dst id="HSTNng">12991.752</dst>
            <dst id="IPLSng">19217.272</dst>
            <dst id="KSCYng">9434.568</dst>
            <dst id="LOSAng">24645.8426666667</dst>
            <dst id="NYCMng">6544.17066666666</dst>
            <dst id="SNVAng">1942.608</dst>
            <dst id="STTLng">7376.36266666667</dst>
            <dst id="WASHng">9814.272</dst>
        </src>
        <src id="DNVRng">
            <dst id="ATLA-M5">207.674666666667</dst>
            <dst id="ATLAng">12599.6773333333</dst>
            <dst id="CHINng">84333.4346666667</dst>
            <dst id="DNVRng">16991.056</dst>
            <dst id="HSTNng">11620.6773333333</dst>
            <dst id="IPLSng">29965.9653333333</dst>
            <dst id="KSCYng">15979.584</dst>
            <dst id="LOSAng">6395.128</dst>
            <dst id="NYCMng">29560.5173333333</dst>
            <dst id="SNVAng">12132.1173333333</dst>
            <dst id="STTLng">11001.6266666667</dst>
            <dst id="WASHng">62575.7386666667</dst>
        </src>
        <src id="HSTNng">
            <dst id="ATLA-M5">383.573333333333</dst>
            <dst id="ATLAng">6144.07466666667</dst>
            <dst id="CHINng">45098.936</dst>
            <dst id="DNVRng">1727.84</dst>
            <dst id="HSTNng">7179.22666666667</dst>
            <dst id="IPLSng">8669.84533333333</dst>
            <dst id="KSCYng">2357.912</dst>
            <dst id="LOSAng">99585.296</dst>
            <dst id="NYCMng">6223.272</dst>
            <dst id="SNVAng">920.92</dst>
            <dst id="STTLng">2195.352</dst>
            <dst id="WASHng">15110.8426666667</dst>
        </src>
        <src id="IPLSng">
            <dst id="ATLA-M5">420.152</dst>
            <dst id="ATLAng">25008.4293333333</dst>
            <dst id="CHINng">144993.832</dst>
            <dst id="DNVRng">20336.4773333333</dst>
            <dst id="HSTNng">6054.44</dst>
            <dst id="IPLSng">30412.4293333333</dst>
            <dst id="KSCYng">15193.8</dst>
            <dst id="LOSAng">29430.0933333333</dst>
            <dst id="NYCMng">32268.7386666667</dst>
            <dst id="SNVAng">2701.22666666667</dst>
            <dst id="STTLng">8628.54666666667</dst>
            <dst id="WASHng">59777.6666666667</dst>
        </src>
        <src id="KSCYng">
            <dst id="ATLA-M5">362.845333333333</dst>
            <dst id="ATLAng">5804.76</dst>
            <dst id="CHINng">47739.3546666667</dst>
            <dst id="DNVRng">7507.47466666667</dst>
            <dst id="HSTNng">11554.4053333333</dst>
            <dst id="IPLSng">22146.4053333333</dst>
            <dst id="KSCYng">9516.776</dst>
            <dst id="LOSAng">4404.74133333333</dst>
            <dst id="NYCMng">7763.00533333334</dst>
            <dst id="SNVAng">1835.24266666667</dst>
            <dst id="STTLng">3049.50133333333</dst>
            <dst id="WASHng">12347.336</dst>
        </src>
        <src id="LOSAng">
            <dst id="ATLA-M5">987.042666666667</dst>
            <dst id="ATLAng">21073.4506666667</dst>
            <dst id="CHINng">165346.061333333</dst>
            <dst id="DNVRng">10968.904</dst>
            <dst id="HSTNng">6798.63733333333</dst>
            <dst id="IPLSng">39924.4266666667</dst>
            <dst id="KSCYng">10219.5093333333</dst>
            <dst id="LOSAng">13039.5786666667</dst>
            <dst id="NYCMng">61190.248</dst>
            <dst id="SNVAng">7806.27733333333</dst>
            <dst id="STTLng">25627.176</dst>
            <dst id="WASHng">63825.2053333333</dst>
        </src>
        <src id="NYCMng">
            <dst id="ATLA-M5">564.133333333333</dst>
            <dst id="ATLAng">46940.088</dst>
            <dst id="CHINng">70106.6453333333</dst>
            <dst id="DNVRng">28171.4533333333</dst>
            <dst id="HSTNng">18130.2106666667</dst>
            <dst id="IPLSng">60702.1813333333</dst>
            <dst id="KSCYng">19646.3386666667</dst>
            <dst id="LOSAng">51695.7573333333</dst>
            <dst id="NYCMng">163103.496</dst>
            <dst id="SNVAng">8681.776</dst>
            <dst id="STTLng">24899.632</dst>
            <dst id="WASHng">91110.896</dst>
        </src>
        <src id="SNVAng">
            <dst id="ATLA-M5">26.6666666666667</dst>
            <dst id="ATLAng">732.066666666666</dst>
            <dst id="CHINng">6934.31466666666</dst>
            <dst id="DNVRng">3314.63733333333</dst>
            <dst id="HSTNng">379.272</dst>
            <dst id="IPLSng">6816.216</dst>
            <dst id="KSCYng">856.088</dst>
            <dst id="LOSAng">29864.96</dst>
            <dst id="NYCMng">2923.02933333333</dst>
            <dst id="SNVAng">13911.5306666667</dst>
            <dst id="STTLng">51627.2506666667</dst>
            <dst id="WASHng">1492.424</dst>
        </src>
        <src id="STTLng">
            <dst id="ATLA-M5">509.237333333333</dst>
            <dst id="ATLAng">14690.6106666667</dst>
            <dst id="CHINng">82034.9866666667</dst>
            <dst id="DNVRng">2575.31466666667</dst>
            <dst id="HSTNng">4238.75466666667</dst>
            <dst id="IPLSng">15709.1413333333</dst>
            <dst id="KSCYng">6197.06133333333</dst>
            <dst id="LOSAng">19423.6</dst>
            <dst id="NYCMng">28709.0986666667</dst>
            <dst id="SNVAng">6751.616</dst>
            <dst id="STTLng">10724.4746666667</dst>
            <dst id="WASHng">15838.8293333333</dst>
        </src>
        <src id="WASHng">
            <dst id="ATLA-M5">600.858666666667</dst>
            <dst id="ATLAng">103956.152</dst>
            <dst id="CHINng">87032.2106666667</dst>
            <dst id="DNVRng">53577.9493333333</dst>
            <dst id="HSTNng">18634.144</dst>
            <dst id="IPLSng">68794.7093333333</dst>
            <dst id="KSCYng">19414.8506666667</dst>
            <dst id="LOSAng">57034.168</dst>
            <dst id="NYCMng">153892.882666667</dst>
            <dst id="SNVAng">2111.81066666667</dst>
            <dst id="STTLng">26857.4586666667</dst>
            <dst id="WASHng">357487.28</dst>
        </src>
    </IntraTM>
</TrafficMatrixFile>
