<?xml version="1.0" encoding="ISO-8859-1" standalone="yes"?>
<TrafficMatrixFile xsi:noNamespaceSchemaLocation="http://totem.run.montefiore.ulg.ac.be/Schema/TrafficMatrix-v1_2.xsd" xmlns:xsi="http://www.w3.org/2001/XMLSchema-instance">
    <IntraTM ASID="11537">
        <src id="ATLA-M5">
            <dst id="ATLA-M5">0</dst>
            <dst id="ATLAng">504.506666666667</dst>
            <dst id="CHINng">2592.136</dst>
            <dst id="DNVRng">451.968</dst>
            <dst id="HSTNng">403.394666666666</dst>
            <dst id="IPLSng">1367.472</dst>
            <dst id="KSCYng">183.597333333333</dst>
            <dst id="LOSAng">417.498666666667</dst>
            <dst id="NYCMng">1249.50933333333</dst>
            <dst id="SNVAng">280.173333333333</dst>
            <dst id="STTLng">368.616</dst>
            <dst id="WASHng">1628.352</dst>
        </src>
        <src id="ATLAng">
            <dst id="ATLA-M5">1198.536</dst>
            <dst id="ATLAng">22558.192</dst>
            <dst id="CHINng">22975.704</dst>
            <dst id="DNVRng">6507.89866666667</dst>
            <dst id="HSTNng">5216.11466666667</dst>
            <dst id="IPLSng">31764.432</dst>
            <dst id="KSCYng">4889.65333333333</dst>
            <dst id="LOSAng">18869.4573333333</dst>
            <dst id="NYCMng">19386.296</dst>
            <dst id="SNVAng">2541.95866666667</dst>
            <dst id="STTLng">10354.456</dst>
            <dst id="WASHng">68071.4853333333</dst>
        </src>
        <src id="CHINng">
            <dst id="ATLA-M5">4368.584</dst>
            <dst id="ATLAng">20482.2746666667</dst>
            <dst id="CHINng">30434.0853333333</dst>
            <dst id="DNVRng">13496.1653333333</dst>
            <dst id="HSTNng">12125.784</dst>
            <dst id="IPLSng">46739.4586666667</dst>
            <dst id="KSCYng">13217.1226666667</dst>
            <dst id="LOSAng">30525.5946666667</dst>
            <dst id="NYCMng">3983.35466666667</dst>
            <dst id="SNVAng">3829.30933333333</dst>
            <dst id="STTLng">7476.736</dst>
            <dst id="WASHng">10918.912</dst>
        </src>
        <src id="DNVRng">
            <dst id="ATLA-M5">325.68</dst>
            <dst id="ATLAng">10074.72</dst>
            <dst id="CHINng">53936.9306666667</dst>
            <dst id="DNVRng">18027.16</dst>
            <dst id="HSTNng">14490.0506666667</dst>
            <dst id="IPLSng">31477.0266666667</dst>
            <dst id="KSCYng">33487.944</dst>
            <dst id="LOSAng">11469.464</dst>
            <dst id="NYCMng">28814.672</dst>
            <dst id="SNVAng">10112.8293333333</dst>
            <dst id="STTLng">23091.7306666667</dst>
            <dst id="WASHng">57152.6213333333</dst>
        </src>
        <src id="HSTNng">
            <dst id="ATLA-M5">3637.22133333333</dst>
            <dst id="ATLAng">7609.90133333333</dst>
            <dst id="CHINng">33214.7546666667</dst>
            <dst id="DNVRng">5852.456</dst>
            <dst id="HSTNng">7734.53066666667</dst>
            <dst id="IPLSng">10554.32</dst>
            <dst id="KSCYng">3882.41066666667</dst>
            <dst id="LOSAng">9521.66133333333</dst>
            <dst id="NYCMng">7712.6</dst>
            <dst id="SNVAng">1930.91733333333</dst>
            <dst id="STTLng">3990.37866666667</dst>
            <dst id="WASHng">13485.5573333333</dst>
        </src>
        <src id="IPLSng">
            <dst id="ATLA-M5">1577.14933333333</dst>
            <dst id="ATLAng">15268.2613333333</dst>
            <dst id="CHINng">90468.088</dst>
            <dst id="DNVRng">28390.8266666667</dst>
            <dst id="HSTNng">9668.02666666667</dst>
            <dst id="IPLSng">32268.3546666667</dst>
            <dst id="KSCYng">17555.5813333333</dst>
            <dst id="LOSAng">25106.1706666667</dst>
            <dst id="NYCMng">56173.6106666667</dst>
            <dst id="SNVAng">5367.46666666667</dst>
            <dst id="STTLng">22157.9013333333</dst>
            <dst id="WASHng">58926.1173333333</dst>
        </src>
        <src id="KSCYng">
            <dst id="ATLA-M5">795.426666666667</dst>
            <dst id="ATLAng">3060.8</dst>
            <dst id="CHINng">36290.872</dst>
            <dst id="DNVRng">8676.56266666666</dst>
            <dst id="HSTNng">5512.11733333333</dst>
            <dst id="IPLSng">20966.9013333333</dst>
            <dst id="KSCYng">14442.8426666667</dst>
            <dst id="LOSAng">6579.10933333334</dst>
            <dst id="NYCMng">12364.7306666667</dst>
            <dst id="SNVAng">1751.728</dst>
            <dst id="STTLng">5021.64266666667</dst>
            <dst id="WASHng">18863.8826666667</dst>
        </src>
        <src id="LOSAng">
            <dst id="ATLA-M5">522.914666666667</dst>
            <dst id="ATLAng">21864.7813333333</dst>
            <dst id="CHINng">103974.501333333</dst>
            <dst id="DNVRng">10952.7253333333</dst>
            <dst id="HSTNng">12831.3893333333</dst>
            <dst id="IPLSng">69450.4373333333</dst>
            <dst id="KSCYng">15473.7733333333</dst>
            <dst id="LOSAng">21344.5946666667</dst>
            <dst id="NYCMng">67664.9173333333</dst>
            <dst id="SNVAng">16652.6853333333</dst>
            <dst id="STTLng">39703.0026666667</dst>
            <dst id="WASHng">75854.3946666667</dst>
        </src>
        <src id="NYCMng">
            <dst id="ATLA-M5">1779.312</dst>
            <dst id="ATLAng">52084.5786666667</dst>
            <dst id="CHINng">83352.1626666667</dst>
            <dst id="DNVRng">34935.1066666667</dst>
            <dst id="HSTNng">37444.6266666667</dst>
            <dst id="IPLSng">74515.6293333334</dst>
            <dst id="KSCYng">32484.232</dst>
            <dst id="LOSAng">100497.826666667</dst>
            <dst id="NYCMng">175294.824</dst>
            <dst id="SNVAng">10643.4746666667</dst>
            <dst id="STTLng">41139.88</dst>
            <dst id="WASHng">172382.421333333</dst>
        </src>
        <src id="SNVAng">
            <dst id="ATLA-M5">96.312</dst>
            <dst id="ATLAng">2384.28533333333</dst>
            <dst id="CHINng">3447.96533333333</dst>
            <dst id="DNVRng">5325.30133333333</dst>
            <dst id="HSTNng">2305.848</dst>
            <dst id="IPLSng">2777.78133333333</dst>
            <dst id="KSCYng">1446.6</dst>
            <dst id="LOSAng">39617.7066666667</dst>
            <dst id="NYCMng">3739.36</dst>
            <dst id="SNVAng">15380.432</dst>
            <dst id="STTLng">69525.5573333333</dst>
            <dst id="WASHng">3350.43733333333</dst>
        </src>
        <src id="STTLng">
            <dst id="ATLA-M5">423.354666666667</dst>
            <dst id="ATLAng">13905.9946666667</dst>
            <dst id="CHINng">45152.328</dst>
            <dst id="DNVRng">5059.54666666667</dst>
            <dst id="HSTNng">3273.85866666667</dst>
            <dst id="IPLSng">21277.0853333333</dst>
            <dst id="KSCYng">5105.28533333333</dst>
            <dst id="LOSAng">33285.9013333333</dst>
            <dst id="NYCMng">25149.0053333333</dst>
            <dst id="SNVAng">6504.28533333333</dst>
            <dst id="STTLng">14487.8613333333</dst>
            <dst id="WASHng">13858.7866666667</dst>
        </src>
        <src id="WASHng">
            <dst id="ATLA-M5">6876.112</dst>
            <dst id="ATLAng">135762.354666667</dst>
            <dst id="CHINng">95642.896</dst>
            <dst id="DNVRng">64773.7786666667</dst>
            <dst id="HSTNng">23751.8986666667</dst>
            <dst id="IPLSng">98753.1786666667</dst>
            <dst id="KSCYng">18358.0506666667</dst>
            <dst id="LOSAng">73586.752</dst>
            <dst id="NYCMng">192184.216</dst>
            <dst id="SNVAng">24154.0586666667</dst>
            <dst id="STTLng">43817.3066666667</dst>
            <dst id="WASHng">307247.226666667</dst>
        </src>
    </IntraTM>
</TrafficMatrixFile>
