<?xml version="1.0" encoding="ISO-8859-1" standalone="yes"?>
<TrafficMatrixFile xsi:noNamespaceSchemaLocation="http://totem.run.montefiore.ulg.ac.be/Schema/TrafficMatrix-v1_2.xsd" xmlns:xsi="http://www.w3.org/2001/XMLSchema-instance">
    <IntraTM ASID="11537">
        <src id="ATLA-M5">
            <dst id="ATLA-M5">221.253333333333</dst>
            <dst id="ATLAng">740.933333333334</dst>
            <dst id="CHINng">1119.312</dst>
            <dst id="DNVRng">556.128</dst>
            <dst id="HSTNng">333.621333333333</dst>
            <dst id="IPLSng">1038.144</dst>
            <dst id="KSCYng">156.24</dst>
            <dst id="LOSAng">695.626666666667</dst>
            <dst id="NYCMng">853.248</dst>
            <dst id="SNVAng">81.76</dst>
            <dst id="STTLng">280.005333333333</dst>
            <dst id="WASHng">1101.26933333333</dst>
        </src>
        <src id="ATLAng">
            <dst id="ATLA-M5">254.56</dst>
            <dst id="ATLAng">38290.8613333333</dst>
            <dst id="CHINng">21625.9093333333</dst>
            <dst id="DNVRng">7366.24533333333</dst>
            <dst id="HSTNng">3700.41333333333</dst>
            <dst id="IPLSng">26526.072</dst>
            <dst id="KSCYng">5158.68</dst>
            <dst id="LOSAng">26256.584</dst>
            <dst id="NYCMng">17175.7466666667</dst>
            <dst id="SNVAng">937.778666666667</dst>
            <dst id="STTLng">8181.54666666667</dst>
            <dst id="WASHng">57416.8373333333</dst>
        </src>
        <src id="CHINng">
            <dst id="ATLA-M5">3967.87466666667</dst>
            <dst id="ATLAng">8440.032</dst>
            <dst id="CHINng">32518.9066666667</dst>
            <dst id="DNVRng">6987.29066666667</dst>
            <dst id="HSTNng">11148.5706666667</dst>
            <dst id="IPLSng">30692.08</dst>
            <dst id="KSCYng">7183.51466666667</dst>
            <dst id="LOSAng">24096.9066666667</dst>
            <dst id="NYCMng">7459.728</dst>
            <dst id="SNVAng">2162.41333333333</dst>
            <dst id="STTLng">5868.09333333333</dst>
            <dst id="WASHng">11973.2213333333</dst>
        </src>
        <src id="DNVRng">
            <dst id="ATLA-M5">178.301333333333</dst>
            <dst id="ATLAng">3739.01866666667</dst>
            <dst id="CHINng">30398.2746666667</dst>
            <dst id="DNVRng">7287.568</dst>
            <dst id="HSTNng">7265.43466666667</dst>
            <dst id="IPLSng">13375.792</dst>
            <dst id="KSCYng">9161.13066666667</dst>
            <dst id="LOSAng">15785.104</dst>
            <dst id="NYCMng">21990.5866666667</dst>
            <dst id="SNVAng">16588.5466666667</dst>
            <dst id="STTLng">12916.0693333333</dst>
            <dst id="WASHng">11851.7493333333</dst>
        </src>
        <src id="HSTNng">
            <dst id="ATLA-M5">3036.26666666667</dst>
            <dst id="ATLAng">6017.56</dst>
            <dst id="CHINng">23783.424</dst>
            <dst id="DNVRng">1674.26933333333</dst>
            <dst id="HSTNng">11095.5786666667</dst>
            <dst id="IPLSng">18333.6693333333</dst>
            <dst id="KSCYng">7544.624</dst>
            <dst id="LOSAng">85109.5573333333</dst>
            <dst id="NYCMng">8191.98933333333</dst>
            <dst id="SNVAng">1334.90933333333</dst>
            <dst id="STTLng">1985.45866666667</dst>
            <dst id="WASHng">7346.21333333333</dst>
        </src>
        <src id="IPLSng">
            <dst id="ATLA-M5">3090.50666666667</dst>
            <dst id="ATLAng">14990.6026666667</dst>
            <dst id="CHINng">95783.128</dst>
            <dst id="DNVRng">17167.0666666667</dst>
            <dst id="HSTNng">14534.344</dst>
            <dst id="IPLSng">31960.824</dst>
            <dst id="KSCYng">13400.2026666667</dst>
            <dst id="LOSAng">77738.7226666667</dst>
            <dst id="NYCMng">29275.7893333333</dst>
            <dst id="SNVAng">3037.06666666667</dst>
            <dst id="STTLng">13598.2346666667</dst>
            <dst id="WASHng">38472.0586666667</dst>
        </src>
        <src id="KSCYng">
            <dst id="ATLA-M5">305.906666666667</dst>
            <dst id="ATLAng">4381.15466666667</dst>
            <dst id="CHINng">28176.4453333333</dst>
            <dst id="DNVRng">6613.76266666667</dst>
            <dst id="HSTNng">6821.376</dst>
            <dst id="IPLSng">14296.6133333333</dst>
            <dst id="KSCYng">6327.04</dst>
            <dst id="LOSAng">5965.352</dst>
            <dst id="NYCMng">13719.4986666667</dst>
            <dst id="SNVAng">1305.70933333333</dst>
            <dst id="STTLng">4146.44</dst>
            <dst id="WASHng">23559.2693333333</dst>
        </src>
        <src id="LOSAng">
            <dst id="ATLA-M5">174.109333333333</dst>
            <dst id="ATLAng">30993.544</dst>
            <dst id="CHINng">77228.944</dst>
            <dst id="DNVRng">9201.88</dst>
            <dst id="HSTNng">17610.672</dst>
            <dst id="IPLSng">42453.0373333333</dst>
            <dst id="KSCYng">10495.4933333333</dst>
            <dst id="LOSAng">12144.496</dst>
            <dst id="NYCMng">61710.1146666667</dst>
            <dst id="SNVAng">4815.51733333333</dst>
            <dst id="STTLng">21061.5253333333</dst>
            <dst id="WASHng">60479.176</dst>
        </src>
        <src id="NYCMng">
            <dst id="ATLA-M5">1460.40266666667</dst>
            <dst id="ATLAng">36056.0666666667</dst>
            <dst id="CHINng">65846.6746666667</dst>
            <dst id="DNVRng">20701.12</dst>
            <dst id="HSTNng">17541.656</dst>
            <dst id="IPLSng">74881.3653333333</dst>
            <dst id="KSCYng">22873.2293333333</dst>
            <dst id="LOSAng">62352.8533333333</dst>
            <dst id="NYCMng">128840.386666667</dst>
            <dst id="SNVAng">7748.456</dst>
            <dst id="STTLng">25071.5546666667</dst>
            <dst id="WASHng">103679.797333333</dst>
        </src>
        <src id="SNVAng">
            <dst id="ATLA-M5">259.581333333333</dst>
            <dst id="ATLAng">1839.22133333333</dst>
            <dst id="CHINng">4660.4</dst>
            <dst id="DNVRng">15628.9573333333</dst>
            <dst id="HSTNng">1218.01333333333</dst>
            <dst id="IPLSng">3704.44266666667</dst>
            <dst id="KSCYng">794.714666666667</dst>
            <dst id="LOSAng">2265.92266666667</dst>
            <dst id="NYCMng">2140.53066666667</dst>
            <dst id="SNVAng">322.784</dst>
            <dst id="STTLng">3757.40533333333</dst>
            <dst id="WASHng">1955.144</dst>
        </src>
        <src id="STTLng">
            <dst id="ATLA-M5">79.6506666666667</dst>
            <dst id="ATLAng">16033.2613333333</dst>
            <dst id="CHINng">22662.9573333333</dst>
            <dst id="DNVRng">2627.28</dst>
            <dst id="HSTNng">4529.56</dst>
            <dst id="IPLSng">7146.29066666667</dst>
            <dst id="KSCYng">2466.20266666667</dst>
            <dst id="LOSAng">22596.2053333333</dst>
            <dst id="NYCMng">18145.5333333333</dst>
            <dst id="SNVAng">5638.776</dst>
            <dst id="STTLng">3425.66133333333</dst>
            <dst id="WASHng">10319.6106666667</dst>
        </src>
        <src id="WASHng">
            <dst id="ATLA-M5">238.770666666667</dst>
            <dst id="ATLAng">107503.661333333</dst>
            <dst id="CHINng">71211.3066666667</dst>
            <dst id="DNVRng">35718.9546666667</dst>
            <dst id="HSTNng">19597.0533333333</dst>
            <dst id="IPLSng">54047.8293333333</dst>
            <dst id="KSCYng">16412.0266666667</dst>
            <dst id="LOSAng">74401.4266666667</dst>
            <dst id="NYCMng">153621.16</dst>
            <dst id="SNVAng">3961.432</dst>
            <dst id="STTLng">29303.96</dst>
            <dst id="WASHng">198245.36</dst>
        </src>
    </IntraTM>
</TrafficMatrixFile>
