<?xml version="1.0" encoding="ISO-8859-1" standalone="yes"?>
<TrafficMatrixFile xsi:noNamespaceSchemaLocation="http://totem.run.montefiore.ulg.ac.be/Schema/TrafficMatrix-v1_2.xsd" xmlns:xsi="http://www.w3.org/2001/XMLSchema-instance">
    <IntraTM ASID="11537">
        <src id="ATLA-M5">
            <dst id="ATLA-M5">53.3333333333333</dst>
            <dst id="ATLAng">391.066666666667</dst>
            <dst id="CHINng">3180.70133333333</dst>
            <dst id="DNVRng">99.9626666666667</dst>
            <dst id="HSTNng">164.952</dst>
            <dst id="IPLSng">3093.13866666667</dst>
            <dst id="KSCYng">399.765333333333</dst>
            <dst id="LOSAng">1517.744</dst>
            <dst id="NYCMng">968.952</dst>
            <dst id="SNVAng">193.002666666667</dst>
            <dst id="STTLng">544.618666666667</dst>
            <dst id="WASHng">4061.65333333333</dst>
        </src>
        <src id="ATLAng">
            <dst id="ATLA-M5">829.906666666667</dst>
            <dst id="ATLAng">93328.6426666667</dst>
            <dst id="CHINng">28768.4293333333</dst>
            <dst id="DNVRng">9658.53866666666</dst>
            <dst id="HSTNng">9434.36533333333</dst>
            <dst id="IPLSng">32774.2</dst>
            <dst id="KSCYng">6698.89066666667</dst>
            <dst id="LOSAng">21154.0213333333</dst>
            <dst id="NYCMng">19664.792</dst>
            <dst id="SNVAng">676.242666666667</dst>
            <dst id="STTLng">9144.808</dst>
            <dst id="WASHng">57311.752</dst>
        </src>
        <src id="CHINng">
            <dst id="ATLA-M5">5133.4</dst>
            <dst id="ATLAng">17697.4613333333</dst>
            <dst id="CHINng">53552.0506666667</dst>
            <dst id="DNVRng">12678.5653333333</dst>
            <dst id="HSTNng">14599.2693333333</dst>
            <dst id="IPLSng">28664.1946666667</dst>
            <dst id="KSCYng">17379.0053333333</dst>
            <dst id="LOSAng">174756.477333333</dst>
            <dst id="NYCMng">7085.22666666667</dst>
            <dst id="SNVAng">4091.66666666667</dst>
            <dst id="STTLng">9171.83466666667</dst>
            <dst id="WASHng">14591.3413333333</dst>
        </src>
        <src id="DNVRng">
            <dst id="ATLA-M5">161.493333333333</dst>
            <dst id="ATLAng">3346.11733333333</dst>
            <dst id="CHINng">39608.1253333333</dst>
            <dst id="DNVRng">10617.3893333333</dst>
            <dst id="HSTNng">5947.50133333333</dst>
            <dst id="IPLSng">13211.5733333333</dst>
            <dst id="KSCYng">15190.224</dst>
            <dst id="LOSAng">21249.312</dst>
            <dst id="NYCMng">10046.6373333333</dst>
            <dst id="SNVAng">18592.5226666667</dst>
            <dst id="STTLng">15592.8213333333</dst>
            <dst id="WASHng">14280.2453333333</dst>
        </src>
        <src id="HSTNng">
            <dst id="ATLA-M5">493.157333333333</dst>
            <dst id="ATLAng">3812.71466666667</dst>
            <dst id="CHINng">25113.7493333333</dst>
            <dst id="DNVRng">13721.016</dst>
            <dst id="HSTNng">7172.25866666666</dst>
            <dst id="IPLSng">9351.4</dst>
            <dst id="KSCYng">4939.44</dst>
            <dst id="LOSAng">103978.037333333</dst>
            <dst id="NYCMng">8527.78666666667</dst>
            <dst id="SNVAng">2632.392</dst>
            <dst id="STTLng">1893.41866666667</dst>
            <dst id="WASHng">6833.47466666667</dst>
        </src>
        <src id="IPLSng">
            <dst id="ATLA-M5">5761.90133333333</dst>
            <dst id="ATLAng">14733.984</dst>
            <dst id="CHINng">85826.2106666667</dst>
            <dst id="DNVRng">9879.09333333333</dst>
            <dst id="HSTNng">6150.70133333333</dst>
            <dst id="IPLSng">50015.44</dst>
            <dst id="KSCYng">18759.784</dst>
            <dst id="LOSAng">42320.5973333333</dst>
            <dst id="NYCMng">29944.2773333333</dst>
            <dst id="SNVAng">4385.768</dst>
            <dst id="STTLng">13930.5493333333</dst>
            <dst id="WASHng">44640.2373333333</dst>
        </src>
        <src id="KSCYng">
            <dst id="ATLA-M5">549.917333333333</dst>
            <dst id="ATLAng">3808.672</dst>
            <dst id="CHINng">30681.3333333333</dst>
            <dst id="DNVRng">9066.03466666667</dst>
            <dst id="HSTNng">3258.77066666667</dst>
            <dst id="IPLSng">17962.016</dst>
            <dst id="KSCYng">6689.144</dst>
            <dst id="LOSAng">8926.568</dst>
            <dst id="NYCMng">9530.38933333333</dst>
            <dst id="SNVAng">1808.08</dst>
            <dst id="STTLng">5397.82933333333</dst>
            <dst id="WASHng">18105.536</dst>
        </src>
        <src id="LOSAng">
            <dst id="ATLA-M5">1522.71733333333</dst>
            <dst id="ATLAng">25075.0746666667</dst>
            <dst id="CHINng">73205.1066666667</dst>
            <dst id="DNVRng">16954.6533333333</dst>
            <dst id="HSTNng">9292.25866666667</dst>
            <dst id="IPLSng">42134.936</dst>
            <dst id="KSCYng">12213.9626666667</dst>
            <dst id="LOSAng">18102.2426666667</dst>
            <dst id="NYCMng">59379.6186666666</dst>
            <dst id="SNVAng">4059.072</dst>
            <dst id="STTLng">38714.4773333333</dst>
            <dst id="WASHng">60425.5226666667</dst>
        </src>
        <src id="NYCMng">
            <dst id="ATLA-M5">3006.464</dst>
            <dst id="ATLAng">51648.08</dst>
            <dst id="CHINng">72183.448</dst>
            <dst id="DNVRng">15310.0826666667</dst>
            <dst id="HSTNng">33646.8</dst>
            <dst id="IPLSng">72241.6746666667</dst>
            <dst id="KSCYng">30103.2106666667</dst>
            <dst id="LOSAng">64923.0373333333</dst>
            <dst id="NYCMng">147577.981333333</dst>
            <dst id="SNVAng">7972.728</dst>
            <dst id="STTLng">30224.6613333333</dst>
            <dst id="WASHng">110141.538666667</dst>
        </src>
        <src id="SNVAng">
            <dst id="ATLA-M5">467.650666666667</dst>
            <dst id="ATLAng">1382.68</dst>
            <dst id="CHINng">3893.69333333333</dst>
            <dst id="DNVRng">15885.352</dst>
            <dst id="HSTNng">1621.648</dst>
            <dst id="IPLSng">12220.256</dst>
            <dst id="KSCYng">774.541333333333</dst>
            <dst id="LOSAng">4469.86933333333</dst>
            <dst id="NYCMng">4063.72266666667</dst>
            <dst id="SNVAng">542.490666666667</dst>
            <dst id="STTLng">2908.68</dst>
            <dst id="WASHng">1432.96</dst>
        </src>
        <src id="STTLng">
            <dst id="ATLA-M5">77.6613333333333</dst>
            <dst id="ATLAng">14989.7306666667</dst>
            <dst id="CHINng">27534.384</dst>
            <dst id="DNVRng">4421.43466666667</dst>
            <dst id="HSTNng">2814.38933333333</dst>
            <dst id="IPLSng">7666.22666666667</dst>
            <dst id="KSCYng">2577.384</dst>
            <dst id="LOSAng">17863.3946666667</dst>
            <dst id="NYCMng">22401.8453333333</dst>
            <dst id="SNVAng">4406.12533333333</dst>
            <dst id="STTLng">6177.22933333333</dst>
            <dst id="WASHng">10757.6693333333</dst>
        </src>
        <src id="WASHng">
            <dst id="ATLA-M5">529.690666666667</dst>
            <dst id="ATLAng">120791.184</dst>
            <dst id="CHINng">92848.112</dst>
            <dst id="DNVRng">47212.808</dst>
            <dst id="HSTNng">9250.53866666667</dst>
            <dst id="IPLSng">58625.6053333333</dst>
            <dst id="KSCYng">32831.9253333333</dst>
            <dst id="LOSAng">69526.9946666667</dst>
            <dst id="NYCMng">135327.293333333</dst>
            <dst id="SNVAng">6550.8</dst>
            <dst id="STTLng">25206.72</dst>
            <dst id="WASHng">204848.125333333</dst>
        </src>
    </IntraTM>
</TrafficMatrixFile>
