<?xml version="1.0" encoding="ISO-8859-1" standalone="yes"?>
<TrafficMatrixFile xsi:noNamespaceSchemaLocation="http://totem.run.montefiore.ulg.ac.be/Schema/TrafficMatrix-v1_2.xsd" xmlns:xsi="http://www.w3.org/2001/XMLSchema-instance">
    <IntraTM ASID="11537">
        <src id="ATLA-M5">
            <dst id="ATLA-M5">0</dst>
            <dst id="ATLAng">389.184</dst>
            <dst id="CHINng">365.893333333333</dst>
            <dst id="DNVRng">262.146666666667</dst>
            <dst id="HSTNng">341.045333333333</dst>
            <dst id="IPLSng">234.797333333333</dst>
            <dst id="KSCYng">291.573333333333</dst>
            <dst id="LOSAng">854.370666666667</dst>
            <dst id="NYCMng">556.850666666667</dst>
            <dst id="SNVAng">276.778666666667</dst>
            <dst id="STTLng">500.829333333333</dst>
            <dst id="WASHng">2370.04</dst>
        </src>
        <src id="ATLAng">
            <dst id="ATLA-M5">637.328</dst>
            <dst id="ATLAng">39026.2613333333</dst>
            <dst id="CHINng">12520.8293333333</dst>
            <dst id="DNVRng">3711.312</dst>
            <dst id="HSTNng">2696.45866666667</dst>
            <dst id="IPLSng">15466.928</dst>
            <dst id="KSCYng">2411.30933333333</dst>
            <dst id="LOSAng">20233.912</dst>
            <dst id="NYCMng">13364.8586666667</dst>
            <dst id="SNVAng">2765.57066666667</dst>
            <dst id="STTLng">7270.60266666667</dst>
            <dst id="WASHng">73931.4106666667</dst>
        </src>
        <src id="CHINng">
            <dst id="ATLA-M5">648.704</dst>
            <dst id="ATLAng">7584.83466666667</dst>
            <dst id="CHINng">51023.336</dst>
            <dst id="DNVRng">9841.19466666667</dst>
            <dst id="HSTNng">28939.744</dst>
            <dst id="IPLSng">21430.2853333333</dst>
            <dst id="KSCYng">8888.464</dst>
            <dst id="LOSAng">21266.7306666667</dst>
            <dst id="NYCMng">7295.49333333333</dst>
            <dst id="SNVAng">1766.03466666667</dst>
            <dst id="STTLng">8680.44</dst>
            <dst id="WASHng">8606.63466666667</dst>
        </src>
        <src id="DNVRng">
            <dst id="ATLA-M5">641.378666666667</dst>
            <dst id="ATLAng">5473.97333333333</dst>
            <dst id="CHINng">52179.7306666667</dst>
            <dst id="DNVRng">1028.24533333333</dst>
            <dst id="HSTNng">5539.14133333333</dst>
            <dst id="IPLSng">9615.01866666667</dst>
            <dst id="KSCYng">2770.65066666667</dst>
            <dst id="LOSAng">3458.41866666667</dst>
            <dst id="NYCMng">7558.19466666667</dst>
            <dst id="SNVAng">11363.128</dst>
            <dst id="STTLng">7870.54666666667</dst>
            <dst id="WASHng">6783.6</dst>
        </src>
        <src id="HSTNng">
            <dst id="ATLA-M5">4415.32</dst>
            <dst id="ATLAng">1945.17333333333</dst>
            <dst id="CHINng">30754.0746666667</dst>
            <dst id="DNVRng">2513.95733333333</dst>
            <dst id="HSTNng">4408.71466666667</dst>
            <dst id="IPLSng">8813.8</dst>
            <dst id="KSCYng">1815.288</dst>
            <dst id="LOSAng">10744.336</dst>
            <dst id="NYCMng">5257.28533333333</dst>
            <dst id="SNVAng">903.154666666667</dst>
            <dst id="STTLng">6484.952</dst>
            <dst id="WASHng">4902.10666666667</dst>
        </src>
        <src id="IPLSng">
            <dst id="ATLA-M5">842.498666666667</dst>
            <dst id="ATLAng">9912.80266666667</dst>
            <dst id="CHINng">107879.269333333</dst>
            <dst id="DNVRng">6766.24533333334</dst>
            <dst id="HSTNng">5188.53333333333</dst>
            <dst id="IPLSng">11871.9546666667</dst>
            <dst id="KSCYng">15358.488</dst>
            <dst id="LOSAng">14738.2133333333</dst>
            <dst id="NYCMng">21972.3626666667</dst>
            <dst id="SNVAng">6398.63733333333</dst>
            <dst id="STTLng">8787.77333333333</dst>
            <dst id="WASHng">26288.24</dst>
        </src>
        <src id="KSCYng">
            <dst id="ATLA-M5">5221.75733333333</dst>
            <dst id="ATLAng">8599.144</dst>
            <dst id="CHINng">30044.2693333333</dst>
            <dst id="DNVRng">3103.25333333333</dst>
            <dst id="HSTNng">2805.24266666667</dst>
            <dst id="IPLSng">9657.87733333333</dst>
            <dst id="KSCYng">3454.89333333333</dst>
            <dst id="LOSAng">5564.41333333333</dst>
            <dst id="NYCMng">9741.144</dst>
            <dst id="SNVAng">763.64</dst>
            <dst id="STTLng">3813.424</dst>
            <dst id="WASHng">9234.336</dst>
        </src>
        <src id="LOSAng">
            <dst id="ATLA-M5">234.608</dst>
            <dst id="ATLAng">35937.856</dst>
            <dst id="CHINng">140812.685333333</dst>
            <dst id="DNVRng">4560.80533333333</dst>
            <dst id="HSTNng">5579.77866666667</dst>
            <dst id="IPLSng">33053.5093333333</dst>
            <dst id="KSCYng">8892.21066666666</dst>
            <dst id="LOSAng">14294.7733333333</dst>
            <dst id="NYCMng">50918.8933333333</dst>
            <dst id="SNVAng">9338.432</dst>
            <dst id="STTLng">20737.4186666667</dst>
            <dst id="WASHng">55690.2586666667</dst>
        </src>
        <src id="NYCMng">
            <dst id="ATLA-M5">471.832</dst>
            <dst id="ATLAng">35228.2026666667</dst>
            <dst id="CHINng">61657.5733333333</dst>
            <dst id="DNVRng">12126.992</dst>
            <dst id="HSTNng">36045.224</dst>
            <dst id="IPLSng">39834.9786666667</dst>
            <dst id="KSCYng">17956.4693333333</dst>
            <dst id="LOSAng">58792.92</dst>
            <dst id="NYCMng">162362.834666667</dst>
            <dst id="SNVAng">7215.03466666667</dst>
            <dst id="STTLng">25117.616</dst>
            <dst id="WASHng">49925.2106666667</dst>
        </src>
        <src id="SNVAng">
            <dst id="ATLA-M5">26.6666666666667</dst>
            <dst id="ATLAng">768.674666666666</dst>
            <dst id="CHINng">8560.42133333334</dst>
            <dst id="DNVRng">3071.848</dst>
            <dst id="HSTNng">903.541333333333</dst>
            <dst id="IPLSng">2525.33866666667</dst>
            <dst id="KSCYng">354.629333333333</dst>
            <dst id="LOSAng">6466.30666666667</dst>
            <dst id="NYCMng">11764.4</dst>
            <dst id="SNVAng">82.1653333333333</dst>
            <dst id="STTLng">2639.01066666667</dst>
            <dst id="WASHng">1189.65333333333</dst>
        </src>
        <src id="STTLng">
            <dst id="ATLA-M5">60.472</dst>
            <dst id="ATLAng">15190.04</dst>
            <dst id="CHINng">72768.6106666667</dst>
            <dst id="DNVRng">2724.71466666667</dst>
            <dst id="HSTNng">1578.112</dst>
            <dst id="IPLSng">3577.19466666667</dst>
            <dst id="KSCYng">2904.55466666667</dst>
            <dst id="LOSAng">20541.6986666667</dst>
            <dst id="NYCMng">18131.2506666667</dst>
            <dst id="SNVAng">2033.27466666667</dst>
            <dst id="STTLng">2015.656</dst>
            <dst id="WASHng">7550.512</dst>
        </src>
        <src id="WASHng">
            <dst id="ATLA-M5">460.258666666667</dst>
            <dst id="ATLAng">122442.234666667</dst>
            <dst id="CHINng">45154.1706666667</dst>
            <dst id="DNVRng">37370.8426666667</dst>
            <dst id="HSTNng">21265.216</dst>
            <dst id="IPLSng">58766.6373333333</dst>
            <dst id="KSCYng">9192.37866666667</dst>
            <dst id="LOSAng">59176.4453333333</dst>
            <dst id="NYCMng">105727.413333333</dst>
            <dst id="SNVAng">4956.48</dst>
            <dst id="STTLng">31769.832</dst>
            <dst id="WASHng">311832.133333333</dst>
        </src>
    </IntraTM>
</TrafficMatrixFile>
