<?xml version="1.0" encoding="ISO-8859-1" standalone="yes"?>
<TrafficMatrixFile xsi:noNamespaceSchemaLocation="http://totem.run.montefiore.ulg.ac.be/Schema/TrafficMatrix-v1_2.xsd" xmlns:xsi="http://www.w3.org/2001/XMLSchema-instance">
    <IntraTM ASID="11537">
        <src id="ATLA-M5">
            <dst id="ATLA-M5">0</dst>
            <dst id="ATLAng">302.912</dst>
            <dst id="CHINng">247.84</dst>
            <dst id="DNVRng">60.9946666666667</dst>
            <dst id="HSTNng">385.8</dst>
            <dst id="IPLSng">248.896</dst>
            <dst id="KSCYng">77.856</dst>
            <dst id="LOSAng">147.293333333333</dst>
            <dst id="NYCMng">106.666666666667</dst>
            <dst id="SNVAng">132.997333333333</dst>
            <dst id="STTLng">82.3893333333333</dst>
            <dst id="WASHng">2056.18666666667</dst>
        </src>
        <src id="ATLAng">
            <dst id="ATLA-M5">979.210666666666</dst>
            <dst id="ATLAng">38280.2666666667</dst>
            <dst id="CHINng">11801.6693333333</dst>
            <dst id="DNVRng">3127.19733333333</dst>
            <dst id="HSTNng">1249.04</dst>
            <dst id="IPLSng">18086.168</dst>
            <dst id="KSCYng">1850.49066666667</dst>
            <dst id="LOSAng">20532.1893333333</dst>
            <dst id="NYCMng">9558.94666666666</dst>
            <dst id="SNVAng">3653.18133333333</dst>
            <dst id="STTLng">8108.34133333333</dst>
            <dst id="WASHng">127778.893333333</dst>
        </src>
        <src id="CHINng">
            <dst id="ATLA-M5">1122.51466666667</dst>
            <dst id="ATLAng">9848.09333333333</dst>
            <dst id="CHINng">48587.744</dst>
            <dst id="DNVRng">12526.616</dst>
            <dst id="HSTNng">16570.232</dst>
            <dst id="IPLSng">16033.44</dst>
            <dst id="KSCYng">6737.04</dst>
            <dst id="LOSAng">283032.08</dst>
            <dst id="NYCMng">3434.53866666667</dst>
            <dst id="SNVAng">1634.15466666667</dst>
            <dst id="STTLng">7604.09066666667</dst>
            <dst id="WASHng">9409.896</dst>
        </src>
        <src id="DNVRng">
            <dst id="ATLA-M5">1259.66666666667</dst>
            <dst id="ATLAng">4388.36266666667</dst>
            <dst id="CHINng">43770.5066666667</dst>
            <dst id="DNVRng">1985.36266666667</dst>
            <dst id="HSTNng">3995.672</dst>
            <dst id="IPLSng">4510.64</dst>
            <dst id="KSCYng">3272.552</dst>
            <dst id="LOSAng">4659.768</dst>
            <dst id="NYCMng">12037.3413333333</dst>
            <dst id="SNVAng">8772.29066666667</dst>
            <dst id="STTLng">6857.19733333333</dst>
            <dst id="WASHng">6475.41066666667</dst>
        </src>
        <src id="HSTNng">
            <dst id="ATLA-M5">961.701333333333</dst>
            <dst id="ATLAng">1279.224</dst>
            <dst id="CHINng">29349.848</dst>
            <dst id="DNVRng">2400.26666666667</dst>
            <dst id="HSTNng">4771.88533333333</dst>
            <dst id="IPLSng">7077.19733333333</dst>
            <dst id="KSCYng">1112.57066666667</dst>
            <dst id="LOSAng">98968.5226666667</dst>
            <dst id="NYCMng">5363.584</dst>
            <dst id="SNVAng">486.786666666667</dst>
            <dst id="STTLng">1951.912</dst>
            <dst id="WASHng">2929.47733333333</dst>
        </src>
        <src id="IPLSng">
            <dst id="ATLA-M5">279.877333333333</dst>
            <dst id="ATLAng">12800.056</dst>
            <dst id="CHINng">102458.109333333</dst>
            <dst id="DNVRng">5894.04533333333</dst>
            <dst id="HSTNng">4660.64533333333</dst>
            <dst id="IPLSng">14723.344</dst>
            <dst id="KSCYng">11847.0746666667</dst>
            <dst id="LOSAng">12802.096</dst>
            <dst id="NYCMng">22376.976</dst>
            <dst id="SNVAng">6199.03466666667</dst>
            <dst id="STTLng">6419.72533333333</dst>
            <dst id="WASHng">21972.904</dst>
        </src>
        <src id="KSCYng">
            <dst id="ATLA-M5">2934.50933333333</dst>
            <dst id="ATLAng">4203.63733333333</dst>
            <dst id="CHINng">33886.4853333333</dst>
            <dst id="DNVRng">3229.66666666667</dst>
            <dst id="HSTNng">5846.97066666667</dst>
            <dst id="IPLSng">11630.456</dst>
            <dst id="KSCYng">2275.45066666667</dst>
            <dst id="LOSAng">4118.768</dst>
            <dst id="NYCMng">5747.33333333333</dst>
            <dst id="SNVAng">448.394666666667</dst>
            <dst id="STTLng">4103.78666666667</dst>
            <dst id="WASHng">13442.7093333333</dst>
        </src>
        <src id="LOSAng">
            <dst id="ATLA-M5">26.6666666666667</dst>
            <dst id="ATLAng">15335.9413333333</dst>
            <dst id="CHINng">142028.896</dst>
            <dst id="DNVRng">3576.97333333333</dst>
            <dst id="HSTNng">7247.59466666667</dst>
            <dst id="IPLSng">30947.224</dst>
            <dst id="KSCYng">6087.11733333333</dst>
            <dst id="LOSAng">13087.7733333333</dst>
            <dst id="NYCMng">49948.8373333333</dst>
            <dst id="SNVAng">5923.33866666667</dst>
            <dst id="STTLng">27934.0933333333</dst>
            <dst id="WASHng">45096.1706666667</dst>
        </src>
        <src id="NYCMng">
            <dst id="ATLA-M5">849.882666666667</dst>
            <dst id="ATLAng">32539.28</dst>
            <dst id="CHINng">55219.152</dst>
            <dst id="DNVRng">13299.792</dst>
            <dst id="HSTNng">32559.6293333333</dst>
            <dst id="IPLSng">47081.5013333333</dst>
            <dst id="KSCYng">17488.9893333333</dst>
            <dst id="LOSAng">47961.2613333333</dst>
            <dst id="NYCMng">163711.496</dst>
            <dst id="SNVAng">4812.47733333333</dst>
            <dst id="STTLng">22765.304</dst>
            <dst id="WASHng">46700.9973333333</dst>
        </src>
        <src id="SNVAng">
            <dst id="ATLA-M5">26.6666666666667</dst>
            <dst id="ATLAng">1038.03466666667</dst>
            <dst id="CHINng">11295.4586666667</dst>
            <dst id="DNVRng">11445.6533333333</dst>
            <dst id="HSTNng">895.32</dst>
            <dst id="IPLSng">2985.45866666667</dst>
            <dst id="KSCYng">328.994666666667</dst>
            <dst id="LOSAng">8263.62133333333</dst>
            <dst id="NYCMng">2405.376</dst>
            <dst id="SNVAng">80</dst>
            <dst id="STTLng">2260.70933333333</dst>
            <dst id="WASHng">1402.51466666667</dst>
        </src>
        <src id="STTLng">
            <dst id="ATLA-M5">72.7466666666667</dst>
            <dst id="ATLAng">14898.9173333333</dst>
            <dst id="CHINng">84138.4906666667</dst>
            <dst id="DNVRng">2854.70933333333</dst>
            <dst id="HSTNng">1953.77866666667</dst>
            <dst id="IPLSng">16679.9253333333</dst>
            <dst id="KSCYng">2622.304</dst>
            <dst id="LOSAng">17334.704</dst>
            <dst id="NYCMng">18093.6906666667</dst>
            <dst id="SNVAng">2161.544</dst>
            <dst id="STTLng">4424.856</dst>
            <dst id="WASHng">6392.944</dst>
        </src>
        <src id="WASHng">
            <dst id="ATLA-M5">196.648</dst>
            <dst id="ATLAng">95248.2186666667</dst>
            <dst id="CHINng">56430.904</dst>
            <dst id="DNVRng">24649.832</dst>
            <dst id="HSTNng">31342.2186666667</dst>
            <dst id="IPLSng">51084.352</dst>
            <dst id="KSCYng">8151.04</dst>
            <dst id="LOSAng">65538.5893333333</dst>
            <dst id="NYCMng">120081.301333333</dst>
            <dst id="SNVAng">3618.10133333333</dst>
            <dst id="STTLng">25150.3306666667</dst>
            <dst id="WASHng">331248.08</dst>
        </src>
    </IntraTM>
</TrafficMatrixFile>
