<?xml version="1.0" encoding="ISO-8859-1" standalone="yes"?>
<TrafficMatrixFile xsi:noNamespaceSchemaLocation="http://totem.run.montefiore.ulg.ac.be/Schema/TrafficMatrix-v1_2.xsd" xmlns:xsi="http://www.w3.org/2001/XMLSchema-instance">
    <IntraTM ASID="11537">
        <src id="ATLA-M5">
            <dst id="ATLA-M5">67.8506666666667</dst>
            <dst id="ATLAng">564.509333333333</dst>
            <dst id="CHINng">1049.57066666667</dst>
            <dst id="DNVRng">216.074666666667</dst>
            <dst id="HSTNng">193.168</dst>
            <dst id="IPLSng">527.709333333333</dst>
            <dst id="KSCYng">186.850666666667</dst>
            <dst id="LOSAng">115.056</dst>
            <dst id="NYCMng">248.568</dst>
            <dst id="SNVAng">47.1973333333333</dst>
            <dst id="STTLng">250.338666666667</dst>
            <dst id="WASHng">1323.368</dst>
        </src>
        <src id="ATLAng">
            <dst id="ATLA-M5">1554.98133333333</dst>
            <dst id="ATLAng">40934.6453333333</dst>
            <dst id="CHINng">30620.5493333333</dst>
            <dst id="DNVRng">2326.29066666667</dst>
            <dst id="HSTNng">3295.08266666667</dst>
            <dst id="IPLSng">21708.0666666667</dst>
            <dst id="KSCYng">15995.0373333333</dst>
            <dst id="LOSAng">12567.9493333333</dst>
            <dst id="NYCMng">18134.368</dst>
            <dst id="SNVAng">1166.984</dst>
            <dst id="STTLng">10686.9653333333</dst>
            <dst id="WASHng">139396.530666667</dst>
        </src>
        <src id="CHINng">
            <dst id="ATLA-M5">456.125333333333</dst>
            <dst id="ATLAng">15028.5946666667</dst>
            <dst id="CHINng">55810.9226666667</dst>
            <dst id="DNVRng">5551.95466666667</dst>
            <dst id="HSTNng">3578.32</dst>
            <dst id="IPLSng">40420.7893333333</dst>
            <dst id="KSCYng">12863.5493333333</dst>
            <dst id="LOSAng">12479.3013333333</dst>
            <dst id="NYCMng">12546.6533333333</dst>
            <dst id="SNVAng">1446.008</dst>
            <dst id="STTLng">9096.152</dst>
            <dst id="WASHng">11275.304</dst>
        </src>
        <src id="DNVRng">
            <dst id="ATLA-M5">53.3333333333333</dst>
            <dst id="ATLAng">8626.448</dst>
            <dst id="CHINng">46301.2533333333</dst>
            <dst id="DNVRng">4201.80266666667</dst>
            <dst id="HSTNng">4581.93066666667</dst>
            <dst id="IPLSng">16711.5653333333</dst>
            <dst id="KSCYng">9276.81866666667</dst>
            <dst id="LOSAng">5887.10133333333</dst>
            <dst id="NYCMng">32638.7946666667</dst>
            <dst id="SNVAng">12538.336</dst>
            <dst id="STTLng">10289.9946666667</dst>
            <dst id="WASHng">19670.744</dst>
        </src>
        <src id="HSTNng">
            <dst id="ATLA-M5">3095.26666666667</dst>
            <dst id="ATLAng">6169.02133333333</dst>
            <dst id="CHINng">27913.0426666667</dst>
            <dst id="DNVRng">5923.54933333333</dst>
            <dst id="HSTNng">10315.7013333333</dst>
            <dst id="IPLSng">9278.752</dst>
            <dst id="KSCYng">3836.86133333333</dst>
            <dst id="LOSAng">11395.152</dst>
            <dst id="NYCMng">11302.5626666667</dst>
            <dst id="SNVAng">770.085333333333</dst>
            <dst id="STTLng">695.101333333333</dst>
            <dst id="WASHng">17911.928</dst>
        </src>
        <src id="IPLSng">
            <dst id="ATLA-M5">275.432</dst>
            <dst id="ATLAng">15019.5813333333</dst>
            <dst id="CHINng">127492.010666667</dst>
            <dst id="DNVRng">20133.7226666667</dst>
            <dst id="HSTNng">13803.9626666667</dst>
            <dst id="IPLSng">28508.5573333333</dst>
            <dst id="KSCYng">11368.8</dst>
            <dst id="LOSAng">80236.0906666667</dst>
            <dst id="NYCMng">38092.88</dst>
            <dst id="SNVAng">2757.736</dst>
            <dst id="STTLng">7805.136</dst>
            <dst id="WASHng">29300.9226666667</dst>
        </src>
        <src id="KSCYng">
            <dst id="ATLA-M5">485.4</dst>
            <dst id="ATLAng">14900.6906666667</dst>
            <dst id="CHINng">39404.2186666667</dst>
            <dst id="DNVRng">3077.34666666667</dst>
            <dst id="HSTNng">6420.616</dst>
            <dst id="IPLSng">18133.5333333333</dst>
            <dst id="KSCYng">6174.77866666667</dst>
            <dst id="LOSAng">3928.592</dst>
            <dst id="NYCMng">9573.50933333333</dst>
            <dst id="SNVAng">602.232</dst>
            <dst id="STTLng">2811.61866666667</dst>
            <dst id="WASHng">14168.0933333333</dst>
        </src>
        <src id="LOSAng">
            <dst id="ATLA-M5">1570.72266666667</dst>
            <dst id="ATLAng">22346.96</dst>
            <dst id="CHINng">139951.701333333</dst>
            <dst id="DNVRng">15311.88</dst>
            <dst id="HSTNng">18382.576</dst>
            <dst id="IPLSng">44616.2746666667</dst>
            <dst id="KSCYng">8604.06133333333</dst>
            <dst id="LOSAng">12936.2026666667</dst>
            <dst id="NYCMng">56986.808</dst>
            <dst id="SNVAng">3485.58133333333</dst>
            <dst id="STTLng">18160.9253333333</dst>
            <dst id="WASHng">69140.3973333333</dst>
        </src>
        <src id="NYCMng">
            <dst id="ATLA-M5">1445.192</dst>
            <dst id="ATLAng">45749.1386666667</dst>
            <dst id="CHINng">79310.368</dst>
            <dst id="DNVRng">13812.008</dst>
            <dst id="HSTNng">40675.0373333333</dst>
            <dst id="IPLSng">73911.5626666667</dst>
            <dst id="KSCYng">23221.128</dst>
            <dst id="LOSAng">49123.08</dst>
            <dst id="NYCMng">163374.354666667</dst>
            <dst id="SNVAng">7656.73333333333</dst>
            <dst id="STTLng">21043.9866666667</dst>
            <dst id="WASHng">90818.9573333333</dst>
        </src>
        <src id="SNVAng">
            <dst id="ATLA-M5">58.5253333333333</dst>
            <dst id="ATLAng">1649.80533333333</dst>
            <dst id="CHINng">16591.1386666667</dst>
            <dst id="DNVRng">5024.66933333333</dst>
            <dst id="HSTNng">1066.55733333333</dst>
            <dst id="IPLSng">3790.912</dst>
            <dst id="KSCYng">546.84</dst>
            <dst id="LOSAng">14474.6213333333</dst>
            <dst id="NYCMng">2885.73066666667</dst>
            <dst id="SNVAng">282.053333333333</dst>
            <dst id="STTLng">1735.59466666667</dst>
            <dst id="WASHng">3707.864</dst>
        </src>
        <src id="STTLng">
            <dst id="ATLA-M5">349.034666666667</dst>
            <dst id="ATLAng">24021.432</dst>
            <dst id="CHINng">81284.8613333333</dst>
            <dst id="DNVRng">2822.70933333333</dst>
            <dst id="HSTNng">2908.584</dst>
            <dst id="IPLSng">13732.3173333333</dst>
            <dst id="KSCYng">6796.50666666667</dst>
            <dst id="LOSAng">15123.0933333333</dst>
            <dst id="NYCMng">27982.7813333333</dst>
            <dst id="SNVAng">6857.712</dst>
            <dst id="STTLng">3944.85333333333</dst>
            <dst id="WASHng">16100.0933333333</dst>
        </src>
        <src id="WASHng">
            <dst id="ATLA-M5">726.512</dst>
            <dst id="ATLAng">136916.381333333</dst>
            <dst id="CHINng">69596.632</dst>
            <dst id="DNVRng">25800.7813333333</dst>
            <dst id="HSTNng">20949.328</dst>
            <dst id="IPLSng">85428.04</dst>
            <dst id="KSCYng">29981.456</dst>
            <dst id="LOSAng">59087.224</dst>
            <dst id="NYCMng">158086.856</dst>
            <dst id="SNVAng">5533.88533333333</dst>
            <dst id="STTLng">31141.088</dst>
            <dst id="WASHng">402027.013333333</dst>
        </src>
    </IntraTM>
</TrafficMatrixFile>
