<?xml version="1.0" encoding="ISO-8859-1" standalone="yes"?>
<TrafficMatrixFile xsi:noNamespaceSchemaLocation="http://totem.run.montefiore.ulg.ac.be/Schema/TrafficMatrix-v1_2.xsd" xmlns:xsi="http://www.w3.org/2001/XMLSchema-instance">
    <IntraTM ASID="11537">
        <src id="ATLA-M5">
            <dst id="ATLA-M5">1878.34933333333</dst>
            <dst id="ATLAng">854.754666666667</dst>
            <dst id="CHINng">1385.79733333333</dst>
            <dst id="DNVRng">205.818666666667</dst>
            <dst id="HSTNng">1266.17066666667</dst>
            <dst id="IPLSng">1511.24266666667</dst>
            <dst id="KSCYng">355.101333333333</dst>
            <dst id="LOSAng">3244.792</dst>
            <dst id="NYCMng">1080.34133333333</dst>
            <dst id="SNVAng">122.701333333333</dst>
            <dst id="STTLng">311.877333333333</dst>
            <dst id="WASHng">2100.28</dst>
        </src>
        <src id="ATLAng">
            <dst id="ATLA-M5">1089.83466666667</dst>
            <dst id="ATLAng">38492.816</dst>
            <dst id="CHINng">31042.1813333333</dst>
            <dst id="DNVRng">8845.384</dst>
            <dst id="HSTNng">4288.416</dst>
            <dst id="IPLSng">26986.2613333333</dst>
            <dst id="KSCYng">9138.13866666667</dst>
            <dst id="LOSAng">22885.9386666667</dst>
            <dst id="NYCMng">20291.152</dst>
            <dst id="SNVAng">928.458666666667</dst>
            <dst id="STTLng">10257.9093333333</dst>
            <dst id="WASHng">45702.816</dst>
        </src>
        <src id="CHINng">
            <dst id="ATLA-M5">287.704</dst>
            <dst id="ATLAng">14757.2826666667</dst>
            <dst id="CHINng">34597.1413333333</dst>
            <dst id="DNVRng">14862.0506666667</dst>
            <dst id="HSTNng">10673.0213333333</dst>
            <dst id="IPLSng">31393.5573333333</dst>
            <dst id="KSCYng">15313.12</dst>
            <dst id="LOSAng">27005.6266666667</dst>
            <dst id="NYCMng">4312.928</dst>
            <dst id="SNVAng">1663.56</dst>
            <dst id="STTLng">8496.50933333333</dst>
            <dst id="WASHng">15469.4133333333</dst>
        </src>
        <src id="DNVRng">
            <dst id="ATLA-M5">324.333333333333</dst>
            <dst id="ATLAng">4532.464</dst>
            <dst id="CHINng">35895.0373333333</dst>
            <dst id="DNVRng">19895.88</dst>
            <dst id="HSTNng">6161.55466666667</dst>
            <dst id="IPLSng">15834.5386666667</dst>
            <dst id="KSCYng">14976.2026666667</dst>
            <dst id="LOSAng">22200.5066666667</dst>
            <dst id="NYCMng">10796.9253333333</dst>
            <dst id="SNVAng">18342.9573333333</dst>
            <dst id="STTLng">19362.1786666667</dst>
            <dst id="WASHng">15746.6346666667</dst>
        </src>
        <src id="HSTNng">
            <dst id="ATLA-M5">366.048</dst>
            <dst id="ATLAng">3921.4</dst>
            <dst id="CHINng">23384.224</dst>
            <dst id="DNVRng">3881.85066666667</dst>
            <dst id="HSTNng">4856.536</dst>
            <dst id="IPLSng">11065.0373333333</dst>
            <dst id="KSCYng">3662.784</dst>
            <dst id="LOSAng">7518.97066666667</dst>
            <dst id="NYCMng">7380.032</dst>
            <dst id="SNVAng">1421.66933333333</dst>
            <dst id="STTLng">3838.40533333333</dst>
            <dst id="WASHng">7678.46666666667</dst>
        </src>
        <src id="IPLSng">
            <dst id="ATLA-M5">1114.18666666667</dst>
            <dst id="ATLAng">12373.232</dst>
            <dst id="CHINng">74824.3866666667</dst>
            <dst id="DNVRng">10172.9893333333</dst>
            <dst id="HSTNng">10252.5066666667</dst>
            <dst id="IPLSng">32007.568</dst>
            <dst id="KSCYng">11665.008</dst>
            <dst id="LOSAng">90082.5946666667</dst>
            <dst id="NYCMng">43478.4746666667</dst>
            <dst id="SNVAng">4336.8</dst>
            <dst id="STTLng">11994.816</dst>
            <dst id="WASHng">51671.64</dst>
        </src>
        <src id="KSCYng">
            <dst id="ATLA-M5">245.848</dst>
            <dst id="ATLAng">11760.04</dst>
            <dst id="CHINng">34875.7866666667</dst>
            <dst id="DNVRng">8001.112</dst>
            <dst id="HSTNng">3675.19466666667</dst>
            <dst id="IPLSng">16755.3733333333</dst>
            <dst id="KSCYng">6912.12266666667</dst>
            <dst id="LOSAng">7529.848</dst>
            <dst id="NYCMng">9333.47466666667</dst>
            <dst id="SNVAng">2290.64266666667</dst>
            <dst id="STTLng">4140.67466666667</dst>
            <dst id="WASHng">14585.752</dst>
        </src>
        <src id="LOSAng">
            <dst id="ATLA-M5">1394.49333333333</dst>
            <dst id="ATLAng">20238.104</dst>
            <dst id="CHINng">74250.904</dst>
            <dst id="DNVRng">14693.336</dst>
            <dst id="HSTNng">12085.4533333333</dst>
            <dst id="IPLSng">41780.7973333333</dst>
            <dst id="KSCYng">9640.77333333333</dst>
            <dst id="LOSAng">22647.4186666667</dst>
            <dst id="NYCMng">62415.144</dst>
            <dst id="SNVAng">2704.51733333333</dst>
            <dst id="STTLng">35112.6666666667</dst>
            <dst id="WASHng">58962.4773333333</dst>
        </src>
        <src id="NYCMng">
            <dst id="ATLA-M5">2015.704</dst>
            <dst id="ATLAng">44198.064</dst>
            <dst id="CHINng">71737.4186666667</dst>
            <dst id="DNVRng">24649.5333333333</dst>
            <dst id="HSTNng">42331.408</dst>
            <dst id="IPLSng">71873.4373333333</dst>
            <dst id="KSCYng">29802.4</dst>
            <dst id="LOSAng">77901.6853333333</dst>
            <dst id="NYCMng">153125.610666667</dst>
            <dst id="SNVAng">9970.60266666667</dst>
            <dst id="STTLng">33857.2133333333</dst>
            <dst id="WASHng">115082.122666667</dst>
        </src>
        <src id="SNVAng">
            <dst id="ATLA-M5">42.4666666666667</dst>
            <dst id="ATLAng">2881.088</dst>
            <dst id="CHINng">4433.368</dst>
            <dst id="DNVRng">15604.4373333333</dst>
            <dst id="HSTNng">2224.13333333333</dst>
            <dst id="IPLSng">2653.62933333333</dst>
            <dst id="KSCYng">788.96</dst>
            <dst id="LOSAng">2683.62933333333</dst>
            <dst id="NYCMng">3428.66933333333</dst>
            <dst id="SNVAng">219.698666666667</dst>
            <dst id="STTLng">3284.792</dst>
            <dst id="WASHng">4196.712</dst>
        </src>
        <src id="STTLng">
            <dst id="ATLA-M5">149.522666666667</dst>
            <dst id="ATLAng">14352.232</dst>
            <dst id="CHINng">35592.4693333333</dst>
            <dst id="DNVRng">5622.42933333333</dst>
            <dst id="HSTNng">6047.152</dst>
            <dst id="IPLSng">15645.568</dst>
            <dst id="KSCYng">4196.28533333333</dst>
            <dst id="LOSAng">23645.2773333333</dst>
            <dst id="NYCMng">24831.2</dst>
            <dst id="SNVAng">3349.48266666667</dst>
            <dst id="STTLng">6665.312</dst>
            <dst id="WASHng">12756.512</dst>
        </src>
        <src id="WASHng">
            <dst id="ATLA-M5">1042.62133333333</dst>
            <dst id="ATLAng">113328.845333333</dst>
            <dst id="CHINng">90209.8053333333</dst>
            <dst id="DNVRng">38588.0533333333</dst>
            <dst id="HSTNng">23407.568</dst>
            <dst id="IPLSng">65538.9226666667</dst>
            <dst id="KSCYng">24237.8986666667</dst>
            <dst id="LOSAng">67697.448</dst>
            <dst id="NYCMng">165679.877333333</dst>
            <dst id="SNVAng">7917.42933333333</dst>
            <dst id="STTLng">29578.4533333333</dst>
            <dst id="WASHng">189906.309333333</dst>
        </src>
    </IntraTM>
</TrafficMatrixFile>
