<?xml version="1.0" encoding="ISO-8859-1" standalone="yes"?>
<TrafficMatrixFile xsi:noNamespaceSchemaLocation="http://totem.run.montefiore.ulg.ac.be/Schema/TrafficMatrix-v1_2.xsd" xmlns:xsi="http://www.w3.org/2001/XMLSchema-instance">
    <IntraTM ASID="11537">
        <src id="ATLA-M5">
            <dst id="ATLA-M5">90.8026666666667</dst>
            <dst id="ATLAng">323.066666666667</dst>
            <dst id="CHINng">716.741333333333</dst>
            <dst id="DNVRng">1036.192</dst>
            <dst id="HSTNng">106.152</dst>
            <dst id="IPLSng">1123.54666666667</dst>
            <dst id="KSCYng">224.928</dst>
            <dst id="LOSAng">996.552</dst>
            <dst id="NYCMng">971.376</dst>
            <dst id="SNVAng">234.090666666667</dst>
            <dst id="STTLng">231.522666666667</dst>
            <dst id="WASHng">3877.992</dst>
        </src>
        <src id="ATLAng">
            <dst id="ATLA-M5">655.042666666667</dst>
            <dst id="ATLAng">23519.1706666667</dst>
            <dst id="CHINng">17312.448</dst>
            <dst id="DNVRng">4528.584</dst>
            <dst id="HSTNng">1593.77066666667</dst>
            <dst id="IPLSng">15546.784</dst>
            <dst id="KSCYng">5691.39466666667</dst>
            <dst id="LOSAng">14621.4186666667</dst>
            <dst id="NYCMng">8681.056</dst>
            <dst id="SNVAng">763.648</dst>
            <dst id="STTLng">4695.20533333333</dst>
            <dst id="WASHng">96648.9626666667</dst>
        </src>
        <src id="CHINng">
            <dst id="ATLA-M5">561.072</dst>
            <dst id="ATLAng">6647.56266666667</dst>
            <dst id="CHINng">39875.144</dst>
            <dst id="DNVRng">20386.3466666667</dst>
            <dst id="HSTNng">10694.1173333333</dst>
            <dst id="IPLSng">13541.8773333333</dst>
            <dst id="KSCYng">10949.576</dst>
            <dst id="LOSAng">28143.2213333333</dst>
            <dst id="NYCMng">4402.30133333333</dst>
            <dst id="SNVAng">2265.488</dst>
            <dst id="STTLng">7170.34133333333</dst>
            <dst id="WASHng">9922.43733333333</dst>
        </src>
        <src id="DNVRng">
            <dst id="ATLA-M5">133.333333333333</dst>
            <dst id="ATLAng">6959.14666666667</dst>
            <dst id="CHINng">69741.6106666667</dst>
            <dst id="DNVRng">30763.9626666667</dst>
            <dst id="HSTNng">10916.272</dst>
            <dst id="IPLSng">26267.448</dst>
            <dst id="KSCYng">18964.6613333333</dst>
            <dst id="LOSAng">11358.672</dst>
            <dst id="NYCMng">18067.328</dst>
            <dst id="SNVAng">12502.296</dst>
            <dst id="STTLng">9659.84266666667</dst>
            <dst id="WASHng">68493.288</dst>
        </src>
        <src id="HSTNng">
            <dst id="ATLA-M5">1732.16533333333</dst>
            <dst id="ATLAng">2933.22666666667</dst>
            <dst id="CHINng">79909.68</dst>
            <dst id="DNVRng">5657.38666666667</dst>
            <dst id="HSTNng">7942.73066666667</dst>
            <dst id="IPLSng">6317.968</dst>
            <dst id="KSCYng">1686.52533333333</dst>
            <dst id="LOSAng">103222.021333333</dst>
            <dst id="NYCMng">10709.0133333333</dst>
            <dst id="SNVAng">2056.70933333333</dst>
            <dst id="STTLng">2745.27466666667</dst>
            <dst id="WASHng">6469.968</dst>
        </src>
        <src id="IPLSng">
            <dst id="ATLA-M5">507.069333333333</dst>
            <dst id="ATLAng">11604.0106666667</dst>
            <dst id="CHINng">136155.306666667</dst>
            <dst id="DNVRng">24229.2506666667</dst>
            <dst id="HSTNng">4522.48266666667</dst>
            <dst id="IPLSng">39226.2186666667</dst>
            <dst id="KSCYng">17699.6613333333</dst>
            <dst id="LOSAng">43409.408</dst>
            <dst id="NYCMng">38230.7653333333</dst>
            <dst id="SNVAng">4456.14133333333</dst>
            <dst id="STTLng">16934.9386666667</dst>
            <dst id="WASHng">36517.3386666667</dst>
        </src>
        <src id="KSCYng">
            <dst id="ATLA-M5">350.773333333333</dst>
            <dst id="ATLAng">3333.37333333333</dst>
            <dst id="CHINng">35285.2</dst>
            <dst id="DNVRng">10514.36</dst>
            <dst id="HSTNng">3603.61333333333</dst>
            <dst id="IPLSng">17410.4133333333</dst>
            <dst id="KSCYng">10871.9813333333</dst>
            <dst id="LOSAng">8962.97066666667</dst>
            <dst id="NYCMng">10276.3093333333</dst>
            <dst id="SNVAng">3001.33866666667</dst>
            <dst id="STTLng">4585.832</dst>
            <dst id="WASHng">8981.40533333333</dst>
        </src>
        <src id="LOSAng">
            <dst id="ATLA-M5">279.058666666667</dst>
            <dst id="ATLAng">21142.6453333333</dst>
            <dst id="CHINng">180859.677333333</dst>
            <dst id="DNVRng">8713.94666666666</dst>
            <dst id="HSTNng">59742.3173333333</dst>
            <dst id="IPLSng">41443.8186666667</dst>
            <dst id="KSCYng">10723.4</dst>
            <dst id="LOSAng">19572.288</dst>
            <dst id="NYCMng">55452.936</dst>
            <dst id="SNVAng">13415.936</dst>
            <dst id="STTLng">29772.248</dst>
            <dst id="WASHng">68208.8586666667</dst>
        </src>
        <src id="NYCMng">
            <dst id="ATLA-M5">1846.976</dst>
            <dst id="ATLAng">35872.184</dst>
            <dst id="CHINng">69278.632</dst>
            <dst id="DNVRng">32170.168</dst>
            <dst id="HSTNng">30396.1306666667</dst>
            <dst id="IPLSng">44256.824</dst>
            <dst id="KSCYng">14675.4773333333</dst>
            <dst id="LOSAng">74576.3226666667</dst>
            <dst id="NYCMng">141909.872</dst>
            <dst id="SNVAng">9957.67466666667</dst>
            <dst id="STTLng">21661.1173333333</dst>
            <dst id="WASHng">67530.6266666667</dst>
        </src>
        <src id="SNVAng">
            <dst id="ATLA-M5">429.821333333333</dst>
            <dst id="ATLAng">491.725333333333</dst>
            <dst id="CHINng">5636.86666666667</dst>
            <dst id="DNVRng">4024.93066666667</dst>
            <dst id="HSTNng">1122.54933333333</dst>
            <dst id="IPLSng">1703.12533333333</dst>
            <dst id="KSCYng">628.997333333333</dst>
            <dst id="LOSAng">36222.2</dst>
            <dst id="NYCMng">2318.00266666667</dst>
            <dst id="SNVAng">14944.6746666667</dst>
            <dst id="STTLng">66975.9786666667</dst>
            <dst id="WASHng">2677.31733333333</dst>
        </src>
        <src id="STTLng">
            <dst id="ATLA-M5">339.888</dst>
            <dst id="ATLAng">9417.99733333333</dst>
            <dst id="CHINng">71935.8773333333</dst>
            <dst id="DNVRng">4168.00266666667</dst>
            <dst id="HSTNng">2156.968</dst>
            <dst id="IPLSng">5515.47466666667</dst>
            <dst id="KSCYng">3120.04</dst>
            <dst id="LOSAng">28369.776</dst>
            <dst id="NYCMng">21178.912</dst>
            <dst id="SNVAng">3423.94666666667</dst>
            <dst id="STTLng">14100.0693333333</dst>
            <dst id="WASHng">7243.43466666667</dst>
        </src>
        <src id="WASHng">
            <dst id="ATLA-M5">460.514666666667</dst>
            <dst id="ATLAng">129822.925333333</dst>
            <dst id="CHINng">86078.88</dst>
            <dst id="DNVRng">51042.824</dst>
            <dst id="HSTNng">26876.6106666667</dst>
            <dst id="IPLSng">49493.584</dst>
            <dst id="KSCYng">13570.8026666667</dst>
            <dst id="LOSAng">60218.0213333334</dst>
            <dst id="NYCMng">179110.248</dst>
            <dst id="SNVAng">10749.2986666667</dst>
            <dst id="STTLng">41984.1546666667</dst>
            <dst id="WASHng">396505.84</dst>
        </src>
    </IntraTM>
</TrafficMatrixFile>
