<?xml version="1.0" encoding="ISO-8859-1" standalone="yes"?>
<TrafficMatrixFile xsi:noNamespaceSchemaLocation="http://totem.run.montefiore.ulg.ac.be/Schema/TrafficMatrix-v1_2.xsd" xmlns:xsi="http://www.w3.org/2001/XMLSchema-instance">
    <IntraTM ASID="11537">
        <src id="ATLA-M5">
            <dst id="ATLA-M5">183.149333333333</dst>
            <dst id="ATLAng">974.818666666667</dst>
            <dst id="CHINng">1510.192</dst>
            <dst id="DNVRng">256.704</dst>
            <dst id="HSTNng">166.405333333333</dst>
            <dst id="IPLSng">1173.56533333333</dst>
            <dst id="KSCYng">116.056</dst>
            <dst id="LOSAng">116.474666666667</dst>
            <dst id="NYCMng">324.789333333333</dst>
            <dst id="SNVAng">139.650666666667</dst>
            <dst id="STTLng">206.312</dst>
            <dst id="WASHng">3843.81066666667</dst>
        </src>
        <src id="ATLAng">
            <dst id="ATLA-M5">1072.54933333333</dst>
            <dst id="ATLAng">62648.1013333333</dst>
            <dst id="CHINng">12352.3413333333</dst>
            <dst id="DNVRng">2107.88</dst>
            <dst id="HSTNng">1116.36</dst>
            <dst id="IPLSng">12732.3546666667</dst>
            <dst id="KSCYng">3213.104</dst>
            <dst id="LOSAng">15904.1253333333</dst>
            <dst id="NYCMng">11382.1333333333</dst>
            <dst id="SNVAng">3344.14133333333</dst>
            <dst id="STTLng">7560.30933333333</dst>
            <dst id="WASHng">82910.0586666667</dst>
        </src>
        <src id="CHINng">
            <dst id="ATLA-M5">295.762666666667</dst>
            <dst id="ATLAng">11266.0986666667</dst>
            <dst id="CHINng">47857.4773333333</dst>
            <dst id="DNVRng">7886.15466666667</dst>
            <dst id="HSTNng">20486.9173333333</dst>
            <dst id="IPLSng">23442.792</dst>
            <dst id="KSCYng">8052.98666666667</dst>
            <dst id="LOSAng">17464.8826666667</dst>
            <dst id="NYCMng">5134.104</dst>
            <dst id="SNVAng">1225.18666666667</dst>
            <dst id="STTLng">6608.79733333333</dst>
            <dst id="WASHng">10329.912</dst>
        </src>
        <src id="DNVRng">
            <dst id="ATLA-M5">143.352</dst>
            <dst id="ATLAng">9837.39466666667</dst>
            <dst id="CHINng">44313.8106666667</dst>
            <dst id="DNVRng">5176.78666666667</dst>
            <dst id="HSTNng">5885.78133333333</dst>
            <dst id="IPLSng">7877.6</dst>
            <dst id="KSCYng">13540.5786666667</dst>
            <dst id="LOSAng">2940.12533333333</dst>
            <dst id="NYCMng">12692.7946666667</dst>
            <dst id="SNVAng">9811.8</dst>
            <dst id="STTLng">20629.584</dst>
            <dst id="WASHng">11050.9573333333</dst>
        </src>
        <src id="HSTNng">
            <dst id="ATLA-M5">2132.69066666667</dst>
            <dst id="ATLAng">1948.96533333333</dst>
            <dst id="CHINng">32854.0826666667</dst>
            <dst id="DNVRng">1888.57066666667</dst>
            <dst id="HSTNng">5996.72266666667</dst>
            <dst id="IPLSng">8568.26933333333</dst>
            <dst id="KSCYng">2817.032</dst>
            <dst id="LOSAng">10571.7946666667</dst>
            <dst id="NYCMng">5576.26933333333</dst>
            <dst id="SNVAng">932.736</dst>
            <dst id="STTLng">2095.53866666667</dst>
            <dst id="WASHng">4010.96266666667</dst>
        </src>
        <src id="IPLSng">
            <dst id="ATLA-M5">140.058666666667</dst>
            <dst id="ATLAng">9950.624</dst>
            <dst id="CHINng">123195.645333333</dst>
            <dst id="DNVRng">15151.9413333333</dst>
            <dst id="HSTNng">8391.60266666667</dst>
            <dst id="IPLSng">32445.7253333333</dst>
            <dst id="KSCYng">7843.288</dst>
            <dst id="LOSAng">18255.8373333333</dst>
            <dst id="NYCMng">29571.456</dst>
            <dst id="SNVAng">2157.896</dst>
            <dst id="STTLng">7925.56533333333</dst>
            <dst id="WASHng">31303.424</dst>
        </src>
        <src id="KSCYng">
            <dst id="ATLA-M5">2373.664</dst>
            <dst id="ATLAng">6166.008</dst>
            <dst id="CHINng">39142.7733333333</dst>
            <dst id="DNVRng">3189.448</dst>
            <dst id="HSTNng">2970.49066666667</dst>
            <dst id="IPLSng">8836.82666666667</dst>
            <dst id="KSCYng">4308.78133333333</dst>
            <dst id="LOSAng">3723.49333333333</dst>
            <dst id="NYCMng">7709.656</dst>
            <dst id="SNVAng">571.309333333333</dst>
            <dst id="STTLng">4280.84533333333</dst>
            <dst id="WASHng">17001.9813333333</dst>
        </src>
        <src id="LOSAng">
            <dst id="ATLA-M5">66.3626666666667</dst>
            <dst id="ATLAng">33511.304</dst>
            <dst id="CHINng">134130.16</dst>
            <dst id="DNVRng">3332.29333333333</dst>
            <dst id="HSTNng">6437.08</dst>
            <dst id="IPLSng">35989.4613333333</dst>
            <dst id="KSCYng">5628.26933333333</dst>
            <dst id="LOSAng">12837.4186666667</dst>
            <dst id="NYCMng">46629.3466666667</dst>
            <dst id="SNVAng">3099.4</dst>
            <dst id="STTLng">21815.048</dst>
            <dst id="WASHng">49000.1146666667</dst>
        </src>
        <src id="NYCMng">
            <dst id="ATLA-M5">835.624</dst>
            <dst id="ATLAng">44121.4106666667</dst>
            <dst id="CHINng">58318.8293333333</dst>
            <dst id="DNVRng">14896.7973333333</dst>
            <dst id="HSTNng">34134.04</dst>
            <dst id="IPLSng">70751.4613333333</dst>
            <dst id="KSCYng">16018.6133333333</dst>
            <dst id="LOSAng">45616.7173333333</dst>
            <dst id="NYCMng">157116.2</dst>
            <dst id="SNVAng">4856.12533333333</dst>
            <dst id="STTLng">20273.2373333333</dst>
            <dst id="WASHng">64268.7546666667</dst>
        </src>
        <src id="SNVAng">
            <dst id="ATLA-M5">88.1866666666667</dst>
            <dst id="ATLAng">675.989333333333</dst>
            <dst id="CHINng">6643.36</dst>
            <dst id="DNVRng">2496.608</dst>
            <dst id="HSTNng">559.314666666667</dst>
            <dst id="IPLSng">2752.264</dst>
            <dst id="KSCYng">377.941333333333</dst>
            <dst id="LOSAng">5843.408</dst>
            <dst id="NYCMng">2285.48</dst>
            <dst id="SNVAng">288.997333333333</dst>
            <dst id="STTLng">2144.69333333333</dst>
            <dst id="WASHng">1423.02666666667</dst>
        </src>
        <src id="STTLng">
            <dst id="ATLA-M5">470.026666666667</dst>
            <dst id="ATLAng">16790.36</dst>
            <dst id="CHINng">85007.368</dst>
            <dst id="DNVRng">2753.22133333333</dst>
            <dst id="HSTNng">2062.55466666667</dst>
            <dst id="IPLSng">9072.93066666667</dst>
            <dst id="KSCYng">3067.37333333333</dst>
            <dst id="LOSAng">18900.1253333333</dst>
            <dst id="NYCMng">19610.8426666667</dst>
            <dst id="SNVAng">2332.00266666667</dst>
            <dst id="STTLng">5642.53333333333</dst>
            <dst id="WASHng">15030.9413333333</dst>
        </src>
        <src id="WASHng">
            <dst id="ATLA-M5">197.037333333333</dst>
            <dst id="ATLAng">68032.8053333333</dst>
            <dst id="CHINng">54325.2586666667</dst>
            <dst id="DNVRng">41335.6373333333</dst>
            <dst id="HSTNng">11845.728</dst>
            <dst id="IPLSng">50225.6906666666</dst>
            <dst id="KSCYng">16730.3706666667</dst>
            <dst id="LOSAng">63390.5253333333</dst>
            <dst id="NYCMng">116018.424</dst>
            <dst id="SNVAng">2319.07466666667</dst>
            <dst id="STTLng">31788.112</dst>
            <dst id="WASHng">379818.533333333</dst>
        </src>
    </IntraTM>
</TrafficMatrixFile>
