<?xml version="1.0" encoding="ISO-8859-1" standalone="yes"?>
<TrafficMatrixFile xsi:noNamespaceSchemaLocation="http://totem.run.montefiore.ulg.ac.be/Schema/TrafficMatrix-v1_2.xsd" xmlns:xsi="http://www.w3.org/2001/XMLSchema-instance">
    <IntraTM ASID="11537">
        <src id="ATLA-M5">
            <dst id="ATLA-M5">27.8453333333333</dst>
            <dst id="ATLAng">1388.98133333333</dst>
            <dst id="CHINng">1822.264</dst>
            <dst id="DNVRng">2076.896</dst>
            <dst id="HSTNng">285.92</dst>
            <dst id="IPLSng">2950.24533333333</dst>
            <dst id="KSCYng">604.074666666667</dst>
            <dst id="LOSAng">928.417333333333</dst>
            <dst id="NYCMng">530.517333333333</dst>
            <dst id="SNVAng">443.108</dst>
            <dst id="STTLng">417.781333333333</dst>
            <dst id="WASHng">1642.152</dst>
        </src>
        <src id="ATLAng">
            <dst id="ATLA-M5">1265.416</dst>
            <dst id="ATLAng">29217.336</dst>
            <dst id="CHINng">25852.6826666667</dst>
            <dst id="DNVRng">6295.57866666667</dst>
            <dst id="HSTNng">8795.856</dst>
            <dst id="IPLSng">36443.76</dst>
            <dst id="KSCYng">9591.57333333333</dst>
            <dst id="LOSAng">29247.3226666667</dst>
            <dst id="NYCMng">34876.2533333333</dst>
            <dst id="SNVAng">3273.08266666667</dst>
            <dst id="STTLng">11052.7306666667</dst>
            <dst id="WASHng">80537.7573333333</dst>
        </src>
        <src id="CHINng">
            <dst id="ATLA-M5">4187.41866666667</dst>
            <dst id="ATLAng">13907.6853333333</dst>
            <dst id="CHINng">35155.0693333333</dst>
            <dst id="DNVRng">12349.864</dst>
            <dst id="HSTNng">19931.248</dst>
            <dst id="IPLSng">35819.8533333333</dst>
            <dst id="KSCYng">7929.672</dst>
            <dst id="LOSAng">33730.3333333333</dst>
            <dst id="NYCMng">7678.12533333334</dst>
            <dst id="SNVAng">8517.232</dst>
            <dst id="STTLng">8747.16</dst>
            <dst id="WASHng">18612.096</dst>
        </src>
        <src id="DNVRng">
            <dst id="ATLA-M5">482.069333333333</dst>
            <dst id="ATLAng">8291.144</dst>
            <dst id="CHINng">53870.7866666667</dst>
            <dst id="DNVRng">23687.7093333333</dst>
            <dst id="HSTNng">17174.1813333333</dst>
            <dst id="IPLSng">40211.24</dst>
            <dst id="KSCYng">17507.5493333333</dst>
            <dst id="LOSAng">8923.70133333333</dst>
            <dst id="NYCMng">24044.5626666667</dst>
            <dst id="SNVAng">12434.112</dst>
            <dst id="STTLng">12724.944</dst>
            <dst id="WASHng">60152.4266666667</dst>
        </src>
        <src id="HSTNng">
            <dst id="ATLA-M5">2352.57333333333</dst>
            <dst id="ATLAng">3647.71733333333</dst>
            <dst id="CHINng">19658.3653333333</dst>
            <dst id="DNVRng">4848.088</dst>
            <dst id="HSTNng">15446.632</dst>
            <dst id="IPLSng">10525.6693333333</dst>
            <dst id="KSCYng">4901.86666666667</dst>
            <dst id="LOSAng">10580.6373333333</dst>
            <dst id="NYCMng">9185.22666666667</dst>
            <dst id="SNVAng">3648.76266666667</dst>
            <dst id="STTLng">4757.54933333333</dst>
            <dst id="WASHng">11115.1013333333</dst>
        </src>
        <src id="IPLSng">
            <dst id="ATLA-M5">1207.784</dst>
            <dst id="ATLAng">21001.752</dst>
            <dst id="CHINng">99123.992</dst>
            <dst id="DNVRng">31333.7013333333</dst>
            <dst id="HSTNng">9977.352</dst>
            <dst id="IPLSng">42484.2453333333</dst>
            <dst id="KSCYng">11339.7813333333</dst>
            <dst id="LOSAng">100318.274666667</dst>
            <dst id="NYCMng">34490.9866666667</dst>
            <dst id="SNVAng">8311.70133333333</dst>
            <dst id="STTLng">15193.592</dst>
            <dst id="WASHng">58288.1493333333</dst>
        </src>
        <src id="KSCYng">
            <dst id="ATLA-M5">913.634666666667</dst>
            <dst id="ATLAng">5753.62133333333</dst>
            <dst id="CHINng">43647.1386666667</dst>
            <dst id="DNVRng">13202.0453333333</dst>
            <dst id="HSTNng">5938.98133333333</dst>
            <dst id="IPLSng">18206.8053333333</dst>
            <dst id="KSCYng">8938.01866666667</dst>
            <dst id="LOSAng">10061.344</dst>
            <dst id="NYCMng">11553.0133333333</dst>
            <dst id="SNVAng">1704.51466666667</dst>
            <dst id="STTLng">3385.51733333333</dst>
            <dst id="WASHng">12593.2026666667</dst>
        </src>
        <src id="LOSAng">
            <dst id="ATLA-M5">1923.23733333333</dst>
            <dst id="ATLAng">26944.2773333333</dst>
            <dst id="CHINng">101864.901333333</dst>
            <dst id="DNVRng">22728.4293333333</dst>
            <dst id="HSTNng">16996.904</dst>
            <dst id="IPLSng">49449.1973333333</dst>
            <dst id="KSCYng">11529.8586666667</dst>
            <dst id="LOSAng">17652.4266666667</dst>
            <dst id="NYCMng">60791.3226666667</dst>
            <dst id="SNVAng">12756.8933333333</dst>
            <dst id="STTLng">29159.5333333333</dst>
            <dst id="WASHng">69838.5653333333</dst>
        </src>
        <src id="NYCMng">
            <dst id="ATLA-M5">3523.86666666667</dst>
            <dst id="ATLAng">56972.488</dst>
            <dst id="CHINng">72571.4746666667</dst>
            <dst id="DNVRng">45592.008</dst>
            <dst id="HSTNng">44217.9146666667</dst>
            <dst id="IPLSng">88731.4453333334</dst>
            <dst id="KSCYng">23822.5546666667</dst>
            <dst id="LOSAng">106958.632</dst>
            <dst id="NYCMng">157179.2</dst>
            <dst id="SNVAng">17094.248</dst>
            <dst id="STTLng">39616.1146666667</dst>
            <dst id="WASHng">199116.981333333</dst>
        </src>
        <src id="SNVAng">
            <dst id="ATLA-M5">177.050666666667</dst>
            <dst id="ATLAng">913.826666666667</dst>
            <dst id="CHINng">8986.91733333333</dst>
            <dst id="DNVRng">4118.69333333333</dst>
            <dst id="HSTNng">963.245333333333</dst>
            <dst id="IPLSng">2649.98933333333</dst>
            <dst id="KSCYng">477.402666666667</dst>
            <dst id="LOSAng">43642.616</dst>
            <dst id="NYCMng">2836.99733333333</dst>
            <dst id="SNVAng">18713.1706666667</dst>
            <dst id="STTLng">68182.8346666667</dst>
            <dst id="WASHng">4430.024</dst>
        </src>
        <src id="STTLng">
            <dst id="ATLA-M5">515.421333333333</dst>
            <dst id="ATLAng">13377.552</dst>
            <dst id="CHINng">64093.1093333334</dst>
            <dst id="DNVRng">5087.616</dst>
            <dst id="HSTNng">5550.864</dst>
            <dst id="IPLSng">24691.0293333333</dst>
            <dst id="KSCYng">4991.37866666667</dst>
            <dst id="LOSAng">35543.912</dst>
            <dst id="NYCMng">31544.9893333333</dst>
            <dst id="SNVAng">7180.33066666667</dst>
            <dst id="STTLng">12963.2133333333</dst>
            <dst id="WASHng">23532.6453333333</dst>
        </src>
        <src id="WASHng">
            <dst id="ATLA-M5">3140.06133333333</dst>
            <dst id="ATLAng">136732.088</dst>
            <dst id="CHINng">125833.837333333</dst>
            <dst id="DNVRng">72369.6053333333</dst>
            <dst id="HSTNng">27837.0106666667</dst>
            <dst id="IPLSng">93273.4</dst>
            <dst id="KSCYng">18032.5253333333</dst>
            <dst id="LOSAng">101805.954666667</dst>
            <dst id="NYCMng">178064.912</dst>
            <dst id="SNVAng">14366.504</dst>
            <dst id="STTLng">40383.3093333333</dst>
            <dst id="WASHng">235846.453333333</dst>
        </src>
    </IntraTM>
</TrafficMatrixFile>
