<?xml version="1.0" encoding="ISO-8859-1" standalone="yes"?>
<TrafficMatrixFile xsi:noNamespaceSchemaLocation="http://totem.run.montefiore.ulg.ac.be/Schema/TrafficMatrix-v1_2.xsd" xmlns:xsi="http://www.w3.org/2001/XMLSchema-instance">
    <IntraTM ASID="11537">
        <src id="ATLA-M5">
            <dst id="ATLA-M5">0</dst>
            <dst id="ATLAng">1128.72533333333</dst>
            <dst id="CHINng">2051.89066666667</dst>
            <dst id="DNVRng">1139.99733333333</dst>
            <dst id="HSTNng">421.64</dst>
            <dst id="IPLSng">1819.39466666667</dst>
            <dst id="KSCYng">441.570666666667</dst>
            <dst id="LOSAng">1028.45866666667</dst>
            <dst id="NYCMng">1531.69066666667</dst>
            <dst id="SNVAng">356.610666666667</dst>
            <dst id="STTLng">186.768</dst>
            <dst id="WASHng">1129.80266666667</dst>
        </src>
        <src id="ATLAng">
            <dst id="ATLA-M5">1839.47466666667</dst>
            <dst id="ATLAng">26542.632</dst>
            <dst id="CHINng">29657.76</dst>
            <dst id="DNVRng">6771.83466666667</dst>
            <dst id="HSTNng">8525.25333333333</dst>
            <dst id="IPLSng">26118.8106666667</dst>
            <dst id="KSCYng">7301.46933333333</dst>
            <dst id="LOSAng">18423.4746666667</dst>
            <dst id="NYCMng">18711.624</dst>
            <dst id="SNVAng">1923.75733333333</dst>
            <dst id="STTLng">8370.53066666667</dst>
            <dst id="WASHng">108692.618666667</dst>
        </src>
        <src id="CHINng">
            <dst id="ATLA-M5">3814.69066666667</dst>
            <dst id="ATLAng">32985.4</dst>
            <dst id="CHINng">36597.7173333333</dst>
            <dst id="DNVRng">13022.792</dst>
            <dst id="HSTNng">14905.6026666667</dst>
            <dst id="IPLSng">46028.392</dst>
            <dst id="KSCYng">12117.216</dst>
            <dst id="LOSAng">38298.8133333333</dst>
            <dst id="NYCMng">4736.87466666667</dst>
            <dst id="SNVAng">12044.4906666667</dst>
            <dst id="STTLng">14701.568</dst>
            <dst id="WASHng">31268.5786666667</dst>
        </src>
        <src id="DNVRng">
            <dst id="ATLA-M5">345.093333333333</dst>
            <dst id="ATLAng">7905.544</dst>
            <dst id="CHINng">61121.576</dst>
            <dst id="DNVRng">22483.7386666667</dst>
            <dst id="HSTNng">16534.5093333333</dst>
            <dst id="IPLSng">27817.2293333333</dst>
            <dst id="KSCYng">22718.5226666667</dst>
            <dst id="LOSAng">11037.3306666667</dst>
            <dst id="NYCMng">25887.8933333333</dst>
            <dst id="SNVAng">13615.5386666667</dst>
            <dst id="STTLng">20373.6613333333</dst>
            <dst id="WASHng">65048.6906666666</dst>
        </src>
        <src id="HSTNng">
            <dst id="ATLA-M5">399.917333333333</dst>
            <dst id="ATLAng">6565.26666666666</dst>
            <dst id="CHINng">30618.0186666667</dst>
            <dst id="DNVRng">5613.91733333333</dst>
            <dst id="HSTNng">10991.888</dst>
            <dst id="IPLSng">10633.92</dst>
            <dst id="KSCYng">4984.61866666667</dst>
            <dst id="LOSAng">108345.818666667</dst>
            <dst id="NYCMng">10491.9093333333</dst>
            <dst id="SNVAng">1913.28266666667</dst>
            <dst id="STTLng">6516.36</dst>
            <dst id="WASHng">19228.0053333333</dst>
        </src>
        <src id="IPLSng">
            <dst id="ATLA-M5">1669.17866666667</dst>
            <dst id="ATLAng">17102.9146666667</dst>
            <dst id="CHINng">101800.538666667</dst>
            <dst id="DNVRng">30411.4613333333</dst>
            <dst id="HSTNng">10645.736</dst>
            <dst id="IPLSng">32363.2026666667</dst>
            <dst id="KSCYng">13420.64</dst>
            <dst id="LOSAng">55965.9813333333</dst>
            <dst id="NYCMng">36250.6106666667</dst>
            <dst id="SNVAng">16978.8373333333</dst>
            <dst id="STTLng">14559.4533333333</dst>
            <dst id="WASHng">58857.8453333333</dst>
        </src>
        <src id="KSCYng">
            <dst id="ATLA-M5">1951.096</dst>
            <dst id="ATLAng">12530.3146666667</dst>
            <dst id="CHINng">50065.496</dst>
            <dst id="DNVRng">13594.464</dst>
            <dst id="HSTNng">4931.424</dst>
            <dst id="IPLSng">18684.92</dst>
            <dst id="KSCYng">14793.9733333333</dst>
            <dst id="LOSAng">6163.86933333333</dst>
            <dst id="NYCMng">12487.752</dst>
            <dst id="SNVAng">2195.984</dst>
            <dst id="STTLng">5266.84</dst>
            <dst id="WASHng">18484.3066666667</dst>
        </src>
        <src id="LOSAng">
            <dst id="ATLA-M5">1031.616</dst>
            <dst id="ATLAng">36117.1493333333</dst>
            <dst id="CHINng">117193.048</dst>
            <dst id="DNVRng">14560.96</dst>
            <dst id="HSTNng">13048.5306666667</dst>
            <dst id="IPLSng">42631.8933333333</dst>
            <dst id="KSCYng">11570.0853333333</dst>
            <dst id="LOSAng">23488.5706666667</dst>
            <dst id="NYCMng">65425.6</dst>
            <dst id="SNVAng">13968.592</dst>
            <dst id="STTLng">39581.1386666667</dst>
            <dst id="WASHng">74103.9306666667</dst>
        </src>
        <src id="NYCMng">
            <dst id="ATLA-M5">3854.64266666667</dst>
            <dst id="ATLAng">57292.3813333333</dst>
            <dst id="CHINng">73774.2853333333</dst>
            <dst id="DNVRng">42289.8693333333</dst>
            <dst id="HSTNng">50169.2506666667</dst>
            <dst id="IPLSng">89405.024</dst>
            <dst id="KSCYng">27372.3013333333</dst>
            <dst id="LOSAng">96569.0986666667</dst>
            <dst id="NYCMng">149187.789333333</dst>
            <dst id="SNVAng">12395.8293333333</dst>
            <dst id="STTLng">36834.1066666667</dst>
            <dst id="WASHng">125626.224</dst>
        </src>
        <src id="SNVAng">
            <dst id="ATLA-M5">507.466666666667</dst>
            <dst id="ATLAng">1652.712</dst>
            <dst id="CHINng">6039.27733333333</dst>
            <dst id="DNVRng">6932.37866666666</dst>
            <dst id="HSTNng">3284.23733333333</dst>
            <dst id="IPLSng">2670.45066666667</dst>
            <dst id="KSCYng">741.584</dst>
            <dst id="LOSAng">39881.9173333333</dst>
            <dst id="NYCMng">5017.41333333333</dst>
            <dst id="SNVAng">24634.9786666667</dst>
            <dst id="STTLng">67001.9573333333</dst>
            <dst id="WASHng">2922.86133333333</dst>
        </src>
        <src id="STTLng">
            <dst id="ATLA-M5">80</dst>
            <dst id="ATLAng">13431.216</dst>
            <dst id="CHINng">50884.528</dst>
            <dst id="DNVRng">7789.104</dst>
            <dst id="HSTNng">2499.792</dst>
            <dst id="IPLSng">24396.704</dst>
            <dst id="KSCYng">5316.22933333333</dst>
            <dst id="LOSAng">38070.5946666667</dst>
            <dst id="NYCMng">28732.3733333333</dst>
            <dst id="SNVAng">10544.0373333333</dst>
            <dst id="STTLng">16211.6</dst>
            <dst id="WASHng">18863.7946666667</dst>
        </src>
        <src id="WASHng">
            <dst id="ATLA-M5">1800.67733333333</dst>
            <dst id="ATLAng">142942.808</dst>
            <dst id="CHINng">97573.68</dst>
            <dst id="DNVRng">58857.528</dst>
            <dst id="HSTNng">29455.0986666667</dst>
            <dst id="IPLSng">65940.2933333333</dst>
            <dst id="KSCYng">16605.936</dst>
            <dst id="LOSAng">79612.8666666667</dst>
            <dst id="NYCMng">221498.490666667</dst>
            <dst id="SNVAng">11721.6853333333</dst>
            <dst id="STTLng">38921.9466666667</dst>
            <dst id="WASHng">283284.213333333</dst>
        </src>
    </IntraTM>
</TrafficMatrixFile>
