<?xml version="1.0" encoding="ISO-8859-1" standalone="yes"?>
<TrafficMatrixFile xsi:noNamespaceSchemaLocation="http://totem.run.montefiore.ulg.ac.be/Schema/TrafficMatrix-v1_2.xsd" xmlns:xsi="http://www.w3.org/2001/XMLSchema-instance">
    <IntraTM ASID="11537">
        <src id="ATLA-M5">
            <dst id="ATLA-M5">0</dst>
            <dst id="ATLAng">1981.38133333333</dst>
            <dst id="CHINng">2821.02933333333</dst>
            <dst id="DNVRng">233.76</dst>
            <dst id="HSTNng">245.328</dst>
            <dst id="IPLSng">1152.38933333333</dst>
            <dst id="KSCYng">206.061333333333</dst>
            <dst id="LOSAng">215.330666666667</dst>
            <dst id="NYCMng">1697.01333333333</dst>
            <dst id="SNVAng">269.677333333333</dst>
            <dst id="STTLng">282.370666666667</dst>
            <dst id="WASHng">1630.18666666667</dst>
        </src>
        <src id="ATLAng">
            <dst id="ATLA-M5">2726.18666666667</dst>
            <dst id="ATLAng">24623.6826666667</dst>
            <dst id="CHINng">27710.8826666667</dst>
            <dst id="DNVRng">6708.88266666667</dst>
            <dst id="HSTNng">8453.232</dst>
            <dst id="IPLSng">38165.312</dst>
            <dst id="KSCYng">4586.22933333333</dst>
            <dst id="LOSAng">19320.0773333333</dst>
            <dst id="NYCMng">18395.4746666667</dst>
            <dst id="SNVAng">2863.46666666667</dst>
            <dst id="STTLng">10418.4906666667</dst>
            <dst id="WASHng">62331.232</dst>
        </src>
        <src id="CHINng">
            <dst id="ATLA-M5">3436.832</dst>
            <dst id="ATLAng">16772.2533333333</dst>
            <dst id="CHINng">49009.0666666667</dst>
            <dst id="DNVRng">11606.16</dst>
            <dst id="HSTNng">25481.8053333333</dst>
            <dst id="IPLSng">51197.088</dst>
            <dst id="KSCYng">10617.256</dst>
            <dst id="LOSAng">25137.0746666667</dst>
            <dst id="NYCMng">5879.24533333333</dst>
            <dst id="SNVAng">4874.21066666667</dst>
            <dst id="STTLng">9032.088</dst>
            <dst id="WASHng">21464.8586666667</dst>
        </src>
        <src id="DNVRng">
            <dst id="ATLA-M5">262.893333333333</dst>
            <dst id="ATLAng">9378.98666666667</dst>
            <dst id="CHINng">52532.5066666667</dst>
            <dst id="DNVRng">24888.2186666667</dst>
            <dst id="HSTNng">15835.4533333333</dst>
            <dst id="IPLSng">44663.952</dst>
            <dst id="KSCYng">26936.088</dst>
            <dst id="LOSAng">12534.0186666667</dst>
            <dst id="NYCMng">25827.0506666667</dst>
            <dst id="SNVAng">11596.408</dst>
            <dst id="STTLng">15275.552</dst>
            <dst id="WASHng">67572.3946666667</dst>
        </src>
        <src id="HSTNng">
            <dst id="ATLA-M5">764.768</dst>
            <dst id="ATLAng">14411.512</dst>
            <dst id="CHINng">26585.368</dst>
            <dst id="DNVRng">5081.70666666667</dst>
            <dst id="HSTNng">7933.13333333333</dst>
            <dst id="IPLSng">12841.3866666667</dst>
            <dst id="KSCYng">3012.448</dst>
            <dst id="LOSAng">12547.5706666667</dst>
            <dst id="NYCMng">10544.2293333333</dst>
            <dst id="SNVAng">2601.06133333333</dst>
            <dst id="STTLng">4132.68</dst>
            <dst id="WASHng">8784.34666666667</dst>
        </src>
        <src id="IPLSng">
            <dst id="ATLA-M5">662.442666666667</dst>
            <dst id="ATLAng">19222.1466666667</dst>
            <dst id="CHINng">81028.9066666667</dst>
            <dst id="DNVRng">28949.9866666667</dst>
            <dst id="HSTNng">11735.928</dst>
            <dst id="IPLSng">43728.0826666667</dst>
            <dst id="KSCYng">13600.92</dst>
            <dst id="LOSAng">24174.1146666667</dst>
            <dst id="NYCMng">40960.7013333333</dst>
            <dst id="SNVAng">3982.85066666667</dst>
            <dst id="STTLng">18941.864</dst>
            <dst id="WASHng">49632.984</dst>
        </src>
        <src id="KSCYng">
            <dst id="ATLA-M5">270.28</dst>
            <dst id="ATLAng">6141.424</dst>
            <dst id="CHINng">38521.0613333333</dst>
            <dst id="DNVRng">9409.39466666667</dst>
            <dst id="HSTNng">4557.744</dst>
            <dst id="IPLSng">13077.4693333333</dst>
            <dst id="KSCYng">10807.3893333333</dst>
            <dst id="LOSAng">9444.73866666667</dst>
            <dst id="NYCMng">9672.63466666667</dst>
            <dst id="SNVAng">2692.96533333333</dst>
            <dst id="STTLng">4619.136</dst>
            <dst id="WASHng">15903.432</dst>
        </src>
        <src id="LOSAng">
            <dst id="ATLA-M5">1189.89333333333</dst>
            <dst id="ATLAng">35969.7413333333</dst>
            <dst id="CHINng">107281.978666667</dst>
            <dst id="DNVRng">11067.288</dst>
            <dst id="HSTNng">15498.9413333333</dst>
            <dst id="IPLSng">64387.6133333333</dst>
            <dst id="KSCYng">13886.1813333333</dst>
            <dst id="LOSAng">23068.0266666667</dst>
            <dst id="NYCMng">71245.4586666667</dst>
            <dst id="SNVAng">13456.3813333333</dst>
            <dst id="STTLng">42574.44</dst>
            <dst id="WASHng">86162.8933333333</dst>
        </src>
        <src id="NYCMng">
            <dst id="ATLA-M5">3720.58933333333</dst>
            <dst id="ATLAng">55875.1253333333</dst>
            <dst id="CHINng">73349.6</dst>
            <dst id="DNVRng">42624.808</dst>
            <dst id="HSTNng">47348.2773333333</dst>
            <dst id="IPLSng">83624.9493333333</dst>
            <dst id="KSCYng">25813.032</dst>
            <dst id="LOSAng">91104.456</dst>
            <dst id="NYCMng">136514.101333333</dst>
            <dst id="SNVAng">13791.7253333333</dst>
            <dst id="STTLng">46241.544</dst>
            <dst id="WASHng">222223.413333333</dst>
        </src>
        <src id="SNVAng">
            <dst id="ATLA-M5">402.634666666667</dst>
            <dst id="ATLAng">1693.94933333333</dst>
            <dst id="CHINng">4602.91733333333</dst>
            <dst id="DNVRng">7344.09066666667</dst>
            <dst id="HSTNng">1868.216</dst>
            <dst id="IPLSng">3563.056</dst>
            <dst id="KSCYng">1375.528</dst>
            <dst id="LOSAng">36873.456</dst>
            <dst id="NYCMng">2794.688</dst>
            <dst id="SNVAng">20243.16</dst>
            <dst id="STTLng">67780.3733333333</dst>
            <dst id="WASHng">3645.97866666667</dst>
        </src>
        <src id="STTLng">
            <dst id="ATLA-M5">238.506666666667</dst>
            <dst id="ATLAng">13838.0133333333</dst>
            <dst id="CHINng">46145.1973333333</dst>
            <dst id="DNVRng">3967.06666666667</dst>
            <dst id="HSTNng">4860.824</dst>
            <dst id="IPLSng">17914.3386666667</dst>
            <dst id="KSCYng">5599.25066666667</dst>
            <dst id="LOSAng">42043.8906666667</dst>
            <dst id="NYCMng">26154.5973333333</dst>
            <dst id="SNVAng">6851.79733333333</dst>
            <dst id="STTLng">14502.2853333333</dst>
            <dst id="WASHng">15453.64</dst>
        </src>
        <src id="WASHng">
            <dst id="ATLA-M5">1122.62933333333</dst>
            <dst id="ATLAng">141284.832</dst>
            <dst id="CHINng">111944.696</dst>
            <dst id="DNVRng">65541.976</dst>
            <dst id="HSTNng">44356.0053333333</dst>
            <dst id="IPLSng">97545.368</dst>
            <dst id="KSCYng">26047.5653333333</dst>
            <dst id="LOSAng">96918.536</dst>
            <dst id="NYCMng">197543.018666667</dst>
            <dst id="SNVAng">21078.712</dst>
            <dst id="STTLng">45403.7546666667</dst>
            <dst id="WASHng">223999.589333333</dst>
        </src>
    </IntraTM>
</TrafficMatrixFile>
