<?xml version="1.0" encoding="ISO-8859-1" standalone="yes"?>
<TrafficMatrixFile xsi:noNamespaceSchemaLocation="http://totem.run.montefiore.ulg.ac.be/Schema/TrafficMatrix-v1_2.xsd" xmlns:xsi="http://www.w3.org/2001/XMLSchema-instance">
    <IntraTM ASID="11537">
        <src id="ATLA-M5">
            <dst id="ATLA-M5">26.6666666666667</dst>
            <dst id="ATLAng">393.496</dst>
            <dst id="CHINng">337.370666666667</dst>
            <dst id="DNVRng">26.6666666666667</dst>
            <dst id="HSTNng">338.898666666667</dst>
            <dst id="IPLSng">806.557333333333</dst>
            <dst id="KSCYng">1761.984</dst>
            <dst id="LOSAng">109.688</dst>
            <dst id="NYCMng">348.050666666667</dst>
            <dst id="SNVAng">120.525333333333</dst>
            <dst id="STTLng">360.933333333333</dst>
            <dst id="WASHng">3954.85333333333</dst>
        </src>
        <src id="ATLAng">
            <dst id="ATLA-M5">541.192</dst>
            <dst id="ATLAng">65056.312</dst>
            <dst id="CHINng">19819.304</dst>
            <dst id="DNVRng">3604.45066666667</dst>
            <dst id="HSTNng">2765.88</dst>
            <dst id="IPLSng">21888.696</dst>
            <dst id="KSCYng">5060.11466666667</dst>
            <dst id="LOSAng">15918.5573333333</dst>
            <dst id="NYCMng">13885.9466666667</dst>
            <dst id="SNVAng">1097.54933333333</dst>
            <dst id="STTLng">6699.94933333333</dst>
            <dst id="WASHng">118165.997333333</dst>
        </src>
        <src id="CHINng">
            <dst id="ATLA-M5">208.744</dst>
            <dst id="ATLAng">12514.76</dst>
            <dst id="CHINng">52355.12</dst>
            <dst id="DNVRng">6281.312</dst>
            <dst id="HSTNng">5594.46933333333</dst>
            <dst id="IPLSng">27625.728</dst>
            <dst id="KSCYng">22138.2213333333</dst>
            <dst id="LOSAng">12666.992</dst>
            <dst id="NYCMng">5545.536</dst>
            <dst id="SNVAng">2082.12</dst>
            <dst id="STTLng">5418.232</dst>
            <dst id="WASHng">12326.8746666667</dst>
        </src>
        <src id="DNVRng">
            <dst id="ATLA-M5">86.9493333333333</dst>
            <dst id="ATLAng">7013.29333333333</dst>
            <dst id="CHINng">50269.7493333333</dst>
            <dst id="DNVRng">7119.352</dst>
            <dst id="HSTNng">5657.81333333333</dst>
            <dst id="IPLSng">9825.39466666667</dst>
            <dst id="KSCYng">13539.0986666667</dst>
            <dst id="LOSAng">11171.6373333333</dst>
            <dst id="NYCMng">9813.98933333333</dst>
            <dst id="SNVAng">10273.712</dst>
            <dst id="STTLng">14850.5493333333</dst>
            <dst id="WASHng">16330.2826666667</dst>
        </src>
        <src id="HSTNng">
            <dst id="ATLA-M5">3468.6</dst>
            <dst id="ATLAng">3640.32533333333</dst>
            <dst id="CHINng">31645.5653333333</dst>
            <dst id="DNVRng">2502.32533333333</dst>
            <dst id="HSTNng">6779.66133333333</dst>
            <dst id="IPLSng">4734.856</dst>
            <dst id="KSCYng">7107.848</dst>
            <dst id="LOSAng">6850.90133333333</dst>
            <dst id="NYCMng">8151.07466666667</dst>
            <dst id="SNVAng">518.173333333333</dst>
            <dst id="STTLng">1304.944</dst>
            <dst id="WASHng">14951.9226666667</dst>
        </src>
        <src id="IPLSng">
            <dst id="ATLA-M5">462.317333333333</dst>
            <dst id="ATLAng">15221.8693333333</dst>
            <dst id="CHINng">123557.858666667</dst>
            <dst id="DNVRng">7856.99466666666</dst>
            <dst id="HSTNng">15331.504</dst>
            <dst id="IPLSng">40900.7173333333</dst>
            <dst id="KSCYng">10880.2186666667</dst>
            <dst id="LOSAng">83956.8373333333</dst>
            <dst id="NYCMng">27403.1493333333</dst>
            <dst id="SNVAng">1882.47733333333</dst>
            <dst id="STTLng">7065.816</dst>
            <dst id="WASHng">34635.7786666667</dst>
        </src>
        <src id="KSCYng">
            <dst id="ATLA-M5">1140.14933333333</dst>
            <dst id="ATLAng">9369.67466666667</dst>
            <dst id="CHINng">41327.9306666667</dst>
            <dst id="DNVRng">2556.46666666667</dst>
            <dst id="HSTNng">5137.52533333333</dst>
            <dst id="IPLSng">18810.5733333333</dst>
            <dst id="KSCYng">7498.12533333334</dst>
            <dst id="LOSAng">2345.76533333333</dst>
            <dst id="NYCMng">9716.83733333333</dst>
            <dst id="SNVAng">526.304</dst>
            <dst id="STTLng">3695.47733333333</dst>
            <dst id="WASHng">14993.496</dst>
        </src>
        <src id="LOSAng">
            <dst id="ATLA-M5">505.581333333333</dst>
            <dst id="ATLAng">21394.7733333333</dst>
            <dst id="CHINng">139026.888</dst>
            <dst id="DNVRng">6154.21066666667</dst>
            <dst id="HSTNng">7117.84</dst>
            <dst id="IPLSng">41124.4986666667</dst>
            <dst id="KSCYng">6582.77866666667</dst>
            <dst id="LOSAng">12206.344</dst>
            <dst id="NYCMng">44822.976</dst>
            <dst id="SNVAng">3913.072</dst>
            <dst id="STTLng">19949.416</dst>
            <dst id="WASHng">50888.264</dst>
        </src>
        <src id="NYCMng">
            <dst id="ATLA-M5">1543.93866666667</dst>
            <dst id="ATLAng">46448.2</dst>
            <dst id="CHINng">64477.992</dst>
            <dst id="DNVRng">14659.8613333333</dst>
            <dst id="HSTNng">31059.232</dst>
            <dst id="IPLSng">86305.8773333333</dst>
            <dst id="KSCYng">25001.384</dst>
            <dst id="LOSAng">46458.7893333333</dst>
            <dst id="NYCMng">221117.005333333</dst>
            <dst id="SNVAng">6808.696</dst>
            <dst id="STTLng">19682.776</dst>
            <dst id="WASHng">83781.9573333333</dst>
        </src>
        <src id="SNVAng">
            <dst id="ATLA-M5">297.672</dst>
            <dst id="ATLAng">1459.95466666667</dst>
            <dst id="CHINng">8904.112</dst>
            <dst id="DNVRng">4733.35466666667</dst>
            <dst id="HSTNng">528.701333333333</dst>
            <dst id="IPLSng">3825.912</dst>
            <dst id="KSCYng">511.613333333333</dst>
            <dst id="LOSAng">12454.776</dst>
            <dst id="NYCMng">2997.864</dst>
            <dst id="SNVAng">228.989333333333</dst>
            <dst id="STTLng">2636.58666666667</dst>
            <dst id="WASHng">1889.03733333333</dst>
        </src>
        <src id="STTLng">
            <dst id="ATLA-M5">321.866666666667</dst>
            <dst id="ATLAng">18581.2053333333</dst>
            <dst id="CHINng">83515.8613333333</dst>
            <dst id="DNVRng">3478.76533333333</dst>
            <dst id="HSTNng">1835.032</dst>
            <dst id="IPLSng">10567.2586666667</dst>
            <dst id="KSCYng">4131.30133333333</dst>
            <dst id="LOSAng">16500.088</dst>
            <dst id="NYCMng">23517.6506666667</dst>
            <dst id="SNVAng">4731.544</dst>
            <dst id="STTLng">5200.73066666667</dst>
            <dst id="WASHng">12902.128</dst>
        </src>
        <src id="WASHng">
            <dst id="ATLA-M5">681.184</dst>
            <dst id="ATLAng">109597.066666667</dst>
            <dst id="CHINng">58656.5733333333</dst>
            <dst id="DNVRng">44100.376</dst>
            <dst id="HSTNng">17131.144</dst>
            <dst id="IPLSng">72482.6453333333</dst>
            <dst id="KSCYng">27117.8533333333</dst>
            <dst id="LOSAng">48499.04</dst>
            <dst id="NYCMng">186848.728</dst>
            <dst id="SNVAng">2342</dst>
            <dst id="STTLng">29259.4026666667</dst>
            <dst id="WASHng">456560.16</dst>
        </src>
    </IntraTM>
</TrafficMatrixFile>
