<?xml version="1.0" encoding="ISO-8859-1" standalone="yes"?>
<TrafficMatrixFile xsi:noNamespaceSchemaLocation="http://totem.run.montefiore.ulg.ac.be/Schema/TrafficMatrix-v1_2.xsd" xmlns:xsi="http://www.w3.org/2001/XMLSchema-instance">
    <IntraTM ASID="11537">
        <src id="ATLA-M5">
            <dst id="ATLA-M5">56.1706666666667</dst>
            <dst id="ATLAng">1876.45066666667</dst>
            <dst id="CHINng">2109.12533333333</dst>
            <dst id="DNVRng">153.181333333333</dst>
            <dst id="HSTNng">359.090666666667</dst>
            <dst id="IPLSng">1088.74133333333</dst>
            <dst id="KSCYng">530.688</dst>
            <dst id="LOSAng">1122.26666666667</dst>
            <dst id="NYCMng">591.074666666667</dst>
            <dst id="SNVAng">282.197333333333</dst>
            <dst id="STTLng">160.938666666667</dst>
            <dst id="WASHng">2839.32533333333</dst>
        </src>
        <src id="ATLAng">
            <dst id="ATLA-M5">720.792</dst>
            <dst id="ATLAng">22137.768</dst>
            <dst id="CHINng">25890.92</dst>
            <dst id="DNVRng">6527.04</dst>
            <dst id="HSTNng">7411.23733333333</dst>
            <dst id="IPLSng">29275.4586666667</dst>
            <dst id="KSCYng">5164.16</dst>
            <dst id="LOSAng">18719.4693333333</dst>
            <dst id="NYCMng">17369.8186666667</dst>
            <dst id="SNVAng">2965.4</dst>
            <dst id="STTLng">6671.37333333333</dst>
            <dst id="WASHng">74256.1733333333</dst>
        </src>
        <src id="CHINng">
            <dst id="ATLA-M5">805.842666666667</dst>
            <dst id="ATLAng">8383.85333333333</dst>
            <dst id="CHINng">36562.3786666667</dst>
            <dst id="DNVRng">13607.3893333333</dst>
            <dst id="HSTNng">11007.2346666667</dst>
            <dst id="IPLSng">20549.6053333333</dst>
            <dst id="KSCYng">9182.97333333333</dst>
            <dst id="LOSAng">32160.6746666667</dst>
            <dst id="NYCMng">11235.0026666667</dst>
            <dst id="SNVAng">3894.40266666667</dst>
            <dst id="STTLng">7342.448</dst>
            <dst id="WASHng">11589.2746666667</dst>
        </src>
        <src id="DNVRng">
            <dst id="ATLA-M5">714.386666666667</dst>
            <dst id="ATLAng">7832.40533333333</dst>
            <dst id="CHINng">68599.5573333333</dst>
            <dst id="DNVRng">20126.3093333333</dst>
            <dst id="HSTNng">14809.28</dst>
            <dst id="IPLSng">26700.6533333333</dst>
            <dst id="KSCYng">26025.6026666667</dst>
            <dst id="LOSAng">7760.424</dst>
            <dst id="NYCMng">28240.0666666667</dst>
            <dst id="SNVAng">10015.5493333333</dst>
            <dst id="STTLng">10757.272</dst>
            <dst id="WASHng">57765.792</dst>
        </src>
        <src id="HSTNng">
            <dst id="ATLA-M5">1148.312</dst>
            <dst id="ATLAng">11353.9626666667</dst>
            <dst id="CHINng">49400.984</dst>
            <dst id="DNVRng">4686.09866666667</dst>
            <dst id="HSTNng">7378.51733333333</dst>
            <dst id="IPLSng">9997.016</dst>
            <dst id="KSCYng">3147.808</dst>
            <dst id="LOSAng">106030.757333333</dst>
            <dst id="NYCMng">8354.37866666667</dst>
            <dst id="SNVAng">1344.26666666667</dst>
            <dst id="STTLng">1925.93866666667</dst>
            <dst id="WASHng">8702.704</dst>
        </src>
        <src id="IPLSng">
            <dst id="ATLA-M5">2344.81866666667</dst>
            <dst id="ATLAng">18785.9653333333</dst>
            <dst id="CHINng">90425.5813333333</dst>
            <dst id="DNVRng">27446.3066666667</dst>
            <dst id="HSTNng">5488.76533333333</dst>
            <dst id="IPLSng">20519.24</dst>
            <dst id="KSCYng">19745.2746666667</dst>
            <dst id="LOSAng">67959.68</dst>
            <dst id="NYCMng">38812.552</dst>
            <dst id="SNVAng">4339.79733333333</dst>
            <dst id="STTLng">15120.6426666667</dst>
            <dst id="WASHng">40937.7706666667</dst>
        </src>
        <src id="KSCYng">
            <dst id="ATLA-M5">712.597333333333</dst>
            <dst id="ATLAng">4685.04266666667</dst>
            <dst id="CHINng">33508.5546666667</dst>
            <dst id="DNVRng">10062.64</dst>
            <dst id="HSTNng">5691.928</dst>
            <dst id="IPLSng">10151.456</dst>
            <dst id="KSCYng">6803.66133333333</dst>
            <dst id="LOSAng">9152.408</dst>
            <dst id="NYCMng">6176.76266666667</dst>
            <dst id="SNVAng">2593.94933333333</dst>
            <dst id="STTLng">4200.44266666667</dst>
            <dst id="WASHng">16100.52</dst>
        </src>
        <src id="LOSAng">
            <dst id="ATLA-M5">1458.832</dst>
            <dst id="ATLAng">22180.7546666667</dst>
            <dst id="CHINng">148345.608</dst>
            <dst id="DNVRng">12689.416</dst>
            <dst id="HSTNng">13276.0293333333</dst>
            <dst id="IPLSng">57593.184</dst>
            <dst id="KSCYng">12290.7253333333</dst>
            <dst id="LOSAng">29134.72</dst>
            <dst id="NYCMng">58034.1653333333</dst>
            <dst id="SNVAng">14715.6506666667</dst>
            <dst id="STTLng">28554.6826666667</dst>
            <dst id="WASHng">69546.952</dst>
        </src>
        <src id="NYCMng">
            <dst id="ATLA-M5">4368.42933333333</dst>
            <dst id="ATLAng">43727.248</dst>
            <dst id="CHINng">68165.3173333333</dst>
            <dst id="DNVRng">35204.272</dst>
            <dst id="HSTNng">35690.352</dst>
            <dst id="IPLSng">65820.56</dst>
            <dst id="KSCYng">28075.5493333333</dst>
            <dst id="LOSAng">83036.576</dst>
            <dst id="NYCMng">128232.328</dst>
            <dst id="SNVAng">7707.00266666667</dst>
            <dst id="STTLng">31582.1653333333</dst>
            <dst id="WASHng">106292.08</dst>
        </src>
        <src id="SNVAng">
            <dst id="ATLA-M5">224.272</dst>
            <dst id="ATLAng">663.413333333333</dst>
            <dst id="CHINng">5632.77333333333</dst>
            <dst id="DNVRng">4045.472</dst>
            <dst id="HSTNng">1431.912</dst>
            <dst id="IPLSng">2095.368</dst>
            <dst id="KSCYng">822.626666666667</dst>
            <dst id="LOSAng">35968.456</dst>
            <dst id="NYCMng">2205.21066666667</dst>
            <dst id="SNVAng">15847.4986666667</dst>
            <dst id="STTLng">59359.0106666667</dst>
            <dst id="WASHng">1577.29066666667</dst>
        </src>
        <src id="STTLng">
            <dst id="ATLA-M5">54.5173333333333</dst>
            <dst id="ATLAng">11671.376</dst>
            <dst id="CHINng">51435.7813333333</dst>
            <dst id="DNVRng">7683.21866666667</dst>
            <dst id="HSTNng">6109.95733333333</dst>
            <dst id="IPLSng">12885.9306666667</dst>
            <dst id="KSCYng">7502.65066666667</dst>
            <dst id="LOSAng">30765.3493333333</dst>
            <dst id="NYCMng">22417.768</dst>
            <dst id="SNVAng">4852.80266666667</dst>
            <dst id="STTLng">13457.4773333333</dst>
            <dst id="WASHng">11198.064</dst>
        </src>
        <src id="WASHng">
            <dst id="ATLA-M5">1057.296</dst>
            <dst id="ATLAng">119132.16</dst>
            <dst id="CHINng">101893.328</dst>
            <dst id="DNVRng">44633.0933333333</dst>
            <dst id="HSTNng">20313.1573333333</dst>
            <dst id="IPLSng">108211.573333333</dst>
            <dst id="KSCYng">13356.8853333333</dst>
            <dst id="LOSAng">70017.8586666666</dst>
            <dst id="NYCMng">210329.314666667</dst>
            <dst id="SNVAng">19426.672</dst>
            <dst id="STTLng">38584.584</dst>
            <dst id="WASHng">243306.405333333</dst>
        </src>
    </IntraTM>
</TrafficMatrixFile>
