<?xml version="1.0" encoding="ISO-8859-1" standalone="yes"?>
<TrafficMatrixFile xsi:noNamespaceSchemaLocation="http://totem.run.montefiore.ulg.ac.be/Schema/TrafficMatrix-v1_2.xsd" xmlns:xsi="http://www.w3.org/2001/XMLSchema-instance">
    <IntraTM ASID="11537">
        <src id="ATLA-M5">
            <dst id="ATLA-M5">0</dst>
            <dst id="ATLAng">2082.28266666667</dst>
            <dst id="CHINng">1258.22133333333</dst>
            <dst id="DNVRng">257.773333333333</dst>
            <dst id="HSTNng">172.125333333333</dst>
            <dst id="IPLSng">615.376</dst>
            <dst id="KSCYng">250.76</dst>
            <dst id="LOSAng">1097.07733333333</dst>
            <dst id="NYCMng">472.184</dst>
            <dst id="SNVAng">244.218666666667</dst>
            <dst id="STTLng">223.349333333333</dst>
            <dst id="WASHng">2900.408</dst>
        </src>
        <src id="ATLAng">
            <dst id="ATLA-M5">1603.33066666667</dst>
            <dst id="ATLAng">18311.912</dst>
            <dst id="CHINng">32277.552</dst>
            <dst id="DNVRng">9505.86133333333</dst>
            <dst id="HSTNng">5689.17866666667</dst>
            <dst id="IPLSng">25054.56</dst>
            <dst id="KSCYng">4674.248</dst>
            <dst id="LOSAng">16822.5093333333</dst>
            <dst id="NYCMng">13189.2</dst>
            <dst id="SNVAng">1234.41866666667</dst>
            <dst id="STTLng">5465.69333333333</dst>
            <dst id="WASHng">75032.616</dst>
        </src>
        <src id="CHINng">
            <dst id="ATLA-M5">1324.58133333333</dst>
            <dst id="ATLAng">13760.5706666667</dst>
            <dst id="CHINng">52714.2773333333</dst>
            <dst id="DNVRng">22275.688</dst>
            <dst id="HSTNng">12883.632</dst>
            <dst id="IPLSng">36280.496</dst>
            <dst id="KSCYng">13305.2373333333</dst>
            <dst id="LOSAng">31595.1786666667</dst>
            <dst id="NYCMng">5884.62933333333</dst>
            <dst id="SNVAng">2912.46666666667</dst>
            <dst id="STTLng">6454.66133333333</dst>
            <dst id="WASHng">16322.4613333333</dst>
        </src>
        <src id="DNVRng">
            <dst id="ATLA-M5">233.408</dst>
            <dst id="ATLAng">12635.272</dst>
            <dst id="CHINng">65703.0213333334</dst>
            <dst id="DNVRng">22333.9146666667</dst>
            <dst id="HSTNng">13194.1093333333</dst>
            <dst id="IPLSng">34471.296</dst>
            <dst id="KSCYng">20273.6053333333</dst>
            <dst id="LOSAng">7741.84533333333</dst>
            <dst id="NYCMng">22364.4346666667</dst>
            <dst id="SNVAng">12695.0613333333</dst>
            <dst id="STTLng">9694.272</dst>
            <dst id="WASHng">60299.2186666666</dst>
        </src>
        <src id="HSTNng">
            <dst id="ATLA-M5">870.605333333333</dst>
            <dst id="ATLAng">3958.62933333333</dst>
            <dst id="CHINng">49927.448</dst>
            <dst id="DNVRng">5288.12</dst>
            <dst id="HSTNng">5945.35733333333</dst>
            <dst id="IPLSng">9285.60266666667</dst>
            <dst id="KSCYng">2586.63466666667</dst>
            <dst id="LOSAng">10127.8586666667</dst>
            <dst id="NYCMng">13348.2106666667</dst>
            <dst id="SNVAng">1496.74666666667</dst>
            <dst id="STTLng">962.434666666667</dst>
            <dst id="WASHng">8962.89866666667</dst>
        </src>
        <src id="IPLSng">
            <dst id="ATLA-M5">308.018666666667</dst>
            <dst id="ATLAng">20313.936</dst>
            <dst id="CHINng">124239.176</dst>
            <dst id="DNVRng">29102.584</dst>
            <dst id="HSTNng">5280.67466666667</dst>
            <dst id="IPLSng">36346.6373333333</dst>
            <dst id="KSCYng">26686.8186666667</dst>
            <dst id="LOSAng">105902.968</dst>
            <dst id="NYCMng">32347.264</dst>
            <dst id="SNVAng">4974.51733333333</dst>
            <dst id="STTLng">17776.24</dst>
            <dst id="WASHng">39302.4853333333</dst>
        </src>
        <src id="KSCYng">
            <dst id="ATLA-M5">473.413333333333</dst>
            <dst id="ATLAng">4590.59733333333</dst>
            <dst id="CHINng">36444.3946666667</dst>
            <dst id="DNVRng">8563.60533333333</dst>
            <dst id="HSTNng">4875.03466666667</dst>
            <dst id="IPLSng">9428.05333333333</dst>
            <dst id="KSCYng">5363.20533333333</dst>
            <dst id="LOSAng">7840.50666666667</dst>
            <dst id="NYCMng">5448.592</dst>
            <dst id="SNVAng">1731.88266666667</dst>
            <dst id="STTLng">3538.17866666667</dst>
            <dst id="WASHng">13511.3173333333</dst>
        </src>
        <src id="LOSAng">
            <dst id="ATLA-M5">391.010666666667</dst>
            <dst id="ATLAng">39305.5386666667</dst>
            <dst id="CHINng">160207.712</dst>
            <dst id="DNVRng">12174.344</dst>
            <dst id="HSTNng">10714.2506666667</dst>
            <dst id="IPLSng">42231.4906666667</dst>
            <dst id="KSCYng">9146.256</dst>
            <dst id="LOSAng">22141.976</dst>
            <dst id="NYCMng">57861.9786666666</dst>
            <dst id="SNVAng">12616.36</dst>
            <dst id="STTLng">24500.2453333333</dst>
            <dst id="WASHng">73715.704</dst>
        </src>
        <src id="NYCMng">
            <dst id="ATLA-M5">3287.74933333333</dst>
            <dst id="ATLAng">36565.208</dst>
            <dst id="CHINng">67168.0133333334</dst>
            <dst id="DNVRng">40328.5573333333</dst>
            <dst id="HSTNng">39825.6666666667</dst>
            <dst id="IPLSng">68685.6026666667</dst>
            <dst id="KSCYng">20281.0933333333</dst>
            <dst id="LOSAng">82292.0666666667</dst>
            <dst id="NYCMng">153081.208</dst>
            <dst id="SNVAng">11045.0293333333</dst>
            <dst id="STTLng">29688.36</dst>
            <dst id="WASHng">78397.296</dst>
        </src>
        <src id="SNVAng">
            <dst id="ATLA-M5">227.413333333333</dst>
            <dst id="ATLAng">725.224</dst>
            <dst id="CHINng">6292.848</dst>
            <dst id="DNVRng">6298.51466666667</dst>
            <dst id="HSTNng">814</dst>
            <dst id="IPLSng">1166.216</dst>
            <dst id="KSCYng">902.272</dst>
            <dst id="LOSAng">35334.16</dst>
            <dst id="NYCMng">2183.11466666667</dst>
            <dst id="SNVAng">13878.7546666667</dst>
            <dst id="STTLng">65092.6933333333</dst>
            <dst id="WASHng">2167.216</dst>
        </src>
        <src id="STTLng">
            <dst id="ATLA-M5">122.36</dst>
            <dst id="ATLAng">9287.432</dst>
            <dst id="CHINng">57448.6133333333</dst>
            <dst id="DNVRng">5766.27733333333</dst>
            <dst id="HSTNng">3055.776</dst>
            <dst id="IPLSng">8880.64266666667</dst>
            <dst id="KSCYng">5966.42133333333</dst>
            <dst id="LOSAng">24987.8613333333</dst>
            <dst id="NYCMng">18570.5786666667</dst>
            <dst id="SNVAng">4710.41066666667</dst>
            <dst id="STTLng">25144.456</dst>
            <dst id="WASHng">10769.1893333333</dst>
        </src>
        <src id="WASHng">
            <dst id="ATLA-M5">503.296</dst>
            <dst id="ATLAng">86824.936</dst>
            <dst id="CHINng">93223.7653333333</dst>
            <dst id="DNVRng">54050.28</dst>
            <dst id="HSTNng">20532.7813333333</dst>
            <dst id="IPLSng">61249.816</dst>
            <dst id="KSCYng">10495.8666666667</dst>
            <dst id="LOSAng">63603.1093333334</dst>
            <dst id="NYCMng">198482.464</dst>
            <dst id="SNVAng">17546.664</dst>
            <dst id="STTLng">37205.6906666667</dst>
            <dst id="WASHng">303163.6</dst>
        </src>
    </IntraTM>
</TrafficMatrixFile>
