<?xml version="1.0" encoding="ISO-8859-1" standalone="yes"?>
<TrafficMatrixFile xsi:noNamespaceSchemaLocation="http://totem.run.montefiore.ulg.ac.be/Schema/TrafficMatrix-v1_2.xsd" xmlns:xsi="http://www.w3.org/2001/XMLSchema-instance">
    <IntraTM ASID="11537">
        <src id="ATLA-M5">
            <dst id="ATLA-M5">26.6666666666667</dst>
            <dst id="ATLAng">441.965333333333</dst>
            <dst id="CHINng">2428.81866666667</dst>
            <dst id="DNVRng">1161.136</dst>
            <dst id="HSTNng">345.954666666667</dst>
            <dst id="IPLSng">2963.33866666667</dst>
            <dst id="KSCYng">226.314666666667</dst>
            <dst id="LOSAng">1401.112</dst>
            <dst id="NYCMng">591.933333333333</dst>
            <dst id="SNVAng">77.24</dst>
            <dst id="STTLng">206.269333333333</dst>
            <dst id="WASHng">2351.416</dst>
        </src>
        <src id="ATLAng">
            <dst id="ATLA-M5">1819.68533333333</dst>
            <dst id="ATLAng">45991.136</dst>
            <dst id="CHINng">46055.8053333333</dst>
            <dst id="DNVRng">5519.424</dst>
            <dst id="HSTNng">7241.624</dst>
            <dst id="IPLSng">29861.216</dst>
            <dst id="KSCYng">12550.6053333333</dst>
            <dst id="LOSAng">21403.5973333333</dst>
            <dst id="NYCMng">14068.8933333333</dst>
            <dst id="SNVAng">1854.29866666667</dst>
            <dst id="STTLng">8410.00533333333</dst>
            <dst id="WASHng">53141.7146666667</dst>
        </src>
        <src id="CHINng">
            <dst id="ATLA-M5">1615.95733333333</dst>
            <dst id="ATLAng">14625.1626666667</dst>
            <dst id="CHINng">41731.7866666667</dst>
            <dst id="DNVRng">16685.4666666667</dst>
            <dst id="HSTNng">12389.7333333333</dst>
            <dst id="IPLSng">34443.9146666667</dst>
            <dst id="KSCYng">8132.504</dst>
            <dst id="LOSAng">25739.3706666667</dst>
            <dst id="NYCMng">6986.12533333333</dst>
            <dst id="SNVAng">3235.744</dst>
            <dst id="STTLng">8422.84266666667</dst>
            <dst id="WASHng">10742.0906666667</dst>
        </src>
        <src id="DNVRng">
            <dst id="ATLA-M5">495.125333333333</dst>
            <dst id="ATLAng">3369.06666666667</dst>
            <dst id="CHINng">43081.504</dst>
            <dst id="DNVRng">8925.36533333333</dst>
            <dst id="HSTNng">6039.112</dst>
            <dst id="IPLSng">12284.2346666667</dst>
            <dst id="KSCYng">15869.5466666667</dst>
            <dst id="LOSAng">19556.048</dst>
            <dst id="NYCMng">13359.8586666667</dst>
            <dst id="SNVAng">11549.808</dst>
            <dst id="STTLng">15905.3706666667</dst>
            <dst id="WASHng">18702.6266666667</dst>
        </src>
        <src id="HSTNng">
            <dst id="ATLA-M5">425.805333333333</dst>
            <dst id="ATLAng">3732.864</dst>
            <dst id="CHINng">30231.2533333333</dst>
            <dst id="DNVRng">3585.992</dst>
            <dst id="HSTNng">8261.81866666667</dst>
            <dst id="IPLSng">11242.4453333333</dst>
            <dst id="KSCYng">4232.496</dst>
            <dst id="LOSAng">80028.2293333334</dst>
            <dst id="NYCMng">4950.83466666667</dst>
            <dst id="SNVAng">2771.832</dst>
            <dst id="STTLng">6157.864</dst>
            <dst id="WASHng">7593.04266666667</dst>
        </src>
        <src id="IPLSng">
            <dst id="ATLA-M5">891.085333333334</dst>
            <dst id="ATLAng">17279.2186666667</dst>
            <dst id="CHINng">83362.512</dst>
            <dst id="DNVRng">6448.18933333333</dst>
            <dst id="HSTNng">7893.744</dst>
            <dst id="IPLSng">31586.0986666667</dst>
            <dst id="KSCYng">14135.5093333333</dst>
            <dst id="LOSAng">22007.5866666667</dst>
            <dst id="NYCMng">22339.9653333333</dst>
            <dst id="SNVAng">4285.25866666667</dst>
            <dst id="STTLng">9103.912</dst>
            <dst id="WASHng">37409.784</dst>
        </src>
        <src id="KSCYng">
            <dst id="ATLA-M5">849.458666666667</dst>
            <dst id="ATLAng">11214.872</dst>
            <dst id="CHINng">34740.8346666667</dst>
            <dst id="DNVRng">12123.0506666667</dst>
            <dst id="HSTNng">6755.28533333333</dst>
            <dst id="IPLSng">11688.5733333333</dst>
            <dst id="KSCYng">5948.82133333333</dst>
            <dst id="LOSAng">10402.8266666667</dst>
            <dst id="NYCMng">9654.24</dst>
            <dst id="SNVAng">1387.864</dst>
            <dst id="STTLng">4852.216</dst>
            <dst id="WASHng">14893.544</dst>
        </src>
        <src id="LOSAng">
            <dst id="ATLA-M5">310.514666666667</dst>
            <dst id="ATLAng">16412.896</dst>
            <dst id="CHINng">95566.056</dst>
            <dst id="DNVRng">8282.288</dst>
            <dst id="HSTNng">15150.4746666667</dst>
            <dst id="IPLSng">67239.9706666667</dst>
            <dst id="KSCYng">11284.8426666667</dst>
            <dst id="LOSAng">12879.0533333333</dst>
            <dst id="NYCMng">52380.9813333333</dst>
            <dst id="SNVAng">8121.50133333333</dst>
            <dst id="STTLng">26560.1413333333</dst>
            <dst id="WASHng">60013.9013333333</dst>
        </src>
        <src id="NYCMng">
            <dst id="ATLA-M5">3176.14666666667</dst>
            <dst id="ATLAng">45366.744</dst>
            <dst id="CHINng">81974.992</dst>
            <dst id="DNVRng">23423.8746666667</dst>
            <dst id="HSTNng">43196.2693333333</dst>
            <dst id="IPLSng">59492.216</dst>
            <dst id="KSCYng">25592.6213333333</dst>
            <dst id="LOSAng">70070.0613333333</dst>
            <dst id="NYCMng">161690.344</dst>
            <dst id="SNVAng">9303.01866666667</dst>
            <dst id="STTLng">25075.744</dst>
            <dst id="WASHng">84953.6933333333</dst>
        </src>
        <src id="SNVAng">
            <dst id="ATLA-M5">179.917333333333</dst>
            <dst id="ATLAng">862.168</dst>
            <dst id="CHINng">5358.85866666667</dst>
            <dst id="DNVRng">10298.3333333333</dst>
            <dst id="HSTNng">1609.912</dst>
            <dst id="IPLSng">3796.096</dst>
            <dst id="KSCYng">1038.888</dst>
            <dst id="LOSAng">2259.88533333333</dst>
            <dst id="NYCMng">3771.888</dst>
            <dst id="SNVAng">875.218666666667</dst>
            <dst id="STTLng">4893.19466666667</dst>
            <dst id="WASHng">2020.29333333333</dst>
        </src>
        <src id="STTLng">
            <dst id="ATLA-M5">998.624</dst>
            <dst id="ATLAng">14695.9573333333</dst>
            <dst id="CHINng">40306.8373333333</dst>
            <dst id="DNVRng">7682.416</dst>
            <dst id="HSTNng">4718.87733333333</dst>
            <dst id="IPLSng">15862.224</dst>
            <dst id="KSCYng">5432.64266666667</dst>
            <dst id="LOSAng">20994.264</dst>
            <dst id="NYCMng">14292.0853333333</dst>
            <dst id="SNVAng">2670.304</dst>
            <dst id="STTLng">6010.296</dst>
            <dst id="WASHng">10931.504</dst>
        </src>
        <src id="WASHng">
            <dst id="ATLA-M5">1428.74933333333</dst>
            <dst id="ATLAng">120904.024</dst>
            <dst id="CHINng">87405.5546666666</dst>
            <dst id="DNVRng">52841.1093333333</dst>
            <dst id="HSTNng">17818.8613333333</dst>
            <dst id="IPLSng">41727.3333333333</dst>
            <dst id="KSCYng">20720.8933333333</dst>
            <dst id="LOSAng">70485.3973333333</dst>
            <dst id="NYCMng">184385.322666667</dst>
            <dst id="SNVAng">4331.37066666666</dst>
            <dst id="STTLng">29656.6053333333</dst>
            <dst id="WASHng">162375.696</dst>
        </src>
    </IntraTM>
</TrafficMatrixFile>
