<?xml version="1.0" encoding="ISO-8859-1" standalone="yes"?>
<TrafficMatrixFile xsi:noNamespaceSchemaLocation="http://totem.run.montefiore.ulg.ac.be/Schema/TrafficMatrix-v1_2.xsd" xmlns:xsi="http://www.w3.org/2001/XMLSchema-instance">
    <IntraTM ASID="11537">
        <src id="ATLA-M5">
            <dst id="ATLA-M5">28.64</dst>
            <dst id="ATLAng">4195.15466666667</dst>
            <dst id="CHINng">2856.064</dst>
            <dst id="DNVRng">257.802666666667</dst>
            <dst id="HSTNng">311.189333333333</dst>
            <dst id="IPLSng">1153.032</dst>
            <dst id="KSCYng">550.394666666667</dst>
            <dst id="LOSAng">305.386666666667</dst>
            <dst id="NYCMng">1300.43466666667</dst>
            <dst id="SNVAng">38.9973333333333</dst>
            <dst id="STTLng">201.106666666667</dst>
            <dst id="WASHng">2516.96533333333</dst>
        </src>
        <src id="ATLAng">
            <dst id="ATLA-M5">581.693333333333</dst>
            <dst id="ATLAng">40179.824</dst>
            <dst id="CHINng">24355.6826666667</dst>
            <dst id="DNVRng">7982.648</dst>
            <dst id="HSTNng">10014.1333333333</dst>
            <dst id="IPLSng">33851.7706666667</dst>
            <dst id="KSCYng">4924.29866666667</dst>
            <dst id="LOSAng">19323.0986666667</dst>
            <dst id="NYCMng">25455.152</dst>
            <dst id="SNVAng">868.589333333333</dst>
            <dst id="STTLng">8732.62933333333</dst>
            <dst id="WASHng">49167.8213333333</dst>
        </src>
        <src id="CHINng">
            <dst id="ATLA-M5">4768.968</dst>
            <dst id="ATLAng">12679.896</dst>
            <dst id="CHINng">33793.0586666667</dst>
            <dst id="DNVRng">10283.4</dst>
            <dst id="HSTNng">7312.52266666667</dst>
            <dst id="IPLSng">33839.7226666667</dst>
            <dst id="KSCYng">16816.2693333333</dst>
            <dst id="LOSAng">16314.52</dst>
            <dst id="NYCMng">5211.17066666667</dst>
            <dst id="SNVAng">2771.62133333333</dst>
            <dst id="STTLng">8782.47733333334</dst>
            <dst id="WASHng">7802.95733333333</dst>
        </src>
        <src id="DNVRng">
            <dst id="ATLA-M5">338.88</dst>
            <dst id="ATLAng">5209.99466666667</dst>
            <dst id="CHINng">61728.608</dst>
            <dst id="DNVRng">11889.9253333333</dst>
            <dst id="HSTNng">5705.00533333333</dst>
            <dst id="IPLSng">7186.22666666667</dst>
            <dst id="KSCYng">16663.136</dst>
            <dst id="LOSAng">31942.2906666667</dst>
            <dst id="NYCMng">17778.384</dst>
            <dst id="SNVAng">19426.8053333333</dst>
            <dst id="STTLng">23850.6</dst>
            <dst id="WASHng">16278.3973333333</dst>
        </src>
        <src id="HSTNng">
            <dst id="ATLA-M5">1061.82133333333</dst>
            <dst id="ATLAng">4285.25866666667</dst>
            <dst id="CHINng">36473.416</dst>
            <dst id="DNVRng">5469.488</dst>
            <dst id="HSTNng">6326.496</dst>
            <dst id="IPLSng">8325.31466666667</dst>
            <dst id="KSCYng">6412.936</dst>
            <dst id="LOSAng">185875.338666667</dst>
            <dst id="NYCMng">7895.81333333333</dst>
            <dst id="SNVAng">1863.336</dst>
            <dst id="STTLng">2483.60533333333</dst>
            <dst id="WASHng">11587.2826666667</dst>
        </src>
        <src id="IPLSng">
            <dst id="ATLA-M5">9127.06133333333</dst>
            <dst id="ATLAng">16455.944</dst>
            <dst id="CHINng">84456.9066666667</dst>
            <dst id="DNVRng">22476.28</dst>
            <dst id="HSTNng">4822.22933333333</dst>
            <dst id="IPLSng">33757.424</dst>
            <dst id="KSCYng">13575.8533333333</dst>
            <dst id="LOSAng">70999.9573333333</dst>
            <dst id="NYCMng">33400.728</dst>
            <dst id="SNVAng">5482.816</dst>
            <dst id="STTLng">11738.5093333333</dst>
            <dst id="WASHng">42130.9706666667</dst>
        </src>
        <src id="KSCYng">
            <dst id="ATLA-M5">858.64</dst>
            <dst id="ATLAng">3315.85333333333</dst>
            <dst id="CHINng">35505.4026666667</dst>
            <dst id="DNVRng">9760.992</dst>
            <dst id="HSTNng">4941.72266666667</dst>
            <dst id="IPLSng">17887.0986666667</dst>
            <dst id="KSCYng">7546.16533333333</dst>
            <dst id="LOSAng">4493.176</dst>
            <dst id="NYCMng">10956.0533333333</dst>
            <dst id="SNVAng">1083.416</dst>
            <dst id="STTLng">3817.90666666667</dst>
            <dst id="WASHng">16546.056</dst>
        </src>
        <src id="LOSAng">
            <dst id="ATLA-M5">436.133333333333</dst>
            <dst id="ATLAng">20445.6533333333</dst>
            <dst id="CHINng">80910.8346666666</dst>
            <dst id="DNVRng">15982.7546666667</dst>
            <dst id="HSTNng">10037.408</dst>
            <dst id="IPLSng">36439.672</dst>
            <dst id="KSCYng">10614.4266666667</dst>
            <dst id="LOSAng">21252.472</dst>
            <dst id="NYCMng">58136.7733333333</dst>
            <dst id="SNVAng">8275.704</dst>
            <dst id="STTLng">35491.12</dst>
            <dst id="WASHng">81236.2026666667</dst>
        </src>
        <src id="NYCMng">
            <dst id="ATLA-M5">3126.55466666667</dst>
            <dst id="ATLAng">39381.1866666667</dst>
            <dst id="CHINng">69298.6746666667</dst>
            <dst id="DNVRng">16511.7093333333</dst>
            <dst id="HSTNng">19208.9386666667</dst>
            <dst id="IPLSng">66542.4933333333</dst>
            <dst id="KSCYng">31340.8373333333</dst>
            <dst id="LOSAng">75240.0933333333</dst>
            <dst id="NYCMng">127391.042666667</dst>
            <dst id="SNVAng">10758.5173333333</dst>
            <dst id="STTLng">30112</dst>
            <dst id="WASHng">94194.1386666667</dst>
        </src>
        <src id="SNVAng">
            <dst id="ATLA-M5">746.989333333333</dst>
            <dst id="ATLAng">889.978666666667</dst>
            <dst id="CHINng">4840.048</dst>
            <dst id="DNVRng">8803.712</dst>
            <dst id="HSTNng">1274.496</dst>
            <dst id="IPLSng">2096.82133333333</dst>
            <dst id="KSCYng">1184.16533333333</dst>
            <dst id="LOSAng">4469.52</dst>
            <dst id="NYCMng">5883.368</dst>
            <dst id="SNVAng">440.701333333333</dst>
            <dst id="STTLng">2084.664</dst>
            <dst id="WASHng">2255.52</dst>
        </src>
        <src id="STTLng">
            <dst id="ATLA-M5">202.578666666667</dst>
            <dst id="ATLAng">15068.096</dst>
            <dst id="CHINng">22622.9973333333</dst>
            <dst id="DNVRng">3014.53866666667</dst>
            <dst id="HSTNng">3691.38933333333</dst>
            <dst id="IPLSng">8591.576</dst>
            <dst id="KSCYng">2744.65866666667</dst>
            <dst id="LOSAng">17657.4213333333</dst>
            <dst id="NYCMng">22267.0853333333</dst>
            <dst id="SNVAng">4203.24266666667</dst>
            <dst id="STTLng">6085.69066666667</dst>
            <dst id="WASHng">10159.44</dst>
        </src>
        <src id="WASHng">
            <dst id="ATLA-M5">877.666666666666</dst>
            <dst id="ATLAng">109994.885333333</dst>
            <dst id="CHINng">93302.36</dst>
            <dst id="DNVRng">61070.776</dst>
            <dst id="HSTNng">21833.632</dst>
            <dst id="IPLSng">63889.9493333333</dst>
            <dst id="KSCYng">21322.024</dst>
            <dst id="LOSAng">81500.4906666667</dst>
            <dst id="NYCMng">144260.117333333</dst>
            <dst id="SNVAng">6068.50133333333</dst>
            <dst id="STTLng">27307.6186666667</dst>
            <dst id="WASHng">207564.866666667</dst>
        </src>
    </IntraTM>
</TrafficMatrixFile>
