<?xml version="1.0" encoding="ISO-8859-1" standalone="yes"?>
<TrafficMatrixFile xsi:noNamespaceSchemaLocation="http://totem.run.montefiore.ulg.ac.be/Schema/TrafficMatrix-v1_2.xsd" xmlns:xsi="http://www.w3.org/2001/XMLSchema-instance">
    <IntraTM ASID="11537">
        <src id="ATLA-M5">
            <dst id="ATLA-M5">278.882666666667</dst>
            <dst id="ATLAng">1425.952</dst>
            <dst id="CHINng">1321.33333333333</dst>
            <dst id="DNVRng">547.408</dst>
            <dst id="HSTNng">526.549333333333</dst>
            <dst id="IPLSng">855.778666666667</dst>
            <dst id="KSCYng">376.157333333333</dst>
            <dst id="LOSAng">169.152</dst>
            <dst id="NYCMng">361.306666666667</dst>
            <dst id="SNVAng">77.7973333333333</dst>
            <dst id="STTLng">26.6666666666667</dst>
            <dst id="WASHng">2941.544</dst>
        </src>
        <src id="ATLAng">
            <dst id="ATLA-M5">1716.048</dst>
            <dst id="ATLAng">30624.6266666667</dst>
            <dst id="CHINng">39385</dst>
            <dst id="DNVRng">6908.15733333333</dst>
            <dst id="HSTNng">9667.08266666667</dst>
            <dst id="IPLSng">38860.272</dst>
            <dst id="KSCYng">16632.4293333333</dst>
            <dst id="LOSAng">15370.7786666667</dst>
            <dst id="NYCMng">16570.2586666667</dst>
            <dst id="SNVAng">2352.22133333333</dst>
            <dst id="STTLng">6589.94133333333</dst>
            <dst id="WASHng">94155.3626666667</dst>
        </src>
        <src id="CHINng">
            <dst id="ATLA-M5">350.450666666667</dst>
            <dst id="ATLAng">28345.4906666667</dst>
            <dst id="CHINng">51960.0133333333</dst>
            <dst id="DNVRng">10628.4053333333</dst>
            <dst id="HSTNng">7403.15733333333</dst>
            <dst id="IPLSng">45308.6293333333</dst>
            <dst id="KSCYng">6295.472</dst>
            <dst id="LOSAng">16257.1706666667</dst>
            <dst id="NYCMng">5576.87466666667</dst>
            <dst id="SNVAng">3316.13866666667</dst>
            <dst id="STTLng">4966.76</dst>
            <dst id="WASHng">25436.28</dst>
        </src>
        <src id="DNVRng">
            <dst id="ATLA-M5">4638.86133333333</dst>
            <dst id="ATLAng">22199.096</dst>
            <dst id="CHINng">80666.832</dst>
            <dst id="DNVRng">24768.144</dst>
            <dst id="HSTNng">13117.784</dst>
            <dst id="IPLSng">33404.8746666667</dst>
            <dst id="KSCYng">43112.4293333333</dst>
            <dst id="LOSAng">9704.016</dst>
            <dst id="NYCMng">26635.096</dst>
            <dst id="SNVAng">12986.0933333333</dst>
            <dst id="STTLng">20427.904</dst>
            <dst id="WASHng">60021.592</dst>
        </src>
        <src id="HSTNng">
            <dst id="ATLA-M5">1399.47466666667</dst>
            <dst id="ATLAng">5692.84533333333</dst>
            <dst id="CHINng">29894.056</dst>
            <dst id="DNVRng">2381.13866666667</dst>
            <dst id="HSTNng">17282.672</dst>
            <dst id="IPLSng">10839.76</dst>
            <dst id="KSCYng">3143.736</dst>
            <dst id="LOSAng">4347.928</dst>
            <dst id="NYCMng">16033.7546666667</dst>
            <dst id="SNVAng">1668.752</dst>
            <dst id="STTLng">1595.77333333333</dst>
            <dst id="WASHng">10322.0613333333</dst>
        </src>
        <src id="IPLSng">
            <dst id="ATLA-M5">3558.12266666667</dst>
            <dst id="ATLAng">22867.3813333333</dst>
            <dst id="CHINng">160448.509333333</dst>
            <dst id="DNVRng">18662.4746666667</dst>
            <dst id="HSTNng">6667.40533333333</dst>
            <dst id="IPLSng">49697.6133333333</dst>
            <dst id="KSCYng">17493.1386666667</dst>
            <dst id="LOSAng">83801.528</dst>
            <dst id="NYCMng">51908.0746666667</dst>
            <dst id="SNVAng">11487.624</dst>
            <dst id="STTLng">13041.5226666667</dst>
            <dst id="WASHng">89184.5653333333</dst>
        </src>
        <src id="KSCYng">
            <dst id="ATLA-M5">738.605333333333</dst>
            <dst id="ATLAng">13027.4133333333</dst>
            <dst id="CHINng">41561.2506666667</dst>
            <dst id="DNVRng">10261.8293333333</dst>
            <dst id="HSTNng">2741.42133333333</dst>
            <dst id="IPLSng">12323.6773333333</dst>
            <dst id="KSCYng">18614.592</dst>
            <dst id="LOSAng">4351.49866666667</dst>
            <dst id="NYCMng">8805.74666666667</dst>
            <dst id="SNVAng">1270.96266666667</dst>
            <dst id="STTLng">2953.25333333333</dst>
            <dst id="WASHng">13225.992</dst>
        </src>
        <src id="LOSAng">
            <dst id="ATLA-M5">1647.73866666667</dst>
            <dst id="ATLAng">24171.224</dst>
            <dst id="CHINng">155338.744</dst>
            <dst id="DNVRng">13094.2853333333</dst>
            <dst id="HSTNng">8000.39466666666</dst>
            <dst id="IPLSng">45176.6053333333</dst>
            <dst id="KSCYng">15787.3253333333</dst>
            <dst id="LOSAng">13287.848</dst>
            <dst id="NYCMng">55355.1066666667</dst>
            <dst id="SNVAng">9993.424</dst>
            <dst id="STTLng">21508.952</dst>
            <dst id="WASHng">96183.5466666667</dst>
        </src>
        <src id="NYCMng">
            <dst id="ATLA-M5">2584.352</dst>
            <dst id="ATLAng">57588.4906666667</dst>
            <dst id="CHINng">75100.9173333333</dst>
            <dst id="DNVRng">38773.2186666667</dst>
            <dst id="HSTNng">17097.4026666667</dst>
            <dst id="IPLSng">85633.5626666667</dst>
            <dst id="KSCYng">36730.7866666667</dst>
            <dst id="LOSAng">49591.7066666667</dst>
            <dst id="NYCMng">179871.824</dst>
            <dst id="SNVAng">7196.12266666667</dst>
            <dst id="STTLng">23841.2133333333</dst>
            <dst id="WASHng">115642.061333333</dst>
        </src>
        <src id="SNVAng">
            <dst id="ATLA-M5">0</dst>
            <dst id="ATLAng">986.981333333333</dst>
            <dst id="CHINng">9184.97066666667</dst>
            <dst id="DNVRng">5016.64266666667</dst>
            <dst id="HSTNng">1217.26933333333</dst>
            <dst id="IPLSng">2127.288</dst>
            <dst id="KSCYng">1291.06666666667</dst>
            <dst id="LOSAng">33303.6933333333</dst>
            <dst id="NYCMng">1925.30133333333</dst>
            <dst id="SNVAng">18936.8293333333</dst>
            <dst id="STTLng">82340.1866666667</dst>
            <dst id="WASHng">3236.22666666667</dst>
        </src>
        <src id="STTLng">
            <dst id="ATLA-M5">1074.82133333333</dst>
            <dst id="ATLAng">14043.6266666667</dst>
            <dst id="CHINng">95683.6506666667</dst>
            <dst id="DNVRng">5498.07466666667</dst>
            <dst id="HSTNng">5445.62933333333</dst>
            <dst id="IPLSng">26199.1466666667</dst>
            <dst id="KSCYng">6463.73866666667</dst>
            <dst id="LOSAng">25832.68</dst>
            <dst id="NYCMng">26087.9093333333</dst>
            <dst id="SNVAng">5972.64266666667</dst>
            <dst id="STTLng">12080.44</dst>
            <dst id="WASHng">22424.232</dst>
        </src>
        <src id="WASHng">
            <dst id="ATLA-M5">3197.82666666667</dst>
            <dst id="ATLAng">127603.088</dst>
            <dst id="CHINng">114440.250666667</dst>
            <dst id="DNVRng">61184.4586666667</dst>
            <dst id="HSTNng">25862.7066666667</dst>
            <dst id="IPLSng">88949.704</dst>
            <dst id="KSCYng">34295.4106666667</dst>
            <dst id="LOSAng">86759.7706666667</dst>
            <dst id="NYCMng">229854.368</dst>
            <dst id="SNVAng">7320.816</dst>
            <dst id="STTLng">39361.216</dst>
            <dst id="WASHng">370193.44</dst>
        </src>
    </IntraTM>
</TrafficMatrixFile>
