<?xml version="1.0" encoding="ISO-8859-1" standalone="yes"?>
<TrafficMatrixFile xsi:noNamespaceSchemaLocation="http://totem.run.montefiore.ulg.ac.be/Schema/TrafficMatrix-v1_2.xsd" xmlns:xsi="http://www.w3.org/2001/XMLSchema-instance">
    <IntraTM ASID="11537">
        <src id="ATLA-M5">
            <dst id="ATLA-M5">53.3333333333333</dst>
            <dst id="ATLAng">406.032</dst>
            <dst id="CHINng">988.194666666667</dst>
            <dst id="DNVRng">133.608</dst>
            <dst id="HSTNng">503.554666666667</dst>
            <dst id="IPLSng">720.813333333334</dst>
            <dst id="KSCYng">343.24</dst>
            <dst id="LOSAng">248.109333333333</dst>
            <dst id="NYCMng">318.117333333333</dst>
            <dst id="SNVAng">321.874666666667</dst>
            <dst id="STTLng">0</dst>
            <dst id="WASHng">1774.29333333333</dst>
        </src>
        <src id="ATLAng">
            <dst id="ATLA-M5">974.546666666667</dst>
            <dst id="ATLAng">101650.752</dst>
            <dst id="CHINng">20022.7066666667</dst>
            <dst id="DNVRng">4012.552</dst>
            <dst id="HSTNng">6899.93066666667</dst>
            <dst id="IPLSng">20893.536</dst>
            <dst id="KSCYng">6041.62666666667</dst>
            <dst id="LOSAng">17561.336</dst>
            <dst id="NYCMng">16625.3013333333</dst>
            <dst id="SNVAng">2039.44533333333</dst>
            <dst id="STTLng">8499.064</dst>
            <dst id="WASHng">64052.96</dst>
        </src>
        <src id="CHINng">
            <dst id="ATLA-M5">4862.184</dst>
            <dst id="ATLAng">16371.0373333333</dst>
            <dst id="CHINng">29460.2853333333</dst>
            <dst id="DNVRng">14731.4773333333</dst>
            <dst id="HSTNng">24837.032</dst>
            <dst id="IPLSng">23873.5973333333</dst>
            <dst id="KSCYng">9947.20533333333</dst>
            <dst id="LOSAng">23648.632</dst>
            <dst id="NYCMng">11761.12</dst>
            <dst id="SNVAng">1477.96266666667</dst>
            <dst id="STTLng">6794.40266666667</dst>
            <dst id="WASHng">9841.72266666667</dst>
        </src>
        <src id="DNVRng">
            <dst id="ATLA-M5">457.042666666667</dst>
            <dst id="ATLAng">2125.368</dst>
            <dst id="CHINng">45196.4133333333</dst>
            <dst id="DNVRng">8054.72533333334</dst>
            <dst id="HSTNng">2159.136</dst>
            <dst id="IPLSng">15513.1333333333</dst>
            <dst id="KSCYng">17413.696</dst>
            <dst id="LOSAng">15334.568</dst>
            <dst id="NYCMng">21578.2986666667</dst>
            <dst id="SNVAng">17615.6133333333</dst>
            <dst id="STTLng">19819.656</dst>
            <dst id="WASHng">17855.1013333333</dst>
        </src>
        <src id="HSTNng">
            <dst id="ATLA-M5">1538.08</dst>
            <dst id="ATLAng">4722.544</dst>
            <dst id="CHINng">38112.3626666667</dst>
            <dst id="DNVRng">3764.22933333333</dst>
            <dst id="HSTNng">5630.70133333333</dst>
            <dst id="IPLSng">12439.5466666667</dst>
            <dst id="KSCYng">6444.64533333333</dst>
            <dst id="LOSAng">5411.16266666667</dst>
            <dst id="NYCMng">6560.85866666667</dst>
            <dst id="SNVAng">1997.39466666667</dst>
            <dst id="STTLng">2122.96</dst>
            <dst id="WASHng">6753.272</dst>
        </src>
        <src id="IPLSng">
            <dst id="ATLA-M5">3219.17333333333</dst>
            <dst id="ATLAng">12270.6373333333</dst>
            <dst id="CHINng">82294.7866666667</dst>
            <dst id="DNVRng">13554.2613333333</dst>
            <dst id="HSTNng">10772.6773333333</dst>
            <dst id="IPLSng">30791.0746666667</dst>
            <dst id="KSCYng">13348.7493333333</dst>
            <dst id="LOSAng">46990.2026666667</dst>
            <dst id="NYCMng">28979.0533333333</dst>
            <dst id="SNVAng">2970.98133333333</dst>
            <dst id="STTLng">12683.848</dst>
            <dst id="WASHng">46752.1146666667</dst>
        </src>
        <src id="KSCYng">
            <dst id="ATLA-M5">31.752</dst>
            <dst id="ATLAng">5873.32</dst>
            <dst id="CHINng">34922.3973333333</dst>
            <dst id="DNVRng">6447.84</dst>
            <dst id="HSTNng">4537.65866666667</dst>
            <dst id="IPLSng">21703.2266666667</dst>
            <dst id="KSCYng">6908.95466666667</dst>
            <dst id="LOSAng">5871.896</dst>
            <dst id="NYCMng">10882.9253333333</dst>
            <dst id="SNVAng">2183.49066666667</dst>
            <dst id="STTLng">2657.008</dst>
            <dst id="WASHng">12858.5546666667</dst>
        </src>
        <src id="LOSAng">
            <dst id="ATLA-M5">345.058666666667</dst>
            <dst id="ATLAng">45748.648</dst>
            <dst id="CHINng">91424.8586666667</dst>
            <dst id="DNVRng">10175.296</dst>
            <dst id="HSTNng">9728.04533333333</dst>
            <dst id="IPLSng">35583.4826666667</dst>
            <dst id="KSCYng">10661.4773333333</dst>
            <dst id="LOSAng">14817.3386666667</dst>
            <dst id="NYCMng">51826.4906666667</dst>
            <dst id="SNVAng">3934.64533333333</dst>
            <dst id="STTLng">33811.1146666667</dst>
            <dst id="WASHng">57711.28</dst>
        </src>
        <src id="NYCMng">
            <dst id="ATLA-M5">1076.45866666667</dst>
            <dst id="ATLAng">34019.9973333333</dst>
            <dst id="CHINng">61702.6586666667</dst>
            <dst id="DNVRng">17386.144</dst>
            <dst id="HSTNng">19569.3706666667</dst>
            <dst id="IPLSng">96458.7493333333</dst>
            <dst id="KSCYng">26999.736</dst>
            <dst id="LOSAng">61476.6346666667</dst>
            <dst id="NYCMng">130947.722666667</dst>
            <dst id="SNVAng">7099.10666666667</dst>
            <dst id="STTLng">25579.9786666667</dst>
            <dst id="WASHng">119420.514666667</dst>
        </src>
        <src id="SNVAng">
            <dst id="ATLA-M5">44.4293333333333</dst>
            <dst id="ATLAng">991.848</dst>
            <dst id="CHINng">3758.11733333333</dst>
            <dst id="DNVRng">8562.584</dst>
            <dst id="HSTNng">634</dst>
            <dst id="IPLSng">4053.736</dst>
            <dst id="KSCYng">898.552</dst>
            <dst id="LOSAng">2810.08533333333</dst>
            <dst id="NYCMng">2869.05333333333</dst>
            <dst id="SNVAng">616.568</dst>
            <dst id="STTLng">1682.93066666667</dst>
            <dst id="WASHng">2223.63733333333</dst>
        </src>
        <src id="STTLng">
            <dst id="ATLA-M5">86.96</dst>
            <dst id="ATLAng">17368.6986666667</dst>
            <dst id="CHINng">22066.3493333333</dst>
            <dst id="DNVRng">3193.912</dst>
            <dst id="HSTNng">4966.872</dst>
            <dst id="IPLSng">9060.94133333333</dst>
            <dst id="KSCYng">3920.60533333333</dst>
            <dst id="LOSAng">22204.6293333333</dst>
            <dst id="NYCMng">19413.8773333333</dst>
            <dst id="SNVAng">2020.10666666667</dst>
            <dst id="STTLng">6073.05333333333</dst>
            <dst id="WASHng">8093.192</dst>
        </src>
        <src id="WASHng">
            <dst id="ATLA-M5">496.557333333333</dst>
            <dst id="ATLAng">123990.768</dst>
            <dst id="CHINng">87669.6853333333</dst>
            <dst id="DNVRng">49803.704</dst>
            <dst id="HSTNng">11896.456</dst>
            <dst id="IPLSng">68766.472</dst>
            <dst id="KSCYng">15288.4613333333</dst>
            <dst id="LOSAng">85244.9093333333</dst>
            <dst id="NYCMng">151308.602666667</dst>
            <dst id="SNVAng">6989.98133333333</dst>
            <dst id="STTLng">40364.9146666667</dst>
            <dst id="WASHng">199436.821333333</dst>
        </src>
    </IntraTM>
</TrafficMatrixFile>
