<?xml version="1.0" encoding="ISO-8859-1" standalone="yes"?>
<TrafficMatrixFile xsi:noNamespaceSchemaLocation="http://totem.run.montefiore.ulg.ac.be/Schema/TrafficMatrix-v1_2.xsd" xmlns:xsi="http://www.w3.org/2001/XMLSchema-instance">
    <IntraTM ASID="11537">
        <src id="ATLA-M5">
            <dst id="ATLA-M5">1634.992</dst>
            <dst id="ATLAng">339.829333333333</dst>
            <dst id="CHINng">1170.69866666667</dst>
            <dst id="DNVRng">119.52</dst>
            <dst id="HSTNng">591.056</dst>
            <dst id="IPLSng">2193.576</dst>
            <dst id="KSCYng">1715.72266666667</dst>
            <dst id="LOSAng">1249.90133333333</dst>
            <dst id="NYCMng">1182.96533333333</dst>
            <dst id="SNVAng">469.381333333333</dst>
            <dst id="STTLng">474.954666666667</dst>
            <dst id="WASHng">1555.45333333333</dst>
        </src>
        <src id="ATLAng">
            <dst id="ATLA-M5">1765.95466666667</dst>
            <dst id="ATLAng">44760.8186666667</dst>
            <dst id="CHINng">30945.1973333333</dst>
            <dst id="DNVRng">7940.57866666667</dst>
            <dst id="HSTNng">3747.664</dst>
            <dst id="IPLSng">27147.376</dst>
            <dst id="KSCYng">5245.12533333333</dst>
            <dst id="LOSAng">17236.5866666667</dst>
            <dst id="NYCMng">17448.9706666667</dst>
            <dst id="SNVAng">987.36</dst>
            <dst id="STTLng">8508.632</dst>
            <dst id="WASHng">53736.4266666667</dst>
        </src>
        <src id="CHINng">
            <dst id="ATLA-M5">2201.65066666667</dst>
            <dst id="ATLAng">17243.12</dst>
            <dst id="CHINng">30227.52</dst>
            <dst id="DNVRng">10437.7013333333</dst>
            <dst id="HSTNng">10653.2613333333</dst>
            <dst id="IPLSng">33431.2506666667</dst>
            <dst id="KSCYng">15482.96</dst>
            <dst id="LOSAng">28559.5066666667</dst>
            <dst id="NYCMng">5406.768</dst>
            <dst id="SNVAng">3085.18933333333</dst>
            <dst id="STTLng">8173.96533333333</dst>
            <dst id="WASHng">12271.0026666667</dst>
        </src>
        <src id="DNVRng">
            <dst id="ATLA-M5">148.917333333333</dst>
            <dst id="ATLAng">3846.76533333333</dst>
            <dst id="CHINng">35242.5173333333</dst>
            <dst id="DNVRng">20296.1626666667</dst>
            <dst id="HSTNng">6014.272</dst>
            <dst id="IPLSng">8207.984</dst>
            <dst id="KSCYng">16120.0506666667</dst>
            <dst id="LOSAng">20697.8586666667</dst>
            <dst id="NYCMng">8391.70133333333</dst>
            <dst id="SNVAng">18826.0853333333</dst>
            <dst id="STTLng">19847.2693333333</dst>
            <dst id="WASHng">14816.92</dst>
        </src>
        <src id="HSTNng">
            <dst id="ATLA-M5">522.056</dst>
            <dst id="ATLAng">3804.192</dst>
            <dst id="CHINng">19125.3706666667</dst>
            <dst id="DNVRng">4356.24533333333</dst>
            <dst id="HSTNng">6549.21866666667</dst>
            <dst id="IPLSng">11642.6773333333</dst>
            <dst id="KSCYng">6232.12</dst>
            <dst id="LOSAng">6811.17333333333</dst>
            <dst id="NYCMng">15527.1146666667</dst>
            <dst id="SNVAng">1651.17066666667</dst>
            <dst id="STTLng">2699.20266666667</dst>
            <dst id="WASHng">8742.888</dst>
        </src>
        <src id="IPLSng">
            <dst id="ATLA-M5">2250.608</dst>
            <dst id="ATLAng">18317.7306666667</dst>
            <dst id="CHINng">79763.808</dst>
            <dst id="DNVRng">10109.9573333333</dst>
            <dst id="HSTNng">7547.97333333333</dst>
            <dst id="IPLSng">32365.76</dst>
            <dst id="KSCYng">11061.8373333333</dst>
            <dst id="LOSAng">24016.4693333333</dst>
            <dst id="NYCMng">26951.7306666667</dst>
            <dst id="SNVAng">3248.27733333333</dst>
            <dst id="STTLng">16345.808</dst>
            <dst id="WASHng">44235.6533333333</dst>
        </src>
        <src id="KSCYng">
            <dst id="ATLA-M5">781.802666666667</dst>
            <dst id="ATLAng">5201.94933333333</dst>
            <dst id="CHINng">41311.5173333333</dst>
            <dst id="DNVRng">8409.32</dst>
            <dst id="HSTNng">4398.54933333333</dst>
            <dst id="IPLSng">14886.6906666667</dst>
            <dst id="KSCYng">5666.49333333333</dst>
            <dst id="LOSAng">8136.224</dst>
            <dst id="NYCMng">11146.5066666667</dst>
            <dst id="SNVAng">1321.06666666667</dst>
            <dst id="STTLng">6545.31733333333</dst>
            <dst id="WASHng">18427.7413333333</dst>
        </src>
        <src id="LOSAng">
            <dst id="ATLA-M5">1224.39466666667</dst>
            <dst id="ATLAng">20389.656</dst>
            <dst id="CHINng">72829.2266666667</dst>
            <dst id="DNVRng">16179.8826666667</dst>
            <dst id="HSTNng">9245.968</dst>
            <dst id="IPLSng">43439.352</dst>
            <dst id="KSCYng">9646.01066666667</dst>
            <dst id="LOSAng">15562.4133333333</dst>
            <dst id="NYCMng">57408.8906666667</dst>
            <dst id="SNVAng">3215.24533333333</dst>
            <dst id="STTLng">34320.944</dst>
            <dst id="WASHng">52123.616</dst>
        </src>
        <src id="NYCMng">
            <dst id="ATLA-M5">3897.976</dst>
            <dst id="ATLAng">39837.816</dst>
            <dst id="CHINng">82981.24</dst>
            <dst id="DNVRng">25548.032</dst>
            <dst id="HSTNng">34081.1253333333</dst>
            <dst id="IPLSng">79498.944</dst>
            <dst id="KSCYng">26044.0506666667</dst>
            <dst id="LOSAng">64331.656</dst>
            <dst id="NYCMng">137268.730666667</dst>
            <dst id="SNVAng">9914.07733333334</dst>
            <dst id="STTLng">27662.9306666667</dst>
            <dst id="WASHng">105221.469333333</dst>
        </src>
        <src id="SNVAng">
            <dst id="ATLA-M5">240.693333333333</dst>
            <dst id="ATLAng">1157.35733333333</dst>
            <dst id="CHINng">3610.36533333333</dst>
            <dst id="DNVRng">11607.7013333333</dst>
            <dst id="HSTNng">1665.78133333333</dst>
            <dst id="IPLSng">2538.72533333333</dst>
            <dst id="KSCYng">636.837333333333</dst>
            <dst id="LOSAng">8494.68</dst>
            <dst id="NYCMng">2763.26933333333</dst>
            <dst id="SNVAng">236.194666666667</dst>
            <dst id="STTLng">2501.38133333333</dst>
            <dst id="WASHng">2658.62133333333</dst>
        </src>
        <src id="STTLng">
            <dst id="ATLA-M5">163.216</dst>
            <dst id="ATLAng">18087.1866666667</dst>
            <dst id="CHINng">42111.8906666667</dst>
            <dst id="DNVRng">6081.41333333333</dst>
            <dst id="HSTNng">5068.424</dst>
            <dst id="IPLSng">12565.5493333333</dst>
            <dst id="KSCYng">4469.976</dst>
            <dst id="LOSAng">21925.2133333333</dst>
            <dst id="NYCMng">21626.8213333333</dst>
            <dst id="SNVAng">4891.69066666667</dst>
            <dst id="STTLng">13099.1333333333</dst>
            <dst id="WASHng">14141.6266666667</dst>
        </src>
        <src id="WASHng">
            <dst id="ATLA-M5">1187.96266666667</dst>
            <dst id="ATLAng">122852.605333333</dst>
            <dst id="CHINng">89382.9013333333</dst>
            <dst id="DNVRng">47210.448</dst>
            <dst id="HSTNng">14314.3973333333</dst>
            <dst id="IPLSng">52150.3786666667</dst>
            <dst id="KSCYng">25014.392</dst>
            <dst id="LOSAng">58468.776</dst>
            <dst id="NYCMng">162675.848</dst>
            <dst id="SNVAng">11738.2986666667</dst>
            <dst id="STTLng">34319.7173333333</dst>
            <dst id="WASHng">159794.605333333</dst>
        </src>
    </IntraTM>
</TrafficMatrixFile>
