<?xml version="1.0" encoding="ISO-8859-1" standalone="yes"?>
<TrafficMatrixFile xsi:noNamespaceSchemaLocation="http://totem.run.montefiore.ulg.ac.be/Schema/TrafficMatrix-v1_2.xsd" xmlns:xsi="http://www.w3.org/2001/XMLSchema-instance">
    <IntraTM ASID="11537">
        <src id="ATLA-M5">
            <dst id="ATLA-M5">253.338666666667</dst>
            <dst id="ATLAng">1009.032</dst>
            <dst id="CHINng">1792.83733333333</dst>
            <dst id="DNVRng">710.272</dst>
            <dst id="HSTNng">196.429333333333</dst>
            <dst id="IPLSng">1181.288</dst>
            <dst id="KSCYng">748.602666666667</dst>
            <dst id="LOSAng">893.573333333333</dst>
            <dst id="NYCMng">2139.896</dst>
            <dst id="SNVAng">576.562666666667</dst>
            <dst id="STTLng">312.456</dst>
            <dst id="WASHng">8289.296</dst>
        </src>
        <src id="ATLAng">
            <dst id="ATLA-M5">1835.80266666667</dst>
            <dst id="ATLAng">28724.5386666667</dst>
            <dst id="CHINng">48769.7653333333</dst>
            <dst id="DNVRng">16598.816</dst>
            <dst id="HSTNng">8928.89333333333</dst>
            <dst id="IPLSng">29312.7013333333</dst>
            <dst id="KSCYng">19402.52</dst>
            <dst id="LOSAng">22105.024</dst>
            <dst id="NYCMng">29966.7173333333</dst>
            <dst id="SNVAng">2922.552</dst>
            <dst id="STTLng">10109.424</dst>
            <dst id="WASHng">92849.616</dst>
        </src>
        <src id="CHINng">
            <dst id="ATLA-M5">5526.39733333333</dst>
            <dst id="ATLAng">20007.0293333333</dst>
            <dst id="CHINng">73731.6826666667</dst>
            <dst id="DNVRng">16275.7306666667</dst>
            <dst id="HSTNng">34427.0106666667</dst>
            <dst id="IPLSng">42953.9253333333</dst>
            <dst id="KSCYng">9989.72266666667</dst>
            <dst id="LOSAng">22293.896</dst>
            <dst id="NYCMng">13640.048</dst>
            <dst id="SNVAng">4483.16266666667</dst>
            <dst id="STTLng">19662.64</dst>
            <dst id="WASHng">28648.9173333333</dst>
        </src>
        <src id="DNVRng">
            <dst id="ATLA-M5">1803.74933333333</dst>
            <dst id="ATLAng">9883.22666666667</dst>
            <dst id="CHINng">79020.9306666666</dst>
            <dst id="DNVRng">21294.5253333333</dst>
            <dst id="HSTNng">13319.6186666667</dst>
            <dst id="IPLSng">38632.5973333333</dst>
            <dst id="KSCYng">26798.52</dst>
            <dst id="LOSAng">8665.61866666667</dst>
            <dst id="NYCMng">24132.3093333333</dst>
            <dst id="SNVAng">18315.616</dst>
            <dst id="STTLng">22810.168</dst>
            <dst id="WASHng">62554.0586666667</dst>
        </src>
        <src id="HSTNng">
            <dst id="ATLA-M5">1633.904</dst>
            <dst id="ATLAng">3541.25066666667</dst>
            <dst id="CHINng">36536.76</dst>
            <dst id="DNVRng">7369.36</dst>
            <dst id="HSTNng">9228.72533333333</dst>
            <dst id="IPLSng">12663.9733333333</dst>
            <dst id="KSCYng">4299.52266666667</dst>
            <dst id="LOSAng">103732.773333333</dst>
            <dst id="NYCMng">13472.8933333333</dst>
            <dst id="SNVAng">3849.568</dst>
            <dst id="STTLng">2724.904</dst>
            <dst id="WASHng">18674.872</dst>
        </src>
        <src id="IPLSng">
            <dst id="ATLA-M5">1951.99733333333</dst>
            <dst id="ATLAng">19770.3706666667</dst>
            <dst id="CHINng">171827.178666667</dst>
            <dst id="DNVRng">37071.6613333333</dst>
            <dst id="HSTNng">11141.8506666667</dst>
            <dst id="IPLSng">48574.8773333333</dst>
            <dst id="KSCYng">28206.704</dst>
            <dst id="LOSAng">80799.9093333333</dst>
            <dst id="NYCMng">65707.32</dst>
            <dst id="SNVAng">10296.4133333333</dst>
            <dst id="STTLng">11176.1573333333</dst>
            <dst id="WASHng">53902.6826666667</dst>
        </src>
        <src id="KSCYng">
            <dst id="ATLA-M5">1045.35733333333</dst>
            <dst id="ATLAng">28544.1146666667</dst>
            <dst id="CHINng">40619.936</dst>
            <dst id="DNVRng">16023.0826666667</dst>
            <dst id="HSTNng">7256.264</dst>
            <dst id="IPLSng">17071.464</dst>
            <dst id="KSCYng">9607.81066666667</dst>
            <dst id="LOSAng">8563.856</dst>
            <dst id="NYCMng">10217.392</dst>
            <dst id="SNVAng">1736.18133333333</dst>
            <dst id="STTLng">4536.032</dst>
            <dst id="WASHng">25480.9573333333</dst>
        </src>
        <src id="LOSAng">
            <dst id="ATLA-M5">959.114666666667</dst>
            <dst id="ATLAng">28838.9733333333</dst>
            <dst id="CHINng">148581.56</dst>
            <dst id="DNVRng">19635.304</dst>
            <dst id="HSTNng">17218.3786666667</dst>
            <dst id="IPLSng">44804.7066666667</dst>
            <dst id="KSCYng">14718.8346666667</dst>
            <dst id="LOSAng">8276.78666666667</dst>
            <dst id="NYCMng">61669.0853333333</dst>
            <dst id="SNVAng">36132.472</dst>
            <dst id="STTLng">20453.304</dst>
            <dst id="WASHng">63152.712</dst>
        </src>
        <src id="NYCMng">
            <dst id="ATLA-M5">6416.10133333333</dst>
            <dst id="ATLAng">65107.2933333333</dst>
            <dst id="CHINng">102298.968</dst>
            <dst id="DNVRng">44378.0053333333</dst>
            <dst id="HSTNng">41802.0853333333</dst>
            <dst id="IPLSng">90686.2053333333</dst>
            <dst id="KSCYng">34651.152</dst>
            <dst id="LOSAng">64293.584</dst>
            <dst id="NYCMng">189275.909333333</dst>
            <dst id="SNVAng">9500.37866666667</dst>
            <dst id="STTLng">33418.3653333333</dst>
            <dst id="WASHng">124409.717333333</dst>
        </src>
        <src id="SNVAng">
            <dst id="ATLA-M5">40.216</dst>
            <dst id="ATLAng">804.653333333333</dst>
            <dst id="CHINng">7895.12266666667</dst>
            <dst id="DNVRng">10353.6666666667</dst>
            <dst id="HSTNng">2335.088</dst>
            <dst id="IPLSng">6914.66933333334</dst>
            <dst id="KSCYng">2319.64533333333</dst>
            <dst id="LOSAng">45643.2773333333</dst>
            <dst id="NYCMng">2463.90133333333</dst>
            <dst id="SNVAng">25565.1146666667</dst>
            <dst id="STTLng">62636.792</dst>
            <dst id="WASHng">1998.552</dst>
        </src>
        <src id="STTLng">
            <dst id="ATLA-M5">238.141333333333</dst>
            <dst id="ATLAng">16396.264</dst>
            <dst id="CHINng">88646.32</dst>
            <dst id="DNVRng">7528.696</dst>
            <dst id="HSTNng">5237.95733333333</dst>
            <dst id="IPLSng">15602.6106666667</dst>
            <dst id="KSCYng">6113.36266666667</dst>
            <dst id="LOSAng">26980.104</dst>
            <dst id="NYCMng">32309.8693333333</dst>
            <dst id="SNVAng">12862.3653333333</dst>
            <dst id="STTLng">4917.976</dst>
            <dst id="WASHng">22380.9386666667</dst>
        </src>
        <src id="WASHng">
            <dst id="ATLA-M5">3976.20533333333</dst>
            <dst id="ATLAng">144150.786666667</dst>
            <dst id="CHINng">108745.504</dst>
            <dst id="DNVRng">84890.024</dst>
            <dst id="HSTNng">32761.6746666667</dst>
            <dst id="IPLSng">97306.4293333333</dst>
            <dst id="KSCYng">36197.5226666667</dst>
            <dst id="LOSAng">75881.3013333333</dst>
            <dst id="NYCMng">213085.152</dst>
            <dst id="SNVAng">7908.45066666667</dst>
            <dst id="STTLng">31831.6213333333</dst>
            <dst id="WASHng">349495.946666667</dst>
        </src>
    </IntraTM>
</TrafficMatrixFile>
