<?xml version="1.0" encoding="ISO-8859-1" standalone="yes"?>
<TrafficMatrixFile xsi:noNamespaceSchemaLocation="http://totem.run.montefiore.ulg.ac.be/Schema/TrafficMatrix-v1_2.xsd" xmlns:xsi="http://www.w3.org/2001/XMLSchema-instance">
    <IntraTM ASID="11537">
        <src id="ATLA-M5">
            <dst id="ATLA-M5">498.581333333333</dst>
            <dst id="ATLAng">862.794666666667</dst>
            <dst id="CHINng">3110.41333333333</dst>
            <dst id="DNVRng">1099.424</dst>
            <dst id="HSTNng">262.413333333333</dst>
            <dst id="IPLSng">817.237333333333</dst>
            <dst id="KSCYng">896.362666666667</dst>
            <dst id="LOSAng">958.504</dst>
            <dst id="NYCMng">652.912</dst>
            <dst id="SNVAng">322.744</dst>
            <dst id="STTLng">59.6453333333333</dst>
            <dst id="WASHng">2277.62133333333</dst>
        </src>
        <src id="ATLAng">
            <dst id="ATLA-M5">1287.288</dst>
            <dst id="ATLAng">71052.3066666667</dst>
            <dst id="CHINng">36782.5333333333</dst>
            <dst id="DNVRng">25774.92</dst>
            <dst id="HSTNng">17901.68</dst>
            <dst id="IPLSng">29506.064</dst>
            <dst id="KSCYng">6218.896</dst>
            <dst id="LOSAng">24911.152</dst>
            <dst id="NYCMng">23929.3173333333</dst>
            <dst id="SNVAng">2543.59733333333</dst>
            <dst id="STTLng">7287.79466666667</dst>
            <dst id="WASHng">87605.7013333333</dst>
        </src>
        <src id="CHINng">
            <dst id="ATLA-M5">4564.03466666667</dst>
            <dst id="ATLAng">13926.9173333333</dst>
            <dst id="CHINng">66537.328</dst>
            <dst id="DNVRng">25043.2426666667</dst>
            <dst id="HSTNng">25681.648</dst>
            <dst id="IPLSng">42627.0373333333</dst>
            <dst id="KSCYng">19129.6853333333</dst>
            <dst id="LOSAng">31887.5226666667</dst>
            <dst id="NYCMng">9957.07466666667</dst>
            <dst id="SNVAng">2827.01866666667</dst>
            <dst id="STTLng">14678.752</dst>
            <dst id="WASHng">25917.4453333333</dst>
        </src>
        <src id="DNVRng">
            <dst id="ATLA-M5">1273.97866666667</dst>
            <dst id="ATLAng">7952.568</dst>
            <dst id="CHINng">58269.024</dst>
            <dst id="DNVRng">41002.3493333333</dst>
            <dst id="HSTNng">18509.216</dst>
            <dst id="IPLSng">37780.5573333333</dst>
            <dst id="KSCYng">24657.3413333333</dst>
            <dst id="LOSAng">16298.7173333333</dst>
            <dst id="NYCMng">29042.376</dst>
            <dst id="SNVAng">25585.4586666667</dst>
            <dst id="STTLng">20640.7893333333</dst>
            <dst id="WASHng">65229.8053333333</dst>
        </src>
        <src id="HSTNng">
            <dst id="ATLA-M5">889.733333333333</dst>
            <dst id="ATLAng">6062.544</dst>
            <dst id="CHINng">26416.688</dst>
            <dst id="DNVRng">9064.30933333333</dst>
            <dst id="HSTNng">12953.088</dst>
            <dst id="IPLSng">17590.4133333333</dst>
            <dst id="KSCYng">6467.784</dst>
            <dst id="LOSAng">114116.762666667</dst>
            <dst id="NYCMng">11049.6506666667</dst>
            <dst id="SNVAng">3200.82933333333</dst>
            <dst id="STTLng">4353.472</dst>
            <dst id="WASHng">9107.66666666667</dst>
        </src>
        <src id="IPLSng">
            <dst id="ATLA-M5">1039.53333333333</dst>
            <dst id="ATLAng">64410.3733333333</dst>
            <dst id="CHINng">152719.322666667</dst>
            <dst id="DNVRng">40645.4213333333</dst>
            <dst id="HSTNng">11853.008</dst>
            <dst id="IPLSng">49427.8666666667</dst>
            <dst id="KSCYng">35986.3466666667</dst>
            <dst id="LOSAng">120564.776</dst>
            <dst id="NYCMng">47991.1626666667</dst>
            <dst id="SNVAng">5846.808</dst>
            <dst id="STTLng">18631.1173333333</dst>
            <dst id="WASHng">60474.4746666667</dst>
        </src>
        <src id="KSCYng">
            <dst id="ATLA-M5">526.56</dst>
            <dst id="ATLAng">4954.63466666667</dst>
            <dst id="CHINng">29777.6426666667</dst>
            <dst id="DNVRng">15686.232</dst>
            <dst id="HSTNng">5953.79466666667</dst>
            <dst id="IPLSng">17517.2933333333</dst>
            <dst id="KSCYng">10727.8693333333</dst>
            <dst id="LOSAng">12318.5306666667</dst>
            <dst id="NYCMng">12658.16</dst>
            <dst id="SNVAng">2797.66133333333</dst>
            <dst id="STTLng">5689.16</dst>
            <dst id="WASHng">22121.0533333333</dst>
        </src>
        <src id="LOSAng">
            <dst id="ATLA-M5">2165.24533333333</dst>
            <dst id="ATLAng">26346.6666666667</dst>
            <dst id="CHINng">127546.136</dst>
            <dst id="DNVRng">22807.6426666667</dst>
            <dst id="HSTNng">18894.6106666667</dst>
            <dst id="IPLSng">51824.096</dst>
            <dst id="KSCYng">28343.584</dst>
            <dst id="LOSAng">11297.4213333333</dst>
            <dst id="NYCMng">69197.72</dst>
            <dst id="SNVAng">18147.6186666667</dst>
            <dst id="STTLng">36043.5546666667</dst>
            <dst id="WASHng">82094.7653333333</dst>
        </src>
        <src id="NYCMng">
            <dst id="ATLA-M5">4290.744</dst>
            <dst id="ATLAng">77003.1253333333</dst>
            <dst id="CHINng">66698.0586666667</dst>
            <dst id="DNVRng">62009.4613333333</dst>
            <dst id="HSTNng">42523.128</dst>
            <dst id="IPLSng">97155.1386666667</dst>
            <dst id="KSCYng">31212.1226666667</dst>
            <dst id="LOSAng">103228.770666667</dst>
            <dst id="NYCMng">139521.058666667</dst>
            <dst id="SNVAng">18815.6266666667</dst>
            <dst id="STTLng">37277.8426666667</dst>
            <dst id="WASHng">119047.690666667</dst>
        </src>
        <src id="SNVAng">
            <dst id="ATLA-M5">1095.376</dst>
            <dst id="ATLAng">1586.28533333333</dst>
            <dst id="CHINng">6365.15733333333</dst>
            <dst id="DNVRng">9282.52533333333</dst>
            <dst id="HSTNng">1013.75466666667</dst>
            <dst id="IPLSng">10271.1066666667</dst>
            <dst id="KSCYng">1689.45333333333</dst>
            <dst id="LOSAng">40469.792</dst>
            <dst id="NYCMng">4587.77066666667</dst>
            <dst id="SNVAng">26499.9813333333</dst>
            <dst id="STTLng">65164.008</dst>
            <dst id="WASHng">2922.39733333333</dst>
        </src>
        <src id="STTLng">
            <dst id="ATLA-M5">476.008</dst>
            <dst id="ATLAng">14034.2853333333</dst>
            <dst id="CHINng">67100.4026666667</dst>
            <dst id="DNVRng">13140.464</dst>
            <dst id="HSTNng">8778.87466666667</dst>
            <dst id="IPLSng">37560.6826666667</dst>
            <dst id="KSCYng">7598.312</dst>
            <dst id="LOSAng">34316.0426666667</dst>
            <dst id="NYCMng">27071.416</dst>
            <dst id="SNVAng">14282.5786666667</dst>
            <dst id="STTLng">14679.0266666667</dst>
            <dst id="WASHng">21174.1893333333</dst>
        </src>
        <src id="WASHng">
            <dst id="ATLA-M5">4530.704</dst>
            <dst id="ATLAng">138407.333333333</dst>
            <dst id="CHINng">94593.208</dst>
            <dst id="DNVRng">81789.7066666667</dst>
            <dst id="HSTNng">22838.0106666667</dst>
            <dst id="IPLSng">99405.776</dst>
            <dst id="KSCYng">35613.2506666667</dst>
            <dst id="LOSAng">99048.1013333333</dst>
            <dst id="NYCMng">227794.768</dst>
            <dst id="SNVAng">15635.9866666667</dst>
            <dst id="STTLng">39343.096</dst>
            <dst id="WASHng">286062.133333333</dst>
        </src>
    </IntraTM>
</TrafficMatrixFile>
