<?xml version="1.0" encoding="ISO-8859-1" standalone="yes"?>
<TrafficMatrixFile xsi:noNamespaceSchemaLocation="http://totem.run.montefiore.ulg.ac.be/Schema/TrafficMatrix-v1_2.xsd" xmlns:xsi="http://www.w3.org/2001/XMLSchema-instance">
    <IntraTM ASID="11537">
        <src id="ATLA-M5">
            <dst id="ATLA-M5">0</dst>
            <dst id="ATLAng">632.269333333333</dst>
            <dst id="CHINng">966.218666666667</dst>
            <dst id="DNVRng">139.938666666667</dst>
            <dst id="HSTNng">295.581333333333</dst>
            <dst id="IPLSng">566.586666666667</dst>
            <dst id="KSCYng">553.282666666667</dst>
            <dst id="LOSAng">438.144</dst>
            <dst id="NYCMng">3767.368</dst>
            <dst id="SNVAng">51.232</dst>
            <dst id="STTLng">244.474666666667</dst>
            <dst id="WASHng">938.466666666667</dst>
        </src>
        <src id="ATLAng">
            <dst id="ATLA-M5">826.282666666667</dst>
            <dst id="ATLAng">40453.8586666667</dst>
            <dst id="CHINng">20663.7546666667</dst>
            <dst id="DNVRng">4508.904</dst>
            <dst id="HSTNng">4426.66133333333</dst>
            <dst id="IPLSng">21676.0613333333</dst>
            <dst id="KSCYng">6741.64533333333</dst>
            <dst id="LOSAng">17673.7146666667</dst>
            <dst id="NYCMng">20818.5546666667</dst>
            <dst id="SNVAng">692.045333333333</dst>
            <dst id="STTLng">8327.49066666667</dst>
            <dst id="WASHng">59952.336</dst>
        </src>
        <src id="CHINng">
            <dst id="ATLA-M5">4308.68266666667</dst>
            <dst id="ATLAng">10438.2506666667</dst>
            <dst id="CHINng">29604.856</dst>
            <dst id="DNVRng">6261.256</dst>
            <dst id="HSTNng">12381.9333333333</dst>
            <dst id="IPLSng">35920.3733333333</dst>
            <dst id="KSCYng">10005.9333333333</dst>
            <dst id="LOSAng">19317.592</dst>
            <dst id="NYCMng">9160.48266666667</dst>
            <dst id="SNVAng">1986.48</dst>
            <dst id="STTLng">8629.584</dst>
            <dst id="WASHng">9145.11466666666</dst>
        </src>
        <src id="DNVRng">
            <dst id="ATLA-M5">148.957333333333</dst>
            <dst id="ATLAng">2608.736</dst>
            <dst id="CHINng">40871.208</dst>
            <dst id="DNVRng">4251.66933333333</dst>
            <dst id="HSTNng">1818.504</dst>
            <dst id="IPLSng">11753.6026666667</dst>
            <dst id="KSCYng">8327.78133333333</dst>
            <dst id="LOSAng">11468.0373333333</dst>
            <dst id="NYCMng">17990.8</dst>
            <dst id="SNVAng">15562.4613333333</dst>
            <dst id="STTLng">22401.8826666667</dst>
            <dst id="WASHng">10985.4933333333</dst>
        </src>
        <src id="HSTNng">
            <dst id="ATLA-M5">2526.416</dst>
            <dst id="ATLAng">4056.01866666667</dst>
            <dst id="CHINng">19830.7893333333</dst>
            <dst id="DNVRng">2186.40266666667</dst>
            <dst id="HSTNng">8326.312</dst>
            <dst id="IPLSng">19927.544</dst>
            <dst id="KSCYng">5809.74666666667</dst>
            <dst id="LOSAng">4589.47466666667</dst>
            <dst id="NYCMng">5075.864</dst>
            <dst id="SNVAng">842.104</dst>
            <dst id="STTLng">2006.37333333333</dst>
            <dst id="WASHng">7463.21333333333</dst>
        </src>
        <src id="IPLSng">
            <dst id="ATLA-M5">3042.67733333333</dst>
            <dst id="ATLAng">11929.3653333333</dst>
            <dst id="CHINng">83742.368</dst>
            <dst id="DNVRng">15314.8266666667</dst>
            <dst id="HSTNng">14173.4373333333</dst>
            <dst id="IPLSng">18100.9946666667</dst>
            <dst id="KSCYng">12017.768</dst>
            <dst id="LOSAng">69583.232</dst>
            <dst id="NYCMng">32250.8213333333</dst>
            <dst id="SNVAng">2181.67466666667</dst>
            <dst id="STTLng">13862.864</dst>
            <dst id="WASHng">39929.2453333333</dst>
        </src>
        <src id="KSCYng">
            <dst id="ATLA-M5">256.405333333333</dst>
            <dst id="ATLAng">5145.22933333333</dst>
            <dst id="CHINng">38494.168</dst>
            <dst id="DNVRng">8292.88</dst>
            <dst id="HSTNng">4232.93333333333</dst>
            <dst id="IPLSng">17627.4213333333</dst>
            <dst id="KSCYng">4313.71733333333</dst>
            <dst id="LOSAng">6041.472</dst>
            <dst id="NYCMng">9581.74133333333</dst>
            <dst id="SNVAng">2134.69066666667</dst>
            <dst id="STTLng">6121.65333333333</dst>
            <dst id="WASHng">11904.8986666667</dst>
        </src>
        <src id="LOSAng">
            <dst id="ATLA-M5">280.728</dst>
            <dst id="ATLAng">38435.2586666667</dst>
            <dst id="CHINng">78757.3493333333</dst>
            <dst id="DNVRng">8695.576</dst>
            <dst id="HSTNng">13374.088</dst>
            <dst id="IPLSng">42977.6906666667</dst>
            <dst id="KSCYng">8730.296</dst>
            <dst id="LOSAng">11589.0106666667</dst>
            <dst id="NYCMng">53599.6906666667</dst>
            <dst id="SNVAng">4638.74666666667</dst>
            <dst id="STTLng">29455.52</dst>
            <dst id="WASHng">57317.328</dst>
        </src>
        <src id="NYCMng">
            <dst id="ATLA-M5">3469.632</dst>
            <dst id="ATLAng">39949.0106666667</dst>
            <dst id="CHINng">57559.432</dst>
            <dst id="DNVRng">21613.9493333333</dst>
            <dst id="HSTNng">18695.0186666667</dst>
            <dst id="IPLSng">82670.5973333333</dst>
            <dst id="KSCYng">26242.16</dst>
            <dst id="LOSAng">66621.192</dst>
            <dst id="NYCMng">133423.672</dst>
            <dst id="SNVAng">5539.43733333333</dst>
            <dst id="STTLng">25532.672</dst>
            <dst id="WASHng">100799.842666667</dst>
        </src>
        <src id="SNVAng">
            <dst id="ATLA-M5">307.141333333333</dst>
            <dst id="ATLAng">653.629333333333</dst>
            <dst id="CHINng">4408.98133333333</dst>
            <dst id="DNVRng">9207.25333333333</dst>
            <dst id="HSTNng">1410.872</dst>
            <dst id="IPLSng">2896.73066666667</dst>
            <dst id="KSCYng">2012.53333333333</dst>
            <dst id="LOSAng">3968.36</dst>
            <dst id="NYCMng">2303.91466666667</dst>
            <dst id="SNVAng">293.170666666667</dst>
            <dst id="STTLng">3722.60533333333</dst>
            <dst id="WASHng">2571.54133333333</dst>
        </src>
        <src id="STTLng">
            <dst id="ATLA-M5">97.488</dst>
            <dst id="ATLAng">19366.008</dst>
            <dst id="CHINng">18937.168</dst>
            <dst id="DNVRng">3872.38933333333</dst>
            <dst id="HSTNng">4058.216</dst>
            <dst id="IPLSng">7535.56533333333</dst>
            <dst id="KSCYng">3964.696</dst>
            <dst id="LOSAng">22925.024</dst>
            <dst id="NYCMng">19744.4453333333</dst>
            <dst id="SNVAng">4199.50933333333</dst>
            <dst id="STTLng">6524.38933333333</dst>
            <dst id="WASHng">7760.20533333334</dst>
        </src>
        <src id="WASHng">
            <dst id="ATLA-M5">393.205333333333</dst>
            <dst id="ATLAng">112867.416</dst>
            <dst id="CHINng">67601.688</dst>
            <dst id="DNVRng">33128.056</dst>
            <dst id="HSTNng">13284.2853333333</dst>
            <dst id="IPLSng">58857.4693333333</dst>
            <dst id="KSCYng">17469.7306666667</dst>
            <dst id="LOSAng">89357.6213333333</dst>
            <dst id="NYCMng">155688.066666667</dst>
            <dst id="SNVAng">5146.32533333333</dst>
            <dst id="STTLng">33623.2613333333</dst>
            <dst id="WASHng">204428.042666667</dst>
        </src>
    </IntraTM>
</TrafficMatrixFile>
