<?xml version="1.0" encoding="ISO-8859-1" standalone="yes"?>
<TrafficMatrixFile xsi:noNamespaceSchemaLocation="http://totem.run.montefiore.ulg.ac.be/Schema/TrafficMatrix-v1_2.xsd" xmlns:xsi="http://www.w3.org/2001/XMLSchema-instance">
    <IntraTM ASID="11537">
        <src id="ATLA-M5">
            <dst id="ATLA-M5">28.2346666666667</dst>
            <dst id="ATLAng">1464.24533333333</dst>
            <dst id="CHINng">1827.83466666667</dst>
            <dst id="DNVRng">811.674666666666</dst>
            <dst id="HSTNng">718.034666666666</dst>
            <dst id="IPLSng">2239.44533333333</dst>
            <dst id="KSCYng">235.146666666667</dst>
            <dst id="LOSAng">603.305333333333</dst>
            <dst id="NYCMng">1148.67733333333</dst>
            <dst id="SNVAng">363.66</dst>
            <dst id="STTLng">226.277333333333</dst>
            <dst id="WASHng">1858.27733333333</dst>
        </src>
        <src id="ATLAng">
            <dst id="ATLA-M5">454.442666666667</dst>
            <dst id="ATLAng">22223.232</dst>
            <dst id="CHINng">24313.5066666667</dst>
            <dst id="DNVRng">9702.36</dst>
            <dst id="HSTNng">5917.07733333333</dst>
            <dst id="IPLSng">28341.208</dst>
            <dst id="KSCYng">9582.51466666667</dst>
            <dst id="LOSAng">32860.6293333333</dst>
            <dst id="NYCMng">32492.9386666667</dst>
            <dst id="SNVAng">2161.14133333333</dst>
            <dst id="STTLng">9774.50133333334</dst>
            <dst id="WASHng">118752.325333333</dst>
        </src>
        <src id="CHINng">
            <dst id="ATLA-M5">4941.32533333333</dst>
            <dst id="ATLAng">21826.504</dst>
            <dst id="CHINng">31851.4666666667</dst>
            <dst id="DNVRng">11295</dst>
            <dst id="HSTNng">12565.512</dst>
            <dst id="IPLSng">35818.9866666667</dst>
            <dst id="KSCYng">7825.83466666667</dst>
            <dst id="LOSAng">35849.064</dst>
            <dst id="NYCMng">6418.96533333333</dst>
            <dst id="SNVAng">10963.408</dst>
            <dst id="STTLng">11639.536</dst>
            <dst id="WASHng">24577.416</dst>
        </src>
        <src id="DNVRng">
            <dst id="ATLA-M5">806.048</dst>
            <dst id="ATLAng">8418.78933333333</dst>
            <dst id="CHINng">60972.912</dst>
            <dst id="DNVRng">27938.7173333333</dst>
            <dst id="HSTNng">18227.064</dst>
            <dst id="IPLSng">34957.5946666667</dst>
            <dst id="KSCYng">24511.6693333333</dst>
            <dst id="LOSAng">14776.7173333333</dst>
            <dst id="NYCMng">31177.8826666667</dst>
            <dst id="SNVAng">13259.64</dst>
            <dst id="STTLng">19354.128</dst>
            <dst id="WASHng">62696.32</dst>
        </src>
        <src id="HSTNng">
            <dst id="ATLA-M5">3318.34133333333</dst>
            <dst id="ATLAng">4532.016</dst>
            <dst id="CHINng">14857.536</dst>
            <dst id="DNVRng">5183.01333333333</dst>
            <dst id="HSTNng">15067.2293333333</dst>
            <dst id="IPLSng">13392.3893333333</dst>
            <dst id="KSCYng">5667.00266666667</dst>
            <dst id="LOSAng">82843.3386666666</dst>
            <dst id="NYCMng">6262.94133333333</dst>
            <dst id="SNVAng">3558.26933333333</dst>
            <dst id="STTLng">5816.504</dst>
            <dst id="WASHng">14646.36</dst>
        </src>
        <src id="IPLSng">
            <dst id="ATLA-M5">2614.65866666667</dst>
            <dst id="ATLAng">19481.1413333333</dst>
            <dst id="CHINng">112698.770666667</dst>
            <dst id="DNVRng">29995.8693333333</dst>
            <dst id="HSTNng">9488.776</dst>
            <dst id="IPLSng">29704.1013333333</dst>
            <dst id="KSCYng">13025.16</dst>
            <dst id="LOSAng">32345.8693333333</dst>
            <dst id="NYCMng">36738.4933333333</dst>
            <dst id="SNVAng">8848.52533333333</dst>
            <dst id="STTLng">15269.2266666667</dst>
            <dst id="WASHng">52109.8266666667</dst>
        </src>
        <src id="KSCYng">
            <dst id="ATLA-M5">479.762666666667</dst>
            <dst id="ATLAng">12845.9013333333</dst>
            <dst id="CHINng">48382.7546666667</dst>
            <dst id="DNVRng">13922.056</dst>
            <dst id="HSTNng">5685.128</dst>
            <dst id="IPLSng">22580.5813333333</dst>
            <dst id="KSCYng">14066.1173333333</dst>
            <dst id="LOSAng">8045.86933333333</dst>
            <dst id="NYCMng">18479.6133333333</dst>
            <dst id="SNVAng">1752.38666666667</dst>
            <dst id="STTLng">9813.512</dst>
            <dst id="WASHng">17160.144</dst>
        </src>
        <src id="LOSAng">
            <dst id="ATLA-M5">869.026666666667</dst>
            <dst id="ATLAng">29239.176</dst>
            <dst id="CHINng">122443.389333333</dst>
            <dst id="DNVRng">27814.312</dst>
            <dst id="HSTNng">22671.52</dst>
            <dst id="IPLSng">43585.9013333333</dst>
            <dst id="KSCYng">13767.168</dst>
            <dst id="LOSAng">26193.7893333333</dst>
            <dst id="NYCMng">62849.72</dst>
            <dst id="SNVAng">12874.064</dst>
            <dst id="STTLng">43826.4213333333</dst>
            <dst id="WASHng">70226.2906666667</dst>
        </src>
        <src id="NYCMng">
            <dst id="ATLA-M5">3201.45866666667</dst>
            <dst id="ATLAng">60929.7413333333</dst>
            <dst id="CHINng">87911.432</dst>
            <dst id="DNVRng">42588.9706666667</dst>
            <dst id="HSTNng">42861.168</dst>
            <dst id="IPLSng">89138.0693333334</dst>
            <dst id="KSCYng">22269.744</dst>
            <dst id="LOSAng">102555.461333333</dst>
            <dst id="NYCMng">165506.037333333</dst>
            <dst id="SNVAng">12778.4586666667</dst>
            <dst id="STTLng">37777.528</dst>
            <dst id="WASHng">204519.936</dst>
        </src>
        <src id="SNVAng">
            <dst id="ATLA-M5">989.866666666667</dst>
            <dst id="ATLAng">785.661333333333</dst>
            <dst id="CHINng">10031.584</dst>
            <dst id="DNVRng">7198.17866666667</dst>
            <dst id="HSTNng">1639.04533333333</dst>
            <dst id="IPLSng">2805.85866666667</dst>
            <dst id="KSCYng">1149.19466666667</dst>
            <dst id="LOSAng">36908.752</dst>
            <dst id="NYCMng">3664.34666666667</dst>
            <dst id="SNVAng">23528.8213333333</dst>
            <dst id="STTLng">61705.0586666667</dst>
            <dst id="WASHng">3226.74133333333</dst>
        </src>
        <src id="STTLng">
            <dst id="ATLA-M5">281.853333333333</dst>
            <dst id="ATLAng">10637.16</dst>
            <dst id="CHINng">57754.1146666667</dst>
            <dst id="DNVRng">4719.04533333333</dst>
            <dst id="HSTNng">4506.95733333333</dst>
            <dst id="IPLSng">24741.784</dst>
            <dst id="KSCYng">5732.98133333333</dst>
            <dst id="LOSAng">38678.6533333333</dst>
            <dst id="NYCMng">30984.1813333333</dst>
            <dst id="SNVAng">9934.61866666667</dst>
            <dst id="STTLng">16636.5706666667</dst>
            <dst id="WASHng">19961.84</dst>
        </src>
        <src id="WASHng">
            <dst id="ATLA-M5">2785.93333333333</dst>
            <dst id="ATLAng">128753.757333333</dst>
            <dst id="CHINng">108964.946666667</dst>
            <dst id="DNVRng">71276.3893333333</dst>
            <dst id="HSTNng">30692.48</dst>
            <dst id="IPLSng">75294.0133333333</dst>
            <dst id="KSCYng">20990.1493333333</dst>
            <dst id="LOSAng">87641.6826666667</dst>
            <dst id="NYCMng">211543.12</dst>
            <dst id="SNVAng">10826.632</dst>
            <dst id="STTLng">32894.8853333333</dst>
            <dst id="WASHng">244662.84</dst>
        </src>
    </IntraTM>
</TrafficMatrixFile>
