<?xml version="1.0" encoding="ISO-8859-1" standalone="yes"?>
<TrafficMatrixFile xsi:noNamespaceSchemaLocation="http://totem.run.montefiore.ulg.ac.be/Schema/TrafficMatrix-v1_2.xsd" xmlns:xsi="http://www.w3.org/2001/XMLSchema-instance">
    <IntraTM ASID="11537">
        <src id="ATLA-M5">
            <dst id="ATLA-M5">164.773333333333</dst>
            <dst id="ATLAng">373.498666666667</dst>
            <dst id="CHINng">1954.14666666667</dst>
            <dst id="DNVRng">695.378666666667</dst>
            <dst id="HSTNng">386.029333333333</dst>
            <dst id="IPLSng">1266.68533333333</dst>
            <dst id="KSCYng">647.893333333333</dst>
            <dst id="LOSAng">815.6</dst>
            <dst id="NYCMng">1458.60533333333</dst>
            <dst id="SNVAng">743.162666666667</dst>
            <dst id="STTLng">289.384</dst>
            <dst id="WASHng">9711.496</dst>
        </src>
        <src id="ATLAng">
            <dst id="ATLA-M5">1379.22933333333</dst>
            <dst id="ATLAng">60478.1466666667</dst>
            <dst id="CHINng">70689.424</dst>
            <dst id="DNVRng">15118.5466666667</dst>
            <dst id="HSTNng">7492.47466666667</dst>
            <dst id="IPLSng">49823.0106666667</dst>
            <dst id="KSCYng">18436.2266666667</dst>
            <dst id="LOSAng">23748.028</dst>
            <dst id="NYCMng">21703.3573333333</dst>
            <dst id="SNVAng">3592.68666666667</dst>
            <dst id="STTLng">9768.33866666667</dst>
            <dst id="WASHng">92287.528</dst>
        </src>
        <src id="CHINng">
            <dst id="ATLA-M5">3788.128</dst>
            <dst id="ATLAng">20923.696</dst>
            <dst id="CHINng">69269.5866666667</dst>
            <dst id="DNVRng">14202.5626666667</dst>
            <dst id="HSTNng">18720.8106666667</dst>
            <dst id="IPLSng">32827.9466666667</dst>
            <dst id="KSCYng">16360.3973333333</dst>
            <dst id="LOSAng">20791.6853333333</dst>
            <dst id="NYCMng">6036.44</dst>
            <dst id="SNVAng">5557.66666666667</dst>
            <dst id="STTLng">15736.4</dst>
            <dst id="WASHng">27563.44</dst>
        </src>
        <src id="DNVRng">
            <dst id="ATLA-M5">3473.056</dst>
            <dst id="ATLAng">12057.576</dst>
            <dst id="CHINng">79748.9146666667</dst>
            <dst id="DNVRng">20248.552</dst>
            <dst id="HSTNng">13601.5146666667</dst>
            <dst id="IPLSng">30486.496</dst>
            <dst id="KSCYng">28450.7493333333</dst>
            <dst id="LOSAng">9148.81066666667</dst>
            <dst id="NYCMng">30504.2693333333</dst>
            <dst id="SNVAng">17873.1653333333</dst>
            <dst id="STTLng">15570.432</dst>
            <dst id="WASHng">64185.5386666667</dst>
        </src>
        <src id="HSTNng">
            <dst id="ATLA-M5">287.477333333333</dst>
            <dst id="ATLAng">4124.95733333333</dst>
            <dst id="CHINng">29204.552</dst>
            <dst id="DNVRng">8159.54666666667</dst>
            <dst id="HSTNng">8992.73066666667</dst>
            <dst id="IPLSng">11794.208</dst>
            <dst id="KSCYng">4750.04266666667</dst>
            <dst id="LOSAng">104842.152</dst>
            <dst id="NYCMng">12353.736</dst>
            <dst id="SNVAng">2667.168</dst>
            <dst id="STTLng">3303.77866666667</dst>
            <dst id="WASHng">15920.7546666667</dst>
        </src>
        <src id="IPLSng">
            <dst id="ATLA-M5">733.728</dst>
            <dst id="ATLAng">34413.9706666667</dst>
            <dst id="CHINng">157991.901333333</dst>
            <dst id="DNVRng">34223.7706666667</dst>
            <dst id="HSTNng">11454.1493333333</dst>
            <dst id="IPLSng">40841.048</dst>
            <dst id="KSCYng">31068.008</dst>
            <dst id="LOSAng">19699.3706666667</dst>
            <dst id="NYCMng">91162.2026666667</dst>
            <dst id="SNVAng">10010.6266666667</dst>
            <dst id="STTLng">16188.4026666667</dst>
            <dst id="WASHng">59191.3786666667</dst>
        </src>
        <src id="KSCYng">
            <dst id="ATLA-M5">725.466666666667</dst>
            <dst id="ATLAng">20374.7413333333</dst>
            <dst id="CHINng">48319.0586666667</dst>
            <dst id="DNVRng">15473.7466666667</dst>
            <dst id="HSTNng">6247.05866666667</dst>
            <dst id="IPLSng">15280.0426666667</dst>
            <dst id="KSCYng">11018.8746666667</dst>
            <dst id="LOSAng">5991.744</dst>
            <dst id="NYCMng">14445.184</dst>
            <dst id="SNVAng">1514.248</dst>
            <dst id="STTLng">3698.752</dst>
            <dst id="WASHng">28503.4613333333</dst>
        </src>
        <src id="LOSAng">
            <dst id="ATLA-M5">1240.92533333333</dst>
            <dst id="ATLAng">26905.56</dst>
            <dst id="CHINng">149580.981333333</dst>
            <dst id="DNVRng">27472.0106666667</dst>
            <dst id="HSTNng">19851.2346666667</dst>
            <dst id="IPLSng">46917.0053333333</dst>
            <dst id="KSCYng">14160.552</dst>
            <dst id="LOSAng">11976.9546666667</dst>
            <dst id="NYCMng">55869.0933333333</dst>
            <dst id="SNVAng">27330.192</dst>
            <dst id="STTLng">25609.5733333333</dst>
            <dst id="WASHng">69945.7093333333</dst>
        </src>
        <src id="NYCMng">
            <dst id="ATLA-M5">4814.328</dst>
            <dst id="ATLAng">55037.3866666667</dst>
            <dst id="CHINng">98849.3946666667</dst>
            <dst id="DNVRng">47784.4133333333</dst>
            <dst id="HSTNng">42494.2746666667</dst>
            <dst id="IPLSng">82889.7253333333</dst>
            <dst id="KSCYng">30212.248</dst>
            <dst id="LOSAng">74140.5573333333</dst>
            <dst id="NYCMng">187035.333333333</dst>
            <dst id="SNVAng">10641.336</dst>
            <dst id="STTLng">34165.048</dst>
            <dst id="WASHng">108043.853333333</dst>
        </src>
        <src id="SNVAng">
            <dst id="ATLA-M5">277.832</dst>
            <dst id="ATLAng">752.472</dst>
            <dst id="CHINng">7999.79466666666</dst>
            <dst id="DNVRng">9131.32</dst>
            <dst id="HSTNng">1681.384</dst>
            <dst id="IPLSng">6148.30933333333</dst>
            <dst id="KSCYng">1100.4</dst>
            <dst id="LOSAng">42972.5813333333</dst>
            <dst id="NYCMng">3000.76533333333</dst>
            <dst id="SNVAng">28681.288</dst>
            <dst id="STTLng">71426.5786666667</dst>
            <dst id="WASHng">3840.32266666667</dst>
        </src>
        <src id="STTLng">
            <dst id="ATLA-M5">331.653333333333</dst>
            <dst id="ATLAng">15386.5466666667</dst>
            <dst id="CHINng">83772.5786666667</dst>
            <dst id="DNVRng">9742.79466666667</dst>
            <dst id="HSTNng">6216.77866666667</dst>
            <dst id="IPLSng">19740.8266666667</dst>
            <dst id="KSCYng">9138.56</dst>
            <dst id="LOSAng">29328.5306666667</dst>
            <dst id="NYCMng">33610.384</dst>
            <dst id="SNVAng">13613.5946666667</dst>
            <dst id="STTLng">5918.704</dst>
            <dst id="WASHng">19605.4133333333</dst>
        </src>
        <src id="WASHng">
            <dst id="ATLA-M5">14505.7733333333</dst>
            <dst id="ATLAng">99749.3706666667</dst>
            <dst id="CHINng">97070.0346666667</dst>
            <dst id="DNVRng">75100.352</dst>
            <dst id="HSTNng">28730.408</dst>
            <dst id="IPLSng">124920.282666667</dst>
            <dst id="KSCYng">33838.1653333333</dst>
            <dst id="LOSAng">130061.76</dst>
            <dst id="NYCMng">207841.114666667</dst>
            <dst id="SNVAng">12165.4213333333</dst>
            <dst id="STTLng">33869.9306666667</dst>
            <dst id="WASHng">294366.64</dst>
        </src>
    </IntraTM>
</TrafficMatrixFile>
