<?xml version="1.0" encoding="ISO-8859-1" standalone="yes"?>
<TrafficMatrixFile xsi:noNamespaceSchemaLocation="http://totem.run.montefiore.ulg.ac.be/Schema/TrafficMatrix-v1_2.xsd" xmlns:xsi="http://www.w3.org/2001/XMLSchema-instance">
    <IntraTM ASID="11537">
        <src id="ATLA-M5">
            <dst id="ATLA-M5">2033.36</dst>
            <dst id="ATLAng">1321.12266666667</dst>
            <dst id="CHINng">1358.76</dst>
            <dst id="DNVRng">849.528</dst>
            <dst id="HSTNng">677.965333333333</dst>
            <dst id="IPLSng">2081.69866666667</dst>
            <dst id="KSCYng">637.72</dst>
            <dst id="LOSAng">399.578666666667</dst>
            <dst id="NYCMng">7606.552</dst>
            <dst id="SNVAng">476.578666666667</dst>
            <dst id="STTLng">135.173333333333</dst>
            <dst id="WASHng">3624.52533333333</dst>
        </src>
        <src id="ATLAng">
            <dst id="ATLA-M5">818.226666666667</dst>
            <dst id="ATLAng">34315.6773333333</dst>
            <dst id="CHINng">17828.8186666667</dst>
            <dst id="DNVRng">4090.02666666667</dst>
            <dst id="HSTNng">6466.29866666667</dst>
            <dst id="IPLSng">19642.3893333333</dst>
            <dst id="KSCYng">17657.4026666667</dst>
            <dst id="LOSAng">15357.948</dst>
            <dst id="NYCMng">19762.2186666667</dst>
            <dst id="SNVAng">2506.44933333333</dst>
            <dst id="STTLng">7136.99466666666</dst>
            <dst id="WASHng">98515.8933333333</dst>
        </src>
        <src id="CHINng">
            <dst id="ATLA-M5">1084.072</dst>
            <dst id="ATLAng">16576.1066666667</dst>
            <dst id="CHINng">112004.002666667</dst>
            <dst id="DNVRng">14711.3546666667</dst>
            <dst id="HSTNng">5984.74933333334</dst>
            <dst id="IPLSng">29252.9386666667</dst>
            <dst id="KSCYng">8009.51466666667</dst>
            <dst id="LOSAng">14510.008</dst>
            <dst id="NYCMng">14633.5973333333</dst>
            <dst id="SNVAng">2140.65866666667</dst>
            <dst id="STTLng">8699.00533333334</dst>
            <dst id="WASHng">30209.8773333333</dst>
        </src>
        <src id="DNVRng">
            <dst id="ATLA-M5">237.962666666667</dst>
            <dst id="ATLAng">8168.85333333333</dst>
            <dst id="CHINng">65488.9893333333</dst>
            <dst id="DNVRng">14856.6053333333</dst>
            <dst id="HSTNng">6624.22133333333</dst>
            <dst id="IPLSng">12197.2186666667</dst>
            <dst id="KSCYng">19082.0293333333</dst>
            <dst id="LOSAng">23262.248</dst>
            <dst id="NYCMng">11266.6186666667</dst>
            <dst id="SNVAng">14045.1306666667</dst>
            <dst id="STTLng">33646.112</dst>
            <dst id="WASHng">17207.6053333333</dst>
        </src>
        <src id="HSTNng">
            <dst id="ATLA-M5">1361.584</dst>
            <dst id="ATLAng">7163.448</dst>
            <dst id="CHINng">35003.5493333333</dst>
            <dst id="DNVRng">2946.61066666667</dst>
            <dst id="HSTNng">20108.5093333333</dst>
            <dst id="IPLSng">10042.6586666667</dst>
            <dst id="KSCYng">4650.224</dst>
            <dst id="LOSAng">195755.501333333</dst>
            <dst id="NYCMng">21933.24</dst>
            <dst id="SNVAng">2075.24</dst>
            <dst id="STTLng">2073.51466666667</dst>
            <dst id="WASHng">17347.9813333333</dst>
        </src>
        <src id="IPLSng">
            <dst id="ATLA-M5">727.192</dst>
            <dst id="ATLAng">23240.1386666667</dst>
            <dst id="CHINng">158971.141333333</dst>
            <dst id="DNVRng">14057.952</dst>
            <dst id="HSTNng">12036.3306666667</dst>
            <dst id="IPLSng">31817.6853333333</dst>
            <dst id="KSCYng">28029.6933333333</dst>
            <dst id="LOSAng">23581.5493333333</dst>
            <dst id="NYCMng">33861.2666666667</dst>
            <dst id="SNVAng">3872.31733333333</dst>
            <dst id="STTLng">12104.152</dst>
            <dst id="WASHng">50836.064</dst>
        </src>
        <src id="KSCYng">
            <dst id="ATLA-M5">179.850666666667</dst>
            <dst id="ATLAng">22865.1093333333</dst>
            <dst id="CHINng">49639.0533333333</dst>
            <dst id="DNVRng">4610.16</dst>
            <dst id="HSTNng">5784.85333333333</dst>
            <dst id="IPLSng">15129.4986666667</dst>
            <dst id="KSCYng">5777.94133333333</dst>
            <dst id="LOSAng">3939.09066666667</dst>
            <dst id="NYCMng">8263.28533333333</dst>
            <dst id="SNVAng">2130.46133333333</dst>
            <dst id="STTLng">2775.26133333333</dst>
            <dst id="WASHng">16976.0853333333</dst>
        </src>
        <src id="LOSAng">
            <dst id="ATLA-M5">531.68</dst>
            <dst id="ATLAng">25624.912</dst>
            <dst id="CHINng">151207.762666667</dst>
            <dst id="DNVRng">6742.34133333333</dst>
            <dst id="HSTNng">15455.5973333333</dst>
            <dst id="IPLSng">41617.928</dst>
            <dst id="KSCYng">16718.3493333333</dst>
            <dst id="LOSAng">8795.856</dst>
            <dst id="NYCMng">49923.392</dst>
            <dst id="SNVAng">13065.6586666667</dst>
            <dst id="STTLng">21578.88</dst>
            <dst id="WASHng">64792.3413333333</dst>
        </src>
        <src id="NYCMng">
            <dst id="ATLA-M5">7835.58133333333</dst>
            <dst id="ATLAng">58910.624</dst>
            <dst id="CHINng">114390.808</dst>
            <dst id="DNVRng">20688.5786666667</dst>
            <dst id="HSTNng">50598.0773333333</dst>
            <dst id="IPLSng">86106.0293333333</dst>
            <dst id="KSCYng">27959.4826666667</dst>
            <dst id="LOSAng">61447.512</dst>
            <dst id="NYCMng">181699.704</dst>
            <dst id="SNVAng">7058.96266666667</dst>
            <dst id="STTLng">25060.4</dst>
            <dst id="WASHng">117733.685333333</dst>
        </src>
        <src id="SNVAng">
            <dst id="ATLA-M5">222.101333333333</dst>
            <dst id="ATLAng">1815.216</dst>
            <dst id="CHINng">6144.488</dst>
            <dst id="DNVRng">6305.912</dst>
            <dst id="HSTNng">1883.33866666667</dst>
            <dst id="IPLSng">2806.01866666667</dst>
            <dst id="KSCYng">2468.304</dst>
            <dst id="LOSAng">7308.58933333334</dst>
            <dst id="NYCMng">2763.376</dst>
            <dst id="SNVAng">3160.78133333333</dst>
            <dst id="STTLng">2555.58933333333</dst>
            <dst id="WASHng">2368.76266666667</dst>
        </src>
        <src id="STTLng">
            <dst id="ATLA-M5">344.096</dst>
            <dst id="ATLAng">25060.616</dst>
            <dst id="CHINng">81427.632</dst>
            <dst id="DNVRng">10518.1173333333</dst>
            <dst id="HSTNng">3306.768</dst>
            <dst id="IPLSng">15302.8</dst>
            <dst id="KSCYng">8475.34666666667</dst>
            <dst id="LOSAng">21666.1706666667</dst>
            <dst id="NYCMng">23373.3466666667</dst>
            <dst id="SNVAng">4628.792</dst>
            <dst id="STTLng">5715.30933333333</dst>
            <dst id="WASHng">17437.6533333333</dst>
        </src>
        <src id="WASHng">
            <dst id="ATLA-M5">2559.448</dst>
            <dst id="ATLAng">107038.925333333</dst>
            <dst id="CHINng">112501.904</dst>
            <dst id="DNVRng">49643.232</dst>
            <dst id="HSTNng">31549.6186666667</dst>
            <dst id="IPLSng">82971.776</dst>
            <dst id="KSCYng">25769.7706666667</dst>
            <dst id="LOSAng">56058.8106666667</dst>
            <dst id="NYCMng">238295.021333333</dst>
            <dst id="SNVAng">11070.3706666667</dst>
            <dst id="STTLng">42742.368</dst>
            <dst id="WASHng">371813.253333333</dst>
        </src>
    </IntraTM>
</TrafficMatrixFile>
