<?xml version="1.0" encoding="ISO-8859-1" standalone="yes"?>
<TrafficMatrixFile xsi:noNamespaceSchemaLocation="http://totem.run.montefiore.ulg.ac.be/Schema/TrafficMatrix-v1_2.xsd" xmlns:xsi="http://www.w3.org/2001/XMLSchema-instance">
    <IntraTM ASID="11537">
        <src id="ATLA-M5">
            <dst id="ATLA-M5">1690.19466666667</dst>
            <dst id="ATLAng">120.685333333333</dst>
            <dst id="CHINng">3896.42666666667</dst>
            <dst id="DNVRng">210.298666666667</dst>
            <dst id="HSTNng">2297.84266666667</dst>
            <dst id="IPLSng">2813.09866666667</dst>
            <dst id="KSCYng">734.453333333333</dst>
            <dst id="LOSAng">2087.072</dst>
            <dst id="NYCMng">841.477333333333</dst>
            <dst id="SNVAng">94.904</dst>
            <dst id="STTLng">198.109333333333</dst>
            <dst id="WASHng">1736.664</dst>
        </src>
        <src id="ATLAng">
            <dst id="ATLA-M5">974.013333333333</dst>
            <dst id="ATLAng">44214.4746666667</dst>
            <dst id="CHINng">30373.4293333333</dst>
            <dst id="DNVRng">8134.23466666667</dst>
            <dst id="HSTNng">7015.136</dst>
            <dst id="IPLSng">21903.4773333333</dst>
            <dst id="KSCYng">6369.99733333333</dst>
            <dst id="LOSAng">16619.04</dst>
            <dst id="NYCMng">28936.4186666667</dst>
            <dst id="SNVAng">920.698666666667</dst>
            <dst id="STTLng">9571.30133333333</dst>
            <dst id="WASHng">52465.4506666667</dst>
        </src>
        <src id="CHINng">
            <dst id="ATLA-M5">102.984</dst>
            <dst id="ATLAng">15740.7973333333</dst>
            <dst id="CHINng">43034.5973333333</dst>
            <dst id="DNVRng">11950.0293333333</dst>
            <dst id="HSTNng">19005.9333333333</dst>
            <dst id="IPLSng">36256.856</dst>
            <dst id="KSCYng">9661.00266666667</dst>
            <dst id="LOSAng">30876.2826666667</dst>
            <dst id="NYCMng">5116.49866666667</dst>
            <dst id="SNVAng">2789.544</dst>
            <dst id="STTLng">8629.89333333333</dst>
            <dst id="WASHng">17289.3093333333</dst>
        </src>
        <src id="DNVRng">
            <dst id="ATLA-M5">476.693333333333</dst>
            <dst id="ATLAng">5116.11733333333</dst>
            <dst id="CHINng">42643.504</dst>
            <dst id="DNVRng">6560.74933333334</dst>
            <dst id="HSTNng">5903.12</dst>
            <dst id="IPLSng">12797.4826666667</dst>
            <dst id="KSCYng">13828.464</dst>
            <dst id="LOSAng">16967.2293333333</dst>
            <dst id="NYCMng">21858.2986666667</dst>
            <dst id="SNVAng">17191.4053333333</dst>
            <dst id="STTLng">14168.392</dst>
            <dst id="WASHng">13766.6586666667</dst>
        </src>
        <src id="HSTNng">
            <dst id="ATLA-M5">3320.24533333333</dst>
            <dst id="ATLAng">4677.29333333333</dst>
            <dst id="CHINng">20230.4826666667</dst>
            <dst id="DNVRng">5352.736</dst>
            <dst id="HSTNng">7787.85066666667</dst>
            <dst id="IPLSng">9251.31466666667</dst>
            <dst id="KSCYng">2608.66666666667</dst>
            <dst id="LOSAng">81206.5466666667</dst>
            <dst id="NYCMng">11156.8933333333</dst>
            <dst id="SNVAng">1774.02133333333</dst>
            <dst id="STTLng">2462.67466666667</dst>
            <dst id="WASHng">11202.0106666667</dst>
        </src>
        <src id="IPLSng">
            <dst id="ATLA-M5">456.312</dst>
            <dst id="ATLAng">13485.0666666667</dst>
            <dst id="CHINng">86256.192</dst>
            <dst id="DNVRng">10499.848</dst>
            <dst id="HSTNng">6948.54133333334</dst>
            <dst id="IPLSng">32453.5226666667</dst>
            <dst id="KSCYng">17743.7173333333</dst>
            <dst id="LOSAng">22221.136</dst>
            <dst id="NYCMng">33298.184</dst>
            <dst id="SNVAng">4189.88266666667</dst>
            <dst id="STTLng">15329.4586666667</dst>
            <dst id="WASHng">39935.2053333333</dst>
        </src>
        <src id="KSCYng">
            <dst id="ATLA-M5">364.586666666667</dst>
            <dst id="ATLAng">4911.76266666667</dst>
            <dst id="CHINng">34808.224</dst>
            <dst id="DNVRng">10995.0826666667</dst>
            <dst id="HSTNng">4836.67466666667</dst>
            <dst id="IPLSng">15076.3466666667</dst>
            <dst id="KSCYng">5197</dst>
            <dst id="LOSAng">8985.07733333333</dst>
            <dst id="NYCMng">8802.32</dst>
            <dst id="SNVAng">3861.51466666667</dst>
            <dst id="STTLng">2801.88533333333</dst>
            <dst id="WASHng">14379.856</dst>
        </src>
        <src id="LOSAng">
            <dst id="ATLA-M5">1008.91733333333</dst>
            <dst id="ATLAng">13962.024</dst>
            <dst id="CHINng">73249.5866666667</dst>
            <dst id="DNVRng">11580.4053333333</dst>
            <dst id="HSTNng">15992.04</dst>
            <dst id="IPLSng">41348.44</dst>
            <dst id="KSCYng">9728.97066666667</dst>
            <dst id="LOSAng">16806.736</dst>
            <dst id="NYCMng">63332.6293333334</dst>
            <dst id="SNVAng">4655.04533333333</dst>
            <dst id="STTLng">31446.0933333333</dst>
            <dst id="WASHng">66566.8</dst>
        </src>
        <src id="NYCMng">
            <dst id="ATLA-M5">2907.408</dst>
            <dst id="ATLAng">45350.92</dst>
            <dst id="CHINng">70451.744</dst>
            <dst id="DNVRng">21016.52</dst>
            <dst id="HSTNng">46313.4346666667</dst>
            <dst id="IPLSng">69343.496</dst>
            <dst id="KSCYng">22113.88</dst>
            <dst id="LOSAng">77296.5626666667</dst>
            <dst id="NYCMng">141269.224</dst>
            <dst id="SNVAng">12134.416</dst>
            <dst id="STTLng">33207.8266666667</dst>
            <dst id="WASHng">120797.504</dst>
        </src>
        <src id="SNVAng">
            <dst id="ATLA-M5">26.6666666666667</dst>
            <dst id="ATLAng">1190.15466666667</dst>
            <dst id="CHINng">4232.192</dst>
            <dst id="DNVRng">17429.6</dst>
            <dst id="HSTNng">1962.76533333333</dst>
            <dst id="IPLSng">3785.90133333333</dst>
            <dst id="KSCYng">692.56</dst>
            <dst id="LOSAng">2092.352</dst>
            <dst id="NYCMng">3210.328</dst>
            <dst id="SNVAng">456.410666666667</dst>
            <dst id="STTLng">4093.68266666667</dst>
            <dst id="WASHng">2282.016</dst>
        </src>
        <src id="STTLng">
            <dst id="ATLA-M5">247.890666666667</dst>
            <dst id="ATLAng">16501.4533333333</dst>
            <dst id="CHINng">43002.9946666667</dst>
            <dst id="DNVRng">7858.27733333333</dst>
            <dst id="HSTNng">5445.97333333333</dst>
            <dst id="IPLSng">15904.0746666667</dst>
            <dst id="KSCYng">5437.56</dst>
            <dst id="LOSAng">21505.2693333333</dst>
            <dst id="NYCMng">27493.448</dst>
            <dst id="SNVAng">2935.96533333333</dst>
            <dst id="STTLng">4166.45066666667</dst>
            <dst id="WASHng">11348.6826666667</dst>
        </src>
        <src id="WASHng">
            <dst id="ATLA-M5">2297.72266666667</dst>
            <dst id="ATLAng">128129.469333333</dst>
            <dst id="CHINng">82608.6026666667</dst>
            <dst id="DNVRng">34430.9786666667</dst>
            <dst id="HSTNng">16465.6266666667</dst>
            <dst id="IPLSng">54549.6586666667</dst>
            <dst id="KSCYng">19827.448</dst>
            <dst id="LOSAng">47920.7893333333</dst>
            <dst id="NYCMng">164895.24</dst>
            <dst id="SNVAng">8691.75466666666</dst>
            <dst id="STTLng">28773.352</dst>
            <dst id="WASHng">161111.261333333</dst>
        </src>
    </IntraTM>
</TrafficMatrixFile>
