<?xml version="1.0" encoding="ISO-8859-1" standalone="yes"?>
<TrafficMatrixFile xsi:noNamespaceSchemaLocation="http://totem.run.montefiore.ulg.ac.be/Schema/TrafficMatrix-v1_2.xsd" xmlns:xsi="http://www.w3.org/2001/XMLSchema-instance">
    <IntraTM ASID="11537">
        <src id="ATLA-M5">
            <dst id="ATLA-M5">119.208</dst>
            <dst id="ATLAng">923.6</dst>
            <dst id="CHINng">2094.81866666667</dst>
            <dst id="DNVRng">448.050666666667</dst>
            <dst id="HSTNng">846.648</dst>
            <dst id="IPLSng">1339.72533333333</dst>
            <dst id="KSCYng">1912.544</dst>
            <dst id="LOSAng">838.914666666666</dst>
            <dst id="NYCMng">2064.32533333333</dst>
            <dst id="SNVAng">102.242666666667</dst>
            <dst id="STTLng">383</dst>
            <dst id="WASHng">2781.54933333333</dst>
        </src>
        <src id="ATLAng">
            <dst id="ATLA-M5">1191.264</dst>
            <dst id="ATLAng">26823.456</dst>
            <dst id="CHINng">52399.664</dst>
            <dst id="DNVRng">18731.2053333333</dst>
            <dst id="HSTNng">14056.1173333333</dst>
            <dst id="IPLSng">38088.632</dst>
            <dst id="KSCYng">20020.5146666667</dst>
            <dst id="LOSAng">33102.3253333333</dst>
            <dst id="NYCMng">25935.5146666667</dst>
            <dst id="SNVAng">4373.248</dst>
            <dst id="STTLng">11443.0346666667</dst>
            <dst id="WASHng">92403.3946666666</dst>
        </src>
        <src id="CHINng">
            <dst id="ATLA-M5">4184.00533333333</dst>
            <dst id="ATLAng">20342.512</dst>
            <dst id="CHINng">61349.2053333333</dst>
            <dst id="DNVRng">25961.432</dst>
            <dst id="HSTNng">10726.8373333333</dst>
            <dst id="IPLSng">34590.16</dst>
            <dst id="KSCYng">11579.264</dst>
            <dst id="LOSAng">26933.2613333333</dst>
            <dst id="NYCMng">14555.9786666667</dst>
            <dst id="SNVAng">3643.00533333333</dst>
            <dst id="STTLng">21822.824</dst>
            <dst id="WASHng">19672.3813333333</dst>
        </src>
        <src id="DNVRng">
            <dst id="ATLA-M5">379.413333333333</dst>
            <dst id="ATLAng">13724.8986666667</dst>
            <dst id="CHINng">67028.4773333333</dst>
            <dst id="DNVRng">24052.16</dst>
            <dst id="HSTNng">18258.672</dst>
            <dst id="IPLSng">35516.7946666667</dst>
            <dst id="KSCYng">42677.088</dst>
            <dst id="LOSAng">18519.7946666667</dst>
            <dst id="NYCMng">34121.5253333333</dst>
            <dst id="SNVAng">22159.9946666667</dst>
            <dst id="STTLng">29640.6853333333</dst>
            <dst id="WASHng">66820.4453333333</dst>
        </src>
        <src id="HSTNng">
            <dst id="ATLA-M5">2172.712</dst>
            <dst id="ATLAng">6437.56533333333</dst>
            <dst id="CHINng">31250.224</dst>
            <dst id="DNVRng">7228.304</dst>
            <dst id="HSTNng">14811.0053333333</dst>
            <dst id="IPLSng">9856.50133333334</dst>
            <dst id="KSCYng">5407.72</dst>
            <dst id="LOSAng">132161.432</dst>
            <dst id="NYCMng">6362.69866666667</dst>
            <dst id="SNVAng">2846.07733333333</dst>
            <dst id="STTLng">4752.05333333333</dst>
            <dst id="WASHng">11840.608</dst>
        </src>
        <src id="IPLSng">
            <dst id="ATLA-M5">1453.264</dst>
            <dst id="ATLAng">28513.7573333333</dst>
            <dst id="CHINng">159949.338666667</dst>
            <dst id="DNVRng">39273.5013333333</dst>
            <dst id="HSTNng">10691.7893333333</dst>
            <dst id="IPLSng">62107.6</dst>
            <dst id="KSCYng">21230.024</dst>
            <dst id="LOSAng">107716.952</dst>
            <dst id="NYCMng">58209.6133333333</dst>
            <dst id="SNVAng">11231.0053333333</dst>
            <dst id="STTLng">13359.7226666667</dst>
            <dst id="WASHng">51652.0133333333</dst>
        </src>
        <src id="KSCYng">
            <dst id="ATLA-M5">769.445333333333</dst>
            <dst id="ATLAng">19108.0826666667</dst>
            <dst id="CHINng">44835.4293333334</dst>
            <dst id="DNVRng">16595.8933333333</dst>
            <dst id="HSTNng">7308.18133333333</dst>
            <dst id="IPLSng">19198.8906666667</dst>
            <dst id="KSCYng">11020.8586666667</dst>
            <dst id="LOSAng">7467.344</dst>
            <dst id="NYCMng">12432.4186666667</dst>
            <dst id="SNVAng">1913.504</dst>
            <dst id="STTLng">5559.99466666667</dst>
            <dst id="WASHng">16296.4693333333</dst>
        </src>
        <src id="LOSAng">
            <dst id="ATLA-M5">889.912</dst>
            <dst id="ATLAng">28872.512</dst>
            <dst id="CHINng">126826.677333333</dst>
            <dst id="DNVRng">17415.5066666667</dst>
            <dst id="HSTNng">16274.8106666667</dst>
            <dst id="IPLSng">53235.4773333333</dst>
            <dst id="KSCYng">9116.864</dst>
            <dst id="LOSAng">9214.28266666667</dst>
            <dst id="NYCMng">64494.6053333333</dst>
            <dst id="SNVAng">11643.6666666667</dst>
            <dst id="STTLng">24891.7013333333</dst>
            <dst id="WASHng">68697.1626666667</dst>
        </src>
        <src id="NYCMng">
            <dst id="ATLA-M5">5487.24533333333</dst>
            <dst id="ATLAng">55184.16</dst>
            <dst id="CHINng">91755.5973333334</dst>
            <dst id="DNVRng">46069.5306666667</dst>
            <dst id="HSTNng">37503.856</dst>
            <dst id="IPLSng">81635.864</dst>
            <dst id="KSCYng">49948.0453333333</dst>
            <dst id="LOSAng">82170.5173333334</dst>
            <dst id="NYCMng">160250.250666667</dst>
            <dst id="SNVAng">11661.3653333333</dst>
            <dst id="STTLng">35846.9493333333</dst>
            <dst id="WASHng">132810.904</dst>
        </src>
        <src id="SNVAng">
            <dst id="ATLA-M5">264.890666666667</dst>
            <dst id="ATLAng">749.517333333333</dst>
            <dst id="CHINng">7925.97333333333</dst>
            <dst id="DNVRng">17392.7786666667</dst>
            <dst id="HSTNng">1205.38933333333</dst>
            <dst id="IPLSng">2391.448</dst>
            <dst id="KSCYng">1107.68</dst>
            <dst id="LOSAng">48621.5226666667</dst>
            <dst id="NYCMng">2413.424</dst>
            <dst id="SNVAng">27169.7226666667</dst>
            <dst id="STTLng">60153.0773333333</dst>
            <dst id="WASHng">2386.992</dst>
        </src>
        <src id="STTLng">
            <dst id="ATLA-M5">844.109333333333</dst>
            <dst id="ATLAng">17600.5306666667</dst>
            <dst id="CHINng">83055.4053333333</dst>
            <dst id="DNVRng">13353.8933333333</dst>
            <dst id="HSTNng">8777.28266666667</dst>
            <dst id="IPLSng">39823.2026666667</dst>
            <dst id="KSCYng">7210.32</dst>
            <dst id="LOSAng">38909.4213333333</dst>
            <dst id="NYCMng">33484.448</dst>
            <dst id="SNVAng">14299.9013333333</dst>
            <dst id="STTLng">7661.06133333333</dst>
            <dst id="WASHng">22732.864</dst>
        </src>
        <src id="WASHng">
            <dst id="ATLA-M5">3263.69866666667</dst>
            <dst id="ATLAng">153610.528</dst>
            <dst id="CHINng">124913.826666667</dst>
            <dst id="DNVRng">96790.3866666667</dst>
            <dst id="HSTNng">36240.5226666667</dst>
            <dst id="IPLSng">104237.418666667</dst>
            <dst id="KSCYng">40821</dst>
            <dst id="LOSAng">89908.8266666667</dst>
            <dst id="NYCMng">219212.416</dst>
            <dst id="SNVAng">15793.496</dst>
            <dst id="STTLng">43267.488</dst>
            <dst id="WASHng">347871.653333333</dst>
        </src>
    </IntraTM>
</TrafficMatrixFile>
