<?xml version="1.0" encoding="ISO-8859-1" standalone="yes"?>
<TrafficMatrixFile xsi:noNamespaceSchemaLocation="http://totem.run.montefiore.ulg.ac.be/Schema/TrafficMatrix-v1_2.xsd" xmlns:xsi="http://www.w3.org/2001/XMLSchema-instance">
    <IntraTM ASID="11537">
        <src id="ATLA-M5">
            <dst id="ATLA-M5">2181.01866666667</dst>
            <dst id="ATLAng">342.72</dst>
            <dst id="CHINng">1319.248</dst>
            <dst id="DNVRng">288.12</dst>
            <dst id="HSTNng">1701.53066666667</dst>
            <dst id="IPLSng">2226.58133333333</dst>
            <dst id="KSCYng">638.984</dst>
            <dst id="LOSAng">3134.36</dst>
            <dst id="NYCMng">1267.38666666667</dst>
            <dst id="SNVAng">299.304</dst>
            <dst id="STTLng">108.757333333333</dst>
            <dst id="WASHng">2437.21866666667</dst>
        </src>
        <src id="ATLAng">
            <dst id="ATLA-M5">494.565333333333</dst>
            <dst id="ATLAng">42022.2533333333</dst>
            <dst id="CHINng">25627.9493333333</dst>
            <dst id="DNVRng">4613.65066666667</dst>
            <dst id="HSTNng">5692.97333333333</dst>
            <dst id="IPLSng">24324.68</dst>
            <dst id="KSCYng">5100.91466666667</dst>
            <dst id="LOSAng">37775.7733333333</dst>
            <dst id="NYCMng">28702.032</dst>
            <dst id="SNVAng">1038.568</dst>
            <dst id="STTLng">9860.456</dst>
            <dst id="WASHng">41584.2986666666</dst>
        </src>
        <src id="CHINng">
            <dst id="ATLA-M5">193.637333333333</dst>
            <dst id="ATLAng">15062.2346666667</dst>
            <dst id="CHINng">32369.272</dst>
            <dst id="DNVRng">13436.2906666667</dst>
            <dst id="HSTNng">9330.89333333333</dst>
            <dst id="IPLSng">33089.0293333333</dst>
            <dst id="KSCYng">13218.872</dst>
            <dst id="LOSAng">36816.448</dst>
            <dst id="NYCMng">4504.49866666667</dst>
            <dst id="SNVAng">1734.912</dst>
            <dst id="STTLng">9552.67466666667</dst>
            <dst id="WASHng">16805.72</dst>
        </src>
        <src id="DNVRng">
            <dst id="ATLA-M5">352.546666666667</dst>
            <dst id="ATLAng">7543</dst>
            <dst id="CHINng">32465.1626666667</dst>
            <dst id="DNVRng">19406.3733333333</dst>
            <dst id="HSTNng">5939.76</dst>
            <dst id="IPLSng">12607.8213333333</dst>
            <dst id="KSCYng">14203.2773333333</dst>
            <dst id="LOSAng">21533.4266666667</dst>
            <dst id="NYCMng">13403.7386666667</dst>
            <dst id="SNVAng">18054.144</dst>
            <dst id="STTLng">30404.8906666667</dst>
            <dst id="WASHng">18177.5466666667</dst>
        </src>
        <src id="HSTNng">
            <dst id="ATLA-M5">612.370666666667</dst>
            <dst id="ATLAng">7605.98666666667</dst>
            <dst id="CHINng">25187.4266666667</dst>
            <dst id="DNVRng">3766.848</dst>
            <dst id="HSTNng">7516.56533333333</dst>
            <dst id="IPLSng">12330.7413333333</dst>
            <dst id="KSCYng">4309.09866666667</dst>
            <dst id="LOSAng">7841.648</dst>
            <dst id="NYCMng">8723.696</dst>
            <dst id="SNVAng">2249.01066666667</dst>
            <dst id="STTLng">3588.18666666667</dst>
            <dst id="WASHng">7256.07466666667</dst>
        </src>
        <src id="IPLSng">
            <dst id="ATLA-M5">931.456</dst>
            <dst id="ATLAng">19428.2053333333</dst>
            <dst id="CHINng">81954.5893333333</dst>
            <dst id="DNVRng">9388.73333333333</dst>
            <dst id="HSTNng">8650.50133333333</dst>
            <dst id="IPLSng">37134.1706666667</dst>
            <dst id="KSCYng">10389.5253333333</dst>
            <dst id="LOSAng">20967.0853333333</dst>
            <dst id="NYCMng">41938.6506666667</dst>
            <dst id="SNVAng">4032.81866666667</dst>
            <dst id="STTLng">13351.6826666667</dst>
            <dst id="WASHng">45746.48</dst>
        </src>
        <src id="KSCYng">
            <dst id="ATLA-M5">145.205333333333</dst>
            <dst id="ATLAng">5135.65066666667</dst>
            <dst id="CHINng">28765.512</dst>
            <dst id="DNVRng">9959.98666666667</dst>
            <dst id="HSTNng">3575.59733333333</dst>
            <dst id="IPLSng">17840.528</dst>
            <dst id="KSCYng">6349.43733333333</dst>
            <dst id="LOSAng">8861.74666666667</dst>
            <dst id="NYCMng">9283.20533333334</dst>
            <dst id="SNVAng">2447.39466666667</dst>
            <dst id="STTLng">4935.22133333333</dst>
            <dst id="WASHng">16431.6826666667</dst>
        </src>
        <src id="LOSAng">
            <dst id="ATLA-M5">1090.192</dst>
            <dst id="ATLAng">16864.9973333333</dst>
            <dst id="CHINng">72180.176</dst>
            <dst id="DNVRng">12226.472</dst>
            <dst id="HSTNng">15851.68</dst>
            <dst id="IPLSng">62271.7946666666</dst>
            <dst id="KSCYng">8981.976</dst>
            <dst id="LOSAng">21127.9013333333</dst>
            <dst id="NYCMng">63124.4346666667</dst>
            <dst id="SNVAng">6066.55733333333</dst>
            <dst id="STTLng">28481.8586666667</dst>
            <dst id="WASHng">62109.3386666667</dst>
        </src>
        <src id="NYCMng">
            <dst id="ATLA-M5">2887.73066666667</dst>
            <dst id="ATLAng">40184.2053333333</dst>
            <dst id="CHINng">65537.7973333333</dst>
            <dst id="DNVRng">26680.9093333333</dst>
            <dst id="HSTNng">40212.8</dst>
            <dst id="IPLSng">81370.0026666667</dst>
            <dst id="KSCYng">26797.6986666667</dst>
            <dst id="LOSAng">72811.248</dst>
            <dst id="NYCMng">151624.618666667</dst>
            <dst id="SNVAng">11154.3093333333</dst>
            <dst id="STTLng">33625.1146666667</dst>
            <dst id="WASHng">128393.176</dst>
        </src>
        <src id="SNVAng">
            <dst id="ATLA-M5">31.3733333333333</dst>
            <dst id="ATLAng">5424.55733333333</dst>
            <dst id="CHINng">3920.52</dst>
            <dst id="DNVRng">16929.872</dst>
            <dst id="HSTNng">1243.89866666667</dst>
            <dst id="IPLSng">1936.232</dst>
            <dst id="KSCYng">793.128</dst>
            <dst id="LOSAng">3394.40266666667</dst>
            <dst id="NYCMng">3463.67733333333</dst>
            <dst id="SNVAng">687.685333333333</dst>
            <dst id="STTLng">3200.77333333333</dst>
            <dst id="WASHng">3535.464</dst>
        </src>
        <src id="STTLng">
            <dst id="ATLA-M5">184.76</dst>
            <dst id="ATLAng">16535.648</dst>
            <dst id="CHINng">33371.6026666667</dst>
            <dst id="DNVRng">5154.45066666667</dst>
            <dst id="HSTNng">6136.65866666667</dst>
            <dst id="IPLSng">13589.5066666667</dst>
            <dst id="KSCYng">5741.91733333333</dst>
            <dst id="LOSAng">27055.56</dst>
            <dst id="NYCMng">24375.312</dst>
            <dst id="SNVAng">3125.92266666667</dst>
            <dst id="STTLng">6484.08266666667</dst>
            <dst id="WASHng">15794.5226666667</dst>
        </src>
        <src id="WASHng">
            <dst id="ATLA-M5">435.184</dst>
            <dst id="ATLAng">124203.728</dst>
            <dst id="CHINng">96366.7333333333</dst>
            <dst id="DNVRng">37523.4826666667</dst>
            <dst id="HSTNng">23311.2453333333</dst>
            <dst id="IPLSng">71520.0133333333</dst>
            <dst id="KSCYng">26385.48</dst>
            <dst id="LOSAng">71714.28</dst>
            <dst id="NYCMng">201551.946666667</dst>
            <dst id="SNVAng">10684.3786666667</dst>
            <dst id="STTLng">29992.096</dst>
            <dst id="WASHng">184179.24</dst>
        </src>
    </IntraTM>
</TrafficMatrixFile>
