<?xml version="1.0" encoding="ISO-8859-1" standalone="yes"?>
<TrafficMatrixFile xsi:noNamespaceSchemaLocation="http://totem.run.montefiore.ulg.ac.be/Schema/TrafficMatrix-v1_2.xsd" xmlns:xsi="http://www.w3.org/2001/XMLSchema-instance">
    <IntraTM ASID="11537">
        <src id="ATLA-M5">
            <dst id="ATLA-M5">26.6666666666667</dst>
            <dst id="ATLAng">5390.47733333333</dst>
            <dst id="CHINng">3677.816</dst>
            <dst id="DNVRng">203.706666666667</dst>
            <dst id="HSTNng">235.056</dst>
            <dst id="IPLSng">1699.24266666667</dst>
            <dst id="KSCYng">380.712</dst>
            <dst id="LOSAng">1091.06133333333</dst>
            <dst id="NYCMng">1043.304</dst>
            <dst id="SNVAng">119.426666666667</dst>
            <dst id="STTLng">26.6666666666667</dst>
            <dst id="WASHng">3058.712</dst>
        </src>
        <src id="ATLAng">
            <dst id="ATLA-M5">727.909333333333</dst>
            <dst id="ATLAng">46111.7146666667</dst>
            <dst id="CHINng">39567.6826666667</dst>
            <dst id="DNVRng">9034.14133333333</dst>
            <dst id="HSTNng">11410.3733333333</dst>
            <dst id="IPLSng">35076.1653333333</dst>
            <dst id="KSCYng">8705.93333333333</dst>
            <dst id="LOSAng">18092.7946666667</dst>
            <dst id="NYCMng">22383.4186666667</dst>
            <dst id="SNVAng">847.544</dst>
            <dst id="STTLng">8904.16</dst>
            <dst id="WASHng">58674.2106666667</dst>
        </src>
        <src id="CHINng">
            <dst id="ATLA-M5">5377.99466666667</dst>
            <dst id="ATLAng">15719.8106666667</dst>
            <dst id="CHINng">30128.3973333333</dst>
            <dst id="DNVRng">10468.1813333333</dst>
            <dst id="HSTNng">12009.2</dst>
            <dst id="IPLSng">30315.0506666667</dst>
            <dst id="KSCYng">20126.4773333333</dst>
            <dst id="LOSAng">19653.488</dst>
            <dst id="NYCMng">5752.176</dst>
            <dst id="SNVAng">3952.39466666667</dst>
            <dst id="STTLng">7715.26666666667</dst>
            <dst id="WASHng">14972.4213333333</dst>
        </src>
        <src id="DNVRng">
            <dst id="ATLA-M5">179.405333333333</dst>
            <dst id="ATLAng">3360.48</dst>
            <dst id="CHINng">65188.1706666667</dst>
            <dst id="DNVRng">10414.6373333333</dst>
            <dst id="HSTNng">5776.98933333333</dst>
            <dst id="IPLSng">10444.1546666667</dst>
            <dst id="KSCYng">9941.216</dst>
            <dst id="LOSAng">23627.224</dst>
            <dst id="NYCMng">11988.0933333333</dst>
            <dst id="SNVAng">19650.7226666667</dst>
            <dst id="STTLng">13432.7786666667</dst>
            <dst id="WASHng">14383.984</dst>
        </src>
        <src id="HSTNng">
            <dst id="ATLA-M5">2936.00533333333</dst>
            <dst id="ATLAng">6013.136</dst>
            <dst id="CHINng">28885.616</dst>
            <dst id="DNVRng">13832.8266666667</dst>
            <dst id="HSTNng">12035.096</dst>
            <dst id="IPLSng">10308.4133333333</dst>
            <dst id="KSCYng">8538.72266666667</dst>
            <dst id="LOSAng">8827.448</dst>
            <dst id="NYCMng">11016.952</dst>
            <dst id="SNVAng">1136.55733333333</dst>
            <dst id="STTLng">2234.90933333333</dst>
            <dst id="WASHng">9227.696</dst>
        </src>
        <src id="IPLSng">
            <dst id="ATLA-M5">7175.96266666667</dst>
            <dst id="ATLAng">14256.128</dst>
            <dst id="CHINng">83212.992</dst>
            <dst id="DNVRng">12764.0346666667</dst>
            <dst id="HSTNng">5478.62666666667</dst>
            <dst id="IPLSng">36979.6773333333</dst>
            <dst id="KSCYng">16605.928</dst>
            <dst id="LOSAng">59067.976</dst>
            <dst id="NYCMng">36396.0693333333</dst>
            <dst id="SNVAng">7605.51733333333</dst>
            <dst id="STTLng">12482.7253333333</dst>
            <dst id="WASHng">44146.6773333333</dst>
        </src>
        <src id="KSCYng">
            <dst id="ATLA-M5">654.986666666667</dst>
            <dst id="ATLAng">4424.10666666667</dst>
            <dst id="CHINng">29693.48</dst>
            <dst id="DNVRng">12868.1546666667</dst>
            <dst id="HSTNng">3200.512</dst>
            <dst id="IPLSng">16256.464</dst>
            <dst id="KSCYng">8083.61333333333</dst>
            <dst id="LOSAng">7589.11466666667</dst>
            <dst id="NYCMng">7960.664</dst>
            <dst id="SNVAng">845.037333333333</dst>
            <dst id="STTLng">4546.26666666667</dst>
            <dst id="WASHng">22277.1733333333</dst>
        </src>
        <src id="LOSAng">
            <dst id="ATLA-M5">539.512</dst>
            <dst id="ATLAng">21018.7893333333</dst>
            <dst id="CHINng">78797.44</dst>
            <dst id="DNVRng">17364.8986666667</dst>
            <dst id="HSTNng">18853.9493333333</dst>
            <dst id="IPLSng">38803.1306666667</dst>
            <dst id="KSCYng">10311.464</dst>
            <dst id="LOSAng">21588.7306666667</dst>
            <dst id="NYCMng">56993.6346666667</dst>
            <dst id="SNVAng">5697.74666666667</dst>
            <dst id="STTLng">30677.68</dst>
            <dst id="WASHng">58014.8186666667</dst>
        </src>
        <src id="NYCMng">
            <dst id="ATLA-M5">3335.98666666667</dst>
            <dst id="ATLAng">44782.5706666667</dst>
            <dst id="CHINng">68507</dst>
            <dst id="DNVRng">14237.6186666667</dst>
            <dst id="HSTNng">34695.8293333333</dst>
            <dst id="IPLSng">84281.9493333334</dst>
            <dst id="KSCYng">20288.7893333333</dst>
            <dst id="LOSAng">73318.296</dst>
            <dst id="NYCMng">137257.712</dst>
            <dst id="SNVAng">11050.7306666667</dst>
            <dst id="STTLng">27898.2106666667</dst>
            <dst id="WASHng">104390.925333333</dst>
        </src>
        <src id="SNVAng">
            <dst id="ATLA-M5">243.106666666667</dst>
            <dst id="ATLAng">842.442666666667</dst>
            <dst id="CHINng">3763.50666666667</dst>
            <dst id="DNVRng">8641.33866666667</dst>
            <dst id="HSTNng">777.554666666667</dst>
            <dst id="IPLSng">2395.03466666667</dst>
            <dst id="KSCYng">515.944</dst>
            <dst id="LOSAng">10248.2373333333</dst>
            <dst id="NYCMng">6245.392</dst>
            <dst id="SNVAng">398.432</dst>
            <dst id="STTLng">2130.96533333333</dst>
            <dst id="WASHng">1744.46133333333</dst>
        </src>
        <src id="STTLng">
            <dst id="ATLA-M5">82.152</dst>
            <dst id="ATLAng">18951.0026666667</dst>
            <dst id="CHINng">27577.152</dst>
            <dst id="DNVRng">4058.64533333333</dst>
            <dst id="HSTNng">4476.05066666667</dst>
            <dst id="IPLSng">11174.2533333333</dst>
            <dst id="KSCYng">1536.79466666667</dst>
            <dst id="LOSAng">20273.7493333333</dst>
            <dst id="NYCMng">25163.616</dst>
            <dst id="SNVAng">4792.024</dst>
            <dst id="STTLng">4159.02133333333</dst>
            <dst id="WASHng">8475.30933333333</dst>
        </src>
        <src id="WASHng">
            <dst id="ATLA-M5">764.397333333333</dst>
            <dst id="ATLAng">117951.92</dst>
            <dst id="CHINng">101172.058666667</dst>
            <dst id="DNVRng">23091.8666666667</dst>
            <dst id="HSTNng">9745.38933333333</dst>
            <dst id="IPLSng">60315.8186666667</dst>
            <dst id="KSCYng">27656.8266666667</dst>
            <dst id="LOSAng">81597.576</dst>
            <dst id="NYCMng">120330.429333333</dst>
            <dst id="SNVAng">9281.08266666667</dst>
            <dst id="STTLng">27197.744</dst>
            <dst id="WASHng">188196.469333333</dst>
        </src>
    </IntraTM>
</TrafficMatrixFile>
