<?xml version="1.0" encoding="ISO-8859-1" standalone="yes"?>
<TrafficMatrixFile xsi:noNamespaceSchemaLocation="http://totem.run.montefiore.ulg.ac.be/Schema/TrafficMatrix-v1_2.xsd" xmlns:xsi="http://www.w3.org/2001/XMLSchema-instance">
    <IntraTM ASID="11537">
        <src id="ATLA-M5">
            <dst id="ATLA-M5">0</dst>
            <dst id="ATLAng">328.368</dst>
            <dst id="CHINng">1182.89866666667</dst>
            <dst id="DNVRng">1086.69333333333</dst>
            <dst id="HSTNng">287.242666666667</dst>
            <dst id="IPLSng">489.509333333333</dst>
            <dst id="KSCYng">240.162666666667</dst>
            <dst id="LOSAng">441.109333333333</dst>
            <dst id="NYCMng">607.613333333333</dst>
            <dst id="SNVAng">263.816</dst>
            <dst id="STTLng">309.594666666667</dst>
            <dst id="WASHng">2434.688</dst>
        </src>
        <src id="ATLAng">
            <dst id="ATLA-M5">1512.88533333333</dst>
            <dst id="ATLAng">72441.9173333333</dst>
            <dst id="CHINng">16143.064</dst>
            <dst id="DNVRng">6170.27733333333</dst>
            <dst id="HSTNng">5977.328</dst>
            <dst id="IPLSng">21702.3706666667</dst>
            <dst id="KSCYng">3672.46133333333</dst>
            <dst id="LOSAng">16573.5066666667</dst>
            <dst id="NYCMng">13293.9893333333</dst>
            <dst id="SNVAng">5289.15466666667</dst>
            <dst id="STTLng">9785.496</dst>
            <dst id="WASHng">68715.3786666667</dst>
        </src>
        <src id="CHINng">
            <dst id="ATLA-M5">405.829333333333</dst>
            <dst id="ATLAng">12085.7706666667</dst>
            <dst id="CHINng">65427.496</dst>
            <dst id="DNVRng">15460.1573333333</dst>
            <dst id="HSTNng">4691.4</dst>
            <dst id="IPLSng">28428.5813333333</dst>
            <dst id="KSCYng">9582.05333333333</dst>
            <dst id="LOSAng">15853.6693333333</dst>
            <dst id="NYCMng">6009.656</dst>
            <dst id="SNVAng">2939.39466666667</dst>
            <dst id="STTLng">6760.20533333333</dst>
            <dst id="WASHng">19071.1573333333</dst>
        </src>
        <src id="DNVRng">
            <dst id="ATLA-M5">165.538666666667</dst>
            <dst id="ATLAng">6682.74133333333</dst>
            <dst id="CHINng">53298.3306666667</dst>
            <dst id="DNVRng">8894.256</dst>
            <dst id="HSTNng">5343.152</dst>
            <dst id="IPLSng">7906.51466666667</dst>
            <dst id="KSCYng">12199.84</dst>
            <dst id="LOSAng">21609.9413333333</dst>
            <dst id="NYCMng">4417.28</dst>
            <dst id="SNVAng">15497.4826666667</dst>
            <dst id="STTLng">15190.616</dst>
            <dst id="WASHng">12970.2666666667</dst>
        </src>
        <src id="HSTNng">
            <dst id="ATLA-M5">1169.752</dst>
            <dst id="ATLAng">3441.30133333333</dst>
            <dst id="CHINng">24665.8906666667</dst>
            <dst id="DNVRng">3503.504</dst>
            <dst id="HSTNng">5256.048</dst>
            <dst id="IPLSng">9672.51733333333</dst>
            <dst id="KSCYng">3403.608</dst>
            <dst id="LOSAng">103505.341333333</dst>
            <dst id="NYCMng">5305.13866666667</dst>
            <dst id="SNVAng">3255.024</dst>
            <dst id="STTLng">6719.016</dst>
            <dst id="WASHng">5069.62933333333</dst>
        </src>
        <src id="IPLSng">
            <dst id="ATLA-M5">592.301333333333</dst>
            <dst id="ATLAng">7206.42933333333</dst>
            <dst id="CHINng">93202.736</dst>
            <dst id="DNVRng">9925.56266666667</dst>
            <dst id="HSTNng">7440.73866666667</dst>
            <dst id="IPLSng">20144.7173333333</dst>
            <dst id="KSCYng">12156.1466666667</dst>
            <dst id="LOSAng">16777.992</dst>
            <dst id="NYCMng">18357.3893333333</dst>
            <dst id="SNVAng">7174.56533333333</dst>
            <dst id="STTLng">9461.872</dst>
            <dst id="WASHng">31359.6293333333</dst>
        </src>
        <src id="KSCYng">
            <dst id="ATLA-M5">621.114666666667</dst>
            <dst id="ATLAng">2983</dst>
            <dst id="CHINng">38780.0026666667</dst>
            <dst id="DNVRng">9061.62666666667</dst>
            <dst id="HSTNng">3742.904</dst>
            <dst id="IPLSng">10845.6373333333</dst>
            <dst id="KSCYng">5241.78933333333</dst>
            <dst id="LOSAng">9367.31466666667</dst>
            <dst id="NYCMng">11091</dst>
            <dst id="SNVAng">847.656</dst>
            <dst id="STTLng">6125.088</dst>
            <dst id="WASHng">11470.8586666667</dst>
        </src>
        <src id="LOSAng">
            <dst id="ATLA-M5">118.941333333333</dst>
            <dst id="ATLAng">10362</dst>
            <dst id="CHINng">121490.962666667</dst>
            <dst id="DNVRng">8440.00266666667</dst>
            <dst id="HSTNng">8856.76266666667</dst>
            <dst id="IPLSng">43258.3413333333</dst>
            <dst id="KSCYng">11975.152</dst>
            <dst id="LOSAng">22405.544</dst>
            <dst id="NYCMng">52543.9173333333</dst>
            <dst id="SNVAng">5102.24</dst>
            <dst id="STTLng">29772.9333333333</dst>
            <dst id="WASHng">58388.0266666667</dst>
        </src>
        <src id="NYCMng">
            <dst id="ATLA-M5">3250.29333333333</dst>
            <dst id="ATLAng">27837.632</dst>
            <dst id="CHINng">68133.48</dst>
            <dst id="DNVRng">23665.76</dst>
            <dst id="HSTNng">36283.9146666667</dst>
            <dst id="IPLSng">49264.296</dst>
            <dst id="KSCYng">23504.5573333333</dst>
            <dst id="LOSAng">75480.9813333333</dst>
            <dst id="NYCMng">167181.168</dst>
            <dst id="SNVAng">7198.00266666667</dst>
            <dst id="STTLng">26081.1813333333</dst>
            <dst id="WASHng">67799.0426666667</dst>
        </src>
        <src id="SNVAng">
            <dst id="ATLA-M5">26.6666666666667</dst>
            <dst id="ATLAng">655.082666666667</dst>
            <dst id="CHINng">6068.05066666667</dst>
            <dst id="DNVRng">7501.26666666666</dst>
            <dst id="HSTNng">1663.736</dst>
            <dst id="IPLSng">12394.5973333333</dst>
            <dst id="KSCYng">462.557333333333</dst>
            <dst id="LOSAng">11681.1413333333</dst>
            <dst id="NYCMng">2244.69333333333</dst>
            <dst id="SNVAng">1413.85333333333</dst>
            <dst id="STTLng">5521.37333333333</dst>
            <dst id="WASHng">3089.10666666667</dst>
        </src>
        <src id="STTLng">
            <dst id="ATLA-M5">95.5653333333333</dst>
            <dst id="ATLAng">15276.9866666667</dst>
            <dst id="CHINng">63865.64</dst>
            <dst id="DNVRng">6099.76533333333</dst>
            <dst id="HSTNng">1828.65333333333</dst>
            <dst id="IPLSng">6096.21333333333</dst>
            <dst id="KSCYng">3409.50933333333</dst>
            <dst id="LOSAng">20160.136</dst>
            <dst id="NYCMng">16128.28</dst>
            <dst id="SNVAng">3489.54933333333</dst>
            <dst id="STTLng">5538.74933333333</dst>
            <dst id="WASHng">10470.3146666667</dst>
        </src>
        <src id="WASHng">
            <dst id="ATLA-M5">1167.46933333333</dst>
            <dst id="ATLAng">115582.573333333</dst>
            <dst id="CHINng">91074.1546666667</dst>
            <dst id="DNVRng">39567.6453333333</dst>
            <dst id="HSTNng">17629.2186666667</dst>
            <dst id="IPLSng">45205.2533333333</dst>
            <dst id="KSCYng">19596.1706666667</dst>
            <dst id="LOSAng">73416.4773333333</dst>
            <dst id="NYCMng">125985.456</dst>
            <dst id="SNVAng">3942.92266666667</dst>
            <dst id="STTLng">36171.3573333333</dst>
            <dst id="WASHng">356646.453333333</dst>
        </src>
    </IntraTM>
</TrafficMatrixFile>
