<?xml version="1.0" encoding="ISO-8859-1" standalone="yes"?>
<TrafficMatrixFile xsi:noNamespaceSchemaLocation="http://totem.run.montefiore.ulg.ac.be/Schema/TrafficMatrix-v1_2.xsd" xmlns:xsi="http://www.w3.org/2001/XMLSchema-instance">
    <IntraTM ASID="11537">
        <src id="ATLA-M5">
            <dst id="ATLA-M5">0</dst>
            <dst id="ATLAng">614.485333333333</dst>
            <dst id="CHINng">1171.89333333333</dst>
            <dst id="DNVRng">234.312</dst>
            <dst id="HSTNng">523.016</dst>
            <dst id="IPLSng">1197.54666666667</dst>
            <dst id="KSCYng">351.210666666667</dst>
            <dst id="LOSAng">858.008</dst>
            <dst id="NYCMng">807.112</dst>
            <dst id="SNVAng">203.813333333333</dst>
            <dst id="STTLng">119.082666666667</dst>
            <dst id="WASHng">2265.448</dst>
        </src>
        <src id="ATLAng">
            <dst id="ATLA-M5">571.965333333333</dst>
            <dst id="ATLAng">78264.2026666666</dst>
            <dst id="CHINng">31232.2426666667</dst>
            <dst id="DNVRng">7471.06933333333</dst>
            <dst id="HSTNng">3787.032</dst>
            <dst id="IPLSng">30682.6746666667</dst>
            <dst id="KSCYng">6230.30666666667</dst>
            <dst id="LOSAng">19470.248</dst>
            <dst id="NYCMng">27747.3813333333</dst>
            <dst id="SNVAng">1122.592</dst>
            <dst id="STTLng">7893.50666666667</dst>
            <dst id="WASHng">71694.3813333333</dst>
        </src>
        <src id="CHINng">
            <dst id="ATLA-M5">713.952</dst>
            <dst id="ATLAng">17622.016</dst>
            <dst id="CHINng">32701.8693333333</dst>
            <dst id="DNVRng">12102.216</dst>
            <dst id="HSTNng">10550.6746666667</dst>
            <dst id="IPLSng">29185.9733333333</dst>
            <dst id="KSCYng">14786.024</dst>
            <dst id="LOSAng">30786.5226666667</dst>
            <dst id="NYCMng">4901.992</dst>
            <dst id="SNVAng">2911.43466666667</dst>
            <dst id="STTLng">12157.536</dst>
            <dst id="WASHng">11152.3093333333</dst>
        </src>
        <src id="DNVRng">
            <dst id="ATLA-M5">241.76</dst>
            <dst id="ATLAng">5005.86133333333</dst>
            <dst id="CHINng">36702.0986666667</dst>
            <dst id="DNVRng">19419.912</dst>
            <dst id="HSTNng">5354.76266666667</dst>
            <dst id="IPLSng">9686.856</dst>
            <dst id="KSCYng">13128.6906666667</dst>
            <dst id="LOSAng">14113.5813333333</dst>
            <dst id="NYCMng">14359.6453333333</dst>
            <dst id="SNVAng">17721.976</dst>
            <dst id="STTLng">21032.112</dst>
            <dst id="WASHng">13217.1253333333</dst>
        </src>
        <src id="HSTNng">
            <dst id="ATLA-M5">377.141333333333</dst>
            <dst id="ATLAng">4610.616</dst>
            <dst id="CHINng">18619.88</dst>
            <dst id="DNVRng">4654.952</dst>
            <dst id="HSTNng">6325.88</dst>
            <dst id="IPLSng">14088.096</dst>
            <dst id="KSCYng">5457.552</dst>
            <dst id="LOSAng">13054.7093333333</dst>
            <dst id="NYCMng">14301.6933333333</dst>
            <dst id="SNVAng">3673.73866666667</dst>
            <dst id="STTLng">2724.808</dst>
            <dst id="WASHng">14715.8933333333</dst>
        </src>
        <src id="IPLSng">
            <dst id="ATLA-M5">675.704</dst>
            <dst id="ATLAng">17043.5733333333</dst>
            <dst id="CHINng">66604.7813333334</dst>
            <dst id="DNVRng">11042.0053333333</dst>
            <dst id="HSTNng">7564.104</dst>
            <dst id="IPLSng">32112.416</dst>
            <dst id="KSCYng">11283.9946666667</dst>
            <dst id="LOSAng">85567.8613333333</dst>
            <dst id="NYCMng">49065.44</dst>
            <dst id="SNVAng">4670.13333333333</dst>
            <dst id="STTLng">13558.824</dst>
            <dst id="WASHng">49670.3653333333</dst>
        </src>
        <src id="KSCYng">
            <dst id="ATLA-M5">947.333333333334</dst>
            <dst id="ATLAng">3959.58133333333</dst>
            <dst id="CHINng">26867.8346666667</dst>
            <dst id="DNVRng">9965.128</dst>
            <dst id="HSTNng">8244.18933333333</dst>
            <dst id="IPLSng">17296.6453333333</dst>
            <dst id="KSCYng">6524.42133333333</dst>
            <dst id="LOSAng">9248.90933333333</dst>
            <dst id="NYCMng">13298.8586666667</dst>
            <dst id="SNVAng">2520.19733333333</dst>
            <dst id="STTLng">3863.36533333333</dst>
            <dst id="WASHng">14864.7626666667</dst>
        </src>
        <src id="LOSAng">
            <dst id="ATLA-M5">69.464</dst>
            <dst id="ATLAng">16787.768</dst>
            <dst id="CHINng">71007.392</dst>
            <dst id="DNVRng">11505.8533333333</dst>
            <dst id="HSTNng">16892.2293333333</dst>
            <dst id="IPLSng">37797.4</dst>
            <dst id="KSCYng">9503.504</dst>
            <dst id="LOSAng">18448.0586666667</dst>
            <dst id="NYCMng">55392.608</dst>
            <dst id="SNVAng">3803.384</dst>
            <dst id="STTLng">28569.936</dst>
            <dst id="WASHng">59054.3653333333</dst>
        </src>
        <src id="NYCMng">
            <dst id="ATLA-M5">826.930666666667</dst>
            <dst id="ATLAng">41080.36</dst>
            <dst id="CHINng">65535.2533333333</dst>
            <dst id="DNVRng">25556.3253333333</dst>
            <dst id="HSTNng">44131.0266666667</dst>
            <dst id="IPLSng">89519.0026666667</dst>
            <dst id="KSCYng">29522.3866666667</dst>
            <dst id="LOSAng">75814.9733333333</dst>
            <dst id="NYCMng">142585.034666667</dst>
            <dst id="SNVAng">12146.6213333333</dst>
            <dst id="STTLng">34923.392</dst>
            <dst id="WASHng">121200.746666667</dst>
        </src>
        <src id="SNVAng">
            <dst id="ATLA-M5">26.6666666666667</dst>
            <dst id="ATLAng">2884.68533333333</dst>
            <dst id="CHINng">4857.4</dst>
            <dst id="DNVRng">10955.496</dst>
            <dst id="HSTNng">1499.18933333333</dst>
            <dst id="IPLSng">11595.848</dst>
            <dst id="KSCYng">741.354666666667</dst>
            <dst id="LOSAng">2946.45333333333</dst>
            <dst id="NYCMng">2995.54933333333</dst>
            <dst id="SNVAng">852.002666666667</dst>
            <dst id="STTLng">3313.98933333333</dst>
            <dst id="WASHng">2308.84533333333</dst>
        </src>
        <src id="STTLng">
            <dst id="ATLA-M5">165.298666666667</dst>
            <dst id="ATLAng">14897.8693333333</dst>
            <dst id="CHINng">40818.2106666667</dst>
            <dst id="DNVRng">6221.216</dst>
            <dst id="HSTNng">5323.78933333333</dst>
            <dst id="IPLSng">11144.944</dst>
            <dst id="KSCYng">5527.87466666667</dst>
            <dst id="LOSAng">23916.1146666667</dst>
            <dst id="NYCMng">23702.5893333333</dst>
            <dst id="SNVAng">3996.36533333333</dst>
            <dst id="STTLng">4303.88533333333</dst>
            <dst id="WASHng">13561.52</dst>
        </src>
        <src id="WASHng">
            <dst id="ATLA-M5">1516.26133333333</dst>
            <dst id="ATLAng">104010.845333333</dst>
            <dst id="CHINng">100500.074666667</dst>
            <dst id="DNVRng">28560.1653333333</dst>
            <dst id="HSTNng">19912.912</dst>
            <dst id="IPLSng">64974.7626666667</dst>
            <dst id="KSCYng">19431.304</dst>
            <dst id="LOSAng">74854.7413333333</dst>
            <dst id="NYCMng">164483.957333333</dst>
            <dst id="SNVAng">8310.55466666667</dst>
            <dst id="STTLng">26600.304</dst>
            <dst id="WASHng">171799.821333333</dst>
        </src>
    </IntraTM>
</TrafficMatrixFile>
