<?xml version="1.0" encoding="ISO-8859-1" standalone="yes"?>
<TrafficMatrixFile xsi:noNamespaceSchemaLocation="http://totem.run.montefiore.ulg.ac.be/Schema/TrafficMatrix-v1_2.xsd" xmlns:xsi="http://www.w3.org/2001/XMLSchema-instance">
    <IntraTM ASID="11537">
        <src id="ATLA-M5">
            <dst id="ATLA-M5">69.8826666666667</dst>
            <dst id="ATLAng">546.808</dst>
            <dst id="CHINng">1049.64533333333</dst>
            <dst id="DNVRng">190.346666666667</dst>
            <dst id="HSTNng">133.333333333333</dst>
            <dst id="IPLSng">344.274666666667</dst>
            <dst id="KSCYng">403.386666666667</dst>
            <dst id="LOSAng">133.333333333333</dst>
            <dst id="NYCMng">500.261333333333</dst>
            <dst id="SNVAng">0</dst>
            <dst id="STTLng">193.208</dst>
            <dst id="WASHng">3760.32533333333</dst>
        </src>
        <src id="ATLAng">
            <dst id="ATLA-M5">587.589333333333</dst>
            <dst id="ATLAng">30651.9866666667</dst>
            <dst id="CHINng">25586.1653333333</dst>
            <dst id="DNVRng">5126.24266666667</dst>
            <dst id="HSTNng">3405.28266666667</dst>
            <dst id="IPLSng">30609.2453333333</dst>
            <dst id="KSCYng">6328.488</dst>
            <dst id="LOSAng">11342.4426666667</dst>
            <dst id="NYCMng">22042.368</dst>
            <dst id="SNVAng">1421.36</dst>
            <dst id="STTLng">6588.01333333334</dst>
            <dst id="WASHng">97675.088</dst>
        </src>
        <src id="CHINng">
            <dst id="ATLA-M5">211.818666666667</dst>
            <dst id="ATLAng">14118.104</dst>
            <dst id="CHINng">81533.6853333333</dst>
            <dst id="DNVRng">5416.74933333333</dst>
            <dst id="HSTNng">12489.056</dst>
            <dst id="IPLSng">21541.1413333333</dst>
            <dst id="KSCYng">11131.9733333333</dst>
            <dst id="LOSAng">18906.984</dst>
            <dst id="NYCMng">4926.456</dst>
            <dst id="SNVAng">1765.72266666667</dst>
            <dst id="STTLng">5934.656</dst>
            <dst id="WASHng">11281.5493333333</dst>
        </src>
        <src id="DNVRng">
            <dst id="ATLA-M5">155.642666666667</dst>
            <dst id="ATLAng">12048.8053333333</dst>
            <dst id="CHINng">84240.3146666667</dst>
            <dst id="DNVRng">16340.464</dst>
            <dst id="HSTNng">12965.0853333333</dst>
            <dst id="IPLSng">25270.4426666667</dst>
            <dst id="KSCYng">36870.992</dst>
            <dst id="LOSAng">6554.536</dst>
            <dst id="NYCMng">27116.696</dst>
            <dst id="SNVAng">11680.104</dst>
            <dst id="STTLng">10881.8373333333</dst>
            <dst id="WASHng">66868.7946666666</dst>
        </src>
        <src id="HSTNng">
            <dst id="ATLA-M5">549.301333333333</dst>
            <dst id="ATLAng">3384.80266666667</dst>
            <dst id="CHINng">33438.328</dst>
            <dst id="DNVRng">1420.89866666667</dst>
            <dst id="HSTNng">5136.40266666667</dst>
            <dst id="IPLSng">4634.208</dst>
            <dst id="KSCYng">1755.34133333333</dst>
            <dst id="LOSAng">6963.57333333333</dst>
            <dst id="NYCMng">6661.112</dst>
            <dst id="SNVAng">1182.33066666667</dst>
            <dst id="STTLng">3036.69866666667</dst>
            <dst id="WASHng">7012.34666666667</dst>
        </src>
        <src id="IPLSng">
            <dst id="ATLA-M5">240.325333333333</dst>
            <dst id="ATLAng">23062.7786666667</dst>
            <dst id="CHINng">142607.024</dst>
            <dst id="DNVRng">11805.0346666667</dst>
            <dst id="HSTNng">12306.0853333333</dst>
            <dst id="IPLSng">43773.5253333333</dst>
            <dst id="KSCYng">14240.7013333333</dst>
            <dst id="LOSAng">12412.5333333333</dst>
            <dst id="NYCMng">43088.7573333333</dst>
            <dst id="SNVAng">2398.05866666667</dst>
            <dst id="STTLng">8752.64</dst>
            <dst id="WASHng">59633.9813333333</dst>
        </src>
        <src id="KSCYng">
            <dst id="ATLA-M5">447.957333333333</dst>
            <dst id="ATLAng">7706.43466666667</dst>
            <dst id="CHINng">50857.904</dst>
            <dst id="DNVRng">9725.03466666667</dst>
            <dst id="HSTNng">5787.66933333334</dst>
            <dst id="IPLSng">12522.0986666667</dst>
            <dst id="KSCYng">11805.4613333333</dst>
            <dst id="LOSAng">4433.89333333333</dst>
            <dst id="NYCMng">7180.88533333333</dst>
            <dst id="SNVAng">1363.67466666667</dst>
            <dst id="STTLng">2622.53333333333</dst>
            <dst id="WASHng">11912.4773333333</dst>
        </src>
        <src id="LOSAng">
            <dst id="ATLA-M5">549.277333333333</dst>
            <dst id="ATLAng">39313.728</dst>
            <dst id="CHINng">191376</dst>
            <dst id="DNVRng">10931.6933333333</dst>
            <dst id="HSTNng">5759.21333333333</dst>
            <dst id="IPLSng">53774.9546666667</dst>
            <dst id="KSCYng">9993.672</dst>
            <dst id="LOSAng">9300.90666666667</dst>
            <dst id="NYCMng">50829.0906666667</dst>
            <dst id="SNVAng">6789.81066666667</dst>
            <dst id="STTLng">20823.12</dst>
            <dst id="WASHng">65728.4906666667</dst>
        </src>
        <src id="NYCMng">
            <dst id="ATLA-M5">1059.91733333333</dst>
            <dst id="ATLAng">44978.3466666667</dst>
            <dst id="CHINng">58511.2773333333</dst>
            <dst id="DNVRng">27704.84</dst>
            <dst id="HSTNng">21775.4986666667</dst>
            <dst id="IPLSng">91558.2133333334</dst>
            <dst id="KSCYng">22039.696</dst>
            <dst id="LOSAng">45085.3493333333</dst>
            <dst id="NYCMng">171756.573333333</dst>
            <dst id="SNVAng">8856.14666666667</dst>
            <dst id="STTLng">25205.8506666667</dst>
            <dst id="WASHng">90032.592</dst>
        </src>
        <src id="SNVAng">
            <dst id="ATLA-M5">75.3653333333333</dst>
            <dst id="ATLAng">1211.39466666667</dst>
            <dst id="CHINng">8478.21066666667</dst>
            <dst id="DNVRng">3296.896</dst>
            <dst id="HSTNng">383.04</dst>
            <dst id="IPLSng">1370.86933333333</dst>
            <dst id="KSCYng">956.602666666667</dst>
            <dst id="LOSAng">28966.088</dst>
            <dst id="NYCMng">2293.92266666667</dst>
            <dst id="SNVAng">14697.3173333333</dst>
            <dst id="STTLng">58216.8266666667</dst>
            <dst id="WASHng">1159.72</dst>
        </src>
        <src id="STTLng">
            <dst id="ATLA-M5">378.992</dst>
            <dst id="ATLAng">15404.36</dst>
            <dst id="CHINng">84247.296</dst>
            <dst id="DNVRng">3772.904</dst>
            <dst id="HSTNng">2533.912</dst>
            <dst id="IPLSng">18157.16</dst>
            <dst id="KSCYng">5628.176</dst>
            <dst id="LOSAng">16511.7973333333</dst>
            <dst id="NYCMng">26518.9066666667</dst>
            <dst id="SNVAng">4503.672</dst>
            <dst id="STTLng">11554.72</dst>
            <dst id="WASHng">20654.4826666667</dst>
        </src>
        <src id="WASHng">
            <dst id="ATLA-M5">914.928</dst>
            <dst id="ATLAng">110230.28</dst>
            <dst id="CHINng">93457.0186666667</dst>
            <dst id="DNVRng">37585.7413333333</dst>
            <dst id="HSTNng">24263.3173333333</dst>
            <dst id="IPLSng">85960.264</dst>
            <dst id="KSCYng">26780.3493333333</dst>
            <dst id="LOSAng">62628.5546666667</dst>
            <dst id="NYCMng">203815.290666667</dst>
            <dst id="SNVAng">3765.94133333333</dst>
            <dst id="STTLng">24388.2533333333</dst>
            <dst id="WASHng">362122.96</dst>
        </src>
    </IntraTM>
</TrafficMatrixFile>
