<?xml version="1.0" encoding="ISO-8859-1" standalone="yes"?>
<TrafficMatrixFile xsi:noNamespaceSchemaLocation="http://totem.run.montefiore.ulg.ac.be/Schema/TrafficMatrix-v1_2.xsd" xmlns:xsi="http://www.w3.org/2001/XMLSchema-instance">
    <IntraTM ASID="11537">
        <src id="ATLA-M5">
            <dst id="ATLA-M5">0</dst>
            <dst id="ATLAng">320.48</dst>
            <dst id="CHINng">616.949333333333</dst>
            <dst id="DNVRng">314.693333333333</dst>
            <dst id="HSTNng">552.890666666667</dst>
            <dst id="IPLSng">817.754666666667</dst>
            <dst id="KSCYng">173.064</dst>
            <dst id="LOSAng">314.762666666667</dst>
            <dst id="NYCMng">353.882666666667</dst>
            <dst id="SNVAng">350.72</dst>
            <dst id="STTLng">481.058666666667</dst>
            <dst id="WASHng">951.661333333333</dst>
        </src>
        <src id="ATLAng">
            <dst id="ATLA-M5">863.698666666667</dst>
            <dst id="ATLAng">86686.264</dst>
            <dst id="CHINng">17999.136</dst>
            <dst id="DNVRng">4354.26133333333</dst>
            <dst id="HSTNng">11126.9413333333</dst>
            <dst id="IPLSng">36073.0933333333</dst>
            <dst id="KSCYng">6357.28</dst>
            <dst id="LOSAng">16929.3813333333</dst>
            <dst id="NYCMng">17906.5466666667</dst>
            <dst id="SNVAng">3822.592</dst>
            <dst id="STTLng">9039</dst>
            <dst id="WASHng">63052.152</dst>
        </src>
        <src id="CHINng">
            <dst id="ATLA-M5">1108.82933333333</dst>
            <dst id="ATLAng">19829.144</dst>
            <dst id="CHINng">38252.304</dst>
            <dst id="DNVRng">15682.5386666667</dst>
            <dst id="HSTNng">7126.86133333333</dst>
            <dst id="IPLSng">33730.08</dst>
            <dst id="KSCYng">11443.616</dst>
            <dst id="LOSAng">20272.6826666667</dst>
            <dst id="NYCMng">12363.864</dst>
            <dst id="SNVAng">2525.472</dst>
            <dst id="STTLng">5721.768</dst>
            <dst id="WASHng">15755.2506666667</dst>
        </src>
        <src id="DNVRng">
            <dst id="ATLA-M5">208.613333333333</dst>
            <dst id="ATLAng">4714.55733333333</dst>
            <dst id="CHINng">32430.4826666667</dst>
            <dst id="DNVRng">7208.488</dst>
            <dst id="HSTNng">7041.20266666667</dst>
            <dst id="IPLSng">7145.952</dst>
            <dst id="KSCYng">14071.1466666667</dst>
            <dst id="LOSAng">22795.9813333333</dst>
            <dst id="NYCMng">9911.832</dst>
            <dst id="SNVAng">11887.4666666667</dst>
            <dst id="STTLng">13546.608</dst>
            <dst id="WASHng">14605.2346666667</dst>
        </src>
        <src id="HSTNng">
            <dst id="ATLA-M5">222.922666666667</dst>
            <dst id="ATLAng">4428.02933333333</dst>
            <dst id="CHINng">21972.176</dst>
            <dst id="DNVRng">3530.712</dst>
            <dst id="HSTNng">5102.32</dst>
            <dst id="IPLSng">11229.448</dst>
            <dst id="KSCYng">4569.52533333333</dst>
            <dst id="LOSAng">61717.392</dst>
            <dst id="NYCMng">4080.768</dst>
            <dst id="SNVAng">2511.11466666667</dst>
            <dst id="STTLng">5230.01066666667</dst>
            <dst id="WASHng">8544.13866666667</dst>
        </src>
        <src id="IPLSng">
            <dst id="ATLA-M5">935.504</dst>
            <dst id="ATLAng">24786.2266666667</dst>
            <dst id="CHINng">88946.56</dst>
            <dst id="DNVRng">10374.496</dst>
            <dst id="HSTNng">7913.048</dst>
            <dst id="IPLSng">35888.4293333333</dst>
            <dst id="KSCYng">14665.5253333333</dst>
            <dst id="LOSAng">22648.5226666667</dst>
            <dst id="NYCMng">34995.3946666667</dst>
            <dst id="SNVAng">7313.31733333334</dst>
            <dst id="STTLng">14711.8666666667</dst>
            <dst id="WASHng">43857.04</dst>
        </src>
        <src id="KSCYng">
            <dst id="ATLA-M5">350.762666666667</dst>
            <dst id="ATLAng">12050.8453333333</dst>
            <dst id="CHINng">39905.6906666667</dst>
            <dst id="DNVRng">13806.5546666667</dst>
            <dst id="HSTNng">4103.55466666667</dst>
            <dst id="IPLSng">12790.4213333333</dst>
            <dst id="KSCYng">10443.9386666667</dst>
            <dst id="LOSAng">11089.7546666667</dst>
            <dst id="NYCMng">6699.29066666666</dst>
            <dst id="SNVAng">1829.89866666667</dst>
            <dst id="STTLng">3863.87733333333</dst>
            <dst id="WASHng">12252.848</dst>
        </src>
        <src id="LOSAng">
            <dst id="ATLA-M5">132.946666666667</dst>
            <dst id="ATLAng">12348.4613333333</dst>
            <dst id="CHINng">110657.562666667</dst>
            <dst id="DNVRng">17389.4533333333</dst>
            <dst id="HSTNng">11759.5573333333</dst>
            <dst id="IPLSng">45099.8426666667</dst>
            <dst id="KSCYng">11949.8133333333</dst>
            <dst id="LOSAng">15733.3146666667</dst>
            <dst id="NYCMng">50738.72</dst>
            <dst id="SNVAng">2401.95733333333</dst>
            <dst id="STTLng">32719.2533333333</dst>
            <dst id="WASHng">60287.1626666667</dst>
        </src>
        <src id="NYCMng">
            <dst id="ATLA-M5">1773.76266666667</dst>
            <dst id="ATLAng">33393.2</dst>
            <dst id="CHINng">63882.36</dst>
            <dst id="DNVRng">18513.9333333333</dst>
            <dst id="HSTNng">37412.0213333333</dst>
            <dst id="IPLSng">63935.016</dst>
            <dst id="KSCYng">28809.872</dst>
            <dst id="LOSAng">77831.3546666667</dst>
            <dst id="NYCMng">139144.752</dst>
            <dst id="SNVAng">7603.10933333333</dst>
            <dst id="STTLng">21923.4986666667</dst>
            <dst id="WASHng">70605.4746666667</dst>
        </src>
        <src id="SNVAng">
            <dst id="ATLA-M5">326.184</dst>
            <dst id="ATLAng">671.768</dst>
            <dst id="CHINng">6401.62666666667</dst>
            <dst id="DNVRng">7526.99733333333</dst>
            <dst id="HSTNng">1679.656</dst>
            <dst id="IPLSng">13498.3466666667</dst>
            <dst id="KSCYng">1123.46133333333</dst>
            <dst id="LOSAng">1703.52533333333</dst>
            <dst id="NYCMng">4565.76533333333</dst>
            <dst id="SNVAng">765.242666666667</dst>
            <dst id="STTLng">3962.92266666667</dst>
            <dst id="WASHng">2670.304</dst>
        </src>
        <src id="STTLng">
            <dst id="ATLA-M5">199.941333333333</dst>
            <dst id="ATLAng">14678.1573333333</dst>
            <dst id="CHINng">39209.1786666667</dst>
            <dst id="DNVRng">5798.49333333333</dst>
            <dst id="HSTNng">3189.73333333333</dst>
            <dst id="IPLSng">8872.592</dst>
            <dst id="KSCYng">4533.936</dst>
            <dst id="LOSAng">23794.712</dst>
            <dst id="NYCMng">14966.2613333333</dst>
            <dst id="SNVAng">6479.65333333333</dst>
            <dst id="STTLng">5409.672</dst>
            <dst id="WASHng">7920.53066666667</dst>
        </src>
        <src id="WASHng">
            <dst id="ATLA-M5">2319.22133333333</dst>
            <dst id="ATLAng">77325.2533333333</dst>
            <dst id="CHINng">72899.912</dst>
            <dst id="DNVRng">35427.6</dst>
            <dst id="HSTNng">12635.0773333333</dst>
            <dst id="IPLSng">53934.688</dst>
            <dst id="KSCYng">23192.024</dst>
            <dst id="LOSAng">77494.208</dst>
            <dst id="NYCMng">158417.949333333</dst>
            <dst id="SNVAng">4570.01866666667</dst>
            <dst id="STTLng">34122.2826666667</dst>
            <dst id="WASHng">242699.768</dst>
        </src>
    </IntraTM>
</TrafficMatrixFile>
