<?xml version="1.0" encoding="ISO-8859-1" standalone="yes"?>
<TrafficMatrixFile xsi:noNamespaceSchemaLocation="http://totem.run.montefiore.ulg.ac.be/Schema/TrafficMatrix-v1_2.xsd" xmlns:xsi="http://www.w3.org/2001/XMLSchema-instance">
    <IntraTM ASID="11537">
        <src id="ATLA-M5">
            <dst id="ATLA-M5">0</dst>
            <dst id="ATLAng">162.797333333333</dst>
            <dst id="CHINng">201.138666666667</dst>
            <dst id="DNVRng">55.0853333333333</dst>
            <dst id="HSTNng">702.144</dst>
            <dst id="IPLSng">401.874666666667</dst>
            <dst id="KSCYng">148.064</dst>
            <dst id="LOSAng">378.176</dst>
            <dst id="NYCMng">192.125333333333</dst>
            <dst id="SNVAng">213.704</dst>
            <dst id="STTLng">80.896</dst>
            <dst id="WASHng">3752.95466666667</dst>
        </src>
        <src id="ATLAng">
            <dst id="ATLA-M5">1495.096</dst>
            <dst id="ATLAng">43197.7973333333</dst>
            <dst id="CHINng">11704.208</dst>
            <dst id="DNVRng">2860.136</dst>
            <dst id="HSTNng">2316.08533333333</dst>
            <dst id="IPLSng">13617.2613333333</dst>
            <dst id="KSCYng">2036.256</dst>
            <dst id="LOSAng">17865.2186666667</dst>
            <dst id="NYCMng">17974.3146666667</dst>
            <dst id="SNVAng">3991.58933333333</dst>
            <dst id="STTLng">8845.064</dst>
            <dst id="WASHng">126809.144</dst>
        </src>
        <src id="CHINng">
            <dst id="ATLA-M5">1191.05866666667</dst>
            <dst id="ATLAng">11663.92</dst>
            <dst id="CHINng">42475.2133333333</dst>
            <dst id="DNVRng">14037.8853333333</dst>
            <dst id="HSTNng">40696.5546666667</dst>
            <dst id="IPLSng">13720.528</dst>
            <dst id="KSCYng">7565.488</dst>
            <dst id="LOSAng">17120.336</dst>
            <dst id="NYCMng">3905.024</dst>
            <dst id="SNVAng">3528.29866666667</dst>
            <dst id="STTLng">7166.48266666667</dst>
            <dst id="WASHng">6584.43466666667</dst>
        </src>
        <src id="DNVRng">
            <dst id="ATLA-M5">1174.624</dst>
            <dst id="ATLAng">5835.392</dst>
            <dst id="CHINng">52531.9493333333</dst>
            <dst id="DNVRng">2895.504</dst>
            <dst id="HSTNng">4082.42933333333</dst>
            <dst id="IPLSng">9496.66666666667</dst>
            <dst id="KSCYng">4043.92</dst>
            <dst id="LOSAng">3188.248</dst>
            <dst id="NYCMng">6373.76533333333</dst>
            <dst id="SNVAng">7365.488</dst>
            <dst id="STTLng">7006.768</dst>
            <dst id="WASHng">8793.176</dst>
        </src>
        <src id="HSTNng">
            <dst id="ATLA-M5">3717.504</dst>
            <dst id="ATLAng">2253.888</dst>
            <dst id="CHINng">28942.2773333333</dst>
            <dst id="DNVRng">1322.56</dst>
            <dst id="HSTNng">4883.09333333333</dst>
            <dst id="IPLSng">9192.17333333333</dst>
            <dst id="KSCYng">939.509333333334</dst>
            <dst id="LOSAng">16722.4853333333</dst>
            <dst id="NYCMng">6430.69066666667</dst>
            <dst id="SNVAng">1178.30933333333</dst>
            <dst id="STTLng">3188.248</dst>
            <dst id="WASHng">2712.28</dst>
        </src>
        <src id="IPLSng">
            <dst id="ATLA-M5">733.504</dst>
            <dst id="ATLAng">11944.1226666667</dst>
            <dst id="CHINng">107226.485333333</dst>
            <dst id="DNVRng">6072.888</dst>
            <dst id="HSTNng">5755.232</dst>
            <dst id="IPLSng">10958.6773333333</dst>
            <dst id="KSCYng">13262.5386666667</dst>
            <dst id="LOSAng">12500.6773333333</dst>
            <dst id="NYCMng">22792.6346666667</dst>
            <dst id="SNVAng">8199.656</dst>
            <dst id="STTLng">7453.80533333333</dst>
            <dst id="WASHng">26142.5093333333</dst>
        </src>
        <src id="KSCYng">
            <dst id="ATLA-M5">1909.032</dst>
            <dst id="ATLAng">4865.54933333333</dst>
            <dst id="CHINng">36523.0293333333</dst>
            <dst id="DNVRng">2878.65333333333</dst>
            <dst id="HSTNng">6102.6</dst>
            <dst id="IPLSng">13363.96</dst>
            <dst id="KSCYng">2824.30933333333</dst>
            <dst id="LOSAng">5931.12533333333</dst>
            <dst id="NYCMng">7796.672</dst>
            <dst id="SNVAng">445.384</dst>
            <dst id="STTLng">4979.62133333333</dst>
            <dst id="WASHng">12723.9146666667</dst>
        </src>
        <src id="LOSAng">
            <dst id="ATLA-M5">87.9626666666666</dst>
            <dst id="ATLAng">16968.056</dst>
            <dst id="CHINng">137892.962666667</dst>
            <dst id="DNVRng">3719.896</dst>
            <dst id="HSTNng">6230.86666666667</dst>
            <dst id="IPLSng">52362.3333333333</dst>
            <dst id="KSCYng">7126.28533333333</dst>
            <dst id="LOSAng">14691.072</dst>
            <dst id="NYCMng">52997.6133333333</dst>
            <dst id="SNVAng">5309.42666666667</dst>
            <dst id="STTLng">24235.9333333333</dst>
            <dst id="WASHng">47689.8746666667</dst>
        </src>
        <src id="NYCMng">
            <dst id="ATLA-M5">967.186666666667</dst>
            <dst id="ATLAng">35351.6293333333</dst>
            <dst id="CHINng">57261.8186666667</dst>
            <dst id="DNVRng">12942.0533333333</dst>
            <dst id="HSTNng">32974.9573333333</dst>
            <dst id="IPLSng">55165.3146666667</dst>
            <dst id="KSCYng">17849.0133333333</dst>
            <dst id="LOSAng">49216.6106666667</dst>
            <dst id="NYCMng">171827.698666667</dst>
            <dst id="SNVAng">6351.256</dst>
            <dst id="STTLng">21473.696</dst>
            <dst id="WASHng">45805.2213333333</dst>
        </src>
        <src id="SNVAng">
            <dst id="ATLA-M5">34.0533333333333</dst>
            <dst id="ATLAng">498.181333333333</dst>
            <dst id="CHINng">9066.6</dst>
            <dst id="DNVRng">4474.70666666667</dst>
            <dst id="HSTNng">1322.72266666667</dst>
            <dst id="IPLSng">3095.25866666667</dst>
            <dst id="KSCYng">256.765333333333</dst>
            <dst id="LOSAng">6616.152</dst>
            <dst id="NYCMng">3082.46933333333</dst>
            <dst id="SNVAng">231.594666666667</dst>
            <dst id="STTLng">2238.816</dst>
            <dst id="WASHng">916.226666666667</dst>
        </src>
        <src id="STTLng">
            <dst id="ATLA-M5">101.002666666667</dst>
            <dst id="ATLAng">15176.7733333333</dst>
            <dst id="CHINng">74991.9653333333</dst>
            <dst id="DNVRng">2640.63466666667</dst>
            <dst id="HSTNng">2698.264</dst>
            <dst id="IPLSng">9772.09333333333</dst>
            <dst id="KSCYng">2826.968</dst>
            <dst id="LOSAng">19251.2826666667</dst>
            <dst id="NYCMng">21319.144</dst>
            <dst id="SNVAng">2320.44533333333</dst>
            <dst id="STTLng">1846.90133333333</dst>
            <dst id="WASHng">6329.00533333333</dst>
        </src>
        <src id="WASHng">
            <dst id="ATLA-M5">9840.712</dst>
            <dst id="ATLAng">117162.010666667</dst>
            <dst id="CHINng">44414.792</dst>
            <dst id="DNVRng">20277.8133333333</dst>
            <dst id="HSTNng">25831.1066666667</dst>
            <dst id="IPLSng">55858.464</dst>
            <dst id="KSCYng">8760.21066666667</dst>
            <dst id="LOSAng">71023.9546666667</dst>
            <dst id="NYCMng">129815.122666667</dst>
            <dst id="SNVAng">4121.54933333333</dst>
            <dst id="STTLng">34737.24</dst>
            <dst id="WASHng">405392.16</dst>
        </src>
    </IntraTM>
</TrafficMatrixFile>
