<?xml version="1.0" encoding="ISO-8859-1" standalone="yes"?>
<TrafficMatrixFile xsi:noNamespaceSchemaLocation="http://totem.run.montefiore.ulg.ac.be/Schema/TrafficMatrix-v1_2.xsd" xmlns:xsi="http://www.w3.org/2001/XMLSchema-instance">
    <IntraTM ASID="11537">
        <src id="ATLA-M5">
            <dst id="ATLA-M5">122.92</dst>
            <dst id="ATLAng">706.069333333333</dst>
            <dst id="CHINng">1148.13066666667</dst>
            <dst id="DNVRng">169.717333333333</dst>
            <dst id="HSTNng">301.605333333333</dst>
            <dst id="IPLSng">730.704</dst>
            <dst id="KSCYng">255.885333333333</dst>
            <dst id="LOSAng">1166.952</dst>
            <dst id="NYCMng">529.437333333333</dst>
            <dst id="SNVAng">102.933333333333</dst>
            <dst id="STTLng">130.901333333333</dst>
            <dst id="WASHng">3792.96266666667</dst>
        </src>
        <src id="ATLAng">
            <dst id="ATLA-M5">350.397333333333</dst>
            <dst id="ATLAng">33033.952</dst>
            <dst id="CHINng">21052.2853333333</dst>
            <dst id="DNVRng">5146.96533333333</dst>
            <dst id="HSTNng">6262.2</dst>
            <dst id="IPLSng">35367.1946666667</dst>
            <dst id="KSCYng">7500.98133333333</dst>
            <dst id="LOSAng">11478.3013333333</dst>
            <dst id="NYCMng">19326.184</dst>
            <dst id="SNVAng">2128.51466666667</dst>
            <dst id="STTLng">10109.7013333333</dst>
            <dst id="WASHng">86681.8293333333</dst>
        </src>
        <src id="CHINng">
            <dst id="ATLA-M5">219.130666666667</dst>
            <dst id="ATLAng">16587.2853333333</dst>
            <dst id="CHINng">53283.5386666667</dst>
            <dst id="DNVRng">7128.83733333333</dst>
            <dst id="HSTNng">10116.8826666667</dst>
            <dst id="IPLSng">26807.0506666667</dst>
            <dst id="KSCYng">12847.504</dst>
            <dst id="LOSAng">14577.8</dst>
            <dst id="NYCMng">7868.90933333333</dst>
            <dst id="SNVAng">3154.28533333333</dst>
            <dst id="STTLng">5343.92533333333</dst>
            <dst id="WASHng">15087.7733333333</dst>
        </src>
        <src id="DNVRng">
            <dst id="ATLA-M5">795.474666666667</dst>
            <dst id="ATLAng">9489.928</dst>
            <dst id="CHINng">78748.008</dst>
            <dst id="DNVRng">22442.8026666667</dst>
            <dst id="HSTNng">9951.00266666667</dst>
            <dst id="IPLSng">33335.5306666667</dst>
            <dst id="KSCYng">21349.1866666667</dst>
            <dst id="LOSAng">6570.25333333333</dst>
            <dst id="NYCMng">26941.3573333333</dst>
            <dst id="SNVAng">13178.3866666667</dst>
            <dst id="STTLng">20732.2293333333</dst>
            <dst id="WASHng">58443.672</dst>
        </src>
        <src id="HSTNng">
            <dst id="ATLA-M5">3497.90133333333</dst>
            <dst id="ATLAng">5687.69333333333</dst>
            <dst id="CHINng">27027.3066666667</dst>
            <dst id="DNVRng">2906.728</dst>
            <dst id="HSTNng">7969.68</dst>
            <dst id="IPLSng">27120.0826666667</dst>
            <dst id="KSCYng">5423.048</dst>
            <dst id="LOSAng">94001.288</dst>
            <dst id="NYCMng">8139.24</dst>
            <dst id="SNVAng">1635.416</dst>
            <dst id="STTLng">1669.32533333333</dst>
            <dst id="WASHng">8356.60533333333</dst>
        </src>
        <src id="IPLSng">
            <dst id="ATLA-M5">599.496</dst>
            <dst id="ATLAng">19082.5173333333</dst>
            <dst id="CHINng">154047.509333333</dst>
            <dst id="DNVRng">22415.2693333333</dst>
            <dst id="HSTNng">8788.28533333333</dst>
            <dst id="IPLSng">63029.3146666667</dst>
            <dst id="KSCYng">20689.3466666667</dst>
            <dst id="LOSAng">51070.5413333333</dst>
            <dst id="NYCMng">42200.7146666667</dst>
            <dst id="SNVAng">4303.12533333333</dst>
            <dst id="STTLng">8996.824</dst>
            <dst id="WASHng">64898.0026666667</dst>
        </src>
        <src id="KSCYng">
            <dst id="ATLA-M5">510.496</dst>
            <dst id="ATLAng">9078.152</dst>
            <dst id="CHINng">53780.0026666667</dst>
            <dst id="DNVRng">9976.504</dst>
            <dst id="HSTNng">4633.84533333333</dst>
            <dst id="IPLSng">9776.552</dst>
            <dst id="KSCYng">11961.7386666667</dst>
            <dst id="LOSAng">3596.47733333333</dst>
            <dst id="NYCMng">8248.128</dst>
            <dst id="SNVAng">1488.89333333333</dst>
            <dst id="STTLng">4320.88266666667</dst>
            <dst id="WASHng">11226.192</dst>
        </src>
        <src id="LOSAng">
            <dst id="ATLA-M5">907.501333333333</dst>
            <dst id="ATLAng">19586.88</dst>
            <dst id="CHINng">158766.957333333</dst>
            <dst id="DNVRng">11165.3413333333</dst>
            <dst id="HSTNng">18637.152</dst>
            <dst id="IPLSng">65804.9573333333</dst>
            <dst id="KSCYng">9462.11466666667</dst>
            <dst id="LOSAng">10395.248</dst>
            <dst id="NYCMng">54930.328</dst>
            <dst id="SNVAng">8883.87466666667</dst>
            <dst id="STTLng">15891.4826666667</dst>
            <dst id="WASHng">72663.5173333334</dst>
        </src>
        <src id="NYCMng">
            <dst id="ATLA-M5">1001.104</dst>
            <dst id="ATLAng">54109.7706666667</dst>
            <dst id="CHINng">63531.2613333334</dst>
            <dst id="DNVRng">31328.1386666667</dst>
            <dst id="HSTNng">17086.352</dst>
            <dst id="IPLSng">78955.8026666667</dst>
            <dst id="KSCYng">24352.1066666667</dst>
            <dst id="LOSAng">51391.1173333333</dst>
            <dst id="NYCMng">183141.205333333</dst>
            <dst id="SNVAng">9093.74666666667</dst>
            <dst id="STTLng">20721.3786666667</dst>
            <dst id="WASHng">225658.904</dst>
        </src>
        <src id="SNVAng">
            <dst id="ATLA-M5">66.04</dst>
            <dst id="ATLAng">1365.17066666667</dst>
            <dst id="CHINng">7359.29066666667</dst>
            <dst id="DNVRng">12336.4933333333</dst>
            <dst id="HSTNng">424.237333333333</dst>
            <dst id="IPLSng">1711.91733333333</dst>
            <dst id="KSCYng">4959.98133333333</dst>
            <dst id="LOSAng">32633.2533333333</dst>
            <dst id="NYCMng">2548.344</dst>
            <dst id="SNVAng">17462.1386666667</dst>
            <dst id="STTLng">60672.448</dst>
            <dst id="WASHng">1877.94666666667</dst>
        </src>
        <src id="STTLng">
            <dst id="ATLA-M5">493.912</dst>
            <dst id="ATLAng">16690.744</dst>
            <dst id="CHINng">82203.6453333333</dst>
            <dst id="DNVRng">4553.46133333333</dst>
            <dst id="HSTNng">5524.89066666666</dst>
            <dst id="IPLSng">23303.1546666667</dst>
            <dst id="KSCYng">7966.984</dst>
            <dst id="LOSAng">18894.3813333333</dst>
            <dst id="NYCMng">29797.2373333333</dst>
            <dst id="SNVAng">4763.21333333333</dst>
            <dst id="STTLng">11481.648</dst>
            <dst id="WASHng">24425.9866666667</dst>
        </src>
        <src id="WASHng">
            <dst id="ATLA-M5">2814.62933333333</dst>
            <dst id="ATLAng">126024.192</dst>
            <dst id="CHINng">106869.28</dst>
            <dst id="DNVRng">45804.4853333333</dst>
            <dst id="HSTNng">19403.5813333333</dst>
            <dst id="IPLSng">81327.8106666667</dst>
            <dst id="KSCYng">25402.016</dst>
            <dst id="LOSAng">70601.56</dst>
            <dst id="NYCMng">194310.416</dst>
            <dst id="SNVAng">4857.904</dst>
            <dst id="STTLng">25467.512</dst>
            <dst id="WASHng">411415.493333333</dst>
        </src>
    </IntraTM>
</TrafficMatrixFile>
