<?xml version="1.0" encoding="ISO-8859-1" standalone="yes"?>
<TrafficMatrixFile xsi:noNamespaceSchemaLocation="http://totem.run.montefiore.ulg.ac.be/Schema/TrafficMatrix-v1_2.xsd" xmlns:xsi="http://www.w3.org/2001/XMLSchema-instance">
    <IntraTM ASID="11537">
        <src id="ATLA-M5">
            <dst id="ATLA-M5">0</dst>
            <dst id="ATLAng">363.978666666667</dst>
            <dst id="CHINng">441.082666666667</dst>
            <dst id="DNVRng">192.744</dst>
            <dst id="HSTNng">168.234666666667</dst>
            <dst id="IPLSng">392.6</dst>
            <dst id="KSCYng">381.810666666667</dst>
            <dst id="LOSAng">110.557333333333</dst>
            <dst id="NYCMng">666.861333333333</dst>
            <dst id="SNVAng">427.306666666667</dst>
            <dst id="STTLng">283.858666666667</dst>
            <dst id="WASHng">1397</dst>
        </src>
        <src id="ATLAng">
            <dst id="ATLA-M5">392.597333333333</dst>
            <dst id="ATLAng">36308.64</dst>
            <dst id="CHINng">14007.3093333333</dst>
            <dst id="DNVRng">3473.44266666667</dst>
            <dst id="HSTNng">3210.464</dst>
            <dst id="IPLSng">14572.7173333333</dst>
            <dst id="KSCYng">3183.176</dst>
            <dst id="LOSAng">21175.9786666667</dst>
            <dst id="NYCMng">10747.12</dst>
            <dst id="SNVAng">2545.35733333333</dst>
            <dst id="STTLng">8903.13066666667</dst>
            <dst id="WASHng">67066.3466666666</dst>
        </src>
        <src id="CHINng">
            <dst id="ATLA-M5">360.261333333333</dst>
            <dst id="ATLAng">12683.4346666667</dst>
            <dst id="CHINng">43707.7546666667</dst>
            <dst id="DNVRng">16991.552</dst>
            <dst id="HSTNng">4499.544</dst>
            <dst id="IPLSng">24536.104</dst>
            <dst id="KSCYng">9596.80533333334</dst>
            <dst id="LOSAng">17065.768</dst>
            <dst id="NYCMng">5724.416</dst>
            <dst id="SNVAng">2370.17866666667</dst>
            <dst id="STTLng">9046.44</dst>
            <dst id="WASHng">11571.0106666667</dst>
        </src>
        <src id="DNVRng">
            <dst id="ATLA-M5">206.266666666667</dst>
            <dst id="ATLAng">6587.408</dst>
            <dst id="CHINng">41210.712</dst>
            <dst id="DNVRng">7494.176</dst>
            <dst id="HSTNng">6003.848</dst>
            <dst id="IPLSng">10408.8133333333</dst>
            <dst id="KSCYng">16890.2346666667</dst>
            <dst id="LOSAng">14657.3253333333</dst>
            <dst id="NYCMng">7824.78666666667</dst>
            <dst id="SNVAng">14465.3173333333</dst>
            <dst id="STTLng">13202.984</dst>
            <dst id="WASHng">13338.536</dst>
        </src>
        <src id="HSTNng">
            <dst id="ATLA-M5">1544.49333333333</dst>
            <dst id="ATLAng">3348.256</dst>
            <dst id="CHINng">23737.344</dst>
            <dst id="DNVRng">3070.904</dst>
            <dst id="HSTNng">4088.56266666667</dst>
            <dst id="IPLSng">5714.824</dst>
            <dst id="KSCYng">2791.88</dst>
            <dst id="LOSAng">7298.272</dst>
            <dst id="NYCMng">5179.88</dst>
            <dst id="SNVAng">2713.728</dst>
            <dst id="STTLng">4080.04</dst>
            <dst id="WASHng">4746.21066666667</dst>
        </src>
        <src id="IPLSng">
            <dst id="ATLA-M5">6447.73066666667</dst>
            <dst id="ATLAng">6284.38933333334</dst>
            <dst id="CHINng">101916.386666667</dst>
            <dst id="DNVRng">13729.6213333333</dst>
            <dst id="HSTNng">7709.872</dst>
            <dst id="IPLSng">24570.3333333333</dst>
            <dst id="KSCYng">13202.768</dst>
            <dst id="LOSAng">17020.544</dst>
            <dst id="NYCMng">31962.8586666667</dst>
            <dst id="SNVAng">6504.42933333333</dst>
            <dst id="STTLng">16179.256</dst>
            <dst id="WASHng">27947.528</dst>
        </src>
        <src id="KSCYng">
            <dst id="ATLA-M5">391.429333333333</dst>
            <dst id="ATLAng">2594.57333333333</dst>
            <dst id="CHINng">32466.2613333333</dst>
            <dst id="DNVRng">6336.16266666667</dst>
            <dst id="HSTNng">2846.00266666667</dst>
            <dst id="IPLSng">13174.0773333333</dst>
            <dst id="KSCYng">6701.86666666667</dst>
            <dst id="LOSAng">5372.34933333333</dst>
            <dst id="NYCMng">9683.50666666667</dst>
            <dst id="SNVAng">672.445333333333</dst>
            <dst id="STTLng">5427.67466666667</dst>
            <dst id="WASHng">10108.16</dst>
        </src>
        <src id="LOSAng">
            <dst id="ATLA-M5">64.04</dst>
            <dst id="ATLAng">9773.45866666667</dst>
            <dst id="CHINng">130512.506666667</dst>
            <dst id="DNVRng">8044.82933333333</dst>
            <dst id="HSTNng">13768.688</dst>
            <dst id="IPLSng">37889.504</dst>
            <dst id="KSCYng">12131.728</dst>
            <dst id="LOSAng">17704.9973333333</dst>
            <dst id="NYCMng">54430.4186666667</dst>
            <dst id="SNVAng">5829.76266666667</dst>
            <dst id="STTLng">31100.5893333333</dst>
            <dst id="WASHng">55790.4026666667</dst>
        </src>
        <src id="NYCMng">
            <dst id="ATLA-M5">1490.936</dst>
            <dst id="ATLAng">32919.744</dst>
            <dst id="CHINng">65281.0586666667</dst>
            <dst id="DNVRng">20758.3706666667</dst>
            <dst id="HSTNng">35678.336</dst>
            <dst id="IPLSng">42633.2613333333</dst>
            <dst id="KSCYng">19615.744</dst>
            <dst id="LOSAng">61903.7866666667</dst>
            <dst id="NYCMng">148083.424</dst>
            <dst id="SNVAng">10468.0266666667</dst>
            <dst id="STTLng">29556.5306666667</dst>
            <dst id="WASHng">64573.5253333333</dst>
        </src>
        <src id="SNVAng">
            <dst id="ATLA-M5">32.048</dst>
            <dst id="ATLAng">727.768</dst>
            <dst id="CHINng">5860.66666666667</dst>
            <dst id="DNVRng">13972.1333333333</dst>
            <dst id="HSTNng">1270.19733333333</dst>
            <dst id="IPLSng">2239.50666666667</dst>
            <dst id="KSCYng">557.522666666667</dst>
            <dst id="LOSAng">10874.5413333333</dst>
            <dst id="NYCMng">2159.59466666667</dst>
            <dst id="SNVAng">1617.13866666667</dst>
            <dst id="STTLng">5534.38133333333</dst>
            <dst id="WASHng">2353.23733333333</dst>
        </src>
        <src id="STTLng">
            <dst id="ATLA-M5">143.509333333333</dst>
            <dst id="ATLAng">7033.73333333333</dst>
            <dst id="CHINng">72250.312</dst>
            <dst id="DNVRng">4556.92266666667</dst>
            <dst id="HSTNng">2062.49333333333</dst>
            <dst id="IPLSng">4768.11466666667</dst>
            <dst id="KSCYng">3053.33866666667</dst>
            <dst id="LOSAng">19668.792</dst>
            <dst id="NYCMng">21201.016</dst>
            <dst id="SNVAng">4015.76533333333</dst>
            <dst id="STTLng">5570.79733333333</dst>
            <dst id="WASHng">9246.39466666667</dst>
        </src>
        <src id="WASHng">
            <dst id="ATLA-M5">583.013333333333</dst>
            <dst id="ATLAng">99368.216</dst>
            <dst id="CHINng">67293.2053333333</dst>
            <dst id="DNVRng">39426.0506666667</dst>
            <dst id="HSTNng">7355.04</dst>
            <dst id="IPLSng">41279.5386666667</dst>
            <dst id="KSCYng">12661.8106666667</dst>
            <dst id="LOSAng">56894.6053333333</dst>
            <dst id="NYCMng">121493.541333333</dst>
            <dst id="SNVAng">3543.08</dst>
            <dst id="STTLng">30653.7146666667</dst>
            <dst id="WASHng">360947.093333333</dst>
        </src>
    </IntraTM>
</TrafficMatrixFile>
