<?xml version="1.0" encoding="ISO-8859-1" standalone="yes"?>
<TrafficMatrixFile xsi:noNamespaceSchemaLocation="http://totem.run.montefiore.ulg.ac.be/Schema/TrafficMatrix-v1_2.xsd" xmlns:xsi="http://www.w3.org/2001/XMLSchema-instance">
    <IntraTM ASID="11537">
        <src id="ATLA-M5">
            <dst id="ATLA-M5">960.928</dst>
            <dst id="ATLAng">455.954666666667</dst>
            <dst id="CHINng">1722.50133333333</dst>
            <dst id="DNVRng">53.3333333333333</dst>
            <dst id="HSTNng">151.44</dst>
            <dst id="IPLSng">1452.696</dst>
            <dst id="KSCYng">94.4106666666667</dst>
            <dst id="LOSAng">697.264</dst>
            <dst id="NYCMng">801.464</dst>
            <dst id="SNVAng">156.554666666667</dst>
            <dst id="STTLng">180.656</dst>
            <dst id="WASHng">4630.77066666667</dst>
        </src>
        <src id="ATLAng">
            <dst id="ATLA-M5">532.968</dst>
            <dst id="ATLAng">29517.992</dst>
            <dst id="CHINng">24727.648</dst>
            <dst id="DNVRng">5130.23733333333</dst>
            <dst id="HSTNng">15564.4213333333</dst>
            <dst id="IPLSng">23321.568</dst>
            <dst id="KSCYng">5370.37866666667</dst>
            <dst id="LOSAng">11962.8586666667</dst>
            <dst id="NYCMng">21254.1546666667</dst>
            <dst id="SNVAng">1180.4</dst>
            <dst id="STTLng">4360.984</dst>
            <dst id="WASHng">91209.3893333333</dst>
        </src>
        <src id="CHINng">
            <dst id="ATLA-M5">11982.3466666667</dst>
            <dst id="ATLAng">16863.6906666667</dst>
            <dst id="CHINng">57587.2826666667</dst>
            <dst id="DNVRng">9877.64266666666</dst>
            <dst id="HSTNng">12917.2186666667</dst>
            <dst id="IPLSng">24200.0026666667</dst>
            <dst id="KSCYng">9085.42666666667</dst>
            <dst id="LOSAng">22428.432</dst>
            <dst id="NYCMng">4508.17333333333</dst>
            <dst id="SNVAng">2244.336</dst>
            <dst id="STTLng">5012.51466666667</dst>
            <dst id="WASHng">18093.3893333333</dst>
        </src>
        <src id="DNVRng">
            <dst id="ATLA-M5">118.328</dst>
            <dst id="ATLAng">10954.864</dst>
            <dst id="CHINng">77878.312</dst>
            <dst id="DNVRng">22694.9546666667</dst>
            <dst id="HSTNng">12591.9253333333</dst>
            <dst id="IPLSng">29677.8533333333</dst>
            <dst id="KSCYng">23061.8506666667</dst>
            <dst id="LOSAng">7023.46666666667</dst>
            <dst id="NYCMng">28101.144</dst>
            <dst id="SNVAng">13000.456</dst>
            <dst id="STTLng">29809.6933333333</dst>
            <dst id="WASHng">64671.456</dst>
        </src>
        <src id="HSTNng">
            <dst id="ATLA-M5">897.802666666667</dst>
            <dst id="ATLAng">2894.95466666667</dst>
            <dst id="CHINng">37847.3973333333</dst>
            <dst id="DNVRng">1854.544</dst>
            <dst id="HSTNng">5083.53066666667</dst>
            <dst id="IPLSng">8833.94933333333</dst>
            <dst id="KSCYng">4930.528</dst>
            <dst id="LOSAng">187921.290666667</dst>
            <dst id="NYCMng">6471.30133333333</dst>
            <dst id="SNVAng">986.688</dst>
            <dst id="STTLng">1880.91466666667</dst>
            <dst id="WASHng">5580.744</dst>
        </src>
        <src id="IPLSng">
            <dst id="ATLA-M5">411.658666666667</dst>
            <dst id="ATLAng">18467.728</dst>
            <dst id="CHINng">150848.816</dst>
            <dst id="DNVRng">20786.3946666667</dst>
            <dst id="HSTNng">5246.93866666667</dst>
            <dst id="IPLSng">27559.992</dst>
            <dst id="KSCYng">14102.6186666667</dst>
            <dst id="LOSAng">94923.7466666667</dst>
            <dst id="NYCMng">34180.8773333333</dst>
            <dst id="SNVAng">2876.81066666667</dst>
            <dst id="STTLng">9023.54933333333</dst>
            <dst id="WASHng">68507.0533333333</dst>
        </src>
        <src id="KSCYng">
            <dst id="ATLA-M5">354.056</dst>
            <dst id="ATLAng">7155.224</dst>
            <dst id="CHINng">47851.7573333333</dst>
            <dst id="DNVRng">9216.64266666667</dst>
            <dst id="HSTNng">3353.392</dst>
            <dst id="IPLSng">17343.8986666667</dst>
            <dst id="KSCYng">12786.0853333333</dst>
            <dst id="LOSAng">4136.14133333333</dst>
            <dst id="NYCMng">8619.16533333333</dst>
            <dst id="SNVAng">1285.35733333333</dst>
            <dst id="STTLng">2850.50666666667</dst>
            <dst id="WASHng">13529.4453333333</dst>
        </src>
        <src id="LOSAng">
            <dst id="ATLA-M5">588.146666666667</dst>
            <dst id="ATLAng">19807.3573333333</dst>
            <dst id="CHINng">202007.578666667</dst>
            <dst id="DNVRng">11796.0053333333</dst>
            <dst id="HSTNng">13829.1146666667</dst>
            <dst id="IPLSng">48852.0186666667</dst>
            <dst id="KSCYng">10161.6293333333</dst>
            <dst id="LOSAng">12046.944</dst>
            <dst id="NYCMng">61907.04</dst>
            <dst id="SNVAng">7893.912</dst>
            <dst id="STTLng">24522.3253333333</dst>
            <dst id="WASHng">75408.48</dst>
        </src>
        <src id="NYCMng">
            <dst id="ATLA-M5">622.530666666667</dst>
            <dst id="ATLAng">49666.0026666667</dst>
            <dst id="CHINng">61378.7013333333</dst>
            <dst id="DNVRng">27179.8853333333</dst>
            <dst id="HSTNng">18049.136</dst>
            <dst id="IPLSng">79670.2933333333</dst>
            <dst id="KSCYng">19069.2106666667</dst>
            <dst id="LOSAng">59338.832</dst>
            <dst id="NYCMng">188669.157333333</dst>
            <dst id="SNVAng">8221.352</dst>
            <dst id="STTLng">29634.864</dst>
            <dst id="WASHng">94712.1226666667</dst>
        </src>
        <src id="SNVAng">
            <dst id="ATLA-M5">0</dst>
            <dst id="ATLAng">1359.23733333333</dst>
            <dst id="CHINng">7458.98666666667</dst>
            <dst id="DNVRng">3973.272</dst>
            <dst id="HSTNng">454.514666666667</dst>
            <dst id="IPLSng">1411.73866666667</dst>
            <dst id="KSCYng">7113.44266666667</dst>
            <dst id="LOSAng">30758.8266666667</dst>
            <dst id="NYCMng">3588.21066666667</dst>
            <dst id="SNVAng">13542.6613333333</dst>
            <dst id="STTLng">64292.8933333333</dst>
            <dst id="WASHng">1244.01866666667</dst>
        </src>
        <src id="STTLng">
            <dst id="ATLA-M5">548.469333333333</dst>
            <dst id="ATLAng">16325.6986666667</dst>
            <dst id="CHINng">88358.112</dst>
            <dst id="DNVRng">3424.512</dst>
            <dst id="HSTNng">2297.26133333333</dst>
            <dst id="IPLSng">15697.1626666667</dst>
            <dst id="KSCYng">4611.856</dst>
            <dst id="LOSAng">20481.8853333333</dst>
            <dst id="NYCMng">29948.4106666667</dst>
            <dst id="SNVAng">5336.87733333333</dst>
            <dst id="STTLng">12259.1973333333</dst>
            <dst id="WASHng">18583.4213333333</dst>
        </src>
        <src id="WASHng">
            <dst id="ATLA-M5">564.512</dst>
            <dst id="ATLAng">103225.021333333</dst>
            <dst id="CHINng">98929.928</dst>
            <dst id="DNVRng">57497.464</dst>
            <dst id="HSTNng">18772.9546666667</dst>
            <dst id="IPLSng">65816.0746666667</dst>
            <dst id="KSCYng">15288.448</dst>
            <dst id="LOSAng">59584.2053333333</dst>
            <dst id="NYCMng">169762.917333333</dst>
            <dst id="SNVAng">2064.65333333333</dst>
            <dst id="STTLng">25668.792</dst>
            <dst id="WASHng">371838.453333333</dst>
        </src>
    </IntraTM>
</TrafficMatrixFile>
