<?xml version="1.0" encoding="ISO-8859-1" standalone="yes"?>
<TrafficMatrixFile xsi:noNamespaceSchemaLocation="http://totem.run.montefiore.ulg.ac.be/Schema/TrafficMatrix-v1_2.xsd" xmlns:xsi="http://www.w3.org/2001/XMLSchema-instance">
    <IntraTM ASID="11537">
        <src id="ATLA-M5">
            <dst id="ATLA-M5">26.6666666666667</dst>
            <dst id="ATLAng">1657.61333333333</dst>
            <dst id="CHINng">3324.152</dst>
            <dst id="DNVRng">55.1786666666667</dst>
            <dst id="HSTNng">979.112</dst>
            <dst id="IPLSng">1244.34933333333</dst>
            <dst id="KSCYng">674.002666666667</dst>
            <dst id="LOSAng">1229.12266666667</dst>
            <dst id="NYCMng">720.706666666667</dst>
            <dst id="SNVAng">278.877333333333</dst>
            <dst id="STTLng">80</dst>
            <dst id="WASHng">1604.65333333333</dst>
        </src>
        <src id="ATLAng">
            <dst id="ATLA-M5">1181.77333333333</dst>
            <dst id="ATLAng">23131.872</dst>
            <dst id="CHINng">24580.024</dst>
            <dst id="DNVRng">6774.552</dst>
            <dst id="HSTNng">5370.69066666667</dst>
            <dst id="IPLSng">29100.3333333333</dst>
            <dst id="KSCYng">4976.376</dst>
            <dst id="LOSAng">20709.2213333333</dst>
            <dst id="NYCMng">16216.2</dst>
            <dst id="SNVAng">2112.82933333333</dst>
            <dst id="STTLng">7594.05066666667</dst>
            <dst id="WASHng">72398.3093333334</dst>
        </src>
        <src id="CHINng">
            <dst id="ATLA-M5">591.149333333333</dst>
            <dst id="ATLAng">9343.10133333333</dst>
            <dst id="CHINng">42954.6133333333</dst>
            <dst id="DNVRng">14619.7173333333</dst>
            <dst id="HSTNng">27792.2746666667</dst>
            <dst id="IPLSng">27370.5733333333</dst>
            <dst id="KSCYng">12530.7706666667</dst>
            <dst id="LOSAng">36302.1146666667</dst>
            <dst id="NYCMng">10290.456</dst>
            <dst id="SNVAng">3850.98933333333</dst>
            <dst id="STTLng">6273.76533333333</dst>
            <dst id="WASHng">14686.9706666667</dst>
        </src>
        <src id="DNVRng">
            <dst id="ATLA-M5">1657.26933333333</dst>
            <dst id="ATLAng">7311.65333333333</dst>
            <dst id="CHINng">63540.2426666667</dst>
            <dst id="DNVRng">24506.7146666667</dst>
            <dst id="HSTNng">17450.288</dst>
            <dst id="IPLSng">31135.784</dst>
            <dst id="KSCYng">27844.16</dst>
            <dst id="LOSAng">9320.456</dst>
            <dst id="NYCMng">31161.2746666667</dst>
            <dst id="SNVAng">13028.304</dst>
            <dst id="STTLng">15709.6746666667</dst>
            <dst id="WASHng">61117.0613333333</dst>
        </src>
        <src id="HSTNng">
            <dst id="ATLA-M5">3946.97066666667</dst>
            <dst id="ATLAng">6347.06933333333</dst>
            <dst id="CHINng">36969.9173333333</dst>
            <dst id="DNVRng">4818.94933333333</dst>
            <dst id="HSTNng">9983.22666666667</dst>
            <dst id="IPLSng">9883.328</dst>
            <dst id="KSCYng">3590.78933333333</dst>
            <dst id="LOSAng">103565.685333333</dst>
            <dst id="NYCMng">7356.528</dst>
            <dst id="SNVAng">2922.856</dst>
            <dst id="STTLng">2244.98133333333</dst>
            <dst id="WASHng">8639.904</dst>
        </src>
        <src id="IPLSng">
            <dst id="ATLA-M5">3317.22666666667</dst>
            <dst id="ATLAng">18070.568</dst>
            <dst id="CHINng">89969.8133333333</dst>
            <dst id="DNVRng">26486.7626666667</dst>
            <dst id="HSTNng">6369.71466666667</dst>
            <dst id="IPLSng">19694.6506666667</dst>
            <dst id="KSCYng">16726.7546666667</dst>
            <dst id="LOSAng">81556.5146666667</dst>
            <dst id="NYCMng">44108.0133333333</dst>
            <dst id="SNVAng">4029.69866666667</dst>
            <dst id="STTLng">15648.8906666667</dst>
            <dst id="WASHng">46607.0533333333</dst>
        </src>
        <src id="KSCYng">
            <dst id="ATLA-M5">824.989333333333</dst>
            <dst id="ATLAng">5326.22133333333</dst>
            <dst id="CHINng">31546.9546666667</dst>
            <dst id="DNVRng">11464.2826666667</dst>
            <dst id="HSTNng">5656.86933333333</dst>
            <dst id="IPLSng">16362.6613333333</dst>
            <dst id="KSCYng">15426.88</dst>
            <dst id="LOSAng">8097.32533333333</dst>
            <dst id="NYCMng">6201.30666666667</dst>
            <dst id="SNVAng">1824.536</dst>
            <dst id="STTLng">3642.66133333333</dst>
            <dst id="WASHng">14336.1973333333</dst>
        </src>
        <src id="LOSAng">
            <dst id="ATLA-M5">655.445333333333</dst>
            <dst id="ATLAng">27380.016</dst>
            <dst id="CHINng">138314.952</dst>
            <dst id="DNVRng">19454.312</dst>
            <dst id="HSTNng">13701.7866666667</dst>
            <dst id="IPLSng">43194.8133333333</dst>
            <dst id="KSCYng">15080.7733333333</dst>
            <dst id="LOSAng">24529.7706666667</dst>
            <dst id="NYCMng">58961.728</dst>
            <dst id="SNVAng">10763.32</dst>
            <dst id="STTLng">29050.1226666667</dst>
            <dst id="WASHng">66631.9946666667</dst>
        </src>
        <src id="NYCMng">
            <dst id="ATLA-M5">4749.06933333333</dst>
            <dst id="ATLAng">35342.6533333333</dst>
            <dst id="CHINng">62937.5973333333</dst>
            <dst id="DNVRng">40606.6346666667</dst>
            <dst id="HSTNng">35060.48</dst>
            <dst id="IPLSng">68107.496</dst>
            <dst id="KSCYng">30670.1893333333</dst>
            <dst id="LOSAng">86662.3413333333</dst>
            <dst id="NYCMng">112766.394666667</dst>
            <dst id="SNVAng">7384.448</dst>
            <dst id="STTLng">31874.232</dst>
            <dst id="WASHng">150849.610666667</dst>
        </src>
        <src id="SNVAng">
            <dst id="ATLA-M5">280.493333333333</dst>
            <dst id="ATLAng">348.992</dst>
            <dst id="CHINng">6151.56266666667</dst>
            <dst id="DNVRng">12547.1333333333</dst>
            <dst id="HSTNng">991.730666666666</dst>
            <dst id="IPLSng">2898.61333333333</dst>
            <dst id="KSCYng">1001.57333333333</dst>
            <dst id="LOSAng">35369.96</dst>
            <dst id="NYCMng">2736.15733333333</dst>
            <dst id="SNVAng">14468.1093333333</dst>
            <dst id="STTLng">54668.6346666667</dst>
            <dst id="WASHng">1537.43733333333</dst>
        </src>
        <src id="STTLng">
            <dst id="ATLA-M5">67.216</dst>
            <dst id="ATLAng">12417.5626666667</dst>
            <dst id="CHINng">46518.0906666667</dst>
            <dst id="DNVRng">8631.81866666667</dst>
            <dst id="HSTNng">5330.18666666667</dst>
            <dst id="IPLSng">13267.56</dst>
            <dst id="KSCYng">7062.66666666667</dst>
            <dst id="LOSAng">31146.4826666667</dst>
            <dst id="NYCMng">23647.368</dst>
            <dst id="SNVAng">8128.91466666667</dst>
            <dst id="STTLng">27914.7386666667</dst>
            <dst id="WASHng">12083.824</dst>
        </src>
        <src id="WASHng">
            <dst id="ATLA-M5">483.368</dst>
            <dst id="ATLAng">128378.026666667</dst>
            <dst id="CHINng">97855.36</dst>
            <dst id="DNVRng">57960.4213333333</dst>
            <dst id="HSTNng">27125.272</dst>
            <dst id="IPLSng">115908.146666667</dst>
            <dst id="KSCYng">16983.9226666667</dst>
            <dst id="LOSAng">74356.16</dst>
            <dst id="NYCMng">212640.282666667</dst>
            <dst id="SNVAng">18082.1733333333</dst>
            <dst id="STTLng">37138.0453333333</dst>
            <dst id="WASHng">266091.122666667</dst>
        </src>
    </IntraTM>
</TrafficMatrixFile>
