<?xml version="1.0" encoding="ISO-8859-1" standalone="yes"?>
<TrafficMatrixFile xsi:noNamespaceSchemaLocation="http://totem.run.montefiore.ulg.ac.be/Schema/TrafficMatrix-v1_2.xsd" xmlns:xsi="http://www.w3.org/2001/XMLSchema-instance">
    <IntraTM ASID="11537">
        <src id="ATLA-M5">
            <dst id="ATLA-M5">150.058666666667</dst>
            <dst id="ATLAng">1099.96</dst>
            <dst id="CHINng">2887.73066666667</dst>
            <dst id="DNVRng">704.770666666667</dst>
            <dst id="HSTNng">455.16</dst>
            <dst id="IPLSng">739.072</dst>
            <dst id="KSCYng">567.573333333333</dst>
            <dst id="LOSAng">786.074666666667</dst>
            <dst id="NYCMng">492.344</dst>
            <dst id="SNVAng">818.810666666667</dst>
            <dst id="STTLng">193.461333333333</dst>
            <dst id="WASHng">1377.85866666667</dst>
        </src>
        <src id="ATLAng">
            <dst id="ATLA-M5">933.906666666667</dst>
            <dst id="ATLAng">25225.3946666667</dst>
            <dst id="CHINng">28867.6026666667</dst>
            <dst id="DNVRng">6696.13333333333</dst>
            <dst id="HSTNng">8133.00266666667</dst>
            <dst id="IPLSng">27352.5093333333</dst>
            <dst id="KSCYng">6880.29066666667</dst>
            <dst id="LOSAng">25515.08</dst>
            <dst id="NYCMng">22432.44</dst>
            <dst id="SNVAng">2591.84533333333</dst>
            <dst id="STTLng">7069.52533333333</dst>
            <dst id="WASHng">70718.408</dst>
        </src>
        <src id="CHINng">
            <dst id="ATLA-M5">679.266666666667</dst>
            <dst id="ATLAng">9478.78133333333</dst>
            <dst id="CHINng">37790.096</dst>
            <dst id="DNVRng">11678.2853333333</dst>
            <dst id="HSTNng">36968.0026666667</dst>
            <dst id="IPLSng">20244.8773333333</dst>
            <dst id="KSCYng">13005.3013333333</dst>
            <dst id="LOSAng">33446.912</dst>
            <dst id="NYCMng">10106.6773333333</dst>
            <dst id="SNVAng">3971.02666666667</dst>
            <dst id="STTLng">4905.80533333333</dst>
            <dst id="WASHng">11667.2293333333</dst>
        </src>
        <src id="DNVRng">
            <dst id="ATLA-M5">1519.184</dst>
            <dst id="ATLAng">7542.13866666667</dst>
            <dst id="CHINng">59511.536</dst>
            <dst id="DNVRng">8529.95733333333</dst>
            <dst id="HSTNng">13803.5626666667</dst>
            <dst id="IPLSng">29561.5813333333</dst>
            <dst id="KSCYng">15358.6693333333</dst>
            <dst id="LOSAng">9934.99466666667</dst>
            <dst id="NYCMng">22688.8453333333</dst>
            <dst id="SNVAng">8294.80266666667</dst>
            <dst id="STTLng">8003.832</dst>
            <dst id="WASHng">51580.9813333333</dst>
        </src>
        <src id="HSTNng">
            <dst id="ATLA-M5">2573.08266666667</dst>
            <dst id="ATLAng">6947.13066666667</dst>
            <dst id="CHINng">40590.5706666667</dst>
            <dst id="DNVRng">2545.94933333333</dst>
            <dst id="HSTNng">10066.5146666667</dst>
            <dst id="IPLSng">9513.45333333333</dst>
            <dst id="KSCYng">2821.472</dst>
            <dst id="LOSAng">13493.304</dst>
            <dst id="NYCMng">4468.67733333333</dst>
            <dst id="SNVAng">2026.74133333333</dst>
            <dst id="STTLng">2825.872</dst>
            <dst id="WASHng">10165.9573333333</dst>
        </src>
        <src id="IPLSng">
            <dst id="ATLA-M5">3038.992</dst>
            <dst id="ATLAng">18627.512</dst>
            <dst id="CHINng">84118.2906666667</dst>
            <dst id="DNVRng">30460.12</dst>
            <dst id="HSTNng">8087.16266666667</dst>
            <dst id="IPLSng">22112.768</dst>
            <dst id="KSCYng">17156.776</dst>
            <dst id="LOSAng">51959.272</dst>
            <dst id="NYCMng">51522.6773333333</dst>
            <dst id="SNVAng">6331.67733333333</dst>
            <dst id="STTLng">13250.3706666667</dst>
            <dst id="WASHng">43042.696</dst>
        </src>
        <src id="KSCYng">
            <dst id="ATLA-M5">531.293333333333</dst>
            <dst id="ATLAng">6163.42133333333</dst>
            <dst id="CHINng">35226.6293333333</dst>
            <dst id="DNVRng">11588.2773333333</dst>
            <dst id="HSTNng">4909.95466666667</dst>
            <dst id="IPLSng">12273.744</dst>
            <dst id="KSCYng">5724.816</dst>
            <dst id="LOSAng">9693.55733333333</dst>
            <dst id="NYCMng">5638</dst>
            <dst id="SNVAng">2186.08</dst>
            <dst id="STTLng">4842.76</dst>
            <dst id="WASHng">12054.0133333333</dst>
        </src>
        <src id="LOSAng">
            <dst id="ATLA-M5">281.808</dst>
            <dst id="ATLAng">44575.4666666667</dst>
            <dst id="CHINng">125031.986666667</dst>
            <dst id="DNVRng">14610.6586666667</dst>
            <dst id="HSTNng">14080.3253333333</dst>
            <dst id="IPLSng">45664.9333333333</dst>
            <dst id="KSCYng">13709.928</dst>
            <dst id="LOSAng">25277.6106666667</dst>
            <dst id="NYCMng">58741.984</dst>
            <dst id="SNVAng">16468.3013333333</dst>
            <dst id="STTLng">30195.448</dst>
            <dst id="WASHng">67442.8533333333</dst>
        </src>
        <src id="NYCMng">
            <dst id="ATLA-M5">6135.50933333333</dst>
            <dst id="ATLAng">42690.208</dst>
            <dst id="CHINng">64763.7333333333</dst>
            <dst id="DNVRng">45253.1146666667</dst>
            <dst id="HSTNng">36177.752</dst>
            <dst id="IPLSng">68988.6346666667</dst>
            <dst id="KSCYng">26151.736</dst>
            <dst id="LOSAng">91463.7893333333</dst>
            <dst id="NYCMng">113719.352</dst>
            <dst id="SNVAng">9814.42933333333</dst>
            <dst id="STTLng">31294.2853333333</dst>
            <dst id="WASHng">139691.594666667</dst>
        </src>
        <src id="SNVAng">
            <dst id="ATLA-M5">564.802666666667</dst>
            <dst id="ATLAng">980.330666666667</dst>
            <dst id="CHINng">7435.544</dst>
            <dst id="DNVRng">4917.37066666667</dst>
            <dst id="HSTNng">2468.80533333333</dst>
            <dst id="IPLSng">1688.61066666667</dst>
            <dst id="KSCYng">981.216</dst>
            <dst id="LOSAng">35873.6293333333</dst>
            <dst id="NYCMng">2758.08</dst>
            <dst id="SNVAng">15746</dst>
            <dst id="STTLng">61748.1066666667</dst>
            <dst id="WASHng">1643.73333333333</dst>
        </src>
        <src id="STTLng">
            <dst id="ATLA-M5">332.605333333333</dst>
            <dst id="ATLAng">11898.288</dst>
            <dst id="CHINng">52981.448</dst>
            <dst id="DNVRng">6602.05866666667</dst>
            <dst id="HSTNng">3462.13066666667</dst>
            <dst id="IPLSng">12441.1973333333</dst>
            <dst id="KSCYng">7382.02933333333</dst>
            <dst id="LOSAng">29262.7866666667</dst>
            <dst id="NYCMng">23021.248</dst>
            <dst id="SNVAng">4420.728</dst>
            <dst id="STTLng">11842.8773333333</dst>
            <dst id="WASHng">14538.9306666667</dst>
        </src>
        <src id="WASHng">
            <dst id="ATLA-M5">695.546666666667</dst>
            <dst id="ATLAng">81108.5893333333</dst>
            <dst id="CHINng">83324.6906666667</dst>
            <dst id="DNVRng">55024.4213333333</dst>
            <dst id="HSTNng">33111.1973333333</dst>
            <dst id="IPLSng">88754.176</dst>
            <dst id="KSCYng">20828.6213333333</dst>
            <dst id="LOSAng">71483.9466666667</dst>
            <dst id="NYCMng">158538.496</dst>
            <dst id="SNVAng">17192.656</dst>
            <dst id="STTLng">38487.5013333333</dst>
            <dst id="WASHng">228569.664</dst>
        </src>
    </IntraTM>
</TrafficMatrixFile>
