<?xml version="1.0" encoding="ISO-8859-1" standalone="yes"?>
<TrafficMatrixFile xsi:noNamespaceSchemaLocation="http://totem.run.montefiore.ulg.ac.be/Schema/TrafficMatrix-v1_2.xsd" xmlns:xsi="http://www.w3.org/2001/XMLSchema-instance">
    <IntraTM ASID="11537">
        <src id="ATLA-M5">
            <dst id="ATLA-M5">0</dst>
            <dst id="ATLAng">1443.45333333333</dst>
            <dst id="CHINng">2767.79733333333</dst>
            <dst id="DNVRng">588.04</dst>
            <dst id="HSTNng">497.202666666667</dst>
            <dst id="IPLSng">2643.56533333333</dst>
            <dst id="KSCYng">289.216</dst>
            <dst id="LOSAng">966.594666666667</dst>
            <dst id="NYCMng">797.477333333333</dst>
            <dst id="SNVAng">354.184</dst>
            <dst id="STTLng">160</dst>
            <dst id="WASHng">1136.11466666667</dst>
        </src>
        <src id="ATLAng">
            <dst id="ATLA-M5">1252.29866666667</dst>
            <dst id="ATLAng">23911.512</dst>
            <dst id="CHINng">19651.6026666667</dst>
            <dst id="DNVRng">7887.67466666667</dst>
            <dst id="HSTNng">9633.176</dst>
            <dst id="IPLSng">32322.784</dst>
            <dst id="KSCYng">8080.45333333333</dst>
            <dst id="LOSAng">17605.4493333333</dst>
            <dst id="NYCMng">19863.128</dst>
            <dst id="SNVAng">3301.04933333333</dst>
            <dst id="STTLng">8341.344</dst>
            <dst id="WASHng">85124.288</dst>
        </src>
        <src id="CHINng">
            <dst id="ATLA-M5">5252.512</dst>
            <dst id="ATLAng">12022.1893333333</dst>
            <dst id="CHINng">30594.9653333333</dst>
            <dst id="DNVRng">12042.424</dst>
            <dst id="HSTNng">19582.9626666667</dst>
            <dst id="IPLSng">49743.1386666667</dst>
            <dst id="KSCYng">6776.35466666667</dst>
            <dst id="LOSAng">32342.5866666667</dst>
            <dst id="NYCMng">8119.97866666667</dst>
            <dst id="SNVAng">6132.392</dst>
            <dst id="STTLng">12185.6533333333</dst>
            <dst id="WASHng">20272.2986666667</dst>
        </src>
        <src id="DNVRng">
            <dst id="ATLA-M5">226.965333333333</dst>
            <dst id="ATLAng">6511.328</dst>
            <dst id="CHINng">57752.9813333333</dst>
            <dst id="DNVRng">18599.744</dst>
            <dst id="HSTNng">15179.3386666667</dst>
            <dst id="IPLSng">35245.3413333333</dst>
            <dst id="KSCYng">19382.6053333333</dst>
            <dst id="LOSAng">10620.7066666667</dst>
            <dst id="NYCMng">22671.016</dst>
            <dst id="SNVAng">11508.3946666667</dst>
            <dst id="STTLng">15920.3546666667</dst>
            <dst id="WASHng">69705.6293333334</dst>
        </src>
        <src id="HSTNng">
            <dst id="ATLA-M5">507.522666666667</dst>
            <dst id="ATLAng">7107.37866666667</dst>
            <dst id="CHINng">27461.8586666667</dst>
            <dst id="DNVRng">7121.152</dst>
            <dst id="HSTNng">10879.768</dst>
            <dst id="IPLSng">14750.4106666667</dst>
            <dst id="KSCYng">2511.49066666667</dst>
            <dst id="LOSAng">61768.696</dst>
            <dst id="NYCMng">11475.2133333333</dst>
            <dst id="SNVAng">1289.73066666667</dst>
            <dst id="STTLng">4955.45066666667</dst>
            <dst id="WASHng">10648.2053333333</dst>
        </src>
        <src id="IPLSng">
            <dst id="ATLA-M5">1268.25333333333</dst>
            <dst id="ATLAng">22429.2</dst>
            <dst id="CHINng">91984.0293333333</dst>
            <dst id="DNVRng">30580.0986666667</dst>
            <dst id="HSTNng">10466.824</dst>
            <dst id="IPLSng">30476.1546666667</dst>
            <dst id="KSCYng">43554.4266666667</dst>
            <dst id="LOSAng">90005.5813333333</dst>
            <dst id="NYCMng">58470.4933333333</dst>
            <dst id="SNVAng">7276.30933333333</dst>
            <dst id="STTLng">11271.8346666667</dst>
            <dst id="WASHng">72061.8426666667</dst>
        </src>
        <src id="KSCYng">
            <dst id="ATLA-M5">892.413333333333</dst>
            <dst id="ATLAng">7743.176</dst>
            <dst id="CHINng">40162.3946666667</dst>
            <dst id="DNVRng">9427.27733333333</dst>
            <dst id="HSTNng">3820.82666666667</dst>
            <dst id="IPLSng">18376.8826666667</dst>
            <dst id="KSCYng">11949.6346666667</dst>
            <dst id="LOSAng">6601.712</dst>
            <dst id="NYCMng">12081.992</dst>
            <dst id="SNVAng">1689.32533333333</dst>
            <dst id="STTLng">5574.352</dst>
            <dst id="WASHng">13951.592</dst>
        </src>
        <src id="LOSAng">
            <dst id="ATLA-M5">414.338666666667</dst>
            <dst id="ATLAng">35022.88</dst>
            <dst id="CHINng">107625.181333333</dst>
            <dst id="DNVRng">12687.872</dst>
            <dst id="HSTNng">55238.2026666667</dst>
            <dst id="IPLSng">49294.7386666667</dst>
            <dst id="KSCYng">12368.9733333333</dst>
            <dst id="LOSAng">15164.1626666667</dst>
            <dst id="NYCMng">57734.6026666667</dst>
            <dst id="SNVAng">16606.2613333333</dst>
            <dst id="STTLng">36032.5866666667</dst>
            <dst id="WASHng">79606.4906666667</dst>
        </src>
        <src id="NYCMng">
            <dst id="ATLA-M5">4869.80266666667</dst>
            <dst id="ATLAng">50846.1173333333</dst>
            <dst id="CHINng">73966.3626666667</dst>
            <dst id="DNVRng">44589.608</dst>
            <dst id="HSTNng">53279.8666666667</dst>
            <dst id="IPLSng">80256.5546666667</dst>
            <dst id="KSCYng">26039.064</dst>
            <dst id="LOSAng">91289.8373333333</dst>
            <dst id="NYCMng">134041.442666667</dst>
            <dst id="SNVAng">11822.6666666667</dst>
            <dst id="STTLng">35451.8773333333</dst>
            <dst id="WASHng">143265.288</dst>
        </src>
        <src id="SNVAng">
            <dst id="ATLA-M5">320.138666666667</dst>
            <dst id="ATLAng">1513.50666666667</dst>
            <dst id="CHINng">7319.81333333333</dst>
            <dst id="DNVRng">7869.45333333333</dst>
            <dst id="HSTNng">1710.056</dst>
            <dst id="IPLSng">2584.78933333333</dst>
            <dst id="KSCYng">1936.31733333333</dst>
            <dst id="LOSAng">40954.44</dst>
            <dst id="NYCMng">2617.65066666667</dst>
            <dst id="SNVAng">21305.1546666667</dst>
            <dst id="STTLng">68242.6586666667</dst>
            <dst id="WASHng">2218.61066666667</dst>
        </src>
        <src id="STTLng">
            <dst id="ATLA-M5">80.136</dst>
            <dst id="ATLAng">17097.328</dst>
            <dst id="CHINng">53351.3493333333</dst>
            <dst id="DNVRng">4008.49066666667</dst>
            <dst id="HSTNng">4526.61866666667</dst>
            <dst id="IPLSng">17884.9386666667</dst>
            <dst id="KSCYng">4274.74933333333</dst>
            <dst id="LOSAng">40584.3333333333</dst>
            <dst id="NYCMng">25083.1973333333</dst>
            <dst id="SNVAng">8720.064</dst>
            <dst id="STTLng">14937.8346666667</dst>
            <dst id="WASHng">21449.624</dst>
        </src>
        <src id="WASHng">
            <dst id="ATLA-M5">1165.81866666667</dst>
            <dst id="ATLAng">138178.450666667</dst>
            <dst id="CHINng">94741.3066666666</dst>
            <dst id="DNVRng">50516.296</dst>
            <dst id="HSTNng">21696.3866666667</dst>
            <dst id="IPLSng">80319.6586666667</dst>
            <dst id="KSCYng">18676.584</dst>
            <dst id="LOSAng">82518.48</dst>
            <dst id="NYCMng">236874.232</dst>
            <dst id="SNVAng">24179.064</dst>
            <dst id="STTLng">53349.5866666667</dst>
            <dst id="WASHng">236092.928</dst>
        </src>
    </IntraTM>
</TrafficMatrixFile>
