<?xml version="1.0" encoding="ISO-8859-1" standalone="yes"?>
<TrafficMatrixFile xsi:noNamespaceSchemaLocation="http://totem.run.montefiore.ulg.ac.be/Schema/TrafficMatrix-v1_2.xsd" xmlns:xsi="http://www.w3.org/2001/XMLSchema-instance">
    <IntraTM ASID="11537">
        <src id="ATLA-M5">
            <dst id="ATLA-M5">120.202666666667</dst>
            <dst id="ATLAng">1426.44533333333</dst>
            <dst id="CHINng">4642.26666666667</dst>
            <dst id="DNVRng">335.709333333333</dst>
            <dst id="HSTNng">389.344</dst>
            <dst id="IPLSng">1963.392</dst>
            <dst id="KSCYng">361.512</dst>
            <dst id="LOSAng">333.893333333333</dst>
            <dst id="NYCMng">952.322666666667</dst>
            <dst id="SNVAng">345.888</dst>
            <dst id="STTLng">166.112</dst>
            <dst id="WASHng">1826.088</dst>
        </src>
        <src id="ATLAng">
            <dst id="ATLA-M5">784.538666666667</dst>
            <dst id="ATLAng">82810.848</dst>
            <dst id="CHINng">45855.4106666667</dst>
            <dst id="DNVRng">7594.536</dst>
            <dst id="HSTNng">5278.528</dst>
            <dst id="IPLSng">25862.376</dst>
            <dst id="KSCYng">8776.63466666666</dst>
            <dst id="LOSAng">22229.3173333333</dst>
            <dst id="NYCMng">29533.1733333333</dst>
            <dst id="SNVAng">3361.53333333333</dst>
            <dst id="STTLng">8940.02666666667</dst>
            <dst id="WASHng">65375.6906666667</dst>
        </src>
        <src id="CHINng">
            <dst id="ATLA-M5">803.906666666666</dst>
            <dst id="ATLAng">8811.016</dst>
            <dst id="CHINng">38557.8213333333</dst>
            <dst id="DNVRng">9960.97066666667</dst>
            <dst id="HSTNng">22357.2106666667</dst>
            <dst id="IPLSng">23306.6</dst>
            <dst id="KSCYng">17559.376</dst>
            <dst id="LOSAng">36315.608</dst>
            <dst id="NYCMng">7933.232</dst>
            <dst id="SNVAng">3674.61333333333</dst>
            <dst id="STTLng">9434.81866666666</dst>
            <dst id="WASHng">11605.608</dst>
        </src>
        <src id="DNVRng">
            <dst id="ATLA-M5">1163.72</dst>
            <dst id="ATLAng">6279.09066666667</dst>
            <dst id="CHINng">58937.6026666667</dst>
            <dst id="DNVRng">16997.8506666667</dst>
            <dst id="HSTNng">19671.4853333333</dst>
            <dst id="IPLSng">29909.0746666667</dst>
            <dst id="KSCYng">16509.9333333333</dst>
            <dst id="LOSAng">12243.7173333333</dst>
            <dst id="NYCMng">28113.5226666667</dst>
            <dst id="SNVAng">11094.8826666667</dst>
            <dst id="STTLng">16869.9413333333</dst>
            <dst id="WASHng">51893.496</dst>
        </src>
        <src id="HSTNng">
            <dst id="ATLA-M5">785.586666666667</dst>
            <dst id="ATLAng">5714.09066666667</dst>
            <dst id="CHINng">35604.6426666667</dst>
            <dst id="DNVRng">4750.528</dst>
            <dst id="HSTNng">12334.664</dst>
            <dst id="IPLSng">8263.19733333333</dst>
            <dst id="KSCYng">5927.45066666667</dst>
            <dst id="LOSAng">10557.688</dst>
            <dst id="NYCMng">4604.75466666667</dst>
            <dst id="SNVAng">1606.42666666667</dst>
            <dst id="STTLng">2453.56</dst>
            <dst id="WASHng">7841.33066666666</dst>
        </src>
        <src id="IPLSng">
            <dst id="ATLA-M5">2012.01066666667</dst>
            <dst id="ATLAng">22206.9253333333</dst>
            <dst id="CHINng">87713.1386666667</dst>
            <dst id="DNVRng">27478.32</dst>
            <dst id="HSTNng">7824.808</dst>
            <dst id="IPLSng">20786.432</dst>
            <dst id="KSCYng">15629.0826666667</dst>
            <dst id="LOSAng">25925.1146666667</dst>
            <dst id="NYCMng">54040.0186666667</dst>
            <dst id="SNVAng">3480.632</dst>
            <dst id="STTLng">14130.216</dst>
            <dst id="WASHng">43588.248</dst>
        </src>
        <src id="KSCYng">
            <dst id="ATLA-M5">747.234666666667</dst>
            <dst id="ATLAng">5179.79466666667</dst>
            <dst id="CHINng">39508.792</dst>
            <dst id="DNVRng">7082.192</dst>
            <dst id="HSTNng">4962.09066666667</dst>
            <dst id="IPLSng">15169.8666666667</dst>
            <dst id="KSCYng">8452.848</dst>
            <dst id="LOSAng">7092.04</dst>
            <dst id="NYCMng">10004.9866666667</dst>
            <dst id="SNVAng">1261.47733333333</dst>
            <dst id="STTLng">5504.872</dst>
            <dst id="WASHng">12933.2826666667</dst>
        </src>
        <src id="LOSAng">
            <dst id="ATLA-M5">1490.78666666667</dst>
            <dst id="ATLAng">22495.1866666667</dst>
            <dst id="CHINng">119966.296</dst>
            <dst id="DNVRng">18643.176</dst>
            <dst id="HSTNng">8907.21066666666</dst>
            <dst id="IPLSng">43734.2346666667</dst>
            <dst id="KSCYng">15635.0693333333</dst>
            <dst id="LOSAng">30683.0853333333</dst>
            <dst id="NYCMng">66743.048</dst>
            <dst id="SNVAng">27266.7173333333</dst>
            <dst id="STTLng">29168.6133333333</dst>
            <dst id="WASHng">64883.9573333333</dst>
        </src>
        <src id="NYCMng">
            <dst id="ATLA-M5">6739.21333333333</dst>
            <dst id="ATLAng">43027.8186666667</dst>
            <dst id="CHINng">82871.7013333333</dst>
            <dst id="DNVRng">43567.5973333333</dst>
            <dst id="HSTNng">34131.8906666667</dst>
            <dst id="IPLSng">69785.3626666667</dst>
            <dst id="KSCYng">31035.2346666667</dst>
            <dst id="LOSAng">82739.3733333333</dst>
            <dst id="NYCMng">106770.685333333</dst>
            <dst id="SNVAng">8972.16</dst>
            <dst id="STTLng">34776.0133333333</dst>
            <dst id="WASHng">102732.162666667</dst>
        </src>
        <src id="SNVAng">
            <dst id="ATLA-M5">290.138666666667</dst>
            <dst id="ATLAng">503.874666666667</dst>
            <dst id="CHINng">7080.38666666667</dst>
            <dst id="DNVRng">9830.456</dst>
            <dst id="HSTNng">1014.36266666667</dst>
            <dst id="IPLSng">1729.43466666667</dst>
            <dst id="KSCYng">2109.17066666667</dst>
            <dst id="LOSAng">38886.8373333333</dst>
            <dst id="NYCMng">2862.08533333333</dst>
            <dst id="SNVAng">15525.0613333333</dst>
            <dst id="STTLng">69304.9866666667</dst>
            <dst id="WASHng">2799.53066666667</dst>
        </src>
        <src id="STTLng">
            <dst id="ATLA-M5">53.3333333333333</dst>
            <dst id="ATLAng">10511.6186666667</dst>
            <dst id="CHINng">44354.3493333333</dst>
            <dst id="DNVRng">10373.272</dst>
            <dst id="HSTNng">5586.00533333333</dst>
            <dst id="IPLSng">16389.6266666667</dst>
            <dst id="KSCYng">7088.41333333333</dst>
            <dst id="LOSAng">32935.648</dst>
            <dst id="NYCMng">25115.8986666667</dst>
            <dst id="SNVAng">7228.55733333333</dst>
            <dst id="STTLng">16496.6266666667</dst>
            <dst id="WASHng">13878.016</dst>
        </src>
        <src id="WASHng">
            <dst id="ATLA-M5">1728.36533333333</dst>
            <dst id="ATLAng">129547.077333333</dst>
            <dst id="CHINng">103682.096</dst>
            <dst id="DNVRng">54804.9226666667</dst>
            <dst id="HSTNng">16541.7813333333</dst>
            <dst id="IPLSng">87871.208</dst>
            <dst id="KSCYng">24235.7253333333</dst>
            <dst id="LOSAng">59735.7786666667</dst>
            <dst id="NYCMng">162791.741333333</dst>
            <dst id="SNVAng">15901.424</dst>
            <dst id="STTLng">38448.3546666667</dst>
            <dst id="WASHng">220955.44</dst>
        </src>
    </IntraTM>
</TrafficMatrixFile>
