<?xml version="1.0" encoding="ISO-8859-1" standalone="yes"?>
<TrafficMatrixFile xsi:noNamespaceSchemaLocation="http://totem.run.montefiore.ulg.ac.be/Schema/TrafficMatrix-v1_2.xsd" xmlns:xsi="http://www.w3.org/2001/XMLSchema-instance">
    <IntraTM ASID="11537">
        <src id="ATLA-M5">
            <dst id="ATLA-M5">153.114666666667</dst>
            <dst id="ATLAng">418.621333333333</dst>
            <dst id="CHINng">821.517333333333</dst>
            <dst id="DNVRng">172.941333333333</dst>
            <dst id="HSTNng">209.32</dst>
            <dst id="IPLSng">1137.79466666667</dst>
            <dst id="KSCYng">203.733333333333</dst>
            <dst id="LOSAng">140.656</dst>
            <dst id="NYCMng">257.493333333333</dst>
            <dst id="SNVAng">50.1253333333333</dst>
            <dst id="STTLng">499.101333333333</dst>
            <dst id="WASHng">4870.14666666667</dst>
        </src>
        <src id="ATLAng">
            <dst id="ATLA-M5">2097.12533333333</dst>
            <dst id="ATLAng">52724.1813333333</dst>
            <dst id="CHINng">20392.9146666667</dst>
            <dst id="DNVRng">3490.14666666667</dst>
            <dst id="HSTNng">4008.29866666667</dst>
            <dst id="IPLSng">30210.1093333333</dst>
            <dst id="KSCYng">18965.3226666667</dst>
            <dst id="LOSAng">13065.4186666667</dst>
            <dst id="NYCMng">18807.5146666667</dst>
            <dst id="SNVAng">1491.87466666667</dst>
            <dst id="STTLng">7907.29333333333</dst>
            <dst id="WASHng">92006.7173333333</dst>
        </src>
        <src id="CHINng">
            <dst id="ATLA-M5">1390.53066666667</dst>
            <dst id="ATLAng">15226.9333333333</dst>
            <dst id="CHINng">60246.0053333333</dst>
            <dst id="DNVRng">8492.92</dst>
            <dst id="HSTNng">13025.376</dst>
            <dst id="IPLSng">29371.856</dst>
            <dst id="KSCYng">6178.232</dst>
            <dst id="LOSAng">14018.5706666667</dst>
            <dst id="NYCMng">12613.6586666667</dst>
            <dst id="SNVAng">1405.584</dst>
            <dst id="STTLng">5997.28266666667</dst>
            <dst id="WASHng">18636.2426666667</dst>
        </src>
        <src id="DNVRng">
            <dst id="ATLA-M5">139.941333333333</dst>
            <dst id="ATLAng">14247.8906666667</dst>
            <dst id="CHINng">58889.0186666667</dst>
            <dst id="DNVRng">6622.34666666667</dst>
            <dst id="HSTNng">6623.816</dst>
            <dst id="IPLSng">26040.4026666667</dst>
            <dst id="KSCYng">14350.7626666667</dst>
            <dst id="LOSAng">6918.68</dst>
            <dst id="NYCMng">22164.3973333333</dst>
            <dst id="SNVAng">14617.664</dst>
            <dst id="STTLng">11465.4133333333</dst>
            <dst id="WASHng">17126.888</dst>
        </src>
        <src id="HSTNng">
            <dst id="ATLA-M5">1078.776</dst>
            <dst id="ATLAng">6335.05333333333</dst>
            <dst id="CHINng">29272.248</dst>
            <dst id="DNVRng">2623.54133333333</dst>
            <dst id="HSTNng">8559.592</dst>
            <dst id="IPLSng">12838.152</dst>
            <dst id="KSCYng">5981.62666666667</dst>
            <dst id="LOSAng">12047.2186666667</dst>
            <dst id="NYCMng">8854.432</dst>
            <dst id="SNVAng">1642.21333333333</dst>
            <dst id="STTLng">1926.43466666667</dst>
            <dst id="WASHng">15390.7066666667</dst>
        </src>
        <src id="IPLSng">
            <dst id="ATLA-M5">462.522666666667</dst>
            <dst id="ATLAng">19294.68</dst>
            <dst id="CHINng">133892.954666667</dst>
            <dst id="DNVRng">19020.448</dst>
            <dst id="HSTNng">14464.592</dst>
            <dst id="IPLSng">26506.3226666667</dst>
            <dst id="KSCYng">21921.728</dst>
            <dst id="LOSAng">45504.7013333333</dst>
            <dst id="NYCMng">48041.456</dst>
            <dst id="SNVAng">3599.69333333333</dst>
            <dst id="STTLng">13754.7573333333</dst>
            <dst id="WASHng">34735.7066666667</dst>
        </src>
        <src id="KSCYng">
            <dst id="ATLA-M5">432.770666666667</dst>
            <dst id="ATLAng">22644.4293333333</dst>
            <dst id="CHINng">41949.9813333333</dst>
            <dst id="DNVRng">4272.11733333333</dst>
            <dst id="HSTNng">7835.57066666667</dst>
            <dst id="IPLSng">21197.432</dst>
            <dst id="KSCYng">6494.58133333333</dst>
            <dst id="LOSAng">3339.53866666667</dst>
            <dst id="NYCMng">7131.53866666667</dst>
            <dst id="SNVAng">653.533333333333</dst>
            <dst id="STTLng">3382.42933333333</dst>
            <dst id="WASHng">13702.5093333333</dst>
        </src>
        <src id="LOSAng">
            <dst id="ATLA-M5">323.477333333333</dst>
            <dst id="ATLAng">31240.304</dst>
            <dst id="CHINng">152145.616</dst>
            <dst id="DNVRng">6720.784</dst>
            <dst id="HSTNng">14254.6133333333</dst>
            <dst id="IPLSng">45633.8506666667</dst>
            <dst id="KSCYng">11222.5466666667</dst>
            <dst id="LOSAng">12676.792</dst>
            <dst id="NYCMng">61558.4426666667</dst>
            <dst id="SNVAng">5054.64533333333</dst>
            <dst id="STTLng">25628.9866666667</dst>
            <dst id="WASHng">61350.464</dst>
        </src>
        <src id="NYCMng">
            <dst id="ATLA-M5">1765.98133333333</dst>
            <dst id="ATLAng">41734.688</dst>
            <dst id="CHINng">94135.7946666667</dst>
            <dst id="DNVRng">16194.7813333333</dst>
            <dst id="HSTNng">38946.3493333333</dst>
            <dst id="IPLSng">93180.8133333333</dst>
            <dst id="KSCYng">25142.8346666667</dst>
            <dst id="LOSAng">54547.9386666667</dst>
            <dst id="NYCMng">187211.144</dst>
            <dst id="SNVAng">7452.85066666667</dst>
            <dst id="STTLng">23193.5786666667</dst>
            <dst id="WASHng">105803.861333333</dst>
        </src>
        <src id="SNVAng">
            <dst id="ATLA-M5">0</dst>
            <dst id="ATLAng">833.213333333333</dst>
            <dst id="CHINng">8736.26933333333</dst>
            <dst id="DNVRng">6674.944</dst>
            <dst id="HSTNng">2218.43466666667</dst>
            <dst id="IPLSng">3317.43466666667</dst>
            <dst id="KSCYng">818.437333333333</dst>
            <dst id="LOSAng">14946.92</dst>
            <dst id="NYCMng">6042.02133333333</dst>
            <dst id="SNVAng">936.781333333333</dst>
            <dst id="STTLng">1759.704</dst>
            <dst id="WASHng">3661.58133333333</dst>
        </src>
        <src id="STTLng">
            <dst id="ATLA-M5">365.874666666667</dst>
            <dst id="ATLAng">22156.344</dst>
            <dst id="CHINng">92328.888</dst>
            <dst id="DNVRng">6700.85866666667</dst>
            <dst id="HSTNng">4063.152</dst>
            <dst id="IPLSng">19352.8293333333</dst>
            <dst id="KSCYng">5192.52266666667</dst>
            <dst id="LOSAng">18085.0666666667</dst>
            <dst id="NYCMng">25512.7493333333</dst>
            <dst id="SNVAng">7092.69866666667</dst>
            <dst id="STTLng">6788.34666666667</dst>
            <dst id="WASHng">15607.088</dst>
        </src>
        <src id="WASHng">
            <dst id="ATLA-M5">1099.144</dst>
            <dst id="ATLAng">107412.8</dst>
            <dst id="CHINng">100964.258666667</dst>
            <dst id="DNVRng">42060.0746666667</dst>
            <dst id="HSTNng">25693.6666666667</dst>
            <dst id="IPLSng">67886.5173333333</dst>
            <dst id="KSCYng">19464.7413333333</dst>
            <dst id="LOSAng">50310.5333333333</dst>
            <dst id="NYCMng">168395.066666667</dst>
            <dst id="SNVAng">13537.1573333333</dst>
            <dst id="STTLng">24821.3626666667</dst>
            <dst id="WASHng">378255.2</dst>
        </src>
    </IntraTM>
</TrafficMatrixFile>
