<?xml version="1.0" encoding="ISO-8859-1" standalone="yes"?>
<TrafficMatrixFile xsi:noNamespaceSchemaLocation="http://totem.run.montefiore.ulg.ac.be/Schema/TrafficMatrix-v1_2.xsd" xmlns:xsi="http://www.w3.org/2001/XMLSchema-instance">
    <IntraTM ASID="11537">
        <src id="ATLA-M5">
            <dst id="ATLA-M5">26.6666666666667</dst>
            <dst id="ATLAng">372.325333333333</dst>
            <dst id="CHINng">934.653333333333</dst>
            <dst id="DNVRng">26.6666666666667</dst>
            <dst id="HSTNng">348.968</dst>
            <dst id="IPLSng">272.978666666667</dst>
            <dst id="KSCYng">146.984</dst>
            <dst id="LOSAng">288.712</dst>
            <dst id="NYCMng">186.666666666667</dst>
            <dst id="SNVAng">435.397333333333</dst>
            <dst id="STTLng">206.144</dst>
            <dst id="WASHng">3653.88533333333</dst>
        </src>
        <src id="ATLAng">
            <dst id="ATLA-M5">104.128</dst>
            <dst id="ATLAng">26127.768</dst>
            <dst id="CHINng">15420.3866666667</dst>
            <dst id="DNVRng">4522.672</dst>
            <dst id="HSTNng">2611.93333333333</dst>
            <dst id="IPLSng">22489.784</dst>
            <dst id="KSCYng">3652.34666666667</dst>
            <dst id="LOSAng">14805.4586666667</dst>
            <dst id="NYCMng">12418.88</dst>
            <dst id="SNVAng">905.989333333333</dst>
            <dst id="STTLng">4052.176</dst>
            <dst id="WASHng">92697.136</dst>
        </src>
        <src id="CHINng">
            <dst id="ATLA-M5">121.328</dst>
            <dst id="ATLAng">11845.96</dst>
            <dst id="CHINng">51585.384</dst>
            <dst id="DNVRng">5429.10133333333</dst>
            <dst id="HSTNng">6678.58666666667</dst>
            <dst id="IPLSng">24167.2186666667</dst>
            <dst id="KSCYng">4080.16266666667</dst>
            <dst id="LOSAng">22130.616</dst>
            <dst id="NYCMng">8058.30933333333</dst>
            <dst id="SNVAng">2605.87466666667</dst>
            <dst id="STTLng">10659.0453333333</dst>
            <dst id="WASHng">9842.88533333334</dst>
        </src>
        <src id="DNVRng">
            <dst id="ATLA-M5">148.106666666667</dst>
            <dst id="ATLAng">10273.8186666667</dst>
            <dst id="CHINng">66843.472</dst>
            <dst id="DNVRng">25503.1706666667</dst>
            <dst id="HSTNng">11075.136</dst>
            <dst id="IPLSng">27755.1386666667</dst>
            <dst id="KSCYng">21180.048</dst>
            <dst id="LOSAng">4549.92266666667</dst>
            <dst id="NYCMng">24162.12</dst>
            <dst id="SNVAng">11840.1573333333</dst>
            <dst id="STTLng">24207.3733333333</dst>
            <dst id="WASHng">57146.5386666667</dst>
        </src>
        <src id="HSTNng">
            <dst id="ATLA-M5">2742.02933333333</dst>
            <dst id="ATLAng">4633.216</dst>
            <dst id="CHINng">40326.8773333333</dst>
            <dst id="DNVRng">4426.50133333333</dst>
            <dst id="HSTNng">3136.328</dst>
            <dst id="IPLSng">6928.48</dst>
            <dst id="KSCYng">2687.39733333333</dst>
            <dst id="LOSAng">7862.48</dst>
            <dst id="NYCMng">10946.6453333333</dst>
            <dst id="SNVAng">544.6</dst>
            <dst id="STTLng">1486.448</dst>
            <dst id="WASHng">5173.89333333333</dst>
        </src>
        <src id="IPLSng">
            <dst id="ATLA-M5">87.0426666666666</dst>
            <dst id="ATLAng">26510.4613333333</dst>
            <dst id="CHINng">123934.701333333</dst>
            <dst id="DNVRng">18942.6426666667</dst>
            <dst id="HSTNng">3248.36</dst>
            <dst id="IPLSng">31726.376</dst>
            <dst id="KSCYng">10571.4613333333</dst>
            <dst id="LOSAng">84961.6693333333</dst>
            <dst id="NYCMng">34099.7226666667</dst>
            <dst id="SNVAng">4522.45866666667</dst>
            <dst id="STTLng">8613.69333333333</dst>
            <dst id="WASHng">52466.9466666667</dst>
        </src>
        <src id="KSCYng">
            <dst id="ATLA-M5">26.6666666666667</dst>
            <dst id="ATLAng">5451.65066666667</dst>
            <dst id="CHINng">50232.7653333333</dst>
            <dst id="DNVRng">9307.65866666667</dst>
            <dst id="HSTNng">3210.21066666667</dst>
            <dst id="IPLSng">17799.904</dst>
            <dst id="KSCYng">5835.224</dst>
            <dst id="LOSAng">4595.78666666667</dst>
            <dst id="NYCMng">5048.16266666667</dst>
            <dst id="SNVAng">1757.00266666667</dst>
            <dst id="STTLng">4868.77066666667</dst>
            <dst id="WASHng">10665.3306666667</dst>
        </src>
        <src id="LOSAng">
            <dst id="ATLA-M5">426.426666666667</dst>
            <dst id="ATLAng">14588.28</dst>
            <dst id="CHINng">151172.808</dst>
            <dst id="DNVRng">12362.6426666667</dst>
            <dst id="HSTNng">3969.808</dst>
            <dst id="IPLSng">34004.896</dst>
            <dst id="KSCYng">4695.13066666667</dst>
            <dst id="LOSAng">16551.4213333333</dst>
            <dst id="NYCMng">52182.6533333333</dst>
            <dst id="SNVAng">11698.4</dst>
            <dst id="STTLng">17723.384</dst>
            <dst id="WASHng">80550.2426666667</dst>
        </src>
        <src id="NYCMng">
            <dst id="ATLA-M5">289.4</dst>
            <dst id="ATLAng">41851.5306666667</dst>
            <dst id="CHINng">70735.3786666667</dst>
            <dst id="DNVRng">25864.232</dst>
            <dst id="HSTNng">15716.3653333333</dst>
            <dst id="IPLSng">66449.976</dst>
            <dst id="KSCYng">13405.208</dst>
            <dst id="LOSAng">60130.2053333333</dst>
            <dst id="NYCMng">148882.824</dst>
            <dst id="SNVAng">10641.0506666667</dst>
            <dst id="STTLng">20484.6133333333</dst>
            <dst id="WASHng">76187.6</dst>
        </src>
        <src id="SNVAng">
            <dst id="ATLA-M5">26.6666666666667</dst>
            <dst id="ATLAng">560.149333333333</dst>
            <dst id="CHINng">7079.42933333333</dst>
            <dst id="DNVRng">3912.88533333333</dst>
            <dst id="HSTNng">261.101333333333</dst>
            <dst id="IPLSng">1939.63733333333</dst>
            <dst id="KSCYng">767.378666666667</dst>
            <dst id="LOSAng">33722.216</dst>
            <dst id="NYCMng">3764.32</dst>
            <dst id="SNVAng">15606.072</dst>
            <dst id="STTLng">67004.9973333333</dst>
            <dst id="WASHng">1075.02133333333</dst>
        </src>
        <src id="STTLng">
            <dst id="ATLA-M5">200.898666666667</dst>
            <dst id="ATLAng">7969.848</dst>
            <dst id="CHINng">81285.4026666667</dst>
            <dst id="DNVRng">3049.47733333333</dst>
            <dst id="HSTNng">1441.48266666667</dst>
            <dst id="IPLSng">7147.176</dst>
            <dst id="KSCYng">3084.12266666667</dst>
            <dst id="LOSAng">21503.648</dst>
            <dst id="NYCMng">19469.0186666667</dst>
            <dst id="SNVAng">5571.936</dst>
            <dst id="STTLng">12428.056</dst>
            <dst id="WASHng">9888.6</dst>
        </src>
        <src id="WASHng">
            <dst id="ATLA-M5">106.666666666667</dst>
            <dst id="ATLAng">107500.594666667</dst>
            <dst id="CHINng">78545.4986666667</dst>
            <dst id="DNVRng">51608.5893333334</dst>
            <dst id="HSTNng">13652.7306666667</dst>
            <dst id="IPLSng">56106.2213333333</dst>
            <dst id="KSCYng">9023.256</dst>
            <dst id="LOSAng">61062.2773333333</dst>
            <dst id="NYCMng">176387.421333333</dst>
            <dst id="SNVAng">6682.224</dst>
            <dst id="STTLng">33409.6933333333</dst>
            <dst id="WASHng">360938.773333333</dst>
        </src>
    </IntraTM>
</TrafficMatrixFile>
