<?xml version="1.0" encoding="ISO-8859-1" standalone="yes"?>
<TrafficMatrixFile xsi:noNamespaceSchemaLocation="http://totem.run.montefiore.ulg.ac.be/Schema/TrafficMatrix-v1_2.xsd" xmlns:xsi="http://www.w3.org/2001/XMLSchema-instance">
    <IntraTM ASID="11537">
        <src id="ATLA-M5">
            <dst id="ATLA-M5">143.986666666667</dst>
            <dst id="ATLAng">254.936</dst>
            <dst id="CHINng">2459.072</dst>
            <dst id="DNVRng">735.549333333333</dst>
            <dst id="HSTNng">315.888</dst>
            <dst id="IPLSng">910.149333333333</dst>
            <dst id="KSCYng">416.749333333333</dst>
            <dst id="LOSAng">657.645333333333</dst>
            <dst id="NYCMng">1338.27466666667</dst>
            <dst id="SNVAng">222.176</dst>
            <dst id="STTLng">135.042666666667</dst>
            <dst id="WASHng">8684.97066666667</dst>
        </src>
        <src id="ATLAng">
            <dst id="ATLA-M5">1082.992</dst>
            <dst id="ATLAng">22135.6266666667</dst>
            <dst id="CHINng">51325.0426666667</dst>
            <dst id="DNVRng">18968.6053333333</dst>
            <dst id="HSTNng">4299.48266666667</dst>
            <dst id="IPLSng">30948.512</dst>
            <dst id="KSCYng">17330.4373333333</dst>
            <dst id="LOSAng">25810.1386666667</dst>
            <dst id="NYCMng">24134.8</dst>
            <dst id="SNVAng">2974.03733333333</dst>
            <dst id="STTLng">8506.34666666667</dst>
            <dst id="WASHng">99434.9146666667</dst>
        </src>
        <src id="CHINng">
            <dst id="ATLA-M5">3318.73066666667</dst>
            <dst id="ATLAng">18516.9306666667</dst>
            <dst id="CHINng">64078.8906666667</dst>
            <dst id="DNVRng">14953.696</dst>
            <dst id="HSTNng">23446</dst>
            <dst id="IPLSng">35183.7866666667</dst>
            <dst id="KSCYng">18233.6133333333</dst>
            <dst id="LOSAng">23744.9013333333</dst>
            <dst id="NYCMng">8884.83733333333</dst>
            <dst id="SNVAng">6168.11466666667</dst>
            <dst id="STTLng">16347.5813333333</dst>
            <dst id="WASHng">24519.4266666667</dst>
        </src>
        <src id="DNVRng">
            <dst id="ATLA-M5">3259.93866666667</dst>
            <dst id="ATLAng">10784.2106666667</dst>
            <dst id="CHINng">71094.8986666666</dst>
            <dst id="DNVRng">20655.4693333333</dst>
            <dst id="HSTNng">14241.1253333333</dst>
            <dst id="IPLSng">30166.4666666667</dst>
            <dst id="KSCYng">18719.5013333333</dst>
            <dst id="LOSAng">11062.6346666667</dst>
            <dst id="NYCMng">31819.4773333333</dst>
            <dst id="SNVAng">13504.096</dst>
            <dst id="STTLng">12717.3146666667</dst>
            <dst id="WASHng">64227.2213333333</dst>
        </src>
        <src id="HSTNng">
            <dst id="ATLA-M5">2527.24</dst>
            <dst id="ATLAng">4519.18933333333</dst>
            <dst id="CHINng">30632.8053333333</dst>
            <dst id="DNVRng">6994.91733333333</dst>
            <dst id="HSTNng">10022.488</dst>
            <dst id="IPLSng">11402.2133333333</dst>
            <dst id="KSCYng">3755.45866666667</dst>
            <dst id="LOSAng">8635.49866666667</dst>
            <dst id="NYCMng">12275.7146666667</dst>
            <dst id="SNVAng">3120.86133333333</dst>
            <dst id="STTLng">3465.99466666667</dst>
            <dst id="WASHng">18039.4773333333</dst>
        </src>
        <src id="IPLSng">
            <dst id="ATLA-M5">1247.24266666667</dst>
            <dst id="ATLAng">41598.1226666667</dst>
            <dst id="CHINng">151937.533333333</dst>
            <dst id="DNVRng">50596.6906666666</dst>
            <dst id="HSTNng">12506.992</dst>
            <dst id="IPLSng">45146.5493333333</dst>
            <dst id="KSCYng">26817.88</dst>
            <dst id="LOSAng">41006.9973333333</dst>
            <dst id="NYCMng">91520.528</dst>
            <dst id="SNVAng">12285.008</dst>
            <dst id="STTLng">17284.1813333333</dst>
            <dst id="WASHng">65619.44</dst>
        </src>
        <src id="KSCYng">
            <dst id="ATLA-M5">462.229333333333</dst>
            <dst id="ATLAng">17973.04</dst>
            <dst id="CHINng">39546.08</dst>
            <dst id="DNVRng">14239.2853333333</dst>
            <dst id="HSTNng">7458.04266666667</dst>
            <dst id="IPLSng">13016.3386666667</dst>
            <dst id="KSCYng">11246.5626666667</dst>
            <dst id="LOSAng">6011.92</dst>
            <dst id="NYCMng">15935.3653333333</dst>
            <dst id="SNVAng">750.826666666667</dst>
            <dst id="STTLng">4576.44533333333</dst>
            <dst id="WASHng">29038.1786666667</dst>
        </src>
        <src id="LOSAng">
            <dst id="ATLA-M5">1235.50133333333</dst>
            <dst id="ATLAng">28369.1013333333</dst>
            <dst id="CHINng">150326.704</dst>
            <dst id="DNVRng">18398.6106666667</dst>
            <dst id="HSTNng">34023.4373333333</dst>
            <dst id="IPLSng">45898.336</dst>
            <dst id="KSCYng">17471.7973333333</dst>
            <dst id="LOSAng">10777.9013333333</dst>
            <dst id="NYCMng">62676.5813333333</dst>
            <dst id="SNVAng">29350.9733333333</dst>
            <dst id="STTLng">24067.584</dst>
            <dst id="WASHng">70555.04</dst>
        </src>
        <src id="NYCMng">
            <dst id="ATLA-M5">2464.19733333333</dst>
            <dst id="ATLAng">56526.928</dst>
            <dst id="CHINng">102618.866666667</dst>
            <dst id="DNVRng">48428.632</dst>
            <dst id="HSTNng">41561.6106666667</dst>
            <dst id="IPLSng">81303.28</dst>
            <dst id="KSCYng">32636.1253333333</dst>
            <dst id="LOSAng">71602.704</dst>
            <dst id="NYCMng">188776.432</dst>
            <dst id="SNVAng">10674.4266666667</dst>
            <dst id="STTLng">35064.7546666667</dst>
            <dst id="WASHng">105976.530666667</dst>
        </src>
        <src id="SNVAng">
            <dst id="ATLA-M5">151.458666666667</dst>
            <dst id="ATLAng">866.624</dst>
            <dst id="CHINng">9550.93333333333</dst>
            <dst id="DNVRng">10339.0373333333</dst>
            <dst id="HSTNng">2704.14133333333</dst>
            <dst id="IPLSng">7036.58666666667</dst>
            <dst id="KSCYng">906.434666666667</dst>
            <dst id="LOSAng">43186.0213333333</dst>
            <dst id="NYCMng">3058.31466666667</dst>
            <dst id="SNVAng">27864.928</dst>
            <dst id="STTLng">70681.8666666667</dst>
            <dst id="WASHng">2413.416</dst>
        </src>
        <src id="STTLng">
            <dst id="ATLA-M5">203.298666666667</dst>
            <dst id="ATLAng">15428.6213333333</dst>
            <dst id="CHINng">83025.2213333333</dst>
            <dst id="DNVRng">15921.1653333333</dst>
            <dst id="HSTNng">5581.82133333333</dst>
            <dst id="IPLSng">23939.4293333333</dst>
            <dst id="KSCYng">8659.792</dst>
            <dst id="LOSAng">29180.824</dst>
            <dst id="NYCMng">30054.68</dst>
            <dst id="SNVAng">13016.6613333333</dst>
            <dst id="STTLng">4144.584</dst>
            <dst id="WASHng">19398.8293333333</dst>
        </src>
        <src id="WASHng">
            <dst id="ATLA-M5">19975.968</dst>
            <dst id="ATLAng">144667.978666667</dst>
            <dst id="CHINng">97008.3653333333</dst>
            <dst id="DNVRng">78085.864</dst>
            <dst id="HSTNng">31280.96</dst>
            <dst id="IPLSng">121748.650666667</dst>
            <dst id="KSCYng">37570.08</dst>
            <dst id="LOSAng">139371.805333333</dst>
            <dst id="NYCMng">225083.389333333</dst>
            <dst id="SNVAng">14059.1706666667</dst>
            <dst id="STTLng">33369.0506666667</dst>
            <dst id="WASHng">314914.186666667</dst>
        </src>
    </IntraTM>
</TrafficMatrixFile>
