<?xml version="1.0" encoding="ISO-8859-1" standalone="yes"?>
<TrafficMatrixFile xsi:noNamespaceSchemaLocation="http://totem.run.montefiore.ulg.ac.be/Schema/TrafficMatrix-v1_2.xsd" xmlns:xsi="http://www.w3.org/2001/XMLSchema-instance">
    <IntraTM ASID="11537">
        <src id="ATLA-M5">
            <dst id="ATLA-M5">985.848</dst>
            <dst id="ATLAng">484.149333333333</dst>
            <dst id="CHINng">1648.15733333333</dst>
            <dst id="DNVRng">170.522666666667</dst>
            <dst id="HSTNng">354.888</dst>
            <dst id="IPLSng">2211.13066666667</dst>
            <dst id="KSCYng">638.485333333333</dst>
            <dst id="LOSAng">831.978666666667</dst>
            <dst id="NYCMng">11423.3946666667</dst>
            <dst id="SNVAng">609.370666666667</dst>
            <dst id="STTLng">180.112</dst>
            <dst id="WASHng">5061.30133333333</dst>
        </src>
        <src id="ATLAng">
            <dst id="ATLA-M5">645.034666666667</dst>
            <dst id="ATLAng">31352.2293333333</dst>
            <dst id="CHINng">21549.7546666667</dst>
            <dst id="DNVRng">9072.33066666666</dst>
            <dst id="HSTNng">4498.86933333333</dst>
            <dst id="IPLSng">27701.6666666667</dst>
            <dst id="KSCYng">21554.9626666667</dst>
            <dst id="LOSAng">15250.552</dst>
            <dst id="NYCMng">22580.2773333333</dst>
            <dst id="SNVAng">2832.048</dst>
            <dst id="STTLng">6378.32533333333</dst>
            <dst id="WASHng">94519.072</dst>
        </src>
        <src id="CHINng">
            <dst id="ATLA-M5">452.949333333333</dst>
            <dst id="ATLAng">15806.3306666667</dst>
            <dst id="CHINng">104462.234666667</dst>
            <dst id="DNVRng">21660.968</dst>
            <dst id="HSTNng">7348.38933333334</dst>
            <dst id="IPLSng">21523.7786666667</dst>
            <dst id="KSCYng">7291.02666666667</dst>
            <dst id="LOSAng">19171.3813333333</dst>
            <dst id="NYCMng">12724.5253333333</dst>
            <dst id="SNVAng">2300.848</dst>
            <dst id="STTLng">8109.63466666667</dst>
            <dst id="WASHng">27258.7333333333</dst>
        </src>
        <src id="DNVRng">
            <dst id="ATLA-M5">152.842666666667</dst>
            <dst id="ATLAng">10694.0533333333</dst>
            <dst id="CHINng">78750.3013333334</dst>
            <dst id="DNVRng">24016.3733333333</dst>
            <dst id="HSTNng">12782.288</dst>
            <dst id="IPLSng">23724.352</dst>
            <dst id="KSCYng">21151.5946666667</dst>
            <dst id="LOSAng">13783.1413333333</dst>
            <dst id="NYCMng">19098.984</dst>
            <dst id="SNVAng">23313.6373333333</dst>
            <dst id="STTLng">14024.7973333333</dst>
            <dst id="WASHng">37648.664</dst>
        </src>
        <src id="HSTNng">
            <dst id="ATLA-M5">2970.248</dst>
            <dst id="ATLAng">5836.29333333333</dst>
            <dst id="CHINng">31425.76</dst>
            <dst id="DNVRng">6792.152</dst>
            <dst id="HSTNng">11747.008</dst>
            <dst id="IPLSng">9969.72266666667</dst>
            <dst id="KSCYng">4599.66933333333</dst>
            <dst id="LOSAng">13252.6346666667</dst>
            <dst id="NYCMng">14534.112</dst>
            <dst id="SNVAng">2693.07733333333</dst>
            <dst id="STTLng">2948.576</dst>
            <dst id="WASHng">11524.104</dst>
        </src>
        <src id="IPLSng">
            <dst id="ATLA-M5">617.645333333333</dst>
            <dst id="ATLAng">23195.5946666667</dst>
            <dst id="CHINng">134732.016</dst>
            <dst id="DNVRng">22949.72</dst>
            <dst id="HSTNng">17601.2693333333</dst>
            <dst id="IPLSng">52119.8746666667</dst>
            <dst id="KSCYng">24210.744</dst>
            <dst id="LOSAng">102712.362666667</dst>
            <dst id="NYCMng">39724.8773333333</dst>
            <dst id="SNVAng">4732.89866666667</dst>
            <dst id="STTLng">11555.944</dst>
            <dst id="WASHng">56838.4986666667</dst>
        </src>
        <src id="KSCYng">
            <dst id="ATLA-M5">139.608</dst>
            <dst id="ATLAng">19036.4746666667</dst>
            <dst id="CHINng">46125.6773333333</dst>
            <dst id="DNVRng">15459.448</dst>
            <dst id="HSTNng">6946.672</dst>
            <dst id="IPLSng">14215.1306666667</dst>
            <dst id="KSCYng">7613.26133333333</dst>
            <dst id="LOSAng">3431.12</dst>
            <dst id="NYCMng">11180.9946666667</dst>
            <dst id="SNVAng">1154.30133333333</dst>
            <dst id="STTLng">3134.48266666667</dst>
            <dst id="WASHng">13600.288</dst>
        </src>
        <src id="LOSAng">
            <dst id="ATLA-M5">573.336</dst>
            <dst id="ATLAng">26710.7626666667</dst>
            <dst id="CHINng">153348.850666667</dst>
            <dst id="DNVRng">7956.21333333333</dst>
            <dst id="HSTNng">16730.424</dst>
            <dst id="IPLSng">41164.8426666667</dst>
            <dst id="KSCYng">11560.6613333333</dst>
            <dst id="LOSAng">13514.7226666667</dst>
            <dst id="NYCMng">50398.712</dst>
            <dst id="SNVAng">29359.4506666667</dst>
            <dst id="STTLng">21733.8346666667</dst>
            <dst id="WASHng">69882.9333333333</dst>
        </src>
        <src id="NYCMng">
            <dst id="ATLA-M5">8516.088</dst>
            <dst id="ATLAng">50744.1093333333</dst>
            <dst id="CHINng">118136.136</dst>
            <dst id="DNVRng">35726.392</dst>
            <dst id="HSTNng">51072.5093333333</dst>
            <dst id="IPLSng">119762.416</dst>
            <dst id="KSCYng">26311.6746666667</dst>
            <dst id="LOSAng">58468.5333333333</dst>
            <dst id="NYCMng">202611.848</dst>
            <dst id="SNVAng">7527.36266666667</dst>
            <dst id="STTLng">26023.2613333333</dst>
            <dst id="WASHng">113721.122666667</dst>
        </src>
        <src id="SNVAng">
            <dst id="ATLA-M5">133.429333333333</dst>
            <dst id="ATLAng">1569.82933333333</dst>
            <dst id="CHINng">11139.808</dst>
            <dst id="DNVRng">5817.296</dst>
            <dst id="HSTNng">2862.95733333333</dst>
            <dst id="IPLSng">4097.79466666667</dst>
            <dst id="KSCYng">926.256</dst>
            <dst id="LOSAng">29487.2773333333</dst>
            <dst id="NYCMng">11829.5893333333</dst>
            <dst id="SNVAng">23096.5493333333</dst>
            <dst id="STTLng">26095.312</dst>
            <dst id="WASHng">3271.008</dst>
        </src>
        <src id="STTLng">
            <dst id="ATLA-M5">582.709333333333</dst>
            <dst id="ATLAng">17936.7786666667</dst>
            <dst id="CHINng">85261.9146666667</dst>
            <dst id="DNVRng">13548.2213333333</dst>
            <dst id="HSTNng">3912.25866666667</dst>
            <dst id="IPLSng">16395.1386666667</dst>
            <dst id="KSCYng">7669.02666666667</dst>
            <dst id="LOSAng">22653.408</dst>
            <dst id="NYCMng">27500.3013333333</dst>
            <dst id="SNVAng">10228</dst>
            <dst id="STTLng">18622.544</dst>
            <dst id="WASHng">19686.704</dst>
        </src>
        <src id="WASHng">
            <dst id="ATLA-M5">3985.84266666667</dst>
            <dst id="ATLAng">133874.429333333</dst>
            <dst id="CHINng">103131.896</dst>
            <dst id="DNVRng">71354.1946666667</dst>
            <dst id="HSTNng">30788.0426666667</dst>
            <dst id="IPLSng">88978.264</dst>
            <dst id="KSCYng">25898.4746666667</dst>
            <dst id="LOSAng">60743.4826666667</dst>
            <dst id="NYCMng">218164.666666667</dst>
            <dst id="SNVAng">7729.74133333333</dst>
            <dst id="STTLng">33861.672</dst>
            <dst id="WASHng">356094.186666667</dst>
        </src>
    </IntraTM>
</TrafficMatrixFile>
