<?xml version="1.0" encoding="ISO-8859-1" standalone="yes"?>
<TrafficMatrixFile xsi:noNamespaceSchemaLocation="http://totem.run.montefiore.ulg.ac.be/Schema/TrafficMatrix-v1_2.xsd" xmlns:xsi="http://www.w3.org/2001/XMLSchema-instance">
    <IntraTM ASID="11537">
        <src id="ATLA-M5">
            <dst id="ATLA-M5">0</dst>
            <dst id="ATLAng">519.466666666667</dst>
            <dst id="CHINng">1783.11466666667</dst>
            <dst id="DNVRng">232.138666666667</dst>
            <dst id="HSTNng">316.064</dst>
            <dst id="IPLSng">1451.42666666667</dst>
            <dst id="KSCYng">198.954666666667</dst>
            <dst id="LOSAng">231.234666666667</dst>
            <dst id="NYCMng">662.752</dst>
            <dst id="SNVAng">281.362666666667</dst>
            <dst id="STTLng">293.005333333333</dst>
            <dst id="WASHng">1451.02133333333</dst>
        </src>
        <src id="ATLAng">
            <dst id="ATLA-M5">1797.01066666667</dst>
            <dst id="ATLAng">50319.1013333333</dst>
            <dst id="CHINng">23499.9733333333</dst>
            <dst id="DNVRng">6476.144</dst>
            <dst id="HSTNng">7598.48533333334</dst>
            <dst id="IPLSng">38886.1466666667</dst>
            <dst id="KSCYng">7994.696</dst>
            <dst id="LOSAng">16736.264</dst>
            <dst id="NYCMng">20379.92</dst>
            <dst id="SNVAng">2435.70133333333</dst>
            <dst id="STTLng">9117.72266666667</dst>
            <dst id="WASHng">59984.8826666667</dst>
        </src>
        <src id="CHINng">
            <dst id="ATLA-M5">4118.98666666667</dst>
            <dst id="ATLAng">15641.5306666667</dst>
            <dst id="CHINng">38323.0186666667</dst>
            <dst id="DNVRng">14288.6346666667</dst>
            <dst id="HSTNng">12125.7813333333</dst>
            <dst id="IPLSng">45518.1093333333</dst>
            <dst id="KSCYng">9872.696</dst>
            <dst id="LOSAng">30835.84</dst>
            <dst id="NYCMng">3875.28266666667</dst>
            <dst id="SNVAng">3580.10133333333</dst>
            <dst id="STTLng">6002.81066666667</dst>
            <dst id="WASHng">14686.6053333333</dst>
        </src>
        <src id="DNVRng">
            <dst id="ATLA-M5">394.608</dst>
            <dst id="ATLAng">10658.336</dst>
            <dst id="CHINng">56255.4826666667</dst>
            <dst id="DNVRng">15313.264</dst>
            <dst id="HSTNng">14200.5466666667</dst>
            <dst id="IPLSng">41268.568</dst>
            <dst id="KSCYng">17349.4613333333</dst>
            <dst id="LOSAng">13641.7253333333</dst>
            <dst id="NYCMng">28110.6506666667</dst>
            <dst id="SNVAng">9101.25333333333</dst>
            <dst id="STTLng">12358.1813333333</dst>
            <dst id="WASHng">54598.1893333333</dst>
        </src>
        <src id="HSTNng">
            <dst id="ATLA-M5">382.856</dst>
            <dst id="ATLAng">11085.7173333333</dst>
            <dst id="CHINng">20108.0186666667</dst>
            <dst id="DNVRng">5029.24266666667</dst>
            <dst id="HSTNng">6820.25333333333</dst>
            <dst id="IPLSng">10067.8586666667</dst>
            <dst id="KSCYng">2359.784</dst>
            <dst id="LOSAng">10305.144</dst>
            <dst id="NYCMng">9112.76</dst>
            <dst id="SNVAng">2174.576</dst>
            <dst id="STTLng">3251.72533333333</dst>
            <dst id="WASHng">12091.656</dst>
        </src>
        <src id="IPLSng">
            <dst id="ATLA-M5">1014.47466666667</dst>
            <dst id="ATLAng">19637.736</dst>
            <dst id="CHINng">78028.2133333333</dst>
            <dst id="DNVRng">29405.816</dst>
            <dst id="HSTNng">7061.904</dst>
            <dst id="IPLSng">36985.4053333333</dst>
            <dst id="KSCYng">17313.3066666667</dst>
            <dst id="LOSAng">91756.552</dst>
            <dst id="NYCMng">38998.328</dst>
            <dst id="SNVAng">2976.25866666667</dst>
            <dst id="STTLng">19364.304</dst>
            <dst id="WASHng">54808.6213333333</dst>
        </src>
        <src id="KSCYng">
            <dst id="ATLA-M5">636.285333333333</dst>
            <dst id="ATLAng">5502.65066666667</dst>
            <dst id="CHINng">22820.008</dst>
            <dst id="DNVRng">6981.544</dst>
            <dst id="HSTNng">4226.70933333333</dst>
            <dst id="IPLSng">17834.0293333333</dst>
            <dst id="KSCYng">10399.6933333333</dst>
            <dst id="LOSAng">6252.352</dst>
            <dst id="NYCMng">10687.768</dst>
            <dst id="SNVAng">2095.02666666667</dst>
            <dst id="STTLng">4791.95466666667</dst>
            <dst id="WASHng">19123.0426666667</dst>
        </src>
        <src id="LOSAng">
            <dst id="ATLA-M5">1818.99466666667</dst>
            <dst id="ATLAng">27359.9893333333</dst>
            <dst id="CHINng">104292.352</dst>
            <dst id="DNVRng">14378.3413333333</dst>
            <dst id="HSTNng">13328.6613333333</dst>
            <dst id="IPLSng">54281.688</dst>
            <dst id="KSCYng">14050.296</dst>
            <dst id="LOSAng">19682.44</dst>
            <dst id="NYCMng">61746.912</dst>
            <dst id="SNVAng">11244.4906666667</dst>
            <dst id="STTLng">33639.4213333333</dst>
            <dst id="WASHng">76756.8266666667</dst>
        </src>
        <src id="NYCMng">
            <dst id="ATLA-M5">3068.63733333333</dst>
            <dst id="ATLAng">50802.0613333333</dst>
            <dst id="CHINng">76155.216</dst>
            <dst id="DNVRng">39818.344</dst>
            <dst id="HSTNng">43492.4133333333</dst>
            <dst id="IPLSng">83818.1706666666</dst>
            <dst id="KSCYng">23957.96</dst>
            <dst id="LOSAng">90439.5946666667</dst>
            <dst id="NYCMng">152317.682666667</dst>
            <dst id="SNVAng">13488.0693333333</dst>
            <dst id="STTLng">46757.4453333333</dst>
            <dst id="WASHng">176844.621333333</dst>
        </src>
        <src id="SNVAng">
            <dst id="ATLA-M5">190.272</dst>
            <dst id="ATLAng">1262.58133333333</dst>
            <dst id="CHINng">4557.472</dst>
            <dst id="DNVRng">16756.6933333333</dst>
            <dst id="HSTNng">1801.75733333333</dst>
            <dst id="IPLSng">3454.488</dst>
            <dst id="KSCYng">1386.80533333333</dst>
            <dst id="LOSAng">40379.1173333333</dst>
            <dst id="NYCMng">2795.55466666667</dst>
            <dst id="SNVAng">19107.9226666667</dst>
            <dst id="STTLng">72223.28</dst>
            <dst id="WASHng">3168.04533333333</dst>
        </src>
        <src id="STTLng">
            <dst id="ATLA-M5">133.333333333333</dst>
            <dst id="ATLAng">10449.392</dst>
            <dst id="CHINng">45474.5226666667</dst>
            <dst id="DNVRng">5207.75466666667</dst>
            <dst id="HSTNng">2855.95733333333</dst>
            <dst id="IPLSng">17282.856</dst>
            <dst id="KSCYng">3969.61066666667</dst>
            <dst id="LOSAng">33944.536</dst>
            <dst id="NYCMng">27802.3973333333</dst>
            <dst id="SNVAng">8056.384</dst>
            <dst id="STTLng">23034.312</dst>
            <dst id="WASHng">16374.2906666667</dst>
        </src>
        <src id="WASHng">
            <dst id="ATLA-M5">9076.74933333333</dst>
            <dst id="ATLAng">134599.538666667</dst>
            <dst id="CHINng">94130.424</dst>
            <dst id="DNVRng">62352.5706666667</dst>
            <dst id="HSTNng">26429.6186666667</dst>
            <dst id="IPLSng">98823.7706666667</dst>
            <dst id="KSCYng">20593.6986666667</dst>
            <dst id="LOSAng">73532.136</dst>
            <dst id="NYCMng">169965.821333333</dst>
            <dst id="SNVAng">20515.7226666667</dst>
            <dst id="STTLng">39253.9093333333</dst>
            <dst id="WASHng">234589.613333333</dst>
        </src>
    </IntraTM>
</TrafficMatrixFile>
