<?xml version="1.0" encoding="ISO-8859-1" standalone="yes"?>
<TrafficMatrixFile xsi:noNamespaceSchemaLocation="http://totem.run.montefiore.ulg.ac.be/Schema/TrafficMatrix-v1_2.xsd" xmlns:xsi="http://www.w3.org/2001/XMLSchema-instance">
    <IntraTM ASID="11537">
        <src id="ATLA-M5">
            <dst id="ATLA-M5">80</dst>
            <dst id="ATLAng">458.338666666667</dst>
            <dst id="CHINng">1900.24</dst>
            <dst id="DNVRng">373.296</dst>
            <dst id="HSTNng">345.216</dst>
            <dst id="IPLSng">1508.42666666667</dst>
            <dst id="KSCYng">438.064</dst>
            <dst id="LOSAng">578.033333333333</dst>
            <dst id="NYCMng">991.32</dst>
            <dst id="SNVAng">368.369333333333</dst>
            <dst id="STTLng">602.056</dst>
            <dst id="WASHng">1209.68266666667</dst>
        </src>
        <src id="ATLAng">
            <dst id="ATLA-M5">685.765333333333</dst>
            <dst id="ATLAng">21470.4053333333</dst>
            <dst id="CHINng">26362.3973333333</dst>
            <dst id="DNVRng">5097.536</dst>
            <dst id="HSTNng">5669.728</dst>
            <dst id="IPLSng">33019.1733333333</dst>
            <dst id="KSCYng">7540.73066666667</dst>
            <dst id="LOSAng">18785.3506666667</dst>
            <dst id="NYCMng">17369.6293333333</dst>
            <dst id="SNVAng">2233.02533333333</dst>
            <dst id="STTLng">10097.008</dst>
            <dst id="WASHng">79521.8293333333</dst>
        </src>
        <src id="CHINng">
            <dst id="ATLA-M5">4165.32</dst>
            <dst id="ATLAng">14723.328</dst>
            <dst id="CHINng">28454.6853333333</dst>
            <dst id="DNVRng">12231.16</dst>
            <dst id="HSTNng">13353.696</dst>
            <dst id="IPLSng">49668.5813333333</dst>
            <dst id="KSCYng">10995.216</dst>
            <dst id="LOSAng">29688.1173333333</dst>
            <dst id="NYCMng">5385.01066666667</dst>
            <dst id="SNVAng">3271.656</dst>
            <dst id="STTLng">7714.712</dst>
            <dst id="WASHng">12670.024</dst>
        </src>
        <src id="DNVRng">
            <dst id="ATLA-M5">410.413333333333</dst>
            <dst id="ATLAng">10701.3253333333</dst>
            <dst id="CHINng">56471.8853333333</dst>
            <dst id="DNVRng">16991.6053333333</dst>
            <dst id="HSTNng">13077.784</dst>
            <dst id="IPLSng">29412.8746666667</dst>
            <dst id="KSCYng">22061.064</dst>
            <dst id="LOSAng">13377.7226666667</dst>
            <dst id="NYCMng">27872.528</dst>
            <dst id="SNVAng">10557.0986666667</dst>
            <dst id="STTLng">12310.664</dst>
            <dst id="WASHng">66150.5306666667</dst>
        </src>
        <src id="HSTNng">
            <dst id="ATLA-M5">511.941333333333</dst>
            <dst id="ATLAng">8612.896</dst>
            <dst id="CHINng">22943.6453333333</dst>
            <dst id="DNVRng">4973.84</dst>
            <dst id="HSTNng">6588.90133333333</dst>
            <dst id="IPLSng">15320.584</dst>
            <dst id="KSCYng">2875.624</dst>
            <dst id="LOSAng">105136.978666667</dst>
            <dst id="NYCMng">7610.04266666667</dst>
            <dst id="SNVAng">1993.65066666667</dst>
            <dst id="STTLng">3251.448</dst>
            <dst id="WASHng">13100.2266666667</dst>
        </src>
        <src id="IPLSng">
            <dst id="ATLA-M5">1827.52</dst>
            <dst id="ATLAng">16162.5973333333</dst>
            <dst id="CHINng">86194.304</dst>
            <dst id="DNVRng">30647.152</dst>
            <dst id="HSTNng">11886.56</dst>
            <dst id="IPLSng">53458.5573333333</dst>
            <dst id="KSCYng">15127.848</dst>
            <dst id="LOSAng">43327.9173333333</dst>
            <dst id="NYCMng">46584.9813333333</dst>
            <dst id="SNVAng">5270.08533333333</dst>
            <dst id="STTLng">21693.984</dst>
            <dst id="WASHng">55192.8826666667</dst>
        </src>
        <src id="KSCYng">
            <dst id="ATLA-M5">1350.78133333333</dst>
            <dst id="ATLAng">3874.42933333333</dst>
            <dst id="CHINng">35770.72</dst>
            <dst id="DNVRng">11348.1866666667</dst>
            <dst id="HSTNng">5262.43733333333</dst>
            <dst id="IPLSng">20867.4213333333</dst>
            <dst id="KSCYng">14291.8453333333</dst>
            <dst id="LOSAng">8187.568</dst>
            <dst id="NYCMng">9947.33333333333</dst>
            <dst id="SNVAng">2185.78933333333</dst>
            <dst id="STTLng">6509.36533333333</dst>
            <dst id="WASHng">17692.4773333333</dst>
        </src>
        <src id="LOSAng">
            <dst id="ATLA-M5">1172.952</dst>
            <dst id="ATLAng">43463.0533333333</dst>
            <dst id="CHINng">99170.608</dst>
            <dst id="DNVRng">12556.4933333333</dst>
            <dst id="HSTNng">64136.8773333333</dst>
            <dst id="IPLSng">58902.432</dst>
            <dst id="KSCYng">12964.2693333333</dst>
            <dst id="LOSAng">20437.4</dst>
            <dst id="NYCMng">65196.48</dst>
            <dst id="SNVAng">14778.5146666667</dst>
            <dst id="STTLng">31437.84</dst>
            <dst id="WASHng">81415.992</dst>
        </src>
        <src id="NYCMng">
            <dst id="ATLA-M5">1763.744</dst>
            <dst id="ATLAng">48822.3493333333</dst>
            <dst id="CHINng">80134.496</dst>
            <dst id="DNVRng">36486.2426666667</dst>
            <dst id="HSTNng">45504.488</dst>
            <dst id="IPLSng">74383.136</dst>
            <dst id="KSCYng">27766.5066666667</dst>
            <dst id="LOSAng">95873.008</dst>
            <dst id="NYCMng">176087.717333333</dst>
            <dst id="SNVAng">11064.5413333333</dst>
            <dst id="STTLng">40845.96</dst>
            <dst id="WASHng">203917.824</dst>
        </src>
        <src id="SNVAng">
            <dst id="ATLA-M5">269.466666666667</dst>
            <dst id="ATLAng">2350.41333333333</dst>
            <dst id="CHINng">3506.072</dst>
            <dst id="DNVRng">7477.96266666667</dst>
            <dst id="HSTNng">2115.848</dst>
            <dst id="IPLSng">2622.94666666667</dst>
            <dst id="KSCYng">1424.20266666667</dst>
            <dst id="LOSAng">39147.3173333333</dst>
            <dst id="NYCMng">2342.688</dst>
            <dst id="SNVAng">17027.8</dst>
            <dst id="STTLng">71362.9786666667</dst>
            <dst id="WASHng">2545.91733333333</dst>
        </src>
        <src id="STTLng">
            <dst id="ATLA-M5">151.037333333333</dst>
            <dst id="ATLAng">13289.7973333333</dst>
            <dst id="CHINng">47340.3013333333</dst>
            <dst id="DNVRng">4438.488</dst>
            <dst id="HSTNng">2567.14933333333</dst>
            <dst id="IPLSng">18405.2106666667</dst>
            <dst id="KSCYng">4280.40533333333</dst>
            <dst id="LOSAng">30147.8533333333</dst>
            <dst id="NYCMng">26750.0133333333</dst>
            <dst id="SNVAng">6861.36</dst>
            <dst id="STTLng">13546.5466666667</dst>
            <dst id="WASHng">14250.52</dst>
        </src>
        <src id="WASHng">
            <dst id="ATLA-M5">4594.60533333333</dst>
            <dst id="ATLAng">151004.685333333</dst>
            <dst id="CHINng">95650.744</dst>
            <dst id="DNVRng">56222.2613333334</dst>
            <dst id="HSTNng">24867.32</dst>
            <dst id="IPLSng">93813.9626666667</dst>
            <dst id="KSCYng">13005.0133333333</dst>
            <dst id="LOSAng">81135.1653333333</dst>
            <dst id="NYCMng">186608.514666667</dst>
            <dst id="SNVAng">24021.752</dst>
            <dst id="STTLng">54231.5013333333</dst>
            <dst id="WASHng">276247.653333333</dst>
        </src>
    </IntraTM>
</TrafficMatrixFile>
