<?xml version="1.0" encoding="ISO-8859-1" standalone="yes"?>
<TrafficMatrixFile xsi:noNamespaceSchemaLocation="http://totem.run.montefiore.ulg.ac.be/Schema/TrafficMatrix-v1_2.xsd" xmlns:xsi="http://www.w3.org/2001/XMLSchema-instance">
    <IntraTM ASID="11537">
        <src id="ATLA-M5">
            <dst id="ATLA-M5">467.466666666667</dst>
            <dst id="ATLAng">549.442666666667</dst>
            <dst id="CHINng">1177.44</dst>
            <dst id="DNVRng">855.554666666667</dst>
            <dst id="HSTNng">2452.49866666667</dst>
            <dst id="IPLSng">937.408</dst>
            <dst id="KSCYng">1055.39466666667</dst>
            <dst id="LOSAng">466.634666666667</dst>
            <dst id="NYCMng">933.536</dst>
            <dst id="SNVAng">191.253333333333</dst>
            <dst id="STTLng">251.522666666667</dst>
            <dst id="WASHng">2230.4</dst>
        </src>
        <src id="ATLAng">
            <dst id="ATLA-M5">755.813333333333</dst>
            <dst id="ATLAng">35943.8666666667</dst>
            <dst id="CHINng">47454.6773333333</dst>
            <dst id="DNVRng">25737.9733333333</dst>
            <dst id="HSTNng">9419.024</dst>
            <dst id="IPLSng">32002.1706666667</dst>
            <dst id="KSCYng">18679.712</dst>
            <dst id="LOSAng">26353.8306666667</dst>
            <dst id="NYCMng">24906.1653333333</dst>
            <dst id="SNVAng">4607.71866666667</dst>
            <dst id="STTLng">9405.536</dst>
            <dst id="WASHng">87356.712</dst>
        </src>
        <src id="CHINng">
            <dst id="ATLA-M5">3469.23733333333</dst>
            <dst id="ATLAng">19885.0906666667</dst>
            <dst id="CHINng">61153.256</dst>
            <dst id="DNVRng">24268.4266666667</dst>
            <dst id="HSTNng">24075.5546666667</dst>
            <dst id="IPLSng">30392.4613333333</dst>
            <dst id="KSCYng">11362.6213333333</dst>
            <dst id="LOSAng">28053.88</dst>
            <dst id="NYCMng">10257.856</dst>
            <dst id="SNVAng">3922.15733333333</dst>
            <dst id="STTLng">12848.5226666667</dst>
            <dst id="WASHng">18694.6986666667</dst>
        </src>
        <src id="DNVRng">
            <dst id="ATLA-M5">1562.74133333333</dst>
            <dst id="ATLAng">22012.9626666667</dst>
            <dst id="CHINng">60364.432</dst>
            <dst id="DNVRng">16817.0933333333</dst>
            <dst id="HSTNng">19203.6</dst>
            <dst id="IPLSng">39048.6933333333</dst>
            <dst id="KSCYng">27258.696</dst>
            <dst id="LOSAng">18983.5786666667</dst>
            <dst id="NYCMng">28642.68</dst>
            <dst id="SNVAng">18466.1893333333</dst>
            <dst id="STTLng">21763.0266666667</dst>
            <dst id="WASHng">51912.4</dst>
        </src>
        <src id="HSTNng">
            <dst id="ATLA-M5">1134.112</dst>
            <dst id="ATLAng">7429.37333333333</dst>
            <dst id="CHINng">31154.2186666667</dst>
            <dst id="DNVRng">10282.352</dst>
            <dst id="HSTNng">15904.712</dst>
            <dst id="IPLSng">13717.144</dst>
            <dst id="KSCYng">5148.36266666667</dst>
            <dst id="LOSAng">8702.58133333333</dst>
            <dst id="NYCMng">12194.144</dst>
            <dst id="SNVAng">3823.33866666667</dst>
            <dst id="STTLng">2372.57866666667</dst>
            <dst id="WASHng">11379.8586666667</dst>
        </src>
        <src id="IPLSng">
            <dst id="ATLA-M5">2438.16</dst>
            <dst id="ATLAng">43694.496</dst>
            <dst id="CHINng">130112.373333333</dst>
            <dst id="DNVRng">43775.6026666667</dst>
            <dst id="HSTNng">10816.9333333333</dst>
            <dst id="IPLSng">60416.6213333333</dst>
            <dst id="KSCYng">28485.816</dst>
            <dst id="LOSAng">50500.4346666667</dst>
            <dst id="NYCMng">60404.2853333333</dst>
            <dst id="SNVAng">7131.328</dst>
            <dst id="STTLng">15865.944</dst>
            <dst id="WASHng">55951.7146666667</dst>
        </src>
        <src id="KSCYng">
            <dst id="ATLA-M5">2084.23733333333</dst>
            <dst id="ATLAng">23741.9066666667</dst>
            <dst id="CHINng">42952.488</dst>
            <dst id="DNVRng">17425.336</dst>
            <dst id="HSTNng">6371.85333333333</dst>
            <dst id="IPLSng">17281.2426666667</dst>
            <dst id="KSCYng">12356.1626666667</dst>
            <dst id="LOSAng">10076.1386666667</dst>
            <dst id="NYCMng">13816.2186666667</dst>
            <dst id="SNVAng">1742.29866666667</dst>
            <dst id="STTLng">3387.17066666667</dst>
            <dst id="WASHng">16139.464</dst>
        </src>
        <src id="LOSAng">
            <dst id="ATLA-M5">2989.66666666667</dst>
            <dst id="ATLAng">29444.2053333333</dst>
            <dst id="CHINng">125984.621333333</dst>
            <dst id="DNVRng">23408.04</dst>
            <dst id="HSTNng">20358.344</dst>
            <dst id="IPLSng">56104.2133333333</dst>
            <dst id="KSCYng">11491.5573333333</dst>
            <dst id="LOSAng">14237.1306666667</dst>
            <dst id="NYCMng">67496.1226666667</dst>
            <dst id="SNVAng">12088.5546666667</dst>
            <dst id="STTLng">26762.488</dst>
            <dst id="WASHng">73393.376</dst>
        </src>
        <src id="NYCMng">
            <dst id="ATLA-M5">9200.49333333333</dst>
            <dst id="ATLAng">61657.9146666667</dst>
            <dst id="CHINng">90926.8266666667</dst>
            <dst id="DNVRng">51583.416</dst>
            <dst id="HSTNng">55556.368</dst>
            <dst id="IPLSng">101663.816</dst>
            <dst id="KSCYng">36582.712</dst>
            <dst id="LOSAng">76152.6746666667</dst>
            <dst id="NYCMng">167225.714666667</dst>
            <dst id="SNVAng">15867.2293333333</dst>
            <dst id="STTLng">33939.4186666667</dst>
            <dst id="WASHng">120869.058666667</dst>
        </src>
        <src id="SNVAng">
            <dst id="ATLA-M5">194.616</dst>
            <dst id="ATLAng">869.392</dst>
            <dst id="CHINng">6482.328</dst>
            <dst id="DNVRng">3385.62666666667</dst>
            <dst id="HSTNng">791.338666666667</dst>
            <dst id="IPLSng">5971.34666666667</dst>
            <dst id="KSCYng">2979.21866666667</dst>
            <dst id="LOSAng">40578.7013333333</dst>
            <dst id="NYCMng">4583.91733333333</dst>
            <dst id="SNVAng">21217.7386666667</dst>
            <dst id="STTLng">65778.248</dst>
            <dst id="WASHng">3507.256</dst>
        </src>
        <src id="STTLng">
            <dst id="ATLA-M5">373.642666666667</dst>
            <dst id="ATLAng">16155.1786666667</dst>
            <dst id="CHINng">65880.3413333333</dst>
            <dst id="DNVRng">13821.7013333333</dst>
            <dst id="HSTNng">5792.58933333333</dst>
            <dst id="IPLSng">29790.2346666667</dst>
            <dst id="KSCYng">6531.45066666667</dst>
            <dst id="LOSAng">32069.0026666667</dst>
            <dst id="NYCMng">30683.128</dst>
            <dst id="SNVAng">13947.096</dst>
            <dst id="STTLng">13709.8773333333</dst>
            <dst id="WASHng">24345.7466666667</dst>
        </src>
        <src id="WASHng">
            <dst id="ATLA-M5">3760.17333333333</dst>
            <dst id="ATLAng">105041.890666667</dst>
            <dst id="CHINng">108300.808</dst>
            <dst id="DNVRng">79391.9493333333</dst>
            <dst id="HSTNng">43103.2826666667</dst>
            <dst id="IPLSng">110803.186666667</dst>
            <dst id="KSCYng">39410.1306666667</dst>
            <dst id="LOSAng">108138.565333333</dst>
            <dst id="NYCMng">187931.36</dst>
            <dst id="SNVAng">18250.4773333333</dst>
            <dst id="STTLng">37562.384</dst>
            <dst id="WASHng">280898.16</dst>
        </src>
    </IntraTM>
</TrafficMatrixFile>
