<?xml version="1.0" encoding="ISO-8859-1" standalone="yes"?>
<TrafficMatrixFile xsi:noNamespaceSchemaLocation="http://totem.run.montefiore.ulg.ac.be/Schema/TrafficMatrix-v1_2.xsd" xmlns:xsi="http://www.w3.org/2001/XMLSchema-instance">
    <IntraTM ASID="11537">
        <src id="ATLA-M5">
            <dst id="ATLA-M5">26.6666666666667</dst>
            <dst id="ATLAng">425.717333333333</dst>
            <dst id="CHINng">1231.86666666667</dst>
            <dst id="DNVRng">918.192</dst>
            <dst id="HSTNng">244.68</dst>
            <dst id="IPLSng">1812.08</dst>
            <dst id="KSCYng">335.416</dst>
            <dst id="LOSAng">2581.72266666667</dst>
            <dst id="NYCMng">1621.376</dst>
            <dst id="SNVAng">140.181333333333</dst>
            <dst id="STTLng">431.544</dst>
            <dst id="WASHng">1742.72533333333</dst>
        </src>
        <src id="ATLAng">
            <dst id="ATLA-M5">1354.54666666667</dst>
            <dst id="ATLAng">80495.24</dst>
            <dst id="CHINng">37119.6</dst>
            <dst id="DNVRng">18197.144</dst>
            <dst id="HSTNng">12590.384</dst>
            <dst id="IPLSng">77548.608</dst>
            <dst id="KSCYng">6604.232</dst>
            <dst id="LOSAng">25977.3093333333</dst>
            <dst id="NYCMng">29688.064</dst>
            <dst id="SNVAng">3145.48</dst>
            <dst id="STTLng">9084.824</dst>
            <dst id="WASHng">87684.2853333334</dst>
        </src>
        <src id="CHINng">
            <dst id="ATLA-M5">4360.87466666667</dst>
            <dst id="ATLAng">15440.8373333333</dst>
            <dst id="CHINng">32548.68</dst>
            <dst id="DNVRng">11636.5093333333</dst>
            <dst id="HSTNng">21031.608</dst>
            <dst id="IPLSng">52192.432</dst>
            <dst id="KSCYng">7496.33333333333</dst>
            <dst id="LOSAng">91621.5066666667</dst>
            <dst id="NYCMng">11027.6346666667</dst>
            <dst id="SNVAng">5610.49333333333</dst>
            <dst id="STTLng">15294.2346666667</dst>
            <dst id="WASHng">25837.9093333333</dst>
        </src>
        <src id="DNVRng">
            <dst id="ATLA-M5">1376.40533333333</dst>
            <dst id="ATLAng">9783.55466666667</dst>
            <dst id="CHINng">63978.5493333333</dst>
            <dst id="DNVRng">13037.3226666667</dst>
            <dst id="HSTNng">18406.008</dst>
            <dst id="IPLSng">40156.6933333333</dst>
            <dst id="KSCYng">17960.8426666667</dst>
            <dst id="LOSAng">8591.888</dst>
            <dst id="NYCMng">21236.3946666667</dst>
            <dst id="SNVAng">14987.56</dst>
            <dst id="STTLng">18357.6666666667</dst>
            <dst id="WASHng">55106.8906666667</dst>
        </src>
        <src id="HSTNng">
            <dst id="ATLA-M5">482.226666666667</dst>
            <dst id="ATLAng">5335.456</dst>
            <dst id="CHINng">23928.192</dst>
            <dst id="DNVRng">8531.75733333333</dst>
            <dst id="HSTNng">11831.2293333333</dst>
            <dst id="IPLSng">10647.792</dst>
            <dst id="KSCYng">6115.352</dst>
            <dst id="LOSAng">94449.5946666667</dst>
            <dst id="NYCMng">14981.8346666667</dst>
            <dst id="SNVAng">3239.82933333333</dst>
            <dst id="STTLng">4615.45333333333</dst>
            <dst id="WASHng">11852.472</dst>
        </src>
        <src id="IPLSng">
            <dst id="ATLA-M5">1405.73866666667</dst>
            <dst id="ATLAng">52728.4186666667</dst>
            <dst id="CHINng">121307.216</dst>
            <dst id="DNVRng">46279.8906666667</dst>
            <dst id="HSTNng">11954.1893333333</dst>
            <dst id="IPLSng">45276.6053333333</dst>
            <dst id="KSCYng">13105.9226666667</dst>
            <dst id="LOSAng">72546.4186666667</dst>
            <dst id="NYCMng">45718.024</dst>
            <dst id="SNVAng">6325.36533333333</dst>
            <dst id="STTLng">15266.5893333333</dst>
            <dst id="WASHng">46331.7093333333</dst>
        </src>
        <src id="KSCYng">
            <dst id="ATLA-M5">1766.20533333333</dst>
            <dst id="ATLAng">6371.59733333333</dst>
            <dst id="CHINng">37925.288</dst>
            <dst id="DNVRng">22764.5093333333</dst>
            <dst id="HSTNng">13404.488</dst>
            <dst id="IPLSng">20734.152</dst>
            <dst id="KSCYng">6464.296</dst>
            <dst id="LOSAng">9673.768</dst>
            <dst id="NYCMng">9732.88533333334</dst>
            <dst id="SNVAng">3221.832</dst>
            <dst id="STTLng">5557.16533333333</dst>
            <dst id="WASHng">15145.2453333333</dst>
        </src>
        <src id="LOSAng">
            <dst id="ATLA-M5">3001.744</dst>
            <dst id="ATLAng">27352.88</dst>
            <dst id="CHINng">134462.853333333</dst>
            <dst id="DNVRng">23446.464</dst>
            <dst id="HSTNng">13880.9626666667</dst>
            <dst id="IPLSng">51058.0746666667</dst>
            <dst id="KSCYng">11455.8373333333</dst>
            <dst id="LOSAng">14636.7413333333</dst>
            <dst id="NYCMng">53892.2213333333</dst>
            <dst id="SNVAng">17038.4</dst>
            <dst id="STTLng">31359.5146666667</dst>
            <dst id="WASHng">64032.296</dst>
        </src>
        <src id="NYCMng">
            <dst id="ATLA-M5">3044.18666666667</dst>
            <dst id="ATLAng">88359.3893333333</dst>
            <dst id="CHINng">78006.8266666667</dst>
            <dst id="DNVRng">63751.9306666667</dst>
            <dst id="HSTNng">42019.3946666667</dst>
            <dst id="IPLSng">85796.896</dst>
            <dst id="KSCYng">34506.3173333333</dst>
            <dst id="LOSAng">92009.6373333333</dst>
            <dst id="NYCMng">166638.557333333</dst>
            <dst id="SNVAng">14939.4213333333</dst>
            <dst id="STTLng">40009.4666666667</dst>
            <dst id="WASHng">181206.850666667</dst>
        </src>
        <src id="SNVAng">
            <dst id="ATLA-M5">310.84</dst>
            <dst id="ATLAng">1326.512</dst>
            <dst id="CHINng">11713.4026666667</dst>
            <dst id="DNVRng">14277.68</dst>
            <dst id="HSTNng">1459.64533333333</dst>
            <dst id="IPLSng">12545.6026666667</dst>
            <dst id="KSCYng">760.514666666667</dst>
            <dst id="LOSAng">38398.0666666667</dst>
            <dst id="NYCMng">3519.21333333333</dst>
            <dst id="SNVAng">56243.0533333333</dst>
            <dst id="STTLng">58379.8693333333</dst>
            <dst id="WASHng">4923.952</dst>
        </src>
        <src id="STTLng">
            <dst id="ATLA-M5">236.917333333333</dst>
            <dst id="ATLAng">16625.928</dst>
            <dst id="CHINng">62558.2453333333</dst>
            <dst id="DNVRng">17438.08</dst>
            <dst id="HSTNng">4782.70133333333</dst>
            <dst id="IPLSng">20609.568</dst>
            <dst id="KSCYng">4610.98666666667</dst>
            <dst id="LOSAng">32963.984</dst>
            <dst id="NYCMng">24996.584</dst>
            <dst id="SNVAng">9909.17066666667</dst>
            <dst id="STTLng">21573.84</dst>
            <dst id="WASHng">23475.3173333333</dst>
        </src>
        <src id="WASHng">
            <dst id="ATLA-M5">3283.26133333333</dst>
            <dst id="ATLAng">133410.730666667</dst>
            <dst id="CHINng">97618.1946666667</dst>
            <dst id="DNVRng">68685.096</dst>
            <dst id="HSTNng">33094.888</dst>
            <dst id="IPLSng">100661.429333333</dst>
            <dst id="KSCYng">27133.4293333333</dst>
            <dst id="LOSAng">97378.0266666667</dst>
            <dst id="NYCMng">182224.741333333</dst>
            <dst id="SNVAng">11520.4773333333</dst>
            <dst id="STTLng">40664.9413333333</dst>
            <dst id="WASHng">234434.928</dst>
        </src>
    </IntraTM>
</TrafficMatrixFile>
