<?xml version="1.0" encoding="ISO-8859-1" standalone="yes"?>
<TrafficMatrixFile xsi:noNamespaceSchemaLocation="http://totem.run.montefiore.ulg.ac.be/Schema/TrafficMatrix-v1_2.xsd" xmlns:xsi="http://www.w3.org/2001/XMLSchema-instance">
    <IntraTM ASID="11537">
        <src id="ATLA-M5">
            <dst id="ATLA-M5">102.064</dst>
            <dst id="ATLAng">3978.752</dst>
            <dst id="CHINng">3322.71466666667</dst>
            <dst id="DNVRng">103.570666666667</dst>
            <dst id="HSTNng">430.109333333333</dst>
            <dst id="IPLSng">373.861333333333</dst>
            <dst id="KSCYng">455.437333333333</dst>
            <dst id="LOSAng">369.045333333333</dst>
            <dst id="NYCMng">1212.33333333333</dst>
            <dst id="SNVAng">88.7653333333333</dst>
            <dst id="STTLng">26.6666666666667</dst>
            <dst id="WASHng">2555.62933333333</dst>
        </src>
        <src id="ATLAng">
            <dst id="ATLA-M5">404.232</dst>
            <dst id="ATLAng">48517.032</dst>
            <dst id="CHINng">32400.016</dst>
            <dst id="DNVRng">10018.8826666667</dst>
            <dst id="HSTNng">10697.6826666667</dst>
            <dst id="IPLSng">28774.6933333333</dst>
            <dst id="KSCYng">5341.22933333333</dst>
            <dst id="LOSAng">18648.4373333333</dst>
            <dst id="NYCMng">19860.6266666667</dst>
            <dst id="SNVAng">876.802666666667</dst>
            <dst id="STTLng">9547.50933333333</dst>
            <dst id="WASHng">48280.968</dst>
        </src>
        <src id="CHINng">
            <dst id="ATLA-M5">4556.48266666667</dst>
            <dst id="ATLAng">17466.7973333333</dst>
            <dst id="CHINng">32398.7226666667</dst>
            <dst id="DNVRng">8985.64533333333</dst>
            <dst id="HSTNng">7680.6</dst>
            <dst id="IPLSng">33884.984</dst>
            <dst id="KSCYng">17370.0666666667</dst>
            <dst id="LOSAng">19424.2746666667</dst>
            <dst id="NYCMng">4574.18133333333</dst>
            <dst id="SNVAng">2107.30666666667</dst>
            <dst id="STTLng">8830.632</dst>
            <dst id="WASHng">8488.06666666667</dst>
        </src>
        <src id="DNVRng">
            <dst id="ATLA-M5">332.661333333333</dst>
            <dst id="ATLAng">4684.04266666667</dst>
            <dst id="CHINng">61239.6293333333</dst>
            <dst id="DNVRng">10470.9306666667</dst>
            <dst id="HSTNng">6913.88266666667</dst>
            <dst id="IPLSng">10629.8186666667</dst>
            <dst id="KSCYng">16680.2266666667</dst>
            <dst id="LOSAng">23519.2826666667</dst>
            <dst id="NYCMng">17774.7466666667</dst>
            <dst id="SNVAng">19983.9413333333</dst>
            <dst id="STTLng">22177.6186666667</dst>
            <dst id="WASHng">16294.1546666667</dst>
        </src>
        <src id="HSTNng">
            <dst id="ATLA-M5">3891.45333333333</dst>
            <dst id="ATLAng">4325.632</dst>
            <dst id="CHINng">36065.2933333333</dst>
            <dst id="DNVRng">3912.888</dst>
            <dst id="HSTNng">7049.54933333333</dst>
            <dst id="IPLSng">7167.38666666667</dst>
            <dst id="KSCYng">3419.68266666667</dst>
            <dst id="LOSAng">109941.52</dst>
            <dst id="NYCMng">8332.64266666666</dst>
            <dst id="SNVAng">2097.12</dst>
            <dst id="STTLng">2984.648</dst>
            <dst id="WASHng">8904.49066666667</dst>
        </src>
        <src id="IPLSng">
            <dst id="ATLA-M5">8065.88266666667</dst>
            <dst id="ATLAng">15929.6266666667</dst>
            <dst id="CHINng">89427.096</dst>
            <dst id="DNVRng">11249.04</dst>
            <dst id="HSTNng">5459.95466666667</dst>
            <dst id="IPLSng">39084.3946666667</dst>
            <dst id="KSCYng">14142.0933333333</dst>
            <dst id="LOSAng">19952.912</dst>
            <dst id="NYCMng">33176.4506666667</dst>
            <dst id="SNVAng">4237.59466666667</dst>
            <dst id="STTLng">11652.064</dst>
            <dst id="WASHng">42364.0053333333</dst>
        </src>
        <src id="KSCYng">
            <dst id="ATLA-M5">1131.24</dst>
            <dst id="ATLAng">4464.42933333334</dst>
            <dst id="CHINng">30896.9546666667</dst>
            <dst id="DNVRng">9121.87466666667</dst>
            <dst id="HSTNng">4642.30133333333</dst>
            <dst id="IPLSng">19616.624</dst>
            <dst id="KSCYng">10330.4773333333</dst>
            <dst id="LOSAng">5989.08</dst>
            <dst id="NYCMng">8647.616</dst>
            <dst id="SNVAng">943.813333333333</dst>
            <dst id="STTLng">3741.84533333333</dst>
            <dst id="WASHng">19320.5226666667</dst>
        </src>
        <src id="LOSAng">
            <dst id="ATLA-M5">391.709333333333</dst>
            <dst id="ATLAng">22326.4853333333</dst>
            <dst id="CHINng">81104.5066666667</dst>
            <dst id="DNVRng">14832.3306666667</dst>
            <dst id="HSTNng">14206.2853333333</dst>
            <dst id="IPLSng">36454.312</dst>
            <dst id="KSCYng">9693.976</dst>
            <dst id="LOSAng">19708.8026666667</dst>
            <dst id="NYCMng">55400.4373333333</dst>
            <dst id="SNVAng">5517.728</dst>
            <dst id="STTLng">29126.384</dst>
            <dst id="WASHng">55259.68</dst>
        </src>
        <src id="NYCMng">
            <dst id="ATLA-M5">3422.11466666667</dst>
            <dst id="ATLAng">40684.5413333333</dst>
            <dst id="CHINng">72071.2453333333</dst>
            <dst id="DNVRng">14163.2053333333</dst>
            <dst id="HSTNng">18680.4426666667</dst>
            <dst id="IPLSng">81711.272</dst>
            <dst id="KSCYng">24761.9733333333</dst>
            <dst id="LOSAng">71338.3893333333</dst>
            <dst id="NYCMng">129116.274666667</dst>
            <dst id="SNVAng">10978.6533333333</dst>
            <dst id="STTLng">35675.8053333333</dst>
            <dst id="WASHng">101415.762666667</dst>
        </src>
        <src id="SNVAng">
            <dst id="ATLA-M5">738.045333333333</dst>
            <dst id="ATLAng">599.053333333333</dst>
            <dst id="CHINng">5505.304</dst>
            <dst id="DNVRng">20109.3413333333</dst>
            <dst id="HSTNng">1200.624</dst>
            <dst id="IPLSng">3819.6</dst>
            <dst id="KSCYng">992.536</dst>
            <dst id="LOSAng">3064.79466666667</dst>
            <dst id="NYCMng">5537.86933333333</dst>
            <dst id="SNVAng">917.525333333333</dst>
            <dst id="STTLng">3293.096</dst>
            <dst id="WASHng">2003.30133333333</dst>
        </src>
        <src id="STTLng">
            <dst id="ATLA-M5">102.629333333333</dst>
            <dst id="ATLAng">15732.56</dst>
            <dst id="CHINng">25683.1573333333</dst>
            <dst id="DNVRng">3271.576</dst>
            <dst id="HSTNng">4223.26133333333</dst>
            <dst id="IPLSng">9469.56</dst>
            <dst id="KSCYng">2440.86666666667</dst>
            <dst id="LOSAng">20645.2693333333</dst>
            <dst id="NYCMng">22450.8106666667</dst>
            <dst id="SNVAng">5144.23466666667</dst>
            <dst id="STTLng">6593.00266666667</dst>
            <dst id="WASHng">8633.28533333333</dst>
        </src>
        <src id="WASHng">
            <dst id="ATLA-M5">641.458666666667</dst>
            <dst id="ATLAng">93659.4666666667</dst>
            <dst id="CHINng">95771.536</dst>
            <dst id="DNVRng">42027.2906666667</dst>
            <dst id="HSTNng">23644.4933333333</dst>
            <dst id="IPLSng">63535.136</dst>
            <dst id="KSCYng">21213.208</dst>
            <dst id="LOSAng">86877.4293333333</dst>
            <dst id="NYCMng">156358.178666667</dst>
            <dst id="SNVAng">5510.50666666667</dst>
            <dst id="STTLng">26896.184</dst>
            <dst id="WASHng">197872.621333333</dst>
        </src>
    </IntraTM>
</TrafficMatrixFile>
