<?xml version="1.0" encoding="ISO-8859-1" standalone="yes"?>
<TrafficMatrixFile xsi:noNamespaceSchemaLocation="http://totem.run.montefiore.ulg.ac.be/Schema/TrafficMatrix-v1_2.xsd" xmlns:xsi="http://www.w3.org/2001/XMLSchema-instance">
    <IntraTM ASID="11537">
        <src id="ATLA-M5">
            <dst id="ATLA-M5">0</dst>
            <dst id="ATLAng">746.709333333333</dst>
            <dst id="CHINng">2397.73066666667</dst>
            <dst id="DNVRng">829.112</dst>
            <dst id="HSTNng">126.498666666667</dst>
            <dst id="IPLSng">3102.016</dst>
            <dst id="KSCYng">255.752</dst>
            <dst id="LOSAng">1603.25333333333</dst>
            <dst id="NYCMng">753.658666666667</dst>
            <dst id="SNVAng">356.626666666667</dst>
            <dst id="STTLng">176.834666666667</dst>
            <dst id="WASHng">3969.208</dst>
        </src>
        <src id="ATLAng">
            <dst id="ATLA-M5">892.762666666667</dst>
            <dst id="ATLAng">41719.648</dst>
            <dst id="CHINng">24194.4506666667</dst>
            <dst id="DNVRng">11125.8453333333</dst>
            <dst id="HSTNng">4506.832</dst>
            <dst id="IPLSng">26979.1786666667</dst>
            <dst id="KSCYng">12375.8133333333</dst>
            <dst id="LOSAng">20821.0826666667</dst>
            <dst id="NYCMng">15993.1893333333</dst>
            <dst id="SNVAng">2604.76</dst>
            <dst id="STTLng">8552.73066666667</dst>
            <dst id="WASHng">45712.2693333333</dst>
        </src>
        <src id="CHINng">
            <dst id="ATLA-M5">1022.40533333333</dst>
            <dst id="ATLAng">16515.1813333333</dst>
            <dst id="CHINng">38428.6693333333</dst>
            <dst id="DNVRng">14136.3493333333</dst>
            <dst id="HSTNng">10561.0666666667</dst>
            <dst id="IPLSng">31639.28</dst>
            <dst id="KSCYng">10785.1733333333</dst>
            <dst id="LOSAng">27899.8666666667</dst>
            <dst id="NYCMng">5536.49866666667</dst>
            <dst id="SNVAng">2114.14666666667</dst>
            <dst id="STTLng">7159.27733333333</dst>
            <dst id="WASHng">12717.9013333333</dst>
        </src>
        <src id="DNVRng">
            <dst id="ATLA-M5">730.461333333333</dst>
            <dst id="ATLAng">4390.61866666667</dst>
            <dst id="CHINng">34395.3546666667</dst>
            <dst id="DNVRng">9534.91733333333</dst>
            <dst id="HSTNng">9335.44</dst>
            <dst id="IPLSng">10828.2346666667</dst>
            <dst id="KSCYng">17027.2293333333</dst>
            <dst id="LOSAng">18815.0586666667</dst>
            <dst id="NYCMng">18647.5893333333</dst>
            <dst id="SNVAng">13224.72</dst>
            <dst id="STTLng">17957.856</dst>
            <dst id="WASHng">19715.5306666667</dst>
        </src>
        <src id="HSTNng">
            <dst id="ATLA-M5">2736.51466666667</dst>
            <dst id="ATLAng">3394.39466666667</dst>
            <dst id="CHINng">25040.1946666667</dst>
            <dst id="DNVRng">6355.10133333333</dst>
            <dst id="HSTNng">16975.6693333333</dst>
            <dst id="IPLSng">10245.168</dst>
            <dst id="KSCYng">4510.528</dst>
            <dst id="LOSAng">71977.352</dst>
            <dst id="NYCMng">4329.08533333333</dst>
            <dst id="SNVAng">2322.056</dst>
            <dst id="STTLng">6649.872</dst>
            <dst id="WASHng">6611.424</dst>
        </src>
        <src id="IPLSng">
            <dst id="ATLA-M5">615.914666666667</dst>
            <dst id="ATLAng">29372.288</dst>
            <dst id="CHINng">83917.8106666667</dst>
            <dst id="DNVRng">9227.44533333333</dst>
            <dst id="HSTNng">7885.50666666667</dst>
            <dst id="IPLSng">29635.1333333333</dst>
            <dst id="KSCYng">15433.2</dst>
            <dst id="LOSAng">27439.5173333333</dst>
            <dst id="NYCMng">26040.9306666667</dst>
            <dst id="SNVAng">3327.94133333333</dst>
            <dst id="STTLng">9970.49866666666</dst>
            <dst id="WASHng">41375.3146666667</dst>
        </src>
        <src id="KSCYng">
            <dst id="ATLA-M5">485.968</dst>
            <dst id="ATLAng">11277.7546666667</dst>
            <dst id="CHINng">43095.056</dst>
            <dst id="DNVRng">13301.7386666667</dst>
            <dst id="HSTNng">5524.73866666667</dst>
            <dst id="IPLSng">16500.6613333333</dst>
            <dst id="KSCYng">12826.2773333333</dst>
            <dst id="LOSAng">11785.1253333333</dst>
            <dst id="NYCMng">10407.6266666667</dst>
            <dst id="SNVAng">2129.29866666667</dst>
            <dst id="STTLng">9002.01866666667</dst>
            <dst id="WASHng">15201.1146666667</dst>
        </src>
        <src id="LOSAng">
            <dst id="ATLA-M5">370.069333333333</dst>
            <dst id="ATLAng">18128.6826666667</dst>
            <dst id="CHINng">96181.336</dst>
            <dst id="DNVRng">12055.0746666667</dst>
            <dst id="HSTNng">28424.6693333333</dst>
            <dst id="IPLSng">51003.08</dst>
            <dst id="KSCYng">12273.2666666667</dst>
            <dst id="LOSAng">15686.3493333333</dst>
            <dst id="NYCMng">57129.0133333333</dst>
            <dst id="SNVAng">6061.54666666667</dst>
            <dst id="STTLng">28618.328</dst>
            <dst id="WASHng">69181.8026666667</dst>
        </src>
        <src id="NYCMng">
            <dst id="ATLA-M5">3498.41333333333</dst>
            <dst id="ATLAng">39148.104</dst>
            <dst id="CHINng">80909.9066666667</dst>
            <dst id="DNVRng">22385.9386666667</dst>
            <dst id="HSTNng">46014.9973333333</dst>
            <dst id="IPLSng">64846.704</dst>
            <dst id="KSCYng">23228.6986666667</dst>
            <dst id="LOSAng">72354.008</dst>
            <dst id="NYCMng">152247.837333333</dst>
            <dst id="SNVAng">10955.9786666667</dst>
            <dst id="STTLng">27903.8693333333</dst>
            <dst id="WASHng">83932.3493333333</dst>
        </src>
        <src id="SNVAng">
            <dst id="ATLA-M5">238.821333333333</dst>
            <dst id="ATLAng">843.653333333333</dst>
            <dst id="CHINng">6981.77333333333</dst>
            <dst id="DNVRng">17758.8986666667</dst>
            <dst id="HSTNng">1504.21066666667</dst>
            <dst id="IPLSng">3954.296</dst>
            <dst id="KSCYng">1645.592</dst>
            <dst id="LOSAng">3958.728</dst>
            <dst id="NYCMng">2795.07466666667</dst>
            <dst id="SNVAng">1377.24533333333</dst>
            <dst id="STTLng">2775.6</dst>
            <dst id="WASHng">1984.73066666667</dst>
        </src>
        <src id="STTLng">
            <dst id="ATLA-M5">789.301333333333</dst>
            <dst id="ATLAng">14795.24</dst>
            <dst id="CHINng">40448.0746666667</dst>
            <dst id="DNVRng">6339.14933333333</dst>
            <dst id="HSTNng">3529.17333333333</dst>
            <dst id="IPLSng">11235.5653333333</dst>
            <dst id="KSCYng">6404.14933333333</dst>
            <dst id="LOSAng">21656.9973333333</dst>
            <dst id="NYCMng">15047.7466666667</dst>
            <dst id="SNVAng">5680.856</dst>
            <dst id="STTLng">5875.95733333333</dst>
            <dst id="WASHng">11309.896</dst>
        </src>
        <src id="WASHng">
            <dst id="ATLA-M5">1281.32</dst>
            <dst id="ATLAng">139858.290666667</dst>
            <dst id="CHINng">81945.0346666667</dst>
            <dst id="DNVRng">55819.4453333333</dst>
            <dst id="HSTNng">10681.2906666667</dst>
            <dst id="IPLSng">50695.168</dst>
            <dst id="KSCYng">22215.8826666667</dst>
            <dst id="LOSAng">76093.8426666667</dst>
            <dst id="NYCMng">184486.576</dst>
            <dst id="SNVAng">4343.096</dst>
            <dst id="STTLng">34799.808</dst>
            <dst id="WASHng">192471.424</dst>
        </src>
    </IntraTM>
</TrafficMatrixFile>
