<?xml version="1.0" encoding="ISO-8859-1" standalone="yes"?>
<TrafficMatrixFile xsi:noNamespaceSchemaLocation="http://totem.run.montefiore.ulg.ac.be/Schema/TrafficMatrix-v1_2.xsd" xmlns:xsi="http://www.w3.org/2001/XMLSchema-instance">
    <IntraTM ASID="11537">
        <src id="ATLA-M5">
            <dst id="ATLA-M5">53.3333333333333</dst>
            <dst id="ATLAng">1098.392</dst>
            <dst id="CHINng">2426.42133333333</dst>
            <dst id="DNVRng">1393.97066666667</dst>
            <dst id="HSTNng">407.856</dst>
            <dst id="IPLSng">824.845333333333</dst>
            <dst id="KSCYng">246.184</dst>
            <dst id="LOSAng">748.584</dst>
            <dst id="NYCMng">576.704</dst>
            <dst id="SNVAng">270.36</dst>
            <dst id="STTLng">418.234666666667</dst>
            <dst id="WASHng">4005.36</dst>
        </src>
        <src id="ATLAng">
            <dst id="ATLA-M5">928.138666666667</dst>
            <dst id="ATLAng">27530.184</dst>
            <dst id="CHINng">23734.6133333333</dst>
            <dst id="DNVRng">5885.69866666667</dst>
            <dst id="HSTNng">10726.8586666667</dst>
            <dst id="IPLSng">35279.672</dst>
            <dst id="KSCYng">9995.93866666667</dst>
            <dst id="LOSAng">28897.8266666667</dst>
            <dst id="NYCMng">28335.4426666667</dst>
            <dst id="SNVAng">2992.97333333333</dst>
            <dst id="STTLng">14764.0266666667</dst>
            <dst id="WASHng">82747.1333333333</dst>
        </src>
        <src id="CHINng">
            <dst id="ATLA-M5">4268.10666666667</dst>
            <dst id="ATLAng">23146.464</dst>
            <dst id="CHINng">38692.448</dst>
            <dst id="DNVRng">14717.0506666667</dst>
            <dst id="HSTNng">16041.3706666667</dst>
            <dst id="IPLSng">42842.2106666667</dst>
            <dst id="KSCYng">7619.32</dst>
            <dst id="LOSAng">2514331.92</dst>
            <dst id="NYCMng">6120.01333333334</dst>
            <dst id="SNVAng">8718.704</dst>
            <dst id="STTLng">8944.33333333333</dst>
            <dst id="WASHng">23422.9146666667</dst>
        </src>
        <src id="DNVRng">
            <dst id="ATLA-M5">686.824</dst>
            <dst id="ATLAng">13532.4533333333</dst>
            <dst id="CHINng">54158.856</dst>
            <dst id="DNVRng">26007.2186666667</dst>
            <dst id="HSTNng">18045.5226666667</dst>
            <dst id="IPLSng">33870.0266666667</dst>
            <dst id="KSCYng">25722.6853333333</dst>
            <dst id="LOSAng">20759.4106666667</dst>
            <dst id="NYCMng">25940.4826666667</dst>
            <dst id="SNVAng">13143.344</dst>
            <dst id="STTLng">16838.288</dst>
            <dst id="WASHng">60998.936</dst>
        </src>
        <src id="HSTNng">
            <dst id="ATLA-M5">2720.70666666667</dst>
            <dst id="ATLAng">5227.024</dst>
            <dst id="CHINng">20128.9893333333</dst>
            <dst id="DNVRng">4442.88533333333</dst>
            <dst id="HSTNng">12525.896</dst>
            <dst id="IPLSng">11300.0586666667</dst>
            <dst id="KSCYng">8150.86933333333</dst>
            <dst id="LOSAng">102974.8</dst>
            <dst id="NYCMng">8400.736</dst>
            <dst id="SNVAng">1006.464</dst>
            <dst id="STTLng">5289.97333333333</dst>
            <dst id="WASHng">9156.23466666667</dst>
        </src>
        <src id="IPLSng">
            <dst id="ATLA-M5">1351.60533333333</dst>
            <dst id="ATLAng">23895.632</dst>
            <dst id="CHINng">97643.1946666667</dst>
            <dst id="DNVRng">26748.832</dst>
            <dst id="HSTNng">10405.6133333333</dst>
            <dst id="IPLSng">36940.8986666667</dst>
            <dst id="KSCYng">23375.608</dst>
            <dst id="LOSAng">106499.066666667</dst>
            <dst id="NYCMng">42558.5013333333</dst>
            <dst id="SNVAng">9418.83733333333</dst>
            <dst id="STTLng">16090.776</dst>
            <dst id="WASHng">52105.856</dst>
        </src>
        <src id="KSCYng">
            <dst id="ATLA-M5">1287.69333333333</dst>
            <dst id="ATLAng">6885.6</dst>
            <dst id="CHINng">47007.4026666667</dst>
            <dst id="DNVRng">8839.66933333333</dst>
            <dst id="HSTNng">9416.968</dst>
            <dst id="IPLSng">15194.5013333333</dst>
            <dst id="KSCYng">8767.49866666666</dst>
            <dst id="LOSAng">7232.67733333333</dst>
            <dst id="NYCMng">10363.048</dst>
            <dst id="SNVAng">1329.90933333333</dst>
            <dst id="STTLng">3346.664</dst>
            <dst id="WASHng">19880.192</dst>
        </src>
        <src id="LOSAng">
            <dst id="ATLA-M5">1376.59733333333</dst>
            <dst id="ATLAng">33120.6933333333</dst>
            <dst id="CHINng">120886.698666667</dst>
            <dst id="DNVRng">17335.4186666667</dst>
            <dst id="HSTNng">22660.8</dst>
            <dst id="IPLSng">60500.168</dst>
            <dst id="KSCYng">12733.088</dst>
            <dst id="LOSAng">22309.6266666667</dst>
            <dst id="NYCMng">63000.9813333333</dst>
            <dst id="SNVAng">9296.072</dst>
            <dst id="STTLng">36357.4453333333</dst>
            <dst id="WASHng">69955.9573333333</dst>
        </src>
        <src id="NYCMng">
            <dst id="ATLA-M5">2656.04533333333</dst>
            <dst id="ATLAng">59809.3013333333</dst>
            <dst id="CHINng">71502.4</dst>
            <dst id="DNVRng">45917.264</dst>
            <dst id="HSTNng">46746.2186666667</dst>
            <dst id="IPLSng">98639.1226666667</dst>
            <dst id="KSCYng">25831.32</dst>
            <dst id="LOSAng">104736.888</dst>
            <dst id="NYCMng">192906.026666667</dst>
            <dst id="SNVAng">16332.6426666667</dst>
            <dst id="STTLng">38240.944</dst>
            <dst id="WASHng">209724.76</dst>
        </src>
        <src id="SNVAng">
            <dst id="ATLA-M5">476.858666666667</dst>
            <dst id="ATLAng">1666.48266666667</dst>
            <dst id="CHINng">9262.42666666667</dst>
            <dst id="DNVRng">14383.6933333333</dst>
            <dst id="HSTNng">1536.912</dst>
            <dst id="IPLSng">5372.11733333333</dst>
            <dst id="KSCYng">1961.33866666667</dst>
            <dst id="LOSAng">42969.0693333333</dst>
            <dst id="NYCMng">1759.032</dst>
            <dst id="SNVAng">19777.176</dst>
            <dst id="STTLng">72158.2133333333</dst>
            <dst id="WASHng">4808.56266666667</dst>
        </src>
        <src id="STTLng">
            <dst id="ATLA-M5">106.197333333333</dst>
            <dst id="ATLAng">13306.0773333333</dst>
            <dst id="CHINng">68447.568</dst>
            <dst id="DNVRng">4211.44266666667</dst>
            <dst id="HSTNng">4814.28533333333</dst>
            <dst id="IPLSng">36991.8346666667</dst>
            <dst id="KSCYng">4655.70133333333</dst>
            <dst id="LOSAng">34834.0426666667</dst>
            <dst id="NYCMng">26318.2586666667</dst>
            <dst id="SNVAng">8460.51466666667</dst>
            <dst id="STTLng">14640.2213333333</dst>
            <dst id="WASHng">15052.2426666667</dst>
        </src>
        <src id="WASHng">
            <dst id="ATLA-M5">2954.72266666667</dst>
            <dst id="ATLAng">133552.901333333</dst>
            <dst id="CHINng">111409.810666667</dst>
            <dst id="DNVRng">68968.432</dst>
            <dst id="HSTNng">20236.1786666667</dst>
            <dst id="IPLSng">70570.432</dst>
            <dst id="KSCYng">20860.7226666667</dst>
            <dst id="LOSAng">96410.7733333333</dst>
            <dst id="NYCMng">197950.429333333</dst>
            <dst id="SNVAng">16026.7253333333</dst>
            <dst id="STTLng">36431.9253333333</dst>
            <dst id="WASHng">223763.016</dst>
        </src>
    </IntraTM>
</TrafficMatrixFile>
