<?xml version="1.0" encoding="ISO-8859-1" standalone="yes"?>
<TrafficMatrixFile xsi:noNamespaceSchemaLocation="http://totem.run.montefiore.ulg.ac.be/Schema/TrafficMatrix-v1_2.xsd" xmlns:xsi="http://www.w3.org/2001/XMLSchema-instance">
    <IntraTM ASID="11537">
        <src id="ATLA-M5">
            <dst id="ATLA-M5">112.213333333333</dst>
            <dst id="ATLAng">666.856</dst>
            <dst id="CHINng">3622.46933333333</dst>
            <dst id="DNVRng">1731.27466666667</dst>
            <dst id="HSTNng">275.728</dst>
            <dst id="IPLSng">1710.744</dst>
            <dst id="KSCYng">814.181333333333</dst>
            <dst id="LOSAng">142.072</dst>
            <dst id="NYCMng">803.709333333333</dst>
            <dst id="SNVAng">178.013333333333</dst>
            <dst id="STTLng">329.632</dst>
            <dst id="WASHng">2223.328</dst>
        </src>
        <src id="ATLAng">
            <dst id="ATLA-M5">1298.392</dst>
            <dst id="ATLAng">19755.272</dst>
            <dst id="CHINng">31406.216</dst>
            <dst id="DNVRng">22139.688</dst>
            <dst id="HSTNng">18483.7493333333</dst>
            <dst id="IPLSng">37129.7226666667</dst>
            <dst id="KSCYng">9323.45866666667</dst>
            <dst id="LOSAng">20682.1053333333</dst>
            <dst id="NYCMng">23494.4373333333</dst>
            <dst id="SNVAng">1879.17733333333</dst>
            <dst id="STTLng">6472.12</dst>
            <dst id="WASHng">76872.192</dst>
        </src>
        <src id="CHINng">
            <dst id="ATLA-M5">5565.752</dst>
            <dst id="ATLAng">26785.2133333333</dst>
            <dst id="CHINng">60632.616</dst>
            <dst id="DNVRng">18400.0906666667</dst>
            <dst id="HSTNng">27527.856</dst>
            <dst id="IPLSng">51778.208</dst>
            <dst id="KSCYng">15992.6266666667</dst>
            <dst id="LOSAng">33153.536</dst>
            <dst id="NYCMng">11146.3066666667</dst>
            <dst id="SNVAng">4485.672</dst>
            <dst id="STTLng">21246.5226666667</dst>
            <dst id="WASHng">23720.792</dst>
        </src>
        <src id="DNVRng">
            <dst id="ATLA-M5">1114.65333333333</dst>
            <dst id="ATLAng">11039.7093333333</dst>
            <dst id="CHINng">64398.2373333333</dst>
            <dst id="DNVRng">34201.48</dst>
            <dst id="HSTNng">18830.4106666667</dst>
            <dst id="IPLSng">34212.376</dst>
            <dst id="KSCYng">27326.1813333333</dst>
            <dst id="LOSAng">8485.81333333333</dst>
            <dst id="NYCMng">26711.696</dst>
            <dst id="SNVAng">18419.1786666667</dst>
            <dst id="STTLng">25131.2666666667</dst>
            <dst id="WASHng">72672.3733333333</dst>
        </src>
        <src id="HSTNng">
            <dst id="ATLA-M5">703.442666666667</dst>
            <dst id="ATLAng">5938.74933333333</dst>
            <dst id="CHINng">26440.104</dst>
            <dst id="DNVRng">7584.44</dst>
            <dst id="HSTNng">10284.0346666667</dst>
            <dst id="IPLSng">14861.9733333333</dst>
            <dst id="KSCYng">5461.13066666667</dst>
            <dst id="LOSAng">52497.048</dst>
            <dst id="NYCMng">12869.2853333333</dst>
            <dst id="SNVAng">3743.04266666667</dst>
            <dst id="STTLng">4369.24266666667</dst>
            <dst id="WASHng">15084.4293333333</dst>
        </src>
        <src id="IPLSng">
            <dst id="ATLA-M5">1034.208</dst>
            <dst id="ATLAng">61519.8906666667</dst>
            <dst id="CHINng">121504.965333333</dst>
            <dst id="DNVRng">42065.9413333333</dst>
            <dst id="HSTNng">13790.3146666667</dst>
            <dst id="IPLSng">45167.9786666667</dst>
            <dst id="KSCYng">22244.6026666667</dst>
            <dst id="LOSAng">40194.344</dst>
            <dst id="NYCMng">51113.536</dst>
            <dst id="SNVAng">5339.688</dst>
            <dst id="STTLng">22205.1573333333</dst>
            <dst id="WASHng">69170.256</dst>
        </src>
        <src id="KSCYng">
            <dst id="ATLA-M5">1051.81066666667</dst>
            <dst id="ATLAng">6848.36533333334</dst>
            <dst id="CHINng">34616.5333333333</dst>
            <dst id="DNVRng">13779.6053333333</dst>
            <dst id="HSTNng">6271.896</dst>
            <dst id="IPLSng">14043.464</dst>
            <dst id="KSCYng">10674.3226666667</dst>
            <dst id="LOSAng">11959.232</dst>
            <dst id="NYCMng">10069.5226666667</dst>
            <dst id="SNVAng">5180.34933333333</dst>
            <dst id="STTLng">5108.93066666667</dst>
            <dst id="WASHng">17338.9946666667</dst>
        </src>
        <src id="LOSAng">
            <dst id="ATLA-M5">1016.01866666667</dst>
            <dst id="ATLAng">24154.9786666667</dst>
            <dst id="CHINng">134108.122666667</dst>
            <dst id="DNVRng">16169.176</dst>
            <dst id="HSTNng">16513.6773333333</dst>
            <dst id="IPLSng">77178.9706666667</dst>
            <dst id="KSCYng">24700.464</dst>
            <dst id="LOSAng">13270.8293333333</dst>
            <dst id="NYCMng">65929.048</dst>
            <dst id="SNVAng">14445.5813333333</dst>
            <dst id="STTLng">34554.824</dst>
            <dst id="WASHng">82373.8853333333</dst>
        </src>
        <src id="NYCMng">
            <dst id="ATLA-M5">1597.88266666667</dst>
            <dst id="ATLAng">72827.7493333334</dst>
            <dst id="CHINng">75755.2933333333</dst>
            <dst id="DNVRng">55702.768</dst>
            <dst id="HSTNng">59461.0853333334</dst>
            <dst id="IPLSng">106283.453333333</dst>
            <dst id="KSCYng">30792.5706666667</dst>
            <dst id="LOSAng">86455.6506666666</dst>
            <dst id="NYCMng">151132.546666667</dst>
            <dst id="SNVAng">14375.4986666667</dst>
            <dst id="STTLng">51668.4053333333</dst>
            <dst id="WASHng">200534.493333333</dst>
        </src>
        <src id="SNVAng">
            <dst id="ATLA-M5">1449.984</dst>
            <dst id="ATLAng">1216.45066666667</dst>
            <dst id="CHINng">7336.40533333333</dst>
            <dst id="DNVRng">10142.56</dst>
            <dst id="HSTNng">738.224</dst>
            <dst id="IPLSng">7466.17333333333</dst>
            <dst id="KSCYng">1817.656</dst>
            <dst id="LOSAng">43230.3866666667</dst>
            <dst id="NYCMng">3339.94133333333</dst>
            <dst id="SNVAng">21057.272</dst>
            <dst id="STTLng">67555.424</dst>
            <dst id="WASHng">3720.11733333333</dst>
        </src>
        <src id="STTLng">
            <dst id="ATLA-M5">306.389333333333</dst>
            <dst id="ATLAng">15249.7333333333</dst>
            <dst id="CHINng">72912.0826666667</dst>
            <dst id="DNVRng">13729.0293333333</dst>
            <dst id="HSTNng">6152.52266666667</dst>
            <dst id="IPLSng">38301.3386666667</dst>
            <dst id="KSCYng">7777.16266666667</dst>
            <dst id="LOSAng">34580.2213333333</dst>
            <dst id="NYCMng">27651.8666666667</dst>
            <dst id="SNVAng">13807.344</dst>
            <dst id="STTLng">15947.376</dst>
            <dst id="WASHng">20561.704</dst>
        </src>
        <src id="WASHng">
            <dst id="ATLA-M5">3566.02666666667</dst>
            <dst id="ATLAng">137586.72</dst>
            <dst id="CHINng">106127.413333333</dst>
            <dst id="DNVRng">75443.9626666667</dst>
            <dst id="HSTNng">25869.656</dst>
            <dst id="IPLSng">107271.090666667</dst>
            <dst id="KSCYng">25410.4693333333</dst>
            <dst id="LOSAng">92454.6533333334</dst>
            <dst id="NYCMng">235039.789333333</dst>
            <dst id="SNVAng">14025.1546666667</dst>
            <dst id="STTLng">47034.792</dst>
            <dst id="WASHng">302967.84</dst>
        </src>
    </IntraTM>
</TrafficMatrixFile>
