<?xml version="1.0" encoding="ISO-8859-1" standalone="yes"?>
<TrafficMatrixFile xsi:noNamespaceSchemaLocation="http://totem.run.montefiore.ulg.ac.be/Schema/TrafficMatrix-v1_2.xsd" xmlns:xsi="http://www.w3.org/2001/XMLSchema-instance">
    <IntraTM ASID="11537">
        <src id="ATLA-M5">
            <dst id="ATLA-M5">0</dst>
            <dst id="ATLAng">363.234666666667</dst>
            <dst id="CHINng">1924.55466666667</dst>
            <dst id="DNVRng">191.368</dst>
            <dst id="HSTNng">281.08</dst>
            <dst id="IPLSng">2073.21866666667</dst>
            <dst id="KSCYng">133.837333333333</dst>
            <dst id="LOSAng">439.749333333333</dst>
            <dst id="NYCMng">492.768</dst>
            <dst id="SNVAng">331.664</dst>
            <dst id="STTLng">295.509333333333</dst>
            <dst id="WASHng">794.146666666667</dst>
        </src>
        <src id="ATLAng">
            <dst id="ATLA-M5">1384.96266666667</dst>
            <dst id="ATLAng">20530.416</dst>
            <dst id="CHINng">25572.0666666667</dst>
            <dst id="DNVRng">5197.56</dst>
            <dst id="HSTNng">6392.73866666667</dst>
            <dst id="IPLSng">35812.0426666667</dst>
            <dst id="KSCYng">8939.768</dst>
            <dst id="LOSAng">20676.7413333333</dst>
            <dst id="NYCMng">21149.6133333333</dst>
            <dst id="SNVAng">2913.05866666667</dst>
            <dst id="STTLng">9524.97066666667</dst>
            <dst id="WASHng">67564.832</dst>
        </src>
        <src id="CHINng">
            <dst id="ATLA-M5">4622.06666666667</dst>
            <dst id="ATLAng">16148.3333333333</dst>
            <dst id="CHINng">41439.768</dst>
            <dst id="DNVRng">14780.8213333333</dst>
            <dst id="HSTNng">11942.68</dst>
            <dst id="IPLSng">41498.44</dst>
            <dst id="KSCYng">10425.1546666667</dst>
            <dst id="LOSAng">29425.7466666667</dst>
            <dst id="NYCMng">3774.056</dst>
            <dst id="SNVAng">3543.33866666667</dst>
            <dst id="STTLng">6714.03733333333</dst>
            <dst id="WASHng">16677.1413333333</dst>
        </src>
        <src id="DNVRng">
            <dst id="ATLA-M5">249.184</dst>
            <dst id="ATLAng">9976.176</dst>
            <dst id="CHINng">52376.768</dst>
            <dst id="DNVRng">27089.6426666667</dst>
            <dst id="HSTNng">15781.2826666667</dst>
            <dst id="IPLSng">41042.2053333333</dst>
            <dst id="KSCYng">21927.392</dst>
            <dst id="LOSAng">15522.5786666667</dst>
            <dst id="NYCMng">23534.6373333333</dst>
            <dst id="SNVAng">14111.6133333333</dst>
            <dst id="STTLng">26106.6933333333</dst>
            <dst id="WASHng">67758.416</dst>
        </src>
        <src id="HSTNng">
            <dst id="ATLA-M5">674.682666666667</dst>
            <dst id="ATLAng">10876.824</dst>
            <dst id="CHINng">19151.1306666667</dst>
            <dst id="DNVRng">4178.968</dst>
            <dst id="HSTNng">7342.15733333333</dst>
            <dst id="IPLSng">9364.504</dst>
            <dst id="KSCYng">2736.28266666667</dst>
            <dst id="LOSAng">9036.08533333333</dst>
            <dst id="NYCMng">8285.104</dst>
            <dst id="SNVAng">2192.35733333333</dst>
            <dst id="STTLng">3777.17866666667</dst>
            <dst id="WASHng">10343.7546666667</dst>
        </src>
        <src id="IPLSng">
            <dst id="ATLA-M5">748.226666666667</dst>
            <dst id="ATLAng">21482.7573333333</dst>
            <dst id="CHINng">78532.528</dst>
            <dst id="DNVRng">31833.68</dst>
            <dst id="HSTNng">9279.128</dst>
            <dst id="IPLSng">32458.2506666667</dst>
            <dst id="KSCYng">15452.8133333333</dst>
            <dst id="LOSAng">28331.6693333333</dst>
            <dst id="NYCMng">36123.4773333333</dst>
            <dst id="SNVAng">4024.33866666667</dst>
            <dst id="STTLng">17809.9093333333</dst>
            <dst id="WASHng">58716.856</dst>
        </src>
        <src id="KSCYng">
            <dst id="ATLA-M5">738.474666666667</dst>
            <dst id="ATLAng">7030.45066666667</dst>
            <dst id="CHINng">24670.9333333333</dst>
            <dst id="DNVRng">7527.06133333333</dst>
            <dst id="HSTNng">4554.368</dst>
            <dst id="IPLSng">13733.992</dst>
            <dst id="KSCYng">10008.0693333333</dst>
            <dst id="LOSAng">6482.27733333333</dst>
            <dst id="NYCMng">9159.20533333333</dst>
            <dst id="SNVAng">2471.23466666667</dst>
            <dst id="STTLng">5284.87733333333</dst>
            <dst id="WASHng">17857.2613333333</dst>
        </src>
        <src id="LOSAng">
            <dst id="ATLA-M5">3120.64533333333</dst>
            <dst id="ATLAng">26882.5546666667</dst>
            <dst id="CHINng">96738.344</dst>
            <dst id="DNVRng">13416.5546666667</dst>
            <dst id="HSTNng">15491.6693333333</dst>
            <dst id="IPLSng">46977.7306666667</dst>
            <dst id="KSCYng">13681.872</dst>
            <dst id="LOSAng">18564.488</dst>
            <dst id="NYCMng">65816.592</dst>
            <dst id="SNVAng">11241.9573333333</dst>
            <dst id="STTLng">35047.112</dst>
            <dst id="WASHng">81271.9546666667</dst>
        </src>
        <src id="NYCMng">
            <dst id="ATLA-M5">3329.17333333333</dst>
            <dst id="ATLAng">57678.8426666667</dst>
            <dst id="CHINng">71093.624</dst>
            <dst id="DNVRng">42022.552</dst>
            <dst id="HSTNng">41891.7146666667</dst>
            <dst id="IPLSng">83419.952</dst>
            <dst id="KSCYng">24141.7173333333</dst>
            <dst id="LOSAng">87461.4613333333</dst>
            <dst id="NYCMng">149844.421333333</dst>
            <dst id="SNVAng">13650.344</dst>
            <dst id="STTLng">45694.7733333333</dst>
            <dst id="WASHng">192348.36</dst>
        </src>
        <src id="SNVAng">
            <dst id="ATLA-M5">207.56</dst>
            <dst id="ATLAng">1484.92266666667</dst>
            <dst id="CHINng">5014.89066666667</dst>
            <dst id="DNVRng">8368.8</dst>
            <dst id="HSTNng">1432.57333333333</dst>
            <dst id="IPLSng">3034.752</dst>
            <dst id="KSCYng">1373.784</dst>
            <dst id="LOSAng">39845.2373333333</dst>
            <dst id="NYCMng">2545.02933333333</dst>
            <dst id="SNVAng">17804.9173333333</dst>
            <dst id="STTLng">75232.184</dst>
            <dst id="WASHng">3345.78133333333</dst>
        </src>
        <src id="STTLng">
            <dst id="ATLA-M5">115.890666666667</dst>
            <dst id="ATLAng">11906.248</dst>
            <dst id="CHINng">45778.144</dst>
            <dst id="DNVRng">4408.46666666667</dst>
            <dst id="HSTNng">3108.81333333333</dst>
            <dst id="IPLSng">18414.888</dst>
            <dst id="KSCYng">4470.976</dst>
            <dst id="LOSAng">37012.7253333333</dst>
            <dst id="NYCMng">27542.504</dst>
            <dst id="SNVAng">7444.96533333333</dst>
            <dst id="STTLng">14304.6346666667</dst>
            <dst id="WASHng">16834.624</dst>
        </src>
        <src id="WASHng">
            <dst id="ATLA-M5">742.261333333333</dst>
            <dst id="ATLAng">145128.157333333</dst>
            <dst id="CHINng">123397.482666667</dst>
            <dst id="DNVRng">69898.096</dst>
            <dst id="HSTNng">37572.5466666667</dst>
            <dst id="IPLSng">85860.6026666667</dst>
            <dst id="KSCYng">29243.1546666667</dst>
            <dst id="LOSAng">77730.848</dst>
            <dst id="NYCMng">184015.104</dst>
            <dst id="SNVAng">21526.4586666667</dst>
            <dst id="STTLng">41693.8293333333</dst>
            <dst id="WASHng">233995.32</dst>
        </src>
    </IntraTM>
</TrafficMatrixFile>
