<?xml version="1.0" encoding="ISO-8859-1" standalone="yes"?>
<TrafficMatrixFile xsi:noNamespaceSchemaLocation="http://totem.run.montefiore.ulg.ac.be/Schema/TrafficMatrix-v1_2.xsd" xmlns:xsi="http://www.w3.org/2001/XMLSchema-instance">
    <IntraTM ASID="11537">
        <src id="ATLA-M5">
            <dst id="ATLA-M5">0</dst>
            <dst id="ATLAng">549.101333333333</dst>
            <dst id="CHINng">1373.80266666667</dst>
            <dst id="DNVRng">194.458666666667</dst>
            <dst id="HSTNng">522.637333333333</dst>
            <dst id="IPLSng">3125.64266666667</dst>
            <dst id="KSCYng">781.896</dst>
            <dst id="LOSAng">490.061333333333</dst>
            <dst id="NYCMng">996.626666666667</dst>
            <dst id="SNVAng">365.76</dst>
            <dst id="STTLng">415.989333333333</dst>
            <dst id="WASHng">1784.512</dst>
        </src>
        <src id="ATLAng">
            <dst id="ATLA-M5">917.789333333333</dst>
            <dst id="ATLAng">20285.6453333333</dst>
            <dst id="CHINng">22917.2933333333</dst>
            <dst id="DNVRng">6378.17866666667</dst>
            <dst id="HSTNng">6199.72533333333</dst>
            <dst id="IPLSng">31300.904</dst>
            <dst id="KSCYng">4108.40533333333</dst>
            <dst id="LOSAng">17083.96</dst>
            <dst id="NYCMng">16685.408</dst>
            <dst id="SNVAng">2713.73866666667</dst>
            <dst id="STTLng">9487.41866666667</dst>
            <dst id="WASHng">63612.0026666667</dst>
        </src>
        <src id="CHINng">
            <dst id="ATLA-M5">3883.59733333333</dst>
            <dst id="ATLAng">15179.5653333333</dst>
            <dst id="CHINng">28874.5013333333</dst>
            <dst id="DNVRng">11294.96</dst>
            <dst id="HSTNng">11941.9093333333</dst>
            <dst id="IPLSng">51547.976</dst>
            <dst id="KSCYng">9990.128</dst>
            <dst id="LOSAng">28947.4186666667</dst>
            <dst id="NYCMng">4748.16533333333</dst>
            <dst id="SNVAng">5073.12533333333</dst>
            <dst id="STTLng">8702.80533333333</dst>
            <dst id="WASHng">11269.7653333333</dst>
        </src>
        <src id="DNVRng">
            <dst id="ATLA-M5">476.970666666667</dst>
            <dst id="ATLAng">10405.6</dst>
            <dst id="CHINng">55480.0906666667</dst>
            <dst id="DNVRng">18077.9013333333</dst>
            <dst id="HSTNng">12131.4293333333</dst>
            <dst id="IPLSng">44410.2293333333</dst>
            <dst id="KSCYng">21365.3493333333</dst>
            <dst id="LOSAng">9401.904</dst>
            <dst id="NYCMng">25072.744</dst>
            <dst id="SNVAng">9083.4</dst>
            <dst id="STTLng">13417.4506666667</dst>
            <dst id="WASHng">62065.336</dst>
        </src>
        <src id="HSTNng">
            <dst id="ATLA-M5">3580.768</dst>
            <dst id="ATLAng">9608.88</dst>
            <dst id="CHINng">22324.2453333333</dst>
            <dst id="DNVRng">4434.36266666667</dst>
            <dst id="HSTNng">7709.072</dst>
            <dst id="IPLSng">10421.7866666667</dst>
            <dst id="KSCYng">3743.97333333333</dst>
            <dst id="LOSAng">102598.986666667</dst>
            <dst id="NYCMng">8417.82133333334</dst>
            <dst id="SNVAng">1612.83733333333</dst>
            <dst id="STTLng">3149.072</dst>
            <dst id="WASHng">12251.1413333333</dst>
        </src>
        <src id="IPLSng">
            <dst id="ATLA-M5">2267.28266666667</dst>
            <dst id="ATLAng">17181.6746666667</dst>
            <dst id="CHINng">81404.3413333333</dst>
            <dst id="DNVRng">29489.016</dst>
            <dst id="HSTNng">12022.4986666667</dst>
            <dst id="IPLSng">37923.3413333333</dst>
            <dst id="KSCYng">17176.672</dst>
            <dst id="LOSAng">85212.3466666667</dst>
            <dst id="NYCMng">46942.808</dst>
            <dst id="SNVAng">3552.06666666667</dst>
            <dst id="STTLng">19977.768</dst>
            <dst id="WASHng">54267.6026666667</dst>
        </src>
        <src id="KSCYng">
            <dst id="ATLA-M5">1125.67466666667</dst>
            <dst id="ATLAng">4369.69066666667</dst>
            <dst id="CHINng">26138.9013333333</dst>
            <dst id="DNVRng">12350.2266666667</dst>
            <dst id="HSTNng">4917.08533333333</dst>
            <dst id="IPLSng">17095.1013333333</dst>
            <dst id="KSCYng">12399.072</dst>
            <dst id="LOSAng">6765.896</dst>
            <dst id="NYCMng">10848.4426666667</dst>
            <dst id="SNVAng">1514.79466666667</dst>
            <dst id="STTLng">5671.664</dst>
            <dst id="WASHng">19541.816</dst>
        </src>
        <src id="LOSAng">
            <dst id="ATLA-M5">1110.39733333333</dst>
            <dst id="ATLAng">25158.152</dst>
            <dst id="CHINng">102006.178666667</dst>
            <dst id="DNVRng">13483.7306666667</dst>
            <dst id="HSTNng">14540.336</dst>
            <dst id="IPLSng">60374.5573333333</dst>
            <dst id="KSCYng">12270.544</dst>
            <dst id="LOSAng">18239.88</dst>
            <dst id="NYCMng">65543.9413333333</dst>
            <dst id="SNVAng">10844.3626666667</dst>
            <dst id="STTLng">32387.1786666667</dst>
            <dst id="WASHng">78825.4533333333</dst>
        </src>
        <src id="NYCMng">
            <dst id="ATLA-M5">2561.99466666667</dst>
            <dst id="ATLAng">47165.9626666667</dst>
            <dst id="CHINng">80769.024</dst>
            <dst id="DNVRng">35746.8053333333</dst>
            <dst id="HSTNng">44138.5866666667</dst>
            <dst id="IPLSng">75261.5333333333</dst>
            <dst id="KSCYng">28214.0826666667</dst>
            <dst id="LOSAng">90523.072</dst>
            <dst id="NYCMng">163252.696</dst>
            <dst id="SNVAng">12329.976</dst>
            <dst id="STTLng">40951.624</dst>
            <dst id="WASHng">205958.666666667</dst>
        </src>
        <src id="SNVAng">
            <dst id="ATLA-M5">261.418666666667</dst>
            <dst id="ATLAng">1263.98933333333</dst>
            <dst id="CHINng">4598.15733333333</dst>
            <dst id="DNVRng">7718.01066666667</dst>
            <dst id="HSTNng">1827.90666666667</dst>
            <dst id="IPLSng">3702.752</dst>
            <dst id="KSCYng">1396.10666666667</dst>
            <dst id="LOSAng">41039.376</dst>
            <dst id="NYCMng">2870.94133333333</dst>
            <dst id="SNVAng">18739.232</dst>
            <dst id="STTLng">73956.4186666667</dst>
            <dst id="WASHng">3372.46933333333</dst>
        </src>
        <src id="STTLng">
            <dst id="ATLA-M5">129.586666666667</dst>
            <dst id="ATLAng">10806.464</dst>
            <dst id="CHINng">44835.8426666667</dst>
            <dst id="DNVRng">4570.84266666667</dst>
            <dst id="HSTNng">3174.15466666667</dst>
            <dst id="IPLSng">18207.0746666667</dst>
            <dst id="KSCYng">5152.17066666667</dst>
            <dst id="LOSAng">32325.7066666667</dst>
            <dst id="NYCMng">26154.456</dst>
            <dst id="SNVAng">6687.13866666667</dst>
            <dst id="STTLng">12080.4853333333</dst>
            <dst id="WASHng">14057.5333333333</dst>
        </src>
        <src id="WASHng">
            <dst id="ATLA-M5">9429.10666666667</dst>
            <dst id="ATLAng">146897.968</dst>
            <dst id="CHINng">93323.9413333333</dst>
            <dst id="DNVRng">60052.6426666667</dst>
            <dst id="HSTNng">27485.8586666667</dst>
            <dst id="IPLSng">83617.5306666667</dst>
            <dst id="KSCYng">18614.6853333333</dst>
            <dst id="LOSAng">76376.2613333334</dst>
            <dst id="NYCMng">181460.250666667</dst>
            <dst id="SNVAng">21576.5733333333</dst>
            <dst id="STTLng">42591.5973333333</dst>
            <dst id="WASHng">245281.034666667</dst>
        </src>
    </IntraTM>
</TrafficMatrixFile>
