<?xml version="1.0" encoding="ISO-8859-1" standalone="yes"?>
<TrafficMatrixFile xsi:noNamespaceSchemaLocation="http://totem.run.montefiore.ulg.ac.be/Schema/TrafficMatrix-v1_2.xsd" xmlns:xsi="http://www.w3.org/2001/XMLSchema-instance">
    <IntraTM ASID="11537">
        <src id="ATLA-M5">
            <dst id="ATLA-M5">65.48</dst>
            <dst id="ATLAng">999.056</dst>
            <dst id="CHINng">2979.08266666667</dst>
            <dst id="DNVRng">970.077333333333</dst>
            <dst id="HSTNng">443.586666666667</dst>
            <dst id="IPLSng">619.976</dst>
            <dst id="KSCYng">314.978666666667</dst>
            <dst id="LOSAng">1212.696</dst>
            <dst id="NYCMng">698.298666666667</dst>
            <dst id="SNVAng">718.906666666666</dst>
            <dst id="STTLng">200.28</dst>
            <dst id="WASHng">2068.192</dst>
        </src>
        <src id="ATLAng">
            <dst id="ATLA-M5">1147.88533333333</dst>
            <dst id="ATLAng">30892.28</dst>
            <dst id="CHINng">26072.4453333333</dst>
            <dst id="DNVRng">19988.0293333333</dst>
            <dst id="HSTNng">23185.4666666667</dst>
            <dst id="IPLSng">65362.24</dst>
            <dst id="KSCYng">11797.36</dst>
            <dst id="LOSAng">25150.9453333333</dst>
            <dst id="NYCMng">32550.872</dst>
            <dst id="SNVAng">3890.79866666667</dst>
            <dst id="STTLng">6607.888</dst>
            <dst id="WASHng">75047.0613333333</dst>
        </src>
        <src id="CHINng">
            <dst id="ATLA-M5">4119.48266666667</dst>
            <dst id="ATLAng">27241.2026666667</dst>
            <dst id="CHINng">34000.8053333333</dst>
            <dst id="DNVRng">12824.9466666667</dst>
            <dst id="HSTNng">20446.576</dst>
            <dst id="IPLSng">32784.0133333333</dst>
            <dst id="KSCYng">9456.024</dst>
            <dst id="LOSAng">32421.6933333333</dst>
            <dst id="NYCMng">9514.62133333333</dst>
            <dst id="SNVAng">11237.5626666667</dst>
            <dst id="STTLng">8446.96266666667</dst>
            <dst id="WASHng">21869.4666666667</dst>
        </src>
        <src id="DNVRng">
            <dst id="ATLA-M5">577.256</dst>
            <dst id="ATLAng">6420.90933333333</dst>
            <dst id="CHINng">62557.2293333333</dst>
            <dst id="DNVRng">17798.072</dst>
            <dst id="HSTNng">13831.8133333333</dst>
            <dst id="IPLSng">61055.2</dst>
            <dst id="KSCYng">11486.0293333333</dst>
            <dst id="LOSAng">11310.832</dst>
            <dst id="NYCMng">17994.3946666667</dst>
            <dst id="SNVAng">12440.72</dst>
            <dst id="STTLng">24015.3173333333</dst>
            <dst id="WASHng">49729.8346666667</dst>
        </src>
        <src id="HSTNng">
            <dst id="ATLA-M5">821.2</dst>
            <dst id="ATLAng">5984.23733333333</dst>
            <dst id="CHINng">24453.48</dst>
            <dst id="DNVRng">5724.016</dst>
            <dst id="HSTNng">15779.08</dst>
            <dst id="IPLSng">17321.0266666667</dst>
            <dst id="KSCYng">5091.616</dst>
            <dst id="LOSAng">101274.952</dst>
            <dst id="NYCMng">14076.5413333333</dst>
            <dst id="SNVAng">4008.184</dst>
            <dst id="STTLng">6334.18133333333</dst>
            <dst id="WASHng">9475.78666666667</dst>
        </src>
        <src id="IPLSng">
            <dst id="ATLA-M5">1010.36266666667</dst>
            <dst id="ATLAng">55732.2586666667</dst>
            <dst id="CHINng">94746.1253333334</dst>
            <dst id="DNVRng">31644.7626666667</dst>
            <dst id="HSTNng">10931.2426666667</dst>
            <dst id="IPLSng">37134.232</dst>
            <dst id="KSCYng">19638.8826666667</dst>
            <dst id="LOSAng">39708.0186666667</dst>
            <dst id="NYCMng">32312.088</dst>
            <dst id="SNVAng">7606.14133333333</dst>
            <dst id="STTLng">21490.7973333333</dst>
            <dst id="WASHng">52611.8506666667</dst>
        </src>
        <src id="KSCYng">
            <dst id="ATLA-M5">877.445333333333</dst>
            <dst id="ATLAng">7067.888</dst>
            <dst id="CHINng">48736.0346666667</dst>
            <dst id="DNVRng">16809.6133333333</dst>
            <dst id="HSTNng">7096.85333333333</dst>
            <dst id="IPLSng">15124.1253333333</dst>
            <dst id="KSCYng">10700.0613333333</dst>
            <dst id="LOSAng">8477.97066666667</dst>
            <dst id="NYCMng">14044.6533333333</dst>
            <dst id="SNVAng">1873.03733333333</dst>
            <dst id="STTLng">5481.19733333333</dst>
            <dst id="WASHng">15181.632</dst>
        </src>
        <src id="LOSAng">
            <dst id="ATLA-M5">1900.216</dst>
            <dst id="ATLAng">22947.4533333333</dst>
            <dst id="CHINng">118151.738666667</dst>
            <dst id="DNVRng">14208.096</dst>
            <dst id="HSTNng">14902.632</dst>
            <dst id="IPLSng">47578.4666666667</dst>
            <dst id="KSCYng">15304.328</dst>
            <dst id="LOSAng">13520.5733333333</dst>
            <dst id="NYCMng">56709.3306666667</dst>
            <dst id="SNVAng">11425.5546666667</dst>
            <dst id="STTLng">32327.6613333333</dst>
            <dst id="WASHng">65496</dst>
        </src>
        <src id="NYCMng">
            <dst id="ATLA-M5">2720.82133333333</dst>
            <dst id="ATLAng">53303.7973333333</dst>
            <dst id="CHINng">69889.9573333333</dst>
            <dst id="DNVRng">53401.7973333333</dst>
            <dst id="HSTNng">41353.8746666667</dst>
            <dst id="IPLSng">99459.544</dst>
            <dst id="KSCYng">23396.792</dst>
            <dst id="LOSAng">93780.48</dst>
            <dst id="NYCMng">149569.056</dst>
            <dst id="SNVAng">15524.048</dst>
            <dst id="STTLng">40274.7093333333</dst>
            <dst id="WASHng">181467.893333333</dst>
        </src>
        <src id="SNVAng">
            <dst id="ATLA-M5">304.672</dst>
            <dst id="ATLAng">1234.14133333333</dst>
            <dst id="CHINng">9837.00266666667</dst>
            <dst id="DNVRng">4967.312</dst>
            <dst id="HSTNng">883.853333333333</dst>
            <dst id="IPLSng">1640.58666666667</dst>
            <dst id="KSCYng">723.162666666667</dst>
            <dst id="LOSAng">46232.8426666667</dst>
            <dst id="NYCMng">2308.73866666667</dst>
            <dst id="SNVAng">17378.2853333333</dst>
            <dst id="STTLng">62948.576</dst>
            <dst id="WASHng">5108.25866666667</dst>
        </src>
        <src id="STTLng">
            <dst id="ATLA-M5">164.114666666667</dst>
            <dst id="ATLAng">14534.8586666667</dst>
            <dst id="CHINng">60107.0613333333</dst>
            <dst id="DNVRng">10003.5226666667</dst>
            <dst id="HSTNng">4744.92533333333</dst>
            <dst id="IPLSng">27636.2346666667</dst>
            <dst id="KSCYng">5129.12</dst>
            <dst id="LOSAng">37517.08</dst>
            <dst id="NYCMng">29546.6346666667</dst>
            <dst id="SNVAng">9047.17333333333</dst>
            <dst id="STTLng">9170.06133333333</dst>
            <dst id="WASHng">20710.3173333333</dst>
        </src>
        <src id="WASHng">
            <dst id="ATLA-M5">15856.1733333333</dst>
            <dst id="ATLAng">152518.754666667</dst>
            <dst id="CHINng">81540.728</dst>
            <dst id="DNVRng">64504.2693333333</dst>
            <dst id="HSTNng">30860.232</dst>
            <dst id="IPLSng">73956.6053333333</dst>
            <dst id="KSCYng">21594.5146666667</dst>
            <dst id="LOSAng">106017.717333333</dst>
            <dst id="NYCMng">174505.064</dst>
            <dst id="SNVAng">12876.056</dst>
            <dst id="STTLng">33331.4906666667</dst>
            <dst id="WASHng">248936.296</dst>
        </src>
    </IntraTM>
</TrafficMatrixFile>
