<?xml version="1.0" encoding="ISO-8859-1" standalone="yes"?>
<TrafficMatrixFile xsi:noNamespaceSchemaLocation="http://totem.run.montefiore.ulg.ac.be/Schema/TrafficMatrix-v1_2.xsd" xmlns:xsi="http://www.w3.org/2001/XMLSchema-instance">
    <IntraTM ASID="11537">
        <src id="ATLA-M5">
            <dst id="ATLA-M5">26.6666666666667</dst>
            <dst id="ATLAng">447.978666666667</dst>
            <dst id="CHINng">1290.70133333333</dst>
            <dst id="DNVRng">816.133333333334</dst>
            <dst id="HSTNng">349.613333333333</dst>
            <dst id="IPLSng">1578.33066666667</dst>
            <dst id="KSCYng">330.976</dst>
            <dst id="LOSAng">697.805333333333</dst>
            <dst id="NYCMng">3200.94666666667</dst>
            <dst id="SNVAng">200.818666666667</dst>
            <dst id="STTLng">198.930666666667</dst>
            <dst id="WASHng">1919.16266666667</dst>
        </src>
        <src id="ATLAng">
            <dst id="ATLA-M5">2376.10666666667</dst>
            <dst id="ATLAng">29261.6933333333</dst>
            <dst id="CHINng">50330.7333333333</dst>
            <dst id="DNVRng">17629.256</dst>
            <dst id="HSTNng">13482.6453333333</dst>
            <dst id="IPLSng">62340.808</dst>
            <dst id="KSCYng">9111.93066666667</dst>
            <dst id="LOSAng">24833.9706666667</dst>
            <dst id="NYCMng">23764.1733333333</dst>
            <dst id="SNVAng">4386.26666666667</dst>
            <dst id="STTLng">6430.31466666667</dst>
            <dst id="WASHng">75706.3493333333</dst>
        </src>
        <src id="CHINng">
            <dst id="ATLA-M5">5486.50133333333</dst>
            <dst id="ATLAng">18268.5173333333</dst>
            <dst id="CHINng">34267.384</dst>
            <dst id="DNVRng">8135.16533333333</dst>
            <dst id="HSTNng">15588.6373333333</dst>
            <dst id="IPLSng">53352.3626666667</dst>
            <dst id="KSCYng">6073.38933333334</dst>
            <dst id="LOSAng">30328.392</dst>
            <dst id="NYCMng">7254.184</dst>
            <dst id="SNVAng">5146.34666666667</dst>
            <dst id="STTLng">8758.896</dst>
            <dst id="WASHng">22119.9653333333</dst>
        </src>
        <src id="DNVRng">
            <dst id="ATLA-M5">788.106666666667</dst>
            <dst id="ATLAng">9560.28533333333</dst>
            <dst id="CHINng">62117.84</dst>
            <dst id="DNVRng">44652.728</dst>
            <dst id="HSTNng">15615.472</dst>
            <dst id="IPLSng">38928.6373333333</dst>
            <dst id="KSCYng">10593.8773333333</dst>
            <dst id="LOSAng">10383.2506666667</dst>
            <dst id="NYCMng">19782.424</dst>
            <dst id="SNVAng">13627.5786666667</dst>
            <dst id="STTLng">31870.784</dst>
            <dst id="WASHng">45453.6746666667</dst>
        </src>
        <src id="HSTNng">
            <dst id="ATLA-M5">2029.65333333333</dst>
            <dst id="ATLAng">4687.648</dst>
            <dst id="CHINng">28414.3973333333</dst>
            <dst id="DNVRng">8372.07466666667</dst>
            <dst id="HSTNng">11301.912</dst>
            <dst id="IPLSng">13738.5253333333</dst>
            <dst id="KSCYng">4190.2</dst>
            <dst id="LOSAng">7890.14133333333</dst>
            <dst id="NYCMng">13760.4826666667</dst>
            <dst id="SNVAng">4018.32266666667</dst>
            <dst id="STTLng">4472.46133333333</dst>
            <dst id="WASHng">9051.83466666667</dst>
        </src>
        <src id="IPLSng">
            <dst id="ATLA-M5">1319.86666666667</dst>
            <dst id="ATLAng">57398.568</dst>
            <dst id="CHINng">115349.877333333</dst>
            <dst id="DNVRng">42485.2213333333</dst>
            <dst id="HSTNng">12046.424</dst>
            <dst id="IPLSng">51361.392</dst>
            <dst id="KSCYng">16910.6613333333</dst>
            <dst id="LOSAng">107211.381333333</dst>
            <dst id="NYCMng">35313.816</dst>
            <dst id="SNVAng">8388.48266666667</dst>
            <dst id="STTLng">16133.0986666667</dst>
            <dst id="WASHng">43642.072</dst>
        </src>
        <src id="KSCYng">
            <dst id="ATLA-M5">1242.672</dst>
            <dst id="ATLAng">11439.2933333333</dst>
            <dst id="CHINng">50232.128</dst>
            <dst id="DNVRng">12652.928</dst>
            <dst id="HSTNng">15563.504</dst>
            <dst id="IPLSng">13249.2</dst>
            <dst id="KSCYng">7224.70933333333</dst>
            <dst id="LOSAng">9849.488</dst>
            <dst id="NYCMng">9819.62133333333</dst>
            <dst id="SNVAng">3878.81066666667</dst>
            <dst id="STTLng">6284.52</dst>
            <dst id="WASHng">17753.3306666667</dst>
        </src>
        <src id="LOSAng">
            <dst id="ATLA-M5">1060.30933333333</dst>
            <dst id="ATLAng">45737.4053333333</dst>
            <dst id="CHINng">118936.754666667</dst>
            <dst id="DNVRng">22624.008</dst>
            <dst id="HSTNng">11331.0773333333</dst>
            <dst id="IPLSng">54171.5973333333</dst>
            <dst id="KSCYng">10611.8133333333</dst>
            <dst id="LOSAng">13688.0773333333</dst>
            <dst id="NYCMng">60775.488</dst>
            <dst id="SNVAng">11360.8373333333</dst>
            <dst id="STTLng">29887.9653333333</dst>
            <dst id="WASHng">65589.7093333333</dst>
        </src>
        <src id="NYCMng">
            <dst id="ATLA-M5">4273.97866666667</dst>
            <dst id="ATLAng">76304.0533333333</dst>
            <dst id="CHINng">66934.5946666667</dst>
            <dst id="DNVRng">47874.7253333333</dst>
            <dst id="HSTNng">54272.448</dst>
            <dst id="IPLSng">103029.146666667</dst>
            <dst id="KSCYng">29326.376</dst>
            <dst id="LOSAng">92175.7093333334</dst>
            <dst id="NYCMng">163902.624</dst>
            <dst id="SNVAng">14293.1306666667</dst>
            <dst id="STTLng">44259.8053333333</dst>
            <dst id="WASHng">184696.621333333</dst>
        </src>
        <src id="SNVAng">
            <dst id="ATLA-M5">432.946666666667</dst>
            <dst id="ATLAng">845.384</dst>
            <dst id="CHINng">7613.82666666667</dst>
            <dst id="DNVRng">3197.01066666667</dst>
            <dst id="HSTNng">1252.15466666667</dst>
            <dst id="IPLSng">1997.17333333333</dst>
            <dst id="KSCYng">2317.712</dst>
            <dst id="LOSAng">42944.5546666667</dst>
            <dst id="NYCMng">11572.176</dst>
            <dst id="SNVAng">20506.3946666667</dst>
            <dst id="STTLng">69937.3466666667</dst>
            <dst id="WASHng">3850.50666666667</dst>
        </src>
        <src id="STTLng">
            <dst id="ATLA-M5">272.453333333333</dst>
            <dst id="ATLAng">16521.9626666667</dst>
            <dst id="CHINng">64808.0906666667</dst>
            <dst id="DNVRng">11740.7386666667</dst>
            <dst id="HSTNng">6398.87733333333</dst>
            <dst id="IPLSng">17677.448</dst>
            <dst id="KSCYng">4730.264</dst>
            <dst id="LOSAng">29661.1893333333</dst>
            <dst id="NYCMng">22417.6053333333</dst>
            <dst id="SNVAng">9944.48</dst>
            <dst id="STTLng">10384.6666666667</dst>
            <dst id="WASHng">20198.0533333333</dst>
        </src>
        <src id="WASHng">
            <dst id="ATLA-M5">8595.36533333333</dst>
            <dst id="ATLAng">139902.469333333</dst>
            <dst id="CHINng">79152.968</dst>
            <dst id="DNVRng">65309.6346666667</dst>
            <dst id="HSTNng">36673.8213333333</dst>
            <dst id="IPLSng">76227.1226666667</dst>
            <dst id="KSCYng">29945.6586666667</dst>
            <dst id="LOSAng">100637.674666667</dst>
            <dst id="NYCMng">157554.082666667</dst>
            <dst id="SNVAng">13761.488</dst>
            <dst id="STTLng">40397.5653333333</dst>
            <dst id="WASHng">217133.856</dst>
        </src>
    </IntraTM>
</TrafficMatrixFile>
