<?xml version="1.0" encoding="ISO-8859-1" standalone="yes"?>
<TrafficMatrixFile xsi:noNamespaceSchemaLocation="http://totem.run.montefiore.ulg.ac.be/Schema/TrafficMatrix-v1_2.xsd" xmlns:xsi="http://www.w3.org/2001/XMLSchema-instance">
    <IntraTM ASID="11537">
        <src id="ATLA-M5">
            <dst id="ATLA-M5">0</dst>
            <dst id="ATLAng">239.013333333333</dst>
            <dst id="CHINng">543.445333333333</dst>
            <dst id="DNVRng">455.818666666667</dst>
            <dst id="HSTNng">121.184</dst>
            <dst id="IPLSng">236.882666666667</dst>
            <dst id="KSCYng">294.834666666667</dst>
            <dst id="LOSAng">828.786666666667</dst>
            <dst id="NYCMng">26.6666666666667</dst>
            <dst id="SNVAng">141.266666666667</dst>
            <dst id="STTLng">326.770666666667</dst>
            <dst id="WASHng">3847.672</dst>
        </src>
        <src id="ATLAng">
            <dst id="ATLA-M5">104.450666666667</dst>
            <dst id="ATLAng">25081.0026666667</dst>
            <dst id="CHINng">16723.856</dst>
            <dst id="DNVRng">4718.576</dst>
            <dst id="HSTNng">1285.36533333333</dst>
            <dst id="IPLSng">22155.344</dst>
            <dst id="KSCYng">6074.136</dst>
            <dst id="LOSAng">16463.3253333333</dst>
            <dst id="NYCMng">9325.92266666667</dst>
            <dst id="SNVAng">392.026666666667</dst>
            <dst id="STTLng">5431.16</dst>
            <dst id="WASHng">142184.936</dst>
        </src>
        <src id="CHINng">
            <dst id="ATLA-M5">108.066666666667</dst>
            <dst id="ATLAng">6265.392</dst>
            <dst id="CHINng">43956.6746666667</dst>
            <dst id="DNVRng">9409.08</dst>
            <dst id="HSTNng">5978.408</dst>
            <dst id="IPLSng">15635.312</dst>
            <dst id="KSCYng">4875.14666666667</dst>
            <dst id="LOSAng">30834.0693333333</dst>
            <dst id="NYCMng">4786.904</dst>
            <dst id="SNVAng">2153.592</dst>
            <dst id="STTLng">6972.48</dst>
            <dst id="WASHng">4344.544</dst>
        </src>
        <src id="DNVRng">
            <dst id="ATLA-M5">117.664</dst>
            <dst id="ATLAng">6241.78133333333</dst>
            <dst id="CHINng">73631.296</dst>
            <dst id="DNVRng">4232.864</dst>
            <dst id="HSTNng">11828.544</dst>
            <dst id="IPLSng">27892.8133333333</dst>
            <dst id="KSCYng">10091.856</dst>
            <dst id="LOSAng">7255.63733333333</dst>
            <dst id="NYCMng">18227.1386666667</dst>
            <dst id="SNVAng">6932.456</dst>
            <dst id="STTLng">14863.984</dst>
            <dst id="WASHng">39767.352</dst>
        </src>
        <src id="HSTNng">
            <dst id="ATLA-M5">3734.10666666667</dst>
            <dst id="ATLAng">2481.18666666667</dst>
            <dst id="CHINng">64998.944</dst>
            <dst id="DNVRng">5279.72533333333</dst>
            <dst id="HSTNng">3700.904</dst>
            <dst id="IPLSng">5938.944</dst>
            <dst id="KSCYng">1885.71466666667</dst>
            <dst id="LOSAng">8365.88266666667</dst>
            <dst id="NYCMng">7380.23733333333</dst>
            <dst id="SNVAng">1658.06933333333</dst>
            <dst id="STTLng">1393.21866666667</dst>
            <dst id="WASHng">12806.7093333333</dst>
        </src>
        <src id="IPLSng">
            <dst id="ATLA-M5">1142.34933333333</dst>
            <dst id="ATLAng">9399.63466666667</dst>
            <dst id="CHINng">128991.8</dst>
            <dst id="DNVRng">23476.2346666667</dst>
            <dst id="HSTNng">2978.31466666667</dst>
            <dst id="IPLSng">20363.592</dst>
            <dst id="KSCYng">9839.176</dst>
            <dst id="LOSAng">45683.2026666667</dst>
            <dst id="NYCMng">38821.5493333333</dst>
            <dst id="SNVAng">4139.44266666667</dst>
            <dst id="STTLng">11569.224</dst>
            <dst id="WASHng">39183.064</dst>
        </src>
        <src id="KSCYng">
            <dst id="ATLA-M5">5258.672</dst>
            <dst id="ATLAng">3373.46133333333</dst>
            <dst id="CHINng">42047.4213333333</dst>
            <dst id="DNVRng">9351.32</dst>
            <dst id="HSTNng">2712.712</dst>
            <dst id="IPLSng">6536.2</dst>
            <dst id="KSCYng">4579.09866666667</dst>
            <dst id="LOSAng">3467.25333333333</dst>
            <dst id="NYCMng">8080.83733333333</dst>
            <dst id="SNVAng">1875.69066666667</dst>
            <dst id="STTLng">10148.7893333333</dst>
            <dst id="WASHng">10831.5653333333</dst>
        </src>
        <src id="LOSAng">
            <dst id="ATLA-M5">909.226666666667</dst>
            <dst id="ATLAng">23034.4026666667</dst>
            <dst id="CHINng">140668.328</dst>
            <dst id="DNVRng">10941.4213333333</dst>
            <dst id="HSTNng">5397.088</dst>
            <dst id="IPLSng">38455.5226666667</dst>
            <dst id="KSCYng">7648.14133333333</dst>
            <dst id="LOSAng">16241.4906666667</dst>
            <dst id="NYCMng">58477.832</dst>
            <dst id="SNVAng">11892.8853333333</dst>
            <dst id="STTLng">23839.0933333333</dst>
            <dst id="WASHng">66937.384</dst>
        </src>
        <src id="NYCMng">
            <dst id="ATLA-M5">751.688</dst>
            <dst id="ATLAng">28121.1493333333</dst>
            <dst id="CHINng">67460.944</dst>
            <dst id="DNVRng">31983.3813333333</dst>
            <dst id="HSTNng">24279.9546666667</dst>
            <dst id="IPLSng">51425.9013333333</dst>
            <dst id="KSCYng">14427.4826666667</dst>
            <dst id="LOSAng">66033.6213333333</dst>
            <dst id="NYCMng">137501.370666667</dst>
            <dst id="SNVAng">6720.33333333333</dst>
            <dst id="STTLng">21252.2506666667</dst>
            <dst id="WASHng">65714.208</dst>
        </src>
        <src id="SNVAng">
            <dst id="ATLA-M5">236.546666666667</dst>
            <dst id="ATLAng">425.125333333333</dst>
            <dst id="CHINng">4563.65866666667</dst>
            <dst id="DNVRng">7001.672</dst>
            <dst id="HSTNng">241.722666666667</dst>
            <dst id="IPLSng">1096.264</dst>
            <dst id="KSCYng">474.648</dst>
            <dst id="LOSAng">33583.8986666667</dst>
            <dst id="NYCMng">1366.632</dst>
            <dst id="SNVAng">13614.5626666667</dst>
            <dst id="STTLng">57660.648</dst>
            <dst id="WASHng">717.656</dst>
        </src>
        <src id="STTLng">
            <dst id="ATLA-M5">226.08</dst>
            <dst id="ATLAng">10156.5973333333</dst>
            <dst id="CHINng">77454.36</dst>
            <dst id="DNVRng">6209.544</dst>
            <dst id="HSTNng">1171.416</dst>
            <dst id="IPLSng">6017.69066666667</dst>
            <dst id="KSCYng">3481.40533333333</dst>
            <dst id="LOSAng">19779.9946666667</dst>
            <dst id="NYCMng">20011.2666666667</dst>
            <dst id="SNVAng">4671.39466666667</dst>
            <dst id="STTLng">12486.4986666667</dst>
            <dst id="WASHng">9550.66933333334</dst>
        </src>
        <src id="WASHng">
            <dst id="ATLA-M5">137.712</dst>
            <dst id="ATLAng">72354.792</dst>
            <dst id="CHINng">61491.4773333333</dst>
            <dst id="DNVRng">45584.1493333333</dst>
            <dst id="HSTNng">15797.152</dst>
            <dst id="IPLSng">51657.168</dst>
            <dst id="KSCYng">8173.76533333333</dst>
            <dst id="LOSAng">57897.8586666667</dst>
            <dst id="NYCMng">152962.109333333</dst>
            <dst id="SNVAng">13062.7226666667</dst>
            <dst id="STTLng">33337.5413333333</dst>
            <dst id="WASHng">396910.346666667</dst>
        </src>
    </IntraTM>
</TrafficMatrixFile>
