<?xml version="1.0" encoding="ISO-8859-1" standalone="yes"?>
<TrafficMatrixFile xsi:noNamespaceSchemaLocation="http://totem.run.montefiore.ulg.ac.be/Schema/TrafficMatrix-v1_2.xsd" xmlns:xsi="http://www.w3.org/2001/XMLSchema-instance">
    <IntraTM ASID="11537">
        <src id="ATLA-M5">
            <dst id="ATLA-M5">170.736</dst>
            <dst id="ATLAng">492.744</dst>
            <dst id="CHINng">1573.14933333333</dst>
            <dst id="DNVRng">441.770666666667</dst>
            <dst id="HSTNng">259.405333333333</dst>
            <dst id="IPLSng">1246.75733333333</dst>
            <dst id="KSCYng">333.077333333333</dst>
            <dst id="LOSAng">1187.52266666667</dst>
            <dst id="NYCMng">610.856</dst>
            <dst id="SNVAng">53.3333333333333</dst>
            <dst id="STTLng">54.728</dst>
            <dst id="WASHng">2796.69866666667</dst>
        </src>
        <src id="ATLAng">
            <dst id="ATLA-M5">397.704</dst>
            <dst id="ATLAng">33835.7093333333</dst>
            <dst id="CHINng">20573.8026666667</dst>
            <dst id="DNVRng">4515.43466666667</dst>
            <dst id="HSTNng">5517.448</dst>
            <dst id="IPLSng">25809.3306666667</dst>
            <dst id="KSCYng">8698.136</dst>
            <dst id="LOSAng">13418.6186666667</dst>
            <dst id="NYCMng">22250.848</dst>
            <dst id="SNVAng">1689.13866666667</dst>
            <dst id="STTLng">6628.57866666667</dst>
            <dst id="WASHng">96189.9653333333</dst>
        </src>
        <src id="CHINng">
            <dst id="ATLA-M5">547.909333333333</dst>
            <dst id="ATLAng">17056.72</dst>
            <dst id="CHINng">51579.048</dst>
            <dst id="DNVRng">8389.72</dst>
            <dst id="HSTNng">5905.928</dst>
            <dst id="IPLSng">24082.3946666667</dst>
            <dst id="KSCYng">13781.984</dst>
            <dst id="LOSAng">21228.2906666667</dst>
            <dst id="NYCMng">5538.744</dst>
            <dst id="SNVAng">2980.608</dst>
            <dst id="STTLng">6216.02933333333</dst>
            <dst id="WASHng">10692.784</dst>
        </src>
        <src id="DNVRng">
            <dst id="ATLA-M5">431.373333333333</dst>
            <dst id="ATLAng">9115.38933333333</dst>
            <dst id="CHINng">84536.9173333333</dst>
            <dst id="DNVRng">19320.6186666667</dst>
            <dst id="HSTNng">13954.248</dst>
            <dst id="IPLSng">29435.6506666667</dst>
            <dst id="KSCYng">16911.6613333333</dst>
            <dst id="LOSAng">9012.60533333333</dst>
            <dst id="NYCMng">20907.3466666667</dst>
            <dst id="SNVAng">11930.624</dst>
            <dst id="STTLng">22777.68</dst>
            <dst id="WASHng">65017.736</dst>
        </src>
        <src id="HSTNng">
            <dst id="ATLA-M5">2095.62666666667</dst>
            <dst id="ATLAng">3346.37866666667</dst>
            <dst id="CHINng">32517.696</dst>
            <dst id="DNVRng">2024.33333333333</dst>
            <dst id="HSTNng">7053.09066666667</dst>
            <dst id="IPLSng">4238.49066666667</dst>
            <dst id="KSCYng">2353.63733333333</dst>
            <dst id="LOSAng">80647.7333333334</dst>
            <dst id="NYCMng">7093.88266666667</dst>
            <dst id="SNVAng">1161.70933333333</dst>
            <dst id="STTLng">1256.51466666667</dst>
            <dst id="WASHng">6825.22933333333</dst>
        </src>
        <src id="IPLSng">
            <dst id="ATLA-M5">1375.85866666667</dst>
            <dst id="ATLAng">26101.68</dst>
            <dst id="CHINng">158999.128</dst>
            <dst id="DNVRng">13786.5786666667</dst>
            <dst id="HSTNng">12848.8506666667</dst>
            <dst id="IPLSng">83650.3813333334</dst>
            <dst id="KSCYng">16658.5066666667</dst>
            <dst id="LOSAng">30269.6613333333</dst>
            <dst id="NYCMng">58531.1813333334</dst>
            <dst id="SNVAng">2947.064</dst>
            <dst id="STTLng">8928.40533333333</dst>
            <dst id="WASHng">80366.2106666667</dst>
        </src>
        <src id="KSCYng">
            <dst id="ATLA-M5">482.298666666667</dst>
            <dst id="ATLAng">8886.23466666667</dst>
            <dst id="CHINng">47053.6746666667</dst>
            <dst id="DNVRng">7500.688</dst>
            <dst id="HSTNng">3121.82666666667</dst>
            <dst id="IPLSng">20742.896</dst>
            <dst id="KSCYng">14653.184</dst>
            <dst id="LOSAng">3160.25866666667</dst>
            <dst id="NYCMng">11006.2106666667</dst>
            <dst id="SNVAng">1155.53333333333</dst>
            <dst id="STTLng">3891.54933333333</dst>
            <dst id="WASHng">13793.7253333333</dst>
        </src>
        <src id="LOSAng">
            <dst id="ATLA-M5">1011.39733333333</dst>
            <dst id="ATLAng">17631.6586666667</dst>
            <dst id="CHINng">172206.562666667</dst>
            <dst id="DNVRng">10271.968</dst>
            <dst id="HSTNng">60665.4026666667</dst>
            <dst id="IPLSng">57349.648</dst>
            <dst id="KSCYng">7983.31466666667</dst>
            <dst id="LOSAng">6116.30933333333</dst>
            <dst id="NYCMng">52592.552</dst>
            <dst id="SNVAng">10299.7066666667</dst>
            <dst id="STTLng">14355.8693333333</dst>
            <dst id="WASHng">73635.64</dst>
        </src>
        <src id="NYCMng">
            <dst id="ATLA-M5">1156.38133333333</dst>
            <dst id="ATLAng">51694.8</dst>
            <dst id="CHINng">59295.424</dst>
            <dst id="DNVRng">28211.7333333333</dst>
            <dst id="HSTNng">22253.52</dst>
            <dst id="IPLSng">82165.9706666667</dst>
            <dst id="KSCYng">23440.056</dst>
            <dst id="LOSAng">53451.4613333333</dst>
            <dst id="NYCMng">163962.448</dst>
            <dst id="SNVAng">8905.872</dst>
            <dst id="STTLng">22401.2826666667</dst>
            <dst id="WASHng">96656.3546666667</dst>
        </src>
        <src id="SNVAng">
            <dst id="ATLA-M5">111.84</dst>
            <dst id="ATLAng">2602.53333333333</dst>
            <dst id="CHINng">8243.15466666667</dst>
            <dst id="DNVRng">3425.08</dst>
            <dst id="HSTNng">339.357333333333</dst>
            <dst id="IPLSng">1994.48266666667</dst>
            <dst id="KSCYng">1699.336</dst>
            <dst id="LOSAng">29842.176</dst>
            <dst id="NYCMng">4187.84266666667</dst>
            <dst id="SNVAng">16586.72</dst>
            <dst id="STTLng">57142.1413333333</dst>
            <dst id="WASHng">2994.81866666667</dst>
        </src>
        <src id="STTLng">
            <dst id="ATLA-M5">514.208</dst>
            <dst id="ATLAng">19527.9333333333</dst>
            <dst id="CHINng">83370.6213333333</dst>
            <dst id="DNVRng">3940.50133333333</dst>
            <dst id="HSTNng">2522.408</dst>
            <dst id="IPLSng">23589.9093333333</dst>
            <dst id="KSCYng">6580.87733333333</dst>
            <dst id="LOSAng">18173.2506666667</dst>
            <dst id="NYCMng">24025.1146666667</dst>
            <dst id="SNVAng">5017.14666666667</dst>
            <dst id="STTLng">11159.7786666667</dst>
            <dst id="WASHng">21580.128</dst>
        </src>
        <src id="WASHng">
            <dst id="ATLA-M5">2450.08266666667</dst>
            <dst id="ATLAng">94960.2026666667</dst>
            <dst id="CHINng">94474.1013333333</dst>
            <dst id="DNVRng">29069.0346666667</dst>
            <dst id="HSTNng">19516.784</dst>
            <dst id="IPLSng">103439.416</dst>
            <dst id="KSCYng">39559.44</dst>
            <dst id="LOSAng">85069.8266666667</dst>
            <dst id="NYCMng">221075.781333333</dst>
            <dst id="SNVAng">4401.16</dst>
            <dst id="STTLng">35123.1253333333</dst>
            <dst id="WASHng">409747.493333333</dst>
        </src>
    </IntraTM>
</TrafficMatrixFile>
