<?xml version="1.0" encoding="ISO-8859-1" standalone="yes"?>
<TrafficMatrixFile xsi:noNamespaceSchemaLocation="http://totem.run.montefiore.ulg.ac.be/Schema/TrafficMatrix-v1_2.xsd" xmlns:xsi="http://www.w3.org/2001/XMLSchema-instance">
    <IntraTM ASID="11537">
        <src id="ATLA-M5">
            <dst id="ATLA-M5">144.650666666667</dst>
            <dst id="ATLAng">538.669333333333</dst>
            <dst id="CHINng">672.165333333333</dst>
            <dst id="DNVRng">208.517333333333</dst>
            <dst id="HSTNng">154.186666666667</dst>
            <dst id="IPLSng">1183.97866666667</dst>
            <dst id="KSCYng">299.168</dst>
            <dst id="LOSAng">412.352</dst>
            <dst id="NYCMng">320.368</dst>
            <dst id="SNVAng">68</dst>
            <dst id="STTLng">147.642666666667</dst>
            <dst id="WASHng">3260.69866666667</dst>
        </src>
        <src id="ATLAng">
            <dst id="ATLA-M5">760.88</dst>
            <dst id="ATLAng">73955.4933333333</dst>
            <dst id="CHINng">27723.2826666667</dst>
            <dst id="DNVRng">14633.5946666667</dst>
            <dst id="HSTNng">2438.90933333333</dst>
            <dst id="IPLSng">36265.1813333333</dst>
            <dst id="KSCYng">18478.368</dst>
            <dst id="LOSAng">12724.6026666667</dst>
            <dst id="NYCMng">16678.8293333333</dst>
            <dst id="SNVAng">2227.432</dst>
            <dst id="STTLng">9104.25866666666</dst>
            <dst id="WASHng">141293.448</dst>
        </src>
        <src id="CHINng">
            <dst id="ATLA-M5">561.810666666667</dst>
            <dst id="ATLAng">18163.4293333333</dst>
            <dst id="CHINng">63963.664</dst>
            <dst id="DNVRng">9481.712</dst>
            <dst id="HSTNng">14422.512</dst>
            <dst id="IPLSng">28394.8053333333</dst>
            <dst id="KSCYng">13874.296</dst>
            <dst id="LOSAng">81644.5146666667</dst>
            <dst id="NYCMng">7473.08266666667</dst>
            <dst id="SNVAng">2386.26133333333</dst>
            <dst id="STTLng">4540.51733333333</dst>
            <dst id="WASHng">23231.3226666667</dst>
        </src>
        <src id="DNVRng">
            <dst id="ATLA-M5">203.426666666667</dst>
            <dst id="ATLAng">8934.64533333333</dst>
            <dst id="CHINng">54159.4906666667</dst>
            <dst id="DNVRng">7871.86666666667</dst>
            <dst id="HSTNng">6734.38666666667</dst>
            <dst id="IPLSng">8893.03466666667</dst>
            <dst id="KSCYng">14391.3013333333</dst>
            <dst id="LOSAng">16774.488</dst>
            <dst id="NYCMng">17475.624</dst>
            <dst id="SNVAng">17268.0106666667</dst>
            <dst id="STTLng">11987.2933333333</dst>
            <dst id="WASHng">23731.6106666667</dst>
        </src>
        <src id="HSTNng">
            <dst id="ATLA-M5">618.336</dst>
            <dst id="ATLAng">5026.568</dst>
            <dst id="CHINng">27493.408</dst>
            <dst id="DNVRng">2461.112</dst>
            <dst id="HSTNng">7231.648</dst>
            <dst id="IPLSng">7634.65866666667</dst>
            <dst id="KSCYng">3607.35466666667</dst>
            <dst id="LOSAng">107702.418666667</dst>
            <dst id="NYCMng">10434.16</dst>
            <dst id="SNVAng">627.92</dst>
            <dst id="STTLng">1043.712</dst>
            <dst id="WASHng">15786.464</dst>
        </src>
        <src id="IPLSng">
            <dst id="ATLA-M5">2147.952</dst>
            <dst id="ATLAng">19415.816</dst>
            <dst id="CHINng">135859.042666667</dst>
            <dst id="DNVRng">31479.2053333333</dst>
            <dst id="HSTNng">8652.01066666667</dst>
            <dst id="IPLSng">29419.888</dst>
            <dst id="KSCYng">22325.264</dst>
            <dst id="LOSAng">66338.2906666667</dst>
            <dst id="NYCMng">34860.848</dst>
            <dst id="SNVAng">2693.64</dst>
            <dst id="STTLng">9213.872</dst>
            <dst id="WASHng">37631.2</dst>
        </src>
        <src id="KSCYng">
            <dst id="ATLA-M5">365.512</dst>
            <dst id="ATLAng">22119.5893333333</dst>
            <dst id="CHINng">39709.8106666667</dst>
            <dst id="DNVRng">4043.224</dst>
            <dst id="HSTNng">4979.544</dst>
            <dst id="IPLSng">17880.208</dst>
            <dst id="KSCYng">7965.17333333333</dst>
            <dst id="LOSAng">3083.84</dst>
            <dst id="NYCMng">8485.096</dst>
            <dst id="SNVAng">593.378666666667</dst>
            <dst id="STTLng">3982.77066666667</dst>
            <dst id="WASHng">22534.9573333333</dst>
        </src>
        <src id="LOSAng">
            <dst id="ATLA-M5">455.914666666667</dst>
            <dst id="ATLAng">27817.016</dst>
            <dst id="CHINng">157854.733333333</dst>
            <dst id="DNVRng">6005.42666666667</dst>
            <dst id="HSTNng">20183.4133333333</dst>
            <dst id="IPLSng">61261.24</dst>
            <dst id="KSCYng">11765.8533333333</dst>
            <dst id="LOSAng">13358.7226666667</dst>
            <dst id="NYCMng">56238.5866666667</dst>
            <dst id="SNVAng">4757.74933333333</dst>
            <dst id="STTLng">26266.5706666667</dst>
            <dst id="WASHng">66671.9573333333</dst>
        </src>
        <src id="NYCMng">
            <dst id="ATLA-M5">2388.73333333333</dst>
            <dst id="ATLAng">47408.6426666667</dst>
            <dst id="CHINng">88480.4133333333</dst>
            <dst id="DNVRng">15685.176</dst>
            <dst id="HSTNng">40512.064</dst>
            <dst id="IPLSng">86399.0693333333</dst>
            <dst id="KSCYng">20549</dst>
            <dst id="LOSAng">47596.968</dst>
            <dst id="NYCMng">153570.541333333</dst>
            <dst id="SNVAng">5776.55466666667</dst>
            <dst id="STTLng">21783.1866666667</dst>
            <dst id="WASHng">96016.616</dst>
        </src>
        <src id="SNVAng">
            <dst id="ATLA-M5">61.016</dst>
            <dst id="ATLAng">859.984</dst>
            <dst id="CHINng">6979.76533333333</dst>
            <dst id="DNVRng">6543.46666666667</dst>
            <dst id="HSTNng">1533.816</dst>
            <dst id="IPLSng">16480.4986666667</dst>
            <dst id="KSCYng">1996.184</dst>
            <dst id="LOSAng">7471.49066666667</dst>
            <dst id="NYCMng">2442.192</dst>
            <dst id="SNVAng">313.413333333333</dst>
            <dst id="STTLng">2624.31466666667</dst>
            <dst id="WASHng">2122.46933333333</dst>
        </src>
        <src id="STTLng">
            <dst id="ATLA-M5">256.938666666667</dst>
            <dst id="ATLAng">24197.7226666667</dst>
            <dst id="CHINng">84419.824</dst>
            <dst id="DNVRng">4824.128</dst>
            <dst id="HSTNng">3667.55733333333</dst>
            <dst id="IPLSng">21230.3653333333</dst>
            <dst id="KSCYng">6751.12266666667</dst>
            <dst id="LOSAng">16099.6373333333</dst>
            <dst id="NYCMng">30127.2906666667</dst>
            <dst id="SNVAng">4701.67466666667</dst>
            <dst id="STTLng">16095.024</dst>
            <dst id="WASHng">17314.3893333333</dst>
        </src>
        <src id="WASHng">
            <dst id="ATLA-M5">1532.792</dst>
            <dst id="ATLAng">137091.938666667</dst>
            <dst id="CHINng">98718.744</dst>
            <dst id="DNVRng">38032.44</dst>
            <dst id="HSTNng">31984.712</dst>
            <dst id="IPLSng">100602</dst>
            <dst id="KSCYng">38138.1706666667</dst>
            <dst id="LOSAng">53843.3546666667</dst>
            <dst id="NYCMng">152782.010666667</dst>
            <dst id="SNVAng">3086.20266666667</dst>
            <dst id="STTLng">23063.696</dst>
            <dst id="WASHng">396383.013333333</dst>
        </src>
    </IntraTM>
</TrafficMatrixFile>
