<?xml version="1.0" encoding="ISO-8859-1" standalone="yes"?>
<TrafficMatrixFile xsi:noNamespaceSchemaLocation="http://totem.run.montefiore.ulg.ac.be/Schema/TrafficMatrix-v1_2.xsd" xmlns:xsi="http://www.w3.org/2001/XMLSchema-instance">
    <IntraTM ASID="11537">
        <src id="ATLA-M5">
            <dst id="ATLA-M5">118.677333333333</dst>
            <dst id="ATLAng">487.589333333333</dst>
            <dst id="CHINng">2321.02666666667</dst>
            <dst id="DNVRng">1144.45066666667</dst>
            <dst id="HSTNng">323.770666666667</dst>
            <dst id="IPLSng">1840.27466666667</dst>
            <dst id="KSCYng">315.074666666667</dst>
            <dst id="LOSAng">324.634666666667</dst>
            <dst id="NYCMng">1336.896</dst>
            <dst id="SNVAng">779.221333333333</dst>
            <dst id="STTLng">232.234666666667</dst>
            <dst id="WASHng">3914.67466666667</dst>
        </src>
        <src id="ATLAng">
            <dst id="ATLA-M5">984.205333333333</dst>
            <dst id="ATLAng">25789.536</dst>
            <dst id="CHINng">50961.8533333333</dst>
            <dst id="DNVRng">20102.1546666667</dst>
            <dst id="HSTNng">4245.90933333333</dst>
            <dst id="IPLSng">24861.1546666667</dst>
            <dst id="KSCYng">16539.1493333333</dst>
            <dst id="LOSAng">23409.308</dst>
            <dst id="NYCMng">20076.7866666667</dst>
            <dst id="SNVAng">3013.5</dst>
            <dst id="STTLng">8852.10666666667</dst>
            <dst id="WASHng">99219.4933333333</dst>
        </src>
        <src id="CHINng">
            <dst id="ATLA-M5">2999.89066666667</dst>
            <dst id="ATLAng">15670.6186666667</dst>
            <dst id="CHINng">58700.1866666667</dst>
            <dst id="DNVRng">8768.91733333333</dst>
            <dst id="HSTNng">26435.9946666667</dst>
            <dst id="IPLSng">41709.8746666667</dst>
            <dst id="KSCYng">16893.4853333333</dst>
            <dst id="LOSAng">20802.6613333333</dst>
            <dst id="NYCMng">9224.69066666667</dst>
            <dst id="SNVAng">4903.344</dst>
            <dst id="STTLng">14565.7813333333</dst>
            <dst id="WASHng">15992.1386666667</dst>
        </src>
        <src id="DNVRng">
            <dst id="ATLA-M5">4000.48266666667</dst>
            <dst id="ATLAng">14033.0986666667</dst>
            <dst id="CHINng">70232.688</dst>
            <dst id="DNVRng">15534.2933333333</dst>
            <dst id="HSTNng">17095.504</dst>
            <dst id="IPLSng">31147.544</dst>
            <dst id="KSCYng">16303.2053333333</dst>
            <dst id="LOSAng">11987.584</dst>
            <dst id="NYCMng">26244.2213333333</dst>
            <dst id="SNVAng">13948.1173333333</dst>
            <dst id="STTLng">11705.776</dst>
            <dst id="WASHng">59476.7893333333</dst>
        </src>
        <src id="HSTNng">
            <dst id="ATLA-M5">1557.31466666667</dst>
            <dst id="ATLAng">3849.488</dst>
            <dst id="CHINng">25959.6106666667</dst>
            <dst id="DNVRng">9794.78133333333</dst>
            <dst id="HSTNng">16526.8346666667</dst>
            <dst id="IPLSng">9838.19466666667</dst>
            <dst id="KSCYng">8065.888</dst>
            <dst id="LOSAng">6313.94133333333</dst>
            <dst id="NYCMng">9923.13333333333</dst>
            <dst id="SNVAng">3693.62666666667</dst>
            <dst id="STTLng">3611.608</dst>
            <dst id="WASHng">14115.0773333333</dst>
        </src>
        <src id="IPLSng">
            <dst id="ATLA-M5">3343.43466666667</dst>
            <dst id="ATLAng">17921.3146666667</dst>
            <dst id="CHINng">146725.12</dst>
            <dst id="DNVRng">38415.0133333333</dst>
            <dst id="HSTNng">11616.1653333333</dst>
            <dst id="IPLSng">46977.2666666667</dst>
            <dst id="KSCYng">22602.464</dst>
            <dst id="LOSAng">81285.3653333333</dst>
            <dst id="NYCMng">85412.008</dst>
            <dst id="SNVAng">10417.9093333333</dst>
            <dst id="STTLng">31541.2266666667</dst>
            <dst id="WASHng">55347.688</dst>
        </src>
        <src id="KSCYng">
            <dst id="ATLA-M5">384.274666666667</dst>
            <dst id="ATLAng">10237.6426666667</dst>
            <dst id="CHINng">36022.016</dst>
            <dst id="DNVRng">17557.5413333333</dst>
            <dst id="HSTNng">9567.10933333333</dst>
            <dst id="IPLSng">13476.4506666667</dst>
            <dst id="KSCYng">7079.41066666666</dst>
            <dst id="LOSAng">6103.04533333333</dst>
            <dst id="NYCMng">13678.056</dst>
            <dst id="SNVAng">1097.21866666667</dst>
            <dst id="STTLng">4626.79733333333</dst>
            <dst id="WASHng">25901.5733333333</dst>
        </src>
        <src id="LOSAng">
            <dst id="ATLA-M5">1621.576</dst>
            <dst id="ATLAng">30949.1733333333</dst>
            <dst id="CHINng">148040.994666667</dst>
            <dst id="DNVRng">7247.096</dst>
            <dst id="HSTNng">16699.0693333333</dst>
            <dst id="IPLSng">63018.5333333333</dst>
            <dst id="KSCYng">11143.4053333333</dst>
            <dst id="LOSAng">12374.68</dst>
            <dst id="NYCMng">58068.7786666667</dst>
            <dst id="SNVAng">25890.304</dst>
            <dst id="STTLng">25272.472</dst>
            <dst id="WASHng">72978.4906666667</dst>
        </src>
        <src id="NYCMng">
            <dst id="ATLA-M5">2215.70666666667</dst>
            <dst id="ATLAng">64590.3253333333</dst>
            <dst id="CHINng">97049.56</dst>
            <dst id="DNVRng">47656.7786666667</dst>
            <dst id="HSTNng">44526.384</dst>
            <dst id="IPLSng">99038.9253333333</dst>
            <dst id="KSCYng">27984.3226666667</dst>
            <dst id="LOSAng">75889.2906666667</dst>
            <dst id="NYCMng">183562.728</dst>
            <dst id="SNVAng">10837.2186666667</dst>
            <dst id="STTLng">38271.5386666667</dst>
            <dst id="WASHng">106011.925333333</dst>
        </src>
        <src id="SNVAng">
            <dst id="ATLA-M5">176.842666666667</dst>
            <dst id="ATLAng">1389.84266666667</dst>
            <dst id="CHINng">10155.3893333333</dst>
            <dst id="DNVRng">16875.7253333333</dst>
            <dst id="HSTNng">1303.34133333333</dst>
            <dst id="IPLSng">6527.07466666667</dst>
            <dst id="KSCYng">1688.74133333333</dst>
            <dst id="LOSAng">45447.0613333333</dst>
            <dst id="NYCMng">3356.73333333333</dst>
            <dst id="SNVAng">28646.2</dst>
            <dst id="STTLng">71746.864</dst>
            <dst id="WASHng">2622.784</dst>
        </src>
        <src id="STTLng">
            <dst id="ATLA-M5">503.202666666667</dst>
            <dst id="ATLAng">16072.9386666667</dst>
            <dst id="CHINng">78407.3813333333</dst>
            <dst id="DNVRng">14472.2506666667</dst>
            <dst id="HSTNng">4169.304</dst>
            <dst id="IPLSng">23811.2586666667</dst>
            <dst id="KSCYng">8161.136</dst>
            <dst id="LOSAng">30102.6986666667</dst>
            <dst id="NYCMng">33558.4853333333</dst>
            <dst id="SNVAng">13878.2906666667</dst>
            <dst id="STTLng">1865.21333333333</dst>
            <dst id="WASHng">19579.2506666667</dst>
        </src>
        <src id="WASHng">
            <dst id="ATLA-M5">23450.2613333333</dst>
            <dst id="ATLAng">128471.098666667</dst>
            <dst id="CHINng">116473.024</dst>
            <dst id="DNVRng">81178.456</dst>
            <dst id="HSTNng">25916.5546666667</dst>
            <dst id="IPLSng">105580.592</dst>
            <dst id="KSCYng">49968.1093333333</dst>
            <dst id="LOSAng">126586.002666667</dst>
            <dst id="NYCMng">214196.877333333</dst>
            <dst id="SNVAng">14603.12</dst>
            <dst id="STTLng">37364.2053333333</dst>
            <dst id="WASHng">382512.373333333</dst>
        </src>
    </IntraTM>
</TrafficMatrixFile>
