<?xml version="1.0" encoding="ISO-8859-1" standalone="yes"?>
<TrafficMatrixFile xsi:noNamespaceSchemaLocation="http://totem.run.montefiore.ulg.ac.be/Schema/TrafficMatrix-v1_2.xsd" xmlns:xsi="http://www.w3.org/2001/XMLSchema-instance">
    <IntraTM ASID="11537">
        <src id="ATLA-M5">
            <dst id="ATLA-M5">34.7093333333333</dst>
            <dst id="ATLAng">309.384</dst>
            <dst id="CHINng">2166.048</dst>
            <dst id="DNVRng">80</dst>
            <dst id="HSTNng">184.192</dst>
            <dst id="IPLSng">498.194666666667</dst>
            <dst id="KSCYng">322.941333333333</dst>
            <dst id="LOSAng">434.384</dst>
            <dst id="NYCMng">825.917333333333</dst>
            <dst id="SNVAng">26.6666666666667</dst>
            <dst id="STTLng">189.685333333333</dst>
            <dst id="WASHng">1264.84533333333</dst>
        </src>
        <src id="ATLAng">
            <dst id="ATLA-M5">1609.28</dst>
            <dst id="ATLAng">74440.5306666667</dst>
            <dst id="CHINng">20346.7866666667</dst>
            <dst id="DNVRng">6300.38133333333</dst>
            <dst id="HSTNng">3213.28266666667</dst>
            <dst id="IPLSng">15832.1466666667</dst>
            <dst id="KSCYng">9309.112</dst>
            <dst id="LOSAng">18809.6986666667</dst>
            <dst id="NYCMng">22308.1333333333</dst>
            <dst id="SNVAng">818.010666666667</dst>
            <dst id="STTLng">9456.712</dst>
            <dst id="WASHng">66928.1813333333</dst>
        </src>
        <src id="CHINng">
            <dst id="ATLA-M5">4198.85333333333</dst>
            <dst id="ATLAng">10223.272</dst>
            <dst id="CHINng">27336.5146666667</dst>
            <dst id="DNVRng">13431.7306666667</dst>
            <dst id="HSTNng">11765.728</dst>
            <dst id="IPLSng">21441.9013333333</dst>
            <dst id="KSCYng">16411.392</dst>
            <dst id="LOSAng">25103.0586666667</dst>
            <dst id="NYCMng">5138.952</dst>
            <dst id="SNVAng">1907.11733333333</dst>
            <dst id="STTLng">5849.456</dst>
            <dst id="WASHng">9418.21066666667</dst>
        </src>
        <src id="DNVRng">
            <dst id="ATLA-M5">341.112</dst>
            <dst id="ATLAng">5384.368</dst>
            <dst id="CHINng">43501.984</dst>
            <dst id="DNVRng">8833.12</dst>
            <dst id="HSTNng">2197.792</dst>
            <dst id="IPLSng">9343.24533333334</dst>
            <dst id="KSCYng">21339.4906666667</dst>
            <dst id="LOSAng">20487.3333333333</dst>
            <dst id="NYCMng">11233.2986666667</dst>
            <dst id="SNVAng">14872.4453333333</dst>
            <dst id="STTLng">13890.84</dst>
            <dst id="WASHng">12540.6906666667</dst>
        </src>
        <src id="HSTNng">
            <dst id="ATLA-M5">3580.82133333333</dst>
            <dst id="ATLAng">7355.10666666667</dst>
            <dst id="CHINng">24752.544</dst>
            <dst id="DNVRng">2749.79733333333</dst>
            <dst id="HSTNng">6850.97066666667</dst>
            <dst id="IPLSng">7705.22666666667</dst>
            <dst id="KSCYng">3549.584</dst>
            <dst id="LOSAng">5557.696</dst>
            <dst id="NYCMng">12478.3466666667</dst>
            <dst id="SNVAng">2176.368</dst>
            <dst id="STTLng">2504.816</dst>
            <dst id="WASHng">8685.31466666667</dst>
        </src>
        <src id="IPLSng">
            <dst id="ATLA-M5">5491.70666666667</dst>
            <dst id="ATLAng">31736.5306666667</dst>
            <dst id="CHINng">73831.6053333333</dst>
            <dst id="DNVRng">6291.544</dst>
            <dst id="HSTNng">7071.432</dst>
            <dst id="IPLSng">28435.3973333333</dst>
            <dst id="KSCYng">14606.2906666667</dst>
            <dst id="LOSAng">97614.9253333333</dst>
            <dst id="NYCMng">30648.856</dst>
            <dst id="SNVAng">5037.184</dst>
            <dst id="STTLng">19208.7173333333</dst>
            <dst id="WASHng">48183.1893333333</dst>
        </src>
        <src id="KSCYng">
            <dst id="ATLA-M5">630.002666666667</dst>
            <dst id="ATLAng">6228.328</dst>
            <dst id="CHINng">27142.4613333333</dst>
            <dst id="DNVRng">9275.20266666667</dst>
            <dst id="HSTNng">5339.02933333333</dst>
            <dst id="IPLSng">14559.9866666667</dst>
            <dst id="KSCYng">5306.73333333333</dst>
            <dst id="LOSAng">5764.80266666667</dst>
            <dst id="NYCMng">16863.552</dst>
            <dst id="SNVAng">1039.29333333333</dst>
            <dst id="STTLng">2590.05066666667</dst>
            <dst id="WASHng">11859.7813333333</dst>
        </src>
        <src id="LOSAng">
            <dst id="ATLA-M5">1042.648</dst>
            <dst id="ATLAng">22880.824</dst>
            <dst id="CHINng">81328.8826666667</dst>
            <dst id="DNVRng">8091.52533333333</dst>
            <dst id="HSTNng">12773.5546666667</dst>
            <dst id="IPLSng">41489.4053333333</dst>
            <dst id="KSCYng">10306.024</dst>
            <dst id="LOSAng">21191.9653333333</dst>
            <dst id="NYCMng">60181.5333333333</dst>
            <dst id="SNVAng">4751.46133333333</dst>
            <dst id="STTLng">30110.4293333333</dst>
            <dst id="WASHng">54674.9466666667</dst>
        </src>
        <src id="NYCMng">
            <dst id="ATLA-M5">1849.87733333333</dst>
            <dst id="ATLAng">42929.7946666667</dst>
            <dst id="CHINng">66316.5146666667</dst>
            <dst id="DNVRng">13634.7093333333</dst>
            <dst id="HSTNng">20667.1146666667</dst>
            <dst id="IPLSng">71629.4293333333</dst>
            <dst id="KSCYng">31710.376</dst>
            <dst id="LOSAng">70991.736</dst>
            <dst id="NYCMng">131687.338666667</dst>
            <dst id="SNVAng">6782.06133333333</dst>
            <dst id="STTLng">27492.5066666667</dst>
            <dst id="WASHng">107224.618666667</dst>
        </src>
        <src id="SNVAng">
            <dst id="ATLA-M5">0</dst>
            <dst id="ATLAng">1833.43466666667</dst>
            <dst id="CHINng">5054.88266666667</dst>
            <dst id="DNVRng">15381.9626666667</dst>
            <dst id="HSTNng">661.538666666667</dst>
            <dst id="IPLSng">4972</dst>
            <dst id="KSCYng">723.666666666667</dst>
            <dst id="LOSAng">2590.11466666667</dst>
            <dst id="NYCMng">13791.84</dst>
            <dst id="SNVAng">733.802666666667</dst>
            <dst id="STTLng">1713.10133333333</dst>
            <dst id="WASHng">2203.54133333333</dst>
        </src>
        <src id="STTLng">
            <dst id="ATLA-M5">60.472</dst>
            <dst id="ATLAng">22890.272</dst>
            <dst id="CHINng">27074.3946666667</dst>
            <dst id="DNVRng">3327.54133333333</dst>
            <dst id="HSTNng">4126.48266666667</dst>
            <dst id="IPLSng">7358.81066666667</dst>
            <dst id="KSCYng">3258.112</dst>
            <dst id="LOSAng">18738.488</dst>
            <dst id="NYCMng">20245.0133333333</dst>
            <dst id="SNVAng">2784.45066666667</dst>
            <dst id="STTLng">10978.112</dst>
            <dst id="WASHng">9160.77866666667</dst>
        </src>
        <src id="WASHng">
            <dst id="ATLA-M5">496.925333333333</dst>
            <dst id="ATLAng">166383.810666667</dst>
            <dst id="CHINng">97680.6666666667</dst>
            <dst id="DNVRng">29367.6266666667</dst>
            <dst id="HSTNng">9635.76266666667</dst>
            <dst id="IPLSng">56202.6533333333</dst>
            <dst id="KSCYng">13662.328</dst>
            <dst id="LOSAng">80521.7786666667</dst>
            <dst id="NYCMng">156264.834666667</dst>
            <dst id="SNVAng">5010.632</dst>
            <dst id="STTLng">26410.2853333333</dst>
            <dst id="WASHng">193550.434666667</dst>
        </src>
    </IntraTM>
</TrafficMatrixFile>
