<?xml version="1.0" encoding="ISO-8859-1" standalone="yes"?>
<TrafficMatrixFile xsi:noNamespaceSchemaLocation="http://totem.run.montefiore.ulg.ac.be/Schema/TrafficMatrix-v1_2.xsd" xmlns:xsi="http://www.w3.org/2001/XMLSchema-instance">
    <IntraTM ASID="11537">
        <src id="ATLA-M5">
            <dst id="ATLA-M5">0</dst>
            <dst id="ATLAng">148.168</dst>
            <dst id="CHINng">1766.93866666667</dst>
            <dst id="DNVRng">657.933333333333</dst>
            <dst id="HSTNng">464.725333333333</dst>
            <dst id="IPLSng">523.44</dst>
            <dst id="KSCYng">475.610666666667</dst>
            <dst id="LOSAng">662.221333333333</dst>
            <dst id="NYCMng">255.938666666667</dst>
            <dst id="SNVAng">202.957333333333</dst>
            <dst id="STTLng">268.04</dst>
            <dst id="WASHng">2119.65333333333</dst>
        </src>
        <src id="ATLAng">
            <dst id="ATLA-M5">343.885333333333</dst>
            <dst id="ATLAng">35255.176</dst>
            <dst id="CHINng">16620.7466666667</dst>
            <dst id="DNVRng">3831.424</dst>
            <dst id="HSTNng">8876.77066666667</dst>
            <dst id="IPLSng">18366.416</dst>
            <dst id="KSCYng">5017.04533333333</dst>
            <dst id="LOSAng">15939.3493333333</dst>
            <dst id="NYCMng">19252.496</dst>
            <dst id="SNVAng">2972.08533333333</dst>
            <dst id="STTLng">8331.63466666666</dst>
            <dst id="WASHng">61662.112</dst>
        </src>
        <src id="CHINng">
            <dst id="ATLA-M5">692.210666666667</dst>
            <dst id="ATLAng">20163.9386666667</dst>
            <dst id="CHINng">37773.4373333333</dst>
            <dst id="DNVRng">14029.84</dst>
            <dst id="HSTNng">5578.42666666667</dst>
            <dst id="IPLSng">35849.6693333333</dst>
            <dst id="KSCYng">8888.78133333333</dst>
            <dst id="LOSAng">29339.3306666667</dst>
            <dst id="NYCMng">5997.776</dst>
            <dst id="SNVAng">2195.68</dst>
            <dst id="STTLng">6237.216</dst>
            <dst id="WASHng">14523.032</dst>
        </src>
        <src id="DNVRng">
            <dst id="ATLA-M5">128.632</dst>
            <dst id="ATLAng">3916.66933333333</dst>
            <dst id="CHINng">39217.8453333333</dst>
            <dst id="DNVRng">6873.856</dst>
            <dst id="HSTNng">5226.66933333333</dst>
            <dst id="IPLSng">9734.80266666667</dst>
            <dst id="KSCYng">13750.3546666667</dst>
            <dst id="LOSAng">25692.272</dst>
            <dst id="NYCMng">9236.96266666667</dst>
            <dst id="SNVAng">12999.4266666667</dst>
            <dst id="STTLng">26700.992</dst>
            <dst id="WASHng">17423.9706666667</dst>
        </src>
        <src id="HSTNng">
            <dst id="ATLA-M5">3150.96266666667</dst>
            <dst id="ATLAng">3181.02133333333</dst>
            <dst id="CHINng">24193.1413333333</dst>
            <dst id="DNVRng">3481.65333333333</dst>
            <dst id="HSTNng">4378.49333333333</dst>
            <dst id="IPLSng">7602.68</dst>
            <dst id="KSCYng">3573.37066666667</dst>
            <dst id="LOSAng">9737.62666666667</dst>
            <dst id="NYCMng">4284.58133333333</dst>
            <dst id="SNVAng">1850.41066666667</dst>
            <dst id="STTLng">4498.864</dst>
            <dst id="WASHng">6300.87733333333</dst>
        </src>
        <src id="IPLSng">
            <dst id="ATLA-M5">139.106666666667</dst>
            <dst id="ATLAng">18118.1973333333</dst>
            <dst id="CHINng">107594.957333333</dst>
            <dst id="DNVRng">7114.27466666667</dst>
            <dst id="HSTNng">8840.04</dst>
            <dst id="IPLSng">29106.6666666667</dst>
            <dst id="KSCYng">10044.8293333333</dst>
            <dst id="LOSAng">19550.64</dst>
            <dst id="NYCMng">18635.5066666667</dst>
            <dst id="SNVAng">8512.70666666667</dst>
            <dst id="STTLng">10505.24</dst>
            <dst id="WASHng">35823.216</dst>
        </src>
        <src id="KSCYng">
            <dst id="ATLA-M5">573.538666666667</dst>
            <dst id="ATLAng">4588.256</dst>
            <dst id="CHINng">37867.9546666667</dst>
            <dst id="DNVRng">8661.70133333333</dst>
            <dst id="HSTNng">4849.368</dst>
            <dst id="IPLSng">12813.7146666667</dst>
            <dst id="KSCYng">8696.67466666667</dst>
            <dst id="LOSAng">10100.4613333333</dst>
            <dst id="NYCMng">10123.8746666667</dst>
            <dst id="SNVAng">1142.77066666667</dst>
            <dst id="STTLng">3480.81333333333</dst>
            <dst id="WASHng">9875.00533333333</dst>
        </src>
        <src id="LOSAng">
            <dst id="ATLA-M5">139.789333333333</dst>
            <dst id="ATLAng">34034.6266666667</dst>
            <dst id="CHINng">121044.301333333</dst>
            <dst id="DNVRng">9593.74933333333</dst>
            <dst id="HSTNng">8800.32266666667</dst>
            <dst id="IPLSng">53964.328</dst>
            <dst id="KSCYng">12160.256</dst>
            <dst id="LOSAng">13666.7173333333</dst>
            <dst id="NYCMng">54559.08</dst>
            <dst id="SNVAng">3952.37066666667</dst>
            <dst id="STTLng">35072.7146666667</dst>
            <dst id="WASHng">61825.456</dst>
        </src>
        <src id="NYCMng">
            <dst id="ATLA-M5">1458.27466666667</dst>
            <dst id="ATLAng">28841.6106666667</dst>
            <dst id="CHINng">62441.8666666667</dst>
            <dst id="DNVRng">20601.3093333333</dst>
            <dst id="HSTNng">41016.5946666667</dst>
            <dst id="IPLSng">69996.2853333333</dst>
            <dst id="KSCYng">31996.8053333333</dst>
            <dst id="LOSAng">69296.976</dst>
            <dst id="NYCMng">153136.672</dst>
            <dst id="SNVAng">6152.80533333333</dst>
            <dst id="STTLng">26750.3626666667</dst>
            <dst id="WASHng">71512.8133333333</dst>
        </src>
        <src id="SNVAng">
            <dst id="ATLA-M5">96.8533333333333</dst>
            <dst id="ATLAng">524.773333333333</dst>
            <dst id="CHINng">5237.08533333333</dst>
            <dst id="DNVRng">13733.0853333333</dst>
            <dst id="HSTNng">1079.14666666667</dst>
            <dst id="IPLSng">3310.424</dst>
            <dst id="KSCYng">1149.82666666667</dst>
            <dst id="LOSAng">2974.352</dst>
            <dst id="NYCMng">12661.7973333333</dst>
            <dst id="SNVAng">642.76</dst>
            <dst id="STTLng">2966.072</dst>
            <dst id="WASHng">2616.42666666667</dst>
        </src>
        <src id="STTLng">
            <dst id="ATLA-M5">120.408</dst>
            <dst id="ATLAng">15726.552</dst>
            <dst id="CHINng">45165.3546666667</dst>
            <dst id="DNVRng">4848.16</dst>
            <dst id="HSTNng">2709.30933333333</dst>
            <dst id="IPLSng">8840.52</dst>
            <dst id="KSCYng">4050.504</dst>
            <dst id="LOSAng">23114.6426666667</dst>
            <dst id="NYCMng">19696.4053333333</dst>
            <dst id="SNVAng">4896.19733333333</dst>
            <dst id="STTLng">4672.144</dst>
            <dst id="WASHng">8851.57333333333</dst>
        </src>
        <src id="WASHng">
            <dst id="ATLA-M5">1240.448</dst>
            <dst id="ATLAng">88613.6</dst>
            <dst id="CHINng">72913</dst>
            <dst id="DNVRng">38600.5786666667</dst>
            <dst id="HSTNng">14775.5973333333</dst>
            <dst id="IPLSng">47709.392</dst>
            <dst id="KSCYng">17759.272</dst>
            <dst id="LOSAng">68453.888</dst>
            <dst id="NYCMng">169936.186666667</dst>
            <dst id="SNVAng">2858.48266666667</dst>
            <dst id="STTLng">35012.536</dst>
            <dst id="WASHng">281861.306666667</dst>
        </src>
    </IntraTM>
</TrafficMatrixFile>
