<?xml version="1.0" encoding="ISO-8859-1" standalone="yes"?>
<TrafficMatrixFile xsi:noNamespaceSchemaLocation="http://totem.run.montefiore.ulg.ac.be/Schema/TrafficMatrix-v1_2.xsd" xmlns:xsi="http://www.w3.org/2001/XMLSchema-instance">
    <IntraTM ASID="11537">
        <src id="ATLA-M5">
            <dst id="ATLA-M5">0</dst>
            <dst id="ATLAng">109.565333333333</dst>
            <dst id="CHINng">865.984</dst>
            <dst id="DNVRng">26.6666666666667</dst>
            <dst id="HSTNng">262.136</dst>
            <dst id="IPLSng">1475.47466666667</dst>
            <dst id="KSCYng">147.928</dst>
            <dst id="LOSAng">368.765333333333</dst>
            <dst id="NYCMng">186.096</dst>
            <dst id="SNVAng">132.525333333333</dst>
            <dst id="STTLng">97.536</dst>
            <dst id="WASHng">2646.64533333333</dst>
        </src>
        <src id="ATLAng">
            <dst id="ATLA-M5">1053.04533333333</dst>
            <dst id="ATLAng">46572.7466666667</dst>
            <dst id="CHINng">11634.9733333333</dst>
            <dst id="DNVRng">1738.43466666667</dst>
            <dst id="HSTNng">1178.66666666667</dst>
            <dst id="IPLSng">13798.8986666667</dst>
            <dst id="KSCYng">3093.696</dst>
            <dst id="LOSAng">19001.248</dst>
            <dst id="NYCMng">12658.8133333333</dst>
            <dst id="SNVAng">3547.79733333333</dst>
            <dst id="STTLng">8005.13866666667</dst>
            <dst id="WASHng">97091.872</dst>
        </src>
        <src id="CHINng">
            <dst id="ATLA-M5">361.914666666667</dst>
            <dst id="ATLAng">10869.3893333333</dst>
            <dst id="CHINng">45821.9093333333</dst>
            <dst id="DNVRng">11602.8026666667</dst>
            <dst id="HSTNng">7512.65866666667</dst>
            <dst id="IPLSng">16289.4026666667</dst>
            <dst id="KSCYng">5516.17866666666</dst>
            <dst id="LOSAng">16754.816</dst>
            <dst id="NYCMng">5335.37866666667</dst>
            <dst id="SNVAng">1034.82666666667</dst>
            <dst id="STTLng">7780.688</dst>
            <dst id="WASHng">11087.3013333333</dst>
        </src>
        <src id="DNVRng">
            <dst id="ATLA-M5">185.68</dst>
            <dst id="ATLAng">7037.136</dst>
            <dst id="CHINng">46722.9493333333</dst>
            <dst id="DNVRng">1513.48266666667</dst>
            <dst id="HSTNng">3690.98666666667</dst>
            <dst id="IPLSng">4258.47733333333</dst>
            <dst id="KSCYng">2611.53066666667</dst>
            <dst id="LOSAng">4566.41066666667</dst>
            <dst id="NYCMng">10545.7573333333</dst>
            <dst id="SNVAng">7052.104</dst>
            <dst id="STTLng">7356.89066666667</dst>
            <dst id="WASHng">6207.16533333333</dst>
        </src>
        <src id="HSTNng">
            <dst id="ATLA-M5">4129.24266666667</dst>
            <dst id="ATLAng">1963.81333333333</dst>
            <dst id="CHINng">28395.1013333333</dst>
            <dst id="DNVRng">1413.88</dst>
            <dst id="HSTNng">5556.36</dst>
            <dst id="IPLSng">8902.54133333333</dst>
            <dst id="KSCYng">2271.384</dst>
            <dst id="LOSAng">17502.9973333333</dst>
            <dst id="NYCMng">5523.88266666667</dst>
            <dst id="SNVAng">1732.85066666667</dst>
            <dst id="STTLng">1795.816</dst>
            <dst id="WASHng">3903.59466666667</dst>
        </src>
        <src id="IPLSng">
            <dst id="ATLA-M5">268.682666666667</dst>
            <dst id="ATLAng">9562.208</dst>
            <dst id="CHINng">110773.069333333</dst>
            <dst id="DNVRng">6634.568</dst>
            <dst id="HSTNng">4812.76533333333</dst>
            <dst id="IPLSng">15346.04</dst>
            <dst id="KSCYng">8212.56</dst>
            <dst id="LOSAng">16439.28</dst>
            <dst id="NYCMng">23874.7066666667</dst>
            <dst id="SNVAng">6543.632</dst>
            <dst id="STTLng">7848.60533333333</dst>
            <dst id="WASHng">21980.4986666667</dst>
        </src>
        <src id="KSCYng">
            <dst id="ATLA-M5">2223.81866666667</dst>
            <dst id="ATLAng">5480.78666666667</dst>
            <dst id="CHINng">43260.4106666667</dst>
            <dst id="DNVRng">3697.352</dst>
            <dst id="HSTNng">3130.53866666667</dst>
            <dst id="IPLSng">8265.26133333333</dst>
            <dst id="KSCYng">4215.368</dst>
            <dst id="LOSAng">4505.19466666667</dst>
            <dst id="NYCMng">7365.304</dst>
            <dst id="SNVAng">868.578666666667</dst>
            <dst id="STTLng">4417.49866666667</dst>
            <dst id="WASHng">13601.4453333333</dst>
        </src>
        <src id="LOSAng">
            <dst id="ATLA-M5">35.7226666666667</dst>
            <dst id="ATLAng">23267.3626666667</dst>
            <dst id="CHINng">129125.970666667</dst>
            <dst id="DNVRng">2438.50933333333</dst>
            <dst id="HSTNng">6756.94666666667</dst>
            <dst id="IPLSng">35547.9893333333</dst>
            <dst id="KSCYng">5936.06666666667</dst>
            <dst id="LOSAng">9717.36</dst>
            <dst id="NYCMng">46208.032</dst>
            <dst id="SNVAng">4205.93066666667</dst>
            <dst id="STTLng">21954.512</dst>
            <dst id="WASHng">46404.7386666667</dst>
        </src>
        <src id="NYCMng">
            <dst id="ATLA-M5">683.402666666667</dst>
            <dst id="ATLAng">36641.1173333333</dst>
            <dst id="CHINng">53555.7226666667</dst>
            <dst id="DNVRng">16660.24</dst>
            <dst id="HSTNng">32735.1733333333</dst>
            <dst id="IPLSng">54325.7626666667</dst>
            <dst id="KSCYng">16838.472</dst>
            <dst id="LOSAng">43283.1466666667</dst>
            <dst id="NYCMng">156737.946666667</dst>
            <dst id="SNVAng">4565.24533333333</dst>
            <dst id="STTLng">20107.24</dst>
            <dst id="WASHng">50565.352</dst>
        </src>
        <src id="SNVAng">
            <dst id="ATLA-M5">221.589333333333</dst>
            <dst id="ATLAng">808.778666666667</dst>
            <dst id="CHINng">7518.18133333333</dst>
            <dst id="DNVRng">2877.97066666667</dst>
            <dst id="HSTNng">502.656</dst>
            <dst id="IPLSng">2856.944</dst>
            <dst id="KSCYng">356.674666666667</dst>
            <dst id="LOSAng">5264.75733333333</dst>
            <dst id="NYCMng">13253.4213333333</dst>
            <dst id="SNVAng">307.245333333333</dst>
            <dst id="STTLng">1966.29333333333</dst>
            <dst id="WASHng">1534.68533333333</dst>
        </src>
        <src id="STTLng">
            <dst id="ATLA-M5">26.6666666666667</dst>
            <dst id="ATLAng">15162.1226666667</dst>
            <dst id="CHINng">86478.872</dst>
            <dst id="DNVRng">3005.29866666667</dst>
            <dst id="HSTNng">1941.49333333333</dst>
            <dst id="IPLSng">10690.4293333333</dst>
            <dst id="KSCYng">2401.608</dst>
            <dst id="LOSAng">18134.8506666667</dst>
            <dst id="NYCMng">20224.4853333333</dst>
            <dst id="SNVAng">2164.65333333333</dst>
            <dst id="STTLng">13992.0266666667</dst>
            <dst id="WASHng">8217.59466666667</dst>
        </src>
        <src id="WASHng">
            <dst id="ATLA-M5">65.288</dst>
            <dst id="ATLAng">113669.248</dst>
            <dst id="CHINng">53465.0133333333</dst>
            <dst id="DNVRng">24618.1253333333</dst>
            <dst id="HSTNng">20225.1786666667</dst>
            <dst id="IPLSng">43946.2026666667</dst>
            <dst id="KSCYng">11744.08</dst>
            <dst id="LOSAng">55111.0986666667</dst>
            <dst id="NYCMng">106566.912</dst>
            <dst id="SNVAng">2395.42666666667</dst>
            <dst id="STTLng">29586.84</dst>
            <dst id="WASHng">338449.013333333</dst>
        </src>
    </IntraTM>
</TrafficMatrixFile>
