<?xml version="1.0" encoding="ISO-8859-1" standalone="yes"?>
<TrafficMatrixFile xsi:noNamespaceSchemaLocation="http://totem.run.montefiore.ulg.ac.be/Schema/TrafficMatrix-v1_2.xsd" xmlns:xsi="http://www.w3.org/2001/XMLSchema-instance">
    <IntraTM ASID="11537">
        <src id="ATLA-M5">
            <dst id="ATLA-M5">964.962666666667</dst>
            <dst id="ATLAng">393.088</dst>
            <dst id="CHINng">1210.28533333333</dst>
            <dst id="DNVRng">249.186666666667</dst>
            <dst id="HSTNng">234.205333333333</dst>
            <dst id="IPLSng">952.722666666667</dst>
            <dst id="KSCYng">436.824</dst>
            <dst id="LOSAng">186.666666666667</dst>
            <dst id="NYCMng">2972.33066666667</dst>
            <dst id="SNVAng">268.368</dst>
            <dst id="STTLng">169.448</dst>
            <dst id="WASHng">3674.66933333333</dst>
        </src>
        <src id="ATLAng">
            <dst id="ATLA-M5">1050.89866666667</dst>
            <dst id="ATLAng">28416.4853333333</dst>
            <dst id="CHINng">23452.024</dst>
            <dst id="DNVRng">3957.54933333333</dst>
            <dst id="HSTNng">7396.16266666667</dst>
            <dst id="IPLSng">24442.2666666667</dst>
            <dst id="KSCYng">17958.664</dst>
            <dst id="LOSAng">15951.368</dst>
            <dst id="NYCMng">14250.0133333333</dst>
            <dst id="SNVAng">1741.37333333333</dst>
            <dst id="STTLng">7624.01866666667</dst>
            <dst id="WASHng">106303.610666667</dst>
        </src>
        <src id="CHINng">
            <dst id="ATLA-M5">1361.98666666667</dst>
            <dst id="ATLAng">18866.1173333333</dst>
            <dst id="CHINng">85972.2693333333</dst>
            <dst id="DNVRng">13470.56</dst>
            <dst id="HSTNng">7937.912</dst>
            <dst id="IPLSng">29163.1173333333</dst>
            <dst id="KSCYng">10655.552</dst>
            <dst id="LOSAng">13333.608</dst>
            <dst id="NYCMng">11869.7386666667</dst>
            <dst id="SNVAng">1536.22933333333</dst>
            <dst id="STTLng">7561.57333333333</dst>
            <dst id="WASHng">24719.7493333333</dst>
        </src>
        <src id="DNVRng">
            <dst id="ATLA-M5">291.229333333333</dst>
            <dst id="ATLAng">6891.64</dst>
            <dst id="CHINng">56795.2853333333</dst>
            <dst id="DNVRng">6020.136</dst>
            <dst id="HSTNng">9559.76266666667</dst>
            <dst id="IPLSng">17455.3706666667</dst>
            <dst id="KSCYng">15818.376</dst>
            <dst id="LOSAng">8168.28533333333</dst>
            <dst id="NYCMng">17370.2533333333</dst>
            <dst id="SNVAng">16946.8773333333</dst>
            <dst id="STTLng">11627.992</dst>
            <dst id="WASHng">14606.5253333333</dst>
        </src>
        <src id="HSTNng">
            <dst id="ATLA-M5">334.048</dst>
            <dst id="ATLAng">6011.93333333333</dst>
            <dst id="CHINng">29666.328</dst>
            <dst id="DNVRng">4990.36</dst>
            <dst id="HSTNng">10845.0106666667</dst>
            <dst id="IPLSng">9816.89866666667</dst>
            <dst id="KSCYng">4954.856</dst>
            <dst id="LOSAng">106781.458666667</dst>
            <dst id="NYCMng">16765.088</dst>
            <dst id="SNVAng">1628.48</dst>
            <dst id="STTLng">1474.45333333333</dst>
            <dst id="WASHng">13572.272</dst>
        </src>
        <src id="IPLSng">
            <dst id="ATLA-M5">657.650666666667</dst>
            <dst id="ATLAng">22359.7466666667</dst>
            <dst id="CHINng">145515.157333333</dst>
            <dst id="DNVRng">15062.6533333333</dst>
            <dst id="HSTNng">10012.648</dst>
            <dst id="IPLSng">31265.024</dst>
            <dst id="KSCYng">21495.84</dst>
            <dst id="LOSAng">85780.6293333333</dst>
            <dst id="NYCMng">41436.744</dst>
            <dst id="SNVAng">5384.50933333333</dst>
            <dst id="STTLng">12007.6346666667</dst>
            <dst id="WASHng">39319.1653333333</dst>
        </src>
        <src id="KSCYng">
            <dst id="ATLA-M5">376.242666666667</dst>
            <dst id="ATLAng">17678.888</dst>
            <dst id="CHINng">42474.792</dst>
            <dst id="DNVRng">5120.216</dst>
            <dst id="HSTNng">6124.504</dst>
            <dst id="IPLSng">12654.4506666667</dst>
            <dst id="KSCYng">6073.97333333333</dst>
            <dst id="LOSAng">4245.624</dst>
            <dst id="NYCMng">13080.7786666667</dst>
            <dst id="SNVAng">1065.44533333333</dst>
            <dst id="STTLng">2568.83466666667</dst>
            <dst id="WASHng">14926.616</dst>
        </src>
        <src id="LOSAng">
            <dst id="ATLA-M5">1335.54933333333</dst>
            <dst id="ATLAng">30284.536</dst>
            <dst id="CHINng">160993.76</dst>
            <dst id="DNVRng">7934.448</dst>
            <dst id="HSTNng">18979.976</dst>
            <dst id="IPLSng">38734.5466666667</dst>
            <dst id="KSCYng">12124.2106666667</dst>
            <dst id="LOSAng">9826.81333333333</dst>
            <dst id="NYCMng">53724.6026666667</dst>
            <dst id="SNVAng">4631.44533333333</dst>
            <dst id="STTLng">19674.7253333333</dst>
            <dst id="WASHng">65860.408</dst>
        </src>
        <src id="NYCMng">
            <dst id="ATLA-M5">4244.14133333333</dst>
            <dst id="ATLAng">51642.84</dst>
            <dst id="CHINng">112113.674666667</dst>
            <dst id="DNVRng">17712.216</dst>
            <dst id="HSTNng">41562.3733333333</dst>
            <dst id="IPLSng">80628.84</dst>
            <dst id="KSCYng">28335.7946666667</dst>
            <dst id="LOSAng">62318.6106666667</dst>
            <dst id="NYCMng">180295.794666667</dst>
            <dst id="SNVAng">7946.288</dst>
            <dst id="STTLng">21633.7493333333</dst>
            <dst id="WASHng">106055.52</dst>
        </src>
        <src id="SNVAng">
            <dst id="ATLA-M5">120.928</dst>
            <dst id="ATLAng">1130.216</dst>
            <dst id="CHINng">9118.992</dst>
            <dst id="DNVRng">7883.07733333333</dst>
            <dst id="HSTNng">3140.58666666667</dst>
            <dst id="IPLSng">3846.448</dst>
            <dst id="KSCYng">3445.46666666667</dst>
            <dst id="LOSAng">7535.69066666667</dst>
            <dst id="NYCMng">4603.32</dst>
            <dst id="SNVAng">1433.29866666667</dst>
            <dst id="STTLng">2399.408</dst>
            <dst id="WASHng">3994.4</dst>
        </src>
        <src id="STTLng">
            <dst id="ATLA-M5">309.248</dst>
            <dst id="ATLAng">25787.3946666667</dst>
            <dst id="CHINng">86052.0693333333</dst>
            <dst id="DNVRng">5856.848</dst>
            <dst id="HSTNng">4568.87466666667</dst>
            <dst id="IPLSng">25349.0533333333</dst>
            <dst id="KSCYng">5892.60266666667</dst>
            <dst id="LOSAng">20006.0693333333</dst>
            <dst id="NYCMng">26736.7066666667</dst>
            <dst id="SNVAng">5576.376</dst>
            <dst id="STTLng">4974.09866666667</dst>
            <dst id="WASHng">17938.6746666667</dst>
        </src>
        <src id="WASHng">
            <dst id="ATLA-M5">3101.41866666667</dst>
            <dst id="ATLAng">110184.202666667</dst>
            <dst id="CHINng">104587.786666667</dst>
            <dst id="DNVRng">36374.3493333333</dst>
            <dst id="HSTNng">45222.0746666667</dst>
            <dst id="IPLSng">78540.7733333333</dst>
            <dst id="KSCYng">18876.608</dst>
            <dst id="LOSAng">53674.0746666667</dst>
            <dst id="NYCMng">209088.56</dst>
            <dst id="SNVAng">8228.14666666667</dst>
            <dst id="STTLng">27051.8933333333</dst>
            <dst id="WASHng">391740.64</dst>
        </src>
    </IntraTM>
</TrafficMatrixFile>
