<?xml version="1.0" encoding="ISO-8859-1" standalone="yes"?>
<TrafficMatrixFile xsi:noNamespaceSchemaLocation="http://totem.run.montefiore.ulg.ac.be/Schema/TrafficMatrix-v1_2.xsd" xmlns:xsi="http://www.w3.org/2001/XMLSchema-instance">
    <IntraTM ASID="11537">
        <src id="ATLA-M5">
            <dst id="ATLA-M5">26.6666666666667</dst>
            <dst id="ATLAng">423.165333333333</dst>
            <dst id="CHINng">942.170666666667</dst>
            <dst id="DNVRng">259.010666666667</dst>
            <dst id="HSTNng">1111.02133333333</dst>
            <dst id="IPLSng">762.024</dst>
            <dst id="KSCYng">1070.20533333333</dst>
            <dst id="LOSAng">1779.52266666667</dst>
            <dst id="NYCMng">187.472</dst>
            <dst id="SNVAng">287.893333333333</dst>
            <dst id="STTLng">209.621333333333</dst>
            <dst id="WASHng">1664.53066666667</dst>
        </src>
        <src id="ATLAng">
            <dst id="ATLA-M5">1618.41866666667</dst>
            <dst id="ATLAng">38375.888</dst>
            <dst id="CHINng">20623.4266666667</dst>
            <dst id="DNVRng">2991.01066666667</dst>
            <dst id="HSTNng">12721.5546666667</dst>
            <dst id="IPLSng">17951.4453333333</dst>
            <dst id="KSCYng">5770.37066666667</dst>
            <dst id="LOSAng">22188.864</dst>
            <dst id="NYCMng">19396.3253333333</dst>
            <dst id="SNVAng">3067.70133333333</dst>
            <dst id="STTLng">8948.096</dst>
            <dst id="WASHng">54242.2666666667</dst>
        </src>
        <src id="CHINng">
            <dst id="ATLA-M5">834.52</dst>
            <dst id="ATLAng">19694.9466666667</dst>
            <dst id="CHINng">37943.744</dst>
            <dst id="DNVRng">16924</dst>
            <dst id="HSTNng">10496.224</dst>
            <dst id="IPLSng">38147.7706666667</dst>
            <dst id="KSCYng">9857.42933333334</dst>
            <dst id="LOSAng">23535.2106666667</dst>
            <dst id="NYCMng">7658.05866666667</dst>
            <dst id="SNVAng">1873.57066666667</dst>
            <dst id="STTLng">6446.58666666667</dst>
            <dst id="WASHng">13170.016</dst>
        </src>
        <src id="DNVRng">
            <dst id="ATLA-M5">248.269333333333</dst>
            <dst id="ATLAng">4036.93066666667</dst>
            <dst id="CHINng">37695.272</dst>
            <dst id="DNVRng">7231.10666666667</dst>
            <dst id="HSTNng">6056.624</dst>
            <dst id="IPLSng">6982.67466666667</dst>
            <dst id="KSCYng">16849.6106666667</dst>
            <dst id="LOSAng">21271.08</dst>
            <dst id="NYCMng">11817.1546666667</dst>
            <dst id="SNVAng">12699.32</dst>
            <dst id="STTLng">18627.6506666667</dst>
            <dst id="WASHng">15860.6906666667</dst>
        </src>
        <src id="HSTNng">
            <dst id="ATLA-M5">340.682666666667</dst>
            <dst id="ATLAng">3826.81333333333</dst>
            <dst id="CHINng">18151.8453333333</dst>
            <dst id="DNVRng">2936.57333333333</dst>
            <dst id="HSTNng">4433.33866666667</dst>
            <dst id="IPLSng">11137.6293333333</dst>
            <dst id="KSCYng">4311.05866666667</dst>
            <dst id="LOSAng">99104.456</dst>
            <dst id="NYCMng">3584.36533333333</dst>
            <dst id="SNVAng">3165.04266666667</dst>
            <dst id="STTLng">5215.25066666666</dst>
            <dst id="WASHng">7909.61333333333</dst>
        </src>
        <src id="IPLSng">
            <dst id="ATLA-M5">472.104</dst>
            <dst id="ATLAng">15675.6106666667</dst>
            <dst id="CHINng">98675.1653333333</dst>
            <dst id="DNVRng">9823.30666666667</dst>
            <dst id="HSTNng">8733.69333333333</dst>
            <dst id="IPLSng">16457.4506666667</dst>
            <dst id="KSCYng">14024.296</dst>
            <dst id="LOSAng">17910.2933333333</dst>
            <dst id="NYCMng">29412.7493333333</dst>
            <dst id="SNVAng">8268.56</dst>
            <dst id="STTLng">12419.984</dst>
            <dst id="WASHng">39017.8933333333</dst>
        </src>
        <src id="KSCYng">
            <dst id="ATLA-M5">587.181333333333</dst>
            <dst id="ATLAng">5833.376</dst>
            <dst id="CHINng">37684.056</dst>
            <dst id="DNVRng">11054.2773333333</dst>
            <dst id="HSTNng">4309.77333333333</dst>
            <dst id="IPLSng">14418.456</dst>
            <dst id="KSCYng">7569.75466666667</dst>
            <dst id="LOSAng">8888.18933333333</dst>
            <dst id="NYCMng">7516.82666666667</dst>
            <dst id="SNVAng">815.869333333333</dst>
            <dst id="STTLng">3121.05066666667</dst>
            <dst id="WASHng">12358.808</dst>
        </src>
        <src id="LOSAng">
            <dst id="ATLA-M5">139.597333333333</dst>
            <dst id="ATLAng">14588.472</dst>
            <dst id="CHINng">105491.312</dst>
            <dst id="DNVRng">10632.616</dst>
            <dst id="HSTNng">11175.7146666667</dst>
            <dst id="IPLSng">44966.1093333333</dst>
            <dst id="KSCYng">11168.0266666667</dst>
            <dst id="LOSAng">14821.9413333333</dst>
            <dst id="NYCMng">52151.9253333333</dst>
            <dst id="SNVAng">3296.83466666667</dst>
            <dst id="STTLng">28307.9573333333</dst>
            <dst id="WASHng">85512.2986666667</dst>
        </src>
        <src id="NYCMng">
            <dst id="ATLA-M5">2923.60533333333</dst>
            <dst id="ATLAng">28671.176</dst>
            <dst id="CHINng">65003.2506666667</dst>
            <dst id="DNVRng">17666.0746666667</dst>
            <dst id="HSTNng">39031.592</dst>
            <dst id="IPLSng">57001.0693333333</dst>
            <dst id="KSCYng">28033.2826666667</dst>
            <dst id="LOSAng">69909.024</dst>
            <dst id="NYCMng">140669.296</dst>
            <dst id="SNVAng">7069.14133333333</dst>
            <dst id="STTLng">26694.3946666667</dst>
            <dst id="WASHng">76916.016</dst>
        </src>
        <src id="SNVAng">
            <dst id="ATLA-M5">240.141333333333</dst>
            <dst id="ATLAng">820.496</dst>
            <dst id="CHINng">6872.46666666667</dst>
            <dst id="DNVRng">9975.976</dst>
            <dst id="HSTNng">1520.23733333333</dst>
            <dst id="IPLSng">4360.26933333333</dst>
            <dst id="KSCYng">1685.89066666667</dst>
            <dst id="LOSAng">1732.33866666667</dst>
            <dst id="NYCMng">3966.79733333333</dst>
            <dst id="SNVAng">292.802666666667</dst>
            <dst id="STTLng">3724.94133333333</dst>
            <dst id="WASHng">3152.18133333333</dst>
        </src>
        <src id="STTLng">
            <dst id="ATLA-M5">123.346666666667</dst>
            <dst id="ATLAng">16020.2266666667</dst>
            <dst id="CHINng">50160.6773333333</dst>
            <dst id="DNVRng">5307.50666666667</dst>
            <dst id="HSTNng">3086.752</dst>
            <dst id="IPLSng">8929.02666666666</dst>
            <dst id="KSCYng">3207.22133333333</dst>
            <dst id="LOSAng">23469.4346666667</dst>
            <dst id="NYCMng">15285.096</dst>
            <dst id="SNVAng">5905.03466666667</dst>
            <dst id="STTLng">6914.376</dst>
            <dst id="WASHng">8175.112</dst>
        </src>
        <src id="WASHng">
            <dst id="ATLA-M5">2261.656</dst>
            <dst id="ATLAng">83150.9866666667</dst>
            <dst id="CHINng">84438.096</dst>
            <dst id="DNVRng">38236.7653333333</dst>
            <dst id="HSTNng">12905.4106666667</dst>
            <dst id="IPLSng">52746.9946666667</dst>
            <dst id="KSCYng">16260.3066666667</dst>
            <dst id="LOSAng">67781.632</dst>
            <dst id="NYCMng">153600.410666667</dst>
            <dst id="SNVAng">3546.09066666667</dst>
            <dst id="STTLng">34018.072</dst>
            <dst id="WASHng">280964.613333333</dst>
        </src>
    </IntraTM>
</TrafficMatrixFile>
