<?xml version="1.0" encoding="ISO-8859-1" standalone="yes"?>
<TrafficMatrixFile xsi:noNamespaceSchemaLocation="http://totem.run.montefiore.ulg.ac.be/Schema/TrafficMatrix-v1_2.xsd" xmlns:xsi="http://www.w3.org/2001/XMLSchema-instance">
    <IntraTM ASID="11537">
        <src id="ATLA-M5">
            <dst id="ATLA-M5">0</dst>
            <dst id="ATLAng">504.816</dst>
            <dst id="CHINng">1198.58933333333</dst>
            <dst id="DNVRng">1182.92533333333</dst>
            <dst id="HSTNng">534.730666666667</dst>
            <dst id="IPLSng">1010.26666666667</dst>
            <dst id="KSCYng">329.589333333333</dst>
            <dst id="LOSAng">952.96</dst>
            <dst id="NYCMng">1419.888</dst>
            <dst id="SNVAng">207.976</dst>
            <dst id="STTLng">190.856</dst>
            <dst id="WASHng">2543.864</dst>
        </src>
        <src id="ATLAng">
            <dst id="ATLA-M5">1415.70133333333</dst>
            <dst id="ATLAng">74964.5946666666</dst>
            <dst id="CHINng">32096.5813333333</dst>
            <dst id="DNVRng">18118.472</dst>
            <dst id="HSTNng">10761.2133333333</dst>
            <dst id="IPLSng">70883.392</dst>
            <dst id="KSCYng">11118.424</dst>
            <dst id="LOSAng">22242.2626666667</dst>
            <dst id="NYCMng">22519.1626666667</dst>
            <dst id="SNVAng">3727.35333333333</dst>
            <dst id="STTLng">5885.60266666667</dst>
            <dst id="WASHng">86349.8373333333</dst>
        </src>
        <src id="CHINng">
            <dst id="ATLA-M5">4588.69866666667</dst>
            <dst id="ATLAng">18875.9333333333</dst>
            <dst id="CHINng">36440.032</dst>
            <dst id="DNVRng">8748.392</dst>
            <dst id="HSTNng">18942.032</dst>
            <dst id="IPLSng">52547.9866666667</dst>
            <dst id="KSCYng">6428.584</dst>
            <dst id="LOSAng">32100.4853333333</dst>
            <dst id="NYCMng">12112.7733333333</dst>
            <dst id="SNVAng">5099.584</dst>
            <dst id="STTLng">7149.728</dst>
            <dst id="WASHng">19873.7893333333</dst>
        </src>
        <src id="DNVRng">
            <dst id="ATLA-M5">1042.07466666667</dst>
            <dst id="ATLAng">8965.43466666667</dst>
            <dst id="CHINng">62974.0186666667</dst>
            <dst id="DNVRng">11598.2693333333</dst>
            <dst id="HSTNng">18535.6453333333</dst>
            <dst id="IPLSng">38081.256</dst>
            <dst id="KSCYng">14920.32</dst>
            <dst id="LOSAng">11265.7013333333</dst>
            <dst id="NYCMng">18294.5173333333</dst>
            <dst id="SNVAng">15714.0693333333</dst>
            <dst id="STTLng">21002.1546666667</dst>
            <dst id="WASHng">44822.2586666667</dst>
        </src>
        <src id="HSTNng">
            <dst id="ATLA-M5">701.338666666667</dst>
            <dst id="ATLAng">5069.57333333333</dst>
            <dst id="CHINng">22042.4906666667</dst>
            <dst id="DNVRng">10769.8133333333</dst>
            <dst id="HSTNng">11621.3493333333</dst>
            <dst id="IPLSng">14490.184</dst>
            <dst id="KSCYng">4909.352</dst>
            <dst id="LOSAng">9206.696</dst>
            <dst id="NYCMng">14264.7653333333</dst>
            <dst id="SNVAng">3660.888</dst>
            <dst id="STTLng">5977.28533333333</dst>
            <dst id="WASHng">9242.76266666667</dst>
        </src>
        <src id="IPLSng">
            <dst id="ATLA-M5">750.010666666667</dst>
            <dst id="ATLAng">55979.6533333333</dst>
            <dst id="CHINng">124139.352</dst>
            <dst id="DNVRng">32751.7733333333</dst>
            <dst id="HSTNng">9638.77866666667</dst>
            <dst id="IPLSng">57349.528</dst>
            <dst id="KSCYng">18062.456</dst>
            <dst id="LOSAng">43104.5173333333</dst>
            <dst id="NYCMng">31577.8586666667</dst>
            <dst id="SNVAng">8385.83466666667</dst>
            <dst id="STTLng">20897.6933333333</dst>
            <dst id="WASHng">41931.8533333333</dst>
        </src>
        <src id="KSCYng">
            <dst id="ATLA-M5">446.632</dst>
            <dst id="ATLAng">9001.71733333333</dst>
            <dst id="CHINng">48275.792</dst>
            <dst id="DNVRng">11292.392</dst>
            <dst id="HSTNng">10356.104</dst>
            <dst id="IPLSng">12445.6293333333</dst>
            <dst id="KSCYng">8919.08</dst>
            <dst id="LOSAng">9832.912</dst>
            <dst id="NYCMng">10764.112</dst>
            <dst id="SNVAng">2580.63466666667</dst>
            <dst id="STTLng">5343.84</dst>
            <dst id="WASHng">18160.3146666667</dst>
        </src>
        <src id="LOSAng">
            <dst id="ATLA-M5">1366.52533333333</dst>
            <dst id="ATLAng">24728.464</dst>
            <dst id="CHINng">119086.317333333</dst>
            <dst id="DNVRng">20030.2133333333</dst>
            <dst id="HSTNng">16160.3813333333</dst>
            <dst id="IPLSng">47811.4533333333</dst>
            <dst id="KSCYng">12543.6</dst>
            <dst id="LOSAng">13375.984</dst>
            <dst id="NYCMng">69469.088</dst>
            <dst id="SNVAng">10937.2533333333</dst>
            <dst id="STTLng">32498.5093333333</dst>
            <dst id="WASHng">67115.9013333333</dst>
        </src>
        <src id="NYCMng">
            <dst id="ATLA-M5">3186.97333333333</dst>
            <dst id="ATLAng">69856.6666666667</dst>
            <dst id="CHINng">65303.1173333333</dst>
            <dst id="DNVRng">51369.9893333333</dst>
            <dst id="HSTNng">48241.2453333333</dst>
            <dst id="IPLSng">99519.4693333333</dst>
            <dst id="KSCYng">26005.0986666667</dst>
            <dst id="LOSAng">89473.168</dst>
            <dst id="NYCMng">154696.810666667</dst>
            <dst id="SNVAng">13912.5653333333</dst>
            <dst id="STTLng">43468.952</dst>
            <dst id="WASHng">103073.762666667</dst>
        </src>
        <src id="SNVAng">
            <dst id="ATLA-M5">166.616</dst>
            <dst id="ATLAng">1019.16</dst>
            <dst id="CHINng">8467.14666666667</dst>
            <dst id="DNVRng">9534.784</dst>
            <dst id="HSTNng">1053.808</dst>
            <dst id="IPLSng">2442.976</dst>
            <dst id="KSCYng">873.666666666667</dst>
            <dst id="LOSAng">42943.968</dst>
            <dst id="NYCMng">3567.744</dst>
            <dst id="SNVAng">20652.32</dst>
            <dst id="STTLng">66737.7813333333</dst>
            <dst id="WASHng">4907.62133333333</dst>
        </src>
        <src id="STTLng">
            <dst id="ATLA-M5">106.666666666667</dst>
            <dst id="ATLAng">18203.8853333333</dst>
            <dst id="CHINng">63327.6906666666</dst>
            <dst id="DNVRng">8390.08533333333</dst>
            <dst id="HSTNng">5872.05333333333</dst>
            <dst id="IPLSng">20115.8053333333</dst>
            <dst id="KSCYng">5061.792</dst>
            <dst id="LOSAng">31582.6026666667</dst>
            <dst id="NYCMng">27628.608</dst>
            <dst id="SNVAng">11207.7466666667</dst>
            <dst id="STTLng">8428.952</dst>
            <dst id="WASHng">20503.1066666667</dst>
        </src>
        <src id="WASHng">
            <dst id="ATLA-M5">16756.5013333333</dst>
            <dst id="ATLAng">150408.392</dst>
            <dst id="CHINng">80905.4666666667</dst>
            <dst id="DNVRng">59502.7493333333</dst>
            <dst id="HSTNng">36972.3253333333</dst>
            <dst id="IPLSng">80123.6426666667</dst>
            <dst id="KSCYng">33151.6346666667</dst>
            <dst id="LOSAng">100034.482666667</dst>
            <dst id="NYCMng">170007.490666667</dst>
            <dst id="SNVAng">10347.88</dst>
            <dst id="STTLng">33903.2586666667</dst>
            <dst id="WASHng">231485.866666667</dst>
        </src>
    </IntraTM>
</TrafficMatrixFile>
