<?xml version="1.0" encoding="ISO-8859-1" standalone="yes"?>
<TrafficMatrixFile xsi:noNamespaceSchemaLocation="http://totem.run.montefiore.ulg.ac.be/Schema/TrafficMatrix-v1_2.xsd" xmlns:xsi="http://www.w3.org/2001/XMLSchema-instance">
    <IntraTM ASID="11537">
        <src id="ATLA-M5">
            <dst id="ATLA-M5">0</dst>
            <dst id="ATLAng">162.448</dst>
            <dst id="CHINng">473.346666666667</dst>
            <dst id="DNVRng">111.344</dst>
            <dst id="HSTNng">118.554666666667</dst>
            <dst id="IPLSng">1361.85866666667</dst>
            <dst id="KSCYng">155.912</dst>
            <dst id="LOSAng">111.712</dst>
            <dst id="NYCMng">218.512</dst>
            <dst id="SNVAng">103.549333333333</dst>
            <dst id="STTLng">62.944</dst>
            <dst id="WASHng">3367.536</dst>
        </src>
        <src id="ATLAng">
            <dst id="ATLA-M5">969.936</dst>
            <dst id="ATLAng">119837.306666667</dst>
            <dst id="CHINng">14235.8586666667</dst>
            <dst id="DNVRng">1735.12533333333</dst>
            <dst id="HSTNng">1363.55466666667</dst>
            <dst id="IPLSng">20745.9093333333</dst>
            <dst id="KSCYng">3807.20266666667</dst>
            <dst id="LOSAng">16695.8746666667</dst>
            <dst id="NYCMng">12810.6746666667</dst>
            <dst id="SNVAng">969.218666666667</dst>
            <dst id="STTLng">7595.752</dst>
            <dst id="WASHng">86882.1466666667</dst>
        </src>
        <src id="CHINng">
            <dst id="ATLA-M5">401.082666666667</dst>
            <dst id="ATLAng">10222.3146666667</dst>
            <dst id="CHINng">47808.4373333333</dst>
            <dst id="DNVRng">5786.37866666667</dst>
            <dst id="HSTNng">7916.69333333333</dst>
            <dst id="IPLSng">18595.3093333333</dst>
            <dst id="KSCYng">11077.9626666667</dst>
            <dst id="LOSAng">19013.6026666667</dst>
            <dst id="NYCMng">7290.49333333333</dst>
            <dst id="SNVAng">1295.84</dst>
            <dst id="STTLng">7568.23466666667</dst>
            <dst id="WASHng">9996.94933333334</dst>
        </src>
        <src id="DNVRng">
            <dst id="ATLA-M5">263.176</dst>
            <dst id="ATLAng">5741.12533333333</dst>
            <dst id="CHINng">47213.7973333333</dst>
            <dst id="DNVRng">5090.392</dst>
            <dst id="HSTNng">5298.424</dst>
            <dst id="IPLSng">4918.55466666667</dst>
            <dst id="KSCYng">10694.9893333333</dst>
            <dst id="LOSAng">4002.61333333333</dst>
            <dst id="NYCMng">11071.4453333333</dst>
            <dst id="SNVAng">8804.98133333333</dst>
            <dst id="STTLng">9163.92533333334</dst>
            <dst id="WASHng">11485.232</dst>
        </src>
        <src id="HSTNng">
            <dst id="ATLA-M5">1690.29866666667</dst>
            <dst id="ATLAng">3744.87733333333</dst>
            <dst id="CHINng">26899.648</dst>
            <dst id="DNVRng">1253.992</dst>
            <dst id="HSTNng">7250.99733333333</dst>
            <dst id="IPLSng">8669.8</dst>
            <dst id="KSCYng">4357.97333333333</dst>
            <dst id="LOSAng">94490.632</dst>
            <dst id="NYCMng">5413.42933333333</dst>
            <dst id="SNVAng">1326.18133333333</dst>
            <dst id="STTLng">2198.392</dst>
            <dst id="WASHng">9674.38933333333</dst>
        </src>
        <src id="IPLSng">
            <dst id="ATLA-M5">214.522666666667</dst>
            <dst id="ATLAng">13035.032</dst>
            <dst id="CHINng">118479.448</dst>
            <dst id="DNVRng">6875.96</dst>
            <dst id="HSTNng">7342.96</dst>
            <dst id="IPLSng">23743.7813333333</dst>
            <dst id="KSCYng">7956.82133333333</dst>
            <dst id="LOSAng">21196.248</dst>
            <dst id="NYCMng">27417.904</dst>
            <dst id="SNVAng">2061.28266666667</dst>
            <dst id="STTLng">7135.99466666666</dst>
            <dst id="WASHng">32341.04</dst>
        </src>
        <src id="KSCYng">
            <dst id="ATLA-M5">243.312</dst>
            <dst id="ATLAng">5247.44</dst>
            <dst id="CHINng">38340.5333333333</dst>
            <dst id="DNVRng">3215.77066666667</dst>
            <dst id="HSTNng">3018.14933333333</dst>
            <dst id="IPLSng">11311.0426666667</dst>
            <dst id="KSCYng">3934.48</dst>
            <dst id="LOSAng">2349.72</dst>
            <dst id="NYCMng">6916.67466666667</dst>
            <dst id="SNVAng">1229.584</dst>
            <dst id="STTLng">4790.87733333333</dst>
            <dst id="WASHng">16525.5786666667</dst>
        </src>
        <src id="LOSAng">
            <dst id="ATLA-M5">183.88</dst>
            <dst id="ATLAng">17810.856</dst>
            <dst id="CHINng">131977.650666667</dst>
            <dst id="DNVRng">3355.232</dst>
            <dst id="HSTNng">7059.088</dst>
            <dst id="IPLSng">36597.5013333333</dst>
            <dst id="KSCYng">4360.176</dst>
            <dst id="LOSAng">13044.632</dst>
            <dst id="NYCMng">54680.6</dst>
            <dst id="SNVAng">3514.73333333333</dst>
            <dst id="STTLng">20262.8986666667</dst>
            <dst id="WASHng">48294.1973333333</dst>
        </src>
        <src id="NYCMng">
            <dst id="ATLA-M5">1420.60533333333</dst>
            <dst id="ATLAng">48601.112</dst>
            <dst id="CHINng">58687.4693333333</dst>
            <dst id="DNVRng">15710.7866666667</dst>
            <dst id="HSTNng">34283.184</dst>
            <dst id="IPLSng">70197.0053333333</dst>
            <dst id="KSCYng">14990.768</dst>
            <dst id="LOSAng">47076.2986666667</dst>
            <dst id="NYCMng">163214.898666667</dst>
            <dst id="SNVAng">6584.25333333333</dst>
            <dst id="STTLng">20417.688</dst>
            <dst id="WASHng">65058.16</dst>
        </src>
        <src id="SNVAng">
            <dst id="ATLA-M5">161.818666666667</dst>
            <dst id="ATLAng">654.493333333333</dst>
            <dst id="CHINng">5464.90666666667</dst>
            <dst id="DNVRng">2595.08533333333</dst>
            <dst id="HSTNng">505.837333333333</dst>
            <dst id="IPLSng">11261.112</dst>
            <dst id="KSCYng">508.456</dst>
            <dst id="LOSAng">4672.53866666667</dst>
            <dst id="NYCMng">1674.71733333333</dst>
            <dst id="SNVAng">59.4906666666667</dst>
            <dst id="STTLng">1709.11466666667</dst>
            <dst id="WASHng">2046.42666666667</dst>
        </src>
        <src id="STTLng">
            <dst id="ATLA-M5">38.8506666666667</dst>
            <dst id="ATLAng">17712.5946666667</dst>
            <dst id="CHINng">84232.3893333333</dst>
            <dst id="DNVRng">4351.168</dst>
            <dst id="HSTNng">1598.12266666667</dst>
            <dst id="IPLSng">9411.39466666667</dst>
            <dst id="KSCYng">3794.112</dst>
            <dst id="LOSAng">17857.8346666667</dst>
            <dst id="NYCMng">25932.304</dst>
            <dst id="SNVAng">2984.68266666667</dst>
            <dst id="STTLng">4334.50133333333</dst>
            <dst id="WASHng">10119.1333333333</dst>
        </src>
        <src id="WASHng">
            <dst id="ATLA-M5">240.88</dst>
            <dst id="ATLAng">90282.4826666666</dst>
            <dst id="CHINng">66363.256</dst>
            <dst id="DNVRng">29894.8666666667</dst>
            <dst id="HSTNng">9364.352</dst>
            <dst id="IPLSng">48258.424</dst>
            <dst id="KSCYng">14380.0026666667</dst>
            <dst id="LOSAng">50953.5226666667</dst>
            <dst id="NYCMng">125933.122666667</dst>
            <dst id="SNVAng">2164.38133333333</dst>
            <dst id="STTLng">25857.8853333333</dst>
            <dst id="WASHng">401695.92</dst>
        </src>
    </IntraTM>
</TrafficMatrixFile>
