<?xml version="1.0" encoding="ISO-8859-1" standalone="yes"?>
<TrafficMatrixFile xsi:noNamespaceSchemaLocation="http://totem.run.montefiore.ulg.ac.be/Schema/TrafficMatrix-v1_2.xsd" xmlns:xsi="http://www.w3.org/2001/XMLSchema-instance">
    <IntraTM ASID="11537">
        <src id="ATLA-M5">
            <dst id="ATLA-M5">0</dst>
            <dst id="ATLAng">425.434666666667</dst>
            <dst id="CHINng">1621.01333333333</dst>
            <dst id="DNVRng">824.504</dst>
            <dst id="HSTNng">227.984</dst>
            <dst id="IPLSng">757.450666666667</dst>
            <dst id="KSCYng">153.141333333333</dst>
            <dst id="LOSAng">415.042666666667</dst>
            <dst id="NYCMng">614.976</dst>
            <dst id="SNVAng">62.5493333333333</dst>
            <dst id="STTLng">154.053333333333</dst>
            <dst id="WASHng">2303.632</dst>
        </src>
        <src id="ATLAng">
            <dst id="ATLA-M5">1420.57066666667</dst>
            <dst id="ATLAng">36402.9546666667</dst>
            <dst id="CHINng">10670.8026666667</dst>
            <dst id="DNVRng">4213.07466666667</dst>
            <dst id="HSTNng">1703.50666666667</dst>
            <dst id="IPLSng">18866.4746666667</dst>
            <dst id="KSCYng">2093.13333333333</dst>
            <dst id="LOSAng">16302.6213333333</dst>
            <dst id="NYCMng">15116.248</dst>
            <dst id="SNVAng">2976.264</dst>
            <dst id="STTLng">10222.2853333333</dst>
            <dst id="WASHng">75856.8266666667</dst>
        </src>
        <src id="CHINng">
            <dst id="ATLA-M5">245.746666666667</dst>
            <dst id="ATLAng">13784.4933333333</dst>
            <dst id="CHINng">53508.632</dst>
            <dst id="DNVRng">9404.24</dst>
            <dst id="HSTNng">17954.5813333333</dst>
            <dst id="IPLSng">21642.96</dst>
            <dst id="KSCYng">6223.472</dst>
            <dst id="LOSAng">22254.2986666667</dst>
            <dst id="NYCMng">7517.68266666667</dst>
            <dst id="SNVAng">2854.11733333333</dst>
            <dst id="STTLng">7887.98666666667</dst>
            <dst id="WASHng">8620.22933333333</dst>
        </src>
        <src id="DNVRng">
            <dst id="ATLA-M5">176.738666666667</dst>
            <dst id="ATLAng">4047.72</dst>
            <dst id="CHINng">49627.928</dst>
            <dst id="DNVRng">1282.368</dst>
            <dst id="HSTNng">5528.49333333333</dst>
            <dst id="IPLSng">7218.53333333333</dst>
            <dst id="KSCYng">3314.032</dst>
            <dst id="LOSAng">4843.512</dst>
            <dst id="NYCMng">9500.312</dst>
            <dst id="SNVAng">6218.23733333333</dst>
            <dst id="STTLng">7995.94666666667</dst>
            <dst id="WASHng">6835.95466666667</dst>
        </src>
        <src id="HSTNng">
            <dst id="ATLA-M5">3234.33066666667</dst>
            <dst id="ATLAng">2369.79733333333</dst>
            <dst id="CHINng">36843.0506666667</dst>
            <dst id="DNVRng">1751.992</dst>
            <dst id="HSTNng">5005.95733333333</dst>
            <dst id="IPLSng">5804.07733333333</dst>
            <dst id="KSCYng">6435.39733333333</dst>
            <dst id="LOSAng">11513.3066666667</dst>
            <dst id="NYCMng">6318.18133333333</dst>
            <dst id="SNVAng">1817.52</dst>
            <dst id="STTLng">4161.41866666667</dst>
            <dst id="WASHng">4066.88266666667</dst>
        </src>
        <src id="IPLSng">
            <dst id="ATLA-M5">509.429333333333</dst>
            <dst id="ATLAng">15731.4933333333</dst>
            <dst id="CHINng">116272.565333333</dst>
            <dst id="DNVRng">7248.408</dst>
            <dst id="HSTNng">4833.608</dst>
            <dst id="IPLSng">16891.6746666667</dst>
            <dst id="KSCYng">12558.7333333333</dst>
            <dst id="LOSAng">22203.6426666667</dst>
            <dst id="NYCMng">25391.5946666667</dst>
            <dst id="SNVAng">5994.768</dst>
            <dst id="STTLng">8276.61333333333</dst>
            <dst id="WASHng">27477.7866666667</dst>
        </src>
        <src id="KSCYng">
            <dst id="ATLA-M5">1075.984</dst>
            <dst id="ATLAng">2324.79466666667</dst>
            <dst id="CHINng">33030.5786666667</dst>
            <dst id="DNVRng">3322.34666666667</dst>
            <dst id="HSTNng">3488.816</dst>
            <dst id="IPLSng">12536.4506666667</dst>
            <dst id="KSCYng">3216.17333333333</dst>
            <dst id="LOSAng">6294.56533333333</dst>
            <dst id="NYCMng">11086.7226666667</dst>
            <dst id="SNVAng">565.181333333333</dst>
            <dst id="STTLng">4667.28266666667</dst>
            <dst id="WASHng">9512.62133333333</dst>
        </src>
        <src id="LOSAng">
            <dst id="ATLA-M5">69.816</dst>
            <dst id="ATLAng">24145.7466666667</dst>
            <dst id="CHINng">143535.349333333</dst>
            <dst id="DNVRng">4446.98666666667</dst>
            <dst id="HSTNng">6921.58666666667</dst>
            <dst id="IPLSng">31630.192</dst>
            <dst id="KSCYng">7832.10933333333</dst>
            <dst id="LOSAng">15694.752</dst>
            <dst id="NYCMng">46936.4506666667</dst>
            <dst id="SNVAng">8400.456</dst>
            <dst id="STTLng">24314.984</dst>
            <dst id="WASHng">51166.1066666667</dst>
        </src>
        <src id="NYCMng">
            <dst id="ATLA-M5">917.624</dst>
            <dst id="ATLAng">37692.056</dst>
            <dst id="CHINng">64845.568</dst>
            <dst id="DNVRng">14806.16</dst>
            <dst id="HSTNng">31176.176</dst>
            <dst id="IPLSng">49609.2266666667</dst>
            <dst id="KSCYng">18188.3813333333</dst>
            <dst id="LOSAng">60790.2266666667</dst>
            <dst id="NYCMng">172416.797333333</dst>
            <dst id="SNVAng">7000.74666666667</dst>
            <dst id="STTLng">30592.5626666667</dst>
            <dst id="WASHng">55086.648</dst>
        </src>
        <src id="SNVAng">
            <dst id="ATLA-M5">26.6666666666667</dst>
            <dst id="ATLAng">787.285333333333</dst>
            <dst id="CHINng">7434.18666666667</dst>
            <dst id="DNVRng">5682.664</dst>
            <dst id="HSTNng">825.317333333333</dst>
            <dst id="IPLSng">2491.89866666667</dst>
            <dst id="KSCYng">565.186666666667</dst>
            <dst id="LOSAng">7793.63733333333</dst>
            <dst id="NYCMng">1814.624</dst>
            <dst id="SNVAng">152.269333333333</dst>
            <dst id="STTLng">2597.616</dst>
            <dst id="WASHng">1318.38666666667</dst>
        </src>
        <src id="STTLng">
            <dst id="ATLA-M5">80.968</dst>
            <dst id="ATLAng">15741.432</dst>
            <dst id="CHINng">79730.8506666667</dst>
            <dst id="DNVRng">4249.97866666667</dst>
            <dst id="HSTNng">1736.28533333333</dst>
            <dst id="IPLSng">4454.776</dst>
            <dst id="KSCYng">3147.94933333333</dst>
            <dst id="LOSAng">19369.448</dst>
            <dst id="NYCMng">17848.2986666667</dst>
            <dst id="SNVAng">2419.064</dst>
            <dst id="STTLng">1374.016</dst>
            <dst id="WASHng">5965.632</dst>
        </src>
        <src id="WASHng">
            <dst id="ATLA-M5">1368.856</dst>
            <dst id="ATLAng">129017.32</dst>
            <dst id="CHINng">54058.0986666667</dst>
            <dst id="DNVRng">35381.576</dst>
            <dst id="HSTNng">24567.024</dst>
            <dst id="IPLSng">43918.7226666667</dst>
            <dst id="KSCYng">10594.328</dst>
            <dst id="LOSAng">72886.6506666667</dst>
            <dst id="NYCMng">124513.08</dst>
            <dst id="SNVAng">5413.04266666667</dst>
            <dst id="STTLng">33953.1226666667</dst>
            <dst id="WASHng">305881.973333333</dst>
        </src>
    </IntraTM>
</TrafficMatrixFile>
