<?xml version="1.0" encoding="ISO-8859-1" standalone="yes"?>
<TrafficMatrixFile xsi:noNamespaceSchemaLocation="http://totem.run.montefiore.ulg.ac.be/Schema/TrafficMatrix-v1_2.xsd" xmlns:xsi="http://www.w3.org/2001/XMLSchema-instance">
    <IntraTM ASID="11537">
        <src id="ATLA-M5">
            <dst id="ATLA-M5">0</dst>
            <dst id="ATLAng">547.152</dst>
            <dst id="CHINng">1298.128</dst>
            <dst id="DNVRng">53.3333333333333</dst>
            <dst id="HSTNng">131.632</dst>
            <dst id="IPLSng">1243.552</dst>
            <dst id="KSCYng">215.445333333333</dst>
            <dst id="LOSAng">219.138666666667</dst>
            <dst id="NYCMng">634.968</dst>
            <dst id="SNVAng">206.784</dst>
            <dst id="STTLng">343.786666666667</dst>
            <dst id="WASHng">2726.57066666667</dst>
        </src>
        <src id="ATLAng">
            <dst id="ATLA-M5">349.162666666667</dst>
            <dst id="ATLAng">26063.3253333333</dst>
            <dst id="CHINng">18255.912</dst>
            <dst id="DNVRng">5585.62666666667</dst>
            <dst id="HSTNng">2476.59733333333</dst>
            <dst id="IPLSng">17479.3466666667</dst>
            <dst id="KSCYng">3629.14933333333</dst>
            <dst id="LOSAng">10829</dst>
            <dst id="NYCMng">15236.8373333333</dst>
            <dst id="SNVAng">1086.89333333333</dst>
            <dst id="STTLng">3988.46133333333</dst>
            <dst id="WASHng">107181.592</dst>
        </src>
        <src id="CHINng">
            <dst id="ATLA-M5">179.362666666667</dst>
            <dst id="ATLAng">25450.6426666667</dst>
            <dst id="CHINng">47337.9253333333</dst>
            <dst id="DNVRng">6845.232</dst>
            <dst id="HSTNng">11581.2933333333</dst>
            <dst id="IPLSng">19804.6613333333</dst>
            <dst id="KSCYng">7451.8</dst>
            <dst id="LOSAng">30290.5253333333</dst>
            <dst id="NYCMng">6099.60533333333</dst>
            <dst id="SNVAng">2273.31466666667</dst>
            <dst id="STTLng">4082.73866666667</dst>
            <dst id="WASHng">12473.3626666667</dst>
        </src>
        <src id="DNVRng">
            <dst id="ATLA-M5">83.9066666666667</dst>
            <dst id="ATLAng">11684.5973333333</dst>
            <dst id="CHINng">87503.1626666667</dst>
            <dst id="DNVRng">20330.104</dst>
            <dst id="HSTNng">13452.3413333333</dst>
            <dst id="IPLSng">28697.1813333333</dst>
            <dst id="KSCYng">19141.712</dst>
            <dst id="LOSAng">8380.96</dst>
            <dst id="NYCMng">24278.0906666667</dst>
            <dst id="SNVAng">12280.7386666667</dst>
            <dst id="STTLng">12617.3973333333</dst>
            <dst id="WASHng">73521.3573333333</dst>
        </src>
        <src id="HSTNng">
            <dst id="ATLA-M5">1183.41866666667</dst>
            <dst id="ATLAng">4128.64266666667</dst>
            <dst id="CHINng">37858.1386666667</dst>
            <dst id="DNVRng">2263.29066666667</dst>
            <dst id="HSTNng">5938.21333333333</dst>
            <dst id="IPLSng">11874.2426666667</dst>
            <dst id="KSCYng">1253.78933333333</dst>
            <dst id="LOSAng">97473.272</dst>
            <dst id="NYCMng">5108.65866666667</dst>
            <dst id="SNVAng">2939.47466666667</dst>
            <dst id="STTLng">1564.64533333333</dst>
            <dst id="WASHng">4508.144</dst>
        </src>
        <src id="IPLSng">
            <dst id="ATLA-M5">337.930666666667</dst>
            <dst id="ATLAng">19598.064</dst>
            <dst id="CHINng">121290.192</dst>
            <dst id="DNVRng">16985.3333333333</dst>
            <dst id="HSTNng">6045.81866666667</dst>
            <dst id="IPLSng">29374.2773333333</dst>
            <dst id="KSCYng">12786.28</dst>
            <dst id="LOSAng">91937.8533333333</dst>
            <dst id="NYCMng">29611.8773333333</dst>
            <dst id="SNVAng">2746.78133333333</dst>
            <dst id="STTLng">21754.3386666667</dst>
            <dst id="WASHng">74541.6666666667</dst>
        </src>
        <src id="KSCYng">
            <dst id="ATLA-M5">1632.93066666667</dst>
            <dst id="ATLAng">4359.54666666667</dst>
            <dst id="CHINng">52331.128</dst>
            <dst id="DNVRng">7216.90933333333</dst>
            <dst id="HSTNng">10927.368</dst>
            <dst id="IPLSng">24490.2826666667</dst>
            <dst id="KSCYng">15243.1466666667</dst>
            <dst id="LOSAng">4280.68</dst>
            <dst id="NYCMng">6858.952</dst>
            <dst id="SNVAng">2347.78666666667</dst>
            <dst id="STTLng">3163.46666666667</dst>
            <dst id="WASHng">12123.88</dst>
        </src>
        <src id="LOSAng">
            <dst id="ATLA-M5">374.010666666667</dst>
            <dst id="ATLAng">39984.6293333333</dst>
            <dst id="CHINng">157744.76</dst>
            <dst id="DNVRng">13710.3973333333</dst>
            <dst id="HSTNng">51573.6933333333</dst>
            <dst id="IPLSng">42309.8426666667</dst>
            <dst id="KSCYng">9457.30133333333</dst>
            <dst id="LOSAng">12939.7146666667</dst>
            <dst id="NYCMng">56141.6533333333</dst>
            <dst id="SNVAng">10113.0693333333</dst>
            <dst id="STTLng">25516.4853333333</dst>
            <dst id="WASHng">65684.8533333333</dst>
        </src>
        <src id="NYCMng">
            <dst id="ATLA-M5">1314.84266666667</dst>
            <dst id="ATLAng">52975.1573333333</dst>
            <dst id="CHINng">65517.3786666667</dst>
            <dst id="DNVRng">24281</dst>
            <dst id="HSTNng">15820.6613333333</dst>
            <dst id="IPLSng">66367.832</dst>
            <dst id="KSCYng">18338.4373333333</dst>
            <dst id="LOSAng">56189.4506666667</dst>
            <dst id="NYCMng">167879.162666667</dst>
            <dst id="SNVAng">9447.30133333333</dst>
            <dst id="STTLng">29239.32</dst>
            <dst id="WASHng">78172.496</dst>
        </src>
        <src id="SNVAng">
            <dst id="ATLA-M5">26.6666666666667</dst>
            <dst id="ATLAng">350.914666666667</dst>
            <dst id="CHINng">6336.40266666667</dst>
            <dst id="DNVRng">9578.848</dst>
            <dst id="HSTNng">379.352</dst>
            <dst id="IPLSng">1558.792</dst>
            <dst id="KSCYng">1025.77066666667</dst>
            <dst id="LOSAng">30113</dst>
            <dst id="NYCMng">2059.576</dst>
            <dst id="SNVAng">12921.8</dst>
            <dst id="STTLng">57774.3866666667</dst>
            <dst id="WASHng">1042.032</dst>
        </src>
        <src id="STTLng">
            <dst id="ATLA-M5">248.128</dst>
            <dst id="ATLAng">10901.1093333333</dst>
            <dst id="CHINng">70442.848</dst>
            <dst id="DNVRng">2794.50666666667</dst>
            <dst id="HSTNng">3593.55733333333</dst>
            <dst id="IPLSng">12591.848</dst>
            <dst id="KSCYng">4102.81866666667</dst>
            <dst id="LOSAng">20053.2853333333</dst>
            <dst id="NYCMng">28118.512</dst>
            <dst id="SNVAng">7007.696</dst>
            <dst id="STTLng">13478.12</dst>
            <dst id="WASHng">15063.672</dst>
        </src>
        <src id="WASHng">
            <dst id="ATLA-M5">299.869333333333</dst>
            <dst id="ATLAng">103306.408</dst>
            <dst id="CHINng">78712.4346666667</dst>
            <dst id="DNVRng">53008.2533333333</dst>
            <dst id="HSTNng">19061.5813333333</dst>
            <dst id="IPLSng">62478.0506666667</dst>
            <dst id="KSCYng">22527.0746666667</dst>
            <dst id="LOSAng">66045.1733333333</dst>
            <dst id="NYCMng">176359.610666667</dst>
            <dst id="SNVAng">2126.056</dst>
            <dst id="STTLng">37112.2346666667</dst>
            <dst id="WASHng">357985.92</dst>
        </src>
    </IntraTM>
</TrafficMatrixFile>
