<?xml version="1.0" encoding="ISO-8859-1" standalone="yes"?>
<TrafficMatrixFile xsi:noNamespaceSchemaLocation="http://totem.run.montefiore.ulg.ac.be/Schema/TrafficMatrix-v1_2.xsd" xmlns:xsi="http://www.w3.org/2001/XMLSchema-instance">
    <IntraTM ASID="11537">
        <src id="ATLA-M5">
            <dst id="ATLA-M5">203.192</dst>
            <dst id="ATLAng">347.072</dst>
            <dst id="CHINng">2515.76</dst>
            <dst id="DNVRng">418.205333333333</dst>
            <dst id="HSTNng">535.773333333333</dst>
            <dst id="IPLSng">1563.50933333333</dst>
            <dst id="KSCYng">1345.848</dst>
            <dst id="LOSAng">1091.52533333333</dst>
            <dst id="NYCMng">1888.84266666667</dst>
            <dst id="SNVAng">174.752</dst>
            <dst id="STTLng">192.661333333333</dst>
            <dst id="WASHng">4351.21333333333</dst>
        </src>
        <src id="ATLAng">
            <dst id="ATLA-M5">1790.208</dst>
            <dst id="ATLAng">60061.4933333333</dst>
            <dst id="CHINng">66229.552</dst>
            <dst id="DNVRng">17429.352</dst>
            <dst id="HSTNng">7502.44266666667</dst>
            <dst id="IPLSng">24718.8266666667</dst>
            <dst id="KSCYng">21003.5573333333</dst>
            <dst id="LOSAng">22098.1306666667</dst>
            <dst id="NYCMng">29848.0506666667</dst>
            <dst id="SNVAng">5366.07466666667</dst>
            <dst id="STTLng">7714.09066666667</dst>
            <dst id="WASHng">98517.5413333333</dst>
        </src>
        <src id="CHINng">
            <dst id="ATLA-M5">3572.39466666667</dst>
            <dst id="ATLAng">22162.7893333333</dst>
            <dst id="CHINng">70516.944</dst>
            <dst id="DNVRng">18159.5173333333</dst>
            <dst id="HSTNng">17346.5733333333</dst>
            <dst id="IPLSng">35166.6426666667</dst>
            <dst id="KSCYng">18578.9306666667</dst>
            <dst id="LOSAng">37036.1813333333</dst>
            <dst id="NYCMng">7734.12533333333</dst>
            <dst id="SNVAng">6949.87733333333</dst>
            <dst id="STTLng">19888.0586666667</dst>
            <dst id="WASHng">19622.4</dst>
        </src>
        <src id="DNVRng">
            <dst id="ATLA-M5">2861.55466666667</dst>
            <dst id="ATLAng">10830.5146666667</dst>
            <dst id="CHINng">69614.5626666667</dst>
            <dst id="DNVRng">14506.48</dst>
            <dst id="HSTNng">15304.8293333333</dst>
            <dst id="IPLSng">29483.4613333333</dst>
            <dst id="KSCYng">26224.1706666667</dst>
            <dst id="LOSAng">22110.48</dst>
            <dst id="NYCMng">32469.744</dst>
            <dst id="SNVAng">15821.744</dst>
            <dst id="STTLng">25010.824</dst>
            <dst id="WASHng">54883.5786666667</dst>
        </src>
        <src id="HSTNng">
            <dst id="ATLA-M5">903.544</dst>
            <dst id="ATLAng">9441.8</dst>
            <dst id="CHINng">29336.6453333333</dst>
            <dst id="DNVRng">4846.76</dst>
            <dst id="HSTNng">11968.9493333333</dst>
            <dst id="IPLSng">10966.2213333333</dst>
            <dst id="KSCYng">6288.35466666667</dst>
            <dst id="LOSAng">64320.264</dst>
            <dst id="NYCMng">10565.6853333333</dst>
            <dst id="SNVAng">2645.52266666667</dst>
            <dst id="STTLng">2425.97066666667</dst>
            <dst id="WASHng">13248.5866666667</dst>
        </src>
        <src id="IPLSng">
            <dst id="ATLA-M5">986.789333333334</dst>
            <dst id="ATLAng">21911.896</dst>
            <dst id="CHINng">149862.293333333</dst>
            <dst id="DNVRng">37958.3653333333</dst>
            <dst id="HSTNng">8980.936</dst>
            <dst id="IPLSng">34186.2933333333</dst>
            <dst id="KSCYng">22994.6106666667</dst>
            <dst id="LOSAng">90693.0986666667</dst>
            <dst id="NYCMng">70558.512</dst>
            <dst id="SNVAng">15723.3173333333</dst>
            <dst id="STTLng">13776.496</dst>
            <dst id="WASHng">65042.9893333333</dst>
        </src>
        <src id="KSCYng">
            <dst id="ATLA-M5">448.906666666667</dst>
            <dst id="ATLAng">18804.6266666667</dst>
            <dst id="CHINng">42217.904</dst>
            <dst id="DNVRng">17345.3706666667</dst>
            <dst id="HSTNng">7234.93866666667</dst>
            <dst id="IPLSng">16247.2906666667</dst>
            <dst id="KSCYng">10004.7573333333</dst>
            <dst id="LOSAng">6249.42133333333</dst>
            <dst id="NYCMng">10623.9573333333</dst>
            <dst id="SNVAng">1230.67466666667</dst>
            <dst id="STTLng">4289.21866666667</dst>
            <dst id="WASHng">21751.5493333333</dst>
        </src>
        <src id="LOSAng">
            <dst id="ATLA-M5">1669.79733333333</dst>
            <dst id="ATLAng">33220.3333333333</dst>
            <dst id="CHINng">141577.629333333</dst>
            <dst id="DNVRng">28903.872</dst>
            <dst id="HSTNng">13423.0693333333</dst>
            <dst id="IPLSng">58839.0826666667</dst>
            <dst id="KSCYng">9549.98666666667</dst>
            <dst id="LOSAng">10859.312</dst>
            <dst id="NYCMng">61952.312</dst>
            <dst id="SNVAng">12512.8506666667</dst>
            <dst id="STTLng">24775.8453333333</dst>
            <dst id="WASHng">68575.3066666667</dst>
        </src>
        <src id="NYCMng">
            <dst id="ATLA-M5">6641.664</dst>
            <dst id="ATLAng">53327.72</dst>
            <dst id="CHINng">88267.984</dst>
            <dst id="DNVRng">53377.5706666666</dst>
            <dst id="HSTNng">43075.1146666667</dst>
            <dst id="IPLSng">88490.2613333333</dst>
            <dst id="KSCYng">37591.616</dst>
            <dst id="LOSAng">84595.048</dst>
            <dst id="NYCMng">192385.858666667</dst>
            <dst id="SNVAng">11861.7226666667</dst>
            <dst id="STTLng">32357.5573333333</dst>
            <dst id="WASHng">146139.776</dst>
        </src>
        <src id="SNVAng">
            <dst id="ATLA-M5">354.696</dst>
            <dst id="ATLAng">688.136</dst>
            <dst id="CHINng">5587.82933333333</dst>
            <dst id="DNVRng">6791.79466666666</dst>
            <dst id="HSTNng">1210.424</dst>
            <dst id="IPLSng">4092.184</dst>
            <dst id="KSCYng">903.994666666667</dst>
            <dst id="LOSAng">43677.3413333333</dst>
            <dst id="NYCMng">3353.616</dst>
            <dst id="SNVAng">24926.2053333333</dst>
            <dst id="STTLng">72550.4266666667</dst>
            <dst id="WASHng">3216.128</dst>
        </src>
        <src id="STTLng">
            <dst id="ATLA-M5">238.456</dst>
            <dst id="ATLAng">17155.3653333333</dst>
            <dst id="CHINng">94226.008</dst>
            <dst id="DNVRng">10068.2</dst>
            <dst id="HSTNng">7402.96</dst>
            <dst id="IPLSng">23319.6933333333</dst>
            <dst id="KSCYng">7378.90666666667</dst>
            <dst id="LOSAng">34351.256</dst>
            <dst id="NYCMng">33962.5066666667</dst>
            <dst id="SNVAng">13938.392</dst>
            <dst id="STTLng">5049.51466666667</dst>
            <dst id="WASHng">22552.184</dst>
        </src>
        <src id="WASHng">
            <dst id="ATLA-M5">2423.11466666667</dst>
            <dst id="ATLAng">128915.245333333</dst>
            <dst id="CHINng">91616.7333333333</dst>
            <dst id="DNVRng">89943.768</dst>
            <dst id="HSTNng">31602.216</dst>
            <dst id="IPLSng">114427.029333333</dst>
            <dst id="KSCYng">43785.3706666667</dst>
            <dst id="LOSAng">95737.5573333333</dst>
            <dst id="NYCMng">193429.053333333</dst>
            <dst id="SNVAng">11229.376</dst>
            <dst id="STTLng">43801.6213333333</dst>
            <dst id="WASHng">283326.133333333</dst>
        </src>
    </IntraTM>
</TrafficMatrixFile>
