<?xml version="1.0" encoding="ISO-8859-1" standalone="yes"?>
<TrafficMatrixFile xsi:noNamespaceSchemaLocation="http://totem.run.montefiore.ulg.ac.be/Schema/TrafficMatrix-v1_2.xsd" xmlns:xsi="http://www.w3.org/2001/XMLSchema-instance">
    <IntraTM ASID="11537">
        <src id="ATLA-M5">
            <dst id="ATLA-M5">1800.91466666667</dst>
            <dst id="ATLAng">811.157333333333</dst>
            <dst id="CHINng">1947.42666666667</dst>
            <dst id="DNVRng">949.349333333333</dst>
            <dst id="HSTNng">203.501333333333</dst>
            <dst id="IPLSng">1167.88533333333</dst>
            <dst id="KSCYng">425.218666666667</dst>
            <dst id="LOSAng">485.325333333334</dst>
            <dst id="NYCMng">1111.192</dst>
            <dst id="SNVAng">26.6666666666667</dst>
            <dst id="STTLng">243.744</dst>
            <dst id="WASHng">5542.448</dst>
        </src>
        <src id="ATLAng">
            <dst id="ATLA-M5">755.157333333333</dst>
            <dst id="ATLAng">25259.728</dst>
            <dst id="CHINng">49298.3653333333</dst>
            <dst id="DNVRng">18250.0106666667</dst>
            <dst id="HSTNng">3874.01866666667</dst>
            <dst id="IPLSng">27998.52</dst>
            <dst id="KSCYng">16923.416</dst>
            <dst id="LOSAng">25002.8</dst>
            <dst id="NYCMng">19023.208</dst>
            <dst id="SNVAng">2810.06933333333</dst>
            <dst id="STTLng">8665.29333333333</dst>
            <dst id="WASHng">110932.504</dst>
        </src>
        <src id="CHINng">
            <dst id="ATLA-M5">3194.952</dst>
            <dst id="ATLAng">17786.4906666667</dst>
            <dst id="CHINng">64249.2933333333</dst>
            <dst id="DNVRng">13846.8906666667</dst>
            <dst id="HSTNng">33785.2426666667</dst>
            <dst id="IPLSng">38239.4613333333</dst>
            <dst id="KSCYng">17692.528</dst>
            <dst id="LOSAng">22403.648</dst>
            <dst id="NYCMng">10585.4453333333</dst>
            <dst id="SNVAng">3349.792</dst>
            <dst id="STTLng">16540.0213333333</dst>
            <dst id="WASHng">23535.5173333333</dst>
        </src>
        <src id="DNVRng">
            <dst id="ATLA-M5">3822.664</dst>
            <dst id="ATLAng">13904.1733333333</dst>
            <dst id="CHINng">68317.2533333333</dst>
            <dst id="DNVRng">15812.6533333333</dst>
            <dst id="HSTNng">17994.1146666667</dst>
            <dst id="IPLSng">35741.0906666667</dst>
            <dst id="KSCYng">16275.3093333333</dst>
            <dst id="LOSAng">8561.768</dst>
            <dst id="NYCMng">30492.3573333333</dst>
            <dst id="SNVAng">13493.2666666667</dst>
            <dst id="STTLng">11748.1226666667</dst>
            <dst id="WASHng">75637.376</dst>
        </src>
        <src id="HSTNng">
            <dst id="ATLA-M5">2048.688</dst>
            <dst id="ATLAng">3769.38933333333</dst>
            <dst id="CHINng">36009.4613333333</dst>
            <dst id="DNVRng">9558.79466666666</dst>
            <dst id="HSTNng">14061.9946666667</dst>
            <dst id="IPLSng">11189.296</dst>
            <dst id="KSCYng">5728.696</dst>
            <dst id="LOSAng">61502.4773333333</dst>
            <dst id="NYCMng">10307.104</dst>
            <dst id="SNVAng">2773.17866666667</dst>
            <dst id="STTLng">3059.33066666667</dst>
            <dst id="WASHng">17334.6053333333</dst>
        </src>
        <src id="IPLSng">
            <dst id="ATLA-M5">5021.04</dst>
            <dst id="ATLAng">16236.2693333333</dst>
            <dst id="CHINng">151068.52</dst>
            <dst id="DNVRng">40677.2293333333</dst>
            <dst id="HSTNng">12440.528</dst>
            <dst id="IPLSng">44703.8666666667</dst>
            <dst id="KSCYng">23030.3466666667</dst>
            <dst id="LOSAng">72780.696</dst>
            <dst id="NYCMng">88286.824</dst>
            <dst id="SNVAng">10770.976</dst>
            <dst id="STTLng">20589.336</dst>
            <dst id="WASHng">58367.1946666667</dst>
        </src>
        <src id="KSCYng">
            <dst id="ATLA-M5">391.234666666667</dst>
            <dst id="ATLAng">7014.008</dst>
            <dst id="CHINng">35786.688</dst>
            <dst id="DNVRng">15488.04</dst>
            <dst id="HSTNng">9736.58933333334</dst>
            <dst id="IPLSng">13035.8453333333</dst>
            <dst id="KSCYng">12637.0746666667</dst>
            <dst id="LOSAng">5730.02133333333</dst>
            <dst id="NYCMng">14794.472</dst>
            <dst id="SNVAng">1165.776</dst>
            <dst id="STTLng">3711.576</dst>
            <dst id="WASHng">30803.0266666667</dst>
        </src>
        <src id="LOSAng">
            <dst id="ATLA-M5">1354.62133333333</dst>
            <dst id="ATLAng">30442.6106666667</dst>
            <dst id="CHINng">141823.072</dst>
            <dst id="DNVRng">11298.6613333333</dst>
            <dst id="HSTNng">57734.192</dst>
            <dst id="IPLSng">47756.208</dst>
            <dst id="KSCYng">15249.8666666667</dst>
            <dst id="LOSAng">11038.8533333333</dst>
            <dst id="NYCMng">55835.1466666667</dst>
            <dst id="SNVAng">27962.5573333333</dst>
            <dst id="STTLng">24717.928</dst>
            <dst id="WASHng">68589.568</dst>
        </src>
        <src id="NYCMng">
            <dst id="ATLA-M5">3255.93866666667</dst>
            <dst id="ATLAng">57138.152</dst>
            <dst id="CHINng">97428.9786666667</dst>
            <dst id="DNVRng">45563.7893333333</dst>
            <dst id="HSTNng">39022.7013333333</dst>
            <dst id="IPLSng">94277.6773333333</dst>
            <dst id="KSCYng">27581.9173333333</dst>
            <dst id="LOSAng">66752.248</dst>
            <dst id="NYCMng">187016.138666667</dst>
            <dst id="SNVAng">9635.88266666667</dst>
            <dst id="STTLng">35149.1653333333</dst>
            <dst id="WASHng">107554.381333333</dst>
        </src>
        <src id="SNVAng">
            <dst id="ATLA-M5">97.2666666666667</dst>
            <dst id="ATLAng">1429.35733333333</dst>
            <dst id="CHINng">10616.6346666667</dst>
            <dst id="DNVRng">11682.8053333333</dst>
            <dst id="HSTNng">1529.232</dst>
            <dst id="IPLSng">6819.864</dst>
            <dst id="KSCYng">1047.63466666667</dst>
            <dst id="LOSAng">43140.496</dst>
            <dst id="NYCMng">3175.40266666667</dst>
            <dst id="SNVAng">26479.2106666667</dst>
            <dst id="STTLng">72737.272</dst>
            <dst id="WASHng">2606.79733333333</dst>
        </src>
        <src id="STTLng">
            <dst id="ATLA-M5">268.802666666667</dst>
            <dst id="ATLAng">16135.0213333333</dst>
            <dst id="CHINng">80875.2933333333</dst>
            <dst id="DNVRng">10569.6853333333</dst>
            <dst id="HSTNng">3730.62666666667</dst>
            <dst id="IPLSng">23760.8453333333</dst>
            <dst id="KSCYng">9741.75466666666</dst>
            <dst id="LOSAng">30021.8533333333</dst>
            <dst id="NYCMng">32108.2666666667</dst>
            <dst id="SNVAng">13109.1973333333</dst>
            <dst id="STTLng">14419.9493333333</dst>
            <dst id="WASHng">19689.7733333333</dst>
        </src>
        <src id="WASHng">
            <dst id="ATLA-M5">18814.3493333333</dst>
            <dst id="ATLAng">114762.346666667</dst>
            <dst id="CHINng">107727.261333333</dst>
            <dst id="DNVRng">74334.1786666667</dst>
            <dst id="HSTNng">29937.6026666667</dst>
            <dst id="IPLSng">114818.106666667</dst>
            <dst id="KSCYng">44368.0613333333</dst>
            <dst id="LOSAng">136572.306666667</dst>
            <dst id="NYCMng">225419.973333333</dst>
            <dst id="SNVAng">12953.712</dst>
            <dst id="STTLng">41771.3653333333</dst>
            <dst id="WASHng">316904.853333333</dst>
        </src>
    </IntraTM>
</TrafficMatrixFile>
