<?xml version="1.0" encoding="ISO-8859-1" standalone="yes"?>
<TrafficMatrixFile xsi:noNamespaceSchemaLocation="http://totem.run.montefiore.ulg.ac.be/Schema/TrafficMatrix-v1_2.xsd" xmlns:xsi="http://www.w3.org/2001/XMLSchema-instance">
    <IntraTM ASID="11537">
        <src id="ATLA-M5">
            <dst id="ATLA-M5">1579.04</dst>
            <dst id="ATLAng">595.466666666667</dst>
            <dst id="CHINng">2694.408</dst>
            <dst id="DNVRng">123.714666666667</dst>
            <dst id="HSTNng">1929.78666666667</dst>
            <dst id="IPLSng">1695.38666666667</dst>
            <dst id="KSCYng">334.322666666667</dst>
            <dst id="LOSAng">1998.17066666667</dst>
            <dst id="NYCMng">829.490666666667</dst>
            <dst id="SNVAng">55.0613333333333</dst>
            <dst id="STTLng">321.885333333333</dst>
            <dst id="WASHng">1781.07466666667</dst>
        </src>
        <src id="ATLAng">
            <dst id="ATLA-M5">1309.12</dst>
            <dst id="ATLAng">45898.1413333333</dst>
            <dst id="CHINng">22367.7386666667</dst>
            <dst id="DNVRng">11123.5093333333</dst>
            <dst id="HSTNng">4825.67733333333</dst>
            <dst id="IPLSng">23211.4053333333</dst>
            <dst id="KSCYng">7055.66133333333</dst>
            <dst id="LOSAng">26561.904</dst>
            <dst id="NYCMng">17358.6853333333</dst>
            <dst id="SNVAng">1043.784</dst>
            <dst id="STTLng">11220.1146666667</dst>
            <dst id="WASHng">51345.9893333333</dst>
        </src>
        <src id="CHINng">
            <dst id="ATLA-M5">734.229333333333</dst>
            <dst id="ATLAng">13143.208</dst>
            <dst id="CHINng">31395.6266666667</dst>
            <dst id="DNVRng">10218.7146666667</dst>
            <dst id="HSTNng">10154.5946666667</dst>
            <dst id="IPLSng">29686.4426666667</dst>
            <dst id="KSCYng">11170.4933333333</dst>
            <dst id="LOSAng">29221.944</dst>
            <dst id="NYCMng">4278.144</dst>
            <dst id="SNVAng">2299.13333333333</dst>
            <dst id="STTLng">7762.57333333333</dst>
            <dst id="WASHng">10458.9813333333</dst>
        </src>
        <src id="DNVRng">
            <dst id="ATLA-M5">123.152</dst>
            <dst id="ATLAng">6684.648</dst>
            <dst id="CHINng">33005.4506666667</dst>
            <dst id="DNVRng">19539.5706666667</dst>
            <dst id="HSTNng">4859.56</dst>
            <dst id="IPLSng">17850.96</dst>
            <dst id="KSCYng">10462.192</dst>
            <dst id="LOSAng">17785.9786666667</dst>
            <dst id="NYCMng">10104.4533333333</dst>
            <dst id="SNVAng">17409.7413333333</dst>
            <dst id="STTLng">19674.5013333333</dst>
            <dst id="WASHng">22084.16</dst>
        </src>
        <src id="HSTNng">
            <dst id="ATLA-M5">3762.15466666667</dst>
            <dst id="ATLAng">4647.44</dst>
            <dst id="CHINng">26280.7706666667</dst>
            <dst id="DNVRng">3955.232</dst>
            <dst id="HSTNng">6651.98933333333</dst>
            <dst id="IPLSng">9758.28533333333</dst>
            <dst id="KSCYng">4182.63466666667</dst>
            <dst id="LOSAng">8604.776</dst>
            <dst id="NYCMng">9357.632</dst>
            <dst id="SNVAng">2813.10133333333</dst>
            <dst id="STTLng">3459.888</dst>
            <dst id="WASHng">9899.45866666667</dst>
        </src>
        <src id="IPLSng">
            <dst id="ATLA-M5">918.338666666667</dst>
            <dst id="ATLAng">16082.0293333333</dst>
            <dst id="CHINng">80848.5786666667</dst>
            <dst id="DNVRng">11753.0693333333</dst>
            <dst id="HSTNng">10589.328</dst>
            <dst id="IPLSng">35792.8346666667</dst>
            <dst id="KSCYng">15366.416</dst>
            <dst id="LOSAng">23727.6</dst>
            <dst id="NYCMng">37917.2826666667</dst>
            <dst id="SNVAng">4448.88533333333</dst>
            <dst id="STTLng">12788.2106666667</dst>
            <dst id="WASHng">40166.288</dst>
        </src>
        <src id="KSCYng">
            <dst id="ATLA-M5">314.12</dst>
            <dst id="ATLAng">7642.21066666667</dst>
            <dst id="CHINng">34813.1866666667</dst>
            <dst id="DNVRng">8598.85866666667</dst>
            <dst id="HSTNng">3143.184</dst>
            <dst id="IPLSng">17751.0026666667</dst>
            <dst id="KSCYng">8336.95733333333</dst>
            <dst id="LOSAng">8821.35466666667</dst>
            <dst id="NYCMng">10005.4533333333</dst>
            <dst id="SNVAng">2478.45066666667</dst>
            <dst id="STTLng">3601.71733333333</dst>
            <dst id="WASHng">16412.6</dst>
        </src>
        <src id="LOSAng">
            <dst id="ATLA-M5">1498.05333333333</dst>
            <dst id="ATLAng">19040.8373333333</dst>
            <dst id="CHINng">73714.512</dst>
            <dst id="DNVRng">13032.6106666667</dst>
            <dst id="HSTNng">14480.032</dst>
            <dst id="IPLSng">43527.432</dst>
            <dst id="KSCYng">9081.016</dst>
            <dst id="LOSAng">21034.6533333333</dst>
            <dst id="NYCMng">64203.3706666666</dst>
            <dst id="SNVAng">4040.99733333333</dst>
            <dst id="STTLng">35365.744</dst>
            <dst id="WASHng">57532.5306666667</dst>
        </src>
        <src id="NYCMng">
            <dst id="ATLA-M5">2008.50666666667</dst>
            <dst id="ATLAng">52171.4906666667</dst>
            <dst id="CHINng">62531.968</dst>
            <dst id="DNVRng">21739.08</dst>
            <dst id="HSTNng">48535.1333333333</dst>
            <dst id="IPLSng">70853.9573333333</dst>
            <dst id="KSCYng">26565.5306666667</dst>
            <dst id="LOSAng">73124.776</dst>
            <dst id="NYCMng">145193.624</dst>
            <dst id="SNVAng">11700.4693333333</dst>
            <dst id="STTLng">28560.072</dst>
            <dst id="WASHng">120076.792</dst>
        </src>
        <src id="SNVAng">
            <dst id="ATLA-M5">30.848</dst>
            <dst id="ATLAng">3058.144</dst>
            <dst id="CHINng">5242.6</dst>
            <dst id="DNVRng">10059.36</dst>
            <dst id="HSTNng">3141.86666666667</dst>
            <dst id="IPLSng">2466.98666666667</dst>
            <dst id="KSCYng">1094.11466666667</dst>
            <dst id="LOSAng">2192.84</dst>
            <dst id="NYCMng">3527.81066666667</dst>
            <dst id="SNVAng">299.637333333333</dst>
            <dst id="STTLng">2964.16533333333</dst>
            <dst id="WASHng">4692.8</dst>
        </src>
        <src id="STTLng">
            <dst id="ATLA-M5">216.498666666667</dst>
            <dst id="ATLAng">15670.5226666667</dst>
            <dst id="CHINng">33185.4186666667</dst>
            <dst id="DNVRng">7016.03733333333</dst>
            <dst id="HSTNng">5801.98933333333</dst>
            <dst id="IPLSng">14657.0453333333</dst>
            <dst id="KSCYng">4412.56533333333</dst>
            <dst id="LOSAng">22603.136</dst>
            <dst id="NYCMng">24407.464</dst>
            <dst id="SNVAng">2482.55733333333</dst>
            <dst id="STTLng">4175.064</dst>
            <dst id="WASHng">11393.9546666667</dst>
        </src>
        <src id="WASHng">
            <dst id="ATLA-M5">1863.73866666667</dst>
            <dst id="ATLAng">121993.741333333</dst>
            <dst id="CHINng">78505.152</dst>
            <dst id="DNVRng">33386.28</dst>
            <dst id="HSTNng">14451.416</dst>
            <dst id="IPLSng">54050.656</dst>
            <dst id="KSCYng">17998.8106666667</dst>
            <dst id="LOSAng">74387.192</dst>
            <dst id="NYCMng">161988</dst>
            <dst id="SNVAng">10182.3333333333</dst>
            <dst id="STTLng">32341.0346666667</dst>
            <dst id="WASHng">164721.874666667</dst>
        </src>
    </IntraTM>
</TrafficMatrixFile>
