<?xml version="1.0" encoding="ISO-8859-1" standalone="yes"?>
<TrafficMatrixFile xsi:noNamespaceSchemaLocation="http://totem.run.montefiore.ulg.ac.be/Schema/TrafficMatrix-v1_2.xsd" xmlns:xsi="http://www.w3.org/2001/XMLSchema-instance">
    <IntraTM ASID="11537">
        <src id="ATLA-M5">
            <dst id="ATLA-M5">0</dst>
            <dst id="ATLAng">871.994666666666</dst>
            <dst id="CHINng">2478.832</dst>
            <dst id="DNVRng">512.125333333333</dst>
            <dst id="HSTNng">205.226666666667</dst>
            <dst id="IPLSng">595.792</dst>
            <dst id="KSCYng">305.410666666667</dst>
            <dst id="LOSAng">2195.48533333333</dst>
            <dst id="NYCMng">703.928</dst>
            <dst id="SNVAng">125.773333333333</dst>
            <dst id="STTLng">384.242666666667</dst>
            <dst id="WASHng">4093.38133333333</dst>
        </src>
        <src id="ATLAng">
            <dst id="ATLA-M5">1653.4</dst>
            <dst id="ATLAng">22358.472</dst>
            <dst id="CHINng">31114.3306666667</dst>
            <dst id="DNVRng">8986.61866666667</dst>
            <dst id="HSTNng">25024.312</dst>
            <dst id="IPLSng">25734.4133333333</dst>
            <dst id="KSCYng">4298.656</dst>
            <dst id="LOSAng">22045.112</dst>
            <dst id="NYCMng">16382.5626666667</dst>
            <dst id="SNVAng">3564.20266666667</dst>
            <dst id="STTLng">5800.05066666667</dst>
            <dst id="WASHng">75760.376</dst>
        </src>
        <src id="CHINng">
            <dst id="ATLA-M5">1666.95733333333</dst>
            <dst id="ATLAng">8662.128</dst>
            <dst id="CHINng">54167.5493333333</dst>
            <dst id="DNVRng">10443.712</dst>
            <dst id="HSTNng">12721.864</dst>
            <dst id="IPLSng">19774.4213333333</dst>
            <dst id="KSCYng">11331.3253333333</dst>
            <dst id="LOSAng">38188.496</dst>
            <dst id="NYCMng">15942.6746666667</dst>
            <dst id="SNVAng">3224.08533333333</dst>
            <dst id="STTLng">5577.42933333333</dst>
            <dst id="WASHng">20569.7333333333</dst>
        </src>
        <src id="DNVRng">
            <dst id="ATLA-M5">831.928</dst>
            <dst id="ATLAng">7332.26133333333</dst>
            <dst id="CHINng">66584.3413333333</dst>
            <dst id="DNVRng">19013.9093333333</dst>
            <dst id="HSTNng">16278.6106666667</dst>
            <dst id="IPLSng">42144.504</dst>
            <dst id="KSCYng">17904.9813333333</dst>
            <dst id="LOSAng">10852.1786666667</dst>
            <dst id="NYCMng">27896.8</dst>
            <dst id="SNVAng">9816.736</dst>
            <dst id="STTLng">9643.016</dst>
            <dst id="WASHng">53826.472</dst>
        </src>
        <src id="HSTNng">
            <dst id="ATLA-M5">2440.856</dst>
            <dst id="ATLAng">3496.52533333333</dst>
            <dst id="CHINng">39739.7413333333</dst>
            <dst id="DNVRng">2730.24533333333</dst>
            <dst id="HSTNng">7340.888</dst>
            <dst id="IPLSng">10159.6453333333</dst>
            <dst id="KSCYng">4853.39466666667</dst>
            <dst id="LOSAng">13976.0026666667</dst>
            <dst id="NYCMng">18656.8693333333</dst>
            <dst id="SNVAng">2087.98666666667</dst>
            <dst id="STTLng">1231.95733333333</dst>
            <dst id="WASHng">13910.7066666667</dst>
        </src>
        <src id="IPLSng">
            <dst id="ATLA-M5">986.205333333333</dst>
            <dst id="ATLAng">22945.384</dst>
            <dst id="CHINng">112631.888</dst>
            <dst id="DNVRng">30404.2613333333</dst>
            <dst id="HSTNng">6151.128</dst>
            <dst id="IPLSng">21965.3946666667</dst>
            <dst id="KSCYng">27130.6133333333</dst>
            <dst id="LOSAng">33363.456</dst>
            <dst id="NYCMng">34985.5786666667</dst>
            <dst id="SNVAng">4941.21066666667</dst>
            <dst id="STTLng">15035.4666666667</dst>
            <dst id="WASHng">50799.4346666667</dst>
        </src>
        <src id="KSCYng">
            <dst id="ATLA-M5">394.36</dst>
            <dst id="ATLAng">4530.54933333333</dst>
            <dst id="CHINng">35281.9706666667</dst>
            <dst id="DNVRng">8772.01866666667</dst>
            <dst id="HSTNng">5158.26133333333</dst>
            <dst id="IPLSng">13417.3173333333</dst>
            <dst id="KSCYng">10782.2853333333</dst>
            <dst id="LOSAng">8739.94133333333</dst>
            <dst id="NYCMng">6749.97866666667</dst>
            <dst id="SNVAng">1256.46933333333</dst>
            <dst id="STTLng">3601.6</dst>
            <dst id="WASHng">14921.5333333333</dst>
        </src>
        <src id="LOSAng">
            <dst id="ATLA-M5">1176.70933333333</dst>
            <dst id="ATLAng">19918.8346666667</dst>
            <dst id="CHINng">138869.165333333</dst>
            <dst id="DNVRng">12573.56</dst>
            <dst id="HSTNng">9099.61866666667</dst>
            <dst id="IPLSng">40860.544</dst>
            <dst id="KSCYng">15118.4853333333</dst>
            <dst id="LOSAng">23310.1546666667</dst>
            <dst id="NYCMng">56806.3466666667</dst>
            <dst id="SNVAng">14054.9226666667</dst>
            <dst id="STTLng">26845.448</dst>
            <dst id="WASHng">65809.512</dst>
        </src>
        <src id="NYCMng">
            <dst id="ATLA-M5">2636.65333333333</dst>
            <dst id="ATLAng">37339.568</dst>
            <dst id="CHINng">74334.928</dst>
            <dst id="DNVRng">34515.8533333333</dst>
            <dst id="HSTNng">37754.256</dst>
            <dst id="IPLSng">80575.8746666667</dst>
            <dst id="KSCYng">20193.432</dst>
            <dst id="LOSAng">87525.824</dst>
            <dst id="NYCMng">123685.013333333</dst>
            <dst id="SNVAng">9084.90666666667</dst>
            <dst id="STTLng">26472.784</dst>
            <dst id="WASHng">99781.4053333333</dst>
        </src>
        <src id="SNVAng">
            <dst id="ATLA-M5">662.896</dst>
            <dst id="ATLAng">1769.392</dst>
            <dst id="CHINng">6551.67733333333</dst>
            <dst id="DNVRng">4284.424</dst>
            <dst id="HSTNng">760.536</dst>
            <dst id="IPLSng">1475.848</dst>
            <dst id="KSCYng">953.530666666667</dst>
            <dst id="LOSAng">34291.3866666667</dst>
            <dst id="NYCMng">2399.39733333333</dst>
            <dst id="SNVAng">13654.5813333333</dst>
            <dst id="STTLng">60814.52</dst>
            <dst id="WASHng">1719.568</dst>
        </src>
        <src id="STTLng">
            <dst id="ATLA-M5">90.3226666666667</dst>
            <dst id="ATLAng">11416.8986666667</dst>
            <dst id="CHINng">57334.944</dst>
            <dst id="DNVRng">5773.416</dst>
            <dst id="HSTNng">3624.86933333333</dst>
            <dst id="IPLSng">11135.5146666667</dst>
            <dst id="KSCYng">5815.048</dst>
            <dst id="LOSAng">33257.2213333333</dst>
            <dst id="NYCMng">21813.9066666667</dst>
            <dst id="SNVAng">6520.94933333333</dst>
            <dst id="STTLng">17576.9386666667</dst>
            <dst id="WASHng">13151.9093333333</dst>
        </src>
        <src id="WASHng">
            <dst id="ATLA-M5">592.28</dst>
            <dst id="ATLAng">131637.408</dst>
            <dst id="CHINng">85519.5093333333</dst>
            <dst id="DNVRng">52150.0133333333</dst>
            <dst id="HSTNng">19116.048</dst>
            <dst id="IPLSng">62953.4106666667</dst>
            <dst id="KSCYng">12795.5653333333</dst>
            <dst id="LOSAng">69805.664</dst>
            <dst id="NYCMng">183314.621333333</dst>
            <dst id="SNVAng">17132.024</dst>
            <dst id="STTLng">44184.6133333333</dst>
            <dst id="WASHng">310026.613333333</dst>
        </src>
    </IntraTM>
</TrafficMatrixFile>
