<?xml version="1.0" encoding="ISO-8859-1" standalone="yes"?>
<TrafficMatrixFile xsi:noNamespaceSchemaLocation="http://totem.run.montefiore.ulg.ac.be/Schema/TrafficMatrix-v1_2.xsd" xmlns:xsi="http://www.w3.org/2001/XMLSchema-instance">
    <IntraTM ASID="11537">
        <src id="ATLA-M5">
            <dst id="ATLA-M5">222.768</dst>
            <dst id="ATLAng">4011.824</dst>
            <dst id="CHINng">3693.464</dst>
            <dst id="DNVRng">155.04</dst>
            <dst id="HSTNng">219.816</dst>
            <dst id="IPLSng">1483.21066666667</dst>
            <dst id="KSCYng">295.570666666667</dst>
            <dst id="LOSAng">6265.81066666667</dst>
            <dst id="NYCMng">3482.57333333333</dst>
            <dst id="SNVAng">101.408</dst>
            <dst id="STTLng">147.848</dst>
            <dst id="WASHng">2044.00266666667</dst>
        </src>
        <src id="ATLAng">
            <dst id="ATLA-M5">529.845333333333</dst>
            <dst id="ATLAng">40444.8453333333</dst>
            <dst id="CHINng">33504.112</dst>
            <dst id="DNVRng">9539.85866666667</dst>
            <dst id="HSTNng">10624.5626666667</dst>
            <dst id="IPLSng">32690.2746666667</dst>
            <dst id="KSCYng">5961.85333333333</dst>
            <dst id="LOSAng">17624.0933333333</dst>
            <dst id="NYCMng">24193.4746666667</dst>
            <dst id="SNVAng">1392.66666666667</dst>
            <dst id="STTLng">10423.92</dst>
            <dst id="WASHng">50887.8346666667</dst>
        </src>
        <src id="CHINng">
            <dst id="ATLA-M5">5327.46933333333</dst>
            <dst id="ATLAng">15587.9626666667</dst>
            <dst id="CHINng">32238.328</dst>
            <dst id="DNVRng">11841.5706666667</dst>
            <dst id="HSTNng">13956.8426666667</dst>
            <dst id="IPLSng">34479.808</dst>
            <dst id="KSCYng">26023.6773333333</dst>
            <dst id="LOSAng">20236.1626666667</dst>
            <dst id="NYCMng">8624.81866666667</dst>
            <dst id="SNVAng">3754.88</dst>
            <dst id="STTLng">7951.86933333333</dst>
            <dst id="WASHng">11883.1733333333</dst>
        </src>
        <src id="DNVRng">
            <dst id="ATLA-M5">366.130666666667</dst>
            <dst id="ATLAng">6565.32</dst>
            <dst id="CHINng">67002.84</dst>
            <dst id="DNVRng">12635.0506666667</dst>
            <dst id="HSTNng">5846.752</dst>
            <dst id="IPLSng">8150.31466666667</dst>
            <dst id="KSCYng">15275.8213333333</dst>
            <dst id="LOSAng">32711.1013333333</dst>
            <dst id="NYCMng">8847.784</dst>
            <dst id="SNVAng">19539.3786666667</dst>
            <dst id="STTLng">15273.808</dst>
            <dst id="WASHng">17395.3226666667</dst>
        </src>
        <src id="HSTNng">
            <dst id="ATLA-M5">906.058666666667</dst>
            <dst id="ATLAng">5263.544</dst>
            <dst id="CHINng">24505.1893333333</dst>
            <dst id="DNVRng">3184.52266666667</dst>
            <dst id="HSTNng">9355.90133333334</dst>
            <dst id="IPLSng">9983.37066666667</dst>
            <dst id="KSCYng">5230.69866666667</dst>
            <dst id="LOSAng">8431.704</dst>
            <dst id="NYCMng">12965.2293333333</dst>
            <dst id="SNVAng">2001.49066666667</dst>
            <dst id="STTLng">1979.56266666667</dst>
            <dst id="WASHng">9386.408</dst>
        </src>
        <src id="IPLSng">
            <dst id="ATLA-M5">9098.37333333333</dst>
            <dst id="ATLAng">21463.1653333333</dst>
            <dst id="CHINng">78281.176</dst>
            <dst id="DNVRng">13617.2</dst>
            <dst id="HSTNng">6833.96</dst>
            <dst id="IPLSng">49928.2453333333</dst>
            <dst id="KSCYng">14991.1946666667</dst>
            <dst id="LOSAng">22386.816</dst>
            <dst id="NYCMng">33641.5573333333</dst>
            <dst id="SNVAng">5251.99733333333</dst>
            <dst id="STTLng">16556.9813333333</dst>
            <dst id="WASHng">38405.9946666667</dst>
        </src>
        <src id="KSCYng">
            <dst id="ATLA-M5">426.762666666667</dst>
            <dst id="ATLAng">4133.07733333333</dst>
            <dst id="CHINng">32181.6986666667</dst>
            <dst id="DNVRng">13166.5813333333</dst>
            <dst id="HSTNng">3602.52533333333</dst>
            <dst id="IPLSng">19320.2266666667</dst>
            <dst id="KSCYng">7733.37066666667</dst>
            <dst id="LOSAng">6816.36533333333</dst>
            <dst id="NYCMng">8095.86133333333</dst>
            <dst id="SNVAng">981.504</dst>
            <dst id="STTLng">3549.496</dst>
            <dst id="WASHng">17315.8506666667</dst>
        </src>
        <src id="LOSAng">
            <dst id="ATLA-M5">541.546666666667</dst>
            <dst id="ATLAng">19876.464</dst>
            <dst id="CHINng">79780.192</dst>
            <dst id="DNVRng">18467.808</dst>
            <dst id="HSTNng">9229.024</dst>
            <dst id="IPLSng">43885.744</dst>
            <dst id="KSCYng">10495.5226666667</dst>
            <dst id="LOSAng">19863.5306666667</dst>
            <dst id="NYCMng">53653.768</dst>
            <dst id="SNVAng">6874.68533333333</dst>
            <dst id="STTLng">38768.7173333333</dst>
            <dst id="WASHng">57911.7386666667</dst>
        </src>
        <src id="NYCMng">
            <dst id="ATLA-M5">2691.032</dst>
            <dst id="ATLAng">39302.1413333333</dst>
            <dst id="CHINng">74172.9733333333</dst>
            <dst id="DNVRng">12803.9973333333</dst>
            <dst id="HSTNng">21793.5493333333</dst>
            <dst id="IPLSng">77419.864</dst>
            <dst id="KSCYng">27634.3866666667</dst>
            <dst id="LOSAng">65984.5333333333</dst>
            <dst id="NYCMng">125831.032</dst>
            <dst id="SNVAng">8839.44533333333</dst>
            <dst id="STTLng">30379.208</dst>
            <dst id="WASHng">98630.96</dst>
        </src>
        <src id="SNVAng">
            <dst id="ATLA-M5">592.754666666667</dst>
            <dst id="ATLAng">763.197333333333</dst>
            <dst id="CHINng">5054.632</dst>
            <dst id="DNVRng">11080.4133333333</dst>
            <dst id="HSTNng">851.101333333333</dst>
            <dst id="IPLSng">2311.288</dst>
            <dst id="KSCYng">960.149333333333</dst>
            <dst id="LOSAng">8574.664</dst>
            <dst id="NYCMng">6716.504</dst>
            <dst id="SNVAng">338.28</dst>
            <dst id="STTLng">2713.256</dst>
            <dst id="WASHng">2427.392</dst>
        </src>
        <src id="STTLng">
            <dst id="ATLA-M5">34.7786666666667</dst>
            <dst id="ATLAng">19536.7066666667</dst>
            <dst id="CHINng">21219.136</dst>
            <dst id="DNVRng">3333.464</dst>
            <dst id="HSTNng">3737.32533333333</dst>
            <dst id="IPLSng">10543.1866666667</dst>
            <dst id="KSCYng">1725.34133333333</dst>
            <dst id="LOSAng">14467.9333333333</dst>
            <dst id="NYCMng">23839.072</dst>
            <dst id="SNVAng">4458.65066666667</dst>
            <dst id="STTLng">4879.368</dst>
            <dst id="WASHng">8266.89333333333</dst>
        </src>
        <src id="WASHng">
            <dst id="ATLA-M5">582.418666666667</dst>
            <dst id="ATLAng">140893.245333333</dst>
            <dst id="CHINng">89312.2133333333</dst>
            <dst id="DNVRng">39335.5786666667</dst>
            <dst id="HSTNng">18787.7706666667</dst>
            <dst id="IPLSng">66742.472</dst>
            <dst id="KSCYng">26861.2666666667</dst>
            <dst id="LOSAng">74948.9306666667</dst>
            <dst id="NYCMng">136613.136</dst>
            <dst id="SNVAng">5461.96266666667</dst>
            <dst id="STTLng">28083.4533333333</dst>
            <dst id="WASHng">198639.525333333</dst>
        </src>
    </IntraTM>
</TrafficMatrixFile>
