<?xml version="1.0" encoding="ISO-8859-1" standalone="yes"?>
<TrafficMatrixFile xsi:noNamespaceSchemaLocation="http://totem.run.montefiore.ulg.ac.be/Schema/TrafficMatrix-v1_2.xsd" xmlns:xsi="http://www.w3.org/2001/XMLSchema-instance">
    <IntraTM ASID="11537">
        <src id="ATLA-M5">
            <dst id="ATLA-M5">0</dst>
            <dst id="ATLAng">308.701333333333</dst>
            <dst id="CHINng">375.8</dst>
            <dst id="DNVRng">142.074666666667</dst>
            <dst id="HSTNng">147.690666666667</dst>
            <dst id="IPLSng">941.037333333333</dst>
            <dst id="KSCYng">1870.90666666667</dst>
            <dst id="LOSAng">244.034666666667</dst>
            <dst id="NYCMng">210.44</dst>
            <dst id="SNVAng">136</dst>
            <dst id="STTLng">354.253333333333</dst>
            <dst id="WASHng">4815.46933333333</dst>
        </src>
        <src id="ATLAng">
            <dst id="ATLA-M5">548.261333333333</dst>
            <dst id="ATLAng">60581.488</dst>
            <dst id="CHINng">19068.5466666667</dst>
            <dst id="DNVRng">3383.90666666667</dst>
            <dst id="HSTNng">3081.328</dst>
            <dst id="IPLSng">22871.8346666667</dst>
            <dst id="KSCYng">5344.81333333333</dst>
            <dst id="LOSAng">16052.504</dst>
            <dst id="NYCMng">14190.2266666667</dst>
            <dst id="SNVAng">1434.05066666667</dst>
            <dst id="STTLng">7339.232</dst>
            <dst id="WASHng">111980.744</dst>
        </src>
        <src id="CHINng">
            <dst id="ATLA-M5">156.184</dst>
            <dst id="ATLAng">12412.944</dst>
            <dst id="CHINng">49963.84</dst>
            <dst id="DNVRng">5332.13333333333</dst>
            <dst id="HSTNng">6909.77333333333</dst>
            <dst id="IPLSng">17253.0506666667</dst>
            <dst id="KSCYng">24221.384</dst>
            <dst id="LOSAng">11701.7626666667</dst>
            <dst id="NYCMng">10497.04</dst>
            <dst id="SNVAng">1689.67466666667</dst>
            <dst id="STTLng">5897.64266666667</dst>
            <dst id="WASHng">14355.824</dst>
        </src>
        <src id="DNVRng">
            <dst id="ATLA-M5">1226.152</dst>
            <dst id="ATLAng">7636.99733333333</dst>
            <dst id="CHINng">50905.4346666667</dst>
            <dst id="DNVRng">6331.912</dst>
            <dst id="HSTNng">6221.16533333333</dst>
            <dst id="IPLSng">10110.784</dst>
            <dst id="KSCYng">10363.9066666667</dst>
            <dst id="LOSAng">11276.9013333333</dst>
            <dst id="NYCMng">10431.8426666667</dst>
            <dst id="SNVAng">10380.5493333333</dst>
            <dst id="STTLng">10838.08</dst>
            <dst id="WASHng">25604.7866666667</dst>
        </src>
        <src id="HSTNng">
            <dst id="ATLA-M5">1577.94133333333</dst>
            <dst id="ATLAng">3108.56266666667</dst>
            <dst id="CHINng">34447.0586666667</dst>
            <dst id="DNVRng">11168.08</dst>
            <dst id="HSTNng">10527.5786666667</dst>
            <dst id="IPLSng">4748.29866666667</dst>
            <dst id="KSCYng">6714.98933333333</dst>
            <dst id="LOSAng">94229.4053333333</dst>
            <dst id="NYCMng">6976.25066666667</dst>
            <dst id="SNVAng">1318.10133333333</dst>
            <dst id="STTLng">1701.21333333333</dst>
            <dst id="WASHng">13092.88</dst>
        </src>
        <src id="IPLSng">
            <dst id="ATLA-M5">340.789333333333</dst>
            <dst id="ATLAng">13355.9226666667</dst>
            <dst id="CHINng">126003.808</dst>
            <dst id="DNVRng">6835.39733333333</dst>
            <dst id="HSTNng">15438.68</dst>
            <dst id="IPLSng">45498.9386666667</dst>
            <dst id="KSCYng">8844.53333333333</dst>
            <dst id="LOSAng">40026.7946666667</dst>
            <dst id="NYCMng">31930.4346666667</dst>
            <dst id="SNVAng">2074.128</dst>
            <dst id="STTLng">6921.31466666666</dst>
            <dst id="WASHng">31542.5253333333</dst>
        </src>
        <src id="KSCYng">
            <dst id="ATLA-M5">590.450666666667</dst>
            <dst id="ATLAng">9356.02133333333</dst>
            <dst id="CHINng">43838.8346666667</dst>
            <dst id="DNVRng">3689.61333333333</dst>
            <dst id="HSTNng">4747.74666666667</dst>
            <dst id="IPLSng">16502.8</dst>
            <dst id="KSCYng">7655.21066666667</dst>
            <dst id="LOSAng">2313.59466666667</dst>
            <dst id="NYCMng">9391.968</dst>
            <dst id="SNVAng">672.488</dst>
            <dst id="STTLng">4148.20533333333</dst>
            <dst id="WASHng">15145.864</dst>
        </src>
        <src id="LOSAng">
            <dst id="ATLA-M5">535.013333333333</dst>
            <dst id="ATLAng">40538.9866666667</dst>
            <dst id="CHINng">138990.464</dst>
            <dst id="DNVRng">5968.18133333333</dst>
            <dst id="HSTNng">62002.464</dst>
            <dst id="IPLSng">39043.032</dst>
            <dst id="KSCYng">6034.168</dst>
            <dst id="LOSAng">10403.7173333333</dst>
            <dst id="NYCMng">51060.1333333333</dst>
            <dst id="SNVAng">3335.84266666667</dst>
            <dst id="STTLng">19632.3866666667</dst>
            <dst id="WASHng">47766.1066666667</dst>
        </src>
        <src id="NYCMng">
            <dst id="ATLA-M5">1291.98133333333</dst>
            <dst id="ATLAng">42666.656</dst>
            <dst id="CHINng">68575.4826666667</dst>
            <dst id="DNVRng">16182.5226666667</dst>
            <dst id="HSTNng">31345.3546666667</dst>
            <dst id="IPLSng">71046.0586666667</dst>
            <dst id="KSCYng">27639.0773333333</dst>
            <dst id="LOSAng">46772.8693333333</dst>
            <dst id="NYCMng">182743.144</dst>
            <dst id="SNVAng">5447.30666666667</dst>
            <dst id="STTLng">19719.456</dst>
            <dst id="WASHng">84255.1706666667</dst>
        </src>
        <src id="SNVAng">
            <dst id="ATLA-M5">397.016</dst>
            <dst id="ATLAng">1090.256</dst>
            <dst id="CHINng">8512.93866666667</dst>
            <dst id="DNVRng">2775.576</dst>
            <dst id="HSTNng">471.8</dst>
            <dst id="IPLSng">2403.23466666667</dst>
            <dst id="KSCYng">355.856</dst>
            <dst id="LOSAng">6052.416</dst>
            <dst id="NYCMng">3042.688</dst>
            <dst id="SNVAng">202.312</dst>
            <dst id="STTLng">2219.584</dst>
            <dst id="WASHng">1824.98933333333</dst>
        </src>
        <src id="STTLng">
            <dst id="ATLA-M5">135.72</dst>
            <dst id="ATLAng">18850.384</dst>
            <dst id="CHINng">80934.2</dst>
            <dst id="DNVRng">2951.97333333333</dst>
            <dst id="HSTNng">1563.38133333333</dst>
            <dst id="IPLSng">9260.944</dst>
            <dst id="KSCYng">4567.208</dst>
            <dst id="LOSAng">15007.5493333333</dst>
            <dst id="NYCMng">21908.5893333333</dst>
            <dst id="SNVAng">3168.13333333333</dst>
            <dst id="STTLng">16384.4746666667</dst>
            <dst id="WASHng">13221.1226666667</dst>
        </src>
        <src id="WASHng">
            <dst id="ATLA-M5">1750.70933333333</dst>
            <dst id="ATLAng">77014.776</dst>
            <dst id="CHINng">52600.448</dst>
            <dst id="DNVRng">18853.344</dst>
            <dst id="HSTNng">17645.168</dst>
            <dst id="IPLSng">60011.7386666667</dst>
            <dst id="KSCYng">25654.584</dst>
            <dst id="LOSAng">54686.0506666667</dst>
            <dst id="NYCMng">146256.496</dst>
            <dst id="SNVAng">3484.352</dst>
            <dst id="STTLng">38822.9013333333</dst>
            <dst id="WASHng">420367.04</dst>
        </src>
    </IntraTM>
</TrafficMatrixFile>
