<?xml version="1.0" encoding="ISO-8859-1" standalone="yes"?>
<TrafficMatrixFile xsi:noNamespaceSchemaLocation="http://totem.run.montefiore.ulg.ac.be/Schema/TrafficMatrix-v1_2.xsd" xmlns:xsi="http://www.w3.org/2001/XMLSchema-instance">
    <IntraTM ASID="11537">
        <src id="ATLA-M5">
            <dst id="ATLA-M5">1618.336</dst>
            <dst id="ATLAng">389.72</dst>
            <dst id="CHINng">1807.90666666667</dst>
            <dst id="DNVRng">526.712</dst>
            <dst id="HSTNng">366.962666666667</dst>
            <dst id="IPLSng">1358.936</dst>
            <dst id="KSCYng">313.122666666667</dst>
            <dst id="LOSAng">586.253333333333</dst>
            <dst id="NYCMng">1013.432</dst>
            <dst id="SNVAng">641.408</dst>
            <dst id="STTLng">231.464</dst>
            <dst id="WASHng">1984.84266666667</dst>
        </src>
        <src id="ATLAng">
            <dst id="ATLA-M5">846.064</dst>
            <dst id="ATLAng">46375.376</dst>
            <dst id="CHINng">23759.0426666667</dst>
            <dst id="DNVRng">9892.20533333334</dst>
            <dst id="HSTNng">8555.89866666667</dst>
            <dst id="IPLSng">28414.7466666667</dst>
            <dst id="KSCYng">8628.768</dst>
            <dst id="LOSAng">21364.9626666667</dst>
            <dst id="NYCMng">24566.528</dst>
            <dst id="SNVAng">1290.352</dst>
            <dst id="STTLng">11214.1093333333</dst>
            <dst id="WASHng">56934.8986666667</dst>
        </src>
        <src id="CHINng">
            <dst id="ATLA-M5">821.149333333333</dst>
            <dst id="ATLAng">19294.8026666667</dst>
            <dst id="CHINng">38667.4293333333</dst>
            <dst id="DNVRng">12417.688</dst>
            <dst id="HSTNng">11262.8853333333</dst>
            <dst id="IPLSng">34070.3893333333</dst>
            <dst id="KSCYng">12013.1226666667</dst>
            <dst id="LOSAng">29517.6213333333</dst>
            <dst id="NYCMng">4110.88266666667</dst>
            <dst id="SNVAng">2754.38133333333</dst>
            <dst id="STTLng">7896.75733333333</dst>
            <dst id="WASHng">15818.144</dst>
        </src>
        <src id="DNVRng">
            <dst id="ATLA-M5">699.338666666667</dst>
            <dst id="ATLAng">5132.49866666667</dst>
            <dst id="CHINng">43222.976</dst>
            <dst id="DNVRng">4019.97866666667</dst>
            <dst id="HSTNng">5551.72266666667</dst>
            <dst id="IPLSng">10208.92</dst>
            <dst id="KSCYng">5193.112</dst>
            <dst id="LOSAng">14863.4266666667</dst>
            <dst id="NYCMng">16164.3706666667</dst>
            <dst id="SNVAng">9533.53066666667</dst>
            <dst id="STTLng">10539.9066666667</dst>
            <dst id="WASHng">20361.9653333333</dst>
        </src>
        <src id="HSTNng">
            <dst id="ATLA-M5">1527.07733333333</dst>
            <dst id="ATLAng">6478.15733333333</dst>
            <dst id="CHINng">19186.6</dst>
            <dst id="DNVRng">4334.768</dst>
            <dst id="HSTNng">10152.7573333333</dst>
            <dst id="IPLSng">8407.35733333334</dst>
            <dst id="KSCYng">2881.82933333333</dst>
            <dst id="LOSAng">68536.7866666667</dst>
            <dst id="NYCMng">7388.16266666667</dst>
            <dst id="SNVAng">2081.35466666667</dst>
            <dst id="STTLng">2029.576</dst>
            <dst id="WASHng">10583.1573333333</dst>
        </src>
        <src id="IPLSng">
            <dst id="ATLA-M5">785.725333333333</dst>
            <dst id="ATLAng">21317.664</dst>
            <dst id="CHINng">73219.5013333333</dst>
            <dst id="DNVRng">14476.4453333333</dst>
            <dst id="HSTNng">7275.88266666667</dst>
            <dst id="IPLSng">45011.7146666667</dst>
            <dst id="KSCYng">13356.264</dst>
            <dst id="LOSAng">22071.36</dst>
            <dst id="NYCMng">30389.1413333333</dst>
            <dst id="SNVAng">4311.50666666667</dst>
            <dst id="STTLng">13934.08</dst>
            <dst id="WASHng">40885.2746666667</dst>
        </src>
        <src id="KSCYng">
            <dst id="ATLA-M5">1546.90666666667</dst>
            <dst id="ATLAng">6296.01066666667</dst>
            <dst id="CHINng">38638.5013333333</dst>
            <dst id="DNVRng">11489.0506666667</dst>
            <dst id="HSTNng">3935.32</dst>
            <dst id="IPLSng">22089.2106666667</dst>
            <dst id="KSCYng">6428.33333333333</dst>
            <dst id="LOSAng">6009.112</dst>
            <dst id="NYCMng">8934.26933333333</dst>
            <dst id="SNVAng">938.624</dst>
            <dst id="STTLng">6108.536</dst>
            <dst id="WASHng">19530.8186666667</dst>
        </src>
        <src id="LOSAng">
            <dst id="ATLA-M5">943.824</dst>
            <dst id="ATLAng">24002.7413333333</dst>
            <dst id="CHINng">85382.3306666667</dst>
            <dst id="DNVRng">11374.5333333333</dst>
            <dst id="HSTNng">58548.608</dst>
            <dst id="IPLSng">42866.2346666667</dst>
            <dst id="KSCYng">12783.1013333333</dst>
            <dst id="LOSAng">15456.8773333333</dst>
            <dst id="NYCMng">63082.3893333333</dst>
            <dst id="SNVAng">3857.49066666667</dst>
            <dst id="STTLng">31434.1626666667</dst>
            <dst id="WASHng">42953.304</dst>
        </src>
        <src id="NYCMng">
            <dst id="ATLA-M5">2383.424</dst>
            <dst id="ATLAng">43964.408</dst>
            <dst id="CHINng">68082.52</dst>
            <dst id="DNVRng">22061.9893333333</dst>
            <dst id="HSTNng">41424.512</dst>
            <dst id="IPLSng">70392.1546666667</dst>
            <dst id="KSCYng">23291.176</dst>
            <dst id="LOSAng">84801.8133333333</dst>
            <dst id="NYCMng">154149.112</dst>
            <dst id="SNVAng">8031.472</dst>
            <dst id="STTLng">31063.344</dst>
            <dst id="WASHng">114806.848</dst>
        </src>
        <src id="SNVAng">
            <dst id="ATLA-M5">202.157333333333</dst>
            <dst id="ATLAng">748.813333333333</dst>
            <dst id="CHINng">3382.224</dst>
            <dst id="DNVRng">18167.944</dst>
            <dst id="HSTNng">1759.89066666667</dst>
            <dst id="IPLSng">2986.89066666667</dst>
            <dst id="KSCYng">2001.12</dst>
            <dst id="LOSAng">2278.20266666667</dst>
            <dst id="NYCMng">3207.39466666667</dst>
            <dst id="SNVAng">15506</dst>
            <dst id="STTLng">5990.19733333333</dst>
            <dst id="WASHng">1954.66133333333</dst>
        </src>
        <src id="STTLng">
            <dst id="ATLA-M5">189.474666666667</dst>
            <dst id="ATLAng">17941.3093333333</dst>
            <dst id="CHINng">37366.056</dst>
            <dst id="DNVRng">6897.496</dst>
            <dst id="HSTNng">5433.50933333333</dst>
            <dst id="IPLSng">11847.4773333333</dst>
            <dst id="KSCYng">6352.94933333333</dst>
            <dst id="LOSAng">21873.8986666667</dst>
            <dst id="NYCMng">28552.9973333333</dst>
            <dst id="SNVAng">3580.33333333333</dst>
            <dst id="STTLng">1373.336</dst>
            <dst id="WASHng">12980.152</dst>
        </src>
        <src id="WASHng">
            <dst id="ATLA-M5">27613.9813333333</dst>
            <dst id="ATLAng">111001.858666667</dst>
            <dst id="CHINng">82091.8133333333</dst>
            <dst id="DNVRng">19292.4826666667</dst>
            <dst id="HSTNng">21591.5626666667</dst>
            <dst id="IPLSng">58314.264</dst>
            <dst id="KSCYng">14818.736</dst>
            <dst id="LOSAng">51922.4426666667</dst>
            <dst id="NYCMng">169950.346666667</dst>
            <dst id="SNVAng">8204.416</dst>
            <dst id="STTLng">35199.2666666667</dst>
            <dst id="WASHng">157968.034666667</dst>
        </src>
    </IntraTM>
</TrafficMatrixFile>
