<?xml version="1.0" encoding="ISO-8859-1" standalone="yes"?>
<TrafficMatrixFile xsi:noNamespaceSchemaLocation="http://totem.run.montefiore.ulg.ac.be/Schema/TrafficMatrix-v1_2.xsd" xmlns:xsi="http://www.w3.org/2001/XMLSchema-instance">
    <IntraTM ASID="11537">
        <src id="ATLA-M5">
            <dst id="ATLA-M5">111.496</dst>
            <dst id="ATLAng">627.565333333333</dst>
            <dst id="CHINng">1578.54666666667</dst>
            <dst id="DNVRng">286.266666666667</dst>
            <dst id="HSTNng">325.264</dst>
            <dst id="IPLSng">988.746666666667</dst>
            <dst id="KSCYng">764.197333333333</dst>
            <dst id="LOSAng">1091.30933333333</dst>
            <dst id="NYCMng">2233.21066666667</dst>
            <dst id="SNVAng">614.965333333333</dst>
            <dst id="STTLng">289.098666666667</dst>
            <dst id="WASHng">8805.176</dst>
        </src>
        <src id="ATLAng">
            <dst id="ATLA-M5">798.042666666667</dst>
            <dst id="ATLAng">27249.7466666667</dst>
            <dst id="CHINng">42093.9893333333</dst>
            <dst id="DNVRng">15666.664</dst>
            <dst id="HSTNng">10104.328</dst>
            <dst id="IPLSng">29518.256</dst>
            <dst id="KSCYng">18797.456</dst>
            <dst id="LOSAng">18448.1346666667</dst>
            <dst id="NYCMng">24956.272</dst>
            <dst id="SNVAng">2909.7</dst>
            <dst id="STTLng">8396.15466666667</dst>
            <dst id="WASHng">102721.392</dst>
        </src>
        <src id="CHINng">
            <dst id="ATLA-M5">1362.056</dst>
            <dst id="ATLAng">17801.7813333333</dst>
            <dst id="CHINng">75239.9626666667</dst>
            <dst id="DNVRng">15178.2986666667</dst>
            <dst id="HSTNng">27839.88</dst>
            <dst id="IPLSng">43869.2053333333</dst>
            <dst id="KSCYng">13980.496</dst>
            <dst id="LOSAng">24014.1573333333</dst>
            <dst id="NYCMng">16058.8773333333</dst>
            <dst id="SNVAng">3411.46933333333</dst>
            <dst id="STTLng">17854.2906666667</dst>
            <dst id="WASHng">30572.3653333333</dst>
        </src>
        <src id="DNVRng">
            <dst id="ATLA-M5">1273.344</dst>
            <dst id="ATLAng">10332.5706666667</dst>
            <dst id="CHINng">84342.1626666667</dst>
            <dst id="DNVRng">24006.944</dst>
            <dst id="HSTNng">13292.3386666667</dst>
            <dst id="IPLSng">40002.048</dst>
            <dst id="KSCYng">22367.896</dst>
            <dst id="LOSAng">8448.52533333333</dst>
            <dst id="NYCMng">36354.8426666667</dst>
            <dst id="SNVAng">13905.9226666667</dst>
            <dst id="STTLng">15108.9173333333</dst>
            <dst id="WASHng">57542.296</dst>
        </src>
        <src id="HSTNng">
            <dst id="ATLA-M5">1400.792</dst>
            <dst id="ATLAng">4977.00266666667</dst>
            <dst id="CHINng">45519.0293333333</dst>
            <dst id="DNVRng">6615.944</dst>
            <dst id="HSTNng">11770.3333333333</dst>
            <dst id="IPLSng">11923.688</dst>
            <dst id="KSCYng">6270.288</dst>
            <dst id="LOSAng">106560.794666667</dst>
            <dst id="NYCMng">12488.928</dst>
            <dst id="SNVAng">2478.32533333333</dst>
            <dst id="STTLng">3402.25066666667</dst>
            <dst id="WASHng">19452.3226666667</dst>
        </src>
        <src id="IPLSng">
            <dst id="ATLA-M5">7096.584</dst>
            <dst id="ATLAng">23311.52</dst>
            <dst id="CHINng">178542.714666667</dst>
            <dst id="DNVRng">36234.192</dst>
            <dst id="HSTNng">11298.2533333333</dst>
            <dst id="IPLSng">39983.5866666667</dst>
            <dst id="KSCYng">28151.792</dst>
            <dst id="LOSAng">21566.0266666667</dst>
            <dst id="NYCMng">44232.8293333333</dst>
            <dst id="SNVAng">7316.616</dst>
            <dst id="STTLng">14504.9466666667</dst>
            <dst id="WASHng">73582.12</dst>
        </src>
        <src id="KSCYng">
            <dst id="ATLA-M5">1038.65333333333</dst>
            <dst id="ATLAng">18238.6666666667</dst>
            <dst id="CHINng">47170.6426666667</dst>
            <dst id="DNVRng">16432.2773333333</dst>
            <dst id="HSTNng">5404.056</dst>
            <dst id="IPLSng">16424.3626666667</dst>
            <dst id="KSCYng">7984.41333333333</dst>
            <dst id="LOSAng">7694.944</dst>
            <dst id="NYCMng">10760.3146666667</dst>
            <dst id="SNVAng">956.794666666667</dst>
            <dst id="STTLng">4662.30133333333</dst>
            <dst id="WASHng">16538.584</dst>
        </src>
        <src id="LOSAng">
            <dst id="ATLA-M5">4328.28266666667</dst>
            <dst id="ATLAng">29958.5706666667</dst>
            <dst id="CHINng">141030.541333333</dst>
            <dst id="DNVRng">18428.8826666667</dst>
            <dst id="HSTNng">20498.168</dst>
            <dst id="IPLSng">44226.9066666667</dst>
            <dst id="KSCYng">16594.0933333333</dst>
            <dst id="LOSAng">8463.17866666666</dst>
            <dst id="NYCMng">53397.0053333333</dst>
            <dst id="SNVAng">32911.024</dst>
            <dst id="STTLng">20970.544</dst>
            <dst id="WASHng">71013.696</dst>
        </src>
        <src id="NYCMng">
            <dst id="ATLA-M5">5728.72</dst>
            <dst id="ATLAng">58821.152</dst>
            <dst id="CHINng">92554.192</dst>
            <dst id="DNVRng">50488.9173333333</dst>
            <dst id="HSTNng">44457.616</dst>
            <dst id="IPLSng">94641.104</dst>
            <dst id="KSCYng">27997.7173333333</dst>
            <dst id="LOSAng">63710.8133333334</dst>
            <dst id="NYCMng">193176.288</dst>
            <dst id="SNVAng">8450.976</dst>
            <dst id="STTLng">34476.3786666667</dst>
            <dst id="WASHng">116373.592</dst>
        </src>
        <src id="SNVAng">
            <dst id="ATLA-M5">156.762666666667</dst>
            <dst id="ATLAng">1353.44266666667</dst>
            <dst id="CHINng">6572.63466666667</dst>
            <dst id="DNVRng">12378.24</dst>
            <dst id="HSTNng">1217.26933333333</dst>
            <dst id="IPLSng">5743.99466666667</dst>
            <dst id="KSCYng">783.106666666667</dst>
            <dst id="LOSAng">42123.3333333333</dst>
            <dst id="NYCMng">1768.696</dst>
            <dst id="SNVAng">26783.8773333333</dst>
            <dst id="STTLng">59044.392</dst>
            <dst id="WASHng">2438.288</dst>
        </src>
        <src id="STTLng">
            <dst id="ATLA-M5">646.178666666667</dst>
            <dst id="ATLAng">17195.6666666667</dst>
            <dst id="CHINng">91535.1866666667</dst>
            <dst id="DNVRng">7622.096</dst>
            <dst id="HSTNng">4470.24533333333</dst>
            <dst id="IPLSng">16649.6186666667</dst>
            <dst id="KSCYng">7396.31733333333</dst>
            <dst id="LOSAng">29181.9946666667</dst>
            <dst id="NYCMng">34009.92</dst>
            <dst id="SNVAng">12287.5093333333</dst>
            <dst id="STTLng">4815.424</dst>
            <dst id="WASHng">26489.2213333333</dst>
        </src>
        <src id="WASHng">
            <dst id="ATLA-M5">4496.92</dst>
            <dst id="ATLAng">97368.536</dst>
            <dst id="CHINng">115010.090666667</dst>
            <dst id="DNVRng">77673.7653333333</dst>
            <dst id="HSTNng">29942.0426666667</dst>
            <dst id="IPLSng">89824.84</dst>
            <dst id="KSCYng">24074.0906666667</dst>
            <dst id="LOSAng">81280.2933333333</dst>
            <dst id="NYCMng">191514.576</dst>
            <dst id="SNVAng">8878.952</dst>
            <dst id="STTLng">37486.64</dst>
            <dst id="WASHng">404614.133333333</dst>
        </src>
    </IntraTM>
</TrafficMatrixFile>
