<?xml version="1.0" encoding="ISO-8859-1" standalone="yes"?>
<TrafficMatrixFile xsi:noNamespaceSchemaLocation="http://totem.run.montefiore.ulg.ac.be/Schema/TrafficMatrix-v1_2.xsd" xmlns:xsi="http://www.w3.org/2001/XMLSchema-instance">
    <IntraTM ASID="11537">
        <src id="ATLA-M5">
            <dst id="ATLA-M5">289.869333333333</dst>
            <dst id="ATLAng">629.992</dst>
            <dst id="CHINng">1870.25866666667</dst>
            <dst id="DNVRng">87.688</dst>
            <dst id="HSTNng">534.752</dst>
            <dst id="IPLSng">1955.34133333333</dst>
            <dst id="KSCYng">906.389333333333</dst>
            <dst id="LOSAng">1041.14133333333</dst>
            <dst id="NYCMng">3707.36266666667</dst>
            <dst id="SNVAng">211.637333333333</dst>
            <dst id="STTLng">111.136</dst>
            <dst id="WASHng">5910.01333333334</dst>
        </src>
        <src id="ATLAng">
            <dst id="ATLA-M5">1832.26933333333</dst>
            <dst id="ATLAng">30967.7653333333</dst>
            <dst id="CHINng">65097.152</dst>
            <dst id="DNVRng">17536.1333333333</dst>
            <dst id="HSTNng">6122.488</dst>
            <dst id="IPLSng">21796.192</dst>
            <dst id="KSCYng">20528.744</dst>
            <dst id="LOSAng">20346.116</dst>
            <dst id="NYCMng">26333.424</dst>
            <dst id="SNVAng">7323.54533333333</dst>
            <dst id="STTLng">7388.128</dst>
            <dst id="WASHng">101579.565333333</dst>
        </src>
        <src id="CHINng">
            <dst id="ATLA-M5">3401.616</dst>
            <dst id="ATLAng">22001.7386666667</dst>
            <dst id="CHINng">75769.6293333333</dst>
            <dst id="DNVRng">18487.616</dst>
            <dst id="HSTNng">25711.6213333333</dst>
            <dst id="IPLSng">32175.744</dst>
            <dst id="KSCYng">18091.656</dst>
            <dst id="LOSAng">32872.2746666667</dst>
            <dst id="NYCMng">7876.224</dst>
            <dst id="SNVAng">5005.95733333333</dst>
            <dst id="STTLng">21045.4186666667</dst>
            <dst id="WASHng">17657.0453333333</dst>
        </src>
        <src id="DNVRng">
            <dst id="ATLA-M5">1367.30666666667</dst>
            <dst id="ATLAng">12524.7786666667</dst>
            <dst id="CHINng">62894.4426666667</dst>
            <dst id="DNVRng">16717.6533333333</dst>
            <dst id="HSTNng">17395.0106666667</dst>
            <dst id="IPLSng">30237.1173333333</dst>
            <dst id="KSCYng">28025.4533333333</dst>
            <dst id="LOSAng">26086.1253333333</dst>
            <dst id="NYCMng">33027.7813333333</dst>
            <dst id="SNVAng">16285.0133333333</dst>
            <dst id="STTLng">16805.784</dst>
            <dst id="WASHng">56075.24</dst>
        </src>
        <src id="HSTNng">
            <dst id="ATLA-M5">2489.36533333333</dst>
            <dst id="ATLAng">9106.864</dst>
            <dst id="CHINng">28642.3786666667</dst>
            <dst id="DNVRng">5437.256</dst>
            <dst id="HSTNng">11299.4453333333</dst>
            <dst id="IPLSng">10238.4453333333</dst>
            <dst id="KSCYng">5555.30933333333</dst>
            <dst id="LOSAng">6423.72533333333</dst>
            <dst id="NYCMng">10648.7893333333</dst>
            <dst id="SNVAng">2302.69333333333</dst>
            <dst id="STTLng">2163.58666666667</dst>
            <dst id="WASHng">15711.3413333333</dst>
        </src>
        <src id="IPLSng">
            <dst id="ATLA-M5">947.629333333333</dst>
            <dst id="ATLAng">19821.1413333333</dst>
            <dst id="CHINng">145496.978666667</dst>
            <dst id="DNVRng">38558.704</dst>
            <dst id="HSTNng">9713.176</dst>
            <dst id="IPLSng">42131.736</dst>
            <dst id="KSCYng">22610.0053333333</dst>
            <dst id="LOSAng">26500.0453333333</dst>
            <dst id="NYCMng">75226.808</dst>
            <dst id="SNVAng">14101.1626666667</dst>
            <dst id="STTLng">13308.4453333333</dst>
            <dst id="WASHng">62535.6213333333</dst>
        </src>
        <src id="KSCYng">
            <dst id="ATLA-M5">867.045333333333</dst>
            <dst id="ATLAng">8494.136</dst>
            <dst id="CHINng">46656.9786666667</dst>
            <dst id="DNVRng">18508.1786666667</dst>
            <dst id="HSTNng">8185.68</dst>
            <dst id="IPLSng">13376.392</dst>
            <dst id="KSCYng">10084.2293333333</dst>
            <dst id="LOSAng">4625.288</dst>
            <dst id="NYCMng">9221.08266666667</dst>
            <dst id="SNVAng">1600.432</dst>
            <dst id="STTLng">3976.38933333333</dst>
            <dst id="WASHng">22788.7493333333</dst>
        </src>
        <src id="LOSAng">
            <dst id="ATLA-M5">1445.05066666667</dst>
            <dst id="ATLAng">30777.784</dst>
            <dst id="CHINng">132507.485333333</dst>
            <dst id="DNVRng">29050.1253333333</dst>
            <dst id="HSTNng">14543.992</dst>
            <dst id="IPLSng">49263.5733333333</dst>
            <dst id="KSCYng">11471.5786666667</dst>
            <dst id="LOSAng">9961.21333333333</dst>
            <dst id="NYCMng">57765.6213333333</dst>
            <dst id="SNVAng">13605.248</dst>
            <dst id="STTLng">26156.6586666667</dst>
            <dst id="WASHng">70169.1386666667</dst>
        </src>
        <src id="NYCMng">
            <dst id="ATLA-M5">5683.77333333333</dst>
            <dst id="ATLAng">55955.6933333333</dst>
            <dst id="CHINng">94091.04</dst>
            <dst id="DNVRng">54098.632</dst>
            <dst id="HSTNng">48031.4053333333</dst>
            <dst id="IPLSng">83476.5333333333</dst>
            <dst id="KSCYng">34763.632</dst>
            <dst id="LOSAng">82534.3973333333</dst>
            <dst id="NYCMng">179184.509333333</dst>
            <dst id="SNVAng">11853.1786666667</dst>
            <dst id="STTLng">35554.8693333333</dst>
            <dst id="WASHng">138133.557333333</dst>
        </src>
        <src id="SNVAng">
            <dst id="ATLA-M5">219.648</dst>
            <dst id="ATLAng">643.674666666666</dst>
            <dst id="CHINng">6237.872</dst>
            <dst id="DNVRng">12640.0986666667</dst>
            <dst id="HSTNng">1102.856</dst>
            <dst id="IPLSng">4246.90133333333</dst>
            <dst id="KSCYng">850.136</dst>
            <dst id="LOSAng">46174.2106666667</dst>
            <dst id="NYCMng">3434.88533333333</dst>
            <dst id="SNVAng">24581.84</dst>
            <dst id="STTLng">71113.8346666667</dst>
            <dst id="WASHng">2470.51733333333</dst>
        </src>
        <src id="STTLng">
            <dst id="ATLA-M5">371.610666666667</dst>
            <dst id="ATLAng">19179.288</dst>
            <dst id="CHINng">92761.0133333333</dst>
            <dst id="DNVRng">10104.336</dst>
            <dst id="HSTNng">6848.968</dst>
            <dst id="IPLSng">26514.1733333333</dst>
            <dst id="KSCYng">6320.49066666667</dst>
            <dst id="LOSAng">35934.2213333333</dst>
            <dst id="NYCMng">35888.072</dst>
            <dst id="SNVAng">13442.976</dst>
            <dst id="STTLng">16464.5466666667</dst>
            <dst id="WASHng">20455.4346666667</dst>
        </src>
        <src id="WASHng">
            <dst id="ATLA-M5">1562.69866666667</dst>
            <dst id="ATLAng">148305.722666667</dst>
            <dst id="CHINng">93692.1973333333</dst>
            <dst id="DNVRng">86633.712</dst>
            <dst id="HSTNng">34420.1813333333</dst>
            <dst id="IPLSng">115241.525333333</dst>
            <dst id="KSCYng">45304.256</dst>
            <dst id="LOSAng">100315.037333333</dst>
            <dst id="NYCMng">187749.669333333</dst>
            <dst id="SNVAng">9211.30666666667</dst>
            <dst id="STTLng">42942.5146666667</dst>
            <dst id="WASHng">304489.973333333</dst>
        </src>
    </IntraTM>
</TrafficMatrixFile>
