<?xml version="1.0" encoding="ISO-8859-1" standalone="yes"?>
<TrafficMatrixFile xsi:noNamespaceSchemaLocation="http://totem.run.montefiore.ulg.ac.be/Schema/TrafficMatrix-v1_2.xsd" xmlns:xsi="http://www.w3.org/2001/XMLSchema-instance">
    <IntraTM ASID="11537">
        <src id="ATLA-M5">
            <dst id="ATLA-M5">58.9306666666667</dst>
            <dst id="ATLAng">452.248</dst>
            <dst id="CHINng">1042.55466666667</dst>
            <dst id="DNVRng">864.258666666667</dst>
            <dst id="HSTNng">386.472</dst>
            <dst id="IPLSng">853.896</dst>
            <dst id="KSCYng">941.528</dst>
            <dst id="LOSAng">133.333333333333</dst>
            <dst id="NYCMng">1987.50933333333</dst>
            <dst id="SNVAng">379.434666666667</dst>
            <dst id="STTLng">66.0453333333333</dst>
            <dst id="WASHng">1164.85066666667</dst>
        </src>
        <src id="ATLAng">
            <dst id="ATLA-M5">851.64</dst>
            <dst id="ATLAng">73944.4346666667</dst>
            <dst id="CHINng">43664.4026666667</dst>
            <dst id="DNVRng">27085.6026666667</dst>
            <dst id="HSTNng">14200.1013333333</dst>
            <dst id="IPLSng">64174.6453333333</dst>
            <dst id="KSCYng">6470.81066666667</dst>
            <dst id="LOSAng">21245.2266666667</dst>
            <dst id="NYCMng">30017.4853333333</dst>
            <dst id="SNVAng">3031.896</dst>
            <dst id="STTLng">7864.53066666667</dst>
            <dst id="WASHng">76050.9146666667</dst>
        </src>
        <src id="CHINng">
            <dst id="ATLA-M5">4192.976</dst>
            <dst id="ATLAng">21751.8506666667</dst>
            <dst id="CHINng">68167.944</dst>
            <dst id="DNVRng">16078.808</dst>
            <dst id="HSTNng">16097.4853333333</dst>
            <dst id="IPLSng">52877.6186666667</dst>
            <dst id="KSCYng">7370.76</dst>
            <dst id="LOSAng">30865.7253333333</dst>
            <dst id="NYCMng">8752.70666666667</dst>
            <dst id="SNVAng">5331.66933333333</dst>
            <dst id="STTLng">15302.6693333333</dst>
            <dst id="WASHng">29417.8986666667</dst>
        </src>
        <src id="DNVRng">
            <dst id="ATLA-M5">1155.31466666667</dst>
            <dst id="ATLAng">12183.424</dst>
            <dst id="CHINng">61697.1066666667</dst>
            <dst id="DNVRng">17626.496</dst>
            <dst id="HSTNng">17939.8746666667</dst>
            <dst id="IPLSng">35793.2506666667</dst>
            <dst id="KSCYng">14423.2693333333</dst>
            <dst id="LOSAng">10097.464</dst>
            <dst id="NYCMng">26577.8213333333</dst>
            <dst id="SNVAng">14148.4506666667</dst>
            <dst id="STTLng">17822.9493333333</dst>
            <dst id="WASHng">64532.9653333333</dst>
        </src>
        <src id="HSTNng">
            <dst id="ATLA-M5">585.826666666667</dst>
            <dst id="ATLAng">6746.784</dst>
            <dst id="CHINng">28740.8933333333</dst>
            <dst id="DNVRng">7490.34933333333</dst>
            <dst id="HSTNng">13232.8186666667</dst>
            <dst id="IPLSng">11665.9413333333</dst>
            <dst id="KSCYng">10424.232</dst>
            <dst id="LOSAng">88512.4506666667</dst>
            <dst id="NYCMng">14151.4906666667</dst>
            <dst id="SNVAng">3469.61866666667</dst>
            <dst id="STTLng">2816.90666666667</dst>
            <dst id="WASHng">10292.7013333333</dst>
        </src>
        <src id="IPLSng">
            <dst id="ATLA-M5">1356.368</dst>
            <dst id="ATLAng">54645.112</dst>
            <dst id="CHINng">123490.488</dst>
            <dst id="DNVRng">43887.52</dst>
            <dst id="HSTNng">10023.2933333333</dst>
            <dst id="IPLSng">53057.7146666667</dst>
            <dst id="KSCYng">24883.8933333333</dst>
            <dst id="LOSAng">96896.888</dst>
            <dst id="NYCMng">59673.5706666667</dst>
            <dst id="SNVAng">8439.91733333333</dst>
            <dst id="STTLng">24191.9973333333</dst>
            <dst id="WASHng">64760.6453333333</dst>
        </src>
        <src id="KSCYng">
            <dst id="ATLA-M5">1357.37333333333</dst>
            <dst id="ATLAng">5275.184</dst>
            <dst id="CHINng">36682.12</dst>
            <dst id="DNVRng">14694.28</dst>
            <dst id="HSTNng">8805.968</dst>
            <dst id="IPLSng">28774.6853333333</dst>
            <dst id="KSCYng">11080.088</dst>
            <dst id="LOSAng">11454.416</dst>
            <dst id="NYCMng">12232.688</dst>
            <dst id="SNVAng">4449.95466666667</dst>
            <dst id="STTLng">3289.41333333333</dst>
            <dst id="WASHng">21243.7413333333</dst>
        </src>
        <src id="LOSAng">
            <dst id="ATLA-M5">1570.6</dst>
            <dst id="ATLAng">27061.176</dst>
            <dst id="CHINng">141889.514666667</dst>
            <dst id="DNVRng">16511.0293333333</dst>
            <dst id="HSTNng">12604.496</dst>
            <dst id="IPLSng">49921.1013333333</dst>
            <dst id="KSCYng">12803.7733333333</dst>
            <dst id="LOSAng">12932.3093333333</dst>
            <dst id="NYCMng">62652.232</dst>
            <dst id="SNVAng">12144.0666666667</dst>
            <dst id="STTLng">29045.328</dst>
            <dst id="WASHng">75815.9973333333</dst>
        </src>
        <src id="NYCMng">
            <dst id="ATLA-M5">2397.92533333333</dst>
            <dst id="ATLAng">66196.8853333333</dst>
            <dst id="CHINng">72197.536</dst>
            <dst id="DNVRng">63575.76</dst>
            <dst id="HSTNng">43426.3093333333</dst>
            <dst id="IPLSng">96123.416</dst>
            <dst id="KSCYng">39404.2933333333</dst>
            <dst id="LOSAng">80259.0826666667</dst>
            <dst id="NYCMng">153515.216</dst>
            <dst id="SNVAng">12010.4666666667</dst>
            <dst id="STTLng">58192.9493333333</dst>
            <dst id="WASHng">190363.642666667</dst>
        </src>
        <src id="SNVAng">
            <dst id="ATLA-M5">713.933333333334</dst>
            <dst id="ATLAng">1504.45333333333</dst>
            <dst id="CHINng">5557.816</dst>
            <dst id="DNVRng">10139.6826666667</dst>
            <dst id="HSTNng">1959.176</dst>
            <dst id="IPLSng">5936.82666666667</dst>
            <dst id="KSCYng">1081.18933333333</dst>
            <dst id="LOSAng">44904.5573333333</dst>
            <dst id="NYCMng">4472.99733333333</dst>
            <dst id="SNVAng">24813.4346666667</dst>
            <dst id="STTLng">64704.8453333333</dst>
            <dst id="WASHng">4063.8</dst>
        </src>
        <src id="STTLng">
            <dst id="ATLA-M5">487.296</dst>
            <dst id="ATLAng">17319.5813333333</dst>
            <dst id="CHINng">72740.6666666667</dst>
            <dst id="DNVRng">14192.6266666667</dst>
            <dst id="HSTNng">5182.576</dst>
            <dst id="IPLSng">34606.3866666667</dst>
            <dst id="KSCYng">5336.53866666667</dst>
            <dst id="LOSAng">31016.1306666667</dst>
            <dst id="NYCMng">24181.8106666667</dst>
            <dst id="SNVAng">14431.312</dst>
            <dst id="STTLng">9128.93066666667</dst>
            <dst id="WASHng">17665.4933333333</dst>
        </src>
        <src id="WASHng">
            <dst id="ATLA-M5">4156.20266666667</dst>
            <dst id="ATLAng">122311.296</dst>
            <dst id="CHINng">82033.0453333333</dst>
            <dst id="DNVRng">68585.568</dst>
            <dst id="HSTNng">31448.704</dst>
            <dst id="IPLSng">100854.754666667</dst>
            <dst id="KSCYng">36504.8933333333</dst>
            <dst id="LOSAng">89646.1706666667</dst>
            <dst id="NYCMng">191752.530666667</dst>
            <dst id="SNVAng">11686.3493333333</dst>
            <dst id="STTLng">40853.9626666667</dst>
            <dst id="WASHng">248501.672</dst>
        </src>
    </IntraTM>
</TrafficMatrixFile>
