<?xml version="1.0" encoding="ISO-8859-1" standalone="yes"?>
<TrafficMatrixFile xsi:noNamespaceSchemaLocation="http://totem.run.montefiore.ulg.ac.be/Schema/TrafficMatrix-v1_2.xsd" xmlns:xsi="http://www.w3.org/2001/XMLSchema-instance">
    <IntraTM ASID="11537">
        <src id="ATLA-M5">
            <dst id="ATLA-M5">0</dst>
            <dst id="ATLAng">158.928</dst>
            <dst id="CHINng">825.050666666667</dst>
            <dst id="DNVRng">114.114666666667</dst>
            <dst id="HSTNng">33.0506666666667</dst>
            <dst id="IPLSng">505.752</dst>
            <dst id="KSCYng">467.957333333333</dst>
            <dst id="LOSAng">624.333333333333</dst>
            <dst id="NYCMng">434.096</dst>
            <dst id="SNVAng">51.8133333333333</dst>
            <dst id="STTLng">217.976</dst>
            <dst id="WASHng">2750.15466666667</dst>
        </src>
        <src id="ATLAng">
            <dst id="ATLA-M5">136.496</dst>
            <dst id="ATLAng">29182.4933333333</dst>
            <dst id="CHINng">16275.192</dst>
            <dst id="DNVRng">4028.73333333333</dst>
            <dst id="HSTNng">1473.82133333333</dst>
            <dst id="IPLSng">17260.4453333333</dst>
            <dst id="KSCYng">6476.29066666667</dst>
            <dst id="LOSAng">16944.9653333333</dst>
            <dst id="NYCMng">12388.1066666667</dst>
            <dst id="SNVAng">878.666666666667</dst>
            <dst id="STTLng">5484.91466666667</dst>
            <dst id="WASHng">83429.912</dst>
        </src>
        <src id="CHINng">
            <dst id="ATLA-M5">132.890666666667</dst>
            <dst id="ATLAng">10637.096</dst>
            <dst id="CHINng">41863.1386666667</dst>
            <dst id="DNVRng">5556.088</dst>
            <dst id="HSTNng">4155.69066666667</dst>
            <dst id="IPLSng">14030.072</dst>
            <dst id="KSCYng">5323.62933333333</dst>
            <dst id="LOSAng">23363.9413333333</dst>
            <dst id="NYCMng">4055.50933333333</dst>
            <dst id="SNVAng">2746.224</dst>
            <dst id="STTLng">5951.72266666667</dst>
            <dst id="WASHng">8046.14933333333</dst>
        </src>
        <src id="DNVRng">
            <dst id="ATLA-M5">0</dst>
            <dst id="ATLAng">6788.69333333333</dst>
            <dst id="CHINng">68921.7013333333</dst>
            <dst id="DNVRng">4821.64266666667</dst>
            <dst id="HSTNng">12329.3946666667</dst>
            <dst id="IPLSng">25602.704</dst>
            <dst id="KSCYng">11786.112</dst>
            <dst id="LOSAng">7708.90933333333</dst>
            <dst id="NYCMng">16222.872</dst>
            <dst id="SNVAng">8547.43466666667</dst>
            <dst id="STTLng">6194.21066666667</dst>
            <dst id="WASHng">44346.4293333333</dst>
        </src>
        <src id="HSTNng">
            <dst id="ATLA-M5">2764.32266666667</dst>
            <dst id="ATLAng">4621.992</dst>
            <dst id="CHINng">44577.8026666667</dst>
            <dst id="DNVRng">7315.06933333333</dst>
            <dst id="HSTNng">6091.34133333333</dst>
            <dst id="IPLSng">5801.22666666667</dst>
            <dst id="KSCYng">1655.62933333333</dst>
            <dst id="LOSAng">6637.20533333333</dst>
            <dst id="NYCMng">6433.58933333333</dst>
            <dst id="SNVAng">1916.464</dst>
            <dst id="STTLng">3137.512</dst>
            <dst id="WASHng">12551.4053333333</dst>
        </src>
        <src id="IPLSng">
            <dst id="ATLA-M5">683.986666666667</dst>
            <dst id="ATLAng">9479.70666666667</dst>
            <dst id="CHINng">120537.52</dst>
            <dst id="DNVRng">22524.28</dst>
            <dst id="HSTNng">3822.152</dst>
            <dst id="IPLSng">19056.856</dst>
            <dst id="KSCYng">10415.5653333333</dst>
            <dst id="LOSAng">56644.6986666667</dst>
            <dst id="NYCMng">33225.4693333333</dst>
            <dst id="SNVAng">3980.296</dst>
            <dst id="STTLng">12248.272</dst>
            <dst id="WASHng">38503.5226666667</dst>
        </src>
        <src id="KSCYng">
            <dst id="ATLA-M5">3740.91466666667</dst>
            <dst id="ATLAng">4678.02666666667</dst>
            <dst id="CHINng">44689.32</dst>
            <dst id="DNVRng">7100.78666666667</dst>
            <dst id="HSTNng">3224.40533333333</dst>
            <dst id="IPLSng">6309.80533333333</dst>
            <dst id="KSCYng">8024.57066666667</dst>
            <dst id="LOSAng">4871.04</dst>
            <dst id="NYCMng">8754.34933333334</dst>
            <dst id="SNVAng">2076.50666666667</dst>
            <dst id="STTLng">5479.35733333333</dst>
            <dst id="WASHng">10586.1653333333</dst>
        </src>
        <src id="LOSAng">
            <dst id="ATLA-M5">2508.67733333333</dst>
            <dst id="ATLAng">31872.584</dst>
            <dst id="CHINng">137426.602666667</dst>
            <dst id="DNVRng">10633.2586666667</dst>
            <dst id="HSTNng">4098.13333333333</dst>
            <dst id="IPLSng">31056.0266666667</dst>
            <dst id="KSCYng">8286.776</dst>
            <dst id="LOSAng">14714.9573333333</dst>
            <dst id="NYCMng">55517.8346666667</dst>
            <dst id="SNVAng">13850.488</dst>
            <dst id="STTLng">25048.92</dst>
            <dst id="WASHng">58989.768</dst>
        </src>
        <src id="NYCMng">
            <dst id="ATLA-M5">267.024</dst>
            <dst id="ATLAng">31026.272</dst>
            <dst id="CHINng">53031.1066666667</dst>
            <dst id="DNVRng">29511.424</dst>
            <dst id="HSTNng">22146.0986666667</dst>
            <dst id="IPLSng">35296.3946666667</dst>
            <dst id="KSCYng">14177.744</dst>
            <dst id="LOSAng">65313.6106666667</dst>
            <dst id="NYCMng">148138.682666667</dst>
            <dst id="SNVAng">9120.608</dst>
            <dst id="STTLng">20010.072</dst>
            <dst id="WASHng">64006.872</dst>
        </src>
        <src id="SNVAng">
            <dst id="ATLA-M5">60.7813333333333</dst>
            <dst id="ATLAng">537.48</dst>
            <dst id="CHINng">5153.856</dst>
            <dst id="DNVRng">1776.192</dst>
            <dst id="HSTNng">227.269333333333</dst>
            <dst id="IPLSng">1737.39466666667</dst>
            <dst id="KSCYng">662.122666666667</dst>
            <dst id="LOSAng">31334.12</dst>
            <dst id="NYCMng">2660.51466666667</dst>
            <dst id="SNVAng">15816.0026666667</dst>
            <dst id="STTLng">64056.7146666667</dst>
            <dst id="WASHng">1012.01066666667</dst>
        </src>
        <src id="STTLng">
            <dst id="ATLA-M5">166.808</dst>
            <dst id="ATLAng">10574.3413333333</dst>
            <dst id="CHINng">71110.5013333333</dst>
            <dst id="DNVRng">5349.456</dst>
            <dst id="HSTNng">1444.76</dst>
            <dst id="IPLSng">6922.78666666667</dst>
            <dst id="KSCYng">3626.17066666667</dst>
            <dst id="LOSAng">19266.1973333333</dst>
            <dst id="NYCMng">19154.8053333333</dst>
            <dst id="SNVAng">3372.37066666667</dst>
            <dst id="STTLng">7889.136</dst>
            <dst id="WASHng">8874.68</dst>
        </src>
        <src id="WASHng">
            <dst id="ATLA-M5">173.045333333333</dst>
            <dst id="ATLAng">106904.248</dst>
            <dst id="CHINng">71736.048</dst>
            <dst id="DNVRng">62170.5866666667</dst>
            <dst id="HSTNng">27411.6746666667</dst>
            <dst id="IPLSng">44320.24</dst>
            <dst id="KSCYng">8162.76266666667</dst>
            <dst id="LOSAng">58699.144</dst>
            <dst id="NYCMng">158448.485333333</dst>
            <dst id="SNVAng">16669.984</dst>
            <dst id="STTLng">33762.7333333333</dst>
            <dst id="WASHng">302681.066666667</dst>
        </src>
    </IntraTM>
</TrafficMatrixFile>
