<?xml version="1.0" encoding="ISO-8859-1" standalone="yes"?>
<TrafficMatrixFile xsi:noNamespaceSchemaLocation="http://totem.run.montefiore.ulg.ac.be/Schema/TrafficMatrix-v1_2.xsd" xmlns:xsi="http://www.w3.org/2001/XMLSchema-instance">
    <IntraTM ASID="11537">
        <src id="ATLA-M5">
            <dst id="ATLA-M5">200.338666666667</dst>
            <dst id="ATLAng">237.997333333333</dst>
            <dst id="CHINng">665.869333333333</dst>
            <dst id="DNVRng">1028.568</dst>
            <dst id="HSTNng">271.978666666667</dst>
            <dst id="IPLSng">490.034666666667</dst>
            <dst id="KSCYng">231.618666666667</dst>
            <dst id="LOSAng">950.776</dst>
            <dst id="NYCMng">1060.96533333333</dst>
            <dst id="SNVAng">262.549333333333</dst>
            <dst id="STTLng">249.653333333333</dst>
            <dst id="WASHng">5242.848</dst>
        </src>
        <src id="ATLAng">
            <dst id="ATLA-M5">593.576</dst>
            <dst id="ATLAng">23518.7226666667</dst>
            <dst id="CHINng">17195.248</dst>
            <dst id="DNVRng">5882.45066666667</dst>
            <dst id="HSTNng">1698.26666666667</dst>
            <dst id="IPLSng">17526.608</dst>
            <dst id="KSCYng">3701.944</dst>
            <dst id="LOSAng">14560.712</dst>
            <dst id="NYCMng">10978.5573333333</dst>
            <dst id="SNVAng">806.314666666667</dst>
            <dst id="STTLng">6253.48</dst>
            <dst id="WASHng">99276.0133333333</dst>
        </src>
        <src id="CHINng">
            <dst id="ATLA-M5">555.514666666667</dst>
            <dst id="ATLAng">6732.94666666667</dst>
            <dst id="CHINng">39513.2453333333</dst>
            <dst id="DNVRng">17325.552</dst>
            <dst id="HSTNng">14451.1466666667</dst>
            <dst id="IPLSng">16203.5146666667</dst>
            <dst id="KSCYng">8522.60266666667</dst>
            <dst id="LOSAng">29302.68</dst>
            <dst id="NYCMng">9931.76</dst>
            <dst id="SNVAng">2379.69066666667</dst>
            <dst id="STTLng">6748.50933333333</dst>
            <dst id="WASHng">9032.152</dst>
        </src>
        <src id="DNVRng">
            <dst id="ATLA-M5">144.202666666667</dst>
            <dst id="ATLAng">7092.45066666667</dst>
            <dst id="CHINng">63874.3733333333</dst>
            <dst id="DNVRng">27791.864</dst>
            <dst id="HSTNng">10436.8586666667</dst>
            <dst id="IPLSng">38653.1893333333</dst>
            <dst id="KSCYng">18829.7973333333</dst>
            <dst id="LOSAng">10397.5573333333</dst>
            <dst id="NYCMng">16680.1813333333</dst>
            <dst id="SNVAng">11535.2053333333</dst>
            <dst id="STTLng">9901.24266666667</dst>
            <dst id="WASHng">57959.952</dst>
        </src>
        <src id="HSTNng">
            <dst id="ATLA-M5">4129.368</dst>
            <dst id="ATLAng">2187.72</dst>
            <dst id="CHINng">57350.5013333333</dst>
            <dst id="DNVRng">3742.456</dst>
            <dst id="HSTNng">6474.53333333333</dst>
            <dst id="IPLSng">6803.04533333333</dst>
            <dst id="KSCYng">2175.848</dst>
            <dst id="LOSAng">8530.648</dst>
            <dst id="NYCMng">11602.888</dst>
            <dst id="SNVAng">1140.93333333333</dst>
            <dst id="STTLng">2125.44266666667</dst>
            <dst id="WASHng">6582.57066666667</dst>
        </src>
        <src id="IPLSng">
            <dst id="ATLA-M5">470.589333333333</dst>
            <dst id="ATLAng">16241.2693333333</dst>
            <dst id="CHINng">144897.642666667</dst>
            <dst id="DNVRng">22404.456</dst>
            <dst id="HSTNng">2621.304</dst>
            <dst id="IPLSng">23443.1146666667</dst>
            <dst id="KSCYng">19318.144</dst>
            <dst id="LOSAng">20442.8373333333</dst>
            <dst id="NYCMng">26220.5653333333</dst>
            <dst id="SNVAng">4732.82933333333</dst>
            <dst id="STTLng">17287.1306666667</dst>
            <dst id="WASHng">31289.1066666667</dst>
        </src>
        <src id="KSCYng">
            <dst id="ATLA-M5">450.890666666667</dst>
            <dst id="ATLAng">3332.47466666667</dst>
            <dst id="CHINng">32367.52</dst>
            <dst id="DNVRng">11342.496</dst>
            <dst id="HSTNng">3372.472</dst>
            <dst id="IPLSng">7633.96266666667</dst>
            <dst id="KSCYng">7796.392</dst>
            <dst id="LOSAng">8501.74666666667</dst>
            <dst id="NYCMng">9424.616</dst>
            <dst id="SNVAng">3438.352</dst>
            <dst id="STTLng">5183.304</dst>
            <dst id="WASHng">9558.536</dst>
        </src>
        <src id="LOSAng">
            <dst id="ATLA-M5">405.733333333333</dst>
            <dst id="ATLAng">19135.3946666667</dst>
            <dst id="CHINng">167987.357333333</dst>
            <dst id="DNVRng">15446.2506666667</dst>
            <dst id="HSTNng">16516.84</dst>
            <dst id="IPLSng">40192.8373333333</dst>
            <dst id="KSCYng">10419.096</dst>
            <dst id="LOSAng">22704.7573333333</dst>
            <dst id="NYCMng">53669.5946666667</dst>
            <dst id="SNVAng">12474.752</dst>
            <dst id="STTLng">37089.5386666667</dst>
            <dst id="WASHng">64046.808</dst>
        </src>
        <src id="NYCMng">
            <dst id="ATLA-M5">1413.58133333333</dst>
            <dst id="ATLAng">31594.48</dst>
            <dst id="CHINng">64811.7946666667</dst>
            <dst id="DNVRng">31591.24</dst>
            <dst id="HSTNng">31849.92</dst>
            <dst id="IPLSng">43850.8933333333</dst>
            <dst id="KSCYng">14459.0586666667</dst>
            <dst id="LOSAng">79460.024</dst>
            <dst id="NYCMng">137845.645333333</dst>
            <dst id="SNVAng">10101.6026666667</dst>
            <dst id="STTLng">24753.9546666667</dst>
            <dst id="WASHng">70793.2133333333</dst>
        </src>
        <src id="SNVAng">
            <dst id="ATLA-M5">468.272</dst>
            <dst id="ATLAng">443.978666666667</dst>
            <dst id="CHINng">5045.93066666667</dst>
            <dst id="DNVRng">13281.1386666667</dst>
            <dst id="HSTNng">513.578666666667</dst>
            <dst id="IPLSng">1605.37333333333</dst>
            <dst id="KSCYng">592.016</dst>
            <dst id="LOSAng">35728.4346666667</dst>
            <dst id="NYCMng">2638.224</dst>
            <dst id="SNVAng">11779.2186666667</dst>
            <dst id="STTLng">58086.48</dst>
            <dst id="WASHng">2117.43466666667</dst>
        </src>
        <src id="STTLng">
            <dst id="ATLA-M5">122.874666666667</dst>
            <dst id="ATLAng">9974.28533333333</dst>
            <dst id="CHINng">74038.2693333333</dst>
            <dst id="DNVRng">3981.66133333333</dst>
            <dst id="HSTNng">2351.91466666667</dst>
            <dst id="IPLSng">4945.328</dst>
            <dst id="KSCYng">3708.55733333333</dst>
            <dst id="LOSAng">30267.936</dst>
            <dst id="NYCMng">21657.5413333333</dst>
            <dst id="SNVAng">2672.664</dst>
            <dst id="STTLng">13808.7733333333</dst>
            <dst id="WASHng">7270.10666666667</dst>
        </src>
        <src id="WASHng">
            <dst id="ATLA-M5">714.658666666667</dst>
            <dst id="ATLAng">144996.898666667</dst>
            <dst id="CHINng">83973.2106666667</dst>
            <dst id="DNVRng">56521.68</dst>
            <dst id="HSTNng">23855.0693333333</dst>
            <dst id="IPLSng">57882.008</dst>
            <dst id="KSCYng">15529.504</dst>
            <dst id="LOSAng">57995.368</dst>
            <dst id="NYCMng">167686.269333333</dst>
            <dst id="SNVAng">9736.67733333333</dst>
            <dst id="STTLng">33419.76</dst>
            <dst id="WASHng">380572.586666667</dst>
        </src>
    </IntraTM>
</TrafficMatrixFile>
