<?xml version="1.0" encoding="ISO-8859-1" standalone="yes"?>
<TrafficMatrixFile xsi:noNamespaceSchemaLocation="http://totem.run.montefiore.ulg.ac.be/Schema/TrafficMatrix-v1_2.xsd" xmlns:xsi="http://www.w3.org/2001/XMLSchema-instance">
    <IntraTM ASID="11537">
        <src id="ATLA-M5">
            <dst id="ATLA-M5">376.258666666667</dst>
            <dst id="ATLAng">635.792</dst>
            <dst id="CHINng">746.376</dst>
            <dst id="DNVRng">124.749333333333</dst>
            <dst id="HSTNng">235.858666666667</dst>
            <dst id="IPLSng">737.690666666667</dst>
            <dst id="KSCYng">908.928</dst>
            <dst id="LOSAng">163.517333333333</dst>
            <dst id="NYCMng">3697.92266666667</dst>
            <dst id="SNVAng">26.6666666666667</dst>
            <dst id="STTLng">362.309333333333</dst>
            <dst id="WASHng">5177.76533333333</dst>
        </src>
        <src id="ATLAng">
            <dst id="ATLA-M5">711.536</dst>
            <dst id="ATLAng">33404.7893333333</dst>
            <dst id="CHINng">20071.8826666667</dst>
            <dst id="DNVRng">15807.88</dst>
            <dst id="HSTNng">8842.42666666667</dst>
            <dst id="IPLSng">28165.448</dst>
            <dst id="KSCYng">18660.352</dst>
            <dst id="LOSAng">16621.0786666667</dst>
            <dst id="NYCMng">21789.12</dst>
            <dst id="SNVAng">2452.516</dst>
            <dst id="STTLng">8817.504</dst>
            <dst id="WASHng">93210.152</dst>
        </src>
        <src id="CHINng">
            <dst id="ATLA-M5">650.970666666667</dst>
            <dst id="ATLAng">20783.4586666667</dst>
            <dst id="CHINng">78229.6053333333</dst>
            <dst id="DNVRng">13678.9226666667</dst>
            <dst id="HSTNng">11941.144</dst>
            <dst id="IPLSng">48236.9333333333</dst>
            <dst id="KSCYng">7744.52533333333</dst>
            <dst id="LOSAng">13660.816</dst>
            <dst id="NYCMng">16637.5733333333</dst>
            <dst id="SNVAng">1621.21333333333</dst>
            <dst id="STTLng">6976.184</dst>
            <dst id="WASHng">26443.8773333333</dst>
        </src>
        <src id="DNVRng">
            <dst id="ATLA-M5">256.405333333333</dst>
            <dst id="ATLAng">7727.80266666667</dst>
            <dst id="CHINng">60540.704</dst>
            <dst id="DNVRng">7187.79733333333</dst>
            <dst id="HSTNng">8028.86933333333</dst>
            <dst id="IPLSng">29127.1013333333</dst>
            <dst id="KSCYng">17450.32</dst>
            <dst id="LOSAng">7909.89866666667</dst>
            <dst id="NYCMng">18588.048</dst>
            <dst id="SNVAng">14519.2746666667</dst>
            <dst id="STTLng">12262.752</dst>
            <dst id="WASHng">27508.4666666667</dst>
        </src>
        <src id="HSTNng">
            <dst id="ATLA-M5">1962.736</dst>
            <dst id="ATLAng">5275.512</dst>
            <dst id="CHINng">29451.1706666667</dst>
            <dst id="DNVRng">2981.01333333333</dst>
            <dst id="HSTNng">13426.5653333333</dst>
            <dst id="IPLSng">11467.7946666667</dst>
            <dst id="KSCYng">4744.97333333333</dst>
            <dst id="LOSAng">108429.096</dst>
            <dst id="NYCMng">12629.3093333333</dst>
            <dst id="SNVAng">1081.17333333333</dst>
            <dst id="STTLng">1280.216</dst>
            <dst id="WASHng">15397.456</dst>
        </src>
        <src id="IPLSng">
            <dst id="ATLA-M5">1947.704</dst>
            <dst id="ATLAng">21419.7493333333</dst>
            <dst id="CHINng">151638.066666667</dst>
            <dst id="DNVRng">17086.3466666667</dst>
            <dst id="HSTNng">11950.896</dst>
            <dst id="IPLSng">24200.5626666667</dst>
            <dst id="KSCYng">24016.4133333333</dst>
            <dst id="LOSAng">16852.6213333333</dst>
            <dst id="NYCMng">42129.4613333333</dst>
            <dst id="SNVAng">4190.10133333333</dst>
            <dst id="STTLng">10642.9253333333</dst>
            <dst id="WASHng">47798.0346666667</dst>
        </src>
        <src id="KSCYng">
            <dst id="ATLA-M5">759</dst>
            <dst id="ATLAng">17132.5226666667</dst>
            <dst id="CHINng">42592.3786666667</dst>
            <dst id="DNVRng">6277.32533333333</dst>
            <dst id="HSTNng">9881.32</dst>
            <dst id="IPLSng">17288.2693333333</dst>
            <dst id="KSCYng">7048.65866666667</dst>
            <dst id="LOSAng">4214.416</dst>
            <dst id="NYCMng">10453.0186666667</dst>
            <dst id="SNVAng">776.648</dst>
            <dst id="STTLng">2835.76</dst>
            <dst id="WASHng">12366.672</dst>
        </src>
        <src id="LOSAng">
            <dst id="ATLA-M5">894.661333333333</dst>
            <dst id="ATLAng">26743.392</dst>
            <dst id="CHINng">159602.834666667</dst>
            <dst id="DNVRng">5200.09866666667</dst>
            <dst id="HSTNng">71427.1813333333</dst>
            <dst id="IPLSng">36662.7733333333</dst>
            <dst id="KSCYng">13404.6853333333</dst>
            <dst id="LOSAng">12536.6293333333</dst>
            <dst id="NYCMng">52849.2266666667</dst>
            <dst id="SNVAng">4489.94133333333</dst>
            <dst id="STTLng">22205.5866666667</dst>
            <dst id="WASHng">85716.4453333334</dst>
        </src>
        <src id="NYCMng">
            <dst id="ATLA-M5">4376.02933333333</dst>
            <dst id="ATLAng">62018.024</dst>
            <dst id="CHINng">109345.173333333</dst>
            <dst id="DNVRng">19362.08</dst>
            <dst id="HSTNng">41318.0693333333</dst>
            <dst id="IPLSng">78329.976</dst>
            <dst id="KSCYng">29080.5093333333</dst>
            <dst id="LOSAng">60068.8933333333</dst>
            <dst id="NYCMng">170434.842666667</dst>
            <dst id="SNVAng">7563.32266666667</dst>
            <dst id="STTLng">21802.8346666667</dst>
            <dst id="WASHng">106046.688</dst>
        </src>
        <src id="SNVAng">
            <dst id="ATLA-M5">281.976</dst>
            <dst id="ATLAng">809.530666666667</dst>
            <dst id="CHINng">8073.008</dst>
            <dst id="DNVRng">7134.11733333333</dst>
            <dst id="HSTNng">913.357333333333</dst>
            <dst id="IPLSng">3552.59466666667</dst>
            <dst id="KSCYng">2964.56</dst>
            <dst id="LOSAng">7102.91466666667</dst>
            <dst id="NYCMng">4195.68533333333</dst>
            <dst id="SNVAng">990.330666666667</dst>
            <dst id="STTLng">2993.75733333333</dst>
            <dst id="WASHng">5583.808</dst>
        </src>
        <src id="STTLng">
            <dst id="ATLA-M5">492.450666666667</dst>
            <dst id="ATLAng">24261.4906666667</dst>
            <dst id="CHINng">80976.7786666667</dst>
            <dst id="DNVRng">5838.45866666667</dst>
            <dst id="HSTNng">3945.46133333333</dst>
            <dst id="IPLSng">21241.512</dst>
            <dst id="KSCYng">4742.43466666667</dst>
            <dst id="LOSAng">20784.1626666667</dst>
            <dst id="NYCMng">21658.4213333333</dst>
            <dst id="SNVAng">7568.696</dst>
            <dst id="STTLng">6075.52533333333</dst>
            <dst id="WASHng">17258.072</dst>
        </src>
        <src id="WASHng">
            <dst id="ATLA-M5">824.325333333333</dst>
            <dst id="ATLAng">90487.1306666667</dst>
            <dst id="CHINng">105923.304</dst>
            <dst id="DNVRng">37622.8933333333</dst>
            <dst id="HSTNng">42138.7813333333</dst>
            <dst id="IPLSng">86076.5226666667</dst>
            <dst id="KSCYng">23259.9146666667</dst>
            <dst id="LOSAng">54801.8453333333</dst>
            <dst id="NYCMng">175485.928</dst>
            <dst id="SNVAng">7283.736</dst>
            <dst id="STTLng">34752.152</dst>
            <dst id="WASHng">374249.013333333</dst>
        </src>
    </IntraTM>
</TrafficMatrixFile>
