<?xml version="1.0" encoding="ISO-8859-1" standalone="yes"?>
<TrafficMatrixFile xsi:noNamespaceSchemaLocation="http://totem.run.montefiore.ulg.ac.be/Schema/TrafficMatrix-v1_2.xsd" xmlns:xsi="http://www.w3.org/2001/XMLSchema-instance">
    <IntraTM ASID="11537">
        <src id="ATLA-M5">
            <dst id="ATLA-M5">29.4426666666667</dst>
            <dst id="ATLAng">261.285333333333</dst>
            <dst id="CHINng">948.813333333333</dst>
            <dst id="DNVRng">136.053333333333</dst>
            <dst id="HSTNng">536.101333333333</dst>
            <dst id="IPLSng">1755.70666666667</dst>
            <dst id="KSCYng">184.242666666667</dst>
            <dst id="LOSAng">1044.224</dst>
            <dst id="NYCMng">511.2</dst>
            <dst id="SNVAng">92.9226666666666</dst>
            <dst id="STTLng">200.930666666667</dst>
            <dst id="WASHng">1696.94666666667</dst>
        </src>
        <src id="ATLAng">
            <dst id="ATLA-M5">1303.20266666667</dst>
            <dst id="ATLAng">38466.9546666667</dst>
            <dst id="CHINng">27435.44</dst>
            <dst id="DNVRng">6285.66133333333</dst>
            <dst id="HSTNng">4621.304</dst>
            <dst id="IPLSng">25880.088</dst>
            <dst id="KSCYng">5412.96266666667</dst>
            <dst id="LOSAng">20338.6453333333</dst>
            <dst id="NYCMng">27041.4986666667</dst>
            <dst id="SNVAng">1037.06666666667</dst>
            <dst id="STTLng">8709.89066666667</dst>
            <dst id="WASHng">54710.96</dst>
        </src>
        <src id="CHINng">
            <dst id="ATLA-M5">521.021333333333</dst>
            <dst id="ATLAng">14440.3786666667</dst>
            <dst id="CHINng">29387.8346666667</dst>
            <dst id="DNVRng">14721.4026666667</dst>
            <dst id="HSTNng">12360.5066666667</dst>
            <dst id="IPLSng">27763.92</dst>
            <dst id="KSCYng">16378.464</dst>
            <dst id="LOSAng">31199.168</dst>
            <dst id="NYCMng">4991.88266666667</dst>
            <dst id="SNVAng">2385.248</dst>
            <dst id="STTLng">12706.3066666667</dst>
            <dst id="WASHng">13020.1946666667</dst>
        </src>
        <src id="DNVRng">
            <dst id="ATLA-M5">197.186666666667</dst>
            <dst id="ATLAng">4793.44266666667</dst>
            <dst id="CHINng">33886.024</dst>
            <dst id="DNVRng">19624.2586666667</dst>
            <dst id="HSTNng">4552.61066666667</dst>
            <dst id="IPLSng">11833.6586666667</dst>
            <dst id="KSCYng">13841.4826666667</dst>
            <dst id="LOSAng">14948.2453333333</dst>
            <dst id="NYCMng">15623.1226666667</dst>
            <dst id="SNVAng">17027.9173333333</dst>
            <dst id="STTLng">18434.9386666667</dst>
            <dst id="WASHng">14148.7813333333</dst>
        </src>
        <src id="HSTNng">
            <dst id="ATLA-M5">325.597333333333</dst>
            <dst id="ATLAng">4825.20533333333</dst>
            <dst id="CHINng">16402.0826666667</dst>
            <dst id="DNVRng">3689.65066666667</dst>
            <dst id="HSTNng">5493.75466666667</dst>
            <dst id="IPLSng">12408.4826666667</dst>
            <dst id="KSCYng">5733.31466666667</dst>
            <dst id="LOSAng">7702.66933333334</dst>
            <dst id="NYCMng">10747.3093333333</dst>
            <dst id="SNVAng">3547.49066666667</dst>
            <dst id="STTLng">2605.81866666667</dst>
            <dst id="WASHng">32777.6586666667</dst>
        </src>
        <src id="IPLSng">
            <dst id="ATLA-M5">416.346666666667</dst>
            <dst id="ATLAng">23135.0106666667</dst>
            <dst id="CHINng">74482.1386666667</dst>
            <dst id="DNVRng">11674.0053333333</dst>
            <dst id="HSTNng">6058.76</dst>
            <dst id="IPLSng">35629.3626666667</dst>
            <dst id="KSCYng">10176.2106666667</dst>
            <dst id="LOSAng">43551.6853333333</dst>
            <dst id="NYCMng">45294.2373333333</dst>
            <dst id="SNVAng">3906.928</dst>
            <dst id="STTLng">13796.096</dst>
            <dst id="WASHng">58562.04</dst>
        </src>
        <src id="KSCYng">
            <dst id="ATLA-M5">281.269333333333</dst>
            <dst id="ATLAng">5067.97333333333</dst>
            <dst id="CHINng">26295.1866666667</dst>
            <dst id="DNVRng">10343.8133333333</dst>
            <dst id="HSTNng">7790.65333333333</dst>
            <dst id="IPLSng">14598.2933333333</dst>
            <dst id="KSCYng">7435.75733333333</dst>
            <dst id="LOSAng">7778.63466666667</dst>
            <dst id="NYCMng">13511.0586666667</dst>
            <dst id="SNVAng">2689.752</dst>
            <dst id="STTLng">3364.99466666667</dst>
            <dst id="WASHng">14452.5093333333</dst>
        </src>
        <src id="LOSAng">
            <dst id="ATLA-M5">233.293333333333</dst>
            <dst id="ATLAng">17006.2453333333</dst>
            <dst id="CHINng">65711.8133333333</dst>
            <dst id="DNVRng">10423.888</dst>
            <dst id="HSTNng">23578.232</dst>
            <dst id="IPLSng">38074.2346666667</dst>
            <dst id="KSCYng">8433.66666666667</dst>
            <dst id="LOSAng">20034.7573333333</dst>
            <dst id="NYCMng">54853.1066666667</dst>
            <dst id="SNVAng">4109.89333333333</dst>
            <dst id="STTLng">26696.0053333333</dst>
            <dst id="WASHng">62032.8506666667</dst>
        </src>
        <src id="NYCMng">
            <dst id="ATLA-M5">597.677333333333</dst>
            <dst id="ATLAng">44281.4853333333</dst>
            <dst id="CHINng">63676.3226666667</dst>
            <dst id="DNVRng">28106.2213333333</dst>
            <dst id="HSTNng">41789.7626666667</dst>
            <dst id="IPLSng">92874.1653333333</dst>
            <dst id="KSCYng">26783.016</dst>
            <dst id="LOSAng">75108.3573333333</dst>
            <dst id="NYCMng">142892.938666667</dst>
            <dst id="SNVAng">11117.2986666667</dst>
            <dst id="STTLng">34372.7146666667</dst>
            <dst id="WASHng">115922.232</dst>
        </src>
        <src id="SNVAng">
            <dst id="ATLA-M5">26.6666666666667</dst>
            <dst id="ATLAng">3600.56533333333</dst>
            <dst id="CHINng">3703.06933333333</dst>
            <dst id="DNVRng">15935.2746666667</dst>
            <dst id="HSTNng">2017.944</dst>
            <dst id="IPLSng">2113.52266666667</dst>
            <dst id="KSCYng">864.965333333333</dst>
            <dst id="LOSAng">2795.43733333333</dst>
            <dst id="NYCMng">3199.18133333333</dst>
            <dst id="SNVAng">935.890666666667</dst>
            <dst id="STTLng">2020.696</dst>
            <dst id="WASHng">2597.528</dst>
        </src>
        <src id="STTLng">
            <dst id="ATLA-M5">314.914666666667</dst>
            <dst id="ATLAng">11167.7066666667</dst>
            <dst id="CHINng">38906.64</dst>
            <dst id="DNVRng">5381.05866666667</dst>
            <dst id="HSTNng">4633.896</dst>
            <dst id="IPLSng">12005.584</dst>
            <dst id="KSCYng">5804.592</dst>
            <dst id="LOSAng">25765.4773333333</dst>
            <dst id="NYCMng">19686.7653333333</dst>
            <dst id="SNVAng">3315.98933333333</dst>
            <dst id="STTLng">5452.38133333333</dst>
            <dst id="WASHng">13429.552</dst>
        </src>
        <src id="WASHng">
            <dst id="ATLA-M5">1210.816</dst>
            <dst id="ATLAng">111370.962666667</dst>
            <dst id="CHINng">104096.984</dst>
            <dst id="DNVRng">36399.1973333333</dst>
            <dst id="HSTNng">20314.3626666667</dst>
            <dst id="IPLSng">68397.3893333333</dst>
            <dst id="KSCYng">24781.344</dst>
            <dst id="LOSAng">73873.7573333333</dst>
            <dst id="NYCMng">203462.744</dst>
            <dst id="SNVAng">9725.848</dst>
            <dst id="STTLng">26585.9893333333</dst>
            <dst id="WASHng">167526.890666667</dst>
        </src>
    </IntraTM>
</TrafficMatrixFile>
