<?xml version="1.0" encoding="ISO-8859-1" standalone="yes"?>
<TrafficMatrixFile xsi:noNamespaceSchemaLocation="http://totem.run.montefiore.ulg.ac.be/Schema/TrafficMatrix-v1_2.xsd" xmlns:xsi="http://www.w3.org/2001/XMLSchema-instance">
    <IntraTM ASID="11537">
        <src id="ATLA-M5">
            <dst id="ATLA-M5">528.144</dst>
            <dst id="ATLAng">561.602666666667</dst>
            <dst id="CHINng">3600.29066666667</dst>
            <dst id="DNVRng">291.864</dst>
            <dst id="HSTNng">352.962666666667</dst>
            <dst id="IPLSng">3434.26133333333</dst>
            <dst id="KSCYng">371.776</dst>
            <dst id="LOSAng">1524.55733333333</dst>
            <dst id="NYCMng">2288.52</dst>
            <dst id="SNVAng">126.037333333333</dst>
            <dst id="STTLng">781.314666666667</dst>
            <dst id="WASHng">1481.39733333333</dst>
        </src>
        <src id="ATLAng">
            <dst id="ATLA-M5">1478.888</dst>
            <dst id="ATLAng">43914.9733333333</dst>
            <dst id="CHINng">31265.3466666667</dst>
            <dst id="DNVRng">6429.792</dst>
            <dst id="HSTNng">8389.784</dst>
            <dst id="IPLSng">31062.8933333333</dst>
            <dst id="KSCYng">6182.50133333333</dst>
            <dst id="LOSAng">21029.3946666667</dst>
            <dst id="NYCMng">20192.9973333333</dst>
            <dst id="SNVAng">841.141333333333</dst>
            <dst id="STTLng">10621.384</dst>
            <dst id="WASHng">57310.4106666667</dst>
        </src>
        <src id="CHINng">
            <dst id="ATLA-M5">4493.264</dst>
            <dst id="ATLAng">14458.3706666667</dst>
            <dst id="CHINng">29818.752</dst>
            <dst id="DNVRng">13707.6533333333</dst>
            <dst id="HSTNng">8684.21866666667</dst>
            <dst id="IPLSng">33768.56</dst>
            <dst id="KSCYng">17354.144</dst>
            <dst id="LOSAng">21587.3386666667</dst>
            <dst id="NYCMng">6352.77066666667</dst>
            <dst id="SNVAng">3878.86666666667</dst>
            <dst id="STTLng">6904.92533333333</dst>
            <dst id="WASHng">19445.8906666667</dst>
        </src>
        <src id="DNVRng">
            <dst id="ATLA-M5">138.848</dst>
            <dst id="ATLAng">3317.52266666667</dst>
            <dst id="CHINng">39594.9866666667</dst>
            <dst id="DNVRng">14607.432</dst>
            <dst id="HSTNng">6982.52</dst>
            <dst id="IPLSng">9887.95733333333</dst>
            <dst id="KSCYng">16814.984</dst>
            <dst id="LOSAng">19956.9173333333</dst>
            <dst id="NYCMng">12556.5386666667</dst>
            <dst id="SNVAng">19984.8693333333</dst>
            <dst id="STTLng">20757.776</dst>
            <dst id="WASHng">15179.264</dst>
        </src>
        <src id="HSTNng">
            <dst id="ATLA-M5">397.837333333333</dst>
            <dst id="ATLAng">5804.31466666666</dst>
            <dst id="CHINng">24955.1226666667</dst>
            <dst id="DNVRng">3324.49866666667</dst>
            <dst id="HSTNng">6003.17333333333</dst>
            <dst id="IPLSng">11784.2293333333</dst>
            <dst id="KSCYng">5220.192</dst>
            <dst id="LOSAng">166537.533333333</dst>
            <dst id="NYCMng">13149.5946666667</dst>
            <dst id="SNVAng">1750.856</dst>
            <dst id="STTLng">2661.73066666667</dst>
            <dst id="WASHng">8871.856</dst>
        </src>
        <src id="IPLSng">
            <dst id="ATLA-M5">7916.53333333333</dst>
            <dst id="ATLAng">18057.8933333333</dst>
            <dst id="CHINng">87630.544</dst>
            <dst id="DNVRng">9125.384</dst>
            <dst id="HSTNng">5422.248</dst>
            <dst id="IPLSng">38194.7813333333</dst>
            <dst id="KSCYng">11682.9946666667</dst>
            <dst id="LOSAng">94245.944</dst>
            <dst id="NYCMng">31353.1786666667</dst>
            <dst id="SNVAng">3526.58133333333</dst>
            <dst id="STTLng">18523.3866666667</dst>
            <dst id="WASHng">45771.416</dst>
        </src>
        <src id="KSCYng">
            <dst id="ATLA-M5">405.898666666667</dst>
            <dst id="ATLAng">4187.13066666667</dst>
            <dst id="CHINng">31418.5893333333</dst>
            <dst id="DNVRng">6554.24533333333</dst>
            <dst id="HSTNng">3225.24533333333</dst>
            <dst id="IPLSng">16774.8053333333</dst>
            <dst id="KSCYng">7512.13866666667</dst>
            <dst id="LOSAng">10202.2933333333</dst>
            <dst id="NYCMng">11367.5653333333</dst>
            <dst id="SNVAng">1560.46133333333</dst>
            <dst id="STTLng">5269.95466666667</dst>
            <dst id="WASHng">18098.0666666667</dst>
        </src>
        <src id="LOSAng">
            <dst id="ATLA-M5">1526.07733333333</dst>
            <dst id="ATLAng">36726.776</dst>
            <dst id="CHINng">70745.992</dst>
            <dst id="DNVRng">17019.6746666667</dst>
            <dst id="HSTNng">11715.408</dst>
            <dst id="IPLSng">45471.8986666667</dst>
            <dst id="KSCYng">10166.432</dst>
            <dst id="LOSAng">17029.7466666667</dst>
            <dst id="NYCMng">55447.8026666667</dst>
            <dst id="SNVAng">3857.20533333333</dst>
            <dst id="STTLng">34248.9306666667</dst>
            <dst id="WASHng">55863.7893333333</dst>
        </src>
        <src id="NYCMng">
            <dst id="ATLA-M5">3223.936</dst>
            <dst id="ATLAng">44749.744</dst>
            <dst id="CHINng">78182.192</dst>
            <dst id="DNVRng">20526.8693333333</dst>
            <dst id="HSTNng">32347.6746666667</dst>
            <dst id="IPLSng">79563.8826666667</dst>
            <dst id="KSCYng">31371.9066666667</dst>
            <dst id="LOSAng">66743.2506666667</dst>
            <dst id="NYCMng">142234.592</dst>
            <dst id="SNVAng">10077.2026666667</dst>
            <dst id="STTLng">29495.9066666667</dst>
            <dst id="WASHng">106854.224</dst>
        </src>
        <src id="SNVAng">
            <dst id="ATLA-M5">549.464</dst>
            <dst id="ATLAng">1409.72266666667</dst>
            <dst id="CHINng">3916.48533333333</dst>
            <dst id="DNVRng">9688.744</dst>
            <dst id="HSTNng">1921.42133333333</dst>
            <dst id="IPLSng">2167.34666666667</dst>
            <dst id="KSCYng">749.213333333333</dst>
            <dst id="LOSAng">3124.45866666667</dst>
            <dst id="NYCMng">2959.84533333333</dst>
            <dst id="SNVAng">346.114666666667</dst>
            <dst id="STTLng">3120.63733333333</dst>
            <dst id="WASHng">1926.904</dst>
        </src>
        <src id="STTLng">
            <dst id="ATLA-M5">511.485333333333</dst>
            <dst id="ATLAng">15400.6906666667</dst>
            <dst id="CHINng">34793.5066666667</dst>
            <dst id="DNVRng">4396.73866666667</dst>
            <dst id="HSTNng">4144.73333333333</dst>
            <dst id="IPLSng">9885.33866666667</dst>
            <dst id="KSCYng">4679.856</dst>
            <dst id="LOSAng">22779.4293333333</dst>
            <dst id="NYCMng">22184.904</dst>
            <dst id="SNVAng">5856.43733333333</dst>
            <dst id="STTLng">5971.03466666667</dst>
            <dst id="WASHng">12737.664</dst>
        </src>
        <src id="WASHng">
            <dst id="ATLA-M5">1064.67733333333</dst>
            <dst id="ATLAng">105378.573333333</dst>
            <dst id="CHINng">87401.32</dst>
            <dst id="DNVRng">51710.7146666667</dst>
            <dst id="HSTNng">14826.1493333333</dst>
            <dst id="IPLSng">60418.8746666667</dst>
            <dst id="KSCYng">23222.664</dst>
            <dst id="LOSAng">62853.0133333333</dst>
            <dst id="NYCMng">167480.477333333</dst>
            <dst id="SNVAng">5678.936</dst>
            <dst id="STTLng">30840.3946666667</dst>
            <dst id="WASHng">191399.074666667</dst>
        </src>
    </IntraTM>
</TrafficMatrixFile>
