<?xml version="1.0" encoding="ISO-8859-1" standalone="yes"?>
<TrafficMatrixFile xsi:noNamespaceSchemaLocation="http://totem.run.montefiore.ulg.ac.be/Schema/TrafficMatrix-v1_2.xsd" xmlns:xsi="http://www.w3.org/2001/XMLSchema-instance">
    <IntraTM ASID="11537">
        <src id="ATLA-M5">
            <dst id="ATLA-M5">0</dst>
            <dst id="ATLAng">502.944</dst>
            <dst id="CHINng">1931.792</dst>
            <dst id="DNVRng">594.109333333333</dst>
            <dst id="HSTNng">327.096</dst>
            <dst id="IPLSng">639.578666666667</dst>
            <dst id="KSCYng">776.48</dst>
            <dst id="LOSAng">1779.17866666667</dst>
            <dst id="NYCMng">918.386666666667</dst>
            <dst id="SNVAng">204.717333333333</dst>
            <dst id="STTLng">366.554666666667</dst>
            <dst id="WASHng">2833.98133333333</dst>
        </src>
        <src id="ATLAng">
            <dst id="ATLA-M5">738.928</dst>
            <dst id="ATLAng">24787.256</dst>
            <dst id="CHINng">28541.936</dst>
            <dst id="DNVRng">9001.86133333333</dst>
            <dst id="HSTNng">6310.328</dst>
            <dst id="IPLSng">30458.3706666667</dst>
            <dst id="KSCYng">6301.25866666667</dst>
            <dst id="LOSAng">17781.148</dst>
            <dst id="NYCMng">19041.872</dst>
            <dst id="SNVAng">3406.02</dst>
            <dst id="STTLng">6751.79466666666</dst>
            <dst id="WASHng">84500.016</dst>
        </src>
        <src id="CHINng">
            <dst id="ATLA-M5">510.365333333333</dst>
            <dst id="ATLAng">7920.752</dst>
            <dst id="CHINng">44661.8933333333</dst>
            <dst id="DNVRng">8671.89066666667</dst>
            <dst id="HSTNng">24719.4133333333</dst>
            <dst id="IPLSng">21578.584</dst>
            <dst id="KSCYng">10740.376</dst>
            <dst id="LOSAng">40198.4613333333</dst>
            <dst id="NYCMng">14474.136</dst>
            <dst id="SNVAng">4010.86933333333</dst>
            <dst id="STTLng">4852.06133333333</dst>
            <dst id="WASHng">24980.848</dst>
        </src>
        <src id="DNVRng">
            <dst id="ATLA-M5">779.581333333333</dst>
            <dst id="ATLAng">6762.984</dst>
            <dst id="CHINng">58246.1173333333</dst>
            <dst id="DNVRng">19758.6186666667</dst>
            <dst id="HSTNng">15349.5813333333</dst>
            <dst id="IPLSng">31824.7066666667</dst>
            <dst id="KSCYng">19036.936</dst>
            <dst id="LOSAng">10495.3893333333</dst>
            <dst id="NYCMng">26217.4906666667</dst>
            <dst id="SNVAng">10781.328</dst>
            <dst id="STTLng">14226.04</dst>
            <dst id="WASHng">60291.2186666666</dst>
        </src>
        <src id="HSTNng">
            <dst id="ATLA-M5">4311.032</dst>
            <dst id="ATLAng">4070.92</dst>
            <dst id="CHINng">41855.8746666667</dst>
            <dst id="DNVRng">4370.30666666667</dst>
            <dst id="HSTNng">7320.408</dst>
            <dst id="IPLSng">10777.0693333333</dst>
            <dst id="KSCYng">6170.05333333333</dst>
            <dst id="LOSAng">106430.984</dst>
            <dst id="NYCMng">16843.128</dst>
            <dst id="SNVAng">2342.46666666667</dst>
            <dst id="STTLng">1654.69066666667</dst>
            <dst id="WASHng">14048.8826666667</dst>
        </src>
        <src id="IPLSng">
            <dst id="ATLA-M5">833.485333333333</dst>
            <dst id="ATLAng">28809.3866666667</dst>
            <dst id="CHINng">96797.8426666667</dst>
            <dst id="DNVRng">27651.2293333333</dst>
            <dst id="HSTNng">6553.34933333333</dst>
            <dst id="IPLSng">19406.6213333333</dst>
            <dst id="KSCYng">18518.1333333333</dst>
            <dst id="LOSAng">81310.6293333334</dst>
            <dst id="NYCMng">34930.0853333333</dst>
            <dst id="SNVAng">3970.528</dst>
            <dst id="STTLng">15643.4506666667</dst>
            <dst id="WASHng">49693.5893333333</dst>
        </src>
        <src id="KSCYng">
            <dst id="ATLA-M5">456.226666666667</dst>
            <dst id="ATLAng">6258.73066666667</dst>
            <dst id="CHINng">38077.456</dst>
            <dst id="DNVRng">9692.064</dst>
            <dst id="HSTNng">4562.992</dst>
            <dst id="IPLSng">13561.408</dst>
            <dst id="KSCYng">11070.6533333333</dst>
            <dst id="LOSAng">9095.32</dst>
            <dst id="NYCMng">7860.93066666667</dst>
            <dst id="SNVAng">1638.59466666667</dst>
            <dst id="STTLng">4041.82666666667</dst>
            <dst id="WASHng">14835.8133333333</dst>
        </src>
        <src id="LOSAng">
            <dst id="ATLA-M5">1028.41866666667</dst>
            <dst id="ATLAng">17798</dst>
            <dst id="CHINng">128430.762666667</dst>
            <dst id="DNVRng">13653.2453333333</dst>
            <dst id="HSTNng">59075.9653333333</dst>
            <dst id="IPLSng">40010.4186666667</dst>
            <dst id="KSCYng">12015.8106666667</dst>
            <dst id="LOSAng">25256.5653333333</dst>
            <dst id="NYCMng">58950.7093333333</dst>
            <dst id="SNVAng">11988.488</dst>
            <dst id="STTLng">28120.6053333333</dst>
            <dst id="WASHng">58574.1946666667</dst>
        </src>
        <src id="NYCMng">
            <dst id="ATLA-M5">4516.968</dst>
            <dst id="ATLAng">35376.5066666667</dst>
            <dst id="CHINng">71792.192</dst>
            <dst id="DNVRng">32924.8853333333</dst>
            <dst id="HSTNng">42132.7893333333</dst>
            <dst id="IPLSng">76569.3653333333</dst>
            <dst id="KSCYng">20602.1946666667</dst>
            <dst id="LOSAng">87726.616</dst>
            <dst id="NYCMng">121864.664</dst>
            <dst id="SNVAng">9754.97333333333</dst>
            <dst id="STTLng">26705.6533333333</dst>
            <dst id="WASHng">93758.1066666667</dst>
        </src>
        <src id="SNVAng">
            <dst id="ATLA-M5">299.538666666667</dst>
            <dst id="ATLAng">844.538666666667</dst>
            <dst id="CHINng">5634.53333333333</dst>
            <dst id="DNVRng">5190.032</dst>
            <dst id="HSTNng">755.725333333333</dst>
            <dst id="IPLSng">1897.944</dst>
            <dst id="KSCYng">981.354666666666</dst>
            <dst id="LOSAng">36060.344</dst>
            <dst id="NYCMng">2226</dst>
            <dst id="SNVAng">13770.4506666667</dst>
            <dst id="STTLng">55841.3413333333</dst>
            <dst id="WASHng">1596.56266666667</dst>
        </src>
        <src id="STTLng">
            <dst id="ATLA-M5">109.693333333333</dst>
            <dst id="ATLAng">11362.48</dst>
            <dst id="CHINng">50651.7893333333</dst>
            <dst id="DNVRng">5979.88533333333</dst>
            <dst id="HSTNng">3435.74666666667</dst>
            <dst id="IPLSng">14163.0266666667</dst>
            <dst id="KSCYng">6218.40533333333</dst>
            <dst id="LOSAng">33337.136</dst>
            <dst id="NYCMng">18571.6</dst>
            <dst id="SNVAng">6726.856</dst>
            <dst id="STTLng">15306.0266666667</dst>
            <dst id="WASHng">11682.8213333333</dst>
        </src>
        <src id="WASHng">
            <dst id="ATLA-M5">795.557333333333</dst>
            <dst id="ATLAng">122541.768</dst>
            <dst id="CHINng">84944.4506666667</dst>
            <dst id="DNVRng">46484.5493333333</dst>
            <dst id="HSTNng">18064.64</dst>
            <dst id="IPLSng">91280.7786666667</dst>
            <dst id="KSCYng">13248.8773333333</dst>
            <dst id="LOSAng">76081.7386666667</dst>
            <dst id="NYCMng">174172.392</dst>
            <dst id="SNVAng">17861.9946666667</dst>
            <dst id="STTLng">47956.7733333333</dst>
            <dst id="WASHng">326534</dst>
        </src>
    </IntraTM>
</TrafficMatrixFile>
