<?xml version="1.0" encoding="ISO-8859-1" standalone="yes"?>
<TrafficMatrixFile xsi:noNamespaceSchemaLocation="http://totem.run.montefiore.ulg.ac.be/Schema/TrafficMatrix-v1_2.xsd" xmlns:xsi="http://www.w3.org/2001/XMLSchema-instance">
    <IntraTM ASID="11537">
        <src id="ATLA-M5">
            <dst id="ATLA-M5">0</dst>
            <dst id="ATLAng">454.944</dst>
            <dst id="CHINng">1094.992</dst>
            <dst id="DNVRng">0</dst>
            <dst id="HSTNng">335.136</dst>
            <dst id="IPLSng">310.797333333333</dst>
            <dst id="KSCYng">294.544</dst>
            <dst id="LOSAng">828.866666666667</dst>
            <dst id="NYCMng">476.912</dst>
            <dst id="SNVAng">161.722666666667</dst>
            <dst id="STTLng">224.466666666667</dst>
            <dst id="WASHng">3784.44266666667</dst>
        </src>
        <src id="ATLAng">
            <dst id="ATLA-M5">173.082666666667</dst>
            <dst id="ATLAng">71139.432</dst>
            <dst id="CHINng">15927.608</dst>
            <dst id="DNVRng">5001.05333333333</dst>
            <dst id="HSTNng">1619.13333333333</dst>
            <dst id="IPLSng">17362.2666666667</dst>
            <dst id="KSCYng">3860.344</dst>
            <dst id="LOSAng">18451.096</dst>
            <dst id="NYCMng">13835.976</dst>
            <dst id="SNVAng">993.162666666667</dst>
            <dst id="STTLng">4509.592</dst>
            <dst id="WASHng">90310.6613333333</dst>
        </src>
        <src id="CHINng">
            <dst id="ATLA-M5">53.656</dst>
            <dst id="ATLAng">8583.92266666667</dst>
            <dst id="CHINng">43595.32</dst>
            <dst id="DNVRng">6036.84533333333</dst>
            <dst id="HSTNng">4231.78133333333</dst>
            <dst id="IPLSng">17635.1706666667</dst>
            <dst id="KSCYng">5963.816</dst>
            <dst id="LOSAng">20646.7333333333</dst>
            <dst id="NYCMng">5004.11466666667</dst>
            <dst id="SNVAng">3281.86933333333</dst>
            <dst id="STTLng">4893.32266666667</dst>
            <dst id="WASHng">12723.672</dst>
        </src>
        <src id="DNVRng">
            <dst id="ATLA-M5">153.834666666667</dst>
            <dst id="ATLAng">6708.87733333333</dst>
            <dst id="CHINng">74133.1066666667</dst>
            <dst id="DNVRng">4100.74133333333</dst>
            <dst id="HSTNng">10334.272</dst>
            <dst id="IPLSng">24905.4426666667</dst>
            <dst id="KSCYng">12228.3173333333</dst>
            <dst id="LOSAng">6552.064</dst>
            <dst id="NYCMng">16802.5146666667</dst>
            <dst id="SNVAng">8556.648</dst>
            <dst id="STTLng">5601.82933333333</dst>
            <dst id="WASHng">42634.1386666667</dst>
        </src>
        <src id="HSTNng">
            <dst id="ATLA-M5">920.949333333333</dst>
            <dst id="ATLAng">5114.208</dst>
            <dst id="CHINng">37613.3866666667</dst>
            <dst id="DNVRng">6891.472</dst>
            <dst id="HSTNng">8932.25066666667</dst>
            <dst id="IPLSng">5286.18666666667</dst>
            <dst id="KSCYng">1416.848</dst>
            <dst id="LOSAng">100786.693333333</dst>
            <dst id="NYCMng">8210.592</dst>
            <dst id="SNVAng">1934.25333333333</dst>
            <dst id="STTLng">4245.03466666667</dst>
            <dst id="WASHng">7669.71466666667</dst>
        </src>
        <src id="IPLSng">
            <dst id="ATLA-M5">500.493333333333</dst>
            <dst id="ATLAng">10896.568</dst>
            <dst id="CHINng">118094.192</dst>
            <dst id="DNVRng">24947.9973333333</dst>
            <dst id="HSTNng">3330.384</dst>
            <dst id="IPLSng">19616.1653333333</dst>
            <dst id="KSCYng">10941.1413333333</dst>
            <dst id="LOSAng">85249.4613333333</dst>
            <dst id="NYCMng">33029.0746666667</dst>
            <dst id="SNVAng">3140.84</dst>
            <dst id="STTLng">11360.752</dst>
            <dst id="WASHng">46436.8933333333</dst>
        </src>
        <src id="KSCYng">
            <dst id="ATLA-M5">1817.65066666667</dst>
            <dst id="ATLAng">4838.16</dst>
            <dst id="CHINng">41426.2746666667</dst>
            <dst id="DNVRng">9357.50666666667</dst>
            <dst id="HSTNng">2685.392</dst>
            <dst id="IPLSng">5558.58933333334</dst>
            <dst id="KSCYng">5207.05866666667</dst>
            <dst id="LOSAng">5465.59733333333</dst>
            <dst id="NYCMng">7486.34933333333</dst>
            <dst id="SNVAng">2465.85333333333</dst>
            <dst id="STTLng">4941.28266666667</dst>
            <dst id="WASHng">9457.75466666667</dst>
        </src>
        <src id="LOSAng">
            <dst id="ATLA-M5">2136.088</dst>
            <dst id="ATLAng">15430.6373333333</dst>
            <dst id="CHINng">140271.362666667</dst>
            <dst id="DNVRng">8726.848</dst>
            <dst id="HSTNng">5689.064</dst>
            <dst id="IPLSng">31773.2693333333</dst>
            <dst id="KSCYng">7810.58933333334</dst>
            <dst id="LOSAng">16538.128</dst>
            <dst id="NYCMng">56235.8826666667</dst>
            <dst id="SNVAng">15646.512</dst>
            <dst id="STTLng">25333.8826666667</dst>
            <dst id="WASHng">61135</dst>
        </src>
        <src id="NYCMng">
            <dst id="ATLA-M5">391.424</dst>
            <dst id="ATLAng">29508.84</dst>
            <dst id="CHINng">58932.072</dst>
            <dst id="DNVRng">30550.904</dst>
            <dst id="HSTNng">23951.16</dst>
            <dst id="IPLSng">37066.24</dst>
            <dst id="KSCYng">12447.976</dst>
            <dst id="LOSAng">62408.3733333333</dst>
            <dst id="NYCMng">146697.928</dst>
            <dst id="SNVAng">7947.90933333333</dst>
            <dst id="STTLng">19244.3146666667</dst>
            <dst id="WASHng">63439.4133333333</dst>
        </src>
        <src id="SNVAng">
            <dst id="ATLA-M5">39.7893333333333</dst>
            <dst id="ATLAng">491.618666666667</dst>
            <dst id="CHINng">7612.09066666667</dst>
            <dst id="DNVRng">14511.6026666667</dst>
            <dst id="HSTNng">578.733333333333</dst>
            <dst id="IPLSng">1716.41066666667</dst>
            <dst id="KSCYng">738.677333333333</dst>
            <dst id="LOSAng">28615.6293333333</dst>
            <dst id="NYCMng">2275.96</dst>
            <dst id="SNVAng">16044.264</dst>
            <dst id="STTLng">63910.344</dst>
            <dst id="WASHng">1003.27733333333</dst>
        </src>
        <src id="STTLng">
            <dst id="ATLA-M5">144.493333333333</dst>
            <dst id="ATLAng">10664.5333333333</dst>
            <dst id="CHINng">72278.8346666667</dst>
            <dst id="DNVRng">5779.40533333333</dst>
            <dst id="HSTNng">1275.288</dst>
            <dst id="IPLSng">6087.136</dst>
            <dst id="KSCYng">2951.688</dst>
            <dst id="LOSAng">20613.72</dst>
            <dst id="NYCMng">16304.056</dst>
            <dst id="SNVAng">3664.472</dst>
            <dst id="STTLng">19878.6</dst>
            <dst id="WASHng">8407.40533333333</dst>
        </src>
        <src id="WASHng">
            <dst id="ATLA-M5">18570.5146666667</dst>
            <dst id="ATLAng">95503.5706666667</dst>
            <dst id="CHINng">74811.4373333333</dst>
            <dst id="DNVRng">49705.1653333333</dst>
            <dst id="HSTNng">17251.6506666667</dst>
            <dst id="IPLSng">48476.2213333333</dst>
            <dst id="KSCYng">11039.2053333333</dst>
            <dst id="LOSAng">60012.1866666667</dst>
            <dst id="NYCMng">141176.472</dst>
            <dst id="SNVAng">16085.9466666667</dst>
            <dst id="STTLng">33685.7493333333</dst>
            <dst id="WASHng">303154.4</dst>
        </src>
    </IntraTM>
</TrafficMatrixFile>
