<?xml version="1.0" encoding="ISO-8859-1" standalone="yes"?>
<TrafficMatrixFile xsi:noNamespaceSchemaLocation="http://totem.run.montefiore.ulg.ac.be/Schema/TrafficMatrix-v1_2.xsd" xmlns:xsi="http://www.w3.org/2001/XMLSchema-instance">
    <IntraTM ASID="11537">
        <src id="ATLA-M5">
            <dst id="ATLA-M5">0</dst>
            <dst id="ATLAng">1044.44</dst>
            <dst id="CHINng">2351.84266666667</dst>
            <dst id="DNVRng">361.466666666667</dst>
            <dst id="HSTNng">609.538666666667</dst>
            <dst id="IPLSng">805.725333333333</dst>
            <dst id="KSCYng">272.629333333333</dst>
            <dst id="LOSAng">420.797333333333</dst>
            <dst id="NYCMng">1170.46133333333</dst>
            <dst id="SNVAng">161.077333333333</dst>
            <dst id="STTLng">192.408</dst>
            <dst id="WASHng">3254.472</dst>
        </src>
        <src id="ATLAng">
            <dst id="ATLA-M5">435.728</dst>
            <dst id="ATLAng">27461.088</dst>
            <dst id="CHINng">28716.8506666667</dst>
            <dst id="DNVRng">6966.12</dst>
            <dst id="HSTNng">10893.776</dst>
            <dst id="IPLSng">31304.5066666667</dst>
            <dst id="KSCYng">11349.5786666667</dst>
            <dst id="LOSAng">21698.9853333333</dst>
            <dst id="NYCMng">26756.0293333333</dst>
            <dst id="SNVAng">1035.03066666667</dst>
            <dst id="STTLng">9948.78133333333</dst>
            <dst id="WASHng">74917.68</dst>
        </src>
        <src id="CHINng">
            <dst id="ATLA-M5">3754.62133333333</dst>
            <dst id="ATLAng">27509.3973333333</dst>
            <dst id="CHINng">31933.9653333333</dst>
            <dst id="DNVRng">7216.08</dst>
            <dst id="HSTNng">22318.2693333333</dst>
            <dst id="IPLSng">22512.9866666667</dst>
            <dst id="KSCYng">21351.704</dst>
            <dst id="LOSAng">33048.6213333333</dst>
            <dst id="NYCMng">5466.70933333333</dst>
            <dst id="SNVAng">4258.22933333333</dst>
            <dst id="STTLng">8675.50133333333</dst>
            <dst id="WASHng">17418</dst>
        </src>
        <src id="DNVRng">
            <dst id="ATLA-M5">299.418666666667</dst>
            <dst id="ATLAng">9436.34933333334</dst>
            <dst id="CHINng">53555.344</dst>
            <dst id="DNVRng">3887.88</dst>
            <dst id="HSTNng">13545.912</dst>
            <dst id="IPLSng">30831.8213333333</dst>
            <dst id="KSCYng">11581.68</dst>
            <dst id="LOSAng">10902.144</dst>
            <dst id="NYCMng">28586.9386666667</dst>
            <dst id="SNVAng">6640.22133333333</dst>
            <dst id="STTLng">13101.0053333333</dst>
            <dst id="WASHng">59239.2213333333</dst>
        </src>
        <src id="HSTNng">
            <dst id="ATLA-M5">2486.38133333333</dst>
            <dst id="ATLAng">7463.78133333333</dst>
            <dst id="CHINng">32783.776</dst>
            <dst id="DNVRng">2705.81066666667</dst>
            <dst id="HSTNng">12999.0773333333</dst>
            <dst id="IPLSng">14583.768</dst>
            <dst id="KSCYng">4100.97066666667</dst>
            <dst id="LOSAng">102683.442666667</dst>
            <dst id="NYCMng">6693.28</dst>
            <dst id="SNVAng">1961.53066666667</dst>
            <dst id="STTLng">3755.05866666667</dst>
            <dst id="WASHng">11949.3786666667</dst>
        </src>
        <src id="IPLSng">
            <dst id="ATLA-M5">1747.39733333333</dst>
            <dst id="ATLAng">25279.176</dst>
            <dst id="CHINng">80341.2133333333</dst>
            <dst id="DNVRng">26202.0533333333</dst>
            <dst id="HSTNng">7965.45066666667</dst>
            <dst id="IPLSng">22287.408</dst>
            <dst id="KSCYng">11965.9493333333</dst>
            <dst id="LOSAng">24806.36</dst>
            <dst id="NYCMng">49496.832</dst>
            <dst id="SNVAng">5184.424</dst>
            <dst id="STTLng">9474.42933333333</dst>
            <dst id="WASHng">40658.5786666667</dst>
        </src>
        <src id="KSCYng">
            <dst id="ATLA-M5">972.16</dst>
            <dst id="ATLAng">10524.1173333333</dst>
            <dst id="CHINng">30923.736</dst>
            <dst id="DNVRng">18852.8533333333</dst>
            <dst id="HSTNng">5995.06133333333</dst>
            <dst id="IPLSng">16254.1573333333</dst>
            <dst id="KSCYng">9268.816</dst>
            <dst id="LOSAng">8437.176</dst>
            <dst id="NYCMng">10440.8533333333</dst>
            <dst id="SNVAng">1469.90933333333</dst>
            <dst id="STTLng">3802.872</dst>
            <dst id="WASHng">16385.1173333333</dst>
        </src>
        <src id="LOSAng">
            <dst id="ATLA-M5">453.352</dst>
            <dst id="ATLAng">24155.8346666667</dst>
            <dst id="CHINng">96780.8133333333</dst>
            <dst id="DNVRng">15549.184</dst>
            <dst id="HSTNng">65818.08</dst>
            <dst id="IPLSng">62279.4826666667</dst>
            <dst id="KSCYng">15558.0586666667</dst>
            <dst id="LOSAng">21070.9093333333</dst>
            <dst id="NYCMng">71212.6213333333</dst>
            <dst id="SNVAng">16938.7573333333</dst>
            <dst id="STTLng">35258.7333333333</dst>
            <dst id="WASHng">70739.632</dst>
        </src>
        <src id="NYCMng">
            <dst id="ATLA-M5">3921.81866666667</dst>
            <dst id="ATLAng">52194.2746666667</dst>
            <dst id="CHINng">79748.6373333333</dst>
            <dst id="DNVRng">36554.7866666667</dst>
            <dst id="HSTNng">33363.9066666667</dst>
            <dst id="IPLSng">70499.1386666667</dst>
            <dst id="KSCYng">34272.52</dst>
            <dst id="LOSAng">90027.5706666667</dst>
            <dst id="NYCMng">124598.976</dst>
            <dst id="SNVAng">12165.8773333333</dst>
            <dst id="STTLng">40769.0533333333</dst>
            <dst id="WASHng">108087.210666667</dst>
        </src>
        <src id="SNVAng">
            <dst id="ATLA-M5">462.309333333333</dst>
            <dst id="ATLAng">680.189333333333</dst>
            <dst id="CHINng">5373.75733333333</dst>
            <dst id="DNVRng">2501.65866666667</dst>
            <dst id="HSTNng">1518.89066666667</dst>
            <dst id="IPLSng">2390.79466666667</dst>
            <dst id="KSCYng">1234.50933333333</dst>
            <dst id="LOSAng">42908.992</dst>
            <dst id="NYCMng">2344.62933333333</dst>
            <dst id="SNVAng">20686.1733333333</dst>
            <dst id="STTLng">67483.28</dst>
            <dst id="WASHng">2480.768</dst>
        </src>
        <src id="STTLng">
            <dst id="ATLA-M5">637.205333333333</dst>
            <dst id="ATLAng">12803.7706666667</dst>
            <dst id="CHINng">47726.8666666667</dst>
            <dst id="DNVRng">5800.87466666667</dst>
            <dst id="HSTNng">5126.95466666667</dst>
            <dst id="IPLSng">12435.8213333333</dst>
            <dst id="KSCYng">6495.49333333333</dst>
            <dst id="LOSAng">32542.8266666667</dst>
            <dst id="NYCMng">29407.1733333333</dst>
            <dst id="SNVAng">6247.312</dst>
            <dst id="STTLng">10307.7306666667</dst>
            <dst id="WASHng">18143.808</dst>
        </src>
        <src id="WASHng">
            <dst id="ATLA-M5">21802.7573333333</dst>
            <dst id="ATLAng">138803.861333333</dst>
            <dst id="CHINng">109095.970666667</dst>
            <dst id="DNVRng">52351.6533333333</dst>
            <dst id="HSTNng">31553.4986666667</dst>
            <dst id="IPLSng">80468.552</dst>
            <dst id="KSCYng">10911.1226666667</dst>
            <dst id="LOSAng">68771.4453333333</dst>
            <dst id="NYCMng">206224.517333333</dst>
            <dst id="SNVAng">12237.6106666667</dst>
            <dst id="STTLng">46694.952</dst>
            <dst id="WASHng">243031.637333333</dst>
        </src>
    </IntraTM>
</TrafficMatrixFile>
