<?xml version="1.0" encoding="ISO-8859-1" standalone="yes"?>
<TrafficMatrixFile xsi:noNamespaceSchemaLocation="http://totem.run.montefiore.ulg.ac.be/Schema/TrafficMatrix-v1_2.xsd" xmlns:xsi="http://www.w3.org/2001/XMLSchema-instance">
    <IntraTM ASID="11537">
        <src id="ATLA-M5">
            <dst id="ATLA-M5">26.6666666666667</dst>
            <dst id="ATLAng">465.701333333333</dst>
            <dst id="CHINng">868.098666666667</dst>
            <dst id="DNVRng">148.346666666667</dst>
            <dst id="HSTNng">398.701333333333</dst>
            <dst id="IPLSng">1821.26933333333</dst>
            <dst id="KSCYng">402.144</dst>
            <dst id="LOSAng">1090.848</dst>
            <dst id="NYCMng">585.202666666667</dst>
            <dst id="SNVAng">0</dst>
            <dst id="STTLng">680.696</dst>
            <dst id="WASHng">2914.81866666667</dst>
        </src>
        <src id="ATLAng">
            <dst id="ATLA-M5">499.034666666667</dst>
            <dst id="ATLAng">36208.856</dst>
            <dst id="CHINng">17444.192</dst>
            <dst id="DNVRng">5099.24</dst>
            <dst id="HSTNng">7306.83733333333</dst>
            <dst id="IPLSng">25253.6773333333</dst>
            <dst id="KSCYng">4773.22133333333</dst>
            <dst id="LOSAng">25989.4</dst>
            <dst id="NYCMng">13738.3786666667</dst>
            <dst id="SNVAng">991.818666666667</dst>
            <dst id="STTLng">9093.152</dst>
            <dst id="WASHng">62707.424</dst>
        </src>
        <src id="CHINng">
            <dst id="ATLA-M5">4423.46133333333</dst>
            <dst id="ATLAng">10429.216</dst>
            <dst id="CHINng">29808.9493333333</dst>
            <dst id="DNVRng">15406.552</dst>
            <dst id="HSTNng">7405.22133333333</dst>
            <dst id="IPLSng">25659.392</dst>
            <dst id="KSCYng">6483.90933333333</dst>
            <dst id="LOSAng">27465.2933333333</dst>
            <dst id="NYCMng">15207.2933333333</dst>
            <dst id="SNVAng">1783.38933333333</dst>
            <dst id="STTLng">5072.27733333333</dst>
            <dst id="WASHng">13678.9146666667</dst>
        </src>
        <src id="DNVRng">
            <dst id="ATLA-M5">283.826666666667</dst>
            <dst id="ATLAng">2443.96266666667</dst>
            <dst id="CHINng">41675.6373333333</dst>
            <dst id="DNVRng">4850.416</dst>
            <dst id="HSTNng">2869.104</dst>
            <dst id="IPLSng">8349.216</dst>
            <dst id="KSCYng">3385.888</dst>
            <dst id="LOSAng">16456.1066666667</dst>
            <dst id="NYCMng">7873.35466666667</dst>
            <dst id="SNVAng">15107.368</dst>
            <dst id="STTLng">9973.344</dst>
            <dst id="WASHng">11173.2506666667</dst>
        </src>
        <src id="HSTNng">
            <dst id="ATLA-M5">3166.544</dst>
            <dst id="ATLAng">2534.144</dst>
            <dst id="CHINng">17445.6746666667</dst>
            <dst id="DNVRng">4627.944</dst>
            <dst id="HSTNng">9941.024</dst>
            <dst id="IPLSng">6157.12533333333</dst>
            <dst id="KSCYng">6661.37333333333</dst>
            <dst id="LOSAng">5138.08266666667</dst>
            <dst id="NYCMng">8605.70666666667</dst>
            <dst id="SNVAng">2511.808</dst>
            <dst id="STTLng">2409.44533333333</dst>
            <dst id="WASHng">8293.87733333333</dst>
        </src>
        <src id="IPLSng">
            <dst id="ATLA-M5">3786.776</dst>
            <dst id="ATLAng">9650.58933333334</dst>
            <dst id="CHINng">77014.584</dst>
            <dst id="DNVRng">21205.9386666667</dst>
            <dst id="HSTNng">19254.9466666667</dst>
            <dst id="IPLSng">20105.0666666667</dst>
            <dst id="KSCYng">9155.38933333333</dst>
            <dst id="LOSAng">84546.7546666667</dst>
            <dst id="NYCMng">35584.2746666667</dst>
            <dst id="SNVAng">4579.80533333333</dst>
            <dst id="STTLng">13033.984</dst>
            <dst id="WASHng">38222.0906666667</dst>
        </src>
        <src id="KSCYng">
            <dst id="ATLA-M5">454.717333333333</dst>
            <dst id="ATLAng">6710.71733333333</dst>
            <dst id="CHINng">29086.512</dst>
            <dst id="DNVRng">5540.55466666667</dst>
            <dst id="HSTNng">6242.96</dst>
            <dst id="IPLSng">8623.39733333333</dst>
            <dst id="KSCYng">6938.184</dst>
            <dst id="LOSAng">10303.304</dst>
            <dst id="NYCMng">12227.5066666667</dst>
            <dst id="SNVAng">1384.79733333333</dst>
            <dst id="STTLng">2875.872</dst>
            <dst id="WASHng">11953.5626666667</dst>
        </src>
        <src id="LOSAng">
            <dst id="ATLA-M5">129.656</dst>
            <dst id="ATLAng">25966.5573333333</dst>
            <dst id="CHINng">87680.3893333333</dst>
            <dst id="DNVRng">7252.936</dst>
            <dst id="HSTNng">17979.152</dst>
            <dst id="IPLSng">43283.7546666667</dst>
            <dst id="KSCYng">12992.808</dst>
            <dst id="LOSAng">11080.9253333333</dst>
            <dst id="NYCMng">56865.2053333333</dst>
            <dst id="SNVAng">2163.74133333333</dst>
            <dst id="STTLng">28771.4826666667</dst>
            <dst id="WASHng">57052.6026666667</dst>
        </src>
        <src id="NYCMng">
            <dst id="ATLA-M5">2962.05866666667</dst>
            <dst id="ATLAng">35657.192</dst>
            <dst id="CHINng">47965.3546666667</dst>
            <dst id="DNVRng">18173.9333333333</dst>
            <dst id="HSTNng">24510.4026666667</dst>
            <dst id="IPLSng">84687.1573333333</dst>
            <dst id="KSCYng">29939.728</dst>
            <dst id="LOSAng">68047.2426666667</dst>
            <dst id="NYCMng">136382.544</dst>
            <dst id="SNVAng">9696.024</dst>
            <dst id="STTLng">22283.3146666667</dst>
            <dst id="WASHng">120639.466666667</dst>
        </src>
        <src id="SNVAng">
            <dst id="ATLA-M5">26.6666666666667</dst>
            <dst id="ATLAng">1008.088</dst>
            <dst id="CHINng">4744.86133333333</dst>
            <dst id="DNVRng">5352.896</dst>
            <dst id="HSTNng">1119.92533333333</dst>
            <dst id="IPLSng">3095.592</dst>
            <dst id="KSCYng">2041.696</dst>
            <dst id="LOSAng">3264.856</dst>
            <dst id="NYCMng">2762.21333333333</dst>
            <dst id="SNVAng">12018.9093333333</dst>
            <dst id="STTLng">7363.192</dst>
            <dst id="WASHng">1610.72266666667</dst>
        </src>
        <src id="STTLng">
            <dst id="ATLA-M5">237.064</dst>
            <dst id="ATLAng">15816.648</dst>
            <dst id="CHINng">22287.8586666667</dst>
            <dst id="DNVRng">5415.088</dst>
            <dst id="HSTNng">5863.65066666667</dst>
            <dst id="IPLSng">6959.13333333333</dst>
            <dst id="KSCYng">1865.968</dst>
            <dst id="LOSAng">18970.3706666667</dst>
            <dst id="NYCMng">23121.1626666667</dst>
            <dst id="SNVAng">4526.10666666667</dst>
            <dst id="STTLng">2667.632</dst>
            <dst id="WASHng">11248.8266666667</dst>
        </src>
        <src id="WASHng">
            <dst id="ATLA-M5">20289.0906666667</dst>
            <dst id="ATLAng">146998.333333333</dst>
            <dst id="CHINng">62246.088</dst>
            <dst id="DNVRng">34109.8106666667</dst>
            <dst id="HSTNng">15664.9653333333</dst>
            <dst id="IPLSng">56823.6106666667</dst>
            <dst id="KSCYng">24912.2106666667</dst>
            <dst id="LOSAng">100567.461333333</dst>
            <dst id="NYCMng">137277.728</dst>
            <dst id="SNVAng">4411.58933333333</dst>
            <dst id="STTLng">30667.2666666667</dst>
            <dst id="WASHng">190925.981333333</dst>
        </src>
    </IntraTM>
</TrafficMatrixFile>
