<?xml version="1.0" encoding="ISO-8859-1" standalone="yes"?>
<TrafficMatrixFile xsi:noNamespaceSchemaLocation="http://totem.run.montefiore.ulg.ac.be/Schema/TrafficMatrix-v1_2.xsd" xmlns:xsi="http://www.w3.org/2001/XMLSchema-instance">
    <IntraTM ASID="11537">
        <src id="ATLA-M5">
            <dst id="ATLA-M5">215.832</dst>
            <dst id="ATLAng">700.237333333333</dst>
            <dst id="CHINng">2757.8</dst>
            <dst id="DNVRng">428.986666666667</dst>
            <dst id="HSTNng">666.133333333333</dst>
            <dst id="IPLSng">1108.664</dst>
            <dst id="KSCYng">1211.75733333333</dst>
            <dst id="LOSAng">1196.08</dst>
            <dst id="NYCMng">1619.37866666667</dst>
            <dst id="SNVAng">173.154666666667</dst>
            <dst id="STTLng">135.210666666667</dst>
            <dst id="WASHng">2400.136</dst>
        </src>
        <src id="ATLAng">
            <dst id="ATLA-M5">1389.824</dst>
            <dst id="ATLAng">30629.0853333333</dst>
            <dst id="CHINng">60715.064</dst>
            <dst id="DNVRng">20878.2853333333</dst>
            <dst id="HSTNng">7817.056</dst>
            <dst id="IPLSng">38030.208</dst>
            <dst id="KSCYng">21073.872</dst>
            <dst id="LOSAng">22584.7026666667</dst>
            <dst id="NYCMng">32716.896</dst>
            <dst id="SNVAng">4609.276</dst>
            <dst id="STTLng">13053.344</dst>
            <dst id="WASHng">88837.336</dst>
        </src>
        <src id="CHINng">
            <dst id="ATLA-M5">3766.416</dst>
            <dst id="ATLAng">19679.4586666667</dst>
            <dst id="CHINng">58285.328</dst>
            <dst id="DNVRng">21468.0133333333</dst>
            <dst id="HSTNng">9045.45866666667</dst>
            <dst id="IPLSng">42858.976</dst>
            <dst id="KSCYng">11705.5733333333</dst>
            <dst id="LOSAng">27914.408</dst>
            <dst id="NYCMng">14230.6133333333</dst>
            <dst id="SNVAng">4345.45066666667</dst>
            <dst id="STTLng">20860.1893333333</dst>
            <dst id="WASHng">21519.832</dst>
        </src>
        <src id="DNVRng">
            <dst id="ATLA-M5">535.274666666667</dst>
            <dst id="ATLAng">12898.2693333333</dst>
            <dst id="CHINng">73559.512</dst>
            <dst id="DNVRng">12940.8426666667</dst>
            <dst id="HSTNng">15634.3493333333</dst>
            <dst id="IPLSng">30396.8106666667</dst>
            <dst id="KSCYng">20089.624</dst>
            <dst id="LOSAng">18777.4986666667</dst>
            <dst id="NYCMng">31331.1013333333</dst>
            <dst id="SNVAng">15776.8106666667</dst>
            <dst id="STTLng">15851.6746666667</dst>
            <dst id="WASHng">52757.5093333333</dst>
        </src>
        <src id="HSTNng">
            <dst id="ATLA-M5">1558.43466666667</dst>
            <dst id="ATLAng">8029.30666666667</dst>
            <dst id="CHINng">27007.6186666667</dst>
            <dst id="DNVRng">6765.632</dst>
            <dst id="HSTNng">14184.2293333333</dst>
            <dst id="IPLSng">13486.8906666667</dst>
            <dst id="KSCYng">6776.896</dst>
            <dst id="LOSAng">10994.792</dst>
            <dst id="NYCMng">10099.6693333333</dst>
            <dst id="SNVAng">3761.06133333333</dst>
            <dst id="STTLng">3713.70133333333</dst>
            <dst id="WASHng">10019.7813333333</dst>
        </src>
        <src id="IPLSng">
            <dst id="ATLA-M5">3099.91733333333</dst>
            <dst id="ATLAng">31466.7013333333</dst>
            <dst id="CHINng">161293.082666667</dst>
            <dst id="DNVRng">39501.68</dst>
            <dst id="HSTNng">14846.5653333333</dst>
            <dst id="IPLSng">63015.416</dst>
            <dst id="KSCYng">22694.8853333333</dst>
            <dst id="LOSAng">133641.568</dst>
            <dst id="NYCMng">79016.864</dst>
            <dst id="SNVAng">8373.49333333334</dst>
            <dst id="STTLng">16963.432</dst>
            <dst id="WASHng">53597.1413333333</dst>
        </src>
        <src id="KSCYng">
            <dst id="ATLA-M5">1110.504</dst>
            <dst id="ATLAng">20626.1706666667</dst>
            <dst id="CHINng">43940.752</dst>
            <dst id="DNVRng">16468.6026666667</dst>
            <dst id="HSTNng">7108.176</dst>
            <dst id="IPLSng">16256.984</dst>
            <dst id="KSCYng">8475.872</dst>
            <dst id="LOSAng">7902.488</dst>
            <dst id="NYCMng">8289.472</dst>
            <dst id="SNVAng">2258.06666666667</dst>
            <dst id="STTLng">5257.54133333333</dst>
            <dst id="WASHng">15232.4906666667</dst>
        </src>
        <src id="LOSAng">
            <dst id="ATLA-M5">1002.98666666667</dst>
            <dst id="ATLAng">28381.8586666667</dst>
            <dst id="CHINng">394277.973333333</dst>
            <dst id="DNVRng">13702.1706666667</dst>
            <dst id="HSTNng">13794.52</dst>
            <dst id="IPLSng">52898.568</dst>
            <dst id="KSCYng">11611.8693333333</dst>
            <dst id="LOSAng">8677.02133333333</dst>
            <dst id="NYCMng">62935.4453333333</dst>
            <dst id="SNVAng">9883.49333333334</dst>
            <dst id="STTLng">35481.44</dst>
            <dst id="WASHng">76952.7786666667</dst>
        </src>
        <src id="NYCMng">
            <dst id="ATLA-M5">5004.68533333333</dst>
            <dst id="ATLAng">71663.1173333333</dst>
            <dst id="CHINng">90198.824</dst>
            <dst id="DNVRng">54373.6373333333</dst>
            <dst id="HSTNng">51117.4266666667</dst>
            <dst id="IPLSng">75651.696</dst>
            <dst id="KSCYng">40166.944</dst>
            <dst id="LOSAng">79825.0133333333</dst>
            <dst id="NYCMng">177547.802666667</dst>
            <dst id="SNVAng">11834.792</dst>
            <dst id="STTLng">34123.3573333333</dst>
            <dst id="WASHng">116840.28</dst>
        </src>
        <src id="SNVAng">
            <dst id="ATLA-M5">232.336</dst>
            <dst id="ATLAng">1211.62933333333</dst>
            <dst id="CHINng">7938.26133333333</dst>
            <dst id="DNVRng">14191.1573333333</dst>
            <dst id="HSTNng">943.016</dst>
            <dst id="IPLSng">4248.34666666667</dst>
            <dst id="KSCYng">1264.31733333333</dst>
            <dst id="LOSAng">48192.4853333333</dst>
            <dst id="NYCMng">2869.49866666667</dst>
            <dst id="SNVAng">27865.632</dst>
            <dst id="STTLng">66164.608</dst>
            <dst id="WASHng">2222.648</dst>
        </src>
        <src id="STTLng">
            <dst id="ATLA-M5">1413.91733333333</dst>
            <dst id="ATLAng">20907.9333333333</dst>
            <dst id="CHINng">85521.6986666666</dst>
            <dst id="DNVRng">11159.7866666667</dst>
            <dst id="HSTNng">7620.34133333333</dst>
            <dst id="IPLSng">39526.664</dst>
            <dst id="KSCYng">7965.66933333334</dst>
            <dst id="LOSAng">36983.4853333333</dst>
            <dst id="NYCMng">34177.3733333333</dst>
            <dst id="SNVAng">13172.7306666667</dst>
            <dst id="STTLng">11301.36</dst>
            <dst id="WASHng">23471.456</dst>
        </src>
        <src id="WASHng">
            <dst id="ATLA-M5">3967.27733333333</dst>
            <dst id="ATLAng">139610.733333333</dst>
            <dst id="CHINng">120902.493333333</dst>
            <dst id="DNVRng">97536.3973333333</dst>
            <dst id="HSTNng">34613.688</dst>
            <dst id="IPLSng">123817.914666667</dst>
            <dst id="KSCYng">43685.2</dst>
            <dst id="LOSAng">80974.384</dst>
            <dst id="NYCMng">220005.672</dst>
            <dst id="SNVAng">13412.6106666667</dst>
            <dst id="STTLng">42469.3653333333</dst>
            <dst id="WASHng">330076.133333333</dst>
        </src>
    </IntraTM>
</TrafficMatrixFile>
