<?xml version="1.0" encoding="ISO-8859-1" standalone="yes"?>
<TrafficMatrixFile xsi:noNamespaceSchemaLocation="http://totem.run.montefiore.ulg.ac.be/Schema/TrafficMatrix-v1_2.xsd" xmlns:xsi="http://www.w3.org/2001/XMLSchema-instance">
    <IntraTM ASID="11537">
        <src id="ATLA-M5">
            <dst id="ATLA-M5">0</dst>
            <dst id="ATLAng">105.752</dst>
            <dst id="CHINng">106.666666666667</dst>
            <dst id="DNVRng">0</dst>
            <dst id="HSTNng">99.056</dst>
            <dst id="IPLSng">103.957333333333</dst>
            <dst id="KSCYng">1352.65866666667</dst>
            <dst id="LOSAng">462.837333333333</dst>
            <dst id="NYCMng">53.3333333333333</dst>
            <dst id="SNVAng">0</dst>
            <dst id="STTLng">249.848</dst>
            <dst id="WASHng">80</dst>
        </src>
        <src id="ATLAng">
            <dst id="ATLA-M5">3087.64266666667</dst>
            <dst id="ATLAng">42387.704</dst>
            <dst id="CHINng">7606.28</dst>
            <dst id="DNVRng">5907.97066666667</dst>
            <dst id="HSTNng">8427.448</dst>
            <dst id="IPLSng">12142.432</dst>
            <dst id="KSCYng">7518.61866666667</dst>
            <dst id="LOSAng">18709.4746666667</dst>
            <dst id="NYCMng">7907.30666666667</dst>
            <dst id="SNVAng">587.082666666667</dst>
            <dst id="STTLng">7470.02933333333</dst>
            <dst id="WASHng">29641.6746666667</dst>
        </src>
        <src id="CHINng">
            <dst id="ATLA-M5">33.216</dst>
            <dst id="ATLAng">12195.8853333333</dst>
            <dst id="CHINng">92799.7146666667</dst>
            <dst id="DNVRng">6478.288</dst>
            <dst id="HSTNng">5767.25866666667</dst>
            <dst id="IPLSng">48767.6533333333</dst>
            <dst id="KSCYng">22419.1546666667</dst>
            <dst id="LOSAng">67858.9946666667</dst>
            <dst id="NYCMng">14726.264</dst>
            <dst id="SNVAng">932.906666666667</dst>
            <dst id="STTLng">13039.168</dst>
            <dst id="WASHng">25231.3733333333</dst>
        </src>
        <src id="DNVRng">
            <dst id="ATLA-M5">69.5573333333333</dst>
            <dst id="ATLAng">8715.72266666667</dst>
            <dst id="CHINng">46001.4933333333</dst>
            <dst id="DNVRng">13036.208</dst>
            <dst id="HSTNng">26470.4133333333</dst>
            <dst id="IPLSng">23933.376</dst>
            <dst id="KSCYng">31524.5493333333</dst>
            <dst id="LOSAng">15495.944</dst>
            <dst id="NYCMng">11551.7626666667</dst>
            <dst id="SNVAng">11294.0586666667</dst>
            <dst id="STTLng">17841.992</dst>
            <dst id="WASHng">38985.5493333333</dst>
        </src>
        <src id="HSTNng">
            <dst id="ATLA-M5">2648.27733333333</dst>
            <dst id="ATLAng">2772.25066666667</dst>
            <dst id="CHINng">9531</dst>
            <dst id="DNVRng">10234.1253333333</dst>
            <dst id="HSTNng">13433.7946666667</dst>
            <dst id="IPLSng">1682.41333333333</dst>
            <dst id="KSCYng">2665.656</dst>
            <dst id="LOSAng">22075.5333333333</dst>
            <dst id="NYCMng">1209.58133333333</dst>
            <dst id="SNVAng">0</dst>
            <dst id="STTLng">2754.21333333333</dst>
            <dst id="WASHng">4850.584</dst>
        </src>
        <src id="IPLSng">
            <dst id="ATLA-M5">0</dst>
            <dst id="ATLAng">11042.2533333333</dst>
            <dst id="CHINng">54797.608</dst>
            <dst id="DNVRng">4561.20533333333</dst>
            <dst id="HSTNng">2535.992</dst>
            <dst id="IPLSng">59932.4533333333</dst>
            <dst id="KSCYng">5143.81333333333</dst>
            <dst id="LOSAng">58848.8533333333</dst>
            <dst id="NYCMng">20153.0293333333</dst>
            <dst id="SNVAng">1198.73866666667</dst>
            <dst id="STTLng">12342.2773333333</dst>
            <dst id="WASHng">25242.0053333333</dst>
        </src>
        <src id="KSCYng">
            <dst id="ATLA-M5">58.5786666666667</dst>
            <dst id="ATLAng">2373.91733333333</dst>
            <dst id="CHINng">25496.536</dst>
            <dst id="DNVRng">4750.15466666667</dst>
            <dst id="HSTNng">5600.92533333333</dst>
            <dst id="IPLSng">10127.368</dst>
            <dst id="KSCYng">5470.33333333333</dst>
            <dst id="LOSAng">9368.36266666667</dst>
            <dst id="NYCMng">3275.50666666667</dst>
            <dst id="SNVAng">303.013333333333</dst>
            <dst id="STTLng">2269.344</dst>
            <dst id="WASHng">6549.13066666667</dst>
        </src>
        <src id="LOSAng">
            <dst id="ATLA-M5">543.965333333333</dst>
            <dst id="ATLAng">14928.8426666667</dst>
            <dst id="CHINng">86832.696</dst>
            <dst id="DNVRng">12577.5093333333</dst>
            <dst id="HSTNng">9560.59466666667</dst>
            <dst id="IPLSng">47287.0133333333</dst>
            <dst id="KSCYng">6135.79466666667</dst>
            <dst id="LOSAng">21316.592</dst>
            <dst id="NYCMng">102035.285333333</dst>
            <dst id="SNVAng">10408.5253333333</dst>
            <dst id="STTLng">43741.3893333333</dst>
            <dst id="WASHng">107006.301333333</dst>
        </src>
        <src id="NYCMng">
            <dst id="ATLA-M5">103.76</dst>
            <dst id="ATLAng">43874.4373333333</dst>
            <dst id="CHINng">36585.7066666667</dst>
            <dst id="DNVRng">125192.189333333</dst>
            <dst id="HSTNng">5807.704</dst>
            <dst id="IPLSng">49398.0586666667</dst>
            <dst id="KSCYng">19687.5146666667</dst>
            <dst id="LOSAng">103026.325333333</dst>
            <dst id="NYCMng">97464.8906666667</dst>
            <dst id="SNVAng">7564.26666666666</dst>
            <dst id="STTLng">32943.1146666667</dst>
            <dst id="WASHng">82922.4133333333</dst>
        </src>
        <src id="SNVAng">
            <dst id="ATLA-M5">0</dst>
            <dst id="ATLAng">26.6666666666667</dst>
            <dst id="CHINng">136.949333333333</dst>
            <dst id="DNVRng">7499.576</dst>
            <dst id="HSTNng">138.944</dst>
            <dst id="IPLSng">519.304</dst>
            <dst id="KSCYng">106.666666666667</dst>
            <dst id="LOSAng">29988.8053333333</dst>
            <dst id="NYCMng">285.973333333333</dst>
            <dst id="SNVAng">7701.93866666667</dst>
            <dst id="STTLng">22044.4453333333</dst>
            <dst id="WASHng">172.824</dst>
        </src>
        <src id="STTLng">
            <dst id="ATLA-M5">265.173333333333</dst>
            <dst id="ATLAng">11561.8773333333</dst>
            <dst id="CHINng">18991.8533333333</dst>
            <dst id="DNVRng">3632.96</dst>
            <dst id="HSTNng">3344.696</dst>
            <dst id="IPLSng">10209.096</dst>
            <dst id="KSCYng">2494.62666666667</dst>
            <dst id="LOSAng">33427.3093333333</dst>
            <dst id="NYCMng">11692.944</dst>
            <dst id="SNVAng">3498.68533333333</dst>
            <dst id="STTLng">7727.96266666667</dst>
            <dst id="WASHng">8114.71733333333</dst>
        </src>
        <src id="WASHng">
            <dst id="ATLA-M5">905.688</dst>
            <dst id="ATLAng">114464.810666667</dst>
            <dst id="CHINng">70141.6293333333</dst>
            <dst id="DNVRng">75760.9866666667</dst>
            <dst id="HSTNng">31826.4053333333</dst>
            <dst id="IPLSng">45618.0426666667</dst>
            <dst id="KSCYng">16939.8613333333</dst>
            <dst id="LOSAng">114553.658666667</dst>
            <dst id="NYCMng">162602.266666667</dst>
            <dst id="SNVAng">10247.0586666667</dst>
            <dst id="STTLng">37003.704</dst>
            <dst id="WASHng">222077.816</dst>
        </src>
    </IntraTM>
</TrafficMatrixFile>
