<?xml version="1.0" encoding="ISO-8859-1" standalone="yes"?>
<TrafficMatrixFile xsi:noNamespaceSchemaLocation="http://totem.run.montefiore.ulg.ac.be/Schema/TrafficMatrix-v1_2.xsd" xmlns:xsi="http://www.w3.org/2001/XMLSchema-instance">
    <IntraTM ASID="11537">
        <src id="ATLA-M5">
            <dst id="ATLA-M5">135.754666666667</dst>
            <dst id="ATLAng">477.493333333333</dst>
            <dst id="CHINng">110.768</dst>
            <dst id="DNVRng">0</dst>
            <dst id="HSTNng">59.432</dst>
            <dst id="IPLSng">26.6666666666667</dst>
            <dst id="KSCYng">53.3333333333333</dst>
            <dst id="LOSAng">118.645333333333</dst>
            <dst id="NYCMng">54.8293333333333</dst>
            <dst id="SNVAng">0</dst>
            <dst id="STTLng">0</dst>
            <dst id="WASHng">724.488</dst>
        </src>
        <src id="ATLAng">
            <dst id="ATLA-M5">131.704</dst>
            <dst id="ATLAng">43902.928</dst>
            <dst id="CHINng">7143.20533333333</dst>
            <dst id="DNVRng">3610.15466666667</dst>
            <dst id="HSTNng">2103.352</dst>
            <dst id="IPLSng">11138.7813333333</dst>
            <dst id="KSCYng">2545.03466666667</dst>
            <dst id="LOSAng">11789.716</dst>
            <dst id="NYCMng">10392.8533333333</dst>
            <dst id="SNVAng">427.110666666667</dst>
            <dst id="STTLng">4055.344</dst>
            <dst id="WASHng">85961.1466666667</dst>
        </src>
        <src id="CHINng">
            <dst id="ATLA-M5">424.666666666667</dst>
            <dst id="ATLAng">43456.1866666667</dst>
            <dst id="CHINng">99559.1013333333</dst>
            <dst id="DNVRng">9855.10933333333</dst>
            <dst id="HSTNng">3834.97333333333</dst>
            <dst id="IPLSng">19935.4053333333</dst>
            <dst id="KSCYng">3522.22933333333</dst>
            <dst id="LOSAng">35301.2346666667</dst>
            <dst id="NYCMng">7500.84266666667</dst>
            <dst id="SNVAng">457.877333333333</dst>
            <dst id="STTLng">4145.68</dst>
            <dst id="WASHng">20403.0133333333</dst>
        </src>
        <src id="DNVRng">
            <dst id="ATLA-M5">44.96</dst>
            <dst id="ATLAng">5735.76266666667</dst>
            <dst id="CHINng">55769.6986666667</dst>
            <dst id="DNVRng">7253.58933333333</dst>
            <dst id="HSTNng">14676.6186666667</dst>
            <dst id="IPLSng">21255.5573333333</dst>
            <dst id="KSCYng">39047.7653333333</dst>
            <dst id="LOSAng">5620.38933333333</dst>
            <dst id="NYCMng">12862.2373333333</dst>
            <dst id="SNVAng">8645.888</dst>
            <dst id="STTLng">8155.26133333333</dst>
            <dst id="WASHng">27462.784</dst>
        </src>
        <src id="HSTNng">
            <dst id="ATLA-M5">3000.12266666667</dst>
            <dst id="ATLAng">3303.34933333333</dst>
            <dst id="CHINng">19065.5786666667</dst>
            <dst id="DNVRng">666.688</dst>
            <dst id="HSTNng">3640.648</dst>
            <dst id="IPLSng">9419.33333333333</dst>
            <dst id="KSCYng">1498.16</dst>
            <dst id="LOSAng">5108.77333333333</dst>
            <dst id="NYCMng">9654.12266666667</dst>
            <dst id="SNVAng">75.7493333333333</dst>
            <dst id="STTLng">1907.76533333333</dst>
            <dst id="WASHng">3857.224</dst>
        </src>
        <src id="IPLSng">
            <dst id="ATLA-M5">26.6666666666667</dst>
            <dst id="ATLAng">23445.1146666667</dst>
            <dst id="CHINng">87491.1093333333</dst>
            <dst id="DNVRng">2283.216</dst>
            <dst id="HSTNng">8156.93066666667</dst>
            <dst id="IPLSng">10570.4373333333</dst>
            <dst id="KSCYng">5455.73333333333</dst>
            <dst id="LOSAng">34392.736</dst>
            <dst id="NYCMng">23088.6453333333</dst>
            <dst id="SNVAng">230.76</dst>
            <dst id="STTLng">8137.90666666667</dst>
            <dst id="WASHng">19762.0133333333</dst>
        </src>
        <src id="KSCYng">
            <dst id="ATLA-M5">140.298666666667</dst>
            <dst id="ATLAng">3046.696</dst>
            <dst id="CHINng">26909.8666666667</dst>
            <dst id="DNVRng">7507.44</dst>
            <dst id="HSTNng">6847.19733333333</dst>
            <dst id="IPLSng">8488.83733333333</dst>
            <dst id="KSCYng">4033.05866666667</dst>
            <dst id="LOSAng">7121.66666666667</dst>
            <dst id="NYCMng">4173.01333333333</dst>
            <dst id="SNVAng">0</dst>
            <dst id="STTLng">2147.65066666667</dst>
            <dst id="WASHng">12310.5306666667</dst>
        </src>
        <src id="LOSAng">
            <dst id="ATLA-M5">2144.86666666667</dst>
            <dst id="ATLAng">47811.96</dst>
            <dst id="CHINng">136020.917333333</dst>
            <dst id="DNVRng">5988.06133333333</dst>
            <dst id="HSTNng">5415.58133333333</dst>
            <dst id="IPLSng">29198.6613333333</dst>
            <dst id="KSCYng">6783.87733333333</dst>
            <dst id="LOSAng">14804.4613333333</dst>
            <dst id="NYCMng">53374.0026666667</dst>
            <dst id="SNVAng">10313.456</dst>
            <dst id="STTLng">42041.832</dst>
            <dst id="WASHng">67402.056</dst>
        </src>
        <src id="NYCMng">
            <dst id="ATLA-M5">1400.91733333333</dst>
            <dst id="ATLAng">50250.392</dst>
            <dst id="CHINng">49882.8986666667</dst>
            <dst id="DNVRng">96870.4906666667</dst>
            <dst id="HSTNng">6218.68533333333</dst>
            <dst id="IPLSng">32643.1013333333</dst>
            <dst id="KSCYng">8826.22933333333</dst>
            <dst id="LOSAng">59549.784</dst>
            <dst id="NYCMng">110814.981333333</dst>
            <dst id="SNVAng">1802.64533333333</dst>
            <dst id="STTLng">28861.9786666667</dst>
            <dst id="WASHng">87583.7306666667</dst>
        </src>
        <src id="SNVAng">
            <dst id="ATLA-M5">0</dst>
            <dst id="ATLAng">441.533333333333</dst>
            <dst id="CHINng">588.594666666667</dst>
            <dst id="DNVRng">7191.608</dst>
            <dst id="HSTNng">180.554666666667</dst>
            <dst id="IPLSng">5925.43733333333</dst>
            <dst id="KSCYng">282.704</dst>
            <dst id="LOSAng">26875.5333333333</dst>
            <dst id="NYCMng">859.669333333333</dst>
            <dst id="SNVAng">7191.16533333333</dst>
            <dst id="STTLng">22534.8373333333</dst>
            <dst id="WASHng">83.2666666666667</dst>
        </src>
        <src id="STTLng">
            <dst id="ATLA-M5">90.6906666666667</dst>
            <dst id="ATLAng">11176.688</dst>
            <dst id="CHINng">39254.752</dst>
            <dst id="DNVRng">892.845333333333</dst>
            <dst id="HSTNng">2052.14133333333</dst>
            <dst id="IPLSng">8013.42666666667</dst>
            <dst id="KSCYng">1307.98133333333</dst>
            <dst id="LOSAng">22219.96</dst>
            <dst id="NYCMng">10655.208</dst>
            <dst id="SNVAng">2447.304</dst>
            <dst id="STTLng">1087.568</dst>
            <dst id="WASHng">8918.45866666667</dst>
        </src>
        <src id="WASHng">
            <dst id="ATLA-M5">623.010666666667</dst>
            <dst id="ATLAng">126207.312</dst>
            <dst id="CHINng">58454.504</dst>
            <dst id="DNVRng">73072.928</dst>
            <dst id="HSTNng">11568.28</dst>
            <dst id="IPLSng">52498.1866666667</dst>
            <dst id="KSCYng">11654.872</dst>
            <dst id="LOSAng">99878.632</dst>
            <dst id="NYCMng">183250.597333333</dst>
            <dst id="SNVAng">538.136</dst>
            <dst id="STTLng">25025.9573333333</dst>
            <dst id="WASHng">312692.666666667</dst>
        </src>
    </IntraTM>
</TrafficMatrixFile>
