<?xml version="1.0" encoding="ISO-8859-1" standalone="yes"?>
<TrafficMatrixFile xsi:noNamespaceSchemaLocation="http://totem.run.montefiore.ulg.ac.be/Schema/TrafficMatrix-v1_2.xsd" xmlns:xsi="http://www.w3.org/2001/XMLSchema-instance">
    <IntraTM ASID="11537">
        <src id="ATLA-M5">
            <dst id="ATLA-M5">0</dst>
            <dst id="ATLAng">56</dst>
            <dst id="CHINng">238.242666666667</dst>
            <dst id="DNVRng">0</dst>
            <dst id="HSTNng">101.416</dst>
            <dst id="IPLSng">0</dst>
            <dst id="KSCYng">29.7466666666667</dst>
            <dst id="LOSAng">164.897333333333</dst>
            <dst id="NYCMng">0</dst>
            <dst id="SNVAng">57.1533333333333</dst>
            <dst id="STTLng">0</dst>
            <dst id="WASHng">976.696</dst>
        </src>
        <src id="ATLAng">
            <dst id="ATLA-M5">127.853333333333</dst>
            <dst id="ATLAng">27639.2666666667</dst>
            <dst id="CHINng">5415.06133333333</dst>
            <dst id="DNVRng">3449.416</dst>
            <dst id="HSTNng">435.549333333333</dst>
            <dst id="IPLSng">9978.96266666667</dst>
            <dst id="KSCYng">625.464</dst>
            <dst id="LOSAng">14404.984</dst>
            <dst id="NYCMng">5748.09333333333</dst>
            <dst id="SNVAng">49.9253333333333</dst>
            <dst id="STTLng">3480.68266666667</dst>
            <dst id="WASHng">37927.0933333333</dst>
        </src>
        <src id="CHINng">
            <dst id="ATLA-M5">130.506666666667</dst>
            <dst id="ATLAng">40037.4346666667</dst>
            <dst id="CHINng">69992.2666666667</dst>
            <dst id="DNVRng">16055.4346666667</dst>
            <dst id="HSTNng">4720.816</dst>
            <dst id="IPLSng">28079.048</dst>
            <dst id="KSCYng">14110.1546666667</dst>
            <dst id="LOSAng">49185.944</dst>
            <dst id="NYCMng">5105.93066666667</dst>
            <dst id="SNVAng">323.530666666667</dst>
            <dst id="STTLng">9236.10933333333</dst>
            <dst id="WASHng">13840.456</dst>
        </src>
        <src id="DNVRng">
            <dst id="ATLA-M5">40</dst>
            <dst id="ATLAng">4597.15466666667</dst>
            <dst id="CHINng">49533.344</dst>
            <dst id="DNVRng">15510.9253333333</dst>
            <dst id="HSTNng">27918.9573333333</dst>
            <dst id="IPLSng">21809.2</dst>
            <dst id="KSCYng">28444.7333333333</dst>
            <dst id="LOSAng">11818.872</dst>
            <dst id="NYCMng">17092.432</dst>
            <dst id="SNVAng">13920.7173333333</dst>
            <dst id="STTLng">17048.3173333333</dst>
            <dst id="WASHng">35468.928</dst>
        </src>
        <src id="HSTNng">
            <dst id="ATLA-M5">3287.50933333333</dst>
            <dst id="ATLAng">14773.736</dst>
            <dst id="CHINng">9779.88</dst>
            <dst id="DNVRng">1979</dst>
            <dst id="HSTNng">3263.216</dst>
            <dst id="IPLSng">844.474666666667</dst>
            <dst id="KSCYng">4026.576</dst>
            <dst id="LOSAng">8432.272</dst>
            <dst id="NYCMng">1797.69066666667</dst>
            <dst id="SNVAng">0</dst>
            <dst id="STTLng">2013.21333333333</dst>
            <dst id="WASHng">2128.33066666667</dst>
        </src>
        <src id="IPLSng">
            <dst id="ATLA-M5">0</dst>
            <dst id="ATLAng">11718.8773333333</dst>
            <dst id="CHINng">73709.7226666667</dst>
            <dst id="DNVRng">6875.74933333334</dst>
            <dst id="HSTNng">2196.18666666667</dst>
            <dst id="IPLSng">10836.5386666667</dst>
            <dst id="KSCYng">2248.69333333333</dst>
            <dst id="LOSAng">67194.8053333333</dst>
            <dst id="NYCMng">25738.608</dst>
            <dst id="SNVAng">1148.84266666667</dst>
            <dst id="STTLng">11904.1893333333</dst>
            <dst id="WASHng">14247.2986666667</dst>
        </src>
        <src id="KSCYng">
            <dst id="ATLA-M5">0</dst>
            <dst id="ATLAng">2068.792</dst>
            <dst id="CHINng">18131.2826666667</dst>
            <dst id="DNVRng">14844.032</dst>
            <dst id="HSTNng">3435.728</dst>
            <dst id="IPLSng">19482.4746666667</dst>
            <dst id="KSCYng">10127.3066666667</dst>
            <dst id="LOSAng">8909.504</dst>
            <dst id="NYCMng">4933.928</dst>
            <dst id="SNVAng">311.770666666667</dst>
            <dst id="STTLng">3630.03466666667</dst>
            <dst id="WASHng">7128.68266666667</dst>
        </src>
        <src id="LOSAng">
            <dst id="ATLA-M5">26.6666666666667</dst>
            <dst id="ATLAng">42574.3146666667</dst>
            <dst id="CHINng">105078.48</dst>
            <dst id="DNVRng">14660.752</dst>
            <dst id="HSTNng">5115.67733333333</dst>
            <dst id="IPLSng">32090.3813333333</dst>
            <dst id="KSCYng">2087.68</dst>
            <dst id="LOSAng">21099.6</dst>
            <dst id="NYCMng">61651.8426666667</dst>
            <dst id="SNVAng">5428.36266666667</dst>
            <dst id="STTLng">38066.04</dst>
            <dst id="WASHng">94966.6186666667</dst>
        </src>
        <src id="NYCMng">
            <dst id="ATLA-M5">503.978666666667</dst>
            <dst id="ATLAng">35299.2906666667</dst>
            <dst id="CHINng">51159.3333333334</dst>
            <dst id="DNVRng">23973.5173333333</dst>
            <dst id="HSTNng">10389.512</dst>
            <dst id="IPLSng">24032.928</dst>
            <dst id="KSCYng">8130.00533333333</dst>
            <dst id="LOSAng">85199.24</dst>
            <dst id="NYCMng">96613.9946666667</dst>
            <dst id="SNVAng">3219.184</dst>
            <dst id="STTLng">23564.1866666667</dst>
            <dst id="WASHng">55418.872</dst>
        </src>
        <src id="SNVAng">
            <dst id="ATLA-M5">0</dst>
            <dst id="ATLAng">26.6666666666667</dst>
            <dst id="CHINng">168.554666666667</dst>
            <dst id="DNVRng">9412.664</dst>
            <dst id="HSTNng">187.765333333333</dst>
            <dst id="IPLSng">5609.65066666667</dst>
            <dst id="KSCYng">92.688</dst>
            <dst id="LOSAng">51880.0746666667</dst>
            <dst id="NYCMng">399.941333333333</dst>
            <dst id="SNVAng">8062.272</dst>
            <dst id="STTLng">24518.9386666667</dst>
            <dst id="WASHng">26.6666666666667</dst>
        </src>
        <src id="STTLng">
            <dst id="ATLA-M5">0</dst>
            <dst id="ATLAng">9143.04533333333</dst>
            <dst id="CHINng">21743.088</dst>
            <dst id="DNVRng">1131.00266666667</dst>
            <dst id="HSTNng">2411.536</dst>
            <dst id="IPLSng">12001.56</dst>
            <dst id="KSCYng">2939.37066666667</dst>
            <dst id="LOSAng">29156.2613333333</dst>
            <dst id="NYCMng">11463.8293333333</dst>
            <dst id="SNVAng">4132.67733333333</dst>
            <dst id="STTLng">3614.45866666667</dst>
            <dst id="WASHng">13840.3146666667</dst>
        </src>
        <src id="WASHng">
            <dst id="ATLA-M5">68.1413333333333</dst>
            <dst id="ATLAng">91533</dst>
            <dst id="CHINng">99258.3893333334</dst>
            <dst id="DNVRng">64330.84</dst>
            <dst id="HSTNng">16701.9333333333</dst>
            <dst id="IPLSng">35795.5146666667</dst>
            <dst id="KSCYng">19019.3466666667</dst>
            <dst id="LOSAng">133400.488</dst>
            <dst id="NYCMng">154784.437333333</dst>
            <dst id="SNVAng">476.426666666667</dst>
            <dst id="STTLng">53230.7466666667</dst>
            <dst id="WASHng">200430.442666667</dst>
        </src>
    </IntraTM>
</TrafficMatrixFile>
