<?xml version="1.0" encoding="ISO-8859-1" standalone="yes"?>
<TrafficMatrixFile xsi:noNamespaceSchemaLocation="http://totem.run.montefiore.ulg.ac.be/Schema/TrafficMatrix-v1_2.xsd" xmlns:xsi="http://www.w3.org/2001/XMLSchema-instance">
    <IntraTM ASID="11537">
        <src id="ATLA-M5">
            <dst id="ATLA-M5">0</dst>
            <dst id="ATLAng">0</dst>
            <dst id="CHINng">91.1306666666667</dst>
            <dst id="DNVRng">0</dst>
            <dst id="HSTNng">58.2106666666667</dst>
            <dst id="IPLSng">81.7893333333333</dst>
            <dst id="KSCYng">28.6853333333333</dst>
            <dst id="LOSAng">189.602666666667</dst>
            <dst id="NYCMng">0</dst>
            <dst id="SNVAng">0</dst>
            <dst id="STTLng">26.6666666666667</dst>
            <dst id="WASHng">209.962666666667</dst>
        </src>
        <src id="ATLAng">
            <dst id="ATLA-M5">92.368</dst>
            <dst id="ATLAng">27189.672</dst>
            <dst id="CHINng">9723.90666666667</dst>
            <dst id="DNVRng">5740.864</dst>
            <dst id="HSTNng">4773.67733333333</dst>
            <dst id="IPLSng">14929.9946666667</dst>
            <dst id="KSCYng">1465.62133333333</dst>
            <dst id="LOSAng">14404.8053333333</dst>
            <dst id="NYCMng">4576.10933333333</dst>
            <dst id="SNVAng">65.3893333333333</dst>
            <dst id="STTLng">4072.504</dst>
            <dst id="WASHng">27571.0186666667</dst>
        </src>
        <src id="CHINng">
            <dst id="ATLA-M5">139.285333333333</dst>
            <dst id="ATLAng">10827.776</dst>
            <dst id="CHINng">177198.434666667</dst>
            <dst id="DNVRng">17536.248</dst>
            <dst id="HSTNng">4870.8</dst>
            <dst id="IPLSng">37497.3573333333</dst>
            <dst id="KSCYng">14864.0186666667</dst>
            <dst id="LOSAng">63446.3813333334</dst>
            <dst id="NYCMng">6874.496</dst>
            <dst id="SNVAng">265.773333333333</dst>
            <dst id="STTLng">8969.53866666667</dst>
            <dst id="WASHng">19470.392</dst>
        </src>
        <src id="DNVRng">
            <dst id="ATLA-M5">0</dst>
            <dst id="ATLAng">7924.768</dst>
            <dst id="CHINng">46607.9973333333</dst>
            <dst id="DNVRng">22218.7626666667</dst>
            <dst id="HSTNng">19194.0906666667</dst>
            <dst id="IPLSng">21734.3626666667</dst>
            <dst id="KSCYng">13669.0666666667</dst>
            <dst id="LOSAng">8535.84533333333</dst>
            <dst id="NYCMng">23156.2106666667</dst>
            <dst id="SNVAng">6366.15733333333</dst>
            <dst id="STTLng">6736.27733333333</dst>
            <dst id="WASHng">42551.3173333333</dst>
        </src>
        <src id="HSTNng">
            <dst id="ATLA-M5">2009.44266666667</dst>
            <dst id="ATLAng">3493.824</dst>
            <dst id="CHINng">13935.1786666667</dst>
            <dst id="DNVRng">2540.016</dst>
            <dst id="HSTNng">6583.09333333333</dst>
            <dst id="IPLSng">464.021333333333</dst>
            <dst id="KSCYng">1710.71733333333</dst>
            <dst id="LOSAng">14101.984</dst>
            <dst id="NYCMng">2132.90933333333</dst>
            <dst id="SNVAng">0</dst>
            <dst id="STTLng">880.349333333333</dst>
            <dst id="WASHng">2571.67733333333</dst>
        </src>
        <src id="IPLSng">
            <dst id="ATLA-M5">0</dst>
            <dst id="ATLAng">9114.89866666667</dst>
            <dst id="CHINng">64546.1413333333</dst>
            <dst id="DNVRng">4664.192</dst>
            <dst id="HSTNng">3594.88</dst>
            <dst id="IPLSng">26007.4933333333</dst>
            <dst id="KSCYng">3969.67733333333</dst>
            <dst id="LOSAng">69583.96</dst>
            <dst id="NYCMng">26273.3093333333</dst>
            <dst id="SNVAng">1313.82933333333</dst>
            <dst id="STTLng">13229.848</dst>
            <dst id="WASHng">6791.44</dst>
        </src>
        <src id="KSCYng">
            <dst id="ATLA-M5">26.6666666666667</dst>
            <dst id="ATLAng">1171.544</dst>
            <dst id="CHINng">22120.7573333333</dst>
            <dst id="DNVRng">12114.432</dst>
            <dst id="HSTNng">2215.12533333333</dst>
            <dst id="IPLSng">9150.112</dst>
            <dst id="KSCYng">3839.992</dst>
            <dst id="LOSAng">4931.27466666667</dst>
            <dst id="NYCMng">2581.12533333333</dst>
            <dst id="SNVAng">367.434666666667</dst>
            <dst id="STTLng">1217.384</dst>
            <dst id="WASHng">7321.44266666666</dst>
        </src>
        <src id="LOSAng">
            <dst id="ATLA-M5">53.3333333333333</dst>
            <dst id="ATLAng">11642.208</dst>
            <dst id="CHINng">102069.48</dst>
            <dst id="DNVRng">7079.09333333333</dst>
            <dst id="HSTNng">15071.408</dst>
            <dst id="IPLSng">30043.7973333333</dst>
            <dst id="KSCYng">5350.52266666667</dst>
            <dst id="LOSAng">22705.944</dst>
            <dst id="NYCMng">65847.0906666667</dst>
            <dst id="SNVAng">5840.58933333333</dst>
            <dst id="STTLng">56596.672</dst>
            <dst id="WASHng">93953.7973333333</dst>
        </src>
        <src id="NYCMng">
            <dst id="ATLA-M5">978.056</dst>
            <dst id="ATLAng">25016.1946666667</dst>
            <dst id="CHINng">48087.72</dst>
            <dst id="DNVRng">112213.253333333</dst>
            <dst id="HSTNng">14190.176</dst>
            <dst id="IPLSng">26602.5173333333</dst>
            <dst id="KSCYng">8942.664</dst>
            <dst id="LOSAng">92646.7866666666</dst>
            <dst id="NYCMng">61745.2266666667</dst>
            <dst id="SNVAng">1541.46666666667</dst>
            <dst id="STTLng">27648.6346666667</dst>
            <dst id="WASHng">56180.0506666667</dst>
        </src>
        <src id="SNVAng">
            <dst id="ATLA-M5">0</dst>
            <dst id="ATLAng">26.6666666666667</dst>
            <dst id="CHINng">275.893333333333</dst>
            <dst id="DNVRng">808.752</dst>
            <dst id="HSTNng">63.04</dst>
            <dst id="IPLSng">295.616</dst>
            <dst id="KSCYng">19118.696</dst>
            <dst id="LOSAng">38759.2053333333</dst>
            <dst id="NYCMng">163.754666666667</dst>
            <dst id="SNVAng">9928.98133333333</dst>
            <dst id="STTLng">31037.824</dst>
            <dst id="WASHng">53.3333333333333</dst>
        </src>
        <src id="STTLng">
            <dst id="ATLA-M5">54.2373333333333</dst>
            <dst id="ATLAng">9513.10133333333</dst>
            <dst id="CHINng">26563.3706666667</dst>
            <dst id="DNVRng">1771.18666666667</dst>
            <dst id="HSTNng">696.909333333333</dst>
            <dst id="IPLSng">4480.24266666667</dst>
            <dst id="KSCYng">2772.74666666667</dst>
            <dst id="LOSAng">27058.0586666667</dst>
            <dst id="NYCMng">8196.21866666667</dst>
            <dst id="SNVAng">2856.744</dst>
            <dst id="STTLng">2393.168</dst>
            <dst id="WASHng">5189.92266666667</dst>
        </src>
        <src id="WASHng">
            <dst id="ATLA-M5">113.544</dst>
            <dst id="ATLAng">62945.512</dst>
            <dst id="CHINng">83807.56</dst>
            <dst id="DNVRng">36802.7813333333</dst>
            <dst id="HSTNng">14536.6266666667</dst>
            <dst id="IPLSng">45478.7493333333</dst>
            <dst id="KSCYng">8170.91733333333</dst>
            <dst id="LOSAng">132955.541333333</dst>
            <dst id="NYCMng">177153.104</dst>
            <dst id="SNVAng">5244.568</dst>
            <dst id="STTLng">51849.96</dst>
            <dst id="WASHng">234320.373333333</dst>
        </src>
    </IntraTM>
</TrafficMatrixFile>
