<?xml version="1.0" encoding="ISO-8859-1" standalone="yes"?>
<TrafficMatrixFile xsi:noNamespaceSchemaLocation="http://totem.run.montefiore.ulg.ac.be/Schema/TrafficMatrix-v1_2.xsd" xmlns:xsi="http://www.w3.org/2001/XMLSchema-instance">
    <IntraTM ASID="11537">
        <src id="ATLA-M5">
            <dst id="ATLA-M5">53.3333333333333</dst>
            <dst id="ATLAng">293.736</dst>
            <dst id="CHINng">160.784</dst>
            <dst id="DNVRng">0</dst>
            <dst id="HSTNng">53.3333333333333</dst>
            <dst id="IPLSng">106.672</dst>
            <dst id="KSCYng">172.56</dst>
            <dst id="LOSAng">67.136</dst>
            <dst id="NYCMng">480.813333333333</dst>
            <dst id="SNVAng">0</dst>
            <dst id="STTLng">0</dst>
            <dst id="WASHng">141.677333333333</dst>
        </src>
        <src id="ATLAng">
            <dst id="ATLA-M5">347.096</dst>
            <dst id="ATLAng">31497.8053333333</dst>
            <dst id="CHINng">6294.51733333333</dst>
            <dst id="DNVRng">15068.5306666667</dst>
            <dst id="HSTNng">9309.504</dst>
            <dst id="IPLSng">17246.5386666667</dst>
            <dst id="KSCYng">523.88</dst>
            <dst id="LOSAng">35401.5146666667</dst>
            <dst id="NYCMng">10917.7733333333</dst>
            <dst id="SNVAng">505.878666666667</dst>
            <dst id="STTLng">6577.74133333333</dst>
            <dst id="WASHng">33182.168</dst>
        </src>
        <src id="CHINng">
            <dst id="ATLA-M5">324.229333333333</dst>
            <dst id="ATLAng">31798.5626666667</dst>
            <dst id="CHINng">64159.5653333333</dst>
            <dst id="DNVRng">7529.76266666667</dst>
            <dst id="HSTNng">5930.35733333333</dst>
            <dst id="IPLSng">34010.5866666667</dst>
            <dst id="KSCYng">4413.192</dst>
            <dst id="LOSAng">48757.8213333333</dst>
            <dst id="NYCMng">10337.736</dst>
            <dst id="SNVAng">1144.8</dst>
            <dst id="STTLng">6231.17866666667</dst>
            <dst id="WASHng">35754.1413333333</dst>
        </src>
        <src id="DNVRng">
            <dst id="ATLA-M5">145.92</dst>
            <dst id="ATLAng">21310.488</dst>
            <dst id="CHINng">38618.016</dst>
            <dst id="DNVRng">23371.976</dst>
            <dst id="HSTNng">15562.0026666667</dst>
            <dst id="IPLSng">23066.336</dst>
            <dst id="KSCYng">6135.18666666667</dst>
            <dst id="LOSAng">12721.112</dst>
            <dst id="NYCMng">9023.78666666667</dst>
            <dst id="SNVAng">4860.424</dst>
            <dst id="STTLng">6049.99733333333</dst>
            <dst id="WASHng">28154.6293333333</dst>
        </src>
        <src id="HSTNng">
            <dst id="ATLA-M5">179.725333333333</dst>
            <dst id="ATLAng">27235.9573333333</dst>
            <dst id="CHINng">9899.232</dst>
            <dst id="DNVRng">1256.01333333333</dst>
            <dst id="HSTNng">9660.58133333333</dst>
            <dst id="IPLSng">4450.528</dst>
            <dst id="KSCYng">2282.73066666667</dst>
            <dst id="LOSAng">7871.41866666667</dst>
            <dst id="NYCMng">1323.77866666667</dst>
            <dst id="SNVAng">0</dst>
            <dst id="STTLng">1578.71466666667</dst>
            <dst id="WASHng">4399.224</dst>
        </src>
        <src id="IPLSng">
            <dst id="ATLA-M5">285.389333333333</dst>
            <dst id="ATLAng">34442.0453333333</dst>
            <dst id="CHINng">67526.8293333333</dst>
            <dst id="DNVRng">3961.008</dst>
            <dst id="HSTNng">2967.46933333333</dst>
            <dst id="IPLSng">9540.232</dst>
            <dst id="KSCYng">2520.46933333333</dst>
            <dst id="LOSAng">87259.0026666667</dst>
            <dst id="NYCMng">27332.6106666667</dst>
            <dst id="SNVAng">640.405333333333</dst>
            <dst id="STTLng">8252.28533333333</dst>
            <dst id="WASHng">15817.1306666667</dst>
        </src>
        <src id="KSCYng">
            <dst id="ATLA-M5">665.032</dst>
            <dst id="ATLAng">2717.65333333333</dst>
            <dst id="CHINng">14887.7573333333</dst>
            <dst id="DNVRng">15048.3946666667</dst>
            <dst id="HSTNng">3969.20533333333</dst>
            <dst id="IPLSng">5701.48266666667</dst>
            <dst id="KSCYng">3603.21866666667</dst>
            <dst id="LOSAng">5956.848</dst>
            <dst id="NYCMng">3708.29866666667</dst>
            <dst id="SNVAng">178.845333333333</dst>
            <dst id="STTLng">784.781333333333</dst>
            <dst id="WASHng">14487.1546666667</dst>
        </src>
        <src id="LOSAng">
            <dst id="ATLA-M5">867.872</dst>
            <dst id="ATLAng">38117.4453333333</dst>
            <dst id="CHINng">99836.472</dst>
            <dst id="DNVRng">35048.0613333333</dst>
            <dst id="HSTNng">4895.81066666667</dst>
            <dst id="IPLSng">28611.4106666667</dst>
            <dst id="KSCYng">3177.73333333333</dst>
            <dst id="LOSAng">20257.2773333333</dst>
            <dst id="NYCMng">59346.712</dst>
            <dst id="SNVAng">12427.136</dst>
            <dst id="STTLng">33726.7786666667</dst>
            <dst id="WASHng">128025.362666667</dst>
        </src>
        <src id="NYCMng">
            <dst id="ATLA-M5">245.146666666667</dst>
            <dst id="ATLAng">43477.6693333333</dst>
            <dst id="CHINng">33435.4133333333</dst>
            <dst id="DNVRng">26060.9306666667</dst>
            <dst id="HSTNng">7744.57066666667</dst>
            <dst id="IPLSng">28327.5253333333</dst>
            <dst id="KSCYng">8453.50933333333</dst>
            <dst id="LOSAng">77750.4693333333</dst>
            <dst id="NYCMng">70401.1306666667</dst>
            <dst id="SNVAng">3386.92</dst>
            <dst id="STTLng">23974.7573333333</dst>
            <dst id="WASHng">67303.6053333333</dst>
        </src>
        <src id="SNVAng">
            <dst id="ATLA-M5">0</dst>
            <dst id="ATLAng">589.050666666667</dst>
            <dst id="CHINng">211.328</dst>
            <dst id="DNVRng">18968.6106666667</dst>
            <dst id="HSTNng">357.482666666667</dst>
            <dst id="IPLSng">1497.08533333333</dst>
            <dst id="KSCYng">69.96</dst>
            <dst id="LOSAng">23554.8026666667</dst>
            <dst id="NYCMng">600.373333333333</dst>
            <dst id="SNVAng">9461.28</dst>
            <dst id="STTLng">25213.3493333333</dst>
            <dst id="WASHng">114.346666666667</dst>
        </src>
        <src id="STTLng">
            <dst id="ATLA-M5">124.32</dst>
            <dst id="ATLAng">13169.4613333333</dst>
            <dst id="CHINng">19695.6746666667</dst>
            <dst id="DNVRng">2363.88</dst>
            <dst id="HSTNng">2627.84</dst>
            <dst id="IPLSng">9596.02666666667</dst>
            <dst id="KSCYng">3102.14133333333</dst>
            <dst id="LOSAng">32463.3093333333</dst>
            <dst id="NYCMng">6570.992</dst>
            <dst id="SNVAng">8813.368</dst>
            <dst id="STTLng">2492.04533333333</dst>
            <dst id="WASHng">9791.34933333333</dst>
        </src>
        <src id="WASHng">
            <dst id="ATLA-M5">53.3333333333333</dst>
            <dst id="ATLAng">150166.925333333</dst>
            <dst id="CHINng">60955.496</dst>
            <dst id="DNVRng">33315.0213333333</dst>
            <dst id="HSTNng">8251.41866666667</dst>
            <dst id="IPLSng">37328.3173333333</dst>
            <dst id="KSCYng">11740.9253333333</dst>
            <dst id="LOSAng">112118.304</dst>
            <dst id="NYCMng">193186.002666667</dst>
            <dst id="SNVAng">1873.40266666667</dst>
            <dst id="STTLng">44975.8453333333</dst>
            <dst id="WASHng">130236.573333333</dst>
        </src>
    </IntraTM>
</TrafficMatrixFile>
