<?xml version="1.0" encoding="ISO-8859-1" standalone="yes"?>
<TrafficMatrixFile xsi:noNamespaceSchemaLocation="http://totem.run.montefiore.ulg.ac.be/Schema/TrafficMatrix-v1_2.xsd" xmlns:xsi="http://www.w3.org/2001/XMLSchema-instance">
    <IntraTM ASID="11537">
        <src id="ATLA-M5">
            <dst id="ATLA-M5">0</dst>
            <dst id="ATLAng">84.2773333333333</dst>
            <dst id="CHINng">116.418666666667</dst>
            <dst id="DNVRng">0</dst>
            <dst id="HSTNng">26.6666666666667</dst>
            <dst id="IPLSng">26.6666666666667</dst>
            <dst id="KSCYng">0</dst>
            <dst id="LOSAng">348.373333333333</dst>
            <dst id="NYCMng">26.6666666666667</dst>
            <dst id="SNVAng">0</dst>
            <dst id="STTLng">0</dst>
            <dst id="WASHng">1079.96266666667</dst>
        </src>
        <src id="ATLAng">
            <dst id="ATLA-M5">1836.65866666667</dst>
            <dst id="ATLAng">58665.072</dst>
            <dst id="CHINng">4536.26133333333</dst>
            <dst id="DNVRng">4695.29066666667</dst>
            <dst id="HSTNng">2975.92</dst>
            <dst id="IPLSng">12347.6213333333</dst>
            <dst id="KSCYng">497.210666666667</dst>
            <dst id="LOSAng">14200.592</dst>
            <dst id="NYCMng">7705.92266666667</dst>
            <dst id="SNVAng">68.584</dst>
            <dst id="STTLng">4867.49333333333</dst>
            <dst id="WASHng">46675.8186666667</dst>
        </src>
        <src id="CHINng">
            <dst id="ATLA-M5">292.669333333333</dst>
            <dst id="ATLAng">42478.616</dst>
            <dst id="CHINng">106497.970666667</dst>
            <dst id="DNVRng">12467.9946666667</dst>
            <dst id="HSTNng">6157.072</dst>
            <dst id="IPLSng">15103.5893333333</dst>
            <dst id="KSCYng">8235.66933333334</dst>
            <dst id="LOSAng">46297.2586666667</dst>
            <dst id="NYCMng">7412.80266666667</dst>
            <dst id="SNVAng">222.056</dst>
            <dst id="STTLng">5899.54666666667</dst>
            <dst id="WASHng">15489.2133333333</dst>
        </src>
        <src id="DNVRng">
            <dst id="ATLA-M5">94.1733333333333</dst>
            <dst id="ATLAng">2783.48</dst>
            <dst id="CHINng">46747.08</dst>
            <dst id="DNVRng">11102.7626666667</dst>
            <dst id="HSTNng">17186.0053333333</dst>
            <dst id="IPLSng">20281.4613333333</dst>
            <dst id="KSCYng">18449.368</dst>
            <dst id="LOSAng">12738.9013333333</dst>
            <dst id="NYCMng">12492.8693333333</dst>
            <dst id="SNVAng">11284.2</dst>
            <dst id="STTLng">7246.32266666667</dst>
            <dst id="WASHng">35797.456</dst>
        </src>
        <src id="HSTNng">
            <dst id="ATLA-M5">363.968</dst>
            <dst id="ATLAng">16339.904</dst>
            <dst id="CHINng">20087.9893333333</dst>
            <dst id="DNVRng">1369.06133333333</dst>
            <dst id="HSTNng">2366.144</dst>
            <dst id="IPLSng">1613.672</dst>
            <dst id="KSCYng">1293.19466666667</dst>
            <dst id="LOSAng">5790.65333333333</dst>
            <dst id="NYCMng">1920.42933333333</dst>
            <dst id="SNVAng">0</dst>
            <dst id="STTLng">2456.89333333333</dst>
            <dst id="WASHng">2215.64533333333</dst>
        </src>
        <src id="IPLSng">
            <dst id="ATLA-M5">0</dst>
            <dst id="ATLAng">12152.0826666667</dst>
            <dst id="CHINng">66425.5093333333</dst>
            <dst id="DNVRng">1926.92266666667</dst>
            <dst id="HSTNng">1106.672</dst>
            <dst id="IPLSng">10097.296</dst>
            <dst id="KSCYng">7009.008</dst>
            <dst id="LOSAng">94647.736</dst>
            <dst id="NYCMng">18612.288</dst>
            <dst id="SNVAng">4161.61333333333</dst>
            <dst id="STTLng">10153.5146666667</dst>
            <dst id="WASHng">12192.28</dst>
        </src>
        <src id="KSCYng">
            <dst id="ATLA-M5">0</dst>
            <dst id="ATLAng">802.088</dst>
            <dst id="CHINng">15975.2666666667</dst>
            <dst id="DNVRng">13757.3813333333</dst>
            <dst id="HSTNng">3548.97866666667</dst>
            <dst id="IPLSng">15062.0853333333</dst>
            <dst id="KSCYng">4761.42133333333</dst>
            <dst id="LOSAng">4125.31733333333</dst>
            <dst id="NYCMng">3568.544</dst>
            <dst id="SNVAng">1255.904</dst>
            <dst id="STTLng">1725.552</dst>
            <dst id="WASHng">5620.56</dst>
        </src>
        <src id="LOSAng">
            <dst id="ATLA-M5">155.477333333333</dst>
            <dst id="ATLAng">50325.6906666667</dst>
            <dst id="CHINng">120570.216</dst>
            <dst id="DNVRng">5787.912</dst>
            <dst id="HSTNng">4554.01066666667</dst>
            <dst id="IPLSng">20528.0986666667</dst>
            <dst id="KSCYng">2031.73333333333</dst>
            <dst id="LOSAng">23089.3786666667</dst>
            <dst id="NYCMng">62051.1253333333</dst>
            <dst id="SNVAng">4293.49333333333</dst>
            <dst id="STTLng">36466.9466666667</dst>
            <dst id="WASHng">89485.288</dst>
        </src>
        <src id="NYCMng">
            <dst id="ATLA-M5">281.445333333333</dst>
            <dst id="ATLAng">26095.5173333333</dst>
            <dst id="CHINng">44490.856</dst>
            <dst id="DNVRng">27340.4053333333</dst>
            <dst id="HSTNng">5702.60533333333</dst>
            <dst id="IPLSng">18639.3413333333</dst>
            <dst id="KSCYng">4882.05866666667</dst>
            <dst id="LOSAng">88110.0533333333</dst>
            <dst id="NYCMng">111302.616</dst>
            <dst id="SNVAng">2046.07466666667</dst>
            <dst id="STTLng">22683.488</dst>
            <dst id="WASHng">44868.0693333333</dst>
        </src>
        <src id="SNVAng">
            <dst id="ATLA-M5">0</dst>
            <dst id="ATLAng">26.6666666666667</dst>
            <dst id="CHINng">370.570666666667</dst>
            <dst id="DNVRng">15182.5493333333</dst>
            <dst id="HSTNng">101.749333333333</dst>
            <dst id="IPLSng">7570.69866666667</dst>
            <dst id="KSCYng">89.7733333333333</dst>
            <dst id="LOSAng">35274.5733333333</dst>
            <dst id="NYCMng">330.730666666667</dst>
            <dst id="SNVAng">8013.04</dst>
            <dst id="STTLng">23113.0773333333</dst>
            <dst id="WASHng">0</dst>
        </src>
        <src id="STTLng">
            <dst id="ATLA-M5">0</dst>
            <dst id="ATLAng">7401.79466666666</dst>
            <dst id="CHINng">32207.4693333333</dst>
            <dst id="DNVRng">1048.18933333333</dst>
            <dst id="HSTNng">1064.00533333333</dst>
            <dst id="IPLSng">3167.36</dst>
            <dst id="KSCYng">1696.93333333333</dst>
            <dst id="LOSAng">24214.5893333333</dst>
            <dst id="NYCMng">9258.32</dst>
            <dst id="SNVAng">2817.264</dst>
            <dst id="STTLng">2401.14666666667</dst>
            <dst id="WASHng">3645.59733333333</dst>
        </src>
        <src id="WASHng">
            <dst id="ATLA-M5">0</dst>
            <dst id="ATLAng">76834.1173333333</dst>
            <dst id="CHINng">80510.6373333333</dst>
            <dst id="DNVRng">63180.752</dst>
            <dst id="HSTNng">18633.0586666667</dst>
            <dst id="IPLSng">28356.1253333333</dst>
            <dst id="KSCYng">11868.1786666667</dst>
            <dst id="LOSAng">112487.978666667</dst>
            <dst id="NYCMng">131095.709333333</dst>
            <dst id="SNVAng">384.365333333333</dst>
            <dst id="STTLng">33455.0586666667</dst>
            <dst id="WASHng">276651.44</dst>
        </src>
    </IntraTM>
</TrafficMatrixFile>
