<?xml version="1.0" encoding="ISO-8859-1" standalone="yes"?>
<TrafficMatrixFile xsi:noNamespaceSchemaLocation="http://totem.run.montefiore.ulg.ac.be/Schema/TrafficMatrix-v1_2.xsd" xmlns:xsi="http://www.w3.org/2001/XMLSchema-instance">
    <IntraTM ASID="11537">
        <src id="ATLA-M5">
            <dst id="ATLA-M5">0</dst>
            <dst id="ATLAng">94.1333333333333</dst>
            <dst id="CHINng">61.888</dst>
            <dst id="DNVRng">26.6666666666667</dst>
            <dst id="HSTNng">118.584</dst>
            <dst id="IPLSng">428.469333333333</dst>
            <dst id="KSCYng">159.293333333333</dst>
            <dst id="LOSAng">93.3333333333333</dst>
            <dst id="NYCMng">0</dst>
            <dst id="SNVAng">13.3333333333333</dst>
            <dst id="STTLng">26.6666666666667</dst>
            <dst id="WASHng">312.536</dst>
        </src>
        <src id="ATLAng">
            <dst id="ATLA-M5">168.413333333333</dst>
            <dst id="ATLAng">28609.7893333333</dst>
            <dst id="CHINng">3862.42933333333</dst>
            <dst id="DNVRng">11715.3146666667</dst>
            <dst id="HSTNng">1223.648</dst>
            <dst id="IPLSng">15016.9466666667</dst>
            <dst id="KSCYng">803.354666666667</dst>
            <dst id="LOSAng">41445.8026666667</dst>
            <dst id="NYCMng">9097.21066666666</dst>
            <dst id="SNVAng">43.8133333333333</dst>
            <dst id="STTLng">7816.54933333333</dst>
            <dst id="WASHng">25893.0773333333</dst>
        </src>
        <src id="CHINng">
            <dst id="ATLA-M5">73.488</dst>
            <dst id="ATLAng">31922.8586666667</dst>
            <dst id="CHINng">76157.2186666667</dst>
            <dst id="DNVRng">16249.3946666667</dst>
            <dst id="HSTNng">6050.97066666667</dst>
            <dst id="IPLSng">20919.256</dst>
            <dst id="KSCYng">3813.04266666667</dst>
            <dst id="LOSAng">46872.984</dst>
            <dst id="NYCMng">6256.97866666667</dst>
            <dst id="SNVAng">767.184</dst>
            <dst id="STTLng">12726.0933333333</dst>
            <dst id="WASHng">29679.0853333333</dst>
        </src>
        <src id="DNVRng">
            <dst id="ATLA-M5">178.357333333333</dst>
            <dst id="ATLAng">20307.48</dst>
            <dst id="CHINng">40121.6826666667</dst>
            <dst id="DNVRng">28418.504</dst>
            <dst id="HSTNng">16934.4106666667</dst>
            <dst id="IPLSng">18751.9733333333</dst>
            <dst id="KSCYng">11995.3493333333</dst>
            <dst id="LOSAng">14169.6773333333</dst>
            <dst id="NYCMng">10123.728</dst>
            <dst id="SNVAng">4620.664</dst>
            <dst id="STTLng">7315.62133333333</dst>
            <dst id="WASHng">28417.824</dst>
        </src>
        <src id="HSTNng">
            <dst id="ATLA-M5">1974.93333333333</dst>
            <dst id="ATLAng">18017.9386666667</dst>
            <dst id="CHINng">11491.6666666667</dst>
            <dst id="DNVRng">1633.76</dst>
            <dst id="HSTNng">8200.68266666667</dst>
            <dst id="IPLSng">4935.11466666667</dst>
            <dst id="KSCYng">3011.56</dst>
            <dst id="LOSAng">11058.92</dst>
            <dst id="NYCMng">1715.65866666667</dst>
            <dst id="SNVAng">0</dst>
            <dst id="STTLng">1832.144</dst>
            <dst id="WASHng">3094.78933333333</dst>
        </src>
        <src id="IPLSng">
            <dst id="ATLA-M5">55.2106666666667</dst>
            <dst id="ATLAng">10052.1786666667</dst>
            <dst id="CHINng">58786.7226666667</dst>
            <dst id="DNVRng">4501.67733333333</dst>
            <dst id="HSTNng">1950.23466666667</dst>
            <dst id="IPLSng">12079.4666666667</dst>
            <dst id="KSCYng">1862.99466666667</dst>
            <dst id="LOSAng">56200.8266666667</dst>
            <dst id="NYCMng">32564.8933333333</dst>
            <dst id="SNVAng">4652.80533333333</dst>
            <dst id="STTLng">9570.432</dst>
            <dst id="WASHng">17887.0533333333</dst>
        </src>
        <src id="KSCYng">
            <dst id="ATLA-M5">1012.26933333333</dst>
            <dst id="ATLAng">1951.56533333333</dst>
            <dst id="CHINng">14606.496</dst>
            <dst id="DNVRng">16724.2213333333</dst>
            <dst id="HSTNng">3901.61333333333</dst>
            <dst id="IPLSng">3565.36533333333</dst>
            <dst id="KSCYng">3294.208</dst>
            <dst id="LOSAng">18466.7653333333</dst>
            <dst id="NYCMng">2443.26133333333</dst>
            <dst id="SNVAng">96.9973333333333</dst>
            <dst id="STTLng">1556.66133333333</dst>
            <dst id="WASHng">14660.544</dst>
        </src>
        <src id="LOSAng">
            <dst id="ATLA-M5">976.741333333333</dst>
            <dst id="ATLAng">37173.4053333333</dst>
            <dst id="CHINng">104498.661333333</dst>
            <dst id="DNVRng">35943.048</dst>
            <dst id="HSTNng">5356.05866666667</dst>
            <dst id="IPLSng">32154.9333333333</dst>
            <dst id="KSCYng">3700.288</dst>
            <dst id="LOSAng">24655.1786666667</dst>
            <dst id="NYCMng">59028.4266666667</dst>
            <dst id="SNVAng">13616.9066666667</dst>
            <dst id="STTLng">43526.2293333333</dst>
            <dst id="WASHng">132006.917333333</dst>
        </src>
        <src id="NYCMng">
            <dst id="ATLA-M5">304.861333333333</dst>
            <dst id="ATLAng">42861.1786666667</dst>
            <dst id="CHINng">34226.8746666667</dst>
            <dst id="DNVRng">27087.8266666667</dst>
            <dst id="HSTNng">4181.09333333333</dst>
            <dst id="IPLSng">33935.1386666667</dst>
            <dst id="KSCYng">8472.376</dst>
            <dst id="LOSAng">79452.7706666667</dst>
            <dst id="NYCMng">78946.584</dst>
            <dst id="SNVAng">2390.90933333333</dst>
            <dst id="STTLng">25380.8853333333</dst>
            <dst id="WASHng">52153.5173333333</dst>
        </src>
        <src id="SNVAng">
            <dst id="ATLA-M5">0</dst>
            <dst id="ATLAng">142.752</dst>
            <dst id="CHINng">241.568</dst>
            <dst id="DNVRng">3887.56266666667</dst>
            <dst id="HSTNng">68.32</dst>
            <dst id="IPLSng">1704.89066666667</dst>
            <dst id="KSCYng">115.309333333333</dst>
            <dst id="LOSAng">24443.6533333333</dst>
            <dst id="NYCMng">639.018666666667</dst>
            <dst id="SNVAng">8634.26666666667</dst>
            <dst id="STTLng">26445.792</dst>
            <dst id="WASHng">80.1173333333333</dst>
        </src>
        <src id="STTLng">
            <dst id="ATLA-M5">114.562666666667</dst>
            <dst id="ATLAng">11687.6773333333</dst>
            <dst id="CHINng">15175.0986666667</dst>
            <dst id="DNVRng">5276.97333333333</dst>
            <dst id="HSTNng">2941.888</dst>
            <dst id="IPLSng">7840.472</dst>
            <dst id="KSCYng">3033.896</dst>
            <dst id="LOSAng">29695.0693333333</dst>
            <dst id="NYCMng">4956.22666666667</dst>
            <dst id="SNVAng">4820.86133333333</dst>
            <dst id="STTLng">2657.01333333333</dst>
            <dst id="WASHng">10387.3973333333</dst>
        </src>
        <src id="WASHng">
            <dst id="ATLA-M5">53.3333333333333</dst>
            <dst id="ATLAng">65218.2933333333</dst>
            <dst id="CHINng">57310.6693333333</dst>
            <dst id="DNVRng">62722.5306666667</dst>
            <dst id="HSTNng">9822.216</dst>
            <dst id="IPLSng">22866.6453333333</dst>
            <dst id="KSCYng">5914.52</dst>
            <dst id="LOSAng">120599.765333333</dst>
            <dst id="NYCMng">142272.541333333</dst>
            <dst id="SNVAng">1122.59466666667</dst>
            <dst id="STTLng">37155.2586666667</dst>
            <dst id="WASHng">228965.165333333</dst>
        </src>
    </IntraTM>
</TrafficMatrixFile>
