<?xml version="1.0" encoding="ISO-8859-1" standalone="yes"?>
<TrafficMatrixFile xsi:noNamespaceSchemaLocation="http://totem.run.montefiore.ulg.ac.be/Schema/TrafficMatrix-v1_2.xsd" xmlns:xsi="http://www.w3.org/2001/XMLSchema-instance">
    <IntraTM ASID="11537">
        <src id="ATLA-M5">
            <dst id="ATLA-M5">49.536</dst>
            <dst id="ATLAng">447.928</dst>
            <dst id="CHINng">207.592</dst>
            <dst id="DNVRng">121.282666666667</dst>
            <dst id="HSTNng">1091.14666666667</dst>
            <dst id="IPLSng">88.256</dst>
            <dst id="KSCYng">26.6666666666667</dst>
            <dst id="LOSAng">491.24</dst>
            <dst id="NYCMng">500.101333333333</dst>
            <dst id="SNVAng">0</dst>
            <dst id="STTLng">0</dst>
            <dst id="WASHng">446.357333333333</dst>
        </src>
        <src id="ATLAng">
            <dst id="ATLA-M5">258.296</dst>
            <dst id="ATLAng">40409.336</dst>
            <dst id="CHINng">17079.7973333333</dst>
            <dst id="DNVRng">4665.88</dst>
            <dst id="HSTNng">2337.20266666667</dst>
            <dst id="IPLSng">16565.8933333333</dst>
            <dst id="KSCYng">4023.62933333333</dst>
            <dst id="LOSAng">16244.52</dst>
            <dst id="NYCMng">11439.96</dst>
            <dst id="SNVAng">851.805333333333</dst>
            <dst id="STTLng">5709.272</dst>
            <dst id="WASHng">41141.5413333333</dst>
        </src>
        <src id="CHINng">
            <dst id="ATLA-M5">337.597333333333</dst>
            <dst id="ATLAng">20302.624</dst>
            <dst id="CHINng">126925.133333333</dst>
            <dst id="DNVRng">28267.3493333333</dst>
            <dst id="HSTNng">8793.144</dst>
            <dst id="IPLSng">36674.088</dst>
            <dst id="KSCYng">9030.24266666667</dst>
            <dst id="LOSAng">64185.8933333333</dst>
            <dst id="NYCMng">11215.5786666667</dst>
            <dst id="SNVAng">1517.944</dst>
            <dst id="STTLng">9452.26933333333</dst>
            <dst id="WASHng">33728.6853333333</dst>
        </src>
        <src id="DNVRng">
            <dst id="ATLA-M5">81.6533333333333</dst>
            <dst id="ATLAng">22919.0133333333</dst>
            <dst id="CHINng">50005.5573333333</dst>
            <dst id="DNVRng">17926.576</dst>
            <dst id="HSTNng">36356.128</dst>
            <dst id="IPLSng">23926.376</dst>
            <dst id="KSCYng">18968.6186666667</dst>
            <dst id="LOSAng">19291.4213333333</dst>
            <dst id="NYCMng">16994.4293333333</dst>
            <dst id="SNVAng">11062.8373333333</dst>
            <dst id="STTLng">13236.3946666667</dst>
            <dst id="WASHng">28261.4773333333</dst>
        </src>
        <src id="HSTNng">
            <dst id="ATLA-M5">1446.78933333333</dst>
            <dst id="ATLAng">3947.776</dst>
            <dst id="CHINng">17568.3493333333</dst>
            <dst id="DNVRng">9815.656</dst>
            <dst id="HSTNng">8113.32</dst>
            <dst id="IPLSng">9211.71733333333</dst>
            <dst id="KSCYng">1941.57066666667</dst>
            <dst id="LOSAng">10878.0986666667</dst>
            <dst id="NYCMng">1072.14933333333</dst>
            <dst id="SNVAng">31.7093333333333</dst>
            <dst id="STTLng">1183.12</dst>
            <dst id="WASHng">4198.23466666667</dst>
        </src>
        <src id="IPLSng">
            <dst id="ATLA-M5">255.976</dst>
            <dst id="ATLAng">37375.912</dst>
            <dst id="CHINng">62463.1893333333</dst>
            <dst id="DNVRng">7975.23733333333</dst>
            <dst id="HSTNng">4198.93333333333</dst>
            <dst id="IPLSng">43318.056</dst>
            <dst id="KSCYng">6233.104</dst>
            <dst id="LOSAng">53646.3093333333</dst>
            <dst id="NYCMng">42001.1946666667</dst>
            <dst id="SNVAng">1208.592</dst>
            <dst id="STTLng">8309.616</dst>
            <dst id="WASHng">42611.576</dst>
        </src>
        <src id="KSCYng">
            <dst id="ATLA-M5">49.528</dst>
            <dst id="ATLAng">3186.952</dst>
            <dst id="CHINng">29611.888</dst>
            <dst id="DNVRng">9126.38933333333</dst>
            <dst id="HSTNng">5370.13333333333</dst>
            <dst id="IPLSng">13186.728</dst>
            <dst id="KSCYng">5144.53066666667</dst>
            <dst id="LOSAng">11296.824</dst>
            <dst id="NYCMng">2697.99466666667</dst>
            <dst id="SNVAng">214.634666666667</dst>
            <dst id="STTLng">3026.464</dst>
            <dst id="WASHng">11695.5066666667</dst>
        </src>
        <src id="LOSAng">
            <dst id="ATLA-M5">2282.06933333333</dst>
            <dst id="ATLAng">22537.7493333333</dst>
            <dst id="CHINng">94843.728</dst>
            <dst id="DNVRng">30730.0373333333</dst>
            <dst id="HSTNng">22223.2906666667</dst>
            <dst id="IPLSng">50364.2906666667</dst>
            <dst id="KSCYng">7647.34666666667</dst>
            <dst id="LOSAng">12277.0133333333</dst>
            <dst id="NYCMng">83925.7493333333</dst>
            <dst id="SNVAng">18278.384</dst>
            <dst id="STTLng">45382.1066666667</dst>
            <dst id="WASHng">105914.426666667</dst>
        </src>
        <src id="NYCMng">
            <dst id="ATLA-M5">296.205333333333</dst>
            <dst id="ATLAng">53024.216</dst>
            <dst id="CHINng">44961.5786666667</dst>
            <dst id="DNVRng">127763.794666667</dst>
            <dst id="HSTNng">11572.0853333333</dst>
            <dst id="IPLSng">51061.1466666667</dst>
            <dst id="KSCYng">24095.904</dst>
            <dst id="LOSAng">106026.216</dst>
            <dst id="NYCMng">95499.3333333333</dst>
            <dst id="SNVAng">7643.01066666667</dst>
            <dst id="STTLng">30944.7626666667</dst>
            <dst id="WASHng">72748.7013333333</dst>
        </src>
        <src id="SNVAng">
            <dst id="ATLA-M5">0</dst>
            <dst id="ATLAng">26.6666666666667</dst>
            <dst id="CHINng">760.517333333333</dst>
            <dst id="DNVRng">3247.82933333333</dst>
            <dst id="HSTNng">3899.192</dst>
            <dst id="IPLSng">1590.01866666667</dst>
            <dst id="KSCYng">20643.2</dst>
            <dst id="LOSAng">38416.784</dst>
            <dst id="NYCMng">212.514666666667</dst>
            <dst id="SNVAng">8666.84</dst>
            <dst id="STTLng">26670.4613333333</dst>
            <dst id="WASHng">26.6666666666667</dst>
        </src>
        <src id="STTLng">
            <dst id="ATLA-M5">26.8533333333333</dst>
            <dst id="ATLAng">10684.7893333333</dst>
            <dst id="CHINng">23169.472</dst>
            <dst id="DNVRng">6038.50933333333</dst>
            <dst id="HSTNng">3227.31733333333</dst>
            <dst id="IPLSng">7807.184</dst>
            <dst id="KSCYng">4454.4</dst>
            <dst id="LOSAng">39379.408</dst>
            <dst id="NYCMng">8806.368</dst>
            <dst id="SNVAng">4786.63733333333</dst>
            <dst id="STTLng">4539.09333333333</dst>
            <dst id="WASHng">14438.6213333333</dst>
        </src>
        <src id="WASHng">
            <dst id="ATLA-M5">1032.088</dst>
            <dst id="ATLAng">114969.208</dst>
            <dst id="CHINng">83200.0426666667</dst>
            <dst id="DNVRng">64575.528</dst>
            <dst id="HSTNng">25057.7333333333</dst>
            <dst id="IPLSng">56319.5546666667</dst>
            <dst id="KSCYng">29576.704</dst>
            <dst id="LOSAng">129014.213333333</dst>
            <dst id="NYCMng">140272.456</dst>
            <dst id="SNVAng">8482.11733333333</dst>
            <dst id="STTLng">50176.8506666667</dst>
            <dst id="WASHng">272093.466666667</dst>
        </src>
    </IntraTM>
</TrafficMatrixFile>
