<?xml version="1.0" encoding="ISO-8859-1" standalone="yes"?>
<TrafficMatrixFile xsi:noNamespaceSchemaLocation="http://totem.run.montefiore.ulg.ac.be/Schema/TrafficMatrix-v1_2.xsd" xmlns:xsi="http://www.w3.org/2001/XMLSchema-instance">
    <IntraTM ASID="11537">
        <src id="ATLA-M5">
            <dst id="ATLA-M5">199.509333333333</dst>
            <dst id="ATLAng">118.485333333333</dst>
            <dst id="CHINng">311.178666666667</dst>
            <dst id="DNVRng">26.6666666666667</dst>
            <dst id="HSTNng">173.650666666667</dst>
            <dst id="IPLSng">281.352</dst>
            <dst id="KSCYng">142.96</dst>
            <dst id="LOSAng">373.770666666667</dst>
            <dst id="NYCMng">228</dst>
            <dst id="SNVAng">0</dst>
            <dst id="STTLng">133.789333333333</dst>
            <dst id="WASHng">854.984</dst>
        </src>
        <src id="ATLAng">
            <dst id="ATLA-M5">352.746666666667</dst>
            <dst id="ATLAng">42382.0853333333</dst>
            <dst id="CHINng">11396.9893333333</dst>
            <dst id="DNVRng">8173.2</dst>
            <dst id="HSTNng">3089.85066666667</dst>
            <dst id="IPLSng">18311.2773333333</dst>
            <dst id="KSCYng">2999.50933333333</dst>
            <dst id="LOSAng">11676.0773333333</dst>
            <dst id="NYCMng">15885.9866666667</dst>
            <dst id="SNVAng">520.453333333333</dst>
            <dst id="STTLng">5071.39733333333</dst>
            <dst id="WASHng">59580.9546666667</dst>
        </src>
        <src id="CHINng">
            <dst id="ATLA-M5">1209.48</dst>
            <dst id="ATLAng">21433.2933333333</dst>
            <dst id="CHINng">171367.888</dst>
            <dst id="DNVRng">15549.792</dst>
            <dst id="HSTNng">11017.7066666667</dst>
            <dst id="IPLSng">33063.0506666667</dst>
            <dst id="KSCYng">15141.6186666667</dst>
            <dst id="LOSAng">41049.5386666667</dst>
            <dst id="NYCMng">10498.8186666667</dst>
            <dst id="SNVAng">1340.82666666667</dst>
            <dst id="STTLng">9742.31466666667</dst>
            <dst id="WASHng">24461.0453333333</dst>
        </src>
        <src id="DNVRng">
            <dst id="ATLA-M5">131.84</dst>
            <dst id="ATLAng">20481.984</dst>
            <dst id="CHINng">65727.8853333333</dst>
            <dst id="DNVRng">15511.2506666667</dst>
            <dst id="HSTNng">34568.1973333333</dst>
            <dst id="IPLSng">25403.3706666667</dst>
            <dst id="KSCYng">28593.6986666667</dst>
            <dst id="LOSAng">12169.9493333333</dst>
            <dst id="NYCMng">14408.8266666667</dst>
            <dst id="SNVAng">39810.9706666667</dst>
            <dst id="STTLng">15870.9386666667</dst>
            <dst id="WASHng">54699.2266666667</dst>
        </src>
        <src id="HSTNng">
            <dst id="ATLA-M5">1878.87466666667</dst>
            <dst id="ATLAng">5302.09333333333</dst>
            <dst id="CHINng">33688.5013333333</dst>
            <dst id="DNVRng">10758.8693333333</dst>
            <dst id="HSTNng">7407.55466666667</dst>
            <dst id="IPLSng">5035.25866666667</dst>
            <dst id="KSCYng">7281.86133333333</dst>
            <dst id="LOSAng">10502.12</dst>
            <dst id="NYCMng">4135.49333333333</dst>
            <dst id="SNVAng">415.629333333333</dst>
            <dst id="STTLng">1829.448</dst>
            <dst id="WASHng">9769.55466666667</dst>
        </src>
        <src id="IPLSng">
            <dst id="ATLA-M5">175.226666666667</dst>
            <dst id="ATLAng">43033.7146666667</dst>
            <dst id="CHINng">112263.122666667</dst>
            <dst id="DNVRng">14891.5786666667</dst>
            <dst id="HSTNng">21907.376</dst>
            <dst id="IPLSng">22495.7786666667</dst>
            <dst id="KSCYng">8629.79733333333</dst>
            <dst id="LOSAng">39290.2533333333</dst>
            <dst id="NYCMng">39042.632</dst>
            <dst id="SNVAng">1053.70933333333</dst>
            <dst id="STTLng">9812.864</dst>
            <dst id="WASHng">24472.216</dst>
        </src>
        <src id="KSCYng">
            <dst id="ATLA-M5">58.6133333333333</dst>
            <dst id="ATLAng">4120.11466666667</dst>
            <dst id="CHINng">20960.1146666667</dst>
            <dst id="DNVRng">12667.6373333333</dst>
            <dst id="HSTNng">4646.69333333333</dst>
            <dst id="IPLSng">13832.2933333333</dst>
            <dst id="KSCYng">8234.54933333333</dst>
            <dst id="LOSAng">7570.97333333333</dst>
            <dst id="NYCMng">3758.064</dst>
            <dst id="SNVAng">317.68</dst>
            <dst id="STTLng">2384.65066666667</dst>
            <dst id="WASHng">18576.512</dst>
        </src>
        <src id="LOSAng">
            <dst id="ATLA-M5">2043.97866666667</dst>
            <dst id="ATLAng">39800.8293333333</dst>
            <dst id="CHINng">188262.306666667</dst>
            <dst id="DNVRng">46556.8773333333</dst>
            <dst id="HSTNng">24459.5386666667</dst>
            <dst id="IPLSng">61181.8773333333</dst>
            <dst id="KSCYng">11333.2026666667</dst>
            <dst id="LOSAng">13637.8533333333</dst>
            <dst id="NYCMng">69092.12</dst>
            <dst id="SNVAng">17103.288</dst>
            <dst id="STTLng">37901.8693333333</dst>
            <dst id="WASHng">116489.984</dst>
        </src>
        <src id="NYCMng">
            <dst id="ATLA-M5">519.592</dst>
            <dst id="ATLAng">58722.7893333333</dst>
            <dst id="CHINng">57245.6826666667</dst>
            <dst id="DNVRng">32707.8106666667</dst>
            <dst id="HSTNng">18722.464</dst>
            <dst id="IPLSng">55633.864</dst>
            <dst id="KSCYng">21299.7546666667</dst>
            <dst id="LOSAng">59449.0346666667</dst>
            <dst id="NYCMng">152562.029333333</dst>
            <dst id="SNVAng">3468.416</dst>
            <dst id="STTLng">24345.4133333333</dst>
            <dst id="WASHng">85545.1253333333</dst>
        </src>
        <src id="SNVAng">
            <dst id="ATLA-M5">26.6666666666667</dst>
            <dst id="ATLAng">224.936</dst>
            <dst id="CHINng">5111.67733333333</dst>
            <dst id="DNVRng">26941.4293333333</dst>
            <dst id="HSTNng">254.986666666667</dst>
            <dst id="IPLSng">7039.18666666667</dst>
            <dst id="KSCYng">118.781333333333</dst>
            <dst id="LOSAng">28859.6773333333</dst>
            <dst id="NYCMng">10610.672</dst>
            <dst id="SNVAng">11629.4533333333</dst>
            <dst id="STTLng">24033.008</dst>
            <dst id="WASHng">2516.408</dst>
        </src>
        <src id="STTLng">
            <dst id="ATLA-M5">253.16</dst>
            <dst id="ATLAng">15731.928</dst>
            <dst id="CHINng">35347.52</dst>
            <dst id="DNVRng">2879.52</dst>
            <dst id="HSTNng">4300.24266666667</dst>
            <dst id="IPLSng">10024.784</dst>
            <dst id="KSCYng">5136.01333333333</dst>
            <dst id="LOSAng">32796.8586666667</dst>
            <dst id="NYCMng">14717.2213333333</dst>
            <dst id="SNVAng">6822.68266666667</dst>
            <dst id="STTLng">7012.93333333333</dst>
            <dst id="WASHng">24744.1386666667</dst>
        </src>
        <src id="WASHng">
            <dst id="ATLA-M5">636.386666666667</dst>
            <dst id="ATLAng">148223.965333333</dst>
            <dst id="CHINng">99405.1573333334</dst>
            <dst id="DNVRng">83405.0133333333</dst>
            <dst id="HSTNng">14245.792</dst>
            <dst id="IPLSng">77714.2533333333</dst>
            <dst id="KSCYng">25076.5413333333</dst>
            <dst id="LOSAng">119756.557333333</dst>
            <dst id="NYCMng">196858.88</dst>
            <dst id="SNVAng">5115.68533333333</dst>
            <dst id="STTLng">47813.5653333333</dst>
            <dst id="WASHng">396910.586666667</dst>
        </src>
    </IntraTM>
</TrafficMatrixFile>
