<?xml version="1.0" encoding="ISO-8859-1" standalone="yes"?>
<TrafficMatrixFile xsi:noNamespaceSchemaLocation="http://totem.run.montefiore.ulg.ac.be/Schema/TrafficMatrix-v1_2.xsd" xmlns:xsi="http://www.w3.org/2001/XMLSchema-instance">
    <IntraTM ASID="11537">
        <src id="ATLA-M5">
            <dst id="ATLA-M5">26.6666666666667</dst>
            <dst id="ATLAng">342.578666666667</dst>
            <dst id="CHINng">335.008</dst>
            <dst id="DNVRng">53.3333333333333</dst>
            <dst id="HSTNng">26.6666666666667</dst>
            <dst id="IPLSng">126.026666666667</dst>
            <dst id="KSCYng">28.6826666666667</dst>
            <dst id="LOSAng">478.682666666667</dst>
            <dst id="NYCMng">26.6666666666667</dst>
            <dst id="SNVAng">57.072</dst>
            <dst id="STTLng">0</dst>
            <dst id="WASHng">38.8826666666667</dst>
        </src>
        <src id="ATLAng">
            <dst id="ATLA-M5">140.016</dst>
            <dst id="ATLAng">33401.504</dst>
            <dst id="CHINng">11513.92</dst>
            <dst id="DNVRng">4944.656</dst>
            <dst id="HSTNng">583.024</dst>
            <dst id="IPLSng">12111.9546666667</dst>
            <dst id="KSCYng">659.861333333333</dst>
            <dst id="LOSAng">15862.7146666667</dst>
            <dst id="NYCMng">4925.176</dst>
            <dst id="SNVAng">69.424</dst>
            <dst id="STTLng">4493.64533333333</dst>
            <dst id="WASHng">25515.248</dst>
        </src>
        <src id="CHINng">
            <dst id="ATLA-M5">336.344</dst>
            <dst id="ATLAng">23238.8213333333</dst>
            <dst id="CHINng">60986.3573333333</dst>
            <dst id="DNVRng">13543.3813333333</dst>
            <dst id="HSTNng">10102.4933333333</dst>
            <dst id="IPLSng">40168.2586666667</dst>
            <dst id="KSCYng">8021.47733333333</dst>
            <dst id="LOSAng">56451.8186666667</dst>
            <dst id="NYCMng">6996.18133333333</dst>
            <dst id="SNVAng">632.122666666667</dst>
            <dst id="STTLng">9042.58933333333</dst>
            <dst id="WASHng">21109.1493333333</dst>
        </src>
        <src id="DNVRng">
            <dst id="ATLA-M5">106.88</dst>
            <dst id="ATLAng">5033.17866666667</dst>
            <dst id="CHINng">38146.5653333333</dst>
            <dst id="DNVRng">12545.1573333333</dst>
            <dst id="HSTNng">26698.9493333333</dst>
            <dst id="IPLSng">20743.016</dst>
            <dst id="KSCYng">20369.8666666667</dst>
            <dst id="LOSAng">55364.504</dst>
            <dst id="NYCMng">6373.78133333333</dst>
            <dst id="SNVAng">7760.19466666667</dst>
            <dst id="STTLng">13314.296</dst>
            <dst id="WASHng">29622.6346666667</dst>
        </src>
        <src id="HSTNng">
            <dst id="ATLA-M5">151.808</dst>
            <dst id="ATLAng">20954.96</dst>
            <dst id="CHINng">11827.6053333333</dst>
            <dst id="DNVRng">2520.056</dst>
            <dst id="HSTNng">8031.984</dst>
            <dst id="IPLSng">573.112</dst>
            <dst id="KSCYng">1207.36</dst>
            <dst id="LOSAng">5170.69333333333</dst>
            <dst id="NYCMng">8168.49866666667</dst>
            <dst id="SNVAng">0</dst>
            <dst id="STTLng">3361.17066666667</dst>
            <dst id="WASHng">3006.91466666667</dst>
        </src>
        <src id="IPLSng">
            <dst id="ATLA-M5">0</dst>
            <dst id="ATLAng">10470.1253333333</dst>
            <dst id="CHINng">56862.904</dst>
            <dst id="DNVRng">4121.768</dst>
            <dst id="HSTNng">3628.77333333333</dst>
            <dst id="IPLSng">11222.2586666667</dst>
            <dst id="KSCYng">2810.328</dst>
            <dst id="LOSAng">49656.504</dst>
            <dst id="NYCMng">42824.1386666667</dst>
            <dst id="SNVAng">263.434666666667</dst>
            <dst id="STTLng">10090.3546666667</dst>
            <dst id="WASHng">9736.648</dst>
        </src>
        <src id="KSCYng">
            <dst id="ATLA-M5">29.112</dst>
            <dst id="ATLAng">2145.38133333333</dst>
            <dst id="CHINng">17564.3866666667</dst>
            <dst id="DNVRng">14719.3093333333</dst>
            <dst id="HSTNng">2979.4</dst>
            <dst id="IPLSng">11364.3786666667</dst>
            <dst id="KSCYng">11913.5226666667</dst>
            <dst id="LOSAng">6999.712</dst>
            <dst id="NYCMng">1456.94666666667</dst>
            <dst id="SNVAng">709.869333333333</dst>
            <dst id="STTLng">2246.09333333333</dst>
            <dst id="WASHng">10819.5786666667</dst>
        </src>
        <src id="LOSAng">
            <dst id="ATLA-M5">1325.78133333333</dst>
            <dst id="ATLAng">55087.16</dst>
            <dst id="CHINng">85666.1306666666</dst>
            <dst id="DNVRng">9694.752</dst>
            <dst id="HSTNng">5699.63733333333</dst>
            <dst id="IPLSng">34519.4853333333</dst>
            <dst id="KSCYng">3245.31733333333</dst>
            <dst id="LOSAng">23305.8026666667</dst>
            <dst id="NYCMng">65841.784</dst>
            <dst id="SNVAng">10873.616</dst>
            <dst id="STTLng">44372.8853333333</dst>
            <dst id="WASHng">119832.482666667</dst>
        </src>
        <src id="NYCMng">
            <dst id="ATLA-M5">26.6666666666667</dst>
            <dst id="ATLAng">34719.536</dst>
            <dst id="CHINng">36649.2426666667</dst>
            <dst id="DNVRng">24797.704</dst>
            <dst id="HSTNng">7419.048</dst>
            <dst id="IPLSng">23487.3413333333</dst>
            <dst id="KSCYng">6328.62666666667</dst>
            <dst id="LOSAng">82855.6133333333</dst>
            <dst id="NYCMng">97806.0613333333</dst>
            <dst id="SNVAng">3837.688</dst>
            <dst id="STTLng">22905.0613333333</dst>
            <dst id="WASHng">61573.232</dst>
        </src>
        <src id="SNVAng">
            <dst id="ATLA-M5">0</dst>
            <dst id="ATLAng">53.3333333333333</dst>
            <dst id="CHINng">115.256</dst>
            <dst id="DNVRng">5636.17333333333</dst>
            <dst id="HSTNng">302.232</dst>
            <dst id="IPLSng">6009.41333333333</dst>
            <dst id="KSCYng">151.056</dst>
            <dst id="LOSAng">31468.8293333333</dst>
            <dst id="NYCMng">8806.25066666667</dst>
            <dst id="SNVAng">9156.36533333333</dst>
            <dst id="STTLng">25258.832</dst>
            <dst id="WASHng">0</dst>
        </src>
        <src id="STTLng">
            <dst id="ATLA-M5">89.4506666666666</dst>
            <dst id="ATLAng">8980.944</dst>
            <dst id="CHINng">16856.6746666667</dst>
            <dst id="DNVRng">2861.97333333333</dst>
            <dst id="HSTNng">1751.22133333333</dst>
            <dst id="IPLSng">5763.848</dst>
            <dst id="KSCYng">2294.384</dst>
            <dst id="LOSAng">41780.7466666667</dst>
            <dst id="NYCMng">9100.23466666667</dst>
            <dst id="SNVAng">4526.144</dst>
            <dst id="STTLng">4915.92266666667</dst>
            <dst id="WASHng">10570.2906666667</dst>
        </src>
        <src id="WASHng">
            <dst id="ATLA-M5">0</dst>
            <dst id="ATLAng">129216.941333333</dst>
            <dst id="CHINng">78919.8106666667</dst>
            <dst id="DNVRng">47351.104</dst>
            <dst id="HSTNng">13466.7066666667</dst>
            <dst id="IPLSng">30392.4266666667</dst>
            <dst id="KSCYng">9237.42133333333</dst>
            <dst id="LOSAng">119739.674666667</dst>
            <dst id="NYCMng">178620.437333333</dst>
            <dst id="SNVAng">648.168</dst>
            <dst id="STTLng">30690.032</dst>
            <dst id="WASHng">129333.394666667</dst>
        </src>
    </IntraTM>
</TrafficMatrixFile>
