<?xml version="1.0" encoding="ISO-8859-1" standalone="yes"?>
<TrafficMatrixFile xsi:noNamespaceSchemaLocation="http://totem.run.montefiore.ulg.ac.be/Schema/TrafficMatrix-v1_2.xsd" xmlns:xsi="http://www.w3.org/2001/XMLSchema-instance">
    <IntraTM ASID="11537">
        <src id="ATLA-M5">
            <dst id="ATLA-M5">1043.288</dst>
            <dst id="ATLAng">1118.38666666667</dst>
            <dst id="CHINng">106.666666666667</dst>
            <dst id="DNVRng">26.6666666666667</dst>
            <dst id="HSTNng">229.557333333333</dst>
            <dst id="IPLSng">392.805333333333</dst>
            <dst id="KSCYng">503.984</dst>
            <dst id="LOSAng">122.634666666667</dst>
            <dst id="NYCMng">583.602666666667</dst>
            <dst id="SNVAng">0</dst>
            <dst id="STTLng">0</dst>
            <dst id="WASHng">1420.85066666667</dst>
        </src>
        <src id="ATLAng">
            <dst id="ATLA-M5">187.002666666667</dst>
            <dst id="ATLAng">35071.696</dst>
            <dst id="CHINng">11134.0453333333</dst>
            <dst id="DNVRng">4135.01866666667</dst>
            <dst id="HSTNng">2338.22666666667</dst>
            <dst id="IPLSng">16492.32</dst>
            <dst id="KSCYng">6152.45333333333</dst>
            <dst id="LOSAng">11745.0346666667</dst>
            <dst id="NYCMng">9697.50933333333</dst>
            <dst id="SNVAng">978.928</dst>
            <dst id="STTLng">4324.21333333333</dst>
            <dst id="WASHng">61924.8666666667</dst>
        </src>
        <src id="CHINng">
            <dst id="ATLA-M5">1949.584</dst>
            <dst id="ATLAng">30314.232</dst>
            <dst id="CHINng">111946.704</dst>
            <dst id="DNVRng">8910.52266666667</dst>
            <dst id="HSTNng">12300.1013333333</dst>
            <dst id="IPLSng">41465.568</dst>
            <dst id="KSCYng">15294.0533333333</dst>
            <dst id="LOSAng">46781.6586666667</dst>
            <dst id="NYCMng">12353.6986666667</dst>
            <dst id="SNVAng">612.013333333333</dst>
            <dst id="STTLng">5637.37333333333</dst>
            <dst id="WASHng">51864.0506666667</dst>
        </src>
        <src id="DNVRng">
            <dst id="ATLA-M5">200.869333333333</dst>
            <dst id="ATLAng">9090.00266666667</dst>
            <dst id="CHINng">62445.4933333333</dst>
            <dst id="DNVRng">32103.48</dst>
            <dst id="HSTNng">24158.56</dst>
            <dst id="IPLSng">29582.0533333333</dst>
            <dst id="KSCYng">24482.4373333333</dst>
            <dst id="LOSAng">7278.69866666667</dst>
            <dst id="NYCMng">17817.216</dst>
            <dst id="SNVAng">17228.5973333333</dst>
            <dst id="STTLng">21758.264</dst>
            <dst id="WASHng">44580.1493333333</dst>
        </src>
        <src id="HSTNng">
            <dst id="ATLA-M5">2925.04533333333</dst>
            <dst id="ATLAng">4174.128</dst>
            <dst id="CHINng">18760.48</dst>
            <dst id="DNVRng">1785.488</dst>
            <dst id="HSTNng">8026.208</dst>
            <dst id="IPLSng">2023.53866666667</dst>
            <dst id="KSCYng">3992.448</dst>
            <dst id="LOSAng">8670.608</dst>
            <dst id="NYCMng">3706.32533333333</dst>
            <dst id="SNVAng">153.68</dst>
            <dst id="STTLng">1274.01333333333</dst>
            <dst id="WASHng">4344.11733333333</dst>
        </src>
        <src id="IPLSng">
            <dst id="ATLA-M5">281.402666666667</dst>
            <dst id="ATLAng">27270.1013333333</dst>
            <dst id="CHINng">97070.0053333333</dst>
            <dst id="DNVRng">12995.5573333333</dst>
            <dst id="HSTNng">5292.248</dst>
            <dst id="IPLSng">10999.3626666667</dst>
            <dst id="KSCYng">7989.496</dst>
            <dst id="LOSAng">24570.5573333333</dst>
            <dst id="NYCMng">20343.8506666667</dst>
            <dst id="SNVAng">2299.97866666667</dst>
            <dst id="STTLng">7078.256</dst>
            <dst id="WASHng">21181.44</dst>
        </src>
        <src id="KSCYng">
            <dst id="ATLA-M5">815.272</dst>
            <dst id="ATLAng">2771.04</dst>
            <dst id="CHINng">31444.4</dst>
            <dst id="DNVRng">8044.576</dst>
            <dst id="HSTNng">3515.78933333333</dst>
            <dst id="IPLSng">16284.5173333333</dst>
            <dst id="KSCYng">17610.6933333333</dst>
            <dst id="LOSAng">5225.84</dst>
            <dst id="NYCMng">4580.75733333333</dst>
            <dst id="SNVAng">159.834666666667</dst>
            <dst id="STTLng">1123.21866666667</dst>
            <dst id="WASHng">11782.9413333333</dst>
        </src>
        <src id="LOSAng">
            <dst id="ATLA-M5">1215.65866666667</dst>
            <dst id="ATLAng">19377.2693333333</dst>
            <dst id="CHINng">147449.192</dst>
            <dst id="DNVRng">9277.30666666667</dst>
            <dst id="HSTNng">12943.496</dst>
            <dst id="IPLSng">71203.488</dst>
            <dst id="KSCYng">7909.73333333333</dst>
            <dst id="LOSAng">14859.0293333333</dst>
            <dst id="NYCMng">66036.808</dst>
            <dst id="SNVAng">13154.352</dst>
            <dst id="STTLng">41069.6533333333</dst>
            <dst id="WASHng">107722.082666667</dst>
        </src>
        <src id="NYCMng">
            <dst id="ATLA-M5">1990.69333333333</dst>
            <dst id="ATLAng">52517.4853333333</dst>
            <dst id="CHINng">95199.4</dst>
            <dst id="DNVRng">23031.92</dst>
            <dst id="HSTNng">8473.64</dst>
            <dst id="IPLSng">48616.2106666667</dst>
            <dst id="KSCYng">15874.3946666667</dst>
            <dst id="LOSAng">53382.5386666667</dst>
            <dst id="NYCMng">103973.626666667</dst>
            <dst id="SNVAng">1848.68266666667</dst>
            <dst id="STTLng">21276.0986666667</dst>
            <dst id="WASHng">104606.816</dst>
        </src>
        <src id="SNVAng">
            <dst id="ATLA-M5">0</dst>
            <dst id="ATLAng">149.728</dst>
            <dst id="CHINng">300.685333333333</dst>
            <dst id="DNVRng">1188.10666666667</dst>
            <dst id="HSTNng">92.0746666666667</dst>
            <dst id="IPLSng">6316.85333333333</dst>
            <dst id="KSCYng">260.970666666667</dst>
            <dst id="LOSAng">23500.9386666667</dst>
            <dst id="NYCMng">220.522666666667</dst>
            <dst id="SNVAng">10841.496</dst>
            <dst id="STTLng">21810.0693333333</dst>
            <dst id="WASHng">301.213333333333</dst>
        </src>
        <src id="STTLng">
            <dst id="ATLA-M5">367.248</dst>
            <dst id="ATLAng">14826.0133333333</dst>
            <dst id="CHINng">34790.9973333333</dst>
            <dst id="DNVRng">13592.6293333333</dst>
            <dst id="HSTNng">1971.2</dst>
            <dst id="IPLSng">13344.6906666667</dst>
            <dst id="KSCYng">1786.54933333333</dst>
            <dst id="LOSAng">20561.0186666667</dst>
            <dst id="NYCMng">10954.8346666667</dst>
            <dst id="SNVAng">3767.88266666667</dst>
            <dst id="STTLng">7830.864</dst>
            <dst id="WASHng">16665.8853333333</dst>
        </src>
        <src id="WASHng">
            <dst id="ATLA-M5">1496.05866666667</dst>
            <dst id="ATLAng">95654.544</dst>
            <dst id="CHINng">110029.613333333</dst>
            <dst id="DNVRng">47513.6106666667</dst>
            <dst id="HSTNng">34823.848</dst>
            <dst id="IPLSng">51599.7813333333</dst>
            <dst id="KSCYng">39535.7306666667</dst>
            <dst id="LOSAng">106776.770666667</dst>
            <dst id="NYCMng">168650.522666667</dst>
            <dst id="SNVAng">5409.33066666667</dst>
            <dst id="STTLng">50442.6026666667</dst>
            <dst id="WASHng">273129.146666667</dst>
        </src>
    </IntraTM>
</TrafficMatrixFile>
