<?xml version="1.0" encoding="ISO-8859-1" standalone="yes"?>
<TrafficMatrixFile xsi:noNamespaceSchemaLocation="http://totem.run.montefiore.ulg.ac.be/Schema/TrafficMatrix-v1_2.xsd" xmlns:xsi="http://www.w3.org/2001/XMLSchema-instance">
    <IntraTM ASID="11537">
        <src id="ATLA-M5">
            <dst id="ATLA-M5">0</dst>
            <dst id="ATLAng">818.32</dst>
            <dst id="CHINng">82.848</dst>
            <dst id="DNVRng">26.6666666666667</dst>
            <dst id="HSTNng">108.941333333333</dst>
            <dst id="IPLSng">53.3333333333333</dst>
            <dst id="KSCYng">32.9466666666667</dst>
            <dst id="LOSAng">580.221333333333</dst>
            <dst id="NYCMng">0</dst>
            <dst id="SNVAng">13.3333333333333</dst>
            <dst id="STTLng">53.3333333333333</dst>
            <dst id="WASHng">26.6666666666667</dst>
        </src>
        <src id="ATLAng">
            <dst id="ATLA-M5">147.325333333333</dst>
            <dst id="ATLAng">33780.9706666667</dst>
            <dst id="CHINng">7350.54933333333</dst>
            <dst id="DNVRng">4476.90133333333</dst>
            <dst id="HSTNng">602.234666666666</dst>
            <dst id="IPLSng">12408.384</dst>
            <dst id="KSCYng">833.952</dst>
            <dst id="LOSAng">14785.56</dst>
            <dst id="NYCMng">4263.28</dst>
            <dst id="SNVAng">68.624</dst>
            <dst id="STTLng">10655.4506666667</dst>
            <dst id="WASHng">23853.0346666667</dst>
        </src>
        <src id="CHINng">
            <dst id="ATLA-M5">385.272</dst>
            <dst id="ATLAng">26663.7653333333</dst>
            <dst id="CHINng">58311.4853333333</dst>
            <dst id="DNVRng">16046.8506666667</dst>
            <dst id="HSTNng">6731.26666666667</dst>
            <dst id="IPLSng">32966.5893333333</dst>
            <dst id="KSCYng">6032.72533333333</dst>
            <dst id="LOSAng">60983.0933333333</dst>
            <dst id="NYCMng">5105.34666666667</dst>
            <dst id="SNVAng">879.629333333333</dst>
            <dst id="STTLng">6814.336</dst>
            <dst id="WASHng">19599.5173333333</dst>
        </src>
        <src id="DNVRng">
            <dst id="ATLA-M5">92.5866666666667</dst>
            <dst id="ATLAng">2262.952</dst>
            <dst id="CHINng">41653.7706666667</dst>
            <dst id="DNVRng">7704.056</dst>
            <dst id="HSTNng">20662.16</dst>
            <dst id="IPLSng">19123.2933333333</dst>
            <dst id="KSCYng">11968.2026666667</dst>
            <dst id="LOSAng">19010.3973333333</dst>
            <dst id="NYCMng">7542.96533333333</dst>
            <dst id="SNVAng">6937.656</dst>
            <dst id="STTLng">8507.92533333333</dst>
            <dst id="WASHng">26565.2506666667</dst>
        </src>
        <src id="HSTNng">
            <dst id="ATLA-M5">2507.48533333333</dst>
            <dst id="ATLAng">15189.3946666667</dst>
            <dst id="CHINng">14780.3146666667</dst>
            <dst id="DNVRng">1954.20533333333</dst>
            <dst id="HSTNng">7978.584</dst>
            <dst id="IPLSng">689.509333333333</dst>
            <dst id="KSCYng">1003.76</dst>
            <dst id="LOSAng">7078.57333333333</dst>
            <dst id="NYCMng">1482.60533333333</dst>
            <dst id="SNVAng">0</dst>
            <dst id="STTLng">2954.13866666667</dst>
            <dst id="WASHng">2802.50666666667</dst>
        </src>
        <src id="IPLSng">
            <dst id="ATLA-M5">141.872</dst>
            <dst id="ATLAng">9757.74933333334</dst>
            <dst id="CHINng">49565.5173333333</dst>
            <dst id="DNVRng">4501.58933333333</dst>
            <dst id="HSTNng">3485.56</dst>
            <dst id="IPLSng">15168.8453333333</dst>
            <dst id="KSCYng">2867.328</dst>
            <dst id="LOSAng">58019.9146666667</dst>
            <dst id="NYCMng">25439.5546666667</dst>
            <dst id="SNVAng">204.365333333333</dst>
            <dst id="STTLng">9521.88266666667</dst>
            <dst id="WASHng">15159.864</dst>
        </src>
        <src id="KSCYng">
            <dst id="ATLA-M5">26.6666666666667</dst>
            <dst id="ATLAng">1694.59733333333</dst>
            <dst id="CHINng">20102.0586666667</dst>
            <dst id="DNVRng">8911.42933333333</dst>
            <dst id="HSTNng">3405.44</dst>
            <dst id="IPLSng">9274.352</dst>
            <dst id="KSCYng">5906.59466666667</dst>
            <dst id="LOSAng">7254.45066666667</dst>
            <dst id="NYCMng">1734.44266666667</dst>
            <dst id="SNVAng">582.074666666667</dst>
            <dst id="STTLng">2446.344</dst>
            <dst id="WASHng">13083.4586666667</dst>
        </src>
        <src id="LOSAng">
            <dst id="ATLA-M5">2116.11466666667</dst>
            <dst id="ATLAng">48852.3173333333</dst>
            <dst id="CHINng">87754.3973333333</dst>
            <dst id="DNVRng">11066.088</dst>
            <dst id="HSTNng">5179.128</dst>
            <dst id="IPLSng">26507.6106666667</dst>
            <dst id="KSCYng">4812.41866666667</dst>
            <dst id="LOSAng">26572.3786666667</dst>
            <dst id="NYCMng">63983.9093333333</dst>
            <dst id="SNVAng">10805.4133333333</dst>
            <dst id="STTLng">50357.136</dst>
            <dst id="WASHng">124814.12</dst>
        </src>
        <src id="NYCMng">
            <dst id="ATLA-M5">26.6666666666667</dst>
            <dst id="ATLAng">32794.3173333333</dst>
            <dst id="CHINng">37580.1813333333</dst>
            <dst id="DNVRng">24903.624</dst>
            <dst id="HSTNng">7665.71466666667</dst>
            <dst id="IPLSng">26692.352</dst>
            <dst id="KSCYng">5484.87733333333</dst>
            <dst id="LOSAng">87831.168</dst>
            <dst id="NYCMng">104735.418666667</dst>
            <dst id="SNVAng">1892.61866666667</dst>
            <dst id="STTLng">26511.8133333333</dst>
            <dst id="WASHng">77562.6746666667</dst>
        </src>
        <src id="SNVAng">
            <dst id="ATLA-M5">0</dst>
            <dst id="ATLAng">27.7546666666667</dst>
            <dst id="CHINng">198.090666666667</dst>
            <dst id="DNVRng">3829.00266666667</dst>
            <dst id="HSTNng">194.933333333333</dst>
            <dst id="IPLSng">5543.69333333333</dst>
            <dst id="KSCYng">79.6266666666667</dst>
            <dst id="LOSAng">33201.1066666667</dst>
            <dst id="NYCMng">725.290666666667</dst>
            <dst id="SNVAng">8203.60533333333</dst>
            <dst id="STTLng">22907.8533333333</dst>
            <dst id="WASHng">26.6666666666667</dst>
        </src>
        <src id="STTLng">
            <dst id="ATLA-M5">80</dst>
            <dst id="ATLAng">7854.48</dst>
            <dst id="CHINng">12562.464</dst>
            <dst id="DNVRng">1638.07733333333</dst>
            <dst id="HSTNng">2109.53866666667</dst>
            <dst id="IPLSng">8116.32533333333</dst>
            <dst id="KSCYng">4177.54666666667</dst>
            <dst id="LOSAng">38996.544</dst>
            <dst id="NYCMng">8758.86933333333</dst>
            <dst id="SNVAng">3274.01066666667</dst>
            <dst id="STTLng">3971.19733333333</dst>
            <dst id="WASHng">5091.6</dst>
        </src>
        <src id="WASHng">
            <dst id="ATLA-M5">26.6666666666667</dst>
            <dst id="ATLAng">75624.3946666667</dst>
            <dst id="CHINng">82030.8746666667</dst>
            <dst id="DNVRng">61766.5626666667</dst>
            <dst id="HSTNng">26308.0106666667</dst>
            <dst id="IPLSng">35115.3733333333</dst>
            <dst id="KSCYng">11864.7146666667</dst>
            <dst id="LOSAng">130454.885333333</dst>
            <dst id="NYCMng">129276.501333333</dst>
            <dst id="SNVAng">428.450666666667</dst>
            <dst id="STTLng">43299.224</dst>
            <dst id="WASHng">127656.578666667</dst>
        </src>
    </IntraTM>
</TrafficMatrixFile>
