<?xml version="1.0" encoding="ISO-8859-1" standalone="yes"?>
<TrafficMatrixFile xsi:noNamespaceSchemaLocation="http://totem.run.montefiore.ulg.ac.be/Schema/TrafficMatrix-v1_2.xsd" xmlns:xsi="http://www.w3.org/2001/XMLSchema-instance">
    <IntraTM ASID="11537">
        <src id="ATLA-M5">
            <dst id="ATLA-M5">26.6666666666667</dst>
            <dst id="ATLAng">767.002666666667</dst>
            <dst id="CHINng">288</dst>
            <dst id="DNVRng">26.6666666666667</dst>
            <dst id="HSTNng">93.6826666666667</dst>
            <dst id="IPLSng">106.666666666667</dst>
            <dst id="KSCYng">135.637333333333</dst>
            <dst id="LOSAng">233.296</dst>
            <dst id="NYCMng">53.3333333333333</dst>
            <dst id="SNVAng">32</dst>
            <dst id="STTLng">0</dst>
            <dst id="WASHng">1568.672</dst>
        </src>
        <src id="ATLAng">
            <dst id="ATLA-M5">353.514666666667</dst>
            <dst id="ATLAng">25051.7786666667</dst>
            <dst id="CHINng">7399.59733333333</dst>
            <dst id="DNVRng">5085.25066666666</dst>
            <dst id="HSTNng">805.736</dst>
            <dst id="IPLSng">10297.9546666667</dst>
            <dst id="KSCYng">3284.02133333333</dst>
            <dst id="LOSAng">10671.2346666667</dst>
            <dst id="NYCMng">12317.304</dst>
            <dst id="SNVAng">462.234666666667</dst>
            <dst id="STTLng">5222.34133333333</dst>
            <dst id="WASHng">55672.4213333333</dst>
        </src>
        <src id="CHINng">
            <dst id="ATLA-M5">212.594666666667</dst>
            <dst id="ATLAng">26346.0266666667</dst>
            <dst id="CHINng">131208.328</dst>
            <dst id="DNVRng">10222.7093333333</dst>
            <dst id="HSTNng">6406.672</dst>
            <dst id="IPLSng">51111.7226666667</dst>
            <dst id="KSCYng">4630.016</dst>
            <dst id="LOSAng">39538.8773333333</dst>
            <dst id="NYCMng">10984.832</dst>
            <dst id="SNVAng">321.565333333333</dst>
            <dst id="STTLng">7103.24266666667</dst>
            <dst id="WASHng">43199.4533333333</dst>
        </src>
        <src id="DNVRng">
            <dst id="ATLA-M5">330.976</dst>
            <dst id="ATLAng">12528.1973333333</dst>
            <dst id="CHINng">59597.0773333333</dst>
            <dst id="DNVRng">27650.6586666667</dst>
            <dst id="HSTNng">16787.7013333333</dst>
            <dst id="IPLSng">29395.096</dst>
            <dst id="KSCYng">17573.4853333333</dst>
            <dst id="LOSAng">4339.42133333333</dst>
            <dst id="NYCMng">11773.7466666667</dst>
            <dst id="SNVAng">11277.84</dst>
            <dst id="STTLng">8767.78133333333</dst>
            <dst id="WASHng">32149.4346666667</dst>
        </src>
        <src id="HSTNng">
            <dst id="ATLA-M5">2089.63466666667</dst>
            <dst id="ATLAng">3824.78133333333</dst>
            <dst id="CHINng">19562.096</dst>
            <dst id="DNVRng">971.314666666667</dst>
            <dst id="HSTNng">4235.45066666667</dst>
            <dst id="IPLSng">846.309333333333</dst>
            <dst id="KSCYng">4383.95733333333</dst>
            <dst id="LOSAng">9423.256</dst>
            <dst id="NYCMng">4457.368</dst>
            <dst id="SNVAng">186.618666666667</dst>
            <dst id="STTLng">284.469333333333</dst>
            <dst id="WASHng">2250.11733333333</dst>
        </src>
        <src id="IPLSng">
            <dst id="ATLA-M5">106.666666666667</dst>
            <dst id="ATLAng">13777.536</dst>
            <dst id="CHINng">116687.650666667</dst>
            <dst id="DNVRng">2386.05333333333</dst>
            <dst id="HSTNng">2617.224</dst>
            <dst id="IPLSng">13987.5226666667</dst>
            <dst id="KSCYng">4413.888</dst>
            <dst id="LOSAng">26205.4373333333</dst>
            <dst id="NYCMng">12172.0693333333</dst>
            <dst id="SNVAng">760.298666666667</dst>
            <dst id="STTLng">12644.336</dst>
            <dst id="WASHng">13831.2266666667</dst>
        </src>
        <src id="KSCYng">
            <dst id="ATLA-M5">329.114666666667</dst>
            <dst id="ATLAng">3637.29866666667</dst>
            <dst id="CHINng">38622.0426666667</dst>
            <dst id="DNVRng">7859.51733333333</dst>
            <dst id="HSTNng">2938.54133333333</dst>
            <dst id="IPLSng">10535.4506666667</dst>
            <dst id="KSCYng">6976.28533333333</dst>
            <dst id="LOSAng">6519.26933333333</dst>
            <dst id="NYCMng">6608.83466666667</dst>
            <dst id="SNVAng">67.536</dst>
            <dst id="STTLng">743.277333333333</dst>
            <dst id="WASHng">7453.584</dst>
        </src>
        <src id="LOSAng">
            <dst id="ATLA-M5">1138.37066666667</dst>
            <dst id="ATLAng">25055.0613333333</dst>
            <dst id="CHINng">140493.746666667</dst>
            <dst id="DNVRng">5319.85066666667</dst>
            <dst id="HSTNng">8658.32</dst>
            <dst id="IPLSng">34271.848</dst>
            <dst id="KSCYng">7816.61066666667</dst>
            <dst id="LOSAng">16689.1786666667</dst>
            <dst id="NYCMng">54953.9893333333</dst>
            <dst id="SNVAng">6430.34933333333</dst>
            <dst id="STTLng">33835.3653333333</dst>
            <dst id="WASHng">107806.541333333</dst>
        </src>
        <src id="NYCMng">
            <dst id="ATLA-M5">1031.808</dst>
            <dst id="ATLAng">41549.3973333333</dst>
            <dst id="CHINng">63603.3226666667</dst>
            <dst id="DNVRng">18780.5733333333</dst>
            <dst id="HSTNng">11534.664</dst>
            <dst id="IPLSng">30036.2853333333</dst>
            <dst id="KSCYng">14958.0266666667</dst>
            <dst id="LOSAng">63664.7786666667</dst>
            <dst id="NYCMng">104548.672</dst>
            <dst id="SNVAng">2589.736</dst>
            <dst id="STTLng">20187.3173333333</dst>
            <dst id="WASHng">89915.7893333333</dst>
        </src>
        <src id="SNVAng">
            <dst id="ATLA-M5">26.6666666666667</dst>
            <dst id="ATLAng">87.288</dst>
            <dst id="CHINng">586.802666666667</dst>
            <dst id="DNVRng">1084.02933333333</dst>
            <dst id="HSTNng">142.893333333333</dst>
            <dst id="IPLSng">4285.55733333333</dst>
            <dst id="KSCYng">168.893333333333</dst>
            <dst id="LOSAng">27174.816</dst>
            <dst id="NYCMng">214.602666666667</dst>
            <dst id="SNVAng">10107.344</dst>
            <dst id="STTLng">19913.0053333333</dst>
            <dst id="WASHng">115.272</dst>
        </src>
        <src id="STTLng">
            <dst id="ATLA-M5">53.3333333333333</dst>
            <dst id="ATLAng">14945.3226666667</dst>
            <dst id="CHINng">43696.8346666667</dst>
            <dst id="DNVRng">2128.25866666667</dst>
            <dst id="HSTNng">1086.224</dst>
            <dst id="IPLSng">8686.784</dst>
            <dst id="KSCYng">1232.376</dst>
            <dst id="LOSAng">16741.664</dst>
            <dst id="NYCMng">11367.9066666667</dst>
            <dst id="SNVAng">7642.24</dst>
            <dst id="STTLng">6093.34666666667</dst>
            <dst id="WASHng">10798.6453333333</dst>
        </src>
        <src id="WASHng">
            <dst id="ATLA-M5">188.869333333333</dst>
            <dst id="ATLAng">87164.5946666667</dst>
            <dst id="CHINng">99298.6373333333</dst>
            <dst id="DNVRng">48135.0373333333</dst>
            <dst id="HSTNng">11863.6026666667</dst>
            <dst id="IPLSng">38244.784</dst>
            <dst id="KSCYng">6366.11466666667</dst>
            <dst id="LOSAng">108856</dst>
            <dst id="NYCMng">145685.893333333</dst>
            <dst id="SNVAng">4475.52533333333</dst>
            <dst id="STTLng">29321.3706666667</dst>
            <dst id="WASHng">346191.173333333</dst>
        </src>
    </IntraTM>
</TrafficMatrixFile>
