<?xml version="1.0" encoding="ISO-8859-1" standalone="yes"?>
<TrafficMatrixFile xsi:noNamespaceSchemaLocation="http://totem.run.montefiore.ulg.ac.be/Schema/TrafficMatrix-v1_2.xsd" xmlns:xsi="http://www.w3.org/2001/XMLSchema-instance">
    <IntraTM ASID="11537">
        <src id="ATLA-M5">
            <dst id="ATLA-M5">0</dst>
            <dst id="ATLAng">53.3333333333333</dst>
            <dst id="CHINng">61.9306666666667</dst>
            <dst id="DNVRng">0</dst>
            <dst id="HSTNng">53.3333333333333</dst>
            <dst id="IPLSng">78.6666666666667</dst>
            <dst id="KSCYng">0</dst>
            <dst id="LOSAng">90.6586666666667</dst>
            <dst id="NYCMng">26.6666666666667</dst>
            <dst id="SNVAng">0</dst>
            <dst id="STTLng">60.4906666666667</dst>
            <dst id="WASHng">1541.224</dst>
        </src>
        <src id="ATLAng">
            <dst id="ATLA-M5">153.906666666667</dst>
            <dst id="ATLAng">26536.008</dst>
            <dst id="CHINng">11352.5706666667</dst>
            <dst id="DNVRng">3653.82933333333</dst>
            <dst id="HSTNng">1016.344</dst>
            <dst id="IPLSng">12359.0773333333</dst>
            <dst id="KSCYng">445.522666666667</dst>
            <dst id="LOSAng">18521.844</dst>
            <dst id="NYCMng">6013.62666666667</dst>
            <dst id="SNVAng">129.604</dst>
            <dst id="STTLng">4399.39466666667</dst>
            <dst id="WASHng">41009.6186666667</dst>
        </src>
        <src id="CHINng">
            <dst id="ATLA-M5">0</dst>
            <dst id="ATLAng">11087.32</dst>
            <dst id="CHINng">94782.1306666667</dst>
            <dst id="DNVRng">12191.32</dst>
            <dst id="HSTNng">6408.62933333333</dst>
            <dst id="IPLSng">32142.7066666667</dst>
            <dst id="KSCYng">7158.02666666667</dst>
            <dst id="LOSAng">57760.5946666667</dst>
            <dst id="NYCMng">30052.6026666667</dst>
            <dst id="SNVAng">1704.20266666667</dst>
            <dst id="STTLng">7579.904</dst>
            <dst id="WASHng">21779.0453333333</dst>
        </src>
        <src id="DNVRng">
            <dst id="ATLA-M5">198.794666666667</dst>
            <dst id="ATLAng">7306.11466666667</dst>
            <dst id="CHINng">55896.4853333333</dst>
            <dst id="DNVRng">22341.8106666667</dst>
            <dst id="HSTNng">28484.2586666667</dst>
            <dst id="IPLSng">23043.1733333333</dst>
            <dst id="KSCYng">23811.1813333333</dst>
            <dst id="LOSAng">8686.25333333333</dst>
            <dst id="NYCMng">12545.3333333333</dst>
            <dst id="SNVAng">13052.3626666667</dst>
            <dst id="STTLng">15061.6026666667</dst>
            <dst id="WASHng">32901.512</dst>
        </src>
        <src id="HSTNng">
            <dst id="ATLA-M5">179.594666666667</dst>
            <dst id="ATLAng">2453.544</dst>
            <dst id="CHINng">13219.2666666667</dst>
            <dst id="DNVRng">1549.288</dst>
            <dst id="HSTNng">7808.72533333333</dst>
            <dst id="IPLSng">466.802666666667</dst>
            <dst id="KSCYng">2119.48</dst>
            <dst id="LOSAng">8388.296</dst>
            <dst id="NYCMng">1335.48533333333</dst>
            <dst id="SNVAng">26.6666666666667</dst>
            <dst id="STTLng">1236.152</dst>
            <dst id="WASHng">1424.4</dst>
        </src>
        <src id="IPLSng">
            <dst id="ATLA-M5">79.4426666666667</dst>
            <dst id="ATLAng">11422.056</dst>
            <dst id="CHINng">70335.5866666667</dst>
            <dst id="DNVRng">4854.75733333333</dst>
            <dst id="HSTNng">1378.74666666667</dst>
            <dst id="IPLSng">31322.704</dst>
            <dst id="KSCYng">2110.17333333333</dst>
            <dst id="LOSAng">42688</dst>
            <dst id="NYCMng">15069.6346666667</dst>
            <dst id="SNVAng">259.8</dst>
            <dst id="STTLng">13653.1226666667</dst>
            <dst id="WASHng">6311.6</dst>
        </src>
        <src id="KSCYng">
            <dst id="ATLA-M5">0</dst>
            <dst id="ATLAng">922.616</dst>
            <dst id="CHINng">24715.024</dst>
            <dst id="DNVRng">10343.0666666667</dst>
            <dst id="HSTNng">2512.44533333333</dst>
            <dst id="IPLSng">15770.5546666667</dst>
            <dst id="KSCYng">14148.16</dst>
            <dst id="LOSAng">22757.344</dst>
            <dst id="NYCMng">2629.96</dst>
            <dst id="SNVAng">36.9626666666667</dst>
            <dst id="STTLng">902.344</dst>
            <dst id="WASHng">7259.48533333333</dst>
        </src>
        <src id="LOSAng">
            <dst id="ATLA-M5">58.328</dst>
            <dst id="ATLAng">10183.1786666667</dst>
            <dst id="CHINng">92522.0933333334</dst>
            <dst id="DNVRng">5923.88266666667</dst>
            <dst id="HSTNng">7602.55466666667</dst>
            <dst id="IPLSng">22641.1626666667</dst>
            <dst id="KSCYng">4893.81066666667</dst>
            <dst id="LOSAng">18164.6213333333</dst>
            <dst id="NYCMng">55434.1706666667</dst>
            <dst id="SNVAng">7240.984</dst>
            <dst id="STTLng">47694.704</dst>
            <dst id="WASHng">98203.4106666667</dst>
        </src>
        <src id="NYCMng">
            <dst id="ATLA-M5">175.253333333333</dst>
            <dst id="ATLAng">24114.9786666667</dst>
            <dst id="CHINng">51060.4933333333</dst>
            <dst id="DNVRng">116911.370666667</dst>
            <dst id="HSTNng">9106.89066666667</dst>
            <dst id="IPLSng">35135.7493333333</dst>
            <dst id="KSCYng">8367.824</dst>
            <dst id="LOSAng">76932.88</dst>
            <dst id="NYCMng">73109.4693333334</dst>
            <dst id="SNVAng">1107.82133333333</dst>
            <dst id="STTLng">24261.864</dst>
            <dst id="WASHng">62033.6693333333</dst>
        </src>
        <src id="SNVAng">
            <dst id="ATLA-M5">0</dst>
            <dst id="ATLAng">26.6666666666667</dst>
            <dst id="CHINng">428.965333333333</dst>
            <dst id="DNVRng">2106.18133333333</dst>
            <dst id="HSTNng">27.648</dst>
            <dst id="IPLSng">234.602666666667</dst>
            <dst id="KSCYng">16037.5466666667</dst>
            <dst id="LOSAng">43644.472</dst>
            <dst id="NYCMng">362.784</dst>
            <dst id="SNVAng">10339.1173333333</dst>
            <dst id="STTLng">28901.688</dst>
            <dst id="WASHng">26.6666666666667</dst>
        </src>
        <src id="STTLng">
            <dst id="ATLA-M5">26.6666666666667</dst>
            <dst id="ATLAng">9355.01333333333</dst>
            <dst id="CHINng">27720.888</dst>
            <dst id="DNVRng">3632.41066666667</dst>
            <dst id="HSTNng">494.741333333333</dst>
            <dst id="IPLSng">10016.176</dst>
            <dst id="KSCYng">2217.05866666667</dst>
            <dst id="LOSAng">33019.28</dst>
            <dst id="NYCMng">12464.1013333333</dst>
            <dst id="SNVAng">5254.26933333333</dst>
            <dst id="STTLng">5954.89066666666</dst>
            <dst id="WASHng">4747.33066666667</dst>
        </src>
        <src id="WASHng">
            <dst id="ATLA-M5">214.968</dst>
            <dst id="ATLAng">124715.218666667</dst>
            <dst id="CHINng">81897.432</dst>
            <dst id="DNVRng">62360.0853333333</dst>
            <dst id="HSTNng">22770.6773333333</dst>
            <dst id="IPLSng">64267.8026666667</dst>
            <dst id="KSCYng">11008.7226666667</dst>
            <dst id="LOSAng">112126.986666667</dst>
            <dst id="NYCMng">142917.144</dst>
            <dst id="SNVAng">7878.30933333333</dst>
            <dst id="STTLng">27261.4506666667</dst>
            <dst id="WASHng">226752.696</dst>
        </src>
    </IntraTM>
</TrafficMatrixFile>
