<?xml version="1.0" encoding="ISO-8859-1" standalone="yes"?>
<TrafficMatrixFile xsi:noNamespaceSchemaLocation="http://totem.run.montefiore.ulg.ac.be/Schema/TrafficMatrix-v1_2.xsd" xmlns:xsi="http://www.w3.org/2001/XMLSchema-instance">
    <IntraTM ASID="11537">
        <src id="ATLA-M5">
            <dst id="ATLA-M5">26.6666666666667</dst>
            <dst id="ATLAng">79.2693333333333</dst>
            <dst id="CHINng">1833.10133333333</dst>
            <dst id="DNVRng">0</dst>
            <dst id="HSTNng">26.6666666666667</dst>
            <dst id="IPLSng">225.106666666667</dst>
            <dst id="KSCYng">2602.34933333333</dst>
            <dst id="LOSAng">1623.74133333333</dst>
            <dst id="NYCMng">26.6666666666667</dst>
            <dst id="SNVAng">0</dst>
            <dst id="STTLng">137.589333333333</dst>
            <dst id="WASHng">319.261333333333</dst>
        </src>
        <src id="ATLAng">
            <dst id="ATLA-M5">69.6906666666667</dst>
            <dst id="ATLAng">45581.3333333333</dst>
            <dst id="CHINng">6647.032</dst>
            <dst id="DNVRng">4825.856</dst>
            <dst id="HSTNng">607.802666666667</dst>
            <dst id="IPLSng">13652.5946666667</dst>
            <dst id="KSCYng">2388.57866666667</dst>
            <dst id="LOSAng">16368.6506666667</dst>
            <dst id="NYCMng">4183.21066666667</dst>
            <dst id="SNVAng">482.458666666667</dst>
            <dst id="STTLng">4779.17333333333</dst>
            <dst id="WASHng">30488.7226666667</dst>
        </src>
        <src id="CHINng">
            <dst id="ATLA-M5">125.112</dst>
            <dst id="ATLAng">31814.1493333333</dst>
            <dst id="CHINng">208433.752</dst>
            <dst id="DNVRng">15544.5466666667</dst>
            <dst id="HSTNng">5861.608</dst>
            <dst id="IPLSng">65000.1893333333</dst>
            <dst id="KSCYng">7027.20533333333</dst>
            <dst id="LOSAng">42570.1253333333</dst>
            <dst id="NYCMng">15007.2666666667</dst>
            <dst id="SNVAng">382.309333333333</dst>
            <dst id="STTLng">5751.752</dst>
            <dst id="WASHng">24058.4933333333</dst>
        </src>
        <src id="DNVRng">
            <dst id="ATLA-M5">167.466666666667</dst>
            <dst id="ATLAng">12238.9173333333</dst>
            <dst id="CHINng">44095.1226666667</dst>
            <dst id="DNVRng">9020.04</dst>
            <dst id="HSTNng">27945.6906666667</dst>
            <dst id="IPLSng">28285.4373333333</dst>
            <dst id="KSCYng">19439.656</dst>
            <dst id="LOSAng">5900.89866666667</dst>
            <dst id="NYCMng">9459.57066666667</dst>
            <dst id="SNVAng">15574.3786666667</dst>
            <dst id="STTLng">17246.2826666667</dst>
            <dst id="WASHng">29646.7226666667</dst>
        </src>
        <src id="HSTNng">
            <dst id="ATLA-M5">158.048</dst>
            <dst id="ATLAng">2155.61333333333</dst>
            <dst id="CHINng">12073.512</dst>
            <dst id="DNVRng">2657.99733333333</dst>
            <dst id="HSTNng">3159.11733333333</dst>
            <dst id="IPLSng">992.938666666667</dst>
            <dst id="KSCYng">1348.41866666667</dst>
            <dst id="LOSAng">18191.1013333333</dst>
            <dst id="NYCMng">1778.688</dst>
            <dst id="SNVAng">0</dst>
            <dst id="STTLng">1562.568</dst>
            <dst id="WASHng">5367.08533333333</dst>
        </src>
        <src id="IPLSng">
            <dst id="ATLA-M5">133.413333333333</dst>
            <dst id="ATLAng">13568.816</dst>
            <dst id="CHINng">64644.288</dst>
            <dst id="DNVRng">3769.912</dst>
            <dst id="HSTNng">2068.416</dst>
            <dst id="IPLSng">25775.7173333333</dst>
            <dst id="KSCYng">3576.85333333333</dst>
            <dst id="LOSAng">46027.856</dst>
            <dst id="NYCMng">26262.7066666667</dst>
            <dst id="SNVAng">591.618666666667</dst>
            <dst id="STTLng">18333.3893333333</dst>
            <dst id="WASHng">18150.5226666667</dst>
        </src>
        <src id="KSCYng">
            <dst id="ATLA-M5">635.005333333334</dst>
            <dst id="ATLAng">6392.29866666667</dst>
            <dst id="CHINng">27788.0453333333</dst>
            <dst id="DNVRng">12104.5306666667</dst>
            <dst id="HSTNng">4994.83733333333</dst>
            <dst id="IPLSng">12059.328</dst>
            <dst id="KSCYng">7606.02666666667</dst>
            <dst id="LOSAng">6641.13866666667</dst>
            <dst id="NYCMng">3780.92</dst>
            <dst id="SNVAng">1130.54933333333</dst>
            <dst id="STTLng">2030.264</dst>
            <dst id="WASHng">9401.18933333333</dst>
        </src>
        <src id="LOSAng">
            <dst id="ATLA-M5">178.64</dst>
            <dst id="ATLAng">21897.8373333333</dst>
            <dst id="CHINng">87426.488</dst>
            <dst id="DNVRng">8212.36266666667</dst>
            <dst id="HSTNng">15636.8133333333</dst>
            <dst id="IPLSng">65604.9866666667</dst>
            <dst id="KSCYng">7354.88</dst>
            <dst id="LOSAng">14705.496</dst>
            <dst id="NYCMng">98565.864</dst>
            <dst id="SNVAng">9613.59733333333</dst>
            <dst id="STTLng">54214.776</dst>
            <dst id="WASHng">118253.458666667</dst>
        </src>
        <src id="NYCMng">
            <dst id="ATLA-M5">592.677333333333</dst>
            <dst id="ATLAng">42081.8133333333</dst>
            <dst id="CHINng">37534.2773333333</dst>
            <dst id="DNVRng">117843.12</dst>
            <dst id="HSTNng">12136.6586666667</dst>
            <dst id="IPLSng">39190.5413333333</dst>
            <dst id="KSCYng">9933.39733333333</dst>
            <dst id="LOSAng">111943.645333333</dst>
            <dst id="NYCMng">74126.112</dst>
            <dst id="SNVAng">1605.40533333333</dst>
            <dst id="STTLng">30672.328</dst>
            <dst id="WASHng">67472.0266666667</dst>
        </src>
        <src id="SNVAng">
            <dst id="ATLA-M5">0</dst>
            <dst id="ATLAng">60.096</dst>
            <dst id="CHINng">137.552</dst>
            <dst id="DNVRng">6975.18133333333</dst>
            <dst id="HSTNng">779.050666666667</dst>
            <dst id="IPLSng">476.613333333333</dst>
            <dst id="KSCYng">15061.9173333333</dst>
            <dst id="LOSAng">38063.6106666667</dst>
            <dst id="NYCMng">390.197333333333</dst>
            <dst id="SNVAng">8769.864</dst>
            <dst id="STTLng">21589.6346666667</dst>
            <dst id="WASHng">26.6666666666667</dst>
        </src>
        <src id="STTLng">
            <dst id="ATLA-M5">344.170666666667</dst>
            <dst id="ATLAng">9321.408</dst>
            <dst id="CHINng">16346.0773333333</dst>
            <dst id="DNVRng">3086.63466666667</dst>
            <dst id="HSTNng">5695.97866666667</dst>
            <dst id="IPLSng">5884.18933333333</dst>
            <dst id="KSCYng">2415.17066666667</dst>
            <dst id="LOSAng">25622.6453333333</dst>
            <dst id="NYCMng">8156.30666666667</dst>
            <dst id="SNVAng">2805.112</dst>
            <dst id="STTLng">5476.048</dst>
            <dst id="WASHng">7581.97866666667</dst>
        </src>
        <src id="WASHng">
            <dst id="ATLA-M5">1031.08</dst>
            <dst id="ATLAng">137014.429333333</dst>
            <dst id="CHINng">80779.2853333333</dst>
            <dst id="DNVRng">61486.0906666667</dst>
            <dst id="HSTNng">31999.1333333333</dst>
            <dst id="IPLSng">54533.312</dst>
            <dst id="KSCYng">17504.96</dst>
            <dst id="LOSAng">123317.010666667</dst>
            <dst id="NYCMng">144519.786666667</dst>
            <dst id="SNVAng">7633.072</dst>
            <dst id="STTLng">34936.8933333333</dst>
            <dst id="WASHng">202576.501333333</dst>
        </src>
    </IntraTM>
</TrafficMatrixFile>
