<?xml version="1.0" encoding="ISO-8859-1" standalone="yes"?>
<TrafficMatrixFile xsi:noNamespaceSchemaLocation="http://totem.run.montefiore.ulg.ac.be/Schema/TrafficMatrix-v1_2.xsd" xmlns:xsi="http://www.w3.org/2001/XMLSchema-instance">
    <IntraTM ASID="11537">
        <src id="ATLA-M5">
            <dst id="ATLA-M5">26.6666666666667</dst>
            <dst id="ATLAng">0</dst>
            <dst id="CHINng">542.458666666667</dst>
            <dst id="DNVRng">0</dst>
            <dst id="HSTNng">86.664</dst>
            <dst id="IPLSng">53.3333333333333</dst>
            <dst id="KSCYng">26.6666666666667</dst>
            <dst id="LOSAng">253.624</dst>
            <dst id="NYCMng">89.8533333333333</dst>
            <dst id="SNVAng">0</dst>
            <dst id="STTLng">26.6666666666667</dst>
            <dst id="WASHng">1738.25066666667</dst>
        </src>
        <src id="ATLAng">
            <dst id="ATLA-M5">140.778666666667</dst>
            <dst id="ATLAng">37042.8373333333</dst>
            <dst id="CHINng">5980.42133333333</dst>
            <dst id="DNVRng">7617</dst>
            <dst id="HSTNng">2893.76266666667</dst>
            <dst id="IPLSng">7049.97066666667</dst>
            <dst id="KSCYng">423.472</dst>
            <dst id="LOSAng">13058.2693333333</dst>
            <dst id="NYCMng">4489.70666666667</dst>
            <dst id="SNVAng">151.6</dst>
            <dst id="STTLng">2525.86666666667</dst>
            <dst id="WASHng">55290.1013333333</dst>
        </src>
        <src id="CHINng">
            <dst id="ATLA-M5">143.842666666667</dst>
            <dst id="ATLAng">34232.1973333333</dst>
            <dst id="CHINng">107216.813333333</dst>
            <dst id="DNVRng">8145.432</dst>
            <dst id="HSTNng">3235.536</dst>
            <dst id="IPLSng">16682.4773333333</dst>
            <dst id="KSCYng">3952.12266666667</dst>
            <dst id="LOSAng">46345.88</dst>
            <dst id="NYCMng">6427.032</dst>
            <dst id="SNVAng">1381.12266666667</dst>
            <dst id="STTLng">16890.5626666667</dst>
            <dst id="WASHng">14937.2666666667</dst>
        </src>
        <src id="DNVRng">
            <dst id="ATLA-M5">85.5946666666667</dst>
            <dst id="ATLAng">2234.59733333333</dst>
            <dst id="CHINng">60850.0453333333</dst>
            <dst id="DNVRng">4379.39466666667</dst>
            <dst id="HSTNng">11419.208</dst>
            <dst id="IPLSng">14854.6533333333</dst>
            <dst id="KSCYng">10277.9546666667</dst>
            <dst id="LOSAng">5678.696</dst>
            <dst id="NYCMng">5532.328</dst>
            <dst id="SNVAng">5793.22933333333</dst>
            <dst id="STTLng">4832.97333333333</dst>
            <dst id="WASHng">29725.8026666667</dst>
        </src>
        <src id="HSTNng">
            <dst id="ATLA-M5">2085.49866666667</dst>
            <dst id="ATLAng">14814.4986666667</dst>
            <dst id="CHINng">15117.8266666667</dst>
            <dst id="DNVRng">775.565333333333</dst>
            <dst id="HSTNng">2059.86933333333</dst>
            <dst id="IPLSng">255.645333333333</dst>
            <dst id="KSCYng">1239.26133333333</dst>
            <dst id="LOSAng">5834.136</dst>
            <dst id="NYCMng">3443.8</dst>
            <dst id="SNVAng">0</dst>
            <dst id="STTLng">1127.97066666667</dst>
            <dst id="WASHng">4380.392</dst>
        </src>
        <src id="IPLSng">
            <dst id="ATLA-M5">53.3333333333333</dst>
            <dst id="ATLAng">14767.432</dst>
            <dst id="CHINng">84184.8346666667</dst>
            <dst id="DNVRng">1846.41866666667</dst>
            <dst id="HSTNng">2434.392</dst>
            <dst id="IPLSng">3024.65066666667</dst>
            <dst id="KSCYng">1371.96266666667</dst>
            <dst id="LOSAng">35714.9066666667</dst>
            <dst id="NYCMng">16996.544</dst>
            <dst id="SNVAng">3432.52</dst>
            <dst id="STTLng">12564.1093333333</dst>
            <dst id="WASHng">11300.4533333333</dst>
        </src>
        <src id="KSCYng">
            <dst id="ATLA-M5">0</dst>
            <dst id="ATLAng">1106.464</dst>
            <dst id="CHINng">21206.4986666667</dst>
            <dst id="DNVRng">7142.66666666667</dst>
            <dst id="HSTNng">3674.408</dst>
            <dst id="IPLSng">5764.74933333333</dst>
            <dst id="KSCYng">2669.98133333333</dst>
            <dst id="LOSAng">6290.09066666667</dst>
            <dst id="NYCMng">3683.43733333333</dst>
            <dst id="SNVAng">1320.856</dst>
            <dst id="STTLng">1852.72</dst>
            <dst id="WASHng">3946.58666666667</dst>
        </src>
        <src id="LOSAng">
            <dst id="ATLA-M5">0</dst>
            <dst id="ATLAng">43144.0053333333</dst>
            <dst id="CHINng">113005.221333333</dst>
            <dst id="DNVRng">9533.82666666666</dst>
            <dst id="HSTNng">5969.73066666667</dst>
            <dst id="IPLSng">15025.008</dst>
            <dst id="KSCYng">1682.17066666667</dst>
            <dst id="LOSAng">16730.312</dst>
            <dst id="NYCMng">52748.1866666667</dst>
            <dst id="SNVAng">8122.432</dst>
            <dst id="STTLng">22698.6666666667</dst>
            <dst id="WASHng">97717.7813333333</dst>
        </src>
        <src id="NYCMng">
            <dst id="ATLA-M5">288.250666666667</dst>
            <dst id="ATLAng">31322.9493333333</dst>
            <dst id="CHINng">37142.24</dst>
            <dst id="DNVRng">55879.7813333333</dst>
            <dst id="HSTNng">3848.22666666667</dst>
            <dst id="IPLSng">27640.9973333333</dst>
            <dst id="KSCYng">3815.928</dst>
            <dst id="LOSAng">61223.48</dst>
            <dst id="NYCMng">119223.04</dst>
            <dst id="SNVAng">1335.808</dst>
            <dst id="STTLng">25756.0213333333</dst>
            <dst id="WASHng">39378.776</dst>
        </src>
        <src id="SNVAng">
            <dst id="ATLA-M5">0</dst>
            <dst id="ATLAng">26.6666666666667</dst>
            <dst id="CHINng">551.976</dst>
            <dst id="DNVRng">999.216</dst>
            <dst id="HSTNng">99.6266666666667</dst>
            <dst id="IPLSng">909.466666666666</dst>
            <dst id="KSCYng">81.6</dst>
            <dst id="LOSAng">26294.136</dst>
            <dst id="NYCMng">282.197333333333</dst>
            <dst id="SNVAng">7697.704</dst>
            <dst id="STTLng">18896.008</dst>
            <dst id="WASHng">26.6666666666667</dst>
        </src>
        <src id="STTLng">
            <dst id="ATLA-M5">240.898666666667</dst>
            <dst id="ATLAng">8128.53866666667</dst>
            <dst id="CHINng">36038.1066666667</dst>
            <dst id="DNVRng">862.037333333333</dst>
            <dst id="HSTNng">899.864</dst>
            <dst id="IPLSng">3722.95733333333</dst>
            <dst id="KSCYng">932.642666666667</dst>
            <dst id="LOSAng">26105.24</dst>
            <dst id="NYCMng">8023.80266666667</dst>
            <dst id="SNVAng">2327.71466666667</dst>
            <dst id="STTLng">1189.856</dst>
            <dst id="WASHng">5746.72533333333</dst>
        </src>
        <src id="WASHng">
            <dst id="ATLA-M5">492.437333333333</dst>
            <dst id="ATLAng">93375.6266666667</dst>
            <dst id="CHINng">77253.5813333333</dst>
            <dst id="DNVRng">76157.2986666667</dst>
            <dst id="HSTNng">4482.36266666667</dst>
            <dst id="IPLSng">57345.032</dst>
            <dst id="KSCYng">5034.27466666667</dst>
            <dst id="LOSAng">117780.453333333</dst>
            <dst id="NYCMng">141879.226666667</dst>
            <dst id="SNVAng">586.237333333333</dst>
            <dst id="STTLng">42163.2453333333</dst>
            <dst id="WASHng">263171.693333333</dst>
        </src>
    </IntraTM>
</TrafficMatrixFile>
