<?xml version="1.0" encoding="ISO-8859-1" standalone="yes"?>
<TrafficMatrixFile xsi:noNamespaceSchemaLocation="http://totem.run.montefiore.ulg.ac.be/Schema/TrafficMatrix-v1_2.xsd" xmlns:xsi="http://www.w3.org/2001/XMLSchema-instance">
    <IntraTM ASID="11537">
        <src id="ATLA-M5">
            <dst id="ATLA-M5">350.736</dst>
            <dst id="ATLAng">436.12</dst>
            <dst id="CHINng">483.341333333333</dst>
            <dst id="DNVRng">80</dst>
            <dst id="HSTNng">168.133333333333</dst>
            <dst id="IPLSng">769.312</dst>
            <dst id="KSCYng">125.410666666667</dst>
            <dst id="LOSAng">352.197333333333</dst>
            <dst id="NYCMng">808.845333333333</dst>
            <dst id="SNVAng">0</dst>
            <dst id="STTLng">856.453333333333</dst>
            <dst id="WASHng">1876.848</dst>
        </src>
        <src id="ATLAng">
            <dst id="ATLA-M5">637.746666666667</dst>
            <dst id="ATLAng">50359.528</dst>
            <dst id="CHINng">15751.008</dst>
            <dst id="DNVRng">5857.20266666667</dst>
            <dst id="HSTNng">7465.66133333333</dst>
            <dst id="IPLSng">15569.0586666667</dst>
            <dst id="KSCYng">8588.75466666667</dst>
            <dst id="LOSAng">28068.2293333333</dst>
            <dst id="NYCMng">15351.7066666667</dst>
            <dst id="SNVAng">2008.884</dst>
            <dst id="STTLng">7049.28266666667</dst>
            <dst id="WASHng">63926.5973333333</dst>
        </src>
        <src id="CHINng">
            <dst id="ATLA-M5">1187.86666666667</dst>
            <dst id="ATLAng">40804.4826666667</dst>
            <dst id="CHINng">140181.749333333</dst>
            <dst id="DNVRng">12644.272</dst>
            <dst id="HSTNng">9905.50666666666</dst>
            <dst id="IPLSng">63735.2826666667</dst>
            <dst id="KSCYng">6058.14133333333</dst>
            <dst id="LOSAng">58352.12</dst>
            <dst id="NYCMng">8495.56533333333</dst>
            <dst id="SNVAng">3522.62666666667</dst>
            <dst id="STTLng">17973.4293333333</dst>
            <dst id="WASHng">35329.1013333333</dst>
        </src>
        <src id="DNVRng">
            <dst id="ATLA-M5">345.541333333333</dst>
            <dst id="ATLAng">30710.5893333333</dst>
            <dst id="CHINng">44185.8533333333</dst>
            <dst id="DNVRng">7543.80266666667</dst>
            <dst id="HSTNng">17935.5813333333</dst>
            <dst id="IPLSng">31109.5626666667</dst>
            <dst id="KSCYng">16291.7093333333</dst>
            <dst id="LOSAng">6981.54666666667</dst>
            <dst id="NYCMng">17069.0133333333</dst>
            <dst id="SNVAng">8871.57866666667</dst>
            <dst id="STTLng">20407.7573333333</dst>
            <dst id="WASHng">36220.9733333333</dst>
        </src>
        <src id="HSTNng">
            <dst id="ATLA-M5">785.994666666667</dst>
            <dst id="ATLAng">4060.79466666667</dst>
            <dst id="CHINng">17838.7786666667</dst>
            <dst id="DNVRng">8894.696</dst>
            <dst id="HSTNng">10636.488</dst>
            <dst id="IPLSng">4507.81333333333</dst>
            <dst id="KSCYng">2562.944</dst>
            <dst id="LOSAng">10120.288</dst>
            <dst id="NYCMng">5661.504</dst>
            <dst id="SNVAng">343.506666666667</dst>
            <dst id="STTLng">2031.72</dst>
            <dst id="WASHng">8246.048</dst>
        </src>
        <src id="IPLSng">
            <dst id="ATLA-M5">497.306666666667</dst>
            <dst id="ATLAng">19468.0986666667</dst>
            <dst id="CHINng">86324.9493333334</dst>
            <dst id="DNVRng">11086.2666666667</dst>
            <dst id="HSTNng">13142.4533333333</dst>
            <dst id="IPLSng">45112.184</dst>
            <dst id="KSCYng">9816.33066666666</dst>
            <dst id="LOSAng">67919.2986666667</dst>
            <dst id="NYCMng">34981.6933333333</dst>
            <dst id="SNVAng">2388.08</dst>
            <dst id="STTLng">13657.9173333333</dst>
            <dst id="WASHng">30173.048</dst>
        </src>
        <src id="KSCYng">
            <dst id="ATLA-M5">353.005333333333</dst>
            <dst id="ATLAng">5935.94133333333</dst>
            <dst id="CHINng">26542.9013333333</dst>
            <dst id="DNVRng">12128.9226666667</dst>
            <dst id="HSTNng">5923.488</dst>
            <dst id="IPLSng">16771.688</dst>
            <dst id="KSCYng">9123.11733333333</dst>
            <dst id="LOSAng">8266.37866666667</dst>
            <dst id="NYCMng">8453.48266666667</dst>
            <dst id="SNVAng">500.978666666667</dst>
            <dst id="STTLng">2539.79466666667</dst>
            <dst id="WASHng">11935.656</dst>
        </src>
        <src id="LOSAng">
            <dst id="ATLA-M5">2560.82666666667</dst>
            <dst id="ATLAng">39598.208</dst>
            <dst id="CHINng">121988.512</dst>
            <dst id="DNVRng">14541.2853333333</dst>
            <dst id="HSTNng">13673.9573333333</dst>
            <dst id="IPLSng">46255.3466666667</dst>
            <dst id="KSCYng">7974.296</dst>
            <dst id="LOSAng">11245.3466666667</dst>
            <dst id="NYCMng">73876.624</dst>
            <dst id="SNVAng">17164.8746666667</dst>
            <dst id="STTLng">79850.0026666667</dst>
            <dst id="WASHng">125441.381333333</dst>
        </src>
        <src id="NYCMng">
            <dst id="ATLA-M5">2874.888</dst>
            <dst id="ATLAng">73878.4346666667</dst>
            <dst id="CHINng">69763.6506666667</dst>
            <dst id="DNVRng">117544.832</dst>
            <dst id="HSTNng">14168.7226666667</dst>
            <dst id="IPLSng">47706.6853333333</dst>
            <dst id="KSCYng">17641.3226666667</dst>
            <dst id="LOSAng">94257.7893333333</dst>
            <dst id="NYCMng">165138.645333333</dst>
            <dst id="SNVAng">6061.98933333333</dst>
            <dst id="STTLng">32302.2</dst>
            <dst id="WASHng">117633.301333333</dst>
        </src>
        <src id="SNVAng">
            <dst id="ATLA-M5">260</dst>
            <dst id="ATLAng">280.336</dst>
            <dst id="CHINng">953.024</dst>
            <dst id="DNVRng">1662.89066666667</dst>
            <dst id="HSTNng">428.837333333333</dst>
            <dst id="IPLSng">5380.94933333333</dst>
            <dst id="KSCYng">168.229333333333</dst>
            <dst id="LOSAng">43094.6133333333</dst>
            <dst id="NYCMng">399.730666666667</dst>
            <dst id="SNVAng">22050.4053333333</dst>
            <dst id="STTLng">40670.7466666667</dst>
            <dst id="WASHng">798.821333333333</dst>
        </src>
        <src id="STTLng">
            <dst id="ATLA-M5">850.168</dst>
            <dst id="ATLAng">15254.096</dst>
            <dst id="CHINng">27239.7546666667</dst>
            <dst id="DNVRng">6109.57066666667</dst>
            <dst id="HSTNng">5393.61866666667</dst>
            <dst id="IPLSng">17175.904</dst>
            <dst id="KSCYng">9409.80533333334</dst>
            <dst id="LOSAng">41670.528</dst>
            <dst id="NYCMng">14275.2693333333</dst>
            <dst id="SNVAng">6562.672</dst>
            <dst id="STTLng">2364.22666666667</dst>
            <dst id="WASHng">17648.6266666667</dst>
        </src>
        <src id="WASHng">
            <dst id="ATLA-M5">1811.87733333333</dst>
            <dst id="ATLAng">118165.149333333</dst>
            <dst id="CHINng">93271.832</dst>
            <dst id="DNVRng">57943.0053333333</dst>
            <dst id="HSTNng">24709.776</dst>
            <dst id="IPLSng">89390.4773333333</dst>
            <dst id="KSCYng">31704.3226666667</dst>
            <dst id="LOSAng">132089.629333333</dst>
            <dst id="NYCMng">146630.397333333</dst>
            <dst id="SNVAng">2841.08</dst>
            <dst id="STTLng">34512.0506666667</dst>
            <dst id="WASHng">274715.52</dst>
        </src>
    </IntraTM>
</TrafficMatrixFile>
