<?xml version="1.0" encoding="ISO-8859-1" standalone="yes"?>
<TrafficMatrixFile xsi:noNamespaceSchemaLocation="http://totem.run.montefiore.ulg.ac.be/Schema/TrafficMatrix-v1_2.xsd" xmlns:xsi="http://www.w3.org/2001/XMLSchema-instance">
    <IntraTM ASID="11537">
        <src id="ATLA-M5">
            <dst id="ATLA-M5">500.946666666667</dst>
            <dst id="ATLAng">594.448</dst>
            <dst id="CHINng">189.018666666667</dst>
            <dst id="DNVRng">33.1146666666667</dst>
            <dst id="HSTNng">86.448</dst>
            <dst id="IPLSng">106.666666666667</dst>
            <dst id="KSCYng">61.5253333333333</dst>
            <dst id="LOSAng">198.197333333333</dst>
            <dst id="NYCMng">117.184</dst>
            <dst id="SNVAng">0</dst>
            <dst id="STTLng">26.6666666666667</dst>
            <dst id="WASHng">650.402666666667</dst>
        </src>
        <src id="ATLAng">
            <dst id="ATLA-M5">346.896</dst>
            <dst id="ATLAng">54147.6533333333</dst>
            <dst id="CHINng">10716.5013333333</dst>
            <dst id="DNVRng">7763.22666666667</dst>
            <dst id="HSTNng">4606.63733333333</dst>
            <dst id="IPLSng">12553.5893333333</dst>
            <dst id="KSCYng">1910.848</dst>
            <dst id="LOSAng">10063.4893333333</dst>
            <dst id="NYCMng">9259.94666666667</dst>
            <dst id="SNVAng">615.390666666667</dst>
            <dst id="STTLng">4004.168</dst>
            <dst id="WASHng">58882.592</dst>
        </src>
        <src id="CHINng">
            <dst id="ATLA-M5">676.789333333333</dst>
            <dst id="ATLAng">18123.0746666667</dst>
            <dst id="CHINng">153402.656</dst>
            <dst id="DNVRng">13812.7706666667</dst>
            <dst id="HSTNng">17696.96</dst>
            <dst id="IPLSng">25037.4933333333</dst>
            <dst id="KSCYng">7532.13066666667</dst>
            <dst id="LOSAng">38690.336</dst>
            <dst id="NYCMng">15215.8026666667</dst>
            <dst id="SNVAng">586.906666666667</dst>
            <dst id="STTLng">12086.6906666667</dst>
            <dst id="WASHng">32026.776</dst>
        </src>
        <src id="DNVRng">
            <dst id="ATLA-M5">214.08</dst>
            <dst id="ATLAng">7000.13866666667</dst>
            <dst id="CHINng">71971.5733333333</dst>
            <dst id="DNVRng">23737.9946666667</dst>
            <dst id="HSTNng">25430.4426666667</dst>
            <dst id="IPLSng">36982.7226666667</dst>
            <dst id="KSCYng">26438.104</dst>
            <dst id="LOSAng">7095.40266666667</dst>
            <dst id="NYCMng">11513.9146666667</dst>
            <dst id="SNVAng">21761.4266666667</dst>
            <dst id="STTLng">13389.2453333333</dst>
            <dst id="WASHng">59444.9093333333</dst>
        </src>
        <src id="HSTNng">
            <dst id="ATLA-M5">1576.832</dst>
            <dst id="ATLAng">4802.23733333333</dst>
            <dst id="CHINng">40328.264</dst>
            <dst id="DNVRng">2388.032</dst>
            <dst id="HSTNng">11287.592</dst>
            <dst id="IPLSng">2642.432</dst>
            <dst id="KSCYng">7123.048</dst>
            <dst id="LOSAng">11120.8613333333</dst>
            <dst id="NYCMng">8145.70133333333</dst>
            <dst id="SNVAng">178.186666666667</dst>
            <dst id="STTLng">2154.376</dst>
            <dst id="WASHng">9479.82133333333</dst>
        </src>
        <src id="IPLSng">
            <dst id="ATLA-M5">182.589333333333</dst>
            <dst id="ATLAng">25121.9493333333</dst>
            <dst id="CHINng">109646.152</dst>
            <dst id="DNVRng">7992.28266666667</dst>
            <dst id="HSTNng">10245.7066666667</dst>
            <dst id="IPLSng">35605.5813333333</dst>
            <dst id="KSCYng">9086.68533333333</dst>
            <dst id="LOSAng">43027.5413333333</dst>
            <dst id="NYCMng">37768.608</dst>
            <dst id="SNVAng">1025.86666666667</dst>
            <dst id="STTLng">6488.73866666667</dst>
            <dst id="WASHng">34716.2346666667</dst>
        </src>
        <src id="KSCYng">
            <dst id="ATLA-M5">0</dst>
            <dst id="ATLAng">2709.864</dst>
            <dst id="CHINng">23751.728</dst>
            <dst id="DNVRng">11642.216</dst>
            <dst id="HSTNng">3797.13866666667</dst>
            <dst id="IPLSng">63357.8613333333</dst>
            <dst id="KSCYng">16954.6906666667</dst>
            <dst id="LOSAng">4610.648</dst>
            <dst id="NYCMng">4472.46933333333</dst>
            <dst id="SNVAng">342.274666666667</dst>
            <dst id="STTLng">1311.32</dst>
            <dst id="WASHng">17583.184</dst>
        </src>
        <src id="LOSAng">
            <dst id="ATLA-M5">1190.664</dst>
            <dst id="ATLAng">26417.7786666667</dst>
            <dst id="CHINng">177941.44</dst>
            <dst id="DNVRng">8986.39466666667</dst>
            <dst id="HSTNng">16365.6</dst>
            <dst id="IPLSng">26025.1626666667</dst>
            <dst id="KSCYng">8061.624</dst>
            <dst id="LOSAng">11371.96</dst>
            <dst id="NYCMng">66675.2266666667</dst>
            <dst id="SNVAng">7108.064</dst>
            <dst id="STTLng">36912.3813333333</dst>
            <dst id="WASHng">128006.933333333</dst>
        </src>
        <src id="NYCMng">
            <dst id="ATLA-M5">236.442666666667</dst>
            <dst id="ATLAng">54209.2826666667</dst>
            <dst id="CHINng">61015.624</dst>
            <dst id="DNVRng">95357.8906666667</dst>
            <dst id="HSTNng">18656.6986666667</dst>
            <dst id="IPLSng">51022.0453333333</dst>
            <dst id="KSCYng">23846.0026666667</dst>
            <dst id="LOSAng">48089.0453333333</dst>
            <dst id="NYCMng">142747.074666667</dst>
            <dst id="SNVAng">2284.08533333333</dst>
            <dst id="STTLng">23738.5893333333</dst>
            <dst id="WASHng">83035.0933333333</dst>
        </src>
        <src id="SNVAng">
            <dst id="ATLA-M5">0</dst>
            <dst id="ATLAng">1855.408</dst>
            <dst id="CHINng">3635.02133333333</dst>
            <dst id="DNVRng">30011.1013333333</dst>
            <dst id="HSTNng">204.693333333333</dst>
            <dst id="IPLSng">6384.088</dst>
            <dst id="KSCYng">57.864</dst>
            <dst id="LOSAng">22068.9733333333</dst>
            <dst id="NYCMng">295.394666666667</dst>
            <dst id="SNVAng">8006.54933333333</dst>
            <dst id="STTLng">15532.1333333333</dst>
            <dst id="WASHng">397.456</dst>
        </src>
        <src id="STTLng">
            <dst id="ATLA-M5">152.069333333333</dst>
            <dst id="ATLAng">12616.8533333333</dst>
            <dst id="CHINng">30187.976</dst>
            <dst id="DNVRng">11152.648</dst>
            <dst id="HSTNng">8442.62666666667</dst>
            <dst id="IPLSng">13751.0933333333</dst>
            <dst id="KSCYng">4415.136</dst>
            <dst id="LOSAng">35470.8346666667</dst>
            <dst id="NYCMng">14664.776</dst>
            <dst id="SNVAng">3841.68533333333</dst>
            <dst id="STTLng">14453.8853333333</dst>
            <dst id="WASHng">17983.704</dst>
        </src>
        <src id="WASHng">
            <dst id="ATLA-M5">754.645333333333</dst>
            <dst id="ATLAng">180497.856</dst>
            <dst id="CHINng">102826.778666667</dst>
            <dst id="DNVRng">84640.2426666667</dst>
            <dst id="HSTNng">23820.7813333333</dst>
            <dst id="IPLSng">103248.248</dst>
            <dst id="KSCYng">24099.3733333333</dst>
            <dst id="LOSAng">112336.92</dst>
            <dst id="NYCMng">163132.018666667</dst>
            <dst id="SNVAng">2048.89333333333</dst>
            <dst id="STTLng">29210.176</dst>
            <dst id="WASHng">390448.053333333</dst>
        </src>
    </IntraTM>
</TrafficMatrixFile>
