<?xml version="1.0" encoding="ISO-8859-1" standalone="yes"?>
<TrafficMatrixFile xsi:noNamespaceSchemaLocation="http://totem.run.montefiore.ulg.ac.be/Schema/TrafficMatrix-v1_2.xsd" xmlns:xsi="http://www.w3.org/2001/XMLSchema-instance">
    <IntraTM ASID="11537">
        <src id="ATLA-M5">
            <dst id="ATLA-M5">0</dst>
            <dst id="ATLAng">88.7066666666667</dst>
            <dst id="CHINng">94.4853333333333</dst>
            <dst id="DNVRng">0</dst>
            <dst id="HSTNng">171.898666666667</dst>
            <dst id="IPLSng">0</dst>
            <dst id="KSCYng">69.5706666666667</dst>
            <dst id="LOSAng">72.2133333333333</dst>
            <dst id="NYCMng">0</dst>
            <dst id="SNVAng">0</dst>
            <dst id="STTLng">40.4266666666667</dst>
            <dst id="WASHng">3084.656</dst>
        </src>
        <src id="ATLAng">
            <dst id="ATLA-M5">1721.144</dst>
            <dst id="ATLAng">29248.3973333333</dst>
            <dst id="CHINng">4883.61333333333</dst>
            <dst id="DNVRng">7192.82666666667</dst>
            <dst id="HSTNng">528.461333333333</dst>
            <dst id="IPLSng">6965.56533333333</dst>
            <dst id="KSCYng">889.032</dst>
            <dst id="LOSAng">10140.2106666667</dst>
            <dst id="NYCMng">4805.776</dst>
            <dst id="SNVAng">78.1066666666667</dst>
            <dst id="STTLng">2755.824</dst>
            <dst id="WASHng">57714.0346666667</dst>
        </src>
        <src id="CHINng">
            <dst id="ATLA-M5">48.1306666666667</dst>
            <dst id="ATLAng">31676.168</dst>
            <dst id="CHINng">104977.4</dst>
            <dst id="DNVRng">19008.4533333333</dst>
            <dst id="HSTNng">3292.65333333333</dst>
            <dst id="IPLSng">14843</dst>
            <dst id="KSCYng">12267.584</dst>
            <dst id="LOSAng">51254.8</dst>
            <dst id="NYCMng">3444.88533333333</dst>
            <dst id="SNVAng">576.525333333333</dst>
            <dst id="STTLng">10212.0186666667</dst>
            <dst id="WASHng">11419.2933333333</dst>
        </src>
        <src id="DNVRng">
            <dst id="ATLA-M5">207.84</dst>
            <dst id="ATLAng">2690.10666666667</dst>
            <dst id="CHINng">53287.5946666667</dst>
            <dst id="DNVRng">1910.016</dst>
            <dst id="HSTNng">12385.3653333333</dst>
            <dst id="IPLSng">18929.7173333333</dst>
            <dst id="KSCYng">7712.55733333333</dst>
            <dst id="LOSAng">4419.94666666667</dst>
            <dst id="NYCMng">8453.992</dst>
            <dst id="SNVAng">4601.26133333333</dst>
            <dst id="STTLng">4161.01333333333</dst>
            <dst id="WASHng">32217.2533333333</dst>
        </src>
        <src id="HSTNng">
            <dst id="ATLA-M5">3186.304</dst>
            <dst id="ATLAng">7733.57066666667</dst>
            <dst id="CHINng">13980.8773333333</dst>
            <dst id="DNVRng">1104.58933333333</dst>
            <dst id="HSTNng">1591.73066666667</dst>
            <dst id="IPLSng">1646.92</dst>
            <dst id="KSCYng">1226.24266666667</dst>
            <dst id="LOSAng">3903.736</dst>
            <dst id="NYCMng">2089.09866666667</dst>
            <dst id="SNVAng">0</dst>
            <dst id="STTLng">2078.76533333333</dst>
            <dst id="WASHng">3785.86133333333</dst>
        </src>
        <src id="IPLSng">
            <dst id="ATLA-M5">0</dst>
            <dst id="ATLAng">12321.6533333333</dst>
            <dst id="CHINng">74709.3386666667</dst>
            <dst id="DNVRng">3731.232</dst>
            <dst id="HSTNng">2734.016</dst>
            <dst id="IPLSng">7737.792</dst>
            <dst id="KSCYng">1458.55466666667</dst>
            <dst id="LOSAng">38054.6453333333</dst>
            <dst id="NYCMng">20567.304</dst>
            <dst id="SNVAng">4151.368</dst>
            <dst id="STTLng">12909.5946666667</dst>
            <dst id="WASHng">10764.56</dst>
        </src>
        <src id="KSCYng">
            <dst id="ATLA-M5">26.6666666666667</dst>
            <dst id="ATLAng">1535.224</dst>
            <dst id="CHINng">21603.1093333333</dst>
            <dst id="DNVRng">15065.2986666667</dst>
            <dst id="HSTNng">2842.44533333333</dst>
            <dst id="IPLSng">6167.248</dst>
            <dst id="KSCYng">4700.35733333333</dst>
            <dst id="LOSAng">5623.20533333334</dst>
            <dst id="NYCMng">2716.74666666667</dst>
            <dst id="SNVAng">575.896</dst>
            <dst id="STTLng">2524.824</dst>
            <dst id="WASHng">3777.168</dst>
        </src>
        <src id="LOSAng">
            <dst id="ATLA-M5">40.768</dst>
            <dst id="ATLAng">41663.1626666667</dst>
            <dst id="CHINng">113605.269333333</dst>
            <dst id="DNVRng">11542.7306666667</dst>
            <dst id="HSTNng">5924.01866666667</dst>
            <dst id="IPLSng">46449.008</dst>
            <dst id="KSCYng">1582.91466666667</dst>
            <dst id="LOSAng">18016.7733333333</dst>
            <dst id="NYCMng">56519.4906666667</dst>
            <dst id="SNVAng">4152.84266666667</dst>
            <dst id="STTLng">36843.0106666667</dst>
            <dst id="WASHng">91265.4213333333</dst>
        </src>
        <src id="NYCMng">
            <dst id="ATLA-M5">323.416</dst>
            <dst id="ATLAng">34265.2933333333</dst>
            <dst id="CHINng">36453.0506666667</dst>
            <dst id="DNVRng">106454.104</dst>
            <dst id="HSTNng">4588.55466666667</dst>
            <dst id="IPLSng">37354.1946666667</dst>
            <dst id="KSCYng">4551.848</dst>
            <dst id="LOSAng">74555.488</dst>
            <dst id="NYCMng">98747.184</dst>
            <dst id="SNVAng">2052.696</dst>
            <dst id="STTLng">21952.7546666667</dst>
            <dst id="WASHng">67671.7733333333</dst>
        </src>
        <src id="SNVAng">
            <dst id="ATLA-M5">0</dst>
            <dst id="ATLAng">0</dst>
            <dst id="CHINng">235.992</dst>
            <dst id="DNVRng">871.144</dst>
            <dst id="HSTNng">26.6666666666667</dst>
            <dst id="IPLSng">1036.76266666667</dst>
            <dst id="KSCYng">87.3866666666667</dst>
            <dst id="LOSAng">29201.6693333333</dst>
            <dst id="NYCMng">219.274666666667</dst>
            <dst id="SNVAng">9234.504</dst>
            <dst id="STTLng">21219.9013333333</dst>
            <dst id="WASHng">26.6666666666667</dst>
        </src>
        <src id="STTLng">
            <dst id="ATLA-M5">0</dst>
            <dst id="ATLAng">8005.30933333333</dst>
            <dst id="CHINng">28621.224</dst>
            <dst id="DNVRng">644.677333333333</dst>
            <dst id="HSTNng">672.512</dst>
            <dst id="IPLSng">3324.56266666667</dst>
            <dst id="KSCYng">2134.64533333333</dst>
            <dst id="LOSAng">25024.2773333333</dst>
            <dst id="NYCMng">5644.70933333333</dst>
            <dst id="SNVAng">1772.89066666667</dst>
            <dst id="STTLng">1768.952</dst>
            <dst id="WASHng">5645.35466666667</dst>
        </src>
        <src id="WASHng">
            <dst id="ATLA-M5">74.9653333333333</dst>
            <dst id="ATLAng">83297.7386666666</dst>
            <dst id="CHINng">56379.904</dst>
            <dst id="DNVRng">56016.7306666667</dst>
            <dst id="HSTNng">10953.3973333333</dst>
            <dst id="IPLSng">28168.3013333333</dst>
            <dst id="KSCYng">4953.15733333333</dst>
            <dst id="LOSAng">124206.704</dst>
            <dst id="NYCMng">155730.909333333</dst>
            <dst id="SNVAng">550.106666666667</dst>
            <dst id="STTLng">31782.144</dst>
            <dst id="WASHng">264689.642666667</dst>
        </src>
    </IntraTM>
</TrafficMatrixFile>
