<?xml version="1.0" encoding="ISO-8859-1" standalone="yes"?>
<TrafficMatrixFile xsi:noNamespaceSchemaLocation="http://totem.run.montefiore.ulg.ac.be/Schema/TrafficMatrix-v1_2.xsd" xmlns:xsi="http://www.w3.org/2001/XMLSchema-instance">
    <IntraTM ASID="11537">
        <src id="ATLA-M5">
            <dst id="ATLA-M5">0</dst>
            <dst id="ATLAng">760.533333333333</dst>
            <dst id="CHINng">175.410666666667</dst>
            <dst id="DNVRng">0</dst>
            <dst id="HSTNng">132.530666666667</dst>
            <dst id="IPLSng">453.12</dst>
            <dst id="KSCYng">0</dst>
            <dst id="LOSAng">177.893333333333</dst>
            <dst id="NYCMng">1131.50666666667</dst>
            <dst id="SNVAng">56.144</dst>
            <dst id="STTLng">53.3333333333333</dst>
            <dst id="WASHng">815.189333333333</dst>
        </src>
        <src id="ATLAng">
            <dst id="ATLA-M5">68.7493333333333</dst>
            <dst id="ATLAng">28690.2426666667</dst>
            <dst id="CHINng">12362.3813333333</dst>
            <dst id="DNVRng">4110.29066666667</dst>
            <dst id="HSTNng">1189</dst>
            <dst id="IPLSng">17447.3626666667</dst>
            <dst id="KSCYng">296.341333333333</dst>
            <dst id="LOSAng">13801.712</dst>
            <dst id="NYCMng">5889.248</dst>
            <dst id="SNVAng">183.085333333333</dst>
            <dst id="STTLng">4903.94133333333</dst>
            <dst id="WASHng">33042.3653333333</dst>
        </src>
        <src id="CHINng">
            <dst id="ATLA-M5">0</dst>
            <dst id="ATLAng">10989.68</dst>
            <dst id="CHINng">116164.266666667</dst>
            <dst id="DNVRng">16417.6853333333</dst>
            <dst id="HSTNng">5415.048</dst>
            <dst id="IPLSng">33905.8106666667</dst>
            <dst id="KSCYng">6105.16</dst>
            <dst id="LOSAng">59469.1546666667</dst>
            <dst id="NYCMng">30313.704</dst>
            <dst id="SNVAng">1376.08</dst>
            <dst id="STTLng">9475.14666666667</dst>
            <dst id="WASHng">11683.816</dst>
        </src>
        <src id="DNVRng">
            <dst id="ATLA-M5">47.0186666666667</dst>
            <dst id="ATLAng">7910.21866666667</dst>
            <dst id="CHINng">52975.6346666667</dst>
            <dst id="DNVRng">23961.5013333333</dst>
            <dst id="HSTNng">28028.6026666667</dst>
            <dst id="IPLSng">23083.7653333333</dst>
            <dst id="KSCYng">21000.4613333333</dst>
            <dst id="LOSAng">9470.65866666667</dst>
            <dst id="NYCMng">14209.584</dst>
            <dst id="SNVAng">12090.6186666667</dst>
            <dst id="STTLng">15164.2826666667</dst>
            <dst id="WASHng">29583.552</dst>
        </src>
        <src id="HSTNng">
            <dst id="ATLA-M5">4014.57866666667</dst>
            <dst id="ATLAng">1667.92533333333</dst>
            <dst id="CHINng">20484.704</dst>
            <dst id="DNVRng">1716.752</dst>
            <dst id="HSTNng">5566.22666666667</dst>
            <dst id="IPLSng">364.64</dst>
            <dst id="KSCYng">2127.72533333333</dst>
            <dst id="LOSAng">11228.3786666667</dst>
            <dst id="NYCMng">1590.2</dst>
            <dst id="SNVAng">0</dst>
            <dst id="STTLng">1214.432</dst>
            <dst id="WASHng">1625.18133333333</dst>
        </src>
        <src id="IPLSng">
            <dst id="ATLA-M5">109.826666666667</dst>
            <dst id="ATLAng">11852.2906666667</dst>
            <dst id="CHINng">86793.7706666666</dst>
            <dst id="DNVRng">4005.49333333333</dst>
            <dst id="HSTNng">1600.61866666667</dst>
            <dst id="IPLSng">34314.592</dst>
            <dst id="KSCYng">1899.10133333333</dst>
            <dst id="LOSAng">37723.8826666667</dst>
            <dst id="NYCMng">9302.34133333333</dst>
            <dst id="SNVAng">105.256</dst>
            <dst id="STTLng">14696.3493333333</dst>
            <dst id="WASHng">16334.7413333333</dst>
        </src>
        <src id="KSCYng">
            <dst id="ATLA-M5">26.6666666666667</dst>
            <dst id="ATLAng">829.093333333334</dst>
            <dst id="CHINng">24562.584</dst>
            <dst id="DNVRng">11253.9173333333</dst>
            <dst id="HSTNng">2092.848</dst>
            <dst id="IPLSng">11013.9066666667</dst>
            <dst id="KSCYng">8903.82666666667</dst>
            <dst id="LOSAng">13727.64</dst>
            <dst id="NYCMng">3309.64533333333</dst>
            <dst id="SNVAng">5940.448</dst>
            <dst id="STTLng">965.925333333333</dst>
            <dst id="WASHng">7539.43733333333</dst>
        </src>
        <src id="LOSAng">
            <dst id="ATLA-M5">102.629333333333</dst>
            <dst id="ATLAng">7569.58933333333</dst>
            <dst id="CHINng">102987.645333333</dst>
            <dst id="DNVRng">4383.37333333333</dst>
            <dst id="HSTNng">8183.37333333333</dst>
            <dst id="IPLSng">21570.3093333333</dst>
            <dst id="KSCYng">4799.82933333333</dst>
            <dst id="LOSAng">18874.3893333333</dst>
            <dst id="NYCMng">63240.56</dst>
            <dst id="SNVAng">11445.4613333333</dst>
            <dst id="STTLng">54153.736</dst>
            <dst id="WASHng">97597.8053333333</dst>
        </src>
        <src id="NYCMng">
            <dst id="ATLA-M5">639.965333333333</dst>
            <dst id="ATLAng">23732.4266666667</dst>
            <dst id="CHINng">51637.1066666667</dst>
            <dst id="DNVRng">115399.314666667</dst>
            <dst id="HSTNng">10733.4026666667</dst>
            <dst id="IPLSng">34570.4586666667</dst>
            <dst id="KSCYng">7316.14133333333</dst>
            <dst id="LOSAng">77728.1973333333</dst>
            <dst id="NYCMng">73897.208</dst>
            <dst id="SNVAng">2453.488</dst>
            <dst id="STTLng">26625.152</dst>
            <dst id="WASHng">55902.9146666667</dst>
        </src>
        <src id="SNVAng">
            <dst id="ATLA-M5">0</dst>
            <dst id="ATLAng">53.3333333333333</dst>
            <dst id="CHINng">285.925333333333</dst>
            <dst id="DNVRng">681.832</dst>
            <dst id="HSTNng">36.6933333333333</dst>
            <dst id="IPLSng">280.709333333333</dst>
            <dst id="KSCYng">16528.8986666667</dst>
            <dst id="LOSAng">40641.9893333333</dst>
            <dst id="NYCMng">421.954666666667</dst>
            <dst id="SNVAng">9820.472</dst>
            <dst id="STTLng">27473.944</dst>
            <dst id="WASHng">57.3226666666667</dst>
        </src>
        <src id="STTLng">
            <dst id="ATLA-M5">26.6666666666667</dst>
            <dst id="ATLAng">8875.55733333333</dst>
            <dst id="CHINng">28130.1893333333</dst>
            <dst id="DNVRng">3791.30666666667</dst>
            <dst id="HSTNng">368.138666666667</dst>
            <dst id="IPLSng">9633.61866666667</dst>
            <dst id="KSCYng">2271.088</dst>
            <dst id="LOSAng">28910.3706666667</dst>
            <dst id="NYCMng">13060.3546666667</dst>
            <dst id="SNVAng">4253.41333333333</dst>
            <dst id="STTLng">5227.872</dst>
            <dst id="WASHng">5211.03466666667</dst>
        </src>
        <src id="WASHng">
            <dst id="ATLA-M5">466.013333333333</dst>
            <dst id="ATLAng">74149.728</dst>
            <dst id="CHINng">95023.0213333333</dst>
            <dst id="DNVRng">61973.2</dst>
            <dst id="HSTNng">18506.5386666667</dst>
            <dst id="IPLSng">60008.3066666667</dst>
            <dst id="KSCYng">11075.784</dst>
            <dst id="LOSAng">115445.410666667</dst>
            <dst id="NYCMng">148602.970666667</dst>
            <dst id="SNVAng">6707.94666666667</dst>
            <dst id="STTLng">32011.48</dst>
            <dst id="WASHng">288593.813333333</dst>
        </src>
    </IntraTM>
</TrafficMatrixFile>
