<?xml version="1.0" encoding="ISO-8859-1" standalone="yes"?>
<TrafficMatrixFile xsi:noNamespaceSchemaLocation="http://totem.run.montefiore.ulg.ac.be/Schema/TrafficMatrix-v1_2.xsd" xmlns:xsi="http://www.w3.org/2001/XMLSchema-instance">
    <IntraTM ASID="11537">
        <src id="ATLA-M5">
            <dst id="ATLA-M5">83.5413333333333</dst>
            <dst id="ATLAng">515.874666666667</dst>
            <dst id="CHINng">363.914666666667</dst>
            <dst id="DNVRng">82.24</dst>
            <dst id="HSTNng">255.109333333333</dst>
            <dst id="IPLSng">541.784</dst>
            <dst id="KSCYng">2430.112</dst>
            <dst id="LOSAng">252.605333333333</dst>
            <dst id="NYCMng">245.997333333333</dst>
            <dst id="SNVAng">0</dst>
            <dst id="STTLng">164.277333333333</dst>
            <dst id="WASHng">1574.44</dst>
        </src>
        <src id="ATLAng">
            <dst id="ATLA-M5">785.082666666667</dst>
            <dst id="ATLAng">42077.768</dst>
            <dst id="CHINng">11988.672</dst>
            <dst id="DNVRng">6873.20266666667</dst>
            <dst id="HSTNng">4650.12533333333</dst>
            <dst id="IPLSng">14534.0586666667</dst>
            <dst id="KSCYng">6956.61066666667</dst>
            <dst id="LOSAng">30024.9333333333</dst>
            <dst id="NYCMng">10946.056</dst>
            <dst id="SNVAng">953.885333333333</dst>
            <dst id="STTLng">6776.368</dst>
            <dst id="WASHng">65495.304</dst>
        </src>
        <src id="CHINng">
            <dst id="ATLA-M5">811.205333333333</dst>
            <dst id="ATLAng">26412.1173333333</dst>
            <dst id="CHINng">92730.1546666667</dst>
            <dst id="DNVRng">11848.3493333333</dst>
            <dst id="HSTNng">5436.968</dst>
            <dst id="IPLSng">31864.592</dst>
            <dst id="KSCYng">8215.14933333333</dst>
            <dst id="LOSAng">41929.776</dst>
            <dst id="NYCMng">7507.26933333333</dst>
            <dst id="SNVAng">2365.272</dst>
            <dst id="STTLng">10651.016</dst>
            <dst id="WASHng">21775.968</dst>
        </src>
        <src id="DNVRng">
            <dst id="ATLA-M5">163.944</dst>
            <dst id="ATLAng">30138.3493333333</dst>
            <dst id="CHINng">45945.808</dst>
            <dst id="DNVRng">7840.78666666667</dst>
            <dst id="HSTNng">21239.432</dst>
            <dst id="IPLSng">31886.736</dst>
            <dst id="KSCYng">17940.592</dst>
            <dst id="LOSAng">26698.6053333333</dst>
            <dst id="NYCMng">14587.9253333333</dst>
            <dst id="SNVAng">9870.40266666667</dst>
            <dst id="STTLng">23300.032</dst>
            <dst id="WASHng">41769.352</dst>
        </src>
        <src id="HSTNng">
            <dst id="ATLA-M5">2934.66666666667</dst>
            <dst id="ATLAng">5437.06133333333</dst>
            <dst id="CHINng">15764.1306666667</dst>
            <dst id="DNVRng">9031.45066666667</dst>
            <dst id="HSTNng">11801.152</dst>
            <dst id="IPLSng">6013.14933333333</dst>
            <dst id="KSCYng">3061.592</dst>
            <dst id="LOSAng">14889.2906666667</dst>
            <dst id="NYCMng">5274.49866666667</dst>
            <dst id="SNVAng">713.645333333333</dst>
            <dst id="STTLng">3468.19733333333</dst>
            <dst id="WASHng">8096.44266666667</dst>
        </src>
        <src id="IPLSng">
            <dst id="ATLA-M5">391.890666666667</dst>
            <dst id="ATLAng">21399.4986666667</dst>
            <dst id="CHINng">91375.2506666666</dst>
            <dst id="DNVRng">20523.3786666667</dst>
            <dst id="HSTNng">8435.36533333333</dst>
            <dst id="IPLSng">19376.648</dst>
            <dst id="KSCYng">11778.024</dst>
            <dst id="LOSAng">58442.3066666667</dst>
            <dst id="NYCMng">33777.968</dst>
            <dst id="SNVAng">3411.968</dst>
            <dst id="STTLng">9929.688</dst>
            <dst id="WASHng">37553.656</dst>
        </src>
        <src id="KSCYng">
            <dst id="ATLA-M5">908.621333333334</dst>
            <dst id="ATLAng">7446.33066666667</dst>
            <dst id="CHINng">30606.0986666667</dst>
            <dst id="DNVRng">14355.8053333333</dst>
            <dst id="HSTNng">4999.56533333333</dst>
            <dst id="IPLSng">11087.2053333333</dst>
            <dst id="KSCYng">13290.8933333333</dst>
            <dst id="LOSAng">10032.408</dst>
            <dst id="NYCMng">10997.632</dst>
            <dst id="SNVAng">563.354666666667</dst>
            <dst id="STTLng">1771.21066666667</dst>
            <dst id="WASHng">12397.6666666667</dst>
        </src>
        <src id="LOSAng">
            <dst id="ATLA-M5">4161.264</dst>
            <dst id="ATLAng">40678.7946666667</dst>
            <dst id="CHINng">119203.437333333</dst>
            <dst id="DNVRng">21766.8266666667</dst>
            <dst id="HSTNng">17745.1093333333</dst>
            <dst id="IPLSng">42250.1573333333</dst>
            <dst id="KSCYng">10185.1493333333</dst>
            <dst id="LOSAng">12182.5013333333</dst>
            <dst id="NYCMng">81104.2346666667</dst>
            <dst id="SNVAng">16709.704</dst>
            <dst id="STTLng">51780.016</dst>
            <dst id="WASHng">132083.701333333</dst>
        </src>
        <src id="NYCMng">
            <dst id="ATLA-M5">1434.49066666667</dst>
            <dst id="ATLAng">58497.16</dst>
            <dst id="CHINng">109251.384</dst>
            <dst id="DNVRng">125596.864</dst>
            <dst id="HSTNng">9736.15733333333</dst>
            <dst id="IPLSng">46071.304</dst>
            <dst id="KSCYng">23398.5973333333</dst>
            <dst id="LOSAng">98574.224</dst>
            <dst id="NYCMng">132092.053333333</dst>
            <dst id="SNVAng">5201.55733333333</dst>
            <dst id="STTLng">27542.2053333333</dst>
            <dst id="WASHng">108668.229333333</dst>
        </src>
        <src id="SNVAng">
            <dst id="ATLA-M5">126.976</dst>
            <dst id="ATLAng">1279.584</dst>
            <dst id="CHINng">586.725333333333</dst>
            <dst id="DNVRng">16823.6506666667</dst>
            <dst id="HSTNng">232.525333333333</dst>
            <dst id="IPLSng">6029.96266666667</dst>
            <dst id="KSCYng">284.56</dst>
            <dst id="LOSAng">45602.3413333333</dst>
            <dst id="NYCMng">527.330666666667</dst>
            <dst id="SNVAng">12954.024</dst>
            <dst id="STTLng">31853.104</dst>
            <dst id="WASHng">1527.85333333333</dst>
        </src>
        <src id="STTLng">
            <dst id="ATLA-M5">794.202666666667</dst>
            <dst id="ATLAng">16852.4826666667</dst>
            <dst id="CHINng">28334.8826666667</dst>
            <dst id="DNVRng">6197.856</dst>
            <dst id="HSTNng">7928.65333333333</dst>
            <dst id="IPLSng">16027.4293333333</dst>
            <dst id="KSCYng">13273.568</dst>
            <dst id="LOSAng">47347.7333333333</dst>
            <dst id="NYCMng">13034.224</dst>
            <dst id="SNVAng">5695.816</dst>
            <dst id="STTLng">7266.33333333333</dst>
            <dst id="WASHng">18085.1253333333</dst>
        </src>
        <src id="WASHng">
            <dst id="ATLA-M5">1562.168</dst>
            <dst id="ATLAng">96033.2453333333</dst>
            <dst id="CHINng">83169.4213333333</dst>
            <dst id="DNVRng">69484.5466666667</dst>
            <dst id="HSTNng">27496.7333333333</dst>
            <dst id="IPLSng">81541.0293333333</dst>
            <dst id="KSCYng">35190.1146666667</dst>
            <dst id="LOSAng">132170.896</dst>
            <dst id="NYCMng">173320.816</dst>
            <dst id="SNVAng">5250.93066666667</dst>
            <dst id="STTLng">41376.7306666667</dst>
            <dst id="WASHng">261463.072</dst>
        </src>
    </IntraTM>
</TrafficMatrixFile>
