<?xml version="1.0" encoding="ISO-8859-1" standalone="yes"?>
<TrafficMatrixFile xsi:noNamespaceSchemaLocation="http://totem.run.montefiore.ulg.ac.be/Schema/TrafficMatrix-v1_2.xsd" xmlns:xsi="http://www.w3.org/2001/XMLSchema-instance">
    <IntraTM ASID="11537">
        <src id="ATLA-M5">
            <dst id="ATLA-M5">0</dst>
            <dst id="ATLAng">80.1813333333333</dst>
            <dst id="CHINng">135.04</dst>
            <dst id="DNVRng">53.3333333333333</dst>
            <dst id="HSTNng">53.3333333333333</dst>
            <dst id="IPLSng">0</dst>
            <dst id="KSCYng">0</dst>
            <dst id="LOSAng">599.861333333333</dst>
            <dst id="NYCMng">26.6666666666667</dst>
            <dst id="SNVAng">0</dst>
            <dst id="STTLng">0</dst>
            <dst id="WASHng">905.221333333333</dst>
        </src>
        <src id="ATLAng">
            <dst id="ATLA-M5">1730.88266666667</dst>
            <dst id="ATLAng">39426.0586666667</dst>
            <dst id="CHINng">4780.192</dst>
            <dst id="DNVRng">7004.85866666667</dst>
            <dst id="HSTNng">1330.02133333333</dst>
            <dst id="IPLSng">15561.2506666667</dst>
            <dst id="KSCYng">677.197333333333</dst>
            <dst id="LOSAng">25585.5373333333</dst>
            <dst id="NYCMng">7037.13333333333</dst>
            <dst id="SNVAng">160.228</dst>
            <dst id="STTLng">4408.08533333333</dst>
            <dst id="WASHng">46172.704</dst>
        </src>
        <src id="CHINng">
            <dst id="ATLA-M5">344.826666666667</dst>
            <dst id="ATLAng">51174.88</dst>
            <dst id="CHINng">99257.656</dst>
            <dst id="DNVRng">10344.456</dst>
            <dst id="HSTNng">5952.87466666667</dst>
            <dst id="IPLSng">13959.928</dst>
            <dst id="KSCYng">7429.90666666667</dst>
            <dst id="LOSAng">46478.0053333333</dst>
            <dst id="NYCMng">6489.12533333333</dst>
            <dst id="SNVAng">124.090666666667</dst>
            <dst id="STTLng">6680.74133333333</dst>
            <dst id="WASHng">18069.28</dst>
        </src>
        <src id="DNVRng">
            <dst id="ATLA-M5">175.04</dst>
            <dst id="ATLAng">6043.92</dst>
            <dst id="CHINng">50247.3333333333</dst>
            <dst id="DNVRng">9305.248</dst>
            <dst id="HSTNng">16828.6373333333</dst>
            <dst id="IPLSng">19365.3413333333</dst>
            <dst id="KSCYng">16400.4613333333</dst>
            <dst id="LOSAng">12952.1786666667</dst>
            <dst id="NYCMng">8003.64266666667</dst>
            <dst id="SNVAng">10068.608</dst>
            <dst id="STTLng">7239.07733333333</dst>
            <dst id="WASHng">36686.2506666667</dst>
        </src>
        <src id="HSTNng">
            <dst id="ATLA-M5">132.544</dst>
            <dst id="ATLAng">14286.5093333333</dst>
            <dst id="CHINng">14096.544</dst>
            <dst id="DNVRng">714.562666666667</dst>
            <dst id="HSTNng">1904.64266666667</dst>
            <dst id="IPLSng">1394.06933333333</dst>
            <dst id="KSCYng">1343.77866666667</dst>
            <dst id="LOSAng">8428.25866666667</dst>
            <dst id="NYCMng">1630.63733333333</dst>
            <dst id="SNVAng">0</dst>
            <dst id="STTLng">2502.76</dst>
            <dst id="WASHng">2272.86933333333</dst>
        </src>
        <src id="IPLSng">
            <dst id="ATLA-M5">0</dst>
            <dst id="ATLAng">17145.048</dst>
            <dst id="CHINng">70148.5173333334</dst>
            <dst id="DNVRng">1893.89866666667</dst>
            <dst id="HSTNng">1286.45066666667</dst>
            <dst id="IPLSng">10558.1253333333</dst>
            <dst id="KSCYng">7770.072</dst>
            <dst id="LOSAng">68505.896</dst>
            <dst id="NYCMng">20449.1226666667</dst>
            <dst id="SNVAng">3797.02666666667</dst>
            <dst id="STTLng">10049.4586666667</dst>
            <dst id="WASHng">12609.192</dst>
        </src>
        <src id="KSCYng">
            <dst id="ATLA-M5">0</dst>
            <dst id="ATLAng">1902.60266666667</dst>
            <dst id="CHINng">16467.5386666667</dst>
            <dst id="DNVRng">15677.2986666667</dst>
            <dst id="HSTNng">3346.09066666667</dst>
            <dst id="IPLSng">49157.9786666667</dst>
            <dst id="KSCYng">5601.76266666667</dst>
            <dst id="LOSAng">4625.624</dst>
            <dst id="NYCMng">3753.36533333333</dst>
            <dst id="SNVAng">1561.75733333333</dst>
            <dst id="STTLng">2578.94133333333</dst>
            <dst id="WASHng">3951.18133333333</dst>
        </src>
        <src id="LOSAng">
            <dst id="ATLA-M5">224.685333333333</dst>
            <dst id="ATLAng">40946.2186666667</dst>
            <dst id="CHINng">114899.546666667</dst>
            <dst id="DNVRng">6385.70666666667</dst>
            <dst id="HSTNng">8458.12</dst>
            <dst id="IPLSng">21872.1546666667</dst>
            <dst id="KSCYng">1429.752</dst>
            <dst id="LOSAng">25613.7573333333</dst>
            <dst id="NYCMng">62045.1813333333</dst>
            <dst id="SNVAng">4797.70666666667</dst>
            <dst id="STTLng">37245.48</dst>
            <dst id="WASHng">109117.666666667</dst>
        </src>
        <src id="NYCMng">
            <dst id="ATLA-M5">67.6133333333333</dst>
            <dst id="ATLAng">28973.2746666667</dst>
            <dst id="CHINng">44098.5013333333</dst>
            <dst id="DNVRng">24893.312</dst>
            <dst id="HSTNng">6090.27466666667</dst>
            <dst id="IPLSng">18334.6026666667</dst>
            <dst id="KSCYng">4182.99733333333</dst>
            <dst id="LOSAng">81018.8186666667</dst>
            <dst id="NYCMng">115144.024</dst>
            <dst id="SNVAng">3082.408</dst>
            <dst id="STTLng">22107.6906666667</dst>
            <dst id="WASHng">41384.144</dst>
        </src>
        <src id="SNVAng">
            <dst id="ATLA-M5">0</dst>
            <dst id="ATLAng">58.7946666666667</dst>
            <dst id="CHINng">226.386666666667</dst>
            <dst id="DNVRng">15927.848</dst>
            <dst id="HSTNng">60</dst>
            <dst id="IPLSng">965.965333333334</dst>
            <dst id="KSCYng">73.816</dst>
            <dst id="LOSAng">36336.8586666667</dst>
            <dst id="NYCMng">333.706666666667</dst>
            <dst id="SNVAng">8261.18933333333</dst>
            <dst id="STTLng">24735.1146666667</dst>
            <dst id="WASHng">26.6666666666667</dst>
        </src>
        <src id="STTLng">
            <dst id="ATLA-M5">26.6666666666667</dst>
            <dst id="ATLAng">8221.16266666667</dst>
            <dst id="CHINng">34079.7333333333</dst>
            <dst id="DNVRng">5146.024</dst>
            <dst id="HSTNng">836.117333333333</dst>
            <dst id="IPLSng">3229.59733333333</dst>
            <dst id="KSCYng">1335.10933333333</dst>
            <dst id="LOSAng">25364.2346666667</dst>
            <dst id="NYCMng">11553.6133333333</dst>
            <dst id="SNVAng">2919.18133333333</dst>
            <dst id="STTLng">2088.32266666667</dst>
            <dst id="WASHng">4433.09066666667</dst>
        </src>
        <src id="WASHng">
            <dst id="ATLA-M5">892.384</dst>
            <dst id="ATLAng">119569.32</dst>
            <dst id="CHINng">66846.2586666667</dst>
            <dst id="DNVRng">61269.1573333333</dst>
            <dst id="HSTNng">33046.5253333333</dst>
            <dst id="IPLSng">26103.264</dst>
            <dst id="KSCYng">12493.208</dst>
            <dst id="LOSAng">114772.768</dst>
            <dst id="NYCMng">134331.562666667</dst>
            <dst id="SNVAng">574.056</dst>
            <dst id="STTLng">32202.8053333333</dst>
            <dst id="WASHng">247043.690666667</dst>
        </src>
    </IntraTM>
</TrafficMatrixFile>
