<?xml version="1.0" encoding="ISO-8859-1" standalone="yes"?>
<TrafficMatrixFile xsi:noNamespaceSchemaLocation="http://totem.run.montefiore.ulg.ac.be/Schema/TrafficMatrix-v1_2.xsd" xmlns:xsi="http://www.w3.org/2001/XMLSchema-instance">
    <IntraTM ASID="11537">
        <src id="ATLA-M5">
            <dst id="ATLA-M5">26.6666666666667</dst>
            <dst id="ATLAng">173.578666666667</dst>
            <dst id="CHINng">26.6666666666667</dst>
            <dst id="DNVRng">0</dst>
            <dst id="HSTNng">0</dst>
            <dst id="IPLSng">54.8586666666667</dst>
            <dst id="KSCYng">1493.33066666667</dst>
            <dst id="LOSAng">249.517333333333</dst>
            <dst id="NYCMng">26.6666666666667</dst>
            <dst id="SNVAng">0</dst>
            <dst id="STTLng">364.928</dst>
            <dst id="WASHng">333.613333333333</dst>
        </src>
        <src id="ATLAng">
            <dst id="ATLA-M5">3499.704</dst>
            <dst id="ATLAng">38096.16</dst>
            <dst id="CHINng">7136.68533333333</dst>
            <dst id="DNVRng">5579.05333333333</dst>
            <dst id="HSTNng">12001.1226666667</dst>
            <dst id="IPLSng">11863.552</dst>
            <dst id="KSCYng">5798.28</dst>
            <dst id="LOSAng">20823.476</dst>
            <dst id="NYCMng">6667.65333333333</dst>
            <dst id="SNVAng">413.78</dst>
            <dst id="STTLng">5843.57066666667</dst>
            <dst id="WASHng">36460.6293333333</dst>
        </src>
        <src id="CHINng">
            <dst id="ATLA-M5">97.144</dst>
            <dst id="ATLAng">15246.344</dst>
            <dst id="CHINng">93059.992</dst>
            <dst id="DNVRng">10178.9173333333</dst>
            <dst id="HSTNng">6680.29333333333</dst>
            <dst id="IPLSng">33928.9546666667</dst>
            <dst id="KSCYng">20166.2373333333</dst>
            <dst id="LOSAng">65336.8986666667</dst>
            <dst id="NYCMng">14875.2533333333</dst>
            <dst id="SNVAng">1309.76</dst>
            <dst id="STTLng">10397.112</dst>
            <dst id="WASHng">28968.2106666667</dst>
        </src>
        <src id="DNVRng">
            <dst id="ATLA-M5">120.8</dst>
            <dst id="ATLAng">9020.648</dst>
            <dst id="CHINng">46968.952</dst>
            <dst id="DNVRng">8675.89333333333</dst>
            <dst id="HSTNng">22545.12</dst>
            <dst id="IPLSng">21555.776</dst>
            <dst id="KSCYng">20447.9813333333</dst>
            <dst id="LOSAng">13764.5146666667</dst>
            <dst id="NYCMng">13909.1866666667</dst>
            <dst id="SNVAng">8509.57066666667</dst>
            <dst id="STTLng">10470.568</dst>
            <dst id="WASHng">29039.488</dst>
        </src>
        <src id="HSTNng">
            <dst id="ATLA-M5">279.04</dst>
            <dst id="ATLAng">3138.464</dst>
            <dst id="CHINng">9976.61333333333</dst>
            <dst id="DNVRng">10316.0266666667</dst>
            <dst id="HSTNng">9594.81333333333</dst>
            <dst id="IPLSng">2385.16533333333</dst>
            <dst id="KSCYng">2522.32266666667</dst>
            <dst id="LOSAng">21639.184</dst>
            <dst id="NYCMng">1499.88</dst>
            <dst id="SNVAng">109.146666666667</dst>
            <dst id="STTLng">6596.168</dst>
            <dst id="WASHng">4623.76533333333</dst>
        </src>
        <src id="IPLSng">
            <dst id="ATLA-M5">71.4933333333333</dst>
            <dst id="ATLAng">15166.1733333333</dst>
            <dst id="CHINng">61878.44</dst>
            <dst id="DNVRng">3670.792</dst>
            <dst id="HSTNng">2701.07466666667</dst>
            <dst id="IPLSng">61224.064</dst>
            <dst id="KSCYng">5138.776</dst>
            <dst id="LOSAng">52044.3013333333</dst>
            <dst id="NYCMng">19198.376</dst>
            <dst id="SNVAng">1971.51733333333</dst>
            <dst id="STTLng">13994.7306666667</dst>
            <dst id="WASHng">24241.44</dst>
        </src>
        <src id="KSCYng">
            <dst id="ATLA-M5">29.4586666666667</dst>
            <dst id="ATLAng">2859.88266666667</dst>
            <dst id="CHINng">23636.7306666667</dst>
            <dst id="DNVRng">6431.51466666667</dst>
            <dst id="HSTNng">5353.424</dst>
            <dst id="IPLSng">9623.616</dst>
            <dst id="KSCYng">4922.632</dst>
            <dst id="LOSAng">7783.76533333333</dst>
            <dst id="NYCMng">3481.208</dst>
            <dst id="SNVAng">496.92</dst>
            <dst id="STTLng">2442.69333333333</dst>
            <dst id="WASHng">6863.41066666667</dst>
        </src>
        <src id="LOSAng">
            <dst id="ATLA-M5">199.850666666667</dst>
            <dst id="ATLAng">18905.4666666667</dst>
            <dst id="CHINng">96711.4586666667</dst>
            <dst id="DNVRng">12683.5706666667</dst>
            <dst id="HSTNng">8316.256</dst>
            <dst id="IPLSng">53815.0746666667</dst>
            <dst id="KSCYng">5512.32</dst>
            <dst id="LOSAng">22486.7146666667</dst>
            <dst id="NYCMng">95747.0053333333</dst>
            <dst id="SNVAng">12157.1226666667</dst>
            <dst id="STTLng">45504.464</dst>
            <dst id="WASHng">108438.104</dst>
        </src>
        <src id="NYCMng">
            <dst id="ATLA-M5">172.026666666667</dst>
            <dst id="ATLAng">41819.392</dst>
            <dst id="CHINng">43180.6026666667</dst>
            <dst id="DNVRng">128116.117333333</dst>
            <dst id="HSTNng">7069.85066666667</dst>
            <dst id="IPLSng">46244.1946666667</dst>
            <dst id="KSCYng">19049.5386666667</dst>
            <dst id="LOSAng">110145.157333333</dst>
            <dst id="NYCMng">97921.3626666667</dst>
            <dst id="SNVAng">7918.28533333333</dst>
            <dst id="STTLng">30323.4</dst>
            <dst id="WASHng">65377.8666666667</dst>
        </src>
        <src id="SNVAng">
            <dst id="ATLA-M5">26.6666666666667</dst>
            <dst id="ATLAng">26.6666666666667</dst>
            <dst id="CHINng">194.64</dst>
            <dst id="DNVRng">13923.4853333333</dst>
            <dst id="HSTNng">89.92</dst>
            <dst id="IPLSng">756.074666666667</dst>
            <dst id="KSCYng">53.3333333333333</dst>
            <dst id="LOSAng">32188.4</dst>
            <dst id="NYCMng">166.485333333333</dst>
            <dst id="SNVAng">8542.57866666667</dst>
            <dst id="STTLng">23336.3573333333</dst>
            <dst id="WASHng">301.898666666667</dst>
        </src>
        <src id="STTLng">
            <dst id="ATLA-M5">205.536</dst>
            <dst id="ATLAng">11242.9466666667</dst>
            <dst id="CHINng">17455.6293333333</dst>
            <dst id="DNVRng">3631.424</dst>
            <dst id="HSTNng">2824.144</dst>
            <dst id="IPLSng">8524.21333333333</dst>
            <dst id="KSCYng">2643.04533333333</dst>
            <dst id="LOSAng">31336.776</dst>
            <dst id="NYCMng">11171.7626666667</dst>
            <dst id="SNVAng">3019.18933333333</dst>
            <dst id="STTLng">5679.624</dst>
            <dst id="WASHng">8167.824</dst>
        </src>
        <src id="WASHng">
            <dst id="ATLA-M5">1010.42933333333</dst>
            <dst id="ATLAng">95750.1706666667</dst>
            <dst id="CHINng">68550.9333333333</dst>
            <dst id="DNVRng">68068.696</dst>
            <dst id="HSTNng">30088.912</dst>
            <dst id="IPLSng">48705.2373333333</dst>
            <dst id="KSCYng">18918.528</dst>
            <dst id="LOSAng">110491.706666667</dst>
            <dst id="NYCMng">141709.904</dst>
            <dst id="SNVAng">12403.6106666667</dst>
            <dst id="STTLng">31214.624</dst>
            <dst id="WASHng">215712.642666667</dst>
        </src>
    </IntraTM>
</TrafficMatrixFile>
