<?xml version="1.0" encoding="ISO-8859-1" standalone="yes"?>
<TrafficMatrixFile xsi:noNamespaceSchemaLocation="http://totem.run.montefiore.ulg.ac.be/Schema/TrafficMatrix-v1_2.xsd" xmlns:xsi="http://www.w3.org/2001/XMLSchema-instance">
    <IntraTM ASID="11537">
        <src id="ATLA-M5">
            <dst id="ATLA-M5">187.656</dst>
            <dst id="ATLAng">1214.176</dst>
            <dst id="CHINng">190.541333333333</dst>
            <dst id="DNVRng">194.458666666667</dst>
            <dst id="HSTNng">421.312</dst>
            <dst id="IPLSng">291.549333333333</dst>
            <dst id="KSCYng">102.634666666667</dst>
            <dst id="LOSAng">409.466666666667</dst>
            <dst id="NYCMng">1111.14666666667</dst>
            <dst id="SNVAng">26.6666666666667</dst>
            <dst id="STTLng">0</dst>
            <dst id="WASHng">2095.73866666667</dst>
        </src>
        <src id="ATLAng">
            <dst id="ATLA-M5">251.074666666667</dst>
            <dst id="ATLAng">26046.9973333333</dst>
            <dst id="CHINng">10384.536</dst>
            <dst id="DNVRng">5914.184</dst>
            <dst id="HSTNng">3834.49866666667</dst>
            <dst id="IPLSng">15124.52</dst>
            <dst id="KSCYng">18020.9013333333</dst>
            <dst id="LOSAng">18762.792</dst>
            <dst id="NYCMng">7927.304</dst>
            <dst id="SNVAng">1194.30933333333</dst>
            <dst id="STTLng">7241.86666666667</dst>
            <dst id="WASHng">64963.8906666667</dst>
        </src>
        <src id="CHINng">
            <dst id="ATLA-M5">3212.76266666667</dst>
            <dst id="ATLAng">25732.4533333333</dst>
            <dst id="CHINng">125302.776</dst>
            <dst id="DNVRng">20842.176</dst>
            <dst id="HSTNng">9473.71733333333</dst>
            <dst id="IPLSng">45576.68</dst>
            <dst id="KSCYng">16860.3413333333</dst>
            <dst id="LOSAng">47134.672</dst>
            <dst id="NYCMng">9947.14133333333</dst>
            <dst id="SNVAng">961.856</dst>
            <dst id="STTLng">9199.31733333333</dst>
            <dst id="WASHng">55464.1173333333</dst>
        </src>
        <src id="DNVRng">
            <dst id="ATLA-M5">378.176</dst>
            <dst id="ATLAng">10006.1466666667</dst>
            <dst id="CHINng">129078.613333333</dst>
            <dst id="DNVRng">27806.504</dst>
            <dst id="HSTNng">41903.1813333333</dst>
            <dst id="IPLSng">32734.176</dst>
            <dst id="KSCYng">28917.0053333333</dst>
            <dst id="LOSAng">14012.68</dst>
            <dst id="NYCMng">9560.24</dst>
            <dst id="SNVAng">16286.3786666667</dst>
            <dst id="STTLng">15053.4186666667</dst>
            <dst id="WASHng">38984.952</dst>
        </src>
        <src id="HSTNng">
            <dst id="ATLA-M5">392.549333333333</dst>
            <dst id="ATLAng">4327.28</dst>
            <dst id="CHINng">22510.776</dst>
            <dst id="DNVRng">2618.11733333333</dst>
            <dst id="HSTNng">8575.26133333333</dst>
            <dst id="IPLSng">5354.03733333333</dst>
            <dst id="KSCYng">3626.50933333333</dst>
            <dst id="LOSAng">15490.2133333333</dst>
            <dst id="NYCMng">3148.92</dst>
            <dst id="SNVAng">257.330666666667</dst>
            <dst id="STTLng">1811.83466666667</dst>
            <dst id="WASHng">8362.22933333333</dst>
        </src>
        <src id="IPLSng">
            <dst id="ATLA-M5">242.624</dst>
            <dst id="ATLAng">18650.6906666667</dst>
            <dst id="CHINng">89831.5653333333</dst>
            <dst id="DNVRng">17163.3866666667</dst>
            <dst id="HSTNng">11681.4986666667</dst>
            <dst id="IPLSng">41100.7413333333</dst>
            <dst id="KSCYng">8832.32</dst>
            <dst id="LOSAng">34514.576</dst>
            <dst id="NYCMng">30001.9466666667</dst>
            <dst id="SNVAng">838.096</dst>
            <dst id="STTLng">12601.3093333333</dst>
            <dst id="WASHng">27674.7493333333</dst>
        </src>
        <src id="KSCYng">
            <dst id="ATLA-M5">380.176</dst>
            <dst id="ATLAng">6230.616</dst>
            <dst id="CHINng">25604.6853333333</dst>
            <dst id="DNVRng">17113.2213333333</dst>
            <dst id="HSTNng">5028.36</dst>
            <dst id="IPLSng">14606.0266666667</dst>
            <dst id="KSCYng">10514.8693333333</dst>
            <dst id="LOSAng">7715.69866666667</dst>
            <dst id="NYCMng">3014.93066666667</dst>
            <dst id="SNVAng">353.712</dst>
            <dst id="STTLng">2197.50133333333</dst>
            <dst id="WASHng">9212.728</dst>
        </src>
        <src id="LOSAng">
            <dst id="ATLA-M5">1138.06666666667</dst>
            <dst id="ATLAng">34658.344</dst>
            <dst id="CHINng">157846.157333333</dst>
            <dst id="DNVRng">10879.1706666667</dst>
            <dst id="HSTNng">16202.8773333333</dst>
            <dst id="IPLSng">126168.661333333</dst>
            <dst id="KSCYng">11513.5866666667</dst>
            <dst id="LOSAng">16540.7253333333</dst>
            <dst id="NYCMng">59886.3066666667</dst>
            <dst id="SNVAng">19357.6826666667</dst>
            <dst id="STTLng">88115.3146666667</dst>
            <dst id="WASHng">110211.296</dst>
        </src>
        <src id="NYCMng">
            <dst id="ATLA-M5">694.376</dst>
            <dst id="ATLAng">59537.2693333333</dst>
            <dst id="CHINng">80329.9466666667</dst>
            <dst id="DNVRng">30994.2746666667</dst>
            <dst id="HSTNng">12438.8106666667</dst>
            <dst id="IPLSng">65879.5253333333</dst>
            <dst id="KSCYng">19119.8773333333</dst>
            <dst id="LOSAng">69731.816</dst>
            <dst id="NYCMng">153335.224</dst>
            <dst id="SNVAng">4866</dst>
            <dst id="STTLng">21498.3946666667</dst>
            <dst id="WASHng">98587.12</dst>
        </src>
        <src id="SNVAng">
            <dst id="ATLA-M5">0</dst>
            <dst id="ATLAng">1730.80533333333</dst>
            <dst id="CHINng">4617.16</dst>
            <dst id="DNVRng">5034.888</dst>
            <dst id="HSTNng">228.818666666667</dst>
            <dst id="IPLSng">849.624</dst>
            <dst id="KSCYng">80</dst>
            <dst id="LOSAng">18709.8213333333</dst>
            <dst id="NYCMng">8862.00266666667</dst>
            <dst id="SNVAng">11317.8986666667</dst>
            <dst id="STTLng">21094.6613333333</dst>
            <dst id="WASHng">1757.65866666667</dst>
        </src>
        <src id="STTLng">
            <dst id="ATLA-M5">306.778666666667</dst>
            <dst id="ATLAng">15167.4106666667</dst>
            <dst id="CHINng">35822.6213333333</dst>
            <dst id="DNVRng">3624.20533333333</dst>
            <dst id="HSTNng">6399.552</dst>
            <dst id="IPLSng">18332.224</dst>
            <dst id="KSCYng">4497.192</dst>
            <dst id="LOSAng">22794.0773333333</dst>
            <dst id="NYCMng">19608.84</dst>
            <dst id="SNVAng">10123.6346666667</dst>
            <dst id="STTLng">8451.09866666666</dst>
            <dst id="WASHng">14930.4426666667</dst>
        </src>
        <src id="WASHng">
            <dst id="ATLA-M5">2926.82666666667</dst>
            <dst id="ATLAng">106573.712</dst>
            <dst id="CHINng">146579.973333333</dst>
            <dst id="DNVRng">61466.6826666667</dst>
            <dst id="HSTNng">27426.192</dst>
            <dst id="IPLSng">66255.9306666667</dst>
            <dst id="KSCYng">55848.136</dst>
            <dst id="LOSAng">117506.533333333</dst>
            <dst id="NYCMng">193753.389333333</dst>
            <dst id="SNVAng">2499.32266666667</dst>
            <dst id="STTLng">33686.4266666667</dst>
            <dst id="WASHng">365200.88</dst>
        </src>
    </IntraTM>
</TrafficMatrixFile>
