<?xml version="1.0" encoding="ISO-8859-1" standalone="yes"?>
<TrafficMatrixFile xsi:noNamespaceSchemaLocation="http://totem.run.montefiore.ulg.ac.be/Schema/TrafficMatrix-v1_2.xsd" xmlns:xsi="http://www.w3.org/2001/XMLSchema-instance">
    <IntraTM ASID="11537">
        <src id="ATLA-M5">
            <dst id="ATLA-M5">292.672</dst>
            <dst id="ATLAng">479.693333333333</dst>
            <dst id="CHINng">192</dst>
            <dst id="DNVRng">114.917333333333</dst>
            <dst id="HSTNng">132.629333333333</dst>
            <dst id="IPLSng">560.698666666667</dst>
            <dst id="KSCYng">262.341333333333</dst>
            <dst id="LOSAng">438.529333333333</dst>
            <dst id="NYCMng">0</dst>
            <dst id="SNVAng">16.1586666666667</dst>
            <dst id="STTLng">26.6666666666667</dst>
            <dst id="WASHng">941.512</dst>
        </src>
        <src id="ATLAng">
            <dst id="ATLA-M5">315.824</dst>
            <dst id="ATLAng">43696.5733333333</dst>
            <dst id="CHINng">23908.0213333333</dst>
            <dst id="DNVRng">6679.87466666667</dst>
            <dst id="HSTNng">5408.10666666667</dst>
            <dst id="IPLSng">25274.6773333333</dst>
            <dst id="KSCYng">5997.31466666667</dst>
            <dst id="LOSAng">18900.7613333333</dst>
            <dst id="NYCMng">7098.10933333333</dst>
            <dst id="SNVAng">1612.044</dst>
            <dst id="STTLng">4491.016</dst>
            <dst id="WASHng">53578.6586666666</dst>
        </src>
        <src id="CHINng">
            <dst id="ATLA-M5">1112.024</dst>
            <dst id="ATLAng">23210.0053333333</dst>
            <dst id="CHINng">123148.237333333</dst>
            <dst id="DNVRng">23356.832</dst>
            <dst id="HSTNng">7996.27466666667</dst>
            <dst id="IPLSng">41571.7973333333</dst>
            <dst id="KSCYng">15385.6186666667</dst>
            <dst id="LOSAng">60483.1946666667</dst>
            <dst id="NYCMng">10778.6426666667</dst>
            <dst id="SNVAng">907.474666666667</dst>
            <dst id="STTLng">11324.5466666667</dst>
            <dst id="WASHng">28800.304</dst>
        </src>
        <src id="DNVRng">
            <dst id="ATLA-M5">3253.768</dst>
            <dst id="ATLAng">38580.8506666667</dst>
            <dst id="CHINng">46761.2746666667</dst>
            <dst id="DNVRng">7952.97333333333</dst>
            <dst id="HSTNng">30837.1813333333</dst>
            <dst id="IPLSng">30606.6746666667</dst>
            <dst id="KSCYng">12560.176</dst>
            <dst id="LOSAng">10349.9653333333</dst>
            <dst id="NYCMng">14915.16</dst>
            <dst id="SNVAng">10308.304</dst>
            <dst id="STTLng">10620.6453333333</dst>
            <dst id="WASHng">35206.4133333333</dst>
        </src>
        <src id="HSTNng">
            <dst id="ATLA-M5">1143.22133333333</dst>
            <dst id="ATLAng">5059.66933333333</dst>
            <dst id="CHINng">30252.3626666667</dst>
            <dst id="DNVRng">3134.57333333333</dst>
            <dst id="HSTNng">11538.7706666667</dst>
            <dst id="IPLSng">2930.17066666667</dst>
            <dst id="KSCYng">2108.42933333333</dst>
            <dst id="LOSAng">9547.032</dst>
            <dst id="NYCMng">8901.008</dst>
            <dst id="SNVAng">1307.56</dst>
            <dst id="STTLng">3242.00533333333</dst>
            <dst id="WASHng">4631.16</dst>
        </src>
        <src id="IPLSng">
            <dst id="ATLA-M5">805.261333333333</dst>
            <dst id="ATLAng">15367.696</dst>
            <dst id="CHINng">80532.816</dst>
            <dst id="DNVRng">19532.9146666667</dst>
            <dst id="HSTNng">10538.1893333333</dst>
            <dst id="IPLSng">55135.432</dst>
            <dst id="KSCYng">7636.34133333333</dst>
            <dst id="LOSAng">60028.3733333333</dst>
            <dst id="NYCMng">28230.4</dst>
            <dst id="SNVAng">2048.728</dst>
            <dst id="STTLng">11537.904</dst>
            <dst id="WASHng">35795.256</dst>
        </src>
        <src id="KSCYng">
            <dst id="ATLA-M5">335.648</dst>
            <dst id="ATLAng">12866.3866666667</dst>
            <dst id="CHINng">34716.736</dst>
            <dst id="DNVRng">12670.7866666667</dst>
            <dst id="HSTNng">5309.22666666667</dst>
            <dst id="IPLSng">14931.7786666667</dst>
            <dst id="KSCYng">7404.032</dst>
            <dst id="LOSAng">14875.5546666667</dst>
            <dst id="NYCMng">11165.2773333333</dst>
            <dst id="SNVAng">398.605333333333</dst>
            <dst id="STTLng">2215.45066666667</dst>
            <dst id="WASHng">10333.6293333333</dst>
        </src>
        <src id="LOSAng">
            <dst id="ATLA-M5">2136.74133333333</dst>
            <dst id="ATLAng">32200.1573333333</dst>
            <dst id="CHINng">101770.869333333</dst>
            <dst id="DNVRng">25021.584</dst>
            <dst id="HSTNng">22890.7626666667</dst>
            <dst id="IPLSng">64201.136</dst>
            <dst id="KSCYng">11025.7573333333</dst>
            <dst id="LOSAng">19638.2293333333</dst>
            <dst id="NYCMng">81782.7546666667</dst>
            <dst id="SNVAng">16419</dst>
            <dst id="STTLng">49348.9093333333</dst>
            <dst id="WASHng">113100.472</dst>
        </src>
        <src id="NYCMng">
            <dst id="ATLA-M5">374.701333333333</dst>
            <dst id="ATLAng">59720.7253333333</dst>
            <dst id="CHINng">49372.9546666667</dst>
            <dst id="DNVRng">133395.493333333</dst>
            <dst id="HSTNng">17926.2906666667</dst>
            <dst id="IPLSng">39073.2693333333</dst>
            <dst id="KSCYng">24771.0693333333</dst>
            <dst id="LOSAng">101061.285333333</dst>
            <dst id="NYCMng">123044.264</dst>
            <dst id="SNVAng">7569.69066666667</dst>
            <dst id="STTLng">29112.9306666667</dst>
            <dst id="WASHng">99132.256</dst>
        </src>
        <src id="SNVAng">
            <dst id="ATLA-M5">0</dst>
            <dst id="ATLAng">140.56</dst>
            <dst id="CHINng">2702.78666666667</dst>
            <dst id="DNVRng">6312.66133333333</dst>
            <dst id="HSTNng">393.077333333333</dst>
            <dst id="IPLSng">1458.872</dst>
            <dst id="KSCYng">94.8053333333333</dst>
            <dst id="LOSAng">40558.0346666667</dst>
            <dst id="NYCMng">1577.976</dst>
            <dst id="SNVAng">11038.4053333333</dst>
            <dst id="STTLng">36115.616</dst>
            <dst id="WASHng">106.666666666667</dst>
        </src>
        <src id="STTLng">
            <dst id="ATLA-M5">209.458666666667</dst>
            <dst id="ATLAng">16291.3466666667</dst>
            <dst id="CHINng">18255.928</dst>
            <dst id="DNVRng">6930.30666666667</dst>
            <dst id="HSTNng">6116.75733333333</dst>
            <dst id="IPLSng">14498.5413333333</dst>
            <dst id="KSCYng">8086.576</dst>
            <dst id="LOSAng">38430.592</dst>
            <dst id="NYCMng">10040.6693333333</dst>
            <dst id="SNVAng">8132.83733333333</dst>
            <dst id="STTLng">4990.52266666667</dst>
            <dst id="WASHng">21423.896</dst>
        </src>
        <src id="WASHng">
            <dst id="ATLA-M5">1757.25066666667</dst>
            <dst id="ATLAng">99037.3466666666</dst>
            <dst id="CHINng">96818.8266666667</dst>
            <dst id="DNVRng">75510.3653333333</dst>
            <dst id="HSTNng">28836.24</dst>
            <dst id="IPLSng">87212.2426666667</dst>
            <dst id="KSCYng">38338.0533333333</dst>
            <dst id="LOSAng">118153.050666667</dst>
            <dst id="NYCMng">158563.954666667</dst>
            <dst id="SNVAng">5831.13066666667</dst>
            <dst id="STTLng">42907.3333333333</dst>
            <dst id="WASHng">294543.52</dst>
        </src>
    </IntraTM>
</TrafficMatrixFile>
