<?xml version="1.0" encoding="ISO-8859-1" standalone="yes"?>
<TrafficMatrixFile xsi:noNamespaceSchemaLocation="http://totem.run.montefiore.ulg.ac.be/Schema/TrafficMatrix-v1_2.xsd" xmlns:xsi="http://www.w3.org/2001/XMLSchema-instance">
    <IntraTM ASID="11537">
        <src id="ATLA-M5">
            <dst id="ATLA-M5">0</dst>
            <dst id="ATLAng">83.0186666666667</dst>
            <dst id="CHINng">151.786666666667</dst>
            <dst id="DNVRng">0</dst>
            <dst id="HSTNng">73.1146666666667</dst>
            <dst id="IPLSng">0</dst>
            <dst id="KSCYng">53.3333333333333</dst>
            <dst id="LOSAng">1048.41066666667</dst>
            <dst id="NYCMng">38.1786666666667</dst>
            <dst id="SNVAng">0</dst>
            <dst id="STTLng">26.6666666666667</dst>
            <dst id="WASHng">465.506666666667</dst>
        </src>
        <src id="ATLAng">
            <dst id="ATLA-M5">144.098666666667</dst>
            <dst id="ATLAng">33241.0266666667</dst>
            <dst id="CHINng">5014.848</dst>
            <dst id="DNVRng">4491.368</dst>
            <dst id="HSTNng">1305.168</dst>
            <dst id="IPLSng">11245.3813333333</dst>
            <dst id="KSCYng">1673.888</dst>
            <dst id="LOSAng">22345.2266666667</dst>
            <dst id="NYCMng">6658.90933333333</dst>
            <dst id="SNVAng">13.3333333333333</dst>
            <dst id="STTLng">4262.592</dst>
            <dst id="WASHng">20166.3626666667</dst>
        </src>
        <src id="CHINng">
            <dst id="ATLA-M5">0</dst>
            <dst id="ATLAng">21391.3546666667</dst>
            <dst id="CHINng">155187.24</dst>
            <dst id="DNVRng">15959.272</dst>
            <dst id="HSTNng">4295.824</dst>
            <dst id="IPLSng">81108.0293333333</dst>
            <dst id="KSCYng">8017.12533333333</dst>
            <dst id="LOSAng">64247.28</dst>
            <dst id="NYCMng">9140.53866666667</dst>
            <dst id="SNVAng">255.938666666667</dst>
            <dst id="STTLng">5490.01333333333</dst>
            <dst id="WASHng">23822.9333333333</dst>
        </src>
        <src id="DNVRng">
            <dst id="ATLA-M5">213.76</dst>
            <dst id="ATLAng">12274.5253333333</dst>
            <dst id="CHINng">39848.9573333333</dst>
            <dst id="DNVRng">39212.408</dst>
            <dst id="HSTNng">24324.904</dst>
            <dst id="IPLSng">24125.0266666667</dst>
            <dst id="KSCYng">23339.8506666667</dst>
            <dst id="LOSAng">9073.62933333333</dst>
            <dst id="NYCMng">12626.856</dst>
            <dst id="SNVAng">14363.4773333333</dst>
            <dst id="STTLng">12697.136</dst>
            <dst id="WASHng">38814.3226666667</dst>
        </src>
        <src id="HSTNng">
            <dst id="ATLA-M5">3239.00533333333</dst>
            <dst id="ATLAng">6573.20266666667</dst>
            <dst id="CHINng">8728.20533333334</dst>
            <dst id="DNVRng">1791.624</dst>
            <dst id="HSTNng">3066.58933333333</dst>
            <dst id="IPLSng">738.848</dst>
            <dst id="KSCYng">707.352</dst>
            <dst id="LOSAng">10539.7413333333</dst>
            <dst id="NYCMng">4225.88533333333</dst>
            <dst id="SNVAng">0</dst>
            <dst id="STTLng">1659.192</dst>
            <dst id="WASHng">5087.77066666667</dst>
        </src>
        <src id="IPLSng">
            <dst id="ATLA-M5">53.3333333333333</dst>
            <dst id="ATLAng">14866.6693333333</dst>
            <dst id="CHINng">55708.2453333333</dst>
            <dst id="DNVRng">3517.576</dst>
            <dst id="HSTNng">1407.544</dst>
            <dst id="IPLSng">42169.8133333333</dst>
            <dst id="KSCYng">4023.22933333333</dst>
            <dst id="LOSAng">69105.3653333333</dst>
            <dst id="NYCMng">19939.5493333333</dst>
            <dst id="SNVAng">408.088</dst>
            <dst id="STTLng">9658.06133333333</dst>
            <dst id="WASHng">22344.0266666667</dst>
        </src>
        <src id="KSCYng">
            <dst id="ATLA-M5">106.749333333333</dst>
            <dst id="ATLAng">2349.904</dst>
            <dst id="CHINng">18092.7893333333</dst>
            <dst id="DNVRng">13616.056</dst>
            <dst id="HSTNng">4254.46666666667</dst>
            <dst id="IPLSng">16675.088</dst>
            <dst id="KSCYng">5808.24</dst>
            <dst id="LOSAng">7959.95466666667</dst>
            <dst id="NYCMng">3513.06933333333</dst>
            <dst id="SNVAng">71.936</dst>
            <dst id="STTLng">4041.86133333333</dst>
            <dst id="WASHng">17183.288</dst>
        </src>
        <src id="LOSAng">
            <dst id="ATLA-M5">105.997333333333</dst>
            <dst id="ATLAng">21891.9706666667</dst>
            <dst id="CHINng">74680.656</dst>
            <dst id="DNVRng">7818.09866666667</dst>
            <dst id="HSTNng">9687.80533333334</dst>
            <dst id="IPLSng">45784.36</dst>
            <dst id="KSCYng">6027.57866666667</dst>
            <dst id="LOSAng">22599.0213333333</dst>
            <dst id="NYCMng">97949.056</dst>
            <dst id="SNVAng">10037.944</dst>
            <dst id="STTLng">57544.464</dst>
            <dst id="WASHng">115656.376</dst>
        </src>
        <src id="NYCMng">
            <dst id="ATLA-M5">53.3333333333333</dst>
            <dst id="ATLAng">38257.0693333333</dst>
            <dst id="CHINng">55791.6453333333</dst>
            <dst id="DNVRng">118363.490666667</dst>
            <dst id="HSTNng">11252.2106666667</dst>
            <dst id="IPLSng">51914.264</dst>
            <dst id="KSCYng">11647.5466666667</dst>
            <dst id="LOSAng">78536.4106666667</dst>
            <dst id="NYCMng">66475.9146666667</dst>
            <dst id="SNVAng">743.253333333334</dst>
            <dst id="STTLng">27419.3066666667</dst>
            <dst id="WASHng">107706.466666667</dst>
        </src>
        <src id="SNVAng">
            <dst id="ATLA-M5">0</dst>
            <dst id="ATLAng">26.6666666666667</dst>
            <dst id="CHINng">541.445333333333</dst>
            <dst id="DNVRng">14982.0186666667</dst>
            <dst id="HSTNng">2600.68266666667</dst>
            <dst id="IPLSng">254.042666666667</dst>
            <dst id="KSCYng">0</dst>
            <dst id="LOSAng">37172.016</dst>
            <dst id="NYCMng">187.584</dst>
            <dst id="SNVAng">9883.34666666667</dst>
            <dst id="STTLng">26459.7706666667</dst>
            <dst id="WASHng">80</dst>
        </src>
        <src id="STTLng">
            <dst id="ATLA-M5">26.6666666666667</dst>
            <dst id="ATLAng">9746.744</dst>
            <dst id="CHINng">15598.5573333333</dst>
            <dst id="DNVRng">3348.64533333333</dst>
            <dst id="HSTNng">1649.848</dst>
            <dst id="IPLSng">7396.98666666667</dst>
            <dst id="KSCYng">2965.12533333333</dst>
            <dst id="LOSAng">34406.92</dst>
            <dst id="NYCMng">5978.17066666667</dst>
            <dst id="SNVAng">3334.89866666667</dst>
            <dst id="STTLng">5474.62133333333</dst>
            <dst id="WASHng">9245.21866666667</dst>
        </src>
        <src id="WASHng">
            <dst id="ATLA-M5">1087.78133333333</dst>
            <dst id="ATLAng">95225.8373333333</dst>
            <dst id="CHINng">56525.5226666667</dst>
            <dst id="DNVRng">51528.0773333333</dst>
            <dst id="HSTNng">29120.6106666667</dst>
            <dst id="IPLSng">59539.3226666667</dst>
            <dst id="KSCYng">13059.7493333333</dst>
            <dst id="LOSAng">127504.792</dst>
            <dst id="NYCMng">135860.701333333</dst>
            <dst id="SNVAng">4564.272</dst>
            <dst id="STTLng">27499.144</dst>
            <dst id="WASHng">181809.88</dst>
        </src>
    </IntraTM>
</TrafficMatrixFile>
