<?xml version="1.0" encoding="ISO-8859-1" standalone="yes"?>
<TrafficMatrixFile xsi:noNamespaceSchemaLocation="http://totem.run.montefiore.ulg.ac.be/Schema/TrafficMatrix-v1_2.xsd" xmlns:xsi="http://www.w3.org/2001/XMLSchema-instance">
    <IntraTM ASID="11537">
        <src id="ATLA-M5">
            <dst id="ATLA-M5">84.4906666666667</dst>
            <dst id="ATLAng">169.125333333333</dst>
            <dst id="CHINng">277.744</dst>
            <dst id="DNVRng">26.6666666666667</dst>
            <dst id="HSTNng">85.5093333333333</dst>
            <dst id="IPLSng">53.3333333333333</dst>
            <dst id="KSCYng">0</dst>
            <dst id="LOSAng">137.994666666667</dst>
            <dst id="NYCMng">107.776</dst>
            <dst id="SNVAng">0</dst>
            <dst id="STTLng">26.6666666666667</dst>
            <dst id="WASHng">500.608</dst>
        </src>
        <src id="ATLAng">
            <dst id="ATLA-M5">172.36</dst>
            <dst id="ATLAng">39233.4453333333</dst>
            <dst id="CHINng">4772.328</dst>
            <dst id="DNVRng">7104.67466666667</dst>
            <dst id="HSTNng">1651.696</dst>
            <dst id="IPLSng">9626.29066666667</dst>
            <dst id="KSCYng">2284.05066666667</dst>
            <dst id="LOSAng">13156.0386666667</dst>
            <dst id="NYCMng">17566.8426666667</dst>
            <dst id="SNVAng">433.196</dst>
            <dst id="STTLng">4320.13333333333</dst>
            <dst id="WASHng">62742.1786666667</dst>
        </src>
        <src id="CHINng">
            <dst id="ATLA-M5">353.957333333333</dst>
            <dst id="ATLAng">43908.6933333333</dst>
            <dst id="CHINng">94023.44</dst>
            <dst id="DNVRng">11495.7973333333</dst>
            <dst id="HSTNng">4281.976</dst>
            <dst id="IPLSng">22191.6933333333</dst>
            <dst id="KSCYng">3320.45066666667</dst>
            <dst id="LOSAng">42131.0053333333</dst>
            <dst id="NYCMng">5496.51733333333</dst>
            <dst id="SNVAng">797.794666666667</dst>
            <dst id="STTLng">6061.42133333333</dst>
            <dst id="WASHng">28102.16</dst>
        </src>
        <src id="DNVRng">
            <dst id="ATLA-M5">147.84</dst>
            <dst id="ATLAng">8895.98133333333</dst>
            <dst id="CHINng">56846.8</dst>
            <dst id="DNVRng">8147.368</dst>
            <dst id="HSTNng">14012.7626666667</dst>
            <dst id="IPLSng">23229.1066666667</dst>
            <dst id="KSCYng">16408.816</dst>
            <dst id="LOSAng">4084.944</dst>
            <dst id="NYCMng">7118.448</dst>
            <dst id="SNVAng">8138.248</dst>
            <dst id="STTLng">6114.176</dst>
            <dst id="WASHng">30551.1173333333</dst>
        </src>
        <src id="HSTNng">
            <dst id="ATLA-M5">1195.664</dst>
            <dst id="ATLAng">2540.34933333333</dst>
            <dst id="CHINng">19462.1173333333</dst>
            <dst id="DNVRng">593.256</dst>
            <dst id="HSTNng">3554.808</dst>
            <dst id="IPLSng">7416.32</dst>
            <dst id="KSCYng">1254.54133333333</dst>
            <dst id="LOSAng">5552.384</dst>
            <dst id="NYCMng">3167.67733333333</dst>
            <dst id="SNVAng">94.76</dst>
            <dst id="STTLng">1419.536</dst>
            <dst id="WASHng">4673.552</dst>
        </src>
        <src id="IPLSng">
            <dst id="ATLA-M5">0</dst>
            <dst id="ATLAng">18459.0853333333</dst>
            <dst id="CHINng">91600.952</dst>
            <dst id="DNVRng">2209.02133333333</dst>
            <dst id="HSTNng">2709.176</dst>
            <dst id="IPLSng">23759.1306666667</dst>
            <dst id="KSCYng">2376.992</dst>
            <dst id="LOSAng">34964.5013333333</dst>
            <dst id="NYCMng">24667.448</dst>
            <dst id="SNVAng">3947.192</dst>
            <dst id="STTLng">8463.24</dst>
            <dst id="WASHng">19979.0853333333</dst>
        </src>
        <src id="KSCYng">
            <dst id="ATLA-M5">0</dst>
            <dst id="ATLAng">2948.816</dst>
            <dst id="CHINng">19978.4053333333</dst>
            <dst id="DNVRng">8545.68</dst>
            <dst id="HSTNng">4751.05333333333</dst>
            <dst id="IPLSng">6783.08</dst>
            <dst id="KSCYng">4967.8</dst>
            <dst id="LOSAng">6866.69333333333</dst>
            <dst id="NYCMng">3635.20533333333</dst>
            <dst id="SNVAng">540.792</dst>
            <dst id="STTLng">1787.30666666667</dst>
            <dst id="WASHng">11459.3866666667</dst>
        </src>
        <src id="LOSAng">
            <dst id="ATLA-M5">1863.44266666667</dst>
            <dst id="ATLAng">48933.6933333333</dst>
            <dst id="CHINng">142258.954666667</dst>
            <dst id="DNVRng">4971.016</dst>
            <dst id="HSTNng">8585.65866666667</dst>
            <dst id="IPLSng">29616.304</dst>
            <dst id="KSCYng">2105.26133333333</dst>
            <dst id="LOSAng">16828.8933333333</dst>
            <dst id="NYCMng">69723.8506666667</dst>
            <dst id="SNVAng">7119.20533333334</dst>
            <dst id="STTLng">40810.7093333333</dst>
            <dst id="WASHng">69329.368</dst>
        </src>
        <src id="NYCMng">
            <dst id="ATLA-M5">233.194666666667</dst>
            <dst id="ATLAng">43382.7706666667</dst>
            <dst id="CHINng">45892.704</dst>
            <dst id="DNVRng">113094.573333333</dst>
            <dst id="HSTNng">5827.43466666667</dst>
            <dst id="IPLSng">30678.9466666667</dst>
            <dst id="KSCYng">8046.072</dst>
            <dst id="LOSAng">56933.8533333333</dst>
            <dst id="NYCMng">126282.146666667</dst>
            <dst id="SNVAng">1904.144</dst>
            <dst id="STTLng">30335.208</dst>
            <dst id="WASHng">69039.8133333333</dst>
        </src>
        <src id="SNVAng">
            <dst id="ATLA-M5">0</dst>
            <dst id="ATLAng">665.994666666667</dst>
            <dst id="CHINng">944.394666666667</dst>
            <dst id="DNVRng">11927.3306666667</dst>
            <dst id="HSTNng">186.434666666667</dst>
            <dst id="IPLSng">8058.45066666667</dst>
            <dst id="KSCYng">75.0266666666667</dst>
            <dst id="LOSAng">27869.6106666667</dst>
            <dst id="NYCMng">1124.152</dst>
            <dst id="SNVAng">7919.28266666667</dst>
            <dst id="STTLng">21658.0213333333</dst>
            <dst id="WASHng">80</dst>
        </src>
        <src id="STTLng">
            <dst id="ATLA-M5">26.6666666666667</dst>
            <dst id="ATLAng">10075.32</dst>
            <dst id="CHINng">40779.5573333333</dst>
            <dst id="DNVRng">1230.94933333333</dst>
            <dst id="HSTNng">2032.736</dst>
            <dst id="IPLSng">18358.7386666667</dst>
            <dst id="KSCYng">1370.18666666667</dst>
            <dst id="LOSAng">22487.4186666667</dst>
            <dst id="NYCMng">13646.0293333333</dst>
            <dst id="SNVAng">1888.39733333333</dst>
            <dst id="STTLng">1313.94666666667</dst>
            <dst id="WASHng">7881.29066666667</dst>
        </src>
        <src id="WASHng">
            <dst id="ATLA-M5">26.6666666666667</dst>
            <dst id="ATLAng">134771.032</dst>
            <dst id="CHINng">68444.2613333333</dst>
            <dst id="DNVRng">55477.528</dst>
            <dst id="HSTNng">6351.98666666666</dst>
            <dst id="IPLSng">72629.8586666667</dst>
            <dst id="KSCYng">10987.7493333333</dst>
            <dst id="LOSAng">94921.88</dst>
            <dst id="NYCMng">166196.816</dst>
            <dst id="SNVAng">966.298666666667</dst>
            <dst id="STTLng">24271.6586666667</dst>
            <dst id="WASHng">283207.893333333</dst>
        </src>
    </IntraTM>
</TrafficMatrixFile>
