<?xml version="1.0" encoding="ISO-8859-1" standalone="yes"?>
<TrafficMatrixFile xsi:noNamespaceSchemaLocation="http://totem.run.montefiore.ulg.ac.be/Schema/TrafficMatrix-v1_2.xsd" xmlns:xsi="http://www.w3.org/2001/XMLSchema-instance">
    <IntraTM ASID="11537">
        <src id="ATLA-M5">
            <dst id="ATLA-M5">198.794666666667</dst>
            <dst id="ATLAng">110.485333333333</dst>
            <dst id="CHINng">223.68</dst>
            <dst id="DNVRng">0</dst>
            <dst id="HSTNng">236.837333333333</dst>
            <dst id="IPLSng">239.549333333333</dst>
            <dst id="KSCYng">177.877333333333</dst>
            <dst id="LOSAng">166.978666666667</dst>
            <dst id="NYCMng">116.032</dst>
            <dst id="SNVAng">0</dst>
            <dst id="STTLng">80.4266666666667</dst>
            <dst id="WASHng">576.616</dst>
        </src>
        <src id="ATLAng">
            <dst id="ATLA-M5">447.165333333333</dst>
            <dst id="ATLAng">47315.5866666667</dst>
            <dst id="CHINng">14731.2506666667</dst>
            <dst id="DNVRng">11423.7973333333</dst>
            <dst id="HSTNng">4266.62666666667</dst>
            <dst id="IPLSng">18746.1893333333</dst>
            <dst id="KSCYng">2638.984</dst>
            <dst id="LOSAng">11618.3546666667</dst>
            <dst id="NYCMng">11193.1306666667</dst>
            <dst id="SNVAng">401.397333333333</dst>
            <dst id="STTLng">4226.38666666667</dst>
            <dst id="WASHng">64768.792</dst>
        </src>
        <src id="CHINng">
            <dst id="ATLA-M5">781.76</dst>
            <dst id="ATLAng">23240.264</dst>
            <dst id="CHINng">162648.136</dst>
            <dst id="DNVRng">12425.5093333333</dst>
            <dst id="HSTNng">7248.472</dst>
            <dst id="IPLSng">42109.6106666667</dst>
            <dst id="KSCYng">11567.088</dst>
            <dst id="LOSAng">46915.648</dst>
            <dst id="NYCMng">12718.0826666667</dst>
            <dst id="SNVAng">2493.69066666667</dst>
            <dst id="STTLng">13244.944</dst>
            <dst id="WASHng">34872.304</dst>
        </src>
        <src id="DNVRng">
            <dst id="ATLA-M5">391.381333333333</dst>
            <dst id="ATLAng">22075.856</dst>
            <dst id="CHINng">71970.816</dst>
            <dst id="DNVRng">14471.08</dst>
            <dst id="HSTNng">30439.2213333333</dst>
            <dst id="IPLSng">25841.2746666667</dst>
            <dst id="KSCYng">29821.2666666667</dst>
            <dst id="LOSAng">9679.256</dst>
            <dst id="NYCMng">16091.2053333333</dst>
            <dst id="SNVAng">39034.4693333333</dst>
            <dst id="STTLng">21494.192</dst>
            <dst id="WASHng">59998.992</dst>
        </src>
        <src id="HSTNng">
            <dst id="ATLA-M5">4720.408</dst>
            <dst id="ATLAng">5068.97066666667</dst>
            <dst id="CHINng">43169.5466666667</dst>
            <dst id="DNVRng">9880.04266666667</dst>
            <dst id="HSTNng">7931.792</dst>
            <dst id="IPLSng">2642.58933333333</dst>
            <dst id="KSCYng">7253.81866666667</dst>
            <dst id="LOSAng">10552.5866666667</dst>
            <dst id="NYCMng">2389.92</dst>
            <dst id="SNVAng">244.546666666667</dst>
            <dst id="STTLng">1806.74133333333</dst>
            <dst id="WASHng">8155.536</dst>
        </src>
        <src id="IPLSng">
            <dst id="ATLA-M5">241</dst>
            <dst id="ATLAng">34920.0533333333</dst>
            <dst id="CHINng">138491.736</dst>
            <dst id="DNVRng">20124.704</dst>
            <dst id="HSTNng">9103.60266666667</dst>
            <dst id="IPLSng">24152.5786666667</dst>
            <dst id="KSCYng">10971.6453333333</dst>
            <dst id="LOSAng">37533.8506666667</dst>
            <dst id="NYCMng">46119.1813333333</dst>
            <dst id="SNVAng">2569.87733333333</dst>
            <dst id="STTLng">9712.61066666667</dst>
            <dst id="WASHng">27451.912</dst>
        </src>
        <src id="KSCYng">
            <dst id="ATLA-M5">84.6293333333333</dst>
            <dst id="ATLAng">3571.54133333333</dst>
            <dst id="CHINng">23145.528</dst>
            <dst id="DNVRng">14186.8266666667</dst>
            <dst id="HSTNng">6195.93066666667</dst>
            <dst id="IPLSng">13975.1173333333</dst>
            <dst id="KSCYng">9895.26666666667</dst>
            <dst id="LOSAng">6379.904</dst>
            <dst id="NYCMng">3961.448</dst>
            <dst id="SNVAng">311.68</dst>
            <dst id="STTLng">2086.53066666667</dst>
            <dst id="WASHng">9960.744</dst>
        </src>
        <src id="LOSAng">
            <dst id="ATLA-M5">963.133333333333</dst>
            <dst id="ATLAng">23670.2186666667</dst>
            <dst id="CHINng">183792.813333333</dst>
            <dst id="DNVRng">42272.408</dst>
            <dst id="HSTNng">50448.824</dst>
            <dst id="IPLSng">39889.968</dst>
            <dst id="KSCYng">21919.688</dst>
            <dst id="LOSAng">7361.36</dst>
            <dst id="NYCMng">68520.8213333333</dst>
            <dst id="SNVAng">17903.7173333333</dst>
            <dst id="STTLng">35900.472</dst>
            <dst id="WASHng">119742.746666667</dst>
        </src>
        <src id="NYCMng">
            <dst id="ATLA-M5">254.354666666667</dst>
            <dst id="ATLAng">57278.496</dst>
            <dst id="CHINng">54717.8213333333</dst>
            <dst id="DNVRng">30235.568</dst>
            <dst id="HSTNng">13838.104</dst>
            <dst id="IPLSng">47398.12</dst>
            <dst id="KSCYng">25816.3466666667</dst>
            <dst id="LOSAng">67793.4373333333</dst>
            <dst id="NYCMng">153089.122666667</dst>
            <dst id="SNVAng">2550.67466666667</dst>
            <dst id="STTLng">25839.1306666667</dst>
            <dst id="WASHng">99086.5466666667</dst>
        </src>
        <src id="SNVAng">
            <dst id="ATLA-M5">0</dst>
            <dst id="ATLAng">2129.57866666667</dst>
            <dst id="CHINng">3727.584</dst>
            <dst id="DNVRng">24269.3733333333</dst>
            <dst id="HSTNng">683.874666666666</dst>
            <dst id="IPLSng">5528.84266666667</dst>
            <dst id="KSCYng">181.813333333333</dst>
            <dst id="LOSAng">30254.6586666667</dst>
            <dst id="NYCMng">1294.4</dst>
            <dst id="SNVAng">11806.7093333333</dst>
            <dst id="STTLng">22277.0773333333</dst>
            <dst id="WASHng">207.077333333333</dst>
        </src>
        <src id="STTLng">
            <dst id="ATLA-M5">233.192</dst>
            <dst id="ATLAng">15132.0133333333</dst>
            <dst id="CHINng">37647.6666666667</dst>
            <dst id="DNVRng">4153.76</dst>
            <dst id="HSTNng">3237.85866666667</dst>
            <dst id="IPLSng">11300.5333333333</dst>
            <dst id="KSCYng">6429.56266666667</dst>
            <dst id="LOSAng">21131.488</dst>
            <dst id="NYCMng">13687.9066666667</dst>
            <dst id="SNVAng">5907.912</dst>
            <dst id="STTLng">7171.79466666666</dst>
            <dst id="WASHng">20512.448</dst>
        </src>
        <src id="WASHng">
            <dst id="ATLA-M5">461.234666666667</dst>
            <dst id="ATLAng">150372.88</dst>
            <dst id="CHINng">123939.277333333</dst>
            <dst id="DNVRng">87558.9466666667</dst>
            <dst id="HSTNng">16501.168</dst>
            <dst id="IPLSng">78004.168</dst>
            <dst id="KSCYng">25979.0133333333</dst>
            <dst id="LOSAng">115991.394666667</dst>
            <dst id="NYCMng">195411.938666667</dst>
            <dst id="SNVAng">2634.784</dst>
            <dst id="STTLng">49035.5226666667</dst>
            <dst id="WASHng">349922.346666667</dst>
        </src>
    </IntraTM>
</TrafficMatrixFile>
