<?xml version="1.0" encoding="ISO-8859-1" standalone="yes"?>
<TrafficMatrixFile xsi:noNamespaceSchemaLocation="http://totem.run.montefiore.ulg.ac.be/Schema/TrafficMatrix-v1_2.xsd" xmlns:xsi="http://www.w3.org/2001/XMLSchema-instance">
    <IntraTM ASID="11537">
        <src id="ATLA-M5">
            <dst id="ATLA-M5">26.6666666666667</dst>
            <dst id="ATLAng">102.666666666667</dst>
            <dst id="CHINng">158.464</dst>
            <dst id="DNVRng">0</dst>
            <dst id="HSTNng">3885.33866666667</dst>
            <dst id="IPLSng">26.6666666666667</dst>
            <dst id="KSCYng">2413.27466666667</dst>
            <dst id="LOSAng">470.648</dst>
            <dst id="NYCMng">53.3333333333333</dst>
            <dst id="SNVAng">101.68</dst>
            <dst id="STTLng">31.9626666666667</dst>
            <dst id="WASHng">663.941333333333</dst>
        </src>
        <src id="ATLAng">
            <dst id="ATLA-M5">103.152</dst>
            <dst id="ATLAng">55449.4906666667</dst>
            <dst id="CHINng">5119.14666666667</dst>
            <dst id="DNVRng">6430.32533333333</dst>
            <dst id="HSTNng">746.813333333333</dst>
            <dst id="IPLSng">12717.928</dst>
            <dst id="KSCYng">1598.36533333333</dst>
            <dst id="LOSAng">14789.0546666667</dst>
            <dst id="NYCMng">4545.84</dst>
            <dst id="SNVAng">209.092</dst>
            <dst id="STTLng">3170.94666666667</dst>
            <dst id="WASHng">23382.3573333333</dst>
        </src>
        <src id="CHINng">
            <dst id="ATLA-M5">301.304</dst>
            <dst id="ATLAng">24674.824</dst>
            <dst id="CHINng">158037.68</dst>
            <dst id="DNVRng">12450.2666666667</dst>
            <dst id="HSTNng">3922.616</dst>
            <dst id="IPLSng">40473.0373333333</dst>
            <dst id="KSCYng">11146.3733333333</dst>
            <dst id="LOSAng">54390.6613333333</dst>
            <dst id="NYCMng">13265.1946666667</dst>
            <dst id="SNVAng">460.810666666667</dst>
            <dst id="STTLng">6115.992</dst>
            <dst id="WASHng">13152.768</dst>
        </src>
        <src id="DNVRng">
            <dst id="ATLA-M5">41.1626666666667</dst>
            <dst id="ATLAng">12934.6053333333</dst>
            <dst id="CHINng">42836.5813333333</dst>
            <dst id="DNVRng">11056.064</dst>
            <dst id="HSTNng">28826.7226666667</dst>
            <dst id="IPLSng">22353.104</dst>
            <dst id="KSCYng">26427.8373333333</dst>
            <dst id="LOSAng">8595.888</dst>
            <dst id="NYCMng">28538.3546666667</dst>
            <dst id="SNVAng">15237.6026666667</dst>
            <dst id="STTLng">14226.1573333333</dst>
            <dst id="WASHng">30468.9173333333</dst>
        </src>
        <src id="HSTNng">
            <dst id="ATLA-M5">3515.968</dst>
            <dst id="ATLAng">3198.728</dst>
            <dst id="CHINng">10064.568</dst>
            <dst id="DNVRng">2086.26666666667</dst>
            <dst id="HSTNng">4968.33066666667</dst>
            <dst id="IPLSng">1335.224</dst>
            <dst id="KSCYng">1028.82933333333</dst>
            <dst id="LOSAng">14760.968</dst>
            <dst id="NYCMng">2281.41866666667</dst>
            <dst id="SNVAng">0</dst>
            <dst id="STTLng">1554.872</dst>
            <dst id="WASHng">6482.73066666667</dst>
        </src>
        <src id="IPLSng">
            <dst id="ATLA-M5">0</dst>
            <dst id="ATLAng">14914.0506666667</dst>
            <dst id="CHINng">58573.9866666667</dst>
            <dst id="DNVRng">3733.86933333333</dst>
            <dst id="HSTNng">1180.07733333333</dst>
            <dst id="IPLSng">58644.5386666667</dst>
            <dst id="KSCYng">12341.7093333333</dst>
            <dst id="LOSAng">65279.1066666667</dst>
            <dst id="NYCMng">19559.672</dst>
            <dst id="SNVAng">1300.28266666667</dst>
            <dst id="STTLng">15282.336</dst>
            <dst id="WASHng">17521.592</dst>
        </src>
        <src id="KSCYng">
            <dst id="ATLA-M5">231.544</dst>
            <dst id="ATLAng">2270.672</dst>
            <dst id="CHINng">32124.1173333333</dst>
            <dst id="DNVRng">13135.4586666667</dst>
            <dst id="HSTNng">6486.016</dst>
            <dst id="IPLSng">11409.9813333333</dst>
            <dst id="KSCYng">6433.16266666667</dst>
            <dst id="LOSAng">7260.53333333333</dst>
            <dst id="NYCMng">2689.77066666667</dst>
            <dst id="SNVAng">170.365333333333</dst>
            <dst id="STTLng">1792.656</dst>
            <dst id="WASHng">6369.02133333333</dst>
        </src>
        <src id="LOSAng">
            <dst id="ATLA-M5">617.434666666667</dst>
            <dst id="ATLAng">42188.528</dst>
            <dst id="CHINng">99630.3946666667</dst>
            <dst id="DNVRng">11066.0293333333</dst>
            <dst id="HSTNng">16437.552</dst>
            <dst id="IPLSng">56525.92</dst>
            <dst id="KSCYng">6137.552</dst>
            <dst id="LOSAng">17521.5573333333</dst>
            <dst id="NYCMng">104176.493333333</dst>
            <dst id="SNVAng">13225.672</dst>
            <dst id="STTLng">60376.7626666667</dst>
            <dst id="WASHng">104367.261333333</dst>
        </src>
        <src id="NYCMng">
            <dst id="ATLA-M5">337.490666666667</dst>
            <dst id="ATLAng">41255.3333333333</dst>
            <dst id="CHINng">41666.896</dst>
            <dst id="DNVRng">119372.410666667</dst>
            <dst id="HSTNng">8985.624</dst>
            <dst id="IPLSng">41684.296</dst>
            <dst id="KSCYng">9503.10133333333</dst>
            <dst id="LOSAng">92566.3093333334</dst>
            <dst id="NYCMng">82143.7013333333</dst>
            <dst id="SNVAng">1117.86666666667</dst>
            <dst id="STTLng">32988.0506666667</dst>
            <dst id="WASHng">55699.3386666666</dst>
        </src>
        <src id="SNVAng">
            <dst id="ATLA-M5">0</dst>
            <dst id="ATLAng">122.44</dst>
            <dst id="CHINng">437.949333333333</dst>
            <dst id="DNVRng">12859.3653333333</dst>
            <dst id="HSTNng">53.9306666666667</dst>
            <dst id="IPLSng">418.864</dst>
            <dst id="KSCYng">16721.4213333333</dst>
            <dst id="LOSAng">37396.176</dst>
            <dst id="NYCMng">380.333333333333</dst>
            <dst id="SNVAng">7454.21333333333</dst>
            <dst id="STTLng">24251.84</dst>
            <dst id="WASHng">0</dst>
        </src>
        <src id="STTLng">
            <dst id="ATLA-M5">26.6666666666667</dst>
            <dst id="ATLAng">9254.72</dst>
            <dst id="CHINng">11773.072</dst>
            <dst id="DNVRng">3483.78133333333</dst>
            <dst id="HSTNng">2135.41866666667</dst>
            <dst id="IPLSng">8612.368</dst>
            <dst id="KSCYng">3664.77866666667</dst>
            <dst id="LOSAng">30725.3466666667</dst>
            <dst id="NYCMng">8952.73066666667</dst>
            <dst id="SNVAng">5834.13866666667</dst>
            <dst id="STTLng">6597.08533333333</dst>
            <dst id="WASHng">7728.03733333333</dst>
        </src>
        <src id="WASHng">
            <dst id="ATLA-M5">1252.76266666667</dst>
            <dst id="ATLAng">123470.114666667</dst>
            <dst id="CHINng">81882.6773333333</dst>
            <dst id="DNVRng">52686.2933333333</dst>
            <dst id="HSTNng">31013.256</dst>
            <dst id="IPLSng">48674.856</dst>
            <dst id="KSCYng">11254.8266666667</dst>
            <dst id="LOSAng">125610.578666667</dst>
            <dst id="NYCMng">109944.077333333</dst>
            <dst id="SNVAng">6509.44266666667</dst>
            <dst id="STTLng">37672.0213333333</dst>
            <dst id="WASHng">266325.442666667</dst>
        </src>
    </IntraTM>
</TrafficMatrixFile>
