<?xml version="1.0" encoding="ISO-8859-1" standalone="yes"?>
<TrafficMatrixFile xsi:noNamespaceSchemaLocation="http://totem.run.montefiore.ulg.ac.be/Schema/TrafficMatrix-v1_2.xsd" xmlns:xsi="http://www.w3.org/2001/XMLSchema-instance">
    <IntraTM ASID="11537">
        <src id="ATLA-M5">
            <dst id="ATLA-M5">201.010666666667</dst>
            <dst id="ATLAng">243.773333333333</dst>
            <dst id="CHINng">141.658666666667</dst>
            <dst id="DNVRng">26.6666666666667</dst>
            <dst id="HSTNng">80</dst>
            <dst id="IPLSng">202.485333333333</dst>
            <dst id="KSCYng">2441.056</dst>
            <dst id="LOSAng">418.152</dst>
            <dst id="NYCMng">400.48</dst>
            <dst id="SNVAng">0</dst>
            <dst id="STTLng">131.24</dst>
            <dst id="WASHng">859.696</dst>
        </src>
        <src id="ATLAng">
            <dst id="ATLA-M5">377.346666666667</dst>
            <dst id="ATLAng">71926.6186666667</dst>
            <dst id="CHINng">16830.936</dst>
            <dst id="DNVRng">24799.7973333333</dst>
            <dst id="HSTNng">2645.61866666667</dst>
            <dst id="IPLSng">15705.6133333333</dst>
            <dst id="KSCYng">4078.81333333333</dst>
            <dst id="LOSAng">17377.1453333333</dst>
            <dst id="NYCMng">9936.05866666667</dst>
            <dst id="SNVAng">1836.89466666667</dst>
            <dst id="STTLng">4335.54666666667</dst>
            <dst id="WASHng">47761.7493333333</dst>
        </src>
        <src id="CHINng">
            <dst id="ATLA-M5">1130.09066666667</dst>
            <dst id="ATLAng">19806.5013333333</dst>
            <dst id="CHINng">119795.637333333</dst>
            <dst id="DNVRng">16422.9093333333</dst>
            <dst id="HSTNng">9341.18666666667</dst>
            <dst id="IPLSng">56662.6026666667</dst>
            <dst id="KSCYng">18680.3013333333</dst>
            <dst id="LOSAng">58139.208</dst>
            <dst id="NYCMng">8977.81066666666</dst>
            <dst id="SNVAng">4791.376</dst>
            <dst id="STTLng">11954.976</dst>
            <dst id="WASHng">32639.0586666667</dst>
        </src>
        <src id="DNVRng">
            <dst id="ATLA-M5">422.704</dst>
            <dst id="ATLAng">17180.7306666667</dst>
            <dst id="CHINng">45457.1973333333</dst>
            <dst id="DNVRng">13583.4053333333</dst>
            <dst id="HSTNng">21066.208</dst>
            <dst id="IPLSng">25979.728</dst>
            <dst id="KSCYng">19226.168</dst>
            <dst id="LOSAng">7805.02666666667</dst>
            <dst id="NYCMng">22953.9866666667</dst>
            <dst id="SNVAng">18185.6453333333</dst>
            <dst id="STTLng">11168.384</dst>
            <dst id="WASHng">40105.6613333333</dst>
        </src>
        <src id="HSTNng">
            <dst id="ATLA-M5">720.914666666667</dst>
            <dst id="ATLAng">4905.42666666667</dst>
            <dst id="CHINng">34744.5066666667</dst>
            <dst id="DNVRng">9903.26666666667</dst>
            <dst id="HSTNng">35164.8293333333</dst>
            <dst id="IPLSng">4011.264</dst>
            <dst id="KSCYng">4145.69866666667</dst>
            <dst id="LOSAng">8228.70666666667</dst>
            <dst id="NYCMng">3719.232</dst>
            <dst id="SNVAng">1259.51733333333</dst>
            <dst id="STTLng">4371.97866666667</dst>
            <dst id="WASHng">11986.384</dst>
        </src>
        <src id="IPLSng">
            <dst id="ATLA-M5">232.514666666667</dst>
            <dst id="ATLAng">26022.8266666667</dst>
            <dst id="CHINng">84252.032</dst>
            <dst id="DNVRng">6845.40266666667</dst>
            <dst id="HSTNng">14271.0693333333</dst>
            <dst id="IPLSng">38172.272</dst>
            <dst id="KSCYng">10206.6453333333</dst>
            <dst id="LOSAng">47686.8026666667</dst>
            <dst id="NYCMng">40954.5066666667</dst>
            <dst id="SNVAng">4717.608</dst>
            <dst id="STTLng">9966.82666666667</dst>
            <dst id="WASHng">54678.688</dst>
        </src>
        <src id="KSCYng">
            <dst id="ATLA-M5">467.157333333333</dst>
            <dst id="ATLAng">5578.40533333333</dst>
            <dst id="CHINng">22856.3413333333</dst>
            <dst id="DNVRng">15942.9066666667</dst>
            <dst id="HSTNng">5828.47733333333</dst>
            <dst id="IPLSng">13268.3546666667</dst>
            <dst id="KSCYng">5059.17333333333</dst>
            <dst id="LOSAng">6218.736</dst>
            <dst id="NYCMng">2660.664</dst>
            <dst id="SNVAng">915.008</dst>
            <dst id="STTLng">1309.17333333333</dst>
            <dst id="WASHng">22274.144</dst>
        </src>
        <src id="LOSAng">
            <dst id="ATLA-M5">952.296</dst>
            <dst id="ATLAng">29057.984</dst>
            <dst id="CHINng">113007.098666667</dst>
            <dst id="DNVRng">9233.62666666667</dst>
            <dst id="HSTNng">33385.4053333333</dst>
            <dst id="IPLSng">50793.672</dst>
            <dst id="KSCYng">11856.2773333333</dst>
            <dst id="LOSAng">12804.3866666667</dst>
            <dst id="NYCMng">70326.4986666667</dst>
            <dst id="SNVAng">19041.1653333333</dst>
            <dst id="STTLng">40822.8853333333</dst>
            <dst id="WASHng">114524.538666667</dst>
        </src>
        <src id="NYCMng">
            <dst id="ATLA-M5">1226.83466666667</dst>
            <dst id="ATLAng">57653.3466666667</dst>
            <dst id="CHINng">61012.4693333333</dst>
            <dst id="DNVRng">108391.309333333</dst>
            <dst id="HSTNng">14059.08</dst>
            <dst id="IPLSng">44436.528</dst>
            <dst id="KSCYng">20429.2186666667</dst>
            <dst id="LOSAng">86926.0213333334</dst>
            <dst id="NYCMng">124495.421333333</dst>
            <dst id="SNVAng">4083.09333333333</dst>
            <dst id="STTLng">26709.8373333333</dst>
            <dst id="WASHng">84068.136</dst>
        </src>
        <src id="SNVAng">
            <dst id="ATLA-M5">0</dst>
            <dst id="ATLAng">109.792</dst>
            <dst id="CHINng">4529.39466666667</dst>
            <dst id="DNVRng">703.789333333333</dst>
            <dst id="HSTNng">385.744</dst>
            <dst id="IPLSng">5747.63466666667</dst>
            <dst id="KSCYng">274.128</dst>
            <dst id="LOSAng">54477.3253333333</dst>
            <dst id="NYCMng">1364.47466666667</dst>
            <dst id="SNVAng">25019.216</dst>
            <dst id="STTLng">38256.9226666667</dst>
            <dst id="WASHng">386.408</dst>
        </src>
        <src id="STTLng">
            <dst id="ATLA-M5">118.037333333333</dst>
            <dst id="ATLAng">16603.344</dst>
            <dst id="CHINng">25172.2773333333</dst>
            <dst id="DNVRng">5350.99466666667</dst>
            <dst id="HSTNng">7491.888</dst>
            <dst id="IPLSng">13130.0213333333</dst>
            <dst id="KSCYng">3868.04266666667</dst>
            <dst id="LOSAng">35932.72</dst>
            <dst id="NYCMng">12498.1066666667</dst>
            <dst id="SNVAng">6168.78666666667</dst>
            <dst id="STTLng">5940.65866666667</dst>
            <dst id="WASHng">38611.912</dst>
        </src>
        <src id="WASHng">
            <dst id="ATLA-M5">408.829333333333</dst>
            <dst id="ATLAng">150400.216</dst>
            <dst id="CHINng">90042.032</dst>
            <dst id="DNVRng">71845.1946666667</dst>
            <dst id="HSTNng">41995.8133333333</dst>
            <dst id="IPLSng">87800.2506666666</dst>
            <dst id="KSCYng">25102.5786666667</dst>
            <dst id="LOSAng">119879.16</dst>
            <dst id="NYCMng">182523.837333333</dst>
            <dst id="SNVAng">11550.6986666667</dst>
            <dst id="STTLng">40515.3973333333</dst>
            <dst id="WASHng">411396.026666667</dst>
        </src>
    </IntraTM>
</TrafficMatrixFile>
