<?xml version="1.0" encoding="ISO-8859-1" standalone="yes"?>
<TrafficMatrixFile xsi:noNamespaceSchemaLocation="http://totem.run.montefiore.ulg.ac.be/Schema/TrafficMatrix-v1_2.xsd" xmlns:xsi="http://www.w3.org/2001/XMLSchema-instance">
    <IntraTM ASID="11537">
        <src id="ATLA-M5">
            <dst id="ATLA-M5">516.205333333333</dst>
            <dst id="ATLAng">215.266666666667</dst>
            <dst id="CHINng">195.584</dst>
            <dst id="DNVRng">179.933333333333</dst>
            <dst id="HSTNng">106.666666666667</dst>
            <dst id="IPLSng">520.976</dst>
            <dst id="KSCYng">334.221333333333</dst>
            <dst id="LOSAng">324.002666666667</dst>
            <dst id="NYCMng">0</dst>
            <dst id="SNVAng">26.6666666666667</dst>
            <dst id="STTLng">53.3333333333333</dst>
            <dst id="WASHng">914.322666666667</dst>
        </src>
        <src id="ATLAng">
            <dst id="ATLA-M5">856.901333333333</dst>
            <dst id="ATLAng">64371.384</dst>
            <dst id="CHINng">17005.5893333333</dst>
            <dst id="DNVRng">6824.23466666667</dst>
            <dst id="HSTNng">13120.44</dst>
            <dst id="IPLSng">16963.7813333333</dst>
            <dst id="KSCYng">11081.872</dst>
            <dst id="LOSAng">22510.8133333333</dst>
            <dst id="NYCMng">9690.41866666667</dst>
            <dst id="SNVAng">579.474666666667</dst>
            <dst id="STTLng">6079.48</dst>
            <dst id="WASHng">52996.7546666667</dst>
        </src>
        <src id="CHINng">
            <dst id="ATLA-M5">2548.848</dst>
            <dst id="ATLAng">29642.984</dst>
            <dst id="CHINng">132820.736</dst>
            <dst id="DNVRng">22272.0373333333</dst>
            <dst id="HSTNng">10379.112</dst>
            <dst id="IPLSng">50933.7306666667</dst>
            <dst id="KSCYng">17941.9386666667</dst>
            <dst id="LOSAng">81129.808</dst>
            <dst id="NYCMng">12467.552</dst>
            <dst id="SNVAng">1495.88266666667</dst>
            <dst id="STTLng">8999.10133333333</dst>
            <dst id="WASHng">43762.616</dst>
        </src>
        <src id="DNVRng">
            <dst id="ATLA-M5">3168.20533333333</dst>
            <dst id="ATLAng">29608.6933333333</dst>
            <dst id="CHINng">41610.68</dst>
            <dst id="DNVRng">10983.5306666667</dst>
            <dst id="HSTNng">23107.8426666667</dst>
            <dst id="IPLSng">30151.9626666667</dst>
            <dst id="KSCYng">15438.7253333333</dst>
            <dst id="LOSAng">23744.2053333333</dst>
            <dst id="NYCMng">21408.3786666667</dst>
            <dst id="SNVAng">18189.96</dst>
            <dst id="STTLng">17609.4613333333</dst>
            <dst id="WASHng">39160.264</dst>
        </src>
        <src id="HSTNng">
            <dst id="ATLA-M5">584.288</dst>
            <dst id="ATLAng">9724.12</dst>
            <dst id="CHINng">19972.2</dst>
            <dst id="DNVRng">10967.008</dst>
            <dst id="HSTNng">10382.568</dst>
            <dst id="IPLSng">3633.04</dst>
            <dst id="KSCYng">2848.072</dst>
            <dst id="LOSAng">8339.19466666666</dst>
            <dst id="NYCMng">3079.544</dst>
            <dst id="SNVAng">652.784</dst>
            <dst id="STTLng">3053.39733333333</dst>
            <dst id="WASHng">5499.62666666667</dst>
        </src>
        <src id="IPLSng">
            <dst id="ATLA-M5">100.213333333333</dst>
            <dst id="ATLAng">17304.1413333333</dst>
            <dst id="CHINng">77250.7786666667</dst>
            <dst id="DNVRng">28410.208</dst>
            <dst id="HSTNng">5061.90666666667</dst>
            <dst id="IPLSng">57476.0133333333</dst>
            <dst id="KSCYng">11844.0026666667</dst>
            <dst id="LOSAng">65452.656</dst>
            <dst id="NYCMng">34683.392</dst>
            <dst id="SNVAng">2014.128</dst>
            <dst id="STTLng">12048.4026666667</dst>
            <dst id="WASHng">34909.648</dst>
        </src>
        <src id="KSCYng">
            <dst id="ATLA-M5">221.946666666667</dst>
            <dst id="ATLAng">4960.83733333333</dst>
            <dst id="CHINng">38241.16</dst>
            <dst id="DNVRng">12317.6853333333</dst>
            <dst id="HSTNng">4561.87733333333</dst>
            <dst id="IPLSng">16154.544</dst>
            <dst id="KSCYng">12592.8346666667</dst>
            <dst id="LOSAng">38700.5733333333</dst>
            <dst id="NYCMng">9974.76266666667</dst>
            <dst id="SNVAng">439.744</dst>
            <dst id="STTLng">2443.64533333333</dst>
            <dst id="WASHng">11297.36</dst>
        </src>
        <src id="LOSAng">
            <dst id="ATLA-M5">780.768</dst>
            <dst id="ATLAng">40769.608</dst>
            <dst id="CHINng">118524.424</dst>
            <dst id="DNVRng">30224.904</dst>
            <dst id="HSTNng">20549.944</dst>
            <dst id="IPLSng">52412.1893333333</dst>
            <dst id="KSCYng">11829.4986666667</dst>
            <dst id="LOSAng">15085.712</dst>
            <dst id="NYCMng">80743.9093333333</dst>
            <dst id="SNVAng">11358.2906666667</dst>
            <dst id="STTLng">44512.3066666667</dst>
            <dst id="WASHng">106820.962666667</dst>
        </src>
        <src id="NYCMng">
            <dst id="ATLA-M5">526.824</dst>
            <dst id="ATLAng">57275.1093333333</dst>
            <dst id="CHINng">94456.224</dst>
            <dst id="DNVRng">132498.168</dst>
            <dst id="HSTNng">13398.3546666667</dst>
            <dst id="IPLSng">56599.7333333333</dst>
            <dst id="KSCYng">21024.9546666667</dst>
            <dst id="LOSAng">99947.2853333334</dst>
            <dst id="NYCMng">106793.453333333</dst>
            <dst id="SNVAng">4435.63733333333</dst>
            <dst id="STTLng">29698.24</dst>
            <dst id="WASHng">132100.157333333</dst>
        </src>
        <src id="SNVAng">
            <dst id="ATLA-M5">41.28</dst>
            <dst id="ATLAng">1946.64533333333</dst>
            <dst id="CHINng">784.594666666667</dst>
            <dst id="DNVRng">5081.72533333333</dst>
            <dst id="HSTNng">646.485333333333</dst>
            <dst id="IPLSng">6878.22666666667</dst>
            <dst id="KSCYng">106.666666666667</dst>
            <dst id="LOSAng">34350.128</dst>
            <dst id="NYCMng">1229.792</dst>
            <dst id="SNVAng">9972.2</dst>
            <dst id="STTLng">28629.0453333333</dst>
            <dst id="WASHng">500.232</dst>
        </src>
        <src id="STTLng">
            <dst id="ATLA-M5">198.696</dst>
            <dst id="ATLAng">16458.0346666667</dst>
            <dst id="CHINng">30537.6506666667</dst>
            <dst id="DNVRng">8161.01333333333</dst>
            <dst id="HSTNng">5198.584</dst>
            <dst id="IPLSng">16108.096</dst>
            <dst id="KSCYng">8634.85066666667</dst>
            <dst id="LOSAng">38467.032</dst>
            <dst id="NYCMng">15614.3333333333</dst>
            <dst id="SNVAng">5245.68266666667</dst>
            <dst id="STTLng">5019.336</dst>
            <dst id="WASHng">16940.856</dst>
        </src>
        <src id="WASHng">
            <dst id="ATLA-M5">1233.30133333333</dst>
            <dst id="ATLAng">84180.0906666667</dst>
            <dst id="CHINng">102875.288</dst>
            <dst id="DNVRng">78470.84</dst>
            <dst id="HSTNng">25651.736</dst>
            <dst id="IPLSng">82843.4266666667</dst>
            <dst id="KSCYng">39755.1093333333</dst>
            <dst id="LOSAng">135615.101333333</dst>
            <dst id="NYCMng">178983.112</dst>
            <dst id="SNVAng">10901.288</dst>
            <dst id="STTLng">50466.576</dst>
            <dst id="WASHng">415718.4</dst>
        </src>
    </IntraTM>
</TrafficMatrixFile>
