<?xml version="1.0" encoding="ISO-8859-1" standalone="yes"?>
<TrafficMatrixFile xsi:noNamespaceSchemaLocation="http://totem.run.montefiore.ulg.ac.be/Schema/TrafficMatrix-v1_2.xsd" xmlns:xsi="http://www.w3.org/2001/XMLSchema-instance">
    <IntraTM ASID="11537">
        <src id="ATLA-M5">
            <dst id="ATLA-M5">81.6</dst>
            <dst id="ATLAng">67.0746666666667</dst>
            <dst id="CHINng">246.325333333333</dst>
            <dst id="DNVRng">0</dst>
            <dst id="HSTNng">106.154666666667</dst>
            <dst id="IPLSng">53.3333333333333</dst>
            <dst id="KSCYng">1201.74933333333</dst>
            <dst id="LOSAng">94.3386666666667</dst>
            <dst id="NYCMng">26.6666666666667</dst>
            <dst id="SNVAng">0</dst>
            <dst id="STTLng">81.592</dst>
            <dst id="WASHng">211.805333333333</dst>
        </src>
        <src id="ATLAng">
            <dst id="ATLA-M5">119.586666666667</dst>
            <dst id="ATLAng">36459.784</dst>
            <dst id="CHINng">6804.81066666667</dst>
            <dst id="DNVRng">5346.912</dst>
            <dst id="HSTNng">1429.13866666667</dst>
            <dst id="IPLSng">11770.504</dst>
            <dst id="KSCYng">2118.176</dst>
            <dst id="LOSAng">17229.1706666667</dst>
            <dst id="NYCMng">4936.376</dst>
            <dst id="SNVAng">383.178666666667</dst>
            <dst id="STTLng">3832.408</dst>
            <dst id="WASHng">25269.5306666667</dst>
        </src>
        <src id="CHINng">
            <dst id="ATLA-M5">113.618666666667</dst>
            <dst id="ATLAng">19333.6853333333</dst>
            <dst id="CHINng">78070.248</dst>
            <dst id="DNVRng">10879.7786666667</dst>
            <dst id="HSTNng">8440.096</dst>
            <dst id="IPLSng">48524.696</dst>
            <dst id="KSCYng">5435.02933333333</dst>
            <dst id="LOSAng">62437.5546666667</dst>
            <dst id="NYCMng">15474.672</dst>
            <dst id="SNVAng">1072.62133333333</dst>
            <dst id="STTLng">8472.06933333333</dst>
            <dst id="WASHng">17007.5626666667</dst>
        </src>
        <src id="DNVRng">
            <dst id="ATLA-M5">64.96</dst>
            <dst id="ATLAng">13148.384</dst>
            <dst id="CHINng">51693.896</dst>
            <dst id="DNVRng">12210.968</dst>
            <dst id="HSTNng">24809.7493333333</dst>
            <dst id="IPLSng">23632</dst>
            <dst id="KSCYng">24583.5013333333</dst>
            <dst id="LOSAng">14465.488</dst>
            <dst id="NYCMng">8828.03733333333</dst>
            <dst id="SNVAng">12716.8026666667</dst>
            <dst id="STTLng">23304.8613333333</dst>
            <dst id="WASHng">41781.8746666667</dst>
        </src>
        <src id="HSTNng">
            <dst id="ATLA-M5">2611.2</dst>
            <dst id="ATLAng">30836.2933333333</dst>
            <dst id="CHINng">10862.8453333333</dst>
            <dst id="DNVRng">2604.26933333333</dst>
            <dst id="HSTNng">11871.32</dst>
            <dst id="IPLSng">1898.85866666667</dst>
            <dst id="KSCYng">2536.848</dst>
            <dst id="LOSAng">13791.5466666667</dst>
            <dst id="NYCMng">2206.21066666667</dst>
            <dst id="SNVAng">0</dst>
            <dst id="STTLng">1988.60266666667</dst>
            <dst id="WASHng">10456.032</dst>
        </src>
        <src id="IPLSng">
            <dst id="ATLA-M5">87.1146666666667</dst>
            <dst id="ATLAng">10113.0986666667</dst>
            <dst id="CHINng">55502.7466666667</dst>
            <dst id="DNVRng">3502.152</dst>
            <dst id="HSTNng">2411.29866666667</dst>
            <dst id="IPLSng">63114.0746666667</dst>
            <dst id="KSCYng">3923.648</dst>
            <dst id="LOSAng">51083.8533333333</dst>
            <dst id="NYCMng">25427.016</dst>
            <dst id="SNVAng">4762.81333333333</dst>
            <dst id="STTLng">12241.0906666667</dst>
            <dst id="WASHng">19627.2746666667</dst>
        </src>
        <src id="KSCYng">
            <dst id="ATLA-M5">26.6666666666667</dst>
            <dst id="ATLAng">3831.28533333333</dst>
            <dst id="CHINng">58091.7466666667</dst>
            <dst id="DNVRng">9871.18133333334</dst>
            <dst id="HSTNng">9321.84</dst>
            <dst id="IPLSng">12601.288</dst>
            <dst id="KSCYng">9937.90666666667</dst>
            <dst id="LOSAng">10686.2426666667</dst>
            <dst id="NYCMng">4242.064</dst>
            <dst id="SNVAng">1225.74666666667</dst>
            <dst id="STTLng">1599.36266666667</dst>
            <dst id="WASHng">6332.368</dst>
        </src>
        <src id="LOSAng">
            <dst id="ATLA-M5">295.288</dst>
            <dst id="ATLAng">15956.9893333333</dst>
            <dst id="CHINng">75021.608</dst>
            <dst id="DNVRng">11442.9093333333</dst>
            <dst id="HSTNng">15643.9013333333</dst>
            <dst id="IPLSng">49581.3306666667</dst>
            <dst id="KSCYng">5536.848</dst>
            <dst id="LOSAng">16383.2826666667</dst>
            <dst id="NYCMng">101657.810666667</dst>
            <dst id="SNVAng">11211.1733333333</dst>
            <dst id="STTLng">56576.3546666667</dst>
            <dst id="WASHng">98670.7973333333</dst>
        </src>
        <src id="NYCMng">
            <dst id="ATLA-M5">690.461333333333</dst>
            <dst id="ATLAng">39750.6</dst>
            <dst id="CHINng">43095.9413333333</dst>
            <dst id="DNVRng">118566.005333333</dst>
            <dst id="HSTNng">10054.5733333333</dst>
            <dst id="IPLSng">42895.224</dst>
            <dst id="KSCYng">13860.3413333333</dst>
            <dst id="LOSAng">106286.701333333</dst>
            <dst id="NYCMng">70590.592</dst>
            <dst id="SNVAng">3304.04533333333</dst>
            <dst id="STTLng">33632.6</dst>
            <dst id="WASHng">60782.3413333333</dst>
        </src>
        <src id="SNVAng">
            <dst id="ATLA-M5">26.6666666666667</dst>
            <dst id="ATLAng">26.6666666666667</dst>
            <dst id="CHINng">435.658666666667</dst>
            <dst id="DNVRng">12124.5306666667</dst>
            <dst id="HSTNng">47.7226666666667</dst>
            <dst id="IPLSng">280.069333333333</dst>
            <dst id="KSCYng">80.4266666666667</dst>
            <dst id="LOSAng">33304.7413333333</dst>
            <dst id="NYCMng">570.386666666667</dst>
            <dst id="SNVAng">10441.7893333333</dst>
            <dst id="STTLng">21631.2506666667</dst>
            <dst id="WASHng">110.264</dst>
        </src>
        <src id="STTLng">
            <dst id="ATLA-M5">392.989333333333</dst>
            <dst id="ATLAng">10388.5706666667</dst>
            <dst id="CHINng">17917.712</dst>
            <dst id="DNVRng">1729.14666666667</dst>
            <dst id="HSTNng">2278.26666666667</dst>
            <dst id="IPLSng">7320.984</dst>
            <dst id="KSCYng">2208.22666666667</dst>
            <dst id="LOSAng">31320.2186666667</dst>
            <dst id="NYCMng">9429.70666666667</dst>
            <dst id="SNVAng">3481.936</dst>
            <dst id="STTLng">5454.38666666667</dst>
            <dst id="WASHng">8671.14666666667</dst>
        </src>
        <src id="WASHng">
            <dst id="ATLA-M5">983.594666666667</dst>
            <dst id="ATLAng">99504.7946666667</dst>
            <dst id="CHINng">82825.1626666667</dst>
            <dst id="DNVRng">54650.7946666667</dst>
            <dst id="HSTNng">36392.9653333333</dst>
            <dst id="IPLSng">49932.5306666667</dst>
            <dst id="KSCYng">17234.04</dst>
            <dst id="LOSAng">122943.570666667</dst>
            <dst id="NYCMng">156176.637333333</dst>
            <dst id="SNVAng">7691.608</dst>
            <dst id="STTLng">42396.104</dst>
            <dst id="WASHng">239175.434666667</dst>
        </src>
    </IntraTM>
</TrafficMatrixFile>
