<?xml version="1.0" encoding="ISO-8859-1" standalone="yes"?>
<TrafficMatrixFile xsi:noNamespaceSchemaLocation="http://totem.run.montefiore.ulg.ac.be/Schema/TrafficMatrix-v1_2.xsd" xmlns:xsi="http://www.w3.org/2001/XMLSchema-instance">
    <IntraTM ASID="11537">
        <src id="ATLA-M5">
            <dst id="ATLA-M5">0</dst>
            <dst id="ATLAng">61.0746666666667</dst>
            <dst id="CHINng">141.088</dst>
            <dst id="DNVRng">26.6666666666667</dst>
            <dst id="HSTNng">121.581333333333</dst>
            <dst id="IPLSng">54.912</dst>
            <dst id="KSCYng">101.117333333333</dst>
            <dst id="LOSAng">95.5946666666667</dst>
            <dst id="NYCMng">326.576</dst>
            <dst id="SNVAng">0</dst>
            <dst id="STTLng">26.7333333333333</dst>
            <dst id="WASHng">1127.592</dst>
        </src>
        <src id="ATLAng">
            <dst id="ATLA-M5">111.701333333333</dst>
            <dst id="ATLAng">24112.8186666667</dst>
            <dst id="CHINng">15454.6826666667</dst>
            <dst id="DNVRng">7315.05866666667</dst>
            <dst id="HSTNng">611.013333333333</dst>
            <dst id="IPLSng">7088.016</dst>
            <dst id="KSCYng">337.557333333333</dst>
            <dst id="LOSAng">11911.5253333333</dst>
            <dst id="NYCMng">4489.736</dst>
            <dst id="SNVAng">446.098666666667</dst>
            <dst id="STTLng">4438.04</dst>
            <dst id="WASHng">45109.896</dst>
        </src>
        <src id="CHINng">
            <dst id="ATLA-M5">54.3733333333333</dst>
            <dst id="ATLAng">8383.136</dst>
            <dst id="CHINng">95856.4266666667</dst>
            <dst id="DNVRng">12715.1146666667</dst>
            <dst id="HSTNng">2400.12266666667</dst>
            <dst id="IPLSng">17850.0346666667</dst>
            <dst id="KSCYng">4511.70666666667</dst>
            <dst id="LOSAng">37353.7546666667</dst>
            <dst id="NYCMng">19391.4426666667</dst>
            <dst id="SNVAng">2016.80266666667</dst>
            <dst id="STTLng">5206.232</dst>
            <dst id="WASHng">11283.272</dst>
        </src>
        <src id="DNVRng">
            <dst id="ATLA-M5">26.6666666666667</dst>
            <dst id="ATLAng">9109.18933333333</dst>
            <dst id="CHINng">61891.1733333333</dst>
            <dst id="DNVRng">21901.8133333333</dst>
            <dst id="HSTNng">10843.0506666667</dst>
            <dst id="IPLSng">16622.8826666667</dst>
            <dst id="KSCYng">7107.648</dst>
            <dst id="LOSAng">9815.432</dst>
            <dst id="NYCMng">10929.6613333333</dst>
            <dst id="SNVAng">6101.536</dst>
            <dst id="STTLng">5436.408</dst>
            <dst id="WASHng">28683.1946666667</dst>
        </src>
        <src id="HSTNng">
            <dst id="ATLA-M5">3403.52266666667</dst>
            <dst id="ATLAng">2266.47466666667</dst>
            <dst id="CHINng">11678.2346666667</dst>
            <dst id="DNVRng">1403.80533333333</dst>
            <dst id="HSTNng">2453.61066666667</dst>
            <dst id="IPLSng">602.736</dst>
            <dst id="KSCYng">1995.41333333333</dst>
            <dst id="LOSAng">7800.13333333333</dst>
            <dst id="NYCMng">1051.42666666667</dst>
            <dst id="SNVAng">0</dst>
            <dst id="STTLng">2123.18933333333</dst>
            <dst id="WASHng">1661.49866666667</dst>
        </src>
        <src id="IPLSng">
            <dst id="ATLA-M5">92.3733333333333</dst>
            <dst id="ATLAng">11626.2666666667</dst>
            <dst id="CHINng">71150.3493333333</dst>
            <dst id="DNVRng">14333.9866666667</dst>
            <dst id="HSTNng">1633.52266666667</dst>
            <dst id="IPLSng">7193.78133333333</dst>
            <dst id="KSCYng">2305.58666666667</dst>
            <dst id="LOSAng">41984.7226666667</dst>
            <dst id="NYCMng">8598.12533333334</dst>
            <dst id="SNVAng">180.28</dst>
            <dst id="STTLng">5956.456</dst>
            <dst id="WASHng">11738.2773333333</dst>
        </src>
        <src id="KSCYng">
            <dst id="ATLA-M5">26.6666666666667</dst>
            <dst id="ATLAng">1440.83466666667</dst>
            <dst id="CHINng">31459.8693333333</dst>
            <dst id="DNVRng">8862.84266666667</dst>
            <dst id="HSTNng">2300.31466666667</dst>
            <dst id="IPLSng">15304.2693333333</dst>
            <dst id="KSCYng">4495.41066666667</dst>
            <dst id="LOSAng">5431.392</dst>
            <dst id="NYCMng">6218.488</dst>
            <dst id="SNVAng">0</dst>
            <dst id="STTLng">4896.12</dst>
            <dst id="WASHng">4417.26933333333</dst>
        </src>
        <src id="LOSAng">
            <dst id="ATLA-M5">26.6666666666667</dst>
            <dst id="ATLAng">8295.08</dst>
            <dst id="CHINng">125588.365333333</dst>
            <dst id="DNVRng">6579.58666666667</dst>
            <dst id="HSTNng">5392.98133333333</dst>
            <dst id="IPLSng">47146.0826666667</dst>
            <dst id="KSCYng">4890.40533333333</dst>
            <dst id="LOSAng">15952.16</dst>
            <dst id="NYCMng">46710.536</dst>
            <dst id="SNVAng">4148.67733333333</dst>
            <dst id="STTLng">27000.3333333333</dst>
            <dst id="WASHng">89452.9306666667</dst>
        </src>
        <src id="NYCMng">
            <dst id="ATLA-M5">162.573333333333</dst>
            <dst id="ATLAng">28382.088</dst>
            <dst id="CHINng">45602.7333333333</dst>
            <dst id="DNVRng">114761.586666667</dst>
            <dst id="HSTNng">6313.53066666667</dst>
            <dst id="IPLSng">23057.4666666667</dst>
            <dst id="KSCYng">7281.86666666667</dst>
            <dst id="LOSAng">66441.432</dst>
            <dst id="NYCMng">77361.8933333333</dst>
            <dst id="SNVAng">2518.528</dst>
            <dst id="STTLng">23801.7626666667</dst>
            <dst id="WASHng">51341.6853333333</dst>
        </src>
        <src id="SNVAng">
            <dst id="ATLA-M5">0</dst>
            <dst id="ATLAng">53.3333333333333</dst>
            <dst id="CHINng">617.722666666667</dst>
            <dst id="DNVRng">288.021333333333</dst>
            <dst id="HSTNng">41.1093333333333</dst>
            <dst id="IPLSng">269.472</dst>
            <dst id="KSCYng">0</dst>
            <dst id="LOSAng">28256.7866666667</dst>
            <dst id="NYCMng">258.794666666667</dst>
            <dst id="SNVAng">9974.17333333333</dst>
            <dst id="STTLng">18942.888</dst>
            <dst id="WASHng">0</dst>
        </src>
        <src id="STTLng">
            <dst id="ATLA-M5">0</dst>
            <dst id="ATLAng">8146.21866666667</dst>
            <dst id="CHINng">28611.672</dst>
            <dst id="DNVRng">1985.86933333333</dst>
            <dst id="HSTNng">1256.69066666667</dst>
            <dst id="IPLSng">5846.064</dst>
            <dst id="KSCYng">1045.77866666667</dst>
            <dst id="LOSAng">17480.216</dst>
            <dst id="NYCMng">8665.624</dst>
            <dst id="SNVAng">2217.63733333333</dst>
            <dst id="STTLng">928.218666666667</dst>
            <dst id="WASHng">4801.016</dst>
        </src>
        <src id="WASHng">
            <dst id="ATLA-M5">53.3333333333333</dst>
            <dst id="ATLAng">78806.768</dst>
            <dst id="CHINng">63873.2106666667</dst>
            <dst id="DNVRng">49094.032</dst>
            <dst id="HSTNng">26355.888</dst>
            <dst id="IPLSng">36037.5466666667</dst>
            <dst id="KSCYng">4550.52</dst>
            <dst id="LOSAng">137940.298666667</dst>
            <dst id="NYCMng">114941.405333333</dst>
            <dst id="SNVAng">4254.216</dst>
            <dst id="STTLng">19194.2773333333</dst>
            <dst id="WASHng">232602.296</dst>
        </src>
    </IntraTM>
</TrafficMatrixFile>
