<?xml version="1.0" encoding="ISO-8859-1" standalone="yes"?>
<TrafficMatrixFile xsi:noNamespaceSchemaLocation="http://totem.run.montefiore.ulg.ac.be/Schema/TrafficMatrix-v1_2.xsd" xmlns:xsi="http://www.w3.org/2001/XMLSchema-instance">
    <IntraTM ASID="11537">
        <src id="ATLA-M5">
            <dst id="ATLA-M5">0</dst>
            <dst id="ATLAng">53.3333333333333</dst>
            <dst id="CHINng">209.970666666667</dst>
            <dst id="DNVRng">0</dst>
            <dst id="HSTNng">55.416</dst>
            <dst id="IPLSng">108.370666666667</dst>
            <dst id="KSCYng">63.504</dst>
            <dst id="LOSAng">2650.43466666667</dst>
            <dst id="NYCMng">26.6666666666667</dst>
            <dst id="SNVAng">14.8213333333333</dst>
            <dst id="STTLng">26.6666666666667</dst>
            <dst id="WASHng">53.3333333333333</dst>
        </src>
        <src id="ATLAng">
            <dst id="ATLA-M5">141.674666666667</dst>
            <dst id="ATLAng">46577.3706666667</dst>
            <dst id="CHINng">11724.104</dst>
            <dst id="DNVRng">4602.936</dst>
            <dst id="HSTNng">1661.904</dst>
            <dst id="IPLSng">11552.9866666667</dst>
            <dst id="KSCYng">1858.888</dst>
            <dst id="LOSAng">14077.316</dst>
            <dst id="NYCMng">6616.48533333333</dst>
            <dst id="SNVAng">33.5426666666667</dst>
            <dst id="STTLng">9402.80266666667</dst>
            <dst id="WASHng">24810.2266666667</dst>
        </src>
        <src id="CHINng">
            <dst id="ATLA-M5">1496.20533333333</dst>
            <dst id="ATLAng">36822.4906666667</dst>
            <dst id="CHINng">62074.9306666667</dst>
            <dst id="DNVRng">15546.392</dst>
            <dst id="HSTNng">8616.29866666667</dst>
            <dst id="IPLSng">46226.0213333333</dst>
            <dst id="KSCYng">7565.36266666667</dst>
            <dst id="LOSAng">56866.2773333333</dst>
            <dst id="NYCMng">6251.76266666667</dst>
            <dst id="SNVAng">546.392</dst>
            <dst id="STTLng">14385.224</dst>
            <dst id="WASHng">29570.6506666667</dst>
        </src>
        <src id="DNVRng">
            <dst id="ATLA-M5">71.2426666666667</dst>
            <dst id="ATLAng">3198.48</dst>
            <dst id="CHINng">44043.3226666667</dst>
            <dst id="DNVRng">12458.4533333333</dst>
            <dst id="HSTNng">26476.3786666667</dst>
            <dst id="IPLSng">24928.4586666667</dst>
            <dst id="KSCYng">21538.9546666667</dst>
            <dst id="LOSAng">53338.1173333333</dst>
            <dst id="NYCMng">6297.448</dst>
            <dst id="SNVAng">8456.84266666667</dst>
            <dst id="STTLng">13793.4853333333</dst>
            <dst id="WASHng">30933.096</dst>
        </src>
        <src id="HSTNng">
            <dst id="ATLA-M5">302.528</dst>
            <dst id="ATLAng">16433.5813333333</dst>
            <dst id="CHINng">8662.56</dst>
            <dst id="DNVRng">2333.608</dst>
            <dst id="HSTNng">9270.4</dst>
            <dst id="IPLSng">1573.49066666667</dst>
            <dst id="KSCYng">1047.59733333333</dst>
            <dst id="LOSAng">4367.064</dst>
            <dst id="NYCMng">1964.34133333333</dst>
            <dst id="SNVAng">26.6666666666667</dst>
            <dst id="STTLng">4328.73066666667</dst>
            <dst id="WASHng">1594.82933333333</dst>
        </src>
        <src id="IPLSng">
            <dst id="ATLA-M5">26.6666666666667</dst>
            <dst id="ATLAng">21662.272</dst>
            <dst id="CHINng">55475.3466666667</dst>
            <dst id="DNVRng">3389.288</dst>
            <dst id="HSTNng">2204.456</dst>
            <dst id="IPLSng">11005.52</dst>
            <dst id="KSCYng">2546.41066666667</dst>
            <dst id="LOSAng">49925.7893333333</dst>
            <dst id="NYCMng">24964.112</dst>
            <dst id="SNVAng">715.202666666667</dst>
            <dst id="STTLng">10762.1973333333</dst>
            <dst id="WASHng">9845.192</dst>
        </src>
        <src id="KSCYng">
            <dst id="ATLA-M5">0</dst>
            <dst id="ATLAng">2102.05333333333</dst>
            <dst id="CHINng">14816.984</dst>
            <dst id="DNVRng">14228.5413333333</dst>
            <dst id="HSTNng">4933.16533333333</dst>
            <dst id="IPLSng">12750.928</dst>
            <dst id="KSCYng">13010.568</dst>
            <dst id="LOSAng">9294.896</dst>
            <dst id="NYCMng">1348.288</dst>
            <dst id="SNVAng">651.946666666667</dst>
            <dst id="STTLng">1260.848</dst>
            <dst id="WASHng">10724.5493333333</dst>
        </src>
        <src id="LOSAng">
            <dst id="ATLA-M5">1723.29866666667</dst>
            <dst id="ATLAng">103546.256</dst>
            <dst id="CHINng">80223.288</dst>
            <dst id="DNVRng">7812.224</dst>
            <dst id="HSTNng">7843.76</dst>
            <dst id="IPLSng">38915</dst>
            <dst id="KSCYng">2745.04</dst>
            <dst id="LOSAng">20942.8746666667</dst>
            <dst id="NYCMng">72232.6693333333</dst>
            <dst id="SNVAng">9602.328</dst>
            <dst id="STTLng">46005.5226666667</dst>
            <dst id="WASHng">120205.88</dst>
        </src>
        <src id="NYCMng">
            <dst id="ATLA-M5">226.68</dst>
            <dst id="ATLAng">38844.7066666667</dst>
            <dst id="CHINng">36346.8186666667</dst>
            <dst id="DNVRng">24918.208</dst>
            <dst id="HSTNng">7434.12533333333</dst>
            <dst id="IPLSng">24033.4426666667</dst>
            <dst id="KSCYng">6651.976</dst>
            <dst id="LOSAng">77323.4853333333</dst>
            <dst id="NYCMng">99868.1653333333</dst>
            <dst id="SNVAng">3276.24266666667</dst>
            <dst id="STTLng">24959.5333333333</dst>
            <dst id="WASHng">80430.6506666667</dst>
        </src>
        <src id="SNVAng">
            <dst id="ATLA-M5">0</dst>
            <dst id="ATLAng">221.322666666667</dst>
            <dst id="CHINng">185.333333333333</dst>
            <dst id="DNVRng">8476.064</dst>
            <dst id="HSTNng">375.984</dst>
            <dst id="IPLSng">16187.392</dst>
            <dst id="KSCYng">47.312</dst>
            <dst id="LOSAng">31453.7893333333</dst>
            <dst id="NYCMng">550.674666666667</dst>
            <dst id="SNVAng">9740.71733333333</dst>
            <dst id="STTLng">27959.8853333333</dst>
            <dst id="WASHng">26.6666666666667</dst>
        </src>
        <src id="STTLng">
            <dst id="ATLA-M5">80</dst>
            <dst id="ATLAng">7873.36266666667</dst>
            <dst id="CHINng">16030.4506666667</dst>
            <dst id="DNVRng">2578.864</dst>
            <dst id="HSTNng">2321.464</dst>
            <dst id="IPLSng">5918.464</dst>
            <dst id="KSCYng">1752.352</dst>
            <dst id="LOSAng">36789.672</dst>
            <dst id="NYCMng">9241.28</dst>
            <dst id="SNVAng">5722.032</dst>
            <dst id="STTLng">5676.08533333333</dst>
            <dst id="WASHng">9473.92266666666</dst>
        </src>
        <src id="WASHng">
            <dst id="ATLA-M5">26.6666666666667</dst>
            <dst id="ATLAng">68155.1093333333</dst>
            <dst id="CHINng">85290.2746666667</dst>
            <dst id="DNVRng">42395.7973333333</dst>
            <dst id="HSTNng">12121.056</dst>
            <dst id="IPLSng">64049.6693333333</dst>
            <dst id="KSCYng">9548.78133333333</dst>
            <dst id="LOSAng">117738.210666667</dst>
            <dst id="NYCMng">170906.512</dst>
            <dst id="SNVAng">847.176</dst>
            <dst id="STTLng">32162.36</dst>
            <dst id="WASHng">130469.629333333</dst>
        </src>
    </IntraTM>
</TrafficMatrixFile>
