<?xml version="1.0" encoding="ISO-8859-1" standalone="yes"?>
<TrafficMatrixFile xsi:noNamespaceSchemaLocation="http://totem.run.montefiore.ulg.ac.be/Schema/TrafficMatrix-v1_2.xsd" xmlns:xsi="http://www.w3.org/2001/XMLSchema-instance">
    <IntraTM ASID="11537">
        <src id="ATLA-M5">
            <dst id="ATLA-M5">0</dst>
            <dst id="ATLAng">55.584</dst>
            <dst id="CHINng">137.746666666667</dst>
            <dst id="DNVRng">0</dst>
            <dst id="HSTNng">53.3333333333333</dst>
            <dst id="IPLSng">0</dst>
            <dst id="KSCYng">0</dst>
            <dst id="LOSAng">165.512</dst>
            <dst id="NYCMng">149.277333333333</dst>
            <dst id="SNVAng">0</dst>
            <dst id="STTLng">0</dst>
            <dst id="WASHng">1231.76533333333</dst>
        </src>
        <src id="ATLAng">
            <dst id="ATLA-M5">223.168</dst>
            <dst id="ATLAng">23216.9306666667</dst>
            <dst id="CHINng">4788.60266666666</dst>
            <dst id="DNVRng">10314.9066666667</dst>
            <dst id="HSTNng">1170.66666666667</dst>
            <dst id="IPLSng">11544.8026666667</dst>
            <dst id="KSCYng">688.352</dst>
            <dst id="LOSAng">13182.5786666667</dst>
            <dst id="NYCMng">7848.264</dst>
            <dst id="SNVAng">545.605333333333</dst>
            <dst id="STTLng">3726.97333333333</dst>
            <dst id="WASHng">51143.616</dst>
        </src>
        <src id="CHINng">
            <dst id="ATLA-M5">63.96</dst>
            <dst id="ATLAng">10024.7466666667</dst>
            <dst id="CHINng">117717.368</dst>
            <dst id="DNVRng">14306.2826666667</dst>
            <dst id="HSTNng">3145.20266666667</dst>
            <dst id="IPLSng">20058.3333333333</dst>
            <dst id="KSCYng">8749.14133333333</dst>
            <dst id="LOSAng">56135.9173333333</dst>
            <dst id="NYCMng">13968.0106666667</dst>
            <dst id="SNVAng">281.002666666667</dst>
            <dst id="STTLng">7784.44533333333</dst>
            <dst id="WASHng">16504.7973333333</dst>
        </src>
        <src id="DNVRng">
            <dst id="ATLA-M5">149.92</dst>
            <dst id="ATLAng">7065.136</dst>
            <dst id="CHINng">59584.3546666667</dst>
            <dst id="DNVRng">29803.376</dst>
            <dst id="HSTNng">20375.9253333333</dst>
            <dst id="IPLSng">18056.568</dst>
            <dst id="KSCYng">24007.224</dst>
            <dst id="LOSAng">15972.0586666667</dst>
            <dst id="NYCMng">11595.2853333333</dst>
            <dst id="SNVAng">16398.5093333333</dst>
            <dst id="STTLng">16178.6506666667</dst>
            <dst id="WASHng">35745.5013333333</dst>
        </src>
        <src id="HSTNng">
            <dst id="ATLA-M5">976.477333333333</dst>
            <dst id="ATLAng">3262.856</dst>
            <dst id="CHINng">12382.7466666667</dst>
            <dst id="DNVRng">6840.632</dst>
            <dst id="HSTNng">2726.38133333333</dst>
            <dst id="IPLSng">238.858666666667</dst>
            <dst id="KSCYng">3819.93333333333</dst>
            <dst id="LOSAng">9875.54133333333</dst>
            <dst id="NYCMng">1780.44533333333</dst>
            <dst id="SNVAng">53.3333333333333</dst>
            <dst id="STTLng">3998.52</dst>
            <dst id="WASHng">2144.88</dst>
        </src>
        <src id="IPLSng">
            <dst id="ATLA-M5">101.690666666667</dst>
            <dst id="ATLAng">45570.368</dst>
            <dst id="CHINng">83704.28</dst>
            <dst id="DNVRng">15512.664</dst>
            <dst id="HSTNng">1925.176</dst>
            <dst id="IPLSng">27288.3013333333</dst>
            <dst id="KSCYng">2152.55466666667</dst>
            <dst id="LOSAng">38586.6746666667</dst>
            <dst id="NYCMng">15468.336</dst>
            <dst id="SNVAng">53.9413333333333</dst>
            <dst id="STTLng">10553.0266666667</dst>
            <dst id="WASHng">22542.816</dst>
        </src>
        <src id="KSCYng">
            <dst id="ATLA-M5">0</dst>
            <dst id="ATLAng">1599.40266666667</dst>
            <dst id="CHINng">39132.568</dst>
            <dst id="DNVRng">7642.60533333334</dst>
            <dst id="HSTNng">2584.86933333333</dst>
            <dst id="IPLSng">9044.09333333333</dst>
            <dst id="KSCYng">5577.81866666667</dst>
            <dst id="LOSAng">8593.39733333333</dst>
            <dst id="NYCMng">4355.40533333333</dst>
            <dst id="SNVAng">62.768</dst>
            <dst id="STTLng">2666.072</dst>
            <dst id="WASHng">6078.81333333333</dst>
        </src>
        <src id="LOSAng">
            <dst id="ATLA-M5">122.173333333333</dst>
            <dst id="ATLAng">5445.10666666667</dst>
            <dst id="CHINng">128279.890666667</dst>
            <dst id="DNVRng">9914.80533333334</dst>
            <dst id="HSTNng">6816.752</dst>
            <dst id="IPLSng">28748.8053333333</dst>
            <dst id="KSCYng">4933.976</dst>
            <dst id="LOSAng">16060.5866666667</dst>
            <dst id="NYCMng">37369.272</dst>
            <dst id="SNVAng">7846.192</dst>
            <dst id="STTLng">34679.9493333333</dst>
            <dst id="WASHng">107044.906666667</dst>
        </src>
        <src id="NYCMng">
            <dst id="ATLA-M5">789.528</dst>
            <dst id="ATLAng">27463.9013333333</dst>
            <dst id="CHINng">49019.392</dst>
            <dst id="DNVRng">117330.133333333</dst>
            <dst id="HSTNng">5282.456</dst>
            <dst id="IPLSng">23407.4586666667</dst>
            <dst id="KSCYng">10051.2613333333</dst>
            <dst id="LOSAng">78830.3413333333</dst>
            <dst id="NYCMng">89179.88</dst>
            <dst id="SNVAng">1555.504</dst>
            <dst id="STTLng">25163.6933333333</dst>
            <dst id="WASHng">50586.864</dst>
        </src>
        <src id="SNVAng">
            <dst id="ATLA-M5">0</dst>
            <dst id="ATLAng">69.1386666666667</dst>
            <dst id="CHINng">867.365333333333</dst>
            <dst id="DNVRng">14684.728</dst>
            <dst id="HSTNng">98.5386666666667</dst>
            <dst id="IPLSng">234.581333333333</dst>
            <dst id="KSCYng">26.6666666666667</dst>
            <dst id="LOSAng">23720.8373333333</dst>
            <dst id="NYCMng">193.04</dst>
            <dst id="SNVAng">7177.85866666667</dst>
            <dst id="STTLng">21111.1493333333</dst>
            <dst id="WASHng">0</dst>
        </src>
        <src id="STTLng">
            <dst id="ATLA-M5">0</dst>
            <dst id="ATLAng">9466.86666666667</dst>
            <dst id="CHINng">26796.9786666667</dst>
            <dst id="DNVRng">3431.888</dst>
            <dst id="HSTNng">1672.34666666667</dst>
            <dst id="IPLSng">7677.52266666667</dst>
            <dst id="KSCYng">1670.17066666667</dst>
            <dst id="LOSAng">19515.312</dst>
            <dst id="NYCMng">11434.832</dst>
            <dst id="SNVAng">2975.90666666667</dst>
            <dst id="STTLng">6268.83466666667</dst>
            <dst id="WASHng">8295.29066666667</dst>
        </src>
        <src id="WASHng">
            <dst id="ATLA-M5">112.816</dst>
            <dst id="ATLAng">110012.272</dst>
            <dst id="CHINng">80543.1493333333</dst>
            <dst id="DNVRng">119900.872</dst>
            <dst id="HSTNng">52185.1253333333</dst>
            <dst id="IPLSng">39138.2106666667</dst>
            <dst id="KSCYng">11274.488</dst>
            <dst id="LOSAng">106181.117333333</dst>
            <dst id="NYCMng">147837.381333333</dst>
            <dst id="SNVAng">5397.34666666667</dst>
            <dst id="STTLng">29721.8773333333</dst>
            <dst id="WASHng">317906.906666667</dst>
        </src>
    </IntraTM>
</TrafficMatrixFile>
