<?xml version="1.0" encoding="ISO-8859-1" standalone="yes"?>
<TrafficMatrixFile xsi:noNamespaceSchemaLocation="http://totem.run.montefiore.ulg.ac.be/Schema/TrafficMatrix-v1_2.xsd" xmlns:xsi="http://www.w3.org/2001/XMLSchema-instance">
    <IntraTM ASID="11537">
        <src id="ATLA-M5">
            <dst id="ATLA-M5">260.096</dst>
            <dst id="ATLAng">576.290666666667</dst>
            <dst id="CHINng">361.578666666667</dst>
            <dst id="DNVRng">56.1626666666667</dst>
            <dst id="HSTNng">984.64</dst>
            <dst id="IPLSng">350.493333333333</dst>
            <dst id="KSCYng">0</dst>
            <dst id="LOSAng">223.225333333333</dst>
            <dst id="NYCMng">221.392</dst>
            <dst id="SNVAng">60.46</dst>
            <dst id="STTLng">47.8613333333333</dst>
            <dst id="WASHng">1766.26933333333</dst>
        </src>
        <src id="ATLAng">
            <dst id="ATLA-M5">189.36</dst>
            <dst id="ATLAng">38531.1973333333</dst>
            <dst id="CHINng">26010.5093333333</dst>
            <dst id="DNVRng">4251.296</dst>
            <dst id="HSTNng">5168.832</dst>
            <dst id="IPLSng">14133.328</dst>
            <dst id="KSCYng">5855.84533333333</dst>
            <dst id="LOSAng">20232.464</dst>
            <dst id="NYCMng">8333.19466666667</dst>
            <dst id="SNVAng">1236.46133333333</dst>
            <dst id="STTLng">4682.21066666667</dst>
            <dst id="WASHng">44710.9626666667</dst>
        </src>
        <src id="CHINng">
            <dst id="ATLA-M5">779.922666666667</dst>
            <dst id="ATLAng">19955.3866666667</dst>
            <dst id="CHINng">101076.901333333</dst>
            <dst id="DNVRng">33640.088</dst>
            <dst id="HSTNng">6917.97066666667</dst>
            <dst id="IPLSng">29497.64</dst>
            <dst id="KSCYng">8728.096</dst>
            <dst id="LOSAng">63529.672</dst>
            <dst id="NYCMng">13490.672</dst>
            <dst id="SNVAng">1493.18133333333</dst>
            <dst id="STTLng">12630.768</dst>
            <dst id="WASHng">35942.2666666667</dst>
        </src>
        <src id="DNVRng">
            <dst id="ATLA-M5">123.626666666667</dst>
            <dst id="ATLAng">22200.5306666667</dst>
            <dst id="CHINng">44111.736</dst>
            <dst id="DNVRng">18659.24</dst>
            <dst id="HSTNng">34523.8213333333</dst>
            <dst id="IPLSng">22675.8106666667</dst>
            <dst id="KSCYng">13239.04</dst>
            <dst id="LOSAng">17376.9573333333</dst>
            <dst id="NYCMng">21714.016</dst>
            <dst id="SNVAng">9801.06133333333</dst>
            <dst id="STTLng">11425.28</dst>
            <dst id="WASHng">36961.576</dst>
        </src>
        <src id="HSTNng">
            <dst id="ATLA-M5">436.562666666667</dst>
            <dst id="ATLAng">9376.52533333333</dst>
            <dst id="CHINng">20514.6906666667</dst>
            <dst id="DNVRng">10096.6773333333</dst>
            <dst id="HSTNng">10834.1253333333</dst>
            <dst id="IPLSng">11153.7253333333</dst>
            <dst id="KSCYng">1832.48533333333</dst>
            <dst id="LOSAng">7693.144</dst>
            <dst id="NYCMng">1283.488</dst>
            <dst id="SNVAng">30.2106666666667</dst>
            <dst id="STTLng">2172.632</dst>
            <dst id="WASHng">4409.528</dst>
        </src>
        <src id="IPLSng">
            <dst id="ATLA-M5">338.114666666667</dst>
            <dst id="ATLAng">30832.3813333333</dst>
            <dst id="CHINng">63672.8293333333</dst>
            <dst id="DNVRng">10203.5466666667</dst>
            <dst id="HSTNng">2408.62133333333</dst>
            <dst id="IPLSng">33610.0186666667</dst>
            <dst id="KSCYng">6544.672</dst>
            <dst id="LOSAng">52197.7893333333</dst>
            <dst id="NYCMng">26546.5466666667</dst>
            <dst id="SNVAng">996.986666666667</dst>
            <dst id="STTLng">9691.08266666667</dst>
            <dst id="WASHng">42336.904</dst>
        </src>
        <src id="KSCYng">
            <dst id="ATLA-M5">48.336</dst>
            <dst id="ATLAng">5359.576</dst>
            <dst id="CHINng">29548.9226666667</dst>
            <dst id="DNVRng">11202.7733333333</dst>
            <dst id="HSTNng">6074.09333333333</dst>
            <dst id="IPLSng">13813.5146666667</dst>
            <dst id="KSCYng">6949.27466666667</dst>
            <dst id="LOSAng">12124.648</dst>
            <dst id="NYCMng">3562.70133333333</dst>
            <dst id="SNVAng">205.336</dst>
            <dst id="STTLng">2883.29866666667</dst>
            <dst id="WASHng">11860.4293333333</dst>
        </src>
        <src id="LOSAng">
            <dst id="ATLA-M5">1917.25066666667</dst>
            <dst id="ATLAng">28040.8106666667</dst>
            <dst id="CHINng">103390.378666667</dst>
            <dst id="DNVRng">37244.3306666667</dst>
            <dst id="HSTNng">15288.5626666667</dst>
            <dst id="IPLSng">50206.52</dst>
            <dst id="KSCYng">9166.71466666667</dst>
            <dst id="LOSAng">12809.272</dst>
            <dst id="NYCMng">80844.9626666667</dst>
            <dst id="SNVAng">13564.0453333333</dst>
            <dst id="STTLng">38452.4453333333</dst>
            <dst id="WASHng">134745.773333333</dst>
        </src>
        <src id="NYCMng">
            <dst id="ATLA-M5">627.941333333333</dst>
            <dst id="ATLAng">57247.3173333333</dst>
            <dst id="CHINng">45760.8853333333</dst>
            <dst id="DNVRng">133508.946666667</dst>
            <dst id="HSTNng">10469.7466666667</dst>
            <dst id="IPLSng">42781.7786666667</dst>
            <dst id="KSCYng">25536.5226666667</dst>
            <dst id="LOSAng">116767.728</dst>
            <dst id="NYCMng">100785.048</dst>
            <dst id="SNVAng">6843.19733333333</dst>
            <dst id="STTLng">27145.4986666667</dst>
            <dst id="WASHng">67218.7893333333</dst>
        </src>
        <src id="SNVAng">
            <dst id="ATLA-M5">0</dst>
            <dst id="ATLAng">98.6133333333333</dst>
            <dst id="CHINng">360.405333333333</dst>
            <dst id="DNVRng">14414.2933333333</dst>
            <dst id="HSTNng">169.72</dst>
            <dst id="IPLSng">3986.65066666667</dst>
            <dst id="KSCYng">20691.1546666667</dst>
            <dst id="LOSAng">37077.8826666667</dst>
            <dst id="NYCMng">228.618666666667</dst>
            <dst id="SNVAng">8238.92533333333</dst>
            <dst id="STTLng">27020.04</dst>
            <dst id="WASHng">133.333333333333</dst>
        </src>
        <src id="STTLng">
            <dst id="ATLA-M5">80</dst>
            <dst id="ATLAng">11793.776</dst>
            <dst id="CHINng">19136.3226666667</dst>
            <dst id="DNVRng">6858.056</dst>
            <dst id="HSTNng">6407.24</dst>
            <dst id="IPLSng">8892.39733333333</dst>
            <dst id="KSCYng">4504.89866666667</dst>
            <dst id="LOSAng">42624.5866666667</dst>
            <dst id="NYCMng">9478.49333333333</dst>
            <dst id="SNVAng">3581.048</dst>
            <dst id="STTLng">5476.98666666667</dst>
            <dst id="WASHng">14788.688</dst>
        </src>
        <src id="WASHng">
            <dst id="ATLA-M5">1092.16266666667</dst>
            <dst id="ATLAng">92238.7653333333</dst>
            <dst id="CHINng">61381.2693333333</dst>
            <dst id="DNVRng">82570.0506666667</dst>
            <dst id="HSTNng">23328.1013333333</dst>
            <dst id="IPLSng">56572.8746666667</dst>
            <dst id="KSCYng">28994.7146666667</dst>
            <dst id="LOSAng">127437.093333333</dst>
            <dst id="NYCMng">181374.936</dst>
            <dst id="SNVAng">7900.07733333333</dst>
            <dst id="STTLng">41232.7786666667</dst>
            <dst id="WASHng">277085.92</dst>
        </src>
    </IntraTM>
</TrafficMatrixFile>
