<?xml version="1.0" encoding="ISO-8859-1" standalone="yes"?>
<TrafficMatrixFile xsi:noNamespaceSchemaLocation="http://totem.run.montefiore.ulg.ac.be/Schema/TrafficMatrix-v1_2.xsd" xmlns:xsi="http://www.w3.org/2001/XMLSchema-instance">
    <IntraTM ASID="11537">
        <src id="ATLA-M5">
            <dst id="ATLA-M5">131.413333333333</dst>
            <dst id="ATLAng">118.517333333333</dst>
            <dst id="CHINng">106.666666666667</dst>
            <dst id="DNVRng">0</dst>
            <dst id="HSTNng">238.402666666667</dst>
            <dst id="IPLSng">82.5226666666667</dst>
            <dst id="KSCYng">1399.92</dst>
            <dst id="LOSAng">833.056</dst>
            <dst id="NYCMng">34.7066666666667</dst>
            <dst id="SNVAng">0</dst>
            <dst id="STTLng">26.6666666666667</dst>
            <dst id="WASHng">445.541333333333</dst>
        </src>
        <src id="ATLAng">
            <dst id="ATLA-M5">131.413333333333</dst>
            <dst id="ATLAng">66187.744</dst>
            <dst id="CHINng">8193.06933333333</dst>
            <dst id="DNVRng">5129.37333333333</dst>
            <dst id="HSTNng">2657.74933333333</dst>
            <dst id="IPLSng">11233.2293333333</dst>
            <dst id="KSCYng">11920.5786666667</dst>
            <dst id="LOSAng">19379.7386666667</dst>
            <dst id="NYCMng">5941.992</dst>
            <dst id="SNVAng">510.317333333333</dst>
            <dst id="STTLng">6397.512</dst>
            <dst id="WASHng">24364.048</dst>
        </src>
        <src id="CHINng">
            <dst id="ATLA-M5">53.3333333333333</dst>
            <dst id="ATLAng">22145.208</dst>
            <dst id="CHINng">92339.7253333333</dst>
            <dst id="DNVRng">13991.76</dst>
            <dst id="HSTNng">6092.62666666667</dst>
            <dst id="IPLSng">55737.384</dst>
            <dst id="KSCYng">5488.704</dst>
            <dst id="LOSAng">57599.4666666667</dst>
            <dst id="NYCMng">7003.688</dst>
            <dst id="SNVAng">1404.85333333333</dst>
            <dst id="STTLng">18347.3653333333</dst>
            <dst id="WASHng">29306.2613333333</dst>
        </src>
        <src id="DNVRng">
            <dst id="ATLA-M5">60.992</dst>
            <dst id="ATLAng">8982.664</dst>
            <dst id="CHINng">49893.0906666667</dst>
            <dst id="DNVRng">9243.12266666667</dst>
            <dst id="HSTNng">23566.5573333333</dst>
            <dst id="IPLSng">25779.1733333333</dst>
            <dst id="KSCYng">24457.608</dst>
            <dst id="LOSAng">8181.14666666667</dst>
            <dst id="NYCMng">12767.4213333333</dst>
            <dst id="SNVAng">8427.09066666667</dst>
            <dst id="STTLng">21598.032</dst>
            <dst id="WASHng">31352.68</dst>
        </src>
        <src id="HSTNng">
            <dst id="ATLA-M5">481.141333333333</dst>
            <dst id="ATLAng">2034</dst>
            <dst id="CHINng">11121.1946666667</dst>
            <dst id="DNVRng">10342.0373333333</dst>
            <dst id="HSTNng">6987.60533333333</dst>
            <dst id="IPLSng">9356.54666666667</dst>
            <dst id="KSCYng">2275.616</dst>
            <dst id="LOSAng">20438.368</dst>
            <dst id="NYCMng">1028.19733333333</dst>
            <dst id="SNVAng">26.6666666666667</dst>
            <dst id="STTLng">4135.09866666667</dst>
            <dst id="WASHng">6207.024</dst>
        </src>
        <src id="IPLSng">
            <dst id="ATLA-M5">26.6666666666667</dst>
            <dst id="ATLAng">14431.728</dst>
            <dst id="CHINng">56180.728</dst>
            <dst id="DNVRng">7458.00266666667</dst>
            <dst id="HSTNng">3321.768</dst>
            <dst id="IPLSng">70243.3226666667</dst>
            <dst id="KSCYng">3330.136</dst>
            <dst id="LOSAng">67561.5893333333</dst>
            <dst id="NYCMng">18810.9093333333</dst>
            <dst id="SNVAng">3294.76</dst>
            <dst id="STTLng">12737.6746666667</dst>
            <dst id="WASHng">18333.5466666667</dst>
        </src>
        <src id="KSCYng">
            <dst id="ATLA-M5">60.3386666666667</dst>
            <dst id="ATLAng">3472.44</dst>
            <dst id="CHINng">38825.8266666667</dst>
            <dst id="DNVRng">8975.072</dst>
            <dst id="HSTNng">7419.376</dst>
            <dst id="IPLSng">11319.8266666667</dst>
            <dst id="KSCYng">4230.83466666667</dst>
            <dst id="LOSAng">8287.656</dst>
            <dst id="NYCMng">3967.144</dst>
            <dst id="SNVAng">167.226666666667</dst>
            <dst id="STTLng">2596.77333333333</dst>
            <dst id="WASHng">6349.29333333333</dst>
        </src>
        <src id="LOSAng">
            <dst id="ATLA-M5">153.021333333333</dst>
            <dst id="ATLAng">37578.6853333333</dst>
            <dst id="CHINng">88039.0186666667</dst>
            <dst id="DNVRng">12175.976</dst>
            <dst id="HSTNng">17302.7786666667</dst>
            <dst id="IPLSng">58139.904</dst>
            <dst id="KSCYng">4906.976</dst>
            <dst id="LOSAng">18923.8213333333</dst>
            <dst id="NYCMng">110752.752</dst>
            <dst id="SNVAng">12064.0346666667</dst>
            <dst id="STTLng">58351.128</dst>
            <dst id="WASHng">99451.2533333333</dst>
        </src>
        <src id="NYCMng">
            <dst id="ATLA-M5">403.669333333333</dst>
            <dst id="ATLAng">45397.8506666666</dst>
            <dst id="CHINng">39634.4186666667</dst>
            <dst id="DNVRng">124034.517333333</dst>
            <dst id="HSTNng">6238.90133333333</dst>
            <dst id="IPLSng">55891.0773333333</dst>
            <dst id="KSCYng">19234.7573333333</dst>
            <dst id="LOSAng">118609.272</dst>
            <dst id="NYCMng">76549.1946666667</dst>
            <dst id="SNVAng">6605.256</dst>
            <dst id="STTLng">31687.296</dst>
            <dst id="WASHng">71034.7093333333</dst>
        </src>
        <src id="SNVAng">
            <dst id="ATLA-M5">0</dst>
            <dst id="ATLAng">53.3333333333333</dst>
            <dst id="CHINng">197.493333333333</dst>
            <dst id="DNVRng">14311.4613333333</dst>
            <dst id="HSTNng">88.2346666666667</dst>
            <dst id="IPLSng">9506.14666666667</dst>
            <dst id="KSCYng">29.384</dst>
            <dst id="LOSAng">40519.728</dst>
            <dst id="NYCMng">314.002666666667</dst>
            <dst id="SNVAng">8805.74133333333</dst>
            <dst id="STTLng">26784.6133333333</dst>
            <dst id="WASHng">106.666666666667</dst>
        </src>
        <src id="STTLng">
            <dst id="ATLA-M5">80</dst>
            <dst id="ATLAng">10193.5893333333</dst>
            <dst id="CHINng">16866.5706666667</dst>
            <dst id="DNVRng">3236.68533333333</dst>
            <dst id="HSTNng">3214.41066666667</dst>
            <dst id="IPLSng">7379.21066666667</dst>
            <dst id="KSCYng">2308.31466666667</dst>
            <dst id="LOSAng">33002.488</dst>
            <dst id="NYCMng">8715.072</dst>
            <dst id="SNVAng">3115.20533333333</dst>
            <dst id="STTLng">5467.75466666667</dst>
            <dst id="WASHng">9800.344</dst>
        </src>
        <src id="WASHng">
            <dst id="ATLA-M5">1203.752</dst>
            <dst id="ATLAng">88181.336</dst>
            <dst id="CHINng">83276.784</dst>
            <dst id="DNVRng">66603.392</dst>
            <dst id="HSTNng">36983.72</dst>
            <dst id="IPLSng">51332.7413333333</dst>
            <dst id="KSCYng">13811.9413333333</dst>
            <dst id="LOSAng">119047.242666667</dst>
            <dst id="NYCMng">163890.141333333</dst>
            <dst id="SNVAng">9918.22933333333</dst>
            <dst id="STTLng">27714.3706666667</dst>
            <dst id="WASHng">221597.408</dst>
        </src>
    </IntraTM>
</TrafficMatrixFile>
