<?xml version="1.0" encoding="ISO-8859-1" standalone="yes"?>
<TrafficMatrixFile xsi:noNamespaceSchemaLocation="http://totem.run.montefiore.ulg.ac.be/Schema/TrafficMatrix-v1_2.xsd" xmlns:xsi="http://www.w3.org/2001/XMLSchema-instance">
    <IntraTM ASID="11537">
        <src id="ATLA-M5">
            <dst id="ATLA-M5">0</dst>
            <dst id="ATLAng">26.6666666666667</dst>
            <dst id="CHINng">121.546666666667</dst>
            <dst id="DNVRng">26.6666666666667</dst>
            <dst id="HSTNng">53.3333333333333</dst>
            <dst id="IPLSng">26.6666666666667</dst>
            <dst id="KSCYng">26.6666666666667</dst>
            <dst id="LOSAng">122.636</dst>
            <dst id="NYCMng">26.6666666666667</dst>
            <dst id="SNVAng">24.8973333333333</dst>
            <dst id="STTLng">26.6666666666667</dst>
            <dst id="WASHng">679.088</dst>
        </src>
        <src id="ATLAng">
            <dst id="ATLA-M5">185.917333333333</dst>
            <dst id="ATLAng">43391.84</dst>
            <dst id="CHINng">5592.67466666667</dst>
            <dst id="DNVRng">3282.712</dst>
            <dst id="HSTNng">492.389333333333</dst>
            <dst id="IPLSng">9926.61866666667</dst>
            <dst id="KSCYng">660.976</dst>
            <dst id="LOSAng">15909.6613333333</dst>
            <dst id="NYCMng">4789.61866666667</dst>
            <dst id="SNVAng">56.6506666666667</dst>
            <dst id="STTLng">5670.24266666667</dst>
            <dst id="WASHng">47440.5573333333</dst>
        </src>
        <src id="CHINng">
            <dst id="ATLA-M5">89.68</dst>
            <dst id="ATLAng">40449.8986666667</dst>
            <dst id="CHINng">75291.56</dst>
            <dst id="DNVRng">19535.7946666667</dst>
            <dst id="HSTNng">6778.39466666667</dst>
            <dst id="IPLSng">26490.3493333333</dst>
            <dst id="KSCYng">9152.07733333333</dst>
            <dst id="LOSAng">56218.0026666667</dst>
            <dst id="NYCMng">5332.496</dst>
            <dst id="SNVAng">135.392</dst>
            <dst id="STTLng">13257.0133333333</dst>
            <dst id="WASHng">14274.5946666667</dst>
        </src>
        <src id="DNVRng">
            <dst id="ATLA-M5">40</dst>
            <dst id="ATLAng">5063.42133333333</dst>
            <dst id="CHINng">48286.2106666667</dst>
            <dst id="DNVRng">14277.2426666667</dst>
            <dst id="HSTNng">26120.3146666667</dst>
            <dst id="IPLSng">22423.3813333333</dst>
            <dst id="KSCYng">27439.7226666667</dst>
            <dst id="LOSAng">12086.256</dst>
            <dst id="NYCMng">13396.224</dst>
            <dst id="SNVAng">12307.1226666667</dst>
            <dst id="STTLng">12396.4</dst>
            <dst id="WASHng">37446.9253333333</dst>
        </src>
        <src id="HSTNng">
            <dst id="ATLA-M5">250.154666666667</dst>
            <dst id="ATLAng">5722.09066666667</dst>
            <dst id="CHINng">12576.5493333333</dst>
            <dst id="DNVRng">1324.70133333333</dst>
            <dst id="HSTNng">3832.752</dst>
            <dst id="IPLSng">688.341333333333</dst>
            <dst id="KSCYng">2757.85866666667</dst>
            <dst id="LOSAng">11203.2773333333</dst>
            <dst id="NYCMng">1896.472</dst>
            <dst id="SNVAng">26.6666666666667</dst>
            <dst id="STTLng">3739.56533333333</dst>
            <dst id="WASHng">2732.192</dst>
        </src>
        <src id="IPLSng">
            <dst id="ATLA-M5">26.6666666666667</dst>
            <dst id="ATLAng">10506.8933333333</dst>
            <dst id="CHINng">73171.344</dst>
            <dst id="DNVRng">7195.17066666667</dst>
            <dst id="HSTNng">2249.35466666667</dst>
            <dst id="IPLSng">14141.9093333333</dst>
            <dst id="KSCYng">2654.05333333333</dst>
            <dst id="LOSAng">67361.856</dst>
            <dst id="NYCMng">22791.8453333333</dst>
            <dst id="SNVAng">1493.75733333333</dst>
            <dst id="STTLng">8476.088</dst>
            <dst id="WASHng">22278.5146666667</dst>
        </src>
        <src id="KSCYng">
            <dst id="ATLA-M5">0</dst>
            <dst id="ATLAng">1343.36266666667</dst>
            <dst id="CHINng">14478.5013333333</dst>
            <dst id="DNVRng">14029.0586666667</dst>
            <dst id="HSTNng">3107.21866666667</dst>
            <dst id="IPLSng">12814.9093333333</dst>
            <dst id="KSCYng">12595.488</dst>
            <dst id="LOSAng">10324.3493333333</dst>
            <dst id="NYCMng">4549.24</dst>
            <dst id="SNVAng">176.941333333333</dst>
            <dst id="STTLng">2952.048</dst>
            <dst id="WASHng">7500.66133333333</dst>
        </src>
        <src id="LOSAng">
            <dst id="ATLA-M5">386.530666666667</dst>
            <dst id="ATLAng">52826.6613333333</dst>
            <dst id="CHINng">113028.258666667</dst>
            <dst id="DNVRng">19438.2213333333</dst>
            <dst id="HSTNng">5605.73333333333</dst>
            <dst id="IPLSng">34260.8426666667</dst>
            <dst id="KSCYng">2128.31466666667</dst>
            <dst id="LOSAng">22102.7146666667</dst>
            <dst id="NYCMng">64476.4186666667</dst>
            <dst id="SNVAng">4544.94666666667</dst>
            <dst id="STTLng">43368.8426666667</dst>
            <dst id="WASHng">95275.0186666667</dst>
        </src>
        <src id="NYCMng">
            <dst id="ATLA-M5">689.117333333333</dst>
            <dst id="ATLAng">36824.224</dst>
            <dst id="CHINng">53048.8906666667</dst>
            <dst id="DNVRng">25536.264</dst>
            <dst id="HSTNng">13279.6</dst>
            <dst id="IPLSng">36691.0053333333</dst>
            <dst id="KSCYng">8429.05333333333</dst>
            <dst id="LOSAng">95650.856</dst>
            <dst id="NYCMng">92284.8826666667</dst>
            <dst id="SNVAng">4406.896</dst>
            <dst id="STTLng">26778.8373333333</dst>
            <dst id="WASHng">60217.5146666667</dst>
        </src>
        <src id="SNVAng">
            <dst id="ATLA-M5">0</dst>
            <dst id="ATLAng">0</dst>
            <dst id="CHINng">214.514666666667</dst>
            <dst id="DNVRng">9283.49066666667</dst>
            <dst id="HSTNng">91.008</dst>
            <dst id="IPLSng">14652.824</dst>
            <dst id="KSCYng">102.386666666667</dst>
            <dst id="LOSAng">49772.2293333333</dst>
            <dst id="NYCMng">456.125333333333</dst>
            <dst id="SNVAng">8780.208</dst>
            <dst id="STTLng">28550.2106666667</dst>
            <dst id="WASHng">26.6666666666667</dst>
        </src>
        <src id="STTLng">
            <dst id="ATLA-M5">0</dst>
            <dst id="ATLAng">8800.856</dst>
            <dst id="CHINng">20129.9413333333</dst>
            <dst id="DNVRng">1917.464</dst>
            <dst id="HSTNng">2130.47733333333</dst>
            <dst id="IPLSng">10844.392</dst>
            <dst id="KSCYng">2860.58133333333</dst>
            <dst id="LOSAng">65721.9546666667</dst>
            <dst id="NYCMng">13488.088</dst>
            <dst id="SNVAng">4257.25066666667</dst>
            <dst id="STTLng">4112.30933333333</dst>
            <dst id="WASHng">12760.7146666667</dst>
        </src>
        <src id="WASHng">
            <dst id="ATLA-M5">53.3333333333333</dst>
            <dst id="ATLAng">127922.085333333</dst>
            <dst id="CHINng">87845.7866666667</dst>
            <dst id="DNVRng">56977.9653333333</dst>
            <dst id="HSTNng">15240.456</dst>
            <dst id="IPLSng">42669.016</dst>
            <dst id="KSCYng">21445.1466666667</dst>
            <dst id="LOSAng">127324.682666667</dst>
            <dst id="NYCMng">158848.298666667</dst>
            <dst id="SNVAng">1491.368</dst>
            <dst id="STTLng">44962.6666666667</dst>
            <dst id="WASHng">235933.373333333</dst>
        </src>
    </IntraTM>
</TrafficMatrixFile>
