<?xml version="1.0" encoding="ISO-8859-1" standalone="yes"?>
<TrafficMatrixFile xsi:noNamespaceSchemaLocation="http://totem.run.montefiore.ulg.ac.be/Schema/TrafficMatrix-v1_2.xsd" xmlns:xsi="http://www.w3.org/2001/XMLSchema-instance">
    <IntraTM ASID="11537">
        <src id="ATLA-M5">
            <dst id="ATLA-M5">120.162666666667</dst>
            <dst id="ATLAng">187.954666666667</dst>
            <dst id="CHINng">556.056</dst>
            <dst id="DNVRng">0</dst>
            <dst id="HSTNng">108.370666666667</dst>
            <dst id="IPLSng">53.3333333333333</dst>
            <dst id="KSCYng">111.082666666667</dst>
            <dst id="LOSAng">226.984</dst>
            <dst id="NYCMng">73.808</dst>
            <dst id="SNVAng">0</dst>
            <dst id="STTLng">0</dst>
            <dst id="WASHng">684.28</dst>
        </src>
        <src id="ATLAng">
            <dst id="ATLA-M5">347.661333333333</dst>
            <dst id="ATLAng">62324.8533333333</dst>
            <dst id="CHINng">13118.1413333333</dst>
            <dst id="DNVRng">9012.34933333333</dst>
            <dst id="HSTNng">7045.25333333333</dst>
            <dst id="IPLSng">25719.1413333333</dst>
            <dst id="KSCYng">5990.12533333333</dst>
            <dst id="LOSAng">17290.4613333333</dst>
            <dst id="NYCMng">13934.3893333333</dst>
            <dst id="SNVAng">936.978666666667</dst>
            <dst id="STTLng">4812.88533333333</dst>
            <dst id="WASHng">66565.472</dst>
        </src>
        <src id="CHINng">
            <dst id="ATLA-M5">257.056</dst>
            <dst id="ATLAng">25326.0053333333</dst>
            <dst id="CHINng">177711.418666667</dst>
            <dst id="DNVRng">12814.192</dst>
            <dst id="HSTNng">10406.5173333333</dst>
            <dst id="IPLSng">43844.9973333333</dst>
            <dst id="KSCYng">7004.936</dst>
            <dst id="LOSAng">40544.7226666667</dst>
            <dst id="NYCMng">20827.0746666667</dst>
            <dst id="SNVAng">1560.54133333333</dst>
            <dst id="STTLng">12797.08</dst>
            <dst id="WASHng">34177.5733333333</dst>
        </src>
        <src id="DNVRng">
            <dst id="ATLA-M5">90.7733333333333</dst>
            <dst id="ATLAng">7922.63466666667</dst>
            <dst id="CHINng">83549.432</dst>
            <dst id="DNVRng">11511.1973333333</dst>
            <dst id="HSTNng">26905.648</dst>
            <dst id="IPLSng">24295.7546666667</dst>
            <dst id="KSCYng">23061.08</dst>
            <dst id="LOSAng">13180.0613333333</dst>
            <dst id="NYCMng">12696.496</dst>
            <dst id="SNVAng">22122.912</dst>
            <dst id="STTLng">14243.4426666667</dst>
            <dst id="WASHng">39693.824</dst>
        </src>
        <src id="HSTNng">
            <dst id="ATLA-M5">1795.30933333333</dst>
            <dst id="ATLAng">5495.528</dst>
            <dst id="CHINng">42046.656</dst>
            <dst id="DNVRng">10202.6106666667</dst>
            <dst id="HSTNng">7228.14666666667</dst>
            <dst id="IPLSng">4073.66133333333</dst>
            <dst id="KSCYng">4788.54133333333</dst>
            <dst id="LOSAng">10568.3306666667</dst>
            <dst id="NYCMng">2675.10933333333</dst>
            <dst id="SNVAng">309.381333333333</dst>
            <dst id="STTLng">2415.888</dst>
            <dst id="WASHng">10229.504</dst>
        </src>
        <src id="IPLSng">
            <dst id="ATLA-M5">53.3333333333333</dst>
            <dst id="ATLAng">35001.336</dst>
            <dst id="CHINng">131152.653333333</dst>
            <dst id="DNVRng">12928.9813333333</dst>
            <dst id="HSTNng">11668.2586666667</dst>
            <dst id="IPLSng">21272.48</dst>
            <dst id="KSCYng">12955.752</dst>
            <dst id="LOSAng">30602.9306666667</dst>
            <dst id="NYCMng">44599.12</dst>
            <dst id="SNVAng">1421.41333333333</dst>
            <dst id="STTLng">9772.112</dst>
            <dst id="WASHng">37501.4613333333</dst>
        </src>
        <src id="KSCYng">
            <dst id="ATLA-M5">27.32</dst>
            <dst id="ATLAng">3802.024</dst>
            <dst id="CHINng">21741.1546666667</dst>
            <dst id="DNVRng">13703.7333333333</dst>
            <dst id="HSTNng">5055.59733333333</dst>
            <dst id="IPLSng">16602.2053333333</dst>
            <dst id="KSCYng">7901.09333333333</dst>
            <dst id="LOSAng">6407.096</dst>
            <dst id="NYCMng">7059.18133333333</dst>
            <dst id="SNVAng">8308.97333333333</dst>
            <dst id="STTLng">2117.05866666667</dst>
            <dst id="WASHng">13304.024</dst>
        </src>
        <src id="LOSAng">
            <dst id="ATLA-M5">460.733333333333</dst>
            <dst id="ATLAng">42756.416</dst>
            <dst id="CHINng">179526.914666667</dst>
            <dst id="DNVRng">19785.12</dst>
            <dst id="HSTNng">28095.5413333333</dst>
            <dst id="IPLSng">37288.1173333333</dst>
            <dst id="KSCYng">7372.296</dst>
            <dst id="LOSAng">9366.70933333333</dst>
            <dst id="NYCMng">74848.024</dst>
            <dst id="SNVAng">13264.0666666667</dst>
            <dst id="STTLng">37865.896</dst>
            <dst id="WASHng">111590.930666667</dst>
        </src>
        <src id="NYCMng">
            <dst id="ATLA-M5">430.261333333333</dst>
            <dst id="ATLAng">61878.8666666667</dst>
            <dst id="CHINng">54785.6533333333</dst>
            <dst id="DNVRng">27834.1493333333</dst>
            <dst id="HSTNng">17804.7893333333</dst>
            <dst id="IPLSng">39909.6933333333</dst>
            <dst id="KSCYng">19823.0213333333</dst>
            <dst id="LOSAng">59584.288</dst>
            <dst id="NYCMng">132459.618666667</dst>
            <dst id="SNVAng">2466.72533333333</dst>
            <dst id="STTLng">21523.6053333333</dst>
            <dst id="WASHng">92693.2506666666</dst>
        </src>
        <src id="SNVAng">
            <dst id="ATLA-M5">0</dst>
            <dst id="ATLAng">648.725333333333</dst>
            <dst id="CHINng">3791.57066666667</dst>
            <dst id="DNVRng">24135.28</dst>
            <dst id="HSTNng">101.376</dst>
            <dst id="IPLSng">12133.5813333333</dst>
            <dst id="KSCYng">67.4773333333333</dst>
            <dst id="LOSAng">30165.7466666667</dst>
            <dst id="NYCMng">566.24</dst>
            <dst id="SNVAng">13647.3973333333</dst>
            <dst id="STTLng">19858.7226666667</dst>
            <dst id="WASHng">218.213333333333</dst>
        </src>
        <src id="STTLng">
            <dst id="ATLA-M5">327.413333333333</dst>
            <dst id="ATLAng">14777.7893333333</dst>
            <dst id="CHINng">27321.7493333333</dst>
            <dst id="DNVRng">3249.56533333333</dst>
            <dst id="HSTNng">4771.992</dst>
            <dst id="IPLSng">11383.52</dst>
            <dst id="KSCYng">8562.99733333333</dst>
            <dst id="LOSAng">27379.7786666667</dst>
            <dst id="NYCMng">14428.1493333333</dst>
            <dst id="SNVAng">5801.248</dst>
            <dst id="STTLng">5848.12266666667</dst>
            <dst id="WASHng">20387.1546666667</dst>
        </src>
        <src id="WASHng">
            <dst id="ATLA-M5">650.544</dst>
            <dst id="ATLAng">195410.941333333</dst>
            <dst id="CHINng">114589.072</dst>
            <dst id="DNVRng">66698.424</dst>
            <dst id="HSTNng">21608.624</dst>
            <dst id="IPLSng">92380.944</dst>
            <dst id="KSCYng">23410.4053333333</dst>
            <dst id="LOSAng">112268.037333333</dst>
            <dst id="NYCMng">192897.336</dst>
            <dst id="SNVAng">2114.73333333333</dst>
            <dst id="STTLng">42391.2346666667</dst>
            <dst id="WASHng">437796.64</dst>
        </src>
    </IntraTM>
</TrafficMatrixFile>
