<?xml version="1.0" encoding="ISO-8859-1" standalone="yes"?>
<TrafficMatrixFile xsi:noNamespaceSchemaLocation="http://totem.run.montefiore.ulg.ac.be/Schema/TrafficMatrix-v1_2.xsd" xmlns:xsi="http://www.w3.org/2001/XMLSchema-instance">
    <IntraTM ASID="11537">
        <src id="ATLA-M5">
            <dst id="ATLA-M5">157.258666666667</dst>
            <dst id="ATLAng">297.965333333333</dst>
            <dst id="CHINng">358.373333333333</dst>
            <dst id="DNVRng">26.6666666666667</dst>
            <dst id="HSTNng">290.784</dst>
            <dst id="IPLSng">174.221333333333</dst>
            <dst id="KSCYng">93.952</dst>
            <dst id="LOSAng">1019.816</dst>
            <dst id="NYCMng">1329.56</dst>
            <dst id="SNVAng">0</dst>
            <dst id="STTLng">133.152</dst>
            <dst id="WASHng">764.232</dst>
        </src>
        <src id="ATLAng">
            <dst id="ATLA-M5">231.808</dst>
            <dst id="ATLAng">40650.7333333333</dst>
            <dst id="CHINng">25102.9546666667</dst>
            <dst id="DNVRng">5678.61333333334</dst>
            <dst id="HSTNng">6628.37866666667</dst>
            <dst id="IPLSng">17911.3786666667</dst>
            <dst id="KSCYng">13407.7093333333</dst>
            <dst id="LOSAng">24784.4146666667</dst>
            <dst id="NYCMng">10842.192</dst>
            <dst id="SNVAng">240.278666666667</dst>
            <dst id="STTLng">5802.16266666667</dst>
            <dst id="WASHng">49308.6906666667</dst>
        </src>
        <src id="CHINng">
            <dst id="ATLA-M5">1217.65066666667</dst>
            <dst id="ATLAng">18762.744</dst>
            <dst id="CHINng">138587.690666667</dst>
            <dst id="DNVRng">13533.552</dst>
            <dst id="HSTNng">11853.0773333333</dst>
            <dst id="IPLSng">54631.8693333334</dst>
            <dst id="KSCYng">11550.5226666667</dst>
            <dst id="LOSAng">60332.6373333333</dst>
            <dst id="NYCMng">12565.2426666667</dst>
            <dst id="SNVAng">4255.488</dst>
            <dst id="STTLng">7994.73066666667</dst>
            <dst id="WASHng">36016.2533333333</dst>
        </src>
        <src id="DNVRng">
            <dst id="ATLA-M5">190.176</dst>
            <dst id="ATLAng">19640.1333333333</dst>
            <dst id="CHINng">46684.4986666667</dst>
            <dst id="DNVRng">27686.4053333333</dst>
            <dst id="HSTNng">37704.944</dst>
            <dst id="IPLSng">28124.6613333333</dst>
            <dst id="KSCYng">18232.552</dst>
            <dst id="LOSAng">14698.88</dst>
            <dst id="NYCMng">13805.8453333333</dst>
            <dst id="SNVAng">12057.7093333333</dst>
            <dst id="STTLng">19090.872</dst>
            <dst id="WASHng">30109.312</dst>
        </src>
        <src id="HSTNng">
            <dst id="ATLA-M5">320.328</dst>
            <dst id="ATLAng">4397.91733333333</dst>
            <dst id="CHINng">19112.4026666667</dst>
            <dst id="DNVRng">2747.552</dst>
            <dst id="HSTNng">8913.06666666667</dst>
            <dst id="IPLSng">9820.76533333333</dst>
            <dst id="KSCYng">2368.576</dst>
            <dst id="LOSAng">10916.1386666667</dst>
            <dst id="NYCMng">7785.288</dst>
            <dst id="SNVAng">591.712</dst>
            <dst id="STTLng">1279.22133333333</dst>
            <dst id="WASHng">4708.88533333333</dst>
        </src>
        <src id="IPLSng">
            <dst id="ATLA-M5">2044.4</dst>
            <dst id="ATLAng">13809.072</dst>
            <dst id="CHINng">75138.3706666667</dst>
            <dst id="DNVRng">11491.104</dst>
            <dst id="HSTNng">2493.304</dst>
            <dst id="IPLSng">34510.8133333333</dst>
            <dst id="KSCYng">8311.256</dst>
            <dst id="LOSAng">58650.4533333333</dst>
            <dst id="NYCMng">27125.8693333333</dst>
            <dst id="SNVAng">2172.90666666667</dst>
            <dst id="STTLng">11740.1813333333</dst>
            <dst id="WASHng">38471.4773333333</dst>
        </src>
        <src id="KSCYng">
            <dst id="ATLA-M5">188.789333333333</dst>
            <dst id="ATLAng">8510.67466666667</dst>
            <dst id="CHINng">32102.424</dst>
            <dst id="DNVRng">9071.06133333333</dst>
            <dst id="HSTNng">5677.38933333333</dst>
            <dst id="IPLSng">19554.8133333333</dst>
            <dst id="KSCYng">11681.5733333333</dst>
            <dst id="LOSAng">24731.5626666667</dst>
            <dst id="NYCMng">5731.264</dst>
            <dst id="SNVAng">547.808</dst>
            <dst id="STTLng">2389.82933333333</dst>
            <dst id="WASHng">13927.6026666667</dst>
        </src>
        <src id="LOSAng">
            <dst id="ATLA-M5">1265.37866666667</dst>
            <dst id="ATLAng">28974.8346666667</dst>
            <dst id="CHINng">103808.832</dst>
            <dst id="DNVRng">20372.1626666667</dst>
            <dst id="HSTNng">15222.184</dst>
            <dst id="IPLSng">79110.5253333333</dst>
            <dst id="KSCYng">14145.5733333333</dst>
            <dst id="LOSAng">12617.8746666667</dst>
            <dst id="NYCMng">76580.944</dst>
            <dst id="SNVAng">11135.5733333333</dst>
            <dst id="STTLng">51532.7386666667</dst>
            <dst id="WASHng">109177.125333333</dst>
        </src>
        <src id="NYCMng">
            <dst id="ATLA-M5">1229.81066666667</dst>
            <dst id="ATLAng">67236.552</dst>
            <dst id="CHINng">42373.0533333333</dst>
            <dst id="DNVRng">131349.821333333</dst>
            <dst id="HSTNng">12650.072</dst>
            <dst id="IPLSng">46507.808</dst>
            <dst id="KSCYng">29359.9466666667</dst>
            <dst id="LOSAng">106234.933333333</dst>
            <dst id="NYCMng">127346.728</dst>
            <dst id="SNVAng">5366.464</dst>
            <dst id="STTLng">26571.104</dst>
            <dst id="WASHng">108354.613333333</dst>
        </src>
        <src id="SNVAng">
            <dst id="ATLA-M5">0</dst>
            <dst id="ATLAng">26.6666666666667</dst>
            <dst id="CHINng">2415.09866666667</dst>
            <dst id="DNVRng">2754.81866666667</dst>
            <dst id="HSTNng">418.917333333333</dst>
            <dst id="IPLSng">8027.2</dst>
            <dst id="KSCYng">3287.02933333333</dst>
            <dst id="LOSAng">36473.0693333333</dst>
            <dst id="NYCMng">8353.896</dst>
            <dst id="SNVAng">8601.14133333333</dst>
            <dst id="STTLng">31578.6186666667</dst>
            <dst id="WASHng">94.2453333333333</dst>
        </src>
        <src id="STTLng">
            <dst id="ATLA-M5">168.221333333333</dst>
            <dst id="ATLAng">12915.4426666667</dst>
            <dst id="CHINng">17824.4773333333</dst>
            <dst id="DNVRng">6962.00266666667</dst>
            <dst id="HSTNng">4090.08266666667</dst>
            <dst id="IPLSng">11182.4533333333</dst>
            <dst id="KSCYng">5361.73066666667</dst>
            <dst id="LOSAng">43250.032</dst>
            <dst id="NYCMng">15012.616</dst>
            <dst id="SNVAng">4755.70933333333</dst>
            <dst id="STTLng">6611.38666666667</dst>
            <dst id="WASHng">18896.5413333333</dst>
        </src>
        <src id="WASHng">
            <dst id="ATLA-M5">1171.76</dst>
            <dst id="ATLAng">152144.992</dst>
            <dst id="CHINng">82798.6053333333</dst>
            <dst id="DNVRng">83161.5546666667</dst>
            <dst id="HSTNng">35977.9173333333</dst>
            <dst id="IPLSng">70892.5493333333</dst>
            <dst id="KSCYng">38313.2106666667</dst>
            <dst id="LOSAng">120216.434666667</dst>
            <dst id="NYCMng">144110.04</dst>
            <dst id="SNVAng">11501.8133333333</dst>
            <dst id="STTLng">39278.6773333333</dst>
            <dst id="WASHng">250693.032</dst>
        </src>
    </IntraTM>
</TrafficMatrixFile>
