<?xml version="1.0" encoding="ISO-8859-1" standalone="yes"?>
<TrafficMatrixFile xsi:noNamespaceSchemaLocation="http://totem.run.montefiore.ulg.ac.be/Schema/TrafficMatrix-v1_2.xsd" xmlns:xsi="http://www.w3.org/2001/XMLSchema-instance">
    <IntraTM ASID="11537">
        <src id="ATLA-M5">
            <dst id="ATLA-M5">95.328</dst>
            <dst id="ATLAng">873.626666666667</dst>
            <dst id="CHINng">242.144</dst>
            <dst id="DNVRng">53.3333333333333</dst>
            <dst id="HSTNng">90.648</dst>
            <dst id="IPLSng">0</dst>
            <dst id="KSCYng">100.042666666667</dst>
            <dst id="LOSAng">53.3333333333333</dst>
            <dst id="NYCMng">80</dst>
            <dst id="SNVAng">0</dst>
            <dst id="STTLng">26.6666666666667</dst>
            <dst id="WASHng">1405.17333333333</dst>
        </src>
        <src id="ATLAng">
            <dst id="ATLA-M5">478.144</dst>
            <dst id="ATLAng">27443.6986666667</dst>
            <dst id="CHINng">7868.87733333333</dst>
            <dst id="DNVRng">5220.87733333333</dst>
            <dst id="HSTNng">1359.968</dst>
            <dst id="IPLSng">12365.6533333333</dst>
            <dst id="KSCYng">2602.05333333333</dst>
            <dst id="LOSAng">11550.1266666667</dst>
            <dst id="NYCMng">10812.2586666667</dst>
            <dst id="SNVAng">577.449333333333</dst>
            <dst id="STTLng">5723.78933333333</dst>
            <dst id="WASHng">66703.0533333333</dst>
        </src>
        <src id="CHINng">
            <dst id="ATLA-M5">101.024</dst>
            <dst id="ATLAng">32449.2293333333</dst>
            <dst id="CHINng">120269.082666667</dst>
            <dst id="DNVRng">11003.3466666667</dst>
            <dst id="HSTNng">6242.73333333333</dst>
            <dst id="IPLSng">43234.952</dst>
            <dst id="KSCYng">4909.55733333333</dst>
            <dst id="LOSAng">40430.984</dst>
            <dst id="NYCMng">11608.0933333333</dst>
            <dst id="SNVAng">310.970666666667</dst>
            <dst id="STTLng">6459.61066666666</dst>
            <dst id="WASHng">47283.52</dst>
        </src>
        <src id="DNVRng">
            <dst id="ATLA-M5">293.272</dst>
            <dst id="ATLAng">11003.1786666667</dst>
            <dst id="CHINng">61415.2346666666</dst>
            <dst id="DNVRng">23778.12</dst>
            <dst id="HSTNng">16544.48</dst>
            <dst id="IPLSng">29482.8773333333</dst>
            <dst id="KSCYng">15547.1066666667</dst>
            <dst id="LOSAng">4852.06133333333</dst>
            <dst id="NYCMng">11903.3466666667</dst>
            <dst id="SNVAng">10313.5546666667</dst>
            <dst id="STTLng">7769.184</dst>
            <dst id="WASHng">32524.0186666667</dst>
        </src>
        <src id="HSTNng">
            <dst id="ATLA-M5">2524.27733333333</dst>
            <dst id="ATLAng">3690.62933333333</dst>
            <dst id="CHINng">25989.9413333333</dst>
            <dst id="DNVRng">920.984</dst>
            <dst id="HSTNng">3418.64533333333</dst>
            <dst id="IPLSng">1880.32</dst>
            <dst id="KSCYng">4819.34933333333</dst>
            <dst id="LOSAng">10320.448</dst>
            <dst id="NYCMng">3346.61333333333</dst>
            <dst id="SNVAng">94.64</dst>
            <dst id="STTLng">482.445333333333</dst>
            <dst id="WASHng">2231.624</dst>
        </src>
        <src id="IPLSng">
            <dst id="ATLA-M5">110.386666666667</dst>
            <dst id="ATLAng">14028.232</dst>
            <dst id="CHINng">121595.202666667</dst>
            <dst id="DNVRng">3367.22933333333</dst>
            <dst id="HSTNng">1906.896</dst>
            <dst id="IPLSng">19250.1466666667</dst>
            <dst id="KSCYng">4710.608</dst>
            <dst id="LOSAng">26059.904</dst>
            <dst id="NYCMng">16886.7333333333</dst>
            <dst id="SNVAng">605.84</dst>
            <dst id="STTLng">11203.5813333333</dst>
            <dst id="WASHng">14945.248</dst>
        </src>
        <src id="KSCYng">
            <dst id="ATLA-M5">346.077333333333</dst>
            <dst id="ATLAng">3532.82933333333</dst>
            <dst id="CHINng">36004.7173333333</dst>
            <dst id="DNVRng">8916.21333333333</dst>
            <dst id="HSTNng">2645.98133333333</dst>
            <dst id="IPLSng">15313.5093333333</dst>
            <dst id="KSCYng">8212.09333333333</dst>
            <dst id="LOSAng">6059.064</dst>
            <dst id="NYCMng">5137.47466666667</dst>
            <dst id="SNVAng">46.6933333333333</dst>
            <dst id="STTLng">638.154666666667</dst>
            <dst id="WASHng">9837.232</dst>
        </src>
        <src id="LOSAng">
            <dst id="ATLA-M5">566.72</dst>
            <dst id="ATLAng">45260.864</dst>
            <dst id="CHINng">141831.021333333</dst>
            <dst id="DNVRng">5517.016</dst>
            <dst id="HSTNng">8622.06933333333</dst>
            <dst id="IPLSng">37089.544</dst>
            <dst id="KSCYng">8344.856</dst>
            <dst id="LOSAng">16190.4133333333</dst>
            <dst id="NYCMng">57984.7333333333</dst>
            <dst id="SNVAng">6832.98666666666</dst>
            <dst id="STTLng">36107.0986666667</dst>
            <dst id="WASHng">113774.530666667</dst>
        </src>
        <src id="NYCMng">
            <dst id="ATLA-M5">1042.816</dst>
            <dst id="ATLAng">45094.576</dst>
            <dst id="CHINng">66240.2106666667</dst>
            <dst id="DNVRng">12571.2666666667</dst>
            <dst id="HSTNng">9627.392</dst>
            <dst id="IPLSng">29746.6853333333</dst>
            <dst id="KSCYng">16202.008</dst>
            <dst id="LOSAng">62204.8053333333</dst>
            <dst id="NYCMng">95281.0986666667</dst>
            <dst id="SNVAng">2589.90666666667</dst>
            <dst id="STTLng">21517.8373333333</dst>
            <dst id="WASHng">96662.7066666667</dst>
        </src>
        <src id="SNVAng">
            <dst id="ATLA-M5">0</dst>
            <dst id="ATLAng">431.848</dst>
            <dst id="CHINng">543.869333333333</dst>
            <dst id="DNVRng">5464.208</dst>
            <dst id="HSTNng">145.813333333333</dst>
            <dst id="IPLSng">6059.104</dst>
            <dst id="KSCYng">107.250666666667</dst>
            <dst id="LOSAng">24384.0106666667</dst>
            <dst id="NYCMng">226.730666666667</dst>
            <dst id="SNVAng">10352.2346666667</dst>
            <dst id="STTLng">20973.176</dst>
            <dst id="WASHng">464.413333333333</dst>
        </src>
        <src id="STTLng">
            <dst id="ATLA-M5">236.328</dst>
            <dst id="ATLAng">16229.2133333333</dst>
            <dst id="CHINng">49585.0693333333</dst>
            <dst id="DNVRng">1333.42666666667</dst>
            <dst id="HSTNng">1371.74666666667</dst>
            <dst id="IPLSng">8526.45333333333</dst>
            <dst id="KSCYng">1478.648</dst>
            <dst id="LOSAng">16080.768</dst>
            <dst id="NYCMng">13018.2746666667</dst>
            <dst id="SNVAng">3653.70133333333</dst>
            <dst id="STTLng">5297.32533333333</dst>
            <dst id="WASHng">12761.2986666667</dst>
        </src>
        <src id="WASHng">
            <dst id="ATLA-M5">217.541333333333</dst>
            <dst id="ATLAng">80151.0426666667</dst>
            <dst id="CHINng">93801.7786666667</dst>
            <dst id="DNVRng">46543.84</dst>
            <dst id="HSTNng">13805.056</dst>
            <dst id="IPLSng">38930.312</dst>
            <dst id="KSCYng">11316.7333333333</dst>
            <dst id="LOSAng">114536.784</dst>
            <dst id="NYCMng">137096.421333333</dst>
            <dst id="SNVAng">4958.53333333333</dst>
            <dst id="STTLng">26418.4426666667</dst>
            <dst id="WASHng">315408.08</dst>
        </src>
    </IntraTM>
</TrafficMatrixFile>
