<?xml version="1.0" encoding="ISO-8859-1" standalone="yes"?>
<TrafficMatrixFile xsi:noNamespaceSchemaLocation="http://totem.run.montefiore.ulg.ac.be/Schema/TrafficMatrix-v1_2.xsd" xmlns:xsi="http://www.w3.org/2001/XMLSchema-instance">
    <IntraTM ASID="11537">
        <src id="ATLA-M5">
            <dst id="ATLA-M5">123.157333333333</dst>
            <dst id="ATLAng">971.685333333333</dst>
            <dst id="CHINng">132.048</dst>
            <dst id="DNVRng">0</dst>
            <dst id="HSTNng">75.3733333333333</dst>
            <dst id="IPLSng">202.914666666667</dst>
            <dst id="KSCYng">0</dst>
            <dst id="LOSAng">261.397333333333</dst>
            <dst id="NYCMng">373.877333333333</dst>
            <dst id="SNVAng">0</dst>
            <dst id="STTLng">26.6666666666667</dst>
            <dst id="WASHng">1451.65866666667</dst>
        </src>
        <src id="ATLAng">
            <dst id="ATLA-M5">236.010666666667</dst>
            <dst id="ATLAng">26244.864</dst>
            <dst id="CHINng">11489.848</dst>
            <dst id="DNVRng">8489.45066666667</dst>
            <dst id="HSTNng">2554.86933333333</dst>
            <dst id="IPLSng">10362.784</dst>
            <dst id="KSCYng">1658.15733333333</dst>
            <dst id="LOSAng">11702.432</dst>
            <dst id="NYCMng">10381.6906666667</dst>
            <dst id="SNVAng">416.205333333333</dst>
            <dst id="STTLng">5264.39733333333</dst>
            <dst id="WASHng">75555.6026666667</dst>
        </src>
        <src id="CHINng">
            <dst id="ATLA-M5">543.688</dst>
            <dst id="ATLAng">21908.4133333333</dst>
            <dst id="CHINng">110040.704</dst>
            <dst id="DNVRng">7967.088</dst>
            <dst id="HSTNng">4464.904</dst>
            <dst id="IPLSng">50565.376</dst>
            <dst id="KSCYng">4478.648</dst>
            <dst id="LOSAng">44320.296</dst>
            <dst id="NYCMng">9258.336</dst>
            <dst id="SNVAng">536.130666666667</dst>
            <dst id="STTLng">6016.16533333333</dst>
            <dst id="WASHng">49812.7706666667</dst>
        </src>
        <src id="DNVRng">
            <dst id="ATLA-M5">144.96</dst>
            <dst id="ATLAng">11580.9413333333</dst>
            <dst id="CHINng">68924.5786666667</dst>
            <dst id="DNVRng">22990.352</dst>
            <dst id="HSTNng">15248.76</dst>
            <dst id="IPLSng">28130.0906666667</dst>
            <dst id="KSCYng">15776.6986666667</dst>
            <dst id="LOSAng">18514.5706666667</dst>
            <dst id="NYCMng">13442.3813333333</dst>
            <dst id="SNVAng">9578.05866666667</dst>
            <dst id="STTLng">6547.87733333333</dst>
            <dst id="WASHng">33108.9173333333</dst>
        </src>
        <src id="HSTNng">
            <dst id="ATLA-M5">280.693333333333</dst>
            <dst id="ATLAng">13500.3386666667</dst>
            <dst id="CHINng">15002.3386666667</dst>
            <dst id="DNVRng">932.765333333333</dst>
            <dst id="HSTNng">4971.112</dst>
            <dst id="IPLSng">1010.78133333333</dst>
            <dst id="KSCYng">4869.55466666667</dst>
            <dst id="LOSAng">8773.376</dst>
            <dst id="NYCMng">3613.43733333333</dst>
            <dst id="SNVAng">87.232</dst>
            <dst id="STTLng">1246.608</dst>
            <dst id="WASHng">2847.17066666667</dst>
        </src>
        <src id="IPLSng">
            <dst id="ATLA-M5">123.666666666667</dst>
            <dst id="ATLAng">14325.9546666667</dst>
            <dst id="CHINng">96318.792</dst>
            <dst id="DNVRng">3452.11466666667</dst>
            <dst id="HSTNng">2543.17066666667</dst>
            <dst id="IPLSng">10696.168</dst>
            <dst id="KSCYng">12053.8266666667</dst>
            <dst id="LOSAng">23110.1413333333</dst>
            <dst id="NYCMng">21380.76</dst>
            <dst id="SNVAng">486.832</dst>
            <dst id="STTLng">10891.536</dst>
            <dst id="WASHng">23060.8213333333</dst>
        </src>
        <src id="KSCYng">
            <dst id="ATLA-M5">320.976</dst>
            <dst id="ATLAng">3560.98933333333</dst>
            <dst id="CHINng">32095.4693333333</dst>
            <dst id="DNVRng">8703.53066666667</dst>
            <dst id="HSTNng">3600.63466666667</dst>
            <dst id="IPLSng">12047.08</dst>
            <dst id="KSCYng">12155.888</dst>
            <dst id="LOSAng">4532.744</dst>
            <dst id="NYCMng">5539.45866666667</dst>
            <dst id="SNVAng">737.002666666667</dst>
            <dst id="STTLng">1910.816</dst>
            <dst id="WASHng">7118.608</dst>
        </src>
        <src id="LOSAng">
            <dst id="ATLA-M5">480.808</dst>
            <dst id="ATLAng">23809.9466666667</dst>
            <dst id="CHINng">144917.917333333</dst>
            <dst id="DNVRng">5826.93866666667</dst>
            <dst id="HSTNng">8861.984</dst>
            <dst id="IPLSng">37729.9306666667</dst>
            <dst id="KSCYng">3876.93866666667</dst>
            <dst id="LOSAng">17020.5173333333</dst>
            <dst id="NYCMng">49964.152</dst>
            <dst id="SNVAng">7990.11466666667</dst>
            <dst id="STTLng">36494.0373333333</dst>
            <dst id="WASHng">125535.666666667</dst>
        </src>
        <src id="NYCMng">
            <dst id="ATLA-M5">284.533333333333</dst>
            <dst id="ATLAng">44724.6026666667</dst>
            <dst id="CHINng">62105.5493333333</dst>
            <dst id="DNVRng">20153.9946666667</dst>
            <dst id="HSTNng">8089.712</dst>
            <dst id="IPLSng">34375.192</dst>
            <dst id="KSCYng">20060.6746666667</dst>
            <dst id="LOSAng">63596.608</dst>
            <dst id="NYCMng">102508.2</dst>
            <dst id="SNVAng">2742.96</dst>
            <dst id="STTLng">20054.336</dst>
            <dst id="WASHng">93473.9333333333</dst>
        </src>
        <src id="SNVAng">
            <dst id="ATLA-M5">0</dst>
            <dst id="ATLAng">382.786666666667</dst>
            <dst id="CHINng">539.058666666667</dst>
            <dst id="DNVRng">15972.52</dst>
            <dst id="HSTNng">67.5626666666667</dst>
            <dst id="IPLSng">8651.38933333333</dst>
            <dst id="KSCYng">157.909333333333</dst>
            <dst id="LOSAng">24797.9413333333</dst>
            <dst id="NYCMng">291.594666666667</dst>
            <dst id="SNVAng">10830.992</dst>
            <dst id="STTLng">20669.432</dst>
            <dst id="WASHng">254.882666666667</dst>
        </src>
        <src id="STTLng">
            <dst id="ATLA-M5">401.104</dst>
            <dst id="ATLAng">12880.6666666667</dst>
            <dst id="CHINng">49890.0266666667</dst>
            <dst id="DNVRng">1413.01866666667</dst>
            <dst id="HSTNng">1419.08533333333</dst>
            <dst id="IPLSng">10499.0693333333</dst>
            <dst id="KSCYng">1761.49066666667</dst>
            <dst id="LOSAng">15710.3093333333</dst>
            <dst id="NYCMng">12903.32</dst>
            <dst id="SNVAng">1655.84533333333</dst>
            <dst id="STTLng">5116.76</dst>
            <dst id="WASHng">13268.0266666667</dst>
        </src>
        <src id="WASHng">
            <dst id="ATLA-M5">286.317333333333</dst>
            <dst id="ATLAng">105129.533333333</dst>
            <dst id="CHINng">118373.077333333</dst>
            <dst id="DNVRng">47636.4426666667</dst>
            <dst id="HSTNng">20231.4266666667</dst>
            <dst id="IPLSng">29395.3466666667</dst>
            <dst id="KSCYng">8934.69333333333</dst>
            <dst id="LOSAng">109833.096</dst>
            <dst id="NYCMng">136530.434666667</dst>
            <dst id="SNVAng">4612.83733333333</dst>
            <dst id="STTLng">28414.6373333333</dst>
            <dst id="WASHng">295242.746666667</dst>
        </src>
    </IntraTM>
</TrafficMatrixFile>
