<?xml version="1.0" encoding="ISO-8859-1" standalone="yes"?>
<TrafficMatrixFile xsi:noNamespaceSchemaLocation="http://totem.run.montefiore.ulg.ac.be/Schema/TrafficMatrix-v1_2.xsd" xmlns:xsi="http://www.w3.org/2001/XMLSchema-instance">
    <IntraTM ASID="11537">
        <src id="ATLA-M5">
            <dst id="ATLA-M5">36.36</dst>
            <dst id="ATLAng">230.496</dst>
            <dst id="CHINng">139.493333333333</dst>
            <dst id="DNVRng">0</dst>
            <dst id="HSTNng">147.776</dst>
            <dst id="IPLSng">0</dst>
            <dst id="KSCYng">488.581333333333</dst>
            <dst id="LOSAng">268.330666666667</dst>
            <dst id="NYCMng">26.6666666666667</dst>
            <dst id="SNVAng">13.3333333333333</dst>
            <dst id="STTLng">0</dst>
            <dst id="WASHng">161.504</dst>
        </src>
        <src id="ATLAng">
            <dst id="ATLA-M5">301.189333333333</dst>
            <dst id="ATLAng">29667.4053333333</dst>
            <dst id="CHINng">10446.4133333333</dst>
            <dst id="DNVRng">4586.36</dst>
            <dst id="HSTNng">2488.14666666667</dst>
            <dst id="IPLSng">11810.6293333333</dst>
            <dst id="KSCYng">1440.912</dst>
            <dst id="LOSAng">23271.172</dst>
            <dst id="NYCMng">6700.01866666667</dst>
            <dst id="SNVAng">86.644</dst>
            <dst id="STTLng">9338.21866666666</dst>
            <dst id="WASHng">31079.8986666667</dst>
        </src>
        <src id="CHINng">
            <dst id="ATLA-M5">390.309333333333</dst>
            <dst id="ATLAng">32305.88</dst>
            <dst id="CHINng">61125.7253333333</dst>
            <dst id="DNVRng">17001.976</dst>
            <dst id="HSTNng">6411.624</dst>
            <dst id="IPLSng">42621.3946666667</dst>
            <dst id="KSCYng">6445.30933333333</dst>
            <dst id="LOSAng">56118.0106666667</dst>
            <dst id="NYCMng">5801.77866666667</dst>
            <dst id="SNVAng">469.685333333333</dst>
            <dst id="STTLng">12861.3466666667</dst>
            <dst id="WASHng">18937.6773333333</dst>
        </src>
        <src id="DNVRng">
            <dst id="ATLA-M5">181.290666666667</dst>
            <dst id="ATLAng">2365.66133333333</dst>
            <dst id="CHINng">41910.296</dst>
            <dst id="DNVRng">11135.8133333333</dst>
            <dst id="HSTNng">26144.2853333333</dst>
            <dst id="IPLSng">22143.96</dst>
            <dst id="KSCYng">18485.2853333333</dst>
            <dst id="LOSAng">46293.3546666667</dst>
            <dst id="NYCMng">7410.88266666667</dst>
            <dst id="SNVAng">7128.01333333333</dst>
            <dst id="STTLng">13693.696</dst>
            <dst id="WASHng">32950.448</dst>
        </src>
        <src id="HSTNng">
            <dst id="ATLA-M5">2331.936</dst>
            <dst id="ATLAng">20887.2506666667</dst>
            <dst id="CHINng">12333.0773333333</dst>
            <dst id="DNVRng">2452.784</dst>
            <dst id="HSTNng">9292.12</dst>
            <dst id="IPLSng">1147.78133333333</dst>
            <dst id="KSCYng">1272.55466666667</dst>
            <dst id="LOSAng">4224.67466666667</dst>
            <dst id="NYCMng">1653.02933333333</dst>
            <dst id="SNVAng">0</dst>
            <dst id="STTLng">3784.96533333333</dst>
            <dst id="WASHng">1574.192</dst>
        </src>
        <src id="IPLSng">
            <dst id="ATLA-M5">312.333333333333</dst>
            <dst id="ATLAng">23377.4346666667</dst>
            <dst id="CHINng">57348.0853333333</dst>
            <dst id="DNVRng">3682.352</dst>
            <dst id="HSTNng">2431.44</dst>
            <dst id="IPLSng">15023.1893333333</dst>
            <dst id="KSCYng">3071.64266666667</dst>
            <dst id="LOSAng">54472.544</dst>
            <dst id="NYCMng">23444.832</dst>
            <dst id="SNVAng">310.037333333333</dst>
            <dst id="STTLng">12567.6186666667</dst>
            <dst id="WASHng">7421.184</dst>
        </src>
        <src id="KSCYng">
            <dst id="ATLA-M5">344.437333333333</dst>
            <dst id="ATLAng">2061.34666666667</dst>
            <dst id="CHINng">14213.5466666667</dst>
            <dst id="DNVRng">14898.4906666667</dst>
            <dst id="HSTNng">5590.67733333333</dst>
            <dst id="IPLSng">17232.312</dst>
            <dst id="KSCYng">13272.584</dst>
            <dst id="LOSAng">8196.48266666667</dst>
            <dst id="NYCMng">2197.67733333333</dst>
            <dst id="SNVAng">709.442666666667</dst>
            <dst id="STTLng">1275.984</dst>
            <dst id="WASHng">10438.2266666667</dst>
        </src>
        <src id="LOSAng">
            <dst id="ATLA-M5">818.522666666667</dst>
            <dst id="ATLAng">76088.3013333334</dst>
            <dst id="CHINng">82510.424</dst>
            <dst id="DNVRng">9429.68266666667</dst>
            <dst id="HSTNng">8582.776</dst>
            <dst id="IPLSng">57167.2586666667</dst>
            <dst id="KSCYng">3424.64</dst>
            <dst id="LOSAng">24367.504</dst>
            <dst id="NYCMng">69909.7413333333</dst>
            <dst id="SNVAng">9777.09866666666</dst>
            <dst id="STTLng">40190.3946666667</dst>
            <dst id="WASHng">110342.216</dst>
        </src>
        <src id="NYCMng">
            <dst id="ATLA-M5">349.610666666667</dst>
            <dst id="ATLAng">39183.5226666667</dst>
            <dst id="CHINng">38505.7973333333</dst>
            <dst id="DNVRng">25098.688</dst>
            <dst id="HSTNng">7116.59466666667</dst>
            <dst id="IPLSng">20287.8533333333</dst>
            <dst id="KSCYng">7608.064</dst>
            <dst id="LOSAng">79935.3546666667</dst>
            <dst id="NYCMng">90533.288</dst>
            <dst id="SNVAng">1551.49866666667</dst>
            <dst id="STTLng">28457.104</dst>
            <dst id="WASHng">66846.4186666667</dst>
        </src>
        <src id="SNVAng">
            <dst id="ATLA-M5">0</dst>
            <dst id="ATLAng">85.504</dst>
            <dst id="CHINng">115.741333333333</dst>
            <dst id="DNVRng">4557.296</dst>
            <dst id="HSTNng">121.010666666667</dst>
            <dst id="IPLSng">6278.424</dst>
            <dst id="KSCYng">58.2613333333333</dst>
            <dst id="LOSAng">27392.0186666667</dst>
            <dst id="NYCMng">453.333333333333</dst>
            <dst id="SNVAng">9318.984</dst>
            <dst id="STTLng">28828.1013333333</dst>
            <dst id="WASHng">53.3333333333333</dst>
        </src>
        <src id="STTLng">
            <dst id="ATLA-M5">58.8906666666667</dst>
            <dst id="ATLAng">7894.57066666667</dst>
            <dst id="CHINng">16747.2613333333</dst>
            <dst id="DNVRng">2314.05066666667</dst>
            <dst id="HSTNng">2368.01866666667</dst>
            <dst id="IPLSng">7290.232</dst>
            <dst id="KSCYng">2104.944</dst>
            <dst id="LOSAng">35407.608</dst>
            <dst id="NYCMng">10399.8906666667</dst>
            <dst id="SNVAng">5552.264</dst>
            <dst id="STTLng">5072.39466666667</dst>
            <dst id="WASHng">11613.4346666667</dst>
        </src>
        <src id="WASHng">
            <dst id="ATLA-M5">53.3333333333333</dst>
            <dst id="ATLAng">87430.408</dst>
            <dst id="CHINng">74685.4533333333</dst>
            <dst id="DNVRng">55312.0826666667</dst>
            <dst id="HSTNng">13423.12</dst>
            <dst id="IPLSng">56056.4</dst>
            <dst id="KSCYng">9473.544</dst>
            <dst id="LOSAng">134176.392</dst>
            <dst id="NYCMng">200035.808</dst>
            <dst id="SNVAng">888.024</dst>
            <dst id="STTLng">38732.1893333333</dst>
            <dst id="WASHng">182670.261333333</dst>
        </src>
    </IntraTM>
</TrafficMatrixFile>
