<?xml version="1.0" encoding="ISO-8859-1" standalone="yes"?>
<TrafficMatrixFile xsi:noNamespaceSchemaLocation="http://totem.run.montefiore.ulg.ac.be/Schema/TrafficMatrix-v1_2.xsd" xmlns:xsi="http://www.w3.org/2001/XMLSchema-instance">
    <IntraTM ASID="11537">
        <src id="ATLA-M5">
            <dst id="ATLA-M5">0</dst>
            <dst id="ATLAng">160</dst>
            <dst id="CHINng">849.042666666667</dst>
            <dst id="DNVRng">0</dst>
            <dst id="HSTNng">69.472</dst>
            <dst id="IPLSng">0</dst>
            <dst id="KSCYng">26.6666666666667</dst>
            <dst id="LOSAng">96.952</dst>
            <dst id="NYCMng">83.3786666666667</dst>
            <dst id="SNVAng">0</dst>
            <dst id="STTLng">38.4106666666667</dst>
            <dst id="WASHng">1043.98666666667</dst>
        </src>
        <src id="ATLAng">
            <dst id="ATLA-M5">101.837333333333</dst>
            <dst id="ATLAng">38045.1093333333</dst>
            <dst id="CHINng">4043.77066666667</dst>
            <dst id="DNVRng">7908.50133333333</dst>
            <dst id="HSTNng">1713.10133333333</dst>
            <dst id="IPLSng">8908.24266666667</dst>
            <dst id="KSCYng">1031.35466666667</dst>
            <dst id="LOSAng">13241.832</dst>
            <dst id="NYCMng">5973.32533333333</dst>
            <dst id="SNVAng">369.272</dst>
            <dst id="STTLng">3753.632</dst>
            <dst id="WASHng">48159.8106666667</dst>
        </src>
        <src id="CHINng">
            <dst id="ATLA-M5">95.2533333333333</dst>
            <dst id="ATLAng">33508.5333333333</dst>
            <dst id="CHINng">102575.224</dst>
            <dst id="DNVRng">10651.4453333333</dst>
            <dst id="HSTNng">2539.52266666667</dst>
            <dst id="IPLSng">17629.456</dst>
            <dst id="KSCYng">4824.472</dst>
            <dst id="LOSAng">45306.432</dst>
            <dst id="NYCMng">5403.37866666667</dst>
            <dst id="SNVAng">222.176</dst>
            <dst id="STTLng">6562.89066666666</dst>
            <dst id="WASHng">19859.472</dst>
        </src>
        <src id="DNVRng">
            <dst id="ATLA-M5">149.866666666667</dst>
            <dst id="ATLAng">4592.65333333333</dst>
            <dst id="CHINng">42057.9333333333</dst>
            <dst id="DNVRng">2045.08</dst>
            <dst id="HSTNng">10660.016</dst>
            <dst id="IPLSng">15483.608</dst>
            <dst id="KSCYng">7402.50133333333</dst>
            <dst id="LOSAng">5633.80266666667</dst>
            <dst id="NYCMng">8592.17866666666</dst>
            <dst id="SNVAng">5789.30933333333</dst>
            <dst id="STTLng">3912.448</dst>
            <dst id="WASHng">29289.84</dst>
        </src>
        <src id="HSTNng">
            <dst id="ATLA-M5">2305.98666666667</dst>
            <dst id="ATLAng">2820.68</dst>
            <dst id="CHINng">17322.856</dst>
            <dst id="DNVRng">791.664</dst>
            <dst id="HSTNng">2176.32</dst>
            <dst id="IPLSng">1636.984</dst>
            <dst id="KSCYng">1023.65866666667</dst>
            <dst id="LOSAng">4921.86666666667</dst>
            <dst id="NYCMng">2363.88</dst>
            <dst id="SNVAng">53.3333333333333</dst>
            <dst id="STTLng">1977.72</dst>
            <dst id="WASHng">3843.58133333333</dst>
        </src>
        <src id="IPLSng">
            <dst id="ATLA-M5">0</dst>
            <dst id="ATLAng">14430.7893333333</dst>
            <dst id="CHINng">67545.4426666667</dst>
            <dst id="DNVRng">2343.28533333333</dst>
            <dst id="HSTNng">2472.27466666667</dst>
            <dst id="IPLSng">7686.80533333333</dst>
            <dst id="KSCYng">2972.72266666667</dst>
            <dst id="LOSAng">35382.2693333333</dst>
            <dst id="NYCMng">14801.7466666667</dst>
            <dst id="SNVAng">3948.26133333333</dst>
            <dst id="STTLng">12605.624</dst>
            <dst id="WASHng">14843.4106666667</dst>
        </src>
        <src id="KSCYng">
            <dst id="ATLA-M5">0</dst>
            <dst id="ATLAng">1579.656</dst>
            <dst id="CHINng">20665.168</dst>
            <dst id="DNVRng">6416.26666666667</dst>
            <dst id="HSTNng">3081.95733333333</dst>
            <dst id="IPLSng">6318.09866666667</dst>
            <dst id="KSCYng">4079.912</dst>
            <dst id="LOSAng">6768.90933333333</dst>
            <dst id="NYCMng">5558.76533333333</dst>
            <dst id="SNVAng">1127.26133333333</dst>
            <dst id="STTLng">1718.69333333333</dst>
            <dst id="WASHng">4219.63733333333</dst>
        </src>
        <src id="LOSAng">
            <dst id="ATLA-M5">451.552</dst>
            <dst id="ATLAng">40825.9386666667</dst>
            <dst id="CHINng">124324.704</dst>
            <dst id="DNVRng">5154.72266666667</dst>
            <dst id="HSTNng">7646.65866666667</dst>
            <dst id="IPLSng">15617.3333333333</dst>
            <dst id="KSCYng">3023.25066666667</dst>
            <dst id="LOSAng">16219.12</dst>
            <dst id="NYCMng">59831.4346666667</dst>
            <dst id="SNVAng">5553.56</dst>
            <dst id="STTLng">40198.3786666667</dst>
            <dst id="WASHng">96973.5413333333</dst>
        </src>
        <src id="NYCMng">
            <dst id="ATLA-M5">340.656</dst>
            <dst id="ATLAng">45274.32</dst>
            <dst id="CHINng">37847.7493333333</dst>
            <dst id="DNVRng">89676.1093333333</dst>
            <dst id="HSTNng">4348.70933333333</dst>
            <dst id="IPLSng">25854.3013333333</dst>
            <dst id="KSCYng">5907.17333333333</dst>
            <dst id="LOSAng">56684.0026666667</dst>
            <dst id="NYCMng">127136.970666667</dst>
            <dst id="SNVAng">2584.44266666667</dst>
            <dst id="STTLng">28658.6426666667</dst>
            <dst id="WASHng">53685.7573333333</dst>
        </src>
        <src id="SNVAng">
            <dst id="ATLA-M5">0</dst>
            <dst id="ATLAng">80</dst>
            <dst id="CHINng">770.378666666667</dst>
            <dst id="DNVRng">278.669333333333</dst>
            <dst id="HSTNng">225.333333333333</dst>
            <dst id="IPLSng">1045.304</dst>
            <dst id="KSCYng">113.789333333333</dst>
            <dst id="LOSAng">27321.744</dst>
            <dst id="NYCMng">245.386666666667</dst>
            <dst id="SNVAng">7911.77866666667</dst>
            <dst id="STTLng">18817.4533333333</dst>
            <dst id="WASHng">0</dst>
        </src>
        <src id="STTLng">
            <dst id="ATLA-M5">140.181333333333</dst>
            <dst id="ATLAng">10573.0693333333</dst>
            <dst id="CHINng">44118.6426666667</dst>
            <dst id="DNVRng">699.986666666667</dst>
            <dst id="HSTNng">1213.44533333333</dst>
            <dst id="IPLSng">5319.74666666667</dst>
            <dst id="KSCYng">841.6</dst>
            <dst id="LOSAng">21048.864</dst>
            <dst id="NYCMng">9171.40266666667</dst>
            <dst id="SNVAng">2202.85066666667</dst>
            <dst id="STTLng">1888.46666666667</dst>
            <dst id="WASHng">10502.9386666667</dst>
        </src>
        <src id="WASHng">
            <dst id="ATLA-M5">176.426666666667</dst>
            <dst id="ATLAng">80563.1893333333</dst>
            <dst id="CHINng">80361.2773333333</dst>
            <dst id="DNVRng">59558.6106666667</dst>
            <dst id="HSTNng">2549.02933333333</dst>
            <dst id="IPLSng">35534.4533333333</dst>
            <dst id="KSCYng">5696.03466666667</dst>
            <dst id="LOSAng">117762.186666667</dst>
            <dst id="NYCMng">121911.624</dst>
            <dst id="SNVAng">568.546666666667</dst>
            <dst id="STTLng">30602.072</dst>
            <dst id="WASHng">269145.733333333</dst>
        </src>
    </IntraTM>
</TrafficMatrixFile>
