<?xml version="1.0" encoding="ISO-8859-1" standalone="yes"?>
<TrafficMatrixFile xsi:noNamespaceSchemaLocation="http://totem.run.montefiore.ulg.ac.be/Schema/TrafficMatrix-v1_2.xsd" xmlns:xsi="http://www.w3.org/2001/XMLSchema-instance">
    <IntraTM ASID="11537">
        <src id="ATLA-M5">
            <dst id="ATLA-M5">0</dst>
            <dst id="ATLAng">52.0533333333333</dst>
            <dst id="CHINng">27.424</dst>
            <dst id="DNVRng">26.6666666666667</dst>
            <dst id="HSTNng">70.608</dst>
            <dst id="IPLSng">0</dst>
            <dst id="KSCYng">26.6666666666667</dst>
            <dst id="LOSAng">247.672</dst>
            <dst id="NYCMng">324.442666666667</dst>
            <dst id="SNVAng">0</dst>
            <dst id="STTLng">26.6666666666667</dst>
            <dst id="WASHng">2431.136</dst>
        </src>
        <src id="ATLAng">
            <dst id="ATLA-M5">1731.74666666667</dst>
            <dst id="ATLAng">37388.4666666667</dst>
            <dst id="CHINng">8971.70133333333</dst>
            <dst id="DNVRng">7551.66933333333</dst>
            <dst id="HSTNng">904.338666666667</dst>
            <dst id="IPLSng">13487.4906666667</dst>
            <dst id="KSCYng">800.010666666667</dst>
            <dst id="LOSAng">13719.992</dst>
            <dst id="NYCMng">4641.52</dst>
            <dst id="SNVAng">345.72</dst>
            <dst id="STTLng">5398.84533333333</dst>
            <dst id="WASHng">67625.52</dst>
        </src>
        <src id="CHINng">
            <dst id="ATLA-M5">666.338666666667</dst>
            <dst id="ATLAng">38752.7573333333</dst>
            <dst id="CHINng">100280.384</dst>
            <dst id="DNVRng">15732.7173333333</dst>
            <dst id="HSTNng">6762.15466666667</dst>
            <dst id="IPLSng">16408.4826666667</dst>
            <dst id="KSCYng">14315.9973333333</dst>
            <dst id="LOSAng">60838.728</dst>
            <dst id="NYCMng">5716.57333333333</dst>
            <dst id="SNVAng">274.618666666667</dst>
            <dst id="STTLng">6486.43466666667</dst>
            <dst id="WASHng">8380.93066666667</dst>
        </src>
        <src id="DNVRng">
            <dst id="ATLA-M5">193.92</dst>
            <dst id="ATLAng">5202.864</dst>
            <dst id="CHINng">53980.968</dst>
            <dst id="DNVRng">11368.5093333333</dst>
            <dst id="HSTNng">20669.8506666667</dst>
            <dst id="IPLSng">25584.8506666667</dst>
            <dst id="KSCYng">26493.9653333333</dst>
            <dst id="LOSAng">17090.2213333333</dst>
            <dst id="NYCMng">8484.23733333333</dst>
            <dst id="SNVAng">10508.5706666667</dst>
            <dst id="STTLng">11158.752</dst>
            <dst id="WASHng">41231.944</dst>
        </src>
        <src id="HSTNng">
            <dst id="ATLA-M5">3121.408</dst>
            <dst id="ATLAng">10574.56</dst>
            <dst id="CHINng">13866.0346666667</dst>
            <dst id="DNVRng">795.837333333333</dst>
            <dst id="HSTNng">2409.84</dst>
            <dst id="IPLSng">1371.61866666667</dst>
            <dst id="KSCYng">1685.07733333333</dst>
            <dst id="LOSAng">7595.62666666667</dst>
            <dst id="NYCMng">3390.89866666667</dst>
            <dst id="SNVAng">0</dst>
            <dst id="STTLng">863.314666666667</dst>
            <dst id="WASHng">2573.552</dst>
        </src>
        <src id="IPLSng">
            <dst id="ATLA-M5">26.6666666666667</dst>
            <dst id="ATLAng">9336.864</dst>
            <dst id="CHINng">78244.0373333334</dst>
            <dst id="DNVRng">2046.71466666667</dst>
            <dst id="HSTNng">1150.8</dst>
            <dst id="IPLSng">8591.02666666667</dst>
            <dst id="KSCYng">2718.32266666667</dst>
            <dst id="LOSAng">50078.544</dst>
            <dst id="NYCMng">23689.2213333333</dst>
            <dst id="SNVAng">410.192</dst>
            <dst id="STTLng">8689.52</dst>
            <dst id="WASHng">6253.05333333333</dst>
        </src>
        <src id="KSCYng">
            <dst id="ATLA-M5">0</dst>
            <dst id="ATLAng">1220.85066666667</dst>
            <dst id="CHINng">18498.624</dst>
            <dst id="DNVRng">15845.544</dst>
            <dst id="HSTNng">6180.64</dst>
            <dst id="IPLSng">7813.248</dst>
            <dst id="KSCYng">6685.48533333333</dst>
            <dst id="LOSAng">4636.592</dst>
            <dst id="NYCMng">3687.28533333333</dst>
            <dst id="SNVAng">1155.40533333333</dst>
            <dst id="STTLng">3802.15466666667</dst>
            <dst id="WASHng">3976.47733333333</dst>
        </src>
        <src id="LOSAng">
            <dst id="ATLA-M5">297.666666666667</dst>
            <dst id="ATLAng">39777.2826666667</dst>
            <dst id="CHINng">126634.578666667</dst>
            <dst id="DNVRng">11513.4773333333</dst>
            <dst id="HSTNng">3639.44266666667</dst>
            <dst id="IPLSng">21832.9093333333</dst>
            <dst id="KSCYng">3038.424</dst>
            <dst id="LOSAng">28426.1093333333</dst>
            <dst id="NYCMng">63160.5946666667</dst>
            <dst id="SNVAng">6019.03733333333</dst>
            <dst id="STTLng">34703.9893333333</dst>
            <dst id="WASHng">88399.3493333333</dst>
        </src>
        <src id="NYCMng">
            <dst id="ATLA-M5">207.925333333333</dst>
            <dst id="ATLAng">33239.8826666667</dst>
            <dst id="CHINng">50175.5946666667</dst>
            <dst id="DNVRng">27035.2666666667</dst>
            <dst id="HSTNng">3338.83466666667</dst>
            <dst id="IPLSng">16575.3493333333</dst>
            <dst id="KSCYng">4390.11733333333</dst>
            <dst id="LOSAng">100673.021333333</dst>
            <dst id="NYCMng">109602.784</dst>
            <dst id="SNVAng">1608.12</dst>
            <dst id="STTLng">25667.224</dst>
            <dst id="WASHng">34746.96</dst>
        </src>
        <src id="SNVAng">
            <dst id="ATLA-M5">0</dst>
            <dst id="ATLAng">56.2266666666667</dst>
            <dst id="CHINng">493.717333333333</dst>
            <dst id="DNVRng">1016.768</dst>
            <dst id="HSTNng">128.064</dst>
            <dst id="IPLSng">913.325333333333</dst>
            <dst id="KSCYng">86.3226666666666</dst>
            <dst id="LOSAng">43678.2826666667</dst>
            <dst id="NYCMng">347.573333333333</dst>
            <dst id="SNVAng">9246.85866666667</dst>
            <dst id="STTLng">23986.672</dst>
            <dst id="WASHng">26.6666666666667</dst>
        </src>
        <src id="STTLng">
            <dst id="ATLA-M5">33.3706666666667</dst>
            <dst id="ATLAng">8342.18933333333</dst>
            <dst id="CHINng">26138.352</dst>
            <dst id="DNVRng">921.349333333333</dst>
            <dst id="HSTNng">1516.78933333333</dst>
            <dst id="IPLSng">4874.73866666667</dst>
            <dst id="KSCYng">1338.61066666667</dst>
            <dst id="LOSAng">26936.9813333333</dst>
            <dst id="NYCMng">9758.968</dst>
            <dst id="SNVAng">2723.29066666667</dst>
            <dst id="STTLng">1910.28</dst>
            <dst id="WASHng">3441.31733333333</dst>
        </src>
        <src id="WASHng">
            <dst id="ATLA-M5">124.930666666667</dst>
            <dst id="ATLAng">85263.5333333333</dst>
            <dst id="CHINng">78900.5733333333</dst>
            <dst id="DNVRng">60594.192</dst>
            <dst id="HSTNng">33285.2266666667</dst>
            <dst id="IPLSng">30652.544</dst>
            <dst id="KSCYng">15865.312</dst>
            <dst id="LOSAng">117922.802666667</dst>
            <dst id="NYCMng">138083.744</dst>
            <dst id="SNVAng">551.581333333333</dst>
            <dst id="STTLng">28465.0533333333</dst>
            <dst id="WASHng">274485.866666667</dst>
        </src>
    </IntraTM>
</TrafficMatrixFile>
