<?xml version="1.0" encoding="ISO-8859-1" standalone="yes"?>
<TrafficMatrixFile xsi:noNamespaceSchemaLocation="http://totem.run.montefiore.ulg.ac.be/Schema/TrafficMatrix-v1_2.xsd" xmlns:xsi="http://www.w3.org/2001/XMLSchema-instance">
    <IntraTM ASID="11537">
        <src id="ATLA-M5">
            <dst id="ATLA-M5">44</dst>
            <dst id="ATLAng">45.44</dst>
            <dst id="CHINng">226.101333333333</dst>
            <dst id="DNVRng">26.6666666666667</dst>
            <dst id="HSTNng">96.8666666666666</dst>
            <dst id="IPLSng">53.3333333333333</dst>
            <dst id="KSCYng">1337.224</dst>
            <dst id="LOSAng">393.898666666667</dst>
            <dst id="NYCMng">26.6666666666667</dst>
            <dst id="SNVAng">0</dst>
            <dst id="STTLng">931.669333333333</dst>
            <dst id="WASHng">162.88</dst>
        </src>
        <src id="ATLAng">
            <dst id="ATLA-M5">100.445333333333</dst>
            <dst id="ATLAng">42175.352</dst>
            <dst id="CHINng">6305.15466666667</dst>
            <dst id="DNVRng">4771.73066666667</dst>
            <dst id="HSTNng">5401.71733333333</dst>
            <dst id="IPLSng">13707.7866666667</dst>
            <dst id="KSCYng">2722.93066666667</dst>
            <dst id="LOSAng">16043.3133333333</dst>
            <dst id="NYCMng">4451.78933333333</dst>
            <dst id="SNVAng">195.513333333333</dst>
            <dst id="STTLng">5163.26133333333</dst>
            <dst id="WASHng">33622.84</dst>
        </src>
        <src id="CHINng">
            <dst id="ATLA-M5">106.997333333333</dst>
            <dst id="ATLAng">28297.7786666667</dst>
            <dst id="CHINng">167920.296</dst>
            <dst id="DNVRng">13909.96</dst>
            <dst id="HSTNng">4899.752</dst>
            <dst id="IPLSng">67426.6533333333</dst>
            <dst id="KSCYng">5379.76533333333</dst>
            <dst id="LOSAng">48596.5733333333</dst>
            <dst id="NYCMng">11832.104</dst>
            <dst id="SNVAng">580.274666666667</dst>
            <dst id="STTLng">6464.54933333333</dst>
            <dst id="WASHng">12163.608</dst>
        </src>
        <src id="DNVRng">
            <dst id="ATLA-M5">141.546666666667</dst>
            <dst id="ATLAng">17444.264</dst>
            <dst id="CHINng">45020.6026666667</dst>
            <dst id="DNVRng">7775.176</dst>
            <dst id="HSTNng">21574.808</dst>
            <dst id="IPLSng">25904.112</dst>
            <dst id="KSCYng">19341.2826666667</dst>
            <dst id="LOSAng">6531.69866666667</dst>
            <dst id="NYCMng">9470.82933333333</dst>
            <dst id="SNVAng">17372.7546666667</dst>
            <dst id="STTLng">19190.4106666667</dst>
            <dst id="WASHng">30627.592</dst>
        </src>
        <src id="HSTNng">
            <dst id="ATLA-M5">3539.63466666667</dst>
            <dst id="ATLAng">34758.7066666667</dst>
            <dst id="CHINng">13356.168</dst>
            <dst id="DNVRng">2721.22666666667</dst>
            <dst id="HSTNng">3245.984</dst>
            <dst id="IPLSng">1709.45866666667</dst>
            <dst id="KSCYng">1418.184</dst>
            <dst id="LOSAng">16341.0373333333</dst>
            <dst id="NYCMng">2100.008</dst>
            <dst id="SNVAng">0</dst>
            <dst id="STTLng">1297.624</dst>
            <dst id="WASHng">4239.96533333333</dst>
        </src>
        <src id="IPLSng">
            <dst id="ATLA-M5">66.016</dst>
            <dst id="ATLAng">14021.7786666667</dst>
            <dst id="CHINng">52682.9813333333</dst>
            <dst id="DNVRng">4034.04</dst>
            <dst id="HSTNng">2068.288</dst>
            <dst id="IPLSng">23545.0346666667</dst>
            <dst id="KSCYng">3444.02933333333</dst>
            <dst id="LOSAng">49468.9706666667</dst>
            <dst id="NYCMng">26427.304</dst>
            <dst id="SNVAng">598.261333333333</dst>
            <dst id="STTLng">19626.3386666667</dst>
            <dst id="WASHng">17480.5573333333</dst>
        </src>
        <src id="KSCYng">
            <dst id="ATLA-M5">609.858666666667</dst>
            <dst id="ATLAng">5773.42133333333</dst>
            <dst id="CHINng">31228.0213333333</dst>
            <dst id="DNVRng">14846.5786666667</dst>
            <dst id="HSTNng">5191.01333333333</dst>
            <dst id="IPLSng">11123.808</dst>
            <dst id="KSCYng">5799.52266666667</dst>
            <dst id="LOSAng">5909.608</dst>
            <dst id="NYCMng">3495.76533333333</dst>
            <dst id="SNVAng">1290.528</dst>
            <dst id="STTLng">1336.84266666667</dst>
            <dst id="WASHng">8341.87466666666</dst>
        </src>
        <src id="LOSAng">
            <dst id="ATLA-M5">85.768</dst>
            <dst id="ATLAng">16674.0293333333</dst>
            <dst id="CHINng">90441.736</dst>
            <dst id="DNVRng">6919.84533333333</dst>
            <dst id="HSTNng">12038.768</dst>
            <dst id="IPLSng">50363.5546666667</dst>
            <dst id="KSCYng">6327.58933333333</dst>
            <dst id="LOSAng">15092.3173333333</dst>
            <dst id="NYCMng">99346.952</dst>
            <dst id="SNVAng">9354.72266666667</dst>
            <dst id="STTLng">51759.0586666667</dst>
            <dst id="WASHng">101169.957333333</dst>
        </src>
        <src id="NYCMng">
            <dst id="ATLA-M5">372.973333333333</dst>
            <dst id="ATLAng">42635.7546666667</dst>
            <dst id="CHINng">37671.5146666667</dst>
            <dst id="DNVRng">118367.386666667</dst>
            <dst id="HSTNng">9889.44266666667</dst>
            <dst id="IPLSng">44372.9146666667</dst>
            <dst id="KSCYng">9000.55733333333</dst>
            <dst id="LOSAng">92644.696</dst>
            <dst id="NYCMng">71566.616</dst>
            <dst id="SNVAng">2009.27466666667</dst>
            <dst id="STTLng">28064.136</dst>
            <dst id="WASHng">59154.1226666667</dst>
        </src>
        <src id="SNVAng">
            <dst id="ATLA-M5">0</dst>
            <dst id="ATLAng">26.6666666666667</dst>
            <dst id="CHINng">171.162666666667</dst>
            <dst id="DNVRng">6439.04266666667</dst>
            <dst id="HSTNng">30.9013333333333</dst>
            <dst id="IPLSng">565.552</dst>
            <dst id="KSCYng">16307.8853333333</dst>
            <dst id="LOSAng">34634.976</dst>
            <dst id="NYCMng">457.530666666667</dst>
            <dst id="SNVAng">8298.93066666667</dst>
            <dst id="STTLng">23282.192</dst>
            <dst id="WASHng">26.6666666666667</dst>
        </src>
        <src id="STTLng">
            <dst id="ATLA-M5">377.522666666667</dst>
            <dst id="ATLAng">9677.42666666667</dst>
            <dst id="CHINng">17854.5973333333</dst>
            <dst id="DNVRng">1815.38933333333</dst>
            <dst id="HSTNng">4450.25066666667</dst>
            <dst id="IPLSng">6125.664</dst>
            <dst id="KSCYng">2295.14666666667</dst>
            <dst id="LOSAng">22306.528</dst>
            <dst id="NYCMng">7538.03733333333</dst>
            <dst id="SNVAng">2399.25066666667</dst>
            <dst id="STTLng">4429.14666666667</dst>
            <dst id="WASHng">6083.70666666667</dst>
        </src>
        <src id="WASHng">
            <dst id="ATLA-M5">949.925333333333</dst>
            <dst id="ATLAng">81646.3893333333</dst>
            <dst id="CHINng">79220.1146666667</dst>
            <dst id="DNVRng">62668.0906666667</dst>
            <dst id="HSTNng">26274.7333333333</dst>
            <dst id="IPLSng">44427.376</dst>
            <dst id="KSCYng">18098.048</dst>
            <dst id="LOSAng">123669.594666667</dst>
            <dst id="NYCMng">148027.997333333</dst>
            <dst id="SNVAng">6330.93866666667</dst>
            <dst id="STTLng">30390.6293333333</dst>
            <dst id="WASHng">198347.784</dst>
        </src>
    </IntraTM>
</TrafficMatrixFile>
