<?xml version="1.0" encoding="ISO-8859-1" standalone="yes"?>
<TrafficMatrixFile xsi:noNamespaceSchemaLocation="http://totem.run.montefiore.ulg.ac.be/Schema/TrafficMatrix-v1_2.xsd" xmlns:xsi="http://www.w3.org/2001/XMLSchema-instance">
    <IntraTM ASID="11537">
        <src id="ATLA-M5">
            <dst id="ATLA-M5">26.6666666666667</dst>
            <dst id="ATLAng">56.5653333333333</dst>
            <dst id="CHINng">149.386666666667</dst>
            <dst id="DNVRng">0</dst>
            <dst id="HSTNng">89.8506666666667</dst>
            <dst id="IPLSng">394.96</dst>
            <dst id="KSCYng">0</dst>
            <dst id="LOSAng">137.786666666667</dst>
            <dst id="NYCMng">228.576</dst>
            <dst id="SNVAng">0</dst>
            <dst id="STTLng">26.6666666666667</dst>
            <dst id="WASHng">1841.32266666667</dst>
        </src>
        <src id="ATLAng">
            <dst id="ATLA-M5">1587.608</dst>
            <dst id="ATLAng">39253.5226666667</dst>
            <dst id="CHINng">6942.23733333333</dst>
            <dst id="DNVRng">7476.21866666667</dst>
            <dst id="HSTNng">768.216</dst>
            <dst id="IPLSng">11335.648</dst>
            <dst id="KSCYng">498.173333333333</dst>
            <dst id="LOSAng">10404.8866666667</dst>
            <dst id="NYCMng">5093.96533333333</dst>
            <dst id="SNVAng">176.06</dst>
            <dst id="STTLng">3672.66666666667</dst>
            <dst id="WASHng">48491.28</dst>
        </src>
        <src id="CHINng">
            <dst id="ATLA-M5">100.618666666667</dst>
            <dst id="ATLAng">47288.7706666667</dst>
            <dst id="CHINng">107718.802666667</dst>
            <dst id="DNVRng">9986.53333333333</dst>
            <dst id="HSTNng">5714.60266666667</dst>
            <dst id="IPLSng">15640.4266666667</dst>
            <dst id="KSCYng">8617.13333333333</dst>
            <dst id="LOSAng">62275.9413333333</dst>
            <dst id="NYCMng">4306.976</dst>
            <dst id="SNVAng">177.754666666667</dst>
            <dst id="STTLng">6368.09866666667</dst>
            <dst id="WASHng">12835.224</dst>
        </src>
        <src id="DNVRng">
            <dst id="ATLA-M5">114.88</dst>
            <dst id="ATLAng">5906.57066666667</dst>
            <dst id="CHINng">50810.8986666667</dst>
            <dst id="DNVRng">11887.4906666667</dst>
            <dst id="HSTNng">19311.8133333333</dst>
            <dst id="IPLSng">22400.4773333333</dst>
            <dst id="KSCYng">24526.0293333333</dst>
            <dst id="LOSAng">15935.632</dst>
            <dst id="NYCMng">11599.3466666667</dst>
            <dst id="SNVAng">12557.9493333333</dst>
            <dst id="STTLng">8527.65333333333</dst>
            <dst id="WASHng">41205.5066666667</dst>
        </src>
        <src id="HSTNng">
            <dst id="ATLA-M5">3206.94933333333</dst>
            <dst id="ATLAng">13741.4053333333</dst>
            <dst id="CHINng">18925.544</dst>
            <dst id="DNVRng">848.338666666667</dst>
            <dst id="HSTNng">1990.2</dst>
            <dst id="IPLSng">1472.92</dst>
            <dst id="KSCYng">1669.49066666667</dst>
            <dst id="LOSAng">8433.46133333333</dst>
            <dst id="NYCMng">2245.98933333333</dst>
            <dst id="SNVAng">0</dst>
            <dst id="STTLng">1924.664</dst>
            <dst id="WASHng">2244.648</dst>
        </src>
        <src id="IPLSng">
            <dst id="ATLA-M5">66.9626666666666</dst>
            <dst id="ATLAng">10751.4106666667</dst>
            <dst id="CHINng">65057.6266666667</dst>
            <dst id="DNVRng">2347.13866666667</dst>
            <dst id="HSTNng">1203.8</dst>
            <dst id="IPLSng">17617.816</dst>
            <dst id="KSCYng">3756.61066666667</dst>
            <dst id="LOSAng">45484.584</dst>
            <dst id="NYCMng">21371.4826666667</dst>
            <dst id="SNVAng">244.789333333333</dst>
            <dst id="STTLng">12009.64</dst>
            <dst id="WASHng">5255.192</dst>
        </src>
        <src id="KSCYng">
            <dst id="ATLA-M5">0</dst>
            <dst id="ATLAng">1668.19466666667</dst>
            <dst id="CHINng">16986.152</dst>
            <dst id="DNVRng">16037.6773333333</dst>
            <dst id="HSTNng">4228.32</dst>
            <dst id="IPLSng">6293.04533333333</dst>
            <dst id="KSCYng">3950.10133333333</dst>
            <dst id="LOSAng">4653.96</dst>
            <dst id="NYCMng">6150.4</dst>
            <dst id="SNVAng">1098.576</dst>
            <dst id="STTLng">3861.52533333333</dst>
            <dst id="WASHng">4280.816</dst>
        </src>
        <src id="LOSAng">
            <dst id="ATLA-M5">671.050666666667</dst>
            <dst id="ATLAng">41904.3786666667</dst>
            <dst id="CHINng">106959.018666667</dst>
            <dst id="DNVRng">7592.384</dst>
            <dst id="HSTNng">4047.696</dst>
            <dst id="IPLSng">20576.0853333333</dst>
            <dst id="KSCYng">2654.06933333333</dst>
            <dst id="LOSAng">26949.7253333333</dst>
            <dst id="NYCMng">57294.3333333334</dst>
            <dst id="SNVAng">4818.88266666667</dst>
            <dst id="STTLng">38567.968</dst>
            <dst id="WASHng">89047.6266666667</dst>
        </src>
        <src id="NYCMng">
            <dst id="ATLA-M5">172.885333333333</dst>
            <dst id="ATLAng">29193.872</dst>
            <dst id="CHINng">40579.1946666667</dst>
            <dst id="DNVRng">24979.8293333333</dst>
            <dst id="HSTNng">5847.384</dst>
            <dst id="IPLSng">20840.8853333333</dst>
            <dst id="KSCYng">5700.00266666667</dst>
            <dst id="LOSAng">103112.32</dst>
            <dst id="NYCMng">135425.504</dst>
            <dst id="SNVAng">2239.32266666667</dst>
            <dst id="STTLng">22819.3066666667</dst>
            <dst id="WASHng">35287.224</dst>
        </src>
        <src id="SNVAng">
            <dst id="ATLA-M5">0</dst>
            <dst id="ATLAng">53.3333333333333</dst>
            <dst id="CHINng">263.701333333333</dst>
            <dst id="DNVRng">2171.46933333333</dst>
            <dst id="HSTNng">133.333333333333</dst>
            <dst id="IPLSng">4218.11733333333</dst>
            <dst id="KSCYng">69.96</dst>
            <dst id="LOSAng">42457.216</dst>
            <dst id="NYCMng">288.704</dst>
            <dst id="SNVAng">9218.93066666667</dst>
            <dst id="STTLng">26363.2373333333</dst>
            <dst id="WASHng">0</dst>
        </src>
        <src id="STTLng">
            <dst id="ATLA-M5">26.6666666666667</dst>
            <dst id="ATLAng">8857.144</dst>
            <dst id="CHINng">29959.2906666667</dst>
            <dst id="DNVRng">854.333333333333</dst>
            <dst id="HSTNng">976.082666666666</dst>
            <dst id="IPLSng">2609.768</dst>
            <dst id="KSCYng">3317.08266666667</dst>
            <dst id="LOSAng">25072.984</dst>
            <dst id="NYCMng">6671.44266666667</dst>
            <dst id="SNVAng">2926.384</dst>
            <dst id="STTLng">1450.54133333333</dst>
            <dst id="WASHng">3876.57333333333</dst>
        </src>
        <src id="WASHng">
            <dst id="ATLA-M5">829.653333333333</dst>
            <dst id="ATLAng">71527.416</dst>
            <dst id="CHINng">86409.1386666667</dst>
            <dst id="DNVRng">68574.3066666667</dst>
            <dst id="HSTNng">19118.28</dst>
            <dst id="IPLSng">23257.424</dst>
            <dst id="KSCYng">14205.6026666667</dst>
            <dst id="LOSAng">118016.688</dst>
            <dst id="NYCMng">121120.453333333</dst>
            <dst id="SNVAng">2526.872</dst>
            <dst id="STTLng">34963.176</dst>
            <dst id="WASHng">314409.36</dst>
        </src>
    </IntraTM>
</TrafficMatrixFile>
