<?xml version="1.0" encoding="ISO-8859-1" standalone="yes"?>
<TrafficMatrixFile xsi:noNamespaceSchemaLocation="http://totem.run.montefiore.ulg.ac.be/Schema/TrafficMatrix-v1_2.xsd" xmlns:xsi="http://www.w3.org/2001/XMLSchema-instance">
    <IntraTM ASID="11537">
        <src id="ATLA-M5">
            <dst id="ATLA-M5">0</dst>
            <dst id="ATLAng">53.3333333333333</dst>
            <dst id="CHINng">257.730666666667</dst>
            <dst id="DNVRng">53.3333333333333</dst>
            <dst id="HSTNng">53.3333333333333</dst>
            <dst id="IPLSng">0</dst>
            <dst id="KSCYng">26.6666666666667</dst>
            <dst id="LOSAng">53.3333333333333</dst>
            <dst id="NYCMng">69.952</dst>
            <dst id="SNVAng">0</dst>
            <dst id="STTLng">26.6666666666667</dst>
            <dst id="WASHng">500.589333333333</dst>
        </src>
        <src id="ATLAng">
            <dst id="ATLA-M5">101.432</dst>
            <dst id="ATLAng">28712.3733333333</dst>
            <dst id="CHINng">6475.40533333333</dst>
            <dst id="DNVRng">3623.29866666667</dst>
            <dst id="HSTNng">506.218666666667</dst>
            <dst id="IPLSng">10981.6026666667</dst>
            <dst id="KSCYng">916.677333333333</dst>
            <dst id="LOSAng">19106.968</dst>
            <dst id="NYCMng">6574.36</dst>
            <dst id="SNVAng">408.730666666667</dst>
            <dst id="STTLng">4621.6</dst>
            <dst id="WASHng">17921.4346666667</dst>
        </src>
        <src id="CHINng">
            <dst id="ATLA-M5">199.290666666667</dst>
            <dst id="ATLAng">14921.7466666667</dst>
            <dst id="CHINng">153751.170666667</dst>
            <dst id="DNVRng">19782.896</dst>
            <dst id="HSTNng">4507.14133333333</dst>
            <dst id="IPLSng">86315.4026666666</dst>
            <dst id="KSCYng">4495.29866666667</dst>
            <dst id="LOSAng">58489.7946666667</dst>
            <dst id="NYCMng">9054.79733333333</dst>
            <dst id="SNVAng">273.922666666667</dst>
            <dst id="STTLng">6633.72266666667</dst>
            <dst id="WASHng">17340.2986666667</dst>
        </src>
        <src id="DNVRng">
            <dst id="ATLA-M5">30.2826666666667</dst>
            <dst id="ATLAng">10501.0666666667</dst>
            <dst id="CHINng">48998.8906666667</dst>
            <dst id="DNVRng">26201.8613333333</dst>
            <dst id="HSTNng">16329.6213333333</dst>
            <dst id="IPLSng">25050.0533333333</dst>
            <dst id="KSCYng">11357.8026666667</dst>
            <dst id="LOSAng">4419.66933333333</dst>
            <dst id="NYCMng">10964.7866666667</dst>
            <dst id="SNVAng">6410.46666666667</dst>
            <dst id="STTLng">4289.09866666667</dst>
            <dst id="WASHng">26564.96</dst>
        </src>
        <src id="HSTNng">
            <dst id="ATLA-M5">1313.55733333333</dst>
            <dst id="ATLAng">3266.56</dst>
            <dst id="CHINng">9167.73333333333</dst>
            <dst id="DNVRng">1122.18133333333</dst>
            <dst id="HSTNng">5842.63733333333</dst>
            <dst id="IPLSng">210.568</dst>
            <dst id="KSCYng">1158.96</dst>
            <dst id="LOSAng">11374.9013333333</dst>
            <dst id="NYCMng">5565.21066666667</dst>
            <dst id="SNVAng">0</dst>
            <dst id="STTLng">982.722666666667</dst>
            <dst id="WASHng">5283.57066666667</dst>
        </src>
        <src id="IPLSng">
            <dst id="ATLA-M5">26.6666666666667</dst>
            <dst id="ATLAng">9966.248</dst>
            <dst id="CHINng">60913.9013333333</dst>
            <dst id="DNVRng">4908.74133333333</dst>
            <dst id="HSTNng">997.005333333333</dst>
            <dst id="IPLSng">33181.9146666667</dst>
            <dst id="KSCYng">4703.344</dst>
            <dst id="LOSAng">68051.2506666667</dst>
            <dst id="NYCMng">27915.248</dst>
            <dst id="SNVAng">445.986666666667</dst>
            <dst id="STTLng">11277.3146666667</dst>
            <dst id="WASHng">21910.8906666667</dst>
        </src>
        <src id="KSCYng">
            <dst id="ATLA-M5">140.373333333333</dst>
            <dst id="ATLAng">1558.2</dst>
            <dst id="CHINng">17405.296</dst>
            <dst id="DNVRng">16602.168</dst>
            <dst id="HSTNng">3179.144</dst>
            <dst id="IPLSng">9604.98133333333</dst>
            <dst id="KSCYng">2503.46666666667</dst>
            <dst id="LOSAng">32396.672</dst>
            <dst id="NYCMng">2979.73866666667</dst>
            <dst id="SNVAng">26.6666666666667</dst>
            <dst id="STTLng">2229.688</dst>
            <dst id="WASHng">13153.016</dst>
        </src>
        <src id="LOSAng">
            <dst id="ATLA-M5">26.6666666666667</dst>
            <dst id="ATLAng">17086.4666666667</dst>
            <dst id="CHINng">86245.7066666667</dst>
            <dst id="DNVRng">14280.2106666667</dst>
            <dst id="HSTNng">8772.74666666667</dst>
            <dst id="IPLSng">46830.304</dst>
            <dst id="KSCYng">6483.96266666667</dst>
            <dst id="LOSAng">23222.2986666667</dst>
            <dst id="NYCMng">102915.930666667</dst>
            <dst id="SNVAng">13294.4213333333</dst>
            <dst id="STTLng">54636.6426666667</dst>
            <dst id="WASHng">94755.432</dst>
        </src>
        <src id="NYCMng">
            <dst id="ATLA-M5">912.584</dst>
            <dst id="ATLAng">31346.624</dst>
            <dst id="CHINng">59544.7546666667</dst>
            <dst id="DNVRng">117736.792</dst>
            <dst id="HSTNng">10355.8933333333</dst>
            <dst id="IPLSng">49993.8026666667</dst>
            <dst id="KSCYng">11639.5733333333</dst>
            <dst id="LOSAng">87708.9653333333</dst>
            <dst id="NYCMng">73983.248</dst>
            <dst id="SNVAng">989.48</dst>
            <dst id="STTLng">28119.432</dst>
            <dst id="WASHng">93160.7786666667</dst>
        </src>
        <src id="SNVAng">
            <dst id="ATLA-M5">0</dst>
            <dst id="ATLAng">128.426666666667</dst>
            <dst id="CHINng">361.074666666667</dst>
            <dst id="DNVRng">6246.89333333333</dst>
            <dst id="HSTNng">2018.66666666667</dst>
            <dst id="IPLSng">8103.65866666667</dst>
            <dst id="KSCYng">26.6666666666667</dst>
            <dst id="LOSAng">37357.5893333333</dst>
            <dst id="NYCMng">439.397333333333</dst>
            <dst id="SNVAng">10127.9866666667</dst>
            <dst id="STTLng">29892.52</dst>
            <dst id="WASHng">80</dst>
        </src>
        <src id="STTLng">
            <dst id="ATLA-M5">26.6666666666667</dst>
            <dst id="ATLAng">9385.30933333333</dst>
            <dst id="CHINng">13117.232</dst>
            <dst id="DNVRng">3075.496</dst>
            <dst id="HSTNng">1512.592</dst>
            <dst id="IPLSng">5809.128</dst>
            <dst id="KSCYng">2837.35733333333</dst>
            <dst id="LOSAng">29980.2453333333</dst>
            <dst id="NYCMng">8503.208</dst>
            <dst id="SNVAng">3423.016</dst>
            <dst id="STTLng">1408.82933333333</dst>
            <dst id="WASHng">11252.624</dst>
        </src>
        <src id="WASHng">
            <dst id="ATLA-M5">3336.14666666667</dst>
            <dst id="ATLAng">88664.6133333333</dst>
            <dst id="CHINng">75729.64</dst>
            <dst id="DNVRng">45200.9706666667</dst>
            <dst id="HSTNng">31786.6293333333</dst>
            <dst id="IPLSng">73447.28</dst>
            <dst id="KSCYng">8476.45066666667</dst>
            <dst id="LOSAng">126131.666666667</dst>
            <dst id="NYCMng">129813.584</dst>
            <dst id="SNVAng">4188.344</dst>
            <dst id="STTLng">42496.6426666667</dst>
            <dst id="WASHng">269609.226666667</dst>
        </src>
    </IntraTM>
</TrafficMatrixFile>
