<?xml version="1.0" encoding="ISO-8859-1" standalone="yes"?>
<TrafficMatrixFile xsi:noNamespaceSchemaLocation="http://totem.run.montefiore.ulg.ac.be/Schema/TrafficMatrix-v1_2.xsd" xmlns:xsi="http://www.w3.org/2001/XMLSchema-instance">
    <IntraTM ASID="11537">
        <src id="ATLA-M5">
            <dst id="ATLA-M5">0</dst>
            <dst id="ATLAng">273.861333333333</dst>
            <dst id="CHINng">55.952</dst>
            <dst id="DNVRng">0</dst>
            <dst id="HSTNng">131.074666666667</dst>
            <dst id="IPLSng">112.397333333333</dst>
            <dst id="KSCYng">271.109333333333</dst>
            <dst id="LOSAng">180.426666666667</dst>
            <dst id="NYCMng">0</dst>
            <dst id="SNVAng">0</dst>
            <dst id="STTLng">161.666666666667</dst>
            <dst id="WASHng">405.333333333333</dst>
        </src>
        <src id="ATLAng">
            <dst id="ATLA-M5">269.402666666667</dst>
            <dst id="ATLAng">31809.88</dst>
            <dst id="CHINng">12698.736</dst>
            <dst id="DNVRng">10146.872</dst>
            <dst id="HSTNng">1806.31733333333</dst>
            <dst id="IPLSng">12386.288</dst>
            <dst id="KSCYng">1647.464</dst>
            <dst id="LOSAng">15710.9266666667</dst>
            <dst id="NYCMng">6883.01333333334</dst>
            <dst id="SNVAng">113.684</dst>
            <dst id="STTLng">7599.29333333333</dst>
            <dst id="WASHng">30588.1173333333</dst>
        </src>
        <src id="CHINng">
            <dst id="ATLA-M5">645.109333333333</dst>
            <dst id="ATLAng">25677.2613333333</dst>
            <dst id="CHINng">67940.064</dst>
            <dst id="DNVRng">18048.8693333333</dst>
            <dst id="HSTNng">7460.69066666667</dst>
            <dst id="IPLSng">42752.768</dst>
            <dst id="KSCYng">4972.264</dst>
            <dst id="LOSAng">65905.6746666667</dst>
            <dst id="NYCMng">6939.28266666667</dst>
            <dst id="SNVAng">846.002666666667</dst>
            <dst id="STTLng">13619.76</dst>
            <dst id="WASHng">22843.456</dst>
        </src>
        <src id="DNVRng">
            <dst id="ATLA-M5">74.88</dst>
            <dst id="ATLAng">5559.816</dst>
            <dst id="CHINng">43740.1066666667</dst>
            <dst id="DNVRng">9017.152</dst>
            <dst id="HSTNng">25040.1946666667</dst>
            <dst id="IPLSng">19272.9706666667</dst>
            <dst id="KSCYng">18238.192</dst>
            <dst id="LOSAng">50775.9173333333</dst>
            <dst id="NYCMng">8607.56533333333</dst>
            <dst id="SNVAng">8090.75733333333</dst>
            <dst id="STTLng">12694.632</dst>
            <dst id="WASHng">41432.7253333333</dst>
        </src>
        <src id="HSTNng">
            <dst id="ATLA-M5">1997.21066666667</dst>
            <dst id="ATLAng">16989.264</dst>
            <dst id="CHINng">10822.2133333333</dst>
            <dst id="DNVRng">3422.29066666667</dst>
            <dst id="HSTNng">11450.976</dst>
            <dst id="IPLSng">1740.696</dst>
            <dst id="KSCYng">951.869333333334</dst>
            <dst id="LOSAng">5027.54933333333</dst>
            <dst id="NYCMng">1472.51733333333</dst>
            <dst id="SNVAng">26.6666666666667</dst>
            <dst id="STTLng">1954.744</dst>
            <dst id="WASHng">1425.304</dst>
        </src>
        <src id="IPLSng">
            <dst id="ATLA-M5">32.208</dst>
            <dst id="ATLAng">26249.0613333333</dst>
            <dst id="CHINng">58514.7893333333</dst>
            <dst id="DNVRng">3330.12266666667</dst>
            <dst id="HSTNng">3107.96</dst>
            <dst id="IPLSng">8160.472</dst>
            <dst id="KSCYng">2131.64533333333</dst>
            <dst id="LOSAng">44405.7813333333</dst>
            <dst id="NYCMng">26049.1173333333</dst>
            <dst id="SNVAng">1187.13333333333</dst>
            <dst id="STTLng">16891.0293333333</dst>
            <dst id="WASHng">7991.84266666667</dst>
        </src>
        <src id="KSCYng">
            <dst id="ATLA-M5">700.984</dst>
            <dst id="ATLAng">2760.14133333333</dst>
            <dst id="CHINng">15972.736</dst>
            <dst id="DNVRng">14378.16</dst>
            <dst id="HSTNng">5409.98666666667</dst>
            <dst id="IPLSng">13334.3146666667</dst>
            <dst id="KSCYng">10107.2746666667</dst>
            <dst id="LOSAng">8439.544</dst>
            <dst id="NYCMng">3874.336</dst>
            <dst id="SNVAng">588.794666666667</dst>
            <dst id="STTLng">2776.93333333333</dst>
            <dst id="WASHng">12538.4506666667</dst>
        </src>
        <src id="LOSAng">
            <dst id="ATLA-M5">737.92</dst>
            <dst id="ATLAng">24825.2746666667</dst>
            <dst id="CHINng">96514.2266666667</dst>
            <dst id="DNVRng">15866.0613333333</dst>
            <dst id="HSTNng">20221.32</dst>
            <dst id="IPLSng">31036.12</dst>
            <dst id="KSCYng">2586.01866666667</dst>
            <dst id="LOSAng">19688.6586666667</dst>
            <dst id="NYCMng">78177.016</dst>
            <dst id="SNVAng">9990.376</dst>
            <dst id="STTLng">41354.6506666667</dst>
            <dst id="WASHng">97713.056</dst>
        </src>
        <src id="NYCMng">
            <dst id="ATLA-M5">148.498666666667</dst>
            <dst id="ATLAng">36711.4186666667</dst>
            <dst id="CHINng">36579.1946666667</dst>
            <dst id="DNVRng">26858.496</dst>
            <dst id="HSTNng">7624.42666666667</dst>
            <dst id="IPLSng">26704.536</dst>
            <dst id="KSCYng">7976.58666666667</dst>
            <dst id="LOSAng">79336.6773333333</dst>
            <dst id="NYCMng">86896.9653333333</dst>
            <dst id="SNVAng">2306.91733333333</dst>
            <dst id="STTLng">25033.1413333333</dst>
            <dst id="WASHng">65293.9386666667</dst>
        </src>
        <src id="SNVAng">
            <dst id="ATLA-M5">0</dst>
            <dst id="ATLAng">87.3093333333333</dst>
            <dst id="CHINng">234</dst>
            <dst id="DNVRng">19056.4906666667</dst>
            <dst id="HSTNng">359.061333333333</dst>
            <dst id="IPLSng">6356.66933333334</dst>
            <dst id="KSCYng">99.2666666666667</dst>
            <dst id="LOSAng">25516.8106666667</dst>
            <dst id="NYCMng">353.872</dst>
            <dst id="SNVAng">8702.08533333333</dst>
            <dst id="STTLng">24486.128</dst>
            <dst id="WASHng">80</dst>
        </src>
        <src id="STTLng">
            <dst id="ATLA-M5">26.6666666666667</dst>
            <dst id="ATLAng">9609.95733333333</dst>
            <dst id="CHINng">15590.232</dst>
            <dst id="DNVRng">2977.208</dst>
            <dst id="HSTNng">2678.18666666667</dst>
            <dst id="IPLSng">11903.568</dst>
            <dst id="KSCYng">3312.84</dst>
            <dst id="LOSAng">36530.1066666667</dst>
            <dst id="NYCMng">11617.48</dst>
            <dst id="SNVAng">4894.40266666667</dst>
            <dst id="STTLng">5281.28266666667</dst>
            <dst id="WASHng">8403.248</dst>
        </src>
        <src id="WASHng">
            <dst id="ATLA-M5">106.666666666667</dst>
            <dst id="ATLAng">86680.848</dst>
            <dst id="CHINng">68839.8533333333</dst>
            <dst id="DNVRng">43310.0586666667</dst>
            <dst id="HSTNng">20696.216</dst>
            <dst id="IPLSng">33009.5546666667</dst>
            <dst id="KSCYng">17937.84</dst>
            <dst id="LOSAng">113227.402666667</dst>
            <dst id="NYCMng">163238.554666667</dst>
            <dst id="SNVAng">1226.58133333333</dst>
            <dst id="STTLng">37805.9653333333</dst>
            <dst id="WASHng">133796.44</dst>
        </src>
    </IntraTM>
</TrafficMatrixFile>
