<?xml version="1.0" encoding="ISO-8859-1" standalone="yes"?>
<TrafficMatrixFile xsi:noNamespaceSchemaLocation="http://totem.run.montefiore.ulg.ac.be/Schema/TrafficMatrix-v1_2.xsd" xmlns:xsi="http://www.w3.org/2001/XMLSchema-instance">
    <IntraTM ASID="11537">
        <src id="ATLA-M5">
            <dst id="ATLA-M5">0</dst>
            <dst id="ATLAng">26.6666666666667</dst>
            <dst id="CHINng">65.9093333333333</dst>
            <dst id="DNVRng">0</dst>
            <dst id="HSTNng">26.6666666666667</dst>
            <dst id="IPLSng">26.6666666666667</dst>
            <dst id="KSCYng">26.6666666666667</dst>
            <dst id="LOSAng">140.506666666667</dst>
            <dst id="NYCMng">0</dst>
            <dst id="SNVAng">0</dst>
            <dst id="STTLng">0</dst>
            <dst id="WASHng">1010.968</dst>
        </src>
        <src id="ATLAng">
            <dst id="ATLA-M5">266.050666666667</dst>
            <dst id="ATLAng">38010.6133333333</dst>
            <dst id="CHINng">6188.38933333333</dst>
            <dst id="DNVRng">19841.1866666667</dst>
            <dst id="HSTNng">1881.08266666667</dst>
            <dst id="IPLSng">10198.9893333333</dst>
            <dst id="KSCYng">454.066666666667</dst>
            <dst id="LOSAng">12642.856</dst>
            <dst id="NYCMng">4194.45066666667</dst>
            <dst id="SNVAng">13.3333333333333</dst>
            <dst id="STTLng">8371.704</dst>
            <dst id="WASHng">30188.4053333333</dst>
        </src>
        <src id="CHINng">
            <dst id="ATLA-M5">155.504</dst>
            <dst id="ATLAng">44743.2186666667</dst>
            <dst id="CHINng">64252.608</dst>
            <dst id="DNVRng">24269.4426666667</dst>
            <dst id="HSTNng">3696.25866666667</dst>
            <dst id="IPLSng">19836.3146666667</dst>
            <dst id="KSCYng">9857.848</dst>
            <dst id="LOSAng">58028.7386666667</dst>
            <dst id="NYCMng">4874.86666666667</dst>
            <dst id="SNVAng">356.981333333333</dst>
            <dst id="STTLng">22372.6986666667</dst>
            <dst id="WASHng">16230.8186666667</dst>
        </src>
        <src id="DNVRng">
            <dst id="ATLA-M5">97.184</dst>
            <dst id="ATLAng">5548.76</dst>
            <dst id="CHINng">45107.44</dst>
            <dst id="DNVRng">8965.68</dst>
            <dst id="HSTNng">16891.7866666667</dst>
            <dst id="IPLSng">21312.5573333333</dst>
            <dst id="KSCYng">18869.1706666667</dst>
            <dst id="LOSAng">9777.38666666667</dst>
            <dst id="NYCMng">11637.5066666667</dst>
            <dst id="SNVAng">11646.752</dst>
            <dst id="STTLng">8075.22933333333</dst>
            <dst id="WASHng">37990.0933333333</dst>
        </src>
        <src id="HSTNng">
            <dst id="ATLA-M5">1722.42666666667</dst>
            <dst id="ATLAng">5001.86933333333</dst>
            <dst id="CHINng">7660.68533333334</dst>
            <dst id="DNVRng">2630.94133333333</dst>
            <dst id="HSTNng">6553.57066666667</dst>
            <dst id="IPLSng">455.413333333333</dst>
            <dst id="KSCYng">1333.408</dst>
            <dst id="LOSAng">8665.67733333333</dst>
            <dst id="NYCMng">1530.10933333333</dst>
            <dst id="SNVAng">0</dst>
            <dst id="STTLng">1732.81066666667</dst>
            <dst id="WASHng">4390.65866666667</dst>
        </src>
        <src id="IPLSng">
            <dst id="ATLA-M5">39.296</dst>
            <dst id="ATLAng">20032.0986666667</dst>
            <dst id="CHINng">56520.8053333333</dst>
            <dst id="DNVRng">7778.95733333333</dst>
            <dst id="HSTNng">2526.296</dst>
            <dst id="IPLSng">7509.016</dst>
            <dst id="KSCYng">2694.864</dst>
            <dst id="LOSAng">69033.5626666667</dst>
            <dst id="NYCMng">32529.04</dst>
            <dst id="SNVAng">348.856</dst>
            <dst id="STTLng">9938.44533333333</dst>
            <dst id="WASHng">11408.6186666667</dst>
        </src>
        <src id="KSCYng">
            <dst id="ATLA-M5">0</dst>
            <dst id="ATLAng">1799.10933333333</dst>
            <dst id="CHINng">14331.408</dst>
            <dst id="DNVRng">6085.08</dst>
            <dst id="HSTNng">6075.57066666667</dst>
            <dst id="IPLSng">8282.21066666667</dst>
            <dst id="KSCYng">4149.12</dst>
            <dst id="LOSAng">9466.94933333334</dst>
            <dst id="NYCMng">4553.67733333333</dst>
            <dst id="SNVAng">445.661333333333</dst>
            <dst id="STTLng">2326.98133333333</dst>
            <dst id="WASHng">17129.9626666667</dst>
        </src>
        <src id="LOSAng">
            <dst id="ATLA-M5">284.325333333333</dst>
            <dst id="ATLAng">44425.504</dst>
            <dst id="CHINng">83743.9813333333</dst>
            <dst id="DNVRng">9520.02666666667</dst>
            <dst id="HSTNng">7920.848</dst>
            <dst id="IPLSng">26491.2106666667</dst>
            <dst id="KSCYng">3213.14666666667</dst>
            <dst id="LOSAng">23835.4613333333</dst>
            <dst id="NYCMng">72213.9013333333</dst>
            <dst id="SNVAng">9396.68533333333</dst>
            <dst id="STTLng">45093.1866666667</dst>
            <dst id="WASHng">115057.477333333</dst>
        </src>
        <src id="NYCMng">
            <dst id="ATLA-M5">842.202666666667</dst>
            <dst id="ATLAng">40247.6773333333</dst>
            <dst id="CHINng">34079.4293333333</dst>
            <dst id="DNVRng">25174.0586666667</dst>
            <dst id="HSTNng">7333.08533333333</dst>
            <dst id="IPLSng">31817.9306666667</dst>
            <dst id="KSCYng">8882.20266666667</dst>
            <dst id="LOSAng">95134.1226666667</dst>
            <dst id="NYCMng">95859.8986666667</dst>
            <dst id="SNVAng">2452.376</dst>
            <dst id="STTLng">25840.6426666667</dst>
            <dst id="WASHng">44395.224</dst>
        </src>
        <src id="SNVAng">
            <dst id="ATLA-M5">0</dst>
            <dst id="ATLAng">26.6666666666667</dst>
            <dst id="CHINng">316.986666666667</dst>
            <dst id="DNVRng">1234.65333333333</dst>
            <dst id="HSTNng">125.12</dst>
            <dst id="IPLSng">9700.80533333333</dst>
            <dst id="KSCYng">99.64</dst>
            <dst id="LOSAng">37442.92</dst>
            <dst id="NYCMng">411.770666666667</dst>
            <dst id="SNVAng">7892.46666666667</dst>
            <dst id="STTLng">24624.8106666667</dst>
            <dst id="WASHng">26.6666666666667</dst>
        </src>
        <src id="STTLng">
            <dst id="ATLA-M5">0</dst>
            <dst id="ATLAng">10619.136</dst>
            <dst id="CHINng">18276.3813333333</dst>
            <dst id="DNVRng">2355.952</dst>
            <dst id="HSTNng">2023.472</dst>
            <dst id="IPLSng">5108.11733333333</dst>
            <dst id="KSCYng">3247.21866666667</dst>
            <dst id="LOSAng">31952.0986666667</dst>
            <dst id="NYCMng">7046.12</dst>
            <dst id="SNVAng">5889.14666666667</dst>
            <dst id="STTLng">1481.50666666667</dst>
            <dst id="WASHng">7649.392</dst>
        </src>
        <src id="WASHng">
            <dst id="ATLA-M5">80</dst>
            <dst id="ATLAng">87295.2266666667</dst>
            <dst id="CHINng">75760.7546666667</dst>
            <dst id="DNVRng">69205.0026666667</dst>
            <dst id="HSTNng">23019.9866666667</dst>
            <dst id="IPLSng">25753.1813333333</dst>
            <dst id="KSCYng">10377.5253333333</dst>
            <dst id="LOSAng">127754.744</dst>
            <dst id="NYCMng">126622.424</dst>
            <dst id="SNVAng">411.274666666667</dst>
            <dst id="STTLng">46498.36</dst>
            <dst id="WASHng">173886.669333333</dst>
        </src>
    </IntraTM>
</TrafficMatrixFile>
