<?xml version="1.0" encoding="ISO-8859-1" standalone="yes"?>
<TrafficMatrixFile xsi:noNamespaceSchemaLocation="http://totem.run.montefiore.ulg.ac.be/Schema/TrafficMatrix-v1_2.xsd" xmlns:xsi="http://www.w3.org/2001/XMLSchema-instance">
    <IntraTM ASID="11537">
        <src id="ATLA-M5">
            <dst id="ATLA-M5">125.885333333333</dst>
            <dst id="ATLAng">286.648</dst>
            <dst id="CHINng">777.386666666667</dst>
            <dst id="DNVRng">26.6666666666667</dst>
            <dst id="HSTNng">255.210666666667</dst>
            <dst id="IPLSng">334.365333333333</dst>
            <dst id="KSCYng">125.973333333333</dst>
            <dst id="LOSAng">280.181333333333</dst>
            <dst id="NYCMng">80</dst>
            <dst id="SNVAng">40</dst>
            <dst id="STTLng">26.6666666666667</dst>
            <dst id="WASHng">401.333333333333</dst>
        </src>
        <src id="ATLAng">
            <dst id="ATLA-M5">333.765333333333</dst>
            <dst id="ATLAng">37461.752</dst>
            <dst id="CHINng">17747.3386666667</dst>
            <dst id="DNVRng">9187.21066666666</dst>
            <dst id="HSTNng">1970.712</dst>
            <dst id="IPLSng">18585.8933333333</dst>
            <dst id="KSCYng">1873.592</dst>
            <dst id="LOSAng">32585.208</dst>
            <dst id="NYCMng">13015.4746666667</dst>
            <dst id="SNVAng">3805.432</dst>
            <dst id="STTLng">5189.94133333333</dst>
            <dst id="WASHng">53981.0106666667</dst>
        </src>
        <src id="CHINng">
            <dst id="ATLA-M5">254.589333333333</dst>
            <dst id="ATLAng">33216.224</dst>
            <dst id="CHINng">159838.538666667</dst>
            <dst id="DNVRng">14579.8933333333</dst>
            <dst id="HSTNng">8092.15733333333</dst>
            <dst id="IPLSng">44838.9626666667</dst>
            <dst id="KSCYng">13259.6453333333</dst>
            <dst id="LOSAng">39995.3066666667</dst>
            <dst id="NYCMng">12861.3973333333</dst>
            <dst id="SNVAng">1017.47466666667</dst>
            <dst id="STTLng">12477.7466666667</dst>
            <dst id="WASHng">36311.3226666667</dst>
        </src>
        <src id="DNVRng">
            <dst id="ATLA-M5">169.656</dst>
            <dst id="ATLAng">19227.3066666667</dst>
            <dst id="CHINng">54549.8666666667</dst>
            <dst id="DNVRng">23741.232</dst>
            <dst id="HSTNng">23516.7093333333</dst>
            <dst id="IPLSng">30279.5733333333</dst>
            <dst id="KSCYng">17799.4933333333</dst>
            <dst id="LOSAng">10728.6586666667</dst>
            <dst id="NYCMng">15817.2373333333</dst>
            <dst id="SNVAng">56828.616</dst>
            <dst id="STTLng">13193.4186666667</dst>
            <dst id="WASHng">49726.1786666667</dst>
        </src>
        <src id="HSTNng">
            <dst id="ATLA-M5">2859.06133333333</dst>
            <dst id="ATLAng">4391.928</dst>
            <dst id="CHINng">42549.9466666667</dst>
            <dst id="DNVRng">10150.1013333333</dst>
            <dst id="HSTNng">6972.34133333333</dst>
            <dst id="IPLSng">2268.84</dst>
            <dst id="KSCYng">1763.848</dst>
            <dst id="LOSAng">10026.72</dst>
            <dst id="NYCMng">2146.176</dst>
            <dst id="SNVAng">174.621333333333</dst>
            <dst id="STTLng">3756.01066666667</dst>
            <dst id="WASHng">9571.68266666667</dst>
        </src>
        <src id="IPLSng">
            <dst id="ATLA-M5">645.56</dst>
            <dst id="ATLAng">23294.768</dst>
            <dst id="CHINng">91136.6826666667</dst>
            <dst id="DNVRng">9869.03733333333</dst>
            <dst id="HSTNng">5063.76533333333</dst>
            <dst id="IPLSng">39226.872</dst>
            <dst id="KSCYng">16667.6586666667</dst>
            <dst id="LOSAng">40142.6986666667</dst>
            <dst id="NYCMng">24321.2533333333</dst>
            <dst id="SNVAng">914.898666666667</dst>
            <dst id="STTLng">13004.2586666667</dst>
            <dst id="WASHng">42518.5626666667</dst>
        </src>
        <src id="KSCYng">
            <dst id="ATLA-M5">3820.04266666667</dst>
            <dst id="ATLAng">6775.78933333333</dst>
            <dst id="CHINng">19868.024</dst>
            <dst id="DNVRng">15112.1706666667</dst>
            <dst id="HSTNng">5465.41866666667</dst>
            <dst id="IPLSng">15301.7146666667</dst>
            <dst id="KSCYng">7313.14933333333</dst>
            <dst id="LOSAng">8606.12533333333</dst>
            <dst id="NYCMng">3798.55466666667</dst>
            <dst id="SNVAng">410.549333333333</dst>
            <dst id="STTLng">1855.54133333333</dst>
            <dst id="WASHng">11821.2266666667</dst>
        </src>
        <src id="LOSAng">
            <dst id="ATLA-M5">1360.29333333333</dst>
            <dst id="ATLAng">50869.616</dst>
            <dst id="CHINng">141599.896</dst>
            <dst id="DNVRng">29053.832</dst>
            <dst id="HSTNng">10447.464</dst>
            <dst id="IPLSng">47710.432</dst>
            <dst id="KSCYng">7573.408</dst>
            <dst id="LOSAng">10622.4666666667</dst>
            <dst id="NYCMng">64493.968</dst>
            <dst id="SNVAng">17027.6293333333</dst>
            <dst id="STTLng">50154.848</dst>
            <dst id="WASHng">115955.397333333</dst>
        </src>
        <src id="NYCMng">
            <dst id="ATLA-M5">781.770666666667</dst>
            <dst id="ATLAng">63693.8053333333</dst>
            <dst id="CHINng">61187.136</dst>
            <dst id="DNVRng">34502.1306666667</dst>
            <dst id="HSTNng">15858.6</dst>
            <dst id="IPLSng">65404.096</dst>
            <dst id="KSCYng">26054.432</dst>
            <dst id="LOSAng">72257.0133333333</dst>
            <dst id="NYCMng">144780.224</dst>
            <dst id="SNVAng">4584.30666666667</dst>
            <dst id="STTLng">24826.8826666667</dst>
            <dst id="WASHng">129351.050666667</dst>
        </src>
        <src id="SNVAng">
            <dst id="ATLA-M5">0</dst>
            <dst id="ATLAng">268.074666666667</dst>
            <dst id="CHINng">5265.64266666667</dst>
            <dst id="DNVRng">10893.0933333333</dst>
            <dst id="HSTNng">311.992</dst>
            <dst id="IPLSng">6655.14666666667</dst>
            <dst id="KSCYng">268.8</dst>
            <dst id="LOSAng">33981.5066666667</dst>
            <dst id="NYCMng">1397.496</dst>
            <dst id="SNVAng">17111.2853333333</dst>
            <dst id="STTLng">28450.5493333333</dst>
            <dst id="WASHng">204.28</dst>
        </src>
        <src id="STTLng">
            <dst id="ATLA-M5">654.821333333333</dst>
            <dst id="ATLAng">15489.4133333333</dst>
            <dst id="CHINng">39933.2106666667</dst>
            <dst id="DNVRng">3224.048</dst>
            <dst id="HSTNng">7101.88533333333</dst>
            <dst id="IPLSng">9976.28266666667</dst>
            <dst id="KSCYng">5365.816</dst>
            <dst id="LOSAng">24863.3413333333</dst>
            <dst id="NYCMng">14774.0213333333</dst>
            <dst id="SNVAng">4908.62933333333</dst>
            <dst id="STTLng">5191.93866666667</dst>
            <dst id="WASHng">20158.3413333333</dst>
        </src>
        <src id="WASHng">
            <dst id="ATLA-M5">678.464</dst>
            <dst id="ATLAng">104796.466666667</dst>
            <dst id="CHINng">92112.064</dst>
            <dst id="DNVRng">81601</dst>
            <dst id="HSTNng">40174.048</dst>
            <dst id="IPLSng">70636.8613333333</dst>
            <dst id="KSCYng">29414.6826666667</dst>
            <dst id="LOSAng">124996.261333333</dst>
            <dst id="NYCMng">204440.12</dst>
            <dst id="SNVAng">2937.984</dst>
            <dst id="STTLng">44702.5386666667</dst>
            <dst id="WASHng">336726.693333333</dst>
        </src>
    </IntraTM>
</TrafficMatrixFile>
