<?xml version="1.0" encoding="ISO-8859-1" standalone="yes"?>
<TrafficMatrixFile xsi:noNamespaceSchemaLocation="http://totem.run.montefiore.ulg.ac.be/Schema/TrafficMatrix-v1_2.xsd" xmlns:xsi="http://www.w3.org/2001/XMLSchema-instance">
    <IntraTM ASID="11537">
        <src id="ATLA-M5">
            <dst id="ATLA-M5">86.4666666666667</dst>
            <dst id="ATLAng">93.3333333333333</dst>
            <dst id="CHINng">528.032</dst>
            <dst id="DNVRng">0</dst>
            <dst id="HSTNng">54.0293333333333</dst>
            <dst id="IPLSng">80</dst>
            <dst id="KSCYng">76.176</dst>
            <dst id="LOSAng">92.1146666666667</dst>
            <dst id="NYCMng">203.269333333333</dst>
            <dst id="SNVAng">0</dst>
            <dst id="STTLng">79.8106666666667</dst>
            <dst id="WASHng">541.706666666667</dst>
        </src>
        <src id="ATLAng">
            <dst id="ATLA-M5">115.645333333333</dst>
            <dst id="ATLAng">59573.8666666667</dst>
            <dst id="CHINng">5769.74933333333</dst>
            <dst id="DNVRng">6965.312</dst>
            <dst id="HSTNng">2862.76266666667</dst>
            <dst id="IPLSng">10536.528</dst>
            <dst id="KSCYng">2230.94933333333</dst>
            <dst id="LOSAng">13050.8266666667</dst>
            <dst id="NYCMng">14473.3333333333</dst>
            <dst id="SNVAng">359.112</dst>
            <dst id="STTLng">3456.58133333333</dst>
            <dst id="WASHng">58303.9466666667</dst>
        </src>
        <src id="CHINng">
            <dst id="ATLA-M5">70.648</dst>
            <dst id="ATLAng">45752.1306666667</dst>
            <dst id="CHINng">98571.0186666667</dst>
            <dst id="DNVRng">11682.44</dst>
            <dst id="HSTNng">4858.91733333333</dst>
            <dst id="IPLSng">19664.0506666667</dst>
            <dst id="KSCYng">7000.09333333333</dst>
            <dst id="LOSAng">41858.112</dst>
            <dst id="NYCMng">5688.36</dst>
            <dst id="SNVAng">284.154666666667</dst>
            <dst id="STTLng">5917.24</dst>
            <dst id="WASHng">17673.3466666667</dst>
        </src>
        <src id="DNVRng">
            <dst id="ATLA-M5">56.64</dst>
            <dst id="ATLAng">8521.13333333333</dst>
            <dst id="CHINng">55005.0693333333</dst>
            <dst id="DNVRng">2957.192</dst>
            <dst id="HSTNng">10584.752</dst>
            <dst id="IPLSng">23278.9466666667</dst>
            <dst id="KSCYng">8293.12</dst>
            <dst id="LOSAng">4586.60533333333</dst>
            <dst id="NYCMng">9298.27466666667</dst>
            <dst id="SNVAng">5662.032</dst>
            <dst id="STTLng">3367.02666666667</dst>
            <dst id="WASHng">31302.5306666667</dst>
        </src>
        <src id="HSTNng">
            <dst id="ATLA-M5">2405.48</dst>
            <dst id="ATLAng">2471.76</dst>
            <dst id="CHINng">21890.5573333333</dst>
            <dst id="DNVRng">1260.94666666667</dst>
            <dst id="HSTNng">2215.29333333333</dst>
            <dst id="IPLSng">8386.54133333333</dst>
            <dst id="KSCYng">1023.528</dst>
            <dst id="LOSAng">3192.21333333333</dst>
            <dst id="NYCMng">3143.544</dst>
            <dst id="SNVAng">160.36</dst>
            <dst id="STTLng">1728.17866666667</dst>
            <dst id="WASHng">3433.42133333333</dst>
        </src>
        <src id="IPLSng">
            <dst id="ATLA-M5">0</dst>
            <dst id="ATLAng">17801.12</dst>
            <dst id="CHINng">87390.712</dst>
            <dst id="DNVRng">2841.47466666667</dst>
            <dst id="HSTNng">2927.16</dst>
            <dst id="IPLSng">24846.968</dst>
            <dst id="KSCYng">3722.47466666667</dst>
            <dst id="LOSAng">36883.144</dst>
            <dst id="NYCMng">32668.76</dst>
            <dst id="SNVAng">3754.12266666667</dst>
            <dst id="STTLng">10516.4026666667</dst>
            <dst id="WASHng">21657.3786666667</dst>
        </src>
        <src id="KSCYng">
            <dst id="ATLA-M5">0</dst>
            <dst id="ATLAng">1970.4</dst>
            <dst id="CHINng">19330.1813333333</dst>
            <dst id="DNVRng">6074.15466666667</dst>
            <dst id="HSTNng">3912.688</dst>
            <dst id="IPLSng">4171.136</dst>
            <dst id="KSCYng">3734.61333333333</dst>
            <dst id="LOSAng">8845.27733333333</dst>
            <dst id="NYCMng">5039.904</dst>
            <dst id="SNVAng">647.978666666667</dst>
            <dst id="STTLng">2315.96266666667</dst>
            <dst id="WASHng">8251.86933333333</dst>
        </src>
        <src id="LOSAng">
            <dst id="ATLA-M5">2326.42933333333</dst>
            <dst id="ATLAng">51959.2106666667</dst>
            <dst id="CHINng">134886.058666667</dst>
            <dst id="DNVRng">5794.848</dst>
            <dst id="HSTNng">8710.08266666667</dst>
            <dst id="IPLSng">27921.4426666667</dst>
            <dst id="KSCYng">2349.19466666667</dst>
            <dst id="LOSAng">15415.0186666667</dst>
            <dst id="NYCMng">66444.4106666667</dst>
            <dst id="SNVAng">7297.60533333333</dst>
            <dst id="STTLng">38059.1786666667</dst>
            <dst id="WASHng">64421.1706666667</dst>
        </src>
        <src id="NYCMng">
            <dst id="ATLA-M5">237.674666666667</dst>
            <dst id="ATLAng">41736.2906666667</dst>
            <dst id="CHINng">41954.5466666667</dst>
            <dst id="DNVRng">100219.178666667</dst>
            <dst id="HSTNng">4588.41333333333</dst>
            <dst id="IPLSng">42868.8693333333</dst>
            <dst id="KSCYng">12631.832</dst>
            <dst id="LOSAng">57576.6506666667</dst>
            <dst id="NYCMng">123246.125333333</dst>
            <dst id="SNVAng">2002.28</dst>
            <dst id="STTLng">27934.3333333333</dst>
            <dst id="WASHng">68524.176</dst>
        </src>
        <src id="SNVAng">
            <dst id="ATLA-M5">0</dst>
            <dst id="ATLAng">649.165333333333</dst>
            <dst id="CHINng">593.229333333333</dst>
            <dst id="DNVRng">10475.9146666667</dst>
            <dst id="HSTNng">178.090666666667</dst>
            <dst id="IPLSng">7418.79466666666</dst>
            <dst id="KSCYng">109.205333333333</dst>
            <dst id="LOSAng">25398.816</dst>
            <dst id="NYCMng">939.442666666667</dst>
            <dst id="SNVAng">8143.89333333333</dst>
            <dst id="STTLng">19324.0506666667</dst>
            <dst id="WASHng">163.352</dst>
        </src>
        <src id="STTLng">
            <dst id="ATLA-M5">0</dst>
            <dst id="ATLAng">9166.52266666667</dst>
            <dst id="CHINng">38477.968</dst>
            <dst id="DNVRng">1690.79466666667</dst>
            <dst id="HSTNng">2080.31733333333</dst>
            <dst id="IPLSng">16925.64</dst>
            <dst id="KSCYng">1301.21333333333</dst>
            <dst id="LOSAng">21979.112</dst>
            <dst id="NYCMng">12048.2986666667</dst>
            <dst id="SNVAng">1815.93066666667</dst>
            <dst id="STTLng">1344.32</dst>
            <dst id="WASHng">8316.77066666667</dst>
        </src>
        <src id="WASHng">
            <dst id="ATLA-M5">26.6666666666667</dst>
            <dst id="ATLAng">107884.594666667</dst>
            <dst id="CHINng">80161.1333333333</dst>
            <dst id="DNVRng">50728.4906666667</dst>
            <dst id="HSTNng">5978.06133333333</dst>
            <dst id="IPLSng">80258.504</dst>
            <dst id="KSCYng">8597.26666666667</dst>
            <dst id="LOSAng">95874.4826666666</dst>
            <dst id="NYCMng">128591.074666667</dst>
            <dst id="SNVAng">973.728</dst>
            <dst id="STTLng">25805.056</dst>
            <dst id="WASHng">278630.506666667</dst>
        </src>
    </IntraTM>
</TrafficMatrixFile>
