<?xml version="1.0" encoding="ISO-8859-1" standalone="yes"?>
<TrafficMatrixFile xsi:noNamespaceSchemaLocation="http://totem.run.montefiore.ulg.ac.be/Schema/TrafficMatrix-v1_2.xsd" xmlns:xsi="http://www.w3.org/2001/XMLSchema-instance">
    <IntraTM ASID="11537">
        <src id="ATLA-M5">
            <dst id="ATLA-M5">26.6666666666667</dst>
            <dst id="ATLAng">26.6666666666667</dst>
            <dst id="CHINng">57.9066666666667</dst>
            <dst id="DNVRng">0</dst>
            <dst id="HSTNng">53.3333333333333</dst>
            <dst id="IPLSng">53.3333333333333</dst>
            <dst id="KSCYng">0</dst>
            <dst id="LOSAng">210.584</dst>
            <dst id="NYCMng">84.2133333333333</dst>
            <dst id="SNVAng">0</dst>
            <dst id="STTLng">0</dst>
            <dst id="WASHng">943.445333333333</dst>
        </src>
        <src id="ATLAng">
            <dst id="ATLA-M5">181.144</dst>
            <dst id="ATLAng">31205</dst>
            <dst id="CHINng">8974.84533333333</dst>
            <dst id="DNVRng">11703.6266666667</dst>
            <dst id="HSTNng">6729.176</dst>
            <dst id="IPLSng">13834.9226666667</dst>
            <dst id="KSCYng">1871.288</dst>
            <dst id="LOSAng">17684.4066666667</dst>
            <dst id="NYCMng">5499.27733333333</dst>
            <dst id="SNVAng">83.1586666666667</dst>
            <dst id="STTLng">4584.66933333333</dst>
            <dst id="WASHng">30810.7706666667</dst>
        </src>
        <src id="CHINng">
            <dst id="ATLA-M5">184.688</dst>
            <dst id="ATLAng">18350.0213333333</dst>
            <dst id="CHINng">150886.624</dst>
            <dst id="DNVRng">14856.8613333333</dst>
            <dst id="HSTNng">4854.73866666667</dst>
            <dst id="IPLSng">33440.7813333333</dst>
            <dst id="KSCYng">15507.6346666667</dst>
            <dst id="LOSAng">65962.7013333333</dst>
            <dst id="NYCMng">6751.91466666667</dst>
            <dst id="SNVAng">147.557333333333</dst>
            <dst id="STTLng">8704.83733333333</dst>
            <dst id="WASHng">21999.9813333333</dst>
        </src>
        <src id="DNVRng">
            <dst id="ATLA-M5">0</dst>
            <dst id="ATLAng">9753.96533333333</dst>
            <dst id="CHINng">47688.0293333333</dst>
            <dst id="DNVRng">20170.0106666667</dst>
            <dst id="HSTNng">17395.128</dst>
            <dst id="IPLSng">21661.4346666667</dst>
            <dst id="KSCYng">9667.56</dst>
            <dst id="LOSAng">8153.26133333333</dst>
            <dst id="NYCMng">24188.2986666667</dst>
            <dst id="SNVAng">5225.93333333333</dst>
            <dst id="STTLng">4750.63466666667</dst>
            <dst id="WASHng">28400.6666666667</dst>
        </src>
        <src id="HSTNng">
            <dst id="ATLA-M5">1401.17866666667</dst>
            <dst id="ATLAng">3766.624</dst>
            <dst id="CHINng">14117.872</dst>
            <dst id="DNVRng">2074.976</dst>
            <dst id="HSTNng">7836.672</dst>
            <dst id="IPLSng">395.533333333333</dst>
            <dst id="KSCYng">1647.072</dst>
            <dst id="LOSAng">11355.2506666667</dst>
            <dst id="NYCMng">1843.82133333333</dst>
            <dst id="SNVAng">0</dst>
            <dst id="STTLng">632.498666666667</dst>
            <dst id="WASHng">2954.97333333333</dst>
        </src>
        <src id="IPLSng">
            <dst id="ATLA-M5">53.3333333333333</dst>
            <dst id="ATLAng">11394.1546666667</dst>
            <dst id="CHINng">70999.0426666667</dst>
            <dst id="DNVRng">5909.43733333333</dst>
            <dst id="HSTNng">1873.26133333333</dst>
            <dst id="IPLSng">28392.3653333333</dst>
            <dst id="KSCYng">4950.47466666667</dst>
            <dst id="LOSAng">77230.6533333333</dst>
            <dst id="NYCMng">20779.2613333333</dst>
            <dst id="SNVAng">1800.28266666667</dst>
            <dst id="STTLng">16489.8373333333</dst>
            <dst id="WASHng">6640.14933333333</dst>
        </src>
        <src id="KSCYng">
            <dst id="ATLA-M5">49.112</dst>
            <dst id="ATLAng">1876.728</dst>
            <dst id="CHINng">23266.5066666667</dst>
            <dst id="DNVRng">14132.8</dst>
            <dst id="HSTNng">2791.78933333333</dst>
            <dst id="IPLSng">16340.984</dst>
            <dst id="KSCYng">4693.69866666667</dst>
            <dst id="LOSAng">6104.89066666666</dst>
            <dst id="NYCMng">3628.336</dst>
            <dst id="SNVAng">124.746666666667</dst>
            <dst id="STTLng">1800.52266666667</dst>
            <dst id="WASHng">7000.53333333333</dst>
        </src>
        <src id="LOSAng">
            <dst id="ATLA-M5">120.778666666667</dst>
            <dst id="ATLAng">18638.816</dst>
            <dst id="CHINng">91063.8426666667</dst>
            <dst id="DNVRng">8428.88</dst>
            <dst id="HSTNng">17962.3893333333</dst>
            <dst id="IPLSng">32377.192</dst>
            <dst id="KSCYng">6286.17866666667</dst>
            <dst id="LOSAng">22132.9093333333</dst>
            <dst id="NYCMng">69150.648</dst>
            <dst id="SNVAng">6355.59466666667</dst>
            <dst id="STTLng">55335.1253333333</dst>
            <dst id="WASHng">96771.6133333334</dst>
        </src>
        <src id="NYCMng">
            <dst id="ATLA-M5">1127.112</dst>
            <dst id="ATLAng">30297.6933333333</dst>
            <dst id="CHINng">50674.9626666667</dst>
            <dst id="DNVRng">116063.152</dst>
            <dst id="HSTNng">15017.7813333333</dst>
            <dst id="IPLSng">24677.896</dst>
            <dst id="KSCYng">10887.4586666667</dst>
            <dst id="LOSAng">100656.741333333</dst>
            <dst id="NYCMng">58823.3493333333</dst>
            <dst id="SNVAng">1321.872</dst>
            <dst id="STTLng">29451.4266666667</dst>
            <dst id="WASHng">61571.04</dst>
        </src>
        <src id="SNVAng">
            <dst id="ATLA-M5">0</dst>
            <dst id="ATLAng">26.6666666666667</dst>
            <dst id="CHINng">453.426666666667</dst>
            <dst id="DNVRng">1813.336</dst>
            <dst id="HSTNng">33.0133333333333</dst>
            <dst id="IPLSng">216.016</dst>
            <dst id="KSCYng">3968.36</dst>
            <dst id="LOSAng">38770.3733333333</dst>
            <dst id="NYCMng">188.629333333333</dst>
            <dst id="SNVAng">10109.2293333333</dst>
            <dst id="STTLng">26936.4613333333</dst>
            <dst id="WASHng">53.3333333333333</dst>
        </src>
        <src id="STTLng">
            <dst id="ATLA-M5">355.104</dst>
            <dst id="ATLAng">10560.0586666667</dst>
            <dst id="CHINng">27999.08</dst>
            <dst id="DNVRng">1906.22666666667</dst>
            <dst id="HSTNng">996.005333333333</dst>
            <dst id="IPLSng">5115.52</dst>
            <dst id="KSCYng">2410.824</dst>
            <dst id="LOSAng">29964.0586666667</dst>
            <dst id="NYCMng">7906.16533333333</dst>
            <dst id="SNVAng">2141.688</dst>
            <dst id="STTLng">1273.19466666667</dst>
            <dst id="WASHng">4819.40266666667</dst>
        </src>
        <src id="WASHng">
            <dst id="ATLA-M5">57.28</dst>
            <dst id="ATLAng">92164.2746666667</dst>
            <dst id="CHINng">79886.1813333333</dst>
            <dst id="DNVRng">33516.4426666667</dst>
            <dst id="HSTNng">15337.28</dst>
            <dst id="IPLSng">35477.2346666667</dst>
            <dst id="KSCYng">6923.08266666667</dst>
            <dst id="LOSAng">135838.418666667</dst>
            <dst id="NYCMng">140645.229333333</dst>
            <dst id="SNVAng">5589.58933333333</dst>
            <dst id="STTLng">42249.8453333333</dst>
            <dst id="WASHng">330220.746666667</dst>
        </src>
    </IntraTM>
</TrafficMatrixFile>
