<?xml version="1.0" encoding="ISO-8859-1" standalone="yes"?>
<TrafficMatrixFile xsi:noNamespaceSchemaLocation="http://totem.run.montefiore.ulg.ac.be/Schema/TrafficMatrix-v1_2.xsd" xmlns:xsi="http://www.w3.org/2001/XMLSchema-instance">
    <IntraTM ASID="11537">
        <src id="ATLA-M5">
            <dst id="ATLA-M5">0</dst>
            <dst id="ATLAng">0</dst>
            <dst id="CHINng">61.0133333333333</dst>
            <dst id="DNVRng">53.3333333333333</dst>
            <dst id="HSTNng">26.6666666666667</dst>
            <dst id="IPLSng">180.845333333333</dst>
            <dst id="KSCYng">104.064</dst>
            <dst id="LOSAng">121.026666666667</dst>
            <dst id="NYCMng">53.3333333333333</dst>
            <dst id="SNVAng">13.3333333333333</dst>
            <dst id="STTLng">26.6666666666667</dst>
            <dst id="WASHng">1295.41333333333</dst>
        </src>
        <src id="ATLAng">
            <dst id="ATLA-M5">248.96</dst>
            <dst id="ATLAng">36478.3066666667</dst>
            <dst id="CHINng">7194.42933333333</dst>
            <dst id="DNVRng">4374.14133333333</dst>
            <dst id="HSTNng">7091.98133333333</dst>
            <dst id="IPLSng">10148.144</dst>
            <dst id="KSCYng">537.834666666667</dst>
            <dst id="LOSAng">12860.4013333333</dst>
            <dst id="NYCMng">3398.232</dst>
            <dst id="SNVAng">84.2946666666666</dst>
            <dst id="STTLng">5135.01333333333</dst>
            <dst id="WASHng">32302.952</dst>
        </src>
        <src id="CHINng">
            <dst id="ATLA-M5">214.152</dst>
            <dst id="ATLAng">38791.0213333333</dst>
            <dst id="CHINng">73197.1253333333</dst>
            <dst id="DNVRng">21759.792</dst>
            <dst id="HSTNng">4202.64533333333</dst>
            <dst id="IPLSng">18991.4693333333</dst>
            <dst id="KSCYng">11236.608</dst>
            <dst id="LOSAng">58162.16</dst>
            <dst id="NYCMng">4952.04</dst>
            <dst id="SNVAng">379.76</dst>
            <dst id="STTLng">20053.3333333333</dst>
            <dst id="WASHng">20364.528</dst>
        </src>
        <src id="DNVRng">
            <dst id="ATLA-M5">131.84</dst>
            <dst id="ATLAng">4646.05333333333</dst>
            <dst id="CHINng">45167.0426666667</dst>
            <dst id="DNVRng">12422.8906666667</dst>
            <dst id="HSTNng">21578.3893333333</dst>
            <dst id="IPLSng">20564.4693333333</dst>
            <dst id="KSCYng">32031.4106666667</dst>
            <dst id="LOSAng">8291.768</dst>
            <dst id="NYCMng">16417.1866666667</dst>
            <dst id="SNVAng">12494.2026666667</dst>
            <dst id="STTLng">10371.1413333333</dst>
            <dst id="WASHng">38649.4586666667</dst>
        </src>
        <src id="HSTNng">
            <dst id="ATLA-M5">213.248</dst>
            <dst id="ATLAng">8233.76266666667</dst>
            <dst id="CHINng">7971.608</dst>
            <dst id="DNVRng">1785.84266666667</dst>
            <dst id="HSTNng">7512.66666666667</dst>
            <dst id="IPLSng">245.498666666667</dst>
            <dst id="KSCYng">1478.648</dst>
            <dst id="LOSAng">11032.248</dst>
            <dst id="NYCMng">2039.65066666667</dst>
            <dst id="SNVAng">26.6666666666667</dst>
            <dst id="STTLng">1956.54666666667</dst>
            <dst id="WASHng">3489.85866666667</dst>
        </src>
        <src id="IPLSng">
            <dst id="ATLA-M5">177.061333333333</dst>
            <dst id="ATLAng">19255.4426666667</dst>
            <dst id="CHINng">51080.728</dst>
            <dst id="DNVRng">6496.01333333334</dst>
            <dst id="HSTNng">1383.864</dst>
            <dst id="IPLSng">9387.14666666667</dst>
            <dst id="KSCYng">2699.59733333333</dst>
            <dst id="LOSAng">68181.7973333333</dst>
            <dst id="NYCMng">28745.0293333333</dst>
            <dst id="SNVAng">206.213333333333</dst>
            <dst id="STTLng">10376.632</dst>
            <dst id="WASHng">17534.1306666667</dst>
        </src>
        <src id="KSCYng">
            <dst id="ATLA-M5">0</dst>
            <dst id="ATLAng">1741.66933333333</dst>
            <dst id="CHINng">13161.9226666667</dst>
            <dst id="DNVRng">7904.33333333333</dst>
            <dst id="HSTNng">4711.97866666667</dst>
            <dst id="IPLSng">7352.83466666667</dst>
            <dst id="KSCYng">4477.512</dst>
            <dst id="LOSAng">8410.60266666667</dst>
            <dst id="NYCMng">4488.39733333333</dst>
            <dst id="SNVAng">143.029333333333</dst>
            <dst id="STTLng">2292.69866666667</dst>
            <dst id="WASHng">17204.8293333333</dst>
        </src>
        <src id="LOSAng">
            <dst id="ATLA-M5">0</dst>
            <dst id="ATLAng">55226.0746666667</dst>
            <dst id="CHINng">76638.3653333333</dst>
            <dst id="DNVRng">8702.98133333333</dst>
            <dst id="HSTNng">5577.10933333334</dst>
            <dst id="IPLSng">28910.7253333333</dst>
            <dst id="KSCYng">3887.856</dst>
            <dst id="LOSAng">24747.0026666667</dst>
            <dst id="NYCMng">68179.632</dst>
            <dst id="SNVAng">8561.82666666667</dst>
            <dst id="STTLng">41886.2373333333</dst>
            <dst id="WASHng">103330.858666667</dst>
        </src>
        <src id="NYCMng">
            <dst id="ATLA-M5">825.237333333333</dst>
            <dst id="ATLAng">40912.7893333333</dst>
            <dst id="CHINng">33712.256</dst>
            <dst id="DNVRng">26990.4986666667</dst>
            <dst id="HSTNng">7320.056</dst>
            <dst id="IPLSng">30110.296</dst>
            <dst id="KSCYng">5954.61866666667</dst>
            <dst id="LOSAng">95073.576</dst>
            <dst id="NYCMng">86291.3546666667</dst>
            <dst id="SNVAng">3498.78933333333</dst>
            <dst id="STTLng">25138.7226666667</dst>
            <dst id="WASHng">38310.5306666667</dst>
        </src>
        <src id="SNVAng">
            <dst id="ATLA-M5">0</dst>
            <dst id="ATLAng">26.6666666666667</dst>
            <dst id="CHINng">316.637333333333</dst>
            <dst id="DNVRng">552.389333333333</dst>
            <dst id="HSTNng">152.096</dst>
            <dst id="IPLSng">10033.7893333333</dst>
            <dst id="KSCYng">77.52</dst>
            <dst id="LOSAng">33020.3066666667</dst>
            <dst id="NYCMng">363.450666666667</dst>
            <dst id="SNVAng">8672.34666666667</dst>
            <dst id="STTLng">24022.176</dst>
            <dst id="WASHng">53.3333333333333</dst>
        </src>
        <src id="STTLng">
            <dst id="ATLA-M5">28.4453333333333</dst>
            <dst id="ATLAng">9352.52</dst>
            <dst id="CHINng">19464.0053333333</dst>
            <dst id="DNVRng">1742.90666666667</dst>
            <dst id="HSTNng">1904.45333333333</dst>
            <dst id="IPLSng">6032.208</dst>
            <dst id="KSCYng">3046.168</dst>
            <dst id="LOSAng">32077.7546666667</dst>
            <dst id="NYCMng">7241.58933333333</dst>
            <dst id="SNVAng">5850.344</dst>
            <dst id="STTLng">2833.10133333333</dst>
            <dst id="WASHng">10939.4186666667</dst>
        </src>
        <src id="WASHng">
            <dst id="ATLA-M5">26.6666666666667</dst>
            <dst id="ATLAng">131812.688</dst>
            <dst id="CHINng">82916.856</dst>
            <dst id="DNVRng">56608.1306666667</dst>
            <dst id="HSTNng">16996.464</dst>
            <dst id="IPLSng">26989.096</dst>
            <dst id="KSCYng">13521.8346666667</dst>
            <dst id="LOSAng">121932.285333333</dst>
            <dst id="NYCMng">146953.205333333</dst>
            <dst id="SNVAng">339.792</dst>
            <dst id="STTLng">42361.5573333333</dst>
            <dst id="WASHng">160961.202666667</dst>
        </src>
    </IntraTM>
</TrafficMatrixFile>
