<?xml version="1.0" encoding="ISO-8859-1" standalone="yes"?>
<TrafficMatrixFile xsi:noNamespaceSchemaLocation="http://totem.run.montefiore.ulg.ac.be/Schema/TrafficMatrix-v1_2.xsd" xmlns:xsi="http://www.w3.org/2001/XMLSchema-instance">
    <IntraTM ASID="11537">
        <src id="ATLA-M5">
            <dst id="ATLA-M5">26.6666666666667</dst>
            <dst id="ATLAng">599.186666666667</dst>
            <dst id="CHINng">260.050666666667</dst>
            <dst id="DNVRng">0</dst>
            <dst id="HSTNng">215.533333333333</dst>
            <dst id="IPLSng">397.125333333333</dst>
            <dst id="KSCYng">74.9573333333334</dst>
            <dst id="LOSAng">184.853333333333</dst>
            <dst id="NYCMng">277.770666666667</dst>
            <dst id="SNVAng">0</dst>
            <dst id="STTLng">33.512</dst>
            <dst id="WASHng">342.378666666667</dst>
        </src>
        <src id="ATLAng">
            <dst id="ATLA-M5">224.093333333333</dst>
            <dst id="ATLAng">42736.0986666667</dst>
            <dst id="CHINng">9733.18666666667</dst>
            <dst id="DNVRng">4944.58666666667</dst>
            <dst id="HSTNng">3758.13333333333</dst>
            <dst id="IPLSng">12783.5413333333</dst>
            <dst id="KSCYng">2619.48533333333</dst>
            <dst id="LOSAng">16728.4973333333</dst>
            <dst id="NYCMng">11444.936</dst>
            <dst id="SNVAng">629.670666666667</dst>
            <dst id="STTLng">3505.24266666667</dst>
            <dst id="WASHng">71535.1866666667</dst>
        </src>
        <src id="CHINng">
            <dst id="ATLA-M5">918.298666666667</dst>
            <dst id="ATLAng">39817.8906666667</dst>
            <dst id="CHINng">105815.509333333</dst>
            <dst id="DNVRng">44454.5093333333</dst>
            <dst id="HSTNng">4912.264</dst>
            <dst id="IPLSng">24178.1813333333</dst>
            <dst id="KSCYng">6005.744</dst>
            <dst id="LOSAng">36472.2666666667</dst>
            <dst id="NYCMng">10067.248</dst>
            <dst id="SNVAng">1728.712</dst>
            <dst id="STTLng">5091.23466666667</dst>
            <dst id="WASHng">17602.552</dst>
        </src>
        <src id="DNVRng">
            <dst id="ATLA-M5">135.946666666667</dst>
            <dst id="ATLAng">7579.33333333333</dst>
            <dst id="CHINng">108731.2</dst>
            <dst id="DNVRng">13018.5893333333</dst>
            <dst id="HSTNng">19554.1066666667</dst>
            <dst id="IPLSng">20611.1706666667</dst>
            <dst id="KSCYng">52743.896</dst>
            <dst id="LOSAng">7057.93066666667</dst>
            <dst id="NYCMng">10775.376</dst>
            <dst id="SNVAng">14752.7386666667</dst>
            <dst id="STTLng">15988.9946666667</dst>
            <dst id="WASHng">26671.1493333333</dst>
        </src>
        <src id="HSTNng">
            <dst id="ATLA-M5">3919.696</dst>
            <dst id="ATLAng">4837.41066666667</dst>
            <dst id="CHINng">18391.0693333333</dst>
            <dst id="DNVRng">1198.67466666667</dst>
            <dst id="HSTNng">3084.81866666667</dst>
            <dst id="IPLSng">3009.44266666667</dst>
            <dst id="KSCYng">3116.30666666667</dst>
            <dst id="LOSAng">7321.98933333333</dst>
            <dst id="NYCMng">10496.352</dst>
            <dst id="SNVAng">89.872</dst>
            <dst id="STTLng">1501.14933333333</dst>
            <dst id="WASHng">4117.752</dst>
        </src>
        <src id="IPLSng">
            <dst id="ATLA-M5">277.346666666667</dst>
            <dst id="ATLAng">18082.6373333333</dst>
            <dst id="CHINng">94033.0453333333</dst>
            <dst id="DNVRng">2496.424</dst>
            <dst id="HSTNng">3429.37066666667</dst>
            <dst id="IPLSng">19276.7093333333</dst>
            <dst id="KSCYng">2790.47733333333</dst>
            <dst id="LOSAng">34490.056</dst>
            <dst id="NYCMng">25129.9733333333</dst>
            <dst id="SNVAng">392.509333333333</dst>
            <dst id="STTLng">8938.91733333333</dst>
            <dst id="WASHng">16535.5546666667</dst>
        </src>
        <src id="KSCYng">
            <dst id="ATLA-M5">123.922666666667</dst>
            <dst id="ATLAng">2797.26133333333</dst>
            <dst id="CHINng">21721.744</dst>
            <dst id="DNVRng">8314.66133333333</dst>
            <dst id="HSTNng">6656.49866666667</dst>
            <dst id="IPLSng">13181.2853333333</dst>
            <dst id="KSCYng">5519.64266666667</dst>
            <dst id="LOSAng">5113.344</dst>
            <dst id="NYCMng">3901.752</dst>
            <dst id="SNVAng">53.3333333333333</dst>
            <dst id="STTLng">2724.528</dst>
            <dst id="WASHng">8252.79466666667</dst>
        </src>
        <src id="LOSAng">
            <dst id="ATLA-M5">2865.448</dst>
            <dst id="ATLAng">51074.8853333333</dst>
            <dst id="CHINng">152328.029333333</dst>
            <dst id="DNVRng">5751.62666666667</dst>
            <dst id="HSTNng">6362.17066666667</dst>
            <dst id="IPLSng">34015.5253333333</dst>
            <dst id="KSCYng">6976.83733333333</dst>
            <dst id="LOSAng">11539.4506666667</dst>
            <dst id="NYCMng">65834.0533333333</dst>
            <dst id="SNVAng">7040.752</dst>
            <dst id="STTLng">41984.44</dst>
            <dst id="WASHng">109226.138666667</dst>
        </src>
        <src id="NYCMng">
            <dst id="ATLA-M5">124.432</dst>
            <dst id="ATLAng">44990.8586666667</dst>
            <dst id="CHINng">50411.624</dst>
            <dst id="DNVRng">85861.2106666667</dst>
            <dst id="HSTNng">7643.24</dst>
            <dst id="IPLSng">37235.4666666667</dst>
            <dst id="KSCYng">7254.992</dst>
            <dst id="LOSAng">59061.952</dst>
            <dst id="NYCMng">120680.613333333</dst>
            <dst id="SNVAng">881.997333333333</dst>
            <dst id="STTLng">24847.3306666667</dst>
            <dst id="WASHng">69941.0906666667</dst>
        </src>
        <src id="SNVAng">
            <dst id="ATLA-M5">0</dst>
            <dst id="ATLAng">121.688</dst>
            <dst id="CHINng">687.106666666667</dst>
            <dst id="DNVRng">10028.544</dst>
            <dst id="HSTNng">154.976</dst>
            <dst id="IPLSng">5773.46133333334</dst>
            <dst id="KSCYng">176.141333333333</dst>
            <dst id="LOSAng">28344.44</dst>
            <dst id="NYCMng">1278.36533333333</dst>
            <dst id="SNVAng">10243.3893333333</dst>
            <dst id="STTLng">22609.8773333333</dst>
            <dst id="WASHng">111.338666666667</dst>
        </src>
        <src id="STTLng">
            <dst id="ATLA-M5">401.589333333333</dst>
            <dst id="ATLAng">11771.944</dst>
            <dst id="CHINng">45023.208</dst>
            <dst id="DNVRng">1445.16</dst>
            <dst id="HSTNng">2600.47466666667</dst>
            <dst id="IPLSng">20550.3973333333</dst>
            <dst id="KSCYng">11524.4773333333</dst>
            <dst id="LOSAng">21742.944</dst>
            <dst id="NYCMng">10675.6453333333</dst>
            <dst id="SNVAng">2298.86933333333</dst>
            <dst id="STTLng">1642.14933333333</dst>
            <dst id="WASHng">9906.28</dst>
        </src>
        <src id="WASHng">
            <dst id="ATLA-M5">657.256</dst>
            <dst id="ATLAng">109449.402666667</dst>
            <dst id="CHINng">72762.5786666667</dst>
            <dst id="DNVRng">80187.9066666667</dst>
            <dst id="HSTNng">8153.65066666667</dst>
            <dst id="IPLSng">43129.496</dst>
            <dst id="KSCYng">13129.3013333333</dst>
            <dst id="LOSAng">97987.976</dst>
            <dst id="NYCMng">161486.194666667</dst>
            <dst id="SNVAng">494.08</dst>
            <dst id="STTLng">19470.3973333333</dst>
            <dst id="WASHng">345640.106666667</dst>
        </src>
    </IntraTM>
</TrafficMatrixFile>
