<?xml version="1.0" encoding="ISO-8859-1" standalone="yes"?>
<TrafficMatrixFile xsi:noNamespaceSchemaLocation="http://totem.run.montefiore.ulg.ac.be/Schema/TrafficMatrix-v1_2.xsd" xmlns:xsi="http://www.w3.org/2001/XMLSchema-instance">
    <IntraTM ASID="11537">
        <src id="ATLA-M5">
            <dst id="ATLA-M5">0</dst>
            <dst id="ATLAng">53.1946666666667</dst>
            <dst id="CHINng">60.4</dst>
            <dst id="DNVRng">0</dst>
            <dst id="HSTNng">105.906666666667</dst>
            <dst id="IPLSng">0</dst>
            <dst id="KSCYng">26.6666666666667</dst>
            <dst id="LOSAng">133.776</dst>
            <dst id="NYCMng">26.6666666666667</dst>
            <dst id="SNVAng">0</dst>
            <dst id="STTLng">26.6666666666667</dst>
            <dst id="WASHng">1678</dst>
        </src>
        <src id="ATLAng">
            <dst id="ATLA-M5">1681.22133333333</dst>
            <dst id="ATLAng">32886.0026666667</dst>
            <dst id="CHINng">5338.57066666667</dst>
            <dst id="DNVRng">4130.464</dst>
            <dst id="HSTNng">554.106666666667</dst>
            <dst id="IPLSng">12633.584</dst>
            <dst id="KSCYng">628.488</dst>
            <dst id="LOSAng">16354.2453333333</dst>
            <dst id="NYCMng">4844.98933333333</dst>
            <dst id="SNVAng">40</dst>
            <dst id="STTLng">4323.85866666667</dst>
            <dst id="WASHng">41968.2426666667</dst>
        </src>
        <src id="CHINng">
            <dst id="ATLA-M5">845.770666666667</dst>
            <dst id="ATLAng">37075.0533333333</dst>
            <dst id="CHINng">85445.6373333333</dst>
            <dst id="DNVRng">19585.4853333333</dst>
            <dst id="HSTNng">8753.44266666667</dst>
            <dst id="IPLSng">19484.6586666667</dst>
            <dst id="KSCYng">10119.5573333333</dst>
            <dst id="LOSAng">60977.6106666667</dst>
            <dst id="NYCMng">8404.86133333333</dst>
            <dst id="SNVAng">339.042666666667</dst>
            <dst id="STTLng">5715.728</dst>
            <dst id="WASHng">13825.264</dst>
        </src>
        <src id="DNVRng">
            <dst id="ATLA-M5">134.554666666667</dst>
            <dst id="ATLAng">3155.97866666667</dst>
            <dst id="CHINng">54672.0293333333</dst>
            <dst id="DNVRng">13174.584</dst>
            <dst id="HSTNng">22421.4613333333</dst>
            <dst id="IPLSng">22223.8666666667</dst>
            <dst id="KSCYng">27692.264</dst>
            <dst id="LOSAng">17132.192</dst>
            <dst id="NYCMng">14079.9093333333</dst>
            <dst id="SNVAng">9614.02666666666</dst>
            <dst id="STTLng">14345.8853333333</dst>
            <dst id="WASHng">39004.6906666667</dst>
        </src>
        <src id="HSTNng">
            <dst id="ATLA-M5">3066.56533333333</dst>
            <dst id="ATLAng">16923.9653333333</dst>
            <dst id="CHINng">14195.2133333333</dst>
            <dst id="DNVRng">2175.33066666667</dst>
            <dst id="HSTNng">5023.09333333333</dst>
            <dst id="IPLSng">1060.27466666667</dst>
            <dst id="KSCYng">807.821333333333</dst>
            <dst id="LOSAng">9525.32533333333</dst>
            <dst id="NYCMng">2107.80266666667</dst>
            <dst id="SNVAng">0</dst>
            <dst id="STTLng">1965.096</dst>
            <dst id="WASHng">3254.08533333333</dst>
        </src>
        <src id="IPLSng">
            <dst id="ATLA-M5">0</dst>
            <dst id="ATLAng">8648.28266666667</dst>
            <dst id="CHINng">79816.9626666667</dst>
            <dst id="DNVRng">4012.576</dst>
            <dst id="HSTNng">1431.48</dst>
            <dst id="IPLSng">19096.232</dst>
            <dst id="KSCYng">1961.75466666667</dst>
            <dst id="LOSAng">53873.6133333333</dst>
            <dst id="NYCMng">26564.7866666667</dst>
            <dst id="SNVAng">1498</dst>
            <dst id="STTLng">17722.664</dst>
            <dst id="WASHng">4072.56</dst>
        </src>
        <src id="KSCYng">
            <dst id="ATLA-M5">0</dst>
            <dst id="ATLAng">1421.288</dst>
            <dst id="CHINng">19829.704</dst>
            <dst id="DNVRng">14571.6773333333</dst>
            <dst id="HSTNng">2505.16</dst>
            <dst id="IPLSng">15110.5306666667</dst>
            <dst id="KSCYng">6396.30933333333</dst>
            <dst id="LOSAng">6483.27733333333</dst>
            <dst id="NYCMng">3201.55733333333</dst>
            <dst id="SNVAng">101.568</dst>
            <dst id="STTLng">1761.664</dst>
            <dst id="WASHng">6454.94933333333</dst>
        </src>
        <src id="LOSAng">
            <dst id="ATLA-M5">793.856</dst>
            <dst id="ATLAng">40170.4666666667</dst>
            <dst id="CHINng">109291.701333333</dst>
            <dst id="DNVRng">7679.048</dst>
            <dst id="HSTNng">4044.01866666667</dst>
            <dst id="IPLSng">18059.3893333333</dst>
            <dst id="KSCYng">7777.52533333333</dst>
            <dst id="LOSAng">20592.1493333333</dst>
            <dst id="NYCMng">60657.168</dst>
            <dst id="SNVAng">5824.712</dst>
            <dst id="STTLng">42233.664</dst>
            <dst id="WASHng">105801.024</dst>
        </src>
        <src id="NYCMng">
            <dst id="ATLA-M5">1322.59466666667</dst>
            <dst id="ATLAng">29778.408</dst>
            <dst id="CHINng">56885.1786666667</dst>
            <dst id="DNVRng">22931.4986666667</dst>
            <dst id="HSTNng">7110.20266666667</dst>
            <dst id="IPLSng">32161.4266666667</dst>
            <dst id="KSCYng">5336.528</dst>
            <dst id="LOSAng">86218.064</dst>
            <dst id="NYCMng">131894.704</dst>
            <dst id="SNVAng">2126.96533333333</dst>
            <dst id="STTLng">28219.128</dst>
            <dst id="WASHng">82980.6266666667</dst>
        </src>
        <src id="SNVAng">
            <dst id="ATLA-M5">0</dst>
            <dst id="ATLAng">80</dst>
            <dst id="CHINng">137.178666666667</dst>
            <dst id="DNVRng">1433.89333333333</dst>
            <dst id="HSTNng">127.968</dst>
            <dst id="IPLSng">5398.86666666667</dst>
            <dst id="KSCYng">116.856</dst>
            <dst id="LOSAng">47050.4133333333</dst>
            <dst id="NYCMng">350.882666666667</dst>
            <dst id="SNVAng">8792.46133333333</dst>
            <dst id="STTLng">24786.5066666667</dst>
            <dst id="WASHng">26.6666666666667</dst>
        </src>
        <src id="STTLng">
            <dst id="ATLA-M5">26.6666666666667</dst>
            <dst id="ATLAng">8278.49866666667</dst>
            <dst id="CHINng">24499.5333333333</dst>
            <dst id="DNVRng">1559.49066666667</dst>
            <dst id="HSTNng">1806.64266666667</dst>
            <dst id="IPLSng">6653.19466666667</dst>
            <dst id="KSCYng">2058.288</dst>
            <dst id="LOSAng">36984.384</dst>
            <dst id="NYCMng">9132.40266666667</dst>
            <dst id="SNVAng">4083.40266666667</dst>
            <dst id="STTLng">3017.63466666667</dst>
            <dst id="WASHng">9562.87733333333</dst>
        </src>
        <src id="WASHng">
            <dst id="ATLA-M5">87.8133333333333</dst>
            <dst id="ATLAng">96950.672</dst>
            <dst id="CHINng">100899.112</dst>
            <dst id="DNVRng">59788.296</dst>
            <dst id="HSTNng">21973.648</dst>
            <dst id="IPLSng">28698.8026666667</dst>
            <dst id="KSCYng">9842.76</dst>
            <dst id="LOSAng">130619.517333333</dst>
            <dst id="NYCMng">106103.802666667</dst>
            <dst id="SNVAng">503.168</dst>
            <dst id="STTLng">36320.456</dst>
            <dst id="WASHng">286465.413333333</dst>
        </src>
    </IntraTM>
</TrafficMatrixFile>
