<?xml version="1.0" encoding="ISO-8859-1" standalone="yes"?>
<TrafficMatrixFile xsi:noNamespaceSchemaLocation="http://totem.run.montefiore.ulg.ac.be/Schema/TrafficMatrix-v1_2.xsd" xmlns:xsi="http://www.w3.org/2001/XMLSchema-instance">
    <IntraTM ASID="11537">
        <src id="ATLA-M5">
            <dst id="ATLA-M5">370.882666666667</dst>
            <dst id="ATLAng">1329.92533333333</dst>
            <dst id="CHINng">331.016</dst>
            <dst id="DNVRng">148.696</dst>
            <dst id="HSTNng">262.746666666667</dst>
            <dst id="IPLSng">182.266666666667</dst>
            <dst id="KSCYng">74.6986666666667</dst>
            <dst id="LOSAng">383.005333333333</dst>
            <dst id="NYCMng">746.890666666667</dst>
            <dst id="SNVAng">1821.25866666667</dst>
            <dst id="STTLng">739.365333333333</dst>
            <dst id="WASHng">2364.696</dst>
        </src>
        <src id="ATLAng">
            <dst id="ATLA-M5">359.848</dst>
            <dst id="ATLAng">35249.5786666667</dst>
            <dst id="CHINng">25288.0533333333</dst>
            <dst id="DNVRng">5272.76266666667</dst>
            <dst id="HSTNng">2915.18133333333</dst>
            <dst id="IPLSng">15948.76</dst>
            <dst id="KSCYng">15759.232</dst>
            <dst id="LOSAng">16317.4466666667</dst>
            <dst id="NYCMng">9938.98666666667</dst>
            <dst id="SNVAng">812.788</dst>
            <dst id="STTLng">6546.464</dst>
            <dst id="WASHng">63557.5226666667</dst>
        </src>
        <src id="CHINng">
            <dst id="ATLA-M5">425.770666666667</dst>
            <dst id="ATLAng">27547.864</dst>
            <dst id="CHINng">135161.394666667</dst>
            <dst id="DNVRng">17847.952</dst>
            <dst id="HSTNng">9162.81333333333</dst>
            <dst id="IPLSng">47254.432</dst>
            <dst id="KSCYng">18596.88</dst>
            <dst id="LOSAng">46350.4453333333</dst>
            <dst id="NYCMng">9093.63466666667</dst>
            <dst id="SNVAng">1439.05866666667</dst>
            <dst id="STTLng">10185.176</dst>
            <dst id="WASHng">54575.3893333333</dst>
        </src>
        <src id="DNVRng">
            <dst id="ATLA-M5">176.373333333333</dst>
            <dst id="ATLAng">10053.6213333333</dst>
            <dst id="CHINng">58671.2986666667</dst>
            <dst id="DNVRng">20672.8053333333</dst>
            <dst id="HSTNng">25177.3546666667</dst>
            <dst id="IPLSng">21750.6906666667</dst>
            <dst id="KSCYng">41489.376</dst>
            <dst id="LOSAng">16234.192</dst>
            <dst id="NYCMng">13356.3546666667</dst>
            <dst id="SNVAng">14573.4053333333</dst>
            <dst id="STTLng">16636.7573333333</dst>
            <dst id="WASHng">47338.0906666667</dst>
        </src>
        <src id="HSTNng">
            <dst id="ATLA-M5">3485.776</dst>
            <dst id="ATLAng">3313.024</dst>
            <dst id="CHINng">22789.7653333333</dst>
            <dst id="DNVRng">2341.32266666667</dst>
            <dst id="HSTNng">7088.13333333333</dst>
            <dst id="IPLSng">4204.232</dst>
            <dst id="KSCYng">3359.04</dst>
            <dst id="LOSAng">15087.0053333333</dst>
            <dst id="NYCMng">2660.85866666667</dst>
            <dst id="SNVAng">399.362666666667</dst>
            <dst id="STTLng">1911.56266666667</dst>
            <dst id="WASHng">9471.91733333333</dst>
        </src>
        <src id="IPLSng">
            <dst id="ATLA-M5">160</dst>
            <dst id="ATLAng">21658.5813333333</dst>
            <dst id="CHINng">130582.693333333</dst>
            <dst id="DNVRng">16001.7146666667</dst>
            <dst id="HSTNng">5960.096</dst>
            <dst id="IPLSng">41736.9306666667</dst>
            <dst id="KSCYng">9686.45066666667</dst>
            <dst id="LOSAng">45376.9253333333</dst>
            <dst id="NYCMng">26393.656</dst>
            <dst id="SNVAng">2231.448</dst>
            <dst id="STTLng">14503.6213333333</dst>
            <dst id="WASHng">34062.24</dst>
        </src>
        <src id="KSCYng">
            <dst id="ATLA-M5">320.709333333333</dst>
            <dst id="ATLAng">3665.65333333333</dst>
            <dst id="CHINng">29879.0053333333</dst>
            <dst id="DNVRng">20057.448</dst>
            <dst id="HSTNng">5568.37333333333</dst>
            <dst id="IPLSng">16377.44</dst>
            <dst id="KSCYng">8572.34666666667</dst>
            <dst id="LOSAng">8964.77866666667</dst>
            <dst id="NYCMng">3834.20533333333</dst>
            <dst id="SNVAng">297.24</dst>
            <dst id="STTLng">2093.64266666667</dst>
            <dst id="WASHng">9582.06666666667</dst>
        </src>
        <src id="LOSAng">
            <dst id="ATLA-M5">2745.544</dst>
            <dst id="ATLAng">29638.32</dst>
            <dst id="CHINng">135118.282666667</dst>
            <dst id="DNVRng">8474.10933333333</dst>
            <dst id="HSTNng">14197.472</dst>
            <dst id="IPLSng">76604.4746666667</dst>
            <dst id="KSCYng">12258.5226666667</dst>
            <dst id="LOSAng">15337.768</dst>
            <dst id="NYCMng">68161.4213333333</dst>
            <dst id="SNVAng">15776.4</dst>
            <dst id="STTLng">49740.9866666667</dst>
            <dst id="WASHng">110570.472</dst>
        </src>
        <src id="NYCMng">
            <dst id="ATLA-M5">694.562666666667</dst>
            <dst id="ATLAng">57963.8</dst>
            <dst id="CHINng">63231.6213333333</dst>
            <dst id="DNVRng">29482.3733333333</dst>
            <dst id="HSTNng">10521.352</dst>
            <dst id="IPLSng">79118.7946666667</dst>
            <dst id="KSCYng">17522.4053333333</dst>
            <dst id="LOSAng">62718.016</dst>
            <dst id="NYCMng">129461.088</dst>
            <dst id="SNVAng">5199.06133333333</dst>
            <dst id="STTLng">26580.0373333333</dst>
            <dst id="WASHng">95753.3333333333</dst>
        </src>
        <src id="SNVAng">
            <dst id="ATLA-M5">0</dst>
            <dst id="ATLAng">2068.11466666667</dst>
            <dst id="CHINng">3287.82133333333</dst>
            <dst id="DNVRng">11060.4613333333</dst>
            <dst id="HSTNng">184.824</dst>
            <dst id="IPLSng">732.573333333333</dst>
            <dst id="KSCYng">121.629333333333</dst>
            <dst id="LOSAng">19250.6453333333</dst>
            <dst id="NYCMng">332.754666666667</dst>
            <dst id="SNVAng">9385.49066666667</dst>
            <dst id="STTLng">20946.8453333333</dst>
            <dst id="WASHng">314.250666666667</dst>
        </src>
        <src id="STTLng">
            <dst id="ATLA-M5">740.901333333333</dst>
            <dst id="ATLAng">15428.9813333333</dst>
            <dst id="CHINng">37120.872</dst>
            <dst id="DNVRng">4111.89333333333</dst>
            <dst id="HSTNng">5873.67733333333</dst>
            <dst id="IPLSng">20182.9653333333</dst>
            <dst id="KSCYng">6238.76533333333</dst>
            <dst id="LOSAng">27996.3893333333</dst>
            <dst id="NYCMng">22881.3466666667</dst>
            <dst id="SNVAng">8739.10933333333</dst>
            <dst id="STTLng">8067.52</dst>
            <dst id="WASHng">17629.7626666667</dst>
        </src>
        <src id="WASHng">
            <dst id="ATLA-M5">1801.11466666667</dst>
            <dst id="ATLAng">97823.6986666667</dst>
            <dst id="CHINng">115178.962666667</dst>
            <dst id="DNVRng">82800.7146666667</dst>
            <dst id="HSTNng">23413.2213333333</dst>
            <dst id="IPLSng">72446.9173333333</dst>
            <dst id="KSCYng">47639.1146666667</dst>
            <dst id="LOSAng">112573.898666667</dst>
            <dst id="NYCMng">171092.277333333</dst>
            <dst id="SNVAng">5975.06133333333</dst>
            <dst id="STTLng">41971.1413333333</dst>
            <dst id="WASHng">413292.533333333</dst>
        </src>
    </IntraTM>
</TrafficMatrixFile>
