<?xml version="1.0" encoding="ISO-8859-1" standalone="yes"?>
<TrafficMatrixFile xsi:noNamespaceSchemaLocation="http://totem.run.montefiore.ulg.ac.be/Schema/TrafficMatrix-v1_2.xsd" xmlns:xsi="http://www.w3.org/2001/XMLSchema-instance">
    <IntraTM ASID="11537">
        <src id="ATLA-M5">
            <dst id="ATLA-M5">0</dst>
            <dst id="ATLAng">26.6666666666667</dst>
            <dst id="CHINng">219.034666666667</dst>
            <dst id="DNVRng">0</dst>
            <dst id="HSTNng">66.0773333333333</dst>
            <dst id="IPLSng">1104.41866666667</dst>
            <dst id="KSCYng">0</dst>
            <dst id="LOSAng">107.474666666667</dst>
            <dst id="NYCMng">0</dst>
            <dst id="SNVAng">0</dst>
            <dst id="STTLng">57.216</dst>
            <dst id="WASHng">214.032</dst>
        </src>
        <src id="ATLAng">
            <dst id="ATLA-M5">178.245333333333</dst>
            <dst id="ATLAng">38080.4346666667</dst>
            <dst id="CHINng">7845.57866666667</dst>
            <dst id="DNVRng">5634.35466666667</dst>
            <dst id="HSTNng">2103.95733333333</dst>
            <dst id="IPLSng">9499.70133333333</dst>
            <dst id="KSCYng">1600.75466666667</dst>
            <dst id="LOSAng">15710.5226666667</dst>
            <dst id="NYCMng">4694.39733333333</dst>
            <dst id="SNVAng">13.3333333333333</dst>
            <dst id="STTLng">6648.08266666667</dst>
            <dst id="WASHng">22961.8693333333</dst>
        </src>
        <src id="CHINng">
            <dst id="ATLA-M5">354.986666666667</dst>
            <dst id="ATLAng">15781.2533333333</dst>
            <dst id="CHINng">167708.885333333</dst>
            <dst id="DNVRng">17052.728</dst>
            <dst id="HSTNng">3858.72266666667</dst>
            <dst id="IPLSng">74287.0506666667</dst>
            <dst id="KSCYng">14700.5866666667</dst>
            <dst id="LOSAng">70596.424</dst>
            <dst id="NYCMng">7473.38133333333</dst>
            <dst id="SNVAng">440.565333333333</dst>
            <dst id="STTLng">7411.06133333333</dst>
            <dst id="WASHng">22746.2746666667</dst>
        </src>
        <src id="DNVRng">
            <dst id="ATLA-M5">0</dst>
            <dst id="ATLAng">7897.43733333333</dst>
            <dst id="CHINng">49593.6453333333</dst>
            <dst id="DNVRng">29703.8506666667</dst>
            <dst id="HSTNng">25277.64</dst>
            <dst id="IPLSng">22251.9973333333</dst>
            <dst id="KSCYng">20456.5173333333</dst>
            <dst id="LOSAng">11755.6826666667</dst>
            <dst id="NYCMng">10817.6853333333</dst>
            <dst id="SNVAng">11932.8693333333</dst>
            <dst id="STTLng">11095.4453333333</dst>
            <dst id="WASHng">34297.504</dst>
        </src>
        <src id="HSTNng">
            <dst id="ATLA-M5">2001.93066666667</dst>
            <dst id="ATLAng">2781.488</dst>
            <dst id="CHINng">10469.712</dst>
            <dst id="DNVRng">1522.77866666667</dst>
            <dst id="HSTNng">7304.46133333333</dst>
            <dst id="IPLSng">1313.58933333333</dst>
            <dst id="KSCYng">2455.82666666667</dst>
            <dst id="LOSAng">11864.2613333333</dst>
            <dst id="NYCMng">2248.37066666667</dst>
            <dst id="SNVAng">0</dst>
            <dst id="STTLng">3949.88266666667</dst>
            <dst id="WASHng">8032.728</dst>
        </src>
        <src id="IPLSng">
            <dst id="ATLA-M5">53.3333333333333</dst>
            <dst id="ATLAng">12031.4826666667</dst>
            <dst id="CHINng">71626.168</dst>
            <dst id="DNVRng">6523.82133333333</dst>
            <dst id="HSTNng">9285.13866666667</dst>
            <dst id="IPLSng">27113.0773333333</dst>
            <dst id="KSCYng">3001.66666666667</dst>
            <dst id="LOSAng">51207.7013333333</dst>
            <dst id="NYCMng">31764.2906666667</dst>
            <dst id="SNVAng">3640.18666666667</dst>
            <dst id="STTLng">10787.5253333333</dst>
            <dst id="WASHng">15589.944</dst>
        </src>
        <src id="KSCYng">
            <dst id="ATLA-M5">75.1466666666667</dst>
            <dst id="ATLAng">1424.84266666667</dst>
            <dst id="CHINng">21653.12</dst>
            <dst id="DNVRng">18542.3066666667</dst>
            <dst id="HSTNng">2928.584</dst>
            <dst id="IPLSng">9573.55733333334</dst>
            <dst id="KSCYng">4397.008</dst>
            <dst id="LOSAng">7196.32</dst>
            <dst id="NYCMng">3781.02133333333</dst>
            <dst id="SNVAng">93.0746666666667</dst>
            <dst id="STTLng">4910.79466666667</dst>
            <dst id="WASHng">14566.192</dst>
        </src>
        <src id="LOSAng">
            <dst id="ATLA-M5">63.936</dst>
            <dst id="ATLAng">8455.39466666667</dst>
            <dst id="CHINng">85283.4133333333</dst>
            <dst id="DNVRng">7424.22133333333</dst>
            <dst id="HSTNng">13116.944</dst>
            <dst id="IPLSng">42646.936</dst>
            <dst id="KSCYng">6187.832</dst>
            <dst id="LOSAng">21749.0613333333</dst>
            <dst id="NYCMng">82133.856</dst>
            <dst id="SNVAng">9776.81866666667</dst>
            <dst id="STTLng">51265.7013333333</dst>
            <dst id="WASHng">114642.685333333</dst>
        </src>
        <src id="NYCMng">
            <dst id="ATLA-M5">1072.17333333333</dst>
            <dst id="ATLAng">24672.3013333333</dst>
            <dst id="CHINng">55295.3146666667</dst>
            <dst id="DNVRng">120166.282666667</dst>
            <dst id="HSTNng">12814.5226666667</dst>
            <dst id="IPLSng">25960.52</dst>
            <dst id="KSCYng">11327.5173333333</dst>
            <dst id="LOSAng">106083.610666667</dst>
            <dst id="NYCMng">56084.152</dst>
            <dst id="SNVAng">1686.016</dst>
            <dst id="STTLng">30962.8666666667</dst>
            <dst id="WASHng">44092.4986666667</dst>
        </src>
        <src id="SNVAng">
            <dst id="ATLA-M5">0</dst>
            <dst id="ATLAng">0</dst>
            <dst id="CHINng">1930.83733333333</dst>
            <dst id="DNVRng">260.229333333333</dst>
            <dst id="HSTNng">1024.34133333333</dst>
            <dst id="IPLSng">187.744</dst>
            <dst id="KSCYng">0</dst>
            <dst id="LOSAng">41589.5466666667</dst>
            <dst id="NYCMng">214.357333333333</dst>
            <dst id="SNVAng">11564.7493333333</dst>
            <dst id="STTLng">32731.9493333333</dst>
            <dst id="WASHng">0</dst>
        </src>
        <src id="STTLng">
            <dst id="ATLA-M5">66.688</dst>
            <dst id="ATLAng">8267.48</dst>
            <dst id="CHINng">14859.8</dst>
            <dst id="DNVRng">3663.77333333333</dst>
            <dst id="HSTNng">2925.98933333333</dst>
            <dst id="IPLSng">5393.93066666667</dst>
            <dst id="KSCYng">2976.49066666667</dst>
            <dst id="LOSAng">33801.112</dst>
            <dst id="NYCMng">9534.01866666667</dst>
            <dst id="SNVAng">5393.70133333333</dst>
            <dst id="STTLng">5754.16</dst>
            <dst id="WASHng">5084.86133333333</dst>
        </src>
        <src id="WASHng">
            <dst id="ATLA-M5">112.637333333333</dst>
            <dst id="ATLAng">72685.2826666667</dst>
            <dst id="CHINng">100705.792</dst>
            <dst id="DNVRng">55008.064</dst>
            <dst id="HSTNng">17969.3146666667</dst>
            <dst id="IPLSng">50821.5146666667</dst>
            <dst id="KSCYng">19968.6426666667</dst>
            <dst id="LOSAng">132178.130666667</dst>
            <dst id="NYCMng">188076.424</dst>
            <dst id="SNVAng">4506.072</dst>
            <dst id="STTLng">46350.336</dst>
            <dst id="WASHng">208363.024</dst>
        </src>
    </IntraTM>
</TrafficMatrixFile>
