<?xml version="1.0" encoding="ISO-8859-1" standalone="yes"?>
<TrafficMatrixFile xsi:noNamespaceSchemaLocation="http://totem.run.montefiore.ulg.ac.be/Schema/TrafficMatrix-v1_2.xsd" xmlns:xsi="http://www.w3.org/2001/XMLSchema-instance">
    <IntraTM ASID="11537">
        <src id="ATLA-M5">
            <dst id="ATLA-M5">312.157333333333</dst>
            <dst id="ATLAng">1348.96266666667</dst>
            <dst id="CHINng">217.029333333333</dst>
            <dst id="DNVRng">80</dst>
            <dst id="HSTNng">80</dst>
            <dst id="IPLSng">469.426666666667</dst>
            <dst id="KSCYng">0</dst>
            <dst id="LOSAng">485.869333333333</dst>
            <dst id="NYCMng">511.752</dst>
            <dst id="SNVAng">0</dst>
            <dst id="STTLng">0</dst>
            <dst id="WASHng">1513.22666666667</dst>
        </src>
        <src id="ATLAng">
            <dst id="ATLA-M5">334.392</dst>
            <dst id="ATLAng">33157.7093333333</dst>
            <dst id="CHINng">13150.9786666667</dst>
            <dst id="DNVRng">4012.62666666667</dst>
            <dst id="HSTNng">3761.848</dst>
            <dst id="IPLSng">8045.49066666667</dst>
            <dst id="KSCYng">5120.63466666667</dst>
            <dst id="LOSAng">12126.952</dst>
            <dst id="NYCMng">7067.67733333333</dst>
            <dst id="SNVAng">1190.16533333333</dst>
            <dst id="STTLng">5553.13333333333</dst>
            <dst id="WASHng">63090.5626666667</dst>
        </src>
        <src id="CHINng">
            <dst id="ATLA-M5">2025.29866666667</dst>
            <dst id="ATLAng">34554.9306666667</dst>
            <dst id="CHINng">116798.589333333</dst>
            <dst id="DNVRng">9071.912</dst>
            <dst id="HSTNng">7529.944</dst>
            <dst id="IPLSng">36672.6826666667</dst>
            <dst id="KSCYng">6332.46933333333</dst>
            <dst id="LOSAng">40315.512</dst>
            <dst id="NYCMng">7784.18933333333</dst>
            <dst id="SNVAng">734.442666666667</dst>
            <dst id="STTLng">5989.80266666667</dst>
            <dst id="WASHng">65662.4906666667</dst>
        </src>
        <src id="DNVRng">
            <dst id="ATLA-M5">347.610666666667</dst>
            <dst id="ATLAng">8795.36</dst>
            <dst id="CHINng">53049.528</dst>
            <dst id="DNVRng">26275.808</dst>
            <dst id="HSTNng">23011.0266666667</dst>
            <dst id="IPLSng">27570.8906666667</dst>
            <dst id="KSCYng">29464.432</dst>
            <dst id="LOSAng">6634.75733333333</dst>
            <dst id="NYCMng">21931.8373333333</dst>
            <dst id="SNVAng">15741.5706666667</dst>
            <dst id="STTLng">13057.8133333333</dst>
            <dst id="WASHng">47633.5893333333</dst>
        </src>
        <src id="HSTNng">
            <dst id="ATLA-M5">491.117333333333</dst>
            <dst id="ATLAng">4783.35733333333</dst>
            <dst id="CHINng">17478.48</dst>
            <dst id="DNVRng">1497.01866666667</dst>
            <dst id="HSTNng">8970.83733333333</dst>
            <dst id="IPLSng">1613.77066666667</dst>
            <dst id="KSCYng">5125.768</dst>
            <dst id="LOSAng">8165.112</dst>
            <dst id="NYCMng">3121.85333333333</dst>
            <dst id="SNVAng">209.944</dst>
            <dst id="STTLng">1262.10133333333</dst>
            <dst id="WASHng">7617.38933333334</dst>
        </src>
        <src id="IPLSng">
            <dst id="ATLA-M5">88.6373333333333</dst>
            <dst id="ATLAng">30985.48</dst>
            <dst id="CHINng">92833.68</dst>
            <dst id="DNVRng">10545.648</dst>
            <dst id="HSTNng">4885.72533333333</dst>
            <dst id="IPLSng">37744.136</dst>
            <dst id="KSCYng">7379.232</dst>
            <dst id="LOSAng">21686.0186666667</dst>
            <dst id="NYCMng">27446.656</dst>
            <dst id="SNVAng">731.68</dst>
            <dst id="STTLng">7181.95466666667</dst>
            <dst id="WASHng">21871.1306666667</dst>
        </src>
        <src id="KSCYng">
            <dst id="ATLA-M5">325.546666666667</dst>
            <dst id="ATLAng">6638.30133333333</dst>
            <dst id="CHINng">32499.176</dst>
            <dst id="DNVRng">8353.43733333333</dst>
            <dst id="HSTNng">3444.42133333333</dst>
            <dst id="IPLSng">18289.5226666667</dst>
            <dst id="KSCYng">15055.6426666667</dst>
            <dst id="LOSAng">23118.592</dst>
            <dst id="NYCMng">5480.176</dst>
            <dst id="SNVAng">138.024</dst>
            <dst id="STTLng">1364.31466666667</dst>
            <dst id="WASHng">10734.3333333333</dst>
        </src>
        <src id="LOSAng">
            <dst id="ATLA-M5">935.397333333333</dst>
            <dst id="ATLAng">25707.904</dst>
            <dst id="CHINng">148056.434666667</dst>
            <dst id="DNVRng">8672.17866666666</dst>
            <dst id="HSTNng">9867.584</dst>
            <dst id="IPLSng">52683.48</dst>
            <dst id="KSCYng">8066.272</dst>
            <dst id="LOSAng">14006.9733333333</dst>
            <dst id="NYCMng">61037.136</dst>
            <dst id="SNVAng">12572.368</dst>
            <dst id="STTLng">39380.9066666667</dst>
            <dst id="WASHng">111544.146666667</dst>
        </src>
        <src id="NYCMng">
            <dst id="ATLA-M5">482.682666666667</dst>
            <dst id="ATLAng">55713.8213333333</dst>
            <dst id="CHINng">84116.5466666667</dst>
            <dst id="DNVRng">26433.2666666667</dst>
            <dst id="HSTNng">8532.432</dst>
            <dst id="IPLSng">41074.2426666667</dst>
            <dst id="KSCYng">14252.792</dst>
            <dst id="LOSAng">51425.1466666667</dst>
            <dst id="NYCMng">115701.602666667</dst>
            <dst id="SNVAng">2522.6</dst>
            <dst id="STTLng">18949.92</dst>
            <dst id="WASHng">79395.1866666667</dst>
        </src>
        <src id="SNVAng">
            <dst id="ATLA-M5">26.6666666666667</dst>
            <dst id="ATLAng">133.333333333333</dst>
            <dst id="CHINng">471.029333333333</dst>
            <dst id="DNVRng">8995.01866666667</dst>
            <dst id="HSTNng">540.554666666667</dst>
            <dst id="IPLSng">11530.936</dst>
            <dst id="KSCYng">106.666666666667</dst>
            <dst id="LOSAng">25477.464</dst>
            <dst id="NYCMng">4843.17866666667</dst>
            <dst id="SNVAng">11388.9973333333</dst>
            <dst id="STTLng">22338.7413333333</dst>
            <dst id="WASHng">266.370666666667</dst>
        </src>
        <src id="STTLng">
            <dst id="ATLA-M5">408.376</dst>
            <dst id="ATLAng">15914.5253333333</dst>
            <dst id="CHINng">35822.7253333333</dst>
            <dst id="DNVRng">2616.704</dst>
            <dst id="HSTNng">2633.97066666667</dst>
            <dst id="IPLSng">12961.568</dst>
            <dst id="KSCYng">2319.73866666667</dst>
            <dst id="LOSAng">19967.7626666667</dst>
            <dst id="NYCMng">11289.792</dst>
            <dst id="SNVAng">4023.75733333333</dst>
            <dst id="STTLng">8190.536</dst>
            <dst id="WASHng">17264.6613333333</dst>
        </src>
        <src id="WASHng">
            <dst id="ATLA-M5">1523.88266666667</dst>
            <dst id="ATLAng">107053.930666667</dst>
            <dst id="CHINng">125942.293333333</dst>
            <dst id="DNVRng">52615.0906666667</dst>
            <dst id="HSTNng">38307.9226666667</dst>
            <dst id="IPLSng">66121.736</dst>
            <dst id="KSCYng">27806.4533333333</dst>
            <dst id="LOSAng">104026.141333333</dst>
            <dst id="NYCMng">188567.896</dst>
            <dst id="SNVAng">5365.42933333334</dst>
            <dst id="STTLng">51853.1413333333</dst>
            <dst id="WASHng">291519.573333333</dst>
        </src>
    </IntraTM>
</TrafficMatrixFile>
