<?xml version="1.0" encoding="ISO-8859-1" standalone="yes"?>
<TrafficMatrixFile xsi:noNamespaceSchemaLocation="http://totem.run.montefiore.ulg.ac.be/Schema/TrafficMatrix-v1_2.xsd" xmlns:xsi="http://www.w3.org/2001/XMLSchema-instance">
    <IntraTM ASID="11537">
        <src id="ATLA-M5">
            <dst id="ATLA-M5">191.453333333333</dst>
            <dst id="ATLAng">104.170666666667</dst>
            <dst id="CHINng">1085.36266666667</dst>
            <dst id="DNVRng">38.2506666666667</dst>
            <dst id="HSTNng">125.405333333333</dst>
            <dst id="IPLSng">240.688</dst>
            <dst id="KSCYng">165.946666666667</dst>
            <dst id="LOSAng">944.544</dst>
            <dst id="NYCMng">425.784</dst>
            <dst id="SNVAng">13.3333333333333</dst>
            <dst id="STTLng">329.44</dst>
            <dst id="WASHng">3865.50933333333</dst>
        </src>
        <src id="ATLAng">
            <dst id="ATLA-M5">438.042666666667</dst>
            <dst id="ATLAng">53370.0453333333</dst>
            <dst id="CHINng">26667.824</dst>
            <dst id="DNVRng">7227.04533333333</dst>
            <dst id="HSTNng">2731.58133333333</dst>
            <dst id="IPLSng">15621.9893333333</dst>
            <dst id="KSCYng">6676.336</dst>
            <dst id="LOSAng">18624.772</dst>
            <dst id="NYCMng">15433.9466666667</dst>
            <dst id="SNVAng">881.724</dst>
            <dst id="STTLng">7592.51466666667</dst>
            <dst id="WASHng">59824.576</dst>
        </src>
        <src id="CHINng">
            <dst id="ATLA-M5">530.437333333333</dst>
            <dst id="ATLAng">22696.064</dst>
            <dst id="CHINng">111944.946666667</dst>
            <dst id="DNVRng">18616.432</dst>
            <dst id="HSTNng">17346.6186666667</dst>
            <dst id="IPLSng">55180.7786666667</dst>
            <dst id="KSCYng">18982.7173333333</dst>
            <dst id="LOSAng">51689.8506666666</dst>
            <dst id="NYCMng">9251.05333333334</dst>
            <dst id="SNVAng">4231.74666666667</dst>
            <dst id="STTLng">11433.8</dst>
            <dst id="WASHng">25922.528</dst>
        </src>
        <src id="DNVRng">
            <dst id="ATLA-M5">171.466666666667</dst>
            <dst id="ATLAng">15628.0933333333</dst>
            <dst id="CHINng">42952.208</dst>
            <dst id="DNVRng">10878.5013333333</dst>
            <dst id="HSTNng">23846.064</dst>
            <dst id="IPLSng">24507.576</dst>
            <dst id="KSCYng">22847.9173333333</dst>
            <dst id="LOSAng">21577.3333333333</dst>
            <dst id="NYCMng">18055.2613333333</dst>
            <dst id="SNVAng">23718.3946666667</dst>
            <dst id="STTLng">17598.968</dst>
            <dst id="WASHng">34451.8986666667</dst>
        </src>
        <src id="HSTNng">
            <dst id="ATLA-M5">3464.992</dst>
            <dst id="ATLAng">5729.76</dst>
            <dst id="CHINng">36216.52</dst>
            <dst id="DNVRng">9008.71733333333</dst>
            <dst id="HSTNng">8815.38133333333</dst>
            <dst id="IPLSng">6379.21066666667</dst>
            <dst id="KSCYng">3621.84533333333</dst>
            <dst id="LOSAng">12183.568</dst>
            <dst id="NYCMng">3922.87466666667</dst>
            <dst id="SNVAng">450.242666666667</dst>
            <dst id="STTLng">2822.232</dst>
            <dst id="WASHng">14927.4826666667</dst>
        </src>
        <src id="IPLSng">
            <dst id="ATLA-M5">145.44</dst>
            <dst id="ATLAng">19464.1893333333</dst>
            <dst id="CHINng">81818.3546666667</dst>
            <dst id="DNVRng">8288.784</dst>
            <dst id="HSTNng">15684.3893333333</dst>
            <dst id="IPLSng">51652.3226666667</dst>
            <dst id="KSCYng">11807.184</dst>
            <dst id="LOSAng">50400.9386666667</dst>
            <dst id="NYCMng">36193.0506666667</dst>
            <dst id="SNVAng">5226.46133333333</dst>
            <dst id="STTLng">10225.376</dst>
            <dst id="WASHng">43186.3173333333</dst>
        </src>
        <src id="KSCYng">
            <dst id="ATLA-M5">1138.32</dst>
            <dst id="ATLAng">6703.144</dst>
            <dst id="CHINng">27683.9866666667</dst>
            <dst id="DNVRng">12263.0746666667</dst>
            <dst id="HSTNng">10683.7173333333</dst>
            <dst id="IPLSng">11145.072</dst>
            <dst id="KSCYng">6138.57333333333</dst>
            <dst id="LOSAng">6181.27733333333</dst>
            <dst id="NYCMng">6680.73866666667</dst>
            <dst id="SNVAng">776.522666666667</dst>
            <dst id="STTLng">3014.688</dst>
            <dst id="WASHng">9996.88</dst>
        </src>
        <src id="LOSAng">
            <dst id="ATLA-M5">1070.77066666667</dst>
            <dst id="ATLAng">30659.2506666667</dst>
            <dst id="CHINng">117942.986666667</dst>
            <dst id="DNVRng">15069.744</dst>
            <dst id="HSTNng">22437.544</dst>
            <dst id="IPLSng">55656.7333333333</dst>
            <dst id="KSCYng">7871.19466666667</dst>
            <dst id="LOSAng">15686.472</dst>
            <dst id="NYCMng">70747.3253333333</dst>
            <dst id="SNVAng">17075.936</dst>
            <dst id="STTLng">41669.456</dst>
            <dst id="WASHng">123318.032</dst>
        </src>
        <src id="NYCMng">
            <dst id="ATLA-M5">3368.392</dst>
            <dst id="ATLAng">60474.5706666667</dst>
            <dst id="CHINng">57491.9733333333</dst>
            <dst id="DNVRng">131025.594666667</dst>
            <dst id="HSTNng">11450.0746666667</dst>
            <dst id="IPLSng">45563.664</dst>
            <dst id="KSCYng">25606.5306666667</dst>
            <dst id="LOSAng">75200.7333333333</dst>
            <dst id="NYCMng">122509.557333333</dst>
            <dst id="SNVAng">2910.08</dst>
            <dst id="STTLng">27042.656</dst>
            <dst id="WASHng">97122.848</dst>
        </src>
        <src id="SNVAng">
            <dst id="ATLA-M5">0</dst>
            <dst id="ATLAng">188.941333333333</dst>
            <dst id="CHINng">4105.76</dst>
            <dst id="DNVRng">5869.168</dst>
            <dst id="HSTNng">235.962666666667</dst>
            <dst id="IPLSng">5817.952</dst>
            <dst id="KSCYng">259.312</dst>
            <dst id="LOSAng">44863.9946666667</dst>
            <dst id="NYCMng">1744.488</dst>
            <dst id="SNVAng">30236.1786666667</dst>
            <dst id="STTLng">41121.4826666667</dst>
            <dst id="WASHng">1791.96533333333</dst>
        </src>
        <src id="STTLng">
            <dst id="ATLA-M5">149.741333333333</dst>
            <dst id="ATLAng">15654.08</dst>
            <dst id="CHINng">22903.6133333333</dst>
            <dst id="DNVRng">5387.59466666667</dst>
            <dst id="HSTNng">3143.61066666667</dst>
            <dst id="IPLSng">13915.3813333333</dst>
            <dst id="KSCYng">6072.99733333333</dst>
            <dst id="LOSAng">29544.8133333333</dst>
            <dst id="NYCMng">12590.4</dst>
            <dst id="SNVAng">6550.10933333334</dst>
            <dst id="STTLng">6391.05333333333</dst>
            <dst id="WASHng">21591.688</dst>
        </src>
        <src id="WASHng">
            <dst id="ATLA-M5">935.717333333333</dst>
            <dst id="ATLAng">134190.434666667</dst>
            <dst id="CHINng">100378.125333333</dst>
            <dst id="DNVRng">82093.8853333333</dst>
            <dst id="HSTNng">34392.4853333333</dst>
            <dst id="IPLSng">76963.4453333333</dst>
            <dst id="KSCYng">21401.896</dst>
            <dst id="LOSAng">124191.522666667</dst>
            <dst id="NYCMng">143407.701333333</dst>
            <dst id="SNVAng">6390.32533333333</dst>
            <dst id="STTLng">39382.6853333333</dst>
            <dst id="WASHng">321282.026666667</dst>
        </src>
    </IntraTM>
</TrafficMatrixFile>
