<?xml version="1.0" encoding="ISO-8859-1" standalone="yes"?>
<TrafficMatrixFile xsi:noNamespaceSchemaLocation="http://totem.run.montefiore.ulg.ac.be/Schema/TrafficMatrix-v1_2.xsd" xmlns:xsi="http://www.w3.org/2001/XMLSchema-instance">
    <IntraTM ASID="11537">
        <src id="ATLA-M5">
            <dst id="ATLA-M5">0</dst>
            <dst id="ATLAng">401.773333333333</dst>
            <dst id="CHINng">1073.544</dst>
            <dst id="DNVRng">0</dst>
            <dst id="HSTNng">31.0453333333333</dst>
            <dst id="IPLSng">618.522666666667</dst>
            <dst id="KSCYng">3198.15733333333</dst>
            <dst id="LOSAng">253.149333333333</dst>
            <dst id="NYCMng">163.570666666667</dst>
            <dst id="SNVAng">0</dst>
            <dst id="STTLng">26.6666666666667</dst>
            <dst id="WASHng">743.850666666667</dst>
        </src>
        <src id="ATLAng">
            <dst id="ATLA-M5">211.970666666667</dst>
            <dst id="ATLAng">43221.2773333333</dst>
            <dst id="CHINng">9889.29866666667</dst>
            <dst id="DNVRng">7386.37866666667</dst>
            <dst id="HSTNng">1317.112</dst>
            <dst id="IPLSng">12160.5466666667</dst>
            <dst id="KSCYng">1449.94933333333</dst>
            <dst id="LOSAng">16661.0373333333</dst>
            <dst id="NYCMng">7909.34933333333</dst>
            <dst id="SNVAng">219.112</dst>
            <dst id="STTLng">5399.45333333333</dst>
            <dst id="WASHng">40376.5466666667</dst>
        </src>
        <src id="CHINng">
            <dst id="ATLA-M5">53.3333333333333</dst>
            <dst id="ATLAng">15029.048</dst>
            <dst id="CHINng">105127.221333333</dst>
            <dst id="DNVRng">13885.9866666667</dst>
            <dst id="HSTNng">7088.448</dst>
            <dst id="IPLSng">44961.528</dst>
            <dst id="KSCYng">7949.07466666667</dst>
            <dst id="LOSAng">286186.16</dst>
            <dst id="NYCMng">9084.26133333333</dst>
            <dst id="SNVAng">885.314666666667</dst>
            <dst id="STTLng">8120.19733333333</dst>
            <dst id="WASHng">28740.152</dst>
        </src>
        <src id="DNVRng">
            <dst id="ATLA-M5">187.84</dst>
            <dst id="ATLAng">9711.936</dst>
            <dst id="CHINng">46089.496</dst>
            <dst id="DNVRng">7540.84533333333</dst>
            <dst id="HSTNng">20551.44</dst>
            <dst id="IPLSng">21673.272</dst>
            <dst id="KSCYng">10762.5653333333</dst>
            <dst id="LOSAng">18593.3573333333</dst>
            <dst id="NYCMng">9026.49333333334</dst>
            <dst id="SNVAng">8415.43733333333</dst>
            <dst id="STTLng">7984.76</dst>
            <dst id="WASHng">28604.2773333333</dst>
        </src>
        <src id="HSTNng">
            <dst id="ATLA-M5">182.432</dst>
            <dst id="ATLAng">2575.76533333333</dst>
            <dst id="CHINng">8611.264</dst>
            <dst id="DNVRng">10136.3653333333</dst>
            <dst id="HSTNng">8063.424</dst>
            <dst id="IPLSng">1959.06133333333</dst>
            <dst id="KSCYng">1633.19733333333</dst>
            <dst id="LOSAng">20980.152</dst>
            <dst id="NYCMng">3333.09866666667</dst>
            <dst id="SNVAng">0</dst>
            <dst id="STTLng">4213.656</dst>
            <dst id="WASHng">5651.552</dst>
        </src>
        <src id="IPLSng">
            <dst id="ATLA-M5">312.525333333333</dst>
            <dst id="ATLAng">11819.1546666667</dst>
            <dst id="CHINng">51165.5253333333</dst>
            <dst id="DNVRng">7914.984</dst>
            <dst id="HSTNng">2532.74133333333</dst>
            <dst id="IPLSng">19941.552</dst>
            <dst id="KSCYng">8883.776</dst>
            <dst id="LOSAng">59501.576</dst>
            <dst id="NYCMng">24055.144</dst>
            <dst id="SNVAng">3317.872</dst>
            <dst id="STTLng">10740.0453333333</dst>
            <dst id="WASHng">21673.0773333333</dst>
        </src>
        <src id="KSCYng">
            <dst id="ATLA-M5">71.5973333333333</dst>
            <dst id="ATLAng">2118.69066666667</dst>
            <dst id="CHINng">23378.2506666667</dst>
            <dst id="DNVRng">7039.776</dst>
            <dst id="HSTNng">5090.57866666667</dst>
            <dst id="IPLSng">11053.2533333333</dst>
            <dst id="KSCYng">4356.18133333333</dst>
            <dst id="LOSAng">8922.46666666667</dst>
            <dst id="NYCMng">2955.456</dst>
            <dst id="SNVAng">181.92</dst>
            <dst id="STTLng">2476.06933333333</dst>
            <dst id="WASHng">6936.63466666667</dst>
        </src>
        <src id="LOSAng">
            <dst id="ATLA-M5">375.28</dst>
            <dst id="ATLAng">43043.2026666667</dst>
            <dst id="CHINng">103456.912</dst>
            <dst id="DNVRng">16261.8613333333</dst>
            <dst id="HSTNng">14609.7733333333</dst>
            <dst id="IPLSng">57911.4533333333</dst>
            <dst id="KSCYng">4595.23733333333</dst>
            <dst id="LOSAng">14350.4586666667</dst>
            <dst id="NYCMng">78163.2053333333</dst>
            <dst id="SNVAng">11764.2826666667</dst>
            <dst id="STTLng">52017.464</dst>
            <dst id="WASHng">107424.298666667</dst>
        </src>
        <src id="NYCMng">
            <dst id="ATLA-M5">341.738666666667</dst>
            <dst id="ATLAng">54902.9386666667</dst>
            <dst id="CHINng">38089.0426666667</dst>
            <dst id="DNVRng">128226.474666667</dst>
            <dst id="HSTNng">7833.536</dst>
            <dst id="IPLSng">52545.4373333333</dst>
            <dst id="KSCYng">17416.032</dst>
            <dst id="LOSAng">95153.008</dst>
            <dst id="NYCMng">83199.6693333333</dst>
            <dst id="SNVAng">3308.24</dst>
            <dst id="STTLng">34428.008</dst>
            <dst id="WASHng">66402.52</dst>
        </src>
        <src id="SNVAng">
            <dst id="ATLA-M5">0</dst>
            <dst id="ATLAng">80</dst>
            <dst id="CHINng">892.970666666666</dst>
            <dst id="DNVRng">6426.42133333333</dst>
            <dst id="HSTNng">3302.48533333333</dst>
            <dst id="IPLSng">1276.96266666667</dst>
            <dst id="KSCYng">20351.7626666667</dst>
            <dst id="LOSAng">53439.776</dst>
            <dst id="NYCMng">10131.4186666667</dst>
            <dst id="SNVAng">10266.544</dst>
            <dst id="STTLng">22801.2106666667</dst>
            <dst id="WASHng">83.264</dst>
        </src>
        <src id="STTLng">
            <dst id="ATLA-M5">50.4746666666667</dst>
            <dst id="ATLAng">10710.1706666667</dst>
            <dst id="CHINng">21235.6773333333</dst>
            <dst id="DNVRng">2997.16533333333</dst>
            <dst id="HSTNng">5176.528</dst>
            <dst id="IPLSng">8763.59733333333</dst>
            <dst id="KSCYng">5632.704</dst>
            <dst id="LOSAng">35009.9386666667</dst>
            <dst id="NYCMng">9730.352</dst>
            <dst id="SNVAng">3022.70133333333</dst>
            <dst id="STTLng">4695.84</dst>
            <dst id="WASHng">11797.8613333333</dst>
        </src>
        <src id="WASHng">
            <dst id="ATLA-M5">1283.06666666667</dst>
            <dst id="ATLAng">121754.573333333</dst>
            <dst id="CHINng">63130.264</dst>
            <dst id="DNVRng">57690.6906666666</dst>
            <dst id="HSTNng">23331.488</dst>
            <dst id="IPLSng">49102.704</dst>
            <dst id="KSCYng">23655.4106666667</dst>
            <dst id="LOSAng">122785.328</dst>
            <dst id="NYCMng">141683.770666667</dst>
            <dst id="SNVAng">8422.60266666667</dst>
            <dst id="STTLng">37469.5146666667</dst>
            <dst id="WASHng">236082.381333333</dst>
        </src>
    </IntraTM>
</TrafficMatrixFile>
