<?xml version="1.0" encoding="ISO-8859-1" standalone="yes"?>
<TrafficMatrixFile xsi:noNamespaceSchemaLocation="http://totem.run.montefiore.ulg.ac.be/Schema/TrafficMatrix-v1_2.xsd" xmlns:xsi="http://www.w3.org/2001/XMLSchema-instance">
    <IntraTM ASID="11537">
        <src id="ATLA-M5">
            <dst id="ATLA-M5">26.6666666666667</dst>
            <dst id="ATLAng">135.413333333333</dst>
            <dst id="CHINng">31.5973333333333</dst>
            <dst id="DNVRng">26.6666666666667</dst>
            <dst id="HSTNng">123.834666666667</dst>
            <dst id="IPLSng">53.3333333333333</dst>
            <dst id="KSCYng">39.2346666666667</dst>
            <dst id="LOSAng">179.84</dst>
            <dst id="NYCMng">324.136</dst>
            <dst id="SNVAng">0</dst>
            <dst id="STTLng">0</dst>
            <dst id="WASHng">2789.11466666667</dst>
        </src>
        <src id="ATLAng">
            <dst id="ATLA-M5">123.765333333333</dst>
            <dst id="ATLAng">24267.7173333333</dst>
            <dst id="CHINng">15439.5413333333</dst>
            <dst id="DNVRng">5580.216</dst>
            <dst id="HSTNng">813.429333333333</dst>
            <dst id="IPLSng">11879.5946666667</dst>
            <dst id="KSCYng">746.52</dst>
            <dst id="LOSAng">11526.3066666667</dst>
            <dst id="NYCMng">4472.592</dst>
            <dst id="SNVAng">253.016</dst>
            <dst id="STTLng">3663.45066666667</dst>
            <dst id="WASHng">51330.0693333333</dst>
        </src>
        <src id="CHINng">
            <dst id="ATLA-M5">70.4346666666667</dst>
            <dst id="ATLAng">13906.632</dst>
            <dst id="CHINng">100899.056</dst>
            <dst id="DNVRng">11348.536</dst>
            <dst id="HSTNng">2349.86933333333</dst>
            <dst id="IPLSng">22851.7546666667</dst>
            <dst id="KSCYng">11317.3173333333</dst>
            <dst id="LOSAng">43652.28</dst>
            <dst id="NYCMng">5964.512</dst>
            <dst id="SNVAng">231.392</dst>
            <dst id="STTLng">6043.49333333333</dst>
            <dst id="WASHng">29269.784</dst>
        </src>
        <src id="DNVRng">
            <dst id="ATLA-M5">66.6666666666667</dst>
            <dst id="ATLAng">8865.14933333333</dst>
            <dst id="CHINng">64117.8106666667</dst>
            <dst id="DNVRng">21636.208</dst>
            <dst id="HSTNng">10728.0373333333</dst>
            <dst id="IPLSng">16620.992</dst>
            <dst id="KSCYng">8185.256</dst>
            <dst id="LOSAng">6363.89866666667</dst>
            <dst id="NYCMng">10239.5626666667</dst>
            <dst id="SNVAng">5191.93333333333</dst>
            <dst id="STTLng">4030.10133333333</dst>
            <dst id="WASHng">32933.512</dst>
        </src>
        <src id="HSTNng">
            <dst id="ATLA-M5">2933.06133333333</dst>
            <dst id="ATLAng">2335.936</dst>
            <dst id="CHINng">15018.3866666667</dst>
            <dst id="DNVRng">769.496</dst>
            <dst id="HSTNng">2958.256</dst>
            <dst id="IPLSng">784.586666666667</dst>
            <dst id="KSCYng">1882.888</dst>
            <dst id="LOSAng">8031.56533333333</dst>
            <dst id="NYCMng">3001.08</dst>
            <dst id="SNVAng">105.264</dst>
            <dst id="STTLng">682.2</dst>
            <dst id="WASHng">1990.97066666667</dst>
        </src>
        <src id="IPLSng">
            <dst id="ATLA-M5">76.888</dst>
            <dst id="ATLAng">16969.9066666667</dst>
            <dst id="CHINng">91797.888</dst>
            <dst id="DNVRng">3411.67466666667</dst>
            <dst id="HSTNng">882.661333333333</dst>
            <dst id="IPLSng">18750.9013333333</dst>
            <dst id="KSCYng">10793.7493333333</dst>
            <dst id="LOSAng">55233.8213333333</dst>
            <dst id="NYCMng">13153.304</dst>
            <dst id="SNVAng">506.386666666667</dst>
            <dst id="STTLng">9301.20533333334</dst>
            <dst id="WASHng">9678.376</dst>
        </src>
        <src id="KSCYng">
            <dst id="ATLA-M5">0</dst>
            <dst id="ATLAng">1690.424</dst>
            <dst id="CHINng">67332.3173333333</dst>
            <dst id="DNVRng">11375.9546666667</dst>
            <dst id="HSTNng">2298.344</dst>
            <dst id="IPLSng">6545.904</dst>
            <dst id="KSCYng">4883.06666666667</dst>
            <dst id="LOSAng">5787.30133333333</dst>
            <dst id="NYCMng">4757.78133333333</dst>
            <dst id="SNVAng">53.3333333333333</dst>
            <dst id="STTLng">833.013333333333</dst>
            <dst id="WASHng">7296.77066666667</dst>
        </src>
        <src id="LOSAng">
            <dst id="ATLA-M5">359.389333333333</dst>
            <dst id="ATLAng">11498.6053333333</dst>
            <dst id="CHINng">143201.917333333</dst>
            <dst id="DNVRng">7237.54133333333</dst>
            <dst id="HSTNng">4832.04</dst>
            <dst id="IPLSng">23944.5413333333</dst>
            <dst id="KSCYng">5141.944</dst>
            <dst id="LOSAng">15899.6426666667</dst>
            <dst id="NYCMng">45240.7306666667</dst>
            <dst id="SNVAng">8735.02666666667</dst>
            <dst id="STTLng">30856.4426666667</dst>
            <dst id="WASHng">105863.56</dst>
        </src>
        <src id="NYCMng">
            <dst id="ATLA-M5">156.626666666667</dst>
            <dst id="ATLAng">35299.8453333333</dst>
            <dst id="CHINng">52020.3093333334</dst>
            <dst id="DNVRng">21179.7493333333</dst>
            <dst id="HSTNng">5224.992</dst>
            <dst id="IPLSng">28000.792</dst>
            <dst id="KSCYng">9876.168</dst>
            <dst id="LOSAng">63348.16</dst>
            <dst id="NYCMng">89442.7093333334</dst>
            <dst id="SNVAng">2553.22933333333</dst>
            <dst id="STTLng">21387.496</dst>
            <dst id="WASHng">70318.152</dst>
        </src>
        <src id="SNVAng">
            <dst id="ATLA-M5">0</dst>
            <dst id="ATLAng">53.3333333333333</dst>
            <dst id="CHINng">463.792</dst>
            <dst id="DNVRng">1121.27466666667</dst>
            <dst id="HSTNng">53.3333333333333</dst>
            <dst id="IPLSng">6574.456</dst>
            <dst id="KSCYng">0</dst>
            <dst id="LOSAng">27260.7146666667</dst>
            <dst id="NYCMng">237.610666666667</dst>
            <dst id="SNVAng">10105.6853333333</dst>
            <dst id="STTLng">22427.8666666667</dst>
            <dst id="WASHng">163.248</dst>
        </src>
        <src id="STTLng">
            <dst id="ATLA-M5">0</dst>
            <dst id="ATLAng">9309.912</dst>
            <dst id="CHINng">26129.952</dst>
            <dst id="DNVRng">1250.02933333333</dst>
            <dst id="HSTNng">684.744</dst>
            <dst id="IPLSng">8094.55733333333</dst>
            <dst id="KSCYng">472.229333333333</dst>
            <dst id="LOSAng">18924.112</dst>
            <dst id="NYCMng">7848.36</dst>
            <dst id="SNVAng">8097.55733333333</dst>
            <dst id="STTLng">1355.328</dst>
            <dst id="WASHng">11583.312</dst>
        </src>
        <src id="WASHng">
            <dst id="ATLA-M5">53.3333333333333</dst>
            <dst id="ATLAng">58871.352</dst>
            <dst id="CHINng">72816.696</dst>
            <dst id="DNVRng">44863.616</dst>
            <dst id="HSTNng">10849.1253333333</dst>
            <dst id="IPLSng">29711.2746666667</dst>
            <dst id="KSCYng">4724.13866666667</dst>
            <dst id="LOSAng">117572.373333333</dst>
            <dst id="NYCMng">144942.8</dst>
            <dst id="SNVAng">4249.592</dst>
            <dst id="STTLng">30264.4826666667</dst>
            <dst id="WASHng">269522.24</dst>
        </src>
    </IntraTM>
</TrafficMatrixFile>
