<?xml version="1.0" encoding="ISO-8859-1" standalone="yes"?>
<TrafficMatrixFile xsi:noNamespaceSchemaLocation="http://totem.run.montefiore.ulg.ac.be/Schema/TrafficMatrix-v1_2.xsd" xmlns:xsi="http://www.w3.org/2001/XMLSchema-instance">
    <IntraTM ASID="11537">
        <src id="ATLA-M5">
            <dst id="ATLA-M5">140.104</dst>
            <dst id="ATLAng">492.045333333333</dst>
            <dst id="CHINng">361.221333333333</dst>
            <dst id="DNVRng">0</dst>
            <dst id="HSTNng">199.413333333333</dst>
            <dst id="IPLSng">866.690666666667</dst>
            <dst id="KSCYng">31.2373333333333</dst>
            <dst id="LOSAng">241.914666666667</dst>
            <dst id="NYCMng">138.229333333333</dst>
            <dst id="SNVAng">13.3333333333333</dst>
            <dst id="STTLng">0</dst>
            <dst id="WASHng">441.128</dst>
        </src>
        <src id="ATLAng">
            <dst id="ATLA-M5">626.482666666667</dst>
            <dst id="ATLAng">51214.4986666667</dst>
            <dst id="CHINng">12192.1813333333</dst>
            <dst id="DNVRng">9150.27466666667</dst>
            <dst id="HSTNng">5175.088</dst>
            <dst id="IPLSng">22368.0426666667</dst>
            <dst id="KSCYng">2452.36266666667</dst>
            <dst id="LOSAng">18028.3866666667</dst>
            <dst id="NYCMng">12650.496</dst>
            <dst id="SNVAng">1104.928</dst>
            <dst id="STTLng">4369.82666666667</dst>
            <dst id="WASHng">62928.5893333334</dst>
        </src>
        <src id="CHINng">
            <dst id="ATLA-M5">584.810666666667</dst>
            <dst id="ATLAng">24700.5546666667</dst>
            <dst id="CHINng">129094.874666667</dst>
            <dst id="DNVRng">12303.9333333333</dst>
            <dst id="HSTNng">8862.45866666667</dst>
            <dst id="IPLSng">37236.976</dst>
            <dst id="KSCYng">6579.94666666667</dst>
            <dst id="LOSAng">38639.64</dst>
            <dst id="NYCMng">16915.8533333333</dst>
            <dst id="SNVAng">1546.696</dst>
            <dst id="STTLng">11846.9786666667</dst>
            <dst id="WASHng">36630.4693333333</dst>
        </src>
        <src id="DNVRng">
            <dst id="ATLA-M5">76.3733333333333</dst>
            <dst id="ATLAng">12493.9146666667</dst>
            <dst id="CHINng">80761.4666666667</dst>
            <dst id="DNVRng">7778.19466666667</dst>
            <dst id="HSTNng">25876.9066666667</dst>
            <dst id="IPLSng">34036.0613333333</dst>
            <dst id="KSCYng">19707.1466666667</dst>
            <dst id="LOSAng">12038.2453333333</dst>
            <dst id="NYCMng">13674.5626666667</dst>
            <dst id="SNVAng">21874.8053333333</dst>
            <dst id="STTLng">13853.824</dst>
            <dst id="WASHng">46069.576</dst>
        </src>
        <src id="HSTNng">
            <dst id="ATLA-M5">4017.13066666667</dst>
            <dst id="ATLAng">4330.70133333333</dst>
            <dst id="CHINng">38832.1866666667</dst>
            <dst id="DNVRng">9126.424</dst>
            <dst id="HSTNng">6588.00533333333</dst>
            <dst id="IPLSng">2808.704</dst>
            <dst id="KSCYng">4892.792</dst>
            <dst id="LOSAng">10116.3573333333</dst>
            <dst id="NYCMng">3068.34666666667</dst>
            <dst id="SNVAng">268.138666666667</dst>
            <dst id="STTLng">1414.08266666667</dst>
            <dst id="WASHng">12079.808</dst>
        </src>
        <src id="IPLSng">
            <dst id="ATLA-M5">26.6666666666667</dst>
            <dst id="ATLAng">30827.7973333333</dst>
            <dst id="CHINng">114696.208</dst>
            <dst id="DNVRng">13089.552</dst>
            <dst id="HSTNng">4947.32533333333</dst>
            <dst id="IPLSng">43505.288</dst>
            <dst id="KSCYng">15532.84</dst>
            <dst id="LOSAng">34550.1973333333</dst>
            <dst id="NYCMng">51869.112</dst>
            <dst id="SNVAng">1375.76533333333</dst>
            <dst id="STTLng">8221.05333333334</dst>
            <dst id="WASHng">47997.9706666667</dst>
        </src>
        <src id="KSCYng">
            <dst id="ATLA-M5">92.048</dst>
            <dst id="ATLAng">2956.92533333333</dst>
            <dst id="CHINng">23215.576</dst>
            <dst id="DNVRng">15449.048</dst>
            <dst id="HSTNng">3869.2</dst>
            <dst id="IPLSng">12539.2186666667</dst>
            <dst id="KSCYng">6409.65066666667</dst>
            <dst id="LOSAng">6040.61066666666</dst>
            <dst id="NYCMng">9826.016</dst>
            <dst id="SNVAng">4478.288</dst>
            <dst id="STTLng">1555.632</dst>
            <dst id="WASHng">13673.448</dst>
        </src>
        <src id="LOSAng">
            <dst id="ATLA-M5">939.637333333333</dst>
            <dst id="ATLAng">20651.608</dst>
            <dst id="CHINng">174027.770666667</dst>
            <dst id="DNVRng">19959.88</dst>
            <dst id="HSTNng">8689.392</dst>
            <dst id="IPLSng">35948.3706666667</dst>
            <dst id="KSCYng">21527.3786666667</dst>
            <dst id="LOSAng">8846.49066666667</dst>
            <dst id="NYCMng">75305.3253333333</dst>
            <dst id="SNVAng">12374.3733333333</dst>
            <dst id="STTLng">38145.744</dst>
            <dst id="WASHng">124785.242666667</dst>
        </src>
        <src id="NYCMng">
            <dst id="ATLA-M5">335.714666666667</dst>
            <dst id="ATLAng">58386.6026666667</dst>
            <dst id="CHINng">60225.616</dst>
            <dst id="DNVRng">28686.544</dst>
            <dst id="HSTNng">17342.7253333333</dst>
            <dst id="IPLSng">36014.9466666667</dst>
            <dst id="KSCYng">23616.9653333333</dst>
            <dst id="LOSAng">51547.5386666667</dst>
            <dst id="NYCMng">160144.672</dst>
            <dst id="SNVAng">2169.47466666667</dst>
            <dst id="STTLng">19434.152</dst>
            <dst id="WASHng">101488.394666667</dst>
        </src>
        <src id="SNVAng">
            <dst id="ATLA-M5">0</dst>
            <dst id="ATLAng">1754.272</dst>
            <dst id="CHINng">3564.34666666667</dst>
            <dst id="DNVRng">24910.2613333333</dst>
            <dst id="HSTNng">292.741333333333</dst>
            <dst id="IPLSng">5312.76266666667</dst>
            <dst id="KSCYng">272.869333333333</dst>
            <dst id="LOSAng">28214.3413333333</dst>
            <dst id="NYCMng">1297.11466666667</dst>
            <dst id="SNVAng">19198.6106666667</dst>
            <dst id="STTLng">20510.2453333333</dst>
            <dst id="WASHng">261.24</dst>
        </src>
        <src id="STTLng">
            <dst id="ATLA-M5">372.325333333333</dst>
            <dst id="ATLAng">14326.2853333333</dst>
            <dst id="CHINng">28080.072</dst>
            <dst id="DNVRng">3292.42666666667</dst>
            <dst id="HSTNng">3940.05866666667</dst>
            <dst id="IPLSng">15282.792</dst>
            <dst id="KSCYng">5250.71733333333</dst>
            <dst id="LOSAng">26405.912</dst>
            <dst id="NYCMng">14249.1973333333</dst>
            <dst id="SNVAng">4239.91733333333</dst>
            <dst id="STTLng">6122.72266666667</dst>
            <dst id="WASHng">17719.8026666667</dst>
        </src>
        <src id="WASHng">
            <dst id="ATLA-M5">212.96</dst>
            <dst id="ATLAng">181691.752</dst>
            <dst id="CHINng">103057.445333333</dst>
            <dst id="DNVRng">79277.664</dst>
            <dst id="HSTNng">28307.0186666667</dst>
            <dst id="IPLSng">78955.5493333333</dst>
            <dst id="KSCYng">27972.336</dst>
            <dst id="LOSAng">118926.234666667</dst>
            <dst id="NYCMng">191216.197333333</dst>
            <dst id="SNVAng">3190.36533333333</dst>
            <dst id="STTLng">39552.2</dst>
            <dst id="WASHng">398033.173333333</dst>
        </src>
    </IntraTM>
</TrafficMatrixFile>
