<?xml version="1.0" encoding="ISO-8859-1" standalone="yes"?>
<TrafficMatrixFile xsi:noNamespaceSchemaLocation="http://totem.run.montefiore.ulg.ac.be/Schema/TrafficMatrix-v1_2.xsd" xmlns:xsi="http://www.w3.org/2001/XMLSchema-instance">
    <IntraTM ASID="11537">
        <src id="ATLA-M5">
            <dst id="ATLA-M5">0</dst>
            <dst id="ATLAng">53.5893333333333</dst>
            <dst id="CHINng">71.2026666666667</dst>
            <dst id="DNVRng">0</dst>
            <dst id="HSTNng">59.288</dst>
            <dst id="IPLSng">26.6666666666667</dst>
            <dst id="KSCYng">28.0666666666667</dst>
            <dst id="LOSAng">166.024</dst>
            <dst id="NYCMng">591.184</dst>
            <dst id="SNVAng">13.3333333333333</dst>
            <dst id="STTLng">0</dst>
            <dst id="WASHng">1074.28266666667</dst>
        </src>
        <src id="ATLAng">
            <dst id="ATLA-M5">204.965333333333</dst>
            <dst id="ATLAng">24408.6533333333</dst>
            <dst id="CHINng">5034.12</dst>
            <dst id="DNVRng">9786.18133333334</dst>
            <dst id="HSTNng">282.341333333333</dst>
            <dst id="IPLSng">11626.8213333333</dst>
            <dst id="KSCYng">714.989333333333</dst>
            <dst id="LOSAng">10983.9706666667</dst>
            <dst id="NYCMng">4355.744</dst>
            <dst id="SNVAng">380.192</dst>
            <dst id="STTLng">4426.13333333333</dst>
            <dst id="WASHng">52529.696</dst>
        </src>
        <src id="CHINng">
            <dst id="ATLA-M5">74.4186666666667</dst>
            <dst id="ATLAng">4494.77866666667</dst>
            <dst id="CHINng">110650.733333333</dst>
            <dst id="DNVRng">12102.9173333333</dst>
            <dst id="HSTNng">2881.88</dst>
            <dst id="IPLSng">16132.5893333333</dst>
            <dst id="KSCYng">4997.34666666667</dst>
            <dst id="LOSAng">52781.0693333333</dst>
            <dst id="NYCMng">17756.1573333333</dst>
            <dst id="SNVAng">274.098666666667</dst>
            <dst id="STTLng">7424.968</dst>
            <dst id="WASHng">19157.832</dst>
        </src>
        <src id="DNVRng">
            <dst id="ATLA-M5">0</dst>
            <dst id="ATLAng">5055.06666666667</dst>
            <dst id="CHINng">51957.6853333333</dst>
            <dst id="DNVRng">28367.08</dst>
            <dst id="HSTNng">17874.1013333333</dst>
            <dst id="IPLSng">12852.7093333333</dst>
            <dst id="KSCYng">18670.0933333333</dst>
            <dst id="LOSAng">13482.4453333333</dst>
            <dst id="NYCMng">11685.2026666667</dst>
            <dst id="SNVAng">12026.8373333333</dst>
            <dst id="STTLng">12193.5653333333</dst>
            <dst id="WASHng">35388.8853333333</dst>
        </src>
        <src id="HSTNng">
            <dst id="ATLA-M5">1183.67733333333</dst>
            <dst id="ATLAng">519.909333333333</dst>
            <dst id="CHINng">14053.5813333333</dst>
            <dst id="DNVRng">2965.28</dst>
            <dst id="HSTNng">3078.064</dst>
            <dst id="IPLSng">564.682666666667</dst>
            <dst id="KSCYng">3279.12266666667</dst>
            <dst id="LOSAng">10271.1493333333</dst>
            <dst id="NYCMng">1863.808</dst>
            <dst id="SNVAng">0</dst>
            <dst id="STTLng">3351.36266666667</dst>
            <dst id="WASHng">1253.62666666667</dst>
        </src>
        <src id="IPLSng">
            <dst id="ATLA-M5">79.352</dst>
            <dst id="ATLAng">13518.3786666667</dst>
            <dst id="CHINng">66976.992</dst>
            <dst id="DNVRng">15295.352</dst>
            <dst id="HSTNng">2339.328</dst>
            <dst id="IPLSng">6410.01333333334</dst>
            <dst id="KSCYng">5660.544</dst>
            <dst id="LOSAng">35824.5493333333</dst>
            <dst id="NYCMng">13678.648</dst>
            <dst id="SNVAng">43.208</dst>
            <dst id="STTLng">5273.096</dst>
            <dst id="WASHng">17119.176</dst>
        </src>
        <src id="KSCYng">
            <dst id="ATLA-M5">0</dst>
            <dst id="ATLAng">1055.872</dst>
            <dst id="CHINng">54179.944</dst>
            <dst id="DNVRng">7875.512</dst>
            <dst id="HSTNng">2387.71733333333</dst>
            <dst id="IPLSng">15340.2586666667</dst>
            <dst id="KSCYng">7116.19733333333</dst>
            <dst id="LOSAng">10150.3413333333</dst>
            <dst id="NYCMng">12144.544</dst>
            <dst id="SNVAng">44</dst>
            <dst id="STTLng">4993.44533333333</dst>
            <dst id="WASHng">6647.18133333333</dst>
        </src>
        <src id="LOSAng">
            <dst id="ATLA-M5">26.6666666666667</dst>
            <dst id="ATLAng">6292.69333333333</dst>
            <dst id="CHINng">135590.365333333</dst>
            <dst id="DNVRng">9681.368</dst>
            <dst id="HSTNng">5914.36266666667</dst>
            <dst id="IPLSng">26403.656</dst>
            <dst id="KSCYng">3668.33066666667</dst>
            <dst id="LOSAng">12722.2346666667</dst>
            <dst id="NYCMng">43998.9093333333</dst>
            <dst id="SNVAng">5699.112</dst>
            <dst id="STTLng">33407.168</dst>
            <dst id="WASHng">88422.5973333334</dst>
        </src>
        <src id="NYCMng">
            <dst id="ATLA-M5">593.264</dst>
            <dst id="ATLAng">26567.2826666667</dst>
            <dst id="CHINng">41722.7466666667</dst>
            <dst id="DNVRng">114017.746666667</dst>
            <dst id="HSTNng">4613.61333333333</dst>
            <dst id="IPLSng">25117.5706666667</dst>
            <dst id="KSCYng">6980.13333333333</dst>
            <dst id="LOSAng">67959.4613333333</dst>
            <dst id="NYCMng">79013.0533333333</dst>
            <dst id="SNVAng">1707.808</dst>
            <dst id="STTLng">25246.696</dst>
            <dst id="WASHng">47218.0986666667</dst>
        </src>
        <src id="SNVAng">
            <dst id="ATLA-M5">0</dst>
            <dst id="ATLAng">26.6666666666667</dst>
            <dst id="CHINng">942.418666666667</dst>
            <dst id="DNVRng">9019.17866666667</dst>
            <dst id="HSTNng">53.3333333333333</dst>
            <dst id="IPLSng">248.144</dst>
            <dst id="KSCYng">0</dst>
            <dst id="LOSAng">26510.7013333333</dst>
            <dst id="NYCMng">8391.21066666667</dst>
            <dst id="SNVAng">8369.76</dst>
            <dst id="STTLng">20068.7306666667</dst>
            <dst id="WASHng">53.3333333333333</dst>
        </src>
        <src id="STTLng">
            <dst id="ATLA-M5">0</dst>
            <dst id="ATLAng">7610.33333333333</dst>
            <dst id="CHINng">29073.2426666667</dst>
            <dst id="DNVRng">2055.27466666667</dst>
            <dst id="HSTNng">1508.09866666667</dst>
            <dst id="IPLSng">5532.38666666667</dst>
            <dst id="KSCYng">1716.056</dst>
            <dst id="LOSAng">19163.8533333333</dst>
            <dst id="NYCMng">11024.0213333333</dst>
            <dst id="SNVAng">2367.33866666667</dst>
            <dst id="STTLng">4142.03733333333</dst>
            <dst id="WASHng">7302.38666666667</dst>
        </src>
        <src id="WASHng">
            <dst id="ATLA-M5">80</dst>
            <dst id="ATLAng">100140.674666667</dst>
            <dst id="CHINng">66877.2986666667</dst>
            <dst id="DNVRng">47169.9093333333</dst>
            <dst id="HSTNng">14255.5626666667</dst>
            <dst id="IPLSng">38075.2186666667</dst>
            <dst id="KSCYng">5201.69333333333</dst>
            <dst id="LOSAng">107054.344</dst>
            <dst id="NYCMng">119355.090666667</dst>
            <dst id="SNVAng">5203.576</dst>
            <dst id="STTLng">21287.1306666667</dst>
            <dst id="WASHng">292124.586666667</dst>
        </src>
    </IntraTM>
</TrafficMatrixFile>
