<?xml version="1.0" encoding="ISO-8859-1" standalone="yes"?>
<TrafficMatrixFile xsi:noNamespaceSchemaLocation="http://totem.run.montefiore.ulg.ac.be/Schema/TrafficMatrix-v1_2.xsd" xmlns:xsi="http://www.w3.org/2001/XMLSchema-instance">
    <IntraTM ASID="11537">
        <src id="ATLA-M5">
            <dst id="ATLA-M5">0</dst>
            <dst id="ATLAng">124.970666666667</dst>
            <dst id="CHINng">555.608</dst>
            <dst id="DNVRng">0</dst>
            <dst id="HSTNng">536.202666666667</dst>
            <dst id="IPLSng">53.3333333333333</dst>
            <dst id="KSCYng">0</dst>
            <dst id="LOSAng">493.632</dst>
            <dst id="NYCMng">130.869333333333</dst>
            <dst id="SNVAng">13.3333333333333</dst>
            <dst id="STTLng">180.901333333333</dst>
            <dst id="WASHng">513.672</dst>
        </src>
        <src id="ATLAng">
            <dst id="ATLA-M5">53.3333333333333</dst>
            <dst id="ATLAng">57922.224</dst>
            <dst id="CHINng">6634.64266666667</dst>
            <dst id="DNVRng">3960.216</dst>
            <dst id="HSTNng">6409.64533333333</dst>
            <dst id="IPLSng">12279.1146666667</dst>
            <dst id="KSCYng">887.509333333333</dst>
            <dst id="LOSAng">16740.7346666667</dst>
            <dst id="NYCMng">3982.77066666667</dst>
            <dst id="SNVAng">32.7613333333333</dst>
            <dst id="STTLng">10649.4693333333</dst>
            <dst id="WASHng">19688.7413333333</dst>
        </src>
        <src id="CHINng">
            <dst id="ATLA-M5">449.890666666667</dst>
            <dst id="ATLAng">32313.208</dst>
            <dst id="CHINng">55897.0106666667</dst>
            <dst id="DNVRng">11820.984</dst>
            <dst id="HSTNng">7298.36266666667</dst>
            <dst id="IPLSng">28363.1893333333</dst>
            <dst id="KSCYng">7192.02933333333</dst>
            <dst id="LOSAng">61496.5706666667</dst>
            <dst id="NYCMng">6740.46133333334</dst>
            <dst id="SNVAng">508.490666666667</dst>
            <dst id="STTLng">6938.784</dst>
            <dst id="WASHng">16677.6266666667</dst>
        </src>
        <src id="DNVRng">
            <dst id="ATLA-M5">26.6666666666667</dst>
            <dst id="ATLAng">3372.66933333333</dst>
            <dst id="CHINng">45907.3653333333</dst>
            <dst id="DNVRng">11456.8693333333</dst>
            <dst id="HSTNng">26878.0746666667</dst>
            <dst id="IPLSng">25175.5733333333</dst>
            <dst id="KSCYng">24466.104</dst>
            <dst id="LOSAng">22986.3653333333</dst>
            <dst id="NYCMng">13253.232</dst>
            <dst id="SNVAng">10059.368</dst>
            <dst id="STTLng">12169.2773333333</dst>
            <dst id="WASHng">33428.9386666667</dst>
        </src>
        <src id="HSTNng">
            <dst id="ATLA-M5">934.762666666667</dst>
            <dst id="ATLAng">13853.592</dst>
            <dst id="CHINng">7061.00533333333</dst>
            <dst id="DNVRng">2145.69866666667</dst>
            <dst id="HSTNng">7210.09333333333</dst>
            <dst id="IPLSng">900.013333333333</dst>
            <dst id="KSCYng">849.298666666667</dst>
            <dst id="LOSAng">7444.376</dst>
            <dst id="NYCMng">2893.41866666667</dst>
            <dst id="SNVAng">0</dst>
            <dst id="STTLng">1534.73866666667</dst>
            <dst id="WASHng">4613.85866666667</dst>
        </src>
        <src id="IPLSng">
            <dst id="ATLA-M5">119.768</dst>
            <dst id="ATLAng">20386.1893333333</dst>
            <dst id="CHINng">45709.5466666667</dst>
            <dst id="DNVRng">4441.09333333333</dst>
            <dst id="HSTNng">3592.192</dst>
            <dst id="IPLSng">19269.512</dst>
            <dst id="KSCYng">4312.288</dst>
            <dst id="LOSAng">59580.9813333333</dst>
            <dst id="NYCMng">28750.6346666667</dst>
            <dst id="SNVAng">633.714666666667</dst>
            <dst id="STTLng">13600.6826666667</dst>
            <dst id="WASHng">11791.96</dst>
        </src>
        <src id="KSCYng">
            <dst id="ATLA-M5">26.6666666666667</dst>
            <dst id="ATLAng">1508.65333333333</dst>
            <dst id="CHINng">16188.7013333333</dst>
            <dst id="DNVRng">19116.048</dst>
            <dst id="HSTNng">3299.048</dst>
            <dst id="IPLSng">17966.52</dst>
            <dst id="KSCYng">6641.20533333333</dst>
            <dst id="LOSAng">10490.9626666667</dst>
            <dst id="NYCMng">2748.25333333333</dst>
            <dst id="SNVAng">477.192</dst>
            <dst id="STTLng">3029.38666666667</dst>
            <dst id="WASHng">6312.54666666667</dst>
        </src>
        <src id="LOSAng">
            <dst id="ATLA-M5">84.4026666666667</dst>
            <dst id="ATLAng">52800.176</dst>
            <dst id="CHINng">88221.6186666666</dst>
            <dst id="DNVRng">8009.29066666667</dst>
            <dst id="HSTNng">6638.76</dst>
            <dst id="IPLSng">46355.9813333333</dst>
            <dst id="KSCYng">11103.84</dst>
            <dst id="LOSAng">25439.4</dst>
            <dst id="NYCMng">61532.6026666667</dst>
            <dst id="SNVAng">10285.4106666667</dst>
            <dst id="STTLng">45689.64</dst>
            <dst id="WASHng">90849.44</dst>
        </src>
        <src id="NYCMng">
            <dst id="ATLA-M5">132.357333333333</dst>
            <dst id="ATLAng">32355.888</dst>
            <dst id="CHINng">36102.0373333333</dst>
            <dst id="DNVRng">28432.5066666667</dst>
            <dst id="HSTNng">10674.2346666667</dst>
            <dst id="IPLSng">31558.7306666667</dst>
            <dst id="KSCYng">4561.55466666667</dst>
            <dst id="LOSAng">80643.72</dst>
            <dst id="NYCMng">79635.5253333333</dst>
            <dst id="SNVAng">1727.43466666667</dst>
            <dst id="STTLng">24917.2266666667</dst>
            <dst id="WASHng">55332.1093333333</dst>
        </src>
        <src id="SNVAng">
            <dst id="ATLA-M5">0</dst>
            <dst id="ATLAng">99.7013333333333</dst>
            <dst id="CHINng">207.117333333333</dst>
            <dst id="DNVRng">3744.50133333333</dst>
            <dst id="HSTNng">215.317333333333</dst>
            <dst id="IPLSng">5272.24533333333</dst>
            <dst id="KSCYng">128.573333333333</dst>
            <dst id="LOSAng">43286.7306666667</dst>
            <dst id="NYCMng">415.858666666667</dst>
            <dst id="SNVAng">12361.4266666667</dst>
            <dst id="STTLng">36869.1466666667</dst>
            <dst id="WASHng">53.3333333333333</dst>
        </src>
        <src id="STTLng">
            <dst id="ATLA-M5">312.68</dst>
            <dst id="ATLAng">7296.712</dst>
            <dst id="CHINng">14000.8373333333</dst>
            <dst id="DNVRng">2318.99733333333</dst>
            <dst id="HSTNng">2826.14933333333</dst>
            <dst id="IPLSng">6874.96266666667</dst>
            <dst id="KSCYng">3517.104</dst>
            <dst id="LOSAng">33340.5786666667</dst>
            <dst id="NYCMng">13605.448</dst>
            <dst id="SNVAng">4882.056</dst>
            <dst id="STTLng">4873.368</dst>
            <dst id="WASHng">8208.55466666667</dst>
        </src>
        <src id="WASHng">
            <dst id="ATLA-M5">205.714666666667</dst>
            <dst id="ATLAng">105524.104</dst>
            <dst id="CHINng">82358.6</dst>
            <dst id="DNVRng">56183.8533333333</dst>
            <dst id="HSTNng">19580.176</dst>
            <dst id="IPLSng">36233.9306666667</dst>
            <dst id="KSCYng">11376.8853333333</dst>
            <dst id="LOSAng">122839.101333333</dst>
            <dst id="NYCMng">127586.413333333</dst>
            <dst id="SNVAng">957.394666666667</dst>
            <dst id="STTLng">40205.5146666667</dst>
            <dst id="WASHng">148691.584</dst>
        </src>
    </IntraTM>
</TrafficMatrixFile>
