<?xml version="1.0" encoding="ISO-8859-1" standalone="yes"?>
<TrafficMatrixFile xsi:noNamespaceSchemaLocation="http://totem.run.montefiore.ulg.ac.be/Schema/TrafficMatrix-v1_2.xsd" xmlns:xsi="http://www.w3.org/2001/XMLSchema-instance">
    <IntraTM ASID="11537">
        <src id="ATLA-M5">
            <dst id="ATLA-M5">152.442666666667</dst>
            <dst id="ATLAng">400.322666666667</dst>
            <dst id="CHINng">425.730666666667</dst>
            <dst id="DNVRng">0</dst>
            <dst id="HSTNng">293.354666666667</dst>
            <dst id="IPLSng">347.389333333333</dst>
            <dst id="KSCYng">53.3333333333333</dst>
            <dst id="LOSAng">141.829333333333</dst>
            <dst id="NYCMng">249.210666666667</dst>
            <dst id="SNVAng">28.384</dst>
            <dst id="STTLng">790.077333333333</dst>
            <dst id="WASHng">2119.56533333333</dst>
        </src>
        <src id="ATLAng">
            <dst id="ATLA-M5">402.605333333333</dst>
            <dst id="ATLAng">52417.7173333333</dst>
            <dst id="CHINng">13617.096</dst>
            <dst id="DNVRng">13184.3466666667</dst>
            <dst id="HSTNng">7723.984</dst>
            <dst id="IPLSng">16571.4426666667</dst>
            <dst id="KSCYng">7052.032</dst>
            <dst id="LOSAng">16874.2933333333</dst>
            <dst id="NYCMng">13878.976</dst>
            <dst id="SNVAng">1840.70933333333</dst>
            <dst id="STTLng">5776.87733333333</dst>
            <dst id="WASHng">62028.9333333333</dst>
        </src>
        <src id="CHINng">
            <dst id="ATLA-M5">409.965333333333</dst>
            <dst id="ATLAng">32603.848</dst>
            <dst id="CHINng">136785.824</dst>
            <dst id="DNVRng">17532.0026666667</dst>
            <dst id="HSTNng">8832.85333333333</dst>
            <dst id="IPLSng">47291.944</dst>
            <dst id="KSCYng">10903.2346666667</dst>
            <dst id="LOSAng">60451.56</dst>
            <dst id="NYCMng">10459.1466666667</dst>
            <dst id="SNVAng">5224.232</dst>
            <dst id="STTLng">16580.024</dst>
            <dst id="WASHng">50089.6853333333</dst>
        </src>
        <src id="DNVRng">
            <dst id="ATLA-M5">238.44</dst>
            <dst id="ATLAng">30553.5706666667</dst>
            <dst id="CHINng">47603.5813333333</dst>
            <dst id="DNVRng">12108.296</dst>
            <dst id="HSTNng">21818.5706666667</dst>
            <dst id="IPLSng">25738.472</dst>
            <dst id="KSCYng">22154.672</dst>
            <dst id="LOSAng">10376.4426666667</dst>
            <dst id="NYCMng">13299.0053333333</dst>
            <dst id="SNVAng">17823.024</dst>
            <dst id="STTLng">12925.792</dst>
            <dst id="WASHng">42214.0586666667</dst>
        </src>
        <src id="HSTNng">
            <dst id="ATLA-M5">1488.67733333333</dst>
            <dst id="ATLAng">4379.18933333333</dst>
            <dst id="CHINng">35206.4506666667</dst>
            <dst id="DNVRng">11421.3973333333</dst>
            <dst id="HSTNng">10710.4106666667</dst>
            <dst id="IPLSng">3775.29333333333</dst>
            <dst id="KSCYng">2091.024</dst>
            <dst id="LOSAng">14181.296</dst>
            <dst id="NYCMng">3690.65066666667</dst>
            <dst id="SNVAng">276.050666666667</dst>
            <dst id="STTLng">2188.31733333333</dst>
            <dst id="WASHng">6938.34133333333</dst>
        </src>
        <src id="IPLSng">
            <dst id="ATLA-M5">382.034666666667</dst>
            <dst id="ATLAng">21298.3866666667</dst>
            <dst id="CHINng">82358.448</dst>
            <dst id="DNVRng">15038.7786666667</dst>
            <dst id="HSTNng">8249.12533333333</dst>
            <dst id="IPLSng">40780.9066666667</dst>
            <dst id="KSCYng">6274.91733333333</dst>
            <dst id="LOSAng">60613.2853333333</dst>
            <dst id="NYCMng">30546.8586666667</dst>
            <dst id="SNVAng">2634.90666666667</dst>
            <dst id="STTLng">15137.176</dst>
            <dst id="WASHng">32925.56</dst>
        </src>
        <src id="KSCYng">
            <dst id="ATLA-M5">744.485333333333</dst>
            <dst id="ATLAng">5192.928</dst>
            <dst id="CHINng">38325.0693333333</dst>
            <dst id="DNVRng">16850.6906666667</dst>
            <dst id="HSTNng">5549.25866666667</dst>
            <dst id="IPLSng">16511.5493333333</dst>
            <dst id="KSCYng">5206.13066666667</dst>
            <dst id="LOSAng">10859.76</dst>
            <dst id="NYCMng">9951.368</dst>
            <dst id="SNVAng">444.112</dst>
            <dst id="STTLng">2848.19733333333</dst>
            <dst id="WASHng">13098.3146666667</dst>
        </src>
        <src id="LOSAng">
            <dst id="ATLA-M5">1667.14933333333</dst>
            <dst id="ATLAng">38909.5413333333</dst>
            <dst id="CHINng">137544.693333333</dst>
            <dst id="DNVRng">20622.384</dst>
            <dst id="HSTNng">24536.9946666667</dst>
            <dst id="IPLSng">56810.0613333333</dst>
            <dst id="KSCYng">9894.048</dst>
            <dst id="LOSAng">12287.2613333333</dst>
            <dst id="NYCMng">86265.368</dst>
            <dst id="SNVAng">19691.1626666667</dst>
            <dst id="STTLng">66833.696</dst>
            <dst id="WASHng">125930.64</dst>
        </src>
        <src id="NYCMng">
            <dst id="ATLA-M5">6178.55466666667</dst>
            <dst id="ATLAng">63378.3733333333</dst>
            <dst id="CHINng">56546.8346666667</dst>
            <dst id="DNVRng">51382.8</dst>
            <dst id="HSTNng">12480.536</dst>
            <dst id="IPLSng">53257.9813333333</dst>
            <dst id="KSCYng">24935.76</dst>
            <dst id="LOSAng">84337.664</dst>
            <dst id="NYCMng">134762.304</dst>
            <dst id="SNVAng">5103.38666666667</dst>
            <dst id="STTLng">30053.64</dst>
            <dst id="WASHng">107551.610666667</dst>
        </src>
        <src id="SNVAng">
            <dst id="ATLA-M5">0</dst>
            <dst id="ATLAng">1137.98666666667</dst>
            <dst id="CHINng">2093.55733333333</dst>
            <dst id="DNVRng">1992.752</dst>
            <dst id="HSTNng">148.533333333333</dst>
            <dst id="IPLSng">5810.17866666667</dst>
            <dst id="KSCYng">648.768</dst>
            <dst id="LOSAng">42203.3146666667</dst>
            <dst id="NYCMng">536.290666666667</dst>
            <dst id="SNVAng">23851.8026666667</dst>
            <dst id="STTLng">34657.072</dst>
            <dst id="WASHng">423.834666666667</dst>
        </src>
        <src id="STTLng">
            <dst id="ATLA-M5">831.504</dst>
            <dst id="ATLAng">15465.6293333333</dst>
            <dst id="CHINng">31210.6293333333</dst>
            <dst id="DNVRng">4229.17866666667</dst>
            <dst id="HSTNng">4826.88266666667</dst>
            <dst id="IPLSng">16977.6666666667</dst>
            <dst id="KSCYng">6634.056</dst>
            <dst id="LOSAng">32911.8986666667</dst>
            <dst id="NYCMng">12217.664</dst>
            <dst id="SNVAng">6226.74933333333</dst>
            <dst id="STTLng">6132.62133333333</dst>
            <dst id="WASHng">20862.0426666667</dst>
        </src>
        <src id="WASHng">
            <dst id="ATLA-M5">937.373333333333</dst>
            <dst id="ATLAng">129675.152</dst>
            <dst id="CHINng">93988.2213333333</dst>
            <dst id="DNVRng">71290.5306666667</dst>
            <dst id="HSTNng">40996.4986666667</dst>
            <dst id="IPLSng">117899.234666667</dst>
            <dst id="KSCYng">28230.3733333333</dst>
            <dst id="LOSAng">121319.541333333</dst>
            <dst id="NYCMng">173819.914666667</dst>
            <dst id="SNVAng">5775.70933333333</dst>
            <dst id="STTLng">37034.5013333333</dst>
            <dst id="WASHng">273522.506666667</dst>
        </src>
    </IntraTM>
</TrafficMatrixFile>
