<?xml version="1.0" encoding="ISO-8859-1" standalone="yes"?>
<TrafficMatrixFile xsi:noNamespaceSchemaLocation="http://totem.run.montefiore.ulg.ac.be/Schema/TrafficMatrix-v1_2.xsd" xmlns:xsi="http://www.w3.org/2001/XMLSchema-instance">
    <IntraTM ASID="11537">
        <src id="ATLA-M5">
            <dst id="ATLA-M5">101.290666666667</dst>
            <dst id="ATLAng">52.816</dst>
            <dst id="CHINng">321.576</dst>
            <dst id="DNVRng">0</dst>
            <dst id="HSTNng">73.8826666666667</dst>
            <dst id="IPLSng">244.074666666667</dst>
            <dst id="KSCYng">26.6666666666667</dst>
            <dst id="LOSAng">206.973333333333</dst>
            <dst id="NYCMng">416.309333333333</dst>
            <dst id="SNVAng">0</dst>
            <dst id="STTLng">0</dst>
            <dst id="WASHng">714.997333333333</dst>
        </src>
        <src id="ATLAng">
            <dst id="ATLA-M5">1711.54933333333</dst>
            <dst id="ATLAng">55161.4453333333</dst>
            <dst id="CHINng">4033.99733333333</dst>
            <dst id="DNVRng">3544.64266666667</dst>
            <dst id="HSTNng">1164.97066666667</dst>
            <dst id="IPLSng">13206.24</dst>
            <dst id="KSCYng">965.229333333333</dst>
            <dst id="LOSAng">14717.9453333333</dst>
            <dst id="NYCMng">3996.256</dst>
            <dst id="SNVAng">121.846666666667</dst>
            <dst id="STTLng">4464.55466666667</dst>
            <dst id="WASHng">40742.2826666667</dst>
        </src>
        <src id="CHINng">
            <dst id="ATLA-M5">763.544</dst>
            <dst id="ATLAng">41048.0746666667</dst>
            <dst id="CHINng">78598.9093333333</dst>
            <dst id="DNVRng">17839.88</dst>
            <dst id="HSTNng">8213.90666666667</dst>
            <dst id="IPLSng">23237.912</dst>
            <dst id="KSCYng">13494.8986666667</dst>
            <dst id="LOSAng">70585.136</dst>
            <dst id="NYCMng">7050.13066666667</dst>
            <dst id="SNVAng">584.189333333333</dst>
            <dst id="STTLng">5862.024</dst>
            <dst id="WASHng">12000.9626666667</dst>
        </src>
        <src id="DNVRng">
            <dst id="ATLA-M5">0</dst>
            <dst id="ATLAng">4316.69066666667</dst>
            <dst id="CHINng">60589.5973333333</dst>
            <dst id="DNVRng">3513.49866666667</dst>
            <dst id="HSTNng">12745.168</dst>
            <dst id="IPLSng">27107.5893333333</dst>
            <dst id="KSCYng">11116.7946666667</dst>
            <dst id="LOSAng">13461.2213333333</dst>
            <dst id="NYCMng">10318.3173333333</dst>
            <dst id="SNVAng">3741.62133333333</dst>
            <dst id="STTLng">3929.984</dst>
            <dst id="WASHng">37039.2026666667</dst>
        </src>
        <src id="HSTNng">
            <dst id="ATLA-M5">2290.776</dst>
            <dst id="ATLAng">18140.304</dst>
            <dst id="CHINng">14478.464</dst>
            <dst id="DNVRng">2172.84</dst>
            <dst id="HSTNng">2203.76266666667</dst>
            <dst id="IPLSng">699.850666666667</dst>
            <dst id="KSCYng">1234.856</dst>
            <dst id="LOSAng">10507.04</dst>
            <dst id="NYCMng">1721.448</dst>
            <dst id="SNVAng">0</dst>
            <dst id="STTLng">1489.304</dst>
            <dst id="WASHng">2895.83466666667</dst>
        </src>
        <src id="IPLSng">
            <dst id="ATLA-M5">26.6666666666667</dst>
            <dst id="ATLAng">9372.52533333333</dst>
            <dst id="CHINng">81749.4533333333</dst>
            <dst id="DNVRng">3177.776</dst>
            <dst id="HSTNng">1295.37333333333</dst>
            <dst id="IPLSng">18619.984</dst>
            <dst id="KSCYng">2414.27466666667</dst>
            <dst id="LOSAng">61860.312</dst>
            <dst id="NYCMng">24026.264</dst>
            <dst id="SNVAng">235.557333333333</dst>
            <dst id="STTLng">9846.16266666667</dst>
            <dst id="WASHng">8250.048</dst>
        </src>
        <src id="KSCYng">
            <dst id="ATLA-M5">0</dst>
            <dst id="ATLAng">1414.38133333333</dst>
            <dst id="CHINng">18075.7146666667</dst>
            <dst id="DNVRng">13833.6453333333</dst>
            <dst id="HSTNng">2379.39466666667</dst>
            <dst id="IPLSng">9263.2</dst>
            <dst id="KSCYng">2323.136</dst>
            <dst id="LOSAng">6403.832</dst>
            <dst id="NYCMng">3456.59733333333</dst>
            <dst id="SNVAng">264.36</dst>
            <dst id="STTLng">2399.91466666667</dst>
            <dst id="WASHng">5987.82133333333</dst>
        </src>
        <src id="LOSAng">
            <dst id="ATLA-M5">0</dst>
            <dst id="ATLAng">52525.9973333333</dst>
            <dst id="CHINng">125376.258666667</dst>
            <dst id="DNVRng">9117.77066666667</dst>
            <dst id="HSTNng">3728.312</dst>
            <dst id="IPLSng">24379.232</dst>
            <dst id="KSCYng">2957.47733333333</dst>
            <dst id="LOSAng">21244.5733333333</dst>
            <dst id="NYCMng">61769.1066666667</dst>
            <dst id="SNVAng">7396.76</dst>
            <dst id="STTLng">38980.112</dst>
            <dst id="WASHng">105406.586666667</dst>
        </src>
        <src id="NYCMng">
            <dst id="ATLA-M5">1318.91733333333</dst>
            <dst id="ATLAng">32861.8106666667</dst>
            <dst id="CHINng">50332.152</dst>
            <dst id="DNVRng">23888.2106666667</dst>
            <dst id="HSTNng">10394.6186666667</dst>
            <dst id="IPLSng">28517.304</dst>
            <dst id="KSCYng">5321.50666666667</dst>
            <dst id="LOSAng">86626.616</dst>
            <dst id="NYCMng">123757.066666667</dst>
            <dst id="SNVAng">2432.02666666667</dst>
            <dst id="STTLng">28607.776</dst>
            <dst id="WASHng">96361.992</dst>
        </src>
        <src id="SNVAng">
            <dst id="ATLA-M5">0</dst>
            <dst id="ATLAng">26.6666666666667</dst>
            <dst id="CHINng">263.346666666667</dst>
            <dst id="DNVRng">273.272</dst>
            <dst id="HSTNng">175.68</dst>
            <dst id="IPLSng">1082.392</dst>
            <dst id="KSCYng">75.1706666666667</dst>
            <dst id="LOSAng">30876.9866666667</dst>
            <dst id="NYCMng">407.749333333333</dst>
            <dst id="SNVAng">8382.008</dst>
            <dst id="STTLng">21353.4266666667</dst>
            <dst id="WASHng">53.3333333333333</dst>
        </src>
        <src id="STTLng">
            <dst id="ATLA-M5">26.6666666666667</dst>
            <dst id="ATLAng">7245.584</dst>
            <dst id="CHINng">24775.216</dst>
            <dst id="DNVRng">2158.44</dst>
            <dst id="HSTNng">1724.90666666667</dst>
            <dst id="IPLSng">4613.872</dst>
            <dst id="KSCYng">1637.184</dst>
            <dst id="LOSAng">32192.0213333333</dst>
            <dst id="NYCMng">15193.0666666667</dst>
            <dst id="SNVAng">2580.36533333333</dst>
            <dst id="STTLng">1353.84</dst>
            <dst id="WASHng">10262.5573333333</dst>
        </src>
        <src id="WASHng">
            <dst id="ATLA-M5">0</dst>
            <dst id="ATLAng">64908.4026666667</dst>
            <dst id="CHINng">67878.864</dst>
            <dst id="DNVRng">49708.9866666667</dst>
            <dst id="HSTNng">27175.7066666667</dst>
            <dst id="IPLSng">24764.92</dst>
            <dst id="KSCYng">10503.8106666667</dst>
            <dst id="LOSAng">112321.237333333</dst>
            <dst id="NYCMng">125653.093333333</dst>
            <dst id="SNVAng">150.394666666667</dst>
            <dst id="STTLng">30017.5706666667</dst>
            <dst id="WASHng">253864.578666667</dst>
        </src>
    </IntraTM>
</TrafficMatrixFile>
