<?xml version="1.0" encoding="ISO-8859-1" standalone="yes"?>
<TrafficMatrixFile xsi:noNamespaceSchemaLocation="http://totem.run.montefiore.ulg.ac.be/Schema/TrafficMatrix-v1_2.xsd" xmlns:xsi="http://www.w3.org/2001/XMLSchema-instance">
    <IntraTM ASID="11537">
        <src id="ATLA-M5">
            <dst id="ATLA-M5">26.6666666666667</dst>
            <dst id="ATLAng">64.6853333333333</dst>
            <dst id="CHINng">61.768</dst>
            <dst id="DNVRng">0</dst>
            <dst id="HSTNng">78.9226666666667</dst>
            <dst id="IPLSng">31.8853333333333</dst>
            <dst id="KSCYng">26.6666666666667</dst>
            <dst id="LOSAng">53.3333333333333</dst>
            <dst id="NYCMng">62.6666666666667</dst>
            <dst id="SNVAng">0</dst>
            <dst id="STTLng">26.6666666666667</dst>
            <dst id="WASHng">2694.528</dst>
        </src>
        <src id="ATLAng">
            <dst id="ATLA-M5">118.832</dst>
            <dst id="ATLAng">23958.632</dst>
            <dst id="CHINng">10800.9306666667</dst>
            <dst id="DNVRng">4951.632</dst>
            <dst id="HSTNng">733.138666666667</dst>
            <dst id="IPLSng">7206.224</dst>
            <dst id="KSCYng">12606.9493333333</dst>
            <dst id="LOSAng">8921.912</dst>
            <dst id="NYCMng">2953.41066666667</dst>
            <dst id="SNVAng">185.085333333333</dst>
            <dst id="STTLng">4477.35466666667</dst>
            <dst id="WASHng">49249.7546666667</dst>
        </src>
        <src id="CHINng">
            <dst id="ATLA-M5">96.8293333333333</dst>
            <dst id="ATLAng">11194.8773333333</dst>
            <dst id="CHINng">120183.405333333</dst>
            <dst id="DNVRng">11386.9973333333</dst>
            <dst id="HSTNng">1792.38933333333</dst>
            <dst id="IPLSng">22320.1466666667</dst>
            <dst id="KSCYng">3816.73066666667</dst>
            <dst id="LOSAng">42605.832</dst>
            <dst id="NYCMng">9812.14666666667</dst>
            <dst id="SNVAng">1974.67733333333</dst>
            <dst id="STTLng">5441.61333333333</dst>
            <dst id="WASHng">35670.3733333333</dst>
        </src>
        <src id="DNVRng">
            <dst id="ATLA-M5">44.96</dst>
            <dst id="ATLAng">9034.18133333334</dst>
            <dst id="CHINng">60773.1546666667</dst>
            <dst id="DNVRng">21832.9493333333</dst>
            <dst id="HSTNng">11037.592</dst>
            <dst id="IPLSng">17490.344</dst>
            <dst id="KSCYng">8371.12</dst>
            <dst id="LOSAng">3849.592</dst>
            <dst id="NYCMng">16556.32</dst>
            <dst id="SNVAng">5542.48533333333</dst>
            <dst id="STTLng">7654.93333333333</dst>
            <dst id="WASHng">31919.7413333333</dst>
        </src>
        <src id="HSTNng">
            <dst id="ATLA-M5">3696.576</dst>
            <dst id="ATLAng">1583.28266666667</dst>
            <dst id="CHINng">16670.5653333333</dst>
            <dst id="DNVRng">807.808</dst>
            <dst id="HSTNng">3308.664</dst>
            <dst id="IPLSng">284.405333333333</dst>
            <dst id="KSCYng">2033.93333333333</dst>
            <dst id="LOSAng">7349.71466666667</dst>
            <dst id="NYCMng">955.450666666667</dst>
            <dst id="SNVAng">0</dst>
            <dst id="STTLng">2016.25333333333</dst>
            <dst id="WASHng">1294.22133333333</dst>
        </src>
        <src id="IPLSng">
            <dst id="ATLA-M5">195.842666666667</dst>
            <dst id="ATLAng">10351.4293333333</dst>
            <dst id="CHINng">85780.92</dst>
            <dst id="DNVRng">9522.68266666667</dst>
            <dst id="HSTNng">1368.864</dst>
            <dst id="IPLSng">8671.336</dst>
            <dst id="KSCYng">2394.97866666667</dst>
            <dst id="LOSAng">46568.016</dst>
            <dst id="NYCMng">9455.16</dst>
            <dst id="SNVAng">143.882666666667</dst>
            <dst id="STTLng">7203.16266666667</dst>
            <dst id="WASHng">6027.424</dst>
        </src>
        <src id="KSCYng">
            <dst id="ATLA-M5">26.6666666666667</dst>
            <dst id="ATLAng">2016.37333333333</dst>
            <dst id="CHINng">30535.8373333333</dst>
            <dst id="DNVRng">12106.7786666667</dst>
            <dst id="HSTNng">2041.82933333333</dst>
            <dst id="IPLSng">8429.90933333333</dst>
            <dst id="KSCYng">2794.00266666667</dst>
            <dst id="LOSAng">6624.54133333333</dst>
            <dst id="NYCMng">6388.33866666667</dst>
            <dst id="SNVAng">53.3333333333333</dst>
            <dst id="STTLng">4255.304</dst>
            <dst id="WASHng">5250.296</dst>
        </src>
        <src id="LOSAng">
            <dst id="ATLA-M5">26.6666666666667</dst>
            <dst id="ATLAng">6644.672</dst>
            <dst id="CHINng">139180.890666667</dst>
            <dst id="DNVRng">5817.68533333333</dst>
            <dst id="HSTNng">5932.76533333333</dst>
            <dst id="IPLSng">26901.696</dst>
            <dst id="KSCYng">4304.90133333333</dst>
            <dst id="LOSAng">18782.5706666667</dst>
            <dst id="NYCMng">40219.288</dst>
            <dst id="SNVAng">13420.608</dst>
            <dst id="STTLng">30436.8986666667</dst>
            <dst id="WASHng">94044.2933333333</dst>
        </src>
        <src id="NYCMng">
            <dst id="ATLA-M5">116.909333333333</dst>
            <dst id="ATLAng">25472.9973333333</dst>
            <dst id="CHINng">46935.8986666667</dst>
            <dst id="DNVRng">25505.376</dst>
            <dst id="HSTNng">4464.38933333333</dst>
            <dst id="IPLSng">24373.3573333333</dst>
            <dst id="KSCYng">6614.552</dst>
            <dst id="LOSAng">68462.352</dst>
            <dst id="NYCMng">84862.1973333333</dst>
            <dst id="SNVAng">1913.136</dst>
            <dst id="STTLng">20976.472</dst>
            <dst id="WASHng">59860.4026666667</dst>
        </src>
        <src id="SNVAng">
            <dst id="ATLA-M5">0</dst>
            <dst id="ATLAng">53.3333333333333</dst>
            <dst id="CHINng">517.56</dst>
            <dst id="DNVRng">2899.85333333333</dst>
            <dst id="HSTNng">36.5866666666667</dst>
            <dst id="IPLSng">251.845333333333</dst>
            <dst id="KSCYng">0</dst>
            <dst id="LOSAng">27467.5493333333</dst>
            <dst id="NYCMng">625.594666666667</dst>
            <dst id="SNVAng">9016.072</dst>
            <dst id="STTLng">21328.688</dst>
            <dst id="WASHng">477.333333333333</dst>
        </src>
        <src id="STTLng">
            <dst id="ATLA-M5">0</dst>
            <dst id="ATLAng">8275.52266666667</dst>
            <dst id="CHINng">33626.2506666667</dst>
            <dst id="DNVRng">1629.91466666667</dst>
            <dst id="HSTNng">827.578666666667</dst>
            <dst id="IPLSng">5473.368</dst>
            <dst id="KSCYng">676.989333333333</dst>
            <dst id="LOSAng">18288.1173333333</dst>
            <dst id="NYCMng">9970.86133333333</dst>
            <dst id="SNVAng">1821.20533333333</dst>
            <dst id="STTLng">1082.42666666667</dst>
            <dst id="WASHng">4897.15733333333</dst>
        </src>
        <src id="WASHng">
            <dst id="ATLA-M5">38.3973333333333</dst>
            <dst id="ATLAng">130840.168</dst>
            <dst id="CHINng">85613.4746666667</dst>
            <dst id="DNVRng">60475.0613333333</dst>
            <dst id="HSTNng">12635.44</dst>
            <dst id="IPLSng">33109.7866666667</dst>
            <dst id="KSCYng">4052.85333333333</dst>
            <dst id="LOSAng">110108.722666667</dst>
            <dst id="NYCMng">131194.050666667</dst>
            <dst id="SNVAng">4362.29066666667</dst>
            <dst id="STTLng">24879.4853333333</dst>
            <dst id="WASHng">256399.818666667</dst>
        </src>
    </IntraTM>
</TrafficMatrixFile>
