<?xml version="1.0" encoding="ISO-8859-1" standalone="yes"?>
<TrafficMatrixFile xsi:noNamespaceSchemaLocation="http://totem.run.montefiore.ulg.ac.be/Schema/TrafficMatrix-v1_2.xsd" xmlns:xsi="http://www.w3.org/2001/XMLSchema-instance">
    <IntraTM ASID="11537">
        <src id="ATLA-M5">
            <dst id="ATLA-M5">0</dst>
            <dst id="ATLAng">58.6666666666667</dst>
            <dst id="CHINng">186.474666666667</dst>
            <dst id="DNVRng">0</dst>
            <dst id="HSTNng">0</dst>
            <dst id="IPLSng">89.256</dst>
            <dst id="KSCYng">0</dst>
            <dst id="LOSAng">144.234666666667</dst>
            <dst id="NYCMng">80</dst>
            <dst id="SNVAng">14.2293333333333</dst>
            <dst id="STTLng">45.9013333333333</dst>
            <dst id="WASHng">593.333333333333</dst>
        </src>
        <src id="ATLAng">
            <dst id="ATLA-M5">232.92</dst>
            <dst id="ATLAng">25723.5786666667</dst>
            <dst id="CHINng">6635.54933333333</dst>
            <dst id="DNVRng">3615.66666666667</dst>
            <dst id="HSTNng">405.666666666667</dst>
            <dst id="IPLSng">9918.696</dst>
            <dst id="KSCYng">740.410666666667</dst>
            <dst id="LOSAng">14507.94</dst>
            <dst id="NYCMng">4214.78133333333</dst>
            <dst id="SNVAng">56.7453333333333</dst>
            <dst id="STTLng">3913.30933333333</dst>
            <dst id="WASHng">38747.9306666667</dst>
        </src>
        <src id="CHINng">
            <dst id="ATLA-M5">39.0133333333333</dst>
            <dst id="ATLAng">40793.3546666667</dst>
            <dst id="CHINng">71382.9786666666</dst>
            <dst id="DNVRng">21540.9253333333</dst>
            <dst id="HSTNng">4967.22666666667</dst>
            <dst id="IPLSng">22647.1066666667</dst>
            <dst id="KSCYng">9124.50666666666</dst>
            <dst id="LOSAng">57234.792</dst>
            <dst id="NYCMng">6607.44533333333</dst>
            <dst id="SNVAng">145.181333333333</dst>
            <dst id="STTLng">9482.52</dst>
            <dst id="WASHng">23087.2106666667</dst>
        </src>
        <src id="DNVRng">
            <dst id="ATLA-M5">211.68</dst>
            <dst id="ATLAng">4863.37866666667</dst>
            <dst id="CHINng">45708.5813333333</dst>
            <dst id="DNVRng">14780.6426666667</dst>
            <dst id="HSTNng">25215.9306666667</dst>
            <dst id="IPLSng">21527.2453333333</dst>
            <dst id="KSCYng">26227.9706666667</dst>
            <dst id="LOSAng">11370.8693333333</dst>
            <dst id="NYCMng">15421.352</dst>
            <dst id="SNVAng">13108.256</dst>
            <dst id="STTLng">10956.4746666667</dst>
            <dst id="WASHng">35356.9813333333</dst>
        </src>
        <src id="HSTNng">
            <dst id="ATLA-M5">198.016</dst>
            <dst id="ATLAng">18414.1626666667</dst>
            <dst id="CHINng">13444.1653333333</dst>
            <dst id="DNVRng">1097.41333333333</dst>
            <dst id="HSTNng">3775.992</dst>
            <dst id="IPLSng">351.578666666667</dst>
            <dst id="KSCYng">3088.27733333333</dst>
            <dst id="LOSAng">10947.2613333333</dst>
            <dst id="NYCMng">1812.52</dst>
            <dst id="SNVAng">0</dst>
            <dst id="STTLng">3344.50133333333</dst>
            <dst id="WASHng">2461.512</dst>
        </src>
        <src id="IPLSng">
            <dst id="ATLA-M5">0</dst>
            <dst id="ATLAng">11735.7066666667</dst>
            <dst id="CHINng">64206.6026666667</dst>
            <dst id="DNVRng">7574.672</dst>
            <dst id="HSTNng">2349.328</dst>
            <dst id="IPLSng">9026.72</dst>
            <dst id="KSCYng">2292.07733333333</dst>
            <dst id="LOSAng">68137.2826666667</dst>
            <dst id="NYCMng">23204.696</dst>
            <dst id="SNVAng">1097.54666666667</dst>
            <dst id="STTLng">10418.4906666667</dst>
            <dst id="WASHng">20482.64</dst>
        </src>
        <src id="KSCYng">
            <dst id="ATLA-M5">0</dst>
            <dst id="ATLAng">1667.55466666667</dst>
            <dst id="CHINng">16666.3653333333</dst>
            <dst id="DNVRng">15386.4746666667</dst>
            <dst id="HSTNng">4054.4</dst>
            <dst id="IPLSng">11743.328</dst>
            <dst id="KSCYng">10248.9146666667</dst>
            <dst id="LOSAng">10122.9626666667</dst>
            <dst id="NYCMng">4159.864</dst>
            <dst id="SNVAng">149.237333333333</dst>
            <dst id="STTLng">3498.03466666667</dst>
            <dst id="WASHng">6983.91466666667</dst>
        </src>
        <src id="LOSAng">
            <dst id="ATLA-M5">311.653333333333</dst>
            <dst id="ATLAng">43487.8</dst>
            <dst id="CHINng">104244.578666667</dst>
            <dst id="DNVRng">18577.7626666667</dst>
            <dst id="HSTNng">5123.89333333333</dst>
            <dst id="IPLSng">35370.864</dst>
            <dst id="KSCYng">2226.78133333333</dst>
            <dst id="LOSAng">22161.8586666667</dst>
            <dst id="NYCMng">62080.816</dst>
            <dst id="SNVAng">5554.17333333333</dst>
            <dst id="STTLng">39737.4613333333</dst>
            <dst id="WASHng">111308.821333333</dst>
        </src>
        <src id="NYCMng">
            <dst id="ATLA-M5">585.642666666667</dst>
            <dst id="ATLAng">38871.8666666667</dst>
            <dst id="CHINng">52408.384</dst>
            <dst id="DNVRng">23776.5093333333</dst>
            <dst id="HSTNng">10868.1786666667</dst>
            <dst id="IPLSng">25383.1306666667</dst>
            <dst id="KSCYng">8313.44</dst>
            <dst id="LOSAng">86402.3253333333</dst>
            <dst id="NYCMng">90523.3253333333</dst>
            <dst id="SNVAng">3785.62933333333</dst>
            <dst id="STTLng">24726.5546666667</dst>
            <dst id="WASHng">64455.3573333333</dst>
        </src>
        <src id="SNVAng">
            <dst id="ATLA-M5">0</dst>
            <dst id="ATLAng">53.3333333333333</dst>
            <dst id="CHINng">330.509333333333</dst>
            <dst id="DNVRng">8798.28533333333</dst>
            <dst id="HSTNng">141.258666666667</dst>
            <dst id="IPLSng">5924.72</dst>
            <dst id="KSCYng">85.112</dst>
            <dst id="LOSAng">50641.8373333333</dst>
            <dst id="NYCMng">336.954666666667</dst>
            <dst id="SNVAng">8418.04</dst>
            <dst id="STTLng">25638.128</dst>
            <dst id="WASHng">0</dst>
        </src>
        <src id="STTLng">
            <dst id="ATLA-M5">0</dst>
            <dst id="ATLAng">9574.28533333333</dst>
            <dst id="CHINng">19651.1866666667</dst>
            <dst id="DNVRng">1899.792</dst>
            <dst id="HSTNng">2350.06933333333</dst>
            <dst id="IPLSng">11622.8773333333</dst>
            <dst id="KSCYng">3128.31466666667</dst>
            <dst id="LOSAng">26781.0026666667</dst>
            <dst id="NYCMng">10319.2373333333</dst>
            <dst id="SNVAng">3577.61066666667</dst>
            <dst id="STTLng">3050.05866666667</dst>
            <dst id="WASHng">14095.4266666667</dst>
        </src>
        <src id="WASHng">
            <dst id="ATLA-M5">98.9866666666667</dst>
            <dst id="ATLAng">108961.928</dst>
            <dst id="CHINng">90584.016</dst>
            <dst id="DNVRng">67411.9546666667</dst>
            <dst id="HSTNng">15927.7493333333</dst>
            <dst id="IPLSng">37027.744</dst>
            <dst id="KSCYng">22479.7333333333</dst>
            <dst id="LOSAng">128850.010666667</dst>
            <dst id="NYCMng">158506.218666667</dst>
            <dst id="SNVAng">955.256</dst>
            <dst id="STTLng">46248.9573333333</dst>
            <dst id="WASHng">213516.84</dst>
        </src>
    </IntraTM>
</TrafficMatrixFile>
