<?xml version="1.0" encoding="ISO-8859-1" standalone="yes"?>
<TrafficMatrixFile xsi:noNamespaceSchemaLocation="http://totem.run.montefiore.ulg.ac.be/Schema/TrafficMatrix-v1_2.xsd" xmlns:xsi="http://www.w3.org/2001/XMLSchema-instance">
    <IntraTM ASID="11537">
        <src id="ATLA-M5">
            <dst id="ATLA-M5">26.6666666666667</dst>
            <dst id="ATLAng">340.602666666667</dst>
            <dst id="CHINng">805.552</dst>
            <dst id="DNVRng">0</dst>
            <dst id="HSTNng">145.453333333333</dst>
            <dst id="IPLSng">53.3333333333333</dst>
            <dst id="KSCYng">96.9626666666666</dst>
            <dst id="LOSAng">141.698666666667</dst>
            <dst id="NYCMng">26.6666666666667</dst>
            <dst id="SNVAng">0</dst>
            <dst id="STTLng">26.6666666666667</dst>
            <dst id="WASHng">514.381333333333</dst>
        </src>
        <src id="ATLAng">
            <dst id="ATLA-M5">225.184</dst>
            <dst id="ATLAng">33604.4266666667</dst>
            <dst id="CHINng">6247.09866666667</dst>
            <dst id="DNVRng">2823.032</dst>
            <dst id="HSTNng">1369.96533333333</dst>
            <dst id="IPLSng">9702.96533333333</dst>
            <dst id="KSCYng">2143.032</dst>
            <dst id="LOSAng">11633.4733333333</dst>
            <dst id="NYCMng">6821.73866666667</dst>
            <dst id="SNVAng">394.838666666667</dst>
            <dst id="STTLng">2865.69066666667</dst>
            <dst id="WASHng">60023.2426666667</dst>
        </src>
        <src id="CHINng">
            <dst id="ATLA-M5">394.688</dst>
            <dst id="ATLAng">59124.3093333333</dst>
            <dst id="CHINng">111029.802666667</dst>
            <dst id="DNVRng">10654.5973333333</dst>
            <dst id="HSTNng">4328.52266666667</dst>
            <dst id="IPLSng">21111.5093333333</dst>
            <dst id="KSCYng">10694.664</dst>
            <dst id="LOSAng">39924.952</dst>
            <dst id="NYCMng">7630.01333333333</dst>
            <dst id="SNVAng">967.597333333333</dst>
            <dst id="STTLng">4843.416</dst>
            <dst id="WASHng">20998.5013333333</dst>
        </src>
        <src id="DNVRng">
            <dst id="ATLA-M5">254.709333333333</dst>
            <dst id="ATLAng">5008.536</dst>
            <dst id="CHINng">54601.1253333333</dst>
            <dst id="DNVRng">8474.24</dst>
            <dst id="HSTNng">14734.0613333333</dst>
            <dst id="IPLSng">24732.8826666667</dst>
            <dst id="KSCYng">24722.88</dst>
            <dst id="LOSAng">5115.24533333333</dst>
            <dst id="NYCMng">11391.0506666667</dst>
            <dst id="SNVAng">8035.48</dst>
            <dst id="STTLng">6216.07733333333</dst>
            <dst id="WASHng">30336.24</dst>
        </src>
        <src id="HSTNng">
            <dst id="ATLA-M5">3317.14133333333</dst>
            <dst id="ATLAng">4143.664</dst>
            <dst id="CHINng">16351.92</dst>
            <dst id="DNVRng">923.717333333333</dst>
            <dst id="HSTNng">2961.03466666667</dst>
            <dst id="IPLSng">8743.25333333333</dst>
            <dst id="KSCYng">1892.56</dst>
            <dst id="LOSAng">6325.472</dst>
            <dst id="NYCMng">7303.23466666667</dst>
            <dst id="SNVAng">0</dst>
            <dst id="STTLng">2200.52</dst>
            <dst id="WASHng">4526.33066666667</dst>
        </src>
        <src id="IPLSng">
            <dst id="ATLA-M5">26.6666666666667</dst>
            <dst id="ATLAng">19252.24</dst>
            <dst id="CHINng">84259.9226666667</dst>
            <dst id="DNVRng">2366</dst>
            <dst id="HSTNng">7167.46133333333</dst>
            <dst id="IPLSng">26627.0133333333</dst>
            <dst id="KSCYng">2485.848</dst>
            <dst id="LOSAng">34686.464</dst>
            <dst id="NYCMng">22897.472</dst>
            <dst id="SNVAng">223.224</dst>
            <dst id="STTLng">8282.936</dst>
            <dst id="WASHng">16549.9413333333</dst>
        </src>
        <src id="KSCYng">
            <dst id="ATLA-M5">0</dst>
            <dst id="ATLAng">2797.45066666667</dst>
            <dst id="CHINng">20779.12</dst>
            <dst id="DNVRng">7792.05866666667</dst>
            <dst id="HSTNng">6604.61066666667</dst>
            <dst id="IPLSng">15194.7333333333</dst>
            <dst id="KSCYng">6175.744</dst>
            <dst id="LOSAng">7672.60266666667</dst>
            <dst id="NYCMng">3734.36266666667</dst>
            <dst id="SNVAng">198.493333333333</dst>
            <dst id="STTLng">2145.82666666667</dst>
            <dst id="WASHng">12733.9546666667</dst>
        </src>
        <src id="LOSAng">
            <dst id="ATLA-M5">2444.30933333333</dst>
            <dst id="ATLAng">71261.0693333333</dst>
            <dst id="CHINng">139284.896</dst>
            <dst id="DNVRng">4813.512</dst>
            <dst id="HSTNng">6941.272</dst>
            <dst id="IPLSng">27727.0266666667</dst>
            <dst id="KSCYng">3333.16533333333</dst>
            <dst id="LOSAng">15643.9093333333</dst>
            <dst id="NYCMng">55166.0026666667</dst>
            <dst id="SNVAng">10018.024</dst>
            <dst id="STTLng">44338.2666666667</dst>
            <dst id="WASHng">72802.216</dst>
        </src>
        <src id="NYCMng">
            <dst id="ATLA-M5">742.008</dst>
            <dst id="ATLAng">42749.36</dst>
            <dst id="CHINng">37933.4026666667</dst>
            <dst id="DNVRng">94905.4746666667</dst>
            <dst id="HSTNng">6486.15466666667</dst>
            <dst id="IPLSng">30490.9466666667</dst>
            <dst id="KSCYng">7437.33333333333</dst>
            <dst id="LOSAng">61247.1386666667</dst>
            <dst id="NYCMng">111802.354666667</dst>
            <dst id="SNVAng">2143.45066666667</dst>
            <dst id="STTLng">28828.3466666667</dst>
            <dst id="WASHng">104689.570666667</dst>
        </src>
        <src id="SNVAng">
            <dst id="ATLA-M5">0</dst>
            <dst id="ATLAng">1478.06933333333</dst>
            <dst id="CHINng">841.810666666667</dst>
            <dst id="DNVRng">626.085333333333</dst>
            <dst id="HSTNng">227.978666666667</dst>
            <dst id="IPLSng">6250.856</dst>
            <dst id="KSCYng">204.669333333333</dst>
            <dst id="LOSAng">26965.2373333333</dst>
            <dst id="NYCMng">3027.69333333333</dst>
            <dst id="SNVAng">8298.65866666667</dst>
            <dst id="STTLng">22181.0213333333</dst>
            <dst id="WASHng">74.6613333333333</dst>
        </src>
        <src id="STTLng">
            <dst id="ATLA-M5">27.36</dst>
            <dst id="ATLAng">10197.112</dst>
            <dst id="CHINng">39618.1333333333</dst>
            <dst id="DNVRng">674.605333333333</dst>
            <dst id="HSTNng">2084.36533333333</dst>
            <dst id="IPLSng">16493.36</dst>
            <dst id="KSCYng">1713.22666666667</dst>
            <dst id="LOSAng">21916.6986666667</dst>
            <dst id="NYCMng">11817.6613333333</dst>
            <dst id="SNVAng">2057.84266666667</dst>
            <dst id="STTLng">1299.672</dst>
            <dst id="WASHng">9374.98666666667</dst>
        </src>
        <src id="WASHng">
            <dst id="ATLA-M5">324.309333333333</dst>
            <dst id="ATLAng">141527.173333333</dst>
            <dst id="CHINng">61526.544</dst>
            <dst id="DNVRng">65642.4053333333</dst>
            <dst id="HSTNng">6684.26666666667</dst>
            <dst id="IPLSng">55013.504</dst>
            <dst id="KSCYng">12351.752</dst>
            <dst id="LOSAng">107901.250666667</dst>
            <dst id="NYCMng">194086.704</dst>
            <dst id="SNVAng">529.685333333333</dst>
            <dst id="STTLng">32102.496</dst>
            <dst id="WASHng">285982.053333333</dst>
        </src>
    </IntraTM>
</TrafficMatrixFile>
