<?xml version="1.0" encoding="ISO-8859-1" standalone="yes"?>
<TrafficMatrixFile xsi:noNamespaceSchemaLocation="http://totem.run.montefiore.ulg.ac.be/Schema/TrafficMatrix-v1_2.xsd" xmlns:xsi="http://www.w3.org/2001/XMLSchema-instance">
    <IntraTM ASID="11537">
        <src id="ATLA-M5">
            <dst id="ATLA-M5">0</dst>
            <dst id="ATLAng">433.149333333333</dst>
            <dst id="CHINng">64.5333333333333</dst>
            <dst id="DNVRng">26.6666666666667</dst>
            <dst id="HSTNng">835.68</dst>
            <dst id="IPLSng">960.48</dst>
            <dst id="KSCYng">1651.47466666667</dst>
            <dst id="LOSAng">142.946666666667</dst>
            <dst id="NYCMng">89.1706666666667</dst>
            <dst id="SNVAng">0</dst>
            <dst id="STTLng">0</dst>
            <dst id="WASHng">554.858666666667</dst>
        </src>
        <src id="ATLAng">
            <dst id="ATLA-M5">215.037333333333</dst>
            <dst id="ATLAng">58803.912</dst>
            <dst id="CHINng">8130.33333333333</dst>
            <dst id="DNVRng">8192.14933333333</dst>
            <dst id="HSTNng">1393.944</dst>
            <dst id="IPLSng">20751.5333333333</dst>
            <dst id="KSCYng">2091.40533333333</dst>
            <dst id="LOSAng">41983.0186666667</dst>
            <dst id="NYCMng">6623.54933333333</dst>
            <dst id="SNVAng">181.161333333333</dst>
            <dst id="STTLng">5206.08266666667</dst>
            <dst id="WASHng">44750.3306666667</dst>
        </src>
        <src id="CHINng">
            <dst id="ATLA-M5">0</dst>
            <dst id="ATLAng">25560.36</dst>
            <dst id="CHINng">87039.9893333333</dst>
            <dst id="DNVRng">13655.8586666667</dst>
            <dst id="HSTNng">7907.60533333334</dst>
            <dst id="IPLSng">52123.8826666667</dst>
            <dst id="KSCYng">9259.016</dst>
            <dst id="LOSAng">362877.2</dst>
            <dst id="NYCMng">9142.19466666666</dst>
            <dst id="SNVAng">1048.69066666667</dst>
            <dst id="STTLng">10046.7413333333</dst>
            <dst id="WASHng">38354.5413333333</dst>
        </src>
        <src id="DNVRng">
            <dst id="ATLA-M5">134.197333333333</dst>
            <dst id="ATLAng">14231.2426666667</dst>
            <dst id="CHINng">45413.3226666667</dst>
            <dst id="DNVRng">11744.1813333333</dst>
            <dst id="HSTNng">24589.8266666667</dst>
            <dst id="IPLSng">22986.3306666667</dst>
            <dst id="KSCYng">19030.8666666667</dst>
            <dst id="LOSAng">17912.12</dst>
            <dst id="NYCMng">9879.01866666667</dst>
            <dst id="SNVAng">11599.2053333333</dst>
            <dst id="STTLng">10830.984</dst>
            <dst id="WASHng">34984.7706666667</dst>
        </src>
        <src id="HSTNng">
            <dst id="ATLA-M5">138.496</dst>
            <dst id="ATLAng">2971.81866666667</dst>
            <dst id="CHINng">9452.46933333333</dst>
            <dst id="DNVRng">10412.9093333333</dst>
            <dst id="HSTNng">8575.35466666667</dst>
            <dst id="IPLSng">2688.92</dst>
            <dst id="KSCYng">2269.54666666667</dst>
            <dst id="LOSAng">11881.5866666667</dst>
            <dst id="NYCMng">2363.46933333333</dst>
            <dst id="SNVAng">26.6666666666667</dst>
            <dst id="STTLng">2700.528</dst>
            <dst id="WASHng">5760.98933333333</dst>
        </src>
        <src id="IPLSng">
            <dst id="ATLA-M5">490.965333333333</dst>
            <dst id="ATLAng">19001.3946666667</dst>
            <dst id="CHINng">57279.9546666667</dst>
            <dst id="DNVRng">9973.22133333333</dst>
            <dst id="HSTNng">4022.024</dst>
            <dst id="IPLSng">74468.856</dst>
            <dst id="KSCYng">8378.23466666667</dst>
            <dst id="LOSAng">55544.9813333333</dst>
            <dst id="NYCMng">16750.6613333333</dst>
            <dst id="SNVAng">4941.976</dst>
            <dst id="STTLng">7106.38933333333</dst>
            <dst id="WASHng">23630.7866666667</dst>
        </src>
        <src id="KSCYng">
            <dst id="ATLA-M5">35.0053333333333</dst>
            <dst id="ATLAng">4138.488</dst>
            <dst id="CHINng">28183.816</dst>
            <dst id="DNVRng">7465.28266666667</dst>
            <dst id="HSTNng">4894.352</dst>
            <dst id="IPLSng">16936.8346666667</dst>
            <dst id="KSCYng">3061.11733333333</dst>
            <dst id="LOSAng">10657.8773333333</dst>
            <dst id="NYCMng">3340.84266666667</dst>
            <dst id="SNVAng">214.653333333333</dst>
            <dst id="STTLng">3279.62933333333</dst>
            <dst id="WASHng">9950.08</dst>
        </src>
        <src id="LOSAng">
            <dst id="ATLA-M5">155.141333333333</dst>
            <dst id="ATLAng">29739.5253333333</dst>
            <dst id="CHINng">106687.234666667</dst>
            <dst id="DNVRng">18396.4506666667</dst>
            <dst id="HSTNng">13207.7706666667</dst>
            <dst id="IPLSng">41097.3466666667</dst>
            <dst id="KSCYng">7703.696</dst>
            <dst id="LOSAng">13876.4933333333</dst>
            <dst id="NYCMng">79498.1413333333</dst>
            <dst id="SNVAng">11565.36</dst>
            <dst id="STTLng">38679.464</dst>
            <dst id="WASHng">104391.541333333</dst>
        </src>
        <src id="NYCMng">
            <dst id="ATLA-M5">208.824</dst>
            <dst id="ATLAng">52055.4986666667</dst>
            <dst id="CHINng">38101.2693333333</dst>
            <dst id="DNVRng">127772.152</dst>
            <dst id="HSTNng">8910.83466666667</dst>
            <dst id="IPLSng">51851.6186666667</dst>
            <dst id="KSCYng">15651.68</dst>
            <dst id="LOSAng">101719.664</dst>
            <dst id="NYCMng">87901.6506666667</dst>
            <dst id="SNVAng">6877.71733333333</dst>
            <dst id="STTLng">32931.4666666667</dst>
            <dst id="WASHng">64933.208</dst>
        </src>
        <src id="SNVAng">
            <dst id="ATLA-M5">0</dst>
            <dst id="ATLAng">54.648</dst>
            <dst id="CHINng">338.437333333333</dst>
            <dst id="DNVRng">11649.7413333333</dst>
            <dst id="HSTNng">86.656</dst>
            <dst id="IPLSng">9930.12</dst>
            <dst id="KSCYng">21483.408</dst>
            <dst id="LOSAng">44307.888</dst>
            <dst id="NYCMng">3190.448</dst>
            <dst id="SNVAng">10488.16</dst>
            <dst id="STTLng">22860.04</dst>
            <dst id="WASHng">624</dst>
        </src>
        <src id="STTLng">
            <dst id="ATLA-M5">0</dst>
            <dst id="ATLAng">11294.52</dst>
            <dst id="CHINng">17918.84</dst>
            <dst id="DNVRng">4393.63733333333</dst>
            <dst id="HSTNng">4852.616</dst>
            <dst id="IPLSng">8264.53066666667</dst>
            <dst id="KSCYng">5279.96</dst>
            <dst id="LOSAng">32184.6906666667</dst>
            <dst id="NYCMng">9314.53866666667</dst>
            <dst id="SNVAng">2750.90666666667</dst>
            <dst id="STTLng">13911.088</dst>
            <dst id="WASHng">11629.824</dst>
        </src>
        <src id="WASHng">
            <dst id="ATLA-M5">1005.49866666667</dst>
            <dst id="ATLAng">84287.3093333333</dst>
            <dst id="CHINng">83013.28</dst>
            <dst id="DNVRng">56064.056</dst>
            <dst id="HSTNng">22158.4</dst>
            <dst id="IPLSng">70932.464</dst>
            <dst id="KSCYng">24000.2666666667</dst>
            <dst id="LOSAng">112498.952</dst>
            <dst id="NYCMng">173282.762666667</dst>
            <dst id="SNVAng">9428.70133333333</dst>
            <dst id="STTLng">39733.6026666667</dst>
            <dst id="WASHng">243768.496</dst>
        </src>
    </IntraTM>
</TrafficMatrixFile>
