<?xml version="1.0" encoding="ISO-8859-1" standalone="yes"?>
<TrafficMatrixFile xsi:noNamespaceSchemaLocation="http://totem.run.montefiore.ulg.ac.be/Schema/TrafficMatrix-v1_2.xsd" xmlns:xsi="http://www.w3.org/2001/XMLSchema-instance">
    <IntraTM ASID="11537">
        <src id="ATLA-M5">
            <dst id="ATLA-M5">0</dst>
            <dst id="ATLAng">246.533333333333</dst>
            <dst id="CHINng">93.4506666666666</dst>
            <dst id="DNVRng">26.6666666666667</dst>
            <dst id="HSTNng">65.4853333333333</dst>
            <dst id="IPLSng">26.6666666666667</dst>
            <dst id="KSCYng">162.317333333333</dst>
            <dst id="LOSAng">231.928</dst>
            <dst id="NYCMng">0</dst>
            <dst id="SNVAng">0</dst>
            <dst id="STTLng">94.784</dst>
            <dst id="WASHng">75.656</dst>
        </src>
        <src id="ATLAng">
            <dst id="ATLA-M5">187.938666666667</dst>
            <dst id="ATLAng">29416.5093333333</dst>
            <dst id="CHINng">15248.4773333333</dst>
            <dst id="DNVRng">4272.40266666667</dst>
            <dst id="HSTNng">2721.448</dst>
            <dst id="IPLSng">10319.1813333333</dst>
            <dst id="KSCYng">809.533333333333</dst>
            <dst id="LOSAng">15293.36</dst>
            <dst id="NYCMng">7461.95466666667</dst>
            <dst id="SNVAng">88.0826666666667</dst>
            <dst id="STTLng">7681.416</dst>
            <dst id="WASHng">32554.9653333333</dst>
        </src>
        <src id="CHINng">
            <dst id="ATLA-M5">2314.06133333333</dst>
            <dst id="ATLAng">19603.7493333333</dst>
            <dst id="CHINng">66189.5733333333</dst>
            <dst id="DNVRng">24425.3973333333</dst>
            <dst id="HSTNng">7931.86666666667</dst>
            <dst id="IPLSng">40513.2266666667</dst>
            <dst id="KSCYng">6214.17333333333</dst>
            <dst id="LOSAng">50367.7093333333</dst>
            <dst id="NYCMng">8925.896</dst>
            <dst id="SNVAng">642.613333333333</dst>
            <dst id="STTLng">8684.52533333333</dst>
            <dst id="WASHng">27354.7173333333</dst>
        </src>
        <src id="DNVRng">
            <dst id="ATLA-M5">140.8</dst>
            <dst id="ATLAng">5110.10666666667</dst>
            <dst id="CHINng">39864.0186666667</dst>
            <dst id="DNVRng">7317.64266666667</dst>
            <dst id="HSTNng">21036.456</dst>
            <dst id="IPLSng">27503.4186666667</dst>
            <dst id="KSCYng">13343.456</dst>
            <dst id="LOSAng">15943.288</dst>
            <dst id="NYCMng">9759.20266666667</dst>
            <dst id="SNVAng">9511.256</dst>
            <dst id="STTLng">8377.12266666667</dst>
            <dst id="WASHng">28545.1893333333</dst>
        </src>
        <src id="HSTNng">
            <dst id="ATLA-M5">156.544</dst>
            <dst id="ATLAng">21497.488</dst>
            <dst id="CHINng">7939.26666666666</dst>
            <dst id="DNVRng">2560.968</dst>
            <dst id="HSTNng">7066.39466666667</dst>
            <dst id="IPLSng">1173.2</dst>
            <dst id="KSCYng">1058.30666666667</dst>
            <dst id="LOSAng">6420.20533333334</dst>
            <dst id="NYCMng">1937.432</dst>
            <dst id="SNVAng">0</dst>
            <dst id="STTLng">1741.84</dst>
            <dst id="WASHng">3104.10666666667</dst>
        </src>
        <src id="IPLSng">
            <dst id="ATLA-M5">0</dst>
            <dst id="ATLAng">16134.6506666667</dst>
            <dst id="CHINng">90204.064</dst>
            <dst id="DNVRng">3542.504</dst>
            <dst id="HSTNng">1940.168</dst>
            <dst id="IPLSng">8289.44266666667</dst>
            <dst id="KSCYng">2168.76</dst>
            <dst id="LOSAng">43409.0346666667</dst>
            <dst id="NYCMng">31125.8613333333</dst>
            <dst id="SNVAng">398.896</dst>
            <dst id="STTLng">14113.584</dst>
            <dst id="WASHng">27410.5253333333</dst>
        </src>
        <src id="KSCYng">
            <dst id="ATLA-M5">961.546666666667</dst>
            <dst id="ATLAng">2125.44</dst>
            <dst id="CHINng">17484.6906666667</dst>
            <dst id="DNVRng">17497.8666666667</dst>
            <dst id="HSTNng">4685.69066666667</dst>
            <dst id="IPLSng">16107.592</dst>
            <dst id="KSCYng">6260.61866666667</dst>
            <dst id="LOSAng">8059.40533333333</dst>
            <dst id="NYCMng">4139.65066666667</dst>
            <dst id="SNVAng">1067.77866666667</dst>
            <dst id="STTLng">1220.072</dst>
            <dst id="WASHng">11268.816</dst>
        </src>
        <src id="LOSAng">
            <dst id="ATLA-M5">48.224</dst>
            <dst id="ATLAng">25465.384</dst>
            <dst id="CHINng">96447.0773333333</dst>
            <dst id="DNVRng">12319.4026666667</dst>
            <dst id="HSTNng">8350.29866666667</dst>
            <dst id="IPLSng">37609.9706666667</dst>
            <dst id="KSCYng">3517.80266666667</dst>
            <dst id="LOSAng">21855.9546666667</dst>
            <dst id="NYCMng">66287.272</dst>
            <dst id="SNVAng">11705.544</dst>
            <dst id="STTLng">41935.0453333333</dst>
            <dst id="WASHng">136212.258666667</dst>
        </src>
        <src id="NYCMng">
            <dst id="ATLA-M5">252.576</dst>
            <dst id="ATLAng">33349.6373333333</dst>
            <dst id="CHINng">31149.1226666667</dst>
            <dst id="DNVRng">30353.4053333333</dst>
            <dst id="HSTNng">3205.992</dst>
            <dst id="IPLSng">30270.2533333333</dst>
            <dst id="KSCYng">9592.952</dst>
            <dst id="LOSAng">72796.9946666667</dst>
            <dst id="NYCMng">83153.9733333333</dst>
            <dst id="SNVAng">2127.94666666667</dst>
            <dst id="STTLng">26500.344</dst>
            <dst id="WASHng">55152.8853333333</dst>
        </src>
        <src id="SNVAng">
            <dst id="ATLA-M5">0</dst>
            <dst id="ATLAng">53.3333333333333</dst>
            <dst id="CHINng">256.285333333333</dst>
            <dst id="DNVRng">11572.856</dst>
            <dst id="HSTNng">221.64</dst>
            <dst id="IPLSng">6372.06933333333</dst>
            <dst id="KSCYng">119.352</dst>
            <dst id="LOSAng">20868.3253333333</dst>
            <dst id="NYCMng">8573.83466666667</dst>
            <dst id="SNVAng">9043.896</dst>
            <dst id="STTLng">27671.4426666667</dst>
            <dst id="WASHng">26.6666666666667</dst>
        </src>
        <src id="STTLng">
            <dst id="ATLA-M5">26.6666666666667</dst>
            <dst id="ATLAng">11921.6666666667</dst>
            <dst id="CHINng">12459.2986666667</dst>
            <dst id="DNVRng">2740.91733333333</dst>
            <dst id="HSTNng">2750.47733333333</dst>
            <dst id="IPLSng">9323.328</dst>
            <dst id="KSCYng">4491.728</dst>
            <dst id="LOSAng">35029.3866666667</dst>
            <dst id="NYCMng">7595.32266666667</dst>
            <dst id="SNVAng">3344.59466666667</dst>
            <dst id="STTLng">2578.848</dst>
            <dst id="WASHng">7989.03733333333</dst>
        </src>
        <src id="WASHng">
            <dst id="ATLA-M5">54.3493333333333</dst>
            <dst id="ATLAng">114841.042666667</dst>
            <dst id="CHINng">74756.3653333333</dst>
            <dst id="DNVRng">39103.504</dst>
            <dst id="HSTNng">26303.7093333333</dst>
            <dst id="IPLSng">38844.976</dst>
            <dst id="KSCYng">10815.9013333333</dst>
            <dst id="LOSAng">124767.744</dst>
            <dst id="NYCMng">142360.514666667</dst>
            <dst id="SNVAng">731.346666666667</dst>
            <dst id="STTLng">26892.224</dst>
            <dst id="WASHng">120353.536</dst>
        </src>
    </IntraTM>
</TrafficMatrixFile>
