<?xml version="1.0" encoding="ISO-8859-1" standalone="yes"?>
<TrafficMatrixFile xsi:noNamespaceSchemaLocation="http://totem.run.montefiore.ulg.ac.be/Schema/TrafficMatrix-v1_2.xsd" xmlns:xsi="http://www.w3.org/2001/XMLSchema-instance">
    <IntraTM ASID="11537">
        <src id="ATLA-M5">
            <dst id="ATLA-M5">273.962666666667</dst>
            <dst id="ATLAng">195.045333333333</dst>
            <dst id="CHINng">1174.79466666667</dst>
            <dst id="DNVRng">280.954666666667</dst>
            <dst id="HSTNng">216.653333333333</dst>
            <dst id="IPLSng">292.901333333333</dst>
            <dst id="KSCYng">205.728</dst>
            <dst id="LOSAng">308.770666666667</dst>
            <dst id="NYCMng">166.786666666667</dst>
            <dst id="SNVAng">0</dst>
            <dst id="STTLng">603.08</dst>
            <dst id="WASHng">1869.97066666667</dst>
        </src>
        <src id="ATLAng">
            <dst id="ATLA-M5">413.690666666667</dst>
            <dst id="ATLAng">42405.1413333333</dst>
            <dst id="CHINng">15330.2933333333</dst>
            <dst id="DNVRng">13906.6906666667</dst>
            <dst id="HSTNng">6084.98133333333</dst>
            <dst id="IPLSng">18478.2</dst>
            <dst id="KSCYng">9303.21866666666</dst>
            <dst id="LOSAng">16565.14</dst>
            <dst id="NYCMng">13400.7973333333</dst>
            <dst id="SNVAng">2553.61733333333</dst>
            <dst id="STTLng">10177.8773333333</dst>
            <dst id="WASHng">48442.2453333333</dst>
        </src>
        <src id="CHINng">
            <dst id="ATLA-M5">345.48</dst>
            <dst id="ATLAng">27863.5386666667</dst>
            <dst id="CHINng">136553.912</dst>
            <dst id="DNVRng">13041.6693333333</dst>
            <dst id="HSTNng">9133.87466666667</dst>
            <dst id="IPLSng">59155.2346666666</dst>
            <dst id="KSCYng">5577.504</dst>
            <dst id="LOSAng">97248.2053333333</dst>
            <dst id="NYCMng">9744.488</dst>
            <dst id="SNVAng">2112.456</dst>
            <dst id="STTLng">19308.1546666667</dst>
            <dst id="WASHng">48314.3413333333</dst>
        </src>
        <src id="DNVRng">
            <dst id="ATLA-M5">187.466666666667</dst>
            <dst id="ATLAng">30401.0186666667</dst>
            <dst id="CHINng">44246.6666666666</dst>
            <dst id="DNVRng">9455.26666666667</dst>
            <dst id="HSTNng">31037.5893333333</dst>
            <dst id="IPLSng">26668.5146666667</dst>
            <dst id="KSCYng">17762.288</dst>
            <dst id="LOSAng">15842.9466666667</dst>
            <dst id="NYCMng">12527.304</dst>
            <dst id="SNVAng">24122.384</dst>
            <dst id="STTLng">17325.2906666667</dst>
            <dst id="WASHng">34142.0586666667</dst>
        </src>
        <src id="HSTNng">
            <dst id="ATLA-M5">2532.696</dst>
            <dst id="ATLAng">5776.12266666667</dst>
            <dst id="CHINng">37528.3546666667</dst>
            <dst id="DNVRng">9540.576</dst>
            <dst id="HSTNng">16769.9626666667</dst>
            <dst id="IPLSng">5427.36266666667</dst>
            <dst id="KSCYng">2995.392</dst>
            <dst id="LOSAng">15933.6666666667</dst>
            <dst id="NYCMng">3887.744</dst>
            <dst id="SNVAng">280.874666666667</dst>
            <dst id="STTLng">2096.36266666667</dst>
            <dst id="WASHng">22037.1386666667</dst>
        </src>
        <src id="IPLSng">
            <dst id="ATLA-M5">2026.37866666667</dst>
            <dst id="ATLAng">19257.3946666667</dst>
            <dst id="CHINng">65192.4533333333</dst>
            <dst id="DNVRng">14139.8453333333</dst>
            <dst id="HSTNng">5647.816</dst>
            <dst id="IPLSng">40185.248</dst>
            <dst id="KSCYng">5949.648</dst>
            <dst id="LOSAng">62912.48</dst>
            <dst id="NYCMng">41699.4586666667</dst>
            <dst id="SNVAng">3686.48</dst>
            <dst id="STTLng">18330.0053333333</dst>
            <dst id="WASHng">44684.1466666667</dst>
        </src>
        <src id="KSCYng">
            <dst id="ATLA-M5">1063.68533333333</dst>
            <dst id="ATLAng">5354.30933333333</dst>
            <dst id="CHINng">29816.7306666667</dst>
            <dst id="DNVRng">14716.96</dst>
            <dst id="HSTNng">4590.24266666667</dst>
            <dst id="IPLSng">12371.712</dst>
            <dst id="KSCYng">5316.64533333333</dst>
            <dst id="LOSAng">7603.76266666667</dst>
            <dst id="NYCMng">10411.3253333333</dst>
            <dst id="SNVAng">834.501333333333</dst>
            <dst id="STTLng">1981.06933333333</dst>
            <dst id="WASHng">13114.432</dst>
        </src>
        <src id="LOSAng">
            <dst id="ATLA-M5">1294.59466666667</dst>
            <dst id="ATLAng">37792.944</dst>
            <dst id="CHINng">115117.904</dst>
            <dst id="DNVRng">20214.5706666667</dst>
            <dst id="HSTNng">45898.1813333333</dst>
            <dst id="IPLSng">65700.7306666667</dst>
            <dst id="KSCYng">9542.328</dst>
            <dst id="LOSAng">13177.1546666667</dst>
            <dst id="NYCMng">79941.5573333333</dst>
            <dst id="SNVAng">14993.432</dst>
            <dst id="STTLng">40523.744</dst>
            <dst id="WASHng">160664.709333333</dst>
        </src>
        <src id="NYCMng">
            <dst id="ATLA-M5">4071.40266666667</dst>
            <dst id="ATLAng">55708.528</dst>
            <dst id="CHINng">60940.5253333333</dst>
            <dst id="DNVRng">117138.250666667</dst>
            <dst id="HSTNng">9611.624</dst>
            <dst id="IPLSng">50021.7333333333</dst>
            <dst id="KSCYng">21699.056</dst>
            <dst id="LOSAng">87372.0746666667</dst>
            <dst id="NYCMng">143841.885333333</dst>
            <dst id="SNVAng">3796.36533333333</dst>
            <dst id="STTLng">33912.1466666667</dst>
            <dst id="WASHng">96610.1333333333</dst>
        </src>
        <src id="SNVAng">
            <dst id="ATLA-M5">0</dst>
            <dst id="ATLAng">208.645333333333</dst>
            <dst id="CHINng">5050.784</dst>
            <dst id="DNVRng">1647.53866666667</dst>
            <dst id="HSTNng">2964.86666666667</dst>
            <dst id="IPLSng">5184.63466666667</dst>
            <dst id="KSCYng">70.5253333333333</dst>
            <dst id="LOSAng">44803.1706666667</dst>
            <dst id="NYCMng">355.344</dst>
            <dst id="SNVAng">13337.9306666667</dst>
            <dst id="STTLng">41235.3493333333</dst>
            <dst id="WASHng">261.925333333333</dst>
        </src>
        <src id="STTLng">
            <dst id="ATLA-M5">761.946666666667</dst>
            <dst id="ATLAng">15625.912</dst>
            <dst id="CHINng">31589.9146666667</dst>
            <dst id="DNVRng">4973.26666666667</dst>
            <dst id="HSTNng">3955.26666666667</dst>
            <dst id="IPLSng">20191.7173333333</dst>
            <dst id="KSCYng">8422.37866666667</dst>
            <dst id="LOSAng">31397.0133333333</dst>
            <dst id="NYCMng">10700.8506666667</dst>
            <dst id="SNVAng">4783.6</dst>
            <dst id="STTLng">4736.72266666667</dst>
            <dst id="WASHng">18969.7733333333</dst>
        </src>
        <src id="WASHng">
            <dst id="ATLA-M5">1084.136</dst>
            <dst id="ATLAng">120743.328</dst>
            <dst id="CHINng">110814.050666667</dst>
            <dst id="DNVRng">77287.896</dst>
            <dst id="HSTNng">45016.408</dst>
            <dst id="IPLSng">80333.9226666667</dst>
            <dst id="KSCYng">18115.0373333333</dst>
            <dst id="LOSAng">121701.397333333</dst>
            <dst id="NYCMng">180672.024</dst>
            <dst id="SNVAng">8394.136</dst>
            <dst id="STTLng">37696.9413333333</dst>
            <dst id="WASHng">300239.413333333</dst>
        </src>
    </IntraTM>
</TrafficMatrixFile>
