<?xml version="1.0" encoding="ISO-8859-1" standalone="yes"?>
<TrafficMatrixFile xsi:noNamespaceSchemaLocation="http://totem.run.montefiore.ulg.ac.be/Schema/TrafficMatrix-v1_2.xsd" xmlns:xsi="http://www.w3.org/2001/XMLSchema-instance">
    <IntraTM ASID="11537">
        <src id="ATLA-M5">
            <dst id="ATLA-M5">207.874666666667</dst>
            <dst id="ATLAng">153.525333333333</dst>
            <dst id="CHINng">255.618666666667</dst>
            <dst id="DNVRng">26.6666666666667</dst>
            <dst id="HSTNng">107.442666666667</dst>
            <dst id="IPLSng">322.298666666667</dst>
            <dst id="KSCYng">80.8986666666667</dst>
            <dst id="LOSAng">774.326666666667</dst>
            <dst id="NYCMng">312.616</dst>
            <dst id="SNVAng">267.785333333333</dst>
            <dst id="STTLng">136.901333333333</dst>
            <dst id="WASHng">2668.552</dst>
        </src>
        <src id="ATLAng">
            <dst id="ATLA-M5">331.922666666667</dst>
            <dst id="ATLAng">40626.36</dst>
            <dst id="CHINng">21689.5573333333</dst>
            <dst id="DNVRng">7206.03733333333</dst>
            <dst id="HSTNng">4306.776</dst>
            <dst id="IPLSng">17276.5786666667</dst>
            <dst id="KSCYng">9350.11466666667</dst>
            <dst id="LOSAng">16064.7306666667</dst>
            <dst id="NYCMng">12347.2106666667</dst>
            <dst id="SNVAng">1403.248</dst>
            <dst id="STTLng">7540.416</dst>
            <dst id="WASHng">48897.176</dst>
        </src>
        <src id="CHINng">
            <dst id="ATLA-M5">160.085333333333</dst>
            <dst id="ATLAng">34570.4826666667</dst>
            <dst id="CHINng">144126.061333333</dst>
            <dst id="DNVRng">34873.9253333333</dst>
            <dst id="HSTNng">8344.184</dst>
            <dst id="IPLSng">57882.3973333333</dst>
            <dst id="KSCYng">8101.86666666667</dst>
            <dst id="LOSAng">102763.104</dst>
            <dst id="NYCMng">9457.56</dst>
            <dst id="SNVAng">4403.94666666667</dst>
            <dst id="STTLng">18884.9813333333</dst>
            <dst id="WASHng">28990.4506666667</dst>
        </src>
        <src id="DNVRng">
            <dst id="ATLA-M5">216.938666666667</dst>
            <dst id="ATLAng">30451.9946666667</dst>
            <dst id="CHINng">51399.5786666667</dst>
            <dst id="DNVRng">13545.5813333333</dst>
            <dst id="HSTNng">24572.968</dst>
            <dst id="IPLSng">25933.608</dst>
            <dst id="KSCYng">22974.2106666667</dst>
            <dst id="LOSAng">13889.2933333333</dst>
            <dst id="NYCMng">13049.9173333333</dst>
            <dst id="SNVAng">26337.4533333333</dst>
            <dst id="STTLng">14069.9093333333</dst>
            <dst id="WASHng">36917.072</dst>
        </src>
        <src id="HSTNng">
            <dst id="ATLA-M5">1550.08266666667</dst>
            <dst id="ATLAng">5435.55466666667</dst>
            <dst id="CHINng">33210.7386666667</dst>
            <dst id="DNVRng">9753.21066666667</dst>
            <dst id="HSTNng">10047.504</dst>
            <dst id="IPLSng">4196.92266666667</dst>
            <dst id="KSCYng">4187.93866666667</dst>
            <dst id="LOSAng">17341.2826666667</dst>
            <dst id="NYCMng">4059.12533333333</dst>
            <dst id="SNVAng">380.408</dst>
            <dst id="STTLng">3123.08</dst>
            <dst id="WASHng">16719.6213333333</dst>
        </src>
        <src id="IPLSng">
            <dst id="ATLA-M5">312.178666666667</dst>
            <dst id="ATLAng">21640.3866666667</dst>
            <dst id="CHINng">72910.1546666667</dst>
            <dst id="DNVRng">12757.5333333333</dst>
            <dst id="HSTNng">7169.09333333333</dst>
            <dst id="IPLSng">43783.256</dst>
            <dst id="KSCYng">7525.29866666667</dst>
            <dst id="LOSAng">60978.408</dst>
            <dst id="NYCMng">36769.6853333333</dst>
            <dst id="SNVAng">5506.75733333333</dst>
            <dst id="STTLng">12653.288</dst>
            <dst id="WASHng">33939.0186666667</dst>
        </src>
        <src id="KSCYng">
            <dst id="ATLA-M5">1043.616</dst>
            <dst id="ATLAng">6227.46133333333</dst>
            <dst id="CHINng">29999.7653333333</dst>
            <dst id="DNVRng">15624.376</dst>
            <dst id="HSTNng">3974.64266666667</dst>
            <dst id="IPLSng">19052.7706666667</dst>
            <dst id="KSCYng">5528.14933333333</dst>
            <dst id="LOSAng">7846.02133333333</dst>
            <dst id="NYCMng">7459.95466666667</dst>
            <dst id="SNVAng">1226.51733333333</dst>
            <dst id="STTLng">2043.97333333333</dst>
            <dst id="WASHng">11981.7973333333</dst>
        </src>
        <src id="LOSAng">
            <dst id="ATLA-M5">1336.304</dst>
            <dst id="ATLAng">38299.6453333333</dst>
            <dst id="CHINng">119524.426666667</dst>
            <dst id="DNVRng">10803.792</dst>
            <dst id="HSTNng">52098.04</dst>
            <dst id="IPLSng">55731.032</dst>
            <dst id="KSCYng">7751.05066666667</dst>
            <dst id="LOSAng">14831.3306666667</dst>
            <dst id="NYCMng">70970.2906666667</dst>
            <dst id="SNVAng">21618.776</dst>
            <dst id="STTLng">40288.024</dst>
            <dst id="WASHng">128338.717333333</dst>
        </src>
        <src id="NYCMng">
            <dst id="ATLA-M5">4405.55733333333</dst>
            <dst id="ATLAng">54854.536</dst>
            <dst id="CHINng">76945.5306666667</dst>
            <dst id="DNVRng">116768.333333333</dst>
            <dst id="HSTNng">13463.7066666667</dst>
            <dst id="IPLSng">58919.8346666667</dst>
            <dst id="KSCYng">19581.1626666667</dst>
            <dst id="LOSAng">88086.2533333333</dst>
            <dst id="NYCMng">152574.653333333</dst>
            <dst id="SNVAng">5123.768</dst>
            <dst id="STTLng">29676.7573333333</dst>
            <dst id="WASHng">104913.045333333</dst>
        </src>
        <src id="SNVAng">
            <dst id="ATLA-M5">0</dst>
            <dst id="ATLAng">261.386666666667</dst>
            <dst id="CHINng">4447.40533333333</dst>
            <dst id="DNVRng">1466.184</dst>
            <dst id="HSTNng">3298.984</dst>
            <dst id="IPLSng">6657.27466666667</dst>
            <dst id="KSCYng">431.656</dst>
            <dst id="LOSAng">50633.5786666667</dst>
            <dst id="NYCMng">398.389333333333</dst>
            <dst id="SNVAng">13413.8506666667</dst>
            <dst id="STTLng">35825.7866666667</dst>
            <dst id="WASHng">1166.55733333333</dst>
        </src>
        <src id="STTLng">
            <dst id="ATLA-M5">939.085333333333</dst>
            <dst id="ATLAng">16343.48</dst>
            <dst id="CHINng">26491.0133333333</dst>
            <dst id="DNVRng">4990.70666666667</dst>
            <dst id="HSTNng">4825.232</dst>
            <dst id="IPLSng">21583.9946666667</dst>
            <dst id="KSCYng">5838.94933333333</dst>
            <dst id="LOSAng">36832.6693333333</dst>
            <dst id="NYCMng">11794.536</dst>
            <dst id="SNVAng">5287.41866666667</dst>
            <dst id="STTLng">7189.512</dst>
            <dst id="WASHng">23209.1706666667</dst>
        </src>
        <src id="WASHng">
            <dst id="ATLA-M5">1929.72266666667</dst>
            <dst id="ATLAng">157044.653333333</dst>
            <dst id="CHINng">102537.493333333</dst>
            <dst id="DNVRng">85781.68</dst>
            <dst id="HSTNng">38401.416</dst>
            <dst id="IPLSng">81584.9626666667</dst>
            <dst id="KSCYng">24097.4986666667</dst>
            <dst id="LOSAng">142325.832</dst>
            <dst id="NYCMng">183803.682666667</dst>
            <dst id="SNVAng">7342.53066666667</dst>
            <dst id="STTLng">43784.1066666667</dst>
            <dst id="WASHng">443106.693333333</dst>
        </src>
    </IntraTM>
</TrafficMatrixFile>
