<?xml version="1.0" encoding="ISO-8859-1" standalone="yes"?>
<TrafficMatrixFile xsi:noNamespaceSchemaLocation="http://totem.run.montefiore.ulg.ac.be/Schema/TrafficMatrix-v1_2.xsd" xmlns:xsi="http://www.w3.org/2001/XMLSchema-instance">
    <IntraTM ASID="11537">
        <src id="ATLA-M5">
            <dst id="ATLA-M5">0</dst>
            <dst id="ATLAng">0</dst>
            <dst id="CHINng">178.874666666667</dst>
            <dst id="DNVRng">53.3333333333333</dst>
            <dst id="HSTNng">263.496</dst>
            <dst id="IPLSng">285.973333333333</dst>
            <dst id="KSCYng">26.6666666666667</dst>
            <dst id="LOSAng">135.954666666667</dst>
            <dst id="NYCMng">26.6666666666667</dst>
            <dst id="SNVAng">14.3973333333333</dst>
            <dst id="STTLng">26.6666666666667</dst>
            <dst id="WASHng">1256.81066666667</dst>
        </src>
        <src id="ATLAng">
            <dst id="ATLA-M5">216.341333333333</dst>
            <dst id="ATLAng">32469.5546666667</dst>
            <dst id="CHINng">7013.03466666667</dst>
            <dst id="DNVRng">3820.08</dst>
            <dst id="HSTNng">382.250666666667</dst>
            <dst id="IPLSng">12511.6773333333</dst>
            <dst id="KSCYng">561.394666666667</dst>
            <dst id="LOSAng">13067.848</dst>
            <dst id="NYCMng">4935.48533333333</dst>
            <dst id="SNVAng">13.3333333333333</dst>
            <dst id="STTLng">4801.06933333333</dst>
            <dst id="WASHng">29535.5813333333</dst>
        </src>
        <src id="CHINng">
            <dst id="ATLA-M5">213.546666666667</dst>
            <dst id="ATLAng">35552.488</dst>
            <dst id="CHINng">66731.5866666667</dst>
            <dst id="DNVRng">27938.1733333333</dst>
            <dst id="HSTNng">5740.15466666666</dst>
            <dst id="IPLSng">17789.744</dst>
            <dst id="KSCYng">7777.54666666667</dst>
            <dst id="LOSAng">56706.1066666667</dst>
            <dst id="NYCMng">3725.02133333333</dst>
            <dst id="SNVAng">139.056</dst>
            <dst id="STTLng">14471.688</dst>
            <dst id="WASHng">19265.896</dst>
        </src>
        <src id="DNVRng">
            <dst id="ATLA-M5">113.776</dst>
            <dst id="ATLAng">3916.552</dst>
            <dst id="CHINng">48765.128</dst>
            <dst id="DNVRng">3580.712</dst>
            <dst id="HSTNng">14046.552</dst>
            <dst id="IPLSng">20068.528</dst>
            <dst id="KSCYng">13868.4453333333</dst>
            <dst id="LOSAng">8877.75466666667</dst>
            <dst id="NYCMng">12298.08</dst>
            <dst id="SNVAng">6232.096</dst>
            <dst id="STTLng">7417.88266666667</dst>
            <dst id="WASHng">43767.0293333333</dst>
        </src>
        <src id="HSTNng">
            <dst id="ATLA-M5">1891.64266666667</dst>
            <dst id="ATLAng">16212.0906666667</dst>
            <dst id="CHINng">8204.13066666667</dst>
            <dst id="DNVRng">1256.54133333333</dst>
            <dst id="HSTNng">2637.15733333333</dst>
            <dst id="IPLSng">935.685333333333</dst>
            <dst id="KSCYng">1161</dst>
            <dst id="LOSAng">7265.37333333333</dst>
            <dst id="NYCMng">1919.30666666667</dst>
            <dst id="SNVAng">0</dst>
            <dst id="STTLng">2340.78133333333</dst>
            <dst id="WASHng">3226.032</dst>
        </src>
        <src id="IPLSng">
            <dst id="ATLA-M5">0</dst>
            <dst id="ATLAng">10201.2133333333</dst>
            <dst id="CHINng">90201.6373333333</dst>
            <dst id="DNVRng">9185.16533333333</dst>
            <dst id="HSTNng">2181.55466666667</dst>
            <dst id="IPLSng">8569.41866666667</dst>
            <dst id="KSCYng">3711.19733333333</dst>
            <dst id="LOSAng">70823.0186666667</dst>
            <dst id="NYCMng">19738.632</dst>
            <dst id="SNVAng">150.386666666667</dst>
            <dst id="STTLng">9488.39466666667</dst>
            <dst id="WASHng">11807.4853333333</dst>
        </src>
        <src id="KSCYng">
            <dst id="ATLA-M5">26.6666666666667</dst>
            <dst id="ATLAng">1550.77866666667</dst>
            <dst id="CHINng">16497.1146666667</dst>
            <dst id="DNVRng">14307.3866666667</dst>
            <dst id="HSTNng">2392.26666666667</dst>
            <dst id="IPLSng">8715.64533333333</dst>
            <dst id="KSCYng">4540.98933333333</dst>
            <dst id="LOSAng">8931.21866666667</dst>
            <dst id="NYCMng">4161.09066666667</dst>
            <dst id="SNVAng">62.5813333333333</dst>
            <dst id="STTLng">2456.66666666667</dst>
            <dst id="WASHng">7329.384</dst>
        </src>
        <src id="LOSAng">
            <dst id="ATLA-M5">33.7973333333333</dst>
            <dst id="ATLAng">39440.112</dst>
            <dst id="CHINng">94033.0826666667</dst>
            <dst id="DNVRng">15561.8266666667</dst>
            <dst id="HSTNng">5959.816</dst>
            <dst id="IPLSng">26013.952</dst>
            <dst id="KSCYng">2871.65066666667</dst>
            <dst id="LOSAng">19814.416</dst>
            <dst id="NYCMng">65067.272</dst>
            <dst id="SNVAng">4476.096</dst>
            <dst id="STTLng">41795.112</dst>
            <dst id="WASHng">95480.9653333334</dst>
        </src>
        <src id="NYCMng">
            <dst id="ATLA-M5">0</dst>
            <dst id="ATLAng">35089.4773333333</dst>
            <dst id="CHINng">42414.7013333333</dst>
            <dst id="DNVRng">23316.9653333333</dst>
            <dst id="HSTNng">8072.456</dst>
            <dst id="IPLSng">26386.592</dst>
            <dst id="KSCYng">8495.32266666667</dst>
            <dst id="LOSAng">92666.456</dst>
            <dst id="NYCMng">102304.669333333</dst>
            <dst id="SNVAng">3438.392</dst>
            <dst id="STTLng">24917.4666666667</dst>
            <dst id="WASHng">54596.7653333333</dst>
        </src>
        <src id="SNVAng">
            <dst id="ATLA-M5">0</dst>
            <dst id="ATLAng">53.3333333333333</dst>
            <dst id="CHINng">106.666666666667</dst>
            <dst id="DNVRng">812.336</dst>
            <dst id="HSTNng">86.6666666666667</dst>
            <dst id="IPLSng">5623.592</dst>
            <dst id="KSCYng">58.5093333333333</dst>
            <dst id="LOSAng">46211.2693333333</dst>
            <dst id="NYCMng">342.981333333333</dst>
            <dst id="SNVAng">8697.15733333333</dst>
            <dst id="STTLng">23752.8533333333</dst>
            <dst id="WASHng">26.6666666666667</dst>
        </src>
        <src id="STTLng">
            <dst id="ATLA-M5">59.9546666666667</dst>
            <dst id="ATLAng">8947.92533333333</dst>
            <dst id="CHINng">17286.4586666667</dst>
            <dst id="DNVRng">1518.824</dst>
            <dst id="HSTNng">2201.512</dst>
            <dst id="IPLSng">10757.352</dst>
            <dst id="KSCYng">2502.45333333333</dst>
            <dst id="LOSAng">34689.0106666667</dst>
            <dst id="NYCMng">10758.8533333333</dst>
            <dst id="SNVAng">5369.944</dst>
            <dst id="STTLng">2449.73066666667</dst>
            <dst id="WASHng">14011.6506666667</dst>
        </src>
        <src id="WASHng">
            <dst id="ATLA-M5">26.6666666666667</dst>
            <dst id="ATLAng">91843.4426666667</dst>
            <dst id="CHINng">92275.096</dst>
            <dst id="DNVRng">50355.504</dst>
            <dst id="HSTNng">14258.616</dst>
            <dst id="IPLSng">36273.408</dst>
            <dst id="KSCYng">12430.248</dst>
            <dst id="LOSAng">123556.856</dst>
            <dst id="NYCMng">200835.426666667</dst>
            <dst id="SNVAng">1019.08533333333</dst>
            <dst id="STTLng">48496.3866666667</dst>
            <dst id="WASHng">250304.866666667</dst>
        </src>
    </IntraTM>
</TrafficMatrixFile>
