<?xml version="1.0" encoding="ISO-8859-1" standalone="yes"?>
<TrafficMatrixFile xsi:noNamespaceSchemaLocation="http://totem.run.montefiore.ulg.ac.be/Schema/TrafficMatrix-v1_2.xsd" xmlns:xsi="http://www.w3.org/2001/XMLSchema-instance">
    <IntraTM ASID="11537">
        <src id="ATLA-M5">
            <dst id="ATLA-M5">0</dst>
            <dst id="ATLAng">113.76</dst>
            <dst id="CHINng">651.786666666667</dst>
            <dst id="DNVRng">0</dst>
            <dst id="HSTNng">0</dst>
            <dst id="IPLSng">0</dst>
            <dst id="KSCYng">0</dst>
            <dst id="LOSAng">26.6666666666667</dst>
            <dst id="NYCMng">65.4186666666667</dst>
            <dst id="SNVAng">0</dst>
            <dst id="STTLng">55.384</dst>
            <dst id="WASHng">1450.55733333333</dst>
        </src>
        <src id="ATLAng">
            <dst id="ATLA-M5">296.626666666667</dst>
            <dst id="ATLAng">46792.8853333333</dst>
            <dst id="CHINng">3900.09333333333</dst>
            <dst id="DNVRng">7922.31466666667</dst>
            <dst id="HSTNng">1280.63733333333</dst>
            <dst id="IPLSng">9687.17066666667</dst>
            <dst id="KSCYng">640.106666666667</dst>
            <dst id="LOSAng">12992.948</dst>
            <dst id="NYCMng">5393.376</dst>
            <dst id="SNVAng">207.630666666667</dst>
            <dst id="STTLng">3490.82133333333</dst>
            <dst id="WASHng">55804.5386666667</dst>
        </src>
        <src id="CHINng">
            <dst id="ATLA-M5">110.485333333333</dst>
            <dst id="ATLAng">31082.0346666667</dst>
            <dst id="CHINng">95367.3253333333</dst>
            <dst id="DNVRng">10394.3786666667</dst>
            <dst id="HSTNng">3187.05066666667</dst>
            <dst id="IPLSng">23508.4506666667</dst>
            <dst id="KSCYng">18939.544</dst>
            <dst id="LOSAng">46701.776</dst>
            <dst id="NYCMng">5513.224</dst>
            <dst id="SNVAng">564.853333333333</dst>
            <dst id="STTLng">6217.02666666667</dst>
            <dst id="WASHng">13474.632</dst>
        </src>
        <src id="DNVRng">
            <dst id="ATLA-M5">28</dst>
            <dst id="ATLAng">3482.21066666667</dst>
            <dst id="CHINng">41464.7493333333</dst>
            <dst id="DNVRng">1667.44</dst>
            <dst id="HSTNng">9516.32</dst>
            <dst id="IPLSng">15586.1013333333</dst>
            <dst id="KSCYng">6749.61866666667</dst>
            <dst id="LOSAng">6182.328</dst>
            <dst id="NYCMng">9051.216</dst>
            <dst id="SNVAng">4747.06666666667</dst>
            <dst id="STTLng">4557.17333333333</dst>
            <dst id="WASHng">25855.1573333333</dst>
        </src>
        <src id="HSTNng">
            <dst id="ATLA-M5">165.344</dst>
            <dst id="ATLAng">3584.29866666667</dst>
            <dst id="CHINng">16123.5786666667</dst>
            <dst id="DNVRng">487.424</dst>
            <dst id="HSTNng">1864.25866666667</dst>
            <dst id="IPLSng">380.648</dst>
            <dst id="KSCYng">1084.368</dst>
            <dst id="LOSAng">3673.54133333333</dst>
            <dst id="NYCMng">3263.76266666667</dst>
            <dst id="SNVAng">53.3333333333333</dst>
            <dst id="STTLng">1446.45333333333</dst>
            <dst id="WASHng">3868.664</dst>
        </src>
        <src id="IPLSng">
            <dst id="ATLA-M5">0</dst>
            <dst id="ATLAng">12965.2933333333</dst>
            <dst id="CHINng">63484.2826666667</dst>
            <dst id="DNVRng">2066.53333333333</dst>
            <dst id="HSTNng">5217.64</dst>
            <dst id="IPLSng">8148.984</dst>
            <dst id="KSCYng">1251.18133333333</dst>
            <dst id="LOSAng">58619.4106666667</dst>
            <dst id="NYCMng">19928.0693333333</dst>
            <dst id="SNVAng">535.696</dst>
            <dst id="STTLng">10799.8186666667</dst>
            <dst id="WASHng">12338.16</dst>
        </src>
        <src id="KSCYng">
            <dst id="ATLA-M5">0</dst>
            <dst id="ATLAng">927.525333333333</dst>
            <dst id="CHINng">16774.1226666667</dst>
            <dst id="DNVRng">6299.87466666667</dst>
            <dst id="HSTNng">2399.736</dst>
            <dst id="IPLSng">4469.80266666667</dst>
            <dst id="KSCYng">3969.08266666667</dst>
            <dst id="LOSAng">7034.81866666667</dst>
            <dst id="NYCMng">4097.42133333333</dst>
            <dst id="SNVAng">1459.97066666667</dst>
            <dst id="STTLng">1669.02933333333</dst>
            <dst id="WASHng">3824.20533333333</dst>
        </src>
        <src id="LOSAng">
            <dst id="ATLA-M5">71.376</dst>
            <dst id="ATLAng">42503.6773333333</dst>
            <dst id="CHINng">125837.138666667</dst>
            <dst id="DNVRng">5740.90933333333</dst>
            <dst id="HSTNng">6763.544</dst>
            <dst id="IPLSng">15538.536</dst>
            <dst id="KSCYng">2592.456</dst>
            <dst id="LOSAng">14663.8106666667</dst>
            <dst id="NYCMng">57212.7733333333</dst>
            <dst id="SNVAng">4724.32266666667</dst>
            <dst id="STTLng">37828.5786666667</dst>
            <dst id="WASHng">117316.922666667</dst>
        </src>
        <src id="NYCMng">
            <dst id="ATLA-M5">174.818666666667</dst>
            <dst id="ATLAng">35199.5706666667</dst>
            <dst id="CHINng">46390.712</dst>
            <dst id="DNVRng">81605.504</dst>
            <dst id="HSTNng">4180.83733333333</dst>
            <dst id="IPLSng">24324.28</dst>
            <dst id="KSCYng">3762.848</dst>
            <dst id="LOSAng">58303.5813333333</dst>
            <dst id="NYCMng">125661.365333333</dst>
            <dst id="SNVAng">1560.10133333333</dst>
            <dst id="STTLng">25276.6</dst>
            <dst id="WASHng">45882.2453333333</dst>
        </src>
        <src id="SNVAng">
            <dst id="ATLA-M5">0</dst>
            <dst id="ATLAng">53.3333333333333</dst>
            <dst id="CHINng">611.994666666666</dst>
            <dst id="DNVRng">6914.84266666667</dst>
            <dst id="HSTNng">278.805333333333</dst>
            <dst id="IPLSng">1029.928</dst>
            <dst id="KSCYng">93.9866666666667</dst>
            <dst id="LOSAng">24858.2106666667</dst>
            <dst id="NYCMng">286.829333333333</dst>
            <dst id="SNVAng">8358.79466666667</dst>
            <dst id="STTLng">18719.1946666667</dst>
            <dst id="WASHng">80</dst>
        </src>
        <src id="STTLng">
            <dst id="ATLA-M5">69.592</dst>
            <dst id="ATLAng">7747.512</dst>
            <dst id="CHINng">35223.8773333333</dst>
            <dst id="DNVRng">528.010666666667</dst>
            <dst id="HSTNng">868.826666666667</dst>
            <dst id="IPLSng">4479.29066666667</dst>
            <dst id="KSCYng">841.672</dst>
            <dst id="LOSAng">23640.3626666667</dst>
            <dst id="NYCMng">9228.888</dst>
            <dst id="SNVAng">3445.84266666667</dst>
            <dst id="STTLng">1391.20533333333</dst>
            <dst id="WASHng">11747.096</dst>
        </src>
        <src id="WASHng">
            <dst id="ATLA-M5">236.597333333333</dst>
            <dst id="ATLAng">99624.2693333333</dst>
            <dst id="CHINng">71559.6933333333</dst>
            <dst id="DNVRng">50644.7066666667</dst>
            <dst id="HSTNng">2742.448</dst>
            <dst id="IPLSng">50009.504</dst>
            <dst id="KSCYng">4637.26933333333</dst>
            <dst id="LOSAng">112470.389333333</dst>
            <dst id="NYCMng">128767.333333333</dst>
            <dst id="SNVAng">514.584</dst>
            <dst id="STTLng">28500.5013333333</dst>
            <dst id="WASHng">259158.448</dst>
        </src>
    </IntraTM>
</TrafficMatrixFile>
