<?xml version="1.0" encoding="ISO-8859-1" standalone="yes"?>
<TrafficMatrixFile xsi:noNamespaceSchemaLocation="http://totem.run.montefiore.ulg.ac.be/Schema/TrafficMatrix-v1_2.xsd" xmlns:xsi="http://www.w3.org/2001/XMLSchema-instance">
    <IntraTM ASID="11537">
        <src id="ATLA-M5">
            <dst id="ATLA-M5">199.896</dst>
            <dst id="ATLAng">394.802666666667</dst>
            <dst id="CHINng">175.346666666667</dst>
            <dst id="DNVRng">26.6666666666667</dst>
            <dst id="HSTNng">128.461333333333</dst>
            <dst id="IPLSng">176.602666666667</dst>
            <dst id="KSCYng">53.3333333333333</dst>
            <dst id="LOSAng">211.336</dst>
            <dst id="NYCMng">275.666666666667</dst>
            <dst id="SNVAng">0</dst>
            <dst id="STTLng">26.6666666666667</dst>
            <dst id="WASHng">377.578666666667</dst>
        </src>
        <src id="ATLAng">
            <dst id="ATLA-M5">276.450666666667</dst>
            <dst id="ATLAng">39353.1013333333</dst>
            <dst id="CHINng">9918.69333333333</dst>
            <dst id="DNVRng">4776.57333333333</dst>
            <dst id="HSTNng">2788.24533333333</dst>
            <dst id="IPLSng">15996.7733333333</dst>
            <dst id="KSCYng">2989.14666666667</dst>
            <dst id="LOSAng">12824.9973333333</dst>
            <dst id="NYCMng">19310.6</dst>
            <dst id="SNVAng">635.485333333333</dst>
            <dst id="STTLng">4305.93333333333</dst>
            <dst id="WASHng">55529.3573333333</dst>
        </src>
        <src id="CHINng">
            <dst id="ATLA-M5">417.946666666667</dst>
            <dst id="ATLAng">35152.6826666667</dst>
            <dst id="CHINng">152918.074666667</dst>
            <dst id="DNVRng">40795.9493333333</dst>
            <dst id="HSTNng">8824.78933333333</dst>
            <dst id="IPLSng">27731.4693333333</dst>
            <dst id="KSCYng">25547.232</dst>
            <dst id="LOSAng">46358.48</dst>
            <dst id="NYCMng">15404.056</dst>
            <dst id="SNVAng">1121.19733333333</dst>
            <dst id="STTLng">7241.28533333333</dst>
            <dst id="WASHng">45152.6213333333</dst>
        </src>
        <src id="DNVRng">
            <dst id="ATLA-M5">70.9866666666667</dst>
            <dst id="ATLAng">7841.76</dst>
            <dst id="CHINng">142724.234666667</dst>
            <dst id="DNVRng">15231.3253333333</dst>
            <dst id="HSTNng">31269.3466666667</dst>
            <dst id="IPLSng">28295.3733333333</dst>
            <dst id="KSCYng">47963.824</dst>
            <dst id="LOSAng">7725.008</dst>
            <dst id="NYCMng">17283.6293333333</dst>
            <dst id="SNVAng">24209.056</dst>
            <dst id="STTLng">14778.3973333333</dst>
            <dst id="WASHng">65922.424</dst>
        </src>
        <src id="HSTNng">
            <dst id="ATLA-M5">1105.73066666667</dst>
            <dst id="ATLAng">6245.86133333333</dst>
            <dst id="CHINng">33882.6106666667</dst>
            <dst id="DNVRng">1614.91733333333</dst>
            <dst id="HSTNng">8321.152</dst>
            <dst id="IPLSng">1555.30666666667</dst>
            <dst id="KSCYng">3112.31466666667</dst>
            <dst id="LOSAng">6226.79466666667</dst>
            <dst id="NYCMng">3230.888</dst>
            <dst id="SNVAng">193.541333333333</dst>
            <dst id="STTLng">3223.46666666667</dst>
            <dst id="WASHng">6508.792</dst>
        </src>
        <src id="IPLSng">
            <dst id="ATLA-M5">164.181333333333</dst>
            <dst id="ATLAng">33288.176</dst>
            <dst id="CHINng">95813.7333333333</dst>
            <dst id="DNVRng">6832.30933333333</dst>
            <dst id="HSTNng">3724.49333333333</dst>
            <dst id="IPLSng">22485.1786666667</dst>
            <dst id="KSCYng">5076.512</dst>
            <dst id="LOSAng">31656.848</dst>
            <dst id="NYCMng">30947.032</dst>
            <dst id="SNVAng">887.413333333333</dst>
            <dst id="STTLng">7407.57866666667</dst>
            <dst id="WASHng">27343.648</dst>
        </src>
        <src id="KSCYng">
            <dst id="ATLA-M5">26.6666666666667</dst>
            <dst id="ATLAng">4865.768</dst>
            <dst id="CHINng">21078.3706666667</dst>
            <dst id="DNVRng">9990.376</dst>
            <dst id="HSTNng">3237.43733333333</dst>
            <dst id="IPLSng">18355.3706666667</dst>
            <dst id="KSCYng">14777.3306666667</dst>
            <dst id="LOSAng">5715.19466666667</dst>
            <dst id="NYCMng">3683.81866666667</dst>
            <dst id="SNVAng">53.3333333333333</dst>
            <dst id="STTLng">1611.22666666667</dst>
            <dst id="WASHng">7843.432</dst>
        </src>
        <src id="LOSAng">
            <dst id="ATLA-M5">400.357333333333</dst>
            <dst id="ATLAng">19639.528</dst>
            <dst id="CHINng">180145.309333333</dst>
            <dst id="DNVRng">9186.95466666666</dst>
            <dst id="HSTNng">9366.776</dst>
            <dst id="IPLSng">46163.744</dst>
            <dst id="KSCYng">8831.78933333333</dst>
            <dst id="LOSAng">11278.4826666667</dst>
            <dst id="NYCMng">66865.3653333333</dst>
            <dst id="SNVAng">11119.9546666667</dst>
            <dst id="STTLng">38797.368</dst>
            <dst id="WASHng">116443.109333333</dst>
        </src>
        <src id="NYCMng">
            <dst id="ATLA-M5">487.789333333333</dst>
            <dst id="ATLAng">56566.2773333333</dst>
            <dst id="CHINng">53244.9253333333</dst>
            <dst id="DNVRng">74253.88</dst>
            <dst id="HSTNng">9458.78666666667</dst>
            <dst id="IPLSng">40151.9386666667</dst>
            <dst id="KSCYng">21285.7093333333</dst>
            <dst id="LOSAng">47063.016</dst>
            <dst id="NYCMng">142307.565333333</dst>
            <dst id="SNVAng">984.378666666667</dst>
            <dst id="STTLng">26809.928</dst>
            <dst id="WASHng">82693.3413333333</dst>
        </src>
        <src id="SNVAng">
            <dst id="ATLA-M5">0</dst>
            <dst id="ATLAng">295.882666666667</dst>
            <dst id="CHINng">891.322666666667</dst>
            <dst id="DNVRng">15186.9706666667</dst>
            <dst id="HSTNng">270.101333333333</dst>
            <dst id="IPLSng">5796.21066666667</dst>
            <dst id="KSCYng">53.3333333333333</dst>
            <dst id="LOSAng">26121.4693333333</dst>
            <dst id="NYCMng">1827.408</dst>
            <dst id="SNVAng">10576.3866666667</dst>
            <dst id="STTLng">21508.0186666667</dst>
            <dst id="WASHng">255.509333333333</dst>
        </src>
        <src id="STTLng">
            <dst id="ATLA-M5">100.354666666667</dst>
            <dst id="ATLAng">14775.7413333333</dst>
            <dst id="CHINng">33260.7893333333</dst>
            <dst id="DNVRng">1232.672</dst>
            <dst id="HSTNng">3215.312</dst>
            <dst id="IPLSng">8193.23733333333</dst>
            <dst id="KSCYng">3745.74933333333</dst>
            <dst id="LOSAng">21923.6746666667</dst>
            <dst id="NYCMng">13944.5253333333</dst>
            <dst id="SNVAng">3350.664</dst>
            <dst id="STTLng">4182.60266666667</dst>
            <dst id="WASHng">13758.5146666667</dst>
        </src>
        <src id="WASHng">
            <dst id="ATLA-M5">253.650666666667</dst>
            <dst id="ATLAng">140989.562666667</dst>
            <dst id="CHINng">116414.661333333</dst>
            <dst id="DNVRng">76082.3946666667</dst>
            <dst id="HSTNng">10620.4986666667</dst>
            <dst id="IPLSng">73467.128</dst>
            <dst id="KSCYng">20994.992</dst>
            <dst id="LOSAng">101495.626666667</dst>
            <dst id="NYCMng">160352.304</dst>
            <dst id="SNVAng">713.565333333333</dst>
            <dst id="STTLng">31043.1733333333</dst>
            <dst id="WASHng">370240.426666667</dst>
        </src>
    </IntraTM>
</TrafficMatrixFile>
