<?xml version="1.0" encoding="ISO-8859-1" standalone="yes"?>
<TrafficMatrixFile xsi:noNamespaceSchemaLocation="http://totem.run.montefiore.ulg.ac.be/Schema/TrafficMatrix-v1_2.xsd" xmlns:xsi="http://www.w3.org/2001/XMLSchema-instance">
    <IntraTM ASID="11537">
        <src id="ATLA-M5">
            <dst id="ATLA-M5">219.197333333333</dst>
            <dst id="ATLAng">53.3333333333333</dst>
            <dst id="CHINng">262.093333333333</dst>
            <dst id="DNVRng">53.3333333333333</dst>
            <dst id="HSTNng">0</dst>
            <dst id="IPLSng">66.1013333333333</dst>
            <dst id="KSCYng">1270.208</dst>
            <dst id="LOSAng">106.666666666667</dst>
            <dst id="NYCMng">80</dst>
            <dst id="SNVAng">0</dst>
            <dst id="STTLng">295.557333333333</dst>
            <dst id="WASHng">313.664</dst>
        </src>
        <src id="ATLAng">
            <dst id="ATLA-M5">70.9866666666667</dst>
            <dst id="ATLAng">35436.8666666667</dst>
            <dst id="CHINng">6524.18933333333</dst>
            <dst id="DNVRng">5114.73066666667</dst>
            <dst id="HSTNng">1655.47466666667</dst>
            <dst id="IPLSng">9588.736</dst>
            <dst id="KSCYng">3868.376</dst>
            <dst id="LOSAng">17591.8026666667</dst>
            <dst id="NYCMng">4035.90133333333</dst>
            <dst id="SNVAng">325.632</dst>
            <dst id="STTLng">4164.89866666667</dst>
            <dst id="WASHng">34007.7253333333</dst>
        </src>
        <src id="CHINng">
            <dst id="ATLA-M5">74.8533333333333</dst>
            <dst id="ATLAng">17784.624</dst>
            <dst id="CHINng">95677.0986666667</dst>
            <dst id="DNVRng">11119.3226666667</dst>
            <dst id="HSTNng">8731.144</dst>
            <dst id="IPLSng">47914.3813333333</dst>
            <dst id="KSCYng">5939.77333333333</dst>
            <dst id="LOSAng">57806.656</dst>
            <dst id="NYCMng">9149.30133333333</dst>
            <dst id="SNVAng">955.490666666666</dst>
            <dst id="STTLng">7119.464</dst>
            <dst id="WASHng">22865.624</dst>
        </src>
        <src id="DNVRng">
            <dst id="ATLA-M5">162.506666666667</dst>
            <dst id="ATLAng">10080.1946666667</dst>
            <dst id="CHINng">49606.7386666667</dst>
            <dst id="DNVRng">10115.968</dst>
            <dst id="HSTNng">22123.3653333333</dst>
            <dst id="IPLSng">22891.28</dst>
            <dst id="KSCYng">21028.1333333333</dst>
            <dst id="LOSAng">8435.18933333333</dst>
            <dst id="NYCMng">10062.64</dst>
            <dst id="SNVAng">10038.6</dst>
            <dst id="STTLng">19508.3173333333</dst>
            <dst id="WASHng">31911.8266666667</dst>
        </src>
        <src id="HSTNng">
            <dst id="ATLA-M5">187.018666666667</dst>
            <dst id="ATLAng">32752.488</dst>
            <dst id="CHINng">8982.168</dst>
            <dst id="DNVRng">2063.25066666667</dst>
            <dst id="HSTNng">11726.5706666667</dst>
            <dst id="IPLSng">1601.912</dst>
            <dst id="KSCYng">1580.83466666667</dst>
            <dst id="LOSAng">15911.9066666667</dst>
            <dst id="NYCMng">2071.26933333333</dst>
            <dst id="SNVAng">0</dst>
            <dst id="STTLng">1957.688</dst>
            <dst id="WASHng">13009.2506666667</dst>
        </src>
        <src id="IPLSng">
            <dst id="ATLA-M5">53.3333333333333</dst>
            <dst id="ATLAng">8771.656</dst>
            <dst id="CHINng">62422.3786666667</dst>
            <dst id="DNVRng">5168.68266666667</dst>
            <dst id="HSTNng">2094.248</dst>
            <dst id="IPLSng">64165.3973333333</dst>
            <dst id="KSCYng">4641.63733333333</dst>
            <dst id="LOSAng">51070.6986666667</dst>
            <dst id="NYCMng">24342.4266666667</dst>
            <dst id="SNVAng">6572.856</dst>
            <dst id="STTLng">12505.4026666667</dst>
            <dst id="WASHng">17901.0186666667</dst>
        </src>
        <src id="KSCYng">
            <dst id="ATLA-M5">56.9493333333333</dst>
            <dst id="ATLAng">3136.43466666667</dst>
            <dst id="CHINng">72899.9706666667</dst>
            <dst id="DNVRng">10630.84</dst>
            <dst id="HSTNng">10071.6693333333</dst>
            <dst id="IPLSng">14378.8186666667</dst>
            <dst id="KSCYng">12518.5946666667</dst>
            <dst id="LOSAng">11052.1866666667</dst>
            <dst id="NYCMng">4383.89333333333</dst>
            <dst id="SNVAng">1353.672</dst>
            <dst id="STTLng">2053.064</dst>
            <dst id="WASHng">5607.16266666667</dst>
        </src>
        <src id="LOSAng">
            <dst id="ATLA-M5">87.1466666666667</dst>
            <dst id="ATLAng">17934.5226666667</dst>
            <dst id="CHINng">84902.2</dst>
            <dst id="DNVRng">13664.384</dst>
            <dst id="HSTNng">7563.504</dst>
            <dst id="IPLSng">47800.2213333333</dst>
            <dst id="KSCYng">5226.536</dst>
            <dst id="LOSAng">16658.688</dst>
            <dst id="NYCMng">84831.9466666667</dst>
            <dst id="SNVAng">11680.1226666667</dst>
            <dst id="STTLng">57397.7226666667</dst>
            <dst id="WASHng">96199.7173333333</dst>
        </src>
        <src id="NYCMng">
            <dst id="ATLA-M5">378.296</dst>
            <dst id="ATLAng">43101.08</dst>
            <dst id="CHINng">40350.0453333333</dst>
            <dst id="DNVRng">120921.28</dst>
            <dst id="HSTNng">9685.472</dst>
            <dst id="IPLSng">46797.888</dst>
            <dst id="KSCYng">13898.5493333333</dst>
            <dst id="LOSAng">112231.072</dst>
            <dst id="NYCMng">69553.4186666667</dst>
            <dst id="SNVAng">3524.26933333333</dst>
            <dst id="STTLng">36294.896</dst>
            <dst id="WASHng">60665.5493333333</dst>
        </src>
        <src id="SNVAng">
            <dst id="ATLA-M5">0</dst>
            <dst id="ATLAng">109.650666666667</dst>
            <dst id="CHINng">263.752</dst>
            <dst id="DNVRng">15546.9093333333</dst>
            <dst id="HSTNng">26.6666666666667</dst>
            <dst id="IPLSng">248.04</dst>
            <dst id="KSCYng">0</dst>
            <dst id="LOSAng">32768.096</dst>
            <dst id="NYCMng">625.624</dst>
            <dst id="SNVAng">8672.31733333333</dst>
            <dst id="STTLng">23388.4373333333</dst>
            <dst id="WASHng">106.666666666667</dst>
        </src>
        <src id="STTLng">
            <dst id="ATLA-M5">356.994666666667</dst>
            <dst id="ATLAng">9573.85866666667</dst>
            <dst id="CHINng">15093.9173333333</dst>
            <dst id="DNVRng">1630.288</dst>
            <dst id="HSTNng">4000.60533333333</dst>
            <dst id="IPLSng">6988.14133333333</dst>
            <dst id="KSCYng">2241.73066666667</dst>
            <dst id="LOSAng">32031.5973333333</dst>
            <dst id="NYCMng">8864.85866666667</dst>
            <dst id="SNVAng">4928.04533333333</dst>
            <dst id="STTLng">5373.13066666667</dst>
            <dst id="WASHng">9837.44533333333</dst>
        </src>
        <src id="WASHng">
            <dst id="ATLA-M5">1004.056</dst>
            <dst id="ATLAng">106643.018666667</dst>
            <dst id="CHINng">82885.2426666667</dst>
            <dst id="DNVRng">56549.2426666666</dst>
            <dst id="HSTNng">46007.7093333333</dst>
            <dst id="IPLSng">53330.32</dst>
            <dst id="KSCYng">17217.1493333333</dst>
            <dst id="LOSAng">121769.930666667</dst>
            <dst id="NYCMng">159642.986666667</dst>
            <dst id="SNVAng">7189.21866666667</dst>
            <dst id="STTLng">31706.6453333333</dst>
            <dst id="WASHng">240503.290666667</dst>
        </src>
    </IntraTM>
</TrafficMatrixFile>
