<?xml version="1.0" encoding="ISO-8859-1" standalone="yes"?>
<TrafficMatrixFile xsi:noNamespaceSchemaLocation="http://totem.run.montefiore.ulg.ac.be/Schema/TrafficMatrix-v1_2.xsd" xmlns:xsi="http://www.w3.org/2001/XMLSchema-instance">
    <IntraTM ASID="11537">
        <src id="ATLA-M5">
            <dst id="ATLA-M5">32.032</dst>
            <dst id="ATLAng">397.592</dst>
            <dst id="CHINng">434.370666666667</dst>
            <dst id="DNVRng">29.2293333333333</dst>
            <dst id="HSTNng">157.936</dst>
            <dst id="IPLSng">161.48</dst>
            <dst id="KSCYng">35.584</dst>
            <dst id="LOSAng">110.138666666667</dst>
            <dst id="NYCMng">186.026666666667</dst>
            <dst id="SNVAng">0</dst>
            <dst id="STTLng">0</dst>
            <dst id="WASHng">1101.34933333333</dst>
        </src>
        <src id="ATLAng">
            <dst id="ATLA-M5">245.749333333333</dst>
            <dst id="ATLAng">47721.0373333333</dst>
            <dst id="CHINng">16402.2133333333</dst>
            <dst id="DNVRng">5809.24266666667</dst>
            <dst id="HSTNng">5858.432</dst>
            <dst id="IPLSng">19265.344</dst>
            <dst id="KSCYng">17972.6373333333</dst>
            <dst id="LOSAng">32421.2266666667</dst>
            <dst id="NYCMng">9414.848</dst>
            <dst id="SNVAng">454.253333333333</dst>
            <dst id="STTLng">5607.672</dst>
            <dst id="WASHng">43444.1386666667</dst>
        </src>
        <src id="CHINng">
            <dst id="ATLA-M5">207.392</dst>
            <dst id="ATLAng">20370.0986666667</dst>
            <dst id="CHINng">101601.061333333</dst>
            <dst id="DNVRng">21946.672</dst>
            <dst id="HSTNng">18209.8533333333</dst>
            <dst id="IPLSng">47367.9813333333</dst>
            <dst id="KSCYng">13789.4986666667</dst>
            <dst id="LOSAng">637881.786666667</dst>
            <dst id="NYCMng">13575.5173333333</dst>
            <dst id="SNVAng">1556.10133333333</dst>
            <dst id="STTLng">10179.9786666667</dst>
            <dst id="WASHng">26930.192</dst>
        </src>
        <src id="DNVRng">
            <dst id="ATLA-M5">191.253333333333</dst>
            <dst id="ATLAng">23094.2053333333</dst>
            <dst id="CHINng">46358.248</dst>
            <dst id="DNVRng">41536.2773333333</dst>
            <dst id="HSTNng">33244.336</dst>
            <dst id="IPLSng">27049.2746666667</dst>
            <dst id="KSCYng">23376.8853333333</dst>
            <dst id="LOSAng">26750.016</dst>
            <dst id="NYCMng">16127.968</dst>
            <dst id="SNVAng">14524.1493333333</dst>
            <dst id="STTLng">19863.248</dst>
            <dst id="WASHng">40801.7093333333</dst>
        </src>
        <src id="HSTNng">
            <dst id="ATLA-M5">4266.208</dst>
            <dst id="ATLAng">5965.85066666667</dst>
            <dst id="CHINng">18821.728</dst>
            <dst id="DNVRng">9134.016</dst>
            <dst id="HSTNng">11413.1813333333</dst>
            <dst id="IPLSng">4712.584</dst>
            <dst id="KSCYng">2274.464</dst>
            <dst id="LOSAng">20769.9626666667</dst>
            <dst id="NYCMng">10304.6053333333</dst>
            <dst id="SNVAng">397.357333333333</dst>
            <dst id="STTLng">1660.112</dst>
            <dst id="WASHng">3072.15733333333</dst>
        </src>
        <src id="IPLSng">
            <dst id="ATLA-M5">830.802666666667</dst>
            <dst id="ATLAng">24023.5173333333</dst>
            <dst id="CHINng">84630.9573333333</dst>
            <dst id="DNVRng">9974.98666666667</dst>
            <dst id="HSTNng">3001.50666666667</dst>
            <dst id="IPLSng">40491.1093333333</dst>
            <dst id="KSCYng">12057.048</dst>
            <dst id="LOSAng">61405.9866666667</dst>
            <dst id="NYCMng">24257.688</dst>
            <dst id="SNVAng">1176.99466666667</dst>
            <dst id="STTLng">12959.7626666667</dst>
            <dst id="WASHng">38002.9253333333</dst>
        </src>
        <src id="KSCYng">
            <dst id="ATLA-M5">88.1573333333333</dst>
            <dst id="ATLAng">6827.744</dst>
            <dst id="CHINng">27045.8986666667</dst>
            <dst id="DNVRng">10038.048</dst>
            <dst id="HSTNng">5198.81066666667</dst>
            <dst id="IPLSng">32249.9626666667</dst>
            <dst id="KSCYng">7664.464</dst>
            <dst id="LOSAng">10004.648</dst>
            <dst id="NYCMng">3385.104</dst>
            <dst id="SNVAng">356.466666666667</dst>
            <dst id="STTLng">1617.09066666667</dst>
            <dst id="WASHng">17985.6826666667</dst>
        </src>
        <src id="LOSAng">
            <dst id="ATLA-M5">1278.024</dst>
            <dst id="ATLAng">28409.696</dst>
            <dst id="CHINng">101740.885333333</dst>
            <dst id="DNVRng">20364.7493333333</dst>
            <dst id="HSTNng">17390.6586666667</dst>
            <dst id="IPLSng">47601.696</dst>
            <dst id="KSCYng">9201.16533333333</dst>
            <dst id="LOSAng">12102.2773333333</dst>
            <dst id="NYCMng">83541.6986666666</dst>
            <dst id="SNVAng">11353.0453333333</dst>
            <dst id="STTLng">43781.248</dst>
            <dst id="WASHng">101537.328</dst>
        </src>
        <src id="NYCMng">
            <dst id="ATLA-M5">713.957333333333</dst>
            <dst id="ATLAng">59894.352</dst>
            <dst id="CHINng">47708.9653333333</dst>
            <dst id="DNVRng">133122.170666667</dst>
            <dst id="HSTNng">13572.2533333333</dst>
            <dst id="IPLSng">53530.2186666667</dst>
            <dst id="KSCYng">32249.8933333333</dst>
            <dst id="LOSAng">104012.416</dst>
            <dst id="NYCMng">95842.6533333333</dst>
            <dst id="SNVAng">6205.04</dst>
            <dst id="STTLng">26519.76</dst>
            <dst id="WASHng">85714.816</dst>
        </src>
        <src id="SNVAng">
            <dst id="ATLA-M5">0</dst>
            <dst id="ATLAng">53.3333333333333</dst>
            <dst id="CHINng">498.930666666667</dst>
            <dst id="DNVRng">3169.36266666667</dst>
            <dst id="HSTNng">164.245333333333</dst>
            <dst id="IPLSng">2059.54933333333</dst>
            <dst id="KSCYng">20329.7813333333</dst>
            <dst id="LOSAng">33760.5146666667</dst>
            <dst id="NYCMng">279.114666666667</dst>
            <dst id="SNVAng">8499.056</dst>
            <dst id="STTLng">31062.1973333333</dst>
            <dst id="WASHng">87.4133333333333</dst>
        </src>
        <src id="STTLng">
            <dst id="ATLA-M5">27.456</dst>
            <dst id="ATLAng">13238.352</dst>
            <dst id="CHINng">17585.1813333333</dst>
            <dst id="DNVRng">7066.41333333333</dst>
            <dst id="HSTNng">4580.032</dst>
            <dst id="IPLSng">13173.2986666667</dst>
            <dst id="KSCYng">4351.35733333333</dst>
            <dst id="LOSAng">39555.528</dst>
            <dst id="NYCMng">16103.184</dst>
            <dst id="SNVAng">4386.672</dst>
            <dst id="STTLng">7614.85866666667</dst>
            <dst id="WASHng">16787.3013333333</dst>
        </src>
        <src id="WASHng">
            <dst id="ATLA-M5">911.706666666667</dst>
            <dst id="ATLAng">140411.194666667</dst>
            <dst id="CHINng">90094.256</dst>
            <dst id="DNVRng">74551.8053333333</dst>
            <dst id="HSTNng">22912.7733333333</dst>
            <dst id="IPLSng">66755.5093333333</dst>
            <dst id="KSCYng">35229.6933333333</dst>
            <dst id="LOSAng">120689.453333333</dst>
            <dst id="NYCMng">167862.112</dst>
            <dst id="SNVAng">8812.84</dst>
            <dst id="STTLng">45386.096</dst>
            <dst id="WASHng">419072.613333333</dst>
        </src>
    </IntraTM>
</TrafficMatrixFile>
