<?xml version="1.0" encoding="ISO-8859-1" standalone="yes"?>
<TrafficMatrixFile xsi:noNamespaceSchemaLocation="http://totem.run.montefiore.ulg.ac.be/Schema/TrafficMatrix-v1_2.xsd" xmlns:xsi="http://www.w3.org/2001/XMLSchema-instance">
    <IntraTM ASID="11537">
        <src id="ATLA-M5">
            <dst id="ATLA-M5">26.6666666666667</dst>
            <dst id="ATLAng">684.349333333333</dst>
            <dst id="CHINng">980.122666666667</dst>
            <dst id="DNVRng">0</dst>
            <dst id="HSTNng">53.3333333333333</dst>
            <dst id="IPLSng">26.6666666666667</dst>
            <dst id="KSCYng">0</dst>
            <dst id="LOSAng">501.048</dst>
            <dst id="NYCMng">26.6666666666667</dst>
            <dst id="SNVAng">13.3333333333333</dst>
            <dst id="STTLng">0</dst>
            <dst id="WASHng">26.6666666666667</dst>
        </src>
        <src id="ATLAng">
            <dst id="ATLA-M5">125.498666666667</dst>
            <dst id="ATLAng">34163.4213333333</dst>
            <dst id="CHINng">9831.008</dst>
            <dst id="DNVRng">4542.66666666667</dst>
            <dst id="HSTNng">634.098666666667</dst>
            <dst id="IPLSng">11269.896</dst>
            <dst id="KSCYng">692.709333333333</dst>
            <dst id="LOSAng">12906.608</dst>
            <dst id="NYCMng">3239.50666666667</dst>
            <dst id="SNVAng">26.6666666666667</dst>
            <dst id="STTLng">4248.78933333333</dst>
            <dst id="WASHng">24624.8426666667</dst>
        </src>
        <src id="CHINng">
            <dst id="ATLA-M5">430.941333333333</dst>
            <dst id="ATLAng">31666.8506666667</dst>
            <dst id="CHINng">55862.5786666667</dst>
            <dst id="DNVRng">12899.9306666667</dst>
            <dst id="HSTNng">6069.38933333334</dst>
            <dst id="IPLSng">29776.632</dst>
            <dst id="KSCYng">7039.98666666666</dst>
            <dst id="LOSAng">55757.6986666667</dst>
            <dst id="NYCMng">5635.968</dst>
            <dst id="SNVAng">1032.67466666667</dst>
            <dst id="STTLng">8323.2</dst>
            <dst id="WASHng">18129.5706666667</dst>
        </src>
        <src id="DNVRng">
            <dst id="ATLA-M5">72.1066666666667</dst>
            <dst id="ATLAng">1179.23466666667</dst>
            <dst id="CHINng">38126.4613333333</dst>
            <dst id="DNVRng">6124.54933333333</dst>
            <dst id="HSTNng">18897.4</dst>
            <dst id="IPLSng">19405.0586666667</dst>
            <dst id="KSCYng">11703.1413333333</dst>
            <dst id="LOSAng">15498.0293333333</dst>
            <dst id="NYCMng">7957.304</dst>
            <dst id="SNVAng">7009.808</dst>
            <dst id="STTLng">7058.264</dst>
            <dst id="WASHng">25780.0293333333</dst>
        </src>
        <src id="HSTNng">
            <dst id="ATLA-M5">1272.66666666667</dst>
            <dst id="ATLAng">15943.464</dst>
            <dst id="CHINng">14708.064</dst>
            <dst id="DNVRng">2291.72266666667</dst>
            <dst id="HSTNng">8343.84533333333</dst>
            <dst id="IPLSng">459.882666666667</dst>
            <dst id="KSCYng">1030.152</dst>
            <dst id="LOSAng">8223.41866666667</dst>
            <dst id="NYCMng">2904.704</dst>
            <dst id="SNVAng">0</dst>
            <dst id="STTLng">2492.256</dst>
            <dst id="WASHng">2807.04</dst>
        </src>
        <src id="IPLSng">
            <dst id="ATLA-M5">209.077333333333</dst>
            <dst id="ATLAng">10628.192</dst>
            <dst id="CHINng">47142.6533333333</dst>
            <dst id="DNVRng">5651.85866666667</dst>
            <dst id="HSTNng">3275.664</dst>
            <dst id="IPLSng">15114.84</dst>
            <dst id="KSCYng">3926.82133333333</dst>
            <dst id="LOSAng">55235.0586666667</dst>
            <dst id="NYCMng">25965.1493333333</dst>
            <dst id="SNVAng">293.378666666667</dst>
            <dst id="STTLng">10695.9706666667</dst>
            <dst id="WASHng">16376.4053333333</dst>
        </src>
        <src id="KSCYng">
            <dst id="ATLA-M5">0</dst>
            <dst id="ATLAng">1075.32533333333</dst>
            <dst id="CHINng">21124.7866666667</dst>
            <dst id="DNVRng">9294.25333333333</dst>
            <dst id="HSTNng">3673.74133333333</dst>
            <dst id="IPLSng">8077.24</dst>
            <dst id="KSCYng">3093.57866666667</dst>
            <dst id="LOSAng">8030.19733333333</dst>
            <dst id="NYCMng">1069.65066666667</dst>
            <dst id="SNVAng">688.381333333333</dst>
            <dst id="STTLng">2343.048</dst>
            <dst id="WASHng">13679.7786666667</dst>
        </src>
        <src id="LOSAng">
            <dst id="ATLA-M5">1628.088</dst>
            <dst id="ATLAng">54940.44</dst>
            <dst id="CHINng">88585.648</dst>
            <dst id="DNVRng">8611.376</dst>
            <dst id="HSTNng">12158.1653333333</dst>
            <dst id="IPLSng">28989.712</dst>
            <dst id="KSCYng">2720.79733333333</dst>
            <dst id="LOSAng">26806.8693333333</dst>
            <dst id="NYCMng">67795.576</dst>
            <dst id="SNVAng">9985.78933333333</dst>
            <dst id="STTLng">47677.8106666667</dst>
            <dst id="WASHng">119219.210666667</dst>
        </src>
        <src id="NYCMng">
            <dst id="ATLA-M5">30.4213333333333</dst>
            <dst id="ATLAng">32434.9653333333</dst>
            <dst id="CHINng">35949.8213333333</dst>
            <dst id="DNVRng">25202.5066666667</dst>
            <dst id="HSTNng">6775.232</dst>
            <dst id="IPLSng">28346.176</dst>
            <dst id="KSCYng">5856.328</dst>
            <dst id="LOSAng">90095.416</dst>
            <dst id="NYCMng">102083.376</dst>
            <dst id="SNVAng">2771.74933333333</dst>
            <dst id="STTLng">25114.9413333333</dst>
            <dst id="WASHng">56031.3626666667</dst>
        </src>
        <src id="SNVAng">
            <dst id="ATLA-M5">0</dst>
            <dst id="ATLAng">80</dst>
            <dst id="CHINng">346.384</dst>
            <dst id="DNVRng">4357.97866666667</dst>
            <dst id="HSTNng">256.970666666667</dst>
            <dst id="IPLSng">5324.776</dst>
            <dst id="KSCYng">117.746666666667</dst>
            <dst id="LOSAng">36120.8293333333</dst>
            <dst id="NYCMng">404.44</dst>
            <dst id="SNVAng">8897.50933333333</dst>
            <dst id="STTLng">23461.3066666667</dst>
            <dst id="WASHng">80</dst>
        </src>
        <src id="STTLng">
            <dst id="ATLA-M5">88.736</dst>
            <dst id="ATLAng">7670.784</dst>
            <dst id="CHINng">13872.3493333333</dst>
            <dst id="DNVRng">1396.31733333333</dst>
            <dst id="HSTNng">1751.504</dst>
            <dst id="IPLSng">9765.66133333333</dst>
            <dst id="KSCYng">2910.32</dst>
            <dst id="LOSAng">34383.632</dst>
            <dst id="NYCMng">7945.52</dst>
            <dst id="SNVAng">3997.79466666667</dst>
            <dst id="STTLng">4059.544</dst>
            <dst id="WASHng">6150.59466666667</dst>
        </src>
        <src id="WASHng">
            <dst id="ATLA-M5">26.6666666666667</dst>
            <dst id="ATLAng">94998.8213333333</dst>
            <dst id="CHINng">86191.0986666667</dst>
            <dst id="DNVRng">61886.464</dst>
            <dst id="HSTNng">28595.1706666667</dst>
            <dst id="IPLSng">35587.8453333333</dst>
            <dst id="KSCYng">10074.3306666667</dst>
            <dst id="LOSAng">121962.821333333</dst>
            <dst id="NYCMng">157253.576</dst>
            <dst id="SNVAng">1037.27466666667</dst>
            <dst id="STTLng">36385.0453333333</dst>
            <dst id="WASHng">173318.226666667</dst>
        </src>
    </IntraTM>
</TrafficMatrixFile>
