<?xml version="1.0" encoding="ISO-8859-1" standalone="yes"?>
<TrafficMatrixFile xsi:noNamespaceSchemaLocation="http://totem.run.montefiore.ulg.ac.be/Schema/TrafficMatrix-v1_2.xsd" xmlns:xsi="http://www.w3.org/2001/XMLSchema-instance">
    <IntraTM ASID="11537">
        <src id="ATLA-M5">
            <dst id="ATLA-M5">0</dst>
            <dst id="ATLAng">0</dst>
            <dst id="CHINng">246.914666666667</dst>
            <dst id="DNVRng">0</dst>
            <dst id="HSTNng">659.56</dst>
            <dst id="IPLSng">26.6666666666667</dst>
            <dst id="KSCYng">0</dst>
            <dst id="LOSAng">706.762666666667</dst>
            <dst id="NYCMng">0</dst>
            <dst id="SNVAng">0</dst>
            <dst id="STTLng">26.6666666666667</dst>
            <dst id="WASHng">77.2266666666667</dst>
        </src>
        <src id="ATLAng">
            <dst id="ATLA-M5">146.538666666667</dst>
            <dst id="ATLAng">41355.6533333333</dst>
            <dst id="CHINng">5276.01066666667</dst>
            <dst id="DNVRng">3675.46666666667</dst>
            <dst id="HSTNng">309.28</dst>
            <dst id="IPLSng">13433.4586666667</dst>
            <dst id="KSCYng">412.397333333333</dst>
            <dst id="LOSAng">13861.4373333333</dst>
            <dst id="NYCMng">4581.18933333333</dst>
            <dst id="SNVAng">67.3893333333333</dst>
            <dst id="STTLng">10923.8613333333</dst>
            <dst id="WASHng">23679.5573333333</dst>
        </src>
        <src id="CHINng">
            <dst id="ATLA-M5">479.656</dst>
            <dst id="ATLAng">39893.9226666667</dst>
            <dst id="CHINng">46358.1493333334</dst>
            <dst id="DNVRng">11719.2426666667</dst>
            <dst id="HSTNng">7536.504</dst>
            <dst id="IPLSng">22887.4373333333</dst>
            <dst id="KSCYng">11258.3733333333</dst>
            <dst id="LOSAng">51950.6026666667</dst>
            <dst id="NYCMng">3494.272</dst>
            <dst id="SNVAng">327.701333333333</dst>
            <dst id="STTLng">7099.04266666667</dst>
            <dst id="WASHng">15613.8266666667</dst>
        </src>
        <src id="DNVRng">
            <dst id="ATLA-M5">88</dst>
            <dst id="ATLAng">3767.79466666667</dst>
            <dst id="CHINng">42331.0853333333</dst>
            <dst id="DNVRng">4396.464</dst>
            <dst id="HSTNng">19428.4933333333</dst>
            <dst id="IPLSng">25416.0053333333</dst>
            <dst id="KSCYng">10910.5626666667</dst>
            <dst id="LOSAng">20459.4773333333</dst>
            <dst id="NYCMng">11389.8133333333</dst>
            <dst id="SNVAng">5819.12266666667</dst>
            <dst id="STTLng">7924.464</dst>
            <dst id="WASHng">35067.3733333333</dst>
        </src>
        <src id="HSTNng">
            <dst id="ATLA-M5">2615.41066666667</dst>
            <dst id="ATLAng">14528.5653333333</dst>
            <dst id="CHINng">4674.144</dst>
            <dst id="DNVRng">1641.096</dst>
            <dst id="HSTNng">11904.024</dst>
            <dst id="IPLSng">307.005333333333</dst>
            <dst id="KSCYng">954.858666666667</dst>
            <dst id="LOSAng">10807.2026666667</dst>
            <dst id="NYCMng">1935.06933333333</dst>
            <dst id="SNVAng">0</dst>
            <dst id="STTLng">1968.944</dst>
            <dst id="WASHng">9270.11466666666</dst>
        </src>
        <src id="IPLSng">
            <dst id="ATLA-M5">68.5733333333333</dst>
            <dst id="ATLAng">19348.5733333333</dst>
            <dst id="CHINng">55160.256</dst>
            <dst id="DNVRng">4030.17866666667</dst>
            <dst id="HSTNng">560.530666666667</dst>
            <dst id="IPLSng">23681.656</dst>
            <dst id="KSCYng">3092.52</dst>
            <dst id="LOSAng">47379.6506666667</dst>
            <dst id="NYCMng">25770.1413333333</dst>
            <dst id="SNVAng">221.389333333333</dst>
            <dst id="STTLng">12114.72</dst>
            <dst id="WASHng">20303.0373333333</dst>
        </src>
        <src id="KSCYng">
            <dst id="ATLA-M5">26.6666666666667</dst>
            <dst id="ATLAng">2090.45866666667</dst>
            <dst id="CHINng">15223.1946666667</dst>
            <dst id="DNVRng">13888.432</dst>
            <dst id="HSTNng">3649.256</dst>
            <dst id="IPLSng">6830.13066666667</dst>
            <dst id="KSCYng">2353.30666666667</dst>
            <dst id="LOSAng">12316.5573333333</dst>
            <dst id="NYCMng">3252.472</dst>
            <dst id="SNVAng">384.290666666667</dst>
            <dst id="STTLng">3415.528</dst>
            <dst id="WASHng">13626.5946666667</dst>
        </src>
        <src id="LOSAng">
            <dst id="ATLA-M5">89.0853333333333</dst>
            <dst id="ATLAng">50325.888</dst>
            <dst id="CHINng">77693.104</dst>
            <dst id="DNVRng">7547.88266666667</dst>
            <dst id="HSTNng">5342.57333333333</dst>
            <dst id="IPLSng">40084.4506666667</dst>
            <dst id="KSCYng">9353.04</dst>
            <dst id="LOSAng">20027.7733333333</dst>
            <dst id="NYCMng">68110.912</dst>
            <dst id="SNVAng">12232.6533333333</dst>
            <dst id="STTLng">50732.7653333333</dst>
            <dst id="WASHng">95251.7973333333</dst>
        </src>
        <src id="NYCMng">
            <dst id="ATLA-M5">53.3333333333333</dst>
            <dst id="ATLAng">44656.6586666667</dst>
            <dst id="CHINng">43100.176</dst>
            <dst id="DNVRng">28490.768</dst>
            <dst id="HSTNng">7799.504</dst>
            <dst id="IPLSng">63105.7146666667</dst>
            <dst id="KSCYng">5567.784</dst>
            <dst id="LOSAng">86403.2026666667</dst>
            <dst id="NYCMng">77902.4133333333</dst>
            <dst id="SNVAng">677.749333333333</dst>
            <dst id="STTLng">33078.0346666667</dst>
            <dst id="WASHng">46503.6986666667</dst>
        </src>
        <src id="SNVAng">
            <dst id="ATLA-M5">0</dst>
            <dst id="ATLAng">65.0026666666667</dst>
            <dst id="CHINng">93.4613333333333</dst>
            <dst id="DNVRng">549.834666666667</dst>
            <dst id="HSTNng">176</dst>
            <dst id="IPLSng">13123.9866666667</dst>
            <dst id="KSCYng">227.754666666667</dst>
            <dst id="LOSAng">43377.2933333333</dst>
            <dst id="NYCMng">616.698666666667</dst>
            <dst id="SNVAng">11316.2906666667</dst>
            <dst id="STTLng">36314.976</dst>
            <dst id="WASHng">53.3333333333333</dst>
        </src>
        <src id="STTLng">
            <dst id="ATLA-M5">51.2586666666667</dst>
            <dst id="ATLAng">9134.664</dst>
            <dst id="CHINng">13517.7546666667</dst>
            <dst id="DNVRng">2856.99733333333</dst>
            <dst id="HSTNng">1407.20533333333</dst>
            <dst id="IPLSng">6438.528</dst>
            <dst id="KSCYng">2898.40533333333</dst>
            <dst id="LOSAng">37980.9066666667</dst>
            <dst id="NYCMng">9621.8</dst>
            <dst id="SNVAng">4714.77866666667</dst>
            <dst id="STTLng">2620.776</dst>
            <dst id="WASHng">7335.168</dst>
        </src>
        <src id="WASHng">
            <dst id="ATLA-M5">3048.24533333333</dst>
            <dst id="ATLAng">59664.888</dst>
            <dst id="CHINng">84896.3706666667</dst>
            <dst id="DNVRng">50397.8346666667</dst>
            <dst id="HSTNng">32215.9386666667</dst>
            <dst id="IPLSng">16700.472</dst>
            <dst id="KSCYng">25279.7146666667</dst>
            <dst id="LOSAng">134495.632</dst>
            <dst id="NYCMng">173999.869333333</dst>
            <dst id="SNVAng">371.666666666667</dst>
            <dst id="STTLng">40253.816</dst>
            <dst id="WASHng">168378.946666667</dst>
        </src>
    </IntraTM>
</TrafficMatrixFile>
