<?xml version="1.0" encoding="ISO-8859-1" standalone="yes"?>
<TrafficMatrixFile xsi:noNamespaceSchemaLocation="http://totem.run.montefiore.ulg.ac.be/Schema/TrafficMatrix-v1_2.xsd" xmlns:xsi="http://www.w3.org/2001/XMLSchema-instance">
    <IntraTM ASID="11537">
        <src id="ATLA-M5">
            <dst id="ATLA-M5">34.8293333333333</dst>
            <dst id="ATLAng">896.786666666667</dst>
            <dst id="CHINng">57.488</dst>
            <dst id="DNVRng">0</dst>
            <dst id="HSTNng">143.712</dst>
            <dst id="IPLSng">53.3333333333333</dst>
            <dst id="KSCYng">80</dst>
            <dst id="LOSAng">256.592</dst>
            <dst id="NYCMng">414.557333333333</dst>
            <dst id="SNVAng">0</dst>
            <dst id="STTLng">0</dst>
            <dst id="WASHng">2380.11466666667</dst>
        </src>
        <src id="ATLAng">
            <dst id="ATLA-M5">306.042666666667</dst>
            <dst id="ATLAng">26894.5466666667</dst>
            <dst id="CHINng">11923.8053333333</dst>
            <dst id="DNVRng">4037.07733333333</dst>
            <dst id="HSTNng">1698.04</dst>
            <dst id="IPLSng">37688.3813333333</dst>
            <dst id="KSCYng">1140.86933333333</dst>
            <dst id="LOSAng">11361.9826666667</dst>
            <dst id="NYCMng">12572.64</dst>
            <dst id="SNVAng">474.534666666667</dst>
            <dst id="STTLng">4288.72266666667</dst>
            <dst id="WASHng">64447.672</dst>
        </src>
        <src id="CHINng">
            <dst id="ATLA-M5">391.114666666667</dst>
            <dst id="ATLAng">35658.7146666667</dst>
            <dst id="CHINng">108143.128</dst>
            <dst id="DNVRng">11348.7706666667</dst>
            <dst id="HSTNng">6287.74666666667</dst>
            <dst id="IPLSng">40800.3386666667</dst>
            <dst id="KSCYng">5352.29333333333</dst>
            <dst id="LOSAng">41764.36</dst>
            <dst id="NYCMng">9783.952</dst>
            <dst id="SNVAng">469.154666666667</dst>
            <dst id="STTLng">5941.64</dst>
            <dst id="WASHng">49492.1146666667</dst>
        </src>
        <src id="DNVRng">
            <dst id="ATLA-M5">293.066666666667</dst>
            <dst id="ATLAng">9158.70933333333</dst>
            <dst id="CHINng">54210.6053333333</dst>
            <dst id="DNVRng">27379.392</dst>
            <dst id="HSTNng">21727.0186666667</dst>
            <dst id="IPLSng">25910.8426666667</dst>
            <dst id="KSCYng">23805.336</dst>
            <dst id="LOSAng">8242.23733333333</dst>
            <dst id="NYCMng">11375.9333333333</dst>
            <dst id="SNVAng">14051.6693333333</dst>
            <dst id="STTLng">14661.808</dst>
            <dst id="WASHng">35444.592</dst>
        </src>
        <src id="HSTNng">
            <dst id="ATLA-M5">3878.87466666667</dst>
            <dst id="ATLAng">5001.08</dst>
            <dst id="CHINng">16613.4133333333</dst>
            <dst id="DNVRng">1100.504</dst>
            <dst id="HSTNng">7084.16533333333</dst>
            <dst id="IPLSng">1410.86933333333</dst>
            <dst id="KSCYng">1791.62133333333</dst>
            <dst id="LOSAng">9060.69066666667</dst>
            <dst id="NYCMng">4517.05066666667</dst>
            <dst id="SNVAng">107.6</dst>
            <dst id="STTLng">1195.648</dst>
            <dst id="WASHng">2782.64266666667</dst>
        </src>
        <src id="IPLSng">
            <dst id="ATLA-M5">53.3333333333333</dst>
            <dst id="ATLAng">16905.6906666667</dst>
            <dst id="CHINng">111675.965333333</dst>
            <dst id="DNVRng">3885.56</dst>
            <dst id="HSTNng">3573.21866666667</dst>
            <dst id="IPLSng">10911.9093333333</dst>
            <dst id="KSCYng">7290.61066666666</dst>
            <dst id="LOSAng">24402.24</dst>
            <dst id="NYCMng">20969.1466666667</dst>
            <dst id="SNVAng">725.765333333333</dst>
            <dst id="STTLng">9276.096</dst>
            <dst id="WASHng">32864.76</dst>
        </src>
        <src id="KSCYng">
            <dst id="ATLA-M5">286.52</dst>
            <dst id="ATLAng">3074.96</dst>
            <dst id="CHINng">31121.1226666667</dst>
            <dst id="DNVRng">7454.64266666667</dst>
            <dst id="HSTNng">2849.46666666667</dst>
            <dst id="IPLSng">13548.4026666667</dst>
            <dst id="KSCYng">16163.0186666667</dst>
            <dst id="LOSAng">6988.936</dst>
            <dst id="NYCMng">4714.51466666667</dst>
            <dst id="SNVAng">171.872</dst>
            <dst id="STTLng">1295.78666666667</dst>
            <dst id="WASHng">7330.02933333333</dst>
        </src>
        <src id="LOSAng">
            <dst id="ATLA-M5">515.296</dst>
            <dst id="ATLAng">21325.04</dst>
            <dst id="CHINng">143869.925333333</dst>
            <dst id="DNVRng">10701.9653333333</dst>
            <dst id="HSTNng">9752.696</dst>
            <dst id="IPLSng">73190.48</dst>
            <dst id="KSCYng">8543.64533333333</dst>
            <dst id="LOSAng">16063.4026666667</dst>
            <dst id="NYCMng">59661.52</dst>
            <dst id="SNVAng">11188.608</dst>
            <dst id="STTLng">34318.9013333333</dst>
            <dst id="WASHng">128456.090666667</dst>
        </src>
        <src id="NYCMng">
            <dst id="ATLA-M5">468.04</dst>
            <dst id="ATLAng">51501.9546666667</dst>
            <dst id="CHINng">89131.1653333334</dst>
            <dst id="DNVRng">22641.1093333333</dst>
            <dst id="HSTNng">7653.256</dst>
            <dst id="IPLSng">47822.2293333333</dst>
            <dst id="KSCYng">24182.9093333333</dst>
            <dst id="LOSAng">66006.3573333333</dst>
            <dst id="NYCMng">108073.152</dst>
            <dst id="SNVAng">2207.96533333333</dst>
            <dst id="STTLng">21740.4906666667</dst>
            <dst id="WASHng">91237.4746666667</dst>
        </src>
        <src id="SNVAng">
            <dst id="ATLA-M5">26.6666666666667</dst>
            <dst id="ATLAng">658.674666666666</dst>
            <dst id="CHINng">520.373333333333</dst>
            <dst id="DNVRng">7152.872</dst>
            <dst id="HSTNng">99.7973333333333</dst>
            <dst id="IPLSng">5848.90133333333</dst>
            <dst id="KSCYng">106.666666666667</dst>
            <dst id="LOSAng">24188.2773333333</dst>
            <dst id="NYCMng">1173.4</dst>
            <dst id="SNVAng">9834.30933333333</dst>
            <dst id="STTLng">19031.552</dst>
            <dst id="WASHng">266.170666666667</dst>
        </src>
        <src id="STTLng">
            <dst id="ATLA-M5">409.669333333333</dst>
            <dst id="ATLAng">15266.8106666667</dst>
            <dst id="CHINng">37071.5813333333</dst>
            <dst id="DNVRng">1852.81333333333</dst>
            <dst id="HSTNng">1684.12533333333</dst>
            <dst id="IPLSng">10533.1866666667</dst>
            <dst id="KSCYng">1844.65866666667</dst>
            <dst id="LOSAng">14932.4826666667</dst>
            <dst id="NYCMng">13057.0933333333</dst>
            <dst id="SNVAng">2895.89333333333</dst>
            <dst id="STTLng">6154.54666666667</dst>
            <dst id="WASHng">12785.568</dst>
        </src>
        <src id="WASHng">
            <dst id="ATLA-M5">707.048</dst>
            <dst id="ATLAng">104235.333333333</dst>
            <dst id="CHINng">108792.856</dst>
            <dst id="DNVRng">52631.9653333333</dst>
            <dst id="HSTNng">18458.504</dst>
            <dst id="IPLSng">39573.6213333333</dst>
            <dst id="KSCYng">33283.272</dst>
            <dst id="LOSAng">93515.5493333333</dst>
            <dst id="NYCMng">167641.626666667</dst>
            <dst id="SNVAng">1698.70933333333</dst>
            <dst id="STTLng">23347.2453333333</dst>
            <dst id="WASHng">314117.893333333</dst>
        </src>
    </IntraTM>
</TrafficMatrixFile>
