<?xml version="1.0" encoding="ISO-8859-1" standalone="yes"?>
<TrafficMatrixFile xsi:noNamespaceSchemaLocation="http://totem.run.montefiore.ulg.ac.be/Schema/TrafficMatrix-v1_2.xsd" xmlns:xsi="http://www.w3.org/2001/XMLSchema-instance">
    <IntraTM ASID="11537">
        <src id="ATLA-M5">
            <dst id="ATLA-M5">0</dst>
            <dst id="ATLAng">67.7493333333333</dst>
            <dst id="CHINng">26.6666666666667</dst>
            <dst id="DNVRng">26.6666666666667</dst>
            <dst id="HSTNng">53.3333333333333</dst>
            <dst id="IPLSng">0</dst>
            <dst id="KSCYng">26.6666666666667</dst>
            <dst id="LOSAng">73.096</dst>
            <dst id="NYCMng">26.6666666666667</dst>
            <dst id="SNVAng">0</dst>
            <dst id="STTLng">26.6666666666667</dst>
            <dst id="WASHng">1440.616</dst>
        </src>
        <src id="ATLAng">
            <dst id="ATLA-M5">195.298666666667</dst>
            <dst id="ATLAng">44081.4773333333</dst>
            <dst id="CHINng">14081.016</dst>
            <dst id="DNVRng">8614.616</dst>
            <dst id="HSTNng">280.792</dst>
            <dst id="IPLSng">12150.6373333333</dst>
            <dst id="KSCYng">232.24</dst>
            <dst id="LOSAng">11556.7146666667</dst>
            <dst id="NYCMng">3880.48533333333</dst>
            <dst id="SNVAng">343.464</dst>
            <dst id="STTLng">4569.43733333333</dst>
            <dst id="WASHng">40245.72</dst>
        </src>
        <src id="CHINng">
            <dst id="ATLA-M5">50.8453333333333</dst>
            <dst id="ATLAng">7606.704</dst>
            <dst id="CHINng">113108.381333333</dst>
            <dst id="DNVRng">14438.592</dst>
            <dst id="HSTNng">2472.01866666667</dst>
            <dst id="IPLSng">24076.3226666667</dst>
            <dst id="KSCYng">7400.288</dst>
            <dst id="LOSAng">43136.8266666667</dst>
            <dst id="NYCMng">25914.008</dst>
            <dst id="SNVAng">1953.67466666667</dst>
            <dst id="STTLng">4796.26933333333</dst>
            <dst id="WASHng">15935.808</dst>
        </src>
        <src id="DNVRng">
            <dst id="ATLA-M5">56.96</dst>
            <dst id="ATLAng">8072.35466666667</dst>
            <dst id="CHINng">52754.2586666667</dst>
            <dst id="DNVRng">25695.1013333333</dst>
            <dst id="HSTNng">14744.992</dst>
            <dst id="IPLSng">16990.008</dst>
            <dst id="KSCYng">16234.3893333333</dst>
            <dst id="LOSAng">10470.28</dst>
            <dst id="NYCMng">12217.8053333333</dst>
            <dst id="SNVAng">10159.1706666667</dst>
            <dst id="STTLng">10156.3333333333</dst>
            <dst id="WASHng">38794.816</dst>
        </src>
        <src id="HSTNng">
            <dst id="ATLA-M5">1364.328</dst>
            <dst id="ATLAng">504.314666666667</dst>
            <dst id="CHINng">14170.0453333333</dst>
            <dst id="DNVRng">1349.40533333333</dst>
            <dst id="HSTNng">2810.78666666667</dst>
            <dst id="IPLSng">1643.48533333333</dst>
            <dst id="KSCYng">1951.77866666667</dst>
            <dst id="LOSAng">6853.34933333333</dst>
            <dst id="NYCMng">1206.01866666667</dst>
            <dst id="SNVAng">40.5306666666667</dst>
            <dst id="STTLng">3012.22933333333</dst>
            <dst id="WASHng">1277.49066666667</dst>
        </src>
        <src id="IPLSng">
            <dst id="ATLA-M5">97.8506666666667</dst>
            <dst id="ATLAng">12197.3173333333</dst>
            <dst id="CHINng">78487.696</dst>
            <dst id="DNVRng">7663.38933333333</dst>
            <dst id="HSTNng">1756.344</dst>
            <dst id="IPLSng">9594.944</dst>
            <dst id="KSCYng">10805.224</dst>
            <dst id="LOSAng">49169.3226666667</dst>
            <dst id="NYCMng">9781.02933333333</dst>
            <dst id="SNVAng">1448.456</dst>
            <dst id="STTLng">8525.70133333333</dst>
            <dst id="WASHng">6918.15733333333</dst>
        </src>
        <src id="KSCYng">
            <dst id="ATLA-M5">26.6666666666667</dst>
            <dst id="ATLAng">1273.95466666667</dst>
            <dst id="CHINng">30579.6666666667</dst>
            <dst id="DNVRng">8152.76533333333</dst>
            <dst id="HSTNng">2112.61866666667</dst>
            <dst id="IPLSng">11743.0853333333</dst>
            <dst id="KSCYng">5093.25066666667</dst>
            <dst id="LOSAng">5922.57066666667</dst>
            <dst id="NYCMng">6388.70666666667</dst>
            <dst id="SNVAng">26.6666666666667</dst>
            <dst id="STTLng">4691.55733333333</dst>
            <dst id="WASHng">4826.92266666667</dst>
        </src>
        <src id="LOSAng">
            <dst id="ATLA-M5">27.2133333333333</dst>
            <dst id="ATLAng">8041.83733333333</dst>
            <dst id="CHINng">128120.333333333</dst>
            <dst id="DNVRng">6268.30133333333</dst>
            <dst id="HSTNng">5244.77333333333</dst>
            <dst id="IPLSng">28574.936</dst>
            <dst id="KSCYng">6831.024</dst>
            <dst id="LOSAng">16499.28</dst>
            <dst id="NYCMng">45751.2133333333</dst>
            <dst id="SNVAng">5432.296</dst>
            <dst id="STTLng">35803.9466666667</dst>
            <dst id="WASHng">96825.5786666667</dst>
        </src>
        <src id="NYCMng">
            <dst id="ATLA-M5">126.96</dst>
            <dst id="ATLAng">28970.8986666667</dst>
            <dst id="CHINng">45241.3013333333</dst>
            <dst id="DNVRng">29262.6586666667</dst>
            <dst id="HSTNng">4656.184</dst>
            <dst id="IPLSng">27286.784</dst>
            <dst id="KSCYng">6567.47466666667</dst>
            <dst id="LOSAng">69078.1946666667</dst>
            <dst id="NYCMng">79057.0053333333</dst>
            <dst id="SNVAng">2428.08266666667</dst>
            <dst id="STTLng">21528.9466666667</dst>
            <dst id="WASHng">48210.4933333333</dst>
        </src>
        <src id="SNVAng">
            <dst id="ATLA-M5">0</dst>
            <dst id="ATLAng">26.6666666666667</dst>
            <dst id="CHINng">340.464</dst>
            <dst id="DNVRng">1893.8</dst>
            <dst id="HSTNng">26.6666666666667</dst>
            <dst id="IPLSng">9504.66133333333</dst>
            <dst id="KSCYng">0</dst>
            <dst id="LOSAng">27515.784</dst>
            <dst id="NYCMng">2145.97333333333</dst>
            <dst id="SNVAng">9607.712</dst>
            <dst id="STTLng">21667.88</dst>
            <dst id="WASHng">126.677333333333</dst>
        </src>
        <src id="STTLng">
            <dst id="ATLA-M5">26.6666666666667</dst>
            <dst id="ATLAng">8061.64533333333</dst>
            <dst id="CHINng">31676.9413333333</dst>
            <dst id="DNVRng">2032.34933333333</dst>
            <dst id="HSTNng">1833.64</dst>
            <dst id="IPLSng">5486.92</dst>
            <dst id="KSCYng">890.016</dst>
            <dst id="LOSAng">16856.0106666667</dst>
            <dst id="NYCMng">9272.18133333334</dst>
            <dst id="SNVAng">3060.01066666667</dst>
            <dst id="STTLng">2546.32</dst>
            <dst id="WASHng">4729.104</dst>
        </src>
        <src id="WASHng">
            <dst id="ATLA-M5">0</dst>
            <dst id="ATLAng">101408.632</dst>
            <dst id="CHINng">72934.04</dst>
            <dst id="DNVRng">56389.9306666667</dst>
            <dst id="HSTNng">22090.3573333333</dst>
            <dst id="IPLSng">39818.1973333333</dst>
            <dst id="KSCYng">8940.80266666667</dst>
            <dst id="LOSAng">127133.045333333</dst>
            <dst id="NYCMng">132976.061333333</dst>
            <dst id="SNVAng">3992.36266666667</dst>
            <dst id="STTLng">28487.2053333333</dst>
            <dst id="WASHng">241753.181333333</dst>
        </src>
    </IntraTM>
</TrafficMatrixFile>
