<?xml version="1.0" encoding="ISO-8859-1" standalone="yes"?>
<TrafficMatrixFile xsi:noNamespaceSchemaLocation="http://totem.run.montefiore.ulg.ac.be/Schema/TrafficMatrix-v1_2.xsd" xmlns:xsi="http://www.w3.org/2001/XMLSchema-instance">
    <IntraTM ASID="11537">
        <src id="ATLA-M5">
            <dst id="ATLA-M5">0</dst>
            <dst id="ATLAng">48.672</dst>
            <dst id="CHINng">363.008</dst>
            <dst id="DNVRng">0</dst>
            <dst id="HSTNng">50.5626666666667</dst>
            <dst id="IPLSng">53.3333333333333</dst>
            <dst id="KSCYng">26.6666666666667</dst>
            <dst id="LOSAng">251.482666666667</dst>
            <dst id="NYCMng">334.773333333333</dst>
            <dst id="SNVAng">0</dst>
            <dst id="STTLng">29.696</dst>
            <dst id="WASHng">744.621333333333</dst>
        </src>
        <src id="ATLAng">
            <dst id="ATLA-M5">1802.85866666667</dst>
            <dst id="ATLAng">39776.3013333333</dst>
            <dst id="CHINng">9704.67733333333</dst>
            <dst id="DNVRng">3669.4</dst>
            <dst id="HSTNng">1213.45866666667</dst>
            <dst id="IPLSng">13576.496</dst>
            <dst id="KSCYng">1028.592</dst>
            <dst id="LOSAng">13318.9933333333</dst>
            <dst id="NYCMng">4913.92266666667</dst>
            <dst id="SNVAng">132.444</dst>
            <dst id="STTLng">4205.42933333333</dst>
            <dst id="WASHng">44743.264</dst>
        </src>
        <src id="CHINng">
            <dst id="ATLA-M5">388.333333333333</dst>
            <dst id="ATLAng">46031.4106666667</dst>
            <dst id="CHINng">109460.210666667</dst>
            <dst id="DNVRng">18542.7173333333</dst>
            <dst id="HSTNng">8671.808</dst>
            <dst id="IPLSng">23560.2426666667</dst>
            <dst id="KSCYng">18684.456</dst>
            <dst id="LOSAng">80170.7653333333</dst>
            <dst id="NYCMng">8061.91466666667</dst>
            <dst id="SNVAng">287.304</dst>
            <dst id="STTLng">6833.40533333333</dst>
            <dst id="WASHng">5245.65333333333</dst>
        </src>
        <src id="DNVRng">
            <dst id="ATLA-M5">37.8026666666667</dst>
            <dst id="ATLAng">4704.904</dst>
            <dst id="CHINng">54729.9013333333</dst>
            <dst id="DNVRng">3133.672</dst>
            <dst id="HSTNng">12578.68</dst>
            <dst id="IPLSng">19809.5866666667</dst>
            <dst id="KSCYng">8983.41066666667</dst>
            <dst id="LOSAng">14544.8826666667</dst>
            <dst id="NYCMng">11733.3813333333</dst>
            <dst id="SNVAng">3681.088</dst>
            <dst id="STTLng">3807.74666666667</dst>
            <dst id="WASHng">38781.3306666667</dst>
        </src>
        <src id="HSTNng">
            <dst id="ATLA-M5">2871.29866666667</dst>
            <dst id="ATLAng">7840.632</dst>
            <dst id="CHINng">12850.9866666667</dst>
            <dst id="DNVRng">1155.22666666667</dst>
            <dst id="HSTNng">2406.016</dst>
            <dst id="IPLSng">213.333333333333</dst>
            <dst id="KSCYng">841.890666666667</dst>
            <dst id="LOSAng">12239.04</dst>
            <dst id="NYCMng">3510.992</dst>
            <dst id="SNVAng">0</dst>
            <dst id="STTLng">1953.752</dst>
            <dst id="WASHng">2574.69066666667</dst>
        </src>
        <src id="IPLSng">
            <dst id="ATLA-M5">0</dst>
            <dst id="ATLAng">9288.968</dst>
            <dst id="CHINng">77914.6453333333</dst>
            <dst id="DNVRng">2380.29066666667</dst>
            <dst id="HSTNng">1222.93333333333</dst>
            <dst id="IPLSng">12615.416</dst>
            <dst id="KSCYng">2190.95733333333</dst>
            <dst id="LOSAng">58009.872</dst>
            <dst id="NYCMng">17793.656</dst>
            <dst id="SNVAng">285.928</dst>
            <dst id="STTLng">10952.7733333333</dst>
            <dst id="WASHng">6789.92533333333</dst>
        </src>
        <src id="KSCYng">
            <dst id="ATLA-M5">0</dst>
            <dst id="ATLAng">1223.38133333333</dst>
            <dst id="CHINng">19243.5306666667</dst>
            <dst id="DNVRng">11340.7173333333</dst>
            <dst id="HSTNng">2901.336</dst>
            <dst id="IPLSng">6481.27733333333</dst>
            <dst id="KSCYng">2765.62666666667</dst>
            <dst id="LOSAng">5789.38666666667</dst>
            <dst id="NYCMng">4352.67733333333</dst>
            <dst id="SNVAng">329.669333333333</dst>
            <dst id="STTLng">1568.65333333333</dst>
            <dst id="WASHng">6760.23733333333</dst>
        </src>
        <src id="LOSAng">
            <dst id="ATLA-M5">170.672</dst>
            <dst id="ATLAng">40715.2533333333</dst>
            <dst id="CHINng">131713.621333333</dst>
            <dst id="DNVRng">8364.744</dst>
            <dst id="HSTNng">9901.13866666667</dst>
            <dst id="IPLSng">24511.96</dst>
            <dst id="KSCYng">1526.08</dst>
            <dst id="LOSAng">23628.9626666667</dst>
            <dst id="NYCMng">60512.6373333333</dst>
            <dst id="SNVAng">7900.52266666667</dst>
            <dst id="STTLng">39531.5706666667</dst>
            <dst id="WASHng">105548.6</dst>
        </src>
        <src id="NYCMng">
            <dst id="ATLA-M5">991.234666666667</dst>
            <dst id="ATLAng">28773.528</dst>
            <dst id="CHINng">50815.6933333333</dst>
            <dst id="DNVRng">27626.9893333333</dst>
            <dst id="HSTNng">4638.36266666667</dst>
            <dst id="IPLSng">21869.0533333333</dst>
            <dst id="KSCYng">5180.424</dst>
            <dst id="LOSAng">90847.5066666667</dst>
            <dst id="NYCMng">120706.386666667</dst>
            <dst id="SNVAng">1164.20533333333</dst>
            <dst id="STTLng">29845.1493333333</dst>
            <dst id="WASHng">49720.1733333333</dst>
        </src>
        <src id="SNVAng">
            <dst id="ATLA-M5">0</dst>
            <dst id="ATLAng">26.6666666666667</dst>
            <dst id="CHINng">509.285333333333</dst>
            <dst id="DNVRng">694.504</dst>
            <dst id="HSTNng">182.869333333333</dst>
            <dst id="IPLSng">990.938666666667</dst>
            <dst id="KSCYng">81.84</dst>
            <dst id="LOSAng">41358.6746666667</dst>
            <dst id="NYCMng">410.522666666667</dst>
            <dst id="SNVAng">8230.74666666667</dst>
            <dst id="STTLng">21107.4</dst>
            <dst id="WASHng">0</dst>
        </src>
        <src id="STTLng">
            <dst id="ATLA-M5">0</dst>
            <dst id="ATLAng">7904.136</dst>
            <dst id="CHINng">25630.0026666667</dst>
            <dst id="DNVRng">1284.76266666667</dst>
            <dst id="HSTNng">2239.77066666667</dst>
            <dst id="IPLSng">4490.26666666667</dst>
            <dst id="KSCYng">1871.192</dst>
            <dst id="LOSAng">30573.2133333333</dst>
            <dst id="NYCMng">11766.4186666667</dst>
            <dst id="SNVAng">2586.02666666667</dst>
            <dst id="STTLng">1265.94666666667</dst>
            <dst id="WASHng">9376.328</dst>
        </src>
        <src id="WASHng">
            <dst id="ATLA-M5">26.6666666666667</dst>
            <dst id="ATLAng">74656.9013333333</dst>
            <dst id="CHINng">69596.864</dst>
            <dst id="DNVRng">44271.5066666667</dst>
            <dst id="HSTNng">22756.3946666667</dst>
            <dst id="IPLSng">22938.6693333333</dst>
            <dst id="KSCYng">9237.68</dst>
            <dst id="LOSAng">112451.296</dst>
            <dst id="NYCMng">122341.429333333</dst>
            <dst id="SNVAng">741.048</dst>
            <dst id="STTLng">33018.9306666667</dst>
            <dst id="WASHng">289286.906666667</dst>
        </src>
    </IntraTM>
</TrafficMatrixFile>
