<?xml version="1.0" encoding="ISO-8859-1" standalone="yes"?>
<TrafficMatrixFile xsi:noNamespaceSchemaLocation="http://totem.run.montefiore.ulg.ac.be/Schema/TrafficMatrix-v1_2.xsd" xmlns:xsi="http://www.w3.org/2001/XMLSchema-instance">
    <IntraTM ASID="11537">
        <src id="ATLA-M5">
            <dst id="ATLA-M5">26.6666666666667</dst>
            <dst id="ATLAng">81.32</dst>
            <dst id="CHINng">172.293333333333</dst>
            <dst id="DNVRng">0</dst>
            <dst id="HSTNng">66.312</dst>
            <dst id="IPLSng">0</dst>
            <dst id="KSCYng">138.930666666667</dst>
            <dst id="LOSAng">226.650666666667</dst>
            <dst id="NYCMng">66.6666666666667</dst>
            <dst id="SNVAng">0</dst>
            <dst id="STTLng">0</dst>
            <dst id="WASHng">80</dst>
        </src>
        <src id="ATLAng">
            <dst id="ATLA-M5">137.794666666667</dst>
            <dst id="ATLAng">30940.9466666667</dst>
            <dst id="CHINng">13454.28</dst>
            <dst id="DNVRng">5297.16</dst>
            <dst id="HSTNng">2551.152</dst>
            <dst id="IPLSng">10773.952</dst>
            <dst id="KSCYng">923.501333333333</dst>
            <dst id="LOSAng">27857.336</dst>
            <dst id="NYCMng">7346.84266666667</dst>
            <dst id="SNVAng">221.384</dst>
            <dst id="STTLng">8149.352</dst>
            <dst id="WASHng">30460.1946666667</dst>
        </src>
        <src id="CHINng">
            <dst id="ATLA-M5">2070.48266666667</dst>
            <dst id="ATLAng">23123.4666666667</dst>
            <dst id="CHINng">65560.624</dst>
            <dst id="DNVRng">14223.1973333333</dst>
            <dst id="HSTNng">7969.20533333334</dst>
            <dst id="IPLSng">41078.4293333333</dst>
            <dst id="KSCYng">6511.53866666667</dst>
            <dst id="LOSAng">54267.0613333333</dst>
            <dst id="NYCMng">8777.82133333333</dst>
            <dst id="SNVAng">806.509333333333</dst>
            <dst id="STTLng">8325.032</dst>
            <dst id="WASHng">31844.176</dst>
        </src>
        <src id="DNVRng">
            <dst id="ATLA-M5">42.0266666666667</dst>
            <dst id="ATLAng">5145.104</dst>
            <dst id="CHINng">47176.6773333333</dst>
            <dst id="DNVRng">8877</dst>
            <dst id="HSTNng">24404.3573333333</dst>
            <dst id="IPLSng">28233.272</dst>
            <dst id="KSCYng">18087.2373333333</dst>
            <dst id="LOSAng">18308.504</dst>
            <dst id="NYCMng">9846.24</dst>
            <dst id="SNVAng">9036.51733333333</dst>
            <dst id="STTLng">13296.8986666667</dst>
            <dst id="WASHng">31018.8773333333</dst>
        </src>
        <src id="HSTNng">
            <dst id="ATLA-M5">3048.39466666667</dst>
            <dst id="ATLAng">13774.5173333333</dst>
            <dst id="CHINng">7654.54133333333</dst>
            <dst id="DNVRng">2742.02933333333</dst>
            <dst id="HSTNng">7957.79733333333</dst>
            <dst id="IPLSng">702.376</dst>
            <dst id="KSCYng">1568.93066666667</dst>
            <dst id="LOSAng">4403.42933333333</dst>
            <dst id="NYCMng">1726.09866666667</dst>
            <dst id="SNVAng">0</dst>
            <dst id="STTLng">2852.94133333333</dst>
            <dst id="WASHng">4381.04533333333</dst>
        </src>
        <src id="IPLSng">
            <dst id="ATLA-M5">26.6666666666667</dst>
            <dst id="ATLAng">27325.6213333333</dst>
            <dst id="CHINng">67413.5226666667</dst>
            <dst id="DNVRng">4059.61066666667</dst>
            <dst id="HSTNng">1827.584</dst>
            <dst id="IPLSng">15925.3066666667</dst>
            <dst id="KSCYng">2873.456</dst>
            <dst id="LOSAng">45659.816</dst>
            <dst id="NYCMng">26372.9386666667</dst>
            <dst id="SNVAng">487.898666666667</dst>
            <dst id="STTLng">16179.0773333333</dst>
            <dst id="WASHng">22293.5973333333</dst>
        </src>
        <src id="KSCYng">
            <dst id="ATLA-M5">795.130666666667</dst>
            <dst id="ATLAng">2525.79466666667</dst>
            <dst id="CHINng">16198.4506666667</dst>
            <dst id="DNVRng">14689.24</dst>
            <dst id="HSTNng">3981.424</dst>
            <dst id="IPLSng">33205.8373333333</dst>
            <dst id="KSCYng">9133.856</dst>
            <dst id="LOSAng">8307.55733333333</dst>
            <dst id="NYCMng">3914.08</dst>
            <dst id="SNVAng">1007.42133333333</dst>
            <dst id="STTLng">1336.576</dst>
            <dst id="WASHng">11807.9733333333</dst>
        </src>
        <src id="LOSAng">
            <dst id="ATLA-M5">119.229333333333</dst>
            <dst id="ATLAng">28813.7333333333</dst>
            <dst id="CHINng">92903.864</dst>
            <dst id="DNVRng">12471.8186666667</dst>
            <dst id="HSTNng">8757.94933333333</dst>
            <dst id="IPLSng">37266.56</dst>
            <dst id="KSCYng">2688.84533333333</dst>
            <dst id="LOSAng">20617.472</dst>
            <dst id="NYCMng">66073.4693333333</dst>
            <dst id="SNVAng">9262.81066666667</dst>
            <dst id="STTLng">43615.5973333333</dst>
            <dst id="WASHng">115218.549333333</dst>
        </src>
        <src id="NYCMng">
            <dst id="ATLA-M5">364.042666666667</dst>
            <dst id="ATLAng">32540.568</dst>
            <dst id="CHINng">32312.2906666667</dst>
            <dst id="DNVRng">28018.04</dst>
            <dst id="HSTNng">3426.44533333333</dst>
            <dst id="IPLSng">30078.008</dst>
            <dst id="KSCYng">9388.44533333333</dst>
            <dst id="LOSAng">74207.64</dst>
            <dst id="NYCMng">89333.3093333333</dst>
            <dst id="SNVAng">2091.93333333333</dst>
            <dst id="STTLng">26508.9546666667</dst>
            <dst id="WASHng">58364.84</dst>
        </src>
        <src id="SNVAng">
            <dst id="ATLA-M5">0</dst>
            <dst id="ATLAng">53.3333333333333</dst>
            <dst id="CHINng">202.666666666667</dst>
            <dst id="DNVRng">14603.5866666667</dst>
            <dst id="HSTNng">234.666666666667</dst>
            <dst id="IPLSng">5804.976</dst>
            <dst id="KSCYng">89.1866666666667</dst>
            <dst id="LOSAng">24723.744</dst>
            <dst id="NYCMng">192.021333333333</dst>
            <dst id="SNVAng">8830.28</dst>
            <dst id="STTLng">27804.696</dst>
            <dst id="WASHng">82.5013333333333</dst>
        </src>
        <src id="STTLng">
            <dst id="ATLA-M5">57.6053333333333</dst>
            <dst id="ATLAng">9206.32266666667</dst>
            <dst id="CHINng">12057.9866666667</dst>
            <dst id="DNVRng">2938.75466666667</dst>
            <dst id="HSTNng">3047.408</dst>
            <dst id="IPLSng">10487.864</dst>
            <dst id="KSCYng">4964.52</dst>
            <dst id="LOSAng">32945.016</dst>
            <dst id="NYCMng">9153.328</dst>
            <dst id="SNVAng">4262.98933333333</dst>
            <dst id="STTLng">3368.82933333333</dst>
            <dst id="WASHng">7940.288</dst>
        </src>
        <src id="WASHng">
            <dst id="ATLA-M5">26.6666666666667</dst>
            <dst id="ATLAng">105251.277333333</dst>
            <dst id="CHINng">78010.0373333333</dst>
            <dst id="DNVRng">49141.9066666667</dst>
            <dst id="HSTNng">28825.1173333333</dst>
            <dst id="IPLSng">37758.36</dst>
            <dst id="KSCYng">12247.552</dst>
            <dst id="LOSAng">124005.712</dst>
            <dst id="NYCMng">140468.112</dst>
            <dst id="SNVAng">514.296</dst>
            <dst id="STTLng">29120.6453333333</dst>
            <dst id="WASHng">114469.264</dst>
        </src>
    </IntraTM>
</TrafficMatrixFile>
