<?xml version="1.0" encoding="ISO-8859-1" standalone="yes"?>
<TrafficMatrixFile xsi:noNamespaceSchemaLocation="http://totem.run.montefiore.ulg.ac.be/Schema/TrafficMatrix-v1_2.xsd" xmlns:xsi="http://www.w3.org/2001/XMLSchema-instance">
    <IntraTM ASID="11537">
        <src id="ATLA-M5">
            <dst id="ATLA-M5">70.8266666666667</dst>
            <dst id="ATLAng">57.0373333333333</dst>
            <dst id="CHINng">119.890666666667</dst>
            <dst id="DNVRng">26.6666666666667</dst>
            <dst id="HSTNng">116.72</dst>
            <dst id="IPLSng">26.6666666666667</dst>
            <dst id="KSCYng">1527.944</dst>
            <dst id="LOSAng">89.28</dst>
            <dst id="NYCMng">26.6666666666667</dst>
            <dst id="SNVAng">0</dst>
            <dst id="STTLng">458.661333333333</dst>
            <dst id="WASHng">1074.21333333333</dst>
        </src>
        <src id="ATLAng">
            <dst id="ATLA-M5">652.688</dst>
            <dst id="ATLAng">39913.184</dst>
            <dst id="CHINng">6873.52266666667</dst>
            <dst id="DNVRng">8702.16266666667</dst>
            <dst id="HSTNng">2376.664</dst>
            <dst id="IPLSng">11305.4293333333</dst>
            <dst id="KSCYng">8575.18666666667</dst>
            <dst id="LOSAng">40686.4</dst>
            <dst id="NYCMng">6644.99733333333</dst>
            <dst id="SNVAng">324.204</dst>
            <dst id="STTLng">6653.37333333333</dst>
            <dst id="WASHng">28349.984</dst>
        </src>
        <src id="CHINng">
            <dst id="ATLA-M5">343.893333333333</dst>
            <dst id="ATLAng">15144.6026666667</dst>
            <dst id="CHINng">86841.8906666666</dst>
            <dst id="DNVRng">9399.504</dst>
            <dst id="HSTNng">10925.9706666667</dst>
            <dst id="IPLSng">34281.504</dst>
            <dst id="KSCYng">23183.6026666667</dst>
            <dst id="LOSAng">62763.5333333333</dst>
            <dst id="NYCMng">8138.10666666667</dst>
            <dst id="SNVAng">1555.392</dst>
            <dst id="STTLng">8896.33066666666</dst>
            <dst id="WASHng">23810.7093333333</dst>
        </src>
        <src id="DNVRng">
            <dst id="ATLA-M5">238.549333333333</dst>
            <dst id="ATLAng">9772.46933333333</dst>
            <dst id="CHINng">47699.328</dst>
            <dst id="DNVRng">3387.69333333333</dst>
            <dst id="HSTNng">20570.8666666667</dst>
            <dst id="IPLSng">20276.0026666667</dst>
            <dst id="KSCYng">17162.384</dst>
            <dst id="LOSAng">7808.09333333333</dst>
            <dst id="NYCMng">12960.792</dst>
            <dst id="SNVAng">5222.38133333333</dst>
            <dst id="STTLng">7429.208</dst>
            <dst id="WASHng">28233.3706666667</dst>
        </src>
        <src id="HSTNng">
            <dst id="ATLA-M5">186.848</dst>
            <dst id="ATLAng">2425.49333333333</dst>
            <dst id="CHINng">9370.78133333334</dst>
            <dst id="DNVRng">10275.608</dst>
            <dst id="HSTNng">7095.73866666667</dst>
            <dst id="IPLSng">4635.03466666667</dst>
            <dst id="KSCYng">1387.44533333333</dst>
            <dst id="LOSAng">23081.144</dst>
            <dst id="NYCMng">2780.22933333333</dst>
            <dst id="SNVAng">26.6666666666667</dst>
            <dst id="STTLng">1219.86666666667</dst>
            <dst id="WASHng">4206.08266666667</dst>
        </src>
        <src id="IPLSng">
            <dst id="ATLA-M5">163.362666666667</dst>
            <dst id="ATLAng">14759.6826666667</dst>
            <dst id="CHINng">65086.496</dst>
            <dst id="DNVRng">8531.19733333333</dst>
            <dst id="HSTNng">2763.55733333333</dst>
            <dst id="IPLSng">64648.864</dst>
            <dst id="KSCYng">8910.37333333333</dst>
            <dst id="LOSAng">57229.24</dst>
            <dst id="NYCMng">20493.1733333333</dst>
            <dst id="SNVAng">505.853333333333</dst>
            <dst id="STTLng">12715.504</dst>
            <dst id="WASHng">17214.2613333333</dst>
        </src>
        <src id="KSCYng">
            <dst id="ATLA-M5">32.3306666666667</dst>
            <dst id="ATLAng">3217.90133333333</dst>
            <dst id="CHINng">34459.6266666667</dst>
            <dst id="DNVRng">11220.56</dst>
            <dst id="HSTNng">3168.65866666667</dst>
            <dst id="IPLSng">7358.80533333333</dst>
            <dst id="KSCYng">6045.65866666667</dst>
            <dst id="LOSAng">7168.704</dst>
            <dst id="NYCMng">2961.776</dst>
            <dst id="SNVAng">239.765333333333</dst>
            <dst id="STTLng">2437.44266666667</dst>
            <dst id="WASHng">10800.4293333333</dst>
        </src>
        <src id="LOSAng">
            <dst id="ATLA-M5">1013.00266666667</dst>
            <dst id="ATLAng">19321.264</dst>
            <dst id="CHINng">93740.1786666667</dst>
            <dst id="DNVRng">14486.0533333333</dst>
            <dst id="HSTNng">10654.8586666667</dst>
            <dst id="IPLSng">69722.0826666667</dst>
            <dst id="KSCYng">5553.92266666667</dst>
            <dst id="LOSAng">24652.728</dst>
            <dst id="NYCMng">104901.509333333</dst>
            <dst id="SNVAng">11723.6853333333</dst>
            <dst id="STTLng">54168.4906666667</dst>
            <dst id="WASHng">107253.938666667</dst>
        </src>
        <src id="NYCMng">
            <dst id="ATLA-M5">408.053333333333</dst>
            <dst id="ATLAng">44110.2773333333</dst>
            <dst id="CHINng">38326.0053333333</dst>
            <dst id="DNVRng">129270.970666667</dst>
            <dst id="HSTNng">9974.824</dst>
            <dst id="IPLSng">45162.5946666667</dst>
            <dst id="KSCYng">19391.304</dst>
            <dst id="LOSAng">120628.853333333</dst>
            <dst id="NYCMng">76714.3866666667</dst>
            <dst id="SNVAng">9780.49333333334</dst>
            <dst id="STTLng">31604.6986666667</dst>
            <dst id="WASHng">66380.32</dst>
        </src>
        <src id="SNVAng">
            <dst id="ATLA-M5">0</dst>
            <dst id="ATLAng">26.6666666666667</dst>
            <dst id="CHINng">166.498666666667</dst>
            <dst id="DNVRng">7249.98933333333</dst>
            <dst id="HSTNng">53.3333333333333</dst>
            <dst id="IPLSng">284.949333333333</dst>
            <dst id="KSCYng">26.6666666666667</dst>
            <dst id="LOSAng">33441.0186666667</dst>
            <dst id="NYCMng">8224.34133333334</dst>
            <dst id="SNVAng">9404.90133333334</dst>
            <dst id="STTLng">26117.2053333333</dst>
            <dst id="WASHng">362.082666666667</dst>
        </src>
        <src id="STTLng">
            <dst id="ATLA-M5">235.373333333333</dst>
            <dst id="ATLAng">13382.6826666667</dst>
            <dst id="CHINng">14278.784</dst>
            <dst id="DNVRng">3837.89333333333</dst>
            <dst id="HSTNng">3473.37866666667</dst>
            <dst id="IPLSng">7855.136</dst>
            <dst id="KSCYng">2985.256</dst>
            <dst id="LOSAng">28883.728</dst>
            <dst id="NYCMng">11196.2773333333</dst>
            <dst id="SNVAng">2840.64266666667</dst>
            <dst id="STTLng">2292.272</dst>
            <dst id="WASHng">8166.96533333333</dst>
        </src>
        <src id="WASHng">
            <dst id="ATLA-M5">928.445333333333</dst>
            <dst id="ATLAng">118263.866666667</dst>
            <dst id="CHINng">74465.5493333333</dst>
            <dst id="DNVRng">54817.9626666667</dst>
            <dst id="HSTNng">31079.5893333333</dst>
            <dst id="IPLSng">43767.184</dst>
            <dst id="KSCYng">16031.2773333333</dst>
            <dst id="LOSAng">129362.029333333</dst>
            <dst id="NYCMng">122362.578666667</dst>
            <dst id="SNVAng">14232.6933333333</dst>
            <dst id="STTLng">29677.7813333333</dst>
            <dst id="WASHng">214629.538666667</dst>
        </src>
    </IntraTM>
</TrafficMatrixFile>
