<?xml version="1.0" encoding="ISO-8859-1" standalone="yes"?>
<TrafficMatrixFile xsi:noNamespaceSchemaLocation="http://totem.run.montefiore.ulg.ac.be/Schema/TrafficMatrix-v1_2.xsd" xmlns:xsi="http://www.w3.org/2001/XMLSchema-instance">
    <IntraTM ASID="11537">
        <src id="ATLA-M5">
            <dst id="ATLA-M5">155.653333333333</dst>
            <dst id="ATLAng">557.706666666667</dst>
            <dst id="CHINng">666.877333333333</dst>
            <dst id="DNVRng">53.3333333333333</dst>
            <dst id="HSTNng">173.76</dst>
            <dst id="IPLSng">1799.03466666667</dst>
            <dst id="KSCYng">1272.17066666667</dst>
            <dst id="LOSAng">386.498666666667</dst>
            <dst id="NYCMng">154.050666666667</dst>
            <dst id="SNVAng">0</dst>
            <dst id="STTLng">177.213333333333</dst>
            <dst id="WASHng">1280.66666666667</dst>
        </src>
        <src id="ATLAng">
            <dst id="ATLA-M5">400.938666666667</dst>
            <dst id="ATLAng">41042.8826666667</dst>
            <dst id="CHINng">14113.128</dst>
            <dst id="DNVRng">6909.06933333333</dst>
            <dst id="HSTNng">4466.38133333333</dst>
            <dst id="IPLSng">17313.552</dst>
            <dst id="KSCYng">6720.16533333333</dst>
            <dst id="LOSAng">18734.6893333333</dst>
            <dst id="NYCMng">16677.0506666667</dst>
            <dst id="SNVAng">580.596</dst>
            <dst id="STTLng">6711.01333333334</dst>
            <dst id="WASHng">59429.7253333333</dst>
        </src>
        <src id="CHINng">
            <dst id="ATLA-M5">2092.528</dst>
            <dst id="ATLAng">27508.712</dst>
            <dst id="CHINng">135566.914666667</dst>
            <dst id="DNVRng">23565.4666666667</dst>
            <dst id="HSTNng">5935.696</dst>
            <dst id="IPLSng">42499.848</dst>
            <dst id="KSCYng">9497.432</dst>
            <dst id="LOSAng">60943.576</dst>
            <dst id="NYCMng">8870.352</dst>
            <dst id="SNVAng">1949.54133333333</dst>
            <dst id="STTLng">6637.216</dst>
            <dst id="WASHng">33169.2693333333</dst>
        </src>
        <src id="DNVRng">
            <dst id="ATLA-M5">294.066666666667</dst>
            <dst id="ATLAng">29814.9306666667</dst>
            <dst id="CHINng">47191.9413333333</dst>
            <dst id="DNVRng">13467.5573333333</dst>
            <dst id="HSTNng">22534.64</dst>
            <dst id="IPLSng">32664.7626666667</dst>
            <dst id="KSCYng">22463.9146666667</dst>
            <dst id="LOSAng">17418.0026666667</dst>
            <dst id="NYCMng">16033.7333333333</dst>
            <dst id="SNVAng">11559.896</dst>
            <dst id="STTLng">14725.9013333333</dst>
            <dst id="WASHng">34578.7946666667</dst>
        </src>
        <src id="HSTNng">
            <dst id="ATLA-M5">511.824</dst>
            <dst id="ATLAng">4509.53866666667</dst>
            <dst id="CHINng">19246.776</dst>
            <dst id="DNVRng">1945.20266666667</dst>
            <dst id="HSTNng">9044.56266666667</dst>
            <dst id="IPLSng">2763.68</dst>
            <dst id="KSCYng">2795.35733333333</dst>
            <dst id="LOSAng">10465.1173333333</dst>
            <dst id="NYCMng">2691.55733333333</dst>
            <dst id="SNVAng">603.088</dst>
            <dst id="STTLng">1900.832</dst>
            <dst id="WASHng">4733.992</dst>
        </src>
        <src id="IPLSng">
            <dst id="ATLA-M5">208.629333333333</dst>
            <dst id="ATLAng">19078.8773333333</dst>
            <dst id="CHINng">82943.3066666667</dst>
            <dst id="DNVRng">19846.2453333333</dst>
            <dst id="HSTNng">6219.46666666667</dst>
            <dst id="IPLSng">24499.5573333333</dst>
            <dst id="KSCYng">21356.6586666667</dst>
            <dst id="LOSAng">64359.728</dst>
            <dst id="NYCMng">30355.2613333333</dst>
            <dst id="SNVAng">4770.68</dst>
            <dst id="STTLng">8923.752</dst>
            <dst id="WASHng">26480.6213333333</dst>
        </src>
        <src id="KSCYng">
            <dst id="ATLA-M5">408.986666666667</dst>
            <dst id="ATLAng">3975.16</dst>
            <dst id="CHINng">30376.6346666667</dst>
            <dst id="DNVRng">13133.256</dst>
            <dst id="HSTNng">5123.944</dst>
            <dst id="IPLSng">13384.3786666667</dst>
            <dst id="KSCYng">8595.344</dst>
            <dst id="LOSAng">9335.216</dst>
            <dst id="NYCMng">11024.1813333333</dst>
            <dst id="SNVAng">461.829333333333</dst>
            <dst id="STTLng">4159.51466666667</dst>
            <dst id="WASHng">9998.42933333333</dst>
        </src>
        <src id="LOSAng">
            <dst id="ATLA-M5">5255.84266666667</dst>
            <dst id="ATLAng">36619.984</dst>
            <dst id="CHINng">116195.853333333</dst>
            <dst id="DNVRng">21069.44</dst>
            <dst id="HSTNng">15286.2906666667</dst>
            <dst id="IPLSng">38199.4373333333</dst>
            <dst id="KSCYng">11570.7146666667</dst>
            <dst id="LOSAng">10651.8026666667</dst>
            <dst id="NYCMng">88498.992</dst>
            <dst id="SNVAng">13671.84</dst>
            <dst id="STTLng">42969.064</dst>
            <dst id="WASHng">125700.072</dst>
        </src>
        <src id="NYCMng">
            <dst id="ATLA-M5">881.322666666667</dst>
            <dst id="ATLAng">58330.9493333333</dst>
            <dst id="CHINng">68808.8266666667</dst>
            <dst id="DNVRng">126579.581333333</dst>
            <dst id="HSTNng">10507.0026666667</dst>
            <dst id="IPLSng">46807.8613333333</dst>
            <dst id="KSCYng">27626.7786666667</dst>
            <dst id="LOSAng">92480.3413333333</dst>
            <dst id="NYCMng">133757.584</dst>
            <dst id="SNVAng">6269.112</dst>
            <dst id="STTLng">25646.824</dst>
            <dst id="WASHng">103154.773333333</dst>
        </src>
        <src id="SNVAng">
            <dst id="ATLA-M5">0</dst>
            <dst id="ATLAng">182.522666666667</dst>
            <dst id="CHINng">585.424</dst>
            <dst id="DNVRng">9415.49066666667</dst>
            <dst id="HSTNng">1860.83733333333</dst>
            <dst id="IPLSng">2193.81866666667</dst>
            <dst id="KSCYng">112.576</dst>
            <dst id="LOSAng">39105.9413333333</dst>
            <dst id="NYCMng">8980.11466666667</dst>
            <dst id="SNVAng">10432.304</dst>
            <dst id="STTLng">27211.2373333333</dst>
            <dst id="WASHng">284.906666666667</dst>
        </src>
        <src id="STTLng">
            <dst id="ATLA-M5">361.882666666667</dst>
            <dst id="ATLAng">15585.8266666667</dst>
            <dst id="CHINng">28274.92</dst>
            <dst id="DNVRng">7652.33066666666</dst>
            <dst id="HSTNng">5607.58133333333</dst>
            <dst id="IPLSng">15029.2053333333</dst>
            <dst id="KSCYng">14476.288</dst>
            <dst id="LOSAng">32780.7013333333</dst>
            <dst id="NYCMng">12034.696</dst>
            <dst id="SNVAng">5456.09333333333</dst>
            <dst id="STTLng">6049.06666666667</dst>
            <dst id="WASHng">19912.0773333333</dst>
        </src>
        <src id="WASHng">
            <dst id="ATLA-M5">1381.056</dst>
            <dst id="ATLAng">128954.938666667</dst>
            <dst id="CHINng">90325.232</dst>
            <dst id="DNVRng">72867.1413333333</dst>
            <dst id="HSTNng">22211.2746666667</dst>
            <dst id="IPLSng">70036.3413333333</dst>
            <dst id="KSCYng">37217.1173333333</dst>
            <dst id="LOSAng">135051.088</dst>
            <dst id="NYCMng">246318.746666667</dst>
            <dst id="SNVAng">4898.70133333333</dst>
            <dst id="STTLng">39139.2906666667</dst>
            <dst id="WASHng">290037.013333333</dst>
        </src>
    </IntraTM>
</TrafficMatrixFile>
