<?xml version="1.0" encoding="ISO-8859-1" standalone="yes"?>
<TrafficMatrixFile xsi:noNamespaceSchemaLocation="http://totem.run.montefiore.ulg.ac.be/Schema/TrafficMatrix-v1_2.xsd" xmlns:xsi="http://www.w3.org/2001/XMLSchema-instance">
    <IntraTM ASID="11537">
        <src id="ATLA-M5">
            <dst id="ATLA-M5">0</dst>
            <dst id="ATLAng">53.888</dst>
            <dst id="CHINng">168.570666666667</dst>
            <dst id="DNVRng">26.6666666666667</dst>
            <dst id="HSTNng">72.88</dst>
            <dst id="IPLSng">0</dst>
            <dst id="KSCYng">0</dst>
            <dst id="LOSAng">227.232</dst>
            <dst id="NYCMng">26.6666666666667</dst>
            <dst id="SNVAng">0</dst>
            <dst id="STTLng">53.3333333333333</dst>
            <dst id="WASHng">1623.008</dst>
        </src>
        <src id="ATLAng">
            <dst id="ATLA-M5">1627.072</dst>
            <dst id="ATLAng">32830.8746666667</dst>
            <dst id="CHINng">5799.296</dst>
            <dst id="DNVRng">3682.86933333333</dst>
            <dst id="HSTNng">783.589333333333</dst>
            <dst id="IPLSng">14470.112</dst>
            <dst id="KSCYng">683.418666666667</dst>
            <dst id="LOSAng">15538.932</dst>
            <dst id="NYCMng">5118.74133333333</dst>
            <dst id="SNVAng">96.412</dst>
            <dst id="STTLng">3957.47733333333</dst>
            <dst id="WASHng">48090.648</dst>
        </src>
        <src id="CHINng">
            <dst id="ATLA-M5">986.232</dst>
            <dst id="ATLAng">35744.5733333333</dst>
            <dst id="CHINng">80953.8453333333</dst>
            <dst id="DNVRng">12678.2426666667</dst>
            <dst id="HSTNng">8312.936</dst>
            <dst id="IPLSng">17077.784</dst>
            <dst id="KSCYng">8483.696</dst>
            <dst id="LOSAng">68605.1973333333</dst>
            <dst id="NYCMng">8869.86933333333</dst>
            <dst id="SNVAng">134.186666666667</dst>
            <dst id="STTLng">5404.688</dst>
            <dst id="WASHng">12154.2</dst>
        </src>
        <src id="DNVRng">
            <dst id="ATLA-M5">62.9866666666667</dst>
            <dst id="ATLAng">3075.91466666667</dst>
            <dst id="CHINng">55381.96</dst>
            <dst id="DNVRng">14755.1066666667</dst>
            <dst id="HSTNng">24216.9146666667</dst>
            <dst id="IPLSng">25092.0693333333</dst>
            <dst id="KSCYng">33521.4133333333</dst>
            <dst id="LOSAng">15112.768</dst>
            <dst id="NYCMng">14998.072</dst>
            <dst id="SNVAng">9379.384</dst>
            <dst id="STTLng">10159.704</dst>
            <dst id="WASHng">38848.9093333333</dst>
        </src>
        <src id="HSTNng">
            <dst id="ATLA-M5">4164.73866666667</dst>
            <dst id="ATLAng">19175.5573333333</dst>
            <dst id="CHINng">13813.5413333333</dst>
            <dst id="DNVRng">1670.37066666667</dst>
            <dst id="HSTNng">4795.224</dst>
            <dst id="IPLSng">124.672</dst>
            <dst id="KSCYng">1164.46133333333</dst>
            <dst id="LOSAng">10957.1226666667</dst>
            <dst id="NYCMng">1885.85333333333</dst>
            <dst id="SNVAng">0</dst>
            <dst id="STTLng">2129.944</dst>
            <dst id="WASHng">3015.16533333333</dst>
        </src>
        <src id="IPLSng">
            <dst id="ATLA-M5">0</dst>
            <dst id="ATLAng">9024.68533333333</dst>
            <dst id="CHINng">73793.4106666666</dst>
            <dst id="DNVRng">3738.02666666667</dst>
            <dst id="HSTNng">1545.66133333333</dst>
            <dst id="IPLSng">19969.7706666667</dst>
            <dst id="KSCYng">1958.14666666667</dst>
            <dst id="LOSAng">54903.6266666667</dst>
            <dst id="NYCMng">29595.896</dst>
            <dst id="SNVAng">971.693333333333</dst>
            <dst id="STTLng">12948.9813333333</dst>
            <dst id="WASHng">8189.30666666667</dst>
        </src>
        <src id="KSCYng">
            <dst id="ATLA-M5">0</dst>
            <dst id="ATLAng">993.248</dst>
            <dst id="CHINng">20201.2053333333</dst>
            <dst id="DNVRng">14788.9146666667</dst>
            <dst id="HSTNng">2724.256</dst>
            <dst id="IPLSng">20876.7573333333</dst>
            <dst id="KSCYng">3240.10933333333</dst>
            <dst id="LOSAng">7401.04</dst>
            <dst id="NYCMng">5232.792</dst>
            <dst id="SNVAng">120.064</dst>
            <dst id="STTLng">2012.48266666667</dst>
            <dst id="WASHng">7073.47733333333</dst>
        </src>
        <src id="LOSAng">
            <dst id="ATLA-M5">418.154666666667</dst>
            <dst id="ATLAng">40526.4746666667</dst>
            <dst id="CHINng">109059.170666667</dst>
            <dst id="DNVRng">8382.63733333333</dst>
            <dst id="HSTNng">4172.88533333333</dst>
            <dst id="IPLSng">18547.7333333333</dst>
            <dst id="KSCYng">3860.22933333333</dst>
            <dst id="LOSAng">22616.008</dst>
            <dst id="NYCMng">60504.9786666666</dst>
            <dst id="SNVAng">9654.728</dst>
            <dst id="STTLng">39526.6133333333</dst>
            <dst id="WASHng">110003.578666667</dst>
        </src>
        <src id="NYCMng">
            <dst id="ATLA-M5">703.333333333333</dst>
            <dst id="ATLAng">31916.4133333333</dst>
            <dst id="CHINng">58986.808</dst>
            <dst id="DNVRng">23301.8506666667</dst>
            <dst id="HSTNng">7301.02666666667</dst>
            <dst id="IPLSng">28525.832</dst>
            <dst id="KSCYng">5427.66133333333</dst>
            <dst id="LOSAng">81197.3573333333</dst>
            <dst id="NYCMng">119236.069333333</dst>
            <dst id="SNVAng">2543.088</dst>
            <dst id="STTLng">28407.872</dst>
            <dst id="WASHng">79783.288</dst>
        </src>
        <src id="SNVAng">
            <dst id="ATLA-M5">0</dst>
            <dst id="ATLAng">27.968</dst>
            <dst id="CHINng">303.688</dst>
            <dst id="DNVRng">700.024</dst>
            <dst id="HSTNng">95.648</dst>
            <dst id="IPLSng">1190.58133333333</dst>
            <dst id="KSCYng">93.9866666666667</dst>
            <dst id="LOSAng">43963.5893333333</dst>
            <dst id="NYCMng">499.610666666667</dst>
            <dst id="SNVAng">7786.11733333333</dst>
            <dst id="STTLng">21973.04</dst>
            <dst id="WASHng">26.6666666666667</dst>
        </src>
        <src id="STTLng">
            <dst id="ATLA-M5">26.6666666666667</dst>
            <dst id="ATLAng">8296.63733333333</dst>
            <dst id="CHINng">30352.3573333333</dst>
            <dst id="DNVRng">1679.37333333333</dst>
            <dst id="HSTNng">2110.096</dst>
            <dst id="IPLSng">9308.832</dst>
            <dst id="KSCYng">2303.74666666667</dst>
            <dst id="LOSAng">33816.4186666667</dst>
            <dst id="NYCMng">10492.7893333333</dst>
            <dst id="SNVAng">3849.22933333333</dst>
            <dst id="STTLng">2839.256</dst>
            <dst id="WASHng">8261.92266666667</dst>
        </src>
        <src id="WASHng">
            <dst id="ATLA-M5">158.373333333333</dst>
            <dst id="ATLAng">87884.52</dst>
            <dst id="CHINng">85236.072</dst>
            <dst id="DNVRng">58145.5146666667</dst>
            <dst id="HSTNng">24923.7493333333</dst>
            <dst id="IPLSng">28747.5946666667</dst>
            <dst id="KSCYng">8351.832</dst>
            <dst id="LOSAng">139401.653333333</dst>
            <dst id="NYCMng">98859.272</dst>
            <dst id="SNVAng">316.306666666667</dst>
            <dst id="STTLng">34335.376</dst>
            <dst id="WASHng">255524.410666667</dst>
        </src>
    </IntraTM>
</TrafficMatrixFile>
