<?xml version="1.0" encoding="ISO-8859-1" standalone="yes"?>
<TrafficMatrixFile xsi:noNamespaceSchemaLocation="http://totem.run.montefiore.ulg.ac.be/Schema/TrafficMatrix-v1_2.xsd" xmlns:xsi="http://www.w3.org/2001/XMLSchema-instance">
    <IntraTM ASID="11537">
        <src id="ATLA-M5">
            <dst id="ATLA-M5">26.6666666666667</dst>
            <dst id="ATLAng">652.517333333333</dst>
            <dst id="CHINng">426.656</dst>
            <dst id="DNVRng">0</dst>
            <dst id="HSTNng">157.029333333333</dst>
            <dst id="IPLSng">53.3333333333333</dst>
            <dst id="KSCYng">1439.312</dst>
            <dst id="LOSAng">53.3333333333333</dst>
            <dst id="NYCMng">26.6666666666667</dst>
            <dst id="SNVAng">0</dst>
            <dst id="STTLng">80</dst>
            <dst id="WASHng">1272.064</dst>
        </src>
        <src id="ATLAng">
            <dst id="ATLA-M5">130.301333333333</dst>
            <dst id="ATLAng">38533.6266666667</dst>
            <dst id="CHINng">6732.74133333333</dst>
            <dst id="DNVRng">11262.784</dst>
            <dst id="HSTNng">1896.26133333333</dst>
            <dst id="IPLSng">11759.272</dst>
            <dst id="KSCYng">6907.80266666667</dst>
            <dst id="LOSAng">20934.78</dst>
            <dst id="NYCMng">4658.368</dst>
            <dst id="SNVAng">322.646666666667</dst>
            <dst id="STTLng">5531.06133333333</dst>
            <dst id="WASHng">27137.32</dst>
        </src>
        <src id="CHINng">
            <dst id="ATLA-M5">53.3333333333333</dst>
            <dst id="ATLAng">22757.1546666667</dst>
            <dst id="CHINng">69922.8133333333</dst>
            <dst id="DNVRng">21881.504</dst>
            <dst id="HSTNng">6297.984</dst>
            <dst id="IPLSng">52712.0266666667</dst>
            <dst id="KSCYng">5021.48</dst>
            <dst id="LOSAng">52834.712</dst>
            <dst id="NYCMng">9207.776</dst>
            <dst id="SNVAng">2313.64533333333</dst>
            <dst id="STTLng">14809.104</dst>
            <dst id="WASHng">18079.0693333333</dst>
        </src>
        <src id="DNVRng">
            <dst id="ATLA-M5">195.093333333333</dst>
            <dst id="ATLAng">8842.736</dst>
            <dst id="CHINng">47271.7893333333</dst>
            <dst id="DNVRng">10672.432</dst>
            <dst id="HSTNng">23016.5546666667</dst>
            <dst id="IPLSng">23517.6533333333</dst>
            <dst id="KSCYng">28209.3253333333</dst>
            <dst id="LOSAng">12770.864</dst>
            <dst id="NYCMng">20019.552</dst>
            <dst id="SNVAng">8295.77866666667</dst>
            <dst id="STTLng">27709.2853333333</dst>
            <dst id="WASHng">30873.5893333333</dst>
        </src>
        <src id="HSTNng">
            <dst id="ATLA-M5">3747.57333333333</dst>
            <dst id="ATLAng">26102.3866666667</dst>
            <dst id="CHINng">11047.2106666667</dst>
            <dst id="DNVRng">2435.344</dst>
            <dst id="HSTNng">12693.288</dst>
            <dst id="IPLSng">8073.82666666667</dst>
            <dst id="KSCYng">2152.40266666667</dst>
            <dst id="LOSAng">17591.12</dst>
            <dst id="NYCMng">1008.40266666667</dst>
            <dst id="SNVAng">0</dst>
            <dst id="STTLng">1375.29066666667</dst>
            <dst id="WASHng">5962.29066666667</dst>
        </src>
        <src id="IPLSng">
            <dst id="ATLA-M5">94.9333333333333</dst>
            <dst id="ATLAng">11862.4133333333</dst>
            <dst id="CHINng">66811.1653333333</dst>
            <dst id="DNVRng">5281.96</dst>
            <dst id="HSTNng">3689.72533333333</dst>
            <dst id="IPLSng">68645.1733333333</dst>
            <dst id="KSCYng">3148.77066666667</dst>
            <dst id="LOSAng">53747.0133333333</dst>
            <dst id="NYCMng">21042.2693333333</dst>
            <dst id="SNVAng">2112.79733333333</dst>
            <dst id="STTLng">13592.784</dst>
            <dst id="WASHng">17438.384</dst>
        </src>
        <src id="KSCYng">
            <dst id="ATLA-M5">31.7893333333333</dst>
            <dst id="ATLAng">3669.64533333333</dst>
            <dst id="CHINng">56089.16</dst>
            <dst id="DNVRng">11996.208</dst>
            <dst id="HSTNng">9468.43466666667</dst>
            <dst id="IPLSng">15670.2106666667</dst>
            <dst id="KSCYng">4830.04533333333</dst>
            <dst id="LOSAng">8148.92266666667</dst>
            <dst id="NYCMng">3427.65866666667</dst>
            <dst id="SNVAng">502.4</dst>
            <dst id="STTLng">1504.68533333333</dst>
            <dst id="WASHng">6929.99733333333</dst>
        </src>
        <src id="LOSAng">
            <dst id="ATLA-M5">26.6666666666667</dst>
            <dst id="ATLAng">21789.6666666667</dst>
            <dst id="CHINng">97137.288</dst>
            <dst id="DNVRng">11153.024</dst>
            <dst id="HSTNng">7062.24266666667</dst>
            <dst id="IPLSng">62277.504</dst>
            <dst id="KSCYng">6689.26933333333</dst>
            <dst id="LOSAng">17980.6453333333</dst>
            <dst id="NYCMng">74649.3386666667</dst>
            <dst id="SNVAng">9129.744</dst>
            <dst id="STTLng">54462.7306666667</dst>
            <dst id="WASHng">101949.434666667</dst>
        </src>
        <src id="NYCMng">
            <dst id="ATLA-M5">287.370666666667</dst>
            <dst id="ATLAng">45534.152</dst>
            <dst id="CHINng">38512.608</dst>
            <dst id="DNVRng">124637.013333333</dst>
            <dst id="HSTNng">5617.82133333333</dst>
            <dst id="IPLSng">59276.3733333333</dst>
            <dst id="KSCYng">13931.3066666667</dst>
            <dst id="LOSAng">106340.194666667</dst>
            <dst id="NYCMng">78062.7893333333</dst>
            <dst id="SNVAng">4194.368</dst>
            <dst id="STTLng">27486.6533333333</dst>
            <dst id="WASHng">75645.0533333333</dst>
        </src>
        <src id="SNVAng">
            <dst id="ATLA-M5">0</dst>
            <dst id="ATLAng">92.3946666666667</dst>
            <dst id="CHINng">194.813333333333</dst>
            <dst id="DNVRng">14730.8426666667</dst>
            <dst id="HSTNng">93.6106666666667</dst>
            <dst id="IPLSng">315.178666666667</dst>
            <dst id="KSCYng">41.1866666666667</dst>
            <dst id="LOSAng">38026.5733333333</dst>
            <dst id="NYCMng">188.245333333333</dst>
            <dst id="SNVAng">7185.21333333333</dst>
            <dst id="STTLng">25109.7173333333</dst>
            <dst id="WASHng">115.050666666667</dst>
        </src>
        <src id="STTLng">
            <dst id="ATLA-M5">26.6666666666667</dst>
            <dst id="ATLAng">10996.2453333333</dst>
            <dst id="CHINng">14438.5066666667</dst>
            <dst id="DNVRng">3155.82933333333</dst>
            <dst id="HSTNng">2689.89866666667</dst>
            <dst id="IPLSng">7971.288</dst>
            <dst id="KSCYng">2475.072</dst>
            <dst id="LOSAng">30121.8186666667</dst>
            <dst id="NYCMng">8824.568</dst>
            <dst id="SNVAng">3458.18133333333</dst>
            <dst id="STTLng">6353.18666666667</dst>
            <dst id="WASHng">7898.66933333334</dst>
        </src>
        <src id="WASHng">
            <dst id="ATLA-M5">1162.512</dst>
            <dst id="ATLAng">61673.2773333333</dst>
            <dst id="CHINng">84142.0506666667</dst>
            <dst id="DNVRng">76345.0613333333</dst>
            <dst id="HSTNng">37543.304</dst>
            <dst id="IPLSng">47330.2986666667</dst>
            <dst id="KSCYng">13598.8106666667</dst>
            <dst id="LOSAng">121309.493333333</dst>
            <dst id="NYCMng">131586.672</dst>
            <dst id="SNVAng">8351.016</dst>
            <dst id="STTLng">28912.112</dst>
            <dst id="WASHng">228610.090666667</dst>
        </src>
    </IntraTM>
</TrafficMatrixFile>
