<?xml version="1.0" encoding="ISO-8859-1" standalone="yes"?>
<TrafficMatrixFile xsi:noNamespaceSchemaLocation="http://totem.run.montefiore.ulg.ac.be/Schema/TrafficMatrix-v1_2.xsd" xmlns:xsi="http://www.w3.org/2001/XMLSchema-instance">
    <IntraTM ASID="11537">
        <src id="ATLA-M5">
            <dst id="ATLA-M5">0</dst>
            <dst id="ATLAng">26.6666666666667</dst>
            <dst id="CHINng">30.92</dst>
            <dst id="DNVRng">0</dst>
            <dst id="HSTNng">26.6666666666667</dst>
            <dst id="IPLSng">26.6666666666667</dst>
            <dst id="KSCYng">0</dst>
            <dst id="LOSAng">66.848</dst>
            <dst id="NYCMng">26.6666666666667</dst>
            <dst id="SNVAng">0</dst>
            <dst id="STTLng">0</dst>
            <dst id="WASHng">333.642666666667</dst>
        </src>
        <src id="ATLAng">
            <dst id="ATLA-M5">122.250666666667</dst>
            <dst id="ATLAng">23122.0666666667</dst>
            <dst id="CHINng">5087.96266666667</dst>
            <dst id="DNVRng">13382.7093333333</dst>
            <dst id="HSTNng">469.453333333333</dst>
            <dst id="IPLSng">16802.1573333333</dst>
            <dst id="KSCYng">467.045333333333</dst>
            <dst id="LOSAng">16986.0266666667</dst>
            <dst id="NYCMng">6360.56266666667</dst>
            <dst id="SNVAng">26.6666666666667</dst>
            <dst id="STTLng">4326.51733333333</dst>
            <dst id="WASHng">48332.9306666667</dst>
        </src>
        <src id="CHINng">
            <dst id="ATLA-M5">26.6666666666667</dst>
            <dst id="ATLAng">5201.13066666667</dst>
            <dst id="CHINng">137197.394666667</dst>
            <dst id="DNVRng">8293.96533333333</dst>
            <dst id="HSTNng">3011.85333333333</dst>
            <dst id="IPLSng">19229.848</dst>
            <dst id="KSCYng">14498.8826666667</dst>
            <dst id="LOSAng">56644.3493333333</dst>
            <dst id="NYCMng">11924.8853333333</dst>
            <dst id="SNVAng">340.970666666667</dst>
            <dst id="STTLng">6056.28</dst>
            <dst id="WASHng">11222.9306666667</dst>
        </src>
        <src id="DNVRng">
            <dst id="ATLA-M5">92.96</dst>
            <dst id="ATLAng">6815.82933333333</dst>
            <dst id="CHINng">54569.8666666667</dst>
            <dst id="DNVRng">25607.744</dst>
            <dst id="HSTNng">25590.008</dst>
            <dst id="IPLSng">23609.7066666667</dst>
            <dst id="KSCYng">23823.4613333333</dst>
            <dst id="LOSAng">17287.2186666667</dst>
            <dst id="NYCMng">18996.1253333333</dst>
            <dst id="SNVAng">14700.4746666667</dst>
            <dst id="STTLng">18226.2346666667</dst>
            <dst id="WASHng">32404.0346666667</dst>
        </src>
        <src id="HSTNng">
            <dst id="ATLA-M5">1067.616</dst>
            <dst id="ATLAng">2434.864</dst>
            <dst id="CHINng">16430.7973333333</dst>
            <dst id="DNVRng">7385.07466666667</dst>
            <dst id="HSTNng">2895.76266666667</dst>
            <dst id="IPLSng">416.338666666667</dst>
            <dst id="KSCYng">1133.54666666667</dst>
            <dst id="LOSAng">10469.5493333333</dst>
            <dst id="NYCMng">2910.98666666667</dst>
            <dst id="SNVAng">0</dst>
            <dst id="STTLng">3282.856</dst>
            <dst id="WASHng">1355.43466666667</dst>
        </src>
        <src id="IPLSng">
            <dst id="ATLA-M5">67.8853333333333</dst>
            <dst id="ATLAng">10635.7733333333</dst>
            <dst id="CHINng">69558.216</dst>
            <dst id="DNVRng">4559.52</dst>
            <dst id="HSTNng">900.978666666667</dst>
            <dst id="IPLSng">34062.1333333333</dst>
            <dst id="KSCYng">2212.936</dst>
            <dst id="LOSAng">38192.2773333333</dst>
            <dst id="NYCMng">9758.368</dst>
            <dst id="SNVAng">253.669333333333</dst>
            <dst id="STTLng">10738.3253333333</dst>
            <dst id="WASHng">17327.616</dst>
        </src>
        <src id="KSCYng">
            <dst id="ATLA-M5">26.6666666666667</dst>
            <dst id="ATLAng">1498.368</dst>
            <dst id="CHINng">18360.8586666667</dst>
            <dst id="DNVRng">13614.416</dst>
            <dst id="HSTNng">2856.752</dst>
            <dst id="IPLSng">14932.0586666667</dst>
            <dst id="KSCYng">8538.69066666666</dst>
            <dst id="LOSAng">8091.13066666667</dst>
            <dst id="NYCMng">8431.904</dst>
            <dst id="SNVAng">1558.05066666667</dst>
            <dst id="STTLng">3461.92</dst>
            <dst id="WASHng">6646.024</dst>
        </src>
        <src id="LOSAng">
            <dst id="ATLA-M5">37.4026666666667</dst>
            <dst id="ATLAng">18904.896</dst>
            <dst id="CHINng">129438.8</dst>
            <dst id="DNVRng">14198.8506666667</dst>
            <dst id="HSTNng">6486.34133333333</dst>
            <dst id="IPLSng">32389.8746666667</dst>
            <dst id="KSCYng">5586.984</dst>
            <dst id="LOSAng">18140.568</dst>
            <dst id="NYCMng">52260.0213333333</dst>
            <dst id="SNVAng">7848.96533333333</dst>
            <dst id="STTLng">42743.7866666667</dst>
            <dst id="WASHng">90451.688</dst>
        </src>
        <src id="NYCMng">
            <dst id="ATLA-M5">513.442666666667</dst>
            <dst id="ATLAng">26286.7333333333</dst>
            <dst id="CHINng">52137.7733333333</dst>
            <dst id="DNVRng">118763.504</dst>
            <dst id="HSTNng">4474.18933333333</dst>
            <dst id="IPLSng">23571.584</dst>
            <dst id="KSCYng">14825.064</dst>
            <dst id="LOSAng">84092.1066666667</dst>
            <dst id="NYCMng">83384.8106666667</dst>
            <dst id="SNVAng">1757.296</dst>
            <dst id="STTLng">28891.4826666667</dst>
            <dst id="WASHng">52079.5066666667</dst>
        </src>
        <src id="SNVAng">
            <dst id="ATLA-M5">0</dst>
            <dst id="ATLAng">26.6666666666667</dst>
            <dst id="CHINng">405.546666666667</dst>
            <dst id="DNVRng">227.224</dst>
            <dst id="HSTNng">80.1706666666667</dst>
            <dst id="IPLSng">225.04</dst>
            <dst id="KSCYng">26.6666666666667</dst>
            <dst id="LOSAng">31320.1733333333</dst>
            <dst id="NYCMng">201.002666666667</dst>
            <dst id="SNVAng">10507.8586666667</dst>
            <dst id="STTLng">28918.6</dst>
            <dst id="WASHng">80</dst>
        </src>
        <src id="STTLng">
            <dst id="ATLA-M5">0</dst>
            <dst id="ATLAng">7657.60533333334</dst>
            <dst id="CHINng">33214.3253333333</dst>
            <dst id="DNVRng">2203.472</dst>
            <dst id="HSTNng">540.856</dst>
            <dst id="IPLSng">6971.69866666667</dst>
            <dst id="KSCYng">6465.21866666667</dst>
            <dst id="LOSAng">23727.9946666667</dst>
            <dst id="NYCMng">10762.384</dst>
            <dst id="SNVAng">8043.72266666667</dst>
            <dst id="STTLng">5787.44</dst>
            <dst id="WASHng">4076.99466666667</dst>
        </src>
        <src id="WASHng">
            <dst id="ATLA-M5">53.3333333333333</dst>
            <dst id="ATLAng">121136.056</dst>
            <dst id="CHINng">78579.1413333333</dst>
            <dst id="DNVRng">51573.48</dst>
            <dst id="HSTNng">25217.488</dst>
            <dst id="IPLSng">50850.512</dst>
            <dst id="KSCYng">23861.9066666667</dst>
            <dst id="LOSAng">105808.008</dst>
            <dst id="NYCMng">112600.938666667</dst>
            <dst id="SNVAng">4648.78933333333</dst>
            <dst id="STTLng">19946.744</dst>
            <dst id="WASHng">260312.968</dst>
        </src>
    </IntraTM>
</TrafficMatrixFile>
