<?xml version="1.0" encoding="ISO-8859-1" standalone="yes"?>
<TrafficMatrixFile xsi:noNamespaceSchemaLocation="http://totem.run.montefiore.ulg.ac.be/Schema/TrafficMatrix-v1_2.xsd" xmlns:xsi="http://www.w3.org/2001/XMLSchema-instance">
    <IntraTM ASID="11537">
        <src id="ATLA-M5">
            <dst id="ATLA-M5">139.936</dst>
            <dst id="ATLAng">186.666666666667</dst>
            <dst id="CHINng">650.968</dst>
            <dst id="DNVRng">53.3333333333333</dst>
            <dst id="HSTNng">167.682666666667</dst>
            <dst id="IPLSng">305.274666666667</dst>
            <dst id="KSCYng">123.434666666667</dst>
            <dst id="LOSAng">458.394666666667</dst>
            <dst id="NYCMng">28.1626666666667</dst>
            <dst id="SNVAng">13.3333333333333</dst>
            <dst id="STTLng">214.544</dst>
            <dst id="WASHng">949.264</dst>
        </src>
        <src id="ATLAng">
            <dst id="ATLA-M5">325.754666666667</dst>
            <dst id="ATLAng">37731.3093333333</dst>
            <dst id="CHINng">16276.6106666667</dst>
            <dst id="DNVRng">9455.824</dst>
            <dst id="HSTNng">3593.368</dst>
            <dst id="IPLSng">18775.0826666667</dst>
            <dst id="KSCYng">2940.68533333333</dst>
            <dst id="LOSAng">13194.232</dst>
            <dst id="NYCMng">15275.5093333333</dst>
            <dst id="SNVAng">864.090666666667</dst>
            <dst id="STTLng">5040.77066666667</dst>
            <dst id="WASHng">63992.4586666667</dst>
        </src>
        <src id="CHINng">
            <dst id="ATLA-M5">593.837333333333</dst>
            <dst id="ATLAng">16773.9386666667</dst>
            <dst id="CHINng">146238.76</dst>
            <dst id="DNVRng">12698.3013333333</dst>
            <dst id="HSTNng">9981.78666666667</dst>
            <dst id="IPLSng">37816.8586666667</dst>
            <dst id="KSCYng">14695.5386666667</dst>
            <dst id="LOSAng">43837.216</dst>
            <dst id="NYCMng">12192.0426666667</dst>
            <dst id="SNVAng">893.221333333333</dst>
            <dst id="STTLng">7632.18933333333</dst>
            <dst id="WASHng">27974.2666666667</dst>
        </src>
        <src id="DNVRng">
            <dst id="ATLA-M5">26.6666666666667</dst>
            <dst id="ATLAng">7927.34933333333</dst>
            <dst id="CHINng">51102.032</dst>
            <dst id="DNVRng">17096.352</dst>
            <dst id="HSTNng">35718.3306666667</dst>
            <dst id="IPLSng">26665.7973333333</dst>
            <dst id="KSCYng">30840.6506666667</dst>
            <dst id="LOSAng">11768.816</dst>
            <dst id="NYCMng">16557.0053333333</dst>
            <dst id="SNVAng">45028.6453333333</dst>
            <dst id="STTLng">18318.776</dst>
            <dst id="WASHng">53748.7813333333</dst>
        </src>
        <src id="HSTNng">
            <dst id="ATLA-M5">3296.648</dst>
            <dst id="ATLAng">5361.112</dst>
            <dst id="CHINng">41865.9653333333</dst>
            <dst id="DNVRng">9807.52266666667</dst>
            <dst id="HSTNng">6260.68266666667</dst>
            <dst id="IPLSng">4865.66933333333</dst>
            <dst id="KSCYng">7878.45333333333</dst>
            <dst id="LOSAng">10702.552</dst>
            <dst id="NYCMng">3484.30933333333</dst>
            <dst id="SNVAng">330.586666666667</dst>
            <dst id="STTLng">2199.17066666667</dst>
            <dst id="WASHng">8596.576</dst>
        </src>
        <src id="IPLSng">
            <dst id="ATLA-M5">175.824</dst>
            <dst id="ATLAng">35371.224</dst>
            <dst id="CHINng">111171.6</dst>
            <dst id="DNVRng">13327.9493333333</dst>
            <dst id="HSTNng">6004.21066666667</dst>
            <dst id="IPLSng">33796.0693333333</dst>
            <dst id="KSCYng">7715.01866666667</dst>
            <dst id="LOSAng">35588.6026666667</dst>
            <dst id="NYCMng">37815.3013333333</dst>
            <dst id="SNVAng">785.637333333333</dst>
            <dst id="STTLng">7906.77866666667</dst>
            <dst id="WASHng">20897.2586666667</dst>
        </src>
        <src id="KSCYng">
            <dst id="ATLA-M5">53.3333333333333</dst>
            <dst id="ATLAng">3845.984</dst>
            <dst id="CHINng">22101.8213333333</dst>
            <dst id="DNVRng">13573.1333333333</dst>
            <dst id="HSTNng">6087.064</dst>
            <dst id="IPLSng">15450.3386666667</dst>
            <dst id="KSCYng">7527.88266666667</dst>
            <dst id="LOSAng">8599.48</dst>
            <dst id="NYCMng">2928.69333333333</dst>
            <dst id="SNVAng">574.832</dst>
            <dst id="STTLng">2413.22133333333</dst>
            <dst id="WASHng">12560.4106666667</dst>
        </src>
        <src id="LOSAng">
            <dst id="ATLA-M5">1634.05066666667</dst>
            <dst id="ATLAng">31610.9626666667</dst>
            <dst id="CHINng">173636.610666667</dst>
            <dst id="DNVRng">40175.4986666667</dst>
            <dst id="HSTNng">11341.3786666667</dst>
            <dst id="IPLSng">42944.7173333333</dst>
            <dst id="KSCYng">17388.2453333333</dst>
            <dst id="LOSAng">18688.688</dst>
            <dst id="NYCMng">63704.9946666667</dst>
            <dst id="SNVAng">20382.8106666667</dst>
            <dst id="STTLng">40122.464</dst>
            <dst id="WASHng">113464.877333333</dst>
        </src>
        <src id="NYCMng">
            <dst id="ATLA-M5">620.757333333333</dst>
            <dst id="ATLAng">65985.0426666667</dst>
            <dst id="CHINng">55976.5493333333</dst>
            <dst id="DNVRng">33530.1253333333</dst>
            <dst id="HSTNng">17605.5386666667</dst>
            <dst id="IPLSng">62762.4186666667</dst>
            <dst id="KSCYng">24701.6373333333</dst>
            <dst id="LOSAng">55533.9333333333</dst>
            <dst id="NYCMng">142054.282666667</dst>
            <dst id="SNVAng">3454.12266666667</dst>
            <dst id="STTLng">25146.8293333333</dst>
            <dst id="WASHng">79234.2826666667</dst>
        </src>
        <src id="SNVAng">
            <dst id="ATLA-M5">0</dst>
            <dst id="ATLAng">255.869333333333</dst>
            <dst id="CHINng">3621.02666666667</dst>
            <dst id="DNVRng">28400.52</dst>
            <dst id="HSTNng">139.133333333333</dst>
            <dst id="IPLSng">7333.464</dst>
            <dst id="KSCYng">243.157333333333</dst>
            <dst id="LOSAng">30941.992</dst>
            <dst id="NYCMng">1869.46933333333</dst>
            <dst id="SNVAng">14927.648</dst>
            <dst id="STTLng">22670.7146666667</dst>
            <dst id="WASHng">238.725333333333</dst>
        </src>
        <src id="STTLng">
            <dst id="ATLA-M5">234.576</dst>
            <dst id="ATLAng">16940.5813333333</dst>
            <dst id="CHINng">31543.5573333333</dst>
            <dst id="DNVRng">2990.83466666667</dst>
            <dst id="HSTNng">4279.60533333333</dst>
            <dst id="IPLSng">10197.3333333333</dst>
            <dst id="KSCYng">5741.31733333333</dst>
            <dst id="LOSAng">31829.1386666667</dst>
            <dst id="NYCMng">14847.7653333333</dst>
            <dst id="SNVAng">6144.79733333333</dst>
            <dst id="STTLng">7418.36533333334</dst>
            <dst id="WASHng">21772.2613333333</dst>
        </src>
        <src id="WASHng">
            <dst id="ATLA-M5">627.4</dst>
            <dst id="ATLAng">119380.984</dst>
            <dst id="CHINng">97416.3066666666</dst>
            <dst id="DNVRng">87496.1226666667</dst>
            <dst id="HSTNng">18997.2666666667</dst>
            <dst id="IPLSng">77050.1573333333</dst>
            <dst id="KSCYng">28160.712</dst>
            <dst id="LOSAng">112951.544</dst>
            <dst id="NYCMng">200605.658666667</dst>
            <dst id="SNVAng">4254.66666666667</dst>
            <dst id="STTLng">44789.7893333333</dst>
            <dst id="WASHng">397523.546666667</dst>
        </src>
    </IntraTM>
</TrafficMatrixFile>
