<?xml version="1.0" encoding="ISO-8859-1" standalone="yes"?>
<TrafficMatrixFile xsi:noNamespaceSchemaLocation="http://totem.run.montefiore.ulg.ac.be/Schema/TrafficMatrix-v1_2.xsd" xmlns:xsi="http://www.w3.org/2001/XMLSchema-instance">
    <IntraTM ASID="11537">
        <src id="ATLA-M5">
            <dst id="ATLA-M5">0</dst>
            <dst id="ATLAng">64.352</dst>
            <dst id="CHINng">235.218666666667</dst>
            <dst id="DNVRng">26.6666666666667</dst>
            <dst id="HSTNng">106.970666666667</dst>
            <dst id="IPLSng">53.3333333333333</dst>
            <dst id="KSCYng">197.501333333333</dst>
            <dst id="LOSAng">98.3093333333333</dst>
            <dst id="NYCMng">26.6666666666667</dst>
            <dst id="SNVAng">0</dst>
            <dst id="STTLng">1284.576</dst>
            <dst id="WASHng">570.146666666667</dst>
        </src>
        <src id="ATLAng">
            <dst id="ATLA-M5">205.92</dst>
            <dst id="ATLAng">49404.1546666667</dst>
            <dst id="CHINng">5537.40533333333</dst>
            <dst id="DNVRng">4537.29333333333</dst>
            <dst id="HSTNng">521.464</dst>
            <dst id="IPLSng">12447.8586666667</dst>
            <dst id="KSCYng">1223.776</dst>
            <dst id="LOSAng">20125.2866666667</dst>
            <dst id="NYCMng">4585.06666666667</dst>
            <dst id="SNVAng">32.7133333333333</dst>
            <dst id="STTLng">4964.06133333333</dst>
            <dst id="WASHng">26005.3626666667</dst>
        </src>
        <src id="CHINng">
            <dst id="ATLA-M5">41.1893333333333</dst>
            <dst id="ATLAng">20139.8053333333</dst>
            <dst id="CHINng">149009.210666667</dst>
            <dst id="DNVRng">15782.48</dst>
            <dst id="HSTNng">4568.94133333333</dst>
            <dst id="IPLSng">95774.9626666667</dst>
            <dst id="KSCYng">5161.912</dst>
            <dst id="LOSAng">58315.0853333333</dst>
            <dst id="NYCMng">7112.49066666667</dst>
            <dst id="SNVAng">318.061333333333</dst>
            <dst id="STTLng">5435.416</dst>
            <dst id="WASHng">15963.592</dst>
        </src>
        <src id="DNVRng">
            <dst id="ATLA-M5">86.88</dst>
            <dst id="ATLAng">10744.9813333333</dst>
            <dst id="CHINng">40782.6106666667</dst>
            <dst id="DNVRng">27990.536</dst>
            <dst id="HSTNng">19907.5786666667</dst>
            <dst id="IPLSng">20335.5306666667</dst>
            <dst id="KSCYng">15907.9706666667</dst>
            <dst id="LOSAng">5266.88</dst>
            <dst id="NYCMng">12017.1146666667</dst>
            <dst id="SNVAng">8995.64533333334</dst>
            <dst id="STTLng">7352.45333333333</dst>
            <dst id="WASHng">29888.8933333333</dst>
        </src>
        <src id="HSTNng">
            <dst id="ATLA-M5">311.210666666667</dst>
            <dst id="ATLAng">4246.20533333333</dst>
            <dst id="CHINng">9402.048</dst>
            <dst id="DNVRng">1680.616</dst>
            <dst id="HSTNng">7164.63466666667</dst>
            <dst id="IPLSng">697.370666666667</dst>
            <dst id="KSCYng">992.352</dst>
            <dst id="LOSAng">12913.4133333333</dst>
            <dst id="NYCMng">3793.52266666667</dst>
            <dst id="SNVAng">0</dst>
            <dst id="STTLng">2509.12</dst>
            <dst id="WASHng">3667.992</dst>
        </src>
        <src id="IPLSng">
            <dst id="ATLA-M5">80</dst>
            <dst id="ATLAng">14370.1573333333</dst>
            <dst id="CHINng">66393.6186666666</dst>
            <dst id="DNVRng">4558.17066666667</dst>
            <dst id="HSTNng">762.365333333333</dst>
            <dst id="IPLSng">33487.0106666667</dst>
            <dst id="KSCYng">9227.98133333333</dst>
            <dst id="LOSAng">63287.1946666667</dst>
            <dst id="NYCMng">21655.8346666667</dst>
            <dst id="SNVAng">632.650666666667</dst>
            <dst id="STTLng">11100.5573333333</dst>
            <dst id="WASHng">15890.6026666667</dst>
        </src>
        <src id="KSCYng">
            <dst id="ATLA-M5">90.224</dst>
            <dst id="ATLAng">2795.98666666667</dst>
            <dst id="CHINng">18220.0346666667</dst>
            <dst id="DNVRng">7977.37066666667</dst>
            <dst id="HSTNng">3619.208</dst>
            <dst id="IPLSng">17881.7253333333</dst>
            <dst id="KSCYng">7016.84533333333</dst>
            <dst id="LOSAng">21512.504</dst>
            <dst id="NYCMng">3676.712</dst>
            <dst id="SNVAng">83.3493333333333</dst>
            <dst id="STTLng">1550.096</dst>
            <dst id="WASHng">11228.168</dst>
        </src>
        <src id="LOSAng">
            <dst id="ATLA-M5">27.5893333333333</dst>
            <dst id="ATLAng">20365.16</dst>
            <dst id="CHINng">89032.7786666667</dst>
            <dst id="DNVRng">12058.816</dst>
            <dst id="HSTNng">10605.232</dst>
            <dst id="IPLSng">50687.1573333333</dst>
            <dst id="KSCYng">5617.78133333333</dst>
            <dst id="LOSAng">20096.4293333333</dst>
            <dst id="NYCMng">63949.392</dst>
            <dst id="SNVAng">8263.51733333333</dst>
            <dst id="STTLng">52377.3626666667</dst>
            <dst id="WASHng">90906.272</dst>
        </src>
        <src id="NYCMng">
            <dst id="ATLA-M5">1217.10133333333</dst>
            <dst id="ATLAng">34541.3653333333</dst>
            <dst id="CHINng">57377.08</dst>
            <dst id="DNVRng">118098.290666667</dst>
            <dst id="HSTNng">9333.22666666667</dst>
            <dst id="IPLSng">41255.4506666667</dst>
            <dst id="KSCYng">9946.64266666667</dst>
            <dst id="LOSAng">92551.0426666667</dst>
            <dst id="NYCMng">68319.7333333333</dst>
            <dst id="SNVAng">774.76</dst>
            <dst id="STTLng">26968.232</dst>
            <dst id="WASHng">52668.5653333333</dst>
        </src>
        <src id="SNVAng">
            <dst id="ATLA-M5">26.6666666666667</dst>
            <dst id="ATLAng">71.688</dst>
            <dst id="CHINng">392.666666666667</dst>
            <dst id="DNVRng">11248.7573333333</dst>
            <dst id="HSTNng">3044</dst>
            <dst id="IPLSng">14158.208</dst>
            <dst id="KSCYng">26.6666666666667</dst>
            <dst id="LOSAng">29485.6826666667</dst>
            <dst id="NYCMng">249.269333333333</dst>
            <dst id="SNVAng">7984.27466666667</dst>
            <dst id="STTLng">22324.7466666667</dst>
            <dst id="WASHng">66.2213333333333</dst>
        </src>
        <src id="STTLng">
            <dst id="ATLA-M5">70.9093333333333</dst>
            <dst id="ATLAng">11104.7546666667</dst>
            <dst id="CHINng">12439.528</dst>
            <dst id="DNVRng">2922.624</dst>
            <dst id="HSTNng">2989.65866666667</dst>
            <dst id="IPLSng">4742.17066666667</dst>
            <dst id="KSCYng">3243.01866666667</dst>
            <dst id="LOSAng">31109.7146666667</dst>
            <dst id="NYCMng">9575.416</dst>
            <dst id="SNVAng">3007.87733333333</dst>
            <dst id="STTLng">2911.184</dst>
            <dst id="WASHng">10089.64</dst>
        </src>
        <src id="WASHng">
            <dst id="ATLA-M5">1330.58933333333</dst>
            <dst id="ATLAng">135445.053333333</dst>
            <dst id="CHINng">65835.584</dst>
            <dst id="DNVRng">44806.336</dst>
            <dst id="HSTNng">23375.5253333333</dst>
            <dst id="IPLSng">48921.7973333333</dst>
            <dst id="KSCYng">12953.5866666667</dst>
            <dst id="LOSAng">108905.970666667</dst>
            <dst id="NYCMng">193120.106666667</dst>
            <dst id="SNVAng">4323.74666666667</dst>
            <dst id="STTLng">38452.576</dst>
            <dst id="WASHng">217458.685333333</dst>
        </src>
    </IntraTM>
</TrafficMatrixFile>
