<?xml version="1.0" encoding="ISO-8859-1" standalone="yes"?>
<TrafficMatrixFile xsi:noNamespaceSchemaLocation="http://totem.run.montefiore.ulg.ac.be/Schema/TrafficMatrix-v1_2.xsd" xmlns:xsi="http://www.w3.org/2001/XMLSchema-instance">
    <IntraTM ASID="11537">
        <src id="ATLA-M5">
            <dst id="ATLA-M5">154.773333333333</dst>
            <dst id="ATLAng">377.453333333333</dst>
            <dst id="CHINng">558.648</dst>
            <dst id="DNVRng">0</dst>
            <dst id="HSTNng">118.258666666667</dst>
            <dst id="IPLSng">83.5493333333334</dst>
            <dst id="KSCYng">1364.29866666667</dst>
            <dst id="LOSAng">242.304</dst>
            <dst id="NYCMng">0</dst>
            <dst id="SNVAng">0</dst>
            <dst id="STTLng">312.434666666667</dst>
            <dst id="WASHng">1314.79466666667</dst>
        </src>
        <src id="ATLAng">
            <dst id="ATLA-M5">95.008</dst>
            <dst id="ATLAng">39445.6533333333</dst>
            <dst id="CHINng">5356.57066666667</dst>
            <dst id="DNVRng">10454.7013333333</dst>
            <dst id="HSTNng">1556.71466666667</dst>
            <dst id="IPLSng">9904.84</dst>
            <dst id="KSCYng">5841.624</dst>
            <dst id="LOSAng">18575.6133333333</dst>
            <dst id="NYCMng">4833.03466666667</dst>
            <dst id="SNVAng">563.008</dst>
            <dst id="STTLng">7041.85866666667</dst>
            <dst id="WASHng">28394.6346666667</dst>
        </src>
        <src id="CHINng">
            <dst id="ATLA-M5">53.3333333333333</dst>
            <dst id="ATLAng">17397.9546666667</dst>
            <dst id="CHINng">84928.76</dst>
            <dst id="DNVRng">18460.6026666667</dst>
            <dst id="HSTNng">7132.65866666667</dst>
            <dst id="IPLSng">48025.1733333333</dst>
            <dst id="KSCYng">4142.06666666667</dst>
            <dst id="LOSAng">53596.6613333333</dst>
            <dst id="NYCMng">9043.48</dst>
            <dst id="SNVAng">1716.88</dst>
            <dst id="STTLng">15871.9973333333</dst>
            <dst id="WASHng">16664.0133333333</dst>
        </src>
        <src id="DNVRng">
            <dst id="ATLA-M5">110.194666666667</dst>
            <dst id="ATLAng">9092.25866666667</dst>
            <dst id="CHINng">43260.9866666667</dst>
            <dst id="DNVRng">10638.0053333333</dst>
            <dst id="HSTNng">20482.4106666667</dst>
            <dst id="IPLSng">21398.8693333333</dst>
            <dst id="KSCYng">24161.1813333333</dst>
            <dst id="LOSAng">13619.432</dst>
            <dst id="NYCMng">18068.072</dst>
            <dst id="SNVAng">8156.824</dst>
            <dst id="STTLng">20418.3786666667</dst>
            <dst id="WASHng">30456.1226666667</dst>
        </src>
        <src id="HSTNng">
            <dst id="ATLA-M5">4910.09066666667</dst>
            <dst id="ATLAng">30293.9306666667</dst>
            <dst id="CHINng">10110.184</dst>
            <dst id="DNVRng">2633.33333333333</dst>
            <dst id="HSTNng">8808.63466666666</dst>
            <dst id="IPLSng">2121.136</dst>
            <dst id="KSCYng">1037.41866666667</dst>
            <dst id="LOSAng">16625.3253333333</dst>
            <dst id="NYCMng">848.536</dst>
            <dst id="SNVAng">0</dst>
            <dst id="STTLng">1269.14666666667</dst>
            <dst id="WASHng">6091.02933333333</dst>
        </src>
        <src id="IPLSng">
            <dst id="ATLA-M5">108.581333333333</dst>
            <dst id="ATLAng">12057.896</dst>
            <dst id="CHINng">59646.376</dst>
            <dst id="DNVRng">3952.83733333333</dst>
            <dst id="HSTNng">2923.536</dst>
            <dst id="IPLSng">61370.6853333333</dst>
            <dst id="KSCYng">3271.54666666667</dst>
            <dst id="LOSAng">52214.5093333333</dst>
            <dst id="NYCMng">22071.1973333333</dst>
            <dst id="SNVAng">1810.64</dst>
            <dst id="STTLng">22059.7413333333</dst>
            <dst id="WASHng">17138.632</dst>
        </src>
        <src id="KSCYng">
            <dst id="ATLA-M5">117.562666666667</dst>
            <dst id="ATLAng">3106.072</dst>
            <dst id="CHINng">27818.0773333333</dst>
            <dst id="DNVRng">10343.8053333333</dst>
            <dst id="HSTNng">8061.86133333333</dst>
            <dst id="IPLSng">14013.2746666667</dst>
            <dst id="KSCYng">2534.13333333333</dst>
            <dst id="LOSAng">8108.57866666667</dst>
            <dst id="NYCMng">3472.704</dst>
            <dst id="SNVAng">1211.36</dst>
            <dst id="STTLng">1524.82133333333</dst>
            <dst id="WASHng">6865.736</dst>
        </src>
        <src id="LOSAng">
            <dst id="ATLA-M5">90.7973333333333</dst>
            <dst id="ATLAng">21166.128</dst>
            <dst id="CHINng">84615.1253333334</dst>
            <dst id="DNVRng">11081.9333333333</dst>
            <dst id="HSTNng">12930.4506666667</dst>
            <dst id="IPLSng">58772.6026666667</dst>
            <dst id="KSCYng">5964.16533333333</dst>
            <dst id="LOSAng">18703.8666666667</dst>
            <dst id="NYCMng">75710.5973333333</dst>
            <dst id="SNVAng">14633.2453333333</dst>
            <dst id="STTLng">49008.0293333333</dst>
            <dst id="WASHng">104635.333333333</dst>
        </src>
        <src id="NYCMng">
            <dst id="ATLA-M5">249.626666666667</dst>
            <dst id="ATLAng">46341.0986666667</dst>
            <dst id="CHINng">45965.3226666667</dst>
            <dst id="DNVRng">122732.992</dst>
            <dst id="HSTNng">6384.264</dst>
            <dst id="IPLSng">57039.9066666667</dst>
            <dst id="KSCYng">12532.64</dst>
            <dst id="LOSAng">101550.162666667</dst>
            <dst id="NYCMng">68127.0693333333</dst>
            <dst id="SNVAng">1776.584</dst>
            <dst id="STTLng">30937.376</dst>
            <dst id="WASHng">65720.2533333333</dst>
        </src>
        <src id="SNVAng">
            <dst id="ATLA-M5">0</dst>
            <dst id="ATLAng">95.0746666666667</dst>
            <dst id="CHINng">314.133333333333</dst>
            <dst id="DNVRng">18357.1786666667</dst>
            <dst id="HSTNng">53.3333333333333</dst>
            <dst id="IPLSng">455.736</dst>
            <dst id="KSCYng">198.4</dst>
            <dst id="LOSAng">34335.5786666667</dst>
            <dst id="NYCMng">204.074666666667</dst>
            <dst id="SNVAng">8453.62933333333</dst>
            <dst id="STTLng">23255.2906666667</dst>
            <dst id="WASHng">182.733333333333</dst>
        </src>
        <src id="STTLng">
            <dst id="ATLA-M5">207.453333333333</dst>
            <dst id="ATLAng">10453.3733333333</dst>
            <dst id="CHINng">12434.7173333333</dst>
            <dst id="DNVRng">2680.73333333333</dst>
            <dst id="HSTNng">2224.18133333333</dst>
            <dst id="IPLSng">6277.28266666667</dst>
            <dst id="KSCYng">1944.104</dst>
            <dst id="LOSAng">36399.392</dst>
            <dst id="NYCMng">8777.13333333333</dst>
            <dst id="SNVAng">2952.048</dst>
            <dst id="STTLng">5271.65066666667</dst>
            <dst id="WASHng">8003.35733333333</dst>
        </src>
        <src id="WASHng">
            <dst id="ATLA-M5">1040.68533333333</dst>
            <dst id="ATLAng">85814.24</dst>
            <dst id="CHINng">78657.7013333333</dst>
            <dst id="DNVRng">79316.7306666667</dst>
            <dst id="HSTNng">32900.16</dst>
            <dst id="IPLSng">42014.4133333333</dst>
            <dst id="KSCYng">16034.928</dst>
            <dst id="LOSAng">119077.578666667</dst>
            <dst id="NYCMng">157673.077333333</dst>
            <dst id="SNVAng">7437.39466666666</dst>
            <dst id="STTLng">37357.5386666667</dst>
            <dst id="WASHng">221371.826666667</dst>
        </src>
    </IntraTM>
</TrafficMatrixFile>
