<?xml version="1.0" encoding="ISO-8859-1" standalone="yes"?>
<TrafficMatrixFile xsi:noNamespaceSchemaLocation="http://totem.run.montefiore.ulg.ac.be/Schema/TrafficMatrix-v1_2.xsd" xmlns:xsi="http://www.w3.org/2001/XMLSchema-instance">
    <IntraTM ASID="11537">
        <src id="ATLA-M5">
            <dst id="ATLA-M5">0</dst>
            <dst id="ATLAng">26.6666666666667</dst>
            <dst id="CHINng">117.730666666667</dst>
            <dst id="DNVRng">0</dst>
            <dst id="HSTNng">98.88</dst>
            <dst id="IPLSng">26.6666666666667</dst>
            <dst id="KSCYng">0</dst>
            <dst id="LOSAng">130.016</dst>
            <dst id="NYCMng">592.650666666667</dst>
            <dst id="SNVAng">0</dst>
            <dst id="STTLng">27.448</dst>
            <dst id="WASHng">1256.99733333333</dst>
        </src>
        <src id="ATLAng">
            <dst id="ATLA-M5">123.072</dst>
            <dst id="ATLAng">24560.0773333333</dst>
            <dst id="CHINng">5869.416</dst>
            <dst id="DNVRng">10132.9706666667</dst>
            <dst id="HSTNng">222.032</dst>
            <dst id="IPLSng">9198.42933333333</dst>
            <dst id="KSCYng">771.434666666667</dst>
            <dst id="LOSAng">11657.9733333333</dst>
            <dst id="NYCMng">4364.99733333333</dst>
            <dst id="SNVAng">486.477333333333</dst>
            <dst id="STTLng">4364.464</dst>
            <dst id="WASHng">57538.9733333333</dst>
        </src>
        <src id="CHINng">
            <dst id="ATLA-M5">53.3333333333333</dst>
            <dst id="ATLAng">4961.66133333333</dst>
            <dst id="CHINng">108364.2</dst>
            <dst id="DNVRng">13104.096</dst>
            <dst id="HSTNng">3147.97066666667</dst>
            <dst id="IPLSng">16086.6613333333</dst>
            <dst id="KSCYng">4534.39466666667</dst>
            <dst id="LOSAng">54159.48</dst>
            <dst id="NYCMng">14080.0693333333</dst>
            <dst id="SNVAng">233.453333333333</dst>
            <dst id="STTLng">7302.55466666667</dst>
            <dst id="WASHng">24446.0746666667</dst>
        </src>
        <src id="DNVRng">
            <dst id="ATLA-M5">141.92</dst>
            <dst id="ATLAng">7275.42133333333</dst>
            <dst id="CHINng">62127.472</dst>
            <dst id="DNVRng">21902.9946666667</dst>
            <dst id="HSTNng">13303.3386666667</dst>
            <dst id="IPLSng">12748.1946666667</dst>
            <dst id="KSCYng">10945.336</dst>
            <dst id="LOSAng">12529.2186666667</dst>
            <dst id="NYCMng">10940.6906666667</dst>
            <dst id="SNVAng">7394.336</dst>
            <dst id="STTLng">9094.42933333333</dst>
            <dst id="WASHng">36355.7786666667</dst>
        </src>
        <src id="HSTNng">
            <dst id="ATLA-M5">4786.224</dst>
            <dst id="ATLAng">161.192</dst>
            <dst id="CHINng">14440.1386666667</dst>
            <dst id="DNVRng">1038.05866666667</dst>
            <dst id="HSTNng">2758.42666666667</dst>
            <dst id="IPLSng">1003.344</dst>
            <dst id="KSCYng">2164.46666666667</dst>
            <dst id="LOSAng">13664.3813333333</dst>
            <dst id="NYCMng">1870.032</dst>
            <dst id="SNVAng">26.6666666666667</dst>
            <dst id="STTLng">3059.672</dst>
            <dst id="WASHng">996.970666666666</dst>
        </src>
        <src id="IPLSng">
            <dst id="ATLA-M5">53.12</dst>
            <dst id="ATLAng">13526.7733333333</dst>
            <dst id="CHINng">68451.7813333334</dst>
            <dst id="DNVRng">15759.344</dst>
            <dst id="HSTNng">3928.47733333333</dst>
            <dst id="IPLSng">6966.72533333333</dst>
            <dst id="KSCYng">9367.19733333333</dst>
            <dst id="LOSAng">32096.088</dst>
            <dst id="NYCMng">12127.432</dst>
            <dst id="SNVAng">67.44</dst>
            <dst id="STTLng">6317.744</dst>
            <dst id="WASHng">13460.4986666667</dst>
        </src>
        <src id="KSCYng">
            <dst id="ATLA-M5">0</dst>
            <dst id="ATLAng">920.085333333333</dst>
            <dst id="CHINng">56151.568</dst>
            <dst id="DNVRng">7359.136</dst>
            <dst id="HSTNng">2363.86933333333</dst>
            <dst id="IPLSng">14568.952</dst>
            <dst id="KSCYng">4173.33066666667</dst>
            <dst id="LOSAng">11319.6506666667</dst>
            <dst id="NYCMng">11501.3626666667</dst>
            <dst id="SNVAng">26.6666666666667</dst>
            <dst id="STTLng">5735.28533333333</dst>
            <dst id="WASHng">6674.8</dst>
        </src>
        <src id="LOSAng">
            <dst id="ATLA-M5">44.8</dst>
            <dst id="ATLAng">6287.28266666667</dst>
            <dst id="CHINng">124078.232</dst>
            <dst id="DNVRng">8962.48</dst>
            <dst id="HSTNng">7123.67466666667</dst>
            <dst id="IPLSng">20491.4106666667</dst>
            <dst id="KSCYng">3580.98133333333</dst>
            <dst id="LOSAng">13148.9946666667</dst>
            <dst id="NYCMng">46553.768</dst>
            <dst id="SNVAng">4497.81066666667</dst>
            <dst id="STTLng">32181.1653333333</dst>
            <dst id="WASHng">113475.168</dst>
        </src>
        <src id="NYCMng">
            <dst id="ATLA-M5">747.402666666667</dst>
            <dst id="ATLAng">27010.6773333333</dst>
            <dst id="CHINng">41663.088</dst>
            <dst id="DNVRng">115561.093333333</dst>
            <dst id="HSTNng">4909.21066666667</dst>
            <dst id="IPLSng">22442.4666666667</dst>
            <dst id="KSCYng">6869.24266666667</dst>
            <dst id="LOSAng">74739.0746666667</dst>
            <dst id="NYCMng">83419.296</dst>
            <dst id="SNVAng">2206.86133333333</dst>
            <dst id="STTLng">22785.872</dst>
            <dst id="WASHng">45158.4533333333</dst>
        </src>
        <src id="SNVAng">
            <dst id="ATLA-M5">0</dst>
            <dst id="ATLAng">0</dst>
            <dst id="CHINng">426.16</dst>
            <dst id="DNVRng">8061.45866666667</dst>
            <dst id="HSTNng">32.064</dst>
            <dst id="IPLSng">269.274666666667</dst>
            <dst id="KSCYng">26.6666666666667</dst>
            <dst id="LOSAng">25073.1893333333</dst>
            <dst id="NYCMng">295.765333333333</dst>
            <dst id="SNVAng">8683.50933333333</dst>
            <dst id="STTLng">18922.384</dst>
            <dst id="WASHng">154.826666666667</dst>
        </src>
        <src id="STTLng">
            <dst id="ATLA-M5">0</dst>
            <dst id="ATLAng">7956.592</dst>
            <dst id="CHINng">26973.9653333333</dst>
            <dst id="DNVRng">2150.93333333333</dst>
            <dst id="HSTNng">722.544</dst>
            <dst id="IPLSng">5711.38933333333</dst>
            <dst id="KSCYng">1432.672</dst>
            <dst id="LOSAng">20451.5306666667</dst>
            <dst id="NYCMng">11188.3866666667</dst>
            <dst id="SNVAng">2811.23466666667</dst>
            <dst id="STTLng">1124.616</dst>
            <dst id="WASHng">7998.58933333334</dst>
        </src>
        <src id="WASHng">
            <dst id="ATLA-M5">32.44</dst>
            <dst id="ATLAng">66814.6586666667</dst>
            <dst id="CHINng">66454.856</dst>
            <dst id="DNVRng">42519.5626666667</dst>
            <dst id="HSTNng">14028.5306666667</dst>
            <dst id="IPLSng">36316.128</dst>
            <dst id="KSCYng">4534.968</dst>
            <dst id="LOSAng">104107.141333333</dst>
            <dst id="NYCMng">110788.381333333</dst>
            <dst id="SNVAng">5031.03733333333</dst>
            <dst id="STTLng">22640.2373333333</dst>
            <dst id="WASHng">271284.933333333</dst>
        </src>
    </IntraTM>
</TrafficMatrixFile>
