<?xml version="1.0" encoding="ISO-8859-1" standalone="yes"?>
<TrafficMatrixFile xsi:noNamespaceSchemaLocation="http://totem.run.montefiore.ulg.ac.be/Schema/TrafficMatrix-v1_2.xsd" xmlns:xsi="http://www.w3.org/2001/XMLSchema-instance">
    <IntraTM ASID="11537">
        <src id="ATLA-M5">
            <dst id="ATLA-M5">0</dst>
            <dst id="ATLAng">26.6666666666667</dst>
            <dst id="CHINng">143.616</dst>
            <dst id="DNVRng">26.6666666666667</dst>
            <dst id="HSTNng">75.7253333333333</dst>
            <dst id="IPLSng">196.837333333333</dst>
            <dst id="KSCYng">231.408</dst>
            <dst id="LOSAng">53.3333333333333</dst>
            <dst id="NYCMng">26.6666666666667</dst>
            <dst id="SNVAng">0</dst>
            <dst id="STTLng">27.2666666666667</dst>
            <dst id="WASHng">92.1333333333333</dst>
        </src>
        <src id="ATLAng">
            <dst id="ATLA-M5">37.2</dst>
            <dst id="ATLAng">52278.672</dst>
            <dst id="CHINng">13209.9706666667</dst>
            <dst id="DNVRng">12551.4346666667</dst>
            <dst id="HSTNng">1972.21866666667</dst>
            <dst id="IPLSng">10529.9333333333</dst>
            <dst id="KSCYng">1027.39733333333</dst>
            <dst id="LOSAng">15701.6066666667</dst>
            <dst id="NYCMng">8333.13866666667</dst>
            <dst id="SNVAng">45.7586666666667</dst>
            <dst id="STTLng">8534.392</dst>
            <dst id="WASHng">36088.3226666667</dst>
        </src>
        <src id="CHINng">
            <dst id="ATLA-M5">77.3253333333333</dst>
            <dst id="ATLAng">29698.808</dst>
            <dst id="CHINng">83073.3253333333</dst>
            <dst id="DNVRng">6994.85066666667</dst>
            <dst id="HSTNng">4469.06666666667</dst>
            <dst id="IPLSng">27400.4613333333</dst>
            <dst id="KSCYng">4267.92533333333</dst>
            <dst id="LOSAng">51065.1946666667</dst>
            <dst id="NYCMng">10105.776</dst>
            <dst id="SNVAng">577.634666666667</dst>
            <dst id="STTLng">8743.016</dst>
            <dst id="WASHng">28308.0666666667</dst>
        </src>
        <src id="DNVRng">
            <dst id="ATLA-M5">70.88</dst>
            <dst id="ATLAng">7035.248</dst>
            <dst id="CHINng">42152.6</dst>
            <dst id="DNVRng">17688.9706666667</dst>
            <dst id="HSTNng">17596.728</dst>
            <dst id="IPLSng">18654.1626666667</dst>
            <dst id="KSCYng">8120.74666666667</dst>
            <dst id="LOSAng">15149.184</dst>
            <dst id="NYCMng">12501.5546666667</dst>
            <dst id="SNVAng">4661.01866666667</dst>
            <dst id="STTLng">10392.0213333333</dst>
            <dst id="WASHng">26848.6026666667</dst>
        </src>
        <src id="HSTNng">
            <dst id="ATLA-M5">738.005333333334</dst>
            <dst id="ATLAng">18499.8026666667</dst>
            <dst id="CHINng">10082.6053333333</dst>
            <dst id="DNVRng">2305.74133333333</dst>
            <dst id="HSTNng">9124.54933333333</dst>
            <dst id="IPLSng">1344.8</dst>
            <dst id="KSCYng">766.349333333334</dst>
            <dst id="LOSAng">6167.25866666667</dst>
            <dst id="NYCMng">1064.10933333333</dst>
            <dst id="SNVAng">0</dst>
            <dst id="STTLng">2050.56533333333</dst>
            <dst id="WASHng">2081.096</dst>
        </src>
        <src id="IPLSng">
            <dst id="ATLA-M5">26.6666666666667</dst>
            <dst id="ATLAng">14398.1386666667</dst>
            <dst id="CHINng">63661.2586666667</dst>
            <dst id="DNVRng">5565.56533333333</dst>
            <dst id="HSTNng">3184.6</dst>
            <dst id="IPLSng">10582.6533333333</dst>
            <dst id="KSCYng">1538.736</dst>
            <dst id="LOSAng">55396.0346666667</dst>
            <dst id="NYCMng">16003.6666666667</dst>
            <dst id="SNVAng">1020.47733333333</dst>
            <dst id="STTLng">8657.10666666666</dst>
            <dst id="WASHng">8765.144</dst>
        </src>
        <src id="KSCYng">
            <dst id="ATLA-M5">808.096</dst>
            <dst id="ATLAng">12640.008</dst>
            <dst id="CHINng">15528.3333333333</dst>
            <dst id="DNVRng">15466.296</dst>
            <dst id="HSTNng">3577.67733333333</dst>
            <dst id="IPLSng">3791.46933333333</dst>
            <dst id="KSCYng">3126.46933333333</dst>
            <dst id="LOSAng">6040.26933333333</dst>
            <dst id="NYCMng">2100.86133333333</dst>
            <dst id="SNVAng">1251.008</dst>
            <dst id="STTLng">3210.41066666667</dst>
            <dst id="WASHng">12035.3306666667</dst>
        </src>
        <src id="LOSAng">
            <dst id="ATLA-M5">54.8693333333333</dst>
            <dst id="ATLAng">44144.0186666667</dst>
            <dst id="CHINng">100026.416</dst>
            <dst id="DNVRng">10363.672</dst>
            <dst id="HSTNng">6722.74133333333</dst>
            <dst id="IPLSng">35097.8933333333</dst>
            <dst id="KSCYng">5069.14666666667</dst>
            <dst id="LOSAng">19082.2933333333</dst>
            <dst id="NYCMng">64816.5573333333</dst>
            <dst id="SNVAng">9945.23733333333</dst>
            <dst id="STTLng">40269.088</dst>
            <dst id="WASHng">111069.077333333</dst>
        </src>
        <src id="NYCMng">
            <dst id="ATLA-M5">453.485333333333</dst>
            <dst id="ATLAng">47291.008</dst>
            <dst id="CHINng">33986.5066666667</dst>
            <dst id="DNVRng">27564.6773333333</dst>
            <dst id="HSTNng">3337.58666666667</dst>
            <dst id="IPLSng">26244.5386666667</dst>
            <dst id="KSCYng">9490</dst>
            <dst id="LOSAng">78729.6373333333</dst>
            <dst id="NYCMng">72558.3226666667</dst>
            <dst id="SNVAng">2185.464</dst>
            <dst id="STTLng">24083.0453333333</dst>
            <dst id="WASHng">57532.256</dst>
        </src>
        <src id="SNVAng">
            <dst id="ATLA-M5">0</dst>
            <dst id="ATLAng">80</dst>
            <dst id="CHINng">104.496</dst>
            <dst id="DNVRng">6975.45333333333</dst>
            <dst id="HSTNng">60.096</dst>
            <dst id="IPLSng">1048.90666666667</dst>
            <dst id="KSCYng">96.9813333333333</dst>
            <dst id="LOSAng">21475.6453333333</dst>
            <dst id="NYCMng">180.885333333333</dst>
            <dst id="SNVAng">9136.336</dst>
            <dst id="STTLng">27753.768</dst>
            <dst id="WASHng">112.256</dst>
        </src>
        <src id="STTLng">
            <dst id="ATLA-M5">186.149333333333</dst>
            <dst id="ATLAng">12504.7466666667</dst>
            <dst id="CHINng">14784.84</dst>
            <dst id="DNVRng">5945.28533333333</dst>
            <dst id="HSTNng">3086.55466666667</dst>
            <dst id="IPLSng">10600.2026666667</dst>
            <dst id="KSCYng">3438.01333333333</dst>
            <dst id="LOSAng">26283.9946666667</dst>
            <dst id="NYCMng">7970.00266666667</dst>
            <dst id="SNVAng">3463.94933333333</dst>
            <dst id="STTLng">2139.896</dst>
            <dst id="WASHng">9682.67466666667</dst>
        </src>
        <src id="WASHng">
            <dst id="ATLA-M5">198.517333333333</dst>
            <dst id="ATLAng">115316.805333333</dst>
            <dst id="CHINng">73488.7626666667</dst>
            <dst id="DNVRng">40470.6853333333</dst>
            <dst id="HSTNng">14375.1306666667</dst>
            <dst id="IPLSng">34940.6026666667</dst>
            <dst id="KSCYng">9757.41333333333</dst>
            <dst id="LOSAng">123631.013333333</dst>
            <dst id="NYCMng">103345.994666667</dst>
            <dst id="SNVAng">1188.43466666667</dst>
            <dst id="STTLng">27585</dst>
            <dst id="WASHng">116534.010666667</dst>
        </src>
    </IntraTM>
</TrafficMatrixFile>
