<?xml version="1.0" encoding="ISO-8859-1" standalone="yes"?>
<TrafficMatrixFile xsi:noNamespaceSchemaLocation="http://totem.run.montefiore.ulg.ac.be/Schema/TrafficMatrix-v1_2.xsd" xmlns:xsi="http://www.w3.org/2001/XMLSchema-instance">
    <IntraTM ASID="11537">
        <src id="ATLA-M5">
            <dst id="ATLA-M5">210.392</dst>
            <dst id="ATLAng">418.616</dst>
            <dst id="CHINng">186.802666666667</dst>
            <dst id="DNVRng">0</dst>
            <dst id="HSTNng">149.648</dst>
            <dst id="IPLSng">295.165333333333</dst>
            <dst id="KSCYng">545.570666666667</dst>
            <dst id="LOSAng">250.72</dst>
            <dst id="NYCMng">53.3333333333333</dst>
            <dst id="SNVAng">28.4533333333333</dst>
            <dst id="STTLng">80</dst>
            <dst id="WASHng">712.901333333333</dst>
        </src>
        <src id="ATLAng">
            <dst id="ATLA-M5">1107.27466666667</dst>
            <dst id="ATLAng">48100.7893333333</dst>
            <dst id="CHINng">12900.408</dst>
            <dst id="DNVRng">6668.42666666667</dst>
            <dst id="HSTNng">4910.74133333333</dst>
            <dst id="IPLSng">16892.656</dst>
            <dst id="KSCYng">11288.2426666667</dst>
            <dst id="LOSAng">18403.7493333333</dst>
            <dst id="NYCMng">10488.0533333333</dst>
            <dst id="SNVAng">1970.408</dst>
            <dst id="STTLng">6274.568</dst>
            <dst id="WASHng">46913.2133333333</dst>
        </src>
        <src id="CHINng">
            <dst id="ATLA-M5">349.272</dst>
            <dst id="ATLAng">31979.2613333333</dst>
            <dst id="CHINng">133911.429333333</dst>
            <dst id="DNVRng">19058.6506666667</dst>
            <dst id="HSTNng">8949.104</dst>
            <dst id="IPLSng">35537.368</dst>
            <dst id="KSCYng">18901.784</dst>
            <dst id="LOSAng">74026.4533333333</dst>
            <dst id="NYCMng">9072.32</dst>
            <dst id="SNVAng">1455.86133333333</dst>
            <dst id="STTLng">8735.74133333334</dst>
            <dst id="WASHng">27830.2693333333</dst>
        </src>
        <src id="DNVRng">
            <dst id="ATLA-M5">749.672</dst>
            <dst id="ATLAng">34061.656</dst>
            <dst id="CHINng">52152.592</dst>
            <dst id="DNVRng">16437.7306666667</dst>
            <dst id="HSTNng">35205.5066666667</dst>
            <dst id="IPLSng">28571.3546666667</dst>
            <dst id="KSCYng">21970.8853333333</dst>
            <dst id="LOSAng">20588.872</dst>
            <dst id="NYCMng">16768.0426666667</dst>
            <dst id="SNVAng">31043.6693333333</dst>
            <dst id="STTLng">18076.6826666667</dst>
            <dst id="WASHng">43372.28</dst>
        </src>
        <src id="HSTNng">
            <dst id="ATLA-M5">2935.648</dst>
            <dst id="ATLAng">6762.176</dst>
            <dst id="CHINng">19548.8506666667</dst>
            <dst id="DNVRng">8900.62933333333</dst>
            <dst id="HSTNng">12056.144</dst>
            <dst id="IPLSng">3000.52266666667</dst>
            <dst id="KSCYng">2511.60533333333</dst>
            <dst id="LOSAng">9576.37333333333</dst>
            <dst id="NYCMng">9736.76266666667</dst>
            <dst id="SNVAng">984.752</dst>
            <dst id="STTLng">2156.376</dst>
            <dst id="WASHng">4385.31733333333</dst>
        </src>
        <src id="IPLSng">
            <dst id="ATLA-M5">298.970666666667</dst>
            <dst id="ATLAng">18731.6986666667</dst>
            <dst id="CHINng">72474.24</dst>
            <dst id="DNVRng">10291.4346666667</dst>
            <dst id="HSTNng">5843.672</dst>
            <dst id="IPLSng">43813.176</dst>
            <dst id="KSCYng">6398.43466666667</dst>
            <dst id="LOSAng">58821.712</dst>
            <dst id="NYCMng">23953.056</dst>
            <dst id="SNVAng">4647.144</dst>
            <dst id="STTLng">8587.34133333334</dst>
            <dst id="WASHng">33587.944</dst>
        </src>
        <src id="KSCYng">
            <dst id="ATLA-M5">258.045333333333</dst>
            <dst id="ATLAng">3657.136</dst>
            <dst id="CHINng">42096.2053333333</dst>
            <dst id="DNVRng">12414.6426666667</dst>
            <dst id="HSTNng">4072.56533333333</dst>
            <dst id="IPLSng">16177.5946666667</dst>
            <dst id="KSCYng">6739.25066666667</dst>
            <dst id="LOSAng">18516.2293333333</dst>
            <dst id="NYCMng">12296.5786666667</dst>
            <dst id="SNVAng">636.909333333333</dst>
            <dst id="STTLng">3448.55466666667</dst>
            <dst id="WASHng">12491.5573333333</dst>
        </src>
        <src id="LOSAng">
            <dst id="ATLA-M5">381.114666666667</dst>
            <dst id="ATLAng">32834.9733333333</dst>
            <dst id="CHINng">107843.992</dst>
            <dst id="DNVRng">35135.6106666667</dst>
            <dst id="HSTNng">18246.4506666667</dst>
            <dst id="IPLSng">41235.392</dst>
            <dst id="KSCYng">24486.1093333333</dst>
            <dst id="LOSAng">16829.552</dst>
            <dst id="NYCMng">73059.7573333334</dst>
            <dst id="SNVAng">13121.7493333333</dst>
            <dst id="STTLng">51863.0453333333</dst>
            <dst id="WASHng">115179.069333333</dst>
        </src>
        <src id="NYCMng">
            <dst id="ATLA-M5">327.829333333333</dst>
            <dst id="ATLAng">63637.008</dst>
            <dst id="CHINng">53826.8986666667</dst>
            <dst id="DNVRng">134570.144</dst>
            <dst id="HSTNng">13180.84</dst>
            <dst id="IPLSng">40413.992</dst>
            <dst id="KSCYng">23020.6506666667</dst>
            <dst id="LOSAng">104642.32</dst>
            <dst id="NYCMng">114579.986666667</dst>
            <dst id="SNVAng">4207.54666666667</dst>
            <dst id="STTLng">29778.752</dst>
            <dst id="WASHng">114969.901333333</dst>
        </src>
        <src id="SNVAng">
            <dst id="ATLA-M5">0</dst>
            <dst id="ATLAng">549.058666666667</dst>
            <dst id="CHINng">2658.22666666667</dst>
            <dst id="DNVRng">3479.76533333333</dst>
            <dst id="HSTNng">723.477333333333</dst>
            <dst id="IPLSng">1376.36266666667</dst>
            <dst id="KSCYng">373.298666666667</dst>
            <dst id="LOSAng">37899.56</dst>
            <dst id="NYCMng">1289.27733333333</dst>
            <dst id="SNVAng">10088.8053333333</dst>
            <dst id="STTLng">33602.6026666667</dst>
            <dst id="WASHng">720.632</dst>
        </src>
        <src id="STTLng">
            <dst id="ATLA-M5">166.336</dst>
            <dst id="ATLAng">15487.7946666667</dst>
            <dst id="CHINng">27907.4293333333</dst>
            <dst id="DNVRng">7014.4</dst>
            <dst id="HSTNng">3829.04266666667</dst>
            <dst id="IPLSng">16934.7093333333</dst>
            <dst id="KSCYng">9270.10933333333</dst>
            <dst id="LOSAng">42730.0293333333</dst>
            <dst id="NYCMng">12195.48</dst>
            <dst id="SNVAng">5163.032</dst>
            <dst id="STTLng">5332.088</dst>
            <dst id="WASHng">19314.9866666667</dst>
        </src>
        <src id="WASHng">
            <dst id="ATLA-M5">1590.272</dst>
            <dst id="ATLAng">209146.213333333</dst>
            <dst id="CHINng">89546.68</dst>
            <dst id="DNVRng">92025.0373333333</dst>
            <dst id="HSTNng">33036.1786666667</dst>
            <dst id="IPLSng">89568.9386666667</dst>
            <dst id="KSCYng">36715.0266666667</dst>
            <dst id="LOSAng">127877.248</dst>
            <dst id="NYCMng">248718.552</dst>
            <dst id="SNVAng">2840.592</dst>
            <dst id="STTLng">35945.888</dst>
            <dst id="WASHng">325768.933333333</dst>
        </src>
    </IntraTM>
</TrafficMatrixFile>
