<?xml version="1.0" encoding="ISO-8859-1" standalone="yes"?>
<TrafficMatrixFile xsi:noNamespaceSchemaLocation="http://totem.run.montefiore.ulg.ac.be/Schema/TrafficMatrix-v1_2.xsd" xmlns:xsi="http://www.w3.org/2001/XMLSchema-instance">
    <IntraTM ASID="11537">
        <src id="ATLA-M5">
            <dst id="ATLA-M5">220.504</dst>
            <dst id="ATLAng">1306.68533333333</dst>
            <dst id="CHINng">92.0666666666667</dst>
            <dst id="DNVRng">133.728</dst>
            <dst id="HSTNng">93.144</dst>
            <dst id="IPLSng">235.984</dst>
            <dst id="KSCYng">53.3333333333333</dst>
            <dst id="LOSAng">640.658666666667</dst>
            <dst id="NYCMng">500.554666666667</dst>
            <dst id="SNVAng">0</dst>
            <dst id="STTLng">84.352</dst>
            <dst id="WASHng">2600.56</dst>
        </src>
        <src id="ATLAng">
            <dst id="ATLA-M5">292.925333333333</dst>
            <dst id="ATLAng">31061.1306666667</dst>
            <dst id="CHINng">23007.312</dst>
            <dst id="DNVRng">6142.66133333333</dst>
            <dst id="HSTNng">7353.552</dst>
            <dst id="IPLSng">15972.5866666667</dst>
            <dst id="KSCYng">9337.40266666667</dst>
            <dst id="LOSAng">17923.5706666667</dst>
            <dst id="NYCMng">5124.06933333333</dst>
            <dst id="SNVAng">788.842666666667</dst>
            <dst id="STTLng">6811.51733333333</dst>
            <dst id="WASHng">68633.3733333333</dst>
        </src>
        <src id="CHINng">
            <dst id="ATLA-M5">271.096</dst>
            <dst id="ATLAng">38021.9226666667</dst>
            <dst id="CHINng">135528.197333333</dst>
            <dst id="DNVRng">17669.632</dst>
            <dst id="HSTNng">7692.192</dst>
            <dst id="IPLSng">47499.056</dst>
            <dst id="KSCYng">12313.9546666667</dst>
            <dst id="LOSAng">55582.0133333333</dst>
            <dst id="NYCMng">10691.424</dst>
            <dst id="SNVAng">981.976</dst>
            <dst id="STTLng">12380.9253333333</dst>
            <dst id="WASHng">62877.864</dst>
        </src>
        <src id="DNVRng">
            <dst id="ATLA-M5">332.058666666667</dst>
            <dst id="ATLAng">9508.46133333333</dst>
            <dst id="CHINng">53390.176</dst>
            <dst id="DNVRng">26621.3413333333</dst>
            <dst id="HSTNng">22573.8213333333</dst>
            <dst id="IPLSng">26689.3146666667</dst>
            <dst id="KSCYng">34930.9946666667</dst>
            <dst id="LOSAng">15108.7226666667</dst>
            <dst id="NYCMng">12502.6773333333</dst>
            <dst id="SNVAng">14050.696</dst>
            <dst id="STTLng">14676.76</dst>
            <dst id="WASHng">39549.8773333333</dst>
        </src>
        <src id="HSTNng">
            <dst id="ATLA-M5">275.802666666667</dst>
            <dst id="ATLAng">4041.16533333333</dst>
            <dst id="CHINng">21635.68</dst>
            <dst id="DNVRng">2273.24266666667</dst>
            <dst id="HSTNng">8971.69066666667</dst>
            <dst id="IPLSng">4265.10133333333</dst>
            <dst id="KSCYng">4903.16533333333</dst>
            <dst id="LOSAng">13203.3866666667</dst>
            <dst id="NYCMng">2941.09866666667</dst>
            <dst id="SNVAng">595.741333333333</dst>
            <dst id="STTLng">2227.59733333333</dst>
            <dst id="WASHng">10138.1626666667</dst>
        </src>
        <src id="IPLSng">
            <dst id="ATLA-M5">88.7866666666667</dst>
            <dst id="ATLAng">18480.4746666667</dst>
            <dst id="CHINng">115989.869333333</dst>
            <dst id="DNVRng">12155.4693333333</dst>
            <dst id="HSTNng">7262.872</dst>
            <dst id="IPLSng">42214.1946666667</dst>
            <dst id="KSCYng">6890.79466666667</dst>
            <dst id="LOSAng">38615.2</dst>
            <dst id="NYCMng">23763.3973333333</dst>
            <dst id="SNVAng">1703.18133333333</dst>
            <dst id="STTLng">14276.0133333333</dst>
            <dst id="WASHng">30936.2133333333</dst>
        </src>
        <src id="KSCYng">
            <dst id="ATLA-M5">392.914666666667</dst>
            <dst id="ATLAng">4058.04533333333</dst>
            <dst id="CHINng">23735.1573333333</dst>
            <dst id="DNVRng">16729.0106666667</dst>
            <dst id="HSTNng">7921.704</dst>
            <dst id="IPLSng">16357.6053333333</dst>
            <dst id="KSCYng">8457.62133333333</dst>
            <dst id="LOSAng">8347.08</dst>
            <dst id="NYCMng">3944.06666666667</dst>
            <dst id="SNVAng">385.797333333333</dst>
            <dst id="STTLng">2344.12</dst>
            <dst id="WASHng">9846.01866666667</dst>
        </src>
        <src id="LOSAng">
            <dst id="ATLA-M5">4622.77866666667</dst>
            <dst id="ATLAng">35278.3653333333</dst>
            <dst id="CHINng">135675.336</dst>
            <dst id="DNVRng">8286.84</dst>
            <dst id="HSTNng">15628.112</dst>
            <dst id="IPLSng">103325.069333333</dst>
            <dst id="KSCYng">12231.4293333333</dst>
            <dst id="LOSAng">14444.736</dst>
            <dst id="NYCMng">62582.0373333333</dst>
            <dst id="SNVAng">17819.6266666667</dst>
            <dst id="STTLng">55228.352</dst>
            <dst id="WASHng">111748.944</dst>
        </src>
        <src id="NYCMng">
            <dst id="ATLA-M5">430.56</dst>
            <dst id="ATLAng">57990.8746666667</dst>
            <dst id="CHINng">56569.7333333333</dst>
            <dst id="DNVRng">30586.9786666667</dst>
            <dst id="HSTNng">9484.93866666667</dst>
            <dst id="IPLSng">82851.1146666667</dst>
            <dst id="KSCYng">25201.7733333333</dst>
            <dst id="LOSAng">59629.1333333333</dst>
            <dst id="NYCMng">130446.837333333</dst>
            <dst id="SNVAng">3544.62933333333</dst>
            <dst id="STTLng">30079.7066666667</dst>
            <dst id="WASHng">103149.394666667</dst>
        </src>
        <src id="SNVAng">
            <dst id="ATLA-M5">0</dst>
            <dst id="ATLAng">1138.94933333333</dst>
            <dst id="CHINng">8687.344</dst>
            <dst id="DNVRng">13973.1706666667</dst>
            <dst id="HSTNng">196.370666666667</dst>
            <dst id="IPLSng">614.288</dst>
            <dst id="KSCYng">82.3146666666667</dst>
            <dst id="LOSAng">20153.112</dst>
            <dst id="NYCMng">492.528</dst>
            <dst id="SNVAng">9629.696</dst>
            <dst id="STTLng">21034.2853333333</dst>
            <dst id="WASHng">214.256</dst>
        </src>
        <src id="STTLng">
            <dst id="ATLA-M5">219.312</dst>
            <dst id="ATLAng">16647.5333333333</dst>
            <dst id="CHINng">37772.312</dst>
            <dst id="DNVRng">4744.22933333333</dst>
            <dst id="HSTNng">5638.136</dst>
            <dst id="IPLSng">22265.9013333333</dst>
            <dst id="KSCYng">4894.088</dst>
            <dst id="LOSAng">26311.1893333333</dst>
            <dst id="NYCMng">19714.3786666667</dst>
            <dst id="SNVAng">11596.2853333333</dst>
            <dst id="STTLng">8586.848</dst>
            <dst id="WASHng">17287.5946666667</dst>
        </src>
        <src id="WASHng">
            <dst id="ATLA-M5">2992.192</dst>
            <dst id="ATLAng">113650.776</dst>
            <dst id="CHINng">119614.586666667</dst>
            <dst id="DNVRng">80540.1306666667</dst>
            <dst id="HSTNng">22552.984</dst>
            <dst id="IPLSng">81814.3493333333</dst>
            <dst id="KSCYng">59643.5306666667</dst>
            <dst id="LOSAng">114910.184</dst>
            <dst id="NYCMng">169089.768</dst>
            <dst id="SNVAng">3106.54133333333</dst>
            <dst id="STTLng">38645.3306666667</dst>
            <dst id="WASHng">399684.106666667</dst>
        </src>
    </IntraTM>
</TrafficMatrixFile>
