<?xml version="1.0" encoding="ISO-8859-1" standalone="yes"?>
<TrafficMatrixFile xsi:noNamespaceSchemaLocation="http://totem.run.montefiore.ulg.ac.be/Schema/TrafficMatrix-v1_2.xsd" xmlns:xsi="http://www.w3.org/2001/XMLSchema-instance">
    <IntraTM ASID="11537">
        <src id="ATLA-M5">
            <dst id="ATLA-M5">30.5253333333333</dst>
            <dst id="ATLAng">122.432</dst>
            <dst id="CHINng">3635.20266666667</dst>
            <dst id="DNVRng">26.6666666666667</dst>
            <dst id="HSTNng">60.5866666666667</dst>
            <dst id="IPLSng">1387.05333333333</dst>
            <dst id="KSCYng">1349.43466666667</dst>
            <dst id="LOSAng">622.373333333333</dst>
            <dst id="NYCMng">0</dst>
            <dst id="SNVAng">0</dst>
            <dst id="STTLng">32.168</dst>
            <dst id="WASHng">888.672</dst>
        </src>
        <src id="ATLAng">
            <dst id="ATLA-M5">64.7306666666667</dst>
            <dst id="ATLAng">53299.7813333333</dst>
            <dst id="CHINng">6425.032</dst>
            <dst id="DNVRng">2804.65333333333</dst>
            <dst id="HSTNng">4344.864</dst>
            <dst id="IPLSng">20640.4533333333</dst>
            <dst id="KSCYng">1160.14666666667</dst>
            <dst id="LOSAng">13139.9093333333</dst>
            <dst id="NYCMng">5955.17333333333</dst>
            <dst id="SNVAng">540.992</dst>
            <dst id="STTLng">4637.20266666667</dst>
            <dst id="WASHng">29200.3013333333</dst>
        </src>
        <src id="CHINng">
            <dst id="ATLA-M5">505.824</dst>
            <dst id="ATLAng">15523.4586666667</dst>
            <dst id="CHINng">160914.738666667</dst>
            <dst id="DNVRng">11891.7973333333</dst>
            <dst id="HSTNng">5128.42933333333</dst>
            <dst id="IPLSng">51775.376</dst>
            <dst id="KSCYng">3642.65333333333</dst>
            <dst id="LOSAng">62446.0853333333</dst>
            <dst id="NYCMng">13192.24</dst>
            <dst id="SNVAng">1201.31466666667</dst>
            <dst id="STTLng">6064.06666666667</dst>
            <dst id="WASHng">17037.3333333333</dst>
        </src>
        <src id="DNVRng">
            <dst id="ATLA-M5">189.101333333333</dst>
            <dst id="ATLAng">10719.2586666667</dst>
            <dst id="CHINng">47688.4986666667</dst>
            <dst id="DNVRng">11723.2986666667</dst>
            <dst id="HSTNng">30800.0186666667</dst>
            <dst id="IPLSng">24490.1226666667</dst>
            <dst id="KSCYng">26054.568</dst>
            <dst id="LOSAng">10817.576</dst>
            <dst id="NYCMng">10064.4213333333</dst>
            <dst id="SNVAng">14994.1493333333</dst>
            <dst id="STTLng">23177.9893333333</dst>
            <dst id="WASHng">36907.7946666667</dst>
        </src>
        <src id="HSTNng">
            <dst id="ATLA-M5">256.053333333333</dst>
            <dst id="ATLAng">2551.98933333333</dst>
            <dst id="CHINng">11142.6906666667</dst>
            <dst id="DNVRng">2347.648</dst>
            <dst id="HSTNng">3377.56266666667</dst>
            <dst id="IPLSng">945.394666666667</dst>
            <dst id="KSCYng">1477.41866666667</dst>
            <dst id="LOSAng">17483.4266666667</dst>
            <dst id="NYCMng">2275.432</dst>
            <dst id="SNVAng">0</dst>
            <dst id="STTLng">2589.392</dst>
            <dst id="WASHng">5474.45866666667</dst>
        </src>
        <src id="IPLSng">
            <dst id="ATLA-M5">26.6666666666667</dst>
            <dst id="ATLAng">20343.56</dst>
            <dst id="CHINng">56958.1973333333</dst>
            <dst id="DNVRng">3645.68</dst>
            <dst id="HSTNng">1451.94666666667</dst>
            <dst id="IPLSng">23002.0746666667</dst>
            <dst id="KSCYng">5208.832</dst>
            <dst id="LOSAng">69896.056</dst>
            <dst id="NYCMng">23420.3066666667</dst>
            <dst id="SNVAng">693.261333333333</dst>
            <dst id="STTLng">11485.0426666667</dst>
            <dst id="WASHng">18833.7173333333</dst>
        </src>
        <src id="KSCYng">
            <dst id="ATLA-M5">315.338666666667</dst>
            <dst id="ATLAng">5740.288</dst>
            <dst id="CHINng">26208.2293333333</dst>
            <dst id="DNVRng">9092.664</dst>
            <dst id="HSTNng">5751.39733333333</dst>
            <dst id="IPLSng">12675.6533333333</dst>
            <dst id="KSCYng">6638.06933333333</dst>
            <dst id="LOSAng">6988.45866666666</dst>
            <dst id="NYCMng">2714.91466666667</dst>
            <dst id="SNVAng">1227.52533333333</dst>
            <dst id="STTLng">1564.632</dst>
            <dst id="WASHng">8335.448</dst>
        </src>
        <src id="LOSAng">
            <dst id="ATLA-M5">191.176</dst>
            <dst id="ATLAng">48912.0133333333</dst>
            <dst id="CHINng">102110.602666667</dst>
            <dst id="DNVRng">9297.41333333333</dst>
            <dst id="HSTNng">26022.416</dst>
            <dst id="IPLSng">55060.56</dst>
            <dst id="KSCYng">7457.048</dst>
            <dst id="LOSAng">16915.4853333333</dst>
            <dst id="NYCMng">79397.7893333333</dst>
            <dst id="SNVAng">10784.2666666667</dst>
            <dst id="STTLng">59452.0346666667</dst>
            <dst id="WASHng">99294.4213333333</dst>
        </src>
        <src id="NYCMng">
            <dst id="ATLA-M5">2214.43733333333</dst>
            <dst id="ATLAng">52008.7733333333</dst>
            <dst id="CHINng">40153.0613333333</dst>
            <dst id="DNVRng">119603.712</dst>
            <dst id="HSTNng">14032.632</dst>
            <dst id="IPLSng">42940.032</dst>
            <dst id="KSCYng">9034.992</dst>
            <dst id="LOSAng">105968.597333333</dst>
            <dst id="NYCMng">64678.44</dst>
            <dst id="SNVAng">3056.60266666667</dst>
            <dst id="STTLng">29810.112</dst>
            <dst id="WASHng">56482.576</dst>
        </src>
        <src id="SNVAng">
            <dst id="ATLA-M5">0</dst>
            <dst id="ATLAng">155.32</dst>
            <dst id="CHINng">140.906666666667</dst>
            <dst id="DNVRng">6240.48266666667</dst>
            <dst id="HSTNng">92.7573333333333</dst>
            <dst id="IPLSng">9791.232</dst>
            <dst id="KSCYng">14641.4506666667</dst>
            <dst id="LOSAng">37866.8186666667</dst>
            <dst id="NYCMng">1528.90133333333</dst>
            <dst id="SNVAng">7797.336</dst>
            <dst id="STTLng">22196.9546666667</dst>
            <dst id="WASHng">133.653333333333</dst>
        </src>
        <src id="STTLng">
            <dst id="ATLA-M5">254.197333333333</dst>
            <dst id="ATLAng">9527.50933333333</dst>
            <dst id="CHINng">14127.2853333333</dst>
            <dst id="DNVRng">5405.89333333333</dst>
            <dst id="HSTNng">2802.54933333333</dst>
            <dst id="IPLSng">8602.44533333333</dst>
            <dst id="KSCYng">3762.376</dst>
            <dst id="LOSAng">29569.6986666667</dst>
            <dst id="NYCMng">7354.16</dst>
            <dst id="SNVAng">3717.168</dst>
            <dst id="STTLng">5530.89866666667</dst>
            <dst id="WASHng">6757.82133333333</dst>
        </src>
        <src id="WASHng">
            <dst id="ATLA-M5">1178.41333333333</dst>
            <dst id="ATLAng">152368.077333333</dst>
            <dst id="CHINng">86801.6293333333</dst>
            <dst id="DNVRng">52849.3066666667</dst>
            <dst id="HSTNng">37359.992</dst>
            <dst id="IPLSng">58893.6693333333</dst>
            <dst id="KSCYng">12472.1066666667</dst>
            <dst id="LOSAng">135264.957333333</dst>
            <dst id="NYCMng">145254.069333333</dst>
            <dst id="SNVAng">6517.712</dst>
            <dst id="STTLng">37076.976</dst>
            <dst id="WASHng">164557.450666667</dst>
        </src>
    </IntraTM>
</TrafficMatrixFile>
