<?xml version="1.0" encoding="ISO-8859-1" standalone="yes"?>
<TrafficMatrixFile xsi:noNamespaceSchemaLocation="http://totem.run.montefiore.ulg.ac.be/Schema/TrafficMatrix-v1_2.xsd" xmlns:xsi="http://www.w3.org/2001/XMLSchema-instance">
    <IntraTM ASID="11537">
        <src id="ATLA-M5">
            <dst id="ATLA-M5">79.3626666666667</dst>
            <dst id="ATLAng">599.285333333333</dst>
            <dst id="CHINng">219.408</dst>
            <dst id="DNVRng">0</dst>
            <dst id="HSTNng">87.1893333333333</dst>
            <dst id="IPLSng">73.2906666666667</dst>
            <dst id="KSCYng">107.637333333333</dst>
            <dst id="LOSAng">215.104</dst>
            <dst id="NYCMng">53.3333333333333</dst>
            <dst id="SNVAng">0</dst>
            <dst id="STTLng">57.184</dst>
            <dst id="WASHng">542.157333333333</dst>
        </src>
        <src id="ATLAng">
            <dst id="ATLA-M5">263.698666666667</dst>
            <dst id="ATLAng">62374.7573333333</dst>
            <dst id="CHINng">5776.95466666667</dst>
            <dst id="DNVRng">3649.672</dst>
            <dst id="HSTNng">1555.01866666667</dst>
            <dst id="IPLSng">13035.4986666667</dst>
            <dst id="KSCYng">2466.05866666667</dst>
            <dst id="LOSAng">12190.332</dst>
            <dst id="NYCMng">10344.808</dst>
            <dst id="SNVAng">707.012</dst>
            <dst id="STTLng">3691.99733333333</dst>
            <dst id="WASHng">80194.112</dst>
        </src>
        <src id="CHINng">
            <dst id="ATLA-M5">600.552</dst>
            <dst id="ATLAng">40547.016</dst>
            <dst id="CHINng">110701.690666667</dst>
            <dst id="DNVRng">18523.0213333333</dst>
            <dst id="HSTNng">7655.69333333333</dst>
            <dst id="IPLSng">23131.3413333333</dst>
            <dst id="KSCYng">6047.50133333333</dst>
            <dst id="LOSAng">35849.536</dst>
            <dst id="NYCMng">9393.13866666667</dst>
            <dst id="SNVAng">1123.04533333333</dst>
            <dst id="STTLng">5558.824</dst>
            <dst id="WASHng">19816.504</dst>
        </src>
        <src id="DNVRng">
            <dst id="ATLA-M5">84.16</dst>
            <dst id="ATLAng">4402.256</dst>
            <dst id="CHINng">129471.226666667</dst>
            <dst id="DNVRng">10048.912</dst>
            <dst id="HSTNng">16219.4693333333</dst>
            <dst id="IPLSng">19895.8506666667</dst>
            <dst id="KSCYng">44831.344</dst>
            <dst id="LOSAng">5006.46933333333</dst>
            <dst id="NYCMng">8657.98666666667</dst>
            <dst id="SNVAng">10325.2933333333</dst>
            <dst id="STTLng">7884.18666666667</dst>
            <dst id="WASHng">33732.792</dst>
        </src>
        <src id="HSTNng">
            <dst id="ATLA-M5">1477.25866666667</dst>
            <dst id="ATLAng">2765.752</dst>
            <dst id="CHINng">21887.96</dst>
            <dst id="DNVRng">1185.88266666667</dst>
            <dst id="HSTNng">3599.66666666667</dst>
            <dst id="IPLSng">11077.816</dst>
            <dst id="KSCYng">1831.09333333333</dst>
            <dst id="LOSAng">5403.41066666667</dst>
            <dst id="NYCMng">10697.216</dst>
            <dst id="SNVAng">311.248</dst>
            <dst id="STTLng">2430.60266666667</dst>
            <dst id="WASHng">5666.88</dst>
        </src>
        <src id="IPLSng">
            <dst id="ATLA-M5">117.44</dst>
            <dst id="ATLAng">24723.6133333333</dst>
            <dst id="CHINng">87291.1893333333</dst>
            <dst id="DNVRng">2754.28533333333</dst>
            <dst id="HSTNng">3823.86133333333</dst>
            <dst id="IPLSng">12215.9226666667</dst>
            <dst id="KSCYng">5900.60266666667</dst>
            <dst id="LOSAng">34704.936</dst>
            <dst id="NYCMng">23624.632</dst>
            <dst id="SNVAng">539.354666666667</dst>
            <dst id="STTLng">9222.54666666667</dst>
            <dst id="WASHng">34084.312</dst>
        </src>
        <src id="KSCYng">
            <dst id="ATLA-M5">26.6666666666667</dst>
            <dst id="ATLAng">2460.26933333333</dst>
            <dst id="CHINng">28548.6986666667</dst>
            <dst id="DNVRng">6720.66933333334</dst>
            <dst id="HSTNng">6328.81866666667</dst>
            <dst id="IPLSng">8801.312</dst>
            <dst id="KSCYng">5197.10133333333</dst>
            <dst id="LOSAng">5057.49866666667</dst>
            <dst id="NYCMng">4405.14933333333</dst>
            <dst id="SNVAng">26.6666666666667</dst>
            <dst id="STTLng">2560.46133333333</dst>
            <dst id="WASHng">11018.8426666667</dst>
        </src>
        <src id="LOSAng">
            <dst id="ATLA-M5">3045.76266666667</dst>
            <dst id="ATLAng">61840.096</dst>
            <dst id="CHINng">145747.917333333</dst>
            <dst id="DNVRng">6877.088</dst>
            <dst id="HSTNng">4622.048</dst>
            <dst id="IPLSng">36447.2693333333</dst>
            <dst id="KSCYng">10032.5893333333</dst>
            <dst id="LOSAng">14445.984</dst>
            <dst id="NYCMng">61153.1893333333</dst>
            <dst id="SNVAng">8431.82666666667</dst>
            <dst id="STTLng">40489.4293333333</dst>
            <dst id="WASHng">67901.168</dst>
        </src>
        <src id="NYCMng">
            <dst id="ATLA-M5">982.986666666667</dst>
            <dst id="ATLAng">48909.6533333333</dst>
            <dst id="CHINng">55449.56</dst>
            <dst id="DNVRng">106424.448</dst>
            <dst id="HSTNng">6736.152</dst>
            <dst id="IPLSng">38702.1093333333</dst>
            <dst id="KSCYng">10408.84</dst>
            <dst id="LOSAng">66262.0666666667</dst>
            <dst id="NYCMng">104758.053333333</dst>
            <dst id="SNVAng">1960.392</dst>
            <dst id="STTLng">29044.624</dst>
            <dst id="WASHng">80333.176</dst>
        </src>
        <src id="SNVAng">
            <dst id="ATLA-M5">0</dst>
            <dst id="ATLAng">217.893333333333</dst>
            <dst id="CHINng">392.717333333333</dst>
            <dst id="DNVRng">8282.45866666667</dst>
            <dst id="HSTNng">154.933333333333</dst>
            <dst id="IPLSng">15736.352</dst>
            <dst id="KSCYng">268.141333333333</dst>
            <dst id="LOSAng">25142.1733333333</dst>
            <dst id="NYCMng">1831.136</dst>
            <dst id="SNVAng">8021.70133333333</dst>
            <dst id="STTLng">20719.4053333333</dst>
            <dst id="WASHng">180.418666666667</dst>
        </src>
        <src id="STTLng">
            <dst id="ATLA-M5">120.437333333333</dst>
            <dst id="ATLAng">10568.1093333333</dst>
            <dst id="CHINng">39692.2746666667</dst>
            <dst id="DNVRng">1535.05066666667</dst>
            <dst id="HSTNng">1791.60266666667</dst>
            <dst id="IPLSng">16020.5466666667</dst>
            <dst id="KSCYng">17465.792</dst>
            <dst id="LOSAng">20848.9733333333</dst>
            <dst id="NYCMng">11833.7093333333</dst>
            <dst id="SNVAng">2530.21066666667</dst>
            <dst id="STTLng">1731.30666666667</dst>
            <dst id="WASHng">8494.18133333333</dst>
        </src>
        <src id="WASHng">
            <dst id="ATLA-M5">210.648</dst>
            <dst id="ATLAng">113736.357333333</dst>
            <dst id="CHINng">67052.6666666667</dst>
            <dst id="DNVRng">64550.16</dst>
            <dst id="HSTNng">7727.69066666667</dst>
            <dst id="IPLSng">54507.7653333334</dst>
            <dst id="KSCYng">11569.8426666667</dst>
            <dst id="LOSAng">100378.357333333</dst>
            <dst id="NYCMng">185806.501333333</dst>
            <dst id="SNVAng">885.592</dst>
            <dst id="STTLng">21468.9493333333</dst>
            <dst id="WASHng">280937.226666667</dst>
        </src>
    </IntraTM>
</TrafficMatrixFile>
