<?xml version="1.0" encoding="ISO-8859-1" standalone="yes"?>
<TrafficMatrixFile xsi:noNamespaceSchemaLocation="http://totem.run.montefiore.ulg.ac.be/Schema/TrafficMatrix-v1_2.xsd" xmlns:xsi="http://www.w3.org/2001/XMLSchema-instance">
    <IntraTM ASID="11537">
        <src id="ATLA-M5">
            <dst id="ATLA-M5">0</dst>
            <dst id="ATLAng">313.042666666667</dst>
            <dst id="CHINng">106.666666666667</dst>
            <dst id="DNVRng">81.2373333333333</dst>
            <dst id="HSTNng">903.2</dst>
            <dst id="IPLSng">656.234666666667</dst>
            <dst id="KSCYng">1465.72</dst>
            <dst id="LOSAng">915.864</dst>
            <dst id="NYCMng">112.264</dst>
            <dst id="SNVAng">0</dst>
            <dst id="STTLng">53.3333333333333</dst>
            <dst id="WASHng">533.376</dst>
        </src>
        <src id="ATLAng">
            <dst id="ATLA-M5">229.936</dst>
            <dst id="ATLAng">38538.744</dst>
            <dst id="CHINng">7427.85866666667</dst>
            <dst id="DNVRng">7700.64533333333</dst>
            <dst id="HSTNng">997.002666666667</dst>
            <dst id="IPLSng">11983.7493333333</dst>
            <dst id="KSCYng">3622.73066666667</dst>
            <dst id="LOSAng">17992.2306666667</dst>
            <dst id="NYCMng">6689.65066666667</dst>
            <dst id="SNVAng">318.204</dst>
            <dst id="STTLng">5130.05866666667</dst>
            <dst id="WASHng">38369.3146666667</dst>
        </src>
        <src id="CHINng">
            <dst id="ATLA-M5">53.3333333333333</dst>
            <dst id="ATLAng">21480.3866666667</dst>
            <dst id="CHINng">94777.1973333333</dst>
            <dst id="DNVRng">11050.7866666667</dst>
            <dst id="HSTNng">6430.95466666667</dst>
            <dst id="IPLSng">48369.4373333333</dst>
            <dst id="KSCYng">8916.90933333333</dst>
            <dst id="LOSAng">298484.08</dst>
            <dst id="NYCMng">8933.98933333333</dst>
            <dst id="SNVAng">1346.35466666667</dst>
            <dst id="STTLng">7756.64533333333</dst>
            <dst id="WASHng">35749.456</dst>
        </src>
        <src id="DNVRng">
            <dst id="ATLA-M5">81.92</dst>
            <dst id="ATLAng">9551.17333333334</dst>
            <dst id="CHINng">46353.2693333333</dst>
            <dst id="DNVRng">14360.92</dst>
            <dst id="HSTNng">25184.584</dst>
            <dst id="IPLSng">24782.1013333333</dst>
            <dst id="KSCYng">19441.5173333333</dst>
            <dst id="LOSAng">18046.76</dst>
            <dst id="NYCMng">13068.7973333333</dst>
            <dst id="SNVAng">11688.4</dst>
            <dst id="STTLng">10820.0106666667</dst>
            <dst id="WASHng">33158.144</dst>
        </src>
        <src id="HSTNng">
            <dst id="ATLA-M5">436</dst>
            <dst id="ATLAng">2267.392</dst>
            <dst id="CHINng">10244.1253333333</dst>
            <dst id="DNVRng">10935.368</dst>
            <dst id="HSTNng">10768.264</dst>
            <dst id="IPLSng">1918.38133333333</dst>
            <dst id="KSCYng">1776.93866666667</dst>
            <dst id="LOSAng">13551.4986666667</dst>
            <dst id="NYCMng">2255.09333333333</dst>
            <dst id="SNVAng">26.6666666666667</dst>
            <dst id="STTLng">2998.66133333333</dst>
            <dst id="WASHng">6272.78133333333</dst>
        </src>
        <src id="IPLSng">
            <dst id="ATLA-M5">303.741333333333</dst>
            <dst id="ATLAng">18215.696</dst>
            <dst id="CHINng">68821.0106666667</dst>
            <dst id="DNVRng">8034.26666666666</dst>
            <dst id="HSTNng">4371.16533333333</dst>
            <dst id="IPLSng">53061.36</dst>
            <dst id="KSCYng">8790.33866666667</dst>
            <dst id="LOSAng">50709.9013333333</dst>
            <dst id="NYCMng">20739.1413333333</dst>
            <dst id="SNVAng">1734.98666666667</dst>
            <dst id="STTLng">10234.5226666667</dst>
            <dst id="WASHng">25515.296</dst>
        </src>
        <src id="KSCYng">
            <dst id="ATLA-M5">63.3066666666667</dst>
            <dst id="ATLAng">4827.91733333333</dst>
            <dst id="CHINng">25098.088</dst>
            <dst id="DNVRng">10886.5546666667</dst>
            <dst id="HSTNng">5282.368</dst>
            <dst id="IPLSng">15468.856</dst>
            <dst id="KSCYng">4809.48266666667</dst>
            <dst id="LOSAng">10904.3386666667</dst>
            <dst id="NYCMng">3278.65333333333</dst>
            <dst id="SNVAng">181.373333333333</dst>
            <dst id="STTLng">2696.91466666667</dst>
            <dst id="WASHng">8316.45866666667</dst>
        </src>
        <src id="LOSAng">
            <dst id="ATLA-M5">295.168</dst>
            <dst id="ATLAng">29003.648</dst>
            <dst id="CHINng">103424.576</dst>
            <dst id="DNVRng">16830.3466666667</dst>
            <dst id="HSTNng">16175.5893333333</dst>
            <dst id="IPLSng">44824.3066666667</dst>
            <dst id="KSCYng">7585.744</dst>
            <dst id="LOSAng">13972.1093333333</dst>
            <dst id="NYCMng">79942.504</dst>
            <dst id="SNVAng">15999.1866666667</dst>
            <dst id="STTLng">49076.456</dst>
            <dst id="WASHng">111252.298666667</dst>
        </src>
        <src id="NYCMng">
            <dst id="ATLA-M5">485.122666666667</dst>
            <dst id="ATLAng">48390.0773333333</dst>
            <dst id="CHINng">36456.8586666667</dst>
            <dst id="DNVRng">125674.597333333</dst>
            <dst id="HSTNng">10511.9253333333</dst>
            <dst id="IPLSng">51150.4453333333</dst>
            <dst id="KSCYng">18772.4746666667</dst>
            <dst id="LOSAng">93747.456</dst>
            <dst id="NYCMng">87423.328</dst>
            <dst id="SNVAng">6493.232</dst>
            <dst id="STTLng">31276.5466666667</dst>
            <dst id="WASHng">63663.4426666667</dst>
        </src>
        <src id="SNVAng">
            <dst id="ATLA-M5">0</dst>
            <dst id="ATLAng">106.666666666667</dst>
            <dst id="CHINng">421.298666666667</dst>
            <dst id="DNVRng">10324.1493333333</dst>
            <dst id="HSTNng">57.472</dst>
            <dst id="IPLSng">758.525333333333</dst>
            <dst id="KSCYng">22155.688</dst>
            <dst id="LOSAng">46366.416</dst>
            <dst id="NYCMng">3496.04266666667</dst>
            <dst id="SNVAng">13710.136</dst>
            <dst id="STTLng">25738.5253333333</dst>
            <dst id="WASHng">669.866666666667</dst>
        </src>
        <src id="STTLng">
            <dst id="ATLA-M5">31.68</dst>
            <dst id="ATLAng">10945.384</dst>
            <dst id="CHINng">14951.0346666667</dst>
            <dst id="DNVRng">4376.90666666667</dst>
            <dst id="HSTNng">3769.89866666667</dst>
            <dst id="IPLSng">8197.216</dst>
            <dst id="KSCYng">4957.216</dst>
            <dst id="LOSAng">35326.288</dst>
            <dst id="NYCMng">9352.64</dst>
            <dst id="SNVAng">3083.50933333333</dst>
            <dst id="STTLng">16262.9546666667</dst>
            <dst id="WASHng">11637.2906666667</dst>
        </src>
        <src id="WASHng">
            <dst id="ATLA-M5">990.16</dst>
            <dst id="ATLAng">99584.9706666667</dst>
            <dst id="CHINng">82452.0693333333</dst>
            <dst id="DNVRng">57574.2106666667</dst>
            <dst id="HSTNng">23192.92</dst>
            <dst id="IPLSng">58700.9226666667</dst>
            <dst id="KSCYng">24447.5786666667</dst>
            <dst id="LOSAng">111525.469333333</dst>
            <dst id="NYCMng">185357</dst>
            <dst id="SNVAng">8484.97066666667</dst>
            <dst id="STTLng">44501.4826666667</dst>
            <dst id="WASHng">311622.826666667</dst>
        </src>
    </IntraTM>
</TrafficMatrixFile>
