<?xml version="1.0" encoding="ISO-8859-1" standalone="yes"?>
<TrafficMatrixFile xsi:noNamespaceSchemaLocation="http://totem.run.montefiore.ulg.ac.be/Schema/TrafficMatrix-v1_2.xsd" xmlns:xsi="http://www.w3.org/2001/XMLSchema-instance">
    <IntraTM ASID="11537">
        <src id="ATLA-M5">
            <dst id="ATLA-M5">0</dst>
            <dst id="ATLAng">833.432</dst>
            <dst id="CHINng">108.437333333333</dst>
            <dst id="DNVRng">0</dst>
            <dst id="HSTNng">138.88</dst>
            <dst id="IPLSng">291.445333333333</dst>
            <dst id="KSCYng">26.6666666666667</dst>
            <dst id="LOSAng">177.082666666667</dst>
            <dst id="NYCMng">880.064</dst>
            <dst id="SNVAng">60.2053333333333</dst>
            <dst id="STTLng">144.650666666667</dst>
            <dst id="WASHng">1422.27466666667</dst>
        </src>
        <src id="ATLAng">
            <dst id="ATLA-M5">206.637333333333</dst>
            <dst id="ATLAng">24340.6853333333</dst>
            <dst id="CHINng">7256.56533333333</dst>
            <dst id="DNVRng">3796.66933333333</dst>
            <dst id="HSTNng">701.034666666667</dst>
            <dst id="IPLSng">17168.608</dst>
            <dst id="KSCYng">375.997333333333</dst>
            <dst id="LOSAng">21824.9253333333</dst>
            <dst id="NYCMng">4359.02933333333</dst>
            <dst id="SNVAng">192.554666666667</dst>
            <dst id="STTLng">6150.496</dst>
            <dst id="WASHng">43396.2506666667</dst>
        </src>
        <src id="CHINng">
            <dst id="ATLA-M5">26.6666666666667</dst>
            <dst id="ATLAng">10929.8426666667</dst>
            <dst id="CHINng">135101.544</dst>
            <dst id="DNVRng">8502.624</dst>
            <dst id="HSTNng">4791.168</dst>
            <dst id="IPLSng">42252.3146666667</dst>
            <dst id="KSCYng">5725.264</dst>
            <dst id="LOSAng">60297.8186666667</dst>
            <dst id="NYCMng">29440.4773333333</dst>
            <dst id="SNVAng">1294.29333333333</dst>
            <dst id="STTLng">8753.192</dst>
            <dst id="WASHng">18637.8453333333</dst>
        </src>
        <src id="DNVRng">
            <dst id="ATLA-M5">129.749333333333</dst>
            <dst id="ATLAng">6381.288</dst>
            <dst id="CHINng">51071.2746666667</dst>
            <dst id="DNVRng">23485.5626666667</dst>
            <dst id="HSTNng">25736.7226666667</dst>
            <dst id="IPLSng">21454.4</dst>
            <dst id="KSCYng">19251.336</dst>
            <dst id="LOSAng">11669.3893333333</dst>
            <dst id="NYCMng">13513.368</dst>
            <dst id="SNVAng">11653.96</dst>
            <dst id="STTLng">13309.664</dst>
            <dst id="WASHng">31406.5066666667</dst>
        </src>
        <src id="HSTNng">
            <dst id="ATLA-M5">158.592</dst>
            <dst id="ATLAng">4341.928</dst>
            <dst id="CHINng">17934.008</dst>
            <dst id="DNVRng">1694.88</dst>
            <dst id="HSTNng">4895.59733333333</dst>
            <dst id="IPLSng">328.392</dst>
            <dst id="KSCYng">1976.41866666667</dst>
            <dst id="LOSAng">11537.1333333333</dst>
            <dst id="NYCMng">2074.98933333333</dst>
            <dst id="SNVAng">0</dst>
            <dst id="STTLng">1652.73066666667</dst>
            <dst id="WASHng">2160.824</dst>
        </src>
        <src id="IPLSng">
            <dst id="ATLA-M5">71.672</dst>
            <dst id="ATLAng">8831.07466666667</dst>
            <dst id="CHINng">74340.2906666667</dst>
            <dst id="DNVRng">2318.29333333333</dst>
            <dst id="HSTNng">867.381333333333</dst>
            <dst id="IPLSng">22860.4906666667</dst>
            <dst id="KSCYng">2889.41066666667</dst>
            <dst id="LOSAng">50634.6373333333</dst>
            <dst id="NYCMng">12137.9413333333</dst>
            <dst id="SNVAng">165.232</dst>
            <dst id="STTLng">14226.36</dst>
            <dst id="WASHng">14904.7146666667</dst>
        </src>
        <src id="KSCYng">
            <dst id="ATLA-M5">0</dst>
            <dst id="ATLAng">862.24</dst>
            <dst id="CHINng">24333.4133333333</dst>
            <dst id="DNVRng">21037.464</dst>
            <dst id="HSTNng">2496.61333333333</dst>
            <dst id="IPLSng">10706.2906666667</dst>
            <dst id="KSCYng">11233.4426666667</dst>
            <dst id="LOSAng">5312.528</dst>
            <dst id="NYCMng">6291.63733333333</dst>
            <dst id="SNVAng">6792.384</dst>
            <dst id="STTLng">2042.38133333333</dst>
            <dst id="WASHng">7708.03466666667</dst>
        </src>
        <src id="LOSAng">
            <dst id="ATLA-M5">107.288</dst>
            <dst id="ATLAng">6190.53866666666</dst>
            <dst id="CHINng">113372.485333333</dst>
            <dst id="DNVRng">8171.02933333333</dst>
            <dst id="HSTNng">8866.70666666667</dst>
            <dst id="IPLSng">21117.528</dst>
            <dst id="KSCYng">6133.00533333333</dst>
            <dst id="LOSAng">19217.6026666667</dst>
            <dst id="NYCMng">54231.1626666667</dst>
            <dst id="SNVAng">7408.01066666667</dst>
            <dst id="STTLng">42959.4346666667</dst>
            <dst id="WASHng">93713.6453333333</dst>
        </src>
        <src id="NYCMng">
            <dst id="ATLA-M5">825.650666666667</dst>
            <dst id="ATLAng">23502.5733333333</dst>
            <dst id="CHINng">51337.008</dst>
            <dst id="DNVRng">116269.637333333</dst>
            <dst id="HSTNng">8373.59733333333</dst>
            <dst id="IPLSng">31080.1946666667</dst>
            <dst id="KSCYng">6961.58133333333</dst>
            <dst id="LOSAng">73606.3706666667</dst>
            <dst id="NYCMng">88042.224</dst>
            <dst id="SNVAng">4336.02133333333</dst>
            <dst id="STTLng">24935.288</dst>
            <dst id="WASHng">53076.5653333333</dst>
        </src>
        <src id="SNVAng">
            <dst id="ATLA-M5">0</dst>
            <dst id="ATLAng">26.6666666666667</dst>
            <dst id="CHINng">752.829333333333</dst>
            <dst id="DNVRng">162.008</dst>
            <dst id="HSTNng">74.816</dst>
            <dst id="IPLSng">282.64</dst>
            <dst id="KSCYng">16027.5013333333</dst>
            <dst id="LOSAng">40521.7093333333</dst>
            <dst id="NYCMng">196.629333333333</dst>
            <dst id="SNVAng">14243.52</dst>
            <dst id="STTLng">40014.8186666667</dst>
            <dst id="WASHng">53.3333333333333</dst>
        </src>
        <src id="STTLng">
            <dst id="ATLA-M5">26.6666666666667</dst>
            <dst id="ATLAng">7897.336</dst>
            <dst id="CHINng">31810.0266666667</dst>
            <dst id="DNVRng">3800.08533333333</dst>
            <dst id="HSTNng">794.541333333333</dst>
            <dst id="IPLSng">6088.992</dst>
            <dst id="KSCYng">1451.26133333333</dst>
            <dst id="LOSAng">26380.6746666667</dst>
            <dst id="NYCMng">10798.1013333333</dst>
            <dst id="SNVAng">4280.096</dst>
            <dst id="STTLng">5158.17066666667</dst>
            <dst id="WASHng">6320.088</dst>
        </src>
        <src id="WASHng">
            <dst id="ATLA-M5">271.018666666667</dst>
            <dst id="ATLAng">88516.84</dst>
            <dst id="CHINng">90172.9893333333</dst>
            <dst id="DNVRng">56715.2613333334</dst>
            <dst id="HSTNng">17872.5173333333</dst>
            <dst id="IPLSng">54716.6986666667</dst>
            <dst id="KSCYng">11611.3013333333</dst>
            <dst id="LOSAng">107056.754666667</dst>
            <dst id="NYCMng">153729.664</dst>
            <dst id="SNVAng">5075.28266666667</dst>
            <dst id="STTLng">29049.6373333333</dst>
            <dst id="WASHng">287033.36</dst>
        </src>
    </IntraTM>
</TrafficMatrixFile>
