<?xml version="1.0" encoding="ISO-8859-1" standalone="yes"?>
<TrafficMatrixFile xsi:noNamespaceSchemaLocation="http://totem.run.montefiore.ulg.ac.be/Schema/TrafficMatrix-v1_2.xsd" xmlns:xsi="http://www.w3.org/2001/XMLSchema-instance">
    <IntraTM ASID="11537">
        <src id="ATLA-M5">
            <dst id="ATLA-M5">258.949333333333</dst>
            <dst id="ATLAng">411.738666666667</dst>
            <dst id="CHINng">365.344</dst>
            <dst id="DNVRng">61.2506666666667</dst>
            <dst id="HSTNng">80</dst>
            <dst id="IPLSng">540.472</dst>
            <dst id="KSCYng">150.706666666667</dst>
            <dst id="LOSAng">80.864</dst>
            <dst id="NYCMng">0</dst>
            <dst id="SNVAng">13.3333333333333</dst>
            <dst id="STTLng">26.6666666666667</dst>
            <dst id="WASHng">987.341333333333</dst>
        </src>
        <src id="ATLAng">
            <dst id="ATLA-M5">240.512</dst>
            <dst id="ATLAng">43260.5973333333</dst>
            <dst id="CHINng">15254.1226666667</dst>
            <dst id="DNVRng">6056.08533333333</dst>
            <dst id="HSTNng">5488.03733333333</dst>
            <dst id="IPLSng">23031.656</dst>
            <dst id="KSCYng">6270.19733333333</dst>
            <dst id="LOSAng">19023.3373333333</dst>
            <dst id="NYCMng">6598.65866666667</dst>
            <dst id="SNVAng">1834.46266666667</dst>
            <dst id="STTLng">8430.29066666667</dst>
            <dst id="WASHng">49412.5973333333</dst>
        </src>
        <src id="CHINng">
            <dst id="ATLA-M5">168.341333333333</dst>
            <dst id="ATLAng">28432.856</dst>
            <dst id="CHINng">133912.573333333</dst>
            <dst id="DNVRng">15482.6453333333</dst>
            <dst id="HSTNng">10319.04</dst>
            <dst id="IPLSng">42561.672</dst>
            <dst id="KSCYng">18377.696</dst>
            <dst id="LOSAng">49787.8906666667</dst>
            <dst id="NYCMng">8953.35466666667</dst>
            <dst id="SNVAng">976.410666666667</dst>
            <dst id="STTLng">9994.29333333333</dst>
            <dst id="WASHng">36065.6026666667</dst>
        </src>
        <src id="DNVRng">
            <dst id="ATLA-M5">187.045333333333</dst>
            <dst id="ATLAng">41905.68</dst>
            <dst id="CHINng">53553.1466666667</dst>
            <dst id="DNVRng">14530.0506666667</dst>
            <dst id="HSTNng">27979.4026666667</dst>
            <dst id="IPLSng">34652.6853333333</dst>
            <dst id="KSCYng">19455.672</dst>
            <dst id="LOSAng">10604.4693333333</dst>
            <dst id="NYCMng">15303.2693333333</dst>
            <dst id="SNVAng">14790</dst>
            <dst id="STTLng">13664.3413333333</dst>
            <dst id="WASHng">33952.976</dst>
        </src>
        <src id="HSTNng">
            <dst id="ATLA-M5">254.104</dst>
            <dst id="ATLAng">7679.15733333333</dst>
            <dst id="CHINng">25255.2346666667</dst>
            <dst id="DNVRng">9455.49066666667</dst>
            <dst id="HSTNng">13274.752</dst>
            <dst id="IPLSng">1977.896</dst>
            <dst id="KSCYng">2357.88</dst>
            <dst id="LOSAng">6996.832</dst>
            <dst id="NYCMng">8632.99733333333</dst>
            <dst id="SNVAng">553.232</dst>
            <dst id="STTLng">1871.14666666667</dst>
            <dst id="WASHng">5236.93333333333</dst>
        </src>
        <src id="IPLSng">
            <dst id="ATLA-M5">770.429333333333</dst>
            <dst id="ATLAng">18026.9493333333</dst>
            <dst id="CHINng">81063.2453333333</dst>
            <dst id="DNVRng">18485.4506666667</dst>
            <dst id="HSTNng">4231.22933333333</dst>
            <dst id="IPLSng">57775.92</dst>
            <dst id="KSCYng">7315.152</dst>
            <dst id="LOSAng">66748.2266666667</dst>
            <dst id="NYCMng">31290.2506666667</dst>
            <dst id="SNVAng">1486.68266666667</dst>
            <dst id="STTLng">8991.59733333333</dst>
            <dst id="WASHng">43402.368</dst>
        </src>
        <src id="KSCYng">
            <dst id="ATLA-M5">708.808</dst>
            <dst id="ATLAng">13413.5626666667</dst>
            <dst id="CHINng">34013.984</dst>
            <dst id="DNVRng">10818.9093333333</dst>
            <dst id="HSTNng">4936.376</dst>
            <dst id="IPLSng">17281.976</dst>
            <dst id="KSCYng">8486.01066666667</dst>
            <dst id="LOSAng">10708.632</dst>
            <dst id="NYCMng">10926.3226666667</dst>
            <dst id="SNVAng">335.642666666667</dst>
            <dst id="STTLng">2983.62933333333</dst>
            <dst id="WASHng">13242.0346666667</dst>
        </src>
        <src id="LOSAng">
            <dst id="ATLA-M5">450.357333333333</dst>
            <dst id="ATLAng">36589.1866666667</dst>
            <dst id="CHINng">115007.034666667</dst>
            <dst id="DNVRng">33817.816</dst>
            <dst id="HSTNng">14539.1626666667</dst>
            <dst id="IPLSng">48004.4133333333</dst>
            <dst id="KSCYng">22239.5786666667</dst>
            <dst id="LOSAng">16811.84</dst>
            <dst id="NYCMng">84251.7333333333</dst>
            <dst id="SNVAng">13282.4986666667</dst>
            <dst id="STTLng">51074.0506666667</dst>
            <dst id="WASHng">119977.858666667</dst>
        </src>
        <src id="NYCMng">
            <dst id="ATLA-M5">421.232</dst>
            <dst id="ATLAng">63504.576</dst>
            <dst id="CHINng">53372.0266666667</dst>
            <dst id="DNVRng">130805.106666667</dst>
            <dst id="HSTNng">14863.76</dst>
            <dst id="IPLSng">45387.1786666667</dst>
            <dst id="KSCYng">22913.616</dst>
            <dst id="LOSAng">101116.562666667</dst>
            <dst id="NYCMng">140303.850666667</dst>
            <dst id="SNVAng">6081.128</dst>
            <dst id="STTLng">26727.0053333333</dst>
            <dst id="WASHng">103230.778666667</dst>
        </src>
        <src id="SNVAng">
            <dst id="ATLA-M5">0</dst>
            <dst id="ATLAng">156.437333333333</dst>
            <dst id="CHINng">2979.70666666667</dst>
            <dst id="DNVRng">5181.488</dst>
            <dst id="HSTNng">192.72</dst>
            <dst id="IPLSng">859.352</dst>
            <dst id="KSCYng">2780.19466666667</dst>
            <dst id="LOSAng">37810.2586666667</dst>
            <dst id="NYCMng">993.352</dst>
            <dst id="SNVAng">10291.2</dst>
            <dst id="STTLng">35296.2506666667</dst>
            <dst id="WASHng">283.88</dst>
        </src>
        <src id="STTLng">
            <dst id="ATLA-M5">229.530666666667</dst>
            <dst id="ATLAng">16512.9386666667</dst>
            <dst id="CHINng">19560.5946666667</dst>
            <dst id="DNVRng">7248.704</dst>
            <dst id="HSTNng">3659.56266666667</dst>
            <dst id="IPLSng">14711.616</dst>
            <dst id="KSCYng">7987.29333333333</dst>
            <dst id="LOSAng">43212.2826666667</dst>
            <dst id="NYCMng">12249.856</dst>
            <dst id="SNVAng">6153.48533333333</dst>
            <dst id="STTLng">5997.99733333333</dst>
            <dst id="WASHng">17741</dst>
        </src>
        <src id="WASHng">
            <dst id="ATLA-M5">2470.17333333333</dst>
            <dst id="ATLAng">113206.869333333</dst>
            <dst id="CHINng">98206.6773333333</dst>
            <dst id="DNVRng">77261.7013333333</dst>
            <dst id="HSTNng">28963.1333333333</dst>
            <dst id="IPLSng">100444.005333333</dst>
            <dst id="KSCYng">34726.1333333333</dst>
            <dst id="LOSAng">134869.733333333</dst>
            <dst id="NYCMng">247947.624</dst>
            <dst id="SNVAng">4223.28266666667</dst>
            <dst id="STTLng">42904.1546666667</dst>
            <dst id="WASHng">263538.325333333</dst>
        </src>
    </IntraTM>
</TrafficMatrixFile>
