<?xml version="1.0" encoding="ISO-8859-1" standalone="yes"?>
<TrafficMatrixFile xsi:noNamespaceSchemaLocation="http://totem.run.montefiore.ulg.ac.be/Schema/TrafficMatrix-v1_2.xsd" xmlns:xsi="http://www.w3.org/2001/XMLSchema-instance">
    <IntraTM ASID="11537">
        <src id="ATLA-M5">
            <dst id="ATLA-M5">0</dst>
            <dst id="ATLAng">129.341333333333</dst>
            <dst id="CHINng">322.645333333333</dst>
            <dst id="DNVRng">0</dst>
            <dst id="HSTNng">26.6666666666667</dst>
            <dst id="IPLSng">26.6666666666667</dst>
            <dst id="KSCYng">62.5733333333333</dst>
            <dst id="LOSAng">239.946666666667</dst>
            <dst id="NYCMng">26.6666666666667</dst>
            <dst id="SNVAng">0</dst>
            <dst id="STTLng">26.6666666666667</dst>
            <dst id="WASHng">892.061333333333</dst>
        </src>
        <src id="ATLAng">
            <dst id="ATLA-M5">1586.136</dst>
            <dst id="ATLAng">38477.4613333333</dst>
            <dst id="CHINng">4463.832</dst>
            <dst id="DNVRng">4090.16266666667</dst>
            <dst id="HSTNng">735.128</dst>
            <dst id="IPLSng">13734.4613333333</dst>
            <dst id="KSCYng">650.810666666667</dst>
            <dst id="LOSAng">15135.3293333333</dst>
            <dst id="NYCMng">4769.46133333333</dst>
            <dst id="SNVAng">27.5773333333333</dst>
            <dst id="STTLng">4020.98933333333</dst>
            <dst id="WASHng">47247.568</dst>
        </src>
        <src id="CHINng">
            <dst id="ATLA-M5">1018.152</dst>
            <dst id="ATLAng">39258.1653333333</dst>
            <dst id="CHINng">86640.5386666667</dst>
            <dst id="DNVRng">19493.6613333333</dst>
            <dst id="HSTNng">8413.216</dst>
            <dst id="IPLSng">22002.416</dst>
            <dst id="KSCYng">7459.34133333333</dst>
            <dst id="LOSAng">61406.8666666667</dst>
            <dst id="NYCMng">9731.688</dst>
            <dst id="SNVAng">334.021333333333</dst>
            <dst id="STTLng">6016.92533333333</dst>
            <dst id="WASHng">8403.57866666667</dst>
        </src>
        <src id="DNVRng">
            <dst id="ATLA-M5">114.506666666667</dst>
            <dst id="ATLAng">3272.54933333333</dst>
            <dst id="CHINng">50519.144</dst>
            <dst id="DNVRng">8099.672</dst>
            <dst id="HSTNng">16210.1786666667</dst>
            <dst id="IPLSng">27921.176</dst>
            <dst id="KSCYng">16832.4346666667</dst>
            <dst id="LOSAng">14975.416</dst>
            <dst id="NYCMng">10067.496</dst>
            <dst id="SNVAng">5352.78133333333</dst>
            <dst id="STTLng">6038.59466666667</dst>
            <dst id="WASHng">40282.1226666667</dst>
        </src>
        <src id="HSTNng">
            <dst id="ATLA-M5">123.434666666667</dst>
            <dst id="ATLAng">25892.016</dst>
            <dst id="CHINng">15781.4053333333</dst>
            <dst id="DNVRng">1936.4</dst>
            <dst id="HSTNng">4071.31733333333</dst>
            <dst id="IPLSng">1317.44</dst>
            <dst id="KSCYng">1086.76533333333</dst>
            <dst id="LOSAng">12279.92</dst>
            <dst id="NYCMng">2776.06666666667</dst>
            <dst id="SNVAng">0</dst>
            <dst id="STTLng">1870.12266666667</dst>
            <dst id="WASHng">2547.64266666667</dst>
        </src>
        <src id="IPLSng">
            <dst id="ATLA-M5">0</dst>
            <dst id="ATLAng">8646.93866666667</dst>
            <dst id="CHINng">70822.6</dst>
            <dst id="DNVRng">3499.66666666667</dst>
            <dst id="HSTNng">1406.384</dst>
            <dst id="IPLSng">29327.5546666667</dst>
            <dst id="KSCYng">1924.09066666667</dst>
            <dst id="LOSAng">57336.8506666667</dst>
            <dst id="NYCMng">30299.8826666667</dst>
            <dst id="SNVAng">1288.08266666667</dst>
            <dst id="STTLng">15361.8</dst>
            <dst id="WASHng">9684.12266666667</dst>
        </src>
        <src id="KSCYng">
            <dst id="ATLA-M5">0</dst>
            <dst id="ATLAng">1167.02933333333</dst>
            <dst id="CHINng">20419.2213333333</dst>
            <dst id="DNVRng">14421.9733333333</dst>
            <dst id="HSTNng">2474.39733333333</dst>
            <dst id="IPLSng">13096.5386666667</dst>
            <dst id="KSCYng">4966.22933333333</dst>
            <dst id="LOSAng">7073.85866666667</dst>
            <dst id="NYCMng">3086.808</dst>
            <dst id="SNVAng">171.928</dst>
            <dst id="STTLng">2351.44533333333</dst>
            <dst id="WASHng">5981.70666666667</dst>
        </src>
        <src id="LOSAng">
            <dst id="ATLA-M5">229.117333333333</dst>
            <dst id="ATLAng">57640.472</dst>
            <dst id="CHINng">119812.261333333</dst>
            <dst id="DNVRng">8188.31733333334</dst>
            <dst id="HSTNng">4182.54933333333</dst>
            <dst id="IPLSng">18218.5973333333</dst>
            <dst id="KSCYng">2924.93066666667</dst>
            <dst id="LOSAng">23360.1946666667</dst>
            <dst id="NYCMng">55970.0106666667</dst>
            <dst id="SNVAng">8374.76266666667</dst>
            <dst id="STTLng">39743.0586666667</dst>
            <dst id="WASHng">107090.848</dst>
        </src>
        <src id="NYCMng">
            <dst id="ATLA-M5">1001.224</dst>
            <dst id="ATLAng">29509.0133333333</dst>
            <dst id="CHINng">55430.424</dst>
            <dst id="DNVRng">24057.92</dst>
            <dst id="HSTNng">10831.9226666667</dst>
            <dst id="IPLSng">27046.7306666667</dst>
            <dst id="KSCYng">5246.27733333333</dst>
            <dst id="LOSAng">77907.6346666667</dst>
            <dst id="NYCMng">118713.808</dst>
            <dst id="SNVAng">2840.07733333333</dst>
            <dst id="STTLng">30262.8853333333</dst>
            <dst id="WASHng">88547.928</dst>
        </src>
        <src id="SNVAng">
            <dst id="ATLA-M5">0</dst>
            <dst id="ATLAng">53.3333333333333</dst>
            <dst id="CHINng">164.144</dst>
            <dst id="DNVRng">369.298666666667</dst>
            <dst id="HSTNng">170.506666666667</dst>
            <dst id="IPLSng">1024.768</dst>
            <dst id="KSCYng">97.9466666666667</dst>
            <dst id="LOSAng">39232.032</dst>
            <dst id="NYCMng">8926.136</dst>
            <dst id="SNVAng">7947.15733333333</dst>
            <dst id="STTLng">22610.6693333333</dst>
            <dst id="WASHng">53.3333333333333</dst>
        </src>
        <src id="STTLng">
            <dst id="ATLA-M5">26.6666666666667</dst>
            <dst id="ATLAng">7915.09333333333</dst>
            <dst id="CHINng">27849.9413333333</dst>
            <dst id="DNVRng">1869.16533333333</dst>
            <dst id="HSTNng">1624.74666666667</dst>
            <dst id="IPLSng">11252.5813333333</dst>
            <dst id="KSCYng">2265.49866666667</dst>
            <dst id="LOSAng">35150.7013333333</dst>
            <dst id="NYCMng">10317.4506666667</dst>
            <dst id="SNVAng">3719.47733333333</dst>
            <dst id="STTLng">2667.96</dst>
            <dst id="WASHng">6265.824</dst>
        </src>
        <src id="WASHng">
            <dst id="ATLA-M5">80</dst>
            <dst id="ATLAng">78216.9626666667</dst>
            <dst id="CHINng">78597.648</dst>
            <dst id="DNVRng">51196.112</dst>
            <dst id="HSTNng">27678.7946666667</dst>
            <dst id="IPLSng">22695.6026666667</dst>
            <dst id="KSCYng">11920.2186666667</dst>
            <dst id="LOSAng">135970.178666667</dst>
            <dst id="NYCMng">162007.869333333</dst>
            <dst id="SNVAng">778.184</dst>
            <dst id="STTLng">31022.6186666667</dst>
            <dst id="WASHng">250702.848</dst>
        </src>
    </IntraTM>
</TrafficMatrixFile>
