<?xml version="1.0" encoding="ISO-8859-1" standalone="yes"?>
<TrafficMatrixFile xsi:noNamespaceSchemaLocation="http://totem.run.montefiore.ulg.ac.be/Schema/TrafficMatrix-v1_2.xsd" xmlns:xsi="http://www.w3.org/2001/XMLSchema-instance">
    <IntraTM ASID="11537">
        <src id="ATLA-M5">
            <dst id="ATLA-M5">490.904</dst>
            <dst id="ATLAng">484.682666666667</dst>
            <dst id="CHINng">285.490666666667</dst>
            <dst id="DNVRng">26.6666666666667</dst>
            <dst id="HSTNng">148.957333333333</dst>
            <dst id="IPLSng">445.768</dst>
            <dst id="KSCYng">121.562666666667</dst>
            <dst id="LOSAng">118.536</dst>
            <dst id="NYCMng">62.1226666666667</dst>
            <dst id="SNVAng">0</dst>
            <dst id="STTLng">0</dst>
            <dst id="WASHng">712.901333333333</dst>
        </src>
        <src id="ATLAng">
            <dst id="ATLA-M5">345.808</dst>
            <dst id="ATLAng">43955.1226666667</dst>
            <dst id="CHINng">11275.2426666667</dst>
            <dst id="DNVRng">4304.82133333333</dst>
            <dst id="HSTNng">2020.87733333333</dst>
            <dst id="IPLSng">24606.056</dst>
            <dst id="KSCYng">2364.72533333333</dst>
            <dst id="LOSAng">11589.1213333333</dst>
            <dst id="NYCMng">10249.2506666667</dst>
            <dst id="SNVAng">541.348</dst>
            <dst id="STTLng">3479.61333333333</dst>
            <dst id="WASHng">60361.0773333333</dst>
        </src>
        <src id="CHINng">
            <dst id="ATLA-M5">529.858666666667</dst>
            <dst id="ATLAng">26915.232</dst>
            <dst id="CHINng">172909.906666667</dst>
            <dst id="DNVRng">33514.1626666667</dst>
            <dst id="HSTNng">8989.87733333333</dst>
            <dst id="IPLSng">29937.1386666667</dst>
            <dst id="KSCYng">9150.616</dst>
            <dst id="LOSAng">40795.6453333333</dst>
            <dst id="NYCMng">15188.2293333333</dst>
            <dst id="SNVAng">426.269333333333</dst>
            <dst id="STTLng">6716.25866666667</dst>
            <dst id="WASHng">26184.9653333333</dst>
        </src>
        <src id="DNVRng">
            <dst id="ATLA-M5">226.328</dst>
            <dst id="ATLAng">6830.976</dst>
            <dst id="CHINng">148957.386666667</dst>
            <dst id="DNVRng">23046.6586666667</dst>
            <dst id="HSTNng">25210.9813333333</dst>
            <dst id="IPLSng">35038.0106666667</dst>
            <dst id="KSCYng">39210.856</dst>
            <dst id="LOSAng">7640.29066666667</dst>
            <dst id="NYCMng">12322.7146666667</dst>
            <dst id="SNVAng">20193.9146666667</dst>
            <dst id="STTLng">23497.136</dst>
            <dst id="WASHng">67512.9386666667</dst>
        </src>
        <src id="HSTNng">
            <dst id="ATLA-M5">1107.65866666667</dst>
            <dst id="ATLAng">5379.66133333333</dst>
            <dst id="CHINng">34381.096</dst>
            <dst id="DNVRng">2685.04</dst>
            <dst id="HSTNng">8299.14666666667</dst>
            <dst id="IPLSng">2547.536</dst>
            <dst id="KSCYng">2151.37866666667</dst>
            <dst id="LOSAng">7789.624</dst>
            <dst id="NYCMng">4660.576</dst>
            <dst id="SNVAng">171.136</dst>
            <dst id="STTLng">5693.21066666667</dst>
            <dst id="WASHng">5910.44533333333</dst>
        </src>
        <src id="IPLSng">
            <dst id="ATLA-M5">360.584</dst>
            <dst id="ATLAng">19346.632</dst>
            <dst id="CHINng">102257.037333333</dst>
            <dst id="DNVRng">6524.896</dst>
            <dst id="HSTNng">5484.65066666667</dst>
            <dst id="IPLSng">14563.9253333333</dst>
            <dst id="KSCYng">7977.81066666667</dst>
            <dst id="LOSAng">32348.4746666667</dst>
            <dst id="NYCMng">40407.1733333333</dst>
            <dst id="SNVAng">1696.30666666667</dst>
            <dst id="STTLng">9263.69333333333</dst>
            <dst id="WASHng">28834.3146666667</dst>
        </src>
        <src id="KSCYng">
            <dst id="ATLA-M5">26.6666666666667</dst>
            <dst id="ATLAng">4413.2</dst>
            <dst id="CHINng">25668.0026666667</dst>
            <dst id="DNVRng">13991.1066666667</dst>
            <dst id="HSTNng">3605.816</dst>
            <dst id="IPLSng">24307.912</dst>
            <dst id="KSCYng">11296.472</dst>
            <dst id="LOSAng">7766.38133333333</dst>
            <dst id="NYCMng">4163.872</dst>
            <dst id="SNVAng">1135.97066666667</dst>
            <dst id="STTLng">1507.46133333333</dst>
            <dst id="WASHng">21271.9306666667</dst>
        </src>
        <src id="LOSAng">
            <dst id="ATLA-M5">515.562666666667</dst>
            <dst id="ATLAng">38734.872</dst>
            <dst id="CHINng">178988.512</dst>
            <dst id="DNVRng">9513.22133333333</dst>
            <dst id="HSTNng">11265.8933333333</dst>
            <dst id="IPLSng">38892.3893333333</dst>
            <dst id="KSCYng">5183.21066666667</dst>
            <dst id="LOSAng">9439.33066666666</dst>
            <dst id="NYCMng">63414.8533333333</dst>
            <dst id="SNVAng">8064.064</dst>
            <dst id="STTLng">37934.92</dst>
            <dst id="WASHng">121817.744</dst>
        </src>
        <src id="NYCMng">
            <dst id="ATLA-M5">415.336</dst>
            <dst id="ATLAng">49556.504</dst>
            <dst id="CHINng">58770.6666666667</dst>
            <dst id="DNVRng">51326.296</dst>
            <dst id="HSTNng">8975.69866666667</dst>
            <dst id="IPLSng">52339.0053333333</dst>
            <dst id="KSCYng">20536.296</dst>
            <dst id="LOSAng">46245.9093333333</dst>
            <dst id="NYCMng">149837.829333333</dst>
            <dst id="SNVAng">4288</dst>
            <dst id="STTLng">25298.0346666667</dst>
            <dst id="WASHng">87101.256</dst>
        </src>
        <src id="SNVAng">
            <dst id="ATLA-M5">0</dst>
            <dst id="ATLAng">3114.99466666667</dst>
            <dst id="CHINng">1711.47466666667</dst>
            <dst id="DNVRng">26131.9306666667</dst>
            <dst id="HSTNng">331.541333333333</dst>
            <dst id="IPLSng">5035.328</dst>
            <dst id="KSCYng">137.634666666667</dst>
            <dst id="LOSAng">26134.3306666667</dst>
            <dst id="NYCMng">8661.49066666667</dst>
            <dst id="SNVAng">9885.19466666666</dst>
            <dst id="STTLng">20130.4986666667</dst>
            <dst id="WASHng">256.573333333333</dst>
        </src>
        <src id="STTLng">
            <dst id="ATLA-M5">154.813333333333</dst>
            <dst id="ATLAng">14237.552</dst>
            <dst id="CHINng">33116.928</dst>
            <dst id="DNVRng">1474.59733333333</dst>
            <dst id="HSTNng">3486.832</dst>
            <dst id="IPLSng">12464.4506666667</dst>
            <dst id="KSCYng">4201.91466666667</dst>
            <dst id="LOSAng">21123.504</dst>
            <dst id="NYCMng">15777.4746666667</dst>
            <dst id="SNVAng">4566.23733333333</dst>
            <dst id="STTLng">15961.72</dst>
            <dst id="WASHng">15995.0746666667</dst>
        </src>
        <src id="WASHng">
            <dst id="ATLA-M5">451.688</dst>
            <dst id="ATLAng">177244.613333333</dst>
            <dst id="CHINng">101326.773333333</dst>
            <dst id="DNVRng">86845.1333333333</dst>
            <dst id="HSTNng">16228.4266666667</dst>
            <dst id="IPLSng">81565.072</dst>
            <dst id="KSCYng">30489.4586666667</dst>
            <dst id="LOSAng">119086.64</dst>
            <dst id="NYCMng">178019.218666667</dst>
            <dst id="SNVAng">2888.752</dst>
            <dst id="STTLng">31251.2586666667</dst>
            <dst id="WASHng">355739.786666667</dst>
        </src>
    </IntraTM>
</TrafficMatrixFile>
