<?xml version="1.0" encoding="ISO-8859-1" standalone="yes"?>
<TrafficMatrixFile xsi:noNamespaceSchemaLocation="http://totem.run.montefiore.ulg.ac.be/Schema/TrafficMatrix-v1_2.xsd" xmlns:xsi="http://www.w3.org/2001/XMLSchema-instance">
    <IntraTM ASID="11537">
        <src id="ATLA-M5">
            <dst id="ATLA-M5">0</dst>
            <dst id="ATLAng">144.002666666667</dst>
            <dst id="CHINng">64.6026666666667</dst>
            <dst id="DNVRng">53.112</dst>
            <dst id="HSTNng">54.8853333333333</dst>
            <dst id="IPLSng">0</dst>
            <dst id="KSCYng">712.298666666667</dst>
            <dst id="LOSAng">313.149333333333</dst>
            <dst id="NYCMng">0</dst>
            <dst id="SNVAng">0</dst>
            <dst id="STTLng">0</dst>
            <dst id="WASHng">798.410666666667</dst>
        </src>
        <src id="ATLAng">
            <dst id="ATLA-M5">253.906666666667</dst>
            <dst id="ATLAng">39972.6213333333</dst>
            <dst id="CHINng">8090.4</dst>
            <dst id="DNVRng">4561.416</dst>
            <dst id="HSTNng">1205.50666666667</dst>
            <dst id="IPLSng">12970.84</dst>
            <dst id="KSCYng">4896.68266666667</dst>
            <dst id="LOSAng">21816.496</dst>
            <dst id="NYCMng">6889.072</dst>
            <dst id="SNVAng">913.616</dst>
            <dst id="STTLng">8828.62933333333</dst>
            <dst id="WASHng">25980.3973333333</dst>
        </src>
        <src id="CHINng">
            <dst id="ATLA-M5">26.6666666666667</dst>
            <dst id="ATLAng">14912.2986666667</dst>
            <dst id="CHINng">86525.6106666667</dst>
            <dst id="DNVRng">10671.0053333333</dst>
            <dst id="HSTNng">20266.416</dst>
            <dst id="IPLSng">31953.0693333333</dst>
            <dst id="KSCYng">6398.70933333333</dst>
            <dst id="LOSAng">1275484.98666667</dst>
            <dst id="NYCMng">11915.9893333333</dst>
            <dst id="SNVAng">529.797333333333</dst>
            <dst id="STTLng">9105.584</dst>
            <dst id="WASHng">27951.2613333333</dst>
        </src>
        <src id="DNVRng">
            <dst id="ATLA-M5">92.96</dst>
            <dst id="ATLAng">9636.64</dst>
            <dst id="CHINng">48454.7973333333</dst>
            <dst id="DNVRng">5113.60266666666</dst>
            <dst id="HSTNng">21739.2373333333</dst>
            <dst id="IPLSng">24879.56</dst>
            <dst id="KSCYng">17433.24</dst>
            <dst id="LOSAng">10498.9146666667</dst>
            <dst id="NYCMng">8117.86133333333</dst>
            <dst id="SNVAng">7140.744</dst>
            <dst id="STTLng">10443.2586666667</dst>
            <dst id="WASHng">24862.0266666667</dst>
        </src>
        <src id="HSTNng">
            <dst id="ATLA-M5">1767.53866666667</dst>
            <dst id="ATLAng">6026.38933333333</dst>
            <dst id="CHINng">8353.632</dst>
            <dst id="DNVRng">10666.3546666667</dst>
            <dst id="HSTNng">8815.77866666667</dst>
            <dst id="IPLSng">2221.6</dst>
            <dst id="KSCYng">1644.13333333333</dst>
            <dst id="LOSAng">20580.656</dst>
            <dst id="NYCMng">1652.89066666667</dst>
            <dst id="SNVAng">0</dst>
            <dst id="STTLng">1046.704</dst>
            <dst id="WASHng">5136.50133333333</dst>
        </src>
        <src id="IPLSng">
            <dst id="ATLA-M5">223.221333333333</dst>
            <dst id="ATLAng">11858.0133333333</dst>
            <dst id="CHINng">68153.624</dst>
            <dst id="DNVRng">9959.64</dst>
            <dst id="HSTNng">1695.34133333333</dst>
            <dst id="IPLSng">64041.6666666667</dst>
            <dst id="KSCYng">14004.4186666667</dst>
            <dst id="LOSAng">57718.0906666667</dst>
            <dst id="NYCMng">23078.784</dst>
            <dst id="SNVAng">2952.688</dst>
            <dst id="STTLng">9555.112</dst>
            <dst id="WASHng">18621.664</dst>
        </src>
        <src id="KSCYng">
            <dst id="ATLA-M5">26.6666666666667</dst>
            <dst id="ATLAng">2574.72</dst>
            <dst id="CHINng">24105.8853333333</dst>
            <dst id="DNVRng">8127.15466666667</dst>
            <dst id="HSTNng">3699.70933333333</dst>
            <dst id="IPLSng">15687.2853333333</dst>
            <dst id="KSCYng">6694.74666666667</dst>
            <dst id="LOSAng">10842.984</dst>
            <dst id="NYCMng">2266.392</dst>
            <dst id="SNVAng">293.816</dst>
            <dst id="STTLng">2131.25333333333</dst>
            <dst id="WASHng">8257.168</dst>
        </src>
        <src id="LOSAng">
            <dst id="ATLA-M5">1496.66666666667</dst>
            <dst id="ATLAng">23680.0373333333</dst>
            <dst id="CHINng">95091.1013333333</dst>
            <dst id="DNVRng">17590.0666666667</dst>
            <dst id="HSTNng">11174.2746666667</dst>
            <dst id="IPLSng">62961.048</dst>
            <dst id="KSCYng">6981.84266666667</dst>
            <dst id="LOSAng">21802.3653333333</dst>
            <dst id="NYCMng">116837.754666667</dst>
            <dst id="SNVAng">13435.7226666667</dst>
            <dst id="STTLng">45537.776</dst>
            <dst id="WASHng">131744.133333333</dst>
        </src>
        <src id="NYCMng">
            <dst id="ATLA-M5">141.904</dst>
            <dst id="ATLAng">48225.1653333333</dst>
            <dst id="CHINng">57796.5253333333</dst>
            <dst id="DNVRng">131836.944</dst>
            <dst id="HSTNng">13308.352</dst>
            <dst id="IPLSng">46240.1146666667</dst>
            <dst id="KSCYng">22301.552</dst>
            <dst id="LOSAng">122664.44</dst>
            <dst id="NYCMng">78122.3386666667</dst>
            <dst id="SNVAng">12575.1386666667</dst>
            <dst id="STTLng">29162.8373333333</dst>
            <dst id="WASHng">69346.5253333333</dst>
        </src>
        <src id="SNVAng">
            <dst id="ATLA-M5">0</dst>
            <dst id="ATLAng">54.3146666666667</dst>
            <dst id="CHINng">262.050666666667</dst>
            <dst id="DNVRng">6411.01066666667</dst>
            <dst id="HSTNng">2512.416</dst>
            <dst id="IPLSng">798.797333333333</dst>
            <dst id="KSCYng">0</dst>
            <dst id="LOSAng">37974.0053333333</dst>
            <dst id="NYCMng">591.656</dst>
            <dst id="SNVAng">7911.42133333333</dst>
            <dst id="STTLng">22549.7973333333</dst>
            <dst id="WASHng">264.018666666667</dst>
        </src>
        <src id="STTLng">
            <dst id="ATLA-M5">54.1893333333333</dst>
            <dst id="ATLAng">12373.8506666667</dst>
            <dst id="CHINng">13031.4053333333</dst>
            <dst id="DNVRng">4604.92533333333</dst>
            <dst id="HSTNng">4584.424</dst>
            <dst id="IPLSng">11530.9493333333</dst>
            <dst id="KSCYng">4281.68</dst>
            <dst id="LOSAng">33073.176</dst>
            <dst id="NYCMng">13745.144</dst>
            <dst id="SNVAng">2910.78666666667</dst>
            <dst id="STTLng">2387.80266666667</dst>
            <dst id="WASHng">8513.89866666667</dst>
        </src>
        <src id="WASHng">
            <dst id="ATLA-M5">1042.75733333333</dst>
            <dst id="ATLAng">105425.922666667</dst>
            <dst id="CHINng">66046.0266666667</dst>
            <dst id="DNVRng">54298.2053333333</dst>
            <dst id="HSTNng">32452.16</dst>
            <dst id="IPLSng">46354.0186666667</dst>
            <dst id="KSCYng">24372.152</dst>
            <dst id="LOSAng">147377.594666667</dst>
            <dst id="NYCMng">125436.776</dst>
            <dst id="SNVAng">14110.6426666667</dst>
            <dst id="STTLng">30342.0373333333</dst>
            <dst id="WASHng">283225.786666667</dst>
        </src>
    </IntraTM>
</TrafficMatrixFile>
