<?xml version="1.0" encoding="ISO-8859-1" standalone="yes"?>
<TrafficMatrixFile xsi:noNamespaceSchemaLocation="http://totem.run.montefiore.ulg.ac.be/Schema/TrafficMatrix-v1_2.xsd" xmlns:xsi="http://www.w3.org/2001/XMLSchema-instance">
    <IntraTM ASID="11537">
        <src id="ATLA-M5">
            <dst id="ATLA-M5">0</dst>
            <dst id="ATLAng">53.3333333333333</dst>
            <dst id="CHINng">562.144</dst>
            <dst id="DNVRng">0</dst>
            <dst id="HSTNng">3586.55733333333</dst>
            <dst id="IPLSng">53.3333333333333</dst>
            <dst id="KSCYng">1029.61866666667</dst>
            <dst id="LOSAng">196.413333333333</dst>
            <dst id="NYCMng">0</dst>
            <dst id="SNVAng">0</dst>
            <dst id="STTLng">26.6666666666667</dst>
            <dst id="WASHng">1505.32533333333</dst>
        </src>
        <src id="ATLAng">
            <dst id="ATLA-M5">276.301333333333</dst>
            <dst id="ATLAng">38667.608</dst>
            <dst id="CHINng">4744.89333333333</dst>
            <dst id="DNVRng">5284.11733333333</dst>
            <dst id="HSTNng">610.933333333333</dst>
            <dst id="IPLSng">11356.3013333333</dst>
            <dst id="KSCYng">587.226666666667</dst>
            <dst id="LOSAng">35848.5173333333</dst>
            <dst id="NYCMng">6522.16</dst>
            <dst id="SNVAng">305.793333333333</dst>
            <dst id="STTLng">5042.40266666667</dst>
            <dst id="WASHng">19661.176</dst>
        </src>
        <src id="CHINng">
            <dst id="ATLA-M5">189.882666666667</dst>
            <dst id="ATLAng">19965.504</dst>
            <dst id="CHINng">170867.821333333</dst>
            <dst id="DNVRng">11172.4266666667</dst>
            <dst id="HSTNng">5726.928</dst>
            <dst id="IPLSng">72574.2186666667</dst>
            <dst id="KSCYng">10678.224</dst>
            <dst id="LOSAng">67274.088</dst>
            <dst id="NYCMng">10469.592</dst>
            <dst id="SNVAng">1758.51733333333</dst>
            <dst id="STTLng">6407.18133333333</dst>
            <dst id="WASHng">13386.3333333333</dst>
        </src>
        <src id="DNVRng">
            <dst id="ATLA-M5">98.5066666666667</dst>
            <dst id="ATLAng">11960.6026666667</dst>
            <dst id="CHINng">40472.9866666667</dst>
            <dst id="DNVRng">33124.1066666667</dst>
            <dst id="HSTNng">27601.2906666667</dst>
            <dst id="IPLSng">19460.24</dst>
            <dst id="KSCYng">26521.6266666667</dst>
            <dst id="LOSAng">13855.472</dst>
            <dst id="NYCMng">27112.9146666667</dst>
            <dst id="SNVAng">16543.192</dst>
            <dst id="STTLng">19134.7066666667</dst>
            <dst id="WASHng">35628.688</dst>
        </src>
        <src id="HSTNng">
            <dst id="ATLA-M5">2916.608</dst>
            <dst id="ATLAng">3925.67466666667</dst>
            <dst id="CHINng">8171.87733333333</dst>
            <dst id="DNVRng">2250.80266666667</dst>
            <dst id="HSTNng">3417.616</dst>
            <dst id="IPLSng">931.728</dst>
            <dst id="KSCYng">1137.53866666667</dst>
            <dst id="LOSAng">14441.5493333333</dst>
            <dst id="NYCMng">4273.39733333333</dst>
            <dst id="SNVAng">0</dst>
            <dst id="STTLng">1810.568</dst>
            <dst id="WASHng">9531.30666666667</dst>
        </src>
        <src id="IPLSng">
            <dst id="ATLA-M5">66.8533333333333</dst>
            <dst id="ATLAng">13353.0693333333</dst>
            <dst id="CHINng">55374.7946666667</dst>
            <dst id="DNVRng">4515.49066666667</dst>
            <dst id="HSTNng">408.864</dst>
            <dst id="IPLSng">50478.136</dst>
            <dst id="KSCYng">2611.33866666667</dst>
            <dst id="LOSAng">58410.2613333333</dst>
            <dst id="NYCMng">22385.3493333333</dst>
            <dst id="SNVAng">1741.672</dst>
            <dst id="STTLng">12060.6213333333</dst>
            <dst id="WASHng">18232.5493333333</dst>
        </src>
        <src id="KSCYng">
            <dst id="ATLA-M5">277.552</dst>
            <dst id="ATLAng">2749.42666666667</dst>
            <dst id="CHINng">28230.1813333333</dst>
            <dst id="DNVRng">18838.936</dst>
            <dst id="HSTNng">6431.58133333333</dst>
            <dst id="IPLSng">11611.296</dst>
            <dst id="KSCYng">8553.54933333333</dst>
            <dst id="LOSAng">9895.45333333333</dst>
            <dst id="NYCMng">2772.91466666667</dst>
            <dst id="SNVAng">101.546666666667</dst>
            <dst id="STTLng">2530.75466666667</dst>
            <dst id="WASHng">15343.5333333333</dst>
        </src>
        <src id="LOSAng">
            <dst id="ATLA-M5">605.688</dst>
            <dst id="ATLAng">16681.584</dst>
            <dst id="CHINng">99336.904</dst>
            <dst id="DNVRng">10276.4533333333</dst>
            <dst id="HSTNng">10163.088</dst>
            <dst id="IPLSng">47633.8026666667</dst>
            <dst id="KSCYng">8565.736</dst>
            <dst id="LOSAng">20535.8533333333</dst>
            <dst id="NYCMng">95304.6826666667</dst>
            <dst id="SNVAng">9694.776</dst>
            <dst id="STTLng">75659.1093333333</dst>
            <dst id="WASHng">92948.2533333333</dst>
        </src>
        <src id="NYCMng">
            <dst id="ATLA-M5">148.413333333333</dst>
            <dst id="ATLAng">34915.0986666667</dst>
            <dst id="CHINng">54745.1493333333</dst>
            <dst id="DNVRng">118602.368</dst>
            <dst id="HSTNng">11156.0346666667</dst>
            <dst id="IPLSng">42599.504</dst>
            <dst id="KSCYng">7635.78933333333</dst>
            <dst id="LOSAng">95863.072</dst>
            <dst id="NYCMng">72779.008</dst>
            <dst id="SNVAng">908.616</dst>
            <dst id="STTLng">29548.7946666667</dst>
            <dst id="WASHng">50906.9866666667</dst>
        </src>
        <src id="SNVAng">
            <dst id="ATLA-M5">0</dst>
            <dst id="ATLAng">26.6666666666667</dst>
            <dst id="CHINng">290.464</dst>
            <dst id="DNVRng">15663.6746666667</dst>
            <dst id="HSTNng">1473.16</dst>
            <dst id="IPLSng">242.592</dst>
            <dst id="KSCYng">18711.688</dst>
            <dst id="LOSAng">42851.2426666667</dst>
            <dst id="NYCMng">223.594666666667</dst>
            <dst id="SNVAng">9784.55733333333</dst>
            <dst id="STTLng">28428.7946666667</dst>
            <dst id="WASHng">64.64</dst>
        </src>
        <src id="STTLng">
            <dst id="ATLA-M5">56.192</dst>
            <dst id="ATLAng">12452.896</dst>
            <dst id="CHINng">12772.3413333333</dst>
            <dst id="DNVRng">3591.10133333333</dst>
            <dst id="HSTNng">2810.73333333333</dst>
            <dst id="IPLSng">8054.97066666667</dst>
            <dst id="KSCYng">4788.17866666667</dst>
            <dst id="LOSAng">35350.144</dst>
            <dst id="NYCMng">7942.46933333333</dst>
            <dst id="SNVAng">3429.93333333333</dst>
            <dst id="STTLng">6395.848</dst>
            <dst id="WASHng">7103.09866666667</dst>
        </src>
        <src id="WASHng">
            <dst id="ATLA-M5">1219.456</dst>
            <dst id="ATLAng">109151.744</dst>
            <dst id="CHINng">73354.792</dst>
            <dst id="DNVRng">58464.1413333333</dst>
            <dst id="HSTNng">29597.256</dst>
            <dst id="IPLSng">65417.1226666667</dst>
            <dst id="KSCYng">21560.6746666667</dst>
            <dst id="LOSAng">139645.301333333</dst>
            <dst id="NYCMng">154187.410666667</dst>
            <dst id="SNVAng">4574.37333333333</dst>
            <dst id="STTLng">39839.2346666667</dst>
            <dst id="WASHng">212220.04</dst>
        </src>
    </IntraTM>
</TrafficMatrixFile>
