<?xml version="1.0" encoding="ISO-8859-1" standalone="yes"?>
<TrafficMatrixFile xsi:noNamespaceSchemaLocation="http://totem.run.montefiore.ulg.ac.be/Schema/TrafficMatrix-v1_2.xsd" xmlns:xsi="http://www.w3.org/2001/XMLSchema-instance">
    <IntraTM ASID="11537">
        <src id="ATLA-M5">
            <dst id="ATLA-M5">0</dst>
            <dst id="ATLAng">56.6266666666667</dst>
            <dst id="CHINng">91.0986666666667</dst>
            <dst id="DNVRng">0</dst>
            <dst id="HSTNng">92.3306666666667</dst>
            <dst id="IPLSng">0</dst>
            <dst id="KSCYng">0</dst>
            <dst id="LOSAng">502.693333333333</dst>
            <dst id="NYCMng">0</dst>
            <dst id="SNVAng">0</dst>
            <dst id="STTLng">26.6666666666667</dst>
            <dst id="WASHng">1649.31733333333</dst>
        </src>
        <src id="ATLAng">
            <dst id="ATLA-M5">1601.872</dst>
            <dst id="ATLAng">39238.4426666667</dst>
            <dst id="CHINng">10315.6186666667</dst>
            <dst id="DNVRng">3682.792</dst>
            <dst id="HSTNng">473.346666666667</dst>
            <dst id="IPLSng">18824.16</dst>
            <dst id="KSCYng">1007.272</dst>
            <dst id="LOSAng">16231.2266666667</dst>
            <dst id="NYCMng">5431.312</dst>
            <dst id="SNVAng">279.210666666667</dst>
            <dst id="STTLng">4188.79466666667</dst>
            <dst id="WASHng">65470.7653333333</dst>
        </src>
        <src id="CHINng">
            <dst id="ATLA-M5">618.453333333333</dst>
            <dst id="ATLAng">46171.088</dst>
            <dst id="CHINng">92678.672</dst>
            <dst id="DNVRng">15073.3386666667</dst>
            <dst id="HSTNng">6255.74133333333</dst>
            <dst id="IPLSng">18471.3706666667</dst>
            <dst id="KSCYng">10957.0373333333</dst>
            <dst id="LOSAng">62539.248</dst>
            <dst id="NYCMng">3809.99733333333</dst>
            <dst id="SNVAng">280.805333333333</dst>
            <dst id="STTLng">7621.97866666667</dst>
            <dst id="WASHng">15441.3733333333</dst>
        </src>
        <src id="DNVRng">
            <dst id="ATLA-M5">105.530666666667</dst>
            <dst id="ATLAng">4095.06666666667</dst>
            <dst id="CHINng">54054.72</dst>
            <dst id="DNVRng">11910.9626666667</dst>
            <dst id="HSTNng">18109.96</dst>
            <dst id="IPLSng">18393.8133333333</dst>
            <dst id="KSCYng">26454.424</dst>
            <dst id="LOSAng">18683.552</dst>
            <dst id="NYCMng">9519.95466666666</dst>
            <dst id="SNVAng">9388.03733333333</dst>
            <dst id="STTLng">9813.424</dst>
            <dst id="WASHng">40413.976</dst>
        </src>
        <src id="HSTNng">
            <dst id="ATLA-M5">4572.77866666667</dst>
            <dst id="ATLAng">7732.81066666667</dst>
            <dst id="CHINng">13883.1733333333</dst>
            <dst id="DNVRng">1602.13333333333</dst>
            <dst id="HSTNng">2564.09866666667</dst>
            <dst id="IPLSng">1488.18933333333</dst>
            <dst id="KSCYng">1364.62666666667</dst>
            <dst id="LOSAng">11754.792</dst>
            <dst id="NYCMng">2885.62133333333</dst>
            <dst id="SNVAng">0</dst>
            <dst id="STTLng">1659.592</dst>
            <dst id="WASHng">2442.49866666667</dst>
        </src>
        <src id="IPLSng">
            <dst id="ATLA-M5">0</dst>
            <dst id="ATLAng">9523.08266666667</dst>
            <dst id="CHINng">73356.9386666667</dst>
            <dst id="DNVRng">1922.78933333333</dst>
            <dst id="HSTNng">1311.59733333333</dst>
            <dst id="IPLSng">11912.968</dst>
            <dst id="KSCYng">2283.888</dst>
            <dst id="LOSAng">57815.472</dst>
            <dst id="NYCMng">20242.336</dst>
            <dst id="SNVAng">313.861333333333</dst>
            <dst id="STTLng">9599.056</dst>
            <dst id="WASHng">5737.22666666667</dst>
        </src>
        <src id="KSCYng">
            <dst id="ATLA-M5">0</dst>
            <dst id="ATLAng">1467.112</dst>
            <dst id="CHINng">18387.3946666667</dst>
            <dst id="DNVRng">15852.416</dst>
            <dst id="HSTNng">7078.79466666667</dst>
            <dst id="IPLSng">7753.016</dst>
            <dst id="KSCYng">5824.808</dst>
            <dst id="LOSAng">5532.49866666667</dst>
            <dst id="NYCMng">4201.15733333333</dst>
            <dst id="SNVAng">1170.74666666667</dst>
            <dst id="STTLng">5143.42933333333</dst>
            <dst id="WASHng">4282.16266666667</dst>
        </src>
        <src id="LOSAng">
            <dst id="ATLA-M5">271.634666666667</dst>
            <dst id="ATLAng">38599.848</dst>
            <dst id="CHINng">121654.4</dst>
            <dst id="DNVRng">11942.104</dst>
            <dst id="HSTNng">3099.33866666667</dst>
            <dst id="IPLSng">23024.5013333333</dst>
            <dst id="KSCYng">3561.35733333333</dst>
            <dst id="LOSAng">22098.7173333333</dst>
            <dst id="NYCMng">54472.488</dst>
            <dst id="SNVAng">13465.368</dst>
            <dst id="STTLng">36922.4213333333</dst>
            <dst id="WASHng">89386.8693333333</dst>
        </src>
        <src id="NYCMng">
            <dst id="ATLA-M5">123.736</dst>
            <dst id="ATLAng">33431.5653333333</dst>
            <dst id="CHINng">47143.056</dst>
            <dst id="DNVRng">26487.4533333333</dst>
            <dst id="HSTNng">5364.99466666667</dst>
            <dst id="IPLSng">18774.824</dst>
            <dst id="KSCYng">6883.70133333333</dst>
            <dst id="LOSAng">92961.1786666667</dst>
            <dst id="NYCMng">108344.661333333</dst>
            <dst id="SNVAng">1806.80533333333</dst>
            <dst id="STTLng">25087.072</dst>
            <dst id="WASHng">41767.7333333333</dst>
        </src>
        <src id="SNVAng">
            <dst id="ATLA-M5">0</dst>
            <dst id="ATLAng">53.3333333333333</dst>
            <dst id="CHINng">454.832</dst>
            <dst id="DNVRng">616.757333333333</dst>
            <dst id="HSTNng">103.648</dst>
            <dst id="IPLSng">1005.88266666667</dst>
            <dst id="KSCYng">73.92</dst>
            <dst id="LOSAng">41767.0613333333</dst>
            <dst id="NYCMng">247.904</dst>
            <dst id="SNVAng">9064.432</dst>
            <dst id="STTLng">23487.616</dst>
            <dst id="WASHng">26.6666666666667</dst>
        </src>
        <src id="STTLng">
            <dst id="ATLA-M5">0</dst>
            <dst id="ATLAng">8402.85866666667</dst>
            <dst id="CHINng">26978.0266666667</dst>
            <dst id="DNVRng">642.762666666667</dst>
            <dst id="HSTNng">1308.65866666667</dst>
            <dst id="IPLSng">5175.06933333333</dst>
            <dst id="KSCYng">2189.93333333333</dst>
            <dst id="LOSAng">28106.1333333333</dst>
            <dst id="NYCMng">9094.09866666666</dst>
            <dst id="SNVAng">2623.968</dst>
            <dst id="STTLng">2011.39733333333</dst>
            <dst id="WASHng">4184.824</dst>
        </src>
        <src id="WASHng">
            <dst id="ATLA-M5">60.992</dst>
            <dst id="ATLAng">118516.562666667</dst>
            <dst id="CHINng">90055.2986666667</dst>
            <dst id="DNVRng">56585.5173333333</dst>
            <dst id="HSTNng">30658.0106666667</dst>
            <dst id="IPLSng">31388.336</dst>
            <dst id="KSCYng">14212.0053333333</dst>
            <dst id="LOSAng">122204.656</dst>
            <dst id="NYCMng">118807.717333333</dst>
            <dst id="SNVAng">353.013333333333</dst>
            <dst id="STTLng">38469.5733333333</dst>
            <dst id="WASHng">368929.44</dst>
        </src>
    </IntraTM>
</TrafficMatrixFile>
