<?xml version="1.0" encoding="ISO-8859-1" standalone="yes"?>
<TrafficMatrixFile xsi:noNamespaceSchemaLocation="http://totem.run.montefiore.ulg.ac.be/Schema/TrafficMatrix-v1_2.xsd" xmlns:xsi="http://www.w3.org/2001/XMLSchema-instance">
    <IntraTM ASID="11537">
        <src id="ATLA-M5">
            <dst id="ATLA-M5">138.016</dst>
            <dst id="ATLAng">106.666666666667</dst>
            <dst id="CHINng">348.610666666667</dst>
            <dst id="DNVRng">0</dst>
            <dst id="HSTNng">1169.224</dst>
            <dst id="IPLSng">292.565333333333</dst>
            <dst id="KSCYng">2723.328</dst>
            <dst id="LOSAng">129.962666666667</dst>
            <dst id="NYCMng">236.277333333333</dst>
            <dst id="SNVAng">34.3573333333333</dst>
            <dst id="STTLng">180.029333333333</dst>
            <dst id="WASHng">780.746666666666</dst>
        </src>
        <src id="ATLAng">
            <dst id="ATLA-M5">275.922666666667</dst>
            <dst id="ATLAng">40214.984</dst>
            <dst id="CHINng">14131.008</dst>
            <dst id="DNVRng">11709.2693333333</dst>
            <dst id="HSTNng">5009.616</dst>
            <dst id="IPLSng">18136.0666666667</dst>
            <dst id="KSCYng">2447.616</dst>
            <dst id="LOSAng">14436.5746666667</dst>
            <dst id="NYCMng">9939.55733333333</dst>
            <dst id="SNVAng">1487.59333333333</dst>
            <dst id="STTLng">5470.65866666667</dst>
            <dst id="WASHng">49630.2026666667</dst>
        </src>
        <src id="CHINng">
            <dst id="ATLA-M5">394.181333333333</dst>
            <dst id="ATLAng">23228.6533333333</dst>
            <dst id="CHINng">200719</dst>
            <dst id="DNVRng">21112.392</dst>
            <dst id="HSTNng">11114.488</dst>
            <dst id="IPLSng">57380.3706666667</dst>
            <dst id="KSCYng">7753.384</dst>
            <dst id="LOSAng">53241.7973333333</dst>
            <dst id="NYCMng">12949.1226666667</dst>
            <dst id="SNVAng">1459.69333333333</dst>
            <dst id="STTLng">12635.544</dst>
            <dst id="WASHng">31766.6506666667</dst>
        </src>
        <src id="DNVRng">
            <dst id="ATLA-M5">116.181333333333</dst>
            <dst id="ATLAng">26528.8186666667</dst>
            <dst id="CHINng">48825.6106666667</dst>
            <dst id="DNVRng">10111.3546666667</dst>
            <dst id="HSTNng">21476.584</dst>
            <dst id="IPLSng">32314.872</dst>
            <dst id="KSCYng">22598.3573333333</dst>
            <dst id="LOSAng">15113.8</dst>
            <dst id="NYCMng">27692.4</dst>
            <dst id="SNVAng">18050.4133333333</dst>
            <dst id="STTLng">9747.37333333333</dst>
            <dst id="WASHng">34363.936</dst>
        </src>
        <src id="HSTNng">
            <dst id="ATLA-M5">4118.66933333333</dst>
            <dst id="ATLAng">4775.36533333333</dst>
            <dst id="CHINng">39940.424</dst>
            <dst id="DNVRng">10818.936</dst>
            <dst id="HSTNng">7695.33066666667</dst>
            <dst id="IPLSng">2724.69333333333</dst>
            <dst id="KSCYng">3380.20266666667</dst>
            <dst id="LOSAng">5807.27733333333</dst>
            <dst id="NYCMng">2256.44266666667</dst>
            <dst id="SNVAng">270.288</dst>
            <dst id="STTLng">4043.93866666667</dst>
            <dst id="WASHng">17488.6026666667</dst>
        </src>
        <src id="IPLSng">
            <dst id="ATLA-M5">1154.86666666667</dst>
            <dst id="ATLAng">21735.824</dst>
            <dst id="CHINng">74290.4666666667</dst>
            <dst id="DNVRng">6507.60533333333</dst>
            <dst id="HSTNng">13182.536</dst>
            <dst id="IPLSng">46894.9866666667</dst>
            <dst id="KSCYng">16807.304</dst>
            <dst id="LOSAng">60861.192</dst>
            <dst id="NYCMng">34231.9333333333</dst>
            <dst id="SNVAng">1046.496</dst>
            <dst id="STTLng">11067.816</dst>
            <dst id="WASHng">30812.4</dst>
        </src>
        <src id="KSCYng">
            <dst id="ATLA-M5">181.421333333333</dst>
            <dst id="ATLAng">3109.38133333333</dst>
            <dst id="CHINng">21627.04</dst>
            <dst id="DNVRng">11769.4133333333</dst>
            <dst id="HSTNng">6844.83466666667</dst>
            <dst id="IPLSng">11553.272</dst>
            <dst id="KSCYng">5343.50933333333</dst>
            <dst id="LOSAng">5519.24533333333</dst>
            <dst id="NYCMng">4061.63466666667</dst>
            <dst id="SNVAng">1005.21866666667</dst>
            <dst id="STTLng">1920.456</dst>
            <dst id="WASHng">19258.6266666667</dst>
        </src>
        <src id="LOSAng">
            <dst id="ATLA-M5">719.128</dst>
            <dst id="ATLAng">40177.9493333333</dst>
            <dst id="CHINng">117250.866666667</dst>
            <dst id="DNVRng">27742.616</dst>
            <dst id="HSTNng">12368.8693333333</dst>
            <dst id="IPLSng">44328.6746666667</dst>
            <dst id="KSCYng">6527.85066666667</dst>
            <dst id="LOSAng">8450.71466666667</dst>
            <dst id="NYCMng">69220.024</dst>
            <dst id="SNVAng">14868.5573333333</dst>
            <dst id="STTLng">50356.8533333333</dst>
            <dst id="WASHng">116354.666666667</dst>
        </src>
        <src id="NYCMng">
            <dst id="ATLA-M5">323.893333333333</dst>
            <dst id="ATLAng">58468.2506666667</dst>
            <dst id="CHINng">52816.9093333333</dst>
            <dst id="DNVRng">127019.032</dst>
            <dst id="HSTNng">20406.1546666667</dst>
            <dst id="IPLSng">69337.6106666667</dst>
            <dst id="KSCYng">23649.7893333333</dst>
            <dst id="LOSAng">71325.6773333333</dst>
            <dst id="NYCMng">180076.541333333</dst>
            <dst id="SNVAng">2957.04533333333</dst>
            <dst id="STTLng">24765.864</dst>
            <dst id="WASHng">116972.565333333</dst>
        </src>
        <src id="SNVAng">
            <dst id="ATLA-M5">0</dst>
            <dst id="ATLAng">795.474666666667</dst>
            <dst id="CHINng">8284.05333333333</dst>
            <dst id="DNVRng">1648.86666666667</dst>
            <dst id="HSTNng">198.821333333333</dst>
            <dst id="IPLSng">5294.968</dst>
            <dst id="KSCYng">108.930666666667</dst>
            <dst id="LOSAng">43976.208</dst>
            <dst id="NYCMng">433.490666666667</dst>
            <dst id="SNVAng">13180.4586666667</dst>
            <dst id="STTLng">34686.864</dst>
            <dst id="WASHng">185.578666666667</dst>
        </src>
        <src id="STTLng">
            <dst id="ATLA-M5">118.770666666667</dst>
            <dst id="ATLAng">15993.2213333333</dst>
            <dst id="CHINng">31629.904</dst>
            <dst id="DNVRng">5307.616</dst>
            <dst id="HSTNng">6166.168</dst>
            <dst id="IPLSng">13541.736</dst>
            <dst id="KSCYng">3102.21866666667</dst>
            <dst id="LOSAng">32992.8133333333</dst>
            <dst id="NYCMng">15394.7173333333</dst>
            <dst id="SNVAng">6249.24533333333</dst>
            <dst id="STTLng">4864.64533333333</dst>
            <dst id="WASHng">36810.7573333333</dst>
        </src>
        <src id="WASHng">
            <dst id="ATLA-M5">4026.504</dst>
            <dst id="ATLAng">147086.221333333</dst>
            <dst id="CHINng">106317.722666667</dst>
            <dst id="DNVRng">70477.4213333333</dst>
            <dst id="HSTNng">23834.448</dst>
            <dst id="IPLSng">84242.5786666667</dst>
            <dst id="KSCYng">20026.4293333333</dst>
            <dst id="LOSAng">125374.053333333</dst>
            <dst id="NYCMng">157064.832</dst>
            <dst id="SNVAng">2284.80533333333</dst>
            <dst id="STTLng">39158.5546666667</dst>
            <dst id="WASHng">372557.52</dst>
        </src>
    </IntraTM>
</TrafficMatrixFile>
