<?xml version="1.0" encoding="ISO-8859-1" standalone="yes"?>
<TrafficMatrixFile xsi:noNamespaceSchemaLocation="http://totem.run.montefiore.ulg.ac.be/Schema/TrafficMatrix-v1_2.xsd" xmlns:xsi="http://www.w3.org/2001/XMLSchema-instance">
    <IntraTM ASID="11537">
        <src id="ATLA-M5">
            <dst id="ATLA-M5">66</dst>
            <dst id="ATLAng">939.674666666667</dst>
            <dst id="CHINng">186.666666666667</dst>
            <dst id="DNVRng">0</dst>
            <dst id="HSTNng">91.5333333333333</dst>
            <dst id="IPLSng">425.704</dst>
            <dst id="KSCYng">172.490666666667</dst>
            <dst id="LOSAng">99.1413333333333</dst>
            <dst id="NYCMng">426.666666666667</dst>
            <dst id="SNVAng">0</dst>
            <dst id="STTLng">26.6666666666667</dst>
            <dst id="WASHng">1871.29066666667</dst>
        </src>
        <src id="ATLAng">
            <dst id="ATLA-M5">214.685333333333</dst>
            <dst id="ATLAng">33015.7333333333</dst>
            <dst id="CHINng">9888.93066666666</dst>
            <dst id="DNVRng">4540.01333333333</dst>
            <dst id="HSTNng">1450.92533333333</dst>
            <dst id="IPLSng">15471.952</dst>
            <dst id="KSCYng">4771.46666666667</dst>
            <dst id="LOSAng">12514.1946666667</dst>
            <dst id="NYCMng">9863.59466666666</dst>
            <dst id="SNVAng">790.650666666667</dst>
            <dst id="STTLng">4663.94666666667</dst>
            <dst id="WASHng">64888.5893333333</dst>
        </src>
        <src id="CHINng">
            <dst id="ATLA-M5">1211.248</dst>
            <dst id="ATLAng">28968.52</dst>
            <dst id="CHINng">128561.650666667</dst>
            <dst id="DNVRng">9497.92</dst>
            <dst id="HSTNng">9334.43466666667</dst>
            <dst id="IPLSng">47810.9306666667</dst>
            <dst id="KSCYng">7481.168</dst>
            <dst id="LOSAng">76365.3786666667</dst>
            <dst id="NYCMng">11661.3333333333</dst>
            <dst id="SNVAng">760.002666666667</dst>
            <dst id="STTLng">6516.90133333333</dst>
            <dst id="WASHng">49609.9013333333</dst>
        </src>
        <src id="DNVRng">
            <dst id="ATLA-M5">173.493333333333</dst>
            <dst id="ATLAng">7233.58666666667</dst>
            <dst id="CHINng">57365.184</dst>
            <dst id="DNVRng">27275.9306666667</dst>
            <dst id="HSTNng">20613.032</dst>
            <dst id="IPLSng">29904.104</dst>
            <dst id="KSCYng">23820.648</dst>
            <dst id="LOSAng">6950.088</dst>
            <dst id="NYCMng">15112.8</dst>
            <dst id="SNVAng">13667.872</dst>
            <dst id="STTLng">19697.2453333333</dst>
            <dst id="WASHng">37829.904</dst>
        </src>
        <src id="HSTNng">
            <dst id="ATLA-M5">4573.79733333333</dst>
            <dst id="ATLAng">4185.46133333333</dst>
            <dst id="CHINng">19991.1733333333</dst>
            <dst id="DNVRng">1228.90133333333</dst>
            <dst id="HSTNng">7075.59466666667</dst>
            <dst id="IPLSng">1251.94133333333</dst>
            <dst id="KSCYng">2318.184</dst>
            <dst id="LOSAng">8488.62133333333</dst>
            <dst id="NYCMng">3406.97333333333</dst>
            <dst id="SNVAng">146.738666666667</dst>
            <dst id="STTLng">927.178666666667</dst>
            <dst id="WASHng">5524.21333333333</dst>
        </src>
        <src id="IPLSng">
            <dst id="ATLA-M5">132.288</dst>
            <dst id="ATLAng">21184.8853333333</dst>
            <dst id="CHINng">103242.741333333</dst>
            <dst id="DNVRng">3109.14933333333</dst>
            <dst id="HSTNng">6383.792</dst>
            <dst id="IPLSng">8574.952</dst>
            <dst id="KSCYng">13150.6933333333</dst>
            <dst id="LOSAng">24146.1493333333</dst>
            <dst id="NYCMng">22312.664</dst>
            <dst id="SNVAng">1817.016</dst>
            <dst id="STTLng">6907.912</dst>
            <dst id="WASHng">24184.3306666667</dst>
        </src>
        <src id="KSCYng">
            <dst id="ATLA-M5">372.317333333333</dst>
            <dst id="ATLAng">3279.76</dst>
            <dst id="CHINng">28160.6373333333</dst>
            <dst id="DNVRng">8841.00533333333</dst>
            <dst id="HSTNng">4155.30666666667</dst>
            <dst id="IPLSng">15317.3386666667</dst>
            <dst id="KSCYng">13056.4346666667</dst>
            <dst id="LOSAng">5426.31733333333</dst>
            <dst id="NYCMng">4176.73066666667</dst>
            <dst id="SNVAng">141.957333333333</dst>
            <dst id="STTLng">1463.88</dst>
            <dst id="WASHng">7185</dst>
        </src>
        <src id="LOSAng">
            <dst id="ATLA-M5">1107.688</dst>
            <dst id="ATLAng">18593.792</dst>
            <dst id="CHINng">148771.733333333</dst>
            <dst id="DNVRng">7986.29066666667</dst>
            <dst id="HSTNng">11977.9493333333</dst>
            <dst id="IPLSng">50283.9893333333</dst>
            <dst id="KSCYng">7385.07733333333</dst>
            <dst id="LOSAng">15126.8453333333</dst>
            <dst id="NYCMng">62940.9546666667</dst>
            <dst id="SNVAng">14961.7573333333</dst>
            <dst id="STTLng">42432.0613333333</dst>
            <dst id="WASHng">111700.386666667</dst>
        </src>
        <src id="NYCMng">
            <dst id="ATLA-M5">419.666666666667</dst>
            <dst id="ATLAng">50507.5146666667</dst>
            <dst id="CHINng">92410.7066666667</dst>
            <dst id="DNVRng">21786.544</dst>
            <dst id="HSTNng">8217.47733333333</dst>
            <dst id="IPLSng">48810.5413333333</dst>
            <dst id="KSCYng">16280.416</dst>
            <dst id="LOSAng">56312.36</dst>
            <dst id="NYCMng">115858.84</dst>
            <dst id="SNVAng">2263.29333333333</dst>
            <dst id="STTLng">19011.2853333333</dst>
            <dst id="WASHng">96510.9786666667</dst>
        </src>
        <src id="SNVAng">
            <dst id="ATLA-M5">293.376</dst>
            <dst id="ATLAng">371.888</dst>
            <dst id="CHINng">342.912</dst>
            <dst id="DNVRng">6666.96</dst>
            <dst id="HSTNng">177.842666666667</dst>
            <dst id="IPLSng">6494.088</dst>
            <dst id="KSCYng">1267.10933333333</dst>
            <dst id="LOSAng">24819.96</dst>
            <dst id="NYCMng">360.416</dst>
            <dst id="SNVAng">10086.5706666667</dst>
            <dst id="STTLng">21165.1626666667</dst>
            <dst id="WASHng">350.861333333333</dst>
        </src>
        <src id="STTLng">
            <dst id="ATLA-M5">354.570666666667</dst>
            <dst id="ATLAng">14329.92</dst>
            <dst id="CHINng">40155.5413333333</dst>
            <dst id="DNVRng">1525.97866666667</dst>
            <dst id="HSTNng">3055.29866666667</dst>
            <dst id="IPLSng">14597.4533333333</dst>
            <dst id="KSCYng">1941.98666666667</dst>
            <dst id="LOSAng">19768.3573333333</dst>
            <dst id="NYCMng">10163.9173333333</dst>
            <dst id="SNVAng">3361.656</dst>
            <dst id="STTLng">7096.896</dst>
            <dst id="WASHng">18451.672</dst>
        </src>
        <src id="WASHng">
            <dst id="ATLA-M5">1167.576</dst>
            <dst id="ATLAng">96180.1013333333</dst>
            <dst id="CHINng">111365.128</dst>
            <dst id="DNVRng">43479.3973333333</dst>
            <dst id="HSTNng">30642.7493333333</dst>
            <dst id="IPLSng">53727.4346666667</dst>
            <dst id="KSCYng">44136.4293333333</dst>
            <dst id="LOSAng">101279.461333333</dst>
            <dst id="NYCMng">168576.618666667</dst>
            <dst id="SNVAng">5151.82133333333</dst>
            <dst id="STTLng">31590.1013333333</dst>
            <dst id="WASHng">317741.066666667</dst>
        </src>
    </IntraTM>
</TrafficMatrixFile>
