<?xml version="1.0" encoding="ISO-8859-1" standalone="yes"?>
<TrafficMatrixFile xsi:noNamespaceSchemaLocation="http://totem.run.montefiore.ulg.ac.be/Schema/TrafficMatrix-v1_2.xsd" xmlns:xsi="http://www.w3.org/2001/XMLSchema-instance">
    <IntraTM ASID="11537">
        <src id="ATLA-M5">
            <dst id="ATLA-M5">61.992</dst>
            <dst id="ATLAng">187.202666666667</dst>
            <dst id="CHINng">657.389333333333</dst>
            <dst id="DNVRng">0</dst>
            <dst id="HSTNng">170.301333333333</dst>
            <dst id="IPLSng">394.418666666667</dst>
            <dst id="KSCYng">93.528</dst>
            <dst id="LOSAng">161.056</dst>
            <dst id="NYCMng">1006.08</dst>
            <dst id="SNVAng">0</dst>
            <dst id="STTLng">713.208</dst>
            <dst id="WASHng">2515.496</dst>
        </src>
        <src id="ATLAng">
            <dst id="ATLA-M5">423.688</dst>
            <dst id="ATLAng">43882.1066666667</dst>
            <dst id="CHINng">15199.024</dst>
            <dst id="DNVRng">12729.9466666667</dst>
            <dst id="HSTNng">9617.65066666667</dst>
            <dst id="IPLSng">13737.9253333333</dst>
            <dst id="KSCYng">7096.17866666666</dst>
            <dst id="LOSAng">17670.0346666667</dst>
            <dst id="NYCMng">26076.3333333333</dst>
            <dst id="SNVAng">1814.29333333333</dst>
            <dst id="STTLng">5752.28533333333</dst>
            <dst id="WASHng">62872.3146666667</dst>
        </src>
        <src id="CHINng">
            <dst id="ATLA-M5">453.752</dst>
            <dst id="ATLAng">32847.4426666667</dst>
            <dst id="CHINng">100069.608</dst>
            <dst id="DNVRng">15917.784</dst>
            <dst id="HSTNng">7215.78133333333</dst>
            <dst id="IPLSng">44942.232</dst>
            <dst id="KSCYng">8150.61866666667</dst>
            <dst id="LOSAng">52880.76</dst>
            <dst id="NYCMng">8373.55733333333</dst>
            <dst id="SNVAng">4971.376</dst>
            <dst id="STTLng">13462.352</dst>
            <dst id="WASHng">35964.8906666667</dst>
        </src>
        <src id="DNVRng">
            <dst id="ATLA-M5">348.002666666667</dst>
            <dst id="ATLAng">33881.3706666667</dst>
            <dst id="CHINng">45489.5493333333</dst>
            <dst id="DNVRng">13692.7866666667</dst>
            <dst id="HSTNng">22030.576</dst>
            <dst id="IPLSng">29786.048</dst>
            <dst id="KSCYng">21224.1786666667</dst>
            <dst id="LOSAng">9321.29333333333</dst>
            <dst id="NYCMng">9864.024</dst>
            <dst id="SNVAng">14401.392</dst>
            <dst id="STTLng">27604.0853333333</dst>
            <dst id="WASHng">42419.92</dst>
        </src>
        <src id="HSTNng">
            <dst id="ATLA-M5">1248.67733333333</dst>
            <dst id="ATLAng">4775.416</dst>
            <dst id="CHINng">21454.1226666667</dst>
            <dst id="DNVRng">12607.592</dst>
            <dst id="HSTNng">9529.416</dst>
            <dst id="IPLSng">3038.16</dst>
            <dst id="KSCYng">2097.816</dst>
            <dst id="LOSAng">10514.288</dst>
            <dst id="NYCMng">4489.56533333333</dst>
            <dst id="SNVAng">111.386666666667</dst>
            <dst id="STTLng">2882.73866666667</dst>
            <dst id="WASHng">6847.328</dst>
        </src>
        <src id="IPLSng">
            <dst id="ATLA-M5">1278.87466666667</dst>
            <dst id="ATLAng">20408.2613333333</dst>
            <dst id="CHINng">80962.12</dst>
            <dst id="DNVRng">13913.8106666667</dst>
            <dst id="HSTNng">10151.792</dst>
            <dst id="IPLSng">37752.4853333333</dst>
            <dst id="KSCYng">8595.58133333333</dst>
            <dst id="LOSAng">55372.8906666667</dst>
            <dst id="NYCMng">28985.9653333333</dst>
            <dst id="SNVAng">3202.84266666667</dst>
            <dst id="STTLng">13680.88</dst>
            <dst id="WASHng">31498.9786666667</dst>
        </src>
        <src id="KSCYng">
            <dst id="ATLA-M5">941.181333333333</dst>
            <dst id="ATLAng">5485.09333333333</dst>
            <dst id="CHINng">31967.1546666667</dst>
            <dst id="DNVRng">15582.0533333333</dst>
            <dst id="HSTNng">5691.65066666667</dst>
            <dst id="IPLSng">12749.568</dst>
            <dst id="KSCYng">7216.79733333333</dst>
            <dst id="LOSAng">11793.9093333333</dst>
            <dst id="NYCMng">10731.968</dst>
            <dst id="SNVAng">298.248</dst>
            <dst id="STTLng">2450.48533333333</dst>
            <dst id="WASHng">12813.7413333333</dst>
        </src>
        <src id="LOSAng">
            <dst id="ATLA-M5">2391.264</dst>
            <dst id="ATLAng">37565.792</dst>
            <dst id="CHINng">118027.717333333</dst>
            <dst id="DNVRng">17474.8266666667</dst>
            <dst id="HSTNng">23105.928</dst>
            <dst id="IPLSng">76483.8</dst>
            <dst id="KSCYng">6890.65066666667</dst>
            <dst id="LOSAng">12391.2773333333</dst>
            <dst id="NYCMng">90288.2026666667</dst>
            <dst id="SNVAng">14526.6693333333</dst>
            <dst id="STTLng">75185.7066666667</dst>
            <dst id="WASHng">134431.546666667</dst>
        </src>
        <src id="NYCMng">
            <dst id="ATLA-M5">5506.58933333333</dst>
            <dst id="ATLAng">68759.9413333333</dst>
            <dst id="CHINng">59573.696</dst>
            <dst id="DNVRng">114190.562666667</dst>
            <dst id="HSTNng">13368.6586666667</dst>
            <dst id="IPLSng">55930.3333333333</dst>
            <dst id="KSCYng">27093.8693333333</dst>
            <dst id="LOSAng">96295.5493333333</dst>
            <dst id="NYCMng">130508.968</dst>
            <dst id="SNVAng">4876.696</dst>
            <dst id="STTLng">28039.7493333333</dst>
            <dst id="WASHng">113346.376</dst>
        </src>
        <src id="SNVAng">
            <dst id="ATLA-M5">0</dst>
            <dst id="ATLAng">687.117333333333</dst>
            <dst id="CHINng">3347.26933333333</dst>
            <dst id="DNVRng">1535.472</dst>
            <dst id="HSTNng">402.834666666667</dst>
            <dst id="IPLSng">5345.424</dst>
            <dst id="KSCYng">163.192</dst>
            <dst id="LOSAng">42747.6</dst>
            <dst id="NYCMng">8437.376</dst>
            <dst id="SNVAng">23910.3626666667</dst>
            <dst id="STTLng">42795.6346666667</dst>
            <dst id="WASHng">713.528</dst>
        </src>
        <src id="STTLng">
            <dst id="ATLA-M5">850.896</dst>
            <dst id="ATLAng">16168.616</dst>
            <dst id="CHINng">27303.392</dst>
            <dst id="DNVRng">5512.30933333333</dst>
            <dst id="HSTNng">4218.09333333333</dst>
            <dst id="IPLSng">17451.6826666667</dst>
            <dst id="KSCYng">6885.13066666667</dst>
            <dst id="LOSAng">34426.8746666667</dst>
            <dst id="NYCMng">15063.4906666667</dst>
            <dst id="SNVAng">5251.448</dst>
            <dst id="STTLng">6190.57866666667</dst>
            <dst id="WASHng">22420.0133333333</dst>
        </src>
        <src id="WASHng">
            <dst id="ATLA-M5">673.781333333333</dst>
            <dst id="ATLAng">166591.493333333</dst>
            <dst id="CHINng">91346.9226666666</dst>
            <dst id="DNVRng">69744.1333333333</dst>
            <dst id="HSTNng">38811.1866666667</dst>
            <dst id="IPLSng">106845.378666667</dst>
            <dst id="KSCYng">29487.752</dst>
            <dst id="LOSAng">130397.597333333</dst>
            <dst id="NYCMng">158548.357333333</dst>
            <dst id="SNVAng">4808.344</dst>
            <dst id="STTLng">32672.176</dst>
            <dst id="WASHng">281199.226666667</dst>
        </src>
    </IntraTM>
</TrafficMatrixFile>
