<?xml version="1.0" encoding="ISO-8859-1" standalone="yes"?>
<TrafficMatrixFile xsi:noNamespaceSchemaLocation="http://totem.run.montefiore.ulg.ac.be/Schema/TrafficMatrix-v1_2.xsd" xmlns:xsi="http://www.w3.org/2001/XMLSchema-instance">
    <IntraTM ASID="11537">
        <src id="ATLA-M5">
            <dst id="ATLA-M5">47.016</dst>
            <dst id="ATLAng">393.530666666667</dst>
            <dst id="CHINng">254.6</dst>
            <dst id="DNVRng">0</dst>
            <dst id="HSTNng">73.384</dst>
            <dst id="IPLSng">0</dst>
            <dst id="KSCYng">1372.11466666667</dst>
            <dst id="LOSAng">32.32</dst>
            <dst id="NYCMng">80</dst>
            <dst id="SNVAng">0</dst>
            <dst id="STTLng">801.784</dst>
            <dst id="WASHng">1829.93333333333</dst>
        </src>
        <src id="ATLAng">
            <dst id="ATLA-M5">199.405333333333</dst>
            <dst id="ATLAng">37727.616</dst>
            <dst id="CHINng">5386.15733333333</dst>
            <dst id="DNVRng">7316.40266666667</dst>
            <dst id="HSTNng">1367.864</dst>
            <dst id="IPLSng">12081.8853333333</dst>
            <dst id="KSCYng">7783.06666666667</dst>
            <dst id="LOSAng">19164.744</dst>
            <dst id="NYCMng">4132.48533333333</dst>
            <dst id="SNVAng">542.301333333333</dst>
            <dst id="STTLng">4217.06133333333</dst>
            <dst id="WASHng">27042.624</dst>
        </src>
        <src id="CHINng">
            <dst id="ATLA-M5">194.562666666667</dst>
            <dst id="ATLAng">21257.4053333333</dst>
            <dst id="CHINng">77000.952</dst>
            <dst id="DNVRng">16705.4933333333</dst>
            <dst id="HSTNng">7526.864</dst>
            <dst id="IPLSng">50594.72</dst>
            <dst id="KSCYng">5949.91733333333</dst>
            <dst id="LOSAng">55092.8933333333</dst>
            <dst id="NYCMng">9387.256</dst>
            <dst id="SNVAng">958.216</dst>
            <dst id="STTLng">14025.7066666667</dst>
            <dst id="WASHng">18075.296</dst>
        </src>
        <src id="DNVRng">
            <dst id="ATLA-M5">60.96</dst>
            <dst id="ATLAng">10719.632</dst>
            <dst id="CHINng">47332.3013333333</dst>
            <dst id="DNVRng">9407.60266666667</dst>
            <dst id="HSTNng">23541.7093333333</dst>
            <dst id="IPLSng">26023.8986666667</dst>
            <dst id="KSCYng">22611.808</dst>
            <dst id="LOSAng">15847.728</dst>
            <dst id="NYCMng">8680.00533333334</dst>
            <dst id="SNVAng">9726.06133333333</dst>
            <dst id="STTLng">21220.5706666667</dst>
            <dst id="WASHng">33320.9733333333</dst>
        </src>
        <src id="HSTNng">
            <dst id="ATLA-M5">3501.312</dst>
            <dst id="ATLAng">34132.848</dst>
            <dst id="CHINng">12770.8506666667</dst>
            <dst id="DNVRng">2537.62933333333</dst>
            <dst id="HSTNng">9788.56</dst>
            <dst id="IPLSng">1660.70933333333</dst>
            <dst id="KSCYng">1512.872</dst>
            <dst id="LOSAng">16334.6266666667</dst>
            <dst id="NYCMng">2025.984</dst>
            <dst id="SNVAng">0</dst>
            <dst id="STTLng">2309.62933333333</dst>
            <dst id="WASHng">6552.55466666667</dst>
        </src>
        <src id="IPLSng">
            <dst id="ATLA-M5">0</dst>
            <dst id="ATLAng">10184.6746666667</dst>
            <dst id="CHINng">63520.8613333333</dst>
            <dst id="DNVRng">8036.808</dst>
            <dst id="HSTNng">3156.95466666667</dst>
            <dst id="IPLSng">65498.456</dst>
            <dst id="KSCYng">4216.45333333333</dst>
            <dst id="LOSAng">52827.8693333333</dst>
            <dst id="NYCMng">19521.2533333333</dst>
            <dst id="SNVAng">2200.08533333333</dst>
            <dst id="STTLng">11706.1333333333</dst>
            <dst id="WASHng">15456.784</dst>
        </src>
        <src id="KSCYng">
            <dst id="ATLA-M5">27.7066666666667</dst>
            <dst id="ATLAng">3870.424</dst>
            <dst id="CHINng">63221.032</dst>
            <dst id="DNVRng">10515.0933333333</dst>
            <dst id="HSTNng">8242.992</dst>
            <dst id="IPLSng">13674.72</dst>
            <dst id="KSCYng">9466.27466666667</dst>
            <dst id="LOSAng">9376.432</dst>
            <dst id="NYCMng">2972.144</dst>
            <dst id="SNVAng">843.656</dst>
            <dst id="STTLng">1484.744</dst>
            <dst id="WASHng">5313.81333333333</dst>
        </src>
        <src id="LOSAng">
            <dst id="ATLA-M5">193.186666666667</dst>
            <dst id="ATLAng">21292.1466666667</dst>
            <dst id="CHINng">89888.304</dst>
            <dst id="DNVRng">13134.08</dst>
            <dst id="HSTNng">5929.81333333333</dst>
            <dst id="IPLSng">60989.8906666667</dst>
            <dst id="KSCYng">4141.48266666667</dst>
            <dst id="LOSAng">15842.832</dst>
            <dst id="NYCMng">69777.8053333333</dst>
            <dst id="SNVAng">9450.94933333333</dst>
            <dst id="STTLng">52087.9786666667</dst>
            <dst id="WASHng">101747.397333333</dst>
        </src>
        <src id="NYCMng">
            <dst id="ATLA-M5">257.064</dst>
            <dst id="ATLAng">53662.064</dst>
            <dst id="CHINng">44573.2053333333</dst>
            <dst id="DNVRng">121126.984</dst>
            <dst id="HSTNng">5514.72533333333</dst>
            <dst id="IPLSng">49787.4133333333</dst>
            <dst id="KSCYng">14147.8746666667</dst>
            <dst id="LOSAng">108903.741333333</dst>
            <dst id="NYCMng">69856.2613333334</dst>
            <dst id="SNVAng">2033.46666666667</dst>
            <dst id="STTLng">31526.9173333333</dst>
            <dst id="WASHng">62936.032</dst>
        </src>
        <src id="SNVAng">
            <dst id="ATLA-M5">0</dst>
            <dst id="ATLAng">0</dst>
            <dst id="CHINng">266.829333333333</dst>
            <dst id="DNVRng">14049.736</dst>
            <dst id="HSTNng">29.2266666666667</dst>
            <dst id="IPLSng">345.242666666667</dst>
            <dst id="KSCYng">236.136</dst>
            <dst id="LOSAng">35864.944</dst>
            <dst id="NYCMng">338.530666666667</dst>
            <dst id="SNVAng">9484.94133333333</dst>
            <dst id="STTLng">23382.7466666667</dst>
            <dst id="WASHng">26.6666666666667</dst>
        </src>
        <src id="STTLng">
            <dst id="ATLA-M5">587.656</dst>
            <dst id="ATLAng">10783.92</dst>
            <dst id="CHINng">14365.6266666667</dst>
            <dst id="DNVRng">3788.592</dst>
            <dst id="HSTNng">4775.47466666667</dst>
            <dst id="IPLSng">6206.672</dst>
            <dst id="KSCYng">2451.21866666667</dst>
            <dst id="LOSAng">32508.1413333333</dst>
            <dst id="NYCMng">7432.52533333333</dst>
            <dst id="SNVAng">4166.72266666667</dst>
            <dst id="STTLng">5445.82666666667</dst>
            <dst id="WASHng">9109.872</dst>
        </src>
        <src id="WASHng">
            <dst id="ATLA-M5">974.866666666667</dst>
            <dst id="ATLAng">92517.936</dst>
            <dst id="CHINng">73362.0373333333</dst>
            <dst id="DNVRng">70065.8906666667</dst>
            <dst id="HSTNng">40520.2373333333</dst>
            <dst id="IPLSng">44789.9386666667</dst>
            <dst id="KSCYng">17199.7546666667</dst>
            <dst id="LOSAng">116329.416</dst>
            <dst id="NYCMng">180177.466666667</dst>
            <dst id="SNVAng">7280.70933333333</dst>
            <dst id="STTLng">31354.096</dst>
            <dst id="WASHng">284860.96</dst>
        </src>
    </IntraTM>
</TrafficMatrixFile>
