<?xml version="1.0" encoding="ISO-8859-1" standalone="yes"?>
<TrafficMatrixFile xsi:noNamespaceSchemaLocation="http://totem.run.montefiore.ulg.ac.be/Schema/TrafficMatrix-v1_2.xsd" xmlns:xsi="http://www.w3.org/2001/XMLSchema-instance">
    <IntraTM ASID="11537">
        <src id="ATLA-M5">
            <dst id="ATLA-M5">0</dst>
            <dst id="ATLAng">106.666666666667</dst>
            <dst id="CHINng">901.274666666667</dst>
            <dst id="DNVRng">0</dst>
            <dst id="HSTNng">64.3466666666667</dst>
            <dst id="IPLSng">42.3253333333333</dst>
            <dst id="KSCYng">0</dst>
            <dst id="LOSAng">101.010666666667</dst>
            <dst id="NYCMng">26.6666666666667</dst>
            <dst id="SNVAng">0</dst>
            <dst id="STTLng">0</dst>
            <dst id="WASHng">464.504</dst>
        </src>
        <src id="ATLAng">
            <dst id="ATLA-M5">139.242666666667</dst>
            <dst id="ATLAng">41638.9733333333</dst>
            <dst id="CHINng">3739.23733333333</dst>
            <dst id="DNVRng">6967.96533333333</dst>
            <dst id="HSTNng">2237.776</dst>
            <dst id="IPLSng">9355.216</dst>
            <dst id="KSCYng">2269.448</dst>
            <dst id="LOSAng">13701.76</dst>
            <dst id="NYCMng">21807.9013333333</dst>
            <dst id="SNVAng">467.653333333333</dst>
            <dst id="STTLng">3503.824</dst>
            <dst id="WASHng">49483.6053333333</dst>
        </src>
        <src id="CHINng">
            <dst id="ATLA-M5">73.2053333333334</dst>
            <dst id="ATLAng">46612.856</dst>
            <dst id="CHINng">98740.1706666666</dst>
            <dst id="DNVRng">11248.8133333333</dst>
            <dst id="HSTNng">4207.16533333333</dst>
            <dst id="IPLSng">19913.2933333333</dst>
            <dst id="KSCYng">2738.74933333333</dst>
            <dst id="LOSAng">41112.704</dst>
            <dst id="NYCMng">4433.608</dst>
            <dst id="SNVAng">199.266666666667</dst>
            <dst id="STTLng">5813.20266666667</dst>
            <dst id="WASHng">14718.8853333333</dst>
        </src>
        <src id="DNVRng">
            <dst id="ATLA-M5">192.8</dst>
            <dst id="ATLAng">9638.66933333334</dst>
            <dst id="CHINng">56908.752</dst>
            <dst id="DNVRng">2347.512</dst>
            <dst id="HSTNng">11731.2346666667</dst>
            <dst id="IPLSng">42349.1946666667</dst>
            <dst id="KSCYng">12083.048</dst>
            <dst id="LOSAng">6168.8</dst>
            <dst id="NYCMng">6376.10133333333</dst>
            <dst id="SNVAng">6690.872</dst>
            <dst id="STTLng">6005.85066666667</dst>
            <dst id="WASHng">32102.5546666667</dst>
        </src>
        <src id="HSTNng">
            <dst id="ATLA-M5">4010.89866666667</dst>
            <dst id="ATLAng">2901.93866666667</dst>
            <dst id="CHINng">19574.0266666667</dst>
            <dst id="DNVRng">649.477333333333</dst>
            <dst id="HSTNng">2246.59733333333</dst>
            <dst id="IPLSng">9461.64533333333</dst>
            <dst id="KSCYng">1106.928</dst>
            <dst id="LOSAng">5382.51733333333</dst>
            <dst id="NYCMng">3096.40533333333</dst>
            <dst id="SNVAng">247.032</dst>
            <dst id="STTLng">1861.072</dst>
            <dst id="WASHng">4304.94666666667</dst>
        </src>
        <src id="IPLSng">
            <dst id="ATLA-M5">0</dst>
            <dst id="ATLAng">17853.296</dst>
            <dst id="CHINng">82417.6293333334</dst>
            <dst id="DNVRng">2533.272</dst>
            <dst id="HSTNng">2693.77066666667</dst>
            <dst id="IPLSng">29124.232</dst>
            <dst id="KSCYng">2539.46133333333</dst>
            <dst id="LOSAng">40382.4186666667</dst>
            <dst id="NYCMng">25259.8746666667</dst>
            <dst id="SNVAng">5855.11466666667</dst>
            <dst id="STTLng">8223.21066666667</dst>
            <dst id="WASHng">22195.3253333333</dst>
        </src>
        <src id="KSCYng">
            <dst id="ATLA-M5">0</dst>
            <dst id="ATLAng">2536.22133333333</dst>
            <dst id="CHINng">21505.2586666667</dst>
            <dst id="DNVRng">8514.85333333333</dst>
            <dst id="HSTNng">3553.52533333333</dst>
            <dst id="IPLSng">4047.90133333333</dst>
            <dst id="KSCYng">3451.53866666667</dst>
            <dst id="LOSAng">8213.90933333333</dst>
            <dst id="NYCMng">5208.81866666667</dst>
            <dst id="SNVAng">913.538666666667</dst>
            <dst id="STTLng">2115.22666666667</dst>
            <dst id="WASHng">5130.904</dst>
        </src>
        <src id="LOSAng">
            <dst id="ATLA-M5">1371.87466666667</dst>
            <dst id="ATLAng">52271.2186666667</dst>
            <dst id="CHINng">129819.376</dst>
            <dst id="DNVRng">10669.2666666667</dst>
            <dst id="HSTNng">10710.9733333333</dst>
            <dst id="IPLSng">24872.288</dst>
            <dst id="KSCYng">2989.06666666667</dst>
            <dst id="LOSAng">22474.984</dst>
            <dst id="NYCMng">66444.7306666667</dst>
            <dst id="SNVAng">8019.648</dst>
            <dst id="STTLng">38796.04</dst>
            <dst id="WASHng">64690.1466666667</dst>
        </src>
        <src id="NYCMng">
            <dst id="ATLA-M5">278.874666666667</dst>
            <dst id="ATLAng">48068.1813333333</dst>
            <dst id="CHINng">46856.4373333333</dst>
            <dst id="DNVRng">71165.792</dst>
            <dst id="HSTNng">4843.25066666667</dst>
            <dst id="IPLSng">43633.408</dst>
            <dst id="KSCYng">11942.384</dst>
            <dst id="LOSAng">54333.2986666667</dst>
            <dst id="NYCMng">123394.768</dst>
            <dst id="SNVAng">1356.07733333333</dst>
            <dst id="STTLng">26681.5733333333</dst>
            <dst id="WASHng">66905.5066666667</dst>
        </src>
        <src id="SNVAng">
            <dst id="ATLA-M5">0</dst>
            <dst id="ATLAng">416.650666666667</dst>
            <dst id="CHINng">811.445333333333</dst>
            <dst id="DNVRng">10418.4346666667</dst>
            <dst id="HSTNng">223.285333333333</dst>
            <dst id="IPLSng">5574.904</dst>
            <dst id="KSCYng">74.208</dst>
            <dst id="LOSAng">27444.0826666667</dst>
            <dst id="NYCMng">1319.752</dst>
            <dst id="SNVAng">7720.336</dst>
            <dst id="STTLng">19461.8906666667</dst>
            <dst id="WASHng">133.333333333333</dst>
        </src>
        <src id="STTLng">
            <dst id="ATLA-M5">26.6666666666667</dst>
            <dst id="ATLAng">9963.48533333333</dst>
            <dst id="CHINng">39703.3813333333</dst>
            <dst id="DNVRng">943.776</dst>
            <dst id="HSTNng">2637.00266666667</dst>
            <dst id="IPLSng">7054.97066666667</dst>
            <dst id="KSCYng">1453.304</dst>
            <dst id="LOSAng">22128.7413333333</dst>
            <dst id="NYCMng">11191.232</dst>
            <dst id="SNVAng">1762.064</dst>
            <dst id="STTLng">1004.56266666667</dst>
            <dst id="WASHng">8091.616</dst>
        </src>
        <src id="WASHng">
            <dst id="ATLA-M5">85.832</dst>
            <dst id="ATLAng">100247.026666667</dst>
            <dst id="CHINng">75274.968</dst>
            <dst id="DNVRng">57365.904</dst>
            <dst id="HSTNng">12766.4533333333</dst>
            <dst id="IPLSng">68184.3466666667</dst>
            <dst id="KSCYng">11433.1866666667</dst>
            <dst id="LOSAng">93134.8293333334</dst>
            <dst id="NYCMng">121478.533333333</dst>
            <dst id="SNVAng">2953.81066666667</dst>
            <dst id="STTLng">23838.8373333333</dst>
            <dst id="WASHng">278198.56</dst>
        </src>
    </IntraTM>
</TrafficMatrixFile>
