<?xml version="1.0" encoding="ISO-8859-1" standalone="yes"?>
<TrafficMatrixFile xsi:noNamespaceSchemaLocation="http://totem.run.montefiore.ulg.ac.be/Schema/TrafficMatrix-v1_2.xsd" xmlns:xsi="http://www.w3.org/2001/XMLSchema-instance">
    <IntraTM ASID="11537">
        <src id="ATLA-M5">
            <dst id="ATLA-M5">0</dst>
            <dst id="ATLAng">26.6666666666667</dst>
            <dst id="CHINng">889.864</dst>
            <dst id="DNVRng">0</dst>
            <dst id="HSTNng">3947.01066666667</dst>
            <dst id="IPLSng">53.3333333333333</dst>
            <dst id="KSCYng">832.018666666667</dst>
            <dst id="LOSAng">247.272</dst>
            <dst id="NYCMng">26.6666666666667</dst>
            <dst id="SNVAng">0</dst>
            <dst id="STTLng">26.6666666666667</dst>
            <dst id="WASHng">1557.45066666667</dst>
        </src>
        <src id="ATLAng">
            <dst id="ATLA-M5">221.624</dst>
            <dst id="ATLAng">56282.2533333333</dst>
            <dst id="CHINng">4744.85866666667</dst>
            <dst id="DNVRng">5893.59733333333</dst>
            <dst id="HSTNng">5998.05066666667</dst>
            <dst id="IPLSng">12080.6906666667</dst>
            <dst id="KSCYng">581.96</dst>
            <dst id="LOSAng">37551.3973333333</dst>
            <dst id="NYCMng">7519.12266666667</dst>
            <dst id="SNVAng">579.433333333333</dst>
            <dst id="STTLng">4713.25333333333</dst>
            <dst id="WASHng">23458.7146666667</dst>
        </src>
        <src id="CHINng">
            <dst id="ATLA-M5">546.76</dst>
            <dst id="ATLAng">17219.976</dst>
            <dst id="CHINng">173819.757333333</dst>
            <dst id="DNVRng">14491.2613333333</dst>
            <dst id="HSTNng">4220.29866666667</dst>
            <dst id="IPLSng">70432.944</dst>
            <dst id="KSCYng">8076.00533333333</dst>
            <dst id="LOSAng">61668.1253333333</dst>
            <dst id="NYCMng">19593.816</dst>
            <dst id="SNVAng">1103.17066666667</dst>
            <dst id="STTLng">5679.8</dst>
            <dst id="WASHng">21258.1333333333</dst>
        </src>
        <src id="DNVRng">
            <dst id="ATLA-M5">101.205333333333</dst>
            <dst id="ATLAng">11007.3146666667</dst>
            <dst id="CHINng">43086.7386666667</dst>
            <dst id="DNVRng">32109.6613333333</dst>
            <dst id="HSTNng">25180.7253333333</dst>
            <dst id="IPLSng">20611.6186666667</dst>
            <dst id="KSCYng">23631.7706666667</dst>
            <dst id="LOSAng">12527.9306666667</dst>
            <dst id="NYCMng">27017.84</dst>
            <dst id="SNVAng">15430.3893333333</dst>
            <dst id="STTLng">14669.9626666667</dst>
            <dst id="WASHng">30907.7066666667</dst>
        </src>
        <src id="HSTNng">
            <dst id="ATLA-M5">634.176</dst>
            <dst id="ATLAng">4310.81333333333</dst>
            <dst id="CHINng">8488.17066666667</dst>
            <dst id="DNVRng">2059.15466666667</dst>
            <dst id="HSTNng">3380.42933333333</dst>
            <dst id="IPLSng">998.378666666667</dst>
            <dst id="KSCYng">871.034666666666</dst>
            <dst id="LOSAng">11897.632</dst>
            <dst id="NYCMng">7095.57866666667</dst>
            <dst id="SNVAng">0</dst>
            <dst id="STTLng">2650.17866666667</dst>
            <dst id="WASHng">10293.808</dst>
        </src>
        <src id="IPLSng">
            <dst id="ATLA-M5">56.624</dst>
            <dst id="ATLAng">11920.8746666667</dst>
            <dst id="CHINng">51110.2373333333</dst>
            <dst id="DNVRng">3653.90666666667</dst>
            <dst id="HSTNng">893.685333333333</dst>
            <dst id="IPLSng">39762.384</dst>
            <dst id="KSCYng">2443.12266666667</dst>
            <dst id="LOSAng">71796.384</dst>
            <dst id="NYCMng">20167.6426666667</dst>
            <dst id="SNVAng">1499.45333333333</dst>
            <dst id="STTLng">10346.048</dst>
            <dst id="WASHng">18652.48</dst>
        </src>
        <src id="KSCYng">
            <dst id="ATLA-M5">176.056</dst>
            <dst id="ATLAng">2449.81066666667</dst>
            <dst id="CHINng">20416.928</dst>
            <dst id="DNVRng">16165.6426666667</dst>
            <dst id="HSTNng">5377.368</dst>
            <dst id="IPLSng">10868.4053333333</dst>
            <dst id="KSCYng">6321.09866666667</dst>
            <dst id="LOSAng">10903.8826666667</dst>
            <dst id="NYCMng">3274.83466666667</dst>
            <dst id="SNVAng">173.578666666667</dst>
            <dst id="STTLng">3484.568</dst>
            <dst id="WASHng">17586.9386666667</dst>
        </src>
        <src id="LOSAng">
            <dst id="ATLA-M5">89.5626666666667</dst>
            <dst id="ATLAng">27603.48</dst>
            <dst id="CHINng">85057.624</dst>
            <dst id="DNVRng">11131.9946666667</dst>
            <dst id="HSTNng">12207.6586666667</dst>
            <dst id="IPLSng">45623.776</dst>
            <dst id="KSCYng">7827.10666666667</dst>
            <dst id="LOSAng">19979.5653333333</dst>
            <dst id="NYCMng">99501.3306666667</dst>
            <dst id="SNVAng">12099.544</dst>
            <dst id="STTLng">73426.936</dst>
            <dst id="WASHng">93150.3306666667</dst>
        </src>
        <src id="NYCMng">
            <dst id="ATLA-M5">295.146666666667</dst>
            <dst id="ATLAng">31778.8986666667</dst>
            <dst id="CHINng">61222.592</dst>
            <dst id="DNVRng">117325.058666667</dst>
            <dst id="HSTNng">11701.7893333333</dst>
            <dst id="IPLSng">41111.3333333333</dst>
            <dst id="KSCYng">9066.344</dst>
            <dst id="LOSAng">93529.0906666667</dst>
            <dst id="NYCMng">67441.456</dst>
            <dst id="SNVAng">925.12</dst>
            <dst id="STTLng">32002.2506666667</dst>
            <dst id="WASHng">50968.4613333333</dst>
        </src>
        <src id="SNVAng">
            <dst id="ATLA-M5">0</dst>
            <dst id="ATLAng">122.042666666667</dst>
            <dst id="CHINng">340.648</dst>
            <dst id="DNVRng">17940.7973333333</dst>
            <dst id="HSTNng">3334.02133333333</dst>
            <dst id="IPLSng">7840.45866666667</dst>
            <dst id="KSCYng">9645.09866666666</dst>
            <dst id="LOSAng">42790.808</dst>
            <dst id="NYCMng">143.253333333333</dst>
            <dst id="SNVAng">10320.904</dst>
            <dst id="STTLng">28119.9626666667</dst>
            <dst id="WASHng">102.613333333333</dst>
        </src>
        <src id="STTLng">
            <dst id="ATLA-M5">0</dst>
            <dst id="ATLAng">9204.02666666666</dst>
            <dst id="CHINng">12868.8026666667</dst>
            <dst id="DNVRng">3447.73333333333</dst>
            <dst id="HSTNng">2844.32266666667</dst>
            <dst id="IPLSng">7774.784</dst>
            <dst id="KSCYng">4456.09066666667</dst>
            <dst id="LOSAng">33655.6533333333</dst>
            <dst id="NYCMng">8038.712</dst>
            <dst id="SNVAng">3372.55466666667</dst>
            <dst id="STTLng">6026.92</dst>
            <dst id="WASHng">7070.02933333333</dst>
        </src>
        <src id="WASHng">
            <dst id="ATLA-M5">1284.584</dst>
            <dst id="ATLAng">137266.426666667</dst>
            <dst id="CHINng">76964.4853333333</dst>
            <dst id="DNVRng">46370.9093333333</dst>
            <dst id="HSTNng">25366.824</dst>
            <dst id="IPLSng">72951.5253333333</dst>
            <dst id="KSCYng">21999.152</dst>
            <dst id="LOSAng">134099.413333333</dst>
            <dst id="NYCMng">144780.805333333</dst>
            <dst id="SNVAng">4512.90666666667</dst>
            <dst id="STTLng">27678.1226666667</dst>
            <dst id="WASHng">178133.685333333</dst>
        </src>
    </IntraTM>
</TrafficMatrixFile>
