<?xml version="1.0" encoding="ISO-8859-1" standalone="yes"?>
<TrafficMatrixFile xsi:noNamespaceSchemaLocation="http://totem.run.montefiore.ulg.ac.be/Schema/TrafficMatrix-v1_2.xsd" xmlns:xsi="http://www.w3.org/2001/XMLSchema-instance">
    <IntraTM ASID="11537">
        <src id="ATLA-M5">
            <dst id="ATLA-M5">0</dst>
            <dst id="ATLAng">30.1973333333333</dst>
            <dst id="CHINng">53.3333333333333</dst>
            <dst id="DNVRng">26.6666666666667</dst>
            <dst id="HSTNng">0</dst>
            <dst id="IPLSng">53.3333333333333</dst>
            <dst id="KSCYng">0</dst>
            <dst id="LOSAng">114.117333333333</dst>
            <dst id="NYCMng">0</dst>
            <dst id="SNVAng">0</dst>
            <dst id="STTLng">58.536</dst>
            <dst id="WASHng">831.573333333333</dst>
        </src>
        <src id="ATLAng">
            <dst id="ATLA-M5">140.221333333333</dst>
            <dst id="ATLAng">29187.6693333333</dst>
            <dst id="CHINng">13960.1173333333</dst>
            <dst id="DNVRng">3091.368</dst>
            <dst id="HSTNng">1622.27733333333</dst>
            <dst id="IPLSng">12090.432</dst>
            <dst id="KSCYng">1341.79466666667</dst>
            <dst id="LOSAng">17050.028</dst>
            <dst id="NYCMng">6929.36</dst>
            <dst id="SNVAng">106.854666666667</dst>
            <dst id="STTLng">4853.33066666667</dst>
            <dst id="WASHng">35895.5573333333</dst>
        </src>
        <src id="CHINng">
            <dst id="ATLA-M5">0</dst>
            <dst id="ATLAng">14283.6026666667</dst>
            <dst id="CHINng">160904.010666667</dst>
            <dst id="DNVRng">14679.3813333333</dst>
            <dst id="HSTNng">5603.67466666667</dst>
            <dst id="IPLSng">51132.3173333333</dst>
            <dst id="KSCYng">16445.6186666667</dst>
            <dst id="LOSAng">75974.8186666667</dst>
            <dst id="NYCMng">13995.4933333333</dst>
            <dst id="SNVAng">1236.69866666667</dst>
            <dst id="STTLng">7758.18933333333</dst>
            <dst id="WASHng">14519.9413333333</dst>
        </src>
        <src id="DNVRng">
            <dst id="ATLA-M5">0</dst>
            <dst id="ATLAng">6921.49066666667</dst>
            <dst id="CHINng">47984.176</dst>
            <dst id="DNVRng">31408.3173333333</dst>
            <dst id="HSTNng">29031.7013333333</dst>
            <dst id="IPLSng">22402.3706666667</dst>
            <dst id="KSCYng">28979.5066666667</dst>
            <dst id="LOSAng">9316.67466666666</dst>
            <dst id="NYCMng">13314.9093333333</dst>
            <dst id="SNVAng">14654.7626666667</dst>
            <dst id="STTLng">21678.5093333333</dst>
            <dst id="WASHng">32100.5893333333</dst>
        </src>
        <src id="HSTNng">
            <dst id="ATLA-M5">220</dst>
            <dst id="ATLAng">3182.048</dst>
            <dst id="CHINng">12517.3973333333</dst>
            <dst id="DNVRng">1624.736</dst>
            <dst id="HSTNng">4498.50933333333</dst>
            <dst id="IPLSng">1333.62133333333</dst>
            <dst id="KSCYng">2592.81333333333</dst>
            <dst id="LOSAng">10948.2826666667</dst>
            <dst id="NYCMng">9861.912</dst>
            <dst id="SNVAng">0</dst>
            <dst id="STTLng">984.090666666667</dst>
            <dst id="WASHng">1534.85333333333</dst>
        </src>
        <src id="IPLSng">
            <dst id="ATLA-M5">26.6666666666667</dst>
            <dst id="ATLAng">11704.9733333333</dst>
            <dst id="CHINng">74460.872</dst>
            <dst id="DNVRng">4559.24266666667</dst>
            <dst id="HSTNng">1034.97866666667</dst>
            <dst id="IPLSng">30128.672</dst>
            <dst id="KSCYng">2193.95733333333</dst>
            <dst id="LOSAng">65893.2</dst>
            <dst id="NYCMng">14813.9306666667</dst>
            <dst id="SNVAng">352.205333333333</dst>
            <dst id="STTLng">11904.536</dst>
            <dst id="WASHng">5887.41333333333</dst>
        </src>
        <src id="KSCYng">
            <dst id="ATLA-M5">0</dst>
            <dst id="ATLAng">1071.064</dst>
            <dst id="CHINng">23514.5386666667</dst>
            <dst id="DNVRng">9209.82666666667</dst>
            <dst id="HSTNng">2797.49866666667</dst>
            <dst id="IPLSng">13568.856</dst>
            <dst id="KSCYng">9379.2</dst>
            <dst id="LOSAng">6316.63733333333</dst>
            <dst id="NYCMng">3180.94666666667</dst>
            <dst id="SNVAng">53.3333333333333</dst>
            <dst id="STTLng">1884.89866666667</dst>
            <dst id="WASHng">6518.272</dst>
        </src>
        <src id="LOSAng">
            <dst id="ATLA-M5">0</dst>
            <dst id="ATLAng">13715.64</dst>
            <dst id="CHINng">98664.752</dst>
            <dst id="DNVRng">9368.28</dst>
            <dst id="HSTNng">9055.99733333333</dst>
            <dst id="IPLSng">37933.96</dst>
            <dst id="KSCYng">3693.264</dst>
            <dst id="LOSAng">15653.7066666667</dst>
            <dst id="NYCMng">61162.3333333334</dst>
            <dst id="SNVAng">5418.82666666667</dst>
            <dst id="STTLng">55493.584</dst>
            <dst id="WASHng">111235.949333333</dst>
        </src>
        <src id="NYCMng">
            <dst id="ATLA-M5">588.970666666667</dst>
            <dst id="ATLAng">26562.0373333333</dst>
            <dst id="CHINng">51719.008</dst>
            <dst id="DNVRng">118688.570666667</dst>
            <dst id="HSTNng">11975.7813333333</dst>
            <dst id="IPLSng">21539.888</dst>
            <dst id="KSCYng">10111.2266666667</dst>
            <dst id="LOSAng">90610.6426666667</dst>
            <dst id="NYCMng">84394.7013333333</dst>
            <dst id="SNVAng">2182.872</dst>
            <dst id="STTLng">25894.2506666667</dst>
            <dst id="WASHng">52290.7813333333</dst>
        </src>
        <src id="SNVAng">
            <dst id="ATLA-M5">0</dst>
            <dst id="ATLAng">53.3333333333333</dst>
            <dst id="CHINng">241.864</dst>
            <dst id="DNVRng">8451.70133333333</dst>
            <dst id="HSTNng">53.7173333333333</dst>
            <dst id="IPLSng">280.997333333333</dst>
            <dst id="KSCYng">16226.32</dst>
            <dst id="LOSAng">41453.72</dst>
            <dst id="NYCMng">536.576</dst>
            <dst id="SNVAng">8566.76266666667</dst>
            <dst id="STTLng">24526.3306666667</dst>
            <dst id="WASHng">53.3333333333333</dst>
        </src>
        <src id="STTLng">
            <dst id="ATLA-M5">0</dst>
            <dst id="ATLAng">8832.92</dst>
            <dst id="CHINng">22565.472</dst>
            <dst id="DNVRng">2607.49333333333</dst>
            <dst id="HSTNng">789.226666666667</dst>
            <dst id="IPLSng">5450.60533333333</dst>
            <dst id="KSCYng">2324.264</dst>
            <dst id="LOSAng">29218.304</dst>
            <dst id="NYCMng">12451.128</dst>
            <dst id="SNVAng">3146.66666666667</dst>
            <dst id="STTLng">6925.88266666667</dst>
            <dst id="WASHng">4097.14933333333</dst>
        </src>
        <src id="WASHng">
            <dst id="ATLA-M5">165.050666666667</dst>
            <dst id="ATLAng">99909.1226666667</dst>
            <dst id="CHINng">82830.6426666667</dst>
            <dst id="DNVRng">61626.8533333333</dst>
            <dst id="HSTNng">19128.464</dst>
            <dst id="IPLSng">45533.44</dst>
            <dst id="KSCYng">17684.5786666667</dst>
            <dst id="LOSAng">126809.576</dst>
            <dst id="NYCMng">134292.509333333</dst>
            <dst id="SNVAng">4496.64533333333</dst>
            <dst id="STTLng">37320.7973333333</dst>
            <dst id="WASHng">250575.629333333</dst>
        </src>
    </IntraTM>
</TrafficMatrixFile>
