<?xml version="1.0" encoding="ISO-8859-1" standalone="yes"?>
<TrafficMatrixFile xsi:noNamespaceSchemaLocation="http://totem.run.montefiore.ulg.ac.be/Schema/TrafficMatrix-v1_2.xsd" xmlns:xsi="http://www.w3.org/2001/XMLSchema-instance">
    <IntraTM ASID="11537">
        <src id="ATLA-M5">
            <dst id="ATLA-M5">26.6666666666667</dst>
            <dst id="ATLAng">64.7013333333333</dst>
            <dst id="CHINng">94.7706666666667</dst>
            <dst id="DNVRng">0</dst>
            <dst id="HSTNng">109.669333333333</dst>
            <dst id="IPLSng">82.9226666666667</dst>
            <dst id="KSCYng">26.6666666666667</dst>
            <dst id="LOSAng">121.504</dst>
            <dst id="NYCMng">364.794666666667</dst>
            <dst id="SNVAng">0</dst>
            <dst id="STTLng">60.1386666666667</dst>
            <dst id="WASHng">1364.51466666667</dst>
        </src>
        <src id="ATLAng">
            <dst id="ATLA-M5">187.986666666667</dst>
            <dst id="ATLAng">24415.4506666667</dst>
            <dst id="CHINng">13559.2826666667</dst>
            <dst id="DNVRng">10234.2933333333</dst>
            <dst id="HSTNng">237.872</dst>
            <dst id="IPLSng">7803.17333333333</dst>
            <dst id="KSCYng">386.941333333333</dst>
            <dst id="LOSAng">12421.452</dst>
            <dst id="NYCMng">3772.42666666667</dst>
            <dst id="SNVAng">525.164</dst>
            <dst id="STTLng">4187.17866666667</dst>
            <dst id="WASHng">48316.536</dst>
        </src>
        <src id="CHINng">
            <dst id="ATLA-M5">187.192</dst>
            <dst id="ATLAng">10202.4506666667</dst>
            <dst id="CHINng">111772.088</dst>
            <dst id="DNVRng">10063.048</dst>
            <dst id="HSTNng">2763.944</dst>
            <dst id="IPLSng">17212.328</dst>
            <dst id="KSCYng">4955.48266666667</dst>
            <dst id="LOSAng">37357.0666666667</dst>
            <dst id="NYCMng">16408.976</dst>
            <dst id="SNVAng">1910.55466666667</dst>
            <dst id="STTLng">6869.352</dst>
            <dst id="WASHng">9983.04266666667</dst>
        </src>
        <src id="DNVRng">
            <dst id="ATLA-M5">32</dst>
            <dst id="ATLAng">8207.66666666667</dst>
            <dst id="CHINng">58410.512</dst>
            <dst id="DNVRng">18102.8106666667</dst>
            <dst id="HSTNng">11821.792</dst>
            <dst id="IPLSng">15662.376</dst>
            <dst id="KSCYng">8469.024</dst>
            <dst id="LOSAng">10539.7866666667</dst>
            <dst id="NYCMng">11048.3386666667</dst>
            <dst id="SNVAng">6261.03733333333</dst>
            <dst id="STTLng">8365.76</dst>
            <dst id="WASHng">30579.5386666667</dst>
        </src>
        <src id="HSTNng">
            <dst id="ATLA-M5">4949.83466666667</dst>
            <dst id="ATLAng">592.682666666667</dst>
            <dst id="CHINng">14749.9813333333</dst>
            <dst id="DNVRng">830.992</dst>
            <dst id="HSTNng">5556.68533333333</dst>
            <dst id="IPLSng">417.28</dst>
            <dst id="KSCYng">2080.63733333333</dst>
            <dst id="LOSAng">8721.14133333333</dst>
            <dst id="NYCMng">1413.07733333333</dst>
            <dst id="SNVAng">26.6666666666667</dst>
            <dst id="STTLng">2820.744</dst>
            <dst id="WASHng">1923.448</dst>
        </src>
        <src id="IPLSng">
            <dst id="ATLA-M5">31.176</dst>
            <dst id="ATLAng">10742.5733333333</dst>
            <dst id="CHINng">66631.592</dst>
            <dst id="DNVRng">14837.2613333333</dst>
            <dst id="HSTNng">690.216</dst>
            <dst id="IPLSng">5188.55733333333</dst>
            <dst id="KSCYng">4666.704</dst>
            <dst id="LOSAng">39938.4586666667</dst>
            <dst id="NYCMng">9065.10666666666</dst>
            <dst id="SNVAng">576.682666666666</dst>
            <dst id="STTLng">7378.01066666667</dst>
            <dst id="WASHng">22190.68</dst>
        </src>
        <src id="KSCYng">
            <dst id="ATLA-M5">0</dst>
            <dst id="ATLAng">1400.784</dst>
            <dst id="CHINng">30972.2266666667</dst>
            <dst id="DNVRng">6593.06666666667</dst>
            <dst id="HSTNng">2220.2</dst>
            <dst id="IPLSng">9636.50133333333</dst>
            <dst id="KSCYng">4139.432</dst>
            <dst id="LOSAng">7274.19733333333</dst>
            <dst id="NYCMng">5304.232</dst>
            <dst id="SNVAng">64.8533333333333</dst>
            <dst id="STTLng">5285.104</dst>
            <dst id="WASHng">4705.016</dst>
        </src>
        <src id="LOSAng">
            <dst id="ATLA-M5">26.6666666666667</dst>
            <dst id="ATLAng">8359.72</dst>
            <dst id="CHINng">133912.669333333</dst>
            <dst id="DNVRng">6758.768</dst>
            <dst id="HSTNng">7688.616</dst>
            <dst id="IPLSng">22791.5866666667</dst>
            <dst id="KSCYng">5635.44266666667</dst>
            <dst id="LOSAng">16965.7573333333</dst>
            <dst id="NYCMng">49018.064</dst>
            <dst id="SNVAng">4182.61866666667</dst>
            <dst id="STTLng">28829.0053333333</dst>
            <dst id="WASHng">92937.416</dst>
        </src>
        <src id="NYCMng">
            <dst id="ATLA-M5">100.216</dst>
            <dst id="ATLAng">29465.7706666667</dst>
            <dst id="CHINng">47191</dst>
            <dst id="DNVRng">115094.032</dst>
            <dst id="HSTNng">7394.20266666667</dst>
            <dst id="IPLSng">23551.6746666667</dst>
            <dst id="KSCYng">7613.21066666667</dst>
            <dst id="LOSAng">70779.4106666667</dst>
            <dst id="NYCMng">74973.696</dst>
            <dst id="SNVAng">2623.008</dst>
            <dst id="STTLng">22572.8693333333</dst>
            <dst id="WASHng">45685.7173333333</dst>
        </src>
        <src id="SNVAng">
            <dst id="ATLA-M5">0</dst>
            <dst id="ATLAng">29.2266666666667</dst>
            <dst id="CHINng">420.597333333333</dst>
            <dst id="DNVRng">3784.84533333333</dst>
            <dst id="HSTNng">57.0453333333333</dst>
            <dst id="IPLSng">265.546666666667</dst>
            <dst id="KSCYng">0</dst>
            <dst id="LOSAng">26620.888</dst>
            <dst id="NYCMng">189.376</dst>
            <dst id="SNVAng">8452.57333333333</dst>
            <dst id="STTLng">16250.984</dst>
            <dst id="WASHng">53.3333333333333</dst>
        </src>
        <src id="STTLng">
            <dst id="ATLA-M5">0</dst>
            <dst id="ATLAng">8286.34133333334</dst>
            <dst id="CHINng">27480.5013333333</dst>
            <dst id="DNVRng">1595.392</dst>
            <dst id="HSTNng">1165.94133333333</dst>
            <dst id="IPLSng">6176.53066666667</dst>
            <dst id="KSCYng">1407.27733333333</dst>
            <dst id="LOSAng">16614.64</dst>
            <dst id="NYCMng">8294.43733333333</dst>
            <dst id="SNVAng">3432.128</dst>
            <dst id="STTLng">1591.18933333333</dst>
            <dst id="WASHng">6262.15466666667</dst>
        </src>
        <src id="WASHng">
            <dst id="ATLA-M5">81.6533333333333</dst>
            <dst id="ATLAng">85845.728</dst>
            <dst id="CHINng">71224.5253333333</dst>
            <dst id="DNVRng">48536.552</dst>
            <dst id="HSTNng">31919.9546666667</dst>
            <dst id="IPLSng">36133.9866666667</dst>
            <dst id="KSCYng">7179.91733333333</dst>
            <dst id="LOSAng">134221.205333333</dst>
            <dst id="NYCMng">122479.277333333</dst>
            <dst id="SNVAng">4148.016</dst>
            <dst id="STTLng">25615.9786666667</dst>
            <dst id="WASHng">269305.68</dst>
        </src>
    </IntraTM>
</TrafficMatrixFile>
