<?xml version="1.0" encoding="ISO-8859-1" standalone="yes"?>
<TrafficMatrixFile xsi:noNamespaceSchemaLocation="http://totem.run.montefiore.ulg.ac.be/Schema/TrafficMatrix-v1_2.xsd" xmlns:xsi="http://www.w3.org/2001/XMLSchema-instance">
    <IntraTM ASID="11537">
        <src id="ATLA-M5">
            <dst id="ATLA-M5">0</dst>
            <dst id="ATLAng">53.3333333333333</dst>
            <dst id="CHINng">33.1013333333333</dst>
            <dst id="DNVRng">26.6666666666667</dst>
            <dst id="HSTNng">92.9306666666667</dst>
            <dst id="IPLSng">26.6666666666667</dst>
            <dst id="KSCYng">53.3333333333333</dst>
            <dst id="LOSAng">183.061333333333</dst>
            <dst id="NYCMng">138.637333333333</dst>
            <dst id="SNVAng">0</dst>
            <dst id="STTLng">42.6773333333333</dst>
            <dst id="WASHng">433.424</dst>
        </src>
        <src id="ATLAng">
            <dst id="ATLA-M5">178.808</dst>
            <dst id="ATLAng">23130.776</dst>
            <dst id="CHINng">4275.66666666667</dst>
            <dst id="DNVRng">4776.968</dst>
            <dst id="HSTNng">2006.63733333333</dst>
            <dst id="IPLSng">12642.2426666667</dst>
            <dst id="KSCYng">448.362666666667</dst>
            <dst id="LOSAng">14490.0453333333</dst>
            <dst id="NYCMng">9011.30133333333</dst>
            <dst id="SNVAng">13.3333333333333</dst>
            <dst id="STTLng">4117.94666666667</dst>
            <dst id="WASHng">54788.5946666667</dst>
        </src>
        <src id="CHINng">
            <dst id="ATLA-M5">53.3333333333333</dst>
            <dst id="ATLAng">4956.00266666667</dst>
            <dst id="CHINng">118858.578666667</dst>
            <dst id="DNVRng">16731.8826666667</dst>
            <dst id="HSTNng">2772.16533333333</dst>
            <dst id="IPLSng">30804.9946666667</dst>
            <dst id="KSCYng">5804.33866666667</dst>
            <dst id="LOSAng">53575.9466666667</dst>
            <dst id="NYCMng">5649.13333333333</dst>
            <dst id="SNVAng">276.893333333333</dst>
            <dst id="STTLng">6904.21333333333</dst>
            <dst id="WASHng">14061.3946666667</dst>
        </src>
        <src id="DNVRng">
            <dst id="ATLA-M5">77.92</dst>
            <dst id="ATLAng">6444.51733333333</dst>
            <dst id="CHINng">56392.8026666667</dst>
            <dst id="DNVRng">29329.208</dst>
            <dst id="HSTNng">22575.896</dst>
            <dst id="IPLSng">17495.2853333333</dst>
            <dst id="KSCYng">25740.3173333333</dst>
            <dst id="LOSAng">15658.9786666667</dst>
            <dst id="NYCMng">7624.67466666667</dst>
            <dst id="SNVAng">17273.208</dst>
            <dst id="STTLng">18237.4853333333</dst>
            <dst id="WASHng">37022.9973333333</dst>
        </src>
        <src id="HSTNng">
            <dst id="ATLA-M5">4109.10933333333</dst>
            <dst id="ATLAng">2160.78133333333</dst>
            <dst id="CHINng">13047.2106666667</dst>
            <dst id="DNVRng">6812.67733333333</dst>
            <dst id="HSTNng">3345.26133333333</dst>
            <dst id="IPLSng">269.618666666667</dst>
            <dst id="KSCYng">3232.616</dst>
            <dst id="LOSAng">12371.5946666667</dst>
            <dst id="NYCMng">3501.29333333333</dst>
            <dst id="SNVAng">0</dst>
            <dst id="STTLng">2191.50666666667</dst>
            <dst id="WASHng">1704.17066666667</dst>
        </src>
        <src id="IPLSng">
            <dst id="ATLA-M5">119.666666666667</dst>
            <dst id="ATLAng">11534.6906666667</dst>
            <dst id="CHINng">67685.752</dst>
            <dst id="DNVRng">5000.41066666667</dst>
            <dst id="HSTNng">659.146666666667</dst>
            <dst id="IPLSng">27298.96</dst>
            <dst id="KSCYng">2510.04</dst>
            <dst id="LOSAng">47670.584</dst>
            <dst id="NYCMng">17754.288</dst>
            <dst id="SNVAng">130.301333333333</dst>
            <dst id="STTLng">15154.6986666667</dst>
            <dst id="WASHng">17935.2506666667</dst>
        </src>
        <src id="KSCYng">
            <dst id="ATLA-M5">0</dst>
            <dst id="ATLAng">1405.304</dst>
            <dst id="CHINng">26934.1013333333</dst>
            <dst id="DNVRng">11169.0026666667</dst>
            <dst id="HSTNng">2369.18133333333</dst>
            <dst id="IPLSng">11385.776</dst>
            <dst id="KSCYng">8047.504</dst>
            <dst id="LOSAng">9074.64266666667</dst>
            <dst id="NYCMng">5716.99466666667</dst>
            <dst id="SNVAng">26.6666666666667</dst>
            <dst id="STTLng">3089.672</dst>
            <dst id="WASHng">5447.008</dst>
        </src>
        <src id="LOSAng">
            <dst id="ATLA-M5">44.5493333333333</dst>
            <dst id="ATLAng">7624.36</dst>
            <dst id="CHINng">130328.085333333</dst>
            <dst id="DNVRng">7106.43733333333</dst>
            <dst id="HSTNng">6602.93066666667</dst>
            <dst id="IPLSng">27147.1653333333</dst>
            <dst id="KSCYng">4828.46666666667</dst>
            <dst id="LOSAng">26153.592</dst>
            <dst id="NYCMng">47599.368</dst>
            <dst id="SNVAng">8747.43733333333</dst>
            <dst id="STTLng">45701.1386666667</dst>
            <dst id="WASHng">87841.2666666667</dst>
        </src>
        <src id="NYCMng">
            <dst id="ATLA-M5">539.586666666667</dst>
            <dst id="ATLAng">25281.72</dst>
            <dst id="CHINng">51264.5573333333</dst>
            <dst id="DNVRng">116935.389333333</dst>
            <dst id="HSTNng">5634.81066666667</dst>
            <dst id="IPLSng">25064.5813333333</dst>
            <dst id="KSCYng">10932.6186666667</dst>
            <dst id="LOSAng">72134.4213333333</dst>
            <dst id="NYCMng">84822.7173333333</dst>
            <dst id="SNVAng">1281.16</dst>
            <dst id="STTLng">23477.0693333333</dst>
            <dst id="WASHng">56135.44</dst>
        </src>
        <src id="SNVAng">
            <dst id="ATLA-M5">0</dst>
            <dst id="ATLAng">0</dst>
            <dst id="CHINng">589.477333333333</dst>
            <dst id="DNVRng">1082.30666666667</dst>
            <dst id="HSTNng">96.544</dst>
            <dst id="IPLSng">219.488</dst>
            <dst id="KSCYng">26.6666666666667</dst>
            <dst id="LOSAng">29813.472</dst>
            <dst id="NYCMng">177.493333333333</dst>
            <dst id="SNVAng">8971.256</dst>
            <dst id="STTLng">24382.4746666667</dst>
            <dst id="WASHng">0</dst>
        </src>
        <src id="STTLng">
            <dst id="ATLA-M5">0</dst>
            <dst id="ATLAng">7895.536</dst>
            <dst id="CHINng">32090.32</dst>
            <dst id="DNVRng">2087.85333333333</dst>
            <dst id="HSTNng">573.229333333333</dst>
            <dst id="IPLSng">7416.23466666667</dst>
            <dst id="KSCYng">6879.96266666667</dst>
            <dst id="LOSAng">23705.4373333333</dst>
            <dst id="NYCMng">10939.1973333333</dst>
            <dst id="SNVAng">2946.264</dst>
            <dst id="STTLng">6361.71466666667</dst>
            <dst id="WASHng">4155.30666666667</dst>
        </src>
        <src id="WASHng">
            <dst id="ATLA-M5">26.6666666666667</dst>
            <dst id="ATLAng">52897.288</dst>
            <dst id="CHINng">74923.232</dst>
            <dst id="DNVRng">84315.048</dst>
            <dst id="HSTNng">21481.136</dst>
            <dst id="IPLSng">38472.6773333333</dst>
            <dst id="KSCYng">14491.6346666667</dst>
            <dst id="LOSAng">102034.197333333</dst>
            <dst id="NYCMng">117583.904</dst>
            <dst id="SNVAng">4592.344</dst>
            <dst id="STTLng">21964.4586666667</dst>
            <dst id="WASHng">320440.293333333</dst>
        </src>
    </IntraTM>
</TrafficMatrixFile>
