<?xml version="1.0" encoding="ISO-8859-1" standalone="yes"?>
<TrafficMatrixFile xsi:noNamespaceSchemaLocation="http://totem.run.montefiore.ulg.ac.be/Schema/TrafficMatrix-v1_2.xsd" xmlns:xsi="http://www.w3.org/2001/XMLSchema-instance">
    <IntraTM ASID="11537">
        <src id="ATLA-M5">
            <dst id="ATLA-M5">180.890666666667</dst>
            <dst id="ATLAng">573.264</dst>
            <dst id="CHINng">237.485333333333</dst>
            <dst id="DNVRng">0</dst>
            <dst id="HSTNng">310.645333333333</dst>
            <dst id="IPLSng">142.624</dst>
            <dst id="KSCYng">141.805333333333</dst>
            <dst id="LOSAng">254.397333333333</dst>
            <dst id="NYCMng">268.736</dst>
            <dst id="SNVAng">0</dst>
            <dst id="STTLng">53.3333333333333</dst>
            <dst id="WASHng">2722.528</dst>
        </src>
        <src id="ATLAng">
            <dst id="ATLA-M5">355.861333333333</dst>
            <dst id="ATLAng">39524.9653333333</dst>
            <dst id="CHINng">8102.736</dst>
            <dst id="DNVRng">5190.00266666667</dst>
            <dst id="HSTNng">7950.94133333333</dst>
            <dst id="IPLSng">16843.7226666667</dst>
            <dst id="KSCYng">2807.32</dst>
            <dst id="LOSAng">10115.132</dst>
            <dst id="NYCMng">21505.9946666667</dst>
            <dst id="SNVAng">229.684</dst>
            <dst id="STTLng">4129.088</dst>
            <dst id="WASHng">59811.8293333333</dst>
        </src>
        <src id="CHINng">
            <dst id="ATLA-M5">792.978666666667</dst>
            <dst id="ATLAng">38349.1573333333</dst>
            <dst id="CHINng">132788.365333333</dst>
            <dst id="DNVRng">55301.952</dst>
            <dst id="HSTNng">7045.61866666667</dst>
            <dst id="IPLSng">29166.432</dst>
            <dst id="KSCYng">24236.672</dst>
            <dst id="LOSAng">35168.5626666667</dst>
            <dst id="NYCMng">11371.24</dst>
            <dst id="SNVAng">829.021333333333</dst>
            <dst id="STTLng">5296.37866666667</dst>
            <dst id="WASHng">24622.32</dst>
        </src>
        <src id="DNVRng">
            <dst id="ATLA-M5">53.3333333333333</dst>
            <dst id="ATLAng">7497.65066666667</dst>
            <dst id="CHINng">126062.226666667</dst>
            <dst id="DNVRng">9404.88</dst>
            <dst id="HSTNng">25071.144</dst>
            <dst id="IPLSng">19501.5333333333</dst>
            <dst id="KSCYng">21696.9733333333</dst>
            <dst id="LOSAng">7222.00266666667</dst>
            <dst id="NYCMng">13267.1573333333</dst>
            <dst id="SNVAng">9158.21333333333</dst>
            <dst id="STTLng">11792.728</dst>
            <dst id="WASHng">32680.4586666667</dst>
        </src>
        <src id="HSTNng">
            <dst id="ATLA-M5">3996.632</dst>
            <dst id="ATLAng">6082.06133333333</dst>
            <dst id="CHINng">36234.4986666667</dst>
            <dst id="DNVRng">6907.34666666667</dst>
            <dst id="HSTNng">6142.96266666667</dst>
            <dst id="IPLSng">2740.93333333333</dst>
            <dst id="KSCYng">3087.27466666667</dst>
            <dst id="LOSAng">4970.632</dst>
            <dst id="NYCMng">4373.03733333333</dst>
            <dst id="SNVAng">659.408</dst>
            <dst id="STTLng">1697.90666666667</dst>
            <dst id="WASHng">4777.54666666667</dst>
        </src>
        <src id="IPLSng">
            <dst id="ATLA-M5">337.066666666667</dst>
            <dst id="ATLAng">34934.776</dst>
            <dst id="CHINng">111808.661333333</dst>
            <dst id="DNVRng">3760.18133333333</dst>
            <dst id="HSTNng">5644.992</dst>
            <dst id="IPLSng">14032.3733333333</dst>
            <dst id="KSCYng">4164.248</dst>
            <dst id="LOSAng">36159.6133333333</dst>
            <dst id="NYCMng">35763.616</dst>
            <dst id="SNVAng">772.512</dst>
            <dst id="STTLng">7270.86133333333</dst>
            <dst id="WASHng">30470.3706666667</dst>
        </src>
        <src id="KSCYng">
            <dst id="ATLA-M5">26.6666666666667</dst>
            <dst id="ATLAng">3275.27733333333</dst>
            <dst id="CHINng">22604.312</dst>
            <dst id="DNVRng">7978.33333333333</dst>
            <dst id="HSTNng">3393.81333333333</dst>
            <dst id="IPLSng">15706.5493333333</dst>
            <dst id="KSCYng">11452.5813333333</dst>
            <dst id="LOSAng">5490.08</dst>
            <dst id="NYCMng">3454.60266666667</dst>
            <dst id="SNVAng">88.6266666666667</dst>
            <dst id="STTLng">1876.74933333333</dst>
            <dst id="WASHng">11737.512</dst>
        </src>
        <src id="LOSAng">
            <dst id="ATLA-M5">439.253333333333</dst>
            <dst id="ATLAng">21810.0693333333</dst>
            <dst id="CHINng">160102.264</dst>
            <dst id="DNVRng">7890.33866666667</dst>
            <dst id="HSTNng">16021.9866666667</dst>
            <dst id="IPLSng">92488.432</dst>
            <dst id="KSCYng">7087.89066666667</dst>
            <dst id="LOSAng">12214.1226666667</dst>
            <dst id="NYCMng">70088.3573333333</dst>
            <dst id="SNVAng">7189.50666666667</dst>
            <dst id="STTLng">38766.4453333333</dst>
            <dst id="WASHng">110471.573333333</dst>
        </src>
        <src id="NYCMng">
            <dst id="ATLA-M5">527.858666666667</dst>
            <dst id="ATLAng">51736.8906666667</dst>
            <dst id="CHINng">57281.7253333333</dst>
            <dst id="DNVRng">65387.1813333333</dst>
            <dst id="HSTNng">15344.344</dst>
            <dst id="IPLSng">41074.7306666667</dst>
            <dst id="KSCYng">20514.8666666667</dst>
            <dst id="LOSAng">56425.64</dst>
            <dst id="NYCMng">142269.672</dst>
            <dst id="SNVAng">1029.344</dst>
            <dst id="STTLng">27896.1013333333</dst>
            <dst id="WASHng">90185.648</dst>
        </src>
        <src id="SNVAng">
            <dst id="ATLA-M5">0</dst>
            <dst id="ATLAng">136.832</dst>
            <dst id="CHINng">766.613333333333</dst>
            <dst id="DNVRng">4166.208</dst>
            <dst id="HSTNng">261.32</dst>
            <dst id="IPLSng">6019.792</dst>
            <dst id="KSCYng">149.453333333333</dst>
            <dst id="LOSAng">24200.0586666667</dst>
            <dst id="NYCMng">658.666666666667</dst>
            <dst id="SNVAng">10576.24</dst>
            <dst id="STTLng">20144.224</dst>
            <dst id="WASHng">164.957333333333</dst>
        </src>
        <src id="STTLng">
            <dst id="ATLA-M5">377.773333333333</dst>
            <dst id="ATLAng">14344.2213333333</dst>
            <dst id="CHINng">32258.5573333333</dst>
            <dst id="DNVRng">1121.08533333333</dst>
            <dst id="HSTNng">2644.90133333333</dst>
            <dst id="IPLSng">9739.37866666667</dst>
            <dst id="KSCYng">2855.15733333333</dst>
            <dst id="LOSAng">22251.2106666667</dst>
            <dst id="NYCMng">13995.624</dst>
            <dst id="SNVAng">4036.472</dst>
            <dst id="STTLng">3757.21866666667</dst>
            <dst id="WASHng">14657.592</dst>
        </src>
        <src id="WASHng">
            <dst id="ATLA-M5">495.946666666667</dst>
            <dst id="ATLAng">137045.848</dst>
            <dst id="CHINng">95122.0986666667</dst>
            <dst id="DNVRng">72768.4453333333</dst>
            <dst id="HSTNng">18889.9493333333</dst>
            <dst id="IPLSng">55760.144</dst>
            <dst id="KSCYng">16575.944</dst>
            <dst id="LOSAng">106120.610666667</dst>
            <dst id="NYCMng">183033.24</dst>
            <dst id="SNVAng">756.408</dst>
            <dst id="STTLng">34870.7253333333</dst>
            <dst id="WASHng">343577.626666667</dst>
        </src>
    </IntraTM>
</TrafficMatrixFile>
