<?xml version="1.0" encoding="ISO-8859-1" standalone="yes"?>
<TrafficMatrixFile xsi:noNamespaceSchemaLocation="http://totem.run.montefiore.ulg.ac.be/Schema/TrafficMatrix-v1_2.xsd" xmlns:xsi="http://www.w3.org/2001/XMLSchema-instance">
    <IntraTM ASID="11537">
        <src id="ATLA-M5">
            <dst id="ATLA-M5">26.6666666666667</dst>
            <dst id="ATLAng">0</dst>
            <dst id="CHINng">150.538666666667</dst>
            <dst id="DNVRng">0</dst>
            <dst id="HSTNng">213.952</dst>
            <dst id="IPLSng">116.893333333333</dst>
            <dst id="KSCYng">0</dst>
            <dst id="LOSAng">148.525333333333</dst>
            <dst id="NYCMng">53.3333333333333</dst>
            <dst id="SNVAng">32.2746666666667</dst>
            <dst id="STTLng">160</dst>
            <dst id="WASHng">816.522666666667</dst>
        </src>
        <src id="ATLAng">
            <dst id="ATLA-M5">277.946666666667</dst>
            <dst id="ATLAng">36476.376</dst>
            <dst id="CHINng">6846.43466666667</dst>
            <dst id="DNVRng">3608.83733333333</dst>
            <dst id="HSTNng">3418.26933333333</dst>
            <dst id="IPLSng">12644.1626666667</dst>
            <dst id="KSCYng">634.666666666667</dst>
            <dst id="LOSAng">13386.1653333333</dst>
            <dst id="NYCMng">5523.08533333333</dst>
            <dst id="SNVAng">13.3333333333333</dst>
            <dst id="STTLng">4382.45333333333</dst>
            <dst id="WASHng">32645.592</dst>
        </src>
        <src id="CHINng">
            <dst id="ATLA-M5">169.952</dst>
            <dst id="ATLAng">34425.2933333333</dst>
            <dst id="CHINng">59049.5146666667</dst>
            <dst id="DNVRng">22350.92</dst>
            <dst id="HSTNng">5102.68533333333</dst>
            <dst id="IPLSng">18956.5146666667</dst>
            <dst id="KSCYng">10614.6373333333</dst>
            <dst id="LOSAng">55812.056</dst>
            <dst id="NYCMng">3789.55466666667</dst>
            <dst id="SNVAng">408.469333333333</dst>
            <dst id="STTLng">13994.5573333333</dst>
            <dst id="WASHng">21529.3493333333</dst>
        </src>
        <src id="DNVRng">
            <dst id="ATLA-M5">184.586666666667</dst>
            <dst id="ATLAng">5183.80266666667</dst>
            <dst id="CHINng">48196.6666666667</dst>
            <dst id="DNVRng">2924.14133333333</dst>
            <dst id="HSTNng">13800.9333333333</dst>
            <dst id="IPLSng">20963.7493333333</dst>
            <dst id="KSCYng">15236.336</dst>
            <dst id="LOSAng">9417.26133333333</dst>
            <dst id="NYCMng">12270.7413333333</dst>
            <dst id="SNVAng">6016.752</dst>
            <dst id="STTLng">5372.73066666667</dst>
            <dst id="WASHng">34021.328</dst>
        </src>
        <src id="HSTNng">
            <dst id="ATLA-M5">130.730666666667</dst>
            <dst id="ATLAng">17228.456</dst>
            <dst id="CHINng">6742.736</dst>
            <dst id="DNVRng">1036.16266666667</dst>
            <dst id="HSTNng">2088.66133333333</dst>
            <dst id="IPLSng">213.333333333333</dst>
            <dst id="KSCYng">1045.90133333333</dst>
            <dst id="LOSAng">8245.41066666667</dst>
            <dst id="NYCMng">1611.74933333333</dst>
            <dst id="SNVAng">0</dst>
            <dst id="STTLng">2935.888</dst>
            <dst id="WASHng">3745.088</dst>
        </src>
        <src id="IPLSng">
            <dst id="ATLA-M5">101.746666666667</dst>
            <dst id="ATLAng">13115.1253333333</dst>
            <dst id="CHINng">79465.1706666667</dst>
            <dst id="DNVRng">8595.808</dst>
            <dst id="HSTNng">2015.71466666667</dst>
            <dst id="IPLSng">6466.53066666667</dst>
            <dst id="KSCYng">2821.67466666667</dst>
            <dst id="LOSAng">72166.384</dst>
            <dst id="NYCMng">22568.9946666667</dst>
            <dst id="SNVAng">445.850666666667</dst>
            <dst id="STTLng">8450.81066666667</dst>
            <dst id="WASHng">10661.6266666667</dst>
        </src>
        <src id="KSCYng">
            <dst id="ATLA-M5">0</dst>
            <dst id="ATLAng">1570.112</dst>
            <dst id="CHINng">18056</dst>
            <dst id="DNVRng">14294.056</dst>
            <dst id="HSTNng">2544.69066666667</dst>
            <dst id="IPLSng">8540.94133333333</dst>
            <dst id="KSCYng">4036.37866666667</dst>
            <dst id="LOSAng">9659.888</dst>
            <dst id="NYCMng">4980.488</dst>
            <dst id="SNVAng">0</dst>
            <dst id="STTLng">2427.672</dst>
            <dst id="WASHng">7826.34666666667</dst>
        </src>
        <src id="LOSAng">
            <dst id="ATLA-M5">36.28</dst>
            <dst id="ATLAng">41203.4933333333</dst>
            <dst id="CHINng">93125.192</dst>
            <dst id="DNVRng">11856.6453333333</dst>
            <dst id="HSTNng">4901.58666666667</dst>
            <dst id="IPLSng">27774.8613333333</dst>
            <dst id="KSCYng">2922.08533333333</dst>
            <dst id="LOSAng">20736.2533333333</dst>
            <dst id="NYCMng">72208.3306666667</dst>
            <dst id="SNVAng">3537.28</dst>
            <dst id="STTLng">41087.864</dst>
            <dst id="WASHng">98954.392</dst>
        </src>
        <src id="NYCMng">
            <dst id="ATLA-M5">1246.152</dst>
            <dst id="ATLAng">35892.9813333333</dst>
            <dst id="CHINng">35398.9386666667</dst>
            <dst id="DNVRng">22222.464</dst>
            <dst id="HSTNng">7523.19733333333</dst>
            <dst id="IPLSng">28299.992</dst>
            <dst id="KSCYng">9510.81866666666</dst>
            <dst id="LOSAng">95559.8106666666</dst>
            <dst id="NYCMng">105816.026666667</dst>
            <dst id="SNVAng">4063.22133333333</dst>
            <dst id="STTLng">24075.0346666667</dst>
            <dst id="WASHng">54584.168</dst>
        </src>
        <src id="SNVAng">
            <dst id="ATLA-M5">0</dst>
            <dst id="ATLAng">0</dst>
            <dst id="CHINng">182.72</dst>
            <dst id="DNVRng">2354.98666666667</dst>
            <dst id="HSTNng">107.754666666667</dst>
            <dst id="IPLSng">5861.712</dst>
            <dst id="KSCYng">103.226666666667</dst>
            <dst id="LOSAng">41291.064</dst>
            <dst id="NYCMng">470.176</dst>
            <dst id="SNVAng">7508.032</dst>
            <dst id="STTLng">23422.4</dst>
            <dst id="WASHng">80</dst>
        </src>
        <src id="STTLng">
            <dst id="ATLA-M5">26.6666666666667</dst>
            <dst id="ATLAng">9310.57866666667</dst>
            <dst id="CHINng">18828.4746666667</dst>
            <dst id="DNVRng">1856.10666666667</dst>
            <dst id="HSTNng">1829.21066666667</dst>
            <dst id="IPLSng">6343.41333333333</dst>
            <dst id="KSCYng">2390.44266666667</dst>
            <dst id="LOSAng">32855.8666666667</dst>
            <dst id="NYCMng">11296.6026666667</dst>
            <dst id="SNVAng">5375.2</dst>
            <dst id="STTLng">2600.51733333333</dst>
            <dst id="WASHng">12748.5893333333</dst>
        </src>
        <src id="WASHng">
            <dst id="ATLA-M5">26.6666666666667</dst>
            <dst id="ATLAng">100192.213333333</dst>
            <dst id="CHINng">96837.8186666667</dst>
            <dst id="DNVRng">48920</dst>
            <dst id="HSTNng">13762.12</dst>
            <dst id="IPLSng">24338.064</dst>
            <dst id="KSCYng">16355.2693333333</dst>
            <dst id="LOSAng">122508.032</dst>
            <dst id="NYCMng">161129.088</dst>
            <dst id="SNVAng">521.333333333333</dst>
            <dst id="STTLng">41392.6826666667</dst>
            <dst id="WASHng">281669.2</dst>
        </src>
    </IntraTM>
</TrafficMatrixFile>
