<?xml version="1.0" encoding="ISO-8859-1" standalone="yes"?>
<TrafficMatrixFile xsi:noNamespaceSchemaLocation="http://totem.run.montefiore.ulg.ac.be/Schema/TrafficMatrix-v1_2.xsd" xmlns:xsi="http://www.w3.org/2001/XMLSchema-instance">
    <IntraTM ASID="11537">
        <src id="ATLA-M5">
            <dst id="ATLA-M5">128.538666666667</dst>
            <dst id="ATLAng">274.405333333333</dst>
            <dst id="CHINng">417.792</dst>
            <dst id="DNVRng">53.3333333333333</dst>
            <dst id="HSTNng">170.642666666667</dst>
            <dst id="IPLSng">114.797333333333</dst>
            <dst id="KSCYng">67.5386666666667</dst>
            <dst id="LOSAng">139.304</dst>
            <dst id="NYCMng">2557.54666666667</dst>
            <dst id="SNVAng">0</dst>
            <dst id="STTLng">82.0266666666667</dst>
            <dst id="WASHng">412.032</dst>
        </src>
        <src id="ATLAng">
            <dst id="ATLA-M5">775.968</dst>
            <dst id="ATLAng">36922.2826666667</dst>
            <dst id="CHINng">8634.26666666667</dst>
            <dst id="DNVRng">11113.8373333333</dst>
            <dst id="HSTNng">6537.968</dst>
            <dst id="IPLSng">16569.7626666667</dst>
            <dst id="KSCYng">3317.77866666667</dst>
            <dst id="LOSAng">24549.2973333333</dst>
            <dst id="NYCMng">10374.1226666667</dst>
            <dst id="SNVAng">3593.284</dst>
            <dst id="STTLng">5093.73066666667</dst>
            <dst id="WASHng">57683.0426666667</dst>
        </src>
        <src id="CHINng">
            <dst id="ATLA-M5">699.821333333333</dst>
            <dst id="ATLAng">17769.2826666667</dst>
            <dst id="CHINng">155568.968</dst>
            <dst id="DNVRng">8901.58133333333</dst>
            <dst id="HSTNng">8555.97066666667</dst>
            <dst id="IPLSng">40374.448</dst>
            <dst id="KSCYng">12919.808</dst>
            <dst id="LOSAng">47096.9306666667</dst>
            <dst id="NYCMng">12449.928</dst>
            <dst id="SNVAng">1268.768</dst>
            <dst id="STTLng">15234.7893333333</dst>
            <dst id="WASHng">28628.5226666667</dst>
        </src>
        <src id="DNVRng">
            <dst id="ATLA-M5">589.144</dst>
            <dst id="ATLAng">18632.8453333333</dst>
            <dst id="CHINng">54977.92</dst>
            <dst id="DNVRng">12409.368</dst>
            <dst id="HSTNng">23517.568</dst>
            <dst id="IPLSng">27510.7093333333</dst>
            <dst id="KSCYng">25013.2666666667</dst>
            <dst id="LOSAng">9975.288</dst>
            <dst id="NYCMng">15289.6506666667</dst>
            <dst id="SNVAng">58574.0053333333</dst>
            <dst id="STTLng">20624.2986666667</dst>
            <dst id="WASHng">62892.3333333333</dst>
        </src>
        <src id="HSTNng">
            <dst id="ATLA-M5">3342.176</dst>
            <dst id="ATLAng">4680.92</dst>
            <dst id="CHINng">34982.6693333333</dst>
            <dst id="DNVRng">10036.24</dst>
            <dst id="HSTNng">6647.712</dst>
            <dst id="IPLSng">4094.01333333333</dst>
            <dst id="KSCYng">2435.24</dst>
            <dst id="LOSAng">7282.552</dst>
            <dst id="NYCMng">2759.2</dst>
            <dst id="SNVAng">101.938666666667</dst>
            <dst id="STTLng">2293.992</dst>
            <dst id="WASHng">8462.33333333333</dst>
        </src>
        <src id="IPLSng">
            <dst id="ATLA-M5">216.928</dst>
            <dst id="ATLAng">28219.088</dst>
            <dst id="CHINng">96372.744</dst>
            <dst id="DNVRng">11409.4746666667</dst>
            <dst id="HSTNng">17086.5253333333</dst>
            <dst id="IPLSng">44406.0773333333</dst>
            <dst id="KSCYng">7818.81066666667</dst>
            <dst id="LOSAng">36657.8</dst>
            <dst id="NYCMng">25996.1706666667</dst>
            <dst id="SNVAng">2990.60533333333</dst>
            <dst id="STTLng">13230.736</dst>
            <dst id="WASHng">35488.4266666667</dst>
        </src>
        <src id="KSCYng">
            <dst id="ATLA-M5">53.3333333333333</dst>
            <dst id="ATLAng">3162.38933333333</dst>
            <dst id="CHINng">25060.7333333333</dst>
            <dst id="DNVRng">14552.5786666667</dst>
            <dst id="HSTNng">4934.83733333333</dst>
            <dst id="IPLSng">15996.9093333333</dst>
            <dst id="KSCYng">7498.94933333333</dst>
            <dst id="LOSAng">9186.22933333333</dst>
            <dst id="NYCMng">2493.94133333333</dst>
            <dst id="SNVAng">229.512</dst>
            <dst id="STTLng">1411.68266666667</dst>
            <dst id="WASHng">18443.6453333333</dst>
        </src>
        <src id="LOSAng">
            <dst id="ATLA-M5">788.445333333333</dst>
            <dst id="ATLAng">36411.3173333333</dst>
            <dst id="CHINng">150225.856</dst>
            <dst id="DNVRng">31810.9253333333</dst>
            <dst id="HSTNng">12211.472</dst>
            <dst id="IPLSng">56487.7226666667</dst>
            <dst id="KSCYng">16416.072</dst>
            <dst id="LOSAng">10824.944</dst>
            <dst id="NYCMng">68908.6266666667</dst>
            <dst id="SNVAng">15529.1386666667</dst>
            <dst id="STTLng">44855.448</dst>
            <dst id="WASHng">119722.738666667</dst>
        </src>
        <src id="NYCMng">
            <dst id="ATLA-M5">598.8</dst>
            <dst id="ATLAng">57943.0853333333</dst>
            <dst id="CHINng">56890.7013333333</dst>
            <dst id="DNVRng">36671.9466666667</dst>
            <dst id="HSTNng">18854.3573333333</dst>
            <dst id="IPLSng">58364.416</dst>
            <dst id="KSCYng">32160.2373333333</dst>
            <dst id="LOSAng">60924.0773333333</dst>
            <dst id="NYCMng">152498.885333333</dst>
            <dst id="SNVAng">3744.808</dst>
            <dst id="STTLng">24497.056</dst>
            <dst id="WASHng">91313.0666666667</dst>
        </src>
        <src id="SNVAng">
            <dst id="ATLA-M5">0</dst>
            <dst id="ATLAng">172.594666666667</dst>
            <dst id="CHINng">8103.664</dst>
            <dst id="DNVRng">22153.5066666667</dst>
            <dst id="HSTNng">193.890666666667</dst>
            <dst id="IPLSng">5073.99466666667</dst>
            <dst id="KSCYng">106.666666666667</dst>
            <dst id="LOSAng">29553.2933333333</dst>
            <dst id="NYCMng">1534.832</dst>
            <dst id="SNVAng">11993.304</dst>
            <dst id="STTLng">24258.288</dst>
            <dst id="WASHng">209.736</dst>
        </src>
        <src id="STTLng">
            <dst id="ATLA-M5">286.477333333333</dst>
            <dst id="ATLAng">14656.928</dst>
            <dst id="CHINng">33724.9546666667</dst>
            <dst id="DNVRng">5751.71733333333</dst>
            <dst id="HSTNng">7367.85066666667</dst>
            <dst id="IPLSng">9763.97066666667</dst>
            <dst id="KSCYng">5079.8</dst>
            <dst id="LOSAng">25344.536</dst>
            <dst id="NYCMng">14910.3306666667</dst>
            <dst id="SNVAng">5232.328</dst>
            <dst id="STTLng">6907.02933333333</dst>
            <dst id="WASHng">19587.0746666667</dst>
        </src>
        <src id="WASHng">
            <dst id="ATLA-M5">428.296</dst>
            <dst id="ATLAng">176051.44</dst>
            <dst id="CHINng">107440.194666667</dst>
            <dst id="DNVRng">77036.7306666667</dst>
            <dst id="HSTNng">18480.9066666667</dst>
            <dst id="IPLSng">92181.1786666667</dst>
            <dst id="KSCYng">28077.32</dst>
            <dst id="LOSAng">113219.296</dst>
            <dst id="NYCMng">200240.752</dst>
            <dst id="SNVAng">2854.72533333333</dst>
            <dst id="STTLng">48300.7173333333</dst>
            <dst id="WASHng">359830.693333333</dst>
        </src>
    </IntraTM>
</TrafficMatrixFile>
