<?xml version="1.0" encoding="ISO-8859-1" standalone="yes"?>
<TrafficMatrixFile xsi:noNamespaceSchemaLocation="http://totem.run.montefiore.ulg.ac.be/Schema/TrafficMatrix-v1_2.xsd" xmlns:xsi="http://www.w3.org/2001/XMLSchema-instance">
    <IntraTM ASID="11537">
        <src id="ATLA-M5">
            <dst id="ATLA-M5">0</dst>
            <dst id="ATLAng">78.976</dst>
            <dst id="CHINng">139.957333333333</dst>
            <dst id="DNVRng">0</dst>
            <dst id="HSTNng">128.885333333333</dst>
            <dst id="IPLSng">96.64</dst>
            <dst id="KSCYng">26.6666666666667</dst>
            <dst id="LOSAng">197.738666666667</dst>
            <dst id="NYCMng">53.3333333333333</dst>
            <dst id="SNVAng">23.128</dst>
            <dst id="STTLng">0</dst>
            <dst id="WASHng">2034.24533333333</dst>
        </src>
        <src id="ATLAng">
            <dst id="ATLA-M5">1687.77066666667</dst>
            <dst id="ATLAng">29105.2293333333</dst>
            <dst id="CHINng">4741.92266666667</dst>
            <dst id="DNVRng">3724.58133333333</dst>
            <dst id="HSTNng">491.906666666667</dst>
            <dst id="IPLSng">12826.5786666667</dst>
            <dst id="KSCYng">875.312</dst>
            <dst id="LOSAng">12445.996</dst>
            <dst id="NYCMng">5677.88533333333</dst>
            <dst id="SNVAng">112.998666666667</dst>
            <dst id="STTLng">3857.49866666667</dst>
            <dst id="WASHng">36543.0693333333</dst>
        </src>
        <src id="CHINng">
            <dst id="ATLA-M5">69.4826666666666</dst>
            <dst id="ATLAng">41140.5466666667</dst>
            <dst id="CHINng">86754.6746666667</dst>
            <dst id="DNVRng">17225.6293333333</dst>
            <dst id="HSTNng">9442.20533333334</dst>
            <dst id="IPLSng">18502.6026666667</dst>
            <dst id="KSCYng">7494.81866666667</dst>
            <dst id="LOSAng">58947.288</dst>
            <dst id="NYCMng">9315.808</dst>
            <dst id="SNVAng">110.242666666667</dst>
            <dst id="STTLng">7079.27466666667</dst>
            <dst id="WASHng">13556.7333333333</dst>
        </src>
        <src id="DNVRng">
            <dst id="ATLA-M5">160.8</dst>
            <dst id="ATLAng">5740.45866666666</dst>
            <dst id="CHINng">45593.5146666667</dst>
            <dst id="DNVRng">15888.9386666667</dst>
            <dst id="HSTNng">21528.0346666667</dst>
            <dst id="IPLSng">29527.3893333333</dst>
            <dst id="KSCYng">20053.2853333333</dst>
            <dst id="LOSAng">12871.9066666667</dst>
            <dst id="NYCMng">10819.1386666667</dst>
            <dst id="SNVAng">10177.2533333333</dst>
            <dst id="STTLng">10318.216</dst>
            <dst id="WASHng">46148.656</dst>
        </src>
        <src id="HSTNng">
            <dst id="ATLA-M5">2619.50133333333</dst>
            <dst id="ATLAng">15007.608</dst>
            <dst id="CHINng">16914.8826666667</dst>
            <dst id="DNVRng">1635.56533333333</dst>
            <dst id="HSTNng">7669.776</dst>
            <dst id="IPLSng">931.485333333334</dst>
            <dst id="KSCYng">3257.24</dst>
            <dst id="LOSAng">10602.256</dst>
            <dst id="NYCMng">2424.656</dst>
            <dst id="SNVAng">0</dst>
            <dst id="STTLng">2267.224</dst>
            <dst id="WASHng">2298.61866666667</dst>
        </src>
        <src id="IPLSng">
            <dst id="ATLA-M5">26.6666666666667</dst>
            <dst id="ATLAng">11202.304</dst>
            <dst id="CHINng">79551.448</dst>
            <dst id="DNVRng">5775.4</dst>
            <dst id="HSTNng">2321.29333333333</dst>
            <dst id="IPLSng">7352.76266666667</dst>
            <dst id="KSCYng">2038.08</dst>
            <dst id="LOSAng">59092.1973333333</dst>
            <dst id="NYCMng">22205.2853333333</dst>
            <dst id="SNVAng">1046.552</dst>
            <dst id="STTLng">12233.904</dst>
            <dst id="WASHng">11446.4506666667</dst>
        </src>
        <src id="KSCYng">
            <dst id="ATLA-M5">0</dst>
            <dst id="ATLAng">1951.68</dst>
            <dst id="CHINng">19195.3146666667</dst>
            <dst id="DNVRng">15275.2186666667</dst>
            <dst id="HSTNng">2863.61066666667</dst>
            <dst id="IPLSng">13171.8853333333</dst>
            <dst id="KSCYng">9442.824</dst>
            <dst id="LOSAng">6829.48533333333</dst>
            <dst id="NYCMng">3070.76533333333</dst>
            <dst id="SNVAng">152.314666666667</dst>
            <dst id="STTLng">2384.84266666667</dst>
            <dst id="WASHng">6885.07466666667</dst>
        </src>
        <src id="LOSAng">
            <dst id="ATLA-M5">997.693333333333</dst>
            <dst id="ATLAng">43973.4853333333</dst>
            <dst id="CHINng">110734.28</dst>
            <dst id="DNVRng">7272.992</dst>
            <dst id="HSTNng">13944.728</dst>
            <dst id="IPLSng">19267.6</dst>
            <dst id="KSCYng">2384.36</dst>
            <dst id="LOSAng">22901.9653333333</dst>
            <dst id="NYCMng">60931.0533333333</dst>
            <dst id="SNVAng">6123.86666666667</dst>
            <dst id="STTLng">44778.7173333333</dst>
            <dst id="WASHng">101481.165333333</dst>
        </src>
        <src id="NYCMng">
            <dst id="ATLA-M5">383.805333333333</dst>
            <dst id="ATLAng">30136.768</dst>
            <dst id="CHINng">50343.3146666667</dst>
            <dst id="DNVRng">22528.6613333333</dst>
            <dst id="HSTNng">6533.78133333333</dst>
            <dst id="IPLSng">27462.5706666667</dst>
            <dst id="KSCYng">4004.45866666667</dst>
            <dst id="LOSAng">87480.3253333333</dst>
            <dst id="NYCMng">115635.088</dst>
            <dst id="SNVAng">1550.45066666667</dst>
            <dst id="STTLng">27052.2346666667</dst>
            <dst id="WASHng">71784.168</dst>
        </src>
        <src id="SNVAng">
            <dst id="ATLA-M5">0</dst>
            <dst id="ATLAng">0</dst>
            <dst id="CHINng">193.029333333333</dst>
            <dst id="DNVRng">746.141333333333</dst>
            <dst id="HSTNng">145.693333333333</dst>
            <dst id="IPLSng">1081.112</dst>
            <dst id="KSCYng">117.229333333333</dst>
            <dst id="LOSAng">39803.5413333333</dst>
            <dst id="NYCMng">695.546666666667</dst>
            <dst id="SNVAng">10043.96</dst>
            <dst id="STTLng">27604.0933333333</dst>
            <dst id="WASHng">0</dst>
        </src>
        <src id="STTLng">
            <dst id="ATLA-M5">26.6666666666667</dst>
            <dst id="ATLAng">8960.104</dst>
            <dst id="CHINng">29099.6106666667</dst>
            <dst id="DNVRng">1295.90666666667</dst>
            <dst id="HSTNng">2498.57866666667</dst>
            <dst id="IPLSng">13692.968</dst>
            <dst id="KSCYng">1790.04266666667</dst>
            <dst id="LOSAng">29448.7706666667</dst>
            <dst id="NYCMng">13511.7306666667</dst>
            <dst id="SNVAng">4486.256</dst>
            <dst id="STTLng">3077.28</dst>
            <dst id="WASHng">12863.1786666667</dst>
        </src>
        <src id="WASHng">
            <dst id="ATLA-M5">94.0586666666667</dst>
            <dst id="ATLAng">97572.6773333333</dst>
            <dst id="CHINng">78258.9066666667</dst>
            <dst id="DNVRng">63839.0106666667</dst>
            <dst id="HSTNng">25877.5733333333</dst>
            <dst id="IPLSng">21762.168</dst>
            <dst id="KSCYng">21183.744</dst>
            <dst id="LOSAng">139071.813333333</dst>
            <dst id="NYCMng">158992.690666667</dst>
            <dst id="SNVAng">2393.45333333333</dst>
            <dst id="STTLng">45679.432</dst>
            <dst id="WASHng">253774.336</dst>
        </src>
    </IntraTM>
</TrafficMatrixFile>
