<?xml version="1.0" encoding="ISO-8859-1" standalone="yes"?>
<TrafficMatrixFile xsi:noNamespaceSchemaLocation="http://totem.run.montefiore.ulg.ac.be/Schema/TrafficMatrix-v1_2.xsd" xmlns:xsi="http://www.w3.org/2001/XMLSchema-instance">
    <IntraTM ASID="11537">
        <src id="ATLA-M5">
            <dst id="ATLA-M5">0</dst>
            <dst id="ATLAng">0</dst>
            <dst id="CHINng">113.690666666667</dst>
            <dst id="DNVRng">0</dst>
            <dst id="HSTNng">68.9653333333333</dst>
            <dst id="IPLSng">53.3333333333333</dst>
            <dst id="KSCYng">53.3333333333333</dst>
            <dst id="LOSAng">244.573333333333</dst>
            <dst id="NYCMng">53.3333333333333</dst>
            <dst id="SNVAng">0</dst>
            <dst id="STTLng">70.6666666666667</dst>
            <dst id="WASHng">395.274666666667</dst>
        </src>
        <src id="ATLAng">
            <dst id="ATLA-M5">110.277333333333</dst>
            <dst id="ATLAng">38689.8773333333</dst>
            <dst id="CHINng">5101.13866666667</dst>
            <dst id="DNVRng">18094.0346666667</dst>
            <dst id="HSTNng">352.061333333333</dst>
            <dst id="IPLSng">10734.4426666667</dst>
            <dst id="KSCYng">505.08</dst>
            <dst id="LOSAng">13812.3866666667</dst>
            <dst id="NYCMng">3995.792</dst>
            <dst id="SNVAng">0</dst>
            <dst id="STTLng">8651.54666666667</dst>
            <dst id="WASHng">27548.3946666667</dst>
        </src>
        <src id="CHINng">
            <dst id="ATLA-M5">440.554666666667</dst>
            <dst id="ATLAng">33904.7866666667</dst>
            <dst id="CHINng">56671.3413333333</dst>
            <dst id="DNVRng">15296.1733333333</dst>
            <dst id="HSTNng">4708.952</dst>
            <dst id="IPLSng">19579.624</dst>
            <dst id="KSCYng">9329.77066666667</dst>
            <dst id="LOSAng">47343</dst>
            <dst id="NYCMng">3526.8</dst>
            <dst id="SNVAng">497.581333333333</dst>
            <dst id="STTLng">20334.8986666667</dst>
            <dst id="WASHng">8662.208</dst>
        </src>
        <src id="DNVRng">
            <dst id="ATLA-M5">0</dst>
            <dst id="ATLAng">3930.07733333333</dst>
            <dst id="CHINng">49474.896</dst>
            <dst id="DNVRng">9218.31733333333</dst>
            <dst id="HSTNng">19260.9066666667</dst>
            <dst id="IPLSng">24014.1546666667</dst>
            <dst id="KSCYng">22730.2133333333</dst>
            <dst id="LOSAng">7965.62666666667</dst>
            <dst id="NYCMng">10974.4666666667</dst>
            <dst id="SNVAng">13147.5626666667</dst>
            <dst id="STTLng">9870.352</dst>
            <dst id="WASHng">39058.7253333333</dst>
        </src>
        <src id="HSTNng">
            <dst id="ATLA-M5">2629.48</dst>
            <dst id="ATLAng">13588.7973333333</dst>
            <dst id="CHINng">7255.896</dst>
            <dst id="DNVRng">2362.58666666667</dst>
            <dst id="HSTNng">7814.34133333333</dst>
            <dst id="IPLSng">1039.192</dst>
            <dst id="KSCYng">1194.46133333333</dst>
            <dst id="LOSAng">10151.4053333333</dst>
            <dst id="NYCMng">1474.38933333333</dst>
            <dst id="SNVAng">26.6666666666667</dst>
            <dst id="STTLng">1740.05866666667</dst>
            <dst id="WASHng">3481.28266666667</dst>
        </src>
        <src id="IPLSng">
            <dst id="ATLA-M5">0</dst>
            <dst id="ATLAng">18506.256</dst>
            <dst id="CHINng">47339.2666666667</dst>
            <dst id="DNVRng">13024.984</dst>
            <dst id="HSTNng">1017.304</dst>
            <dst id="IPLSng">7052.672</dst>
            <dst id="KSCYng">2406.296</dst>
            <dst id="LOSAng">66371.128</dst>
            <dst id="NYCMng">32557.8933333333</dst>
            <dst id="SNVAng">359.533333333333</dst>
            <dst id="STTLng">8495.78133333333</dst>
            <dst id="WASHng">10094.8826666667</dst>
        </src>
        <src id="KSCYng">
            <dst id="ATLA-M5">0</dst>
            <dst id="ATLAng">1335.016</dst>
            <dst id="CHINng">14385.6213333333</dst>
            <dst id="DNVRng">8177.288</dst>
            <dst id="HSTNng">4807.496</dst>
            <dst id="IPLSng">7598.57866666667</dst>
            <dst id="KSCYng">4580</dst>
            <dst id="LOSAng">11021.9786666667</dst>
            <dst id="NYCMng">4671.968</dst>
            <dst id="SNVAng">371.277333333333</dst>
            <dst id="STTLng">3925.72</dst>
            <dst id="WASHng">7831.49866666667</dst>
        </src>
        <src id="LOSAng">
            <dst id="ATLA-M5">26.6666666666667</dst>
            <dst id="ATLAng">42073.7413333333</dst>
            <dst id="CHINng">90969.968</dst>
            <dst id="DNVRng">5171.84533333333</dst>
            <dst id="HSTNng">11796.424</dst>
            <dst id="IPLSng">24741.048</dst>
            <dst id="KSCYng">2523.54666666667</dst>
            <dst id="LOSAng">24572.592</dst>
            <dst id="NYCMng">66307.8586666667</dst>
            <dst id="SNVAng">19501.0693333333</dst>
            <dst id="STTLng">44711.7013333333</dst>
            <dst id="WASHng">94355.9413333333</dst>
        </src>
        <src id="NYCMng">
            <dst id="ATLA-M5">811.754666666667</dst>
            <dst id="ATLAng">42767.9626666667</dst>
            <dst id="CHINng">34390.928</dst>
            <dst id="DNVRng">27021.328</dst>
            <dst id="HSTNng">7360.90933333333</dst>
            <dst id="IPLSng">34332.7333333333</dst>
            <dst id="KSCYng">9399.352</dst>
            <dst id="LOSAng">90787.2026666667</dst>
            <dst id="NYCMng">96323.704</dst>
            <dst id="SNVAng">1828.29066666667</dst>
            <dst id="STTLng">27278.3493333333</dst>
            <dst id="WASHng">36683.2373333333</dst>
        </src>
        <src id="SNVAng">
            <dst id="ATLA-M5">0</dst>
            <dst id="ATLAng">0</dst>
            <dst id="CHINng">394.554666666667</dst>
            <dst id="DNVRng">752.117333333333</dst>
            <dst id="HSTNng">165.888</dst>
            <dst id="IPLSng">9773.53333333333</dst>
            <dst id="KSCYng">120.386666666667</dst>
            <dst id="LOSAng">42663.2373333333</dst>
            <dst id="NYCMng">439.477333333333</dst>
            <dst id="SNVAng">8588.11466666667</dst>
            <dst id="STTLng">26409.3626666667</dst>
            <dst id="WASHng">0</dst>
        </src>
        <src id="STTLng">
            <dst id="ATLA-M5">0</dst>
            <dst id="ATLAng">9416.65333333333</dst>
            <dst id="CHINng">17967.8693333333</dst>
            <dst id="DNVRng">2193.83466666667</dst>
            <dst id="HSTNng">2075.28</dst>
            <dst id="IPLSng">5467.54933333333</dst>
            <dst id="KSCYng">2935.12</dst>
            <dst id="LOSAng">33849.9146666667</dst>
            <dst id="NYCMng">9614.90133333334</dst>
            <dst id="SNVAng">5468.27466666667</dst>
            <dst id="STTLng">1953.488</dst>
            <dst id="WASHng">6923.99733333333</dst>
        </src>
        <src id="WASHng">
            <dst id="ATLA-M5">60.808</dst>
            <dst id="ATLAng">80526.0133333333</dst>
            <dst id="CHINng">78650.3573333333</dst>
            <dst id="DNVRng">66874.9093333333</dst>
            <dst id="HSTNng">18224.184</dst>
            <dst id="IPLSng">28093.7946666667</dst>
            <dst id="KSCYng">15038.32</dst>
            <dst id="LOSAng">126448.288</dst>
            <dst id="NYCMng">159796.341333333</dst>
            <dst id="SNVAng">1479.49066666667</dst>
            <dst id="STTLng">49159.0213333333</dst>
            <dst id="WASHng">178509.904</dst>
        </src>
    </IntraTM>
</TrafficMatrixFile>
