<?xml version="1.0" encoding="ISO-8859-1" standalone="yes"?>
<TrafficMatrixFile xsi:noNamespaceSchemaLocation="http://totem.run.montefiore.ulg.ac.be/Schema/TrafficMatrix-v1_2.xsd" xmlns:xsi="http://www.w3.org/2001/XMLSchema-instance">
    <IntraTM ASID="11537">
        <src id="ATLA-M5">
            <dst id="ATLA-M5">0</dst>
            <dst id="ATLAng">0</dst>
            <dst id="CHINng">115.808</dst>
            <dst id="DNVRng">26.6666666666667</dst>
            <dst id="HSTNng">42.7573333333333</dst>
            <dst id="IPLSng">126.184</dst>
            <dst id="KSCYng">26.6666666666667</dst>
            <dst id="LOSAng">190.613333333333</dst>
            <dst id="NYCMng">0</dst>
            <dst id="SNVAng">13.3333333333333</dst>
            <dst id="STTLng">26.6666666666667</dst>
            <dst id="WASHng">1040.304</dst>
        </src>
        <src id="ATLAng">
            <dst id="ATLA-M5">163.370666666667</dst>
            <dst id="ATLAng">37317.7413333333</dst>
            <dst id="CHINng">6018.704</dst>
            <dst id="DNVRng">3760.84533333333</dst>
            <dst id="HSTNng">6636.688</dst>
            <dst id="IPLSng">10226.7813333333</dst>
            <dst id="KSCYng">514.096</dst>
            <dst id="LOSAng">13018.3733333333</dst>
            <dst id="NYCMng">7751.04</dst>
            <dst id="SNVAng">0</dst>
            <dst id="STTLng">5246.49066666667</dst>
            <dst id="WASHng">34584.8666666667</dst>
        </src>
        <src id="CHINng">
            <dst id="ATLA-M5">184.093333333333</dst>
            <dst id="ATLAng">37267.0693333333</dst>
            <dst id="CHINng">65363.3786666667</dst>
            <dst id="DNVRng">23006.4453333333</dst>
            <dst id="HSTNng">4966.81866666667</dst>
            <dst id="IPLSng">20184.048</dst>
            <dst id="KSCYng">7773.97866666667</dst>
            <dst id="LOSAng">51178.6666666667</dst>
            <dst id="NYCMng">3468.96533333333</dst>
            <dst id="SNVAng">292.117333333333</dst>
            <dst id="STTLng">14240.9893333333</dst>
            <dst id="WASHng">14244.2213333333</dst>
        </src>
        <src id="DNVRng">
            <dst id="ATLA-M5">98.88</dst>
            <dst id="ATLAng">4011.248</dst>
            <dst id="CHINng">48421.0266666667</dst>
            <dst id="DNVRng">8047.38666666667</dst>
            <dst id="HSTNng">17064.2613333333</dst>
            <dst id="IPLSng">20500.288</dst>
            <dst id="KSCYng">18869.2426666667</dst>
            <dst id="LOSAng">8197.568</dst>
            <dst id="NYCMng">11283.6026666667</dst>
            <dst id="SNVAng">11340.4053333333</dst>
            <dst id="STTLng">7475.21866666667</dst>
            <dst id="WASHng">33651.912</dst>
        </src>
        <src id="HSTNng">
            <dst id="ATLA-M5">2027.46666666667</dst>
            <dst id="ATLAng">1770.33333333333</dst>
            <dst id="CHINng">8006.13333333333</dst>
            <dst id="DNVRng">1402.024</dst>
            <dst id="HSTNng">6787.84533333333</dst>
            <dst id="IPLSng">256.085333333333</dst>
            <dst id="KSCYng">1345.56266666667</dst>
            <dst id="LOSAng">10282.9466666667</dst>
            <dst id="NYCMng">2529.472</dst>
            <dst id="SNVAng">0</dst>
            <dst id="STTLng">1611.168</dst>
            <dst id="WASHng">3017.936</dst>
        </src>
        <src id="IPLSng">
            <dst id="ATLA-M5">0</dst>
            <dst id="ATLAng">17365.424</dst>
            <dst id="CHINng">51124.6053333333</dst>
            <dst id="DNVRng">8532.48266666667</dst>
            <dst id="HSTNng">1431.81066666667</dst>
            <dst id="IPLSng">7343.896</dst>
            <dst id="KSCYng">2911.21866666667</dst>
            <dst id="LOSAng">68795.6533333333</dst>
            <dst id="NYCMng">24426.16</dst>
            <dst id="SNVAng">348.338666666667</dst>
            <dst id="STTLng">8781.64</dst>
            <dst id="WASHng">11148.1786666667</dst>
        </src>
        <src id="KSCYng">
            <dst id="ATLA-M5">0</dst>
            <dst id="ATLAng">1673.01866666667</dst>
            <dst id="CHINng">14897.744</dst>
            <dst id="DNVRng">12727.504</dst>
            <dst id="HSTNng">2723.93866666667</dst>
            <dst id="IPLSng">22822.6373333333</dst>
            <dst id="KSCYng">5042.38133333333</dst>
            <dst id="LOSAng">12074.8106666667</dst>
            <dst id="NYCMng">4388.60533333333</dst>
            <dst id="SNVAng">0</dst>
            <dst id="STTLng">1854.09866666667</dst>
            <dst id="WASHng">16798.9706666667</dst>
        </src>
        <src id="LOSAng">
            <dst id="ATLA-M5">38.9333333333333</dst>
            <dst id="ATLAng">40972.504</dst>
            <dst id="CHINng">89856.3973333333</dst>
            <dst id="DNVRng">13407.0186666667</dst>
            <dst id="HSTNng">5848.98133333333</dst>
            <dst id="IPLSng">33535.6986666667</dst>
            <dst id="KSCYng">2484.34666666667</dst>
            <dst id="LOSAng">25394.1973333333</dst>
            <dst id="NYCMng">72244.2266666667</dst>
            <dst id="SNVAng">4460.85333333333</dst>
            <dst id="STTLng">44379.5706666666</dst>
            <dst id="WASHng">97731.2053333333</dst>
        </src>
        <src id="NYCMng">
            <dst id="ATLA-M5">694.234666666667</dst>
            <dst id="ATLAng">38370.3173333333</dst>
            <dst id="CHINng">29744.0746666667</dst>
            <dst id="DNVRng">22678.016</dst>
            <dst id="HSTNng">6674.592</dst>
            <dst id="IPLSng">27665.0053333333</dst>
            <dst id="KSCYng">8926.01066666667</dst>
            <dst id="LOSAng">92941.408</dst>
            <dst id="NYCMng">106020.554666667</dst>
            <dst id="SNVAng">3795.79733333333</dst>
            <dst id="STTLng">24269.8426666667</dst>
            <dst id="WASHng">42077.2533333333</dst>
        </src>
        <src id="SNVAng">
            <dst id="ATLA-M5">0</dst>
            <dst id="ATLAng">29.12</dst>
            <dst id="CHINng">147.282666666667</dst>
            <dst id="DNVRng">335.005333333333</dst>
            <dst id="HSTNng">205.333333333333</dst>
            <dst id="IPLSng">9536.67733333333</dst>
            <dst id="KSCYng">90.024</dst>
            <dst id="LOSAng">49960.6506666667</dst>
            <dst id="NYCMng">364.181333333333</dst>
            <dst id="SNVAng">8158.48</dst>
            <dst id="STTLng">23720.1333333333</dst>
            <dst id="WASHng">0</dst>
        </src>
        <src id="STTLng">
            <dst id="ATLA-M5">142.341333333333</dst>
            <dst id="ATLAng">9276.59733333333</dst>
            <dst id="CHINng">23646.9173333333</dst>
            <dst id="DNVRng">1372.168</dst>
            <dst id="HSTNng">2019.23466666667</dst>
            <dst id="IPLSng">6025.25066666667</dst>
            <dst id="KSCYng">2772.36</dst>
            <dst id="LOSAng">28990.8773333333</dst>
            <dst id="NYCMng">10228.4133333333</dst>
            <dst id="SNVAng">3931.728</dst>
            <dst id="STTLng">3213.99733333333</dst>
            <dst id="WASHng">13825.1786666667</dst>
        </src>
        <src id="WASHng">
            <dst id="ATLA-M5">26.6666666666667</dst>
            <dst id="ATLAng">90931.7573333334</dst>
            <dst id="CHINng">104139.826666667</dst>
            <dst id="DNVRng">50893.9386666667</dst>
            <dst id="HSTNng">18201.8506666667</dst>
            <dst id="IPLSng">15326.0826666667</dst>
            <dst id="KSCYng">8352.58133333333</dst>
            <dst id="LOSAng">116845.746666667</dst>
            <dst id="NYCMng">117123.184</dst>
            <dst id="SNVAng">508.458666666667</dst>
            <dst id="STTLng">41750.488</dst>
            <dst id="WASHng">263404.741333333</dst>
        </src>
    </IntraTM>
</TrafficMatrixFile>
