<?xml version="1.0" encoding="ISO-8859-1" standalone="yes"?>
<TrafficMatrixFile xsi:noNamespaceSchemaLocation="http://totem.run.montefiore.ulg.ac.be/Schema/TrafficMatrix-v1_2.xsd" xmlns:xsi="http://www.w3.org/2001/XMLSchema-instance">
    <IntraTM ASID="11537">
        <src id="ATLA-M5">
            <dst id="ATLA-M5">0</dst>
            <dst id="ATLAng">674.906666666667</dst>
            <dst id="CHINng">0</dst>
            <dst id="DNVRng">0</dst>
            <dst id="HSTNng">50.0933333333333</dst>
            <dst id="IPLSng">0</dst>
            <dst id="KSCYng">0</dst>
            <dst id="LOSAng">86.6</dst>
            <dst id="NYCMng">361.098666666667</dst>
            <dst id="SNVAng">0</dst>
            <dst id="STTLng">0</dst>
            <dst id="WASHng">1011.39733333333</dst>
        </src>
        <src id="ATLAng">
            <dst id="ATLA-M5">132.632</dst>
            <dst id="ATLAng">23103.6373333333</dst>
            <dst id="CHINng">7848.95466666667</dst>
            <dst id="DNVRng">13181.928</dst>
            <dst id="HSTNng">590.082666666667</dst>
            <dst id="IPLSng">17568.7946666667</dst>
            <dst id="KSCYng">761.832</dst>
            <dst id="LOSAng">15226.9253333333</dst>
            <dst id="NYCMng">7606.53866666667</dst>
            <dst id="SNVAng">97.6266666666667</dst>
            <dst id="STTLng">7575.16</dst>
            <dst id="WASHng">36952.5146666667</dst>
        </src>
        <src id="CHINng">
            <dst id="ATLA-M5">26.6666666666667</dst>
            <dst id="ATLAng">5433.74933333333</dst>
            <dst id="CHINng">118843.093333333</dst>
            <dst id="DNVRng">15294.9973333333</dst>
            <dst id="HSTNng">3586.37066666667</dst>
            <dst id="IPLSng">25056.76</dst>
            <dst id="KSCYng">16050.456</dst>
            <dst id="LOSAng">60361.9573333333</dst>
            <dst id="NYCMng">12111</dst>
            <dst id="SNVAng">328.381333333333</dst>
            <dst id="STTLng">5678.16266666667</dst>
            <dst id="WASHng">16151.7786666667</dst>
        </src>
        <src id="DNVRng">
            <dst id="ATLA-M5">162.88</dst>
            <dst id="ATLAng">6568.89333333333</dst>
            <dst id="CHINng">58258.6906666666</dst>
            <dst id="DNVRng">26476.5146666667</dst>
            <dst id="HSTNng">20941.1253333333</dst>
            <dst id="IPLSng">20291.6186666667</dst>
            <dst id="KSCYng">16717.5466666667</dst>
            <dst id="LOSAng">14657.7626666667</dst>
            <dst id="NYCMng">14034.512</dst>
            <dst id="SNVAng">10626.0213333333</dst>
            <dst id="STTLng">11640.5386666667</dst>
            <dst id="WASHng">31061.7253333333</dst>
        </src>
        <src id="HSTNng">
            <dst id="ATLA-M5">3738.4</dst>
            <dst id="ATLAng">1816.41866666667</dst>
            <dst id="CHINng">14949.52</dst>
            <dst id="DNVRng">7172.21333333333</dst>
            <dst id="HSTNng">2420.44266666667</dst>
            <dst id="IPLSng">342.416</dst>
            <dst id="KSCYng">1028.38933333333</dst>
            <dst id="LOSAng">8809.25333333333</dst>
            <dst id="NYCMng">2388.11733333333</dst>
            <dst id="SNVAng">0</dst>
            <dst id="STTLng">5982.71733333333</dst>
            <dst id="WASHng">1251.60266666667</dst>
        </src>
        <src id="IPLSng">
            <dst id="ATLA-M5">56.472</dst>
            <dst id="ATLAng">15324.8533333333</dst>
            <dst id="CHINng">74716.688</dst>
            <dst id="DNVRng">2432.57066666667</dst>
            <dst id="HSTNng">788.282666666667</dst>
            <dst id="IPLSng">37186.496</dst>
            <dst id="KSCYng">2529.28</dst>
            <dst id="LOSAng">47430.576</dst>
            <dst id="NYCMng">12946.6533333333</dst>
            <dst id="SNVAng">140.538666666667</dst>
            <dst id="STTLng">12680.92</dst>
            <dst id="WASHng">15853.3973333333</dst>
        </src>
        <src id="KSCYng">
            <dst id="ATLA-M5">0</dst>
            <dst id="ATLAng">2186.67466666667</dst>
            <dst id="CHINng">24304.2586666667</dst>
            <dst id="DNVRng">11456.544</dst>
            <dst id="HSTNng">2874.48</dst>
            <dst id="IPLSng">9229.65066666666</dst>
            <dst id="KSCYng">3866.84533333333</dst>
            <dst id="LOSAng">7140.64266666667</dst>
            <dst id="NYCMng">8509.168</dst>
            <dst id="SNVAng">7080.312</dst>
            <dst id="STTLng">3367.896</dst>
            <dst id="WASHng">6098.19733333333</dst>
        </src>
        <src id="LOSAng">
            <dst id="ATLA-M5">31.5333333333333</dst>
            <dst id="ATLAng">6723.36266666667</dst>
            <dst id="CHINng">128949.189333333</dst>
            <dst id="DNVRng">9172.8</dst>
            <dst id="HSTNng">5055.376</dst>
            <dst id="IPLSng">31363.6826666667</dst>
            <dst id="KSCYng">4780.448</dst>
            <dst id="LOSAng">20056.3493333333</dst>
            <dst id="NYCMng">59443.92</dst>
            <dst id="SNVAng">6526.37333333333</dst>
            <dst id="STTLng">40692.5653333333</dst>
            <dst id="WASHng">108761.504</dst>
        </src>
        <src id="NYCMng">
            <dst id="ATLA-M5">352.616</dst>
            <dst id="ATLAng">25462.2106666667</dst>
            <dst id="CHINng">57634.7706666667</dst>
            <dst id="DNVRng">119013.304</dst>
            <dst id="HSTNng">3769.64</dst>
            <dst id="IPLSng">23804.608</dst>
            <dst id="KSCYng">9114.928</dst>
            <dst id="LOSAng">90916.8293333333</dst>
            <dst id="NYCMng">76331.8213333333</dst>
            <dst id="SNVAng">1462.168</dst>
            <dst id="STTLng">25395.344</dst>
            <dst id="WASHng">53677.4293333333</dst>
        </src>
        <src id="SNVAng">
            <dst id="ATLA-M5">0</dst>
            <dst id="ATLAng">0</dst>
            <dst id="CHINng">298.922666666667</dst>
            <dst id="DNVRng">390.738666666667</dst>
            <dst id="HSTNng">35.008</dst>
            <dst id="IPLSng">263.389333333333</dst>
            <dst id="KSCYng">26.6666666666667</dst>
            <dst id="LOSAng">27630.9333333333</dst>
            <dst id="NYCMng">209.941333333333</dst>
            <dst id="SNVAng">9768.344</dst>
            <dst id="STTLng">25310.4506666667</dst>
            <dst id="WASHng">26.6666666666667</dst>
        </src>
        <src id="STTLng">
            <dst id="ATLA-M5">0</dst>
            <dst id="ATLAng">8316.896</dst>
            <dst id="CHINng">36193.1546666667</dst>
            <dst id="DNVRng">2513.82933333333</dst>
            <dst id="HSTNng">1370.39466666667</dst>
            <dst id="IPLSng">6414.74133333333</dst>
            <dst id="KSCYng">6835.66133333333</dst>
            <dst id="LOSAng">21999.4586666667</dst>
            <dst id="NYCMng">10933.6026666667</dst>
            <dst id="SNVAng">10217.1733333333</dst>
            <dst id="STTLng">3843.55466666667</dst>
            <dst id="WASHng">5476.352</dst>
        </src>
        <src id="WASHng">
            <dst id="ATLA-M5">184.941333333333</dst>
            <dst id="ATLAng">112078.666666667</dst>
            <dst id="CHINng">73935.1386666667</dst>
            <dst id="DNVRng">61767.824</dst>
            <dst id="HSTNng">31975.608</dst>
            <dst id="IPLSng">51061.2826666667</dst>
            <dst id="KSCYng">21500.76</dst>
            <dst id="LOSAng">123287.408</dst>
            <dst id="NYCMng">98393.288</dst>
            <dst id="SNVAng">4533.76266666667</dst>
            <dst id="STTLng">25290.4426666667</dst>
            <dst id="WASHng">258333.826666667</dst>
        </src>
    </IntraTM>
</TrafficMatrixFile>
