<?xml version="1.0" encoding="ISO-8859-1" standalone="yes"?>
<TrafficMatrixFile xsi:noNamespaceSchemaLocation="http://totem.run.montefiore.ulg.ac.be/Schema/TrafficMatrix-v1_2.xsd" xmlns:xsi="http://www.w3.org/2001/XMLSchema-instance">
    <IntraTM ASID="11537">
        <src id="ATLA-M5">
            <dst id="ATLA-M5">26.6666666666667</dst>
            <dst id="ATLAng">106.666666666667</dst>
            <dst id="CHINng">1019.45066666667</dst>
            <dst id="DNVRng">0</dst>
            <dst id="HSTNng">53.3333333333333</dst>
            <dst id="IPLSng">26.6666666666667</dst>
            <dst id="KSCYng">0</dst>
            <dst id="LOSAng">147.658666666667</dst>
            <dst id="NYCMng">56.1706666666667</dst>
            <dst id="SNVAng">0</dst>
            <dst id="STTLng">26.6666666666667</dst>
            <dst id="WASHng">215.938666666667</dst>
        </src>
        <src id="ATLAng">
            <dst id="ATLA-M5">291.821333333333</dst>
            <dst id="ATLAng">38372.1253333333</dst>
            <dst id="CHINng">3804.23466666667</dst>
            <dst id="DNVRng">7603.784</dst>
            <dst id="HSTNng">1407.50666666667</dst>
            <dst id="IPLSng">8832.24</dst>
            <dst id="KSCYng">792.266666666667</dst>
            <dst id="LOSAng">13835.4986666667</dst>
            <dst id="NYCMng">8597.064</dst>
            <dst id="SNVAng">597.264</dst>
            <dst id="STTLng">3147.80533333333</dst>
            <dst id="WASHng">68737.7493333333</dst>
        </src>
        <src id="CHINng">
            <dst id="ATLA-M5">112.397333333333</dst>
            <dst id="ATLAng">41155.248</dst>
            <dst id="CHINng">102918.304</dst>
            <dst id="DNVRng">6983.94933333333</dst>
            <dst id="HSTNng">3324.00266666667</dst>
            <dst id="IPLSng">16535.368</dst>
            <dst id="KSCYng">4317.56533333333</dst>
            <dst id="LOSAng">48860.1386666667</dst>
            <dst id="NYCMng">5275.704</dst>
            <dst id="SNVAng">276.184</dst>
            <dst id="STTLng">5820.13866666667</dst>
            <dst id="WASHng">17140.216</dst>
        </src>
        <src id="DNVRng">
            <dst id="ATLA-M5">76.4826666666667</dst>
            <dst id="ATLAng">7981.83466666667</dst>
            <dst id="CHINng">49683.6693333333</dst>
            <dst id="DNVRng">2481.808</dst>
            <dst id="HSTNng">9807.832</dst>
            <dst id="IPLSng">26633.9866666667</dst>
            <dst id="KSCYng">9872.656</dst>
            <dst id="LOSAng">4644.584</dst>
            <dst id="NYCMng">6296.35733333333</dst>
            <dst id="SNVAng">5046.90666666667</dst>
            <dst id="STTLng">3557.11466666667</dst>
            <dst id="WASHng">27010.912</dst>
        </src>
        <src id="HSTNng">
            <dst id="ATLA-M5">2085.40533333333</dst>
            <dst id="ATLAng">3331.87466666667</dst>
            <dst id="CHINng">17366.3306666667</dst>
            <dst id="DNVRng">403.04</dst>
            <dst id="HSTNng">2002.40266666667</dst>
            <dst id="IPLSng">5517.21066666667</dst>
            <dst id="KSCYng">1387.79733333333</dst>
            <dst id="LOSAng">3493.80266666667</dst>
            <dst id="NYCMng">1895.29333333333</dst>
            <dst id="SNVAng">26.6666666666667</dst>
            <dst id="STTLng">1718.304</dst>
            <dst id="WASHng">3750.19466666667</dst>
        </src>
        <src id="IPLSng">
            <dst id="ATLA-M5">0</dst>
            <dst id="ATLAng">16699.2026666667</dst>
            <dst id="CHINng">72040.8773333333</dst>
            <dst id="DNVRng">1944.096</dst>
            <dst id="HSTNng">4032.25866666667</dst>
            <dst id="IPLSng">22666.4773333333</dst>
            <dst id="KSCYng">2213.35733333333</dst>
            <dst id="LOSAng">39527.3093333333</dst>
            <dst id="NYCMng">19638.4933333333</dst>
            <dst id="SNVAng">3851.152</dst>
            <dst id="STTLng">8741.77333333333</dst>
            <dst id="WASHng">25841.504</dst>
        </src>
        <src id="KSCYng">
            <dst id="ATLA-M5">26.6666666666667</dst>
            <dst id="ATLAng">1879.44</dst>
            <dst id="CHINng">21699.5653333333</dst>
            <dst id="DNVRng">7327.45066666667</dst>
            <dst id="HSTNng">2976.03466666667</dst>
            <dst id="IPLSng">3459.72533333333</dst>
            <dst id="KSCYng">2548.94933333333</dst>
            <dst id="LOSAng">8245.09066666667</dst>
            <dst id="NYCMng">6575.01333333334</dst>
            <dst id="SNVAng">2047.92533333333</dst>
            <dst id="STTLng">2225.82133333333</dst>
            <dst id="WASHng">4549.04</dst>
        </src>
        <src id="LOSAng">
            <dst id="ATLA-M5">906.813333333333</dst>
            <dst id="ATLAng">47723.248</dst>
            <dst id="CHINng">128533.525333333</dst>
            <dst id="DNVRng">4731.02666666667</dst>
            <dst id="HSTNng">9591.11466666667</dst>
            <dst id="IPLSng">27156.9546666667</dst>
            <dst id="KSCYng">2356.61333333333</dst>
            <dst id="LOSAng">16083.552</dst>
            <dst id="NYCMng">55577.0586666667</dst>
            <dst id="SNVAng">13271.6026666667</dst>
            <dst id="STTLng">42479.968</dst>
            <dst id="WASHng">98160.456</dst>
        </src>
        <src id="NYCMng">
            <dst id="ATLA-M5">53.3333333333333</dst>
            <dst id="ATLAng">38832.376</dst>
            <dst id="CHINng">42275.7653333333</dst>
            <dst id="DNVRng">105570.552</dst>
            <dst id="HSTNng">3559.816</dst>
            <dst id="IPLSng">27961.56</dst>
            <dst id="KSCYng">6900.94133333333</dst>
            <dst id="LOSAng">60124.272</dst>
            <dst id="NYCMng">124422.290666667</dst>
            <dst id="SNVAng">1521.77066666667</dst>
            <dst id="STTLng">26515.0346666667</dst>
            <dst id="WASHng">64331.2826666667</dst>
        </src>
        <src id="SNVAng">
            <dst id="ATLA-M5">0</dst>
            <dst id="ATLAng">0</dst>
            <dst id="CHINng">648.525333333333</dst>
            <dst id="DNVRng">5825.328</dst>
            <dst id="HSTNng">143.424</dst>
            <dst id="IPLSng">1911.86133333333</dst>
            <dst id="KSCYng">146</dst>
            <dst id="LOSAng">26667.2426666667</dst>
            <dst id="NYCMng">364.562666666667</dst>
            <dst id="SNVAng">7731.65866666667</dst>
            <dst id="STTLng">18950.784</dst>
            <dst id="WASHng">188.178666666667</dst>
        </src>
        <src id="STTLng">
            <dst id="ATLA-M5">0</dst>
            <dst id="ATLAng">9887.464</dst>
            <dst id="CHINng">37173.9786666667</dst>
            <dst id="DNVRng">802.192</dst>
            <dst id="HSTNng">3019.22933333333</dst>
            <dst id="IPLSng">6165.25333333333</dst>
            <dst id="KSCYng">1225.672</dst>
            <dst id="LOSAng">23163.5466666667</dst>
            <dst id="NYCMng">9589.44266666667</dst>
            <dst id="SNVAng">2001.74666666667</dst>
            <dst id="STTLng">751.437333333333</dst>
            <dst id="WASHng">9852.61866666667</dst>
        </src>
        <src id="WASHng">
            <dst id="ATLA-M5">88.6693333333333</dst>
            <dst id="ATLAng">97294.9226666667</dst>
            <dst id="CHINng">79690.168</dst>
            <dst id="DNVRng">64661.504</dst>
            <dst id="HSTNng">6742.50933333333</dst>
            <dst id="IPLSng">40494.6666666667</dst>
            <dst id="KSCYng">13082.3226666667</dst>
            <dst id="LOSAng">108059.733333333</dst>
            <dst id="NYCMng">209241.184</dst>
            <dst id="SNVAng">2764.94933333333</dst>
            <dst id="STTLng">31702.8533333333</dst>
            <dst id="WASHng">285630.88</dst>
        </src>
    </IntraTM>
</TrafficMatrixFile>
