<?xml version="1.0" encoding="ISO-8859-1" standalone="yes"?>
<TrafficMatrixFile xsi:noNamespaceSchemaLocation="http://totem.run.montefiore.ulg.ac.be/Schema/TrafficMatrix-v1_2.xsd" xmlns:xsi="http://www.w3.org/2001/XMLSchema-instance">
    <IntraTM ASID="11537">
        <src id="ATLA-M5">
            <dst id="ATLA-M5">0</dst>
            <dst id="ATLAng">620.56</dst>
            <dst id="CHINng">98.9253333333333</dst>
            <dst id="DNVRng">0</dst>
            <dst id="HSTNng">94.8906666666667</dst>
            <dst id="IPLSng">255.136</dst>
            <dst id="KSCYng">26.6666666666667</dst>
            <dst id="LOSAng">205.501333333333</dst>
            <dst id="NYCMng">53.3333333333333</dst>
            <dst id="SNVAng">0</dst>
            <dst id="STTLng">106.666666666667</dst>
            <dst id="WASHng">596.48</dst>
        </src>
        <src id="ATLAng">
            <dst id="ATLA-M5">117.829333333333</dst>
            <dst id="ATLAng">31230.9386666667</dst>
            <dst id="CHINng">12467.7306666667</dst>
            <dst id="DNVRng">3333.49066666667</dst>
            <dst id="HSTNng">1519.06133333333</dst>
            <dst id="IPLSng">11443.3386666667</dst>
            <dst id="KSCYng">436.077333333333</dst>
            <dst id="LOSAng">14835.8</dst>
            <dst id="NYCMng">4900.06933333333</dst>
            <dst id="SNVAng">150.925333333333</dst>
            <dst id="STTLng">4811.23733333333</dst>
            <dst id="WASHng">44184.2186666667</dst>
        </src>
        <src id="CHINng">
            <dst id="ATLA-M5">0</dst>
            <dst id="ATLAng">10499.5253333333</dst>
            <dst id="CHINng">116595.789333333</dst>
            <dst id="DNVRng">16009.7306666667</dst>
            <dst id="HSTNng">7082.824</dst>
            <dst id="IPLSng">33789.6933333333</dst>
            <dst id="KSCYng">6480.208</dst>
            <dst id="LOSAng">63638.9813333333</dst>
            <dst id="NYCMng">30525.128</dst>
            <dst id="SNVAng">1247.71466666667</dst>
            <dst id="STTLng">8329.672</dst>
            <dst id="WASHng">16825.3093333333</dst>
        </src>
        <src id="DNVRng">
            <dst id="ATLA-M5">100</dst>
            <dst id="ATLAng">7312.78933333333</dst>
            <dst id="CHINng">54856.7546666667</dst>
            <dst id="DNVRng">23775.8</dst>
            <dst id="HSTNng">28223.3813333333</dst>
            <dst id="IPLSng">22974.0026666667</dst>
            <dst id="KSCYng">21915.008</dst>
            <dst id="LOSAng">9102.61333333333</dst>
            <dst id="NYCMng">12382.1973333333</dst>
            <dst id="SNVAng">13152.3013333333</dst>
            <dst id="STTLng">15578.6533333333</dst>
            <dst id="WASHng">38167.584</dst>
        </src>
        <src id="HSTNng">
            <dst id="ATLA-M5">2698.19733333333</dst>
            <dst id="ATLAng">1850.79466666667</dst>
            <dst id="CHINng">14876.3226666667</dst>
            <dst id="DNVRng">1679.59466666667</dst>
            <dst id="HSTNng">7131.32533333333</dst>
            <dst id="IPLSng">507.269333333333</dst>
            <dst id="KSCYng">1681.36533333333</dst>
            <dst id="LOSAng">9490.208</dst>
            <dst id="NYCMng">2450.088</dst>
            <dst id="SNVAng">26.6666666666667</dst>
            <dst id="STTLng">1068.296</dst>
            <dst id="WASHng">1803.704</dst>
        </src>
        <src id="IPLSng">
            <dst id="ATLA-M5">117.706666666667</dst>
            <dst id="ATLAng">11569.8506666667</dst>
            <dst id="CHINng">74218.392</dst>
            <dst id="DNVRng">4566.62133333333</dst>
            <dst id="HSTNng">1937.744</dst>
            <dst id="IPLSng">29890.4586666667</dst>
            <dst id="KSCYng">1894.072</dst>
            <dst id="LOSAng">41627.96</dst>
            <dst id="NYCMng">11558.344</dst>
            <dst id="SNVAng">262.152</dst>
            <dst id="STTLng">15627.9946666667</dst>
            <dst id="WASHng">12541.4666666667</dst>
        </src>
        <src id="KSCYng">
            <dst id="ATLA-M5">0</dst>
            <dst id="ATLAng">877.368</dst>
            <dst id="CHINng">26845.68</dst>
            <dst id="DNVRng">10441</dst>
            <dst id="HSTNng">2204.67466666667</dst>
            <dst id="IPLSng">12309.2773333333</dst>
            <dst id="KSCYng">10497.2293333333</dst>
            <dst id="LOSAng">22041.9626666667</dst>
            <dst id="NYCMng">4047.84266666667</dst>
            <dst id="SNVAng">63.864</dst>
            <dst id="STTLng">1069.744</dst>
            <dst id="WASHng">7129.17066666667</dst>
        </src>
        <src id="LOSAng">
            <dst id="ATLA-M5">106.16</dst>
            <dst id="ATLAng">8489.32533333333</dst>
            <dst id="CHINng">92396.9733333333</dst>
            <dst id="DNVRng">4188.07466666667</dst>
            <dst id="HSTNng">17381.9066666667</dst>
            <dst id="IPLSng">21586.056</dst>
            <dst id="KSCYng">5200.62133333333</dst>
            <dst id="LOSAng">17776.832</dst>
            <dst id="NYCMng">57172.1146666667</dst>
            <dst id="SNVAng">7590.456</dst>
            <dst id="STTLng">54534.4506666667</dst>
            <dst id="WASHng">97622.224</dst>
        </src>
        <src id="NYCMng">
            <dst id="ATLA-M5">702.650666666666</dst>
            <dst id="ATLAng">23064.472</dst>
            <dst id="CHINng">48633.72</dst>
            <dst id="DNVRng">113909.506666667</dst>
            <dst id="HSTNng">9567.91466666667</dst>
            <dst id="IPLSng">36595.5733333333</dst>
            <dst id="KSCYng">8212.47466666667</dst>
            <dst id="LOSAng">73072.312</dst>
            <dst id="NYCMng">71053.2213333333</dst>
            <dst id="SNVAng">1993.10666666667</dst>
            <dst id="STTLng">25849.3413333333</dst>
            <dst id="WASHng">55817.6506666667</dst>
        </src>
        <src id="SNVAng">
            <dst id="ATLA-M5">0</dst>
            <dst id="ATLAng">80</dst>
            <dst id="CHINng">332.592</dst>
            <dst id="DNVRng">1271.272</dst>
            <dst id="HSTNng">63.04</dst>
            <dst id="IPLSng">259.976</dst>
            <dst id="KSCYng">17398.0506666667</dst>
            <dst id="LOSAng">40668.408</dst>
            <dst id="NYCMng">436.629333333333</dst>
            <dst id="SNVAng">9801.584</dst>
            <dst id="STTLng">27672.7333333333</dst>
            <dst id="WASHng">91.392</dst>
        </src>
        <src id="STTLng">
            <dst id="ATLA-M5">29.3573333333333</dst>
            <dst id="ATLAng">9114.33066666666</dst>
            <dst id="CHINng">26687.3733333333</dst>
            <dst id="DNVRng">4902.28266666667</dst>
            <dst id="HSTNng">521.445333333333</dst>
            <dst id="IPLSng">12593.472</dst>
            <dst id="KSCYng">2507.85866666667</dst>
            <dst id="LOSAng">27497.456</dst>
            <dst id="NYCMng">13234.1733333333</dst>
            <dst id="SNVAng">4433.232</dst>
            <dst id="STTLng">5522.30933333333</dst>
            <dst id="WASHng">5199.99733333333</dst>
        </src>
        <src id="WASHng">
            <dst id="ATLA-M5">438.744</dst>
            <dst id="ATLAng">118911.226666667</dst>
            <dst id="CHINng">82628.0613333333</dst>
            <dst id="DNVRng">53834.176</dst>
            <dst id="HSTNng">19639.4293333333</dst>
            <dst id="IPLSng">61150.216</dst>
            <dst id="KSCYng">9989.49866666666</dst>
            <dst id="LOSAng">113609.029333333</dst>
            <dst id="NYCMng">152543.426666667</dst>
            <dst id="SNVAng">6174.77066666667</dst>
            <dst id="STTLng">31844.056</dst>
            <dst id="WASHng">239335.245333333</dst>
        </src>
    </IntraTM>
</TrafficMatrixFile>
