<?xml version="1.0" encoding="ISO-8859-1" standalone="yes"?>
<TrafficMatrixFile xsi:noNamespaceSchemaLocation="http://totem.run.montefiore.ulg.ac.be/Schema/TrafficMatrix-v1_2.xsd" xmlns:xsi="http://www.w3.org/2001/XMLSchema-instance">
    <IntraTM ASID="11537">
        <src id="ATLA-M5">
            <dst id="ATLA-M5">48.32</dst>
            <dst id="ATLAng">26.6666666666667</dst>
            <dst id="CHINng">80</dst>
            <dst id="DNVRng">0</dst>
            <dst id="HSTNng">0</dst>
            <dst id="IPLSng">72.8</dst>
            <dst id="KSCYng">0</dst>
            <dst id="LOSAng">59.808</dst>
            <dst id="NYCMng">0</dst>
            <dst id="SNVAng">0</dst>
            <dst id="STTLng">35.0293333333333</dst>
            <dst id="WASHng">3143.352</dst>
        </src>
        <src id="ATLAng">
            <dst id="ATLA-M5">230.424</dst>
            <dst id="ATLAng">24406.4533333333</dst>
            <dst id="CHINng">11584.512</dst>
            <dst id="DNVRng">5254.59733333333</dst>
            <dst id="HSTNng">299.090666666667</dst>
            <dst id="IPLSng">9923.608</dst>
            <dst id="KSCYng">387.856</dst>
            <dst id="LOSAng">12057.8933333333</dst>
            <dst id="NYCMng">6162.75466666667</dst>
            <dst id="SNVAng">183.104</dst>
            <dst id="STTLng">3805.78666666667</dst>
            <dst id="WASHng">52044.1946666667</dst>
        </src>
        <src id="CHINng">
            <dst id="ATLA-M5">53.3333333333333</dst>
            <dst id="ATLAng">14017.92</dst>
            <dst id="CHINng">92045.2586666667</dst>
            <dst id="DNVRng">10609.872</dst>
            <dst id="HSTNng">2930.98666666667</dst>
            <dst id="IPLSng">23703.344</dst>
            <dst id="KSCYng">14810.2586666667</dst>
            <dst id="LOSAng">44546.3813333334</dst>
            <dst id="NYCMng">15276.7253333333</dst>
            <dst id="SNVAng">933.253333333333</dst>
            <dst id="STTLng">7264.696</dst>
            <dst id="WASHng">44352.2773333333</dst>
        </src>
        <src id="DNVRng">
            <dst id="ATLA-M5">152.8</dst>
            <dst id="ATLAng">7952.36266666667</dst>
            <dst id="CHINng">55580.104</dst>
            <dst id="DNVRng">32342.288</dst>
            <dst id="HSTNng">10801.9333333333</dst>
            <dst id="IPLSng">16022.6373333333</dst>
            <dst id="KSCYng">7074.02933333333</dst>
            <dst id="LOSAng">3030.06666666667</dst>
            <dst id="NYCMng">9317.904</dst>
            <dst id="SNVAng">5404.336</dst>
            <dst id="STTLng">4401.62666666667</dst>
            <dst id="WASHng">33937.432</dst>
        </src>
        <src id="HSTNng">
            <dst id="ATLA-M5">955.093333333333</dst>
            <dst id="ATLAng">1180.68266666667</dst>
            <dst id="CHINng">15092.8533333333</dst>
            <dst id="DNVRng">696.653333333333</dst>
            <dst id="HSTNng">2571.46933333333</dst>
            <dst id="IPLSng">639.306666666667</dst>
            <dst id="KSCYng">1993.96</dst>
            <dst id="LOSAng">5595.75733333333</dst>
            <dst id="NYCMng">1366.592</dst>
            <dst id="SNVAng">410.216</dst>
            <dst id="STTLng">1782.19466666667</dst>
            <dst id="WASHng">1332.04266666667</dst>
        </src>
        <src id="IPLSng">
            <dst id="ATLA-M5">125.272</dst>
            <dst id="ATLAng">10169.5466666667</dst>
            <dst id="CHINng">81753.0613333333</dst>
            <dst id="DNVRng">2203.46933333333</dst>
            <dst id="HSTNng">1111.29866666667</dst>
            <dst id="IPLSng">15397.3013333333</dst>
            <dst id="KSCYng">10577.3626666667</dst>
            <dst id="LOSAng">41315.7013333333</dst>
            <dst id="NYCMng">9897.92266666667</dst>
            <dst id="SNVAng">419.888</dst>
            <dst id="STTLng">7244.07466666667</dst>
            <dst id="WASHng">8472.17333333333</dst>
        </src>
        <src id="KSCYng">
            <dst id="ATLA-M5">0</dst>
            <dst id="ATLAng">1284.92</dst>
            <dst id="CHINng">67306.7866666667</dst>
            <dst id="DNVRng">7815.48533333333</dst>
            <dst id="HSTNng">2126.192</dst>
            <dst id="IPLSng">6947.58933333333</dst>
            <dst id="KSCYng">3894.52533333333</dst>
            <dst id="LOSAng">6450.48533333333</dst>
            <dst id="NYCMng">5928.69866666667</dst>
            <dst id="SNVAng">106.666666666667</dst>
            <dst id="STTLng">699.933333333334</dst>
            <dst id="WASHng">6679.592</dst>
        </src>
        <src id="LOSAng">
            <dst id="ATLA-M5">101.784</dst>
            <dst id="ATLAng">8397.88533333333</dst>
            <dst id="CHINng">141844.386666667</dst>
            <dst id="DNVRng">5850.34133333333</dst>
            <dst id="HSTNng">3215.40266666667</dst>
            <dst id="IPLSng">23494.6293333333</dst>
            <dst id="KSCYng">4810.77866666667</dst>
            <dst id="LOSAng">16527.2693333333</dst>
            <dst id="NYCMng">48811.9946666667</dst>
            <dst id="SNVAng">6532.15733333333</dst>
            <dst id="STTLng">32105.408</dst>
            <dst id="WASHng">114666.458666667</dst>
        </src>
        <src id="NYCMng">
            <dst id="ATLA-M5">118.690666666667</dst>
            <dst id="ATLAng">31098.928</dst>
            <dst id="CHINng">49270.752</dst>
            <dst id="DNVRng">20467.1626666667</dst>
            <dst id="HSTNng">6280.512</dst>
            <dst id="IPLSng">23922.6213333333</dst>
            <dst id="KSCYng">11881.9333333333</dst>
            <dst id="LOSAng">62122.8266666667</dst>
            <dst id="NYCMng">89849.88</dst>
            <dst id="SNVAng">3152.15466666667</dst>
            <dst id="STTLng">19939.8693333333</dst>
            <dst id="WASHng">60585.2373333333</dst>
        </src>
        <src id="SNVAng">
            <dst id="ATLA-M5">0</dst>
            <dst id="ATLAng">0</dst>
            <dst id="CHINng">494.602666666667</dst>
            <dst id="DNVRng">8424.984</dst>
            <dst id="HSTNng">177.050666666667</dst>
            <dst id="IPLSng">1735.26933333333</dst>
            <dst id="KSCYng">0</dst>
            <dst id="LOSAng">26007.136</dst>
            <dst id="NYCMng">204.989333333333</dst>
            <dst id="SNVAng">9164.776</dst>
            <dst id="STTLng">19344.8533333333</dst>
            <dst id="WASHng">53.3333333333333</dst>
        </src>
        <src id="STTLng">
            <dst id="ATLA-M5">68.4693333333333</dst>
            <dst id="ATLAng">9138.536</dst>
            <dst id="CHINng">31073.3066666667</dst>
            <dst id="DNVRng">1397.09866666667</dst>
            <dst id="HSTNng">889.272</dst>
            <dst id="IPLSng">7195.54666666667</dst>
            <dst id="KSCYng">406.989333333333</dst>
            <dst id="LOSAng">18691.152</dst>
            <dst id="NYCMng">8892.32</dst>
            <dst id="SNVAng">1640.89333333333</dst>
            <dst id="STTLng">1517.688</dst>
            <dst id="WASHng">12514.8906666667</dst>
        </src>
        <src id="WASHng">
            <dst id="ATLA-M5">189.909333333333</dst>
            <dst id="ATLAng">123454.570666667</dst>
            <dst id="CHINng">78428.6506666667</dst>
            <dst id="DNVRng">42763.2586666667</dst>
            <dst id="HSTNng">9796.15733333333</dst>
            <dst id="IPLSng">31403.184</dst>
            <dst id="KSCYng">4884.59733333333</dst>
            <dst id="LOSAng">108605.610666667</dst>
            <dst id="NYCMng">141314.184</dst>
            <dst id="SNVAng">5016.45333333333</dst>
            <dst id="STTLng">30411.4746666667</dst>
            <dst id="WASHng">273487.28</dst>
        </src>
    </IntraTM>
</TrafficMatrixFile>
