<?xml version="1.0" encoding="ISO-8859-1" standalone="yes"?>
<TrafficMatrixFile xsi:noNamespaceSchemaLocation="http://totem.run.montefiore.ulg.ac.be/Schema/TrafficMatrix-v1_2.xsd" xmlns:xsi="http://www.w3.org/2001/XMLSchema-instance">
    <IntraTM ASID="11537">
        <src id="ATLA-M5">
            <dst id="ATLA-M5">0</dst>
            <dst id="ATLAng">53.624</dst>
            <dst id="CHINng">166.221333333333</dst>
            <dst id="DNVRng">0</dst>
            <dst id="HSTNng">75.9733333333333</dst>
            <dst id="IPLSng">53.3333333333333</dst>
            <dst id="KSCYng">1520.60533333333</dst>
            <dst id="LOSAng">364.784</dst>
            <dst id="NYCMng">26.6666666666667</dst>
            <dst id="SNVAng">0</dst>
            <dst id="STTLng">241.394666666667</dst>
            <dst id="WASHng">332.912</dst>
        </src>
        <src id="ATLAng">
            <dst id="ATLA-M5">721.578666666667</dst>
            <dst id="ATLAng">59947.8373333333</dst>
            <dst id="CHINng">6741.22666666667</dst>
            <dst id="DNVRng">4693.42666666667</dst>
            <dst id="HSTNng">4550.37866666667</dst>
            <dst id="IPLSng">10861.6773333333</dst>
            <dst id="KSCYng">2745.53866666667</dst>
            <dst id="LOSAng">17079.756</dst>
            <dst id="NYCMng">4371.54666666667</dst>
            <dst id="SNVAng">190.734666666667</dst>
            <dst id="STTLng">5844.376</dst>
            <dst id="WASHng">29251.1893333333</dst>
        </src>
        <src id="CHINng">
            <dst id="ATLA-M5">91.9973333333333</dst>
            <dst id="ATLAng">27844.9333333333</dst>
            <dst id="CHINng">123325.888</dst>
            <dst id="DNVRng">13277.8373333333</dst>
            <dst id="HSTNng">5570.672</dst>
            <dst id="IPLSng">62763.8773333333</dst>
            <dst id="KSCYng">6239.792</dst>
            <dst id="LOSAng">52948.4533333333</dst>
            <dst id="NYCMng">13739.104</dst>
            <dst id="SNVAng">796.368</dst>
            <dst id="STTLng">7619.92266666667</dst>
            <dst id="WASHng">23960.208</dst>
        </src>
        <src id="DNVRng">
            <dst id="ATLA-M5">217.92</dst>
            <dst id="ATLAng">17424.096</dst>
            <dst id="CHINng">44495.832</dst>
            <dst id="DNVRng">12239.7973333333</dst>
            <dst id="HSTNng">23665.6266666667</dst>
            <dst id="IPLSng">23833.8373333333</dst>
            <dst id="KSCYng">25904.072</dst>
            <dst id="LOSAng">6565.33866666667</dst>
            <dst id="NYCMng">12645.1253333333</dst>
            <dst id="SNVAng">22447.3493333333</dst>
            <dst id="STTLng">23252.6026666667</dst>
            <dst id="WASHng">31769.5013333333</dst>
        </src>
        <src id="HSTNng">
            <dst id="ATLA-M5">2972.776</dst>
            <dst id="ATLAng">34296.5306666667</dst>
            <dst id="CHINng">11760.2426666667</dst>
            <dst id="DNVRng">6932.848</dst>
            <dst id="HSTNng">6778.352</dst>
            <dst id="IPLSng">1329.57866666667</dst>
            <dst id="KSCYng">1435.872</dst>
            <dst id="LOSAng">13782.08</dst>
            <dst id="NYCMng">2342.36</dst>
            <dst id="SNVAng">0</dst>
            <dst id="STTLng">1438.34133333333</dst>
            <dst id="WASHng">6672.31466666667</dst>
        </src>
        <src id="IPLSng">
            <dst id="ATLA-M5">53.3333333333333</dst>
            <dst id="ATLAng">14042.76</dst>
            <dst id="CHINng">58264.1866666667</dst>
            <dst id="DNVRng">8509.152</dst>
            <dst id="HSTNng">1574.52</dst>
            <dst id="IPLSng">27636.2506666667</dst>
            <dst id="KSCYng">3506.056</dst>
            <dst id="LOSAng">42411.672</dst>
            <dst id="NYCMng">28795.2613333333</dst>
            <dst id="SNVAng">1661.32</dst>
            <dst id="STTLng">19047.7413333333</dst>
            <dst id="WASHng">18556.2746666667</dst>
        </src>
        <src id="KSCYng">
            <dst id="ATLA-M5">265.005333333333</dst>
            <dst id="ATLAng">4798.07466666667</dst>
            <dst id="CHINng">24326.704</dst>
            <dst id="DNVRng">12574.5706666667</dst>
            <dst id="HSTNng">6818.86933333333</dst>
            <dst id="IPLSng">15986.712</dst>
            <dst id="KSCYng">10098.7013333333</dst>
            <dst id="LOSAng">7069.592</dst>
            <dst id="NYCMng">4566.05066666667</dst>
            <dst id="SNVAng">1144.84266666667</dst>
            <dst id="STTLng">1383.58933333333</dst>
            <dst id="WASHng">7613.67466666667</dst>
        </src>
        <src id="LOSAng">
            <dst id="ATLA-M5">80</dst>
            <dst id="ATLAng">20350.8826666667</dst>
            <dst id="CHINng">79905.3093333333</dst>
            <dst id="DNVRng">8779.736</dst>
            <dst id="HSTNng">10277.8266666667</dst>
            <dst id="IPLSng">63686.4373333333</dst>
            <dst id="KSCYng">6538.97333333333</dst>
            <dst id="LOSAng">16755.2986666667</dst>
            <dst id="NYCMng">103168.496</dst>
            <dst id="SNVAng">15945.9973333333</dst>
            <dst id="STTLng">47723.3813333333</dst>
            <dst id="WASHng">99506.2</dst>
        </src>
        <src id="NYCMng">
            <dst id="ATLA-M5">401.784</dst>
            <dst id="ATLAng">50773.5226666667</dst>
            <dst id="CHINng">38157.9866666667</dst>
            <dst id="DNVRng">121649.946666667</dst>
            <dst id="HSTNng">8984.79466666666</dst>
            <dst id="IPLSng">42356.008</dst>
            <dst id="KSCYng">12132.7706666667</dst>
            <dst id="LOSAng">110918.741333333</dst>
            <dst id="NYCMng">69647.16</dst>
            <dst id="SNVAng">2101.45333333333</dst>
            <dst id="STTLng">31387.9866666667</dst>
            <dst id="WASHng">61798.312</dst>
        </src>
        <src id="SNVAng">
            <dst id="ATLA-M5">0</dst>
            <dst id="ATLAng">80</dst>
            <dst id="CHINng">136.250666666667</dst>
            <dst id="DNVRng">6420.53333333333</dst>
            <dst id="HSTNng">107.861333333333</dst>
            <dst id="IPLSng">500.36</dst>
            <dst id="KSCYng">7688.49066666667</dst>
            <dst id="LOSAng">34045.0906666667</dst>
            <dst id="NYCMng">541.205333333333</dst>
            <dst id="SNVAng">8191</dst>
            <dst id="STTLng">22859.848</dst>
            <dst id="WASHng">136.653333333333</dst>
        </src>
        <src id="STTLng">
            <dst id="ATLA-M5">77.536</dst>
            <dst id="ATLAng">10406.936</dst>
            <dst id="CHINng">13788.3226666667</dst>
            <dst id="DNVRng">2348.27733333333</dst>
            <dst id="HSTNng">5074.16533333333</dst>
            <dst id="IPLSng">6038.60266666667</dst>
            <dst id="KSCYng">3170.832</dst>
            <dst id="LOSAng">33158.648</dst>
            <dst id="NYCMng">9060.38133333333</dst>
            <dst id="SNVAng">3953.712</dst>
            <dst id="STTLng">6344.568</dst>
            <dst id="WASHng">6389.38666666667</dst>
        </src>
        <src id="WASHng">
            <dst id="ATLA-M5">978.565333333333</dst>
            <dst id="ATLAng">98326.3386666667</dst>
            <dst id="CHINng">78964.552</dst>
            <dst id="DNVRng">66254.368</dst>
            <dst id="HSTNng">25823.584</dst>
            <dst id="IPLSng">48215.64</dst>
            <dst id="KSCYng">9922.69866666667</dst>
            <dst id="LOSAng">123564.053333333</dst>
            <dst id="NYCMng">164220.093333333</dst>
            <dst id="SNVAng">6789.58133333333</dst>
            <dst id="STTLng">34566.8</dst>
            <dst id="WASHng">229902.624</dst>
        </src>
    </IntraTM>
</TrafficMatrixFile>
