<?xml version="1.0" encoding="ISO-8859-1" standalone="yes"?>
<TrafficMatrixFile xsi:noNamespaceSchemaLocation="http://totem.run.montefiore.ulg.ac.be/Schema/TrafficMatrix-v1_2.xsd" xmlns:xsi="http://www.w3.org/2001/XMLSchema-instance">
    <IntraTM ASID="11537">
        <src id="ATLA-M5">
            <dst id="ATLA-M5">0</dst>
            <dst id="ATLAng">199.597333333333</dst>
            <dst id="CHINng">308.872</dst>
            <dst id="DNVRng">53.3333333333333</dst>
            <dst id="HSTNng">53.3333333333333</dst>
            <dst id="IPLSng">53.3333333333333</dst>
            <dst id="KSCYng">1170.568</dst>
            <dst id="LOSAng">110.773333333333</dst>
            <dst id="NYCMng">53.3333333333333</dst>
            <dst id="SNVAng">0</dst>
            <dst id="STTLng">57.2106666666667</dst>
            <dst id="WASHng">190.797333333333</dst>
        </src>
        <src id="ATLAng">
            <dst id="ATLA-M5">154.906666666667</dst>
            <dst id="ATLAng">43950.2213333333</dst>
            <dst id="CHINng">6460.41066666667</dst>
            <dst id="DNVRng">6248.03466666667</dst>
            <dst id="HSTNng">9337.304</dst>
            <dst id="IPLSng">10180.6906666667</dst>
            <dst id="KSCYng">2560.15466666667</dst>
            <dst id="LOSAng">17514.3026666667</dst>
            <dst id="NYCMng">3632.912</dst>
            <dst id="SNVAng">252.092</dst>
            <dst id="STTLng">4348.416</dst>
            <dst id="WASHng">26641.776</dst>
        </src>
        <src id="CHINng">
            <dst id="ATLA-M5">176.045333333333</dst>
            <dst id="ATLAng">20083.0533333333</dst>
            <dst id="CHINng">100649.682666667</dst>
            <dst id="DNVRng">12320.7253333333</dst>
            <dst id="HSTNng">5844.30666666667</dst>
            <dst id="IPLSng">60182.6</dst>
            <dst id="KSCYng">6438.92533333333</dst>
            <dst id="LOSAng">53350.9466666667</dst>
            <dst id="NYCMng">11211.864</dst>
            <dst id="SNVAng">1718.23733333333</dst>
            <dst id="STTLng">7641.74666666667</dst>
            <dst id="WASHng">26426.8746666667</dst>
        </src>
        <src id="DNVRng">
            <dst id="ATLA-M5">136.96</dst>
            <dst id="ATLAng">11266.928</dst>
            <dst id="CHINng">50249.0666666667</dst>
            <dst id="DNVRng">12580.9733333333</dst>
            <dst id="HSTNng">24736.6346666667</dst>
            <dst id="IPLSng">24828.7146666667</dst>
            <dst id="KSCYng">25215.08</dst>
            <dst id="LOSAng">10334.424</dst>
            <dst id="NYCMng">11880.2186666667</dst>
            <dst id="SNVAng">19844.2506666667</dst>
            <dst id="STTLng">21923.5413333333</dst>
            <dst id="WASHng">30145.3493333333</dst>
        </src>
        <src id="HSTNng">
            <dst id="ATLA-M5">179.381333333333</dst>
            <dst id="ATLAng">41412.2453333333</dst>
            <dst id="CHINng">11035.128</dst>
            <dst id="DNVRng">8497.15466666667</dst>
            <dst id="HSTNng">7076.792</dst>
            <dst id="IPLSng">7574.12533333333</dst>
            <dst id="KSCYng">1108.072</dst>
            <dst id="LOSAng">13182.856</dst>
            <dst id="NYCMng">2451.18666666667</dst>
            <dst id="SNVAng">0</dst>
            <dst id="STTLng">1964.78933333333</dst>
            <dst id="WASHng">7819.56533333333</dst>
        </src>
        <src id="IPLSng">
            <dst id="ATLA-M5">62.4693333333333</dst>
            <dst id="ATLAng">13677.5786666667</dst>
            <dst id="CHINng">62232.896</dst>
            <dst id="DNVRng">6068.69066666667</dst>
            <dst id="HSTNng">3180.13333333333</dst>
            <dst id="IPLSng">24547.1626666667</dst>
            <dst id="KSCYng">3610.41866666667</dst>
            <dst id="LOSAng">41808.9946666667</dst>
            <dst id="NYCMng">25059.544</dst>
            <dst id="SNVAng">1780.02666666667</dst>
            <dst id="STTLng">15292.7013333333</dst>
            <dst id="WASHng">18750.7786666667</dst>
        </src>
        <src id="KSCYng">
            <dst id="ATLA-M5">29.1093333333333</dst>
            <dst id="ATLAng">4057.21333333333</dst>
            <dst id="CHINng">22123.216</dst>
            <dst id="DNVRng">12467.3706666667</dst>
            <dst id="HSTNng">7921.10666666667</dst>
            <dst id="IPLSng">13971.9333333333</dst>
            <dst id="KSCYng">9641.79466666667</dst>
            <dst id="LOSAng">9065.06933333333</dst>
            <dst id="NYCMng">4761.968</dst>
            <dst id="SNVAng">1642.11733333333</dst>
            <dst id="STTLng">1495.88533333333</dst>
            <dst id="WASHng">10931.9093333333</dst>
        </src>
        <src id="LOSAng">
            <dst id="ATLA-M5">111.917333333333</dst>
            <dst id="ATLAng">17597.176</dst>
            <dst id="CHINng">76455.5333333334</dst>
            <dst id="DNVRng">10440</dst>
            <dst id="HSTNng">8401.94933333334</dst>
            <dst id="IPLSng">53316.3173333333</dst>
            <dst id="KSCYng">5520.51733333334</dst>
            <dst id="LOSAng">20267.9866666667</dst>
            <dst id="NYCMng">102812.861333333</dst>
            <dst id="SNVAng">10696.9066666667</dst>
            <dst id="STTLng">58293.0613333333</dst>
            <dst id="WASHng">102933.104</dst>
        </src>
        <src id="NYCMng">
            <dst id="ATLA-M5">703.130666666667</dst>
            <dst id="ATLAng">48244.9573333333</dst>
            <dst id="CHINng">41879.6</dst>
            <dst id="DNVRng">120158.029333333</dst>
            <dst id="HSTNng">8538.01866666667</dst>
            <dst id="IPLSng">39941.2826666667</dst>
            <dst id="KSCYng">14953.6906666667</dst>
            <dst id="LOSAng">101311.642666667</dst>
            <dst id="NYCMng">70039.9946666667</dst>
            <dst id="SNVAng">1894.66133333333</dst>
            <dst id="STTLng">34102.4133333333</dst>
            <dst id="WASHng">82832.88</dst>
        </src>
        <src id="SNVAng">
            <dst id="ATLA-M5">0</dst>
            <dst id="ATLAng">435.178666666667</dst>
            <dst id="CHINng">197.333333333333</dst>
            <dst id="DNVRng">6624.792</dst>
            <dst id="HSTNng">47.936</dst>
            <dst id="IPLSng">2677.09333333333</dst>
            <dst id="KSCYng">26.6666666666667</dst>
            <dst id="LOSAng">31865.344</dst>
            <dst id="NYCMng">539.616</dst>
            <dst id="SNVAng">9035.432</dst>
            <dst id="STTLng">21824.1013333333</dst>
            <dst id="WASHng">137.384</dst>
        </src>
        <src id="STTLng">
            <dst id="ATLA-M5">72.2373333333333</dst>
            <dst id="ATLAng">11560.5813333333</dst>
            <dst id="CHINng">12729.216</dst>
            <dst id="DNVRng">3071.752</dst>
            <dst id="HSTNng">5074.29333333333</dst>
            <dst id="IPLSng">7166.17333333333</dst>
            <dst id="KSCYng">4023.77066666667</dst>
            <dst id="LOSAng">42832.5466666667</dst>
            <dst id="NYCMng">8907.11733333333</dst>
            <dst id="SNVAng">9411.06133333333</dst>
            <dst id="STTLng">7256.03466666667</dst>
            <dst id="WASHng">8146.15466666667</dst>
        </src>
        <src id="WASHng">
            <dst id="ATLA-M5">1317.91733333333</dst>
            <dst id="ATLAng">94293.7893333333</dst>
            <dst id="CHINng">91396.336</dst>
            <dst id="DNVRng">59803.3333333333</dst>
            <dst id="HSTNng">26591.7066666667</dst>
            <dst id="IPLSng">47568.88</dst>
            <dst id="KSCYng">14786.9653333333</dst>
            <dst id="LOSAng">126208.538666667</dst>
            <dst id="NYCMng">130766.818666667</dst>
            <dst id="SNVAng">6907.376</dst>
            <dst id="STTLng">37935.904</dst>
            <dst id="WASHng">216129.216</dst>
        </src>
    </IntraTM>
</TrafficMatrixFile>
