<?xml version="1.0" encoding="ISO-8859-1" standalone="yes"?>
<TrafficMatrixFile xsi:noNamespaceSchemaLocation="http://totem.run.montefiore.ulg.ac.be/Schema/TrafficMatrix-v1_2.xsd" xmlns:xsi="http://www.w3.org/2001/XMLSchema-instance">
    <IntraTM ASID="11537">
        <src id="ATLA-M5">
            <dst id="ATLA-M5">0</dst>
            <dst id="ATLAng">58.2053333333333</dst>
            <dst id="CHINng">66.272</dst>
            <dst id="DNVRng">26.6666666666667</dst>
            <dst id="HSTNng">63.9733333333333</dst>
            <dst id="IPLSng">26.6666666666667</dst>
            <dst id="KSCYng">0</dst>
            <dst id="LOSAng">122.394666666667</dst>
            <dst id="NYCMng">0</dst>
            <dst id="SNVAng">0</dst>
            <dst id="STTLng">0</dst>
            <dst id="WASHng">2335.86133333333</dst>
        </src>
        <src id="ATLAng">
            <dst id="ATLA-M5">103.226666666667</dst>
            <dst id="ATLAng">27455.5226666667</dst>
            <dst id="CHINng">11932.4666666667</dst>
            <dst id="DNVRng">6520.04</dst>
            <dst id="HSTNng">1063.024</dst>
            <dst id="IPLSng">9266.63733333333</dst>
            <dst id="KSCYng">369.194666666667</dst>
            <dst id="LOSAng">11237.424</dst>
            <dst id="NYCMng">7169.33333333333</dst>
            <dst id="SNVAng">356.048</dst>
            <dst id="STTLng">3913.14666666667</dst>
            <dst id="WASHng">55808.5733333333</dst>
        </src>
        <src id="CHINng">
            <dst id="ATLA-M5">68.3146666666667</dst>
            <dst id="ATLAng">11722.5653333333</dst>
            <dst id="CHINng">124586.186666667</dst>
            <dst id="DNVRng">9594.048</dst>
            <dst id="HSTNng">2835.53333333333</dst>
            <dst id="IPLSng">23097.0613333333</dst>
            <dst id="KSCYng">12867.0346666667</dst>
            <dst id="LOSAng">39363.28</dst>
            <dst id="NYCMng">10129.7706666667</dst>
            <dst id="SNVAng">187.090666666667</dst>
            <dst id="STTLng">7651.128</dst>
            <dst id="WASHng">30461.8506666667</dst>
        </src>
        <src id="DNVRng">
            <dst id="ATLA-M5">28.5706666666667</dst>
            <dst id="ATLAng">7768.50933333333</dst>
            <dst id="CHINng">61342.712</dst>
            <dst id="DNVRng">23795.24</dst>
            <dst id="HSTNng">10310.5093333333</dst>
            <dst id="IPLSng">17523.4853333333</dst>
            <dst id="KSCYng">7774.86133333333</dst>
            <dst id="LOSAng">8384.04533333333</dst>
            <dst id="NYCMng">10244.3946666667</dst>
            <dst id="SNVAng">5699.18933333333</dst>
            <dst id="STTLng">4697.20533333333</dst>
            <dst id="WASHng">32148.8373333333</dst>
        </src>
        <src id="HSTNng">
            <dst id="ATLA-M5">3375.87466666667</dst>
            <dst id="ATLAng">2244.704</dst>
            <dst id="CHINng">14724.3093333333</dst>
            <dst id="DNVRng">1052.10666666667</dst>
            <dst id="HSTNng">2595.90133333333</dst>
            <dst id="IPLSng">381.221333333333</dst>
            <dst id="KSCYng">2089.82933333333</dst>
            <dst id="LOSAng">7110.184</dst>
            <dst id="NYCMng">2463.02133333333</dst>
            <dst id="SNVAng">53.3333333333333</dst>
            <dst id="STTLng">801.394666666667</dst>
            <dst id="WASHng">1574.95466666667</dst>
        </src>
        <src id="IPLSng">
            <dst id="ATLA-M5">79.144</dst>
            <dst id="ATLAng">15797.736</dst>
            <dst id="CHINng">90173.016</dst>
            <dst id="DNVRng">2550.72266666667</dst>
            <dst id="HSTNng">828.709333333333</dst>
            <dst id="IPLSng">18113.2746666667</dst>
            <dst id="KSCYng">10765.5413333333</dst>
            <dst id="LOSAng">62391.592</dst>
            <dst id="NYCMng">10976.8933333333</dst>
            <dst id="SNVAng">207.770666666667</dst>
            <dst id="STTLng">8713.54933333333</dst>
            <dst id="WASHng">10004.04</dst>
        </src>
        <src id="KSCYng">
            <dst id="ATLA-M5">0</dst>
            <dst id="ATLAng">1804.50666666667</dst>
            <dst id="CHINng">68114.2613333333</dst>
            <dst id="DNVRng">7994.808</dst>
            <dst id="HSTNng">2242.488</dst>
            <dst id="IPLSng">8764.21333333333</dst>
            <dst id="KSCYng">2685.824</dst>
            <dst id="LOSAng">6050.47466666667</dst>
            <dst id="NYCMng">5173.264</dst>
            <dst id="SNVAng">80</dst>
            <dst id="STTLng">578.368</dst>
            <dst id="WASHng">6603.808</dst>
        </src>
        <src id="LOSAng">
            <dst id="ATLA-M5">340.786666666667</dst>
            <dst id="ATLAng">9805.69866666667</dst>
            <dst id="CHINng">141434.72</dst>
            <dst id="DNVRng">6317.552</dst>
            <dst id="HSTNng">10824.7493333333</dst>
            <dst id="IPLSng">24599.9013333333</dst>
            <dst id="KSCYng">5325.04533333333</dst>
            <dst id="LOSAng">15661.848</dst>
            <dst id="NYCMng">46275.7733333333</dst>
            <dst id="SNVAng">9463.15733333333</dst>
            <dst id="STTLng">32730.728</dst>
            <dst id="WASHng">88019.128</dst>
        </src>
        <src id="NYCMng">
            <dst id="ATLA-M5">53.3333333333333</dst>
            <dst id="ATLAng">37154.208</dst>
            <dst id="CHINng">47243.736</dst>
            <dst id="DNVRng">20802.9626666667</dst>
            <dst id="HSTNng">5975.18933333333</dst>
            <dst id="IPLSng">26123.184</dst>
            <dst id="KSCYng">9502.688</dst>
            <dst id="LOSAng">60803.216</dst>
            <dst id="NYCMng">93644.8026666667</dst>
            <dst id="SNVAng">2428.81866666667</dst>
            <dst id="STTLng">20692.76</dst>
            <dst id="WASHng">59202.0853333333</dst>
        </src>
        <src id="SNVAng">
            <dst id="ATLA-M5">0</dst>
            <dst id="ATLAng">80</dst>
            <dst id="CHINng">1161.31733333333</dst>
            <dst id="DNVRng">791.674666666667</dst>
            <dst id="HSTNng">67.5626666666667</dst>
            <dst id="IPLSng">6271.92533333333</dst>
            <dst id="KSCYng">26.6666666666667</dst>
            <dst id="LOSAng">27496.0266666667</dst>
            <dst id="NYCMng">247.384</dst>
            <dst id="SNVAng">10945.32</dst>
            <dst id="STTLng">19930.7386666667</dst>
            <dst id="WASHng">299.029333333333</dst>
        </src>
        <src id="STTLng">
            <dst id="ATLA-M5">26.6666666666667</dst>
            <dst id="ATLAng">9534.71733333333</dst>
            <dst id="CHINng">29950.5146666667</dst>
            <dst id="DNVRng">1718.02133333333</dst>
            <dst id="HSTNng">871.744</dst>
            <dst id="IPLSng">8112.11733333333</dst>
            <dst id="KSCYng">550.136</dst>
            <dst id="LOSAng">17855.9813333333</dst>
            <dst id="NYCMng">8046.22666666667</dst>
            <dst id="SNVAng">1624.82933333333</dst>
            <dst id="STTLng">1702.80266666667</dst>
            <dst id="WASHng">12977.7866666667</dst>
        </src>
        <src id="WASHng">
            <dst id="ATLA-M5">318.912</dst>
            <dst id="ATLAng">86481.6053333333</dst>
            <dst id="CHINng">77895.8266666667</dst>
            <dst id="DNVRng">44780.008</dst>
            <dst id="HSTNng">9803.52</dst>
            <dst id="IPLSng">28626.536</dst>
            <dst id="KSCYng">3889.91733333333</dst>
            <dst id="LOSAng">116433.829333333</dst>
            <dst id="NYCMng">149794.424</dst>
            <dst id="SNVAng">4862.8</dst>
            <dst id="STTLng">33292.688</dst>
            <dst id="WASHng">291379.6</dst>
        </src>
    </IntraTM>
</TrafficMatrixFile>
