<?xml version="1.0" encoding="ISO-8859-1" standalone="yes"?>
<TrafficMatrixFile xsi:noNamespaceSchemaLocation="http://totem.run.montefiore.ulg.ac.be/Schema/TrafficMatrix-v1_2.xsd" xmlns:xsi="http://www.w3.org/2001/XMLSchema-instance">
    <IntraTM ASID="11537">
        <src id="ATLA-M5">
            <dst id="ATLA-M5">0</dst>
            <dst id="ATLAng">26.6666666666667</dst>
            <dst id="CHINng">130.725333333333</dst>
            <dst id="DNVRng">0</dst>
            <dst id="HSTNng">645.317333333333</dst>
            <dst id="IPLSng">1040.52533333333</dst>
            <dst id="KSCYng">78.0586666666667</dst>
            <dst id="LOSAng">1686.30133333333</dst>
            <dst id="NYCMng">0</dst>
            <dst id="SNVAng">0</dst>
            <dst id="STTLng">0</dst>
            <dst id="WASHng">209.269333333333</dst>
        </src>
        <src id="ATLAng">
            <dst id="ATLA-M5">405.242666666667</dst>
            <dst id="ATLAng">39832.3706666667</dst>
            <dst id="CHINng">4911.73866666667</dst>
            <dst id="DNVRng">3039.32266666667</dst>
            <dst id="HSTNng">663.058666666667</dst>
            <dst id="IPLSng">15858.248</dst>
            <dst id="KSCYng">471.522666666667</dst>
            <dst id="LOSAng">14761</dst>
            <dst id="NYCMng">4260.74133333333</dst>
            <dst id="SNVAng">129.981333333333</dst>
            <dst id="STTLng">11662.032</dst>
            <dst id="WASHng">26068.168</dst>
        </src>
        <src id="CHINng">
            <dst id="ATLA-M5">74.0746666666667</dst>
            <dst id="ATLAng">40384.816</dst>
            <dst id="CHINng">46714.0613333333</dst>
            <dst id="DNVRng">12892.1946666667</dst>
            <dst id="HSTNng">7818.256</dst>
            <dst id="IPLSng">22611.1333333333</dst>
            <dst id="KSCYng">6482.93333333333</dst>
            <dst id="LOSAng">49713.168</dst>
            <dst id="NYCMng">5606.14933333333</dst>
            <dst id="SNVAng">289.797333333333</dst>
            <dst id="STTLng">8319.11733333333</dst>
            <dst id="WASHng">17483.2853333333</dst>
        </src>
        <src id="DNVRng">
            <dst id="ATLA-M5">65.92</dst>
            <dst id="ATLAng">5030.63466666667</dst>
            <dst id="CHINng">47798.9066666667</dst>
            <dst id="DNVRng">5211.09333333333</dst>
            <dst id="HSTNng">20562.048</dst>
            <dst id="IPLSng">22403.9333333333</dst>
            <dst id="KSCYng">11236.0826666667</dst>
            <dst id="LOSAng">58833.272</dst>
            <dst id="NYCMng">11168.7466666667</dst>
            <dst id="SNVAng">5761.76</dst>
            <dst id="STTLng">8185.49333333333</dst>
            <dst id="WASHng">33795.28</dst>
        </src>
        <src id="HSTNng">
            <dst id="ATLA-M5">2113.608</dst>
            <dst id="ATLAng">14319.936</dst>
            <dst id="CHINng">5712.78666666667</dst>
            <dst id="DNVRng">1862.33333333333</dst>
            <dst id="HSTNng">11033.392</dst>
            <dst id="IPLSng">627.637333333333</dst>
            <dst id="KSCYng">1051.57066666667</dst>
            <dst id="LOSAng">7042.28533333333</dst>
            <dst id="NYCMng">1994.232</dst>
            <dst id="SNVAng">0</dst>
            <dst id="STTLng">2636.59466666667</dst>
            <dst id="WASHng">7718.16</dst>
        </src>
        <src id="IPLSng">
            <dst id="ATLA-M5">54.008</dst>
            <dst id="ATLAng">20269.9573333333</dst>
            <dst id="CHINng">48914.096</dst>
            <dst id="DNVRng">4128.90666666667</dst>
            <dst id="HSTNng">667.818666666667</dst>
            <dst id="IPLSng">28898.5226666667</dst>
            <dst id="KSCYng">3246.63466666667</dst>
            <dst id="LOSAng">59529.5306666667</dst>
            <dst id="NYCMng">23130.536</dst>
            <dst id="SNVAng">217.248</dst>
            <dst id="STTLng">12588.048</dst>
            <dst id="WASHng">20418.0453333333</dst>
        </src>
        <src id="KSCYng">
            <dst id="ATLA-M5">26.6666666666667</dst>
            <dst id="ATLAng">1528.28</dst>
            <dst id="CHINng">16427.2346666667</dst>
            <dst id="DNVRng">8820.888</dst>
            <dst id="HSTNng">3672.96266666667</dst>
            <dst id="IPLSng">9420.912</dst>
            <dst id="KSCYng">4274.69066666667</dst>
            <dst id="LOSAng">12509.8746666667</dst>
            <dst id="NYCMng">3240.128</dst>
            <dst id="SNVAng">53.3333333333333</dst>
            <dst id="STTLng">3396.94133333333</dst>
            <dst id="WASHng">12991.432</dst>
        </src>
        <src id="LOSAng">
            <dst id="ATLA-M5">88.776</dst>
            <dst id="ATLAng">51838.0613333333</dst>
            <dst id="CHINng">75896.2186666667</dst>
            <dst id="DNVRng">10291.8026666667</dst>
            <dst id="HSTNng">5594.688</dst>
            <dst id="IPLSng">60018.328</dst>
            <dst id="KSCYng">4790.904</dst>
            <dst id="LOSAng">18280.6293333333</dst>
            <dst id="NYCMng">68597.0906666667</dst>
            <dst id="SNVAng">10540.856</dst>
            <dst id="STTLng">49694.52</dst>
            <dst id="WASHng">100765.213333333</dst>
        </src>
        <src id="NYCMng">
            <dst id="ATLA-M5">26.6666666666667</dst>
            <dst id="ATLAng">41337.6506666667</dst>
            <dst id="CHINng">40886.8213333333</dst>
            <dst id="DNVRng">32170.8906666667</dst>
            <dst id="HSTNng">6180.992</dst>
            <dst id="IPLSng">62648.608</dst>
            <dst id="KSCYng">5120.51733333333</dst>
            <dst id="LOSAng">89418.0746666667</dst>
            <dst id="NYCMng">78366.776</dst>
            <dst id="SNVAng">529.650666666667</dst>
            <dst id="STTLng">32335.8266666667</dst>
            <dst id="WASHng">52345.176</dst>
        </src>
        <src id="SNVAng">
            <dst id="ATLA-M5">0</dst>
            <dst id="ATLAng">53.3333333333333</dst>
            <dst id="CHINng">166.162666666667</dst>
            <dst id="DNVRng">283.922666666667</dst>
            <dst id="HSTNng">162.421333333333</dst>
            <dst id="IPLSng">10012.8426666667</dst>
            <dst id="KSCYng">100.586666666667</dst>
            <dst id="LOSAng">39145.1946666667</dst>
            <dst id="NYCMng">545.010666666667</dst>
            <dst id="SNVAng">8881.424</dst>
            <dst id="STTLng">29771.2026666667</dst>
            <dst id="WASHng">0</dst>
        </src>
        <src id="STTLng">
            <dst id="ATLA-M5">26.6666666666667</dst>
            <dst id="ATLAng">10251.24</dst>
            <dst id="CHINng">13761.4826666667</dst>
            <dst id="DNVRng">2975.53066666667</dst>
            <dst id="HSTNng">1667.432</dst>
            <dst id="IPLSng">6830.376</dst>
            <dst id="KSCYng">3173.968</dst>
            <dst id="LOSAng">34832.4933333333</dst>
            <dst id="NYCMng">10118.9226666667</dst>
            <dst id="SNVAng">4794.44533333333</dst>
            <dst id="STTLng">2052.008</dst>
            <dst id="WASHng">6385.752</dst>
        </src>
        <src id="WASHng">
            <dst id="ATLA-M5">1496.36266666667</dst>
            <dst id="ATLAng">82040.0666666667</dst>
            <dst id="CHINng">89047.5173333334</dst>
            <dst id="DNVRng">48100.5226666667</dst>
            <dst id="HSTNng">31482.7546666667</dst>
            <dst id="IPLSng">11848.504</dst>
            <dst id="KSCYng">15109.9386666667</dst>
            <dst id="LOSAng">139897.146666667</dst>
            <dst id="NYCMng">160158.117333333</dst>
            <dst id="SNVAng">395.992</dst>
            <dst id="STTLng">39683.7573333333</dst>
            <dst id="WASHng">136388.381333333</dst>
        </src>
    </IntraTM>
</TrafficMatrixFile>
