<?xml version="1.0" encoding="ISO-8859-1" standalone="yes"?>
<TrafficMatrixFile xsi:noNamespaceSchemaLocation="http://totem.run.montefiore.ulg.ac.be/Schema/TrafficMatrix-v1_2.xsd" xmlns:xsi="http://www.w3.org/2001/XMLSchema-instance">
    <IntraTM ASID="11537">
        <src id="ATLA-M5">
            <dst id="ATLA-M5">26.6666666666667</dst>
            <dst id="ATLAng">33.664</dst>
            <dst id="CHINng">169.237333333333</dst>
            <dst id="DNVRng">26.6666666666667</dst>
            <dst id="HSTNng">60.7546666666667</dst>
            <dst id="IPLSng">365.856</dst>
            <dst id="KSCYng">346.349333333333</dst>
            <dst id="LOSAng">80</dst>
            <dst id="NYCMng">0</dst>
            <dst id="SNVAng">0</dst>
            <dst id="STTLng">0</dst>
            <dst id="WASHng">390.506666666667</dst>
        </src>
        <src id="ATLAng">
            <dst id="ATLA-M5">297.32</dst>
            <dst id="ATLAng">48723.688</dst>
            <dst id="CHINng">6202.69333333333</dst>
            <dst id="DNVRng">12384.4106666667</dst>
            <dst id="HSTNng">1678.14133333333</dst>
            <dst id="IPLSng">8865.832</dst>
            <dst id="KSCYng">1497.02666666667</dst>
            <dst id="LOSAng">17832.848</dst>
            <dst id="NYCMng">10576.1413333333</dst>
            <dst id="SNVAng">57.2266666666667</dst>
            <dst id="STTLng">8170.20533333334</dst>
            <dst id="WASHng">19316.5386666667</dst>
        </src>
        <src id="CHINng">
            <dst id="ATLA-M5">148.874666666667</dst>
            <dst id="ATLAng">29348.4746666667</dst>
            <dst id="CHINng">70000.336</dst>
            <dst id="DNVRng">11560.2933333333</dst>
            <dst id="HSTNng">5201.75466666667</dst>
            <dst id="IPLSng">19879.7706666667</dst>
            <dst id="KSCYng">3475.456</dst>
            <dst id="LOSAng">47977.816</dst>
            <dst id="NYCMng">6046.04533333333</dst>
            <dst id="SNVAng">1374.91466666667</dst>
            <dst id="STTLng">9696.38133333333</dst>
            <dst id="WASHng">33486.552</dst>
        </src>
        <src id="DNVRng">
            <dst id="ATLA-M5">37.7493333333333</dst>
            <dst id="ATLAng">26448.3866666667</dst>
            <dst id="CHINng">41334.5466666667</dst>
            <dst id="DNVRng">24820.752</dst>
            <dst id="HSTNng">16620.4853333333</dst>
            <dst id="IPLSng">18790.4826666667</dst>
            <dst id="KSCYng">8238.09066666667</dst>
            <dst id="LOSAng">15538.3973333333</dst>
            <dst id="NYCMng">6809.184</dst>
            <dst id="SNVAng">4401.25866666667</dst>
            <dst id="STTLng">6315.736</dst>
            <dst id="WASHng">28373.4186666667</dst>
        </src>
        <src id="HSTNng">
            <dst id="ATLA-M5">149.525333333333</dst>
            <dst id="ATLAng">16628.9493333333</dst>
            <dst id="CHINng">12735.3546666667</dst>
            <dst id="DNVRng">2200.52266666667</dst>
            <dst id="HSTNng">8908.27466666667</dst>
            <dst id="IPLSng">4626.05333333333</dst>
            <dst id="KSCYng">3731.01866666667</dst>
            <dst id="LOSAng">12822.648</dst>
            <dst id="NYCMng">2345.896</dst>
            <dst id="SNVAng">26.6666666666667</dst>
            <dst id="STTLng">3020.94666666667</dst>
            <dst id="WASHng">2746.448</dst>
        </src>
        <src id="IPLSng">
            <dst id="ATLA-M5">26.6666666666667</dst>
            <dst id="ATLAng">12735.8906666667</dst>
            <dst id="CHINng">55083.1653333333</dst>
            <dst id="DNVRng">4521.47466666667</dst>
            <dst id="HSTNng">2476.976</dst>
            <dst id="IPLSng">16334.912</dst>
            <dst id="KSCYng">2398.58933333333</dst>
            <dst id="LOSAng">42858.9973333333</dst>
            <dst id="NYCMng">26328.4133333333</dst>
            <dst id="SNVAng">1688.07466666667</dst>
            <dst id="STTLng">7908.33333333333</dst>
            <dst id="WASHng">11162.2533333333</dst>
        </src>
        <src id="KSCYng">
            <dst id="ATLA-M5">1166.08533333333</dst>
            <dst id="ATLAng">8632.45066666667</dst>
            <dst id="CHINng">10977.3893333333</dst>
            <dst id="DNVRng">18338.0133333333</dst>
            <dst id="HSTNng">6861.69066666667</dst>
            <dst id="IPLSng">3527.84266666667</dst>
            <dst id="KSCYng">3276.616</dst>
            <dst id="LOSAng">17911.6346666667</dst>
            <dst id="NYCMng">2512.44</dst>
            <dst id="SNVAng">26.6666666666667</dst>
            <dst id="STTLng">2086.24266666667</dst>
            <dst id="WASHng">17365.8426666667</dst>
        </src>
        <src id="LOSAng">
            <dst id="ATLA-M5">673.533333333333</dst>
            <dst id="ATLAng">57964.168</dst>
            <dst id="CHINng">102901.450666667</dst>
            <dst id="DNVRng">24372.848</dst>
            <dst id="HSTNng">8552.264</dst>
            <dst id="IPLSng">24850.9706666667</dst>
            <dst id="KSCYng">2674.968</dst>
            <dst id="LOSAng">22572.24</dst>
            <dst id="NYCMng">65008.4346666667</dst>
            <dst id="SNVAng">11966.512</dst>
            <dst id="STTLng">42033.7706666667</dst>
            <dst id="WASHng">124083.224</dst>
        </src>
        <src id="NYCMng">
            <dst id="ATLA-M5">239.944</dst>
            <dst id="ATLAng">44487.5066666667</dst>
            <dst id="CHINng">31051.2586666667</dst>
            <dst id="DNVRng">28048.1546666667</dst>
            <dst id="HSTNng">4005.984</dst>
            <dst id="IPLSng">30996.928</dst>
            <dst id="KSCYng">8930.92</dst>
            <dst id="LOSAng">77394.6186666667</dst>
            <dst id="NYCMng">83810.96</dst>
            <dst id="SNVAng">1523.85866666667</dst>
            <dst id="STTLng">20989.3146666667</dst>
            <dst id="WASHng">56831.656</dst>
        </src>
        <src id="SNVAng">
            <dst id="ATLA-M5">0</dst>
            <dst id="ATLAng">212.898666666667</dst>
            <dst id="CHINng">186.874666666667</dst>
            <dst id="DNVRng">3614.05866666667</dst>
            <dst id="HSTNng">26.6666666666667</dst>
            <dst id="IPLSng">9922.66933333334</dst>
            <dst id="KSCYng">88.0293333333333</dst>
            <dst id="LOSAng">24823.0266666667</dst>
            <dst id="NYCMng">688.144</dst>
            <dst id="SNVAng">8800.81866666666</dst>
            <dst id="STTLng">27530.4773333333</dst>
            <dst id="WASHng">142.050666666667</dst>
        </src>
        <src id="STTLng">
            <dst id="ATLA-M5">79.0933333333333</dst>
            <dst id="ATLAng">11875.824</dst>
            <dst id="CHINng">22376.9546666667</dst>
            <dst id="DNVRng">4682.73866666667</dst>
            <dst id="HSTNng">2810.45333333333</dst>
            <dst id="IPLSng">7754.15466666667</dst>
            <dst id="KSCYng">3017.168</dst>
            <dst id="LOSAng">29749.24</dst>
            <dst id="NYCMng">8049.61066666666</dst>
            <dst id="SNVAng">4149.98666666667</dst>
            <dst id="STTLng">1579.47733333333</dst>
            <dst id="WASHng">7917.296</dst>
        </src>
        <src id="WASHng">
            <dst id="ATLA-M5">28.8453333333333</dst>
            <dst id="ATLAng">84870.024</dst>
            <dst id="CHINng">72423.4986666667</dst>
            <dst id="DNVRng">53477.1413333333</dst>
            <dst id="HSTNng">11451.0586666667</dst>
            <dst id="IPLSng">29731.0826666667</dst>
            <dst id="KSCYng">6934.152</dst>
            <dst id="LOSAng">113270.429333333</dst>
            <dst id="NYCMng">161360.506666667</dst>
            <dst id="SNVAng">1023.336</dst>
            <dst id="STTLng">34307.0853333333</dst>
            <dst id="WASHng">129669.864</dst>
        </src>
    </IntraTM>
</TrafficMatrixFile>
