<?xml version="1.0" encoding="ISO-8859-1" standalone="yes"?>
<TrafficMatrixFile xsi:noNamespaceSchemaLocation="http://totem.run.montefiore.ulg.ac.be/Schema/TrafficMatrix-v1_2.xsd" xmlns:xsi="http://www.w3.org/2001/XMLSchema-instance">
    <IntraTM ASID="11537">
        <src id="ATLA-M5">
            <dst id="ATLA-M5">0</dst>
            <dst id="ATLAng">53.3333333333333</dst>
            <dst id="CHINng">269.296</dst>
            <dst id="DNVRng">0</dst>
            <dst id="HSTNng">101.546666666667</dst>
            <dst id="IPLSng">55.008</dst>
            <dst id="KSCYng">36.904</dst>
            <dst id="LOSAng">132.704</dst>
            <dst id="NYCMng">452.506666666667</dst>
            <dst id="SNVAng">0</dst>
            <dst id="STTLng">26.6666666666667</dst>
            <dst id="WASHng">1363.656</dst>
        </src>
        <src id="ATLAng">
            <dst id="ATLA-M5">137.384</dst>
            <dst id="ATLAng">43005.9466666667</dst>
            <dst id="CHINng">5427.25866666667</dst>
            <dst id="DNVRng">11332.3653333333</dst>
            <dst id="HSTNng">384.186666666667</dst>
            <dst id="IPLSng">9327.77866666667</dst>
            <dst id="KSCYng">3343.408</dst>
            <dst id="LOSAng">12516.8933333333</dst>
            <dst id="NYCMng">3441.73066666667</dst>
            <dst id="SNVAng">397.845333333333</dst>
            <dst id="STTLng">4319.58666666667</dst>
            <dst id="WASHng">51050.1866666667</dst>
        </src>
        <src id="CHINng">
            <dst id="ATLA-M5">61.3573333333333</dst>
            <dst id="ATLAng">7268.81333333333</dst>
            <dst id="CHINng">98269.6346666667</dst>
            <dst id="DNVRng">12761.76</dst>
            <dst id="HSTNng">3489.528</dst>
            <dst id="IPLSng">22128.9333333333</dst>
            <dst id="KSCYng">5982.56533333333</dst>
            <dst id="LOSAng">49124.6026666667</dst>
            <dst id="NYCMng">19324.376</dst>
            <dst id="SNVAng">372.989333333333</dst>
            <dst id="STTLng">8618.04</dst>
            <dst id="WASHng">17670.568</dst>
        </src>
        <src id="DNVRng">
            <dst id="ATLA-M5">97.4586666666667</dst>
            <dst id="ATLAng">4352.384</dst>
            <dst id="CHINng">61286.904</dst>
            <dst id="DNVRng">24114.784</dst>
            <dst id="HSTNng">12960.4906666667</dst>
            <dst id="IPLSng">18727.0773333333</dst>
            <dst id="KSCYng">10174.088</dst>
            <dst id="LOSAng">11417.8346666667</dst>
            <dst id="NYCMng">9655.76266666667</dst>
            <dst id="SNVAng">7134.96</dst>
            <dst id="STTLng">7036.94666666667</dst>
            <dst id="WASHng">34748.504</dst>
        </src>
        <src id="HSTNng">
            <dst id="ATLA-M5">2855.93333333333</dst>
            <dst id="ATLAng">556.456</dst>
            <dst id="CHINng">16991.968</dst>
            <dst id="DNVRng">1399.75733333333</dst>
            <dst id="HSTNng">5488.02133333333</dst>
            <dst id="IPLSng">457.064</dst>
            <dst id="KSCYng">2189.312</dst>
            <dst id="LOSAng">8575.23466666667</dst>
            <dst id="NYCMng">1033.816</dst>
            <dst id="SNVAng">26.6666666666667</dst>
            <dst id="STTLng">3053.904</dst>
            <dst id="WASHng">1046.03466666667</dst>
        </src>
        <src id="IPLSng">
            <dst id="ATLA-M5">109.837333333333</dst>
            <dst id="ATLAng">10278.6906666667</dst>
            <dst id="CHINng">54864.2986666667</dst>
            <dst id="DNVRng">15695.2586666667</dst>
            <dst id="HSTNng">3337.00266666667</dst>
            <dst id="IPLSng">6855.328</dst>
            <dst id="KSCYng">7707.34666666667</dst>
            <dst id="LOSAng">32917.504</dst>
            <dst id="NYCMng">10007.0933333333</dst>
            <dst id="SNVAng">146.378666666667</dst>
            <dst id="STTLng">7142.05333333333</dst>
            <dst id="WASHng">11020.0906666667</dst>
        </src>
        <src id="KSCYng">
            <dst id="ATLA-M5">0</dst>
            <dst id="ATLAng">1015.20266666667</dst>
            <dst id="CHINng">42573.7333333333</dst>
            <dst id="DNVRng">7301.53066666667</dst>
            <dst id="HSTNng">2333.17333333333</dst>
            <dst id="IPLSng">10308.7813333333</dst>
            <dst id="KSCYng">5105.86666666667</dst>
            <dst id="LOSAng">9997.33333333334</dst>
            <dst id="NYCMng">12676.5493333333</dst>
            <dst id="SNVAng">143.701333333333</dst>
            <dst id="STTLng">5707.26933333333</dst>
            <dst id="WASHng">6065.29866666667</dst>
        </src>
        <src id="LOSAng">
            <dst id="ATLA-M5">53.3333333333333</dst>
            <dst id="ATLAng">9762.984</dst>
            <dst id="CHINng">125368.664</dst>
            <dst id="DNVRng">7681.48533333333</dst>
            <dst id="HSTNng">6272.64</dst>
            <dst id="IPLSng">19709.3093333333</dst>
            <dst id="KSCYng">4612.76533333333</dst>
            <dst id="LOSAng">14032.2453333333</dst>
            <dst id="NYCMng">46102.1333333333</dst>
            <dst id="SNVAng">5788.784</dst>
            <dst id="STTLng">31860.592</dst>
            <dst id="WASHng">85683.432</dst>
        </src>
        <src id="NYCMng">
            <dst id="ATLA-M5">385.952</dst>
            <dst id="ATLAng">25967.6026666667</dst>
            <dst id="CHINng">48319.3466666667</dst>
            <dst id="DNVRng">114190.781333333</dst>
            <dst id="HSTNng">4722.32266666667</dst>
            <dst id="IPLSng">23885.976</dst>
            <dst id="KSCYng">6832.592</dst>
            <dst id="LOSAng">87542.2293333333</dst>
            <dst id="NYCMng">100884.336</dst>
            <dst id="SNVAng">1843.63466666667</dst>
            <dst id="STTLng">21110.488</dst>
            <dst id="WASHng">49510.2933333333</dst>
        </src>
        <src id="SNVAng">
            <dst id="ATLA-M5">0</dst>
            <dst id="ATLAng">97.3653333333333</dst>
            <dst id="CHINng">795.293333333334</dst>
            <dst id="DNVRng">320.832</dst>
            <dst id="HSTNng">42.1546666666667</dst>
            <dst id="IPLSng">301.765333333333</dst>
            <dst id="KSCYng">26.6666666666667</dst>
            <dst id="LOSAng">20592.4346666667</dst>
            <dst id="NYCMng">153.450666666667</dst>
            <dst id="SNVAng">9018.77333333333</dst>
            <dst id="STTLng">21371.96</dst>
            <dst id="WASHng">106.666666666667</dst>
        </src>
        <src id="STTLng">
            <dst id="ATLA-M5">0</dst>
            <dst id="ATLAng">8001.19733333333</dst>
            <dst id="CHINng">26689.1706666667</dst>
            <dst id="DNVRng">3715.75466666667</dst>
            <dst id="HSTNng">611.544</dst>
            <dst id="IPLSng">6083.69333333333</dst>
            <dst id="KSCYng">1812.04</dst>
            <dst id="LOSAng">18329.1386666667</dst>
            <dst id="NYCMng">10474.9786666667</dst>
            <dst id="SNVAng">3326.66933333333</dst>
            <dst id="STTLng">1690.51733333333</dst>
            <dst id="WASHng">8253.62133333333</dst>
        </src>
        <src id="WASHng">
            <dst id="ATLA-M5">106.666666666667</dst>
            <dst id="ATLAng">84281.264</dst>
            <dst id="CHINng">64367.7706666667</dst>
            <dst id="DNVRng">34564.016</dst>
            <dst id="HSTNng">18009.4746666667</dst>
            <dst id="IPLSng">46563.3946666667</dst>
            <dst id="KSCYng">7136.176</dst>
            <dst id="LOSAng">119663.837333333</dst>
            <dst id="NYCMng">108852.736</dst>
            <dst id="SNVAng">4107.44</dst>
            <dst id="STTLng">26291.1173333333</dst>
            <dst id="WASHng">267810.453333333</dst>
        </src>
    </IntraTM>
</TrafficMatrixFile>
