<?xml version="1.0" encoding="ISO-8859-1" standalone="yes"?>
<TrafficMatrixFile xsi:noNamespaceSchemaLocation="http://totem.run.montefiore.ulg.ac.be/Schema/TrafficMatrix-v1_2.xsd" xmlns:xsi="http://www.w3.org/2001/XMLSchema-instance">
    <IntraTM ASID="11537">
        <src id="ATLA-M5">
            <dst id="ATLA-M5">0</dst>
            <dst id="ATLAng">69.152</dst>
            <dst id="CHINng">135.925333333333</dst>
            <dst id="DNVRng">0</dst>
            <dst id="HSTNng">88.4106666666667</dst>
            <dst id="IPLSng">26.6666666666667</dst>
            <dst id="KSCYng">35.368</dst>
            <dst id="LOSAng">1043.58666666667</dst>
            <dst id="NYCMng">100.405333333333</dst>
            <dst id="SNVAng">0</dst>
            <dst id="STTLng">0</dst>
            <dst id="WASHng">658.885333333333</dst>
        </src>
        <src id="ATLAng">
            <dst id="ATLA-M5">72.8266666666667</dst>
            <dst id="ATLAng">48258.1413333333</dst>
            <dst id="CHINng">7759.97866666667</dst>
            <dst id="DNVRng">4098.848</dst>
            <dst id="HSTNng">15233.248</dst>
            <dst id="IPLSng">12263.1413333333</dst>
            <dst id="KSCYng">2822.952</dst>
            <dst id="LOSAng">22587.6106666667</dst>
            <dst id="NYCMng">7058.01333333334</dst>
            <dst id="SNVAng">0</dst>
            <dst id="STTLng">4458.90133333333</dst>
            <dst id="WASHng">23524.304</dst>
        </src>
        <src id="CHINng">
            <dst id="ATLA-M5">26.6666666666667</dst>
            <dst id="ATLAng">17635.6666666667</dst>
            <dst id="CHINng">166418.184</dst>
            <dst id="DNVRng">11432.68</dst>
            <dst id="HSTNng">4030.912</dst>
            <dst id="IPLSng">81938.336</dst>
            <dst id="KSCYng">6908.49866666667</dst>
            <dst id="LOSAng">61857.0053333333</dst>
            <dst id="NYCMng">11667.744</dst>
            <dst id="SNVAng">282.693333333333</dst>
            <dst id="STTLng">6189.44</dst>
            <dst id="WASHng">17342.7493333333</dst>
        </src>
        <src id="DNVRng">
            <dst id="ATLA-M5">72.1066666666667</dst>
            <dst id="ATLAng">10955.4533333333</dst>
            <dst id="CHINng">38497.1706666667</dst>
            <dst id="DNVRng">41415.2933333333</dst>
            <dst id="HSTNng">21940.8613333333</dst>
            <dst id="IPLSng">24176.9333333333</dst>
            <dst id="KSCYng">24552.128</dst>
            <dst id="LOSAng">5579.064</dst>
            <dst id="NYCMng">13410.5226666667</dst>
            <dst id="SNVAng">14014.0453333333</dst>
            <dst id="STTLng">12201.9626666667</dst>
            <dst id="WASHng">36679.5946666667</dst>
        </src>
        <src id="HSTNng">
            <dst id="ATLA-M5">2663.70933333333</dst>
            <dst id="ATLAng">3996.888</dst>
            <dst id="CHINng">9289.85066666667</dst>
            <dst id="DNVRng">1806.824</dst>
            <dst id="HSTNng">5718.07466666667</dst>
            <dst id="IPLSng">1829.50933333333</dst>
            <dst id="KSCYng">758.645333333333</dst>
            <dst id="LOSAng">10008.1466666667</dst>
            <dst id="NYCMng">4518.072</dst>
            <dst id="SNVAng">0</dst>
            <dst id="STTLng">1539.08533333333</dst>
            <dst id="WASHng">5089.43466666667</dst>
        </src>
        <src id="IPLSng">
            <dst id="ATLA-M5">0</dst>
            <dst id="ATLAng">10752.0133333333</dst>
            <dst id="CHINng">60550.6586666667</dst>
            <dst id="DNVRng">7440.88266666667</dst>
            <dst id="HSTNng">766.490666666667</dst>
            <dst id="IPLSng">41451.3653333333</dst>
            <dst id="KSCYng">4172.26666666667</dst>
            <dst id="LOSAng">71660.6906666666</dst>
            <dst id="NYCMng">20924.336</dst>
            <dst id="SNVAng">327.704</dst>
            <dst id="STTLng">11515.1573333333</dst>
            <dst id="WASHng">27906.728</dst>
        </src>
        <src id="KSCYng">
            <dst id="ATLA-M5">79.2133333333333</dst>
            <dst id="ATLAng">2164.66666666667</dst>
            <dst id="CHINng">28998.032</dst>
            <dst id="DNVRng">13473.336</dst>
            <dst id="HSTNng">4629.928</dst>
            <dst id="IPLSng">20980.144</dst>
            <dst id="KSCYng">5282.768</dst>
            <dst id="LOSAng">5846.36266666667</dst>
            <dst id="NYCMng">3505.62933333333</dst>
            <dst id="SNVAng">54.088</dst>
            <dst id="STTLng">2590.568</dst>
            <dst id="WASHng">16634.4053333333</dst>
        </src>
        <src id="LOSAng">
            <dst id="ATLA-M5">79.7546666666667</dst>
            <dst id="ATLAng">21482.4453333333</dst>
            <dst id="CHINng">71548.9866666667</dst>
            <dst id="DNVRng">8136.70133333333</dst>
            <dst id="HSTNng">11294.376</dst>
            <dst id="IPLSng">51976.8506666667</dst>
            <dst id="KSCYng">6965.87466666667</dst>
            <dst id="LOSAng">19914.3733333333</dst>
            <dst id="NYCMng">97421.592</dst>
            <dst id="SNVAng">9597.71466666667</dst>
            <dst id="STTLng">50648.2453333333</dst>
            <dst id="WASHng">88890.1173333333</dst>
        </src>
        <src id="NYCMng">
            <dst id="ATLA-M5">215.933333333333</dst>
            <dst id="ATLAng">32777.3626666667</dst>
            <dst id="CHINng">54231.816</dst>
            <dst id="DNVRng">116327.869333333</dst>
            <dst id="HSTNng">10455.7413333333</dst>
            <dst id="IPLSng">40549.3413333333</dst>
            <dst id="KSCYng">11753.472</dst>
            <dst id="LOSAng">86328.984</dst>
            <dst id="NYCMng">75467.656</dst>
            <dst id="SNVAng">725.706666666666</dst>
            <dst id="STTLng">29154.5013333333</dst>
            <dst id="WASHng">111442.069333333</dst>
        </src>
        <src id="SNVAng">
            <dst id="ATLA-M5">0</dst>
            <dst id="ATLAng">61.2613333333333</dst>
            <dst id="CHINng">730.624</dst>
            <dst id="DNVRng">13052.952</dst>
            <dst id="HSTNng">2292.032</dst>
            <dst id="IPLSng">4594.94933333333</dst>
            <dst id="KSCYng">80</dst>
            <dst id="LOSAng">36857.5626666667</dst>
            <dst id="NYCMng">399.106666666667</dst>
            <dst id="SNVAng">10250.3893333333</dst>
            <dst id="STTLng">28853.456</dst>
            <dst id="WASHng">141.458666666667</dst>
        </src>
        <src id="STTLng">
            <dst id="ATLA-M5">26.6666666666667</dst>
            <dst id="ATLAng">9178.75466666667</dst>
            <dst id="CHINng">15301.5546666667</dst>
            <dst id="DNVRng">3372.848</dst>
            <dst id="HSTNng">1551.672</dst>
            <dst id="IPLSng">6754.00533333333</dst>
            <dst id="KSCYng">3177.66133333333</dst>
            <dst id="LOSAng">27904.488</dst>
            <dst id="NYCMng">5777.376</dst>
            <dst id="SNVAng">3438.41066666667</dst>
            <dst id="STTLng">5358.75466666666</dst>
            <dst id="WASHng">12033.2586666667</dst>
        </src>
        <src id="WASHng">
            <dst id="ATLA-M5">1179.952</dst>
            <dst id="ATLAng">86184.1333333333</dst>
            <dst id="CHINng">63894.112</dst>
            <dst id="DNVRng">51851.232</dst>
            <dst id="HSTNng">36587.0906666667</dst>
            <dst id="IPLSng">71720.128</dst>
            <dst id="KSCYng">11518.728</dst>
            <dst id="LOSAng">125638.816</dst>
            <dst id="NYCMng">143693.224</dst>
            <dst id="SNVAng">4326.77866666667</dst>
            <dst id="STTLng">34142.7333333333</dst>
            <dst id="WASHng">202407.626666667</dst>
        </src>
    </IntraTM>
</TrafficMatrixFile>
