<?xml version="1.0" encoding="ISO-8859-1" standalone="yes"?>
<TrafficMatrixFile xsi:noNamespaceSchemaLocation="http://totem.run.montefiore.ulg.ac.be/Schema/TrafficMatrix-v1_2.xsd" xmlns:xsi="http://www.w3.org/2001/XMLSchema-instance">
    <IntraTM ASID="11537">
        <src id="ATLA-M5">
            <dst id="ATLA-M5">0</dst>
            <dst id="ATLAng">55.9786666666667</dst>
            <dst id="CHINng">257.429333333333</dst>
            <dst id="DNVRng">0</dst>
            <dst id="HSTNng">60.3653333333333</dst>
            <dst id="IPLSng">0</dst>
            <dst id="KSCYng">35.6666666666667</dst>
            <dst id="LOSAng">53.3333333333333</dst>
            <dst id="NYCMng">0</dst>
            <dst id="SNVAng">0</dst>
            <dst id="STTLng">0</dst>
            <dst id="WASHng">1149.05066666667</dst>
        </src>
        <src id="ATLAng">
            <dst id="ATLA-M5">1793.75733333333</dst>
            <dst id="ATLAng">36267.64</dst>
            <dst id="CHINng">5646.08</dst>
            <dst id="DNVRng">7577.37333333333</dst>
            <dst id="HSTNng">555.258666666667</dst>
            <dst id="IPLSng">9451.37866666667</dst>
            <dst id="KSCYng">1844.24</dst>
            <dst id="LOSAng">14110.12</dst>
            <dst id="NYCMng">4680.736</dst>
            <dst id="SNVAng">181.792</dst>
            <dst id="STTLng">3765.47733333333</dst>
            <dst id="WASHng">46120.112</dst>
        </src>
        <src id="CHINng">
            <dst id="ATLA-M5">98.4426666666667</dst>
            <dst id="ATLAng">37633.392</dst>
            <dst id="CHINng">102936.882666667</dst>
            <dst id="DNVRng">18960.872</dst>
            <dst id="HSTNng">3531.536</dst>
            <dst id="IPLSng">17483.744</dst>
            <dst id="KSCYng">12888.1306666667</dst>
            <dst id="LOSAng">53577.0453333333</dst>
            <dst id="NYCMng">6524.68266666667</dst>
            <dst id="SNVAng">288.317333333333</dst>
            <dst id="STTLng">14660.256</dst>
            <dst id="WASHng">12948.216</dst>
        </src>
        <src id="DNVRng">
            <dst id="ATLA-M5">107.104</dst>
            <dst id="ATLAng">4486.728</dst>
            <dst id="CHINng">57665.376</dst>
            <dst id="DNVRng">3419.968</dst>
            <dst id="HSTNng">11321.6586666667</dst>
            <dst id="IPLSng">18026.68</dst>
            <dst id="KSCYng">10609.5893333333</dst>
            <dst id="LOSAng">7385.94933333334</dst>
            <dst id="NYCMng">5937.65866666667</dst>
            <dst id="SNVAng">5605.304</dst>
            <dst id="STTLng">6894.86133333333</dst>
            <dst id="WASHng">42194.1493333333</dst>
        </src>
        <src id="HSTNng">
            <dst id="ATLA-M5">1612.91466666667</dst>
            <dst id="ATLAng">11207.3573333333</dst>
            <dst id="CHINng">11953.528</dst>
            <dst id="DNVRng">1665.79733333333</dst>
            <dst id="HSTNng">5811.44266666667</dst>
            <dst id="IPLSng">2712.8</dst>
            <dst id="KSCYng">1072.97866666667</dst>
            <dst id="LOSAng">4803.21866666667</dst>
            <dst id="NYCMng">2134.784</dst>
            <dst id="SNVAng">0</dst>
            <dst id="STTLng">1067.88</dst>
            <dst id="WASHng">3522.552</dst>
        </src>
        <src id="IPLSng">
            <dst id="ATLA-M5">0</dst>
            <dst id="ATLAng">14773.232</dst>
            <dst id="CHINng">79892.0026666667</dst>
            <dst id="DNVRng">3515.08</dst>
            <dst id="HSTNng">3027.424</dst>
            <dst id="IPLSng">11284.368</dst>
            <dst id="KSCYng">3390.72</dst>
            <dst id="LOSAng">44794.0053333333</dst>
            <dst id="NYCMng">18513.9626666667</dst>
            <dst id="SNVAng">3778.20533333333</dst>
            <dst id="STTLng">16432.6986666667</dst>
            <dst id="WASHng">18113.4586666667</dst>
        </src>
        <src id="KSCYng">
            <dst id="ATLA-M5">0</dst>
            <dst id="ATLAng">1981.936</dst>
            <dst id="CHINng">20147.9013333333</dst>
            <dst id="DNVRng">11672.568</dst>
            <dst id="HSTNng">2409.73066666667</dst>
            <dst id="IPLSng">6651.67466666667</dst>
            <dst id="KSCYng">3611.88266666667</dst>
            <dst id="LOSAng">5007.66666666667</dst>
            <dst id="NYCMng">2333.936</dst>
            <dst id="SNVAng">436.389333333333</dst>
            <dst id="STTLng">1903</dst>
            <dst id="WASHng">3672.07733333333</dst>
        </src>
        <src id="LOSAng">
            <dst id="ATLA-M5">46.5973333333333</dst>
            <dst id="ATLAng">44882.312</dst>
            <dst id="CHINng">111703.210666667</dst>
            <dst id="DNVRng">7278.64</dst>
            <dst id="HSTNng">11960.6346666667</dst>
            <dst id="IPLSng">20158.8773333333</dst>
            <dst id="KSCYng">1610.63733333333</dst>
            <dst id="LOSAng">19287.832</dst>
            <dst id="NYCMng">59682.5413333333</dst>
            <dst id="SNVAng">3388.50666666667</dst>
            <dst id="STTLng">40543.3173333333</dst>
            <dst id="WASHng">91232.776</dst>
        </src>
        <src id="NYCMng">
            <dst id="ATLA-M5">26.6666666666667</dst>
            <dst id="ATLAng">33142.6426666667</dst>
            <dst id="CHINng">42518.272</dst>
            <dst id="DNVRng">96002.5493333333</dst>
            <dst id="HSTNng">8338.448</dst>
            <dst id="IPLSng">23690.48</dst>
            <dst id="KSCYng">4888.992</dst>
            <dst id="LOSAng">72002.4026666667</dst>
            <dst id="NYCMng">98219.0746666667</dst>
            <dst id="SNVAng">1598.168</dst>
            <dst id="STTLng">20128.688</dst>
            <dst id="WASHng">75953.0213333334</dst>
        </src>
        <src id="SNVAng">
            <dst id="ATLA-M5">0</dst>
            <dst id="ATLAng">80</dst>
            <dst id="CHINng">469.237333333333</dst>
            <dst id="DNVRng">1229.92</dst>
            <dst id="HSTNng">56</dst>
            <dst id="IPLSng">985.602666666667</dst>
            <dst id="KSCYng">135.44</dst>
            <dst id="LOSAng">28375.8693333333</dst>
            <dst id="NYCMng">189.712</dst>
            <dst id="SNVAng">6961.376</dst>
            <dst id="STTLng">17707.6693333333</dst>
            <dst id="WASHng">718.765333333333</dst>
        </src>
        <src id="STTLng">
            <dst id="ATLA-M5">197.941333333333</dst>
            <dst id="ATLAng">8671.05066666667</dst>
            <dst id="CHINng">35741.0666666667</dst>
            <dst id="DNVRng">888.016</dst>
            <dst id="HSTNng">609.536</dst>
            <dst id="IPLSng">3218.99466666667</dst>
            <dst id="KSCYng">2352.472</dst>
            <dst id="LOSAng">25652.616</dst>
            <dst id="NYCMng">5841.26666666667</dst>
            <dst id="SNVAng">2181.688</dst>
            <dst id="STTLng">1891.59733333333</dst>
            <dst id="WASHng">6285.31466666667</dst>
        </src>
        <src id="WASHng">
            <dst id="ATLA-M5">26.6666666666667</dst>
            <dst id="ATLAng">89957.2906666666</dst>
            <dst id="CHINng">65664.9306666667</dst>
            <dst id="DNVRng">87569.7813333333</dst>
            <dst id="HSTNng">10504.1413333333</dst>
            <dst id="IPLSng">18217.864</dst>
            <dst id="KSCYng">5707.88</dst>
            <dst id="LOSAng">116275.157333333</dst>
            <dst id="NYCMng">116568.669333333</dst>
            <dst id="SNVAng">521.213333333333</dst>
            <dst id="STTLng">32699.8053333333</dst>
            <dst id="WASHng">383066.053333333</dst>
        </src>
    </IntraTM>
</TrafficMatrixFile>
