<?xml version="1.0" encoding="ISO-8859-1" standalone="yes"?>
<TrafficMatrixFile xsi:noNamespaceSchemaLocation="http://totem.run.montefiore.ulg.ac.be/Schema/TrafficMatrix-v1_2.xsd" xmlns:xsi="http://www.w3.org/2001/XMLSchema-instance">
    <IntraTM ASID="11537">
        <src id="ATLA-M5">
            <dst id="ATLA-M5">26.6666666666667</dst>
            <dst id="ATLAng">91.6373333333333</dst>
            <dst id="CHINng">178.128</dst>
            <dst id="DNVRng">0</dst>
            <dst id="HSTNng">0</dst>
            <dst id="IPLSng">0</dst>
            <dst id="KSCYng">303.381333333333</dst>
            <dst id="LOSAng">93.44</dst>
            <dst id="NYCMng">0</dst>
            <dst id="SNVAng">0</dst>
            <dst id="STTLng">0</dst>
            <dst id="WASHng">956.088</dst>
        </src>
        <src id="ATLAng">
            <dst id="ATLA-M5">1854.24266666667</dst>
            <dst id="ATLAng">37450.784</dst>
            <dst id="CHINng">6837.95466666667</dst>
            <dst id="DNVRng">8180.04533333333</dst>
            <dst id="HSTNng">703.586666666667</dst>
            <dst id="IPLSng">12957.3546666667</dst>
            <dst id="KSCYng">602.336</dst>
            <dst id="LOSAng">31796.5626666667</dst>
            <dst id="NYCMng">4532.82133333333</dst>
            <dst id="SNVAng">53.3333333333333</dst>
            <dst id="STTLng">3341.75466666667</dst>
            <dst id="WASHng">50986.0853333333</dst>
        </src>
        <src id="CHINng">
            <dst id="ATLA-M5">59.0826666666667</dst>
            <dst id="ATLAng">37962.68</dst>
            <dst id="CHINng">92831.4266666667</dst>
            <dst id="DNVRng">24463.8586666667</dst>
            <dst id="HSTNng">4205.44533333333</dst>
            <dst id="IPLSng">17153.016</dst>
            <dst id="KSCYng">12831.5146666667</dst>
            <dst id="LOSAng">46680.8426666667</dst>
            <dst id="NYCMng">4608.14666666667</dst>
            <dst id="SNVAng">83.568</dst>
            <dst id="STTLng">7280.144</dst>
            <dst id="WASHng">16023.8</dst>
        </src>
        <src id="DNVRng">
            <dst id="ATLA-M5">0</dst>
            <dst id="ATLAng">4230.89866666667</dst>
            <dst id="CHINng">47658.4773333333</dst>
            <dst id="DNVRng">12429.008</dst>
            <dst id="HSTNng">21485.2346666667</dst>
            <dst id="IPLSng">19479.3226666667</dst>
            <dst id="KSCYng">26396.7786666667</dst>
            <dst id="LOSAng">9068.51466666667</dst>
            <dst id="NYCMng">6155.496</dst>
            <dst id="SNVAng">12307.9946666667</dst>
            <dst id="STTLng">9728.10133333333</dst>
            <dst id="WASHng">37149.448</dst>
        </src>
        <src id="HSTNng">
            <dst id="ATLA-M5">125.333333333333</dst>
            <dst id="ATLAng">13545.6293333333</dst>
            <dst id="CHINng">13821.6506666667</dst>
            <dst id="DNVRng">1119.888</dst>
            <dst id="HSTNng">2269.96</dst>
            <dst id="IPLSng">1914.25866666667</dst>
            <dst id="KSCYng">2321.14933333333</dst>
            <dst id="LOSAng">13353.1706666667</dst>
            <dst id="NYCMng">3416.33866666667</dst>
            <dst id="SNVAng">26.6666666666667</dst>
            <dst id="STTLng">1183.72533333333</dst>
            <dst id="WASHng">2286.25066666667</dst>
        </src>
        <src id="IPLSng">
            <dst id="ATLA-M5">0</dst>
            <dst id="ATLAng">13070.4373333333</dst>
            <dst id="CHINng">77305.264</dst>
            <dst id="DNVRng">2182.384</dst>
            <dst id="HSTNng">1095.09333333333</dst>
            <dst id="IPLSng">23313.912</dst>
            <dst id="KSCYng">6753.26133333333</dst>
            <dst id="LOSAng">47963.032</dst>
            <dst id="NYCMng">16044.624</dst>
            <dst id="SNVAng">4118.33866666667</dst>
            <dst id="STTLng">13314.9653333333</dst>
            <dst id="WASHng">15272.2826666667</dst>
        </src>
        <src id="KSCYng">
            <dst id="ATLA-M5">0</dst>
            <dst id="ATLAng">1549.72266666667</dst>
            <dst id="CHINng">16873.6106666667</dst>
            <dst id="DNVRng">16926.392</dst>
            <dst id="HSTNng">2541.424</dst>
            <dst id="IPLSng">17199.7573333333</dst>
            <dst id="KSCYng">6261.66933333334</dst>
            <dst id="LOSAng">5373.16</dst>
            <dst id="NYCMng">2983.61866666667</dst>
            <dst id="SNVAng">1265.00266666667</dst>
            <dst id="STTLng">1685.56</dst>
            <dst id="WASHng">4070.27466666667</dst>
        </src>
        <src id="LOSAng">
            <dst id="ATLA-M5">305.957333333333</dst>
            <dst id="ATLAng">44690.6426666667</dst>
            <dst id="CHINng">125758.44</dst>
            <dst id="DNVRng">6169.75466666667</dst>
            <dst id="HSTNng">7676.18666666667</dst>
            <dst id="IPLSng">21621.8613333333</dst>
            <dst id="KSCYng">2662.776</dst>
            <dst id="LOSAng">20548.1946666667</dst>
            <dst id="NYCMng">58888.9706666667</dst>
            <dst id="SNVAng">4527.25333333333</dst>
            <dst id="STTLng">41219.9653333333</dst>
            <dst id="WASHng">94016.1973333333</dst>
        </src>
        <src id="NYCMng">
            <dst id="ATLA-M5">26.6666666666667</dst>
            <dst id="ATLAng">30538.6</dst>
            <dst id="CHINng">40542.2373333333</dst>
            <dst id="DNVRng">23145.9493333333</dst>
            <dst id="HSTNng">5736.336</dst>
            <dst id="IPLSng">17566.064</dst>
            <dst id="KSCYng">4942.592</dst>
            <dst id="LOSAng">72625.5386666667</dst>
            <dst id="NYCMng">106526.664</dst>
            <dst id="SNVAng">3322.59733333333</dst>
            <dst id="STTLng">20547.5653333333</dst>
            <dst id="WASHng">45512.896</dst>
        </src>
        <src id="SNVAng">
            <dst id="ATLA-M5">0</dst>
            <dst id="ATLAng">26.6666666666667</dst>
            <dst id="CHINng">356.48</dst>
            <dst id="DNVRng">8980.64266666667</dst>
            <dst id="HSTNng">118.666666666667</dst>
            <dst id="IPLSng">1046.54133333333</dst>
            <dst id="KSCYng">103.656</dst>
            <dst id="LOSAng">34752.4426666667</dst>
            <dst id="NYCMng">8677.28266666667</dst>
            <dst id="SNVAng">9263.54133333333</dst>
            <dst id="STTLng">24641.312</dst>
            <dst id="WASHng">0</dst>
        </src>
        <src id="STTLng">
            <dst id="ATLA-M5">0</dst>
            <dst id="ATLAng">8423.46933333333</dst>
            <dst id="CHINng">31950.216</dst>
            <dst id="DNVRng">8238.33333333333</dst>
            <dst id="HSTNng">784.706666666666</dst>
            <dst id="IPLSng">2854.616</dst>
            <dst id="KSCYng">1291.23466666667</dst>
            <dst id="LOSAng">26733.9893333333</dst>
            <dst id="NYCMng">9181.248</dst>
            <dst id="SNVAng">2384.31466666667</dst>
            <dst id="STTLng">2318.69066666667</dst>
            <dst id="WASHng">4406.4</dst>
        </src>
        <src id="WASHng">
            <dst id="ATLA-M5">26.6666666666667</dst>
            <dst id="ATLAng">183742.357333333</dst>
            <dst id="CHINng">73253.6693333333</dst>
            <dst id="DNVRng">79525.9706666667</dst>
            <dst id="HSTNng">14991.4746666667</dst>
            <dst id="IPLSng">40765.52</dst>
            <dst id="KSCYng">7749.23733333333</dst>
            <dst id="LOSAng">121677.362666667</dst>
            <dst id="NYCMng">202753.981333333</dst>
            <dst id="SNVAng">334.4</dst>
            <dst id="STTLng">27865.376</dst>
            <dst id="WASHng">275801.493333333</dst>
        </src>
    </IntraTM>
</TrafficMatrixFile>
