<?xml version="1.0" encoding="ISO-8859-1" standalone="yes"?>
<TrafficMatrixFile xsi:noNamespaceSchemaLocation="http://totem.run.montefiore.ulg.ac.be/Schema/TrafficMatrix-v1_2.xsd" xmlns:xsi="http://www.w3.org/2001/XMLSchema-instance">
    <IntraTM ASID="11537">
        <src id="ATLA-M5">
            <dst id="ATLA-M5">0</dst>
            <dst id="ATLAng">240.736</dst>
            <dst id="CHINng">463.704</dst>
            <dst id="DNVRng">0</dst>
            <dst id="HSTNng">26.6666666666667</dst>
            <dst id="IPLSng">26.6666666666667</dst>
            <dst id="KSCYng">53.3333333333333</dst>
            <dst id="LOSAng">90.0053333333333</dst>
            <dst id="NYCMng">124.952</dst>
            <dst id="SNVAng">0</dst>
            <dst id="STTLng">26.6666666666667</dst>
            <dst id="WASHng">1463.40533333333</dst>
        </src>
        <src id="ATLAng">
            <dst id="ATLA-M5">0</dst>
            <dst id="ATLAng">61252.6266666667</dst>
            <dst id="CHINng">4308.544</dst>
            <dst id="DNVRng">8125.064</dst>
            <dst id="HSTNng">1495.952</dst>
            <dst id="IPLSng">9985.696</dst>
            <dst id="KSCYng">428.696</dst>
            <dst id="LOSAng">16137.0306666667</dst>
            <dst id="NYCMng">5567.59466666667</dst>
            <dst id="SNVAng">3228.53466666667</dst>
            <dst id="STTLng">3823.49333333333</dst>
            <dst id="WASHng">52072.4</dst>
        </src>
        <src id="CHINng">
            <dst id="ATLA-M5">167.429333333333</dst>
            <dst id="ATLAng">30792.2826666667</dst>
            <dst id="CHINng">94685.736</dst>
            <dst id="DNVRng">16637.8533333333</dst>
            <dst id="HSTNng">3674.30133333333</dst>
            <dst id="IPLSng">17974.024</dst>
            <dst id="KSCYng">13836.8586666667</dst>
            <dst id="LOSAng">47320.088</dst>
            <dst id="NYCMng">6274.10133333333</dst>
            <dst id="SNVAng">877.813333333333</dst>
            <dst id="STTLng">5863.56533333333</dst>
            <dst id="WASHng">9166.6</dst>
        </src>
        <src id="DNVRng">
            <dst id="ATLA-M5">33.1626666666667</dst>
            <dst id="ATLAng">3413.80266666667</dst>
            <dst id="CHINng">50298.9013333333</dst>
            <dst id="DNVRng">2307.74133333333</dst>
            <dst id="HSTNng">9625.27466666667</dst>
            <dst id="IPLSng">15867.616</dst>
            <dst id="KSCYng">7642.21333333333</dst>
            <dst id="LOSAng">4947.128</dst>
            <dst id="NYCMng">10961.432</dst>
            <dst id="SNVAng">4618.73066666667</dst>
            <dst id="STTLng">5443.89333333333</dst>
            <dst id="WASHng">30896.3786666667</dst>
        </src>
        <src id="HSTNng">
            <dst id="ATLA-M5">932.568</dst>
            <dst id="ATLAng">13271.6586666667</dst>
            <dst id="CHINng">17083.2453333333</dst>
            <dst id="DNVRng">1492.22133333333</dst>
            <dst id="HSTNng">1667.28266666667</dst>
            <dst id="IPLSng">944.872</dst>
            <dst id="KSCYng">1058.2</dst>
            <dst id="LOSAng">3574.416</dst>
            <dst id="NYCMng">2797.89866666667</dst>
            <dst id="SNVAng">59.4533333333333</dst>
            <dst id="STTLng">1526.776</dst>
            <dst id="WASHng">3991.22133333333</dst>
        </src>
        <src id="IPLSng">
            <dst id="ATLA-M5">26.6666666666667</dst>
            <dst id="ATLAng">12501.4106666667</dst>
            <dst id="CHINng">80337.376</dst>
            <dst id="DNVRng">2083.48533333333</dst>
            <dst id="HSTNng">2995.02666666667</dst>
            <dst id="IPLSng">5555.86133333333</dst>
            <dst id="KSCYng">1547.77866666667</dst>
            <dst id="LOSAng">47483.5253333333</dst>
            <dst id="NYCMng">17692.616</dst>
            <dst id="SNVAng">230.76</dst>
            <dst id="STTLng">10877.7653333333</dst>
            <dst id="WASHng">14639.744</dst>
        </src>
        <src id="KSCYng">
            <dst id="ATLA-M5">26.6666666666667</dst>
            <dst id="ATLAng">805.128</dst>
            <dst id="CHINng">18196.6666666667</dst>
            <dst id="DNVRng">6655.84533333333</dst>
            <dst id="HSTNng">2729.21333333333</dst>
            <dst id="IPLSng">11141.2533333333</dst>
            <dst id="KSCYng">2378.12</dst>
            <dst id="LOSAng">8146.66666666667</dst>
            <dst id="NYCMng">5307.136</dst>
            <dst id="SNVAng">2006.15733333333</dst>
            <dst id="STTLng">1565.19733333333</dst>
            <dst id="WASHng">3979.31466666667</dst>
        </src>
        <src id="LOSAng">
            <dst id="ATLA-M5">432.661333333333</dst>
            <dst id="ATLAng">53178.0373333333</dst>
            <dst id="CHINng">127787.728</dst>
            <dst id="DNVRng">6038.81066666667</dst>
            <dst id="HSTNng">6492.8</dst>
            <dst id="IPLSng">15375.44</dst>
            <dst id="KSCYng">1851.47733333333</dst>
            <dst id="LOSAng">17261.8986666667</dst>
            <dst id="NYCMng">54685.6826666667</dst>
            <dst id="SNVAng">5136.272</dst>
            <dst id="STTLng">34943.6906666667</dst>
            <dst id="WASHng">103777.002666667</dst>
        </src>
        <src id="NYCMng">
            <dst id="ATLA-M5">228.882666666667</dst>
            <dst id="ATLAng">31482.2906666667</dst>
            <dst id="CHINng">45862.0266666667</dst>
            <dst id="DNVRng">105412.570666667</dst>
            <dst id="HSTNng">5179.944</dst>
            <dst id="IPLSng">24501.6266666667</dst>
            <dst id="KSCYng">3964.22666666667</dst>
            <dst id="LOSAng">57435.1173333333</dst>
            <dst id="NYCMng">116022.893333333</dst>
            <dst id="SNVAng">2510.144</dst>
            <dst id="STTLng">26110.5413333333</dst>
            <dst id="WASHng">46206.72</dst>
        </src>
        <src id="SNVAng">
            <dst id="ATLA-M5">0</dst>
            <dst id="ATLAng">122.728</dst>
            <dst id="CHINng">615.717333333333</dst>
            <dst id="DNVRng">4693.46666666667</dst>
            <dst id="HSTNng">191.056</dst>
            <dst id="IPLSng">1036.8</dst>
            <dst id="KSCYng">128.466666666667</dst>
            <dst id="LOSAng">24744.6853333333</dst>
            <dst id="NYCMng">231.701333333333</dst>
            <dst id="SNVAng">7835.32</dst>
            <dst id="STTLng">18966.312</dst>
            <dst id="WASHng">173.525333333333</dst>
        </src>
        <src id="STTLng">
            <dst id="ATLA-M5">53.6613333333333</dst>
            <dst id="ATLAng">7960.64533333333</dst>
            <dst id="CHINng">35858.9173333333</dst>
            <dst id="DNVRng">725.650666666667</dst>
            <dst id="HSTNng">726.898666666667</dst>
            <dst id="IPLSng">4692.45333333333</dst>
            <dst id="KSCYng">767.578666666667</dst>
            <dst id="LOSAng">23373.896</dst>
            <dst id="NYCMng">7542.06666666666</dst>
            <dst id="SNVAng">2843.632</dst>
            <dst id="STTLng">981.92</dst>
            <dst id="WASHng">10433.0666666667</dst>
        </src>
        <src id="WASHng">
            <dst id="ATLA-M5">63.5733333333333</dst>
            <dst id="ATLAng">80709.7546666667</dst>
            <dst id="CHINng">73971.7066666667</dst>
            <dst id="DNVRng">54900.5466666667</dst>
            <dst id="HSTNng">3698.98133333333</dst>
            <dst id="IPLSng">61262.0506666667</dst>
            <dst id="KSCYng">7373.75733333333</dst>
            <dst id="LOSAng">109464.925333333</dst>
            <dst id="NYCMng">129033.728</dst>
            <dst id="SNVAng">319.426666666667</dst>
            <dst id="STTLng">28583.544</dst>
            <dst id="WASHng">285296</dst>
        </src>
    </IntraTM>
</TrafficMatrixFile>
