<?xml version="1.0" encoding="ISO-8859-1" standalone="yes"?>
<TrafficMatrixFile xsi:noNamespaceSchemaLocation="http://totem.run.montefiore.ulg.ac.be/Schema/TrafficMatrix-v1_2.xsd" xmlns:xsi="http://www.w3.org/2001/XMLSchema-instance">
    <IntraTM ASID="11537">
        <src id="ATLA-M5">
            <dst id="ATLA-M5">0</dst>
            <dst id="ATLAng">53.3333333333333</dst>
            <dst id="CHINng">284.288</dst>
            <dst id="DNVRng">26.6666666666667</dst>
            <dst id="HSTNng">79.5813333333333</dst>
            <dst id="IPLSng">87.2533333333333</dst>
            <dst id="KSCYng">1665.49866666667</dst>
            <dst id="LOSAng">1127.632</dst>
            <dst id="NYCMng">80</dst>
            <dst id="SNVAng">0</dst>
            <dst id="STTLng">44</dst>
            <dst id="WASHng">229.101333333333</dst>
        </src>
        <src id="ATLAng">
            <dst id="ATLA-M5">119.165333333333</dst>
            <dst id="ATLAng">55604.8346666667</dst>
            <dst id="CHINng">6522.49066666667</dst>
            <dst id="DNVRng">4842.36533333333</dst>
            <dst id="HSTNng">5391.77866666667</dst>
            <dst id="IPLSng">14792.176</dst>
            <dst id="KSCYng">2936.80266666667</dst>
            <dst id="LOSAng">13520.6173333333</dst>
            <dst id="NYCMng">5067.91733333333</dst>
            <dst id="SNVAng">270.764</dst>
            <dst id="STTLng">4727.40266666667</dst>
            <dst id="WASHng">30847.0693333333</dst>
        </src>
        <src id="CHINng">
            <dst id="ATLA-M5">149.685333333333</dst>
            <dst id="ATLAng">25329.728</dst>
            <dst id="CHINng">171214.733333333</dst>
            <dst id="DNVRng">13658.9173333333</dst>
            <dst id="HSTNng">4565.49333333333</dst>
            <dst id="IPLSng">64673.152</dst>
            <dst id="KSCYng">8533.52533333333</dst>
            <dst id="LOSAng">49536.4933333333</dst>
            <dst id="NYCMng">12899.9546666667</dst>
            <dst id="SNVAng">491.952</dst>
            <dst id="STTLng">7769.27466666667</dst>
            <dst id="WASHng">16789.5573333333</dst>
        </src>
        <src id="DNVRng">
            <dst id="ATLA-M5">56</dst>
            <dst id="ATLAng">13357.184</dst>
            <dst id="CHINng">45766.2026666667</dst>
            <dst id="DNVRng">9619.37866666666</dst>
            <dst id="HSTNng">20511.0133333333</dst>
            <dst id="IPLSng">28048.152</dst>
            <dst id="KSCYng">17386.048</dst>
            <dst id="LOSAng">7822.04266666667</dst>
            <dst id="NYCMng">8803.95733333333</dst>
            <dst id="SNVAng">16930.1813333333</dst>
            <dst id="STTLng">17180.0773333333</dst>
            <dst id="WASHng">28351.7733333333</dst>
        </src>
        <src id="HSTNng">
            <dst id="ATLA-M5">3154.10666666667</dst>
            <dst id="ATLAng">31687.3253333333</dst>
            <dst id="CHINng">12248.464</dst>
            <dst id="DNVRng">2794.36266666667</dst>
            <dst id="HSTNng">2961.89866666667</dst>
            <dst id="IPLSng">1465.42933333333</dst>
            <dst id="KSCYng">1291.83466666667</dst>
            <dst id="LOSAng">17110.256</dst>
            <dst id="NYCMng">1649.69066666667</dst>
            <dst id="SNVAng">0</dst>
            <dst id="STTLng">1758.008</dst>
            <dst id="WASHng">4509.78133333333</dst>
        </src>
        <src id="IPLSng">
            <dst id="ATLA-M5">26.6666666666667</dst>
            <dst id="ATLAng">17093.744</dst>
            <dst id="CHINng">56151.0693333333</dst>
            <dst id="DNVRng">3926.80533333333</dst>
            <dst id="HSTNng">2235.19466666667</dst>
            <dst id="IPLSng">24603.1893333333</dst>
            <dst id="KSCYng">3242.55466666667</dst>
            <dst id="LOSAng">46310.224</dst>
            <dst id="NYCMng">27468.5573333333</dst>
            <dst id="SNVAng">625.384</dst>
            <dst id="STTLng">17164.8186666667</dst>
            <dst id="WASHng">17137.784</dst>
        </src>
        <src id="KSCYng">
            <dst id="ATLA-M5">456.658666666667</dst>
            <dst id="ATLAng">5349.27466666667</dst>
            <dst id="CHINng">31360.0906666667</dst>
            <dst id="DNVRng">10042.2453333333</dst>
            <dst id="HSTNng">5469.21333333333</dst>
            <dst id="IPLSng">11444.968</dst>
            <dst id="KSCYng">5657.144</dst>
            <dst id="LOSAng">7304.69866666667</dst>
            <dst id="NYCMng">4065.42933333333</dst>
            <dst id="SNVAng">1350.29866666667</dst>
            <dst id="STTLng">1339.144</dst>
            <dst id="WASHng">7964.28533333333</dst>
        </src>
        <src id="LOSAng">
            <dst id="ATLA-M5">108.216</dst>
            <dst id="ATLAng">27169.5306666667</dst>
            <dst id="CHINng">86306.7946666667</dst>
            <dst id="DNVRng">7402.792</dst>
            <dst id="HSTNng">10792.0853333333</dst>
            <dst id="IPLSng">53854.6213333333</dst>
            <dst id="KSCYng">7949.696</dst>
            <dst id="LOSAng">15656.3946666667</dst>
            <dst id="NYCMng">98900.3946666667</dst>
            <dst id="SNVAng">9434.65866666667</dst>
            <dst id="STTLng">61018.5786666667</dst>
            <dst id="WASHng">106386.002666667</dst>
        </src>
        <src id="NYCMng">
            <dst id="ATLA-M5">449.157333333333</dst>
            <dst id="ATLAng">40171.192</dst>
            <dst id="CHINng">38989.1653333333</dst>
            <dst id="DNVRng">116359.536</dst>
            <dst id="HSTNng">11187.84</dst>
            <dst id="IPLSng">41407.6106666667</dst>
            <dst id="KSCYng">9630.616</dst>
            <dst id="LOSAng">101261.352</dst>
            <dst id="NYCMng">74222.928</dst>
            <dst id="SNVAng">1637.93333333333</dst>
            <dst id="STTLng">29556.0506666667</dst>
            <dst id="WASHng">59343.384</dst>
        </src>
        <src id="SNVAng">
            <dst id="ATLA-M5">0</dst>
            <dst id="ATLAng">109.026666666667</dst>
            <dst id="CHINng">275.122666666667</dst>
            <dst id="DNVRng">5654.68266666667</dst>
            <dst id="HSTNng">209.557333333333</dst>
            <dst id="IPLSng">579.605333333333</dst>
            <dst id="KSCYng">15967.7013333333</dst>
            <dst id="LOSAng">36373.52</dst>
            <dst id="NYCMng">590.282666666667</dst>
            <dst id="SNVAng">8271.42133333334</dst>
            <dst id="STTLng">21013.6026666667</dst>
            <dst id="WASHng">133.333333333333</dst>
        </src>
        <src id="STTLng">
            <dst id="ATLA-M5">562.202666666667</dst>
            <dst id="ATLAng">8033.76266666667</dst>
            <dst id="CHINng">18969.552</dst>
            <dst id="DNVRng">2819.2</dst>
            <dst id="HSTNng">4358.00266666667</dst>
            <dst id="IPLSng">6251.54133333333</dst>
            <dst id="KSCYng">1466.42933333333</dst>
            <dst id="LOSAng">25396.8506666667</dst>
            <dst id="NYCMng">7754.01333333333</dst>
            <dst id="SNVAng">5273.22933333333</dst>
            <dst id="STTLng">3652.024</dst>
            <dst id="WASHng">6783.65866666667</dst>
        </src>
        <src id="WASHng">
            <dst id="ATLA-M5">984.586666666667</dst>
            <dst id="ATLAng">96921.536</dst>
            <dst id="CHINng">71226.1466666667</dst>
            <dst id="DNVRng">55319.5706666667</dst>
            <dst id="HSTNng">30089.0586666667</dst>
            <dst id="IPLSng">49215.5413333333</dst>
            <dst id="KSCYng">15659.0693333333</dst>
            <dst id="LOSAng">126238.288</dst>
            <dst id="NYCMng">145514.925333333</dst>
            <dst id="SNVAng">6835.32</dst>
            <dst id="STTLng">29000.352</dst>
            <dst id="WASHng">207624.072</dst>
        </src>
    </IntraTM>
</TrafficMatrixFile>
