<?xml version="1.0" encoding="ISO-8859-1" standalone="yes"?>
<TrafficMatrixFile xsi:noNamespaceSchemaLocation="http://totem.run.montefiore.ulg.ac.be/Schema/TrafficMatrix-v1_2.xsd" xmlns:xsi="http://www.w3.org/2001/XMLSchema-instance">
    <IntraTM ASID="11537">
        <src id="ATLA-M5">
            <dst id="ATLA-M5">26.6666666666667</dst>
            <dst id="ATLAng">26.6666666666667</dst>
            <dst id="CHINng">154.682666666667</dst>
            <dst id="DNVRng">26.6666666666667</dst>
            <dst id="HSTNng">26.6666666666667</dst>
            <dst id="IPLSng">70.808</dst>
            <dst id="KSCYng">193.386666666667</dst>
            <dst id="LOSAng">126.221333333333</dst>
            <dst id="NYCMng">33.1493333333333</dst>
            <dst id="SNVAng">0</dst>
            <dst id="STTLng">26.6666666666667</dst>
            <dst id="WASHng">105.002666666667</dst>
        </src>
        <src id="ATLAng">
            <dst id="ATLA-M5">215.456</dst>
            <dst id="ATLAng">48054.312</dst>
            <dst id="CHINng">23436.8933333333</dst>
            <dst id="DNVRng">4252.56266666667</dst>
            <dst id="HSTNng">1806.03466666667</dst>
            <dst id="IPLSng">11673.4346666667</dst>
            <dst id="KSCYng">1034.08533333333</dst>
            <dst id="LOSAng">17997.5426666667</dst>
            <dst id="NYCMng">7586.83733333333</dst>
            <dst id="SNVAng">56.9613333333333</dst>
            <dst id="STTLng">7429.72266666667</dst>
            <dst id="WASHng">24864.6746666667</dst>
        </src>
        <src id="CHINng">
            <dst id="ATLA-M5">435.298666666667</dst>
            <dst id="ATLAng">26864.4106666667</dst>
            <dst id="CHINng">79066.4613333333</dst>
            <dst id="DNVRng">9945.21866666667</dst>
            <dst id="HSTNng">6267.744</dst>
            <dst id="IPLSng">33098.7866666667</dst>
            <dst id="KSCYng">4180.224</dst>
            <dst id="LOSAng">48077.2986666667</dst>
            <dst id="NYCMng">5368.38933333333</dst>
            <dst id="SNVAng">389.066666666667</dst>
            <dst id="STTLng">9393.70666666667</dst>
            <dst id="WASHng">21060.2106666667</dst>
        </src>
        <src id="DNVRng">
            <dst id="ATLA-M5">26.6666666666667</dst>
            <dst id="ATLAng">3903.29866666667</dst>
            <dst id="CHINng">38839.6426666667</dst>
            <dst id="DNVRng">24539.3493333333</dst>
            <dst id="HSTNng">22279.2266666667</dst>
            <dst id="IPLSng">19719.7706666667</dst>
            <dst id="KSCYng">20327.0426666667</dst>
            <dst id="LOSAng">23559.608</dst>
            <dst id="NYCMng">11035.7226666667</dst>
            <dst id="SNVAng">9198.03466666667</dst>
            <dst id="STTLng">11006.2826666667</dst>
            <dst id="WASHng">28926.3093333333</dst>
        </src>
        <src id="HSTNng">
            <dst id="ATLA-M5">404.362666666667</dst>
            <dst id="ATLAng">16849.3626666667</dst>
            <dst id="CHINng">8767.10133333333</dst>
            <dst id="DNVRng">2044.69066666667</dst>
            <dst id="HSTNng">7446.22666666667</dst>
            <dst id="IPLSng">1272.4</dst>
            <dst id="KSCYng">835.808</dst>
            <dst id="LOSAng">9096.10666666667</dst>
            <dst id="NYCMng">1051.04</dst>
            <dst id="SNVAng">0</dst>
            <dst id="STTLng">2888.06666666667</dst>
            <dst id="WASHng">1993.69066666667</dst>
        </src>
        <src id="IPLSng">
            <dst id="ATLA-M5">0</dst>
            <dst id="ATLAng">15375.3226666667</dst>
            <dst id="CHINng">54573.7013333333</dst>
            <dst id="DNVRng">5179.74933333333</dst>
            <dst id="HSTNng">3493.08</dst>
            <dst id="IPLSng">13542.1253333333</dst>
            <dst id="KSCYng">2051.84266666667</dst>
            <dst id="LOSAng">64975.648</dst>
            <dst id="NYCMng">24131.4346666667</dst>
            <dst id="SNVAng">545.410666666667</dst>
            <dst id="STTLng">10974.36</dst>
            <dst id="WASHng">13760.7786666667</dst>
        </src>
        <src id="KSCYng">
            <dst id="ATLA-M5">941.24</dst>
            <dst id="ATLAng">1828.44</dst>
            <dst id="CHINng">14696.6373333333</dst>
            <dst id="DNVRng">18268.576</dst>
            <dst id="HSTNng">4478.00266666667</dst>
            <dst id="IPLSng">8451.104</dst>
            <dst id="KSCYng">5617.15466666667</dst>
            <dst id="LOSAng">6627.88533333333</dst>
            <dst id="NYCMng">2978.39466666667</dst>
            <dst id="SNVAng">1137.06133333333</dst>
            <dst id="STTLng">1688.344</dst>
            <dst id="WASHng">10712.904</dst>
        </src>
        <src id="LOSAng">
            <dst id="ATLA-M5">591.306666666667</dst>
            <dst id="ATLAng">56608.0133333333</dst>
            <dst id="CHINng">95046.0533333333</dst>
            <dst id="DNVRng">10800.2266666667</dst>
            <dst id="HSTNng">7191.76266666667</dst>
            <dst id="IPLSng">23439.192</dst>
            <dst id="KSCYng">4310.176</dst>
            <dst id="LOSAng">23386.2346666667</dst>
            <dst id="NYCMng">67679.4133333333</dst>
            <dst id="SNVAng">11065.432</dst>
            <dst id="STTLng">38505.4533333333</dst>
            <dst id="WASHng">98959.2293333334</dst>
        </src>
        <src id="NYCMng">
            <dst id="ATLA-M5">127.088</dst>
            <dst id="ATLAng">41293.072</dst>
            <dst id="CHINng">34781.2453333333</dst>
            <dst id="DNVRng">31714.6746666667</dst>
            <dst id="HSTNng">3942.26933333333</dst>
            <dst id="IPLSng">25736.408</dst>
            <dst id="KSCYng">8087.42133333333</dst>
            <dst id="LOSAng">73209.3813333333</dst>
            <dst id="NYCMng">100198.786666667</dst>
            <dst id="SNVAng">2467.49066666667</dst>
            <dst id="STTLng">22628.3413333333</dst>
            <dst id="WASHng">53011.4346666667</dst>
        </src>
        <src id="SNVAng">
            <dst id="ATLA-M5">0</dst>
            <dst id="ATLAng">133.333333333333</dst>
            <dst id="CHINng">196.557333333333</dst>
            <dst id="DNVRng">22020.2906666667</dst>
            <dst id="HSTNng">33.6426666666667</dst>
            <dst id="IPLSng">13302.3813333333</dst>
            <dst id="KSCYng">122.042666666667</dst>
            <dst id="LOSAng">29486.76</dst>
            <dst id="NYCMng">363.229333333333</dst>
            <dst id="SNVAng">8483.496</dst>
            <dst id="STTLng">28363.816</dst>
            <dst id="WASHng">60.9093333333333</dst>
        </src>
        <src id="STTLng">
            <dst id="ATLA-M5">26.6666666666667</dst>
            <dst id="ATLAng">12172.7626666667</dst>
            <dst id="CHINng">13906.1973333333</dst>
            <dst id="DNVRng">4780.73333333333</dst>
            <dst id="HSTNng">2582.33866666667</dst>
            <dst id="IPLSng">10594.7786666667</dst>
            <dst id="KSCYng">3032.30133333333</dst>
            <dst id="LOSAng">28022.4506666667</dst>
            <dst id="NYCMng">8030.20266666667</dst>
            <dst id="SNVAng">3240.76266666667</dst>
            <dst id="STTLng">2921.02666666667</dst>
            <dst id="WASHng">7844.85066666667</dst>
        </src>
        <src id="WASHng">
            <dst id="ATLA-M5">122.989333333333</dst>
            <dst id="ATLAng">70971.7973333333</dst>
            <dst id="CHINng">84374.3866666667</dst>
            <dst id="DNVRng">50148.7946666667</dst>
            <dst id="HSTNng">20858.6826666667</dst>
            <dst id="IPLSng">40485.2133333333</dst>
            <dst id="KSCYng">9213.14933333333</dst>
            <dst id="LOSAng">117551.042666667</dst>
            <dst id="NYCMng">127235.922666667</dst>
            <dst id="SNVAng">1162.92533333333</dst>
            <dst id="STTLng">32490.9013333333</dst>
            <dst id="WASHng">129943.032</dst>
        </src>
    </IntraTM>
</TrafficMatrixFile>
