<?xml version="1.0" encoding="ISO-8859-1" standalone="yes"?>
<TrafficMatrixFile xsi:noNamespaceSchemaLocation="http://totem.run.montefiore.ulg.ac.be/Schema/TrafficMatrix-v1_2.xsd" xmlns:xsi="http://www.w3.org/2001/XMLSchema-instance">
    <IntraTM ASID="11537">
        <src id="ATLA-M5">
            <dst id="ATLA-M5">55.4026666666667</dst>
            <dst id="ATLAng">70.88</dst>
            <dst id="CHINng">1442.424</dst>
            <dst id="DNVRng">0</dst>
            <dst id="HSTNng">61.1786666666667</dst>
            <dst id="IPLSng">26.6666666666667</dst>
            <dst id="KSCYng">53.9626666666667</dst>
            <dst id="LOSAng">165.76</dst>
            <dst id="NYCMng">53.3333333333333</dst>
            <dst id="SNVAng">0</dst>
            <dst id="STTLng">0</dst>
            <dst id="WASHng">457.226666666667</dst>
        </src>
        <src id="ATLAng">
            <dst id="ATLA-M5">176.978666666667</dst>
            <dst id="ATLAng">37976.0853333333</dst>
            <dst id="CHINng">3980.12</dst>
            <dst id="DNVRng">7327.53066666667</dst>
            <dst id="HSTNng">1216.416</dst>
            <dst id="IPLSng">8024.64533333333</dst>
            <dst id="KSCYng">1192.41866666667</dst>
            <dst id="LOSAng">13491.7226666667</dst>
            <dst id="NYCMng">15669.016</dst>
            <dst id="SNVAng">498.442666666667</dst>
            <dst id="STTLng">3158.28266666667</dst>
            <dst id="WASHng">64061.6693333334</dst>
        </src>
        <src id="CHINng">
            <dst id="ATLA-M5">136.082666666667</dst>
            <dst id="ATLAng">42621.9893333333</dst>
            <dst id="CHINng">105310.157333333</dst>
            <dst id="DNVRng">16169.4213333333</dst>
            <dst id="HSTNng">3082.80266666667</dst>
            <dst id="IPLSng">18320.0906666667</dst>
            <dst id="KSCYng">2794.15733333333</dst>
            <dst id="LOSAng">46550.2213333333</dst>
            <dst id="NYCMng">5051.17866666667</dst>
            <dst id="SNVAng">214.381333333333</dst>
            <dst id="STTLng">5688.28</dst>
            <dst id="WASHng">20725.3253333333</dst>
        </src>
        <src id="DNVRng">
            <dst id="ATLA-M5">114.88</dst>
            <dst id="ATLAng">7688.16266666667</dst>
            <dst id="CHINng">45652.9146666667</dst>
            <dst id="DNVRng">3372.01866666667</dst>
            <dst id="HSTNng">10202.832</dst>
            <dst id="IPLSng">41275.592</dst>
            <dst id="KSCYng">9750.72</dst>
            <dst id="LOSAng">3763.19466666667</dst>
            <dst id="NYCMng">7228.94133333333</dst>
            <dst id="SNVAng">5355.91466666667</dst>
            <dst id="STTLng">3496.30133333333</dst>
            <dst id="WASHng">31226.9306666667</dst>
        </src>
        <src id="HSTNng">
            <dst id="ATLA-M5">1136.78933333333</dst>
            <dst id="ATLAng">2292.424</dst>
            <dst id="CHINng">17064.832</dst>
            <dst id="DNVRng">971.501333333333</dst>
            <dst id="HSTNng">2210.90933333333</dst>
            <dst id="IPLSng">3169.50666666667</dst>
            <dst id="KSCYng">984.704</dst>
            <dst id="LOSAng">4008.328</dst>
            <dst id="NYCMng">3062.312</dst>
            <dst id="SNVAng">79.4213333333334</dst>
            <dst id="STTLng">1794.328</dst>
            <dst id="WASHng">3514.96533333333</dst>
        </src>
        <src id="IPLSng">
            <dst id="ATLA-M5">143.397333333333</dst>
            <dst id="ATLAng">14720.0773333333</dst>
            <dst id="CHINng">72046.3253333333</dst>
            <dst id="DNVRng">2379.488</dst>
            <dst id="HSTNng">9456.2</dst>
            <dst id="IPLSng">20407.9706666667</dst>
            <dst id="KSCYng">2403.26933333333</dst>
            <dst id="LOSAng">41514.3866666667</dst>
            <dst id="NYCMng">19198.2986666667</dst>
            <dst id="SNVAng">4193.504</dst>
            <dst id="STTLng">8776.744</dst>
            <dst id="WASHng">23581.8506666667</dst>
        </src>
        <src id="KSCYng">
            <dst id="ATLA-M5">26.6666666666667</dst>
            <dst id="ATLAng">1880.87733333333</dst>
            <dst id="CHINng">20976.7626666667</dst>
            <dst id="DNVRng">9150.23466666667</dst>
            <dst id="HSTNng">3160.52266666667</dst>
            <dst id="IPLSng">3871.73333333333</dst>
            <dst id="KSCYng">5342.15733333333</dst>
            <dst id="LOSAng">9267.864</dst>
            <dst id="NYCMng">7856.33333333333</dst>
            <dst id="SNVAng">2134.26933333333</dst>
            <dst id="STTLng">2285.02133333333</dst>
            <dst id="WASHng">4604.66666666667</dst>
        </src>
        <src id="LOSAng">
            <dst id="ATLA-M5">409.202666666667</dst>
            <dst id="ATLAng">46763.2746666667</dst>
            <dst id="CHINng">123015.258666667</dst>
            <dst id="DNVRng">6132.07733333333</dst>
            <dst id="HSTNng">9111.53866666667</dst>
            <dst id="IPLSng">51449.3973333333</dst>
            <dst id="KSCYng">1762.63733333333</dst>
            <dst id="LOSAng">15364.3386666667</dst>
            <dst id="NYCMng">68173.5226666667</dst>
            <dst id="SNVAng">7970.42133333333</dst>
            <dst id="STTLng">38107.6213333333</dst>
            <dst id="WASHng">90514.5653333333</dst>
        </src>
        <src id="NYCMng">
            <dst id="ATLA-M5">67.7786666666667</dst>
            <dst id="ATLAng">40990.3173333333</dst>
            <dst id="CHINng">43047.8826666667</dst>
            <dst id="DNVRng">65563.5973333334</dst>
            <dst id="HSTNng">4189.408</dst>
            <dst id="IPLSng">28421.9626666667</dst>
            <dst id="KSCYng">9517.26933333333</dst>
            <dst id="LOSAng">58654.3706666667</dst>
            <dst id="NYCMng">129315.986666667</dst>
            <dst id="SNVAng">1879.24533333333</dst>
            <dst id="STTLng">26284.9733333333</dst>
            <dst id="WASHng">62139.7466666667</dst>
        </src>
        <src id="SNVAng">
            <dst id="ATLA-M5">0</dst>
            <dst id="ATLAng">55.8933333333333</dst>
            <dst id="CHINng">638.221333333333</dst>
            <dst id="DNVRng">10074.2986666667</dst>
            <dst id="HSTNng">118.944</dst>
            <dst id="IPLSng">5783.728</dst>
            <dst id="KSCYng">120.536</dst>
            <dst id="LOSAng">29374.6266666667</dst>
            <dst id="NYCMng">8985.104</dst>
            <dst id="SNVAng">8097.464</dst>
            <dst id="STTLng">21077.3813333333</dst>
            <dst id="WASHng">26.6666666666667</dst>
        </src>
        <src id="STTLng">
            <dst id="ATLA-M5">0</dst>
            <dst id="ATLAng">10177.9333333333</dst>
            <dst id="CHINng">35130.8266666667</dst>
            <dst id="DNVRng">688.538666666667</dst>
            <dst id="HSTNng">4052.2</dst>
            <dst id="IPLSng">6372.10133333333</dst>
            <dst id="KSCYng">1246.50133333333</dst>
            <dst id="LOSAng">21695.5386666667</dst>
            <dst id="NYCMng">9941.016</dst>
            <dst id="SNVAng">2143.024</dst>
            <dst id="STTLng">1066.35733333333</dst>
            <dst id="WASHng">7720.73066666667</dst>
        </src>
        <src id="WASHng">
            <dst id="ATLA-M5">26.6666666666667</dst>
            <dst id="ATLAng">116996.925333333</dst>
            <dst id="CHINng">77420.0346666667</dst>
            <dst id="DNVRng">55429.92</dst>
            <dst id="HSTNng">10002.456</dst>
            <dst id="IPLSng">50832.8773333333</dst>
            <dst id="KSCYng">13942.7733333333</dst>
            <dst id="LOSAng">95068.1173333333</dst>
            <dst id="NYCMng">163964.005333333</dst>
            <dst id="SNVAng">578.328</dst>
            <dst id="STTLng">24276.7066666667</dst>
            <dst id="WASHng">280176.666666667</dst>
        </src>
    </IntraTM>
</TrafficMatrixFile>
