<?xml version="1.0" encoding="ISO-8859-1" standalone="yes"?>
<TrafficMatrixFile xsi:noNamespaceSchemaLocation="http://totem.run.montefiore.ulg.ac.be/Schema/TrafficMatrix-v1_2.xsd" xmlns:xsi="http://www.w3.org/2001/XMLSchema-instance">
    <IntraTM ASID="11537">
        <src id="ATLA-M5">
            <dst id="ATLA-M5">0</dst>
            <dst id="ATLAng">69.152</dst>
            <dst id="CHINng">137.949333333333</dst>
            <dst id="DNVRng">26.6666666666667</dst>
            <dst id="HSTNng">26.6666666666667</dst>
            <dst id="IPLSng">0</dst>
            <dst id="KSCYng">26.6666666666667</dst>
            <dst id="LOSAng">154.341333333333</dst>
            <dst id="NYCMng">26.6666666666667</dst>
            <dst id="SNVAng">0</dst>
            <dst id="STTLng">26.6666666666667</dst>
            <dst id="WASHng">333.285333333333</dst>
        </src>
        <src id="ATLAng">
            <dst id="ATLA-M5">355.704</dst>
            <dst id="ATLAng">29298.8666666667</dst>
            <dst id="CHINng">6056.44</dst>
            <dst id="DNVRng">4162.78933333333</dst>
            <dst id="HSTNng">19537.392</dst>
            <dst id="IPLSng">10675.3546666667</dst>
            <dst id="KSCYng">2474.75466666667</dst>
            <dst id="LOSAng">21567.4453333333</dst>
            <dst id="NYCMng">6554.84</dst>
            <dst id="SNVAng">53.3333333333333</dst>
            <dst id="STTLng">4638.53866666667</dst>
            <dst id="WASHng">22660.2693333333</dst>
        </src>
        <src id="CHINng">
            <dst id="ATLA-M5">26.6666666666667</dst>
            <dst id="ATLAng">15205.24</dst>
            <dst id="CHINng">149599.056</dst>
            <dst id="DNVRng">12901.9253333333</dst>
            <dst id="HSTNng">4716.19733333333</dst>
            <dst id="IPLSng">82291.016</dst>
            <dst id="KSCYng">8393.81866666667</dst>
            <dst id="LOSAng">60957.0773333333</dst>
            <dst id="NYCMng">10042.784</dst>
            <dst id="SNVAng">368.44</dst>
            <dst id="STTLng">6627.66133333333</dst>
            <dst id="WASHng">16394.992</dst>
        </src>
        <src id="DNVRng">
            <dst id="ATLA-M5">26.6666666666667</dst>
            <dst id="ATLAng">8301.96</dst>
            <dst id="CHINng">36821.9466666667</dst>
            <dst id="DNVRng">42022.5333333333</dst>
            <dst id="HSTNng">21449.7146666667</dst>
            <dst id="IPLSng">21214.5546666667</dst>
            <dst id="KSCYng">25413.296</dst>
            <dst id="LOSAng">11582.0346666667</dst>
            <dst id="NYCMng">12564.5573333333</dst>
            <dst id="SNVAng">14080.7786666667</dst>
            <dst id="STTLng">12156.7413333333</dst>
            <dst id="WASHng">35038.416</dst>
        </src>
        <src id="HSTNng">
            <dst id="ATLA-M5">180.928</dst>
            <dst id="ATLAng">3453.40533333333</dst>
            <dst id="CHINng">8668.26933333333</dst>
            <dst id="DNVRng">1211.81066666667</dst>
            <dst id="HSTNng">7084.17333333333</dst>
            <dst id="IPLSng">1573.81333333333</dst>
            <dst id="KSCYng">625.949333333333</dst>
            <dst id="LOSAng">12616.136</dst>
            <dst id="NYCMng">4903.18666666667</dst>
            <dst id="SNVAng">0</dst>
            <dst id="STTLng">1854.53066666667</dst>
            <dst id="WASHng">5144.672</dst>
        </src>
        <src id="IPLSng">
            <dst id="ATLA-M5">0</dst>
            <dst id="ATLAng">9408.584</dst>
            <dst id="CHINng">50771.4693333333</dst>
            <dst id="DNVRng">13887.7626666667</dst>
            <dst id="HSTNng">1081.32</dst>
            <dst id="IPLSng">51577.2293333333</dst>
            <dst id="KSCYng">3776.18666666667</dst>
            <dst id="LOSAng">75048.7573333333</dst>
            <dst id="NYCMng">23113.1893333333</dst>
            <dst id="SNVAng">560.626666666667</dst>
            <dst id="STTLng">12387</dst>
            <dst id="WASHng">27824.9706666667</dst>
        </src>
        <src id="KSCYng">
            <dst id="ATLA-M5">125.330666666667</dst>
            <dst id="ATLAng">1370.10933333333</dst>
            <dst id="CHINng">20906.8373333333</dst>
            <dst id="DNVRng">15172.9306666667</dst>
            <dst id="HSTNng">5015.08266666667</dst>
            <dst id="IPLSng">15277.4986666667</dst>
            <dst id="KSCYng">4045.712</dst>
            <dst id="LOSAng">5717.51466666667</dst>
            <dst id="NYCMng">2802.032</dst>
            <dst id="SNVAng">64.6186666666667</dst>
            <dst id="STTLng">2093.952</dst>
            <dst id="WASHng">18785.9386666667</dst>
        </src>
        <src id="LOSAng">
            <dst id="ATLA-M5">53.3333333333333</dst>
            <dst id="ATLAng">30877.4266666667</dst>
            <dst id="CHINng">76564.224</dst>
            <dst id="DNVRng">8442.64533333333</dst>
            <dst id="HSTNng">20828.296</dst>
            <dst id="IPLSng">52665.7866666667</dst>
            <dst id="KSCYng">5877.77333333333</dst>
            <dst id="LOSAng">20479.176</dst>
            <dst id="NYCMng">90086.344</dst>
            <dst id="SNVAng">9925.856</dst>
            <dst id="STTLng">47921.208</dst>
            <dst id="WASHng">88946.3413333333</dst>
        </src>
        <src id="NYCMng">
            <dst id="ATLA-M5">319.346666666667</dst>
            <dst id="ATLAng">29718.768</dst>
            <dst id="CHINng">58988.5973333333</dst>
            <dst id="DNVRng">116120.221333333</dst>
            <dst id="HSTNng">9474.15733333333</dst>
            <dst id="IPLSng">41324.5626666667</dst>
            <dst id="KSCYng">11397.3386666667</dst>
            <dst id="LOSAng">84675.8106666667</dst>
            <dst id="NYCMng">76292.6853333333</dst>
            <dst id="SNVAng">927.290666666666</dst>
            <dst id="STTLng">30339.568</dst>
            <dst id="WASHng">116076.509333333</dst>
        </src>
        <src id="SNVAng">
            <dst id="ATLA-M5">0</dst>
            <dst id="ATLAng">26.6666666666667</dst>
            <dst id="CHINng">391.194666666667</dst>
            <dst id="DNVRng">7224.15733333333</dst>
            <dst id="HSTNng">2468.992</dst>
            <dst id="IPLSng">4842.136</dst>
            <dst id="KSCYng">26.6666666666667</dst>
            <dst id="LOSAng">36438.2853333333</dst>
            <dst id="NYCMng">495.048</dst>
            <dst id="SNVAng">9127.65866666667</dst>
            <dst id="STTLng">28406.52</dst>
            <dst id="WASHng">133.333333333333</dst>
        </src>
        <src id="STTLng">
            <dst id="ATLA-M5">57.7706666666667</dst>
            <dst id="ATLAng">7704.32533333333</dst>
            <dst id="CHINng">15984.3146666667</dst>
            <dst id="DNVRng">3154.69333333333</dst>
            <dst id="HSTNng">1684.72266666667</dst>
            <dst id="IPLSng">6625.664</dst>
            <dst id="KSCYng">3348.64266666667</dst>
            <dst id="LOSAng">26825.856</dst>
            <dst id="NYCMng">8065.42666666667</dst>
            <dst id="SNVAng">3149.79466666667</dst>
            <dst id="STTLng">5501.26933333333</dst>
            <dst id="WASHng">11661.576</dst>
        </src>
        <src id="WASHng">
            <dst id="ATLA-M5">1183.49333333333</dst>
            <dst id="ATLAng">105657.997333333</dst>
            <dst id="CHINng">76910.016</dst>
            <dst id="DNVRng">46220.8773333333</dst>
            <dst id="HSTNng">46563.3626666667</dst>
            <dst id="IPLSng">53471.592</dst>
            <dst id="KSCYng">11180.808</dst>
            <dst id="LOSAng">124850.194666667</dst>
            <dst id="NYCMng">140134.882666667</dst>
            <dst id="SNVAng">4091.62933333333</dst>
            <dst id="STTLng">35439.7893333333</dst>
            <dst id="WASHng">229262.989333333</dst>
        </src>
    </IntraTM>
</TrafficMatrixFile>
