<?xml version="1.0" encoding="ISO-8859-1" standalone="yes"?>
<TrafficMatrixFile xsi:noNamespaceSchemaLocation="http://totem.run.montefiore.ulg.ac.be/Schema/TrafficMatrix-v1_2.xsd" xmlns:xsi="http://www.w3.org/2001/XMLSchema-instance">
    <IntraTM ASID="11537">
        <src id="ATLA-M5">
            <dst id="ATLA-M5">98.2586666666667</dst>
            <dst id="ATLAng">196.970666666667</dst>
            <dst id="CHINng">1256.98933333333</dst>
            <dst id="DNVRng">26.6666666666667</dst>
            <dst id="HSTNng">53.3333333333333</dst>
            <dst id="IPLSng">0</dst>
            <dst id="KSCYng">116.608</dst>
            <dst id="LOSAng">26.6666666666667</dst>
            <dst id="NYCMng">26.6666666666667</dst>
            <dst id="SNVAng">0</dst>
            <dst id="STTLng">60.8986666666667</dst>
            <dst id="WASHng">584.768</dst>
        </src>
        <src id="ATLAng">
            <dst id="ATLA-M5">128.6</dst>
            <dst id="ATLAng">39220.6746666667</dst>
            <dst id="CHINng">3820.736</dst>
            <dst id="DNVRng">7559.42933333333</dst>
            <dst id="HSTNng">1044.50133333333</dst>
            <dst id="IPLSng">8338.26933333333</dst>
            <dst id="KSCYng">716.192</dst>
            <dst id="LOSAng">12232.624</dst>
            <dst id="NYCMng">6339.26133333333</dst>
            <dst id="SNVAng">195.853333333333</dst>
            <dst id="STTLng">3863.94933333333</dst>
            <dst id="WASHng">55472.424</dst>
        </src>
        <src id="CHINng">
            <dst id="ATLA-M5">731.864</dst>
            <dst id="ATLAng">41080.3306666667</dst>
            <dst id="CHINng">105443.16</dst>
            <dst id="DNVRng">12054.016</dst>
            <dst id="HSTNng">3302.576</dst>
            <dst id="IPLSng">20312.296</dst>
            <dst id="KSCYng">2530.10666666667</dst>
            <dst id="LOSAng">44304.5066666667</dst>
            <dst id="NYCMng">6877.42933333333</dst>
            <dst id="SNVAng">1197.46933333333</dst>
            <dst id="STTLng">5995.01333333334</dst>
            <dst id="WASHng">16789.0133333333</dst>
        </src>
        <src id="DNVRng">
            <dst id="ATLA-M5">192</dst>
            <dst id="ATLAng">9028.92266666667</dst>
            <dst id="CHINng">46499.672</dst>
            <dst id="DNVRng">2615.64266666667</dst>
            <dst id="HSTNng">9315.60266666667</dst>
            <dst id="IPLSng">15261.3333333333</dst>
            <dst id="KSCYng">9211.08</dst>
            <dst id="LOSAng">4828.83733333333</dst>
            <dst id="NYCMng">10260.9973333333</dst>
            <dst id="SNVAng">6008.95466666667</dst>
            <dst id="STTLng">3913.23466666667</dst>
            <dst id="WASHng">26685.9146666667</dst>
        </src>
        <src id="HSTNng">
            <dst id="ATLA-M5">117.162666666667</dst>
            <dst id="ATLAng">2503.18666666667</dst>
            <dst id="CHINng">15140.0933333333</dst>
            <dst id="DNVRng">486.912</dst>
            <dst id="HSTNng">2278.87466666667</dst>
            <dst id="IPLSng">4224.16</dst>
            <dst id="KSCYng">1126.104</dst>
            <dst id="LOSAng">4187.64</dst>
            <dst id="NYCMng">2461.97866666667</dst>
            <dst id="SNVAng">61.9413333333333</dst>
            <dst id="STTLng">2529.56266666667</dst>
            <dst id="WASHng">4107.09333333333</dst>
        </src>
        <src id="IPLSng">
            <dst id="ATLA-M5">53.3333333333333</dst>
            <dst id="ATLAng">16199.9493333333</dst>
            <dst id="CHINng">72407.8373333333</dst>
            <dst id="DNVRng">2021.184</dst>
            <dst id="HSTNng">2792.72266666667</dst>
            <dst id="IPLSng">13508.5866666667</dst>
            <dst id="KSCYng">1917.30666666667</dst>
            <dst id="LOSAng">37503.5146666667</dst>
            <dst id="NYCMng">15241.9653333333</dst>
            <dst id="SNVAng">4093.328</dst>
            <dst id="STTLng">9863.22133333333</dst>
            <dst id="WASHng">25666.952</dst>
        </src>
        <src id="KSCYng">
            <dst id="ATLA-M5">0</dst>
            <dst id="ATLAng">2182</dst>
            <dst id="CHINng">19053.2</dst>
            <dst id="DNVRng">8049.94666666667</dst>
            <dst id="HSTNng">2839.904</dst>
            <dst id="IPLSng">3758.50133333333</dst>
            <dst id="KSCYng">4392.40266666667</dst>
            <dst id="LOSAng">6691.68533333333</dst>
            <dst id="NYCMng">5862.976</dst>
            <dst id="SNVAng">1370.66133333333</dst>
            <dst id="STTLng">1911.81333333333</dst>
            <dst id="WASHng">4622.21066666667</dst>
        </src>
        <src id="LOSAng">
            <dst id="ATLA-M5">143.021333333333</dst>
            <dst id="ATLAng">67291.1866666667</dst>
            <dst id="CHINng">132011.408</dst>
            <dst id="DNVRng">4615.488</dst>
            <dst id="HSTNng">7363.37866666667</dst>
            <dst id="IPLSng">20856.984</dst>
            <dst id="KSCYng">2849.37866666667</dst>
            <dst id="LOSAng">14499.1653333333</dst>
            <dst id="NYCMng">64747.2586666667</dst>
            <dst id="SNVAng">8404.864</dst>
            <dst id="STTLng">42812.7146666667</dst>
            <dst id="WASHng">93063.7866666667</dst>
        </src>
        <src id="NYCMng">
            <dst id="ATLA-M5">26.6666666666667</dst>
            <dst id="ATLAng">40029.52</dst>
            <dst id="CHINng">36131.7093333333</dst>
            <dst id="DNVRng">98208.7146666667</dst>
            <dst id="HSTNng">3537.31466666667</dst>
            <dst id="IPLSng">27758.712</dst>
            <dst id="KSCYng">7598.67466666667</dst>
            <dst id="LOSAng">60231.5973333333</dst>
            <dst id="NYCMng">125777.909333333</dst>
            <dst id="SNVAng">3174.24533333333</dst>
            <dst id="STTLng">22553.984</dst>
            <dst id="WASHng">51427.56</dst>
        </src>
        <src id="SNVAng">
            <dst id="ATLA-M5">0</dst>
            <dst id="ATLAng">26.6666666666667</dst>
            <dst id="CHINng">681.52</dst>
            <dst id="DNVRng">586.365333333333</dst>
            <dst id="HSTNng">217.173333333333</dst>
            <dst id="IPLSng">1159.19466666667</dst>
            <dst id="KSCYng">96.7946666666667</dst>
            <dst id="LOSAng">25882.1226666667</dst>
            <dst id="NYCMng">333.213333333333</dst>
            <dst id="SNVAng">8339.35733333334</dst>
            <dst id="STTLng">18886.176</dst>
            <dst id="WASHng">346.429333333333</dst>
        </src>
        <src id="STTLng">
            <dst id="ATLA-M5">96.4506666666666</dst>
            <dst id="ATLAng">10783.8106666667</dst>
            <dst id="CHINng">39530.096</dst>
            <dst id="DNVRng">832.325333333334</dst>
            <dst id="HSTNng">1723.744</dst>
            <dst id="IPLSng">6621.232</dst>
            <dst id="KSCYng">1090.12533333333</dst>
            <dst id="LOSAng">21273.9413333333</dst>
            <dst id="NYCMng">10571.2133333333</dst>
            <dst id="SNVAng">1879.31733333333</dst>
            <dst id="STTLng">1096.34666666667</dst>
            <dst id="WASHng">11969.824</dst>
        </src>
        <src id="WASHng">
            <dst id="ATLA-M5">26.6666666666667</dst>
            <dst id="ATLAng">108301.602666667</dst>
            <dst id="CHINng">76322.3173333333</dst>
            <dst id="DNVRng">55167.9626666667</dst>
            <dst id="HSTNng">5124.86133333333</dst>
            <dst id="IPLSng">31970.5893333333</dst>
            <dst id="KSCYng">10469.6186666667</dst>
            <dst id="LOSAng">98370.9733333333</dst>
            <dst id="NYCMng">171329.861333333</dst>
            <dst id="SNVAng">454.888</dst>
            <dst id="STTLng">26070.9893333333</dst>
            <dst id="WASHng">302363.413333333</dst>
        </src>
    </IntraTM>
</TrafficMatrixFile>
