<?xml version="1.0" encoding="ISO-8859-1" standalone="yes"?>
<TrafficMatrixFile xsi:noNamespaceSchemaLocation="http://totem.run.montefiore.ulg.ac.be/Schema/TrafficMatrix-v1_2.xsd" xmlns:xsi="http://www.w3.org/2001/XMLSchema-instance">
    <IntraTM ASID="11537">
        <src id="ATLA-M5">
            <dst id="ATLA-M5">57.168</dst>
            <dst id="ATLAng">32.192</dst>
            <dst id="CHINng">26.6666666666667</dst>
            <dst id="DNVRng">0</dst>
            <dst id="HSTNng">95.424</dst>
            <dst id="IPLSng">80</dst>
            <dst id="KSCYng">550.778666666667</dst>
            <dst id="LOSAng">165.306666666667</dst>
            <dst id="NYCMng">53.3333333333333</dst>
            <dst id="SNVAng">0</dst>
            <dst id="STTLng">64.5973333333333</dst>
            <dst id="WASHng">2623.432</dst>
        </src>
        <src id="ATLAng">
            <dst id="ATLA-M5">191.205333333333</dst>
            <dst id="ATLAng">63847.096</dst>
            <dst id="CHINng">10277.952</dst>
            <dst id="DNVRng">5598.28266666667</dst>
            <dst id="HSTNng">1247.552</dst>
            <dst id="IPLSng">14430.2453333333</dst>
            <dst id="KSCYng">694.288</dst>
            <dst id="LOSAng">10821.6053333333</dst>
            <dst id="NYCMng">4301.54666666667</dst>
            <dst id="SNVAng">461.493333333333</dst>
            <dst id="STTLng">4835.99733333333</dst>
            <dst id="WASHng">59944.1093333333</dst>
        </src>
        <src id="CHINng">
            <dst id="ATLA-M5">0</dst>
            <dst id="ATLAng">22012.1813333333</dst>
            <dst id="CHINng">114591.301333333</dst>
            <dst id="DNVRng">6513.088</dst>
            <dst id="HSTNng">5838.78933333333</dst>
            <dst id="IPLSng">51422.0746666667</dst>
            <dst id="KSCYng">3595.83466666667</dst>
            <dst id="LOSAng">40222.5226666667</dst>
            <dst id="NYCMng">5881.30933333333</dst>
            <dst id="SNVAng">320.546666666667</dst>
            <dst id="STTLng">7437.52533333333</dst>
            <dst id="WASHng">40501.928</dst>
        </src>
        <src id="DNVRng">
            <dst id="ATLA-M5">26.6666666666667</dst>
            <dst id="ATLAng">10590.6613333333</dst>
            <dst id="CHINng">62603.496</dst>
            <dst id="DNVRng">19572.8613333333</dst>
            <dst id="HSTNng">11044.4213333333</dst>
            <dst id="IPLSng">28761.4986666667</dst>
            <dst id="KSCYng">10564.7013333333</dst>
            <dst id="LOSAng">3562.808</dst>
            <dst id="NYCMng">18664.6346666667</dst>
            <dst id="SNVAng">6652.216</dst>
            <dst id="STTLng">4249.84533333333</dst>
            <dst id="WASHng">33971.8693333333</dst>
        </src>
        <src id="HSTNng">
            <dst id="ATLA-M5">1974.104</dst>
            <dst id="ATLAng">4837.544</dst>
            <dst id="CHINng">15502.9253333333</dst>
            <dst id="DNVRng">909.12</dst>
            <dst id="HSTNng">3149.78666666667</dst>
            <dst id="IPLSng">997.517333333333</dst>
            <dst id="KSCYng">3102.50933333333</dst>
            <dst id="LOSAng">7848.53866666667</dst>
            <dst id="NYCMng">3056.95466666667</dst>
            <dst id="SNVAng">27.176</dst>
            <dst id="STTLng">328.010666666667</dst>
            <dst id="WASHng">2466.18666666667</dst>
        </src>
        <src id="IPLSng">
            <dst id="ATLA-M5">73.1946666666667</dst>
            <dst id="ATLAng">16511.968</dst>
            <dst id="CHINng">95853.736</dst>
            <dst id="DNVRng">3700.12533333333</dst>
            <dst id="HSTNng">4679.104</dst>
            <dst id="IPLSng">12148.6426666667</dst>
            <dst id="KSCYng">7015.02666666667</dst>
            <dst id="LOSAng">25991.912</dst>
            <dst id="NYCMng">17437.4693333333</dst>
            <dst id="SNVAng">682.882666666667</dst>
            <dst id="STTLng">13571.0346666667</dst>
            <dst id="WASHng">17705.8266666667</dst>
        </src>
        <src id="KSCYng">
            <dst id="ATLA-M5">0</dst>
            <dst id="ATLAng">2916.784</dst>
            <dst id="CHINng">71271.1973333333</dst>
            <dst id="DNVRng">3695.03733333333</dst>
            <dst id="HSTNng">2842.70933333333</dst>
            <dst id="IPLSng">6068.71733333333</dst>
            <dst id="KSCYng">6614.59466666667</dst>
            <dst id="LOSAng">6314.63733333333</dst>
            <dst id="NYCMng">5646.736</dst>
            <dst id="SNVAng">127.594666666667</dst>
            <dst id="STTLng">780.045333333333</dst>
            <dst id="WASHng">5560.264</dst>
        </src>
        <src id="LOSAng">
            <dst id="ATLA-M5">441.858666666667</dst>
            <dst id="ATLAng">19503.2</dst>
            <dst id="CHINng">125566.989333333</dst>
            <dst id="DNVRng">8203.896</dst>
            <dst id="HSTNng">7416.24</dst>
            <dst id="IPLSng">32016.04</dst>
            <dst id="KSCYng">4382.73333333333</dst>
            <dst id="LOSAng">16550.104</dst>
            <dst id="NYCMng">50365.6773333333</dst>
            <dst id="SNVAng">8581.81333333333</dst>
            <dst id="STTLng">31207.872</dst>
            <dst id="WASHng">112184.930666667</dst>
        </src>
        <src id="NYCMng">
            <dst id="ATLA-M5">286.554666666667</dst>
            <dst id="ATLAng">50849.6613333333</dst>
            <dst id="CHINng">48683.928</dst>
            <dst id="DNVRng">19176.52</dst>
            <dst id="HSTNng">9355.128</dst>
            <dst id="IPLSng">38048.456</dst>
            <dst id="KSCYng">12394.4986666667</dst>
            <dst id="LOSAng">62474.704</dst>
            <dst id="NYCMng">95721.784</dst>
            <dst id="SNVAng">2788.96</dst>
            <dst id="STTLng">17570.2533333333</dst>
            <dst id="WASHng">98763.8826666667</dst>
        </src>
        <src id="SNVAng">
            <dst id="ATLA-M5">0</dst>
            <dst id="ATLAng">157.4</dst>
            <dst id="CHINng">390.314666666667</dst>
            <dst id="DNVRng">308.490666666667</dst>
            <dst id="HSTNng">87.6373333333333</dst>
            <dst id="IPLSng">6862.66666666667</dst>
            <dst id="KSCYng">53.3333333333333</dst>
            <dst id="LOSAng">23117.5813333333</dst>
            <dst id="NYCMng">396.421333333333</dst>
            <dst id="SNVAng">9336.168</dst>
            <dst id="STTLng">18167.1653333333</dst>
            <dst id="WASHng">192.197333333333</dst>
        </src>
        <src id="STTLng">
            <dst id="ATLA-M5">26.6666666666667</dst>
            <dst id="ATLAng">12673.872</dst>
            <dst id="CHINng">36242.6293333333</dst>
            <dst id="DNVRng">2157.49333333333</dst>
            <dst id="HSTNng">769.154666666667</dst>
            <dst id="IPLSng">8196.75733333333</dst>
            <dst id="KSCYng">863.794666666667</dst>
            <dst id="LOSAng">17385.9946666667</dst>
            <dst id="NYCMng">11030.208</dst>
            <dst id="SNVAng">5442.40266666667</dst>
            <dst id="STTLng">2189.50133333333</dst>
            <dst id="WASHng">11495.792</dst>
        </src>
        <src id="WASHng">
            <dst id="ATLA-M5">241.936</dst>
            <dst id="ATLAng">78951.0666666667</dst>
            <dst id="CHINng">86355.336</dst>
            <dst id="DNVRng">37214.1413333333</dst>
            <dst id="HSTNng">12019.1306666667</dst>
            <dst id="IPLSng">39055.112</dst>
            <dst id="KSCYng">5281.232</dst>
            <dst id="LOSAng">104831.002666667</dst>
            <dst id="NYCMng">152299.090666667</dst>
            <dst id="SNVAng">4987.54133333333</dst>
            <dst id="STTLng">25683.216</dst>
            <dst id="WASHng">283616.4</dst>
        </src>
    </IntraTM>
</TrafficMatrixFile>
