<?xml version="1.0" encoding="ISO-8859-1" standalone="yes"?>
<TrafficMatrixFile xsi:noNamespaceSchemaLocation="http://totem.run.montefiore.ulg.ac.be/Schema/TrafficMatrix-v1_2.xsd" xmlns:xsi="http://www.w3.org/2001/XMLSchema-instance">
    <IntraTM ASID="11537">
        <src id="ATLA-M5">
            <dst id="ATLA-M5">0</dst>
            <dst id="ATLAng">0</dst>
            <dst id="CHINng">107.957333333333</dst>
            <dst id="DNVRng">53.3333333333333</dst>
            <dst id="HSTNng">590.357333333333</dst>
            <dst id="IPLSng">99.176</dst>
            <dst id="KSCYng">26.6666666666667</dst>
            <dst id="LOSAng">174.689333333333</dst>
            <dst id="NYCMng">53.3333333333333</dst>
            <dst id="SNVAng">28.0226666666667</dst>
            <dst id="STTLng">120</dst>
            <dst id="WASHng">1109.13333333333</dst>
        </src>
        <src id="ATLAng">
            <dst id="ATLA-M5">194.677333333333</dst>
            <dst id="ATLAng">35721.5466666667</dst>
            <dst id="CHINng">6694.448</dst>
            <dst id="DNVRng">3578.37333333333</dst>
            <dst id="HSTNng">456.776</dst>
            <dst id="IPLSng">11638.3573333333</dst>
            <dst id="KSCYng">951.749333333333</dst>
            <dst id="LOSAng">13892.6853333333</dst>
            <dst id="NYCMng">3767.23733333333</dst>
            <dst id="SNVAng">14.2346666666667</dst>
            <dst id="STTLng">4664.34933333333</dst>
            <dst id="WASHng">29981.208</dst>
        </src>
        <src id="CHINng">
            <dst id="ATLA-M5">71.1626666666667</dst>
            <dst id="ATLAng">38141.4293333333</dst>
            <dst id="CHINng">65978.5573333333</dst>
            <dst id="DNVRng">28510.152</dst>
            <dst id="HSTNng">5066.06666666667</dst>
            <dst id="IPLSng">16149.1466666667</dst>
            <dst id="KSCYng">7040</dst>
            <dst id="LOSAng">57280.5893333333</dst>
            <dst id="NYCMng">3449.77866666667</dst>
            <dst id="SNVAng">90.4453333333333</dst>
            <dst id="STTLng">13729.9173333333</dst>
            <dst id="WASHng">9934.32533333333</dst>
        </src>
        <src id="DNVRng">
            <dst id="ATLA-M5">80.5866666666667</dst>
            <dst id="ATLAng">4911.96533333333</dst>
            <dst id="CHINng">45529.9146666667</dst>
            <dst id="DNVRng">7949.45866666666</dst>
            <dst id="HSTNng">17006.3626666667</dst>
            <dst id="IPLSng">20393.3173333333</dst>
            <dst id="KSCYng">17046.9653333333</dst>
            <dst id="LOSAng">12084.1253333333</dst>
            <dst id="NYCMng">15033.1066666667</dst>
            <dst id="SNVAng">9428.552</dst>
            <dst id="STTLng">8073.81066666667</dst>
            <dst id="WASHng">33225.4186666667</dst>
        </src>
        <src id="HSTNng">
            <dst id="ATLA-M5">2212.12533333333</dst>
            <dst id="ATLAng">12898.8533333333</dst>
            <dst id="CHINng">9812.94933333334</dst>
            <dst id="DNVRng">1263.66133333333</dst>
            <dst id="HSTNng">3460.37066666667</dst>
            <dst id="IPLSng">208.202666666667</dst>
            <dst id="KSCYng">1443.704</dst>
            <dst id="LOSAng">7021.216</dst>
            <dst id="NYCMng">1470.12533333333</dst>
            <dst id="SNVAng">0</dst>
            <dst id="STTLng">2593.83733333333</dst>
            <dst id="WASHng">3024.11733333333</dst>
        </src>
        <src id="IPLSng">
            <dst id="ATLA-M5">26.6666666666667</dst>
            <dst id="ATLAng">9696.66933333333</dst>
            <dst id="CHINng">86898.608</dst>
            <dst id="DNVRng">8608.99466666666</dst>
            <dst id="HSTNng">2185.904</dst>
            <dst id="IPLSng">9167.77333333333</dst>
            <dst id="KSCYng">3190.26133333333</dst>
            <dst id="LOSAng">76097.728</dst>
            <dst id="NYCMng">19976.792</dst>
            <dst id="SNVAng">3794.24</dst>
            <dst id="STTLng">11097.9493333333</dst>
            <dst id="WASHng">12344.2533333333</dst>
        </src>
        <src id="KSCYng">
            <dst id="ATLA-M5">0</dst>
            <dst id="ATLAng">1535.032</dst>
            <dst id="CHINng">12030.136</dst>
            <dst id="DNVRng">14775.824</dst>
            <dst id="HSTNng">2873.47466666667</dst>
            <dst id="IPLSng">8469.47466666667</dst>
            <dst id="KSCYng">2704.368</dst>
            <dst id="LOSAng">9606.34133333333</dst>
            <dst id="NYCMng">4858.92533333333</dst>
            <dst id="SNVAng">26.6666666666667</dst>
            <dst id="STTLng">2776.15733333333</dst>
            <dst id="WASHng">7480.344</dst>
        </src>
        <src id="LOSAng">
            <dst id="ATLA-M5">26.6666666666667</dst>
            <dst id="ATLAng">41089.92</dst>
            <dst id="CHINng">105268.997333333</dst>
            <dst id="DNVRng">15466.7466666667</dst>
            <dst id="HSTNng">4997.28266666667</dst>
            <dst id="IPLSng">26409.9973333333</dst>
            <dst id="KSCYng">2796.29333333333</dst>
            <dst id="LOSAng">21351.368</dst>
            <dst id="NYCMng">61717.1866666667</dst>
            <dst id="SNVAng">4703.60533333333</dst>
            <dst id="STTLng">40276.72</dst>
            <dst id="WASHng">99101.9493333333</dst>
        </src>
        <src id="NYCMng">
            <dst id="ATLA-M5">65.1013333333333</dst>
            <dst id="ATLAng">33708.32</dst>
            <dst id="CHINng">47525.752</dst>
            <dst id="DNVRng">24718.088</dst>
            <dst id="HSTNng">12125.7466666667</dst>
            <dst id="IPLSng">26122.608</dst>
            <dst id="KSCYng">8173.50133333333</dst>
            <dst id="LOSAng">92852.8853333334</dst>
            <dst id="NYCMng">102138.890666667</dst>
            <dst id="SNVAng">3858.776</dst>
            <dst id="STTLng">25197.432</dst>
            <dst id="WASHng">53288.4133333333</dst>
        </src>
        <src id="SNVAng">
            <dst id="ATLA-M5">0</dst>
            <dst id="ATLAng">26.6666666666667</dst>
            <dst id="CHINng">199.512</dst>
            <dst id="DNVRng">693.992</dst>
            <dst id="HSTNng">184.448</dst>
            <dst id="IPLSng">5101.83733333333</dst>
            <dst id="KSCYng">107.186666666667</dst>
            <dst id="LOSAng">50488.976</dst>
            <dst id="NYCMng">415.552</dst>
            <dst id="SNVAng">9890.74133333333</dst>
            <dst id="STTLng">23720.248</dst>
            <dst id="WASHng">53.3333333333333</dst>
        </src>
        <src id="STTLng">
            <dst id="ATLA-M5">74.0186666666667</dst>
            <dst id="ATLAng">9191.02933333333</dst>
            <dst id="CHINng">17313.6746666667</dst>
            <dst id="DNVRng">1426.57866666667</dst>
            <dst id="HSTNng">2007.4</dst>
            <dst id="IPLSng">10305.3813333333</dst>
            <dst id="KSCYng">1884.49866666667</dst>
            <dst id="LOSAng">40248.3973333333</dst>
            <dst id="NYCMng">10978.528</dst>
            <dst id="SNVAng">2607.75466666667</dst>
            <dst id="STTLng">2320.552</dst>
            <dst id="WASHng">13877.0026666667</dst>
        </src>
        <src id="WASHng">
            <dst id="ATLA-M5">53.3333333333333</dst>
            <dst id="ATLAng">68653.2133333333</dst>
            <dst id="CHINng">104829.872</dst>
            <dst id="DNVRng">57056.328</dst>
            <dst id="HSTNng">14515.9893333333</dst>
            <dst id="IPLSng">42364.4266666667</dst>
            <dst id="KSCYng">18621.6613333333</dst>
            <dst id="LOSAng">131235.077333333</dst>
            <dst id="NYCMng">201412.402666667</dst>
            <dst id="SNVAng">1230.512</dst>
            <dst id="STTLng">49063.9893333333</dst>
            <dst id="WASHng">242919.04</dst>
        </src>
    </IntraTM>
</TrafficMatrixFile>
