<?xml version="1.0" encoding="ISO-8859-1" standalone="yes"?>
<TrafficMatrixFile xsi:noNamespaceSchemaLocation="http://totem.run.montefiore.ulg.ac.be/Schema/TrafficMatrix-v1_2.xsd" xmlns:xsi="http://www.w3.org/2001/XMLSchema-instance">
    <IntraTM ASID="11537">
        <src id="ATLA-M5">
            <dst id="ATLA-M5">53.3333333333333</dst>
            <dst id="ATLAng">80</dst>
            <dst id="CHINng">159.704</dst>
            <dst id="DNVRng">0</dst>
            <dst id="HSTNng">120.501333333333</dst>
            <dst id="IPLSng">53.3333333333333</dst>
            <dst id="KSCYng">55.352</dst>
            <dst id="LOSAng">168.173333333333</dst>
            <dst id="NYCMng">26.6666666666667</dst>
            <dst id="SNVAng">0</dst>
            <dst id="STTLng">110.117333333333</dst>
            <dst id="WASHng">244.853333333333</dst>
        </src>
        <src id="ATLAng">
            <dst id="ATLA-M5">148.666666666667</dst>
            <dst id="ATLAng">51544.168</dst>
            <dst id="CHINng">8783.744</dst>
            <dst id="DNVRng">4529.176</dst>
            <dst id="HSTNng">635.84</dst>
            <dst id="IPLSng">11843.7066666667</dst>
            <dst id="KSCYng">3507.87733333333</dst>
            <dst id="LOSAng">17730.84</dst>
            <dst id="NYCMng">3938.52266666667</dst>
            <dst id="SNVAng">15.8053333333333</dst>
            <dst id="STTLng">4113.344</dst>
            <dst id="WASHng">24816.144</dst>
        </src>
        <src id="CHINng">
            <dst id="ATLA-M5">26.6666666666667</dst>
            <dst id="ATLAng">10902.8746666667</dst>
            <dst id="CHINng">140817.272</dst>
            <dst id="DNVRng">17264.8506666667</dst>
            <dst id="HSTNng">5454.16</dst>
            <dst id="IPLSng">77776.416</dst>
            <dst id="KSCYng">14902.3413333333</dst>
            <dst id="LOSAng">61898.2693333333</dst>
            <dst id="NYCMng">8315.02666666667</dst>
            <dst id="SNVAng">317.570666666667</dst>
            <dst id="STTLng">5550.144</dst>
            <dst id="WASHng">19783.1413333333</dst>
        </src>
        <src id="DNVRng">
            <dst id="ATLA-M5">26.6666666666667</dst>
            <dst id="ATLAng">10442.7226666667</dst>
            <dst id="CHINng">49181.6266666667</dst>
            <dst id="DNVRng">31629.7626666667</dst>
            <dst id="HSTNng">25437.4453333333</dst>
            <dst id="IPLSng">20814.7626666667</dst>
            <dst id="KSCYng">23448.7893333333</dst>
            <dst id="LOSAng">9735.09333333333</dst>
            <dst id="NYCMng">9313.92533333333</dst>
            <dst id="SNVAng">15007.0693333333</dst>
            <dst id="STTLng">14005.6506666667</dst>
            <dst id="WASHng">34611.5626666667</dst>
        </src>
        <src id="HSTNng">
            <dst id="ATLA-M5">2395.088</dst>
            <dst id="ATLAng">2539.184</dst>
            <dst id="CHINng">11784.8586666667</dst>
            <dst id="DNVRng">1800.472</dst>
            <dst id="HSTNng">6760.42666666667</dst>
            <dst id="IPLSng">463.701333333333</dst>
            <dst id="KSCYng">1026.35466666667</dst>
            <dst id="LOSAng">10208.048</dst>
            <dst id="NYCMng">4701.97066666667</dst>
            <dst id="SNVAng">0</dst>
            <dst id="STTLng">1067.056</dst>
            <dst id="WASHng">6559.26666666667</dst>
        </src>
        <src id="IPLSng">
            <dst id="ATLA-M5">26.6666666666667</dst>
            <dst id="ATLAng">10278.888</dst>
            <dst id="CHINng">63527.4506666667</dst>
            <dst id="DNVRng">4493.85333333333</dst>
            <dst id="HSTNng">1248.32</dst>
            <dst id="IPLSng">29022.56</dst>
            <dst id="KSCYng">3096.22933333333</dst>
            <dst id="LOSAng">53373.168</dst>
            <dst id="NYCMng">26882.1653333333</dst>
            <dst id="SNVAng">476.237333333333</dst>
            <dst id="STTLng">9850.28533333333</dst>
            <dst id="WASHng">11278.0133333333</dst>
        </src>
        <src id="KSCYng">
            <dst id="ATLA-M5">73.6106666666667</dst>
            <dst id="ATLAng">2053.27466666667</dst>
            <dst id="CHINng">19629.2746666667</dst>
            <dst id="DNVRng">18274.64</dst>
            <dst id="HSTNng">4001.98133333333</dst>
            <dst id="IPLSng">11512.5626666667</dst>
            <dst id="KSCYng">7581.15733333333</dst>
            <dst id="LOSAng">9145.78666666667</dst>
            <dst id="NYCMng">3606.48533333333</dst>
            <dst id="SNVAng">100.605333333333</dst>
            <dst id="STTLng">5880.97866666667</dst>
            <dst id="WASHng">7369.408</dst>
        </src>
        <src id="LOSAng">
            <dst id="ATLA-M5">37.264</dst>
            <dst id="ATLAng">29189.5653333333</dst>
            <dst id="CHINng">86247.72</dst>
            <dst id="DNVRng">9164.14133333333</dst>
            <dst id="HSTNng">9756.94133333333</dst>
            <dst id="IPLSng">53938.488</dst>
            <dst id="KSCYng">7436.848</dst>
            <dst id="LOSAng">23740.584</dst>
            <dst id="NYCMng">75468.7146666667</dst>
            <dst id="SNVAng">8919.424</dst>
            <dst id="STTLng">66119.0346666667</dst>
            <dst id="WASHng">94234.504</dst>
        </src>
        <src id="NYCMng">
            <dst id="ATLA-M5">1949.624</dst>
            <dst id="ATLAng">27313.384</dst>
            <dst id="CHINng">50748.152</dst>
            <dst id="DNVRng">117965.234666667</dst>
            <dst id="HSTNng">14887.6133333333</dst>
            <dst id="IPLSng">34176.5226666667</dst>
            <dst id="KSCYng">9154.192</dst>
            <dst id="LOSAng">100163.197333333</dst>
            <dst id="NYCMng">58646.088</dst>
            <dst id="SNVAng">1271.58933333333</dst>
            <dst id="STTLng">26493.384</dst>
            <dst id="WASHng">54181.3066666667</dst>
        </src>
        <src id="SNVAng">
            <dst id="ATLA-M5">0</dst>
            <dst id="ATLAng">75.2053333333333</dst>
            <dst id="CHINng">471.682666666667</dst>
            <dst id="DNVRng">6703.8</dst>
            <dst id="HSTNng">3356.74666666667</dst>
            <dst id="IPLSng">5369.89866666667</dst>
            <dst id="KSCYng">26.6666666666667</dst>
            <dst id="LOSAng">37425.0266666667</dst>
            <dst id="NYCMng">427.725333333333</dst>
            <dst id="SNVAng">11558.0906666667</dst>
            <dst id="STTLng">33230.9946666667</dst>
            <dst id="WASHng">84.0133333333333</dst>
        </src>
        <src id="STTLng">
            <dst id="ATLA-M5">91.44</dst>
            <dst id="ATLAng">8844.23733333333</dst>
            <dst id="CHINng">11309.1066666667</dst>
            <dst id="DNVRng">3181.21066666667</dst>
            <dst id="HSTNng">1430.92</dst>
            <dst id="IPLSng">9054</dst>
            <dst id="KSCYng">3366.98666666667</dst>
            <dst id="LOSAng">27029.304</dst>
            <dst id="NYCMng">8083.152</dst>
            <dst id="SNVAng">4849.64</dst>
            <dst id="STTLng">5192.37066666667</dst>
            <dst id="WASHng">5718.43466666667</dst>
        </src>
        <src id="WASHng">
            <dst id="ATLA-M5">257.357333333333</dst>
            <dst id="ATLAng">73696.6346666667</dst>
            <dst id="CHINng">83456.3333333333</dst>
            <dst id="DNVRng">51966.728</dst>
            <dst id="HSTNng">24158.8613333333</dst>
            <dst id="IPLSng">79639.7706666666</dst>
            <dst id="KSCYng">14675.4986666667</dst>
            <dst id="LOSAng">126976.92</dst>
            <dst id="NYCMng">150373.544</dst>
            <dst id="SNVAng">4360.216</dst>
            <dst id="STTLng">40476.6346666667</dst>
            <dst id="WASHng">199998.701333333</dst>
        </src>
    </IntraTM>
</TrafficMatrixFile>
