<?xml version="1.0" encoding="ISO-8859-1" standalone="yes"?>
<TrafficMatrixFile xsi:noNamespaceSchemaLocation="http://totem.run.montefiore.ulg.ac.be/Schema/TrafficMatrix-v1_2.xsd" xmlns:xsi="http://www.w3.org/2001/XMLSchema-instance">
    <IntraTM ASID="11537">
        <src id="ATLA-M5">
            <dst id="ATLA-M5">26.6666666666667</dst>
            <dst id="ATLAng">88.7866666666667</dst>
            <dst id="CHINng">85.168</dst>
            <dst id="DNVRng">0</dst>
            <dst id="HSTNng">1635.192</dst>
            <dst id="IPLSng">1280.03466666667</dst>
            <dst id="KSCYng">103.008</dst>
            <dst id="LOSAng">554.778666666667</dst>
            <dst id="NYCMng">0</dst>
            <dst id="SNVAng">0</dst>
            <dst id="STTLng">0</dst>
            <dst id="WASHng">56.992</dst>
        </src>
        <src id="ATLAng">
            <dst id="ATLA-M5">178.061333333333</dst>
            <dst id="ATLAng">57984.24</dst>
            <dst id="CHINng">6619.272</dst>
            <dst id="DNVRng">11296.8853333333</dst>
            <dst id="HSTNng">598.293333333333</dst>
            <dst id="IPLSng">11508.9653333333</dst>
            <dst id="KSCYng">2570.49866666667</dst>
            <dst id="LOSAng">18101.3306666667</dst>
            <dst id="NYCMng">4721.44</dst>
            <dst id="SNVAng">0</dst>
            <dst id="STTLng">10643.328</dst>
            <dst id="WASHng">21221.776</dst>
        </src>
        <src id="CHINng">
            <dst id="ATLA-M5">104.394666666667</dst>
            <dst id="ATLAng">39069.2506666667</dst>
            <dst id="CHINng">60459.192</dst>
            <dst id="DNVRng">16939.9706666667</dst>
            <dst id="HSTNng">9435.312</dst>
            <dst id="IPLSng">24260.576</dst>
            <dst id="KSCYng">7123.35466666667</dst>
            <dst id="LOSAng">51121.5306666667</dst>
            <dst id="NYCMng">2635.41333333333</dst>
            <dst id="SNVAng">242.072</dst>
            <dst id="STTLng">7143.75733333333</dst>
            <dst id="WASHng">21474.176</dst>
        </src>
        <src id="DNVRng">
            <dst id="ATLA-M5">70.6666666666667</dst>
            <dst id="ATLAng">3992.55466666667</dst>
            <dst id="CHINng">41073.3253333333</dst>
            <dst id="DNVRng">8063.13333333333</dst>
            <dst id="HSTNng">24256.776</dst>
            <dst id="IPLSng">21694.3466666667</dst>
            <dst id="KSCYng">20518.7493333333</dst>
            <dst id="LOSAng">53808.8453333333</dst>
            <dst id="NYCMng">15256.44</dst>
            <dst id="SNVAng">9756.768</dst>
            <dst id="STTLng">12038.216</dst>
            <dst id="WASHng">33910.0453333333</dst>
        </src>
        <src id="HSTNng">
            <dst id="ATLA-M5">273.376</dst>
            <dst id="ATLAng">9333.504</dst>
            <dst id="CHINng">5764.728</dst>
            <dst id="DNVRng">2513.62133333333</dst>
            <dst id="HSTNng">9421.45866666667</dst>
            <dst id="IPLSng">984.144</dst>
            <dst id="KSCYng">1374.89866666667</dst>
            <dst id="LOSAng">7241.54133333333</dst>
            <dst id="NYCMng">1447.30666666667</dst>
            <dst id="SNVAng">0</dst>
            <dst id="STTLng">3577.90133333333</dst>
            <dst id="WASHng">3804.83466666667</dst>
        </src>
        <src id="IPLSng">
            <dst id="ATLA-M5">70.5733333333333</dst>
            <dst id="ATLAng">19137.2133333333</dst>
            <dst id="CHINng">47046.3546666667</dst>
            <dst id="DNVRng">3809.73333333333</dst>
            <dst id="HSTNng">1756.37066666667</dst>
            <dst id="IPLSng">14662.3333333333</dst>
            <dst id="KSCYng">2845.528</dst>
            <dst id="LOSAng">62495.16</dst>
            <dst id="NYCMng">28877.496</dst>
            <dst id="SNVAng">475.554666666667</dst>
            <dst id="STTLng">12465.9493333333</dst>
            <dst id="WASHng">10134.9973333333</dst>
        </src>
        <src id="KSCYng">
            <dst id="ATLA-M5">0</dst>
            <dst id="ATLAng">1649.624</dst>
            <dst id="CHINng">15743.3733333333</dst>
            <dst id="DNVRng">6532.70666666667</dst>
            <dst id="HSTNng">3831.264</dst>
            <dst id="IPLSng">9516.79466666667</dst>
            <dst id="KSCYng">3717.128</dst>
            <dst id="LOSAng">9407.024</dst>
            <dst id="NYCMng">3366.02666666667</dst>
            <dst id="SNVAng">449.485333333333</dst>
            <dst id="STTLng">3919.92</dst>
            <dst id="WASHng">10463.9253333333</dst>
        </src>
        <src id="LOSAng">
            <dst id="ATLA-M5">106.666666666667</dst>
            <dst id="ATLAng">52008.3706666667</dst>
            <dst id="CHINng">70090.1253333333</dst>
            <dst id="DNVRng">8524.43733333333</dst>
            <dst id="HSTNng">9466.58933333333</dst>
            <dst id="IPLSng">41583.9306666667</dst>
            <dst id="KSCYng">2045.77866666667</dst>
            <dst id="LOSAng">17302.2533333333</dst>
            <dst id="NYCMng">68771.8</dst>
            <dst id="SNVAng">9443.60266666667</dst>
            <dst id="STTLng">52965.1066666667</dst>
            <dst id="WASHng">98025.104</dst>
        </src>
        <src id="NYCMng">
            <dst id="ATLA-M5">60.8213333333333</dst>
            <dst id="ATLAng">38648.5973333333</dst>
            <dst id="CHINng">42487.6506666667</dst>
            <dst id="DNVRng">33070.3413333334</dst>
            <dst id="HSTNng">5696.592</dst>
            <dst id="IPLSng">54106.616</dst>
            <dst id="KSCYng">8383.18933333333</dst>
            <dst id="LOSAng">82751.8986666667</dst>
            <dst id="NYCMng">72430.5893333333</dst>
            <dst id="SNVAng">1258.928</dst>
            <dst id="STTLng">31794.1813333333</dst>
            <dst id="WASHng">58422.4426666667</dst>
        </src>
        <src id="SNVAng">
            <dst id="ATLA-M5">0</dst>
            <dst id="ATLAng">107.056</dst>
            <dst id="CHINng">108.536</dst>
            <dst id="DNVRng">212.752</dst>
            <dst id="HSTNng">95.008</dst>
            <dst id="IPLSng">17831.92</dst>
            <dst id="KSCYng">90.1653333333333</dst>
            <dst id="LOSAng">40230.9973333333</dst>
            <dst id="NYCMng">385.016</dst>
            <dst id="SNVAng">10331.968</dst>
            <dst id="STTLng">29096.2186666667</dst>
            <dst id="WASHng">80</dst>
        </src>
        <src id="STTLng">
            <dst id="ATLA-M5">26.6666666666667</dst>
            <dst id="ATLAng">8595.66133333333</dst>
            <dst id="CHINng">17856.4453333333</dst>
            <dst id="DNVRng">3342.44533333333</dst>
            <dst id="HSTNng">1835.224</dst>
            <dst id="IPLSng">5658.39466666667</dst>
            <dst id="KSCYng">3378.43466666667</dst>
            <dst id="LOSAng">32928.8666666667</dst>
            <dst id="NYCMng">11359.0266666667</dst>
            <dst id="SNVAng">4009.448</dst>
            <dst id="STTLng">2971.168</dst>
            <dst id="WASHng">7863.32266666667</dst>
        </src>
        <src id="WASHng">
            <dst id="ATLA-M5">2316.88533333333</dst>
            <dst id="ATLAng">79791.808</dst>
            <dst id="CHINng">89023.2373333334</dst>
            <dst id="DNVRng">39925.8933333333</dst>
            <dst id="HSTNng">30720.2693333333</dst>
            <dst id="IPLSng">22998.6133333333</dst>
            <dst id="KSCYng">7621.73333333333</dst>
            <dst id="LOSAng">123399.450666667</dst>
            <dst id="NYCMng">167862.234666667</dst>
            <dst id="SNVAng">402.258666666667</dst>
            <dst id="STTLng">36332.8586666667</dst>
            <dst id="WASHng">138701.794666667</dst>
        </src>
    </IntraTM>
</TrafficMatrixFile>
