<?xml version="1.0" encoding="ISO-8859-1" standalone="yes"?>
<TrafficMatrixFile xsi:noNamespaceSchemaLocation="http://totem.run.montefiore.ulg.ac.be/Schema/TrafficMatrix-v1_2.xsd" xmlns:xsi="http://www.w3.org/2001/XMLSchema-instance">
    <IntraTM ASID="11537">
        <src id="ATLA-M5">
            <dst id="ATLA-M5">0</dst>
            <dst id="ATLAng">54.4853333333333</dst>
            <dst id="CHINng">733.544</dst>
            <dst id="DNVRng">0</dst>
            <dst id="HSTNng">26.6666666666667</dst>
            <dst id="IPLSng">0</dst>
            <dst id="KSCYng">0</dst>
            <dst id="LOSAng">167.872</dst>
            <dst id="NYCMng">86.8053333333333</dst>
            <dst id="SNVAng">0</dst>
            <dst id="STTLng">0</dst>
            <dst id="WASHng">1648.60533333333</dst>
        </src>
        <src id="ATLAng">
            <dst id="ATLA-M5">611.072</dst>
            <dst id="ATLAng">51360.0746666667</dst>
            <dst id="CHINng">6948.01066666667</dst>
            <dst id="DNVRng">5820.50666666667</dst>
            <dst id="HSTNng">1336.94933333333</dst>
            <dst id="IPLSng">7869.592</dst>
            <dst id="KSCYng">469.12</dst>
            <dst id="LOSAng">11966.6786666667</dst>
            <dst id="NYCMng">5871.44266666667</dst>
            <dst id="SNVAng">143.937333333333</dst>
            <dst id="STTLng">2787.06666666667</dst>
            <dst id="WASHng">45455.832</dst>
        </src>
        <src id="CHINng">
            <dst id="ATLA-M5">40.8133333333333</dst>
            <dst id="ATLAng">40338.392</dst>
            <dst id="CHINng">104836.770666667</dst>
            <dst id="DNVRng">10198.8586666667</dst>
            <dst id="HSTNng">2886.21066666667</dst>
            <dst id="IPLSng">17195.616</dst>
            <dst id="KSCYng">3189.43466666667</dst>
            <dst id="LOSAng">46887.4853333333</dst>
            <dst id="NYCMng">5936.57066666667</dst>
            <dst id="SNVAng">1570.25333333333</dst>
            <dst id="STTLng">16011.8506666667</dst>
            <dst id="WASHng">15690.2826666667</dst>
        </src>
        <src id="DNVRng">
            <dst id="ATLA-M5">124.96</dst>
            <dst id="ATLAng">5345.49333333333</dst>
            <dst id="CHINng">59758.5813333333</dst>
            <dst id="DNVRng">6584.17866666666</dst>
            <dst id="HSTNng">13633.5973333333</dst>
            <dst id="IPLSng">22215.7946666667</dst>
            <dst id="KSCYng">15268.0826666667</dst>
            <dst id="LOSAng">8042.39466666666</dst>
            <dst id="NYCMng">6694.46133333333</dst>
            <dst id="SNVAng">6088.86133333333</dst>
            <dst id="STTLng">6233.82666666667</dst>
            <dst id="WASHng">33902.048</dst>
        </src>
        <src id="HSTNng">
            <dst id="ATLA-M5">160.864</dst>
            <dst id="ATLAng">13747.672</dst>
            <dst id="CHINng">15993.6373333333</dst>
            <dst id="DNVRng">629.314666666667</dst>
            <dst id="HSTNng">1758.696</dst>
            <dst id="IPLSng">842.909333333333</dst>
            <dst id="KSCYng">1148.21866666667</dst>
            <dst id="LOSAng">6170.46933333333</dst>
            <dst id="NYCMng">3008.22933333333</dst>
            <dst id="SNVAng">0</dst>
            <dst id="STTLng">1760.53066666667</dst>
            <dst id="WASHng">4277.09066666667</dst>
        </src>
        <src id="IPLSng">
            <dst id="ATLA-M5">0</dst>
            <dst id="ATLAng">16295.0506666667</dst>
            <dst id="CHINng">69057.8666666667</dst>
            <dst id="DNVRng">2613.68</dst>
            <dst id="HSTNng">2497.05066666667</dst>
            <dst id="IPLSng">5232.36</dst>
            <dst id="KSCYng">1181.192</dst>
            <dst id="LOSAng">37811.7173333333</dst>
            <dst id="NYCMng">15278.1306666667</dst>
            <dst id="SNVAng">3940.12533333333</dst>
            <dst id="STTLng">12576.1413333333</dst>
            <dst id="WASHng">12374.3333333333</dst>
        </src>
        <src id="KSCYng">
            <dst id="ATLA-M5">0</dst>
            <dst id="ATLAng">2364.76266666667</dst>
            <dst id="CHINng">31305.024</dst>
            <dst id="DNVRng">8971.064</dst>
            <dst id="HSTNng">3769.504</dst>
            <dst id="IPLSng">7148.44533333333</dst>
            <dst id="KSCYng">5096.968</dst>
            <dst id="LOSAng">6216.36533333333</dst>
            <dst id="NYCMng">2549.776</dst>
            <dst id="SNVAng">1060.16</dst>
            <dst id="STTLng">2221.064</dst>
            <dst id="WASHng">3970.76533333333</dst>
        </src>
        <src id="LOSAng">
            <dst id="ATLA-M5">26.6666666666667</dst>
            <dst id="ATLAng">44301.2986666667</dst>
            <dst id="CHINng">126123.512</dst>
            <dst id="DNVRng">14656.5893333333</dst>
            <dst id="HSTNng">6750.768</dst>
            <dst id="IPLSng">17457.12</dst>
            <dst id="KSCYng">2252.48533333333</dst>
            <dst id="LOSAng">18415.2053333333</dst>
            <dst id="NYCMng">58134.8506666667</dst>
            <dst id="SNVAng">3113.77066666667</dst>
            <dst id="STTLng">34610.488</dst>
            <dst id="WASHng">96552.9706666667</dst>
        </src>
        <src id="NYCMng">
            <dst id="ATLA-M5">53.3333333333333</dst>
            <dst id="ATLAng">40110.152</dst>
            <dst id="CHINng">36427.2106666667</dst>
            <dst id="DNVRng">25166.4</dst>
            <dst id="HSTNng">4465.02666666667</dst>
            <dst id="IPLSng">24793.4933333333</dst>
            <dst id="KSCYng">5790.824</dst>
            <dst id="LOSAng">67697.5333333333</dst>
            <dst id="NYCMng">119858.570666667</dst>
            <dst id="SNVAng">1701.608</dst>
            <dst id="STTLng">22690.2986666667</dst>
            <dst id="WASHng">44635.336</dst>
        </src>
        <src id="SNVAng">
            <dst id="ATLA-M5">26.6666666666667</dst>
            <dst id="ATLAng">26.6666666666667</dst>
            <dst id="CHINng">419.717333333333</dst>
            <dst id="DNVRng">954.874666666666</dst>
            <dst id="HSTNng">92.3733333333333</dst>
            <dst id="IPLSng">894.485333333334</dst>
            <dst id="KSCYng">117.554666666667</dst>
            <dst id="LOSAng">26026.6</dst>
            <dst id="NYCMng">196.202666666667</dst>
            <dst id="SNVAng">8510.67466666667</dst>
            <dst id="STTLng">20495.8426666667</dst>
            <dst id="WASHng">26.6666666666667</dst>
        </src>
        <src id="STTLng">
            <dst id="ATLA-M5">224.328</dst>
            <dst id="ATLAng">9004.78933333334</dst>
            <dst id="CHINng">32848.104</dst>
            <dst id="DNVRng">683.021333333333</dst>
            <dst id="HSTNng">1023.48533333333</dst>
            <dst id="IPLSng">4013.76533333333</dst>
            <dst id="KSCYng">1507.68266666667</dst>
            <dst id="LOSAng">30447.5333333333</dst>
            <dst id="NYCMng">7137.38666666667</dst>
            <dst id="SNVAng">2250.26933333333</dst>
            <dst id="STTLng">1139.63733333333</dst>
            <dst id="WASHng">5674.87733333333</dst>
        </src>
        <src id="WASHng">
            <dst id="ATLA-M5">26.6666666666667</dst>
            <dst id="ATLAng">94514.3146666667</dst>
            <dst id="CHINng">68317.4826666667</dst>
            <dst id="DNVRng">66116.5893333333</dst>
            <dst id="HSTNng">10502.04</dst>
            <dst id="IPLSng">45863</dst>
            <dst id="KSCYng">10353.768</dst>
            <dst id="LOSAng">114812.746666667</dst>
            <dst id="NYCMng">125584.445333333</dst>
            <dst id="SNVAng">562.514666666667</dst>
            <dst id="STTLng">31045.5146666667</dst>
            <dst id="WASHng">289924.453333333</dst>
        </src>
    </IntraTM>
</TrafficMatrixFile>
