<?xml version="1.0" encoding="ISO-8859-1" standalone="yes"?>
<TrafficMatrixFile xsi:noNamespaceSchemaLocation="http://totem.run.montefiore.ulg.ac.be/Schema/TrafficMatrix-v1_2.xsd" xmlns:xsi="http://www.w3.org/2001/XMLSchema-instance">
    <IntraTM ASID="11537">
        <src id="ATLA-M5">
            <dst id="ATLA-M5">0</dst>
            <dst id="ATLAng">45.9733333333333</dst>
            <dst id="CHINng">85.7386666666667</dst>
            <dst id="DNVRng">0</dst>
            <dst id="HSTNng">90.5066666666667</dst>
            <dst id="IPLSng">26.6666666666667</dst>
            <dst id="KSCYng">0</dst>
            <dst id="LOSAng">182.826666666667</dst>
            <dst id="NYCMng">26.6666666666667</dst>
            <dst id="SNVAng">0</dst>
            <dst id="STTLng">98.744</dst>
            <dst id="WASHng">2070.696</dst>
        </src>
        <src id="ATLAng">
            <dst id="ATLA-M5">1586.81866666667</dst>
            <dst id="ATLAng">30402.9333333333</dst>
            <dst id="CHINng">5588.20533333334</dst>
            <dst id="DNVRng">6752.56266666667</dst>
            <dst id="HSTNng">632.189333333333</dst>
            <dst id="IPLSng">7489.68</dst>
            <dst id="KSCYng">765.586666666667</dst>
            <dst id="LOSAng">10998.392</dst>
            <dst id="NYCMng">5187.88</dst>
            <dst id="SNVAng">82.128</dst>
            <dst id="STTLng">2764.09066666667</dst>
            <dst id="WASHng">51065.736</dst>
        </src>
        <src id="CHINng">
            <dst id="ATLA-M5">80.96</dst>
            <dst id="ATLAng">34867.7573333333</dst>
            <dst id="CHINng">101353.736</dst>
            <dst id="DNVRng">13500.5946666667</dst>
            <dst id="HSTNng">3358.61866666667</dst>
            <dst id="IPLSng">16283.7626666667</dst>
            <dst id="KSCYng">12568.408</dst>
            <dst id="LOSAng">48656.9893333333</dst>
            <dst id="NYCMng">5727.15466666667</dst>
            <dst id="SNVAng">423.84</dst>
            <dst id="STTLng">11353.464</dst>
            <dst id="WASHng">8394.496</dst>
        </src>
        <src id="DNVRng">
            <dst id="ATLA-M5">0</dst>
            <dst id="ATLAng">4093.92533333333</dst>
            <dst id="CHINng">44053.8533333333</dst>
            <dst id="DNVRng">3309.48266666667</dst>
            <dst id="HSTNng">11069.04</dst>
            <dst id="IPLSng">19317.8213333333</dst>
            <dst id="KSCYng">7900.376</dst>
            <dst id="LOSAng">4755.016</dst>
            <dst id="NYCMng">6811.6</dst>
            <dst id="SNVAng">4551.05066666667</dst>
            <dst id="STTLng">4640.832</dst>
            <dst id="WASHng">29298.304</dst>
        </src>
        <src id="HSTNng">
            <dst id="ATLA-M5">3891.01333333333</dst>
            <dst id="ATLAng">18353.2373333333</dst>
            <dst id="CHINng">12465.1626666667</dst>
            <dst id="DNVRng">668.101333333333</dst>
            <dst id="HSTNng">5671.37333333333</dst>
            <dst id="IPLSng">1626.02933333333</dst>
            <dst id="KSCYng">1258.84533333333</dst>
            <dst id="LOSAng">3907.91733333333</dst>
            <dst id="NYCMng">1989.30133333333</dst>
            <dst id="SNVAng">0</dst>
            <dst id="STTLng">1091.128</dst>
            <dst id="WASHng">3494.688</dst>
        </src>
        <src id="IPLSng">
            <dst id="ATLA-M5">26.6666666666667</dst>
            <dst id="ATLAng">12508.0506666667</dst>
            <dst id="CHINng">81059.3653333333</dst>
            <dst id="DNVRng">2970.93066666667</dst>
            <dst id="HSTNng">3032.56266666667</dst>
            <dst id="IPLSng">9626.02666666667</dst>
            <dst id="KSCYng">1079.552</dst>
            <dst id="LOSAng">43023.8533333333</dst>
            <dst id="NYCMng">21220.9333333333</dst>
            <dst id="SNVAng">3621.18666666667</dst>
            <dst id="STTLng">13274.7253333333</dst>
            <dst id="WASHng">9442.6</dst>
        </src>
        <src id="KSCYng">
            <dst id="ATLA-M5">0</dst>
            <dst id="ATLAng">1220.368</dst>
            <dst id="CHINng">20845.976</dst>
            <dst id="DNVRng">14099.8453333333</dst>
            <dst id="HSTNng">2805.77866666667</dst>
            <dst id="IPLSng">6754.616</dst>
            <dst id="KSCYng">3744.81866666667</dst>
            <dst id="LOSAng">5237.49866666667</dst>
            <dst id="NYCMng">3035.576</dst>
            <dst id="SNVAng">552.872</dst>
            <dst id="STTLng">2474.37333333333</dst>
            <dst id="WASHng">3759.248</dst>
        </src>
        <src id="LOSAng">
            <dst id="ATLA-M5">42.6533333333333</dst>
            <dst id="ATLAng">41264.4426666667</dst>
            <dst id="CHINng">106821.525333333</dst>
            <dst id="DNVRng">7893.064</dst>
            <dst id="HSTNng">4088.472</dst>
            <dst id="IPLSng">19776.2933333333</dst>
            <dst id="KSCYng">1600.184</dst>
            <dst id="LOSAng">19982.0613333333</dst>
            <dst id="NYCMng">55483.5626666667</dst>
            <dst id="SNVAng">3482.016</dst>
            <dst id="STTLng">42749.152</dst>
            <dst id="WASHng">88595.9973333333</dst>
        </src>
        <src id="NYCMng">
            <dst id="ATLA-M5">454.706666666667</dst>
            <dst id="ATLAng">32098.216</dst>
            <dst id="CHINng">41348.6906666667</dst>
            <dst id="DNVRng">89065.6373333333</dst>
            <dst id="HSTNng">6464.45866666667</dst>
            <dst id="IPLSng">30118.296</dst>
            <dst id="KSCYng">4793.304</dst>
            <dst id="LOSAng">74164.3386666667</dst>
            <dst id="NYCMng">99163.6133333333</dst>
            <dst id="SNVAng">1561.376</dst>
            <dst id="STTLng">23355.312</dst>
            <dst id="WASHng">82035.3146666667</dst>
        </src>
        <src id="SNVAng">
            <dst id="ATLA-M5">0</dst>
            <dst id="ATLAng">0</dst>
            <dst id="CHINng">236.552</dst>
            <dst id="DNVRng">1065.888</dst>
            <dst id="HSTNng">128.650666666667</dst>
            <dst id="IPLSng">1003.304</dst>
            <dst id="KSCYng">123.293333333333</dst>
            <dst id="LOSAng">26822.7226666667</dst>
            <dst id="NYCMng">180.128</dst>
            <dst id="SNVAng">6847.77866666667</dst>
            <dst id="STTLng">16970.024</dst>
            <dst id="WASHng">26.6666666666667</dst>
        </src>
        <src id="STTLng">
            <dst id="ATLA-M5">53.3333333333333</dst>
            <dst id="ATLAng">8306.104</dst>
            <dst id="CHINng">31169.9546666667</dst>
            <dst id="DNVRng">557.325333333334</dst>
            <dst id="HSTNng">465.141333333333</dst>
            <dst id="IPLSng">3067.296</dst>
            <dst id="KSCYng">2336.768</dst>
            <dst id="LOSAng">24254.0693333333</dst>
            <dst id="NYCMng">5160.08</dst>
            <dst id="SNVAng">2105.18133333333</dst>
            <dst id="STTLng">1948.43466666667</dst>
            <dst id="WASHng">5805.33866666667</dst>
        </src>
        <src id="WASHng">
            <dst id="ATLA-M5">92.896</dst>
            <dst id="ATLAng">64259.6266666667</dst>
            <dst id="CHINng">64634.944</dst>
            <dst id="DNVRng">50261.1626666667</dst>
            <dst id="HSTNng">10078.6266666667</dst>
            <dst id="IPLSng">18325.2533333333</dst>
            <dst id="KSCYng">5608.74666666667</dst>
            <dst id="LOSAng">118145.586666667</dst>
            <dst id="NYCMng">122077.424</dst>
            <dst id="SNVAng">431.392</dst>
            <dst id="STTLng">32864.7573333333</dst>
            <dst id="WASHng">307481.093333333</dst>
        </src>
    </IntraTM>
</TrafficMatrixFile>
