<?xml version="1.0" encoding="ISO-8859-1" standalone="yes"?>
<TrafficMatrixFile xsi:noNamespaceSchemaLocation="http://totem.run.montefiore.ulg.ac.be/Schema/TrafficMatrix-v1_2.xsd" xmlns:xsi="http://www.w3.org/2001/XMLSchema-instance">
    <IntraTM ASID="11537">
        <src id="ATLA-M5">
            <dst id="ATLA-M5">28.256</dst>
            <dst id="ATLAng">55.7173333333333</dst>
            <dst id="CHINng">88.256</dst>
            <dst id="DNVRng">0</dst>
            <dst id="HSTNng">0</dst>
            <dst id="IPLSng">141.261333333333</dst>
            <dst id="KSCYng">420.384</dst>
            <dst id="LOSAng">206.050666666667</dst>
            <dst id="NYCMng">53.3333333333333</dst>
            <dst id="SNVAng">0</dst>
            <dst id="STTLng">0</dst>
            <dst id="WASHng">1973.18933333333</dst>
        </src>
        <src id="ATLAng">
            <dst id="ATLA-M5">120.128</dst>
            <dst id="ATLAng">24656.776</dst>
            <dst id="CHINng">8851.30933333333</dst>
            <dst id="DNVRng">5463.38666666667</dst>
            <dst id="HSTNng">1551.81333333333</dst>
            <dst id="IPLSng">9802.13333333333</dst>
            <dst id="KSCYng">2583.87733333333</dst>
            <dst id="LOSAng">10378.7813333333</dst>
            <dst id="NYCMng">4803.992</dst>
            <dst id="SNVAng">416.194666666667</dst>
            <dst id="STTLng">4646.97333333333</dst>
            <dst id="WASHng">53701.8293333333</dst>
        </src>
        <src id="CHINng">
            <dst id="ATLA-M5">222.002666666667</dst>
            <dst id="ATLAng">29949.04</dst>
            <dst id="CHINng">116070.269333333</dst>
            <dst id="DNVRng">8572.72533333333</dst>
            <dst id="HSTNng">5953.91733333333</dst>
            <dst id="IPLSng">56949.024</dst>
            <dst id="KSCYng">4019.544</dst>
            <dst id="LOSAng">40239.1706666667</dst>
            <dst id="NYCMng">7270.77866666667</dst>
            <dst id="SNVAng">293.821333333333</dst>
            <dst id="STTLng">7522.53866666667</dst>
            <dst id="WASHng">54627.808</dst>
        </src>
        <src id="DNVRng">
            <dst id="ATLA-M5">211.882666666667</dst>
            <dst id="ATLAng">10922.2453333333</dst>
            <dst id="CHINng">63323.6</dst>
            <dst id="DNVRng">24927.752</dst>
            <dst id="HSTNng">16246.5973333333</dst>
            <dst id="IPLSng">26846.4613333333</dst>
            <dst id="KSCYng">17802.7946666667</dst>
            <dst id="LOSAng">4067.54666666667</dst>
            <dst id="NYCMng">11875.8826666667</dst>
            <dst id="SNVAng">9628.624</dst>
            <dst id="STTLng">10122.0853333333</dst>
            <dst id="WASHng">35442.2746666667</dst>
        </src>
        <src id="HSTNng">
            <dst id="ATLA-M5">220.757333333333</dst>
            <dst id="ATLAng">4014.00266666667</dst>
            <dst id="CHINng">17464.472</dst>
            <dst id="DNVRng">784.621333333333</dst>
            <dst id="HSTNng">4154.46133333333</dst>
            <dst id="IPLSng">1488.84266666667</dst>
            <dst id="KSCYng">4458.63466666667</dst>
            <dst id="LOSAng">9390.08266666667</dst>
            <dst id="NYCMng">2957.12266666667</dst>
            <dst id="SNVAng">254.501333333333</dst>
            <dst id="STTLng">621.616</dst>
            <dst id="WASHng">2521.71466666667</dst>
        </src>
        <src id="IPLSng">
            <dst id="ATLA-M5">98.5786666666666</dst>
            <dst id="ATLAng">21245.6773333333</dst>
            <dst id="CHINng">108104.704</dst>
            <dst id="DNVRng">3534.584</dst>
            <dst id="HSTNng">2472.77333333333</dst>
            <dst id="IPLSng">12325.1733333333</dst>
            <dst id="KSCYng">5274.69333333333</dst>
            <dst id="LOSAng">27441.0213333333</dst>
            <dst id="NYCMng">14984.4533333333</dst>
            <dst id="SNVAng">699.234666666667</dst>
            <dst id="STTLng">15140.2586666667</dst>
            <dst id="WASHng">13819.624</dst>
        </src>
        <src id="KSCYng">
            <dst id="ATLA-M5">280.285333333333</dst>
            <dst id="ATLAng">3216.68266666667</dst>
            <dst id="CHINng">59244.2906666667</dst>
            <dst id="DNVRng">4825.02666666667</dst>
            <dst id="HSTNng">2667.80266666667</dst>
            <dst id="IPLSng">8300.28266666667</dst>
            <dst id="KSCYng">8871.32</dst>
            <dst id="LOSAng">6728.59466666667</dst>
            <dst id="NYCMng">6339.76266666667</dst>
            <dst id="SNVAng">63.608</dst>
            <dst id="STTLng">861.202666666667</dst>
            <dst id="WASHng">6084.88</dst>
        </src>
        <src id="LOSAng">
            <dst id="ATLA-M5">323.405333333333</dst>
            <dst id="ATLAng">16430.4746666667</dst>
            <dst id="CHINng">135838.325333333</dst>
            <dst id="DNVRng">6689.55466666667</dst>
            <dst id="HSTNng">6913.53066666667</dst>
            <dst id="IPLSng">32682.8453333333</dst>
            <dst id="KSCYng">4406.86933333333</dst>
            <dst id="LOSAng">16867.6346666667</dst>
            <dst id="NYCMng">51666.8613333333</dst>
            <dst id="SNVAng">7966.40533333333</dst>
            <dst id="STTLng">31749.944</dst>
            <dst id="WASHng">103245.592</dst>
        </src>
        <src id="NYCMng">
            <dst id="ATLA-M5">265.928</dst>
            <dst id="ATLAng">42513.1733333333</dst>
            <dst id="CHINng">96079.032</dst>
            <dst id="DNVRng">20179.6346666667</dst>
            <dst id="HSTNng">6931.48</dst>
            <dst id="IPLSng">39143.9493333333</dst>
            <dst id="KSCYng">10220.6506666667</dst>
            <dst id="LOSAng">62438.496</dst>
            <dst id="NYCMng">99266.016</dst>
            <dst id="SNVAng">2986.92</dst>
            <dst id="STTLng">18507.4533333333</dst>
            <dst id="WASHng">95323.8586666666</dst>
        </src>
        <src id="SNVAng">
            <dst id="ATLA-M5">0</dst>
            <dst id="ATLAng">144.384</dst>
            <dst id="CHINng">334.850666666667</dst>
            <dst id="DNVRng">2163.03466666667</dst>
            <dst id="HSTNng">66.0906666666667</dst>
            <dst id="IPLSng">6197.21066666667</dst>
            <dst id="KSCYng">176.792</dst>
            <dst id="LOSAng">17122.2773333333</dst>
            <dst id="NYCMng">385.184</dst>
            <dst id="SNVAng">9355.63733333333</dst>
            <dst id="STTLng">13203.6693333333</dst>
            <dst id="WASHng">162.277333333333</dst>
        </src>
        <src id="STTLng">
            <dst id="ATLA-M5">26.6666666666667</dst>
            <dst id="ATLAng">13403.0693333333</dst>
            <dst id="CHINng">38776.4346666667</dst>
            <dst id="DNVRng">2664.576</dst>
            <dst id="HSTNng">1046.58666666667</dst>
            <dst id="IPLSng">8475.728</dst>
            <dst id="KSCYng">1077.712</dst>
            <dst id="LOSAng">16169.2053333333</dst>
            <dst id="NYCMng">13235.6826666667</dst>
            <dst id="SNVAng">4891.41866666667</dst>
            <dst id="STTLng">3831.344</dst>
            <dst id="WASHng">9523.81066666667</dst>
        </src>
        <src id="WASHng">
            <dst id="ATLA-M5">300.125333333333</dst>
            <dst id="ATLAng">94621.7333333333</dst>
            <dst id="CHINng">94410.256</dst>
            <dst id="DNVRng">39410.528</dst>
            <dst id="HSTNng">14457.568</dst>
            <dst id="IPLSng">42023.9306666667</dst>
            <dst id="KSCYng">6501.74666666667</dst>
            <dst id="LOSAng">107169.554666667</dst>
            <dst id="NYCMng">142659.381333333</dst>
            <dst id="SNVAng">4673.57866666667</dst>
            <dst id="STTLng">26881.0426666667</dst>
            <dst id="WASHng">287457.013333333</dst>
        </src>
    </IntraTM>
</TrafficMatrixFile>
