<?xml version="1.0" encoding="ISO-8859-1" standalone="yes"?>
<TrafficMatrixFile xsi:noNamespaceSchemaLocation="http://totem.run.montefiore.ulg.ac.be/Schema/TrafficMatrix-v1_2.xsd" xmlns:xsi="http://www.w3.org/2001/XMLSchema-instance">
    <IntraTM ASID="11537">
        <src id="ATLA-M5">
            <dst id="ATLA-M5">0</dst>
            <dst id="ATLAng">26.6666666666667</dst>
            <dst id="CHINng">26.6666666666667</dst>
            <dst id="DNVRng">0</dst>
            <dst id="HSTNng">80</dst>
            <dst id="IPLSng">26.6666666666667</dst>
            <dst id="KSCYng">27.2026666666667</dst>
            <dst id="LOSAng">115.442666666667</dst>
            <dst id="NYCMng">106.666666666667</dst>
            <dst id="SNVAng">0</dst>
            <dst id="STTLng">0</dst>
            <dst id="WASHng">505.293333333333</dst>
        </src>
        <src id="ATLAng">
            <dst id="ATLA-M5">234.357333333333</dst>
            <dst id="ATLAng">40959.0533333333</dst>
            <dst id="CHINng">8266.104</dst>
            <dst id="DNVRng">12936.0693333333</dst>
            <dst id="HSTNng">404.909333333333</dst>
            <dst id="IPLSng">16708.7493333333</dst>
            <dst id="KSCYng">600.797333333333</dst>
            <dst id="LOSAng">16454.288</dst>
            <dst id="NYCMng">7488.88266666666</dst>
            <dst id="SNVAng">36.8186666666667</dst>
            <dst id="STTLng">6746.06666666667</dst>
            <dst id="WASHng">40454.976</dst>
        </src>
        <src id="CHINng">
            <dst id="ATLA-M5">53.3333333333333</dst>
            <dst id="ATLAng">5763.91733333333</dst>
            <dst id="CHINng">140689.853333333</dst>
            <dst id="DNVRng">16801.1573333333</dst>
            <dst id="HSTNng">3886.936</dst>
            <dst id="IPLSng">25028.968</dst>
            <dst id="KSCYng">15743.6213333333</dst>
            <dst id="LOSAng">60391.0133333333</dst>
            <dst id="NYCMng">13515.0613333333</dst>
            <dst id="SNVAng">283.192</dst>
            <dst id="STTLng">6660.80266666667</dst>
            <dst id="WASHng">12473.0186666667</dst>
        </src>
        <src id="DNVRng">
            <dst id="ATLA-M5">83.4773333333333</dst>
            <dst id="ATLAng">6516.01333333334</dst>
            <dst id="CHINng">63259.5306666667</dst>
            <dst id="DNVRng">28258.6106666667</dst>
            <dst id="HSTNng">23294.7466666667</dst>
            <dst id="IPLSng">20984.1546666667</dst>
            <dst id="KSCYng">21959.1386666667</dst>
            <dst id="LOSAng">18454.5733333333</dst>
            <dst id="NYCMng">14410.3546666667</dst>
            <dst id="SNVAng">13327.816</dst>
            <dst id="STTLng">18853.1333333333</dst>
            <dst id="WASHng">31952.92</dst>
        </src>
        <src id="HSTNng">
            <dst id="ATLA-M5">1249.65066666667</dst>
            <dst id="ATLAng">1777.68533333333</dst>
            <dst id="CHINng">17995.8213333333</dst>
            <dst id="DNVRng">7689.54933333333</dst>
            <dst id="HSTNng">3183.536</dst>
            <dst id="IPLSng">3369.6</dst>
            <dst id="KSCYng">906.013333333333</dst>
            <dst id="LOSAng">9327.53066666667</dst>
            <dst id="NYCMng">2686.384</dst>
            <dst id="SNVAng">26.6666666666667</dst>
            <dst id="STTLng">4289.072</dst>
            <dst id="WASHng">1264.86933333333</dst>
        </src>
        <src id="IPLSng">
            <dst id="ATLA-M5">214.157333333333</dst>
            <dst id="ATLAng">11013.2026666667</dst>
            <dst id="CHINng">73366.232</dst>
            <dst id="DNVRng">2714.73866666667</dst>
            <dst id="HSTNng">706.970666666667</dst>
            <dst id="IPLSng">35403.8746666667</dst>
            <dst id="KSCYng">2258.792</dst>
            <dst id="LOSAng">39940.4826666667</dst>
            <dst id="NYCMng">12256.1706666667</dst>
            <dst id="SNVAng">602.032</dst>
            <dst id="STTLng">11415.5066666667</dst>
            <dst id="WASHng">15631.8053333333</dst>
        </src>
        <src id="KSCYng">
            <dst id="ATLA-M5">0</dst>
            <dst id="ATLAng">1678.35733333333</dst>
            <dst id="CHINng">21122.304</dst>
            <dst id="DNVRng">11936.472</dst>
            <dst id="HSTNng">3077.99733333333</dst>
            <dst id="IPLSng">11100.032</dst>
            <dst id="KSCYng">7600.62666666667</dst>
            <dst id="LOSAng">8132.816</dst>
            <dst id="NYCMng">7724.90133333333</dst>
            <dst id="SNVAng">6768.48533333333</dst>
            <dst id="STTLng">3715.61333333333</dst>
            <dst id="WASHng">6301.128</dst>
        </src>
        <src id="LOSAng">
            <dst id="ATLA-M5">53.3333333333333</dst>
            <dst id="ATLAng">16511.0186666667</dst>
            <dst id="CHINng">131789.618666667</dst>
            <dst id="DNVRng">12931.8426666667</dst>
            <dst id="HSTNng">4685.76533333333</dst>
            <dst id="IPLSng">31270.6</dst>
            <dst id="KSCYng">4783.02933333333</dst>
            <dst id="LOSAng">18145.7626666667</dst>
            <dst id="NYCMng">55038.8453333333</dst>
            <dst id="SNVAng">8315.35733333334</dst>
            <dst id="STTLng">43235.4053333333</dst>
            <dst id="WASHng">88014.7146666667</dst>
        </src>
        <src id="NYCMng">
            <dst id="ATLA-M5">543.056</dst>
            <dst id="ATLAng">25283.4826666667</dst>
            <dst id="CHINng">59412.4853333333</dst>
            <dst id="DNVRng">119441.36</dst>
            <dst id="HSTNng">4012.69066666667</dst>
            <dst id="IPLSng">23262.392</dst>
            <dst id="KSCYng">11301.856</dst>
            <dst id="LOSAng">91106.7813333333</dst>
            <dst id="NYCMng">80566.6986666666</dst>
            <dst id="SNVAng">1844.128</dst>
            <dst id="STTLng">27526.248</dst>
            <dst id="WASHng">54180.2</dst>
        </src>
        <src id="SNVAng">
            <dst id="ATLA-M5">0</dst>
            <dst id="ATLAng">26.6666666666667</dst>
            <dst id="CHINng">401</dst>
            <dst id="DNVRng">222.848</dst>
            <dst id="HSTNng">35.1146666666667</dst>
            <dst id="IPLSng">9488.93333333333</dst>
            <dst id="KSCYng">53.3333333333333</dst>
            <dst id="LOSAng">30343.6586666667</dst>
            <dst id="NYCMng">183.488</dst>
            <dst id="SNVAng">10419.488</dst>
            <dst id="STTLng">29815.968</dst>
            <dst id="WASHng">138.224</dst>
        </src>
        <src id="STTLng">
            <dst id="ATLA-M5">26.6666666666667</dst>
            <dst id="ATLAng">7437.176</dst>
            <dst id="CHINng">36626.024</dst>
            <dst id="DNVRng">2673.46133333333</dst>
            <dst id="HSTNng">1414.90666666667</dst>
            <dst id="IPLSng">8258.28533333333</dst>
            <dst id="KSCYng">6836.888</dst>
            <dst id="LOSAng">23314.968</dst>
            <dst id="NYCMng">10305.608</dst>
            <dst id="SNVAng">10779.744</dst>
            <dst id="STTLng">6306.72533333333</dst>
            <dst id="WASHng">4172.65066666667</dst>
        </src>
        <src id="WASHng">
            <dst id="ATLA-M5">114.621333333333</dst>
            <dst id="ATLAng">129596.154666667</dst>
            <dst id="CHINng">80579.832</dst>
            <dst id="DNVRng">53352.4773333333</dst>
            <dst id="HSTNng">24628.7733333333</dst>
            <dst id="IPLSng">49711.7866666667</dst>
            <dst id="KSCYng">19452.624</dst>
            <dst id="LOSAng">113051.781333333</dst>
            <dst id="NYCMng">106485.752</dst>
            <dst id="SNVAng">4892.208</dst>
            <dst id="STTLng">19927.656</dst>
            <dst id="WASHng">231094.138666667</dst>
        </src>
    </IntraTM>
</TrafficMatrixFile>
