<?xml version="1.0" encoding="ISO-8859-1" standalone="yes"?>
<TrafficMatrixFile xsi:noNamespaceSchemaLocation="http://totem.run.montefiore.ulg.ac.be/Schema/TrafficMatrix-v1_2.xsd" xmlns:xsi="http://www.w3.org/2001/XMLSchema-instance">
    <IntraTM ASID="11537">
        <src id="ATLA-M5">
            <dst id="ATLA-M5">0</dst>
            <dst id="ATLAng">533.762666666667</dst>
            <dst id="CHINng">245.810666666667</dst>
            <dst id="DNVRng">0</dst>
            <dst id="HSTNng">108.285333333333</dst>
            <dst id="IPLSng">26.6666666666667</dst>
            <dst id="KSCYng">1464.25333333333</dst>
            <dst id="LOSAng">949.146666666666</dst>
            <dst id="NYCMng">26.6666666666667</dst>
            <dst id="SNVAng">0</dst>
            <dst id="STTLng">999.658666666667</dst>
            <dst id="WASHng">687.346666666667</dst>
        </src>
        <src id="ATLAng">
            <dst id="ATLA-M5">2939.41333333333</dst>
            <dst id="ATLAng">41510.8533333333</dst>
            <dst id="CHINng">7259.104</dst>
            <dst id="DNVRng">4803.35733333333</dst>
            <dst id="HSTNng">5355.73333333333</dst>
            <dst id="IPLSng">10075.7733333333</dst>
            <dst id="KSCYng">9455.72</dst>
            <dst id="LOSAng">22073.4053333333</dst>
            <dst id="NYCMng">6147.02933333333</dst>
            <dst id="SNVAng">633.064</dst>
            <dst id="STTLng">5950.208</dst>
            <dst id="WASHng">24372.9733333333</dst>
        </src>
        <src id="CHINng">
            <dst id="ATLA-M5">80</dst>
            <dst id="ATLAng">15975.8613333333</dst>
            <dst id="CHINng">92508.5866666667</dst>
            <dst id="DNVRng">12906.6666666667</dst>
            <dst id="HSTNng">6085.34933333333</dst>
            <dst id="IPLSng">52112.368</dst>
            <dst id="KSCYng">21435.8853333333</dst>
            <dst id="LOSAng">69394.936</dst>
            <dst id="NYCMng">6157.28266666667</dst>
            <dst id="SNVAng">341.714666666667</dst>
            <dst id="STTLng">20414.3706666667</dst>
            <dst id="WASHng">24110.6826666667</dst>
        </src>
        <src id="DNVRng">
            <dst id="ATLA-M5">267.84</dst>
            <dst id="ATLAng">8374.344</dst>
            <dst id="CHINng">49058.6693333333</dst>
            <dst id="DNVRng">8033.72533333333</dst>
            <dst id="HSTNng">24273.6293333333</dst>
            <dst id="IPLSng">24025.04</dst>
            <dst id="KSCYng">21490.5866666667</dst>
            <dst id="LOSAng">14738.3466666667</dst>
            <dst id="NYCMng">12955.1786666667</dst>
            <dst id="SNVAng">9554.47733333333</dst>
            <dst id="STTLng">14417.52</dst>
            <dst id="WASHng">30401.8693333333</dst>
        </src>
        <src id="HSTNng">
            <dst id="ATLA-M5">3860.632</dst>
            <dst id="ATLAng">1538.57866666667</dst>
            <dst id="CHINng">12687.1306666667</dst>
            <dst id="DNVRng">9957.71733333333</dst>
            <dst id="HSTNng">8969.53066666667</dst>
            <dst id="IPLSng">8398.17333333333</dst>
            <dst id="KSCYng">2822.23466666667</dst>
            <dst id="LOSAng">21584.264</dst>
            <dst id="NYCMng">662.728</dst>
            <dst id="SNVAng">26.6666666666667</dst>
            <dst id="STTLng">4013.24533333333</dst>
            <dst id="WASHng">4573.70133333333</dst>
        </src>
        <src id="IPLSng">
            <dst id="ATLA-M5">50.288</dst>
            <dst id="ATLAng">11044.4506666667</dst>
            <dst id="CHINng">78889.2853333333</dst>
            <dst id="DNVRng">6950.608</dst>
            <dst id="HSTNng">3574.18133333333</dst>
            <dst id="IPLSng">67515.1173333333</dst>
            <dst id="KSCYng">5987.80533333333</dst>
            <dst id="LOSAng">65061.1733333333</dst>
            <dst id="NYCMng">19634.1813333333</dst>
            <dst id="SNVAng">1010.59466666667</dst>
            <dst id="STTLng">12152.0986666667</dst>
            <dst id="WASHng">26593.7493333333</dst>
        </src>
        <src id="KSCYng">
            <dst id="ATLA-M5">29.3786666666667</dst>
            <dst id="ATLAng">2300.10666666667</dst>
            <dst id="CHINng">25826.7706666667</dst>
            <dst id="DNVRng">9009.93866666667</dst>
            <dst id="HSTNng">5546.888</dst>
            <dst id="IPLSng">14456.2106666667</dst>
            <dst id="KSCYng">4865.17866666666</dst>
            <dst id="LOSAng">8205.73066666667</dst>
            <dst id="NYCMng">3088.81866666667</dst>
            <dst id="SNVAng">166.642666666667</dst>
            <dst id="STTLng">2884.77866666667</dst>
            <dst id="WASHng">7360.40533333333</dst>
        </src>
        <src id="LOSAng">
            <dst id="ATLA-M5">238.093333333333</dst>
            <dst id="ATLAng">36247.8186666667</dst>
            <dst id="CHINng">86162.7066666667</dst>
            <dst id="DNVRng">10845.88</dst>
            <dst id="HSTNng">8464.288</dst>
            <dst id="IPLSng">54483.928</dst>
            <dst id="KSCYng">5310.48266666667</dst>
            <dst id="LOSAng">20954.6106666667</dst>
            <dst id="NYCMng">97099.3333333333</dst>
            <dst id="SNVAng">10580.0666666667</dst>
            <dst id="STTLng">44951.856</dst>
            <dst id="WASHng">109265.773333333</dst>
        </src>
        <src id="NYCMng">
            <dst id="ATLA-M5">552.309333333333</dst>
            <dst id="ATLAng">46270.4453333333</dst>
            <dst id="CHINng">36547.1706666667</dst>
            <dst id="DNVRng">124492.445333333</dst>
            <dst id="HSTNng">4675.14133333333</dst>
            <dst id="IPLSng">50059.9413333333</dst>
            <dst id="KSCYng">21156.8266666667</dst>
            <dst id="LOSAng">111601.12</dst>
            <dst id="NYCMng">94847.4906666667</dst>
            <dst id="SNVAng">8524.10666666667</dst>
            <dst id="STTLng">35747.656</dst>
            <dst id="WASHng">78699.7493333334</dst>
        </src>
        <src id="SNVAng">
            <dst id="ATLA-M5">0</dst>
            <dst id="ATLAng">53.3333333333333</dst>
            <dst id="CHINng">159.68</dst>
            <dst id="DNVRng">7271.272</dst>
            <dst id="HSTNng">93.44</dst>
            <dst id="IPLSng">953.6</dst>
            <dst id="KSCYng">0</dst>
            <dst id="LOSAng">39637.8666666667</dst>
            <dst id="NYCMng">253.189333333333</dst>
            <dst id="SNVAng">9425.34133333333</dst>
            <dst id="STTLng">27815.8053333333</dst>
            <dst id="WASHng">362.421333333333</dst>
        </src>
        <src id="STTLng">
            <dst id="ATLA-M5">70.1653333333333</dst>
            <dst id="ATLAng">10444.0373333333</dst>
            <dst id="CHINng">18430.304</dst>
            <dst id="DNVRng">3390.584</dst>
            <dst id="HSTNng">2154.59466666667</dst>
            <dst id="IPLSng">9855.70133333333</dst>
            <dst id="KSCYng">3026.19466666667</dst>
            <dst id="LOSAng">33346.6853333333</dst>
            <dst id="NYCMng">12455.0053333333</dst>
            <dst id="SNVAng">3545.53866666667</dst>
            <dst id="STTLng">5153.832</dst>
            <dst id="WASHng">9672.51466666667</dst>
        </src>
        <src id="WASHng">
            <dst id="ATLA-M5">952.8</dst>
            <dst id="ATLAng">92871.112</dst>
            <dst id="CHINng">70568.2186666667</dst>
            <dst id="DNVRng">76327.0853333333</dst>
            <dst id="HSTNng">31251.0266666667</dst>
            <dst id="IPLSng">39131.2746666667</dst>
            <dst id="KSCYng">15655.3413333333</dst>
            <dst id="LOSAng">125417.685333333</dst>
            <dst id="NYCMng">161993.664</dst>
            <dst id="SNVAng">13882.7866666667</dst>
            <dst id="STTLng">27355.928</dst>
            <dst id="WASHng">238419.208</dst>
        </src>
    </IntraTM>
</TrafficMatrixFile>
