<?xml version="1.0" encoding="ISO-8859-1" standalone="yes"?>
<TrafficMatrixFile xsi:noNamespaceSchemaLocation="http://totem.run.montefiore.ulg.ac.be/Schema/TrafficMatrix-v1_2.xsd" xmlns:xsi="http://www.w3.org/2001/XMLSchema-instance">
    <IntraTM ASID="11537">
        <src id="ATLA-M5">
            <dst id="ATLA-M5">150.709333333333</dst>
            <dst id="ATLAng">832.541333333333</dst>
            <dst id="CHINng">184.541333333333</dst>
            <dst id="DNVRng">0</dst>
            <dst id="HSTNng">101.706666666667</dst>
            <dst id="IPLSng">53.3333333333333</dst>
            <dst id="KSCYng">61.1066666666667</dst>
            <dst id="LOSAng">506.461333333333</dst>
            <dst id="NYCMng">26.6666666666667</dst>
            <dst id="SNVAng">0</dst>
            <dst id="STTLng">30.176</dst>
            <dst id="WASHng">736.104</dst>
        </src>
        <src id="ATLAng">
            <dst id="ATLA-M5">86.36</dst>
            <dst id="ATLAng">57335.8853333333</dst>
            <dst id="CHINng">5749.416</dst>
            <dst id="DNVRng">4166.01333333333</dst>
            <dst id="HSTNng">440.008</dst>
            <dst id="IPLSng">12919.776</dst>
            <dst id="KSCYng">1440.49866666667</dst>
            <dst id="LOSAng">12789.5253333333</dst>
            <dst id="NYCMng">7809.8</dst>
            <dst id="SNVAng">75.2826666666667</dst>
            <dst id="STTLng">8727.984</dst>
            <dst id="WASHng">43701.4373333333</dst>
        </src>
        <src id="CHINng">
            <dst id="ATLA-M5">0</dst>
            <dst id="ATLAng">4495.77066666667</dst>
            <dst id="CHINng">132442.997333333</dst>
            <dst id="DNVRng">13281.5013333333</dst>
            <dst id="HSTNng">3098.89066666667</dst>
            <dst id="IPLSng">27048.7733333333</dst>
            <dst id="KSCYng">8799.03466666667</dst>
            <dst id="LOSAng">62409.0773333333</dst>
            <dst id="NYCMng">7792.016</dst>
            <dst id="SNVAng">1000.016</dst>
            <dst id="STTLng">6376.90133333333</dst>
            <dst id="WASHng">16308.36</dst>
        </src>
        <src id="DNVRng">
            <dst id="ATLA-M5">60.5866666666667</dst>
            <dst id="ATLAng">7879.73333333333</dst>
            <dst id="CHINng">52015.9066666667</dst>
            <dst id="DNVRng">19868.7226666667</dst>
            <dst id="HSTNng">16594.2746666667</dst>
            <dst id="IPLSng">23079.7333333333</dst>
            <dst id="KSCYng">9336.62666666667</dst>
            <dst id="LOSAng">9658.12533333333</dst>
            <dst id="NYCMng">10320.424</dst>
            <dst id="SNVAng">5427.80533333333</dst>
            <dst id="STTLng">5663.36533333333</dst>
            <dst id="WASHng">28969.296</dst>
        </src>
        <src id="HSTNng">
            <dst id="ATLA-M5">1918.25066666667</dst>
            <dst id="ATLAng">1943.48533333333</dst>
            <dst id="CHINng">17269.4373333333</dst>
            <dst id="DNVRng">1657.02933333333</dst>
            <dst id="HSTNng">5496.06933333333</dst>
            <dst id="IPLSng">363.013333333333</dst>
            <dst id="KSCYng">962.578666666667</dst>
            <dst id="LOSAng">11769.9306666667</dst>
            <dst id="NYCMng">2779.67466666667</dst>
            <dst id="SNVAng">0</dst>
            <dst id="STTLng">1744.81333333333</dst>
            <dst id="WASHng">1951.29333333333</dst>
        </src>
        <src id="IPLSng">
            <dst id="ATLA-M5">26.6666666666667</dst>
            <dst id="ATLAng">12138.8373333333</dst>
            <dst id="CHINng">82171.048</dst>
            <dst id="DNVRng">2358.8</dst>
            <dst id="HSTNng">909.482666666666</dst>
            <dst id="IPLSng">28524.8026666667</dst>
            <dst id="KSCYng">3212.288</dst>
            <dst id="LOSAng">63408.672</dst>
            <dst id="NYCMng">12963.856</dst>
            <dst id="SNVAng">247.322666666667</dst>
            <dst id="STTLng">10866.1546666667</dst>
            <dst id="WASHng">14410.9866666667</dst>
        </src>
        <src id="KSCYng">
            <dst id="ATLA-M5">0</dst>
            <dst id="ATLAng">6176.02133333333</dst>
            <dst id="CHINng">46319.0533333333</dst>
            <dst id="DNVRng">12519.672</dst>
            <dst id="HSTNng">2167.74933333333</dst>
            <dst id="IPLSng">9611.296</dst>
            <dst id="KSCYng">2446.90133333333</dst>
            <dst id="LOSAng">5166.792</dst>
            <dst id="NYCMng">7339.02666666666</dst>
            <dst id="SNVAng">8535.65333333333</dst>
            <dst id="STTLng">2601.11733333333</dst>
            <dst id="WASHng">7767.60533333334</dst>
        </src>
        <src id="LOSAng">
            <dst id="ATLA-M5">53.3333333333333</dst>
            <dst id="ATLAng">19459.392</dst>
            <dst id="CHINng">122360.4</dst>
            <dst id="DNVRng">11128.84</dst>
            <dst id="HSTNng">5883.85066666667</dst>
            <dst id="IPLSng">34330.7573333333</dst>
            <dst id="KSCYng">5205.87466666667</dst>
            <dst id="LOSAng">25622.4106666667</dst>
            <dst id="NYCMng">53648.4933333333</dst>
            <dst id="SNVAng">8371.42133333333</dst>
            <dst id="STTLng">53412.352</dst>
            <dst id="WASHng">86862.224</dst>
        </src>
        <src id="NYCMng">
            <dst id="ATLA-M5">376.986666666667</dst>
            <dst id="ATLAng">25075.728</dst>
            <dst id="CHINng">52162.9946666667</dst>
            <dst id="DNVRng">115733.373333333</dst>
            <dst id="HSTNng">7108.07466666667</dst>
            <dst id="IPLSng">25222.2453333333</dst>
            <dst id="KSCYng">7390.10133333333</dst>
            <dst id="LOSAng">77731.64</dst>
            <dst id="NYCMng">87429.6213333334</dst>
            <dst id="SNVAng">1591.27466666667</dst>
            <dst id="STTLng">27388.3786666667</dst>
            <dst id="WASHng">57310.6613333333</dst>
        </src>
        <src id="SNVAng">
            <dst id="ATLA-M5">0</dst>
            <dst id="ATLAng">115.296</dst>
            <dst id="CHINng">363.408</dst>
            <dst id="DNVRng">336.736</dst>
            <dst id="HSTNng">58.944</dst>
            <dst id="IPLSng">362.8</dst>
            <dst id="KSCYng">26.6666666666667</dst>
            <dst id="LOSAng">33157.5466666667</dst>
            <dst id="NYCMng">127.84</dst>
            <dst id="SNVAng">10077.496</dst>
            <dst id="STTLng">28678.0506666667</dst>
            <dst id="WASHng">26.6666666666667</dst>
        </src>
        <src id="STTLng">
            <dst id="ATLA-M5">57.0933333333333</dst>
            <dst id="ATLAng">8280.59733333333</dst>
            <dst id="CHINng">32554.5306666667</dst>
            <dst id="DNVRng">2562.48266666667</dst>
            <dst id="HSTNng">568.253333333333</dst>
            <dst id="IPLSng">6595.74666666667</dst>
            <dst id="KSCYng">3001.24266666667</dst>
            <dst id="LOSAng">22407.344</dst>
            <dst id="NYCMng">10446.3253333333</dst>
            <dst id="SNVAng">4009.86666666667</dst>
            <dst id="STTLng">1289.488</dst>
            <dst id="WASHng">5474.83733333333</dst>
        </src>
        <src id="WASHng">
            <dst id="ATLA-M5">113.346666666667</dst>
            <dst id="ATLAng">68633.864</dst>
            <dst id="CHINng">83531.1333333333</dst>
            <dst id="DNVRng">35936.528</dst>
            <dst id="HSTNng">34377.8506666667</dst>
            <dst id="IPLSng">49390.072</dst>
            <dst id="KSCYng">10798.9813333333</dst>
            <dst id="LOSAng">112081.509333333</dst>
            <dst id="NYCMng">110225.456</dst>
            <dst id="SNVAng">5046.41066666666</dst>
            <dst id="STTLng">27058.0613333333</dst>
            <dst id="WASHng">250711.96</dst>
        </src>
    </IntraTM>
</TrafficMatrixFile>
