<?xml version="1.0" encoding="ISO-8859-1" standalone="yes"?>
<TrafficMatrixFile xsi:noNamespaceSchemaLocation="http://totem.run.montefiore.ulg.ac.be/Schema/TrafficMatrix-v1_2.xsd" xmlns:xsi="http://www.w3.org/2001/XMLSchema-instance">
    <IntraTM ASID="11537">
        <src id="ATLA-M5">
            <dst id="ATLA-M5">253.554666666667</dst>
            <dst id="ATLAng">1182.97066666667</dst>
            <dst id="CHINng">251.165333333333</dst>
            <dst id="DNVRng">177.426666666667</dst>
            <dst id="HSTNng">181.042666666667</dst>
            <dst id="IPLSng">129.296</dst>
            <dst id="KSCYng">26.6666666666667</dst>
            <dst id="LOSAng">359.506666666667</dst>
            <dst id="NYCMng">798.24</dst>
            <dst id="SNVAng">0</dst>
            <dst id="STTLng">26.6666666666667</dst>
            <dst id="WASHng">1955.19733333333</dst>
        </src>
        <src id="ATLAng">
            <dst id="ATLA-M5">449.653333333333</dst>
            <dst id="ATLAng">28029.304</dst>
            <dst id="CHINng">33948.4373333333</dst>
            <dst id="DNVRng">4622.27466666667</dst>
            <dst id="HSTNng">5276.08266666667</dst>
            <dst id="IPLSng">17426.0453333333</dst>
            <dst id="KSCYng">7069.45066666667</dst>
            <dst id="LOSAng">17575.916</dst>
            <dst id="NYCMng">6358.51466666667</dst>
            <dst id="SNVAng">1700.23333333333</dst>
            <dst id="STTLng">5755.08533333333</dst>
            <dst id="WASHng">64722.616</dst>
        </src>
        <src id="CHINng">
            <dst id="ATLA-M5">2776.672</dst>
            <dst id="ATLAng">19587.56</dst>
            <dst id="CHINng">109308.416</dst>
            <dst id="DNVRng">20137.0293333333</dst>
            <dst id="HSTNng">12132.664</dst>
            <dst id="IPLSng">48819.7706666667</dst>
            <dst id="KSCYng">8989.90933333333</dst>
            <dst id="LOSAng">44968.344</dst>
            <dst id="NYCMng">10536.52</dst>
            <dst id="SNVAng">880.432</dst>
            <dst id="STTLng">6142.576</dst>
            <dst id="WASHng">58007.3226666667</dst>
        </src>
        <src id="DNVRng">
            <dst id="ATLA-M5">141.418666666667</dst>
            <dst id="ATLAng">7673.936</dst>
            <dst id="CHINng">122656.794666667</dst>
            <dst id="DNVRng">21203.504</dst>
            <dst id="HSTNng">19874.1706666667</dst>
            <dst id="IPLSng">29461.1813333333</dst>
            <dst id="KSCYng">27786.168</dst>
            <dst id="LOSAng">11262.056</dst>
            <dst id="NYCMng">12800.4213333333</dst>
            <dst id="SNVAng">19316.7973333333</dst>
            <dst id="STTLng">14212.0533333333</dst>
            <dst id="WASHng">34629.136</dst>
        </src>
        <src id="HSTNng">
            <dst id="ATLA-M5">2553.81066666667</dst>
            <dst id="ATLAng">3535.688</dst>
            <dst id="CHINng">18684.6133333333</dst>
            <dst id="DNVRng">1689.65066666667</dst>
            <dst id="HSTNng">8403.2</dst>
            <dst id="IPLSng">1579.21066666667</dst>
            <dst id="KSCYng">3347.872</dst>
            <dst id="LOSAng">11009.904</dst>
            <dst id="NYCMng">3274.52533333333</dst>
            <dst id="SNVAng">203.386666666667</dst>
            <dst id="STTLng">1931.47733333333</dst>
            <dst id="WASHng">10804.7013333333</dst>
        </src>
        <src id="IPLSng">
            <dst id="ATLA-M5">184.08</dst>
            <dst id="ATLAng">19431.5546666667</dst>
            <dst id="CHINng">101405.346666667</dst>
            <dst id="DNVRng">9709.90133333334</dst>
            <dst id="HSTNng">18979.136</dst>
            <dst id="IPLSng">48830.1706666667</dst>
            <dst id="KSCYng">12445.888</dst>
            <dst id="LOSAng">32120.7706666667</dst>
            <dst id="NYCMng">22413.616</dst>
            <dst id="SNVAng">4160.13066666667</dst>
            <dst id="STTLng">9711.47466666667</dst>
            <dst id="WASHng">24763.6853333333</dst>
        </src>
        <src id="KSCYng">
            <dst id="ATLA-M5">335.562666666667</dst>
            <dst id="ATLAng">2048.86933333333</dst>
            <dst id="CHINng">31582.0026666667</dst>
            <dst id="DNVRng">15593.024</dst>
            <dst id="HSTNng">4012.528</dst>
            <dst id="IPLSng">13361.792</dst>
            <dst id="KSCYng">10055.3733333333</dst>
            <dst id="LOSAng">7753.50133333333</dst>
            <dst id="NYCMng">2951.34666666667</dst>
            <dst id="SNVAng">470.544</dst>
            <dst id="STTLng">1909.13333333333</dst>
            <dst id="WASHng">11535.6213333333</dst>
        </src>
        <src id="LOSAng">
            <dst id="ATLA-M5">2360.12266666667</dst>
            <dst id="ATLAng">23117.76</dst>
            <dst id="CHINng">151771.290666667</dst>
            <dst id="DNVRng">12505.936</dst>
            <dst id="HSTNng">17472.208</dst>
            <dst id="IPLSng">57220.6293333333</dst>
            <dst id="KSCYng">9204.58666666667</dst>
            <dst id="LOSAng">13544.288</dst>
            <dst id="NYCMng">50142.8026666667</dst>
            <dst id="SNVAng">18278.8933333333</dst>
            <dst id="STTLng">60309.8053333333</dst>
            <dst id="WASHng">110378.549333333</dst>
        </src>
        <src id="NYCMng">
            <dst id="ATLA-M5">1785.41866666667</dst>
            <dst id="ATLAng">47210.816</dst>
            <dst id="CHINng">71964.7013333333</dst>
            <dst id="DNVRng">27834.0133333333</dst>
            <dst id="HSTNng">9741.59733333333</dst>
            <dst id="IPLSng">98990.5093333333</dst>
            <dst id="KSCYng">13643.64</dst>
            <dst id="LOSAng">56457.0026666667</dst>
            <dst id="NYCMng">115802.722666667</dst>
            <dst id="SNVAng">3489.848</dst>
            <dst id="STTLng">23925.528</dst>
            <dst id="WASHng">89697.2186666667</dst>
        </src>
        <src id="SNVAng">
            <dst id="ATLA-M5">0</dst>
            <dst id="ATLAng">589.496</dst>
            <dst id="CHINng">1218.73866666667</dst>
            <dst id="DNVRng">2076.26933333333</dst>
            <dst id="HSTNng">200.725333333333</dst>
            <dst id="IPLSng">734.76</dst>
            <dst id="KSCYng">3153.256</dst>
            <dst id="LOSAng">23844.0586666667</dst>
            <dst id="NYCMng">1894.96</dst>
            <dst id="SNVAng">11544.12</dst>
            <dst id="STTLng">21666.552</dst>
            <dst id="WASHng">276.517333333333</dst>
        </src>
        <src id="STTLng">
            <dst id="ATLA-M5">239.32</dst>
            <dst id="ATLAng">14176.1626666667</dst>
            <dst id="CHINng">34285.2666666667</dst>
            <dst id="DNVRng">3781.72</dst>
            <dst id="HSTNng">6598.97333333333</dst>
            <dst id="IPLSng">17989.7306666667</dst>
            <dst id="KSCYng">3997.09333333333</dst>
            <dst id="LOSAng">22544.8453333333</dst>
            <dst id="NYCMng">20295.3573333333</dst>
            <dst id="SNVAng">10130.008</dst>
            <dst id="STTLng">6922.29066666667</dst>
            <dst id="WASHng">18691.992</dst>
        </src>
        <src id="WASHng">
            <dst id="ATLA-M5">1249.376</dst>
            <dst id="ATLAng">99051.2746666667</dst>
            <dst id="CHINng">104376.018666667</dst>
            <dst id="DNVRng">70802.5706666667</dst>
            <dst id="HSTNng">62917.7813333333</dst>
            <dst id="IPLSng">70656.256</dst>
            <dst id="KSCYng">56046.5013333333</dst>
            <dst id="LOSAng">112106.877333333</dst>
            <dst id="NYCMng">167332.08</dst>
            <dst id="SNVAng">1862.584</dst>
            <dst id="STTLng">34581.4613333333</dst>
            <dst id="WASHng">353211.466666667</dst>
        </src>
    </IntraTM>
</TrafficMatrixFile>
