<?xml version="1.0" encoding="ISO-8859-1" standalone="yes"?>
<TrafficMatrixFile xsi:noNamespaceSchemaLocation="http://totem.run.montefiore.ulg.ac.be/Schema/TrafficMatrix-v1_2.xsd" xmlns:xsi="http://www.w3.org/2001/XMLSchema-instance">
    <IntraTM ASID="11537">
        <src id="ATLA-M5">
            <dst id="ATLA-M5">0</dst>
            <dst id="ATLAng">26.6666666666667</dst>
            <dst id="CHINng">92.2666666666667</dst>
            <dst id="DNVRng">0</dst>
            <dst id="HSTNng">134.013333333333</dst>
            <dst id="IPLSng">28.7546666666667</dst>
            <dst id="KSCYng">62.016</dst>
            <dst id="LOSAng">160.378666666667</dst>
            <dst id="NYCMng">26.6666666666667</dst>
            <dst id="SNVAng">17.0933333333333</dst>
            <dst id="STTLng">0</dst>
            <dst id="WASHng">2686.128</dst>
        </src>
        <src id="ATLAng">
            <dst id="ATLA-M5">157.650666666667</dst>
            <dst id="ATLAng">24890.9386666667</dst>
            <dst id="CHINng">12486.3306666667</dst>
            <dst id="DNVRng">4868.56533333333</dst>
            <dst id="HSTNng">534.232</dst>
            <dst id="IPLSng">10133.5146666667</dst>
            <dst id="KSCYng">9602.21066666666</dst>
            <dst id="LOSAng">9838.224</dst>
            <dst id="NYCMng">2587.776</dst>
            <dst id="SNVAng">155.541333333333</dst>
            <dst id="STTLng">4359.16</dst>
            <dst id="WASHng">46445.8133333333</dst>
        </src>
        <src id="CHINng">
            <dst id="ATLA-M5">94.3573333333333</dst>
            <dst id="ATLAng">9378.29066666667</dst>
            <dst id="CHINng">104356.04</dst>
            <dst id="DNVRng">5113.29066666667</dst>
            <dst id="HSTNng">3388.024</dst>
            <dst id="IPLSng">22293.9306666667</dst>
            <dst id="KSCYng">3660.97333333333</dst>
            <dst id="LOSAng">41841.2693333333</dst>
            <dst id="NYCMng">15203.7893333333</dst>
            <dst id="SNVAng">1621.03733333333</dst>
            <dst id="STTLng">5257.568</dst>
            <dst id="WASHng">36511.008</dst>
        </src>
        <src id="DNVRng">
            <dst id="ATLA-M5">63.6266666666667</dst>
            <dst id="ATLAng">8004.128</dst>
            <dst id="CHINng">60920.6666666666</dst>
            <dst id="DNVRng">34102.44</dst>
            <dst id="HSTNng">23858.728</dst>
            <dst id="IPLSng">18040.2906666667</dst>
            <dst id="KSCYng">29935.496</dst>
            <dst id="LOSAng">7888.056</dst>
            <dst id="NYCMng">17983.8693333333</dst>
            <dst id="SNVAng">18381.2106666667</dst>
            <dst id="STTLng">26469.384</dst>
            <dst id="WASHng">38171.72</dst>
        </src>
        <src id="HSTNng">
            <dst id="ATLA-M5">3973.12</dst>
            <dst id="ATLAng">889.165333333333</dst>
            <dst id="CHINng">13060.848</dst>
            <dst id="DNVRng">1284.232</dst>
            <dst id="HSTNng">2575.704</dst>
            <dst id="IPLSng">2658.912</dst>
            <dst id="KSCYng">3732.84533333333</dst>
            <dst id="LOSAng">8469.816</dst>
            <dst id="NYCMng">994.986666666667</dst>
            <dst id="SNVAng">26.6666666666667</dst>
            <dst id="STTLng">1961.66666666667</dst>
            <dst id="WASHng">1049.536</dst>
        </src>
        <src id="IPLSng">
            <dst id="ATLA-M5">157.816</dst>
            <dst id="ATLAng">10505.1306666667</dst>
            <dst id="CHINng">78197.808</dst>
            <dst id="DNVRng">6190.49333333333</dst>
            <dst id="HSTNng">943.042666666667</dst>
            <dst id="IPLSng">13200.7866666667</dst>
            <dst id="KSCYng">2451.08533333333</dst>
            <dst id="LOSAng">44742.992</dst>
            <dst id="NYCMng">12129.8693333333</dst>
            <dst id="SNVAng">914.736</dst>
            <dst id="STTLng">6490.096</dst>
            <dst id="WASHng">12889.6906666667</dst>
        </src>
        <src id="KSCYng">
            <dst id="ATLA-M5">26.6666666666667</dst>
            <dst id="ATLAng">2009.38933333333</dst>
            <dst id="CHINng">30406.1653333333</dst>
            <dst id="DNVRng">13214.2346666667</dst>
            <dst id="HSTNng">2297.11466666667</dst>
            <dst id="IPLSng">8805.87733333334</dst>
            <dst id="KSCYng">3933.904</dst>
            <dst id="LOSAng">6193.768</dst>
            <dst id="NYCMng">6466.98666666666</dst>
            <dst id="SNVAng">53.3333333333333</dst>
            <dst id="STTLng">4353.848</dst>
            <dst id="WASHng">5191.86133333333</dst>
        </src>
        <src id="LOSAng">
            <dst id="ATLA-M5">26.6666666666667</dst>
            <dst id="ATLAng">6854.07466666667</dst>
            <dst id="CHINng">134089.696</dst>
            <dst id="DNVRng">5915.64266666667</dst>
            <dst id="HSTNng">6007.07733333333</dst>
            <dst id="IPLSng">25347.9893333333</dst>
            <dst id="KSCYng">4733.94666666667</dst>
            <dst id="LOSAng">18156.5706666667</dst>
            <dst id="NYCMng">39529.6266666667</dst>
            <dst id="SNVAng">6196.94133333333</dst>
            <dst id="STTLng">29256.1893333333</dst>
            <dst id="WASHng">92109.3413333333</dst>
        </src>
        <src id="NYCMng">
            <dst id="ATLA-M5">74.9733333333333</dst>
            <dst id="ATLAng">25586.9733333333</dst>
            <dst id="CHINng">46750.1093333333</dst>
            <dst id="DNVRng">29000.0933333333</dst>
            <dst id="HSTNng">4552.36</dst>
            <dst id="IPLSng">28525.24</dst>
            <dst id="KSCYng">6211.792</dst>
            <dst id="LOSAng">65986.9813333333</dst>
            <dst id="NYCMng">80450.1733333333</dst>
            <dst id="SNVAng">2031.216</dst>
            <dst id="STTLng">20311.7893333333</dst>
            <dst id="WASHng">58513.64</dst>
        </src>
        <src id="SNVAng">
            <dst id="ATLA-M5">0</dst>
            <dst id="ATLAng">53.3333333333333</dst>
            <dst id="CHINng">1237.44266666667</dst>
            <dst id="DNVRng">2714.48266666667</dst>
            <dst id="HSTNng">306.592</dst>
            <dst id="IPLSng">353.237333333333</dst>
            <dst id="KSCYng">0</dst>
            <dst id="LOSAng">26569.4506666667</dst>
            <dst id="NYCMng">3498.048</dst>
            <dst id="SNVAng">9387.31466666667</dst>
            <dst id="STTLng">19446.5706666667</dst>
            <dst id="WASHng">137.08</dst>
        </src>
        <src id="STTLng">
            <dst id="ATLA-M5">0</dst>
            <dst id="ATLAng">7880.79733333333</dst>
            <dst id="CHINng">33108.8746666667</dst>
            <dst id="DNVRng">2256.512</dst>
            <dst id="HSTNng">1158.65066666667</dst>
            <dst id="IPLSng">5060.992</dst>
            <dst id="KSCYng">867.8</dst>
            <dst id="LOSAng">17575.1653333333</dst>
            <dst id="NYCMng">9275.21066666666</dst>
            <dst id="SNVAng">2169.92266666667</dst>
            <dst id="STTLng">7518.39466666667</dst>
            <dst id="WASHng">5372.44</dst>
        </src>
        <src id="WASHng">
            <dst id="ATLA-M5">80</dst>
            <dst id="ATLAng">101475.992</dst>
            <dst id="CHINng">98767.7226666667</dst>
            <dst id="DNVRng">69046.2106666667</dst>
            <dst id="HSTNng">12466.6026666667</dst>
            <dst id="IPLSng">48833.768</dst>
            <dst id="KSCYng">7812.536</dst>
            <dst id="LOSAng">108574.834666667</dst>
            <dst id="NYCMng">146364.541333333</dst>
            <dst id="SNVAng">4380.27733333333</dst>
            <dst id="STTLng">25515.1493333333</dst>
            <dst id="WASHng">266816.16</dst>
        </src>
    </IntraTM>
</TrafficMatrixFile>
