<?xml version="1.0" encoding="ISO-8859-1" standalone="yes"?>
<TrafficMatrixFile xsi:noNamespaceSchemaLocation="http://totem.run.montefiore.ulg.ac.be/Schema/TrafficMatrix-v1_2.xsd" xmlns:xsi="http://www.w3.org/2001/XMLSchema-instance">
    <IntraTM ASID="11537">
        <src id="ATLA-M5">
            <dst id="ATLA-M5">0</dst>
            <dst id="ATLAng">0</dst>
            <dst id="CHINng">128.146666666667</dst>
            <dst id="DNVRng">0</dst>
            <dst id="HSTNng">50.3546666666667</dst>
            <dst id="IPLSng">41.128</dst>
            <dst id="KSCYng">0</dst>
            <dst id="LOSAng">220.277333333333</dst>
            <dst id="NYCMng">26.6666666666667</dst>
            <dst id="SNVAng">0</dst>
            <dst id="STTLng">0</dst>
            <dst id="WASHng">765.922666666667</dst>
        </src>
        <src id="ATLAng">
            <dst id="ATLA-M5">113.408</dst>
            <dst id="ATLAng">29547.4026666667</dst>
            <dst id="CHINng">13937.1413333333</dst>
            <dst id="DNVRng">4294.304</dst>
            <dst id="HSTNng">1540.40266666667</dst>
            <dst id="IPLSng">11734.8853333333</dst>
            <dst id="KSCYng">1526.88266666667</dst>
            <dst id="LOSAng">17235.8026666667</dst>
            <dst id="NYCMng">3741.872</dst>
            <dst id="SNVAng">26.6666666666667</dst>
            <dst id="STTLng">3536.52533333333</dst>
            <dst id="WASHng">32181.36</dst>
        </src>
        <src id="CHINng">
            <dst id="ATLA-M5">179.397333333333</dst>
            <dst id="ATLAng">8921.75733333333</dst>
            <dst id="CHINng">179559.12</dst>
            <dst id="DNVRng">13522.5733333333</dst>
            <dst id="HSTNng">3748.38933333333</dst>
            <dst id="IPLSng">42586.6346666667</dst>
            <dst id="KSCYng">14630.6346666667</dst>
            <dst id="LOSAng">64716.1573333333</dst>
            <dst id="NYCMng">12202.2853333333</dst>
            <dst id="SNVAng">249.709333333333</dst>
            <dst id="STTLng">7102.26133333333</dst>
            <dst id="WASHng">13372.5733333333</dst>
        </src>
        <src id="DNVRng">
            <dst id="ATLA-M5">0</dst>
            <dst id="ATLAng">7712.20533333333</dst>
            <dst id="CHINng">45931.064</dst>
            <dst id="DNVRng">24530.8853333333</dst>
            <dst id="HSTNng">23029.5226666667</dst>
            <dst id="IPLSng">21943.6906666667</dst>
            <dst id="KSCYng">20110.864</dst>
            <dst id="LOSAng">8949.66133333333</dst>
            <dst id="NYCMng">10924.3466666667</dst>
            <dst id="SNVAng">10339.7973333333</dst>
            <dst id="STTLng">10094.4293333333</dst>
            <dst id="WASHng">28697.4133333333</dst>
        </src>
        <src id="HSTNng">
            <dst id="ATLA-M5">2782.48533333333</dst>
            <dst id="ATLAng">4368.184</dst>
            <dst id="CHINng">12784.296</dst>
            <dst id="DNVRng">1607.07733333333</dst>
            <dst id="HSTNng">6848.32</dst>
            <dst id="IPLSng">250.72</dst>
            <dst id="KSCYng">2003.11466666667</dst>
            <dst id="LOSAng">9849.504</dst>
            <dst id="NYCMng">7087.43466666667</dst>
            <dst id="SNVAng">0</dst>
            <dst id="STTLng">882.832</dst>
            <dst id="WASHng">1614.29066666667</dst>
        </src>
        <src id="IPLSng">
            <dst id="ATLA-M5">26.6666666666667</dst>
            <dst id="ATLAng">10271.92</dst>
            <dst id="CHINng">67875.4346666667</dst>
            <dst id="DNVRng">5383.17333333333</dst>
            <dst id="HSTNng">588.050666666667</dst>
            <dst id="IPLSng">26930.768</dst>
            <dst id="KSCYng">3718.69066666667</dst>
            <dst id="LOSAng">53896.9413333333</dst>
            <dst id="NYCMng">17846.6453333333</dst>
            <dst id="SNVAng">304.216</dst>
            <dst id="STTLng">16044.5653333333</dst>
            <dst id="WASHng">3766.63466666667</dst>
        </src>
        <src id="KSCYng">
            <dst id="ATLA-M5">0</dst>
            <dst id="ATLAng">889.725333333333</dst>
            <dst id="CHINng">23325.5733333333</dst>
            <dst id="DNVRng">15160.0506666667</dst>
            <dst id="HSTNng">2682.69333333333</dst>
            <dst id="IPLSng">24830.6613333333</dst>
            <dst id="KSCYng">4543.64266666667</dst>
            <dst id="LOSAng">6140.02133333333</dst>
            <dst id="NYCMng">3296.79466666667</dst>
            <dst id="SNVAng">162.042666666667</dst>
            <dst id="STTLng">1645.41866666667</dst>
            <dst id="WASHng">6376.75466666667</dst>
        </src>
        <src id="LOSAng">
            <dst id="ATLA-M5">135.096</dst>
            <dst id="ATLAng">8034.52266666667</dst>
            <dst id="CHINng">105593.493333333</dst>
            <dst id="DNVRng">7422.56533333333</dst>
            <dst id="HSTNng">9459.89866666667</dst>
            <dst id="IPLSng">31289.3866666667</dst>
            <dst id="KSCYng">4764.02133333333</dst>
            <dst id="LOSAng">17149.5306666667</dst>
            <dst id="NYCMng">66835.0426666667</dst>
            <dst id="SNVAng">4428.05866666667</dst>
            <dst id="STTLng">42736.28</dst>
            <dst id="WASHng">91899.7946666667</dst>
        </src>
        <src id="NYCMng">
            <dst id="ATLA-M5">677.053333333333</dst>
            <dst id="ATLAng">23256.6293333333</dst>
            <dst id="CHINng">53815.9786666667</dst>
            <dst id="DNVRng">117171.245333333</dst>
            <dst id="HSTNng">15164.352</dst>
            <dst id="IPLSng">23980.6133333333</dst>
            <dst id="KSCYng">10406.224</dst>
            <dst id="LOSAng">96902.92</dst>
            <dst id="NYCMng">75744.4293333333</dst>
            <dst id="SNVAng">1926.48533333333</dst>
            <dst id="STTLng">26067.104</dst>
            <dst id="WASHng">59463.7093333333</dst>
        </src>
        <src id="SNVAng">
            <dst id="ATLA-M5">0</dst>
            <dst id="ATLAng">53.3333333333333</dst>
            <dst id="CHINng">298.925333333333</dst>
            <dst id="DNVRng">6074.59466666667</dst>
            <dst id="HSTNng">36.6933333333333</dst>
            <dst id="IPLSng">327.445333333333</dst>
            <dst id="KSCYng">16603.6346666667</dst>
            <dst id="LOSAng">39962.952</dst>
            <dst id="NYCMng">514.570666666667</dst>
            <dst id="SNVAng">10309.624</dst>
            <dst id="STTLng">32041.1893333333</dst>
            <dst id="WASHng">33.6693333333333</dst>
        </src>
        <src id="STTLng">
            <dst id="ATLA-M5">0</dst>
            <dst id="ATLAng">8334.12</dst>
            <dst id="CHINng">30040.632</dst>
            <dst id="DNVRng">2535.88266666667</dst>
            <dst id="HSTNng">1268.21066666667</dst>
            <dst id="IPLSng">5325.344</dst>
            <dst id="KSCYng">1524.49333333333</dst>
            <dst id="LOSAng">29278.0693333333</dst>
            <dst id="NYCMng">10839.5306666667</dst>
            <dst id="SNVAng">3437.75466666667</dst>
            <dst id="STTLng">4023.976</dst>
            <dst id="WASHng">4683.86666666667</dst>
        </src>
        <src id="WASHng">
            <dst id="ATLA-M5">106.666666666667</dst>
            <dst id="ATLAng">108179.605333333</dst>
            <dst id="CHINng">78489.4373333333</dst>
            <dst id="DNVRng">57696.2453333333</dst>
            <dst id="HSTNng">19309.2853333333</dst>
            <dst id="IPLSng">42887.8106666667</dst>
            <dst id="KSCYng">9860.224</dst>
            <dst id="LOSAng">122766.682666667</dst>
            <dst id="NYCMng">197327.232</dst>
            <dst id="SNVAng">5121.75466666667</dst>
            <dst id="STTLng">44129.584</dst>
            <dst id="WASHng">309058.88</dst>
        </src>
    </IntraTM>
</TrafficMatrixFile>
