<?xml version="1.0" encoding="ISO-8859-1" standalone="yes"?>
<TrafficMatrixFile xsi:noNamespaceSchemaLocation="http://totem.run.montefiore.ulg.ac.be/Schema/TrafficMatrix-v1_2.xsd" xmlns:xsi="http://www.w3.org/2001/XMLSchema-instance">
    <IntraTM ASID="11537">
        <src id="ATLA-M5">
            <dst id="ATLA-M5">53.3333333333333</dst>
            <dst id="ATLAng">530.485333333333</dst>
            <dst id="CHINng">369.504</dst>
            <dst id="DNVRng">161.074666666667</dst>
            <dst id="HSTNng">100.658666666667</dst>
            <dst id="IPLSng">262.861333333333</dst>
            <dst id="KSCYng">26.6666666666667</dst>
            <dst id="LOSAng">1221.26933333333</dst>
            <dst id="NYCMng">923.938666666667</dst>
            <dst id="SNVAng">0</dst>
            <dst id="STTLng">26.6666666666667</dst>
            <dst id="WASHng">1446.75466666667</dst>
        </src>
        <src id="ATLAng">
            <dst id="ATLA-M5">691.690666666667</dst>
            <dst id="ATLAng">48837.2933333333</dst>
            <dst id="CHINng">22472.0133333333</dst>
            <dst id="DNVRng">6061.60266666667</dst>
            <dst id="HSTNng">7262.272</dst>
            <dst id="IPLSng">19877.2506666667</dst>
            <dst id="KSCYng">7723.2</dst>
            <dst id="LOSAng">21529.7986666667</dst>
            <dst id="NYCMng">9391.24266666667</dst>
            <dst id="SNVAng">1225.66533333333</dst>
            <dst id="STTLng">4553.94666666667</dst>
            <dst id="WASHng">53583.6773333333</dst>
        </src>
        <src id="CHINng">
            <dst id="ATLA-M5">7384.86133333333</dst>
            <dst id="ATLAng">27675.272</dst>
            <dst id="CHINng">123641.338666667</dst>
            <dst id="DNVRng">16095.1733333333</dst>
            <dst id="HSTNng">13960.248</dst>
            <dst id="IPLSng">61944.4346666667</dst>
            <dst id="KSCYng">16550.3546666667</dst>
            <dst id="LOSAng">120343.634666667</dst>
            <dst id="NYCMng">10220.712</dst>
            <dst id="SNVAng">4673.91466666667</dst>
            <dst id="STTLng">9491.37866666667</dst>
            <dst id="WASHng">38411.872</dst>
        </src>
        <src id="DNVRng">
            <dst id="ATLA-M5">2997.24266666667</dst>
            <dst id="ATLAng">22760.6853333333</dst>
            <dst id="CHINng">50857.7173333333</dst>
            <dst id="DNVRng">35209.4986666667</dst>
            <dst id="HSTNng">40652.4613333333</dst>
            <dst id="IPLSng">27986.496</dst>
            <dst id="KSCYng">20625.4346666667</dst>
            <dst id="LOSAng">19135.872</dst>
            <dst id="NYCMng">12221.04</dst>
            <dst id="SNVAng">15240.8506666667</dst>
            <dst id="STTLng">16675.192</dst>
            <dst id="WASHng">35684.4266666667</dst>
        </src>
        <src id="HSTNng">
            <dst id="ATLA-M5">356.44</dst>
            <dst id="ATLAng">3741.856</dst>
            <dst id="CHINng">21297.9226666667</dst>
            <dst id="DNVRng">2767.86933333333</dst>
            <dst id="HSTNng">11961.1066666667</dst>
            <dst id="IPLSng">8745.552</dst>
            <dst id="KSCYng">2982.37333333333</dst>
            <dst id="LOSAng">11718.4506666667</dst>
            <dst id="NYCMng">6927.032</dst>
            <dst id="SNVAng">580.677333333333</dst>
            <dst id="STTLng">2496.424</dst>
            <dst id="WASHng">3087.77866666667</dst>
        </src>
        <src id="IPLSng">
            <dst id="ATLA-M5">561.554666666667</dst>
            <dst id="ATLAng">21291.8026666667</dst>
            <dst id="CHINng">73810.6026666667</dst>
            <dst id="DNVRng">12042.096</dst>
            <dst id="HSTNng">9663.048</dst>
            <dst id="IPLSng">38033.712</dst>
            <dst id="KSCYng">7650.52266666667</dst>
            <dst id="LOSAng">61014.2026666667</dst>
            <dst id="NYCMng">29477.5066666667</dst>
            <dst id="SNVAng">1768.45066666667</dst>
            <dst id="STTLng">11485.1146666667</dst>
            <dst id="WASHng">46304.84</dst>
        </src>
        <src id="KSCYng">
            <dst id="ATLA-M5">195.976</dst>
            <dst id="ATLAng">18801.4346666667</dst>
            <dst id="CHINng">28252.656</dst>
            <dst id="DNVRng">13232.1466666667</dst>
            <dst id="HSTNng">20325.848</dst>
            <dst id="IPLSng">20241.4346666667</dst>
            <dst id="KSCYng">10860.952</dst>
            <dst id="LOSAng">12148.856</dst>
            <dst id="NYCMng">3941.18133333333</dst>
            <dst id="SNVAng">473.4</dst>
            <dst id="STTLng">3519.632</dst>
            <dst id="WASHng">15751.384</dst>
        </src>
        <src id="LOSAng">
            <dst id="ATLA-M5">2161.00266666667</dst>
            <dst id="ATLAng">36931.6453333333</dst>
            <dst id="CHINng">107274.178666667</dst>
            <dst id="DNVRng">25081.5173333333</dst>
            <dst id="HSTNng">24625.296</dst>
            <dst id="IPLSng">54622.4106666667</dst>
            <dst id="KSCYng">12493.3146666667</dst>
            <dst id="LOSAng">11675.8693333333</dst>
            <dst id="NYCMng">91786.104</dst>
            <dst id="SNVAng">15793.264</dst>
            <dst id="STTLng">48546.112</dst>
            <dst id="WASHng">112812.698666667</dst>
        </src>
        <src id="NYCMng">
            <dst id="ATLA-M5">895.525333333333</dst>
            <dst id="ATLAng">65028.168</dst>
            <dst id="CHINng">40705.7706666667</dst>
            <dst id="DNVRng">138547.069333333</dst>
            <dst id="HSTNng">14161.304</dst>
            <dst id="IPLSng">48739.9253333333</dst>
            <dst id="KSCYng">28499.352</dst>
            <dst id="LOSAng">110800.882666667</dst>
            <dst id="NYCMng">108182.546666667</dst>
            <dst id="SNVAng">7038.16533333333</dst>
            <dst id="STTLng">27920.8</dst>
            <dst id="WASHng">92861.608</dst>
        </src>
        <src id="SNVAng">
            <dst id="ATLA-M5">53.3333333333333</dst>
            <dst id="ATLAng">83.7333333333333</dst>
            <dst id="CHINng">2832.95466666667</dst>
            <dst id="DNVRng">6192.792</dst>
            <dst id="HSTNng">231.786666666667</dst>
            <dst id="IPLSng">4732.81866666667</dst>
            <dst id="KSCYng">2666.70666666667</dst>
            <dst id="LOSAng">44868.5493333333</dst>
            <dst id="NYCMng">612.018666666667</dst>
            <dst id="SNVAng">10048.288</dst>
            <dst id="STTLng">36572.84</dst>
            <dst id="WASHng">164.488</dst>
        </src>
        <src id="STTLng">
            <dst id="ATLA-M5">147.562666666667</dst>
            <dst id="ATLAng">12926.8186666667</dst>
            <dst id="CHINng">19455.416</dst>
            <dst id="DNVRng">6446.56</dst>
            <dst id="HSTNng">5158.48533333333</dst>
            <dst id="IPLSng">10855.2613333333</dst>
            <dst id="KSCYng">9823.48533333334</dst>
            <dst id="LOSAng">36728.5733333333</dst>
            <dst id="NYCMng">10775.1093333333</dst>
            <dst id="SNVAng">5534.208</dst>
            <dst id="STTLng">8119.54666666667</dst>
            <dst id="WASHng">16248.6106666667</dst>
        </src>
        <src id="WASHng">
            <dst id="ATLA-M5">1809.46133333333</dst>
            <dst id="ATLAng">132804.506666667</dst>
            <dst id="CHINng">91770.9813333333</dst>
            <dst id="DNVRng">85032.9866666667</dst>
            <dst id="HSTNng">30101.312</dst>
            <dst id="IPLSng">87907.6053333333</dst>
            <dst id="KSCYng">42721.2746666667</dst>
            <dst id="LOSAng">129618.64</dst>
            <dst id="NYCMng">139175.933333333</dst>
            <dst id="SNVAng">8728.912</dst>
            <dst id="STTLng">47568.5946666667</dst>
            <dst id="WASHng">343334.64</dst>
        </src>
    </IntraTM>
</TrafficMatrixFile>
