<?xml version="1.0" encoding="ISO-8859-1" standalone="yes"?>
<TrafficMatrixFile xsi:noNamespaceSchemaLocation="http://totem.run.montefiore.ulg.ac.be/Schema/TrafficMatrix-v1_2.xsd" xmlns:xsi="http://www.w3.org/2001/XMLSchema-instance">
    <IntraTM ASID="11537">
        <src id="ATLA-M5">
            <dst id="ATLA-M5">0</dst>
            <dst id="ATLAng">55.8613333333333</dst>
            <dst id="CHINng">82.7306666666667</dst>
            <dst id="DNVRng">0</dst>
            <dst id="HSTNng">26.6666666666667</dst>
            <dst id="IPLSng">90.7306666666667</dst>
            <dst id="KSCYng">26.6666666666667</dst>
            <dst id="LOSAng">190.450666666667</dst>
            <dst id="NYCMng">26.6666666666667</dst>
            <dst id="SNVAng">20.3466666666667</dst>
            <dst id="STTLng">26.6666666666667</dst>
            <dst id="WASHng">1338.38133333333</dst>
        </src>
        <src id="ATLAng">
            <dst id="ATLA-M5">1959.36</dst>
            <dst id="ATLAng">55930.2506666667</dst>
            <dst id="CHINng">7038.40533333333</dst>
            <dst id="DNVRng">4331.336</dst>
            <dst id="HSTNng">1161.86133333333</dst>
            <dst id="IPLSng">11005.2346666667</dst>
            <dst id="KSCYng">723.122666666667</dst>
            <dst id="LOSAng">16233.4746666667</dst>
            <dst id="NYCMng">5504.448</dst>
            <dst id="SNVAng">26.6666666666667</dst>
            <dst id="STTLng">4397.22933333333</dst>
            <dst id="WASHng">40332.5706666667</dst>
        </src>
        <src id="CHINng">
            <dst id="ATLA-M5">707.2</dst>
            <dst id="ATLAng">40402.112</dst>
            <dst id="CHINng">82852.376</dst>
            <dst id="DNVRng">18027.888</dst>
            <dst id="HSTNng">8480.11466666667</dst>
            <dst id="IPLSng">23078.64</dst>
            <dst id="KSCYng">7131.12</dst>
            <dst id="LOSAng">51949.4186666667</dst>
            <dst id="NYCMng">9289.06666666667</dst>
            <dst id="SNVAng">144.248</dst>
            <dst id="STTLng">7766.73066666667</dst>
            <dst id="WASHng">16264.6266666667</dst>
        </src>
        <src id="DNVRng">
            <dst id="ATLA-M5">53.3333333333333</dst>
            <dst id="ATLAng">4336.59733333333</dst>
            <dst id="CHINng">59182.816</dst>
            <dst id="DNVRng">6865.76</dst>
            <dst id="HSTNng">17630.7306666667</dst>
            <dst id="IPLSng">23581.872</dst>
            <dst id="KSCYng">15227.776</dst>
            <dst id="LOSAng">11749.8133333333</dst>
            <dst id="NYCMng">8767.392</dst>
            <dst id="SNVAng">8293.14933333333</dst>
            <dst id="STTLng">7335.63733333333</dst>
            <dst id="WASHng">37731.408</dst>
        </src>
        <src id="HSTNng">
            <dst id="ATLA-M5">283.52</dst>
            <dst id="ATLAng">21380.568</dst>
            <dst id="CHINng">16704.912</dst>
            <dst id="DNVRng">2684.51733333333</dst>
            <dst id="HSTNng">4685.07733333333</dst>
            <dst id="IPLSng">1037.22666666667</dst>
            <dst id="KSCYng">915.714666666667</dst>
            <dst id="LOSAng">7258.09333333333</dst>
            <dst id="NYCMng">3641.768</dst>
            <dst id="SNVAng">0</dst>
            <dst id="STTLng">3943.60533333333</dst>
            <dst id="WASHng">2638.34666666667</dst>
        </src>
        <src id="IPLSng">
            <dst id="ATLA-M5">0</dst>
            <dst id="ATLAng">10166.736</dst>
            <dst id="CHINng">76504.888</dst>
            <dst id="DNVRng">4149.71466666667</dst>
            <dst id="HSTNng">1476.84533333333</dst>
            <dst id="IPLSng">5213.69866666667</dst>
            <dst id="KSCYng">2058.80266666667</dst>
            <dst id="LOSAng">57592.624</dst>
            <dst id="NYCMng">19473.9626666667</dst>
            <dst id="SNVAng">1498.26933333333</dst>
            <dst id="STTLng">10939.4186666667</dst>
            <dst id="WASHng">5834.344</dst>
        </src>
        <src id="KSCYng">
            <dst id="ATLA-M5">0</dst>
            <dst id="ATLAng">1378.48</dst>
            <dst id="CHINng">15914.5973333333</dst>
            <dst id="DNVRng">16121.784</dst>
            <dst id="HSTNng">2578.632</dst>
            <dst id="IPLSng">6759.33333333333</dst>
            <dst id="KSCYng">4096.02933333333</dst>
            <dst id="LOSAng">5960.01333333334</dst>
            <dst id="NYCMng">3050.13333333333</dst>
            <dst id="SNVAng">101.192</dst>
            <dst id="STTLng">2612.256</dst>
            <dst id="WASHng">6558.768</dst>
        </src>
        <src id="LOSAng">
            <dst id="ATLA-M5">1039.17866666667</dst>
            <dst id="ATLAng">43559.104</dst>
            <dst id="CHINng">109994.541333333</dst>
            <dst id="DNVRng">7325.99733333333</dst>
            <dst id="HSTNng">4477.30666666667</dst>
            <dst id="IPLSng">27580.944</dst>
            <dst id="KSCYng">1968.22933333333</dst>
            <dst id="LOSAng">20331.2666666667</dst>
            <dst id="NYCMng">64611.9066666667</dst>
            <dst id="SNVAng">6448.28</dst>
            <dst id="STTLng">39503.8373333333</dst>
            <dst id="WASHng">108213.861333333</dst>
        </src>
        <src id="NYCMng">
            <dst id="ATLA-M5">955.373333333333</dst>
            <dst id="ATLAng">31083.68</dst>
            <dst id="CHINng">52725.136</dst>
            <dst id="DNVRng">25607.9333333333</dst>
            <dst id="HSTNng">7925.85866666667</dst>
            <dst id="IPLSng">26943.7226666667</dst>
            <dst id="KSCYng">4792.05866666667</dst>
            <dst id="LOSAng">92938.8746666667</dst>
            <dst id="NYCMng">123135.752</dst>
            <dst id="SNVAng">3101.74133333333</dst>
            <dst id="STTLng">25386.7146666667</dst>
            <dst id="WASHng">83427.3013333333</dst>
        </src>
        <src id="SNVAng">
            <dst id="ATLA-M5">0</dst>
            <dst id="ATLAng">53.3333333333333</dst>
            <dst id="CHINng">126.653333333333</dst>
            <dst id="DNVRng">224.533333333333</dst>
            <dst id="HSTNng">111.12</dst>
            <dst id="IPLSng">7697.77866666667</dst>
            <dst id="KSCYng">90.984</dst>
            <dst id="LOSAng">39368.5866666667</dst>
            <dst id="NYCMng">367.221333333333</dst>
            <dst id="SNVAng">8143.39733333333</dst>
            <dst id="STTLng">25285.7786666667</dst>
            <dst id="WASHng">26.6666666666667</dst>
        </src>
        <src id="STTLng">
            <dst id="ATLA-M5">26.6666666666667</dst>
            <dst id="ATLAng">8773.54666666667</dst>
            <dst id="CHINng">24485.7253333333</dst>
            <dst id="DNVRng">1486.928</dst>
            <dst id="HSTNng">1810.42133333333</dst>
            <dst id="IPLSng">6612.24266666667</dst>
            <dst id="KSCYng">1926.24266666667</dst>
            <dst id="LOSAng">32935.16</dst>
            <dst id="NYCMng">10924.6773333333</dst>
            <dst id="SNVAng">3801.09066666667</dst>
            <dst id="STTLng">2902.76533333333</dst>
            <dst id="WASHng">8097.00533333333</dst>
        </src>
        <src id="WASHng">
            <dst id="ATLA-M5">64.0346666666667</dst>
            <dst id="ATLAng">80461.36</dst>
            <dst id="CHINng">89751.7893333333</dst>
            <dst id="DNVRng">52781.6746666667</dst>
            <dst id="HSTNng">33310.112</dst>
            <dst id="IPLSng">22774.1013333333</dst>
            <dst id="KSCYng">9168.00533333333</dst>
            <dst id="LOSAng">127939.538666667</dst>
            <dst id="NYCMng">120792.24</dst>
            <dst id="SNVAng">251.637333333333</dst>
            <dst id="STTLng">35517.9066666667</dst>
            <dst id="WASHng">262111.968</dst>
        </src>
    </IntraTM>
</TrafficMatrixFile>
