<?xml version="1.0" encoding="ISO-8859-1" standalone="yes"?>
<TrafficMatrixFile xsi:noNamespaceSchemaLocation="http://totem.run.montefiore.ulg.ac.be/Schema/TrafficMatrix-v1_2.xsd" xmlns:xsi="http://www.w3.org/2001/XMLSchema-instance">
    <IntraTM ASID="11537">
        <src id="ATLA-M5">
            <dst id="ATLA-M5">80</dst>
            <dst id="ATLAng">169.208</dst>
            <dst id="CHINng">143.226666666667</dst>
            <dst id="DNVRng">26.9226666666667</dst>
            <dst id="HSTNng">258.677333333333</dst>
            <dst id="IPLSng">378.016</dst>
            <dst id="KSCYng">71.96</dst>
            <dst id="LOSAng">351.146666666667</dst>
            <dst id="NYCMng">707.408</dst>
            <dst id="SNVAng">1741.19466666667</dst>
            <dst id="STTLng">55.9706666666667</dst>
            <dst id="WASHng">2022.92533333333</dst>
        </src>
        <src id="ATLAng">
            <dst id="ATLA-M5">216.938666666667</dst>
            <dst id="ATLAng">32848.9706666667</dst>
            <dst id="CHINng">13720.6426666667</dst>
            <dst id="DNVRng">13674.5466666667</dst>
            <dst id="HSTNng">5615.20533333334</dst>
            <dst id="IPLSng">16180.8426666667</dst>
            <dst id="KSCYng">6518.112</dst>
            <dst id="LOSAng">15906.572</dst>
            <dst id="NYCMng">7077.28533333333</dst>
            <dst id="SNVAng">875.62</dst>
            <dst id="STTLng">7301.40266666667</dst>
            <dst id="WASHng">59428.8426666667</dst>
        </src>
        <src id="CHINng">
            <dst id="ATLA-M5">388.250666666667</dst>
            <dst id="ATLAng">36565.384</dst>
            <dst id="CHINng">117265.781333333</dst>
            <dst id="DNVRng">20223.944</dst>
            <dst id="HSTNng">12110.2453333333</dst>
            <dst id="IPLSng">51771.5146666667</dst>
            <dst id="KSCYng">17738.1413333333</dst>
            <dst id="LOSAng">1013418.66666667</dst>
            <dst id="NYCMng">8945.504</dst>
            <dst id="SNVAng">1554.39733333333</dst>
            <dst id="STTLng">11123.256</dst>
            <dst id="WASHng">68809.4213333333</dst>
        </src>
        <src id="DNVRng">
            <dst id="ATLA-M5">121.269333333333</dst>
            <dst id="ATLAng">12724.4666666667</dst>
            <dst id="CHINng">75140.0693333333</dst>
            <dst id="DNVRng">25144.2906666667</dst>
            <dst id="HSTNng">17253.5626666667</dst>
            <dst id="IPLSng">25112.4773333333</dst>
            <dst id="KSCYng">14643.9173333333</dst>
            <dst id="LOSAng">22231.0506666667</dst>
            <dst id="NYCMng">20076.9706666667</dst>
            <dst id="SNVAng">28278.056</dst>
            <dst id="STTLng">9534.76533333333</dst>
            <dst id="WASHng">50148.8346666667</dst>
        </src>
        <src id="HSTNng">
            <dst id="ATLA-M5">2313.592</dst>
            <dst id="ATLAng">19634.7253333333</dst>
            <dst id="CHINng">20048.4853333333</dst>
            <dst id="DNVRng">4043.59466666667</dst>
            <dst id="HSTNng">8597.51466666667</dst>
            <dst id="IPLSng">2685.21333333333</dst>
            <dst id="KSCYng">10576.9386666667</dst>
            <dst id="LOSAng">11055.5413333333</dst>
            <dst id="NYCMng">5059.00533333333</dst>
            <dst id="SNVAng">276.56</dst>
            <dst id="STTLng">1699.88</dst>
            <dst id="WASHng">6298.632</dst>
        </src>
        <src id="IPLSng">
            <dst id="ATLA-M5">116.117333333333</dst>
            <dst id="ATLAng">17541.6</dst>
            <dst id="CHINng">80947.44</dst>
            <dst id="DNVRng">16714.84</dst>
            <dst id="HSTNng">5715.57866666667</dst>
            <dst id="IPLSng">36824.4746666667</dst>
            <dst id="KSCYng">8371.33333333333</dst>
            <dst id="LOSAng">37119.0373333333</dst>
            <dst id="NYCMng">13967.6133333333</dst>
            <dst id="SNVAng">1665.18133333333</dst>
            <dst id="STTLng">15688.192</dst>
            <dst id="WASHng">24864.8026666667</dst>
        </src>
        <src id="KSCYng">
            <dst id="ATLA-M5">380.682666666667</dst>
            <dst id="ATLAng">3602.23466666667</dst>
            <dst id="CHINng">30859.2106666667</dst>
            <dst id="DNVRng">15614.1093333333</dst>
            <dst id="HSTNng">3922.80266666667</dst>
            <dst id="IPLSng">32892.2826666667</dst>
            <dst id="KSCYng">8420.648</dst>
            <dst id="LOSAng">23506.512</dst>
            <dst id="NYCMng">5486.49333333333</dst>
            <dst id="SNVAng">890.653333333333</dst>
            <dst id="STTLng">2218.33066666667</dst>
            <dst id="WASHng">19997.8613333333</dst>
        </src>
        <src id="LOSAng">
            <dst id="ATLA-M5">388.989333333333</dst>
            <dst id="ATLAng">28950.832</dst>
            <dst id="CHINng">321060.986666667</dst>
            <dst id="DNVRng">24834.4133333333</dst>
            <dst id="HSTNng">24345.7093333333</dst>
            <dst id="IPLSng">61553.2346666667</dst>
            <dst id="KSCYng">8749.12</dst>
            <dst id="LOSAng">12846.2773333333</dst>
            <dst id="NYCMng">59154.8266666667</dst>
            <dst id="SNVAng">16951.56</dst>
            <dst id="STTLng">52544.224</dst>
            <dst id="WASHng">116066.837333333</dst>
        </src>
        <src id="NYCMng">
            <dst id="ATLA-M5">378.714666666667</dst>
            <dst id="ATLAng">65435.344</dst>
            <dst id="CHINng">69816.2453333333</dst>
            <dst id="DNVRng">31393.7413333333</dst>
            <dst id="HSTNng">13822.824</dst>
            <dst id="IPLSng">39115.8186666667</dst>
            <dst id="KSCYng">14781.616</dst>
            <dst id="LOSAng">70605.464</dst>
            <dst id="NYCMng">97191.584</dst>
            <dst id="SNVAng">5335.80533333333</dst>
            <dst id="STTLng">42342.8666666667</dst>
            <dst id="WASHng">96904.6453333333</dst>
        </src>
        <src id="SNVAng">
            <dst id="ATLA-M5">0</dst>
            <dst id="ATLAng">377.824</dst>
            <dst id="CHINng">4325.304</dst>
            <dst id="DNVRng">2842.38933333333</dst>
            <dst id="HSTNng">150.776</dst>
            <dst id="IPLSng">1148.36266666667</dst>
            <dst id="KSCYng">203.013333333333</dst>
            <dst id="LOSAng">31686.9653333333</dst>
            <dst id="NYCMng">406.234666666667</dst>
            <dst id="SNVAng">14004.7146666667</dst>
            <dst id="STTLng">27653.448</dst>
            <dst id="WASHng">444.546666666667</dst>
        </src>
        <src id="STTLng">
            <dst id="ATLA-M5">105.861333333333</dst>
            <dst id="ATLAng">16603.888</dst>
            <dst id="CHINng">27241.952</dst>
            <dst id="DNVRng">4643.30933333333</dst>
            <dst id="HSTNng">7095.89866666667</dst>
            <dst id="IPLSng">16572.0933333333</dst>
            <dst id="KSCYng">9054.616</dst>
            <dst id="LOSAng">26997.096</dst>
            <dst id="NYCMng">14786.3146666667</dst>
            <dst id="SNVAng">7510.17866666666</dst>
            <dst id="STTLng">4549.712</dst>
            <dst id="WASHng">17411.0693333333</dst>
        </src>
        <src id="WASHng">
            <dst id="ATLA-M5">1369.18133333333</dst>
            <dst id="ATLAng">80956.1573333333</dst>
            <dst id="CHINng">103731.717333333</dst>
            <dst id="DNVRng">68072.448</dst>
            <dst id="HSTNng">23529.6853333333</dst>
            <dst id="IPLSng">67908.1653333333</dst>
            <dst id="KSCYng">29919.4906666667</dst>
            <dst id="LOSAng">135082.021333333</dst>
            <dst id="NYCMng">171549.149333333</dst>
            <dst id="SNVAng">4075.62666666667</dst>
            <dst id="STTLng">51485.1546666667</dst>
            <dst id="WASHng">307889.84</dst>
        </src>
    </IntraTM>
</TrafficMatrixFile>
