<?xml version="1.0" encoding="ISO-8859-1" standalone="yes"?>
<TrafficMatrixFile xsi:noNamespaceSchemaLocation="http://totem.run.montefiore.ulg.ac.be/Schema/TrafficMatrix-v1_2.xsd" xmlns:xsi="http://www.w3.org/2001/XMLSchema-instance">
    <IntraTM ASID="11537">
        <src id="ATLA-M5">
            <dst id="ATLA-M5">386.368</dst>
            <dst id="ATLAng">1285.752</dst>
            <dst id="CHINng">219.613333333333</dst>
            <dst id="DNVRng">56.032</dst>
            <dst id="HSTNng">190.368</dst>
            <dst id="IPLSng">190.128</dst>
            <dst id="KSCYng">81.3653333333333</dst>
            <dst id="LOSAng">333.432</dst>
            <dst id="NYCMng">624</dst>
            <dst id="SNVAng">0</dst>
            <dst id="STTLng">53.3333333333333</dst>
            <dst id="WASHng">1523.448</dst>
        </src>
        <src id="ATLAng">
            <dst id="ATLA-M5">706.077333333333</dst>
            <dst id="ATLAng">24717.0773333333</dst>
            <dst id="CHINng">13926.1546666667</dst>
            <dst id="DNVRng">3572.216</dst>
            <dst id="HSTNng">3630.60533333333</dst>
            <dst id="IPLSng">18600.5706666667</dst>
            <dst id="KSCYng">7138.26933333333</dst>
            <dst id="LOSAng">12313.564</dst>
            <dst id="NYCMng">6960.25066666667</dst>
            <dst id="SNVAng">799.353333333333</dst>
            <dst id="STTLng">6710.09066666667</dst>
            <dst id="WASHng">73615.6346666667</dst>
        </src>
        <src id="CHINng">
            <dst id="ATLA-M5">1870.33066666667</dst>
            <dst id="ATLAng">32337.128</dst>
            <dst id="CHINng">122832.749333333</dst>
            <dst id="DNVRng">12617.6453333333</dst>
            <dst id="HSTNng">9885.92</dst>
            <dst id="IPLSng">49988.4426666667</dst>
            <dst id="KSCYng">8865.42666666667</dst>
            <dst id="LOSAng">43262.3146666667</dst>
            <dst id="NYCMng">8859.104</dst>
            <dst id="SNVAng">646.037333333333</dst>
            <dst id="STTLng">6374.44</dst>
            <dst id="WASHng">61574.5973333333</dst>
        </src>
        <src id="DNVRng">
            <dst id="ATLA-M5">162.229333333333</dst>
            <dst id="ATLAng">8858.77066666667</dst>
            <dst id="CHINng">127904.877333333</dst>
            <dst id="DNVRng">22541.0026666667</dst>
            <dst id="HSTNng">23223.784</dst>
            <dst id="IPLSng">25269.32</dst>
            <dst id="KSCYng">22137.6053333333</dst>
            <dst id="LOSAng">8360.06133333333</dst>
            <dst id="NYCMng">10824.2426666667</dst>
            <dst id="SNVAng">15246.3893333333</dst>
            <dst id="STTLng">12413.256</dst>
            <dst id="WASHng">51998.3146666667</dst>
        </src>
        <src id="HSTNng">
            <dst id="ATLA-M5">474.264</dst>
            <dst id="ATLAng">5311.8</dst>
            <dst id="CHINng">20333.76</dst>
            <dst id="DNVRng">8085.70933333333</dst>
            <dst id="HSTNng">9108.90666666667</dst>
            <dst id="IPLSng">1910</dst>
            <dst id="KSCYng">6179.21333333333</dst>
            <dst id="LOSAng">8424.304</dst>
            <dst id="NYCMng">4367.25333333333</dst>
            <dst id="SNVAng">87.3626666666667</dst>
            <dst id="STTLng">1700.24</dst>
            <dst id="WASHng">8340.72266666667</dst>
        </src>
        <src id="IPLSng">
            <dst id="ATLA-M5">978.88</dst>
            <dst id="ATLAng">35550.0746666667</dst>
            <dst id="CHINng">109431.141333333</dst>
            <dst id="DNVRng">3646.656</dst>
            <dst id="HSTNng">12252.368</dst>
            <dst id="IPLSng">44415.7813333333</dst>
            <dst id="KSCYng">7039.73333333333</dst>
            <dst id="LOSAng">21862.1706666667</dst>
            <dst id="NYCMng">23496.5306666667</dst>
            <dst id="SNVAng">4769.75733333333</dst>
            <dst id="STTLng">8390.73333333334</dst>
            <dst id="WASHng">37614.28</dst>
        </src>
        <src id="KSCYng">
            <dst id="ATLA-M5">408.490666666667</dst>
            <dst id="ATLAng">2707.48</dst>
            <dst id="CHINng">77865.2293333334</dst>
            <dst id="DNVRng">17241.9866666667</dst>
            <dst id="HSTNng">3911.97866666667</dst>
            <dst id="IPLSng">19564.704</dst>
            <dst id="KSCYng">14692.7813333333</dst>
            <dst id="LOSAng">6293.952</dst>
            <dst id="NYCMng">6002.288</dst>
            <dst id="SNVAng">275.549333333333</dst>
            <dst id="STTLng">1276.96</dst>
            <dst id="WASHng">23509.3706666667</dst>
        </src>
        <src id="LOSAng">
            <dst id="ATLA-M5">736.074666666667</dst>
            <dst id="ATLAng">18438.7146666667</dst>
            <dst id="CHINng">143421.717333333</dst>
            <dst id="DNVRng">15955.992</dst>
            <dst id="HSTNng">40286.64</dst>
            <dst id="IPLSng">58758.6453333333</dst>
            <dst id="KSCYng">11211.36</dst>
            <dst id="LOSAng">14968.7066666667</dst>
            <dst id="NYCMng">54402.24</dst>
            <dst id="SNVAng">16741.9733333333</dst>
            <dst id="STTLng">37547.6346666667</dst>
            <dst id="WASHng">123462.053333333</dst>
        </src>
        <src id="NYCMng">
            <dst id="ATLA-M5">813.922666666667</dst>
            <dst id="ATLAng">50459.5653333333</dst>
            <dst id="CHINng">63593.208</dst>
            <dst id="DNVRng">25805.7626666667</dst>
            <dst id="HSTNng">12378.664</dst>
            <dst id="IPLSng">45631.4453333333</dst>
            <dst id="KSCYng">11703.2293333333</dst>
            <dst id="LOSAng">50974.048</dst>
            <dst id="NYCMng">130791.736</dst>
            <dst id="SNVAng">2817.312</dst>
            <dst id="STTLng">21240.9946666667</dst>
            <dst id="WASHng">96790.8533333333</dst>
        </src>
        <src id="SNVAng">
            <dst id="ATLA-M5">245.888</dst>
            <dst id="ATLAng">82.8933333333333</dst>
            <dst id="CHINng">1709.29333333333</dst>
            <dst id="DNVRng">2159.58133333333</dst>
            <dst id="HSTNng">101.482666666667</dst>
            <dst id="IPLSng">992.098666666667</dst>
            <dst id="KSCYng">1349.58133333333</dst>
            <dst id="LOSAng">26131.6373333333</dst>
            <dst id="NYCMng">1371.10666666667</dst>
            <dst id="SNVAng">12773.536</dst>
            <dst id="STTLng">23333.8506666667</dst>
            <dst id="WASHng">308.885333333333</dst>
        </src>
        <src id="STTLng">
            <dst id="ATLA-M5">343.746666666667</dst>
            <dst id="ATLAng">14808.168</dst>
            <dst id="CHINng">37322.4373333333</dst>
            <dst id="DNVRng">2605.97333333333</dst>
            <dst id="HSTNng">3645.54133333333</dst>
            <dst id="IPLSng">16595.7626666667</dst>
            <dst id="KSCYng">14719.9706666667</dst>
            <dst id="LOSAng">57763.8293333333</dst>
            <dst id="NYCMng">13950.336</dst>
            <dst id="SNVAng">4261.81333333333</dst>
            <dst id="STTLng">8043.48533333333</dst>
            <dst id="WASHng">17548.4506666667</dst>
        </src>
        <src id="WASHng">
            <dst id="ATLA-M5">1770.568</dst>
            <dst id="ATLAng">107640.866666667</dst>
            <dst id="CHINng">107777.16</dst>
            <dst id="DNVRng">55616.0853333333</dst>
            <dst id="HSTNng">28637.6293333333</dst>
            <dst id="IPLSng">85744.9493333334</dst>
            <dst id="KSCYng">43408.408</dst>
            <dst id="LOSAng">113889.448</dst>
            <dst id="NYCMng">179234.173333333</dst>
            <dst id="SNVAng">6160.70666666667</dst>
            <dst id="STTLng">25829.3093333333</dst>
            <dst id="WASHng">298615.306666667</dst>
        </src>
    </IntraTM>
</TrafficMatrixFile>
