<?xml version="1.0" encoding="ISO-8859-1" standalone="yes"?>
<TrafficMatrixFile xsi:noNamespaceSchemaLocation="http://totem.run.montefiore.ulg.ac.be/Schema/TrafficMatrix-v1_2.xsd" xmlns:xsi="http://www.w3.org/2001/XMLSchema-instance">
    <IntraTM ASID="11537">
        <src id="ATLA-M5">
            <dst id="ATLA-M5">92.5226666666667</dst>
            <dst id="ATLAng">1283.89066666667</dst>
            <dst id="CHINng">108.288</dst>
            <dst id="DNVRng">136.957333333333</dst>
            <dst id="HSTNng">204.426666666667</dst>
            <dst id="IPLSng">187.653333333333</dst>
            <dst id="KSCYng">74.3386666666667</dst>
            <dst id="LOSAng">191.584</dst>
            <dst id="NYCMng">853.904</dst>
            <dst id="SNVAng">0</dst>
            <dst id="STTLng">26.6666666666667</dst>
            <dst id="WASHng">1582.608</dst>
        </src>
        <src id="ATLAng">
            <dst id="ATLA-M5">633.981333333333</dst>
            <dst id="ATLAng">28904.4666666667</dst>
            <dst id="CHINng">24060.0693333333</dst>
            <dst id="DNVRng">3928.68533333333</dst>
            <dst id="HSTNng">5082.32</dst>
            <dst id="IPLSng">15568.152</dst>
            <dst id="KSCYng">5496.21333333333</dst>
            <dst id="LOSAng">11165.0773333333</dst>
            <dst id="NYCMng">5908.06133333333</dst>
            <dst id="SNVAng">825.184</dst>
            <dst id="STTLng">5578</dst>
            <dst id="WASHng">74509.0933333333</dst>
        </src>
        <src id="CHINng">
            <dst id="ATLA-M5">2500.08533333333</dst>
            <dst id="ATLAng">28211.6933333333</dst>
            <dst id="CHINng">115917.352</dst>
            <dst id="DNVRng">16770.7466666667</dst>
            <dst id="HSTNng">8352.30666666667</dst>
            <dst id="IPLSng">58285.0453333333</dst>
            <dst id="KSCYng">6460.18133333333</dst>
            <dst id="LOSAng">43420.4746666667</dst>
            <dst id="NYCMng">9373.70933333333</dst>
            <dst id="SNVAng">432.509333333333</dst>
            <dst id="STTLng">6504.52266666667</dst>
            <dst id="WASHng">51144.832</dst>
        </src>
        <src id="DNVRng">
            <dst id="ATLA-M5">201.688</dst>
            <dst id="ATLAng">8199.20533333333</dst>
            <dst id="CHINng">141036.242666667</dst>
            <dst id="DNVRng">30399.4506666667</dst>
            <dst id="HSTNng">29343.8586666667</dst>
            <dst id="IPLSng">25428.496</dst>
            <dst id="KSCYng">29253.608</dst>
            <dst id="LOSAng">8271.01066666667</dst>
            <dst id="NYCMng">15877.0053333333</dst>
            <dst id="SNVAng">25528.08</dst>
            <dst id="STTLng">16691.448</dst>
            <dst id="WASHng">44006.8053333333</dst>
        </src>
        <src id="HSTNng">
            <dst id="ATLA-M5">439.485333333333</dst>
            <dst id="ATLAng">4400.376</dst>
            <dst id="CHINng">18180.864</dst>
            <dst id="DNVRng">2154.784</dst>
            <dst id="HSTNng">7266.912</dst>
            <dst id="IPLSng">1721.82933333333</dst>
            <dst id="KSCYng">6843.464</dst>
            <dst id="LOSAng">9544.06933333333</dst>
            <dst id="NYCMng">5839.96266666667</dst>
            <dst id="SNVAng">303.698666666667</dst>
            <dst id="STTLng">1159.752</dst>
            <dst id="WASHng">6323.672</dst>
        </src>
        <src id="IPLSng">
            <dst id="ATLA-M5">241.944</dst>
            <dst id="ATLAng">27562.08</dst>
            <dst id="CHINng">103804.725333333</dst>
            <dst id="DNVRng">5559.456</dst>
            <dst id="HSTNng">9604.13866666666</dst>
            <dst id="IPLSng">45700.7546666667</dst>
            <dst id="KSCYng">10764.9573333333</dst>
            <dst id="LOSAng">22240.5386666667</dst>
            <dst id="NYCMng">31172.6933333333</dst>
            <dst id="SNVAng">758.234666666667</dst>
            <dst id="STTLng">12513.944</dst>
            <dst id="WASHng">36470.2986666667</dst>
        </src>
        <src id="KSCYng">
            <dst id="ATLA-M5">306.333333333333</dst>
            <dst id="ATLAng">2755.928</dst>
            <dst id="CHINng">27782.984</dst>
            <dst id="DNVRng">12737.0346666667</dst>
            <dst id="HSTNng">3505.48266666667</dst>
            <dst id="IPLSng">19058.5146666667</dst>
            <dst id="KSCYng">17879.2213333333</dst>
            <dst id="LOSAng">24290.192</dst>
            <dst id="NYCMng">5021.29333333333</dst>
            <dst id="SNVAng">153.842666666667</dst>
            <dst id="STTLng">1979.31733333333</dst>
            <dst id="WASHng">17732.6666666667</dst>
        </src>
        <src id="LOSAng">
            <dst id="ATLA-M5">2720.68533333333</dst>
            <dst id="ATLAng">38570.064</dst>
            <dst id="CHINng">149331.570666667</dst>
            <dst id="DNVRng">12500.944</dst>
            <dst id="HSTNng">19727.0293333333</dst>
            <dst id="IPLSng">57864.4506666667</dst>
            <dst id="KSCYng">8312.10666666666</dst>
            <dst id="LOSAng">15625.0693333333</dst>
            <dst id="NYCMng">64447.3733333333</dst>
            <dst id="SNVAng">15382.9973333333</dst>
            <dst id="STTLng">38434.5253333333</dst>
            <dst id="WASHng">117567.074666667</dst>
        </src>
        <src id="NYCMng">
            <dst id="ATLA-M5">1349.96</dst>
            <dst id="ATLAng">56554.7333333333</dst>
            <dst id="CHINng">69977.3573333333</dst>
            <dst id="DNVRng">28330.352</dst>
            <dst id="HSTNng">7293.48533333333</dst>
            <dst id="IPLSng">40223.3146666667</dst>
            <dst id="KSCYng">16618.208</dst>
            <dst id="LOSAng">46014.576</dst>
            <dst id="NYCMng">137232.458666667</dst>
            <dst id="SNVAng">3207.23466666667</dst>
            <dst id="STTLng">17789.8746666667</dst>
            <dst id="WASHng">75478.84</dst>
        </src>
        <src id="SNVAng">
            <dst id="ATLA-M5">0</dst>
            <dst id="ATLAng">1226.31733333333</dst>
            <dst id="CHINng">978.085333333333</dst>
            <dst id="DNVRng">1714.4</dst>
            <dst id="HSTNng">360.872</dst>
            <dst id="IPLSng">380.122666666667</dst>
            <dst id="KSCYng">1743.608</dst>
            <dst id="LOSAng">25633.0666666667</dst>
            <dst id="NYCMng">8590.17866666666</dst>
            <dst id="SNVAng">13637.064</dst>
            <dst id="STTLng">22699.144</dst>
            <dst id="WASHng">399.029333333333</dst>
        </src>
        <src id="STTLng">
            <dst id="ATLA-M5">331.666666666667</dst>
            <dst id="ATLAng">14675.7706666667</dst>
            <dst id="CHINng">32590.7333333333</dst>
            <dst id="DNVRng">2369.25066666667</dst>
            <dst id="HSTNng">2626.392</dst>
            <dst id="IPLSng">13755.352</dst>
            <dst id="KSCYng">2712.83466666667</dst>
            <dst id="LOSAng">20412.4186666667</dst>
            <dst id="NYCMng">10277.432</dst>
            <dst id="SNVAng">5209.256</dst>
            <dst id="STTLng">10817.1653333333</dst>
            <dst id="WASHng">14619.2106666667</dst>
        </src>
        <src id="WASHng">
            <dst id="ATLA-M5">1173.83466666667</dst>
            <dst id="ATLAng">116393.168</dst>
            <dst id="CHINng">115988.144</dst>
            <dst id="DNVRng">67999.424</dst>
            <dst id="HSTNng">44201.4133333333</dst>
            <dst id="IPLSng">83733.0506666667</dst>
            <dst id="KSCYng">31705.5013333333</dst>
            <dst id="LOSAng">108552.656</dst>
            <dst id="NYCMng">164043.698666667</dst>
            <dst id="SNVAng">4930.81866666667</dst>
            <dst id="STTLng">57899.7973333333</dst>
            <dst id="WASHng">299880.133333333</dst>
        </src>
    </IntraTM>
</TrafficMatrixFile>
