<?xml version="1.0" encoding="ISO-8859-1" standalone="yes"?>
<TrafficMatrixFile xsi:noNamespaceSchemaLocation="http://totem.run.montefiore.ulg.ac.be/Schema/TrafficMatrix-v1_2.xsd" xmlns:xsi="http://www.w3.org/2001/XMLSchema-instance">
    <IntraTM ASID="11537">
        <src id="ATLA-M5">
            <dst id="ATLA-M5">0</dst>
            <dst id="ATLAng">100.584</dst>
            <dst id="CHINng">341.904</dst>
            <dst id="DNVRng">0</dst>
            <dst id="HSTNng">115.621333333333</dst>
            <dst id="IPLSng">53.3333333333333</dst>
            <dst id="KSCYng">212.544</dst>
            <dst id="LOSAng">91</dst>
            <dst id="NYCMng">0</dst>
            <dst id="SNVAng">0</dst>
            <dst id="STTLng">26.8693333333333</dst>
            <dst id="WASHng">139.52</dst>
        </src>
        <src id="ATLAng">
            <dst id="ATLA-M5">148.381333333333</dst>
            <dst id="ATLAng">29816.8853333333</dst>
            <dst id="CHINng">21542.5413333333</dst>
            <dst id="DNVRng">10844.3733333333</dst>
            <dst id="HSTNng">2889.52</dst>
            <dst id="IPLSng">10439.616</dst>
            <dst id="KSCYng">1085.20533333333</dst>
            <dst id="LOSAng">13905.6426666667</dst>
            <dst id="NYCMng">10487.1813333333</dst>
            <dst id="SNVAng">26.6666666666667</dst>
            <dst id="STTLng">8175.89866666667</dst>
            <dst id="WASHng">29659.2773333333</dst>
        </src>
        <src id="CHINng">
            <dst id="ATLA-M5">101.797333333333</dst>
            <dst id="ATLAng">33508.1386666667</dst>
            <dst id="CHINng">83132.08</dst>
            <dst id="DNVRng">19499.6693333333</dst>
            <dst id="HSTNng">5097.59466666667</dst>
            <dst id="IPLSng">24649</dst>
            <dst id="KSCYng">5297.87733333333</dst>
            <dst id="LOSAng">47279.6186666667</dst>
            <dst id="NYCMng">4703.43733333333</dst>
            <dst id="SNVAng">624.968</dst>
            <dst id="STTLng">11794.9066666667</dst>
            <dst id="WASHng">22969.9626666667</dst>
        </src>
        <src id="DNVRng">
            <dst id="ATLA-M5">152.717333333333</dst>
            <dst id="ATLAng">6853.312</dst>
            <dst id="CHINng">50357.616</dst>
            <dst id="DNVRng">29557.8026666667</dst>
            <dst id="HSTNng">23641.4213333333</dst>
            <dst id="IPLSng">19866.8853333333</dst>
            <dst id="KSCYng">27340.4853333333</dst>
            <dst id="LOSAng">22016.9226666667</dst>
            <dst id="NYCMng">11222.9013333333</dst>
            <dst id="SNVAng">10578.088</dst>
            <dst id="STTLng">16507.1386666667</dst>
            <dst id="WASHng">39854.5626666667</dst>
        </src>
        <src id="HSTNng">
            <dst id="ATLA-M5">2451.17333333333</dst>
            <dst id="ATLAng">18372.504</dst>
            <dst id="CHINng">6199.44</dst>
            <dst id="DNVRng">1779.352</dst>
            <dst id="HSTNng">9466.72533333333</dst>
            <dst id="IPLSng">1357.06933333333</dst>
            <dst id="KSCYng">643.056</dst>
            <dst id="LOSAng">6147.46666666667</dst>
            <dst id="NYCMng">1138.34933333333</dst>
            <dst id="SNVAng">0</dst>
            <dst id="STTLng">1988.70933333333</dst>
            <dst id="WASHng">2238.09866666667</dst>
        </src>
        <src id="IPLSng">
            <dst id="ATLA-M5">0</dst>
            <dst id="ATLAng">13681.0853333333</dst>
            <dst id="CHINng">67683.8506666667</dst>
            <dst id="DNVRng">4269.31466666667</dst>
            <dst id="HSTNng">4686.704</dst>
            <dst id="IPLSng">21862.856</dst>
            <dst id="KSCYng">1671.96</dst>
            <dst id="LOSAng">48898.68</dst>
            <dst id="NYCMng">15239.888</dst>
            <dst id="SNVAng">627.72</dst>
            <dst id="STTLng">8172.95733333333</dst>
            <dst id="WASHng">6500.688</dst>
        </src>
        <src id="KSCYng">
            <dst id="ATLA-M5">828.821333333333</dst>
            <dst id="ATLAng">2194.79466666667</dst>
            <dst id="CHINng">14502.2853333333</dst>
            <dst id="DNVRng">17080.04</dst>
            <dst id="HSTNng">3203.89866666667</dst>
            <dst id="IPLSng">7274.98666666667</dst>
            <dst id="KSCYng">6030.16266666667</dst>
            <dst id="LOSAng">6406.808</dst>
            <dst id="NYCMng">2983.71733333333</dst>
            <dst id="SNVAng">1326.73333333333</dst>
            <dst id="STTLng">1809.73866666667</dst>
            <dst id="WASHng">11410.8746666667</dst>
        </src>
        <src id="LOSAng">
            <dst id="ATLA-M5">796.84</dst>
            <dst id="ATLAng">45706.216</dst>
            <dst id="CHINng">95970.5813333333</dst>
            <dst id="DNVRng">10446.9466666667</dst>
            <dst id="HSTNng">10546.7093333333</dst>
            <dst id="IPLSng">27568.5786666667</dst>
            <dst id="KSCYng">4768.05333333333</dst>
            <dst id="LOSAng">23071.264</dst>
            <dst id="NYCMng">62912.952</dst>
            <dst id="SNVAng">10316.8106666667</dst>
            <dst id="STTLng">37409.6666666667</dst>
            <dst id="WASHng">101859.194666667</dst>
        </src>
        <src id="NYCMng">
            <dst id="ATLA-M5">355.52</dst>
            <dst id="ATLAng">45778.4026666667</dst>
            <dst id="CHINng">36142.7333333333</dst>
            <dst id="DNVRng">29601.8026666667</dst>
            <dst id="HSTNng">5040.88266666667</dst>
            <dst id="IPLSng">25978.4106666667</dst>
            <dst id="KSCYng">8884.528</dst>
            <dst id="LOSAng">74921.128</dst>
            <dst id="NYCMng">76120.1706666667</dst>
            <dst id="SNVAng">2492.05866666667</dst>
            <dst id="STTLng">22638.376</dst>
            <dst id="WASHng">65825.264</dst>
        </src>
        <src id="SNVAng">
            <dst id="ATLA-M5">0</dst>
            <dst id="ATLAng">53.3333333333333</dst>
            <dst id="CHINng">127.818666666667</dst>
            <dst id="DNVRng">5145.58133333333</dst>
            <dst id="HSTNng">80</dst>
            <dst id="IPLSng">1166.744</dst>
            <dst id="KSCYng">148.6</dst>
            <dst id="LOSAng">21006.384</dst>
            <dst id="NYCMng">274.186666666667</dst>
            <dst id="SNVAng">8627.16</dst>
            <dst id="STTLng">27515.3013333333</dst>
            <dst id="WASHng">80</dst>
        </src>
        <src id="STTLng">
            <dst id="ATLA-M5">260.130666666667</dst>
            <dst id="ATLAng">12267.192</dst>
            <dst id="CHINng">13277.36</dst>
            <dst id="DNVRng">4231.59466666667</dst>
            <dst id="HSTNng">3092.46133333333</dst>
            <dst id="IPLSng">9796.96266666667</dst>
            <dst id="KSCYng">2479.20266666667</dst>
            <dst id="LOSAng">28688.3413333333</dst>
            <dst id="NYCMng">7597.448</dst>
            <dst id="SNVAng">3947.09866666667</dst>
            <dst id="STTLng">2099.18666666667</dst>
            <dst id="WASHng">9141.64266666667</dst>
        </src>
        <src id="WASHng">
            <dst id="ATLA-M5">116.912</dst>
            <dst id="ATLAng">83398.312</dst>
            <dst id="CHINng">86719.3893333333</dst>
            <dst id="DNVRng">49298.624</dst>
            <dst id="HSTNng">56903.1626666667</dst>
            <dst id="IPLSng">28166.4373333333</dst>
            <dst id="KSCYng">8034.19466666667</dst>
            <dst id="LOSAng">117936.253333333</dst>
            <dst id="NYCMng">117857.594666667</dst>
            <dst id="SNVAng">751.509333333333</dst>
            <dst id="STTLng">38049.5813333333</dst>
            <dst id="WASHng">155860.253333333</dst>
        </src>
    </IntraTM>
</TrafficMatrixFile>
