<?xml version="1.0" encoding="ISO-8859-1" standalone="yes"?>
<TrafficMatrixFile xsi:noNamespaceSchemaLocation="http://totem.run.montefiore.ulg.ac.be/Schema/TrafficMatrix-v1_2.xsd" xmlns:xsi="http://www.w3.org/2001/XMLSchema-instance">
    <IntraTM ASID="11537">
        <src id="ATLA-M5">
            <dst id="ATLA-M5">737.954666666667</dst>
            <dst id="ATLAng">26.6666666666667</dst>
            <dst id="CHINng">53.3333333333333</dst>
            <dst id="DNVRng">0</dst>
            <dst id="HSTNng">147.816</dst>
            <dst id="IPLSng">26.6666666666667</dst>
            <dst id="KSCYng">455.672</dst>
            <dst id="LOSAng">384.218666666667</dst>
            <dst id="NYCMng">192.997333333333</dst>
            <dst id="SNVAng">0</dst>
            <dst id="STTLng">0</dst>
            <dst id="WASHng">2516.70933333333</dst>
        </src>
        <src id="ATLAng">
            <dst id="ATLA-M5">95.752</dst>
            <dst id="ATLAng">26884.1813333333</dst>
            <dst id="CHINng">5634.008</dst>
            <dst id="DNVRng">5542.18666666667</dst>
            <dst id="HSTNng">6683.224</dst>
            <dst id="IPLSng">14424.832</dst>
            <dst id="KSCYng">1685.21066666667</dst>
            <dst id="LOSAng">10530.0666666667</dst>
            <dst id="NYCMng">5682.21066666667</dst>
            <dst id="SNVAng">264.381333333333</dst>
            <dst id="STTLng">3813.6</dst>
            <dst id="WASHng">55183.48</dst>
        </src>
        <src id="CHINng">
            <dst id="ATLA-M5">365.914666666667</dst>
            <dst id="ATLAng">18863.328</dst>
            <dst id="CHINng">118995.208</dst>
            <dst id="DNVRng">8243.568</dst>
            <dst id="HSTNng">3606.14666666667</dst>
            <dst id="IPLSng">22197.424</dst>
            <dst id="KSCYng">11686.488</dst>
            <dst id="LOSAng">41210.4853333333</dst>
            <dst id="NYCMng">8438.84</dst>
            <dst id="SNVAng">192.637333333333</dst>
            <dst id="STTLng">8418.16266666667</dst>
            <dst id="WASHng">45425.576</dst>
        </src>
        <src id="DNVRng">
            <dst id="ATLA-M5">87.2853333333333</dst>
            <dst id="ATLAng">12350.7173333333</dst>
            <dst id="CHINng">65556.8373333333</dst>
            <dst id="DNVRng">23543.0266666667</dst>
            <dst id="HSTNng">11909.2746666667</dst>
            <dst id="IPLSng">21793.184</dst>
            <dst id="KSCYng">9772.152</dst>
            <dst id="LOSAng">4226.904</dst>
            <dst id="NYCMng">14052.2746666667</dst>
            <dst id="SNVAng">6222.152</dst>
            <dst id="STTLng">11460.4426666667</dst>
            <dst id="WASHng">35846.4533333333</dst>
        </src>
        <src id="HSTNng">
            <dst id="ATLA-M5">3372.61333333333</dst>
            <dst id="ATLAng">3449.408</dst>
            <dst id="CHINng">16650.52</dst>
            <dst id="DNVRng">584.469333333333</dst>
            <dst id="HSTNng">3585.49066666667</dst>
            <dst id="IPLSng">1121.62933333333</dst>
            <dst id="KSCYng">2367.45866666667</dst>
            <dst id="LOSAng">7647.13866666667</dst>
            <dst id="NYCMng">2816.12266666667</dst>
            <dst id="SNVAng">53.3333333333333</dst>
            <dst id="STTLng">572.709333333333</dst>
            <dst id="WASHng">2247.43733333333</dst>
        </src>
        <src id="IPLSng">
            <dst id="ATLA-M5">111.570666666667</dst>
            <dst id="ATLAng">16424.6213333333</dst>
            <dst id="CHINng">82701.952</dst>
            <dst id="DNVRng">7101.64</dst>
            <dst id="HSTNng">1645.62933333333</dst>
            <dst id="IPLSng">8893.87733333333</dst>
            <dst id="KSCYng">8536.87466666667</dst>
            <dst id="LOSAng">17496.4026666667</dst>
            <dst id="NYCMng">17212.8586666667</dst>
            <dst id="SNVAng">419.301333333333</dst>
            <dst id="STTLng">7697.536</dst>
            <dst id="WASHng">23557.2853333333</dst>
        </src>
        <src id="KSCYng">
            <dst id="ATLA-M5">26.6666666666667</dst>
            <dst id="ATLAng">2225.552</dst>
            <dst id="CHINng">63486.8</dst>
            <dst id="DNVRng">13219.944</dst>
            <dst id="HSTNng">2629.96533333333</dst>
            <dst id="IPLSng">4941.43733333333</dst>
            <dst id="KSCYng">3093.01866666667</dst>
            <dst id="LOSAng">6982.24533333333</dst>
            <dst id="NYCMng">5236</dst>
            <dst id="SNVAng">106.666666666667</dst>
            <dst id="STTLng">598.093333333333</dst>
            <dst id="WASHng">7108.88266666667</dst>
        </src>
        <src id="LOSAng">
            <dst id="ATLA-M5">338.408</dst>
            <dst id="ATLAng">20999.1626666667</dst>
            <dst id="CHINng">146494.832</dst>
            <dst id="DNVRng">7042.62933333333</dst>
            <dst id="HSTNng">14474.28</dst>
            <dst id="IPLSng">21161.1013333333</dst>
            <dst id="KSCYng">6888.12</dst>
            <dst id="LOSAng">17110.536</dst>
            <dst id="NYCMng">54414.3733333333</dst>
            <dst id="SNVAng">8666.41866666667</dst>
            <dst id="STTLng">32656.7813333333</dst>
            <dst id="WASHng">114042.602666667</dst>
        </src>
        <src id="NYCMng">
            <dst id="ATLA-M5">573.778666666667</dst>
            <dst id="ATLAng">36992.2506666667</dst>
            <dst id="CHINng">107534.802666667</dst>
            <dst id="DNVRng">17966.328</dst>
            <dst id="HSTNng">8258.73333333333</dst>
            <dst id="IPLSng">41444.6266666667</dst>
            <dst id="KSCYng">9557.82666666667</dst>
            <dst id="LOSAng">64988.608</dst>
            <dst id="NYCMng">84463.928</dst>
            <dst id="SNVAng">2425.94666666667</dst>
            <dst id="STTLng">19345.76</dst>
            <dst id="WASHng">74675.7626666667</dst>
        </src>
        <src id="SNVAng">
            <dst id="ATLA-M5">0</dst>
            <dst id="ATLAng">26.6666666666667</dst>
            <dst id="CHINng">379.341333333333</dst>
            <dst id="DNVRng">1423.37333333333</dst>
            <dst id="HSTNng">123.626666666667</dst>
            <dst id="IPLSng">5981.688</dst>
            <dst id="KSCYng">26.6666666666667</dst>
            <dst id="LOSAng">28730.7066666667</dst>
            <dst id="NYCMng">300.325333333333</dst>
            <dst id="SNVAng">10051.2293333333</dst>
            <dst id="STTLng">19919.8986666667</dst>
            <dst id="WASHng">1225.19466666667</dst>
        </src>
        <src id="STTLng">
            <dst id="ATLA-M5">26.6666666666667</dst>
            <dst id="ATLAng">9941.168</dst>
            <dst id="CHINng">33575.2293333333</dst>
            <dst id="DNVRng">1875.82933333333</dst>
            <dst id="HSTNng">1010.45866666667</dst>
            <dst id="IPLSng">8009.04533333333</dst>
            <dst id="KSCYng">406.741333333333</dst>
            <dst id="LOSAng">19015.7493333333</dst>
            <dst id="NYCMng">8892.64533333333</dst>
            <dst id="SNVAng">7989.36266666667</dst>
            <dst id="STTLng">1730.224</dst>
            <dst id="WASHng">10828.768</dst>
        </src>
        <src id="WASHng">
            <dst id="ATLA-M5">230.685333333333</dst>
            <dst id="ATLAng">179225.722666667</dst>
            <dst id="CHINng">91715.8906666667</dst>
            <dst id="DNVRng">53920.24</dst>
            <dst id="HSTNng">10483.8266666667</dst>
            <dst id="IPLSng">36245.1626666667</dst>
            <dst id="KSCYng">11087.52</dst>
            <dst id="LOSAng">110969.077333333</dst>
            <dst id="NYCMng">122636.746666667</dst>
            <dst id="SNVAng">4801.24266666667</dst>
            <dst id="STTLng">26116.4053333333</dst>
            <dst id="WASHng">274446.88</dst>
        </src>
    </IntraTM>
</TrafficMatrixFile>
