<?xml version="1.0" encoding="ISO-8859-1" standalone="yes"?>
<TrafficMatrixFile xsi:noNamespaceSchemaLocation="http://totem.run.montefiore.ulg.ac.be/Schema/TrafficMatrix-v1_2.xsd" xmlns:xsi="http://www.w3.org/2001/XMLSchema-instance">
    <IntraTM ASID="11537">
        <src id="ATLA-M5">
            <dst id="ATLA-M5">34.5013333333333</dst>
            <dst id="ATLAng">1192.98133333333</dst>
            <dst id="CHINng">379.048</dst>
            <dst id="DNVRng">0</dst>
            <dst id="HSTNng">53.3333333333333</dst>
            <dst id="IPLSng">438.754666666667</dst>
            <dst id="KSCYng">26.6666666666667</dst>
            <dst id="LOSAng">268.28</dst>
            <dst id="NYCMng">1181.93066666667</dst>
            <dst id="SNVAng">0</dst>
            <dst id="STTLng">26.6666666666667</dst>
            <dst id="WASHng">1235.71733333333</dst>
        </src>
        <src id="ATLAng">
            <dst id="ATLA-M5">264.874666666667</dst>
            <dst id="ATLAng">46704.8266666667</dst>
            <dst id="CHINng">14921.8933333333</dst>
            <dst id="DNVRng">5720.84</dst>
            <dst id="HSTNng">8897.57066666667</dst>
            <dst id="IPLSng">15684.24</dst>
            <dst id="KSCYng">5169.31466666667</dst>
            <dst id="LOSAng">38592.1546666667</dst>
            <dst id="NYCMng">9825.15466666667</dst>
            <dst id="SNVAng">154.828</dst>
            <dst id="STTLng">5333.54933333333</dst>
            <dst id="WASHng">52774.0773333333</dst>
        </src>
        <src id="CHINng">
            <dst id="ATLA-M5">260.776</dst>
            <dst id="ATLAng">15002.0986666667</dst>
            <dst id="CHINng">119837.218666667</dst>
            <dst id="DNVRng">18339.896</dst>
            <dst id="HSTNng">20577.9626666667</dst>
            <dst id="IPLSng">44601.4853333333</dst>
            <dst id="KSCYng">11777.3786666667</dst>
            <dst id="LOSAng">1610982.26666667</dst>
            <dst id="NYCMng">13226.0373333333</dst>
            <dst id="SNVAng">734.421333333333</dst>
            <dst id="STTLng">9789.072</dst>
            <dst id="WASHng">33811.0746666667</dst>
        </src>
        <src id="DNVRng">
            <dst id="ATLA-M5">0</dst>
            <dst id="ATLAng">21031.4106666667</dst>
            <dst id="CHINng">50412.224</dst>
            <dst id="DNVRng">28299.0453333333</dst>
            <dst id="HSTNng">31438.1813333333</dst>
            <dst id="IPLSng">28294.0986666667</dst>
            <dst id="KSCYng">20819.6373333333</dst>
            <dst id="LOSAng">20930.0293333333</dst>
            <dst id="NYCMng">20285.872</dst>
            <dst id="SNVAng">12255.4053333333</dst>
            <dst id="STTLng">14388.7786666667</dst>
            <dst id="WASHng">33173.7546666667</dst>
        </src>
        <src id="HSTNng">
            <dst id="ATLA-M5">459.285333333333</dst>
            <dst id="ATLAng">4822.48533333333</dst>
            <dst id="CHINng">19112.9333333333</dst>
            <dst id="DNVRng">8304.43733333333</dst>
            <dst id="HSTNng">9778.22933333333</dst>
            <dst id="IPLSng">12914.1546666667</dst>
            <dst id="KSCYng">1783</dst>
            <dst id="LOSAng">17521.9573333333</dst>
            <dst id="NYCMng">10071.352</dst>
            <dst id="SNVAng">345.64</dst>
            <dst id="STTLng">1426.816</dst>
            <dst id="WASHng">2809.52266666667</dst>
        </src>
        <src id="IPLSng">
            <dst id="ATLA-M5">385.264</dst>
            <dst id="ATLAng">17929.52</dst>
            <dst id="CHINng">72841.896</dst>
            <dst id="DNVRng">12096.6373333333</dst>
            <dst id="HSTNng">2715.41866666667</dst>
            <dst id="IPLSng">49921.184</dst>
            <dst id="KSCYng">11161.3946666667</dst>
            <dst id="LOSAng">61423.1493333333</dst>
            <dst id="NYCMng">20322.4773333333</dst>
            <dst id="SNVAng">1833.53066666667</dst>
            <dst id="STTLng">9037.45333333333</dst>
            <dst id="WASHng">44945.4773333333</dst>
        </src>
        <src id="KSCYng">
            <dst id="ATLA-M5">133.04</dst>
            <dst id="ATLAng">7072.91733333333</dst>
            <dst id="CHINng">28416.728</dst>
            <dst id="DNVRng">9038.46933333333</dst>
            <dst id="HSTNng">4731.17866666667</dst>
            <dst id="IPLSng">38573.104</dst>
            <dst id="KSCYng">7109.75733333333</dst>
            <dst id="LOSAng">9664.632</dst>
            <dst id="NYCMng">4449.89866666667</dst>
            <dst id="SNVAng">337.928</dst>
            <dst id="STTLng">1890.09066666667</dst>
            <dst id="WASHng">17433.1146666667</dst>
        </src>
        <src id="LOSAng">
            <dst id="ATLA-M5">928.114666666667</dst>
            <dst id="ATLAng">24308.248</dst>
            <dst id="CHINng">104033.336</dst>
            <dst id="DNVRng">25723.8053333333</dst>
            <dst id="HSTNng">15611.912</dst>
            <dst id="IPLSng">52509.9546666667</dst>
            <dst id="KSCYng">7736.05866666667</dst>
            <dst id="LOSAng">13184.9013333333</dst>
            <dst id="NYCMng">82802.096</dst>
            <dst id="SNVAng">12026.4773333333</dst>
            <dst id="STTLng">49481.2533333333</dst>
            <dst id="WASHng">105866.210666667</dst>
        </src>
        <src id="NYCMng">
            <dst id="ATLA-M5">670.493333333333</dst>
            <dst id="ATLAng">58976.8986666667</dst>
            <dst id="CHINng">61800.3866666667</dst>
            <dst id="DNVRng">130095.888</dst>
            <dst id="HSTNng">13968.384</dst>
            <dst id="IPLSng">46057.8293333333</dst>
            <dst id="KSCYng">27251.0133333333</dst>
            <dst id="LOSAng">109405.848</dst>
            <dst id="NYCMng">98446.408</dst>
            <dst id="SNVAng">5558.13866666667</dst>
            <dst id="STTLng">28668.784</dst>
            <dst id="WASHng">72858.1626666667</dst>
        </src>
        <src id="SNVAng">
            <dst id="ATLA-M5">0</dst>
            <dst id="ATLAng">152.154666666667</dst>
            <dst id="CHINng">427.242666666667</dst>
            <dst id="DNVRng">4847.87466666667</dst>
            <dst id="HSTNng">152.149333333333</dst>
            <dst id="IPLSng">2586.06933333333</dst>
            <dst id="KSCYng">18467.4933333333</dst>
            <dst id="LOSAng">32104.632</dst>
            <dst id="NYCMng">259.904</dst>
            <dst id="SNVAng">8925.72</dst>
            <dst id="STTLng">31433.3066666667</dst>
            <dst id="WASHng">133.333333333333</dst>
        </src>
        <src id="STTLng">
            <dst id="ATLA-M5">0</dst>
            <dst id="ATLAng">12489.1253333333</dst>
            <dst id="CHINng">17691.6693333333</dst>
            <dst id="DNVRng">6432.36266666667</dst>
            <dst id="HSTNng">4579.032</dst>
            <dst id="IPLSng">12254.6293333333</dst>
            <dst id="KSCYng">5964.96533333333</dst>
            <dst id="LOSAng">41913.904</dst>
            <dst id="NYCMng">15994.0106666667</dst>
            <dst id="SNVAng">5518.72533333333</dst>
            <dst id="STTLng">8304.368</dst>
            <dst id="WASHng">15370.1866666667</dst>
        </src>
        <src id="WASHng">
            <dst id="ATLA-M5">1073.20533333333</dst>
            <dst id="ATLAng">136270.608</dst>
            <dst id="CHINng">81453.1333333333</dst>
            <dst id="DNVRng">83663.1893333333</dst>
            <dst id="HSTNng">23659.256</dst>
            <dst id="IPLSng">73699.9066666667</dst>
            <dst id="KSCYng">31710.5466666667</dst>
            <dst id="LOSAng">115825.741333333</dst>
            <dst id="NYCMng">177542.386666667</dst>
            <dst id="SNVAng">10248.7226666667</dst>
            <dst id="STTLng">42291.9653333333</dst>
            <dst id="WASHng">311077.946666667</dst>
        </src>
    </IntraTM>
</TrafficMatrixFile>
