<?xml version="1.0" encoding="ISO-8859-1" standalone="yes"?>
<TrafficMatrixFile xsi:noNamespaceSchemaLocation="http://totem.run.montefiore.ulg.ac.be/Schema/TrafficMatrix-v1_2.xsd" xmlns:xsi="http://www.w3.org/2001/XMLSchema-instance">
    <IntraTM ASID="11537">
        <src id="ATLA-M5">
            <dst id="ATLA-M5">0</dst>
            <dst id="ATLAng">0</dst>
            <dst id="CHINng">196.482666666667</dst>
            <dst id="DNVRng">26.6666666666667</dst>
            <dst id="HSTNng">65.6186666666667</dst>
            <dst id="IPLSng">1081.17866666667</dst>
            <dst id="KSCYng">287.392</dst>
            <dst id="LOSAng">148.554666666667</dst>
            <dst id="NYCMng">0</dst>
            <dst id="SNVAng">13.3333333333333</dst>
            <dst id="STTLng">0</dst>
            <dst id="WASHng">324.864</dst>
        </src>
        <src id="ATLAng">
            <dst id="ATLA-M5">140.552</dst>
            <dst id="ATLAng">31086.8853333333</dst>
            <dst id="CHINng">10912.8453333333</dst>
            <dst id="DNVRng">12832.5306666667</dst>
            <dst id="HSTNng">1648.35466666667</dst>
            <dst id="IPLSng">9961.168</dst>
            <dst id="KSCYng">1213.54133333333</dst>
            <dst id="LOSAng">15358.8853333333</dst>
            <dst id="NYCMng">7553.02666666667</dst>
            <dst id="SNVAng">13.3333333333333</dst>
            <dst id="STTLng">8186.32533333333</dst>
            <dst id="WASHng">37262.2266666667</dst>
        </src>
        <src id="CHINng">
            <dst id="ATLA-M5">147.770666666667</dst>
            <dst id="ATLAng">29179.4853333333</dst>
            <dst id="CHINng">81751.4533333333</dst>
            <dst id="DNVRng">7947.58133333333</dst>
            <dst id="HSTNng">4491.36533333333</dst>
            <dst id="IPLSng">23885.472</dst>
            <dst id="KSCYng">4637.00533333333</dst>
            <dst id="LOSAng">49131.232</dst>
            <dst id="NYCMng">9299.48</dst>
            <dst id="SNVAng">729.141333333333</dst>
            <dst id="STTLng">8900.968</dst>
            <dst id="WASHng">24901.856</dst>
        </src>
        <src id="DNVRng">
            <dst id="ATLA-M5">153.92</dst>
            <dst id="ATLAng">7890.38666666667</dst>
            <dst id="CHINng">44251.3786666667</dst>
            <dst id="DNVRng">20917.7066666667</dst>
            <dst id="HSTNng">20643.7253333333</dst>
            <dst id="IPLSng">21376.1813333333</dst>
            <dst id="KSCYng">11954.3466666667</dst>
            <dst id="LOSAng">14938.576</dst>
            <dst id="NYCMng">6767.128</dst>
            <dst id="SNVAng">5657.88533333333</dst>
            <dst id="STTLng">11686.368</dst>
            <dst id="WASHng">31337.1946666667</dst>
        </src>
        <src id="HSTNng">
            <dst id="ATLA-M5">3413.42133333333</dst>
            <dst id="ATLAng">14779.9493333333</dst>
            <dst id="CHINng">7820.68</dst>
            <dst id="DNVRng">1604.95733333333</dst>
            <dst id="HSTNng">7638.13866666667</dst>
            <dst id="IPLSng">278.770666666667</dst>
            <dst id="KSCYng">1000.20266666667</dst>
            <dst id="LOSAng">6265.66933333334</dst>
            <dst id="NYCMng">1879.83733333333</dst>
            <dst id="SNVAng">36.5093333333333</dst>
            <dst id="STTLng">3109.50933333333</dst>
            <dst id="WASHng">1936.75466666667</dst>
        </src>
        <src id="IPLSng">
            <dst id="ATLA-M5">80</dst>
            <dst id="ATLAng">15732.28</dst>
            <dst id="CHINng">65879.176</dst>
            <dst id="DNVRng">6029.448</dst>
            <dst id="HSTNng">2390.30133333333</dst>
            <dst id="IPLSng">11499.9386666667</dst>
            <dst id="KSCYng">1561.49066666667</dst>
            <dst id="LOSAng">55008.2373333333</dst>
            <dst id="NYCMng">18570.992</dst>
            <dst id="SNVAng">997.208</dst>
            <dst id="STTLng">7765.14666666667</dst>
            <dst id="WASHng">9106.84266666667</dst>
        </src>
        <src id="KSCYng">
            <dst id="ATLA-M5">861.114666666667</dst>
            <dst id="ATLAng">12319.9226666667</dst>
            <dst id="CHINng">17567.1973333333</dst>
            <dst id="DNVRng">16730.3226666667</dst>
            <dst id="HSTNng">3696.09866666667</dst>
            <dst id="IPLSng">3900.896</dst>
            <dst id="KSCYng">3874.89333333333</dst>
            <dst id="LOSAng">6042.17866666667</dst>
            <dst id="NYCMng">2043.86133333333</dst>
            <dst id="SNVAng">1289.504</dst>
            <dst id="STTLng">2485.77866666667</dst>
            <dst id="WASHng">13503.2906666667</dst>
        </src>
        <src id="LOSAng">
            <dst id="ATLA-M5">648.16</dst>
            <dst id="ATLAng">39417.5546666667</dst>
            <dst id="CHINng">82876.872</dst>
            <dst id="DNVRng">11027.4853333333</dst>
            <dst id="HSTNng">6274.83466666667</dst>
            <dst id="IPLSng">34651.6933333333</dst>
            <dst id="KSCYng">3024.16533333333</dst>
            <dst id="LOSAng">32297.784</dst>
            <dst id="NYCMng">62675.4933333333</dst>
            <dst id="SNVAng">10520.2026666667</dst>
            <dst id="STTLng">38728.8773333333</dst>
            <dst id="WASHng">111265.762666667</dst>
        </src>
        <src id="NYCMng">
            <dst id="ATLA-M5">394.957333333333</dst>
            <dst id="ATLAng">47946.84</dst>
            <dst id="CHINng">32651.0666666667</dst>
            <dst id="DNVRng">28746.5253333333</dst>
            <dst id="HSTNng">3320.8</dst>
            <dst id="IPLSng">31304.528</dst>
            <dst id="KSCYng">8625.57333333333</dst>
            <dst id="LOSAng">71916.104</dst>
            <dst id="NYCMng">77572.8853333333</dst>
            <dst id="SNVAng">1948.12533333333</dst>
            <dst id="STTLng">21767.4213333333</dst>
            <dst id="WASHng">68720.376</dst>
        </src>
        <src id="SNVAng">
            <dst id="ATLA-M5">0</dst>
            <dst id="ATLAng">53.3333333333333</dst>
            <dst id="CHINng">138.112</dst>
            <dst id="DNVRng">13481.9706666667</dst>
            <dst id="HSTNng">30.4853333333333</dst>
            <dst id="IPLSng">1091.46933333333</dst>
            <dst id="KSCYng">101.458666666667</dst>
            <dst id="LOSAng">19836.088</dst>
            <dst id="NYCMng">281.850666666667</dst>
            <dst id="SNVAng">7731.65866666667</dst>
            <dst id="STTLng">25466.784</dst>
            <dst id="WASHng">173.224</dst>
        </src>
        <src id="STTLng">
            <dst id="ATLA-M5">333.226666666667</dst>
            <dst id="ATLAng">12705.7066666667</dst>
            <dst id="CHINng">13205.44</dst>
            <dst id="DNVRng">5478.8</dst>
            <dst id="HSTNng">2670.66933333333</dst>
            <dst id="IPLSng">10667.8213333333</dst>
            <dst id="KSCYng">2873.70666666667</dst>
            <dst id="LOSAng">25800.968</dst>
            <dst id="NYCMng">6868.976</dst>
            <dst id="SNVAng">3115.45333333333</dst>
            <dst id="STTLng">1654.91733333333</dst>
            <dst id="WASHng">10261.0053333333</dst>
        </src>
        <src id="WASHng">
            <dst id="ATLA-M5">72.6106666666667</dst>
            <dst id="ATLAng">97030.216</dst>
            <dst id="CHINng">59995.5893333333</dst>
            <dst id="DNVRng">39056.304</dst>
            <dst id="HSTNng">14059.2933333333</dst>
            <dst id="IPLSng">23542.4293333333</dst>
            <dst id="KSCYng">7447.96266666667</dst>
            <dst id="LOSAng">122994.688</dst>
            <dst id="NYCMng">93221.6346666667</dst>
            <dst id="SNVAng">1091.28533333333</dst>
            <dst id="STTLng">29859.6746666667</dst>
            <dst id="WASHng">109052.533333333</dst>
        </src>
    </IntraTM>
</TrafficMatrixFile>
