<?xml version="1.0" encoding="ISO-8859-1" standalone="yes"?>
<TrafficMatrixFile xsi:noNamespaceSchemaLocation="http://totem.run.montefiore.ulg.ac.be/Schema/TrafficMatrix-v1_2.xsd" xmlns:xsi="http://www.w3.org/2001/XMLSchema-instance">
    <IntraTM ASID="11537">
        <src id="ATLA-M5">
            <dst id="ATLA-M5">0</dst>
            <dst id="ATLAng">106.549333333333</dst>
            <dst id="CHINng">335.728</dst>
            <dst id="DNVRng">26.6666666666667</dst>
            <dst id="HSTNng">44.1066666666667</dst>
            <dst id="IPLSng">0</dst>
            <dst id="KSCYng">0</dst>
            <dst id="LOSAng">344.061333333333</dst>
            <dst id="NYCMng">26.6666666666667</dst>
            <dst id="SNVAng">0</dst>
            <dst id="STTLng">26.6666666666667</dst>
            <dst id="WASHng">1319.54666666667</dst>
        </src>
        <src id="ATLAng">
            <dst id="ATLA-M5">1600.89066666667</dst>
            <dst id="ATLAng">37714.272</dst>
            <dst id="CHINng">5925.65866666667</dst>
            <dst id="DNVRng">3752.90933333333</dst>
            <dst id="HSTNng">274.850666666667</dst>
            <dst id="IPLSng">12843.7066666667</dst>
            <dst id="KSCYng">920.890666666667</dst>
            <dst id="LOSAng">12922.6266666667</dst>
            <dst id="NYCMng">4091.272</dst>
            <dst id="SNVAng">159.624</dst>
            <dst id="STTLng">4930.616</dst>
            <dst id="WASHng">47653.7866666667</dst>
        </src>
        <src id="CHINng">
            <dst id="ATLA-M5">105.570666666667</dst>
            <dst id="ATLAng">41601.5653333333</dst>
            <dst id="CHINng">93025.9253333333</dst>
            <dst id="DNVRng">13062.2426666667</dst>
            <dst id="HSTNng">8811.53333333333</dst>
            <dst id="IPLSng">16367.1386666667</dst>
            <dst id="KSCYng">20952.256</dst>
            <dst id="LOSAng">74038.5946666667</dst>
            <dst id="NYCMng">5590.90933333333</dst>
            <dst id="SNVAng">113.781333333333</dst>
            <dst id="STTLng">6323.22666666667</dst>
            <dst id="WASHng">17760.1306666667</dst>
        </src>
        <src id="DNVRng">
            <dst id="ATLA-M5">69.92</dst>
            <dst id="ATLAng">2348.456</dst>
            <dst id="CHINng">57123.3893333333</dst>
            <dst id="DNVRng">9197.55733333333</dst>
            <dst id="HSTNng">16108.3226666667</dst>
            <dst id="IPLSng">18897.952</dst>
            <dst id="KSCYng">19375.0426666667</dst>
            <dst id="LOSAng">19532.432</dst>
            <dst id="NYCMng">9690.424</dst>
            <dst id="SNVAng">8136.30933333333</dst>
            <dst id="STTLng">9479.01866666667</dst>
            <dst id="WASHng">41443.752</dst>
        </src>
        <src id="HSTNng">
            <dst id="ATLA-M5">2339.096</dst>
            <dst id="ATLAng">14781.4426666667</dst>
            <dst id="CHINng">16256.6346666667</dst>
            <dst id="DNVRng">768.194666666666</dst>
            <dst id="HSTNng">2135.416</dst>
            <dst id="IPLSng">995.061333333333</dst>
            <dst id="KSCYng">1108.784</dst>
            <dst id="LOSAng">8979.33333333333</dst>
            <dst id="NYCMng">2024.22133333333</dst>
            <dst id="SNVAng">0</dst>
            <dst id="STTLng">1782.02933333333</dst>
            <dst id="WASHng">2521.792</dst>
        </src>
        <src id="IPLSng">
            <dst id="ATLA-M5">0</dst>
            <dst id="ATLAng">8378.63466666667</dst>
            <dst id="CHINng">79780.1146666667</dst>
            <dst id="DNVRng">1685.76</dst>
            <dst id="HSTNng">1273.20266666667</dst>
            <dst id="IPLSng">10226.7226666667</dst>
            <dst id="KSCYng">2491.33866666667</dst>
            <dst id="LOSAng">57922.6453333333</dst>
            <dst id="NYCMng">15919.2693333333</dst>
            <dst id="SNVAng">358.730666666667</dst>
            <dst id="STTLng">10073.3946666667</dst>
            <dst id="WASHng">6062.80266666667</dst>
        </src>
        <src id="KSCYng">
            <dst id="ATLA-M5">0</dst>
            <dst id="ATLAng">864.173333333333</dst>
            <dst id="CHINng">20207.4533333333</dst>
            <dst id="DNVRng">15456.9253333333</dst>
            <dst id="HSTNng">4739.624</dst>
            <dst id="IPLSng">7266.88266666667</dst>
            <dst id="KSCYng">4918.29066666667</dst>
            <dst id="LOSAng">6881.14933333333</dst>
            <dst id="NYCMng">4423.512</dst>
            <dst id="SNVAng">568.152</dst>
            <dst id="STTLng">3079.64266666667</dst>
            <dst id="WASHng">6907.304</dst>
        </src>
        <src id="LOSAng">
            <dst id="ATLA-M5">0</dst>
            <dst id="ATLAng">40530.8586666667</dst>
            <dst id="CHINng">123730.853333333</dst>
            <dst id="DNVRng">9876.14133333333</dst>
            <dst id="HSTNng">2943.296</dst>
            <dst id="IPLSng">23540.2293333333</dst>
            <dst id="KSCYng">2010.632</dst>
            <dst id="LOSAng">25649.3146666667</dst>
            <dst id="NYCMng">62297.432</dst>
            <dst id="SNVAng">6703.29066666667</dst>
            <dst id="STTLng">38863.0773333333</dst>
            <dst id="WASHng">121950.869333333</dst>
        </src>
        <src id="NYCMng">
            <dst id="ATLA-M5">230.8</dst>
            <dst id="ATLAng">28683.896</dst>
            <dst id="CHINng">47097.4186666667</dst>
            <dst id="DNVRng">26951.52</dst>
            <dst id="HSTNng">5550.94133333333</dst>
            <dst id="IPLSng">19656.0293333333</dst>
            <dst id="KSCYng">5607.632</dst>
            <dst id="LOSAng">86067.3653333333</dst>
            <dst id="NYCMng">121324.866666667</dst>
            <dst id="SNVAng">1268.60266666667</dst>
            <dst id="STTLng">26003.656</dst>
            <dst id="WASHng">41441.3493333333</dst>
        </src>
        <src id="SNVAng">
            <dst id="ATLA-M5">0</dst>
            <dst id="ATLAng">26.6666666666667</dst>
            <dst id="CHINng">182.082666666667</dst>
            <dst id="DNVRng">635.594666666667</dst>
            <dst id="HSTNng">109.941333333333</dst>
            <dst id="IPLSng">972.554666666667</dst>
            <dst id="KSCYng">112.466666666667</dst>
            <dst id="LOSAng">31345.8933333333</dst>
            <dst id="NYCMng">427.698666666667</dst>
            <dst id="SNVAng">8831.14133333333</dst>
            <dst id="STTLng">23510.1866666667</dst>
            <dst id="WASHng">0</dst>
        </src>
        <src id="STTLng">
            <dst id="ATLA-M5">0</dst>
            <dst id="ATLAng">6552.768</dst>
            <dst id="CHINng">27278.7626666667</dst>
            <dst id="DNVRng">601.408</dst>
            <dst id="HSTNng">1561.49066666667</dst>
            <dst id="IPLSng">4773.16</dst>
            <dst id="KSCYng">1780.264</dst>
            <dst id="LOSAng">27511.448</dst>
            <dst id="NYCMng">11361.9866666667</dst>
            <dst id="SNVAng">2540.53333333333</dst>
            <dst id="STTLng">2289.68266666667</dst>
            <dst id="WASHng">9589.69866666667</dst>
        </src>
        <src id="WASHng">
            <dst id="ATLA-M5">0</dst>
            <dst id="ATLAng">117081.282666667</dst>
            <dst id="CHINng">79353.8106666667</dst>
            <dst id="DNVRng">59759.16</dst>
            <dst id="HSTNng">29614.6773333333</dst>
            <dst id="IPLSng">32111.8613333333</dst>
            <dst id="KSCYng">14235.1813333333</dst>
            <dst id="LOSAng">122360.141333333</dst>
            <dst id="NYCMng">127527.664</dst>
            <dst id="SNVAng">120.082666666667</dst>
            <dst id="STTLng">29534.784</dst>
            <dst id="WASHng">392677.92</dst>
        </src>
    </IntraTM>
</TrafficMatrixFile>
