<?xml version="1.0" encoding="ISO-8859-1" standalone="yes"?>
<TrafficMatrixFile xsi:noNamespaceSchemaLocation="http://totem.run.montefiore.ulg.ac.be/Schema/TrafficMatrix-v1_2.xsd" xmlns:xsi="http://www.w3.org/2001/XMLSchema-instance">
    <IntraTM ASID="11537">
        <src id="ATLA-M5">
            <dst id="ATLA-M5">0</dst>
            <dst id="ATLAng">80</dst>
            <dst id="CHINng">568.253333333333</dst>
            <dst id="DNVRng">0</dst>
            <dst id="HSTNng">834.688</dst>
            <dst id="IPLSng">77.168</dst>
            <dst id="KSCYng">0</dst>
            <dst id="LOSAng">425.957333333333</dst>
            <dst id="NYCMng">26.6666666666667</dst>
            <dst id="SNVAng">13.3333333333333</dst>
            <dst id="STTLng">26.6666666666667</dst>
            <dst id="WASHng">204.277333333333</dst>
        </src>
        <src id="ATLAng">
            <dst id="ATLA-M5">215.469333333333</dst>
            <dst id="ATLAng">31101.088</dst>
            <dst id="CHINng">7065.144</dst>
            <dst id="DNVRng">3690.82666666667</dst>
            <dst id="HSTNng">1468.26666666667</dst>
            <dst id="IPLSng">11396.7493333333</dst>
            <dst id="KSCYng">704.784</dst>
            <dst id="LOSAng">16077.8426666667</dst>
            <dst id="NYCMng">5490.57066666667</dst>
            <dst id="SNVAng">76.5466666666667</dst>
            <dst id="STTLng">10176.656</dst>
            <dst id="WASHng">21123.1786666667</dst>
        </src>
        <src id="CHINng">
            <dst id="ATLA-M5">276.965333333333</dst>
            <dst id="ATLAng">33925.8746666667</dst>
            <dst id="CHINng">53492.2133333333</dst>
            <dst id="DNVRng">14956.8906666667</dst>
            <dst id="HSTNng">7627.15733333333</dst>
            <dst id="IPLSng">27607.1093333333</dst>
            <dst id="KSCYng">8788.85866666667</dst>
            <dst id="LOSAng">55893.3306666667</dst>
            <dst id="NYCMng">7525.69866666667</dst>
            <dst id="SNVAng">391.328</dst>
            <dst id="STTLng">7639.81333333333</dst>
            <dst id="WASHng">15367.5493333333</dst>
        </src>
        <src id="DNVRng">
            <dst id="ATLA-M5">180.893333333333</dst>
            <dst id="ATLAng">6228.14933333333</dst>
            <dst id="CHINng">40256.544</dst>
            <dst id="DNVRng">11721.2053333333</dst>
            <dst id="HSTNng">25771.3573333333</dst>
            <dst id="IPLSng">23458.3973333333</dst>
            <dst id="KSCYng">21669.344</dst>
            <dst id="LOSAng">26682.8053333333</dst>
            <dst id="NYCMng">7314.456</dst>
            <dst id="SNVAng">10021.1893333333</dst>
            <dst id="STTLng">12533.8586666667</dst>
            <dst id="WASHng">32778.104</dst>
        </src>
        <src id="HSTNng">
            <dst id="ATLA-M5">3580.44533333333</dst>
            <dst id="ATLAng">17901.9733333333</dst>
            <dst id="CHINng">6449.21333333333</dst>
            <dst id="DNVRng">2034.42666666667</dst>
            <dst id="HSTNng">6866.59733333333</dst>
            <dst id="IPLSng">649.877333333333</dst>
            <dst id="KSCYng">865.058666666667</dst>
            <dst id="LOSAng">5845.65333333333</dst>
            <dst id="NYCMng">3379.104</dst>
            <dst id="SNVAng">0</dst>
            <dst id="STTLng">1699.53066666667</dst>
            <dst id="WASHng">2648.52266666667</dst>
        </src>
        <src id="IPLSng">
            <dst id="ATLA-M5">61.36</dst>
            <dst id="ATLAng">13384.6506666667</dst>
            <dst id="CHINng">44189.9893333333</dst>
            <dst id="DNVRng">6111.00266666667</dst>
            <dst id="HSTNng">3714.38933333333</dst>
            <dst id="IPLSng">24660.968</dst>
            <dst id="KSCYng">3214.04</dst>
            <dst id="LOSAng">64748.3813333333</dst>
            <dst id="NYCMng">25688.1706666667</dst>
            <dst id="SNVAng">1041.22133333333</dst>
            <dst id="STTLng">12793.688</dst>
            <dst id="WASHng">11496.1973333333</dst>
        </src>
        <src id="KSCYng">
            <dst id="ATLA-M5">0</dst>
            <dst id="ATLAng">1246.912</dst>
            <dst id="CHINng">16573.6906666667</dst>
            <dst id="DNVRng">20547.5973333333</dst>
            <dst id="HSTNng">3244.24533333333</dst>
            <dst id="IPLSng">9096.216</dst>
            <dst id="KSCYng">5323.08266666667</dst>
            <dst id="LOSAng">10042.6293333333</dst>
            <dst id="NYCMng">2617.25333333333</dst>
            <dst id="SNVAng">681.533333333333</dst>
            <dst id="STTLng">2772.36533333333</dst>
            <dst id="WASHng">6744.66666666667</dst>
        </src>
        <src id="LOSAng">
            <dst id="ATLA-M5">85.12</dst>
            <dst id="ATLAng">50490.8506666667</dst>
            <dst id="CHINng">78853.9093333333</dst>
            <dst id="DNVRng">8250.91733333333</dst>
            <dst id="HSTNng">4267.624</dst>
            <dst id="IPLSng">38807.7146666667</dst>
            <dst id="KSCYng">5842.12533333333</dst>
            <dst id="LOSAng">30780.1386666667</dst>
            <dst id="NYCMng">63647.2106666667</dst>
            <dst id="SNVAng">10139.6773333333</dst>
            <dst id="STTLng">48025.16</dst>
            <dst id="WASHng">96155.6986666667</dst>
        </src>
        <src id="NYCMng">
            <dst id="ATLA-M5">130.365333333333</dst>
            <dst id="ATLAng">36386.944</dst>
            <dst id="CHINng">40302.864</dst>
            <dst id="DNVRng">28822.0613333333</dst>
            <dst id="HSTNng">9598.648</dst>
            <dst id="IPLSng">32355.816</dst>
            <dst id="KSCYng">4150.65866666667</dst>
            <dst id="LOSAng">85620.4533333333</dst>
            <dst id="NYCMng">87852.7493333334</dst>
            <dst id="SNVAng">2005.17333333333</dst>
            <dst id="STTLng">27741.6933333333</dst>
            <dst id="WASHng">46102.952</dst>
        </src>
        <src id="SNVAng">
            <dst id="ATLA-M5">0</dst>
            <dst id="ATLAng">26.6666666666667</dst>
            <dst id="CHINng">112.408</dst>
            <dst id="DNVRng">3987.53066666667</dst>
            <dst id="HSTNng">128.288</dst>
            <dst id="IPLSng">5712.184</dst>
            <dst id="KSCYng">169.933333333333</dst>
            <dst id="LOSAng">43031.328</dst>
            <dst id="NYCMng">543.232</dst>
            <dst id="SNVAng">12101.9946666667</dst>
            <dst id="STTLng">34680.0186666667</dst>
            <dst id="WASHng">0</dst>
        </src>
        <src id="STTLng">
            <dst id="ATLA-M5">0</dst>
            <dst id="ATLAng">8023.496</dst>
            <dst id="CHINng">16840.5946666667</dst>
            <dst id="DNVRng">1794.90933333333</dst>
            <dst id="HSTNng">2981.86933333333</dst>
            <dst id="IPLSng">5492.05866666667</dst>
            <dst id="KSCYng">3264.61866666667</dst>
            <dst id="LOSAng">36376.3066666667</dst>
            <dst id="NYCMng">9826.34666666667</dst>
            <dst id="SNVAng">3076.43733333333</dst>
            <dst id="STTLng">3601.37866666667</dst>
            <dst id="WASHng">6981.08533333333</dst>
        </src>
        <src id="WASHng">
            <dst id="ATLA-M5">26.6666666666667</dst>
            <dst id="ATLAng">92855.6746666667</dst>
            <dst id="CHINng">80670.4853333333</dst>
            <dst id="DNVRng">65160.8266666667</dst>
            <dst id="HSTNng">25713.7306666667</dst>
            <dst id="IPLSng">33954</dst>
            <dst id="KSCYng">7032.4</dst>
            <dst id="LOSAng">125317.813333333</dst>
            <dst id="NYCMng">109273.445333333</dst>
            <dst id="SNVAng">1022.37866666667</dst>
            <dst id="STTLng">36267.84</dst>
            <dst id="WASHng">125993.229333333</dst>
        </src>
    </IntraTM>
</TrafficMatrixFile>
