<?xml version="1.0" encoding="ISO-8859-1" standalone="yes"?>
<TrafficMatrixFile xsi:noNamespaceSchemaLocation="http://totem.run.montefiore.ulg.ac.be/Schema/TrafficMatrix-v1_2.xsd" xmlns:xsi="http://www.w3.org/2001/XMLSchema-instance">
    <IntraTM ASID="11537">
        <src id="ATLA-M5">
            <dst id="ATLA-M5">47.24</dst>
            <dst id="ATLAng">512.186666666667</dst>
            <dst id="CHINng">324.234666666667</dst>
            <dst id="DNVRng">80.9866666666667</dst>
            <dst id="HSTNng">53.3333333333333</dst>
            <dst id="IPLSng">304.341333333333</dst>
            <dst id="KSCYng">98.4853333333333</dst>
            <dst id="LOSAng">805.44</dst>
            <dst id="NYCMng">1560.61066666667</dst>
            <dst id="SNVAng">0</dst>
            <dst id="STTLng">26.6666666666667</dst>
            <dst id="WASHng">970.746666666667</dst>
        </src>
        <src id="ATLAng">
            <dst id="ATLA-M5">1328.79466666667</dst>
            <dst id="ATLAng">45995.2213333333</dst>
            <dst id="CHINng">23726.2026666667</dst>
            <dst id="DNVRng">6954.12266666667</dst>
            <dst id="HSTNng">6382.22133333333</dst>
            <dst id="IPLSng">14744.416</dst>
            <dst id="KSCYng">7779.95733333333</dst>
            <dst id="LOSAng">19670.1613333333</dst>
            <dst id="NYCMng">9532.184</dst>
            <dst id="SNVAng">223.201333333333</dst>
            <dst id="STTLng">4946.89866666667</dst>
            <dst id="WASHng">51891.4933333333</dst>
        </src>
        <src id="CHINng">
            <dst id="ATLA-M5">7265.76266666667</dst>
            <dst id="ATLAng">21947.568</dst>
            <dst id="CHINng">114840.672</dst>
            <dst id="DNVRng">16499.5626666667</dst>
            <dst id="HSTNng">14453.92</dst>
            <dst id="IPLSng">59339.5626666667</dst>
            <dst id="KSCYng">14090.7653333333</dst>
            <dst id="LOSAng">65505.9146666667</dst>
            <dst id="NYCMng">19821.3893333333</dst>
            <dst id="SNVAng">4363.048</dst>
            <dst id="STTLng">8704.31733333333</dst>
            <dst id="WASHng">41827.9093333333</dst>
        </src>
        <src id="DNVRng">
            <dst id="ATLA-M5">237.482666666667</dst>
            <dst id="ATLAng">23377.04</dst>
            <dst id="CHINng">48287.7146666667</dst>
            <dst id="DNVRng">30829.6533333333</dst>
            <dst id="HSTNng">41428.8826666667</dst>
            <dst id="IPLSng">25837.6026666667</dst>
            <dst id="KSCYng">25146.48</dst>
            <dst id="LOSAng">17722.8106666667</dst>
            <dst id="NYCMng">17883.4533333333</dst>
            <dst id="SNVAng">13097.8693333333</dst>
            <dst id="STTLng">22979.984</dst>
            <dst id="WASHng">32032.8026666667</dst>
        </src>
        <src id="HSTNng">
            <dst id="ATLA-M5">1184.93066666667</dst>
            <dst id="ATLAng">4484.30666666667</dst>
            <dst id="CHINng">21479.504</dst>
            <dst id="DNVRng">3901.656</dst>
            <dst id="HSTNng">21654.3413333333</dst>
            <dst id="IPLSng">8658.56266666667</dst>
            <dst id="KSCYng">2228.06133333333</dst>
            <dst id="LOSAng">9541.38666666667</dst>
            <dst id="NYCMng">6519.33866666667</dst>
            <dst id="SNVAng">394</dst>
            <dst id="STTLng">1090.43466666667</dst>
            <dst id="WASHng">4311.168</dst>
        </src>
        <src id="IPLSng">
            <dst id="ATLA-M5">1148.32266666667</dst>
            <dst id="ATLAng">13694.1706666667</dst>
            <dst id="CHINng">84449.128</dst>
            <dst id="DNVRng">10767.328</dst>
            <dst id="HSTNng">4548.51466666667</dst>
            <dst id="IPLSng">37906.0266666667</dst>
            <dst id="KSCYng">10389.9413333333</dst>
            <dst id="LOSAng">61087.7386666667</dst>
            <dst id="NYCMng">27129.432</dst>
            <dst id="SNVAng">3490.95466666667</dst>
            <dst id="STTLng">9718.39466666667</dst>
            <dst id="WASHng">53322.0826666667</dst>
        </src>
        <src id="KSCYng">
            <dst id="ATLA-M5">160.192</dst>
            <dst id="ATLAng">6815.84533333333</dst>
            <dst id="CHINng">28925.5066666667</dst>
            <dst id="DNVRng">9938.03733333333</dst>
            <dst id="HSTNng">5859.688</dst>
            <dst id="IPLSng">31069.7173333333</dst>
            <dst id="KSCYng">10819.2986666667</dst>
            <dst id="LOSAng">25546.672</dst>
            <dst id="NYCMng">7055.528</dst>
            <dst id="SNVAng">567.824</dst>
            <dst id="STTLng">3541.65333333333</dst>
            <dst id="WASHng">14157.864</dst>
        </src>
        <src id="LOSAng">
            <dst id="ATLA-M5">1696.98133333333</dst>
            <dst id="ATLAng">28940.5066666667</dst>
            <dst id="CHINng">99181.8293333333</dst>
            <dst id="DNVRng">21464.1733333333</dst>
            <dst id="HSTNng">17171.256</dst>
            <dst id="IPLSng">56350.1066666667</dst>
            <dst id="KSCYng">15904.7173333333</dst>
            <dst id="LOSAng">12439.7733333333</dst>
            <dst id="NYCMng">78091.0613333333</dst>
            <dst id="SNVAng">15916.272</dst>
            <dst id="STTLng">53136.7386666667</dst>
            <dst id="WASHng">111555.490666667</dst>
        </src>
        <src id="NYCMng">
            <dst id="ATLA-M5">1375.85333333333</dst>
            <dst id="ATLAng">66367.1413333333</dst>
            <dst id="CHINng">44084.2933333333</dst>
            <dst id="DNVRng">131470.914666667</dst>
            <dst id="HSTNng">18021.4586666667</dst>
            <dst id="IPLSng">50739.9813333333</dst>
            <dst id="KSCYng">35165.7013333334</dst>
            <dst id="LOSAng">102764.704</dst>
            <dst id="NYCMng">102287.456</dst>
            <dst id="SNVAng">6807.89066666666</dst>
            <dst id="STTLng">25605.352</dst>
            <dst id="WASHng">94801.48</dst>
        </src>
        <src id="SNVAng">
            <dst id="ATLA-M5">29.0053333333333</dst>
            <dst id="ATLAng">26.6666666666667</dst>
            <dst id="CHINng">3199.912</dst>
            <dst id="DNVRng">4220.88266666667</dst>
            <dst id="HSTNng">347.952</dst>
            <dst id="IPLSng">6796.96533333333</dst>
            <dst id="KSCYng">2756.18133333333</dst>
            <dst id="LOSAng">36458.3946666667</dst>
            <dst id="NYCMng">243.736</dst>
            <dst id="SNVAng">8243.56533333333</dst>
            <dst id="STTLng">28404.336</dst>
            <dst id="WASHng">212.909333333333</dst>
        </src>
        <src id="STTLng">
            <dst id="ATLA-M5">247.813333333333</dst>
            <dst id="ATLAng">12511.6666666667</dst>
            <dst id="CHINng">19702.48</dst>
            <dst id="DNVRng">6220.85866666667</dst>
            <dst id="HSTNng">5093.33866666667</dst>
            <dst id="IPLSng">10227.8133333333</dst>
            <dst id="KSCYng">5235.448</dst>
            <dst id="LOSAng">38512.5706666667</dst>
            <dst id="NYCMng">13655.216</dst>
            <dst id="SNVAng">5516.952</dst>
            <dst id="STTLng">9232.02133333333</dst>
            <dst id="WASHng">17515.6613333333</dst>
        </src>
        <src id="WASHng">
            <dst id="ATLA-M5">1298.424</dst>
            <dst id="ATLAng">106207.546666667</dst>
            <dst id="CHINng">85905.5093333333</dst>
            <dst id="DNVRng">83547.1706666667</dst>
            <dst id="HSTNng">36691.36</dst>
            <dst id="IPLSng">68860.9893333333</dst>
            <dst id="KSCYng">30505.808</dst>
            <dst id="LOSAng">125356.834666667</dst>
            <dst id="NYCMng">159920.261333333</dst>
            <dst id="SNVAng">8516.83466666667</dst>
            <dst id="STTLng">44281.04</dst>
            <dst id="WASHng">243362.482666667</dst>
        </src>
    </IntraTM>
</TrafficMatrixFile>
