<?xml version="1.0" encoding="ISO-8859-1" standalone="yes"?>
<TrafficMatrixFile xsi:noNamespaceSchemaLocation="http://totem.run.montefiore.ulg.ac.be/Schema/TrafficMatrix-v1_2.xsd" xmlns:xsi="http://www.w3.org/2001/XMLSchema-instance">
    <IntraTM ASID="11537">
        <src id="ATLA-M5">
            <dst id="ATLA-M5">26.6666666666667</dst>
            <dst id="ATLAng">26.6666666666667</dst>
            <dst id="CHINng">53.3333333333333</dst>
            <dst id="DNVRng">0</dst>
            <dst id="HSTNng">587.394666666667</dst>
            <dst id="IPLSng">64</dst>
            <dst id="KSCYng">26.6666666666667</dst>
            <dst id="LOSAng">284.776</dst>
            <dst id="NYCMng">26.6666666666667</dst>
            <dst id="SNVAng">0</dst>
            <dst id="STTLng">0</dst>
            <dst id="WASHng">26.6666666666667</dst>
        </src>
        <src id="ATLAng">
            <dst id="ATLA-M5">192.786666666667</dst>
            <dst id="ATLAng">37562.096</dst>
            <dst id="CHINng">5085.448</dst>
            <dst id="DNVRng">10995.6826666667</dst>
            <dst id="HSTNng">394.098666666667</dst>
            <dst id="IPLSng">12427.6693333333</dst>
            <dst id="KSCYng">544.386666666667</dst>
            <dst id="LOSAng">16961.2666666667</dst>
            <dst id="NYCMng">4130.36</dst>
            <dst id="SNVAng">0</dst>
            <dst id="STTLng">11491.752</dst>
            <dst id="WASHng">26507.5013333333</dst>
        </src>
        <src id="CHINng">
            <dst id="ATLA-M5">75.96</dst>
            <dst id="ATLAng">32801.776</dst>
            <dst id="CHINng">61936.1466666667</dst>
            <dst id="DNVRng">15528.7573333333</dst>
            <dst id="HSTNng">9489.13066666667</dst>
            <dst id="IPLSng">24589.68</dst>
            <dst id="KSCYng">5061.09066666667</dst>
            <dst id="LOSAng">53136.144</dst>
            <dst id="NYCMng">3893.77333333333</dst>
            <dst id="SNVAng">354.584</dst>
            <dst id="STTLng">8326.61066666666</dst>
            <dst id="WASHng">16662.304</dst>
        </src>
        <src id="DNVRng">
            <dst id="ATLA-M5">104.96</dst>
            <dst id="ATLAng">3570.90933333333</dst>
            <dst id="CHINng">42123.6373333333</dst>
            <dst id="DNVRng">13630.456</dst>
            <dst id="HSTNng">28500.3253333333</dst>
            <dst id="IPLSng">20816.488</dst>
            <dst id="KSCYng">31597.8293333333</dst>
            <dst id="LOSAng">20118.2533333333</dst>
            <dst id="NYCMng">17446.3413333333</dst>
            <dst id="SNVAng">10648.2986666667</dst>
            <dst id="STTLng">16680.0533333333</dst>
            <dst id="WASHng">38616.8853333333</dst>
        </src>
        <src id="HSTNng">
            <dst id="ATLA-M5">3121.08</dst>
            <dst id="ATLAng">13914.0613333333</dst>
            <dst id="CHINng">7542.272</dst>
            <dst id="DNVRng">1936.63466666667</dst>
            <dst id="HSTNng">7683.864</dst>
            <dst id="IPLSng">711.285333333333</dst>
            <dst id="KSCYng">1535.128</dst>
            <dst id="LOSAng">9046.13333333333</dst>
            <dst id="NYCMng">1364.86133333333</dst>
            <dst id="SNVAng">0</dst>
            <dst id="STTLng">4222.6</dst>
            <dst id="WASHng">3961.94933333333</dst>
        </src>
        <src id="IPLSng">
            <dst id="ATLA-M5">53.3333333333333</dst>
            <dst id="ATLAng">18169.3093333333</dst>
            <dst id="CHINng">35525.128</dst>
            <dst id="DNVRng">4420.896</dst>
            <dst id="HSTNng">1056.58133333333</dst>
            <dst id="IPLSng">6015.93333333333</dst>
            <dst id="KSCYng">2756.888</dst>
            <dst id="LOSAng">62150.1733333333</dst>
            <dst id="NYCMng">29987.7066666667</dst>
            <dst id="SNVAng">260.258666666667</dst>
            <dst id="STTLng">10566.464</dst>
            <dst id="WASHng">9567.36533333333</dst>
        </src>
        <src id="KSCYng">
            <dst id="ATLA-M5">0</dst>
            <dst id="ATLAng">1264.21066666667</dst>
            <dst id="CHINng">17081.904</dst>
            <dst id="DNVRng">13268.6773333333</dst>
            <dst id="HSTNng">5278.93066666667</dst>
            <dst id="IPLSng">9049.24</dst>
            <dst id="KSCYng">6290.032</dst>
            <dst id="LOSAng">8884.40533333333</dst>
            <dst id="NYCMng">4133.08</dst>
            <dst id="SNVAng">53.3333333333333</dst>
            <dst id="STTLng">3775.82933333333</dst>
            <dst id="WASHng">5827.80266666667</dst>
        </src>
        <src id="LOSAng">
            <dst id="ATLA-M5">244.877333333333</dst>
            <dst id="ATLAng">49303.6266666667</dst>
            <dst id="CHINng">74691.0026666667</dst>
            <dst id="DNVRng">8088.92533333333</dst>
            <dst id="HSTNng">12476.4133333333</dst>
            <dst id="IPLSng">27449.2213333333</dst>
            <dst id="KSCYng">1764.032</dst>
            <dst id="LOSAng">20022.0826666667</dst>
            <dst id="NYCMng">64928.712</dst>
            <dst id="SNVAng">9698.704</dst>
            <dst id="STTLng">50198.1333333333</dst>
            <dst id="WASHng">99138.6773333333</dst>
        </src>
        <src id="NYCMng">
            <dst id="ATLA-M5">53.3333333333333</dst>
            <dst id="ATLAng">33393.2053333333</dst>
            <dst id="CHINng">40551.72</dst>
            <dst id="DNVRng">35330.928</dst>
            <dst id="HSTNng">6127.376</dst>
            <dst id="IPLSng">53309.7653333333</dst>
            <dst id="KSCYng">10102.96</dst>
            <dst id="LOSAng">84271.528</dst>
            <dst id="NYCMng">83038.9413333333</dst>
            <dst id="SNVAng">1101.79466666667</dst>
            <dst id="STTLng">29871.6</dst>
            <dst id="WASHng">45424.288</dst>
        </src>
        <src id="SNVAng">
            <dst id="ATLA-M5">0</dst>
            <dst id="ATLAng">26.6666666666667</dst>
            <dst id="CHINng">137.237333333333</dst>
            <dst id="DNVRng">1120.19466666667</dst>
            <dst id="HSTNng">114.378666666667</dst>
            <dst id="IPLSng">9870.48</dst>
            <dst id="KSCYng">100.112</dst>
            <dst id="LOSAng">41213.9893333333</dst>
            <dst id="NYCMng">378.824</dst>
            <dst id="SNVAng">11189.9946666667</dst>
            <dst id="STTLng">34354.6213333333</dst>
            <dst id="WASHng">0</dst>
        </src>
        <src id="STTLng">
            <dst id="ATLA-M5">26.6666666666667</dst>
            <dst id="ATLAng">9285.09333333333</dst>
            <dst id="CHINng">17110.2453333333</dst>
            <dst id="DNVRng">3020.02933333333</dst>
            <dst id="HSTNng">1764.632</dst>
            <dst id="IPLSng">6905.19733333333</dst>
            <dst id="KSCYng">3502.13333333333</dst>
            <dst id="LOSAng">39412.1653333333</dst>
            <dst id="NYCMng">11585.864</dst>
            <dst id="SNVAng">4225.41333333333</dst>
            <dst id="STTLng">2463.672</dst>
            <dst id="WASHng">7040.536</dst>
        </src>
        <src id="WASHng">
            <dst id="ATLA-M5">998.069333333333</dst>
            <dst id="ATLAng">88614.5626666667</dst>
            <dst id="CHINng">85295.024</dst>
            <dst id="DNVRng">63646.4533333333</dst>
            <dst id="HSTNng">20274.328</dst>
            <dst id="IPLSng">17740.272</dst>
            <dst id="KSCYng">9438.20533333334</dst>
            <dst id="LOSAng">129208.312</dst>
            <dst id="NYCMng">175269.997333333</dst>
            <dst id="SNVAng">230.258666666667</dst>
            <dst id="STTLng">43611.8506666667</dst>
            <dst id="WASHng">176424.608</dst>
        </src>
    </IntraTM>
</TrafficMatrixFile>
