<?xml version="1.0" encoding="ISO-8859-1" standalone="yes"?>
<TrafficMatrixFile xsi:noNamespaceSchemaLocation="http://totem.run.montefiore.ulg.ac.be/Schema/TrafficMatrix-v1_2.xsd" xmlns:xsi="http://www.w3.org/2001/XMLSchema-instance">
    <IntraTM ASID="11537">
        <src id="ATLA-M5">
            <dst id="ATLA-M5">447.608</dst>
            <dst id="ATLAng">1042.68</dst>
            <dst id="CHINng">166.490666666667</dst>
            <dst id="DNVRng">80</dst>
            <dst id="HSTNng">125.645333333333</dst>
            <dst id="IPLSng">109.765333333333</dst>
            <dst id="KSCYng">53.3333333333333</dst>
            <dst id="LOSAng">267.749333333333</dst>
            <dst id="NYCMng">793.333333333333</dst>
            <dst id="SNVAng">0</dst>
            <dst id="STTLng">26.6666666666667</dst>
            <dst id="WASHng">1699.584</dst>
        </src>
        <src id="ATLAng">
            <dst id="ATLA-M5">449.138666666667</dst>
            <dst id="ATLAng">25975.4026666667</dst>
            <dst id="CHINng">12835.088</dst>
            <dst id="DNVRng">4347.08266666667</dst>
            <dst id="HSTNng">4073.72</dst>
            <dst id="IPLSng">15155.256</dst>
            <dst id="KSCYng">5743.18133333333</dst>
            <dst id="LOSAng">11324.4973333333</dst>
            <dst id="NYCMng">6987.49333333333</dst>
            <dst id="SNVAng">861.934666666667</dst>
            <dst id="STTLng">6093.36</dst>
            <dst id="WASHng">73057.5386666667</dst>
        </src>
        <src id="CHINng">
            <dst id="ATLA-M5">2210.072</dst>
            <dst id="ATLAng">29318.2106666667</dst>
            <dst id="CHINng">130185.034666667</dst>
            <dst id="DNVRng">16393.936</dst>
            <dst id="HSTNng">12451.2746666667</dst>
            <dst id="IPLSng">48435.8826666667</dst>
            <dst id="KSCYng">7536.69866666667</dst>
            <dst id="LOSAng">41774.92</dst>
            <dst id="NYCMng">11045.4026666667</dst>
            <dst id="SNVAng">471.682666666667</dst>
            <dst id="STTLng">7478.52266666667</dst>
            <dst id="WASHng">53636.9573333333</dst>
        </src>
        <src id="DNVRng">
            <dst id="ATLA-M5">123.776</dst>
            <dst id="ATLAng">8353.54133333333</dst>
            <dst id="CHINng">148917.986666667</dst>
            <dst id="DNVRng">26370.656</dst>
            <dst id="HSTNng">26051.152</dst>
            <dst id="IPLSng">23927.336</dst>
            <dst id="KSCYng">28292.064</dst>
            <dst id="LOSAng">8018.69066666667</dst>
            <dst id="NYCMng">14955.568</dst>
            <dst id="SNVAng">19523.0426666667</dst>
            <dst id="STTLng">16010.3893333333</dst>
            <dst id="WASHng">43184.2373333333</dst>
        </src>
        <src id="HSTNng">
            <dst id="ATLA-M5">4089.33333333333</dst>
            <dst id="ATLAng">4546.68</dst>
            <dst id="CHINng">20165.824</dst>
            <dst id="DNVRng">2000.10933333333</dst>
            <dst id="HSTNng">8413.376</dst>
            <dst id="IPLSng">1230.38933333333</dst>
            <dst id="KSCYng">5274.464</dst>
            <dst id="LOSAng">8882.52533333334</dst>
            <dst id="NYCMng">6633.78666666667</dst>
            <dst id="SNVAng">99.32</dst>
            <dst id="STTLng">1641.38666666667</dst>
            <dst id="WASHng">6817.056</dst>
        </src>
        <src id="IPLSng">
            <dst id="ATLA-M5">452.893333333333</dst>
            <dst id="ATLAng">29268.3466666667</dst>
            <dst id="CHINng">104972.637333333</dst>
            <dst id="DNVRng">2927.688</dst>
            <dst id="HSTNng">9328.68533333333</dst>
            <dst id="IPLSng">39358.04</dst>
            <dst id="KSCYng">24961.5706666667</dst>
            <dst id="LOSAng">23308.6293333333</dst>
            <dst id="NYCMng">34100.1653333333</dst>
            <dst id="SNVAng">1330.08</dst>
            <dst id="STTLng">7809.856</dst>
            <dst id="WASHng">23796.3893333333</dst>
        </src>
        <src id="KSCYng">
            <dst id="ATLA-M5">362.568</dst>
            <dst id="ATLAng">2905.29333333333</dst>
            <dst id="CHINng">29978.9386666667</dst>
            <dst id="DNVRng">18112.152</dst>
            <dst id="HSTNng">3652.76</dst>
            <dst id="IPLSng">16914.6</dst>
            <dst id="KSCYng">12332.5226666667</dst>
            <dst id="LOSAng">8358.12</dst>
            <dst id="NYCMng">5498.08</dst>
            <dst id="SNVAng">174.186666666667</dst>
            <dst id="STTLng">1322.61066666667</dst>
            <dst id="WASHng">16207.9813333333</dst>
        </src>
        <src id="LOSAng">
            <dst id="ATLA-M5">1784.05066666667</dst>
            <dst id="ATLAng">18644.8826666667</dst>
            <dst id="CHINng">130984.514666667</dst>
            <dst id="DNVRng">11014.6426666667</dst>
            <dst id="HSTNng">40730.936</dst>
            <dst id="IPLSng">55708.9893333333</dst>
            <dst id="KSCYng">9218.07466666667</dst>
            <dst id="LOSAng">14993.48</dst>
            <dst id="NYCMng">55611.3173333333</dst>
            <dst id="SNVAng">17574.8053333333</dst>
            <dst id="STTLng">34578.608</dst>
            <dst id="WASHng">113259.917333333</dst>
        </src>
        <src id="NYCMng">
            <dst id="ATLA-M5">472.776</dst>
            <dst id="ATLAng">54392.7173333333</dst>
            <dst id="CHINng">67834.616</dst>
            <dst id="DNVRng">29017.4026666667</dst>
            <dst id="HSTNng">9467.56266666667</dst>
            <dst id="IPLSng">40426.824</dst>
            <dst id="KSCYng">17590.592</dst>
            <dst id="LOSAng">45273.0213333333</dst>
            <dst id="NYCMng">136366.066666667</dst>
            <dst id="SNVAng">3019.82133333333</dst>
            <dst id="STTLng">20418.6506666667</dst>
            <dst id="WASHng">74385.8213333333</dst>
        </src>
        <src id="SNVAng">
            <dst id="ATLA-M5">0</dst>
            <dst id="ATLAng">469.845333333333</dst>
            <dst id="CHINng">673.317333333334</dst>
            <dst id="DNVRng">732.288</dst>
            <dst id="HSTNng">225.410666666667</dst>
            <dst id="IPLSng">1279.49066666667</dst>
            <dst id="KSCYng">566.082666666667</dst>
            <dst id="LOSAng">26698.696</dst>
            <dst id="NYCMng">807.218666666667</dst>
            <dst id="SNVAng">12712.632</dst>
            <dst id="STTLng">23915.4373333333</dst>
            <dst id="WASHng">237.586666666667</dst>
        </src>
        <src id="STTLng">
            <dst id="ATLA-M5">351.538666666667</dst>
            <dst id="ATLAng">15615.84</dst>
            <dst id="CHINng">34900.4266666667</dst>
            <dst id="DNVRng">2644.56266666667</dst>
            <dst id="HSTNng">3539.98933333333</dst>
            <dst id="IPLSng">18684.9013333333</dst>
            <dst id="KSCYng">2845.16533333333</dst>
            <dst id="LOSAng">19970.3866666667</dst>
            <dst id="NYCMng">10652.776</dst>
            <dst id="SNVAng">4277.80533333333</dst>
            <dst id="STTLng">8352.74666666667</dst>
            <dst id="WASHng">15065.9333333333</dst>
        </src>
        <src id="WASHng">
            <dst id="ATLA-M5">2709.55466666667</dst>
            <dst id="ATLAng">88780.1253333334</dst>
            <dst id="CHINng">122284.232</dst>
            <dst id="DNVRng">68437.008</dst>
            <dst id="HSTNng">45657.976</dst>
            <dst id="IPLSng">61050.872</dst>
            <dst id="KSCYng">36971.296</dst>
            <dst id="LOSAng">106785.946666667</dst>
            <dst id="NYCMng">182723.36</dst>
            <dst id="SNVAng">4905.696</dst>
            <dst id="STTLng">62759.32</dst>
            <dst id="WASHng">291550.106666667</dst>
        </src>
    </IntraTM>
</TrafficMatrixFile>
