<?xml version="1.0" encoding="ISO-8859-1" standalone="yes"?>
<TrafficMatrixFile xsi:noNamespaceSchemaLocation="http://totem.run.montefiore.ulg.ac.be/Schema/TrafficMatrix-v1_2.xsd" xmlns:xsi="http://www.w3.org/2001/XMLSchema-instance">
    <IntraTM ASID="11537">
        <src id="ATLA-M5">
            <dst id="ATLA-M5">187.274666666667</dst>
            <dst id="ATLAng">347.194666666667</dst>
            <dst id="CHINng">320.370666666667</dst>
            <dst id="DNVRng">223.882666666667</dst>
            <dst id="HSTNng">133.666666666667</dst>
            <dst id="IPLSng">381.064</dst>
            <dst id="KSCYng">597.48</dst>
            <dst id="LOSAng">53.3333333333333</dst>
            <dst id="NYCMng">0</dst>
            <dst id="SNVAng">0</dst>
            <dst id="STTLng">60.736</dst>
            <dst id="WASHng">578.749333333333</dst>
        </src>
        <src id="ATLAng">
            <dst id="ATLA-M5">305.994666666667</dst>
            <dst id="ATLAng">61608.8853333333</dst>
            <dst id="CHINng">15492.36</dst>
            <dst id="DNVRng">4584.68</dst>
            <dst id="HSTNng">4860.90666666667</dst>
            <dst id="IPLSng">16283.4826666667</dst>
            <dst id="KSCYng">7863.704</dst>
            <dst id="LOSAng">19278.0773333333</dst>
            <dst id="NYCMng">6685.89866666667</dst>
            <dst id="SNVAng">1625.888</dst>
            <dst id="STTLng">8387.55466666667</dst>
            <dst id="WASHng">46440.0346666667</dst>
        </src>
        <src id="CHINng">
            <dst id="ATLA-M5">175.866666666667</dst>
            <dst id="ATLAng">32846.6213333333</dst>
            <dst id="CHINng">112232.834666667</dst>
            <dst id="DNVRng">17803.632</dst>
            <dst id="HSTNng">9493.70133333333</dst>
            <dst id="IPLSng">38014.736</dst>
            <dst id="KSCYng">18657.784</dst>
            <dst id="LOSAng">49896.5946666667</dst>
            <dst id="NYCMng">10230.5253333333</dst>
            <dst id="SNVAng">1116.68</dst>
            <dst id="STTLng">9288.69866666667</dst>
            <dst id="WASHng">30654.456</dst>
        </src>
        <src id="DNVRng">
            <dst id="ATLA-M5">74.6666666666667</dst>
            <dst id="ATLAng">38618.7706666667</dst>
            <dst id="CHINng">56475.952</dst>
            <dst id="DNVRng">20422.128</dst>
            <dst id="HSTNng">34878.16</dst>
            <dst id="IPLSng">29035.408</dst>
            <dst id="KSCYng">25928.6986666667</dst>
            <dst id="LOSAng">16162.2</dst>
            <dst id="NYCMng">17240.8213333333</dst>
            <dst id="SNVAng">26046.592</dst>
            <dst id="STTLng">16621.7893333333</dst>
            <dst id="WASHng">38145.208</dst>
        </src>
        <src id="HSTNng">
            <dst id="ATLA-M5">1268.23466666667</dst>
            <dst id="ATLAng">6715.856</dst>
            <dst id="CHINng">26435.2933333333</dst>
            <dst id="DNVRng">9450.51466666667</dst>
            <dst id="HSTNng">10138.1946666667</dst>
            <dst id="IPLSng">1884.23466666667</dst>
            <dst id="KSCYng">2675.72266666667</dst>
            <dst id="LOSAng">13656.6906666667</dst>
            <dst id="NYCMng">8665.35733333334</dst>
            <dst id="SNVAng">528.994666666667</dst>
            <dst id="STTLng">1929.808</dst>
            <dst id="WASHng">3677.67466666667</dst>
        </src>
        <src id="IPLSng">
            <dst id="ATLA-M5">349.178666666667</dst>
            <dst id="ATLAng">15364.136</dst>
            <dst id="CHINng">81361.16</dst>
            <dst id="DNVRng">16705.92</dst>
            <dst id="HSTNng">4613.37066666667</dst>
            <dst id="IPLSng">66174.016</dst>
            <dst id="KSCYng">7768.42666666667</dst>
            <dst id="LOSAng">60185.4</dst>
            <dst id="NYCMng">33215.8186666667</dst>
            <dst id="SNVAng">2490.87733333333</dst>
            <dst id="STTLng">7646.68533333333</dst>
            <dst id="WASHng">38918.184</dst>
        </src>
        <src id="KSCYng">
            <dst id="ATLA-M5">290.589333333333</dst>
            <dst id="ATLAng">3654.464</dst>
            <dst id="CHINng">36110.048</dst>
            <dst id="DNVRng">13019.8373333333</dst>
            <dst id="HSTNng">4463.77066666667</dst>
            <dst id="IPLSng">16813.3786666667</dst>
            <dst id="KSCYng">6630.13333333333</dst>
            <dst id="LOSAng">10557.9306666667</dst>
            <dst id="NYCMng">12617.9253333333</dst>
            <dst id="SNVAng">267.410666666667</dst>
            <dst id="STTLng">2690.944</dst>
            <dst id="WASHng">14989.672</dst>
        </src>
        <src id="LOSAng">
            <dst id="ATLA-M5">180.68</dst>
            <dst id="ATLAng">47856.5093333333</dst>
            <dst id="CHINng">110080.4</dst>
            <dst id="DNVRng">33403.3653333333</dst>
            <dst id="HSTNng">19235.5413333333</dst>
            <dst id="IPLSng">43673.472</dst>
            <dst id="KSCYng">17376.44</dst>
            <dst id="LOSAng">16868.3386666667</dst>
            <dst id="NYCMng">82601.3946666667</dst>
            <dst id="SNVAng">13321.6773333333</dst>
            <dst id="STTLng">51708.7253333333</dst>
            <dst id="WASHng">109826.536</dst>
        </src>
        <src id="NYCMng">
            <dst id="ATLA-M5">214.509333333333</dst>
            <dst id="ATLAng">61858.8293333333</dst>
            <dst id="CHINng">51972.3866666667</dst>
            <dst id="DNVRng">128860</dst>
            <dst id="HSTNng">11624.8</dst>
            <dst id="IPLSng">45824.8426666667</dst>
            <dst id="KSCYng">25198.1306666667</dst>
            <dst id="LOSAng">108923.104</dst>
            <dst id="NYCMng">139110.136</dst>
            <dst id="SNVAng">5149.22666666667</dst>
            <dst id="STTLng">25743.4666666667</dst>
            <dst id="WASHng">111436.496</dst>
        </src>
        <src id="SNVAng">
            <dst id="ATLA-M5">0</dst>
            <dst id="ATLAng">205.44</dst>
            <dst id="CHINng">3046.65333333333</dst>
            <dst id="DNVRng">4466.91466666667</dst>
            <dst id="HSTNng">169.237333333333</dst>
            <dst id="IPLSng">941.445333333333</dst>
            <dst id="KSCYng">186.674666666667</dst>
            <dst id="LOSAng">37581.3333333333</dst>
            <dst id="NYCMng">1590.07466666667</dst>
            <dst id="SNVAng">10461.6586666667</dst>
            <dst id="STTLng">35472.5733333333</dst>
            <dst id="WASHng">662.949333333333</dst>
        </src>
        <src id="STTLng">
            <dst id="ATLA-M5">159.528</dst>
            <dst id="ATLAng">13442.352</dst>
            <dst id="CHINng">24862.368</dst>
            <dst id="DNVRng">7064.95733333333</dst>
            <dst id="HSTNng">3468.328</dst>
            <dst id="IPLSng">16066.9946666667</dst>
            <dst id="KSCYng">8824.312</dst>
            <dst id="LOSAng">40803.808</dst>
            <dst id="NYCMng">10919.312</dst>
            <dst id="SNVAng">4622.69066666667</dst>
            <dst id="STTLng">5634.54133333334</dst>
            <dst id="WASHng">21822.056</dst>
        </src>
        <src id="WASHng">
            <dst id="ATLA-M5">1487.09066666667</dst>
            <dst id="ATLAng">142695.573333333</dst>
            <dst id="CHINng">104492.005333333</dst>
            <dst id="DNVRng">88260.024</dst>
            <dst id="HSTNng">27120.9546666667</dst>
            <dst id="IPLSng">98659.6</dst>
            <dst id="KSCYng">34378.584</dst>
            <dst id="LOSAng">128947.573333333</dst>
            <dst id="NYCMng">262693.133333333</dst>
            <dst id="SNVAng">3203.44533333333</dst>
            <dst id="STTLng">37657.512</dst>
            <dst id="WASHng">386940.16</dst>
        </src>
    </IntraTM>
</TrafficMatrixFile>
