<?xml version="1.0" encoding="ISO-8859-1" standalone="yes"?>
<TrafficMatrixFile xsi:noNamespaceSchemaLocation="http://totem.run.montefiore.ulg.ac.be/Schema/TrafficMatrix-v1_2.xsd" xmlns:xsi="http://www.w3.org/2001/XMLSchema-instance">
    <IntraTM ASID="11537">
        <src id="ATLA-M5">
            <dst id="ATLA-M5">0</dst>
            <dst id="ATLAng">78.7253333333333</dst>
            <dst id="CHINng">140.277333333333</dst>
            <dst id="DNVRng">0</dst>
            <dst id="HSTNng">86.8453333333333</dst>
            <dst id="IPLSng">0</dst>
            <dst id="KSCYng">0</dst>
            <dst id="LOSAng">299.184</dst>
            <dst id="NYCMng">95.6426666666667</dst>
            <dst id="SNVAng">0</dst>
            <dst id="STTLng">106.76</dst>
            <dst id="WASHng">893.234666666667</dst>
        </src>
        <src id="ATLAng">
            <dst id="ATLA-M5">1718.808</dst>
            <dst id="ATLAng">38552.2346666667</dst>
            <dst id="CHINng">6674.60533333333</dst>
            <dst id="DNVRng">3608.912</dst>
            <dst id="HSTNng">503.448</dst>
            <dst id="IPLSng">19252.688</dst>
            <dst id="KSCYng">902.845333333333</dst>
            <dst id="LOSAng">15289.6333333333</dst>
            <dst id="NYCMng">4790.41066666667</dst>
            <dst id="SNVAng">396.526666666667</dst>
            <dst id="STTLng">4117.54133333333</dst>
            <dst id="WASHng">62171.944</dst>
        </src>
        <src id="CHINng">
            <dst id="ATLA-M5">633.149333333333</dst>
            <dst id="ATLAng">44430.5066666667</dst>
            <dst id="CHINng">89761.288</dst>
            <dst id="DNVRng">16325.6826666667</dst>
            <dst id="HSTNng">7243.94133333333</dst>
            <dst id="IPLSng">22010.5573333333</dst>
            <dst id="KSCYng">10492.1333333333</dst>
            <dst id="LOSAng">66767.2906666667</dst>
            <dst id="NYCMng">5159.456</dst>
            <dst id="SNVAng">93.6586666666667</dst>
            <dst id="STTLng">7994.792</dst>
            <dst id="WASHng">21139.7946666667</dst>
        </src>
        <src id="DNVRng">
            <dst id="ATLA-M5">109.92</dst>
            <dst id="ATLAng">3977.58133333333</dst>
            <dst id="CHINng">54721.3946666667</dst>
            <dst id="DNVRng">13000.9893333333</dst>
            <dst id="HSTNng">19816.104</dst>
            <dst id="IPLSng">19272.5013333333</dst>
            <dst id="KSCYng">31854.8666666667</dst>
            <dst id="LOSAng">18833.2746666667</dst>
            <dst id="NYCMng">11895.2773333333</dst>
            <dst id="SNVAng">10516.4533333333</dst>
            <dst id="STTLng">16976.9813333333</dst>
            <dst id="WASHng">42197.1493333333</dst>
        </src>
        <src id="HSTNng">
            <dst id="ATLA-M5">3198.03733333333</dst>
            <dst id="ATLAng">9689.50933333333</dst>
            <dst id="CHINng">14443.1146666667</dst>
            <dst id="DNVRng">1278.29066666667</dst>
            <dst id="HSTNng">2236.69866666667</dst>
            <dst id="IPLSng">1908.22666666667</dst>
            <dst id="KSCYng">1308.71733333333</dst>
            <dst id="LOSAng">10931.1733333333</dst>
            <dst id="NYCMng">1777.44266666667</dst>
            <dst id="SNVAng">0</dst>
            <dst id="STTLng">1445.576</dst>
            <dst id="WASHng">2484.48</dst>
        </src>
        <src id="IPLSng">
            <dst id="ATLA-M5">0</dst>
            <dst id="ATLAng">9256.51466666667</dst>
            <dst id="CHINng">77277.1653333333</dst>
            <dst id="DNVRng">1415.42133333333</dst>
            <dst id="HSTNng">1508.60266666667</dst>
            <dst id="IPLSng">17290.6453333333</dst>
            <dst id="KSCYng">2507.62933333333</dst>
            <dst id="LOSAng">52407.2186666667</dst>
            <dst id="NYCMng">17057.1653333333</dst>
            <dst id="SNVAng">514.749333333333</dst>
            <dst id="STTLng">12706.312</dst>
            <dst id="WASHng">5430.44</dst>
        </src>
        <src id="KSCYng">
            <dst id="ATLA-M5">0</dst>
            <dst id="ATLAng">1495.696</dst>
            <dst id="CHINng">18997.6266666667</dst>
            <dst id="DNVRng">14790.432</dst>
            <dst id="HSTNng">7608.27466666667</dst>
            <dst id="IPLSng">8353.16</dst>
            <dst id="KSCYng">6957.11466666667</dst>
            <dst id="LOSAng">5433.12533333333</dst>
            <dst id="NYCMng">4175.62933333333</dst>
            <dst id="SNVAng">1431.92266666667</dst>
            <dst id="STTLng">5421</dst>
            <dst id="WASHng">4239.896</dst>
        </src>
        <src id="LOSAng">
            <dst id="ATLA-M5">65.5786666666667</dst>
            <dst id="ATLAng">39831.3546666667</dst>
            <dst id="CHINng">122816.685333333</dst>
            <dst id="DNVRng">12040.088</dst>
            <dst id="HSTNng">12218.2346666667</dst>
            <dst id="IPLSng">23311.6746666667</dst>
            <dst id="KSCYng">2917.81866666667</dst>
            <dst id="LOSAng">24532.0133333333</dst>
            <dst id="NYCMng">49602.8213333333</dst>
            <dst id="SNVAng">3972.48266666667</dst>
            <dst id="STTLng">37965.6906666667</dst>
            <dst id="WASHng">89101.6053333334</dst>
        </src>
        <src id="NYCMng">
            <dst id="ATLA-M5">282.744</dst>
            <dst id="ATLAng">32683.1493333333</dst>
            <dst id="CHINng">50757.8186666667</dst>
            <dst id="DNVRng">26509.6933333333</dst>
            <dst id="HSTNng">5356.37866666667</dst>
            <dst id="IPLSng">19005.768</dst>
            <dst id="KSCYng">7472.112</dst>
            <dst id="LOSAng">86952.136</dst>
            <dst id="NYCMng">116758.661333333</dst>
            <dst id="SNVAng">1351.144</dst>
            <dst id="STTLng">27652.7706666667</dst>
            <dst id="WASHng">41588.6613333333</dst>
        </src>
        <src id="SNVAng">
            <dst id="ATLA-M5">0</dst>
            <dst id="ATLAng">55.088</dst>
            <dst id="CHINng">113.04</dst>
            <dst id="DNVRng">1096.44266666667</dst>
            <dst id="HSTNng">122.154666666667</dst>
            <dst id="IPLSng">1009.872</dst>
            <dst id="KSCYng">108.506666666667</dst>
            <dst id="LOSAng">34444.8266666667</dst>
            <dst id="NYCMng">291.602666666667</dst>
            <dst id="SNVAng">9261.04266666667</dst>
            <dst id="STTLng">23550.7653333333</dst>
            <dst id="WASHng">26.6666666666667</dst>
        </src>
        <src id="STTLng">
            <dst id="ATLA-M5">26.6666666666667</dst>
            <dst id="ATLAng">8789.90666666667</dst>
            <dst id="CHINng">27167.3146666667</dst>
            <dst id="DNVRng">739.658666666667</dst>
            <dst id="HSTNng">1154.464</dst>
            <dst id="IPLSng">5108.97866666667</dst>
            <dst id="KSCYng">1521.53066666667</dst>
            <dst id="LOSAng">26074.296</dst>
            <dst id="NYCMng">10996.7173333333</dst>
            <dst id="SNVAng">3259.62133333333</dst>
            <dst id="STTLng">2305.68533333333</dst>
            <dst id="WASHng">3602.00266666667</dst>
        </src>
        <src id="WASHng">
            <dst id="ATLA-M5">26.6666666666667</dst>
            <dst id="ATLAng">91400.8213333333</dst>
            <dst id="CHINng">96184.6133333334</dst>
            <dst id="DNVRng">60607.6266666667</dst>
            <dst id="HSTNng">21863.6666666667</dst>
            <dst id="IPLSng">33901.0666666667</dst>
            <dst id="KSCYng">14269.6426666667</dst>
            <dst id="LOSAng">118521.92</dst>
            <dst id="NYCMng">111852.026666667</dst>
            <dst id="SNVAng">275.176</dst>
            <dst id="STTLng">33106.952</dst>
            <dst id="WASHng">305453.946666667</dst>
        </src>
    </IntraTM>
</TrafficMatrixFile>
