<?xml version="1.0" encoding="ISO-8859-1" standalone="yes"?>
<TrafficMatrixFile xsi:noNamespaceSchemaLocation="http://totem.run.montefiore.ulg.ac.be/Schema/TrafficMatrix-v1_2.xsd" xmlns:xsi="http://www.w3.org/2001/XMLSchema-instance">
    <IntraTM ASID="11537">
        <src id="ATLA-M5">
            <dst id="ATLA-M5">0</dst>
            <dst id="ATLAng">26.6666666666667</dst>
            <dst id="CHINng">136.64</dst>
            <dst id="DNVRng">0</dst>
            <dst id="HSTNng">26.6666666666667</dst>
            <dst id="IPLSng">53.3333333333333</dst>
            <dst id="KSCYng">0</dst>
            <dst id="LOSAng">69.88</dst>
            <dst id="NYCMng">26.6666666666667</dst>
            <dst id="SNVAng">0</dst>
            <dst id="STTLng">63.7786666666667</dst>
            <dst id="WASHng">231.474666666667</dst>
        </src>
        <src id="ATLAng">
            <dst id="ATLA-M5">203.248</dst>
            <dst id="ATLAng">47072.408</dst>
            <dst id="CHINng">8048.088</dst>
            <dst id="DNVRng">4447.008</dst>
            <dst id="HSTNng">508.776</dst>
            <dst id="IPLSng">10727.1066666667</dst>
            <dst id="KSCYng">2474.45866666667</dst>
            <dst id="LOSAng">16766.4653333333</dst>
            <dst id="NYCMng">4205.59733333333</dst>
            <dst id="SNVAng">39.716</dst>
            <dst id="STTLng">4206.36266666667</dst>
            <dst id="WASHng">29669.64</dst>
        </src>
        <src id="CHINng">
            <dst id="ATLA-M5">26.6666666666667</dst>
            <dst id="ATLAng">22331.8346666667</dst>
            <dst id="CHINng">157851.986666667</dst>
            <dst id="DNVRng">19229.9493333333</dst>
            <dst id="HSTNng">5524.68266666667</dst>
            <dst id="IPLSng">76758.12</dst>
            <dst id="KSCYng">14860.8746666667</dst>
            <dst id="LOSAng">75479.2293333334</dst>
            <dst id="NYCMng">9433.05333333334</dst>
            <dst id="SNVAng">392.664</dst>
            <dst id="STTLng">5210.76533333333</dst>
            <dst id="WASHng">24113.8613333333</dst>
        </src>
        <src id="DNVRng">
            <dst id="ATLA-M5">0</dst>
            <dst id="ATLAng">11366.696</dst>
            <dst id="CHINng">42041.0373333333</dst>
            <dst id="DNVRng">29673.3493333333</dst>
            <dst id="HSTNng">27777.352</dst>
            <dst id="IPLSng">23172.016</dst>
            <dst id="KSCYng">23112.928</dst>
            <dst id="LOSAng">5360.22666666667</dst>
            <dst id="NYCMng">8976.36533333334</dst>
            <dst id="SNVAng">14911.328</dst>
            <dst id="STTLng">15235.84</dst>
            <dst id="WASHng">30245.016</dst>
        </src>
        <src id="HSTNng">
            <dst id="ATLA-M5">228.170666666667</dst>
            <dst id="ATLAng">2862.064</dst>
            <dst id="CHINng">12035.6933333333</dst>
            <dst id="DNVRng">2155.712</dst>
            <dst id="HSTNng">8318.08</dst>
            <dst id="IPLSng">373.578666666667</dst>
            <dst id="KSCYng">1131.712</dst>
            <dst id="LOSAng">12318.7653333333</dst>
            <dst id="NYCMng">4134.44</dst>
            <dst id="SNVAng">0</dst>
            <dst id="STTLng">1380.79466666667</dst>
            <dst id="WASHng">9106.168</dst>
        </src>
        <src id="IPLSng">
            <dst id="ATLA-M5">26.6666666666667</dst>
            <dst id="ATLAng">11017.256</dst>
            <dst id="CHINng">68008.616</dst>
            <dst id="DNVRng">8924.54666666667</dst>
            <dst id="HSTNng">4012.75733333333</dst>
            <dst id="IPLSng">27759.9173333333</dst>
            <dst id="KSCYng">3003.45333333333</dst>
            <dst id="LOSAng">76574.5013333333</dst>
            <dst id="NYCMng">22922.3893333333</dst>
            <dst id="SNVAng">472.424</dst>
            <dst id="STTLng">13190.24</dst>
            <dst id="WASHng">10621.5226666667</dst>
        </src>
        <src id="KSCYng">
            <dst id="ATLA-M5">69.3893333333333</dst>
            <dst id="ATLAng">2939.896</dst>
            <dst id="CHINng">19510.0453333333</dst>
            <dst id="DNVRng">14265.944</dst>
            <dst id="HSTNng">3074.536</dst>
            <dst id="IPLSng">10717.0906666667</dst>
            <dst id="KSCYng">9309.58133333333</dst>
            <dst id="LOSAng">6893.62133333333</dst>
            <dst id="NYCMng">3896.04266666667</dst>
            <dst id="SNVAng">152.944</dst>
            <dst id="STTLng">6186.512</dst>
            <dst id="WASHng">14491.5653333333</dst>
        </src>
        <src id="LOSAng">
            <dst id="ATLA-M5">1282.61066666667</dst>
            <dst id="ATLAng">24918.88</dst>
            <dst id="CHINng">77803.376</dst>
            <dst id="DNVRng">9637.90666666667</dst>
            <dst id="HSTNng">11627.248</dst>
            <dst id="IPLSng">56868.944</dst>
            <dst id="KSCYng">5287.97066666667</dst>
            <dst id="LOSAng">22709.6986666667</dst>
            <dst id="NYCMng">83586.72</dst>
            <dst id="SNVAng">10430.5066666667</dst>
            <dst id="STTLng">68155.056</dst>
            <dst id="WASHng">110624.821333333</dst>
        </src>
        <src id="NYCMng">
            <dst id="ATLA-M5">1211.60533333333</dst>
            <dst id="ATLAng">31357.68</dst>
            <dst id="CHINng">55782.3573333333</dst>
            <dst id="DNVRng">120035.765333333</dst>
            <dst id="HSTNng">15937.2533333333</dst>
            <dst id="IPLSng">33561.2666666667</dst>
            <dst id="KSCYng">9223.90933333333</dst>
            <dst id="LOSAng">105767.762666667</dst>
            <dst id="NYCMng">56501.9413333333</dst>
            <dst id="SNVAng">1811.32533333333</dst>
            <dst id="STTLng">28022.392</dst>
            <dst id="WASHng">52268.696</dst>
        </src>
        <src id="SNVAng">
            <dst id="ATLA-M5">0</dst>
            <dst id="ATLAng">26.6666666666667</dst>
            <dst id="CHINng">434.384</dst>
            <dst id="DNVRng">7260.728</dst>
            <dst id="HSTNng">3305.33333333333</dst>
            <dst id="IPLSng">4658.84</dst>
            <dst id="KSCYng">0</dst>
            <dst id="LOSAng">32582.7786666667</dst>
            <dst id="NYCMng">431.077333333333</dst>
            <dst id="SNVAng">8893.832</dst>
            <dst id="STTLng">26375.6586666667</dst>
            <dst id="WASHng">42.936</dst>
        </src>
        <src id="STTLng">
            <dst id="ATLA-M5">159.850666666667</dst>
            <dst id="ATLAng">10539.128</dst>
            <dst id="CHINng">14559.2693333333</dst>
            <dst id="DNVRng">3520.83466666667</dst>
            <dst id="HSTNng">1986.19466666667</dst>
            <dst id="IPLSng">7717.08</dst>
            <dst id="KSCYng">3613.168</dst>
            <dst id="LOSAng">28034.888</dst>
            <dst id="NYCMng">9196.07733333333</dst>
            <dst id="SNVAng">4863.2</dst>
            <dst id="STTLng">5794.29866666667</dst>
            <dst id="WASHng">4842.92266666667</dst>
        </src>
        <src id="WASHng">
            <dst id="ATLA-M5">194.490666666667</dst>
            <dst id="ATLAng">108559.906666667</dst>
            <dst id="CHINng">86564.056</dst>
            <dst id="DNVRng">55031.5226666667</dst>
            <dst id="HSTNng">22414.048</dst>
            <dst id="IPLSng">80465.4266666667</dst>
            <dst id="KSCYng">15037.448</dst>
            <dst id="LOSAng">121214.437333333</dst>
            <dst id="NYCMng">140386.290666667</dst>
            <dst id="SNVAng">4352.41066666667</dst>
            <dst id="STTLng">45600.9093333333</dst>
            <dst id="WASHng">198862.770666667</dst>
        </src>
    </IntraTM>
</TrafficMatrixFile>
