<?xml version="1.0" encoding="ISO-8859-1" standalone="yes"?>
<TrafficMatrixFile xsi:noNamespaceSchemaLocation="http://totem.run.montefiore.ulg.ac.be/Schema/TrafficMatrix-v1_2.xsd" xmlns:xsi="http://www.w3.org/2001/XMLSchema-instance">
    <IntraTM ASID="11537">
        <src id="ATLA-M5">
            <dst id="ATLA-M5">0</dst>
            <dst id="ATLAng">175.365333333333</dst>
            <dst id="CHINng">114.722666666667</dst>
            <dst id="DNVRng">26.6666666666667</dst>
            <dst id="HSTNng">39.1813333333333</dst>
            <dst id="IPLSng">80</dst>
            <dst id="KSCYng">1347.4</dst>
            <dst id="LOSAng">128.52</dst>
            <dst id="NYCMng">0</dst>
            <dst id="SNVAng">0</dst>
            <dst id="STTLng">214.946666666667</dst>
            <dst id="WASHng">558.130666666667</dst>
        </src>
        <src id="ATLAng">
            <dst id="ATLA-M5">3335.40533333333</dst>
            <dst id="ATLAng">57114.6666666667</dst>
            <dst id="CHINng">8124.44</dst>
            <dst id="DNVRng">7138.496</dst>
            <dst id="HSTNng">11721.6</dst>
            <dst id="IPLSng">12236.736</dst>
            <dst id="KSCYng">6857.14666666667</dst>
            <dst id="LOSAng">20450.4333333333</dst>
            <dst id="NYCMng">6685.216</dst>
            <dst id="SNVAng">282.529333333333</dst>
            <dst id="STTLng">6709.97866666667</dst>
            <dst id="WASHng">33145.496</dst>
        </src>
        <src id="CHINng">
            <dst id="ATLA-M5">317.125333333333</dst>
            <dst id="ATLAng">15363.008</dst>
            <dst id="CHINng">99385.48</dst>
            <dst id="DNVRng">17447.712</dst>
            <dst id="HSTNng">6789.736</dst>
            <dst id="IPLSng">36404.6533333333</dst>
            <dst id="KSCYng">20951.336</dst>
            <dst id="LOSAng">62041.824</dst>
            <dst id="NYCMng">11800.6186666667</dst>
            <dst id="SNVAng">852.581333333333</dst>
            <dst id="STTLng">9786.24</dst>
            <dst id="WASHng">24814.3493333333</dst>
        </src>
        <src id="DNVRng">
            <dst id="ATLA-M5">83.7546666666667</dst>
            <dst id="ATLAng">9530.608</dst>
            <dst id="CHINng">49123.3093333333</dst>
            <dst id="DNVRng">2673.02133333333</dst>
            <dst id="HSTNng">20047.448</dst>
            <dst id="IPLSng">19944.2053333333</dst>
            <dst id="KSCYng">11606.8426666667</dst>
            <dst id="LOSAng">19444.408</dst>
            <dst id="NYCMng">12604.8</dst>
            <dst id="SNVAng">7476.42933333333</dst>
            <dst id="STTLng">7053.58133333333</dst>
            <dst id="WASHng">30796.032</dst>
        </src>
        <src id="HSTNng">
            <dst id="ATLA-M5">842.842666666667</dst>
            <dst id="ATLAng">4953.632</dst>
            <dst id="CHINng">10251.2826666667</dst>
            <dst id="DNVRng">10480.7333333333</dst>
            <dst id="HSTNng">7575.44</dst>
            <dst id="IPLSng">5961.97333333333</dst>
            <dst id="KSCYng">2287.24266666667</dst>
            <dst id="LOSAng">22810.2426666667</dst>
            <dst id="NYCMng">1503.80533333333</dst>
            <dst id="SNVAng">26.6666666666667</dst>
            <dst id="STTLng">1392.592</dst>
            <dst id="WASHng">4713.32</dst>
        </src>
        <src id="IPLSng">
            <dst id="ATLA-M5">53.3333333333333</dst>
            <dst id="ATLAng">14819.9733333333</dst>
            <dst id="CHINng">68406.6746666667</dst>
            <dst id="DNVRng">4813.34933333333</dst>
            <dst id="HSTNng">3780.40533333333</dst>
            <dst id="IPLSng">59958.624</dst>
            <dst id="KSCYng">4523.28533333333</dst>
            <dst id="LOSAng">46804.0773333333</dst>
            <dst id="NYCMng">20103.024</dst>
            <dst id="SNVAng">446.768</dst>
            <dst id="STTLng">13274.656</dst>
            <dst id="WASHng">19936.6986666667</dst>
        </src>
        <src id="KSCYng">
            <dst id="ATLA-M5">54.7253333333333</dst>
            <dst id="ATLAng">3125.38133333333</dst>
            <dst id="CHINng">24088.0666666667</dst>
            <dst id="DNVRng">8544.11466666667</dst>
            <dst id="HSTNng">3588.128</dst>
            <dst id="IPLSng">7644.016</dst>
            <dst id="KSCYng">2276.16266666667</dst>
            <dst id="LOSAng">8488.69866666667</dst>
            <dst id="NYCMng">3268.98933333333</dst>
            <dst id="SNVAng">245.042666666667</dst>
            <dst id="STTLng">2452.57866666667</dst>
            <dst id="WASHng">6174.608</dst>
        </src>
        <src id="LOSAng">
            <dst id="ATLA-M5">1016.992</dst>
            <dst id="ATLAng">17424.7386666667</dst>
            <dst id="CHINng">103080.797333333</dst>
            <dst id="DNVRng">11570.6453333333</dst>
            <dst id="HSTNng">8629.07466666666</dst>
            <dst id="IPLSng">54299.504</dst>
            <dst id="KSCYng">5421.63466666667</dst>
            <dst id="LOSAng">20064.7946666667</dst>
            <dst id="NYCMng">95862.3866666667</dst>
            <dst id="SNVAng">13045.608</dst>
            <dst id="STTLng">45347.3413333333</dst>
            <dst id="WASHng">104401.824</dst>
        </src>
        <src id="NYCMng">
            <dst id="ATLA-M5">365.666666666667</dst>
            <dst id="ATLAng">41954.1653333333</dst>
            <dst id="CHINng">37351.6453333333</dst>
            <dst id="DNVRng">127384.114666667</dst>
            <dst id="HSTNng">8156.35466666667</dst>
            <dst id="IPLSng">43645.1493333333</dst>
            <dst id="KSCYng">16533.7466666667</dst>
            <dst id="LOSAng">107425.48</dst>
            <dst id="NYCMng">90832.064</dst>
            <dst id="SNVAng">10247.5733333333</dst>
            <dst id="STTLng">28806.28</dst>
            <dst id="WASHng">66242.496</dst>
        </src>
        <src id="SNVAng">
            <dst id="ATLA-M5">0</dst>
            <dst id="ATLAng">176.149333333333</dst>
            <dst id="CHINng">217.512</dst>
            <dst id="DNVRng">11693.4853333333</dst>
            <dst id="HSTNng">30.4853333333333</dst>
            <dst id="IPLSng">353.744</dst>
            <dst id="KSCYng">26.6666666666667</dst>
            <dst id="LOSAng">34706.2346666667</dst>
            <dst id="NYCMng">323.653333333333</dst>
            <dst id="SNVAng">8908.30666666667</dst>
            <dst id="STTLng">27843.2106666667</dst>
            <dst id="WASHng">370.456</dst>
        </src>
        <src id="STTLng">
            <dst id="ATLA-M5">271.514666666667</dst>
            <dst id="ATLAng">11580.84</dst>
            <dst id="CHINng">18356.2026666667</dst>
            <dst id="DNVRng">3923.79733333333</dst>
            <dst id="HSTNng">2629.26666666667</dst>
            <dst id="IPLSng">8216.63733333333</dst>
            <dst id="KSCYng">2938.43733333333</dst>
            <dst id="LOSAng">28487.36</dst>
            <dst id="NYCMng">10543.8133333333</dst>
            <dst id="SNVAng">2858.38933333333</dst>
            <dst id="STTLng">3511.696</dst>
            <dst id="WASHng">8807.40533333333</dst>
        </src>
        <src id="WASHng">
            <dst id="ATLA-M5">954.122666666667</dst>
            <dst id="ATLAng">97509.2666666667</dst>
            <dst id="CHINng">61532.952</dst>
            <dst id="DNVRng">59189.7546666667</dst>
            <dst id="HSTNng">27193.184</dst>
            <dst id="IPLSng">48883.056</dst>
            <dst id="KSCYng">16165.8693333333</dst>
            <dst id="LOSAng">209109.6</dst>
            <dst id="NYCMng">188337.712</dst>
            <dst id="SNVAng">12252.8853333333</dst>
            <dst id="STTLng">27803.648</dst>
            <dst id="WASHng">207935.984</dst>
        </src>
    </IntraTM>
</TrafficMatrixFile>
