<?xml version="1.0" encoding="ISO-8859-1" standalone="yes"?>
<TrafficMatrixFile xsi:noNamespaceSchemaLocation="http://totem.run.montefiore.ulg.ac.be/Schema/TrafficMatrix-v1_2.xsd" xmlns:xsi="http://www.w3.org/2001/XMLSchema-instance">
    <IntraTM ASID="11537">
        <src id="ATLA-M5">
            <dst id="ATLA-M5">108.669333333333</dst>
            <dst id="ATLAng">56.1893333333333</dst>
            <dst id="CHINng">26.6666666666667</dst>
            <dst id="DNVRng">0</dst>
            <dst id="HSTNng">137.56</dst>
            <dst id="IPLSng">106.666666666667</dst>
            <dst id="KSCYng">47.256</dst>
            <dst id="LOSAng">122.464</dst>
            <dst id="NYCMng">63.3306666666667</dst>
            <dst id="SNVAng">13.3333333333333</dst>
            <dst id="STTLng">26.6666666666667</dst>
            <dst id="WASHng">2522.43733333333</dst>
        </src>
        <src id="ATLAng">
            <dst id="ATLA-M5">97.288</dst>
            <dst id="ATLAng">44332.728</dst>
            <dst id="CHINng">10846.2213333333</dst>
            <dst id="DNVRng">5396.08533333333</dst>
            <dst id="HSTNng">301.421333333333</dst>
            <dst id="IPLSng">7935.21066666667</dst>
            <dst id="KSCYng">1471.184</dst>
            <dst id="LOSAng">11823.8053333333</dst>
            <dst id="NYCMng">5763.792</dst>
            <dst id="SNVAng">106.989333333333</dst>
            <dst id="STTLng">4715.736</dst>
            <dst id="WASHng">45067.4346666667</dst>
        </src>
        <src id="CHINng">
            <dst id="ATLA-M5">0</dst>
            <dst id="ATLAng">12852.0186666667</dst>
            <dst id="CHINng">126266.808</dst>
            <dst id="DNVRng">8813.75466666667</dst>
            <dst id="HSTNng">2594.10933333333</dst>
            <dst id="IPLSng">19865.5573333333</dst>
            <dst id="KSCYng">15138.904</dst>
            <dst id="LOSAng">43422.6853333333</dst>
            <dst id="NYCMng">11381.2853333333</dst>
            <dst id="SNVAng">1046.36</dst>
            <dst id="STTLng">7064.488</dst>
            <dst id="WASHng">41893.6186666667</dst>
        </src>
        <src id="DNVRng">
            <dst id="ATLA-M5">82.88</dst>
            <dst id="ATLAng">8404.16</dst>
            <dst id="CHINng">56801.8666666667</dst>
            <dst id="DNVRng">22117.92</dst>
            <dst id="HSTNng">10977.9786666667</dst>
            <dst id="IPLSng">15711.6613333333</dst>
            <dst id="KSCYng">7148.44266666667</dst>
            <dst id="LOSAng">3258.78933333333</dst>
            <dst id="NYCMng">14080.624</dst>
            <dst id="SNVAng">6644.58666666667</dst>
            <dst id="STTLng">5177.568</dst>
            <dst id="WASHng">29167.424</dst>
        </src>
        <src id="HSTNng">
            <dst id="ATLA-M5">3567.58933333333</dst>
            <dst id="ATLAng">1318.008</dst>
            <dst id="CHINng">15798.0266666667</dst>
            <dst id="DNVRng">895.522666666667</dst>
            <dst id="HSTNng">2575.74133333333</dst>
            <dst id="IPLSng">2768.112</dst>
            <dst id="KSCYng">2283.48266666667</dst>
            <dst id="LOSAng">7362.91733333333</dst>
            <dst id="NYCMng">1304.25333333333</dst>
            <dst id="SNVAng">86.648</dst>
            <dst id="STTLng">1832.672</dst>
            <dst id="WASHng">1233.75733333333</dst>
        </src>
        <src id="IPLSng">
            <dst id="ATLA-M5">90.7706666666667</dst>
            <dst id="ATLAng">10163.7173333333</dst>
            <dst id="CHINng">79110.2346666667</dst>
            <dst id="DNVRng">2679.25333333333</dst>
            <dst id="HSTNng">791.666666666667</dst>
            <dst id="IPLSng">15989.264</dst>
            <dst id="KSCYng">8379.19466666667</dst>
            <dst id="LOSAng">34696.24</dst>
            <dst id="NYCMng">13255.8826666667</dst>
            <dst id="SNVAng">298.029333333333</dst>
            <dst id="STTLng">8169.81866666667</dst>
            <dst id="WASHng">6975.97066666667</dst>
        </src>
        <src id="KSCYng">
            <dst id="ATLA-M5">0</dst>
            <dst id="ATLAng">1847.48266666667</dst>
            <dst id="CHINng">37613.192</dst>
            <dst id="DNVRng">5714.94133333333</dst>
            <dst id="HSTNng">2347.02933333333</dst>
            <dst id="IPLSng">14359.7413333333</dst>
            <dst id="KSCYng">2297.84266666667</dst>
            <dst id="LOSAng">6235.632</dst>
            <dst id="NYCMng">6060.16266666667</dst>
            <dst id="SNVAng">26.7626666666667</dst>
            <dst id="STTLng">743.125333333333</dst>
            <dst id="WASHng">7025.30666666667</dst>
        </src>
        <src id="LOSAng">
            <dst id="ATLA-M5">53.3333333333333</dst>
            <dst id="ATLAng">18927.8293333333</dst>
            <dst id="CHINng">139688.056</dst>
            <dst id="DNVRng">6087.42933333333</dst>
            <dst id="HSTNng">4204.296</dst>
            <dst id="IPLSng">20629.0666666667</dst>
            <dst id="KSCYng">3819.35733333333</dst>
            <dst id="LOSAng">19330.9146666667</dst>
            <dst id="NYCMng">47127.1066666667</dst>
            <dst id="SNVAng">4572.888</dst>
            <dst id="STTLng">30174.6666666667</dst>
            <dst id="WASHng">90414.4773333333</dst>
        </src>
        <src id="NYCMng">
            <dst id="ATLA-M5">118.973333333333</dst>
            <dst id="ATLAng">28673.9093333333</dst>
            <dst id="CHINng">42782.0773333333</dst>
            <dst id="DNVRng">21806.336</dst>
            <dst id="HSTNng">7026.29333333333</dst>
            <dst id="IPLSng">32494.1573333333</dst>
            <dst id="KSCYng">9725.32</dst>
            <dst id="LOSAng">66785.84</dst>
            <dst id="NYCMng">88815.0293333333</dst>
            <dst id="SNVAng">3816.44533333333</dst>
            <dst id="STTLng">21873.0613333333</dst>
            <dst id="WASHng">70505.7306666667</dst>
        </src>
        <src id="SNVAng">
            <dst id="ATLA-M5">0</dst>
            <dst id="ATLAng">97.7813333333333</dst>
            <dst id="CHINng">515.165333333333</dst>
            <dst id="DNVRng">4837.88266666667</dst>
            <dst id="HSTNng">85.3973333333333</dst>
            <dst id="IPLSng">383.96</dst>
            <dst id="KSCYng">26.6666666666667</dst>
            <dst id="LOSAng">25032.9973333333</dst>
            <dst id="NYCMng">145.045333333333</dst>
            <dst id="SNVAng">9430.30933333333</dst>
            <dst id="STTLng">17758.608</dst>
            <dst id="WASHng">228.618666666667</dst>
        </src>
        <src id="STTLng">
            <dst id="ATLA-M5">98.5386666666667</dst>
            <dst id="ATLAng">8586.52266666667</dst>
            <dst id="CHINng">29142.976</dst>
            <dst id="DNVRng">1549.95466666667</dst>
            <dst id="HSTNng">793.941333333333</dst>
            <dst id="IPLSng">8545.50933333333</dst>
            <dst id="KSCYng">475.018666666667</dst>
            <dst id="LOSAng">17656.76</dst>
            <dst id="NYCMng">7797.70933333333</dst>
            <dst id="SNVAng">1659.53333333333</dst>
            <dst id="STTLng">1286.51733333333</dst>
            <dst id="WASHng">9770.02933333333</dst>
        </src>
        <src id="WASHng">
            <dst id="ATLA-M5">570.474666666667</dst>
            <dst id="ATLAng">126142.133333333</dst>
            <dst id="CHINng">67993.5093333333</dst>
            <dst id="DNVRng">47601.664</dst>
            <dst id="HSTNng">11011.3386666667</dst>
            <dst id="IPLSng">31191.2133333333</dst>
            <dst id="KSCYng">8467.00533333333</dst>
            <dst id="LOSAng">107088.749333333</dst>
            <dst id="NYCMng">133100.664</dst>
            <dst id="SNVAng">4478.98933333333</dst>
            <dst id="STTLng">28205.2133333333</dst>
            <dst id="WASHng">318615.573333333</dst>
        </src>
    </IntraTM>
</TrafficMatrixFile>
