<?xml version="1.0" encoding="ISO-8859-1" standalone="yes"?>
<TrafficMatrixFile xsi:noNamespaceSchemaLocation="http://totem.run.montefiore.ulg.ac.be/Schema/TrafficMatrix-v1_2.xsd" xmlns:xsi="http://www.w3.org/2001/XMLSchema-instance">
    <IntraTM ASID="11537">
        <src id="ATLA-M5">
            <dst id="ATLA-M5">0</dst>
            <dst id="ATLAng">857.309333333333</dst>
            <dst id="CHINng">195.402666666667</dst>
            <dst id="DNVRng">26.6666666666667</dst>
            <dst id="HSTNng">26.6666666666667</dst>
            <dst id="IPLSng">26.6666666666667</dst>
            <dst id="KSCYng">53.3333333333333</dst>
            <dst id="LOSAng">219.341333333333</dst>
            <dst id="NYCMng">68.6293333333333</dst>
            <dst id="SNVAng">0</dst>
            <dst id="STTLng">104.165333333333</dst>
            <dst id="WASHng">352.170666666667</dst>
        </src>
        <src id="ATLAng">
            <dst id="ATLA-M5">137.544</dst>
            <dst id="ATLAng">18905.3386666667</dst>
            <dst id="CHINng">5390.45333333333</dst>
            <dst id="DNVRng">3385.12266666667</dst>
            <dst id="HSTNng">619.186666666667</dst>
            <dst id="IPLSng">14514.3706666667</dst>
            <dst id="KSCYng">422.146666666667</dst>
            <dst id="LOSAng">13869.0853333333</dst>
            <dst id="NYCMng">6004.872</dst>
            <dst id="SNVAng">79.6533333333333</dst>
            <dst id="STTLng">8333.808</dst>
            <dst id="WASHng">49553.032</dst>
        </src>
        <src id="CHINng">
            <dst id="ATLA-M5">53.3333333333333</dst>
            <dst id="ATLAng">4605.54666666667</dst>
            <dst id="CHINng">120716.138666667</dst>
            <dst id="DNVRng">16355.1173333333</dst>
            <dst id="HSTNng">4165.86133333334</dst>
            <dst id="IPLSng">29161.8666666667</dst>
            <dst id="KSCYng">5162.34666666667</dst>
            <dst id="LOSAng">66320.928</dst>
            <dst id="NYCMng">10277.9013333333</dst>
            <dst id="SNVAng">1130.296</dst>
            <dst id="STTLng">6743.256</dst>
            <dst id="WASHng">8386.656</dst>
        </src>
        <src id="DNVRng">
            <dst id="ATLA-M5">114.88</dst>
            <dst id="ATLAng">6373.2</dst>
            <dst id="CHINng">52485.184</dst>
            <dst id="DNVRng">16745.9706666667</dst>
            <dst id="HSTNng">16607.5386666667</dst>
            <dst id="IPLSng">22273.0746666667</dst>
            <dst id="KSCYng">8776.17333333334</dst>
            <dst id="LOSAng">10243.2613333333</dst>
            <dst id="NYCMng">8530.808</dst>
            <dst id="SNVAng">5281.38133333333</dst>
            <dst id="STTLng">5439.256</dst>
            <dst id="WASHng">26160.0666666667</dst>
        </src>
        <src id="HSTNng">
            <dst id="ATLA-M5">170.837333333333</dst>
            <dst id="ATLAng">1664.85066666667</dst>
            <dst id="CHINng">15733.0213333333</dst>
            <dst id="DNVRng">1590.10133333333</dst>
            <dst id="HSTNng">5341.74133333333</dst>
            <dst id="IPLSng">267.282666666667</dst>
            <dst id="KSCYng">1108.048</dst>
            <dst id="LOSAng">10213.136</dst>
            <dst id="NYCMng">2796.29066666667</dst>
            <dst id="SNVAng">0</dst>
            <dst id="STTLng">1381.07733333333</dst>
            <dst id="WASHng">1719.104</dst>
        </src>
        <src id="IPLSng">
            <dst id="ATLA-M5">33.0826666666667</dst>
            <dst id="ATLAng">11691.9386666667</dst>
            <dst id="CHINng">73010.3733333333</dst>
            <dst id="DNVRng">3475.576</dst>
            <dst id="HSTNng">912.434666666667</dst>
            <dst id="IPLSng">40023.68</dst>
            <dst id="KSCYng">2249.65866666667</dst>
            <dst id="LOSAng">56537.7093333333</dst>
            <dst id="NYCMng">15793.4666666667</dst>
            <dst id="SNVAng">262.490666666667</dst>
            <dst id="STTLng">11496.3333333333</dst>
            <dst id="WASHng">24442.8053333333</dst>
        </src>
        <src id="KSCYng">
            <dst id="ATLA-M5">0</dst>
            <dst id="ATLAng">1567.30133333333</dst>
            <dst id="CHINng">54342.3946666667</dst>
            <dst id="DNVRng">11267.6106666667</dst>
            <dst id="HSTNng">2049.36</dst>
            <dst id="IPLSng">9310.31466666667</dst>
            <dst id="KSCYng">5816.06933333333</dst>
            <dst id="LOSAng">5893.872</dst>
            <dst id="NYCMng">3850.79733333333</dst>
            <dst id="SNVAng">8607.57066666667</dst>
            <dst id="STTLng">2575.81333333333</dst>
            <dst id="WASHng">7439.192</dst>
        </src>
        <src id="LOSAng">
            <dst id="ATLA-M5">53.3333333333333</dst>
            <dst id="ATLAng">24604.5386666667</dst>
            <dst id="CHINng">119910.010666667</dst>
            <dst id="DNVRng">8001.17333333333</dst>
            <dst id="HSTNng">5424.84533333333</dst>
            <dst id="IPLSng">26886.976</dst>
            <dst id="KSCYng">6185.28</dst>
            <dst id="LOSAng">21202.088</dst>
            <dst id="NYCMng">52932.664</dst>
            <dst id="SNVAng">6529.928</dst>
            <dst id="STTLng">48892.7733333333</dst>
            <dst id="WASHng">89975.7653333333</dst>
        </src>
        <src id="NYCMng">
            <dst id="ATLA-M5">190.893333333333</dst>
            <dst id="ATLAng">24149.936</dst>
            <dst id="CHINng">53678.2613333333</dst>
            <dst id="DNVRng">116874.829333333</dst>
            <dst id="HSTNng">6457.11466666667</dst>
            <dst id="IPLSng">26284.1226666667</dst>
            <dst id="KSCYng">6674.76533333333</dst>
            <dst id="LOSAng">83762.6586666667</dst>
            <dst id="NYCMng">87197.712</dst>
            <dst id="SNVAng">3258.81333333333</dst>
            <dst id="STTLng">23084.44</dst>
            <dst id="WASHng">57812.8426666667</dst>
        </src>
        <src id="SNVAng">
            <dst id="ATLA-M5">0</dst>
            <dst id="ATLAng">26.6666666666667</dst>
            <dst id="CHINng">741.941333333333</dst>
            <dst id="DNVRng">620.104</dst>
            <dst id="HSTNng">110.592</dst>
            <dst id="IPLSng">245.506666666667</dst>
            <dst id="KSCYng">3009.49333333333</dst>
            <dst id="LOSAng">32063.4506666667</dst>
            <dst id="NYCMng">8495.896</dst>
            <dst id="SNVAng">9552.65066666667</dst>
            <dst id="STTLng">27232.4373333333</dst>
            <dst id="WASHng">0</dst>
        </src>
        <src id="STTLng">
            <dst id="ATLA-M5">55.5413333333333</dst>
            <dst id="ATLAng">8125.928</dst>
            <dst id="CHINng">33101.168</dst>
            <dst id="DNVRng">2457.528</dst>
            <dst id="HSTNng">636.498666666667</dst>
            <dst id="IPLSng">6049.52</dst>
            <dst id="KSCYng">1878.69866666667</dst>
            <dst id="LOSAng">27325.6853333333</dst>
            <dst id="NYCMng">12763.8453333333</dst>
            <dst id="SNVAng">2890.78133333333</dst>
            <dst id="STTLng">1074.09066666667</dst>
            <dst id="WASHng">6576.88</dst>
        </src>
        <src id="WASHng">
            <dst id="ATLA-M5">325.168</dst>
            <dst id="ATLAng">98107.6506666667</dst>
            <dst id="CHINng">79133.8506666667</dst>
            <dst id="DNVRng">35006.192</dst>
            <dst id="HSTNng">28467.976</dst>
            <dst id="IPLSng">45633.9253333333</dst>
            <dst id="KSCYng">8022.20533333333</dst>
            <dst id="LOSAng">114424.770666667</dst>
            <dst id="NYCMng">104387.653333333</dst>
            <dst id="SNVAng">5359.82133333334</dst>
            <dst id="STTLng">26853.4</dst>
            <dst id="WASHng">274731.6</dst>
        </src>
    </IntraTM>
</TrafficMatrixFile>
