<?xml version="1.0" encoding="ISO-8859-1" standalone="yes"?>
<TrafficMatrixFile xsi:noNamespaceSchemaLocation="http://totem.run.montefiore.ulg.ac.be/Schema/TrafficMatrix-v1_2.xsd" xmlns:xsi="http://www.w3.org/2001/XMLSchema-instance">
    <IntraTM ASID="11537">
        <src id="ATLA-M5">
            <dst id="ATLA-M5">30.2933333333333</dst>
            <dst id="ATLAng">0</dst>
            <dst id="CHINng">303.197333333333</dst>
            <dst id="DNVRng">0</dst>
            <dst id="HSTNng">74.688</dst>
            <dst id="IPLSng">26.6666666666667</dst>
            <dst id="KSCYng">53.3333333333333</dst>
            <dst id="LOSAng">126.112</dst>
            <dst id="NYCMng">0</dst>
            <dst id="SNVAng">0</dst>
            <dst id="STTLng">77.384</dst>
            <dst id="WASHng">233.685333333333</dst>
        </src>
        <src id="ATLAng">
            <dst id="ATLA-M5">110.685333333333</dst>
            <dst id="ATLAng">28015.3786666667</dst>
            <dst id="CHINng">9760.54666666667</dst>
            <dst id="DNVRng">3308.21333333333</dst>
            <dst id="HSTNng">429.466666666667</dst>
            <dst id="IPLSng">9840.376</dst>
            <dst id="KSCYng">2339.088</dst>
            <dst id="LOSAng">14389.8213333333</dst>
            <dst id="NYCMng">4071.18933333333</dst>
            <dst id="SNVAng">13.3333333333333</dst>
            <dst id="STTLng">4803.176</dst>
            <dst id="WASHng">23530.3973333333</dst>
        </src>
        <src id="CHINng">
            <dst id="ATLA-M5">26.6666666666667</dst>
            <dst id="ATLAng">16647.4986666667</dst>
            <dst id="CHINng">146546.856</dst>
            <dst id="DNVRng">11268.0986666667</dst>
            <dst id="HSTNng">4549.35733333333</dst>
            <dst id="IPLSng">69881.792</dst>
            <dst id="KSCYng">15610.0986666667</dst>
            <dst id="LOSAng">65836.2826666667</dst>
            <dst id="NYCMng">6161.58666666667</dst>
            <dst id="SNVAng">309.397333333333</dst>
            <dst id="STTLng">5798.14133333333</dst>
            <dst id="WASHng">11886.5573333333</dst>
        </src>
        <src id="DNVRng">
            <dst id="ATLA-M5">246.261333333333</dst>
            <dst id="ATLAng">11295.264</dst>
            <dst id="CHINng">41233.944</dst>
            <dst id="DNVRng">29754.664</dst>
            <dst id="HSTNng">23581.048</dst>
            <dst id="IPLSng">18750.16</dst>
            <dst id="KSCYng">23082.4986666667</dst>
            <dst id="LOSAng">6215.38666666666</dst>
            <dst id="NYCMng">9528.45333333333</dst>
            <dst id="SNVAng">15151.5413333333</dst>
            <dst id="STTLng">13828.5146666667</dst>
            <dst id="WASHng">36368.7306666667</dst>
        </src>
        <src id="HSTNng">
            <dst id="ATLA-M5">3455.91466666667</dst>
            <dst id="ATLAng">3246.37066666667</dst>
            <dst id="CHINng">10113.408</dst>
            <dst id="DNVRng">1143.88</dst>
            <dst id="HSTNng">6282.57066666667</dst>
            <dst id="IPLSng">592.512</dst>
            <dst id="KSCYng">969.341333333333</dst>
            <dst id="LOSAng">10632.624</dst>
            <dst id="NYCMng">4379.97866666667</dst>
            <dst id="SNVAng">0</dst>
            <dst id="STTLng">1243.89866666667</dst>
            <dst id="WASHng">4191.26933333333</dst>
        </src>
        <src id="IPLSng">
            <dst id="ATLA-M5">26.6666666666667</dst>
            <dst id="ATLAng">12428.232</dst>
            <dst id="CHINng">47341.7253333333</dst>
            <dst id="DNVRng">3787.99733333333</dst>
            <dst id="HSTNng">987.72</dst>
            <dst id="IPLSng">28956.3226666667</dst>
            <dst id="KSCYng">2351.96</dst>
            <dst id="LOSAng">47624.36</dst>
            <dst id="NYCMng">28985.3146666667</dst>
            <dst id="SNVAng">390.456</dst>
            <dst id="STTLng">10417.0906666667</dst>
            <dst id="WASHng">9584.13866666667</dst>
        </src>
        <src id="KSCYng">
            <dst id="ATLA-M5">93.9466666666667</dst>
            <dst id="ATLAng">2414.30133333333</dst>
            <dst id="CHINng">20568.7333333333</dst>
            <dst id="DNVRng">16812.568</dst>
            <dst id="HSTNng">4348.15466666667</dst>
            <dst id="IPLSng">7795.352</dst>
            <dst id="KSCYng">4845.07466666667</dst>
            <dst id="LOSAng">8798.59733333333</dst>
            <dst id="NYCMng">4082.89066666667</dst>
            <dst id="SNVAng">71.4746666666667</dst>
            <dst id="STTLng">5445.37333333333</dst>
            <dst id="WASHng">8825.05866666667</dst>
        </src>
        <src id="LOSAng">
            <dst id="ATLA-M5">73.36</dst>
            <dst id="ATLAng">21990.7413333333</dst>
            <dst id="CHINng">79371.3226666667</dst>
            <dst id="DNVRng">6822.384</dst>
            <dst id="HSTNng">9963.68533333333</dst>
            <dst id="IPLSng">55764.9493333333</dst>
            <dst id="KSCYng">7345.77333333333</dst>
            <dst id="LOSAng">17745.776</dst>
            <dst id="NYCMng">78369.5733333333</dst>
            <dst id="SNVAng">10679.3253333333</dst>
            <dst id="STTLng">59180.912</dst>
            <dst id="WASHng">94723.1253333333</dst>
        </src>
        <src id="NYCMng">
            <dst id="ATLA-M5">1020.14133333333</dst>
            <dst id="ATLAng">30673.536</dst>
            <dst id="CHINng">49119.9733333333</dst>
            <dst id="DNVRng">116982.472</dst>
            <dst id="HSTNng">12504.584</dst>
            <dst id="IPLSng">33936.152</dst>
            <dst id="KSCYng">11160.4533333333</dst>
            <dst id="LOSAng">96923.0613333333</dst>
            <dst id="NYCMng">55185.712</dst>
            <dst id="SNVAng">872.189333333333</dst>
            <dst id="STTLng">26279.1626666667</dst>
            <dst id="WASHng">48640.6053333333</dst>
        </src>
        <src id="SNVAng">
            <dst id="ATLA-M5">0</dst>
            <dst id="ATLAng">0</dst>
            <dst id="CHINng">489.162666666667</dst>
            <dst id="DNVRng">5971.14666666667</dst>
            <dst id="HSTNng">2898.34666666667</dst>
            <dst id="IPLSng">4987.856</dst>
            <dst id="KSCYng">53.3333333333333</dst>
            <dst id="LOSAng">35900.688</dst>
            <dst id="NYCMng">439.696</dst>
            <dst id="SNVAng">10562.1093333333</dst>
            <dst id="STTLng">30761.6826666667</dst>
            <dst id="WASHng">53.3333333333333</dst>
        </src>
        <src id="STTLng">
            <dst id="ATLA-M5">181.149333333333</dst>
            <dst id="ATLAng">10230.8</dst>
            <dst id="CHINng">10170.968</dst>
            <dst id="DNVRng">3175.82666666667</dst>
            <dst id="HSTNng">1252.488</dst>
            <dst id="IPLSng">7194.47466666667</dst>
            <dst id="KSCYng">3279.168</dst>
            <dst id="LOSAng">26771.912</dst>
            <dst id="NYCMng">8999.648</dst>
            <dst id="SNVAng">4890.32533333333</dst>
            <dst id="STTLng">6263.17333333333</dst>
            <dst id="WASHng">5342.68266666667</dst>
        </src>
        <src id="WASHng">
            <dst id="ATLA-M5">346.141333333333</dst>
            <dst id="ATLAng">65335.272</dst>
            <dst id="CHINng">63520.7493333333</dst>
            <dst id="DNVRng">55950.7546666667</dst>
            <dst id="HSTNng">24095.712</dst>
            <dst id="IPLSng">44038.624</dst>
            <dst id="KSCYng">14483.5306666667</dst>
            <dst id="LOSAng">120390.122666667</dst>
            <dst id="NYCMng">128607.592</dst>
            <dst id="SNVAng">4070.30133333333</dst>
            <dst id="STTLng">26930.024</dst>
            <dst id="WASHng">198511.029333333</dst>
        </src>
    </IntraTM>
</TrafficMatrixFile>
