<?xml version="1.0" encoding="ISO-8859-1" standalone="yes"?>
<TrafficMatrixFile xsi:noNamespaceSchemaLocation="http://totem.run.montefiore.ulg.ac.be/Schema/TrafficMatrix-v1_2.xsd" xmlns:xsi="http://www.w3.org/2001/XMLSchema-instance">
    <IntraTM ASID="11537">
        <src id="ATLA-M5">
            <dst id="ATLA-M5">300.882666666667</dst>
            <dst id="ATLAng">241.989333333333</dst>
            <dst id="CHINng">490.914666666667</dst>
            <dst id="DNVRng">32.4746666666667</dst>
            <dst id="HSTNng">190.128</dst>
            <dst id="IPLSng">367.426666666667</dst>
            <dst id="KSCYng">110.034666666667</dst>
            <dst id="LOSAng">169.941333333333</dst>
            <dst id="NYCMng">417.336</dst>
            <dst id="SNVAng">26.6666666666667</dst>
            <dst id="STTLng">708.762666666667</dst>
            <dst id="WASHng">2308.31733333333</dst>
        </src>
        <src id="ATLAng">
            <dst id="ATLA-M5">399.762666666667</dst>
            <dst id="ATLAng">48695.704</dst>
            <dst id="CHINng">14374.0586666667</dst>
            <dst id="DNVRng">12561.5093333333</dst>
            <dst id="HSTNng">12972.6986666667</dst>
            <dst id="IPLSng">14674.176</dst>
            <dst id="KSCYng">8931.408</dst>
            <dst id="LOSAng">17953.7213333333</dst>
            <dst id="NYCMng">12813.7706666667</dst>
            <dst id="SNVAng">1955.72933333333</dst>
            <dst id="STTLng">5432.10133333333</dst>
            <dst id="WASHng">58040.2266666667</dst>
        </src>
        <src id="CHINng">
            <dst id="ATLA-M5">529.613333333333</dst>
            <dst id="ATLAng">33469.4</dst>
            <dst id="CHINng">127585.397333333</dst>
            <dst id="DNVRng">23599.184</dst>
            <dst id="HSTNng">9265.00533333333</dst>
            <dst id="IPLSng">45889.016</dst>
            <dst id="KSCYng">11344.3546666667</dst>
            <dst id="LOSAng">59615.7653333333</dst>
            <dst id="NYCMng">9087.216</dst>
            <dst id="SNVAng">5483.09066666667</dst>
            <dst id="STTLng">19482.9013333333</dst>
            <dst id="WASHng">53511.1173333333</dst>
        </src>
        <src id="DNVRng">
            <dst id="ATLA-M5">193.656</dst>
            <dst id="ATLAng">31061.2426666667</dst>
            <dst id="CHINng">47165.7893333333</dst>
            <dst id="DNVRng">10105.1306666667</dst>
            <dst id="HSTNng">25759.3466666667</dst>
            <dst id="IPLSng">24596.56</dst>
            <dst id="KSCYng">18601.552</dst>
            <dst id="LOSAng">8906.95466666667</dst>
            <dst id="NYCMng">17461.7066666667</dst>
            <dst id="SNVAng">28027.1653333333</dst>
            <dst id="STTLng">20520.5173333333</dst>
            <dst id="WASHng">43535.712</dst>
        </src>
        <src id="HSTNng">
            <dst id="ATLA-M5">320.12</dst>
            <dst id="ATLAng">11792.368</dst>
            <dst id="CHINng">39109.64</dst>
            <dst id="DNVRng">11812.8053333333</dst>
            <dst id="HSTNng">12251.4666666667</dst>
            <dst id="IPLSng">2353.672</dst>
            <dst id="KSCYng">2519.86933333333</dst>
            <dst id="LOSAng">12824.6053333333</dst>
            <dst id="NYCMng">3841.47466666667</dst>
            <dst id="SNVAng">222.906666666667</dst>
            <dst id="STTLng">2495.808</dst>
            <dst id="WASHng">19702.696</dst>
        </src>
        <src id="IPLSng">
            <dst id="ATLA-M5">120.661333333333</dst>
            <dst id="ATLAng">17171.0373333333</dst>
            <dst id="CHINng">68617</dst>
            <dst id="DNVRng">6321.79466666666</dst>
            <dst id="HSTNng">5192.38666666667</dst>
            <dst id="IPLSng">37846.4</dst>
            <dst id="KSCYng">5511.52</dst>
            <dst id="LOSAng">46851.5866666667</dst>
            <dst id="NYCMng">26713.5866666667</dst>
            <dst id="SNVAng">4333.02133333333</dst>
            <dst id="STTLng">15604.024</dst>
            <dst id="WASHng">32603.512</dst>
        </src>
        <src id="KSCYng">
            <dst id="ATLA-M5">910.050666666667</dst>
            <dst id="ATLAng">7464.49066666667</dst>
            <dst id="CHINng">39791.256</dst>
            <dst id="DNVRng">13764.5653333333</dst>
            <dst id="HSTNng">4541.50933333333</dst>
            <dst id="IPLSng">11773.48</dst>
            <dst id="KSCYng">6022.53866666667</dst>
            <dst id="LOSAng">9438.62666666667</dst>
            <dst id="NYCMng">9794.80533333334</dst>
            <dst id="SNVAng">871.085333333334</dst>
            <dst id="STTLng">1996.67466666667</dst>
            <dst id="WASHng">13624.544</dst>
        </src>
        <src id="LOSAng">
            <dst id="ATLA-M5">2262.02666666667</dst>
            <dst id="ATLAng">57244.9973333333</dst>
            <dst id="CHINng">118783.178666667</dst>
            <dst id="DNVRng">16108.5973333333</dst>
            <dst id="HSTNng">22457.9786666667</dst>
            <dst id="IPLSng">58858.256</dst>
            <dst id="KSCYng">6733.56266666667</dst>
            <dst id="LOSAng">11533.6666666667</dst>
            <dst id="NYCMng">87076.3306666667</dst>
            <dst id="SNVAng">15450.696</dst>
            <dst id="STTLng">36348.1786666667</dst>
            <dst id="WASHng">128750.122666667</dst>
        </src>
        <src id="NYCMng">
            <dst id="ATLA-M5">5256.87733333333</dst>
            <dst id="ATLAng">53780.0746666667</dst>
            <dst id="CHINng">55084.3573333333</dst>
            <dst id="DNVRng">82632.064</dst>
            <dst id="HSTNng">13242.52</dst>
            <dst id="IPLSng">49146.0933333333</dst>
            <dst id="KSCYng">21874.2</dst>
            <dst id="LOSAng">78680.552</dst>
            <dst id="NYCMng">148475.424</dst>
            <dst id="SNVAng">4050.25866666667</dst>
            <dst id="STTLng">30307.4373333333</dst>
            <dst id="WASHng">104173.946666667</dst>
        </src>
        <src id="SNVAng">
            <dst id="ATLA-M5">0</dst>
            <dst id="ATLAng">318.672</dst>
            <dst id="CHINng">6300.26133333333</dst>
            <dst id="DNVRng">1324.008</dst>
            <dst id="HSTNng">2160.62933333333</dst>
            <dst id="IPLSng">5546.41866666667</dst>
            <dst id="KSCYng">1082.928</dst>
            <dst id="LOSAng">39361.3946666667</dst>
            <dst id="NYCMng">398.914666666667</dst>
            <dst id="SNVAng">25183.384</dst>
            <dst id="STTLng">36281.2826666667</dst>
            <dst id="WASHng">251.76</dst>
        </src>
        <src id="STTLng">
            <dst id="ATLA-M5">587.898666666667</dst>
            <dst id="ATLAng">17250.304</dst>
            <dst id="CHINng">31674.976</dst>
            <dst id="DNVRng">4654.36</dst>
            <dst id="HSTNng">3140.312</dst>
            <dst id="IPLSng">16252.6613333333</dst>
            <dst id="KSCYng">9531.48533333333</dst>
            <dst id="LOSAng">30915.608</dst>
            <dst id="NYCMng">15065.456</dst>
            <dst id="SNVAng">6302.96</dst>
            <dst id="STTLng">4354.32533333333</dst>
            <dst id="WASHng">22118.1146666667</dst>
        </src>
        <src id="WASHng">
            <dst id="ATLA-M5">904.045333333333</dst>
            <dst id="ATLAng">115847.386666667</dst>
            <dst id="CHINng">108391.234666667</dst>
            <dst id="DNVRng">67647.608</dst>
            <dst id="HSTNng">44637.6693333333</dst>
            <dst id="IPLSng">110779.261333333</dst>
            <dst id="KSCYng">19428.2666666667</dst>
            <dst id="LOSAng">114867.146666667</dst>
            <dst id="NYCMng">211145.536</dst>
            <dst id="SNVAng">3484.54933333333</dst>
            <dst id="STTLng">34869.5386666667</dst>
            <dst id="WASHng">275220.826666667</dst>
        </src>
    </IntraTM>
</TrafficMatrixFile>
