<?xml version="1.0" encoding="ISO-8859-1" standalone="yes"?>
<TrafficMatrixFile xsi:noNamespaceSchemaLocation="http://totem.run.montefiore.ulg.ac.be/Schema/TrafficMatrix-v1_2.xsd" xmlns:xsi="http://www.w3.org/2001/XMLSchema-instance">
    <IntraTM ASID="11537">
        <src id="ATLA-M5">
            <dst id="ATLA-M5">0</dst>
            <dst id="ATLAng">0</dst>
            <dst id="CHINng">53.3333333333333</dst>
            <dst id="DNVRng">0</dst>
            <dst id="HSTNng">89.4693333333334</dst>
            <dst id="IPLSng">1075.66133333333</dst>
            <dst id="KSCYng">99.1226666666667</dst>
            <dst id="LOSAng">614.04</dst>
            <dst id="NYCMng">0</dst>
            <dst id="SNVAng">0</dst>
            <dst id="STTLng">26.6666666666667</dst>
            <dst id="WASHng">229.866666666667</dst>
        </src>
        <src id="ATLAng">
            <dst id="ATLA-M5">77.96</dst>
            <dst id="ATLAng">30952.6426666667</dst>
            <dst id="CHINng">8587.51733333333</dst>
            <dst id="DNVRng">12083.568</dst>
            <dst id="HSTNng">6530.21866666667</dst>
            <dst id="IPLSng">11515.032</dst>
            <dst id="KSCYng">1946.432</dst>
            <dst id="LOSAng">15366.396</dst>
            <dst id="NYCMng">6678.42933333334</dst>
            <dst id="SNVAng">72.3346666666667</dst>
            <dst id="STTLng">4716.504</dst>
            <dst id="WASHng">30538.68</dst>
        </src>
        <src id="CHINng">
            <dst id="ATLA-M5">154.138666666667</dst>
            <dst id="ATLAng">10712.1466666667</dst>
            <dst id="CHINng">158819.029333333</dst>
            <dst id="DNVRng">12790.4506666667</dst>
            <dst id="HSTNng">4472.52266666667</dst>
            <dst id="IPLSng">67875.4293333333</dst>
            <dst id="KSCYng">13703.128</dst>
            <dst id="LOSAng">66853.1386666667</dst>
            <dst id="NYCMng">6228.44</dst>
            <dst id="SNVAng">303.682666666667</dst>
            <dst id="STTLng">7954.87733333333</dst>
            <dst id="WASHng">22026.6293333333</dst>
        </src>
        <src id="DNVRng">
            <dst id="ATLA-M5">0</dst>
            <dst id="ATLAng">10673.224</dst>
            <dst id="CHINng">44062.664</dst>
            <dst id="DNVRng">28669.6693333333</dst>
            <dst id="HSTNng">24994.2746666667</dst>
            <dst id="IPLSng">21881.0986666667</dst>
            <dst id="KSCYng">22865.08</dst>
            <dst id="LOSAng">7243.82666666667</dst>
            <dst id="NYCMng">11008.3173333333</dst>
            <dst id="SNVAng">12582.6693333333</dst>
            <dst id="STTLng">10989.4</dst>
            <dst id="WASHng">35123.6053333333</dst>
        </src>
        <src id="HSTNng">
            <dst id="ATLA-M5">1693.14933333333</dst>
            <dst id="ATLAng">3656.73333333333</dst>
            <dst id="CHINng">12354.432</dst>
            <dst id="DNVRng">1405.14133333333</dst>
            <dst id="HSTNng">7063.32533333333</dst>
            <dst id="IPLSng">349.552</dst>
            <dst id="KSCYng">2217.496</dst>
            <dst id="LOSAng">10762.5306666667</dst>
            <dst id="NYCMng">2737.33066666667</dst>
            <dst id="SNVAng">0</dst>
            <dst id="STTLng">1866.096</dst>
            <dst id="WASHng">7754.72533333333</dst>
        </src>
        <src id="IPLSng">
            <dst id="ATLA-M5">26.6666666666667</dst>
            <dst id="ATLAng">13276.3866666667</dst>
            <dst id="CHINng">63984.9146666667</dst>
            <dst id="DNVRng">7788.64533333333</dst>
            <dst id="HSTNng">1670.29333333333</dst>
            <dst id="IPLSng">30310.296</dst>
            <dst id="KSCYng">2240.18133333333</dst>
            <dst id="LOSAng">68508.0853333333</dst>
            <dst id="NYCMng">26287.12</dst>
            <dst id="SNVAng">1699.808</dst>
            <dst id="STTLng">11657.8133333333</dst>
            <dst id="WASHng">11269.816</dst>
        </src>
        <src id="KSCYng">
            <dst id="ATLA-M5">119.253333333333</dst>
            <dst id="ATLAng">2295.528</dst>
            <dst id="CHINng">20051.144</dst>
            <dst id="DNVRng">13566.6746666667</dst>
            <dst id="HSTNng">3007.98133333333</dst>
            <dst id="IPLSng">8553.44533333333</dst>
            <dst id="KSCYng">6439.424</dst>
            <dst id="LOSAng">11326.8213333333</dst>
            <dst id="NYCMng">2660.30933333333</dst>
            <dst id="SNVAng">63.0986666666667</dst>
            <dst id="STTLng">1203.15733333333</dst>
            <dst id="WASHng">6977.008</dst>
        </src>
        <src id="LOSAng">
            <dst id="ATLA-M5">28.504</dst>
            <dst id="ATLAng">11571.456</dst>
            <dst id="CHINng">97791.4346666667</dst>
            <dst id="DNVRng">9130.39733333333</dst>
            <dst id="HSTNng">9436.624</dst>
            <dst id="IPLSng">62829.0026666667</dst>
            <dst id="KSCYng">5240.01333333333</dst>
            <dst id="LOSAng">22589.512</dst>
            <dst id="NYCMng">73374.84</dst>
            <dst id="SNVAng">4735.08266666667</dst>
            <dst id="STTLng">51015.1333333333</dst>
            <dst id="WASHng">96172.792</dst>
        </src>
        <src id="NYCMng">
            <dst id="ATLA-M5">1082.17333333333</dst>
            <dst id="ATLAng">27416.9573333333</dst>
            <dst id="CHINng">45669.72</dst>
            <dst id="DNVRng">118623.76</dst>
            <dst id="HSTNng">11389.9946666667</dst>
            <dst id="IPLSng">26717.6906666667</dst>
            <dst id="KSCYng">10859.328</dst>
            <dst id="LOSAng">99506.984</dst>
            <dst id="NYCMng">53964.3493333333</dst>
            <dst id="SNVAng">971.237333333333</dst>
            <dst id="STTLng">30749.0186666667</dst>
            <dst id="WASHng">57790.632</dst>
        </src>
        <src id="SNVAng">
            <dst id="ATLA-M5">0</dst>
            <dst id="ATLAng">80</dst>
            <dst id="CHINng">175.802666666667</dst>
            <dst id="DNVRng">452.157333333333</dst>
            <dst id="HSTNng">76.672</dst>
            <dst id="IPLSng">213.488</dst>
            <dst id="KSCYng">53.3333333333333</dst>
            <dst id="LOSAng">40450.5253333333</dst>
            <dst id="NYCMng">8302.48533333333</dst>
            <dst id="SNVAng">9142.44</dst>
            <dst id="STTLng">28228.288</dst>
            <dst id="WASHng">92.0933333333333</dst>
        </src>
        <src id="STTLng">
            <dst id="ATLA-M5">121.410666666667</dst>
            <dst id="ATLAng">11414.712</dst>
            <dst id="CHINng">17956.4666666667</dst>
            <dst id="DNVRng">3110.26933333333</dst>
            <dst id="HSTNng">970.954666666667</dst>
            <dst id="IPLSng">5692.68533333333</dst>
            <dst id="KSCYng">3198.008</dst>
            <dst id="LOSAng">30379.3946666667</dst>
            <dst id="NYCMng">7108.72</dst>
            <dst id="SNVAng">2940.76266666667</dst>
            <dst id="STTLng">5131.10933333333</dst>
            <dst id="WASHng">4826.16266666667</dst>
        </src>
        <src id="WASHng">
            <dst id="ATLA-M5">74.2506666666667</dst>
            <dst id="ATLAng">96054.064</dst>
            <dst id="CHINng">85969.736</dst>
            <dst id="DNVRng">46429.4426666667</dst>
            <dst id="HSTNng">17319.1973333333</dst>
            <dst id="IPLSng">33536.648</dst>
            <dst id="KSCYng">6235.89866666667</dst>
            <dst id="LOSAng">127715.68</dst>
            <dst id="NYCMng">118325.773333333</dst>
            <dst id="SNVAng">4731.712</dst>
            <dst id="STTLng">41778.2133333333</dst>
            <dst id="WASHng">190895.490666667</dst>
        </src>
    </IntraTM>
</TrafficMatrixFile>
