<?xml version="1.0" encoding="ISO-8859-1" standalone="yes"?>
<TrafficMatrixFile xsi:noNamespaceSchemaLocation="http://totem.run.montefiore.ulg.ac.be/Schema/TrafficMatrix-v1_2.xsd" xmlns:xsi="http://www.w3.org/2001/XMLSchema-instance">
    <IntraTM ASID="11537">
        <src id="ATLA-M5">
            <dst id="ATLA-M5">115.826666666667</dst>
            <dst id="ATLAng">1348.17333333333</dst>
            <dst id="CHINng">109.544</dst>
            <dst id="DNVRng">0</dst>
            <dst id="HSTNng">383.8</dst>
            <dst id="IPLSng">80</dst>
            <dst id="KSCYng">75.7493333333333</dst>
            <dst id="LOSAng">154.042666666667</dst>
            <dst id="NYCMng">476</dst>
            <dst id="SNVAng">0</dst>
            <dst id="STTLng">0</dst>
            <dst id="WASHng">2366.51733333333</dst>
        </src>
        <src id="ATLAng">
            <dst id="ATLA-M5">362.186666666667</dst>
            <dst id="ATLAng">31267.3173333333</dst>
            <dst id="CHINng">11449.6746666667</dst>
            <dst id="DNVRng">3568.44</dst>
            <dst id="HSTNng">2074.00266666667</dst>
            <dst id="IPLSng">13154.76</dst>
            <dst id="KSCYng">1356.30666666667</dst>
            <dst id="LOSAng">10556.2093333333</dst>
            <dst id="NYCMng">11417.4933333333</dst>
            <dst id="SNVAng">834.481333333333</dst>
            <dst id="STTLng">4073.128</dst>
            <dst id="WASHng">61669.4</dst>
        </src>
        <src id="CHINng">
            <dst id="ATLA-M5">486.893333333333</dst>
            <dst id="ATLAng">28629.8373333333</dst>
            <dst id="CHINng">136526.016</dst>
            <dst id="DNVRng">13981.384</dst>
            <dst id="HSTNng">11009.0853333333</dst>
            <dst id="IPLSng">52363.976</dst>
            <dst id="KSCYng">9888.00266666667</dst>
            <dst id="LOSAng">76891.5333333333</dst>
            <dst id="NYCMng">13527.1973333333</dst>
            <dst id="SNVAng">676.226666666667</dst>
            <dst id="STTLng">10675.4613333333</dst>
            <dst id="WASHng">59266.1066666667</dst>
        </src>
        <src id="DNVRng">
            <dst id="ATLA-M5">187.722666666667</dst>
            <dst id="ATLAng">6675.224</dst>
            <dst id="CHINng">55437.7386666667</dst>
            <dst id="DNVRng">27992.1173333333</dst>
            <dst id="HSTNng">24829.3946666667</dst>
            <dst id="IPLSng">30151.3226666667</dst>
            <dst id="KSCYng">27620.4773333333</dst>
            <dst id="LOSAng">8885.624</dst>
            <dst id="NYCMng">10879.128</dst>
            <dst id="SNVAng">16137.8133333333</dst>
            <dst id="STTLng">19754.6613333333</dst>
            <dst id="WASHng">41168.9173333333</dst>
        </src>
        <src id="HSTNng">
            <dst id="ATLA-M5">2816.28533333333</dst>
            <dst id="ATLAng">3805.07466666667</dst>
            <dst id="CHINng">18994.984</dst>
            <dst id="DNVRng">1369.632</dst>
            <dst id="HSTNng">8035.368</dst>
            <dst id="IPLSng">1489.88266666667</dst>
            <dst id="KSCYng">1401.66666666667</dst>
            <dst id="LOSAng">8075.05333333333</dst>
            <dst id="NYCMng">5076.33866666667</dst>
            <dst id="SNVAng">82.9253333333333</dst>
            <dst id="STTLng">906.088</dst>
            <dst id="WASHng">3552.68</dst>
        </src>
        <src id="IPLSng">
            <dst id="ATLA-M5">300</dst>
            <dst id="ATLAng">15506.592</dst>
            <dst id="CHINng">109076.978666667</dst>
            <dst id="DNVRng">4463.13333333333</dst>
            <dst id="HSTNng">3948.52533333333</dst>
            <dst id="IPLSng">10673.4</dst>
            <dst id="KSCYng">7526.17866666666</dst>
            <dst id="LOSAng">22635.184</dst>
            <dst id="NYCMng">17320.1653333333</dst>
            <dst id="SNVAng">1178.45866666667</dst>
            <dst id="STTLng">5596.87733333333</dst>
            <dst id="WASHng">22080.928</dst>
        </src>
        <src id="KSCYng">
            <dst id="ATLA-M5">396.794666666667</dst>
            <dst id="ATLAng">3502.80266666667</dst>
            <dst id="CHINng">30869.1653333333</dst>
            <dst id="DNVRng">8940.38666666667</dst>
            <dst id="HSTNng">3288.56</dst>
            <dst id="IPLSng">20718.384</dst>
            <dst id="KSCYng">16109.3013333333</dst>
            <dst id="LOSAng">5336.80266666667</dst>
            <dst id="NYCMng">4925.888</dst>
            <dst id="SNVAng">70.3626666666667</dst>
            <dst id="STTLng">1370.584</dst>
            <dst id="WASHng">9164.888</dst>
        </src>
        <src id="LOSAng">
            <dst id="ATLA-M5">1458.92533333333</dst>
            <dst id="ATLAng">17454.6266666667</dst>
            <dst id="CHINng">148385.536</dst>
            <dst id="DNVRng">9152.94666666667</dst>
            <dst id="HSTNng">17506.6346666667</dst>
            <dst id="IPLSng">53027.032</dst>
            <dst id="KSCYng">5852.32266666667</dst>
            <dst id="LOSAng">15448.488</dst>
            <dst id="NYCMng">67206.2613333334</dst>
            <dst id="SNVAng">11201.3093333333</dst>
            <dst id="STTLng">35734.0106666667</dst>
            <dst id="WASHng">109331.397333333</dst>
        </src>
        <src id="NYCMng">
            <dst id="ATLA-M5">412.717333333333</dst>
            <dst id="ATLAng">48386.2986666667</dst>
            <dst id="CHINng">87152.1093333333</dst>
            <dst id="DNVRng">21228.8453333333</dst>
            <dst id="HSTNng">6926.056</dst>
            <dst id="IPLSng">47444.4746666667</dst>
            <dst id="KSCYng">20538.008</dst>
            <dst id="LOSAng">56534.3226666667</dst>
            <dst id="NYCMng">112865.445333333</dst>
            <dst id="SNVAng">1901.03733333333</dst>
            <dst id="STTLng">19012.9173333333</dst>
            <dst id="WASHng">105879.037333333</dst>
        </src>
        <src id="SNVAng">
            <dst id="ATLA-M5">41.792</dst>
            <dst id="ATLAng">331.525333333333</dst>
            <dst id="CHINng">479.546666666667</dst>
            <dst id="DNVRng">8741.192</dst>
            <dst id="HSTNng">185.205333333333</dst>
            <dst id="IPLSng">6078.76</dst>
            <dst id="KSCYng">45.952</dst>
            <dst id="LOSAng">25589.76</dst>
            <dst id="NYCMng">266.816</dst>
            <dst id="SNVAng">10527.552</dst>
            <dst id="STTLng">20440.2293333333</dst>
            <dst id="WASHng">366.264</dst>
        </src>
        <src id="STTLng">
            <dst id="ATLA-M5">239.288</dst>
            <dst id="ATLAng">14094.5413333333</dst>
            <dst id="CHINng">39873.936</dst>
            <dst id="DNVRng">3371.04</dst>
            <dst id="HSTNng">2756.40533333333</dst>
            <dst id="IPLSng">13464.24</dst>
            <dst id="KSCYng">2492.27733333333</dst>
            <dst id="LOSAng">18719.376</dst>
            <dst id="NYCMng">13257.3493333333</dst>
            <dst id="SNVAng">3600.992</dst>
            <dst id="STTLng">7347.05333333333</dst>
            <dst id="WASHng">14547.448</dst>
        </src>
        <src id="WASHng">
            <dst id="ATLA-M5">988.752</dst>
            <dst id="ATLAng">97313.4933333333</dst>
            <dst id="CHINng">118996.52</dst>
            <dst id="DNVRng">41114.2773333333</dst>
            <dst id="HSTNng">24357.8773333333</dst>
            <dst id="IPLSng">59541.9546666667</dst>
            <dst id="KSCYng">36562.176</dst>
            <dst id="LOSAng">109367.88</dst>
            <dst id="NYCMng">257984.832</dst>
            <dst id="SNVAng">4945.09066666667</dst>
            <dst id="STTLng">32435.9813333333</dst>
            <dst id="WASHng">304113.226666667</dst>
        </src>
    </IntraTM>
</TrafficMatrixFile>
