<?xml version="1.0" encoding="ISO-8859-1" standalone="yes"?>
<TrafficMatrixFile xsi:noNamespaceSchemaLocation="http://totem.run.montefiore.ulg.ac.be/Schema/TrafficMatrix-v1_2.xsd" xmlns:xsi="http://www.w3.org/2001/XMLSchema-instance">
    <IntraTM ASID="11537">
        <src id="ATLA-M5">
            <dst id="ATLA-M5">0</dst>
            <dst id="ATLAng">26.6666666666667</dst>
            <dst id="CHINng">122.704</dst>
            <dst id="DNVRng">0</dst>
            <dst id="HSTNng">93.776</dst>
            <dst id="IPLSng">26.6666666666667</dst>
            <dst id="KSCYng">306.757333333333</dst>
            <dst id="LOSAng">279.96</dst>
            <dst id="NYCMng">80</dst>
            <dst id="SNVAng">0</dst>
            <dst id="STTLng">0</dst>
            <dst id="WASHng">190.802666666667</dst>
        </src>
        <src id="ATLAng">
            <dst id="ATLA-M5">177.594666666667</dst>
            <dst id="ATLAng">32491.1173333333</dst>
            <dst id="CHINng">10308.5413333333</dst>
            <dst id="DNVRng">12689.7413333333</dst>
            <dst id="HSTNng">11535.3653333333</dst>
            <dst id="IPLSng">9097.048</dst>
            <dst id="KSCYng">1104.50133333333</dst>
            <dst id="LOSAng">15892.592</dst>
            <dst id="NYCMng">7657.77866666667</dst>
            <dst id="SNVAng">337.002666666667</dst>
            <dst id="STTLng">9272.50933333333</dst>
            <dst id="WASHng">36038.1973333333</dst>
        </src>
        <src id="CHINng">
            <dst id="ATLA-M5">80.208</dst>
            <dst id="ATLAng">31930.3093333333</dst>
            <dst id="CHINng">76012.56</dst>
            <dst id="DNVRng">13820.152</dst>
            <dst id="HSTNng">4274.61866666667</dst>
            <dst id="IPLSng">25274.1466666667</dst>
            <dst id="KSCYng">3954.93866666667</dst>
            <dst id="LOSAng">50785.5946666667</dst>
            <dst id="NYCMng">8302.28533333333</dst>
            <dst id="SNVAng">732.005333333333</dst>
            <dst id="STTLng">9192.36266666667</dst>
            <dst id="WASHng">28971.5093333333</dst>
        </src>
        <src id="DNVRng">
            <dst id="ATLA-M5">148.202666666667</dst>
            <dst id="ATLAng">10026.8293333333</dst>
            <dst id="CHINng">41238.688</dst>
            <dst id="DNVRng">24540.608</dst>
            <dst id="HSTNng">18082.856</dst>
            <dst id="IPLSng">21176.5866666667</dst>
            <dst id="KSCYng">9903.12</dst>
            <dst id="LOSAng">13972.5546666667</dst>
            <dst id="NYCMng">7635.752</dst>
            <dst id="SNVAng">4480.26133333333</dst>
            <dst id="STTLng">6486.08266666667</dst>
            <dst id="WASHng">30687.4826666667</dst>
        </src>
        <src id="HSTNng">
            <dst id="ATLA-M5">238.042666666667</dst>
            <dst id="ATLAng">11270.8133333333</dst>
            <dst id="CHINng">7026.60533333333</dst>
            <dst id="DNVRng">1990.41866666667</dst>
            <dst id="HSTNng">7929.42666666667</dst>
            <dst id="IPLSng">4166.47466666667</dst>
            <dst id="KSCYng">906.074666666667</dst>
            <dst id="LOSAng">6193.27466666667</dst>
            <dst id="NYCMng">2390.47466666667</dst>
            <dst id="SNVAng">523.418666666667</dst>
            <dst id="STTLng">1841.12533333333</dst>
            <dst id="WASHng">1888.40266666667</dst>
        </src>
        <src id="IPLSng">
            <dst id="ATLA-M5">102.346666666667</dst>
            <dst id="ATLAng">11972.8506666667</dst>
            <dst id="CHINng">63222.9093333333</dst>
            <dst id="DNVRng">3446.84</dst>
            <dst id="HSTNng">2809.912</dst>
            <dst id="IPLSng">9550.784</dst>
            <dst id="KSCYng">2040.728</dst>
            <dst id="LOSAng">41949.1093333333</dst>
            <dst id="NYCMng">19683.3653333333</dst>
            <dst id="SNVAng">993.776</dst>
            <dst id="STTLng">8518.60533333333</dst>
            <dst id="WASHng">8424.39733333333</dst>
        </src>
        <src id="KSCYng">
            <dst id="ATLA-M5">919.050666666667</dst>
            <dst id="ATLAng">12054.368</dst>
            <dst id="CHINng">14712.0053333333</dst>
            <dst id="DNVRng">16064.864</dst>
            <dst id="HSTNng">3544.28</dst>
            <dst id="IPLSng">3325.528</dst>
            <dst id="KSCYng">4310.57866666667</dst>
            <dst id="LOSAng">6170.992</dst>
            <dst id="NYCMng">2338.94933333333</dst>
            <dst id="SNVAng">685.213333333333</dst>
            <dst id="STTLng">2157.92266666667</dst>
            <dst id="WASHng">12718.5146666667</dst>
        </src>
        <src id="LOSAng">
            <dst id="ATLA-M5">759.093333333334</dst>
            <dst id="ATLAng">44621.472</dst>
            <dst id="CHINng">75239.2533333333</dst>
            <dst id="DNVRng">12352.736</dst>
            <dst id="HSTNng">5652.04266666667</dst>
            <dst id="IPLSng">58529.3626666667</dst>
            <dst id="KSCYng">2436.06666666667</dst>
            <dst id="LOSAng">21935.2986666667</dst>
            <dst id="NYCMng">66582.4453333333</dst>
            <dst id="SNVAng">12846.56</dst>
            <dst id="STTLng">39865.184</dst>
            <dst id="WASHng">108365.448</dst>
        </src>
        <src id="NYCMng">
            <dst id="ATLA-M5">161.125333333333</dst>
            <dst id="ATLAng">44570.9226666667</dst>
            <dst id="CHINng">33031.7066666667</dst>
            <dst id="DNVRng">29128.9626666667</dst>
            <dst id="HSTNng">3541.69866666667</dst>
            <dst id="IPLSng">33868.8826666667</dst>
            <dst id="KSCYng">8902.352</dst>
            <dst id="LOSAng">78394.7173333333</dst>
            <dst id="NYCMng">68969.2373333333</dst>
            <dst id="SNVAng">3200.52533333333</dst>
            <dst id="STTLng">22915.3093333333</dst>
            <dst id="WASHng">70298.5306666667</dst>
        </src>
        <src id="SNVAng">
            <dst id="ATLA-M5">0</dst>
            <dst id="ATLAng">53.3333333333333</dst>
            <dst id="CHINng">174.12</dst>
            <dst id="DNVRng">13642.296</dst>
            <dst id="HSTNng">29.44</dst>
            <dst id="IPLSng">936.370666666667</dst>
            <dst id="KSCYng">124.850666666667</dst>
            <dst id="LOSAng">22273.6746666667</dst>
            <dst id="NYCMng">8718.28266666667</dst>
            <dst id="SNVAng">8382.04</dst>
            <dst id="STTLng">27632.1573333333</dst>
            <dst id="WASHng">53.3333333333333</dst>
        </src>
        <src id="STTLng">
            <dst id="ATLA-M5">62.8666666666667</dst>
            <dst id="ATLAng">11654.4906666667</dst>
            <dst id="CHINng">17830.432</dst>
            <dst id="DNVRng">3339.49066666667</dst>
            <dst id="HSTNng">2993.256</dst>
            <dst id="IPLSng">9569.31733333333</dst>
            <dst id="KSCYng">2768.16533333333</dst>
            <dst id="LOSAng">28053.7493333333</dst>
            <dst id="NYCMng">7100.784</dst>
            <dst id="SNVAng">3939.944</dst>
            <dst id="STTLng">1124.59733333333</dst>
            <dst id="WASHng">9148.24266666667</dst>
        </src>
        <src id="WASHng">
            <dst id="ATLA-M5">106.666666666667</dst>
            <dst id="ATLAng">107970.96</dst>
            <dst id="CHINng">64061.7626666667</dst>
            <dst id="DNVRng">36592</dst>
            <dst id="HSTNng">9942.552</dst>
            <dst id="IPLSng">22957.8053333333</dst>
            <dst id="KSCYng">9492.31733333333</dst>
            <dst id="LOSAng">115434.709333333</dst>
            <dst id="NYCMng">108054.050666667</dst>
            <dst id="SNVAng">1031.744</dst>
            <dst id="STTLng">29413.7466666667</dst>
            <dst id="WASHng">108977.090666667</dst>
        </src>
    </IntraTM>
</TrafficMatrixFile>
