<?xml version="1.0" encoding="ISO-8859-1" standalone="yes"?>
<TrafficMatrixFile xsi:noNamespaceSchemaLocation="http://totem.run.montefiore.ulg.ac.be/Schema/TrafficMatrix-v1_2.xsd" xmlns:xsi="http://www.w3.org/2001/XMLSchema-instance">
    <IntraTM ASID="11537">
        <src id="ATLA-M5">
            <dst id="ATLA-M5">218.509333333333</dst>
            <dst id="ATLAng">2064.38666666667</dst>
            <dst id="CHINng">908.205333333333</dst>
            <dst id="DNVRng">53.3333333333333</dst>
            <dst id="HSTNng">68.6906666666667</dst>
            <dst id="IPLSng">232.381333333333</dst>
            <dst id="KSCYng">48.448</dst>
            <dst id="LOSAng">225.578666666667</dst>
            <dst id="NYCMng">417.866666666667</dst>
            <dst id="SNVAng">1790.496</dst>
            <dst id="STTLng">400.117333333333</dst>
            <dst id="WASHng">3006.168</dst>
        </src>
        <src id="ATLAng">
            <dst id="ATLA-M5">416.48</dst>
            <dst id="ATLAng">75132.512</dst>
            <dst id="CHINng">13615.6533333333</dst>
            <dst id="DNVRng">10251.4773333333</dst>
            <dst id="HSTNng">5631.17066666667</dst>
            <dst id="IPLSng">15110.544</dst>
            <dst id="KSCYng">8767.45066666667</dst>
            <dst id="LOSAng">19884.0093333333</dst>
            <dst id="NYCMng">9806.088</dst>
            <dst id="SNVAng">481.753333333333</dst>
            <dst id="STTLng">6185.36533333333</dst>
            <dst id="WASHng">56615.5013333333</dst>
        </src>
        <src id="CHINng">
            <dst id="ATLA-M5">567.738666666667</dst>
            <dst id="ATLAng">30794.5013333333</dst>
            <dst id="CHINng">144669.010666667</dst>
            <dst id="DNVRng">14621.536</dst>
            <dst id="HSTNng">10306.392</dst>
            <dst id="IPLSng">41576.7066666667</dst>
            <dst id="KSCYng">12237.9946666667</dst>
            <dst id="LOSAng">48606.192</dst>
            <dst id="NYCMng">7036.94666666667</dst>
            <dst id="SNVAng">4201.86933333333</dst>
            <dst id="STTLng">9677.62666666667</dst>
            <dst id="WASHng">66351.536</dst>
        </src>
        <src id="DNVRng">
            <dst id="ATLA-M5">638.824</dst>
            <dst id="ATLAng">11021.1733333333</dst>
            <dst id="CHINng">70919.3066666667</dst>
            <dst id="DNVRng">27481.6693333333</dst>
            <dst id="HSTNng">22162.08</dst>
            <dst id="IPLSng">20550.1333333333</dst>
            <dst id="KSCYng">36314.0746666667</dst>
            <dst id="LOSAng">12986.328</dst>
            <dst id="NYCMng">16267.0266666667</dst>
            <dst id="SNVAng">30792.7546666667</dst>
            <dst id="STTLng">12989.936</dst>
            <dst id="WASHng">37143.7813333333</dst>
        </src>
        <src id="HSTNng">
            <dst id="ATLA-M5">414.570666666667</dst>
            <dst id="ATLAng">13615.2453333333</dst>
            <dst id="CHINng">26153.072</dst>
            <dst id="DNVRng">2493.72</dst>
            <dst id="HSTNng">8761.84</dst>
            <dst id="IPLSng">4213.45866666667</dst>
            <dst id="KSCYng">4127.216</dst>
            <dst id="LOSAng">17310.6853333333</dst>
            <dst id="NYCMng">2295.56533333333</dst>
            <dst id="SNVAng">323.664</dst>
            <dst id="STTLng">3378.712</dst>
            <dst id="WASHng">11504.1813333333</dst>
        </src>
        <src id="IPLSng">
            <dst id="ATLA-M5">179.677333333333</dst>
            <dst id="ATLAng">33751.4773333333</dst>
            <dst id="CHINng">115773.216</dst>
            <dst id="DNVRng">11870.0106666667</dst>
            <dst id="HSTNng">8381.42666666667</dst>
            <dst id="IPLSng">37053.6586666667</dst>
            <dst id="KSCYng">6737.71466666667</dst>
            <dst id="LOSAng">44717.7573333333</dst>
            <dst id="NYCMng">29578.968</dst>
            <dst id="SNVAng">1523.488</dst>
            <dst id="STTLng">21752.872</dst>
            <dst id="WASHng">24087.8373333333</dst>
        </src>
        <src id="KSCYng">
            <dst id="ATLA-M5">440.48</dst>
            <dst id="ATLAng">3979.032</dst>
            <dst id="CHINng">26058.7226666667</dst>
            <dst id="DNVRng">13604.2133333333</dst>
            <dst id="HSTNng">7483.82933333333</dst>
            <dst id="IPLSng">20903.936</dst>
            <dst id="KSCYng">8999.52</dst>
            <dst id="LOSAng">7950.54133333334</dst>
            <dst id="NYCMng">3885.74666666667</dst>
            <dst id="SNVAng">322.088</dst>
            <dst id="STTLng">1997.62933333333</dst>
            <dst id="WASHng">10371.4133333333</dst>
        </src>
        <src id="LOSAng">
            <dst id="ATLA-M5">3336.18666666667</dst>
            <dst id="ATLAng">53486.1493333333</dst>
            <dst id="CHINng">147231.237333333</dst>
            <dst id="DNVRng">10821.7706666667</dst>
            <dst id="HSTNng">11771.664</dst>
            <dst id="IPLSng">66892.7226666667</dst>
            <dst id="KSCYng">18750.1386666667</dst>
            <dst id="LOSAng">16553.6613333333</dst>
            <dst id="NYCMng">54683.7493333333</dst>
            <dst id="SNVAng">16359.3466666667</dst>
            <dst id="STTLng">58215.712</dst>
            <dst id="WASHng">120889.245333333</dst>
        </src>
        <src id="NYCMng">
            <dst id="ATLA-M5">5073.76533333333</dst>
            <dst id="ATLAng">55967.0693333333</dst>
            <dst id="CHINng">70242.6586666667</dst>
            <dst id="DNVRng">34065.64</dst>
            <dst id="HSTNng">16732.2453333333</dst>
            <dst id="IPLSng">54472.9066666667</dst>
            <dst id="KSCYng">18108.0826666667</dst>
            <dst id="LOSAng">75921.1786666667</dst>
            <dst id="NYCMng">130148.24</dst>
            <dst id="SNVAng">4609.57066666666</dst>
            <dst id="STTLng">28872.096</dst>
            <dst id="WASHng">82880.0666666667</dst>
        </src>
        <src id="SNVAng">
            <dst id="ATLA-M5">0</dst>
            <dst id="ATLAng">372.450666666667</dst>
            <dst id="CHINng">10419.7466666667</dst>
            <dst id="DNVRng">12458.3146666667</dst>
            <dst id="HSTNng">342.856</dst>
            <dst id="IPLSng">5969.07733333333</dst>
            <dst id="KSCYng">360.762666666667</dst>
            <dst id="LOSAng">23341.1493333333</dst>
            <dst id="NYCMng">475.608</dst>
            <dst id="SNVAng">10862.664</dst>
            <dst id="STTLng">24463.7466666667</dst>
            <dst id="WASHng">168.186666666667</dst>
        </src>
        <src id="STTLng">
            <dst id="ATLA-M5">88.672</dst>
            <dst id="ATLAng">16573.7786666667</dst>
            <dst id="CHINng">30788.9946666667</dst>
            <dst id="DNVRng">5485.536</dst>
            <dst id="HSTNng">7088.224</dst>
            <dst id="IPLSng">15848.3653333333</dst>
            <dst id="KSCYng">5330.08266666667</dst>
            <dst id="LOSAng">26197.4826666667</dst>
            <dst id="NYCMng">14658.2266666667</dst>
            <dst id="SNVAng">9001.21066666666</dst>
            <dst id="STTLng">8626.256</dst>
            <dst id="WASHng">18190.5066666667</dst>
        </src>
        <src id="WASHng">
            <dst id="ATLA-M5">2963.38666666667</dst>
            <dst id="ATLAng">122112.565333333</dst>
            <dst id="CHINng">99037.1093333333</dst>
            <dst id="DNVRng">69136.9226666667</dst>
            <dst id="HSTNng">25181.9866666667</dst>
            <dst id="IPLSng">95965.9706666667</dst>
            <dst id="KSCYng">44320.7146666667</dst>
            <dst id="LOSAng">128561.693333333</dst>
            <dst id="NYCMng">165435.002666667</dst>
            <dst id="SNVAng">7547.66666666667</dst>
            <dst id="STTLng">36426.7226666667</dst>
            <dst id="WASHng">391869.44</dst>
        </src>
    </IntraTM>
</TrafficMatrixFile>
