<?xml version="1.0" encoding="ISO-8859-1" standalone="yes"?>
<TrafficMatrixFile xsi:noNamespaceSchemaLocation="http://totem.run.montefiore.ulg.ac.be/Schema/TrafficMatrix-v1_2.xsd" xmlns:xsi="http://www.w3.org/2001/XMLSchema-instance">
    <IntraTM ASID="11537">
        <src id="ATLA-M5">
            <dst id="ATLA-M5">0</dst>
            <dst id="ATLAng">132.672</dst>
            <dst id="CHINng">313.653333333333</dst>
            <dst id="DNVRng">26.6666666666667</dst>
            <dst id="HSTNng">79.0826666666667</dst>
            <dst id="IPLSng">53.3333333333333</dst>
            <dst id="KSCYng">26.6666666666667</dst>
            <dst id="LOSAng">753.328</dst>
            <dst id="NYCMng">26.6666666666667</dst>
            <dst id="SNVAng">0</dst>
            <dst id="STTLng">26.6666666666667</dst>
            <dst id="WASHng">1375.01333333333</dst>
        </src>
        <src id="ATLAng">
            <dst id="ATLA-M5">1624.576</dst>
            <dst id="ATLAng">38080.648</dst>
            <dst id="CHINng">11124.288</dst>
            <dst id="DNVRng">3183.13333333333</dst>
            <dst id="HSTNng">838.957333333333</dst>
            <dst id="IPLSng">12328.2666666667</dst>
            <dst id="KSCYng">736.669333333333</dst>
            <dst id="LOSAng">12607.5626666667</dst>
            <dst id="NYCMng">4128.696</dst>
            <dst id="SNVAng">141.770666666667</dst>
            <dst id="STTLng">4156.05866666667</dst>
            <dst id="WASHng">43562.7813333333</dst>
        </src>
        <src id="CHINng">
            <dst id="ATLA-M5">153.021333333333</dst>
            <dst id="ATLAng">41184.2186666667</dst>
            <dst id="CHINng">90448.104</dst>
            <dst id="DNVRng">15054.0133333333</dst>
            <dst id="HSTNng">9421.66933333333</dst>
            <dst id="IPLSng">18657.1386666667</dst>
            <dst id="KSCYng">14805.856</dst>
            <dst id="LOSAng">78827.408</dst>
            <dst id="NYCMng">6672.31466666667</dst>
            <dst id="SNVAng">264.874666666667</dst>
            <dst id="STTLng">6474.29333333333</dst>
            <dst id="WASHng">6948.344</dst>
        </src>
        <src id="DNVRng">
            <dst id="ATLA-M5">252.586666666667</dst>
            <dst id="ATLAng">3786.49066666667</dst>
            <dst id="CHINng">57513.2346666667</dst>
            <dst id="DNVRng">9771.43466666667</dst>
            <dst id="HSTNng">15474.224</dst>
            <dst id="IPLSng">19193.1013333333</dst>
            <dst id="KSCYng">18496.3706666667</dst>
            <dst id="LOSAng">17627.7706666667</dst>
            <dst id="NYCMng">12660.2133333333</dst>
            <dst id="SNVAng">7336.08533333333</dst>
            <dst id="STTLng">7178.64533333333</dst>
            <dst id="WASHng">42474.4853333333</dst>
        </src>
        <src id="HSTNng">
            <dst id="ATLA-M5">2172.59466666667</dst>
            <dst id="ATLAng">7597.33866666667</dst>
            <dst id="CHINng">14897.64</dst>
            <dst id="DNVRng">1122.63466666667</dst>
            <dst id="HSTNng">2548.62666666667</dst>
            <dst id="IPLSng">1224.85866666667</dst>
            <dst id="KSCYng">1079.55733333333</dst>
            <dst id="LOSAng">12879.7306666667</dst>
            <dst id="NYCMng">3087.288</dst>
            <dst id="SNVAng">26.6666666666667</dst>
            <dst id="STTLng">1716.24533333333</dst>
            <dst id="WASHng">2400.632</dst>
        </src>
        <src id="IPLSng">
            <dst id="ATLA-M5">0</dst>
            <dst id="ATLAng">9235.544</dst>
            <dst id="CHINng">80224.456</dst>
            <dst id="DNVRng">2517.06666666667</dst>
            <dst id="HSTNng">1350.70933333333</dst>
            <dst id="IPLSng">11395.992</dst>
            <dst id="KSCYng">2177.08266666667</dst>
            <dst id="LOSAng">59853.0933333333</dst>
            <dst id="NYCMng">15156.6373333333</dst>
            <dst id="SNVAng">472.482666666667</dst>
            <dst id="STTLng">10439.832</dst>
            <dst id="WASHng">5825.296</dst>
        </src>
        <src id="KSCYng">
            <dst id="ATLA-M5">0</dst>
            <dst id="ATLAng">1875.48</dst>
            <dst id="CHINng">20078.5333333333</dst>
            <dst id="DNVRng">15319.7333333333</dst>
            <dst id="HSTNng">4448.49866666667</dst>
            <dst id="IPLSng">6515.78133333333</dst>
            <dst id="KSCYng">5234.60533333333</dst>
            <dst id="LOSAng">6031.69066666667</dst>
            <dst id="NYCMng">4375.28266666667</dst>
            <dst id="SNVAng">799.888</dst>
            <dst id="STTLng">2389.17066666667</dst>
            <dst id="WASHng">7089.94666666667</dst>
        </src>
        <src id="LOSAng">
            <dst id="ATLA-M5">120.626666666667</dst>
            <dst id="ATLAng">38843.824</dst>
            <dst id="CHINng">124783.672</dst>
            <dst id="DNVRng">10005.24</dst>
            <dst id="HSTNng">3674.70933333333</dst>
            <dst id="IPLSng">22715.5626666667</dst>
            <dst id="KSCYng">1766.384</dst>
            <dst id="LOSAng">23508.936</dst>
            <dst id="NYCMng">64066.4453333333</dst>
            <dst id="SNVAng">8837.61066666667</dst>
            <dst id="STTLng">35375.1226666667</dst>
            <dst id="WASHng">107991.210666667</dst>
        </src>
        <src id="NYCMng">
            <dst id="ATLA-M5">371.482666666667</dst>
            <dst id="ATLAng">26876.048</dst>
            <dst id="CHINng">47707.536</dst>
            <dst id="DNVRng">28249.24</dst>
            <dst id="HSTNng">4926.016</dst>
            <dst id="IPLSng">20431.1786666667</dst>
            <dst id="KSCYng">6245.53333333333</dst>
            <dst id="LOSAng">92477.2906666666</dst>
            <dst id="NYCMng">115117.149333333</dst>
            <dst id="SNVAng">1158.968</dst>
            <dst id="STTLng">28648.3973333333</dst>
            <dst id="WASHng">49822.0133333333</dst>
        </src>
        <src id="SNVAng">
            <dst id="ATLA-M5">0</dst>
            <dst id="ATLAng">26.6666666666667</dst>
            <dst id="CHINng">149.784</dst>
            <dst id="DNVRng">340.184</dst>
            <dst id="HSTNng">133.333333333333</dst>
            <dst id="IPLSng">1061.67733333333</dst>
            <dst id="KSCYng">109.826666666667</dst>
            <dst id="LOSAng">30875.5493333333</dst>
            <dst id="NYCMng">431.648</dst>
            <dst id="SNVAng">9600.57866666667</dst>
            <dst id="STTLng">24750.6266666667</dst>
            <dst id="WASHng">53.3333333333333</dst>
        </src>
        <src id="STTLng">
            <dst id="ATLA-M5">0</dst>
            <dst id="ATLAng">8800.07466666667</dst>
            <dst id="CHINng">27259.9866666667</dst>
            <dst id="DNVRng">1008.54133333333</dst>
            <dst id="HSTNng">1762.49333333333</dst>
            <dst id="IPLSng">4727.49333333333</dst>
            <dst id="KSCYng">1779.78666666667</dst>
            <dst id="LOSAng">29876.784</dst>
            <dst id="NYCMng">10541.064</dst>
            <dst id="SNVAng">2525.584</dst>
            <dst id="STTLng">1793.94666666667</dst>
            <dst id="WASHng">9894.06933333333</dst>
        </src>
        <src id="WASHng">
            <dst id="ATLA-M5">53.3333333333333</dst>
            <dst id="ATLAng">108334.664</dst>
            <dst id="CHINng">74720.2613333334</dst>
            <dst id="DNVRng">54258.8773333334</dst>
            <dst id="HSTNng">26365.1413333333</dst>
            <dst id="IPLSng">25162.12</dst>
            <dst id="KSCYng">14697.9093333333</dst>
            <dst id="LOSAng">128563.288</dst>
            <dst id="NYCMng">143584.245333333</dst>
            <dst id="SNVAng">160.490666666667</dst>
            <dst id="STTLng">35732.2586666667</dst>
            <dst id="WASHng">301315.44</dst>
        </src>
    </IntraTM>
</TrafficMatrixFile>
