<?xml version="1.0" encoding="ISO-8859-1" standalone="yes"?>
<TrafficMatrixFile xsi:noNamespaceSchemaLocation="http://totem.run.montefiore.ulg.ac.be/Schema/TrafficMatrix-v1_2.xsd" xmlns:xsi="http://www.w3.org/2001/XMLSchema-instance">
    <IntraTM ASID="11537">
        <src id="ATLA-M5">
            <dst id="ATLA-M5">79.1333333333333</dst>
            <dst id="ATLAng">1183.63466666667</dst>
            <dst id="CHINng">213.373333333333</dst>
            <dst id="DNVRng">26.6666666666667</dst>
            <dst id="HSTNng">55.9653333333333</dst>
            <dst id="IPLSng">117.333333333333</dst>
            <dst id="KSCYng">26.6666666666667</dst>
            <dst id="LOSAng">61.7573333333333</dst>
            <dst id="NYCMng">527.752</dst>
            <dst id="SNVAng">0</dst>
            <dst id="STTLng">26.6666666666667</dst>
            <dst id="WASHng">2129.448</dst>
        </src>
        <src id="ATLAng">
            <dst id="ATLA-M5">298.477333333333</dst>
            <dst id="ATLAng">33862.3466666667</dst>
            <dst id="CHINng">24870.512</dst>
            <dst id="DNVRng">3960.552</dst>
            <dst id="HSTNng">1684.752</dst>
            <dst id="IPLSng">22575.8026666667</dst>
            <dst id="KSCYng">1426.06933333333</dst>
            <dst id="LOSAng">12160.292</dst>
            <dst id="NYCMng">13193.3146666667</dst>
            <dst id="SNVAng">832.145333333333</dst>
            <dst id="STTLng">4484.608</dst>
            <dst id="WASHng">66466.0773333333</dst>
        </src>
        <src id="CHINng">
            <dst id="ATLA-M5">388.922666666667</dst>
            <dst id="ATLAng">26553.8666666667</dst>
            <dst id="CHINng">94905.3653333333</dst>
            <dst id="DNVRng">11838.608</dst>
            <dst id="HSTNng">7345.73066666667</dst>
            <dst id="IPLSng">46471.0133333333</dst>
            <dst id="KSCYng">13229.776</dst>
            <dst id="LOSAng">78434.92</dst>
            <dst id="NYCMng">10158.2426666667</dst>
            <dst id="SNVAng">798.202666666667</dst>
            <dst id="STTLng">7529.592</dst>
            <dst id="WASHng">57739.216</dst>
        </src>
        <src id="DNVRng">
            <dst id="ATLA-M5">164</dst>
            <dst id="ATLAng">6344.30933333333</dst>
            <dst id="CHINng">57128.536</dst>
            <dst id="DNVRng">31129.84</dst>
            <dst id="HSTNng">22161.4293333333</dst>
            <dst id="IPLSng">30105.4426666667</dst>
            <dst id="KSCYng">22060.12</dst>
            <dst id="LOSAng">7382.408</dst>
            <dst id="NYCMng">13665.6373333333</dst>
            <dst id="SNVAng">15812.3466666667</dst>
            <dst id="STTLng">13324.056</dst>
            <dst id="WASHng">33479.9733333333</dst>
        </src>
        <src id="HSTNng">
            <dst id="ATLA-M5">387.821333333333</dst>
            <dst id="ATLAng">3625.48266666667</dst>
            <dst id="CHINng">19576.3546666667</dst>
            <dst id="DNVRng">1437.56533333333</dst>
            <dst id="HSTNng">8948.608</dst>
            <dst id="IPLSng">1472.56266666667</dst>
            <dst id="KSCYng">3222.74933333333</dst>
            <dst id="LOSAng">9675.14133333333</dst>
            <dst id="NYCMng">3803.56533333333</dst>
            <dst id="SNVAng">37.0586666666667</dst>
            <dst id="STTLng">1122.74133333333</dst>
            <dst id="WASHng">3361.07733333333</dst>
        </src>
        <src id="IPLSng">
            <dst id="ATLA-M5">178.656</dst>
            <dst id="ATLAng">13267.72</dst>
            <dst id="CHINng">114686.026666667</dst>
            <dst id="DNVRng">5237.832</dst>
            <dst id="HSTNng">3555.28266666667</dst>
            <dst id="IPLSng">14985.8426666667</dst>
            <dst id="KSCYng">9980.728</dst>
            <dst id="LOSAng">25549.736</dst>
            <dst id="NYCMng">17908.512</dst>
            <dst id="SNVAng">742.509333333333</dst>
            <dst id="STTLng">5171.83466666667</dst>
            <dst id="WASHng">25988.2133333333</dst>
        </src>
        <src id="KSCYng">
            <dst id="ATLA-M5">395.178666666667</dst>
            <dst id="ATLAng">3235.69866666667</dst>
            <dst id="CHINng">31467.2666666667</dst>
            <dst id="DNVRng">8737.31466666667</dst>
            <dst id="HSTNng">3706.97866666667</dst>
            <dst id="IPLSng">17527.112</dst>
            <dst id="KSCYng">19607.7466666667</dst>
            <dst id="LOSAng">5088.82133333333</dst>
            <dst id="NYCMng">4678.45066666667</dst>
            <dst id="SNVAng">183.365333333333</dst>
            <dst id="STTLng">1287.072</dst>
            <dst id="WASHng">10094.2</dst>
        </src>
        <src id="LOSAng">
            <dst id="ATLA-M5">449.24</dst>
            <dst id="ATLAng">15164.6453333333</dst>
            <dst id="CHINng">157658.578666667</dst>
            <dst id="DNVRng">10246.7653333333</dst>
            <dst id="HSTNng">11132.576</dst>
            <dst id="IPLSng">61726.9306666667</dst>
            <dst id="KSCYng">5746.42133333333</dst>
            <dst id="LOSAng">13633.6853333333</dst>
            <dst id="NYCMng">64188.8213333333</dst>
            <dst id="SNVAng">9118.61066666667</dst>
            <dst id="STTLng">36268.128</dst>
            <dst id="WASHng">104598.549333333</dst>
        </src>
        <src id="NYCMng">
            <dst id="ATLA-M5">620.536</dst>
            <dst id="ATLAng">51506.4773333333</dst>
            <dst id="CHINng">77491.248</dst>
            <dst id="DNVRng">22760</dst>
            <dst id="HSTNng">7377.208</dst>
            <dst id="IPLSng">51427.2906666667</dst>
            <dst id="KSCYng">21295.7946666667</dst>
            <dst id="LOSAng">64467.7466666667</dst>
            <dst id="NYCMng">115612.36</dst>
            <dst id="SNVAng">2286.73066666667</dst>
            <dst id="STTLng">18548.88</dst>
            <dst id="WASHng">95770.1173333333</dst>
        </src>
        <src id="SNVAng">
            <dst id="ATLA-M5">39.2</dst>
            <dst id="ATLAng">209.405333333333</dst>
            <dst id="CHINng">487.04</dst>
            <dst id="DNVRng">9838.648</dst>
            <dst id="HSTNng">95.392</dst>
            <dst id="IPLSng">5832.54933333333</dst>
            <dst id="KSCYng">54.5413333333333</dst>
            <dst id="LOSAng">25114.3306666667</dst>
            <dst id="NYCMng">268.722666666667</dst>
            <dst id="SNVAng">10225.5866666667</dst>
            <dst id="STTLng">19368.704</dst>
            <dst id="WASHng">187.498666666667</dst>
        </src>
        <src id="STTLng">
            <dst id="ATLA-M5">201.746666666667</dst>
            <dst id="ATLAng">13228.984</dst>
            <dst id="CHINng">42277.9013333333</dst>
            <dst id="DNVRng">1553.89066666667</dst>
            <dst id="HSTNng">1761.61866666667</dst>
            <dst id="IPLSng">11376.4026666667</dst>
            <dst id="KSCYng">1598.74666666667</dst>
            <dst id="LOSAng">18515.16</dst>
            <dst id="NYCMng">13012.1946666667</dst>
            <dst id="SNVAng">3863.76533333333</dst>
            <dst id="STTLng">6946.89866666667</dst>
            <dst id="WASHng">14855.632</dst>
        </src>
        <src id="WASHng">
            <dst id="ATLA-M5">581.149333333333</dst>
            <dst id="ATLAng">124953.522666667</dst>
            <dst id="CHINng">115128.261333333</dst>
            <dst id="DNVRng">42678.2026666667</dst>
            <dst id="HSTNng">21025.3173333333</dst>
            <dst id="IPLSng">62082.3173333333</dst>
            <dst id="KSCYng">37972.8746666667</dst>
            <dst id="LOSAng">103253.272</dst>
            <dst id="NYCMng">241747.168</dst>
            <dst id="SNVAng">5098.32266666667</dst>
            <dst id="STTLng">28143.256</dst>
            <dst id="WASHng">314229.92</dst>
        </src>
    </IntraTM>
</TrafficMatrixFile>
