<?xml version="1.0" encoding="ISO-8859-1" standalone="yes"?>
<TrafficMatrixFile xsi:noNamespaceSchemaLocation="http://totem.run.montefiore.ulg.ac.be/Schema/TrafficMatrix-v1_2.xsd" xmlns:xsi="http://www.w3.org/2001/XMLSchema-instance">
    <IntraTM ASID="11537">
        <src id="ATLA-M5">
            <dst id="ATLA-M5">0</dst>
            <dst id="ATLAng">26.6666666666667</dst>
            <dst id="CHINng">26.6666666666667</dst>
            <dst id="DNVRng">0</dst>
            <dst id="HSTNng">35.2266666666667</dst>
            <dst id="IPLSng">1102.656</dst>
            <dst id="KSCYng">30.8266666666667</dst>
            <dst id="LOSAng">152.624</dst>
            <dst id="NYCMng">0</dst>
            <dst id="SNVAng">0</dst>
            <dst id="STTLng">26.6666666666667</dst>
            <dst id="WASHng">759.730666666667</dst>
        </src>
        <src id="ATLAng">
            <dst id="ATLA-M5">207.426666666667</dst>
            <dst id="ATLAng">30843.976</dst>
            <dst id="CHINng">7374.41066666667</dst>
            <dst id="DNVRng">5166.872</dst>
            <dst id="HSTNng">9497.27466666667</dst>
            <dst id="IPLSng">12797.9173333333</dst>
            <dst id="KSCYng">1668.48</dst>
            <dst id="LOSAng">14208.196</dst>
            <dst id="NYCMng">6000.17333333333</dst>
            <dst id="SNVAng">34.2706666666667</dst>
            <dst id="STTLng">4687.73066666667</dst>
            <dst id="WASHng">24058.5013333333</dst>
        </src>
        <src id="CHINng">
            <dst id="ATLA-M5">26.6666666666667</dst>
            <dst id="ATLAng">11164.7573333333</dst>
            <dst id="CHINng">156950.032</dst>
            <dst id="DNVRng">14572.0053333333</dst>
            <dst id="HSTNng">5738.99466666667</dst>
            <dst id="IPLSng">103909.882666667</dst>
            <dst id="KSCYng">24322.5306666667</dst>
            <dst id="LOSAng">67509.6693333333</dst>
            <dst id="NYCMng">9337.64</dst>
            <dst id="SNVAng">1130.84266666667</dst>
            <dst id="STTLng">7195.17866666666</dst>
            <dst id="WASHng">19947.9066666667</dst>
        </src>
        <src id="DNVRng">
            <dst id="ATLA-M5">0</dst>
            <dst id="ATLAng">9965.016</dst>
            <dst id="CHINng">45838.1813333333</dst>
            <dst id="DNVRng">29514.968</dst>
            <dst id="HSTNng">25126.16</dst>
            <dst id="IPLSng">22152.1253333333</dst>
            <dst id="KSCYng">25682.768</dst>
            <dst id="LOSAng">7346.88</dst>
            <dst id="NYCMng">14357.5173333333</dst>
            <dst id="SNVAng">12979.0933333333</dst>
            <dst id="STTLng">13110.112</dst>
            <dst id="WASHng">36151.6426666667</dst>
        </src>
        <src id="HSTNng">
            <dst id="ATLA-M5">2106.87733333333</dst>
            <dst id="ATLAng">8651.70666666667</dst>
            <dst id="CHINng">11115.104</dst>
            <dst id="DNVRng">2426.36</dst>
            <dst id="HSTNng">7354.89333333333</dst>
            <dst id="IPLSng">354.885333333333</dst>
            <dst id="KSCYng">2915.22666666667</dst>
            <dst id="LOSAng">8680.76533333333</dst>
            <dst id="NYCMng">2509.50666666667</dst>
            <dst id="SNVAng">0</dst>
            <dst id="STTLng">1793.184</dst>
            <dst id="WASHng">8452.37333333333</dst>
        </src>
        <src id="IPLSng">
            <dst id="ATLA-M5">80</dst>
            <dst id="ATLAng">13105.4933333333</dst>
            <dst id="CHINng">70473.368</dst>
            <dst id="DNVRng">5090.84</dst>
            <dst id="HSTNng">1895.19466666667</dst>
            <dst id="IPLSng">27314.1866666667</dst>
            <dst id="KSCYng">2892.12266666667</dst>
            <dst id="LOSAng">57126.264</dst>
            <dst id="NYCMng">20830.6826666667</dst>
            <dst id="SNVAng">332.002666666667</dst>
            <dst id="STTLng">14368.1626666667</dst>
            <dst id="WASHng">11823.4773333333</dst>
        </src>
        <src id="KSCYng">
            <dst id="ATLA-M5">166.224</dst>
            <dst id="ATLAng">1604.64</dst>
            <dst id="CHINng">31059.952</dst>
            <dst id="DNVRng">15600.912</dst>
            <dst id="HSTNng">2924.46933333333</dst>
            <dst id="IPLSng">9156.688</dst>
            <dst id="KSCYng">5689.2</dst>
            <dst id="LOSAng">6252.94133333333</dst>
            <dst id="NYCMng">3977.16533333333</dst>
            <dst id="SNVAng">290.466666666667</dst>
            <dst id="STTLng">4674.432</dst>
            <dst id="WASHng">16339.7333333333</dst>
        </src>
        <src id="LOSAng">
            <dst id="ATLA-M5">58.4453333333334</dst>
            <dst id="ATLAng">12532.2693333333</dst>
            <dst id="CHINng">89245.6906666666</dst>
            <dst id="DNVRng">8593.05066666666</dst>
            <dst id="HSTNng">20500.5973333333</dst>
            <dst id="IPLSng">43075.9493333333</dst>
            <dst id="KSCYng">5375.02933333333</dst>
            <dst id="LOSAng">19356.4266666667</dst>
            <dst id="NYCMng">84890.1626666667</dst>
            <dst id="SNVAng">8716.592</dst>
            <dst id="STTLng">51568.5973333333</dst>
            <dst id="WASHng">96896.816</dst>
        </src>
        <src id="NYCMng">
            <dst id="ATLA-M5">1053.304</dst>
            <dst id="ATLAng">27341.6133333333</dst>
            <dst id="CHINng">49951.9786666667</dst>
            <dst id="DNVRng">118383.528</dst>
            <dst id="HSTNng">13917.216</dst>
            <dst id="IPLSng">27514.8213333333</dst>
            <dst id="KSCYng">12342.072</dst>
            <dst id="LOSAng">97538.9413333333</dst>
            <dst id="NYCMng">68397.3813333333</dst>
            <dst id="SNVAng">983.592</dst>
            <dst id="STTLng">30062.8693333333</dst>
            <dst id="WASHng">44442.1253333333</dst>
        </src>
        <src id="SNVAng">
            <dst id="ATLA-M5">0</dst>
            <dst id="ATLAng">0</dst>
            <dst id="CHINng">2338.688</dst>
            <dst id="DNVRng">377.674666666667</dst>
            <dst id="HSTNng">37.8453333333333</dst>
            <dst id="IPLSng">364.872</dst>
            <dst id="KSCYng">80</dst>
            <dst id="LOSAng">40032.0186666667</dst>
            <dst id="NYCMng">127.210666666667</dst>
            <dst id="SNVAng">9692.416</dst>
            <dst id="STTLng">30974.648</dst>
            <dst id="WASHng">0</dst>
        </src>
        <src id="STTLng">
            <dst id="ATLA-M5">88.9813333333333</dst>
            <dst id="ATLAng">8940.456</dst>
            <dst id="CHINng">17689.456</dst>
            <dst id="DNVRng">3099.73333333333</dst>
            <dst id="HSTNng">1581.42666666667</dst>
            <dst id="IPLSng">10594.6906666667</dst>
            <dst id="KSCYng">2706.59733333333</dst>
            <dst id="LOSAng">31751.8906666667</dst>
            <dst id="NYCMng">8909.02133333333</dst>
            <dst id="SNVAng">4729.912</dst>
            <dst id="STTLng">5259.704</dst>
            <dst id="WASHng">4904.52</dst>
        </src>
        <src id="WASHng">
            <dst id="ATLA-M5">197.152</dst>
            <dst id="ATLAng">150401.106666667</dst>
            <dst id="CHINng">101866.072</dst>
            <dst id="DNVRng">48571.696</dst>
            <dst id="HSTNng">15587.528</dst>
            <dst id="IPLSng">42325.6853333333</dst>
            <dst id="KSCYng">7833.072</dst>
            <dst id="LOSAng">119457.178666667</dst>
            <dst id="NYCMng">115786.906666667</dst>
            <dst id="SNVAng">4482.08533333333</dst>
            <dst id="STTLng">44484.4586666667</dst>
            <dst id="WASHng">169230.245333333</dst>
        </src>
    </IntraTM>
</TrafficMatrixFile>
