<?xml version="1.0" encoding="ISO-8859-1" standalone="yes"?>
<TrafficMatrixFile xsi:noNamespaceSchemaLocation="http://totem.run.montefiore.ulg.ac.be/Schema/TrafficMatrix-v1_2.xsd" xmlns:xsi="http://www.w3.org/2001/XMLSchema-instance">
    <IntraTM ASID="11537">
        <src id="ATLA-M5">
            <dst id="ATLA-M5">270.333333333333</dst>
            <dst id="ATLAng">155.874666666667</dst>
            <dst id="CHINng">1984.448</dst>
            <dst id="DNVRng">152.354666666667</dst>
            <dst id="HSTNng">182.754666666667</dst>
            <dst id="IPLSng">1537.232</dst>
            <dst id="KSCYng">605.728</dst>
            <dst id="LOSAng">331.918666666667</dst>
            <dst id="NYCMng">26.6666666666667</dst>
            <dst id="SNVAng">37.7266666666667</dst>
            <dst id="STTLng">114.506666666667</dst>
            <dst id="WASHng">1084.752</dst>
        </src>
        <src id="ATLAng">
            <dst id="ATLA-M5">305.576</dst>
            <dst id="ATLAng">59811.816</dst>
            <dst id="CHINng">16000.056</dst>
            <dst id="DNVRng">6456.39466666667</dst>
            <dst id="HSTNng">7070.36266666667</dst>
            <dst id="IPLSng">14830.7306666667</dst>
            <dst id="KSCYng">6914.016</dst>
            <dst id="LOSAng">15979.988</dst>
            <dst id="NYCMng">9612.22933333333</dst>
            <dst id="SNVAng">572.609333333333</dst>
            <dst id="STTLng">6818.04533333333</dst>
            <dst id="WASHng">48760.3253333333</dst>
        </src>
        <src id="CHINng">
            <dst id="ATLA-M5">2117.512</dst>
            <dst id="ATLAng">33595.52</dst>
            <dst id="CHINng">125677.482666667</dst>
            <dst id="DNVRng">27776.864</dst>
            <dst id="HSTNng">10417.5653333333</dst>
            <dst id="IPLSng">40930.096</dst>
            <dst id="KSCYng">12656.304</dst>
            <dst id="LOSAng">101063.704</dst>
            <dst id="NYCMng">20454.8586666667</dst>
            <dst id="SNVAng">5768.08266666667</dst>
            <dst id="STTLng">11367.472</dst>
            <dst id="WASHng">32121.1013333333</dst>
        </src>
        <src id="DNVRng">
            <dst id="ATLA-M5">2651.128</dst>
            <dst id="ATLAng">32066.9786666667</dst>
            <dst id="CHINng">53247.592</dst>
            <dst id="DNVRng">18616.6933333333</dst>
            <dst id="HSTNng">24479.792</dst>
            <dst id="IPLSng">29323.7946666667</dst>
            <dst id="KSCYng">20761.5973333333</dst>
            <dst id="LOSAng">19975.2133333333</dst>
            <dst id="NYCMng">16848.9626666667</dst>
            <dst id="SNVAng">11942.0346666667</dst>
            <dst id="STTLng">14865.872</dst>
            <dst id="WASHng">45191.5493333333</dst>
        </src>
        <src id="HSTNng">
            <dst id="ATLA-M5">1877.53866666667</dst>
            <dst id="ATLAng">7908.21066666667</dst>
            <dst id="CHINng">18859.1173333333</dst>
            <dst id="DNVRng">2319.66933333333</dst>
            <dst id="HSTNng">11262.0053333333</dst>
            <dst id="IPLSng">3061.09866666667</dst>
            <dst id="KSCYng">2379.728</dst>
            <dst id="LOSAng">10852.392</dst>
            <dst id="NYCMng">2815.072</dst>
            <dst id="SNVAng">672.944</dst>
            <dst id="STTLng">2111.90933333333</dst>
            <dst id="WASHng">4320.36266666667</dst>
        </src>
        <src id="IPLSng">
            <dst id="ATLA-M5">493.469333333333</dst>
            <dst id="ATLAng">21286.2186666667</dst>
            <dst id="CHINng">93451.5413333333</dst>
            <dst id="DNVRng">7491.43733333333</dst>
            <dst id="HSTNng">9640.13333333333</dst>
            <dst id="IPLSng">38093.76</dst>
            <dst id="KSCYng">8056.81866666667</dst>
            <dst id="LOSAng">68860.672</dst>
            <dst id="NYCMng">28406.6373333333</dst>
            <dst id="SNVAng">3093.61066666667</dst>
            <dst id="STTLng">9872.60533333333</dst>
            <dst id="WASHng">20445.3706666667</dst>
        </src>
        <src id="KSCYng">
            <dst id="ATLA-M5">248.76</dst>
            <dst id="ATLAng">4655.97066666667</dst>
            <dst id="CHINng">40685.4746666667</dst>
            <dst id="DNVRng">13311.3253333333</dst>
            <dst id="HSTNng">5947.98933333333</dst>
            <dst id="IPLSng">14127.3493333333</dst>
            <dst id="KSCYng">10423.5706666667</dst>
            <dst id="LOSAng">8353.032</dst>
            <dst id="NYCMng">9627.22666666667</dst>
            <dst id="SNVAng">502.114666666667</dst>
            <dst id="STTLng">3858.68533333333</dst>
            <dst id="WASHng">11844.6773333333</dst>
        </src>
        <src id="LOSAng">
            <dst id="ATLA-M5">2388.704</dst>
            <dst id="ATLAng">35006.0213333333</dst>
            <dst id="CHINng">116178.184</dst>
            <dst id="DNVRng">29693.8986666667</dst>
            <dst id="HSTNng">21454.0906666667</dst>
            <dst id="IPLSng">40065.7706666667</dst>
            <dst id="KSCYng">14510.328</dst>
            <dst id="LOSAng">12294.8506666667</dst>
            <dst id="NYCMng">85687.9066666667</dst>
            <dst id="SNVAng">11465.6053333333</dst>
            <dst id="STTLng">47633.584</dst>
            <dst id="WASHng">127250.757333333</dst>
        </src>
        <src id="NYCMng">
            <dst id="ATLA-M5">575.488</dst>
            <dst id="ATLAng">59496.808</dst>
            <dst id="CHINng">85828.576</dst>
            <dst id="DNVRng">126921.6</dst>
            <dst id="HSTNng">14321.0773333333</dst>
            <dst id="IPLSng">38254.928</dst>
            <dst id="KSCYng">30309.568</dst>
            <dst id="LOSAng">94818.5973333334</dst>
            <dst id="NYCMng">131869.402666667</dst>
            <dst id="SNVAng">5588.85333333333</dst>
            <dst id="STTLng">27163.3306666667</dst>
            <dst id="WASHng">100848.981333333</dst>
        </src>
        <src id="SNVAng">
            <dst id="ATLA-M5">0</dst>
            <dst id="ATLAng">144.906666666667</dst>
            <dst id="CHINng">629.752</dst>
            <dst id="DNVRng">2221.13866666667</dst>
            <dst id="HSTNng">199.069333333333</dst>
            <dst id="IPLSng">1825.70133333333</dst>
            <dst id="KSCYng">2681.05866666667</dst>
            <dst id="LOSAng">35487.104</dst>
            <dst id="NYCMng">1095.20533333333</dst>
            <dst id="SNVAng">10145.8746666667</dst>
            <dst id="STTLng">28070.088</dst>
            <dst id="WASHng">494.802666666667</dst>
        </src>
        <src id="STTLng">
            <dst id="ATLA-M5">651.698666666667</dst>
            <dst id="ATLAng">14933.2133333333</dst>
            <dst id="CHINng">20641.1786666667</dst>
            <dst id="DNVRng">6316.87466666667</dst>
            <dst id="HSTNng">4288.32</dst>
            <dst id="IPLSng">13825.5573333333</dst>
            <dst id="KSCYng">16662.792</dst>
            <dst id="LOSAng">38626.3146666667</dst>
            <dst id="NYCMng">18424.872</dst>
            <dst id="SNVAng">5566.224</dst>
            <dst id="STTLng">5385.496</dst>
            <dst id="WASHng">21895.888</dst>
        </src>
        <src id="WASHng">
            <dst id="ATLA-M5">1234.92533333333</dst>
            <dst id="ATLAng">106764.402666667</dst>
            <dst id="CHINng">69989.7146666667</dst>
            <dst id="DNVRng">70899.7413333333</dst>
            <dst id="HSTNng">28007.9626666667</dst>
            <dst id="IPLSng">69461.9706666667</dst>
            <dst id="KSCYng">47353.6346666667</dst>
            <dst id="LOSAng">144464.578666667</dst>
            <dst id="NYCMng">183780.669333333</dst>
            <dst id="SNVAng">10626.2453333333</dst>
            <dst id="STTLng">48072.2746666667</dst>
            <dst id="WASHng">288861.413333333</dst>
        </src>
    </IntraTM>
</TrafficMatrixFile>
