<?xml version="1.0" encoding="ISO-8859-1" standalone="yes"?>
<TrafficMatrixFile xsi:noNamespaceSchemaLocation="http://totem.run.montefiore.ulg.ac.be/Schema/TrafficMatrix-v1_2.xsd" xmlns:xsi="http://www.w3.org/2001/XMLSchema-instance">
    <IntraTM ASID="11537">
        <src id="ATLA-M5">
            <dst id="ATLA-M5">0</dst>
            <dst id="ATLAng">54.8693333333333</dst>
            <dst id="CHINng">250.533333333333</dst>
            <dst id="DNVRng">26.6666666666667</dst>
            <dst id="HSTNng">70.8586666666667</dst>
            <dst id="IPLSng">26.712</dst>
            <dst id="KSCYng">0</dst>
            <dst id="LOSAng">211.445333333333</dst>
            <dst id="NYCMng">26.6666666666667</dst>
            <dst id="SNVAng">0</dst>
            <dst id="STTLng">26.6666666666667</dst>
            <dst id="WASHng">761.706666666666</dst>
        </src>
        <src id="ATLAng">
            <dst id="ATLA-M5">1640.136</dst>
            <dst id="ATLAng">38205.3626666667</dst>
            <dst id="CHINng">4262.168</dst>
            <dst id="DNVRng">3976.352</dst>
            <dst id="HSTNng">561.109333333333</dst>
            <dst id="IPLSng">14258.9173333333</dst>
            <dst id="KSCYng">771.357333333333</dst>
            <dst id="LOSAng">12909.1213333333</dst>
            <dst id="NYCMng">4340.06666666667</dst>
            <dst id="SNVAng">17.1986666666667</dst>
            <dst id="STTLng">5098.192</dst>
            <dst id="WASHng">44929.1386666667</dst>
        </src>
        <src id="CHINng">
            <dst id="ATLA-M5">1108.784</dst>
            <dst id="ATLAng">40909.5893333333</dst>
            <dst id="CHINng">80012.9893333333</dst>
            <dst id="DNVRng">16717.24</dst>
            <dst id="HSTNng">8164.97066666667</dst>
            <dst id="IPLSng">23818.1066666667</dst>
            <dst id="KSCYng">7246.51733333333</dst>
            <dst id="LOSAng">66772.1626666667</dst>
            <dst id="NYCMng">8284.952</dst>
            <dst id="SNVAng">219.448</dst>
            <dst id="STTLng">4933.14933333333</dst>
            <dst id="WASHng">6357.95466666667</dst>
        </src>
        <src id="DNVRng">
            <dst id="ATLA-M5">178.442666666667</dst>
            <dst id="ATLAng">4131.984</dst>
            <dst id="CHINng">54225.0853333333</dst>
            <dst id="DNVRng">3199.35466666667</dst>
            <dst id="HSTNng">14117.4853333333</dst>
            <dst id="IPLSng">27360.5946666667</dst>
            <dst id="KSCYng">12564.2026666667</dst>
            <dst id="LOSAng">13408.3786666667</dst>
            <dst id="NYCMng">10640.7786666667</dst>
            <dst id="SNVAng">4902.19466666667</dst>
            <dst id="STTLng">4700.76</dst>
            <dst id="WASHng">39104.7626666667</dst>
        </src>
        <src id="HSTNng">
            <dst id="ATLA-M5">3494.16266666667</dst>
            <dst id="ATLAng">22835.5653333333</dst>
            <dst id="CHINng">16449.736</dst>
            <dst id="DNVRng">1603.21866666667</dst>
            <dst id="HSTNng">2200.24533333333</dst>
            <dst id="IPLSng">700.842666666667</dst>
            <dst id="KSCYng">965.856</dst>
            <dst id="LOSAng">9393.00533333333</dst>
            <dst id="NYCMng">2536.60533333333</dst>
            <dst id="SNVAng">0</dst>
            <dst id="STTLng">1476.96</dst>
            <dst id="WASHng">2813.904</dst>
        </src>
        <src id="IPLSng">
            <dst id="ATLA-M5">0</dst>
            <dst id="ATLAng">8845.30666666667</dst>
            <dst id="CHINng">76201.5973333333</dst>
            <dst id="DNVRng">3492.33066666667</dst>
            <dst id="HSTNng">1514.30133333333</dst>
            <dst id="IPLSng">17030.432</dst>
            <dst id="KSCYng">1521.136</dst>
            <dst id="LOSAng">62083.08</dst>
            <dst id="NYCMng">25847.0053333333</dst>
            <dst id="SNVAng">1040.41333333333</dst>
            <dst id="STTLng">13400.4693333333</dst>
            <dst id="WASHng">8688.74133333334</dst>
        </src>
        <src id="KSCYng">
            <dst id="ATLA-M5">0</dst>
            <dst id="ATLAng">1811.09866666667</dst>
            <dst id="CHINng">18040.264</dst>
            <dst id="DNVRng">13077.7493333333</dst>
            <dst id="HSTNng">2389.97066666667</dst>
            <dst id="IPLSng">12233.6426666667</dst>
            <dst id="KSCYng">4590.52266666667</dst>
            <dst id="LOSAng">6303.85866666667</dst>
            <dst id="NYCMng">3225.66133333333</dst>
            <dst id="SNVAng">131.773333333333</dst>
            <dst id="STTLng">2169.84</dst>
            <dst id="WASHng">6130.99733333333</dst>
        </src>
        <src id="LOSAng">
            <dst id="ATLA-M5">147.853333333333</dst>
            <dst id="ATLAng">39182.8186666667</dst>
            <dst id="CHINng">132132.808</dst>
            <dst id="DNVRng">8174.54666666667</dst>
            <dst id="HSTNng">3938.26933333333</dst>
            <dst id="IPLSng">18819.328</dst>
            <dst id="KSCYng">2672.352</dst>
            <dst id="LOSAng">24945.2186666667</dst>
            <dst id="NYCMng">58669.0906666667</dst>
            <dst id="SNVAng">8109.33066666666</dst>
            <dst id="STTLng">38742.0506666667</dst>
            <dst id="WASHng">104348.669333333</dst>
        </src>
        <src id="NYCMng">
            <dst id="ATLA-M5">928.896</dst>
            <dst id="ATLAng">29326.1866666667</dst>
            <dst id="CHINng">52220.9893333333</dst>
            <dst id="DNVRng">24068.3413333333</dst>
            <dst id="HSTNng">11609</dst>
            <dst id="IPLSng">27365.6053333333</dst>
            <dst id="KSCYng">4920.97333333333</dst>
            <dst id="LOSAng">88194.7493333334</dst>
            <dst id="NYCMng">122000.901333333</dst>
            <dst id="SNVAng">2364.968</dst>
            <dst id="STTLng">28322.2746666667</dst>
            <dst id="WASHng">87845.3786666666</dst>
        </src>
        <src id="SNVAng">
            <dst id="ATLA-M5">0</dst>
            <dst id="ATLAng">26.6666666666667</dst>
            <dst id="CHINng">311.538666666667</dst>
            <dst id="DNVRng">200.413333333333</dst>
            <dst id="HSTNng">174.666666666667</dst>
            <dst id="IPLSng">1038.12266666667</dst>
            <dst id="KSCYng">88.616</dst>
            <dst id="LOSAng">35936.2293333333</dst>
            <dst id="NYCMng">432.584</dst>
            <dst id="SNVAng">8611.26133333334</dst>
            <dst id="STTLng">22848.7653333333</dst>
            <dst id="WASHng">53.3333333333333</dst>
        </src>
        <src id="STTLng">
            <dst id="ATLA-M5">26.6666666666667</dst>
            <dst id="ATLAng">7655.01066666667</dst>
            <dst id="CHINng">27604.7333333333</dst>
            <dst id="DNVRng">1549.848</dst>
            <dst id="HSTNng">1837.76533333333</dst>
            <dst id="IPLSng">4433.504</dst>
            <dst id="KSCYng">1840.53333333333</dst>
            <dst id="LOSAng">34135.352</dst>
            <dst id="NYCMng">10109.8746666667</dst>
            <dst id="SNVAng">3343.24</dst>
            <dst id="STTLng">1799.85333333333</dst>
            <dst id="WASHng">7714.54133333333</dst>
        </src>
        <src id="WASHng">
            <dst id="ATLA-M5">53.3333333333333</dst>
            <dst id="ATLAng">57543.7653333333</dst>
            <dst id="CHINng">63802.4053333333</dst>
            <dst id="DNVRng">49497.6613333333</dst>
            <dst id="HSTNng">35158.32</dst>
            <dst id="IPLSng">22223.04</dst>
            <dst id="KSCYng">10123.7893333333</dst>
            <dst id="LOSAng">115569.634666667</dst>
            <dst id="NYCMng">114073.061333333</dst>
            <dst id="SNVAng">479.952</dst>
            <dst id="STTLng">31460.7093333333</dst>
            <dst id="WASHng">249962.832</dst>
        </src>
    </IntraTM>
</TrafficMatrixFile>
