<?xml version="1.0" encoding="ISO-8859-1" standalone="yes"?>
<TrafficMatrixFile xsi:noNamespaceSchemaLocation="http://totem.run.montefiore.ulg.ac.be/Schema/TrafficMatrix-v1_2.xsd" xmlns:xsi="http://www.w3.org/2001/XMLSchema-instance">
    <IntraTM ASID="11537">
        <src id="ATLA-M5">
            <dst id="ATLA-M5">65.5626666666667</dst>
            <dst id="ATLAng">34.1866666666667</dst>
            <dst id="CHINng">244.176</dst>
            <dst id="DNVRng">26.6666666666667</dst>
            <dst id="HSTNng">113.018666666667</dst>
            <dst id="IPLSng">0</dst>
            <dst id="KSCYng">1484.34666666667</dst>
            <dst id="LOSAng">218.189333333333</dst>
            <dst id="NYCMng">0</dst>
            <dst id="SNVAng">0</dst>
            <dst id="STTLng">169.112</dst>
            <dst id="WASHng">213.773333333333</dst>
        </src>
        <src id="ATLAng">
            <dst id="ATLA-M5">463.112</dst>
            <dst id="ATLAng">66824.9333333333</dst>
            <dst id="CHINng">4879.85066666667</dst>
            <dst id="DNVRng">6045.93333333333</dst>
            <dst id="HSTNng">6785.07466666667</dst>
            <dst id="IPLSng">12606.4453333333</dst>
            <dst id="KSCYng">2673.184</dst>
            <dst id="LOSAng">17889.02</dst>
            <dst id="NYCMng">4308.62666666667</dst>
            <dst id="SNVAng">281.345333333333</dst>
            <dst id="STTLng">5077.968</dst>
            <dst id="WASHng">32818.6506666667</dst>
        </src>
        <src id="CHINng">
            <dst id="ATLA-M5">230.072</dst>
            <dst id="ATLAng">28961.0266666667</dst>
            <dst id="CHINng">204565.045333333</dst>
            <dst id="DNVRng">14854.912</dst>
            <dst id="HSTNng">4823.376</dst>
            <dst id="IPLSng">70439.2453333333</dst>
            <dst id="KSCYng">5939.21333333333</dst>
            <dst id="LOSAng">50151.5573333333</dst>
            <dst id="NYCMng">12418.0506666667</dst>
            <dst id="SNVAng">696.362666666667</dst>
            <dst id="STTLng">5429.50933333333</dst>
            <dst id="WASHng">17012.5173333333</dst>
        </src>
        <src id="DNVRng">
            <dst id="ATLA-M5">142.88</dst>
            <dst id="ATLAng">17958.7093333333</dst>
            <dst id="CHINng">39491.3413333333</dst>
            <dst id="DNVRng">12865.8746666667</dst>
            <dst id="HSTNng">24428.4026666667</dst>
            <dst id="IPLSng">24756.464</dst>
            <dst id="KSCYng">28511.3786666667</dst>
            <dst id="LOSAng">5914.09333333333</dst>
            <dst id="NYCMng">8370.944</dst>
            <dst id="SNVAng">22039.4986666667</dst>
            <dst id="STTLng">22873.3466666667</dst>
            <dst id="WASHng">30190.2293333333</dst>
        </src>
        <src id="HSTNng">
            <dst id="ATLA-M5">132.64</dst>
            <dst id="ATLAng">34888.7386666667</dst>
            <dst id="CHINng">11480.0133333333</dst>
            <dst id="DNVRng">2288.36</dst>
            <dst id="HSTNng">5878.08</dst>
            <dst id="IPLSng">904.272</dst>
            <dst id="KSCYng">1452.544</dst>
            <dst id="LOSAng">14085.4773333333</dst>
            <dst id="NYCMng">2262.384</dst>
            <dst id="SNVAng">26.6666666666667</dst>
            <dst id="STTLng">631.117333333333</dst>
            <dst id="WASHng">5142.21066666667</dst>
        </src>
        <src id="IPLSng">
            <dst id="ATLA-M5">26.6666666666667</dst>
            <dst id="ATLAng">14054.504</dst>
            <dst id="CHINng">58129.6213333333</dst>
            <dst id="DNVRng">3129.86666666667</dst>
            <dst id="HSTNng">1679.152</dst>
            <dst id="IPLSng">24121.0693333333</dst>
            <dst id="KSCYng">3585.328</dst>
            <dst id="LOSAng">47259.992</dst>
            <dst id="NYCMng">26758.4</dst>
            <dst id="SNVAng">779.317333333333</dst>
            <dst id="STTLng">19217.56</dst>
            <dst id="WASHng">17772.4373333333</dst>
        </src>
        <src id="KSCYng">
            <dst id="ATLA-M5">494.688</dst>
            <dst id="ATLAng">5142.33066666667</dst>
            <dst id="CHINng">26019.2853333333</dst>
            <dst id="DNVRng">12735.6266666667</dst>
            <dst id="HSTNng">8018.144</dst>
            <dst id="IPLSng">14186.2026666667</dst>
            <dst id="KSCYng">9795.39733333333</dst>
            <dst id="LOSAng">6445.60533333333</dst>
            <dst id="NYCMng">3886.69866666667</dst>
            <dst id="SNVAng">902.754666666667</dst>
            <dst id="STTLng">966.112</dst>
            <dst id="WASHng">8269.48</dst>
        </src>
        <src id="LOSAng">
            <dst id="ATLA-M5">80</dst>
            <dst id="ATLAng">41996.664</dst>
            <dst id="CHINng">80827.8826666667</dst>
            <dst id="DNVRng">8706.528</dst>
            <dst id="HSTNng">10670.376</dst>
            <dst id="IPLSng">60960.9013333333</dst>
            <dst id="KSCYng">7434.97866666667</dst>
            <dst id="LOSAng">15571.064</dst>
            <dst id="NYCMng">100657.669333333</dst>
            <dst id="SNVAng">9884.69333333333</dst>
            <dst id="STTLng">35126.3733333333</dst>
            <dst id="WASHng">100585.189333333</dst>
        </src>
        <src id="NYCMng">
            <dst id="ATLA-M5">367.861333333333</dst>
            <dst id="ATLAng">45004.1173333333</dst>
            <dst id="CHINng">38007.336</dst>
            <dst id="DNVRng">119368.429333333</dst>
            <dst id="HSTNng">9180.73866666667</dst>
            <dst id="IPLSng">44158.5386666667</dst>
            <dst id="KSCYng">12026.2186666667</dst>
            <dst id="LOSAng">98281.9866666667</dst>
            <dst id="NYCMng">66207.1626666667</dst>
            <dst id="SNVAng">1970.69333333333</dst>
            <dst id="STTLng">24271.2533333333</dst>
            <dst id="WASHng">65343.0346666667</dst>
        </src>
        <src id="SNVAng">
            <dst id="ATLA-M5">0</dst>
            <dst id="ATLAng">80</dst>
            <dst id="CHINng">168.304</dst>
            <dst id="DNVRng">5754.93866666667</dst>
            <dst id="HSTNng">53.3333333333333</dst>
            <dst id="IPLSng">567.066666666667</dst>
            <dst id="KSCYng">19327.9226666667</dst>
            <dst id="LOSAng">36102.272</dst>
            <dst id="NYCMng">8251.904</dst>
            <dst id="SNVAng">8790.93333333333</dst>
            <dst id="STTLng">22013.3306666667</dst>
            <dst id="WASHng">142.237333333333</dst>
        </src>
        <src id="STTLng">
            <dst id="ATLA-M5">49.5946666666667</dst>
            <dst id="ATLAng">9776.72533333333</dst>
            <dst id="CHINng">13024.5653333333</dst>
            <dst id="DNVRng">1405.336</dst>
            <dst id="HSTNng">4536.22933333333</dst>
            <dst id="IPLSng">3933.98133333333</dst>
            <dst id="KSCYng">2283.456</dst>
            <dst id="LOSAng">15362.1706666667</dst>
            <dst id="NYCMng">7450.48266666667</dst>
            <dst id="SNVAng">2715.44533333333</dst>
            <dst id="STTLng">8386.84266666667</dst>
            <dst id="WASHng">4302.90933333333</dst>
        </src>
        <src id="WASHng">
            <dst id="ATLA-M5">1084.44533333333</dst>
            <dst id="ATLAng">108562.344</dst>
            <dst id="CHINng">81637.624</dst>
            <dst id="DNVRng">72477.448</dst>
            <dst id="HSTNng">26736.192</dst>
            <dst id="IPLSng">47779.92</dst>
            <dst id="KSCYng">10615.1893333333</dst>
            <dst id="LOSAng">135874.445333333</dst>
            <dst id="NYCMng">158715.282666667</dst>
            <dst id="SNVAng">6728.232</dst>
            <dst id="STTLng">31053.2053333333</dst>
            <dst id="WASHng">229456.752</dst>
        </src>
    </IntraTM>
</TrafficMatrixFile>
