<?xml version="1.0" encoding="ISO-8859-1" standalone="yes"?>
<TrafficMatrixFile xsi:noNamespaceSchemaLocation="http://totem.run.montefiore.ulg.ac.be/Schema/TrafficMatrix-v1_2.xsd" xmlns:xsi="http://www.w3.org/2001/XMLSchema-instance">
    <IntraTM ASID="11537">
        <src id="ATLA-M5">
            <dst id="ATLA-M5">80.3146666666667</dst>
            <dst id="ATLAng">1288.4</dst>
            <dst id="CHINng">420.794666666667</dst>
            <dst id="DNVRng">53.3333333333333</dst>
            <dst id="HSTNng">94.1466666666667</dst>
            <dst id="IPLSng">309.162666666667</dst>
            <dst id="KSCYng">112.650666666667</dst>
            <dst id="LOSAng">53.3333333333333</dst>
            <dst id="NYCMng">642.173333333333</dst>
            <dst id="SNVAng">0</dst>
            <dst id="STTLng">0</dst>
            <dst id="WASHng">1494.98133333333</dst>
        </src>
        <src id="ATLAng">
            <dst id="ATLA-M5">298.429333333333</dst>
            <dst id="ATLAng">51038.9893333333</dst>
            <dst id="CHINng">9565.69866666667</dst>
            <dst id="DNVRng">4889.24266666667</dst>
            <dst id="HSTNng">3644.99466666667</dst>
            <dst id="IPLSng">8223.54933333333</dst>
            <dst id="KSCYng">6209.96533333333</dst>
            <dst id="LOSAng">15956.6693333333</dst>
            <dst id="NYCMng">13841.2053333333</dst>
            <dst id="SNVAng">1659.26666666667</dst>
            <dst id="STTLng">5914.552</dst>
            <dst id="WASHng">61060.0826666667</dst>
        </src>
        <src id="CHINng">
            <dst id="ATLA-M5">2221.75733333333</dst>
            <dst id="ATLAng">31229.92</dst>
            <dst id="CHINng">134432.290666667</dst>
            <dst id="DNVRng">10742.5066666667</dst>
            <dst id="HSTNng">14439.264</dst>
            <dst id="IPLSng">45072.816</dst>
            <dst id="KSCYng">7994.33866666667</dst>
            <dst id="LOSAng">41349.1813333333</dst>
            <dst id="NYCMng">9926.21866666667</dst>
            <dst id="SNVAng">565.354666666667</dst>
            <dst id="STTLng">6030.16</dst>
            <dst id="WASHng">73158.056</dst>
        </src>
        <src id="DNVRng">
            <dst id="ATLA-M5">131.04</dst>
            <dst id="ATLAng">11357.0213333333</dst>
            <dst id="CHINng">61831.984</dst>
            <dst id="DNVRng">27664.5146666667</dst>
            <dst id="HSTNng">24358.6613333333</dst>
            <dst id="IPLSng">28485.848</dst>
            <dst id="KSCYng">32989.2906666667</dst>
            <dst id="LOSAng">7870.84533333333</dst>
            <dst id="NYCMng">18703.9893333333</dst>
            <dst id="SNVAng">15691.5413333333</dst>
            <dst id="STTLng">15662.9306666667</dst>
            <dst id="WASHng">44465.6746666667</dst>
        </src>
        <src id="HSTNng">
            <dst id="ATLA-M5">599.901333333333</dst>
            <dst id="ATLAng">9923.26933333334</dst>
            <dst id="CHINng">18324.7626666667</dst>
            <dst id="DNVRng">1258.70933333333</dst>
            <dst id="HSTNng">9041.98666666667</dst>
            <dst id="IPLSng">1293.096</dst>
            <dst id="KSCYng">4833.37866666667</dst>
            <dst id="LOSAng">9477.888</dst>
            <dst id="NYCMng">3849.6</dst>
            <dst id="SNVAng">78.552</dst>
            <dst id="STTLng">2156.328</dst>
            <dst id="WASHng">5346.872</dst>
        </src>
        <src id="IPLSng">
            <dst id="ATLA-M5">184.277333333333</dst>
            <dst id="ATLAng">27716.432</dst>
            <dst id="CHINng">93123.0746666667</dst>
            <dst id="DNVRng">11484.7226666667</dst>
            <dst id="HSTNng">4596.024</dst>
            <dst id="IPLSng">30829.032</dst>
            <dst id="KSCYng">8480.912</dst>
            <dst id="LOSAng">21389.2373333333</dst>
            <dst id="NYCMng">23423.2026666667</dst>
            <dst id="SNVAng">1243.51466666667</dst>
            <dst id="STTLng">6345.112</dst>
            <dst id="WASHng">23234.6426666667</dst>
        </src>
        <src id="KSCYng">
            <dst id="ATLA-M5">329.469333333333</dst>
            <dst id="ATLAng">5254.92</dst>
            <dst id="CHINng">34102.6</dst>
            <dst id="DNVRng">9368.26666666667</dst>
            <dst id="HSTNng">3402.312</dst>
            <dst id="IPLSng">20677.5653333333</dst>
            <dst id="KSCYng">17037.5866666667</dst>
            <dst id="LOSAng">32557.6986666667</dst>
            <dst id="NYCMng">5344.57333333333</dst>
            <dst id="SNVAng">211.994666666667</dst>
            <dst id="STTLng">1123.63466666667</dst>
            <dst id="WASHng">14997.7493333333</dst>
        </src>
        <src id="LOSAng">
            <dst id="ATLA-M5">682.925333333333</dst>
            <dst id="ATLAng">24583.208</dst>
            <dst id="CHINng">152813.146666667</dst>
            <dst id="DNVRng">8647.92</dst>
            <dst id="HSTNng">9593.09066666667</dst>
            <dst id="IPLSng">52068.6746666667</dst>
            <dst id="KSCYng">10379.3786666667</dst>
            <dst id="LOSAng">14223.4906666667</dst>
            <dst id="NYCMng">59882.9173333333</dst>
            <dst id="SNVAng">13284.5466666667</dst>
            <dst id="STTLng">43190.4453333333</dst>
            <dst id="WASHng">111287.861333333</dst>
        </src>
        <src id="NYCMng">
            <dst id="ATLA-M5">921.408</dst>
            <dst id="ATLAng">54097.2506666667</dst>
            <dst id="CHINng">93706.3226666667</dst>
            <dst id="DNVRng">25663.8533333333</dst>
            <dst id="HSTNng">9380.472</dst>
            <dst id="IPLSng">47638.6906666666</dst>
            <dst id="KSCYng">15745.1733333333</dst>
            <dst id="LOSAng">56214.1866666667</dst>
            <dst id="NYCMng">114443.717333333</dst>
            <dst id="SNVAng">1840.51466666667</dst>
            <dst id="STTLng">18565.0933333333</dst>
            <dst id="WASHng">83789.7733333333</dst>
        </src>
        <src id="SNVAng">
            <dst id="ATLA-M5">45.32</dst>
            <dst id="ATLAng">249.037333333333</dst>
            <dst id="CHINng">358.581333333333</dst>
            <dst id="DNVRng">5849.2</dst>
            <dst id="HSTNng">121.002666666667</dst>
            <dst id="IPLSng">15891.4826666667</dst>
            <dst id="KSCYng">137.152</dst>
            <dst id="LOSAng">27043.3093333333</dst>
            <dst id="NYCMng">4828.32266666667</dst>
            <dst id="SNVAng">11165.096</dst>
            <dst id="STTLng">23549.256</dst>
            <dst id="WASHng">304.034666666667</dst>
        </src>
        <src id="STTLng">
            <dst id="ATLA-M5">348.178666666667</dst>
            <dst id="ATLAng">14110.8373333333</dst>
            <dst id="CHINng">33561.528</dst>
            <dst id="DNVRng">9375.944</dst>
            <dst id="HSTNng">3062.64266666667</dst>
            <dst id="IPLSng">12663.456</dst>
            <dst id="KSCYng">2334.33333333333</dst>
            <dst id="LOSAng">20200.92</dst>
            <dst id="NYCMng">10821.656</dst>
            <dst id="SNVAng">4932.728</dst>
            <dst id="STTLng">9260.48266666667</dst>
            <dst id="WASHng">16678.9893333333</dst>
        </src>
        <src id="WASHng">
            <dst id="ATLA-M5">1361.78933333333</dst>
            <dst id="ATLAng">94215.5786666666</dst>
            <dst id="CHINng">124260.677333333</dst>
            <dst id="DNVRng">46739.0693333333</dst>
            <dst id="HSTNng">28746.3386666667</dst>
            <dst id="IPLSng">67425.5333333333</dst>
            <dst id="KSCYng">30767.1306666667</dst>
            <dst id="LOSAng">101551.4</dst>
            <dst id="NYCMng">178666.162666667</dst>
            <dst id="SNVAng">4976.04533333333</dst>
            <dst id="STTLng">66407.9333333333</dst>
            <dst id="WASHng">304101.6</dst>
        </src>
    </IntraTM>
</TrafficMatrixFile>
