<?xml version="1.0" encoding="ISO-8859-1" standalone="yes"?>
<TrafficMatrixFile xsi:noNamespaceSchemaLocation="http://totem.run.montefiore.ulg.ac.be/Schema/TrafficMatrix-v1_2.xsd" xmlns:xsi="http://www.w3.org/2001/XMLSchema-instance">
    <IntraTM ASID="11537">
        <src id="ATLA-M5">
            <dst id="ATLA-M5">0</dst>
            <dst id="ATLAng">53.3333333333333</dst>
            <dst id="CHINng">1623.968</dst>
            <dst id="DNVRng">71.7546666666667</dst>
            <dst id="HSTNng">3916.01333333333</dst>
            <dst id="IPLSng">74.416</dst>
            <dst id="KSCYng">794.674666666666</dst>
            <dst id="LOSAng">243.162666666667</dst>
            <dst id="NYCMng">53.3333333333333</dst>
            <dst id="SNVAng">0</dst>
            <dst id="STTLng">0</dst>
            <dst id="WASHng">1503.592</dst>
        </src>
        <src id="ATLAng">
            <dst id="ATLA-M5">507.021333333333</dst>
            <dst id="ATLAng">40593.4133333333</dst>
            <dst id="CHINng">4875.10133333333</dst>
            <dst id="DNVRng">4347.14933333333</dst>
            <dst id="HSTNng">726.245333333333</dst>
            <dst id="IPLSng">10762.3546666667</dst>
            <dst id="KSCYng">526.301333333333</dst>
            <dst id="LOSAng">14665.0933333333</dst>
            <dst id="NYCMng">6609.58666666667</dst>
            <dst id="SNVAng">154.810666666667</dst>
            <dst id="STTLng">4220.98133333333</dst>
            <dst id="WASHng">20642.056</dst>
        </src>
        <src id="CHINng">
            <dst id="ATLA-M5">268.824</dst>
            <dst id="ATLAng">28567.3093333333</dst>
            <dst id="CHINng">176063.725333333</dst>
            <dst id="DNVRng">16645.6586666667</dst>
            <dst id="HSTNng">5170.10933333333</dst>
            <dst id="IPLSng">72652.0853333333</dst>
            <dst id="KSCYng">11426.1226666667</dst>
            <dst id="LOSAng">67862.472</dst>
            <dst id="NYCMng">8979.45333333333</dst>
            <dst id="SNVAng">1194.744</dst>
            <dst id="STTLng">4980.17866666667</dst>
            <dst id="WASHng">23673.5786666667</dst>
        </src>
        <src id="DNVRng">
            <dst id="ATLA-M5">200.213333333333</dst>
            <dst id="ATLAng">11335.8693333333</dst>
            <dst id="CHINng">38345.168</dst>
            <dst id="DNVRng">25116.2293333333</dst>
            <dst id="HSTNng">21837.568</dst>
            <dst id="IPLSng">17728.872</dst>
            <dst id="KSCYng">20895.8533333333</dst>
            <dst id="LOSAng">10784.5626666667</dst>
            <dst id="NYCMng">27695.2746666667</dst>
            <dst id="SNVAng">13095.0293333333</dst>
            <dst id="STTLng">13765.2613333333</dst>
            <dst id="WASHng">37611.8666666667</dst>
        </src>
        <src id="HSTNng">
            <dst id="ATLA-M5">3028.94933333333</dst>
            <dst id="ATLAng">3505.544</dst>
            <dst id="CHINng">9490.272</dst>
            <dst id="DNVRng">2423.74133333333</dst>
            <dst id="HSTNng">3768.92533333333</dst>
            <dst id="IPLSng">438.445333333333</dst>
            <dst id="KSCYng">1088.68533333333</dst>
            <dst id="LOSAng">14759.8586666667</dst>
            <dst id="NYCMng">4243.90933333333</dst>
            <dst id="SNVAng">0</dst>
            <dst id="STTLng">1656.81866666667</dst>
            <dst id="WASHng">10133.9733333333</dst>
        </src>
        <src id="IPLSng">
            <dst id="ATLA-M5">54.4106666666667</dst>
            <dst id="ATLAng">16116.168</dst>
            <dst id="CHINng">54392.9386666667</dst>
            <dst id="DNVRng">4540.61866666667</dst>
            <dst id="HSTNng">1028.65333333333</dst>
            <dst id="IPLSng">60903.712</dst>
            <dst id="KSCYng">3175.872</dst>
            <dst id="LOSAng">72804.904</dst>
            <dst id="NYCMng">18681.2906666667</dst>
            <dst id="SNVAng">1532.04533333333</dst>
            <dst id="STTLng">11998.768</dst>
            <dst id="WASHng">21156.472</dst>
        </src>
        <src id="KSCYng">
            <dst id="ATLA-M5">220.968</dst>
            <dst id="ATLAng">2220.84266666667</dst>
            <dst id="CHINng">29255.6026666667</dst>
            <dst id="DNVRng">14170.336</dst>
            <dst id="HSTNng">6744.32</dst>
            <dst id="IPLSng">11488.56</dst>
            <dst id="KSCYng">7052.76266666667</dst>
            <dst id="LOSAng">10665.2693333333</dst>
            <dst id="NYCMng">3022.976</dst>
            <dst id="SNVAng">107.757333333333</dst>
            <dst id="STTLng">2900.688</dst>
            <dst id="WASHng">6088.78666666667</dst>
        </src>
        <src id="LOSAng">
            <dst id="ATLA-M5">178.650666666667</dst>
            <dst id="ATLAng">40199.3253333333</dst>
            <dst id="CHINng">107608.92</dst>
            <dst id="DNVRng">10542.7973333333</dst>
            <dst id="HSTNng">9945.24533333333</dst>
            <dst id="IPLSng">44905.8906666667</dst>
            <dst id="KSCYng">8211.384</dst>
            <dst id="LOSAng">22489.5493333333</dst>
            <dst id="NYCMng">93823.08</dst>
            <dst id="SNVAng">11622.68</dst>
            <dst id="STTLng">57845.336</dst>
            <dst id="WASHng">91451.424</dst>
        </src>
        <src id="NYCMng">
            <dst id="ATLA-M5">221.968</dst>
            <dst id="ATLAng">37957.0826666667</dst>
            <dst id="CHINng">57622.4613333333</dst>
            <dst id="DNVRng">118192.269333333</dst>
            <dst id="HSTNng">11792.0426666667</dst>
            <dst id="IPLSng">38459.2346666667</dst>
            <dst id="KSCYng">8462.46133333333</dst>
            <dst id="LOSAng">92554.208</dst>
            <dst id="NYCMng">75785.3866666667</dst>
            <dst id="SNVAng">916.194666666667</dst>
            <dst id="STTLng">33237.568</dst>
            <dst id="WASHng">58101.2506666667</dst>
        </src>
        <src id="SNVAng">
            <dst id="ATLA-M5">0</dst>
            <dst id="ATLAng">128.362666666667</dst>
            <dst id="CHINng">630.093333333333</dst>
            <dst id="DNVRng">12383.0213333333</dst>
            <dst id="HSTNng">120.576</dst>
            <dst id="IPLSng">311.24</dst>
            <dst id="KSCYng">17833.096</dst>
            <dst id="LOSAng">35629.5466666667</dst>
            <dst id="NYCMng">197.781333333333</dst>
            <dst id="SNVAng">9235.872</dst>
            <dst id="STTLng">26876.6133333333</dst>
            <dst id="WASHng">134.496</dst>
        </src>
        <src id="STTLng">
            <dst id="ATLA-M5">0</dst>
            <dst id="ATLAng">10420.9386666667</dst>
            <dst id="CHINng">13421.6453333333</dst>
            <dst id="DNVRng">3093.784</dst>
            <dst id="HSTNng">2118.00533333333</dst>
            <dst id="IPLSng">7282.35733333333</dst>
            <dst id="KSCYng">5316.48533333333</dst>
            <dst id="LOSAng">31693.1413333333</dst>
            <dst id="NYCMng">8720.12266666667</dst>
            <dst id="SNVAng">3076.50133333333</dst>
            <dst id="STTLng">4095.19733333333</dst>
            <dst id="WASHng">7267.568</dst>
        </src>
        <src id="WASHng">
            <dst id="ATLA-M5">1102.53066666667</dst>
            <dst id="ATLAng">76375.52</dst>
            <dst id="CHINng">73815.344</dst>
            <dst id="DNVRng">54856.2133333333</dst>
            <dst id="HSTNng">28205.6053333333</dst>
            <dst id="IPLSng">69270.4773333333</dst>
            <dst id="KSCYng">20598.944</dst>
            <dst id="LOSAng">140291.581333333</dst>
            <dst id="NYCMng">166675.325333333</dst>
            <dst id="SNVAng">4420.728</dst>
            <dst id="STTLng">37054.8346666667</dst>
            <dst id="WASHng">191828.138666667</dst>
        </src>
    </IntraTM>
</TrafficMatrixFile>
