<?xml version="1.0" encoding="ISO-8859-1" standalone="yes"?>
<TrafficMatrixFile xsi:noNamespaceSchemaLocation="http://totem.run.montefiore.ulg.ac.be/Schema/TrafficMatrix-v1_2.xsd" xmlns:xsi="http://www.w3.org/2001/XMLSchema-instance">
    <IntraTM ASID="11537">
        <src id="ATLA-M5">
            <dst id="ATLA-M5">26.6666666666667</dst>
            <dst id="ATLAng">118.178666666667</dst>
            <dst id="CHINng">2008.75733333333</dst>
            <dst id="DNVRng">0</dst>
            <dst id="HSTNng">119.778666666667</dst>
            <dst id="IPLSng">1488.15733333333</dst>
            <dst id="KSCYng">2336.88</dst>
            <dst id="LOSAng">1562.70133333333</dst>
            <dst id="NYCMng">26.6666666666667</dst>
            <dst id="SNVAng">0</dst>
            <dst id="STTLng">549.141333333333</dst>
            <dst id="WASHng">583.413333333333</dst>
        </src>
        <src id="ATLAng">
            <dst id="ATLA-M5">97.496</dst>
            <dst id="ATLAng">48633.184</dst>
            <dst id="CHINng">6002.17066666667</dst>
            <dst id="DNVRng">5318.25333333333</dst>
            <dst id="HSTNng">250.405333333333</dst>
            <dst id="IPLSng">14674.7386666667</dst>
            <dst id="KSCYng">1560.944</dst>
            <dst id="LOSAng">16036.7253333333</dst>
            <dst id="NYCMng">5080.30933333333</dst>
            <dst id="SNVAng">540.496</dst>
            <dst id="STTLng">5018.536</dst>
            <dst id="WASHng">23086.5333333333</dst>
        </src>
        <src id="CHINng">
            <dst id="ATLA-M5">328.965333333333</dst>
            <dst id="ATLAng">25829.2773333333</dst>
            <dst id="CHINng">184584.248</dst>
            <dst id="DNVRng">15178.6266666667</dst>
            <dst id="HSTNng">6463.28533333333</dst>
            <dst id="IPLSng">59971.0506666667</dst>
            <dst id="KSCYng">7274.376</dst>
            <dst id="LOSAng">47666.6773333333</dst>
            <dst id="NYCMng">17996.6613333333</dst>
            <dst id="SNVAng">484.4</dst>
            <dst id="STTLng">6642.46933333333</dst>
            <dst id="WASHng">18907.752</dst>
        </src>
        <src id="DNVRng">
            <dst id="ATLA-M5">92</dst>
            <dst id="ATLAng">12698.7626666667</dst>
            <dst id="CHINng">43588.2106666667</dst>
            <dst id="DNVRng">9215.056</dst>
            <dst id="HSTNng">33435.2293333333</dst>
            <dst id="IPLSng">30722.7413333333</dst>
            <dst id="KSCYng">22507.9013333333</dst>
            <dst id="LOSAng">6055.56</dst>
            <dst id="NYCMng">9839.48533333334</dst>
            <dst id="SNVAng">17109.0933333333</dst>
            <dst id="STTLng">19563.3893333333</dst>
            <dst id="WASHng">40989.3973333333</dst>
        </src>
        <src id="HSTNng">
            <dst id="ATLA-M5">3389.39466666667</dst>
            <dst id="ATLAng">2432.02933333333</dst>
            <dst id="CHINng">13279.432</dst>
            <dst id="DNVRng">2722.824</dst>
            <dst id="HSTNng">3315.696</dst>
            <dst id="IPLSng">821.973333333333</dst>
            <dst id="KSCYng">2445.52533333333</dst>
            <dst id="LOSAng">16328.9333333333</dst>
            <dst id="NYCMng">1402.86666666667</dst>
            <dst id="SNVAng">0</dst>
            <dst id="STTLng">1527.24533333333</dst>
            <dst id="WASHng">5707.112</dst>
        </src>
        <src id="IPLSng">
            <dst id="ATLA-M5">88.936</dst>
            <dst id="ATLAng">10639.2746666667</dst>
            <dst id="CHINng">54191.1253333333</dst>
            <dst id="DNVRng">6150.21333333333</dst>
            <dst id="HSTNng">2137.12533333333</dst>
            <dst id="IPLSng">24012.784</dst>
            <dst id="KSCYng">5285.304</dst>
            <dst id="LOSAng">54369.1893333333</dst>
            <dst id="NYCMng">24635.7706666667</dst>
            <dst id="SNVAng">667.533333333333</dst>
            <dst id="STTLng">16734.1013333333</dst>
            <dst id="WASHng">17190.3893333333</dst>
        </src>
        <src id="KSCYng">
            <dst id="ATLA-M5">405.258666666667</dst>
            <dst id="ATLAng">6693.15733333333</dst>
            <dst id="CHINng">27568.5573333333</dst>
            <dst id="DNVRng">11322.8373333333</dst>
            <dst id="HSTNng">4269.13333333333</dst>
            <dst id="IPLSng">12316.6906666667</dst>
            <dst id="KSCYng">9412.17066666667</dst>
            <dst id="LOSAng">6523.38133333333</dst>
            <dst id="NYCMng">4067.528</dst>
            <dst id="SNVAng">1016.51466666667</dst>
            <dst id="STTLng">2910.35733333333</dst>
            <dst id="WASHng">9566.19733333334</dst>
        </src>
        <src id="LOSAng">
            <dst id="ATLA-M5">141.12</dst>
            <dst id="ATLAng">20130.376</dst>
            <dst id="CHINng">89943.3973333333</dst>
            <dst id="DNVRng">9527.528</dst>
            <dst id="HSTNng">18243.448</dst>
            <dst id="IPLSng">61587.0693333333</dst>
            <dst id="KSCYng">6271.4</dst>
            <dst id="LOSAng">13740.408</dst>
            <dst id="NYCMng">94115.7306666667</dst>
            <dst id="SNVAng">9611.696</dst>
            <dst id="STTLng">54644.04</dst>
            <dst id="WASHng">98824.8533333333</dst>
        </src>
        <src id="NYCMng">
            <dst id="ATLA-M5">232.432</dst>
            <dst id="ATLAng">38880.3306666667</dst>
            <dst id="CHINng">37487.16</dst>
            <dst id="DNVRng">114077.122666667</dst>
            <dst id="HSTNng">15435.904</dst>
            <dst id="IPLSng">39332.6293333333</dst>
            <dst id="KSCYng">10585.456</dst>
            <dst id="LOSAng">105646.546666667</dst>
            <dst id="NYCMng">75074.6986666667</dst>
            <dst id="SNVAng">1157.136</dst>
            <dst id="STTLng">28199.48</dst>
            <dst id="WASHng">63405.4933333333</dst>
        </src>
        <src id="SNVAng">
            <dst id="ATLA-M5">0</dst>
            <dst id="ATLAng">27.232</dst>
            <dst id="CHINng">213.333333333333</dst>
            <dst id="DNVRng">6793.056</dst>
            <dst id="HSTNng">242.581333333333</dst>
            <dst id="IPLSng">403.285333333333</dst>
            <dst id="KSCYng">15596.2106666667</dst>
            <dst id="LOSAng">42710.544</dst>
            <dst id="NYCMng">333.261333333333</dst>
            <dst id="SNVAng">10404.8213333333</dst>
            <dst id="STTLng">22616.0026666667</dst>
            <dst id="WASHng">26.6666666666667</dst>
        </src>
        <src id="STTLng">
            <dst id="ATLA-M5">53.3333333333333</dst>
            <dst id="ATLAng">9779.56266666667</dst>
            <dst id="CHINng">12753.2346666667</dst>
            <dst id="DNVRng">4241.12533333333</dst>
            <dst id="HSTNng">3603.08</dst>
            <dst id="IPLSng">4998.07733333333</dst>
            <dst id="KSCYng">2358.86933333333</dst>
            <dst id="LOSAng">25927.4213333333</dst>
            <dst id="NYCMng">8731.68533333333</dst>
            <dst id="SNVAng">3847.29066666667</dst>
            <dst id="STTLng">4868.38666666667</dst>
            <dst id="WASHng">8406.904</dst>
        </src>
        <src id="WASHng">
            <dst id="ATLA-M5">966.285333333334</dst>
            <dst id="ATLAng">129668.482666667</dst>
            <dst id="CHINng">85848.96</dst>
            <dst id="DNVRng">51353.1066666667</dst>
            <dst id="HSTNng">34859.832</dst>
            <dst id="IPLSng">45246.7386666667</dst>
            <dst id="KSCYng">17191.8586666667</dst>
            <dst id="LOSAng">130671.445333333</dst>
            <dst id="NYCMng">157284.021333333</dst>
            <dst id="SNVAng">7191.78933333333</dst>
            <dst id="STTLng">36115.2773333333</dst>
            <dst id="WASHng">239361.434666667</dst>
        </src>
    </IntraTM>
</TrafficMatrixFile>
