<?xml version="1.0" encoding="ISO-8859-1" standalone="yes"?>
<TrafficMatrixFile xsi:noNamespaceSchemaLocation="http://totem.run.montefiore.ulg.ac.be/Schema/TrafficMatrix-v1_2.xsd" xmlns:xsi="http://www.w3.org/2001/XMLSchema-instance">
    <IntraTM ASID="11537">
        <src id="ATLA-M5">
            <dst id="ATLA-M5">361.282666666667</dst>
            <dst id="ATLAng">243.888</dst>
            <dst id="CHINng">520.754666666667</dst>
            <dst id="DNVRng">53.3333333333333</dst>
            <dst id="HSTNng">180.224</dst>
            <dst id="IPLSng">729.224</dst>
            <dst id="KSCYng">95.5386666666667</dst>
            <dst id="LOSAng">204.597333333333</dst>
            <dst id="NYCMng">1083.82666666667</dst>
            <dst id="SNVAng">26.6666666666667</dst>
            <dst id="STTLng">548.032</dst>
            <dst id="WASHng">2190.536</dst>
        </src>
        <src id="ATLAng">
            <dst id="ATLA-M5">363.938666666667</dst>
            <dst id="ATLAng">46364.856</dst>
            <dst id="CHINng">18620.432</dst>
            <dst id="DNVRng">12891.52</dst>
            <dst id="HSTNng">9703.71733333333</dst>
            <dst id="IPLSng">14549.4</dst>
            <dst id="KSCYng">9633.53066666667</dst>
            <dst id="LOSAng">13416.892</dst>
            <dst id="NYCMng">12300.9013333333</dst>
            <dst id="SNVAng">2071.63333333333</dst>
            <dst id="STTLng">6664.536</dst>
            <dst id="WASHng">63324.544</dst>
        </src>
        <src id="CHINng">
            <dst id="ATLA-M5">509.397333333333</dst>
            <dst id="ATLAng">29883.712</dst>
            <dst id="CHINng">113239.664</dst>
            <dst id="DNVRng">13172.9333333333</dst>
            <dst id="HSTNng">6111.52</dst>
            <dst id="IPLSng">41823.5813333333</dst>
            <dst id="KSCYng">7973.54133333334</dst>
            <dst id="LOSAng">49536.5706666667</dst>
            <dst id="NYCMng">9406.00533333333</dst>
            <dst id="SNVAng">3657.09333333333</dst>
            <dst id="STTLng">12132.0746666667</dst>
            <dst id="WASHng">21454.2933333333</dst>
        </src>
        <src id="DNVRng">
            <dst id="ATLA-M5">466.304</dst>
            <dst id="ATLAng">32443.192</dst>
            <dst id="CHINng">45686.1786666667</dst>
            <dst id="DNVRng">9780.61066666667</dst>
            <dst id="HSTNng">21629.8826666667</dst>
            <dst id="IPLSng">32504.016</dst>
            <dst id="KSCYng">19987.9093333333</dst>
            <dst id="LOSAng">9329.70933333333</dst>
            <dst id="NYCMng">12233.464</dst>
            <dst id="SNVAng">10283.464</dst>
            <dst id="STTLng">25773.92</dst>
            <dst id="WASHng">40521.1546666667</dst>
        </src>
        <src id="HSTNng">
            <dst id="ATLA-M5">4365.816</dst>
            <dst id="ATLAng">5013.85066666667</dst>
            <dst id="CHINng">17055.2453333333</dst>
            <dst id="DNVRng">10223.4613333333</dst>
            <dst id="HSTNng">10174.2186666667</dst>
            <dst id="IPLSng">3799.03733333333</dst>
            <dst id="KSCYng">1832.776</dst>
            <dst id="LOSAng">11975.2773333333</dst>
            <dst id="NYCMng">5797.81066666667</dst>
            <dst id="SNVAng">219.165333333333</dst>
            <dst id="STTLng">2369.67466666667</dst>
            <dst id="WASHng">11237.776</dst>
        </src>
        <src id="IPLSng">
            <dst id="ATLA-M5">1349.80266666667</dst>
            <dst id="ATLAng">21040.016</dst>
            <dst id="CHINng">81115.0746666667</dst>
            <dst id="DNVRng">8012.75733333333</dst>
            <dst id="HSTNng">10395.608</dst>
            <dst id="IPLSng">48907.6746666667</dst>
            <dst id="KSCYng">7947.768</dst>
            <dst id="LOSAng">61405.5386666667</dst>
            <dst id="NYCMng">34328.424</dst>
            <dst id="SNVAng">2710.22933333333</dst>
            <dst id="STTLng">17228.5253333333</dst>
            <dst id="WASHng">37970.9306666667</dst>
        </src>
        <src id="KSCYng">
            <dst id="ATLA-M5">988.722666666667</dst>
            <dst id="ATLAng">5472.66666666667</dst>
            <dst id="CHINng">28023.792</dst>
            <dst id="DNVRng">14734.4933333333</dst>
            <dst id="HSTNng">5403.568</dst>
            <dst id="IPLSng">13769.3573333333</dst>
            <dst id="KSCYng">6117.04266666667</dst>
            <dst id="LOSAng">8041.552</dst>
            <dst id="NYCMng">11212.5893333333</dst>
            <dst id="SNVAng">247.741333333333</dst>
            <dst id="STTLng">2182.21066666667</dst>
            <dst id="WASHng">12046.0026666667</dst>
        </src>
        <src id="LOSAng">
            <dst id="ATLA-M5">1916.17333333333</dst>
            <dst id="ATLAng">41643.3493333333</dst>
            <dst id="CHINng">114010.664</dst>
            <dst id="DNVRng">13428.1946666667</dst>
            <dst id="HSTNng">17715.7253333333</dst>
            <dst id="IPLSng">55454.3813333333</dst>
            <dst id="KSCYng">8889.14133333333</dst>
            <dst id="LOSAng">18006.2106666667</dst>
            <dst id="NYCMng">87033.1626666667</dst>
            <dst id="SNVAng">12419.1093333333</dst>
            <dst id="STTLng">78183.032</dst>
            <dst id="WASHng">130954.52</dst>
        </src>
        <src id="NYCMng">
            <dst id="ATLA-M5">5408.99733333333</dst>
            <dst id="ATLAng">76644.0373333333</dst>
            <dst id="CHINng">65483.1786666667</dst>
            <dst id="DNVRng">118127.586666667</dst>
            <dst id="HSTNng">14761.4506666667</dst>
            <dst id="IPLSng">57922.2</dst>
            <dst id="KSCYng">21824.336</dst>
            <dst id="LOSAng">88764.5653333333</dst>
            <dst id="NYCMng">130361.234666667</dst>
            <dst id="SNVAng">4534.36266666667</dst>
            <dst id="STTLng">25817.0533333333</dst>
            <dst id="WASHng">127091.6</dst>
        </src>
        <src id="SNVAng">
            <dst id="ATLA-M5">0</dst>
            <dst id="ATLAng">187.928</dst>
            <dst id="CHINng">3099.248</dst>
            <dst id="DNVRng">1668.06933333333</dst>
            <dst id="HSTNng">337.045333333333</dst>
            <dst id="IPLSng">5391.20266666667</dst>
            <dst id="KSCYng">183.330666666667</dst>
            <dst id="LOSAng">45187.9146666667</dst>
            <dst id="NYCMng">492.608</dst>
            <dst id="SNVAng">23277.64</dst>
            <dst id="STTLng">52735.1066666667</dst>
            <dst id="WASHng">811.269333333333</dst>
        </src>
        <src id="STTLng">
            <dst id="ATLA-M5">778.906666666666</dst>
            <dst id="ATLAng">16554.944</dst>
            <dst id="CHINng">27896.4693333333</dst>
            <dst id="DNVRng">5086.76266666667</dst>
            <dst id="HSTNng">4965.64533333333</dst>
            <dst id="IPLSng">16278.104</dst>
            <dst id="KSCYng">7519.03733333333</dst>
            <dst id="LOSAng">33383.1813333333</dst>
            <dst id="NYCMng">14328.9066666667</dst>
            <dst id="SNVAng">5936.68266666666</dst>
            <dst id="STTLng">5079.24266666667</dst>
            <dst id="WASHng">20863.3413333333</dst>
        </src>
        <src id="WASHng">
            <dst id="ATLA-M5">287.917333333333</dst>
            <dst id="ATLAng">146165.042666667</dst>
            <dst id="CHINng">104671.44</dst>
            <dst id="DNVRng">70338.6053333333</dst>
            <dst id="HSTNng">38270.9066666667</dst>
            <dst id="IPLSng">131006.533333333</dst>
            <dst id="KSCYng">32681.0266666667</dst>
            <dst id="LOSAng">121470.184</dst>
            <dst id="NYCMng">187521.317333333</dst>
            <dst id="SNVAng">6625.36533333333</dst>
            <dst id="STTLng">38936.5893333333</dst>
            <dst id="WASHng">286152.48</dst>
        </src>
    </IntraTM>
</TrafficMatrixFile>
