<?xml version="1.0" encoding="ISO-8859-1" standalone="yes"?>
<TrafficMatrixFile xsi:noNamespaceSchemaLocation="http://totem.run.montefiore.ulg.ac.be/Schema/TrafficMatrix-v1_2.xsd" xmlns:xsi="http://www.w3.org/2001/XMLSchema-instance">
    <IntraTM ASID="11537">
        <src id="ATLA-M5">
            <dst id="ATLA-M5">385.477333333333</dst>
            <dst id="ATLAng">311.861333333333</dst>
            <dst id="CHINng">528.205333333333</dst>
            <dst id="DNVRng">80</dst>
            <dst id="HSTNng">140.877333333333</dst>
            <dst id="IPLSng">259.093333333333</dst>
            <dst id="KSCYng">124.408</dst>
            <dst id="LOSAng">209.376</dst>
            <dst id="NYCMng">136.074666666667</dst>
            <dst id="SNVAng">13.3333333333333</dst>
            <dst id="STTLng">26.6666666666667</dst>
            <dst id="WASHng">298.413333333333</dst>
        </src>
        <src id="ATLAng">
            <dst id="ATLA-M5">210.386666666667</dst>
            <dst id="ATLAng">52391.384</dst>
            <dst id="CHINng">13025.952</dst>
            <dst id="DNVRng">10192.456</dst>
            <dst id="HSTNng">2356.48266666667</dst>
            <dst id="IPLSng">19097.8613333333</dst>
            <dst id="KSCYng">2202.70666666667</dst>
            <dst id="LOSAng">13291.6066666667</dst>
            <dst id="NYCMng">14922.048</dst>
            <dst id="SNVAng">1528.97466666667</dst>
            <dst id="STTLng">4972.81066666667</dst>
            <dst id="WASHng">62196.6906666666</dst>
        </src>
        <src id="CHINng">
            <dst id="ATLA-M5">1035.76266666667</dst>
            <dst id="ATLAng">25525.2106666667</dst>
            <dst id="CHINng">130123.048</dst>
            <dst id="DNVRng">12550.448</dst>
            <dst id="HSTNng">11315.9973333333</dst>
            <dst id="IPLSng">35131.432</dst>
            <dst id="KSCYng">9886.02133333333</dst>
            <dst id="LOSAng">40375.848</dst>
            <dst id="NYCMng">14659.1546666667</dst>
            <dst id="SNVAng">1111.30933333333</dst>
            <dst id="STTLng">7704.28533333333</dst>
            <dst id="WASHng">31156.3226666667</dst>
        </src>
        <src id="DNVRng">
            <dst id="ATLA-M5">90.8693333333333</dst>
            <dst id="ATLAng">7510.64266666667</dst>
            <dst id="CHINng">50603.5653333333</dst>
            <dst id="DNVRng">13568.912</dst>
            <dst id="HSTNng">27195.0133333333</dst>
            <dst id="IPLSng">30303.224</dst>
            <dst id="KSCYng">19657.1546666667</dst>
            <dst id="LOSAng">10858.3493333333</dst>
            <dst id="NYCMng">17887.0133333333</dst>
            <dst id="SNVAng">45582.7173333333</dst>
            <dst id="STTLng">14987.7626666667</dst>
            <dst id="WASHng">50536.024</dst>
        </src>
        <src id="HSTNng">
            <dst id="ATLA-M5">1437.29333333333</dst>
            <dst id="ATLAng">4740.70933333333</dst>
            <dst id="CHINng">43111.6613333333</dst>
            <dst id="DNVRng">9898.088</dst>
            <dst id="HSTNng">6451.16266666667</dst>
            <dst id="IPLSng">4654.06133333333</dst>
            <dst id="KSCYng">7317.74666666667</dst>
            <dst id="LOSAng">8213.624</dst>
            <dst id="NYCMng">2449.02133333333</dst>
            <dst id="SNVAng">275.549333333333</dst>
            <dst id="STTLng">2329.624</dst>
            <dst id="WASHng">8753.032</dst>
        </src>
        <src id="IPLSng">
            <dst id="ATLA-M5">262.965333333333</dst>
            <dst id="ATLAng">38857.792</dst>
            <dst id="CHINng">113115.504</dst>
            <dst id="DNVRng">16180.2906666667</dst>
            <dst id="HSTNng">5168.864</dst>
            <dst id="IPLSng">41753.9866666667</dst>
            <dst id="KSCYng">8728.592</dst>
            <dst id="LOSAng">35426.6133333333</dst>
            <dst id="NYCMng">41357.0346666667</dst>
            <dst id="SNVAng">855.757333333333</dst>
            <dst id="STTLng">9473.20533333334</dst>
            <dst id="WASHng">22810.7306666667</dst>
        </src>
        <src id="KSCYng">
            <dst id="ATLA-M5">26.6666666666667</dst>
            <dst id="ATLAng">2949.06666666667</dst>
            <dst id="CHINng">22024.184</dst>
            <dst id="DNVRng">13099.448</dst>
            <dst id="HSTNng">5129.29866666667</dst>
            <dst id="IPLSng">24526.0746666667</dst>
            <dst id="KSCYng">8975.00533333333</dst>
            <dst id="LOSAng">9000.14933333333</dst>
            <dst id="NYCMng">2783.76533333333</dst>
            <dst id="SNVAng">252.642666666667</dst>
            <dst id="STTLng">2138.63466666667</dst>
            <dst id="WASHng">11662.9146666667</dst>
        </src>
        <src id="LOSAng">
            <dst id="ATLA-M5">684.509333333333</dst>
            <dst id="ATLAng">22396.5253333333</dst>
            <dst id="CHINng">167367.690666667</dst>
            <dst id="DNVRng">29983.3653333333</dst>
            <dst id="HSTNng">8942.856</dst>
            <dst id="IPLSng">41978.872</dst>
            <dst id="KSCYng">16482.864</dst>
            <dst id="LOSAng">13705.7866666667</dst>
            <dst id="NYCMng">64649.3813333333</dst>
            <dst id="SNVAng">17095.8693333333</dst>
            <dst id="STTLng">38977.9573333333</dst>
            <dst id="WASHng">114905.157333333</dst>
        </src>
        <src id="NYCMng">
            <dst id="ATLA-M5">304.034666666667</dst>
            <dst id="ATLAng">67296.9226666667</dst>
            <dst id="CHINng">62748.9626666667</dst>
            <dst id="DNVRng">33856.4906666667</dst>
            <dst id="HSTNng">15649.072</dst>
            <dst id="IPLSng">63331.8693333333</dst>
            <dst id="KSCYng">26848.1786666667</dst>
            <dst id="LOSAng">54717.288</dst>
            <dst id="NYCMng">156535.952</dst>
            <dst id="SNVAng">2987.36266666667</dst>
            <dst id="STTLng">26357.184</dst>
            <dst id="WASHng">92622.7573333333</dst>
        </src>
        <src id="SNVAng">
            <dst id="ATLA-M5">0</dst>
            <dst id="ATLAng">452.24</dst>
            <dst id="CHINng">3377.552</dst>
            <dst id="DNVRng">24347.5813333333</dst>
            <dst id="HSTNng">53.3333333333333</dst>
            <dst id="IPLSng">9783.39466666667</dst>
            <dst id="KSCYng">300.666666666667</dst>
            <dst id="LOSAng">30454.7893333333</dst>
            <dst id="NYCMng">2349.06666666667</dst>
            <dst id="SNVAng">11982.5893333333</dst>
            <dst id="STTLng">26099.8453333333</dst>
            <dst id="WASHng">242.616</dst>
        </src>
        <src id="STTLng">
            <dst id="ATLA-M5">280.272</dst>
            <dst id="ATLAng">17544.272</dst>
            <dst id="CHINng">35338.8533333333</dst>
            <dst id="DNVRng">3109.61333333333</dst>
            <dst id="HSTNng">3820.32266666667</dst>
            <dst id="IPLSng">10402.7946666667</dst>
            <dst id="KSCYng">5034.79733333333</dst>
            <dst id="LOSAng">27603.136</dst>
            <dst id="NYCMng">15219.2693333333</dst>
            <dst id="SNVAng">6308.98933333333</dst>
            <dst id="STTLng">6177.33333333333</dst>
            <dst id="WASHng">23983.984</dst>
        </src>
        <src id="WASHng">
            <dst id="ATLA-M5">648.962666666667</dst>
            <dst id="ATLAng">121844.205333333</dst>
            <dst id="CHINng">98342.6986666667</dst>
            <dst id="DNVRng">79381.9546666667</dst>
            <dst id="HSTNng">18746.8106666667</dst>
            <dst id="IPLSng">101061.594666667</dst>
            <dst id="KSCYng">28474.48</dst>
            <dst id="LOSAng">114394.842666667</dst>
            <dst id="NYCMng">209972.338666667</dst>
            <dst id="SNVAng">3549.70666666667</dst>
            <dst id="STTLng">44049.672</dst>
            <dst id="WASHng">372092.933333333</dst>
        </src>
    </IntraTM>
</TrafficMatrixFile>
