<?xml version="1.0" encoding="ISO-8859-1" standalone="yes"?>
<TrafficMatrixFile xsi:noNamespaceSchemaLocation="http://totem.run.montefiore.ulg.ac.be/Schema/TrafficMatrix-v1_2.xsd" xmlns:xsi="http://www.w3.org/2001/XMLSchema-instance">
    <IntraTM ASID="11537">
        <src id="ATLA-M5">
            <dst id="ATLA-M5">293.194666666667</dst>
            <dst id="ATLAng">80</dst>
            <dst id="CHINng">250.346666666667</dst>
            <dst id="DNVRng">0</dst>
            <dst id="HSTNng">137.52</dst>
            <dst id="IPLSng">319.986666666667</dst>
            <dst id="KSCYng">54.3013333333333</dst>
            <dst id="LOSAng">497.472</dst>
            <dst id="NYCMng">434.501333333333</dst>
            <dst id="SNVAng">59.6373333333333</dst>
            <dst id="STTLng">26.6666666666667</dst>
            <dst id="WASHng">2892.91466666667</dst>
        </src>
        <src id="ATLAng">
            <dst id="ATLA-M5">403.829333333333</dst>
            <dst id="ATLAng">65216.3546666667</dst>
            <dst id="CHINng">12761.1573333333</dst>
            <dst id="DNVRng">6215.94933333333</dst>
            <dst id="HSTNng">4105.67466666667</dst>
            <dst id="IPLSng">20386.1626666667</dst>
            <dst id="KSCYng">7782.16533333333</dst>
            <dst id="LOSAng">17422.104</dst>
            <dst id="NYCMng">13824.016</dst>
            <dst id="SNVAng">1193.768</dst>
            <dst id="STTLng">8075.41333333333</dst>
            <dst id="WASHng">50204.7306666667</dst>
        </src>
        <src id="CHINng">
            <dst id="ATLA-M5">422.794666666667</dst>
            <dst id="ATLAng">33715.0906666667</dst>
            <dst id="CHINng">137533.186666667</dst>
            <dst id="DNVRng">22866.4613333333</dst>
            <dst id="HSTNng">8572.256</dst>
            <dst id="IPLSng">58563.8</dst>
            <dst id="KSCYng">8088.904</dst>
            <dst id="LOSAng">56855.608</dst>
            <dst id="NYCMng">8890.89066666667</dst>
            <dst id="SNVAng">4789.60266666667</dst>
            <dst id="STTLng">19780.8613333333</dst>
            <dst id="WASHng">33708.128</dst>
        </src>
        <src id="DNVRng">
            <dst id="ATLA-M5">165.872</dst>
            <dst id="ATLAng">29567.4453333333</dst>
            <dst id="CHINng">46983.1306666667</dst>
            <dst id="DNVRng">11219.304</dst>
            <dst id="HSTNng">23611.728</dst>
            <dst id="IPLSng">26434.904</dst>
            <dst id="KSCYng">21381.664</dst>
            <dst id="LOSAng">17041.288</dst>
            <dst id="NYCMng">10668.1946666667</dst>
            <dst id="SNVAng">24373.4773333333</dst>
            <dst id="STTLng">14408.2853333333</dst>
            <dst id="WASHng">50085.8</dst>
        </src>
        <src id="HSTNng">
            <dst id="ATLA-M5">3195.22933333333</dst>
            <dst id="ATLAng">10458</dst>
            <dst id="CHINng">35661.4826666667</dst>
            <dst id="DNVRng">9937.02133333333</dst>
            <dst id="HSTNng">12287.2186666667</dst>
            <dst id="IPLSng">4917.92</dst>
            <dst id="KSCYng">3061.792</dst>
            <dst id="LOSAng">15938.7333333333</dst>
            <dst id="NYCMng">3773.864</dst>
            <dst id="SNVAng">306.714666666667</dst>
            <dst id="STTLng">2971.10666666667</dst>
            <dst id="WASHng">15763.4613333333</dst>
        </src>
        <src id="IPLSng">
            <dst id="ATLA-M5">282.178666666667</dst>
            <dst id="ATLAng">17976.184</dst>
            <dst id="CHINng">76378.9786666666</dst>
            <dst id="DNVRng">12158.2586666667</dst>
            <dst id="HSTNng">7529.01066666667</dst>
            <dst id="IPLSng">55105.6373333333</dst>
            <dst id="KSCYng">6944.59733333333</dst>
            <dst id="LOSAng">66776.5093333333</dst>
            <dst id="NYCMng">35799.416</dst>
            <dst id="SNVAng">5132.29333333333</dst>
            <dst id="STTLng">12129.8826666667</dst>
            <dst id="WASHng">27922.912</dst>
        </src>
        <src id="KSCYng">
            <dst id="ATLA-M5">1026.24533333333</dst>
            <dst id="ATLAng">5785.23733333333</dst>
            <dst id="CHINng">34040.9706666667</dst>
            <dst id="DNVRng">13457.008</dst>
            <dst id="HSTNng">4066.416</dst>
            <dst id="IPLSng">23323.7546666667</dst>
            <dst id="KSCYng">8513.37333333333</dst>
            <dst id="LOSAng">7405.92533333333</dst>
            <dst id="NYCMng">4190.608</dst>
            <dst id="SNVAng">1091.36533333333</dst>
            <dst id="STTLng">1919.36266666667</dst>
            <dst id="WASHng">13040.9786666667</dst>
        </src>
        <src id="LOSAng">
            <dst id="ATLA-M5">684.765333333333</dst>
            <dst id="ATLAng">40783.5093333333</dst>
            <dst id="CHINng">124110.8</dst>
            <dst id="DNVRng">11448.0293333333</dst>
            <dst id="HSTNng">51635.5493333333</dst>
            <dst id="IPLSng">48964.144</dst>
            <dst id="KSCYng">8835.35466666667</dst>
            <dst id="LOSAng">16475.9226666667</dst>
            <dst id="NYCMng">72249.2853333333</dst>
            <dst id="SNVAng">20013.6986666667</dst>
            <dst id="STTLng">39963.456</dst>
            <dst id="WASHng">115738.858666667</dst>
        </src>
        <src id="NYCMng">
            <dst id="ATLA-M5">4738.43733333333</dst>
            <dst id="ATLAng">54732.048</dst>
            <dst id="CHINng">59861.2613333334</dst>
            <dst id="DNVRng">125816.008</dst>
            <dst id="HSTNng">11824.5813333333</dst>
            <dst id="IPLSng">57021.808</dst>
            <dst id="KSCYng">20010.8613333333</dst>
            <dst id="LOSAng">85493.792</dst>
            <dst id="NYCMng">146379.210666667</dst>
            <dst id="SNVAng">5191.51466666667</dst>
            <dst id="STTLng">27617.208</dst>
            <dst id="WASHng">95702.584</dst>
        </src>
        <src id="SNVAng">
            <dst id="ATLA-M5">0</dst>
            <dst id="ATLAng">247.504</dst>
            <dst id="CHINng">1988.96</dst>
            <dst id="DNVRng">1878.48</dst>
            <dst id="HSTNng">2381.80266666667</dst>
            <dst id="IPLSng">6711.432</dst>
            <dst id="KSCYng">26.6666666666667</dst>
            <dst id="LOSAng">53514.5093333333</dst>
            <dst id="NYCMng">285.952</dst>
            <dst id="SNVAng">12915.848</dst>
            <dst id="STTLng">35889.0773333333</dst>
            <dst id="WASHng">1129.512</dst>
        </src>
        <src id="STTLng">
            <dst id="ATLA-M5">398.256</dst>
            <dst id="ATLAng">16170.6586666667</dst>
            <dst id="CHINng">38893.2</dst>
            <dst id="DNVRng">6055.328</dst>
            <dst id="HSTNng">5415.784</dst>
            <dst id="IPLSng">19920.8933333333</dst>
            <dst id="KSCYng">5503.24266666667</dst>
            <dst id="LOSAng">34467.8</dst>
            <dst id="NYCMng">13358.7626666667</dst>
            <dst id="SNVAng">5482.76266666667</dst>
            <dst id="STTLng">6811.512</dst>
            <dst id="WASHng">24666.4613333333</dst>
        </src>
        <src id="WASHng">
            <dst id="ATLA-M5">2275.456</dst>
            <dst id="ATLAng">104431.504</dst>
            <dst id="CHINng">96167.1786666667</dst>
            <dst id="DNVRng">64097.0773333333</dst>
            <dst id="HSTNng">28369.3973333333</dst>
            <dst id="IPLSng">82164.56</dst>
            <dst id="KSCYng">18815.672</dst>
            <dst id="LOSAng">131551.213333333</dst>
            <dst id="NYCMng">163084.922666667</dst>
            <dst id="SNVAng">7674.544</dst>
            <dst id="STTLng">46412.5946666667</dst>
            <dst id="WASHng">392577.52</dst>
        </src>
    </IntraTM>
</TrafficMatrixFile>
