<?xml version="1.0" encoding="ISO-8859-1" standalone="yes"?>
<TrafficMatrixFile xsi:noNamespaceSchemaLocation="http://totem.run.montefiore.ulg.ac.be/Schema/TrafficMatrix-v1_2.xsd" xmlns:xsi="http://www.w3.org/2001/XMLSchema-instance">
    <IntraTM ASID="11537">
        <src id="ATLA-M5">
            <dst id="ATLA-M5">276.352</dst>
            <dst id="ATLAng">120.405333333333</dst>
            <dst id="CHINng">383.648</dst>
            <dst id="DNVRng">0</dst>
            <dst id="HSTNng">77.32</dst>
            <dst id="IPLSng">0</dst>
            <dst id="KSCYng">26.6666666666667</dst>
            <dst id="LOSAng">398.557333333333</dst>
            <dst id="NYCMng">361.322666666667</dst>
            <dst id="SNVAng">0</dst>
            <dst id="STTLng">26.6666666666667</dst>
            <dst id="WASHng">1060.83733333333</dst>
        </src>
        <src id="ATLAng">
            <dst id="ATLA-M5">1708.488</dst>
            <dst id="ATLAng">38660.5653333333</dst>
            <dst id="CHINng">5210.88533333333</dst>
            <dst id="DNVRng">3786.75733333333</dst>
            <dst id="HSTNng">1317.88533333333</dst>
            <dst id="IPLSng">13319.4373333333</dst>
            <dst id="KSCYng">1125.544</dst>
            <dst id="LOSAng">15618.7506666667</dst>
            <dst id="NYCMng">4532.128</dst>
            <dst id="SNVAng">234.622666666667</dst>
            <dst id="STTLng">3899.68</dst>
            <dst id="WASHng">43475.704</dst>
        </src>
        <src id="CHINng">
            <dst id="ATLA-M5">362.96</dst>
            <dst id="ATLAng">43545.2773333333</dst>
            <dst id="CHINng">106487.144</dst>
            <dst id="DNVRng">20766.7333333333</dst>
            <dst id="HSTNng">8653.81066666666</dst>
            <dst id="IPLSng">24739.3066666667</dst>
            <dst id="KSCYng">23468.6986666667</dst>
            <dst id="LOSAng">81893.864</dst>
            <dst id="NYCMng">8054.76533333333</dst>
            <dst id="SNVAng">120.32</dst>
            <dst id="STTLng">8218.90933333333</dst>
            <dst id="WASHng">12263.8693333333</dst>
        </src>
        <src id="DNVRng">
            <dst id="ATLA-M5">114.517333333333</dst>
            <dst id="ATLAng">4689.33066666667</dst>
            <dst id="CHINng">64667.912</dst>
            <dst id="DNVRng">3451.93066666667</dst>
            <dst id="HSTNng">13343.808</dst>
            <dst id="IPLSng">28668.0133333333</dst>
            <dst id="KSCYng">8778.21333333333</dst>
            <dst id="LOSAng">16018.5093333333</dst>
            <dst id="NYCMng">11409.664</dst>
            <dst id="SNVAng">4095.656</dst>
            <dst id="STTLng">4717.26133333333</dst>
            <dst id="WASHng">47384.9866666667</dst>
        </src>
        <src id="HSTNng">
            <dst id="ATLA-M5">3023.536</dst>
            <dst id="ATLAng">12304.4133333333</dst>
            <dst id="CHINng">15787.8</dst>
            <dst id="DNVRng">2100.29866666667</dst>
            <dst id="HSTNng">2751.88266666667</dst>
            <dst id="IPLSng">1178.464</dst>
            <dst id="KSCYng">920.085333333333</dst>
            <dst id="LOSAng">11498.9093333333</dst>
            <dst id="NYCMng">1725.38933333333</dst>
            <dst id="SNVAng">0</dst>
            <dst id="STTLng">1958.424</dst>
            <dst id="WASHng">2883.272</dst>
        </src>
        <src id="IPLSng">
            <dst id="ATLA-M5">0</dst>
            <dst id="ATLAng">9729.864</dst>
            <dst id="CHINng">68159.3706666667</dst>
            <dst id="DNVRng">2788.14133333333</dst>
            <dst id="HSTNng">1099.56533333333</dst>
            <dst id="IPLSng">7899.27466666667</dst>
            <dst id="KSCYng">1723.60266666667</dst>
            <dst id="LOSAng">57962.0426666667</dst>
            <dst id="NYCMng">19582.0933333333</dst>
            <dst id="SNVAng">307.570666666667</dst>
            <dst id="STTLng">9317.61866666667</dst>
            <dst id="WASHng">6864.49066666667</dst>
        </src>
        <src id="KSCYng">
            <dst id="ATLA-M5">0</dst>
            <dst id="ATLAng">1801.38133333333</dst>
            <dst id="CHINng">18992.096</dst>
            <dst id="DNVRng">15922.528</dst>
            <dst id="HSTNng">2339.30133333333</dst>
            <dst id="IPLSng">6024.46666666667</dst>
            <dst id="KSCYng">5095.14933333333</dst>
            <dst id="LOSAng">6335.58666666667</dst>
            <dst id="NYCMng">4444.84</dst>
            <dst id="SNVAng">141.069333333333</dst>
            <dst id="STTLng">1256.648</dst>
            <dst id="WASHng">6889.704</dst>
        </src>
        <src id="LOSAng">
            <dst id="ATLA-M5">208.098666666667</dst>
            <dst id="ATLAng">40364.0533333333</dst>
            <dst id="CHINng">119700.682666667</dst>
            <dst id="DNVRng">8047.23466666667</dst>
            <dst id="HSTNng">3869.49066666667</dst>
            <dst id="IPLSng">24378.9013333333</dst>
            <dst id="KSCYng">1689.928</dst>
            <dst id="LOSAng">25244.968</dst>
            <dst id="NYCMng">58677.5386666667</dst>
            <dst id="SNVAng">4347.34933333333</dst>
            <dst id="STTLng">34112.2373333333</dst>
            <dst id="WASHng">104448.032</dst>
        </src>
        <src id="NYCMng">
            <dst id="ATLA-M5">804.976</dst>
            <dst id="ATLAng">32667.9333333333</dst>
            <dst id="CHINng">48902.464</dst>
            <dst id="DNVRng">26539.5333333333</dst>
            <dst id="HSTNng">5889.46133333334</dst>
            <dst id="IPLSng">23054.512</dst>
            <dst id="KSCYng">4975.008</dst>
            <dst id="LOSAng">85208.9466666667</dst>
            <dst id="NYCMng">118433.925333333</dst>
            <dst id="SNVAng">1361.624</dst>
            <dst id="STTLng">27980.9973333333</dst>
            <dst id="WASHng">61519.536</dst>
        </src>
        <src id="SNVAng">
            <dst id="ATLA-M5">0</dst>
            <dst id="ATLAng">26.6666666666667</dst>
            <dst id="CHINng">640.914666666667</dst>
            <dst id="DNVRng">1201.84</dst>
            <dst id="HSTNng">148.170666666667</dst>
            <dst id="IPLSng">1040.09066666667</dst>
            <dst id="KSCYng">70.9386666666667</dst>
            <dst id="LOSAng">36421.472</dst>
            <dst id="NYCMng">380.261333333333</dst>
            <dst id="SNVAng">8111.048</dst>
            <dst id="STTLng">23719.3573333333</dst>
            <dst id="WASHng">26.6666666666667</dst>
        </src>
        <src id="STTLng">
            <dst id="ATLA-M5">0</dst>
            <dst id="ATLAng">8877.856</dst>
            <dst id="CHINng">25964.4373333333</dst>
            <dst id="DNVRng">1773.06133333333</dst>
            <dst id="HSTNng">2592.53066666667</dst>
            <dst id="IPLSng">4496.70133333333</dst>
            <dst id="KSCYng">1700.76266666667</dst>
            <dst id="LOSAng">29947.3973333333</dst>
            <dst id="NYCMng">11431.856</dst>
            <dst id="SNVAng">2685.61066666667</dst>
            <dst id="STTLng">1919.70133333333</dst>
            <dst id="WASHng">10419.0026666667</dst>
        </src>
        <src id="WASHng">
            <dst id="ATLA-M5">53.3333333333333</dst>
            <dst id="ATLAng">77636.4853333333</dst>
            <dst id="CHINng">59988.3013333333</dst>
            <dst id="DNVRng">47586.2373333333</dst>
            <dst id="HSTNng">25001.9013333333</dst>
            <dst id="IPLSng">24287.16</dst>
            <dst id="KSCYng">8435.19466666667</dst>
            <dst id="LOSAng">106069.84</dst>
            <dst id="NYCMng">148158.677333333</dst>
            <dst id="SNVAng">342.202666666667</dst>
            <dst id="STTLng">38607.5306666667</dst>
            <dst id="WASHng">257015</dst>
        </src>
    </IntraTM>
</TrafficMatrixFile>
