<?xml version="1.0" encoding="ISO-8859-1" standalone="yes"?>
<TrafficMatrixFile xsi:noNamespaceSchemaLocation="http://totem.run.montefiore.ulg.ac.be/Schema/TrafficMatrix-v1_2.xsd" xmlns:xsi="http://www.w3.org/2001/XMLSchema-instance">
    <IntraTM ASID="11537">
        <src id="ATLA-M5">
            <dst id="ATLA-M5">194.104</dst>
            <dst id="ATLAng">278.778666666667</dst>
            <dst id="CHINng">236.869333333333</dst>
            <dst id="DNVRng">166.384</dst>
            <dst id="HSTNng">73.496</dst>
            <dst id="IPLSng">321.976</dst>
            <dst id="KSCYng">106.16</dst>
            <dst id="LOSAng">1020.99466666667</dst>
            <dst id="NYCMng">53.3333333333333</dst>
            <dst id="SNVAng">0</dst>
            <dst id="STTLng">0</dst>
            <dst id="WASHng">1416.09866666667</dst>
        </src>
        <src id="ATLAng">
            <dst id="ATLA-M5">237.512</dst>
            <dst id="ATLAng">62440.0506666667</dst>
            <dst id="CHINng">25428.816</dst>
            <dst id="DNVRng">6480.29866666667</dst>
            <dst id="HSTNng">7215.03466666667</dst>
            <dst id="IPLSng">16353.2133333333</dst>
            <dst id="KSCYng">7722.12</dst>
            <dst id="LOSAng">24013.2213333333</dst>
            <dst id="NYCMng">9273.72266666667</dst>
            <dst id="SNVAng">1587.51733333333</dst>
            <dst id="STTLng">4219.11733333333</dst>
            <dst id="WASHng">54287.264</dst>
        </src>
        <src id="CHINng">
            <dst id="ATLA-M5">1225.26933333333</dst>
            <dst id="ATLAng">28511.272</dst>
            <dst id="CHINng">104315.68</dst>
            <dst id="DNVRng">18814.0053333333</dst>
            <dst id="HSTNng">12055.3893333333</dst>
            <dst id="IPLSng">51063.9813333333</dst>
            <dst id="KSCYng">12724.8133333333</dst>
            <dst id="LOSAng">97329.3786666667</dst>
            <dst id="NYCMng">10426.5733333333</dst>
            <dst id="SNVAng">1041.90933333333</dst>
            <dst id="STTLng">7762.09866666667</dst>
            <dst id="WASHng">36127.92</dst>
        </src>
        <src id="DNVRng">
            <dst id="ATLA-M5">3265.288</dst>
            <dst id="ATLAng">25104.288</dst>
            <dst id="CHINng">51200.1226666667</dst>
            <dst id="DNVRng">19943.6</dst>
            <dst id="HSTNng">46000.9093333333</dst>
            <dst id="IPLSng">28915.056</dst>
            <dst id="KSCYng">20049.2933333333</dst>
            <dst id="LOSAng">17036.8053333333</dst>
            <dst id="NYCMng">11379.536</dst>
            <dst id="SNVAng">14605.3946666667</dst>
            <dst id="STTLng">14829.6426666667</dst>
            <dst id="WASHng">36482.0346666667</dst>
        </src>
        <src id="HSTNng">
            <dst id="ATLA-M5">426.098666666667</dst>
            <dst id="ATLAng">5561.41866666667</dst>
            <dst id="CHINng">21607.672</dst>
            <dst id="DNVRng">3008.57866666667</dst>
            <dst id="HSTNng">8557.84</dst>
            <dst id="IPLSng">8581.62133333333</dst>
            <dst id="KSCYng">2530.74933333333</dst>
            <dst id="LOSAng">8740.744</dst>
            <dst id="NYCMng">7911.064</dst>
            <dst id="SNVAng">613.424</dst>
            <dst id="STTLng">4778.16533333333</dst>
            <dst id="WASHng">3186.76</dst>
        </src>
        <src id="IPLSng">
            <dst id="ATLA-M5">749.464</dst>
            <dst id="ATLAng">18038.4773333333</dst>
            <dst id="CHINng">72401.2026666667</dst>
            <dst id="DNVRng">11470.1093333333</dst>
            <dst id="HSTNng">9213.31466666667</dst>
            <dst id="IPLSng">32993.1146666667</dst>
            <dst id="KSCYng">7514.54666666667</dst>
            <dst id="LOSAng">59263.0453333333</dst>
            <dst id="NYCMng">24062.4586666667</dst>
            <dst id="SNVAng">1976.544</dst>
            <dst id="STTLng">15427.7653333333</dst>
            <dst id="WASHng">45327.1493333333</dst>
        </src>
        <src id="KSCYng">
            <dst id="ATLA-M5">172.922666666667</dst>
            <dst id="ATLAng">20264.064</dst>
            <dst id="CHINng">33804.1066666667</dst>
            <dst id="DNVRng">12879.592</dst>
            <dst id="HSTNng">21929.4586666667</dst>
            <dst id="IPLSng">20854.1706666667</dst>
            <dst id="KSCYng">9780.728</dst>
            <dst id="LOSAng">14080.432</dst>
            <dst id="NYCMng">4107.912</dst>
            <dst id="SNVAng">600.256</dst>
            <dst id="STTLng">3106.36</dst>
            <dst id="WASHng">15099.4746666667</dst>
        </src>
        <src id="LOSAng">
            <dst id="ATLA-M5">3293.92533333333</dst>
            <dst id="ATLAng">52288.8186666667</dst>
            <dst id="CHINng">107774.165333333</dst>
            <dst id="DNVRng">20569.8426666667</dst>
            <dst id="HSTNng">22845.5013333333</dst>
            <dst id="IPLSng">53927.424</dst>
            <dst id="KSCYng">14752.776</dst>
            <dst id="LOSAng">11784.8</dst>
            <dst id="NYCMng">84321.1386666667</dst>
            <dst id="SNVAng">11541.0906666667</dst>
            <dst id="STTLng">46386.7413333333</dst>
            <dst id="WASHng">112791.837333333</dst>
        </src>
        <src id="NYCMng">
            <dst id="ATLA-M5">595.021333333333</dst>
            <dst id="ATLAng">64835.216</dst>
            <dst id="CHINng">49089.5653333333</dst>
            <dst id="DNVRng">144538.418666667</dst>
            <dst id="HSTNng">16064.6826666667</dst>
            <dst id="IPLSng">48661.24</dst>
            <dst id="KSCYng">29505.0426666667</dst>
            <dst id="LOSAng">105453.608</dst>
            <dst id="NYCMng">120412.392</dst>
            <dst id="SNVAng">6680.12266666667</dst>
            <dst id="STTLng">27885.2453333333</dst>
            <dst id="WASHng">87277.1973333333</dst>
        </src>
        <src id="SNVAng">
            <dst id="ATLA-M5">0</dst>
            <dst id="ATLAng">96.5013333333333</dst>
            <dst id="CHINng">3048.09866666667</dst>
            <dst id="DNVRng">7434.34933333333</dst>
            <dst id="HSTNng">251.208</dst>
            <dst id="IPLSng">10092.696</dst>
            <dst id="KSCYng">1931.93333333333</dst>
            <dst id="LOSAng">51367.5706666667</dst>
            <dst id="NYCMng">1345.31733333333</dst>
            <dst id="SNVAng">10295.192</dst>
            <dst id="STTLng">37824.872</dst>
            <dst id="WASHng">137.168</dst>
        </src>
        <src id="STTLng">
            <dst id="ATLA-M5">107.090666666667</dst>
            <dst id="ATLAng">19838.016</dst>
            <dst id="CHINng">21603.384</dst>
            <dst id="DNVRng">6234.30133333333</dst>
            <dst id="HSTNng">6053.47733333333</dst>
            <dst id="IPLSng">12712.04</dst>
            <dst id="KSCYng">7953.07733333333</dst>
            <dst id="LOSAng">37559.4</dst>
            <dst id="NYCMng">10702.7573333333</dst>
            <dst id="SNVAng">5750.10933333334</dst>
            <dst id="STTLng">8927.20533333333</dst>
            <dst id="WASHng">17483.2026666667</dst>
        </src>
        <src id="WASHng">
            <dst id="ATLA-M5">1318.65866666667</dst>
            <dst id="ATLAng">143075.258666667</dst>
            <dst id="CHINng">88365.76</dst>
            <dst id="DNVRng">72973.5413333333</dst>
            <dst id="HSTNng">30619.408</dst>
            <dst id="IPLSng">91443.728</dst>
            <dst id="KSCYng">39889.752</dst>
            <dst id="LOSAng">124427.170666667</dst>
            <dst id="NYCMng">160718.461333333</dst>
            <dst id="SNVAng">7686.704</dst>
            <dst id="STTLng">44171.872</dst>
            <dst id="WASHng">268609.466666667</dst>
        </src>
    </IntraTM>
</TrafficMatrixFile>
