<?xml version="1.0" encoding="ISO-8859-1" standalone="yes"?>
<TrafficMatrixFile xsi:noNamespaceSchemaLocation="http://totem.run.montefiore.ulg.ac.be/Schema/TrafficMatrix-v1_2.xsd" xmlns:xsi="http://www.w3.org/2001/XMLSchema-instance">
    <IntraTM ASID="11537">
        <src id="ATLA-M5">
            <dst id="ATLA-M5">26.6666666666667</dst>
            <dst id="ATLAng">242.634666666667</dst>
            <dst id="CHINng">235.896</dst>
            <dst id="DNVRng">0</dst>
            <dst id="HSTNng">76.5226666666667</dst>
            <dst id="IPLSng">26.6666666666667</dst>
            <dst id="KSCYng">1351.208</dst>
            <dst id="LOSAng">139.394666666667</dst>
            <dst id="NYCMng">79.8053333333333</dst>
            <dst id="SNVAng">0</dst>
            <dst id="STTLng">441.034666666667</dst>
            <dst id="WASHng">615.96</dst>
        </src>
        <src id="ATLAng">
            <dst id="ATLA-M5">2986.66666666667</dst>
            <dst id="ATLAng">44479.704</dst>
            <dst id="CHINng">7256.71733333333</dst>
            <dst id="DNVRng">4884.176</dst>
            <dst id="HSTNng">5783.424</dst>
            <dst id="IPLSng">10516.5306666667</dst>
            <dst id="KSCYng">9157.86133333333</dst>
            <dst id="LOSAng">22951.7813333333</dst>
            <dst id="NYCMng">7389.36533333333</dst>
            <dst id="SNVAng">830.834666666667</dst>
            <dst id="STTLng">7020.25066666667</dst>
            <dst id="WASHng">27947.9333333333</dst>
        </src>
        <src id="CHINng">
            <dst id="ATLA-M5">26.6666666666667</dst>
            <dst id="ATLAng">18634.8453333333</dst>
            <dst id="CHINng">95146.2133333333</dst>
            <dst id="DNVRng">6774.872</dst>
            <dst id="HSTNng">6902.10933333333</dst>
            <dst id="IPLSng">47368.9333333333</dst>
            <dst id="KSCYng">21775.176</dst>
            <dst id="LOSAng">69822.168</dst>
            <dst id="NYCMng">10524.5706666667</dst>
            <dst id="SNVAng">594.314666666667</dst>
            <dst id="STTLng">19834.0533333333</dst>
            <dst id="WASHng">21388.2746666667</dst>
        </src>
        <src id="DNVRng">
            <dst id="ATLA-M5">58.6666666666667</dst>
            <dst id="ATLAng">10046.0266666667</dst>
            <dst id="CHINng">52399.1573333333</dst>
            <dst id="DNVRng">9558.19733333334</dst>
            <dst id="HSTNng">25902.3653333333</dst>
            <dst id="IPLSng">24691.28</dst>
            <dst id="KSCYng">24784.84</dst>
            <dst id="LOSAng">15828.0266666667</dst>
            <dst id="NYCMng">13718.6453333333</dst>
            <dst id="SNVAng">11857.416</dst>
            <dst id="STTLng">14268.9413333333</dst>
            <dst id="WASHng">30508.76</dst>
        </src>
        <src id="HSTNng">
            <dst id="ATLA-M5">1627.98933333333</dst>
            <dst id="ATLAng">2653.61866666667</dst>
            <dst id="CHINng">13320.8026666667</dst>
            <dst id="DNVRng">10051.04</dst>
            <dst id="HSTNng">8099.33066666666</dst>
            <dst id="IPLSng">8138.048</dst>
            <dst id="KSCYng">2773.144</dst>
            <dst id="LOSAng">22077.76</dst>
            <dst id="NYCMng">1019.83466666667</dst>
            <dst id="SNVAng">26.6666666666667</dst>
            <dst id="STTLng">2876.06666666667</dst>
            <dst id="WASHng">4728.12</dst>
        </src>
        <src id="IPLSng">
            <dst id="ATLA-M5">26.6666666666667</dst>
            <dst id="ATLAng">12936.944</dst>
            <dst id="CHINng">63534.1546666667</dst>
            <dst id="DNVRng">4158.88</dst>
            <dst id="HSTNng">2670.46666666667</dst>
            <dst id="IPLSng">59139.984</dst>
            <dst id="KSCYng">3863.352</dst>
            <dst id="LOSAng">61260.2</dst>
            <dst id="NYCMng">20900.8533333333</dst>
            <dst id="SNVAng">614.648</dst>
            <dst id="STTLng">10899.584</dst>
            <dst id="WASHng">24690.56</dst>
        </src>
        <src id="KSCYng">
            <dst id="ATLA-M5">33.7226666666667</dst>
            <dst id="ATLAng">3731.85066666667</dst>
            <dst id="CHINng">25756.5653333333</dst>
            <dst id="DNVRng">7622.36533333333</dst>
            <dst id="HSTNng">5885.168</dst>
            <dst id="IPLSng">11985.032</dst>
            <dst id="KSCYng">4057.36</dst>
            <dst id="LOSAng">7902.54933333333</dst>
            <dst id="NYCMng">2924.23733333333</dst>
            <dst id="SNVAng">92.8426666666667</dst>
            <dst id="STTLng">4493.66666666667</dst>
            <dst id="WASHng">7750.408</dst>
        </src>
        <src id="LOSAng">
            <dst id="ATLA-M5">288.746666666667</dst>
            <dst id="ATLAng">24304.7466666667</dst>
            <dst id="CHINng">81587.0453333333</dst>
            <dst id="DNVRng">15699.272</dst>
            <dst id="HSTNng">9182.76533333333</dst>
            <dst id="IPLSng">56605.9626666667</dst>
            <dst id="KSCYng">5911.70133333333</dst>
            <dst id="LOSAng">20204.4346666667</dst>
            <dst id="NYCMng">97197.4826666666</dst>
            <dst id="SNVAng">10489.1546666667</dst>
            <dst id="STTLng">32450.2373333333</dst>
            <dst id="WASHng">113487.874666667</dst>
        </src>
        <src id="NYCMng">
            <dst id="ATLA-M5">151.026666666667</dst>
            <dst id="ATLAng">51557.152</dst>
            <dst id="CHINng">36933.0986666667</dst>
            <dst id="DNVRng">125465.64</dst>
            <dst id="HSTNng">8081.608</dst>
            <dst id="IPLSng">51922.5706666667</dst>
            <dst id="KSCYng">21238.9946666667</dst>
            <dst id="LOSAng">109081.133333333</dst>
            <dst id="NYCMng">101512.666666667</dst>
            <dst id="SNVAng">7886.51466666667</dst>
            <dst id="STTLng">32300.5493333333</dst>
            <dst id="WASHng">85870.1253333334</dst>
        </src>
        <src id="SNVAng">
            <dst id="ATLA-M5">0</dst>
            <dst id="ATLAng">26.6666666666667</dst>
            <dst id="CHINng">425.141333333333</dst>
            <dst id="DNVRng">6632.12533333333</dst>
            <dst id="HSTNng">80</dst>
            <dst id="IPLSng">823.466666666667</dst>
            <dst id="KSCYng">53.3333333333333</dst>
            <dst id="LOSAng">33813.512</dst>
            <dst id="NYCMng">231.154666666667</dst>
            <dst id="SNVAng">8021.78933333333</dst>
            <dst id="STTLng">25511.6373333333</dst>
            <dst id="WASHng">506.061333333333</dst>
        </src>
        <src id="STTLng">
            <dst id="ATLA-M5">96.4026666666667</dst>
            <dst id="ATLAng">13112.0266666667</dst>
            <dst id="CHINng">19143.2506666667</dst>
            <dst id="DNVRng">2932.93866666667</dst>
            <dst id="HSTNng">2782.104</dst>
            <dst id="IPLSng">10521.368</dst>
            <dst id="KSCYng">2637.29333333333</dst>
            <dst id="LOSAng">30630.752</dst>
            <dst id="NYCMng">11082.7306666667</dst>
            <dst id="SNVAng">3591.27466666667</dst>
            <dst id="STTLng">6366.60533333333</dst>
            <dst id="WASHng">8885.94933333334</dst>
        </src>
        <src id="WASHng">
            <dst id="ATLA-M5">904.114666666667</dst>
            <dst id="ATLAng">100905.805333333</dst>
            <dst id="CHINng">69592.7946666667</dst>
            <dst id="DNVRng">83914.8266666667</dst>
            <dst id="HSTNng">31204.0213333333</dst>
            <dst id="IPLSng">44780.824</dst>
            <dst id="KSCYng">16051.7706666667</dst>
            <dst id="LOSAng">125993.288</dst>
            <dst id="NYCMng">163465.594666667</dst>
            <dst id="SNVAng">11823.8933333333</dst>
            <dst id="STTLng">31397.92</dst>
            <dst id="WASHng">284826.426666667</dst>
        </src>
    </IntraTM>
</TrafficMatrixFile>
