<?xml version="1.0" encoding="ISO-8859-1" standalone="yes"?>
<TrafficMatrixFile xsi:noNamespaceSchemaLocation="http://totem.run.montefiore.ulg.ac.be/Schema/TrafficMatrix-v1_2.xsd" xmlns:xsi="http://www.w3.org/2001/XMLSchema-instance">
    <IntraTM ASID="11537">
        <src id="ATLA-M5">
            <dst id="ATLA-M5">0</dst>
            <dst id="ATLAng">57.2666666666667</dst>
            <dst id="CHINng">56.184</dst>
            <dst id="DNVRng">26.6666666666667</dst>
            <dst id="HSTNng">107.421333333333</dst>
            <dst id="IPLSng">1141.17333333333</dst>
            <dst id="KSCYng">48.5653333333333</dst>
            <dst id="LOSAng">232.376</dst>
            <dst id="NYCMng">80</dst>
            <dst id="SNVAng">0</dst>
            <dst id="STTLng">53.3333333333333</dst>
            <dst id="WASHng">206.624</dst>
        </src>
        <src id="ATLAng">
            <dst id="ATLA-M5">204.029333333333</dst>
            <dst id="ATLAng">49615.7706666667</dst>
            <dst id="CHINng">8296.84533333333</dst>
            <dst id="DNVRng">4990.44533333333</dst>
            <dst id="HSTNng">14624.8746666667</dst>
            <dst id="IPLSng">12931.4773333333</dst>
            <dst id="KSCYng">1499.64</dst>
            <dst id="LOSAng">14942.76</dst>
            <dst id="NYCMng">4760.37333333333</dst>
            <dst id="SNVAng">39.232</dst>
            <dst id="STTLng">4386.74133333333</dst>
            <dst id="WASHng">26805.3013333333</dst>
        </src>
        <src id="CHINng">
            <dst id="ATLA-M5">0</dst>
            <dst id="ATLAng">14172.2133333333</dst>
            <dst id="CHINng">161195.285333333</dst>
            <dst id="DNVRng">16556.32</dst>
            <dst id="HSTNng">5170.31733333333</dst>
            <dst id="IPLSng">74090.7173333333</dst>
            <dst id="KSCYng">14519.72</dst>
            <dst id="LOSAng">64712.6426666667</dst>
            <dst id="NYCMng">11312.0666666667</dst>
            <dst id="SNVAng">448.061333333333</dst>
            <dst id="STTLng">6638.82933333333</dst>
            <dst id="WASHng">24498.7093333333</dst>
        </src>
        <src id="DNVRng">
            <dst id="ATLA-M5">0</dst>
            <dst id="ATLAng">8927.80533333333</dst>
            <dst id="CHINng">46641.3253333333</dst>
            <dst id="DNVRng">25056.5466666667</dst>
            <dst id="HSTNng">21183.5493333333</dst>
            <dst id="IPLSng">22542.56</dst>
            <dst id="KSCYng">17398.744</dst>
            <dst id="LOSAng">12088.6453333333</dst>
            <dst id="NYCMng">10997.712</dst>
            <dst id="SNVAng">8676.43733333333</dst>
            <dst id="STTLng">7076.43466666667</dst>
            <dst id="WASHng">34313.1706666667</dst>
        </src>
        <src id="HSTNng">
            <dst id="ATLA-M5">2100.744</dst>
            <dst id="ATLAng">7685.33866666667</dst>
            <dst id="CHINng">10504.1226666667</dst>
            <dst id="DNVRng">2465.27733333333</dst>
            <dst id="HSTNng">7410.824</dst>
            <dst id="IPLSng">575.136</dst>
            <dst id="KSCYng">1811.77333333333</dst>
            <dst id="LOSAng">10540.416</dst>
            <dst id="NYCMng">2636.08533333333</dst>
            <dst id="SNVAng">0</dst>
            <dst id="STTLng">2456.53066666667</dst>
            <dst id="WASHng">8670.872</dst>
        </src>
        <src id="IPLSng">
            <dst id="ATLA-M5">80</dst>
            <dst id="ATLAng">11765.824</dst>
            <dst id="CHINng">77936.6026666667</dst>
            <dst id="DNVRng">5334.32</dst>
            <dst id="HSTNng">2951.456</dst>
            <dst id="IPLSng">26154.3706666667</dst>
            <dst id="KSCYng">2711.632</dst>
            <dst id="LOSAng">56346.976</dst>
            <dst id="NYCMng">24766.288</dst>
            <dst id="SNVAng">546.376</dst>
            <dst id="STTLng">9720.512</dst>
            <dst id="WASHng">14022.9786666667</dst>
        </src>
        <src id="KSCYng">
            <dst id="ATLA-M5">105.442666666667</dst>
            <dst id="ATLAng">6773.472</dst>
            <dst id="CHINng">19801.5466666667</dst>
            <dst id="DNVRng">19283.4533333333</dst>
            <dst id="HSTNng">2742.95466666667</dst>
            <dst id="IPLSng">9250.59466666667</dst>
            <dst id="KSCYng">4212.744</dst>
            <dst id="LOSAng">6483.504</dst>
            <dst id="NYCMng">2965.32</dst>
            <dst id="SNVAng">88.08</dst>
            <dst id="STTLng">5148.632</dst>
            <dst id="WASHng">15973.0586666667</dst>
        </src>
        <src id="LOSAng">
            <dst id="ATLA-M5">75.0506666666667</dst>
            <dst id="ATLAng">26676.0533333333</dst>
            <dst id="CHINng">85175.4853333333</dst>
            <dst id="DNVRng">8862.23733333333</dst>
            <dst id="HSTNng">12567.064</dst>
            <dst id="IPLSng">42592.1653333333</dst>
            <dst id="KSCYng">5358.35466666667</dst>
            <dst id="LOSAng">19145.3973333333</dst>
            <dst id="NYCMng">79178.072</dst>
            <dst id="SNVAng">8051.31733333333</dst>
            <dst id="STTLng">49732.3226666667</dst>
            <dst id="WASHng">92787.4693333333</dst>
        </src>
        <src id="NYCMng">
            <dst id="ATLA-M5">1006.39733333333</dst>
            <dst id="ATLAng">26578.8613333333</dst>
            <dst id="CHINng">50007.92</dst>
            <dst id="DNVRng">121245.048</dst>
            <dst id="HSTNng">14227.9706666667</dst>
            <dst id="IPLSng">26153.0613333333</dst>
            <dst id="KSCYng">12403.6266666667</dst>
            <dst id="LOSAng">98264.56</dst>
            <dst id="NYCMng">60397.8213333333</dst>
            <dst id="SNVAng">1020.18933333333</dst>
            <dst id="STTLng">30368.0026666667</dst>
            <dst id="WASHng">45932.328</dst>
        </src>
        <src id="SNVAng">
            <dst id="ATLA-M5">0</dst>
            <dst id="ATLAng">119.688</dst>
            <dst id="CHINng">1811.528</dst>
            <dst id="DNVRng">690.928</dst>
            <dst id="HSTNng">35.008</dst>
            <dst id="IPLSng">6963.26133333333</dst>
            <dst id="KSCYng">26.6666666666667</dst>
            <dst id="LOSAng">42391.08</dst>
            <dst id="NYCMng">197.44</dst>
            <dst id="SNVAng">10987.08</dst>
            <dst id="STTLng">32504.312</dst>
            <dst id="WASHng">0</dst>
        </src>
        <src id="STTLng">
            <dst id="ATLA-M5">72.2</dst>
            <dst id="ATLAng">8672.77866666667</dst>
            <dst id="CHINng">17914.5466666667</dst>
            <dst id="DNVRng">3472.472</dst>
            <dst id="HSTNng">3395.67466666667</dst>
            <dst id="IPLSng">6240.208</dst>
            <dst id="KSCYng">3071.77066666667</dst>
            <dst id="LOSAng">36262.6373333333</dst>
            <dst id="NYCMng">8554.52533333333</dst>
            <dst id="SNVAng">5123.2</dst>
            <dst id="STTLng">3678.26133333333</dst>
            <dst id="WASHng">5382.728</dst>
        </src>
        <src id="WASHng">
            <dst id="ATLA-M5">106.744</dst>
            <dst id="ATLAng">73119.9786666667</dst>
            <dst id="CHINng">102528.808</dst>
            <dst id="DNVRng">41223.992</dst>
            <dst id="HSTNng">19463.8533333333</dst>
            <dst id="IPLSng">50246.336</dst>
            <dst id="KSCYng">14899.7333333333</dst>
            <dst id="LOSAng">128122.461333333</dst>
            <dst id="NYCMng">144680.794666667</dst>
            <dst id="SNVAng">4603.48266666667</dst>
            <dst id="STTLng">40423.6266666667</dst>
            <dst id="WASHng">167714.168</dst>
        </src>
    </IntraTM>
</TrafficMatrixFile>
