<?xml version="1.0" encoding="ISO-8859-1" standalone="yes"?>
<TrafficMatrixFile xsi:noNamespaceSchemaLocation="http://totem.run.montefiore.ulg.ac.be/Schema/TrafficMatrix-v1_2.xsd" xmlns:xsi="http://www.w3.org/2001/XMLSchema-instance">
    <IntraTM ASID="11537">
        <src id="ATLA-M5">
            <dst id="ATLA-M5">0</dst>
            <dst id="ATLAng">53.3333333333333</dst>
            <dst id="CHINng">26.6666666666667</dst>
            <dst id="DNVRng">0</dst>
            <dst id="HSTNng">53.3333333333333</dst>
            <dst id="IPLSng">129.584</dst>
            <dst id="KSCYng">26.6666666666667</dst>
            <dst id="LOSAng">166.218666666667</dst>
            <dst id="NYCMng">53.3333333333333</dst>
            <dst id="SNVAng">0</dst>
            <dst id="STTLng">83.8506666666667</dst>
            <dst id="WASHng">1514.05066666667</dst>
        </src>
        <src id="ATLAng">
            <dst id="ATLA-M5">78.416</dst>
            <dst id="ATLAng">30263.8613333333</dst>
            <dst id="CHINng">10418.0933333333</dst>
            <dst id="DNVRng">4761.2</dst>
            <dst id="HSTNng">1293.45333333333</dst>
            <dst id="IPLSng">13987.768</dst>
            <dst id="KSCYng">1061.82666666667</dst>
            <dst id="LOSAng">16906.4346666667</dst>
            <dst id="NYCMng">6506.55733333333</dst>
            <dst id="SNVAng">53.3333333333333</dst>
            <dst id="STTLng">4798.456</dst>
            <dst id="WASHng">38752.024</dst>
        </src>
        <src id="CHINng">
            <dst id="ATLA-M5">0</dst>
            <dst id="ATLAng">8956.81866666667</dst>
            <dst id="CHINng">95117.4773333333</dst>
            <dst id="DNVRng">17022.0453333333</dst>
            <dst id="HSTNng">5446.07733333333</dst>
            <dst id="IPLSng">46079.0426666667</dst>
            <dst id="KSCYng">6990.95466666667</dst>
            <dst id="LOSAng">70978.2453333333</dst>
            <dst id="NYCMng">9080.82933333333</dst>
            <dst id="SNVAng">1569.304</dst>
            <dst id="STTLng">8674.736</dst>
            <dst id="WASHng">12530.808</dst>
        </src>
        <src id="DNVRng">
            <dst id="ATLA-M5">76.8</dst>
            <dst id="ATLAng">7870.472</dst>
            <dst id="CHINng">53817.76</dst>
            <dst id="DNVRng">28673.376</dst>
            <dst id="HSTNng">29804.3866666667</dst>
            <dst id="IPLSng">22653.44</dst>
            <dst id="KSCYng">29033.736</dst>
            <dst id="LOSAng">10375.3866666667</dst>
            <dst id="NYCMng">9640.88533333334</dst>
            <dst id="SNVAng">14927.888</dst>
            <dst id="STTLng">15991.4826666667</dst>
            <dst id="WASHng">33803.9493333333</dst>
        </src>
        <src id="HSTNng">
            <dst id="ATLA-M5">128.554666666667</dst>
            <dst id="ATLAng">1327.96266666667</dst>
            <dst id="CHINng">12255.5946666667</dst>
            <dst id="DNVRng">1767.10666666667</dst>
            <dst id="HSTNng">3976.776</dst>
            <dst id="IPLSng">466.773333333333</dst>
            <dst id="KSCYng">3207.38133333333</dst>
            <dst id="LOSAng">10720.9466666667</dst>
            <dst id="NYCMng">2293.65066666667</dst>
            <dst id="SNVAng">0</dst>
            <dst id="STTLng">732.757333333333</dst>
            <dst id="WASHng">2025.01333333333</dst>
        </src>
        <src id="IPLSng">
            <dst id="ATLA-M5">94.9866666666667</dst>
            <dst id="ATLAng">12165.5813333333</dst>
            <dst id="CHINng">64301.904</dst>
            <dst id="DNVRng">4285.02133333333</dst>
            <dst id="HSTNng">892.258666666667</dst>
            <dst id="IPLSng">32061.12</dst>
            <dst id="KSCYng">2227.69066666667</dst>
            <dst id="LOSAng">84047.3866666667</dst>
            <dst id="NYCMng">13771.216</dst>
            <dst id="SNVAng">364.506666666667</dst>
            <dst id="STTLng">14001.5013333333</dst>
            <dst id="WASHng">4901.88</dst>
        </src>
        <src id="KSCYng">
            <dst id="ATLA-M5">0</dst>
            <dst id="ATLAng">945.922666666667</dst>
            <dst id="CHINng">25573.568</dst>
            <dst id="DNVRng">10822.536</dst>
            <dst id="HSTNng">2968.808</dst>
            <dst id="IPLSng">14902.9173333333</dst>
            <dst id="KSCYng">13017.5173333333</dst>
            <dst id="LOSAng">28340.832</dst>
            <dst id="NYCMng">4625.58933333333</dst>
            <dst id="SNVAng">48.1066666666667</dst>
            <dst id="STTLng">1343.19733333333</dst>
            <dst id="WASHng">6702.12</dst>
        </src>
        <src id="LOSAng">
            <dst id="ATLA-M5">53.3333333333333</dst>
            <dst id="ATLAng">7426.50933333333</dst>
            <dst id="CHINng">94159.7626666667</dst>
            <dst id="DNVRng">9098.14666666667</dst>
            <dst id="HSTNng">10093.56</dst>
            <dst id="IPLSng">32877.4506666667</dst>
            <dst id="KSCYng">4577.41333333333</dst>
            <dst id="LOSAng">17087.0453333333</dst>
            <dst id="NYCMng">59011.7893333333</dst>
            <dst id="SNVAng">5858.152</dst>
            <dst id="STTLng">46412.8613333333</dst>
            <dst id="WASHng">97794.6453333333</dst>
        </src>
        <src id="NYCMng">
            <dst id="ATLA-M5">572.016</dst>
            <dst id="ATLAng">23585.016</dst>
            <dst id="CHINng">40792.152</dst>
            <dst id="DNVRng">119810.88</dst>
            <dst id="HSTNng">11657.9413333333</dst>
            <dst id="IPLSng">27726.808</dst>
            <dst id="KSCYng">9086.79466666666</dst>
            <dst id="LOSAng">97097.696</dst>
            <dst id="NYCMng">68859.0773333333</dst>
            <dst id="SNVAng">1853.10666666667</dst>
            <dst id="STTLng">26807.776</dst>
            <dst id="WASHng">53861.864</dst>
        </src>
        <src id="SNVAng">
            <dst id="ATLA-M5">0</dst>
            <dst id="ATLAng">26.6666666666667</dst>
            <dst id="CHINng">188</dst>
            <dst id="DNVRng">7596.64</dst>
            <dst id="HSTNng">64.512</dst>
            <dst id="IPLSng">186.533333333333</dst>
            <dst id="KSCYng">17293.9173333333</dst>
            <dst id="LOSAng">47413.896</dst>
            <dst id="NYCMng">8567.04</dst>
            <dst id="SNVAng">10318.1093333333</dst>
            <dst id="STTLng">28705.232</dst>
            <dst id="WASHng">36.8213333333333</dst>
        </src>
        <src id="STTLng">
            <dst id="ATLA-M5">51.7813333333333</dst>
            <dst id="ATLAng">8686.71733333333</dst>
            <dst id="CHINng">24814.864</dst>
            <dst id="DNVRng">2325.07733333333</dst>
            <dst id="HSTNng">423.464</dst>
            <dst id="IPLSng">5349.704</dst>
            <dst id="KSCYng">1923.976</dst>
            <dst id="LOSAng">26059.6186666667</dst>
            <dst id="NYCMng">9494.75466666667</dst>
            <dst id="SNVAng">4045.85866666667</dst>
            <dst id="STTLng">6348.256</dst>
            <dst id="WASHng">4980.45333333333</dst>
        </src>
        <src id="WASHng">
            <dst id="ATLA-M5">321.856</dst>
            <dst id="ATLAng">94767.976</dst>
            <dst id="CHINng">83223.848</dst>
            <dst id="DNVRng">66308.5413333333</dst>
            <dst id="HSTNng">18045.1973333333</dst>
            <dst id="IPLSng">52557.664</dst>
            <dst id="KSCYng">13213.0346666667</dst>
            <dst id="LOSAng">120897.938666667</dst>
            <dst id="NYCMng">148176.085333333</dst>
            <dst id="SNVAng">3963.52</dst>
            <dst id="STTLng">27046.4746666667</dst>
            <dst id="WASHng">225159.338666667</dst>
        </src>
    </IntraTM>
</TrafficMatrixFile>
