<?xml version="1.0" encoding="ISO-8859-1" standalone="yes"?>
<TrafficMatrixFile xsi:noNamespaceSchemaLocation="http://totem.run.montefiore.ulg.ac.be/Schema/TrafficMatrix-v1_2.xsd" xmlns:xsi="http://www.w3.org/2001/XMLSchema-instance">
    <IntraTM ASID="11537">
        <src id="ATLA-M5">
            <dst id="ATLA-M5">194.44</dst>
            <dst id="ATLAng">634.752</dst>
            <dst id="CHINng">471.36</dst>
            <dst id="DNVRng">54.088</dst>
            <dst id="HSTNng">124.837333333333</dst>
            <dst id="IPLSng">699.205333333333</dst>
            <dst id="KSCYng">299.970666666667</dst>
            <dst id="LOSAng">192.797333333333</dst>
            <dst id="NYCMng">643.874666666667</dst>
            <dst id="SNVAng">26.6666666666667</dst>
            <dst id="STTLng">860.805333333334</dst>
            <dst id="WASHng">2218.18133333333</dst>
        </src>
        <src id="ATLAng">
            <dst id="ATLA-M5">444.762666666667</dst>
            <dst id="ATLAng">65124.7626666667</dst>
            <dst id="CHINng">15857.1413333333</dst>
            <dst id="DNVRng">7789.31466666666</dst>
            <dst id="HSTNng">10267.6693333333</dst>
            <dst id="IPLSng">14689.2906666667</dst>
            <dst id="KSCYng">16074.7706666667</dst>
            <dst id="LOSAng">14480.1306666667</dst>
            <dst id="NYCMng">12459.8533333333</dst>
            <dst id="SNVAng">1971.72533333333</dst>
            <dst id="STTLng">7012.512</dst>
            <dst id="WASHng">65958.1733333333</dst>
        </src>
        <src id="CHINng">
            <dst id="ATLA-M5">819.381333333333</dst>
            <dst id="ATLAng">42635.2213333333</dst>
            <dst id="CHINng">138991.824</dst>
            <dst id="DNVRng">14124.168</dst>
            <dst id="HSTNng">8164.19733333333</dst>
            <dst id="IPLSng">63363.768</dst>
            <dst id="KSCYng">7575.808</dst>
            <dst id="LOSAng">108639.997333333</dst>
            <dst id="NYCMng">14918.4026666667</dst>
            <dst id="SNVAng">1875.53333333333</dst>
            <dst id="STTLng">18043.4106666667</dst>
            <dst id="WASHng">31005.1573333333</dst>
        </src>
        <src id="DNVRng">
            <dst id="ATLA-M5">56.976</dst>
            <dst id="ATLAng">31873.7173333333</dst>
            <dst id="CHINng">48728.7173333333</dst>
            <dst id="DNVRng">8621.01066666667</dst>
            <dst id="HSTNng">31941.2506666667</dst>
            <dst id="IPLSng">32342.512</dst>
            <dst id="KSCYng">26752.5013333333</dst>
            <dst id="LOSAng">14499.3813333333</dst>
            <dst id="NYCMng">15956.736</dst>
            <dst id="SNVAng">9185.256</dst>
            <dst id="STTLng">28651.3013333333</dst>
            <dst id="WASHng">41018.8373333333</dst>
        </src>
        <src id="HSTNng">
            <dst id="ATLA-M5">1549.85066666667</dst>
            <dst id="ATLAng">6393.42133333333</dst>
            <dst id="CHINng">14037.2293333333</dst>
            <dst id="DNVRng">10348.4933333333</dst>
            <dst id="HSTNng">9023.592</dst>
            <dst id="IPLSng">4083.45866666667</dst>
            <dst id="KSCYng">1559.93866666667</dst>
            <dst id="LOSAng">10634.0826666667</dst>
            <dst id="NYCMng">6652.97333333333</dst>
            <dst id="SNVAng">208.28</dst>
            <dst id="STTLng">2051.65333333333</dst>
            <dst id="WASHng">9479.264</dst>
        </src>
        <src id="IPLSng">
            <dst id="ATLA-M5">814.805333333334</dst>
            <dst id="ATLAng">21378.1493333333</dst>
            <dst id="CHINng">87624.2453333333</dst>
            <dst id="DNVRng">9168.96533333333</dst>
            <dst id="HSTNng">9791.792</dst>
            <dst id="IPLSng">41537.992</dst>
            <dst id="KSCYng">8233.83466666667</dst>
            <dst id="LOSAng">59834.5733333333</dst>
            <dst id="NYCMng">36668.7786666667</dst>
            <dst id="SNVAng">2023.888</dst>
            <dst id="STTLng">15037.6826666667</dst>
            <dst id="WASHng">29963.744</dst>
        </src>
        <src id="KSCYng">
            <dst id="ATLA-M5">937.045333333333</dst>
            <dst id="ATLAng">5491.41066666667</dst>
            <dst id="CHINng">29429.328</dst>
            <dst id="DNVRng">10993.0186666667</dst>
            <dst id="HSTNng">7458.25866666667</dst>
            <dst id="IPLSng">20092.5626666667</dst>
            <dst id="KSCYng">5525.528</dst>
            <dst id="LOSAng">9423.408</dst>
            <dst id="NYCMng">10724.544</dst>
            <dst id="SNVAng">544.253333333333</dst>
            <dst id="STTLng">2277.62666666667</dst>
            <dst id="WASHng">12614.4</dst>
        </src>
        <src id="LOSAng">
            <dst id="ATLA-M5">2084.03466666667</dst>
            <dst id="ATLAng">39444.8826666667</dst>
            <dst id="CHINng">115651.474666667</dst>
            <dst id="DNVRng">12287.8933333333</dst>
            <dst id="HSTNng">15931.8133333333</dst>
            <dst id="IPLSng">47233.1493333333</dst>
            <dst id="KSCYng">8092.84266666667</dst>
            <dst id="LOSAng">12333.416</dst>
            <dst id="NYCMng">87397.2293333333</dst>
            <dst id="SNVAng">13959.9706666667</dst>
            <dst id="STTLng">79358.2293333333</dst>
            <dst id="WASHng">133689.269333333</dst>
        </src>
        <src id="NYCMng">
            <dst id="ATLA-M5">4913.88</dst>
            <dst id="ATLAng">80185.7893333333</dst>
            <dst id="CHINng">61913.352</dst>
            <dst id="DNVRng">104660.749333333</dst>
            <dst id="HSTNng">14913.3893333333</dst>
            <dst id="IPLSng">47389.344</dst>
            <dst id="KSCYng">18523.9866666667</dst>
            <dst id="LOSAng">96320.6586666667</dst>
            <dst id="NYCMng">153066.530666667</dst>
            <dst id="SNVAng">4691.43466666667</dst>
            <dst id="STTLng">26217.544</dst>
            <dst id="WASHng">125710.717333333</dst>
        </src>
        <src id="SNVAng">
            <dst id="ATLA-M5">1248.08266666667</dst>
            <dst id="ATLAng">634.789333333333</dst>
            <dst id="CHINng">1282.264</dst>
            <dst id="DNVRng">1145.02666666667</dst>
            <dst id="HSTNng">260.330666666667</dst>
            <dst id="IPLSng">5488.57066666667</dst>
            <dst id="KSCYng">153.365333333333</dst>
            <dst id="LOSAng">40949.1626666667</dst>
            <dst id="NYCMng">584.826666666667</dst>
            <dst id="SNVAng">22566.8693333333</dst>
            <dst id="STTLng">47695.5253333333</dst>
            <dst id="WASHng">973.714666666666</dst>
        </src>
        <src id="STTLng">
            <dst id="ATLA-M5">640.549333333333</dst>
            <dst id="ATLAng">14956.8933333333</dst>
            <dst id="CHINng">29465.3893333333</dst>
            <dst id="DNVRng">5463.92</dst>
            <dst id="HSTNng">4904.50133333333</dst>
            <dst id="IPLSng">16071.5733333333</dst>
            <dst id="KSCYng">9262.26666666667</dst>
            <dst id="LOSAng">32409.0906666667</dst>
            <dst id="NYCMng">13829.8613333333</dst>
            <dst id="SNVAng">5877.89333333333</dst>
            <dst id="STTLng">6131.68533333333</dst>
            <dst id="WASHng">17023.48</dst>
        </src>
        <src id="WASHng">
            <dst id="ATLA-M5">1196.76266666667</dst>
            <dst id="ATLAng">138353.093333333</dst>
            <dst id="CHINng">107723.144</dst>
            <dst id="DNVRng">68764.8453333333</dst>
            <dst id="HSTNng">28519</dst>
            <dst id="IPLSng">107706.666666667</dst>
            <dst id="KSCYng">33567.9253333333</dst>
            <dst id="LOSAng">130330.728</dst>
            <dst id="NYCMng">154502.248</dst>
            <dst id="SNVAng">5634.18133333333</dst>
            <dst id="STTLng">36328.4293333333</dst>
            <dst id="WASHng">288225.093333333</dst>
        </src>
    </IntraTM>
</TrafficMatrixFile>
