<?xml version="1.0" encoding="ISO-8859-1" standalone="yes"?>
<TrafficMatrixFile xsi:noNamespaceSchemaLocation="http://totem.run.montefiore.ulg.ac.be/Schema/TrafficMatrix-v1_2.xsd" xmlns:xsi="http://www.w3.org/2001/XMLSchema-instance">
    <IntraTM ASID="11537">
        <src id="ATLA-M5">
            <dst id="ATLA-M5">138.373333333333</dst>
            <dst id="ATLAng">1263.94666666667</dst>
            <dst id="CHINng">380.373333333333</dst>
            <dst id="DNVRng">172.338666666667</dst>
            <dst id="HSTNng">116.197333333333</dst>
            <dst id="IPLSng">180.637333333333</dst>
            <dst id="KSCYng">117.706666666667</dst>
            <dst id="LOSAng">348.464</dst>
            <dst id="NYCMng">1398.31466666667</dst>
            <dst id="SNVAng">0</dst>
            <dst id="STTLng">0</dst>
            <dst id="WASHng">2236.24</dst>
        </src>
        <src id="ATLAng">
            <dst id="ATLA-M5">531.208</dst>
            <dst id="ATLAng">28066.3946666667</dst>
            <dst id="CHINng">12855.3173333333</dst>
            <dst id="DNVRng">10045.2906666667</dst>
            <dst id="HSTNng">4241.85866666667</dst>
            <dst id="IPLSng">15794.2373333333</dst>
            <dst id="KSCYng">30483.1946666667</dst>
            <dst id="LOSAng">13803.8</dst>
            <dst id="NYCMng">8466.66933333333</dst>
            <dst id="SNVAng">1178.168</dst>
            <dst id="STTLng">5929.13866666667</dst>
            <dst id="WASHng">64880.088</dst>
        </src>
        <src id="CHINng">
            <dst id="ATLA-M5">4691.064</dst>
            <dst id="ATLAng">20754.96</dst>
            <dst id="CHINng">147737.192</dst>
            <dst id="DNVRng">15436.304</dst>
            <dst id="HSTNng">10241.8213333333</dst>
            <dst id="IPLSng">48365.872</dst>
            <dst id="KSCYng">11704.6053333333</dst>
            <dst id="LOSAng">46995.704</dst>
            <dst id="NYCMng">9783.06666666667</dst>
            <dst id="SNVAng">1190.24</dst>
            <dst id="STTLng">8705.30933333333</dst>
            <dst id="WASHng">57890.0906666666</dst>
        </src>
        <src id="DNVRng">
            <dst id="ATLA-M5">303.405333333333</dst>
            <dst id="ATLAng">7697.34666666667</dst>
            <dst id="CHINng">131742.762666667</dst>
            <dst id="DNVRng">29249.7093333333</dst>
            <dst id="HSTNng">47151.6133333333</dst>
            <dst id="IPLSng">27445.2053333333</dst>
            <dst id="KSCYng">42495.928</dst>
            <dst id="LOSAng">9910.552</dst>
            <dst id="NYCMng">9672.288</dst>
            <dst id="SNVAng">15637.992</dst>
            <dst id="STTLng">15915.152</dst>
            <dst id="WASHng">34720.1413333333</dst>
        </src>
        <src id="HSTNng">
            <dst id="ATLA-M5">5232.89066666667</dst>
            <dst id="ATLAng">3308.224</dst>
            <dst id="CHINng">23589.8</dst>
            <dst id="DNVRng">3399.624</dst>
            <dst id="HSTNng">6917.53866666666</dst>
            <dst id="IPLSng">5038.94666666667</dst>
            <dst id="KSCYng">3723.2</dst>
            <dst id="LOSAng">19600.528</dst>
            <dst id="NYCMng">3497.808</dst>
            <dst id="SNVAng">350.605333333333</dst>
            <dst id="STTLng">1315.304</dst>
            <dst id="WASHng">7870.064</dst>
        </src>
        <src id="IPLSng">
            <dst id="ATLA-M5">282.184</dst>
            <dst id="ATLAng">19429.152</dst>
            <dst id="CHINng">97001.576</dst>
            <dst id="DNVRng">26856.1146666667</dst>
            <dst id="HSTNng">12783.7173333333</dst>
            <dst id="IPLSng">34142.856</dst>
            <dst id="KSCYng">8195.48</dst>
            <dst id="LOSAng">34464.5653333333</dst>
            <dst id="NYCMng">25278.2053333333</dst>
            <dst id="SNVAng">1466.33066666667</dst>
            <dst id="STTLng">15070.3546666667</dst>
            <dst id="WASHng">25711.8213333333</dst>
        </src>
        <src id="KSCYng">
            <dst id="ATLA-M5">368.818666666667</dst>
            <dst id="ATLAng">3928.75466666667</dst>
            <dst id="CHINng">24666.9893333333</dst>
            <dst id="DNVRng">16816.52</dst>
            <dst id="HSTNng">5576.76533333333</dst>
            <dst id="IPLSng">13997.7306666667</dst>
            <dst id="KSCYng">7138.088</dst>
            <dst id="LOSAng">6682.97333333333</dst>
            <dst id="NYCMng">4465.36533333333</dst>
            <dst id="SNVAng">305.522666666667</dst>
            <dst id="STTLng">1830.10133333333</dst>
            <dst id="WASHng">10853.0053333333</dst>
        </src>
        <src id="LOSAng">
            <dst id="ATLA-M5">758.642666666667</dst>
            <dst id="ATLAng">25190.192</dst>
            <dst id="CHINng">146504.298666667</dst>
            <dst id="DNVRng">10481.1813333333</dst>
            <dst id="HSTNng">14458.9493333333</dst>
            <dst id="IPLSng">119879.293333333</dst>
            <dst id="KSCYng">10030.9866666667</dst>
            <dst id="LOSAng">13073.5413333333</dst>
            <dst id="NYCMng">60978.176</dst>
            <dst id="SNVAng">31687.072</dst>
            <dst id="STTLng">81423.504</dst>
            <dst id="WASHng">110804.762666667</dst>
        </src>
        <src id="NYCMng">
            <dst id="ATLA-M5">2205.84</dst>
            <dst id="ATLAng">57905.176</dst>
            <dst id="CHINng">72255.992</dst>
            <dst id="DNVRng">30398.1893333333</dst>
            <dst id="HSTNng">11721.968</dst>
            <dst id="IPLSng">57424.9866666667</dst>
            <dst id="KSCYng">19065.8213333333</dst>
            <dst id="LOSAng">63090.1466666667</dst>
            <dst id="NYCMng">120865.301333333</dst>
            <dst id="SNVAng">3995.00266666667</dst>
            <dst id="STTLng">19286.8026666667</dst>
            <dst id="WASHng">98414.9413333333</dst>
        </src>
        <src id="SNVAng">
            <dst id="ATLA-M5">0</dst>
            <dst id="ATLAng">573.330666666667</dst>
            <dst id="CHINng">6948.86933333333</dst>
            <dst id="DNVRng">5244.58133333333</dst>
            <dst id="HSTNng">219.770666666667</dst>
            <dst id="IPLSng">635.056</dst>
            <dst id="KSCYng">53.3333333333333</dst>
            <dst id="LOSAng">17027.9146666667</dst>
            <dst id="NYCMng">1531.36266666667</dst>
            <dst id="SNVAng">7839.65866666667</dst>
            <dst id="STTLng">23836.968</dst>
            <dst id="WASHng">343.232</dst>
        </src>
        <src id="STTLng">
            <dst id="ATLA-M5">324.666666666667</dst>
            <dst id="ATLAng">15733.168</dst>
            <dst id="CHINng">35966.6426666667</dst>
            <dst id="DNVRng">8493.12533333333</dst>
            <dst id="HSTNng">7599.28266666667</dst>
            <dst id="IPLSng">19674.864</dst>
            <dst id="KSCYng">4513.53066666667</dst>
            <dst id="LOSAng">24091.1093333333</dst>
            <dst id="NYCMng">23227.3413333333</dst>
            <dst id="SNVAng">9211.232</dst>
            <dst id="STTLng">8807.17333333333</dst>
            <dst id="WASHng">18309.3253333333</dst>
        </src>
        <src id="WASHng">
            <dst id="ATLA-M5">2350.21333333333</dst>
            <dst id="ATLAng">100016.216</dst>
            <dst id="CHINng">137531.16</dst>
            <dst id="DNVRng">71784.9306666667</dst>
            <dst id="HSTNng">27262.6533333333</dst>
            <dst id="IPLSng">64741.0773333333</dst>
            <dst id="KSCYng">51143.2693333333</dst>
            <dst id="LOSAng">120042.208</dst>
            <dst id="NYCMng">191518.64</dst>
            <dst id="SNVAng">2040.94666666667</dst>
            <dst id="STTLng">60579.4373333333</dst>
            <dst id="WASHng">371422.853333333</dst>
        </src>
    </IntraTM>
</TrafficMatrixFile>
