<?xml version="1.0" encoding="ISO-8859-1" standalone="yes"?>
<TrafficMatrixFile xsi:noNamespaceSchemaLocation="http://totem.run.montefiore.ulg.ac.be/Schema/TrafficMatrix-v1_2.xsd" xmlns:xsi="http://www.w3.org/2001/XMLSchema-instance">
    <IntraTM ASID="11537">
        <src id="ATLA-M5">
            <dst id="ATLA-M5">0</dst>
            <dst id="ATLAng">0</dst>
            <dst id="CHINng">661.885333333333</dst>
            <dst id="DNVRng">0</dst>
            <dst id="HSTNng">26.6666666666667</dst>
            <dst id="IPLSng">26.6666666666667</dst>
            <dst id="KSCYng">30.008</dst>
            <dst id="LOSAng">26.6666666666667</dst>
            <dst id="NYCMng">0</dst>
            <dst id="SNVAng">0</dst>
            <dst id="STTLng">62.6293333333333</dst>
            <dst id="WASHng">515.576</dst>
        </src>
        <src id="ATLAng">
            <dst id="ATLA-M5">126.946666666667</dst>
            <dst id="ATLAng">59280.624</dst>
            <dst id="CHINng">4536.712</dst>
            <dst id="DNVRng">7578.18933333333</dst>
            <dst id="HSTNng">1133.39466666667</dst>
            <dst id="IPLSng">11285.632</dst>
            <dst id="KSCYng">405.018666666667</dst>
            <dst id="LOSAng">12333.6666666667</dst>
            <dst id="NYCMng">4906.248</dst>
            <dst id="SNVAng">177.370666666667</dst>
            <dst id="STTLng">3435.472</dst>
            <dst id="WASHng">41439.008</dst>
        </src>
        <src id="CHINng">
            <dst id="ATLA-M5">620.525333333333</dst>
            <dst id="ATLAng">42032.2373333333</dst>
            <dst id="CHINng">101565.274666667</dst>
            <dst id="DNVRng">12656.7866666667</dst>
            <dst id="HSTNng">3693.64533333333</dst>
            <dst id="IPLSng">20305.7946666667</dst>
            <dst id="KSCYng">2818.52266666667</dst>
            <dst id="LOSAng">45975.0266666667</dst>
            <dst id="NYCMng">8024.89333333333</dst>
            <dst id="SNVAng">430.778666666667</dst>
            <dst id="STTLng">6635.50133333333</dst>
            <dst id="WASHng">23975.952</dst>
        </src>
        <src id="DNVRng">
            <dst id="ATLA-M5">48.9386666666667</dst>
            <dst id="ATLAng">9330.72</dst>
            <dst id="CHINng">43664.3946666667</dst>
            <dst id="DNVRng">2331.30933333333</dst>
            <dst id="HSTNng">13058.5653333333</dst>
            <dst id="IPLSng">17368.0693333333</dst>
            <dst id="KSCYng">9715.45066666667</dst>
            <dst id="LOSAng">6029.07466666666</dst>
            <dst id="NYCMng">6897.33066666666</dst>
            <dst id="SNVAng">6205.96533333333</dst>
            <dst id="STTLng">4314.72533333333</dst>
            <dst id="WASHng">26560.5786666667</dst>
        </src>
        <src id="HSTNng">
            <dst id="ATLA-M5">327.712</dst>
            <dst id="ATLAng">3776.20266666667</dst>
            <dst id="CHINng">15998.232</dst>
            <dst id="DNVRng">1237.00266666667</dst>
            <dst id="HSTNng">2516.06666666667</dst>
            <dst id="IPLSng">3882.45333333333</dst>
            <dst id="KSCYng">1210.34666666667</dst>
            <dst id="LOSAng">5009.69866666667</dst>
            <dst id="NYCMng">3109.728</dst>
            <dst id="SNVAng">86.0746666666667</dst>
            <dst id="STTLng">3057.86133333333</dst>
            <dst id="WASHng">3829.54666666667</dst>
        </src>
        <src id="IPLSng">
            <dst id="ATLA-M5">0</dst>
            <dst id="ATLAng">18809.28</dst>
            <dst id="CHINng">75405.1626666667</dst>
            <dst id="DNVRng">2172.41066666667</dst>
            <dst id="HSTNng">2817.936</dst>
            <dst id="IPLSng">19762.8693333333</dst>
            <dst id="KSCYng">1826.70133333333</dst>
            <dst id="LOSAng">34421.0133333333</dst>
            <dst id="NYCMng">15136.9866666667</dst>
            <dst id="SNVAng">5445.57333333333</dst>
            <dst id="STTLng">12021.4613333333</dst>
            <dst id="WASHng">30256.472</dst>
        </src>
        <src id="KSCYng">
            <dst id="ATLA-M5">26.6666666666667</dst>
            <dst id="ATLAng">2097.43466666667</dst>
            <dst id="CHINng">21570.8933333333</dst>
            <dst id="DNVRng">7384.82133333334</dst>
            <dst id="HSTNng">2910.952</dst>
            <dst id="IPLSng">6324.53866666666</dst>
            <dst id="KSCYng">3781.832</dst>
            <dst id="LOSAng">7898.94933333333</dst>
            <dst id="NYCMng">6212.92</dst>
            <dst id="SNVAng">1682.19733333333</dst>
            <dst id="STTLng">2085.87733333333</dst>
            <dst id="WASHng">4975.62133333333</dst>
        </src>
        <src id="LOSAng">
            <dst id="ATLA-M5">173.514666666667</dst>
            <dst id="ATLAng">49502.9546666667</dst>
            <dst id="CHINng">127380.461333333</dst>
            <dst id="DNVRng">5395.26666666667</dst>
            <dst id="HSTNng">10024.936</dst>
            <dst id="IPLSng">21772.2613333333</dst>
            <dst id="KSCYng">2091.00266666667</dst>
            <dst id="LOSAng">16188.48</dst>
            <dst id="NYCMng">58992.936</dst>
            <dst id="SNVAng">7068.744</dst>
            <dst id="STTLng">38493.1386666667</dst>
            <dst id="WASHng">93338.4426666667</dst>
        </src>
        <src id="NYCMng">
            <dst id="ATLA-M5">53.3333333333333</dst>
            <dst id="ATLAng">43541.232</dst>
            <dst id="CHINng">36536.9946666667</dst>
            <dst id="DNVRng">108841.373333333</dst>
            <dst id="HSTNng">3260.304</dst>
            <dst id="IPLSng">29827.8506666667</dst>
            <dst id="KSCYng">6220.73866666667</dst>
            <dst id="LOSAng">56221.544</dst>
            <dst id="NYCMng">133283.208</dst>
            <dst id="SNVAng">3035.176</dst>
            <dst id="STTLng">24621.7546666667</dst>
            <dst id="WASHng">55078.296</dst>
        </src>
        <src id="SNVAng">
            <dst id="ATLA-M5">0</dst>
            <dst id="ATLAng">73.912</dst>
            <dst id="CHINng">689.834666666667</dst>
            <dst id="DNVRng">212.010666666667</dst>
            <dst id="HSTNng">242.304</dst>
            <dst id="IPLSng">7057.17066666667</dst>
            <dst id="KSCYng">105.221333333333</dst>
            <dst id="LOSAng">26298.176</dst>
            <dst id="NYCMng">334.733333333333</dst>
            <dst id="SNVAng">7827.2</dst>
            <dst id="STTLng">17224.5493333333</dst>
            <dst id="WASHng">190.293333333333</dst>
        </src>
        <src id="STTLng">
            <dst id="ATLA-M5">60.672</dst>
            <dst id="ATLAng">10817.4186666667</dst>
            <dst id="CHINng">44089.1786666667</dst>
            <dst id="DNVRng">907.658666666667</dst>
            <dst id="HSTNng">1448.41066666667</dst>
            <dst id="IPLSng">7740.744</dst>
            <dst id="KSCYng">701.522666666667</dst>
            <dst id="LOSAng">20503.1413333333</dst>
            <dst id="NYCMng">10847.1866666667</dst>
            <dst id="SNVAng">2286.024</dst>
            <dst id="STTLng">1553.52266666667</dst>
            <dst id="WASHng">11717.4826666667</dst>
        </src>
        <src id="WASHng">
            <dst id="ATLA-M5">163.328</dst>
            <dst id="ATLAng">73224.9893333333</dst>
            <dst id="CHINng">86522.9253333333</dst>
            <dst id="DNVRng">48258.9066666667</dst>
            <dst id="HSTNng">5415.40533333333</dst>
            <dst id="IPLSng">39905.3066666667</dst>
            <dst id="KSCYng">9379.41866666667</dst>
            <dst id="LOSAng">101908.269333333</dst>
            <dst id="NYCMng">138011.032</dst>
            <dst id="SNVAng">545.109333333333</dst>
            <dst id="STTLng">26714.2106666667</dst>
            <dst id="WASHng">291981.173333333</dst>
        </src>
    </IntraTM>
</TrafficMatrixFile>
