<?xml version="1.0" encoding="ISO-8859-1" standalone="yes"?>
<TrafficMatrixFile xsi:noNamespaceSchemaLocation="http://totem.run.montefiore.ulg.ac.be/Schema/TrafficMatrix-v1_2.xsd" xmlns:xsi="http://www.w3.org/2001/XMLSchema-instance">
    <IntraTM ASID="11537">
        <src id="ATLA-M5">
            <dst id="ATLA-M5">95.8186666666667</dst>
            <dst id="ATLAng">416.634666666667</dst>
            <dst id="CHINng">368.842666666667</dst>
            <dst id="DNVRng">26.6666666666667</dst>
            <dst id="HSTNng">882.704</dst>
            <dst id="IPLSng">103.122666666667</dst>
            <dst id="KSCYng">1664</dst>
            <dst id="LOSAng">321.269333333333</dst>
            <dst id="NYCMng">848.437333333333</dst>
            <dst id="SNVAng">0</dst>
            <dst id="STTLng">0</dst>
            <dst id="WASHng">599.258666666667</dst>
        </src>
        <src id="ATLAng">
            <dst id="ATLA-M5">167.821333333333</dst>
            <dst id="ATLAng">43061.7893333333</dst>
            <dst id="CHINng">15505.2906666667</dst>
            <dst id="DNVRng">4396.88266666667</dst>
            <dst id="HSTNng">1924.54933333333</dst>
            <dst id="IPLSng">15037.4293333333</dst>
            <dst id="KSCYng">2022.89866666667</dst>
            <dst id="LOSAng">15191.6453333333</dst>
            <dst id="NYCMng">9987.53333333333</dst>
            <dst id="SNVAng">788.541333333333</dst>
            <dst id="STTLng">5346.12533333333</dst>
            <dst id="WASHng">40234.3226666667</dst>
        </src>
        <src id="CHINng">
            <dst id="ATLA-M5">130.010666666667</dst>
            <dst id="ATLAng">22576.0933333333</dst>
            <dst id="CHINng">97570.2533333333</dst>
            <dst id="DNVRng">27165.2853333333</dst>
            <dst id="HSTNng">6276.35733333333</dst>
            <dst id="IPLSng">49452.376</dst>
            <dst id="KSCYng">8347.488</dst>
            <dst id="LOSAng">68882.8906666667</dst>
            <dst id="NYCMng">10226</dst>
            <dst id="SNVAng">1322.73066666667</dst>
            <dst id="STTLng">8582.90933333333</dst>
            <dst id="WASHng">35559.224</dst>
        </src>
        <src id="DNVRng">
            <dst id="ATLA-M5">53.3333333333333</dst>
            <dst id="ATLAng">22341.624</dst>
            <dst id="CHINng">52433.08</dst>
            <dst id="DNVRng">20520.8213333333</dst>
            <dst id="HSTNng">35624.5066666667</dst>
            <dst id="IPLSng">23150.3306666667</dst>
            <dst id="KSCYng">23900.9706666667</dst>
            <dst id="LOSAng">13748.0346666667</dst>
            <dst id="NYCMng">16191.048</dst>
            <dst id="SNVAng">12772.7786666667</dst>
            <dst id="STTLng">16858.6746666667</dst>
            <dst id="WASHng">27904.7706666667</dst>
        </src>
        <src id="HSTNng">
            <dst id="ATLA-M5">187.274666666667</dst>
            <dst id="ATLAng">12740.968</dst>
            <dst id="CHINng">18608.8293333333</dst>
            <dst id="DNVRng">9458.088</dst>
            <dst id="HSTNng">8010.384</dst>
            <dst id="IPLSng">9886.448</dst>
            <dst id="KSCYng">2001.592</dst>
            <dst id="LOSAng">7953.448</dst>
            <dst id="NYCMng">2738.22133333333</dst>
            <dst id="SNVAng">27.0053333333333</dst>
            <dst id="STTLng">1588.376</dst>
            <dst id="WASHng">3534.30933333333</dst>
        </src>
        <src id="IPLSng">
            <dst id="ATLA-M5">172.24</dst>
            <dst id="ATLAng">35468.8586666667</dst>
            <dst id="CHINng">65657.8133333333</dst>
            <dst id="DNVRng">9396.89333333333</dst>
            <dst id="HSTNng">3967.19466666667</dst>
            <dst id="IPLSng">37750.1466666667</dst>
            <dst id="KSCYng">6022.05333333333</dst>
            <dst id="LOSAng">62441.208</dst>
            <dst id="NYCMng">28176.08</dst>
            <dst id="SNVAng">724.266666666667</dst>
            <dst id="STTLng">10086.7946666667</dst>
            <dst id="WASHng">47678.0453333333</dst>
        </src>
        <src id="KSCYng">
            <dst id="ATLA-M5">87.1653333333333</dst>
            <dst id="ATLAng">3307.02133333333</dst>
            <dst id="CHINng">30512.336</dst>
            <dst id="DNVRng">9696.76533333333</dst>
            <dst id="HSTNng">4736.93066666667</dst>
            <dst id="IPLSng">15063.6106666667</dst>
            <dst id="KSCYng">7768.54133333333</dst>
            <dst id="LOSAng">24510.384</dst>
            <dst id="NYCMng">2615.62666666667</dst>
            <dst id="SNVAng">209.68</dst>
            <dst id="STTLng">3219.95466666667</dst>
            <dst id="WASHng">11938.6266666667</dst>
        </src>
        <src id="LOSAng">
            <dst id="ATLA-M5">1431.44266666667</dst>
            <dst id="ATLAng">24609.4613333333</dst>
            <dst id="CHINng">98380.9466666666</dst>
            <dst id="DNVRng">40229.5866666667</dst>
            <dst id="HSTNng">14061.9466666667</dst>
            <dst id="IPLSng">45407.7466666667</dst>
            <dst id="KSCYng">6113.19466666667</dst>
            <dst id="LOSAng">12268.0186666667</dst>
            <dst id="NYCMng">87707.2613333333</dst>
            <dst id="SNVAng">11781.3493333333</dst>
            <dst id="STTLng">45168.8346666667</dst>
            <dst id="WASHng">127806.712</dst>
        </src>
        <src id="NYCMng">
            <dst id="ATLA-M5">243.368</dst>
            <dst id="ATLAng">54778.0186666667</dst>
            <dst id="CHINng">45684.8933333333</dst>
            <dst id="DNVRng">132389.634666667</dst>
            <dst id="HSTNng">16391.848</dst>
            <dst id="IPLSng">51349.8533333333</dst>
            <dst id="KSCYng">23993.368</dst>
            <dst id="LOSAng">100524.312</dst>
            <dst id="NYCMng">94590.1306666667</dst>
            <dst id="SNVAng">7369.69333333333</dst>
            <dst id="STTLng">27191.3466666667</dst>
            <dst id="WASHng">85408.8106666667</dst>
        </src>
        <src id="SNVAng">
            <dst id="ATLA-M5">0</dst>
            <dst id="ATLAng">80</dst>
            <dst id="CHINng">566.330666666667</dst>
            <dst id="DNVRng">1433.768</dst>
            <dst id="HSTNng">2257.16533333333</dst>
            <dst id="IPLSng">1493.96266666667</dst>
            <dst id="KSCYng">20741.4826666667</dst>
            <dst id="LOSAng">39220.76</dst>
            <dst id="NYCMng">8565.30133333333</dst>
            <dst id="SNVAng">9893.93333333333</dst>
            <dst id="STTLng">25994.6053333333</dst>
            <dst id="WASHng">0</dst>
        </src>
        <src id="STTLng">
            <dst id="ATLA-M5">0</dst>
            <dst id="ATLAng">11672.6026666667</dst>
            <dst id="CHINng">22710.8</dst>
            <dst id="DNVRng">7412.15466666667</dst>
            <dst id="HSTNng">4010.968</dst>
            <dst id="IPLSng">8016.64</dst>
            <dst id="KSCYng">4905.232</dst>
            <dst id="LOSAng">34827.2293333333</dst>
            <dst id="NYCMng">8765.264</dst>
            <dst id="SNVAng">2815.11733333333</dst>
            <dst id="STTLng">7921.29333333333</dst>
            <dst id="WASHng">13677.1786666667</dst>
        </src>
        <src id="WASHng">
            <dst id="ATLA-M5">999.968</dst>
            <dst id="ATLAng">164659.034666667</dst>
            <dst id="CHINng">101256.917333333</dst>
            <dst id="DNVRng">59186.9493333333</dst>
            <dst id="HSTNng">22637.2213333333</dst>
            <dst id="IPLSng">57144.3066666667</dst>
            <dst id="KSCYng">28943.616</dst>
            <dst id="LOSAng">126634.938666667</dst>
            <dst id="NYCMng">135043.226666667</dst>
            <dst id="SNVAng">8268.33866666667</dst>
            <dst id="STTLng">40472.7626666667</dst>
            <dst id="WASHng">355423.893333333</dst>
        </src>
    </IntraTM>
</TrafficMatrixFile>
