<?xml version="1.0" encoding="ISO-8859-1" standalone="yes"?>
<TrafficMatrixFile xsi:noNamespaceSchemaLocation="http://totem.run.montefiore.ulg.ac.be/Schema/TrafficMatrix-v1_2.xsd" xmlns:xsi="http://www.w3.org/2001/XMLSchema-instance">
    <IntraTM ASID="11537">
        <src id="ATLA-M5">
            <dst id="ATLA-M5">0</dst>
            <dst id="ATLAng">0</dst>
            <dst id="CHINng">80.472</dst>
            <dst id="DNVRng">26.6666666666667</dst>
            <dst id="HSTNng">65.6826666666667</dst>
            <dst id="IPLSng">26.6666666666667</dst>
            <dst id="KSCYng">54.6346666666667</dst>
            <dst id="LOSAng">102.904</dst>
            <dst id="NYCMng">45.808</dst>
            <dst id="SNVAng">0</dst>
            <dst id="STTLng">0</dst>
            <dst id="WASHng">1645.62933333333</dst>
        </src>
        <src id="ATLAng">
            <dst id="ATLA-M5">96.848</dst>
            <dst id="ATLAng">25996.344</dst>
            <dst id="CHINng">4156.62666666667</dst>
            <dst id="DNVRng">5374.112</dst>
            <dst id="HSTNng">365.170666666667</dst>
            <dst id="IPLSng">10125.7493333333</dst>
            <dst id="KSCYng">820.522666666667</dst>
            <dst id="LOSAng">12611.7573333333</dst>
            <dst id="NYCMng">7514.376</dst>
            <dst id="SNVAng">0</dst>
            <dst id="STTLng">4423.952</dst>
            <dst id="WASHng">49649.232</dst>
        </src>
        <src id="CHINng">
            <dst id="ATLA-M5">0</dst>
            <dst id="ATLAng">4596.76533333333</dst>
            <dst id="CHINng">113688.432</dst>
            <dst id="DNVRng">17028.8266666667</dst>
            <dst id="HSTNng">3096.47466666667</dst>
            <dst id="IPLSng">30194.7973333333</dst>
            <dst id="KSCYng">5084.86666666667</dst>
            <dst id="LOSAng">59142.576</dst>
            <dst id="NYCMng">10654.9013333333</dst>
            <dst id="SNVAng">290.416</dst>
            <dst id="STTLng">7368.82666666667</dst>
            <dst id="WASHng">16974.064</dst>
        </src>
        <src id="DNVRng">
            <dst id="ATLA-M5">145.76</dst>
            <dst id="ATLAng">7480.95733333333</dst>
            <dst id="CHINng">57897.864</dst>
            <dst id="DNVRng">32991.1866666667</dst>
            <dst id="HSTNng">23978.9386666667</dst>
            <dst id="IPLSng">21681.9706666667</dst>
            <dst id="KSCYng">24234.208</dst>
            <dst id="LOSAng">21225.4586666667</dst>
            <dst id="NYCMng">11677.0666666667</dst>
            <dst id="SNVAng">16527.4053333333</dst>
            <dst id="STTLng">17707.1253333333</dst>
            <dst id="WASHng">40675.584</dst>
        </src>
        <src id="HSTNng">
            <dst id="ATLA-M5">3545.272</dst>
            <dst id="ATLAng">2245.32533333333</dst>
            <dst id="CHINng">14397.584</dst>
            <dst id="DNVRng">6939.15733333333</dst>
            <dst id="HSTNng">2612.56266666667</dst>
            <dst id="IPLSng">196.834666666667</dst>
            <dst id="KSCYng">4923.85866666667</dst>
            <dst id="LOSAng">9997.83466666667</dst>
            <dst id="NYCMng">2592.25866666667</dst>
            <dst id="SNVAng">0</dst>
            <dst id="STTLng">2558.52</dst>
            <dst id="WASHng">1332.696</dst>
        </src>
        <src id="IPLSng">
            <dst id="ATLA-M5">0</dst>
            <dst id="ATLAng">20756.3733333333</dst>
            <dst id="CHINng">86897.08</dst>
            <dst id="DNVRng">6849.792</dst>
            <dst id="HSTNng">625.477333333333</dst>
            <dst id="IPLSng">33863.3093333333</dst>
            <dst id="KSCYng">2928.69333333333</dst>
            <dst id="LOSAng">41444.8453333333</dst>
            <dst id="NYCMng">11446.4213333333</dst>
            <dst id="SNVAng">155.498666666667</dst>
            <dst id="STTLng">10565.7706666667</dst>
            <dst id="WASHng">20600.0346666667</dst>
        </src>
        <src id="KSCYng">
            <dst id="ATLA-M5">0</dst>
            <dst id="ATLAng">1555.248</dst>
            <dst id="CHINng">26888.9013333333</dst>
            <dst id="DNVRng">7468.792</dst>
            <dst id="HSTNng">2441.97333333333</dst>
            <dst id="IPLSng">10206.68</dst>
            <dst id="KSCYng">6684.616</dst>
            <dst id="LOSAng">10009.5546666667</dst>
            <dst id="NYCMng">6148.512</dst>
            <dst id="SNVAng">149.186666666667</dst>
            <dst id="STTLng">2681.62933333333</dst>
            <dst id="WASHng">6436.50133333333</dst>
        </src>
        <src id="LOSAng">
            <dst id="ATLA-M5">646.008</dst>
            <dst id="ATLAng">25288.6453333333</dst>
            <dst id="CHINng">129233.522666667</dst>
            <dst id="DNVRng">12136.7706666667</dst>
            <dst id="HSTNng">13352.1493333333</dst>
            <dst id="IPLSng">27310.1786666667</dst>
            <dst id="KSCYng">5777.68533333333</dst>
            <dst id="LOSAng">17077.6773333333</dst>
            <dst id="NYCMng">42137.0053333333</dst>
            <dst id="SNVAng">7264.02933333333</dst>
            <dst id="STTLng">39535.8293333333</dst>
            <dst id="WASHng">92453.4106666667</dst>
        </src>
        <src id="NYCMng">
            <dst id="ATLA-M5">788.296</dst>
            <dst id="ATLAng">27668.4613333333</dst>
            <dst id="CHINng">52194.0746666667</dst>
            <dst id="DNVRng">117752.928</dst>
            <dst id="HSTNng">5706.928</dst>
            <dst id="IPLSng">23806.8186666667</dst>
            <dst id="KSCYng">11739.856</dst>
            <dst id="LOSAng">93853.8613333333</dst>
            <dst id="NYCMng">78891.2533333334</dst>
            <dst id="SNVAng">1458.39466666667</dst>
            <dst id="STTLng">28229.448</dst>
            <dst id="WASHng">55994.5973333333</dst>
        </src>
        <src id="SNVAng">
            <dst id="ATLA-M5">0</dst>
            <dst id="ATLAng">0</dst>
            <dst id="CHINng">482.549333333333</dst>
            <dst id="DNVRng">2728.83466666667</dst>
            <dst id="HSTNng">39.2106666666667</dst>
            <dst id="IPLSng">291.882666666667</dst>
            <dst id="KSCYng">0</dst>
            <dst id="LOSAng">26249.232</dst>
            <dst id="NYCMng">162.922666666667</dst>
            <dst id="SNVAng">6831.34133333333</dst>
            <dst id="STTLng">21740.6533333333</dst>
            <dst id="WASHng">26.6666666666667</dst>
        </src>
        <src id="STTLng">
            <dst id="ATLA-M5">0</dst>
            <dst id="ATLAng">10283.5946666667</dst>
            <dst id="CHINng">31947.5653333333</dst>
            <dst id="DNVRng">1967.896</dst>
            <dst id="HSTNng">556.269333333333</dst>
            <dst id="IPLSng">8637.11733333333</dst>
            <dst id="KSCYng">1473.304</dst>
            <dst id="LOSAng">20612.0453333333</dst>
            <dst id="NYCMng">9575.40533333333</dst>
            <dst id="SNVAng">4071.568</dst>
            <dst id="STTLng">6831.816</dst>
            <dst id="WASHng">4663.40266666667</dst>
        </src>
        <src id="WASHng">
            <dst id="ATLA-M5">161.629333333333</dst>
            <dst id="ATLAng">83344.3893333333</dst>
            <dst id="CHINng">82873.1253333333</dst>
            <dst id="DNVRng">123974.408</dst>
            <dst id="HSTNng">14662.8266666667</dst>
            <dst id="IPLSng">43478.2853333333</dst>
            <dst id="KSCYng">19393.1626666667</dst>
            <dst id="LOSAng">117586.893333333</dst>
            <dst id="NYCMng">114429.192</dst>
            <dst id="SNVAng">7046.09066666667</dst>
            <dst id="STTLng">24416.992</dst>
            <dst id="WASHng">308145.44</dst>
        </src>
    </IntraTM>
</TrafficMatrixFile>
