<?xml version="1.0" encoding="ISO-8859-1" standalone="yes"?>
<TrafficMatrixFile xsi:noNamespaceSchemaLocation="http://totem.run.montefiore.ulg.ac.be/Schema/TrafficMatrix-v1_2.xsd" xmlns:xsi="http://www.w3.org/2001/XMLSchema-instance">
    <IntraTM ASID="11537">
        <src id="ATLA-M5">
            <dst id="ATLA-M5">52.0746666666667</dst>
            <dst id="ATLAng">425.016</dst>
            <dst id="CHINng">160</dst>
            <dst id="DNVRng">42.184</dst>
            <dst id="HSTNng">707.76</dst>
            <dst id="IPLSng">232.085333333333</dst>
            <dst id="KSCYng">26.6666666666667</dst>
            <dst id="LOSAng">196.986666666667</dst>
            <dst id="NYCMng">48.2026666666667</dst>
            <dst id="SNVAng">13.3333333333333</dst>
            <dst id="STTLng">0</dst>
            <dst id="WASHng">914.784</dst>
        </src>
        <src id="ATLAng">
            <dst id="ATLA-M5">393.298666666667</dst>
            <dst id="ATLAng">42274.5146666667</dst>
            <dst id="CHINng">16582.1333333333</dst>
            <dst id="DNVRng">6039.61333333333</dst>
            <dst id="HSTNng">3018.10933333333</dst>
            <dst id="IPLSng">15631.2026666667</dst>
            <dst id="KSCYng">21235.2346666667</dst>
            <dst id="LOSAng">19676.136</dst>
            <dst id="NYCMng">8048.088</dst>
            <dst id="SNVAng">326.714666666667</dst>
            <dst id="STTLng">5387.58933333333</dst>
            <dst id="WASHng">46763.8026666667</dst>
        </src>
        <src id="CHINng">
            <dst id="ATLA-M5">237.674666666667</dst>
            <dst id="ATLAng">19720.8186666667</dst>
            <dst id="CHINng">102133.050666667</dst>
            <dst id="DNVRng">24429.0186666667</dst>
            <dst id="HSTNng">13051.704</dst>
            <dst id="IPLSng">51900.6266666667</dst>
            <dst id="KSCYng">13000.928</dst>
            <dst id="LOSAng">80800.8826666667</dst>
            <dst id="NYCMng">13558.272</dst>
            <dst id="SNVAng">4623.088</dst>
            <dst id="STTLng">9166.39733333333</dst>
            <dst id="WASHng">33007.9786666667</dst>
        </src>
        <src id="DNVRng">
            <dst id="ATLA-M5">111.84</dst>
            <dst id="ATLAng">22516.5413333333</dst>
            <dst id="CHINng">40983.8693333333</dst>
            <dst id="DNVRng">22932.6186666667</dst>
            <dst id="HSTNng">39123.6666666667</dst>
            <dst id="IPLSng">24902.976</dst>
            <dst id="KSCYng">21609.6826666667</dst>
            <dst id="LOSAng">15722.7413333333</dst>
            <dst id="NYCMng">19458.3066666667</dst>
            <dst id="SNVAng">13663.152</dst>
            <dst id="STTLng">16742.184</dst>
            <dst id="WASHng">35493.4533333333</dst>
        </src>
        <src id="HSTNng">
            <dst id="ATLA-M5">1868.30133333333</dst>
            <dst id="ATLAng">4442.22666666667</dst>
            <dst id="CHINng">20848.8773333333</dst>
            <dst id="DNVRng">10817.4373333333</dst>
            <dst id="HSTNng">9270.288</dst>
            <dst id="IPLSng">9542.28266666667</dst>
            <dst id="KSCYng">2304.33333333333</dst>
            <dst id="LOSAng">12710.176</dst>
            <dst id="NYCMng">10309.9813333333</dst>
            <dst id="SNVAng">128.882666666667</dst>
            <dst id="STTLng">1577.05066666667</dst>
            <dst id="WASHng">3882.98133333333</dst>
        </src>
        <src id="IPLSng">
            <dst id="ATLA-M5">296.818666666667</dst>
            <dst id="ATLAng">26434.3866666667</dst>
            <dst id="CHINng">82944.248</dst>
            <dst id="DNVRng">14554.184</dst>
            <dst id="HSTNng">2842.168</dst>
            <dst id="IPLSng">43192.2106666667</dst>
            <dst id="KSCYng">11380.6</dst>
            <dst id="LOSAng">64407.0186666667</dst>
            <dst id="NYCMng">25387.1653333333</dst>
            <dst id="SNVAng">1353.27733333333</dst>
            <dst id="STTLng">10746.4053333333</dst>
            <dst id="WASHng">38478.376</dst>
        </src>
        <src id="KSCYng">
            <dst id="ATLA-M5">99.1146666666667</dst>
            <dst id="ATLAng">7157.71466666667</dst>
            <dst id="CHINng">46374.2293333333</dst>
            <dst id="DNVRng">9290.81333333333</dst>
            <dst id="HSTNng">5214.73333333333</dst>
            <dst id="IPLSng">25147.208</dst>
            <dst id="KSCYng">6760.69333333333</dst>
            <dst id="LOSAng">11110.952</dst>
            <dst id="NYCMng">2968.352</dst>
            <dst id="SNVAng">176.538666666667</dst>
            <dst id="STTLng">2062.424</dst>
            <dst id="WASHng">18627.0186666667</dst>
        </src>
        <src id="LOSAng">
            <dst id="ATLA-M5">749.493333333333</dst>
            <dst id="ATLAng">21232.1013333333</dst>
            <dst id="CHINng">96728.656</dst>
            <dst id="DNVRng">18021.528</dst>
            <dst id="HSTNng">17421.2666666667</dst>
            <dst id="IPLSng">46390.8053333333</dst>
            <dst id="KSCYng">9145.704</dst>
            <dst id="LOSAng">12089.8373333333</dst>
            <dst id="NYCMng">78782.5733333333</dst>
            <dst id="SNVAng">12360.464</dst>
            <dst id="STTLng">40723.2613333333</dst>
            <dst id="WASHng">100817.781333333</dst>
        </src>
        <src id="NYCMng">
            <dst id="ATLA-M5">676.061333333333</dst>
            <dst id="ATLAng">58152.6693333333</dst>
            <dst id="CHINng">43322.3626666667</dst>
            <dst id="DNVRng">129539.781333333</dst>
            <dst id="HSTNng">13140.2853333333</dst>
            <dst id="IPLSng">54096.6213333333</dst>
            <dst id="KSCYng">32254.9173333333</dst>
            <dst id="LOSAng">104300.184</dst>
            <dst id="NYCMng">98853.2133333334</dst>
            <dst id="SNVAng">5616.77866666667</dst>
            <dst id="STTLng">26567.0506666667</dst>
            <dst id="WASHng">80786.928</dst>
        </src>
        <src id="SNVAng">
            <dst id="ATLA-M5">0</dst>
            <dst id="ATLAng">80</dst>
            <dst id="CHINng">386.794666666667</dst>
            <dst id="DNVRng">7901.28266666667</dst>
            <dst id="HSTNng">80</dst>
            <dst id="IPLSng">2853.37066666667</dst>
            <dst id="KSCYng">19403.36</dst>
            <dst id="LOSAng">30609.2133333333</dst>
            <dst id="NYCMng">150.373333333333</dst>
            <dst id="SNVAng">8081.30133333333</dst>
            <dst id="STTLng">33506.7306666667</dst>
            <dst id="WASHng">106.666666666667</dst>
        </src>
        <src id="STTLng">
            <dst id="ATLA-M5">64.2133333333333</dst>
            <dst id="ATLAng">12111.7946666667</dst>
            <dst id="CHINng">20690.7093333333</dst>
            <dst id="DNVRng">7570.968</dst>
            <dst id="HSTNng">4129.33333333333</dst>
            <dst id="IPLSng">9680.71733333333</dst>
            <dst id="KSCYng">3146.50133333333</dst>
            <dst id="LOSAng">39425.112</dst>
            <dst id="NYCMng">14801.904</dst>
            <dst id="SNVAng">5011.57333333333</dst>
            <dst id="STTLng">7197.13866666667</dst>
            <dst id="WASHng">15620.6266666667</dst>
        </src>
        <src id="WASHng">
            <dst id="ATLA-M5">1234.46666666667</dst>
            <dst id="ATLAng">113092.213333333</dst>
            <dst id="CHINng">104727.674666667</dst>
            <dst id="DNVRng">83416.7333333333</dst>
            <dst id="HSTNng">33895.8293333333</dst>
            <dst id="IPLSng">67190.8026666667</dst>
            <dst id="KSCYng">34525.2213333333</dst>
            <dst id="LOSAng">127386.282666667</dst>
            <dst id="NYCMng">154831.365333333</dst>
            <dst id="SNVAng">9915.17066666667</dst>
            <dst id="STTLng">43517.8906666667</dst>
            <dst id="WASHng">390625.013333333</dst>
        </src>
    </IntraTM>
</TrafficMatrixFile>
