<?xml version="1.0" encoding="ISO-8859-1" standalone="yes"?>
<TrafficMatrixFile xsi:noNamespaceSchemaLocation="http://totem.run.montefiore.ulg.ac.be/Schema/TrafficMatrix-v1_2.xsd" xmlns:xsi="http://www.w3.org/2001/XMLSchema-instance">
    <IntraTM ASID="11537">
        <src id="ATLA-M5">
            <dst id="ATLA-M5">92.984</dst>
            <dst id="ATLAng">261.314666666667</dst>
            <dst id="CHINng">406.093333333333</dst>
            <dst id="DNVRng">0</dst>
            <dst id="HSTNng">43.7093333333333</dst>
            <dst id="IPLSng">281.237333333333</dst>
            <dst id="KSCYng">1369.51466666667</dst>
            <dst id="LOSAng">89.64</dst>
            <dst id="NYCMng">26.6666666666667</dst>
            <dst id="SNVAng">0</dst>
            <dst id="STTLng">701.218666666667</dst>
            <dst id="WASHng">1255.53333333333</dst>
        </src>
        <src id="ATLAng">
            <dst id="ATLA-M5">162.013333333333</dst>
            <dst id="ATLAng">38726.0906666667</dst>
            <dst id="CHINng">6769.824</dst>
            <dst id="DNVRng">11308.3626666667</dst>
            <dst id="HSTNng">1570.29333333333</dst>
            <dst id="IPLSng">8960.52</dst>
            <dst id="KSCYng">6902.56</dst>
            <dst id="LOSAng">17855.952</dst>
            <dst id="NYCMng">4238.85066666667</dst>
            <dst id="SNVAng">856.250666666667</dst>
            <dst id="STTLng">4430.14666666667</dst>
            <dst id="WASHng">26811.5093333333</dst>
        </src>
        <src id="CHINng">
            <dst id="ATLA-M5">225.021333333333</dst>
            <dst id="ATLAng">13583.864</dst>
            <dst id="CHINng">97152.9226666667</dst>
            <dst id="DNVRng">15195.1946666667</dst>
            <dst id="HSTNng">5919.81333333333</dst>
            <dst id="IPLSng">48015.7893333333</dst>
            <dst id="KSCYng">4447.4</dst>
            <dst id="LOSAng">52398.432</dst>
            <dst id="NYCMng">8697.00266666667</dst>
            <dst id="SNVAng">1438.53066666667</dst>
            <dst id="STTLng">21401.0746666667</dst>
            <dst id="WASHng">19261.584</dst>
        </src>
        <src id="DNVRng">
            <dst id="ATLA-M5">105.162666666667</dst>
            <dst id="ATLAng">7851.52533333333</dst>
            <dst id="CHINng">43296.792</dst>
            <dst id="DNVRng">7827.60533333333</dst>
            <dst id="HSTNng">19175.216</dst>
            <dst id="IPLSng">24138.8453333333</dst>
            <dst id="KSCYng">17940.6666666667</dst>
            <dst id="LOSAng">10685.5866666667</dst>
            <dst id="NYCMng">13136.8533333333</dst>
            <dst id="SNVAng">7636.18933333333</dst>
            <dst id="STTLng">17566.1973333333</dst>
            <dst id="WASHng">33575.9973333333</dst>
        </src>
        <src id="HSTNng">
            <dst id="ATLA-M5">188.373333333333</dst>
            <dst id="ATLAng">31706.7813333333</dst>
            <dst id="CHINng">11202.112</dst>
            <dst id="DNVRng">2594.01866666667</dst>
            <dst id="HSTNng">9427.14133333333</dst>
            <dst id="IPLSng">1409.76266666667</dst>
            <dst id="KSCYng">2970.10666666667</dst>
            <dst id="LOSAng">16758.5813333333</dst>
            <dst id="NYCMng">2431.088</dst>
            <dst id="SNVAng">0</dst>
            <dst id="STTLng">1493.62666666667</dst>
            <dst id="WASHng">6276.472</dst>
        </src>
        <src id="IPLSng">
            <dst id="ATLA-M5">100.72</dst>
            <dst id="ATLAng">10232.9173333333</dst>
            <dst id="CHINng">54100.6426666667</dst>
            <dst id="DNVRng">6915.56266666667</dst>
            <dst id="HSTNng">3040.344</dst>
            <dst id="IPLSng">61506.144</dst>
            <dst id="KSCYng">4278.888</dst>
            <dst id="LOSAng">48453.5706666667</dst>
            <dst id="NYCMng">21955.2853333333</dst>
            <dst id="SNVAng">2095.13333333333</dst>
            <dst id="STTLng">13841.888</dst>
            <dst id="WASHng">15765.5973333333</dst>
        </src>
        <src id="KSCYng">
            <dst id="ATLA-M5">31.1173333333333</dst>
            <dst id="ATLAng">3707.93066666667</dst>
            <dst id="CHINng">27927.36</dst>
            <dst id="DNVRng">9937.592</dst>
            <dst id="HSTNng">6993.11466666667</dst>
            <dst id="IPLSng">12018.0986666667</dst>
            <dst id="KSCYng">6422.87466666667</dst>
            <dst id="LOSAng">8840.90666666667</dst>
            <dst id="NYCMng">3403.59733333333</dst>
            <dst id="SNVAng">1337.79466666667</dst>
            <dst id="STTLng">1539.59733333333</dst>
            <dst id="WASHng">8498.87733333334</dst>
        </src>
        <src id="LOSAng">
            <dst id="ATLA-M5">54.44</dst>
            <dst id="ATLAng">16975.904</dst>
            <dst id="CHINng">85036.5813333333</dst>
            <dst id="DNVRng">10931.4933333333</dst>
            <dst id="HSTNng">6485.90133333333</dst>
            <dst id="IPLSng">65251.3333333333</dst>
            <dst id="KSCYng">5436.768</dst>
            <dst id="LOSAng">17920.136</dst>
            <dst id="NYCMng">74150.096</dst>
            <dst id="SNVAng">8862.92</dst>
            <dst id="STTLng">50666.4506666667</dst>
            <dst id="WASHng">128332.848</dst>
        </src>
        <src id="NYCMng">
            <dst id="ATLA-M5">286.133333333333</dst>
            <dst id="ATLAng">53952.0746666667</dst>
            <dst id="CHINng">47416.1733333333</dst>
            <dst id="DNVRng">122563.725333333</dst>
            <dst id="HSTNng">5358.18133333333</dst>
            <dst id="IPLSng">60899.136</dst>
            <dst id="KSCYng">12745.9626666667</dst>
            <dst id="LOSAng">99093.7733333333</dst>
            <dst id="NYCMng">67886.7253333333</dst>
            <dst id="SNVAng">2566.576</dst>
            <dst id="STTLng">29508.7733333333</dst>
            <dst id="WASHng">63811.0506666667</dst>
        </src>
        <src id="SNVAng">
            <dst id="ATLA-M5">0</dst>
            <dst id="ATLAng">100.485333333333</dst>
            <dst id="CHINng">243.68</dst>
            <dst id="DNVRng">20274.184</dst>
            <dst id="HSTNng">85.3973333333333</dst>
            <dst id="IPLSng">263.858666666667</dst>
            <dst id="KSCYng">138.408</dst>
            <dst id="LOSAng">35439.8906666667</dst>
            <dst id="NYCMng">8744.32</dst>
            <dst id="SNVAng">9019.45866666667</dst>
            <dst id="STTLng">22675.6533333333</dst>
            <dst id="WASHng">26.6666666666667</dst>
        </src>
        <src id="STTLng">
            <dst id="ATLA-M5">472.608</dst>
            <dst id="ATLAng">9963.83733333333</dst>
            <dst id="CHINng">13228.936</dst>
            <dst id="DNVRng">2413.81866666667</dst>
            <dst id="HSTNng">2238.24533333333</dst>
            <dst id="IPLSng">7558.73066666667</dst>
            <dst id="KSCYng">1793.296</dst>
            <dst id="LOSAng">36046.184</dst>
            <dst id="NYCMng">7627.62133333333</dst>
            <dst id="SNVAng">3170.08533333333</dst>
            <dst id="STTLng">4295.75733333333</dst>
            <dst id="WASHng">9014.90133333334</dst>
        </src>
        <src id="WASHng">
            <dst id="ATLA-M5">1026.736</dst>
            <dst id="ATLAng">88580.5866666667</dst>
            <dst id="CHINng">84882.1253333333</dst>
            <dst id="DNVRng">70007.176</dst>
            <dst id="HSTNng">32886.6266666667</dst>
            <dst id="IPLSng">42142.424</dst>
            <dst id="KSCYng">16696.4613333333</dst>
            <dst id="LOSAng">131063.274666667</dst>
            <dst id="NYCMng">189688.216</dst>
            <dst id="SNVAng">7069.13066666667</dst>
            <dst id="STTLng">30374.7173333333</dst>
            <dst id="WASHng">223113.093333333</dst>
        </src>
    </IntraTM>
</TrafficMatrixFile>
