<?xml version="1.0" encoding="ISO-8859-1" standalone="yes"?>
<TrafficMatrixFile xsi:noNamespaceSchemaLocation="http://totem.run.montefiore.ulg.ac.be/Schema/TrafficMatrix-v1_2.xsd" xmlns:xsi="http://www.w3.org/2001/XMLSchema-instance">
    <IntraTM ASID="11537">
        <src id="ATLA-M5">
            <dst id="ATLA-M5">0</dst>
            <dst id="ATLAng">0</dst>
            <dst id="CHINng">196.888</dst>
            <dst id="DNVRng">0</dst>
            <dst id="HSTNng">646.416</dst>
            <dst id="IPLSng">144.968</dst>
            <dst id="KSCYng">26.6666666666667</dst>
            <dst id="LOSAng">104.532</dst>
            <dst id="NYCMng">53.3333333333333</dst>
            <dst id="SNVAng">45.6066666666667</dst>
            <dst id="STTLng">342.224</dst>
            <dst id="WASHng">780.226666666667</dst>
        </src>
        <src id="ATLAng">
            <dst id="ATLA-M5">144.832</dst>
            <dst id="ATLAng">36883.144</dst>
            <dst id="CHINng">6980.28533333333</dst>
            <dst id="DNVRng">3812.37066666667</dst>
            <dst id="HSTNng">395.186666666667</dst>
            <dst id="IPLSng">10619.4773333333</dst>
            <dst id="KSCYng">688.717333333333</dst>
            <dst id="LOSAng">14860.7466666667</dst>
            <dst id="NYCMng">4719.86933333333</dst>
            <dst id="SNVAng">94.808</dst>
            <dst id="STTLng">7790.08533333333</dst>
            <dst id="WASHng">40066.6213333333</dst>
        </src>
        <src id="CHINng">
            <dst id="ATLA-M5">307.656</dst>
            <dst id="ATLAng">36901.1333333333</dst>
            <dst id="CHINng">70856.3866666667</dst>
            <dst id="DNVRng">16816.7333333333</dst>
            <dst id="HSTNng">3744.96533333333</dst>
            <dst id="IPLSng">18802.704</dst>
            <dst id="KSCYng">6818.312</dst>
            <dst id="LOSAng">58838.2346666666</dst>
            <dst id="NYCMng">3956.62133333333</dst>
            <dst id="SNVAng">92.4906666666667</dst>
            <dst id="STTLng">12940.5866666667</dst>
            <dst id="WASHng">12978.4666666667</dst>
        </src>
        <src id="DNVRng">
            <dst id="ATLA-M5">151.84</dst>
            <dst id="ATLAng">4063.88</dst>
            <dst id="CHINng">48132.8106666667</dst>
            <dst id="DNVRng">6850.976</dst>
            <dst id="HSTNng">16595.3066666667</dst>
            <dst id="IPLSng">19929.9386666667</dst>
            <dst id="KSCYng">15110.2826666667</dst>
            <dst id="LOSAng">10495.9413333333</dst>
            <dst id="NYCMng">11844.4853333333</dst>
            <dst id="SNVAng">8308.11733333333</dst>
            <dst id="STTLng">6950.44266666667</dst>
            <dst id="WASHng">33145.4506666667</dst>
        </src>
        <src id="HSTNng">
            <dst id="ATLA-M5">2215.344</dst>
            <dst id="ATLAng">11338.184</dst>
            <dst id="CHINng">9613.56533333333</dst>
            <dst id="DNVRng">1405.81866666667</dst>
            <dst id="HSTNng">2183.92533333333</dst>
            <dst id="IPLSng">518.586666666667</dst>
            <dst id="KSCYng">1259.512</dst>
            <dst id="LOSAng">9449.38933333333</dst>
            <dst id="NYCMng">1255.99733333333</dst>
            <dst id="SNVAng">0</dst>
            <dst id="STTLng">2519.96</dst>
            <dst id="WASHng">2872.58933333333</dst>
        </src>
        <src id="IPLSng">
            <dst id="ATLA-M5">26.6666666666667</dst>
            <dst id="ATLAng">10053.136</dst>
            <dst id="CHINng">77853.5866666667</dst>
            <dst id="DNVRng">6720.32266666667</dst>
            <dst id="HSTNng">2155.58133333333</dst>
            <dst id="IPLSng">16113.976</dst>
            <dst id="KSCYng">3304.944</dst>
            <dst id="LOSAng">78768.888</dst>
            <dst id="NYCMng">21145.152</dst>
            <dst id="SNVAng">1058.12</dst>
            <dst id="STTLng">15919</dst>
            <dst id="WASHng">14504.616</dst>
        </src>
        <src id="KSCYng">
            <dst id="ATLA-M5">0</dst>
            <dst id="ATLAng">1607.62666666667</dst>
            <dst id="CHINng">12470.8533333333</dst>
            <dst id="DNVRng">15902.248</dst>
            <dst id="HSTNng">2591.03733333333</dst>
            <dst id="IPLSng">8399.22133333333</dst>
            <dst id="KSCYng">4852.208</dst>
            <dst id="LOSAng">9852.77333333333</dst>
            <dst id="NYCMng">5180.90933333333</dst>
            <dst id="SNVAng">118.144</dst>
            <dst id="STTLng">3173.136</dst>
            <dst id="WASHng">7130.81866666667</dst>
        </src>
        <src id="LOSAng">
            <dst id="ATLA-M5">53.3333333333333</dst>
            <dst id="ATLAng">57569.9013333333</dst>
            <dst id="CHINng">111778.08</dst>
            <dst id="DNVRng">18465.2346666667</dst>
            <dst id="HSTNng">5220.21333333333</dst>
            <dst id="IPLSng">28623.584</dst>
            <dst id="KSCYng">2477.208</dst>
            <dst id="LOSAng">21248.2853333333</dst>
            <dst id="NYCMng">63505.456</dst>
            <dst id="SNVAng">3823.808</dst>
            <dst id="STTLng">41405.872</dst>
            <dst id="WASHng">95198.7306666667</dst>
        </src>
        <src id="NYCMng">
            <dst id="ATLA-M5">0</dst>
            <dst id="ATLAng">33897.4346666667</dst>
            <dst id="CHINng">50692.9066666667</dst>
            <dst id="DNVRng">23955.1626666667</dst>
            <dst id="HSTNng">10744.5466666667</dst>
            <dst id="IPLSng">24236.9786666667</dst>
            <dst id="KSCYng">7635.77066666667</dst>
            <dst id="LOSAng">91942.0426666667</dst>
            <dst id="NYCMng">98468.7866666666</dst>
            <dst id="SNVAng">4870.28533333333</dst>
            <dst id="STTLng">29125.9066666667</dst>
            <dst id="WASHng">76292.2613333334</dst>
        </src>
        <src id="SNVAng">
            <dst id="ATLA-M5">0</dst>
            <dst id="ATLAng">53.3333333333333</dst>
            <dst id="CHINng">313.088</dst>
            <dst id="DNVRng">5732.17866666666</dst>
            <dst id="HSTNng">111.754666666667</dst>
            <dst id="IPLSng">5815.576</dst>
            <dst id="KSCYng">70.44</dst>
            <dst id="LOSAng">47945.952</dst>
            <dst id="NYCMng">352.661333333333</dst>
            <dst id="SNVAng">8718.90933333333</dst>
            <dst id="STTLng">23977.3333333333</dst>
            <dst id="WASHng">80</dst>
        </src>
        <src id="STTLng">
            <dst id="ATLA-M5">26.6666666666667</dst>
            <dst id="ATLAng">9629.79466666666</dst>
            <dst id="CHINng">18405.2266666667</dst>
            <dst id="DNVRng">1610.23733333333</dst>
            <dst id="HSTNng">1852.952</dst>
            <dst id="IPLSng">10944.3653333333</dst>
            <dst id="KSCYng">1834.432</dst>
            <dst id="LOSAng">40899.6453333333</dst>
            <dst id="NYCMng">10831.696</dst>
            <dst id="SNVAng">2316.03466666667</dst>
            <dst id="STTLng">2455.90933333333</dst>
            <dst id="WASHng">14806.8133333333</dst>
        </src>
        <src id="WASHng">
            <dst id="ATLA-M5">80</dst>
            <dst id="ATLAng">76485.8373333333</dst>
            <dst id="CHINng">84522.9866666667</dst>
            <dst id="DNVRng">56151.672</dst>
            <dst id="HSTNng">14800.7066666667</dst>
            <dst id="IPLSng">40684.0266666667</dst>
            <dst id="KSCYng">18140.7813333333</dst>
            <dst id="LOSAng">135090.568</dst>
            <dst id="NYCMng">139921.674666667</dst>
            <dst id="SNVAng">1381.584</dst>
            <dst id="STTLng">55257.76</dst>
            <dst id="WASHng">322977.973333333</dst>
        </src>
    </IntraTM>
</TrafficMatrixFile>
