<?xml version="1.0" encoding="ISO-8859-1" standalone="yes"?>
<TrafficMatrixFile xsi:noNamespaceSchemaLocation="http://totem.run.montefiore.ulg.ac.be/Schema/TrafficMatrix-v1_2.xsd" xmlns:xsi="http://www.w3.org/2001/XMLSchema-instance">
    <IntraTM ASID="11537">
        <src id="ATLA-M5">
            <dst id="ATLA-M5">46.608</dst>
            <dst id="ATLAng">61.1653333333333</dst>
            <dst id="CHINng">114.248</dst>
            <dst id="DNVRng">0</dst>
            <dst id="HSTNng">175.730666666667</dst>
            <dst id="IPLSng">26.6666666666667</dst>
            <dst id="KSCYng">433.261333333333</dst>
            <dst id="LOSAng">355.525333333333</dst>
            <dst id="NYCMng">0</dst>
            <dst id="SNVAng">0</dst>
            <dst id="STTLng">26.6666666666667</dst>
            <dst id="WASHng">141.728</dst>
        </src>
        <src id="ATLAng">
            <dst id="ATLA-M5">130.370666666667</dst>
            <dst id="ATLAng">29070.5573333333</dst>
            <dst id="CHINng">18470.3626666667</dst>
            <dst id="DNVRng">4374.82933333333</dst>
            <dst id="HSTNng">2023.25066666667</dst>
            <dst id="IPLSng">10527.4586666667</dst>
            <dst id="KSCYng">995.325333333333</dst>
            <dst id="LOSAng">15701.3186666667</dst>
            <dst id="NYCMng">8105.95466666667</dst>
            <dst id="SNVAng">79.06</dst>
            <dst id="STTLng">7574.60266666667</dst>
            <dst id="WASHng">35319.0346666667</dst>
        </src>
        <src id="CHINng">
            <dst id="ATLA-M5">551.389333333333</dst>
            <dst id="ATLAng">32447.6666666667</dst>
            <dst id="CHINng">78965.12</dst>
            <dst id="DNVRng">11372.7306666667</dst>
            <dst id="HSTNng">5013.768</dst>
            <dst id="IPLSng">28187.0266666667</dst>
            <dst id="KSCYng">2430.88533333333</dst>
            <dst id="LOSAng">47414.0666666667</dst>
            <dst id="NYCMng">5151.61066666667</dst>
            <dst id="SNVAng">886.624</dst>
            <dst id="STTLng">8772.592</dst>
            <dst id="WASHng">25144.6373333333</dst>
        </src>
        <src id="DNVRng">
            <dst id="ATLA-M5">171.477333333333</dst>
            <dst id="ATLAng">5169.488</dst>
            <dst id="CHINng">46593.9786666667</dst>
            <dst id="DNVRng">24999.1013333333</dst>
            <dst id="HSTNng">20130.2533333333</dst>
            <dst id="IPLSng">19564.6506666667</dst>
            <dst id="KSCYng">15391.7946666667</dst>
            <dst id="LOSAng">15480.6773333333</dst>
            <dst id="NYCMng">8743.90933333333</dst>
            <dst id="SNVAng">11588.664</dst>
            <dst id="STTLng">10061.272</dst>
            <dst id="WASHng">27557.5786666667</dst>
        </src>
        <src id="HSTNng">
            <dst id="ATLA-M5">2047.74933333333</dst>
            <dst id="ATLAng">19086.4053333333</dst>
            <dst id="CHINng">6840.80266666667</dst>
            <dst id="DNVRng">1611.832</dst>
            <dst id="HSTNng">6953.15733333333</dst>
            <dst id="IPLSng">1445.688</dst>
            <dst id="KSCYng">1080.72533333333</dst>
            <dst id="LOSAng">7399.25066666667</dst>
            <dst id="NYCMng">980.629333333333</dst>
            <dst id="SNVAng">0</dst>
            <dst id="STTLng">2132.408</dst>
            <dst id="WASHng">2766.176</dst>
        </src>
        <src id="IPLSng">
            <dst id="ATLA-M5">0</dst>
            <dst id="ATLAng">15410.0533333333</dst>
            <dst id="CHINng">52160.208</dst>
            <dst id="DNVRng">4207.064</dst>
            <dst id="HSTNng">3766.29333333333</dst>
            <dst id="IPLSng">13441.7093333333</dst>
            <dst id="KSCYng">1646.512</dst>
            <dst id="LOSAng">56470.28</dst>
            <dst id="NYCMng">21070.952</dst>
            <dst id="SNVAng">1039.36266666667</dst>
            <dst id="STTLng">10124.5253333333</dst>
            <dst id="WASHng">8744.616</dst>
        </src>
        <src id="KSCYng">
            <dst id="ATLA-M5">933.162666666667</dst>
            <dst id="ATLAng">2063.024</dst>
            <dst id="CHINng">12133.2186666667</dst>
            <dst id="DNVRng">17267.8026666667</dst>
            <dst id="HSTNng">3843.70133333333</dst>
            <dst id="IPLSng">8369.76533333333</dst>
            <dst id="KSCYng">3828.26133333333</dst>
            <dst id="LOSAng">7422.63733333333</dst>
            <dst id="NYCMng">3005.41866666667</dst>
            <dst id="SNVAng">1111.424</dst>
            <dst id="STTLng">1894.09333333333</dst>
            <dst id="WASHng">10775.8026666667</dst>
        </src>
        <src id="LOSAng">
            <dst id="ATLA-M5">799.344</dst>
            <dst id="ATLAng">73204.304</dst>
            <dst id="CHINng">97610.264</dst>
            <dst id="DNVRng">14876.2613333333</dst>
            <dst id="HSTNng">9853.4</dst>
            <dst id="IPLSng">26163.192</dst>
            <dst id="KSCYng">4106.128</dst>
            <dst id="LOSAng">21076.424</dst>
            <dst id="NYCMng">66683.6</dst>
            <dst id="SNVAng">10004.7813333333</dst>
            <dst id="STTLng">38620.2373333333</dst>
            <dst id="WASHng">90316.5786666667</dst>
        </src>
        <src id="NYCMng">
            <dst id="ATLA-M5">287.538666666667</dst>
            <dst id="ATLAng">43497.8693333333</dst>
            <dst id="CHINng">32284.256</dst>
            <dst id="DNVRng">30497.7386666667</dst>
            <dst id="HSTNng">4147.18933333333</dst>
            <dst id="IPLSng">26401.1866666667</dst>
            <dst id="KSCYng">7539.37866666667</dst>
            <dst id="LOSAng">76468.4586666667</dst>
            <dst id="NYCMng">80791.1973333333</dst>
            <dst id="SNVAng">2064.66133333333</dst>
            <dst id="STTLng">22404.9706666667</dst>
            <dst id="WASHng">66273.608</dst>
        </src>
        <src id="SNVAng">
            <dst id="ATLA-M5">0</dst>
            <dst id="ATLAng">80</dst>
            <dst id="CHINng">64.2133333333333</dst>
            <dst id="DNVRng">4679.26666666667</dst>
            <dst id="HSTNng">101.802666666667</dst>
            <dst id="IPLSng">1118.344</dst>
            <dst id="KSCYng">72.4133333333333</dst>
            <dst id="LOSAng">23588.5813333333</dst>
            <dst id="NYCMng">181.752</dst>
            <dst id="SNVAng">8013.432</dst>
            <dst id="STTLng">28170.6133333333</dst>
            <dst id="WASHng">0</dst>
        </src>
        <src id="STTLng">
            <dst id="ATLA-M5">193.682666666667</dst>
            <dst id="ATLAng">13511.184</dst>
            <dst id="CHINng">12085.4773333333</dst>
            <dst id="DNVRng">4129.08266666667</dst>
            <dst id="HSTNng">3061.72266666667</dst>
            <dst id="IPLSng">10785.7493333333</dst>
            <dst id="KSCYng">3844.32533333333</dst>
            <dst id="LOSAng">28755.5013333333</dst>
            <dst id="NYCMng">7321.416</dst>
            <dst id="SNVAng">2764.71466666667</dst>
            <dst id="STTLng">2159.83466666667</dst>
            <dst id="WASHng">5901.78666666667</dst>
        </src>
        <src id="WASHng">
            <dst id="ATLA-M5">63.504</dst>
            <dst id="ATLAng">89766.2986666667</dst>
            <dst id="CHINng">66244.5146666667</dst>
            <dst id="DNVRng">54787.0933333333</dst>
            <dst id="HSTNng">62929.432</dst>
            <dst id="IPLSng">28011.032</dst>
            <dst id="KSCYng">10774.4453333333</dst>
            <dst id="LOSAng">133035.133333333</dst>
            <dst id="NYCMng">112500.584</dst>
            <dst id="SNVAng">325.773333333333</dst>
            <dst id="STTLng">40003.8453333333</dst>
            <dst id="WASHng">194733.744</dst>
        </src>
    </IntraTM>
</TrafficMatrixFile>
