<?xml version="1.0" encoding="ISO-8859-1" standalone="yes"?>
<TrafficMatrixFile xsi:noNamespaceSchemaLocation="http://totem.run.montefiore.ulg.ac.be/Schema/TrafficMatrix-v1_2.xsd" xmlns:xsi="http://www.w3.org/2001/XMLSchema-instance">
    <IntraTM ASID="11537">
        <src id="ATLA-M5">
            <dst id="ATLA-M5">0</dst>
            <dst id="ATLAng">199.504</dst>
            <dst id="CHINng">606.069333333333</dst>
            <dst id="DNVRng">26.6666666666667</dst>
            <dst id="HSTNng">837.773333333333</dst>
            <dst id="IPLSng">1135.32266666667</dst>
            <dst id="KSCYng">57.2773333333333</dst>
            <dst id="LOSAng">464.218666666667</dst>
            <dst id="NYCMng">26.6666666666667</dst>
            <dst id="SNVAng">0</dst>
            <dst id="STTLng">80</dst>
            <dst id="WASHng">0</dst>
        </src>
        <src id="ATLAng">
            <dst id="ATLA-M5">122.488</dst>
            <dst id="ATLAng">34079.672</dst>
            <dst id="CHINng">7753.46666666667</dst>
            <dst id="DNVRng">5097.89066666667</dst>
            <dst id="HSTNng">1187.48533333333</dst>
            <dst id="IPLSng">11206.4213333333</dst>
            <dst id="KSCYng">646.744</dst>
            <dst id="LOSAng">19793.9493333333</dst>
            <dst id="NYCMng">4234.19466666667</dst>
            <dst id="SNVAng">42.976</dst>
            <dst id="STTLng">11223.736</dst>
            <dst id="WASHng">22626.0586666667</dst>
        </src>
        <src id="CHINng">
            <dst id="ATLA-M5">93.6186666666667</dst>
            <dst id="ATLAng">40386.024</dst>
            <dst id="CHINng">52504.0213333333</dst>
            <dst id="DNVRng">13638.0453333333</dst>
            <dst id="HSTNng">7742.07733333333</dst>
            <dst id="IPLSng">29779.9706666667</dst>
            <dst id="KSCYng">7184.19466666666</dst>
            <dst id="LOSAng">55963.0506666667</dst>
            <dst id="NYCMng">5991.288</dst>
            <dst id="SNVAng">791.125333333334</dst>
            <dst id="STTLng">6789.15466666666</dst>
            <dst id="WASHng">23568.9653333333</dst>
        </src>
        <src id="DNVRng">
            <dst id="ATLA-M5">175.84</dst>
            <dst id="ATLAng">7194.664</dst>
            <dst id="CHINng">47001.7786666667</dst>
            <dst id="DNVRng">12931.992</dst>
            <dst id="HSTNng">26781.4826666667</dst>
            <dst id="IPLSng">22407.2293333333</dst>
            <dst id="KSCYng">24271.8613333333</dst>
            <dst id="LOSAng">18847.672</dst>
            <dst id="NYCMng">11745.832</dst>
            <dst id="SNVAng">10265.4986666667</dst>
            <dst id="STTLng">18342.856</dst>
            <dst id="WASHng">33538.28</dst>
        </src>
        <src id="HSTNng">
            <dst id="ATLA-M5">3166.23466666667</dst>
            <dst id="ATLAng">19674.8746666667</dst>
            <dst id="CHINng">17379.2693333333</dst>
            <dst id="DNVRng">1804.13866666667</dst>
            <dst id="HSTNng">9067.71733333333</dst>
            <dst id="IPLSng">1970.10666666667</dst>
            <dst id="KSCYng">1049.78133333333</dst>
            <dst id="LOSAng">7907.27466666667</dst>
            <dst id="NYCMng">3180.584</dst>
            <dst id="SNVAng">0</dst>
            <dst id="STTLng">2170.728</dst>
            <dst id="WASHng">2721.24533333333</dst>
        </src>
        <src id="IPLSng">
            <dst id="ATLA-M5">402.077333333333</dst>
            <dst id="ATLAng">12422.84</dst>
            <dst id="CHINng">38896.9866666667</dst>
            <dst id="DNVRng">5036.09333333333</dst>
            <dst id="HSTNng">2542.608</dst>
            <dst id="IPLSng">27622.7093333333</dst>
            <dst id="KSCYng">2096.01866666667</dst>
            <dst id="LOSAng">55925.1013333333</dst>
            <dst id="NYCMng">24982.9146666667</dst>
            <dst id="SNVAng">804.426666666667</dst>
            <dst id="STTLng">11351.7226666667</dst>
            <dst id="WASHng">11841.224</dst>
        </src>
        <src id="KSCYng">
            <dst id="ATLA-M5">0</dst>
            <dst id="ATLAng">2033.72533333333</dst>
            <dst id="CHINng">19425.0213333333</dst>
            <dst id="DNVRng">20818.7306666667</dst>
            <dst id="HSTNng">3147.48266666667</dst>
            <dst id="IPLSng">9983.46133333333</dst>
            <dst id="KSCYng">6005.112</dst>
            <dst id="LOSAng">6519.27733333333</dst>
            <dst id="NYCMng">1673.83733333333</dst>
            <dst id="SNVAng">614.752</dst>
            <dst id="STTLng">2099.84266666667</dst>
            <dst id="WASHng">7237.44</dst>
        </src>
        <src id="LOSAng">
            <dst id="ATLA-M5">1311.944</dst>
            <dst id="ATLAng">60685.7706666667</dst>
            <dst id="CHINng">73969.7306666667</dst>
            <dst id="DNVRng">9983.8</dst>
            <dst id="HSTNng">12507.928</dst>
            <dst id="IPLSng">39482.8266666667</dst>
            <dst id="KSCYng">1750.576</dst>
            <dst id="LOSAng">27160.9333333333</dst>
            <dst id="NYCMng">65907.7173333333</dst>
            <dst id="SNVAng">9673.18933333333</dst>
            <dst id="STTLng">48373.4213333333</dst>
            <dst id="WASHng">97057.5466666667</dst>
        </src>
        <src id="NYCMng">
            <dst id="ATLA-M5">114.541333333333</dst>
            <dst id="ATLAng">40582.7733333333</dst>
            <dst id="CHINng">44812.6213333333</dst>
            <dst id="DNVRng">27187.5626666667</dst>
            <dst id="HSTNng">9009.94666666667</dst>
            <dst id="IPLSng">29827.656</dst>
            <dst id="KSCYng">4626.06666666667</dst>
            <dst id="LOSAng">83569.6693333333</dst>
            <dst id="NYCMng">91421.736</dst>
            <dst id="SNVAng">1373.36266666667</dst>
            <dst id="STTLng">25556.3813333333</dst>
            <dst id="WASHng">43105.2053333333</dst>
        </src>
        <src id="SNVAng">
            <dst id="ATLA-M5">0</dst>
            <dst id="ATLAng">80</dst>
            <dst id="CHINng">136</dst>
            <dst id="DNVRng">4030.06933333333</dst>
            <dst id="HSTNng">143.754666666667</dst>
            <dst id="IPLSng">5210.97333333333</dst>
            <dst id="KSCYng">96.776</dst>
            <dst id="LOSAng">41833.0133333333</dst>
            <dst id="NYCMng">444.816</dst>
            <dst id="SNVAng">11294.28</dst>
            <dst id="STTLng">32773.888</dst>
            <dst id="WASHng">26.6666666666667</dst>
        </src>
        <src id="STTLng">
            <dst id="ATLA-M5">26.6666666666667</dst>
            <dst id="ATLAng">9751.85866666667</dst>
            <dst id="CHINng">16394.1626666667</dst>
            <dst id="DNVRng">3286.44</dst>
            <dst id="HSTNng">3156.36266666667</dst>
            <dst id="IPLSng">5335.69866666667</dst>
            <dst id="KSCYng">3312.85333333333</dst>
            <dst id="LOSAng">32880.488</dst>
            <dst id="NYCMng">7300.296</dst>
            <dst id="SNVAng">3705.93866666667</dst>
            <dst id="STTLng">4435.96</dst>
            <dst id="WASHng">6145.76</dst>
        </src>
        <src id="WASHng">
            <dst id="ATLA-M5">53.3333333333333</dst>
            <dst id="ATLAng">107549.709333333</dst>
            <dst id="CHINng">94640.1173333333</dst>
            <dst id="DNVRng">54748.5146666667</dst>
            <dst id="HSTNng">23414.8453333333</dst>
            <dst id="IPLSng">32381.968</dst>
            <dst id="KSCYng">8555.336</dst>
            <dst id="LOSAng">115824.144</dst>
            <dst id="NYCMng">124154.826666667</dst>
            <dst id="SNVAng">1747.78666666667</dst>
            <dst id="STTLng">44150.368</dst>
            <dst id="WASHng">244311.746666667</dst>
        </src>
    </IntraTM>
</TrafficMatrixFile>
