<?xml version="1.0" encoding="ISO-8859-1" standalone="yes"?>
<TrafficMatrixFile xsi:noNamespaceSchemaLocation="http://totem.run.montefiore.ulg.ac.be/Schema/TrafficMatrix-v1_2.xsd" xmlns:xsi="http://www.w3.org/2001/XMLSchema-instance">
    <IntraTM ASID="11537">
        <src id="ATLA-M5">
            <dst id="ATLA-M5">200.968</dst>
            <dst id="ATLAng">548.653333333333</dst>
            <dst id="CHINng">223.477333333333</dst>
            <dst id="DNVRng">53.3333333333333</dst>
            <dst id="HSTNng">57.8906666666667</dst>
            <dst id="IPLSng">679.32</dst>
            <dst id="KSCYng">262.978666666667</dst>
            <dst id="LOSAng">80</dst>
            <dst id="NYCMng">0</dst>
            <dst id="SNVAng">0</dst>
            <dst id="STTLng">53.3333333333333</dst>
            <dst id="WASHng">504.408</dst>
        </src>
        <src id="ATLAng">
            <dst id="ATLA-M5">619.122666666667</dst>
            <dst id="ATLAng">45796.8693333334</dst>
            <dst id="CHINng">12137.8293333333</dst>
            <dst id="DNVRng">7170.872</dst>
            <dst id="HSTNng">3670.81333333333</dst>
            <dst id="IPLSng">15091.7813333333</dst>
            <dst id="KSCYng">10091.3253333333</dst>
            <dst id="LOSAng">23015.3053333333</dst>
            <dst id="NYCMng">10845.6453333333</dst>
            <dst id="SNVAng">1666.28933333333</dst>
            <dst id="STTLng">5093.17333333333</dst>
            <dst id="WASHng">48662.1466666667</dst>
        </src>
        <src id="CHINng">
            <dst id="ATLA-M5">766.882666666667</dst>
            <dst id="ATLAng">31338.944</dst>
            <dst id="CHINng">130028.829333333</dst>
            <dst id="DNVRng">18041.3653333333</dst>
            <dst id="HSTNng">10082.6453333333</dst>
            <dst id="IPLSng">41482.528</dst>
            <dst id="KSCYng">18655.7066666667</dst>
            <dst id="LOSAng">95364.016</dst>
            <dst id="NYCMng">8365.49333333334</dst>
            <dst id="SNVAng">2049.80533333333</dst>
            <dst id="STTLng">8464.48533333333</dst>
            <dst id="WASHng">37474.08</dst>
        </src>
        <src id="DNVRng">
            <dst id="ATLA-M5">432.890666666667</dst>
            <dst id="ATLAng">30958.4266666667</dst>
            <dst id="CHINng">46129.392</dst>
            <dst id="DNVRng">12393.8906666667</dst>
            <dst id="HSTNng">33133.7093333333</dst>
            <dst id="IPLSng">30080.6933333333</dst>
            <dst id="KSCYng">14961.4906666667</dst>
            <dst id="LOSAng">23675.5466666667</dst>
            <dst id="NYCMng">19291.7493333333</dst>
            <dst id="SNVAng">27700.264</dst>
            <dst id="STTLng">10919.3253333333</dst>
            <dst id="WASHng">43329.3973333333</dst>
        </src>
        <src id="HSTNng">
            <dst id="ATLA-M5">270.666666666667</dst>
            <dst id="ATLAng">7882.82933333333</dst>
            <dst id="CHINng">15318.368</dst>
            <dst id="DNVRng">9569.22933333333</dst>
            <dst id="HSTNng">9815.216</dst>
            <dst id="IPLSng">4229.27733333333</dst>
            <dst id="KSCYng">2131.15466666667</dst>
            <dst id="LOSAng">8763.616</dst>
            <dst id="NYCMng">11165.2026666667</dst>
            <dst id="SNVAng">1050.04533333333</dst>
            <dst id="STTLng">1427.47466666667</dst>
            <dst id="WASHng">4312.61066666667</dst>
        </src>
        <src id="IPLSng">
            <dst id="ATLA-M5">323.658666666667</dst>
            <dst id="ATLAng">20130.5946666667</dst>
            <dst id="CHINng">76818.0453333333</dst>
            <dst id="DNVRng">11314.6906666667</dst>
            <dst id="HSTNng">4375.18133333333</dst>
            <dst id="IPLSng">43102.3946666667</dst>
            <dst id="KSCYng">12097.6426666667</dst>
            <dst id="LOSAng">61957.1493333333</dst>
            <dst id="NYCMng">22875.192</dst>
            <dst id="SNVAng">5597.93333333333</dst>
            <dst id="STTLng">8235.048</dst>
            <dst id="WASHng">34919.104</dst>
        </src>
        <src id="KSCYng">
            <dst id="ATLA-M5">272.106666666667</dst>
            <dst id="ATLAng">5504.832</dst>
            <dst id="CHINng">39482.3653333333</dst>
            <dst id="DNVRng">11547.7626666667</dst>
            <dst id="HSTNng">4204.77066666667</dst>
            <dst id="IPLSng">14026.8186666667</dst>
            <dst id="KSCYng">8779.70666666667</dst>
            <dst id="LOSAng">27897.728</dst>
            <dst id="NYCMng">13645.088</dst>
            <dst id="SNVAng">410.472</dst>
            <dst id="STTLng">3074.78666666667</dst>
            <dst id="WASHng">11898.6773333333</dst>
        </src>
        <src id="LOSAng">
            <dst id="ATLA-M5">405.458666666667</dst>
            <dst id="ATLAng">60545.5813333334</dst>
            <dst id="CHINng">110753.213333333</dst>
            <dst id="DNVRng">37782.1173333333</dst>
            <dst id="HSTNng">23311.768</dst>
            <dst id="IPLSng">37881.5466666667</dst>
            <dst id="KSCYng">17600.2586666667</dst>
            <dst id="LOSAng">14514.96</dst>
            <dst id="NYCMng">74186.9333333333</dst>
            <dst id="SNVAng">15358.7786666667</dst>
            <dst id="STTLng">48187.3306666667</dst>
            <dst id="WASHng">114062.901333333</dst>
        </src>
        <src id="NYCMng">
            <dst id="ATLA-M5">392.829333333333</dst>
            <dst id="ATLAng">60333.44</dst>
            <dst id="CHINng">76147.5413333333</dst>
            <dst id="DNVRng">134627.688</dst>
            <dst id="HSTNng">15063.5466666667</dst>
            <dst id="IPLSng">46017.912</dst>
            <dst id="KSCYng">23422.952</dst>
            <dst id="LOSAng">99825.9253333333</dst>
            <dst id="NYCMng">125516.648</dst>
            <dst id="SNVAng">4541.94666666667</dst>
            <dst id="STTLng">30912.9173333333</dst>
            <dst id="WASHng">105010.634666667</dst>
        </src>
        <src id="SNVAng">
            <dst id="ATLA-M5">0</dst>
            <dst id="ATLAng">479.466666666667</dst>
            <dst id="CHINng">3052.448</dst>
            <dst id="DNVRng">3366.41866666667</dst>
            <dst id="HSTNng">336.168</dst>
            <dst id="IPLSng">3268.74666666667</dst>
            <dst id="KSCYng">1833.128</dst>
            <dst id="LOSAng">40160.3813333333</dst>
            <dst id="NYCMng">9155.68533333333</dst>
            <dst id="SNVAng">10950.808</dst>
            <dst id="STTLng">29992.4373333333</dst>
            <dst id="WASHng">635.752</dst>
        </src>
        <src id="STTLng">
            <dst id="ATLA-M5">214</dst>
            <dst id="ATLAng">14673.144</dst>
            <dst id="CHINng">24249.752</dst>
            <dst id="DNVRng">7387.736</dst>
            <dst id="HSTNng">3891.464</dst>
            <dst id="IPLSng">17969.624</dst>
            <dst id="KSCYng">9431.21866666667</dst>
            <dst id="LOSAng">37026.768</dst>
            <dst id="NYCMng">12923.6346666667</dst>
            <dst id="SNVAng">4215.14666666667</dst>
            <dst id="STTLng">4217.27466666667</dst>
            <dst id="WASHng">18851.5946666667</dst>
        </src>
        <src id="WASHng">
            <dst id="ATLA-M5">985.442666666666</dst>
            <dst id="ATLAng">162127.210666667</dst>
            <dst id="CHINng">86359.7413333333</dst>
            <dst id="DNVRng">93432.0453333333</dst>
            <dst id="HSTNng">24653.312</dst>
            <dst id="IPLSng">76608.328</dst>
            <dst id="KSCYng">42943.4586666667</dst>
            <dst id="LOSAng">135674.757333333</dst>
            <dst id="NYCMng">265107.528</dst>
            <dst id="SNVAng">2340.29333333333</dst>
            <dst id="STTLng">40723.6346666667</dst>
            <dst id="WASHng">299597.386666667</dst>
        </src>
    </IntraTM>
</TrafficMatrixFile>
