<?xml version="1.0" encoding="ISO-8859-1" standalone="yes"?>
<TrafficMatrixFile xsi:noNamespaceSchemaLocation="http://totem.run.montefiore.ulg.ac.be/Schema/TrafficMatrix-v1_2.xsd" xmlns:xsi="http://www.w3.org/2001/XMLSchema-instance">
    <IntraTM ASID="11537">
        <src id="ATLA-M5">
            <dst id="ATLA-M5">0</dst>
            <dst id="ATLAng">53.3333333333333</dst>
            <dst id="CHINng">80</dst>
            <dst id="DNVRng">0</dst>
            <dst id="HSTNng">120.242666666667</dst>
            <dst id="IPLSng">26.6666666666667</dst>
            <dst id="KSCYng">0</dst>
            <dst id="LOSAng">53.3333333333333</dst>
            <dst id="NYCMng">401.021333333333</dst>
            <dst id="SNVAng">0</dst>
            <dst id="STTLng">0</dst>
            <dst id="WASHng">758.506666666667</dst>
        </src>
        <src id="ATLAng">
            <dst id="ATLA-M5">117.84</dst>
            <dst id="ATLAng">23808.5546666667</dst>
            <dst id="CHINng">4220.98133333333</dst>
            <dst id="DNVRng">7507.34933333333</dst>
            <dst id="HSTNng">353.498666666667</dst>
            <dst id="IPLSng">15733.4746666667</dst>
            <dst id="KSCYng">520.133333333333</dst>
            <dst id="LOSAng">14939.96</dst>
            <dst id="NYCMng">7324.68</dst>
            <dst id="SNVAng">0</dst>
            <dst id="STTLng">4860.18133333333</dst>
            <dst id="WASHng">54918.9173333333</dst>
        </src>
        <src id="CHINng">
            <dst id="ATLA-M5">26.6666666666667</dst>
            <dst id="ATLAng">5251.248</dst>
            <dst id="CHINng">147631.434666667</dst>
            <dst id="DNVRng">11361.4213333333</dst>
            <dst id="HSTNng">3550.968</dst>
            <dst id="IPLSng">18443.3413333333</dst>
            <dst id="KSCYng">5455.696</dst>
            <dst id="LOSAng">57970.872</dst>
            <dst id="NYCMng">11961.752</dst>
            <dst id="SNVAng">487.016</dst>
            <dst id="STTLng">7217.888</dst>
            <dst id="WASHng">16916.3866666667</dst>
        </src>
        <src id="DNVRng">
            <dst id="ATLA-M5">126.517333333333</dst>
            <dst id="ATLAng">6626.04</dst>
            <dst id="CHINng">50004.9733333333</dst>
            <dst id="DNVRng">28277.672</dst>
            <dst id="HSTNng">25606.4613333333</dst>
            <dst id="IPLSng">20638</dst>
            <dst id="KSCYng">22992.808</dst>
            <dst id="LOSAng">15664.4426666667</dst>
            <dst id="NYCMng">17410.4986666667</dst>
            <dst id="SNVAng">14200.944</dst>
            <dst id="STTLng">19659.912</dst>
            <dst id="WASHng">31722.968</dst>
        </src>
        <src id="HSTNng">
            <dst id="ATLA-M5">4444.63466666667</dst>
            <dst id="ATLAng">1969.88</dst>
            <dst id="CHINng">14618.4533333333</dst>
            <dst id="DNVRng">7380.49066666667</dst>
            <dst id="HSTNng">2683.312</dst>
            <dst id="IPLSng">454.925333333333</dst>
            <dst id="KSCYng">1447.41333333333</dst>
            <dst id="LOSAng">10617.8986666667</dst>
            <dst id="NYCMng">2440.34933333333</dst>
            <dst id="SNVAng">0</dst>
            <dst id="STTLng">2202.97066666667</dst>
            <dst id="WASHng">1574.05066666667</dst>
        </src>
        <src id="IPLSng">
            <dst id="ATLA-M5">71.672</dst>
            <dst id="ATLAng">10882.848</dst>
            <dst id="CHINng">76248.9653333333</dst>
            <dst id="DNVRng">4002.01066666667</dst>
            <dst id="HSTNng">812.746666666667</dst>
            <dst id="IPLSng">25901.0053333333</dst>
            <dst id="KSCYng">2731.656</dst>
            <dst id="LOSAng">44006.7893333333</dst>
            <dst id="NYCMng">10815.664</dst>
            <dst id="SNVAng">231.381333333333</dst>
            <dst id="STTLng">10663.432</dst>
            <dst id="WASHng">17317.3173333333</dst>
        </src>
        <src id="KSCYng">
            <dst id="ATLA-M5">0</dst>
            <dst id="ATLAng">1569.66133333333</dst>
            <dst id="CHINng">25027.7706666667</dst>
            <dst id="DNVRng">10634.1866666667</dst>
            <dst id="HSTNng">2643.91733333333</dst>
            <dst id="IPLSng">25800.7493333333</dst>
            <dst id="KSCYng">7082.872</dst>
            <dst id="LOSAng">8028.10133333333</dst>
            <dst id="NYCMng">7410.17866666666</dst>
            <dst id="SNVAng">26.712</dst>
            <dst id="STTLng">3572.68533333333</dst>
            <dst id="WASHng">5961.136</dst>
        </src>
        <src id="LOSAng">
            <dst id="ATLA-M5">57.944</dst>
            <dst id="ATLAng">7677.936</dst>
            <dst id="CHINng">129199.669333333</dst>
            <dst id="DNVRng">11558.0986666667</dst>
            <dst id="HSTNng">14575.1733333333</dst>
            <dst id="IPLSng">27582.6506666667</dst>
            <dst id="KSCYng">5967.296</dst>
            <dst id="LOSAng">19530.5573333333</dst>
            <dst id="NYCMng">50937.7866666667</dst>
            <dst id="SNVAng">8487.61066666666</dst>
            <dst id="STTLng">40617.4186666667</dst>
            <dst id="WASHng">90285.064</dst>
        </src>
        <src id="NYCMng">
            <dst id="ATLA-M5">673.04</dst>
            <dst id="ATLAng">25919.6186666667</dst>
            <dst id="CHINng">55338.4746666667</dst>
            <dst id="DNVRng">117794.898666667</dst>
            <dst id="HSTNng">4896.91466666667</dst>
            <dst id="IPLSng">22962.8506666667</dst>
            <dst id="KSCYng">17319.5813333333</dst>
            <dst id="LOSAng">84710.504</dst>
            <dst id="NYCMng">82683.1413333333</dst>
            <dst id="SNVAng">1807.072</dst>
            <dst id="STTLng">26397.072</dst>
            <dst id="WASHng">59022.16</dst>
        </src>
        <src id="SNVAng">
            <dst id="ATLA-M5">0</dst>
            <dst id="ATLAng">26.6666666666667</dst>
            <dst id="CHINng">418.557333333333</dst>
            <dst id="DNVRng">1610.30666666667</dst>
            <dst id="HSTNng">26.6666666666667</dst>
            <dst id="IPLSng">311.626666666667</dst>
            <dst id="KSCYng">0</dst>
            <dst id="LOSAng">29994.2906666667</dst>
            <dst id="NYCMng">223.178666666667</dst>
            <dst id="SNVAng">9191.26933333333</dst>
            <dst id="STTLng">24637.5413333333</dst>
            <dst id="WASHng">80</dst>
        </src>
        <src id="STTLng">
            <dst id="ATLA-M5">0</dst>
            <dst id="ATLAng">7948.68</dst>
            <dst id="CHINng">32088.4746666667</dst>
            <dst id="DNVRng">2446.06666666667</dst>
            <dst id="HSTNng">565.445333333333</dst>
            <dst id="IPLSng">6454.38133333333</dst>
            <dst id="KSCYng">6756.94133333333</dst>
            <dst id="LOSAng">23710.12</dst>
            <dst id="NYCMng">10513.8293333333</dst>
            <dst id="SNVAng">3222.96</dst>
            <dst id="STTLng">5255.62133333333</dst>
            <dst id="WASHng">4258.19466666667</dst>
        </src>
        <src id="WASHng">
            <dst id="ATLA-M5">53.3333333333333</dst>
            <dst id="ATLAng">89084.5173333334</dst>
            <dst id="CHINng">82222.3306666667</dst>
            <dst id="DNVRng">44149.5653333333</dst>
            <dst id="HSTNng">23852.1893333333</dst>
            <dst id="IPLSng">50275.8346666667</dst>
            <dst id="KSCYng">16712.4</dst>
            <dst id="LOSAng">106245.813333333</dst>
            <dst id="NYCMng">109311.389333333</dst>
            <dst id="SNVAng">5063.6</dst>
            <dst id="STTLng">19792.5813333333</dst>
            <dst id="WASHng">279212.533333333</dst>
        </src>
    </IntraTM>
</TrafficMatrixFile>
