<?xml version="1.0" encoding="ISO-8859-1" standalone="yes"?>
<TrafficMatrixFile xsi:noNamespaceSchemaLocation="http://totem.run.montefiore.ulg.ac.be/Schema/TrafficMatrix-v1_2.xsd" xmlns:xsi="http://www.w3.org/2001/XMLSchema-instance">
    <IntraTM ASID="11537">
        <src id="ATLA-M5">
            <dst id="ATLA-M5">0</dst>
            <dst id="ATLAng">53.3333333333333</dst>
            <dst id="CHINng">68.32</dst>
            <dst id="DNVRng">0</dst>
            <dst id="HSTNng">3710.70133333333</dst>
            <dst id="IPLSng">53.3333333333333</dst>
            <dst id="KSCYng">832.890666666666</dst>
            <dst id="LOSAng">350.125333333333</dst>
            <dst id="NYCMng">26.6666666666667</dst>
            <dst id="SNVAng">0</dst>
            <dst id="STTLng">0</dst>
            <dst id="WASHng">553.757333333333</dst>
        </src>
        <src id="ATLAng">
            <dst id="ATLA-M5">108.394666666667</dst>
            <dst id="ATLAng">35021.488</dst>
            <dst id="CHINng">4177.89066666667</dst>
            <dst id="DNVRng">5764.86133333333</dst>
            <dst id="HSTNng">408.514666666667</dst>
            <dst id="IPLSng">11659.0693333333</dst>
            <dst id="KSCYng">866.413333333333</dst>
            <dst id="LOSAng">13504.176</dst>
            <dst id="NYCMng">7612.392</dst>
            <dst id="SNVAng">169.541333333333</dst>
            <dst id="STTLng">4490.33866666667</dst>
            <dst id="WASHng">22314.072</dst>
        </src>
        <src id="CHINng">
            <dst id="ATLA-M5">26.6666666666667</dst>
            <dst id="ATLAng">20360.288</dst>
            <dst id="CHINng">172960.312</dst>
            <dst id="DNVRng">15269.9173333333</dst>
            <dst id="HSTNng">5553.35466666667</dst>
            <dst id="IPLSng">80648.2266666667</dst>
            <dst id="KSCYng">13795.6426666667</dst>
            <dst id="LOSAng">70021.696</dst>
            <dst id="NYCMng">11121.7493333333</dst>
            <dst id="SNVAng">649.653333333333</dst>
            <dst id="STTLng">6572.26666666667</dst>
            <dst id="WASHng">18037.7226666667</dst>
        </src>
        <src id="DNVRng">
            <dst id="ATLA-M5">64</dst>
            <dst id="ATLAng">11588.7146666667</dst>
            <dst id="CHINng">37282.3493333333</dst>
            <dst id="DNVRng">11930.8666666667</dst>
            <dst id="HSTNng">25199.112</dst>
            <dst id="IPLSng">21482.3706666667</dst>
            <dst id="KSCYng">26488.4666666667</dst>
            <dst id="LOSAng">10503.9706666667</dst>
            <dst id="NYCMng">26657.824</dst>
            <dst id="SNVAng">15269.9973333333</dst>
            <dst id="STTLng">15321.5413333333</dst>
            <dst id="WASHng">45191.0693333333</dst>
        </src>
        <src id="HSTNng">
            <dst id="ATLA-M5">3622.58933333333</dst>
            <dst id="ATLAng">2763.86666666667</dst>
            <dst id="CHINng">10958.5253333333</dst>
            <dst id="DNVRng">2030.52533333333</dst>
            <dst id="HSTNng">3818.22933333333</dst>
            <dst id="IPLSng">1723.30666666667</dst>
            <dst id="KSCYng">861.232</dst>
            <dst id="LOSAng">13813.9786666667</dst>
            <dst id="NYCMng">2883.328</dst>
            <dst id="SNVAng">0</dst>
            <dst id="STTLng">1776.01333333333</dst>
            <dst id="WASHng">5446.21066666667</dst>
        </src>
        <src id="IPLSng">
            <dst id="ATLA-M5">76.4106666666667</dst>
            <dst id="ATLAng">12958.4826666667</dst>
            <dst id="CHINng">54710.4453333333</dst>
            <dst id="DNVRng">4262.36</dst>
            <dst id="HSTNng">922.325333333333</dst>
            <dst id="IPLSng">59416.04</dst>
            <dst id="KSCYng">2546.18666666667</dst>
            <dst id="LOSAng">64998.4373333333</dst>
            <dst id="NYCMng">15801.3946666667</dst>
            <dst id="SNVAng">1394.49066666667</dst>
            <dst id="STTLng">13404.32</dst>
            <dst id="WASHng">19575.096</dst>
        </src>
        <src id="KSCYng">
            <dst id="ATLA-M5">281.914666666667</dst>
            <dst id="ATLAng">2028.23466666667</dst>
            <dst id="CHINng">31436.2453333333</dst>
            <dst id="DNVRng">13176.44</dst>
            <dst id="HSTNng">6763.58666666667</dst>
            <dst id="IPLSng">11814.0373333333</dst>
            <dst id="KSCYng">6603.552</dst>
            <dst id="LOSAng">7054.01333333333</dst>
            <dst id="NYCMng">2799.10666666667</dst>
            <dst id="SNVAng">174.442666666667</dst>
            <dst id="STTLng">2808.61333333333</dst>
            <dst id="WASHng">6906.64533333333</dst>
        </src>
        <src id="LOSAng">
            <dst id="ATLA-M5">155.536</dst>
            <dst id="ATLAng">40435.984</dst>
            <dst id="CHINng">118010.744</dst>
            <dst id="DNVRng">7408.168</dst>
            <dst id="HSTNng">10938.1493333333</dst>
            <dst id="IPLSng">48468.9653333333</dst>
            <dst id="KSCYng">6044.648</dst>
            <dst id="LOSAng">18335.6026666667</dst>
            <dst id="NYCMng">103868.472</dst>
            <dst id="SNVAng">11921.5466666667</dst>
            <dst id="STTLng">52079.7813333333</dst>
            <dst id="WASHng">102128.733333333</dst>
        </src>
        <src id="NYCMng">
            <dst id="ATLA-M5">147.493333333333</dst>
            <dst id="ATLAng">35187.384</dst>
            <dst id="CHINng">50989.3973333333</dst>
            <dst id="DNVRng">117003.917333333</dst>
            <dst id="HSTNng">13031.888</dst>
            <dst id="IPLSng">43168.144</dst>
            <dst id="KSCYng">8252.73066666667</dst>
            <dst id="LOSAng">88419.232</dst>
            <dst id="NYCMng">80122.064</dst>
            <dst id="SNVAng">743.530666666667</dst>
            <dst id="STTLng">32120.5493333333</dst>
            <dst id="WASHng">52703.448</dst>
        </src>
        <src id="SNVAng">
            <dst id="ATLA-M5">0</dst>
            <dst id="ATLAng">26.6666666666667</dst>
            <dst id="CHINng">451.762666666667</dst>
            <dst id="DNVRng">12987.1973333333</dst>
            <dst id="HSTNng">33.6426666666667</dst>
            <dst id="IPLSng">253.856</dst>
            <dst id="KSCYng">17345.344</dst>
            <dst id="LOSAng">34624.504</dst>
            <dst id="NYCMng">254.349333333333</dst>
            <dst id="SNVAng">8623.23466666667</dst>
            <dst id="STTLng">24736.9466666667</dst>
            <dst id="WASHng">53.3333333333333</dst>
        </src>
        <src id="STTLng">
            <dst id="ATLA-M5">0</dst>
            <dst id="ATLAng">8373.776</dst>
            <dst id="CHINng">10441.2106666667</dst>
            <dst id="DNVRng">3720.648</dst>
            <dst id="HSTNng">1685.02933333333</dst>
            <dst id="IPLSng">9104.52533333333</dst>
            <dst id="KSCYng">3851.25866666667</dst>
            <dst id="LOSAng">29545.928</dst>
            <dst id="NYCMng">9521.616</dst>
            <dst id="SNVAng">3664.432</dst>
            <dst id="STTLng">6716.54933333333</dst>
            <dst id="WASHng">7903.47733333333</dst>
        </src>
        <src id="WASHng">
            <dst id="ATLA-M5">1126.52266666667</dst>
            <dst id="ATLAng">104384.666666667</dst>
            <dst id="CHINng">85185.7653333333</dst>
            <dst id="DNVRng">55632.8133333333</dst>
            <dst id="HSTNng">23381.104</dst>
            <dst id="IPLSng">50695.5786666667</dst>
            <dst id="KSCYng">15379.944</dst>
            <dst id="LOSAng">123699.738666667</dst>
            <dst id="NYCMng">126264.229333333</dst>
            <dst id="SNVAng">4285.208</dst>
            <dst id="STTLng">42059.3306666667</dst>
            <dst id="WASHng">231802.666666667</dst>
        </src>
    </IntraTM>
</TrafficMatrixFile>
