<?xml version="1.0" encoding="ISO-8859-1" standalone="yes"?>
<TrafficMatrixFile xsi:noNamespaceSchemaLocation="http://totem.run.montefiore.ulg.ac.be/Schema/TrafficMatrix-v1_2.xsd" xmlns:xsi="http://www.w3.org/2001/XMLSchema-instance">
    <IntraTM ASID="11537">
        <src id="ATLA-M5">
            <dst id="ATLA-M5">0</dst>
            <dst id="ATLAng">26.6666666666667</dst>
            <dst id="CHINng">167.696</dst>
            <dst id="DNVRng">0</dst>
            <dst id="HSTNng">26.6666666666667</dst>
            <dst id="IPLSng">53.3333333333333</dst>
            <dst id="KSCYng">235.717333333333</dst>
            <dst id="LOSAng">147.565333333333</dst>
            <dst id="NYCMng">40</dst>
            <dst id="SNVAng">0</dst>
            <dst id="STTLng">26.6666666666667</dst>
            <dst id="WASHng">168.12</dst>
        </src>
        <src id="ATLAng">
            <dst id="ATLA-M5">180.042666666667</dst>
            <dst id="ATLAng">30466.384</dst>
            <dst id="CHINng">23404.512</dst>
            <dst id="DNVRng">4309.77866666667</dst>
            <dst id="HSTNng">2122.23466666667</dst>
            <dst id="IPLSng">11110.008</dst>
            <dst id="KSCYng">870.746666666666</dst>
            <dst id="LOSAng">15568.3786666667</dst>
            <dst id="NYCMng">7310.89066666667</dst>
            <dst id="SNVAng">40</dst>
            <dst id="STTLng">7929.32</dst>
            <dst id="WASHng">31369.9893333333</dst>
        </src>
        <src id="CHINng">
            <dst id="ATLA-M5">490.786666666667</dst>
            <dst id="ATLAng">26021.168</dst>
            <dst id="CHINng">74790.0106666667</dst>
            <dst id="DNVRng">5123.82666666667</dst>
            <dst id="HSTNng">6668.06666666667</dst>
            <dst id="IPLSng">28949.0613333333</dst>
            <dst id="KSCYng">2858.00533333333</dst>
            <dst id="LOSAng">52346.9573333333</dst>
            <dst id="NYCMng">5340.024</dst>
            <dst id="SNVAng">639.674666666666</dst>
            <dst id="STTLng">9814.04533333333</dst>
            <dst id="WASHng">23250.5333333333</dst>
        </src>
        <src id="DNVRng">
            <dst id="ATLA-M5">132.8</dst>
            <dst id="ATLAng">4114.08</dst>
            <dst id="CHINng">40977.4853333333</dst>
            <dst id="DNVRng">22729.648</dst>
            <dst id="HSTNng">22338.08</dst>
            <dst id="IPLSng">19130.8026666667</dst>
            <dst id="KSCYng">18586.6666666667</dst>
            <dst id="LOSAng">15432.9306666667</dst>
            <dst id="NYCMng">10587.5786666667</dst>
            <dst id="SNVAng">10185.2373333333</dst>
            <dst id="STTLng">13894.3013333333</dst>
            <dst id="WASHng">29414.2933333333</dst>
        </src>
        <src id="HSTNng">
            <dst id="ATLA-M5">1477.73066666667</dst>
            <dst id="ATLAng">12709.0346666667</dst>
            <dst id="CHINng">8692.69066666667</dst>
            <dst id="DNVRng">1399.60266666667</dst>
            <dst id="HSTNng">7603.984</dst>
            <dst id="IPLSng">877.909333333333</dst>
            <dst id="KSCYng">917.757333333333</dst>
            <dst id="LOSAng">8425.27466666667</dst>
            <dst id="NYCMng">707.576</dst>
            <dst id="SNVAng">26.6666666666667</dst>
            <dst id="STTLng">2642.00533333333</dst>
            <dst id="WASHng">1931.05866666667</dst>
        </src>
        <src id="IPLSng">
            <dst id="ATLA-M5">26.6666666666667</dst>
            <dst id="ATLAng">14280.2533333333</dst>
            <dst id="CHINng">53122.592</dst>
            <dst id="DNVRng">3802.728</dst>
            <dst id="HSTNng">2906.392</dst>
            <dst id="IPLSng">10203.4026666667</dst>
            <dst id="KSCYng">2362.76</dst>
            <dst id="LOSAng">54336.2266666667</dst>
            <dst id="NYCMng">18834.0746666667</dst>
            <dst id="SNVAng">481.949333333333</dst>
            <dst id="STTLng">10866.0933333333</dst>
            <dst id="WASHng">13305.7626666667</dst>
        </src>
        <src id="KSCYng">
            <dst id="ATLA-M5">1054.512</dst>
            <dst id="ATLAng">2139.88266666667</dst>
            <dst id="CHINng">16252.3546666667</dst>
            <dst id="DNVRng">17216.0293333333</dst>
            <dst id="HSTNng">4703.176</dst>
            <dst id="IPLSng">7971.824</dst>
            <dst id="KSCYng">5486.09066666667</dst>
            <dst id="LOSAng">6919.61333333333</dst>
            <dst id="NYCMng">3069.46666666667</dst>
            <dst id="SNVAng">1058.26666666667</dst>
            <dst id="STTLng">1754.48266666667</dst>
            <dst id="WASHng">10392.0426666667</dst>
        </src>
        <src id="LOSAng">
            <dst id="ATLA-M5">938.338666666667</dst>
            <dst id="ATLAng">43310.592</dst>
            <dst id="CHINng">96347.52</dst>
            <dst id="DNVRng">10888.3493333333</dst>
            <dst id="HSTNng">6596.82666666667</dst>
            <dst id="IPLSng">26397.04</dst>
            <dst id="KSCYng">4316.47466666667</dst>
            <dst id="LOSAng">20948.504</dst>
            <dst id="NYCMng">70309.096</dst>
            <dst id="SNVAng">11079.048</dst>
            <dst id="STTLng">37360.448</dst>
            <dst id="WASHng">96717.744</dst>
        </src>
        <src id="NYCMng">
            <dst id="ATLA-M5">175.152</dst>
            <dst id="ATLAng">42398.5733333333</dst>
            <dst id="CHINng">33341.7733333333</dst>
            <dst id="DNVRng">32989.2746666667</dst>
            <dst id="HSTNng">3705.34133333333</dst>
            <dst id="IPLSng">26400.9866666667</dst>
            <dst id="KSCYng">8123.912</dst>
            <dst id="LOSAng">75477.256</dst>
            <dst id="NYCMng">84993.504</dst>
            <dst id="SNVAng">2070.21066666667</dst>
            <dst id="STTLng">20405.4026666667</dst>
            <dst id="WASHng">62263.3733333333</dst>
        </src>
        <src id="SNVAng">
            <dst id="ATLA-M5">0</dst>
            <dst id="ATLAng">53.3333333333333</dst>
            <dst id="CHINng">134.314666666667</dst>
            <dst id="DNVRng">19307.4746666667</dst>
            <dst id="HSTNng">84.1386666666667</dst>
            <dst id="IPLSng">2466.68533333333</dst>
            <dst id="KSCYng">106.725333333333</dst>
            <dst id="LOSAng">28030.624</dst>
            <dst id="NYCMng">248.090666666667</dst>
            <dst id="SNVAng">7858.83466666667</dst>
            <dst id="STTLng">27209.136</dst>
            <dst id="WASHng">53.3333333333333</dst>
        </src>
        <src id="STTLng">
            <dst id="ATLA-M5">175.010666666667</dst>
            <dst id="ATLAng">12611.6906666667</dst>
            <dst id="CHINng">13036.7706666667</dst>
            <dst id="DNVRng">5130.61333333333</dst>
            <dst id="HSTNng">2688.19466666667</dst>
            <dst id="IPLSng">10744.6933333333</dst>
            <dst id="KSCYng">3577.568</dst>
            <dst id="LOSAng">27444.368</dst>
            <dst id="NYCMng">8343.33333333333</dst>
            <dst id="SNVAng">3678.51733333333</dst>
            <dst id="STTLng">2208.49333333333</dst>
            <dst id="WASHng">5942.71733333333</dst>
        </src>
        <src id="WASHng">
            <dst id="ATLA-M5">97.664</dst>
            <dst id="ATLAng">87715.1946666666</dst>
            <dst id="CHINng">60701.912</dst>
            <dst id="DNVRng">56527.0186666667</dst>
            <dst id="HSTNng">45350.152</dst>
            <dst id="IPLSng">27803.5093333333</dst>
            <dst id="KSCYng">9676.17333333334</dst>
            <dst id="LOSAng">118292.882666667</dst>
            <dst id="NYCMng">110224.026666667</dst>
            <dst id="SNVAng">405.685333333333</dst>
            <dst id="STTLng">27638.2213333333</dst>
            <dst id="WASHng">154023.938666667</dst>
        </src>
    </IntraTM>
</TrafficMatrixFile>
