<?xml version="1.0" encoding="ISO-8859-1" standalone="yes"?>
<TrafficMatrixFile xsi:noNamespaceSchemaLocation="http://totem.run.montefiore.ulg.ac.be/Schema/TrafficMatrix-v1_2.xsd" xmlns:xsi="http://www.w3.org/2001/XMLSchema-instance">
    <IntraTM ASID="11537">
        <src id="ATLA-M5">
            <dst id="ATLA-M5">0</dst>
            <dst id="ATLAng">51.2026666666667</dst>
            <dst id="CHINng">87.8826666666667</dst>
            <dst id="DNVRng">26.6666666666667</dst>
            <dst id="HSTNng">26.6666666666667</dst>
            <dst id="IPLSng">0</dst>
            <dst id="KSCYng">31.4906666666667</dst>
            <dst id="LOSAng">419.466666666667</dst>
            <dst id="NYCMng">364.898666666667</dst>
            <dst id="SNVAng">0</dst>
            <dst id="STTLng">36</dst>
            <dst id="WASHng">3275.35466666667</dst>
        </src>
        <src id="ATLAng">
            <dst id="ATLA-M5">1709.656</dst>
            <dst id="ATLAng">38592.984</dst>
            <dst id="CHINng">7641.28</dst>
            <dst id="DNVRng">4047.21066666667</dst>
            <dst id="HSTNng">676.394666666667</dst>
            <dst id="IPLSng">17858.128</dst>
            <dst id="KSCYng">762.856</dst>
            <dst id="LOSAng">15870.356</dst>
            <dst id="NYCMng">5311.88266666667</dst>
            <dst id="SNVAng">198.505333333333</dst>
            <dst id="STTLng">5072.22933333333</dst>
            <dst id="WASHng">66125.312</dst>
        </src>
        <src id="CHINng">
            <dst id="ATLA-M5">535.6</dst>
            <dst id="ATLAng">36161.6613333333</dst>
            <dst id="CHINng">93162.0613333333</dst>
            <dst id="DNVRng">18328.3866666667</dst>
            <dst id="HSTNng">6555.136</dst>
            <dst id="IPLSng">17670.1546666667</dst>
            <dst id="KSCYng">13028.0666666667</dst>
            <dst id="LOSAng">60197.3866666667</dst>
            <dst id="NYCMng">4855.93333333333</dst>
            <dst id="SNVAng">460.005333333333</dst>
            <dst id="STTLng">6736.53333333333</dst>
            <dst id="WASHng">13685.824</dst>
        </src>
        <src id="DNVRng">
            <dst id="ATLA-M5">146.506666666667</dst>
            <dst id="ATLAng">2387.04533333333</dst>
            <dst id="CHINng">52563.784</dst>
            <dst id="DNVRng">11981.52</dst>
            <dst id="HSTNng">17271.416</dst>
            <dst id="IPLSng">19265.1653333333</dst>
            <dst id="KSCYng">21937.9573333333</dst>
            <dst id="LOSAng">19522.2746666667</dst>
            <dst id="NYCMng">10013.3626666667</dst>
            <dst id="SNVAng">8446.544</dst>
            <dst id="STTLng">9251.24266666667</dst>
            <dst id="WASHng">41316.7893333333</dst>
        </src>
        <src id="HSTNng">
            <dst id="ATLA-M5">176.682666666667</dst>
            <dst id="ATLAng">15664.8373333333</dst>
            <dst id="CHINng">13418.8293333333</dst>
            <dst id="DNVRng">1865.35733333333</dst>
            <dst id="HSTNng">2342.80266666667</dst>
            <dst id="IPLSng">1636.20533333333</dst>
            <dst id="KSCYng">1409.76</dst>
            <dst id="LOSAng">10032.9386666667</dst>
            <dst id="NYCMng">3727.848</dst>
            <dst id="SNVAng">0</dst>
            <dst id="STTLng">865.192</dst>
            <dst id="WASHng">2822.184</dst>
        </src>
        <src id="IPLSng">
            <dst id="ATLA-M5">0</dst>
            <dst id="ATLAng">8061.15466666667</dst>
            <dst id="CHINng">67115.2986666667</dst>
            <dst id="DNVRng">1864.96266666667</dst>
            <dst id="HSTNng">1288.74666666667</dst>
            <dst id="IPLSng">9371.56266666667</dst>
            <dst id="KSCYng">2537.38133333333</dst>
            <dst id="LOSAng">56600.688</dst>
            <dst id="NYCMng">22506.8506666667</dst>
            <dst id="SNVAng">345.586666666667</dst>
            <dst id="STTLng">7898.50933333333</dst>
            <dst id="WASHng">6277.88</dst>
        </src>
        <src id="KSCYng">
            <dst id="ATLA-M5">0</dst>
            <dst id="ATLAng">1166.536</dst>
            <dst id="CHINng">18476.3733333333</dst>
            <dst id="DNVRng">14391.056</dst>
            <dst id="HSTNng">6839.12266666667</dst>
            <dst id="IPLSng">7547.864</dst>
            <dst id="KSCYng">8017.10666666667</dst>
            <dst id="LOSAng">5916.39466666667</dst>
            <dst id="NYCMng">3617.37066666667</dst>
            <dst id="SNVAng">1254.26666666667</dst>
            <dst id="STTLng">3930.53066666667</dst>
            <dst id="WASHng">4586.55466666667</dst>
        </src>
        <src id="LOSAng">
            <dst id="ATLA-M5">405.701333333333</dst>
            <dst id="ATLAng">37265.4773333333</dst>
            <dst id="CHINng">126965.128</dst>
            <dst id="DNVRng">11916.1333333333</dst>
            <dst id="HSTNng">3547.82133333333</dst>
            <dst id="IPLSng">49370.9893333333</dst>
            <dst id="KSCYng">3874.72266666667</dst>
            <dst id="LOSAng">22703.4373333333</dst>
            <dst id="NYCMng">70361.2693333333</dst>
            <dst id="SNVAng">4396.688</dst>
            <dst id="STTLng">35272.44</dst>
            <dst id="WASHng">92558.2346666667</dst>
        </src>
        <src id="NYCMng">
            <dst id="ATLA-M5">514.4</dst>
            <dst id="ATLAng">34764.5866666667</dst>
            <dst id="CHINng">49614.3253333333</dst>
            <dst id="DNVRng">28566.6906666667</dst>
            <dst id="HSTNng">5519.08266666667</dst>
            <dst id="IPLSng">16370.5333333333</dst>
            <dst id="KSCYng">4819.94133333333</dst>
            <dst id="LOSAng">105537.066666667</dst>
            <dst id="NYCMng">109869.013333333</dst>
            <dst id="SNVAng">1899.69333333333</dst>
            <dst id="STTLng">26390.3946666667</dst>
            <dst id="WASHng">39278.1626666667</dst>
        </src>
        <src id="SNVAng">
            <dst id="ATLA-M5">0</dst>
            <dst id="ATLAng">26.6666666666667</dst>
            <dst id="CHINng">379.44</dst>
            <dst id="DNVRng">349.045333333333</dst>
            <dst id="HSTNng">105.429333333333</dst>
            <dst id="IPLSng">1004.976</dst>
            <dst id="KSCYng">77.88</dst>
            <dst id="LOSAng">42331.2346666667</dst>
            <dst id="NYCMng">8752.78933333334</dst>
            <dst id="SNVAng">8443.08533333333</dst>
            <dst id="STTLng">25068.6666666667</dst>
            <dst id="WASHng">118.12</dst>
        </src>
        <src id="STTLng">
            <dst id="ATLA-M5">0</dst>
            <dst id="ATLAng">7886.93866666667</dst>
            <dst id="CHINng">26226.568</dst>
            <dst id="DNVRng">782.317333333334</dst>
            <dst id="HSTNng">1282.984</dst>
            <dst id="IPLSng">4855.41066666667</dst>
            <dst id="KSCYng">1469.984</dst>
            <dst id="LOSAng">28174.08</dst>
            <dst id="NYCMng">7046.42933333333</dst>
            <dst id="SNVAng">2655.63733333333</dst>
            <dst id="STTLng">1936.568</dst>
            <dst id="WASHng">4114.952</dst>
        </src>
        <src id="WASHng">
            <dst id="ATLA-M5">94.144</dst>
            <dst id="ATLAng">101050.552</dst>
            <dst id="CHINng">76838.784</dst>
            <dst id="DNVRng">56261.9733333333</dst>
            <dst id="HSTNng">29731.1306666667</dst>
            <dst id="IPLSng">31343.208</dst>
            <dst id="KSCYng">16127.1146666667</dst>
            <dst id="LOSAng">123706.16</dst>
            <dst id="NYCMng">118263.706666667</dst>
            <dst id="SNVAng">838.517333333333</dst>
            <dst id="STTLng">32419.3946666667</dst>
            <dst id="WASHng">262663.285333333</dst>
        </src>
    </IntraTM>
</TrafficMatrixFile>
