<?xml version="1.0" encoding="ISO-8859-1" standalone="yes"?>
<TrafficMatrixFile xsi:noNamespaceSchemaLocation="http://totem.run.montefiore.ulg.ac.be/Schema/TrafficMatrix-v1_2.xsd" xmlns:xsi="http://www.w3.org/2001/XMLSchema-instance">
    <IntraTM ASID="11537">
        <src id="ATLA-M5">
            <dst id="ATLA-M5">73.8613333333333</dst>
            <dst id="ATLAng">223.714666666667</dst>
            <dst id="CHINng">136.8</dst>
            <dst id="DNVRng">26.6666666666667</dst>
            <dst id="HSTNng">606.992</dst>
            <dst id="IPLSng">528.896</dst>
            <dst id="KSCYng">1547.544</dst>
            <dst id="LOSAng">527.794666666667</dst>
            <dst id="NYCMng">141.018666666667</dst>
            <dst id="SNVAng">13.3333333333333</dst>
            <dst id="STTLng">0</dst>
            <dst id="WASHng">587.688</dst>
        </src>
        <src id="ATLAng">
            <dst id="ATLA-M5">318.029333333333</dst>
            <dst id="ATLAng">39065.928</dst>
            <dst id="CHINng">10623.8346666667</dst>
            <dst id="DNVRng">4328.30666666667</dst>
            <dst id="HSTNng">1284.68</dst>
            <dst id="IPLSng">25097.9386666667</dst>
            <dst id="KSCYng">1471.93066666667</dst>
            <dst id="LOSAng">28869.648</dst>
            <dst id="NYCMng">9126.39733333333</dst>
            <dst id="SNVAng">162.917333333333</dst>
            <dst id="STTLng">5495.84266666667</dst>
            <dst id="WASHng">45159.056</dst>
        </src>
        <src id="CHINng">
            <dst id="ATLA-M5">110.922666666667</dst>
            <dst id="ATLAng">26213.8026666667</dst>
            <dst id="CHINng">84115.1813333333</dst>
            <dst id="DNVRng">13351.6213333333</dst>
            <dst id="HSTNng">8207.688</dst>
            <dst id="IPLSng">39890.8293333333</dst>
            <dst id="KSCYng">10423.0986666667</dst>
            <dst id="LOSAng">72178.3946666667</dst>
            <dst id="NYCMng">7254.48266666667</dst>
            <dst id="SNVAng">641.84</dst>
            <dst id="STTLng">11450.624</dst>
            <dst id="WASHng">23075.7413333333</dst>
        </src>
        <src id="DNVRng">
            <dst id="ATLA-M5">26.6666666666667</dst>
            <dst id="ATLAng">9597.40533333333</dst>
            <dst id="CHINng">47789.4986666667</dst>
            <dst id="DNVRng">8119.04</dst>
            <dst id="HSTNng">21623.312</dst>
            <dst id="IPLSng">28961.5253333333</dst>
            <dst id="KSCYng">13637.696</dst>
            <dst id="LOSAng">18665.6666666667</dst>
            <dst id="NYCMng">15185.632</dst>
            <dst id="SNVAng">9699.44</dst>
            <dst id="STTLng">14948.0906666667</dst>
            <dst id="WASHng">30793.5226666667</dst>
        </src>
        <src id="HSTNng">
            <dst id="ATLA-M5">3371.424</dst>
            <dst id="ATLAng">2156.77866666667</dst>
            <dst id="CHINng">15837.1466666667</dst>
            <dst id="DNVRng">9569.912</dst>
            <dst id="HSTNng">7540.57333333333</dst>
            <dst id="IPLSng">2494.49333333333</dst>
            <dst id="KSCYng">1658.744</dst>
            <dst id="LOSAng">10458.904</dst>
            <dst id="NYCMng">2071.704</dst>
            <dst id="SNVAng">41.264</dst>
            <dst id="STTLng">1351.70933333333</dst>
            <dst id="WASHng">6511.544</dst>
        </src>
        <src id="IPLSng">
            <dst id="ATLA-M5">329.632</dst>
            <dst id="ATLAng">34898.552</dst>
            <dst id="CHINng">66584.984</dst>
            <dst id="DNVRng">9493.52266666667</dst>
            <dst id="HSTNng">2767.86666666667</dst>
            <dst id="IPLSng">100498.328</dst>
            <dst id="KSCYng">5453.312</dst>
            <dst id="LOSAng">57780.7013333334</dst>
            <dst id="NYCMng">21951.648</dst>
            <dst id="SNVAng">1289.68266666667</dst>
            <dst id="STTLng">7459.528</dst>
            <dst id="WASHng">36377.1653333333</dst>
        </src>
        <src id="KSCYng">
            <dst id="ATLA-M5">1368.74666666667</dst>
            <dst id="ATLAng">3165.72</dst>
            <dst id="CHINng">25491.0266666667</dst>
            <dst id="DNVRng">10733.072</dst>
            <dst id="HSTNng">4457.136</dst>
            <dst id="IPLSng">12523.712</dst>
            <dst id="KSCYng">3268.22933333333</dst>
            <dst id="LOSAng">11055.0666666667</dst>
            <dst id="NYCMng">2177.77066666667</dst>
            <dst id="SNVAng">206.421333333333</dst>
            <dst id="STTLng">2830.03466666667</dst>
            <dst id="WASHng">8334.056</dst>
        </src>
        <src id="LOSAng">
            <dst id="ATLA-M5">263.064</dst>
            <dst id="ATLAng">31697.488</dst>
            <dst id="CHINng">109654.266666667</dst>
            <dst id="DNVRng">20286.8373333333</dst>
            <dst id="HSTNng">15477.72</dst>
            <dst id="IPLSng">43504.2133333333</dst>
            <dst id="KSCYng">5832.94933333333</dst>
            <dst id="LOSAng">10818.6293333333</dst>
            <dst id="NYCMng">90276.1946666667</dst>
            <dst id="SNVAng">13378.376</dst>
            <dst id="STTLng">35361.864</dst>
            <dst id="WASHng">102843.168</dst>
        </src>
        <src id="NYCMng">
            <dst id="ATLA-M5">558.098666666667</dst>
            <dst id="ATLAng">48835.7493333333</dst>
            <dst id="CHINng">37395.776</dst>
            <dst id="DNVRng">130118.621333333</dst>
            <dst id="HSTNng">10747.3573333333</dst>
            <dst id="IPLSng">44556.6186666666</dst>
            <dst id="KSCYng">19821.216</dst>
            <dst id="LOSAng">100855.874666667</dst>
            <dst id="NYCMng">88395.4133333333</dst>
            <dst id="SNVAng">7246.17333333333</dst>
            <dst id="STTLng">32145.9173333333</dst>
            <dst id="WASHng">60957.0746666667</dst>
        </src>
        <src id="SNVAng">
            <dst id="ATLA-M5">0</dst>
            <dst id="ATLAng">133.333333333333</dst>
            <dst id="CHINng">453.066666666667</dst>
            <dst id="DNVRng">7528.096</dst>
            <dst id="HSTNng">80.704</dst>
            <dst id="IPLSng">822.304</dst>
            <dst id="KSCYng">20804.1093333333</dst>
            <dst id="LOSAng">41515.9626666667</dst>
            <dst id="NYCMng">453.752</dst>
            <dst id="SNVAng">10179.832</dst>
            <dst id="STTLng">22819</dst>
            <dst id="WASHng">469.504</dst>
        </src>
        <src id="STTLng">
            <dst id="ATLA-M5">26.6666666666667</dst>
            <dst id="ATLAng">10739.6213333333</dst>
            <dst id="CHINng">18499.44</dst>
            <dst id="DNVRng">6455.93066666667</dst>
            <dst id="HSTNng">3966.94666666667</dst>
            <dst id="IPLSng">8378.696</dst>
            <dst id="KSCYng">4510.496</dst>
            <dst id="LOSAng">50275.4346666667</dst>
            <dst id="NYCMng">8701.57866666666</dst>
            <dst id="SNVAng">3307.30666666667</dst>
            <dst id="STTLng">4129.59466666667</dst>
            <dst id="WASHng">12858.9413333333</dst>
        </src>
        <src id="WASHng">
            <dst id="ATLA-M5">1696.50933333333</dst>
            <dst id="ATLAng">81641.3946666666</dst>
            <dst id="CHINng">61880.7226666667</dst>
            <dst id="DNVRng">76702.016</dst>
            <dst id="HSTNng">24861.3333333333</dst>
            <dst id="IPLSng">58549.704</dst>
            <dst id="KSCYng">26807.6213333333</dst>
            <dst id="LOSAng">134088.746666667</dst>
            <dst id="NYCMng">138483.674666667</dst>
            <dst id="SNVAng">6063.02933333333</dst>
            <dst id="STTLng">41433.9306666667</dst>
            <dst id="WASHng">374913.546666667</dst>
        </src>
    </IntraTM>
</TrafficMatrixFile>
