<?xml version="1.0" encoding="ISO-8859-1" standalone="yes"?>
<TrafficMatrixFile xsi:noNamespaceSchemaLocation="http://totem.run.montefiore.ulg.ac.be/Schema/TrafficMatrix-v1_2.xsd" xmlns:xsi="http://www.w3.org/2001/XMLSchema-instance">
    <IntraTM ASID="11537">
        <src id="ATLA-M5">
            <dst id="ATLA-M5">0</dst>
            <dst id="ATLAng">729.834666666667</dst>
            <dst id="CHINng">288.170666666667</dst>
            <dst id="DNVRng">0</dst>
            <dst id="HSTNng">216.464</dst>
            <dst id="IPLSng">348.917333333333</dst>
            <dst id="KSCYng">26.6666666666667</dst>
            <dst id="LOSAng">99.26</dst>
            <dst id="NYCMng">1538.63466666667</dst>
            <dst id="SNVAng">54.2546666666667</dst>
            <dst id="STTLng">162.272</dst>
            <dst id="WASHng">2105.22133333333</dst>
        </src>
        <src id="ATLAng">
            <dst id="ATLA-M5">244.733333333333</dst>
            <dst id="ATLAng">47453.664</dst>
            <dst id="CHINng">9897.23466666667</dst>
            <dst id="DNVRng">4425.55733333333</dst>
            <dst id="HSTNng">12650.584</dst>
            <dst id="IPLSng">12457.1946666667</dst>
            <dst id="KSCYng">397.256</dst>
            <dst id="LOSAng">17324.928</dst>
            <dst id="NYCMng">5134.04</dst>
            <dst id="SNVAng">299.672</dst>
            <dst id="STTLng">5840.18933333333</dst>
            <dst id="WASHng">43330.7226666667</dst>
        </src>
        <src id="CHINng">
            <dst id="ATLA-M5">26.6666666666667</dst>
            <dst id="ATLAng">10263.864</dst>
            <dst id="CHINng">120323.882666667</dst>
            <dst id="DNVRng">12543.6266666667</dst>
            <dst id="HSTNng">3664.832</dst>
            <dst id="IPLSng">40521.1546666667</dst>
            <dst id="KSCYng">4902.16533333333</dst>
            <dst id="LOSAng">57181.7466666667</dst>
            <dst id="NYCMng">28427.8533333333</dst>
            <dst id="SNVAng">1266.984</dst>
            <dst id="STTLng">9716.04</dst>
            <dst id="WASHng">18216.128</dst>
        </src>
        <src id="DNVRng">
            <dst id="ATLA-M5">44</dst>
            <dst id="ATLAng">6766.68533333333</dst>
            <dst id="CHINng">44152.3973333333</dst>
            <dst id="DNVRng">19710.496</dst>
            <dst id="HSTNng">23684.2613333333</dst>
            <dst id="IPLSng">23554.32</dst>
            <dst id="KSCYng">18727.8026666667</dst>
            <dst id="LOSAng">9910.392</dst>
            <dst id="NYCMng">11428.696</dst>
            <dst id="SNVAng">10959.52</dst>
            <dst id="STTLng">10993.848</dst>
            <dst id="WASHng">31800.1226666667</dst>
        </src>
        <src id="HSTNng">
            <dst id="ATLA-M5">362.741333333333</dst>
            <dst id="ATLAng">10016.84</dst>
            <dst id="CHINng">16264.9813333333</dst>
            <dst id="DNVRng">2130.49333333333</dst>
            <dst id="HSTNng">4477.29066666667</dst>
            <dst id="IPLSng">501.045333333333</dst>
            <dst id="KSCYng">1956.68</dst>
            <dst id="LOSAng">9382.38666666667</dst>
            <dst id="NYCMng">1958.648</dst>
            <dst id="SNVAng">0</dst>
            <dst id="STTLng">2042.664</dst>
            <dst id="WASHng">1510.36</dst>
        </src>
        <src id="IPLSng">
            <dst id="ATLA-M5">118.274666666667</dst>
            <dst id="ATLAng">8868.832</dst>
            <dst id="CHINng">71835.5973333334</dst>
            <dst id="DNVRng">3144.264</dst>
            <dst id="HSTNng">1033.94133333333</dst>
            <dst id="IPLSng">37200.536</dst>
            <dst id="KSCYng">2064.768</dst>
            <dst id="LOSAng">44801.136</dst>
            <dst id="NYCMng">9800.73866666667</dst>
            <dst id="SNVAng">702.330666666667</dst>
            <dst id="STTLng">13471.9173333333</dst>
            <dst id="WASHng">15777.0746666667</dst>
        </src>
        <src id="KSCYng">
            <dst id="ATLA-M5">0</dst>
            <dst id="ATLAng">810.762666666667</dst>
            <dst id="CHINng">24376.928</dst>
            <dst id="DNVRng">12387.0533333333</dst>
            <dst id="HSTNng">2184.808</dst>
            <dst id="IPLSng">7680.15466666667</dst>
            <dst id="KSCYng">6383.72266666667</dst>
            <dst id="LOSAng">5504.864</dst>
            <dst id="NYCMng">4425.712</dst>
            <dst id="SNVAng">7244.10666666667</dst>
            <dst id="STTLng">1613.024</dst>
            <dst id="WASHng">7916.072</dst>
        </src>
        <src id="LOSAng">
            <dst id="ATLA-M5">53.3333333333333</dst>
            <dst id="ATLAng">6734.22133333333</dst>
            <dst id="CHINng">102238.92</dst>
            <dst id="DNVRng">6428.21333333333</dst>
            <dst id="HSTNng">7133.72533333333</dst>
            <dst id="IPLSng">25849.6986666667</dst>
            <dst id="KSCYng">4527.79733333333</dst>
            <dst id="LOSAng">21685.3146666667</dst>
            <dst id="NYCMng">46143.864</dst>
            <dst id="SNVAng">6858.67466666667</dst>
            <dst id="STTLng">37616.7786666667</dst>
            <dst id="WASHng">93787.8586666667</dst>
        </src>
        <src id="NYCMng">
            <dst id="ATLA-M5">844.64</dst>
            <dst id="ATLAng">24261.152</dst>
            <dst id="CHINng">50691.5893333333</dst>
            <dst id="DNVRng">116531.688</dst>
            <dst id="HSTNng">8962.264</dst>
            <dst id="IPLSng">23014.304</dst>
            <dst id="KSCYng">8833.04</dst>
            <dst id="LOSAng">66996.3653333333</dst>
            <dst id="NYCMng">78431.9706666667</dst>
            <dst id="SNVAng">4798.792</dst>
            <dst id="STTLng">23291.8133333333</dst>
            <dst id="WASHng">53375.488</dst>
        </src>
        <src id="SNVAng">
            <dst id="ATLA-M5">0</dst>
            <dst id="ATLAng">58.7573333333333</dst>
            <dst id="CHINng">386.016</dst>
            <dst id="DNVRng">245.954666666667</dst>
            <dst id="HSTNng">53.3333333333333</dst>
            <dst id="IPLSng">8809.60266666667</dst>
            <dst id="KSCYng">15952.6426666667</dst>
            <dst id="LOSAng">35756.9546666667</dst>
            <dst id="NYCMng">187.829333333333</dst>
            <dst id="SNVAng">9970.528</dst>
            <dst id="STTLng">32323.0533333333</dst>
            <dst id="WASHng">26.6666666666667</dst>
        </src>
        <src id="STTLng">
            <dst id="ATLA-M5">35.328</dst>
            <dst id="ATLAng">8993.696</dst>
            <dst id="CHINng">31206.6586666667</dst>
            <dst id="DNVRng">3255.75733333333</dst>
            <dst id="HSTNng">1664.41866666667</dst>
            <dst id="IPLSng">5419.24266666667</dst>
            <dst id="KSCYng">1908.336</dst>
            <dst id="LOSAng">24493.392</dst>
            <dst id="NYCMng">9850.92266666667</dst>
            <dst id="SNVAng">4110.01066666667</dst>
            <dst id="STTLng">4068.82133333333</dst>
            <dst id="WASHng">6299.744</dst>
        </src>
        <src id="WASHng">
            <dst id="ATLA-M5">218.186666666667</dst>
            <dst id="ATLAng">100991.509333333</dst>
            <dst id="CHINng">94014.1546666667</dst>
            <dst id="DNVRng">55603.5786666667</dst>
            <dst id="HSTNng">15675.1653333333</dst>
            <dst id="IPLSng">54801.0586666667</dst>
            <dst id="KSCYng">11384.5493333333</dst>
            <dst id="LOSAng">116614.125333333</dst>
            <dst id="NYCMng">149113.986666667</dst>
            <dst id="SNVAng">5084.70933333333</dst>
            <dst id="STTLng">35547.3973333333</dst>
            <dst id="WASHng">327764.8</dst>
        </src>
    </IntraTM>
</TrafficMatrixFile>
