<?xml version="1.0" encoding="ISO-8859-1" standalone="yes"?>
<TrafficMatrixFile xsi:noNamespaceSchemaLocation="http://totem.run.montefiore.ulg.ac.be/Schema/TrafficMatrix-v1_2.xsd" xmlns:xsi="http://www.w3.org/2001/XMLSchema-instance">
    <IntraTM ASID="11537">
        <src id="ATLA-M5">
            <dst id="ATLA-M5">0</dst>
            <dst id="ATLAng">222.096</dst>
            <dst id="CHINng">58.0533333333333</dst>
            <dst id="DNVRng">125.941333333333</dst>
            <dst id="HSTNng">99.0106666666667</dst>
            <dst id="IPLSng">277.258666666667</dst>
            <dst id="KSCYng">0</dst>
            <dst id="LOSAng">317.210666666667</dst>
            <dst id="NYCMng">0</dst>
            <dst id="SNVAng">0</dst>
            <dst id="STTLng">26.6666666666667</dst>
            <dst id="WASHng">285.677333333333</dst>
        </src>
        <src id="ATLAng">
            <dst id="ATLA-M5">131.877333333333</dst>
            <dst id="ATLAng">36904.6506666667</dst>
            <dst id="CHINng">4694.81866666667</dst>
            <dst id="DNVRng">3664.90133333333</dst>
            <dst id="HSTNng">438.298666666667</dst>
            <dst id="IPLSng">12179.3893333333</dst>
            <dst id="KSCYng">507.92</dst>
            <dst id="LOSAng">18320.0426666667</dst>
            <dst id="NYCMng">3960.15733333333</dst>
            <dst id="SNVAng">13.3333333333333</dst>
            <dst id="STTLng">11570.7573333333</dst>
            <dst id="WASHng">36407.6293333333</dst>
        </src>
        <src id="CHINng">
            <dst id="ATLA-M5">151.968</dst>
            <dst id="ATLAng">34730.1146666667</dst>
            <dst id="CHINng">58309.744</dst>
            <dst id="DNVRng">7777.48533333333</dst>
            <dst id="HSTNng">4737.08</dst>
            <dst id="IPLSng">21566.8</dst>
            <dst id="KSCYng">3812.02666666667</dst>
            <dst id="LOSAng">53971.136</dst>
            <dst id="NYCMng">2308.752</dst>
            <dst id="SNVAng">813.642666666667</dst>
            <dst id="STTLng">11993.896</dst>
            <dst id="WASHng">12173.2666666667</dst>
        </src>
        <src id="DNVRng">
            <dst id="ATLA-M5">116.96</dst>
            <dst id="ATLAng">4858.12266666667</dst>
            <dst id="CHINng">39535.8426666667</dst>
            <dst id="DNVRng">12581.2906666667</dst>
            <dst id="HSTNng">23815.832</dst>
            <dst id="IPLSng">20145.0666666667</dst>
            <dst id="KSCYng">24316.8186666667</dst>
            <dst id="LOSAng">9341.98666666667</dst>
            <dst id="NYCMng">12619.296</dst>
            <dst id="SNVAng">12235.0106666667</dst>
            <dst id="STTLng">11201.6373333333</dst>
            <dst id="WASHng">38896.6826666667</dst>
        </src>
        <src id="HSTNng">
            <dst id="ATLA-M5">3342.88</dst>
            <dst id="ATLAng">12863.9786666667</dst>
            <dst id="CHINng">7350.33866666667</dst>
            <dst id="DNVRng">2730.75733333333</dst>
            <dst id="HSTNng">6262.136</dst>
            <dst id="IPLSng">365.042666666667</dst>
            <dst id="KSCYng">1189.32266666667</dst>
            <dst id="LOSAng">8939.48</dst>
            <dst id="NYCMng">2881.73333333333</dst>
            <dst id="SNVAng">0</dst>
            <dst id="STTLng">3349.71466666667</dst>
            <dst id="WASHng">3133.472</dst>
        </src>
        <src id="IPLSng">
            <dst id="ATLA-M5">26.6666666666667</dst>
            <dst id="ATLAng">19746.328</dst>
            <dst id="CHINng">36316.6826666667</dst>
            <dst id="DNVRng">5157.632</dst>
            <dst id="HSTNng">1205.10666666667</dst>
            <dst id="IPLSng">9155.69866666667</dst>
            <dst id="KSCYng">5422.33333333333</dst>
            <dst id="LOSAng">57961.0613333333</dst>
            <dst id="NYCMng">34350.16</dst>
            <dst id="SNVAng">290.448</dst>
            <dst id="STTLng">7886.888</dst>
            <dst id="WASHng">7443.01333333333</dst>
        </src>
        <src id="KSCYng">
            <dst id="ATLA-M5">26.6666666666667</dst>
            <dst id="ATLAng">1866.36</dst>
            <dst id="CHINng">15263.4906666667</dst>
            <dst id="DNVRng">12136.496</dst>
            <dst id="HSTNng">3492.68533333333</dst>
            <dst id="IPLSng">8289.14666666667</dst>
            <dst id="KSCYng">5320.66933333333</dst>
            <dst id="LOSAng">8236.24</dst>
            <dst id="NYCMng">4611.016</dst>
            <dst id="SNVAng">243.253333333333</dst>
            <dst id="STTLng">3538.89066666667</dst>
            <dst id="WASHng">11235.6506666667</dst>
        </src>
        <src id="LOSAng">
            <dst id="ATLA-M5">0</dst>
            <dst id="ATLAng">39027.7146666667</dst>
            <dst id="CHINng">72518.1546666667</dst>
            <dst id="DNVRng">9027.01866666667</dst>
            <dst id="HSTNng">5924.712</dst>
            <dst id="IPLSng">24812.744</dst>
            <dst id="KSCYng">2194.8</dst>
            <dst id="LOSAng">21824.3946666667</dst>
            <dst id="NYCMng">64891.6613333333</dst>
            <dst id="SNVAng">8066.16</dst>
            <dst id="STTLng">45056.216</dst>
            <dst id="WASHng">97727.4453333333</dst>
        </src>
        <src id="NYCMng">
            <dst id="ATLA-M5">73.6986666666667</dst>
            <dst id="ATLAng">36401.3893333333</dst>
            <dst id="CHINng">35634.4213333333</dst>
            <dst id="DNVRng">25024.272</dst>
            <dst id="HSTNng">6752.848</dst>
            <dst id="IPLSng">36529.4453333333</dst>
            <dst id="KSCYng">7613.944</dst>
            <dst id="LOSAng">86306.264</dst>
            <dst id="NYCMng">87268.1946666667</dst>
            <dst id="SNVAng">701.605333333333</dst>
            <dst id="STTLng">27907.1333333333</dst>
            <dst id="WASHng">38678.7813333333</dst>
        </src>
        <src id="SNVAng">
            <dst id="ATLA-M5">0</dst>
            <dst id="ATLAng">53.3333333333333</dst>
            <dst id="CHINng">256.130666666667</dst>
            <dst id="DNVRng">219.634666666667</dst>
            <dst id="HSTNng">81.3333333333333</dst>
            <dst id="IPLSng">10044.4426666667</dst>
            <dst id="KSCYng">117.746666666667</dst>
            <dst id="LOSAng">37335.4373333333</dst>
            <dst id="NYCMng">315.904</dst>
            <dst id="SNVAng">9921.54933333333</dst>
            <dst id="STTLng">29469.7146666667</dst>
            <dst id="WASHng">26.6666666666667</dst>
        </src>
        <src id="STTLng">
            <dst id="ATLA-M5">53.3333333333333</dst>
            <dst id="ATLAng">8721.22933333333</dst>
            <dst id="CHINng">16522.6906666667</dst>
            <dst id="DNVRng">2979.632</dst>
            <dst id="HSTNng">2062.72533333333</dst>
            <dst id="IPLSng">5299.74666666667</dst>
            <dst id="KSCYng">3385.07733333333</dst>
            <dst id="LOSAng">33028.664</dst>
            <dst id="NYCMng">9851.424</dst>
            <dst id="SNVAng">5790.448</dst>
            <dst id="STTLng">1734.672</dst>
            <dst id="WASHng">6805.12</dst>
        </src>
        <src id="WASHng">
            <dst id="ATLA-M5">984.237333333333</dst>
            <dst id="ATLAng">81631.5253333334</dst>
            <dst id="CHINng">56875.4666666667</dst>
            <dst id="DNVRng">48784.28</dst>
            <dst id="HSTNng">23606.664</dst>
            <dst id="IPLSng">24731.3866666667</dst>
            <dst id="KSCYng">7377.69333333333</dst>
            <dst id="LOSAng">117042.885333333</dst>
            <dst id="NYCMng">173715.893333333</dst>
            <dst id="SNVAng">509.338666666667</dst>
            <dst id="STTLng">28609.2266666667</dst>
            <dst id="WASHng">139176.221333333</dst>
        </src>
    </IntraTM>
</TrafficMatrixFile>
