<?xml version="1.0" encoding="ISO-8859-1" standalone="yes"?>
<TrafficMatrixFile xsi:noNamespaceSchemaLocation="http://totem.run.montefiore.ulg.ac.be/Schema/TrafficMatrix-v1_2.xsd" xmlns:xsi="http://www.w3.org/2001/XMLSchema-instance">
    <IntraTM ASID="11537">
        <src id="ATLA-M5">
            <dst id="ATLA-M5">26.6666666666667</dst>
            <dst id="ATLAng">247.573333333333</dst>
            <dst id="CHINng">1128.56266666667</dst>
            <dst id="DNVRng">0</dst>
            <dst id="HSTNng">812.394666666667</dst>
            <dst id="IPLSng">569.656</dst>
            <dst id="KSCYng">1507.61333333333</dst>
            <dst id="LOSAng">268.706666666667</dst>
            <dst id="NYCMng">26.6666666666667</dst>
            <dst id="SNVAng">0</dst>
            <dst id="STTLng">0</dst>
            <dst id="WASHng">949.696</dst>
        </src>
        <src id="ATLAng">
            <dst id="ATLA-M5">189.058666666667</dst>
            <dst id="ATLAng">38026.4453333333</dst>
            <dst id="CHINng">9531.68533333333</dst>
            <dst id="DNVRng">8803.392</dst>
            <dst id="HSTNng">1353.76533333333</dst>
            <dst id="IPLSng">13614.1173333333</dst>
            <dst id="KSCYng">2244.312</dst>
            <dst id="LOSAng">17371.56</dst>
            <dst id="NYCMng">8171.96266666667</dst>
            <dst id="SNVAng">153.314666666667</dst>
            <dst id="STTLng">4900.64</dst>
            <dst id="WASHng">35744.344</dst>
        </src>
        <src id="CHINng">
            <dst id="ATLA-M5">83.464</dst>
            <dst id="ATLAng">13565.48</dst>
            <dst id="CHINng">81629.1386666667</dst>
            <dst id="DNVRng">11807.4906666667</dst>
            <dst id="HSTNng">6578.46133333333</dst>
            <dst id="IPLSng">47938.4826666667</dst>
            <dst id="KSCYng">11396.944</dst>
            <dst id="LOSAng">773567.146666667</dst>
            <dst id="NYCMng">8443.016</dst>
            <dst id="SNVAng">989.496</dst>
            <dst id="STTLng">8595.39466666667</dst>
            <dst id="WASHng">25735.8053333333</dst>
        </src>
        <src id="DNVRng">
            <dst id="ATLA-M5">26.6666666666667</dst>
            <dst id="ATLAng">10718.2453333333</dst>
            <dst id="CHINng">45076.608</dst>
            <dst id="DNVRng">20279.1626666667</dst>
            <dst id="HSTNng">32881.3893333333</dst>
            <dst id="IPLSng">22805.896</dst>
            <dst id="KSCYng">35781.0933333333</dst>
            <dst id="LOSAng">16144.2613333333</dst>
            <dst id="NYCMng">11248.1173333333</dst>
            <dst id="SNVAng">15387.184</dst>
            <dst id="STTLng">25472.3066666667</dst>
            <dst id="WASHng">30291.928</dst>
        </src>
        <src id="HSTNng">
            <dst id="ATLA-M5">3555.07733333333</dst>
            <dst id="ATLAng">2347</dst>
            <dst id="CHINng">9246.55466666667</dst>
            <dst id="DNVRng">11149.4693333333</dst>
            <dst id="HSTNng">10724.4746666667</dst>
            <dst id="IPLSng">2076.2</dst>
            <dst id="KSCYng">1849.008</dst>
            <dst id="LOSAng">11859.448</dst>
            <dst id="NYCMng">2594.768</dst>
            <dst id="SNVAng">2275.664</dst>
            <dst id="STTLng">2113.944</dst>
            <dst id="WASHng">5925.44</dst>
        </src>
        <src id="IPLSng">
            <dst id="ATLA-M5">313.536</dst>
            <dst id="ATLAng">13505.0906666667</dst>
            <dst id="CHINng">67208.4426666667</dst>
            <dst id="DNVRng">8708.096</dst>
            <dst id="HSTNng">2932.39466666667</dst>
            <dst id="IPLSng">57860.7893333333</dst>
            <dst id="KSCYng">8406.37066666667</dst>
            <dst id="LOSAng">50321.6266666667</dst>
            <dst id="NYCMng">20497.8986666667</dst>
            <dst id="SNVAng">2244.77333333333</dst>
            <dst id="STTLng">13436.088</dst>
            <dst id="WASHng">23200.2373333333</dst>
        </src>
        <src id="KSCYng">
            <dst id="ATLA-M5">83.792</dst>
            <dst id="ATLAng">6321.07733333333</dst>
            <dst id="CHINng">26196.7546666667</dst>
            <dst id="DNVRng">8834.00266666667</dst>
            <dst id="HSTNng">6759.976</dst>
            <dst id="IPLSng">18578.8133333333</dst>
            <dst id="KSCYng">4711.576</dst>
            <dst id="LOSAng">9005.88</dst>
            <dst id="NYCMng">3671.81066666667</dst>
            <dst id="SNVAng">122.074666666667</dst>
            <dst id="STTLng">2285.65066666667</dst>
            <dst id="WASHng">8469.33333333333</dst>
        </src>
        <src id="LOSAng">
            <dst id="ATLA-M5">533.76</dst>
            <dst id="ATLAng">20544.5653333333</dst>
            <dst id="CHINng">103129.349333333</dst>
            <dst id="DNVRng">17807.504</dst>
            <dst id="HSTNng">13738.976</dst>
            <dst id="IPLSng">44343.3466666667</dst>
            <dst id="KSCYng">6338.264</dst>
            <dst id="LOSAng">15239.864</dst>
            <dst id="NYCMng">77929.3706666667</dst>
            <dst id="SNVAng">15654.6346666667</dst>
            <dst id="STTLng">51347.2693333333</dst>
            <dst id="WASHng">111536.093333333</dst>
        </src>
        <src id="NYCMng">
            <dst id="ATLA-M5">235.72</dst>
            <dst id="ATLAng">50414.152</dst>
            <dst id="CHINng">43365.2506666667</dst>
            <dst id="DNVRng">125437.269333333</dst>
            <dst id="HSTNng">11086.2186666667</dst>
            <dst id="IPLSng">50444.7706666667</dst>
            <dst id="KSCYng">18951.08</dst>
            <dst id="LOSAng">97286.336</dst>
            <dst id="NYCMng">83229.6026666667</dst>
            <dst id="SNVAng">6293.63466666667</dst>
            <dst id="STTLng">37145.9706666667</dst>
            <dst id="WASHng">63543.8373333333</dst>
        </src>
        <src id="SNVAng">
            <dst id="ATLA-M5">0</dst>
            <dst id="ATLAng">80</dst>
            <dst id="CHINng">693.76</dst>
            <dst id="DNVRng">10344.2373333333</dst>
            <dst id="HSTNng">159.12</dst>
            <dst id="IPLSng">725.202666666667</dst>
            <dst id="KSCYng">21999.5493333333</dst>
            <dst id="LOSAng">47523.6853333333</dst>
            <dst id="NYCMng">3626.81066666667</dst>
            <dst id="SNVAng">11733.7226666667</dst>
            <dst id="STTLng">23084.2693333333</dst>
            <dst id="WASHng">53.3333333333333</dst>
        </src>
        <src id="STTLng">
            <dst id="ATLA-M5">34.7733333333333</dst>
            <dst id="ATLAng">10999.024</dst>
            <dst id="CHINng">16569.76</dst>
            <dst id="DNVRng">3402.552</dst>
            <dst id="HSTNng">3623.55733333333</dst>
            <dst id="IPLSng">8877.448</dst>
            <dst id="KSCYng">4680.85066666667</dst>
            <dst id="LOSAng">34140.36</dst>
            <dst id="NYCMng">9347.75733333333</dst>
            <dst id="SNVAng">3520.97866666667</dst>
            <dst id="STTLng">18810.832</dst>
            <dst id="WASHng">11217.976</dst>
        </src>
        <src id="WASHng">
            <dst id="ATLA-M5">874.714666666667</dst>
            <dst id="ATLAng">117184.397333333</dst>
            <dst id="CHINng">83087.92</dst>
            <dst id="DNVRng">72589.2773333333</dst>
            <dst id="HSTNng">28298.752</dst>
            <dst id="IPLSng">66420.2133333333</dst>
            <dst id="KSCYng">26237.5253333333</dst>
            <dst id="LOSAng">112747.677333333</dst>
            <dst id="NYCMng">163234.898666667</dst>
            <dst id="SNVAng">9018.82666666667</dst>
            <dst id="STTLng">43862.6613333333</dst>
            <dst id="WASHng">317737.28</dst>
        </src>
    </IntraTM>
</TrafficMatrixFile>
