<?xml version="1.0" encoding="ISO-8859-1" standalone="yes"?>
<TrafficMatrixFile xsi:noNamespaceSchemaLocation="http://totem.run.montefiore.ulg.ac.be/Schema/TrafficMatrix-v1_2.xsd" xmlns:xsi="http://www.w3.org/2001/XMLSchema-instance">
    <IntraTM ASID="11537">
        <src id="ATLA-M5">
            <dst id="ATLA-M5">55.9893333333333</dst>
            <dst id="ATLAng">893.890666666666</dst>
            <dst id="CHINng">53.3333333333333</dst>
            <dst id="DNVRng">0</dst>
            <dst id="HSTNng">65.3066666666667</dst>
            <dst id="IPLSng">53.3333333333333</dst>
            <dst id="KSCYng">0</dst>
            <dst id="LOSAng">170.181333333333</dst>
            <dst id="NYCMng">26.7493333333333</dst>
            <dst id="SNVAng">0</dst>
            <dst id="STTLng">26.752</dst>
            <dst id="WASHng">652.728</dst>
        </src>
        <src id="ATLAng">
            <dst id="ATLA-M5">205.733333333333</dst>
            <dst id="ATLAng">22276.528</dst>
            <dst id="CHINng">11596.08</dst>
            <dst id="DNVRng">4348.76</dst>
            <dst id="HSTNng">622.362666666667</dst>
            <dst id="IPLSng">15882.0266666667</dst>
            <dst id="KSCYng">1707.57866666667</dst>
            <dst id="LOSAng">13683.2266666667</dst>
            <dst id="NYCMng">7618.552</dst>
            <dst id="SNVAng">91.3866666666667</dst>
            <dst id="STTLng">7234.81066666667</dst>
            <dst id="WASHng">42848.4666666667</dst>
        </src>
        <src id="CHINng">
            <dst id="ATLA-M5">26.6666666666667</dst>
            <dst id="ATLAng">5152.95733333333</dst>
            <dst id="CHINng">143513.096</dst>
            <dst id="DNVRng">19495.3626666667</dst>
            <dst id="HSTNng">3117.56266666667</dst>
            <dst id="IPLSng">21172.32</dst>
            <dst id="KSCYng">20514.584</dst>
            <dst id="LOSAng">66062.9706666667</dst>
            <dst id="NYCMng">12728.4026666667</dst>
            <dst id="SNVAng">450.968</dst>
            <dst id="STTLng">7165.64266666667</dst>
            <dst id="WASHng">7664.60266666667</dst>
        </src>
        <src id="DNVRng">
            <dst id="ATLA-M5">44.208</dst>
            <dst id="ATLAng">6458.432</dst>
            <dst id="CHINng">57522.9866666667</dst>
            <dst id="DNVRng">18106.936</dst>
            <dst id="HSTNng">16887.1786666667</dst>
            <dst id="IPLSng">20349.904</dst>
            <dst id="KSCYng">9375.32533333333</dst>
            <dst id="LOSAng">9561.472</dst>
            <dst id="NYCMng">15833.6026666667</dst>
            <dst id="SNVAng">4518.712</dst>
            <dst id="STTLng">5389.41333333333</dst>
            <dst id="WASHng">31596.6586666667</dst>
        </src>
        <src id="HSTNng">
            <dst id="ATLA-M5">3273.61333333333</dst>
            <dst id="ATLAng">1910.592</dst>
            <dst id="CHINng">18143.4213333333</dst>
            <dst id="DNVRng">3809.58933333333</dst>
            <dst id="HSTNng">5874.128</dst>
            <dst id="IPLSng">994.221333333333</dst>
            <dst id="KSCYng">781.624</dst>
            <dst id="LOSAng">10723.5386666667</dst>
            <dst id="NYCMng">3645.70666666667</dst>
            <dst id="SNVAng">0</dst>
            <dst id="STTLng">2470.07733333333</dst>
            <dst id="WASHng">1411.55466666667</dst>
        </src>
        <src id="IPLSng">
            <dst id="ATLA-M5">90.7653333333333</dst>
            <dst id="ATLAng">16605.168</dst>
            <dst id="CHINng">74195.3573333333</dst>
            <dst id="DNVRng">2023.064</dst>
            <dst id="HSTNng">902.637333333333</dst>
            <dst id="IPLSng">31476.2</dst>
            <dst id="KSCYng">2441.496</dst>
            <dst id="LOSAng">43260.6906666667</dst>
            <dst id="NYCMng">18961.7866666667</dst>
            <dst id="SNVAng">760.594666666667</dst>
            <dst id="STTLng">9847.38933333333</dst>
            <dst id="WASHng">15793.3973333333</dst>
        </src>
        <src id="KSCYng">
            <dst id="ATLA-M5">26.6666666666667</dst>
            <dst id="ATLAng">4305.912</dst>
            <dst id="CHINng">31045.0693333333</dst>
            <dst id="DNVRng">13443.08</dst>
            <dst id="HSTNng">2162.46133333333</dst>
            <dst id="IPLSng">10762.584</dst>
            <dst id="KSCYng">2817.04</dst>
            <dst id="LOSAng">4433.80533333333</dst>
            <dst id="NYCMng">7936.29066666667</dst>
            <dst id="SNVAng">9031.616</dst>
            <dst id="STTLng">2617.70933333333</dst>
            <dst id="WASHng">6789.81333333333</dst>
        </src>
        <src id="LOSAng">
            <dst id="ATLA-M5">80.32</dst>
            <dst id="ATLAng">6742.91733333333</dst>
            <dst id="CHINng">133054.149333333</dst>
            <dst id="DNVRng">8013.736</dst>
            <dst id="HSTNng">12700.4453333333</dst>
            <dst id="IPLSng">31984.288</dst>
            <dst id="KSCYng">4638.60533333333</dst>
            <dst id="LOSAng">19813.7546666667</dst>
            <dst id="NYCMng">52666.368</dst>
            <dst id="SNVAng">7978.816</dst>
            <dst id="STTLng">43752.5013333333</dst>
            <dst id="WASHng">87649.3866666667</dst>
        </src>
        <src id="NYCMng">
            <dst id="ATLA-M5">390.346666666667</dst>
            <dst id="ATLAng">25606.896</dst>
            <dst id="CHINng">60201.128</dst>
            <dst id="DNVRng">115269.693333333</dst>
            <dst id="HSTNng">5157.752</dst>
            <dst id="IPLSng">27722.8986666667</dst>
            <dst id="KSCYng">12809.8293333333</dst>
            <dst id="LOSAng">96397.5626666667</dst>
            <dst id="NYCMng">98465.7253333333</dst>
            <dst id="SNVAng">4145.77866666667</dst>
            <dst id="STTLng">28468.392</dst>
            <dst id="WASHng">50363.1973333333</dst>
        </src>
        <src id="SNVAng">
            <dst id="ATLA-M5">0</dst>
            <dst id="ATLAng">26.6666666666667</dst>
            <dst id="CHINng">573.746666666667</dst>
            <dst id="DNVRng">1020.816</dst>
            <dst id="HSTNng">57.5786666666667</dst>
            <dst id="IPLSng">250.144</dst>
            <dst id="KSCYng">0</dst>
            <dst id="LOSAng">29567.0586666667</dst>
            <dst id="NYCMng">192.504</dst>
            <dst id="SNVAng">10368.4613333333</dst>
            <dst id="STTLng">28250.9866666667</dst>
            <dst id="WASHng">153.085333333333</dst>
        </src>
        <src id="STTLng">
            <dst id="ATLA-M5">99.6213333333333</dst>
            <dst id="ATLAng">8515.59466666667</dst>
            <dst id="CHINng">35532.1226666667</dst>
            <dst id="DNVRng">2408.768</dst>
            <dst id="HSTNng">2473.392</dst>
            <dst id="IPLSng">7365.57333333333</dst>
            <dst id="KSCYng">6907.59466666667</dst>
            <dst id="LOSAng">23218.3626666667</dst>
            <dst id="NYCMng">10473.7653333333</dst>
            <dst id="SNVAng">7645.01066666667</dst>
            <dst id="STTLng">1188.31466666667</dst>
            <dst id="WASHng">5813.73066666667</dst>
        </src>
        <src id="WASHng">
            <dst id="ATLA-M5">504.802666666667</dst>
            <dst id="ATLAng">86408.5733333333</dst>
            <dst id="CHINng">86287.4533333334</dst>
            <dst id="DNVRng">41063.096</dst>
            <dst id="HSTNng">30200.3626666667</dst>
            <dst id="IPLSng">49986.6106666667</dst>
            <dst id="KSCYng">17169.248</dst>
            <dst id="LOSAng">131806.248</dst>
            <dst id="NYCMng">107109.466666667</dst>
            <dst id="SNVAng">5268.43733333333</dst>
            <dst id="STTLng">26891.9893333333</dst>
            <dst id="WASHng">309325.12</dst>
        </src>
    </IntraTM>
</TrafficMatrixFile>
