<?xml version="1.0" encoding="ISO-8859-1" standalone="yes"?>
<TrafficMatrixFile xsi:noNamespaceSchemaLocation="http://totem.run.montefiore.ulg.ac.be/Schema/TrafficMatrix-v1_2.xsd" xmlns:xsi="http://www.w3.org/2001/XMLSchema-instance">
    <IntraTM ASID="11537">
        <src id="ATLA-M5">
            <dst id="ATLA-M5">160.792</dst>
            <dst id="ATLAng">510.653333333333</dst>
            <dst id="CHINng">137.744</dst>
            <dst id="DNVRng">26.6666666666667</dst>
            <dst id="HSTNng">0</dst>
            <dst id="IPLSng">184.165333333333</dst>
            <dst id="KSCYng">511.978666666667</dst>
            <dst id="LOSAng">366.405333333333</dst>
            <dst id="NYCMng">744.458666666667</dst>
            <dst id="SNVAng">2043.56</dst>
            <dst id="STTLng">53.7706666666667</dst>
            <dst id="WASHng">2386.456</dst>
        </src>
        <src id="ATLAng">
            <dst id="ATLA-M5">370.445333333333</dst>
            <dst id="ATLAng">33286.4933333333</dst>
            <dst id="CHINng">11426.816</dst>
            <dst id="DNVRng">12250.192</dst>
            <dst id="HSTNng">5091.34933333333</dst>
            <dst id="IPLSng">15657.1466666667</dst>
            <dst id="KSCYng">6692.47466666667</dst>
            <dst id="LOSAng">15984.18</dst>
            <dst id="NYCMng">7712.27733333333</dst>
            <dst id="SNVAng">791.372</dst>
            <dst id="STTLng">7764.376</dst>
            <dst id="WASHng">65290.0453333333</dst>
        </src>
        <src id="CHINng">
            <dst id="ATLA-M5">318.698666666667</dst>
            <dst id="ATLAng">31765.4373333333</dst>
            <dst id="CHINng">105732.549333333</dst>
            <dst id="DNVRng">18369.096</dst>
            <dst id="HSTNng">14176.1493333333</dst>
            <dst id="IPLSng">42575.3173333333</dst>
            <dst id="KSCYng">13428.3066666667</dst>
            <dst id="LOSAng">46100.1573333333</dst>
            <dst id="NYCMng">8806.13866666667</dst>
            <dst id="SNVAng">1552.136</dst>
            <dst id="STTLng">11163.9146666667</dst>
            <dst id="WASHng">68470.624</dst>
        </src>
        <src id="DNVRng">
            <dst id="ATLA-M5">262.144</dst>
            <dst id="ATLAng">8472.088</dst>
            <dst id="CHINng">65146.152</dst>
            <dst id="DNVRng">27865.536</dst>
            <dst id="HSTNng">16298.1653333333</dst>
            <dst id="IPLSng">26020.376</dst>
            <dst id="KSCYng">14833.672</dst>
            <dst id="LOSAng">21390.6746666667</dst>
            <dst id="NYCMng">11978.712</dst>
            <dst id="SNVAng">29825.2533333333</dst>
            <dst id="STTLng">8778.69333333333</dst>
            <dst id="WASHng">37037.4613333333</dst>
        </src>
        <src id="HSTNng">
            <dst id="ATLA-M5">185.290666666667</dst>
            <dst id="ATLAng">16884.264</dst>
            <dst id="CHINng">18350.3306666667</dst>
            <dst id="DNVRng">3213.48</dst>
            <dst id="HSTNng">10152.808</dst>
            <dst id="IPLSng">2453.088</dst>
            <dst id="KSCYng">5608.73866666667</dst>
            <dst id="LOSAng">11568.832</dst>
            <dst id="NYCMng">5429.66933333333</dst>
            <dst id="SNVAng">330.498666666667</dst>
            <dst id="STTLng">2125.57333333333</dst>
            <dst id="WASHng">6087.05866666667</dst>
        </src>
        <src id="IPLSng">
            <dst id="ATLA-M5">192.402666666667</dst>
            <dst id="ATLAng">16136.288</dst>
            <dst id="CHINng">91695.2693333333</dst>
            <dst id="DNVRng">17415.4933333333</dst>
            <dst id="HSTNng">6026.512</dst>
            <dst id="IPLSng">35405.8853333333</dst>
            <dst id="KSCYng">4983.576</dst>
            <dst id="LOSAng">31123.6826666667</dst>
            <dst id="NYCMng">13699.4426666667</dst>
            <dst id="SNVAng">1846.92533333333</dst>
            <dst id="STTLng">14248.1333333333</dst>
            <dst id="WASHng">16719.3573333333</dst>
        </src>
        <src id="KSCYng">
            <dst id="ATLA-M5">404.653333333333</dst>
            <dst id="ATLAng">3738.16</dst>
            <dst id="CHINng">34348.9173333333</dst>
            <dst id="DNVRng">16102.64</dst>
            <dst id="HSTNng">4824.39733333333</dst>
            <dst id="IPLSng">22004.9893333333</dst>
            <dst id="KSCYng">7580.18933333333</dst>
            <dst id="LOSAng">9706.824</dst>
            <dst id="NYCMng">4874.19733333333</dst>
            <dst id="SNVAng">954.026666666667</dst>
            <dst id="STTLng">1724.48266666667</dst>
            <dst id="WASHng">22358.4933333333</dst>
        </src>
        <src id="LOSAng">
            <dst id="ATLA-M5">1399.392</dst>
            <dst id="ATLAng">31522</dst>
            <dst id="CHINng">997655.706666667</dst>
            <dst id="DNVRng">19181.12</dst>
            <dst id="HSTNng">14970.5493333333</dst>
            <dst id="IPLSng">66061.7626666667</dst>
            <dst id="KSCYng">7237.37066666667</dst>
            <dst id="LOSAng">13899.848</dst>
            <dst id="NYCMng">59433.456</dst>
            <dst id="SNVAng">16299.968</dst>
            <dst id="STTLng">54162.224</dst>
            <dst id="WASHng">115895.621333333</dst>
        </src>
        <src id="NYCMng">
            <dst id="ATLA-M5">425.290666666667</dst>
            <dst id="ATLAng">75008.0426666667</dst>
            <dst id="CHINng">75867.2453333333</dst>
            <dst id="DNVRng">38023.7626666667</dst>
            <dst id="HSTNng">13102.3093333333</dst>
            <dst id="IPLSng">45616.0533333333</dst>
            <dst id="KSCYng">18887.2773333333</dst>
            <dst id="LOSAng">79092.3066666667</dst>
            <dst id="NYCMng">109385.92</dst>
            <dst id="SNVAng">6071.64266666667</dst>
            <dst id="STTLng">44017.7706666667</dst>
            <dst id="WASHng">78298.184</dst>
        </src>
        <src id="SNVAng">
            <dst id="ATLA-M5">198.805333333333</dst>
            <dst id="ATLAng">852.728</dst>
            <dst id="CHINng">782.357333333333</dst>
            <dst id="DNVRng">3486.25866666667</dst>
            <dst id="HSTNng">139.989333333333</dst>
            <dst id="IPLSng">929.954666666667</dst>
            <dst id="KSCYng">105.237333333333</dst>
            <dst id="LOSAng">29557.208</dst>
            <dst id="NYCMng">533.832</dst>
            <dst id="SNVAng">11277.3653333333</dst>
            <dst id="STTLng">25735.3093333333</dst>
            <dst id="WASHng">305.058666666667</dst>
        </src>
        <src id="STTLng">
            <dst id="ATLA-M5">112.426666666667</dst>
            <dst id="ATLAng">15409.8186666667</dst>
            <dst id="CHINng">30676.1786666667</dst>
            <dst id="DNVRng">5162.74933333333</dst>
            <dst id="HSTNng">6419.28</dst>
            <dst id="IPLSng">18294.176</dst>
            <dst id="KSCYng">8358.98933333333</dst>
            <dst id="LOSAng">28035.864</dst>
            <dst id="NYCMng">14670.2293333333</dst>
            <dst id="SNVAng">6287.104</dst>
            <dst id="STTLng">5799.472</dst>
            <dst id="WASHng">17245.6373333333</dst>
        </src>
        <src id="WASHng">
            <dst id="ATLA-M5">1425.42133333333</dst>
            <dst id="ATLAng">102323.101333333</dst>
            <dst id="CHINng">101151.189333333</dst>
            <dst id="DNVRng">59366.4746666667</dst>
            <dst id="HSTNng">15287.8213333333</dst>
            <dst id="IPLSng">87442.8533333333</dst>
            <dst id="KSCYng">34663.88</dst>
            <dst id="LOSAng">138515.832</dst>
            <dst id="NYCMng">157919.536</dst>
            <dst id="SNVAng">3556.08266666667</dst>
            <dst id="STTLng">42871.7546666667</dst>
            <dst id="WASHng">325159.573333333</dst>
        </src>
    </IntraTM>
</TrafficMatrixFile>
