<?xml version="1.0" encoding="ISO-8859-1" standalone="yes"?>
<TrafficMatrixFile xsi:noNamespaceSchemaLocation="http://totem.run.montefiore.ulg.ac.be/Schema/TrafficMatrix-v1_2.xsd" xmlns:xsi="http://www.w3.org/2001/XMLSchema-instance">
    <IntraTM ASID="11537">
        <src id="ATLA-M5">
            <dst id="ATLA-M5">0</dst>
            <dst id="ATLAng">26.6666666666667</dst>
            <dst id="CHINng">250.72</dst>
            <dst id="DNVRng">26.6666666666667</dst>
            <dst id="HSTNng">80</dst>
            <dst id="IPLSng">53.3333333333333</dst>
            <dst id="KSCYng">50.8693333333333</dst>
            <dst id="LOSAng">137.594666666667</dst>
            <dst id="NYCMng">26.6666666666667</dst>
            <dst id="SNVAng">0</dst>
            <dst id="STTLng">53.3333333333333</dst>
            <dst id="WASHng">240</dst>
        </src>
        <src id="ATLAng">
            <dst id="ATLA-M5">66.0533333333333</dst>
            <dst id="ATLAng">29815.1253333333</dst>
            <dst id="CHINng">8362.496</dst>
            <dst id="DNVRng">4019.6</dst>
            <dst id="HSTNng">630.170666666667</dst>
            <dst id="IPLSng">11385.7253333333</dst>
            <dst id="KSCYng">2120.74133333333</dst>
            <dst id="LOSAng">15375.5546666667</dst>
            <dst id="NYCMng">3697.192</dst>
            <dst id="SNVAng">14.9413333333333</dst>
            <dst id="STTLng">5322.13866666667</dst>
            <dst id="WASHng">23898.4106666667</dst>
        </src>
        <src id="CHINng">
            <dst id="ATLA-M5">77.6586666666667</dst>
            <dst id="ATLAng">13773.7893333333</dst>
            <dst id="CHINng">161000.576</dst>
            <dst id="DNVRng">13115.3173333333</dst>
            <dst id="HSTNng">4425.12</dst>
            <dst id="IPLSng">71970.3706666667</dst>
            <dst id="KSCYng">14660.84</dst>
            <dst id="LOSAng">59923.9413333333</dst>
            <dst id="NYCMng">7876.21066666667</dst>
            <dst id="SNVAng">353.810666666667</dst>
            <dst id="STTLng">5863.696</dst>
            <dst id="WASHng">14973.3706666667</dst>
        </src>
        <src id="DNVRng">
            <dst id="ATLA-M5">193.685333333333</dst>
            <dst id="ATLAng">11387.4986666667</dst>
            <dst id="CHINng">38472.0933333333</dst>
            <dst id="DNVRng">27154.8053333333</dst>
            <dst id="HSTNng">22026.1546666667</dst>
            <dst id="IPLSng">20839.7013333333</dst>
            <dst id="KSCYng">17933.184</dst>
            <dst id="LOSAng">5804.96266666667</dst>
            <dst id="NYCMng">11477.0106666667</dst>
            <dst id="SNVAng">10811.2</dst>
            <dst id="STTLng">10645.8266666667</dst>
            <dst id="WASHng">32913.6453333333</dst>
        </src>
        <src id="HSTNng">
            <dst id="ATLA-M5">296.394666666667</dst>
            <dst id="ATLAng">2826.09333333333</dst>
            <dst id="CHINng">8525.77066666667</dst>
            <dst id="DNVRng">1098.15466666667</dst>
            <dst id="HSTNng">6160.35466666667</dst>
            <dst id="IPLSng">1320.39733333333</dst>
            <dst id="KSCYng">1171.27466666667</dst>
            <dst id="LOSAng">11057.976</dst>
            <dst id="NYCMng">4925.42133333333</dst>
            <dst id="SNVAng">0</dst>
            <dst id="STTLng">1544.25866666667</dst>
            <dst id="WASHng">4021.49066666667</dst>
        </src>
        <src id="IPLSng">
            <dst id="ATLA-M5">53.3333333333333</dst>
            <dst id="ATLAng">11303.336</dst>
            <dst id="CHINng">49428.0586666667</dst>
            <dst id="DNVRng">3468.39733333333</dst>
            <dst id="HSTNng">1207.18666666667</dst>
            <dst id="IPLSng">33054.864</dst>
            <dst id="KSCYng">3064.66933333333</dst>
            <dst id="LOSAng">50956.152</dst>
            <dst id="NYCMng">29681.8533333333</dst>
            <dst id="SNVAng">422.154666666667</dst>
            <dst id="STTLng">10533.704</dst>
            <dst id="WASHng">9116.58133333333</dst>
        </src>
        <src id="KSCYng">
            <dst id="ATLA-M5">63.1573333333333</dst>
            <dst id="ATLAng">2395.536</dst>
            <dst id="CHINng">19012.992</dst>
            <dst id="DNVRng">15881.696</dst>
            <dst id="HSTNng">3693.50133333333</dst>
            <dst id="IPLSng">8962.168</dst>
            <dst id="KSCYng">4058.22666666667</dst>
            <dst id="LOSAng">8788.98933333333</dst>
            <dst id="NYCMng">4202.4</dst>
            <dst id="SNVAng">166.301333333333</dst>
            <dst id="STTLng">3058.51733333333</dst>
            <dst id="WASHng">10163.9466666667</dst>
        </src>
        <src id="LOSAng">
            <dst id="ATLA-M5">69.4826666666666</dst>
            <dst id="ATLAng">38476.2293333333</dst>
            <dst id="CHINng">84982.0213333333</dst>
            <dst id="DNVRng">9435.47733333333</dst>
            <dst id="HSTNng">9897.49333333333</dst>
            <dst id="IPLSng">52443.6026666667</dst>
            <dst id="KSCYng">7765.28533333333</dst>
            <dst id="LOSAng">18218.264</dst>
            <dst id="NYCMng">77851.96</dst>
            <dst id="SNVAng">10184.1653333333</dst>
            <dst id="STTLng">58581.976</dst>
            <dst id="WASHng">102593.928</dst>
        </src>
        <src id="NYCMng">
            <dst id="ATLA-M5">1167.02133333333</dst>
            <dst id="ATLAng">29205.1093333333</dst>
            <dst id="CHINng">48890.1013333333</dst>
            <dst id="DNVRng">116461.301333333</dst>
            <dst id="HSTNng">11643.9093333333</dst>
            <dst id="IPLSng">35741.3306666667</dst>
            <dst id="KSCYng">10002.4986666667</dst>
            <dst id="LOSAng">94877.1333333333</dst>
            <dst id="NYCMng">56233.784</dst>
            <dst id="SNVAng">1701.09866666667</dst>
            <dst id="STTLng">27908.856</dst>
            <dst id="WASHng">56527.768</dst>
        </src>
        <src id="SNVAng">
            <dst id="ATLA-M5">0</dst>
            <dst id="ATLAng">26.6666666666667</dst>
            <dst id="CHINng">565.842666666667</dst>
            <dst id="DNVRng">6419.10133333333</dst>
            <dst id="HSTNng">3024.27733333333</dst>
            <dst id="IPLSng">5307.76533333333</dst>
            <dst id="KSCYng">26.6666666666667</dst>
            <dst id="LOSAng">35514.3413333333</dst>
            <dst id="NYCMng">8502.24</dst>
            <dst id="SNVAng">10389.1466666667</dst>
            <dst id="STTLng">30708.9093333333</dst>
            <dst id="WASHng">144.205333333333</dst>
        </src>
        <src id="STTLng">
            <dst id="ATLA-M5">162.864</dst>
            <dst id="ATLAng">9568.41066666667</dst>
            <dst id="CHINng">12006.4586666667</dst>
            <dst id="DNVRng">2538.83733333333</dst>
            <dst id="HSTNng">1539.07466666667</dst>
            <dst id="IPLSng">7162.58933333333</dst>
            <dst id="KSCYng">3964.68266666667</dst>
            <dst id="LOSAng">27858.2053333333</dst>
            <dst id="NYCMng">11236.536</dst>
            <dst id="SNVAng">3360.34666666667</dst>
            <dst id="STTLng">3877.69866666667</dst>
            <dst id="WASHng">5074.39466666667</dst>
        </src>
        <src id="WASHng">
            <dst id="ATLA-M5">694.722666666667</dst>
            <dst id="ATLAng">107775.642666667</dst>
            <dst id="CHINng">64070.0533333333</dst>
            <dst id="DNVRng">57801.0506666667</dst>
            <dst id="HSTNng">19843.0346666667</dst>
            <dst id="IPLSng">41315.752</dst>
            <dst id="KSCYng">7727.272</dst>
            <dst id="LOSAng">113152.061333333</dst>
            <dst id="NYCMng">141249.733333333</dst>
            <dst id="SNVAng">4330.93866666667</dst>
            <dst id="STTLng">32324.248</dst>
            <dst id="WASHng">187868.669333333</dst>
        </src>
    </IntraTM>
</TrafficMatrixFile>
