<?xml version="1.0" encoding="ISO-8859-1" standalone="yes"?>
<TrafficMatrixFile xsi:noNamespaceSchemaLocation="http://totem.run.montefiore.ulg.ac.be/Schema/TrafficMatrix-v1_2.xsd" xmlns:xsi="http://www.w3.org/2001/XMLSchema-instance">
    <IntraTM ASID="11537">
        <src id="ATLA-M5">
            <dst id="ATLA-M5">163.896</dst>
            <dst id="ATLAng">897.765333333333</dst>
            <dst id="CHINng">101.472</dst>
            <dst id="DNVRng">0</dst>
            <dst id="HSTNng">35.1146666666667</dst>
            <dst id="IPLSng">217.461333333333</dst>
            <dst id="KSCYng">53.3333333333333</dst>
            <dst id="LOSAng">175.712</dst>
            <dst id="NYCMng">440.453333333333</dst>
            <dst id="SNVAng">0</dst>
            <dst id="STTLng">26.6666666666667</dst>
            <dst id="WASHng">1401.26133333333</dst>
        </src>
        <src id="ATLAng">
            <dst id="ATLA-M5">277.704</dst>
            <dst id="ATLAng">35281.3386666667</dst>
            <dst id="CHINng">10048.5786666667</dst>
            <dst id="DNVRng">4684.87466666667</dst>
            <dst id="HSTNng">12312.2986666667</dst>
            <dst id="IPLSng">16937.896</dst>
            <dst id="KSCYng">4684.224</dst>
            <dst id="LOSAng">15171.348</dst>
            <dst id="NYCMng">9613.50133333334</dst>
            <dst id="SNVAng">826.092</dst>
            <dst id="STTLng">5145.15466666667</dst>
            <dst id="WASHng">58222.9466666667</dst>
        </src>
        <src id="CHINng">
            <dst id="ATLA-M5">2315.92</dst>
            <dst id="ATLAng">31216.9973333333</dst>
            <dst id="CHINng">119337.789333333</dst>
            <dst id="DNVRng">7253.144</dst>
            <dst id="HSTNng">10425.968</dst>
            <dst id="IPLSng">40857.032</dst>
            <dst id="KSCYng">13676.0746666667</dst>
            <dst id="LOSAng">41194.7786666667</dst>
            <dst id="NYCMng">10934.24</dst>
            <dst id="SNVAng">515.288</dst>
            <dst id="STTLng">5869.33066666666</dst>
            <dst id="WASHng">52460.7626666667</dst>
        </src>
        <src id="DNVRng">
            <dst id="ATLA-M5">140.802666666667</dst>
            <dst id="ATLAng">6960.656</dst>
            <dst id="CHINng">55418.6506666666</dst>
            <dst id="DNVRng">27264.3173333333</dst>
            <dst id="HSTNng">22573.9946666667</dst>
            <dst id="IPLSng">28899.8213333333</dst>
            <dst id="KSCYng">29828.9466666667</dst>
            <dst id="LOSAng">8460.608</dst>
            <dst id="NYCMng">19486.728</dst>
            <dst id="SNVAng">18166.1466666667</dst>
            <dst id="STTLng">19249.6506666667</dst>
            <dst id="WASHng">42143.7573333333</dst>
        </src>
        <src id="HSTNng">
            <dst id="ATLA-M5">2307.272</dst>
            <dst id="ATLAng">11179.4106666667</dst>
            <dst id="CHINng">18107.4933333333</dst>
            <dst id="DNVRng">2841.56266666667</dst>
            <dst id="HSTNng">6895.81066666667</dst>
            <dst id="IPLSng">1693.208</dst>
            <dst id="KSCYng">4109.55466666667</dst>
            <dst id="LOSAng">10458.1306666667</dst>
            <dst id="NYCMng">4649.83466666667</dst>
            <dst id="SNVAng">118.650666666667</dst>
            <dst id="STTLng">1759.104</dst>
            <dst id="WASHng">4258.54933333333</dst>
        </src>
        <src id="IPLSng">
            <dst id="ATLA-M5">110.976</dst>
            <dst id="ATLAng">23525.7733333333</dst>
            <dst id="CHINng">93441.5386666666</dst>
            <dst id="DNVRng">17402.0453333333</dst>
            <dst id="HSTNng">6182.06133333333</dst>
            <dst id="IPLSng">15246.6693333333</dst>
            <dst id="KSCYng">6372.26666666667</dst>
            <dst id="LOSAng">23598.2133333333</dst>
            <dst id="NYCMng">22062.864</dst>
            <dst id="SNVAng">1898.47466666667</dst>
            <dst id="STTLng">6150.03733333333</dst>
            <dst id="WASHng">25453.4346666667</dst>
        </src>
        <src id="KSCYng">
            <dst id="ATLA-M5">627.661333333333</dst>
            <dst id="ATLAng">3621.91466666667</dst>
            <dst id="CHINng">36559.6053333333</dst>
            <dst id="DNVRng">7965.79466666667</dst>
            <dst id="HSTNng">3509.95466666667</dst>
            <dst id="IPLSng">13365.288</dst>
            <dst id="KSCYng">11947.584</dst>
            <dst id="LOSAng">9945.63733333334</dst>
            <dst id="NYCMng">4587.22933333333</dst>
            <dst id="SNVAng">171.373333333333</dst>
            <dst id="STTLng">1347.432</dst>
            <dst id="WASHng">7640.06133333333</dst>
        </src>
        <src id="LOSAng">
            <dst id="ATLA-M5">1092.008</dst>
            <dst id="ATLAng">20555.192</dst>
            <dst id="CHINng">149133.336</dst>
            <dst id="DNVRng">6461.44</dst>
            <dst id="HSTNng">11450.312</dst>
            <dst id="IPLSng">49267.5173333333</dst>
            <dst id="KSCYng">7168.92533333333</dst>
            <dst id="LOSAng">20753.5333333333</dst>
            <dst id="NYCMng">63854.024</dst>
            <dst id="SNVAng">13364.3253333333</dst>
            <dst id="STTLng">40886.3813333333</dst>
            <dst id="WASHng">112993.506666667</dst>
        </src>
        <src id="NYCMng">
            <dst id="ATLA-M5">2607.01333333333</dst>
            <dst id="ATLAng">52709.5973333333</dst>
            <dst id="CHINng">93112.344</dst>
            <dst id="DNVRng">23902.4373333333</dst>
            <dst id="HSTNng">7674.704</dst>
            <dst id="IPLSng">47532.16</dst>
            <dst id="KSCYng">17292.536</dst>
            <dst id="LOSAng">47611.5466666667</dst>
            <dst id="NYCMng">108599.693333333</dst>
            <dst id="SNVAng">1760.192</dst>
            <dst id="STTLng">19259.976</dst>
            <dst id="WASHng">83967.576</dst>
        </src>
        <src id="SNVAng">
            <dst id="ATLA-M5">26.6666666666667</dst>
            <dst id="ATLAng">163.618666666667</dst>
            <dst id="CHINng">447.642666666667</dst>
            <dst id="DNVRng">1605.66666666667</dst>
            <dst id="HSTNng">248.997333333333</dst>
            <dst id="IPLSng">6411.12</dst>
            <dst id="KSCYng">1127.024</dst>
            <dst id="LOSAng">25433.392</dst>
            <dst id="NYCMng">2643.81866666667</dst>
            <dst id="SNVAng">10760.632</dst>
            <dst id="STTLng">20967.9333333333</dst>
            <dst id="WASHng">438.781333333333</dst>
        </src>
        <src id="STTLng">
            <dst id="ATLA-M5">341.752</dst>
            <dst id="ATLAng">15158.576</dst>
            <dst id="CHINng">35410.3866666667</dst>
            <dst id="DNVRng">11817.4746666667</dst>
            <dst id="HSTNng">3273.376</dst>
            <dst id="IPLSng">12605.0453333333</dst>
            <dst id="KSCYng">1923.00266666667</dst>
            <dst id="LOSAng">19524.7653333333</dst>
            <dst id="NYCMng">10408.8</dst>
            <dst id="SNVAng">3241.05066666667</dst>
            <dst id="STTLng">8007.784</dst>
            <dst id="WASHng">15114.1226666667</dst>
        </src>
        <src id="WASHng">
            <dst id="ATLA-M5">1194.74133333333</dst>
            <dst id="ATLAng">97516.768</dst>
            <dst id="CHINng">124323.682666667</dst>
            <dst id="DNVRng">54467.4853333333</dst>
            <dst id="HSTNng">29185.9813333333</dst>
            <dst id="IPLSng">48478.4106666667</dst>
            <dst id="KSCYng">31944.4213333333</dst>
            <dst id="LOSAng">102198.741333333</dst>
            <dst id="NYCMng">150096.413333333</dst>
            <dst id="SNVAng">5258.37066666667</dst>
            <dst id="STTLng">65979.3413333333</dst>
            <dst id="WASHng">309564.186666667</dst>
        </src>
    </IntraTM>
</TrafficMatrixFile>
