<?xml version="1.0" encoding="ISO-8859-1" standalone="yes"?>
<TrafficMatrixFile xsi:noNamespaceSchemaLocation="http://totem.run.montefiore.ulg.ac.be/Schema/TrafficMatrix-v1_2.xsd" xmlns:xsi="http://www.w3.org/2001/XMLSchema-instance">
    <IntraTM ASID="11537">
        <src id="ATLA-M5">
            <dst id="ATLA-M5">202.208</dst>
            <dst id="ATLAng">167.042666666667</dst>
            <dst id="CHINng">203.248</dst>
            <dst id="DNVRng">0</dst>
            <dst id="HSTNng">235.288</dst>
            <dst id="IPLSng">220.890666666667</dst>
            <dst id="KSCYng">2677.31466666667</dst>
            <dst id="LOSAng">665.141333333333</dst>
            <dst id="NYCMng">462.04</dst>
            <dst id="SNVAng">0</dst>
            <dst id="STTLng">186.816</dst>
            <dst id="WASHng">512.568</dst>
        </src>
        <src id="ATLAng">
            <dst id="ATLA-M5">300.162666666667</dst>
            <dst id="ATLAng">61986.4666666667</dst>
            <dst id="CHINng">14161.3173333333</dst>
            <dst id="DNVRng">14836.0693333333</dst>
            <dst id="HSTNng">3539.77066666667</dst>
            <dst id="IPLSng">16270.864</dst>
            <dst id="KSCYng">5641.97866666667</dst>
            <dst id="LOSAng">17710.272</dst>
            <dst id="NYCMng">10516.6666666667</dst>
            <dst id="SNVAng">2171.592</dst>
            <dst id="STTLng">4788.60533333333</dst>
            <dst id="WASHng">52800.4693333333</dst>
        </src>
        <src id="CHINng">
            <dst id="ATLA-M5">2732.888</dst>
            <dst id="ATLAng">21250.1466666667</dst>
            <dst id="CHINng">135502.272</dst>
            <dst id="DNVRng">19161.8133333333</dst>
            <dst id="HSTNng">9661.88</dst>
            <dst id="IPLSng">68710.2906666667</dst>
            <dst id="KSCYng">15980.9253333333</dst>
            <dst id="LOSAng">51943.768</dst>
            <dst id="NYCMng">10195.9626666667</dst>
            <dst id="SNVAng">4852.01333333333</dst>
            <dst id="STTLng">12434.44</dst>
            <dst id="WASHng">29512.2026666667</dst>
        </src>
        <src id="DNVRng">
            <dst id="ATLA-M5">717.250666666667</dst>
            <dst id="ATLAng">15915.5226666667</dst>
            <dst id="CHINng">50314.2026666667</dst>
            <dst id="DNVRng">19823.5573333333</dst>
            <dst id="HSTNng">26110.2906666667</dst>
            <dst id="IPLSng">25847.312</dst>
            <dst id="KSCYng">30504.504</dst>
            <dst id="LOSAng">7692.62666666667</dst>
            <dst id="NYCMng">22163.9973333333</dst>
            <dst id="SNVAng">22183.2746666667</dst>
            <dst id="STTLng">23709.8213333333</dst>
            <dst id="WASHng">39528.2826666667</dst>
        </src>
        <src id="HSTNng">
            <dst id="ATLA-M5">3866.272</dst>
            <dst id="ATLAng">10455.6586666667</dst>
            <dst id="CHINng">35975.152</dst>
            <dst id="DNVRng">10746.8186666667</dst>
            <dst id="HSTNng">9116.408</dst>
            <dst id="IPLSng">4664.94666666667</dst>
            <dst id="KSCYng">3336.87466666667</dst>
            <dst id="LOSAng">10195.1706666667</dst>
            <dst id="NYCMng">4427.49333333333</dst>
            <dst id="SNVAng">203.592</dst>
            <dst id="STTLng">3591.81333333333</dst>
            <dst id="WASHng">11329.3866666667</dst>
        </src>
        <src id="IPLSng">
            <dst id="ATLA-M5">360.92</dst>
            <dst id="ATLAng">22654.6373333333</dst>
            <dst id="CHINng">89148.4933333333</dst>
            <dst id="DNVRng">7728.26933333333</dst>
            <dst id="HSTNng">20142.5866666667</dst>
            <dst id="IPLSng">42754.248</dst>
            <dst id="KSCYng">11910.4106666667</dst>
            <dst id="LOSAng">63231.6773333333</dst>
            <dst id="NYCMng">45272.0533333333</dst>
            <dst id="SNVAng">5659.344</dst>
            <dst id="STTLng">9758.74933333333</dst>
            <dst id="WASHng">48397.9413333333</dst>
        </src>
        <src id="KSCYng">
            <dst id="ATLA-M5">1155.928</dst>
            <dst id="ATLAng">6561.16533333333</dst>
            <dst id="CHINng">31681.6586666667</dst>
            <dst id="DNVRng">13166.7866666667</dst>
            <dst id="HSTNng">5151.97333333333</dst>
            <dst id="IPLSng">22349.456</dst>
            <dst id="KSCYng">7708.77333333333</dst>
            <dst id="LOSAng">6620.848</dst>
            <dst id="NYCMng">6150.80266666667</dst>
            <dst id="SNVAng">909.88</dst>
            <dst id="STTLng">1385.24</dst>
            <dst id="WASHng">17946.0586666667</dst>
        </src>
        <src id="LOSAng">
            <dst id="ATLA-M5">894.293333333333</dst>
            <dst id="ATLAng">29299.0453333333</dst>
            <dst id="CHINng">113475.349333333</dst>
            <dst id="DNVRng">12079.616</dst>
            <dst id="HSTNng">20500.1786666667</dst>
            <dst id="IPLSng">49474.1386666667</dst>
            <dst id="KSCYng">9832.10933333333</dst>
            <dst id="LOSAng">11698.7706666667</dst>
            <dst id="NYCMng">71688.128</dst>
            <dst id="SNVAng">16257.3786666667</dst>
            <dst id="STTLng">41293.6586666667</dst>
            <dst id="WASHng">120975.696</dst>
        </src>
        <src id="NYCMng">
            <dst id="ATLA-M5">3346.01066666667</dst>
            <dst id="ATLAng">59810.2506666667</dst>
            <dst id="CHINng">60526.1946666667</dst>
            <dst id="DNVRng">129728.610666667</dst>
            <dst id="HSTNng">12366.912</dst>
            <dst id="IPLSng">40641.5626666667</dst>
            <dst id="KSCYng">20138.4186666667</dst>
            <dst id="LOSAng">84685.752</dst>
            <dst id="NYCMng">127371.594666667</dst>
            <dst id="SNVAng">3201.83733333333</dst>
            <dst id="STTLng">25010.296</dst>
            <dst id="WASHng">84874.6426666667</dst>
        </src>
        <src id="SNVAng">
            <dst id="ATLA-M5">0</dst>
            <dst id="ATLAng">153.973333333333</dst>
            <dst id="CHINng">5752.488</dst>
            <dst id="DNVRng">1979.41066666667</dst>
            <dst id="HSTNng">94.016</dst>
            <dst id="IPLSng">5937.36533333333</dst>
            <dst id="KSCYng">80</dst>
            <dst id="LOSAng">57677.1893333333</dst>
            <dst id="NYCMng">1238.63466666667</dst>
            <dst id="SNVAng">30455.2693333333</dst>
            <dst id="STTLng">36134.3946666667</dst>
            <dst id="WASHng">268.629333333333</dst>
        </src>
        <src id="STTLng">
            <dst id="ATLA-M5">417.157333333333</dst>
            <dst id="ATLAng">13515.8746666667</dst>
            <dst id="CHINng">26037.7626666667</dst>
            <dst id="DNVRng">5318.76266666667</dst>
            <dst id="HSTNng">7024.712</dst>
            <dst id="IPLSng">13033.6453333333</dst>
            <dst id="KSCYng">5175.82933333333</dst>
            <dst id="LOSAng">38913.352</dst>
            <dst id="NYCMng">12197.1946666667</dst>
            <dst id="SNVAng">6365.88</dst>
            <dst id="STTLng">8020.90933333333</dst>
            <dst id="WASHng">36828.9253333333</dst>
        </src>
        <src id="WASHng">
            <dst id="ATLA-M5">314.930666666667</dst>
            <dst id="ATLAng">133069.962666667</dst>
            <dst id="CHINng">114113.522666667</dst>
            <dst id="DNVRng">79833.04</dst>
            <dst id="HSTNng">31886.0613333333</dst>
            <dst id="IPLSng">94567.0133333333</dst>
            <dst id="KSCYng">27609.9466666667</dst>
            <dst id="LOSAng">124847.330666667</dst>
            <dst id="NYCMng">175680.797333333</dst>
            <dst id="SNVAng">10262.0586666667</dst>
            <dst id="STTLng">40757.672</dst>
            <dst id="WASHng">362679.44</dst>
        </src>
    </IntraTM>
</TrafficMatrixFile>
