<?xml version="1.0" encoding="ISO-8859-1" standalone="yes"?>
<TrafficMatrixFile xsi:noNamespaceSchemaLocation="http://totem.run.montefiore.ulg.ac.be/Schema/TrafficMatrix-v1_2.xsd" xmlns:xsi="http://www.w3.org/2001/XMLSchema-instance">
    <IntraTM ASID="11537">
        <src id="ATLA-M5">
            <dst id="ATLA-M5">0</dst>
            <dst id="ATLAng">550.565333333333</dst>
            <dst id="CHINng">133.333333333333</dst>
            <dst id="DNVRng">26.6666666666667</dst>
            <dst id="HSTNng">99.6986666666667</dst>
            <dst id="IPLSng">190.266666666667</dst>
            <dst id="KSCYng">53.3333333333333</dst>
            <dst id="LOSAng">736.669333333333</dst>
            <dst id="NYCMng">26.6666666666667</dst>
            <dst id="SNVAng">13.3333333333333</dst>
            <dst id="STTLng">53.3333333333333</dst>
            <dst id="WASHng">76.144</dst>
        </src>
        <src id="ATLAng">
            <dst id="ATLA-M5">0</dst>
            <dst id="ATLAng">49786.5493333333</dst>
            <dst id="CHINng">9347.07466666667</dst>
            <dst id="DNVRng">4390.71466666667</dst>
            <dst id="HSTNng">655.002666666667</dst>
            <dst id="IPLSng">11807.632</dst>
            <dst id="KSCYng">844.421333333333</dst>
            <dst id="LOSAng">22156.6373333333</dst>
            <dst id="NYCMng">4868.384</dst>
            <dst id="SNVAng">26.6666666666667</dst>
            <dst id="STTLng">4330.95466666667</dst>
            <dst id="WASHng">21249.2373333333</dst>
        </src>
        <src id="CHINng">
            <dst id="ATLA-M5">657.792</dst>
            <dst id="ATLAng">32700.8906666667</dst>
            <dst id="CHINng">59670.104</dst>
            <dst id="DNVRng">13390.6533333333</dst>
            <dst id="HSTNng">8284.14133333333</dst>
            <dst id="IPLSng">38159.5973333333</dst>
            <dst id="KSCYng">9211.51733333333</dst>
            <dst id="LOSAng">55305.944</dst>
            <dst id="NYCMng">6915.21066666667</dst>
            <dst id="SNVAng">687.872</dst>
            <dst id="STTLng">11096.184</dst>
            <dst id="WASHng">24873.5653333333</dst>
        </src>
        <src id="DNVRng">
            <dst id="ATLA-M5">1262.55466666667</dst>
            <dst id="ATLAng">4049.08266666667</dst>
            <dst id="CHINng">39393.8826666667</dst>
            <dst id="DNVRng">8881.57866666667</dst>
            <dst id="HSTNng">21959.456</dst>
            <dst id="IPLSng">19443.904</dst>
            <dst id="KSCYng">15351.1973333333</dst>
            <dst id="LOSAng">26202.2293333333</dst>
            <dst id="NYCMng">8977.50133333334</dst>
            <dst id="SNVAng">6874.34666666667</dst>
            <dst id="STTLng">10462.584</dst>
            <dst id="WASHng">30199.6746666667</dst>
        </src>
        <src id="HSTNng">
            <dst id="ATLA-M5">757.336</dst>
            <dst id="ATLAng">15840.2213333333</dst>
            <dst id="CHINng">15626.3093333333</dst>
            <dst id="DNVRng">2225.34133333333</dst>
            <dst id="HSTNng">8411.54666666667</dst>
            <dst id="IPLSng">697.28</dst>
            <dst id="KSCYng">1143.53066666667</dst>
            <dst id="LOSAng">10920.8133333333</dst>
            <dst id="NYCMng">1485.232</dst>
            <dst id="SNVAng">0</dst>
            <dst id="STTLng">2136.34933333333</dst>
            <dst id="WASHng">3332.368</dst>
        </src>
        <src id="IPLSng">
            <dst id="ATLA-M5">26.6666666666667</dst>
            <dst id="ATLAng">10229.2026666667</dst>
            <dst id="CHINng">52957.5626666667</dst>
            <dst id="DNVRng">3870.68266666667</dst>
            <dst id="HSTNng">2650.656</dst>
            <dst id="IPLSng">12896.384</dst>
            <dst id="KSCYng">3053.09333333333</dst>
            <dst id="LOSAng">45613.8986666667</dst>
            <dst id="NYCMng">34967.448</dst>
            <dst id="SNVAng">187.154666666667</dst>
            <dst id="STTLng">7632.10133333333</dst>
            <dst id="WASHng">12720.992</dst>
        </src>
        <src id="KSCYng">
            <dst id="ATLA-M5">0</dst>
            <dst id="ATLAng">1670.21866666667</dst>
            <dst id="CHINng">21103.504</dst>
            <dst id="DNVRng">8234.16266666667</dst>
            <dst id="HSTNng">3862.45333333333</dst>
            <dst id="IPLSng">9244.824</dst>
            <dst id="KSCYng">6723.89066666667</dst>
            <dst id="LOSAng">6328.32533333333</dst>
            <dst id="NYCMng">1204.82666666667</dst>
            <dst id="SNVAng">649.098666666667</dst>
            <dst id="STTLng">2121.54666666667</dst>
            <dst id="WASHng">12233</dst>
        </src>
        <src id="LOSAng">
            <dst id="ATLA-M5">945</dst>
            <dst id="ATLAng">49745.464</dst>
            <dst id="CHINng">83310.784</dst>
            <dst id="DNVRng">8062.60533333334</dst>
            <dst id="HSTNng">4327.69866666667</dst>
            <dst id="IPLSng">28305.8106666667</dst>
            <dst id="KSCYng">2619.55733333333</dst>
            <dst id="LOSAng">26404.9173333333</dst>
            <dst id="NYCMng">75310.0373333333</dst>
            <dst id="SNVAng">10073.9413333333</dst>
            <dst id="STTLng">43471.8666666667</dst>
            <dst id="WASHng">115794.194666667</dst>
        </src>
        <src id="NYCMng">
            <dst id="ATLA-M5">27.8133333333333</dst>
            <dst id="ATLAng">35138.0853333333</dst>
            <dst id="CHINng">36925.88</dst>
            <dst id="DNVRng">24666.4426666667</dst>
            <dst id="HSTNng">7214.83733333333</dst>
            <dst id="IPLSng">27071.832</dst>
            <dst id="KSCYng">6394.87466666667</dst>
            <dst id="LOSAng">88521.7013333333</dst>
            <dst id="NYCMng">87055.3093333333</dst>
            <dst id="SNVAng">3642.54933333333</dst>
            <dst id="STTLng">23580.3733333333</dst>
            <dst id="WASHng">70759.6826666667</dst>
        </src>
        <src id="SNVAng">
            <dst id="ATLA-M5">0</dst>
            <dst id="ATLAng">26.6666666666667</dst>
            <dst id="CHINng">167.738666666667</dst>
            <dst id="DNVRng">3898.52533333333</dst>
            <dst id="HSTNng">274.624</dst>
            <dst id="IPLSng">5528.768</dst>
            <dst id="KSCYng">75.9493333333333</dst>
            <dst id="LOSAng">32102.4106666667</dst>
            <dst id="NYCMng">638.458666666667</dst>
            <dst id="SNVAng">8308.928</dst>
            <dst id="STTLng">25584.6106666667</dst>
            <dst id="WASHng">53.3333333333333</dst>
        </src>
        <src id="STTLng">
            <dst id="ATLA-M5">62.6133333333333</dst>
            <dst id="ATLAng">8341.66666666667</dst>
            <dst id="CHINng">15934.68</dst>
            <dst id="DNVRng">2541.26933333333</dst>
            <dst id="HSTNng">1849.04533333333</dst>
            <dst id="IPLSng">9677.008</dst>
            <dst id="KSCYng">2407.93333333333</dst>
            <dst id="LOSAng">39340.5786666667</dst>
            <dst id="NYCMng">7702.992</dst>
            <dst id="SNVAng">4318.99733333333</dst>
            <dst id="STTLng">3793.97066666667</dst>
            <dst id="WASHng">7845.184</dst>
        </src>
        <src id="WASHng">
            <dst id="ATLA-M5">55.3893333333333</dst>
            <dst id="ATLAng">86227.968</dst>
            <dst id="CHINng">72080.8666666667</dst>
            <dst id="DNVRng">52008.968</dst>
            <dst id="HSTNng">30046.688</dst>
            <dst id="IPLSng">45636.6373333333</dst>
            <dst id="KSCYng">13155.528</dst>
            <dst id="LOSAng">106789.762666667</dst>
            <dst id="NYCMng">156249.522666667</dst>
            <dst id="SNVAng">724.613333333333</dst>
            <dst id="STTLng">29080.7786666667</dst>
            <dst id="WASHng">133756.48</dst>
        </src>
    </IntraTM>
</TrafficMatrixFile>
