<?xml version="1.0" encoding="ISO-8859-1" standalone="yes"?>
<TrafficMatrixFile xsi:noNamespaceSchemaLocation="http://totem.run.montefiore.ulg.ac.be/Schema/TrafficMatrix-v1_2.xsd" xmlns:xsi="http://www.w3.org/2001/XMLSchema-instance">
    <IntraTM ASID="11537">
        <src id="ATLA-M5">
            <dst id="ATLA-M5">57.256</dst>
            <dst id="ATLAng">291.309333333333</dst>
            <dst id="CHINng">199.706666666667</dst>
            <dst id="DNVRng">26.6666666666667</dst>
            <dst id="HSTNng">688.056</dst>
            <dst id="IPLSng">2017.59733333333</dst>
            <dst id="KSCYng">1548.20266666667</dst>
            <dst id="LOSAng">382.445333333333</dst>
            <dst id="NYCMng">133.586666666667</dst>
            <dst id="SNVAng">0</dst>
            <dst id="STTLng">149.002666666667</dst>
            <dst id="WASHng">462.837333333333</dst>
        </src>
        <src id="ATLAng">
            <dst id="ATLA-M5">168.488</dst>
            <dst id="ATLAng">38616.9866666667</dst>
            <dst id="CHINng">8919.35733333333</dst>
            <dst id="DNVRng">4416.544</dst>
            <dst id="HSTNng">1217.06933333333</dst>
            <dst id="IPLSng">20977.872</dst>
            <dst id="KSCYng">1384.98933333333</dst>
            <dst id="LOSAng">34606.3733333333</dst>
            <dst id="NYCMng">10297.8986666667</dst>
            <dst id="SNVAng">109.573333333333</dst>
            <dst id="STTLng">5303.064</dst>
            <dst id="WASHng">34724.9733333333</dst>
        </src>
        <src id="CHINng">
            <dst id="ATLA-M5">0</dst>
            <dst id="ATLAng">16818.0693333333</dst>
            <dst id="CHINng">85465.04</dst>
            <dst id="DNVRng">15842.7386666667</dst>
            <dst id="HSTNng">5819.57333333333</dst>
            <dst id="IPLSng">37634.2853333333</dst>
            <dst id="KSCYng">12084.808</dst>
            <dst id="LOSAng">65675.648</dst>
            <dst id="NYCMng">9343.58666666667</dst>
            <dst id="SNVAng">666.653333333333</dst>
            <dst id="STTLng">10430.3386666667</dst>
            <dst id="WASHng">30420.7253333333</dst>
        </src>
        <src id="DNVRng">
            <dst id="ATLA-M5">194.506666666667</dst>
            <dst id="ATLAng">7632.61866666667</dst>
            <dst id="CHINng">47348.3493333333</dst>
            <dst id="DNVRng">8181.984</dst>
            <dst id="HSTNng">21964.1973333333</dst>
            <dst id="IPLSng">25835.2053333333</dst>
            <dst id="KSCYng">9364.26133333333</dst>
            <dst id="LOSAng">16836.0213333333</dst>
            <dst id="NYCMng">11855.3866666667</dst>
            <dst id="SNVAng">9084.18133333334</dst>
            <dst id="STTLng">11177.376</dst>
            <dst id="WASHng">29544.3653333333</dst>
        </src>
        <src id="HSTNng">
            <dst id="ATLA-M5">3026.51733333333</dst>
            <dst id="ATLAng">1670.344</dst>
            <dst id="CHINng">12643.7626666667</dst>
            <dst id="DNVRng">10386.9813333333</dst>
            <dst id="HSTNng">10026.368</dst>
            <dst id="IPLSng">2981.80533333333</dst>
            <dst id="KSCYng">2417.22666666667</dst>
            <dst id="LOSAng">9897.89066666667</dst>
            <dst id="NYCMng">2943.632</dst>
            <dst id="SNVAng">0</dst>
            <dst id="STTLng">1542.82666666667</dst>
            <dst id="WASHng">6205.03466666667</dst>
        </src>
        <src id="IPLSng">
            <dst id="ATLA-M5">321.397333333333</dst>
            <dst id="ATLAng">14442.4586666667</dst>
            <dst id="CHINng">74956.3973333333</dst>
            <dst id="DNVRng">9079.704</dst>
            <dst id="HSTNng">3697.95466666667</dst>
            <dst id="IPLSng">92673.5226666667</dst>
            <dst id="KSCYng">6206.96266666667</dst>
            <dst id="LOSAng">55988.872</dst>
            <dst id="NYCMng">17324.9946666667</dst>
            <dst id="SNVAng">4336.056</dst>
            <dst id="STTLng">7248.83733333333</dst>
            <dst id="WASHng">31713.0933333333</dst>
        </src>
        <src id="KSCYng">
            <dst id="ATLA-M5">33.1626666666667</dst>
            <dst id="ATLAng">4287.12</dst>
            <dst id="CHINng">25883.6586666667</dst>
            <dst id="DNVRng">10373.7466666667</dst>
            <dst id="HSTNng">5426.824</dst>
            <dst id="IPLSng">15177.736</dst>
            <dst id="KSCYng">5415.992</dst>
            <dst id="LOSAng">10676.464</dst>
            <dst id="NYCMng">2456.272</dst>
            <dst id="SNVAng">221.282666666667</dst>
            <dst id="STTLng">3470.464</dst>
            <dst id="WASHng">8549.86133333333</dst>
        </src>
        <src id="LOSAng">
            <dst id="ATLA-M5">996.856</dst>
            <dst id="ATLAng">22810.9973333333</dst>
            <dst id="CHINng">116736.936</dst>
            <dst id="DNVRng">19304.1173333333</dst>
            <dst id="HSTNng">17367.192</dst>
            <dst id="IPLSng">68767.536</dst>
            <dst id="KSCYng">5046.55466666667</dst>
            <dst id="LOSAng">14915.704</dst>
            <dst id="NYCMng">92142.2</dst>
            <dst id="SNVAng">10928.1386666667</dst>
            <dst id="STTLng">35165.704</dst>
            <dst id="WASHng">98879.4906666667</dst>
        </src>
        <src id="NYCMng">
            <dst id="ATLA-M5">383.901333333333</dst>
            <dst id="ATLAng">45208.5146666667</dst>
            <dst id="CHINng">39934.9253333333</dst>
            <dst id="DNVRng">129863.672</dst>
            <dst id="HSTNng">10299.6106666667</dst>
            <dst id="IPLSng">54260.344</dst>
            <dst id="KSCYng">20141.4933333333</dst>
            <dst id="LOSAng">98916.5733333333</dst>
            <dst id="NYCMng">89513.2933333334</dst>
            <dst id="SNVAng">6275.768</dst>
            <dst id="STTLng">33730.424</dst>
            <dst id="WASHng">61933.696</dst>
        </src>
        <src id="SNVAng">
            <dst id="ATLA-M5">0</dst>
            <dst id="ATLAng">106.666666666667</dst>
            <dst id="CHINng">799.117333333333</dst>
            <dst id="DNVRng">7145.40533333333</dst>
            <dst id="HSTNng">143.253333333333</dst>
            <dst id="IPLSng">810.418666666667</dst>
            <dst id="KSCYng">19580.752</dst>
            <dst id="LOSAng">45929.528</dst>
            <dst id="NYCMng">781.397333333333</dst>
            <dst id="SNVAng">10814.5093333333</dst>
            <dst id="STTLng">23255.616</dst>
            <dst id="WASHng">586.173333333333</dst>
        </src>
        <src id="STTLng">
            <dst id="ATLA-M5">0</dst>
            <dst id="ATLAng">9029.17866666667</dst>
            <dst id="CHINng">16566.936</dst>
            <dst id="DNVRng">5192.80533333333</dst>
            <dst id="HSTNng">3621.78666666667</dst>
            <dst id="IPLSng">8043.10933333333</dst>
            <dst id="KSCYng">5389.32266666667</dst>
            <dst id="LOSAng">41757.4133333333</dst>
            <dst id="NYCMng">10554.4346666667</dst>
            <dst id="SNVAng">3879.592</dst>
            <dst id="STTLng">8305.32</dst>
            <dst id="WASHng">14004.9573333333</dst>
        </src>
        <src id="WASHng">
            <dst id="ATLA-M5">974.690666666667</dst>
            <dst id="ATLAng">85064.1413333333</dst>
            <dst id="CHINng">60073.4213333333</dst>
            <dst id="DNVRng">73119.1973333333</dst>
            <dst id="HSTNng">21879.456</dst>
            <dst id="IPLSng">56911.2853333333</dst>
            <dst id="KSCYng">25483.8186666667</dst>
            <dst id="LOSAng">132842.666666667</dst>
            <dst id="NYCMng">151604.533333333</dst>
            <dst id="SNVAng">6993.44</dst>
            <dst id="STTLng">37937.2106666667</dst>
            <dst id="WASHng">291988.826666667</dst>
        </src>
    </IntraTM>
</TrafficMatrixFile>
