<?xml version="1.0" encoding="ISO-8859-1" standalone="yes"?>
<TrafficMatrixFile xsi:noNamespaceSchemaLocation="http://totem.run.montefiore.ulg.ac.be/Schema/TrafficMatrix-v1_2.xsd" xmlns:xsi="http://www.w3.org/2001/XMLSchema-instance">
    <IntraTM ASID="11537">
        <src id="ATLA-M5">
            <dst id="ATLA-M5">0</dst>
            <dst id="ATLAng">0</dst>
            <dst id="CHINng">60.2986666666667</dst>
            <dst id="DNVRng">26.6666666666667</dst>
            <dst id="HSTNng">26.6666666666667</dst>
            <dst id="IPLSng">37.048</dst>
            <dst id="KSCYng">192.312</dst>
            <dst id="LOSAng">196.405333333333</dst>
            <dst id="NYCMng">83.6266666666667</dst>
            <dst id="SNVAng">0</dst>
            <dst id="STTLng">0</dst>
            <dst id="WASHng">204.405333333333</dst>
        </src>
        <src id="ATLAng">
            <dst id="ATLA-M5">205.8</dst>
            <dst id="ATLAng">31216.576</dst>
            <dst id="CHINng">4846.74133333333</dst>
            <dst id="DNVRng">12079.5173333333</dst>
            <dst id="HSTNng">1595.38133333333</dst>
            <dst id="IPLSng">11275.9813333333</dst>
            <dst id="KSCYng">1447.91733333333</dst>
            <dst id="LOSAng">13313.6453333333</dst>
            <dst id="NYCMng">8928.02666666667</dst>
            <dst id="SNVAng">26.6666666666667</dst>
            <dst id="STTLng">8213.95733333333</dst>
            <dst id="WASHng">22249.3893333333</dst>
        </src>
        <src id="CHINng">
            <dst id="ATLA-M5">311.344</dst>
            <dst id="ATLAng">31425.1413333333</dst>
            <dst id="CHINng">74719.4293333333</dst>
            <dst id="DNVRng">10563.84</dst>
            <dst id="HSTNng">3855.624</dst>
            <dst id="IPLSng">18806.344</dst>
            <dst id="KSCYng">2385.68533333333</dst>
            <dst id="LOSAng">52411.7546666667</dst>
            <dst id="NYCMng">4897.92266666667</dst>
            <dst id="SNVAng">837.237333333333</dst>
            <dst id="STTLng">9061.12266666667</dst>
            <dst id="WASHng">27545.6613333333</dst>
        </src>
        <src id="DNVRng">
            <dst id="ATLA-M5">136.917333333333</dst>
            <dst id="ATLAng">18156.0933333333</dst>
            <dst id="CHINng">41857.8746666667</dst>
            <dst id="DNVRng">24541.0346666667</dst>
            <dst id="HSTNng">15285.5626666667</dst>
            <dst id="IPLSng">17843.0213333333</dst>
            <dst id="KSCYng">7962.29333333333</dst>
            <dst id="LOSAng">19446.6053333333</dst>
            <dst id="NYCMng">9666.42666666667</dst>
            <dst id="SNVAng">4688.08266666667</dst>
            <dst id="STTLng">6403.27466666667</dst>
            <dst id="WASHng">31460.528</dst>
        </src>
        <src id="HSTNng">
            <dst id="ATLA-M5">178.442666666667</dst>
            <dst id="ATLAng">20296.6506666667</dst>
            <dst id="CHINng">11441.712</dst>
            <dst id="DNVRng">1870.13066666667</dst>
            <dst id="HSTNng">10952.4426666667</dst>
            <dst id="IPLSng">4369.58133333333</dst>
            <dst id="KSCYng">1695.75733333333</dst>
            <dst id="LOSAng">12836.4986666667</dst>
            <dst id="NYCMng">1719.57866666667</dst>
            <dst id="SNVAng">26.6666666666667</dst>
            <dst id="STTLng">3159.10933333333</dst>
            <dst id="WASHng">1677.58666666667</dst>
        </src>
        <src id="IPLSng">
            <dst id="ATLA-M5">0</dst>
            <dst id="ATLAng">16138.5386666667</dst>
            <dst id="CHINng">53269.816</dst>
            <dst id="DNVRng">3772.08</dst>
            <dst id="HSTNng">3061.24266666667</dst>
            <dst id="IPLSng">21190.9813333333</dst>
            <dst id="KSCYng">2146.136</dst>
            <dst id="LOSAng">41475.704</dst>
            <dst id="NYCMng">22781.296</dst>
            <dst id="SNVAng">1292.98933333333</dst>
            <dst id="STTLng">7040.18666666667</dst>
            <dst id="WASHng">11181.7546666667</dst>
        </src>
        <src id="KSCYng">
            <dst id="ATLA-M5">1028.216</dst>
            <dst id="ATLAng">9311.63733333334</dst>
            <dst id="CHINng">12888.168</dst>
            <dst id="DNVRng">15869.9173333333</dst>
            <dst id="HSTNng">5062.12533333333</dst>
            <dst id="IPLSng">3631.96533333333</dst>
            <dst id="KSCYng">3671.12533333333</dst>
            <dst id="LOSAng">7887.81866666667</dst>
            <dst id="NYCMng">2337.848</dst>
            <dst id="SNVAng">104.714666666667</dst>
            <dst id="STTLng">1918.168</dst>
            <dst id="WASHng">17622.6853333333</dst>
        </src>
        <src id="LOSAng">
            <dst id="ATLA-M5">689.346666666667</dst>
            <dst id="ATLAng">47050.7546666667</dst>
            <dst id="CHINng">92863.6693333333</dst>
            <dst id="DNVRng">15731.6453333333</dst>
            <dst id="HSTNng">7267.16</dst>
            <dst id="IPLSng">26390.4666666667</dst>
            <dst id="KSCYng">3176.16533333333</dst>
            <dst id="LOSAng">28398.872</dst>
            <dst id="NYCMng">62837.5493333333</dst>
            <dst id="SNVAng">11932.4933333333</dst>
            <dst id="STTLng">42120.592</dst>
            <dst id="WASHng">117217.306666667</dst>
        </src>
        <src id="NYCMng">
            <dst id="ATLA-M5">586.421333333333</dst>
            <dst id="ATLAng">43481.5413333333</dst>
            <dst id="CHINng">31733.7546666667</dst>
            <dst id="DNVRng">26208.7146666667</dst>
            <dst id="HSTNng">3818.51466666667</dst>
            <dst id="IPLSng">27571.4666666667</dst>
            <dst id="KSCYng">7490.98933333333</dst>
            <dst id="LOSAng">75571.4026666666</dst>
            <dst id="NYCMng">75644.7013333333</dst>
            <dst id="SNVAng">1475.85333333333</dst>
            <dst id="STTLng">24705.5573333333</dst>
            <dst id="WASHng">47478.672</dst>
        </src>
        <src id="SNVAng">
            <dst id="ATLA-M5">0</dst>
            <dst id="ATLAng">81.9306666666667</dst>
            <dst id="CHINng">141.304</dst>
            <dst id="DNVRng">4248.36</dst>
            <dst id="HSTNng">54.528</dst>
            <dst id="IPLSng">1236.20533333333</dst>
            <dst id="KSCYng">190.693333333333</dst>
            <dst id="LOSAng">24079.24</dst>
            <dst id="NYCMng">677.472</dst>
            <dst id="SNVAng">8986.27466666667</dst>
            <dst id="STTLng">25615.128</dst>
            <dst id="WASHng">210.597333333333</dst>
        </src>
        <src id="STTLng">
            <dst id="ATLA-M5">87.8106666666667</dst>
            <dst id="ATLAng">11771.6373333333</dst>
            <dst id="CHINng">25631.688</dst>
            <dst id="DNVRng">4624.90666666667</dst>
            <dst id="HSTNng">2638.76</dst>
            <dst id="IPLSng">8143.87733333333</dst>
            <dst id="KSCYng">2771.16</dst>
            <dst id="LOSAng">31561.3573333333</dst>
            <dst id="NYCMng">6273.704</dst>
            <dst id="SNVAng">4184.97066666667</dst>
            <dst id="STTLng">1504.768</dst>
            <dst id="WASHng">9273.368</dst>
        </src>
        <src id="WASHng">
            <dst id="ATLA-M5">80</dst>
            <dst id="ATLAng">112935.138666667</dst>
            <dst id="CHINng">64049.2133333333</dst>
            <dst id="DNVRng">42951.7386666667</dst>
            <dst id="HSTNng">10378.9093333333</dst>
            <dst id="IPLSng">23916.072</dst>
            <dst id="KSCYng">6236.072</dst>
            <dst id="LOSAng">109200.984</dst>
            <dst id="NYCMng">133447.248</dst>
            <dst id="SNVAng">928.261333333333</dst>
            <dst id="STTLng">38344.4373333333</dst>
            <dst id="WASHng">124175.28</dst>
        </src>
    </IntraTM>
</TrafficMatrixFile>
