<?xml version="1.0" encoding="ISO-8859-1" standalone="yes"?>
<TrafficMatrixFile xsi:noNamespaceSchemaLocation="http://totem.run.montefiore.ulg.ac.be/Schema/TrafficMatrix-v1_2.xsd" xmlns:xsi="http://www.w3.org/2001/XMLSchema-instance">
    <IntraTM ASID="11537">
        <src id="ATLA-M5">
            <dst id="ATLA-M5">60.192</dst>
            <dst id="ATLAng">80.344</dst>
            <dst id="CHINng">62.48</dst>
            <dst id="DNVRng">0</dst>
            <dst id="HSTNng">185.877333333333</dst>
            <dst id="IPLSng">80</dst>
            <dst id="KSCYng">26.6666666666667</dst>
            <dst id="LOSAng">118.189333333333</dst>
            <dst id="NYCMng">110.445333333333</dst>
            <dst id="SNVAng">0</dst>
            <dst id="STTLng">0</dst>
            <dst id="WASHng">2128.17333333333</dst>
        </src>
        <src id="ATLAng">
            <dst id="ATLA-M5">135.901333333333</dst>
            <dst id="ATLAng">25423.2986666667</dst>
            <dst id="CHINng">11531.0693333333</dst>
            <dst id="DNVRng">4978.104</dst>
            <dst id="HSTNng">768.973333333333</dst>
            <dst id="IPLSng">14801.3786666667</dst>
            <dst id="KSCYng">499.250666666667</dst>
            <dst id="LOSAng">11790.5066666667</dst>
            <dst id="NYCMng">6053.288</dst>
            <dst id="SNVAng">380.061333333333</dst>
            <dst id="STTLng">4107.248</dst>
            <dst id="WASHng">43557.4693333333</dst>
        </src>
        <src id="CHINng">
            <dst id="ATLA-M5">98.9973333333333</dst>
            <dst id="ATLAng">15684.448</dst>
            <dst id="CHINng">128055.888</dst>
            <dst id="DNVRng">11365.96</dst>
            <dst id="HSTNng">3503.77333333333</dst>
            <dst id="IPLSng">23972.6373333333</dst>
            <dst id="KSCYng">15588.544</dst>
            <dst id="LOSAng">42903.5466666667</dst>
            <dst id="NYCMng">16706.136</dst>
            <dst id="SNVAng">677.058666666667</dst>
            <dst id="STTLng">9615.98666666667</dst>
            <dst id="WASHng">36665.544</dst>
        </src>
        <src id="DNVRng">
            <dst id="ATLA-M5">96</dst>
            <dst id="ATLAng">8231.37066666667</dst>
            <dst id="CHINng">58207.7173333333</dst>
            <dst id="DNVRng">30102.8533333333</dst>
            <dst id="HSTNng">12772.6853333333</dst>
            <dst id="IPLSng">18633.2773333333</dst>
            <dst id="KSCYng">10163.4186666667</dst>
            <dst id="LOSAng">4671.95466666667</dst>
            <dst id="NYCMng">11958.4373333333</dst>
            <dst id="SNVAng">6534.23466666667</dst>
            <dst id="STTLng">5636.26133333333</dst>
            <dst id="WASHng">45018.9946666667</dst>
        </src>
        <src id="HSTNng">
            <dst id="ATLA-M5">3549.29066666667</dst>
            <dst id="ATLAng">1817.30933333333</dst>
            <dst id="CHINng">13700.9226666667</dst>
            <dst id="DNVRng">725.168</dst>
            <dst id="HSTNng">3327.98666666667</dst>
            <dst id="IPLSng">901.248</dst>
            <dst id="KSCYng">2133.61066666667</dst>
            <dst id="LOSAng">4292.32266666667</dst>
            <dst id="NYCMng">2196.15466666667</dst>
            <dst id="SNVAng">71.1733333333333</dst>
            <dst id="STTLng">942.909333333333</dst>
            <dst id="WASHng">1559.06933333333</dst>
        </src>
        <src id="IPLSng">
            <dst id="ATLA-M5">106.170666666667</dst>
            <dst id="ATLAng">15058.0906666667</dst>
            <dst id="CHINng">84674.912</dst>
            <dst id="DNVRng">7375.26933333333</dst>
            <dst id="HSTNng">1276.128</dst>
            <dst id="IPLSng">17487.9173333333</dst>
            <dst id="KSCYng">11482.9013333333</dst>
            <dst id="LOSAng">60146.5973333333</dst>
            <dst id="NYCMng">12260.0826666667</dst>
            <dst id="SNVAng">164.285333333333</dst>
            <dst id="STTLng">7791.52266666667</dst>
            <dst id="WASHng">8398.09866666666</dst>
        </src>
        <src id="KSCYng">
            <dst id="ATLA-M5">0</dst>
            <dst id="ATLAng">1435.64</dst>
            <dst id="CHINng">67120.816</dst>
            <dst id="DNVRng">8266.98666666667</dst>
            <dst id="HSTNng">2159.616</dst>
            <dst id="IPLSng">8850.35733333333</dst>
            <dst id="KSCYng">5575.208</dst>
            <dst id="LOSAng">6664.98933333333</dst>
            <dst id="NYCMng">6369.176</dst>
            <dst id="SNVAng">106.666666666667</dst>
            <dst id="STTLng">647.738666666667</dst>
            <dst id="WASHng">6305.53333333333</dst>
        </src>
        <src id="LOSAng">
            <dst id="ATLA-M5">232.810666666667</dst>
            <dst id="ATLAng">8718.10133333333</dst>
            <dst id="CHINng">143372.538666667</dst>
            <dst id="DNVRng">6358.46933333333</dst>
            <dst id="HSTNng">3518.71466666667</dst>
            <dst id="IPLSng">25245.3226666667</dst>
            <dst id="KSCYng">4764.296</dst>
            <dst id="LOSAng">15785.928</dst>
            <dst id="NYCMng">49857.7893333333</dst>
            <dst id="SNVAng">7485.8</dst>
            <dst id="STTLng">30696.1813333333</dst>
            <dst id="WASHng">92538.6613333334</dst>
        </src>
        <src id="NYCMng">
            <dst id="ATLA-M5">58.0426666666667</dst>
            <dst id="ATLAng">34304.768</dst>
            <dst id="CHINng">43949.9973333333</dst>
            <dst id="DNVRng">21241.984</dst>
            <dst id="HSTNng">5316.99733333333</dst>
            <dst id="IPLSng">22229.296</dst>
            <dst id="KSCYng">9336.29333333333</dst>
            <dst id="LOSAng">60884.696</dst>
            <dst id="NYCMng">86192.2053333333</dst>
            <dst id="SNVAng">2842.24533333333</dst>
            <dst id="STTLng">19603.8613333333</dst>
            <dst id="WASHng">59878.5146666667</dst>
        </src>
        <src id="SNVAng">
            <dst id="ATLA-M5">0</dst>
            <dst id="ATLAng">140.202666666667</dst>
            <dst id="CHINng">1227.25066666667</dst>
            <dst id="DNVRng">1026.98133333333</dst>
            <dst id="HSTNng">58.8373333333333</dst>
            <dst id="IPLSng">6351.712</dst>
            <dst id="KSCYng">0</dst>
            <dst id="LOSAng">26043.224</dst>
            <dst id="NYCMng">309.178666666667</dst>
            <dst id="SNVAng">9450.81333333333</dst>
            <dst id="STTLng">18672.232</dst>
            <dst id="WASHng">107.312</dst>
        </src>
        <src id="STTLng">
            <dst id="ATLA-M5">26.6666666666667</dst>
            <dst id="ATLAng">10026.032</dst>
            <dst id="CHINng">34565.6186666667</dst>
            <dst id="DNVRng">1303.21866666667</dst>
            <dst id="HSTNng">998.277333333333</dst>
            <dst id="IPLSng">10315.5493333333</dst>
            <dst id="KSCYng">558.746666666667</dst>
            <dst id="LOSAng">19241.288</dst>
            <dst id="NYCMng">9044.58666666667</dst>
            <dst id="SNVAng">1793.10933333333</dst>
            <dst id="STTLng">1708.22933333333</dst>
            <dst id="WASHng">13655.152</dst>
        </src>
        <src id="WASHng">
            <dst id="ATLA-M5">118.962666666667</dst>
            <dst id="ATLAng">109093.157333333</dst>
            <dst id="CHINng">65527.2293333333</dst>
            <dst id="DNVRng">39094.0533333333</dst>
            <dst id="HSTNng">10068.7253333333</dst>
            <dst id="IPLSng">29262.8693333333</dst>
            <dst id="KSCYng">4239.77066666667</dst>
            <dst id="LOSAng">110179.613333333</dst>
            <dst id="NYCMng">169505.498666667</dst>
            <dst id="SNVAng">4205.08266666667</dst>
            <dst id="STTLng">35066.8426666667</dst>
            <dst id="WASHng">270304.88</dst>
        </src>
    </IntraTM>
</TrafficMatrixFile>
