<?xml version="1.0" encoding="ISO-8859-1" standalone="yes"?>
<TrafficMatrixFile xsi:noNamespaceSchemaLocation="http://totem.run.montefiore.ulg.ac.be/Schema/TrafficMatrix-v1_2.xsd" xmlns:xsi="http://www.w3.org/2001/XMLSchema-instance">
    <IntraTM ASID="11537">
        <src id="ATLA-M5">
            <dst id="ATLA-M5">26.6666666666667</dst>
            <dst id="ATLAng">48.8613333333333</dst>
            <dst id="CHINng">2431.664</dst>
            <dst id="DNVRng">126.405333333333</dst>
            <dst id="HSTNng">81.392</dst>
            <dst id="IPLSng">126.133333333333</dst>
            <dst id="KSCYng">1508.016</dst>
            <dst id="LOSAng">242.162666666667</dst>
            <dst id="NYCMng">0</dst>
            <dst id="SNVAng">0</dst>
            <dst id="STTLng">120</dst>
            <dst id="WASHng">965.525333333333</dst>
        </src>
        <src id="ATLAng">
            <dst id="ATLA-M5">106.344</dst>
            <dst id="ATLAng">38759.864</dst>
            <dst id="CHINng">5343.49066666667</dst>
            <dst id="DNVRng">5435.888</dst>
            <dst id="HSTNng">809.018666666667</dst>
            <dst id="IPLSng">10746.448</dst>
            <dst id="KSCYng">2474.11733333333</dst>
            <dst id="LOSAng">14573.0013333333</dst>
            <dst id="NYCMng">4911.088</dst>
            <dst id="SNVAng">187.489333333333</dst>
            <dst id="STTLng">5339.31733333333</dst>
            <dst id="WASHng">29323.472</dst>
        </src>
        <src id="CHINng">
            <dst id="ATLA-M5">651.277333333333</dst>
            <dst id="ATLAng">24220.9093333333</dst>
            <dst id="CHINng">150727.394666667</dst>
            <dst id="DNVRng">11907.1173333333</dst>
            <dst id="HSTNng">3533.35733333333</dst>
            <dst id="IPLSng">47287.4373333333</dst>
            <dst id="KSCYng">3991.03733333333</dst>
            <dst id="LOSAng">56842.576</dst>
            <dst id="NYCMng">11036.2213333333</dst>
            <dst id="SNVAng">691.741333333333</dst>
            <dst id="STTLng">8287.736</dst>
            <dst id="WASHng">15277.656</dst>
        </src>
        <src id="DNVRng">
            <dst id="ATLA-M5">173.482666666667</dst>
            <dst id="ATLAng">10965.9466666667</dst>
            <dst id="CHINng">43364.3173333333</dst>
            <dst id="DNVRng">12867.4986666667</dst>
            <dst id="HSTNng">28308.896</dst>
            <dst id="IPLSng">22307.76</dst>
            <dst id="KSCYng">31043.8746666667</dst>
            <dst id="LOSAng">7207.968</dst>
            <dst id="NYCMng">25390.5466666667</dst>
            <dst id="SNVAng">16675.976</dst>
            <dst id="STTLng">19797.0613333333</dst>
            <dst id="WASHng">34822.7946666667</dst>
        </src>
        <src id="HSTNng">
            <dst id="ATLA-M5">4472.79466666667</dst>
            <dst id="ATLAng">12815.6266666667</dst>
            <dst id="CHINng">11729.184</dst>
            <dst id="DNVRng">1943.50933333333</dst>
            <dst id="HSTNng">3298.904</dst>
            <dst id="IPLSng">716.728</dst>
            <dst id="KSCYng">1089.90133333333</dst>
            <dst id="LOSAng">12271.144</dst>
            <dst id="NYCMng">2642.22133333333</dst>
            <dst id="SNVAng">0</dst>
            <dst id="STTLng">1567.536</dst>
            <dst id="WASHng">4420.64533333333</dst>
        </src>
        <src id="IPLSng">
            <dst id="ATLA-M5">378.736</dst>
            <dst id="ATLAng">10651.2986666667</dst>
            <dst id="CHINng">59331.7626666667</dst>
            <dst id="DNVRng">2709.60533333333</dst>
            <dst id="HSTNng">1184.31466666667</dst>
            <dst id="IPLSng">61602.808</dst>
            <dst id="KSCYng">3033.25333333333</dst>
            <dst id="LOSAng">63764.76</dst>
            <dst id="NYCMng">23890.1573333333</dst>
            <dst id="SNVAng">520.917333333333</dst>
            <dst id="STTLng">10839.5973333333</dst>
            <dst id="WASHng">17200.4026666667</dst>
        </src>
        <src id="KSCYng">
            <dst id="ATLA-M5">318.184</dst>
            <dst id="ATLAng">4388.39466666667</dst>
            <dst id="CHINng">30481.6453333333</dst>
            <dst id="DNVRng">12376.9306666667</dst>
            <dst id="HSTNng">8959.10666666667</dst>
            <dst id="IPLSng">11489.5386666667</dst>
            <dst id="KSCYng">5585.78133333333</dst>
            <dst id="LOSAng">7523.8</dst>
            <dst id="NYCMng">2970.52266666667</dst>
            <dst id="SNVAng">163.533333333333</dst>
            <dst id="STTLng">1479.00266666667</dst>
            <dst id="WASHng">5768.352</dst>
        </src>
        <src id="LOSAng">
            <dst id="ATLA-M5">285.322666666667</dst>
            <dst id="ATLAng">33199.3706666667</dst>
            <dst id="CHINng">107055.981333333</dst>
            <dst id="DNVRng">7449.672</dst>
            <dst id="HSTNng">9895.536</dst>
            <dst id="IPLSng">54735.8586666667</dst>
            <dst id="KSCYng">5364.56</dst>
            <dst id="LOSAng">22285.1653333333</dst>
            <dst id="NYCMng">72901.7386666667</dst>
            <dst id="SNVAng">24102.312</dst>
            <dst id="STTLng">51790.4026666667</dst>
            <dst id="WASHng">88623.1093333333</dst>
        </src>
        <src id="NYCMng">
            <dst id="ATLA-M5">819.712</dst>
            <dst id="ATLAng">42383.96</dst>
            <dst id="CHINng">40476.8186666667</dst>
            <dst id="DNVRng">121541.474666667</dst>
            <dst id="HSTNng">12204.8373333333</dst>
            <dst id="IPLSng">39524.1813333333</dst>
            <dst id="KSCYng">9230.09333333333</dst>
            <dst id="LOSAng">101954.066666667</dst>
            <dst id="NYCMng">70772.3626666667</dst>
            <dst id="SNVAng">2310.256</dst>
            <dst id="STTLng">29998.568</dst>
            <dst id="WASHng">49955.3573333333</dst>
        </src>
        <src id="SNVAng">
            <dst id="ATLA-M5">0</dst>
            <dst id="ATLAng">229.629333333333</dst>
            <dst id="CHINng">357.573333333333</dst>
            <dst id="DNVRng">8506.344</dst>
            <dst id="HSTNng">63.2533333333333</dst>
            <dst id="IPLSng">311.328</dst>
            <dst id="KSCYng">15601.0666666667</dst>
            <dst id="LOSAng">44321.92</dst>
            <dst id="NYCMng">379.808</dst>
            <dst id="SNVAng">8749.8</dst>
            <dst id="STTLng">25379.3306666667</dst>
            <dst id="WASHng">264.002666666667</dst>
        </src>
        <src id="STTLng">
            <dst id="ATLA-M5">106.168</dst>
            <dst id="ATLAng">9708.01866666667</dst>
            <dst id="CHINng">13109.808</dst>
            <dst id="DNVRng">4017.184</dst>
            <dst id="HSTNng">1704.784</dst>
            <dst id="IPLSng">7926.73866666667</dst>
            <dst id="KSCYng">2892.82666666667</dst>
            <dst id="LOSAng">28226.2693333333</dst>
            <dst id="NYCMng">9517.168</dst>
            <dst id="SNVAng">3169.12</dst>
            <dst id="STTLng">7775.472</dst>
            <dst id="WASHng">6284.65066666667</dst>
        </src>
        <src id="WASHng">
            <dst id="ATLA-M5">897.648</dst>
            <dst id="ATLAng">126887.578666667</dst>
            <dst id="CHINng">81109.8026666667</dst>
            <dst id="DNVRng">52942.5466666667</dst>
            <dst id="HSTNng">70056.088</dst>
            <dst id="IPLSng">38973.568</dst>
            <dst id="KSCYng">12765.112</dst>
            <dst id="LOSAng">124013.914666667</dst>
            <dst id="NYCMng">148197.461333333</dst>
            <dst id="SNVAng">6680.85866666667</dst>
            <dst id="STTLng">45849.672</dst>
            <dst id="WASHng">193226.426666667</dst>
        </src>
    </IntraTM>
</TrafficMatrixFile>
