<?xml version="1.0" encoding="ISO-8859-1" standalone="yes"?>
<TrafficMatrixFile xsi:noNamespaceSchemaLocation="http://totem.run.montefiore.ulg.ac.be/Schema/TrafficMatrix-v1_2.xsd" xmlns:xsi="http://www.w3.org/2001/XMLSchema-instance">
    <IntraTM ASID="11537">
        <src id="ATLA-M5">
            <dst id="ATLA-M5">329.869333333333</dst>
            <dst id="ATLAng">938.861333333333</dst>
            <dst id="CHINng">427.957333333333</dst>
            <dst id="DNVRng">352.882666666667</dst>
            <dst id="HSTNng">280.76</dst>
            <dst id="IPLSng">307.469333333333</dst>
            <dst id="KSCYng">640.722666666666</dst>
            <dst id="LOSAng">445.36</dst>
            <dst id="NYCMng">1313.48</dst>
            <dst id="SNVAng">13.3333333333333</dst>
            <dst id="STTLng">322.626666666667</dst>
            <dst id="WASHng">1458.696</dst>
        </src>
        <src id="ATLAng">
            <dst id="ATLA-M5">864.984</dst>
            <dst id="ATLAng">45258.6773333333</dst>
            <dst id="CHINng">13199.9226666667</dst>
            <dst id="DNVRng">7244.49866666667</dst>
            <dst id="HSTNng">5085.28266666667</dst>
            <dst id="IPLSng">15919.9493333333</dst>
            <dst id="KSCYng">4494.408</dst>
            <dst id="LOSAng">22365.544</dst>
            <dst id="NYCMng">11587.5146666667</dst>
            <dst id="SNVAng">2460.61066666667</dst>
            <dst id="STTLng">6494.14666666667</dst>
            <dst id="WASHng">51373.4853333333</dst>
        </src>
        <src id="CHINng">
            <dst id="ATLA-M5">1480.432</dst>
            <dst id="ATLAng">27211.56</dst>
            <dst id="CHINng">122683.749333333</dst>
            <dst id="DNVRng">9368.24</dst>
            <dst id="HSTNng">8600.992</dst>
            <dst id="IPLSng">46744.2533333333</dst>
            <dst id="KSCYng">8107.30666666667</dst>
            <dst id="LOSAng">54514.6826666667</dst>
            <dst id="NYCMng">11991.76</dst>
            <dst id="SNVAng">3090.01066666667</dst>
            <dst id="STTLng">14879.2026666667</dst>
            <dst id="WASHng">27498.664</dst>
        </src>
        <src id="DNVRng">
            <dst id="ATLA-M5">289.957333333333</dst>
            <dst id="ATLAng">34232.0533333333</dst>
            <dst id="CHINng">39469.3786666667</dst>
            <dst id="DNVRng">12188.6666666667</dst>
            <dst id="HSTNng">19482.9973333333</dst>
            <dst id="IPLSng">30161.0613333333</dst>
            <dst id="KSCYng">16496.184</dst>
            <dst id="LOSAng">9964.864</dst>
            <dst id="NYCMng">17326.4586666667</dst>
            <dst id="SNVAng">8319.936</dst>
            <dst id="STTLng">22719.8373333333</dst>
            <dst id="WASHng">37354.5466666667</dst>
        </src>
        <src id="HSTNng">
            <dst id="ATLA-M5">1283.272</dst>
            <dst id="ATLAng">9857.016</dst>
            <dst id="CHINng">17132.4506666667</dst>
            <dst id="DNVRng">9894.93066666667</dst>
            <dst id="HSTNng">35379.0106666667</dst>
            <dst id="IPLSng">3876.27733333333</dst>
            <dst id="KSCYng">2187.83466666667</dst>
            <dst id="LOSAng">12982.5066666667</dst>
            <dst id="NYCMng">4659.99733333333</dst>
            <dst id="SNVAng">656.501333333333</dst>
            <dst id="STTLng">3034.61866666667</dst>
            <dst id="WASHng">6392.73066666667</dst>
        </src>
        <src id="IPLSng">
            <dst id="ATLA-M5">494.096</dst>
            <dst id="ATLAng">22769.832</dst>
            <dst id="CHINng">89064.7093333333</dst>
            <dst id="DNVRng">11609.3866666667</dst>
            <dst id="HSTNng">8785.90933333333</dst>
            <dst id="IPLSng">61834.792</dst>
            <dst id="KSCYng">12144.824</dst>
            <dst id="LOSAng">68627.4773333333</dst>
            <dst id="NYCMng">31426.0693333333</dst>
            <dst id="SNVAng">2355.968</dst>
            <dst id="STTLng">11092.5146666667</dst>
            <dst id="WASHng">34118.8586666667</dst>
        </src>
        <src id="KSCYng">
            <dst id="ATLA-M5">415.032</dst>
            <dst id="ATLAng">6896.04266666667</dst>
            <dst id="CHINng">31832.7573333333</dst>
            <dst id="DNVRng">13262.2506666667</dst>
            <dst id="HSTNng">5769.96</dst>
            <dst id="IPLSng">9287.09866666666</dst>
            <dst id="KSCYng">11943.9386666667</dst>
            <dst id="LOSAng">9124.70133333333</dst>
            <dst id="NYCMng">10012.368</dst>
            <dst id="SNVAng">334.050666666667</dst>
            <dst id="STTLng">2129.54933333333</dst>
            <dst id="WASHng">14795.576</dst>
        </src>
        <src id="LOSAng">
            <dst id="ATLA-M5">2044.62933333333</dst>
            <dst id="ATLAng">38635.368</dst>
            <dst id="CHINng">113550.685333333</dst>
            <dst id="DNVRng">16811.6826666667</dst>
            <dst id="HSTNng">14274.3626666667</dst>
            <dst id="IPLSng">58918.5973333333</dst>
            <dst id="KSCYng">10118.0693333333</dst>
            <dst id="LOSAng">12340.3546666667</dst>
            <dst id="NYCMng">77419.376</dst>
            <dst id="SNVAng">17059.544</dst>
            <dst id="STTLng">82790.4133333333</dst>
            <dst id="WASHng">126233.690666667</dst>
        </src>
        <src id="NYCMng">
            <dst id="ATLA-M5">1542.656</dst>
            <dst id="ATLAng">59824.424</dst>
            <dst id="CHINng">130499.458666667</dst>
            <dst id="DNVRng">110759.88</dst>
            <dst id="HSTNng">14933.728</dst>
            <dst id="IPLSng">50905.1466666667</dst>
            <dst id="KSCYng">21857.6986666667</dst>
            <dst id="LOSAng">96934.968</dst>
            <dst id="NYCMng">149999.522666667</dst>
            <dst id="SNVAng">5050.85333333333</dst>
            <dst id="STTLng">25458.4933333333</dst>
            <dst id="WASHng">96082.9786666667</dst>
        </src>
        <src id="SNVAng">
            <dst id="ATLA-M5">0</dst>
            <dst id="ATLAng">306.677333333333</dst>
            <dst id="CHINng">494.677333333333</dst>
            <dst id="DNVRng">1580.42133333333</dst>
            <dst id="HSTNng">174.517333333333</dst>
            <dst id="IPLSng">5802.40533333333</dst>
            <dst id="KSCYng">2802.552</dst>
            <dst id="LOSAng">48590.0106666667</dst>
            <dst id="NYCMng">655.053333333333</dst>
            <dst id="SNVAng">24090.56</dst>
            <dst id="STTLng">37136.4613333333</dst>
            <dst id="WASHng">836.512</dst>
        </src>
        <src id="STTLng">
            <dst id="ATLA-M5">820.890666666667</dst>
            <dst id="ATLAng">14573.976</dst>
            <dst id="CHINng">25517.704</dst>
            <dst id="DNVRng">4889.064</dst>
            <dst id="HSTNng">8535.55733333333</dst>
            <dst id="IPLSng">22160.104</dst>
            <dst id="KSCYng">13316.72</dst>
            <dst id="LOSAng">53002.3386666667</dst>
            <dst id="NYCMng">15523.088</dst>
            <dst id="SNVAng">6686.63466666667</dst>
            <dst id="STTLng">4078.2</dst>
            <dst id="WASHng">17470.928</dst>
        </src>
        <src id="WASHng">
            <dst id="ATLA-M5">1567.05066666667</dst>
            <dst id="ATLAng">96511.5893333333</dst>
            <dst id="CHINng">98381.1813333333</dst>
            <dst id="DNVRng">65872.312</dst>
            <dst id="HSTNng">40045.7973333333</dst>
            <dst id="IPLSng">95973.3946666667</dst>
            <dst id="KSCYng">29725.192</dst>
            <dst id="LOSAng">137465.466666667</dst>
            <dst id="NYCMng">170347.050666667</dst>
            <dst id="SNVAng">4185.84533333333</dst>
            <dst id="STTLng">40758.664</dst>
            <dst id="WASHng">322090.16</dst>
        </src>
    </IntraTM>
</TrafficMatrixFile>
