<?xml version="1.0" encoding="ISO-8859-1" standalone="yes"?>
<TrafficMatrixFile xsi:noNamespaceSchemaLocation="http://totem.run.montefiore.ulg.ac.be/Schema/TrafficMatrix-v1_2.xsd" xmlns:xsi="http://www.w3.org/2001/XMLSchema-instance">
    <IntraTM ASID="11537">
        <src id="ATLA-M5">
            <dst id="ATLA-M5">0</dst>
            <dst id="ATLAng">0</dst>
            <dst id="CHINng">170.88</dst>
            <dst id="DNVRng">26.6666666666667</dst>
            <dst id="HSTNng">168.461333333333</dst>
            <dst id="IPLSng">566.658666666666</dst>
            <dst id="KSCYng">120.997333333333</dst>
            <dst id="LOSAng">206.698666666667</dst>
            <dst id="NYCMng">44.088</dst>
            <dst id="SNVAng">0</dst>
            <dst id="STTLng">200.445333333333</dst>
            <dst id="WASHng">188.096</dst>
        </src>
        <src id="ATLAng">
            <dst id="ATLA-M5">160.632</dst>
            <dst id="ATLAng">52418.328</dst>
            <dst id="CHINng">7953.048</dst>
            <dst id="DNVRng">4473.73333333333</dst>
            <dst id="HSTNng">463.557333333333</dst>
            <dst id="IPLSng">10447.096</dst>
            <dst id="KSCYng">2606.144</dst>
            <dst id="LOSAng">16429.788</dst>
            <dst id="NYCMng">4211.48533333333</dst>
            <dst id="SNVAng">34.5506666666667</dst>
            <dst id="STTLng">5324.81066666667</dst>
            <dst id="WASHng">20951.5226666667</dst>
        </src>
        <src id="CHINng">
            <dst id="ATLA-M5">53.3333333333333</dst>
            <dst id="ATLAng">12930.024</dst>
            <dst id="CHINng">160564.962666667</dst>
            <dst id="DNVRng">19062.528</dst>
            <dst id="HSTNng">5132.808</dst>
            <dst id="IPLSng">80416.2933333333</dst>
            <dst id="KSCYng">15471.1813333333</dst>
            <dst id="LOSAng">74824.4746666667</dst>
            <dst id="NYCMng">8261.224</dst>
            <dst id="SNVAng">348.192</dst>
            <dst id="STTLng">7782.768</dst>
            <dst id="WASHng">18660.624</dst>
        </src>
        <src id="DNVRng">
            <dst id="ATLA-M5">0</dst>
            <dst id="ATLAng">9632.888</dst>
            <dst id="CHINng">43902.944</dst>
            <dst id="DNVRng">28301.7626666667</dst>
            <dst id="HSTNng">27421.6453333333</dst>
            <dst id="IPLSng">22876.648</dst>
            <dst id="KSCYng">22913.6346666667</dst>
            <dst id="LOSAng">8974.368</dst>
            <dst id="NYCMng">10213.2026666667</dst>
            <dst id="SNVAng">13414.032</dst>
            <dst id="STTLng">12044.3306666667</dst>
            <dst id="WASHng">43398.5013333333</dst>
        </src>
        <src id="HSTNng">
            <dst id="ATLA-M5">1560.752</dst>
            <dst id="ATLAng">2208.73333333333</dst>
            <dst id="CHINng">12306.016</dst>
            <dst id="DNVRng">1550.22933333333</dst>
            <dst id="HSTNng">7323.496</dst>
            <dst id="IPLSng">596.432</dst>
            <dst id="KSCYng">1401.656</dst>
            <dst id="LOSAng">9874.968</dst>
            <dst id="NYCMng">3719.17066666667</dst>
            <dst id="SNVAng">0</dst>
            <dst id="STTLng">1168.11466666667</dst>
            <dst id="WASHng">9475.81333333333</dst>
        </src>
        <src id="IPLSng">
            <dst id="ATLA-M5">53.3333333333333</dst>
            <dst id="ATLAng">11363.1893333333</dst>
            <dst id="CHINng">60109.8933333333</dst>
            <dst id="DNVRng">8493.84533333333</dst>
            <dst id="HSTNng">7714.424</dst>
            <dst id="IPLSng">28355.7813333333</dst>
            <dst id="KSCYng">2995.51466666667</dst>
            <dst id="LOSAng">78095.5733333333</dst>
            <dst id="NYCMng">19005.32</dst>
            <dst id="SNVAng">501.341333333333</dst>
            <dst id="STTLng">14306.6293333333</dst>
            <dst id="WASHng">10654.808</dst>
        </src>
        <src id="KSCYng">
            <dst id="ATLA-M5">183.925333333333</dst>
            <dst id="ATLAng">2213.14666666667</dst>
            <dst id="CHINng">17287.92</dst>
            <dst id="DNVRng">14740.008</dst>
            <dst id="HSTNng">3072.864</dst>
            <dst id="IPLSng">10167.328</dst>
            <dst id="KSCYng">9447.09866666666</dst>
            <dst id="LOSAng">7172.08533333333</dst>
            <dst id="NYCMng">4495.256</dst>
            <dst id="SNVAng">26.6666666666667</dst>
            <dst id="STTLng">5612.552</dst>
            <dst id="WASHng">14277.6826666667</dst>
        </src>
        <src id="LOSAng">
            <dst id="ATLA-M5">26.6666666666667</dst>
            <dst id="ATLAng">16157.896</dst>
            <dst id="CHINng">82971.5786666667</dst>
            <dst id="DNVRng">9321.65866666667</dst>
            <dst id="HSTNng">10301.7413333333</dst>
            <dst id="IPLSng">52339.4853333333</dst>
            <dst id="KSCYng">6023.096</dst>
            <dst id="LOSAng">25044.0533333333</dst>
            <dst id="NYCMng">79977.6026666667</dst>
            <dst id="SNVAng">8009.52266666667</dst>
            <dst id="STTLng">50388.0133333333</dst>
            <dst id="WASHng">89992.456</dst>
        </src>
        <src id="NYCMng">
            <dst id="ATLA-M5">1234.37333333333</dst>
            <dst id="ATLAng">26748.64</dst>
            <dst id="CHINng">55447.12</dst>
            <dst id="DNVRng">117947.322666667</dst>
            <dst id="HSTNng">12579.064</dst>
            <dst id="IPLSng">31489.8266666667</dst>
            <dst id="KSCYng">10108.392</dst>
            <dst id="LOSAng">104861.069333333</dst>
            <dst id="NYCMng">59501.9493333333</dst>
            <dst id="SNVAng">1089.328</dst>
            <dst id="STTLng">27970.2533333333</dst>
            <dst id="WASHng">51765.112</dst>
        </src>
        <src id="SNVAng">
            <dst id="ATLA-M5">0</dst>
            <dst id="ATLAng">26.6666666666667</dst>
            <dst id="CHINng">467.829333333333</dst>
            <dst id="DNVRng">6638.04533333333</dst>
            <dst id="HSTNng">3400.36</dst>
            <dst id="IPLSng">355.421333333333</dst>
            <dst id="KSCYng">26.6666666666667</dst>
            <dst id="LOSAng">27040.488</dst>
            <dst id="NYCMng">387.856</dst>
            <dst id="SNVAng">8527.56266666667</dst>
            <dst id="STTLng">25156.3626666667</dst>
            <dst id="WASHng">26.6666666666667</dst>
        </src>
        <src id="STTLng">
            <dst id="ATLA-M5">270.104</dst>
            <dst id="ATLAng">8757.168</dst>
            <dst id="CHINng">16748.8</dst>
            <dst id="DNVRng">3603.24</dst>
            <dst id="HSTNng">1773.23733333333</dst>
            <dst id="IPLSng">6185.904</dst>
            <dst id="KSCYng">3368.86133333333</dst>
            <dst id="LOSAng">27147.944</dst>
            <dst id="NYCMng">8986.89866666667</dst>
            <dst id="SNVAng">4805.51466666667</dst>
            <dst id="STTLng">4516.52266666667</dst>
            <dst id="WASHng">6652.944</dst>
        </src>
        <src id="WASHng">
            <dst id="ATLA-M5">90.848</dst>
            <dst id="ATLAng">118222.549333333</dst>
            <dst id="CHINng">88140.6346666667</dst>
            <dst id="DNVRng">60501.9893333333</dst>
            <dst id="HSTNng">21410.7653333333</dst>
            <dst id="IPLSng">70781.128</dst>
            <dst id="KSCYng">15978.632</dst>
            <dst id="LOSAng">123754.848</dst>
            <dst id="NYCMng">149316.496</dst>
            <dst id="SNVAng">3747.38933333333</dst>
            <dst id="STTLng">51903.2746666667</dst>
            <dst id="WASHng">212575.490666667</dst>
        </src>
    </IntraTM>
</TrafficMatrixFile>
