<?xml version="1.0" encoding="ISO-8859-1" standalone="yes"?>
<TrafficMatrixFile xsi:noNamespaceSchemaLocation="http://totem.run.montefiore.ulg.ac.be/Schema/TrafficMatrix-v1_2.xsd" xmlns:xsi="http://www.w3.org/2001/XMLSchema-instance">
    <IntraTM ASID="11537">
        <src id="ATLA-M5">
            <dst id="ATLA-M5">176.586666666667</dst>
            <dst id="ATLAng">828.96</dst>
            <dst id="CHINng">131.285333333333</dst>
            <dst id="DNVRng">0</dst>
            <dst id="HSTNng">82.3066666666667</dst>
            <dst id="IPLSng">26.6666666666667</dst>
            <dst id="KSCYng">0</dst>
            <dst id="LOSAng">186.314666666667</dst>
            <dst id="NYCMng">0</dst>
            <dst id="SNVAng">0</dst>
            <dst id="STTLng">54.4746666666667</dst>
            <dst id="WASHng">1020.05333333333</dst>
        </src>
        <src id="ATLAng">
            <dst id="ATLA-M5">234.021333333333</dst>
            <dst id="ATLAng">21350.8693333333</dst>
            <dst id="CHINng">6105.56266666667</dst>
            <dst id="DNVRng">3452.88533333333</dst>
            <dst id="HSTNng">390.314666666667</dst>
            <dst id="IPLSng">16217.9333333333</dst>
            <dst id="KSCYng">2239.47466666667</dst>
            <dst id="LOSAng">13617.3093333333</dst>
            <dst id="NYCMng">8164.63733333333</dst>
            <dst id="SNVAng">55.6533333333333</dst>
            <dst id="STTLng">7009.57866666667</dst>
            <dst id="WASHng">50859.112</dst>
        </src>
        <src id="CHINng">
            <dst id="ATLA-M5">26.6666666666667</dst>
            <dst id="ATLAng">4882.11466666667</dst>
            <dst id="CHINng">128161.786666667</dst>
            <dst id="DNVRng">14250.5013333333</dst>
            <dst id="HSTNng">3950.36533333333</dst>
            <dst id="IPLSng">22793.2026666667</dst>
            <dst id="KSCYng">16599.9146666667</dst>
            <dst id="LOSAng">65318.368</dst>
            <dst id="NYCMng">7253.38933333333</dst>
            <dst id="SNVAng">418.208</dst>
            <dst id="STTLng">7980.26133333333</dst>
            <dst id="WASHng">17395.632</dst>
        </src>
        <src id="DNVRng">
            <dst id="ATLA-M5">86.88</dst>
            <dst id="ATLAng">6553.13866666667</dst>
            <dst id="CHINng">55345.3946666667</dst>
            <dst id="DNVRng">18529.0826666667</dst>
            <dst id="HSTNng">17445.8506666667</dst>
            <dst id="IPLSng">20393.0106666667</dst>
            <dst id="KSCYng">10637.7173333333</dst>
            <dst id="LOSAng">11732.608</dst>
            <dst id="NYCMng">14226.04</dst>
            <dst id="SNVAng">5189.42133333333</dst>
            <dst id="STTLng">5881.66666666667</dst>
            <dst id="WASHng">37833.768</dst>
        </src>
        <src id="HSTNng">
            <dst id="ATLA-M5">3263.62933333333</dst>
            <dst id="ATLAng">1884.98133333333</dst>
            <dst id="CHINng">16200.1413333333</dst>
            <dst id="DNVRng">1531.23466666667</dst>
            <dst id="HSTNng">5988.93866666667</dst>
            <dst id="IPLSng">380.056</dst>
            <dst id="KSCYng">898.824</dst>
            <dst id="LOSAng">8891.97866666667</dst>
            <dst id="NYCMng">3041.29066666667</dst>
            <dst id="SNVAng">26.6666666666667</dst>
            <dst id="STTLng">2598.72266666667</dst>
            <dst id="WASHng">1942.808</dst>
        </src>
        <src id="IPLSng">
            <dst id="ATLA-M5">60.312</dst>
            <dst id="ATLAng">10290.1306666667</dst>
            <dst id="CHINng">77794.632</dst>
            <dst id="DNVRng">3281.90666666667</dst>
            <dst id="HSTNng">719.853333333333</dst>
            <dst id="IPLSng">26511.944</dst>
            <dst id="KSCYng">2221.6</dst>
            <dst id="LOSAng">47615.0186666667</dst>
            <dst id="NYCMng">23733.5706666667</dst>
            <dst id="SNVAng">128.752</dst>
            <dst id="STTLng">10356.8773333333</dst>
            <dst id="WASHng">14759.7973333333</dst>
        </src>
        <src id="KSCYng">
            <dst id="ATLA-M5">0</dst>
            <dst id="ATLAng">3422.16266666667</dst>
            <dst id="CHINng">29057.488</dst>
            <dst id="DNVRng">10096.3653333333</dst>
            <dst id="HSTNng">2204.61866666667</dst>
            <dst id="IPLSng">13373.7386666667</dst>
            <dst id="KSCYng">4573.30133333333</dst>
            <dst id="LOSAng">3897.744</dst>
            <dst id="NYCMng">5399.73333333333</dst>
            <dst id="SNVAng">7026.22933333333</dst>
            <dst id="STTLng">2156.69066666667</dst>
            <dst id="WASHng">6463.776</dst>
        </src>
        <src id="LOSAng">
            <dst id="ATLA-M5">26.6666666666667</dst>
            <dst id="ATLAng">8706.93333333333</dst>
            <dst id="CHINng">129094.272</dst>
            <dst id="DNVRng">7713.832</dst>
            <dst id="HSTNng">5115.63466666667</dst>
            <dst id="IPLSng">32397.928</dst>
            <dst id="KSCYng">4877.832</dst>
            <dst id="LOSAng">21204.2346666667</dst>
            <dst id="NYCMng">51344.9093333333</dst>
            <dst id="SNVAng">6139.52266666667</dst>
            <dst id="STTLng">46259.088</dst>
            <dst id="WASHng">88732.768</dst>
        </src>
        <src id="NYCMng">
            <dst id="ATLA-M5">471.922666666667</dst>
            <dst id="ATLAng">24158.2106666667</dst>
            <dst id="CHINng">54876.0053333333</dst>
            <dst id="DNVRng">108665.6</dst>
            <dst id="HSTNng">3663.49333333333</dst>
            <dst id="IPLSng">25168.4986666667</dst>
            <dst id="KSCYng">11886.9653333333</dst>
            <dst id="LOSAng">77247.3653333333</dst>
            <dst id="NYCMng">91594.6666666667</dst>
            <dst id="SNVAng">3581.568</dst>
            <dst id="STTLng">26413.0346666667</dst>
            <dst id="WASHng">52235.5626666667</dst>
        </src>
        <src id="SNVAng">
            <dst id="ATLA-M5">0</dst>
            <dst id="ATLAng">26.6666666666667</dst>
            <dst id="CHINng">468.856</dst>
            <dst id="DNVRng">1391.78133333333</dst>
            <dst id="HSTNng">40.7893333333333</dst>
            <dst id="IPLSng">319.456</dst>
            <dst id="KSCYng">0</dst>
            <dst id="LOSAng">29518.6426666667</dst>
            <dst id="NYCMng">243.328</dst>
            <dst id="SNVAng">9800.416</dst>
            <dst id="STTLng">26264.4026666667</dst>
            <dst id="WASHng">0</dst>
        </src>
        <src id="STTLng">
            <dst id="ATLA-M5">62.4346666666667</dst>
            <dst id="ATLAng">8467.29333333333</dst>
            <dst id="CHINng">36298.6693333333</dst>
            <dst id="DNVRng">2403.94666666667</dst>
            <dst id="HSTNng">624.314666666667</dst>
            <dst id="IPLSng">7914.02133333333</dst>
            <dst id="KSCYng">6756.33066666667</dst>
            <dst id="LOSAng">23904.248</dst>
            <dst id="NYCMng">18780.4613333333</dst>
            <dst id="SNVAng">3662.73333333333</dst>
            <dst id="STTLng">1870.93866666667</dst>
            <dst id="WASHng">6292.85866666667</dst>
        </src>
        <src id="WASHng">
            <dst id="ATLA-M5">466.229333333333</dst>
            <dst id="ATLAng">76899.824</dst>
            <dst id="CHINng">74121.3733333333</dst>
            <dst id="DNVRng">33786.0453333333</dst>
            <dst id="HSTNng">32458.3146666667</dst>
            <dst id="IPLSng">54799.1146666667</dst>
            <dst id="KSCYng">12087.3253333333</dst>
            <dst id="LOSAng">113609.845333333</dst>
            <dst id="NYCMng">115055.365333333</dst>
            <dst id="SNVAng">4869.83466666667</dst>
            <dst id="STTLng">29310.352</dst>
            <dst id="WASHng">273303.6</dst>
        </src>
    </IntraTM>
</TrafficMatrixFile>
