<?xml version="1.0" encoding="ISO-8859-1" standalone="yes"?>
<TrafficMatrixFile xsi:noNamespaceSchemaLocation="http://totem.run.montefiore.ulg.ac.be/Schema/TrafficMatrix-v1_2.xsd" xmlns:xsi="http://www.w3.org/2001/XMLSchema-instance">
    <IntraTM ASID="11537">
        <src id="ATLA-M5">
            <dst id="ATLA-M5">0</dst>
            <dst id="ATLAng">137.688</dst>
            <dst id="CHINng">110.421333333333</dst>
            <dst id="DNVRng">0</dst>
            <dst id="HSTNng">44.36</dst>
            <dst id="IPLSng">631.461333333333</dst>
            <dst id="KSCYng">2879.09066666666</dst>
            <dst id="LOSAng">271.181333333333</dst>
            <dst id="NYCMng">26.6666666666667</dst>
            <dst id="SNVAng">0</dst>
            <dst id="STTLng">53.4693333333333</dst>
            <dst id="WASHng">1035.91733333333</dst>
        </src>
        <src id="ATLAng">
            <dst id="ATLA-M5">198.685333333333</dst>
            <dst id="ATLAng">68223.5893333333</dst>
            <dst id="CHINng">9143.85066666667</dst>
            <dst id="DNVRng">7012.85866666667</dst>
            <dst id="HSTNng">994.997333333333</dst>
            <dst id="IPLSng">12149.792</dst>
            <dst id="KSCYng">1796.20533333333</dst>
            <dst id="LOSAng">16057.3186666667</dst>
            <dst id="NYCMng">8380.74933333333</dst>
            <dst id="SNVAng">72.6893333333333</dst>
            <dst id="STTLng">6052.78666666667</dst>
            <dst id="WASHng">34897.4773333333</dst>
        </src>
        <src id="CHINng">
            <dst id="ATLA-M5">68.3066666666667</dst>
            <dst id="ATLAng">38581.5253333333</dst>
            <dst id="CHINng">85576.9866666666</dst>
            <dst id="DNVRng">12658.952</dst>
            <dst id="HSTNng">11682.984</dst>
            <dst id="IPLSng">42685.2106666667</dst>
            <dst id="KSCYng">5319.58666666667</dst>
            <dst id="LOSAng">1061546.90666667</dst>
            <dst id="NYCMng">11189.4373333333</dst>
            <dst id="SNVAng">1538.82933333333</dst>
            <dst id="STTLng">13634.4933333333</dst>
            <dst id="WASHng">22099.3333333333</dst>
        </src>
        <src id="DNVRng">
            <dst id="ATLA-M5">116.96</dst>
            <dst id="ATLAng">13480.232</dst>
            <dst id="CHINng">48059.1866666667</dst>
            <dst id="DNVRng">8570.14933333333</dst>
            <dst id="HSTNng">20271.9146666667</dst>
            <dst id="IPLSng">23441.2026666667</dst>
            <dst id="KSCYng">10889.6533333333</dst>
            <dst id="LOSAng">12860.0266666667</dst>
            <dst id="NYCMng">12710.864</dst>
            <dst id="SNVAng">7862.06666666667</dst>
            <dst id="STTLng">6542.17333333333</dst>
            <dst id="WASHng">33119.3706666667</dst>
        </src>
        <src id="HSTNng">
            <dst id="ATLA-M5">560.68</dst>
            <dst id="ATLAng">2873.25333333333</dst>
            <dst id="CHINng">7303.04</dst>
            <dst id="DNVRng">10362.88</dst>
            <dst id="HSTNng">8063.14133333333</dst>
            <dst id="IPLSng">1657.4</dst>
            <dst id="KSCYng">2027.66666666667</dst>
            <dst id="LOSAng">17221.6773333333</dst>
            <dst id="NYCMng">2253.37866666667</dst>
            <dst id="SNVAng">0</dst>
            <dst id="STTLng">1771.71466666667</dst>
            <dst id="WASHng">5691.13066666667</dst>
        </src>
        <src id="IPLSng">
            <dst id="ATLA-M5">302.088</dst>
            <dst id="ATLAng">20794.8026666667</dst>
            <dst id="CHINng">51829.712</dst>
            <dst id="DNVRng">12650.7146666667</dst>
            <dst id="HSTNng">2558.45066666667</dst>
            <dst id="IPLSng">14177.8026666667</dst>
            <dst id="KSCYng">9445.39733333333</dst>
            <dst id="LOSAng">75193.2746666667</dst>
            <dst id="NYCMng">32909.672</dst>
            <dst id="SNVAng">3523.58933333333</dst>
            <dst id="STTLng">9952.44533333333</dst>
            <dst id="WASHng">38740.3253333333</dst>
        </src>
        <src id="KSCYng">
            <dst id="ATLA-M5">74.048</dst>
            <dst id="ATLAng">2871.264</dst>
            <dst id="CHINng">26264.2933333333</dst>
            <dst id="DNVRng">8119.048</dst>
            <dst id="HSTNng">4708.16</dst>
            <dst id="IPLSng">18943.1386666667</dst>
            <dst id="KSCYng">2287.01333333333</dst>
            <dst id="LOSAng">8731.95466666667</dst>
            <dst id="NYCMng">3738.56</dst>
            <dst id="SNVAng">283.290666666667</dst>
            <dst id="STTLng">2069.34933333333</dst>
            <dst id="WASHng">8218.11733333333</dst>
        </src>
        <src id="LOSAng">
            <dst id="ATLA-M5">735.770666666667</dst>
            <dst id="ATLAng">37157.8506666667</dst>
            <dst id="CHINng">97238.0133333334</dst>
            <dst id="DNVRng">21753.5306666667</dst>
            <dst id="HSTNng">13618.8933333333</dst>
            <dst id="IPLSng">60808.888</dst>
            <dst id="KSCYng">4606.03733333333</dst>
            <dst id="LOSAng">14982.9733333333</dst>
            <dst id="NYCMng">81090.568</dst>
            <dst id="SNVAng">10795.888</dst>
            <dst id="STTLng">58971.2746666667</dst>
            <dst id="WASHng">104198.034666667</dst>
        </src>
        <src id="NYCMng">
            <dst id="ATLA-M5">291.274666666667</dst>
            <dst id="ATLAng">52664.3653333333</dst>
            <dst id="CHINng">39256.392</dst>
            <dst id="DNVRng">128845.365333333</dst>
            <dst id="HSTNng">10133.384</dst>
            <dst id="IPLSng">47135.24</dst>
            <dst id="KSCYng">17925.9706666667</dst>
            <dst id="LOSAng">90427.0026666667</dst>
            <dst id="NYCMng">69386.472</dst>
            <dst id="SNVAng">3452.016</dst>
            <dst id="STTLng">30590.5733333333</dst>
            <dst id="WASHng">71119.3866666667</dst>
        </src>
        <src id="SNVAng">
            <dst id="ATLA-M5">0</dst>
            <dst id="ATLAng">80</dst>
            <dst id="CHINng">139.605333333333</dst>
            <dst id="DNVRng">5864.46133333334</dst>
            <dst id="HSTNng">89.7066666666667</dst>
            <dst id="IPLSng">986.672</dst>
            <dst id="KSCYng">22043.104</dst>
            <dst id="LOSAng">54173.0613333333</dst>
            <dst id="NYCMng">671.986666666667</dst>
            <dst id="SNVAng">8759.44</dst>
            <dst id="STTLng">24818.0373333333</dst>
            <dst id="WASHng">223.872</dst>
        </src>
        <src id="STTLng">
            <dst id="ATLA-M5">91.6373333333333</dst>
            <dst id="ATLAng">12164.0133333333</dst>
            <dst id="CHINng">17852.992</dst>
            <dst id="DNVRng">3445.38933333333</dst>
            <dst id="HSTNng">8930.16533333333</dst>
            <dst id="IPLSng">10441.9733333333</dst>
            <dst id="KSCYng">4018.13866666667</dst>
            <dst id="LOSAng">33470.976</dst>
            <dst id="NYCMng">10552.5173333333</dst>
            <dst id="SNVAng">3422.624</dst>
            <dst id="STTLng">2144.12</dst>
            <dst id="WASHng">10024.3146666667</dst>
        </src>
        <src id="WASHng">
            <dst id="ATLA-M5">1009.38666666667</dst>
            <dst id="ATLAng">95947.2</dst>
            <dst id="CHINng">57576.2453333333</dst>
            <dst id="DNVRng">43978.384</dst>
            <dst id="HSTNng">23600.864</dst>
            <dst id="IPLSng">51442.3653333333</dst>
            <dst id="KSCYng">27868.9386666667</dst>
            <dst id="LOSAng">109562.074666667</dst>
            <dst id="NYCMng">147553.322666667</dst>
            <dst id="SNVAng">9665.31733333333</dst>
            <dst id="STTLng">33099.1066666667</dst>
            <dst id="WASHng">331212.8</dst>
        </src>
    </IntraTM>
</TrafficMatrixFile>
