<?xml version="1.0" encoding="ISO-8859-1" standalone="yes"?>
<TrafficMatrixFile xsi:noNamespaceSchemaLocation="http://totem.run.montefiore.ulg.ac.be/Schema/TrafficMatrix-v1_2.xsd" xmlns:xsi="http://www.w3.org/2001/XMLSchema-instance">
    <IntraTM ASID="11537">
        <src id="ATLA-M5">
            <dst id="ATLA-M5">89.6746666666667</dst>
            <dst id="ATLAng">482.976</dst>
            <dst id="CHINng">384.768</dst>
            <dst id="DNVRng">50.2293333333333</dst>
            <dst id="HSTNng">1260.92533333333</dst>
            <dst id="IPLSng">342.568</dst>
            <dst id="KSCYng">80</dst>
            <dst id="LOSAng">1560.83733333333</dst>
            <dst id="NYCMng">1977.696</dst>
            <dst id="SNVAng">0</dst>
            <dst id="STTLng">0</dst>
            <dst id="WASHng">945.344</dst>
        </src>
        <src id="ATLAng">
            <dst id="ATLA-M5">236.109333333333</dst>
            <dst id="ATLAng">38906.36</dst>
            <dst id="CHINng">25837.8773333333</dst>
            <dst id="DNVRng">7239.31733333333</dst>
            <dst id="HSTNng">9919.912</dst>
            <dst id="IPLSng">17364.4426666667</dst>
            <dst id="KSCYng">6336.968</dst>
            <dst id="LOSAng">25120.824</dst>
            <dst id="NYCMng">10328.72</dst>
            <dst id="SNVAng">954.8</dst>
            <dst id="STTLng">5429.00266666667</dst>
            <dst id="WASHng">48927.128</dst>
        </src>
        <src id="CHINng">
            <dst id="ATLA-M5">261.466666666667</dst>
            <dst id="ATLAng">16799.8346666667</dst>
            <dst id="CHINng">125248.965333333</dst>
            <dst id="DNVRng">18882.3973333333</dst>
            <dst id="HSTNng">11862.6346666667</dst>
            <dst id="IPLSng">55128.6133333333</dst>
            <dst id="KSCYng">11968.1173333333</dst>
            <dst id="LOSAng">66082.24</dst>
            <dst id="NYCMng">20010.6106666667</dst>
            <dst id="SNVAng">4419.88533333333</dst>
            <dst id="STTLng">13111.5093333333</dst>
            <dst id="WASHng">30854.608</dst>
        </src>
        <src id="DNVRng">
            <dst id="ATLA-M5">293.44</dst>
            <dst id="ATLAng">21829.0053333333</dst>
            <dst id="CHINng">46258.6613333333</dst>
            <dst id="DNVRng">28657.0293333333</dst>
            <dst id="HSTNng">43741.04</dst>
            <dst id="IPLSng">30301.544</dst>
            <dst id="KSCYng">26809.5173333333</dst>
            <dst id="LOSAng">17374.2586666667</dst>
            <dst id="NYCMng">10447.544</dst>
            <dst id="SNVAng">14420.5466666667</dst>
            <dst id="STTLng">20632.6773333333</dst>
            <dst id="WASHng">31209.1013333333</dst>
        </src>
        <src id="HSTNng">
            <dst id="ATLA-M5">4030.648</dst>
            <dst id="ATLAng">3964.99466666667</dst>
            <dst id="CHINng">18493.0026666667</dst>
            <dst id="DNVRng">2475.224</dst>
            <dst id="HSTNng">8539.62133333333</dst>
            <dst id="IPLSng">11289.704</dst>
            <dst id="KSCYng">2120.02666666667</dst>
            <dst id="LOSAng">14369.8533333333</dst>
            <dst id="NYCMng">7924.66666666667</dst>
            <dst id="SNVAng">414.813333333333</dst>
            <dst id="STTLng">1161.18133333333</dst>
            <dst id="WASHng">3493.49333333333</dst>
        </src>
        <src id="IPLSng">
            <dst id="ATLA-M5">350.045333333333</dst>
            <dst id="ATLAng">15823.1733333333</dst>
            <dst id="CHINng">76278.4213333333</dst>
            <dst id="DNVRng">12443.3813333333</dst>
            <dst id="HSTNng">3337.21866666667</dst>
            <dst id="IPLSng">33276.2213333333</dst>
            <dst id="KSCYng">7393.49333333333</dst>
            <dst id="LOSAng">56512.208</dst>
            <dst id="NYCMng">23984.496</dst>
            <dst id="SNVAng">1345.57866666667</dst>
            <dst id="STTLng">10756.3946666667</dst>
            <dst id="WASHng">35793.8053333333</dst>
        </src>
        <src id="KSCYng">
            <dst id="ATLA-M5">152.573333333333</dst>
            <dst id="ATLAng">6940.17866666667</dst>
            <dst id="CHINng">29286.8906666667</dst>
            <dst id="DNVRng">10218.8506666667</dst>
            <dst id="HSTNng">5456.69066666667</dst>
            <dst id="IPLSng">16863.6666666667</dst>
            <dst id="KSCYng">9566.744</dst>
            <dst id="LOSAng">20698.336</dst>
            <dst id="NYCMng">4467.77333333333</dst>
            <dst id="SNVAng">569.426666666667</dst>
            <dst id="STTLng">2669.016</dst>
            <dst id="WASHng">13358.064</dst>
        </src>
        <src id="LOSAng">
            <dst id="ATLA-M5">1410.14933333333</dst>
            <dst id="ATLAng">28928.2906666667</dst>
            <dst id="CHINng">96852.7733333333</dst>
            <dst id="DNVRng">19974.9466666667</dst>
            <dst id="HSTNng">16287.7226666667</dst>
            <dst id="IPLSng">57372.8613333333</dst>
            <dst id="KSCYng">10932.9626666667</dst>
            <dst id="LOSAng">20855.064</dst>
            <dst id="NYCMng">82701.7733333333</dst>
            <dst id="SNVAng">12660.4133333333</dst>
            <dst id="STTLng">52373.696</dst>
            <dst id="WASHng">106347.674666667</dst>
        </src>
        <src id="NYCMng">
            <dst id="ATLA-M5">1180.18933333333</dst>
            <dst id="ATLAng">60730.064</dst>
            <dst id="CHINng">44388.8453333333</dst>
            <dst id="DNVRng">130417.090666667</dst>
            <dst id="HSTNng">13070.6613333333</dst>
            <dst id="IPLSng">49615.704</dst>
            <dst id="KSCYng">31217.3333333333</dst>
            <dst id="LOSAng">100601.52</dst>
            <dst id="NYCMng">134740.450666667</dst>
            <dst id="SNVAng">4566.032</dst>
            <dst id="STTLng">25556.1253333333</dst>
            <dst id="WASHng">82880.5413333333</dst>
        </src>
        <src id="SNVAng">
            <dst id="ATLA-M5">0</dst>
            <dst id="ATLAng">91.5733333333334</dst>
            <dst id="CHINng">1183.70133333333</dst>
            <dst id="DNVRng">2478.79466666667</dst>
            <dst id="HSTNng">143.104</dst>
            <dst id="IPLSng">7218.33333333333</dst>
            <dst id="KSCYng">8715.71466666667</dst>
            <dst id="LOSAng">36036.2933333333</dst>
            <dst id="NYCMng">583.232</dst>
            <dst id="SNVAng">9385.096</dst>
            <dst id="STTLng">32348.5466666667</dst>
            <dst id="WASHng">292.741333333333</dst>
        </src>
        <src id="STTLng">
            <dst id="ATLA-M5">53.3333333333333</dst>
            <dst id="ATLAng">13657.92</dst>
            <dst id="CHINng">19073.1253333333</dst>
            <dst id="DNVRng">8345.79466666667</dst>
            <dst id="HSTNng">4689.93866666667</dst>
            <dst id="IPLSng">12935.6666666667</dst>
            <dst id="KSCYng">4877.77066666667</dst>
            <dst id="LOSAng">41504.1413333333</dst>
            <dst id="NYCMng">14179.7253333333</dst>
            <dst id="SNVAng">5985.73066666667</dst>
            <dst id="STTLng">7604.41066666666</dst>
            <dst id="WASHng">17322.912</dst>
        </src>
        <src id="WASHng">
            <dst id="ATLA-M5">1150.01066666667</dst>
            <dst id="ATLAng">142212.826666667</dst>
            <dst id="CHINng">77988.4453333334</dst>
            <dst id="DNVRng">90295.1573333333</dst>
            <dst id="HSTNng">35768.544</dst>
            <dst id="IPLSng">77369.0693333333</dst>
            <dst id="KSCYng">34502.68</dst>
            <dst id="LOSAng">116788.962666667</dst>
            <dst id="NYCMng">137393.696</dst>
            <dst id="SNVAng">12809.6933333333</dst>
            <dst id="STTLng">39326.072</dst>
            <dst id="WASHng">257573.298666667</dst>
        </src>
    </IntraTM>
</TrafficMatrixFile>
