<?xml version="1.0" encoding="ISO-8859-1" standalone="yes"?>
<TrafficMatrixFile xsi:noNamespaceSchemaLocation="http://totem.run.montefiore.ulg.ac.be/Schema/TrafficMatrix-v1_2.xsd" xmlns:xsi="http://www.w3.org/2001/XMLSchema-instance">
    <IntraTM ASID="11537">
        <src id="ATLA-M5">
            <dst id="ATLA-M5">0</dst>
            <dst id="ATLAng">80</dst>
            <dst id="CHINng">106.530666666667</dst>
            <dst id="DNVRng">0</dst>
            <dst id="HSTNng">511.290666666667</dst>
            <dst id="IPLSng">78.48</dst>
            <dst id="KSCYng">0</dst>
            <dst id="LOSAng">261.924</dst>
            <dst id="NYCMng">67.744</dst>
            <dst id="SNVAng">33.316</dst>
            <dst id="STTLng">26.6666666666667</dst>
            <dst id="WASHng">694.666666666667</dst>
        </src>
        <src id="ATLAng">
            <dst id="ATLA-M5">184.522666666667</dst>
            <dst id="ATLAng">35339.128</dst>
            <dst id="CHINng">6292.53333333333</dst>
            <dst id="DNVRng">3581.18666666667</dst>
            <dst id="HSTNng">549.24</dst>
            <dst id="IPLSng">9070.24266666667</dst>
            <dst id="KSCYng">734.677333333333</dst>
            <dst id="LOSAng">18165.6653333333</dst>
            <dst id="NYCMng">4021.064</dst>
            <dst id="SNVAng">74.148</dst>
            <dst id="STTLng">5670.31733333333</dst>
            <dst id="WASHng">44049.208</dst>
        </src>
        <src id="CHINng">
            <dst id="ATLA-M5">131.981333333333</dst>
            <dst id="ATLAng">34794.2853333333</dst>
            <dst id="CHINng">75395.4986666667</dst>
            <dst id="DNVRng">14257.4266666667</dst>
            <dst id="HSTNng">4421.18666666667</dst>
            <dst id="IPLSng">16724.536</dst>
            <dst id="KSCYng">7733.11733333333</dst>
            <dst id="LOSAng">56642.352</dst>
            <dst id="NYCMng">5210.52266666667</dst>
            <dst id="SNVAng">229.061333333333</dst>
            <dst id="STTLng">13686.8506666667</dst>
            <dst id="WASHng">12342.288</dst>
        </src>
        <src id="DNVRng">
            <dst id="ATLA-M5">112.96</dst>
            <dst id="ATLAng">2201.81066666667</dst>
            <dst id="CHINng">47106.0746666667</dst>
            <dst id="DNVRng">7475.536</dst>
            <dst id="HSTNng">17453.248</dst>
            <dst id="IPLSng">20089.8906666667</dst>
            <dst id="KSCYng">16737.5893333333</dst>
            <dst id="LOSAng">9320.71466666667</dst>
            <dst id="NYCMng">12525.7653333333</dst>
            <dst id="SNVAng">9327.672</dst>
            <dst id="STTLng">6627.024</dst>
            <dst id="WASHng">31559.7386666667</dst>
        </src>
        <src id="HSTNng">
            <dst id="ATLA-M5">1590.09333333333</dst>
            <dst id="ATLAng">6929.69333333333</dst>
            <dst id="CHINng">10620.072</dst>
            <dst id="DNVRng">1127.41866666667</dst>
            <dst id="HSTNng">2274.94666666667</dst>
            <dst id="IPLSng">325.434666666667</dst>
            <dst id="KSCYng">1601.41333333333</dst>
            <dst id="LOSAng">9968.944</dst>
            <dst id="NYCMng">969.090666666667</dst>
            <dst id="SNVAng">0</dst>
            <dst id="STTLng">2424.368</dst>
            <dst id="WASHng">2979.616</dst>
        </src>
        <src id="IPLSng">
            <dst id="ATLA-M5">26.6666666666667</dst>
            <dst id="ATLAng">8469.224</dst>
            <dst id="CHINng">73649.5733333333</dst>
            <dst id="DNVRng">7025.46933333333</dst>
            <dst id="HSTNng">2441.28266666667</dst>
            <dst id="IPLSng">17591.3946666667</dst>
            <dst id="KSCYng">1982.58933333333</dst>
            <dst id="LOSAng">71189.1226666667</dst>
            <dst id="NYCMng">22018.7733333333</dst>
            <dst id="SNVAng">1272.73066666667</dst>
            <dst id="STTLng">10636.96</dst>
            <dst id="WASHng">14458.096</dst>
        </src>
        <src id="KSCYng">
            <dst id="ATLA-M5">26.6666666666667</dst>
            <dst id="ATLAng">1073.10666666667</dst>
            <dst id="CHINng">12685.4933333333</dst>
            <dst id="DNVRng">14019.1493333333</dst>
            <dst id="HSTNng">3145.13333333333</dst>
            <dst id="IPLSng">7948.288</dst>
            <dst id="KSCYng">4746.696</dst>
            <dst id="LOSAng">10771.216</dst>
            <dst id="NYCMng">5157.99466666667</dst>
            <dst id="SNVAng">29.8453333333333</dst>
            <dst id="STTLng">3208.58933333333</dst>
            <dst id="WASHng">7210.93866666667</dst>
        </src>
        <src id="LOSAng">
            <dst id="ATLA-M5">92.584</dst>
            <dst id="ATLAng">39887.616</dst>
            <dst id="CHINng">112803.288</dst>
            <dst id="DNVRng">19124.1546666667</dst>
            <dst id="HSTNng">5778.37866666667</dst>
            <dst id="IPLSng">33485.9066666667</dst>
            <dst id="KSCYng">2659.38933333333</dst>
            <dst id="LOSAng">21276.7253333333</dst>
            <dst id="NYCMng">68695.7466666667</dst>
            <dst id="SNVAng">4113.48</dst>
            <dst id="STTLng">42245.8266666667</dst>
            <dst id="WASHng">96124.52</dst>
        </src>
        <src id="NYCMng">
            <dst id="ATLA-M5">417.149333333333</dst>
            <dst id="ATLAng">35638.1866666667</dst>
            <dst id="CHINng">50993.4453333333</dst>
            <dst id="DNVRng">24812.2853333333</dst>
            <dst id="HSTNng">12063.2826666667</dst>
            <dst id="IPLSng">29241.4426666667</dst>
            <dst id="KSCYng">7584.98933333334</dst>
            <dst id="LOSAng">94514.824</dst>
            <dst id="NYCMng">88971.8426666667</dst>
            <dst id="SNVAng">4858.504</dst>
            <dst id="STTLng">27744.4853333333</dst>
            <dst id="WASHng">59248.6053333333</dst>
        </src>
        <src id="SNVAng">
            <dst id="ATLA-M5">0</dst>
            <dst id="ATLAng">53.3333333333333</dst>
            <dst id="CHINng">179.690666666667</dst>
            <dst id="DNVRng">7068.94933333333</dst>
            <dst id="HSTNng">119.530666666667</dst>
            <dst id="IPLSng">5883.01066666667</dst>
            <dst id="KSCYng">102.728</dst>
            <dst id="LOSAng">48792.832</dst>
            <dst id="NYCMng">379.733333333333</dst>
            <dst id="SNVAng">7564.152</dst>
            <dst id="STTLng">23687.6773333333</dst>
            <dst id="WASHng">0</dst>
        </src>
        <src id="STTLng">
            <dst id="ATLA-M5">0</dst>
            <dst id="ATLAng">8650.92</dst>
            <dst id="CHINng">18893.9813333333</dst>
            <dst id="DNVRng">1731.77866666667</dst>
            <dst id="HSTNng">2242.17866666667</dst>
            <dst id="IPLSng">11610.464</dst>
            <dst id="KSCYng">2830.66133333333</dst>
            <dst id="LOSAng">76380.2586666667</dst>
            <dst id="NYCMng">12928.1306666667</dst>
            <dst id="SNVAng">2877.30666666667</dst>
            <dst id="STTLng">2089.57333333333</dst>
            <dst id="WASHng">12305.2026666667</dst>
        </src>
        <src id="WASHng">
            <dst id="ATLA-M5">50.0533333333333</dst>
            <dst id="ATLAng">92175.7146666667</dst>
            <dst id="CHINng">89027.072</dst>
            <dst id="DNVRng">61777.5706666667</dst>
            <dst id="HSTNng">17847.3946666667</dst>
            <dst id="IPLSng">43411.6666666667</dst>
            <dst id="KSCYng">17972.4453333333</dst>
            <dst id="LOSAng">128994.362666667</dst>
            <dst id="NYCMng">125760.077333333</dst>
            <dst id="SNVAng">1199.49066666667</dst>
            <dst id="STTLng">52301.368</dst>
            <dst id="WASHng">320393.333333333</dst>
        </src>
    </IntraTM>
</TrafficMatrixFile>
