<?xml version="1.0" encoding="ISO-8859-1" standalone="yes"?>
<TrafficMatrixFile xsi:noNamespaceSchemaLocation="http://totem.run.montefiore.ulg.ac.be/Schema/TrafficMatrix-v1_2.xsd" xmlns:xsi="http://www.w3.org/2001/XMLSchema-instance">
    <IntraTM ASID="11537">
        <src id="ATLA-M5">
            <dst id="ATLA-M5">53.3333333333333</dst>
            <dst id="ATLAng">442.256</dst>
            <dst id="CHINng">211.405333333333</dst>
            <dst id="DNVRng">53.3333333333333</dst>
            <dst id="HSTNng">26.6666666666667</dst>
            <dst id="IPLSng">80</dst>
            <dst id="KSCYng">179.797333333333</dst>
            <dst id="LOSAng">139.317333333333</dst>
            <dst id="NYCMng">26.6666666666667</dst>
            <dst id="SNVAng">13.3333333333333</dst>
            <dst id="STTLng">42.6106666666667</dst>
            <dst id="WASHng">349.037333333333</dst>
        </src>
        <src id="ATLAng">
            <dst id="ATLA-M5">236.853333333333</dst>
            <dst id="ATLAng">29232.0026666667</dst>
            <dst id="CHINng">14734.6586666667</dst>
            <dst id="DNVRng">10556.0693333333</dst>
            <dst id="HSTNng">2418.47466666667</dst>
            <dst id="IPLSng">12589.2346666667</dst>
            <dst id="KSCYng">1379.01333333333</dst>
            <dst id="LOSAng">13584.4546666667</dst>
            <dst id="NYCMng">5897.792</dst>
            <dst id="SNVAng">131.641333333333</dst>
            <dst id="STTLng">7931.66133333333</dst>
            <dst id="WASHng">37400.4133333333</dst>
        </src>
        <src id="CHINng">
            <dst id="ATLA-M5">454.72</dst>
            <dst id="ATLAng">25925.1626666667</dst>
            <dst id="CHINng">61754.7626666667</dst>
            <dst id="DNVRng">12367.8373333333</dst>
            <dst id="HSTNng">6462.56533333333</dst>
            <dst id="IPLSng">43621.856</dst>
            <dst id="KSCYng">5101.03733333333</dst>
            <dst id="LOSAng">64713.3386666667</dst>
            <dst id="NYCMng">7862.37866666667</dst>
            <dst id="SNVAng">879.101333333333</dst>
            <dst id="STTLng">12453.24</dst>
            <dst id="WASHng">37350.976</dst>
        </src>
        <src id="DNVRng">
            <dst id="ATLA-M5">151.84</dst>
            <dst id="ATLAng">5951.89066666666</dst>
            <dst id="CHINng">47887.832</dst>
            <dst id="DNVRng">10349.3706666667</dst>
            <dst id="HSTNng">23999.136</dst>
            <dst id="IPLSng">24297.7733333333</dst>
            <dst id="KSCYng">17595.1813333333</dst>
            <dst id="LOSAng">29805.9333333333</dst>
            <dst id="NYCMng">10165.0853333333</dst>
            <dst id="SNVAng">7474.27466666666</dst>
            <dst id="STTLng">11560.3786666667</dst>
            <dst id="WASHng">32586.4453333333</dst>
        </src>
        <src id="HSTNng">
            <dst id="ATLA-M5">159.530666666667</dst>
            <dst id="ATLAng">16909.816</dst>
            <dst id="CHINng">11081.0053333333</dst>
            <dst id="DNVRng">2930.98933333333</dst>
            <dst id="HSTNng">10224.3546666667</dst>
            <dst id="IPLSng">861.829333333333</dst>
            <dst id="KSCYng">1015.00533333333</dst>
            <dst id="LOSAng">5544.136</dst>
            <dst id="NYCMng">1154.10133333333</dst>
            <dst id="SNVAng">26.6666666666667</dst>
            <dst id="STTLng">2184.25066666667</dst>
            <dst id="WASHng">1708.216</dst>
        </src>
        <src id="IPLSng">
            <dst id="ATLA-M5">100.872</dst>
            <dst id="ATLAng">26572.472</dst>
            <dst id="CHINng">53421.7413333333</dst>
            <dst id="DNVRng">3833.184</dst>
            <dst id="HSTNng">2569.384</dst>
            <dst id="IPLSng">15389.888</dst>
            <dst id="KSCYng">2088.38666666667</dst>
            <dst id="LOSAng">44880.784</dst>
            <dst id="NYCMng">25008.5813333333</dst>
            <dst id="SNVAng">2369.96266666667</dst>
            <dst id="STTLng">13837.5013333333</dst>
            <dst id="WASHng">11312.984</dst>
        </src>
        <src id="KSCYng">
            <dst id="ATLA-M5">880.693333333333</dst>
            <dst id="ATLAng">3083.39733333333</dst>
            <dst id="CHINng">10989.232</dst>
            <dst id="DNVRng">14240.5333333333</dst>
            <dst id="HSTNng">4532.03733333333</dst>
            <dst id="IPLSng">13290.24</dst>
            <dst id="KSCYng">11543.392</dst>
            <dst id="LOSAng">8300.528</dst>
            <dst id="NYCMng">3789.31733333333</dst>
            <dst id="SNVAng">712.749333333333</dst>
            <dst id="STTLng">2254.02933333333</dst>
            <dst id="WASHng">12709.9786666667</dst>
        </src>
        <src id="LOSAng">
            <dst id="ATLA-M5">860.424</dst>
            <dst id="ATLAng">36772.344</dst>
            <dst id="CHINng">98574.9706666667</dst>
            <dst id="DNVRng">11865.9013333333</dst>
            <dst id="HSTNng">7892.77333333333</dst>
            <dst id="IPLSng">29290.8773333333</dst>
            <dst id="KSCYng">2241.69066666667</dst>
            <dst id="LOSAng">21296.5173333333</dst>
            <dst id="NYCMng">72836.096</dst>
            <dst id="SNVAng">9175.11466666667</dst>
            <dst id="STTLng">39157.1493333333</dst>
            <dst id="WASHng">113303.437333333</dst>
        </src>
        <src id="NYCMng">
            <dst id="ATLA-M5">203.04</dst>
            <dst id="ATLAng">34723.928</dst>
            <dst id="CHINng">36090.264</dst>
            <dst id="DNVRng">28876.5386666667</dst>
            <dst id="HSTNng">7956.176</dst>
            <dst id="IPLSng">29015.7786666667</dst>
            <dst id="KSCYng">8785.96</dst>
            <dst id="LOSAng">75256.04</dst>
            <dst id="NYCMng">90301.2826666667</dst>
            <dst id="SNVAng">1854.944</dst>
            <dst id="STTLng">26997.088</dst>
            <dst id="WASHng">64706.5146666667</dst>
        </src>
        <src id="SNVAng">
            <dst id="ATLA-M5">0</dst>
            <dst id="ATLAng">53.3333333333333</dst>
            <dst id="CHINng">84.656</dst>
            <dst id="DNVRng">20157.1786666667</dst>
            <dst id="HSTNng">338.666666666667</dst>
            <dst id="IPLSng">5654.56</dst>
            <dst id="KSCYng">82.5973333333333</dst>
            <dst id="LOSAng">25929.8773333333</dst>
            <dst id="NYCMng">359.202666666667</dst>
            <dst id="SNVAng">9596.59466666667</dst>
            <dst id="STTLng">27712.6933333333</dst>
            <dst id="WASHng">103.242666666667</dst>
        </src>
        <src id="STTLng">
            <dst id="ATLA-M5">0</dst>
            <dst id="ATLAng">9921.42933333333</dst>
            <dst id="CHINng">14769.8426666667</dst>
            <dst id="DNVRng">2845.16533333333</dst>
            <dst id="HSTNng">3479.424</dst>
            <dst id="IPLSng">13615.928</dst>
            <dst id="KSCYng">3006.376</dst>
            <dst id="LOSAng">34399.04</dst>
            <dst id="NYCMng">10399.9093333333</dst>
            <dst id="SNVAng">5044.176</dst>
            <dst id="STTLng">4751.064</dst>
            <dst id="WASHng">8781.98133333333</dst>
        </src>
        <src id="WASHng">
            <dst id="ATLA-M5">98.6453333333333</dst>
            <dst id="ATLAng">110974.864</dst>
            <dst id="CHINng">79586.0986666667</dst>
            <dst id="DNVRng">43805.784</dst>
            <dst id="HSTNng">23807.4053333333</dst>
            <dst id="IPLSng">41716.6506666667</dst>
            <dst id="KSCYng">11397.4373333333</dst>
            <dst id="LOSAng">110241.952</dst>
            <dst id="NYCMng">149275.141333333</dst>
            <dst id="SNVAng">1096.28</dst>
            <dst id="STTLng">31353.5786666667</dst>
            <dst id="WASHng">141465.626666667</dst>
        </src>
    </IntraTM>
</TrafficMatrixFile>
