<?xml version="1.0" encoding="ISO-8859-1" standalone="yes"?>
<TrafficMatrixFile xsi:noNamespaceSchemaLocation="http://totem.run.montefiore.ulg.ac.be/Schema/TrafficMatrix-v1_2.xsd" xmlns:xsi="http://www.w3.org/2001/XMLSchema-instance">
    <IntraTM ASID="11537">
        <src id="ATLA-M5">
            <dst id="ATLA-M5">0</dst>
            <dst id="ATLAng">26.6666666666667</dst>
            <dst id="CHINng">0</dst>
            <dst id="DNVRng">0</dst>
            <dst id="HSTNng">80</dst>
            <dst id="IPLSng">0</dst>
            <dst id="KSCYng">57.0693333333333</dst>
            <dst id="LOSAng">150.16</dst>
            <dst id="NYCMng">1628.56533333333</dst>
            <dst id="SNVAng">0</dst>
            <dst id="STTLng">26.6666666666667</dst>
            <dst id="WASHng">940.314666666667</dst>
        </src>
        <src id="ATLAng">
            <dst id="ATLA-M5">124.162666666667</dst>
            <dst id="ATLAng">23781.5146666667</dst>
            <dst id="CHINng">4130.26666666667</dst>
            <dst id="DNVRng">4000.85866666667</dst>
            <dst id="HSTNng">2072.08266666667</dst>
            <dst id="IPLSng">12756.88</dst>
            <dst id="KSCYng">482.453333333333</dst>
            <dst id="LOSAng">14648.9506666667</dst>
            <dst id="NYCMng">8868.504</dst>
            <dst id="SNVAng">41.452</dst>
            <dst id="STTLng">3646.98133333333</dst>
            <dst id="WASHng">50837.296</dst>
        </src>
        <src id="CHINng">
            <dst id="ATLA-M5">80</dst>
            <dst id="ATLAng">4566.27733333333</dst>
            <dst id="CHINng">146651.610666667</dst>
            <dst id="DNVRng">17694.8826666667</dst>
            <dst id="HSTNng">3294.98933333333</dst>
            <dst id="IPLSng">32293.9306666667</dst>
            <dst id="KSCYng">6024.53066666667</dst>
            <dst id="LOSAng">55383.3973333333</dst>
            <dst id="NYCMng">4904.19466666667</dst>
            <dst id="SNVAng">504.496</dst>
            <dst id="STTLng">7456.432</dst>
            <dst id="WASHng">10846.0666666667</dst>
        </src>
        <src id="DNVRng">
            <dst id="ATLA-M5">167.84</dst>
            <dst id="ATLAng">6615.432</dst>
            <dst id="CHINng">60928.816</dst>
            <dst id="DNVRng">26562.9226666667</dst>
            <dst id="HSTNng">24622.1226666667</dst>
            <dst id="IPLSng">19083.5386666667</dst>
            <dst id="KSCYng">24694.408</dst>
            <dst id="LOSAng">17221.2</dst>
            <dst id="NYCMng">8629.872</dst>
            <dst id="SNVAng">16722.368</dst>
            <dst id="STTLng">19011.0293333333</dst>
            <dst id="WASHng">36668.6373333333</dst>
        </src>
        <src id="HSTNng">
            <dst id="ATLA-M5">1180.01333333333</dst>
            <dst id="ATLAng">1796.63733333333</dst>
            <dst id="CHINng">15038.0773333333</dst>
            <dst id="DNVRng">6489.336</dst>
            <dst id="HSTNng">2945.31733333333</dst>
            <dst id="IPLSng">217.877333333333</dst>
            <dst id="KSCYng">2722.01866666667</dst>
            <dst id="LOSAng">10619.1546666667</dst>
            <dst id="NYCMng">3404.664</dst>
            <dst id="SNVAng">0</dst>
            <dst id="STTLng">2166.968</dst>
            <dst id="WASHng">2035.68533333333</dst>
        </src>
        <src id="IPLSng">
            <dst id="ATLA-M5">53.3333333333333</dst>
            <dst id="ATLAng">11072.1226666667</dst>
            <dst id="CHINng">64410.1946666667</dst>
            <dst id="DNVRng">6012.61066666667</dst>
            <dst id="HSTNng">647.656</dst>
            <dst id="IPLSng">28021.0506666667</dst>
            <dst id="KSCYng">1955.68</dst>
            <dst id="LOSAng">45983.2693333333</dst>
            <dst id="NYCMng">7165.01866666667</dst>
            <dst id="SNVAng">139.290666666667</dst>
            <dst id="STTLng">13992.68</dst>
            <dst id="WASHng">16808.1173333333</dst>
        </src>
        <src id="KSCYng">
            <dst id="ATLA-M5">53.3333333333333</dst>
            <dst id="ATLAng">1372.56</dst>
            <dst id="CHINng">28371.32</dst>
            <dst id="DNVRng">10300.3573333333</dst>
            <dst id="HSTNng">3081.68</dst>
            <dst id="IPLSng">11735.216</dst>
            <dst id="KSCYng">11693.4533333333</dst>
            <dst id="LOSAng">8797.032</dst>
            <dst id="NYCMng">7480.432</dst>
            <dst id="SNVAng">26.6666666666667</dst>
            <dst id="STTLng">3328.89866666667</dst>
            <dst id="WASHng">6076.42666666667</dst>
        </src>
        <src id="LOSAng">
            <dst id="ATLA-M5">40.6773333333333</dst>
            <dst id="ATLAng">7263.632</dst>
            <dst id="CHINng">140786.450666667</dst>
            <dst id="DNVRng">9819.39466666667</dst>
            <dst id="HSTNng">4602.37866666667</dst>
            <dst id="IPLSng">51999.6986666667</dst>
            <dst id="KSCYng">5107.24</dst>
            <dst id="LOSAng">18457.328</dst>
            <dst id="NYCMng">46614.3253333333</dst>
            <dst id="SNVAng">6392.32533333333</dst>
            <dst id="STTLng">42487.2453333333</dst>
            <dst id="WASHng">90401.552</dst>
        </src>
        <src id="NYCMng">
            <dst id="ATLA-M5">749.354666666667</dst>
            <dst id="ATLAng">25120.2106666667</dst>
            <dst id="CHINng">53038.7013333333</dst>
            <dst id="DNVRng">119729.608</dst>
            <dst id="HSTNng">6862.536</dst>
            <dst id="IPLSng">25181.6426666667</dst>
            <dst id="KSCYng">11851.992</dst>
            <dst id="LOSAng">74448.576</dst>
            <dst id="NYCMng">92391.048</dst>
            <dst id="SNVAng">1446.78933333333</dst>
            <dst id="STTLng">25400.5226666667</dst>
            <dst id="WASHng">57204.6506666667</dst>
        </src>
        <src id="SNVAng">
            <dst id="ATLA-M5">0</dst>
            <dst id="ATLAng">26.6666666666667</dst>
            <dst id="CHINng">254.496</dst>
            <dst id="DNVRng">864.733333333333</dst>
            <dst id="HSTNng">73.4506666666667</dst>
            <dst id="IPLSng">313.216</dst>
            <dst id="KSCYng">0</dst>
            <dst id="LOSAng">28373.2773333333</dst>
            <dst id="NYCMng">8675.60533333333</dst>
            <dst id="SNVAng">9109.88266666667</dst>
            <dst id="STTLng">25374.72</dst>
            <dst id="WASHng">80</dst>
        </src>
        <src id="STTLng">
            <dst id="ATLA-M5">45.3306666666667</dst>
            <dst id="ATLAng">7464.95466666667</dst>
            <dst id="CHINng">30705.968</dst>
            <dst id="DNVRng">2218.48533333333</dst>
            <dst id="HSTNng">478.757333333333</dst>
            <dst id="IPLSng">7104.35466666667</dst>
            <dst id="KSCYng">6739.36533333333</dst>
            <dst id="LOSAng">22483.3813333333</dst>
            <dst id="NYCMng">9846.81066666667</dst>
            <dst id="SNVAng">3131.28</dst>
            <dst id="STTLng">5950.14133333333</dst>
            <dst id="WASHng">4215.94666666667</dst>
        </src>
        <src id="WASHng">
            <dst id="ATLA-M5">53.3333333333333</dst>
            <dst id="ATLAng">104251.016</dst>
            <dst id="CHINng">76955.864</dst>
            <dst id="DNVRng">81300.464</dst>
            <dst id="HSTNng">22612.504</dst>
            <dst id="IPLSng">44173.9573333333</dst>
            <dst id="KSCYng">18026.8853333333</dst>
            <dst id="LOSAng">106689.76</dst>
            <dst id="NYCMng">114935.317333333</dst>
            <dst id="SNVAng">5707.55733333333</dst>
            <dst id="STTLng">20044.3733333333</dst>
            <dst id="WASHng">388061.413333333</dst>
        </src>
    </IntraTM>
</TrafficMatrixFile>
