<?xml version="1.0" encoding="ISO-8859-1" standalone="yes"?>
<TrafficMatrixFile xsi:noNamespaceSchemaLocation="http://totem.run.montefiore.ulg.ac.be/Schema/TrafficMatrix-v1_2.xsd" xmlns:xsi="http://www.w3.org/2001/XMLSchema-instance">
    <IntraTM ASID="11537">
        <src id="ATLA-M5">
            <dst id="ATLA-M5">600.493333333333</dst>
            <dst id="ATLAng">752.738666666667</dst>
            <dst id="CHINng">164.8</dst>
            <dst id="DNVRng">103.402666666667</dst>
            <dst id="HSTNng">153.525333333333</dst>
            <dst id="IPLSng">214.792</dst>
            <dst id="KSCYng">37.8666666666667</dst>
            <dst id="LOSAng">337.565333333333</dst>
            <dst id="NYCMng">967.168</dst>
            <dst id="SNVAng">0</dst>
            <dst id="STTLng">26.6666666666667</dst>
            <dst id="WASHng">2172.66666666667</dst>
        </src>
        <src id="ATLAng">
            <dst id="ATLA-M5">419.042666666667</dst>
            <dst id="ATLAng">27286.0693333333</dst>
            <dst id="CHINng">16546.208</dst>
            <dst id="DNVRng">4304.288</dst>
            <dst id="HSTNng">6726.58666666667</dst>
            <dst id="IPLSng">17267.9253333333</dst>
            <dst id="KSCYng">5960.73066666667</dst>
            <dst id="LOSAng">15705.7453333333</dst>
            <dst id="NYCMng">8239.344</dst>
            <dst id="SNVAng">726.484</dst>
            <dst id="STTLng">7938.05066666667</dst>
            <dst id="WASHng">64154.3146666667</dst>
        </src>
        <src id="CHINng">
            <dst id="ATLA-M5">1863.096</dst>
            <dst id="ATLAng">28869.7386666667</dst>
            <dst id="CHINng">128156.298666667</dst>
            <dst id="DNVRng">21113.512</dst>
            <dst id="HSTNng">13869.2426666667</dst>
            <dst id="IPLSng">48383.3626666667</dst>
            <dst id="KSCYng">8393.61333333333</dst>
            <dst id="LOSAng">44186.36</dst>
            <dst id="NYCMng">9439.568</dst>
            <dst id="SNVAng">744.941333333333</dst>
            <dst id="STTLng">7565.59466666667</dst>
            <dst id="WASHng">49391.3466666667</dst>
        </src>
        <src id="DNVRng">
            <dst id="ATLA-M5">99.36</dst>
            <dst id="ATLAng">7927.76266666667</dst>
            <dst id="CHINng">126089.730666667</dst>
            <dst id="DNVRng">21210.5306666667</dst>
            <dst id="HSTNng">18104.0426666667</dst>
            <dst id="IPLSng">29854.04</dst>
            <dst id="KSCYng">22573.504</dst>
            <dst id="LOSAng">8650.89333333333</dst>
            <dst id="NYCMng">15352.1493333333</dst>
            <dst id="SNVAng">27724.0933333333</dst>
            <dst id="STTLng">11965.2906666667</dst>
            <dst id="WASHng">44426.912</dst>
        </src>
        <src id="HSTNng">
            <dst id="ATLA-M5">3563.67466666667</dst>
            <dst id="ATLAng">3470.27733333333</dst>
            <dst id="CHINng">14992.1493333333</dst>
            <dst id="DNVRng">1261.09333333333</dst>
            <dst id="HSTNng">5834.664</dst>
            <dst id="IPLSng">1986.008</dst>
            <dst id="KSCYng">4302.176</dst>
            <dst id="LOSAng">9624.328</dst>
            <dst id="NYCMng">5654.73066666667</dst>
            <dst id="SNVAng">76.9653333333333</dst>
            <dst id="STTLng">1462.87466666667</dst>
            <dst id="WASHng">9519.152</dst>
        </src>
        <src id="IPLSng">
            <dst id="ATLA-M5">704.194666666666</dst>
            <dst id="ATLAng">21882.2666666667</dst>
            <dst id="CHINng">103260.397333333</dst>
            <dst id="DNVRng">6494.36</dst>
            <dst id="HSTNng">14410.128</dst>
            <dst id="IPLSng">41269.2933333333</dst>
            <dst id="KSCYng">15672.4053333333</dst>
            <dst id="LOSAng">28571.8373333333</dst>
            <dst id="NYCMng">23852.6106666667</dst>
            <dst id="SNVAng">4774.45066666667</dst>
            <dst id="STTLng">6768.67466666667</dst>
            <dst id="WASHng">37069.72</dst>
        </src>
        <src id="KSCYng">
            <dst id="ATLA-M5">353.621333333333</dst>
            <dst id="ATLAng">2918.744</dst>
            <dst id="CHINng">31815.9946666667</dst>
            <dst id="DNVRng">19706.2693333333</dst>
            <dst id="HSTNng">3321.21866666667</dst>
            <dst id="IPLSng">13946.6933333333</dst>
            <dst id="KSCYng">9823.52</dst>
            <dst id="LOSAng">6362.36266666667</dst>
            <dst id="NYCMng">2841.74133333333</dst>
            <dst id="SNVAng">253.242666666667</dst>
            <dst id="STTLng">1090.42666666667</dst>
            <dst id="WASHng">18012.24</dst>
        </src>
        <src id="LOSAng">
            <dst id="ATLA-M5">611.069333333333</dst>
            <dst id="ATLAng">18459.336</dst>
            <dst id="CHINng">166117.96</dst>
            <dst id="DNVRng">8681.74666666667</dst>
            <dst id="HSTNng">23140.736</dst>
            <dst id="IPLSng">60084.616</dst>
            <dst id="KSCYng">10499.6106666667</dst>
            <dst id="LOSAng">15273.5573333333</dst>
            <dst id="NYCMng">47442.9226666667</dst>
            <dst id="SNVAng">11838.0053333333</dst>
            <dst id="STTLng">48619.9893333333</dst>
            <dst id="WASHng">106558.138666667</dst>
        </src>
        <src id="NYCMng">
            <dst id="ATLA-M5">1586.90133333333</dst>
            <dst id="ATLAng">44648.768</dst>
            <dst id="CHINng">63913.52</dst>
            <dst id="DNVRng">27972.496</dst>
            <dst id="HSTNng">10731.4533333333</dst>
            <dst id="IPLSng">101892.002666667</dst>
            <dst id="KSCYng">10194.8853333333</dst>
            <dst id="LOSAng">47635.9706666667</dst>
            <dst id="NYCMng">125177.042666667</dst>
            <dst id="SNVAng">4054.24533333333</dst>
            <dst id="STTLng">24198.9786666667</dst>
            <dst id="WASHng">93368.256</dst>
        </src>
        <src id="SNVAng">
            <dst id="ATLA-M5">268.224</dst>
            <dst id="ATLAng">941.661333333333</dst>
            <dst id="CHINng">1431.77866666667</dst>
            <dst id="DNVRng">1856.912</dst>
            <dst id="HSTNng">185.981333333333</dst>
            <dst id="IPLSng">3732.504</dst>
            <dst id="KSCYng">189.418666666667</dst>
            <dst id="LOSAng">25743.7333333333</dst>
            <dst id="NYCMng">1246.648</dst>
            <dst id="SNVAng">10913.2026666667</dst>
            <dst id="STTLng">23563.0186666667</dst>
            <dst id="WASHng">209.781333333333</dst>
        </src>
        <src id="STTLng">
            <dst id="ATLA-M5">229.629333333333</dst>
            <dst id="ATLAng">16437.272</dst>
            <dst id="CHINng">37255.9386666667</dst>
            <dst id="DNVRng">3971.37066666667</dst>
            <dst id="HSTNng">8003.31466666667</dst>
            <dst id="IPLSng">18082.256</dst>
            <dst id="KSCYng">4328.54133333333</dst>
            <dst id="LOSAng">25604.0906666667</dst>
            <dst id="NYCMng">16429.656</dst>
            <dst id="SNVAng">7999.60533333334</dst>
            <dst id="STTLng">6263.496</dst>
            <dst id="WASHng">20755.44</dst>
        </src>
        <src id="WASHng">
            <dst id="ATLA-M5">2037.22133333333</dst>
            <dst id="ATLAng">92005.864</dst>
            <dst id="CHINng">107883.992</dst>
            <dst id="DNVRng">48688.792</dst>
            <dst id="HSTNng">38390.28</dst>
            <dst id="IPLSng">63292.104</dst>
            <dst id="KSCYng">41188.9733333333</dst>
            <dst id="LOSAng">126556.144</dst>
            <dst id="NYCMng">171054.376</dst>
            <dst id="SNVAng">5400.45333333333</dst>
            <dst id="STTLng">34104.5573333333</dst>
            <dst id="WASHng">378040.266666667</dst>
        </src>
    </IntraTM>
</TrafficMatrixFile>
