<?xml version="1.0" encoding="ISO-8859-1" standalone="yes"?>
<TrafficMatrixFile xsi:noNamespaceSchemaLocation="http://totem.run.montefiore.ulg.ac.be/Schema/TrafficMatrix-v1_2.xsd" xmlns:xsi="http://www.w3.org/2001/XMLSchema-instance">
    <IntraTM ASID="11537">
        <src id="ATLA-M5">
            <dst id="ATLA-M5">0</dst>
            <dst id="ATLAng">54.112</dst>
            <dst id="CHINng">85.0826666666667</dst>
            <dst id="DNVRng">26.6666666666667</dst>
            <dst id="HSTNng">91.5173333333334</dst>
            <dst id="IPLSng">76.6613333333333</dst>
            <dst id="KSCYng">0</dst>
            <dst id="LOSAng">44.2506666666667</dst>
            <dst id="NYCMng">26.6666666666667</dst>
            <dst id="SNVAng">17.584</dst>
            <dst id="STTLng">0</dst>
            <dst id="WASHng">1019.43733333333</dst>
        </src>
        <src id="ATLAng">
            <dst id="ATLA-M5">1615.25066666667</dst>
            <dst id="ATLAng">32921.0453333333</dst>
            <dst id="CHINng">5248.296</dst>
            <dst id="DNVRng">3730.624</dst>
            <dst id="HSTNng">452.602666666667</dst>
            <dst id="IPLSng">12258.6426666667</dst>
            <dst id="KSCYng">616.688</dst>
            <dst id="LOSAng">12993.0706666667</dst>
            <dst id="NYCMng">5526.70666666667</dst>
            <dst id="SNVAng">19.9133333333333</dst>
            <dst id="STTLng">4356.744</dst>
            <dst id="WASHng">33806.8693333333</dst>
        </src>
        <src id="CHINng">
            <dst id="ATLA-M5">95.4453333333333</dst>
            <dst id="ATLAng">41880.8373333333</dst>
            <dst id="CHINng">84652.416</dst>
            <dst id="DNVRng">21799.0133333333</dst>
            <dst id="HSTNng">10597.4986666667</dst>
            <dst id="IPLSng">24245.12</dst>
            <dst id="KSCYng">6940.78666666667</dst>
            <dst id="LOSAng">61457.6426666667</dst>
            <dst id="NYCMng">10374.624</dst>
            <dst id="SNVAng">141.877333333333</dst>
            <dst id="STTLng">8373.98666666667</dst>
            <dst id="WASHng">8155.472</dst>
        </src>
        <src id="DNVRng">
            <dst id="ATLA-M5">57.92</dst>
            <dst id="ATLAng">3174.98933333333</dst>
            <dst id="CHINng">51685.0773333333</dst>
            <dst id="DNVRng">16364.6613333333</dst>
            <dst id="HSTNng">21790.8933333333</dst>
            <dst id="IPLSng">30416.656</dst>
            <dst id="KSCYng">20686.8026666667</dst>
            <dst id="LOSAng">16522.168</dst>
            <dst id="NYCMng">10498.1706666667</dst>
            <dst id="SNVAng">9763.816</dst>
            <dst id="STTLng">9803.2</dst>
            <dst id="WASHng">35212.6693333333</dst>
        </src>
        <src id="HSTNng">
            <dst id="ATLA-M5">4398.18133333333</dst>
            <dst id="ATLAng">23466.2693333333</dst>
            <dst id="CHINng">20834.168</dst>
            <dst id="DNVRng">1588.10133333333</dst>
            <dst id="HSTNng">7206.39466666667</dst>
            <dst id="IPLSng">191.717333333333</dst>
            <dst id="KSCYng">2125.936</dst>
            <dst id="LOSAng">9262.54666666667</dst>
            <dst id="NYCMng">2920.39466666667</dst>
            <dst id="SNVAng">0</dst>
            <dst id="STTLng">1951.50133333333</dst>
            <dst id="WASHng">3409.22933333333</dst>
        </src>
        <src id="IPLSng">
            <dst id="ATLA-M5">26.6666666666667</dst>
            <dst id="ATLAng">9176.944</dst>
            <dst id="CHINng">76275.0826666667</dst>
            <dst id="DNVRng">5034.936</dst>
            <dst id="HSTNng">2082.41066666667</dst>
            <dst id="IPLSng">7375.832</dst>
            <dst id="KSCYng">1985.55733333333</dst>
            <dst id="LOSAng">56657.4293333333</dst>
            <dst id="NYCMng">22213.856</dst>
            <dst id="SNVAng">1156.416</dst>
            <dst id="STTLng">11654.8</dst>
            <dst id="WASHng">10694.3626666667</dst>
        </src>
        <src id="KSCYng">
            <dst id="ATLA-M5">26.6666666666667</dst>
            <dst id="ATLAng">1409.62666666667</dst>
            <dst id="CHINng">15700.4906666667</dst>
            <dst id="DNVRng">15308.04</dst>
            <dst id="HSTNng">2896.86933333333</dst>
            <dst id="IPLSng">11143.344</dst>
            <dst id="KSCYng">7984.52266666667</dst>
            <dst id="LOSAng">6393.71733333333</dst>
            <dst id="NYCMng">2822.28533333333</dst>
            <dst id="SNVAng">86.4213333333334</dst>
            <dst id="STTLng">2552.83733333333</dst>
            <dst id="WASHng">6747.352</dst>
        </src>
        <src id="LOSAng">
            <dst id="ATLA-M5">1080.47733333333</dst>
            <dst id="ATLAng">41654.5786666667</dst>
            <dst id="CHINng">108213.032</dst>
            <dst id="DNVRng">7774.73333333333</dst>
            <dst id="HSTNng">3949.53866666667</dst>
            <dst id="IPLSng">22189.032</dst>
            <dst id="KSCYng">2246.41866666667</dst>
            <dst id="LOSAng">20693.5626666667</dst>
            <dst id="NYCMng">66596.688</dst>
            <dst id="SNVAng">10663.4826666667</dst>
            <dst id="STTLng">41233.352</dst>
            <dst id="WASHng">105216.576</dst>
        </src>
        <src id="NYCMng">
            <dst id="ATLA-M5">499.232</dst>
            <dst id="ATLAng">29763.8373333333</dst>
            <dst id="CHINng">50485.488</dst>
            <dst id="DNVRng">22434.6426666667</dst>
            <dst id="HSTNng">7762.38666666667</dst>
            <dst id="IPLSng">26860.64</dst>
            <dst id="KSCYng">4588.86933333333</dst>
            <dst id="LOSAng">94058.7546666667</dst>
            <dst id="NYCMng">113610.072</dst>
            <dst id="SNVAng">2866.23466666667</dst>
            <dst id="STTLng">29468.7973333333</dst>
            <dst id="WASHng">87392.5173333334</dst>
        </src>
        <src id="SNVAng">
            <dst id="ATLA-M5">0</dst>
            <dst id="ATLAng">26.6666666666667</dst>
            <dst id="CHINng">186.541333333333</dst>
            <dst id="DNVRng">404.669333333333</dst>
            <dst id="HSTNng">101.749333333333</dst>
            <dst id="IPLSng">1012.11733333333</dst>
            <dst id="KSCYng">115.802666666667</dst>
            <dst id="LOSAng">42610.048</dst>
            <dst id="NYCMng">497.778666666667</dst>
            <dst id="SNVAng">9818.928</dst>
            <dst id="STTLng">27892.1413333333</dst>
            <dst id="WASHng">26.6666666666667</dst>
        </src>
        <src id="STTLng">
            <dst id="ATLA-M5">0</dst>
            <dst id="ATLAng">8030.36</dst>
            <dst id="CHINng">26469.9973333333</dst>
            <dst id="DNVRng">1301.67466666667</dst>
            <dst id="HSTNng">2177.29333333333</dst>
            <dst id="IPLSng">7773.12266666667</dst>
            <dst id="KSCYng">1504.96266666667</dst>
            <dst id="LOSAng">29502.936</dst>
            <dst id="NYCMng">11497.0773333333</dst>
            <dst id="SNVAng">4654.408</dst>
            <dst id="STTLng">3346.62133333333</dst>
            <dst id="WASHng">14410.2106666667</dst>
        </src>
        <src id="WASHng">
            <dst id="ATLA-M5">53.3333333333333</dst>
            <dst id="ATLAng">84637.496</dst>
            <dst id="CHINng">94359.376</dst>
            <dst id="DNVRng">68052.5173333333</dst>
            <dst id="HSTNng">50670.8053333333</dst>
            <dst id="IPLSng">20402.9253333333</dst>
            <dst id="KSCYng">22286.616</dst>
            <dst id="LOSAng">139851.885333333</dst>
            <dst id="NYCMng">157047.266666667</dst>
            <dst id="SNVAng">3173.32</dst>
            <dst id="STTLng">39366.2053333333</dst>
            <dst id="WASHng">286697.44</dst>
        </src>
    </IntraTM>
</TrafficMatrixFile>
