<?xml version="1.0" encoding="ISO-8859-1" standalone="yes"?>
<TrafficMatrixFile xsi:noNamespaceSchemaLocation="http://totem.run.montefiore.ulg.ac.be/Schema/TrafficMatrix-v1_2.xsd" xmlns:xsi="http://www.w3.org/2001/XMLSchema-instance">
    <IntraTM ASID="11537">
        <src id="ATLA-M5">
            <dst id="ATLA-M5">0</dst>
            <dst id="ATLAng">93.2133333333333</dst>
            <dst id="CHINng">564.773333333333</dst>
            <dst id="DNVRng">0</dst>
            <dst id="HSTNng">53.3333333333333</dst>
            <dst id="IPLSng">173.333333333333</dst>
            <dst id="KSCYng">0</dst>
            <dst id="LOSAng">406.741333333333</dst>
            <dst id="NYCMng">26.6666666666667</dst>
            <dst id="SNVAng">16.224</dst>
            <dst id="STTLng">0</dst>
            <dst id="WASHng">266.653333333333</dst>
        </src>
        <src id="ATLAng">
            <dst id="ATLA-M5">169.781333333333</dst>
            <dst id="ATLAng">32167.5226666667</dst>
            <dst id="CHINng">10711.0213333333</dst>
            <dst id="DNVRng">5011.38933333333</dst>
            <dst id="HSTNng">623.650666666667</dst>
            <dst id="IPLSng">12589.3573333333</dst>
            <dst id="KSCYng">749.056</dst>
            <dst id="LOSAng">24681.628</dst>
            <dst id="NYCMng">4918.79733333333</dst>
            <dst id="SNVAng">116.950666666667</dst>
            <dst id="STTLng">5797.576</dst>
            <dst id="WASHng">27692.6906666667</dst>
        </src>
        <src id="CHINng">
            <dst id="ATLA-M5">503.013333333333</dst>
            <dst id="ATLAng">29874.64</dst>
            <dst id="CHINng">54458.3493333333</dst>
            <dst id="DNVRng">13235.0106666667</dst>
            <dst id="HSTNng">9119.06133333333</dst>
            <dst id="IPLSng">37963.3973333333</dst>
            <dst id="KSCYng">6971.608</dst>
            <dst id="LOSAng">54240.3733333333</dst>
            <dst id="NYCMng">6811.2</dst>
            <dst id="SNVAng">612.394666666667</dst>
            <dst id="STTLng">8001.96</dst>
            <dst id="WASHng">24887.5493333333</dst>
        </src>
        <src id="DNVRng">
            <dst id="ATLA-M5">77.088</dst>
            <dst id="ATLAng">5908.024</dst>
            <dst id="CHINng">44013.4666666667</dst>
            <dst id="DNVRng">9047.888</dst>
            <dst id="HSTNng">23015.8266666667</dst>
            <dst id="IPLSng">23498.2693333333</dst>
            <dst id="KSCYng">16411.064</dst>
            <dst id="LOSAng">48416.0026666667</dst>
            <dst id="NYCMng">11189.7946666667</dst>
            <dst id="SNVAng">10217.896</dst>
            <dst id="STTLng">11758.52</dst>
            <dst id="WASHng">30122.7733333333</dst>
        </src>
        <src id="HSTNng">
            <dst id="ATLA-M5">1041.17333333333</dst>
            <dst id="ATLAng">16460.2693333333</dst>
            <dst id="CHINng">10509.432</dst>
            <dst id="DNVRng">1937.45066666667</dst>
            <dst id="HSTNng">9177.73866666667</dst>
            <dst id="IPLSng">328.594666666667</dst>
            <dst id="KSCYng">871.538666666667</dst>
            <dst id="LOSAng">5012.736</dst>
            <dst id="NYCMng">1872.216</dst>
            <dst id="SNVAng">0</dst>
            <dst id="STTLng">3333.02933333333</dst>
            <dst id="WASHng">2721.176</dst>
        </src>
        <src id="IPLSng">
            <dst id="ATLA-M5">0</dst>
            <dst id="ATLAng">12399.3333333333</dst>
            <dst id="CHINng">65711.3306666667</dst>
            <dst id="DNVRng">3776.33333333333</dst>
            <dst id="HSTNng">3396.072</dst>
            <dst id="IPLSng">11783.2746666667</dst>
            <dst id="KSCYng">2169.824</dst>
            <dst id="LOSAng">50085.9546666667</dst>
            <dst id="NYCMng">30773.072</dst>
            <dst id="SNVAng">233.128</dst>
            <dst id="STTLng">9217.99466666667</dst>
            <dst id="WASHng">13191.104</dst>
        </src>
        <src id="KSCYng">
            <dst id="ATLA-M5">64</dst>
            <dst id="ATLAng">2300.57866666667</dst>
            <dst id="CHINng">17561.352</dst>
            <dst id="DNVRng">13078.7893333333</dst>
            <dst id="HSTNng">3354.33333333333</dst>
            <dst id="IPLSng">10071.736</dst>
            <dst id="KSCYng">8358.968</dst>
            <dst id="LOSAng">7041.16</dst>
            <dst id="NYCMng">1244.29866666667</dst>
            <dst id="SNVAng">725.917333333333</dst>
            <dst id="STTLng">1355.91733333333</dst>
            <dst id="WASHng">10960.1626666667</dst>
        </src>
        <src id="LOSAng">
            <dst id="ATLA-M5">1606.06666666667</dst>
            <dst id="ATLAng">48102.696</dst>
            <dst id="CHINng">86287.7733333333</dst>
            <dst id="DNVRng">9534.93333333333</dst>
            <dst id="HSTNng">5927.96266666667</dst>
            <dst id="IPLSng">32965.5546666667</dst>
            <dst id="KSCYng">3202.336</dst>
            <dst id="LOSAng">22581.992</dst>
            <dst id="NYCMng">66521.88</dst>
            <dst id="SNVAng">14955.5893333333</dst>
            <dst id="STTLng">41168.3946666667</dst>
            <dst id="WASHng">127514.786666667</dst>
        </src>
        <src id="NYCMng">
            <dst id="ATLA-M5">259.458666666667</dst>
            <dst id="ATLAng">38325.3173333333</dst>
            <dst id="CHINng">31689.6586666667</dst>
            <dst id="DNVRng">24992.0506666667</dst>
            <dst id="HSTNng">7255.54133333334</dst>
            <dst id="IPLSng">22036.5413333333</dst>
            <dst id="KSCYng">6379.136</dst>
            <dst id="LOSAng">82205.1973333333</dst>
            <dst id="NYCMng">108756.757333333</dst>
            <dst id="SNVAng">2934.84266666667</dst>
            <dst id="STTLng">23737.064</dst>
            <dst id="WASHng">77484.4746666667</dst>
        </src>
        <src id="SNVAng">
            <dst id="ATLA-M5">0</dst>
            <dst id="ATLAng">26.6666666666667</dst>
            <dst id="CHINng">113.44</dst>
            <dst id="DNVRng">5465.26133333333</dst>
            <dst id="HSTNng">247.04</dst>
            <dst id="IPLSng">5425.49866666667</dst>
            <dst id="KSCYng">114.053333333333</dst>
            <dst id="LOSAng">33351.9066666667</dst>
            <dst id="NYCMng">525.410666666667</dst>
            <dst id="SNVAng">8241.392</dst>
            <dst id="STTLng">23966.5733333333</dst>
            <dst id="WASHng">0</dst>
        </src>
        <src id="STTLng">
            <dst id="ATLA-M5">42.224</dst>
            <dst id="ATLAng">9648.968</dst>
            <dst id="CHINng">16659.248</dst>
            <dst id="DNVRng">2275.55466666667</dst>
            <dst id="HSTNng">1913.53333333333</dst>
            <dst id="IPLSng">6237.872</dst>
            <dst id="KSCYng">1914.45333333333</dst>
            <dst id="LOSAng">38295.1013333333</dst>
            <dst id="NYCMng">10064.1333333333</dst>
            <dst id="SNVAng">4037.75733333333</dst>
            <dst id="STTLng">4397.6</dst>
            <dst id="WASHng">10181.3733333333</dst>
        </src>
        <src id="WASHng">
            <dst id="ATLA-M5">26.6666666666667</dst>
            <dst id="ATLAng">124644.845333333</dst>
            <dst id="CHINng">68687.8906666667</dst>
            <dst id="DNVRng">48096.4</dst>
            <dst id="HSTNng">13382.2053333333</dst>
            <dst id="IPLSng">38704.1226666667</dst>
            <dst id="KSCYng">6487.94133333333</dst>
            <dst id="LOSAng">115488.962666667</dst>
            <dst id="NYCMng">183207.461333333</dst>
            <dst id="SNVAng">530.872</dst>
            <dst id="STTLng">29040.8026666667</dst>
            <dst id="WASHng">133638.072</dst>
        </src>
    </IntraTM>
</TrafficMatrixFile>
