<?xml version="1.0" encoding="ISO-8859-1" standalone="yes"?>
<TrafficMatrixFile xsi:noNamespaceSchemaLocation="http://totem.run.montefiore.ulg.ac.be/Schema/TrafficMatrix-v1_2.xsd" xmlns:xsi="http://www.w3.org/2001/XMLSchema-instance">
    <IntraTM ASID="11537">
        <src id="ATLA-M5">
            <dst id="ATLA-M5">0</dst>
            <dst id="ATLAng">44.1306666666667</dst>
            <dst id="CHINng">39.2266666666667</dst>
            <dst id="DNVRng">26.6666666666667</dst>
            <dst id="HSTNng">96.5973333333333</dst>
            <dst id="IPLSng">26.6666666666667</dst>
            <dst id="KSCYng">0</dst>
            <dst id="LOSAng">148.890666666667</dst>
            <dst id="NYCMng">53.3333333333333</dst>
            <dst id="SNVAng">0</dst>
            <dst id="STTLng">27.6826666666667</dst>
            <dst id="WASHng">308.4</dst>
        </src>
        <src id="ATLAng">
            <dst id="ATLA-M5">115.584</dst>
            <dst id="ATLAng">28706.1466666667</dst>
            <dst id="CHINng">12022.224</dst>
            <dst id="DNVRng">3063.2</dst>
            <dst id="HSTNng">854.954666666667</dst>
            <dst id="IPLSng">12476.6693333333</dst>
            <dst id="KSCYng">730.074666666667</dst>
            <dst id="LOSAng">15527.0853333333</dst>
            <dst id="NYCMng">5794.35733333333</dst>
            <dst id="SNVAng">13.3333333333333</dst>
            <dst id="STTLng">4059.58933333333</dst>
            <dst id="WASHng">42546.6373333333</dst>
        </src>
        <src id="CHINng">
            <dst id="ATLA-M5">53.3333333333333</dst>
            <dst id="ATLAng">6456.29866666667</dst>
            <dst id="CHINng">94266.456</dst>
            <dst id="DNVRng">12418.976</dst>
            <dst id="HSTNng">4768.18666666667</dst>
            <dst id="IPLSng">30517.2373333333</dst>
            <dst id="KSCYng">7194.616</dst>
            <dst id="LOSAng">64191.1146666667</dst>
            <dst id="NYCMng">10819.2026666667</dst>
            <dst id="SNVAng">1915.53866666667</dst>
            <dst id="STTLng">5909.42933333333</dst>
            <dst id="WASHng">10318.9973333333</dst>
        </src>
        <src id="DNVRng">
            <dst id="ATLA-M5">128</dst>
            <dst id="ATLAng">7335.74666666667</dst>
            <dst id="CHINng">51308.6026666667</dst>
            <dst id="DNVRng">26048.6</dst>
            <dst id="HSTNng">26945.1786666667</dst>
            <dst id="IPLSng">22021.0586666667</dst>
            <dst id="KSCYng">21275.1546666667</dst>
            <dst id="LOSAng">10659.672</dst>
            <dst id="NYCMng">9508.024</dst>
            <dst id="SNVAng">13597.8533333333</dst>
            <dst id="STTLng">13434.8506666667</dst>
            <dst id="WASHng">30485.8186666667</dst>
        </src>
        <src id="HSTNng">
            <dst id="ATLA-M5">3444.07466666667</dst>
            <dst id="ATLAng">1522.992</dst>
            <dst id="CHINng">14776.1013333333</dst>
            <dst id="DNVRng">1644.48533333333</dst>
            <dst id="HSTNng">3754.32533333333</dst>
            <dst id="IPLSng">303.088</dst>
            <dst id="KSCYng">3280.20266666667</dst>
            <dst id="LOSAng">9899.48533333333</dst>
            <dst id="NYCMng">1749.90133333333</dst>
            <dst id="SNVAng">53.3333333333333</dst>
            <dst id="STTLng">1003.136</dst>
            <dst id="WASHng">2032.84</dst>
        </src>
        <src id="IPLSng">
            <dst id="ATLA-M5">30.2933333333333</dst>
            <dst id="ATLAng">12231.2293333333</dst>
            <dst id="CHINng">66526.7333333333</dst>
            <dst id="DNVRng">4431.552</dst>
            <dst id="HSTNng">2915.59466666667</dst>
            <dst id="IPLSng">35579.1626666667</dst>
            <dst id="KSCYng">2114.44</dst>
            <dst id="LOSAng">68435.048</dst>
            <dst id="NYCMng">13211.816</dst>
            <dst id="SNVAng">255.56</dst>
            <dst id="STTLng">12654.0666666667</dst>
            <dst id="WASHng">7383.62933333333</dst>
        </src>
        <src id="KSCYng">
            <dst id="ATLA-M5">0</dst>
            <dst id="ATLAng">853</dst>
            <dst id="CHINng">24447.6586666667</dst>
            <dst id="DNVRng">10361.9573333333</dst>
            <dst id="HSTNng">2719.35733333333</dst>
            <dst id="IPLSng">15823.2346666667</dst>
            <dst id="KSCYng">8917.25866666667</dst>
            <dst id="LOSAng">30108.76</dst>
            <dst id="NYCMng">3397.40533333333</dst>
            <dst id="SNVAng">46.056</dst>
            <dst id="STTLng">1120.712</dst>
            <dst id="WASHng">7822.98133333333</dst>
        </src>
        <src id="LOSAng">
            <dst id="ATLA-M5">53.3333333333333</dst>
            <dst id="ATLAng">7838.928</dst>
            <dst id="CHINng">97657.568</dst>
            <dst id="DNVRng">7884.16</dst>
            <dst id="HSTNng">8036.65333333333</dst>
            <dst id="IPLSng">29615.6293333333</dst>
            <dst id="KSCYng">5327.94133333333</dst>
            <dst id="LOSAng">17259.6026666667</dst>
            <dst id="NYCMng">55678.92</dst>
            <dst id="SNVAng">5434.86666666667</dst>
            <dst id="STTLng">43514.792</dst>
            <dst id="WASHng">116964.458666667</dst>
        </src>
        <src id="NYCMng">
            <dst id="ATLA-M5">1171.42133333333</dst>
            <dst id="ATLAng">24575.0933333333</dst>
            <dst id="CHINng">41349.8106666667</dst>
            <dst id="DNVRng">116389.981333333</dst>
            <dst id="HSTNng">8822.768</dst>
            <dst id="IPLSng">28938</dst>
            <dst id="KSCYng">8082.768</dst>
            <dst id="LOSAng">86981.9146666667</dst>
            <dst id="NYCMng">70488.368</dst>
            <dst id="SNVAng">1467.92266666667</dst>
            <dst id="STTLng">27475.3173333333</dst>
            <dst id="WASHng">51521.504</dst>
        </src>
        <src id="SNVAng">
            <dst id="ATLA-M5">0</dst>
            <dst id="ATLAng">35.008</dst>
            <dst id="CHINng">136</dst>
            <dst id="DNVRng">8219.09866666666</dst>
            <dst id="HSTNng">32.064</dst>
            <dst id="IPLSng">218.752</dst>
            <dst id="KSCYng">16486.5706666667</dst>
            <dst id="LOSAng">42553.2293333333</dst>
            <dst id="NYCMng">201.557333333333</dst>
            <dst id="SNVAng">9563.64266666666</dst>
            <dst id="STTLng">24660.8746666667</dst>
            <dst id="WASHng">80</dst>
        </src>
        <src id="STTLng">
            <dst id="ATLA-M5">26.6666666666667</dst>
            <dst id="ATLAng">8434.34933333333</dst>
            <dst id="CHINng">25808.9573333333</dst>
            <dst id="DNVRng">2126.88266666667</dst>
            <dst id="HSTNng">527.184</dst>
            <dst id="IPLSng">4934.32</dst>
            <dst id="KSCYng">2009.31733333333</dst>
            <dst id="LOSAng">24666.5573333333</dst>
            <dst id="NYCMng">9924.72</dst>
            <dst id="SNVAng">3745.69333333333</dst>
            <dst id="STTLng">5718.376</dst>
            <dst id="WASHng">4902.128</dst>
        </src>
        <src id="WASHng">
            <dst id="ATLA-M5">218.197333333333</dst>
            <dst id="ATLAng">99561.104</dst>
            <dst id="CHINng">77460.0133333333</dst>
            <dst id="DNVRng">62197.5226666667</dst>
            <dst id="HSTNng">18257.6986666667</dst>
            <dst id="IPLSng">51871.928</dst>
            <dst id="KSCYng">11299.7253333333</dst>
            <dst id="LOSAng">114561.074666667</dst>
            <dst id="NYCMng">148323.530666667</dst>
            <dst id="SNVAng">4593.55466666667</dst>
            <dst id="STTLng">26514.7306666667</dst>
            <dst id="WASHng">222437.069333333</dst>
        </src>
    </IntraTM>
</TrafficMatrixFile>
