<?xml version="1.0" encoding="ISO-8859-1" standalone="yes"?>
<TrafficMatrixFile xsi:noNamespaceSchemaLocation="http://totem.run.montefiore.ulg.ac.be/Schema/TrafficMatrix-v1_2.xsd" xmlns:xsi="http://www.w3.org/2001/XMLSchema-instance">
    <IntraTM ASID="11537">
        <src id="ATLA-M5">
            <dst id="ATLA-M5">0</dst>
            <dst id="ATLAng">148.250666666667</dst>
            <dst id="CHINng">289.032</dst>
            <dst id="DNVRng">0</dst>
            <dst id="HSTNng">94.7866666666667</dst>
            <dst id="IPLSng">119.669333333333</dst>
            <dst id="KSCYng">97.8533333333333</dst>
            <dst id="LOSAng">229.050666666667</dst>
            <dst id="NYCMng">0</dst>
            <dst id="SNVAng">43.3813333333333</dst>
            <dst id="STTLng">0</dst>
            <dst id="WASHng">1026.04533333333</dst>
        </src>
        <src id="ATLAng">
            <dst id="ATLA-M5">1697.70933333333</dst>
            <dst id="ATLAng">36635.5653333333</dst>
            <dst id="CHINng">7108.04266666667</dst>
            <dst id="DNVRng">3607.77333333333</dst>
            <dst id="HSTNng">495.392</dst>
            <dst id="IPLSng">12033.2266666667</dst>
            <dst id="KSCYng">671.429333333333</dst>
            <dst id="LOSAng">12782.752</dst>
            <dst id="NYCMng">5264.77066666667</dst>
            <dst id="SNVAng">317.706666666667</dst>
            <dst id="STTLng">4513.328</dst>
            <dst id="WASHng">37519.168</dst>
        </src>
        <src id="CHINng">
            <dst id="ATLA-M5">607.898666666667</dst>
            <dst id="ATLAng">38111.3946666667</dst>
            <dst id="CHINng">81353.9306666667</dst>
            <dst id="DNVRng">23154.208</dst>
            <dst id="HSTNng">9702.25866666667</dst>
            <dst id="IPLSng">25684.8293333333</dst>
            <dst id="KSCYng">7570.00266666667</dst>
            <dst id="LOSAng">58207.4666666667</dst>
            <dst id="NYCMng">9185.93333333333</dst>
            <dst id="SNVAng">181.709333333333</dst>
            <dst id="STTLng">6219.93066666667</dst>
            <dst id="WASHng">11207.8933333333</dst>
        </src>
        <src id="DNVRng">
            <dst id="ATLA-M5">26.6666666666667</dst>
            <dst id="ATLAng">3907.336</dst>
            <dst id="CHINng">58414.6693333333</dst>
            <dst id="DNVRng">14265.6</dst>
            <dst id="HSTNng">21600.52</dst>
            <dst id="IPLSng">29175.4213333333</dst>
            <dst id="KSCYng">20567.8266666667</dst>
            <dst id="LOSAng">16637.376</dst>
            <dst id="NYCMng">11250.368</dst>
            <dst id="SNVAng">8676.28</dst>
            <dst id="STTLng">10261.8213333333</dst>
            <dst id="WASHng">35462.6293333333</dst>
        </src>
        <src id="HSTNng">
            <dst id="ATLA-M5">2877.97066666667</dst>
            <dst id="ATLAng">23555.168</dst>
            <dst id="CHINng">24567.512</dst>
            <dst id="DNVRng">1799.69866666667</dst>
            <dst id="HSTNng">6847.95466666667</dst>
            <dst id="IPLSng">537.589333333333</dst>
            <dst id="KSCYng">1246.744</dst>
            <dst id="LOSAng">9531.18933333333</dst>
            <dst id="NYCMng">2260.056</dst>
            <dst id="SNVAng">0</dst>
            <dst id="STTLng">1540.24533333333</dst>
            <dst id="WASHng">3416.09333333333</dst>
        </src>
        <src id="IPLSng">
            <dst id="ATLA-M5">0</dst>
            <dst id="ATLAng">9416.65066666667</dst>
            <dst id="CHINng">71155.4693333333</dst>
            <dst id="DNVRng">3877.85066666667</dst>
            <dst id="HSTNng">1907.35466666667</dst>
            <dst id="IPLSng">15595.6186666667</dst>
            <dst id="KSCYng">2201.17866666667</dst>
            <dst id="LOSAng">62336.5386666667</dst>
            <dst id="NYCMng">20908.072</dst>
            <dst id="SNVAng">1243.27733333333</dst>
            <dst id="STTLng">10593.9386666667</dst>
            <dst id="WASHng">5997.184</dst>
        </src>
        <src id="KSCYng">
            <dst id="ATLA-M5">0</dst>
            <dst id="ATLAng">1072.41066666667</dst>
            <dst id="CHINng">17062.5066666667</dst>
            <dst id="DNVRng">15114.4186666667</dst>
            <dst id="HSTNng">2796.72</dst>
            <dst id="IPLSng">10279.9146666667</dst>
            <dst id="KSCYng">9522.504</dst>
            <dst id="LOSAng">6545.80266666667</dst>
            <dst id="NYCMng">3356.49066666667</dst>
            <dst id="SNVAng">82.2106666666667</dst>
            <dst id="STTLng">2629.776</dst>
            <dst id="WASHng">7082.6</dst>
        </src>
        <src id="LOSAng">
            <dst id="ATLA-M5">942.685333333333</dst>
            <dst id="ATLAng">40418.7306666667</dst>
            <dst id="CHINng">104151.16</dst>
            <dst id="DNVRng">8120.112</dst>
            <dst id="HSTNng">4384.78666666667</dst>
            <dst id="IPLSng">47382.8293333333</dst>
            <dst id="KSCYng">2718.05866666667</dst>
            <dst id="LOSAng">21725.6693333333</dst>
            <dst id="NYCMng">62248.3146666667</dst>
            <dst id="SNVAng">8826.40266666667</dst>
            <dst id="STTLng">37400.048</dst>
            <dst id="WASHng">108379.909333333</dst>
        </src>
        <src id="NYCMng">
            <dst id="ATLA-M5">119.714666666667</dst>
            <dst id="ATLAng">30504.2693333333</dst>
            <dst id="CHINng">49223.3333333333</dst>
            <dst id="DNVRng">23280.9973333333</dst>
            <dst id="HSTNng">7382.62133333333</dst>
            <dst id="IPLSng">24554.7253333333</dst>
            <dst id="KSCYng">4588.352</dst>
            <dst id="LOSAng">92021.3973333333</dst>
            <dst id="NYCMng">116105.090666667</dst>
            <dst id="SNVAng">2871.94133333333</dst>
            <dst id="STTLng">28128.992</dst>
            <dst id="WASHng">85158.584</dst>
        </src>
        <src id="SNVAng">
            <dst id="ATLA-M5">0</dst>
            <dst id="ATLAng">26.6666666666667</dst>
            <dst id="CHINng">190.418666666667</dst>
            <dst id="DNVRng">434.082666666667</dst>
            <dst id="HSTNng">119.754666666667</dst>
            <dst id="IPLSng">940.96</dst>
            <dst id="KSCYng">84.7466666666667</dst>
            <dst id="LOSAng">42865.4186666667</dst>
            <dst id="NYCMng">306.256</dst>
            <dst id="SNVAng">9503.52533333333</dst>
            <dst id="STTLng">25944.5573333333</dst>
            <dst id="WASHng">80</dst>
        </src>
        <src id="STTLng">
            <dst id="ATLA-M5">0</dst>
            <dst id="ATLAng">7850.25866666667</dst>
            <dst id="CHINng">24581.8853333333</dst>
            <dst id="DNVRng">1452.192</dst>
            <dst id="HSTNng">1976.98666666667</dst>
            <dst id="IPLSng">7842.61866666667</dst>
            <dst id="KSCYng">1298</dst>
            <dst id="LOSAng">27178.2746666667</dst>
            <dst id="NYCMng">10817.0373333333</dst>
            <dst id="SNVAng">4798.344</dst>
            <dst id="STTLng">3413.07466666667</dst>
            <dst id="WASHng">8020.776</dst>
        </src>
        <src id="WASHng">
            <dst id="ATLA-M5">30.84</dst>
            <dst id="ATLAng">62311.9733333333</dst>
            <dst id="CHINng">93661.5146666667</dst>
            <dst id="DNVRng">74441.384</dst>
            <dst id="HSTNng">80278.8906666666</dst>
            <dst id="IPLSng">23205.9653333333</dst>
            <dst id="KSCYng">10660.6613333333</dst>
            <dst id="LOSAng">144039.645333333</dst>
            <dst id="NYCMng">145557.426666667</dst>
            <dst id="SNVAng">2898.24533333333</dst>
            <dst id="STTLng">37040.9493333333</dst>
            <dst id="WASHng">237098.530666667</dst>
        </src>
    </IntraTM>
</TrafficMatrixFile>
