<?xml version="1.0" encoding="ISO-8859-1" standalone="yes"?>
<TrafficMatrixFile xsi:noNamespaceSchemaLocation="http://totem.run.montefiore.ulg.ac.be/Schema/TrafficMatrix-v1_2.xsd" xmlns:xsi="http://www.w3.org/2001/XMLSchema-instance">
    <IntraTM ASID="11537">
        <src id="ATLA-M5">
            <dst id="ATLA-M5">0</dst>
            <dst id="ATLAng">26.6666666666667</dst>
            <dst id="CHINng">53.3333333333333</dst>
            <dst id="DNVRng">0</dst>
            <dst id="HSTNng">138.962666666667</dst>
            <dst id="IPLSng">1342.616</dst>
            <dst id="KSCYng">113.192</dst>
            <dst id="LOSAng">55.2746666666667</dst>
            <dst id="NYCMng">0</dst>
            <dst id="SNVAng">0</dst>
            <dst id="STTLng">26.6666666666667</dst>
            <dst id="WASHng">671.282666666667</dst>
        </src>
        <src id="ATLAng">
            <dst id="ATLA-M5">204.013333333333</dst>
            <dst id="ATLAng">29672.2266666667</dst>
            <dst id="CHINng">7919.95466666667</dst>
            <dst id="DNVRng">6199.16266666667</dst>
            <dst id="HSTNng">6401.44266666667</dst>
            <dst id="IPLSng">10673.9466666667</dst>
            <dst id="KSCYng">1807.57866666667</dst>
            <dst id="LOSAng">14040.2826666667</dst>
            <dst id="NYCMng">5965.62133333333</dst>
            <dst id="SNVAng">13.3333333333333</dst>
            <dst id="STTLng">4002.32533333333</dst>
            <dst id="WASHng">28066.6426666667</dst>
        </src>
        <src id="CHINng">
            <dst id="ATLA-M5">26.6666666666667</dst>
            <dst id="ATLAng">18367.104</dst>
            <dst id="CHINng">155641.722666667</dst>
            <dst id="DNVRng">11251.28</dst>
            <dst id="HSTNng">4823.45866666667</dst>
            <dst id="IPLSng">98991.168</dst>
            <dst id="KSCYng">23705.68</dst>
            <dst id="LOSAng">69633.344</dst>
            <dst id="NYCMng">10417.1253333333</dst>
            <dst id="SNVAng">669.256</dst>
            <dst id="STTLng">7591.08</dst>
            <dst id="WASHng">26941.568</dst>
        </src>
        <src id="DNVRng">
            <dst id="ATLA-M5">0</dst>
            <dst id="ATLAng">11745.336</dst>
            <dst id="CHINng">43627.3333333333</dst>
            <dst id="DNVRng">33264.984</dst>
            <dst id="HSTNng">30419.8133333333</dst>
            <dst id="IPLSng">22178.6</dst>
            <dst id="KSCYng">32827.384</dst>
            <dst id="LOSAng">8422.10666666667</dst>
            <dst id="NYCMng">13231.7786666667</dst>
            <dst id="SNVAng">17719.288</dst>
            <dst id="STTLng">20905.7973333333</dst>
            <dst id="WASHng">35884.184</dst>
        </src>
        <src id="HSTNng">
            <dst id="ATLA-M5">1844.352</dst>
            <dst id="ATLAng">3804.57866666667</dst>
            <dst id="CHINng">10630.088</dst>
            <dst id="DNVRng">1971.752</dst>
            <dst id="HSTNng">7433.67466666667</dst>
            <dst id="IPLSng">551.557333333333</dst>
            <dst id="KSCYng">3080.24533333333</dst>
            <dst id="LOSAng">10034.8666666667</dst>
            <dst id="NYCMng">2022.584</dst>
            <dst id="SNVAng">0</dst>
            <dst id="STTLng">850.888</dst>
            <dst id="WASHng">8657.94666666667</dst>
        </src>
        <src id="IPLSng">
            <dst id="ATLA-M5">80</dst>
            <dst id="ATLAng">13988.9386666667</dst>
            <dst id="CHINng">62405.6106666667</dst>
            <dst id="DNVRng">7019.70666666667</dst>
            <dst id="HSTNng">1713.70133333333</dst>
            <dst id="IPLSng">27329.5786666667</dst>
            <dst id="KSCYng">2680.30933333333</dst>
            <dst id="LOSAng">60248.912</dst>
            <dst id="NYCMng">29230.4826666667</dst>
            <dst id="SNVAng">361.888</dst>
            <dst id="STTLng">12921.7226666667</dst>
            <dst id="WASHng">12388.144</dst>
        </src>
        <src id="KSCYng">
            <dst id="ATLA-M5">132.976</dst>
            <dst id="ATLAng">2581.26933333333</dst>
            <dst id="CHINng">29232.6746666667</dst>
            <dst id="DNVRng">13455.6106666667</dst>
            <dst id="HSTNng">2779.89333333333</dst>
            <dst id="IPLSng">8892.88266666667</dst>
            <dst id="KSCYng">5616.28266666667</dst>
            <dst id="LOSAng">7650.83466666667</dst>
            <dst id="NYCMng">2520.584</dst>
            <dst id="SNVAng">31.8826666666667</dst>
            <dst id="STTLng">4664.02133333333</dst>
            <dst id="WASHng">14633.184</dst>
        </src>
        <src id="LOSAng">
            <dst id="ATLA-M5">39.3706666666667</dst>
            <dst id="ATLAng">17100.176</dst>
            <dst id="CHINng">94126.4666666666</dst>
            <dst id="DNVRng">10483.8133333333</dst>
            <dst id="HSTNng">17661.4346666667</dst>
            <dst id="IPLSng">41061.7386666667</dst>
            <dst id="KSCYng">5123.608</dst>
            <dst id="LOSAng">21694.8026666667</dst>
            <dst id="NYCMng">91237.616</dst>
            <dst id="SNVAng">5093.26133333333</dst>
            <dst id="STTLng">50511.4373333333</dst>
            <dst id="WASHng">97016.7013333333</dst>
        </src>
        <src id="NYCMng">
            <dst id="ATLA-M5">1188.66666666667</dst>
            <dst id="ATLAng">29638.8666666667</dst>
            <dst id="CHINng">58381.2266666667</dst>
            <dst id="DNVRng">118236.234666667</dst>
            <dst id="HSTNng">10626.0453333333</dst>
            <dst id="IPLSng">28644.592</dst>
            <dst id="KSCYng">11096.9466666667</dst>
            <dst id="LOSAng">98856.248</dst>
            <dst id="NYCMng">64071.3013333333</dst>
            <dst id="SNVAng">783.770666666667</dst>
            <dst id="STTLng">33696.7546666667</dst>
            <dst id="WASHng">54922.4746666667</dst>
        </src>
        <src id="SNVAng">
            <dst id="ATLA-M5">0</dst>
            <dst id="ATLAng">0</dst>
            <dst id="CHINng">2065.75733333333</dst>
            <dst id="DNVRng">1248.10133333333</dst>
            <dst id="HSTNng">33.7493333333333</dst>
            <dst id="IPLSng">270.677333333333</dst>
            <dst id="KSCYng">81.664</dst>
            <dst id="LOSAng">37534.9893333333</dst>
            <dst id="NYCMng">174.442666666667</dst>
            <dst id="SNVAng">9909.44266666667</dst>
            <dst id="STTLng">28804.7866666667</dst>
            <dst id="WASHng">53.3333333333333</dst>
        </src>
        <src id="STTLng">
            <dst id="ATLA-M5">26.6666666666667</dst>
            <dst id="ATLAng">11214.664</dst>
            <dst id="CHINng">19352.1306666667</dst>
            <dst id="DNVRng">2983.45333333333</dst>
            <dst id="HSTNng">2169.64</dst>
            <dst id="IPLSng">7459.416</dst>
            <dst id="KSCYng">2702.13066666667</dst>
            <dst id="LOSAng">27327.6613333333</dst>
            <dst id="NYCMng">8609.72266666667</dst>
            <dst id="SNVAng">3956.97066666667</dst>
            <dst id="STTLng">8013.224</dst>
            <dst id="WASHng">4642.91733333333</dst>
        </src>
        <src id="WASHng">
            <dst id="ATLA-M5">328.714666666667</dst>
            <dst id="ATLAng">114846.221333333</dst>
            <dst id="CHINng">96276.904</dst>
            <dst id="DNVRng">50515.2586666667</dst>
            <dst id="HSTNng">17672.1226666667</dst>
            <dst id="IPLSng">40361.2053333333</dst>
            <dst id="KSCYng">7362.408</dst>
            <dst id="LOSAng">124888.146666667</dst>
            <dst id="NYCMng">116955.085333333</dst>
            <dst id="SNVAng">4518.17066666667</dst>
            <dst id="STTLng">44687.5786666667</dst>
            <dst id="WASHng">172092.194666667</dst>
        </src>
    </IntraTM>
</TrafficMatrixFile>
