<?xml version="1.0" encoding="ISO-8859-1" standalone="yes"?>
<TrafficMatrixFile xsi:noNamespaceSchemaLocation="http://totem.run.montefiore.ulg.ac.be/Schema/TrafficMatrix-v1_2.xsd" xmlns:xsi="http://www.w3.org/2001/XMLSchema-instance">
    <IntraTM ASID="11537">
        <src id="ATLA-M5">
            <dst id="ATLA-M5">26.6666666666667</dst>
            <dst id="ATLAng">235.810666666667</dst>
            <dst id="CHINng">664.522666666667</dst>
            <dst id="DNVRng">26.6666666666667</dst>
            <dst id="HSTNng">92.5226666666667</dst>
            <dst id="IPLSng">614.752</dst>
            <dst id="KSCYng">2921.30666666667</dst>
            <dst id="LOSAng">204.16</dst>
            <dst id="NYCMng">91.8853333333333</dst>
            <dst id="SNVAng">0</dst>
            <dst id="STTLng">26.6666666666667</dst>
            <dst id="WASHng">1252.35466666667</dst>
        </src>
        <src id="ATLAng">
            <dst id="ATLA-M5">189.701333333333</dst>
            <dst id="ATLAng">40006.9626666667</dst>
            <dst id="CHINng">9229.74666666667</dst>
            <dst id="DNVRng">8287.43466666667</dst>
            <dst id="HSTNng">916.645333333333</dst>
            <dst id="IPLSng">11503.3866666667</dst>
            <dst id="KSCYng">1901.21066666667</dst>
            <dst id="LOSAng">16551.0213333333</dst>
            <dst id="NYCMng">7904.728</dst>
            <dst id="SNVAng">51.4693333333333</dst>
            <dst id="STTLng">7186.11466666667</dst>
            <dst id="WASHng">38954.9546666667</dst>
        </src>
        <src id="CHINng">
            <dst id="ATLA-M5">26.6666666666667</dst>
            <dst id="ATLAng">17945.3786666667</dst>
            <dst id="CHINng">81862.6693333333</dst>
            <dst id="DNVRng">16311.256</dst>
            <dst id="HSTNng">11382.408</dst>
            <dst id="IPLSng">45224.0453333333</dst>
            <dst id="KSCYng">6567.128</dst>
            <dst id="LOSAng">572297.413333333</dst>
            <dst id="NYCMng">10637.224</dst>
            <dst id="SNVAng">2103.16266666667</dst>
            <dst id="STTLng">12730.5973333333</dst>
            <dst id="WASHng">21961.9413333333</dst>
        </src>
        <src id="DNVRng">
            <dst id="ATLA-M5">68.96</dst>
            <dst id="ATLAng">11147.008</dst>
            <dst id="CHINng">48933.104</dst>
            <dst id="DNVRng">8183.46666666667</dst>
            <dst id="HSTNng">22030.7786666667</dst>
            <dst id="IPLSng">26480.6186666667</dst>
            <dst id="KSCYng">11879.5413333333</dst>
            <dst id="LOSAng">13229.0773333333</dst>
            <dst id="NYCMng">8779.21333333333</dst>
            <dst id="SNVAng">8300.97066666667</dst>
            <dst id="STTLng">9632.07466666667</dst>
            <dst id="WASHng">33717.0586666666</dst>
        </src>
        <src id="HSTNng">
            <dst id="ATLA-M5">3249.13066666667</dst>
            <dst id="ATLAng">2915.38666666667</dst>
            <dst id="CHINng">7772.07733333333</dst>
            <dst id="DNVRng">10911.4906666667</dst>
            <dst id="HSTNng">7531.52533333333</dst>
            <dst id="IPLSng">1868.65333333333</dst>
            <dst id="KSCYng">1656.36</dst>
            <dst id="LOSAng">18093.8906666667</dst>
            <dst id="NYCMng">2319.03466666667</dst>
            <dst id="SNVAng">0</dst>
            <dst id="STTLng">3589.24</dst>
            <dst id="WASHng">5407.41333333333</dst>
        </src>
        <src id="IPLSng">
            <dst id="ATLA-M5">338.122666666667</dst>
            <dst id="ATLAng">17956.336</dst>
            <dst id="CHINng">50009.9306666667</dst>
            <dst id="DNVRng">17736.5866666667</dst>
            <dst id="HSTNng">3282.19466666667</dst>
            <dst id="IPLSng">13324.9333333333</dst>
            <dst id="KSCYng">8970.68</dst>
            <dst id="LOSAng">57243.208</dst>
            <dst id="NYCMng">38415.6773333333</dst>
            <dst id="SNVAng">5705.47466666667</dst>
            <dst id="STTLng">10615.0026666667</dst>
            <dst id="WASHng">33114.952</dst>
        </src>
        <src id="KSCYng">
            <dst id="ATLA-M5">104.690666666667</dst>
            <dst id="ATLAng">2758.192</dst>
            <dst id="CHINng">24714.2533333333</dst>
            <dst id="DNVRng">8422.88266666667</dst>
            <dst id="HSTNng">4689.38133333333</dst>
            <dst id="IPLSng">11270.6266666667</dst>
            <dst id="KSCYng">4346.448</dst>
            <dst id="LOSAng">8978.22133333333</dst>
            <dst id="NYCMng">3587.06133333333</dst>
            <dst id="SNVAng">54.792</dst>
            <dst id="STTLng">2533.584</dst>
            <dst id="WASHng">8408.68533333333</dst>
        </src>
        <src id="LOSAng">
            <dst id="ATLA-M5">400.061333333333</dst>
            <dst id="ATLAng">21005.7653333333</dst>
            <dst id="CHINng">101268.794666667</dst>
            <dst id="DNVRng">19012.704</dst>
            <dst id="HSTNng">12011.728</dst>
            <dst id="IPLSng">57848.9733333333</dst>
            <dst id="KSCYng">5029.65866666667</dst>
            <dst id="LOSAng">14542.04</dst>
            <dst id="NYCMng">75320.0586666667</dst>
            <dst id="SNVAng">12309.4133333333</dst>
            <dst id="STTLng">45047.552</dst>
            <dst id="WASHng">105660.608</dst>
        </src>
        <src id="NYCMng">
            <dst id="ATLA-M5">279.584</dst>
            <dst id="ATLAng">53725.4426666667</dst>
            <dst id="CHINng">38673.5146666667</dst>
            <dst id="DNVRng">131591.930666667</dst>
            <dst id="HSTNng">10443.2</dst>
            <dst id="IPLSng">47629.4133333333</dst>
            <dst id="KSCYng">17491.296</dst>
            <dst id="LOSAng">95747.5093333333</dst>
            <dst id="NYCMng">74444.9466666666</dst>
            <dst id="SNVAng">3570.616</dst>
            <dst id="STTLng">35297.68</dst>
            <dst id="WASHng">77685.8906666666</dst>
        </src>
        <src id="SNVAng">
            <dst id="ATLA-M5">0</dst>
            <dst id="ATLAng">224.125333333333</dst>
            <dst id="CHINng">608.384</dst>
            <dst id="DNVRng">6811.728</dst>
            <dst id="HSTNng">1182.016</dst>
            <dst id="IPLSng">1130.05066666667</dst>
            <dst id="KSCYng">19673.5546666667</dst>
            <dst id="LOSAng">47893.3226666667</dst>
            <dst id="NYCMng">980.925333333333</dst>
            <dst id="SNVAng">7420.49333333333</dst>
            <dst id="STTLng">22473.0453333333</dst>
            <dst id="WASHng">152.032</dst>
        </src>
        <src id="STTLng">
            <dst id="ATLA-M5">200.056</dst>
            <dst id="ATLAng">11845.568</dst>
            <dst id="CHINng">20936.0933333333</dst>
            <dst id="DNVRng">3132.02933333333</dst>
            <dst id="HSTNng">5369.70133333333</dst>
            <dst id="IPLSng">8706.22933333333</dst>
            <dst id="KSCYng">4895.41066666667</dst>
            <dst id="LOSAng">33617.4133333333</dst>
            <dst id="NYCMng">9813.392</dst>
            <dst id="SNVAng">3491.104</dst>
            <dst id="STTLng">3219.624</dst>
            <dst id="WASHng">10949.2533333333</dst>
        </src>
        <src id="WASHng">
            <dst id="ATLA-M5">972.549333333333</dst>
            <dst id="ATLAng">88580.7146666667</dst>
            <dst id="CHINng">54601.7813333333</dst>
            <dst id="DNVRng">49292.824</dst>
            <dst id="HSTNng">26645.056</dst>
            <dst id="IPLSng">48666.6213333333</dst>
            <dst id="KSCYng">23326.0426666667</dst>
            <dst id="LOSAng">118469.242666667</dst>
            <dst id="NYCMng">160895.978666667</dst>
            <dst id="SNVAng">8591.85866666667</dst>
            <dst id="STTLng">38870.7226666667</dst>
            <dst id="WASHng">274140.426666667</dst>
        </src>
    </IntraTM>
</TrafficMatrixFile>
