<?xml version="1.0" encoding="ISO-8859-1" standalone="yes"?>
<TrafficMatrixFile xsi:noNamespaceSchemaLocation="http://totem.run.montefiore.ulg.ac.be/Schema/TrafficMatrix-v1_2.xsd" xmlns:xsi="http://www.w3.org/2001/XMLSchema-instance">
    <IntraTM ASID="11537">
        <src id="ATLA-M5">
            <dst id="ATLA-M5">0</dst>
            <dst id="ATLAng">79.2853333333333</dst>
            <dst id="CHINng">123.336</dst>
            <dst id="DNVRng">26.6666666666667</dst>
            <dst id="HSTNng">76.6853333333333</dst>
            <dst id="IPLSng">80</dst>
            <dst id="KSCYng">26.6666666666667</dst>
            <dst id="LOSAng">201.837333333333</dst>
            <dst id="NYCMng">294.48</dst>
            <dst id="SNVAng">0</dst>
            <dst id="STTLng">53.3333333333333</dst>
            <dst id="WASHng">2104.43466666667</dst>
        </src>
        <src id="ATLAng">
            <dst id="ATLA-M5">1647.592</dst>
            <dst id="ATLAng">55818.7093333333</dst>
            <dst id="CHINng">11339.5466666667</dst>
            <dst id="DNVRng">6806.168</dst>
            <dst id="HSTNng">1006.28266666667</dst>
            <dst id="IPLSng">11730.0266666667</dst>
            <dst id="KSCYng">654.858666666667</dst>
            <dst id="LOSAng">13451.5253333333</dst>
            <dst id="NYCMng">4628.37333333333</dst>
            <dst id="SNVAng">426.616</dst>
            <dst id="STTLng">4538.85066666667</dst>
            <dst id="WASHng">66600.072</dst>
        </src>
        <src id="CHINng">
            <dst id="ATLA-M5">655.432</dst>
            <dst id="ATLAng">37399.0933333333</dst>
            <dst id="CHINng">96445.312</dst>
            <dst id="DNVRng">14875.3013333333</dst>
            <dst id="HSTNng">6750.86133333333</dst>
            <dst id="IPLSng">18025.088</dst>
            <dst id="KSCYng">11821.8186666667</dst>
            <dst id="LOSAng">54380.1573333334</dst>
            <dst id="NYCMng">4493.67466666667</dst>
            <dst id="SNVAng">236.656</dst>
            <dst id="STTLng">6089.65866666667</dst>
            <dst id="WASHng">11180.5946666667</dst>
        </src>
        <src id="DNVRng">
            <dst id="ATLA-M5">557.509333333333</dst>
            <dst id="ATLAng">7928.112</dst>
            <dst id="CHINng">59055.84</dst>
            <dst id="DNVRng">11297.1733333333</dst>
            <dst id="HSTNng">21274.7386666667</dst>
            <dst id="IPLSng">29783.4666666667</dst>
            <dst id="KSCYng">26163.7546666667</dst>
            <dst id="LOSAng">14173.7733333333</dst>
            <dst id="NYCMng">10089.52</dst>
            <dst id="SNVAng">10381.672</dst>
            <dst id="STTLng">10276.928</dst>
            <dst id="WASHng">41226.816</dst>
        </src>
        <src id="HSTNng">
            <dst id="ATLA-M5">2901.184</dst>
            <dst id="ATLAng">14562.0053333333</dst>
            <dst id="CHINng">15697.9466666667</dst>
            <dst id="DNVRng">1638.784</dst>
            <dst id="HSTNng">2974.496</dst>
            <dst id="IPLSng">1572.688</dst>
            <dst id="KSCYng">1818.168</dst>
            <dst id="LOSAng">8452.41066666667</dst>
            <dst id="NYCMng">2080.13866666667</dst>
            <dst id="SNVAng">0</dst>
            <dst id="STTLng">745.882666666667</dst>
            <dst id="WASHng">2663.57866666667</dst>
        </src>
        <src id="IPLSng">
            <dst id="ATLA-M5">26.6666666666667</dst>
            <dst id="ATLAng">9065.23733333333</dst>
            <dst id="CHINng">71743.4026666667</dst>
            <dst id="DNVRng">2218.928</dst>
            <dst id="HSTNng">1147.624</dst>
            <dst id="IPLSng">15508.4746666667</dst>
            <dst id="KSCYng">2417.96</dst>
            <dst id="LOSAng">48353.4453333333</dst>
            <dst id="NYCMng">22746.48</dst>
            <dst id="SNVAng">179.381333333333</dst>
            <dst id="STTLng">10485.6213333333</dst>
            <dst id="WASHng">6116.48</dst>
        </src>
        <src id="KSCYng">
            <dst id="ATLA-M5">26.6666666666667</dst>
            <dst id="ATLAng">1242.65333333333</dst>
            <dst id="CHINng">17583.568</dst>
            <dst id="DNVRng">14584.9573333333</dst>
            <dst id="HSTNng">4744.864</dst>
            <dst id="IPLSng">8270.34133333334</dst>
            <dst id="KSCYng">7314.52533333333</dst>
            <dst id="LOSAng">4831.57333333333</dst>
            <dst id="NYCMng">4218.048</dst>
            <dst id="SNVAng">1067.45333333333</dst>
            <dst id="STTLng">3003.96</dst>
            <dst id="WASHng">4275.11733333333</dst>
        </src>
        <src id="LOSAng">
            <dst id="ATLA-M5">55.08</dst>
            <dst id="ATLAng">41318.0613333333</dst>
            <dst id="CHINng">126576.322666667</dst>
            <dst id="DNVRng">12911.8426666667</dst>
            <dst id="HSTNng">3366.36</dst>
            <dst id="IPLSng">24523.3146666667</dst>
            <dst id="KSCYng">1798.81066666667</dst>
            <dst id="LOSAng">23255.264</dst>
            <dst id="NYCMng">63031.7786666667</dst>
            <dst id="SNVAng">4074.74666666667</dst>
            <dst id="STTLng">35220.832</dst>
            <dst id="WASHng">90834.4453333334</dst>
        </src>
        <src id="NYCMng">
            <dst id="ATLA-M5">466.08</dst>
            <dst id="ATLAng">32567.456</dst>
            <dst id="CHINng">40551.0746666667</dst>
            <dst id="DNVRng">26174.9573333333</dst>
            <dst id="HSTNng">3000.73866666667</dst>
            <dst id="IPLSng">16880.1546666667</dst>
            <dst id="KSCYng">5488.80533333333</dst>
            <dst id="LOSAng">98026.0053333333</dst>
            <dst id="NYCMng">111862.269333333</dst>
            <dst id="SNVAng">1321.936</dst>
            <dst id="STTLng">27664.2933333333</dst>
            <dst id="WASHng">35653.5146666667</dst>
        </src>
        <src id="SNVAng">
            <dst id="ATLA-M5">0</dst>
            <dst id="ATLAng">112.733333333333</dst>
            <dst id="CHINng">588.458666666667</dst>
            <dst id="DNVRng">5953.83733333333</dst>
            <dst id="HSTNng">88.9066666666667</dst>
            <dst id="IPLSng">1007.85066666667</dst>
            <dst id="KSCYng">92.8053333333333</dst>
            <dst id="LOSAng">42536.0266666667</dst>
            <dst id="NYCMng">461.765333333333</dst>
            <dst id="SNVAng">9282.82666666667</dst>
            <dst id="STTLng">23724.92</dst>
            <dst id="WASHng">80</dst>
        </src>
        <src id="STTLng">
            <dst id="ATLA-M5">26.6666666666667</dst>
            <dst id="ATLAng">8050.256</dst>
            <dst id="CHINng">26312.6746666667</dst>
            <dst id="DNVRng">856.429333333333</dst>
            <dst id="HSTNng">982.786666666667</dst>
            <dst id="IPLSng">4276.048</dst>
            <dst id="KSCYng">1433.18933333333</dst>
            <dst id="LOSAng">29552.776</dst>
            <dst id="NYCMng">7916.14133333333</dst>
            <dst id="SNVAng">3101.224</dst>
            <dst id="STTLng">2394.336</dst>
            <dst id="WASHng">4019.936</dst>
        </src>
        <src id="WASHng">
            <dst id="ATLA-M5">62.0266666666667</dst>
            <dst id="ATLAng">93709.9866666666</dst>
            <dst id="CHINng">79975.6746666667</dst>
            <dst id="DNVRng">51547.0426666667</dst>
            <dst id="HSTNng">19069.1733333333</dst>
            <dst id="IPLSng">31700.3386666667</dst>
            <dst id="KSCYng">15384.9573333333</dst>
            <dst id="LOSAng">115880.296</dst>
            <dst id="NYCMng">172585.288</dst>
            <dst id="SNVAng">2282.87466666667</dst>
            <dst id="STTLng">27114.68</dst>
            <dst id="WASHng">288375.413333333</dst>
        </src>
    </IntraTM>
</TrafficMatrixFile>
