<?xml version="1.0" encoding="ISO-8859-1" standalone="yes"?>
<TrafficMatrixFile xsi:noNamespaceSchemaLocation="http://totem.run.montefiore.ulg.ac.be/Schema/TrafficMatrix-v1_2.xsd" xmlns:xsi="http://www.w3.org/2001/XMLSchema-instance">
    <IntraTM ASID="11537">
        <src id="ATLA-M5">
            <dst id="ATLA-M5">343.506666666667</dst>
            <dst id="ATLAng">713.605333333333</dst>
            <dst id="CHINng">837.714666666667</dst>
            <dst id="DNVRng">128.994666666667</dst>
            <dst id="HSTNng">243.096</dst>
            <dst id="IPLSng">1379.02133333333</dst>
            <dst id="KSCYng">308.408</dst>
            <dst id="LOSAng">272.856</dst>
            <dst id="NYCMng">790.058666666667</dst>
            <dst id="SNVAng">0</dst>
            <dst id="STTLng">156.888</dst>
            <dst id="WASHng">1201.53866666667</dst>
        </src>
        <src id="ATLAng">
            <dst id="ATLA-M5">193.008</dst>
            <dst id="ATLAng">42388.9733333333</dst>
            <dst id="CHINng">17682.2053333333</dst>
            <dst id="DNVRng">6776.37066666667</dst>
            <dst id="HSTNng">4453.65333333333</dst>
            <dst id="IPLSng">17036.1226666667</dst>
            <dst id="KSCYng">8544.616</dst>
            <dst id="LOSAng">20329.2466666667</dst>
            <dst id="NYCMng">9604.472</dst>
            <dst id="SNVAng">1836.484</dst>
            <dst id="STTLng">6141.74933333333</dst>
            <dst id="WASHng">62201.7706666667</dst>
        </src>
        <src id="CHINng">
            <dst id="ATLA-M5">2924.21066666667</dst>
            <dst id="ATLAng">29623.8746666667</dst>
            <dst id="CHINng">121258.378666667</dst>
            <dst id="DNVRng">13397.4986666667</dst>
            <dst id="HSTNng">16738.528</dst>
            <dst id="IPLSng">51811.248</dst>
            <dst id="KSCYng">12080.488</dst>
            <dst id="LOSAng">57014.4613333333</dst>
            <dst id="NYCMng">14393.576</dst>
            <dst id="SNVAng">3306.13866666667</dst>
            <dst id="STTLng">8327.56533333333</dst>
            <dst id="WASHng">34617.9866666667</dst>
        </src>
        <src id="DNVRng">
            <dst id="ATLA-M5">3151.65066666667</dst>
            <dst id="ATLAng">31919.0506666667</dst>
            <dst id="CHINng">49608.5546666667</dst>
            <dst id="DNVRng">10544.6346666667</dst>
            <dst id="HSTNng">19605.3013333333</dst>
            <dst id="IPLSng">31290.5226666667</dst>
            <dst id="KSCYng">27399.312</dst>
            <dst id="LOSAng">21478.3706666667</dst>
            <dst id="NYCMng">16532.8346666667</dst>
            <dst id="SNVAng">10877.3093333333</dst>
            <dst id="STTLng">23134.5786666667</dst>
            <dst id="WASHng">41328.576</dst>
        </src>
        <src id="HSTNng">
            <dst id="ATLA-M5">3370.96266666667</dst>
            <dst id="ATLAng">4993.696</dst>
            <dst id="CHINng">18251.0266666667</dst>
            <dst id="DNVRng">2324.056</dst>
            <dst id="HSTNng">16881.9013333333</dst>
            <dst id="IPLSng">2423.04</dst>
            <dst id="KSCYng">3209.26133333333</dst>
            <dst id="LOSAng">16023.0586666667</dst>
            <dst id="NYCMng">3098.648</dst>
            <dst id="SNVAng">947.421333333333</dst>
            <dst id="STTLng">1837.98666666667</dst>
            <dst id="WASHng">6909.968</dst>
        </src>
        <src id="IPLSng">
            <dst id="ATLA-M5">258.026666666667</dst>
            <dst id="ATLAng">24845.488</dst>
            <dst id="CHINng">78671.9946666667</dst>
            <dst id="DNVRng">20226.4053333333</dst>
            <dst id="HSTNng">13584.5546666667</dst>
            <dst id="IPLSng">26994.5733333333</dst>
            <dst id="KSCYng">12868.7306666667</dst>
            <dst id="LOSAng">71578.2053333333</dst>
            <dst id="NYCMng">33446.632</dst>
            <dst id="SNVAng">3904.52</dst>
            <dst id="STTLng">9987.728</dst>
            <dst id="WASHng">32499.336</dst>
        </src>
        <src id="KSCYng">
            <dst id="ATLA-M5">285.405333333333</dst>
            <dst id="ATLAng">6254.528</dst>
            <dst id="CHINng">31464.912</dst>
            <dst id="DNVRng">12271.6</dst>
            <dst id="HSTNng">4309.72266666667</dst>
            <dst id="IPLSng">12893.5573333333</dst>
            <dst id="KSCYng">10279.4</dst>
            <dst id="LOSAng">9538.11466666667</dst>
            <dst id="NYCMng">10886.3626666667</dst>
            <dst id="SNVAng">498.157333333333</dst>
            <dst id="STTLng">2503.02933333333</dst>
            <dst id="WASHng">10275.1626666667</dst>
        </src>
        <src id="LOSAng">
            <dst id="ATLA-M5">1996.61066666667</dst>
            <dst id="ATLAng">37560.9066666667</dst>
            <dst id="CHINng">112378.08</dst>
            <dst id="DNVRng">25864.528</dst>
            <dst id="HSTNng">19798.8666666667</dst>
            <dst id="IPLSng">36450.976</dst>
            <dst id="KSCYng">8800.68533333333</dst>
            <dst id="LOSAng">11113.7306666667</dst>
            <dst id="NYCMng">81874.752</dst>
            <dst id="SNVAng">17939.664</dst>
            <dst id="STTLng">49225.9146666667</dst>
            <dst id="WASHng">124614.074666667</dst>
        </src>
        <src id="NYCMng">
            <dst id="ATLA-M5">1663.58133333333</dst>
            <dst id="ATLAng">51815.5253333333</dst>
            <dst id="CHINng">102241.538666667</dst>
            <dst id="DNVRng">131413.221333333</dst>
            <dst id="HSTNng">11600.424</dst>
            <dst id="IPLSng">61687.8586666667</dst>
            <dst id="KSCYng">28064.0666666667</dst>
            <dst id="LOSAng">93287.736</dst>
            <dst id="NYCMng">137383.170666667</dst>
            <dst id="SNVAng">6399.55733333333</dst>
            <dst id="STTLng">24999.52</dst>
            <dst id="WASHng">99224.5386666667</dst>
        </src>
        <src id="SNVAng">
            <dst id="ATLA-M5">0</dst>
            <dst id="ATLAng">564.992</dst>
            <dst id="CHINng">511.704</dst>
            <dst id="DNVRng">15219.2293333333</dst>
            <dst id="HSTNng">243.061333333333</dst>
            <dst id="IPLSng">2112.408</dst>
            <dst id="KSCYng">1382.30133333333</dst>
            <dst id="LOSAng">40578.6186666667</dst>
            <dst id="NYCMng">2110.024</dst>
            <dst id="SNVAng">11042.1973333333</dst>
            <dst id="STTLng">32136.4933333333</dst>
            <dst id="WASHng">951.336</dst>
        </src>
        <src id="STTLng">
            <dst id="ATLA-M5">171.152</dst>
            <dst id="ATLAng">16535.0826666667</dst>
            <dst id="CHINng">25780.2693333333</dst>
            <dst id="DNVRng">6683.40266666667</dst>
            <dst id="HSTNng">5318.01866666667</dst>
            <dst id="IPLSng">16971.9626666667</dst>
            <dst id="KSCYng">13444.9226666667</dst>
            <dst id="LOSAng">40485.2986666667</dst>
            <dst id="NYCMng">11510.44</dst>
            <dst id="SNVAng">5838.392</dst>
            <dst id="STTLng">6342.97866666667</dst>
            <dst id="WASHng">17555.4826666667</dst>
        </src>
        <src id="WASHng">
            <dst id="ATLA-M5">1399.872</dst>
            <dst id="ATLAng">100894.762666667</dst>
            <dst id="CHINng">96173.3733333333</dst>
            <dst id="DNVRng">85885.3866666667</dst>
            <dst id="HSTNng">16822.864</dst>
            <dst id="IPLSng">71804.2586666667</dst>
            <dst id="KSCYng">45423.6133333333</dst>
            <dst id="LOSAng">124962.992</dst>
            <dst id="NYCMng">271098.266666667</dst>
            <dst id="SNVAng">6904.09333333333</dst>
            <dst id="STTLng">33954.776</dst>
            <dst id="WASHng">313959.253333333</dst>
        </src>
    </IntraTM>
</TrafficMatrixFile>
