<?xml version="1.0" encoding="ISO-8859-1" standalone="yes"?>
<TrafficMatrixFile xsi:noNamespaceSchemaLocation="http://totem.run.montefiore.ulg.ac.be/Schema/TrafficMatrix-v1_2.xsd" xmlns:xsi="http://www.w3.org/2001/XMLSchema-instance">
    <IntraTM ASID="11537">
        <src id="ATLA-M5">
            <dst id="ATLA-M5">55.4346666666667</dst>
            <dst id="ATLAng">180.656</dst>
            <dst id="CHINng">80</dst>
            <dst id="DNVRng">27.04</dst>
            <dst id="HSTNng">83.448</dst>
            <dst id="IPLSng">72.072</dst>
            <dst id="KSCYng">1067.06133333333</dst>
            <dst id="LOSAng">133.333333333333</dst>
            <dst id="NYCMng">0</dst>
            <dst id="SNVAng">0</dst>
            <dst id="STTLng">642.621333333333</dst>
            <dst id="WASHng">323.133333333333</dst>
        </src>
        <src id="ATLAng">
            <dst id="ATLA-M5">134.837333333333</dst>
            <dst id="ATLAng">39230.56</dst>
            <dst id="CHINng">9393.51466666667</dst>
            <dst id="DNVRng">7557.61333333333</dst>
            <dst id="HSTNng">802.525333333333</dst>
            <dst id="IPLSng">14018.6613333333</dst>
            <dst id="KSCYng">6698.98933333333</dst>
            <dst id="LOSAng">17998.736</dst>
            <dst id="NYCMng">6834.58933333333</dst>
            <dst id="SNVAng">269.661333333333</dst>
            <dst id="STTLng">7236.32266666667</dst>
            <dst id="WASHng">33560.072</dst>
        </src>
        <src id="CHINng">
            <dst id="ATLA-M5">159.784</dst>
            <dst id="ATLAng">16132.4906666667</dst>
            <dst id="CHINng">75315.0266666667</dst>
            <dst id="DNVRng">17385.944</dst>
            <dst id="HSTNng">8329.688</dst>
            <dst id="IPLSng">38299.4986666667</dst>
            <dst id="KSCYng">23280.224</dst>
            <dst id="LOSAng">53826.4426666667</dst>
            <dst id="NYCMng">7120.816</dst>
            <dst id="SNVAng">904.445333333333</dst>
            <dst id="STTLng">10140.984</dst>
            <dst id="WASHng">27600.5146666667</dst>
        </src>
        <src id="DNVRng">
            <dst id="ATLA-M5">138.666666666667</dst>
            <dst id="ATLAng">9445.24266666667</dst>
            <dst id="CHINng">50199.272</dst>
            <dst id="DNVRng">4207.96</dst>
            <dst id="HSTNng">20641.7093333333</dst>
            <dst id="IPLSng">23530.6266666667</dst>
            <dst id="KSCYng">18895.8933333333</dst>
            <dst id="LOSAng">16338.24</dst>
            <dst id="NYCMng">12277.6</dst>
            <dst id="SNVAng">6509.832</dst>
            <dst id="STTLng">11746.8186666667</dst>
            <dst id="WASHng">26702.6746666667</dst>
        </src>
        <src id="HSTNng">
            <dst id="ATLA-M5">3322.936</dst>
            <dst id="ATLAng">2483.39733333333</dst>
            <dst id="CHINng">9443.18666666667</dst>
            <dst id="DNVRng">10263.2693333333</dst>
            <dst id="HSTNng">14121.56</dst>
            <dst id="IPLSng">2664.488</dst>
            <dst id="KSCYng">1464.24</dst>
            <dst id="LOSAng">20361.408</dst>
            <dst id="NYCMng">1902.16533333333</dst>
            <dst id="SNVAng">0</dst>
            <dst id="STTLng">820.610666666667</dst>
            <dst id="WASHng">5113.28266666667</dst>
        </src>
        <src id="IPLSng">
            <dst id="ATLA-M5">26.6666666666667</dst>
            <dst id="ATLAng">13272.208</dst>
            <dst id="CHINng">64209.0026666667</dst>
            <dst id="DNVRng">11271.5386666667</dst>
            <dst id="HSTNng">2211.42933333333</dst>
            <dst id="IPLSng">67798.096</dst>
            <dst id="KSCYng">7728.64533333333</dst>
            <dst id="LOSAng">49149.9333333333</dst>
            <dst id="NYCMng">20840.4613333333</dst>
            <dst id="SNVAng">1619.344</dst>
            <dst id="STTLng">8358.824</dst>
            <dst id="WASHng">19579.3146666667</dst>
        </src>
        <src id="KSCYng">
            <dst id="ATLA-M5">26.6666666666667</dst>
            <dst id="ATLAng">3688.776</dst>
            <dst id="CHINng">41735.6666666667</dst>
            <dst id="DNVRng">8831.82933333333</dst>
            <dst id="HSTNng">2813.53333333333</dst>
            <dst id="IPLSng">12455.2986666667</dst>
            <dst id="KSCYng">5354.256</dst>
            <dst id="LOSAng">6396.26666666667</dst>
            <dst id="NYCMng">3336.224</dst>
            <dst id="SNVAng">94.3786666666667</dst>
            <dst id="STTLng">2222.34666666667</dst>
            <dst id="WASHng">9167.208</dst>
        </src>
        <src id="LOSAng">
            <dst id="ATLA-M5">367.92</dst>
            <dst id="ATLAng">20740.52</dst>
            <dst id="CHINng">92021.584</dst>
            <dst id="DNVRng">12240.7413333333</dst>
            <dst id="HSTNng">21151.7173333333</dst>
            <dst id="IPLSng">51416.4346666667</dst>
            <dst id="KSCYng">5996.936</dst>
            <dst id="LOSAng">24314.096</dst>
            <dst id="NYCMng">102634.909333333</dst>
            <dst id="SNVAng">8976.27466666666</dst>
            <dst id="STTLng">42770.6106666667</dst>
            <dst id="WASHng">110387.349333333</dst>
        </src>
        <src id="NYCMng">
            <dst id="ATLA-M5">247.661333333333</dst>
            <dst id="ATLAng">42794.472</dst>
            <dst id="CHINng">46255.8613333333</dst>
            <dst id="DNVRng">129105.474666667</dst>
            <dst id="HSTNng">11716.4693333333</dst>
            <dst id="IPLSng">43132.296</dst>
            <dst id="KSCYng">22019.2</dst>
            <dst id="LOSAng">119759.189333333</dst>
            <dst id="NYCMng">79497.464</dst>
            <dst id="SNVAng">11186.1146666667</dst>
            <dst id="STTLng">31547.1973333333</dst>
            <dst id="WASHng">76561.8266666667</dst>
        </src>
        <src id="SNVAng">
            <dst id="ATLA-M5">0</dst>
            <dst id="ATLAng">345.557333333333</dst>
            <dst id="CHINng">652.301333333333</dst>
            <dst id="DNVRng">9232.304</dst>
            <dst id="HSTNng">1966.35733333333</dst>
            <dst id="IPLSng">716.002666666667</dst>
            <dst id="KSCYng">92.696</dst>
            <dst id="LOSAng">33175.7226666667</dst>
            <dst id="NYCMng">986.706666666667</dst>
            <dst id="SNVAng">7136.30666666667</dst>
            <dst id="STTLng">22275.7493333333</dst>
            <dst id="WASHng">359.778666666667</dst>
        </src>
        <src id="STTLng">
            <dst id="ATLA-M5">432.832</dst>
            <dst id="ATLAng">11273.2693333333</dst>
            <dst id="CHINng">12807.6026666667</dst>
            <dst id="DNVRng">4739.10933333333</dst>
            <dst id="HSTNng">3910.88</dst>
            <dst id="IPLSng">7587.144</dst>
            <dst id="KSCYng">4079.57066666667</dst>
            <dst id="LOSAng">30244.992</dst>
            <dst id="NYCMng">12828.0933333333</dst>
            <dst id="SNVAng">3027.37333333333</dst>
            <dst id="STTLng">2398.68533333333</dst>
            <dst id="WASHng">8080.61866666667</dst>
        </src>
        <src id="WASHng">
            <dst id="ATLA-M5">1062.504</dst>
            <dst id="ATLAng">87527.032</dst>
            <dst id="CHINng">74925.5333333333</dst>
            <dst id="DNVRng">54971.384</dst>
            <dst id="HSTNng">25383.8906666667</dst>
            <dst id="IPLSng">44144.0506666667</dst>
            <dst id="KSCYng">16909.792</dst>
            <dst id="LOSAng">122227.621333333</dst>
            <dst id="NYCMng">141960.117333333</dst>
            <dst id="SNVAng">14574.9946666667</dst>
            <dst id="STTLng">27563.896</dst>
            <dst id="WASHng">325733.973333333</dst>
        </src>
    </IntraTM>
</TrafficMatrixFile>
