<?xml version="1.0" encoding="ISO-8859-1" standalone="yes"?>
<TrafficMatrixFile xsi:noNamespaceSchemaLocation="http://totem.run.montefiore.ulg.ac.be/Schema/TrafficMatrix-v1_2.xsd" xmlns:xsi="http://www.w3.org/2001/XMLSchema-instance">
    <IntraTM ASID="11537">
        <src id="ATLA-M5">
            <dst id="ATLA-M5">150.213333333333</dst>
            <dst id="ATLAng">53.3333333333333</dst>
            <dst id="CHINng">174.021333333333</dst>
            <dst id="DNVRng">619.04</dst>
            <dst id="HSTNng">58.0613333333333</dst>
            <dst id="IPLSng">257.408</dst>
            <dst id="KSCYng">2229.92266666667</dst>
            <dst id="LOSAng">132.272</dst>
            <dst id="NYCMng">517.869333333333</dst>
            <dst id="SNVAng">0</dst>
            <dst id="STTLng">106.666666666667</dst>
            <dst id="WASHng">573.184</dst>
        </src>
        <src id="ATLAng">
            <dst id="ATLA-M5">359.490666666667</dst>
            <dst id="ATLAng">80671.6986666667</dst>
            <dst id="CHINng">13123.904</dst>
            <dst id="DNVRng">18949.1573333333</dst>
            <dst id="HSTNng">2142.40533333333</dst>
            <dst id="IPLSng">18113.696</dst>
            <dst id="KSCYng">2892.66133333333</dst>
            <dst id="LOSAng">16345.6346666667</dst>
            <dst id="NYCMng">9063.69333333333</dst>
            <dst id="SNVAng">773.136</dst>
            <dst id="STTLng">5049.23466666667</dst>
            <dst id="WASHng">47049.4826666667</dst>
        </src>
        <src id="CHINng">
            <dst id="ATLA-M5">165.008</dst>
            <dst id="ATLAng">22117.4773333333</dst>
            <dst id="CHINng">149065.410666667</dst>
            <dst id="DNVRng">15310.936</dst>
            <dst id="HSTNng">11018.2666666667</dst>
            <dst id="IPLSng">71992.8933333333</dst>
            <dst id="KSCYng">6634.28</dst>
            <dst id="LOSAng">58313.008</dst>
            <dst id="NYCMng">12245.9013333333</dst>
            <dst id="SNVAng">5681.992</dst>
            <dst id="STTLng">22152.9066666667</dst>
            <dst id="WASHng">33626.376</dst>
        </src>
        <src id="DNVRng">
            <dst id="ATLA-M5">187.490666666667</dst>
            <dst id="ATLAng">21935.4426666667</dst>
            <dst id="CHINng">49602.432</dst>
            <dst id="DNVRng">11204.5466666667</dst>
            <dst id="HSTNng">22303.9733333333</dst>
            <dst id="IPLSng">23214.2586666667</dst>
            <dst id="KSCYng">21715.3546666667</dst>
            <dst id="LOSAng">10760.9493333333</dst>
            <dst id="NYCMng">16842.5733333333</dst>
            <dst id="SNVAng">18740.6773333333</dst>
            <dst id="STTLng">11117.8213333333</dst>
            <dst id="WASHng">34141.416</dst>
        </src>
        <src id="HSTNng">
            <dst id="ATLA-M5">710.352</dst>
            <dst id="ATLAng">4632.14133333333</dst>
            <dst id="CHINng">35956.3893333333</dst>
            <dst id="DNVRng">10796.0533333333</dst>
            <dst id="HSTNng">10310.6186666667</dst>
            <dst id="IPLSng">3543.15466666667</dst>
            <dst id="KSCYng">3393.36533333333</dst>
            <dst id="LOSAng">5406.77866666667</dst>
            <dst id="NYCMng">3286.24</dst>
            <dst id="SNVAng">805.64</dst>
            <dst id="STTLng">6977.78133333333</dst>
            <dst id="WASHng">15675.4613333333</dst>
        </src>
        <src id="IPLSng">
            <dst id="ATLA-M5">452.32</dst>
            <dst id="ATLAng">32062.7626666667</dst>
            <dst id="CHINng">87841.1013333333</dst>
            <dst id="DNVRng">6869.39733333333</dst>
            <dst id="HSTNng">7609.20533333333</dst>
            <dst id="IPLSng">36366.2693333333</dst>
            <dst id="KSCYng">12212.8986666667</dst>
            <dst id="LOSAng">49596.0106666667</dst>
            <dst id="NYCMng">33971.528</dst>
            <dst id="SNVAng">2735.40266666667</dst>
            <dst id="STTLng">10359.0666666667</dst>
            <dst id="WASHng">51321.2693333333</dst>
        </src>
        <src id="KSCYng">
            <dst id="ATLA-M5">188.28</dst>
            <dst id="ATLAng">3057.95466666667</dst>
            <dst id="CHINng">23114.112</dst>
            <dst id="DNVRng">3641.064</dst>
            <dst id="HSTNng">5570.288</dst>
            <dst id="IPLSng">9855.712</dst>
            <dst id="KSCYng">5303.43466666667</dst>
            <dst id="LOSAng">4766.856</dst>
            <dst id="NYCMng">5310.82666666667</dst>
            <dst id="SNVAng">905.088</dst>
            <dst id="STTLng">1675.25333333333</dst>
            <dst id="WASHng">23927.864</dst>
        </src>
        <src id="LOSAng">
            <dst id="ATLA-M5">583.024</dst>
            <dst id="ATLAng">32761.432</dst>
            <dst id="CHINng">115248.802666667</dst>
            <dst id="DNVRng">14667.3973333333</dst>
            <dst id="HSTNng">24322.0186666667</dst>
            <dst id="IPLSng">56343.3706666667</dst>
            <dst id="KSCYng">9531.82133333333</dst>
            <dst id="LOSAng">10086.2586666667</dst>
            <dst id="NYCMng">70496.9946666667</dst>
            <dst id="SNVAng">20151.5466666667</dst>
            <dst id="STTLng">39034.0373333333</dst>
            <dst id="WASHng">110590.456</dst>
        </src>
        <src id="NYCMng">
            <dst id="ATLA-M5">811.546666666667</dst>
            <dst id="ATLAng">61743.4666666667</dst>
            <dst id="CHINng">52883.5733333333</dst>
            <dst id="DNVRng">70563.0026666667</dst>
            <dst id="HSTNng">13526.4453333333</dst>
            <dst id="IPLSng">48616.544</dst>
            <dst id="KSCYng">23448.6666666667</dst>
            <dst id="LOSAng">81593.7653333333</dst>
            <dst id="NYCMng">126486.272</dst>
            <dst id="SNVAng">5473.00533333333</dst>
            <dst id="STTLng">25475.992</dst>
            <dst id="WASHng">79976.1573333333</dst>
        </src>
        <src id="SNVAng">
            <dst id="ATLA-M5">26.6666666666667</dst>
            <dst id="ATLAng">254.533333333333</dst>
            <dst id="CHINng">3625.71466666667</dst>
            <dst id="DNVRng">1048.896</dst>
            <dst id="HSTNng">1244.02933333333</dst>
            <dst id="IPLSng">15450.2586666667</dst>
            <dst id="KSCYng">106.666666666667</dst>
            <dst id="LOSAng">41940.2506666667</dst>
            <dst id="NYCMng">1158.37066666667</dst>
            <dst id="SNVAng">13594.376</dst>
            <dst id="STTLng">31752.4453333333</dst>
            <dst id="WASHng">256.696</dst>
        </src>
        <src id="STTLng">
            <dst id="ATLA-M5">150.498666666667</dst>
            <dst id="ATLAng">18859.8133333333</dst>
            <dst id="CHINng">27442.152</dst>
            <dst id="DNVRng">7632.632</dst>
            <dst id="HSTNng">7534.98133333333</dst>
            <dst id="IPLSng">14641.4266666667</dst>
            <dst id="KSCYng">5356.376</dst>
            <dst id="LOSAng">35684.9066666667</dst>
            <dst id="NYCMng">13849.2266666667</dst>
            <dst id="SNVAng">5893.99466666667</dst>
            <dst id="STTLng">5400.97866666667</dst>
            <dst id="WASHng">39931.5813333333</dst>
        </src>
        <src id="WASHng">
            <dst id="ATLA-M5">753.112</dst>
            <dst id="ATLAng">106951.538666667</dst>
            <dst id="CHINng">94078.24</dst>
            <dst id="DNVRng">66763.2106666667</dst>
            <dst id="HSTNng">50381.3066666667</dst>
            <dst id="IPLSng">79524.312</dst>
            <dst id="KSCYng">17430.6853333333</dst>
            <dst id="LOSAng">107880.12</dst>
            <dst id="NYCMng">185455.221333333</dst>
            <dst id="SNVAng">11701.1653333333</dst>
            <dst id="STTLng">38323.376</dst>
            <dst id="WASHng">357822.293333333</dst>
        </src>
    </IntraTM>
</TrafficMatrixFile>
