<?xml version="1.0" encoding="ISO-8859-1" standalone="yes"?>
<TrafficMatrixFile xsi:noNamespaceSchemaLocation="http://totem.run.montefiore.ulg.ac.be/Schema/TrafficMatrix-v1_2.xsd" xmlns:xsi="http://www.w3.org/2001/XMLSchema-instance">
    <IntraTM ASID="11537">
        <src id="ATLA-M5">
            <dst id="ATLA-M5">210.317333333333</dst>
            <dst id="ATLAng">144.088</dst>
            <dst id="CHINng">235.066666666667</dst>
            <dst id="DNVRng">26.6666666666667</dst>
            <dst id="HSTNng">465.992</dst>
            <dst id="IPLSng">439.88</dst>
            <dst id="KSCYng">142.744</dst>
            <dst id="LOSAng">288.424</dst>
            <dst id="NYCMng">158.754666666667</dst>
            <dst id="SNVAng">13.3333333333333</dst>
            <dst id="STTLng">275.378666666667</dst>
            <dst id="WASHng">315.085333333333</dst>
        </src>
        <src id="ATLAng">
            <dst id="ATLA-M5">272.701333333333</dst>
            <dst id="ATLAng">38562.864</dst>
            <dst id="CHINng">15458.3066666667</dst>
            <dst id="DNVRng">10024.6373333333</dst>
            <dst id="HSTNng">1944.18933333333</dst>
            <dst id="IPLSng">19872.352</dst>
            <dst id="KSCYng">4785.64266666667</dst>
            <dst id="LOSAng">21759.544</dst>
            <dst id="NYCMng">17993.2853333333</dst>
            <dst id="SNVAng">1033.736</dst>
            <dst id="STTLng">4272.93866666667</dst>
            <dst id="WASHng">52870.2213333333</dst>
        </src>
        <src id="CHINng">
            <dst id="ATLA-M5">694.202666666667</dst>
            <dst id="ATLAng">21555.136</dst>
            <dst id="CHINng">144415.050666667</dst>
            <dst id="DNVRng">22652.3466666667</dst>
            <dst id="HSTNng">9383.328</dst>
            <dst id="IPLSng">50754.1946666667</dst>
            <dst id="KSCYng">10359.672</dst>
            <dst id="LOSAng">48072.3093333334</dst>
            <dst id="NYCMng">11444.3333333333</dst>
            <dst id="SNVAng">1949.33066666667</dst>
            <dst id="STTLng">9486.11733333334</dst>
            <dst id="WASHng">36971.1733333333</dst>
        </src>
        <src id="DNVRng">
            <dst id="ATLA-M5">199.042666666667</dst>
            <dst id="ATLAng">24378.872</dst>
            <dst id="CHINng">62454.376</dst>
            <dst id="DNVRng">12156.4853333333</dst>
            <dst id="HSTNng">22389.368</dst>
            <dst id="IPLSng">29450.744</dst>
            <dst id="KSCYng">21381.6053333333</dst>
            <dst id="LOSAng">11830.304</dst>
            <dst id="NYCMng">16341.9306666667</dst>
            <dst id="SNVAng">41136.8106666667</dst>
            <dst id="STTLng">18973.0266666667</dst>
            <dst id="WASHng">45901.7813333333</dst>
        </src>
        <src id="HSTNng">
            <dst id="ATLA-M5">2817.112</dst>
            <dst id="ATLAng">4420.19466666667</dst>
            <dst id="CHINng">41111.5093333333</dst>
            <dst id="DNVRng">9873.896</dst>
            <dst id="HSTNng">6055.528</dst>
            <dst id="IPLSng">3837.67466666667</dst>
            <dst id="KSCYng">2189.12533333333</dst>
            <dst id="LOSAng">5940.27733333333</dst>
            <dst id="NYCMng">4909.46933333333</dst>
            <dst id="SNVAng">92.952</dst>
            <dst id="STTLng">2288.75733333333</dst>
            <dst id="WASHng">8582.98933333334</dst>
        </src>
        <src id="IPLSng">
            <dst id="ATLA-M5">354.058666666667</dst>
            <dst id="ATLAng">22143.64</dst>
            <dst id="CHINng">99352.9973333333</dst>
            <dst id="DNVRng">12423.2666666667</dst>
            <dst id="HSTNng">12266.032</dst>
            <dst id="IPLSng">28218.9066666667</dst>
            <dst id="KSCYng">15024.872</dst>
            <dst id="LOSAng">47357.6133333333</dst>
            <dst id="NYCMng">24901.6453333333</dst>
            <dst id="SNVAng">1024.27733333333</dst>
            <dst id="STTLng">9991.52533333333</dst>
            <dst id="WASHng">41498.544</dst>
        </src>
        <src id="KSCYng">
            <dst id="ATLA-M5">114.650666666667</dst>
            <dst id="ATLAng">3196.70666666667</dst>
            <dst id="CHINng">23117.7546666667</dst>
            <dst id="DNVRng">14856.7146666667</dst>
            <dst id="HSTNng">5088.272</dst>
            <dst id="IPLSng">15322.4613333333</dst>
            <dst id="KSCYng">6103.74666666667</dst>
            <dst id="LOSAng">7628.50933333333</dst>
            <dst id="NYCMng">3471.936</dst>
            <dst id="SNVAng">1443.46666666667</dst>
            <dst id="STTLng">2066.73333333333</dst>
            <dst id="WASHng">11322.592</dst>
        </src>
        <src id="LOSAng">
            <dst id="ATLA-M5">3003.024</dst>
            <dst id="ATLAng">28925.4133333333</dst>
            <dst id="CHINng">151575.821333333</dst>
            <dst id="DNVRng">26971.0506666667</dst>
            <dst id="HSTNng">12263.552</dst>
            <dst id="IPLSng">47968.9333333333</dst>
            <dst id="KSCYng">13399.0986666667</dst>
            <dst id="LOSAng">11357.9386666667</dst>
            <dst id="NYCMng">72929.16</dst>
            <dst id="SNVAng">16355.3786666667</dst>
            <dst id="STTLng">46348.448</dst>
            <dst id="WASHng">120313.706666667</dst>
        </src>
        <src id="NYCMng">
            <dst id="ATLA-M5">397.725333333333</dst>
            <dst id="ATLAng">61183.848</dst>
            <dst id="CHINng">62020.2986666667</dst>
            <dst id="DNVRng">70119.5413333333</dst>
            <dst id="HSTNng">18612.416</dst>
            <dst id="IPLSng">65681.4026666667</dst>
            <dst id="KSCYng">27062.792</dst>
            <dst id="LOSAng">77054.2213333333</dst>
            <dst id="NYCMng">175946.8</dst>
            <dst id="SNVAng">4188.104</dst>
            <dst id="STTLng">28078.4186666667</dst>
            <dst id="WASHng">92294.2293333333</dst>
        </src>
        <src id="SNVAng">
            <dst id="ATLA-M5">0</dst>
            <dst id="ATLAng">133.333333333333</dst>
            <dst id="CHINng">4291.95733333333</dst>
            <dst id="DNVRng">20266.0586666667</dst>
            <dst id="HSTNng">584.568</dst>
            <dst id="IPLSng">6703.208</dst>
            <dst id="KSCYng">133.333333333333</dst>
            <dst id="LOSAng">36636.6906666667</dst>
            <dst id="NYCMng">1687.168</dst>
            <dst id="SNVAng">28829.816</dst>
            <dst id="STTLng">31074.5013333333</dst>
            <dst id="WASHng">267.44</dst>
        </src>
        <src id="STTLng">
            <dst id="ATLA-M5">159.826666666667</dst>
            <dst id="ATLAng">15733.032</dst>
            <dst id="CHINng">37871.2613333333</dst>
            <dst id="DNVRng">4551.50666666667</dst>
            <dst id="HSTNng">5162.94666666667</dst>
            <dst id="IPLSng">10929.7973333333</dst>
            <dst id="KSCYng">4115.70666666667</dst>
            <dst id="LOSAng">26938.712</dst>
            <dst id="NYCMng">14015.056</dst>
            <dst id="SNVAng">6477.84266666667</dst>
            <dst id="STTLng">5797.50933333333</dst>
            <dst id="WASHng">38748.92</dst>
        </src>
        <src id="WASHng">
            <dst id="ATLA-M5">606.533333333333</dst>
            <dst id="ATLAng">155274.106666667</dst>
            <dst id="CHINng">98746.32</dst>
            <dst id="DNVRng">75866.1573333333</dst>
            <dst id="HSTNng">34914.232</dst>
            <dst id="IPLSng">76487.5306666667</dst>
            <dst id="KSCYng">34077.1493333333</dst>
            <dst id="LOSAng">129864.832</dst>
            <dst id="NYCMng">204571.152</dst>
            <dst id="SNVAng">3192.13866666667</dst>
            <dst id="STTLng">44129.7493333333</dst>
            <dst id="WASHng">409892.453333333</dst>
        </src>
    </IntraTM>
</TrafficMatrixFile>
