<?xml version="1.0" encoding="ISO-8859-1" standalone="yes"?>
<TrafficMatrixFile xsi:noNamespaceSchemaLocation="http://totem.run.montefiore.ulg.ac.be/Schema/TrafficMatrix-v1_2.xsd" xmlns:xsi="http://www.w3.org/2001/XMLSchema-instance">
    <IntraTM ASID="11537">
        <src id="ATLA-M5">
            <dst id="ATLA-M5">66.4586666666667</dst>
            <dst id="ATLAng">1079.25866666667</dst>
            <dst id="CHINng">140.837333333333</dst>
            <dst id="DNVRng">0</dst>
            <dst id="HSTNng">57.9973333333333</dst>
            <dst id="IPLSng">56.88</dst>
            <dst id="KSCYng">119.322666666667</dst>
            <dst id="LOSAng">104.285333333333</dst>
            <dst id="NYCMng">151.946666666667</dst>
            <dst id="SNVAng">0</dst>
            <dst id="STTLng">33.984</dst>
            <dst id="WASHng">1925.41066666667</dst>
        </src>
        <src id="ATLAng">
            <dst id="ATLA-M5">201.933333333333</dst>
            <dst id="ATLAng">50037.2</dst>
            <dst id="CHINng">10467.8586666667</dst>
            <dst id="DNVRng">5210.144</dst>
            <dst id="HSTNng">1323.22133333333</dst>
            <dst id="IPLSng">13020.5466666667</dst>
            <dst id="KSCYng">2006.576</dst>
            <dst id="LOSAng">13560.4106666667</dst>
            <dst id="NYCMng">11411.136</dst>
            <dst id="SNVAng">423.914666666667</dst>
            <dst id="STTLng">4853.536</dst>
            <dst id="WASHng">70333.832</dst>
        </src>
        <src id="CHINng">
            <dst id="ATLA-M5">161.096</dst>
            <dst id="ATLAng">30748.4293333333</dst>
            <dst id="CHINng">126523.218666667</dst>
            <dst id="DNVRng">9083.8</dst>
            <dst id="HSTNng">8667.88</dst>
            <dst id="IPLSng">46112.6693333333</dst>
            <dst id="KSCYng">4752.64266666667</dst>
            <dst id="LOSAng">44825.4506666667</dst>
            <dst id="NYCMng">9363.64</dst>
            <dst id="SNVAng">578.170666666667</dst>
            <dst id="STTLng">6329.04266666667</dst>
            <dst id="WASHng">49881.1946666667</dst>
        </src>
        <src id="DNVRng">
            <dst id="ATLA-M5">44.0426666666666</dst>
            <dst id="ATLAng">11768.56</dst>
            <dst id="CHINng">61812.4133333333</dst>
            <dst id="DNVRng">28035.1786666667</dst>
            <dst id="HSTNng">20020.3786666667</dst>
            <dst id="IPLSng">30285.8106666667</dst>
            <dst id="KSCYng">26553.0533333333</dst>
            <dst id="LOSAng">6451.85333333333</dst>
            <dst id="NYCMng">8161.98666666667</dst>
            <dst id="SNVAng">16159.104</dst>
            <dst id="STTLng">12849.2506666667</dst>
            <dst id="WASHng">33625.232</dst>
        </src>
        <src id="HSTNng">
            <dst id="ATLA-M5">369.856</dst>
            <dst id="ATLAng">6352.384</dst>
            <dst id="CHINng">18245.8373333333</dst>
            <dst id="DNVRng">1065.328</dst>
            <dst id="HSTNng">4789.30666666667</dst>
            <dst id="IPLSng">1289.736</dst>
            <dst id="KSCYng">4904.472</dst>
            <dst id="LOSAng">8321.73866666667</dst>
            <dst id="NYCMng">4930.04266666667</dst>
            <dst id="SNVAng">1187.304</dst>
            <dst id="STTLng">1707.73066666667</dst>
            <dst id="WASHng">3762.66666666667</dst>
        </src>
        <src id="IPLSng">
            <dst id="ATLA-M5">91.0346666666667</dst>
            <dst id="ATLAng">13954.6933333333</dst>
            <dst id="CHINng">115093.066666667</dst>
            <dst id="DNVRng">3028.168</dst>
            <dst id="HSTNng">2080.08266666667</dst>
            <dst id="IPLSng">11295</dst>
            <dst id="KSCYng">6958.45066666667</dst>
            <dst id="LOSAng">22563.1413333333</dst>
            <dst id="NYCMng">16316.3013333333</dst>
            <dst id="SNVAng">736.512</dst>
            <dst id="STTLng">11926.9093333333</dst>
            <dst id="WASHng">21044.3013333333</dst>
        </src>
        <src id="KSCYng">
            <dst id="ATLA-M5">313.584</dst>
            <dst id="ATLAng">2662.00533333333</dst>
            <dst id="CHINng">33462.928</dst>
            <dst id="DNVRng">7884.656</dst>
            <dst id="HSTNng">3628.26666666667</dst>
            <dst id="IPLSng">8808.51466666666</dst>
            <dst id="KSCYng">11280.6453333333</dst>
            <dst id="LOSAng">4839.72</dst>
            <dst id="NYCMng">5752.872</dst>
            <dst id="SNVAng">697.36</dst>
            <dst id="STTLng">1217.752</dst>
            <dst id="WASHng">8407.904</dst>
        </src>
        <src id="LOSAng">
            <dst id="ATLA-M5">688.381333333333</dst>
            <dst id="ATLAng">32820.352</dst>
            <dst id="CHINng">137283.584</dst>
            <dst id="DNVRng">5637.81866666667</dst>
            <dst id="HSTNng">7234.63733333333</dst>
            <dst id="IPLSng">35607.4533333333</dst>
            <dst id="KSCYng">5056.448</dst>
            <dst id="LOSAng">16267.2106666667</dst>
            <dst id="NYCMng">53681.0533333333</dst>
            <dst id="SNVAng">7866.25333333333</dst>
            <dst id="STTLng">34306.04</dst>
            <dst id="WASHng">114337.669333333</dst>
        </src>
        <src id="NYCMng">
            <dst id="ATLA-M5">433.570666666667</dst>
            <dst id="ATLAng">40794.6586666667</dst>
            <dst id="CHINng">72114.6293333333</dst>
            <dst id="DNVRng">11784.3493333333</dst>
            <dst id="HSTNng">7982.69066666667</dst>
            <dst id="IPLSng">37047.3706666667</dst>
            <dst id="KSCYng">15192.7226666667</dst>
            <dst id="LOSAng">69295.288</dst>
            <dst id="NYCMng">97190.1813333333</dst>
            <dst id="SNVAng">2696.208</dst>
            <dst id="STTLng">19839.5893333333</dst>
            <dst id="WASHng">101335.432</dst>
        </src>
        <src id="SNVAng">
            <dst id="ATLA-M5">0</dst>
            <dst id="ATLAng">231.088</dst>
            <dst id="CHINng">564.605333333333</dst>
            <dst id="DNVRng">11736.6666666667</dst>
            <dst id="HSTNng">282.842666666667</dst>
            <dst id="IPLSng">12780.4613333333</dst>
            <dst id="KSCYng">279.104</dst>
            <dst id="LOSAng">20943.2666666667</dst>
            <dst id="NYCMng">300.429333333333</dst>
            <dst id="SNVAng">9652.61066666667</dst>
            <dst id="STTLng">17746.312</dst>
            <dst id="WASHng">695.509333333333</dst>
        </src>
        <src id="STTLng">
            <dst id="ATLA-M5">322.525333333333</dst>
            <dst id="ATLAng">13510.6933333333</dst>
            <dst id="CHINng">50010.3413333333</dst>
            <dst id="DNVRng">1733.344</dst>
            <dst id="HSTNng">2361.65333333333</dst>
            <dst id="IPLSng">9490.03733333333</dst>
            <dst id="KSCYng">1713.42933333333</dst>
            <dst id="LOSAng">19268.912</dst>
            <dst id="NYCMng">15691.0293333333</dst>
            <dst id="SNVAng">1913.86133333333</dst>
            <dst id="STTLng">6681.648</dst>
            <dst id="WASHng">12503.0746666667</dst>
        </src>
        <src id="WASHng">
            <dst id="ATLA-M5">268.205333333333</dst>
            <dst id="ATLAng">89003.7573333333</dst>
            <dst id="CHINng">103665.858666667</dst>
            <dst id="DNVRng">56222.448</dst>
            <dst id="HSTNng">15735.2853333333</dst>
            <dst id="IPLSng">35657.912</dst>
            <dst id="KSCYng">11070.0346666667</dst>
            <dst id="LOSAng">108365.882666667</dst>
            <dst id="NYCMng">145266.528</dst>
            <dst id="SNVAng">4838.688</dst>
            <dst id="STTLng">30083.2613333333</dst>
            <dst id="WASHng">313183.973333333</dst>
        </src>
    </IntraTM>
</TrafficMatrixFile>
