<?xml version="1.0" encoding="ISO-8859-1" standalone="yes"?>
<TrafficMatrixFile xsi:noNamespaceSchemaLocation="http://totem.run.montefiore.ulg.ac.be/Schema/TrafficMatrix-v1_2.xsd" xmlns:xsi="http://www.w3.org/2001/XMLSchema-instance">
    <IntraTM ASID="11537">
        <src id="ATLA-M5">
            <dst id="ATLA-M5">26.6666666666667</dst>
            <dst id="ATLAng">26.6666666666667</dst>
            <dst id="CHINng">59.0586666666667</dst>
            <dst id="DNVRng">53.3333333333333</dst>
            <dst id="HSTNng">0</dst>
            <dst id="IPLSng">26.6666666666667</dst>
            <dst id="KSCYng">202.909333333333</dst>
            <dst id="LOSAng">53.3333333333333</dst>
            <dst id="NYCMng">0</dst>
            <dst id="SNVAng">0</dst>
            <dst id="STTLng">106.666666666667</dst>
            <dst id="WASHng">53.3333333333333</dst>
        </src>
        <src id="ATLAng">
            <dst id="ATLA-M5">255.84</dst>
            <dst id="ATLAng">31076.3493333333</dst>
            <dst id="CHINng">21074.096</dst>
            <dst id="DNVRng">11949.68</dst>
            <dst id="HSTNng">1674.29066666667</dst>
            <dst id="IPLSng">10080.592</dst>
            <dst id="KSCYng">1061.504</dst>
            <dst id="LOSAng">14763.5013333333</dst>
            <dst id="NYCMng">8467.70133333333</dst>
            <dst id="SNVAng">13.3333333333333</dst>
            <dst id="STTLng">8411.528</dst>
            <dst id="WASHng">34841.2506666667</dst>
        </src>
        <src id="CHINng">
            <dst id="ATLA-M5">271.541333333333</dst>
            <dst id="ATLAng">27412.6053333333</dst>
            <dst id="CHINng">77853.5946666667</dst>
            <dst id="DNVRng">12168.28</dst>
            <dst id="HSTNng">4438.38666666667</dst>
            <dst id="IPLSng">26736.5146666667</dst>
            <dst id="KSCYng">5373.37066666667</dst>
            <dst id="LOSAng">42932.288</dst>
            <dst id="NYCMng">6758.336</dst>
            <dst id="SNVAng">221.789333333333</dst>
            <dst id="STTLng">11152.7466666667</dst>
            <dst id="WASHng">29083.112</dst>
        </src>
        <src id="DNVRng">
            <dst id="ATLA-M5">0</dst>
            <dst id="ATLAng">6227.69866666667</dst>
            <dst id="CHINng">47330.2293333333</dst>
            <dst id="DNVRng">22162.2186666667</dst>
            <dst id="HSTNng">18967.5973333333</dst>
            <dst id="IPLSng">18085.208</dst>
            <dst id="KSCYng">15123.5973333333</dst>
            <dst id="LOSAng">13217.7973333333</dst>
            <dst id="NYCMng">11359.6666666667</dst>
            <dst id="SNVAng">6792.89333333333</dst>
            <dst id="STTLng">12259.64</dst>
            <dst id="WASHng">29190.84</dst>
        </src>
        <src id="HSTNng">
            <dst id="ATLA-M5">157.354666666667</dst>
            <dst id="ATLAng">9681.31733333333</dst>
            <dst id="CHINng">7725.21066666667</dst>
            <dst id="DNVRng">1793.97333333333</dst>
            <dst id="HSTNng">20897.5973333333</dst>
            <dst id="IPLSng">1127.11733333333</dst>
            <dst id="KSCYng">915.778666666667</dst>
            <dst id="LOSAng">5141.23733333333</dst>
            <dst id="NYCMng">988.394666666667</dst>
            <dst id="SNVAng">0</dst>
            <dst id="STTLng">2715.512</dst>
            <dst id="WASHng">1731.472</dst>
        </src>
        <src id="IPLSng">
            <dst id="ATLA-M5">58.9146666666666</dst>
            <dst id="ATLAng">11687.0266666667</dst>
            <dst id="CHINng">69766.6693333333</dst>
            <dst id="DNVRng">4170.50133333333</dst>
            <dst id="HSTNng">3902.85333333333</dst>
            <dst id="IPLSng">11067.8453333333</dst>
            <dst id="KSCYng">2119.08266666667</dst>
            <dst id="LOSAng">53709.1733333333</dst>
            <dst id="NYCMng">15400.68</dst>
            <dst id="SNVAng">661.72</dst>
            <dst id="STTLng">6741.05066666667</dst>
            <dst id="WASHng">7191.33866666667</dst>
        </src>
        <src id="KSCYng">
            <dst id="ATLA-M5">853.045333333333</dst>
            <dst id="ATLAng">12105.0106666667</dst>
            <dst id="CHINng">10730.5946666667</dst>
            <dst id="DNVRng">16955.616</dst>
            <dst id="HSTNng">3438.152</dst>
            <dst id="IPLSng">7227.46933333333</dst>
            <dst id="KSCYng">4585.872</dst>
            <dst id="LOSAng">6567.70133333333</dst>
            <dst id="NYCMng">2496.32</dst>
            <dst id="SNVAng">1090.416</dst>
            <dst id="STTLng">2340.78133333333</dst>
            <dst id="WASHng">11924.7973333333</dst>
        </src>
        <src id="LOSAng">
            <dst id="ATLA-M5">345.488</dst>
            <dst id="ATLAng">39828.1706666667</dst>
            <dst id="CHINng">102301.557333333</dst>
            <dst id="DNVRng">13645.5386666667</dst>
            <dst id="HSTNng">13586.8746666667</dst>
            <dst id="IPLSng">26393.9733333333</dst>
            <dst id="KSCYng">4233.01066666667</dst>
            <dst id="LOSAng">20090.5733333333</dst>
            <dst id="NYCMng">66221.9626666667</dst>
            <dst id="SNVAng">10909.0586666667</dst>
            <dst id="STTLng">39304.736</dst>
            <dst id="WASHng">110559.613333333</dst>
        </src>
        <src id="NYCMng">
            <dst id="ATLA-M5">174.637333333333</dst>
            <dst id="ATLAng">43192.6853333333</dst>
            <dst id="CHINng">34048.1333333333</dst>
            <dst id="DNVRng">26842</dst>
            <dst id="HSTNng">4193.75466666667</dst>
            <dst id="IPLSng">26377.272</dst>
            <dst id="KSCYng">9145.54666666667</dst>
            <dst id="LOSAng">78157.7066666667</dst>
            <dst id="NYCMng">74598.6666666667</dst>
            <dst id="SNVAng">2358.86133333333</dst>
            <dst id="STTLng">23498.68</dst>
            <dst id="WASHng">51718.8613333333</dst>
        </src>
        <src id="SNVAng">
            <dst id="ATLA-M5">0</dst>
            <dst id="ATLAng">53.3333333333333</dst>
            <dst id="CHINng">78.7733333333333</dst>
            <dst id="DNVRng">11844.616</dst>
            <dst id="HSTNng">42.2613333333333</dst>
            <dst id="IPLSng">1092.344</dst>
            <dst id="KSCYng">96.4826666666666</dst>
            <dst id="LOSAng">24979.2933333333</dst>
            <dst id="NYCMng">212.032</dst>
            <dst id="SNVAng">8292.41333333333</dst>
            <dst id="STTLng">27155.3813333333</dst>
            <dst id="WASHng">97.1786666666667</dst>
        </src>
        <src id="STTLng">
            <dst id="ATLA-M5">133.613333333333</dst>
            <dst id="ATLAng">11538.9813333333</dst>
            <dst id="CHINng">13586.816</dst>
            <dst id="DNVRng">4307.536</dst>
            <dst id="HSTNng">3153.328</dst>
            <dst id="IPLSng">9798.90933333333</dst>
            <dst id="KSCYng">2440.11733333333</dst>
            <dst id="LOSAng">30928.7253333333</dst>
            <dst id="NYCMng">8246.77066666667</dst>
            <dst id="SNVAng">3250.61866666667</dst>
            <dst id="STTLng">2160.55466666667</dst>
            <dst id="WASHng">9332.592</dst>
        </src>
        <src id="WASHng">
            <dst id="ATLA-M5">120.426666666667</dst>
            <dst id="ATLAng">103177.128</dst>
            <dst id="CHINng">84657.1173333333</dst>
            <dst id="DNVRng">41057.1546666667</dst>
            <dst id="HSTNng">22278.944</dst>
            <dst id="IPLSng">36454.7973333333</dst>
            <dst id="KSCYng">11153.344</dst>
            <dst id="LOSAng">116312.8</dst>
            <dst id="NYCMng">105758.794666667</dst>
            <dst id="SNVAng">973.792</dst>
            <dst id="STTLng">27435.0293333333</dst>
            <dst id="WASHng">117361.96</dst>
        </src>
    </IntraTM>
</TrafficMatrixFile>
