<?xml version="1.0" encoding="ISO-8859-1" standalone="yes"?>
<TrafficMatrixFile xsi:noNamespaceSchemaLocation="http://totem.run.montefiore.ulg.ac.be/Schema/TrafficMatrix-v1_2.xsd" xmlns:xsi="http://www.w3.org/2001/XMLSchema-instance">
    <IntraTM ASID="11537">
        <src id="ATLA-M5">
            <dst id="ATLA-M5">198.237333333333</dst>
            <dst id="ATLAng">221.48</dst>
            <dst id="CHINng">915.56</dst>
            <dst id="DNVRng">26.6666666666667</dst>
            <dst id="HSTNng">53.3333333333333</dst>
            <dst id="IPLSng">167.64</dst>
            <dst id="KSCYng">26.6666666666667</dst>
            <dst id="LOSAng">253.4</dst>
            <dst id="NYCMng">103.773333333333</dst>
            <dst id="SNVAng">0</dst>
            <dst id="STTLng">26.6666666666667</dst>
            <dst id="WASHng">536.050666666667</dst>
        </src>
        <src id="ATLAng">
            <dst id="ATLA-M5">653.933333333333</dst>
            <dst id="ATLAng">46484.0346666667</dst>
            <dst id="CHINng">14731.5093333333</dst>
            <dst id="DNVRng">9780.008</dst>
            <dst id="HSTNng">10758.1146666667</dst>
            <dst id="IPLSng">21253.4906666667</dst>
            <dst id="KSCYng">2158.05866666667</dst>
            <dst id="LOSAng">13717.228</dst>
            <dst id="NYCMng">13921.7973333333</dst>
            <dst id="SNVAng">1075.79066666667</dst>
            <dst id="STTLng">4328.82133333333</dst>
            <dst id="WASHng">61215.8613333333</dst>
        </src>
        <src id="CHINng">
            <dst id="ATLA-M5">664.736</dst>
            <dst id="ATLAng">23084.6453333333</dst>
            <dst id="CHINng">175037.957333333</dst>
            <dst id="DNVRng">11133.7066666667</dst>
            <dst id="HSTNng">8103.74666666667</dst>
            <dst id="IPLSng">44418.6213333333</dst>
            <dst id="KSCYng">7925.52</dst>
            <dst id="LOSAng">42675.5493333333</dst>
            <dst id="NYCMng">13645.064</dst>
            <dst id="SNVAng">2829.79466666667</dst>
            <dst id="STTLng">12452.9466666667</dst>
            <dst id="WASHng">30106.7386666667</dst>
        </src>
        <src id="DNVRng">
            <dst id="ATLA-M5">383.013333333333</dst>
            <dst id="ATLAng">17579.848</dst>
            <dst id="CHINng">80318.288</dst>
            <dst id="DNVRng">14506.264</dst>
            <dst id="HSTNng">30048.0266666667</dst>
            <dst id="IPLSng">23830.488</dst>
            <dst id="KSCYng">26511.3786666667</dst>
            <dst id="LOSAng">14909.2453333333</dst>
            <dst id="NYCMng">15074.5706666667</dst>
            <dst id="SNVAng">36043.8506666667</dst>
            <dst id="STTLng">17861.0373333333</dst>
            <dst id="WASHng">49204.808</dst>
        </src>
        <src id="HSTNng">
            <dst id="ATLA-M5">2204.84</dst>
            <dst id="ATLAng">5590.20533333334</dst>
            <dst id="CHINng">42567.4586666667</dst>
            <dst id="DNVRng">9037.20266666667</dst>
            <dst id="HSTNng">9869.02666666667</dst>
            <dst id="IPLSng">2888.94133333333</dst>
            <dst id="KSCYng">7270.24</dst>
            <dst id="LOSAng">11388.5626666667</dst>
            <dst id="NYCMng">2445.96</dst>
            <dst id="SNVAng">490.749333333333</dst>
            <dst id="STTLng">2157.59466666667</dst>
            <dst id="WASHng">7824.296</dst>
        </src>
        <src id="IPLSng">
            <dst id="ATLA-M5">488.250666666667</dst>
            <dst id="ATLAng">35643.7173333333</dst>
            <dst id="CHINng">142075.373333333</dst>
            <dst id="DNVRng">13953.544</dst>
            <dst id="HSTNng">7511.96</dst>
            <dst id="IPLSng">38756.8</dst>
            <dst id="KSCYng">12183.8026666667</dst>
            <dst id="LOSAng">34539.608</dst>
            <dst id="NYCMng">56852.888</dst>
            <dst id="SNVAng">2283.136</dst>
            <dst id="STTLng">9375.072</dst>
            <dst id="WASHng">26252.0266666667</dst>
        </src>
        <src id="KSCYng">
            <dst id="ATLA-M5">53.3333333333333</dst>
            <dst id="ATLAng">3363.23466666667</dst>
            <dst id="CHINng">22441.776</dst>
            <dst id="DNVRng">13561.7333333333</dst>
            <dst id="HSTNng">4931.456</dst>
            <dst id="IPLSng">14781.0693333333</dst>
            <dst id="KSCYng">9105.28266666667</dst>
            <dst id="LOSAng">5444.22666666667</dst>
            <dst id="NYCMng">7557.38933333334</dst>
            <dst id="SNVAng">5145.368</dst>
            <dst id="STTLng">2216.36533333333</dst>
            <dst id="WASHng">10671.8186666667</dst>
        </src>
        <src id="LOSAng">
            <dst id="ATLA-M5">694.581333333333</dst>
            <dst id="ATLAng">25911.184</dst>
            <dst id="CHINng">182975.498666667</dst>
            <dst id="DNVRng">23406.1306666667</dst>
            <dst id="HSTNng">43791.6453333333</dst>
            <dst id="IPLSng">43186.1013333333</dst>
            <dst id="KSCYng">14143.888</dst>
            <dst id="LOSAng">8535.04533333333</dst>
            <dst id="NYCMng">71095.4826666667</dst>
            <dst id="SNVAng">19095.9653333333</dst>
            <dst id="STTLng">37171.9626666667</dst>
            <dst id="WASHng">111958.698666667</dst>
        </src>
        <src id="NYCMng">
            <dst id="ATLA-M5">234.008</dst>
            <dst id="ATLAng">56437.7226666667</dst>
            <dst id="CHINng">58396.9626666667</dst>
            <dst id="DNVRng">30618.032</dst>
            <dst id="HSTNng">15102.056</dst>
            <dst id="IPLSng">43899.6773333333</dst>
            <dst id="KSCYng">22292.6773333333</dst>
            <dst id="LOSAng">62934.3253333333</dst>
            <dst id="NYCMng">136397.509333333</dst>
            <dst id="SNVAng">2036.13066666667</dst>
            <dst id="STTLng">26757.768</dst>
            <dst id="WASHng">93988.736</dst>
        </src>
        <src id="SNVAng">
            <dst id="ATLA-M5">41.6533333333333</dst>
            <dst id="ATLAng">1254.93866666667</dst>
            <dst id="CHINng">3327.98133333333</dst>
            <dst id="DNVRng">23702.3173333333</dst>
            <dst id="HSTNng">101.301333333333</dst>
            <dst id="IPLSng">4710.32266666667</dst>
            <dst id="KSCYng">124.034666666667</dst>
            <dst id="LOSAng">29212.6426666667</dst>
            <dst id="NYCMng">948.426666666667</dst>
            <dst id="SNVAng">13327.088</dst>
            <dst id="STTLng">21871.272</dst>
            <dst id="WASHng">106.704</dst>
        </src>
        <src id="STTLng">
            <dst id="ATLA-M5">299.610666666667</dst>
            <dst id="ATLAng">14960.848</dst>
            <dst id="CHINng">29892.752</dst>
            <dst id="DNVRng">3319.464</dst>
            <dst id="HSTNng">2932.38666666667</dst>
            <dst id="IPLSng">10528.9653333333</dst>
            <dst id="KSCYng">7349.26933333333</dst>
            <dst id="LOSAng">22907.0666666667</dst>
            <dst id="NYCMng">14076.3786666667</dst>
            <dst id="SNVAng">5871.46666666667</dst>
            <dst id="STTLng">8183.51466666667</dst>
            <dst id="WASHng">19056.024</dst>
        </src>
        <src id="WASHng">
            <dst id="ATLA-M5">637.530666666667</dst>
            <dst id="ATLAng">197489.96</dst>
            <dst id="CHINng">122673.213333333</dst>
            <dst id="DNVRng">85182.9333333333</dst>
            <dst id="HSTNng">20358.8693333333</dst>
            <dst id="IPLSng">77002.7813333333</dst>
            <dst id="KSCYng">31595.2266666667</dst>
            <dst id="LOSAng">115241.234666667</dst>
            <dst id="NYCMng">203383.301333333</dst>
            <dst id="SNVAng">3182.33866666667</dst>
            <dst id="STTLng">47217.2106666667</dst>
            <dst id="WASHng">366729.466666667</dst>
        </src>
    </IntraTM>
</TrafficMatrixFile>
