<?xml version="1.0" encoding="ISO-8859-1" standalone="yes"?>
<TrafficMatrixFile xsi:noNamespaceSchemaLocation="http://totem.run.montefiore.ulg.ac.be/Schema/TrafficMatrix-v1_2.xsd" xmlns:xsi="http://www.w3.org/2001/XMLSchema-instance">
    <IntraTM ASID="11537">
        <src id="ATLA-M5">
            <dst id="ATLA-M5">56.1066666666667</dst>
            <dst id="ATLAng">222.538666666667</dst>
            <dst id="CHINng">83.9226666666667</dst>
            <dst id="DNVRng">0</dst>
            <dst id="HSTNng">26.6666666666667</dst>
            <dst id="IPLSng">154.936</dst>
            <dst id="KSCYng">1368.53066666667</dst>
            <dst id="LOSAng">166.445333333333</dst>
            <dst id="NYCMng">26.6666666666667</dst>
            <dst id="SNVAng">0</dst>
            <dst id="STTLng">322.816</dst>
            <dst id="WASHng">909.909333333333</dst>
        </src>
        <src id="ATLAng">
            <dst id="ATLA-M5">111.002666666667</dst>
            <dst id="ATLAng">40612.7333333333</dst>
            <dst id="CHINng">9657.58933333333</dst>
            <dst id="DNVRng">8826.97066666667</dst>
            <dst id="HSTNng">912.714666666667</dst>
            <dst id="IPLSng">11024.0586666667</dst>
            <dst id="KSCYng">8679.04</dst>
            <dst id="LOSAng">35518.4746666667</dst>
            <dst id="NYCMng">6537.91733333333</dst>
            <dst id="SNVAng">182.889333333333</dst>
            <dst id="STTLng">6292.44266666667</dst>
            <dst id="WASHng">28500.4773333333</dst>
        </src>
        <src id="CHINng">
            <dst id="ATLA-M5">173.234666666667</dst>
            <dst id="ATLAng">22243.6906666667</dst>
            <dst id="CHINng">106536.304</dst>
            <dst id="DNVRng">5615.82666666667</dst>
            <dst id="HSTNng">8105.76</dst>
            <dst id="IPLSng">36187.9866666667</dst>
            <dst id="KSCYng">23270.0506666667</dst>
            <dst id="LOSAng">54941.5333333333</dst>
            <dst id="NYCMng">8162.93333333334</dst>
            <dst id="SNVAng">1205.66933333333</dst>
            <dst id="STTLng">9379.85066666667</dst>
            <dst id="WASHng">22932.448</dst>
        </src>
        <src id="DNVRng">
            <dst id="ATLA-M5">119.106666666667</dst>
            <dst id="ATLAng">10560.2693333333</dst>
            <dst id="CHINng">53007.9706666667</dst>
            <dst id="DNVRng">3600.23466666667</dst>
            <dst id="HSTNng">20235.696</dst>
            <dst id="IPLSng">22523.7413333333</dst>
            <dst id="KSCYng">18904.0426666667</dst>
            <dst id="LOSAng">16313.5493333333</dst>
            <dst id="NYCMng">10417.2133333333</dst>
            <dst id="SNVAng">4768.17066666667</dst>
            <dst id="STTLng">6370.856</dst>
            <dst id="WASHng">26197.1413333333</dst>
        </src>
        <src id="HSTNng">
            <dst id="ATLA-M5">966.634666666667</dst>
            <dst id="ATLAng">2865.848</dst>
            <dst id="CHINng">9651.61333333333</dst>
            <dst id="DNVRng">10537.8746666667</dst>
            <dst id="HSTNng">6490.992</dst>
            <dst id="IPLSng">3379.78133333333</dst>
            <dst id="KSCYng">1503.79733333333</dst>
            <dst id="LOSAng">21012.8933333333</dst>
            <dst id="NYCMng">1947.80533333333</dst>
            <dst id="SNVAng">0</dst>
            <dst id="STTLng">1051.792</dst>
            <dst id="WASHng">4916.952</dst>
        </src>
        <src id="IPLSng">
            <dst id="ATLA-M5">81.792</dst>
            <dst id="ATLAng">14330.5413333333</dst>
            <dst id="CHINng">71459.976</dst>
            <dst id="DNVRng">9621.01866666667</dst>
            <dst id="HSTNng">2159.31466666667</dst>
            <dst id="IPLSng">70854.4666666667</dst>
            <dst id="KSCYng">9973.392</dst>
            <dst id="LOSAng">53170.4453333333</dst>
            <dst id="NYCMng">20121.5173333333</dst>
            <dst id="SNVAng">537.565333333333</dst>
            <dst id="STTLng">9190.05066666667</dst>
            <dst id="WASHng">17074.2373333333</dst>
        </src>
        <src id="KSCYng">
            <dst id="ATLA-M5">30.8186666666667</dst>
            <dst id="ATLAng">3987.63733333333</dst>
            <dst id="CHINng">37284.816</dst>
            <dst id="DNVRng">9864.10666666667</dst>
            <dst id="HSTNng">3074.65066666667</dst>
            <dst id="IPLSng">8912.488</dst>
            <dst id="KSCYng">3662.33866666667</dst>
            <dst id="LOSAng">18599.3706666667</dst>
            <dst id="NYCMng">2911.72266666667</dst>
            <dst id="SNVAng">146.826666666667</dst>
            <dst id="STTLng">2435.13333333333</dst>
            <dst id="WASHng">9569.26133333333</dst>
        </src>
        <src id="LOSAng">
            <dst id="ATLA-M5">802.002666666667</dst>
            <dst id="ATLAng">25174.608</dst>
            <dst id="CHINng">97406.9813333333</dst>
            <dst id="DNVRng">11295.44</dst>
            <dst id="HSTNng">10643.0693333333</dst>
            <dst id="IPLSng">46362.016</dst>
            <dst id="KSCYng">6313.05066666667</dst>
            <dst id="LOSAng">25558.1893333333</dst>
            <dst id="NYCMng">101025.821333333</dst>
            <dst id="SNVAng">16136.7226666667</dst>
            <dst id="STTLng">40365.592</dst>
            <dst id="WASHng">111092.181333333</dst>
        </src>
        <src id="NYCMng">
            <dst id="ATLA-M5">607.122666666667</dst>
            <dst id="ATLAng">49033.6533333333</dst>
            <dst id="CHINng">47632.9893333333</dst>
            <dst id="DNVRng">128590.693333333</dst>
            <dst id="HSTNng">8613.63733333333</dst>
            <dst id="IPLSng">46102.7546666667</dst>
            <dst id="KSCYng">18950.7253333333</dst>
            <dst id="LOSAng">112455.952</dst>
            <dst id="NYCMng">72062.8133333333</dst>
            <dst id="SNVAng">10799.8026666667</dst>
            <dst id="STTLng">32804.7413333333</dst>
            <dst id="WASHng">72845.3413333333</dst>
        </src>
        <src id="SNVAng">
            <dst id="ATLA-M5">0</dst>
            <dst id="ATLAng">26.6666666666667</dst>
            <dst id="CHINng">558.056</dst>
            <dst id="DNVRng">7372.85066666667</dst>
            <dst id="HSTNng">60.192</dst>
            <dst id="IPLSng">287.770666666667</dst>
            <dst id="KSCYng">80</dst>
            <dst id="LOSAng">32941.3413333333</dst>
            <dst id="NYCMng">318.264</dst>
            <dst id="SNVAng">8015.744</dst>
            <dst id="STTLng">23937.7946666667</dst>
            <dst id="WASHng">326.602666666667</dst>
        </src>
        <src id="STTLng">
            <dst id="ATLA-M5">384.64</dst>
            <dst id="ATLAng">12391.48</dst>
            <dst id="CHINng">13207.1893333333</dst>
            <dst id="DNVRng">4337.53333333333</dst>
            <dst id="HSTNng">3594.17333333333</dst>
            <dst id="IPLSng">7339.66933333333</dst>
            <dst id="KSCYng">3950.40266666667</dst>
            <dst id="LOSAng">31773.2186666667</dst>
            <dst id="NYCMng">11546.9493333333</dst>
            <dst id="SNVAng">2854.208</dst>
            <dst id="STTLng">2303.33866666667</dst>
            <dst id="WASHng">8755.61333333333</dst>
        </src>
        <src id="WASHng">
            <dst id="ATLA-M5">984.389333333333</dst>
            <dst id="ATLAng">90243.5093333333</dst>
            <dst id="CHINng">74324.1333333333</dst>
            <dst id="DNVRng">56144.6133333333</dst>
            <dst id="HSTNng">28493.9786666667</dst>
            <dst id="IPLSng">43129.1973333333</dst>
            <dst id="KSCYng">17244.792</dst>
            <dst id="LOSAng">125052.234666667</dst>
            <dst id="NYCMng">144553.954666667</dst>
            <dst id="SNVAng">13037.1626666667</dst>
            <dst id="STTLng">37167.8293333333</dst>
            <dst id="WASHng">282565.173333333</dst>
        </src>
    </IntraTM>
</TrafficMatrixFile>
