<?xml version="1.0" encoding="ISO-8859-1" standalone="yes"?>
<TrafficMatrixFile xsi:noNamespaceSchemaLocation="http://totem.run.montefiore.ulg.ac.be/Schema/TrafficMatrix-v1_2.xsd" xmlns:xsi="http://www.w3.org/2001/XMLSchema-instance">
    <IntraTM ASID="11537">
        <src id="ATLA-M5">
            <dst id="ATLA-M5">0</dst>
            <dst id="ATLAng">0</dst>
            <dst id="CHINng">106.666666666667</dst>
            <dst id="DNVRng">0</dst>
            <dst id="HSTNng">111.181333333333</dst>
            <dst id="IPLSng">28.1893333333333</dst>
            <dst id="KSCYng">0</dst>
            <dst id="LOSAng">185.381333333333</dst>
            <dst id="NYCMng">0</dst>
            <dst id="SNVAng">0</dst>
            <dst id="STTLng">26.6666666666667</dst>
            <dst id="WASHng">371.845333333333</dst>
        </src>
        <src id="ATLAng">
            <dst id="ATLA-M5">73.8986666666667</dst>
            <dst id="ATLAng">29657.528</dst>
            <dst id="CHINng">13135.8506666667</dst>
            <dst id="DNVRng">4843.19733333333</dst>
            <dst id="HSTNng">1012.69066666667</dst>
            <dst id="IPLSng">11982.6373333333</dst>
            <dst id="KSCYng">1508.46666666667</dst>
            <dst id="LOSAng">15382.712</dst>
            <dst id="NYCMng">5507.34933333333</dst>
            <dst id="SNVAng">21.8053333333333</dst>
            <dst id="STTLng">4772.28266666667</dst>
            <dst id="WASHng">31867.992</dst>
        </src>
        <src id="CHINng">
            <dst id="ATLA-M5">235.122666666667</dst>
            <dst id="ATLAng">11173.68</dst>
            <dst id="CHINng">170934.448</dst>
            <dst id="DNVRng">15267.208</dst>
            <dst id="HSTNng">3547.33866666667</dst>
            <dst id="IPLSng">37568.6453333333</dst>
            <dst id="KSCYng">14831.808</dst>
            <dst id="LOSAng">68445.624</dst>
            <dst id="NYCMng">7246.92266666667</dst>
            <dst id="SNVAng">482.48</dst>
            <dst id="STTLng">6621.296</dst>
            <dst id="WASHng">11091.7386666667</dst>
        </src>
        <src id="DNVRng">
            <dst id="ATLA-M5">0</dst>
            <dst id="ATLAng">8100.248</dst>
            <dst id="CHINng">45328.192</dst>
            <dst id="DNVRng">24829.0426666667</dst>
            <dst id="HSTNng">22005.6666666667</dst>
            <dst id="IPLSng">21336.6933333333</dst>
            <dst id="KSCYng">20209.6666666667</dst>
            <dst id="LOSAng">7702.37066666667</dst>
            <dst id="NYCMng">10614.512</dst>
            <dst id="SNVAng">8927.85333333333</dst>
            <dst id="STTLng">8085.568</dst>
            <dst id="WASHng">33094.576</dst>
        </src>
        <src id="HSTNng">
            <dst id="ATLA-M5">3100.76533333333</dst>
            <dst id="ATLAng">4143.65333333333</dst>
            <dst id="CHINng">15615.1786666667</dst>
            <dst id="DNVRng">2265.51466666667</dst>
            <dst id="HSTNng">6477.98133333333</dst>
            <dst id="IPLSng">401.570666666667</dst>
            <dst id="KSCYng">1720.77866666667</dst>
            <dst id="LOSAng">14759.8693333333</dst>
            <dst id="NYCMng">2171.42933333333</dst>
            <dst id="SNVAng">0</dst>
            <dst id="STTLng">1032.50666666667</dst>
            <dst id="WASHng">1458.99733333333</dst>
        </src>
        <src id="IPLSng">
            <dst id="ATLA-M5">53.3333333333333</dst>
            <dst id="ATLAng">9863.30133333333</dst>
            <dst id="CHINng">54534.0986666667</dst>
            <dst id="DNVRng">11857.16</dst>
            <dst id="HSTNng">426.109333333333</dst>
            <dst id="IPLSng">26371.216</dst>
            <dst id="KSCYng">3586.136</dst>
            <dst id="LOSAng">62799.2213333333</dst>
            <dst id="NYCMng">26230.8106666667</dst>
            <dst id="SNVAng">345.186666666667</dst>
            <dst id="STTLng">10786.7333333333</dst>
            <dst id="WASHng">8280.01866666667</dst>
        </src>
        <src id="KSCYng">
            <dst id="ATLA-M5">26.6666666666667</dst>
            <dst id="ATLAng">963.912</dst>
            <dst id="CHINng">21758.5306666667</dst>
            <dst id="DNVRng">14297.6826666667</dst>
            <dst id="HSTNng">2999.15733333333</dst>
            <dst id="IPLSng">10433.9946666667</dst>
            <dst id="KSCYng">2267.23733333333</dst>
            <dst id="LOSAng">5557.952</dst>
            <dst id="NYCMng">3960.296</dst>
            <dst id="SNVAng">164.986666666667</dst>
            <dst id="STTLng">1370.192</dst>
            <dst id="WASHng">6950.59733333333</dst>
        </src>
        <src id="LOSAng">
            <dst id="ATLA-M5">28.2693333333333</dst>
            <dst id="ATLAng">10454.2026666667</dst>
            <dst id="CHINng">99217.9546666667</dst>
            <dst id="DNVRng">13034.0986666667</dst>
            <dst id="HSTNng">13254.0053333333</dst>
            <dst id="IPLSng">31986.4746666667</dst>
            <dst id="KSCYng">5145.456</dst>
            <dst id="LOSAng">20082.4693333333</dst>
            <dst id="NYCMng">62743.608</dst>
            <dst id="SNVAng">4762.41333333333</dst>
            <dst id="STTLng">53437.1573333333</dst>
            <dst id="WASHng">96165.224</dst>
        </src>
        <src id="NYCMng">
            <dst id="ATLA-M5">1057.72266666667</dst>
            <dst id="ATLAng">24882.44</dst>
            <dst id="CHINng">47213.3253333333</dst>
            <dst id="DNVRng">115690.522666667</dst>
            <dst id="HSTNng">18206.432</dst>
            <dst id="IPLSng">26097.6213333333</dst>
            <dst id="KSCYng">9362.192</dst>
            <dst id="LOSAng">89984.76</dst>
            <dst id="NYCMng">72539.016</dst>
            <dst id="SNVAng">1908.27466666667</dst>
            <dst id="STTLng">28966.648</dst>
            <dst id="WASHng">53654.2213333333</dst>
        </src>
        <src id="SNVAng">
            <dst id="ATLA-M5">0</dst>
            <dst id="ATLAng">53.3333333333333</dst>
            <dst id="CHINng">226.773333333333</dst>
            <dst id="DNVRng">771.144</dst>
            <dst id="HSTNng">80</dst>
            <dst id="IPLSng">255.845333333333</dst>
            <dst id="KSCYng">16807.5333333333</dst>
            <dst id="LOSAng">39600.6186666667</dst>
            <dst id="NYCMng">179.658666666667</dst>
            <dst id="SNVAng">10063.1466666667</dst>
            <dst id="STTLng">29291.464</dst>
            <dst id="WASHng">53.3333333333333</dst>
        </src>
        <src id="STTLng">
            <dst id="ATLA-M5">0</dst>
            <dst id="ATLAng">8780.18133333334</dst>
            <dst id="CHINng">24536.3013333333</dst>
            <dst id="DNVRng">1877.80533333333</dst>
            <dst id="HSTNng">587.629333333333</dst>
            <dst id="IPLSng">4691.93866666667</dst>
            <dst id="KSCYng">3122.312</dst>
            <dst id="LOSAng">27473.9066666667</dst>
            <dst id="NYCMng">7320.31733333333</dst>
            <dst id="SNVAng">2691.72533333333</dst>
            <dst id="STTLng">3949.58133333333</dst>
            <dst id="WASHng">4963.4</dst>
        </src>
        <src id="WASHng">
            <dst id="ATLA-M5">82.1413333333333</dst>
            <dst id="ATLAng">61673.56</dst>
            <dst id="CHINng">89166.7466666667</dst>
            <dst id="DNVRng">48964.6213333333</dst>
            <dst id="HSTNng">14458.8666666667</dst>
            <dst id="IPLSng">50584.32</dst>
            <dst id="KSCYng">10788.072</dst>
            <dst id="LOSAng">128499.306666667</dst>
            <dst id="NYCMng">189941.541333333</dst>
            <dst id="SNVAng">4892.68</dst>
            <dst id="STTLng">46547.3786666667</dst>
            <dst id="WASHng">280159.84</dst>
        </src>
    </IntraTM>
</TrafficMatrixFile>
