<?xml version="1.0" encoding="ISO-8859-1" standalone="yes"?>
<TrafficMatrixFile xsi:noNamespaceSchemaLocation="http://totem.run.montefiore.ulg.ac.be/Schema/TrafficMatrix-v1_2.xsd" xmlns:xsi="http://www.w3.org/2001/XMLSchema-instance">
    <IntraTM ASID="11537">
        <src id="ATLA-M5">
            <dst id="ATLA-M5">119.333333333333</dst>
            <dst id="ATLAng">130.048</dst>
            <dst id="CHINng">303.026666666667</dst>
            <dst id="DNVRng">53.3333333333333</dst>
            <dst id="HSTNng">127.362666666667</dst>
            <dst id="IPLSng">289.493333333333</dst>
            <dst id="KSCYng">113.144</dst>
            <dst id="LOSAng">223.269333333333</dst>
            <dst id="NYCMng">154.464</dst>
            <dst id="SNVAng">15.2</dst>
            <dst id="STTLng">53.3333333333333</dst>
            <dst id="WASHng">2274.256</dst>
        </src>
        <src id="ATLAng">
            <dst id="ATLA-M5">288.037333333333</dst>
            <dst id="ATLAng">41331.5813333333</dst>
            <dst id="CHINng">15058.3573333333</dst>
            <dst id="DNVRng">9682.264</dst>
            <dst id="HSTNng">4823.03466666667</dst>
            <dst id="IPLSng">16923.584</dst>
            <dst id="KSCYng">9055.66933333333</dst>
            <dst id="LOSAng">16626.232</dst>
            <dst id="NYCMng">12299.4906666667</dst>
            <dst id="SNVAng">1723.61333333333</dst>
            <dst id="STTLng">9140.872</dst>
            <dst id="WASHng">53815.6373333333</dst>
        </src>
        <src id="CHINng">
            <dst id="ATLA-M5">327.28</dst>
            <dst id="ATLAng">30880.856</dst>
            <dst id="CHINng">130206.898666667</dst>
            <dst id="DNVRng">29407.1546666667</dst>
            <dst id="HSTNng">8142.936</dst>
            <dst id="IPLSng">58094.568</dst>
            <dst id="KSCYng">5585.88533333333</dst>
            <dst id="LOSAng">110461.298666667</dst>
            <dst id="NYCMng">8805.37866666667</dst>
            <dst id="SNVAng">4754.50133333333</dst>
            <dst id="STTLng">19245.984</dst>
            <dst id="WASHng">39803.504</dst>
        </src>
        <src id="DNVRng">
            <dst id="ATLA-M5">647.968</dst>
            <dst id="ATLAng">29006.2826666667</dst>
            <dst id="CHINng">51466.3066666667</dst>
            <dst id="DNVRng">10601.976</dst>
            <dst id="HSTNng">33945.1733333333</dst>
            <dst id="IPLSng">26051.536</dst>
            <dst id="KSCYng">19164.56</dst>
            <dst id="LOSAng">13445.1173333333</dst>
            <dst id="NYCMng">12862.4853333333</dst>
            <dst id="SNVAng">26224.3893333333</dst>
            <dst id="STTLng">11989.5066666667</dst>
            <dst id="WASHng">35907.2853333333</dst>
        </src>
        <src id="HSTNng">
            <dst id="ATLA-M5">2434.88533333333</dst>
            <dst id="ATLAng">6785.67466666667</dst>
            <dst id="CHINng">35160.728</dst>
            <dst id="DNVRng">9694.35733333333</dst>
            <dst id="HSTNng">9828.696</dst>
            <dst id="IPLSng">4590.85866666667</dst>
            <dst id="KSCYng">2834.45066666667</dst>
            <dst id="LOSAng">16763.5626666667</dst>
            <dst id="NYCMng">5819.02933333333</dst>
            <dst id="SNVAng">368.976</dst>
            <dst id="STTLng">2923.18133333333</dst>
            <dst id="WASHng">18479.8746666667</dst>
        </src>
        <src id="IPLSng">
            <dst id="ATLA-M5">467.141333333333</dst>
            <dst id="ATLAng">19932.464</dst>
            <dst id="CHINng">65564.3466666667</dst>
            <dst id="DNVRng">13771.888</dst>
            <dst id="HSTNng">7507.50666666667</dst>
            <dst id="IPLSng">49223.1866666667</dst>
            <dst id="KSCYng">7153.69066666667</dst>
            <dst id="LOSAng">66845.6053333334</dst>
            <dst id="NYCMng">35413.408</dst>
            <dst id="SNVAng">3455.77066666667</dst>
            <dst id="STTLng">15211.616</dst>
            <dst id="WASHng">31496.3653333333</dst>
        </src>
        <src id="KSCYng">
            <dst id="ATLA-M5">1023.71466666667</dst>
            <dst id="ATLAng">6118.41066666667</dst>
            <dst id="CHINng">33004.728</dst>
            <dst id="DNVRng">10545.48</dst>
            <dst id="HSTNng">4089.18133333333</dst>
            <dst id="IPLSng">11692.92</dst>
            <dst id="KSCYng">6227.30933333333</dst>
            <dst id="LOSAng">8809.48266666667</dst>
            <dst id="NYCMng">8497.64533333333</dst>
            <dst id="SNVAng">1043.83733333333</dst>
            <dst id="STTLng">1842.992</dst>
            <dst id="WASHng">11413.5813333333</dst>
        </src>
        <src id="LOSAng">
            <dst id="ATLA-M5">1125.432</dst>
            <dst id="ATLAng">39233.5706666667</dst>
            <dst id="CHINng">122175.144</dst>
            <dst id="DNVRng">12817.2426666667</dst>
            <dst id="HSTNng">47817.1013333333</dst>
            <dst id="IPLSng">60943.2266666667</dst>
            <dst id="KSCYng">8411.92266666667</dst>
            <dst id="LOSAng">13831.584</dst>
            <dst id="NYCMng">78725.7946666667</dst>
            <dst id="SNVAng">21165.9626666667</dst>
            <dst id="STTLng">40717.544</dst>
            <dst id="WASHng">147844.928</dst>
        </src>
        <src id="NYCMng">
            <dst id="ATLA-M5">4266.272</dst>
            <dst id="ATLAng">59069.8506666667</dst>
            <dst id="CHINng">56785.856</dst>
            <dst id="DNVRng">116122.109333333</dst>
            <dst id="HSTNng">12159.296</dst>
            <dst id="IPLSng">57072.64</dst>
            <dst id="KSCYng">22256.4853333333</dst>
            <dst id="LOSAng">84036.648</dst>
            <dst id="NYCMng">151837.050666667</dst>
            <dst id="SNVAng">4679.51466666667</dst>
            <dst id="STTLng">35968.9706666667</dst>
            <dst id="WASHng">101309.008</dst>
        </src>
        <src id="SNVAng">
            <dst id="ATLA-M5">0</dst>
            <dst id="ATLAng">207.850666666667</dst>
            <dst id="CHINng">5641.808</dst>
            <dst id="DNVRng">1065.94133333333</dst>
            <dst id="HSTNng">3351.10666666667</dst>
            <dst id="IPLSng">5807.616</dst>
            <dst id="KSCYng">99.128</dst>
            <dst id="LOSAng">46842.6986666667</dst>
            <dst id="NYCMng">279.066666666667</dst>
            <dst id="SNVAng">11880.1546666667</dst>
            <dst id="STTLng">36230.5413333333</dst>
            <dst id="WASHng">614.018666666667</dst>
        </src>
        <src id="STTLng">
            <dst id="ATLA-M5">319.712</dst>
            <dst id="ATLAng">15822.5013333333</dst>
            <dst id="CHINng">32213.296</dst>
            <dst id="DNVRng">5800.61866666667</dst>
            <dst id="HSTNng">4497.24</dst>
            <dst id="IPLSng">18582.144</dst>
            <dst id="KSCYng">6414.65333333333</dst>
            <dst id="LOSAng">35129.8693333333</dst>
            <dst id="NYCMng">11129.736</dst>
            <dst id="SNVAng">5654.47466666667</dst>
            <dst id="STTLng">5606.82133333333</dst>
            <dst id="WASHng">20701.464</dst>
        </src>
        <src id="WASHng">
            <dst id="ATLA-M5">1108.2</dst>
            <dst id="ATLAng">118015.266666667</dst>
            <dst id="CHINng">109112.245333333</dst>
            <dst id="DNVRng">84859.1306666666</dst>
            <dst id="HSTNng">39665.28</dst>
            <dst id="IPLSng">79202.0906666667</dst>
            <dst id="KSCYng">19289.5973333333</dst>
            <dst id="LOSAng">119747.192</dst>
            <dst id="NYCMng">186963.525333333</dst>
            <dst id="SNVAng">7741.98933333333</dst>
            <dst id="STTLng">44028.448</dst>
            <dst id="WASHng">297133.386666667</dst>
        </src>
    </IntraTM>
</TrafficMatrixFile>
