<?xml version="1.0" encoding="ISO-8859-1" standalone="yes"?>
<TrafficMatrixFile xsi:noNamespaceSchemaLocation="http://totem.run.montefiore.ulg.ac.be/Schema/TrafficMatrix-v1_2.xsd" xmlns:xsi="http://www.w3.org/2001/XMLSchema-instance">
    <IntraTM ASID="11537">
        <src id="ATLA-M5">
            <dst id="ATLA-M5">0</dst>
            <dst id="ATLAng">768.333333333333</dst>
            <dst id="CHINng">34.1253333333333</dst>
            <dst id="DNVRng">26.6666666666667</dst>
            <dst id="HSTNng">123.650666666667</dst>
            <dst id="IPLSng">99.52</dst>
            <dst id="KSCYng">41.2693333333333</dst>
            <dst id="LOSAng">200.146666666667</dst>
            <dst id="NYCMng">262.453333333333</dst>
            <dst id="SNVAng">13.3333333333333</dst>
            <dst id="STTLng">195.234666666667</dst>
            <dst id="WASHng">1072.76266666667</dst>
        </src>
        <src id="ATLAng">
            <dst id="ATLA-M5">116.088</dst>
            <dst id="ATLAng">18065.9813333333</dst>
            <dst id="CHINng">6873.504</dst>
            <dst id="DNVRng">3368.66133333333</dst>
            <dst id="HSTNng">684.256</dst>
            <dst id="IPLSng">16045.1653333333</dst>
            <dst id="KSCYng">439.090666666667</dst>
            <dst id="LOSAng">11540.8733333333</dst>
            <dst id="NYCMng">5639.88266666667</dst>
            <dst id="SNVAng">164.481333333333</dst>
            <dst id="STTLng">6883.86933333333</dst>
            <dst id="WASHng">45194.7226666667</dst>
        </src>
        <src id="CHINng">
            <dst id="ATLA-M5">0</dst>
            <dst id="ATLAng">7816.344</dst>
            <dst id="CHINng">125442.226666667</dst>
            <dst id="DNVRng">10618.3866666667</dst>
            <dst id="HSTNng">4743.21066666667</dst>
            <dst id="IPLSng">40219.0293333333</dst>
            <dst id="KSCYng">6853.312</dst>
            <dst id="LOSAng">69068.36</dst>
            <dst id="NYCMng">13835.9813333333</dst>
            <dst id="SNVAng">1412.216</dst>
            <dst id="STTLng">8467.30133333333</dst>
            <dst id="WASHng">16971.4426666667</dst>
        </src>
        <src id="DNVRng">
            <dst id="ATLA-M5">124</dst>
            <dst id="ATLAng">6418.048</dst>
            <dst id="CHINng">56464.7866666667</dst>
            <dst id="DNVRng">26932.784</dst>
            <dst id="HSTNng">28485.24</dst>
            <dst id="IPLSng">20624.1413333333</dst>
            <dst id="KSCYng">29145.336</dst>
            <dst id="LOSAng">8650.152</dst>
            <dst id="NYCMng">13282.3706666667</dst>
            <dst id="SNVAng">14962.6906666667</dst>
            <dst id="STTLng">20654.568</dst>
            <dst id="WASHng">34785.5866666667</dst>
        </src>
        <src id="HSTNng">
            <dst id="ATLA-M5">3342.83733333333</dst>
            <dst id="ATLAng">1961.70933333333</dst>
            <dst id="CHINng">16246.2906666667</dst>
            <dst id="DNVRng">1991.24</dst>
            <dst id="HSTNng">5679.41333333333</dst>
            <dst id="IPLSng">583.386666666667</dst>
            <dst id="KSCYng">2729.00266666667</dst>
            <dst id="LOSAng">14113.104</dst>
            <dst id="NYCMng">1823.35466666667</dst>
            <dst id="SNVAng">0</dst>
            <dst id="STTLng">1366.88266666667</dst>
            <dst id="WASHng">2033.77066666667</dst>
        </src>
        <src id="IPLSng">
            <dst id="ATLA-M5">87.5733333333333</dst>
            <dst id="ATLAng">11954.832</dst>
            <dst id="CHINng">73049.8693333333</dst>
            <dst id="DNVRng">2897.808</dst>
            <dst id="HSTNng">835.464</dst>
            <dst id="IPLSng">26507.7013333333</dst>
            <dst id="KSCYng">1871.552</dst>
            <dst id="LOSAng">48675.5386666667</dst>
            <dst id="NYCMng">13412.4106666667</dst>
            <dst id="SNVAng">633.544</dst>
            <dst id="STTLng">13172.68</dst>
            <dst id="WASHng">17273.5893333333</dst>
        </src>
        <src id="KSCYng">
            <dst id="ATLA-M5">0</dst>
            <dst id="ATLAng">842.749333333333</dst>
            <dst id="CHINng">33320.3413333333</dst>
            <dst id="DNVRng">28668.2</dst>
            <dst id="HSTNng">2594.26666666667</dst>
            <dst id="IPLSng">10896.7973333333</dst>
            <dst id="KSCYng">6877.60533333333</dst>
            <dst id="LOSAng">5874</dst>
            <dst id="NYCMng">4650.69066666667</dst>
            <dst id="SNVAng">8472.10666666667</dst>
            <dst id="STTLng">2998.85866666667</dst>
            <dst id="WASHng">8536.59466666667</dst>
        </src>
        <src id="LOSAng">
            <dst id="ATLA-M5">124.344</dst>
            <dst id="ATLAng">6494.56533333333</dst>
            <dst id="CHINng">105892.165333333</dst>
            <dst id="DNVRng">7865.704</dst>
            <dst id="HSTNng">6712.56</dst>
            <dst id="IPLSng">20204.24</dst>
            <dst id="KSCYng">9923.41066666666</dst>
            <dst id="LOSAng">18508.1413333333</dst>
            <dst id="NYCMng">55463.7546666667</dst>
            <dst id="SNVAng">4327.25333333333</dst>
            <dst id="STTLng">47653.9146666667</dst>
            <dst id="WASHng">86152.576</dst>
        </src>
        <src id="NYCMng">
            <dst id="ATLA-M5">841.368</dst>
            <dst id="ATLAng">24283.5173333333</dst>
            <dst id="CHINng">54023.04</dst>
            <dst id="DNVRng">118492.088</dst>
            <dst id="HSTNng">8328.41866666667</dst>
            <dst id="IPLSng">29696.6906666667</dst>
            <dst id="KSCYng">7333.35733333333</dst>
            <dst id="LOSAng">79174.3066666667</dst>
            <dst id="NYCMng">91578.44</dst>
            <dst id="SNVAng">4585.17066666667</dst>
            <dst id="STTLng">25845.88</dst>
            <dst id="WASHng">52807.896</dst>
        </src>
        <src id="SNVAng">
            <dst id="ATLA-M5">0</dst>
            <dst id="ATLAng">26.6666666666667</dst>
            <dst id="CHINng">745.362666666667</dst>
            <dst id="DNVRng">1591.30933333333</dst>
            <dst id="HSTNng">66.0906666666667</dst>
            <dst id="IPLSng">4948.096</dst>
            <dst id="KSCYng">16344.192</dst>
            <dst id="LOSAng">39507.112</dst>
            <dst id="NYCMng">197.397333333333</dst>
            <dst id="SNVAng">13177.4026666667</dst>
            <dst id="STTLng">38727.264</dst>
            <dst id="WASHng">26.6666666666667</dst>
        </src>
        <src id="STTLng">
            <dst id="ATLA-M5">0</dst>
            <dst id="ATLAng">8434.95733333333</dst>
            <dst id="CHINng">29222.1413333333</dst>
            <dst id="DNVRng">3437.07466666667</dst>
            <dst id="HSTNng">707.242666666667</dst>
            <dst id="IPLSng">6463.43466666667</dst>
            <dst id="KSCYng">1784.86933333333</dst>
            <dst id="LOSAng">27523.5413333333</dst>
            <dst id="NYCMng">11214.3333333333</dst>
            <dst id="SNVAng">3748.13333333333</dst>
            <dst id="STTLng">6636.768</dst>
            <dst id="WASHng">6302.47466666666</dst>
        </src>
        <src id="WASHng">
            <dst id="ATLA-M5">339.229333333333</dst>
            <dst id="ATLAng">57278.464</dst>
            <dst id="CHINng">99700.5573333333</dst>
            <dst id="DNVRng">53603.4826666667</dst>
            <dst id="HSTNng">17761.5546666667</dst>
            <dst id="IPLSng">54673.8053333333</dst>
            <dst id="KSCYng">8977.03466666667</dst>
            <dst id="LOSAng">104619.936</dst>
            <dst id="NYCMng">136607.696</dst>
            <dst id="SNVAng">5257.656</dst>
            <dst id="STTLng">27245.8986666667</dst>
            <dst id="WASHng">293521.306666667</dst>
        </src>
    </IntraTM>
</TrafficMatrixFile>
