<?xml version="1.0" encoding="ISO-8859-1" standalone="yes"?>
<TrafficMatrixFile xsi:noNamespaceSchemaLocation="http://totem.run.montefiore.ulg.ac.be/Schema/TrafficMatrix-v1_2.xsd" xmlns:xsi="http://www.w3.org/2001/XMLSchema-instance">
    <IntraTM ASID="11537">
        <src id="ATLA-M5">
            <dst id="ATLA-M5">202.685333333333</dst>
            <dst id="ATLAng">1094.99733333333</dst>
            <dst id="CHINng">666.330666666667</dst>
            <dst id="DNVRng">104.688</dst>
            <dst id="HSTNng">361.842666666667</dst>
            <dst id="IPLSng">256.186666666667</dst>
            <dst id="KSCYng">89.464</dst>
            <dst id="LOSAng">470.501333333333</dst>
            <dst id="NYCMng">1183.27733333333</dst>
            <dst id="SNVAng">0</dst>
            <dst id="STTLng">0</dst>
            <dst id="WASHng">1979.64266666667</dst>
        </src>
        <src id="ATLAng">
            <dst id="ATLA-M5">853.378666666667</dst>
            <dst id="ATLAng">43602.5386666667</dst>
            <dst id="CHINng">28317.6453333333</dst>
            <dst id="DNVRng">5953.74133333333</dst>
            <dst id="HSTNng">5216.08</dst>
            <dst id="IPLSng">17658.6773333333</dst>
            <dst id="KSCYng">6159.84</dst>
            <dst id="LOSAng">33530.9066666667</dst>
            <dst id="NYCMng">7718.976</dst>
            <dst id="SNVAng">949.081333333333</dst>
            <dst id="STTLng">6198.91466666667</dst>
            <dst id="WASHng">64898.2293333333</dst>
        </src>
        <src id="CHINng">
            <dst id="ATLA-M5">493.330666666667</dst>
            <dst id="ATLAng">34604.4133333333</dst>
            <dst id="CHINng">132626.68</dst>
            <dst id="DNVRng">20334.0293333333</dst>
            <dst id="HSTNng">7335.27733333333</dst>
            <dst id="IPLSng">46530.592</dst>
            <dst id="KSCYng">14389.8426666667</dst>
            <dst id="LOSAng">50778.3653333333</dst>
            <dst id="NYCMng">9657.704</dst>
            <dst id="SNVAng">946.890666666667</dst>
            <dst id="STTLng">9319.48533333333</dst>
            <dst id="WASHng">55911.872</dst>
        </src>
        <src id="DNVRng">
            <dst id="ATLA-M5">256.52</dst>
            <dst id="ATLAng">10136.8613333333</dst>
            <dst id="CHINng">109967.698666667</dst>
            <dst id="DNVRng">24125.4426666667</dst>
            <dst id="HSTNng">28259.1066666667</dst>
            <dst id="IPLSng">25837.9146666667</dst>
            <dst id="KSCYng">31511.576</dst>
            <dst id="LOSAng">20443.2</dst>
            <dst id="NYCMng">13095.7066666667</dst>
            <dst id="SNVAng">19150.616</dst>
            <dst id="STTLng">14675.7973333333</dst>
            <dst id="WASHng">41250.424</dst>
        </src>
        <src id="HSTNng">
            <dst id="ATLA-M5">3403.05066666667</dst>
            <dst id="ATLAng">4944.66133333333</dst>
            <dst id="CHINng">24831.6773333333</dst>
            <dst id="DNVRng">2200.496</dst>
            <dst id="HSTNng">6925.60266666667</dst>
            <dst id="IPLSng">3906.54933333333</dst>
            <dst id="KSCYng">3658.48</dst>
            <dst id="LOSAng">10097.9653333333</dst>
            <dst id="NYCMng">2813.224</dst>
            <dst id="SNVAng">274.184</dst>
            <dst id="STTLng">1840.94666666667</dst>
            <dst id="WASHng">9472.46133333333</dst>
        </src>
        <src id="IPLSng">
            <dst id="ATLA-M5">96.768</dst>
            <dst id="ATLAng">19276.7493333333</dst>
            <dst id="CHINng">120094.354666667</dst>
            <dst id="DNVRng">10535.968</dst>
            <dst id="HSTNng">5283.33066666667</dst>
            <dst id="IPLSng">39113.7226666667</dst>
            <dst id="KSCYng">6188.096</dst>
            <dst id="LOSAng">32932.328</dst>
            <dst id="NYCMng">28078.392</dst>
            <dst id="SNVAng">1165.45066666667</dst>
            <dst id="STTLng">12918.024</dst>
            <dst id="WASHng">25480.832</dst>
        </src>
        <src id="KSCYng">
            <dst id="ATLA-M5">382.152</dst>
            <dst id="ATLAng">6446.78133333333</dst>
            <dst id="CHINng">26033.0293333333</dst>
            <dst id="DNVRng">16769.6933333333</dst>
            <dst id="HSTNng">7730.44</dst>
            <dst id="IPLSng">18605.8133333333</dst>
            <dst id="KSCYng">8408.23733333333</dst>
            <dst id="LOSAng">7969.08533333333</dst>
            <dst id="NYCMng">2955.58666666667</dst>
            <dst id="SNVAng">219.173333333333</dst>
            <dst id="STTLng">1934.21066666667</dst>
            <dst id="WASHng">9879.29066666667</dst>
        </src>
        <src id="LOSAng">
            <dst id="ATLA-M5">2094.096</dst>
            <dst id="ATLAng">37389.112</dst>
            <dst id="CHINng">146021.685333333</dst>
            <dst id="DNVRng">9845.92</dst>
            <dst id="HSTNng">14604.576</dst>
            <dst id="IPLSng">107882.501333333</dst>
            <dst id="KSCYng">11293.912</dst>
            <dst id="LOSAng">15567.48</dst>
            <dst id="NYCMng">61378.112</dst>
            <dst id="SNVAng">15023.0746666667</dst>
            <dst id="STTLng">55526.7093333333</dst>
            <dst id="WASHng">112656.138666667</dst>
        </src>
        <src id="NYCMng">
            <dst id="ATLA-M5">456.224</dst>
            <dst id="ATLAng">57585.3493333333</dst>
            <dst id="CHINng">69189.8</dst>
            <dst id="DNVRng">27532.4853333333</dst>
            <dst id="HSTNng">12695.5146666667</dst>
            <dst id="IPLSng">81404.8426666667</dst>
            <dst id="KSCYng">16998.1386666667</dst>
            <dst id="LOSAng">63271.6746666667</dst>
            <dst id="NYCMng">126348.624</dst>
            <dst id="SNVAng">4224.24266666667</dst>
            <dst id="STTLng">27040.7706666667</dst>
            <dst id="WASHng">103298.821333333</dst>
        </src>
        <src id="SNVAng">
            <dst id="ATLA-M5">0</dst>
            <dst id="ATLAng">1336.34666666667</dst>
            <dst id="CHINng">9803.29866666667</dst>
            <dst id="DNVRng">9240.46666666667</dst>
            <dst id="HSTNng">386.746666666667</dst>
            <dst id="IPLSng">1492.50933333333</dst>
            <dst id="KSCYng">141.210666666667</dst>
            <dst id="LOSAng">19679.7333333333</dst>
            <dst id="NYCMng">374.162666666667</dst>
            <dst id="SNVAng">9747.272</dst>
            <dst id="STTLng">22100.8666666667</dst>
            <dst id="WASHng">406.786666666667</dst>
        </src>
        <src id="STTLng">
            <dst id="ATLA-M5">338.906666666667</dst>
            <dst id="ATLAng">16349.176</dst>
            <dst id="CHINng">38577.576</dst>
            <dst id="DNVRng">3866.248</dst>
            <dst id="HSTNng">5983.95733333333</dst>
            <dst id="IPLSng">20448.4</dst>
            <dst id="KSCYng">5267.89066666667</dst>
            <dst id="LOSAng">22645.0506666667</dst>
            <dst id="NYCMng">19602.272</dst>
            <dst id="SNVAng">10535.768</dst>
            <dst id="STTLng">8551.71466666667</dst>
            <dst id="WASHng">17030.808</dst>
        </src>
        <src id="WASHng">
            <dst id="ATLA-M5">1874.13333333333</dst>
            <dst id="ATLAng">91137.328</dst>
            <dst id="CHINng">119954.989333333</dst>
            <dst id="DNVRng">73419.8826666667</dst>
            <dst id="HSTNng">25859.128</dst>
            <dst id="IPLSng">95738.912</dst>
            <dst id="KSCYng">55438</dst>
            <dst id="LOSAng">109495.981333333</dst>
            <dst id="NYCMng">160650.141333333</dst>
            <dst id="SNVAng">2882.968</dst>
            <dst id="STTLng">30082.7093333333</dst>
            <dst id="WASHng">388035.76</dst>
        </src>
    </IntraTM>
</TrafficMatrixFile>
