<?xml version="1.0" encoding="ISO-8859-1" standalone="yes"?>
<TrafficMatrixFile xsi:noNamespaceSchemaLocation="http://totem.run.montefiore.ulg.ac.be/Schema/TrafficMatrix-v1_2.xsd" xmlns:xsi="http://www.w3.org/2001/XMLSchema-instance">
    <IntraTM ASID="11537">
        <src id="ATLA-M5">
            <dst id="ATLA-M5">26.6666666666667</dst>
            <dst id="ATLAng">68.7093333333333</dst>
            <dst id="CHINng">122.413333333333</dst>
            <dst id="DNVRng">0</dst>
            <dst id="HSTNng">143.650666666667</dst>
            <dst id="IPLSng">0</dst>
            <dst id="KSCYng">29.0453333333333</dst>
            <dst id="LOSAng">118.426666666667</dst>
            <dst id="NYCMng">71.0106666666667</dst>
            <dst id="SNVAng">0</dst>
            <dst id="STTLng">0</dst>
            <dst id="WASHng">249.333333333333</dst>
        </src>
        <src id="ATLAng">
            <dst id="ATLA-M5">106.504</dst>
            <dst id="ATLAng">22371.5786666667</dst>
            <dst id="CHINng">3621.16</dst>
            <dst id="DNVRng">5058.61066666667</dst>
            <dst id="HSTNng">547.722666666667</dst>
            <dst id="IPLSng">11434.9253333333</dst>
            <dst id="KSCYng">427.277333333333</dst>
            <dst id="LOSAng">15179.7946666667</dst>
            <dst id="NYCMng">7356.25333333333</dst>
            <dst id="SNVAng">53.3333333333333</dst>
            <dst id="STTLng">3732.24</dst>
            <dst id="WASHng">51911.6906666666</dst>
        </src>
        <src id="CHINng">
            <dst id="ATLA-M5">0</dst>
            <dst id="ATLAng">4743.624</dst>
            <dst id="CHINng">109934.893333333</dst>
            <dst id="DNVRng">12590.5973333333</dst>
            <dst id="HSTNng">4812.49333333333</dst>
            <dst id="IPLSng">34204.4453333333</dst>
            <dst id="KSCYng">5357.952</dst>
            <dst id="LOSAng">61122.9813333333</dst>
            <dst id="NYCMng">8097.09866666667</dst>
            <dst id="SNVAng">239.202666666667</dst>
            <dst id="STTLng">8660.09866666666</dst>
            <dst id="WASHng">13889.6106666667</dst>
        </src>
        <src id="DNVRng">
            <dst id="ATLA-M5">40.96</dst>
            <dst id="ATLAng">6457.97866666667</dst>
            <dst id="CHINng">54718.92</dst>
            <dst id="DNVRng">28558.0986666667</dst>
            <dst id="HSTNng">27408.8373333333</dst>
            <dst id="IPLSng">20278.9066666667</dst>
            <dst id="KSCYng">25544.9733333333</dst>
            <dst id="LOSAng">17724.104</dst>
            <dst id="NYCMng">8100.63733333333</dst>
            <dst id="SNVAng">14360.8533333333</dst>
            <dst id="STTLng">16631.6826666667</dst>
            <dst id="WASHng">38471.592</dst>
        </src>
        <src id="HSTNng">
            <dst id="ATLA-M5">4286.776</dst>
            <dst id="ATLAng">1662.18666666667</dst>
            <dst id="CHINng">13218.5893333333</dst>
            <dst id="DNVRng">6674.97866666667</dst>
            <dst id="HSTNng">2846.31733333333</dst>
            <dst id="IPLSng">441.242666666667</dst>
            <dst id="KSCYng">2165.18933333333</dst>
            <dst id="LOSAng">9191.12</dst>
            <dst id="NYCMng">3412.56</dst>
            <dst id="SNVAng">0</dst>
            <dst id="STTLng">2192.21333333333</dst>
            <dst id="WASHng">1000.64</dst>
        </src>
        <src id="IPLSng">
            <dst id="ATLA-M5">97.904</dst>
            <dst id="ATLAng">24926.736</dst>
            <dst id="CHINng">70502.3066666667</dst>
            <dst id="DNVRng">2869.94133333333</dst>
            <dst id="HSTNng">703.189333333333</dst>
            <dst id="IPLSng">26978.7466666667</dst>
            <dst id="KSCYng">2057.288</dst>
            <dst id="LOSAng">57126.88</dst>
            <dst id="NYCMng">8978.672</dst>
            <dst id="SNVAng">93.0213333333333</dst>
            <dst id="STTLng">17208.6853333333</dst>
            <dst id="WASHng">23772.2346666667</dst>
        </src>
        <src id="KSCYng">
            <dst id="ATLA-M5">0</dst>
            <dst id="ATLAng">1442.85066666667</dst>
            <dst id="CHINng">29019.16</dst>
            <dst id="DNVRng">8791.70666666667</dst>
            <dst id="HSTNng">2314.47466666667</dst>
            <dst id="IPLSng">11399.4853333333</dst>
            <dst id="KSCYng">4404.78666666667</dst>
            <dst id="LOSAng">11921.4693333333</dst>
            <dst id="NYCMng">4720.256</dst>
            <dst id="SNVAng">38.432</dst>
            <dst id="STTLng">2625.776</dst>
            <dst id="WASHng">6277.04533333333</dst>
        </src>
        <src id="LOSAng">
            <dst id="ATLA-M5">495.802666666667</dst>
            <dst id="ATLAng">7883.36</dst>
            <dst id="CHINng">126653.298666667</dst>
            <dst id="DNVRng">8379.21066666667</dst>
            <dst id="HSTNng">4243.65333333333</dst>
            <dst id="IPLSng">32206.9626666667</dst>
            <dst id="KSCYng">4232.392</dst>
            <dst id="LOSAng">17130.168</dst>
            <dst id="NYCMng">48879.5786666667</dst>
            <dst id="SNVAng">6949.61333333333</dst>
            <dst id="STTLng">42287.1386666667</dst>
            <dst id="WASHng">91297.992</dst>
        </src>
        <src id="NYCMng">
            <dst id="ATLA-M5">658.685333333333</dst>
            <dst id="ATLAng">25358.8373333333</dst>
            <dst id="CHINng">48821.904</dst>
            <dst id="DNVRng">114192.821333333</dst>
            <dst id="HSTNng">5400.79733333333</dst>
            <dst id="IPLSng">23229.2613333333</dst>
            <dst id="KSCYng">10306.8373333333</dst>
            <dst id="LOSAng">95811.824</dst>
            <dst id="NYCMng">81065.4906666667</dst>
            <dst id="SNVAng">1241.2</dst>
            <dst id="STTLng">25248.8346666667</dst>
            <dst id="WASHng">58031.4186666667</dst>
        </src>
        <src id="SNVAng">
            <dst id="ATLA-M5">0</dst>
            <dst id="ATLAng">0</dst>
            <dst id="CHINng">589.136</dst>
            <dst id="DNVRng">2383.02133333333</dst>
            <dst id="HSTNng">29.44</dst>
            <dst id="IPLSng">285.914666666667</dst>
            <dst id="KSCYng">0</dst>
            <dst id="LOSAng">29948.6133333333</dst>
            <dst id="NYCMng">146.28</dst>
            <dst id="SNVAng">7727.904</dst>
            <dst id="STTLng">23506.296</dst>
            <dst id="WASHng">80</dst>
        </src>
        <src id="STTLng">
            <dst id="ATLA-M5">0</dst>
            <dst id="ATLAng">8419.00266666667</dst>
            <dst id="CHINng">29713.496</dst>
            <dst id="DNVRng">2339.128</dst>
            <dst id="HSTNng">603.848</dst>
            <dst id="IPLSng">7276.12266666667</dst>
            <dst id="KSCYng">5842.09333333333</dst>
            <dst id="LOSAng">21805.3786666667</dst>
            <dst id="NYCMng">12163.3066666667</dst>
            <dst id="SNVAng">3631.67466666667</dst>
            <dst id="STTLng">4940.968</dst>
            <dst id="WASHng">4247.36266666667</dst>
        </src>
        <src id="WASHng">
            <dst id="ATLA-M5">53.3333333333333</dst>
            <dst id="ATLAng">73779.912</dst>
            <dst id="CHINng">80105.424</dst>
            <dst id="DNVRng">90338.6133333333</dst>
            <dst id="HSTNng">15708.7466666667</dst>
            <dst id="IPLSng">28029.5813333333</dst>
            <dst id="KSCYng">17188.664</dst>
            <dst id="LOSAng">107466.872</dst>
            <dst id="NYCMng">132882.605333333</dst>
            <dst id="SNVAng">6430.03466666667</dst>
            <dst id="STTLng">26441.2826666667</dst>
            <dst id="WASHng">295567.92</dst>
        </src>
    </IntraTM>
</TrafficMatrixFile>
