<?xml version="1.0" encoding="ISO-8859-1" standalone="yes"?>
<TrafficMatrixFile xsi:noNamespaceSchemaLocation="http://totem.run.montefiore.ulg.ac.be/Schema/TrafficMatrix-v1_2.xsd" xmlns:xsi="http://www.w3.org/2001/XMLSchema-instance">
    <IntraTM ASID="11537">
        <src id="ATLA-M5">
            <dst id="ATLA-M5">53.3333333333333</dst>
            <dst id="ATLAng">460.434666666667</dst>
            <dst id="CHINng">141.125333333333</dst>
            <dst id="DNVRng">0</dst>
            <dst id="HSTNng">0</dst>
            <dst id="IPLSng">0</dst>
            <dst id="KSCYng">0</dst>
            <dst id="LOSAng">568.610666666667</dst>
            <dst id="NYCMng">81.696</dst>
            <dst id="SNVAng">0</dst>
            <dst id="STTLng">0</dst>
            <dst id="WASHng">53.3333333333333</dst>
        </src>
        <src id="ATLAng">
            <dst id="ATLA-M5">233.242666666667</dst>
            <dst id="ATLAng">33557.328</dst>
            <dst id="CHINng">12079.3466666667</dst>
            <dst id="DNVRng">5003.416</dst>
            <dst id="HSTNng">1048.82666666667</dst>
            <dst id="IPLSng">12002.4613333333</dst>
            <dst id="KSCYng">668.482666666667</dst>
            <dst id="LOSAng">14621.0186666667</dst>
            <dst id="NYCMng">4454.13066666667</dst>
            <dst id="SNVAng">53.3333333333333</dst>
            <dst id="STTLng">4243.024</dst>
            <dst id="WASHng">24650.064</dst>
        </src>
        <src id="CHINng">
            <dst id="ATLA-M5">346.154666666667</dst>
            <dst id="ATLAng">30921.9173333333</dst>
            <dst id="CHINng">53227.896</dst>
            <dst id="DNVRng">12505.0826666667</dst>
            <dst id="HSTNng">8138.296</dst>
            <dst id="IPLSng">33277.5173333333</dst>
            <dst id="KSCYng">7574.68</dst>
            <dst id="LOSAng">52153.688</dst>
            <dst id="NYCMng">7287.71466666667</dst>
            <dst id="SNVAng">1324.13333333333</dst>
            <dst id="STTLng">10209.632</dst>
            <dst id="WASHng">26762.5146666667</dst>
        </src>
        <src id="DNVRng">
            <dst id="ATLA-M5">0</dst>
            <dst id="ATLAng">1901.032</dst>
            <dst id="CHINng">38383.9333333333</dst>
            <dst id="DNVRng">8523.59733333333</dst>
            <dst id="HSTNng">21664.992</dst>
            <dst id="IPLSng">19635.0186666667</dst>
            <dst id="KSCYng">14634.768</dst>
            <dst id="LOSAng">17030.4693333333</dst>
            <dst id="NYCMng">8642.16533333333</dst>
            <dst id="SNVAng">6489.31733333333</dst>
            <dst id="STTLng">11068.6693333333</dst>
            <dst id="WASHng">30086.5066666667</dst>
        </src>
        <src id="HSTNng">
            <dst id="ATLA-M5">162.826666666667</dst>
            <dst id="ATLAng">17269.0773333333</dst>
            <dst id="CHINng">15285.1786666667</dst>
            <dst id="DNVRng">1918.07733333333</dst>
            <dst id="HSTNng">11072.4933333333</dst>
            <dst id="IPLSng">354.554666666667</dst>
            <dst id="KSCYng">1033.76266666667</dst>
            <dst id="LOSAng">8074.552</dst>
            <dst id="NYCMng">1746.57066666667</dst>
            <dst id="SNVAng">0</dst>
            <dst id="STTLng">2114.01066666667</dst>
            <dst id="WASHng">3203.22933333333</dst>
        </src>
        <src id="IPLSng">
            <dst id="ATLA-M5">199.829333333333</dst>
            <dst id="ATLAng">9390.76533333333</dst>
            <dst id="CHINng">45535.9866666667</dst>
            <dst id="DNVRng">3732.808</dst>
            <dst id="HSTNng">2771.872</dst>
            <dst id="IPLSng">13338.312</dst>
            <dst id="KSCYng">5421.39733333334</dst>
            <dst id="LOSAng">49192.2186666667</dst>
            <dst id="NYCMng">35641.4106666667</dst>
            <dst id="SNVAng">309.122666666667</dst>
            <dst id="STTLng">8468.46933333333</dst>
            <dst id="WASHng">14368.152</dst>
        </src>
        <src id="KSCYng">
            <dst id="ATLA-M5">0</dst>
            <dst id="ATLAng">800.933333333333</dst>
            <dst id="CHINng">19312.072</dst>
            <dst id="DNVRng">9409.01066666667</dst>
            <dst id="HSTNng">3748.41866666667</dst>
            <dst id="IPLSng">10291.3146666667</dst>
            <dst id="KSCYng">9412.37866666667</dst>
            <dst id="LOSAng">6145.57066666667</dst>
            <dst id="NYCMng">1238.88</dst>
            <dst id="SNVAng">815.965333333334</dst>
            <dst id="STTLng">2290.568</dst>
            <dst id="WASHng">14206.9733333333</dst>
        </src>
        <src id="LOSAng">
            <dst id="ATLA-M5">481.594666666667</dst>
            <dst id="ATLAng">48066.664</dst>
            <dst id="CHINng">79359.7413333333</dst>
            <dst id="DNVRng">7628.06933333333</dst>
            <dst id="HSTNng">4875.46933333333</dst>
            <dst id="IPLSng">33142.6</dst>
            <dst id="KSCYng">2789.312</dst>
            <dst id="LOSAng">26857.2373333333</dst>
            <dst id="NYCMng">69025.8186666667</dst>
            <dst id="SNVAng">9958.28</dst>
            <dst id="STTLng">45653.1813333333</dst>
            <dst id="WASHng">149524.050666667</dst>
        </src>
        <src id="NYCMng">
            <dst id="ATLA-M5">47.176</dst>
            <dst id="ATLAng">32932.4586666667</dst>
            <dst id="CHINng">37134.0453333333</dst>
            <dst id="DNVRng">24131.8</dst>
            <dst id="HSTNng">7184.776</dst>
            <dst id="IPLSng">27979.0853333333</dst>
            <dst id="KSCYng">7161.816</dst>
            <dst id="LOSAng">85854.8506666667</dst>
            <dst id="NYCMng">86983.1786666667</dst>
            <dst id="SNVAng">3255.704</dst>
            <dst id="STTLng">25971.36</dst>
            <dst id="WASHng">65908.648</dst>
        </src>
        <src id="SNVAng">
            <dst id="ATLA-M5">0</dst>
            <dst id="ATLAng">53.3333333333333</dst>
            <dst id="CHINng">123.013333333333</dst>
            <dst id="DNVRng">4930.92266666667</dst>
            <dst id="HSTNng">279.872</dst>
            <dst id="IPLSng">5475.488</dst>
            <dst id="KSCYng">265.461333333333</dst>
            <dst id="LOSAng">40031.0666666667</dst>
            <dst id="NYCMng">491.456</dst>
            <dst id="SNVAng">8774.384</dst>
            <dst id="STTLng">25521.1653333333</dst>
            <dst id="WASHng">133.333333333333</dst>
        </src>
        <src id="STTLng">
            <dst id="ATLA-M5">26.6666666666667</dst>
            <dst id="ATLAng">8643.26666666667</dst>
            <dst id="CHINng">19166.9253333333</dst>
            <dst id="DNVRng">1925.54933333333</dst>
            <dst id="HSTNng">1694.91733333333</dst>
            <dst id="IPLSng">9284.37866666667</dst>
            <dst id="KSCYng">2737.82933333333</dst>
            <dst id="LOSAng">36547.8826666667</dst>
            <dst id="NYCMng">8133.05866666667</dst>
            <dst id="SNVAng">5102.92266666667</dst>
            <dst id="STTLng">4566.25333333333</dst>
            <dst id="WASHng">7413.98133333333</dst>
        </src>
        <src id="WASHng">
            <dst id="ATLA-M5">26.6666666666667</dst>
            <dst id="ATLAng">108772.877333333</dst>
            <dst id="CHINng">80250.92</dst>
            <dst id="DNVRng">52437.696</dst>
            <dst id="HSTNng">31504.4746666667</dst>
            <dst id="IPLSng">46610.352</dst>
            <dst id="KSCYng">11375</dst>
            <dst id="LOSAng">111957.762666667</dst>
            <dst id="NYCMng">178914.597333333</dst>
            <dst id="SNVAng">774.106666666667</dst>
            <dst id="STTLng">28330.272</dst>
            <dst id="WASHng">138079.789333333</dst>
        </src>
    </IntraTM>
</TrafficMatrixFile>
