<?xml version="1.0" encoding="ISO-8859-1" standalone="yes"?>
<TrafficMatrixFile xsi:noNamespaceSchemaLocation="http://totem.run.montefiore.ulg.ac.be/Schema/TrafficMatrix-v1_2.xsd" xmlns:xsi="http://www.w3.org/2001/XMLSchema-instance">
    <IntraTM ASID="11537">
        <src id="ATLA-M5">
            <dst id="ATLA-M5">1028.97066666667</dst>
            <dst id="ATLAng">520.946666666667</dst>
            <dst id="CHINng">1038.512</dst>
            <dst id="DNVRng">141.410666666667</dst>
            <dst id="HSTNng">53.3333333333333</dst>
            <dst id="IPLSng">503.696</dst>
            <dst id="KSCYng">135.130666666667</dst>
            <dst id="LOSAng">208.021333333333</dst>
            <dst id="NYCMng">0</dst>
            <dst id="SNVAng">0</dst>
            <dst id="STTLng">0</dst>
            <dst id="WASHng">590.453333333333</dst>
        </src>
        <src id="ATLAng">
            <dst id="ATLA-M5">447.285333333333</dst>
            <dst id="ATLAng">43143.4106666667</dst>
            <dst id="CHINng">12100.7973333333</dst>
            <dst id="DNVRng">6522.152</dst>
            <dst id="HSTNng">3767.12266666667</dst>
            <dst id="IPLSng">13664.0933333333</dst>
            <dst id="KSCYng">10419.2693333333</dst>
            <dst id="LOSAng">20780.7613333333</dst>
            <dst id="NYCMng">13401.2773333333</dst>
            <dst id="SNVAng">929.716</dst>
            <dst id="STTLng">4935.97066666667</dst>
            <dst id="WASHng">51691.0693333333</dst>
        </src>
        <src id="CHINng">
            <dst id="ATLA-M5">777.514666666667</dst>
            <dst id="ATLAng">27602.896</dst>
            <dst id="CHINng">106473.370666667</dst>
            <dst id="DNVRng">19035.7653333333</dst>
            <dst id="HSTNng">10096.1973333333</dst>
            <dst id="IPLSng">48755.376</dst>
            <dst id="KSCYng">18251.0693333333</dst>
            <dst id="LOSAng">127196.024</dst>
            <dst id="NYCMng">6262.80266666667</dst>
            <dst id="SNVAng">1519.14933333333</dst>
            <dst id="STTLng">8070.832</dst>
            <dst id="WASHng">37639.3226666667</dst>
        </src>
        <src id="DNVRng">
            <dst id="ATLA-M5">5205.00533333333</dst>
            <dst id="ATLAng">32013.6213333333</dst>
            <dst id="CHINng">43988.2773333333</dst>
            <dst id="DNVRng">12138.688</dst>
            <dst id="HSTNng">30718.0986666667</dst>
            <dst id="IPLSng">34031.7146666667</dst>
            <dst id="KSCYng">16375.08</dst>
            <dst id="LOSAng">22489.232</dst>
            <dst id="NYCMng">23980.4613333333</dst>
            <dst id="SNVAng">26567.3973333333</dst>
            <dst id="STTLng">13247.4293333333</dst>
            <dst id="WASHng">39619.3706666667</dst>
        </src>
        <src id="HSTNng">
            <dst id="ATLA-M5">1433.168</dst>
            <dst id="ATLAng">8492.34133333334</dst>
            <dst id="CHINng">14861.624</dst>
            <dst id="DNVRng">10143.84</dst>
            <dst id="HSTNng">9706.85066666667</dst>
            <dst id="IPLSng">5339.632</dst>
            <dst id="KSCYng">2169.91466666667</dst>
            <dst id="LOSAng">9487.56533333333</dst>
            <dst id="NYCMng">6307.17066666667</dst>
            <dst id="SNVAng">474.114666666667</dst>
            <dst id="STTLng">1469.33066666667</dst>
            <dst id="WASHng">4737.19466666667</dst>
        </src>
        <src id="IPLSng">
            <dst id="ATLA-M5">202.608</dst>
            <dst id="ATLAng">20646.936</dst>
            <dst id="CHINng">76690.712</dst>
            <dst id="DNVRng">22436.7066666667</dst>
            <dst id="HSTNng">4285.60533333333</dst>
            <dst id="IPLSng">52951.8426666667</dst>
            <dst id="KSCYng">14600.92</dst>
            <dst id="LOSAng">63581.8586666667</dst>
            <dst id="NYCMng">23341.7893333333</dst>
            <dst id="SNVAng">6290.176</dst>
            <dst id="STTLng">7349.264</dst>
            <dst id="WASHng">31216.0746666667</dst>
        </src>
        <src id="KSCYng">
            <dst id="ATLA-M5">293.245333333333</dst>
            <dst id="ATLAng">6894.97333333333</dst>
            <dst id="CHINng">39050.48</dst>
            <dst id="DNVRng">9152.36266666667</dst>
            <dst id="HSTNng">4009.792</dst>
            <dst id="IPLSng">34377.528</dst>
            <dst id="KSCYng">6738.21866666667</dst>
            <dst id="LOSAng">36402.624</dst>
            <dst id="NYCMng">14981.9093333333</dst>
            <dst id="SNVAng">381.482666666667</dst>
            <dst id="STTLng">2666.288</dst>
            <dst id="WASHng">11629.3866666667</dst>
        </src>
        <src id="LOSAng">
            <dst id="ATLA-M5">353.130666666667</dst>
            <dst id="ATLAng">41160.2213333333</dst>
            <dst id="CHINng">116016.229333333</dst>
            <dst id="DNVRng">30789.344</dst>
            <dst id="HSTNng">19264.5226666667</dst>
            <dst id="IPLSng">41849.2026666667</dst>
            <dst id="KSCYng">21786.2453333333</dst>
            <dst id="LOSAng">11191.3066666667</dst>
            <dst id="NYCMng">82196.7386666667</dst>
            <dst id="SNVAng">16390.7306666667</dst>
            <dst id="STTLng">49247.8853333333</dst>
            <dst id="WASHng">111689.277333333</dst>
        </src>
        <src id="NYCMng">
            <dst id="ATLA-M5">310.024</dst>
            <dst id="ATLAng">64470.5333333333</dst>
            <dst id="CHINng">49722.2346666667</dst>
            <dst id="DNVRng">132768.738666667</dst>
            <dst id="HSTNng">17765.0453333333</dst>
            <dst id="IPLSng">42053.7413333333</dst>
            <dst id="KSCYng">23662.384</dst>
            <dst id="LOSAng">102695.56</dst>
            <dst id="NYCMng">118719.437333333</dst>
            <dst id="SNVAng">5123.504</dst>
            <dst id="STTLng">28474.968</dst>
            <dst id="WASHng">95030.24</dst>
        </src>
        <src id="SNVAng">
            <dst id="ATLA-M5">0</dst>
            <dst id="ATLAng">864.528</dst>
            <dst id="CHINng">2604.34133333333</dst>
            <dst id="DNVRng">3457.22933333333</dst>
            <dst id="HSTNng">342.232</dst>
            <dst id="IPLSng">6508.81866666667</dst>
            <dst id="KSCYng">2365.264</dst>
            <dst id="LOSAng">40903.5493333333</dst>
            <dst id="NYCMng">1402.512</dst>
            <dst id="SNVAng">9300.896</dst>
            <dst id="STTLng">27853.72</dst>
            <dst id="WASHng">661.885333333333</dst>
        </src>
        <src id="STTLng">
            <dst id="ATLA-M5">166.448</dst>
            <dst id="ATLAng">14619.5626666667</dst>
            <dst id="CHINng">22975.784</dst>
            <dst id="DNVRng">6701.81866666667</dst>
            <dst id="HSTNng">3552.37866666667</dst>
            <dst id="IPLSng">15286.36</dst>
            <dst id="KSCYng">9989.2</dst>
            <dst id="LOSAng">35133.3413333333</dst>
            <dst id="NYCMng">11121.7786666667</dst>
            <dst id="SNVAng">3873.33333333333</dst>
            <dst id="STTLng">4708.88533333333</dst>
            <dst id="WASHng">20096.5493333333</dst>
        </src>
        <src id="WASHng">
            <dst id="ATLA-M5">1138.896</dst>
            <dst id="ATLAng">97387.4666666666</dst>
            <dst id="CHINng">102575.52</dst>
            <dst id="DNVRng">91376.8666666667</dst>
            <dst id="HSTNng">26163.0826666667</dst>
            <dst id="IPLSng">79753.5866666667</dst>
            <dst id="KSCYng">49842.232</dst>
            <dst id="LOSAng">139615.226666667</dst>
            <dst id="NYCMng">261275.397333333</dst>
            <dst id="SNVAng">2711.76</dst>
            <dst id="STTLng">47799.184</dst>
            <dst id="WASHng">306731.653333333</dst>
        </src>
    </IntraTM>
</TrafficMatrixFile>
