<?xml version="1.0" encoding="ISO-8859-1" standalone="yes"?>
<TrafficMatrixFile xsi:noNamespaceSchemaLocation="http://totem.run.montefiore.ulg.ac.be/Schema/TrafficMatrix-v1_2.xsd" xmlns:xsi="http://www.w3.org/2001/XMLSchema-instance">
    <IntraTM ASID="11537">
        <src id="ATLA-M5">
            <dst id="ATLA-M5">0</dst>
            <dst id="ATLAng">330.352</dst>
            <dst id="CHINng">279.968</dst>
            <dst id="DNVRng">0</dst>
            <dst id="HSTNng">153.944</dst>
            <dst id="IPLSng">26.6666666666667</dst>
            <dst id="KSCYng">122.096</dst>
            <dst id="LOSAng">187.728</dst>
            <dst id="NYCMng">106.026666666667</dst>
            <dst id="SNVAng">0</dst>
            <dst id="STTLng">0</dst>
            <dst id="WASHng">2071.03466666667</dst>
        </src>
        <src id="ATLAng">
            <dst id="ATLA-M5">177.128</dst>
            <dst id="ATLAng">29517.64</dst>
            <dst id="CHINng">6285.304</dst>
            <dst id="DNVRng">5359.648</dst>
            <dst id="HSTNng">1676.65333333333</dst>
            <dst id="IPLSng">12505.9386666667</dst>
            <dst id="KSCYng">2822.14933333333</dst>
            <dst id="LOSAng">10900.3013333333</dst>
            <dst id="NYCMng">11767.5733333333</dst>
            <dst id="SNVAng">459.410666666667</dst>
            <dst id="STTLng">4879.49866666667</dst>
            <dst id="WASHng">52930.4373333333</dst>
        </src>
        <src id="CHINng">
            <dst id="ATLA-M5">322.392</dst>
            <dst id="ATLAng">27716.7066666667</dst>
            <dst id="CHINng">122631.944</dst>
            <dst id="DNVRng">7311.13066666667</dst>
            <dst id="HSTNng">6662.89333333333</dst>
            <dst id="IPLSng">51794.136</dst>
            <dst id="KSCYng">5678.744</dst>
            <dst id="LOSAng">43874.3173333333</dst>
            <dst id="NYCMng">6794.68</dst>
            <dst id="SNVAng">344.786666666667</dst>
            <dst id="STTLng">7238.74133333334</dst>
            <dst id="WASHng">50118.032</dst>
        </src>
        <src id="DNVRng">
            <dst id="ATLA-M5">101.162666666667</dst>
            <dst id="ATLAng">9815.78933333334</dst>
            <dst id="CHINng">65694.096</dst>
            <dst id="DNVRng">30766.8373333333</dst>
            <dst id="HSTNng">23603.5546666667</dst>
            <dst id="IPLSng">25308.2026666667</dst>
            <dst id="KSCYng">32373.6</dst>
            <dst id="LOSAng">5891.36</dst>
            <dst id="NYCMng">11243.1733333333</dst>
            <dst id="SNVAng">17305.488</dst>
            <dst id="STTLng">18577.008</dst>
            <dst id="WASHng">42968.688</dst>
        </src>
        <src id="HSTNng">
            <dst id="ATLA-M5">3326.88</dst>
            <dst id="ATLAng">4744.52533333333</dst>
            <dst id="CHINng">21520.3786666667</dst>
            <dst id="DNVRng">1106.44533333333</dst>
            <dst id="HSTNng">4066.13333333333</dst>
            <dst id="IPLSng">1713.672</dst>
            <dst id="KSCYng">4571.52266666667</dst>
            <dst id="LOSAng">9130.704</dst>
            <dst id="NYCMng">2886.464</dst>
            <dst id="SNVAng">146.122666666667</dst>
            <dst id="STTLng">344.050666666667</dst>
            <dst id="WASHng">2161.776</dst>
        </src>
        <src id="IPLSng">
            <dst id="ATLA-M5">104.493333333333</dst>
            <dst id="ATLAng">14335.3226666667</dst>
            <dst id="CHINng">107725.317333333</dst>
            <dst id="DNVRng">3535.70666666667</dst>
            <dst id="HSTNng">2341.232</dst>
            <dst id="IPLSng">13269.9333333333</dst>
            <dst id="KSCYng">3149.47733333333</dst>
            <dst id="LOSAng">26612.3253333333</dst>
            <dst id="NYCMng">11839.176</dst>
            <dst id="SNVAng">583.501333333333</dst>
            <dst id="STTLng">18253.5786666667</dst>
            <dst id="WASHng">17981.0933333333</dst>
        </src>
        <src id="KSCYng">
            <dst id="ATLA-M5">357.178666666667</dst>
            <dst id="ATLAng">2510.52266666667</dst>
            <dst id="CHINng">67427.3653333333</dst>
            <dst id="DNVRng">6587.74666666667</dst>
            <dst id="HSTNng">2637.19733333333</dst>
            <dst id="IPLSng">8595.296</dst>
            <dst id="KSCYng">8331.21333333333</dst>
            <dst id="LOSAng">6325.79733333333</dst>
            <dst id="NYCMng">7197.192</dst>
            <dst id="SNVAng">26.6666666666667</dst>
            <dst id="STTLng">732.690666666667</dst>
            <dst id="WASHng">6728.01066666667</dst>
        </src>
        <src id="LOSAng">
            <dst id="ATLA-M5">465.76</dst>
            <dst id="ATLAng">23133.728</dst>
            <dst id="CHINng">141013.634666667</dst>
            <dst id="DNVRng">6152.984</dst>
            <dst id="HSTNng">6722.84533333333</dst>
            <dst id="IPLSng">33295.6</dst>
            <dst id="KSCYng">7215.312</dst>
            <dst id="LOSAng">18127.7653333333</dst>
            <dst id="NYCMng">53620.0853333333</dst>
            <dst id="SNVAng">6902.09333333333</dst>
            <dst id="STTLng">31505.288</dst>
            <dst id="WASHng">102963.984</dst>
        </src>
        <src id="NYCMng">
            <dst id="ATLA-M5">547.578666666667</dst>
            <dst id="ATLAng">42208.7013333333</dst>
            <dst id="CHINng">55318.9626666667</dst>
            <dst id="DNVRng">20633.64</dst>
            <dst id="HSTNng">7076.38666666667</dst>
            <dst id="IPLSng">34793.0586666667</dst>
            <dst id="KSCYng">10341.2666666667</dst>
            <dst id="LOSAng">58206.4213333333</dst>
            <dst id="NYCMng">101787.048</dst>
            <dst id="SNVAng">2400.74666666667</dst>
            <dst id="STTLng">18430.424</dst>
            <dst id="WASHng">95806.4853333333</dst>
        </src>
        <src id="SNVAng">
            <dst id="ATLA-M5">0</dst>
            <dst id="ATLAng">280.698666666667</dst>
            <dst id="CHINng">383.456</dst>
            <dst id="DNVRng">2035.92266666667</dst>
            <dst id="HSTNng">210.621333333333</dst>
            <dst id="IPLSng">5552.10933333333</dst>
            <dst id="KSCYng">53.3333333333333</dst>
            <dst id="LOSAng">24965.4346666667</dst>
            <dst id="NYCMng">267.658666666667</dst>
            <dst id="SNVAng">10025.4853333333</dst>
            <dst id="STTLng">19028.3253333333</dst>
            <dst id="WASHng">127.488</dst>
        </src>
        <src id="STTLng">
            <dst id="ATLA-M5">80</dst>
            <dst id="ATLAng">14007.5493333333</dst>
            <dst id="CHINng">47990.4933333333</dst>
            <dst id="DNVRng">2458.392</dst>
            <dst id="HSTNng">1437.41333333333</dst>
            <dst id="IPLSng">8408.872</dst>
            <dst id="KSCYng">971.426666666667</dst>
            <dst id="LOSAng">17580.5013333333</dst>
            <dst id="NYCMng">13730.2053333333</dst>
            <dst id="SNVAng">8641.88533333333</dst>
            <dst id="STTLng">7691.648</dst>
            <dst id="WASHng">10193.408</dst>
        </src>
        <src id="WASHng">
            <dst id="ATLA-M5">181.264</dst>
            <dst id="ATLAng">74153.08</dst>
            <dst id="CHINng">94684.5733333333</dst>
            <dst id="DNVRng">53814.1066666667</dst>
            <dst id="HSTNng">13171.2053333333</dst>
            <dst id="IPLSng">44420</dst>
            <dst id="KSCYng">6747.968</dst>
            <dst id="LOSAng">111932.485333333</dst>
            <dst id="NYCMng">163443.296</dst>
            <dst id="SNVAng">4756.82666666667</dst>
            <dst id="STTLng">32986.216</dst>
            <dst id="WASHng">308261.573333333</dst>
        </src>
    </IntraTM>
</TrafficMatrixFile>
