<?xml version="1.0" encoding="ISO-8859-1" standalone="yes"?>
<TrafficMatrixFile xsi:noNamespaceSchemaLocation="http://totem.run.montefiore.ulg.ac.be/Schema/TrafficMatrix-v1_2.xsd" xmlns:xsi="http://www.w3.org/2001/XMLSchema-instance">
    <IntraTM ASID="11537">
        <src id="ATLA-M5">
            <dst id="ATLA-M5">0</dst>
            <dst id="ATLAng">35.5386666666667</dst>
            <dst id="CHINng">110.088</dst>
            <dst id="DNVRng">0</dst>
            <dst id="HSTNng">72.5493333333334</dst>
            <dst id="IPLSng">53.3333333333333</dst>
            <dst id="KSCYng">0</dst>
            <dst id="LOSAng">171.346666666667</dst>
            <dst id="NYCMng">577.509333333333</dst>
            <dst id="SNVAng">0</dst>
            <dst id="STTLng">133.197333333333</dst>
            <dst id="WASHng">1106.728</dst>
        </src>
        <src id="ATLAng">
            <dst id="ATLA-M5">307.96</dst>
            <dst id="ATLAng">22536.7973333333</dst>
            <dst id="CHINng">5317.168</dst>
            <dst id="DNVRng">9466.448</dst>
            <dst id="HSTNng">242.338666666667</dst>
            <dst id="IPLSng">12918.2106666667</dst>
            <dst id="KSCYng">747.754666666666</dst>
            <dst id="LOSAng">12061.8466666667</dst>
            <dst id="NYCMng">6181.02933333333</dst>
            <dst id="SNVAng">399.958666666667</dst>
            <dst id="STTLng">3645.808</dst>
            <dst id="WASHng">56825.064</dst>
        </src>
        <src id="CHINng">
            <dst id="ATLA-M5">76.4853333333333</dst>
            <dst id="ATLAng">4581.192</dst>
            <dst id="CHINng">127306.890666667</dst>
            <dst id="DNVRng">12256.1226666667</dst>
            <dst id="HSTNng">2365.21866666667</dst>
            <dst id="IPLSng">16543.2746666667</dst>
            <dst id="KSCYng">4373.99466666667</dst>
            <dst id="LOSAng">55364.72</dst>
            <dst id="NYCMng">17790.9413333333</dst>
            <dst id="SNVAng">210.010666666667</dst>
            <dst id="STTLng">8202.81066666667</dst>
            <dst id="WASHng">17329.088</dst>
        </src>
        <src id="DNVRng">
            <dst id="ATLA-M5">72</dst>
            <dst id="ATLAng">6270.38933333333</dst>
            <dst id="CHINng">53651.5146666667</dst>
            <dst id="DNVRng">29476.4613333333</dst>
            <dst id="HSTNng">18689.9893333333</dst>
            <dst id="IPLSng">12633.632</dst>
            <dst id="KSCYng">23266.2133333333</dst>
            <dst id="LOSAng">13785</dst>
            <dst id="NYCMng">11741.9306666667</dst>
            <dst id="SNVAng">14728.6213333333</dst>
            <dst id="STTLng">13580.088</dst>
            <dst id="WASHng">31355.1653333333</dst>
        </src>
        <src id="HSTNng">
            <dst id="ATLA-M5">3310.21333333333</dst>
            <dst id="ATLAng">921.530666666667</dst>
            <dst id="CHINng">14360.16</dst>
            <dst id="DNVRng">6905.704</dst>
            <dst id="HSTNng">2669.272</dst>
            <dst id="IPLSng">184.909333333333</dst>
            <dst id="KSCYng">4664.53866666667</dst>
            <dst id="LOSAng">9263.912</dst>
            <dst id="NYCMng">1146.92533333333</dst>
            <dst id="SNVAng">36.8746666666667</dst>
            <dst id="STTLng">3560.024</dst>
            <dst id="WASHng">1287.416</dst>
        </src>
        <src id="IPLSng">
            <dst id="ATLA-M5">79.2453333333333</dst>
            <dst id="ATLAng">16585.456</dst>
            <dst id="CHINng">68713.9626666667</dst>
            <dst id="DNVRng">15061.296</dst>
            <dst id="HSTNng">3531.688</dst>
            <dst id="IPLSng">5694.92533333333</dst>
            <dst id="KSCYng">2162.06133333333</dst>
            <dst id="LOSAng">29904.2266666667</dst>
            <dst id="NYCMng">15688</dst>
            <dst id="SNVAng">848.693333333333</dst>
            <dst id="STTLng">7385.53066666667</dst>
            <dst id="WASHng">16209.8613333333</dst>
        </src>
        <src id="KSCYng">
            <dst id="ATLA-M5">0</dst>
            <dst id="ATLAng">1092.30666666667</dst>
            <dst id="CHINng">43734.4933333333</dst>
            <dst id="DNVRng">7602.86666666667</dst>
            <dst id="HSTNng">2489.064</dst>
            <dst id="IPLSng">8300.816</dst>
            <dst id="KSCYng">2725.632</dst>
            <dst id="LOSAng">10096.4053333333</dst>
            <dst id="NYCMng">5737.36533333333</dst>
            <dst id="SNVAng">0</dst>
            <dst id="STTLng">3144.44266666667</dst>
            <dst id="WASHng">6719.712</dst>
        </src>
        <src id="LOSAng">
            <dst id="ATLA-M5">56.4826666666667</dst>
            <dst id="ATLAng">5328.776</dst>
            <dst id="CHINng">141206.197333333</dst>
            <dst id="DNVRng">9325.01066666667</dst>
            <dst id="HSTNng">12992.8586666667</dst>
            <dst id="IPLSng">27934.648</dst>
            <dst id="KSCYng">4252.38666666667</dst>
            <dst id="LOSAng">15542.2986666667</dst>
            <dst id="NYCMng">39292.904</dst>
            <dst id="SNVAng">13932.664</dst>
            <dst id="STTLng">36627.504</dst>
            <dst id="WASHng">89090.0853333333</dst>
        </src>
        <src id="NYCMng">
            <dst id="ATLA-M5">832.4</dst>
            <dst id="ATLAng">27807.0053333333</dst>
            <dst id="CHINng">45163.2346666666</dst>
            <dst id="DNVRng">114167.768</dst>
            <dst id="HSTNng">4754.13333333333</dst>
            <dst id="IPLSng">23067.448</dst>
            <dst id="KSCYng">6681.352</dst>
            <dst id="LOSAng">78204.4213333333</dst>
            <dst id="NYCMng">76262.5893333333</dst>
            <dst id="SNVAng">1779.26933333333</dst>
            <dst id="STTLng">22468.9466666667</dst>
            <dst id="WASHng">51764.056</dst>
        </src>
        <src id="SNVAng">
            <dst id="ATLA-M5">0</dst>
            <dst id="ATLAng">79.4453333333334</dst>
            <dst id="CHINng">818.410666666667</dst>
            <dst id="DNVRng">8152.98933333333</dst>
            <dst id="HSTNng">80</dst>
            <dst id="IPLSng">212.565333333333</dst>
            <dst id="KSCYng">53.3333333333333</dst>
            <dst id="LOSAng">26431.232</dst>
            <dst id="NYCMng">124.170666666667</dst>
            <dst id="SNVAng">6905.512</dst>
            <dst id="STTLng">19769.4346666667</dst>
            <dst id="WASHng">53.3333333333333</dst>
        </src>
        <src id="STTLng">
            <dst id="ATLA-M5">0</dst>
            <dst id="ATLAng">8007.192</dst>
            <dst id="CHINng">27027.0746666667</dst>
            <dst id="DNVRng">2094.98933333333</dst>
            <dst id="HSTNng">1617.74666666667</dst>
            <dst id="IPLSng">6556.98666666667</dst>
            <dst id="KSCYng">1584.38933333333</dst>
            <dst id="LOSAng">20636.384</dst>
            <dst id="NYCMng">9992.67733333333</dst>
            <dst id="SNVAng">2424.4</dst>
            <dst id="STTLng">5102.99466666667</dst>
            <dst id="WASHng">7363.376</dst>
        </src>
        <src id="WASHng">
            <dst id="ATLA-M5">26.6666666666667</dst>
            <dst id="ATLAng">106313.421333333</dst>
            <dst id="CHINng">68701.8346666667</dst>
            <dst id="DNVRng">69705.3546666667</dst>
            <dst id="HSTNng">39730.3306666667</dst>
            <dst id="IPLSng">39817.44</dst>
            <dst id="KSCYng">5503.81333333333</dst>
            <dst id="LOSAng">105922.386666667</dst>
            <dst id="NYCMng">140235.352</dst>
            <dst id="SNVAng">5259.016</dst>
            <dst id="STTLng">23885.3893333333</dst>
            <dst id="WASHng">298175.573333333</dst>
        </src>
    </IntraTM>
</TrafficMatrixFile>
