<?xml version="1.0" encoding="ISO-8859-1" standalone="yes"?>
<TrafficMatrixFile xsi:noNamespaceSchemaLocation="http://totem.run.montefiore.ulg.ac.be/Schema/TrafficMatrix-v1_2.xsd" xmlns:xsi="http://www.w3.org/2001/XMLSchema-instance">
    <IntraTM ASID="11537">
        <src id="ATLA-M5">
            <dst id="ATLA-M5">0</dst>
            <dst id="ATLAng">80</dst>
            <dst id="CHINng">169.192</dst>
            <dst id="DNVRng">26.6666666666667</dst>
            <dst id="HSTNng">217.344</dst>
            <dst id="IPLSng">26.6666666666667</dst>
            <dst id="KSCYng">156.952</dst>
            <dst id="LOSAng">27.52</dst>
            <dst id="NYCMng">93.712</dst>
            <dst id="SNVAng">0</dst>
            <dst id="STTLng">73.6293333333333</dst>
            <dst id="WASHng">504.946666666667</dst>
        </src>
        <src id="ATLAng">
            <dst id="ATLA-M5">118.922666666667</dst>
            <dst id="ATLAng">30086.712</dst>
            <dst id="CHINng">5982.032</dst>
            <dst id="DNVRng">3782.46933333333</dst>
            <dst id="HSTNng">5858.096</dst>
            <dst id="IPLSng">11076.264</dst>
            <dst id="KSCYng">1964.25866666667</dst>
            <dst id="LOSAng">20281.332</dst>
            <dst id="NYCMng">6993.888</dst>
            <dst id="SNVAng">176.246666666667</dst>
            <dst id="STTLng">4868.75466666667</dst>
            <dst id="WASHng">16163.4986666667</dst>
        </src>
        <src id="CHINng">
            <dst id="ATLA-M5">80</dst>
            <dst id="ATLAng">23882.2773333333</dst>
            <dst id="CHINng">161612.858666667</dst>
            <dst id="DNVRng">18798.9493333333</dst>
            <dst id="HSTNng">5940.672</dst>
            <dst id="IPLSng">87554.1333333333</dst>
            <dst id="KSCYng">6172.072</dst>
            <dst id="LOSAng">70059.0133333333</dst>
            <dst id="NYCMng">9779.85866666667</dst>
            <dst id="SNVAng">304.624</dst>
            <dst id="STTLng">7488.8</dst>
            <dst id="WASHng">19881.3626666667</dst>
        </src>
        <src id="DNVRng">
            <dst id="ATLA-M5">168.8</dst>
            <dst id="ATLAng">11228.9466666667</dst>
            <dst id="CHINng">38143.7706666667</dst>
            <dst id="DNVRng">32501.8613333333</dst>
            <dst id="HSTNng">19838.8693333333</dst>
            <dst id="IPLSng">21122.064</dst>
            <dst id="KSCYng">14400.8453333333</dst>
            <dst id="LOSAng">7091.904</dst>
            <dst id="NYCMng">10899.296</dst>
            <dst id="SNVAng">7389.47466666667</dst>
            <dst id="STTLng">6616.59733333333</dst>
            <dst id="WASHng">41680.0373333333</dst>
        </src>
        <src id="HSTNng">
            <dst id="ATLA-M5">2795.848</dst>
            <dst id="ATLAng">3661.58133333333</dst>
            <dst id="CHINng">7812.82933333333</dst>
            <dst id="DNVRng">1374.95466666667</dst>
            <dst id="HSTNng">6534.968</dst>
            <dst id="IPLSng">1301.032</dst>
            <dst id="KSCYng">703.461333333333</dst>
            <dst id="LOSAng">10763.2</dst>
            <dst id="NYCMng">5446.60533333333</dst>
            <dst id="SNVAng">0</dst>
            <dst id="STTLng">1268.36533333333</dst>
            <dst id="WASHng">5237.98133333333</dst>
        </src>
        <src id="IPLSng">
            <dst id="ATLA-M5">77.5546666666667</dst>
            <dst id="ATLAng">11695.544</dst>
            <dst id="CHINng">57288.0933333333</dst>
            <dst id="DNVRng">4186.952</dst>
            <dst id="HSTNng">883.797333333333</dst>
            <dst id="IPLSng">39623.096</dst>
            <dst id="KSCYng">4247.94133333333</dst>
            <dst id="LOSAng">65737.728</dst>
            <dst id="NYCMng">29326.5786666667</dst>
            <dst id="SNVAng">321.784</dst>
            <dst id="STTLng">12182.8826666667</dst>
            <dst id="WASHng">28054.928</dst>
        </src>
        <src id="KSCYng">
            <dst id="ATLA-M5">78.3386666666667</dst>
            <dst id="ATLAng">2103.38666666667</dst>
            <dst id="CHINng">19583.328</dst>
            <dst id="DNVRng">15192.8693333333</dst>
            <dst id="HSTNng">3028.736</dst>
            <dst id="IPLSng">11906.4853333333</dst>
            <dst id="KSCYng">5368.11733333333</dst>
            <dst id="LOSAng">19451.4853333333</dst>
            <dst id="NYCMng">2778.616</dst>
            <dst id="SNVAng">128.730666666667</dst>
            <dst id="STTLng">2261.25866666667</dst>
            <dst id="WASHng">13156.9653333333</dst>
        </src>
        <src id="LOSAng">
            <dst id="ATLA-M5">59.9706666666667</dst>
            <dst id="ATLAng">23877.0106666667</dst>
            <dst id="CHINng">80703.48</dst>
            <dst id="DNVRng">13657.4186666667</dst>
            <dst id="HSTNng">18922.3386666667</dst>
            <dst id="IPLSng">55825.5066666667</dst>
            <dst id="KSCYng">6062.54133333333</dst>
            <dst id="LOSAng">20537.776</dst>
            <dst id="NYCMng">96289.0213333333</dst>
            <dst id="SNVAng">10367.192</dst>
            <dst id="STTLng">51797.4133333333</dst>
            <dst id="WASHng">91880.728</dst>
        </src>
        <src id="NYCMng">
            <dst id="ATLA-M5">53.3333333333333</dst>
            <dst id="ATLAng">33833.0026666667</dst>
            <dst id="CHINng">55548.856</dst>
            <dst id="DNVRng">116236.192</dst>
            <dst id="HSTNng">9049.448</dst>
            <dst id="IPLSng">42146.4053333333</dst>
            <dst id="KSCYng">10855.5173333333</dst>
            <dst id="LOSAng">84092.328</dst>
            <dst id="NYCMng">70578.424</dst>
            <dst id="SNVAng">1312.528</dst>
            <dst id="STTLng">25727.544</dst>
            <dst id="WASHng">104466.08</dst>
        </src>
        <src id="SNVAng">
            <dst id="ATLA-M5">0</dst>
            <dst id="ATLAng">88.3653333333333</dst>
            <dst id="CHINng">427.442666666667</dst>
            <dst id="DNVRng">9709.58933333333</dst>
            <dst id="HSTNng">2359.22133333333</dst>
            <dst id="IPLSng">5071.53066666667</dst>
            <dst id="KSCYng">61.2586666666667</dst>
            <dst id="LOSAng">35188.9653333333</dst>
            <dst id="NYCMng">433.058666666667</dst>
            <dst id="SNVAng">10061.4373333333</dst>
            <dst id="STTLng">29879.408</dst>
            <dst id="WASHng">75.872</dst>
        </src>
        <src id="STTLng">
            <dst id="ATLA-M5">0</dst>
            <dst id="ATLAng">10321.04</dst>
            <dst id="CHINng">15929.6853333333</dst>
            <dst id="DNVRng">3580.54933333333</dst>
            <dst id="HSTNng">1640.75733333333</dst>
            <dst id="IPLSng">6653.22933333333</dst>
            <dst id="KSCYng">2550.35466666667</dst>
            <dst id="LOSAng">28381.6746666667</dst>
            <dst id="NYCMng">8819.05866666667</dst>
            <dst id="SNVAng">3407.95466666667</dst>
            <dst id="STTLng">2017.49333333333</dst>
            <dst id="WASHng">12073.0213333333</dst>
        </src>
        <src id="WASHng">
            <dst id="ATLA-M5">1462.60533333333</dst>
            <dst id="ATLAng">81990.584</dst>
            <dst id="CHINng">60193.056</dst>
            <dst id="DNVRng">38412.9813333333</dst>
            <dst id="HSTNng">37980.0853333333</dst>
            <dst id="IPLSng">53085.1333333333</dst>
            <dst id="KSCYng">8762.792</dst>
            <dst id="LOSAng">124051.029333333</dst>
            <dst id="NYCMng">152895.704</dst>
            <dst id="SNVAng">4054.38133333333</dst>
            <dst id="STTLng">46492.096</dst>
            <dst id="WASHng">317433.866666667</dst>
        </src>
    </IntraTM>
</TrafficMatrixFile>
