<?xml version="1.0" encoding="ISO-8859-1" standalone="yes"?>
<TrafficMatrixFile xsi:noNamespaceSchemaLocation="http://totem.run.montefiore.ulg.ac.be/Schema/TrafficMatrix-v1_2.xsd" xmlns:xsi="http://www.w3.org/2001/XMLSchema-instance">
    <IntraTM ASID="11537">
        <src id="ATLA-M5">
            <dst id="ATLA-M5">26.6666666666667</dst>
            <dst id="ATLAng">53.3333333333333</dst>
            <dst id="CHINng">162.472</dst>
            <dst id="DNVRng">0</dst>
            <dst id="HSTNng">0</dst>
            <dst id="IPLSng">0</dst>
            <dst id="KSCYng">0</dst>
            <dst id="LOSAng">156.406666666667</dst>
            <dst id="NYCMng">26.6666666666667</dst>
            <dst id="SNVAng">62.1453333333333</dst>
            <dst id="STTLng">0</dst>
            <dst id="WASHng">2167.93333333333</dst>
        </src>
        <src id="ATLAng">
            <dst id="ATLA-M5">183.098666666667</dst>
            <dst id="ATLAng">28899.752</dst>
            <dst id="CHINng">6919.41866666667</dst>
            <dst id="DNVRng">4010.43466666667</dst>
            <dst id="HSTNng">431.44</dst>
            <dst id="IPLSng">10197.7813333333</dst>
            <dst id="KSCYng">656.424</dst>
            <dst id="LOSAng">12792.0026666667</dst>
            <dst id="NYCMng">3134.48533333333</dst>
            <dst id="SNVAng">82.3573333333333</dst>
            <dst id="STTLng">3718.408</dst>
            <dst id="WASHng">40229.2906666667</dst>
        </src>
        <src id="CHINng">
            <dst id="ATLA-M5">123.146666666667</dst>
            <dst id="ATLAng">37712.0746666667</dst>
            <dst id="CHINng">78166.752</dst>
            <dst id="DNVRng">13189.9946666667</dst>
            <dst id="HSTNng">5554.44</dst>
            <dst id="IPLSng">25799.296</dst>
            <dst id="KSCYng">16319</dst>
            <dst id="LOSAng">50107.216</dst>
            <dst id="NYCMng">5159.80266666667</dst>
            <dst id="SNVAng">409.384</dst>
            <dst id="STTLng">6206.80533333333</dst>
            <dst id="WASHng">12607.32</dst>
        </src>
        <src id="DNVRng">
            <dst id="ATLA-M5">566.949333333333</dst>
            <dst id="ATLAng">3854.00266666667</dst>
            <dst id="CHINng">51091.9226666667</dst>
            <dst id="DNVRng">16740.6133333333</dst>
            <dst id="HSTNng">26880.4106666667</dst>
            <dst id="IPLSng">21657.8293333333</dst>
            <dst id="KSCYng">27504.2186666667</dst>
            <dst id="LOSAng">11732.272</dst>
            <dst id="NYCMng">13797.1946666667</dst>
            <dst id="SNVAng">12919.9626666667</dst>
            <dst id="STTLng">11943.2693333333</dst>
            <dst id="WASHng">34977.32</dst>
        </src>
        <src id="HSTNng">
            <dst id="ATLA-M5">600.885333333333</dst>
            <dst id="ATLAng">10309.9893333333</dst>
            <dst id="CHINng">10832.9386666667</dst>
            <dst id="DNVRng">1355.63733333333</dst>
            <dst id="HSTNng">4549.52</dst>
            <dst id="IPLSng">160</dst>
            <dst id="KSCYng">4413.56533333333</dst>
            <dst id="LOSAng">13153.7386666667</dst>
            <dst id="NYCMng">1590.69866666667</dst>
            <dst id="SNVAng">0</dst>
            <dst id="STTLng">1758.17866666667</dst>
            <dst id="WASHng">2330.65066666667</dst>
        </src>
        <src id="IPLSng">
            <dst id="ATLA-M5">0</dst>
            <dst id="ATLAng">10367.3733333333</dst>
            <dst id="CHINng">74226.4053333333</dst>
            <dst id="DNVRng">6900.51733333333</dst>
            <dst id="HSTNng">1634.93866666667</dst>
            <dst id="IPLSng">11905.608</dst>
            <dst id="KSCYng">2332.76</dst>
            <dst id="LOSAng">76618.1093333333</dst>
            <dst id="NYCMng">25760.184</dst>
            <dst id="SNVAng">1297.29866666667</dst>
            <dst id="STTLng">11597.3173333333</dst>
            <dst id="WASHng">15405.0346666667</dst>
        </src>
        <src id="KSCYng">
            <dst id="ATLA-M5">0</dst>
            <dst id="ATLAng">1392.976</dst>
            <dst id="CHINng">15766.4106666667</dst>
            <dst id="DNVRng">17120.4</dst>
            <dst id="HSTNng">2612.94666666667</dst>
            <dst id="IPLSng">25929.7573333333</dst>
            <dst id="KSCYng">10129.824</dst>
            <dst id="LOSAng">7985.52266666667</dst>
            <dst id="NYCMng">5305.01333333333</dst>
            <dst id="SNVAng">251.816</dst>
            <dst id="STTLng">2974.872</dst>
            <dst id="WASHng">7181.77333333333</dst>
        </src>
        <src id="LOSAng">
            <dst id="ATLA-M5">26.6666666666667</dst>
            <dst id="ATLAng">37919.056</dst>
            <dst id="CHINng">116148.128</dst>
            <dst id="DNVRng">14829.9306666667</dst>
            <dst id="HSTNng">11774.9653333333</dst>
            <dst id="IPLSng">30032.2453333333</dst>
            <dst id="KSCYng">1698.26133333333</dst>
            <dst id="LOSAng">22125.9253333333</dst>
            <dst id="NYCMng">66484.1226666667</dst>
            <dst id="SNVAng">9312.74933333333</dst>
            <dst id="STTLng">37542.1333333333</dst>
            <dst id="WASHng">111650.237333333</dst>
        </src>
        <src id="NYCMng">
            <dst id="ATLA-M5">393.773333333333</dst>
            <dst id="ATLAng">32313.6506666667</dst>
            <dst id="CHINng">51223.112</dst>
            <dst id="DNVRng">24994.9946666667</dst>
            <dst id="HSTNng">10604.72</dst>
            <dst id="IPLSng">23836.872</dst>
            <dst id="KSCYng">8130.28266666667</dst>
            <dst id="LOSAng">88766.416</dst>
            <dst id="NYCMng">99324.3386666667</dst>
            <dst id="SNVAng">2642.49866666667</dst>
            <dst id="STTLng">24077.7466666667</dst>
            <dst id="WASHng">55601.944</dst>
        </src>
        <src id="SNVAng">
            <dst id="ATLA-M5">0</dst>
            <dst id="ATLAng">26.6666666666667</dst>
            <dst id="CHINng">182.282666666667</dst>
            <dst id="DNVRng">8329.72533333334</dst>
            <dst id="HSTNng">137.738666666667</dst>
            <dst id="IPLSng">1744.26933333333</dst>
            <dst id="KSCYng">131.864</dst>
            <dst id="LOSAng">52251.2133333333</dst>
            <dst id="NYCMng">453.061333333333</dst>
            <dst id="SNVAng">8534.90666666667</dst>
            <dst id="STTLng">24982.52</dst>
            <dst id="WASHng">26.6666666666667</dst>
        </src>
        <src id="STTLng">
            <dst id="ATLA-M5">26.6666666666667</dst>
            <dst id="ATLAng">8712.66133333333</dst>
            <dst id="CHINng">20289.3013333333</dst>
            <dst id="DNVRng">1239.44533333333</dst>
            <dst id="HSTNng">2337.25333333333</dst>
            <dst id="IPLSng">11457.4826666667</dst>
            <dst id="KSCYng">2228.47733333333</dst>
            <dst id="LOSAng">27376.776</dst>
            <dst id="NYCMng">12769.6266666667</dst>
            <dst id="SNVAng">3573.26933333333</dst>
            <dst id="STTLng">3668.41066666667</dst>
            <dst id="WASHng">14756.5146666667</dst>
        </src>
        <src id="WASHng">
            <dst id="ATLA-M5">80</dst>
            <dst id="ATLAng">97063.7706666667</dst>
            <dst id="CHINng">86548.8266666667</dst>
            <dst id="DNVRng">64430.6506666667</dst>
            <dst id="HSTNng">13481.712</dst>
            <dst id="IPLSng">32846.6986666667</dst>
            <dst id="KSCYng">18556.072</dst>
            <dst id="LOSAng">129269.728</dst>
            <dst id="NYCMng">146876.170666667</dst>
            <dst id="SNVAng">598.917333333333</dst>
            <dst id="STTLng">42333.384</dst>
            <dst id="WASHng">198741.072</dst>
        </src>
    </IntraTM>
</TrafficMatrixFile>
