<?xml version="1.0" encoding="ISO-8859-1" standalone="yes"?>
<TrafficMatrixFile xsi:noNamespaceSchemaLocation="http://totem.run.montefiore.ulg.ac.be/Schema/TrafficMatrix-v1_2.xsd" xmlns:xsi="http://www.w3.org/2001/XMLSchema-instance">
    <IntraTM ASID="11537">
        <src id="ATLA-M5">
            <dst id="ATLA-M5">178.877333333333</dst>
            <dst id="ATLAng">1001.34666666667</dst>
            <dst id="CHINng">160.394666666667</dst>
            <dst id="DNVRng">212.370666666667</dst>
            <dst id="HSTNng">26.6666666666667</dst>
            <dst id="IPLSng">176.293333333333</dst>
            <dst id="KSCYng">53.3333333333333</dst>
            <dst id="LOSAng">280.149333333333</dst>
            <dst id="NYCMng">1660.608</dst>
            <dst id="SNVAng">0</dst>
            <dst id="STTLng">0</dst>
            <dst id="WASHng">2028.90933333333</dst>
        </src>
        <src id="ATLAng">
            <dst id="ATLA-M5">439.797333333333</dst>
            <dst id="ATLAng">27729.2133333333</dst>
            <dst id="CHINng">19506.1893333333</dst>
            <dst id="DNVRng">5257.90133333333</dst>
            <dst id="HSTNng">3740.29866666667</dst>
            <dst id="IPLSng">13771.464</dst>
            <dst id="KSCYng">21379.4586666667</dst>
            <dst id="LOSAng">18155.34</dst>
            <dst id="NYCMng">11234.5466666667</dst>
            <dst id="SNVAng">954.377333333333</dst>
            <dst id="STTLng">4933.488</dst>
            <dst id="WASHng">65239.848</dst>
        </src>
        <src id="CHINng">
            <dst id="ATLA-M5">2440.85066666667</dst>
            <dst id="ATLAng">21793.2773333333</dst>
            <dst id="CHINng">143096.477333333</dst>
            <dst id="DNVRng">20666.5813333333</dst>
            <dst id="HSTNng">13299.3866666667</dst>
            <dst id="IPLSng">49907.6213333333</dst>
            <dst id="KSCYng">10928.2293333333</dst>
            <dst id="LOSAng">47859.8666666667</dst>
            <dst id="NYCMng">9581.56</dst>
            <dst id="SNVAng">832.218666666667</dst>
            <dst id="STTLng">9777.68</dst>
            <dst id="WASHng">54683.5386666667</dst>
        </src>
        <src id="DNVRng">
            <dst id="ATLA-M5">499.146666666667</dst>
            <dst id="ATLAng">9252.70666666667</dst>
            <dst id="CHINng">124577.76</dst>
            <dst id="DNVRng">26780.6826666667</dst>
            <dst id="HSTNng">41575.1173333333</dst>
            <dst id="IPLSng">26569.528</dst>
            <dst id="KSCYng">36045.48</dst>
            <dst id="LOSAng">15795.1493333333</dst>
            <dst id="NYCMng">15414.5466666667</dst>
            <dst id="SNVAng">14449.5813333333</dst>
            <dst id="STTLng">16383.7546666667</dst>
            <dst id="WASHng">36924.952</dst>
        </src>
        <src id="HSTNng">
            <dst id="ATLA-M5">391.282666666667</dst>
            <dst id="ATLAng">3925.224</dst>
            <dst id="CHINng">28187.9973333333</dst>
            <dst id="DNVRng">2104.56266666667</dst>
            <dst id="HSTNng">8853.57866666667</dst>
            <dst id="IPLSng">3039.136</dst>
            <dst id="KSCYng">4094.17866666667</dst>
            <dst id="LOSAng">19453.9066666667</dst>
            <dst id="NYCMng">2134.38133333333</dst>
            <dst id="SNVAng">199.418666666667</dst>
            <dst id="STTLng">1826.58133333333</dst>
            <dst id="WASHng">9882.224</dst>
        </src>
        <src id="IPLSng">
            <dst id="ATLA-M5">227.082666666667</dst>
            <dst id="ATLAng">20327.0666666667</dst>
            <dst id="CHINng">102151.445333333</dst>
            <dst id="DNVRng">12650.888</dst>
            <dst id="HSTNng">20460.2053333333</dst>
            <dst id="IPLSng">34122.2506666667</dst>
            <dst id="KSCYng">9209.584</dst>
            <dst id="LOSAng">31194.872</dst>
            <dst id="NYCMng">20688.8053333333</dst>
            <dst id="SNVAng">960.165333333333</dst>
            <dst id="STTLng">8470.112</dst>
            <dst id="WASHng">33532.544</dst>
        </src>
        <src id="KSCYng">
            <dst id="ATLA-M5">305.658666666667</dst>
            <dst id="ATLAng">3485.75733333333</dst>
            <dst id="CHINng">28433.6453333333</dst>
            <dst id="DNVRng">17292.4213333333</dst>
            <dst id="HSTNng">4013.38133333333</dst>
            <dst id="IPLSng">13455.2453333333</dst>
            <dst id="KSCYng">13049.936</dst>
            <dst id="LOSAng">8037.30133333333</dst>
            <dst id="NYCMng">3237.608</dst>
            <dst id="SNVAng">542.013333333333</dst>
            <dst id="STTLng">1762.8</dst>
            <dst id="WASHng">19622.7573333333</dst>
        </src>
        <src id="LOSAng">
            <dst id="ATLA-M5">1587.14933333333</dst>
            <dst id="ATLAng">28421.6</dst>
            <dst id="CHINng">147437.224</dst>
            <dst id="DNVRng">28304.2773333333</dst>
            <dst id="HSTNng">19790.752</dst>
            <dst id="IPLSng">67529.6826666667</dst>
            <dst id="KSCYng">11361.5066666667</dst>
            <dst id="LOSAng">13354.2906666667</dst>
            <dst id="NYCMng">53899.4106666667</dst>
            <dst id="SNVAng">19919.2773333333</dst>
            <dst id="STTLng">72078.7493333334</dst>
            <dst id="WASHng">111564.925333333</dst>
        </src>
        <src id="NYCMng">
            <dst id="ATLA-M5">1169.73066666667</dst>
            <dst id="ATLAng">54584.3013333333</dst>
            <dst id="CHINng">73993.8293333333</dst>
            <dst id="DNVRng">28244.152</dst>
            <dst id="HSTNng">11866.344</dst>
            <dst id="IPLSng">57991.0213333334</dst>
            <dst id="KSCYng">12297</dst>
            <dst id="LOSAng">61470.52</dst>
            <dst id="NYCMng">125446.096</dst>
            <dst id="SNVAng">3443.03466666667</dst>
            <dst id="STTLng">21558.1413333333</dst>
            <dst id="WASHng">88959.752</dst>
        </src>
        <src id="SNVAng">
            <dst id="ATLA-M5">0</dst>
            <dst id="ATLAng">980.725333333333</dst>
            <dst id="CHINng">1272.192</dst>
            <dst id="DNVRng">1386.12533333333</dst>
            <dst id="HSTNng">213.333333333333</dst>
            <dst id="IPLSng">2488.176</dst>
            <dst id="KSCYng">144.042666666667</dst>
            <dst id="LOSAng">25467.8453333333</dst>
            <dst id="NYCMng">2360.512</dst>
            <dst id="SNVAng">8825.328</dst>
            <dst id="STTLng">20769.2106666667</dst>
            <dst id="WASHng">212.861333333333</dst>
        </src>
        <src id="STTLng">
            <dst id="ATLA-M5">240.421333333333</dst>
            <dst id="ATLAng">14797.8826666667</dst>
            <dst id="CHINng">31610.24</dst>
            <dst id="DNVRng">4084.12</dst>
            <dst id="HSTNng">6549.30933333333</dst>
            <dst id="IPLSng">16550.3946666667</dst>
            <dst id="KSCYng">4857.81333333333</dst>
            <dst id="LOSAng">23132.336</dst>
            <dst id="NYCMng">25061.7813333333</dst>
            <dst id="SNVAng">8218.97066666667</dst>
            <dst id="STTLng">9047.39466666667</dst>
            <dst id="WASHng">19138.9386666667</dst>
        </src>
        <src id="WASHng">
            <dst id="ATLA-M5">1881.24266666667</dst>
            <dst id="ATLAng">106271.762666667</dst>
            <dst id="CHINng">143616.776</dst>
            <dst id="DNVRng">69171.776</dst>
            <dst id="HSTNng">34117.9466666667</dst>
            <dst id="IPLSng">77642.4826666667</dst>
            <dst id="KSCYng">48201.544</dst>
            <dst id="LOSAng">110108.141333333</dst>
            <dst id="NYCMng">166792.36</dst>
            <dst id="SNVAng">2254.30666666667</dst>
            <dst id="STTLng">73609.5733333333</dst>
            <dst id="WASHng">343843.92</dst>
        </src>
    </IntraTM>
</TrafficMatrixFile>
