<?xml version="1.0" encoding="ISO-8859-1" standalone="yes"?>
<TrafficMatrixFile xsi:noNamespaceSchemaLocation="http://totem.run.montefiore.ulg.ac.be/Schema/TrafficMatrix-v1_2.xsd" xmlns:xsi="http://www.w3.org/2001/XMLSchema-instance">
    <IntraTM ASID="11537">
        <src id="ATLA-M5">
            <dst id="ATLA-M5">0</dst>
            <dst id="ATLAng">776.226666666667</dst>
            <dst id="CHINng">146.570666666667</dst>
            <dst id="DNVRng">106.24</dst>
            <dst id="HSTNng">124.741333333333</dst>
            <dst id="IPLSng">26.6666666666667</dst>
            <dst id="KSCYng">73.7946666666667</dst>
            <dst id="LOSAng">101.786666666667</dst>
            <dst id="NYCMng">494.666666666667</dst>
            <dst id="SNVAng">0</dst>
            <dst id="STTLng">0</dst>
            <dst id="WASHng">2177.89866666667</dst>
        </src>
        <src id="ATLAng">
            <dst id="ATLA-M5">473.613333333333</dst>
            <dst id="ATLAng">25086.6026666667</dst>
            <dst id="CHINng">10614.1013333333</dst>
            <dst id="DNVRng">4238.65333333333</dst>
            <dst id="HSTNng">2378.98666666667</dst>
            <dst id="IPLSng">20349.896</dst>
            <dst id="KSCYng">1956.13866666667</dst>
            <dst id="LOSAng">11733.8253333333</dst>
            <dst id="NYCMng">11120.5253333333</dst>
            <dst id="SNVAng">481.734666666667</dst>
            <dst id="STTLng">3854.12266666667</dst>
            <dst id="WASHng">72135.088</dst>
        </src>
        <src id="CHINng">
            <dst id="ATLA-M5">966.976</dst>
            <dst id="ATLAng">35730.5733333333</dst>
            <dst id="CHINng">111943.562666667</dst>
            <dst id="DNVRng">11807.5333333333</dst>
            <dst id="HSTNng">6037.432</dst>
            <dst id="IPLSng">49031.4373333333</dst>
            <dst id="KSCYng">3743.70666666667</dst>
            <dst id="LOSAng">40875.872</dst>
            <dst id="NYCMng">8767.99733333333</dst>
            <dst id="SNVAng">618.109333333333</dst>
            <dst id="STTLng">5888.19733333333</dst>
            <dst id="WASHng">52517.312</dst>
        </src>
        <src id="DNVRng">
            <dst id="ATLA-M5">148.792</dst>
            <dst id="ATLAng">7060.296</dst>
            <dst id="CHINng">55875.152</dst>
            <dst id="DNVRng">26703.352</dst>
            <dst id="HSTNng">17883.7306666667</dst>
            <dst id="IPLSng">25140.5706666667</dst>
            <dst id="KSCYng">16788.9093333333</dst>
            <dst id="LOSAng">6175.16533333333</dst>
            <dst id="NYCMng">11959.9626666667</dst>
            <dst id="SNVAng">11297.976</dst>
            <dst id="STTLng">9649.04</dst>
            <dst id="WASHng">31037.504</dst>
        </src>
        <src id="HSTNng">
            <dst id="ATLA-M5">356.624</dst>
            <dst id="ATLAng">3433.83466666667</dst>
            <dst id="CHINng">15493.8026666667</dst>
            <dst id="DNVRng">979.154666666667</dst>
            <dst id="HSTNng">5262.59466666667</dst>
            <dst id="IPLSng">1287.848</dst>
            <dst id="KSCYng">2484.40266666667</dst>
            <dst id="LOSAng">8646.41333333333</dst>
            <dst id="NYCMng">7612.04266666667</dst>
            <dst id="SNVAng">92.1306666666667</dst>
            <dst id="STTLng">862.064</dst>
            <dst id="WASHng">3271.92</dst>
        </src>
        <src id="IPLSng">
            <dst id="ATLA-M5">84.5573333333333</dst>
            <dst id="ATLAng">13529.176</dst>
            <dst id="CHINng">104019.16</dst>
            <dst id="DNVRng">3670.98933333333</dst>
            <dst id="HSTNng">2866.496</dst>
            <dst id="IPLSng">15357.8693333333</dst>
            <dst id="KSCYng">6963.52533333333</dst>
            <dst id="LOSAng">25201.272</dst>
            <dst id="NYCMng">21101.1333333333</dst>
            <dst id="SNVAng">586.290666666667</dst>
            <dst id="STTLng">10497.032</dst>
            <dst id="WASHng">29800.8133333333</dst>
        </src>
        <src id="KSCYng">
            <dst id="ATLA-M5">402.170666666667</dst>
            <dst id="ATLAng">2925.18133333333</dst>
            <dst id="CHINng">30219.4693333333</dst>
            <dst id="DNVRng">7976.68533333334</dst>
            <dst id="HSTNng">3153.216</dst>
            <dst id="IPLSng">11324.736</dst>
            <dst id="KSCYng">13463.9573333333</dst>
            <dst id="LOSAng">6666.61066666667</dst>
            <dst id="NYCMng">4663.27466666667</dst>
            <dst id="SNVAng">161.685333333333</dst>
            <dst id="STTLng">1225.62666666667</dst>
            <dst id="WASHng">7436.568</dst>
        </src>
        <src id="LOSAng">
            <dst id="ATLA-M5">3386.26666666667</dst>
            <dst id="ATLAng">18795.0293333333</dst>
            <dst id="CHINng">139657.013333333</dst>
            <dst id="DNVRng">13298.968</dst>
            <dst id="HSTNng">9723.41333333333</dst>
            <dst id="IPLSng">82597.1733333333</dst>
            <dst id="KSCYng">5116.104</dst>
            <dst id="LOSAng">15083.0933333333</dst>
            <dst id="NYCMng">57845.008</dst>
            <dst id="SNVAng">7458.86133333333</dst>
            <dst id="STTLng">35248.1386666667</dst>
            <dst id="WASHng">110383.405333333</dst>
        </src>
        <src id="NYCMng">
            <dst id="ATLA-M5">1526.888</dst>
            <dst id="ATLAng">44381.5893333333</dst>
            <dst id="CHINng">119812.984</dst>
            <dst id="DNVRng">22815.9973333333</dst>
            <dst id="HSTNng">8178.72</dst>
            <dst id="IPLSng">41726.928</dst>
            <dst id="KSCYng">21083.1706666667</dst>
            <dst id="LOSAng">65108.712</dst>
            <dst id="NYCMng">103961.344</dst>
            <dst id="SNVAng">2714.90666666667</dst>
            <dst id="STTLng">21109.0773333333</dst>
            <dst id="WASHng">91149.968</dst>
        </src>
        <src id="SNVAng">
            <dst id="ATLA-M5">0</dst>
            <dst id="ATLAng">106.666666666667</dst>
            <dst id="CHINng">727.402666666667</dst>
            <dst id="DNVRng">8465.21333333333</dst>
            <dst id="HSTNng">106.666666666667</dst>
            <dst id="IPLSng">6161.36533333333</dst>
            <dst id="KSCYng">176.648</dst>
            <dst id="LOSAng">23940.4746666667</dst>
            <dst id="NYCMng">8835.896</dst>
            <dst id="SNVAng">9065.152</dst>
            <dst id="STTLng">18827.5306666667</dst>
            <dst id="WASHng">1064.6</dst>
        </src>
        <src id="STTLng">
            <dst id="ATLA-M5">382.653333333333</dst>
            <dst id="ATLAng">13092.4346666667</dst>
            <dst id="CHINng">37446.5173333333</dst>
            <dst id="DNVRng">1763.54933333333</dst>
            <dst id="HSTNng">1322.54133333333</dst>
            <dst id="IPLSng">9437.21066666666</dst>
            <dst id="KSCYng">1542.384</dst>
            <dst id="LOSAng">15757.2426666667</dst>
            <dst id="NYCMng">13137.0826666667</dst>
            <dst id="SNVAng">1861.40266666667</dst>
            <dst id="STTLng">5881.57333333333</dst>
            <dst id="WASHng">11436.528</dst>
        </src>
        <src id="WASHng">
            <dst id="ATLA-M5">528.645333333333</dst>
            <dst id="ATLAng">118989.141333333</dst>
            <dst id="CHINng">115299.346666667</dst>
            <dst id="DNVRng">44706.1626666667</dst>
            <dst id="HSTNng">21118.3813333333</dst>
            <dst id="IPLSng">36541.8426666667</dst>
            <dst id="KSCYng">28819.64</dst>
            <dst id="LOSAng">99471.456</dst>
            <dst id="NYCMng">144181.877333333</dst>
            <dst id="SNVAng">1509.39466666667</dst>
            <dst id="STTLng">26224.2053333333</dst>
            <dst id="WASHng">283870.933333333</dst>
        </src>
    </IntraTM>
</TrafficMatrixFile>
