<?xml version="1.0" encoding="ISO-8859-1" standalone="yes"?>
<TrafficMatrixFile xsi:noNamespaceSchemaLocation="http://totem.run.montefiore.ulg.ac.be/Schema/TrafficMatrix-v1_2.xsd" xmlns:xsi="http://www.w3.org/2001/XMLSchema-instance">
    <IntraTM ASID="11537">
        <src id="ATLA-M5">
            <dst id="ATLA-M5">53.3333333333333</dst>
            <dst id="ATLAng">155.594666666667</dst>
            <dst id="CHINng">519.901333333333</dst>
            <dst id="DNVRng">0</dst>
            <dst id="HSTNng">36.448</dst>
            <dst id="IPLSng">0</dst>
            <dst id="KSCYng">26.6666666666667</dst>
            <dst id="LOSAng">46.176</dst>
            <dst id="NYCMng">53.3333333333333</dst>
            <dst id="SNVAng">0</dst>
            <dst id="STTLng">26.6666666666667</dst>
            <dst id="WASHng">1351.456</dst>
        </src>
        <src id="ATLAng">
            <dst id="ATLA-M5">1728.25066666667</dst>
            <dst id="ATLAng">60322.736</dst>
            <dst id="CHINng">6073.77333333333</dst>
            <dst id="DNVRng">5627.944</dst>
            <dst id="HSTNng">585.245333333333</dst>
            <dst id="IPLSng">12803.9946666667</dst>
            <dst id="KSCYng">385.562666666667</dst>
            <dst id="LOSAng">12628.232</dst>
            <dst id="NYCMng">5592.50133333333</dst>
            <dst id="SNVAng">144.608</dst>
            <dst id="STTLng">3296.54933333333</dst>
            <dst id="WASHng">52212.2373333333</dst>
        </src>
        <src id="CHINng">
            <dst id="ATLA-M5">83.5893333333333</dst>
            <dst id="ATLAng">34182.496</dst>
            <dst id="CHINng">111241.488</dst>
            <dst id="DNVRng">13528.7013333333</dst>
            <dst id="HSTNng">3635.14666666667</dst>
            <dst id="IPLSng">15692.816</dst>
            <dst id="KSCYng">6287.51466666667</dst>
            <dst id="LOSAng">48804.4133333333</dst>
            <dst id="NYCMng">6578.52266666667</dst>
            <dst id="SNVAng">991.554666666667</dst>
            <dst id="STTLng">13452.8346666667</dst>
            <dst id="WASHng">15692.776</dst>
        </src>
        <src id="DNVRng">
            <dst id="ATLA-M5">76.24</dst>
            <dst id="ATLAng">3729.224</dst>
            <dst id="CHINng">54894.496</dst>
            <dst id="DNVRng">6051.648</dst>
            <dst id="HSTNng">14361.2293333333</dst>
            <dst id="IPLSng">22548.5013333333</dst>
            <dst id="KSCYng">12976.7733333333</dst>
            <dst id="LOSAng">6444.96</dst>
            <dst id="NYCMng">7668.73333333333</dst>
            <dst id="SNVAng">6325.62933333333</dst>
            <dst id="STTLng">5778.47733333333</dst>
            <dst id="WASHng">34559.0106666667</dst>
        </src>
        <src id="HSTNng">
            <dst id="ATLA-M5">422.528</dst>
            <dst id="ATLAng">14578.328</dst>
            <dst id="CHINng">18520.0746666667</dst>
            <dst id="DNVRng">1346.70666666667</dst>
            <dst id="HSTNng">1857.71733333333</dst>
            <dst id="IPLSng">2285.008</dst>
            <dst id="KSCYng">1300.512</dst>
            <dst id="LOSAng">4813.36</dst>
            <dst id="NYCMng">3537.39733333333</dst>
            <dst id="SNVAng">75.888</dst>
            <dst id="STTLng">3594.43466666667</dst>
            <dst id="WASHng">3752.904</dst>
        </src>
        <src id="IPLSng">
            <dst id="ATLA-M5">0</dst>
            <dst id="ATLAng">15255.2266666667</dst>
            <dst id="CHINng">73504.4453333333</dst>
            <dst id="DNVRng">3138.94666666667</dst>
            <dst id="HSTNng">2635.66666666667</dst>
            <dst id="IPLSng">6806.26666666667</dst>
            <dst id="KSCYng">1723.192</dst>
            <dst id="LOSAng">40198.184</dst>
            <dst id="NYCMng">16037.592</dst>
            <dst id="SNVAng">4325.608</dst>
            <dst id="STTLng">12220.128</dst>
            <dst id="WASHng">11992.2773333333</dst>
        </src>
        <src id="KSCYng">
            <dst id="ATLA-M5">0</dst>
            <dst id="ATLAng">1272.528</dst>
            <dst id="CHINng">27831.9706666667</dst>
            <dst id="DNVRng">7432.48</dst>
            <dst id="HSTNng">3276.90133333333</dst>
            <dst id="IPLSng">6439.10933333334</dst>
            <dst id="KSCYng">3850.2</dst>
            <dst id="LOSAng">6044.12</dst>
            <dst id="NYCMng">2435.09333333333</dst>
            <dst id="SNVAng">1298.84533333333</dst>
            <dst id="STTLng">2263.064</dst>
            <dst id="WASHng">4004.776</dst>
        </src>
        <src id="LOSAng">
            <dst id="ATLA-M5">94.488</dst>
            <dst id="ATLAng">42337.7093333333</dst>
            <dst id="CHINng">125133.845333333</dst>
            <dst id="DNVRng">17018.5626666667</dst>
            <dst id="HSTNng">7498.688</dst>
            <dst id="IPLSng">26773.8666666667</dst>
            <dst id="KSCYng">1601.104</dst>
            <dst id="LOSAng">18747.4826666667</dst>
            <dst id="NYCMng">61758.6106666667</dst>
            <dst id="SNVAng">4136.65066666667</dst>
            <dst id="STTLng">36992.1493333333</dst>
            <dst id="WASHng">89632.3573333333</dst>
        </src>
        <src id="NYCMng">
            <dst id="ATLA-M5">80</dst>
            <dst id="ATLAng">31888.1466666667</dst>
            <dst id="CHINng">34565.1653333333</dst>
            <dst id="DNVRng">104226.954666667</dst>
            <dst id="HSTNng">4353.11466666667</dst>
            <dst id="IPLSng">28199.968</dst>
            <dst id="KSCYng">5145.28</dst>
            <dst id="LOSAng">65414.8453333333</dst>
            <dst id="NYCMng">107628.378666667</dst>
            <dst id="SNVAng">1172.89333333333</dst>
            <dst id="STTLng">23596.792</dst>
            <dst id="WASHng">45619.304</dst>
        </src>
        <src id="SNVAng">
            <dst id="ATLA-M5">0</dst>
            <dst id="ATLAng">116.709333333333</dst>
            <dst id="CHINng">336.317333333333</dst>
            <dst id="DNVRng">700.866666666667</dst>
            <dst id="HSTNng">97.9413333333333</dst>
            <dst id="IPLSng">6426.512</dst>
            <dst id="KSCYng">122.402666666667</dst>
            <dst id="LOSAng">28026.5786666667</dst>
            <dst id="NYCMng">297.216</dst>
            <dst id="SNVAng">8001.02666666667</dst>
            <dst id="STTLng">21717.2186666667</dst>
            <dst id="WASHng">112.122666666667</dst>
        </src>
        <src id="STTLng">
            <dst id="ATLA-M5">317.850666666667</dst>
            <dst id="ATLAng">7765.58666666667</dst>
            <dst id="CHINng">32837.1466666667</dst>
            <dst id="DNVRng">764.253333333334</dst>
            <dst id="HSTNng">600.386666666667</dst>
            <dst id="IPLSng">3371.592</dst>
            <dst id="KSCYng">1760.464</dst>
            <dst id="LOSAng">28187.7946666667</dst>
            <dst id="NYCMng">6202.176</dst>
            <dst id="SNVAng">2288.12533333333</dst>
            <dst id="STTLng">1476.55466666667</dst>
            <dst id="WASHng">5336.95466666667</dst>
        </src>
        <src id="WASHng">
            <dst id="ATLA-M5">106.666666666667</dst>
            <dst id="ATLAng">78209.7386666667</dst>
            <dst id="CHINng">75479.928</dst>
            <dst id="DNVRng">58467.664</dst>
            <dst id="HSTNng">12854.7946666667</dst>
            <dst id="IPLSng">43224.0666666667</dst>
            <dst id="KSCYng">8988.26666666667</dst>
            <dst id="LOSAng">114096.402666667</dst>
            <dst id="NYCMng">116679.509333333</dst>
            <dst id="SNVAng">587.810666666667</dst>
            <dst id="STTLng">29815.1013333333</dst>
            <dst id="WASHng">286356.586666667</dst>
        </src>
    </IntraTM>
</TrafficMatrixFile>
