<?xml version="1.0" encoding="ISO-8859-1" standalone="yes"?>
<TrafficMatrixFile xsi:noNamespaceSchemaLocation="http://totem.run.montefiore.ulg.ac.be/Schema/TrafficMatrix-v1_2.xsd" xmlns:xsi="http://www.w3.org/2001/XMLSchema-instance">
    <IntraTM ASID="11537">
        <src id="ATLA-M5">
            <dst id="ATLA-M5">0</dst>
            <dst id="ATLAng">26.6666666666667</dst>
            <dst id="CHINng">234.32</dst>
            <dst id="DNVRng">0</dst>
            <dst id="HSTNng">26.6666666666667</dst>
            <dst id="IPLSng">53.3333333333333</dst>
            <dst id="KSCYng">26.6666666666667</dst>
            <dst id="LOSAng">338.216</dst>
            <dst id="NYCMng">61.1253333333333</dst>
            <dst id="SNVAng">0</dst>
            <dst id="STTLng">80.0453333333333</dst>
            <dst id="WASHng">53.3333333333333</dst>
        </src>
        <src id="ATLAng">
            <dst id="ATLA-M5">133.877333333333</dst>
            <dst id="ATLAng">32356.1893333333</dst>
            <dst id="CHINng">10673.0986666667</dst>
            <dst id="DNVRng">4695.33333333333</dst>
            <dst id="HSTNng">1810.736</dst>
            <dst id="IPLSng">11994.7733333333</dst>
            <dst id="KSCYng">1489.192</dst>
            <dst id="LOSAng">19350.0786666667</dst>
            <dst id="NYCMng">5451.58666666667</dst>
            <dst id="SNVAng">88.5</dst>
            <dst id="STTLng">8786.24533333333</dst>
            <dst id="WASHng">30475.8773333333</dst>
        </src>
        <src id="CHINng">
            <dst id="ATLA-M5">598.709333333333</dst>
            <dst id="ATLAng">29123.8773333333</dst>
            <dst id="CHINng">59301.3493333333</dst>
            <dst id="DNVRng">17439.5013333333</dst>
            <dst id="HSTNng">8084.35466666667</dst>
            <dst id="IPLSng">43472.16</dst>
            <dst id="KSCYng">5633.64266666667</dst>
            <dst id="LOSAng">54691.296</dst>
            <dst id="NYCMng">7051.824</dst>
            <dst id="SNVAng">761.768</dst>
            <dst id="STTLng">13501.8933333333</dst>
            <dst id="WASHng">30264.6693333333</dst>
        </src>
        <src id="DNVRng">
            <dst id="ATLA-M5">169.226666666667</dst>
            <dst id="ATLAng">5694.01066666667</dst>
            <dst id="CHINng">42212.1066666667</dst>
            <dst id="DNVRng">13283.5493333333</dst>
            <dst id="HSTNng">23906.0906666667</dst>
            <dst id="IPLSng">24645.04</dst>
            <dst id="KSCYng">19788.2773333333</dst>
            <dst id="LOSAng">52600.8026666667</dst>
            <dst id="NYCMng">9510.696</dst>
            <dst id="SNVAng">8148.32266666667</dst>
            <dst id="STTLng">11111.6053333333</dst>
            <dst id="WASHng">30229.792</dst>
        </src>
        <src id="HSTNng">
            <dst id="ATLA-M5">163.274666666667</dst>
            <dst id="ATLAng">17720.712</dst>
            <dst id="CHINng">7625.23466666667</dst>
            <dst id="DNVRng">1632.76266666667</dst>
            <dst id="HSTNng">11156.5866666667</dst>
            <dst id="IPLSng">1121.03733333333</dst>
            <dst id="KSCYng">1067.68266666667</dst>
            <dst id="LOSAng">6437.272</dst>
            <dst id="NYCMng">1303.696</dst>
            <dst id="SNVAng">0</dst>
            <dst id="STTLng">3634.288</dst>
            <dst id="WASHng">2077.98933333333</dst>
        </src>
        <src id="IPLSng">
            <dst id="ATLA-M5">0</dst>
            <dst id="ATLAng">11114.232</dst>
            <dst id="CHINng">59695.832</dst>
            <dst id="DNVRng">3530.41333333333</dst>
            <dst id="HSTNng">2490.16266666667</dst>
            <dst id="IPLSng">15834.3093333333</dst>
            <dst id="KSCYng">1810.10666666667</dst>
            <dst id="LOSAng">46774.504</dst>
            <dst id="NYCMng">26975.856</dst>
            <dst id="SNVAng">161.925333333333</dst>
            <dst id="STTLng">11615.024</dst>
            <dst id="WASHng">11942.0773333333</dst>
        </src>
        <src id="KSCYng">
            <dst id="ATLA-M5">586.498666666667</dst>
            <dst id="ATLAng">1807.01066666667</dst>
            <dst id="CHINng">15310.9173333333</dst>
            <dst id="DNVRng">14111.7733333333</dst>
            <dst id="HSTNng">4504.95733333333</dst>
            <dst id="IPLSng">10626.7973333333</dst>
            <dst id="KSCYng">9743.78133333333</dst>
            <dst id="LOSAng">9102.83733333333</dst>
            <dst id="NYCMng">1027.208</dst>
            <dst id="SNVAng">592.805333333333</dst>
            <dst id="STTLng">1045.35733333333</dst>
            <dst id="WASHng">14040.056</dst>
        </src>
        <src id="LOSAng">
            <dst id="ATLA-M5">1358.856</dst>
            <dst id="ATLAng">64939.4586666667</dst>
            <dst id="CHINng">82249.6586666667</dst>
            <dst id="DNVRng">8176.032</dst>
            <dst id="HSTNng">7177.912</dst>
            <dst id="IPLSng">34740.0373333333</dst>
            <dst id="KSCYng">4468.83466666667</dst>
            <dst id="LOSAng">21829.1573333333</dst>
            <dst id="NYCMng">71200.456</dst>
            <dst id="SNVAng">10231.0266666667</dst>
            <dst id="STTLng">42213.0906666667</dst>
            <dst id="WASHng">126880.72</dst>
        </src>
        <src id="NYCMng">
            <dst id="ATLA-M5">30.96</dst>
            <dst id="ATLAng">38191.9466666667</dst>
            <dst id="CHINng">31821.128</dst>
            <dst id="DNVRng">23869.7706666667</dst>
            <dst id="HSTNng">7255.128</dst>
            <dst id="IPLSng">25280.1386666667</dst>
            <dst id="KSCYng">6145.57866666667</dst>
            <dst id="LOSAng">82082.352</dst>
            <dst id="NYCMng">100225.186666667</dst>
            <dst id="SNVAng">4012.6</dst>
            <dst id="STTLng">27349.4693333333</dst>
            <dst id="WASHng">74706.9093333333</dst>
        </src>
        <src id="SNVAng">
            <dst id="ATLA-M5">0</dst>
            <dst id="ATLAng">57.28</dst>
            <dst id="CHINng">112.997333333333</dst>
            <dst id="DNVRng">10474.144</dst>
            <dst id="HSTNng">449.386666666667</dst>
            <dst id="IPLSng">5685.69066666667</dst>
            <dst id="KSCYng">140.306666666667</dst>
            <dst id="LOSAng">32188.264</dst>
            <dst id="NYCMng">552.338666666667</dst>
            <dst id="SNVAng">9600.73066666667</dst>
            <dst id="STTLng">27675.5733333333</dst>
            <dst id="WASHng">26.6666666666667</dst>
        </src>
        <src id="STTLng">
            <dst id="ATLA-M5">54.616</dst>
            <dst id="ATLAng">9221.76</dst>
            <dst id="CHINng">15293.5626666667</dst>
            <dst id="DNVRng">2946.98933333333</dst>
            <dst id="HSTNng">2445.4</dst>
            <dst id="IPLSng">4798.54933333333</dst>
            <dst id="KSCYng">1721.98133333333</dst>
            <dst id="LOSAng">36436.728</dst>
            <dst id="NYCMng">9255.848</dst>
            <dst id="SNVAng">4532.89333333333</dst>
            <dst id="STTLng">5749.49066666667</dst>
            <dst id="WASHng">11100.0453333333</dst>
        </src>
        <src id="WASHng">
            <dst id="ATLA-M5">0</dst>
            <dst id="ATLAng">114491.381333333</dst>
            <dst id="CHINng">84319.632</dst>
            <dst id="DNVRng">45921.0186666667</dst>
            <dst id="HSTNng">12150.992</dst>
            <dst id="IPLSng">54592.9466666667</dst>
            <dst id="KSCYng">11248.1226666667</dst>
            <dst id="LOSAng">112518.914666667</dst>
            <dst id="NYCMng">185060.693333333</dst>
            <dst id="SNVAng">616.818666666667</dst>
            <dst id="STTLng">32559.6213333333</dst>
            <dst id="WASHng">127644.885333333</dst>
        </src>
    </IntraTM>
</TrafficMatrixFile>
