<?xml version="1.0" encoding="ISO-8859-1" standalone="yes"?>
<TrafficMatrixFile xsi:noNamespaceSchemaLocation="http://totem.run.montefiore.ulg.ac.be/Schema/TrafficMatrix-v1_2.xsd" xmlns:xsi="http://www.w3.org/2001/XMLSchema-instance">
    <IntraTM ASID="11537">
        <src id="ATLA-M5">
            <dst id="ATLA-M5">160.832</dst>
            <dst id="ATLAng">142.485333333333</dst>
            <dst id="CHINng">106.666666666667</dst>
            <dst id="DNVRng">0</dst>
            <dst id="HSTNng">80.448</dst>
            <dst id="IPLSng">0</dst>
            <dst id="KSCYng">635.314666666667</dst>
            <dst id="LOSAng">433.954666666667</dst>
            <dst id="NYCMng">0</dst>
            <dst id="SNVAng">0</dst>
            <dst id="STTLng">0</dst>
            <dst id="WASHng">2494.86933333333</dst>
        </src>
        <src id="ATLAng">
            <dst id="ATLA-M5">119.874666666667</dst>
            <dst id="ATLAng">50724.0986666667</dst>
            <dst id="CHINng">6946.016</dst>
            <dst id="DNVRng">5778.72266666667</dst>
            <dst id="HSTNng">6430.76</dst>
            <dst id="IPLSng">10340.5813333333</dst>
            <dst id="KSCYng">610.872</dst>
            <dst id="LOSAng">11073.944</dst>
            <dst id="NYCMng">6943.45333333333</dst>
            <dst id="SNVAng">357.936</dst>
            <dst id="STTLng">4289.73066666667</dst>
            <dst id="WASHng">64629.6693333333</dst>
        </src>
        <src id="CHINng">
            <dst id="ATLA-M5">26.6666666666667</dst>
            <dst id="ATLAng">15742.0746666667</dst>
            <dst id="CHINng">106038.36</dst>
            <dst id="DNVRng">10964.9333333333</dst>
            <dst id="HSTNng">4902.29333333333</dst>
            <dst id="IPLSng">19509.328</dst>
            <dst id="KSCYng">16639.16</dst>
            <dst id="LOSAng">37350.12</dst>
            <dst id="NYCMng">6663.53333333333</dst>
            <dst id="SNVAng">255.418666666667</dst>
            <dst id="STTLng">6575.592</dst>
            <dst id="WASHng">44046.1813333333</dst>
        </src>
        <src id="DNVRng">
            <dst id="ATLA-M5">161.92</dst>
            <dst id="ATLAng">11526.5626666667</dst>
            <dst id="CHINng">61676.8613333333</dst>
            <dst id="DNVRng">20007.4346666667</dst>
            <dst id="HSTNng">10802.9386666667</dst>
            <dst id="IPLSng">26100.9866666667</dst>
            <dst id="KSCYng">9533.05866666667</dst>
            <dst id="LOSAng">3992.29333333333</dst>
            <dst id="NYCMng">11198.0826666667</dst>
            <dst id="SNVAng">6329.712</dst>
            <dst id="STTLng">5122.24</dst>
            <dst id="WASHng">33529.3466666667</dst>
        </src>
        <src id="HSTNng">
            <dst id="ATLA-M5">142.186666666667</dst>
            <dst id="ATLAng">3848.18933333333</dst>
            <dst id="CHINng">16463.1413333333</dst>
            <dst id="DNVRng">606.392</dst>
            <dst id="HSTNng">2794.96</dst>
            <dst id="IPLSng">793.738666666667</dst>
            <dst id="KSCYng">2095.63466666667</dst>
            <dst id="LOSAng">7594.848</dst>
            <dst id="NYCMng">3160.31466666667</dst>
            <dst id="SNVAng">219.701333333333</dst>
            <dst id="STTLng">226.442666666667</dst>
            <dst id="WASHng">5099.60266666667</dst>
        </src>
        <src id="IPLSng">
            <dst id="ATLA-M5">81.8293333333333</dst>
            <dst id="ATLAng">17017.0133333333</dst>
            <dst id="CHINng">98749.992</dst>
            <dst id="DNVRng">7014.296</dst>
            <dst id="HSTNng">1605.61866666667</dst>
            <dst id="IPLSng">8349.94933333334</dst>
            <dst id="KSCYng">8540.928</dst>
            <dst id="LOSAng">19217.792</dst>
            <dst id="NYCMng">18185.408</dst>
            <dst id="SNVAng">415.258666666667</dst>
            <dst id="STTLng">9046.848</dst>
            <dst id="WASHng">18301.0186666667</dst>
        </src>
        <src id="KSCYng">
            <dst id="ATLA-M5">26.6666666666667</dst>
            <dst id="ATLAng">3077.40533333333</dst>
            <dst id="CHINng">30414.1466666667</dst>
            <dst id="DNVRng">9609.82933333333</dst>
            <dst id="HSTNng">2745.84</dst>
            <dst id="IPLSng">5773.49333333333</dst>
            <dst id="KSCYng">7678.2</dst>
            <dst id="LOSAng">6575.66666666667</dst>
            <dst id="NYCMng">5211.05333333333</dst>
            <dst id="SNVAng">127.328</dst>
            <dst id="STTLng">1135.608</dst>
            <dst id="WASHng">6136.61333333333</dst>
        </src>
        <src id="LOSAng">
            <dst id="ATLA-M5">190.226666666667</dst>
            <dst id="ATLAng">19222.6826666667</dst>
            <dst id="CHINng">133964.288</dst>
            <dst id="DNVRng">9272.97333333333</dst>
            <dst id="HSTNng">5072.21066666667</dst>
            <dst id="IPLSng">42186.9546666667</dst>
            <dst id="KSCYng">6039.77333333333</dst>
            <dst id="LOSAng">17404.0186666667</dst>
            <dst id="NYCMng">55192.592</dst>
            <dst id="SNVAng">8159.096</dst>
            <dst id="STTLng">33471.848</dst>
            <dst id="WASHng">115562.885333333</dst>
        </src>
        <src id="NYCMng">
            <dst id="ATLA-M5">1076.15466666667</dst>
            <dst id="ATLAng">43642.336</dst>
            <dst id="CHINng">117700.949333333</dst>
            <dst id="DNVRng">18700.944</dst>
            <dst id="HSTNng">6659.45866666667</dst>
            <dst id="IPLSng">42030.192</dst>
            <dst id="KSCYng">9020.032</dst>
            <dst id="LOSAng">67777.968</dst>
            <dst id="NYCMng">99644.9866666666</dst>
            <dst id="SNVAng">3028.44266666667</dst>
            <dst id="STTLng">19122.3173333333</dst>
            <dst id="WASHng">74279.0986666667</dst>
        </src>
        <src id="SNVAng">
            <dst id="ATLA-M5">0</dst>
            <dst id="ATLAng">1079.328</dst>
            <dst id="CHINng">266.632</dst>
            <dst id="DNVRng">457.298666666667</dst>
            <dst id="HSTNng">124.053333333333</dst>
            <dst id="IPLSng">6664.024</dst>
            <dst id="KSCYng">0</dst>
            <dst id="LOSAng">28487.5413333333</dst>
            <dst id="NYCMng">8244.11733333333</dst>
            <dst id="SNVAng">9692.90133333334</dst>
            <dst id="STTLng">21176.2533333333</dst>
            <dst id="WASHng">206.549333333333</dst>
        </src>
        <src id="STTLng">
            <dst id="ATLA-M5">94.7546666666667</dst>
            <dst id="ATLAng">11754.3226666667</dst>
            <dst id="CHINng">37824.928</dst>
            <dst id="DNVRng">1833.26133333333</dst>
            <dst id="HSTNng">753.253333333334</dst>
            <dst id="IPLSng">7453.32266666667</dst>
            <dst id="KSCYng">535.333333333333</dst>
            <dst id="LOSAng">17913.0373333333</dst>
            <dst id="NYCMng">10820.792</dst>
            <dst id="SNVAng">5620.08533333333</dst>
            <dst id="STTLng">1429.05066666667</dst>
            <dst id="WASHng">8966.21333333333</dst>
        </src>
        <src id="WASHng">
            <dst id="ATLA-M5">264.08</dst>
            <dst id="ATLAng">96700.6266666667</dst>
            <dst id="CHINng">85051.52</dst>
            <dst id="DNVRng">41993.7946666667</dst>
            <dst id="HSTNng">10277.992</dst>
            <dst id="IPLSng">32346.2053333333</dst>
            <dst id="KSCYng">17586.3813333333</dst>
            <dst id="LOSAng">110218.968</dst>
            <dst id="NYCMng">137877.581333333</dst>
            <dst id="SNVAng">4862.344</dst>
            <dst id="STTLng">28474.312</dst>
            <dst id="WASHng">250648.533333333</dst>
        </src>
    </IntraTM>
</TrafficMatrixFile>
