<?xml version="1.0" encoding="ISO-8859-1" standalone="yes"?>
<TrafficMatrixFile xsi:noNamespaceSchemaLocation="http://totem.run.montefiore.ulg.ac.be/Schema/TrafficMatrix-v1_2.xsd" xmlns:xsi="http://www.w3.org/2001/XMLSchema-instance">
    <IntraTM ASID="11537">
        <src id="ATLA-M5">
            <dst id="ATLA-M5">0</dst>
            <dst id="ATLAng">53.3333333333333</dst>
            <dst id="CHINng">132.608</dst>
            <dst id="DNVRng">26.6666666666667</dst>
            <dst id="HSTNng">93.3893333333333</dst>
            <dst id="IPLSng">53.3333333333333</dst>
            <dst id="KSCYng">0</dst>
            <dst id="LOSAng">141.805333333333</dst>
            <dst id="NYCMng">31.9973333333333</dst>
            <dst id="SNVAng">0</dst>
            <dst id="STTLng">125.725333333333</dst>
            <dst id="WASHng">809.693333333333</dst>
        </src>
        <src id="ATLAng">
            <dst id="ATLA-M5">123.949333333333</dst>
            <dst id="ATLAng">30268.104</dst>
            <dst id="CHINng">7318.776</dst>
            <dst id="DNVRng">4308.46933333333</dst>
            <dst id="HSTNng">391.709333333333</dst>
            <dst id="IPLSng">10884.2213333333</dst>
            <dst id="KSCYng">1536.79733333333</dst>
            <dst id="LOSAng">15608.7546666667</dst>
            <dst id="NYCMng">3543.07733333333</dst>
            <dst id="SNVAng">26.6666666666667</dst>
            <dst id="STTLng">5367.85866666667</dst>
            <dst id="WASHng">30509.576</dst>
        </src>
        <src id="CHINng">
            <dst id="ATLA-M5">147.504</dst>
            <dst id="ATLAng">15832.4853333333</dst>
            <dst id="CHINng">134475.637333333</dst>
            <dst id="DNVRng">13391.6773333333</dst>
            <dst id="HSTNng">4445.12</dst>
            <dst id="IPLSng">75872.624</dst>
            <dst id="KSCYng">11776.0826666667</dst>
            <dst id="LOSAng">66394.52</dst>
            <dst id="NYCMng">8164.71733333333</dst>
            <dst id="SNVAng">537.458666666667</dst>
            <dst id="STTLng">6006.10133333333</dst>
            <dst id="WASHng">11004.0053333333</dst>
        </src>
        <src id="DNVRng">
            <dst id="ATLA-M5">84.96</dst>
            <dst id="ATLAng">11025.7226666667</dst>
            <dst id="CHINng">45036.7733333333</dst>
            <dst id="DNVRng">25104.032</dst>
            <dst id="HSTNng">20034.3146666667</dst>
            <dst id="IPLSng">21073.1813333333</dst>
            <dst id="KSCYng">17480.5573333333</dst>
            <dst id="LOSAng">4372.056</dst>
            <dst id="NYCMng">14559.1466666667</dst>
            <dst id="SNVAng">9425.74666666667</dst>
            <dst id="STTLng">8407.216</dst>
            <dst id="WASHng">32380.2613333333</dst>
        </src>
        <src id="HSTNng">
            <dst id="ATLA-M5">5033.98666666667</dst>
            <dst id="ATLAng">3091.816</dst>
            <dst id="CHINng">9260.90133333334</dst>
            <dst id="DNVRng">1326.21066666667</dst>
            <dst id="HSTNng">5705.28266666667</dst>
            <dst id="IPLSng">453.842666666667</dst>
            <dst id="KSCYng">1144.76533333333</dst>
            <dst id="LOSAng">14452.6026666667</dst>
            <dst id="NYCMng">4088.088</dst>
            <dst id="SNVAng">26.6666666666667</dst>
            <dst id="STTLng">1758.75466666667</dst>
            <dst id="WASHng">3850.93866666667</dst>
        </src>
        <src id="IPLSng">
            <dst id="ATLA-M5">53.3333333333333</dst>
            <dst id="ATLAng">11245.1413333333</dst>
            <dst id="CHINng">56034.3173333333</dst>
            <dst id="DNVRng">3510.68266666667</dst>
            <dst id="HSTNng">1080.89866666667</dst>
            <dst id="IPLSng">32282.144</dst>
            <dst id="KSCYng">4004.072</dst>
            <dst id="LOSAng">58045.352</dst>
            <dst id="NYCMng">29155.3573333333</dst>
            <dst id="SNVAng">309.365333333333</dst>
            <dst id="STTLng">9511.192</dst>
            <dst id="WASHng">9069.13066666667</dst>
        </src>
        <src id="KSCYng">
            <dst id="ATLA-M5">80.704</dst>
            <dst id="ATLAng">1738.104</dst>
            <dst id="CHINng">20036.968</dst>
            <dst id="DNVRng">17520.6</dst>
            <dst id="HSTNng">3595.448</dst>
            <dst id="IPLSng">13025.8106666667</dst>
            <dst id="KSCYng">3305.648</dst>
            <dst id="LOSAng">6243.47466666667</dst>
            <dst id="NYCMng">4476.664</dst>
            <dst id="SNVAng">65.624</dst>
            <dst id="STTLng">1896.16</dst>
            <dst id="WASHng">10067.4453333333</dst>
        </src>
        <src id="LOSAng">
            <dst id="ATLA-M5">26.6666666666667</dst>
            <dst id="ATLAng">15487.6853333333</dst>
            <dst id="CHINng">91724.9786666667</dst>
            <dst id="DNVRng">8479.88266666667</dst>
            <dst id="HSTNng">18501.5093333333</dst>
            <dst id="IPLSng">50846.7013333333</dst>
            <dst id="KSCYng">5869.336</dst>
            <dst id="LOSAng">19514.368</dst>
            <dst id="NYCMng">76571.0053333333</dst>
            <dst id="SNVAng">12256.92</dst>
            <dst id="STTLng">49347.2213333333</dst>
            <dst id="WASHng">102195.546666667</dst>
        </src>
        <src id="NYCMng">
            <dst id="ATLA-M5">1129.96266666667</dst>
            <dst id="ATLAng">28471.392</dst>
            <dst id="CHINng">41889.4826666667</dst>
            <dst id="DNVRng">117750.645333333</dst>
            <dst id="HSTNng">11045.6293333333</dst>
            <dst id="IPLSng">37819.5973333333</dst>
            <dst id="KSCYng">9036.408</dst>
            <dst id="LOSAng">93159.6746666667</dst>
            <dst id="NYCMng">59801.104</dst>
            <dst id="SNVAng">1029.624</dst>
            <dst id="STTLng">30221.544</dst>
            <dst id="WASHng">49193.0213333333</dst>
        </src>
        <src id="SNVAng">
            <dst id="ATLA-M5">0</dst>
            <dst id="ATLAng">106.666666666667</dst>
            <dst id="CHINng">637.925333333333</dst>
            <dst id="DNVRng">6269.512</dst>
            <dst id="HSTNng">3266.56</dst>
            <dst id="IPLSng">5071.81333333333</dst>
            <dst id="KSCYng">0</dst>
            <dst id="LOSAng">37762.4933333333</dst>
            <dst id="NYCMng">169.856</dst>
            <dst id="SNVAng">10582.8106666667</dst>
            <dst id="STTLng">31544.5866666667</dst>
            <dst id="WASHng">26.6666666666667</dst>
        </src>
        <src id="STTLng">
            <dst id="ATLA-M5">153.069333333333</dst>
            <dst id="ATLAng">8947.33866666667</dst>
            <dst id="CHINng">14117.7253333333</dst>
            <dst id="DNVRng">2046.904</dst>
            <dst id="HSTNng">1764.31466666667</dst>
            <dst id="IPLSng">6554.904</dst>
            <dst id="KSCYng">3641.88266666667</dst>
            <dst id="LOSAng">31460.7306666667</dst>
            <dst id="NYCMng">11372.344</dst>
            <dst id="SNVAng">3670.992</dst>
            <dst id="STTLng">4479.40533333333</dst>
            <dst id="WASHng">5558.27466666667</dst>
        </src>
        <src id="WASHng">
            <dst id="ATLA-M5">860.792</dst>
            <dst id="ATLAng">81365.752</dst>
            <dst id="CHINng">74050.5493333333</dst>
            <dst id="DNVRng">58938.5893333333</dst>
            <dst id="HSTNng">18427.608</dst>
            <dst id="IPLSng">37995.1413333333</dst>
            <dst id="KSCYng">11291.04</dst>
            <dst id="LOSAng">108753.904</dst>
            <dst id="NYCMng">144638.402666667</dst>
            <dst id="SNVAng">4484.30666666667</dst>
            <dst id="STTLng">32946.0053333333</dst>
            <dst id="WASHng">200046.661333333</dst>
        </src>
    </IntraTM>
</TrafficMatrixFile>
