<?xml version="1.0" encoding="ISO-8859-1" standalone="yes"?>
<TrafficMatrixFile xsi:noNamespaceSchemaLocation="http://totem.run.montefiore.ulg.ac.be/Schema/TrafficMatrix-v1_2.xsd" xmlns:xsi="http://www.w3.org/2001/XMLSchema-instance">
    <IntraTM ASID="11537">
        <src id="ATLA-M5">
            <dst id="ATLA-M5">0</dst>
            <dst id="ATLAng">53.3333333333333</dst>
            <dst id="CHINng">169.685333333333</dst>
            <dst id="DNVRng">26.6666666666667</dst>
            <dst id="HSTNng">117.12</dst>
            <dst id="IPLSng">26.6666666666667</dst>
            <dst id="KSCYng">76.152</dst>
            <dst id="LOSAng">117.021333333333</dst>
            <dst id="NYCMng">53.3333333333333</dst>
            <dst id="SNVAng">0</dst>
            <dst id="STTLng">26.6666666666667</dst>
            <dst id="WASHng">285.045333333333</dst>
        </src>
        <src id="ATLAng">
            <dst id="ATLA-M5">136.690666666667</dst>
            <dst id="ATLAng">30146.1866666667</dst>
            <dst id="CHINng">10656.576</dst>
            <dst id="DNVRng">4272.74666666667</dst>
            <dst id="HSTNng">405.965333333333</dst>
            <dst id="IPLSng">21928.4586666667</dst>
            <dst id="KSCYng">536.346666666667</dst>
            <dst id="LOSAng">16718.312</dst>
            <dst id="NYCMng">3687.41066666667</dst>
            <dst id="SNVAng">0</dst>
            <dst id="STTLng">6781.032</dst>
            <dst id="WASHng">29200.0853333333</dst>
        </src>
        <src id="CHINng">
            <dst id="ATLA-M5">102.282666666667</dst>
            <dst id="ATLAng">13430.6613333333</dst>
            <dst id="CHINng">144831.490666667</dst>
            <dst id="DNVRng">15918.1573333333</dst>
            <dst id="HSTNng">4438.37866666667</dst>
            <dst id="IPLSng">83389.2373333333</dst>
            <dst id="KSCYng">4806.216</dst>
            <dst id="LOSAng">67913.5546666667</dst>
            <dst id="NYCMng">14243.8133333333</dst>
            <dst id="SNVAng">358.306666666667</dst>
            <dst id="STTLng">6879.15733333333</dst>
            <dst id="WASHng">11426.424</dst>
        </src>
        <src id="DNVRng">
            <dst id="ATLA-M5">122.88</dst>
            <dst id="ATLAng">9952.57333333333</dst>
            <dst id="CHINng">41025.7733333333</dst>
            <dst id="DNVRng">33797.3333333333</dst>
            <dst id="HSTNng">25014.5706666667</dst>
            <dst id="IPLSng">21379.1093333333</dst>
            <dst id="KSCYng">26717.984</dst>
            <dst id="LOSAng">5081.97066666667</dst>
            <dst id="NYCMng">14352.6106666667</dst>
            <dst id="SNVAng">14959.0853333333</dst>
            <dst id="STTLng">18417.0213333333</dst>
            <dst id="WASHng">47633.5946666667</dst>
        </src>
        <src id="HSTNng">
            <dst id="ATLA-M5">2663.528</dst>
            <dst id="ATLAng">3275.38933333333</dst>
            <dst id="CHINng">9696.41066666666</dst>
            <dst id="DNVRng">1624.84</dst>
            <dst id="HSTNng">6752.92533333333</dst>
            <dst id="IPLSng">1687.69866666667</dst>
            <dst id="KSCYng">742.456</dst>
            <dst id="LOSAng">12027.48</dst>
            <dst id="NYCMng">4553.93066666667</dst>
            <dst id="SNVAng">0</dst>
            <dst id="STTLng">1161.20533333333</dst>
            <dst id="WASHng">3596.89866666667</dst>
        </src>
        <src id="IPLSng">
            <dst id="ATLA-M5">53.3333333333333</dst>
            <dst id="ATLAng">10690.3386666667</dst>
            <dst id="CHINng">57393.336</dst>
            <dst id="DNVRng">4080.90133333333</dst>
            <dst id="HSTNng">1194.576</dst>
            <dst id="IPLSng">30747.1733333333</dst>
            <dst id="KSCYng">5335.176</dst>
            <dst id="LOSAng">62654.904</dst>
            <dst id="NYCMng">27786.7226666667</dst>
            <dst id="SNVAng">432.786666666667</dst>
            <dst id="STTLng">10697.8026666667</dst>
            <dst id="WASHng">9960.85066666667</dst>
        </src>
        <src id="KSCYng">
            <dst id="ATLA-M5">115.885333333333</dst>
            <dst id="ATLAng">2124.19733333333</dst>
            <dst id="CHINng">20380.1306666667</dst>
            <dst id="DNVRng">19294.8293333333</dst>
            <dst id="HSTNng">4116.44</dst>
            <dst id="IPLSng">15800.4906666667</dst>
            <dst id="KSCYng">6202.85866666667</dst>
            <dst id="LOSAng">5868.34933333333</dst>
            <dst id="NYCMng">4274.14133333333</dst>
            <dst id="SNVAng">26.6666666666667</dst>
            <dst id="STTLng">1988.16266666667</dst>
            <dst id="WASHng">16714.0026666667</dst>
        </src>
        <src id="LOSAng">
            <dst id="ATLA-M5">29.056</dst>
            <dst id="ATLAng">13571.3493333333</dst>
            <dst id="CHINng">87542.0586666667</dst>
            <dst id="DNVRng">13363.6586666667</dst>
            <dst id="HSTNng">9785.936</dst>
            <dst id="IPLSng">51608.2666666667</dst>
            <dst id="KSCYng">5526.32533333333</dst>
            <dst id="LOSAng">20381.92</dst>
            <dst id="NYCMng">68389.4293333333</dst>
            <dst id="SNVAng">7298.13066666667</dst>
            <dst id="STTLng">49270.5253333333</dst>
            <dst id="WASHng">98511.192</dst>
        </src>
        <src id="NYCMng">
            <dst id="ATLA-M5">996.266666666667</dst>
            <dst id="ATLAng">29042.4186666667</dst>
            <dst id="CHINng">51720.3306666667</dst>
            <dst id="DNVRng">117013.973333333</dst>
            <dst id="HSTNng">11639.8133333333</dst>
            <dst id="IPLSng">41708.528</dst>
            <dst id="KSCYng">10203.512</dst>
            <dst id="LOSAng">89430.8293333333</dst>
            <dst id="NYCMng">71600.048</dst>
            <dst id="SNVAng">960.232</dst>
            <dst id="STTLng">31841.8133333333</dst>
            <dst id="WASHng">45292.1386666667</dst>
        </src>
        <src id="SNVAng">
            <dst id="ATLA-M5">0</dst>
            <dst id="ATLAng">53.3333333333333</dst>
            <dst id="CHINng">410.306666666667</dst>
            <dst id="DNVRng">11503.2853333333</dst>
            <dst id="HSTNng">3427.59466666667</dst>
            <dst id="IPLSng">5277.808</dst>
            <dst id="KSCYng">26.6666666666667</dst>
            <dst id="LOSAng">36870.1973333333</dst>
            <dst id="NYCMng">121.92</dst>
            <dst id="SNVAng">9854.02133333333</dst>
            <dst id="STTLng">28134.816</dst>
            <dst id="WASHng">80</dst>
        </src>
        <src id="STTLng">
            <dst id="ATLA-M5">39.4373333333333</dst>
            <dst id="ATLAng">9835</dst>
            <dst id="CHINng">11585.3893333333</dst>
            <dst id="DNVRng">2757.05866666667</dst>
            <dst id="HSTNng">2291.48</dst>
            <dst id="IPLSng">6468.22666666667</dst>
            <dst id="KSCYng">3249.95733333333</dst>
            <dst id="LOSAng">31346.528</dst>
            <dst id="NYCMng">12183.4986666667</dst>
            <dst id="SNVAng">3849.264</dst>
            <dst id="STTLng">6600.688</dst>
            <dst id="WASHng">5689.52</dst>
        </src>
        <src id="WASHng">
            <dst id="ATLA-M5">698.456</dst>
            <dst id="ATLAng">96654.0293333333</dst>
            <dst id="CHINng">71650.4533333333</dst>
            <dst id="DNVRng">59435.968</dst>
            <dst id="HSTNng">15857.672</dst>
            <dst id="IPLSng">45940.0613333333</dst>
            <dst id="KSCYng">13836.6453333333</dst>
            <dst id="LOSAng">105872.621333333</dst>
            <dst id="NYCMng">156072.656</dst>
            <dst id="SNVAng">4259.032</dst>
            <dst id="STTLng">33841.8213333333</dst>
            <dst id="WASHng">234164.2</dst>
        </src>
    </IntraTM>
</TrafficMatrixFile>
