<?xml version="1.0" encoding="ISO-8859-1" standalone="yes"?>
<TrafficMatrixFile xsi:noNamespaceSchemaLocation="http://totem.run.montefiore.ulg.ac.be/Schema/TrafficMatrix-v1_2.xsd" xmlns:xsi="http://www.w3.org/2001/XMLSchema-instance">
    <IntraTM ASID="11537">
        <src id="ATLA-M5">
            <dst id="ATLA-M5">26.6666666666667</dst>
            <dst id="ATLAng">81.0266666666667</dst>
            <dst id="CHINng">284.072</dst>
            <dst id="DNVRng">0</dst>
            <dst id="HSTNng">26.6666666666667</dst>
            <dst id="IPLSng">26.6666666666667</dst>
            <dst id="KSCYng">0</dst>
            <dst id="LOSAng">0</dst>
            <dst id="NYCMng">26.6666666666667</dst>
            <dst id="SNVAng">0</dst>
            <dst id="STTLng">0</dst>
            <dst id="WASHng">1306.46933333333</dst>
        </src>
        <src id="ATLAng">
            <dst id="ATLA-M5">1797.63466666667</dst>
            <dst id="ATLAng">37109.1253333333</dst>
            <dst id="CHINng">7019.184</dst>
            <dst id="DNVRng">8110.61066666666</dst>
            <dst id="HSTNng">402.370666666667</dst>
            <dst id="IPLSng">9718.90666666667</dst>
            <dst id="KSCYng">3420.152</dst>
            <dst id="LOSAng">13237.3933333333</dst>
            <dst id="NYCMng">5024.31733333333</dst>
            <dst id="SNVAng">151.345333333333</dst>
            <dst id="STTLng">3804.568</dst>
            <dst id="WASHng">56894.8906666667</dst>
        </src>
        <src id="CHINng">
            <dst id="ATLA-M5">118.768</dst>
            <dst id="ATLAng">34673.56</dst>
            <dst id="CHINng">94980.6106666667</dst>
            <dst id="DNVRng">18562.5066666667</dst>
            <dst id="HSTNng">3737.26133333333</dst>
            <dst id="IPLSng">17401.9093333333</dst>
            <dst id="KSCYng">12903.0293333333</dst>
            <dst id="LOSAng">52094.848</dst>
            <dst id="NYCMng">4182.408</dst>
            <dst id="SNVAng">119.877333333333</dst>
            <dst id="STTLng">8661.776</dst>
            <dst id="WASHng">16156.928</dst>
        </src>
        <src id="DNVRng">
            <dst id="ATLA-M5">108.8</dst>
            <dst id="ATLAng">3542.81333333333</dst>
            <dst id="CHINng">57833.7733333333</dst>
            <dst id="DNVRng">2578.29066666667</dst>
            <dst id="HSTNng">13659.9093333333</dst>
            <dst id="IPLSng">25325.8453333333</dst>
            <dst id="KSCYng">8009.77333333333</dst>
            <dst id="LOSAng">8067.08266666666</dst>
            <dst id="NYCMng">6926.088</dst>
            <dst id="SNVAng">4812.86666666667</dst>
            <dst id="STTLng">4341.94666666667</dst>
            <dst id="WASHng">34730.256</dst>
        </src>
        <src id="HSTNng">
            <dst id="ATLA-M5">109.482666666667</dst>
            <dst id="ATLAng">14056.2933333333</dst>
            <dst id="CHINng">14033.5733333333</dst>
            <dst id="DNVRng">683.949333333333</dst>
            <dst id="HSTNng">6690.728</dst>
            <dst id="IPLSng">1795.08533333333</dst>
            <dst id="KSCYng">1413.624</dst>
            <dst id="LOSAng">4508.928</dst>
            <dst id="NYCMng">1711.24533333333</dst>
            <dst id="SNVAng">0</dst>
            <dst id="STTLng">1025.14666666667</dst>
            <dst id="WASHng">3449.152</dst>
        </src>
        <src id="IPLSng">
            <dst id="ATLA-M5">0</dst>
            <dst id="ATLAng">12282.1626666667</dst>
            <dst id="CHINng">59997.1706666667</dst>
            <dst id="DNVRng">4200.96533333333</dst>
            <dst id="HSTNng">3090.952</dst>
            <dst id="IPLSng">15955.4986666667</dst>
            <dst id="KSCYng">4975.49066666667</dst>
            <dst id="LOSAng">37502.84</dst>
            <dst id="NYCMng">16977.728</dst>
            <dst id="SNVAng">4028.75466666667</dst>
            <dst id="STTLng">14457.0453333333</dst>
            <dst id="WASHng">11825.568</dst>
        </src>
        <src id="KSCYng">
            <dst id="ATLA-M5">0</dst>
            <dst id="ATLAng">1269.30666666667</dst>
            <dst id="CHINng">20346.1866666667</dst>
            <dst id="DNVRng">23161.8426666667</dst>
            <dst id="HSTNng">2606.38933333333</dst>
            <dst id="IPLSng">6839.49866666667</dst>
            <dst id="KSCYng">5538.24</dst>
            <dst id="LOSAng">5312.264</dst>
            <dst id="NYCMng">2596.672</dst>
            <dst id="SNVAng">726.925333333333</dst>
            <dst id="STTLng">1773.75466666667</dst>
            <dst id="WASHng">3544.45866666667</dst>
        </src>
        <src id="LOSAng">
            <dst id="ATLA-M5">71.9226666666667</dst>
            <dst id="ATLAng">55193.064</dst>
            <dst id="CHINng">111192.52</dst>
            <dst id="DNVRng">5381.86933333333</dst>
            <dst id="HSTNng">2848.46133333333</dst>
            <dst id="IPLSng">15110.1333333333</dst>
            <dst id="KSCYng">2032.19466666667</dst>
            <dst id="LOSAng">19718.0426666667</dst>
            <dst id="NYCMng">58277.4826666667</dst>
            <dst id="SNVAng">4077.848</dst>
            <dst id="STTLng">43698.3493333333</dst>
            <dst id="WASHng">93682.1253333334</dst>
        </src>
        <src id="NYCMng">
            <dst id="ATLA-M5">784.714666666667</dst>
            <dst id="ATLAng">31989.1173333333</dst>
            <dst id="CHINng">41931.8666666667</dst>
            <dst id="DNVRng">105325.402666667</dst>
            <dst id="HSTNng">8865.96266666667</dst>
            <dst id="IPLSng">26347.0186666667</dst>
            <dst id="KSCYng">5073.46133333333</dst>
            <dst id="LOSAng">76799.1653333333</dst>
            <dst id="NYCMng">103993.2</dst>
            <dst id="SNVAng">1816.848</dst>
            <dst id="STTLng">21444.696</dst>
            <dst id="WASHng">46225.6453333333</dst>
        </src>
        <src id="SNVAng">
            <dst id="ATLA-M5">0</dst>
            <dst id="ATLAng">53.3333333333333</dst>
            <dst id="CHINng">342.288</dst>
            <dst id="DNVRng">2257.256</dst>
            <dst id="HSTNng">153.429333333333</dst>
            <dst id="IPLSng">964.474666666667</dst>
            <dst id="KSCYng">80</dst>
            <dst id="LOSAng">36431.5733333333</dst>
            <dst id="NYCMng">308.728</dst>
            <dst id="SNVAng">10166.7546666667</dst>
            <dst id="STTLng">24191.2453333333</dst>
            <dst id="WASHng">53.3333333333333</dst>
        </src>
        <src id="STTLng">
            <dst id="ATLA-M5">53.3333333333333</dst>
            <dst id="ATLAng">7670.25066666666</dst>
            <dst id="CHINng">36263.1893333333</dst>
            <dst id="DNVRng">624.506666666667</dst>
            <dst id="HSTNng">731.437333333333</dst>
            <dst id="IPLSng">3157.46933333333</dst>
            <dst id="KSCYng">2072.208</dst>
            <dst id="LOSAng">26042.4</dst>
            <dst id="NYCMng">10273.4</dst>
            <dst id="SNVAng">2189.68266666667</dst>
            <dst id="STTLng">2060.696</dst>
            <dst id="WASHng">5042.25866666667</dst>
        </src>
        <src id="WASHng">
            <dst id="ATLA-M5">53.3333333333333</dst>
            <dst id="ATLAng">127355.736</dst>
            <dst id="CHINng">67081.4133333333</dst>
            <dst id="DNVRng">97508.976</dst>
            <dst id="HSTNng">14359.2026666667</dst>
            <dst id="IPLSng">25544.6266666667</dst>
            <dst id="KSCYng">6826.06666666667</dst>
            <dst id="LOSAng">117810.984</dst>
            <dst id="NYCMng">116128.858666667</dst>
            <dst id="SNVAng">540.104</dst>
            <dst id="STTLng">26083.2906666667</dst>
            <dst id="WASHng">324462.346666667</dst>
        </src>
    </IntraTM>
</TrafficMatrixFile>
