<?xml version="1.0" encoding="ISO-8859-1" standalone="yes"?>
<TrafficMatrixFile xsi:noNamespaceSchemaLocation="http://totem.run.montefiore.ulg.ac.be/Schema/TrafficMatrix-v1_2.xsd" xmlns:xsi="http://www.w3.org/2001/XMLSchema-instance">
    <IntraTM ASID="11537">
        <src id="ATLA-M5">
            <dst id="ATLA-M5">0</dst>
            <dst id="ATLAng">106.666666666667</dst>
            <dst id="CHINng">2028.192</dst>
            <dst id="DNVRng">0</dst>
            <dst id="HSTNng">1303.05066666667</dst>
            <dst id="IPLSng">0</dst>
            <dst id="KSCYng">2218.11466666667</dst>
            <dst id="LOSAng">333.952</dst>
            <dst id="NYCMng">0</dst>
            <dst id="SNVAng">0</dst>
            <dst id="STTLng">53.3333333333333</dst>
            <dst id="WASHng">1560.35733333333</dst>
        </src>
        <src id="ATLAng">
            <dst id="ATLA-M5">137.432</dst>
            <dst id="ATLAng">34102.16</dst>
            <dst id="CHINng">4543.95466666667</dst>
            <dst id="DNVRng">4687.58933333333</dst>
            <dst id="HSTNng">1008.10933333333</dst>
            <dst id="IPLSng">10383.6426666667</dst>
            <dst id="KSCYng">1302.05866666667</dst>
            <dst id="LOSAng">14227.4053333333</dst>
            <dst id="NYCMng">4463</dst>
            <dst id="SNVAng">151</dst>
            <dst id="STTLng">4049.54666666667</dst>
            <dst id="WASHng">25543.168</dst>
        </src>
        <src id="CHINng">
            <dst id="ATLA-M5">313.568</dst>
            <dst id="ATLAng">19540.0213333333</dst>
            <dst id="CHINng">153204.546666667</dst>
            <dst id="DNVRng">13280.9386666667</dst>
            <dst id="HSTNng">3050.448</dst>
            <dst id="IPLSng">43091.48</dst>
            <dst id="KSCYng">6760.58933333333</dst>
            <dst id="LOSAng">54302.888</dst>
            <dst id="NYCMng">11396.8106666667</dst>
            <dst id="SNVAng">542.2</dst>
            <dst id="STTLng">6452.024</dst>
            <dst id="WASHng">11274.5413333333</dst>
        </src>
        <src id="DNVRng">
            <dst id="ATLA-M5">0</dst>
            <dst id="ATLAng">11370.9946666667</dst>
            <dst id="CHINng">36454.9466666667</dst>
            <dst id="DNVRng">12605.28</dst>
            <dst id="HSTNng">22718.376</dst>
            <dst id="IPLSng">23390.048</dst>
            <dst id="KSCYng">26426.4266666667</dst>
            <dst id="LOSAng">9372.80533333334</dst>
            <dst id="NYCMng">24598.9226666667</dst>
            <dst id="SNVAng">16320.624</dst>
            <dst id="STTLng">16948.312</dst>
            <dst id="WASHng">32586.28</dst>
        </src>
        <src id="HSTNng">
            <dst id="ATLA-M5">229.621333333333</dst>
            <dst id="ATLAng">12120.5226666667</dst>
            <dst id="CHINng">9726.42133333333</dst>
            <dst id="DNVRng">1768.56533333333</dst>
            <dst id="HSTNng">3161.29866666667</dst>
            <dst id="IPLSng">1321.12533333333</dst>
            <dst id="KSCYng">1297.44266666667</dst>
            <dst id="LOSAng">11176.3386666667</dst>
            <dst id="NYCMng">2949.70666666667</dst>
            <dst id="SNVAng">26.6666666666667</dst>
            <dst id="STTLng">1387.232</dst>
            <dst id="WASHng">5464.91466666667</dst>
        </src>
        <src id="IPLSng">
            <dst id="ATLA-M5">430.605333333333</dst>
            <dst id="ATLAng">10866.728</dst>
            <dst id="CHINng">54985.224</dst>
            <dst id="DNVRng">3240.29866666667</dst>
            <dst id="HSTNng">1394.87466666667</dst>
            <dst id="IPLSng">58997.0426666667</dst>
            <dst id="KSCYng">3101.41066666667</dst>
            <dst id="LOSAng">65150.7493333333</dst>
            <dst id="NYCMng">21583.2933333333</dst>
            <dst id="SNVAng">447.416</dst>
            <dst id="STTLng">13062.144</dst>
            <dst id="WASHng">16972.5733333333</dst>
        </src>
        <src id="KSCYng">
            <dst id="ATLA-M5">518.442666666667</dst>
            <dst id="ATLAng">4481.38666666667</dst>
            <dst id="CHINng">31883.12</dst>
            <dst id="DNVRng">12061.736</dst>
            <dst id="HSTNng">8289.81066666667</dst>
            <dst id="IPLSng">12241.9306666667</dst>
            <dst id="KSCYng">8333.77066666667</dst>
            <dst id="LOSAng">7061.09333333333</dst>
            <dst id="NYCMng">3090.37066666667</dst>
            <dst id="SNVAng">63.2346666666667</dst>
            <dst id="STTLng">2196.576</dst>
            <dst id="WASHng">6252.76533333333</dst>
        </src>
        <src id="LOSAng">
            <dst id="ATLA-M5">457.941333333333</dst>
            <dst id="ATLAng">31512.0213333333</dst>
            <dst id="CHINng">109872.154666667</dst>
            <dst id="DNVRng">7997.47466666667</dst>
            <dst id="HSTNng">10169.328</dst>
            <dst id="IPLSng">82759.9866666667</dst>
            <dst id="KSCYng">5677.82666666667</dst>
            <dst id="LOSAng">22964.7973333333</dst>
            <dst id="NYCMng">74388.16</dst>
            <dst id="SNVAng">13292.584</dst>
            <dst id="STTLng">55274.256</dst>
            <dst id="WASHng">101583.333333333</dst>
        </src>
        <src id="NYCMng">
            <dst id="ATLA-M5">630.138666666667</dst>
            <dst id="ATLAng">38765.7253333333</dst>
            <dst id="CHINng">38731.2026666667</dst>
            <dst id="DNVRng">120613.218666667</dst>
            <dst id="HSTNng">11154.7333333333</dst>
            <dst id="IPLSng">39156.3226666667</dst>
            <dst id="KSCYng">10165.608</dst>
            <dst id="LOSAng">97815.5733333333</dst>
            <dst id="NYCMng">75105.0906666667</dst>
            <dst id="SNVAng">3007.63733333333</dst>
            <dst id="STTLng">28196.6693333333</dst>
            <dst id="WASHng">50765.0613333333</dst>
        </src>
        <src id="SNVAng">
            <dst id="ATLA-M5">0</dst>
            <dst id="ATLAng">26.6666666666667</dst>
            <dst id="CHINng">429.082666666667</dst>
            <dst id="DNVRng">7010.78666666667</dst>
            <dst id="HSTNng">80</dst>
            <dst id="IPLSng">345.984</dst>
            <dst id="KSCYng">15929.6053333333</dst>
            <dst id="LOSAng">45055.8506666667</dst>
            <dst id="NYCMng">8968.62133333333</dst>
            <dst id="SNVAng">7813.736</dst>
            <dst id="STTLng">23013.2986666667</dst>
            <dst id="WASHng">282.152</dst>
        </src>
        <src id="STTLng">
            <dst id="ATLA-M5">54.64</dst>
            <dst id="ATLAng">11170.4</dst>
            <dst id="CHINng">11574.2</dst>
            <dst id="DNVRng">3777.544</dst>
            <dst id="HSTNng">1524.152</dst>
            <dst id="IPLSng">8648.744</dst>
            <dst id="KSCYng">3369.13066666667</dst>
            <dst id="LOSAng">34022.0826666667</dst>
            <dst id="NYCMng">7757.69333333333</dst>
            <dst id="SNVAng">3302.42933333333</dst>
            <dst id="STTLng">7781.42666666667</dst>
            <dst id="WASHng">6698.74933333333</dst>
        </src>
        <src id="WASHng">
            <dst id="ATLA-M5">1008.27733333333</dst>
            <dst id="ATLAng">111351.272</dst>
            <dst id="CHINng">78018.2346666667</dst>
            <dst id="DNVRng">51826.9946666667</dst>
            <dst id="HSTNng">34410.984</dst>
            <dst id="IPLSng">37605.944</dst>
            <dst id="KSCYng">15793.1706666667</dst>
            <dst id="LOSAng">127100.904</dst>
            <dst id="NYCMng">127643.618666667</dst>
            <dst id="SNVAng">6787.12266666667</dst>
            <dst id="STTLng">32685.4533333333</dst>
            <dst id="WASHng">233683.296</dst>
        </src>
    </IntraTM>
</TrafficMatrixFile>
