<?xml version="1.0" encoding="ISO-8859-1" standalone="yes"?>
<TrafficMatrixFile xsi:noNamespaceSchemaLocation="http://totem.run.montefiore.ulg.ac.be/Schema/TrafficMatrix-v1_2.xsd" xmlns:xsi="http://www.w3.org/2001/XMLSchema-instance">
    <IntraTM ASID="11537">
        <src id="ATLA-M5">
            <dst id="ATLA-M5">0</dst>
            <dst id="ATLAng">26.6666666666667</dst>
            <dst id="CHINng">71.504</dst>
            <dst id="DNVRng">0</dst>
            <dst id="HSTNng">77.1013333333333</dst>
            <dst id="IPLSng">26.6666666666667</dst>
            <dst id="KSCYng">49.2026666666667</dst>
            <dst id="LOSAng">161.386666666667</dst>
            <dst id="NYCMng">26.6666666666667</dst>
            <dst id="SNVAng">0</dst>
            <dst id="STTLng">0</dst>
            <dst id="WASHng">1172.144</dst>
        </src>
        <src id="ATLAng">
            <dst id="ATLA-M5">282.016</dst>
            <dst id="ATLAng">55600.2906666667</dst>
            <dst id="CHINng">7027.11466666667</dst>
            <dst id="DNVRng">12131.4746666667</dst>
            <dst id="HSTNng">6249.32533333333</dst>
            <dst id="IPLSng">11670.592</dst>
            <dst id="KSCYng">543.722666666667</dst>
            <dst id="LOSAng">12123.9333333333</dst>
            <dst id="NYCMng">4623.176</dst>
            <dst id="SNVAng">71.304</dst>
            <dst id="STTLng">5781.77066666667</dst>
            <dst id="WASHng">26766.488</dst>
        </src>
        <src id="CHINng">
            <dst id="ATLA-M5">232.133333333333</dst>
            <dst id="ATLAng">38745.7573333333</dst>
            <dst id="CHINng">66371.2666666667</dst>
            <dst id="DNVRng">24696.1573333333</dst>
            <dst id="HSTNng">3177</dst>
            <dst id="IPLSng">19335.4213333333</dst>
            <dst id="KSCYng">9766.99733333333</dst>
            <dst id="LOSAng">58924.3653333333</dst>
            <dst id="NYCMng">4098.40266666667</dst>
            <dst id="SNVAng">364.978666666667</dst>
            <dst id="STTLng">22811.7973333333</dst>
            <dst id="WASHng">21131.4453333333</dst>
        </src>
        <src id="DNVRng">
            <dst id="ATLA-M5">60.7733333333333</dst>
            <dst id="ATLAng">4327.448</dst>
            <dst id="CHINng">44945.5066666667</dst>
            <dst id="DNVRng">4812.88266666667</dst>
            <dst id="HSTNng">16180.4</dst>
            <dst id="IPLSng">20565.672</dst>
            <dst id="KSCYng">16476.424</dst>
            <dst id="LOSAng">10224.152</dst>
            <dst id="NYCMng">15215.9333333333</dst>
            <dst id="SNVAng">7983.68533333333</dst>
            <dst id="STTLng">6730.21866666667</dst>
            <dst id="WASHng">37918.1386666667</dst>
        </src>
        <src id="HSTNng">
            <dst id="ATLA-M5">380.288</dst>
            <dst id="ATLAng">1900.65333333333</dst>
            <dst id="CHINng">8391.57333333333</dst>
            <dst id="DNVRng">3147.70666666667</dst>
            <dst id="HSTNng">7833.10133333333</dst>
            <dst id="IPLSng">407.901333333333</dst>
            <dst id="KSCYng">1432.496</dst>
            <dst id="LOSAng">9443.92</dst>
            <dst id="NYCMng">1276.55733333333</dst>
            <dst id="SNVAng">0</dst>
            <dst id="STTLng">2653.94666666667</dst>
            <dst id="WASHng">3497.67466666667</dst>
        </src>
        <src id="IPLSng">
            <dst id="ATLA-M5">136.325333333333</dst>
            <dst id="ATLAng">19387.2213333333</dst>
            <dst id="CHINng">52835.136</dst>
            <dst id="DNVRng">6597.856</dst>
            <dst id="HSTNng">1250.73866666667</dst>
            <dst id="IPLSng">10016.8026666667</dst>
            <dst id="KSCYng">2775.20533333333</dst>
            <dst id="LOSAng">68915.1413333333</dst>
            <dst id="NYCMng">31878.6773333333</dst>
            <dst id="SNVAng">2727.832</dst>
            <dst id="STTLng">9241.50133333334</dst>
            <dst id="WASHng">10175.4</dst>
        </src>
        <src id="KSCYng">
            <dst id="ATLA-M5">0</dst>
            <dst id="ATLAng">6508.88</dst>
            <dst id="CHINng">14209.632</dst>
            <dst id="DNVRng">8665.28533333333</dst>
            <dst id="HSTNng">3533.848</dst>
            <dst id="IPLSng">8281.13066666667</dst>
            <dst id="KSCYng">3936.45066666667</dst>
            <dst id="LOSAng">9358.624</dst>
            <dst id="NYCMng">4245.43466666667</dst>
            <dst id="SNVAng">138.818666666667</dst>
            <dst id="STTLng">1996.144</dst>
            <dst id="WASHng">17729.488</dst>
        </src>
        <src id="LOSAng">
            <dst id="ATLA-M5">62.5226666666667</dst>
            <dst id="ATLAng">43586.136</dst>
            <dst id="CHINng">79221.4933333333</dst>
            <dst id="DNVRng">9525.14933333333</dst>
            <dst id="HSTNng">5840.72</dst>
            <dst id="IPLSng">30133.4266666667</dst>
            <dst id="KSCYng">3136.17866666667</dst>
            <dst id="LOSAng">23101.8426666667</dst>
            <dst id="NYCMng">62547.5786666667</dst>
            <dst id="SNVAng">8384.74133333333</dst>
            <dst id="STTLng">42748.28</dst>
            <dst id="WASHng">94080.8373333333</dst>
        </src>
        <src id="NYCMng">
            <dst id="ATLA-M5">931.546666666667</dst>
            <dst id="ATLAng">41403.9226666667</dst>
            <dst id="CHINng">34080.7946666667</dst>
            <dst id="DNVRng">26307.792</dst>
            <dst id="HSTNng">6721.85066666667</dst>
            <dst id="IPLSng">31583.752</dst>
            <dst id="KSCYng">7126.86666666667</dst>
            <dst id="LOSAng">95884.84</dst>
            <dst id="NYCMng">94607.5973333333</dst>
            <dst id="SNVAng">2779.08533333333</dst>
            <dst id="STTLng">25324.184</dst>
            <dst id="WASHng">41871.5253333333</dst>
        </src>
        <src id="SNVAng">
            <dst id="ATLA-M5">0</dst>
            <dst id="ATLAng">26.6666666666667</dst>
            <dst id="CHINng">496.754666666667</dst>
            <dst id="DNVRng">382.68</dst>
            <dst id="HSTNng">103.946666666667</dst>
            <dst id="IPLSng">18576.1093333333</dst>
            <dst id="KSCYng">93.9866666666667</dst>
            <dst id="LOSAng">35830.5173333333</dst>
            <dst id="NYCMng">288.584</dst>
            <dst id="SNVAng">8265.936</dst>
            <dst id="STTLng">25527.176</dst>
            <dst id="WASHng">80</dst>
        </src>
        <src id="STTLng">
            <dst id="ATLA-M5">26.6666666666667</dst>
            <dst id="ATLAng">9365.336</dst>
            <dst id="CHINng">16496.4293333333</dst>
            <dst id="DNVRng">2029.40533333333</dst>
            <dst id="HSTNng">1856.448</dst>
            <dst id="IPLSng">5330.79466666667</dst>
            <dst id="KSCYng">3215.22133333333</dst>
            <dst id="LOSAng">33749.832</dst>
            <dst id="NYCMng">6472.92533333333</dst>
            <dst id="SNVAng">5555.984</dst>
            <dst id="STTLng">2031.85066666667</dst>
            <dst id="WASHng">11258.928</dst>
        </src>
        <src id="WASHng">
            <dst id="ATLA-M5">148.16</dst>
            <dst id="ATLAng">133041.656</dst>
            <dst id="CHINng">83069.264</dst>
            <dst id="DNVRng">45667.1493333333</dst>
            <dst id="HSTNng">17793.5146666667</dst>
            <dst id="IPLSng">36498.712</dst>
            <dst id="KSCYng">9728.57866666667</dst>
            <dst id="LOSAng">123347.456</dst>
            <dst id="NYCMng">128121.050666667</dst>
            <dst id="SNVAng">454.584</dst>
            <dst id="STTLng">42330.1093333333</dst>
            <dst id="WASHng">140715.485333333</dst>
        </src>
    </IntraTM>
</TrafficMatrixFile>
