<?xml version="1.0" encoding="ISO-8859-1" standalone="yes"?>
<TrafficMatrixFile xsi:noNamespaceSchemaLocation="http://totem.run.montefiore.ulg.ac.be/Schema/TrafficMatrix-v1_2.xsd" xmlns:xsi="http://www.w3.org/2001/XMLSchema-instance">
    <IntraTM ASID="11537">
        <src id="ATLA-M5">
            <dst id="ATLA-M5">82.216</dst>
            <dst id="ATLAng">590.690666666667</dst>
            <dst id="CHINng">223.242666666667</dst>
            <dst id="DNVRng">26.6666666666667</dst>
            <dst id="HSTNng">73.1066666666667</dst>
            <dst id="IPLSng">107.152</dst>
            <dst id="KSCYng">0</dst>
            <dst id="LOSAng">95.5973333333333</dst>
            <dst id="NYCMng">236.752</dst>
            <dst id="SNVAng">13.3333333333333</dst>
            <dst id="STTLng">106.666666666667</dst>
            <dst id="WASHng">992.832</dst>
        </src>
        <src id="ATLAng">
            <dst id="ATLA-M5">291.773333333333</dst>
            <dst id="ATLAng">34974.04</dst>
            <dst id="CHINng">9687.53066666667</dst>
            <dst id="DNVRng">7695.184</dst>
            <dst id="HSTNng">3676.93066666667</dst>
            <dst id="IPLSng">15265.968</dst>
            <dst id="KSCYng">4876.288</dst>
            <dst id="LOSAng">9455.27466666667</dst>
            <dst id="NYCMng">18956.16</dst>
            <dst id="SNVAng">380.808</dst>
            <dst id="STTLng">4644.80266666667</dst>
            <dst id="WASHng">64506.1386666667</dst>
        </src>
        <src id="CHINng">
            <dst id="ATLA-M5">530.866666666667</dst>
            <dst id="ATLAng">33433.68</dst>
            <dst id="CHINng">131548.224</dst>
            <dst id="DNVRng">42701.1306666667</dst>
            <dst id="HSTNng">7147.43466666667</dst>
            <dst id="IPLSng">37513.9226666667</dst>
            <dst id="KSCYng">18045.7973333333</dst>
            <dst id="LOSAng">34017.6533333333</dst>
            <dst id="NYCMng">8872.12266666667</dst>
            <dst id="SNVAng">885.834666666667</dst>
            <dst id="STTLng">4983.136</dst>
            <dst id="WASHng">22582.616</dst>
        </src>
        <src id="DNVRng">
            <dst id="ATLA-M5">141.184</dst>
            <dst id="ATLAng">6587.44</dst>
            <dst id="CHINng">129781.168</dst>
            <dst id="DNVRng">10537.1573333333</dst>
            <dst id="HSTNng">25700.04</dst>
            <dst id="IPLSng">18183.3466666667</dst>
            <dst id="KSCYng">21706.7626666667</dst>
            <dst id="LOSAng">8399.28</dst>
            <dst id="NYCMng">11512.4746666667</dst>
            <dst id="SNVAng">8428.144</dst>
            <dst id="STTLng">11995.4586666667</dst>
            <dst id="WASHng">33812.488</dst>
        </src>
        <src id="HSTNng">
            <dst id="ATLA-M5">4541.28</dst>
            <dst id="ATLAng">5185.82133333333</dst>
            <dst id="CHINng">30921.216</dst>
            <dst id="DNVRng">9524.69066666667</dst>
            <dst id="HSTNng">5851.29066666667</dst>
            <dst id="IPLSng">2114.22666666667</dst>
            <dst id="KSCYng">2447.28266666667</dst>
            <dst id="LOSAng">6562.728</dst>
            <dst id="NYCMng">5448.98133333333</dst>
            <dst id="SNVAng">286.368</dst>
            <dst id="STTLng">2041.68</dst>
            <dst id="WASHng">5204.11733333333</dst>
        </src>
        <src id="IPLSng">
            <dst id="ATLA-M5">229.197333333333</dst>
            <dst id="ATLAng">25421.296</dst>
            <dst id="CHINng">96601.9946666667</dst>
            <dst id="DNVRng">2319.36</dst>
            <dst id="HSTNng">5399.52266666667</dst>
            <dst id="IPLSng">13170.0133333333</dst>
            <dst id="KSCYng">3650.53066666667</dst>
            <dst id="LOSAng">37100.264</dst>
            <dst id="NYCMng">35327.4</dst>
            <dst id="SNVAng">924.213333333333</dst>
            <dst id="STTLng">8572.92</dst>
            <dst id="WASHng">29205.2213333333</dst>
        </src>
        <src id="KSCYng">
            <dst id="ATLA-M5">31.5973333333333</dst>
            <dst id="ATLAng">3249.45333333333</dst>
            <dst id="CHINng">18765.6346666667</dst>
            <dst id="DNVRng">8802.37333333333</dst>
            <dst id="HSTNng">4076.06133333333</dst>
            <dst id="IPLSng">16924.3546666667</dst>
            <dst id="KSCYng">10747.0426666667</dst>
            <dst id="LOSAng">5149.552</dst>
            <dst id="NYCMng">4816.48266666667</dst>
            <dst id="SNVAng">173.8</dst>
            <dst id="STTLng">1728.22666666667</dst>
            <dst id="WASHng">6515.424</dst>
        </src>
        <src id="LOSAng">
            <dst id="ATLA-M5">286.122666666667</dst>
            <dst id="ATLAng">20928.2373333333</dst>
            <dst id="CHINng">159861.704</dst>
            <dst id="DNVRng">7270.42666666667</dst>
            <dst id="HSTNng">10523.864</dst>
            <dst id="IPLSng">49816.176</dst>
            <dst id="KSCYng">4974.152</dst>
            <dst id="LOSAng">13119.0853333333</dst>
            <dst id="NYCMng">70295.2853333333</dst>
            <dst id="SNVAng">9912.64266666667</dst>
            <dst id="STTLng">37878.992</dst>
            <dst id="WASHng">107716.461333333</dst>
        </src>
        <src id="NYCMng">
            <dst id="ATLA-M5">262.981333333333</dst>
            <dst id="ATLAng">50462.1573333333</dst>
            <dst id="CHINng">66860.2106666667</dst>
            <dst id="DNVRng">65468.776</dst>
            <dst id="HSTNng">12600.1066666667</dst>
            <dst id="IPLSng">35229.9893333333</dst>
            <dst id="KSCYng">18366.2693333333</dst>
            <dst id="LOSAng">61637.5653333333</dst>
            <dst id="NYCMng">137851.053333333</dst>
            <dst id="SNVAng">1328.85866666667</dst>
            <dst id="STTLng">25052.4986666667</dst>
            <dst id="WASHng">92734.904</dst>
        </src>
        <src id="SNVAng">
            <dst id="ATLA-M5">0</dst>
            <dst id="ATLAng">330.858666666667</dst>
            <dst id="CHINng">1054.08533333333</dst>
            <dst id="DNVRng">3813.32266666667</dst>
            <dst id="HSTNng">417.656</dst>
            <dst id="IPLSng">5927.07733333333</dst>
            <dst id="KSCYng">153.106666666667</dst>
            <dst id="LOSAng">24294.872</dst>
            <dst id="NYCMng">252.242666666667</dst>
            <dst id="SNVAng">9736.384</dst>
            <dst id="STTLng">19708.944</dst>
            <dst id="WASHng">287.530666666667</dst>
        </src>
        <src id="STTLng">
            <dst id="ATLA-M5">164.858666666667</dst>
            <dst id="ATLAng">15141.7973333333</dst>
            <dst id="CHINng">34563.576</dst>
            <dst id="DNVRng">1220.376</dst>
            <dst id="HSTNng">2696.95466666667</dst>
            <dst id="IPLSng">10590.32</dst>
            <dst id="KSCYng">2524.152</dst>
            <dst id="LOSAng">23552.1546666667</dst>
            <dst id="NYCMng">14378.552</dst>
            <dst id="SNVAng">3753.43733333333</dst>
            <dst id="STTLng">2807.12</dst>
            <dst id="WASHng">14453.2106666667</dst>
        </src>
        <src id="WASHng">
            <dst id="ATLA-M5">1755.016</dst>
            <dst id="ATLAng">117884.570666667</dst>
            <dst id="CHINng">100250.514666667</dst>
            <dst id="DNVRng">64071.848</dst>
            <dst id="HSTNng">15483.6133333333</dst>
            <dst id="IPLSng">55844.72</dst>
            <dst id="KSCYng">20185.4453333333</dst>
            <dst id="LOSAng">98286.9653333334</dst>
            <dst id="NYCMng">163067.381333333</dst>
            <dst id="SNVAng">533.968</dst>
            <dst id="STTLng">32847.8426666667</dst>
            <dst id="WASHng">369325.253333333</dst>
        </src>
    </IntraTM>
</TrafficMatrixFile>
