<?xml version="1.0" encoding="ISO-8859-1" standalone="yes"?>
<TrafficMatrixFile xsi:noNamespaceSchemaLocation="http://totem.run.montefiore.ulg.ac.be/Schema/TrafficMatrix-v1_2.xsd" xmlns:xsi="http://www.w3.org/2001/XMLSchema-instance">
    <IntraTM ASID="11537">
        <src id="ATLA-M5">
            <dst id="ATLA-M5">0</dst>
            <dst id="ATLAng">0</dst>
            <dst id="CHINng">353.530666666667</dst>
            <dst id="DNVRng">60.0266666666667</dst>
            <dst id="HSTNng">112.914666666667</dst>
            <dst id="IPLSng">128.725333333333</dst>
            <dst id="KSCYng">105.874666666667</dst>
            <dst id="LOSAng">174.602666666667</dst>
            <dst id="NYCMng">1490.592</dst>
            <dst id="SNVAng">0</dst>
            <dst id="STTLng">0</dst>
            <dst id="WASHng">1700.68</dst>
        </src>
        <src id="ATLAng">
            <dst id="ATLA-M5">151.082666666667</dst>
            <dst id="ATLAng">29921.696</dst>
            <dst id="CHINng">5213.17066666667</dst>
            <dst id="DNVRng">3440.14133333333</dst>
            <dst id="HSTNng">877.757333333333</dst>
            <dst id="IPLSng">11220.2346666667</dst>
            <dst id="KSCYng">689.824</dst>
            <dst id="LOSAng">19512.0946666667</dst>
            <dst id="NYCMng">5941</dst>
            <dst id="SNVAng">181.676</dst>
            <dst id="STTLng">4653.15466666667</dst>
            <dst id="WASHng">21861.2506666667</dst>
        </src>
        <src id="CHINng">
            <dst id="ATLA-M5">254.906666666667</dst>
            <dst id="ATLAng">16282.6026666667</dst>
            <dst id="CHINng">161465.104</dst>
            <dst id="DNVRng">18271.0773333333</dst>
            <dst id="HSTNng">4971.648</dst>
            <dst id="IPLSng">88418.2026666667</dst>
            <dst id="KSCYng">5246.46933333333</dst>
            <dst id="LOSAng">54665.216</dst>
            <dst id="NYCMng">7319.16</dst>
            <dst id="SNVAng">273.773333333333</dst>
            <dst id="STTLng">5845.672</dst>
            <dst id="WASHng">19711.0053333333</dst>
        </src>
        <src id="DNVRng">
            <dst id="ATLA-M5">183.626666666667</dst>
            <dst id="ATLAng">9071.928</dst>
            <dst id="CHINng">41887.8853333333</dst>
            <dst id="DNVRng">25118.528</dst>
            <dst id="HSTNng">17398.0106666667</dst>
            <dst id="IPLSng">21495.3333333333</dst>
            <dst id="KSCYng">11671.5093333333</dst>
            <dst id="LOSAng">5132.78666666667</dst>
            <dst id="NYCMng">16323.944</dst>
            <dst id="SNVAng">7099.168</dst>
            <dst id="STTLng">4396.22666666667</dst>
            <dst id="WASHng">29336.7946666667</dst>
        </src>
        <src id="HSTNng">
            <dst id="ATLA-M5">1865.048</dst>
            <dst id="ATLAng">3342.97333333333</dst>
            <dst id="CHINng">8611.528</dst>
            <dst id="DNVRng">1451.69866666667</dst>
            <dst id="HSTNng">6175.46666666667</dst>
            <dst id="IPLSng">791.616</dst>
            <dst id="KSCYng">1771.872</dst>
            <dst id="LOSAng">11450.9386666667</dst>
            <dst id="NYCMng">3727.72266666667</dst>
            <dst id="SNVAng">75.3706666666667</dst>
            <dst id="STTLng">1366.82933333333</dst>
            <dst id="WASHng">4499.62933333333</dst>
        </src>
        <src id="IPLSng">
            <dst id="ATLA-M5">26.6666666666667</dst>
            <dst id="ATLAng">10043.4773333333</dst>
            <dst id="CHINng">52178.9306666667</dst>
            <dst id="DNVRng">4221.45333333333</dst>
            <dst id="HSTNng">748.173333333333</dst>
            <dst id="IPLSng">35726.704</dst>
            <dst id="KSCYng">6297.21866666667</dst>
            <dst id="LOSAng">71389.432</dst>
            <dst id="NYCMng">25310.8933333333</dst>
            <dst id="SNVAng">528.568</dst>
            <dst id="STTLng">11751.704</dst>
            <dst id="WASHng">12453.5066666667</dst>
        </src>
        <src id="KSCYng">
            <dst id="ATLA-M5">65.104</dst>
            <dst id="ATLAng">2053.016</dst>
            <dst id="CHINng">18508.944</dst>
            <dst id="DNVRng">9174.40266666667</dst>
            <dst id="HSTNng">3315.73866666667</dst>
            <dst id="IPLSng">9840.872</dst>
            <dst id="KSCYng">4571.02666666667</dst>
            <dst id="LOSAng">22050.4106666667</dst>
            <dst id="NYCMng">3344.74933333333</dst>
            <dst id="SNVAng">46.3493333333333</dst>
            <dst id="STTLng">2184.76</dst>
            <dst id="WASHng">12155.5253333333</dst>
        </src>
        <src id="LOSAng">
            <dst id="ATLA-M5">33.1093333333333</dst>
            <dst id="ATLAng">16862.72</dst>
            <dst id="CHINng">86022.3493333333</dst>
            <dst id="DNVRng">14662.7493333333</dst>
            <dst id="HSTNng">17556.3013333333</dst>
            <dst id="IPLSng">74249.2453333333</dst>
            <dst id="KSCYng">6526.89866666667</dst>
            <dst id="LOSAng">22809.704</dst>
            <dst id="NYCMng">73270.04</dst>
            <dst id="SNVAng">11296.816</dst>
            <dst id="STTLng">49065.2586666667</dst>
            <dst id="WASHng">93905.2933333333</dst>
        </src>
        <src id="NYCMng">
            <dst id="ATLA-M5">1236.38933333333</dst>
            <dst id="ATLAng">30879.848</dst>
            <dst id="CHINng">60052.4773333333</dst>
            <dst id="DNVRng">116138.296</dst>
            <dst id="HSTNng">8747.21866666667</dst>
            <dst id="IPLSng">49168.2693333333</dst>
            <dst id="KSCYng">10473.0453333333</dst>
            <dst id="LOSAng">92151.968</dst>
            <dst id="NYCMng">63822.6346666667</dst>
            <dst id="SNVAng">742.402666666667</dst>
            <dst id="STTLng">29159.808</dst>
            <dst id="WASHng">111220.117333333</dst>
        </src>
        <src id="SNVAng">
            <dst id="ATLA-M5">0</dst>
            <dst id="ATLAng">29.2266666666667</dst>
            <dst id="CHINng">356.570666666667</dst>
            <dst id="DNVRng">6544.89333333333</dst>
            <dst id="HSTNng">2685.74933333333</dst>
            <dst id="IPLSng">5366.752</dst>
            <dst id="KSCYng">0</dst>
            <dst id="LOSAng">34441.3546666667</dst>
            <dst id="NYCMng">457.226666666667</dst>
            <dst id="SNVAng">9319.48533333333</dst>
            <dst id="STTLng">26482.104</dst>
            <dst id="WASHng">26.6666666666667</dst>
        </src>
        <src id="STTLng">
            <dst id="ATLA-M5">112.290666666667</dst>
            <dst id="ATLAng">8982.304</dst>
            <dst id="CHINng">12849.536</dst>
            <dst id="DNVRng">2621.32266666667</dst>
            <dst id="HSTNng">1578.72533333333</dst>
            <dst id="IPLSng">7094.008</dst>
            <dst id="KSCYng">2920.224</dst>
            <dst id="LOSAng">31005.0613333333</dst>
            <dst id="NYCMng">9128.84533333333</dst>
            <dst id="SNVAng">3419.192</dst>
            <dst id="STTLng">1397.952</dst>
            <dst id="WASHng">8868.76</dst>
        </src>
        <src id="WASHng">
            <dst id="ATLA-M5">2838.744</dst>
            <dst id="ATLAng">91490.3493333333</dst>
            <dst id="CHINng">70760.0453333333</dst>
            <dst id="DNVRng">43385.76</dst>
            <dst id="HSTNng">27129.0853333333</dst>
            <dst id="IPLSng">46168.4026666667</dst>
            <dst id="KSCYng">9453.10666666667</dst>
            <dst id="LOSAng">139054.789333333</dst>
            <dst id="NYCMng">115491.402666667</dst>
            <dst id="SNVAng">4370.256</dst>
            <dst id="STTLng">34652.7173333333</dst>
            <dst id="WASHng">203819.818666667</dst>
        </src>
    </IntraTM>
</TrafficMatrixFile>
