<?xml version="1.0" encoding="ISO-8859-1" standalone="yes"?>
<TrafficMatrixFile xsi:noNamespaceSchemaLocation="http://totem.run.montefiore.ulg.ac.be/Schema/TrafficMatrix-v1_2.xsd" xmlns:xsi="http://www.w3.org/2001/XMLSchema-instance">
    <IntraTM ASID="11537">
        <src id="ATLA-M5">
            <dst id="ATLA-M5">0</dst>
            <dst id="ATLAng">0</dst>
            <dst id="CHINng">124.685333333333</dst>
            <dst id="DNVRng">0</dst>
            <dst id="HSTNng">536.821333333333</dst>
            <dst id="IPLSng">1095.47733333333</dst>
            <dst id="KSCYng">0</dst>
            <dst id="LOSAng">916.437333333333</dst>
            <dst id="NYCMng">0</dst>
            <dst id="SNVAng">0</dst>
            <dst id="STTLng">26.6666666666667</dst>
            <dst id="WASHng">44.656</dst>
        </src>
        <src id="ATLAng">
            <dst id="ATLA-M5">179.288</dst>
            <dst id="ATLAng">32154.5946666667</dst>
            <dst id="CHINng">6846</dst>
            <dst id="DNVRng">3896.50666666667</dst>
            <dst id="HSTNng">528.8</dst>
            <dst id="IPLSng">11161.8106666667</dst>
            <dst id="KSCYng">788.490666666667</dst>
            <dst id="LOSAng">13968.5013333333</dst>
            <dst id="NYCMng">5935.58933333333</dst>
            <dst id="SNVAng">40</dst>
            <dst id="STTLng">10385.4773333333</dst>
            <dst id="WASHng">42228.8906666667</dst>
        </src>
        <src id="CHINng">
            <dst id="ATLA-M5">80.1066666666667</dst>
            <dst id="ATLAng">34375.0533333333</dst>
            <dst id="CHINng">52843.7653333333</dst>
            <dst id="DNVRng">8195.368</dst>
            <dst id="HSTNng">4576.704</dst>
            <dst id="IPLSng">30181.4853333333</dst>
            <dst id="KSCYng">7319.488</dst>
            <dst id="LOSAng">58058.3066666667</dst>
            <dst id="NYCMng">6088.08</dst>
            <dst id="SNVAng">276.384</dst>
            <dst id="STTLng">6654.13866666667</dst>
            <dst id="WASHng">15869.5946666667</dst>
        </src>
        <src id="DNVRng">
            <dst id="ATLA-M5">52.96</dst>
            <dst id="ATLAng">2611.968</dst>
            <dst id="CHINng">42538.8933333333</dst>
            <dst id="DNVRng">18211.264</dst>
            <dst id="HSTNng">27431.9333333333</dst>
            <dst id="IPLSng">24648.4</dst>
            <dst id="KSCYng">19199.1626666667</dst>
            <dst id="LOSAng">21267.5226666667</dst>
            <dst id="NYCMng">10219.1866666667</dst>
            <dst id="SNVAng">10180.272</dst>
            <dst id="STTLng">8481.736</dst>
            <dst id="WASHng">43020.0666666667</dst>
        </src>
        <src id="HSTNng">
            <dst id="ATLA-M5">1220.01066666667</dst>
            <dst id="ATLAng">11287.92</dst>
            <dst id="CHINng">4645.58933333333</dst>
            <dst id="DNVRng">1803.27466666667</dst>
            <dst id="HSTNng">7580.344</dst>
            <dst id="IPLSng">598.632</dst>
            <dst id="KSCYng">939.317333333334</dst>
            <dst id="LOSAng">9075.23466666667</dst>
            <dst id="NYCMng">3119.48533333333</dst>
            <dst id="SNVAng">0</dst>
            <dst id="STTLng">2088.77866666667</dst>
            <dst id="WASHng">4132.69866666667</dst>
        </src>
        <src id="IPLSng">
            <dst id="ATLA-M5">98.1866666666667</dst>
            <dst id="ATLAng">16934.52</dst>
            <dst id="CHINng">38285.6693333333</dst>
            <dst id="DNVRng">4357.592</dst>
            <dst id="HSTNng">2413.04533333333</dst>
            <dst id="IPLSng">21310.904</dst>
            <dst id="KSCYng">8525.61333333333</dst>
            <dst id="LOSAng">60527.712</dst>
            <dst id="NYCMng">29572.32</dst>
            <dst id="SNVAng">260.373333333333</dst>
            <dst id="STTLng">10865.472</dst>
            <dst id="WASHng">12444.3573333333</dst>
        </src>
        <src id="KSCYng">
            <dst id="ATLA-M5">0</dst>
            <dst id="ATLAng">1400.96</dst>
            <dst id="CHINng">13720.648</dst>
            <dst id="DNVRng">13447.856</dst>
            <dst id="HSTNng">4231.91733333333</dst>
            <dst id="IPLSng">10490.5546666667</dst>
            <dst id="KSCYng">4761.472</dst>
            <dst id="LOSAng">9447.06933333333</dst>
            <dst id="NYCMng">2532.56266666667</dst>
            <dst id="SNVAng">284.84</dst>
            <dst id="STTLng">3628.29066666667</dst>
            <dst id="WASHng">11497.8906666667</dst>
        </src>
        <src id="LOSAng">
            <dst id="ATLA-M5">80</dst>
            <dst id="ATLAng">47670.0853333333</dst>
            <dst id="CHINng">80099.376</dst>
            <dst id="DNVRng">6679.85333333333</dst>
            <dst id="HSTNng">9446.58666666667</dst>
            <dst id="IPLSng">38128.2266666667</dst>
            <dst id="KSCYng">12190.904</dst>
            <dst id="LOSAng">18297.584</dst>
            <dst id="NYCMng">74139.128</dst>
            <dst id="SNVAng">17592.0693333333</dst>
            <dst id="STTLng">41574.68</dst>
            <dst id="WASHng">95990.92</dst>
        </src>
        <src id="NYCMng">
            <dst id="ATLA-M5">26.6666666666667</dst>
            <dst id="ATLAng">45968.4853333333</dst>
            <dst id="CHINng">40718.9093333333</dst>
            <dst id="DNVRng">30733.688</dst>
            <dst id="HSTNng">7538.30133333333</dst>
            <dst id="IPLSng">37885.3013333333</dst>
            <dst id="KSCYng">5329.42933333333</dst>
            <dst id="LOSAng">93397.696</dst>
            <dst id="NYCMng">72430.272</dst>
            <dst id="SNVAng">2389.81066666667</dst>
            <dst id="STTLng">26283.7866666667</dst>
            <dst id="WASHng">47927.936</dst>
        </src>
        <src id="SNVAng">
            <dst id="ATLA-M5">0</dst>
            <dst id="ATLAng">26.6666666666667</dst>
            <dst id="CHINng">205.797333333333</dst>
            <dst id="DNVRng">10708.0533333333</dst>
            <dst id="HSTNng">108.266666666667</dst>
            <dst id="IPLSng">6179.86933333333</dst>
            <dst id="KSCYng">148.189333333333</dst>
            <dst id="LOSAng">43876.2533333333</dst>
            <dst id="NYCMng">508.138666666667</dst>
            <dst id="SNVAng">10939.0613333333</dst>
            <dst id="STTLng">34466.4533333333</dst>
            <dst id="WASHng">0</dst>
        </src>
        <src id="STTLng">
            <dst id="ATLA-M5">26.6666666666667</dst>
            <dst id="ATLAng">8840.44266666667</dst>
            <dst id="CHINng">17870.824</dst>
            <dst id="DNVRng">2037.03733333333</dst>
            <dst id="HSTNng">3330.904</dst>
            <dst id="IPLSng">5711.56266666667</dst>
            <dst id="KSCYng">2253.424</dst>
            <dst id="LOSAng">26972.632</dst>
            <dst id="NYCMng">11614.856</dst>
            <dst id="SNVAng">3931.576</dst>
            <dst id="STTLng">3360.096</dst>
            <dst id="WASHng">7337.51733333333</dst>
        </src>
        <src id="WASHng">
            <dst id="ATLA-M5">231.429333333333</dst>
            <dst id="ATLAng">157499.298666667</dst>
            <dst id="CHINng">79262.0266666666</dst>
            <dst id="DNVRng">51782.072</dst>
            <dst id="HSTNng">20765.0373333333</dst>
            <dst id="IPLSng">42580.0213333333</dst>
            <dst id="KSCYng">10105.344</dst>
            <dst id="LOSAng">125575.357333333</dst>
            <dst id="NYCMng">170152.594666667</dst>
            <dst id="SNVAng">360.725333333333</dst>
            <dst id="STTLng">36778.4453333333</dst>
            <dst id="WASHng">116255.264</dst>
        </src>
    </IntraTM>
</TrafficMatrixFile>
