<?xml version="1.0" encoding="ISO-8859-1" standalone="yes"?>
<TrafficMatrixFile xsi:noNamespaceSchemaLocation="http://totem.run.montefiore.ulg.ac.be/Schema/TrafficMatrix-v1_2.xsd" xmlns:xsi="http://www.w3.org/2001/XMLSchema-instance">
    <IntraTM ASID="11537">
        <src id="ATLA-M5">
            <dst id="ATLA-M5">26.6666666666667</dst>
            <dst id="ATLAng">26.6666666666667</dst>
            <dst id="CHINng">222.106666666667</dst>
            <dst id="DNVRng">53.3333333333333</dst>
            <dst id="HSTNng">80</dst>
            <dst id="IPLSng">605.184</dst>
            <dst id="KSCYng">227.821333333333</dst>
            <dst id="LOSAng">167.2</dst>
            <dst id="NYCMng">26.6666666666667</dst>
            <dst id="SNVAng">0</dst>
            <dst id="STTLng">26.8373333333333</dst>
            <dst id="WASHng">154.149333333333</dst>
        </src>
        <src id="ATLAng">
            <dst id="ATLA-M5">118.098666666667</dst>
            <dst id="ATLAng">32601</dst>
            <dst id="CHINng">4260.45866666667</dst>
            <dst id="DNVRng">12271.9626666667</dst>
            <dst id="HSTNng">679.624</dst>
            <dst id="IPLSng">13913.2586666667</dst>
            <dst id="KSCYng">788.845333333333</dst>
            <dst id="LOSAng">43664.0426666667</dst>
            <dst id="NYCMng">10232.1466666667</dst>
            <dst id="SNVAng">41.0133333333333</dst>
            <dst id="STTLng">9135.00266666667</dst>
            <dst id="WASHng">23380.424</dst>
        </src>
        <src id="CHINng">
            <dst id="ATLA-M5">175.098666666667</dst>
            <dst id="ATLAng">30564.0186666667</dst>
            <dst id="CHINng">78594.5946666667</dst>
            <dst id="DNVRng">16070.72</dst>
            <dst id="HSTNng">6477.6</dst>
            <dst id="IPLSng">22458.7733333333</dst>
            <dst id="KSCYng">4289.72533333333</dst>
            <dst id="LOSAng">51932.2373333333</dst>
            <dst id="NYCMng">7892.12266666667</dst>
            <dst id="SNVAng">1162.888</dst>
            <dst id="STTLng">14006.9013333333</dst>
            <dst id="WASHng">27785.0986666667</dst>
        </src>
        <src id="DNVRng">
            <dst id="ATLA-M5">56.96</dst>
            <dst id="ATLAng">20908.312</dst>
            <dst id="CHINng">37876.3786666667</dst>
            <dst id="DNVRng">27335.6346666667</dst>
            <dst id="HSTNng">17011.5813333333</dst>
            <dst id="IPLSng">19214.2426666667</dst>
            <dst id="KSCYng">8555.83466666667</dst>
            <dst id="LOSAng">13464.4106666667</dst>
            <dst id="NYCMng">7746.04533333333</dst>
            <dst id="SNVAng">4659.87466666667</dst>
            <dst id="STTLng">6443.56</dst>
            <dst id="WASHng">27474.3386666667</dst>
        </src>
        <src id="HSTNng">
            <dst id="ATLA-M5">1046.21066666667</dst>
            <dst id="ATLAng">8544.16</dst>
            <dst id="CHINng">11054.4</dst>
            <dst id="DNVRng">1400.23733333333</dst>
            <dst id="HSTNng">9174.68533333333</dst>
            <dst id="IPLSng">4568.368</dst>
            <dst id="KSCYng">2899.48266666667</dst>
            <dst id="LOSAng">11894.0986666667</dst>
            <dst id="NYCMng">1850.86133333333</dst>
            <dst id="SNVAng">26.6666666666667</dst>
            <dst id="STTLng">1468.58666666667</dst>
            <dst id="WASHng">2895.58933333333</dst>
        </src>
        <src id="IPLSng">
            <dst id="ATLA-M5">162.426666666667</dst>
            <dst id="ATLAng">10331.2293333333</dst>
            <dst id="CHINng">58084.4373333333</dst>
            <dst id="DNVRng">4661.27466666667</dst>
            <dst id="HSTNng">1556.95733333333</dst>
            <dst id="IPLSng">11810.368</dst>
            <dst id="KSCYng">2545.95733333333</dst>
            <dst id="LOSAng">70012.3706666667</dst>
            <dst id="NYCMng">32723.0266666667</dst>
            <dst id="SNVAng">4990.76533333333</dst>
            <dst id="STTLng">9657.28</dst>
            <dst id="WASHng">14823.12</dst>
        </src>
        <src id="KSCYng">
            <dst id="ATLA-M5">687.301333333333</dst>
            <dst id="ATLAng">1697.98133333333</dst>
            <dst id="CHINng">14231.24</dst>
            <dst id="DNVRng">19075.4826666667</dst>
            <dst id="HSTNng">3941.55466666667</dst>
            <dst id="IPLSng">4482.504</dst>
            <dst id="KSCYng">2555.23466666667</dst>
            <dst id="LOSAng">20690.7813333333</dst>
            <dst id="NYCMng">2291.57333333333</dst>
            <dst id="SNVAng">213.546666666667</dst>
            <dst id="STTLng">1175.40266666667</dst>
            <dst id="WASHng">13503.2773333333</dst>
        </src>
        <src id="LOSAng">
            <dst id="ATLA-M5">1153.08</dst>
            <dst id="ATLAng">27646.176</dst>
            <dst id="CHINng">108290.536</dst>
            <dst id="DNVRng">35307.2693333333</dst>
            <dst id="HSTNng">13100.2826666667</dst>
            <dst id="IPLSng">37360.9946666667</dst>
            <dst id="KSCYng">4395.28</dst>
            <dst id="LOSAng">22390.5386666667</dst>
            <dst id="NYCMng">60036.472</dst>
            <dst id="SNVAng">13393.2533333333</dst>
            <dst id="STTLng">52752.5226666667</dst>
            <dst id="WASHng">129580.013333333</dst>
        </src>
        <src id="NYCMng">
            <dst id="ATLA-M5">271.488</dst>
            <dst id="ATLAng">44208.2293333333</dst>
            <dst id="CHINng">32672.904</dst>
            <dst id="DNVRng">28097.1866666667</dst>
            <dst id="HSTNng">4764.14133333333</dst>
            <dst id="IPLSng">35183.704</dst>
            <dst id="KSCYng">8064.03733333333</dst>
            <dst id="LOSAng">79057.752</dst>
            <dst id="NYCMng">80339.3813333333</dst>
            <dst id="SNVAng">2668.072</dst>
            <dst id="STTLng">25007.5146666667</dst>
            <dst id="WASHng">61800.8613333333</dst>
        </src>
        <src id="SNVAng">
            <dst id="ATLA-M5">0</dst>
            <dst id="ATLAng">133.333333333333</dst>
            <dst id="CHINng">174.794666666667</dst>
            <dst id="DNVRng">14611.1386666667</dst>
            <dst id="HSTNng">70.2933333333333</dst>
            <dst id="IPLSng">1873.39466666667</dst>
            <dst id="KSCYng">62.4426666666667</dst>
            <dst id="LOSAng">23953.4266666667</dst>
            <dst id="NYCMng">446.197333333333</dst>
            <dst id="SNVAng">8280.15466666667</dst>
            <dst id="STTLng">25942.3386666667</dst>
            <dst id="WASHng">87.392</dst>
        </src>
        <src id="STTLng">
            <dst id="ATLA-M5">119.997333333333</dst>
            <dst id="ATLAng">12450.6986666667</dst>
            <dst id="CHINng">15936.3146666667</dst>
            <dst id="DNVRng">4893.336</dst>
            <dst id="HSTNng">3016.64266666667</dst>
            <dst id="IPLSng">8283.944</dst>
            <dst id="KSCYng">2949.256</dst>
            <dst id="LOSAng">28315.8533333333</dst>
            <dst id="NYCMng">6962.672</dst>
            <dst id="SNVAng">4922.62933333333</dst>
            <dst id="STTLng">2772.38933333333</dst>
            <dst id="WASHng">10200.1333333333</dst>
        </src>
        <src id="WASHng">
            <dst id="ATLA-M5">26.6666666666667</dst>
            <dst id="ATLAng">83316.512</dst>
            <dst id="CHINng">72075.7706666667</dst>
            <dst id="DNVRng">52502.0506666667</dst>
            <dst id="HSTNng">11454.8293333333</dst>
            <dst id="IPLSng">21628.784</dst>
            <dst id="KSCYng">5583.688</dst>
            <dst id="LOSAng">118998.173333333</dst>
            <dst id="NYCMng">133211.277333333</dst>
            <dst id="SNVAng">1945.73066666667</dst>
            <dst id="STTLng">45270.56</dst>
            <dst id="WASHng">278910.72</dst>
        </src>
    </IntraTM>
</TrafficMatrixFile>
