<?xml version="1.0" encoding="ISO-8859-1" standalone="yes"?>
<TrafficMatrixFile xsi:noNamespaceSchemaLocation="http://totem.run.montefiore.ulg.ac.be/Schema/TrafficMatrix-v1_2.xsd" xmlns:xsi="http://www.w3.org/2001/XMLSchema-instance">
    <IntraTM ASID="11537">
        <src id="ATLA-M5">
            <dst id="ATLA-M5">0</dst>
            <dst id="ATLAng">26.6666666666667</dst>
            <dst id="CHINng">106.666666666667</dst>
            <dst id="DNVRng">53.3333333333333</dst>
            <dst id="HSTNng">325.816</dst>
            <dst id="IPLSng">53.3333333333333</dst>
            <dst id="KSCYng">26.6666666666667</dst>
            <dst id="LOSAng">133.561333333333</dst>
            <dst id="NYCMng">26.6666666666667</dst>
            <dst id="SNVAng">14.4946666666667</dst>
            <dst id="STTLng">0</dst>
            <dst id="WASHng">837.941333333333</dst>
        </src>
        <src id="ATLAng">
            <dst id="ATLA-M5">26.6666666666667</dst>
            <dst id="ATLAng">55862.0266666667</dst>
            <dst id="CHINng">6509.70133333333</dst>
            <dst id="DNVRng">3457.56</dst>
            <dst id="HSTNng">7491.11733333333</dst>
            <dst id="IPLSng">11070.6</dst>
            <dst id="KSCYng">658.976</dst>
            <dst id="LOSAng">13877.2453333333</dst>
            <dst id="NYCMng">6921.06133333333</dst>
            <dst id="SNVAng">40</dst>
            <dst id="STTLng">5332.20533333333</dst>
            <dst id="WASHng">25290.144</dst>
        </src>
        <src id="CHINng">
            <dst id="ATLA-M5">129.453333333333</dst>
            <dst id="ATLAng">31061.8666666667</dst>
            <dst id="CHINng">67717.5706666667</dst>
            <dst id="DNVRng">19778.6266666667</dst>
            <dst id="HSTNng">4079.15733333333</dst>
            <dst id="IPLSng">17777.1386666667</dst>
            <dst id="KSCYng">8784.752</dst>
            <dst id="LOSAng">50537.7493333333</dst>
            <dst id="NYCMng">5870.064</dst>
            <dst id="SNVAng">314.464</dst>
            <dst id="STTLng">15594.9546666667</dst>
            <dst id="WASHng">15442.096</dst>
        </src>
        <src id="DNVRng">
            <dst id="ATLA-M5">118.88</dst>
            <dst id="ATLAng">3095.07466666667</dst>
            <dst id="CHINng">45396.8213333333</dst>
            <dst id="DNVRng">6426.28266666667</dst>
            <dst id="HSTNng">17466.6106666667</dst>
            <dst id="IPLSng">19624.0666666667</dst>
            <dst id="KSCYng">17255.1173333333</dst>
            <dst id="LOSAng">10784.2293333333</dst>
            <dst id="NYCMng">12852.4773333333</dst>
            <dst id="SNVAng">8490.25333333333</dst>
            <dst id="STTLng">6118.30666666667</dst>
            <dst id="WASHng">33727.24</dst>
        </src>
        <src id="HSTNng">
            <dst id="ATLA-M5">1953.91466666667</dst>
            <dst id="ATLAng">5755.992</dst>
            <dst id="CHINng">9417.28533333333</dst>
            <dst id="DNVRng">1763.39466666667</dst>
            <dst id="HSTNng">4396.38666666667</dst>
            <dst id="IPLSng">313.216</dst>
            <dst id="KSCYng">1275.29333333333</dst>
            <dst id="LOSAng">10466.816</dst>
            <dst id="NYCMng">2260.288</dst>
            <dst id="SNVAng">0</dst>
            <dst id="STTLng">1710.43466666667</dst>
            <dst id="WASHng">2851.68266666667</dst>
        </src>
        <src id="IPLSng">
            <dst id="ATLA-M5">0</dst>
            <dst id="ATLAng">15952.3146666667</dst>
            <dst id="CHINng">62003.8906666666</dst>
            <dst id="DNVRng">7878.18933333333</dst>
            <dst id="HSTNng">2094.048</dst>
            <dst id="IPLSng">8204.68266666667</dst>
            <dst id="KSCYng">3493.32</dst>
            <dst id="LOSAng">68325.1466666667</dst>
            <dst id="NYCMng">25031.3866666667</dst>
            <dst id="SNVAng">186.850666666667</dst>
            <dst id="STTLng">8373.28</dst>
            <dst id="WASHng">10871.7413333333</dst>
        </src>
        <src id="KSCYng">
            <dst id="ATLA-M5">0</dst>
            <dst id="ATLAng">850.618666666667</dst>
            <dst id="CHINng">17667.1093333333</dst>
            <dst id="DNVRng">13419.992</dst>
            <dst id="HSTNng">2979.65333333333</dst>
            <dst id="IPLSng">12560.2106666667</dst>
            <dst id="KSCYng">4196.78933333333</dst>
            <dst id="LOSAng">11117.1226666667</dst>
            <dst id="NYCMng">4923.672</dst>
            <dst id="SNVAng">82.6986666666667</dst>
            <dst id="STTLng">2302.48266666667</dst>
            <dst id="WASHng">8923.832</dst>
        </src>
        <src id="LOSAng">
            <dst id="ATLA-M5">26.6666666666667</dst>
            <dst id="ATLAng">40773.4346666667</dst>
            <dst id="CHINng">91554.784</dst>
            <dst id="DNVRng">12759.36</dst>
            <dst id="HSTNng">5050.064</dst>
            <dst id="IPLSng">36024.6266666667</dst>
            <dst id="KSCYng">3066.43466666667</dst>
            <dst id="LOSAng">20371.7253333333</dst>
            <dst id="NYCMng">72128.8213333333</dst>
            <dst id="SNVAng">3479.568</dst>
            <dst id="STTLng">39764.5493333333</dst>
            <dst id="WASHng">95206.5653333333</dst>
        </src>
        <src id="NYCMng">
            <dst id="ATLA-M5">525.602666666667</dst>
            <dst id="ATLAng">36964.6213333333</dst>
            <dst id="CHINng">31133.312</dst>
            <dst id="DNVRng">21678.7173333333</dst>
            <dst id="HSTNng">9015.768</dst>
            <dst id="IPLSng">29629.232</dst>
            <dst id="KSCYng">8664.30666666667</dst>
            <dst id="LOSAng">98496.544</dst>
            <dst id="NYCMng">108902.296</dst>
            <dst id="SNVAng">4001.18933333333</dst>
            <dst id="STTLng">24738.6773333333</dst>
            <dst id="WASHng">54607.8373333333</dst>
        </src>
        <src id="SNVAng">
            <dst id="ATLA-M5">0</dst>
            <dst id="ATLAng">94.6453333333333</dst>
            <dst id="CHINng">174.946666666667</dst>
            <dst id="DNVRng">984.594666666667</dst>
            <dst id="HSTNng">142.592</dst>
            <dst id="IPLSng">5711.31466666667</dst>
            <dst id="KSCYng">60.72</dst>
            <dst id="LOSAng">40499.016</dst>
            <dst id="NYCMng">542.565333333333</dst>
            <dst id="SNVAng">7716.62666666667</dst>
            <dst id="STTLng">22439.9146666667</dst>
            <dst id="WASHng">80</dst>
        </src>
        <src id="STTLng">
            <dst id="ATLA-M5">32.992</dst>
            <dst id="ATLAng">8032.31733333333</dst>
            <dst id="CHINng">20059.016</dst>
            <dst id="DNVRng">1681.94666666667</dst>
            <dst id="HSTNng">2019.42666666667</dst>
            <dst id="IPLSng">5754.432</dst>
            <dst id="KSCYng">2761.272</dst>
            <dst id="LOSAng">31688.2266666667</dst>
            <dst id="NYCMng">11023.1546666667</dst>
            <dst id="SNVAng">6258.136</dst>
            <dst id="STTLng">3455.68</dst>
            <dst id="WASHng">13931.304</dst>
        </src>
        <src id="WASHng">
            <dst id="ATLA-M5">112.544</dst>
            <dst id="ATLAng">86880.2453333333</dst>
            <dst id="CHINng">94768.656</dst>
            <dst id="DNVRng">54150.576</dst>
            <dst id="HSTNng">13068.2906666667</dst>
            <dst id="IPLSng">26200.184</dst>
            <dst id="KSCYng">13102.8826666667</dst>
            <dst id="LOSAng">116122.821333333</dst>
            <dst id="NYCMng">159752.277333333</dst>
            <dst id="SNVAng">2237.168</dst>
            <dst id="STTLng">43061.1546666667</dst>
            <dst id="WASHng">216726.632</dst>
        </src>
    </IntraTM>
</TrafficMatrixFile>
