<?xml version="1.0" encoding="ISO-8859-1" standalone="yes"?>
<TrafficMatrixFile xsi:noNamespaceSchemaLocation="http://totem.run.montefiore.ulg.ac.be/Schema/TrafficMatrix-v1_2.xsd" xmlns:xsi="http://www.w3.org/2001/XMLSchema-instance">
    <IntraTM ASID="11537">
        <src id="ATLA-M5">
            <dst id="ATLA-M5">162.805333333333</dst>
            <dst id="ATLAng">384.616</dst>
            <dst id="CHINng">956.181333333333</dst>
            <dst id="DNVRng">106.778666666667</dst>
            <dst id="HSTNng">142.554666666667</dst>
            <dst id="IPLSng">522.786666666667</dst>
            <dst id="KSCYng">201.856</dst>
            <dst id="LOSAng">236.528</dst>
            <dst id="NYCMng">26.6666666666667</dst>
            <dst id="SNVAng">15.216</dst>
            <dst id="STTLng">120.24</dst>
            <dst id="WASHng">821.709333333333</dst>
        </src>
        <src id="ATLAng">
            <dst id="ATLA-M5">168.122666666667</dst>
            <dst id="ATLAng">46797.2186666667</dst>
            <dst id="CHINng">10660.6773333333</dst>
            <dst id="DNVRng">6110.112</dst>
            <dst id="HSTNng">7703.58933333334</dst>
            <dst id="IPLSng">17304.296</dst>
            <dst id="KSCYng">11043.6933333333</dst>
            <dst id="LOSAng">22348.1013333333</dst>
            <dst id="NYCMng">10067.216</dst>
            <dst id="SNVAng">472.554666666667</dst>
            <dst id="STTLng">5579.488</dst>
            <dst id="WASHng">51723.0426666667</dst>
        </src>
        <src id="CHINng">
            <dst id="ATLA-M5">993.954666666667</dst>
            <dst id="ATLAng">26446.312</dst>
            <dst id="CHINng">125280.090666667</dst>
            <dst id="DNVRng">16680.5386666667</dst>
            <dst id="HSTNng">9515.768</dst>
            <dst id="IPLSng">44671.6</dst>
            <dst id="KSCYng">20912.4</dst>
            <dst id="LOSAng">89439.408</dst>
            <dst id="NYCMng">8076.27466666667</dst>
            <dst id="SNVAng">1603.15733333333</dst>
            <dst id="STTLng">10187.0506666667</dst>
            <dst id="WASHng">38582.0533333333</dst>
        </src>
        <src id="DNVRng">
            <dst id="ATLA-M5">1209.90666666667</dst>
            <dst id="ATLAng">30669.744</dst>
            <dst id="CHINng">46028.5306666667</dst>
            <dst id="DNVRng">14993.8853333333</dst>
            <dst id="HSTNng">25876.2053333333</dst>
            <dst id="IPLSng">37648.1893333333</dst>
            <dst id="KSCYng">21238.84</dst>
            <dst id="LOSAng">17554.6666666667</dst>
            <dst id="NYCMng">22884.1173333333</dst>
            <dst id="SNVAng">21668.8746666667</dst>
            <dst id="STTLng">21865.552</dst>
            <dst id="WASHng">43033.608</dst>
        </src>
        <src id="HSTNng">
            <dst id="ATLA-M5">2920.21333333333</dst>
            <dst id="ATLAng">13560.9786666667</dst>
            <dst id="CHINng">16508.1333333333</dst>
            <dst id="DNVRng">10682.3226666667</dst>
            <dst id="HSTNng">12513.9973333333</dst>
            <dst id="IPLSng">5835.43466666667</dst>
            <dst id="KSCYng">2078.20266666667</dst>
            <dst id="LOSAng">9685.15466666667</dst>
            <dst id="NYCMng">8562.76266666667</dst>
            <dst id="SNVAng">871.984</dst>
            <dst id="STTLng">1775.34133333333</dst>
            <dst id="WASHng">5083.976</dst>
        </src>
        <src id="IPLSng">
            <dst id="ATLA-M5">176.234666666667</dst>
            <dst id="ATLAng">18360.344</dst>
            <dst id="CHINng">81998.0853333333</dst>
            <dst id="DNVRng">26189.6426666667</dst>
            <dst id="HSTNng">4935.70933333333</dst>
            <dst id="IPLSng">52204.0906666667</dst>
            <dst id="KSCYng">9170.592</dst>
            <dst id="LOSAng">69181.464</dst>
            <dst id="NYCMng">25816.4773333333</dst>
            <dst id="SNVAng">5843.6</dst>
            <dst id="STTLng">10969.1893333333</dst>
            <dst id="WASHng">22949.6693333333</dst>
        </src>
        <src id="KSCYng">
            <dst id="ATLA-M5">328.405333333333</dst>
            <dst id="ATLAng">5096.85866666667</dst>
            <dst id="CHINng">38925.5386666667</dst>
            <dst id="DNVRng">9960.856</dst>
            <dst id="HSTNng">4554.34933333333</dst>
            <dst id="IPLSng">18029.0453333333</dst>
            <dst id="KSCYng">12132.552</dst>
            <dst id="LOSAng">38141.3626666667</dst>
            <dst id="NYCMng">10916.08</dst>
            <dst id="SNVAng">307.938666666667</dst>
            <dst id="STTLng">2968.99733333333</dst>
            <dst id="WASHng">10748.784</dst>
        </src>
        <src id="LOSAng">
            <dst id="ATLA-M5">755.485333333333</dst>
            <dst id="ATLAng">41681.5813333333</dst>
            <dst id="CHINng">113800.504</dst>
            <dst id="DNVRng">29351.1786666667</dst>
            <dst id="HSTNng">18802.9813333333</dst>
            <dst id="IPLSng">43634.696</dst>
            <dst id="KSCYng">25942.328</dst>
            <dst id="LOSAng">11368.1066666667</dst>
            <dst id="NYCMng">78932.696</dst>
            <dst id="SNVAng">11594.2453333333</dst>
            <dst id="STTLng">48960.368</dst>
            <dst id="WASHng">112138.946666667</dst>
        </src>
        <src id="NYCMng">
            <dst id="ATLA-M5">241.501333333333</dst>
            <dst id="ATLAng">58685.384</dst>
            <dst id="CHINng">50902.6506666667</dst>
            <dst id="DNVRng">128221.64</dst>
            <dst id="HSTNng">19739.6666666667</dst>
            <dst id="IPLSng">66120.824</dst>
            <dst id="KSCYng">23356.68</dst>
            <dst id="LOSAng">116027.72</dst>
            <dst id="NYCMng">112090.032</dst>
            <dst id="SNVAng">6407.712</dst>
            <dst id="STTLng">28617.768</dst>
            <dst id="WASHng">94052.6346666667</dst>
        </src>
        <src id="SNVAng">
            <dst id="ATLA-M5">26.6666666666667</dst>
            <dst id="ATLAng">1409.61333333333</dst>
            <dst id="CHINng">2328.81866666667</dst>
            <dst id="DNVRng">3257.28266666667</dst>
            <dst id="HSTNng">84.032</dst>
            <dst id="IPLSng">888.493333333333</dst>
            <dst id="KSCYng">1759.65333333333</dst>
            <dst id="LOSAng">41514.7973333333</dst>
            <dst id="NYCMng">686.613333333333</dst>
            <dst id="SNVAng">8922.05333333333</dst>
            <dst id="STTLng">26860.4933333333</dst>
            <dst id="WASHng">524.789333333333</dst>
        </src>
        <src id="STTLng">
            <dst id="ATLA-M5">157.522666666667</dst>
            <dst id="ATLAng">14885.328</dst>
            <dst id="CHINng">22447.2773333333</dst>
            <dst id="DNVRng">5769.26133333333</dst>
            <dst id="HSTNng">3812.09866666667</dst>
            <dst id="IPLSng">14029.2426666667</dst>
            <dst id="KSCYng">9734.84266666667</dst>
            <dst id="LOSAng">37733.6853333333</dst>
            <dst id="NYCMng">9618.16533333333</dst>
            <dst id="SNVAng">4502.704</dst>
            <dst id="STTLng">10501.0613333333</dst>
            <dst id="WASHng">20708.432</dst>
        </src>
        <src id="WASHng">
            <dst id="ATLA-M5">1246.36533333333</dst>
            <dst id="ATLAng">81174.352</dst>
            <dst id="CHINng">100172.941333333</dst>
            <dst id="DNVRng">81799.536</dst>
            <dst id="HSTNng">23225.0613333333</dst>
            <dst id="IPLSng">84434.4373333333</dst>
            <dst id="KSCYng">43608.8133333333</dst>
            <dst id="LOSAng">130747.850666667</dst>
            <dst id="NYCMng">209629.826666667</dst>
            <dst id="SNVAng">4957.88</dst>
            <dst id="STTLng">37506.056</dst>
            <dst id="WASHng">361230.666666667</dst>
        </src>
    </IntraTM>
</TrafficMatrixFile>
