<?xml version="1.0" encoding="ISO-8859-1" standalone="yes"?>
<TrafficMatrixFile xsi:noNamespaceSchemaLocation="http://totem.run.montefiore.ulg.ac.be/Schema/TrafficMatrix-v1_2.xsd" xmlns:xsi="http://www.w3.org/2001/XMLSchema-instance">
    <IntraTM ASID="11537">
        <src id="ATLA-M5">
            <dst id="ATLA-M5">0</dst>
            <dst id="ATLAng">0</dst>
            <dst id="CHINng">53.568</dst>
            <dst id="DNVRng">125.714666666667</dst>
            <dst id="HSTNng">253.165333333333</dst>
            <dst id="IPLSng">80</dst>
            <dst id="KSCYng">0</dst>
            <dst id="LOSAng">634.226666666667</dst>
            <dst id="NYCMng">0</dst>
            <dst id="SNVAng">0</dst>
            <dst id="STTLng">0</dst>
            <dst id="WASHng">133.333333333333</dst>
        </src>
        <src id="ATLAng">
            <dst id="ATLA-M5">245.442666666667</dst>
            <dst id="ATLAng">37868.9813333333</dst>
            <dst id="CHINng">5127.21866666667</dst>
            <dst id="DNVRng">10650.3866666667</dst>
            <dst id="HSTNng">446.357333333333</dst>
            <dst id="IPLSng">12662.1973333333</dst>
            <dst id="KSCYng">619.056</dst>
            <dst id="LOSAng">17695.8133333333</dst>
            <dst id="NYCMng">2821.72533333333</dst>
            <dst id="SNVAng">0</dst>
            <dst id="STTLng">11300.528</dst>
            <dst id="WASHng">31597.2133333333</dst>
        </src>
        <src id="CHINng">
            <dst id="ATLA-M5">176.797333333333</dst>
            <dst id="ATLAng">34844.088</dst>
            <dst id="CHINng">58755.8986666667</dst>
            <dst id="DNVRng">14165.5306666667</dst>
            <dst id="HSTNng">9389.256</dst>
            <dst id="IPLSng">21567.1493333333</dst>
            <dst id="KSCYng">3970.82133333333</dst>
            <dst id="LOSAng">49467.192</dst>
            <dst id="NYCMng">3500.09866666667</dst>
            <dst id="SNVAng">766.141333333333</dst>
            <dst id="STTLng">10490.7973333333</dst>
            <dst id="WASHng">11564.4773333333</dst>
        </src>
        <src id="DNVRng">
            <dst id="ATLA-M5">73.0666666666667</dst>
            <dst id="ATLAng">5572.96266666667</dst>
            <dst id="CHINng">38980.8853333333</dst>
            <dst id="DNVRng">5349.62133333333</dst>
            <dst id="HSTNng">16254.2693333333</dst>
            <dst id="IPLSng">21483.9413333333</dst>
            <dst id="KSCYng">15955.248</dst>
            <dst id="LOSAng">16829.992</dst>
            <dst id="NYCMng">15735.5226666667</dst>
            <dst id="SNVAng">6978.67466666667</dst>
            <dst id="STTLng">6585.40266666667</dst>
            <dst id="WASHng">39562.9466666667</dst>
        </src>
        <src id="HSTNng">
            <dst id="ATLA-M5">1471.14666666667</dst>
            <dst id="ATLAng">13796.1173333333</dst>
            <dst id="CHINng">7562.13066666667</dst>
            <dst id="DNVRng">1956.54133333333</dst>
            <dst id="HSTNng">6199.54133333333</dst>
            <dst id="IPLSng">393.856</dst>
            <dst id="KSCYng">1271.16533333333</dst>
            <dst id="LOSAng">10546.216</dst>
            <dst id="NYCMng">2601.22666666667</dst>
            <dst id="SNVAng">0</dst>
            <dst id="STTLng">8368.504</dst>
            <dst id="WASHng">3779.72266666667</dst>
        </src>
        <src id="IPLSng">
            <dst id="ATLA-M5">0</dst>
            <dst id="ATLAng">19617.8906666667</dst>
            <dst id="CHINng">34288.3733333333</dst>
            <dst id="DNVRng">3964.38133333333</dst>
            <dst id="HSTNng">1246.99466666667</dst>
            <dst id="IPLSng">6572.42133333333</dst>
            <dst id="KSCYng">2177.37333333333</dst>
            <dst id="LOSAng">64358.928</dst>
            <dst id="NYCMng">28578.336</dst>
            <dst id="SNVAng">196.168</dst>
            <dst id="STTLng">12867.464</dst>
            <dst id="WASHng">6145.416</dst>
        </src>
        <src id="KSCYng">
            <dst id="ATLA-M5">0</dst>
            <dst id="ATLAng">1391.05066666667</dst>
            <dst id="CHINng">16482.2</dst>
            <dst id="DNVRng">12840.2133333333</dst>
            <dst id="HSTNng">3590.54133333333</dst>
            <dst id="IPLSng">10182.912</dst>
            <dst id="KSCYng">2926.512</dst>
            <dst id="LOSAng">8845.58933333334</dst>
            <dst id="NYCMng">4678.88266666667</dst>
            <dst id="SNVAng">228.669333333333</dst>
            <dst id="STTLng">3756.808</dst>
            <dst id="WASHng">5654.032</dst>
        </src>
        <src id="LOSAng">
            <dst id="ATLA-M5">44.9573333333333</dst>
            <dst id="ATLAng">50020.4906666667</dst>
            <dst id="CHINng">76428.7226666667</dst>
            <dst id="DNVRng">7551.12</dst>
            <dst id="HSTNng">5651.46666666667</dst>
            <dst id="IPLSng">28546.3413333333</dst>
            <dst id="KSCYng">1876.01066666667</dst>
            <dst id="LOSAng">18614.904</dst>
            <dst id="NYCMng">65207.7653333333</dst>
            <dst id="SNVAng">14143.808</dst>
            <dst id="STTLng">51132.1866666667</dst>
            <dst id="WASHng">96294.0346666666</dst>
        </src>
        <src id="NYCMng">
            <dst id="ATLA-M5">53.3333333333333</dst>
            <dst id="ATLAng">33696.312</dst>
            <dst id="CHINng">40427.1626666667</dst>
            <dst id="DNVRng">30506.4133333333</dst>
            <dst id="HSTNng">7485.97333333334</dst>
            <dst id="IPLSng">46428.0026666667</dst>
            <dst id="KSCYng">10023.456</dst>
            <dst id="LOSAng">88312.5733333333</dst>
            <dst id="NYCMng">81800.5306666667</dst>
            <dst id="SNVAng">1123.77333333333</dst>
            <dst id="STTLng">28063.248</dst>
            <dst id="WASHng">46957.9413333333</dst>
        </src>
        <src id="SNVAng">
            <dst id="ATLA-M5">0</dst>
            <dst id="ATLAng">53.3333333333333</dst>
            <dst id="CHINng">269.136</dst>
            <dst id="DNVRng">604.010666666667</dst>
            <dst id="HSTNng">168</dst>
            <dst id="IPLSng">9940.45866666667</dst>
            <dst id="KSCYng">142.032</dst>
            <dst id="LOSAng">40155.0133333333</dst>
            <dst id="NYCMng">316.021333333333</dst>
            <dst id="SNVAng">11069.7706666667</dst>
            <dst id="STTLng">34329.856</dst>
            <dst id="WASHng">53.3333333333333</dst>
        </src>
        <src id="STTLng">
            <dst id="ATLA-M5">26.6666666666667</dst>
            <dst id="ATLAng">9415.544</dst>
            <dst id="CHINng">17071.832</dst>
            <dst id="DNVRng">2900.35733333333</dst>
            <dst id="HSTNng">2275.95733333333</dst>
            <dst id="IPLSng">6135.66933333334</dst>
            <dst id="KSCYng">5003.032</dst>
            <dst id="LOSAng">34879.0586666667</dst>
            <dst id="NYCMng">11252.6053333333</dst>
            <dst id="SNVAng">4262.25066666667</dst>
            <dst id="STTLng">1790.26933333333</dst>
            <dst id="WASHng">7636.496</dst>
        </src>
        <src id="WASHng">
            <dst id="ATLA-M5">966.509333333334</dst>
            <dst id="ATLAng">115661.349333333</dst>
            <dst id="CHINng">54413.144</dst>
            <dst id="DNVRng">54137.8213333333</dst>
            <dst id="HSTNng">22875.848</dst>
            <dst id="IPLSng">18885.1813333333</dst>
            <dst id="KSCYng">7641.936</dst>
            <dst id="LOSAng">123715.784</dst>
            <dst id="NYCMng">212149.4</dst>
            <dst id="SNVAng">364.845333333333</dst>
            <dst id="STTLng">32465.552</dst>
            <dst id="WASHng">139581.957333333</dst>
        </src>
    </IntraTM>
</TrafficMatrixFile>
