<?xml version="1.0" encoding="ISO-8859-1" standalone="yes"?>
<TrafficMatrixFile xsi:noNamespaceSchemaLocation="http://totem.run.montefiore.ulg.ac.be/Schema/TrafficMatrix-v1_2.xsd" xmlns:xsi="http://www.w3.org/2001/XMLSchema-instance">
    <IntraTM ASID="11537">
        <src id="ATLA-M5">
            <dst id="ATLA-M5">126.901333333333</dst>
            <dst id="ATLAng">224.853333333333</dst>
            <dst id="CHINng">239.872</dst>
            <dst id="DNVRng">341.845333333333</dst>
            <dst id="HSTNng">102.445333333333</dst>
            <dst id="IPLSng">175.648</dst>
            <dst id="KSCYng">2626.824</dst>
            <dst id="LOSAng">451.309333333333</dst>
            <dst id="NYCMng">486.026666666667</dst>
            <dst id="SNVAng">13.3333333333333</dst>
            <dst id="STTLng">238.613333333333</dst>
            <dst id="WASHng">423.173333333333</dst>
        </src>
        <src id="ATLAng">
            <dst id="ATLA-M5">209.013333333333</dst>
            <dst id="ATLAng">57479.872</dst>
            <dst id="CHINng">15439.5066666667</dst>
            <dst id="DNVRng">10713.1306666667</dst>
            <dst id="HSTNng">3953.89333333333</dst>
            <dst id="IPLSng">13497.7146666667</dst>
            <dst id="KSCYng">3204.24</dst>
            <dst id="LOSAng">15003.9733333333</dst>
            <dst id="NYCMng">8322.10666666667</dst>
            <dst id="SNVAng">729.322666666667</dst>
            <dst id="STTLng">5431.344</dst>
            <dst id="WASHng">41272.9173333333</dst>
        </src>
        <src id="CHINng">
            <dst id="ATLA-M5">209.256</dst>
            <dst id="ATLAng">20377.3146666667</dst>
            <dst id="CHINng">138695.784</dst>
            <dst id="DNVRng">12266.912</dst>
            <dst id="HSTNng">8720.12</dst>
            <dst id="IPLSng">65720.7813333334</dst>
            <dst id="KSCYng">7100.15733333333</dst>
            <dst id="LOSAng">50838.5493333333</dst>
            <dst id="NYCMng">9262.54133333333</dst>
            <dst id="SNVAng">2468.77333333333</dst>
            <dst id="STTLng">29295.224</dst>
            <dst id="WASHng">24486.9413333333</dst>
        </src>
        <src id="DNVRng">
            <dst id="ATLA-M5">425.234666666667</dst>
            <dst id="ATLAng">30457.064</dst>
            <dst id="CHINng">49156.9466666667</dst>
            <dst id="DNVRng">7304.72266666667</dst>
            <dst id="HSTNng">20931.2826666667</dst>
            <dst id="IPLSng">23116.1333333333</dst>
            <dst id="KSCYng">16738.12</dst>
            <dst id="LOSAng">13065.5893333333</dst>
            <dst id="NYCMng">13624.432</dst>
            <dst id="SNVAng">19195.8213333333</dst>
            <dst id="STTLng">9803.81333333333</dst>
            <dst id="WASHng">35594.9146666667</dst>
        </src>
        <src id="HSTNng">
            <dst id="ATLA-M5">1783.4</dst>
            <dst id="ATLAng">5018.816</dst>
            <dst id="CHINng">36932.6426666667</dst>
            <dst id="DNVRng">10063.4346666667</dst>
            <dst id="HSTNng">7545.41333333333</dst>
            <dst id="IPLSng">4446.27733333333</dst>
            <dst id="KSCYng">3939.488</dst>
            <dst id="LOSAng">4878.504</dst>
            <dst id="NYCMng">2600.528</dst>
            <dst id="SNVAng">723.477333333333</dst>
            <dst id="STTLng">4461.344</dst>
            <dst id="WASHng">14261.648</dst>
        </src>
        <src id="IPLSng">
            <dst id="ATLA-M5">445.592</dst>
            <dst id="ATLAng">21626.2213333333</dst>
            <dst id="CHINng">81214.2506666667</dst>
            <dst id="DNVRng">7017.99733333333</dst>
            <dst id="HSTNng">5680.832</dst>
            <dst id="IPLSng">40952.8826666667</dst>
            <dst id="KSCYng">12162.792</dst>
            <dst id="LOSAng">52381.7786666667</dst>
            <dst id="NYCMng">31843.5066666667</dst>
            <dst id="SNVAng">2116.90133333333</dst>
            <dst id="STTLng">9583.74666666667</dst>
            <dst id="WASHng">34412.4266666667</dst>
        </src>
        <src id="KSCYng">
            <dst id="ATLA-M5">221.178666666667</dst>
            <dst id="ATLAng">3358.232</dst>
            <dst id="CHINng">25678.2933333333</dst>
            <dst id="DNVRng">4941.83733333333</dst>
            <dst id="HSTNng">6122.14133333333</dst>
            <dst id="IPLSng">8935.24</dst>
            <dst id="KSCYng">6480.46133333333</dst>
            <dst id="LOSAng">5666.44533333333</dst>
            <dst id="NYCMng">5433.03733333333</dst>
            <dst id="SNVAng">839.736</dst>
            <dst id="STTLng">1297.128</dst>
            <dst id="WASHng">24358.4266666667</dst>
        </src>
        <src id="LOSAng">
            <dst id="ATLA-M5">692.682666666666</dst>
            <dst id="ATLAng">40130.4373333333</dst>
            <dst id="CHINng">118339.805333333</dst>
            <dst id="DNVRng">22353.888</dst>
            <dst id="HSTNng">25012.4293333333</dst>
            <dst id="IPLSng">59421.968</dst>
            <dst id="KSCYng">7085.664</dst>
            <dst id="LOSAng">16912.5253333333</dst>
            <dst id="NYCMng">64859.1706666667</dst>
            <dst id="SNVAng">18860.6906666667</dst>
            <dst id="STTLng">39955.5013333333</dst>
            <dst id="WASHng">113864.706666667</dst>
        </src>
        <src id="NYCMng">
            <dst id="ATLA-M5">693.338666666667</dst>
            <dst id="ATLAng">59640.784</dst>
            <dst id="CHINng">51179.7413333333</dst>
            <dst id="DNVRng">109989.672</dst>
            <dst id="HSTNng">12676.5386666667</dst>
            <dst id="IPLSng">51018.6453333333</dst>
            <dst id="KSCYng">23584.272</dst>
            <dst id="LOSAng">73434.4853333333</dst>
            <dst id="NYCMng">132854.301333333</dst>
            <dst id="SNVAng">3858.888</dst>
            <dst id="STTLng">28448.056</dst>
            <dst id="WASHng">82193.5946666667</dst>
        </src>
        <src id="SNVAng">
            <dst id="ATLA-M5">0</dst>
            <dst id="ATLAng">119.784</dst>
            <dst id="CHINng">6411.53333333333</dst>
            <dst id="DNVRng">1726.904</dst>
            <dst id="HSTNng">132.52</dst>
            <dst id="IPLSng">5482.12266666667</dst>
            <dst id="KSCYng">991.938666666667</dst>
            <dst id="LOSAng">43512.7173333333</dst>
            <dst id="NYCMng">634.461333333333</dst>
            <dst id="SNVAng">14751.5306666667</dst>
            <dst id="STTLng">33660.7173333333</dst>
            <dst id="WASHng">223.189333333333</dst>
        </src>
        <src id="STTLng">
            <dst id="ATLA-M5">204.304</dst>
            <dst id="ATLAng">18876.8453333333</dst>
            <dst id="CHINng">25691.984</dst>
            <dst id="DNVRng">5957.57866666667</dst>
            <dst id="HSTNng">7433.89333333333</dst>
            <dst id="IPLSng">15412.928</dst>
            <dst id="KSCYng">2916.70133333333</dst>
            <dst id="LOSAng">31942.28</dst>
            <dst id="NYCMng">12826.0533333333</dst>
            <dst id="SNVAng">6827.848</dst>
            <dst id="STTLng">2729.888</dst>
            <dst id="WASHng">38841.304</dst>
        </src>
        <src id="WASHng">
            <dst id="ATLA-M5">1844.472</dst>
            <dst id="ATLAng">132477.157333333</dst>
            <dst id="CHINng">85767.0213333334</dst>
            <dst id="DNVRng">73465.0746666666</dst>
            <dst id="HSTNng">40022.6666666667</dst>
            <dst id="IPLSng">78234.64</dst>
            <dst id="KSCYng">16898.1813333333</dst>
            <dst id="LOSAng">110440.338666667</dst>
            <dst id="NYCMng">154894.797333333</dst>
            <dst id="SNVAng">4305.184</dst>
            <dst id="STTLng">36417.936</dst>
            <dst id="WASHng">340014.906666667</dst>
        </src>
    </IntraTM>
</TrafficMatrixFile>
