<?xml version="1.0" encoding="ISO-8859-1" standalone="yes"?>
<TrafficMatrixFile xsi:noNamespaceSchemaLocation="http://totem.run.montefiore.ulg.ac.be/Schema/TrafficMatrix-v1_2.xsd" xmlns:xsi="http://www.w3.org/2001/XMLSchema-instance">
    <IntraTM ASID="11537">
        <src id="ATLA-M5">
            <dst id="ATLA-M5">202.738666666667</dst>
            <dst id="ATLAng">1351.38133333333</dst>
            <dst id="CHINng">221.024</dst>
            <dst id="DNVRng">401.496</dst>
            <dst id="HSTNng">91.2613333333333</dst>
            <dst id="IPLSng">126.482666666667</dst>
            <dst id="KSCYng">211.386666666667</dst>
            <dst id="LOSAng">279.626666666667</dst>
            <dst id="NYCMng">1330.45066666667</dst>
            <dst id="SNVAng">0</dst>
            <dst id="STTLng">0</dst>
            <dst id="WASHng">2383.704</dst>
        </src>
        <src id="ATLAng">
            <dst id="ATLA-M5">419.448</dst>
            <dst id="ATLAng">43828.624</dst>
            <dst id="CHINng">23965.9946666667</dst>
            <dst id="DNVRng">5544.18666666667</dst>
            <dst id="HSTNng">4287.824</dst>
            <dst id="IPLSng">15326.5333333333</dst>
            <dst id="KSCYng">14080.8373333333</dst>
            <dst id="LOSAng">16115.0133333333</dst>
            <dst id="NYCMng">11085.744</dst>
            <dst id="SNVAng">1608.16533333333</dst>
            <dst id="STTLng">6190.38133333333</dst>
            <dst id="WASHng">59263.28</dst>
        </src>
        <src id="CHINng">
            <dst id="ATLA-M5">2924.62933333333</dst>
            <dst id="ATLAng">26864.0533333333</dst>
            <dst id="CHINng">135237.941333333</dst>
            <dst id="DNVRng">21994.2266666667</dst>
            <dst id="HSTNng">19516.336</dst>
            <dst id="IPLSng">54928.3013333333</dst>
            <dst id="KSCYng">10476.52</dst>
            <dst id="LOSAng">48407.656</dst>
            <dst id="NYCMng">10625.2133333333</dst>
            <dst id="SNVAng">728.224</dst>
            <dst id="STTLng">7800.94933333333</dst>
            <dst id="WASHng">58804.4613333333</dst>
        </src>
        <src id="DNVRng">
            <dst id="ATLA-M5">133.501333333333</dst>
            <dst id="ATLAng">10078</dst>
            <dst id="CHINng">122665.525333333</dst>
            <dst id="DNVRng">23227.208</dst>
            <dst id="HSTNng">23257.3413333333</dst>
            <dst id="IPLSng">26469.0453333333</dst>
            <dst id="KSCYng">26539.7013333333</dst>
            <dst id="LOSAng">11947.1146666667</dst>
            <dst id="NYCMng">12828.968</dst>
            <dst id="SNVAng">16065.0533333333</dst>
            <dst id="STTLng">12269.824</dst>
            <dst id="WASHng">35649.0613333333</dst>
        </src>
        <src id="HSTNng">
            <dst id="ATLA-M5">719.298666666667</dst>
            <dst id="ATLAng">6041.75466666667</dst>
            <dst id="CHINng">24545.7893333333</dst>
            <dst id="DNVRng">2167.06133333333</dst>
            <dst id="HSTNng">11119.1706666667</dst>
            <dst id="IPLSng">2452.424</dst>
            <dst id="KSCYng">5347.168</dst>
            <dst id="LOSAng">13246.512</dst>
            <dst id="NYCMng">2032.304</dst>
            <dst id="SNVAng">262.773333333333</dst>
            <dst id="STTLng">2458.38666666667</dst>
            <dst id="WASHng">10371.7653333333</dst>
        </src>
        <src id="IPLSng">
            <dst id="ATLA-M5">262.048</dst>
            <dst id="ATLAng">30551.7093333333</dst>
            <dst id="CHINng">107708.36</dst>
            <dst id="DNVRng">9536.856</dst>
            <dst id="HSTNng">28103.9013333333</dst>
            <dst id="IPLSng">39020.2666666667</dst>
            <dst id="KSCYng">7395.63733333333</dst>
            <dst id="LOSAng">31710.68</dst>
            <dst id="NYCMng">21901.4</dst>
            <dst id="SNVAng">4185.008</dst>
            <dst id="STTLng">9727.136</dst>
            <dst id="WASHng">27990.5093333333</dst>
        </src>
        <src id="KSCYng">
            <dst id="ATLA-M5">1285.216</dst>
            <dst id="ATLAng">3501.59733333333</dst>
            <dst id="CHINng">28965.4506666667</dst>
            <dst id="DNVRng">16066.2266666667</dst>
            <dst id="HSTNng">4113.82133333333</dst>
            <dst id="IPLSng">15014.4613333333</dst>
            <dst id="KSCYng">12935.12</dst>
            <dst id="LOSAng">8588.70933333333</dst>
            <dst id="NYCMng">3069.57333333333</dst>
            <dst id="SNVAng">355.077333333333</dst>
            <dst id="STTLng">1116.79733333333</dst>
            <dst id="WASHng">12748.9146666667</dst>
        </src>
        <src id="LOSAng">
            <dst id="ATLA-M5">1109.576</dst>
            <dst id="ATLAng">50119.4586666667</dst>
            <dst id="CHINng">146902.976</dst>
            <dst id="DNVRng">29626.0666666667</dst>
            <dst id="HSTNng">21093.632</dst>
            <dst id="IPLSng">53815.4826666667</dst>
            <dst id="KSCYng">11758.0506666667</dst>
            <dst id="LOSAng">14891.984</dst>
            <dst id="NYCMng">50134.816</dst>
            <dst id="SNVAng">18058.1226666667</dst>
            <dst id="STTLng">67821.8666666667</dst>
            <dst id="WASHng">113604.901333333</dst>
        </src>
        <src id="NYCMng">
            <dst id="ATLA-M5">2815.61333333333</dst>
            <dst id="ATLAng">51065.0506666667</dst>
            <dst id="CHINng">77947.208</dst>
            <dst id="DNVRng">29825.688</dst>
            <dst id="HSTNng">11336.12</dst>
            <dst id="IPLSng">78465.288</dst>
            <dst id="KSCYng">14023.0773333333</dst>
            <dst id="LOSAng">59359.2026666667</dst>
            <dst id="NYCMng">117829.56</dst>
            <dst id="SNVAng">3018.192</dst>
            <dst id="STTLng">19738.6346666667</dst>
            <dst id="WASHng">93497.712</dst>
        </src>
        <src id="SNVAng">
            <dst id="ATLA-M5">0</dst>
            <dst id="ATLAng">1625.92266666667</dst>
            <dst id="CHINng">1278.936</dst>
            <dst id="DNVRng">1214.45866666667</dst>
            <dst id="HSTNng">233.645333333333</dst>
            <dst id="IPLSng">7616.96</dst>
            <dst id="KSCYng">454.584</dst>
            <dst id="LOSAng">23318.1386666667</dst>
            <dst id="NYCMng">1005.13066666667</dst>
            <dst id="SNVAng">9582.52533333333</dst>
            <dst id="STTLng">23063.936</dst>
            <dst id="WASHng">461.261333333333</dst>
        </src>
        <src id="STTLng">
            <dst id="ATLA-M5">189.88</dst>
            <dst id="ATLAng">15910.4986666667</dst>
            <dst id="CHINng">33897.9146666667</dst>
            <dst id="DNVRng">5009.91466666667</dst>
            <dst id="HSTNng">8978.02666666667</dst>
            <dst id="IPLSng">22371.1946666667</dst>
            <dst id="KSCYng">4371.752</dst>
            <dst id="LOSAng">23244.7733333333</dst>
            <dst id="NYCMng">20871.5653333333</dst>
            <dst id="SNVAng">11189.7066666667</dst>
            <dst id="STTLng">8001.46133333333</dst>
            <dst id="WASHng">20148.7626666667</dst>
        </src>
        <src id="WASHng">
            <dst id="ATLA-M5">2226.152</dst>
            <dst id="ATLAng">96654.848</dst>
            <dst id="CHINng">145768.525333333</dst>
            <dst id="DNVRng">64172.9946666667</dst>
            <dst id="HSTNng">43847.9093333333</dst>
            <dst id="IPLSng">78670.3066666667</dst>
            <dst id="KSCYng">50621.0853333333</dst>
            <dst id="LOSAng">109803.208</dst>
            <dst id="NYCMng">166076.194666667</dst>
            <dst id="SNVAng">1787.89866666667</dst>
            <dst id="STTLng">67649.5466666667</dst>
            <dst id="WASHng">345237.68</dst>
        </src>
    </IntraTM>
</TrafficMatrixFile>
