<?xml version="1.0" encoding="ISO-8859-1" standalone="yes"?>
<TrafficMatrixFile xsi:noNamespaceSchemaLocation="http://totem.run.montefiore.ulg.ac.be/Schema/TrafficMatrix-v1_2.xsd" xmlns:xsi="http://www.w3.org/2001/XMLSchema-instance">
    <IntraTM ASID="11537">
        <src id="ATLA-M5">
            <dst id="ATLA-M5">0</dst>
            <dst id="ATLAng">123.485333333333</dst>
            <dst id="CHINng">83.3146666666667</dst>
            <dst id="DNVRng">53.3333333333333</dst>
            <dst id="HSTNng">95.04</dst>
            <dst id="IPLSng">53.3333333333333</dst>
            <dst id="KSCYng">0</dst>
            <dst id="LOSAng">89.8773333333333</dst>
            <dst id="NYCMng">601.221333333333</dst>
            <dst id="SNVAng">0</dst>
            <dst id="STTLng">0</dst>
            <dst id="WASHng">606.253333333333</dst>
        </src>
        <src id="ATLAng">
            <dst id="ATLA-M5">162.448</dst>
            <dst id="ATLAng">22995.76</dst>
            <dst id="CHINng">4347.24266666667</dst>
            <dst id="DNVRng">3935.96266666667</dst>
            <dst id="HSTNng">472.634666666667</dst>
            <dst id="IPLSng">13991.7546666667</dst>
            <dst id="KSCYng">650.642666666667</dst>
            <dst id="LOSAng">15046.9546666667</dst>
            <dst id="NYCMng">8803.70666666667</dst>
            <dst id="SNVAng">13.3333333333333</dst>
            <dst id="STTLng">4295.07466666667</dst>
            <dst id="WASHng">46471.3066666667</dst>
        </src>
        <src id="CHINng">
            <dst id="ATLA-M5">26.6666666666667</dst>
            <dst id="ATLAng">5276.896</dst>
            <dst id="CHINng">138946.416</dst>
            <dst id="DNVRng">11426.4106666667</dst>
            <dst id="HSTNng">3407.83733333333</dst>
            <dst id="IPLSng">28972.592</dst>
            <dst id="KSCYng">5260.25333333333</dst>
            <dst id="LOSAng">59926.488</dst>
            <dst id="NYCMng">6965.576</dst>
            <dst id="SNVAng">376.386666666667</dst>
            <dst id="STTLng">6212.97066666667</dst>
            <dst id="WASHng">11063.2373333333</dst>
        </src>
        <src id="DNVRng">
            <dst id="ATLA-M5">72.96</dst>
            <dst id="ATLAng">6189.752</dst>
            <dst id="CHINng">53214.6933333333</dst>
            <dst id="DNVRng">30293.9653333333</dst>
            <dst id="HSTNng">26929.2853333333</dst>
            <dst id="IPLSng">19870.528</dst>
            <dst id="KSCYng">25742.2533333333</dst>
            <dst id="LOSAng">12987.7813333333</dst>
            <dst id="NYCMng">13447.1013333333</dst>
            <dst id="SNVAng">15462.0933333333</dst>
            <dst id="STTLng">16327.552</dst>
            <dst id="WASHng">36186.704</dst>
        </src>
        <src id="HSTNng">
            <dst id="ATLA-M5">3203.78666666667</dst>
            <dst id="ATLAng">1901.00266666667</dst>
            <dst id="CHINng">13594.3013333333</dst>
            <dst id="DNVRng">7316.92</dst>
            <dst id="HSTNng">2632.86933333333</dst>
            <dst id="IPLSng">310.36</dst>
            <dst id="KSCYng">2152.41866666667</dst>
            <dst id="LOSAng">10837.192</dst>
            <dst id="NYCMng">1981.296</dst>
            <dst id="SNVAng">0</dst>
            <dst id="STTLng">2024.288</dst>
            <dst id="WASHng">1757.19733333333</dst>
        </src>
        <src id="IPLSng">
            <dst id="ATLA-M5">56.5253333333333</dst>
            <dst id="ATLAng">10482.9013333333</dst>
            <dst id="CHINng">77222.96</dst>
            <dst id="DNVRng">5722.63466666667</dst>
            <dst id="HSTNng">843.314666666667</dst>
            <dst id="IPLSng">26649.3653333333</dst>
            <dst id="KSCYng">2092.53866666667</dst>
            <dst id="LOSAng">45965.6693333333</dst>
            <dst id="NYCMng">9035.984</dst>
            <dst id="SNVAng">118.616</dst>
            <dst id="STTLng">11569.8106666667</dst>
            <dst id="WASHng">13227.704</dst>
        </src>
        <src id="KSCYng">
            <dst id="ATLA-M5">0</dst>
            <dst id="ATLAng">1625.97866666667</dst>
            <dst id="CHINng">25255.232</dst>
            <dst id="DNVRng">12652.6213333333</dst>
            <dst id="HSTNng">2572.17333333333</dst>
            <dst id="IPLSng">18479.4053333333</dst>
            <dst id="KSCYng">7953.008</dst>
            <dst id="LOSAng">8953.936</dst>
            <dst id="NYCMng">7110.25066666667</dst>
            <dst id="SNVAng">60.8533333333333</dst>
            <dst id="STTLng">3371.41066666667</dst>
            <dst id="WASHng">6132.98666666666</dst>
        </src>
        <src id="LOSAng">
            <dst id="ATLA-M5">26.6666666666667</dst>
            <dst id="ATLAng">8566.58933333333</dst>
            <dst id="CHINng">133022.565333333</dst>
            <dst id="DNVRng">10103.832</dst>
            <dst id="HSTNng">4356.73866666667</dst>
            <dst id="IPLSng">27891.8773333333</dst>
            <dst id="KSCYng">5541.92266666667</dst>
            <dst id="LOSAng">16262.2106666667</dst>
            <dst id="NYCMng">47182.0373333333</dst>
            <dst id="SNVAng">11804.416</dst>
            <dst id="STTLng">42345.3226666667</dst>
            <dst id="WASHng">89338.192</dst>
        </src>
        <src id="NYCMng">
            <dst id="ATLA-M5">752.392</dst>
            <dst id="ATLAng">26280.1386666667</dst>
            <dst id="CHINng">54912.992</dst>
            <dst id="DNVRng">118999.309333333</dst>
            <dst id="HSTNng">6935.00266666667</dst>
            <dst id="IPLSng">25771.416</dst>
            <dst id="KSCYng">11645.4986666667</dst>
            <dst id="LOSAng">82047.0266666667</dst>
            <dst id="NYCMng">82114.3146666667</dst>
            <dst id="SNVAng">1095.46666666667</dst>
            <dst id="STTLng">26913.2106666667</dst>
            <dst id="WASHng">57156.6906666667</dst>
        </src>
        <src id="SNVAng">
            <dst id="ATLA-M5">0</dst>
            <dst id="ATLAng">29.3333333333333</dst>
            <dst id="CHINng">281.856</dst>
            <dst id="DNVRng">787.336</dst>
            <dst id="HSTNng">26.6666666666667</dst>
            <dst id="IPLSng">302.24</dst>
            <dst id="KSCYng">26.6666666666667</dst>
            <dst id="LOSAng">30248.288</dst>
            <dst id="NYCMng">128.469333333333</dst>
            <dst id="SNVAng">10188.5546666667</dst>
            <dst id="STTLng">27189.6853333333</dst>
            <dst id="WASHng">26.6666666666667</dst>
        </src>
        <src id="STTLng">
            <dst id="ATLA-M5">0</dst>
            <dst id="ATLAng">7891.07733333333</dst>
            <dst id="CHINng">33307.36</dst>
            <dst id="DNVRng">2606.18666666667</dst>
            <dst id="HSTNng">640.36</dst>
            <dst id="IPLSng">6882.88266666667</dst>
            <dst id="KSCYng">6592.52533333333</dst>
            <dst id="LOSAng">22915.4053333333</dst>
            <dst id="NYCMng">10503.8133333333</dst>
            <dst id="SNVAng">3239.89866666667</dst>
            <dst id="STTLng">6099.16266666667</dst>
            <dst id="WASHng">4441.88</dst>
        </src>
        <src id="WASHng">
            <dst id="ATLA-M5">26.6666666666667</dst>
            <dst id="ATLAng">112662.498666667</dst>
            <dst id="CHINng">82874.1813333333</dst>
            <dst id="DNVRng">66943.56</dst>
            <dst id="HSTNng">21850.9413333333</dst>
            <dst id="IPLSng">44794.824</dst>
            <dst id="KSCYng">12523.688</dst>
            <dst id="LOSAng">104267.970666667</dst>
            <dst id="NYCMng">124579.970666667</dst>
            <dst id="SNVAng">5747.05333333333</dst>
            <dst id="STTLng">18144.1653333333</dst>
            <dst id="WASHng">331748.533333333</dst>
        </src>
    </IntraTM>
</TrafficMatrixFile>
