<?xml version="1.0" encoding="ISO-8859-1" standalone="yes"?>
<TrafficMatrixFile xsi:noNamespaceSchemaLocation="http://totem.run.montefiore.ulg.ac.be/Schema/TrafficMatrix-v1_2.xsd" xmlns:xsi="http://www.w3.org/2001/XMLSchema-instance">
    <IntraTM ASID="11537">
        <src id="ATLA-M5">
            <dst id="ATLA-M5">38.1013333333333</dst>
            <dst id="ATLAng">227.032</dst>
            <dst id="CHINng">53.3333333333333</dst>
            <dst id="DNVRng">654.682666666667</dst>
            <dst id="HSTNng">26.6666666666667</dst>
            <dst id="IPLSng">366.277333333333</dst>
            <dst id="KSCYng">1820.02933333333</dst>
            <dst id="LOSAng">789.856</dst>
            <dst id="NYCMng">53.3333333333333</dst>
            <dst id="SNVAng">26.6666666666667</dst>
            <dst id="STTLng">0</dst>
            <dst id="WASHng">1183.19733333333</dst>
        </src>
        <src id="ATLAng">
            <dst id="ATLA-M5">349.336</dst>
            <dst id="ATLAng">44641.472</dst>
            <dst id="CHINng">19679.664</dst>
            <dst id="DNVRng">4230.984</dst>
            <dst id="HSTNng">1008.20533333333</dst>
            <dst id="IPLSng">12881.912</dst>
            <dst id="KSCYng">1623.44</dst>
            <dst id="LOSAng">15686.2546666667</dst>
            <dst id="NYCMng">7948.29066666667</dst>
            <dst id="SNVAng">334.145333333333</dst>
            <dst id="STTLng">4762.05066666667</dst>
            <dst id="WASHng">34702.3146666667</dst>
        </src>
        <src id="CHINng">
            <dst id="ATLA-M5">53.3333333333333</dst>
            <dst id="ATLAng">34728.0453333333</dst>
            <dst id="CHINng">88172.176</dst>
            <dst id="DNVRng">14916.768</dst>
            <dst id="HSTNng">12782.2453333333</dst>
            <dst id="IPLSng">42616.688</dst>
            <dst id="KSCYng">6130.552</dst>
            <dst id="LOSAng">1970455.78666667</dst>
            <dst id="NYCMng">11360.224</dst>
            <dst id="SNVAng">1589.424</dst>
            <dst id="STTLng">14653.4186666667</dst>
            <dst id="WASHng">28056.6266666667</dst>
        </src>
        <src id="DNVRng">
            <dst id="ATLA-M5">426.957333333333</dst>
            <dst id="ATLAng">13045.8</dst>
            <dst id="CHINng">46866.7813333333</dst>
            <dst id="DNVRng">5031.248</dst>
            <dst id="HSTNng">20613.4773333333</dst>
            <dst id="IPLSng">23586.3333333333</dst>
            <dst id="KSCYng">11908.8533333333</dst>
            <dst id="LOSAng">9581.608</dst>
            <dst id="NYCMng">10529.6933333333</dst>
            <dst id="SNVAng">7692.97066666667</dst>
            <dst id="STTLng">6118.20533333333</dst>
            <dst id="WASHng">32032.9013333333</dst>
        </src>
        <src id="HSTNng">
            <dst id="ATLA-M5">234.901333333333</dst>
            <dst id="ATLAng">2955.06666666667</dst>
            <dst id="CHINng">8270.77333333333</dst>
            <dst id="DNVRng">10207.6373333333</dst>
            <dst id="HSTNng">17444.5626666667</dst>
            <dst id="IPLSng">5087.71733333333</dst>
            <dst id="KSCYng">1750.25866666667</dst>
            <dst id="LOSAng">17851.1386666667</dst>
            <dst id="NYCMng">2573.664</dst>
            <dst id="SNVAng">0</dst>
            <dst id="STTLng">3285.18133333333</dst>
            <dst id="WASHng">5984.79733333333</dst>
        </src>
        <src id="IPLSng">
            <dst id="ATLA-M5">160.976</dst>
            <dst id="ATLAng">13612.008</dst>
            <dst id="CHINng">55162.6293333333</dst>
            <dst id="DNVRng">8653.40266666667</dst>
            <dst id="HSTNng">2628.928</dst>
            <dst id="IPLSng">12150.8026666667</dst>
            <dst id="KSCYng">9740.22133333333</dst>
            <dst id="LOSAng">89535.3653333333</dst>
            <dst id="NYCMng">26559.9973333333</dst>
            <dst id="SNVAng">2868.368</dst>
            <dst id="STTLng">9956.576</dst>
            <dst id="WASHng">25610.304</dst>
        </src>
        <src id="KSCYng">
            <dst id="ATLA-M5">26.6666666666667</dst>
            <dst id="ATLAng">3151.35466666667</dst>
            <dst id="CHINng">22594.2</dst>
            <dst id="DNVRng">8885.28266666667</dst>
            <dst id="HSTNng">4370.96266666667</dst>
            <dst id="IPLSng">14478.632</dst>
            <dst id="KSCYng">4809.616</dst>
            <dst id="LOSAng">9221.45066666667</dst>
            <dst id="NYCMng">3835.29066666667</dst>
            <dst id="SNVAng">147.824</dst>
            <dst id="STTLng">2123.376</dst>
            <dst id="WASHng">9505.32533333333</dst>
        </src>
        <src id="LOSAng">
            <dst id="ATLA-M5">969.794666666667</dst>
            <dst id="ATLAng">25721.5066666667</dst>
            <dst id="CHINng">108212.181333333</dst>
            <dst id="DNVRng">17463.5893333333</dst>
            <dst id="HSTNng">11609.864</dst>
            <dst id="IPLSng">60526.2586666667</dst>
            <dst id="KSCYng">6581.75466666666</dst>
            <dst id="LOSAng">14876.248</dst>
            <dst id="NYCMng">86920.416</dst>
            <dst id="SNVAng">12696.7973333333</dst>
            <dst id="STTLng">48192.9653333333</dst>
            <dst id="WASHng">123504.744</dst>
        </src>
        <src id="NYCMng">
            <dst id="ATLA-M5">347.730666666667</dst>
            <dst id="ATLAng">47682.1653333333</dst>
            <dst id="CHINng">36963.384</dst>
            <dst id="DNVRng">127582.336</dst>
            <dst id="HSTNng">10091.2</dst>
            <dst id="IPLSng">49408.24</dst>
            <dst id="KSCYng">18277.0853333333</dst>
            <dst id="LOSAng">94805.744</dst>
            <dst id="NYCMng">69803.8906666667</dst>
            <dst id="SNVAng">4706.98933333333</dst>
            <dst id="STTLng">31383.4186666667</dst>
            <dst id="WASHng">61876.0906666667</dst>
        </src>
        <src id="SNVAng">
            <dst id="ATLA-M5">0</dst>
            <dst id="ATLAng">110.805333333333</dst>
            <dst id="CHINng">160</dst>
            <dst id="DNVRng">7345.78666666667</dst>
            <dst id="HSTNng">247.317333333333</dst>
            <dst id="IPLSng">1161.78666666667</dst>
            <dst id="KSCYng">21862.2373333333</dst>
            <dst id="LOSAng">51809.576</dst>
            <dst id="NYCMng">907.944</dst>
            <dst id="SNVAng">8023.95733333333</dst>
            <dst id="STTLng">38973.0026666667</dst>
            <dst id="WASHng">140.488</dst>
        </src>
        <src id="STTLng">
            <dst id="ATLA-M5">52.224</dst>
            <dst id="ATLAng">12733</dst>
            <dst id="CHINng">17665.0426666667</dst>
            <dst id="DNVRng">5469.68533333333</dst>
            <dst id="HSTNng">4000.36</dst>
            <dst id="IPLSng">8581.072</dst>
            <dst id="KSCYng">3877.93333333333</dst>
            <dst id="LOSAng">31539.104</dst>
            <dst id="NYCMng">11147.0453333333</dst>
            <dst id="SNVAng">3521.12</dst>
            <dst id="STTLng">2230.232</dst>
            <dst id="WASHng">8454.25866666666</dst>
        </src>
        <src id="WASHng">
            <dst id="ATLA-M5">875.373333333333</dst>
            <dst id="ATLAng">93707.8933333333</dst>
            <dst id="CHINng">63181.6693333334</dst>
            <dst id="DNVRng">36253.2213333333</dst>
            <dst id="HSTNng">24622.9413333333</dst>
            <dst id="IPLSng">46989.7066666667</dst>
            <dst id="KSCYng">25635.0346666667</dst>
            <dst id="LOSAng">110974.373333333</dst>
            <dst id="NYCMng">139783.757333333</dst>
            <dst id="SNVAng">7617.78933333333</dst>
            <dst id="STTLng">33415.2453333333</dst>
            <dst id="WASHng">250301.002666667</dst>
        </src>
    </IntraTM>
</TrafficMatrixFile>
