<?xml version="1.0" encoding="ISO-8859-1" standalone="yes"?>
<TrafficMatrixFile xsi:noNamespaceSchemaLocation="http://totem.run.montefiore.ulg.ac.be/Schema/TrafficMatrix-v1_2.xsd" xmlns:xsi="http://www.w3.org/2001/XMLSchema-instance">
    <IntraTM ASID="11537">
        <src id="ATLA-M5">
            <dst id="ATLA-M5">0</dst>
            <dst id="ATLAng">55.4346666666667</dst>
            <dst id="CHINng">122.525333333333</dst>
            <dst id="DNVRng">26.6666666666667</dst>
            <dst id="HSTNng">104.536</dst>
            <dst id="IPLSng">646.248</dst>
            <dst id="KSCYng">620.16</dst>
            <dst id="LOSAng">152.298666666667</dst>
            <dst id="NYCMng">40.2133333333333</dst>
            <dst id="SNVAng">0</dst>
            <dst id="STTLng">0</dst>
            <dst id="WASHng">2116.14666666667</dst>
        </src>
        <src id="ATLAng">
            <dst id="ATLA-M5">1654.12533333333</dst>
            <dst id="ATLAng">37243.5413333333</dst>
            <dst id="CHINng">9134.61333333333</dst>
            <dst id="DNVRng">8873.07466666666</dst>
            <dst id="HSTNng">724.597333333333</dst>
            <dst id="IPLSng">15172.064</dst>
            <dst id="KSCYng">499.92</dst>
            <dst id="LOSAng">23122.6853333333</dst>
            <dst id="NYCMng">5296.088</dst>
            <dst id="SNVAng">59.824</dst>
            <dst id="STTLng">3045.848</dst>
            <dst id="WASHng">47911.904</dst>
        </src>
        <src id="CHINng">
            <dst id="ATLA-M5">74.224</dst>
            <dst id="ATLAng">35105.6666666667</dst>
            <dst id="CHINng">99322.04</dst>
            <dst id="DNVRng">20845.816</dst>
            <dst id="HSTNng">4900.23466666667</dst>
            <dst id="IPLSng">17691.936</dst>
            <dst id="KSCYng">12022.1706666667</dst>
            <dst id="LOSAng">51532.5226666667</dst>
            <dst id="NYCMng">4313.97333333333</dst>
            <dst id="SNVAng">101.928</dst>
            <dst id="STTLng">7093.38933333333</dst>
            <dst id="WASHng">18857.136</dst>
        </src>
        <src id="DNVRng">
            <dst id="ATLA-M5">166.88</dst>
            <dst id="ATLAng">4654.25066666667</dst>
            <dst id="CHINng">51802.184</dst>
            <dst id="DNVRng">9317.70133333333</dst>
            <dst id="HSTNng">17980.552</dst>
            <dst id="IPLSng">21583.6693333333</dst>
            <dst id="KSCYng">21078.48</dst>
            <dst id="LOSAng">10003.72</dst>
            <dst id="NYCMng">6488.21333333333</dst>
            <dst id="SNVAng">10086.8266666667</dst>
            <dst id="STTLng">10289.3253333333</dst>
            <dst id="WASHng">38701.9653333333</dst>
        </src>
        <src id="HSTNng">
            <dst id="ATLA-M5">3099.90133333333</dst>
            <dst id="ATLAng">9266.69066666667</dst>
            <dst id="CHINng">13654.2773333333</dst>
            <dst id="DNVRng">735.52</dst>
            <dst id="HSTNng">2107.55466666667</dst>
            <dst id="IPLSng">1698.06933333333</dst>
            <dst id="KSCYng">1954.83466666667</dst>
            <dst id="LOSAng">7793.18666666667</dst>
            <dst id="NYCMng">2890.41066666667</dst>
            <dst id="SNVAng">0</dst>
            <dst id="STTLng">1008.02133333333</dst>
            <dst id="WASHng">1865.76533333333</dst>
        </src>
        <src id="IPLSng">
            <dst id="ATLA-M5">26.6666666666667</dst>
            <dst id="ATLAng">12325.8346666667</dst>
            <dst id="CHINng">71638.5146666667</dst>
            <dst id="DNVRng">1989.54133333333</dst>
            <dst id="HSTNng">1843.86933333333</dst>
            <dst id="IPLSng">19809.3573333333</dst>
            <dst id="KSCYng">6820.67466666667</dst>
            <dst id="LOSAng">44662.7733333333</dst>
            <dst id="NYCMng">16667.776</dst>
            <dst id="SNVAng">4053.90933333333</dst>
            <dst id="STTLng">12572.9146666667</dst>
            <dst id="WASHng">15089.184</dst>
        </src>
        <src id="KSCYng">
            <dst id="ATLA-M5">0</dst>
            <dst id="ATLAng">1408.15733333333</dst>
            <dst id="CHINng">18705.6026666667</dst>
            <dst id="DNVRng">26890.2293333333</dst>
            <dst id="HSTNng">2651.56533333333</dst>
            <dst id="IPLSng">6558.85333333333</dst>
            <dst id="KSCYng">5292.30933333333</dst>
            <dst id="LOSAng">4712.63733333333</dst>
            <dst id="NYCMng">3111.33066666667</dst>
            <dst id="SNVAng">977.493333333333</dst>
            <dst id="STTLng">1483.82933333333</dst>
            <dst id="WASHng">3956.79466666667</dst>
        </src>
        <src id="LOSAng">
            <dst id="ATLA-M5">704.082666666667</dst>
            <dst id="ATLAng">45618.8293333333</dst>
            <dst id="CHINng">118762.616</dst>
            <dst id="DNVRng">6390.30666666667</dst>
            <dst id="HSTNng">7059.944</dst>
            <dst id="IPLSng">14649.6426666667</dst>
            <dst id="KSCYng">2386.86933333333</dst>
            <dst id="LOSAng">21499.2826666667</dst>
            <dst id="NYCMng">56204.9946666667</dst>
            <dst id="SNVAng">5051.272</dst>
            <dst id="STTLng">40341.5013333333</dst>
            <dst id="WASHng">117244.184</dst>
        </src>
        <src id="NYCMng">
            <dst id="ATLA-M5">179.365333333333</dst>
            <dst id="ATLAng">29889.0986666667</dst>
            <dst id="CHINng">38623.9066666667</dst>
            <dst id="DNVRng">24424.2453333333</dst>
            <dst id="HSTNng">7564.46933333333</dst>
            <dst id="IPLSng">19662.0773333333</dst>
            <dst id="KSCYng">4847.43733333333</dst>
            <dst id="LOSAng">69306.8186666667</dst>
            <dst id="NYCMng">114739.826666667</dst>
            <dst id="SNVAng">2470.832</dst>
            <dst id="STTLng">21420.144</dst>
            <dst id="WASHng">51846.0986666667</dst>
        </src>
        <src id="SNVAng">
            <dst id="ATLA-M5">0</dst>
            <dst id="ATLAng">26.6666666666667</dst>
            <dst id="CHINng">190.293333333333</dst>
            <dst id="DNVRng">4441.32266666667</dst>
            <dst id="HSTNng">106.464</dst>
            <dst id="IPLSng">1074.66133333333</dst>
            <dst id="KSCYng">87.1306666666667</dst>
            <dst id="LOSAng">31992.4506666667</dst>
            <dst id="NYCMng">318.698666666667</dst>
            <dst id="SNVAng">12305.096</dst>
            <dst id="STTLng">33798.1013333333</dst>
            <dst id="WASHng">0</dst>
        </src>
        <src id="STTLng">
            <dst id="ATLA-M5">53.3333333333333</dst>
            <dst id="ATLAng">7939.83466666667</dst>
            <dst id="CHINng">32303.3146666667</dst>
            <dst id="DNVRng">4720.61066666667</dst>
            <dst id="HSTNng">831.024</dst>
            <dst id="IPLSng">2689.54133333333</dst>
            <dst id="KSCYng">1299.648</dst>
            <dst id="LOSAng">26036.9226666667</dst>
            <dst id="NYCMng">9465.36533333333</dst>
            <dst id="SNVAng">2613.736</dst>
            <dst id="STTLng">2287.95733333333</dst>
            <dst id="WASHng">4393.34933333333</dst>
        </src>
        <src id="WASHng">
            <dst id="ATLA-M5">53.3333333333333</dst>
            <dst id="ATLAng">117302.68</dst>
            <dst id="CHINng">65148.7573333333</dst>
            <dst id="DNVRng">71229.4693333333</dst>
            <dst id="HSTNng">12021.8026666667</dst>
            <dst id="IPLSng">30502.616</dst>
            <dst id="KSCYng">6730.752</dst>
            <dst id="LOSAng">105492.784</dst>
            <dst id="NYCMng">140387.773333333</dst>
            <dst id="SNVAng">374.162666666667</dst>
            <dst id="STTLng">26811.0133333333</dst>
            <dst id="WASHng">261698.138666667</dst>
        </src>
    </IntraTM>
</TrafficMatrixFile>
