<?xml version="1.0" encoding="ISO-8859-1" standalone="yes"?>
<TrafficMatrixFile xsi:noNamespaceSchemaLocation="http://totem.run.montefiore.ulg.ac.be/Schema/TrafficMatrix-v1_2.xsd" xmlns:xsi="http://www.w3.org/2001/XMLSchema-instance">
    <IntraTM ASID="11537">
        <src id="ATLA-M5">
            <dst id="ATLA-M5">0</dst>
            <dst id="ATLAng">736.141333333333</dst>
            <dst id="CHINng">139.834666666667</dst>
            <dst id="DNVRng">26.6666666666667</dst>
            <dst id="HSTNng">44.5253333333333</dst>
            <dst id="IPLSng">766.018666666667</dst>
            <dst id="KSCYng">455.808</dst>
            <dst id="LOSAng">13.3333333333333</dst>
            <dst id="NYCMng">0</dst>
            <dst id="SNVAng">13.3333333333333</dst>
            <dst id="STTLng">0</dst>
            <dst id="WASHng">233.029333333333</dst>
        </src>
        <src id="ATLAng">
            <dst id="ATLA-M5">302.250666666667</dst>
            <dst id="ATLAng">53261.4826666667</dst>
            <dst id="CHINng">5687.13066666667</dst>
            <dst id="DNVRng">16933.2533333333</dst>
            <dst id="HSTNng">10090.4</dst>
            <dst id="IPLSng">25840.1386666667</dst>
            <dst id="KSCYng">563.770666666667</dst>
            <dst id="LOSAng">20472.9506666667</dst>
            <dst id="NYCMng">10653.816</dst>
            <dst id="SNVAng">396.46</dst>
            <dst id="STTLng">5781.41866666667</dst>
            <dst id="WASHng">49030.3573333333</dst>
        </src>
        <src id="CHINng">
            <dst id="ATLA-M5">107.088</dst>
            <dst id="ATLAng">34587.928</dst>
            <dst id="CHINng">68698.9626666667</dst>
            <dst id="DNVRng">13005.2373333333</dst>
            <dst id="HSTNng">6152.608</dst>
            <dst id="IPLSng">35562.04</dst>
            <dst id="KSCYng">4719.63733333333</dst>
            <dst id="LOSAng">45166.568</dst>
            <dst id="NYCMng">11585.7093333333</dst>
            <dst id="SNVAng">1225.92266666667</dst>
            <dst id="STTLng">5734.80266666667</dst>
            <dst id="WASHng">31160.024</dst>
        </src>
        <src id="DNVRng">
            <dst id="ATLA-M5">53.3333333333333</dst>
            <dst id="ATLAng">23266.9226666667</dst>
            <dst id="CHINng">42177.1813333333</dst>
            <dst id="DNVRng">23380.592</dst>
            <dst id="HSTNng">16770.632</dst>
            <dst id="IPLSng">23412.832</dst>
            <dst id="KSCYng">8262.01333333333</dst>
            <dst id="LOSAng">14170.2026666667</dst>
            <dst id="NYCMng">14436.184</dst>
            <dst id="SNVAng">5092.45333333333</dst>
            <dst id="STTLng">6229.392</dst>
            <dst id="WASHng">28185.4826666667</dst>
        </src>
        <src id="HSTNng">
            <dst id="ATLA-M5">496.322666666667</dst>
            <dst id="ATLAng">37063.1493333333</dst>
            <dst id="CHINng">9709.384</dst>
            <dst id="DNVRng">1664.736</dst>
            <dst id="HSTNng">6459.752</dst>
            <dst id="IPLSng">5413.71733333333</dst>
            <dst id="KSCYng">2187.22133333333</dst>
            <dst id="LOSAng">7943.86666666667</dst>
            <dst id="NYCMng">1668.80266666667</dst>
            <dst id="SNVAng">0</dst>
            <dst id="STTLng">1686.05866666667</dst>
            <dst id="WASHng">4592.10666666667</dst>
        </src>
        <src id="IPLSng">
            <dst id="ATLA-M5">288.664</dst>
            <dst id="ATLAng">29187.32</dst>
            <dst id="CHINng">72408.5013333333</dst>
            <dst id="DNVRng">3976.984</dst>
            <dst id="HSTNng">3216.712</dst>
            <dst id="IPLSng">20668.4506666667</dst>
            <dst id="KSCYng">2320.89066666667</dst>
            <dst id="LOSAng">68755.488</dst>
            <dst id="NYCMng">25058.824</dst>
            <dst id="SNVAng">458.088</dst>
            <dst id="STTLng">6757.82666666667</dst>
            <dst id="WASHng">22067.52</dst>
        </src>
        <src id="KSCYng">
            <dst id="ATLA-M5">780.096</dst>
            <dst id="ATLAng">2731.47733333333</dst>
            <dst id="CHINng">15611.8266666667</dst>
            <dst id="DNVRng">16654.8266666667</dst>
            <dst id="HSTNng">3632.50133333333</dst>
            <dst id="IPLSng">12197.2</dst>
            <dst id="KSCYng">2194.664</dst>
            <dst id="LOSAng">6916.93333333333</dst>
            <dst id="NYCMng">3769.72533333333</dst>
            <dst id="SNVAng">153.413333333333</dst>
            <dst id="STTLng">808.168</dst>
            <dst id="WASHng">13936.1146666667</dst>
        </src>
        <src id="LOSAng">
            <dst id="ATLA-M5">691.093333333333</dst>
            <dst id="ATLAng">51636.2746666667</dst>
            <dst id="CHINng">91913.304</dst>
            <dst id="DNVRng">33324.3493333333</dst>
            <dst id="HSTNng">4245.264</dst>
            <dst id="IPLSng">29938.232</dst>
            <dst id="KSCYng">2937.58933333333</dst>
            <dst id="LOSAng">18418.4746666667</dst>
            <dst id="NYCMng">61395.896</dst>
            <dst id="SNVAng">11049.856</dst>
            <dst id="STTLng">31893.5733333333</dst>
            <dst id="WASHng">102236.28</dst>
        </src>
        <src id="NYCMng">
            <dst id="ATLA-M5">243.605333333333</dst>
            <dst id="ATLAng">42255.6693333333</dst>
            <dst id="CHINng">34981.888</dst>
            <dst id="DNVRng">25797.7226666667</dst>
            <dst id="HSTNng">4338.216</dst>
            <dst id="IPLSng">27245.416</dst>
            <dst id="KSCYng">7706.28266666667</dst>
            <dst id="LOSAng">79062.9546666667</dst>
            <dst id="NYCMng">69322.896</dst>
            <dst id="SNVAng">4309.232</dst>
            <dst id="STTLng">25700.2693333333</dst>
            <dst id="WASHng">73769.1093333334</dst>
        </src>
        <src id="SNVAng">
            <dst id="ATLA-M5">0</dst>
            <dst id="ATLAng">2891.42666666667</dst>
            <dst id="CHINng">276.162666666667</dst>
            <dst id="DNVRng">14903.2666666667</dst>
            <dst id="HSTNng">29.12</dst>
            <dst id="IPLSng">1270.248</dst>
            <dst id="KSCYng">127.821333333333</dst>
            <dst id="LOSAng">22288.8053333333</dst>
            <dst id="NYCMng">559.744</dst>
            <dst id="SNVAng">8729.152</dst>
            <dst id="STTLng">28418.4826666667</dst>
            <dst id="WASHng">130.426666666667</dst>
        </src>
        <src id="STTLng">
            <dst id="ATLA-M5">109.133333333333</dst>
            <dst id="ATLAng">12932.5946666667</dst>
            <dst id="CHINng">16542.12</dst>
            <dst id="DNVRng">2164.16533333333</dst>
            <dst id="HSTNng">3189.69866666667</dst>
            <dst id="IPLSng">9967.616</dst>
            <dst id="KSCYng">2520.85866666667</dst>
            <dst id="LOSAng">27607.1493333333</dst>
            <dst id="NYCMng">7787.02933333333</dst>
            <dst id="SNVAng">9375.02933333333</dst>
            <dst id="STTLng">2286.74133333333</dst>
            <dst id="WASHng">10084.216</dst>
        </src>
        <src id="WASHng">
            <dst id="ATLA-M5">56.072</dst>
            <dst id="ATLAng">117839.765333333</dst>
            <dst id="CHINng">64102.1706666667</dst>
            <dst id="DNVRng">33326.2853333333</dst>
            <dst id="HSTNng">8698.41066666666</dst>
            <dst id="IPLSng">36174.328</dst>
            <dst id="KSCYng">15411.3546666667</dst>
            <dst id="LOSAng">110641.2</dst>
            <dst id="NYCMng">129712.466666667</dst>
            <dst id="SNVAng">1809.152</dst>
            <dst id="STTLng">43711.1093333333</dst>
            <dst id="WASHng">134324.181333333</dst>
        </src>
    </IntraTM>
</TrafficMatrixFile>
