<?xml version="1.0" encoding="ISO-8859-1" standalone="yes"?>
<TrafficMatrixFile xsi:noNamespaceSchemaLocation="http://totem.run.montefiore.ulg.ac.be/Schema/TrafficMatrix-v1_2.xsd" xmlns:xsi="http://www.w3.org/2001/XMLSchema-instance">
    <IntraTM ASID="11537">
        <src id="ATLA-M5">
            <dst id="ATLA-M5">143.28</dst>
            <dst id="ATLAng">1050.97333333333</dst>
            <dst id="CHINng">152.642666666667</dst>
            <dst id="DNVRng">211.330666666667</dst>
            <dst id="HSTNng">228.045333333333</dst>
            <dst id="IPLSng">189.704</dst>
            <dst id="KSCYng">38.432</dst>
            <dst id="LOSAng">204.410666666667</dst>
            <dst id="NYCMng">1486.44266666667</dst>
            <dst id="SNVAng">0</dst>
            <dst id="STTLng">68.32</dst>
            <dst id="WASHng">1757.04266666667</dst>
        </src>
        <src id="ATLAng">
            <dst id="ATLA-M5">288.277333333333</dst>
            <dst id="ATLAng">28250.888</dst>
            <dst id="CHINng">22072.3946666667</dst>
            <dst id="DNVRng">6340.024</dst>
            <dst id="HSTNng">4085.31733333333</dst>
            <dst id="IPLSng">14032.328</dst>
            <dst id="KSCYng">32225.3146666667</dst>
            <dst id="LOSAng">11609.628</dst>
            <dst id="NYCMng">7443.66933333334</dst>
            <dst id="SNVAng">834.988</dst>
            <dst id="STTLng">5462.59466666667</dst>
            <dst id="WASHng">63488.9973333333</dst>
        </src>
        <src id="CHINng">
            <dst id="ATLA-M5">3213.92</dst>
            <dst id="ATLAng">21885.152</dst>
            <dst id="CHINng">136087.130666667</dst>
            <dst id="DNVRng">17169.3066666667</dst>
            <dst id="HSTNng">10388.688</dst>
            <dst id="IPLSng">51498.88</dst>
            <dst id="KSCYng">12445.9173333333</dst>
            <dst id="LOSAng">44343.36</dst>
            <dst id="NYCMng">8295.34133333333</dst>
            <dst id="SNVAng">735.058666666667</dst>
            <dst id="STTLng">7912.33066666666</dst>
            <dst id="WASHng">64213.632</dst>
        </src>
        <src id="DNVRng">
            <dst id="ATLA-M5">107.242666666667</dst>
            <dst id="ATLAng">10383.7706666667</dst>
            <dst id="CHINng">116298.032</dst>
            <dst id="DNVRng">27239.1253333333</dst>
            <dst id="HSTNng">39636.0053333333</dst>
            <dst id="IPLSng">16653.8266666667</dst>
            <dst id="KSCYng">34145.392</dst>
            <dst id="LOSAng">13076.2453333333</dst>
            <dst id="NYCMng">16367.744</dst>
            <dst id="SNVAng">14501.384</dst>
            <dst id="STTLng">20489.1786666667</dst>
            <dst id="WASHng">29829.3973333333</dst>
        </src>
        <src id="HSTNng">
            <dst id="ATLA-M5">3741.888</dst>
            <dst id="ATLAng">5687.90933333333</dst>
            <dst id="CHINng">22132.792</dst>
            <dst id="DNVRng">2287.32533333333</dst>
            <dst id="HSTNng">6215.11466666667</dst>
            <dst id="IPLSng">4516.26666666667</dst>
            <dst id="KSCYng">3610.49333333333</dst>
            <dst id="LOSAng">16860.176</dst>
            <dst id="NYCMng">4164.24266666667</dst>
            <dst id="SNVAng">111.848</dst>
            <dst id="STTLng">1506.32</dst>
            <dst id="WASHng">9671.46933333333</dst>
        </src>
        <src id="IPLSng">
            <dst id="ATLA-M5">273.312</dst>
            <dst id="ATLAng">22897.3253333333</dst>
            <dst id="CHINng">95948.456</dst>
            <dst id="DNVRng">22519.136</dst>
            <dst id="HSTNng">13273.888</dst>
            <dst id="IPLSng">31376.1146666667</dst>
            <dst id="KSCYng">8247.4</dst>
            <dst id="LOSAng">34291.6986666667</dst>
            <dst id="NYCMng">21631.424</dst>
            <dst id="SNVAng">1198.57866666667</dst>
            <dst id="STTLng">10749.128</dst>
            <dst id="WASHng">20915.9893333333</dst>
        </src>
        <src id="KSCYng">
            <dst id="ATLA-M5">373.546666666667</dst>
            <dst id="ATLAng">4479.22933333333</dst>
            <dst id="CHINng">31466.9866666667</dst>
            <dst id="DNVRng">17396.2</dst>
            <dst id="HSTNng">5447.61066666667</dst>
            <dst id="IPLSng">13189.9626666667</dst>
            <dst id="KSCYng">10824.3546666667</dst>
            <dst id="LOSAng">7112.37066666667</dst>
            <dst id="NYCMng">3734.72266666667</dst>
            <dst id="SNVAng">286.744</dst>
            <dst id="STTLng">1627.8</dst>
            <dst id="WASHng">15896.3653333333</dst>
        </src>
        <src id="LOSAng">
            <dst id="ATLA-M5">456.64</dst>
            <dst id="ATLAng">31405.512</dst>
            <dst id="CHINng">145817.312</dst>
            <dst id="DNVRng">25972.568</dst>
            <dst id="HSTNng">20844.7786666667</dst>
            <dst id="IPLSng">65991.5173333333</dst>
            <dst id="KSCYng">8769.976</dst>
            <dst id="LOSAng">13284.032</dst>
            <dst id="NYCMng">63959.3253333333</dst>
            <dst id="SNVAng">22549.9546666667</dst>
            <dst id="STTLng">75329.752</dst>
            <dst id="WASHng">108250.914666667</dst>
        </src>
        <src id="NYCMng">
            <dst id="ATLA-M5">1540.616</dst>
            <dst id="ATLAng">58937.8506666667</dst>
            <dst id="CHINng">74562.1493333333</dst>
            <dst id="DNVRng">21122.4773333333</dst>
            <dst id="HSTNng">10719.3546666667</dst>
            <dst id="IPLSng">56006.0933333333</dst>
            <dst id="KSCYng">11684.5973333333</dst>
            <dst id="LOSAng">60856.8933333333</dst>
            <dst id="NYCMng">132453.482666667</dst>
            <dst id="SNVAng">3440.93066666667</dst>
            <dst id="STTLng">23626.728</dst>
            <dst id="WASHng">95643.8933333333</dst>
        </src>
        <src id="SNVAng">
            <dst id="ATLA-M5">0</dst>
            <dst id="ATLAng">2009.656</dst>
            <dst id="CHINng">2253.82666666667</dst>
            <dst id="DNVRng">3299.32</dst>
            <dst id="HSTNng">155.370666666667</dst>
            <dst id="IPLSng">646.48</dst>
            <dst id="KSCYng">91.9546666666667</dst>
            <dst id="LOSAng">17195.464</dst>
            <dst id="NYCMng">1417.27733333333</dst>
            <dst id="SNVAng">7004.60266666667</dst>
            <dst id="STTLng">19117.9546666667</dst>
            <dst id="WASHng">224.501333333333</dst>
        </src>
        <src id="STTLng">
            <dst id="ATLA-M5">339.901333333333</dst>
            <dst id="ATLAng">17150.912</dst>
            <dst id="CHINng">36692.5173333333</dst>
            <dst id="DNVRng">9302.76533333333</dst>
            <dst id="HSTNng">7608.2</dst>
            <dst id="IPLSng">16529.2506666667</dst>
            <dst id="KSCYng">6505.25866666667</dst>
            <dst id="LOSAng">23283.7226666667</dst>
            <dst id="NYCMng">21718.312</dst>
            <dst id="SNVAng">3605.456</dst>
            <dst id="STTLng">8262.04</dst>
            <dst id="WASHng">18241.04</dst>
        </src>
        <src id="WASHng">
            <dst id="ATLA-M5">1848.31466666667</dst>
            <dst id="ATLAng">82077.5866666667</dst>
            <dst id="CHINng">137861.797333333</dst>
            <dst id="DNVRng">69239.88</dst>
            <dst id="HSTNng">23671.9173333333</dst>
            <dst id="IPLSng">63500.1706666667</dst>
            <dst id="KSCYng">49840.448</dst>
            <dst id="LOSAng">115185.245333333</dst>
            <dst id="NYCMng">162213.437333333</dst>
            <dst id="SNVAng">2130.35466666667</dst>
            <dst id="STTLng">67725.0826666667</dst>
            <dst id="WASHng">354661.44</dst>
        </src>
    </IntraTM>
</TrafficMatrixFile>
