<?xml version="1.0" encoding="ISO-8859-1" standalone="yes"?>
<TrafficMatrixFile xsi:noNamespaceSchemaLocation="http://totem.run.montefiore.ulg.ac.be/Schema/TrafficMatrix-v1_2.xsd" xmlns:xsi="http://www.w3.org/2001/XMLSchema-instance">
    <IntraTM ASID="11537">
        <src id="ATLA-M5">
            <dst id="ATLA-M5">300.877333333333</dst>
            <dst id="ATLAng">897.186666666667</dst>
            <dst id="CHINng">119.658666666667</dst>
            <dst id="DNVRng">0</dst>
            <dst id="HSTNng">86.552</dst>
            <dst id="IPLSng">239.381333333333</dst>
            <dst id="KSCYng">53.3333333333333</dst>
            <dst id="LOSAng">178.314666666667</dst>
            <dst id="NYCMng">243.242666666667</dst>
            <dst id="SNVAng">0</dst>
            <dst id="STTLng">0</dst>
            <dst id="WASHng">515.816</dst>
        </src>
        <src id="ATLAng">
            <dst id="ATLA-M5">334.448</dst>
            <dst id="ATLAng">41245.272</dst>
            <dst id="CHINng">7616.36</dst>
            <dst id="DNVRng">3956.91733333333</dst>
            <dst id="HSTNng">2002.69866666667</dst>
            <dst id="IPLSng">9762.49866666666</dst>
            <dst id="KSCYng">6583.96</dst>
            <dst id="LOSAng">10520.2053333333</dst>
            <dst id="NYCMng">12650.1493333333</dst>
            <dst id="SNVAng">603.933333333333</dst>
            <dst id="STTLng">3655.14933333333</dst>
            <dst id="WASHng">76530.304</dst>
        </src>
        <src id="CHINng">
            <dst id="ATLA-M5">613.397333333333</dst>
            <dst id="ATLAng">26091.12</dst>
            <dst id="CHINng">119642.629333333</dst>
            <dst id="DNVRng">45294.3653333333</dst>
            <dst id="HSTNng">5616.77866666667</dst>
            <dst id="IPLSng">27488.5813333333</dst>
            <dst id="KSCYng">3356.184</dst>
            <dst id="LOSAng">38060.0986666667</dst>
            <dst id="NYCMng">10168.3013333333</dst>
            <dst id="SNVAng">327.922666666667</dst>
            <dst id="STTLng">4947.66133333333</dst>
            <dst id="WASHng">32041.7306666667</dst>
        </src>
        <src id="DNVRng">
            <dst id="ATLA-M5">204.96</dst>
            <dst id="ATLAng">5585.176</dst>
            <dst id="CHINng">116443.008</dst>
            <dst id="DNVRng">6034.53066666667</dst>
            <dst id="HSTNng">14830.1866666667</dst>
            <dst id="IPLSng">19798.16</dst>
            <dst id="KSCYng">37281.104</dst>
            <dst id="LOSAng">7720.448</dst>
            <dst id="NYCMng">9778.52</dst>
            <dst id="SNVAng">8114.448</dst>
            <dst id="STTLng">10582.464</dst>
            <dst id="WASHng">30275.36</dst>
        </src>
        <src id="HSTNng">
            <dst id="ATLA-M5">4200.37333333333</dst>
            <dst id="ATLAng">3932.40533333333</dst>
            <dst id="CHINng">20633.2053333333</dst>
            <dst id="DNVRng">1082.90933333333</dst>
            <dst id="HSTNng">3999.37866666667</dst>
            <dst id="IPLSng">3295.65866666667</dst>
            <dst id="KSCYng">3524.42933333333</dst>
            <dst id="LOSAng">5105.17066666667</dst>
            <dst id="NYCMng">10483.992</dst>
            <dst id="SNVAng">230.317333333333</dst>
            <dst id="STTLng">1904.11466666667</dst>
            <dst id="WASHng">4230.42666666667</dst>
        </src>
        <src id="IPLSng">
            <dst id="ATLA-M5">589.490666666667</dst>
            <dst id="ATLAng">21750.7413333333</dst>
            <dst id="CHINng">94728.6</dst>
            <dst id="DNVRng">2296.71466666667</dst>
            <dst id="HSTNng">3638.37333333333</dst>
            <dst id="IPLSng">9448.93866666667</dst>
            <dst id="KSCYng">4673.82933333333</dst>
            <dst id="LOSAng">32507.3253333333</dst>
            <dst id="NYCMng">33610.8266666667</dst>
            <dst id="SNVAng">2898.456</dst>
            <dst id="STTLng">8829.36</dst>
            <dst id="WASHng">25560.8853333333</dst>
        </src>
        <src id="KSCYng">
            <dst id="ATLA-M5">102.162666666667</dst>
            <dst id="ATLAng">3033.16533333333</dst>
            <dst id="CHINng">20870.7733333333</dst>
            <dst id="DNVRng">7513.792</dst>
            <dst id="HSTNng">4672.26933333333</dst>
            <dst id="IPLSng">12978.368</dst>
            <dst id="KSCYng">4457.93333333333</dst>
            <dst id="LOSAng">4981.54133333333</dst>
            <dst id="NYCMng">3326.58666666667</dst>
            <dst id="SNVAng">80.56</dst>
            <dst id="STTLng">2255.78133333333</dst>
            <dst id="WASHng">6829.14666666667</dst>
        </src>
        <src id="LOSAng">
            <dst id="ATLA-M5">688.882666666667</dst>
            <dst id="ATLAng">33156.552</dst>
            <dst id="CHINng">157957.917333333</dst>
            <dst id="DNVRng">5546.22933333333</dst>
            <dst id="HSTNng">6213.94666666667</dst>
            <dst id="IPLSng">30668.536</dst>
            <dst id="KSCYng">4187.20266666667</dst>
            <dst id="LOSAng">13681.472</dst>
            <dst id="NYCMng">67117.9813333333</dst>
            <dst id="SNVAng">13979.992</dst>
            <dst id="STTLng">37489.408</dst>
            <dst id="WASHng">143791.781333333</dst>
        </src>
        <src id="NYCMng">
            <dst id="ATLA-M5">206.496</dst>
            <dst id="ATLAng">46805.6346666667</dst>
            <dst id="CHINng">65001.3253333333</dst>
            <dst id="DNVRng">104007.170666667</dst>
            <dst id="HSTNng">9693.92266666667</dst>
            <dst id="IPLSng">42628.064</dst>
            <dst id="KSCYng">12928.2906666667</dst>
            <dst id="LOSAng">50406.8053333333</dst>
            <dst id="NYCMng">123744.392</dst>
            <dst id="SNVAng">1188.20533333333</dst>
            <dst id="STTLng">22378.3946666667</dst>
            <dst id="WASHng">66370.2053333333</dst>
        </src>
        <src id="SNVAng">
            <dst id="ATLA-M5">77.9466666666667</dst>
            <dst id="ATLAng">288.672</dst>
            <dst id="CHINng">5164.50133333333</dst>
            <dst id="DNVRng">7533.42133333333</dst>
            <dst id="HSTNng">186.4</dst>
            <dst id="IPLSng">5233.336</dst>
            <dst id="KSCYng">168.696</dst>
            <dst id="LOSAng">26260.2266666667</dst>
            <dst id="NYCMng">1604.416</dst>
            <dst id="SNVAng">8906.57866666667</dst>
            <dst id="STTLng">20082.8</dst>
            <dst id="WASHng">218.850666666667</dst>
        </src>
        <src id="STTLng">
            <dst id="ATLA-M5">53.3333333333333</dst>
            <dst id="ATLAng">11905.4106666667</dst>
            <dst id="CHINng">29650.1333333333</dst>
            <dst id="DNVRng">875.52</dst>
            <dst id="HSTNng">3815.75466666667</dst>
            <dst id="IPLSng">8602.94666666667</dst>
            <dst id="KSCYng">1505.06666666667</dst>
            <dst id="LOSAng">21401.1013333333</dst>
            <dst id="NYCMng">12663.016</dst>
            <dst id="SNVAng">2699.35466666667</dst>
            <dst id="STTLng">1785.60533333333</dst>
            <dst id="WASHng">12282.528</dst>
        </src>
        <src id="WASHng">
            <dst id="ATLA-M5">8682.74666666667</dst>
            <dst id="ATLAng">124095.338666667</dst>
            <dst id="CHINng">81737.9093333333</dst>
            <dst id="DNVRng">58623.104</dst>
            <dst id="HSTNng">13475.832</dst>
            <dst id="IPLSng">63413.136</dst>
            <dst id="KSCYng">17583.8906666667</dst>
            <dst id="LOSAng">98020.2106666667</dst>
            <dst id="NYCMng">173856.616</dst>
            <dst id="SNVAng">860.933333333333</dst>
            <dst id="STTLng">23990.9946666667</dst>
            <dst id="WASHng">307180.133333333</dst>
        </src>
    </IntraTM>
</TrafficMatrixFile>
