<?xml version="1.0" encoding="ISO-8859-1" standalone="yes"?>
<TrafficMatrixFile xsi:noNamespaceSchemaLocation="http://totem.run.montefiore.ulg.ac.be/Schema/TrafficMatrix-v1_2.xsd" xmlns:xsi="http://www.w3.org/2001/XMLSchema-instance">
    <IntraTM ASID="11537">
        <src id="ATLA-M5">
            <dst id="ATLA-M5">0</dst>
            <dst id="ATLAng">75.176</dst>
            <dst id="CHINng">120.832</dst>
            <dst id="DNVRng">0</dst>
            <dst id="HSTNng">67.1466666666667</dst>
            <dst id="IPLSng">53.3333333333333</dst>
            <dst id="KSCYng">769.637333333333</dst>
            <dst id="LOSAng">422.344</dst>
            <dst id="NYCMng">0</dst>
            <dst id="SNVAng">0</dst>
            <dst id="STTLng">384.2</dst>
            <dst id="WASHng">363.904</dst>
        </src>
        <src id="ATLAng">
            <dst id="ATLA-M5">150.88</dst>
            <dst id="ATLAng">61066.856</dst>
            <dst id="CHINng">6887.33333333333</dst>
            <dst id="DNVRng">5863.24266666667</dst>
            <dst id="HSTNng">5625.80533333333</dst>
            <dst id="IPLSng">11996.9146666667</dst>
            <dst id="KSCYng">5034.70133333333</dst>
            <dst id="LOSAng">20000.6973333333</dst>
            <dst id="NYCMng">7019.22666666667</dst>
            <dst id="SNVAng">192.972</dst>
            <dst id="STTLng">7296.592</dst>
            <dst id="WASHng">28596.7706666667</dst>
        </src>
        <src id="CHINng">
            <dst id="ATLA-M5">107.261333333333</dst>
            <dst id="ATLAng">20428.4986666667</dst>
            <dst id="CHINng">94934.024</dst>
            <dst id="DNVRng">9291.584</dst>
            <dst id="HSTNng">10017.4213333333</dst>
            <dst id="IPLSng">34019.8346666667</dst>
            <dst id="KSCYng">9727.328</dst>
            <dst id="LOSAng">1250949.65333333</dst>
            <dst id="NYCMng">10737.2</dst>
            <dst id="SNVAng">694.157333333333</dst>
            <dst id="STTLng">10755.208</dst>
            <dst id="WASHng">32021.072</dst>
        </src>
        <src id="DNVRng">
            <dst id="ATLA-M5">129.077333333333</dst>
            <dst id="ATLAng">11096.5866666667</dst>
            <dst id="CHINng">47358.2693333333</dst>
            <dst id="DNVRng">2918.016</dst>
            <dst id="HSTNng">20381</dst>
            <dst id="IPLSng">23852.0373333333</dst>
            <dst id="KSCYng">20267.9466666667</dst>
            <dst id="LOSAng">10329.088</dst>
            <dst id="NYCMng">8367.20533333334</dst>
            <dst id="SNVAng">6328.46666666667</dst>
            <dst id="STTLng">5548.66666666667</dst>
            <dst id="WASHng">31585.536</dst>
        </src>
        <src id="HSTNng">
            <dst id="ATLA-M5">239.538666666667</dst>
            <dst id="ATLAng">4003.25066666667</dst>
            <dst id="CHINng">7900.50133333333</dst>
            <dst id="DNVRng">10570.848</dst>
            <dst id="HSTNng">7638.808</dst>
            <dst id="IPLSng">2648.304</dst>
            <dst id="KSCYng">1648.208</dst>
            <dst id="LOSAng">19479.032</dst>
            <dst id="NYCMng">2169.29866666667</dst>
            <dst id="SNVAng">0</dst>
            <dst id="STTLng">1991.17866666667</dst>
            <dst id="WASHng">5206.39466666667</dst>
        </src>
        <src id="IPLSng">
            <dst id="ATLA-M5">124.010666666667</dst>
            <dst id="ATLAng">12980.128</dst>
            <dst id="CHINng">69684.0266666667</dst>
            <dst id="DNVRng">9095.73866666667</dst>
            <dst id="HSTNng">1968.46666666667</dst>
            <dst id="IPLSng">63527.584</dst>
            <dst id="KSCYng">8541.16533333333</dst>
            <dst id="LOSAng">61633.6106666667</dst>
            <dst id="NYCMng">21994.5013333333</dst>
            <dst id="SNVAng">2219.93333333333</dst>
            <dst id="STTLng">6736.096</dst>
            <dst id="WASHng">16589.08</dst>
        </src>
        <src id="KSCYng">
            <dst id="ATLA-M5">26.6666666666667</dst>
            <dst id="ATLAng">3610.77866666667</dst>
            <dst id="CHINng">22192.928</dst>
            <dst id="DNVRng">10184.5813333333</dst>
            <dst id="HSTNng">3096.112</dst>
            <dst id="IPLSng">13719.912</dst>
            <dst id="KSCYng">4455.64533333333</dst>
            <dst id="LOSAng">9109.61866666667</dst>
            <dst id="NYCMng">2598.70133333333</dst>
            <dst id="SNVAng">125.488</dst>
            <dst id="STTLng">2263.048</dst>
            <dst id="WASHng">7877.21066666667</dst>
        </src>
        <src id="LOSAng">
            <dst id="ATLA-M5">220.090666666667</dst>
            <dst id="ATLAng">41206.8773333333</dst>
            <dst id="CHINng">93724.7973333333</dst>
            <dst id="DNVRng">17638.696</dst>
            <dst id="HSTNng">10659.5173333333</dst>
            <dst id="IPLSng">64983.7493333333</dst>
            <dst id="KSCYng">5997.83733333333</dst>
            <dst id="LOSAng">21937.2773333333</dst>
            <dst id="NYCMng">114713.36</dst>
            <dst id="SNVAng">10798.7253333333</dst>
            <dst id="STTLng">45253.2506666667</dst>
            <dst id="WASHng">112111.392</dst>
        </src>
        <src id="NYCMng">
            <dst id="ATLA-M5">170.093333333333</dst>
            <dst id="ATLAng">48651.632</dst>
            <dst id="CHINng">57859.2026666667</dst>
            <dst id="DNVRng">127540.018666667</dst>
            <dst id="HSTNng">12728.3946666667</dst>
            <dst id="IPLSng">55399.6186666667</dst>
            <dst id="KSCYng">21971.9893333333</dst>
            <dst id="LOSAng">118901.2</dst>
            <dst id="NYCMng">85812.5786666667</dst>
            <dst id="SNVAng">11512.536</dst>
            <dst id="STTLng">26672.8293333333</dst>
            <dst id="WASHng">70346.896</dst>
        </src>
        <src id="SNVAng">
            <dst id="ATLA-M5">0</dst>
            <dst id="ATLAng">53.3333333333333</dst>
            <dst id="CHINng">420.24</dst>
            <dst id="DNVRng">11064.0933333333</dst>
            <dst id="HSTNng">3459.72266666667</dst>
            <dst id="IPLSng">7652.528</dst>
            <dst id="KSCYng">26.6666666666667</dst>
            <dst id="LOSAng">35571.7173333333</dst>
            <dst id="NYCMng">587.634666666667</dst>
            <dst id="SNVAng">8429.55733333333</dst>
            <dst id="STTLng">24084.4826666667</dst>
            <dst id="WASHng">233.501333333333</dst>
        </src>
        <src id="STTLng">
            <dst id="ATLA-M5">294.84</dst>
            <dst id="ATLAng">13292.6826666667</dst>
            <dst id="CHINng">12188.0106666667</dst>
            <dst id="DNVRng">4591.968</dst>
            <dst id="HSTNng">4292.888</dst>
            <dst id="IPLSng">8724.25866666666</dst>
            <dst id="KSCYng">3004.69333333333</dst>
            <dst id="LOSAng">33220.2213333333</dst>
            <dst id="NYCMng">11487.72</dst>
            <dst id="SNVAng">2740.552</dst>
            <dst id="STTLng">1874.97066666667</dst>
            <dst id="WASHng">8898.98133333333</dst>
        </src>
        <src id="WASHng">
            <dst id="ATLA-M5">1032.17066666667</dst>
            <dst id="ATLAng">108515.946666667</dst>
            <dst id="CHINng">70897.6053333333</dst>
            <dst id="DNVRng">46343.352</dst>
            <dst id="HSTNng">23917.0826666667</dst>
            <dst id="IPLSng">55488.2986666667</dst>
            <dst id="KSCYng">23216.2213333333</dst>
            <dst id="LOSAng">134134.392</dst>
            <dst id="NYCMng">134762.258666667</dst>
            <dst id="SNVAng">13538.768</dst>
            <dst id="STTLng">29989.1573333333</dst>
            <dst id="WASHng">320192.693333333</dst>
        </src>
    </IntraTM>
</TrafficMatrixFile>
