<?xml version="1.0" encoding="ISO-8859-1" standalone="yes"?>
<TrafficMatrixFile xsi:noNamespaceSchemaLocation="http://totem.run.montefiore.ulg.ac.be/Schema/TrafficMatrix-v1_2.xsd" xmlns:xsi="http://www.w3.org/2001/XMLSchema-instance">
    <IntraTM ASID="11537">
        <src id="ATLA-M5">
            <dst id="ATLA-M5">0</dst>
            <dst id="ATLAng">759.872</dst>
            <dst id="CHINng">155.04</dst>
            <dst id="DNVRng">0</dst>
            <dst id="HSTNng">96.872</dst>
            <dst id="IPLSng">26.6666666666667</dst>
            <dst id="KSCYng">37.64</dst>
            <dst id="LOSAng">254.970666666667</dst>
            <dst id="NYCMng">26.6666666666667</dst>
            <dst id="SNVAng">0</dst>
            <dst id="STTLng">84.2853333333333</dst>
            <dst id="WASHng">106.666666666667</dst>
        </src>
        <src id="ATLAng">
            <dst id="ATLA-M5">162.741333333333</dst>
            <dst id="ATLAng">30167.5413333333</dst>
            <dst id="CHINng">5208.04266666667</dst>
            <dst id="DNVRng">3324.984</dst>
            <dst id="HSTNng">629.936</dst>
            <dst id="IPLSng">14430.9466666667</dst>
            <dst id="KSCYng">527.314666666667</dst>
            <dst id="LOSAng">12355.4933333333</dst>
            <dst id="NYCMng">6929.512</dst>
            <dst id="SNVAng">64.544</dst>
            <dst id="STTLng">7886.97333333333</dst>
            <dst id="WASHng">49764.2106666667</dst>
        </src>
        <src id="CHINng">
            <dst id="ATLA-M5">0</dst>
            <dst id="ATLAng">4951.72266666667</dst>
            <dst id="CHINng">132610.626666667</dst>
            <dst id="DNVRng">17003.4773333333</dst>
            <dst id="HSTNng">3201.03466666667</dst>
            <dst id="IPLSng">26828.312</dst>
            <dst id="KSCYng">4476.12266666667</dst>
            <dst id="LOSAng">69486.288</dst>
            <dst id="NYCMng">8581.90933333333</dst>
            <dst id="SNVAng">1112.92533333333</dst>
            <dst id="STTLng">7271.144</dst>
            <dst id="WASHng">8891.232</dst>
        </src>
        <src id="DNVRng">
            <dst id="ATLA-M5">166.88</dst>
            <dst id="ATLAng">6181.94933333333</dst>
            <dst id="CHINng">52441.6666666667</dst>
            <dst id="DNVRng">14519.392</dst>
            <dst id="HSTNng">17992.664</dst>
            <dst id="IPLSng">22733.7626666667</dst>
            <dst id="KSCYng">10116.8746666667</dst>
            <dst id="LOSAng">10335.36</dst>
            <dst id="NYCMng">9073.13066666667</dst>
            <dst id="SNVAng">5961.62933333333</dst>
            <dst id="STTLng">6780.336</dst>
            <dst id="WASHng">29759.0453333333</dst>
        </src>
        <src id="HSTNng">
            <dst id="ATLA-M5">3470.73066666667</dst>
            <dst id="ATLAng">1805.184</dst>
            <dst id="CHINng">16212.6106666667</dst>
            <dst id="DNVRng">1535.99733333333</dst>
            <dst id="HSTNng">5529.30933333333</dst>
            <dst id="IPLSng">307.426666666667</dst>
            <dst id="KSCYng">1046.58933333333</dst>
            <dst id="LOSAng">13219.592</dst>
            <dst id="NYCMng">2018.62133333333</dst>
            <dst id="SNVAng">0</dst>
            <dst id="STTLng">1581.26933333333</dst>
            <dst id="WASHng">1864.976</dst>
        </src>
        <src id="IPLSng">
            <dst id="ATLA-M5">38.496</dst>
            <dst id="ATLAng">12377.688</dst>
            <dst id="CHINng">78124.9413333333</dst>
            <dst id="DNVRng">3174.536</dst>
            <dst id="HSTNng">754.605333333333</dst>
            <dst id="IPLSng">28630.9013333333</dst>
            <dst id="KSCYng">3814.52533333333</dst>
            <dst id="LOSAng">59312.528</dst>
            <dst id="NYCMng">12890.824</dst>
            <dst id="SNVAng">276.277333333333</dst>
            <dst id="STTLng">11656.5413333333</dst>
            <dst id="WASHng">14343.56</dst>
        </src>
        <src id="KSCYng">
            <dst id="ATLA-M5">0</dst>
            <dst id="ATLAng">3418.14666666667</dst>
            <dst id="CHINng">53030.76</dst>
            <dst id="DNVRng">12131.0373333333</dst>
            <dst id="HSTNng">2318.496</dst>
            <dst id="IPLSng">7757.65333333333</dst>
            <dst id="KSCYng">2656.50133333333</dst>
            <dst id="LOSAng">4013.74133333333</dst>
            <dst id="NYCMng">3720.90133333333</dst>
            <dst id="SNVAng">5085.54666666667</dst>
            <dst id="STTLng">2019.39733333333</dst>
            <dst id="WASHng">6616.44533333333</dst>
        </src>
        <src id="LOSAng">
            <dst id="ATLA-M5">26.6666666666667</dst>
            <dst id="ATLAng">5710.4</dst>
            <dst id="CHINng">120803.453333333</dst>
            <dst id="DNVRng">10528.0266666667</dst>
            <dst id="HSTNng">7026.41866666667</dst>
            <dst id="IPLSng">28461.6266666667</dst>
            <dst id="KSCYng">4593.464</dst>
            <dst id="LOSAng">23053.7493333333</dst>
            <dst id="NYCMng">48216.2773333333</dst>
            <dst id="SNVAng">6467.87466666667</dst>
            <dst id="STTLng">47625.7573333333</dst>
            <dst id="WASHng">88893.7146666667</dst>
        </src>
        <src id="NYCMng">
            <dst id="ATLA-M5">278.682666666667</dst>
            <dst id="ATLAng">24016.8693333333</dst>
            <dst id="CHINng">50718.808</dst>
            <dst id="DNVRng">116832.656</dst>
            <dst id="HSTNng">7689.54133333333</dst>
            <dst id="IPLSng">24450.9893333333</dst>
            <dst id="KSCYng">6860.26933333333</dst>
            <dst id="LOSAng">69380.8613333333</dst>
            <dst id="NYCMng">84231.4106666667</dst>
            <dst id="SNVAng">2396.06133333333</dst>
            <dst id="STTLng">24811.1733333333</dst>
            <dst id="WASHng">51807.3653333333</dst>
        </src>
        <src id="SNVAng">
            <dst id="ATLA-M5">0</dst>
            <dst id="ATLAng">26.6666666666667</dst>
            <dst id="CHINng">835.013333333333</dst>
            <dst id="DNVRng">839.84</dst>
            <dst id="HSTNng">29.2266666666667</dst>
            <dst id="IPLSng">231.616</dst>
            <dst id="KSCYng">26.6666666666667</dst>
            <dst id="LOSAng">34460.9386666667</dst>
            <dst id="NYCMng">213.226666666667</dst>
            <dst id="SNVAng">10290.8933333333</dst>
            <dst id="STTLng">29695.528</dst>
            <dst id="WASHng">26.6666666666667</dst>
        </src>
        <src id="STTLng">
            <dst id="ATLA-M5">0</dst>
            <dst id="ATLAng">9368.584</dst>
            <dst id="CHINng">32117.096</dst>
            <dst id="DNVRng">2285.34133333333</dst>
            <dst id="HSTNng">609.8</dst>
            <dst id="IPLSng">6378.38933333333</dst>
            <dst id="KSCYng">1891.05333333333</dst>
            <dst id="LOSAng">23582.6533333333</dst>
            <dst id="NYCMng">10700.2746666667</dst>
            <dst id="SNVAng">2697.54133333333</dst>
            <dst id="STTLng">1107.61066666667</dst>
            <dst id="WASHng">5691.46666666667</dst>
        </src>
        <src id="WASHng">
            <dst id="ATLA-M5">80</dst>
            <dst id="ATLAng">101055.890666667</dst>
            <dst id="CHINng">78654.9733333333</dst>
            <dst id="DNVRng">41317.7893333333</dst>
            <dst id="HSTNng">31066.2293333333</dst>
            <dst id="IPLSng">49888.4853333333</dst>
            <dst id="KSCYng">14383.2613333333</dst>
            <dst id="LOSAng">114956.034666667</dst>
            <dst id="NYCMng">112515.456</dst>
            <dst id="SNVAng">5562.91466666667</dst>
            <dst id="STTLng">29071.072</dst>
            <dst id="WASHng">256274.109333333</dst>
        </src>
    </IntraTM>
</TrafficMatrixFile>
