<?xml version="1.0" encoding="ISO-8859-1" standalone="yes"?>
<TrafficMatrixFile xsi:noNamespaceSchemaLocation="http://totem.run.montefiore.ulg.ac.be/Schema/TrafficMatrix-v1_2.xsd" xmlns:xsi="http://www.w3.org/2001/XMLSchema-instance">
    <IntraTM ASID="11537">
        <src id="ATLA-M5">
            <dst id="ATLA-M5">0</dst>
            <dst id="ATLAng">78.3466666666667</dst>
            <dst id="CHINng">110.133333333333</dst>
            <dst id="DNVRng">53.3333333333333</dst>
            <dst id="HSTNng">37.672</dst>
            <dst id="IPLSng">88.4373333333333</dst>
            <dst id="KSCYng">1375.504</dst>
            <dst id="LOSAng">1117.10666666667</dst>
            <dst id="NYCMng">26.6666666666667</dst>
            <dst id="SNVAng">0</dst>
            <dst id="STTLng">26.6666666666667</dst>
            <dst id="WASHng">761.578666666667</dst>
        </src>
        <src id="ATLAng">
            <dst id="ATLA-M5">648.178666666667</dst>
            <dst id="ATLAng">41282.672</dst>
            <dst id="CHINng">7693.59733333333</dst>
            <dst id="DNVRng">4488.8</dst>
            <dst id="HSTNng">2252.60533333333</dst>
            <dst id="IPLSng">14074.8426666667</dst>
            <dst id="KSCYng">9879.53333333333</dst>
            <dst id="LOSAng">19783.0773333333</dst>
            <dst id="NYCMng">5272.70666666667</dst>
            <dst id="SNVAng">653.752</dst>
            <dst id="STTLng">6237.696</dst>
            <dst id="WASHng">24015.1333333333</dst>
        </src>
        <src id="CHINng">
            <dst id="ATLA-M5">602.426666666667</dst>
            <dst id="ATLAng">17522.0133333333</dst>
            <dst id="CHINng">76528.3013333334</dst>
            <dst id="DNVRng">9743.56533333333</dst>
            <dst id="HSTNng">6290.58133333333</dst>
            <dst id="IPLSng">51426.864</dst>
            <dst id="KSCYng">7254.496</dst>
            <dst id="LOSAng">55173.176</dst>
            <dst id="NYCMng">7628.224</dst>
            <dst id="SNVAng">1160.86933333333</dst>
            <dst id="STTLng">22288.7573333333</dst>
            <dst id="WASHng">26726.624</dst>
        </src>
        <src id="DNVRng">
            <dst id="ATLA-M5">37.92</dst>
            <dst id="ATLAng">8833.14933333333</dst>
            <dst id="CHINng">54096.3013333333</dst>
            <dst id="DNVRng">9180.32266666667</dst>
            <dst id="HSTNng">24549.288</dst>
            <dst id="IPLSng">24073.9333333333</dst>
            <dst id="KSCYng">22437.2346666667</dst>
            <dst id="LOSAng">18123.9146666667</dst>
            <dst id="NYCMng">12079.1386666667</dst>
            <dst id="SNVAng">7959.888</dst>
            <dst id="STTLng">20844.976</dst>
            <dst id="WASHng">29968.9253333333</dst>
        </src>
        <src id="HSTNng">
            <dst id="ATLA-M5">2429.34133333333</dst>
            <dst id="ATLAng">2030.50933333333</dst>
            <dst id="CHINng">10505.152</dst>
            <dst id="DNVRng">9834.92533333333</dst>
            <dst id="HSTNng">9061.37066666667</dst>
            <dst id="IPLSng">8723.85333333333</dst>
            <dst id="KSCYng">2386.552</dst>
            <dst id="LOSAng">20741.0533333333</dst>
            <dst id="NYCMng">920.933333333333</dst>
            <dst id="SNVAng">0</dst>
            <dst id="STTLng">1994.49866666667</dst>
            <dst id="WASHng">6145.992</dst>
        </src>
        <src id="IPLSng">
            <dst id="ATLA-M5">109.282666666667</dst>
            <dst id="ATLAng">11691.8586666667</dst>
            <dst id="CHINng">69422.56</dst>
            <dst id="DNVRng">7168.25866666666</dst>
            <dst id="HSTNng">3536.44266666667</dst>
            <dst id="IPLSng">63603.72</dst>
            <dst id="KSCYng">5485.864</dst>
            <dst id="LOSAng">63385.44</dst>
            <dst id="NYCMng">19085.2133333333</dst>
            <dst id="SNVAng">6325.05333333333</dst>
            <dst id="STTLng">12569.1173333333</dst>
            <dst id="WASHng">25057.56</dst>
        </src>
        <src id="KSCYng">
            <dst id="ATLA-M5">214.68</dst>
            <dst id="ATLAng">2798.008</dst>
            <dst id="CHINng">26999.512</dst>
            <dst id="DNVRng">8179.53333333333</dst>
            <dst id="HSTNng">6814.43466666667</dst>
            <dst id="IPLSng">11282.992</dst>
            <dst id="KSCYng">5297.37066666667</dst>
            <dst id="LOSAng">7526.26666666667</dst>
            <dst id="NYCMng">3360.93066666667</dst>
            <dst id="SNVAng">53.3333333333333</dst>
            <dst id="STTLng">2535</dst>
            <dst id="WASHng">6626.57333333333</dst>
        </src>
        <src id="LOSAng">
            <dst id="ATLA-M5">183.997333333333</dst>
            <dst id="ATLAng">20054.6853333333</dst>
            <dst id="CHINng">91176.1973333333</dst>
            <dst id="DNVRng">11232.5066666667</dst>
            <dst id="HSTNng">15134.9546666667</dst>
            <dst id="IPLSng">54791.2506666667</dst>
            <dst id="KSCYng">5282.44</dst>
            <dst id="LOSAng">21852.5413333333</dst>
            <dst id="NYCMng">110729.48</dst>
            <dst id="SNVAng">11937.072</dst>
            <dst id="STTLng">51379.8346666667</dst>
            <dst id="WASHng">103287.010666667</dst>
        </src>
        <src id="NYCMng">
            <dst id="ATLA-M5">276.52</dst>
            <dst id="ATLAng">44624.8533333333</dst>
            <dst id="CHINng">36434.2</dst>
            <dst id="DNVRng">123901.016</dst>
            <dst id="HSTNng">6959.74133333333</dst>
            <dst id="IPLSng">55325.696</dst>
            <dst id="KSCYng">20481.2106666667</dst>
            <dst id="LOSAng">121329.205333333</dst>
            <dst id="NYCMng">91528.9626666667</dst>
            <dst id="SNVAng">9918.26933333334</dst>
            <dst id="STTLng">33581.088</dst>
            <dst id="WASHng">72943.6106666667</dst>
        </src>
        <src id="SNVAng">
            <dst id="ATLA-M5">26.6666666666667</dst>
            <dst id="ATLAng">33.4293333333333</dst>
            <dst id="CHINng">303.626666666667</dst>
            <dst id="DNVRng">11060.6133333333</dst>
            <dst id="HSTNng">61.568</dst>
            <dst id="IPLSng">1710.09333333333</dst>
            <dst id="KSCYng">26.6666666666667</dst>
            <dst id="LOSAng">36987.1626666667</dst>
            <dst id="NYCMng">217.045333333333</dst>
            <dst id="SNVAng">7942.53866666667</dst>
            <dst id="STTLng">24713.256</dst>
            <dst id="WASHng">279.626666666667</dst>
        </src>
        <src id="STTLng">
            <dst id="ATLA-M5">0</dst>
            <dst id="ATLAng">10775.0613333333</dst>
            <dst id="CHINng">17412.776</dst>
            <dst id="DNVRng">3796.536</dst>
            <dst id="HSTNng">3932.14933333333</dst>
            <dst id="IPLSng">8107.99733333333</dst>
            <dst id="KSCYng">2534.536</dst>
            <dst id="LOSAng">32859.016</dst>
            <dst id="NYCMng">7984.61333333333</dst>
            <dst id="SNVAng">3314.82133333333</dst>
            <dst id="STTLng">4690.056</dst>
            <dst id="WASHng">10875.5866666667</dst>
        </src>
        <src id="WASHng">
            <dst id="ATLA-M5">1049.272</dst>
            <dst id="ATLAng">122441.757333333</dst>
            <dst id="CHINng">73381.3253333333</dst>
            <dst id="DNVRng">70568.3653333333</dst>
            <dst id="HSTNng">39440.4213333333</dst>
            <dst id="IPLSng">39880.3093333333</dst>
            <dst id="KSCYng">17022.7813333333</dst>
            <dst id="LOSAng">128545.072</dst>
            <dst id="NYCMng">151517.056</dst>
            <dst id="SNVAng">12151.1253333333</dst>
            <dst id="STTLng">30864.6026666667</dst>
            <dst id="WASHng">269812.346666667</dst>
        </src>
    </IntraTM>
</TrafficMatrixFile>
