<?xml version="1.0" encoding="ISO-8859-1" standalone="yes"?>
<TrafficMatrixFile xsi:noNamespaceSchemaLocation="http://totem.run.montefiore.ulg.ac.be/Schema/TrafficMatrix-v1_2.xsd" xmlns:xsi="http://www.w3.org/2001/XMLSchema-instance">
    <IntraTM ASID="11537">
        <src id="ATLA-M5">
            <dst id="ATLA-M5">26.6666666666667</dst>
            <dst id="ATLAng">0</dst>
            <dst id="CHINng">590.853333333333</dst>
            <dst id="DNVRng">0</dst>
            <dst id="HSTNng">118.016</dst>
            <dst id="IPLSng">0</dst>
            <dst id="KSCYng">26.6666666666667</dst>
            <dst id="LOSAng">261.528</dst>
            <dst id="NYCMng">53.3333333333333</dst>
            <dst id="SNVAng">0</dst>
            <dst id="STTLng">0</dst>
            <dst id="WASHng">2059.29333333333</dst>
        </src>
        <src id="ATLAng">
            <dst id="ATLA-M5">175.112</dst>
            <dst id="ATLAng">38372.0666666667</dst>
            <dst id="CHINng">6137.21333333333</dst>
            <dst id="DNVRng">8375.50933333333</dst>
            <dst id="HSTNng">2622.88533333333</dst>
            <dst id="IPLSng">8408.28266666667</dst>
            <dst id="KSCYng">445.912</dst>
            <dst id="LOSAng">12857.7253333333</dst>
            <dst id="NYCMng">5600.72</dst>
            <dst id="SNVAng">192.781333333333</dst>
            <dst id="STTLng">2905.32</dst>
            <dst id="WASHng">56200.288</dst>
        </src>
        <src id="CHINng">
            <dst id="ATLA-M5">98.1973333333333</dst>
            <dst id="ATLAng">34017.8773333333</dst>
            <dst id="CHINng">103956.584</dst>
            <dst id="DNVRng">8856.39733333333</dst>
            <dst id="HSTNng">4219.32266666667</dst>
            <dst id="IPLSng">16148.576</dst>
            <dst id="KSCYng">2321.104</dst>
            <dst id="LOSAng">47945.1733333333</dst>
            <dst id="NYCMng">6557.77066666667</dst>
            <dst id="SNVAng">1921.26933333333</dst>
            <dst id="STTLng">13984.088</dst>
            <dst id="WASHng">15840.08</dst>
        </src>
        <src id="DNVRng">
            <dst id="ATLA-M5">60.96</dst>
            <dst id="ATLAng">4394.224</dst>
            <dst id="CHINng">63160.888</dst>
            <dst id="DNVRng">12832.288</dst>
            <dst id="HSTNng">18794.2666666667</dst>
            <dst id="IPLSng">20604.2933333333</dst>
            <dst id="KSCYng">28997.1413333333</dst>
            <dst id="LOSAng">6710.98933333333</dst>
            <dst id="NYCMng">5033.44533333333</dst>
            <dst id="SNVAng">11023.1626666667</dst>
            <dst id="STTLng">16654.6986666667</dst>
            <dst id="WASHng">33601.4133333333</dst>
        </src>
        <src id="HSTNng">
            <dst id="ATLA-M5">3015.01066666667</dst>
            <dst id="ATLAng">7149.48266666667</dst>
            <dst id="CHINng">15316.8186666667</dst>
            <dst id="DNVRng">1433.32533333333</dst>
            <dst id="HSTNng">1817.688</dst>
            <dst id="IPLSng">856.893333333333</dst>
            <dst id="KSCYng">975.133333333333</dst>
            <dst id="LOSAng">7810.28</dst>
            <dst id="NYCMng">3638.84266666667</dst>
            <dst id="SNVAng">0</dst>
            <dst id="STTLng">1255.32266666667</dst>
            <dst id="WASHng">4330.04533333333</dst>
        </src>
        <src id="IPLSng">
            <dst id="ATLA-M5">0</dst>
            <dst id="ATLAng">14450.3173333333</dst>
            <dst id="CHINng">70438.92</dst>
            <dst id="DNVRng">2068.34933333333</dst>
            <dst id="HSTNng">2770.94133333333</dst>
            <dst id="IPLSng">3318.38666666667</dst>
            <dst id="KSCYng">1395.98666666667</dst>
            <dst id="LOSAng">37087.192</dst>
            <dst id="NYCMng">14061.2213333333</dst>
            <dst id="SNVAng">3485.72533333333</dst>
            <dst id="STTLng">12646.1733333333</dst>
            <dst id="WASHng">10974.144</dst>
        </src>
        <src id="KSCYng">
            <dst id="ATLA-M5">0</dst>
            <dst id="ATLAng">1230.39466666667</dst>
            <dst id="CHINng">27117.64</dst>
            <dst id="DNVRng">8705.832</dst>
            <dst id="HSTNng">5530.776</dst>
            <dst id="IPLSng">6732.56266666667</dst>
            <dst id="KSCYng">3807.60533333333</dst>
            <dst id="LOSAng">5713.35733333333</dst>
            <dst id="NYCMng">2303.472</dst>
            <dst id="SNVAng">1137.952</dst>
            <dst id="STTLng">2134.664</dst>
            <dst id="WASHng">4102.37866666667</dst>
        </src>
        <src id="LOSAng">
            <dst id="ATLA-M5">0</dst>
            <dst id="ATLAng">41828.5306666667</dst>
            <dst id="CHINng">118914.757333333</dst>
            <dst id="DNVRng">11541.4053333333</dst>
            <dst id="HSTNng">7503.49866666667</dst>
            <dst id="IPLSng">16168.592</dst>
            <dst id="KSCYng">1521.92266666667</dst>
            <dst id="LOSAng">16942.1786666667</dst>
            <dst id="NYCMng">52022.752</dst>
            <dst id="SNVAng">3501.85333333333</dst>
            <dst id="STTLng">28914.0853333333</dst>
            <dst id="WASHng">95631.5093333333</dst>
        </src>
        <src id="NYCMng">
            <dst id="ATLA-M5">220.194666666667</dst>
            <dst id="ATLAng">35539.9546666667</dst>
            <dst id="CHINng">43213.0266666667</dst>
            <dst id="DNVRng">34380.496</dst>
            <dst id="HSTNng">4124.4</dst>
            <dst id="IPLSng">29460.264</dst>
            <dst id="KSCYng">4799.40266666667</dst>
            <dst id="LOSAng">62414.5333333333</dst>
            <dst id="NYCMng">117295.064</dst>
            <dst id="SNVAng">1705.656</dst>
            <dst id="STTLng">23899.9173333333</dst>
            <dst id="WASHng">45036.736</dst>
        </src>
        <src id="SNVAng">
            <dst id="ATLA-M5">0</dst>
            <dst id="ATLAng">53.3333333333333</dst>
            <dst id="CHINng">367.730666666667</dst>
            <dst id="DNVRng">1466.272</dst>
            <dst id="HSTNng">101.194666666667</dst>
            <dst id="IPLSng">1279.35733333333</dst>
            <dst id="KSCYng">71.3226666666667</dst>
            <dst id="LOSAng">28213.1066666667</dst>
            <dst id="NYCMng">220.389333333333</dst>
            <dst id="SNVAng">7826.496</dst>
            <dst id="STTLng">17796.1706666667</dst>
            <dst id="WASHng">80</dst>
        </src>
        <src id="STTLng">
            <dst id="ATLA-M5">208.576</dst>
            <dst id="ATLAng">8933.37333333333</dst>
            <dst id="CHINng">34244.064</dst>
            <dst id="DNVRng">1091.62133333333</dst>
            <dst id="HSTNng">919.941333333333</dst>
            <dst id="IPLSng">3825.408</dst>
            <dst id="KSCYng">1131.30933333333</dst>
            <dst id="LOSAng">29638.5466666667</dst>
            <dst id="NYCMng">8526.94666666666</dst>
            <dst id="SNVAng">2552.06133333333</dst>
            <dst id="STTLng">1566.81333333333</dst>
            <dst id="WASHng">5171.712</dst>
        </src>
        <src id="WASHng">
            <dst id="ATLA-M5">53.3333333333333</dst>
            <dst id="ATLAng">73725.688</dst>
            <dst id="CHINng">88583.3466666667</dst>
            <dst id="DNVRng">77502.2133333333</dst>
            <dst id="HSTNng">5402.61333333333</dst>
            <dst id="IPLSng">50845.28</dst>
            <dst id="KSCYng">14136.656</dst>
            <dst id="LOSAng">111012.226666667</dst>
            <dst id="NYCMng">164448.002666667</dst>
            <dst id="SNVAng">491.877333333333</dst>
            <dst id="STTLng">31889.856</dst>
            <dst id="WASHng">282678.933333333</dst>
        </src>
    </IntraTM>
</TrafficMatrixFile>
