<?xml version="1.0" encoding="ISO-8859-1" standalone="yes"?>
<TrafficMatrixFile xsi:noNamespaceSchemaLocation="http://totem.run.montefiore.ulg.ac.be/Schema/TrafficMatrix-v1_2.xsd" xmlns:xsi="http://www.w3.org/2001/XMLSchema-instance">
    <IntraTM ASID="11537">
        <src id="ATLA-M5">
            <dst id="ATLA-M5">28.3413333333333</dst>
            <dst id="ATLAng">95.8746666666667</dst>
            <dst id="CHINng">83.9173333333333</dst>
            <dst id="DNVRng">26.6666666666667</dst>
            <dst id="HSTNng">37.2506666666667</dst>
            <dst id="IPLSng">53.3333333333333</dst>
            <dst id="KSCYng">29.6026666666667</dst>
            <dst id="LOSAng">162.816</dst>
            <dst id="NYCMng">45.768</dst>
            <dst id="SNVAng">0</dst>
            <dst id="STTLng">0</dst>
            <dst id="WASHng">1743.59466666667</dst>
        </src>
        <src id="ATLAng">
            <dst id="ATLA-M5">204.136</dst>
            <dst id="ATLAng">39836.512</dst>
            <dst id="CHINng">4633.848</dst>
            <dst id="DNVRng">10170.5653333333</dst>
            <dst id="HSTNng">9785.16533333333</dst>
            <dst id="IPLSng">16503.904</dst>
            <dst id="KSCYng">878.208</dst>
            <dst id="LOSAng">14298.4906666667</dst>
            <dst id="NYCMng">7809.72</dst>
            <dst id="SNVAng">454.216</dst>
            <dst id="STTLng">4105.20266666667</dst>
            <dst id="WASHng">59020.5413333333</dst>
        </src>
        <src id="CHINng">
            <dst id="ATLA-M5">80</dst>
            <dst id="ATLAng">8363.88266666666</dst>
            <dst id="CHINng">130629.149333333</dst>
            <dst id="DNVRng">14750.616</dst>
            <dst id="HSTNng">3700.592</dst>
            <dst id="IPLSng">32803.352</dst>
            <dst id="KSCYng">5511.39733333333</dst>
            <dst id="LOSAng">54108.9786666667</dst>
            <dst id="NYCMng">13656.1546666667</dst>
            <dst id="SNVAng">160.741333333333</dst>
            <dst id="STTLng">7083.112</dst>
            <dst id="WASHng">14857.0986666667</dst>
        </src>
        <src id="DNVRng">
            <dst id="ATLA-M5">93.92</dst>
            <dst id="ATLAng">6946.00266666667</dst>
            <dst id="CHINng">54486.6613333333</dst>
            <dst id="DNVRng">28756.9626666667</dst>
            <dst id="HSTNng">23412.1173333333</dst>
            <dst id="IPLSng">19960.9493333333</dst>
            <dst id="KSCYng">23051.44</dst>
            <dst id="LOSAng">18533.936</dst>
            <dst id="NYCMng">10557.9546666667</dst>
            <dst id="SNVAng">15914.664</dst>
            <dst id="STTLng">16567.576</dst>
            <dst id="WASHng">36545.872</dst>
        </src>
        <src id="HSTNng">
            <dst id="ATLA-M5">1264.424</dst>
            <dst id="ATLAng">8597.28533333333</dst>
            <dst id="CHINng">14569.1226666667</dst>
            <dst id="DNVRng">5577.288</dst>
            <dst id="HSTNng">3261.432</dst>
            <dst id="IPLSng">156.512</dst>
            <dst id="KSCYng">4504.82933333333</dst>
            <dst id="LOSAng">9466.26133333333</dst>
            <dst id="NYCMng">2124.776</dst>
            <dst id="SNVAng">26.6666666666667</dst>
            <dst id="STTLng">4325.46666666667</dst>
            <dst id="WASHng">1228.32266666667</dst>
        </src>
        <src id="IPLSng">
            <dst id="ATLA-M5">56.96</dst>
            <dst id="ATLAng">17367.8266666667</dst>
            <dst id="CHINng">88197.4506666667</dst>
            <dst id="DNVRng">9513.19733333333</dst>
            <dst id="HSTNng">2342.51466666667</dst>
            <dst id="IPLSng">27214.3813333333</dst>
            <dst id="KSCYng">2692.904</dst>
            <dst id="LOSAng">34971.2453333333</dst>
            <dst id="NYCMng">12747.864</dst>
            <dst id="SNVAng">250.397333333333</dst>
            <dst id="STTLng">9695.33333333334</dst>
            <dst id="WASHng">35710.9733333333</dst>
        </src>
        <src id="KSCYng">
            <dst id="ATLA-M5">0</dst>
            <dst id="ATLAng">1418.24266666667</dst>
            <dst id="CHINng">20783.7866666667</dst>
            <dst id="DNVRng">8353.72266666667</dst>
            <dst id="HSTNng">2423.048</dst>
            <dst id="IPLSng">11245.896</dst>
            <dst id="KSCYng">6843.872</dst>
            <dst id="LOSAng">8892.624</dst>
            <dst id="NYCMng">4346.15466666667</dst>
            <dst id="SNVAng">26.6666666666667</dst>
            <dst id="STTLng">2276.60266666667</dst>
            <dst id="WASHng">6317.768</dst>
        </src>
        <src id="LOSAng">
            <dst id="ATLA-M5">38.8613333333333</dst>
            <dst id="ATLAng">24575.056</dst>
            <dst id="CHINng">124578.426666667</dst>
            <dst id="DNVRng">11374.6266666667</dst>
            <dst id="HSTNng">5819.38133333333</dst>
            <dst id="IPLSng">26622.5893333333</dst>
            <dst id="KSCYng">4372.77866666667</dst>
            <dst id="LOSAng">17496.608</dst>
            <dst id="NYCMng">42499.0933333333</dst>
            <dst id="SNVAng">6704.752</dst>
            <dst id="STTLng">36272.2186666667</dst>
            <dst id="WASHng">89965.2586666667</dst>
        </src>
        <src id="NYCMng">
            <dst id="ATLA-M5">723.376</dst>
            <dst id="ATLAng">27285.096</dst>
            <dst id="CHINng">51593.2373333333</dst>
            <dst id="DNVRng">117591.304</dst>
            <dst id="HSTNng">5077.22933333333</dst>
            <dst id="IPLSng">24148.1893333333</dst>
            <dst id="KSCYng">11825.1706666667</dst>
            <dst id="LOSAng">77645.9866666667</dst>
            <dst id="NYCMng">74048.6746666667</dst>
            <dst id="SNVAng">1104.888</dst>
            <dst id="STTLng">22796.8666666667</dst>
            <dst id="WASHng">56874.3466666667</dst>
        </src>
        <src id="SNVAng">
            <dst id="ATLA-M5">0</dst>
            <dst id="ATLAng">30.592</dst>
            <dst id="CHINng">414.725333333333</dst>
            <dst id="DNVRng">13229.3093333333</dst>
            <dst id="HSTNng">45.312</dst>
            <dst id="IPLSng">4312.85333333333</dst>
            <dst id="KSCYng">48.2266666666667</dst>
            <dst id="LOSAng">24883.3946666667</dst>
            <dst id="NYCMng">186.538666666667</dst>
            <dst id="SNVAng">7388.88</dst>
            <dst id="STTLng">19448.168</dst>
            <dst id="WASHng">53.3333333333333</dst>
        </src>
        <src id="STTLng">
            <dst id="ATLA-M5">26.6666666666667</dst>
            <dst id="ATLAng">9223.26933333334</dst>
            <dst id="CHINng">31716.96</dst>
            <dst id="DNVRng">2544.61333333333</dst>
            <dst id="HSTNng">2601.608</dst>
            <dst id="IPLSng">7282.976</dst>
            <dst id="KSCYng">1377.19733333333</dst>
            <dst id="LOSAng">18378.2986666667</dst>
            <dst id="NYCMng">11485.3066666667</dst>
            <dst id="SNVAng">4531.05866666667</dst>
            <dst id="STTLng">6679.72</dst>
            <dst id="WASHng">7710.94933333333</dst>
        </src>
        <src id="WASHng">
            <dst id="ATLA-M5">108.709333333333</dst>
            <dst id="ATLAng">74386.8506666667</dst>
            <dst id="CHINng">79106.2186666667</dst>
            <dst id="DNVRng">131989.042666667</dst>
            <dst id="HSTNng">19152.1253333333</dst>
            <dst id="IPLSng">45618.3253333333</dst>
            <dst id="KSCYng">16085.344</dst>
            <dst id="LOSAng">105536.573333333</dst>
            <dst id="NYCMng">116591.186666667</dst>
            <dst id="SNVAng">5034.96266666667</dst>
            <dst id="STTLng">26713.088</dst>
            <dst id="WASHng">277654.16</dst>
        </src>
    </IntraTM>
</TrafficMatrixFile>
