<?xml version="1.0" encoding="ISO-8859-1" standalone="yes"?>
<TrafficMatrixFile xsi:noNamespaceSchemaLocation="http://totem.run.montefiore.ulg.ac.be/Schema/TrafficMatrix-v1_2.xsd" xmlns:xsi="http://www.w3.org/2001/XMLSchema-instance">
    <IntraTM ASID="11537">
        <src id="ATLA-M5">
            <dst id="ATLA-M5">109.613333333333</dst>
            <dst id="ATLAng">160.16</dst>
            <dst id="CHINng">541.344</dst>
            <dst id="DNVRng">53.3333333333333</dst>
            <dst id="HSTNng">148.946666666667</dst>
            <dst id="IPLSng">313.528</dst>
            <dst id="KSCYng">53.3333333333333</dst>
            <dst id="LOSAng">191.218666666667</dst>
            <dst id="NYCMng">716</dst>
            <dst id="SNVAng">26.6666666666667</dst>
            <dst id="STTLng">133.837333333333</dst>
            <dst id="WASHng">822.272</dst>
        </src>
        <src id="ATLAng">
            <dst id="ATLA-M5">321.402666666667</dst>
            <dst id="ATLAng">46530.528</dst>
            <dst id="CHINng">13562.664</dst>
            <dst id="DNVRng">8358.768</dst>
            <dst id="HSTNng">3794.74933333333</dst>
            <dst id="IPLSng">16962.28</dst>
            <dst id="KSCYng">2843.15733333333</dst>
            <dst id="LOSAng">12063.724</dst>
            <dst id="NYCMng">15404.2746666667</dst>
            <dst id="SNVAng">327.492</dst>
            <dst id="STTLng">4419.19466666667</dst>
            <dst id="WASHng">60797.4666666667</dst>
        </src>
        <src id="CHINng">
            <dst id="ATLA-M5">875.954666666667</dst>
            <dst id="ATLAng">25079.7066666667</dst>
            <dst id="CHINng">152598.776</dst>
            <dst id="DNVRng">14686.0426666667</dst>
            <dst id="HSTNng">11506.28</dst>
            <dst id="IPLSng">36729.2133333333</dst>
            <dst id="KSCYng">9441.944</dst>
            <dst id="LOSAng">46358.9226666667</dst>
            <dst id="NYCMng">10342.4213333333</dst>
            <dst id="SNVAng">1738.032</dst>
            <dst id="STTLng">12352.6026666667</dst>
            <dst id="WASHng">32821.7226666667</dst>
        </src>
        <src id="DNVRng">
            <dst id="ATLA-M5">68.96</dst>
            <dst id="ATLAng">22936.544</dst>
            <dst id="CHINng">67071.4426666667</dst>
            <dst id="DNVRng">12858.608</dst>
            <dst id="HSTNng">27277.744</dst>
            <dst id="IPLSng">26258.4586666667</dst>
            <dst id="KSCYng">24924.816</dst>
            <dst id="LOSAng">13609.8133333333</dst>
            <dst id="NYCMng">12466.3333333333</dst>
            <dst id="SNVAng">40861.9626666667</dst>
            <dst id="STTLng">13625.0693333333</dst>
            <dst id="WASHng">54915.4826666667</dst>
        </src>
        <src id="HSTNng">
            <dst id="ATLA-M5">3555.94133333333</dst>
            <dst id="ATLAng">5555.26133333333</dst>
            <dst id="CHINng">43182.2186666667</dst>
            <dst id="DNVRng">9791.57066666667</dst>
            <dst id="HSTNng">7895.71466666667</dst>
            <dst id="IPLSng">2906.2</dst>
            <dst id="KSCYng">8088.69866666667</dst>
            <dst id="LOSAng">11397.4053333333</dst>
            <dst id="NYCMng">2423.17066666667</dst>
            <dst id="SNVAng">315.152</dst>
            <dst id="STTLng">1870.912</dst>
            <dst id="WASHng">9719.23466666667</dst>
        </src>
        <src id="IPLSng">
            <dst id="ATLA-M5">156.802666666667</dst>
            <dst id="ATLAng">38826.296</dst>
            <dst id="CHINng">125278.218666667</dst>
            <dst id="DNVRng">15683.9493333333</dst>
            <dst id="HSTNng">11618.9866666667</dst>
            <dst id="IPLSng">16576.4506666667</dst>
            <dst id="KSCYng">9352.584</dst>
            <dst id="LOSAng">41255.4373333333</dst>
            <dst id="NYCMng">39704.0053333333</dst>
            <dst id="SNVAng">2991.24533333333</dst>
            <dst id="STTLng">8075.10666666667</dst>
            <dst id="WASHng">28049.896</dst>
        </src>
        <src id="KSCYng">
            <dst id="ATLA-M5">31.4693333333333</dst>
            <dst id="ATLAng">3867.28266666667</dst>
            <dst id="CHINng">19994.9786666667</dst>
            <dst id="DNVRng">13976.3466666667</dst>
            <dst id="HSTNng">4842.41333333333</dst>
            <dst id="IPLSng">13729.0106666667</dst>
            <dst id="KSCYng">8698.952</dst>
            <dst id="LOSAng">6294.08533333333</dst>
            <dst id="NYCMng">3118.24533333333</dst>
            <dst id="SNVAng">278.162666666667</dst>
            <dst id="STTLng">1611.74933333333</dst>
            <dst id="WASHng">11141.3173333333</dst>
        </src>
        <src id="LOSAng">
            <dst id="ATLA-M5">858.053333333333</dst>
            <dst id="ATLAng">39130.272</dst>
            <dst id="CHINng">185591.053333333</dst>
            <dst id="DNVRng">59609.8906666667</dst>
            <dst id="HSTNng">38337.7386666667</dst>
            <dst id="IPLSng">43359.0346666667</dst>
            <dst id="KSCYng">17789.0133333333</dst>
            <dst id="LOSAng">10884.6533333333</dst>
            <dst id="NYCMng">66464.224</dst>
            <dst id="SNVAng">20656.3626666667</dst>
            <dst id="STTLng">37225.9733333333</dst>
            <dst id="WASHng">116183.282666667</dst>
        </src>
        <src id="NYCMng">
            <dst id="ATLA-M5">532.701333333333</dst>
            <dst id="ATLAng">59303.9893333333</dst>
            <dst id="CHINng">53045.848</dst>
            <dst id="DNVRng">33134.392</dst>
            <dst id="HSTNng">15511.9013333333</dst>
            <dst id="IPLSng">51459.3706666667</dst>
            <dst id="KSCYng">23222.9653333333</dst>
            <dst id="LOSAng">59016.3493333334</dst>
            <dst id="NYCMng">142763.442666667</dst>
            <dst id="SNVAng">2279.6</dst>
            <dst id="STTLng">22779.4373333333</dst>
            <dst id="WASHng">98255.568</dst>
        </src>
        <src id="SNVAng">
            <dst id="ATLA-M5">0</dst>
            <dst id="ATLAng">249.624</dst>
            <dst id="CHINng">3411.04</dst>
            <dst id="DNVRng">24054.856</dst>
            <dst id="HSTNng">617.8</dst>
            <dst id="IPLSng">7434.00533333333</dst>
            <dst id="KSCYng">291.506666666667</dst>
            <dst id="LOSAng">28611.4746666667</dst>
            <dst id="NYCMng">2483.632</dst>
            <dst id="SNVAng">13450.7226666667</dst>
            <dst id="STTLng">22604.6986666667</dst>
            <dst id="WASHng">344.533333333333</dst>
        </src>
        <src id="STTLng">
            <dst id="ATLA-M5">255.114666666667</dst>
            <dst id="ATLAng">16736.136</dst>
            <dst id="CHINng">36205.9786666667</dst>
            <dst id="DNVRng">4039.84533333333</dst>
            <dst id="HSTNng">3434.856</dst>
            <dst id="IPLSng">9583.22133333333</dst>
            <dst id="KSCYng">5927.77333333333</dst>
            <dst id="LOSAng">28770.8666666667</dst>
            <dst id="NYCMng">14025.528</dst>
            <dst id="SNVAng">5628.95733333333</dst>
            <dst id="STTLng">6208.45066666667</dst>
            <dst id="WASHng">22076.504</dst>
        </src>
        <src id="WASHng">
            <dst id="ATLA-M5">445.981333333333</dst>
            <dst id="ATLAng">140774.536</dst>
            <dst id="CHINng">102392.725333333</dst>
            <dst id="DNVRng">80464.2346666667</dst>
            <dst id="HSTNng">23846.3786666667</dst>
            <dst id="IPLSng">71471.3493333333</dst>
            <dst id="KSCYng">31971.144</dst>
            <dst id="LOSAng">119970.752</dst>
            <dst id="NYCMng">204126.528</dst>
            <dst id="SNVAng">3311.14933333333</dst>
            <dst id="STTLng">56698.0026666667</dst>
            <dst id="WASHng">349260.96</dst>
        </src>
    </IntraTM>
</TrafficMatrixFile>
