<?xml version="1.0" encoding="ISO-8859-1" standalone="yes"?>
<TrafficMatrixFile xsi:noNamespaceSchemaLocation="http://totem.run.montefiore.ulg.ac.be/Schema/TrafficMatrix-v1_2.xsd" xmlns:xsi="http://www.w3.org/2001/XMLSchema-instance">
    <IntraTM ASID="11537">
        <src id="ATLA-M5">
            <dst id="ATLA-M5">0</dst>
            <dst id="ATLAng">58.1226666666667</dst>
            <dst id="CHINng">88.9546666666667</dst>
            <dst id="DNVRng">61.5173333333333</dst>
            <dst id="HSTNng">103.797333333333</dst>
            <dst id="IPLSng">116.576</dst>
            <dst id="KSCYng">123.114666666667</dst>
            <dst id="LOSAng">294.169333333333</dst>
            <dst id="NYCMng">26.6666666666667</dst>
            <dst id="SNVAng">20.5453333333333</dst>
            <dst id="STTLng">0</dst>
            <dst id="WASHng">823.848</dst>
        </src>
        <src id="ATLAng">
            <dst id="ATLA-M5">164.997333333333</dst>
            <dst id="ATLAng">35910.8186666667</dst>
            <dst id="CHINng">7045.896</dst>
            <dst id="DNVRng">3144.50666666667</dst>
            <dst id="HSTNng">7085.34933333333</dst>
            <dst id="IPLSng">9638.54133333333</dst>
            <dst id="KSCYng">540.330666666667</dst>
            <dst id="LOSAng">12699.7093333333</dst>
            <dst id="NYCMng">4272.04533333333</dst>
            <dst id="SNVAng">27.7226666666667</dst>
            <dst id="STTLng">5322.34666666667</dst>
            <dst id="WASHng">42286.5173333333</dst>
        </src>
        <src id="CHINng">
            <dst id="ATLA-M5">172.005333333333</dst>
            <dst id="ATLAng">38754.8693333333</dst>
            <dst id="CHINng">67410.0106666667</dst>
            <dst id="DNVRng">20797.784</dst>
            <dst id="HSTNng">4470.54133333333</dst>
            <dst id="IPLSng">17509.976</dst>
            <dst id="KSCYng">10516.2026666667</dst>
            <dst id="LOSAng">53136.2986666667</dst>
            <dst id="NYCMng">3352.14933333333</dst>
            <dst id="SNVAng">395.565333333333</dst>
            <dst id="STTLng">15063.7493333333</dst>
            <dst id="WASHng">21005.0026666667</dst>
        </src>
        <src id="DNVRng">
            <dst id="ATLA-M5">66.6133333333333</dst>
            <dst id="ATLAng">5047.94666666667</dst>
            <dst id="CHINng">42789.48</dst>
            <dst id="DNVRng">6506.04</dst>
            <dst id="HSTNng">18206.296</dst>
            <dst id="IPLSng">21563.5306666667</dst>
            <dst id="KSCYng">19933.16</dst>
            <dst id="LOSAng">7946.26133333333</dst>
            <dst id="NYCMng">11150.256</dst>
            <dst id="SNVAng">8835.97333333334</dst>
            <dst id="STTLng">7862.93066666667</dst>
            <dst id="WASHng">33508.0906666667</dst>
        </src>
        <src id="HSTNng">
            <dst id="ATLA-M5">2836.36</dst>
            <dst id="ATLAng">13430.064</dst>
            <dst id="CHINng">10479.5786666667</dst>
            <dst id="DNVRng">1368.256</dst>
            <dst id="HSTNng">7529.96</dst>
            <dst id="IPLSng">209.016</dst>
            <dst id="KSCYng">1326.25333333333</dst>
            <dst id="LOSAng">8573.45866666667</dst>
            <dst id="NYCMng">2548.74933333333</dst>
            <dst id="SNVAng">0</dst>
            <dst id="STTLng">1876.60533333333</dst>
            <dst id="WASHng">3613.08</dst>
        </src>
        <src id="IPLSng">
            <dst id="ATLA-M5">204.677333333333</dst>
            <dst id="ATLAng">19461.5786666667</dst>
            <dst id="CHINng">51958.448</dst>
            <dst id="DNVRng">8183.96266666667</dst>
            <dst id="HSTNng">1327.83733333333</dst>
            <dst id="IPLSng">7116.76533333333</dst>
            <dst id="KSCYng">3142.74933333333</dst>
            <dst id="LOSAng">71785.8453333333</dst>
            <dst id="NYCMng">25575.1626666667</dst>
            <dst id="SNVAng">1232.61866666667</dst>
            <dst id="STTLng">8964.576</dst>
            <dst id="WASHng">12941.9066666667</dst>
        </src>
        <src id="KSCYng">
            <dst id="ATLA-M5">0</dst>
            <dst id="ATLAng">1333.88</dst>
            <dst id="CHINng">12132.3306666667</dst>
            <dst id="DNVRng">8063.26133333333</dst>
            <dst id="HSTNng">3063.65866666667</dst>
            <dst id="IPLSng">8357.26666666667</dst>
            <dst id="KSCYng">3597.73066666667</dst>
            <dst id="LOSAng">8804.71466666666</dst>
            <dst id="NYCMng">4330.92</dst>
            <dst id="SNVAng">180.608</dst>
            <dst id="STTLng">1871.68</dst>
            <dst id="WASHng">17453.4506666667</dst>
        </src>
        <src id="LOSAng">
            <dst id="ATLA-M5">28.08</dst>
            <dst id="ATLAng">41556.4106666667</dst>
            <dst id="CHINng">84187.16</dst>
            <dst id="DNVRng">10939.5093333333</dst>
            <dst id="HSTNng">5351.05866666667</dst>
            <dst id="IPLSng">30309.576</dst>
            <dst id="KSCYng">2833.14133333333</dst>
            <dst id="LOSAng">28187.28</dst>
            <dst id="NYCMng">73083.0266666667</dst>
            <dst id="SNVAng">10445.1386666667</dst>
            <dst id="STTLng">40509.5626666667</dst>
            <dst id="WASHng">104085.554666667</dst>
        </src>
        <src id="NYCMng">
            <dst id="ATLA-M5">734.058666666667</dst>
            <dst id="ATLAng">41124.3333333333</dst>
            <dst id="CHINng">29463.6533333333</dst>
            <dst id="DNVRng">25781.0613333333</dst>
            <dst id="HSTNng">7981.24266666667</dst>
            <dst id="IPLSng">27388.2986666667</dst>
            <dst id="KSCYng">8044.68</dst>
            <dst id="LOSAng">98043.488</dst>
            <dst id="NYCMng">95979.4213333333</dst>
            <dst id="SNVAng">4066.70133333333</dst>
            <dst id="STTLng">24960.4693333333</dst>
            <dst id="WASHng">39246.4</dst>
        </src>
        <src id="SNVAng">
            <dst id="ATLA-M5">0</dst>
            <dst id="ATLAng">26.6666666666667</dst>
            <dst id="CHINng">231.077333333333</dst>
            <dst id="DNVRng">990.418666666667</dst>
            <dst id="HSTNng">145.333333333333</dst>
            <dst id="IPLSng">9796.91733333333</dst>
            <dst id="KSCYng">64.68</dst>
            <dst id="LOSAng">37055.688</dst>
            <dst id="NYCMng">262.696</dst>
            <dst id="SNVAng">7383.59733333333</dst>
            <dst id="STTLng">21110.96</dst>
            <dst id="WASHng">53.3333333333333</dst>
        </src>
        <src id="STTLng">
            <dst id="ATLA-M5">0</dst>
            <dst id="ATLAng">9131.4</dst>
            <dst id="CHINng">22498.4346666667</dst>
            <dst id="DNVRng">1554.13066666667</dst>
            <dst id="HSTNng">1999.61333333333</dst>
            <dst id="IPLSng">6398.61066666666</dst>
            <dst id="KSCYng">2680.58933333333</dst>
            <dst id="LOSAng">28549.1413333333</dst>
            <dst id="NYCMng">6819.46133333333</dst>
            <dst id="SNVAng">6483.38666666667</dst>
            <dst id="STTLng">2578.85333333333</dst>
            <dst id="WASHng">8653.33866666667</dst>
        </src>
        <src id="WASHng">
            <dst id="ATLA-M5">188.856</dst>
            <dst id="ATLAng">95997.84</dst>
            <dst id="CHINng">86362.9226666667</dst>
            <dst id="DNVRng">56997.7146666667</dst>
            <dst id="HSTNng">17072.048</dst>
            <dst id="IPLSng">20383.16</dst>
            <dst id="KSCYng">6391.77866666667</dst>
            <dst id="LOSAng">118184</dst>
            <dst id="NYCMng">123163.701333333</dst>
            <dst id="SNVAng">423.32</dst>
            <dst id="STTLng">43852.7946666667</dst>
            <dst id="WASHng">153024.738666667</dst>
        </src>
    </IntraTM>
</TrafficMatrixFile>
