<?xml version="1.0" encoding="ISO-8859-1" standalone="yes"?>
<TrafficMatrixFile xsi:noNamespaceSchemaLocation="http://totem.run.montefiore.ulg.ac.be/Schema/TrafficMatrix-v1_2.xsd" xmlns:xsi="http://www.w3.org/2001/XMLSchema-instance">
    <IntraTM ASID="11537">
        <src id="ATLA-M5">
            <dst id="ATLA-M5">165.824</dst>
            <dst id="ATLAng">420.224</dst>
            <dst id="CHINng">686.024</dst>
            <dst id="DNVRng">191.997333333333</dst>
            <dst id="HSTNng">273.826666666667</dst>
            <dst id="IPLSng">511.776</dst>
            <dst id="KSCYng">53.3333333333333</dst>
            <dst id="LOSAng">223.429333333333</dst>
            <dst id="NYCMng">548.592</dst>
            <dst id="SNVAng">0</dst>
            <dst id="STTLng">53.3333333333333</dst>
            <dst id="WASHng">1076.85866666667</dst>
        </src>
        <src id="ATLAng">
            <dst id="ATLA-M5">464.402666666667</dst>
            <dst id="ATLAng">40736.1066666667</dst>
            <dst id="CHINng">19835.8266666667</dst>
            <dst id="DNVRng">6592.37066666667</dst>
            <dst id="HSTNng">4319.14133333333</dst>
            <dst id="IPLSng">18364.0346666667</dst>
            <dst id="KSCYng">12039.192</dst>
            <dst id="LOSAng">32662.7653333333</dst>
            <dst id="NYCMng">9484.54133333333</dst>
            <dst id="SNVAng">1919.61333333333</dst>
            <dst id="STTLng">6356.032</dst>
            <dst id="WASHng">60174.2</dst>
        </src>
        <src id="CHINng">
            <dst id="ATLA-M5">2025.98666666667</dst>
            <dst id="ATLAng">28221.1706666667</dst>
            <dst id="CHINng">127803.730666667</dst>
            <dst id="DNVRng">11178.5786666667</dst>
            <dst id="HSTNng">10414.064</dst>
            <dst id="IPLSng">44399.5493333333</dst>
            <dst id="KSCYng">11613.768</dst>
            <dst id="LOSAng">53854.2906666667</dst>
            <dst id="NYCMng">10635.016</dst>
            <dst id="SNVAng">3388.62933333333</dst>
            <dst id="STTLng">8853.216</dst>
            <dst id="WASHng">34734.408</dst>
        </src>
        <src id="DNVRng">
            <dst id="ATLA-M5">1321.18133333333</dst>
            <dst id="ATLAng">30748.6613333333</dst>
            <dst id="CHINng">48688.1306666667</dst>
            <dst id="DNVRng">12041.3946666667</dst>
            <dst id="HSTNng">22960.8053333333</dst>
            <dst id="IPLSng">31157.6426666667</dst>
            <dst id="KSCYng">18114.336</dst>
            <dst id="LOSAng">19148.1946666667</dst>
            <dst id="NYCMng">15471.5226666667</dst>
            <dst id="SNVAng">8735.792</dst>
            <dst id="STTLng">13405.048</dst>
            <dst id="WASHng">38234.328</dst>
        </src>
        <src id="HSTNng">
            <dst id="ATLA-M5">780.032</dst>
            <dst id="ATLAng">5655.91733333333</dst>
            <dst id="CHINng">19448.0986666667</dst>
            <dst id="DNVRng">2289.09066666667</dst>
            <dst id="HSTNng">16049.4933333333</dst>
            <dst id="IPLSng">2202.61866666667</dst>
            <dst id="KSCYng">2657.64533333333</dst>
            <dst id="LOSAng">15602.6</dst>
            <dst id="NYCMng">1806.856</dst>
            <dst id="SNVAng">600.253333333333</dst>
            <dst id="STTLng">2719.89066666667</dst>
            <dst id="WASHng">5723.07733333333</dst>
        </src>
        <src id="IPLSng">
            <dst id="ATLA-M5">411.272</dst>
            <dst id="ATLAng">22164.9253333333</dst>
            <dst id="CHINng">84006.3733333333</dst>
            <dst id="DNVRng">21644.0533333333</dst>
            <dst id="HSTNng">8688.79733333333</dst>
            <dst id="IPLSng">25877.3866666667</dst>
            <dst id="KSCYng">16272.048</dst>
            <dst id="LOSAng">55495.7466666667</dst>
            <dst id="NYCMng">37371.0586666667</dst>
            <dst id="SNVAng">3483.096</dst>
            <dst id="STTLng">10430.6293333333</dst>
            <dst id="WASHng">37010.704</dst>
        </src>
        <src id="KSCYng">
            <dst id="ATLA-M5">169.426666666667</dst>
            <dst id="ATLAng">5671.264</dst>
            <dst id="CHINng">25435.1973333333</dst>
            <dst id="DNVRng">13288.776</dst>
            <dst id="HSTNng">5070.13866666667</dst>
            <dst id="IPLSng">14644.9306666667</dst>
            <dst id="KSCYng">12106.0613333333</dst>
            <dst id="LOSAng">8627.34933333334</dst>
            <dst id="NYCMng">11671.1093333333</dst>
            <dst id="SNVAng">509.794666666667</dst>
            <dst id="STTLng">1835.18133333333</dst>
            <dst id="WASHng">11076.3413333333</dst>
        </src>
        <src id="LOSAng">
            <dst id="ATLA-M5">2338.984</dst>
            <dst id="ATLAng">40003.5413333333</dst>
            <dst id="CHINng">115591.373333333</dst>
            <dst id="DNVRng">29324.928</dst>
            <dst id="HSTNng">19242.2693333333</dst>
            <dst id="IPLSng">40563.7573333333</dst>
            <dst id="KSCYng">8894.256</dst>
            <dst id="LOSAng">12163.3093333333</dst>
            <dst id="NYCMng">83288.632</dst>
            <dst id="SNVAng">16562.744</dst>
            <dst id="STTLng">49186.6506666667</dst>
            <dst id="WASHng">139543.821333333</dst>
        </src>
        <src id="NYCMng">
            <dst id="ATLA-M5">1549.37333333333</dst>
            <dst id="ATLAng">55981.3333333333</dst>
            <dst id="CHINng">57488.8586666667</dst>
            <dst id="DNVRng">127551.058666667</dst>
            <dst id="HSTNng">12144.9466666667</dst>
            <dst id="IPLSng">57935.44</dst>
            <dst id="KSCYng">32529.408</dst>
            <dst id="LOSAng">92287.528</dst>
            <dst id="NYCMng">139107.314666667</dst>
            <dst id="SNVAng">5663.744</dst>
            <dst id="STTLng">28053.688</dst>
            <dst id="WASHng">93222.1733333333</dst>
        </src>
        <src id="SNVAng">
            <dst id="ATLA-M5">0</dst>
            <dst id="ATLAng">415.661333333333</dst>
            <dst id="CHINng">440.328</dst>
            <dst id="DNVRng">15032.6933333333</dst>
            <dst id="HSTNng">1481.248</dst>
            <dst id="IPLSng">1474.32533333333</dst>
            <dst id="KSCYng">1509.73866666667</dst>
            <dst id="LOSAng">39776.1973333333</dst>
            <dst id="NYCMng">336.901333333333</dst>
            <dst id="SNVAng">11194.536</dst>
            <dst id="STTLng">27804.3866666667</dst>
            <dst id="WASHng">729.92</dst>
        </src>
        <src id="STTLng">
            <dst id="ATLA-M5">943.797333333333</dst>
            <dst id="ATLAng">15490.9786666667</dst>
            <dst id="CHINng">25995.5866666667</dst>
            <dst id="DNVRng">7380.09866666667</dst>
            <dst id="HSTNng">7819.024</dst>
            <dst id="IPLSng">18720.1066666667</dst>
            <dst id="KSCYng">13395.0346666667</dst>
            <dst id="LOSAng">36709.248</dst>
            <dst id="NYCMng">11917.5386666667</dst>
            <dst id="SNVAng">7608.04</dst>
            <dst id="STTLng">5978.21333333333</dst>
            <dst id="WASHng">19743.6213333333</dst>
        </src>
        <src id="WASHng">
            <dst id="ATLA-M5">2975.58666666667</dst>
            <dst id="ATLAng">119925.322666667</dst>
            <dst id="CHINng">106001.466666667</dst>
            <dst id="DNVRng">71832.2586666667</dst>
            <dst id="HSTNng">17522.576</dst>
            <dst id="IPLSng">72845.6906666666</dst>
            <dst id="KSCYng">43053.816</dst>
            <dst id="LOSAng">141422.818666667</dst>
            <dst id="NYCMng">235846.370666667</dst>
            <dst id="SNVAng">4960.52266666667</dst>
            <dst id="STTLng">36825.0426666667</dst>
            <dst id="WASHng">279224.826666667</dst>
        </src>
    </IntraTM>
</TrafficMatrixFile>
