<?xml version="1.0" encoding="ISO-8859-1" standalone="yes"?>
<TrafficMatrixFile xsi:noNamespaceSchemaLocation="http://totem.run.montefiore.ulg.ac.be/Schema/TrafficMatrix-v1_2.xsd" xmlns:xsi="http://www.w3.org/2001/XMLSchema-instance">
    <IntraTM ASID="11537">
        <src id="ATLA-M5">
            <dst id="ATLA-M5">0</dst>
            <dst id="ATLAng">109.536</dst>
            <dst id="CHINng">692.501333333333</dst>
            <dst id="DNVRng">0</dst>
            <dst id="HSTNng">132.648</dst>
            <dst id="IPLSng">0</dst>
            <dst id="KSCYng">0</dst>
            <dst id="LOSAng">54.544</dst>
            <dst id="NYCMng">53.3333333333333</dst>
            <dst id="SNVAng">0</dst>
            <dst id="STTLng">44.9493333333333</dst>
            <dst id="WASHng">1524.928</dst>
        </src>
        <src id="ATLAng">
            <dst id="ATLA-M5">207.824</dst>
            <dst id="ATLAng">51063.2266666667</dst>
            <dst id="CHINng">4090.704</dst>
            <dst id="DNVRng">8233.128</dst>
            <dst id="HSTNng">1307.94133333333</dst>
            <dst id="IPLSng">13730.3733333333</dst>
            <dst id="KSCYng">557.122666666667</dst>
            <dst id="LOSAng">12187.3386666667</dst>
            <dst id="NYCMng">6303.02133333333</dst>
            <dst id="SNVAng">1165.17333333333</dst>
            <dst id="STTLng">3932.584</dst>
            <dst id="WASHng">51103.7866666667</dst>
        </src>
        <src id="CHINng">
            <dst id="ATLA-M5">48.848</dst>
            <dst id="ATLAng">39726.2133333333</dst>
            <dst id="CHINng">97283.9253333333</dst>
            <dst id="DNVRng">10131.1893333333</dst>
            <dst id="HSTNng">3564.78133333333</dst>
            <dst id="IPLSng">17654.7626666667</dst>
            <dst id="KSCYng">20033.5546666667</dst>
            <dst id="LOSAng">49177.6666666667</dst>
            <dst id="NYCMng">8007.81333333333</dst>
            <dst id="SNVAng">569.506666666667</dst>
            <dst id="STTLng">7460.41866666667</dst>
            <dst id="WASHng">19504.0906666667</dst>
        </src>
        <src id="DNVRng">
            <dst id="ATLA-M5">232.8</dst>
            <dst id="ATLAng">7509.74666666667</dst>
            <dst id="CHINng">42436.5866666667</dst>
            <dst id="DNVRng">3109.08266666667</dst>
            <dst id="HSTNng">12356.0773333333</dst>
            <dst id="IPLSng">15907.3733333333</dst>
            <dst id="KSCYng">9624.34666666667</dst>
            <dst id="LOSAng">5273.34666666667</dst>
            <dst id="NYCMng">8632.808</dst>
            <dst id="SNVAng">6620.30666666667</dst>
            <dst id="STTLng">4897.52266666667</dst>
            <dst id="WASHng">33543.648</dst>
        </src>
        <src id="HSTNng">
            <dst id="ATLA-M5">2805.74133333333</dst>
            <dst id="ATLAng">5814.82933333333</dst>
            <dst id="CHINng">19454.408</dst>
            <dst id="DNVRng">850.973333333333</dst>
            <dst id="HSTNng">2048.456</dst>
            <dst id="IPLSng">773.621333333333</dst>
            <dst id="KSCYng">754.106666666667</dst>
            <dst id="LOSAng">3759.36533333333</dst>
            <dst id="NYCMng">3645.016</dst>
            <dst id="SNVAng">0</dst>
            <dst id="STTLng">1478.57866666667</dst>
            <dst id="WASHng">3933.49866666667</dst>
        </src>
        <src id="IPLSng">
            <dst id="ATLA-M5">26.6666666666667</dst>
            <dst id="ATLAng">17659.096</dst>
            <dst id="CHINng">62774.8826666667</dst>
            <dst id="DNVRng">1823.968</dst>
            <dst id="HSTNng">3303.56</dst>
            <dst id="IPLSng">6888.92</dst>
            <dst id="KSCYng">1326.69866666667</dst>
            <dst id="LOSAng">61535.7786666667</dst>
            <dst id="NYCMng">16908.5066666667</dst>
            <dst id="SNVAng">1989.56266666667</dst>
            <dst id="STTLng">12675.1946666667</dst>
            <dst id="WASHng">12868.8026666667</dst>
        </src>
        <src id="KSCYng">
            <dst id="ATLA-M5">0</dst>
            <dst id="ATLAng">1717.256</dst>
            <dst id="CHINng">20876.432</dst>
            <dst id="DNVRng">7051.20533333334</dst>
            <dst id="HSTNng">2518.28266666667</dst>
            <dst id="IPLSng">4610.36533333333</dst>
            <dst id="KSCYng">4333.872</dst>
            <dst id="LOSAng">9048</dst>
            <dst id="NYCMng">7333.70133333333</dst>
            <dst id="SNVAng">2426.45866666667</dst>
            <dst id="STTLng">1715.10666666667</dst>
            <dst id="WASHng">4246.32</dst>
        </src>
        <src id="LOSAng">
            <dst id="ATLA-M5">83.296</dst>
            <dst id="ATLAng">46511.9253333333</dst>
            <dst id="CHINng">127202.386666667</dst>
            <dst id="DNVRng">5553.448</dst>
            <dst id="HSTNng">7105.49333333333</dst>
            <dst id="IPLSng">16288.36</dst>
            <dst id="KSCYng">4425.69866666667</dst>
            <dst id="LOSAng">13737.1466666667</dst>
            <dst id="NYCMng">51350.9626666667</dst>
            <dst id="SNVAng">6712.82666666667</dst>
            <dst id="STTLng">37861.4506666667</dst>
            <dst id="WASHng">97067.432</dst>
        </src>
        <src id="NYCMng">
            <dst id="ATLA-M5">181.114666666667</dst>
            <dst id="ATLAng">37655.9466666667</dst>
            <dst id="CHINng">37590.6773333333</dst>
            <dst id="DNVRng">73718.6533333333</dst>
            <dst id="HSTNng">3663.936</dst>
            <dst id="IPLSng">25134.888</dst>
            <dst id="KSCYng">6186.928</dst>
            <dst id="LOSAng">49890.8986666667</dst>
            <dst id="NYCMng">123716.781333333</dst>
            <dst id="SNVAng">1307.73066666667</dst>
            <dst id="STTLng">25751.84</dst>
            <dst id="WASHng">53827.6693333333</dst>
        </src>
        <src id="SNVAng">
            <dst id="ATLA-M5">0</dst>
            <dst id="ATLAng">26.6666666666667</dst>
            <dst id="CHINng">680.645333333333</dst>
            <dst id="DNVRng">800.968</dst>
            <dst id="HSTNng">183.946666666667</dst>
            <dst id="IPLSng">910.144</dst>
            <dst id="KSCYng">87.2373333333333</dst>
            <dst id="LOSAng">26107.2213333333</dst>
            <dst id="NYCMng">247.018666666667</dst>
            <dst id="SNVAng">8259.54666666667</dst>
            <dst id="STTLng">19314.9013333333</dst>
            <dst id="WASHng">278.101333333333</dst>
        </src>
        <src id="STTLng">
            <dst id="ATLA-M5">140.829333333333</dst>
            <dst id="ATLAng">11296.4426666667</dst>
            <dst id="CHINng">36706.2426666667</dst>
            <dst id="DNVRng">1101.89066666667</dst>
            <dst id="HSTNng">1032.97066666667</dst>
            <dst id="IPLSng">4591.616</dst>
            <dst id="KSCYng">952.949333333333</dst>
            <dst id="LOSAng">23467.6426666667</dst>
            <dst id="NYCMng">10421.1573333333</dst>
            <dst id="SNVAng">2818.91733333333</dst>
            <dst id="STTLng">2180.03466666667</dst>
            <dst id="WASHng">11518.9866666667</dst>
        </src>
        <src id="WASHng">
            <dst id="ATLA-M5">191.698666666667</dst>
            <dst id="ATLAng">90559.656</dst>
            <dst id="CHINng">71975.7973333333</dst>
            <dst id="DNVRng">48380.6346666667</dst>
            <dst id="HSTNng">3182.04533333333</dst>
            <dst id="IPLSng">46405.5066666667</dst>
            <dst id="KSCYng">5398.448</dst>
            <dst id="LOSAng">103968.776</dst>
            <dst id="NYCMng">120044.586666667</dst>
            <dst id="SNVAng">511.245333333333</dst>
            <dst id="STTLng">35517.5333333333</dst>
            <dst id="WASHng">272439.146666667</dst>
        </src>
    </IntraTM>
</TrafficMatrixFile>
