<?xml version="1.0" encoding="ISO-8859-1" standalone="yes"?>
<TrafficMatrixFile xsi:noNamespaceSchemaLocation="http://totem.run.montefiore.ulg.ac.be/Schema/TrafficMatrix-v1_2.xsd" xmlns:xsi="http://www.w3.org/2001/XMLSchema-instance">
    <IntraTM ASID="11537">
        <src id="ATLA-M5">
            <dst id="ATLA-M5">0</dst>
            <dst id="ATLAng">92.0373333333334</dst>
            <dst id="CHINng">1670.704</dst>
            <dst id="DNVRng">0</dst>
            <dst id="HSTNng">87.168</dst>
            <dst id="IPLSng">0</dst>
            <dst id="KSCYng">26.6666666666667</dst>
            <dst id="LOSAng">132.597333333333</dst>
            <dst id="NYCMng">0</dst>
            <dst id="SNVAng">0</dst>
            <dst id="STTLng">74.6666666666667</dst>
            <dst id="WASHng">218.872</dst>
        </src>
        <src id="ATLAng">
            <dst id="ATLA-M5">181.624</dst>
            <dst id="ATLAng">37570.2186666667</dst>
            <dst id="CHINng">5038.08533333333</dst>
            <dst id="DNVRng">7096.55466666667</dst>
            <dst id="HSTNng">985.949333333333</dst>
            <dst id="IPLSng">9335.864</dst>
            <dst id="KSCYng">926.376</dst>
            <dst id="LOSAng">12339.2826666667</dst>
            <dst id="NYCMng">7154.49866666667</dst>
            <dst id="SNVAng">182.386666666667</dst>
            <dst id="STTLng">3759.98933333333</dst>
            <dst id="WASHng">58901.0213333334</dst>
        </src>
        <src id="CHINng">
            <dst id="ATLA-M5">371.013333333333</dst>
            <dst id="ATLAng">45856.6293333333</dst>
            <dst id="CHINng">126007.242666667</dst>
            <dst id="DNVRng">11023.2426666667</dst>
            <dst id="HSTNng">3281.89066666667</dst>
            <dst id="IPLSng">19537.688</dst>
            <dst id="KSCYng">2674.816</dst>
            <dst id="LOSAng">42336.4533333333</dst>
            <dst id="NYCMng">5942.31733333333</dst>
            <dst id="SNVAng">338.976</dst>
            <dst id="STTLng">6131.65066666667</dst>
            <dst id="WASHng">21256.5466666667</dst>
        </src>
        <src id="DNVRng">
            <dst id="ATLA-M5">81.92</dst>
            <dst id="ATLAng">10424.0906666667</dst>
            <dst id="CHINng">54070.976</dst>
            <dst id="DNVRng">2601</dst>
            <dst id="HSTNng">11478.68</dst>
            <dst id="IPLSng">15772.24</dst>
            <dst id="KSCYng">11128.3253333333</dst>
            <dst id="LOSAng">5140.20266666667</dst>
            <dst id="NYCMng">12391.0773333333</dst>
            <dst id="SNVAng">5985.36</dst>
            <dst id="STTLng">10503.5226666667</dst>
            <dst id="WASHng">26734.1813333333</dst>
        </src>
        <src id="HSTNng">
            <dst id="ATLA-M5">2987.648</dst>
            <dst id="ATLAng">2236.43733333333</dst>
            <dst id="CHINng">15414.5493333333</dst>
            <dst id="DNVRng">617.954666666667</dst>
            <dst id="HSTNng">2213.616</dst>
            <dst id="IPLSng">4248.728</dst>
            <dst id="KSCYng">1153.424</dst>
            <dst id="LOSAng">3916.00533333333</dst>
            <dst id="NYCMng">2211.66933333333</dst>
            <dst id="SNVAng">61.608</dst>
            <dst id="STTLng">1636.808</dst>
            <dst id="WASHng">4517.536</dst>
        </src>
        <src id="IPLSng">
            <dst id="ATLA-M5">362.581333333333</dst>
            <dst id="ATLAng">16612.3413333333</dst>
            <dst id="CHINng">74052.68</dst>
            <dst id="DNVRng">1984.712</dst>
            <dst id="HSTNng">2699.44266666667</dst>
            <dst id="IPLSng">19089.6026666667</dst>
            <dst id="KSCYng">2546.29333333333</dst>
            <dst id="LOSAng">38860.3146666667</dst>
            <dst id="NYCMng">19945.048</dst>
            <dst id="SNVAng">3970.80266666667</dst>
            <dst id="STTLng">8279.648</dst>
            <dst id="WASHng">20661.08</dst>
        </src>
        <src id="KSCYng">
            <dst id="ATLA-M5">0</dst>
            <dst id="ATLAng">1621.72</dst>
            <dst id="CHINng">19451.5066666667</dst>
            <dst id="DNVRng">8022.23466666667</dst>
            <dst id="HSTNng">3313.24533333333</dst>
            <dst id="IPLSng">3863.144</dst>
            <dst id="KSCYng">3102.46666666667</dst>
            <dst id="LOSAng">5968.70133333333</dst>
            <dst id="NYCMng">5322.41066666667</dst>
            <dst id="SNVAng">1261.256</dst>
            <dst id="STTLng">1973.05066666667</dst>
            <dst id="WASHng">5069.808</dst>
        </src>
        <src id="LOSAng">
            <dst id="ATLA-M5">1143.832</dst>
            <dst id="ATLAng">49780.752</dst>
            <dst id="CHINng">122745.784</dst>
            <dst id="DNVRng">5267.24</dst>
            <dst id="HSTNng">15808.2293333333</dst>
            <dst id="IPLSng">19877.104</dst>
            <dst id="KSCYng">1876.35466666667</dst>
            <dst id="LOSAng">16117.6933333333</dst>
            <dst id="NYCMng">69568.6053333334</dst>
            <dst id="SNVAng">6265.11466666667</dst>
            <dst id="STTLng">43917.4186666667</dst>
            <dst id="WASHng">100025.752</dst>
        </src>
        <src id="NYCMng">
            <dst id="ATLA-M5">53.3333333333333</dst>
            <dst id="ATLAng">40117.304</dst>
            <dst id="CHINng">41515.5626666667</dst>
            <dst id="DNVRng">73167.504</dst>
            <dst id="HSTNng">3366.92</dst>
            <dst id="IPLSng">27919.7066666667</dst>
            <dst id="KSCYng">6345.50666666667</dst>
            <dst id="LOSAng">63365.5706666667</dst>
            <dst id="NYCMng">127223.018666667</dst>
            <dst id="SNVAng">1708.78666666667</dst>
            <dst id="STTLng">25404.2133333333</dst>
            <dst id="WASHng">63923.1893333333</dst>
        </src>
        <src id="SNVAng">
            <dst id="ATLA-M5">0</dst>
            <dst id="ATLAng">105.442666666667</dst>
            <dst id="CHINng">695.093333333333</dst>
            <dst id="DNVRng">1126.23733333333</dst>
            <dst id="HSTNng">206.24</dst>
            <dst id="IPLSng">926.706666666667</dst>
            <dst id="KSCYng">144.096</dst>
            <dst id="LOSAng">29081.1653333333</dst>
            <dst id="NYCMng">409.933333333333</dst>
            <dst id="SNVAng">7302.88533333333</dst>
            <dst id="STTLng">20123.6986666667</dst>
            <dst id="WASHng">2162.048</dst>
        </src>
        <src id="STTLng">
            <dst id="ATLA-M5">56.304</dst>
            <dst id="ATLAng">10224.224</dst>
            <dst id="CHINng">40466</dst>
            <dst id="DNVRng">986.770666666667</dst>
            <dst id="HSTNng">1697.664</dst>
            <dst id="IPLSng">6432.672</dst>
            <dst id="KSCYng">1217.304</dst>
            <dst id="LOSAng">23148.5653333333</dst>
            <dst id="NYCMng">10597.24</dst>
            <dst id="SNVAng">2078.61866666667</dst>
            <dst id="STTLng">1546.18933333333</dst>
            <dst id="WASHng">11915.3013333333</dst>
        </src>
        <src id="WASHng">
            <dst id="ATLA-M5">144.533333333333</dst>
            <dst id="ATLAng">111759.181333333</dst>
            <dst id="CHINng">82814.4693333333</dst>
            <dst id="DNVRng">62848.4133333333</dst>
            <dst id="HSTNng">5364.95466666667</dst>
            <dst id="IPLSng">31940.2986666667</dst>
            <dst id="KSCYng">9587.98933333333</dst>
            <dst id="LOSAng">99901.4826666667</dst>
            <dst id="NYCMng">202812.658666667</dst>
            <dst id="SNVAng">595.314666666667</dst>
            <dst id="STTLng">25280.344</dst>
            <dst id="WASHng">307179.866666667</dst>
        </src>
    </IntraTM>
</TrafficMatrixFile>
