<?xml version="1.0" encoding="ISO-8859-1" standalone="yes"?>
<TrafficMatrixFile xsi:noNamespaceSchemaLocation="http://totem.run.montefiore.ulg.ac.be/Schema/TrafficMatrix-v1_2.xsd" xmlns:xsi="http://www.w3.org/2001/XMLSchema-instance">
    <IntraTM ASID="11537">
        <src id="ATLA-M5">
            <dst id="ATLA-M5">158.981333333333</dst>
            <dst id="ATLAng">251.197333333333</dst>
            <dst id="CHINng">372.384</dst>
            <dst id="DNVRng">53.3333333333333</dst>
            <dst id="HSTNng">53.3333333333333</dst>
            <dst id="IPLSng">342.741333333333</dst>
            <dst id="KSCYng">1042.13866666667</dst>
            <dst id="LOSAng">565.189333333333</dst>
            <dst id="NYCMng">444.346666666667</dst>
            <dst id="SNVAng">0</dst>
            <dst id="STTLng">180.312</dst>
            <dst id="WASHng">337.376</dst>
        </src>
        <src id="ATLAng">
            <dst id="ATLA-M5">222.869333333333</dst>
            <dst id="ATLAng">50142.1973333333</dst>
            <dst id="CHINng">8886.63466666667</dst>
            <dst id="DNVRng">12677.8293333333</dst>
            <dst id="HSTNng">3821.208</dst>
            <dst id="IPLSng">16402.1306666667</dst>
            <dst id="KSCYng">5037.08266666667</dst>
            <dst id="LOSAng">21835.8506666667</dst>
            <dst id="NYCMng">13793.6986666667</dst>
            <dst id="SNVAng">2162.232</dst>
            <dst id="STTLng">4873.65333333333</dst>
            <dst id="WASHng">61581.8746666667</dst>
        </src>
        <src id="CHINng">
            <dst id="ATLA-M5">3061.12</dst>
            <dst id="ATLAng">21850.7306666667</dst>
            <dst id="CHINng">125777.541333333</dst>
            <dst id="DNVRng">18339.304</dst>
            <dst id="HSTNng">9178.32533333333</dst>
            <dst id="IPLSng">58226.4106666667</dst>
            <dst id="KSCYng">8899.096</dst>
            <dst id="LOSAng">50814.5466666667</dst>
            <dst id="NYCMng">10088.8213333333</dst>
            <dst id="SNVAng">5586.584</dst>
            <dst id="STTLng">11256.0266666667</dst>
            <dst id="WASHng">28276.1226666667</dst>
        </src>
        <src id="DNVRng">
            <dst id="ATLA-M5">53.3333333333333</dst>
            <dst id="ATLAng">15794.528</dst>
            <dst id="CHINng">46789.048</dst>
            <dst id="DNVRng">12019.5653333333</dst>
            <dst id="HSTNng">21502.3146666667</dst>
            <dst id="IPLSng">23027.7893333333</dst>
            <dst id="KSCYng">16958.0106666667</dst>
            <dst id="LOSAng">13467.0426666667</dst>
            <dst id="NYCMng">20228.848</dst>
            <dst id="SNVAng">19682.024</dst>
            <dst id="STTLng">10324.3386666667</dst>
            <dst id="WASHng">35483.9573333333</dst>
        </src>
        <src id="HSTNng">
            <dst id="ATLA-M5">1435.872</dst>
            <dst id="ATLAng">5907.952</dst>
            <dst id="CHINng">39883.6826666667</dst>
            <dst id="DNVRng">9982.31466666667</dst>
            <dst id="HSTNng">7545.94666666667</dst>
            <dst id="IPLSng">7111.072</dst>
            <dst id="KSCYng">3887.78666666667</dst>
            <dst id="LOSAng">11508.944</dst>
            <dst id="NYCMng">4135.27466666667</dst>
            <dst id="SNVAng">69.12</dst>
            <dst id="STTLng">3331.61333333333</dst>
            <dst id="WASHng">11869.9866666667</dst>
        </src>
        <src id="IPLSng">
            <dst id="ATLA-M5">447.808</dst>
            <dst id="ATLAng">24157.9786666667</dst>
            <dst id="CHINng">77333.7653333333</dst>
            <dst id="DNVRng">8031.84266666667</dst>
            <dst id="HSTNng">16941.832</dst>
            <dst id="IPLSng">39981.2773333333</dst>
            <dst id="KSCYng">14220.136</dst>
            <dst id="LOSAng">47450.4266666667</dst>
            <dst id="NYCMng">46817.7093333333</dst>
            <dst id="SNVAng">5347.54133333333</dst>
            <dst id="STTLng">8723.76266666667</dst>
            <dst id="WASHng">38561.0053333333</dst>
        </src>
        <src id="KSCYng">
            <dst id="ATLA-M5">1037.952</dst>
            <dst id="ATLAng">5126.35466666667</dst>
            <dst id="CHINng">30180.656</dst>
            <dst id="DNVRng">8859.18933333333</dst>
            <dst id="HSTNng">22342.6906666667</dst>
            <dst id="IPLSng">20127.7786666667</dst>
            <dst id="KSCYng">4394.89333333333</dst>
            <dst id="LOSAng">5980.552</dst>
            <dst id="NYCMng">9208.216</dst>
            <dst id="SNVAng">1076.736</dst>
            <dst id="STTLng">2627.584</dst>
            <dst id="WASHng">19823.312</dst>
        </src>
        <src id="LOSAng">
            <dst id="ATLA-M5">1149.47733333333</dst>
            <dst id="ATLAng">30850.288</dst>
            <dst id="CHINng">113632.312</dst>
            <dst id="DNVRng">13010.9786666667</dst>
            <dst id="HSTNng">16339.0586666667</dst>
            <dst id="IPLSng">52280.784</dst>
            <dst id="KSCYng">8017.864</dst>
            <dst id="LOSAng">11949.288</dst>
            <dst id="NYCMng">74142.8986666667</dst>
            <dst id="SNVAng">24020.7013333333</dst>
            <dst id="STTLng">41556.368</dst>
            <dst id="WASHng">130180.626666667</dst>
        </src>
        <src id="NYCMng">
            <dst id="ATLA-M5">2791.79733333333</dst>
            <dst id="ATLAng">58498.808</dst>
            <dst id="CHINng">67899.6826666667</dst>
            <dst id="DNVRng">108534.898666667</dst>
            <dst id="HSTNng">13596.3466666667</dst>
            <dst id="IPLSng">40243.6026666667</dst>
            <dst id="KSCYng">20247.1706666667</dst>
            <dst id="LOSAng">80685.3066666667</dst>
            <dst id="NYCMng">122008.674666667</dst>
            <dst id="SNVAng">3318.792</dst>
            <dst id="STTLng">25822.68</dst>
            <dst id="WASHng">88092.9413333333</dst>
        </src>
        <src id="SNVAng">
            <dst id="ATLA-M5">0</dst>
            <dst id="ATLAng">106.666666666667</dst>
            <dst id="CHINng">8073.29866666667</dst>
            <dst id="DNVRng">4109.72</dst>
            <dst id="HSTNng">115.498666666667</dst>
            <dst id="IPLSng">5887.98933333333</dst>
            <dst id="KSCYng">53.3333333333333</dst>
            <dst id="LOSAng">49188.4453333333</dst>
            <dst id="NYCMng">1283.17333333333</dst>
            <dst id="SNVAng">27929.984</dst>
            <dst id="STTLng">32922.3306666667</dst>
            <dst id="WASHng">238.437333333333</dst>
        </src>
        <src id="STTLng">
            <dst id="ATLA-M5">243.88</dst>
            <dst id="ATLAng">13936.6986666667</dst>
            <dst id="CHINng">27814.3946666667</dst>
            <dst id="DNVRng">4721.96</dst>
            <dst id="HSTNng">6881.17066666667</dst>
            <dst id="IPLSng">13194.848</dst>
            <dst id="KSCYng">6184.64533333333</dst>
            <dst id="LOSAng">30267.536</dst>
            <dst id="NYCMng">12188.4186666667</dst>
            <dst id="SNVAng">8319.78133333333</dst>
            <dst id="STTLng">5127.60266666667</dst>
            <dst id="WASHng">20825.7946666667</dst>
        </src>
        <src id="WASHng">
            <dst id="ATLA-M5">148.821333333333</dst>
            <dst id="ATLAng">143931.781333333</dst>
            <dst id="CHINng">90990.624</dst>
            <dst id="DNVRng">72691.2746666667</dst>
            <dst id="HSTNng">32119.2773333333</dst>
            <dst id="IPLSng">92092.7493333333</dst>
            <dst id="KSCYng">22264.8426666667</dst>
            <dst id="LOSAng">126230.661333333</dst>
            <dst id="NYCMng">168008.672</dst>
            <dst id="SNVAng">8964.98666666667</dst>
            <dst id="STTLng">40370.0453333333</dst>
            <dst id="WASHng">296334.4</dst>
        </src>
    </IntraTM>
</TrafficMatrixFile>
