<?xml version="1.0" encoding="ISO-8859-1" standalone="yes"?>
<TrafficMatrixFile xsi:noNamespaceSchemaLocation="http://totem.run.montefiore.ulg.ac.be/Schema/TrafficMatrix-v1_2.xsd" xmlns:xsi="http://www.w3.org/2001/XMLSchema-instance">
    <IntraTM ASID="11537">
        <src id="ATLA-M5">
            <dst id="ATLA-M5">26.6666666666667</dst>
            <dst id="ATLAng">33.816</dst>
            <dst id="CHINng">80</dst>
            <dst id="DNVRng">0</dst>
            <dst id="HSTNng">0</dst>
            <dst id="IPLSng">53.3333333333333</dst>
            <dst id="KSCYng">0</dst>
            <dst id="LOSAng">102.773333333333</dst>
            <dst id="NYCMng">56.1386666666667</dst>
            <dst id="SNVAng">0</dst>
            <dst id="STTLng">54.6666666666667</dst>
            <dst id="WASHng">213.333333333333</dst>
        </src>
        <src id="ATLAng">
            <dst id="ATLA-M5">196.090666666667</dst>
            <dst id="ATLAng">23396.128</dst>
            <dst id="CHINng">3974.33866666667</dst>
            <dst id="DNVRng">5163.06933333333</dst>
            <dst id="HSTNng">362.061333333333</dst>
            <dst id="IPLSng">9065.08533333333</dst>
            <dst id="KSCYng">480.813333333333</dst>
            <dst id="LOSAng">14914.328</dst>
            <dst id="NYCMng">7575.25866666667</dst>
            <dst id="SNVAng">13.3333333333333</dst>
            <dst id="STTLng">3892.18133333333</dst>
            <dst id="WASHng">52226.7626666667</dst>
        </src>
        <src id="CHINng">
            <dst id="ATLA-M5">0</dst>
            <dst id="ATLAng">5410.12</dst>
            <dst id="CHINng">117591.037333333</dst>
            <dst id="DNVRng">11942.6</dst>
            <dst id="HSTNng">3066.256</dst>
            <dst id="IPLSng">35015.1333333333</dst>
            <dst id="KSCYng">5254.18666666667</dst>
            <dst id="LOSAng">54226.6853333333</dst>
            <dst id="NYCMng">6314.47466666667</dst>
            <dst id="SNVAng">179.344</dst>
            <dst id="STTLng">7393.152</dst>
            <dst id="WASHng">19087.9226666667</dst>
        </src>
        <src id="DNVRng">
            <dst id="ATLA-M5">153.92</dst>
            <dst id="ATLAng">7055.10133333333</dst>
            <dst id="CHINng">52872.2026666667</dst>
            <dst id="DNVRng">25594.7226666667</dst>
            <dst id="HSTNng">24478.6533333333</dst>
            <dst id="IPLSng">23163.752</dst>
            <dst id="KSCYng">26183.4213333333</dst>
            <dst id="LOSAng">15553.0106666667</dst>
            <dst id="NYCMng">8200.984</dst>
            <dst id="SNVAng">15898.5706666667</dst>
            <dst id="STTLng">17534.3226666667</dst>
            <dst id="WASHng">34333.896</dst>
        </src>
        <src id="HSTNng">
            <dst id="ATLA-M5">1153.544</dst>
            <dst id="ATLAng">2049.30666666667</dst>
            <dst id="CHINng">12970.0666666667</dst>
            <dst id="DNVRng">6948.64266666667</dst>
            <dst id="HSTNng">3192.272</dst>
            <dst id="IPLSng">191.450666666667</dst>
            <dst id="KSCYng">3137.08533333333</dst>
            <dst id="LOSAng">10918.528</dst>
            <dst id="NYCMng">2993.424</dst>
            <dst id="SNVAng">26.6666666666667</dst>
            <dst id="STTLng">2155.11466666667</dst>
            <dst id="WASHng">1046.19733333333</dst>
        </src>
        <src id="IPLSng">
            <dst id="ATLA-M5">49.2266666666667</dst>
            <dst id="ATLAng">19803.7413333333</dst>
            <dst id="CHINng">78070.5946666667</dst>
            <dst id="DNVRng">5636.73866666667</dst>
            <dst id="HSTNng">975.514666666666</dst>
            <dst id="IPLSng">32281.9066666667</dst>
            <dst id="KSCYng">2181.57866666667</dst>
            <dst id="LOSAng">57920.952</dst>
            <dst id="NYCMng">9106.872</dst>
            <dst id="SNVAng">202.152</dst>
            <dst id="STTLng">19678.968</dst>
            <dst id="WASHng">20143.7146666667</dst>
        </src>
        <src id="KSCYng">
            <dst id="ATLA-M5">0</dst>
            <dst id="ATLAng">1520.48533333333</dst>
            <dst id="CHINng">26751.6853333333</dst>
            <dst id="DNVRng">7585.02933333333</dst>
            <dst id="HSTNng">2386.42133333333</dst>
            <dst id="IPLSng">16441.3786666667</dst>
            <dst id="KSCYng">6319.528</dst>
            <dst id="LOSAng">11078.9946666667</dst>
            <dst id="NYCMng">4640.05866666667</dst>
            <dst id="SNVAng">80</dst>
            <dst id="STTLng">2417.48533333333</dst>
            <dst id="WASHng">6145.09333333333</dst>
        </src>
        <src id="LOSAng">
            <dst id="ATLA-M5">266.570666666667</dst>
            <dst id="ATLAng">6436.07466666667</dst>
            <dst id="CHINng">126752.242666667</dst>
            <dst id="DNVRng">7726.45333333333</dst>
            <dst id="HSTNng">4788.34933333333</dst>
            <dst id="IPLSng">28869.9173333333</dst>
            <dst id="KSCYng">3449.71733333333</dst>
            <dst id="LOSAng">18208.288</dst>
            <dst id="NYCMng">46730.336</dst>
            <dst id="SNVAng">6018.06666666667</dst>
            <dst id="STTLng">40173.2053333333</dst>
            <dst id="WASHng">90794.9626666667</dst>
        </src>
        <src id="NYCMng">
            <dst id="ATLA-M5">552.034666666667</dst>
            <dst id="ATLAng">27920.2986666667</dst>
            <dst id="CHINng">50541.3306666667</dst>
            <dst id="DNVRng">118271.194666667</dst>
            <dst id="HSTNng">5657.11733333333</dst>
            <dst id="IPLSng">23490.264</dst>
            <dst id="KSCYng">10917.032</dst>
            <dst id="LOSAng">95682.312</dst>
            <dst id="NYCMng">88445.9306666667</dst>
            <dst id="SNVAng">1188.77066666667</dst>
            <dst id="STTLng">23116.0133333333</dst>
            <dst id="WASHng">55258.824</dst>
        </src>
        <src id="SNVAng">
            <dst id="ATLA-M5">0</dst>
            <dst id="ATLAng">80</dst>
            <dst id="CHINng">436.776</dst>
            <dst id="DNVRng">2530.42666666667</dst>
            <dst id="HSTNng">56</dst>
            <dst id="IPLSng">231.04</dst>
            <dst id="KSCYng">0</dst>
            <dst id="LOSAng">26876.624</dst>
            <dst id="NYCMng">367.466666666667</dst>
            <dst id="SNVAng">7972.88266666667</dst>
            <dst id="STTLng">22442.4853333333</dst>
            <dst id="WASHng">97.7706666666667</dst>
        </src>
        <src id="STTLng">
            <dst id="ATLA-M5">26.6666666666667</dst>
            <dst id="ATLAng">7475.74666666667</dst>
            <dst id="CHINng">29564.432</dst>
            <dst id="DNVRng">2084.77066666667</dst>
            <dst id="HSTNng">788.997333333333</dst>
            <dst id="IPLSng">7406.61866666667</dst>
            <dst id="KSCYng">6676.07733333333</dst>
            <dst id="LOSAng">21456.3093333333</dst>
            <dst id="NYCMng">13066.8933333333</dst>
            <dst id="SNVAng">4061.85066666667</dst>
            <dst id="STTLng">6540.78933333333</dst>
            <dst id="WASHng">4575.02666666667</dst>
        </src>
        <src id="WASHng">
            <dst id="ATLA-M5">80</dst>
            <dst id="ATLAng">78299.8426666667</dst>
            <dst id="CHINng">78196.736</dst>
            <dst id="DNVRng">106572.354666667</dst>
            <dst id="HSTNng">13518.072</dst>
            <dst id="IPLSng">32960.5146666667</dst>
            <dst id="KSCYng">18269.7866666667</dst>
            <dst id="LOSAng">106408.013333333</dst>
            <dst id="NYCMng">110129.28</dst>
            <dst id="SNVAng">7262.27466666666</dst>
            <dst id="STTLng">23123.4906666667</dst>
            <dst id="WASHng">288400.373333333</dst>
        </src>
    </IntraTM>
</TrafficMatrixFile>
