<?xml version="1.0" encoding="ISO-8859-1" standalone="yes"?>
<TrafficMatrixFile xsi:noNamespaceSchemaLocation="http://totem.run.montefiore.ulg.ac.be/Schema/TrafficMatrix-v1_2.xsd" xmlns:xsi="http://www.w3.org/2001/XMLSchema-instance">
    <IntraTM ASID="11537">
        <src id="ATLA-M5">
            <dst id="ATLA-M5">26.6666666666667</dst>
            <dst id="ATLAng">155.338666666667</dst>
            <dst id="CHINng">923.968</dst>
            <dst id="DNVRng">0</dst>
            <dst id="HSTNng">26.6666666666667</dst>
            <dst id="IPLSng">0</dst>
            <dst id="KSCYng">26.6666666666667</dst>
            <dst id="LOSAng">53.3333333333333</dst>
            <dst id="NYCMng">98.304</dst>
            <dst id="SNVAng">0</dst>
            <dst id="STTLng">91.4266666666667</dst>
            <dst id="WASHng">2437.544</dst>
        </src>
        <src id="ATLAng">
            <dst id="ATLA-M5">146.906666666667</dst>
            <dst id="ATLAng">38710.6266666667</dst>
            <dst id="CHINng">5863.08</dst>
            <dst id="DNVRng">7817.77333333333</dst>
            <dst id="HSTNng">1183.69866666667</dst>
            <dst id="IPLSng">8584.09333333333</dst>
            <dst id="KSCYng">571.109333333333</dst>
            <dst id="LOSAng">13981.9226666667</dst>
            <dst id="NYCMng">5294.264</dst>
            <dst id="SNVAng">244.533333333333</dst>
            <dst id="STTLng">3599.824</dst>
            <dst id="WASHng">58402.448</dst>
        </src>
        <src id="CHINng">
            <dst id="ATLA-M5">69.1306666666667</dst>
            <dst id="ATLAng">37660.5226666667</dst>
            <dst id="CHINng">102167.936</dst>
            <dst id="DNVRng">12792.3306666667</dst>
            <dst id="HSTNng">3905.03733333333</dst>
            <dst id="IPLSng">16178.0266666667</dst>
            <dst id="KSCYng">13091.4746666667</dst>
            <dst id="LOSAng">41532.288</dst>
            <dst id="NYCMng">5625.424</dst>
            <dst id="SNVAng">361.749333333333</dst>
            <dst id="STTLng">7577.17333333333</dst>
            <dst id="WASHng">19936.1093333333</dst>
        </src>
        <src id="DNVRng">
            <dst id="ATLA-M5">31.3546666666667</dst>
            <dst id="ATLAng">5937.528</dst>
            <dst id="CHINng">42080.0933333333</dst>
            <dst id="DNVRng">2717.18933333333</dst>
            <dst id="HSTNng">10209.6853333333</dst>
            <dst id="IPLSng">16040.12</dst>
            <dst id="KSCYng">7943.49333333333</dst>
            <dst id="LOSAng">4387.144</dst>
            <dst id="NYCMng">8935.928</dst>
            <dst id="SNVAng">5927.464</dst>
            <dst id="STTLng">3988.77066666667</dst>
            <dst id="WASHng">31300.008</dst>
        </src>
        <src id="HSTNng">
            <dst id="ATLA-M5">1658.392</dst>
            <dst id="ATLAng">2839.576</dst>
            <dst id="CHINng">18310.1813333333</dst>
            <dst id="DNVRng">571.984</dst>
            <dst id="HSTNng">2144.59733333333</dst>
            <dst id="IPLSng">472.578666666667</dst>
            <dst id="KSCYng">1167.248</dst>
            <dst id="LOSAng">3602.70933333333</dst>
            <dst id="NYCMng">3066.584</dst>
            <dst id="SNVAng">0</dst>
            <dst id="STTLng">2209.13866666667</dst>
            <dst id="WASHng">3381.46133333333</dst>
        </src>
        <src id="IPLSng">
            <dst id="ATLA-M5">0</dst>
            <dst id="ATLAng">16008.12</dst>
            <dst id="CHINng">64963.3493333333</dst>
            <dst id="DNVRng">2388.81333333333</dst>
            <dst id="HSTNng">2230.41066666667</dst>
            <dst id="IPLSng">8764.408</dst>
            <dst id="KSCYng">1676.97333333333</dst>
            <dst id="LOSAng">48652.184</dst>
            <dst id="NYCMng">18363.2826666667</dst>
            <dst id="SNVAng">3860.416</dst>
            <dst id="STTLng">12454.3946666667</dst>
            <dst id="WASHng">12566.6666666667</dst>
        </src>
        <src id="KSCYng">
            <dst id="ATLA-M5">0</dst>
            <dst id="ATLAng">1591.17333333333</dst>
            <dst id="CHINng">20051.296</dst>
            <dst id="DNVRng">7366.02933333333</dst>
            <dst id="HSTNng">2847.42133333333</dst>
            <dst id="IPLSng">6170</dst>
            <dst id="KSCYng">2835.93066666667</dst>
            <dst id="LOSAng">6930.59466666667</dst>
            <dst id="NYCMng">4767.304</dst>
            <dst id="SNVAng">1323.08</dst>
            <dst id="STTLng">1829.97333333333</dst>
            <dst id="WASHng">4903.16</dst>
        </src>
        <src id="LOSAng">
            <dst id="ATLA-M5">522.858666666667</dst>
            <dst id="ATLAng">47573.5386666667</dst>
            <dst id="CHINng">142243.864</dst>
            <dst id="DNVRng">5568.15466666667</dst>
            <dst id="HSTNng">13769.248</dst>
            <dst id="IPLSng">16257.056</dst>
            <dst id="KSCYng">2898.83733333333</dst>
            <dst id="LOSAng">17402.1786666667</dst>
            <dst id="NYCMng">65689.9813333333</dst>
            <dst id="SNVAng">7328.92266666667</dst>
            <dst id="STTLng">38147.288</dst>
            <dst id="WASHng">97969.3413333333</dst>
        </src>
        <src id="NYCMng">
            <dst id="ATLA-M5">344.394666666667</dst>
            <dst id="ATLAng">38861.5413333333</dst>
            <dst id="CHINng">36730.9866666667</dst>
            <dst id="DNVRng">67108.544</dst>
            <dst id="HSTNng">4120.73866666667</dst>
            <dst id="IPLSng">22878.6453333333</dst>
            <dst id="KSCYng">5147.8</dst>
            <dst id="LOSAng">58897.5573333333</dst>
            <dst id="NYCMng">129895.234666667</dst>
            <dst id="SNVAng">1993.60266666667</dst>
            <dst id="STTLng">24776.9013333333</dst>
            <dst id="WASHng">48991.2933333333</dst>
        </src>
        <src id="SNVAng">
            <dst id="ATLA-M5">0</dst>
            <dst id="ATLAng">26.6666666666667</dst>
            <dst id="CHINng">477.4</dst>
            <dst id="DNVRng">546.602666666667</dst>
            <dst id="HSTNng">206.314666666667</dst>
            <dst id="IPLSng">1128.13333333333</dst>
            <dst id="KSCYng">80.7866666666667</dst>
            <dst id="LOSAng">26803.4106666667</dst>
            <dst id="NYCMng">271.562666666667</dst>
            <dst id="SNVAng">8261.27733333333</dst>
            <dst id="STTLng">22859.424</dst>
            <dst id="WASHng">26.6666666666667</dst>
        </src>
        <src id="STTLng">
            <dst id="ATLA-M5">120.957333333333</dst>
            <dst id="ATLAng">9569.84266666667</dst>
            <dst id="CHINng">39334.856</dst>
            <dst id="DNVRng">510.701333333333</dst>
            <dst id="HSTNng">748.754666666667</dst>
            <dst id="IPLSng">5035.45066666667</dst>
            <dst id="KSCYng">765.168</dst>
            <dst id="LOSAng">23287.7173333333</dst>
            <dst id="NYCMng">9624.98133333333</dst>
            <dst id="SNVAng">2057.112</dst>
            <dst id="STTLng">1540.84266666667</dst>
            <dst id="WASHng">11479.9573333333</dst>
        </src>
        <src id="WASHng">
            <dst id="ATLA-M5">214.810666666667</dst>
            <dst id="ATLAng">89081.0293333333</dst>
            <dst id="CHINng">85955.68</dst>
            <dst id="DNVRng">62913.088</dst>
            <dst id="HSTNng">2944.888</dst>
            <dst id="IPLSng">57156.2826666667</dst>
            <dst id="KSCYng">4503.84</dst>
            <dst id="LOSAng">124280.072</dst>
            <dst id="NYCMng">113845.333333333</dst>
            <dst id="SNVAng">483.693333333333</dst>
            <dst id="STTLng">31441.7146666667</dst>
            <dst id="WASHng">312069.28</dst>
        </src>
    </IntraTM>
</TrafficMatrixFile>
