<?xml version="1.0" encoding="ISO-8859-1" standalone="yes"?>
<TrafficMatrixFile xsi:noNamespaceSchemaLocation="http://totem.run.montefiore.ulg.ac.be/Schema/TrafficMatrix-v1_2.xsd" xmlns:xsi="http://www.w3.org/2001/XMLSchema-instance">
    <IntraTM ASID="11537">
        <src id="ATLA-M5">
            <dst id="ATLA-M5">680.386666666667</dst>
            <dst id="ATLAng">1522.29066666667</dst>
            <dst id="CHINng">645.848</dst>
            <dst id="DNVRng">190.450666666667</dst>
            <dst id="HSTNng">131.16</dst>
            <dst id="IPLSng">218.485333333333</dst>
            <dst id="KSCYng">78.312</dst>
            <dst id="LOSAng">404.738666666667</dst>
            <dst id="NYCMng">525.432</dst>
            <dst id="SNVAng">2333.00266666667</dst>
            <dst id="STTLng">220.096</dst>
            <dst id="WASHng">2470.952</dst>
        </src>
        <src id="ATLAng">
            <dst id="ATLA-M5">309.501333333333</dst>
            <dst id="ATLAng">32358.2693333333</dst>
            <dst id="CHINng">18212.3093333333</dst>
            <dst id="DNVRng">6100.75466666667</dst>
            <dst id="HSTNng">2715.15733333333</dst>
            <dst id="IPLSng">14741.96</dst>
            <dst id="KSCYng">16482.8933333333</dst>
            <dst id="LOSAng">18731.2733333333</dst>
            <dst id="NYCMng">10032.824</dst>
            <dst id="SNVAng">997.132</dst>
            <dst id="STTLng">6828.78933333333</dst>
            <dst id="WASHng">67399.0853333333</dst>
        </src>
        <src id="CHINng">
            <dst id="ATLA-M5">535.768</dst>
            <dst id="ATLAng">33143.04</dst>
            <dst id="CHINng">150433.576</dst>
            <dst id="DNVRng">19343.192</dst>
            <dst id="HSTNng">8813.008</dst>
            <dst id="IPLSng">49175.152</dst>
            <dst id="KSCYng">25100.704</dst>
            <dst id="LOSAng">51743.8746666667</dst>
            <dst id="NYCMng">7765.60533333333</dst>
            <dst id="SNVAng">2823.84533333333</dst>
            <dst id="STTLng">9476.09333333333</dst>
            <dst id="WASHng">56458.56</dst>
        </src>
        <src id="DNVRng">
            <dst id="ATLA-M5">481.232</dst>
            <dst id="ATLAng">10236.1706666667</dst>
            <dst id="CHINng">58236.5066666667</dst>
            <dst id="DNVRng">19163.144</dst>
            <dst id="HSTNng">24448.7386666667</dst>
            <dst id="IPLSng">21317.928</dst>
            <dst id="KSCYng">35998.9946666667</dst>
            <dst id="LOSAng">15366.816</dst>
            <dst id="NYCMng">18062.8053333333</dst>
            <dst id="SNVAng">26305.2426666667</dst>
            <dst id="STTLng">12474.3146666667</dst>
            <dst id="WASHng">35199.5866666667</dst>
        </src>
        <src id="HSTNng">
            <dst id="ATLA-M5">3385.27733333333</dst>
            <dst id="ATLAng">5399.99466666667</dst>
            <dst id="CHINng">22292.6373333333</dst>
            <dst id="DNVRng">1864.93866666667</dst>
            <dst id="HSTNng">6368.18133333333</dst>
            <dst id="IPLSng">4006.36</dst>
            <dst id="KSCYng">5144.25066666667</dst>
            <dst id="LOSAng">18681.1706666667</dst>
            <dst id="NYCMng">4702.61866666667</dst>
            <dst id="SNVAng">402.584</dst>
            <dst id="STTLng">1776.00266666667</dst>
            <dst id="WASHng">12654.7866666667</dst>
        </src>
        <src id="IPLSng">
            <dst id="ATLA-M5">354.592</dst>
            <dst id="ATLAng">25143.5386666667</dst>
            <dst id="CHINng">125170.893333333</dst>
            <dst id="DNVRng">20963.0826666667</dst>
            <dst id="HSTNng">11496.104</dst>
            <dst id="IPLSng">34801.264</dst>
            <dst id="KSCYng">5747.57333333333</dst>
            <dst id="LOSAng">48887.904</dst>
            <dst id="NYCMng">26606.056</dst>
            <dst id="SNVAng">2275.912</dst>
            <dst id="STTLng">18638.472</dst>
            <dst id="WASHng">36248.2213333333</dst>
        </src>
        <src id="KSCYng">
            <dst id="ATLA-M5">385.056</dst>
            <dst id="ATLAng">3862.312</dst>
            <dst id="CHINng">27782.5306666667</dst>
            <dst id="DNVRng">15601.5573333333</dst>
            <dst id="HSTNng">4957.77333333333</dst>
            <dst id="IPLSng">18435.8933333333</dst>
            <dst id="KSCYng">5495.32266666667</dst>
            <dst id="LOSAng">9356.24533333333</dst>
            <dst id="NYCMng">3531.60266666667</dst>
            <dst id="SNVAng">301.418666666667</dst>
            <dst id="STTLng">1952.27733333333</dst>
            <dst id="WASHng">10538.976</dst>
        </src>
        <src id="LOSAng">
            <dst id="ATLA-M5">3340.54666666667</dst>
            <dst id="ATLAng">38756.616</dst>
            <dst id="CHINng">142775.381333333</dst>
            <dst id="DNVRng">9032.472</dst>
            <dst id="HSTNng">14229.1226666667</dst>
            <dst id="IPLSng">74614.1573333333</dst>
            <dst id="KSCYng">16935.2453333333</dst>
            <dst id="LOSAng">18836.2693333333</dst>
            <dst id="NYCMng">57873.4906666667</dst>
            <dst id="SNVAng">16526.456</dst>
            <dst id="STTLng">50749.9466666667</dst>
            <dst id="WASHng">106679.450666667</dst>
        </src>
        <src id="NYCMng">
            <dst id="ATLA-M5">551.730666666667</dst>
            <dst id="ATLAng">58281.632</dst>
            <dst id="CHINng">68597.2533333333</dst>
            <dst id="DNVRng">28426.2</dst>
            <dst id="HSTNng">13968.008</dst>
            <dst id="IPLSng">49619.408</dst>
            <dst id="KSCYng">19468.792</dst>
            <dst id="LOSAng">69748.0746666667</dst>
            <dst id="NYCMng">124931.506666667</dst>
            <dst id="SNVAng">5719.03733333333</dst>
            <dst id="STTLng">29298.1866666667</dst>
            <dst id="WASHng">86013.288</dst>
        </src>
        <src id="SNVAng">
            <dst id="ATLA-M5">0</dst>
            <dst id="ATLAng">329.752</dst>
            <dst id="CHINng">7003.41333333333</dst>
            <dst id="DNVRng">11520.504</dst>
            <dst id="HSTNng">240.218666666667</dst>
            <dst id="IPLSng">616.293333333333</dst>
            <dst id="KSCYng">43.328</dst>
            <dst id="LOSAng">19384.9973333333</dst>
            <dst id="NYCMng">299.421333333333</dst>
            <dst id="SNVAng">9157.25066666666</dst>
            <dst id="STTLng">19193.008</dst>
            <dst id="WASHng">314.901333333333</dst>
        </src>
        <src id="STTLng">
            <dst id="ATLA-M5">540.930666666667</dst>
            <dst id="ATLAng">15437.1146666667</dst>
            <dst id="CHINng">31443.3946666667</dst>
            <dst id="DNVRng">4132.19733333333</dst>
            <dst id="HSTNng">3606.97066666667</dst>
            <dst id="IPLSng">17999.3786666667</dst>
            <dst id="KSCYng">8237.008</dst>
            <dst id="LOSAng">25308.5253333333</dst>
            <dst id="NYCMng">16665.1813333333</dst>
            <dst id="SNVAng">7283.53066666667</dst>
            <dst id="STTLng">6919.92266666667</dst>
            <dst id="WASHng">17220.888</dst>
        </src>
        <src id="WASHng">
            <dst id="ATLA-M5">2229.20533333333</dst>
            <dst id="ATLAng">94373.1253333333</dst>
            <dst id="CHINng">116532.037333333</dst>
            <dst id="DNVRng">82783.3386666666</dst>
            <dst id="HSTNng">24945.024</dst>
            <dst id="IPLSng">63201.696</dst>
            <dst id="KSCYng">45865.64</dst>
            <dst id="LOSAng">122592.181333333</dst>
            <dst id="NYCMng">167925.893333333</dst>
            <dst id="SNVAng">6175.568</dst>
            <dst id="STTLng">39751.1493333333</dst>
            <dst id="WASHng">436365.973333333</dst>
        </src>
    </IntraTM>
</TrafficMatrixFile>
