<?xml version="1.0" encoding="ISO-8859-1" standalone="yes"?>
<TrafficMatrixFile xsi:noNamespaceSchemaLocation="http://totem.run.montefiore.ulg.ac.be/Schema/TrafficMatrix-v1_2.xsd" xmlns:xsi="http://www.w3.org/2001/XMLSchema-instance">
    <IntraTM ASID="11537">
        <src id="ATLA-M5">
            <dst id="ATLA-M5">150.296</dst>
            <dst id="ATLAng">149.090666666667</dst>
            <dst id="CHINng">1193.76266666667</dst>
            <dst id="DNVRng">53.3333333333333</dst>
            <dst id="HSTNng">1169.42666666667</dst>
            <dst id="IPLSng">381.973333333333</dst>
            <dst id="KSCYng">238.509333333333</dst>
            <dst id="LOSAng">297.429333333333</dst>
            <dst id="NYCMng">596</dst>
            <dst id="SNVAng">40</dst>
            <dst id="STTLng">154.312</dst>
            <dst id="WASHng">975.122666666666</dst>
        </src>
        <src id="ATLAng">
            <dst id="ATLA-M5">117.032</dst>
            <dst id="ATLAng">54280.952</dst>
            <dst id="CHINng">22902.8186666667</dst>
            <dst id="DNVRng">10904.3066666667</dst>
            <dst id="HSTNng">2184.86666666667</dst>
            <dst id="IPLSng">22053.528</dst>
            <dst id="KSCYng">5620.87466666667</dst>
            <dst id="LOSAng">14055.424</dst>
            <dst id="NYCMng">13116.6613333333</dst>
            <dst id="SNVAng">843.093333333333</dst>
            <dst id="STTLng">5205.49066666667</dst>
            <dst id="WASHng">54132.88</dst>
        </src>
        <src id="CHINng">
            <dst id="ATLA-M5">2171.312</dst>
            <dst id="ATLAng">23458.2426666667</dst>
            <dst id="CHINng">143131.704</dst>
            <dst id="DNVRng">16141.5466666667</dst>
            <dst id="HSTNng">16397.2053333333</dst>
            <dst id="IPLSng">44081.7973333333</dst>
            <dst id="KSCYng">7775.352</dst>
            <dst id="LOSAng">46794.3093333333</dst>
            <dst id="NYCMng">8811.85333333333</dst>
            <dst id="SNVAng">1207.368</dst>
            <dst id="STTLng">8409.78666666667</dst>
            <dst id="WASHng">37753.7466666667</dst>
        </src>
        <src id="DNVRng">
            <dst id="ATLA-M5">95.6266666666667</dst>
            <dst id="ATLAng">13292.384</dst>
            <dst id="CHINng">47904.2453333333</dst>
            <dst id="DNVRng">18410.6453333333</dst>
            <dst id="HSTNng">21493.872</dst>
            <dst id="IPLSng">32415.7786666667</dst>
            <dst id="KSCYng">19202.4773333333</dst>
            <dst id="LOSAng">32942.992</dst>
            <dst id="NYCMng">16685.6186666667</dst>
            <dst id="SNVAng">21060.176</dst>
            <dst id="STTLng">12545.0933333333</dst>
            <dst id="WASHng">36712.0826666667</dst>
        </src>
        <src id="HSTNng">
            <dst id="ATLA-M5">1393.66133333333</dst>
            <dst id="ATLAng">3000.008</dst>
            <dst id="CHINng">41910.3893333333</dst>
            <dst id="DNVRng">10689.1306666667</dst>
            <dst id="HSTNng">8955.29866666667</dst>
            <dst id="IPLSng">1916.02133333333</dst>
            <dst id="KSCYng">1421.11733333333</dst>
            <dst id="LOSAng">6577.38133333333</dst>
            <dst id="NYCMng">4233.472</dst>
            <dst id="SNVAng">131.32</dst>
            <dst id="STTLng">1565.496</dst>
            <dst id="WASHng">13176.6613333333</dst>
        </src>
        <src id="IPLSng">
            <dst id="ATLA-M5">494.824</dst>
            <dst id="ATLAng">18339.5786666667</dst>
            <dst id="CHINng">92380.4666666667</dst>
            <dst id="DNVRng">15990.824</dst>
            <dst id="HSTNng">5266.45866666667</dst>
            <dst id="IPLSng">29176.4693333333</dst>
            <dst id="KSCYng">17823.928</dst>
            <dst id="LOSAng">54161.0186666667</dst>
            <dst id="NYCMng">32750.088</dst>
            <dst id="SNVAng">1198.98133333333</dst>
            <dst id="STTLng">14274.9093333333</dst>
            <dst id="WASHng">28732.6586666667</dst>
        </src>
        <src id="KSCYng">
            <dst id="ATLA-M5">106.666666666667</dst>
            <dst id="ATLAng">3004.76</dst>
            <dst id="CHINng">20364.2906666667</dst>
            <dst id="DNVRng">13702.304</dst>
            <dst id="HSTNng">6315.94666666667</dst>
            <dst id="IPLSng">19489.96</dst>
            <dst id="KSCYng">6185.33333333333</dst>
            <dst id="LOSAng">7616.104</dst>
            <dst id="NYCMng">3900.05866666667</dst>
            <dst id="SNVAng">532.128</dst>
            <dst id="STTLng">1436.60533333333</dst>
            <dst id="WASHng">25208.6426666667</dst>
        </src>
        <src id="LOSAng">
            <dst id="ATLA-M5">678.986666666667</dst>
            <dst id="ATLAng">44474.3706666667</dst>
            <dst id="CHINng">138243.824</dst>
            <dst id="DNVRng">20034.6106666667</dst>
            <dst id="HSTNng">9786.89866666667</dst>
            <dst id="IPLSng">47496.304</dst>
            <dst id="KSCYng">8711.392</dst>
            <dst id="LOSAng">13006.4666666667</dst>
            <dst id="NYCMng">66882.1493333333</dst>
            <dst id="SNVAng">17934.8826666667</dst>
            <dst id="STTLng">48055.9946666667</dst>
            <dst id="WASHng">122511.613333333</dst>
        </src>
        <src id="NYCMng">
            <dst id="ATLA-M5">1310.93866666667</dst>
            <dst id="ATLAng">56508.7013333333</dst>
            <dst id="CHINng">50523.832</dst>
            <dst id="DNVRng">114412.186666667</dst>
            <dst id="HSTNng">15055.592</dst>
            <dst id="IPLSng">67853.9626666667</dst>
            <dst id="KSCYng">29207.5333333333</dst>
            <dst id="LOSAng">76000.9866666667</dst>
            <dst id="NYCMng">194364.741333333</dst>
            <dst id="SNVAng">3642.85066666667</dst>
            <dst id="STTLng">29818.4026666667</dst>
            <dst id="WASHng">102642.256</dst>
        </src>
        <src id="SNVAng">
            <dst id="ATLA-M5">0</dst>
            <dst id="ATLAng">595.290666666667</dst>
            <dst id="CHINng">2442.032</dst>
            <dst id="DNVRng">15164.448</dst>
            <dst id="HSTNng">72.8533333333333</dst>
            <dst id="IPLSng">7044.65066666667</dst>
            <dst id="KSCYng">699.432</dst>
            <dst id="LOSAng">46908.0746666667</dst>
            <dst id="NYCMng">415.584</dst>
            <dst id="SNVAng">16543.024</dst>
            <dst id="STTLng">35393.44</dst>
            <dst id="WASHng">332.906666666667</dst>
        </src>
        <src id="STTLng">
            <dst id="ATLA-M5">269.768</dst>
            <dst id="ATLAng">14005.3253333333</dst>
            <dst id="CHINng">35052.7946666667</dst>
            <dst id="DNVRng">5197.00533333333</dst>
            <dst id="HSTNng">7518.98133333333</dst>
            <dst id="IPLSng">14282.7946666667</dst>
            <dst id="KSCYng">4440.272</dst>
            <dst id="LOSAng">32758.488</dst>
            <dst id="NYCMng">14720.7786666667</dst>
            <dst id="SNVAng">6552.87733333333</dst>
            <dst id="STTLng">5479.42133333333</dst>
            <dst id="WASHng">37511.8133333333</dst>
        </src>
        <src id="WASHng">
            <dst id="ATLA-M5">1345.224</dst>
            <dst id="ATLAng">128948.349333333</dst>
            <dst id="CHINng">118755.856</dst>
            <dst id="DNVRng">70762.088</dst>
            <dst id="HSTNng">24922.0533333333</dst>
            <dst id="IPLSng">93651.7333333333</dst>
            <dst id="KSCYng">25584.6426666667</dst>
            <dst id="LOSAng">116868.765333333</dst>
            <dst id="NYCMng">168379.477333333</dst>
            <dst id="SNVAng">1734.496</dst>
            <dst id="STTLng">43840.704</dst>
            <dst id="WASHng">350251.173333333</dst>
        </src>
    </IntraTM>
</TrafficMatrixFile>
