<?xml version="1.0" encoding="ISO-8859-1" standalone="yes"?>
<TrafficMatrixFile xsi:noNamespaceSchemaLocation="http://totem.run.montefiore.ulg.ac.be/Schema/TrafficMatrix-v1_2.xsd" xmlns:xsi="http://www.w3.org/2001/XMLSchema-instance">
    <IntraTM ASID="11537">
        <src id="ATLA-M5">
            <dst id="ATLA-M5">26.6666666666667</dst>
            <dst id="ATLAng">49.7653333333333</dst>
            <dst id="CHINng">59.328</dst>
            <dst id="DNVRng">0</dst>
            <dst id="HSTNng">80.0453333333333</dst>
            <dst id="IPLSng">53.3333333333333</dst>
            <dst id="KSCYng">0</dst>
            <dst id="LOSAng">68.584</dst>
            <dst id="NYCMng">74.7733333333333</dst>
            <dst id="SNVAng">0</dst>
            <dst id="STTLng">26.6666666666667</dst>
            <dst id="WASHng">1432.22133333333</dst>
        </src>
        <src id="ATLAng">
            <dst id="ATLA-M5">79.3786666666667</dst>
            <dst id="ATLAng">23484.664</dst>
            <dst id="CHINng">12285.6746666667</dst>
            <dst id="DNVRng">7727.088</dst>
            <dst id="HSTNng">452.056</dst>
            <dst id="IPLSng">8451.69066666667</dst>
            <dst id="KSCYng">379.565333333333</dst>
            <dst id="LOSAng">11273.9653333333</dst>
            <dst id="NYCMng">4024.128</dst>
            <dst id="SNVAng">444.933333333333</dst>
            <dst id="STTLng">4382.61866666667</dst>
            <dst id="WASHng">42879.6266666667</dst>
        </src>
        <src id="CHINng">
            <dst id="ATLA-M5">83.9813333333333</dst>
            <dst id="ATLAng">7780.66133333333</dst>
            <dst id="CHINng">98451.1093333333</dst>
            <dst id="DNVRng">9705.13066666667</dst>
            <dst id="HSTNng">3537.55733333333</dst>
            <dst id="IPLSng">19184.904</dst>
            <dst id="KSCYng">4251.53066666667</dst>
            <dst id="LOSAng">40167.6213333333</dst>
            <dst id="NYCMng">49931.6613333333</dst>
            <dst id="SNVAng">2015.88533333333</dst>
            <dst id="STTLng">4349.98133333333</dst>
            <dst id="WASHng">12003.376</dst>
        </src>
        <src id="DNVRng">
            <dst id="ATLA-M5">160.650666666667</dst>
            <dst id="ATLAng">8203.05866666667</dst>
            <dst id="CHINng">59143.6133333333</dst>
            <dst id="DNVRng">21477.016</dst>
            <dst id="HSTNng">12266.1653333333</dst>
            <dst id="IPLSng">15731.384</dst>
            <dst id="KSCYng">10649.6506666667</dst>
            <dst id="LOSAng">10199.176</dst>
            <dst id="NYCMng">12210.376</dst>
            <dst id="SNVAng">6292.17333333333</dst>
            <dst id="STTLng">8338.336</dst>
            <dst id="WASHng">36455.88</dst>
        </src>
        <src id="HSTNng">
            <dst id="ATLA-M5">3741.832</dst>
            <dst id="ATLAng">720.418666666667</dst>
            <dst id="CHINng">11324.3493333333</dst>
            <dst id="DNVRng">994.786666666667</dst>
            <dst id="HSTNng">2324.79466666667</dst>
            <dst id="IPLSng">3431.18933333333</dst>
            <dst id="KSCYng">2112.368</dst>
            <dst id="LOSAng">7114.97066666667</dst>
            <dst id="NYCMng">1492.54666666667</dst>
            <dst id="SNVAng">26.6666666666667</dst>
            <dst id="STTLng">2165.56266666667</dst>
            <dst id="WASHng">1949.96</dst>
        </src>
        <src id="IPLSng">
            <dst id="ATLA-M5">56.0906666666667</dst>
            <dst id="ATLAng">11206.6053333333</dst>
            <dst id="CHINng">74822.1253333333</dst>
            <dst id="DNVRng">13972.5946666667</dst>
            <dst id="HSTNng">822.754666666666</dst>
            <dst id="IPLSng">7871.35733333333</dst>
            <dst id="KSCYng">2470.72266666667</dst>
            <dst id="LOSAng">49721.2133333333</dst>
            <dst id="NYCMng">8605.69066666667</dst>
            <dst id="SNVAng">134.117333333333</dst>
            <dst id="STTLng">7609.45866666666</dst>
            <dst id="WASHng">11357.712</dst>
        </src>
        <src id="KSCYng">
            <dst id="ATLA-M5">26.6666666666667</dst>
            <dst id="ATLAng">1412.24533333333</dst>
            <dst id="CHINng">35172.136</dst>
            <dst id="DNVRng">12291.8106666667</dst>
            <dst id="HSTNng">2104.816</dst>
            <dst id="IPLSng">16776.144</dst>
            <dst id="KSCYng">2701.912</dst>
            <dst id="LOSAng">5661.26933333333</dst>
            <dst id="NYCMng">5333.86133333333</dst>
            <dst id="SNVAng">59.1973333333333</dst>
            <dst id="STTLng">4667.46666666667</dst>
            <dst id="WASHng">4853.28266666667</dst>
        </src>
        <src id="LOSAng">
            <dst id="ATLA-M5">47.1813333333333</dst>
            <dst id="ATLAng">8503.05866666667</dst>
            <dst id="CHINng">125874.12</dst>
            <dst id="DNVRng">6263.47733333333</dst>
            <dst id="HSTNng">5192.58133333333</dst>
            <dst id="IPLSng">28369.5973333333</dst>
            <dst id="KSCYng">7206.92533333333</dst>
            <dst id="LOSAng">22566.616</dst>
            <dst id="NYCMng">44420.7146666667</dst>
            <dst id="SNVAng">5013.26133333333</dst>
            <dst id="STTLng">32507.7093333333</dst>
            <dst id="WASHng">91226.0853333333</dst>
        </src>
        <src id="NYCMng">
            <dst id="ATLA-M5">116.274666666667</dst>
            <dst id="ATLAng">28511.8986666667</dst>
            <dst id="CHINng">43829.3546666667</dst>
            <dst id="DNVRng">115493.792</dst>
            <dst id="HSTNng">5015.13333333333</dst>
            <dst id="IPLSng">26623.4666666667</dst>
            <dst id="KSCYng">7639.15466666667</dst>
            <dst id="LOSAng">70226.896</dst>
            <dst id="NYCMng">71420.1146666667</dst>
            <dst id="SNVAng">1952.32</dst>
            <dst id="STTLng">23217.776</dst>
            <dst id="WASHng">52831.4186666667</dst>
        </src>
        <src id="SNVAng">
            <dst id="ATLA-M5">0</dst>
            <dst id="ATLAng">53.3333333333333</dst>
            <dst id="CHINng">546.813333333333</dst>
            <dst id="DNVRng">289.504</dst>
            <dst id="HSTNng">26.6666666666667</dst>
            <dst id="IPLSng">339.984</dst>
            <dst id="KSCYng">26.6666666666667</dst>
            <dst id="LOSAng">25658.6586666667</dst>
            <dst id="NYCMng">304.28</dst>
            <dst id="SNVAng">9574.72266666667</dst>
            <dst id="STTLng">20062.1093333333</dst>
            <dst id="WASHng">71.7573333333333</dst>
        </src>
        <src id="STTLng">
            <dst id="ATLA-M5">0</dst>
            <dst id="ATLAng">8149.48266666667</dst>
            <dst id="CHINng">27039.0453333333</dst>
            <dst id="DNVRng">1514.15466666667</dst>
            <dst id="HSTNng">3229.23733333333</dst>
            <dst id="IPLSng">5869.032</dst>
            <dst id="KSCYng">1049.85866666667</dst>
            <dst id="LOSAng">16335.2053333333</dst>
            <dst id="NYCMng">8599.79733333333</dst>
            <dst id="SNVAng">3285.96266666667</dst>
            <dst id="STTLng">786.181333333333</dst>
            <dst id="WASHng">4871.54666666667</dst>
        </src>
        <src id="WASHng">
            <dst id="ATLA-M5">53.9253333333333</dst>
            <dst id="ATLAng">96794.3946666667</dst>
            <dst id="CHINng">58663.384</dst>
            <dst id="DNVRng">52923.536</dst>
            <dst id="HSTNng">27921.9013333333</dst>
            <dst id="IPLSng">36786.752</dst>
            <dst id="KSCYng">4096.68533333333</dst>
            <dst id="LOSAng">130997.141333333</dst>
            <dst id="NYCMng">116635.117333333</dst>
            <dst id="SNVAng">4127.664</dst>
            <dst id="STTLng">31071.2666666667</dst>
            <dst id="WASHng">251742.797333333</dst>
        </src>
    </IntraTM>
</TrafficMatrixFile>
