<?xml version="1.0" encoding="ISO-8859-1" standalone="yes"?>
<TrafficMatrixFile xsi:noNamespaceSchemaLocation="http://totem.run.montefiore.ulg.ac.be/Schema/TrafficMatrix-v1_2.xsd" xmlns:xsi="http://www.w3.org/2001/XMLSchema-instance">
    <IntraTM ASID="11537">
        <src id="ATLA-M5">
            <dst id="ATLA-M5">104.050666666667</dst>
            <dst id="ATLAng">274.474666666667</dst>
            <dst id="CHINng">809.970666666667</dst>
            <dst id="DNVRng">0</dst>
            <dst id="HSTNng">317.432</dst>
            <dst id="IPLSng">197.570666666667</dst>
            <dst id="KSCYng">156.192</dst>
            <dst id="LOSAng">368.272</dst>
            <dst id="NYCMng">1338.90133333333</dst>
            <dst id="SNVAng">0</dst>
            <dst id="STTLng">80</dst>
            <dst id="WASHng">387.058666666667</dst>
        </src>
        <src id="ATLAng">
            <dst id="ATLA-M5">448.656</dst>
            <dst id="ATLAng">39175.976</dst>
            <dst id="CHINng">15275.936</dst>
            <dst id="DNVRng">11050.7226666667</dst>
            <dst id="HSTNng">1339.952</dst>
            <dst id="IPLSng">15617.8773333333</dst>
            <dst id="KSCYng">2476.92533333333</dst>
            <dst id="LOSAng">32383.088</dst>
            <dst id="NYCMng">9635.65866666666</dst>
            <dst id="SNVAng">3643.59866666667</dst>
            <dst id="STTLng">5418.90933333333</dst>
            <dst id="WASHng">55432.6693333333</dst>
        </src>
        <src id="CHINng">
            <dst id="ATLA-M5">738.224</dst>
            <dst id="ATLAng">16536.9946666667</dst>
            <dst id="CHINng">171609.688</dst>
            <dst id="DNVRng">17004.7066666667</dst>
            <dst id="HSTNng">6871.89066666666</dst>
            <dst id="IPLSng">39618.7973333333</dst>
            <dst id="KSCYng">12836.5813333333</dst>
            <dst id="LOSAng">49829.3813333333</dst>
            <dst id="NYCMng">15037.92</dst>
            <dst id="SNVAng">742.898666666667</dst>
            <dst id="STTLng">14011.8026666667</dst>
            <dst id="WASHng">31138.056</dst>
        </src>
        <src id="DNVRng">
            <dst id="ATLA-M5">241.197333333333</dst>
            <dst id="ATLAng">19625.216</dst>
            <dst id="CHINng">53937.9066666667</dst>
            <dst id="DNVRng">21897.864</dst>
            <dst id="HSTNng">20344.232</dst>
            <dst id="IPLSng">28329.32</dst>
            <dst id="KSCYng">20722.048</dst>
            <dst id="LOSAng">12950.2346666667</dst>
            <dst id="NYCMng">16469.0133333333</dst>
            <dst id="SNVAng">56957.5626666667</dst>
            <dst id="STTLng">20187.9413333333</dst>
            <dst id="WASHng">48814.4613333333</dst>
        </src>
        <src id="HSTNng">
            <dst id="ATLA-M5">1796.12266666667</dst>
            <dst id="ATLAng">4425.04266666667</dst>
            <dst id="CHINng">41774.9386666667</dst>
            <dst id="DNVRng">10330.5066666667</dst>
            <dst id="HSTNng">6361.29066666667</dst>
            <dst id="IPLSng">3221.98133333333</dst>
            <dst id="KSCYng">3996.10666666667</dst>
            <dst id="LOSAng">8154.28266666667</dst>
            <dst id="NYCMng">1831.928</dst>
            <dst id="SNVAng">239.954666666667</dst>
            <dst id="STTLng">2456.872</dst>
            <dst id="WASHng">9334.352</dst>
        </src>
        <src id="IPLSng">
            <dst id="ATLA-M5">327.802666666667</dst>
            <dst id="ATLAng">26594.4853333333</dst>
            <dst id="CHINng">96337.6773333333</dst>
            <dst id="DNVRng">6150.88266666667</dst>
            <dst id="HSTNng">17747.5413333333</dst>
            <dst id="IPLSng">24166.1866666667</dst>
            <dst id="KSCYng">9227.26933333333</dst>
            <dst id="LOSAng">35872.912</dst>
            <dst id="NYCMng">28134.08</dst>
            <dst id="SNVAng">2129.79733333333</dst>
            <dst id="STTLng">13768.84</dst>
            <dst id="WASHng">39476.784</dst>
        </src>
        <src id="KSCYng">
            <dst id="ATLA-M5">0</dst>
            <dst id="ATLAng">2535.26933333333</dst>
            <dst id="CHINng">19566.616</dst>
            <dst id="DNVRng">14441.624</dst>
            <dst id="HSTNng">5342.672</dst>
            <dst id="IPLSng">16051.1306666667</dst>
            <dst id="KSCYng">5573.87466666667</dst>
            <dst id="LOSAng">8552.74933333334</dst>
            <dst id="NYCMng">2643.67733333333</dst>
            <dst id="SNVAng">420.325333333333</dst>
            <dst id="STTLng">1559.056</dst>
            <dst id="WASHng">11135.1173333333</dst>
        </src>
        <src id="LOSAng">
            <dst id="ATLA-M5">830.877333333333</dst>
            <dst id="ATLAng">34577.8373333333</dst>
            <dst id="CHINng">149476.098666667</dst>
            <dst id="DNVRng">28449.6453333333</dst>
            <dst id="HSTNng">11212.8826666667</dst>
            <dst id="IPLSng">46178.4133333333</dst>
            <dst id="KSCYng">14021.3093333333</dst>
            <dst id="LOSAng">11255.3786666667</dst>
            <dst id="NYCMng">67981.2213333333</dst>
            <dst id="SNVAng">15939.84</dst>
            <dst id="STTLng">48813.4053333333</dst>
            <dst id="WASHng">115517.301333333</dst>
        </src>
        <src id="NYCMng">
            <dst id="ATLA-M5">506.642666666667</dst>
            <dst id="ATLAng">64082.1626666667</dst>
            <dst id="CHINng">53932.5893333333</dst>
            <dst id="DNVRng">33579.0293333333</dst>
            <dst id="HSTNng">20906.9973333333</dst>
            <dst id="IPLSng">58442.8666666667</dst>
            <dst id="KSCYng">31300.184</dst>
            <dst id="LOSAng">69226.128</dst>
            <dst id="NYCMng">150320.338666667</dst>
            <dst id="SNVAng">3506.16</dst>
            <dst id="STTLng">23798.3146666667</dst>
            <dst id="WASHng">104957.442666667</dst>
        </src>
        <src id="SNVAng">
            <dst id="ATLA-M5">0</dst>
            <dst id="ATLAng">134.106666666667</dst>
            <dst id="CHINng">6868.49066666667</dst>
            <dst id="DNVRng">11739.9013333333</dst>
            <dst id="HSTNng">348.952</dst>
            <dst id="IPLSng">6600.23733333333</dst>
            <dst id="KSCYng">380.154666666667</dst>
            <dst id="LOSAng">32616.28</dst>
            <dst id="NYCMng">2552.65066666667</dst>
            <dst id="SNVAng">12649.0213333333</dst>
            <dst id="STTLng">24424.3306666667</dst>
            <dst id="WASHng">317.594666666667</dst>
        </src>
        <src id="STTLng">
            <dst id="ATLA-M5">139.925333333333</dst>
            <dst id="ATLAng">15062.2026666667</dst>
            <dst id="CHINng">35953.5866666667</dst>
            <dst id="DNVRng">5038.656</dst>
            <dst id="HSTNng">9980.472</dst>
            <dst id="IPLSng">9764.21066666667</dst>
            <dst id="KSCYng">4999.824</dst>
            <dst id="LOSAng">26377.88</dst>
            <dst id="NYCMng">13825.7706666667</dst>
            <dst id="SNVAng">5096.37066666667</dst>
            <dst id="STTLng">6712.08</dst>
            <dst id="WASHng">18265.7253333333</dst>
        </src>
        <src id="WASHng">
            <dst id="ATLA-M5">798.077333333333</dst>
            <dst id="ATLAng">138403.429333333</dst>
            <dst id="CHINng">110357.608</dst>
            <dst id="DNVRng">84369.008</dst>
            <dst id="HSTNng">31898.2026666667</dst>
            <dst id="IPLSng">70603.2266666667</dst>
            <dst id="KSCYng">34108.0106666667</dst>
            <dst id="LOSAng">112801.402666667</dst>
            <dst id="NYCMng">195703.738666667</dst>
            <dst id="SNVAng">3457.39466666667</dst>
            <dst id="STTLng">43754.0106666667</dst>
            <dst id="WASHng">387680.346666667</dst>
        </src>
    </IntraTM>
</TrafficMatrixFile>
