<?xml version="1.0" encoding="ISO-8859-1" standalone="yes"?>
<TrafficMatrixFile xsi:noNamespaceSchemaLocation="http://totem.run.montefiore.ulg.ac.be/Schema/TrafficMatrix-v1_2.xsd" xmlns:xsi="http://www.w3.org/2001/XMLSchema-instance">
    <IntraTM ASID="11537">
        <src id="ATLA-M5">
            <dst id="ATLA-M5">0</dst>
            <dst id="ATLAng">83.4666666666667</dst>
            <dst id="CHINng">188.72</dst>
            <dst id="DNVRng">0</dst>
            <dst id="HSTNng">30.016</dst>
            <dst id="IPLSng">62.2933333333333</dst>
            <dst id="KSCYng">26.6666666666667</dst>
            <dst id="LOSAng">126.146666666667</dst>
            <dst id="NYCMng">26.6666666666667</dst>
            <dst id="SNVAng">14.1466666666667</dst>
            <dst id="STTLng">0</dst>
            <dst id="WASHng">1191.76533333333</dst>
        </src>
        <src id="ATLAng">
            <dst id="ATLA-M5">1497.12</dst>
            <dst id="ATLAng">36945.5013333333</dst>
            <dst id="CHINng">6175.72266666667</dst>
            <dst id="DNVRng">3742.42933333333</dst>
            <dst id="HSTNng">477.845333333333</dst>
            <dst id="IPLSng">12564.0666666667</dst>
            <dst id="KSCYng">672.549333333333</dst>
            <dst id="LOSAng">17961.9333333333</dst>
            <dst id="NYCMng">5066.72266666667</dst>
            <dst id="SNVAng">1363.12</dst>
            <dst id="STTLng">5112.864</dst>
            <dst id="WASHng">39146.6426666667</dst>
        </src>
        <src id="CHINng">
            <dst id="ATLA-M5">788.074666666667</dst>
            <dst id="ATLAng">38546.7786666667</dst>
            <dst id="CHINng">88295.56</dst>
            <dst id="DNVRng">16016.1386666667</dst>
            <dst id="HSTNng">9467.60533333333</dst>
            <dst id="IPLSng">26302.4373333333</dst>
            <dst id="KSCYng">8146.712</dst>
            <dst id="LOSAng">58935.9733333333</dst>
            <dst id="NYCMng">8444.19466666667</dst>
            <dst id="SNVAng">255.664</dst>
            <dst id="STTLng">5604.04533333333</dst>
            <dst id="WASHng">10030.96</dst>
        </src>
        <src id="DNVRng">
            <dst id="ATLA-M5">285.013333333333</dst>
            <dst id="ATLAng">2780.01066666667</dst>
            <dst id="CHINng">58006.584</dst>
            <dst id="DNVRng">9633.55733333333</dst>
            <dst id="HSTNng">21557.8826666667</dst>
            <dst id="IPLSng">22937.3866666667</dst>
            <dst id="KSCYng">19459.8773333333</dst>
            <dst id="LOSAng">14671.504</dst>
            <dst id="NYCMng">8091.392</dst>
            <dst id="SNVAng">8372.29066666667</dst>
            <dst id="STTLng">10715.1253333333</dst>
            <dst id="WASHng">36814.3146666667</dst>
        </src>
        <src id="HSTNng">
            <dst id="ATLA-M5">1946.33333333333</dst>
            <dst id="ATLAng">21456.304</dst>
            <dst id="CHINng">22678.36</dst>
            <dst id="DNVRng">1406.92533333333</dst>
            <dst id="HSTNng">5391.91466666667</dst>
            <dst id="IPLSng">277.269333333333</dst>
            <dst id="KSCYng">868.866666666666</dst>
            <dst id="LOSAng">9426.58666666667</dst>
            <dst id="NYCMng">2445.912</dst>
            <dst id="SNVAng">26.6666666666667</dst>
            <dst id="STTLng">2587.344</dst>
            <dst id="WASHng">3395.84266666667</dst>
        </src>
        <src id="IPLSng">
            <dst id="ATLA-M5">26.6666666666667</dst>
            <dst id="ATLAng">9707.18933333334</dst>
            <dst id="CHINng">78855.6106666667</dst>
            <dst id="DNVRng">4582.02666666667</dst>
            <dst id="HSTNng">1947.78133333333</dst>
            <dst id="IPLSng">10248.6746666667</dst>
            <dst id="KSCYng">1834.808</dst>
            <dst id="LOSAng">56624.3493333333</dst>
            <dst id="NYCMng">19093.2106666667</dst>
            <dst id="SNVAng">1018.86133333333</dst>
            <dst id="STTLng">11857.52</dst>
            <dst id="WASHng">6505.952</dst>
        </src>
        <src id="KSCYng">
            <dst id="ATLA-M5">0</dst>
            <dst id="ATLAng">1382.20266666667</dst>
            <dst id="CHINng">16956.728</dst>
            <dst id="DNVRng">15754.784</dst>
            <dst id="HSTNng">2559.83733333333</dst>
            <dst id="IPLSng">16373</dst>
            <dst id="KSCYng">8463.53333333333</dst>
            <dst id="LOSAng">7677.448</dst>
            <dst id="NYCMng">3890.232</dst>
            <dst id="SNVAng">77.0293333333333</dst>
            <dst id="STTLng">2655.75466666667</dst>
            <dst id="WASHng">6811.70933333333</dst>
        </src>
        <src id="LOSAng">
            <dst id="ATLA-M5">809.277333333333</dst>
            <dst id="ATLAng">41175.9226666667</dst>
            <dst id="CHINng">110684.4</dst>
            <dst id="DNVRng">8672.77866666667</dst>
            <dst id="HSTNng">4806.57066666667</dst>
            <dst id="IPLSng">25351.808</dst>
            <dst id="KSCYng">2226.992</dst>
            <dst id="LOSAng">28598.0853333333</dst>
            <dst id="NYCMng">66195.48</dst>
            <dst id="SNVAng">6649.576</dst>
            <dst id="STTLng">40942.7546666667</dst>
            <dst id="WASHng">111519.485333333</dst>
        </src>
        <src id="NYCMng">
            <dst id="ATLA-M5">604.154666666667</dst>
            <dst id="ATLAng">31607.7546666667</dst>
            <dst id="CHINng">50012.5306666667</dst>
            <dst id="DNVRng">23435.0346666667</dst>
            <dst id="HSTNng">7840.46666666667</dst>
            <dst id="IPLSng">23297.4426666667</dst>
            <dst id="KSCYng">5358.62133333333</dst>
            <dst id="LOSAng">88644.576</dst>
            <dst id="NYCMng">126340.194666667</dst>
            <dst id="SNVAng">2681.848</dst>
            <dst id="STTLng">26828.9066666667</dst>
            <dst id="WASHng">80545.376</dst>
        </src>
        <src id="SNVAng">
            <dst id="ATLA-M5">0</dst>
            <dst id="ATLAng">26.6666666666667</dst>
            <dst id="CHINng">133.333333333333</dst>
            <dst id="DNVRng">760.277333333333</dst>
            <dst id="HSTNng">134.485333333333</dst>
            <dst id="IPLSng">1137.98133333333</dst>
            <dst id="KSCYng">111.413333333333</dst>
            <dst id="LOSAng">41801.224</dst>
            <dst id="NYCMng">351.261333333333</dst>
            <dst id="SNVAng">8389.54666666667</dst>
            <dst id="STTLng">24248.3946666667</dst>
            <dst id="WASHng">0</dst>
        </src>
        <src id="STTLng">
            <dst id="ATLA-M5">0</dst>
            <dst id="ATLAng">8544.72266666667</dst>
            <dst id="CHINng">23799.8666666667</dst>
            <dst id="DNVRng">1519.45333333333</dst>
            <dst id="HSTNng">2009.936</dst>
            <dst id="IPLSng">7882.72533333334</dst>
            <dst id="KSCYng">1311.89866666667</dst>
            <dst id="LOSAng">29871.3413333333</dst>
            <dst id="NYCMng">10927.0693333333</dst>
            <dst id="SNVAng">4237.19466666667</dst>
            <dst id="STTLng">3219.848</dst>
            <dst id="WASHng">4811.04533333333</dst>
        </src>
        <src id="WASHng">
            <dst id="ATLA-M5">106.346666666667</dst>
            <dst id="ATLAng">110257.762666667</dst>
            <dst id="CHINng">93777.1626666667</dst>
            <dst id="DNVRng">79383.6906666667</dst>
            <dst id="HSTNng">71769.3093333333</dst>
            <dst id="IPLSng">17869.3786666667</dst>
            <dst id="KSCYng">12106.8693333333</dst>
            <dst id="LOSAng">138882.672</dst>
            <dst id="NYCMng">128841.088</dst>
            <dst id="SNVAng">2788.54666666667</dst>
            <dst id="STTLng">32031.2613333333</dst>
            <dst id="WASHng">270362.933333333</dst>
        </src>
    </IntraTM>
</TrafficMatrixFile>
