<?xml version="1.0" encoding="ISO-8859-1" standalone="yes"?>
<TrafficMatrixFile xsi:noNamespaceSchemaLocation="http://totem.run.montefiore.ulg.ac.be/Schema/TrafficMatrix-v1_2.xsd" xmlns:xsi="http://www.w3.org/2001/XMLSchema-instance">
    <IntraTM ASID="11537">
        <src id="ATLA-M5">
            <dst id="ATLA-M5">167.152</dst>
            <dst id="ATLAng">520.210666666667</dst>
            <dst id="CHINng">134.565333333333</dst>
            <dst id="DNVRng">0</dst>
            <dst id="HSTNng">260.266666666667</dst>
            <dst id="IPLSng">270.976</dst>
            <dst id="KSCYng">62.472</dst>
            <dst id="LOSAng">148.962666666667</dst>
            <dst id="NYCMng">0</dst>
            <dst id="SNVAng">0</dst>
            <dst id="STTLng">26.6666666666667</dst>
            <dst id="WASHng">459.648</dst>
        </src>
        <src id="ATLAng">
            <dst id="ATLA-M5">208.549333333333</dst>
            <dst id="ATLAng">54344.4533333333</dst>
            <dst id="CHINng">13492.4746666667</dst>
            <dst id="DNVRng">5500.82133333334</dst>
            <dst id="HSTNng">8224.26133333333</dst>
            <dst id="IPLSng">20827.288</dst>
            <dst id="KSCYng">1504.33866666667</dst>
            <dst id="LOSAng">11277.068</dst>
            <dst id="NYCMng">12771.5546666667</dst>
            <dst id="SNVAng">545.542666666667</dst>
            <dst id="STTLng">4621.81866666667</dst>
            <dst id="WASHng">59050.9893333333</dst>
        </src>
        <src id="CHINng">
            <dst id="ATLA-M5">484.032</dst>
            <dst id="ATLAng">27792.304</dst>
            <dst id="CHINng">136662.522666667</dst>
            <dst id="DNVRng">16414.5546666667</dst>
            <dst id="HSTNng">11203.5386666667</dst>
            <dst id="IPLSng">23535.2746666667</dst>
            <dst id="KSCYng">6486.192</dst>
            <dst id="LOSAng">40528.8506666667</dst>
            <dst id="NYCMng">14520.4186666667</dst>
            <dst id="SNVAng">547.354666666667</dst>
            <dst id="STTLng">7189.57066666667</dst>
            <dst id="WASHng">23985.8506666667</dst>
        </src>
        <src id="DNVRng">
            <dst id="ATLA-M5">147.84</dst>
            <dst id="ATLAng">8578.696</dst>
            <dst id="CHINng">79461.2746666667</dst>
            <dst id="DNVRng">28595.296</dst>
            <dst id="HSTNng">27803.824</dst>
            <dst id="IPLSng">36219.9146666667</dst>
            <dst id="KSCYng">43847.6666666667</dst>
            <dst id="LOSAng">9096.06933333334</dst>
            <dst id="NYCMng">13724.8853333333</dst>
            <dst id="SNVAng">21230.2746666667</dst>
            <dst id="STTLng">29824.0586666667</dst>
            <dst id="WASHng">60624.1306666667</dst>
        </src>
        <src id="HSTNng">
            <dst id="ATLA-M5">4430.43466666667</dst>
            <dst id="ATLAng">5227.06666666667</dst>
            <dst id="CHINng">38465.728</dst>
            <dst id="DNVRng">1995.552</dst>
            <dst id="HSTNng">9456.14933333333</dst>
            <dst id="IPLSng">3869.18133333333</dst>
            <dst id="KSCYng">2417.81866666667</dst>
            <dst id="LOSAng">9943.26133333333</dst>
            <dst id="NYCMng">4026.22933333333</dst>
            <dst id="SNVAng">99.1226666666667</dst>
            <dst id="STTLng">3427.83466666667</dst>
            <dst id="WASHng">7441.096</dst>
        </src>
        <src id="IPLSng">
            <dst id="ATLA-M5">443.074666666666</dst>
            <dst id="ATLAng">19531.5813333333</dst>
            <dst id="CHINng">101259.088</dst>
            <dst id="DNVRng">6399.88533333333</dst>
            <dst id="HSTNng">7223.30666666667</dst>
            <dst id="IPLSng">18549.1573333333</dst>
            <dst id="KSCYng">5389.488</dst>
            <dst id="LOSAng">37418.4373333333</dst>
            <dst id="NYCMng">37669.216</dst>
            <dst id="SNVAng">1504.05333333333</dst>
            <dst id="STTLng">8359.92</dst>
            <dst id="WASHng">27421.0693333333</dst>
        </src>
        <src id="KSCYng">
            <dst id="ATLA-M5">62.3653333333333</dst>
            <dst id="ATLAng">5305.30133333333</dst>
            <dst id="CHINng">24177.7733333333</dst>
            <dst id="DNVRng">15132.9173333333</dst>
            <dst id="HSTNng">3628.49866666667</dst>
            <dst id="IPLSng">15600.68</dst>
            <dst id="KSCYng">7571.70133333333</dst>
            <dst id="LOSAng">4880.24</dst>
            <dst id="NYCMng">3031.50933333333</dst>
            <dst id="SNVAng">2006.46933333333</dst>
            <dst id="STTLng">1930.36533333333</dst>
            <dst id="WASHng">15374.0453333333</dst>
        </src>
        <src id="LOSAng">
            <dst id="ATLA-M5">734.824</dst>
            <dst id="ATLAng">23512.424</dst>
            <dst id="CHINng">176602.845333333</dst>
            <dst id="DNVRng">9237.45066666667</dst>
            <dst id="HSTNng">14028.776</dst>
            <dst id="IPLSng">27679.1573333333</dst>
            <dst id="KSCYng">10646.192</dst>
            <dst id="LOSAng">9765.03733333333</dst>
            <dst id="NYCMng">69516.4906666667</dst>
            <dst id="SNVAng">8726.67466666667</dst>
            <dst id="STTLng">37051.7333333333</dst>
            <dst id="WASHng">120891.357333333</dst>
        </src>
        <src id="NYCMng">
            <dst id="ATLA-M5">378.957333333333</dst>
            <dst id="ATLAng">52912.3013333333</dst>
            <dst id="CHINng">62769.224</dst>
            <dst id="DNVRng">112744.810666667</dst>
            <dst id="HSTNng">10364.3386666667</dst>
            <dst id="IPLSng">58429.344</dst>
            <dst id="KSCYng">18920.36</dst>
            <dst id="LOSAng">42794.3253333333</dst>
            <dst id="NYCMng">145635.962666667</dst>
            <dst id="SNVAng">1491.06133333333</dst>
            <dst id="STTLng">24273.248</dst>
            <dst id="WASHng">85272.4533333333</dst>
        </src>
        <src id="SNVAng">
            <dst id="ATLA-M5">796.184</dst>
            <dst id="ATLAng">1501.824</dst>
            <dst id="CHINng">3750.256</dst>
            <dst id="DNVRng">24942.5706666667</dst>
            <dst id="HSTNng">224.536</dst>
            <dst id="IPLSng">4874.38933333333</dst>
            <dst id="KSCYng">175.882666666667</dst>
            <dst id="LOSAng">23372.6106666667</dst>
            <dst id="NYCMng">482.992</dst>
            <dst id="SNVAng">9005.01333333333</dst>
            <dst id="STTLng">17832.4053333333</dst>
            <dst id="WASHng">363.602666666667</dst>
        </src>
        <src id="STTLng">
            <dst id="ATLA-M5">122.242666666667</dst>
            <dst id="ATLAng">14037.5546666667</dst>
            <dst id="CHINng">27896.3333333333</dst>
            <dst id="DNVRng">1891.656</dst>
            <dst id="HSTNng">3441.376</dst>
            <dst id="IPLSng">14322.8026666667</dst>
            <dst id="KSCYng">4728.01866666667</dst>
            <dst id="LOSAng">21544.4853333333</dst>
            <dst id="NYCMng">14766.552</dst>
            <dst id="SNVAng">3769.35733333333</dst>
            <dst id="STTLng">17707.96</dst>
            <dst id="WASHng">15897.904</dst>
        </src>
        <src id="WASHng">
            <dst id="ATLA-M5">964.085333333333</dst>
            <dst id="ATLAng">187276.994666667</dst>
            <dst id="CHINng">118008.504</dst>
            <dst id="DNVRng">89517.6293333333</dst>
            <dst id="HSTNng">24631.0586666667</dst>
            <dst id="IPLSng">98037.4133333333</dst>
            <dst id="KSCYng">20385.8453333333</dst>
            <dst id="LOSAng">111672.84</dst>
            <dst id="NYCMng">163659.813333333</dst>
            <dst id="SNVAng">1838.696</dst>
            <dst id="STTLng">26904.0986666667</dst>
            <dst id="WASHng">338811.973333333</dst>
        </src>
    </IntraTM>
</TrafficMatrixFile>
