<?xml version="1.0" encoding="ISO-8859-1" standalone="yes"?>
<TrafficMatrixFile xsi:noNamespaceSchemaLocation="http://totem.run.montefiore.ulg.ac.be/Schema/TrafficMatrix-v1_2.xsd" xmlns:xsi="http://www.w3.org/2001/XMLSchema-instance">
    <IntraTM ASID="11537">
        <src id="ATLA-M5">
            <dst id="ATLA-M5">61.3146666666667</dst>
            <dst id="ATLAng">1177.55466666667</dst>
            <dst id="CHINng">164.664</dst>
            <dst id="DNVRng">0</dst>
            <dst id="HSTNng">48.056</dst>
            <dst id="IPLSng">80</dst>
            <dst id="KSCYng">0</dst>
            <dst id="LOSAng">160.856</dst>
            <dst id="NYCMng">602.666666666667</dst>
            <dst id="SNVAng">0</dst>
            <dst id="STTLng">0</dst>
            <dst id="WASHng">2440.39733333333</dst>
        </src>
        <src id="ATLAng">
            <dst id="ATLA-M5">436.533333333333</dst>
            <dst id="ATLAng">27569.4666666667</dst>
            <dst id="CHINng">11351.4506666667</dst>
            <dst id="DNVRng">4318.78933333333</dst>
            <dst id="HSTNng">2545.69066666667</dst>
            <dst id="IPLSng">9625.44</dst>
            <dst id="KSCYng">2831.48533333333</dst>
            <dst id="LOSAng">9370.288</dst>
            <dst id="NYCMng">11486.9653333333</dst>
            <dst id="SNVAng">516.272</dst>
            <dst id="STTLng">4122.19733333333</dst>
            <dst id="WASHng">82137.8853333333</dst>
        </src>
        <src id="CHINng">
            <dst id="ATLA-M5">344.52</dst>
            <dst id="ATLAng">33073.976</dst>
            <dst id="CHINng">125596.834666667</dst>
            <dst id="DNVRng">7282.136</dst>
            <dst id="HSTNng">7770.344</dst>
            <dst id="IPLSng">48729.528</dst>
            <dst id="KSCYng">4751.90933333333</dst>
            <dst id="LOSAng">43648.3653333333</dst>
            <dst id="NYCMng">7869.024</dst>
            <dst id="SNVAng">411.221333333333</dst>
            <dst id="STTLng">6301.81066666667</dst>
            <dst id="WASHng">41854.4906666667</dst>
        </src>
        <src id="DNVRng">
            <dst id="ATLA-M5">420.693333333333</dst>
            <dst id="ATLAng">7999.75466666667</dst>
            <dst id="CHINng">69583.2506666667</dst>
            <dst id="DNVRng">29454.6453333333</dst>
            <dst id="HSTNng">20653.3146666667</dst>
            <dst id="IPLSng">26981.1866666667</dst>
            <dst id="KSCYng">25213.5173333333</dst>
            <dst id="LOSAng">5060.27466666667</dst>
            <dst id="NYCMng">11139.6373333333</dst>
            <dst id="SNVAng">14091.9733333333</dst>
            <dst id="STTLng">12246.5706666667</dst>
            <dst id="WASHng">29854.6346666667</dst>
        </src>
        <src id="HSTNng">
            <dst id="ATLA-M5">2646.12266666667</dst>
            <dst id="ATLAng">10197.672</dst>
            <dst id="CHINng">14759.1946666667</dst>
            <dst id="DNVRng">1674.81066666667</dst>
            <dst id="HSTNng">5140.77866666667</dst>
            <dst id="IPLSng">1128.696</dst>
            <dst id="KSCYng">4935.808</dst>
            <dst id="LOSAng">10184.96</dst>
            <dst id="NYCMng">5002.17333333333</dst>
            <dst id="SNVAng">92.6586666666667</dst>
            <dst id="STTLng">808.418666666667</dst>
            <dst id="WASHng">3190.12533333333</dst>
        </src>
        <src id="IPLSng">
            <dst id="ATLA-M5">86.504</dst>
            <dst id="ATLAng">11963.7893333333</dst>
            <dst id="CHINng">94452.8106666666</dst>
            <dst id="DNVRng">3209.47466666667</dst>
            <dst id="HSTNng">2414.73066666667</dst>
            <dst id="IPLSng">11057.6666666667</dst>
            <dst id="KSCYng">6392.48</dst>
            <dst id="LOSAng">22207.7413333333</dst>
            <dst id="NYCMng">19041.36</dst>
            <dst id="SNVAng">469.146666666667</dst>
            <dst id="STTLng">10649.9493333333</dst>
            <dst id="WASHng">27680.896</dst>
        </src>
        <src id="KSCYng">
            <dst id="ATLA-M5">332.026666666667</dst>
            <dst id="ATLAng">2648.46933333333</dst>
            <dst id="CHINng">31507.272</dst>
            <dst id="DNVRng">8228.688</dst>
            <dst id="HSTNng">2949.456</dst>
            <dst id="IPLSng">11128.8533333333</dst>
            <dst id="KSCYng">9570.77333333333</dst>
            <dst id="LOSAng">4853.088</dst>
            <dst id="NYCMng">3791.78133333333</dst>
            <dst id="SNVAng">74.2773333333333</dst>
            <dst id="STTLng">1767.704</dst>
            <dst id="WASHng">6903.4</dst>
        </src>
        <src id="LOSAng">
            <dst id="ATLA-M5">5807.84</dst>
            <dst id="ATLAng">15040.0026666667</dst>
            <dst id="CHINng">145718.592</dst>
            <dst id="DNVRng">13495.6746666667</dst>
            <dst id="HSTNng">16342.4346666667</dst>
            <dst id="IPLSng">96928.0773333333</dst>
            <dst id="KSCYng">3366.32</dst>
            <dst id="LOSAng">14930.2853333333</dst>
            <dst id="NYCMng">58373.7893333333</dst>
            <dst id="SNVAng">15159.9333333333</dst>
            <dst id="STTLng">35743.7813333333</dst>
            <dst id="WASHng">110532.016</dst>
        </src>
        <src id="NYCMng">
            <dst id="ATLA-M5">1232.232</dst>
            <dst id="ATLAng">46440.76</dst>
            <dst id="CHINng">77193.4373333333</dst>
            <dst id="DNVRng">21466.84</dst>
            <dst id="HSTNng">11427.6026666667</dst>
            <dst id="IPLSng">35955.2426666667</dst>
            <dst id="KSCYng">19612.1306666667</dst>
            <dst id="LOSAng">60414.64</dst>
            <dst id="NYCMng">110598.584</dst>
            <dst id="SNVAng">2686.648</dst>
            <dst id="STTLng">21877.3493333333</dst>
            <dst id="WASHng">92173.0773333333</dst>
        </src>
        <src id="SNVAng">
            <dst id="ATLA-M5">0</dst>
            <dst id="ATLAng">109.885333333333</dst>
            <dst id="CHINng">535.682666666667</dst>
            <dst id="DNVRng">12152.176</dst>
            <dst id="HSTNng">91.2853333333333</dst>
            <dst id="IPLSng">6083.75733333333</dst>
            <dst id="KSCYng">160</dst>
            <dst id="LOSAng">23447.4506666667</dst>
            <dst id="NYCMng">302.973333333333</dst>
            <dst id="SNVAng">9254.85066666667</dst>
            <dst id="STTLng">17488.3626666667</dst>
            <dst id="WASHng">1675.79466666667</dst>
        </src>
        <src id="STTLng">
            <dst id="ATLA-M5">310.474666666667</dst>
            <dst id="ATLAng">12599.3466666667</dst>
            <dst id="CHINng">44379.368</dst>
            <dst id="DNVRng">1552.89866666667</dst>
            <dst id="HSTNng">1300.03733333333</dst>
            <dst id="IPLSng">9174.49866666666</dst>
            <dst id="KSCYng">2073.10133333333</dst>
            <dst id="LOSAng">15800.4106666667</dst>
            <dst id="NYCMng">16923.6053333333</dst>
            <dst id="SNVAng">1843.424</dst>
            <dst id="STTLng">8705.768</dst>
            <dst id="WASHng">10164.6586666667</dst>
        </src>
        <src id="WASHng">
            <dst id="ATLA-M5">275.424</dst>
            <dst id="ATLAng">102812.685333333</dst>
            <dst id="CHINng">115119.077333333</dst>
            <dst id="DNVRng">61977.1813333333</dst>
            <dst id="HSTNng">32943.2586666667</dst>
            <dst id="IPLSng">43443.8426666667</dst>
            <dst id="KSCYng">23885.008</dst>
            <dst id="LOSAng">100222.082666667</dst>
            <dst id="NYCMng">147325.912</dst>
            <dst id="SNVAng">1707.728</dst>
            <dst id="STTLng">29037.0293333333</dst>
            <dst id="WASHng">284126.64</dst>
        </src>
    </IntraTM>
</TrafficMatrixFile>
