<?xml version="1.0" encoding="ISO-8859-1" standalone="yes"?>
<TrafficMatrixFile xsi:noNamespaceSchemaLocation="http://totem.run.montefiore.ulg.ac.be/Schema/TrafficMatrix-v1_2.xsd" xmlns:xsi="http://www.w3.org/2001/XMLSchema-instance">
    <IntraTM ASID="11537">
        <src id="ATLA-M5">
            <dst id="ATLA-M5">137.192</dst>
            <dst id="ATLAng">78.6426666666667</dst>
            <dst id="CHINng">369.754666666667</dst>
            <dst id="DNVRng">53.3333333333333</dst>
            <dst id="HSTNng">0</dst>
            <dst id="IPLSng">0</dst>
            <dst id="KSCYng">26.6666666666667</dst>
            <dst id="LOSAng">467.888</dst>
            <dst id="NYCMng">332.064</dst>
            <dst id="SNVAng">0</dst>
            <dst id="STTLng">53.3333333333333</dst>
            <dst id="WASHng">1260.17866666667</dst>
        </src>
        <src id="ATLAng">
            <dst id="ATLA-M5">2021.78666666667</dst>
            <dst id="ATLAng">37672.584</dst>
            <dst id="CHINng">4452.30666666667</dst>
            <dst id="DNVRng">4043.37866666667</dst>
            <dst id="HSTNng">1442.89066666667</dst>
            <dst id="IPLSng">14993.1413333333</dst>
            <dst id="KSCYng">1093.56</dst>
            <dst id="LOSAng">17199.7626666667</dst>
            <dst id="NYCMng">4004.168</dst>
            <dst id="SNVAng">210.432</dst>
            <dst id="STTLng">4040.08266666667</dst>
            <dst id="WASHng">46805.8</dst>
        </src>
        <src id="CHINng">
            <dst id="ATLA-M5">615.736</dst>
            <dst id="ATLAng">43436.1173333333</dst>
            <dst id="CHINng">85151.3653333333</dst>
            <dst id="DNVRng">18475.7546666667</dst>
            <dst id="HSTNng">8432.20266666667</dst>
            <dst id="IPLSng">22284.9546666667</dst>
            <dst id="KSCYng">18318.2906666667</dst>
            <dst id="LOSAng">76894.4773333333</dst>
            <dst id="NYCMng">7969.36</dst>
            <dst id="SNVAng">151.568</dst>
            <dst id="STTLng">5911.80533333333</dst>
            <dst id="WASHng">22313.1813333333</dst>
        </src>
        <src id="DNVRng">
            <dst id="ATLA-M5">112.8</dst>
            <dst id="ATLAng">5063.95466666667</dst>
            <dst id="CHINng">62243.7306666667</dst>
            <dst id="DNVRng">3896.69066666667</dst>
            <dst id="HSTNng">13156.016</dst>
            <dst id="IPLSng">27294.968</dst>
            <dst id="KSCYng">7279.97866666667</dst>
            <dst id="LOSAng">16955.912</dst>
            <dst id="NYCMng">9639.472</dst>
            <dst id="SNVAng">3460.728</dst>
            <dst id="STTLng">4032.57866666667</dst>
            <dst id="WASHng">39210.4133333333</dst>
        </src>
        <src id="HSTNng">
            <dst id="ATLA-M5">137.856</dst>
            <dst id="ATLAng">25874.6</dst>
            <dst id="CHINng">16693.896</dst>
            <dst id="DNVRng">1168.272</dst>
            <dst id="HSTNng">2193.21333333333</dst>
            <dst id="IPLSng">91.7466666666667</dst>
            <dst id="KSCYng">970.165333333333</dst>
            <dst id="LOSAng">13590.048</dst>
            <dst id="NYCMng">2362.40533333333</dst>
            <dst id="SNVAng">0</dst>
            <dst id="STTLng">1680.712</dst>
            <dst id="WASHng">2944.66666666667</dst>
        </src>
        <src id="IPLSng">
            <dst id="ATLA-M5">53.3333333333333</dst>
            <dst id="ATLAng">10421.504</dst>
            <dst id="CHINng">68174.0053333333</dst>
            <dst id="DNVRng">4142.42133333333</dst>
            <dst id="HSTNng">1338.60266666667</dst>
            <dst id="IPLSng">15804.088</dst>
            <dst id="KSCYng">1526.48266666667</dst>
            <dst id="LOSAng">52562.4426666667</dst>
            <dst id="NYCMng">42209.392</dst>
            <dst id="SNVAng">347.469333333333</dst>
            <dst id="STTLng">8393.45066666667</dst>
            <dst id="WASHng">4919.168</dst>
        </src>
        <src id="KSCYng">
            <dst id="ATLA-M5">0</dst>
            <dst id="ATLAng">1436.93333333333</dst>
            <dst id="CHINng">17080.376</dst>
            <dst id="DNVRng">14848.2453333333</dst>
            <dst id="HSTNng">2522.27733333333</dst>
            <dst id="IPLSng">6032.52266666667</dst>
            <dst id="KSCYng">4601.168</dst>
            <dst id="LOSAng">6565.32533333333</dst>
            <dst id="NYCMng">3853.50666666667</dst>
            <dst id="SNVAng">357.338666666667</dst>
            <dst id="STTLng">1839.016</dst>
            <dst id="WASHng">6883.744</dst>
        </src>
        <src id="LOSAng">
            <dst id="ATLA-M5">53.3333333333333</dst>
            <dst id="ATLAng">41393.56</dst>
            <dst id="CHINng">120559.226666667</dst>
            <dst id="DNVRng">8920.296</dst>
            <dst id="HSTNng">3390.73066666667</dst>
            <dst id="IPLSng">29678.576</dst>
            <dst id="KSCYng">1990.53333333333</dst>
            <dst id="LOSAng">25905.7146666667</dst>
            <dst id="NYCMng">64243.4933333333</dst>
            <dst id="SNVAng">3245.84533333333</dst>
            <dst id="STTLng">36894.632</dst>
            <dst id="WASHng">130260.434666667</dst>
        </src>
        <src id="NYCMng">
            <dst id="ATLA-M5">923.210666666667</dst>
            <dst id="ATLAng">34210.2506666667</dst>
            <dst id="CHINng">48759.104</dst>
            <dst id="DNVRng">24322.3333333333</dst>
            <dst id="HSTNng">6145.35466666667</dst>
            <dst id="IPLSng">26914.4266666667</dst>
            <dst id="KSCYng">4998.48266666667</dst>
            <dst id="LOSAng">85966.952</dst>
            <dst id="NYCMng">119066.128</dst>
            <dst id="SNVAng">2711.74933333333</dst>
            <dst id="STTLng">27282.9493333333</dst>
            <dst id="WASHng">72322.472</dst>
        </src>
        <src id="SNVAng">
            <dst id="ATLA-M5">0</dst>
            <dst id="ATLAng">53.3333333333333</dst>
            <dst id="CHINng">634.949333333333</dst>
            <dst id="DNVRng">6021.96533333333</dst>
            <dst id="HSTNng">138.837333333333</dst>
            <dst id="IPLSng">966.032</dst>
            <dst id="KSCYng">154.389333333333</dst>
            <dst id="LOSAng">29719.8933333333</dst>
            <dst id="NYCMng">351.68</dst>
            <dst id="SNVAng">7700.04533333333</dst>
            <dst id="STTLng">21829.48</dst>
            <dst id="WASHng">53.3333333333333</dst>
        </src>
        <src id="STTLng">
            <dst id="ATLA-M5">0</dst>
            <dst id="ATLAng">8540.41333333333</dst>
            <dst id="CHINng">27378.9733333333</dst>
            <dst id="DNVRng">1880.11466666667</dst>
            <dst id="HSTNng">1977.98666666667</dst>
            <dst id="IPLSng">4136.304</dst>
            <dst id="KSCYng">1703.22666666667</dst>
            <dst id="LOSAng">30410.8266666667</dst>
            <dst id="NYCMng">12532.0346666667</dst>
            <dst id="SNVAng">2303.09066666667</dst>
            <dst id="STTLng">1647.79466666667</dst>
            <dst id="WASHng">10232.232</dst>
        </src>
        <src id="WASHng">
            <dst id="ATLA-M5">26.6666666666667</dst>
            <dst id="ATLAng">78271.496</dst>
            <dst id="CHINng">71720.3866666667</dst>
            <dst id="DNVRng">49106.6746666667</dst>
            <dst id="HSTNng">25634.1093333333</dst>
            <dst id="IPLSng">16981.104</dst>
            <dst id="KSCYng">9721.60533333333</dst>
            <dst id="LOSAng">110396.674666667</dst>
            <dst id="NYCMng">131951.794666667</dst>
            <dst id="SNVAng">320.802666666667</dst>
            <dst id="STTLng">29449.672</dst>
            <dst id="WASHng">265091.869333333</dst>
        </src>
    </IntraTM>
</TrafficMatrixFile>
