<?xml version="1.0" encoding="ISO-8859-1" standalone="yes"?>
<TrafficMatrixFile xsi:noNamespaceSchemaLocation="http://totem.run.montefiore.ulg.ac.be/Schema/TrafficMatrix-v1_2.xsd" xmlns:xsi="http://www.w3.org/2001/XMLSchema-instance">
    <IntraTM ASID="11537">
        <src id="ATLA-M5">
            <dst id="ATLA-M5">89.688</dst>
            <dst id="ATLAng">464.429333333333</dst>
            <dst id="CHINng">277.408</dst>
            <dst id="DNVRng">68.128</dst>
            <dst id="HSTNng">80</dst>
            <dst id="IPLSng">80.5573333333333</dst>
            <dst id="KSCYng">53.3333333333333</dst>
            <dst id="LOSAng">162.568</dst>
            <dst id="NYCMng">163.914666666667</dst>
            <dst id="SNVAng">26.6666666666667</dst>
            <dst id="STTLng">26.6666666666667</dst>
            <dst id="WASHng">817.293333333334</dst>
        </src>
        <src id="ATLAng">
            <dst id="ATLA-M5">857.616</dst>
            <dst id="ATLAng">34032.8213333333</dst>
            <dst id="CHINng">7685.37866666667</dst>
            <dst id="DNVRng">4469.368</dst>
            <dst id="HSTNng">3762.70933333333</dst>
            <dst id="IPLSng">11116.672</dst>
            <dst id="KSCYng">5969.632</dst>
            <dst id="LOSAng">10092.0053333333</dst>
            <dst id="NYCMng">21361.4906666667</dst>
            <dst id="SNVAng">432.933333333333</dst>
            <dst id="STTLng">5580.24533333333</dst>
            <dst id="WASHng">83614.0906666667</dst>
        </src>
        <src id="CHINng">
            <dst id="ATLA-M5">472.613333333333</dst>
            <dst id="ATLAng">23310.5946666667</dst>
            <dst id="CHINng">117345.653333333</dst>
            <dst id="DNVRng">43716.0586666667</dst>
            <dst id="HSTNng">7045.36533333333</dst>
            <dst id="IPLSng">29803.52</dst>
            <dst id="KSCYng">15864.456</dst>
            <dst id="LOSAng">36988.112</dst>
            <dst id="NYCMng">10389.176</dst>
            <dst id="SNVAng">967.461333333333</dst>
            <dst id="STTLng">5300.896</dst>
            <dst id="WASHng">30485.5333333333</dst>
        </src>
        <src id="DNVRng">
            <dst id="ATLA-M5">113.546666666667</dst>
            <dst id="ATLAng">6439.59733333333</dst>
            <dst id="CHINng">122037.554666667</dst>
            <dst id="DNVRng">11908.9146666667</dst>
            <dst id="HSTNng">24576.5653333333</dst>
            <dst id="IPLSng">19007.5733333333</dst>
            <dst id="KSCYng">23622.896</dst>
            <dst id="LOSAng">7927.63733333333</dst>
            <dst id="NYCMng">12858.2426666667</dst>
            <dst id="SNVAng">7371.008</dst>
            <dst id="STTLng">12689.376</dst>
            <dst id="WASHng">39091.6986666667</dst>
        </src>
        <src id="HSTNng">
            <dst id="ATLA-M5">1208.56533333333</dst>
            <dst id="ATLAng">4810.90133333333</dst>
            <dst id="CHINng">25166.4026666667</dst>
            <dst id="DNVRng">1564.96266666667</dst>
            <dst id="HSTNng">7102.896</dst>
            <dst id="IPLSng">1678.592</dst>
            <dst id="KSCYng">1691.45866666667</dst>
            <dst id="LOSAng">6389.84</dst>
            <dst id="NYCMng">10452.0213333333</dst>
            <dst id="SNVAng">295.528</dst>
            <dst id="STTLng">1342.50933333333</dst>
            <dst id="WASHng">5657.75466666667</dst>
        </src>
        <src id="IPLSng">
            <dst id="ATLA-M5">26.6666666666667</dst>
            <dst id="ATLAng">18408.4453333333</dst>
            <dst id="CHINng">96401.384</dst>
            <dst id="DNVRng">3051.18933333333</dst>
            <dst id="HSTNng">5730.84533333333</dst>
            <dst id="IPLSng">46733.04</dst>
            <dst id="KSCYng">3801.75733333333</dst>
            <dst id="LOSAng">32617.448</dst>
            <dst id="NYCMng">33015.32</dst>
            <dst id="SNVAng">518.610666666667</dst>
            <dst id="STTLng">7573.56533333333</dst>
            <dst id="WASHng">35184.3866666667</dst>
        </src>
        <src id="KSCYng">
            <dst id="ATLA-M5">67.8506666666667</dst>
            <dst id="ATLAng">2589.47466666667</dst>
            <dst id="CHINng">18987.0906666667</dst>
            <dst id="DNVRng">7874.95733333333</dst>
            <dst id="HSTNng">5838.79466666666</dst>
            <dst id="IPLSng">19102.72</dst>
            <dst id="KSCYng">13779.392</dst>
            <dst id="LOSAng">6176.66933333333</dst>
            <dst id="NYCMng">6365.85333333333</dst>
            <dst id="SNVAng">227.826666666667</dst>
            <dst id="STTLng">1891.928</dst>
            <dst id="WASHng">7539.73066666667</dst>
        </src>
        <src id="LOSAng">
            <dst id="ATLA-M5">2120.99466666667</dst>
            <dst id="ATLAng">42400.7066666667</dst>
            <dst id="CHINng">155738.434666667</dst>
            <dst id="DNVRng">8442.336</dst>
            <dst id="HSTNng">15315.5786666667</dst>
            <dst id="IPLSng">32118.7706666667</dst>
            <dst id="KSCYng">8497.6</dst>
            <dst id="LOSAng">11680.2266666667</dst>
            <dst id="NYCMng">77552.888</dst>
            <dst id="SNVAng">19223.2266666667</dst>
            <dst id="STTLng">38391.6293333333</dst>
            <dst id="WASHng">118605.989333333</dst>
        </src>
        <src id="NYCMng">
            <dst id="ATLA-M5">256.314666666667</dst>
            <dst id="ATLAng">49495.584</dst>
            <dst id="CHINng">64005.5813333334</dst>
            <dst id="DNVRng">104525.248</dst>
            <dst id="HSTNng">14263.1546666667</dst>
            <dst id="IPLSng">33540.4026666667</dst>
            <dst id="KSCYng">15738.68</dst>
            <dst id="LOSAng">52499.144</dst>
            <dst id="NYCMng">133357.690666667</dst>
            <dst id="SNVAng">1303.168</dst>
            <dst id="STTLng">23353.3946666667</dst>
            <dst id="WASHng">90425.4666666666</dst>
        </src>
        <src id="SNVAng">
            <dst id="ATLA-M5">26.6666666666667</dst>
            <dst id="ATLAng">108.250666666667</dst>
            <dst id="CHINng">4999.928</dst>
            <dst id="DNVRng">3175.12533333333</dst>
            <dst id="HSTNng">380.728</dst>
            <dst id="IPLSng">6256.90133333333</dst>
            <dst id="KSCYng">53.3333333333333</dst>
            <dst id="LOSAng">26222.1093333333</dst>
            <dst id="NYCMng">492.218666666667</dst>
            <dst id="SNVAng">7873.92</dst>
            <dst id="STTLng">20408.8746666667</dst>
            <dst id="WASHng">190.813333333333</dst>
        </src>
        <src id="STTLng">
            <dst id="ATLA-M5">201.493333333333</dst>
            <dst id="ATLAng">14904.336</dst>
            <dst id="CHINng">31834.936</dst>
            <dst id="DNVRng">1205.10133333333</dst>
            <dst id="HSTNng">2552.288</dst>
            <dst id="IPLSng">9366.496</dst>
            <dst id="KSCYng">2114.86933333333</dst>
            <dst id="LOSAng">22208.5013333333</dst>
            <dst id="NYCMng">14059.616</dst>
            <dst id="SNVAng">3678.176</dst>
            <dst id="STTLng">3041.728</dst>
            <dst id="WASHng">13130.0053333333</dst>
        </src>
        <src id="WASHng">
            <dst id="ATLA-M5">278.157333333333</dst>
            <dst id="ATLAng">145669.672</dst>
            <dst id="CHINng">93823.2266666667</dst>
            <dst id="DNVRng">59330.208</dst>
            <dst id="HSTNng">14869.3573333333</dst>
            <dst id="IPLSng">72412.6266666667</dst>
            <dst id="KSCYng">20058.1573333333</dst>
            <dst id="LOSAng">96275.4213333333</dst>
            <dst id="NYCMng">150409.672</dst>
            <dst id="SNVAng">805.077333333333</dst>
            <dst id="STTLng">27059.2773333333</dst>
            <dst id="WASHng">371941.493333333</dst>
        </src>
    </IntraTM>
</TrafficMatrixFile>
