<?xml version="1.0" encoding="ISO-8859-1" standalone="yes"?>
<TrafficMatrixFile xsi:noNamespaceSchemaLocation="http://totem.run.montefiore.ulg.ac.be/Schema/TrafficMatrix-v1_2.xsd" xmlns:xsi="http://www.w3.org/2001/XMLSchema-instance">
    <IntraTM ASID="11537">
        <src id="ATLA-M5">
            <dst id="ATLA-M5">132.786666666667</dst>
            <dst id="ATLAng">539.08</dst>
            <dst id="CHINng">165.792</dst>
            <dst id="DNVRng">0</dst>
            <dst id="HSTNng">265.949333333333</dst>
            <dst id="IPLSng">234.690666666667</dst>
            <dst id="KSCYng">2888.048</dst>
            <dst id="LOSAng">318.208</dst>
            <dst id="NYCMng">397.664</dst>
            <dst id="SNVAng">13.3333333333333</dst>
            <dst id="STTLng">276.288</dst>
            <dst id="WASHng">368.173333333333</dst>
        </src>
        <src id="ATLAng">
            <dst id="ATLA-M5">385.410666666667</dst>
            <dst id="ATLAng">57893.744</dst>
            <dst id="CHINng">12973.528</dst>
            <dst id="DNVRng">11268.7573333333</dst>
            <dst id="HSTNng">6010.67466666667</dst>
            <dst id="IPLSng">16822.272</dst>
            <dst id="KSCYng">2763.70133333333</dst>
            <dst id="LOSAng">14595.8813333333</dst>
            <dst id="NYCMng">9616.56533333333</dst>
            <dst id="SNVAng">691.153333333333</dst>
            <dst id="STTLng">4986.90133333333</dst>
            <dst id="WASHng">40517.36</dst>
        </src>
        <src id="CHINng">
            <dst id="ATLA-M5">413.48</dst>
            <dst id="ATLAng">20064.3893333333</dst>
            <dst id="CHINng">148546.848</dst>
            <dst id="DNVRng">25023.9626666667</dst>
            <dst id="HSTNng">7229.57066666667</dst>
            <dst id="IPLSng">59870.6506666667</dst>
            <dst id="KSCYng">5927.128</dst>
            <dst id="LOSAng">44097.7093333333</dst>
            <dst id="NYCMng">9423.47733333333</dst>
            <dst id="SNVAng">1289.16266666667</dst>
            <dst id="STTLng">12000.1306666667</dst>
            <dst id="WASHng">29127.5653333333</dst>
        </src>
        <src id="DNVRng">
            <dst id="ATLA-M5">148.96</dst>
            <dst id="ATLAng">29286.0106666667</dst>
            <dst id="CHINng">49617.4133333333</dst>
            <dst id="DNVRng">8291.296</dst>
            <dst id="HSTNng">18853.2293333333</dst>
            <dst id="IPLSng">25955.7786666667</dst>
            <dst id="KSCYng">13977.792</dst>
            <dst id="LOSAng">6152.54133333333</dst>
            <dst id="NYCMng">18444.2853333333</dst>
            <dst id="SNVAng">16955.208</dst>
            <dst id="STTLng">5902.56</dst>
            <dst id="WASHng">33533.8773333333</dst>
        </src>
        <src id="HSTNng">
            <dst id="ATLA-M5">2932.19733333333</dst>
            <dst id="ATLAng">9991.10933333333</dst>
            <dst id="CHINng">38342.872</dst>
            <dst id="DNVRng">10893.8586666667</dst>
            <dst id="HSTNng">7410.93866666667</dst>
            <dst id="IPLSng">2478.424</dst>
            <dst id="KSCYng">5093.6</dst>
            <dst id="LOSAng">4670.616</dst>
            <dst id="NYCMng">2285.58933333333</dst>
            <dst id="SNVAng">287.114666666667</dst>
            <dst id="STTLng">4762.37333333333</dst>
            <dst id="WASHng">16585.1226666667</dst>
        </src>
        <src id="IPLSng">
            <dst id="ATLA-M5">208.874666666667</dst>
            <dst id="ATLAng">21780.6986666667</dst>
            <dst id="CHINng">73265.664</dst>
            <dst id="DNVRng">7015.98133333333</dst>
            <dst id="HSTNng">7067.83733333333</dst>
            <dst id="IPLSng">42461.064</dst>
            <dst id="KSCYng">11115.0533333333</dst>
            <dst id="LOSAng">58747.7413333333</dst>
            <dst id="NYCMng">31545.5626666667</dst>
            <dst id="SNVAng">1444.88266666667</dst>
            <dst id="STTLng">9432.432</dst>
            <dst id="WASHng">31550.9013333333</dst>
        </src>
        <src id="KSCYng">
            <dst id="ATLA-M5">179.245333333333</dst>
            <dst id="ATLAng">4282.38933333333</dst>
            <dst id="CHINng">19634.776</dst>
            <dst id="DNVRng">6866.21866666667</dst>
            <dst id="HSTNng">6676.08</dst>
            <dst id="IPLSng">11530.1253333333</dst>
            <dst id="KSCYng">5340.216</dst>
            <dst id="LOSAng">5234.99733333333</dst>
            <dst id="NYCMng">5882.04266666667</dst>
            <dst id="SNVAng">805.501333333333</dst>
            <dst id="STTLng">1409.11466666667</dst>
            <dst id="WASHng">24996.552</dst>
        </src>
        <src id="LOSAng">
            <dst id="ATLA-M5">545.576</dst>
            <dst id="ATLAng">37639.416</dst>
            <dst id="CHINng">115770.093333333</dst>
            <dst id="DNVRng">28729.824</dst>
            <dst id="HSTNng">25771.5253333333</dst>
            <dst id="IPLSng">72032.3173333333</dst>
            <dst id="KSCYng">10630.0453333333</dst>
            <dst id="LOSAng">10179.832</dst>
            <dst id="NYCMng">65246.2106666667</dst>
            <dst id="SNVAng">16714.4213333333</dst>
            <dst id="STTLng">42150.184</dst>
            <dst id="WASHng">121221.538666667</dst>
        </src>
        <src id="NYCMng">
            <dst id="ATLA-M5">902.429333333333</dst>
            <dst id="ATLAng">58309.392</dst>
            <dst id="CHINng">49957.4026666667</dst>
            <dst id="DNVRng">117048.704</dst>
            <dst id="HSTNng">12514.3093333333</dst>
            <dst id="IPLSng">58294.44</dst>
            <dst id="KSCYng">23332.5093333333</dst>
            <dst id="LOSAng">67772.1866666667</dst>
            <dst id="NYCMng">177860.888</dst>
            <dst id="SNVAng">4063.736</dst>
            <dst id="STTLng">30620.5973333333</dst>
            <dst id="WASHng">113609.56</dst>
        </src>
        <src id="SNVAng">
            <dst id="ATLA-M5">0</dst>
            <dst id="ATLAng">382.722666666667</dst>
            <dst id="CHINng">8173.60266666667</dst>
            <dst id="DNVRng">1952.41866666667</dst>
            <dst id="HSTNng">202.221333333333</dst>
            <dst id="IPLSng">4698.54666666667</dst>
            <dst id="KSCYng">889.856</dst>
            <dst id="LOSAng">46207.2746666667</dst>
            <dst id="NYCMng">598.306666666667</dst>
            <dst id="SNVAng">15223.4186666667</dst>
            <dst id="STTLng">33938.04</dst>
            <dst id="WASHng">86.9386666666667</dst>
        </src>
        <src id="STTLng">
            <dst id="ATLA-M5">232</dst>
            <dst id="ATLAng">14855.6346666667</dst>
            <dst id="CHINng">28522.5946666667</dst>
            <dst id="DNVRng">5791.22666666667</dst>
            <dst id="HSTNng">6208.89066666666</dst>
            <dst id="IPLSng">12918.2186666667</dst>
            <dst id="KSCYng">2705.53866666667</dst>
            <dst id="LOSAng">34408.9253333333</dst>
            <dst id="NYCMng">14895.7173333333</dst>
            <dst id="SNVAng">6470.392</dst>
            <dst id="STTLng">2458.512</dst>
            <dst id="WASHng">40320.3253333333</dst>
        </src>
        <src id="WASHng">
            <dst id="ATLA-M5">2154.37333333333</dst>
            <dst id="ATLAng">155146.144</dst>
            <dst id="CHINng">87302.7573333333</dst>
            <dst id="DNVRng">70004.6533333333</dst>
            <dst id="HSTNng">28727.6266666667</dst>
            <dst id="IPLSng">74198.9093333333</dst>
            <dst id="KSCYng">21101.3173333333</dst>
            <dst id="LOSAng">131781.912</dst>
            <dst id="NYCMng">156947</dst>
            <dst id="SNVAng">2970.95733333333</dst>
            <dst id="STTLng">38882.9093333333</dst>
            <dst id="WASHng">326612.826666667</dst>
        </src>
    </IntraTM>
</TrafficMatrixFile>
