<?xml version="1.0" encoding="ISO-8859-1" standalone="yes"?>
<TrafficMatrixFile xsi:noNamespaceSchemaLocation="http://totem.run.montefiore.ulg.ac.be/Schema/TrafficMatrix-v1_2.xsd" xmlns:xsi="http://www.w3.org/2001/XMLSchema-instance">
    <IntraTM ASID="11537">
        <src id="ATLA-M5">
            <dst id="ATLA-M5">26.6666666666667</dst>
            <dst id="ATLAng">53.3333333333333</dst>
            <dst id="CHINng">674.986666666667</dst>
            <dst id="DNVRng">0</dst>
            <dst id="HSTNng">79.3653333333333</dst>
            <dst id="IPLSng">1305.70933333333</dst>
            <dst id="KSCYng">1564.01866666667</dst>
            <dst id="LOSAng">880.344</dst>
            <dst id="NYCMng">0</dst>
            <dst id="SNVAng">0</dst>
            <dst id="STTLng">144.16</dst>
            <dst id="WASHng">533.106666666667</dst>
        </src>
        <src id="ATLAng">
            <dst id="ATLA-M5">159.610666666667</dst>
            <dst id="ATLAng">36949.5573333333</dst>
            <dst id="CHINng">5840.47466666667</dst>
            <dst id="DNVRng">5352.82133333333</dst>
            <dst id="HSTNng">1016.928</dst>
            <dst id="IPLSng">13697.264</dst>
            <dst id="KSCYng">878.709333333333</dst>
            <dst id="LOSAng">16887.496</dst>
            <dst id="NYCMng">4985.59466666667</dst>
            <dst id="SNVAng">524.205333333333</dst>
            <dst id="STTLng">4818.84266666667</dst>
            <dst id="WASHng">22577.6346666667</dst>
        </src>
        <src id="CHINng">
            <dst id="ATLA-M5">563.216</dst>
            <dst id="ATLAng">28688.9733333333</dst>
            <dst id="CHINng">178677.533333333</dst>
            <dst id="DNVRng">13808.8826666667</dst>
            <dst id="HSTNng">5436</dst>
            <dst id="IPLSng">57190.4533333333</dst>
            <dst id="KSCYng">5007.42133333333</dst>
            <dst id="LOSAng">49468.1733333333</dst>
            <dst id="NYCMng">16071.352</dst>
            <dst id="SNVAng">760.704</dst>
            <dst id="STTLng">5167.64266666667</dst>
            <dst id="WASHng">14608.992</dst>
        </src>
        <src id="DNVRng">
            <dst id="ATLA-M5">28</dst>
            <dst id="ATLAng">12855.7733333333</dst>
            <dst id="CHINng">41609.0826666667</dst>
            <dst id="DNVRng">5192.49066666667</dst>
            <dst id="HSTNng">25141.6933333333</dst>
            <dst id="IPLSng">29339.9013333333</dst>
            <dst id="KSCYng">14189.1066666667</dst>
            <dst id="LOSAng">5313.17333333333</dst>
            <dst id="NYCMng">12245.1786666667</dst>
            <dst id="SNVAng">16233.976</dst>
            <dst id="STTLng">15348.6506666667</dst>
            <dst id="WASHng">28161.744</dst>
        </src>
        <src id="HSTNng">
            <dst id="ATLA-M5">3522.00533333333</dst>
            <dst id="ATLAng">2827.776</dst>
            <dst id="CHINng">11852.0986666667</dst>
            <dst id="DNVRng">2358.01333333333</dst>
            <dst id="HSTNng">3335.07733333333</dst>
            <dst id="IPLSng">606.853333333333</dst>
            <dst id="KSCYng">2528.24266666667</dst>
            <dst id="LOSAng">15874.6213333333</dst>
            <dst id="NYCMng">2040.55733333333</dst>
            <dst id="SNVAng">26.6666666666667</dst>
            <dst id="STTLng">1493.976</dst>
            <dst id="WASHng">5308.88533333333</dst>
        </src>
        <src id="IPLSng">
            <dst id="ATLA-M5">36.5386666666667</dst>
            <dst id="ATLAng">11025.784</dst>
            <dst id="CHINng">61519.2853333333</dst>
            <dst id="DNVRng">4987.69333333333</dst>
            <dst id="HSTNng">1914.36</dst>
            <dst id="IPLSng">24827.1733333333</dst>
            <dst id="KSCYng">2863.24266666667</dst>
            <dst id="LOSAng">55100.0906666667</dst>
            <dst id="NYCMng">19884.8773333333</dst>
            <dst id="SNVAng">446.165333333333</dst>
            <dst id="STTLng">14828.448</dst>
            <dst id="WASHng">16992.064</dst>
        </src>
        <src id="KSCYng">
            <dst id="ATLA-M5">134.101333333333</dst>
            <dst id="ATLAng">7386.584</dst>
            <dst id="CHINng">28620.84</dst>
            <dst id="DNVRng">9522.93066666666</dst>
            <dst id="HSTNng">4210.376</dst>
            <dst id="IPLSng">11531.4773333333</dst>
            <dst id="KSCYng">5341.85866666667</dst>
            <dst id="LOSAng">6260.57866666667</dst>
            <dst id="NYCMng">4118.82933333333</dst>
            <dst id="SNVAng">956.909333333333</dst>
            <dst id="STTLng">2773.088</dst>
            <dst id="WASHng">9478.24266666667</dst>
        </src>
        <src id="LOSAng">
            <dst id="ATLA-M5">224.672</dst>
            <dst id="ATLAng">24070.6773333333</dst>
            <dst id="CHINng">88769.992</dst>
            <dst id="DNVRng">13281.8053333333</dst>
            <dst id="HSTNng">38083.1653333333</dst>
            <dst id="IPLSng">61640.0746666667</dst>
            <dst id="KSCYng">5982.58933333333</dst>
            <dst id="LOSAng">16036.8346666667</dst>
            <dst id="NYCMng">92260.0826666667</dst>
            <dst id="SNVAng">11661.6266666667</dst>
            <dst id="STTLng">51637.0826666667</dst>
            <dst id="WASHng">101979.410666667</dst>
        </src>
        <src id="NYCMng">
            <dst id="ATLA-M5">1046.91466666667</dst>
            <dst id="ATLAng">43388.24</dst>
            <dst id="CHINng">41673.4826666667</dst>
            <dst id="DNVRng">120620.421333333</dst>
            <dst id="HSTNng">23726.3386666667</dst>
            <dst id="IPLSng">39641.2426666667</dst>
            <dst id="KSCYng">9890.688</dst>
            <dst id="LOSAng">110030.152</dst>
            <dst id="NYCMng">87278.872</dst>
            <dst id="SNVAng">2303.26133333333</dst>
            <dst id="STTLng">29614.4853333333</dst>
            <dst id="WASHng">52833.368</dst>
        </src>
        <src id="SNVAng">
            <dst id="ATLA-M5">0</dst>
            <dst id="ATLAng">27.7546666666667</dst>
            <dst id="CHINng">160.296</dst>
            <dst id="DNVRng">7219.39466666667</dst>
            <dst id="HSTNng">372.981333333333</dst>
            <dst id="IPLSng">595.205333333333</dst>
            <dst id="KSCYng">15287.1413333333</dst>
            <dst id="LOSAng">40673.32</dst>
            <dst id="NYCMng">389.92</dst>
            <dst id="SNVAng">13440.9786666667</dst>
            <dst id="STTLng">23123.2826666667</dst>
            <dst id="WASHng">53.3333333333333</dst>
        </src>
        <src id="STTLng">
            <dst id="ATLA-M5">26.6666666666667</dst>
            <dst id="ATLAng">9626.17066666667</dst>
            <dst id="CHINng">14119.4373333333</dst>
            <dst id="DNVRng">3561.65866666667</dst>
            <dst id="HSTNng">5477.51733333333</dst>
            <dst id="IPLSng">5417.74933333333</dst>
            <dst id="KSCYng">2812.77066666667</dst>
            <dst id="LOSAng">24265.1333333333</dst>
            <dst id="NYCMng">10375.4</dst>
            <dst id="SNVAng">3853.71733333333</dst>
            <dst id="STTLng">3047.53333333333</dst>
            <dst id="WASHng">7273.344</dst>
        </src>
        <src id="WASHng">
            <dst id="ATLA-M5">1086.13866666667</dst>
            <dst id="ATLAng">118222.845333333</dst>
            <dst id="CHINng">80741.4586666667</dst>
            <dst id="DNVRng">54938.264</dst>
            <dst id="HSTNng">41182.48</dst>
            <dst id="IPLSng">39027.1386666667</dst>
            <dst id="KSCYng">8195.032</dst>
            <dst id="LOSAng">141666.250666667</dst>
            <dst id="NYCMng">140953.413333333</dst>
            <dst id="SNVAng">5718.74933333334</dst>
            <dst id="STTLng">39706.504</dst>
            <dst id="WASHng">232127.64</dst>
        </src>
    </IntraTM>
</TrafficMatrixFile>
