<?xml version="1.0" encoding="ISO-8859-1" standalone="yes"?>
<TrafficMatrixFile xsi:noNamespaceSchemaLocation="http://totem.run.montefiore.ulg.ac.be/Schema/TrafficMatrix-v1_2.xsd" xmlns:xsi="http://www.w3.org/2001/XMLSchema-instance">
    <IntraTM ASID="11537">
        <src id="ATLA-M5">
            <dst id="ATLA-M5">615.629333333333</dst>
            <dst id="ATLAng">1543.18666666667</dst>
            <dst id="CHINng">278.237333333333</dst>
            <dst id="DNVRng">26.6666666666667</dst>
            <dst id="HSTNng">167.210666666667</dst>
            <dst id="IPLSng">146.576</dst>
            <dst id="KSCYng">148.765333333333</dst>
            <dst id="LOSAng">298.504</dst>
            <dst id="NYCMng">335.072</dst>
            <dst id="SNVAng">1444.90133333333</dst>
            <dst id="STTLng">954.8</dst>
            <dst id="WASHng">2556.77866666667</dst>
        </src>
        <src id="ATLAng">
            <dst id="ATLA-M5">1064.57333333333</dst>
            <dst id="ATLAng">52772.976</dst>
            <dst id="CHINng">10294.9893333333</dst>
            <dst id="DNVRng">9984.98133333333</dst>
            <dst id="HSTNng">6329.24</dst>
            <dst id="IPLSng">13650.768</dst>
            <dst id="KSCYng">8959.368</dst>
            <dst id="LOSAng">36800.2453333333</dst>
            <dst id="NYCMng">6656.69066666667</dst>
            <dst id="SNVAng">624.641333333333</dst>
            <dst id="STTLng">6561.216</dst>
            <dst id="WASHng">60200.312</dst>
        </src>
        <src id="CHINng">
            <dst id="ATLA-M5">705.392</dst>
            <dst id="ATLAng">24664.0453333333</dst>
            <dst id="CHINng">125789.253333333</dst>
            <dst id="DNVRng">16743.9973333333</dst>
            <dst id="HSTNng">6444.81866666667</dst>
            <dst id="IPLSng">38321.2693333333</dst>
            <dst id="KSCYng">9358.44</dst>
            <dst id="LOSAng">46696.9626666667</dst>
            <dst id="NYCMng">6369.50133333333</dst>
            <dst id="SNVAng">1697.816</dst>
            <dst id="STTLng">8813.25866666667</dst>
            <dst id="WASHng">64274.4773333333</dst>
        </src>
        <src id="DNVRng">
            <dst id="ATLA-M5">336.525333333333</dst>
            <dst id="ATLAng">9434.04</dst>
            <dst id="CHINng">70814.8613333333</dst>
            <dst id="DNVRng">26668.5973333333</dst>
            <dst id="HSTNng">21644.896</dst>
            <dst id="IPLSng">25064.4426666667</dst>
            <dst id="KSCYng">27793.8933333333</dst>
            <dst id="LOSAng">14728.3706666667</dst>
            <dst id="NYCMng">16656.3733333333</dst>
            <dst id="SNVAng">32174.192</dst>
            <dst id="STTLng">21487.3093333333</dst>
            <dst id="WASHng">38132.624</dst>
        </src>
        <src id="HSTNng">
            <dst id="ATLA-M5">3562.25333333333</dst>
            <dst id="ATLAng">13964.7946666667</dst>
            <dst id="CHINng">22547.7013333333</dst>
            <dst id="DNVRng">2328.29333333333</dst>
            <dst id="HSTNng">7589.18666666667</dst>
            <dst id="IPLSng">2812.73333333333</dst>
            <dst id="KSCYng">4173.088</dst>
            <dst id="LOSAng">16953.2426666667</dst>
            <dst id="NYCMng">1772.6</dst>
            <dst id="SNVAng">241.218666666667</dst>
            <dst id="STTLng">2224.97866666667</dst>
            <dst id="WASHng">8912.52533333333</dst>
        </src>
        <src id="IPLSng">
            <dst id="ATLA-M5">419.885333333333</dst>
            <dst id="ATLAng">30248.1466666667</dst>
            <dst id="CHINng">93319.8853333333</dst>
            <dst id="DNVRng">13369.4</dst>
            <dst id="HSTNng">3459.84</dst>
            <dst id="IPLSng">24478.32</dst>
            <dst id="KSCYng">5462.848</dst>
            <dst id="LOSAng">41624.128</dst>
            <dst id="NYCMng">26670.0373333333</dst>
            <dst id="SNVAng">1858.66133333333</dst>
            <dst id="STTLng">15241.16</dst>
            <dst id="WASHng">26897.7066666667</dst>
        </src>
        <src id="KSCYng">
            <dst id="ATLA-M5">473.2</dst>
            <dst id="ATLAng">3532.72533333333</dst>
            <dst id="CHINng">27714.3413333333</dst>
            <dst id="DNVRng">12668.1813333333</dst>
            <dst id="HSTNng">5336.55733333333</dst>
            <dst id="IPLSng">17038.92</dst>
            <dst id="KSCYng">5661.17866666667</dst>
            <dst id="LOSAng">6935.816</dst>
            <dst id="NYCMng">4763.86133333333</dst>
            <dst id="SNVAng">329.002666666667</dst>
            <dst id="STTLng">1981.30133333333</dst>
            <dst id="WASHng">8010.78133333333</dst>
        </src>
        <src id="LOSAng">
            <dst id="ATLA-M5">1574.752</dst>
            <dst id="ATLAng">37644.3093333333</dst>
            <dst id="CHINng">4772550.13333333</dst>
            <dst id="DNVRng">12849.88</dst>
            <dst id="HSTNng">13029.7973333333</dst>
            <dst id="IPLSng">60147.4666666667</dst>
            <dst id="KSCYng">19558.4293333333</dst>
            <dst id="LOSAng">17285.528</dst>
            <dst id="NYCMng">52087.7146666667</dst>
            <dst id="SNVAng">15348.912</dst>
            <dst id="STTLng">51640.496</dst>
            <dst id="WASHng">112553.445333333</dst>
        </src>
        <src id="NYCMng">
            <dst id="ATLA-M5">5213.93066666667</dst>
            <dst id="ATLAng">58144.3786666667</dst>
            <dst id="CHINng">70079.3386666667</dst>
            <dst id="DNVRng">36841.2053333333</dst>
            <dst id="HSTNng">16653.8373333333</dst>
            <dst id="IPLSng">79991.576</dst>
            <dst id="KSCYng">15538.4186666667</dst>
            <dst id="LOSAng">79636.4373333333</dst>
            <dst id="NYCMng">139457.16</dst>
            <dst id="SNVAng">5786.816</dst>
            <dst id="STTLng">29026.3253333333</dst>
            <dst id="WASHng">80777.6613333333</dst>
        </src>
        <src id="SNVAng">
            <dst id="ATLA-M5">45.2933333333333</dst>
            <dst id="ATLAng">242.357333333333</dst>
            <dst id="CHINng">7281.39733333333</dst>
            <dst id="DNVRng">10193.5253333333</dst>
            <dst id="HSTNng">499.144</dst>
            <dst id="IPLSng">1178.384</dst>
            <dst id="KSCYng">2052.05866666667</dst>
            <dst id="LOSAng">21201.6586666667</dst>
            <dst id="NYCMng">383.312</dst>
            <dst id="SNVAng">9677.30666666667</dst>
            <dst id="STTLng">20065.2586666667</dst>
            <dst id="WASHng">125.130666666667</dst>
        </src>
        <src id="STTLng">
            <dst id="ATLA-M5">152.973333333333</dst>
            <dst id="ATLAng">17209.0506666667</dst>
            <dst id="CHINng">28759.784</dst>
            <dst id="DNVRng">6307.33866666667</dst>
            <dst id="HSTNng">5579.85066666667</dst>
            <dst id="IPLSng">15568.8613333333</dst>
            <dst id="KSCYng">5590.23733333333</dst>
            <dst id="LOSAng">27013.7493333333</dst>
            <dst id="NYCMng">20032.7466666667</dst>
            <dst id="SNVAng">8879.92533333333</dst>
            <dst id="STTLng">8562.61333333333</dst>
            <dst id="WASHng">14849.992</dst>
        </src>
        <src id="WASHng">
            <dst id="ATLA-M5">3631.32533333333</dst>
            <dst id="ATLAng">107854.541333333</dst>
            <dst id="CHINng">93458.1573333333</dst>
            <dst id="DNVRng">79586.264</dst>
            <dst id="HSTNng">18146.648</dst>
            <dst id="IPLSng">98505.0053333333</dst>
            <dst id="KSCYng">44212.024</dst>
            <dst id="LOSAng">138724.888</dst>
            <dst id="NYCMng">151467.453333333</dst>
            <dst id="SNVAng">4762.07733333333</dst>
            <dst id="STTLng">39112.3173333333</dst>
            <dst id="WASHng">332654.773333333</dst>
        </src>
    </IntraTM>
</TrafficMatrixFile>
