<?xml version="1.0" encoding="ISO-8859-1" standalone="yes"?>
<TrafficMatrixFile xsi:noNamespaceSchemaLocation="http://totem.run.montefiore.ulg.ac.be/Schema/TrafficMatrix-v1_2.xsd" xmlns:xsi="http://www.w3.org/2001/XMLSchema-instance">
    <IntraTM ASID="11537">
        <src id="ATLA-M5">
            <dst id="ATLA-M5">177.882666666667</dst>
            <dst id="ATLAng">109.317333333333</dst>
            <dst id="CHINng">291.688</dst>
            <dst id="DNVRng">90.448</dst>
            <dst id="HSTNng">64.2533333333333</dst>
            <dst id="IPLSng">227.6</dst>
            <dst id="KSCYng">245.672</dst>
            <dst id="LOSAng">231.586666666667</dst>
            <dst id="NYCMng">494.354666666667</dst>
            <dst id="SNVAng">1261.448</dst>
            <dst id="STTLng">53.3333333333333</dst>
            <dst id="WASHng">1669.06666666667</dst>
        </src>
        <src id="ATLAng">
            <dst id="ATLA-M5">271.584</dst>
            <dst id="ATLAng">61197.256</dst>
            <dst id="CHINng">10291.144</dst>
            <dst id="DNVRng">6200.69333333333</dst>
            <dst id="HSTNng">19706.7466666667</dst>
            <dst id="IPLSng">12693.0453333333</dst>
            <dst id="KSCYng">6855.85333333333</dst>
            <dst id="LOSAng">16742.0466666667</dst>
            <dst id="NYCMng">6968.98666666666</dst>
            <dst id="SNVAng">862.969333333333</dst>
            <dst id="STTLng">8416.89066666667</dst>
            <dst id="WASHng">69145.248</dst>
        </src>
        <src id="CHINng">
            <dst id="ATLA-M5">691.701333333333</dst>
            <dst id="ATLAng">31833.4773333333</dst>
            <dst id="CHINng">132790.944</dst>
            <dst id="DNVRng">20740.2586666667</dst>
            <dst id="HSTNng">7258.232</dst>
            <dst id="IPLSng">44284.408</dst>
            <dst id="KSCYng">14862.8906666667</dst>
            <dst id="LOSAng">50305.28</dst>
            <dst id="NYCMng">6273.312</dst>
            <dst id="SNVAng">2016.192</dst>
            <dst id="STTLng">10831.464</dst>
            <dst id="WASHng">69044.5626666667</dst>
        </src>
        <src id="DNVRng">
            <dst id="ATLA-M5">448.834666666667</dst>
            <dst id="ATLAng">9787.80266666667</dst>
            <dst id="CHINng">70902.8586666667</dst>
            <dst id="DNVRng">35123.2133333333</dst>
            <dst id="HSTNng">22017.8586666667</dst>
            <dst id="IPLSng">33208.1653333333</dst>
            <dst id="KSCYng">26903.2666666667</dst>
            <dst id="LOSAng">14275.9973333333</dst>
            <dst id="NYCMng">11006.568</dst>
            <dst id="SNVAng">33273.76</dst>
            <dst id="STTLng">14814.56</dst>
            <dst id="WASHng">32094.1306666667</dst>
        </src>
        <src id="HSTNng">
            <dst id="ATLA-M5">2492.58933333333</dst>
            <dst id="ATLAng">19438.544</dst>
            <dst id="CHINng">18410.8746666667</dst>
            <dst id="DNVRng">2603.68</dst>
            <dst id="HSTNng">10523.0426666667</dst>
            <dst id="IPLSng">2509.28</dst>
            <dst id="KSCYng">6039.38133333333</dst>
            <dst id="LOSAng">18465.184</dst>
            <dst id="NYCMng">5323.648</dst>
            <dst id="SNVAng">244.522666666667</dst>
            <dst id="STTLng">1990.44</dst>
            <dst id="WASHng">5376.82933333333</dst>
        </src>
        <src id="IPLSng">
            <dst id="ATLA-M5">338.082666666667</dst>
            <dst id="ATLAng">16641.128</dst>
            <dst id="CHINng">85058.1146666667</dst>
            <dst id="DNVRng">15765.448</dst>
            <dst id="HSTNng">5968.57066666667</dst>
            <dst id="IPLSng">37487.0373333333</dst>
            <dst id="KSCYng">4290.328</dst>
            <dst id="LOSAng">36118.7813333333</dst>
            <dst id="NYCMng">15972.0986666667</dst>
            <dst id="SNVAng">1805.632</dst>
            <dst id="STTLng">14842.9653333333</dst>
            <dst id="WASHng">17845.04</dst>
        </src>
        <src id="KSCYng">
            <dst id="ATLA-M5">362.818666666667</dst>
            <dst id="ATLAng">3644.69866666667</dst>
            <dst id="CHINng">35151.7093333333</dst>
            <dst id="DNVRng">17132.256</dst>
            <dst id="HSTNng">5358.048</dst>
            <dst id="IPLSng">20819.6293333333</dst>
            <dst id="KSCYng">7658.27466666667</dst>
            <dst id="LOSAng">7609.53066666667</dst>
            <dst id="NYCMng">4645.384</dst>
            <dst id="SNVAng">839.352</dst>
            <dst id="STTLng">1613.85333333333</dst>
            <dst id="WASHng">24413.9013333333</dst>
        </src>
        <src id="LOSAng">
            <dst id="ATLA-M5">716.376</dst>
            <dst id="ATLAng">54023.5893333333</dst>
            <dst id="CHINng">1066269.44</dst>
            <dst id="DNVRng">11566.4506666667</dst>
            <dst id="HSTNng">13743.4053333333</dst>
            <dst id="IPLSng">65748.928</dst>
            <dst id="KSCYng">8196.26933333333</dst>
            <dst id="LOSAng">13444.5146666667</dst>
            <dst id="NYCMng">59934.2773333333</dst>
            <dst id="SNVAng">14600.9413333333</dst>
            <dst id="STTLng">55081.648</dst>
            <dst id="WASHng">114466.117333333</dst>
        </src>
        <src id="NYCMng">
            <dst id="ATLA-M5">558.936</dst>
            <dst id="ATLAng">70613.7573333333</dst>
            <dst id="CHINng">72059.9546666667</dst>
            <dst id="DNVRng">39721.7573333333</dst>
            <dst id="HSTNng">13753.7706666667</dst>
            <dst id="IPLSng">43771.8586666667</dst>
            <dst id="KSCYng">19480.928</dst>
            <dst id="LOSAng">82671.7893333333</dst>
            <dst id="NYCMng">88971.7013333333</dst>
            <dst id="SNVAng">6219.584</dst>
            <dst id="STTLng">53158.7733333333</dst>
            <dst id="WASHng">83359.5493333333</dst>
        </src>
        <src id="SNVAng">
            <dst id="ATLA-M5">235.629333333333</dst>
            <dst id="ATLAng">2080.05066666667</dst>
            <dst id="CHINng">600.074666666667</dst>
            <dst id="DNVRng">10928.2533333333</dst>
            <dst id="HSTNng">88.7573333333333</dst>
            <dst id="IPLSng">1813.776</dst>
            <dst id="KSCYng">118.357333333333</dst>
            <dst id="LOSAng">30228.3866666667</dst>
            <dst id="NYCMng">585.28</dst>
            <dst id="SNVAng">11072.2346666667</dst>
            <dst id="STTLng">31399.9706666667</dst>
            <dst id="WASHng">229.405333333333</dst>
        </src>
        <src id="STTLng">
            <dst id="ATLA-M5">158.514666666667</dst>
            <dst id="ATLAng">18182.4746666667</dst>
            <dst id="CHINng">30512.464</dst>
            <dst id="DNVRng">6284.83733333333</dst>
            <dst id="HSTNng">5867.824</dst>
            <dst id="IPLSng">17759.6773333333</dst>
            <dst id="KSCYng">7678.07466666667</dst>
            <dst id="LOSAng">27287.184</dst>
            <dst id="NYCMng">18371.304</dst>
            <dst id="SNVAng">6453.04</dst>
            <dst id="STTLng">8406.432</dst>
            <dst id="WASHng">17673.12</dst>
        </src>
        <src id="WASHng">
            <dst id="ATLA-M5">2366.504</dst>
            <dst id="ATLAng">96826.6106666667</dst>
            <dst id="CHINng">104627.261333333</dst>
            <dst id="DNVRng">68336.4986666667</dst>
            <dst id="HSTNng">16027.2186666667</dst>
            <dst id="IPLSng">96582.7386666667</dst>
            <dst id="KSCYng">45868.2373333333</dst>
            <dst id="LOSAng">124883.301333333</dst>
            <dst id="NYCMng">172832.330666667</dst>
            <dst id="SNVAng">3966.69066666667</dst>
            <dst id="STTLng">41106.8533333333</dst>
            <dst id="WASHng">320640.133333333</dst>
        </src>
    </IntraTM>
</TrafficMatrixFile>
