<?xml version="1.0" encoding="ISO-8859-1" standalone="yes"?>
<TrafficMatrixFile xsi:noNamespaceSchemaLocation="http://totem.run.montefiore.ulg.ac.be/Schema/TrafficMatrix-v1_2.xsd" xmlns:xsi="http://www.w3.org/2001/XMLSchema-instance">
    <IntraTM ASID="11537">
        <src id="ATLA-M5">
            <dst id="ATLA-M5">57.4826666666667</dst>
            <dst id="ATLAng">202.296</dst>
            <dst id="CHINng">483.869333333333</dst>
            <dst id="DNVRng">26.6666666666667</dst>
            <dst id="HSTNng">71.7306666666667</dst>
            <dst id="IPLSng">268.421333333333</dst>
            <dst id="KSCYng">80</dst>
            <dst id="LOSAng">287.032</dst>
            <dst id="NYCMng">180.485333333333</dst>
            <dst id="SNVAng">26.6666666666667</dst>
            <dst id="STTLng">0</dst>
            <dst id="WASHng">1299.20533333333</dst>
        </src>
        <src id="ATLAng">
            <dst id="ATLA-M5">177.688</dst>
            <dst id="ATLAng">39886.0506666667</dst>
            <dst id="CHINng">13185.7466666667</dst>
            <dst id="DNVRng">13584.4906666667</dst>
            <dst id="HSTNng">3368.872</dst>
            <dst id="IPLSng">20486.1866666667</dst>
            <dst id="KSCYng">4960.84</dst>
            <dst id="LOSAng">18477.2746666667</dst>
            <dst id="NYCMng">7987.912</dst>
            <dst id="SNVAng">751.237333333333</dst>
            <dst id="STTLng">6511.46933333333</dst>
            <dst id="WASHng">59648.232</dst>
        </src>
        <src id="CHINng">
            <dst id="ATLA-M5">374.050666666667</dst>
            <dst id="ATLAng">34591.3466666667</dst>
            <dst id="CHINng">114457.218666667</dst>
            <dst id="DNVRng">19452.4826666667</dst>
            <dst id="HSTNng">15323.04</dst>
            <dst id="IPLSng">41768.4933333333</dst>
            <dst id="KSCYng">14870.8453333333</dst>
            <dst id="LOSAng">1804858.93333333</dst>
            <dst id="NYCMng">10648.808</dst>
            <dst id="SNVAng">5569.66933333333</dst>
            <dst id="STTLng">10761.2346666667</dst>
            <dst id="WASHng">72405.5493333333</dst>
        </src>
        <src id="DNVRng">
            <dst id="ATLA-M5">98.1173333333333</dst>
            <dst id="ATLAng">9559.18133333334</dst>
            <dst id="CHINng">65175.064</dst>
            <dst id="DNVRng">28582.6693333333</dst>
            <dst id="HSTNng">19577.344</dst>
            <dst id="IPLSng">25619.1093333333</dst>
            <dst id="KSCYng">15181.8933333333</dst>
            <dst id="LOSAng">7049.12</dst>
            <dst id="NYCMng">13179.3573333333</dst>
            <dst id="SNVAng">28940.4666666667</dst>
            <dst id="STTLng">14532.0746666667</dst>
            <dst id="WASHng">39010.16</dst>
        </src>
        <src id="HSTNng">
            <dst id="ATLA-M5">2222.02933333333</dst>
            <dst id="ATLAng">12145.728</dst>
            <dst id="CHINng">12053.0266666667</dst>
            <dst id="DNVRng">2960.18133333333</dst>
            <dst id="HSTNng">25290.336</dst>
            <dst id="IPLSng">3331.08</dst>
            <dst id="KSCYng">4170.89066666667</dst>
            <dst id="LOSAng">9909.64266666667</dst>
            <dst id="NYCMng">3600.96</dst>
            <dst id="SNVAng">306.050666666667</dst>
            <dst id="STTLng">2406.432</dst>
            <dst id="WASHng">6066.62666666667</dst>
        </src>
        <src id="IPLSng">
            <dst id="ATLA-M5">177.896</dst>
            <dst id="ATLAng">17558.064</dst>
            <dst id="CHINng">76808.3653333333</dst>
            <dst id="DNVRng">18157.7466666667</dst>
            <dst id="HSTNng">7687.90666666667</dst>
            <dst id="IPLSng">37366.0613333333</dst>
            <dst id="KSCYng">8759.504</dst>
            <dst id="LOSAng">37398.0533333333</dst>
            <dst id="NYCMng">13032.1226666667</dst>
            <dst id="SNVAng">1578.53066666667</dst>
            <dst id="STTLng">13902.8186666667</dst>
            <dst id="WASHng">22234.848</dst>
        </src>
        <src id="KSCYng">
            <dst id="ATLA-M5">349.477333333333</dst>
            <dst id="ATLAng">3322.62933333333</dst>
            <dst id="CHINng">30532.232</dst>
            <dst id="DNVRng">6053.42666666667</dst>
            <dst id="HSTNng">3969.344</dst>
            <dst id="IPLSng">19126.216</dst>
            <dst id="KSCYng">5408.04</dst>
            <dst id="LOSAng">17882.0266666667</dst>
            <dst id="NYCMng">3029.09866666667</dst>
            <dst id="SNVAng">968</dst>
            <dst id="STTLng">1591.208</dst>
            <dst id="WASHng">35154.656</dst>
        </src>
        <src id="LOSAng">
            <dst id="ATLA-M5">472.488</dst>
            <dst id="ATLAng">30250.2213333333</dst>
            <dst id="CHINng">119705.058666667</dst>
            <dst id="DNVRng">24863.776</dst>
            <dst id="HSTNng">12532.9066666667</dst>
            <dst id="IPLSng">65051.6933333333</dst>
            <dst id="KSCYng">13633.9733333333</dst>
            <dst id="LOSAng">14929.2373333333</dst>
            <dst id="NYCMng">53656.784</dst>
            <dst id="SNVAng">17555.5546666667</dst>
            <dst id="STTLng">53815.336</dst>
            <dst id="WASHng">126085.786666667</dst>
        </src>
        <src id="NYCMng">
            <dst id="ATLA-M5">403.464</dst>
            <dst id="ATLAng">62573.3226666667</dst>
            <dst id="CHINng">136979.330666667</dst>
            <dst id="DNVRng">37102.184</dst>
            <dst id="HSTNng">13943.6586666667</dst>
            <dst id="IPLSng">69090.7866666667</dst>
            <dst id="KSCYng">20137.6346666667</dst>
            <dst id="LOSAng">71177.416</dst>
            <dst id="NYCMng">101742.717333333</dst>
            <dst id="SNVAng">4789.6</dst>
            <dst id="STTLng">33677.6053333333</dst>
            <dst id="WASHng">85631.2773333333</dst>
        </src>
        <src id="SNVAng">
            <dst id="ATLA-M5">26.6666666666667</dst>
            <dst id="ATLAng">270.549333333333</dst>
            <dst id="CHINng">3383.43733333333</dst>
            <dst id="DNVRng">1843.62133333333</dst>
            <dst id="HSTNng">264.261333333333</dst>
            <dst id="IPLSng">557.829333333333</dst>
            <dst id="KSCYng">213.333333333333</dst>
            <dst id="LOSAng">25384.5226666667</dst>
            <dst id="NYCMng">508.693333333333</dst>
            <dst id="SNVAng">14928.5653333333</dst>
            <dst id="STTLng">19811.632</dst>
            <dst id="WASHng">482.936</dst>
        </src>
        <src id="STTLng">
            <dst id="ATLA-M5">222.312</dst>
            <dst id="ATLAng">16171.512</dst>
            <dst id="CHINng">24823.656</dst>
            <dst id="DNVRng">4952.68</dst>
            <dst id="HSTNng">6546.12533333333</dst>
            <dst id="IPLSng">17109.184</dst>
            <dst id="KSCYng">8359.16533333333</dst>
            <dst id="LOSAng">26017.9146666667</dst>
            <dst id="NYCMng">14643.4986666667</dst>
            <dst id="SNVAng">5750.584</dst>
            <dst id="STTLng">3956.12533333333</dst>
            <dst id="WASHng">20526.2506666667</dst>
        </src>
        <src id="WASHng">
            <dst id="ATLA-M5">1436.44533333333</dst>
            <dst id="ATLAng">105498.72</dst>
            <dst id="CHINng">100575.794666667</dst>
            <dst id="DNVRng">61464.8106666667</dst>
            <dst id="HSTNng">21439.128</dst>
            <dst id="IPLSng">82097.3333333333</dst>
            <dst id="KSCYng">24611.8293333333</dst>
            <dst id="LOSAng">139764.085333333</dst>
            <dst id="NYCMng">160731.896</dst>
            <dst id="SNVAng">7755.472</dst>
            <dst id="STTLng">45874.6746666667</dst>
            <dst id="WASHng">331931.92</dst>
        </src>
    </IntraTM>
</TrafficMatrixFile>
