<?xml version="1.0" encoding="ISO-8859-1" standalone="yes"?>
<TrafficMatrixFile xsi:noNamespaceSchemaLocation="http://totem.run.montefiore.ulg.ac.be/Schema/TrafficMatrix-v1_2.xsd" xmlns:xsi="http://www.w3.org/2001/XMLSchema-instance">
    <IntraTM ASID="11537">
        <src id="ATLA-M5">
            <dst id="ATLA-M5">349.736</dst>
            <dst id="ATLAng">1223.064</dst>
            <dst id="CHINng">274.613333333333</dst>
            <dst id="DNVRng">26.6666666666667</dst>
            <dst id="HSTNng">121.208</dst>
            <dst id="IPLSng">209.952</dst>
            <dst id="KSCYng">53.3333333333333</dst>
            <dst id="LOSAng">181.154666666667</dst>
            <dst id="NYCMng">396.626666666667</dst>
            <dst id="SNVAng">1483.30933333333</dst>
            <dst id="STTLng">809.189333333333</dst>
            <dst id="WASHng">2187.00266666667</dst>
        </src>
        <src id="ATLAng">
            <dst id="ATLA-M5">537.424</dst>
            <dst id="ATLAng">58170.104</dst>
            <dst id="CHINng">9943.144</dst>
            <dst id="DNVRng">10220.1333333333</dst>
            <dst id="HSTNng">7026.48533333333</dst>
            <dst id="IPLSng">14827.5706666667</dst>
            <dst id="KSCYng">6922.94666666667</dst>
            <dst id="LOSAng">20374.196</dst>
            <dst id="NYCMng">7025.14666666667</dst>
            <dst id="SNVAng">458.870666666667</dst>
            <dst id="STTLng">7351.344</dst>
            <dst id="WASHng">60674.2613333333</dst>
        </src>
        <src id="CHINng">
            <dst id="ATLA-M5">551.858666666667</dst>
            <dst id="ATLAng">24009.5333333333</dst>
            <dst id="CHINng">133700.733333333</dst>
            <dst id="DNVRng">13655.9626666667</dst>
            <dst id="HSTNng">7639.288</dst>
            <dst id="IPLSng">36646.2693333333</dst>
            <dst id="KSCYng">9018.672</dst>
            <dst id="LOSAng">41125.6666666667</dst>
            <dst id="NYCMng">6592.09333333333</dst>
            <dst id="SNVAng">1524.73866666667</dst>
            <dst id="STTLng">7934.536</dst>
            <dst id="WASHng">60037.6506666667</dst>
        </src>
        <src id="DNVRng">
            <dst id="ATLA-M5">184.074666666667</dst>
            <dst id="ATLAng">10784.0453333333</dst>
            <dst id="CHINng">73462.224</dst>
            <dst id="DNVRng">24684.792</dst>
            <dst id="HSTNng">19765.4</dst>
            <dst id="IPLSng">26281.304</dst>
            <dst id="KSCYng">21004.6373333333</dst>
            <dst id="LOSAng">19491.6506666667</dst>
            <dst id="NYCMng">14011.8213333333</dst>
            <dst id="SNVAng">31135.0773333333</dst>
            <dst id="STTLng">12586</dst>
            <dst id="WASHng">32665.9946666667</dst>
        </src>
        <src id="HSTNng">
            <dst id="ATLA-M5">4703.88266666667</dst>
            <dst id="ATLAng">18305.4986666667</dst>
            <dst id="CHINng">23935.3573333333</dst>
            <dst id="DNVRng">2462.56266666667</dst>
            <dst id="HSTNng">6813.96266666667</dst>
            <dst id="IPLSng">2625.41066666667</dst>
            <dst id="KSCYng">4176.10933333333</dst>
            <dst id="LOSAng">16795.3973333333</dst>
            <dst id="NYCMng">1453.568</dst>
            <dst id="SNVAng">316.861333333333</dst>
            <dst id="STTLng">1811.78933333333</dst>
            <dst id="WASHng">8272.85066666667</dst>
        </src>
        <src id="IPLSng">
            <dst id="ATLA-M5">305.997333333333</dst>
            <dst id="ATLAng">14916.4213333333</dst>
            <dst id="CHINng">79235.2053333333</dst>
            <dst id="DNVRng">28000.16</dst>
            <dst id="HSTNng">2584.66133333333</dst>
            <dst id="IPLSng">37024.2506666667</dst>
            <dst id="KSCYng">5116.46666666667</dst>
            <dst id="LOSAng">37122.488</dst>
            <dst id="NYCMng">21569.352</dst>
            <dst id="SNVAng">2121.63733333333</dst>
            <dst id="STTLng">12837.3573333333</dst>
            <dst id="WASHng">18456.688</dst>
        </src>
        <src id="KSCYng">
            <dst id="ATLA-M5">310.176</dst>
            <dst id="ATLAng">3471.45866666667</dst>
            <dst id="CHINng">27632.416</dst>
            <dst id="DNVRng">14352.912</dst>
            <dst id="HSTNng">4558.688</dst>
            <dst id="IPLSng">19974.224</dst>
            <dst id="KSCYng">5740.99733333333</dst>
            <dst id="LOSAng">8051.26666666667</dst>
            <dst id="NYCMng">4174.85866666667</dst>
            <dst id="SNVAng">702.018666666667</dst>
            <dst id="STTLng">1812.44266666667</dst>
            <dst id="WASHng">8514.06933333333</dst>
        </src>
        <src id="LOSAng">
            <dst id="ATLA-M5">1630.98933333333</dst>
            <dst id="ATLAng">35279.9946666667</dst>
            <dst id="CHINng">5804663.46666667</dst>
            <dst id="DNVRng">9451.88533333333</dst>
            <dst id="HSTNng">22356.576</dst>
            <dst id="IPLSng">54273.56</dst>
            <dst id="KSCYng">12434.5733333333</dst>
            <dst id="LOSAng">17405.1866666667</dst>
            <dst id="NYCMng">53617.872</dst>
            <dst id="SNVAng">19903.1093333333</dst>
            <dst id="STTLng">56167.096</dst>
            <dst id="WASHng">112165.88</dst>
        </src>
        <src id="NYCMng">
            <dst id="ATLA-M5">8104.49333333333</dst>
            <dst id="ATLAng">59048.896</dst>
            <dst id="CHINng">193290.426666667</dst>
            <dst id="DNVRng">37926.896</dst>
            <dst id="HSTNng">20247.448</dst>
            <dst id="IPLSng">63046.2053333333</dst>
            <dst id="KSCYng">17820.0026666667</dst>
            <dst id="LOSAng">76979.0266666667</dst>
            <dst id="NYCMng">128893.76</dst>
            <dst id="SNVAng">6205.83466666667</dst>
            <dst id="STTLng">35366.7386666667</dst>
            <dst id="WASHng">83792.4186666667</dst>
        </src>
        <src id="SNVAng">
            <dst id="ATLA-M5">256.92</dst>
            <dst id="ATLAng">197.157333333333</dst>
            <dst id="CHINng">5471.86133333333</dst>
            <dst id="DNVRng">9307.60266666667</dst>
            <dst id="HSTNng">377.338666666667</dst>
            <dst id="IPLSng">1415.12266666667</dst>
            <dst id="KSCYng">106.666666666667</dst>
            <dst id="LOSAng">34332.552</dst>
            <dst id="NYCMng">289.522666666667</dst>
            <dst id="SNVAng">12094.712</dst>
            <dst id="STTLng">29490.7146666667</dst>
            <dst id="WASHng">109.112</dst>
        </src>
        <src id="STTLng">
            <dst id="ATLA-M5">173.114666666667</dst>
            <dst id="ATLAng">16672.9626666667</dst>
            <dst id="CHINng">29619.1226666667</dst>
            <dst id="DNVRng">6503.568</dst>
            <dst id="HSTNng">4898.408</dst>
            <dst id="IPLSng">14165.0106666667</dst>
            <dst id="KSCYng">6675.224</dst>
            <dst id="LOSAng">26944.7146666667</dst>
            <dst id="NYCMng">17641.3093333333</dst>
            <dst id="SNVAng">6186.32533333333</dst>
            <dst id="STTLng">7171.064</dst>
            <dst id="WASHng">15362.1493333333</dst>
        </src>
        <src id="WASHng">
            <dst id="ATLA-M5">3564.39466666667</dst>
            <dst id="ATLAng">121772.194666667</dst>
            <dst id="CHINng">107522.890666667</dst>
            <dst id="DNVRng">84707.864</dst>
            <dst id="HSTNng">17316.1706666667</dst>
            <dst id="IPLSng">91934.2773333333</dst>
            <dst id="KSCYng">38502.608</dst>
            <dst id="LOSAng">139382.76</dst>
            <dst id="NYCMng">168952.293333333</dst>
            <dst id="SNVAng">4229.44266666667</dst>
            <dst id="STTLng">39769.4213333333</dst>
            <dst id="WASHng">334700.533333333</dst>
        </src>
    </IntraTM>
</TrafficMatrixFile>
