<?xml version="1.0" encoding="ISO-8859-1" standalone="yes"?>
<TrafficMatrixFile xsi:noNamespaceSchemaLocation="http://totem.run.montefiore.ulg.ac.be/Schema/TrafficMatrix-v1_2.xsd" xmlns:xsi="http://www.w3.org/2001/XMLSchema-instance">
    <IntraTM ASID="11537">
        <src id="ATLA-M5">
            <dst id="ATLA-M5">538.829333333333</dst>
            <dst id="ATLAng">1037.62666666667</dst>
            <dst id="CHINng">213.333333333333</dst>
            <dst id="DNVRng">0</dst>
            <dst id="HSTNng">113.674666666667</dst>
            <dst id="IPLSng">80</dst>
            <dst id="KSCYng">41.0186666666667</dst>
            <dst id="LOSAng">191.213333333333</dst>
            <dst id="NYCMng">438.666666666667</dst>
            <dst id="SNVAng">0</dst>
            <dst id="STTLng">26.6666666666667</dst>
            <dst id="WASHng">1175.63733333333</dst>
        </src>
        <src id="ATLAng">
            <dst id="ATLA-M5">689.96</dst>
            <dst id="ATLAng">46459.7173333333</dst>
            <dst id="CHINng">13206.0773333333</dst>
            <dst id="DNVRng">4158.53333333333</dst>
            <dst id="HSTNng">3569.19466666667</dst>
            <dst id="IPLSng">16723.7733333333</dst>
            <dst id="KSCYng">5158.36266666667</dst>
            <dst id="LOSAng">11249.192</dst>
            <dst id="NYCMng">7579.35466666667</dst>
            <dst id="SNVAng">906.930666666667</dst>
            <dst id="STTLng">6763.05333333333</dst>
            <dst id="WASHng">69162.7946666667</dst>
        </src>
        <src id="CHINng">
            <dst id="ATLA-M5">1494.29333333333</dst>
            <dst id="ATLAng">34605.0026666667</dst>
            <dst id="CHINng">151517.016</dst>
            <dst id="DNVRng">11585.1226666667</dst>
            <dst id="HSTNng">12631.4106666667</dst>
            <dst id="IPLSng">51653.1146666667</dst>
            <dst id="KSCYng">9763.192</dst>
            <dst id="LOSAng">42528.3386666667</dst>
            <dst id="NYCMng">7999.456</dst>
            <dst id="SNVAng">579.325333333334</dst>
            <dst id="STTLng">7714.504</dst>
            <dst id="WASHng">62272.1493333333</dst>
        </src>
        <src id="DNVRng">
            <dst id="ATLA-M5">111.157333333333</dst>
            <dst id="ATLAng">8471.92533333333</dst>
            <dst id="CHINng">132955.613333333</dst>
            <dst id="DNVRng">20813.0853333333</dst>
            <dst id="HSTNng">23112.7813333333</dst>
            <dst id="IPLSng">24438.6346666667</dst>
            <dst id="KSCYng">22043.8293333333</dst>
            <dst id="LOSAng">7030.88533333333</dst>
            <dst id="NYCMng">10133.9466666667</dst>
            <dst id="SNVAng">14837.3786666667</dst>
            <dst id="STTLng">11326.9786666667</dst>
            <dst id="WASHng">47354.6186666667</dst>
        </src>
        <src id="HSTNng">
            <dst id="ATLA-M5">2177.21866666667</dst>
            <dst id="ATLAng">3827.71733333333</dst>
            <dst id="CHINng">19532.9173333333</dst>
            <dst id="DNVRng">6673.616</dst>
            <dst id="HSTNng">10047.6986666667</dst>
            <dst id="IPLSng">1475.16266666667</dst>
            <dst id="KSCYng">6072.41866666667</dst>
            <dst id="LOSAng">8906.176</dst>
            <dst id="NYCMng">3591.19466666667</dst>
            <dst id="SNVAng">199.298666666667</dst>
            <dst id="STTLng">1909.93866666667</dst>
            <dst id="WASHng">7421.232</dst>
        </src>
        <src id="IPLSng">
            <dst id="ATLA-M5">262.856</dst>
            <dst id="ATLAng">30003.8906666667</dst>
            <dst id="CHINng">101927.373333333</dst>
            <dst id="DNVRng">4353.736</dst>
            <dst id="HSTNng">9733.912</dst>
            <dst id="IPLSng">38304.5573333333</dst>
            <dst id="KSCYng">10426.8906666667</dst>
            <dst id="LOSAng">23733.76</dst>
            <dst id="NYCMng">27651.3306666667</dst>
            <dst id="SNVAng">1777.00533333333</dst>
            <dst id="STTLng">9704.47466666666</dst>
            <dst id="WASHng">26849.8453333333</dst>
        </src>
        <src id="KSCYng">
            <dst id="ATLA-M5">354.48</dst>
            <dst id="ATLAng">3098.57333333333</dst>
            <dst id="CHINng">30734.3306666667</dst>
            <dst id="DNVRng">15930.1493333333</dst>
            <dst id="HSTNng">3460.192</dst>
            <dst id="IPLSng">14874.6266666667</dst>
            <dst id="KSCYng">12395.04</dst>
            <dst id="LOSAng">6584.36</dst>
            <dst id="NYCMng">6537.13333333333</dst>
            <dst id="SNVAng">279.037333333333</dst>
            <dst id="STTLng">1103.72533333333</dst>
            <dst id="WASHng">22248.1226666667</dst>
        </src>
        <src id="LOSAng">
            <dst id="ATLA-M5">966.704</dst>
            <dst id="ATLAng">33331.3173333333</dst>
            <dst id="CHINng">130334.186666667</dst>
            <dst id="DNVRng">12445.4586666667</dst>
            <dst id="HSTNng">40000.16</dst>
            <dst id="IPLSng">53070.1413333333</dst>
            <dst id="KSCYng">9523.19733333334</dst>
            <dst id="LOSAng">17711.2506666667</dst>
            <dst id="NYCMng">52328.6373333333</dst>
            <dst id="SNVAng">17898.4586666667</dst>
            <dst id="STTLng">34972.248</dst>
            <dst id="WASHng">106926.656</dst>
        </src>
        <src id="NYCMng">
            <dst id="ATLA-M5">508.130666666667</dst>
            <dst id="ATLAng">56248.704</dst>
            <dst id="CHINng">65142.096</dst>
            <dst id="DNVRng">25166.3733333333</dst>
            <dst id="HSTNng">10998.4453333333</dst>
            <dst id="IPLSng">47313.952</dst>
            <dst id="KSCYng">14978.1626666667</dst>
            <dst id="LOSAng">55098.848</dst>
            <dst id="NYCMng">126586.253333333</dst>
            <dst id="SNVAng">2872.32266666667</dst>
            <dst id="STTLng">23092.2266666667</dst>
            <dst id="WASHng">81320.84</dst>
        </src>
        <src id="SNVAng">
            <dst id="ATLA-M5">117.389333333333</dst>
            <dst id="ATLAng">234.202666666667</dst>
            <dst id="CHINng">514.128</dst>
            <dst id="DNVRng">2740.96266666667</dst>
            <dst id="HSTNng">169.168</dst>
            <dst id="IPLSng">820.176</dst>
            <dst id="KSCYng">123.981333333333</dst>
            <dst id="LOSAng">28019.9813333333</dst>
            <dst id="NYCMng">1035.30666666667</dst>
            <dst id="SNVAng">13145.808</dst>
            <dst id="STTLng">23645.368</dst>
            <dst id="WASHng">280.509333333333</dst>
        </src>
        <src id="STTLng">
            <dst id="ATLA-M5">341.344</dst>
            <dst id="ATLAng">14986.4746666667</dst>
            <dst id="CHINng">34086.9093333333</dst>
            <dst id="DNVRng">2802.86666666667</dst>
            <dst id="HSTNng">3539.82133333333</dst>
            <dst id="IPLSng">17057.5546666667</dst>
            <dst id="KSCYng">4478.97333333333</dst>
            <dst id="LOSAng">46318.728</dst>
            <dst id="NYCMng">11528.2506666667</dst>
            <dst id="SNVAng">4552.896</dst>
            <dst id="STTLng">8574.184</dst>
            <dst id="WASHng">15044.9386666667</dst>
        </src>
        <src id="WASHng">
            <dst id="ATLA-M5">1646.57333333333</dst>
            <dst id="ATLAng">94064.1733333333</dst>
            <dst id="CHINng">117041.741333333</dst>
            <dst id="DNVRng">60666.672</dst>
            <dst id="HSTNng">33148.9253333333</dst>
            <dst id="IPLSng">79450.9466666667</dst>
            <dst id="KSCYng">45069.872</dst>
            <dst id="LOSAng">106591.322666667</dst>
            <dst id="NYCMng">204501.589333333</dst>
            <dst id="SNVAng">5494</dst>
            <dst id="STTLng">27168.3173333333</dst>
            <dst id="WASHng">299649.52</dst>
        </src>
    </IntraTM>
</TrafficMatrixFile>
