<?xml version="1.0" encoding="ISO-8859-1" standalone="yes"?>
<TrafficMatrixFile xsi:noNamespaceSchemaLocation="http://totem.run.montefiore.ulg.ac.be/Schema/TrafficMatrix-v1_2.xsd" xmlns:xsi="http://www.w3.org/2001/XMLSchema-instance">
    <IntraTM ASID="11537">
        <src id="ATLA-M5">
            <dst id="ATLA-M5">0</dst>
            <dst id="ATLAng">369.106666666667</dst>
            <dst id="CHINng">91.2106666666667</dst>
            <dst id="DNVRng">0</dst>
            <dst id="HSTNng">26.6666666666667</dst>
            <dst id="IPLSng">26.6666666666667</dst>
            <dst id="KSCYng">261.789333333333</dst>
            <dst id="LOSAng">177.474666666667</dst>
            <dst id="NYCMng">0</dst>
            <dst id="SNVAng">0</dst>
            <dst id="STTLng">828.669333333333</dst>
            <dst id="WASHng">174.925333333333</dst>
        </src>
        <src id="ATLAng">
            <dst id="ATLA-M5">216.357333333333</dst>
            <dst id="ATLAng">40188.9626666667</dst>
            <dst id="CHINng">8933.84</dst>
            <dst id="DNVRng">8767.26666666667</dst>
            <dst id="HSTNng">6107.08533333333</dst>
            <dst id="IPLSng">11901.8186666667</dst>
            <dst id="KSCYng">4631.42133333333</dst>
            <dst id="LOSAng">20060.2546666667</dst>
            <dst id="NYCMng">6432.61066666666</dst>
            <dst id="SNVAng">269.366666666667</dst>
            <dst id="STTLng">7327.68266666667</dst>
            <dst id="WASHng">32650.936</dst>
        </src>
        <src id="CHINng">
            <dst id="ATLA-M5">181.064</dst>
            <dst id="ATLAng">13469.88</dst>
            <dst id="CHINng">88210.664</dst>
            <dst id="DNVRng">20511.7386666667</dst>
            <dst id="HSTNng">9694.30933333333</dst>
            <dst id="IPLSng">35928.7306666667</dst>
            <dst id="KSCYng">6660.744</dst>
            <dst id="LOSAng">722582.16</dst>
            <dst id="NYCMng">8762.50666666667</dst>
            <dst id="SNVAng">524.112</dst>
            <dst id="STTLng">10351.9493333333</dst>
            <dst id="WASHng">23447.6933333333</dst>
        </src>
        <src id="DNVRng">
            <dst id="ATLA-M5">58.6666666666667</dst>
            <dst id="ATLAng">8499.42133333333</dst>
            <dst id="CHINng">48862.3946666667</dst>
            <dst id="DNVRng">2437.49333333333</dst>
            <dst id="HSTNng">18157.2613333333</dst>
            <dst id="IPLSng">24314.6186666667</dst>
            <dst id="KSCYng">10613.6346666667</dst>
            <dst id="LOSAng">11058.3866666667</dst>
            <dst id="NYCMng">12325.3813333333</dst>
            <dst id="SNVAng">5812.19466666667</dst>
            <dst id="STTLng">5364.184</dst>
            <dst id="WASHng">30133.6826666667</dst>
        </src>
        <src id="HSTNng">
            <dst id="ATLA-M5">192.794666666667</dst>
            <dst id="ATLAng">11891.1333333333</dst>
            <dst id="CHINng">9864.57333333333</dst>
            <dst id="DNVRng">9431.328</dst>
            <dst id="HSTNng">14173.528</dst>
            <dst id="IPLSng">1932.42666666667</dst>
            <dst id="KSCYng">1636.456</dst>
            <dst id="LOSAng">18321.304</dst>
            <dst id="NYCMng">1902.46666666667</dst>
            <dst id="SNVAng">0</dst>
            <dst id="STTLng">1528.35733333333</dst>
            <dst id="WASHng">5776.09866666667</dst>
        </src>
        <src id="IPLSng">
            <dst id="ATLA-M5">45.112</dst>
            <dst id="ATLAng">13826.912</dst>
            <dst id="CHINng">69387.5893333333</dst>
            <dst id="DNVRng">10227.36</dst>
            <dst id="HSTNng">1605.43466666667</dst>
            <dst id="IPLSng">67503.6026666667</dst>
            <dst id="KSCYng">6620.61866666667</dst>
            <dst id="LOSAng">57641.8</dst>
            <dst id="NYCMng">23003.1546666667</dst>
            <dst id="SNVAng">2337.81066666667</dst>
            <dst id="STTLng">7769.456</dst>
            <dst id="WASHng">16829.3626666667</dst>
        </src>
        <src id="KSCYng">
            <dst id="ATLA-M5">26.6666666666667</dst>
            <dst id="ATLAng">2824.32533333333</dst>
            <dst id="CHINng">24600.112</dst>
            <dst id="DNVRng">9741.936</dst>
            <dst id="HSTNng">3218.144</dst>
            <dst id="IPLSng">14410.2853333333</dst>
            <dst id="KSCYng">5713.57333333333</dst>
            <dst id="LOSAng">6725.39466666667</dst>
            <dst id="NYCMng">2919.36</dst>
            <dst id="SNVAng">220.496</dst>
            <dst id="STTLng">2397.49066666667</dst>
            <dst id="WASHng">8548.496</dst>
        </src>
        <src id="LOSAng">
            <dst id="ATLA-M5">1076.648</dst>
            <dst id="ATLAng">20908.024</dst>
            <dst id="CHINng">96877.968</dst>
            <dst id="DNVRng">13046.7493333333</dst>
            <dst id="HSTNng">11498.3146666667</dst>
            <dst id="IPLSng">59749.5626666667</dst>
            <dst id="KSCYng">7349.536</dst>
            <dst id="LOSAng">22473.6933333333</dst>
            <dst id="NYCMng">110883.048</dst>
            <dst id="SNVAng">10902.0373333333</dst>
            <dst id="STTLng">45443.536</dst>
            <dst id="WASHng">111272.562666667</dst>
        </src>
        <src id="NYCMng">
            <dst id="ATLA-M5">254.624</dst>
            <dst id="ATLAng">47803.704</dst>
            <dst id="CHINng">45397.7493333333</dst>
            <dst id="DNVRng">126875.610666667</dst>
            <dst id="HSTNng">10699.9706666667</dst>
            <dst id="IPLSng">45443.3786666667</dst>
            <dst id="KSCYng">21272.7146666667</dst>
            <dst id="LOSAng">118141.957333333</dst>
            <dst id="NYCMng">74991.8773333333</dst>
            <dst id="SNVAng">11364.464</dst>
            <dst id="STTLng">30125.9466666667</dst>
            <dst id="WASHng">80691.9733333333</dst>
        </src>
        <src id="SNVAng">
            <dst id="ATLA-M5">0</dst>
            <dst id="ATLAng">124.92</dst>
            <dst id="CHINng">415.338666666667</dst>
            <dst id="DNVRng">8556.99466666666</dst>
            <dst id="HSTNng">3100.096</dst>
            <dst id="IPLSng">845.672</dst>
            <dst id="KSCYng">63.08</dst>
            <dst id="LOSAng">32776.816</dst>
            <dst id="NYCMng">650.490666666667</dst>
            <dst id="SNVAng">7453.46666666667</dst>
            <dst id="STTLng">21125.944</dst>
            <dst id="WASHng">129.618666666667</dst>
        </src>
        <src id="STTLng">
            <dst id="ATLA-M5">387.752</dst>
            <dst id="ATLAng">11639.352</dst>
            <dst id="CHINng">13559.64</dst>
            <dst id="DNVRng">4789.736</dst>
            <dst id="HSTNng">3299.48266666667</dst>
            <dst id="IPLSng">8077.29066666667</dst>
            <dst id="KSCYng">3499.496</dst>
            <dst id="LOSAng">33586.136</dst>
            <dst id="NYCMng">11020.4426666667</dst>
            <dst id="SNVAng">3645.632</dst>
            <dst id="STTLng">2444.776</dst>
            <dst id="WASHng">8483.232</dst>
        </src>
        <src id="WASHng">
            <dst id="ATLA-M5">1026.36</dst>
            <dst id="ATLAng">110038.749333333</dst>
            <dst id="CHINng">75368.2426666666</dst>
            <dst id="DNVRng">50280.904</dst>
            <dst id="HSTNng">23714.256</dst>
            <dst id="IPLSng">44736.5946666667</dst>
            <dst id="KSCYng">18516.0106666667</dst>
            <dst id="LOSAng">123281.178666667</dst>
            <dst id="NYCMng">150911.117333333</dst>
            <dst id="SNVAng">13870.0133333333</dst>
            <dst id="STTLng">29913.8373333333</dst>
            <dst id="WASHng">236967.253333333</dst>
        </src>
    </IntraTM>
</TrafficMatrixFile>
