<?xml version="1.0" encoding="ISO-8859-1" standalone="yes"?>
<TrafficMatrixFile xsi:noNamespaceSchemaLocation="http://totem.run.montefiore.ulg.ac.be/Schema/TrafficMatrix-v1_2.xsd" xmlns:xsi="http://www.w3.org/2001/XMLSchema-instance">
    <IntraTM ASID="11537">
        <src id="ATLA-M5">
            <dst id="ATLA-M5">61.7706666666667</dst>
            <dst id="ATLAng">565.856</dst>
            <dst id="CHINng">250.213333333333</dst>
            <dst id="DNVRng">26.6666666666667</dst>
            <dst id="HSTNng">53.3333333333333</dst>
            <dst id="IPLSng">82.0906666666667</dst>
            <dst id="KSCYng">85.9893333333333</dst>
            <dst id="LOSAng">141.808</dst>
            <dst id="NYCMng">122.773333333333</dst>
            <dst id="SNVAng">0</dst>
            <dst id="STTLng">68.9413333333333</dst>
            <dst id="WASHng">382.877333333333</dst>
        </src>
        <src id="ATLAng">
            <dst id="ATLA-M5">946.389333333333</dst>
            <dst id="ATLAng">42949.4746666667</dst>
            <dst id="CHINng">6698.40266666667</dst>
            <dst id="DNVRng">3619.98933333333</dst>
            <dst id="HSTNng">2052.448</dst>
            <dst id="IPLSng">11131.7813333333</dst>
            <dst id="KSCYng">3581.30666666667</dst>
            <dst id="LOSAng">12625.6</dst>
            <dst id="NYCMng">9168.10133333333</dst>
            <dst id="SNVAng">689.685333333333</dst>
            <dst id="STTLng">3254.24533333333</dst>
            <dst id="WASHng">82572.5973333333</dst>
        </src>
        <src id="CHINng">
            <dst id="ATLA-M5">736.021333333333</dst>
            <dst id="ATLAng">38609.0453333333</dst>
            <dst id="CHINng">105147.552</dst>
            <dst id="DNVRng">47379.0853333333</dst>
            <dst id="HSTNng">4812.87466666667</dst>
            <dst id="IPLSng">22600.8346666667</dst>
            <dst id="KSCYng">9183.20533333334</dst>
            <dst id="LOSAng">35446.3306666667</dst>
            <dst id="NYCMng">9118.05333333334</dst>
            <dst id="SNVAng">1188.64</dst>
            <dst id="STTLng">5485.72266666667</dst>
            <dst id="WASHng">19523.8</dst>
        </src>
        <src id="DNVRng">
            <dst id="ATLA-M5">136.96</dst>
            <dst id="ATLAng">5880.432</dst>
            <dst id="CHINng">122449.917333333</dst>
            <dst id="DNVRng">8150.80533333333</dst>
            <dst id="HSTNng">14447.616</dst>
            <dst id="IPLSng">20800.4</dst>
            <dst id="KSCYng">37644.704</dst>
            <dst id="LOSAng">4960.84533333333</dst>
            <dst id="NYCMng">11712.296</dst>
            <dst id="SNVAng">8701.48533333333</dst>
            <dst id="STTLng">5883.41333333333</dst>
            <dst id="WASHng">29860.2986666667</dst>
        </src>
        <src id="HSTNng">
            <dst id="ATLA-M5">1230.63733333333</dst>
            <dst id="ATLAng">5631.704</dst>
            <dst id="CHINng">22397.88</dst>
            <dst id="DNVRng">1182.35733333333</dst>
            <dst id="HSTNng">4000.92533333333</dst>
            <dst id="IPLSng">5673.06133333333</dst>
            <dst id="KSCYng">2293.736</dst>
            <dst id="LOSAng">6085.82933333333</dst>
            <dst id="NYCMng">9819.63733333334</dst>
            <dst id="SNVAng">94.3866666666666</dst>
            <dst id="STTLng">1912.24266666667</dst>
            <dst id="WASHng">4549.77866666667</dst>
        </src>
        <src id="IPLSng">
            <dst id="ATLA-M5">26.6666666666667</dst>
            <dst id="ATLAng">18589.472</dst>
            <dst id="CHINng">89268.208</dst>
            <dst id="DNVRng">2789.04266666667</dst>
            <dst id="HSTNng">3237.05066666667</dst>
            <dst id="IPLSng">11053.3013333333</dst>
            <dst id="KSCYng">6736.32266666667</dst>
            <dst id="LOSAng">34390.9173333333</dst>
            <dst id="NYCMng">24944.0826666667</dst>
            <dst id="SNVAng">605.936</dst>
            <dst id="STTLng">9215.06933333333</dst>
            <dst id="WASHng">26954.9973333333</dst>
        </src>
        <src id="KSCYng">
            <dst id="ATLA-M5">26.6666666666667</dst>
            <dst id="ATLAng">2373.992</dst>
            <dst id="CHINng">21242.976</dst>
            <dst id="DNVRng">7613.35466666667</dst>
            <dst id="HSTNng">5129.37333333333</dst>
            <dst id="IPLSng">11265.736</dst>
            <dst id="KSCYng">5982.816</dst>
            <dst id="LOSAng">5463.18933333333</dst>
            <dst id="NYCMng">4927.66666666667</dst>
            <dst id="SNVAng">151.157333333333</dst>
            <dst id="STTLng">3182.86133333333</dst>
            <dst id="WASHng">13285.0293333333</dst>
        </src>
        <src id="LOSAng">
            <dst id="ATLA-M5">2439.768</dst>
            <dst id="ATLAng">48998.4693333333</dst>
            <dst id="CHINng">142316.765333333</dst>
            <dst id="DNVRng">6056.512</dst>
            <dst id="HSTNng">4925.14133333333</dst>
            <dst id="IPLSng">38740.7946666667</dst>
            <dst id="KSCYng">6545.712</dst>
            <dst id="LOSAng">12979.456</dst>
            <dst id="NYCMng">61601.5573333333</dst>
            <dst id="SNVAng">6922.14666666667</dst>
            <dst id="STTLng">42181.7253333333</dst>
            <dst id="WASHng">91196.9946666667</dst>
        </src>
        <src id="NYCMng">
            <dst id="ATLA-M5">500.186666666667</dst>
            <dst id="ATLAng">45139.0133333333</dst>
            <dst id="CHINng">57711.7946666666</dst>
            <dst id="DNVRng">71215.5493333333</dst>
            <dst id="HSTNng">7668.98666666667</dst>
            <dst id="IPLSng">31745.0826666667</dst>
            <dst id="KSCYng">9868.12533333333</dst>
            <dst id="LOSAng">59602.3733333333</dst>
            <dst id="NYCMng">116094.557333333</dst>
            <dst id="SNVAng">1156.608</dst>
            <dst id="STTLng">25253.5786666667</dst>
            <dst id="WASHng">69373.3493333333</dst>
        </src>
        <src id="SNVAng">
            <dst id="ATLA-M5">0</dst>
            <dst id="ATLAng">112.504</dst>
            <dst id="CHINng">567.213333333333</dst>
            <dst id="DNVRng">8445.95466666667</dst>
            <dst id="HSTNng">246.450666666667</dst>
            <dst id="IPLSng">6298.50133333333</dst>
            <dst id="KSCYng">191.154666666667</dst>
            <dst id="LOSAng">28543.3706666667</dst>
            <dst id="NYCMng">2159.23466666667</dst>
            <dst id="SNVAng">9612.29333333333</dst>
            <dst id="STTLng">21674.6613333333</dst>
            <dst id="WASHng">152.106666666667</dst>
        </src>
        <src id="STTLng">
            <dst id="ATLA-M5">385.581333333333</dst>
            <dst id="ATLAng">11214.9386666667</dst>
            <dst id="CHINng">40247.472</dst>
            <dst id="DNVRng">1219.13866666667</dst>
            <dst id="HSTNng">3264.872</dst>
            <dst id="IPLSng">24704.3253333333</dst>
            <dst id="KSCYng">8703.12533333334</dst>
            <dst id="LOSAng">21651.1146666667</dst>
            <dst id="NYCMng">11568.1866666667</dst>
            <dst id="SNVAng">2079.424</dst>
            <dst id="STTLng">1359.13066666667</dst>
            <dst id="WASHng">8926.304</dst>
        </src>
        <src id="WASHng">
            <dst id="ATLA-M5">284.784</dst>
            <dst id="ATLAng">127774.989333333</dst>
            <dst id="CHINng">60612.2906666667</dst>
            <dst id="DNVRng">58370.8826666667</dst>
            <dst id="HSTNng">7640.14666666667</dst>
            <dst id="IPLSng">44838.5973333333</dst>
            <dst id="KSCYng">11535.5626666667</dst>
            <dst id="LOSAng">101626.24</dst>
            <dst id="NYCMng">180642.477333333</dst>
            <dst id="SNVAng">813.786666666667</dst>
            <dst id="STTLng">19905.72</dst>
            <dst id="WASHng">282264.506666667</dst>
        </src>
    </IntraTM>
</TrafficMatrixFile>
