<?xml version="1.0" encoding="ISO-8859-1" standalone="yes"?>
<TrafficMatrixFile xsi:noNamespaceSchemaLocation="http://totem.run.montefiore.ulg.ac.be/Schema/TrafficMatrix-v1_2.xsd" xmlns:xsi="http://www.w3.org/2001/XMLSchema-instance">
    <IntraTM ASID="11537">
        <src id="ATLA-M5">
            <dst id="ATLA-M5">264.570666666667</dst>
            <dst id="ATLAng">585.661333333333</dst>
            <dst id="CHINng">543.272</dst>
            <dst id="DNVRng">0</dst>
            <dst id="HSTNng">198.536</dst>
            <dst id="IPLSng">709</dst>
            <dst id="KSCYng">455.394666666667</dst>
            <dst id="LOSAng">194.304</dst>
            <dst id="NYCMng">208.837333333333</dst>
            <dst id="SNVAng">0</dst>
            <dst id="STTLng">182.872</dst>
            <dst id="WASHng">1549.008</dst>
        </src>
        <src id="ATLAng">
            <dst id="ATLA-M5">568.648</dst>
            <dst id="ATLAng">64586.096</dst>
            <dst id="CHINng">20737.632</dst>
            <dst id="DNVRng">7034.63466666667</dst>
            <dst id="HSTNng">4807.18933333333</dst>
            <dst id="IPLSng">18355.4586666667</dst>
            <dst id="KSCYng">6653.86133333333</dst>
            <dst id="LOSAng">44085.7813333333</dst>
            <dst id="NYCMng">12408.6586666667</dst>
            <dst id="SNVAng">527.989333333333</dst>
            <dst id="STTLng">6602.272</dst>
            <dst id="WASHng">59601.128</dst>
        </src>
        <src id="CHINng">
            <dst id="ATLA-M5">1867.01866666667</dst>
            <dst id="ATLAng">33059.6693333333</dst>
            <dst id="CHINng">125755.901333333</dst>
            <dst id="DNVRng">18236.7093333333</dst>
            <dst id="HSTNng">8170.89066666667</dst>
            <dst id="IPLSng">57936.6293333333</dst>
            <dst id="KSCYng">15347.1306666667</dst>
            <dst id="LOSAng">55102.3546666667</dst>
            <dst id="NYCMng">11625.4</dst>
            <dst id="SNVAng">3680.03466666667</dst>
            <dst id="STTLng">14912.992</dst>
            <dst id="WASHng">39253.296</dst>
        </src>
        <src id="DNVRng">
            <dst id="ATLA-M5">105.677333333333</dst>
            <dst id="ATLAng">29929.3546666667</dst>
            <dst id="CHINng">51225.2426666667</dst>
            <dst id="DNVRng">13166.2346666667</dst>
            <dst id="HSTNng">25235.2453333333</dst>
            <dst id="IPLSng">31857.4</dst>
            <dst id="KSCYng">19418.7386666667</dst>
            <dst id="LOSAng">21290.6346666667</dst>
            <dst id="NYCMng">12977.4826666667</dst>
            <dst id="SNVAng">11233.7013333333</dst>
            <dst id="STTLng">14157.6053333333</dst>
            <dst id="WASHng">38795.248</dst>
        </src>
        <src id="HSTNng">
            <dst id="ATLA-M5">1506.984</dst>
            <dst id="ATLAng">6372.6</dst>
            <dst id="CHINng">18249.288</dst>
            <dst id="DNVRng">5588.016</dst>
            <dst id="HSTNng">11276.304</dst>
            <dst id="IPLSng">4707.704</dst>
            <dst id="KSCYng">3653.184</dst>
            <dst id="LOSAng">12310.8133333333</dst>
            <dst id="NYCMng">3450.57866666667</dst>
            <dst id="SNVAng">580.776</dst>
            <dst id="STTLng">3894.15733333333</dst>
            <dst id="WASHng">6334.66666666667</dst>
        </src>
        <src id="IPLSng">
            <dst id="ATLA-M5">619.944</dst>
            <dst id="ATLAng">23557.9973333333</dst>
            <dst id="CHINng">83116.6506666667</dst>
            <dst id="DNVRng">21955.632</dst>
            <dst id="HSTNng">13052.8773333333</dst>
            <dst id="IPLSng">25312.7893333333</dst>
            <dst id="KSCYng">12057.8346666667</dst>
            <dst id="LOSAng">55437.0586666667</dst>
            <dst id="NYCMng">40808.176</dst>
            <dst id="SNVAng">3282.416</dst>
            <dst id="STTLng">11448.832</dst>
            <dst id="WASHng">42237.1866666667</dst>
        </src>
        <src id="KSCYng">
            <dst id="ATLA-M5">224.829333333333</dst>
            <dst id="ATLAng">5849.18933333333</dst>
            <dst id="CHINng">27922.4693333333</dst>
            <dst id="DNVRng">13965.0613333333</dst>
            <dst id="HSTNng">7436.52533333333</dst>
            <dst id="IPLSng">17428.2426666667</dst>
            <dst id="KSCYng">16232.576</dst>
            <dst id="LOSAng">10239.4693333333</dst>
            <dst id="NYCMng">11719.7946666667</dst>
            <dst id="SNVAng">396.562666666667</dst>
            <dst id="STTLng">1769.68533333333</dst>
            <dst id="WASHng">11165.7226666667</dst>
        </src>
        <src id="LOSAng">
            <dst id="ATLA-M5">2409.544</dst>
            <dst id="ATLAng">49903.48</dst>
            <dst id="CHINng">116891.213333333</dst>
            <dst id="DNVRng">30256.56</dst>
            <dst id="HSTNng">24037.1306666667</dst>
            <dst id="IPLSng">43726.312</dst>
            <dst id="KSCYng">11560.32</dst>
            <dst id="LOSAng">12034.504</dst>
            <dst id="NYCMng">89390.664</dst>
            <dst id="SNVAng">16345.288</dst>
            <dst id="STTLng">50171.4613333333</dst>
            <dst id="WASHng">134624.2</dst>
        </src>
        <src id="NYCMng">
            <dst id="ATLA-M5">1264.272</dst>
            <dst id="ATLAng">53466.856</dst>
            <dst id="CHINng">59789.3146666667</dst>
            <dst id="DNVRng">128494.485333333</dst>
            <dst id="HSTNng">10007.2346666667</dst>
            <dst id="IPLSng">52604.3786666667</dst>
            <dst id="KSCYng">32118.1573333333</dst>
            <dst id="LOSAng">101879.701333333</dst>
            <dst id="NYCMng">146161.506666667</dst>
            <dst id="SNVAng">4973.85066666667</dst>
            <dst id="STTLng">27439.2293333333</dst>
            <dst id="WASHng">97283.7093333334</dst>
        </src>
        <src id="SNVAng">
            <dst id="ATLA-M5">0</dst>
            <dst id="ATLAng">752.352</dst>
            <dst id="CHINng">588.765333333333</dst>
            <dst id="DNVRng">22482.136</dst>
            <dst id="HSTNng">1101.2</dst>
            <dst id="IPLSng">10333.424</dst>
            <dst id="KSCYng">292.52</dst>
            <dst id="LOSAng">41280.7493333333</dst>
            <dst id="NYCMng">303.288</dst>
            <dst id="SNVAng">10760.8053333333</dst>
            <dst id="STTLng">33669.5813333333</dst>
            <dst id="WASHng">770.016</dst>
        </src>
        <src id="STTLng">
            <dst id="ATLA-M5">1145.552</dst>
            <dst id="ATLAng">14657.0826666667</dst>
            <dst id="CHINng">29539.0453333333</dst>
            <dst id="DNVRng">5711.08533333333</dst>
            <dst id="HSTNng">9611.14933333333</dst>
            <dst id="IPLSng">19168.9386666667</dst>
            <dst id="KSCYng">13793.64</dst>
            <dst id="LOSAng">43031.3946666667</dst>
            <dst id="NYCMng">11311.7813333333</dst>
            <dst id="SNVAng">8094.42133333333</dst>
            <dst id="STTLng">7395.30933333333</dst>
            <dst id="WASHng">18898.5333333333</dst>
        </src>
        <src id="WASHng">
            <dst id="ATLA-M5">1482.656</dst>
            <dst id="ATLAng">113560.269333333</dst>
            <dst id="CHINng">104521.402666667</dst>
            <dst id="DNVRng">68205.7093333333</dst>
            <dst id="HSTNng">18653.4</dst>
            <dst id="IPLSng">79570.9413333333</dst>
            <dst id="KSCYng">43787.0213333333</dst>
            <dst id="LOSAng">124860.896</dst>
            <dst id="NYCMng">172268.552</dst>
            <dst id="SNVAng">5327.54133333333</dst>
            <dst id="STTLng">39504.8293333333</dst>
            <dst id="WASHng">275769.68</dst>
        </src>
    </IntraTM>
</TrafficMatrixFile>
