<?xml version="1.0" encoding="ISO-8859-1" standalone="yes"?>
<TrafficMatrixFile xsi:noNamespaceSchemaLocation="http://totem.run.montefiore.ulg.ac.be/Schema/TrafficMatrix-v1_2.xsd" xmlns:xsi="http://www.w3.org/2001/XMLSchema-instance">
    <IntraTM ASID="11537">
        <src id="ATLA-M5">
            <dst id="ATLA-M5">26.6666666666667</dst>
            <dst id="ATLAng">804.549333333333</dst>
            <dst id="CHINng">90.448</dst>
            <dst id="DNVRng">0</dst>
            <dst id="HSTNng">278.386666666667</dst>
            <dst id="IPLSng">487.818666666667</dst>
            <dst id="KSCYng">115.933333333333</dst>
            <dst id="LOSAng">189.237333333333</dst>
            <dst id="NYCMng">1735.28</dst>
            <dst id="SNVAng">43.3253333333333</dst>
            <dst id="STTLng">80</dst>
            <dst id="WASHng">1191.936</dst>
        </src>
        <src id="ATLAng">
            <dst id="ATLA-M5">130.970666666667</dst>
            <dst id="ATLAng">29263.3893333333</dst>
            <dst id="CHINng">9498.43466666667</dst>
            <dst id="DNVRng">3834.40533333333</dst>
            <dst id="HSTNng">931.984</dst>
            <dst id="IPLSng">12588.4026666667</dst>
            <dst id="KSCYng">585.704</dst>
            <dst id="LOSAng">12073.2133333333</dst>
            <dst id="NYCMng">5649.23466666667</dst>
            <dst id="SNVAng">449.746666666667</dst>
            <dst id="STTLng">5215.14933333333</dst>
            <dst id="WASHng">40005.8986666667</dst>
        </src>
        <src id="CHINng">
            <dst id="ATLA-M5">26.6666666666667</dst>
            <dst id="ATLAng">10713.6453333333</dst>
            <dst id="CHINng">125488.544</dst>
            <dst id="DNVRng">13082.4693333333</dst>
            <dst id="HSTNng">5759.98133333333</dst>
            <dst id="IPLSng">34315.408</dst>
            <dst id="KSCYng">6449.83466666667</dst>
            <dst id="LOSAng">59529.592</dst>
            <dst id="NYCMng">29553.0986666667</dst>
            <dst id="SNVAng">1196.03733333333</dst>
            <dst id="STTLng">10420.2853333333</dst>
            <dst id="WASHng">13384.28</dst>
        </src>
        <src id="DNVRng">
            <dst id="ATLA-M5">184.8</dst>
            <dst id="ATLAng">7548.81866666667</dst>
            <dst id="CHINng">51371.3733333333</dst>
            <dst id="DNVRng">24934.5466666667</dst>
            <dst id="HSTNng">27908.2053333333</dst>
            <dst id="IPLSng">22164.4346666667</dst>
            <dst id="KSCYng">22607.2506666667</dst>
            <dst id="LOSAng">8672.016</dst>
            <dst id="NYCMng">14774.496</dst>
            <dst id="SNVAng">13112.1413333333</dst>
            <dst id="STTLng">15599.4986666667</dst>
            <dst id="WASHng">32502.8853333333</dst>
        </src>
        <src id="HSTNng">
            <dst id="ATLA-M5">2538.40266666667</dst>
            <dst id="ATLAng">1802.75466666667</dst>
            <dst id="CHINng">19092.8746666667</dst>
            <dst id="DNVRng">1731.376</dst>
            <dst id="HSTNng">5302.42666666667</dst>
            <dst id="IPLSng">524.517333333333</dst>
            <dst id="KSCYng">2728.03466666667</dst>
            <dst id="LOSAng">10596.3813333333</dst>
            <dst id="NYCMng">2018.184</dst>
            <dst id="SNVAng">0</dst>
            <dst id="STTLng">1266.264</dst>
            <dst id="WASHng">1283.75466666667</dst>
        </src>
        <src id="IPLSng">
            <dst id="ATLA-M5">71.7066666666667</dst>
            <dst id="ATLAng">9091.13066666667</dst>
            <dst id="CHINng">71806.3786666667</dst>
            <dst id="DNVRng">4033.064</dst>
            <dst id="HSTNng">1381.31733333333</dst>
            <dst id="IPLSng">42436.1653333333</dst>
            <dst id="KSCYng">2498.49333333333</dst>
            <dst id="LOSAng">44095.1813333333</dst>
            <dst id="NYCMng">8261.456</dst>
            <dst id="SNVAng">198.642666666667</dst>
            <dst id="STTLng">15074.696</dst>
            <dst id="WASHng">16917.5306666667</dst>
        </src>
        <src id="KSCYng">
            <dst id="ATLA-M5">0</dst>
            <dst id="ATLAng">911.928</dst>
            <dst id="CHINng">24737.6373333333</dst>
            <dst id="DNVRng">11873.4773333333</dst>
            <dst id="HSTNng">2208.12533333333</dst>
            <dst id="IPLSng">11140.9813333333</dst>
            <dst id="KSCYng">10876.1146666667</dst>
            <dst id="LOSAng">5693.328</dst>
            <dst id="NYCMng">2661.704</dst>
            <dst id="SNVAng">6975.62933333333</dst>
            <dst id="STTLng">1036.38133333333</dst>
            <dst id="WASHng">7239.97333333333</dst>
        </src>
        <src id="LOSAng">
            <dst id="ATLA-M5">26.6666666666667</dst>
            <dst id="ATLAng">5588.66666666667</dst>
            <dst id="CHINng">102737.296</dst>
            <dst id="DNVRng">6087.01866666667</dst>
            <dst id="HSTNng">6817.536</dst>
            <dst id="IPLSng">42223.52</dst>
            <dst id="KSCYng">5098.22933333333</dst>
            <dst id="LOSAng">19492.12</dst>
            <dst id="NYCMng">54658.2053333333</dst>
            <dst id="SNVAng">9308.112</dst>
            <dst id="STTLng">49997.8293333333</dst>
            <dst id="WASHng">98690.7866666667</dst>
        </src>
        <src id="NYCMng">
            <dst id="ATLA-M5">885.728</dst>
            <dst id="ATLAng">23116.88</dst>
            <dst id="CHINng">50184.3306666667</dst>
            <dst id="DNVRng">116965.381333333</dst>
            <dst id="HSTNng">9543.91733333333</dst>
            <dst id="IPLSng">32201.1013333333</dst>
            <dst id="KSCYng">7540.808</dst>
            <dst id="LOSAng">74749.2853333333</dst>
            <dst id="NYCMng">81610.1493333333</dst>
            <dst id="SNVAng">1632.848</dst>
            <dst id="STTLng">26433.8746666667</dst>
            <dst id="WASHng">54299.6453333333</dst>
        </src>
        <src id="SNVAng">
            <dst id="ATLA-M5">0</dst>
            <dst id="ATLAng">55.8933333333333</dst>
            <dst id="CHINng">189.674666666667</dst>
            <dst id="DNVRng">306.162666666667</dst>
            <dst id="HSTNng">37.952</dst>
            <dst id="IPLSng">205.12</dst>
            <dst id="KSCYng">16443.2186666667</dst>
            <dst id="LOSAng">45165.296</dst>
            <dst id="NYCMng">255.904</dst>
            <dst id="SNVAng">12538.0133333333</dst>
            <dst id="STTLng">31801.1146666667</dst>
            <dst id="WASHng">80</dst>
        </src>
        <src id="STTLng">
            <dst id="ATLA-M5">26.6666666666667</dst>
            <dst id="ATLAng">8410.73066666667</dst>
            <dst id="CHINng">27787.584</dst>
            <dst id="DNVRng">3876.216</dst>
            <dst id="HSTNng">617.978666666667</dst>
            <dst id="IPLSng">5208.57066666667</dst>
            <dst id="KSCYng">2544.34133333333</dst>
            <dst id="LOSAng">26327.424</dst>
            <dst id="NYCMng">11833.056</dst>
            <dst id="SNVAng">4543.80266666667</dst>
            <dst id="STTLng">4859.17066666667</dst>
            <dst id="WASHng">5005.18666666667</dst>
        </src>
        <src id="WASHng">
            <dst id="ATLA-M5">398.368</dst>
            <dst id="ATLAng">60688.1813333333</dst>
            <dst id="CHINng">93511.0053333333</dst>
            <dst id="DNVRng">65888.816</dst>
            <dst id="HSTNng">15855.248</dst>
            <dst id="IPLSng">60971.072</dst>
            <dst id="KSCYng">10429.5466666667</dst>
            <dst id="LOSAng">121976.832</dst>
            <dst id="NYCMng">146350.869333333</dst>
            <dst id="SNVAng">7360.432</dst>
            <dst id="STTLng">29302.6986666667</dst>
            <dst id="WASHng">241632.834666667</dst>
        </src>
    </IntraTM>
</TrafficMatrixFile>
