<?xml version="1.0" encoding="ISO-8859-1" standalone="yes"?>
<TrafficMatrixFile xsi:noNamespaceSchemaLocation="http://totem.run.montefiore.ulg.ac.be/Schema/TrafficMatrix-v1_2.xsd" xmlns:xsi="http://www.w3.org/2001/XMLSchema-instance">
    <IntraTM ASID="11537">
        <src id="ATLA-M5">
            <dst id="ATLA-M5">0</dst>
            <dst id="ATLAng">26.6666666666667</dst>
            <dst id="CHINng">88.64</dst>
            <dst id="DNVRng">26.6666666666667</dst>
            <dst id="HSTNng">46.592</dst>
            <dst id="IPLSng">26.6666666666667</dst>
            <dst id="KSCYng">65.7333333333333</dst>
            <dst id="LOSAng">292.672</dst>
            <dst id="NYCMng">26.6666666666667</dst>
            <dst id="SNVAng">0</dst>
            <dst id="STTLng">0</dst>
            <dst id="WASHng">91.6053333333333</dst>
        </src>
        <src id="ATLAng">
            <dst id="ATLA-M5">123.304</dst>
            <dst id="ATLAng">39024.5733333333</dst>
            <dst id="CHINng">4509.36533333333</dst>
            <dst id="DNVRng">19130.208</dst>
            <dst id="HSTNng">504.354666666667</dst>
            <dst id="IPLSng">11596.3546666667</dst>
            <dst id="KSCYng">608.442666666667</dst>
            <dst id="LOSAng">16185.6333333333</dst>
            <dst id="NYCMng">4198.488</dst>
            <dst id="SNVAng">16.4253333333333</dst>
            <dst id="STTLng">10070.6106666667</dst>
            <dst id="WASHng">22396.192</dst>
        </src>
        <src id="CHINng">
            <dst id="ATLA-M5">420.162666666667</dst>
            <dst id="ATLAng">34479.2666666667</dst>
            <dst id="CHINng">57891.088</dst>
            <dst id="DNVRng">13149.568</dst>
            <dst id="HSTNng">5695.52533333333</dst>
            <dst id="IPLSng">19508.728</dst>
            <dst id="KSCYng">5445.75733333333</dst>
            <dst id="LOSAng">51421.0426666667</dst>
            <dst id="NYCMng">4091.93333333333</dst>
            <dst id="SNVAng">854.04</dst>
            <dst id="STTLng">20740.9893333333</dst>
            <dst id="WASHng">14340.936</dst>
        </src>
        <src id="DNVRng">
            <dst id="ATLA-M5">112</dst>
            <dst id="ATLAng">3603.176</dst>
            <dst id="CHINng">52634.168</dst>
            <dst id="DNVRng">10759.2906666667</dst>
            <dst id="HSTNng">20644.0666666667</dst>
            <dst id="IPLSng">23190.4373333333</dst>
            <dst id="KSCYng">21936.648</dst>
            <dst id="LOSAng">7030.60266666667</dst>
            <dst id="NYCMng">10881.3546666667</dst>
            <dst id="SNVAng">13875.9546666667</dst>
            <dst id="STTLng">9866.34133333333</dst>
            <dst id="WASHng">46135.5946666667</dst>
        </src>
        <src id="HSTNng">
            <dst id="ATLA-M5">2141.54933333333</dst>
            <dst id="ATLAng">14730.624</dst>
            <dst id="CHINng">6940.52266666667</dst>
            <dst id="DNVRng">2874.608</dst>
            <dst id="HSTNng">7439.888</dst>
            <dst id="IPLSng">1750.55466666667</dst>
            <dst id="KSCYng">1337.22933333333</dst>
            <dst id="LOSAng">10119.7146666667</dst>
            <dst id="NYCMng">1212.87466666667</dst>
            <dst id="SNVAng">0</dst>
            <dst id="STTLng">1676.02133333333</dst>
            <dst id="WASHng">3299.744</dst>
        </src>
        <src id="IPLSng">
            <dst id="ATLA-M5">26.6666666666667</dst>
            <dst id="ATLAng">18699.7466666667</dst>
            <dst id="CHINng">51793.7973333333</dst>
            <dst id="DNVRng">12174.4693333333</dst>
            <dst id="HSTNng">1134.424</dst>
            <dst id="IPLSng">7103.73066666667</dst>
            <dst id="KSCYng">2166.24</dst>
            <dst id="LOSAng">62414.9013333333</dst>
            <dst id="NYCMng">31284.1306666667</dst>
            <dst id="SNVAng">180.296</dst>
            <dst id="STTLng">8377.712</dst>
            <dst id="WASHng">9556.77066666667</dst>
        </src>
        <src id="KSCYng">
            <dst id="ATLA-M5">0</dst>
            <dst id="ATLAng">1437.19733333333</dst>
            <dst id="CHINng">16637.3786666667</dst>
            <dst id="DNVRng">8835.52</dst>
            <dst id="HSTNng">4379.456</dst>
            <dst id="IPLSng">8034.35466666667</dst>
            <dst id="KSCYng">7628.53066666667</dst>
            <dst id="LOSAng">10411.4986666667</dst>
            <dst id="NYCMng">5117.57866666667</dst>
            <dst id="SNVAng">183.533333333333</dst>
            <dst id="STTLng">2998.97866666667</dst>
            <dst id="WASHng">7777.2</dst>
        </src>
        <src id="LOSAng">
            <dst id="ATLA-M5">368.922666666667</dst>
            <dst id="ATLAng">43235.5226666667</dst>
            <dst id="CHINng">83506.6346666667</dst>
            <dst id="DNVRng">4987.816</dst>
            <dst id="HSTNng">9990.39733333333</dst>
            <dst id="IPLSng">26249.16</dst>
            <dst id="KSCYng">1924.496</dst>
            <dst id="LOSAng">22044.5386666667</dst>
            <dst id="NYCMng">61363.752</dst>
            <dst id="SNVAng">19068.904</dst>
            <dst id="STTLng">49557.0293333333</dst>
            <dst id="WASHng">98430.432</dst>
        </src>
        <src id="NYCMng">
            <dst id="ATLA-M5">845.024</dst>
            <dst id="ATLAng">41886.848</dst>
            <dst id="CHINng">32250.7333333333</dst>
            <dst id="DNVRng">25023.1146666667</dst>
            <dst id="HSTNng">5917.53066666667</dst>
            <dst id="IPLSng">34598.5093333333</dst>
            <dst id="KSCYng">6834.984</dst>
            <dst id="LOSAng">88569.312</dst>
            <dst id="NYCMng">84273.9573333333</dst>
            <dst id="SNVAng">3312.71466666667</dst>
            <dst id="STTLng">26507.888</dst>
            <dst id="WASHng">49084.776</dst>
        </src>
        <src id="SNVAng">
            <dst id="ATLA-M5">0</dst>
            <dst id="ATLAng">26.6666666666667</dst>
            <dst id="CHINng">432.690666666667</dst>
            <dst id="DNVRng">5269.04533333333</dst>
            <dst id="HSTNng">81.12</dst>
            <dst id="IPLSng">10146.672</dst>
            <dst id="KSCYng">191.930666666667</dst>
            <dst id="LOSAng">41600.832</dst>
            <dst id="NYCMng">365.277333333333</dst>
            <dst id="SNVAng">9305.36533333333</dst>
            <dst id="STTLng">28971.6453333333</dst>
            <dst id="WASHng">53.3333333333333</dst>
        </src>
        <src id="STTLng">
            <dst id="ATLA-M5">27.3733333333333</dst>
            <dst id="ATLAng">10002.016</dst>
            <dst id="CHINng">15719.9333333333</dst>
            <dst id="DNVRng">3909.032</dst>
            <dst id="HSTNng">1674.744</dst>
            <dst id="IPLSng">4268.648</dst>
            <dst id="KSCYng">2693.28533333333</dst>
            <dst id="LOSAng">34139.888</dst>
            <dst id="NYCMng">9280.21066666667</dst>
            <dst id="SNVAng">6288.064</dst>
            <dst id="STTLng">2607.088</dst>
            <dst id="WASHng">6073.79466666667</dst>
        </src>
        <src id="WASHng">
            <dst id="ATLA-M5">0</dst>
            <dst id="ATLAng">111933.413333333</dst>
            <dst id="CHINng">67874.5893333333</dst>
            <dst id="DNVRng">53875.264</dst>
            <dst id="HSTNng">17876.224</dst>
            <dst id="IPLSng">28098.664</dst>
            <dst id="KSCYng">13661.1626666667</dst>
            <dst id="LOSAng">112886.408</dst>
            <dst id="NYCMng">162033.992</dst>
            <dst id="SNVAng">686.557333333333</dst>
            <dst id="STTLng">57489.7466666667</dst>
            <dst id="WASHng">142399.36</dst>
        </src>
    </IntraTM>
</TrafficMatrixFile>
