<?xml version="1.0" encoding="ISO-8859-1" standalone="yes"?>
<TrafficMatrixFile xsi:noNamespaceSchemaLocation="http://totem.run.montefiore.ulg.ac.be/Schema/TrafficMatrix-v1_2.xsd" xmlns:xsi="http://www.w3.org/2001/XMLSchema-instance">
    <IntraTM ASID="11537">
        <src id="ATLA-M5">
            <dst id="ATLA-M5">54.4586666666667</dst>
            <dst id="ATLAng">360.957333333333</dst>
            <dst id="CHINng">114.117333333333</dst>
            <dst id="DNVRng">26.6666666666667</dst>
            <dst id="HSTNng">675.128</dst>
            <dst id="IPLSng">571.472</dst>
            <dst id="KSCYng">1394.40533333333</dst>
            <dst id="LOSAng">151.650666666667</dst>
            <dst id="NYCMng">105.621333333333</dst>
            <dst id="SNVAng">0</dst>
            <dst id="STTLng">53.3333333333333</dst>
            <dst id="WASHng">470.944</dst>
        </src>
        <src id="ATLAng">
            <dst id="ATLA-M5">166.922666666667</dst>
            <dst id="ATLAng">39299.1466666667</dst>
            <dst id="CHINng">11082.896</dst>
            <dst id="DNVRng">5042.72</dst>
            <dst id="HSTNng">2172.97333333333</dst>
            <dst id="IPLSng">17480.9786666667</dst>
            <dst id="KSCYng">1466.23733333333</dst>
            <dst id="LOSAng">18770.772</dst>
            <dst id="NYCMng">9531.65333333333</dst>
            <dst id="SNVAng">193.278666666667</dst>
            <dst id="STTLng">5182.10666666667</dst>
            <dst id="WASHng">31072.0773333333</dst>
        </src>
        <src id="CHINng">
            <dst id="ATLA-M5">153.565333333333</dst>
            <dst id="ATLAng">20094.768</dst>
            <dst id="CHINng">96387.04</dst>
            <dst id="DNVRng">19517.0853333333</dst>
            <dst id="HSTNng">11441.752</dst>
            <dst id="IPLSng">41426.3173333333</dst>
            <dst id="KSCYng">13191.8506666667</dst>
            <dst id="LOSAng">71581.7973333333</dst>
            <dst id="NYCMng">10497.1013333333</dst>
            <dst id="SNVAng">1943.01866666667</dst>
            <dst id="STTLng">9834.49866666666</dst>
            <dst id="WASHng">20995.2213333333</dst>
        </src>
        <src id="DNVRng">
            <dst id="ATLA-M5">155.392</dst>
            <dst id="ATLAng">9132.67733333333</dst>
            <dst id="CHINng">47072.72</dst>
            <dst id="DNVRng">12835.1493333333</dst>
            <dst id="HSTNng">20896.9306666667</dst>
            <dst id="IPLSng">27689.4426666667</dst>
            <dst id="KSCYng">11242.784</dst>
            <dst id="LOSAng">19587.208</dst>
            <dst id="NYCMng">12939.3733333333</dst>
            <dst id="SNVAng">9786.38133333333</dst>
            <dst id="STTLng">15225.4133333333</dst>
            <dst id="WASHng">35526.2213333333</dst>
        </src>
        <src id="HSTNng">
            <dst id="ATLA-M5">2619.10133333333</dst>
            <dst id="ATLAng">2396.096</dst>
            <dst id="CHINng">19137.68</dst>
            <dst id="DNVRng">9327.84266666667</dst>
            <dst id="HSTNng">11142.5253333333</dst>
            <dst id="IPLSng">2898.90933333333</dst>
            <dst id="KSCYng">2209.48</dst>
            <dst id="LOSAng">12591.9546666667</dst>
            <dst id="NYCMng">2328.69333333333</dst>
            <dst id="SNVAng">27.8693333333333</dst>
            <dst id="STTLng">1688.704</dst>
            <dst id="WASHng">5867.95466666667</dst>
        </src>
        <src id="IPLSng">
            <dst id="ATLA-M5">346.12</dst>
            <dst id="ATLAng">77426.0053333333</dst>
            <dst id="CHINng">53295.2666666667</dst>
            <dst id="DNVRng">6525.33333333333</dst>
            <dst id="HSTNng">2704.504</dst>
            <dst id="IPLSng">97999.3013333333</dst>
            <dst id="KSCYng">6831.968</dst>
            <dst id="LOSAng">51816.9733333333</dst>
            <dst id="NYCMng">19295.1226666667</dst>
            <dst id="SNVAng">1660.15733333333</dst>
            <dst id="STTLng">6839.888</dst>
            <dst id="WASHng">55962.1226666667</dst>
        </src>
        <src id="KSCYng">
            <dst id="ATLA-M5">520.602666666667</dst>
            <dst id="ATLAng">3041.52533333333</dst>
            <dst id="CHINng">24934.6746666667</dst>
            <dst id="DNVRng">10352.704</dst>
            <dst id="HSTNng">4501.54933333333</dst>
            <dst id="IPLSng">13928.4053333333</dst>
            <dst id="KSCYng">5774.42933333333</dst>
            <dst id="LOSAng">12038.5146666667</dst>
            <dst id="NYCMng">2128.144</dst>
            <dst id="SNVAng">223.410666666667</dst>
            <dst id="STTLng">2571.552</dst>
            <dst id="WASHng">9716.81066666667</dst>
        </src>
        <src id="LOSAng">
            <dst id="ATLA-M5">1138.336</dst>
            <dst id="ATLAng">23238.7306666667</dst>
            <dst id="CHINng">104666.970666667</dst>
            <dst id="DNVRng">36781.1653333333</dst>
            <dst id="HSTNng">22490.1146666667</dst>
            <dst id="IPLSng">38815.1546666667</dst>
            <dst id="KSCYng">7981.952</dst>
            <dst id="LOSAng">11077.4213333333</dst>
            <dst id="NYCMng">83585.168</dst>
            <dst id="SNVAng">11527.0826666667</dst>
            <dst id="STTLng">37414.3093333333</dst>
            <dst id="WASHng">99075.5253333333</dst>
        </src>
        <src id="NYCMng">
            <dst id="ATLA-M5">469.114666666667</dst>
            <dst id="ATLAng">45904.0213333333</dst>
            <dst id="CHINng">44176.832</dst>
            <dst id="DNVRng">126923.965333333</dst>
            <dst id="HSTNng">9342.432</dst>
            <dst id="IPLSng">47991.7333333333</dst>
            <dst id="KSCYng">18567.6533333333</dst>
            <dst id="LOSAng">100150.592</dst>
            <dst id="NYCMng">78447.5786666667</dst>
            <dst id="SNVAng">5741.61866666667</dst>
            <dst id="STTLng">29309.8426666667</dst>
            <dst id="WASHng">59302.472</dst>
        </src>
        <src id="SNVAng">
            <dst id="ATLA-M5">0</dst>
            <dst id="ATLAng">80</dst>
            <dst id="CHINng">338.722666666667</dst>
            <dst id="DNVRng">7947.47466666667</dst>
            <dst id="HSTNng">116.586666666667</dst>
            <dst id="IPLSng">747.733333333333</dst>
            <dst id="KSCYng">19764.8613333333</dst>
            <dst id="LOSAng">40258.04</dst>
            <dst id="NYCMng">835.557333333333</dst>
            <dst id="SNVAng">8335.50933333333</dst>
            <dst id="STTLng">20880.3466666667</dst>
            <dst id="WASHng">604.426666666667</dst>
        </src>
        <src id="STTLng">
            <dst id="ATLA-M5">95.2</dst>
            <dst id="ATLAng">12501.9813333333</dst>
            <dst id="CHINng">20734.4853333333</dst>
            <dst id="DNVRng">7240.13866666667</dst>
            <dst id="HSTNng">4193.912</dst>
            <dst id="IPLSng">7661.26133333333</dst>
            <dst id="KSCYng">4403.95466666667</dst>
            <dst id="LOSAng">35451.456</dst>
            <dst id="NYCMng">8997.22133333333</dst>
            <dst id="SNVAng">4975.296</dst>
            <dst id="STTLng">3771.89866666667</dst>
            <dst id="WASHng">13782.8346666667</dst>
        </src>
        <src id="WASHng">
            <dst id="ATLA-M5">912.576</dst>
            <dst id="ATLAng">94353.9173333333</dst>
            <dst id="CHINng">58940.4</dst>
            <dst id="DNVRng">64009.1253333333</dst>
            <dst id="HSTNng">25083.9466666667</dst>
            <dst id="IPLSng">57968.56</dst>
            <dst id="KSCYng">25368.1893333333</dst>
            <dst id="LOSAng">132665.352</dst>
            <dst id="NYCMng">153803.829333333</dst>
            <dst id="SNVAng">7211.97333333333</dst>
            <dst id="STTLng">44766.5706666667</dst>
            <dst id="WASHng">286305.76</dst>
        </src>
    </IntraTM>
</TrafficMatrixFile>
