<?xml version="1.0" encoding="ISO-8859-1" standalone="yes"?>
<TrafficMatrixFile xsi:noNamespaceSchemaLocation="http://totem.run.montefiore.ulg.ac.be/Schema/TrafficMatrix-v1_2.xsd" xmlns:xsi="http://www.w3.org/2001/XMLSchema-instance">
    <IntraTM ASID="11537">
        <src id="ATLA-M5">
            <dst id="ATLA-M5">0</dst>
            <dst id="ATLAng">57.984</dst>
            <dst id="CHINng">120.509333333333</dst>
            <dst id="DNVRng">0</dst>
            <dst id="HSTNng">0</dst>
            <dst id="IPLSng">0</dst>
            <dst id="KSCYng">0</dst>
            <dst id="LOSAng">129.553333333333</dst>
            <dst id="NYCMng">0</dst>
            <dst id="SNVAng">22.8866666666667</dst>
            <dst id="STTLng">0</dst>
            <dst id="WASHng">1282.04533333333</dst>
        </src>
        <src id="ATLAng">
            <dst id="ATLA-M5">1817.34666666667</dst>
            <dst id="ATLAng">36208.9573333333</dst>
            <dst id="CHINng">4717.70933333333</dst>
            <dst id="DNVRng">4086.616</dst>
            <dst id="HSTNng">616.84</dst>
            <dst id="IPLSng">13605.8426666667</dst>
            <dst id="KSCYng">702.197333333333</dst>
            <dst id="LOSAng">14291.6693333333</dst>
            <dst id="NYCMng">6201.50933333333</dst>
            <dst id="SNVAng">23.2613333333333</dst>
            <dst id="STTLng">5427.92533333333</dst>
            <dst id="WASHng">39633.9413333334</dst>
        </src>
        <src id="CHINng">
            <dst id="ATLA-M5">946.304</dst>
            <dst id="ATLAng">41471.7333333333</dst>
            <dst id="CHINng">85068.424</dst>
            <dst id="DNVRng">19477.824</dst>
            <dst id="HSTNng">8613.85066666667</dst>
            <dst id="IPLSng">23795.0586666667</dst>
            <dst id="KSCYng">8264.552</dst>
            <dst id="LOSAng">51935.4266666667</dst>
            <dst id="NYCMng">9361.40266666667</dst>
            <dst id="SNVAng">290.826666666667</dst>
            <dst id="STTLng">6985.288</dst>
            <dst id="WASHng">16887.6853333333</dst>
        </src>
        <src id="DNVRng">
            <dst id="ATLA-M5">184.96</dst>
            <dst id="ATLAng">5405.632</dst>
            <dst id="CHINng">57128.6773333333</dst>
            <dst id="DNVRng">11358.2</dst>
            <dst id="HSTNng">21867.2106666667</dst>
            <dst id="IPLSng">22102.8746666667</dst>
            <dst id="KSCYng">23265.7626666667</dst>
            <dst id="LOSAng">14672.0586666667</dst>
            <dst id="NYCMng">14859.3386666667</dst>
            <dst id="SNVAng">9427.57066666666</dst>
            <dst id="STTLng">11355.7333333333</dst>
            <dst id="WASHng">41005.632</dst>
        </src>
        <src id="HSTNng">
            <dst id="ATLA-M5">192.330666666667</dst>
            <dst id="ATLAng">22296.08</dst>
            <dst id="CHINng">15230.744</dst>
            <dst id="DNVRng">1745.616</dst>
            <dst id="HSTNng">6589.02133333333</dst>
            <dst id="IPLSng">508.984</dst>
            <dst id="KSCYng">1070.856</dst>
            <dst id="LOSAng">8039.25066666667</dst>
            <dst id="NYCMng">2641.65066666667</dst>
            <dst id="SNVAng">26.6666666666667</dst>
            <dst id="STTLng">2302.76533333333</dst>
            <dst id="WASHng">3046.57866666667</dst>
        </src>
        <src id="IPLSng">
            <dst id="ATLA-M5">0</dst>
            <dst id="ATLAng">11039.0986666667</dst>
            <dst id="CHINng">77969.9866666667</dst>
            <dst id="DNVRng">3850.90133333333</dst>
            <dst id="HSTNng">1502.09066666667</dst>
            <dst id="IPLSng">14958.152</dst>
            <dst id="KSCYng">2562.09066666667</dst>
            <dst id="LOSAng">62934.1813333333</dst>
            <dst id="NYCMng">18658.9546666667</dst>
            <dst id="SNVAng">1557.16266666667</dst>
            <dst id="STTLng">12385.4586666667</dst>
            <dst id="WASHng">3850.864</dst>
        </src>
        <src id="KSCYng">
            <dst id="ATLA-M5">0</dst>
            <dst id="ATLAng">1689.936</dst>
            <dst id="CHINng">17471.9066666667</dst>
            <dst id="DNVRng">15710.3893333333</dst>
            <dst id="HSTNng">2709.424</dst>
            <dst id="IPLSng">9088.10133333333</dst>
            <dst id="KSCYng">10578.448</dst>
            <dst id="LOSAng">6338.45866666667</dst>
            <dst id="NYCMng">3402.25866666667</dst>
            <dst id="SNVAng">104.344</dst>
            <dst id="STTLng">2121.392</dst>
            <dst id="WASHng">6672.99466666667</dst>
        </src>
        <src id="LOSAng">
            <dst id="ATLA-M5">1020.696</dst>
            <dst id="ATLAng">43635.2453333333</dst>
            <dst id="CHINng">113773.48</dst>
            <dst id="DNVRng">9720.168</dst>
            <dst id="HSTNng">3942.408</dst>
            <dst id="IPLSng">16885.0213333333</dst>
            <dst id="KSCYng">7995.96533333333</dst>
            <dst id="LOSAng">19918.0826666667</dst>
            <dst id="NYCMng">62314.3306666667</dst>
            <dst id="SNVAng">6947.62933333333</dst>
            <dst id="STTLng">44153.2986666667</dst>
            <dst id="WASHng">112174.586666667</dst>
        </src>
        <src id="NYCMng">
            <dst id="ATLA-M5">1135.10666666667</dst>
            <dst id="ATLAng">30097.04</dst>
            <dst id="CHINng">55609.752</dst>
            <dst id="DNVRng">24206.3733333333</dst>
            <dst id="HSTNng">7953.112</dst>
            <dst id="IPLSng">33803.3973333333</dst>
            <dst id="KSCYng">4378.63733333333</dst>
            <dst id="LOSAng">88732.192</dst>
            <dst id="NYCMng">125663.549333333</dst>
            <dst id="SNVAng">2420.14133333333</dst>
            <dst id="STTLng">25611.6266666667</dst>
            <dst id="WASHng">77210.4586666667</dst>
        </src>
        <src id="SNVAng">
            <dst id="ATLA-M5">0</dst>
            <dst id="ATLAng">0</dst>
            <dst id="CHINng">162.688</dst>
            <dst id="DNVRng">608.752</dst>
            <dst id="HSTNng">196.288</dst>
            <dst id="IPLSng">1862.792</dst>
            <dst id="KSCYng">98.856</dst>
            <dst id="LOSAng">44648.248</dst>
            <dst id="NYCMng">432.725333333333</dst>
            <dst id="SNVAng">8126.35733333333</dst>
            <dst id="STTLng">26114.952</dst>
            <dst id="WASHng">0</dst>
        </src>
        <src id="STTLng">
            <dst id="ATLA-M5">0</dst>
            <dst id="ATLAng">9076.90133333334</dst>
            <dst id="CHINng">25339.4773333333</dst>
            <dst id="DNVRng">1353.39733333333</dst>
            <dst id="HSTNng">2440.32266666667</dst>
            <dst id="IPLSng">6884.488</dst>
            <dst id="KSCYng">1736.99733333333</dst>
            <dst id="LOSAng">44006.272</dst>
            <dst id="NYCMng">10275.9573333333</dst>
            <dst id="SNVAng">4844.87466666667</dst>
            <dst id="STTLng">3646.60533333333</dst>
            <dst id="WASHng">9473.688</dst>
        </src>
        <src id="WASHng">
            <dst id="ATLA-M5">80.6773333333333</dst>
            <dst id="ATLAng">107425.997333333</dst>
            <dst id="CHINng">86766.0026666667</dst>
            <dst id="DNVRng">53359.5093333333</dst>
            <dst id="HSTNng">29420.728</dst>
            <dst id="IPLSng">23837.2026666667</dst>
            <dst id="KSCYng">11230.2346666667</dst>
            <dst id="LOSAng">130511.229333333</dst>
            <dst id="NYCMng">131436.573333333</dst>
            <dst id="SNVAng">204.013333333333</dst>
            <dst id="STTLng">34167.3466666667</dst>
            <dst id="WASHng">285975.466666667</dst>
        </src>
    </IntraTM>
</TrafficMatrixFile>
