<?xml version="1.0" encoding="ISO-8859-1" standalone="yes"?>
<TrafficMatrixFile xsi:noNamespaceSchemaLocation="http://totem.run.montefiore.ulg.ac.be/Schema/TrafficMatrix-v1_2.xsd" xmlns:xsi="http://www.w3.org/2001/XMLSchema-instance">
    <IntraTM ASID="11537">
        <src id="ATLA-M5">
            <dst id="ATLA-M5">253.301333333333</dst>
            <dst id="ATLAng">106.666666666667</dst>
            <dst id="CHINng">111.645333333333</dst>
            <dst id="DNVRng">620.832</dst>
            <dst id="HSTNng">236.210666666667</dst>
            <dst id="IPLSng">177.802666666667</dst>
            <dst id="KSCYng">112.458666666667</dst>
            <dst id="LOSAng">188.906666666667</dst>
            <dst id="NYCMng">129.781333333333</dst>
            <dst id="SNVAng">13.3333333333333</dst>
            <dst id="STTLng">769.848</dst>
            <dst id="WASHng">1978.94666666667</dst>
        </src>
        <src id="ATLAng">
            <dst id="ATLA-M5">243.357333333333</dst>
            <dst id="ATLAng">65153.2933333333</dst>
            <dst id="CHINng">15084.9786666667</dst>
            <dst id="DNVRng">13028.456</dst>
            <dst id="HSTNng">5759.93066666667</dst>
            <dst id="IPLSng">16232.704</dst>
            <dst id="KSCYng">8405.06933333333</dst>
            <dst id="LOSAng">16041.5186666667</dst>
            <dst id="NYCMng">12622.2453333333</dst>
            <dst id="SNVAng">3042.732</dst>
            <dst id="STTLng">5770.30133333333</dst>
            <dst id="WASHng">52576.104</dst>
        </src>
        <src id="CHINng">
            <dst id="ATLA-M5">605.274666666667</dst>
            <dst id="ATLAng">29636.6</dst>
            <dst id="CHINng">138935.658666667</dst>
            <dst id="DNVRng">18404.8746666667</dst>
            <dst id="HSTNng">8869.936</dst>
            <dst id="IPLSng">52349.1066666667</dst>
            <dst id="KSCYng">6083.624</dst>
            <dst id="LOSAng">60427.0293333333</dst>
            <dst id="NYCMng">8844.10933333333</dst>
            <dst id="SNVAng">2620.90133333333</dst>
            <dst id="STTLng">24724.512</dst>
            <dst id="WASHng">51809.664</dst>
        </src>
        <src id="DNVRng">
            <dst id="ATLA-M5">333.466666666667</dst>
            <dst id="ATLAng">32119.216</dst>
            <dst id="CHINng">44270.0613333333</dst>
            <dst id="DNVRng">9509.65066666666</dst>
            <dst id="HSTNng">32079.392</dst>
            <dst id="IPLSng">27241.528</dst>
            <dst id="KSCYng">19916.616</dst>
            <dst id="LOSAng">15457.7253333333</dst>
            <dst id="NYCMng">12885.1386666667</dst>
            <dst id="SNVAng">24394.104</dst>
            <dst id="STTLng">10733.472</dst>
            <dst id="WASHng">37599.464</dst>
        </src>
        <src id="HSTNng">
            <dst id="ATLA-M5">532.658666666667</dst>
            <dst id="ATLAng">11785.712</dst>
            <dst id="CHINng">37918.9946666667</dst>
            <dst id="DNVRng">10183.8853333333</dst>
            <dst id="HSTNng">10903.4186666667</dst>
            <dst id="IPLSng">6121.488</dst>
            <dst id="KSCYng">2655.04266666667</dst>
            <dst id="LOSAng">14986.768</dst>
            <dst id="NYCMng">4363.64</dst>
            <dst id="SNVAng">328.170666666667</dst>
            <dst id="STTLng">2525.49333333333</dst>
            <dst id="WASHng">21416.2826666667</dst>
        </src>
        <src id="IPLSng">
            <dst id="ATLA-M5">357.466666666667</dst>
            <dst id="ATLAng">14935.0106666667</dst>
            <dst id="CHINng">59989.6346666667</dst>
            <dst id="DNVRng">8125.952</dst>
            <dst id="HSTNng">5123.73066666667</dst>
            <dst id="IPLSng">33753.784</dst>
            <dst id="KSCYng">6214.06133333333</dst>
            <dst id="LOSAng">47038.0986666667</dst>
            <dst id="NYCMng">31628.3253333333</dst>
            <dst id="SNVAng">3929.93333333333</dst>
            <dst id="STTLng">14157.192</dst>
            <dst id="WASHng">31596.6613333333</dst>
        </src>
        <src id="KSCYng">
            <dst id="ATLA-M5">870.253333333334</dst>
            <dst id="ATLAng">5386.14133333333</dst>
            <dst id="CHINng">29485.688</dst>
            <dst id="DNVRng">16426.8986666667</dst>
            <dst id="HSTNng">3838.224</dst>
            <dst id="IPLSng">12485.0666666667</dst>
            <dst id="KSCYng">5417.16533333333</dst>
            <dst id="LOSAng">7713.03733333333</dst>
            <dst id="NYCMng">10048.0026666667</dst>
            <dst id="SNVAng">580.562666666667</dst>
            <dst id="STTLng">2186.42933333333</dst>
            <dst id="WASHng">14077.4586666667</dst>
        </src>
        <src id="LOSAng">
            <dst id="ATLA-M5">1815.33333333333</dst>
            <dst id="ATLAng">38970.2986666667</dst>
            <dst id="CHINng">120786.850666667</dst>
            <dst id="DNVRng">18276.3226666667</dst>
            <dst id="HSTNng">44859.7066666667</dst>
            <dst id="IPLSng">64145.9013333333</dst>
            <dst id="KSCYng">7750.872</dst>
            <dst id="LOSAng">12260.696</dst>
            <dst id="NYCMng">83017.488</dst>
            <dst id="SNVAng">17463.784</dst>
            <dst id="STTLng">41456.5653333333</dst>
            <dst id="WASHng">136286.741333333</dst>
        </src>
        <src id="NYCMng">
            <dst id="ATLA-M5">4551.6</dst>
            <dst id="ATLAng">54455.7173333333</dst>
            <dst id="CHINng">57067.32</dst>
            <dst id="DNVRng">107073.424</dst>
            <dst id="HSTNng">10408.9173333333</dst>
            <dst id="IPLSng">46772.8293333333</dst>
            <dst id="KSCYng">20547.352</dst>
            <dst id="LOSAng">87367.1386666667</dst>
            <dst id="NYCMng">144222.933333333</dst>
            <dst id="SNVAng">4128.53066666667</dst>
            <dst id="STTLng">31417.1973333333</dst>
            <dst id="WASHng">94449.184</dst>
        </src>
        <src id="SNVAng">
            <dst id="ATLA-M5">84</dst>
            <dst id="ATLAng">426.626666666667</dst>
            <dst id="CHINng">2938.13066666667</dst>
            <dst id="DNVRng">1094.68</dst>
            <dst id="HSTNng">2382.296</dst>
            <dst id="IPLSng">9800.10666666667</dst>
            <dst id="KSCYng">112.522666666667</dst>
            <dst id="LOSAng">43558.032</dst>
            <dst id="NYCMng">250.645333333333</dst>
            <dst id="SNVAng">14803.3733333333</dst>
            <dst id="STTLng">40231.0293333333</dst>
            <dst id="WASHng">158.272</dst>
        </src>
        <src id="STTLng">
            <dst id="ATLA-M5">600.621333333333</dst>
            <dst id="ATLAng">15467.3146666667</dst>
            <dst id="CHINng">28880.0613333333</dst>
            <dst id="DNVRng">4879.928</dst>
            <dst id="HSTNng">3798.64533333333</dst>
            <dst id="IPLSng">19948.5546666667</dst>
            <dst id="KSCYng">8344.76533333333</dst>
            <dst id="LOSAng">32999.1253333333</dst>
            <dst id="NYCMng">11233.0533333333</dst>
            <dst id="SNVAng">5542.52266666667</dst>
            <dst id="STTLng">4985.76266666667</dst>
            <dst id="WASHng">20401.5946666667</dst>
        </src>
        <src id="WASHng">
            <dst id="ATLA-M5">675.584</dst>
            <dst id="ATLAng">141226.205333333</dst>
            <dst id="CHINng">119630.250666667</dst>
            <dst id="DNVRng">69759.5546666667</dst>
            <dst id="HSTNng">39635.1013333333</dst>
            <dst id="IPLSng">101799.594666667</dst>
            <dst id="KSCYng">17166.3626666667</dst>
            <dst id="LOSAng">115185.165333333</dst>
            <dst id="NYCMng">221232.104</dst>
            <dst id="SNVAng">4516.592</dst>
            <dst id="STTLng">40674.1866666667</dst>
            <dst id="WASHng">296107.893333333</dst>
        </src>
    </IntraTM>
</TrafficMatrixFile>
