<?xml version="1.0" encoding="ISO-8859-1" standalone="yes"?>
<TrafficMatrixFile xsi:noNamespaceSchemaLocation="http://totem.run.montefiore.ulg.ac.be/Schema/TrafficMatrix-v1_2.xsd" xmlns:xsi="http://www.w3.org/2001/XMLSchema-instance">
    <IntraTM ASID="11537">
        <src id="ATLA-M5">
            <dst id="ATLA-M5">123.848</dst>
            <dst id="ATLAng">475.437333333333</dst>
            <dst id="CHINng">207.584</dst>
            <dst id="DNVRng">53.5893333333333</dst>
            <dst id="HSTNng">175.690666666667</dst>
            <dst id="IPLSng">425.664</dst>
            <dst id="KSCYng">80.5973333333333</dst>
            <dst id="LOSAng">297.226666666667</dst>
            <dst id="NYCMng">80</dst>
            <dst id="SNVAng">0</dst>
            <dst id="STTLng">0</dst>
            <dst id="WASHng">398.634666666667</dst>
        </src>
        <src id="ATLAng">
            <dst id="ATLA-M5">26.6666666666667</dst>
            <dst id="ATLAng">69753.0293333333</dst>
            <dst id="CHINng">15365.288</dst>
            <dst id="DNVRng">7587.01333333333</dst>
            <dst id="HSTNng">4514.768</dst>
            <dst id="IPLSng">17304.712</dst>
            <dst id="KSCYng">1702.49866666667</dst>
            <dst id="LOSAng">12035.7026666667</dst>
            <dst id="NYCMng">12031.92</dst>
            <dst id="SNVAng">558.542666666667</dst>
            <dst id="STTLng">4209.4</dst>
            <dst id="WASHng">55477.5093333333</dst>
        </src>
        <src id="CHINng">
            <dst id="ATLA-M5">657.56</dst>
            <dst id="ATLAng">23259.824</dst>
            <dst id="CHINng">138046.488</dst>
            <dst id="DNVRng">12021.664</dst>
            <dst id="HSTNng">16399.648</dst>
            <dst id="IPLSng">25293.7066666667</dst>
            <dst id="KSCYng">8437.952</dst>
            <dst id="LOSAng">42102.5173333333</dst>
            <dst id="NYCMng">16777.48</dst>
            <dst id="SNVAng">1030.23466666667</dst>
            <dst id="STTLng">7060.86133333333</dst>
            <dst id="WASHng">34273.7893333333</dst>
        </src>
        <src id="DNVRng">
            <dst id="ATLA-M5">65.44</dst>
            <dst id="ATLAng">6239.744</dst>
            <dst id="CHINng">79788.808</dst>
            <dst id="DNVRng">31950.5733333333</dst>
            <dst id="HSTNng">26126.2826666667</dst>
            <dst id="IPLSng">34206.5413333333</dst>
            <dst id="KSCYng">42685.6693333333</dst>
            <dst id="LOSAng">8978.776</dst>
            <dst id="NYCMng">12617.7866666667</dst>
            <dst id="SNVAng">20501.336</dst>
            <dst id="STTLng">18112.008</dst>
            <dst id="WASHng">61256.888</dst>
        </src>
        <src id="HSTNng">
            <dst id="ATLA-M5">2803.64266666667</dst>
            <dst id="ATLAng">4969.14666666667</dst>
            <dst id="CHINng">38088.464</dst>
            <dst id="DNVRng">4573.46666666667</dst>
            <dst id="HSTNng">10988.664</dst>
            <dst id="IPLSng">2098.66933333333</dst>
            <dst id="KSCYng">3940.744</dst>
            <dst id="LOSAng">11855.7466666667</dst>
            <dst id="NYCMng">2926.19466666667</dst>
            <dst id="SNVAng">123.085333333333</dst>
            <dst id="STTLng">1992.71733333333</dst>
            <dst id="WASHng">6969.024</dst>
        </src>
        <src id="IPLSng">
            <dst id="ATLA-M5">170.882666666667</dst>
            <dst id="ATLAng">18152.2533333333</dst>
            <dst id="CHINng">87852.24</dst>
            <dst id="DNVRng">5658.576</dst>
            <dst id="HSTNng">6078.85066666667</dst>
            <dst id="IPLSng">16781.9093333333</dst>
            <dst id="KSCYng">12116.5813333333</dst>
            <dst id="LOSAng">35618.3146666667</dst>
            <dst id="NYCMng">33758.968</dst>
            <dst id="SNVAng">915.096</dst>
            <dst id="STTLng">8086.376</dst>
            <dst id="WASHng">28498.8213333333</dst>
        </src>
        <src id="KSCYng">
            <dst id="ATLA-M5">0</dst>
            <dst id="ATLAng">3110.17866666667</dst>
            <dst id="CHINng">22171.3626666667</dst>
            <dst id="DNVRng">15035.848</dst>
            <dst id="HSTNng">3369.53066666667</dst>
            <dst id="IPLSng">27868.464</dst>
            <dst id="KSCYng">6519.21333333333</dst>
            <dst id="LOSAng">5347.128</dst>
            <dst id="NYCMng">4266.81066666667</dst>
            <dst id="SNVAng">754.512</dst>
            <dst id="STTLng">1800.528</dst>
            <dst id="WASHng">14597.7946666667</dst>
        </src>
        <src id="LOSAng">
            <dst id="ATLA-M5">1192.89066666667</dst>
            <dst id="ATLAng">43041.8693333333</dst>
            <dst id="CHINng">180622.810666667</dst>
            <dst id="DNVRng">9523.65866666667</dst>
            <dst id="HSTNng">21192.096</dst>
            <dst id="IPLSng">25959.1466666667</dst>
            <dst id="KSCYng">10976.1786666667</dst>
            <dst id="LOSAng">11390.2693333333</dst>
            <dst id="NYCMng">66855.5226666667</dst>
            <dst id="SNVAng">9050.01866666667</dst>
            <dst id="STTLng">37091.7333333333</dst>
            <dst id="WASHng">116405.941333333</dst>
        </src>
        <src id="NYCMng">
            <dst id="ATLA-M5">489.485333333333</dst>
            <dst id="ATLAng">52540.24</dst>
            <dst id="CHINng">59708.64</dst>
            <dst id="DNVRng">111684.304</dst>
            <dst id="HSTNng">13675.48</dst>
            <dst id="IPLSng">47472.4746666667</dst>
            <dst id="KSCYng">19456.6133333333</dst>
            <dst id="LOSAng">49754.0746666667</dst>
            <dst id="NYCMng">141192.448</dst>
            <dst id="SNVAng">1170.93066666667</dst>
            <dst id="STTLng">23709.8986666667</dst>
            <dst id="WASHng">87673.9573333333</dst>
        </src>
        <src id="SNVAng">
            <dst id="ATLA-M5">195.290666666667</dst>
            <dst id="ATLAng">623.109333333333</dst>
            <dst id="CHINng">3669.95466666667</dst>
            <dst id="DNVRng">28784.576</dst>
            <dst id="HSTNng">246.722666666667</dst>
            <dst id="IPLSng">5160.088</dst>
            <dst id="KSCYng">168.402666666667</dst>
            <dst id="LOSAng">26645.16</dst>
            <dst id="NYCMng">559.792</dst>
            <dst id="SNVAng">9138.09333333333</dst>
            <dst id="STTLng">19875.9093333333</dst>
            <dst id="WASHng">459.802666666667</dst>
        </src>
        <src id="STTLng">
            <dst id="ATLA-M5">104.128</dst>
            <dst id="ATLAng">13624.8266666667</dst>
            <dst id="CHINng">28390.1786666667</dst>
            <dst id="DNVRng">2310.416</dst>
            <dst id="HSTNng">5572.472</dst>
            <dst id="IPLSng">14416.9226666667</dst>
            <dst id="KSCYng">4273.25066666667</dst>
            <dst id="LOSAng">50853.5466666667</dst>
            <dst id="NYCMng">13764.8826666667</dst>
            <dst id="SNVAng">4001.02666666667</dst>
            <dst id="STTLng">16756.504</dst>
            <dst id="WASHng">16117.4693333333</dst>
        </src>
        <src id="WASHng">
            <dst id="ATLA-M5">529.904</dst>
            <dst id="ATLAng">182817.189333333</dst>
            <dst id="CHINng">122363.818666667</dst>
            <dst id="DNVRng">88500.4426666667</dst>
            <dst id="HSTNng">18091.584</dst>
            <dst id="IPLSng">107666.04</dst>
            <dst id="KSCYng">21075.832</dst>
            <dst id="LOSAng">116675.933333333</dst>
            <dst id="NYCMng">173662.696</dst>
            <dst id="SNVAng">2029.104</dst>
            <dst id="STTLng">29047.3306666667</dst>
            <dst id="WASHng">331911.146666667</dst>
        </src>
    </IntraTM>
</TrafficMatrixFile>
