<?xml version="1.0" encoding="ISO-8859-1" standalone="yes"?>
<TrafficMatrixFile xsi:noNamespaceSchemaLocation="http://totem.run.montefiore.ulg.ac.be/Schema/TrafficMatrix-v1_2.xsd" xmlns:xsi="http://www.w3.org/2001/XMLSchema-instance">
    <IntraTM ASID="11537">
        <src id="ATLA-M5">
            <dst id="ATLA-M5">1473.06133333333</dst>
            <dst id="ATLAng">89.3333333333333</dst>
            <dst id="CHINng">53.3333333333333</dst>
            <dst id="DNVRng">0</dst>
            <dst id="HSTNng">125.162666666667</dst>
            <dst id="IPLSng">26.6666666666667</dst>
            <dst id="KSCYng">0</dst>
            <dst id="LOSAng">83.904</dst>
            <dst id="NYCMng">80</dst>
            <dst id="SNVAng">0</dst>
            <dst id="STTLng">26.6666666666667</dst>
            <dst id="WASHng">2520.01866666667</dst>
        </src>
        <src id="ATLAng">
            <dst id="ATLA-M5">165.493333333333</dst>
            <dst id="ATLAng">25971.8613333333</dst>
            <dst id="CHINng">5131.448</dst>
            <dst id="DNVRng">6028.98666666667</dst>
            <dst id="HSTNng">4621.11466666667</dst>
            <dst id="IPLSng">12920.9813333333</dst>
            <dst id="KSCYng">3781.94133333333</dst>
            <dst id="LOSAng">10605.8053333333</dst>
            <dst id="NYCMng">4802.76533333333</dst>
            <dst id="SNVAng">308.608</dst>
            <dst id="STTLng">4410.824</dst>
            <dst id="WASHng">45589.2</dst>
        </src>
        <src id="CHINng">
            <dst id="ATLA-M5">53.3333333333333</dst>
            <dst id="ATLAng">12364.7466666667</dst>
            <dst id="CHINng">94896.3546666667</dst>
            <dst id="DNVRng">10700.5946666667</dst>
            <dst id="HSTNng">1864.55733333333</dst>
            <dst id="IPLSng">24697.7146666667</dst>
            <dst id="KSCYng">13682.9013333333</dst>
            <dst id="LOSAng">42259.312</dst>
            <dst id="NYCMng">10344.7946666667</dst>
            <dst id="SNVAng">330.429333333333</dst>
            <dst id="STTLng">6911.176</dst>
            <dst id="WASHng">41037.992</dst>
        </src>
        <src id="DNVRng">
            <dst id="ATLA-M5">85.76</dst>
            <dst id="ATLAng">15752.328</dst>
            <dst id="CHINng">61966.6933333333</dst>
            <dst id="DNVRng">21697.7786666667</dst>
            <dst id="HSTNng">10832.3306666667</dst>
            <dst id="IPLSng">19234.52</dst>
            <dst id="KSCYng">11534.3093333333</dst>
            <dst id="LOSAng">4111.79733333333</dst>
            <dst id="NYCMng">14508.5093333333</dst>
            <dst id="SNVAng">4700.016</dst>
            <dst id="STTLng">4191.65333333333</dst>
            <dst id="WASHng">35116.872</dst>
        </src>
        <src id="HSTNng">
            <dst id="ATLA-M5">126.378666666667</dst>
            <dst id="ATLAng">8816.25333333333</dst>
            <dst id="CHINng">20196.1573333333</dst>
            <dst id="DNVRng">638.533333333333</dst>
            <dst id="HSTNng">2618.98133333333</dst>
            <dst id="IPLSng">627.733333333333</dst>
            <dst id="KSCYng">2073.78133333333</dst>
            <dst id="LOSAng">7391.04</dst>
            <dst id="NYCMng">2409.88533333333</dst>
            <dst id="SNVAng">93.6453333333333</dst>
            <dst id="STTLng">961.336</dst>
            <dst id="WASHng">3223.472</dst>
        </src>
        <src id="IPLSng">
            <dst id="ATLA-M5">118.029333333333</dst>
            <dst id="ATLAng">17264.4053333333</dst>
            <dst id="CHINng">83059.6453333333</dst>
            <dst id="DNVRng">6977.54933333333</dst>
            <dst id="HSTNng">1162.416</dst>
            <dst id="IPLSng">6790.36533333333</dst>
            <dst id="KSCYng">3031.75466666667</dst>
            <dst id="LOSAng">18786.6133333333</dst>
            <dst id="NYCMng">18319.6106666667</dst>
            <dst id="SNVAng">580.258666666667</dst>
            <dst id="STTLng">7854.752</dst>
            <dst id="WASHng">17788.384</dst>
        </src>
        <src id="KSCYng">
            <dst id="ATLA-M5">0</dst>
            <dst id="ATLAng">1815.57866666667</dst>
            <dst id="CHINng">60807.3573333333</dst>
            <dst id="DNVRng">8852.23733333333</dst>
            <dst id="HSTNng">2711.776</dst>
            <dst id="IPLSng">5927.36266666667</dst>
            <dst id="KSCYng">4446.832</dst>
            <dst id="LOSAng">6366.86133333333</dst>
            <dst id="NYCMng">4782.08</dst>
            <dst id="SNVAng">0</dst>
            <dst id="STTLng">497.141333333333</dst>
            <dst id="WASHng">6522.368</dst>
        </src>
        <src id="LOSAng">
            <dst id="ATLA-M5">246.229333333333</dst>
            <dst id="ATLAng">29620.9546666667</dst>
            <dst id="CHINng">146581.24</dst>
            <dst id="DNVRng">6099.656</dst>
            <dst id="HSTNng">5518.86133333333</dst>
            <dst id="IPLSng">21592.5226666667</dst>
            <dst id="KSCYng">4825.8</dst>
            <dst id="LOSAng">20064.5386666667</dst>
            <dst id="NYCMng">50774.8</dst>
            <dst id="SNVAng">7981.11466666667</dst>
            <dst id="STTLng">30879.5173333333</dst>
            <dst id="WASHng">114152.808</dst>
        </src>
        <src id="NYCMng">
            <dst id="ATLA-M5">159.856</dst>
            <dst id="ATLAng">35444.0826666667</dst>
            <dst id="CHINng">72056.4906666667</dst>
            <dst id="DNVRng">23132.0426666667</dst>
            <dst id="HSTNng">6265.23466666667</dst>
            <dst id="IPLSng">35285.1253333333</dst>
            <dst id="KSCYng">9164.73333333333</dst>
            <dst id="LOSAng">62209.256</dst>
            <dst id="NYCMng">90308.488</dst>
            <dst id="SNVAng">2474.09066666667</dst>
            <dst id="STTLng">19048.208</dst>
            <dst id="WASHng">62397.3226666667</dst>
        </src>
        <src id="SNVAng">
            <dst id="ATLA-M5">0</dst>
            <dst id="ATLAng">26.6666666666667</dst>
            <dst id="CHINng">822.384</dst>
            <dst id="DNVRng">532.2</dst>
            <dst id="HSTNng">197.744</dst>
            <dst id="IPLSng">6132.03733333333</dst>
            <dst id="KSCYng">199.594666666667</dst>
            <dst id="LOSAng">26561.2613333333</dst>
            <dst id="NYCMng">299.890666666667</dst>
            <dst id="SNVAng">9770.704</dst>
            <dst id="STTLng">18628.224</dst>
            <dst id="WASHng">187.378666666667</dst>
        </src>
        <src id="STTLng">
            <dst id="ATLA-M5">0</dst>
            <dst id="ATLAng">8860.19733333333</dst>
            <dst id="CHINng">29928.8933333333</dst>
            <dst id="DNVRng">1192.44</dst>
            <dst id="HSTNng">1035.01333333333</dst>
            <dst id="IPLSng">7648.66666666667</dst>
            <dst id="KSCYng">565.202666666667</dst>
            <dst id="LOSAng">17718.936</dst>
            <dst id="NYCMng">8974.432</dst>
            <dst id="SNVAng">8122.46133333333</dst>
            <dst id="STTLng">1133.04266666667</dst>
            <dst id="WASHng">12997.104</dst>
        </src>
        <src id="WASHng">
            <dst id="ATLA-M5">182.461333333333</dst>
            <dst id="ATLAng">158559.138666667</dst>
            <dst id="CHINng">80928.2453333333</dst>
            <dst id="DNVRng">51365.728</dst>
            <dst id="HSTNng">10670.7013333333</dst>
            <dst id="IPLSng">41589.008</dst>
            <dst id="KSCYng">5449.74133333333</dst>
            <dst id="LOSAng">107194.821333333</dst>
            <dst id="NYCMng">132946.221333333</dst>
            <dst id="SNVAng">1382.39466666667</dst>
            <dst id="STTLng">25652.76</dst>
            <dst id="WASHng">275147.253333333</dst>
        </src>
    </IntraTM>
</TrafficMatrixFile>
