<?xml version="1.0" encoding="ISO-8859-1" standalone="yes"?>
<TrafficMatrixFile xsi:noNamespaceSchemaLocation="http://totem.run.montefiore.ulg.ac.be/Schema/TrafficMatrix-v1_2.xsd" xmlns:xsi="http://www.w3.org/2001/XMLSchema-instance">
    <IntraTM ASID="11537">
        <src id="ATLA-M5">
            <dst id="ATLA-M5">53.3333333333333</dst>
            <dst id="ATLAng">26.6666666666667</dst>
            <dst id="CHINng">3871.24533333333</dst>
            <dst id="DNVRng">26.6666666666667</dst>
            <dst id="HSTNng">1943.82933333333</dst>
            <dst id="IPLSng">1361.22666666667</dst>
            <dst id="KSCYng">1395.41066666667</dst>
            <dst id="LOSAng">692.418666666667</dst>
            <dst id="NYCMng">0</dst>
            <dst id="SNVAng">0</dst>
            <dst id="STTLng">38.0986666666667</dst>
            <dst id="WASHng">1265.48266666667</dst>
        </src>
        <src id="ATLAng">
            <dst id="ATLA-M5">96.3173333333333</dst>
            <dst id="ATLAng">38503.7706666667</dst>
            <dst id="CHINng">5419.46666666667</dst>
            <dst id="DNVRng">4580.208</dst>
            <dst id="HSTNng">459.496</dst>
            <dst id="IPLSng">10922.9946666667</dst>
            <dst id="KSCYng">676.88</dst>
            <dst id="LOSAng">15511.7493333333</dst>
            <dst id="NYCMng">5347.552</dst>
            <dst id="SNVAng">348.392</dst>
            <dst id="STTLng">4815.55733333333</dst>
            <dst id="WASHng">24504.5093333333</dst>
        </src>
        <src id="CHINng">
            <dst id="ATLA-M5">650.237333333333</dst>
            <dst id="ATLAng">13090.104</dst>
            <dst id="CHINng">168498.949333333</dst>
            <dst id="DNVRng">12247.032</dst>
            <dst id="HSTNng">5960.54666666667</dst>
            <dst id="IPLSng">52907.936</dst>
            <dst id="KSCYng">3345.79733333333</dst>
            <dst id="LOSAng">60948.0026666667</dst>
            <dst id="NYCMng">13497.7813333333</dst>
            <dst id="SNVAng">1762.888</dst>
            <dst id="STTLng">6360.76</dst>
            <dst id="WASHng">16209.5466666667</dst>
        </src>
        <src id="DNVRng">
            <dst id="ATLA-M5">136.16</dst>
            <dst id="ATLAng">12339.5733333333</dst>
            <dst id="CHINng">45782.1226666667</dst>
            <dst id="DNVRng">14167.7013333333</dst>
            <dst id="HSTNng">29590.5653333333</dst>
            <dst id="IPLSng">24438.2506666667</dst>
            <dst id="KSCYng">26937.0666666667</dst>
            <dst id="LOSAng">9358.15733333333</dst>
            <dst id="NYCMng">11961.7146666667</dst>
            <dst id="SNVAng">16111.76</dst>
            <dst id="STTLng">25229.248</dst>
            <dst id="WASHng">33545.728</dst>
        </src>
        <src id="HSTNng">
            <dst id="ATLA-M5">589.093333333333</dst>
            <dst id="ATLAng">2654.432</dst>
            <dst id="CHINng">10686.0186666667</dst>
            <dst id="DNVRng">2115.41333333333</dst>
            <dst id="HSTNng">2859.49866666667</dst>
            <dst id="IPLSng">805.714666666667</dst>
            <dst id="KSCYng">1375.59733333333</dst>
            <dst id="LOSAng">13195.4906666667</dst>
            <dst id="NYCMng">2483.64533333333</dst>
            <dst id="SNVAng">0</dst>
            <dst id="STTLng">2631.44</dst>
            <dst id="WASHng">5646.904</dst>
        </src>
        <src id="IPLSng">
            <dst id="ATLA-M5">134.861333333333</dst>
            <dst id="ATLAng">12949.9226666667</dst>
            <dst id="CHINng">55523.6266666667</dst>
            <dst id="DNVRng">2804.096</dst>
            <dst id="HSTNng">915.549333333333</dst>
            <dst id="IPLSng">32666.9173333333</dst>
            <dst id="KSCYng">3423.328</dst>
            <dst id="LOSAng">69956.0213333334</dst>
            <dst id="NYCMng">24656.1413333333</dst>
            <dst id="SNVAng">454.216</dst>
            <dst id="STTLng">12461.9546666667</dst>
            <dst id="WASHng">17215.352</dst>
        </src>
        <src id="KSCYng">
            <dst id="ATLA-M5">156.261333333333</dst>
            <dst id="ATLAng">5065.112</dst>
            <dst id="CHINng">29131.2986666667</dst>
            <dst id="DNVRng">11132.216</dst>
            <dst id="HSTNng">9868.37333333333</dst>
            <dst id="IPLSng">10078.8986666667</dst>
            <dst id="KSCYng">7196.81066666667</dst>
            <dst id="LOSAng">7663.78666666667</dst>
            <dst id="NYCMng">2682.35466666667</dst>
            <dst id="SNVAng">755.274666666667</dst>
            <dst id="STTLng">2373.912</dst>
            <dst id="WASHng">6967.256</dst>
        </src>
        <src id="LOSAng">
            <dst id="ATLA-M5">296.461333333333</dst>
            <dst id="ATLAng">35424.9226666667</dst>
            <dst id="CHINng">97522.056</dst>
            <dst id="DNVRng">8016.96</dst>
            <dst id="HSTNng">17489.0826666667</dst>
            <dst id="IPLSng">56093.3866666667</dst>
            <dst id="KSCYng">7023.75733333333</dst>
            <dst id="LOSAng">19585.696</dst>
            <dst id="NYCMng">75784.28</dst>
            <dst id="SNVAng">15989.5146666667</dst>
            <dst id="STTLng">57025.8</dst>
            <dst id="WASHng">99095.3866666667</dst>
        </src>
        <src id="NYCMng">
            <dst id="ATLA-M5">2815.45333333333</dst>
            <dst id="ATLAng">41884.9973333333</dst>
            <dst id="CHINng">40717.2</dst>
            <dst id="DNVRng">119520.602666667</dst>
            <dst id="HSTNng">13539.168</dst>
            <dst id="IPLSng">39142.4506666667</dst>
            <dst id="KSCYng">8316.06133333333</dst>
            <dst id="LOSAng">102932.853333333</dst>
            <dst id="NYCMng">84363</dst>
            <dst id="SNVAng">2886</dst>
            <dst id="STTLng">28912.3413333333</dst>
            <dst id="WASHng">52852.432</dst>
        </src>
        <src id="SNVAng">
            <dst id="ATLA-M5">0</dst>
            <dst id="ATLAng">0</dst>
            <dst id="CHINng">106.666666666667</dst>
            <dst id="DNVRng">6038.21866666667</dst>
            <dst id="HSTNng">53.3333333333333</dst>
            <dst id="IPLSng">337.330666666667</dst>
            <dst id="KSCYng">14846.6106666667</dst>
            <dst id="LOSAng">43291.928</dst>
            <dst id="NYCMng">647.413333333333</dst>
            <dst id="SNVAng">8030.47466666667</dst>
            <dst id="STTLng">24475.3226666667</dst>
            <dst id="WASHng">27.84</dst>
        </src>
        <src id="STTLng">
            <dst id="ATLA-M5">253.544</dst>
            <dst id="ATLAng">10148.3333333333</dst>
            <dst id="CHINng">13019.9333333333</dst>
            <dst id="DNVRng">3348.12</dst>
            <dst id="HSTNng">1458.90133333333</dst>
            <dst id="IPLSng">6640.51466666667</dst>
            <dst id="KSCYng">3638.85866666667</dst>
            <dst id="LOSAng">27441.608</dst>
            <dst id="NYCMng">5981.11466666667</dst>
            <dst id="SNVAng">3877.264</dst>
            <dst id="STTLng">7316.12533333333</dst>
            <dst id="WASHng">6688.58133333333</dst>
        </src>
        <src id="WASHng">
            <dst id="ATLA-M5">1005.51466666667</dst>
            <dst id="ATLAng">144351.981333333</dst>
            <dst id="CHINng">82073.8986666667</dst>
            <dst id="DNVRng">58136.8746666667</dst>
            <dst id="HSTNng">69297.3866666667</dst>
            <dst id="IPLSng">36163.992</dst>
            <dst id="KSCYng">13948.2666666667</dst>
            <dst id="LOSAng">126591.962666667</dst>
            <dst id="NYCMng">146377.624</dst>
            <dst id="SNVAng">6249.93866666667</dst>
            <dst id="STTLng">37878.6853333333</dst>
            <dst id="WASHng">188639.536</dst>
        </src>
    </IntraTM>
</TrafficMatrixFile>
