<?xml version="1.0" encoding="ISO-8859-1" standalone="yes"?>
<TrafficMatrixFile xsi:noNamespaceSchemaLocation="http://totem.run.montefiore.ulg.ac.be/Schema/TrafficMatrix-v1_2.xsd" xmlns:xsi="http://www.w3.org/2001/XMLSchema-instance">
    <IntraTM ASID="11537">
        <src id="ATLA-M5">
            <dst id="ATLA-M5">0</dst>
            <dst id="ATLAng">26.6666666666667</dst>
            <dst id="CHINng">66.1893333333333</dst>
            <dst id="DNVRng">0</dst>
            <dst id="HSTNng">1191.552</dst>
            <dst id="IPLSng">26.6666666666667</dst>
            <dst id="KSCYng">0</dst>
            <dst id="LOSAng">358.194666666667</dst>
            <dst id="NYCMng">26.6666666666667</dst>
            <dst id="SNVAng">0</dst>
            <dst id="STTLng">0</dst>
            <dst id="WASHng">106.666666666667</dst>
        </src>
        <src id="ATLAng">
            <dst id="ATLA-M5">133.76</dst>
            <dst id="ATLAng">36946.224</dst>
            <dst id="CHINng">5419.94933333333</dst>
            <dst id="DNVRng">10934.1733333333</dst>
            <dst id="HSTNng">515.245333333333</dst>
            <dst id="IPLSng">12428.912</dst>
            <dst id="KSCYng">2788.49066666667</dst>
            <dst id="LOSAng">17692.9706666667</dst>
            <dst id="NYCMng">3874.37866666667</dst>
            <dst id="SNVAng">0</dst>
            <dst id="STTLng">11650.84</dst>
            <dst id="WASHng">23335.408</dst>
        </src>
        <src id="CHINng">
            <dst id="ATLA-M5">148.410666666667</dst>
            <dst id="ATLAng">34685.4826666667</dst>
            <dst id="CHINng">58289.32</dst>
            <dst id="DNVRng">19124.1546666667</dst>
            <dst id="HSTNng">8919.38133333333</dst>
            <dst id="IPLSng">26293.248</dst>
            <dst id="KSCYng">5053.71733333333</dst>
            <dst id="LOSAng">57663.6666666667</dst>
            <dst id="NYCMng">4358.66933333333</dst>
            <dst id="SNVAng">552.832</dst>
            <dst id="STTLng">7471.06133333333</dst>
            <dst id="WASHng">24497.176</dst>
        </src>
        <src id="DNVRng">
            <dst id="ATLA-M5">199.466666666667</dst>
            <dst id="ATLAng">3275.47466666667</dst>
            <dst id="CHINng">42039.3973333333</dst>
            <dst id="DNVRng">10259.408</dst>
            <dst id="HSTNng">20676.2666666667</dst>
            <dst id="IPLSng">22392.8533333333</dst>
            <dst id="KSCYng">18606.4773333333</dst>
            <dst id="LOSAng">28448.4906666667</dst>
            <dst id="NYCMng">19640.6533333333</dst>
            <dst id="SNVAng">6974.82133333333</dst>
            <dst id="STTLng">9401.496</dst>
            <dst id="WASHng">36338.7493333333</dst>
        </src>
        <src id="HSTNng">
            <dst id="ATLA-M5">200.053333333333</dst>
            <dst id="ATLAng">1355.24</dst>
            <dst id="CHINng">5774.30933333333</dst>
            <dst id="DNVRng">1338.928</dst>
            <dst id="HSTNng">10785.8746666667</dst>
            <dst id="IPLSng">1327.72</dst>
            <dst id="KSCYng">1212.096</dst>
            <dst id="LOSAng">9204.73866666667</dst>
            <dst id="NYCMng">2015.36</dst>
            <dst id="SNVAng">26.6666666666667</dst>
            <dst id="STTLng">3167.97333333333</dst>
            <dst id="WASHng">3679.592</dst>
        </src>
        <src id="IPLSng">
            <dst id="ATLA-M5">0</dst>
            <dst id="ATLAng">18467.6613333333</dst>
            <dst id="CHINng">40840.9546666667</dst>
            <dst id="DNVRng">4595.30933333333</dst>
            <dst id="HSTNng">1496.49333333333</dst>
            <dst id="IPLSng">6711.69866666667</dst>
            <dst id="KSCYng">2422</dst>
            <dst id="LOSAng">62137.2293333333</dst>
            <dst id="NYCMng">27767.0053333333</dst>
            <dst id="SNVAng">186.042666666667</dst>
            <dst id="STTLng">9148.048</dst>
            <dst id="WASHng">17195.1093333333</dst>
        </src>
        <src id="KSCYng">
            <dst id="ATLA-M5">0</dst>
            <dst id="ATLAng">1424.84266666667</dst>
            <dst id="CHINng">15832.6213333333</dst>
            <dst id="DNVRng">15419.4053333333</dst>
            <dst id="HSTNng">3769.29066666667</dst>
            <dst id="IPLSng">8825.072</dst>
            <dst id="KSCYng">4038.12533333333</dst>
            <dst id="LOSAng">10058.1466666667</dst>
            <dst id="NYCMng">3576.86666666667</dst>
            <dst id="SNVAng">53.3333333333333</dst>
            <dst id="STTLng">7179.42133333333</dst>
            <dst id="WASHng">7268.91733333333</dst>
        </src>
        <src id="LOSAng">
            <dst id="ATLA-M5">80.384</dst>
            <dst id="ATLAng">50535.6426666666</dst>
            <dst id="CHINng">69885.9653333333</dst>
            <dst id="DNVRng">8756.50933333333</dst>
            <dst id="HSTNng">7842.96</dst>
            <dst id="IPLSng">39156.8</dst>
            <dst id="KSCYng">2601.99466666667</dst>
            <dst id="LOSAng">19570.8453333333</dst>
            <dst id="NYCMng">67552.728</dst>
            <dst id="SNVAng">9781.94666666666</dst>
            <dst id="STTLng">48238.7306666667</dst>
            <dst id="WASHng">101196.709333333</dst>
        </src>
        <src id="NYCMng">
            <dst id="ATLA-M5">70.616</dst>
            <dst id="ATLAng">41584.8266666667</dst>
            <dst id="CHINng">42114.0826666667</dst>
            <dst id="DNVRng">32466.312</dst>
            <dst id="HSTNng">7137.48533333333</dst>
            <dst id="IPLSng">51473.5253333333</dst>
            <dst id="KSCYng">9093.18133333333</dst>
            <dst id="LOSAng">80864.84</dst>
            <dst id="NYCMng">78541.728</dst>
            <dst id="SNVAng">1271.864</dst>
            <dst id="STTLng">31610.9653333333</dst>
            <dst id="WASHng">60062.304</dst>
        </src>
        <src id="SNVAng">
            <dst id="ATLA-M5">0</dst>
            <dst id="ATLAng">26.6666666666667</dst>
            <dst id="CHINng">213.333333333333</dst>
            <dst id="DNVRng">555.882666666667</dst>
            <dst id="HSTNng">113.429333333333</dst>
            <dst id="IPLSng">10235.0826666667</dst>
            <dst id="KSCYng">81.0293333333333</dst>
            <dst id="LOSAng">42401.8666666667</dst>
            <dst id="NYCMng">446.389333333333</dst>
            <dst id="SNVAng">12770.864</dst>
            <dst id="STTLng">37726.6133333333</dst>
            <dst id="WASHng">0</dst>
        </src>
        <src id="STTLng">
            <dst id="ATLA-M5">0</dst>
            <dst id="ATLAng">9147.34933333333</dst>
            <dst id="CHINng">17136.5946666667</dst>
            <dst id="DNVRng">3388.632</dst>
            <dst id="HSTNng">1803.64266666667</dst>
            <dst id="IPLSng">6449.44266666667</dst>
            <dst id="KSCYng">3342.072</dst>
            <dst id="LOSAng">33050.336</dst>
            <dst id="NYCMng">10417.768</dst>
            <dst id="SNVAng">4316.28533333333</dst>
            <dst id="STTLng">2413.22133333333</dst>
            <dst id="WASHng">8454.70133333333</dst>
        </src>
        <src id="WASHng">
            <dst id="ATLA-M5">1719.89333333333</dst>
            <dst id="ATLAng">109312.210666667</dst>
            <dst id="CHINng">78546.9066666667</dst>
            <dst id="DNVRng">53609.5946666667</dst>
            <dst id="HSTNng">24208.5733333333</dst>
            <dst id="IPLSng">21396.5066666667</dst>
            <dst id="KSCYng">7640.51733333333</dst>
            <dst id="LOSAng">128257.650666667</dst>
            <dst id="NYCMng">181395.482666667</dst>
            <dst id="SNVAng">283.285333333333</dst>
            <dst id="STTLng">43194.976</dst>
            <dst id="WASHng">243170.397333333</dst>
        </src>
    </IntraTM>
</TrafficMatrixFile>
