<?xml version="1.0" encoding="ISO-8859-1" standalone="yes"?>
<TrafficMatrixFile xsi:noNamespaceSchemaLocation="http://totem.run.montefiore.ulg.ac.be/Schema/TrafficMatrix-v1_2.xsd" xmlns:xsi="http://www.w3.org/2001/XMLSchema-instance">
    <IntraTM ASID="11537">
        <src id="ATLA-M5">
            <dst id="ATLA-M5">26.6666666666667</dst>
            <dst id="ATLAng">80</dst>
            <dst id="CHINng">0</dst>
            <dst id="DNVRng">26.6666666666667</dst>
            <dst id="HSTNng">69.28</dst>
            <dst id="IPLSng">53.3333333333333</dst>
            <dst id="KSCYng">0</dst>
            <dst id="LOSAng">90.0906666666667</dst>
            <dst id="NYCMng">64.8586666666667</dst>
            <dst id="SNVAng">0</dst>
            <dst id="STTLng">0</dst>
            <dst id="WASHng">360.906666666667</dst>
        </src>
        <src id="ATLAng">
            <dst id="ATLA-M5">146.432</dst>
            <dst id="ATLAng">23438.3493333333</dst>
            <dst id="CHINng">4078.90133333333</dst>
            <dst id="DNVRng">5540.912</dst>
            <dst id="HSTNng">388.52</dst>
            <dst id="IPLSng">11310.6346666667</dst>
            <dst id="KSCYng">898.069333333333</dst>
            <dst id="LOSAng">14981.8506666667</dst>
            <dst id="NYCMng">8007.832</dst>
            <dst id="SNVAng">13.3333333333333</dst>
            <dst id="STTLng">4127.31466666667</dst>
            <dst id="WASHng">49815.144</dst>
        </src>
        <src id="CHINng">
            <dst id="ATLA-M5">0</dst>
            <dst id="ATLAng">4760.43466666667</dst>
            <dst id="CHINng">133448.317333333</dst>
            <dst id="DNVRng">12576.488</dst>
            <dst id="HSTNng">2638.29066666667</dst>
            <dst id="IPLSng">32191.7226666667</dst>
            <dst id="KSCYng">4650.896</dst>
            <dst id="LOSAng">60715.3733333333</dst>
            <dst id="NYCMng">13804.168</dst>
            <dst id="SNVAng">583.237333333333</dst>
            <dst id="STTLng">7751.05333333333</dst>
            <dst id="WASHng">13132.648</dst>
        </src>
        <src id="DNVRng">
            <dst id="ATLA-M5">26.6666666666667</dst>
            <dst id="ATLAng">6757.89866666667</dst>
            <dst id="CHINng">54489.848</dst>
            <dst id="DNVRng">27422.6053333333</dst>
            <dst id="HSTNng">24986.2213333333</dst>
            <dst id="IPLSng">23567.496</dst>
            <dst id="KSCYng">23007.9946666667</dst>
            <dst id="LOSAng">18661.4773333333</dst>
            <dst id="NYCMng">10415.2373333333</dst>
            <dst id="SNVAng">14443.7866666667</dst>
            <dst id="STTLng">15658.808</dst>
            <dst id="WASHng">32145.208</dst>
        </src>
        <src id="HSTNng">
            <dst id="ATLA-M5">3186.31733333333</dst>
            <dst id="ATLAng">1940.512</dst>
            <dst id="CHINng">14317.5653333333</dst>
            <dst id="DNVRng">6773.34933333333</dst>
            <dst id="HSTNng">2612.34666666667</dst>
            <dst id="IPLSng">179.333333333333</dst>
            <dst id="KSCYng">4801.024</dst>
            <dst id="LOSAng">10887.2613333333</dst>
            <dst id="NYCMng">2558.58133333333</dst>
            <dst id="SNVAng">26.6666666666667</dst>
            <dst id="STTLng">2507.81066666667</dst>
            <dst id="WASHng">1477.056</dst>
        </src>
        <src id="IPLSng">
            <dst id="ATLA-M5">59.6213333333333</dst>
            <dst id="ATLAng">19295.9173333333</dst>
            <dst id="CHINng">79145.7866666667</dst>
            <dst id="DNVRng">5191.69866666667</dst>
            <dst id="HSTNng">789.285333333333</dst>
            <dst id="IPLSng">25711.76</dst>
            <dst id="KSCYng">3079.584</dst>
            <dst id="LOSAng">47502.2</dst>
            <dst id="NYCMng">10300.7466666667</dst>
            <dst id="SNVAng">243.658666666667</dst>
            <dst id="STTLng">10596.3413333333</dst>
            <dst id="WASHng">16089.656</dst>
        </src>
        <src id="KSCYng">
            <dst id="ATLA-M5">0</dst>
            <dst id="ATLAng">1518.46666666667</dst>
            <dst id="CHINng">27856.4533333333</dst>
            <dst id="DNVRng">9801.61866666667</dst>
            <dst id="HSTNng">2236.608</dst>
            <dst id="IPLSng">10437.5226666667</dst>
            <dst id="KSCYng">3502.304</dst>
            <dst id="LOSAng">9693.52533333333</dst>
            <dst id="NYCMng">5688.54933333333</dst>
            <dst id="SNVAng">0</dst>
            <dst id="STTLng">2717.16266666667</dst>
            <dst id="WASHng">6133.224</dst>
        </src>
        <src id="LOSAng">
            <dst id="ATLA-M5">535.338666666667</dst>
            <dst id="ATLAng">7817.312</dst>
            <dst id="CHINng">131329.112</dst>
            <dst id="DNVRng">13623.712</dst>
            <dst id="HSTNng">6068.92533333333</dst>
            <dst id="IPLSng">28586.6933333333</dst>
            <dst id="KSCYng">5565.77333333333</dst>
            <dst id="LOSAng">16624.6293333333</dst>
            <dst id="NYCMng">43670.7973333333</dst>
            <dst id="SNVAng">7122.27733333333</dst>
            <dst id="STTLng">38863.9813333333</dst>
            <dst id="WASHng">90897.992</dst>
        </src>
        <src id="NYCMng">
            <dst id="ATLA-M5">739.992</dst>
            <dst id="ATLAng">27254.0586666667</dst>
            <dst id="CHINng">56091.1306666667</dst>
            <dst id="DNVRng">115335.312</dst>
            <dst id="HSTNng">6940.12266666667</dst>
            <dst id="IPLSng">25928.9946666667</dst>
            <dst id="KSCYng">11080.512</dst>
            <dst id="LOSAng">99389.9093333333</dst>
            <dst id="NYCMng">85190.4853333333</dst>
            <dst id="SNVAng">873.224</dst>
            <dst id="STTLng">25577.6666666667</dst>
            <dst id="WASHng">51888.84</dst>
        </src>
        <src id="SNVAng">
            <dst id="ATLA-M5">0</dst>
            <dst id="ATLAng">0</dst>
            <dst id="CHINng">521.448</dst>
            <dst id="DNVRng">1798.66666666667</dst>
            <dst id="HSTNng">66.8266666666667</dst>
            <dst id="IPLSng">3004.94933333333</dst>
            <dst id="KSCYng">26.6666666666667</dst>
            <dst id="LOSAng">29521.8773333333</dst>
            <dst id="NYCMng">219.114666666667</dst>
            <dst id="SNVAng">8237.56</dst>
            <dst id="STTLng">22129.0586666667</dst>
            <dst id="WASHng">0</dst>
        </src>
        <src id="STTLng">
            <dst id="ATLA-M5">0</dst>
            <dst id="ATLAng">8880.72266666667</dst>
            <dst id="CHINng">32293.552</dst>
            <dst id="DNVRng">2124.97866666667</dst>
            <dst id="HSTNng">432.530666666667</dst>
            <dst id="IPLSng">8201.93066666667</dst>
            <dst id="KSCYng">1603.73066666667</dst>
            <dst id="LOSAng">20803.5493333333</dst>
            <dst id="NYCMng">11027.096</dst>
            <dst id="SNVAng">3770.91466666667</dst>
            <dst id="STTLng">6223.92266666667</dst>
            <dst id="WASHng">4010.464</dst>
        </src>
        <src id="WASHng">
            <dst id="ATLA-M5">82.08</dst>
            <dst id="ATLAng">88849.3013333333</dst>
            <dst id="CHINng">86490.04</dst>
            <dst id="DNVRng">106782.154666667</dst>
            <dst id="HSTNng">13760.3493333333</dst>
            <dst id="IPLSng">45242.44</dst>
            <dst id="KSCYng">17489.8586666667</dst>
            <dst id="LOSAng">109989.685333333</dst>
            <dst id="NYCMng">110972.352</dst>
            <dst id="SNVAng">7427.256</dst>
            <dst id="STTLng">25621.288</dst>
            <dst id="WASHng">318745.706666667</dst>
        </src>
    </IntraTM>
</TrafficMatrixFile>
