<?xml version="1.0" encoding="ISO-8859-1" standalone="yes"?>
<TrafficMatrixFile xsi:noNamespaceSchemaLocation="http://totem.run.montefiore.ulg.ac.be/Schema/TrafficMatrix-v1_2.xsd" xmlns:xsi="http://www.w3.org/2001/XMLSchema-instance">
    <IntraTM ASID="11537">
        <src id="ATLA-M5">
            <dst id="ATLA-M5">0</dst>
            <dst id="ATLAng">299.602666666667</dst>
            <dst id="CHINng">454.922666666667</dst>
            <dst id="DNVRng">193.792</dst>
            <dst id="HSTNng">55.5653333333333</dst>
            <dst id="IPLSng">202.197333333333</dst>
            <dst id="KSCYng">0</dst>
            <dst id="LOSAng">893.109333333333</dst>
            <dst id="NYCMng">0</dst>
            <dst id="SNVAng">0</dst>
            <dst id="STTLng">26.6666666666667</dst>
            <dst id="WASHng">53.3333333333333</dst>
        </src>
        <src id="ATLAng">
            <dst id="ATLA-M5">61.6293333333333</dst>
            <dst id="ATLAng">34201.432</dst>
            <dst id="CHINng">5634.58933333333</dst>
            <dst id="DNVRng">9249.94666666667</dst>
            <dst id="HSTNng">340.173333333333</dst>
            <dst id="IPLSng">12955.3653333333</dst>
            <dst id="KSCYng">615.506666666667</dst>
            <dst id="LOSAng">19292.704</dst>
            <dst id="NYCMng">3633.832</dst>
            <dst id="SNVAng">13.3333333333333</dst>
            <dst id="STTLng">11275.7813333333</dst>
            <dst id="WASHng">38289.2666666667</dst>
        </src>
        <src id="CHINng">
            <dst id="ATLA-M5">208.981333333333</dst>
            <dst id="ATLAng">31690.5093333333</dst>
            <dst id="CHINng">57325.1786666667</dst>
            <dst id="DNVRng">11600.1733333333</dst>
            <dst id="HSTNng">7438.64</dst>
            <dst id="IPLSng">21640.88</dst>
            <dst id="KSCYng">3964.54666666667</dst>
            <dst id="LOSAng">60540.9786666667</dst>
            <dst id="NYCMng">2496.48266666667</dst>
            <dst id="SNVAng">804.656</dst>
            <dst id="STTLng">9789.07733333334</dst>
            <dst id="WASHng">13510.0266666667</dst>
        </src>
        <src id="DNVRng">
            <dst id="ATLA-M5">160.586666666667</dst>
            <dst id="ATLAng">4235.22133333333</dst>
            <dst id="CHINng">38984.6026666667</dst>
            <dst id="DNVRng">12152.3626666667</dst>
            <dst id="HSTNng">22680.872</dst>
            <dst id="IPLSng">20641.36</dst>
            <dst id="KSCYng">27747.6106666667</dst>
            <dst id="LOSAng">16724.944</dst>
            <dst id="NYCMng">13317.5493333333</dst>
            <dst id="SNVAng">11464.2506666667</dst>
            <dst id="STTLng">11326.9813333333</dst>
            <dst id="WASHng">39679.832</dst>
        </src>
        <src id="HSTNng">
            <dst id="ATLA-M5">263.125333333333</dst>
            <dst id="ATLAng">13006.4106666667</dst>
            <dst id="CHINng">6263.14666666667</dst>
            <dst id="DNVRng">2668.04</dst>
            <dst id="HSTNng">6557.09333333333</dst>
            <dst id="IPLSng">540.645333333333</dst>
            <dst id="KSCYng">1319.73866666667</dst>
            <dst id="LOSAng">9442.04266666667</dst>
            <dst id="NYCMng">4561.09066666667</dst>
            <dst id="SNVAng">26.6666666666667</dst>
            <dst id="STTLng">7885.73333333334</dst>
            <dst id="WASHng">3550.96</dst>
        </src>
        <src id="IPLSng">
            <dst id="ATLA-M5">0</dst>
            <dst id="ATLAng">19490.6533333333</dst>
            <dst id="CHINng">34365.7493333333</dst>
            <dst id="DNVRng">3787.86666666667</dst>
            <dst id="HSTNng">970.738666666667</dst>
            <dst id="IPLSng">7681.01333333333</dst>
            <dst id="KSCYng">3926.59733333333</dst>
            <dst id="LOSAng">59567.376</dst>
            <dst id="NYCMng">32988.216</dst>
            <dst id="SNVAng">292.282666666667</dst>
            <dst id="STTLng">9127.29066666667</dst>
            <dst id="WASHng">5865.304</dst>
        </src>
        <src id="KSCYng">
            <dst id="ATLA-M5">0</dst>
            <dst id="ATLAng">1354.416</dst>
            <dst id="CHINng">14294.68</dst>
            <dst id="DNVRng">16957.1093333333</dst>
            <dst id="HSTNng">4243.632</dst>
            <dst id="IPLSng">8501.52266666667</dst>
            <dst id="KSCYng">3613.03466666667</dst>
            <dst id="LOSAng">8940.312</dst>
            <dst id="NYCMng">5155.30933333333</dst>
            <dst id="SNVAng">324.762666666667</dst>
            <dst id="STTLng">3544.09333333333</dst>
            <dst id="WASHng">5548.872</dst>
        </src>
        <src id="LOSAng">
            <dst id="ATLA-M5">74.4906666666667</dst>
            <dst id="ATLAng">53420.04</dst>
            <dst id="CHINng">74828.0533333333</dst>
            <dst id="DNVRng">8082.936</dst>
            <dst id="HSTNng">12837.008</dst>
            <dst id="IPLSng">26351.3066666667</dst>
            <dst id="KSCYng">1995.312</dst>
            <dst id="LOSAng">19898.5546666667</dst>
            <dst id="NYCMng">64949.9226666667</dst>
            <dst id="SNVAng">9318.35733333333</dst>
            <dst id="STTLng">50004.1013333333</dst>
            <dst id="WASHng">97478.6106666667</dst>
        </src>
        <src id="NYCMng">
            <dst id="ATLA-M5">35.064</dst>
            <dst id="ATLAng">34891.464</dst>
            <dst id="CHINng">35723.5226666667</dst>
            <dst id="DNVRng">26249.5333333333</dst>
            <dst id="HSTNng">6639.336</dst>
            <dst id="IPLSng">45680.6186666667</dst>
            <dst id="KSCYng">8228.33333333333</dst>
            <dst id="LOSAng">87961.5226666667</dst>
            <dst id="NYCMng">86911.248</dst>
            <dst id="SNVAng">978.349333333333</dst>
            <dst id="STTLng">28535.16</dst>
            <dst id="WASHng">70119.248</dst>
        </src>
        <src id="SNVAng">
            <dst id="ATLA-M5">0</dst>
            <dst id="ATLAng">26.6666666666667</dst>
            <dst id="CHINng">359.696</dst>
            <dst id="DNVRng">270.810666666667</dst>
            <dst id="HSTNng">123.541333333333</dst>
            <dst id="IPLSng">9944.18933333333</dst>
            <dst id="KSCYng">141.866666666667</dst>
            <dst id="LOSAng">39072.936</dst>
            <dst id="NYCMng">8707.104</dst>
            <dst id="SNVAng">10702.0373333333</dst>
            <dst id="STTLng">34281.8</dst>
            <dst id="WASHng">106.666666666667</dst>
        </src>
        <src id="STTLng">
            <dst id="ATLA-M5">0</dst>
            <dst id="ATLAng">7512.144</dst>
            <dst id="CHINng">13801.008</dst>
            <dst id="DNVRng">3106.84</dst>
            <dst id="HSTNng">2162.968</dst>
            <dst id="IPLSng">5539.104</dst>
            <dst id="KSCYng">3744.432</dst>
            <dst id="LOSAng">34812.1786666667</dst>
            <dst id="NYCMng">10566.2346666667</dst>
            <dst id="SNVAng">6068.41066666667</dst>
            <dst id="STTLng">1722.97333333333</dst>
            <dst id="WASHng">5631.67466666667</dst>
        </src>
        <src id="WASHng">
            <dst id="ATLA-M5">1103.09333333333</dst>
            <dst id="ATLAng">136994.005333333</dst>
            <dst id="CHINng">62123.496</dst>
            <dst id="DNVRng">58936.5493333333</dst>
            <dst id="HSTNng">19164.336</dst>
            <dst id="IPLSng">20522.512</dst>
            <dst id="KSCYng">10411.752</dst>
            <dst id="LOSAng">125534.106666667</dst>
            <dst id="NYCMng">200044.986666667</dst>
            <dst id="SNVAng">306.346666666667</dst>
            <dst id="STTLng">29516.1173333333</dst>
            <dst id="WASHng">139057.88</dst>
        </src>
    </IntraTM>
</TrafficMatrixFile>
