<?xml version="1.0" encoding="ISO-8859-1" standalone="yes"?>
<TrafficMatrixFile xsi:noNamespaceSchemaLocation="http://totem.run.montefiore.ulg.ac.be/Schema/TrafficMatrix-v1_2.xsd" xmlns:xsi="http://www.w3.org/2001/XMLSchema-instance">
    <IntraTM ASID="11537">
        <src id="ATLA-M5">
            <dst id="ATLA-M5">0</dst>
            <dst id="ATLAng">154.496</dst>
            <dst id="CHINng">139.301333333333</dst>
            <dst id="DNVRng">26.6666666666667</dst>
            <dst id="HSTNng">53.3333333333333</dst>
            <dst id="IPLSng">343.888</dst>
            <dst id="KSCYng">26.6666666666667</dst>
            <dst id="LOSAng">178.021333333333</dst>
            <dst id="NYCMng">53.3333333333333</dst>
            <dst id="SNVAng">31.4506666666667</dst>
            <dst id="STTLng">0</dst>
            <dst id="WASHng">1121.992</dst>
        </src>
        <src id="ATLAng">
            <dst id="ATLA-M5">1599.392</dst>
            <dst id="ATLAng">44010.2906666667</dst>
            <dst id="CHINng">5483.15466666667</dst>
            <dst id="DNVRng">3877.65333333333</dst>
            <dst id="HSTNng">1173.11466666667</dst>
            <dst id="IPLSng">11282.0666666667</dst>
            <dst id="KSCYng">688.424</dst>
            <dst id="LOSAng">15934.5786666667</dst>
            <dst id="NYCMng">5799.46133333333</dst>
            <dst id="SNVAng">304.704</dst>
            <dst id="STTLng">4192.73866666667</dst>
            <dst id="WASHng">37151.1573333333</dst>
        </src>
        <src id="CHINng">
            <dst id="ATLA-M5">69.8666666666667</dst>
            <dst id="ATLAng">26653.9333333333</dst>
            <dst id="CHINng">76382.1146666667</dst>
            <dst id="DNVRng">14844.52</dst>
            <dst id="HSTNng">8411.38133333333</dst>
            <dst id="IPLSng">20469.4853333333</dst>
            <dst id="KSCYng">11970.056</dst>
            <dst id="LOSAng">43391.6906666667</dst>
            <dst id="NYCMng">6168.57866666667</dst>
            <dst id="SNVAng">268.728</dst>
            <dst id="STTLng">7902.41333333333</dst>
            <dst id="WASHng">13092.4213333333</dst>
        </src>
        <src id="DNVRng">
            <dst id="ATLA-M5">80.1066666666667</dst>
            <dst id="ATLAng">3131.888</dst>
            <dst id="CHINng">55425.9333333333</dst>
            <dst id="DNVRng">11597.8</dst>
            <dst id="HSTNng">18718.8986666667</dst>
            <dst id="IPLSng">20961.88</dst>
            <dst id="KSCYng">15607.3626666667</dst>
            <dst id="LOSAng">13796.8986666667</dst>
            <dst id="NYCMng">13971.008</dst>
            <dst id="SNVAng">8357.70666666667</dst>
            <dst id="STTLng">7955.74133333333</dst>
            <dst id="WASHng">36010.816</dst>
        </src>
        <src id="HSTNng">
            <dst id="ATLA-M5">349.429333333333</dst>
            <dst id="ATLAng">20574.7333333333</dst>
            <dst id="CHINng">15234.2613333333</dst>
            <dst id="DNVRng">1897.47466666667</dst>
            <dst id="HSTNng">4724.90666666667</dst>
            <dst id="IPLSng">638.402666666667</dst>
            <dst id="KSCYng">3215.89333333333</dst>
            <dst id="LOSAng">8154.25066666666</dst>
            <dst id="NYCMng">1952.94666666667</dst>
            <dst id="SNVAng">0</dst>
            <dst id="STTLng">1421.65066666667</dst>
            <dst id="WASHng">2793.69866666667</dst>
        </src>
        <src id="IPLSng">
            <dst id="ATLA-M5">0</dst>
            <dst id="ATLAng">8878.496</dst>
            <dst id="CHINng">77609.2346666667</dst>
            <dst id="DNVRng">6025.552</dst>
            <dst id="HSTNng">1837.18133333333</dst>
            <dst id="IPLSng">11434.4906666667</dst>
            <dst id="KSCYng">2548.144</dst>
            <dst id="LOSAng">56483.4746666667</dst>
            <dst id="NYCMng">20115.2293333333</dst>
            <dst id="SNVAng">1171.24</dst>
            <dst id="STTLng">14330.7866666667</dst>
            <dst id="WASHng">11633.1386666667</dst>
        </src>
        <src id="KSCYng">
            <dst id="ATLA-M5">0</dst>
            <dst id="ATLAng">1390.56533333333</dst>
            <dst id="CHINng">19354.032</dst>
            <dst id="DNVRng">14962.112</dst>
            <dst id="HSTNng">2322.86133333333</dst>
            <dst id="IPLSng">15948.7253333333</dst>
            <dst id="KSCYng">4394.51733333333</dst>
            <dst id="LOSAng">8512.704</dst>
            <dst id="NYCMng">2836.77333333333</dst>
            <dst id="SNVAng">55.1493333333333</dst>
            <dst id="STTLng">3234.30666666667</dst>
            <dst id="WASHng">6991.02133333333</dst>
        </src>
        <src id="LOSAng">
            <dst id="ATLA-M5">511.797333333333</dst>
            <dst id="ATLAng">40332.9413333333</dst>
            <dst id="CHINng">116400.504</dst>
            <dst id="DNVRng">6202.13866666667</dst>
            <dst id="HSTNng">6709.82666666667</dst>
            <dst id="IPLSng">21926.5173333333</dst>
            <dst id="KSCYng">2146.25333333333</dst>
            <dst id="LOSAng">21300.144</dst>
            <dst id="NYCMng">63295.1386666667</dst>
            <dst id="SNVAng">6250.224</dst>
            <dst id="STTLng">39369.6213333333</dst>
            <dst id="WASHng">112243.538666667</dst>
        </src>
        <src id="NYCMng">
            <dst id="ATLA-M5">639.736</dst>
            <dst id="ATLAng">32424.7386666667</dst>
            <dst id="CHINng">49400.0933333333</dst>
            <dst id="DNVRng">22117.848</dst>
            <dst id="HSTNng">7697.21333333333</dst>
            <dst id="IPLSng">23287.4346666667</dst>
            <dst id="KSCYng">6157.44533333333</dst>
            <dst id="LOSAng">88115.9626666667</dst>
            <dst id="NYCMng">108581.04</dst>
            <dst id="SNVAng">1488.89066666667</dst>
            <dst id="STTLng">25783.616</dst>
            <dst id="WASHng">61962.5653333333</dst>
        </src>
        <src id="SNVAng">
            <dst id="ATLA-M5">0</dst>
            <dst id="ATLAng">63.712</dst>
            <dst id="CHINng">184.861333333333</dst>
            <dst id="DNVRng">402.626666666667</dst>
            <dst id="HSTNng">130.901333333333</dst>
            <dst id="IPLSng">1159.952</dst>
            <dst id="KSCYng">93.9866666666667</dst>
            <dst id="LOSAng">39250.0933333333</dst>
            <dst id="NYCMng">526.349333333333</dst>
            <dst id="SNVAng">9219.864</dst>
            <dst id="STTLng">27083.4373333333</dst>
            <dst id="WASHng">143.317333333333</dst>
        </src>
        <src id="STTLng">
            <dst id="ATLA-M5">0</dst>
            <dst id="ATLAng">8631.768</dst>
            <dst id="CHINng">22695.0853333333</dst>
            <dst id="DNVRng">1738.14133333333</dst>
            <dst id="HSTNng">1752.54666666667</dst>
            <dst id="IPLSng">10435.216</dst>
            <dst id="KSCYng">2231.73866666667</dst>
            <dst id="LOSAng">31071.2133333333</dst>
            <dst id="NYCMng">15961.408</dst>
            <dst id="SNVAng">3660.10133333333</dst>
            <dst id="STTLng">2936.92533333333</dst>
            <dst id="WASHng">13881.4266666667</dst>
        </src>
        <src id="WASHng">
            <dst id="ATLA-M5">53.3333333333333</dst>
            <dst id="ATLAng">69721.5493333333</dst>
            <dst id="CHINng">78516.736</dst>
            <dst id="DNVRng">58036.5653333333</dst>
            <dst id="HSTNng">26138.6453333333</dst>
            <dst id="IPLSng">30600.96</dst>
            <dst id="KSCYng">14785.8746666667</dst>
            <dst id="LOSAng">131557.493333333</dst>
            <dst id="NYCMng">203312.888</dst>
            <dst id="SNVAng">2268.84266666667</dst>
            <dst id="STTLng">38520.752</dst>
            <dst id="WASHng">222942.232</dst>
        </src>
    </IntraTM>
</TrafficMatrixFile>
