<?xml version="1.0" encoding="ISO-8859-1" standalone="yes"?>
<TrafficMatrixFile xsi:noNamespaceSchemaLocation="http://totem.run.montefiore.ulg.ac.be/Schema/TrafficMatrix-v1_2.xsd" xmlns:xsi="http://www.w3.org/2001/XMLSchema-instance">
    <IntraTM ASID="11537">
        <src id="ATLA-M5">
            <dst id="ATLA-M5">207.970666666667</dst>
            <dst id="ATLAng">423.965333333333</dst>
            <dst id="CHINng">494.24</dst>
            <dst id="DNVRng">80.656</dst>
            <dst id="HSTNng">316.76</dst>
            <dst id="IPLSng">350.061333333333</dst>
            <dst id="KSCYng">80</dst>
            <dst id="LOSAng">1070.44</dst>
            <dst id="NYCMng">1751.08266666667</dst>
            <dst id="SNVAng">0</dst>
            <dst id="STTLng">26.6666666666667</dst>
            <dst id="WASHng">1395.46933333333</dst>
        </src>
        <src id="ATLAng">
            <dst id="ATLA-M5">265.285333333333</dst>
            <dst id="ATLAng">58432.7226666667</dst>
            <dst id="CHINng">23120.7333333333</dst>
            <dst id="DNVRng">6117.616</dst>
            <dst id="HSTNng">8643.33333333333</dst>
            <dst id="IPLSng">17085.256</dst>
            <dst id="KSCYng">4436.112</dst>
            <dst id="LOSAng">18759.2413333333</dst>
            <dst id="NYCMng">9451.60533333333</dst>
            <dst id="SNVAng">161.830666666667</dst>
            <dst id="STTLng">6017.464</dst>
            <dst id="WASHng">48025.456</dst>
        </src>
        <src id="CHINng">
            <dst id="ATLA-M5">327.477333333333</dst>
            <dst id="ATLAng">16723.784</dst>
            <dst id="CHINng">135679.885333333</dst>
            <dst id="DNVRng">17596.0533333333</dst>
            <dst id="HSTNng">13619.456</dst>
            <dst id="IPLSng">49351.3626666667</dst>
            <dst id="KSCYng">13280.184</dst>
            <dst id="LOSAng">64746.0106666667</dst>
            <dst id="NYCMng">15214.1893333333</dst>
            <dst id="SNVAng">1607.056</dst>
            <dst id="STTLng">11100.6773333333</dst>
            <dst id="WASHng">38931.36</dst>
        </src>
        <src id="DNVRng">
            <dst id="ATLA-M5">82.496</dst>
            <dst id="ATLAng">21977.4453333333</dst>
            <dst id="CHINng">49957.384</dst>
            <dst id="DNVRng">29566.456</dst>
            <dst id="HSTNng">42455.7706666667</dst>
            <dst id="IPLSng">30049.192</dst>
            <dst id="KSCYng">28363.624</dst>
            <dst id="LOSAng">16790.6266666667</dst>
            <dst id="NYCMng">22821.64</dst>
            <dst id="SNVAng">13953.1173333333</dst>
            <dst id="STTLng">18582.384</dst>
            <dst id="WASHng">32483.7226666667</dst>
        </src>
        <src id="HSTNng">
            <dst id="ATLA-M5">1114.72</dst>
            <dst id="ATLAng">9436.74666666667</dst>
            <dst id="CHINng">19335.184</dst>
            <dst id="DNVRng">8480.152</dst>
            <dst id="HSTNng">9187.248</dst>
            <dst id="IPLSng">10463.2213333333</dst>
            <dst id="KSCYng">1937.256</dst>
            <dst id="LOSAng">19202.7546666667</dst>
            <dst id="NYCMng">8215.32266666667</dst>
            <dst id="SNVAng">274.28</dst>
            <dst id="STTLng">899.066666666667</dst>
            <dst id="WASHng">3454.944</dst>
        </src>
        <src id="IPLSng">
            <dst id="ATLA-M5">620.229333333333</dst>
            <dst id="ATLAng">15561.5786666667</dst>
            <dst id="CHINng">84946.8613333333</dst>
            <dst id="DNVRng">11314.7173333333</dst>
            <dst id="HSTNng">5864.25066666667</dst>
            <dst id="IPLSng">53418.6213333333</dst>
            <dst id="KSCYng">8740.224</dst>
            <dst id="LOSAng">63369.848</dst>
            <dst id="NYCMng">29427.76</dst>
            <dst id="SNVAng">1110.61866666667</dst>
            <dst id="STTLng">8788.66933333334</dst>
            <dst id="WASHng">41840.712</dst>
        </src>
        <src id="KSCYng">
            <dst id="ATLA-M5">53.3333333333333</dst>
            <dst id="ATLAng">6863.05066666667</dst>
            <dst id="CHINng">26527.7466666667</dst>
            <dst id="DNVRng">8467.728</dst>
            <dst id="HSTNng">4658.91733333333</dst>
            <dst id="IPLSng">26325.2773333333</dst>
            <dst id="KSCYng">10399.9546666667</dst>
            <dst id="LOSAng">13260.736</dst>
            <dst id="NYCMng">4246.92533333333</dst>
            <dst id="SNVAng">352.285333333333</dst>
            <dst id="STTLng">2283.81333333333</dst>
            <dst id="WASHng">12735.584</dst>
        </src>
        <src id="LOSAng">
            <dst id="ATLA-M5">868.856</dst>
            <dst id="ATLAng">34827.4773333333</dst>
            <dst id="CHINng">101329.450666667</dst>
            <dst id="DNVRng">25011.072</dst>
            <dst id="HSTNng">15749.1093333333</dst>
            <dst id="IPLSng">53491.0986666667</dst>
            <dst id="KSCYng">10433.464</dst>
            <dst id="LOSAng">12494.5306666667</dst>
            <dst id="NYCMng">83666.3786666667</dst>
            <dst id="SNVAng">16598.2133333333</dst>
            <dst id="STTLng">56937.2373333333</dst>
            <dst id="WASHng">103741.306666667</dst>
        </src>
        <src id="NYCMng">
            <dst id="ATLA-M5">763.288</dst>
            <dst id="ATLAng">62257.1093333333</dst>
            <dst id="CHINng">38600.7413333333</dst>
            <dst id="DNVRng">124137.608</dst>
            <dst id="HSTNng">12066.8826666667</dst>
            <dst id="IPLSng">49328.7493333333</dst>
            <dst id="KSCYng">29318.0933333333</dst>
            <dst id="LOSAng">109280.032</dst>
            <dst id="NYCMng">104114.544</dst>
            <dst id="SNVAng">4296.50933333333</dst>
            <dst id="STTLng">23818.3386666667</dst>
            <dst id="WASHng">75943.7813333333</dst>
        </src>
        <src id="SNVAng">
            <dst id="ATLA-M5">0</dst>
            <dst id="ATLAng">213.944</dst>
            <dst id="CHINng">788.082666666667</dst>
            <dst id="DNVRng">5269.13066666667</dst>
            <dst id="HSTNng">239.733333333333</dst>
            <dst id="IPLSng">3016.17333333333</dst>
            <dst id="KSCYng">17581.232</dst>
            <dst id="LOSAng">33680.936</dst>
            <dst id="NYCMng">669.024</dst>
            <dst id="SNVAng">8245.69333333333</dst>
            <dst id="STTLng">32121.176</dst>
            <dst id="WASHng">106.858666666667</dst>
        </src>
        <src id="STTLng">
            <dst id="ATLA-M5">53.3333333333333</dst>
            <dst id="ATLAng">13301.3146666667</dst>
            <dst id="CHINng">17787.6853333333</dst>
            <dst id="DNVRng">6542.05866666667</dst>
            <dst id="HSTNng">5224.008</dst>
            <dst id="IPLSng">15985.9306666667</dst>
            <dst id="KSCYng">6500.54666666667</dst>
            <dst id="LOSAng">41724.4826666667</dst>
            <dst id="NYCMng">15688.6453333333</dst>
            <dst id="SNVAng">5864.864</dst>
            <dst id="STTLng">8057.52</dst>
            <dst id="WASHng">17227.1493333333</dst>
        </src>
        <src id="WASHng">
            <dst id="ATLA-M5">1032.18133333333</dst>
            <dst id="ATLAng">107057.562666667</dst>
            <dst id="CHINng">76676.7066666667</dst>
            <dst id="DNVRng">92280.416</dst>
            <dst id="HSTNng">30146.7893333333</dst>
            <dst id="IPLSng">96138.04</dst>
            <dst id="KSCYng">31103.1173333333</dst>
            <dst id="LOSAng">117696.485333333</dst>
            <dst id="NYCMng">138446.701333333</dst>
            <dst id="SNVAng">10316.088</dst>
            <dst id="STTLng">41670.1626666667</dst>
            <dst id="WASHng">284333.786666667</dst>
        </src>
    </IntraTM>
</TrafficMatrixFile>
