<?xml version="1.0" encoding="ISO-8859-1" standalone="yes"?>
<TrafficMatrixFile xsi:noNamespaceSchemaLocation="http://totem.run.montefiore.ulg.ac.be/Schema/TrafficMatrix-v1_2.xsd" xmlns:xsi="http://www.w3.org/2001/XMLSchema-instance">
    <IntraTM ASID="11537">
        <src id="ATLA-M5">
            <dst id="ATLA-M5">224.776</dst>
            <dst id="ATLAng">469.293333333333</dst>
            <dst id="CHINng">118.322666666667</dst>
            <dst id="DNVRng">26.6666666666667</dst>
            <dst id="HSTNng">53.3333333333333</dst>
            <dst id="IPLSng">0</dst>
            <dst id="KSCYng">1355.90133333333</dst>
            <dst id="LOSAng">378.624</dst>
            <dst id="NYCMng">26.6666666666667</dst>
            <dst id="SNVAng">0</dst>
            <dst id="STTLng">74.392</dst>
            <dst id="WASHng">809.432</dst>
        </src>
        <src id="ATLAng">
            <dst id="ATLA-M5">131.504</dst>
            <dst id="ATLAng">42331.8986666667</dst>
            <dst id="CHINng">7304.49333333333</dst>
            <dst id="DNVRng">10037.4053333333</dst>
            <dst id="HSTNng">2767.82133333333</dst>
            <dst id="IPLSng">10187.7333333333</dst>
            <dst id="KSCYng">9387.2</dst>
            <dst id="LOSAng">20305.5293333333</dst>
            <dst id="NYCMng">4988.74666666667</dst>
            <dst id="SNVAng">578.121333333333</dst>
            <dst id="STTLng">6903.94666666667</dst>
            <dst id="WASHng">25284.2613333333</dst>
        </src>
        <src id="CHINng">
            <dst id="ATLA-M5">85.7626666666667</dst>
            <dst id="ATLAng">17416.696</dst>
            <dst id="CHINng">83579.936</dst>
            <dst id="DNVRng">17090.536</dst>
            <dst id="HSTNng">7391.88</dst>
            <dst id="IPLSng">52530.0026666667</dst>
            <dst id="KSCYng">6263.744</dst>
            <dst id="LOSAng">57557.4506666667</dst>
            <dst id="NYCMng">7611.67733333333</dst>
            <dst id="SNVAng">2562.49066666667</dst>
            <dst id="STTLng">17232</dst>
            <dst id="WASHng">22031.152</dst>
        </src>
        <src id="DNVRng">
            <dst id="ATLA-M5">127.84</dst>
            <dst id="ATLAng">9173.10933333333</dst>
            <dst id="CHINng">48847.0373333333</dst>
            <dst id="DNVRng">10444.3093333333</dst>
            <dst id="HSTNng">21032.872</dst>
            <dst id="IPLSng">24775.1813333333</dst>
            <dst id="KSCYng">21499.5386666667</dst>
            <dst id="LOSAng">11873.016</dst>
            <dst id="NYCMng">19627.0666666667</dst>
            <dst id="SNVAng">7652.11733333333</dst>
            <dst id="STTLng">19508.6933333333</dst>
            <dst id="WASHng">29551.4373333333</dst>
        </src>
        <src id="HSTNng">
            <dst id="ATLA-M5">1082.57066666667</dst>
            <dst id="ATLAng">2047.24266666667</dst>
            <dst id="CHINng">11189.416</dst>
            <dst id="DNVRng">2473.97333333333</dst>
            <dst id="HSTNng">15485.2906666667</dst>
            <dst id="IPLSng">9174.36266666667</dst>
            <dst id="KSCYng">2275.576</dst>
            <dst id="LOSAng">18093.096</dst>
            <dst id="NYCMng">677.922666666667</dst>
            <dst id="SNVAng">36</dst>
            <dst id="STTLng">1974.368</dst>
            <dst id="WASHng">6592.74666666667</dst>
        </src>
        <src id="IPLSng">
            <dst id="ATLA-M5">82.0026666666667</dst>
            <dst id="ATLAng">10416.6453333333</dst>
            <dst id="CHINng">63182.104</dst>
            <dst id="DNVRng">7394.92266666667</dst>
            <dst id="HSTNng">3266.19466666667</dst>
            <dst id="IPLSng">72516.352</dst>
            <dst id="KSCYng">3704.66666666667</dst>
            <dst id="LOSAng">65233.336</dst>
            <dst id="NYCMng">21031.7093333333</dst>
            <dst id="SNVAng">2168.47733333333</dst>
            <dst id="STTLng">12354.1173333333</dst>
            <dst id="WASHng">15583.064</dst>
        </src>
        <src id="KSCYng">
            <dst id="ATLA-M5">31.5173333333333</dst>
            <dst id="ATLAng">3708.31466666667</dst>
            <dst id="CHINng">51302.5226666667</dst>
            <dst id="DNVRng">7660.27733333333</dst>
            <dst id="HSTNng">9298.35733333333</dst>
            <dst id="IPLSng">28496.264</dst>
            <dst id="KSCYng">5119.13333333333</dst>
            <dst id="LOSAng">7392.352</dst>
            <dst id="NYCMng">3221.76266666667</dst>
            <dst id="SNVAng">198.728</dst>
            <dst id="STTLng">1819.65333333333</dst>
            <dst id="WASHng">6378.06133333333</dst>
        </src>
        <src id="LOSAng">
            <dst id="ATLA-M5">116.181333333333</dst>
            <dst id="ATLAng">19187.7066666667</dst>
            <dst id="CHINng">86479.3733333333</dst>
            <dst id="DNVRng">13879.576</dst>
            <dst id="HSTNng">7010.53866666667</dst>
            <dst id="IPLSng">67639.1653333333</dst>
            <dst id="KSCYng">6113.08</dst>
            <dst id="LOSAng">18236.856</dst>
            <dst id="NYCMng">92372.28</dst>
            <dst id="SNVAng">11289.3306666667</dst>
            <dst id="STTLng">65596.9066666667</dst>
            <dst id="WASHng">99063.272</dst>
        </src>
        <src id="NYCMng">
            <dst id="ATLA-M5">378.933333333333</dst>
            <dst id="ATLAng">44472.3546666667</dst>
            <dst id="CHINng">34856.0533333333</dst>
            <dst id="DNVRng">125397.045333333</dst>
            <dst id="HSTNng">9179.648</dst>
            <dst id="IPLSng">61184.224</dst>
            <dst id="KSCYng">18174.7173333333</dst>
            <dst id="LOSAng">112108.482666667</dst>
            <dst id="NYCMng">73173.9626666667</dst>
            <dst id="SNVAng">5657.11466666667</dst>
            <dst id="STTLng">25812.584</dst>
            <dst id="WASHng">66960.3333333333</dst>
        </src>
        <src id="SNVAng">
            <dst id="ATLA-M5">0</dst>
            <dst id="ATLAng">64.7253333333333</dst>
            <dst id="CHINng">157.218666666667</dst>
            <dst id="DNVRng">13930.6773333333</dst>
            <dst id="HSTNng">106.666666666667</dst>
            <dst id="IPLSng">271.474666666667</dst>
            <dst id="KSCYng">0</dst>
            <dst id="LOSAng">39645.56</dst>
            <dst id="NYCMng">150.4</dst>
            <dst id="SNVAng">7648.224</dst>
            <dst id="STTLng">23595.5893333333</dst>
            <dst id="WASHng">80</dst>
        </src>
        <src id="STTLng">
            <dst id="ATLA-M5">53.3333333333333</dst>
            <dst id="ATLAng">11662.464</dst>
            <dst id="CHINng">15478.368</dst>
            <dst id="DNVRng">2699.14933333333</dst>
            <dst id="HSTNng">2714.42666666667</dst>
            <dst id="IPLSng">7784.76533333333</dst>
            <dst id="KSCYng">3114.34666666667</dst>
            <dst id="LOSAng">32211.4933333333</dst>
            <dst id="NYCMng">13123.8346666667</dst>
            <dst id="SNVAng">3440.85333333333</dst>
            <dst id="STTLng">5051.352</dst>
            <dst id="WASHng">9162.32533333333</dst>
        </src>
        <src id="WASHng">
            <dst id="ATLA-M5">1142.44</dst>
            <dst id="ATLAng">94076.3866666667</dst>
            <dst id="CHINng">73004.5173333333</dst>
            <dst id="DNVRng">69635.1573333333</dst>
            <dst id="HSTNng">35818.448</dst>
            <dst id="IPLSng">46805.696</dst>
            <dst id="KSCYng">14295.12</dst>
            <dst id="LOSAng">120252.394666667</dst>
            <dst id="NYCMng">143350.626666667</dst>
            <dst id="SNVAng">10004.6746666667</dst>
            <dst id="STTLng">27716.8053333333</dst>
            <dst id="WASHng">228074.458666667</dst>
        </src>
    </IntraTM>
</TrafficMatrixFile>
