<?xml version="1.0" encoding="ISO-8859-1" standalone="yes"?>
<TrafficMatrixFile xsi:noNamespaceSchemaLocation="http://totem.run.montefiore.ulg.ac.be/Schema/TrafficMatrix-v1_2.xsd" xmlns:xsi="http://www.w3.org/2001/XMLSchema-instance">
    <IntraTM ASID="11537">
        <src id="ATLA-M5">
            <dst id="ATLA-M5">0</dst>
            <dst id="ATLAng">26.6666666666667</dst>
            <dst id="CHINng">3817.58933333333</dst>
            <dst id="DNVRng">26.6666666666667</dst>
            <dst id="HSTNng">132.730666666667</dst>
            <dst id="IPLSng">1403.50666666667</dst>
            <dst id="KSCYng">1386.39733333333</dst>
            <dst id="LOSAng">1506.80533333333</dst>
            <dst id="NYCMng">0</dst>
            <dst id="SNVAng">0</dst>
            <dst id="STTLng">149.906666666667</dst>
            <dst id="WASHng">510.229333333333</dst>
        </src>
        <src id="ATLAng">
            <dst id="ATLA-M5">89.7866666666667</dst>
            <dst id="ATLAng">34806.9093333333</dst>
            <dst id="CHINng">5110.91466666667</dst>
            <dst id="DNVRng">4370.016</dst>
            <dst id="HSTNng">844.002666666667</dst>
            <dst id="IPLSng">9909.768</dst>
            <dst id="KSCYng">658.226666666667</dst>
            <dst id="LOSAng">15578.468</dst>
            <dst id="NYCMng">5266.94133333333</dst>
            <dst id="SNVAng">510.494666666667</dst>
            <dst id="STTLng">5838.32266666667</dst>
            <dst id="WASHng">22858.848</dst>
        </src>
        <src id="CHINng">
            <dst id="ATLA-M5">786.282666666667</dst>
            <dst id="ATLAng">21443.312</dst>
            <dst id="CHINng">182381.386666667</dst>
            <dst id="DNVRng">16411.5626666667</dst>
            <dst id="HSTNng">4267.66933333333</dst>
            <dst id="IPLSng">53268.376</dst>
            <dst id="KSCYng">3795.232</dst>
            <dst id="LOSAng">54511.768</dst>
            <dst id="NYCMng">18621.9013333333</dst>
            <dst id="SNVAng">1268.34933333333</dst>
            <dst id="STTLng">6431.8</dst>
            <dst id="WASHng">12824.3653333333</dst>
        </src>
        <src id="DNVRng">
            <dst id="ATLA-M5">248.949333333333</dst>
            <dst id="ATLAng">10559.4693333333</dst>
            <dst id="CHINng">41843.2026666667</dst>
            <dst id="DNVRng">7356.056</dst>
            <dst id="HSTNng">25300.2746666667</dst>
            <dst id="IPLSng">27990.7546666667</dst>
            <dst id="KSCYng">16700.8053333333</dst>
            <dst id="LOSAng">6486.61066666667</dst>
            <dst id="NYCMng">10866.0533333333</dst>
            <dst id="SNVAng">14077.4853333333</dst>
            <dst id="STTLng">15867.56</dst>
            <dst id="WASHng">29979.4453333333</dst>
        </src>
        <src id="HSTNng">
            <dst id="ATLA-M5">2572.27733333333</dst>
            <dst id="ATLAng">2368.41066666667</dst>
            <dst id="CHINng">11100.9946666667</dst>
            <dst id="DNVRng">1744.912</dst>
            <dst id="HSTNng">2546.93066666667</dst>
            <dst id="IPLSng">785.565333333333</dst>
            <dst id="KSCYng">2229.656</dst>
            <dst id="LOSAng">17259.9813333333</dst>
            <dst id="NYCMng">2278.64533333333</dst>
            <dst id="SNVAng">26.6666666666667</dst>
            <dst id="STTLng">1687.86133333333</dst>
            <dst id="WASHng">5783.27733333333</dst>
        </src>
        <src id="IPLSng">
            <dst id="ATLA-M5">54.0666666666667</dst>
            <dst id="ATLAng">10480.1866666667</dst>
            <dst id="CHINng">62436.424</dst>
            <dst id="DNVRng">3169.096</dst>
            <dst id="HSTNng">2006.33066666667</dst>
            <dst id="IPLSng">24339.1386666667</dst>
            <dst id="KSCYng">3313.192</dst>
            <dst id="LOSAng">54082.864</dst>
            <dst id="NYCMng">21804.184</dst>
            <dst id="SNVAng">444.936</dst>
            <dst id="STTLng">11249.896</dst>
            <dst id="WASHng">15920.84</dst>
        </src>
        <src id="KSCYng">
            <dst id="ATLA-M5">218.269333333333</dst>
            <dst id="ATLAng">5618.31466666667</dst>
            <dst id="CHINng">27790.6293333333</dst>
            <dst id="DNVRng">11451.848</dst>
            <dst id="HSTNng">11994.8533333333</dst>
            <dst id="IPLSng">9972.936</dst>
            <dst id="KSCYng">5226.312</dst>
            <dst id="LOSAng">6433.91733333333</dst>
            <dst id="NYCMng">3431.352</dst>
            <dst id="SNVAng">1091.624</dst>
            <dst id="STTLng">2191.96533333333</dst>
            <dst id="WASHng">9416.83733333333</dst>
        </src>
        <src id="LOSAng">
            <dst id="ATLA-M5">250.477333333333</dst>
            <dst id="ATLAng">22068.5306666667</dst>
            <dst id="CHINng">85714.968</dst>
            <dst id="DNVRng">7550.86666666667</dst>
            <dst id="HSTNng">26933.1573333333</dst>
            <dst id="IPLSng">54079.6373333333</dst>
            <dst id="KSCYng">5268.10666666667</dst>
            <dst id="LOSAng">16076.728</dst>
            <dst id="NYCMng">88476.8506666667</dst>
            <dst id="SNVAng">11494.464</dst>
            <dst id="STTLng">52130.5146666667</dst>
            <dst id="WASHng">103122.522666667</dst>
        </src>
        <src id="NYCMng">
            <dst id="ATLA-M5">1132.59466666667</dst>
            <dst id="ATLAng">38463.4746666667</dst>
            <dst id="CHINng">42571.96</dst>
            <dst id="DNVRng">119294.226666667</dst>
            <dst id="HSTNng">14812.4426666667</dst>
            <dst id="IPLSng">41365.5573333333</dst>
            <dst id="KSCYng">10430.12</dst>
            <dst id="LOSAng">103056.893333333</dst>
            <dst id="NYCMng">67538.688</dst>
            <dst id="SNVAng">2792.60533333333</dst>
            <dst id="STTLng">36707.6533333333</dst>
            <dst id="WASHng">56760.808</dst>
        </src>
        <src id="SNVAng">
            <dst id="ATLA-M5">0</dst>
            <dst id="ATLAng">53.3333333333333</dst>
            <dst id="CHINng">201.568</dst>
            <dst id="DNVRng">6666.91466666667</dst>
            <dst id="HSTNng">55.7866666666667</dst>
            <dst id="IPLSng">696.850666666667</dst>
            <dst id="KSCYng">15695.4186666667</dst>
            <dst id="LOSAng">39025.9786666667</dst>
            <dst id="NYCMng">435.92</dst>
            <dst id="SNVAng">14900.8026666667</dst>
            <dst id="STTLng">25541.5866666667</dst>
            <dst id="WASHng">65.192</dst>
        </src>
        <src id="STTLng">
            <dst id="ATLA-M5">0</dst>
            <dst id="ATLAng">10125.6613333333</dst>
            <dst id="CHINng">13489.0693333333</dst>
            <dst id="DNVRng">4847.688</dst>
            <dst id="HSTNng">7544.74933333333</dst>
            <dst id="IPLSng">6320.46133333333</dst>
            <dst id="KSCYng">3010.70666666667</dst>
            <dst id="LOSAng">26235.8</dst>
            <dst id="NYCMng">8719.832</dst>
            <dst id="SNVAng">3062.38933333333</dst>
            <dst id="STTLng">2817.112</dst>
            <dst id="WASHng">7186.97866666667</dst>
        </src>
        <src id="WASHng">
            <dst id="ATLA-M5">1123.32266666667</dst>
            <dst id="ATLAng">121238.058666667</dst>
            <dst id="CHINng">76008.736</dst>
            <dst id="DNVRng">54264.0426666667</dst>
            <dst id="HSTNng">39707.7226666667</dst>
            <dst id="IPLSng">34783.776</dst>
            <dst id="KSCYng">8891.224</dst>
            <dst id="LOSAng">146688.597333333</dst>
            <dst id="NYCMng">157685.48</dst>
            <dst id="SNVAng">6271.49333333333</dst>
            <dst id="STTLng">41482.8</dst>
            <dst id="WASHng">179983.264</dst>
        </src>
    </IntraTM>
</TrafficMatrixFile>
