<?xml version="1.0" encoding="ISO-8859-1" standalone="yes"?>
<TrafficMatrixFile xsi:noNamespaceSchemaLocation="http://totem.run.montefiore.ulg.ac.be/Schema/TrafficMatrix-v1_2.xsd" xmlns:xsi="http://www.w3.org/2001/XMLSchema-instance">
    <IntraTM ASID="11537">
        <src id="ATLA-M5">
            <dst id="ATLA-M5">0</dst>
            <dst id="ATLAng">259.08</dst>
            <dst id="CHINng">89.1893333333333</dst>
            <dst id="DNVRng">26.6666666666667</dst>
            <dst id="HSTNng">66.752</dst>
            <dst id="IPLSng">26.6666666666667</dst>
            <dst id="KSCYng">26.6666666666667</dst>
            <dst id="LOSAng">566.896</dst>
            <dst id="NYCMng">80</dst>
            <dst id="SNVAng">13.3333333333333</dst>
            <dst id="STTLng">26.6666666666667</dst>
            <dst id="WASHng">59.4933333333333</dst>
        </src>
        <src id="ATLAng">
            <dst id="ATLA-M5">174.376</dst>
            <dst id="ATLAng">31862.568</dst>
            <dst id="CHINng">10750.3893333333</dst>
            <dst id="DNVRng">4443.22666666667</dst>
            <dst id="HSTNng">777.170666666667</dst>
            <dst id="IPLSng">11668.6266666667</dst>
            <dst id="KSCYng">820.285333333333</dst>
            <dst id="LOSAng">14993.696</dst>
            <dst id="NYCMng">4914.34133333333</dst>
            <dst id="SNVAng">28.9733333333333</dst>
            <dst id="STTLng">3526.25866666667</dst>
            <dst id="WASHng">23344.568</dst>
        </src>
        <src id="CHINng">
            <dst id="ATLA-M5">371.786666666667</dst>
            <dst id="ATLAng">28402.96</dst>
            <dst id="CHINng">64471.8373333333</dst>
            <dst id="DNVRng">14130.6773333333</dst>
            <dst id="HSTNng">9488.86933333333</dst>
            <dst id="IPLSng">38137.1493333333</dst>
            <dst id="KSCYng">9960.55466666667</dst>
            <dst id="LOSAng">56456.3573333333</dst>
            <dst id="NYCMng">6289.93066666667</dst>
            <dst id="SNVAng">593.56</dst>
            <dst id="STTLng">9244.016</dst>
            <dst id="WASHng">24211.0373333333</dst>
        </src>
        <src id="DNVRng">
            <dst id="ATLA-M5">153.92</dst>
            <dst id="ATLAng">5431.83466666667</dst>
            <dst id="CHINng">35806.208</dst>
            <dst id="DNVRng">11327.1226666667</dst>
            <dst id="HSTNng">26028.464</dst>
            <dst id="IPLSng">20445.2106666667</dst>
            <dst id="KSCYng">19851.624</dst>
            <dst id="LOSAng">61747.848</dst>
            <dst id="NYCMng">7631.46933333333</dst>
            <dst id="SNVAng">8546.18666666667</dst>
            <dst id="STTLng">14386.3013333333</dst>
            <dst id="WASHng">29251.7253333333</dst>
        </src>
        <src id="HSTNng">
            <dst id="ATLA-M5">3338.32533333333</dst>
            <dst id="ATLAng">18249.584</dst>
            <dst id="CHINng">12033.4666666667</dst>
            <dst id="DNVRng">1686.46933333333</dst>
            <dst id="HSTNng">10052.752</dst>
            <dst id="IPLSng">616.274666666667</dst>
            <dst id="KSCYng">1109.14933333333</dst>
            <dst id="LOSAng">5704.00533333333</dst>
            <dst id="NYCMng">2199.88266666667</dst>
            <dst id="SNVAng">0</dst>
            <dst id="STTLng">3255.71466666667</dst>
            <dst id="WASHng">3078.74933333333</dst>
        </src>
        <src id="IPLSng">
            <dst id="ATLA-M5">26.6666666666667</dst>
            <dst id="ATLAng">13312.04</dst>
            <dst id="CHINng">47730.9493333333</dst>
            <dst id="DNVRng">4721.672</dst>
            <dst id="HSTNng">3181.21333333333</dst>
            <dst id="IPLSng">12499.3733333333</dst>
            <dst id="KSCYng">2512.87466666667</dst>
            <dst id="LOSAng">51726.88</dst>
            <dst id="NYCMng">37824.464</dst>
            <dst id="SNVAng">751.677333333333</dst>
            <dst id="STTLng">7514.73066666667</dst>
            <dst id="WASHng">10833.0106666667</dst>
        </src>
        <src id="KSCYng">
            <dst id="ATLA-M5">0</dst>
            <dst id="ATLAng">2564.47733333333</dst>
            <dst id="CHINng">24110.5306666667</dst>
            <dst id="DNVRng">11757.36</dst>
            <dst id="HSTNng">3712.77333333333</dst>
            <dst id="IPLSng">10591.136</dst>
            <dst id="KSCYng">9361.52533333333</dst>
            <dst id="LOSAng">6783.856</dst>
            <dst id="NYCMng">1626.02133333333</dst>
            <dst id="SNVAng">517.704</dst>
            <dst id="STTLng">2184.23733333333</dst>
            <dst id="WASHng">12188.2533333333</dst>
        </src>
        <src id="LOSAng">
            <dst id="ATLA-M5">675.048</dst>
            <dst id="ATLAng">40560.0026666667</dst>
            <dst id="CHINng">79998.672</dst>
            <dst id="DNVRng">10872.7866666667</dst>
            <dst id="HSTNng">4990.61333333333</dst>
            <dst id="IPLSng">33084.44</dst>
            <dst id="KSCYng">3432.648</dst>
            <dst id="LOSAng">22698.424</dst>
            <dst id="NYCMng">80318.144</dst>
            <dst id="SNVAng">11028.984</dst>
            <dst id="STTLng">44525.6986666667</dst>
            <dst id="WASHng">128920.517333333</dst>
        </src>
        <src id="NYCMng">
            <dst id="ATLA-M5">356.085333333333</dst>
            <dst id="ATLAng">36202.8266666667</dst>
            <dst id="CHINng">36621.792</dst>
            <dst id="DNVRng">26323.1146666667</dst>
            <dst id="HSTNng">6873.16533333333</dst>
            <dst id="IPLSng">24065.4693333333</dst>
            <dst id="KSCYng">5898.296</dst>
            <dst id="LOSAng">76859.408</dst>
            <dst id="NYCMng">90480.0346666667</dst>
            <dst id="SNVAng">3728.144</dst>
            <dst id="STTLng">25783</dst>
            <dst id="WASHng">65231.768</dst>
        </src>
        <src id="SNVAng">
            <dst id="ATLA-M5">0</dst>
            <dst id="ATLAng">60.896</dst>
            <dst id="CHINng">165.613333333333</dst>
            <dst id="DNVRng">5678.99466666667</dst>
            <dst id="HSTNng">232</dst>
            <dst id="IPLSng">5559.04266666667</dst>
            <dst id="KSCYng">81.592</dst>
            <dst id="LOSAng">32248.7973333333</dst>
            <dst id="NYCMng">512.541333333333</dst>
            <dst id="SNVAng">9227.68533333333</dst>
            <dst id="STTLng">26357.4346666667</dst>
            <dst id="WASHng">80</dst>
        </src>
        <src id="STTLng">
            <dst id="ATLA-M5">89.2533333333333</dst>
            <dst id="ATLAng">10216.4</dst>
            <dst id="CHINng">14436.896</dst>
            <dst id="DNVRng">2732.71466666667</dst>
            <dst id="HSTNng">1617.18133333333</dst>
            <dst id="IPLSng">5824.90933333333</dst>
            <dst id="KSCYng">2566.83466666667</dst>
            <dst id="LOSAng">40893.2266666667</dst>
            <dst id="NYCMng">9349.872</dst>
            <dst id="SNVAng">4498.168</dst>
            <dst id="STTLng">4756</dst>
            <dst id="WASHng">10141.7893333333</dst>
        </src>
        <src id="WASHng">
            <dst id="ATLA-M5">26.6666666666667</dst>
            <dst id="ATLAng">123770.394666667</dst>
            <dst id="CHINng">79924.3866666667</dst>
            <dst id="DNVRng">50896.656</dst>
            <dst id="HSTNng">18201.9253333333</dst>
            <dst id="IPLSng">32349.168</dst>
            <dst id="KSCYng">8159.8</dst>
            <dst id="LOSAng">114379.728</dst>
            <dst id="NYCMng">171019.384</dst>
            <dst id="SNVAng">745.546666666667</dst>
            <dst id="STTLng">28494.0666666667</dst>
            <dst id="WASHng">128164.016</dst>
        </src>
    </IntraTM>
</TrafficMatrixFile>
