<?xml version="1.0" encoding="ISO-8859-1" standalone="yes"?>
<TrafficMatrixFile xsi:noNamespaceSchemaLocation="http://totem.run.montefiore.ulg.ac.be/Schema/TrafficMatrix-v1_2.xsd" xmlns:xsi="http://www.w3.org/2001/XMLSchema-instance">
    <IntraTM ASID="11537">
        <src id="ATLA-M5">
            <dst id="ATLA-M5">0</dst>
            <dst id="ATLAng">51.5626666666667</dst>
            <dst id="CHINng">118.88</dst>
            <dst id="DNVRng">0</dst>
            <dst id="HSTNng">122.906666666667</dst>
            <dst id="IPLSng">501.344</dst>
            <dst id="KSCYng">53.3333333333333</dst>
            <dst id="LOSAng">268.314666666667</dst>
            <dst id="NYCMng">195.762666666667</dst>
            <dst id="SNVAng">0</dst>
            <dst id="STTLng">53.3333333333333</dst>
            <dst id="WASHng">2418.77333333333</dst>
        </src>
        <src id="ATLAng">
            <dst id="ATLA-M5">1749.20266666667</dst>
            <dst id="ATLAng">37858.0293333333</dst>
            <dst id="CHINng">7910.04</dst>
            <dst id="DNVRng">4211.52533333333</dst>
            <dst id="HSTNng">2034.32</dst>
            <dst id="IPLSng">11990.0826666667</dst>
            <dst id="KSCYng">669.872</dst>
            <dst id="LOSAng">12100.8626666667</dst>
            <dst id="NYCMng">3935.94133333333</dst>
            <dst id="SNVAng">363.294666666667</dst>
            <dst id="STTLng">3812.224</dst>
            <dst id="WASHng">64111.112</dst>
        </src>
        <src id="CHINng">
            <dst id="ATLA-M5">44.5386666666667</dst>
            <dst id="ATLAng">41987.4186666667</dst>
            <dst id="CHINng">105362.885333333</dst>
            <dst id="DNVRng">10874.064</dst>
            <dst id="HSTNng">7071.89066666667</dst>
            <dst id="IPLSng">19642.1866666667</dst>
            <dst id="KSCYng">17397.4586666667</dst>
            <dst id="LOSAng">59134.0693333333</dst>
            <dst id="NYCMng">3881.93066666667</dst>
            <dst id="SNVAng">854.784</dst>
            <dst id="STTLng">6808.44533333333</dst>
            <dst id="WASHng">9712.45333333333</dst>
        </src>
        <src id="DNVRng">
            <dst id="ATLA-M5">153.386666666667</dst>
            <dst id="ATLAng">2471.864</dst>
            <dst id="CHINng">53133.4586666667</dst>
            <dst id="DNVRng">12242.344</dst>
            <dst id="HSTNng">20312.832</dst>
            <dst id="IPLSng">23213.552</dst>
            <dst id="KSCYng">23576.1706666667</dst>
            <dst id="LOSAng">16572.544</dst>
            <dst id="NYCMng">10249.0693333333</dst>
            <dst id="SNVAng">12784.848</dst>
            <dst id="STTLng">11144.0506666667</dst>
            <dst id="WASHng">53409.1466666667</dst>
        </src>
        <src id="HSTNng">
            <dst id="ATLA-M5">2908.04533333333</dst>
            <dst id="ATLAng">10838.7173333333</dst>
            <dst id="CHINng">16512.296</dst>
            <dst id="DNVRng">1270.544</dst>
            <dst id="HSTNng">1754.776</dst>
            <dst id="IPLSng">2107.856</dst>
            <dst id="KSCYng">1242.33333333333</dst>
            <dst id="LOSAng">10605.4826666667</dst>
            <dst id="NYCMng">1822.31466666667</dst>
            <dst id="SNVAng">0</dst>
            <dst id="STTLng">1856.77333333333</dst>
            <dst id="WASHng">2440.928</dst>
        </src>
        <src id="IPLSng">
            <dst id="ATLA-M5">27.136</dst>
            <dst id="ATLAng">11840.7386666667</dst>
            <dst id="CHINng">65081.5546666667</dst>
            <dst id="DNVRng">1987.35733333333</dst>
            <dst id="HSTNng">1207.33066666667</dst>
            <dst id="IPLSng">18515.7466666667</dst>
            <dst id="KSCYng">1961.77066666667</dst>
            <dst id="LOSAng">46569.8933333333</dst>
            <dst id="NYCMng">19851.704</dst>
            <dst id="SNVAng">312.981333333333</dst>
            <dst id="STTLng">12053.3413333333</dst>
            <dst id="WASHng">7631.77333333333</dst>
        </src>
        <src id="KSCYng">
            <dst id="ATLA-M5">0</dst>
            <dst id="ATLAng">1501.44</dst>
            <dst id="CHINng">20389.2826666667</dst>
            <dst id="DNVRng">15716.184</dst>
            <dst id="HSTNng">3916.03733333333</dst>
            <dst id="IPLSng">6887.17333333333</dst>
            <dst id="KSCYng">4222.02133333333</dst>
            <dst id="LOSAng">5181.59466666667</dst>
            <dst id="NYCMng">4841.11733333333</dst>
            <dst id="SNVAng">1173.06133333333</dst>
            <dst id="STTLng">2836.80266666667</dst>
            <dst id="WASHng">4462.30666666667</dst>
        </src>
        <src id="LOSAng">
            <dst id="ATLA-M5">67.1146666666667</dst>
            <dst id="ATLAng">39544.4106666667</dst>
            <dst id="CHINng">114513.538666667</dst>
            <dst id="DNVRng">12862.1973333333</dst>
            <dst id="HSTNng">3775.87466666667</dst>
            <dst id="IPLSng">24603.1493333333</dst>
            <dst id="KSCYng">2411.44533333333</dst>
            <dst id="LOSAng">24468.8693333333</dst>
            <dst id="NYCMng">59560.5866666667</dst>
            <dst id="SNVAng">4496.16</dst>
            <dst id="STTLng">38662.576</dst>
            <dst id="WASHng">88284.2746666667</dst>
        </src>
        <src id="NYCMng">
            <dst id="ATLA-M5">272.717333333333</dst>
            <dst id="ATLAng">29853.8</dst>
            <dst id="CHINng">40945.6826666667</dst>
            <dst id="DNVRng">24311.128</dst>
            <dst id="HSTNng">3778.86666666667</dst>
            <dst id="IPLSng">17845.352</dst>
            <dst id="KSCYng">5946.38133333333</dst>
            <dst id="LOSAng">92106.8373333333</dst>
            <dst id="NYCMng">111587.701333333</dst>
            <dst id="SNVAng">1411.73333333333</dst>
            <dst id="STTLng">23758.4186666667</dst>
            <dst id="WASHng">38111.6746666667</dst>
        </src>
        <src id="SNVAng">
            <dst id="ATLA-M5">0</dst>
            <dst id="ATLAng">53.3333333333333</dst>
            <dst id="CHINng">637.792</dst>
            <dst id="DNVRng">2177.14933333333</dst>
            <dst id="HSTNng">238.68</dst>
            <dst id="IPLSng">1109.32266666667</dst>
            <dst id="KSCYng">102.386666666667</dst>
            <dst id="LOSAng">54225.8666666667</dst>
            <dst id="NYCMng">364.893333333333</dst>
            <dst id="SNVAng">9522.24533333333</dst>
            <dst id="STTLng">27044.2933333333</dst>
            <dst id="WASHng">266.405333333333</dst>
        </src>
        <src id="STTLng">
            <dst id="ATLA-M5">0</dst>
            <dst id="ATLAng">7352.84266666667</dst>
            <dst id="CHINng">30044.0506666667</dst>
            <dst id="DNVRng">1282.568</dst>
            <dst id="HSTNng">759.248</dst>
            <dst id="IPLSng">3027.94933333333</dst>
            <dst id="KSCYng">1772.43733333333</dst>
            <dst id="LOSAng">26143.7733333333</dst>
            <dst id="NYCMng">7513.944</dst>
            <dst id="SNVAng">3700.48266666667</dst>
            <dst id="STTLng">1624.12</dst>
            <dst id="WASHng">3785.36266666667</dst>
        </src>
        <src id="WASHng">
            <dst id="ATLA-M5">2004.39466666667</dst>
            <dst id="ATLAng">87309.288</dst>
            <dst id="CHINng">80487.6453333333</dst>
            <dst id="DNVRng">66521.1626666667</dst>
            <dst id="HSTNng">18641.2773333333</dst>
            <dst id="IPLSng">19492.8346666667</dst>
            <dst id="KSCYng">13335.8613333333</dst>
            <dst id="LOSAng">119401.104</dst>
            <dst id="NYCMng">140905.024</dst>
            <dst id="SNVAng">2726.736</dst>
            <dst id="STTLng">38044.2533333333</dst>
            <dst id="WASHng">286140.213333333</dst>
        </src>
    </IntraTM>
</TrafficMatrixFile>
