<?xml version="1.0" encoding="ISO-8859-1" standalone="yes"?>
<TrafficMatrixFile xsi:noNamespaceSchemaLocation="http://totem.run.montefiore.ulg.ac.be/Schema/TrafficMatrix-v1_2.xsd" xmlns:xsi="http://www.w3.org/2001/XMLSchema-instance">
    <IntraTM ASID="11537">
        <src id="ATLA-M5">
            <dst id="ATLA-M5">0</dst>
            <dst id="ATLAng">26.6666666666667</dst>
            <dst id="CHINng">54.5226666666667</dst>
            <dst id="DNVRng">0</dst>
            <dst id="HSTNng">82.3866666666667</dst>
            <dst id="IPLSng">112.077333333333</dst>
            <dst id="KSCYng">378.282666666667</dst>
            <dst id="LOSAng">80.652</dst>
            <dst id="NYCMng">0</dst>
            <dst id="SNVAng">19.3026666666667</dst>
            <dst id="STTLng">0</dst>
            <dst id="WASHng">969.032</dst>
        </src>
        <src id="ATLAng">
            <dst id="ATLA-M5">148.714666666667</dst>
            <dst id="ATLAng">35428.6346666667</dst>
            <dst id="CHINng">6728.29333333333</dst>
            <dst id="DNVRng">4004.592</dst>
            <dst id="HSTNng">7317.056</dst>
            <dst id="IPLSng">8654.86666666667</dst>
            <dst id="KSCYng">481.194666666667</dst>
            <dst id="LOSAng">13208.82</dst>
            <dst id="NYCMng">3530.54133333333</dst>
            <dst id="SNVAng">22.2493333333333</dst>
            <dst id="STTLng">5268.95466666667</dst>
            <dst id="WASHng">38642.8506666667</dst>
        </src>
        <src id="CHINng">
            <dst id="ATLA-M5">86.8693333333333</dst>
            <dst id="ATLAng">39141.392</dst>
            <dst id="CHINng">70236.192</dst>
            <dst id="DNVRng">21278.1946666667</dst>
            <dst id="HSTNng">4675.744</dst>
            <dst id="IPLSng">18914.9013333333</dst>
            <dst id="KSCYng">11975.9626666667</dst>
            <dst id="LOSAng">55954.3946666667</dst>
            <dst id="NYCMng">3977.31466666667</dst>
            <dst id="SNVAng">244.018666666667</dst>
            <dst id="STTLng">16699.5546666667</dst>
            <dst id="WASHng">26761.9973333333</dst>
        </src>
        <src id="DNVRng">
            <dst id="ATLA-M5">118.88</dst>
            <dst id="ATLAng">3772.84266666667</dst>
            <dst id="CHINng">46014.112</dst>
            <dst id="DNVRng">14308.4186666667</dst>
            <dst id="HSTNng">22332.6533333333</dst>
            <dst id="IPLSng">20979.4346666667</dst>
            <dst id="KSCYng">30352.4906666667</dst>
            <dst id="LOSAng">7904.696</dst>
            <dst id="NYCMng">14769.304</dst>
            <dst id="SNVAng">12695.3466666667</dst>
            <dst id="STTLng">15252.2053333333</dst>
            <dst id="WASHng">35440.2026666667</dst>
        </src>
        <src id="HSTNng">
            <dst id="ATLA-M5">1903.55466666667</dst>
            <dst id="ATLAng">22075.6986666667</dst>
            <dst id="CHINng">12299.5946666667</dst>
            <dst id="DNVRng">1969.032</dst>
            <dst id="HSTNng">7237.46133333333</dst>
            <dst id="IPLSng">556.269333333333</dst>
            <dst id="KSCYng">1072.92533333333</dst>
            <dst id="LOSAng">14777.9973333333</dst>
            <dst id="NYCMng">2046.92533333333</dst>
            <dst id="SNVAng">0</dst>
            <dst id="STTLng">1767.528</dst>
            <dst id="WASHng">3421.82666666667</dst>
        </src>
        <src id="IPLSng">
            <dst id="ATLA-M5">60.6453333333333</dst>
            <dst id="ATLAng">18878.992</dst>
            <dst id="CHINng">51500.4826666667</dst>
            <dst id="DNVRng">6744.696</dst>
            <dst id="HSTNng">1339.50133333333</dst>
            <dst id="IPLSng">7129.136</dst>
            <dst id="KSCYng">2950.18666666667</dst>
            <dst id="LOSAng">71750.288</dst>
            <dst id="NYCMng">25372.1866666667</dst>
            <dst id="SNVAng">438.776</dst>
            <dst id="STTLng">11690.2293333333</dst>
            <dst id="WASHng">17599.104</dst>
        </src>
        <src id="KSCYng">
            <dst id="ATLA-M5">26.6666666666667</dst>
            <dst id="ATLAng">1634.08266666667</dst>
            <dst id="CHINng">13264.0746666667</dst>
            <dst id="DNVRng">6648.01866666667</dst>
            <dst id="HSTNng">5304.93066666667</dst>
            <dst id="IPLSng">8083.06666666667</dst>
            <dst id="KSCYng">5397.65066666667</dst>
            <dst id="LOSAng">8465.232</dst>
            <dst id="NYCMng">4172.99733333333</dst>
            <dst id="SNVAng">314.389333333333</dst>
            <dst id="STTLng">1911.16266666667</dst>
            <dst id="WASHng">18211.6746666667</dst>
        </src>
        <src id="LOSAng">
            <dst id="ATLA-M5">26.6666666666667</dst>
            <dst id="ATLAng">39450.68</dst>
            <dst id="CHINng">81788.8533333333</dst>
            <dst id="DNVRng">10391.4</dst>
            <dst id="HSTNng">17273.768</dst>
            <dst id="IPLSng">29110.2933333333</dst>
            <dst id="KSCYng">2506.25066666667</dst>
            <dst id="LOSAng">27272.9493333333</dst>
            <dst id="NYCMng">74116.9146666667</dst>
            <dst id="SNVAng">4833.432</dst>
            <dst id="STTLng">40516.1093333333</dst>
            <dst id="WASHng">103851.122666667</dst>
        </src>
        <src id="NYCMng">
            <dst id="ATLA-M5">740.16</dst>
            <dst id="ATLAng">41541.2693333333</dst>
            <dst id="CHINng">31936.6426666667</dst>
            <dst id="DNVRng">27272.024</dst>
            <dst id="HSTNng">6446.952</dst>
            <dst id="IPLSng">30333.0613333333</dst>
            <dst id="KSCYng">6238.92533333333</dst>
            <dst id="LOSAng">98426.192</dst>
            <dst id="NYCMng">94734.3013333333</dst>
            <dst id="SNVAng">3719.38666666667</dst>
            <dst id="STTLng">24848.0906666667</dst>
            <dst id="WASHng">40094.6293333333</dst>
        </src>
        <src id="SNVAng">
            <dst id="ATLA-M5">0</dst>
            <dst id="ATLAng">28.088</dst>
            <dst id="CHINng">200.677333333333</dst>
            <dst id="DNVRng">1454.63466666667</dst>
            <dst id="HSTNng">92</dst>
            <dst id="IPLSng">10001.584</dst>
            <dst id="KSCYng">125.042666666667</dst>
            <dst id="LOSAng">33850.2213333333</dst>
            <dst id="NYCMng">360.949333333333</dst>
            <dst id="SNVAng">6531.33066666667</dst>
            <dst id="STTLng">20710.8026666667</dst>
            <dst id="WASHng">26.6666666666667</dst>
        </src>
        <src id="STTLng">
            <dst id="ATLA-M5">0</dst>
            <dst id="ATLAng">8701.568</dst>
            <dst id="CHINng">22110.7306666667</dst>
            <dst id="DNVRng">2004.44266666667</dst>
            <dst id="HSTNng">1636.432</dst>
            <dst id="IPLSng">5776.26933333333</dst>
            <dst id="KSCYng">2654.104</dst>
            <dst id="LOSAng">32984.088</dst>
            <dst id="NYCMng">7029.35733333333</dst>
            <dst id="SNVAng">4702.312</dst>
            <dst id="STTLng">2909.42133333333</dst>
            <dst id="WASHng">7039.24</dst>
        </src>
        <src id="WASHng">
            <dst id="ATLA-M5">107.229333333333</dst>
            <dst id="ATLAng">112226.426666667</dst>
            <dst id="CHINng">99144.8586666667</dst>
            <dst id="DNVRng">56861.616</dst>
            <dst id="HSTNng">17829.5813333333</dst>
            <dst id="IPLSng">26162.64</dst>
            <dst id="KSCYng">8790.22666666667</dst>
            <dst id="LOSAng">116226.658666667</dst>
            <dst id="NYCMng">138130.165333333</dst>
            <dst id="SNVAng">1199.112</dst>
            <dst id="STTLng">48334.616</dst>
            <dst id="WASHng">167476.32</dst>
        </src>
    </IntraTM>
</TrafficMatrixFile>
