<?xml version="1.0" encoding="ISO-8859-1" standalone="yes"?>
<TrafficMatrixFile xsi:noNamespaceSchemaLocation="http://totem.run.montefiore.ulg.ac.be/Schema/TrafficMatrix-v1_2.xsd" xmlns:xsi="http://www.w3.org/2001/XMLSchema-instance">
    <IntraTM ASID="11537">
        <src id="ATLA-M5">
            <dst id="ATLA-M5">0</dst>
            <dst id="ATLAng">132.032</dst>
            <dst id="CHINng">149.76</dst>
            <dst id="DNVRng">0</dst>
            <dst id="HSTNng">476.112</dst>
            <dst id="IPLSng">0</dst>
            <dst id="KSCYng">0</dst>
            <dst id="LOSAng">557.589333333333</dst>
            <dst id="NYCMng">0</dst>
            <dst id="SNVAng">13.3333333333333</dst>
            <dst id="STTLng">65.9946666666667</dst>
            <dst id="WASHng">629.850666666667</dst>
        </src>
        <src id="ATLAng">
            <dst id="ATLA-M5">152.514666666667</dst>
            <dst id="ATLAng">30766.104</dst>
            <dst id="CHINng">4525.13866666667</dst>
            <dst id="DNVRng">4354.08266666667</dst>
            <dst id="HSTNng">641.309333333333</dst>
            <dst id="IPLSng">10533.9226666667</dst>
            <dst id="KSCYng">605.192</dst>
            <dst id="LOSAng">15862.472</dst>
            <dst id="NYCMng">5419.33066666667</dst>
            <dst id="SNVAng">26.6666666666667</dst>
            <dst id="STTLng">10228.2053333333</dst>
            <dst id="WASHng">28218.68</dst>
        </src>
        <src id="CHINng">
            <dst id="ATLA-M5">147.925333333333</dst>
            <dst id="ATLAng">37108.1173333333</dst>
            <dst id="CHINng">56508.7173333333</dst>
            <dst id="DNVRng">10932.84</dst>
            <dst id="HSTNng">3684.096</dst>
            <dst id="IPLSng">27184.376</dst>
            <dst id="KSCYng">7363.31466666667</dst>
            <dst id="LOSAng">58530.4533333333</dst>
            <dst id="NYCMng">5349.98666666667</dst>
            <dst id="SNVAng">492.277333333333</dst>
            <dst id="STTLng">4800.13866666667</dst>
            <dst id="WASHng">20450.8986666667</dst>
        </src>
        <src id="DNVRng">
            <dst id="ATLA-M5">200.757333333333</dst>
            <dst id="ATLAng">5591.05066666667</dst>
            <dst id="CHINng">43426.2933333333</dst>
            <dst id="DNVRng">8317.02133333333</dst>
            <dst id="HSTNng">26727.6906666667</dst>
            <dst id="IPLSng">22889.704</dst>
            <dst id="KSCYng">18585.704</dst>
            <dst id="LOSAng">19342.4133333333</dst>
            <dst id="NYCMng">14415.3493333333</dst>
            <dst id="SNVAng">9810.03466666667</dst>
            <dst id="STTLng">7466.472</dst>
            <dst id="WASHng">41199.3253333333</dst>
        </src>
        <src id="HSTNng">
            <dst id="ATLA-M5">173.12</dst>
            <dst id="ATLAng">4556.76533333333</dst>
            <dst id="CHINng">5827.13333333333</dst>
            <dst id="DNVRng">1577.544</dst>
            <dst id="HSTNng">10711.3973333333</dst>
            <dst id="IPLSng">543.581333333333</dst>
            <dst id="KSCYng">1098.184</dst>
            <dst id="LOSAng">12315.736</dst>
            <dst id="NYCMng">2788.65333333333</dst>
            <dst id="SNVAng">0</dst>
            <dst id="STTLng">2279.088</dst>
            <dst id="WASHng">3579.13066666667</dst>
        </src>
        <src id="IPLSng">
            <dst id="ATLA-M5">57.4106666666667</dst>
            <dst id="ATLAng">19400.4826666667</dst>
            <dst id="CHINng">43005.5786666667</dst>
            <dst id="DNVRng">4354.352</dst>
            <dst id="HSTNng">2705.69066666667</dst>
            <dst id="IPLSng">21051.0453333333</dst>
            <dst id="KSCYng">3238.56533333333</dst>
            <dst id="LOSAng">59887.4906666667</dst>
            <dst id="NYCMng">33840.0933333333</dst>
            <dst id="SNVAng">703.445333333333</dst>
            <dst id="STTLng">12961.672</dst>
            <dst id="WASHng">11646.408</dst>
        </src>
        <src id="KSCYng">
            <dst id="ATLA-M5">0</dst>
            <dst id="ATLAng">2125.24533333333</dst>
            <dst id="CHINng">13267.8213333333</dst>
            <dst id="DNVRng">13806.952</dst>
            <dst id="HSTNng">2714.184</dst>
            <dst id="IPLSng">8531.21333333333</dst>
            <dst id="KSCYng">4506.496</dst>
            <dst id="LOSAng">11267.792</dst>
            <dst id="NYCMng">2515.42133333333</dst>
            <dst id="SNVAng">470.712</dst>
            <dst id="STTLng">4053.63733333333</dst>
            <dst id="WASHng">9812.32</dst>
        </src>
        <src id="LOSAng">
            <dst id="ATLA-M5">105.026666666667</dst>
            <dst id="ATLAng">52776.48</dst>
            <dst id="CHINng">80063.12</dst>
            <dst id="DNVRng">6835.28533333333</dst>
            <dst id="HSTNng">4481.85866666667</dst>
            <dst id="IPLSng">31180.336</dst>
            <dst id="KSCYng">15017.3706666667</dst>
            <dst id="LOSAng">21795.84</dst>
            <dst id="NYCMng">73251.2613333334</dst>
            <dst id="SNVAng">11522.2</dst>
            <dst id="STTLng">42806.7493333333</dst>
            <dst id="WASHng">119185.08</dst>
        </src>
        <src id="NYCMng">
            <dst id="ATLA-M5">56.224</dst>
            <dst id="ATLAng">44952.3813333333</dst>
            <dst id="CHINng">39061.7893333333</dst>
            <dst id="DNVRng">24463.9546666667</dst>
            <dst id="HSTNng">8991.248</dst>
            <dst id="IPLSng">37334.664</dst>
            <dst id="KSCYng">4998.904</dst>
            <dst id="LOSAng">84979.3493333333</dst>
            <dst id="NYCMng">70488.2613333333</dst>
            <dst id="SNVAng">664.786666666667</dst>
            <dst id="STTLng">27852.3546666667</dst>
            <dst id="WASHng">47562.0053333333</dst>
        </src>
        <src id="SNVAng">
            <dst id="ATLA-M5">0</dst>
            <dst id="ATLAng">195.170666666667</dst>
            <dst id="CHINng">51.12</dst>
            <dst id="DNVRng">16669.8533333333</dst>
            <dst id="HSTNng">174.56</dst>
            <dst id="IPLSng">6674.03733333333</dst>
            <dst id="KSCYng">126.754666666667</dst>
            <dst id="LOSAng">41754.6506666667</dst>
            <dst id="NYCMng">420.285333333333</dst>
            <dst id="SNVAng">11204.7946666667</dst>
            <dst id="STTLng">33517.5093333333</dst>
            <dst id="WASHng">26.6666666666667</dst>
        </src>
        <src id="STTLng">
            <dst id="ATLA-M5">0</dst>
            <dst id="ATLAng">9312.12</dst>
            <dst id="CHINng">16970.4746666667</dst>
            <dst id="DNVRng">1490.056</dst>
            <dst id="HSTNng">2630.07733333333</dst>
            <dst id="IPLSng">6208.712</dst>
            <dst id="KSCYng">2646.90933333333</dst>
            <dst id="LOSAng">29946.6373333333</dst>
            <dst id="NYCMng">14826.3973333333</dst>
            <dst id="SNVAng">4354.08266666667</dst>
            <dst id="STTLng">2298.52533333333</dst>
            <dst id="WASHng">6203.664</dst>
        </src>
        <src id="WASHng">
            <dst id="ATLA-M5">179.264</dst>
            <dst id="ATLAng">114690.005333333</dst>
            <dst id="CHINng">70186.048</dst>
            <dst id="DNVRng">55452.5386666667</dst>
            <dst id="HSTNng">22318.4986666667</dst>
            <dst id="IPLSng">23852.5146666667</dst>
            <dst id="KSCYng">10672.8053333333</dst>
            <dst id="LOSAng">129405.472</dst>
            <dst id="NYCMng">175814.384</dst>
            <dst id="SNVAng">888.293333333333</dst>
            <dst id="STTLng">32309.9413333333</dst>
            <dst id="WASHng">142141.426666667</dst>
        </src>
    </IntraTM>
</TrafficMatrixFile>
