<?xml version="1.0" encoding="ISO-8859-1" standalone="yes"?>
<TrafficMatrixFile xsi:noNamespaceSchemaLocation="http://totem.run.montefiore.ulg.ac.be/Schema/TrafficMatrix-v1_2.xsd" xmlns:xsi="http://www.w3.org/2001/XMLSchema-instance">
    <IntraTM ASID="11537">
        <src id="ATLA-M5">
            <dst id="ATLA-M5">84.1146666666667</dst>
            <dst id="ATLAng">1456.54133333333</dst>
            <dst id="CHINng">161.133333333333</dst>
            <dst id="DNVRng">26.6666666666667</dst>
            <dst id="HSTNng">204.645333333333</dst>
            <dst id="IPLSng">610.608</dst>
            <dst id="KSCYng">62.768</dst>
            <dst id="LOSAng">780.010666666667</dst>
            <dst id="NYCMng">564.829333333333</dst>
            <dst id="SNVAng">0</dst>
            <dst id="STTLng">26.6666666666667</dst>
            <dst id="WASHng">1124.92533333333</dst>
        </src>
        <src id="ATLAng">
            <dst id="ATLA-M5">215.896</dst>
            <dst id="ATLAng">33627.1946666667</dst>
            <dst id="CHINng">14271.5813333333</dst>
            <dst id="DNVRng">3879.70666666667</dst>
            <dst id="HSTNng">3321.26133333333</dst>
            <dst id="IPLSng">9789.98933333333</dst>
            <dst id="KSCYng">6264.904</dst>
            <dst id="LOSAng">11590.8773333333</dst>
            <dst id="NYCMng">7102.376</dst>
            <dst id="SNVAng">877.677333333333</dst>
            <dst id="STTLng">4470.27733333333</dst>
            <dst id="WASHng">70649.2106666667</dst>
        </src>
        <src id="CHINng">
            <dst id="ATLA-M5">2711.11466666667</dst>
            <dst id="ATLAng">34612.7733333333</dst>
            <dst id="CHINng">130263.717333333</dst>
            <dst id="DNVRng">11336.44</dst>
            <dst id="HSTNng">10814.8</dst>
            <dst id="IPLSng">44165.2853333333</dst>
            <dst id="KSCYng">8878.88</dst>
            <dst id="LOSAng">41268.8106666667</dst>
            <dst id="NYCMng">8619.64</dst>
            <dst id="SNVAng">505.546666666667</dst>
            <dst id="STTLng">6517.896</dst>
            <dst id="WASHng">56860.5866666667</dst>
        </src>
        <src id="DNVRng">
            <dst id="ATLA-M5">148.277333333333</dst>
            <dst id="ATLAng">10480.9013333333</dst>
            <dst id="CHINng">58234.76</dst>
            <dst id="DNVRng">25291.0346666667</dst>
            <dst id="HSTNng">27651.096</dst>
            <dst id="IPLSng">32028.4533333333</dst>
            <dst id="KSCYng">28237.4026666667</dst>
            <dst id="LOSAng">9027.568</dst>
            <dst id="NYCMng">28146.5013333333</dst>
            <dst id="SNVAng">16671.1226666667</dst>
            <dst id="STTLng">20625.4213333333</dst>
            <dst id="WASHng">47156.9786666667</dst>
        </src>
        <src id="HSTNng">
            <dst id="ATLA-M5">3779.82133333333</dst>
            <dst id="ATLAng">3460.78133333333</dst>
            <dst id="CHINng">18929.3466666667</dst>
            <dst id="DNVRng">1519.41866666667</dst>
            <dst id="HSTNng">6743.20266666667</dst>
            <dst id="IPLSng">2302.93866666667</dst>
            <dst id="KSCYng">5082.424</dst>
            <dst id="LOSAng">8786.984</dst>
            <dst id="NYCMng">3745.70133333333</dst>
            <dst id="SNVAng">138.741333333333</dst>
            <dst id="STTLng">1507.93333333333</dst>
            <dst id="WASHng">7385.82133333334</dst>
        </src>
        <src id="IPLSng">
            <dst id="ATLA-M5">187.562666666667</dst>
            <dst id="ATLAng">32935.92</dst>
            <dst id="CHINng">98259.464</dst>
            <dst id="DNVRng">5603.952</dst>
            <dst id="HSTNng">6765.85333333333</dst>
            <dst id="IPLSng">37764.408</dst>
            <dst id="KSCYng">9058.15733333333</dst>
            <dst id="LOSAng">22533.4133333333</dst>
            <dst id="NYCMng">25299.96</dst>
            <dst id="SNVAng">709.714666666667</dst>
            <dst id="STTLng">13663.1146666667</dst>
            <dst id="WASHng">30429.216</dst>
        </src>
        <src id="KSCYng">
            <dst id="ATLA-M5">315.984</dst>
            <dst id="ATLAng">5239.128</dst>
            <dst id="CHINng">34089.1573333333</dst>
            <dst id="DNVRng">7949.91733333333</dst>
            <dst id="HSTNng">3850.344</dst>
            <dst id="IPLSng">16022.744</dst>
            <dst id="KSCYng">13121.704</dst>
            <dst id="LOSAng">23252.616</dst>
            <dst id="NYCMng">4721.80266666667</dst>
            <dst id="SNVAng">189.096</dst>
            <dst id="STTLng">1473.88</dst>
            <dst id="WASHng">7736.672</dst>
        </src>
        <src id="LOSAng">
            <dst id="ATLA-M5">1888.936</dst>
            <dst id="ATLAng">24116.44</dst>
            <dst id="CHINng">150137.309333333</dst>
            <dst id="DNVRng">10085.1386666667</dst>
            <dst id="HSTNng">10130.0373333333</dst>
            <dst id="IPLSng">55746.232</dst>
            <dst id="KSCYng">7271.568</dst>
            <dst id="LOSAng">16061.1146666667</dst>
            <dst id="NYCMng">60333.7893333333</dst>
            <dst id="SNVAng">14861.3413333333</dst>
            <dst id="STTLng">35766.816</dst>
            <dst id="WASHng">107320.730666667</dst>
        </src>
        <src id="NYCMng">
            <dst id="ATLA-M5">752.928</dst>
            <dst id="ATLAng">51148.664</dst>
            <dst id="CHINng">93074.776</dst>
            <dst id="DNVRng">24736.4266666667</dst>
            <dst id="HSTNng">6943.08266666667</dst>
            <dst id="IPLSng">46568.3813333333</dst>
            <dst id="KSCYng">17518.9733333333</dst>
            <dst id="LOSAng">51817.8186666667</dst>
            <dst id="NYCMng">113672.232</dst>
            <dst id="SNVAng">2488.66133333333</dst>
            <dst id="STTLng">16863.176</dst>
            <dst id="WASHng">88611.8613333333</dst>
        </src>
        <src id="SNVAng">
            <dst id="ATLA-M5">26.6666666666667</dst>
            <dst id="ATLAng">94.1306666666667</dst>
            <dst id="CHINng">729.501333333333</dst>
            <dst id="DNVRng">2807.20533333333</dst>
            <dst id="HSTNng">188.426666666667</dst>
            <dst id="IPLSng">836.368</dst>
            <dst id="KSCYng">91.224</dst>
            <dst id="LOSAng">27520.48</dst>
            <dst id="NYCMng">4481.10133333333</dst>
            <dst id="SNVAng">10969.6373333333</dst>
            <dst id="STTLng">22613.9626666667</dst>
            <dst id="WASHng">191.917333333333</dst>
        </src>
        <src id="STTLng">
            <dst id="ATLA-M5">352.28</dst>
            <dst id="ATLAng">13730.5733333333</dst>
            <dst id="CHINng">35191.2693333333</dst>
            <dst id="DNVRng">2412.06666666667</dst>
            <dst id="HSTNng">2625.256</dst>
            <dst id="IPLSng">12703.6986666667</dst>
            <dst id="KSCYng">2809.28533333333</dst>
            <dst id="LOSAng">19606.4853333333</dst>
            <dst id="NYCMng">10949.9733333333</dst>
            <dst id="SNVAng">4819.96266666667</dst>
            <dst id="STTLng">9283.376</dst>
            <dst id="WASHng">16777.92</dst>
        </src>
        <src id="WASHng">
            <dst id="ATLA-M5">1285.46666666667</dst>
            <dst id="ATLAng">95955.1386666667</dst>
            <dst id="CHINng">127173.082666667</dst>
            <dst id="DNVRng">61712.816</dst>
            <dst id="HSTNng">36344.4906666667</dst>
            <dst id="IPLSng">94861.4533333333</dst>
            <dst id="KSCYng">28202.8906666667</dst>
            <dst id="LOSAng">99187.6853333333</dst>
            <dst id="NYCMng">168657.056</dst>
            <dst id="SNVAng">5413.176</dst>
            <dst id="STTLng">36587.0293333333</dst>
            <dst id="WASHng">302564.693333333</dst>
        </src>
    </IntraTM>
</TrafficMatrixFile>
