<?xml version="1.0" encoding="ISO-8859-1" standalone="yes"?>
<TrafficMatrixFile xsi:noNamespaceSchemaLocation="http://totem.run.montefiore.ulg.ac.be/Schema/TrafficMatrix-v1_2.xsd" xmlns:xsi="http://www.w3.org/2001/XMLSchema-instance">
    <IntraTM ASID="11537">
        <src id="ATLA-M5">
            <dst id="ATLA-M5">0</dst>
            <dst id="ATLAng">80</dst>
            <dst id="CHINng">234.490666666667</dst>
            <dst id="DNVRng">131.362666666667</dst>
            <dst id="HSTNng">91.5253333333333</dst>
            <dst id="IPLSng">0</dst>
            <dst id="KSCYng">1301.048</dst>
            <dst id="LOSAng">126.986666666667</dst>
            <dst id="NYCMng">0</dst>
            <dst id="SNVAng">0</dst>
            <dst id="STTLng">80</dst>
            <dst id="WASHng">269.981333333333</dst>
        </src>
        <src id="ATLAng">
            <dst id="ATLA-M5">186.882666666667</dst>
            <dst id="ATLAng">38878.2906666667</dst>
            <dst id="CHINng">4969.368</dst>
            <dst id="DNVRng">5891.41333333333</dst>
            <dst id="HSTNng">6749.08533333333</dst>
            <dst id="IPLSng">12261.0986666667</dst>
            <dst id="KSCYng">2602.58933333333</dst>
            <dst id="LOSAng">17365.6786666667</dst>
            <dst id="NYCMng">4948.60533333333</dst>
            <dst id="SNVAng">557.921333333333</dst>
            <dst id="STTLng">5472.92266666667</dst>
            <dst id="WASHng">23394.3333333333</dst>
        </src>
        <src id="CHINng">
            <dst id="ATLA-M5">109.005333333333</dst>
            <dst id="ATLAng">21458.064</dst>
            <dst id="CHINng">87367.5386666667</dst>
            <dst id="DNVRng">12846.1386666667</dst>
            <dst id="HSTNng">5156.70933333333</dst>
            <dst id="IPLSng">58153.5653333333</dst>
            <dst id="KSCYng">6166.152</dst>
            <dst id="LOSAng">56477.32</dst>
            <dst id="NYCMng">10980.2</dst>
            <dst id="SNVAng">776.970666666667</dst>
            <dst id="STTLng">8152.78933333333</dst>
            <dst id="WASHng">18769.4613333333</dst>
        </src>
        <src id="DNVRng">
            <dst id="ATLA-M5">139.893333333333</dst>
            <dst id="ATLAng">13908.528</dst>
            <dst id="CHINng">43453.2666666667</dst>
            <dst id="DNVRng">10711.9093333333</dst>
            <dst id="HSTNng">27217.9653333333</dst>
            <dst id="IPLSng">22439.5253333333</dst>
            <dst id="KSCYng">24000.672</dst>
            <dst id="LOSAng">9389.824</dst>
            <dst id="NYCMng">11030.1386666667</dst>
            <dst id="SNVAng">18814.2613333333</dst>
            <dst id="STTLng">23615.0826666667</dst>
            <dst id="WASHng">29902.88</dst>
        </src>
        <src id="HSTNng">
            <dst id="ATLA-M5">2851.25333333333</dst>
            <dst id="ATLAng">35218.048</dst>
            <dst id="CHINng">12261.1573333333</dst>
            <dst id="DNVRng">2149.54933333333</dst>
            <dst id="HSTNng">10231.5626666667</dst>
            <dst id="IPLSng">8743.48533333333</dst>
            <dst id="KSCYng">1220.22933333333</dst>
            <dst id="LOSAng">13717.856</dst>
            <dst id="NYCMng">1866.06133333333</dst>
            <dst id="SNVAng">0</dst>
            <dst id="STTLng">1773.41866666667</dst>
            <dst id="WASHng">5115.568</dst>
        </src>
        <src id="IPLSng">
            <dst id="ATLA-M5">133.333333333333</dst>
            <dst id="ATLAng">12473.5786666667</dst>
            <dst id="CHINng">62863.3946666667</dst>
            <dst id="DNVRng">4776.472</dst>
            <dst id="HSTNng">2966.792</dst>
            <dst id="IPLSng">23895.6586666667</dst>
            <dst id="KSCYng">2927.992</dst>
            <dst id="LOSAng">44188.3013333334</dst>
            <dst id="NYCMng">26151.2266666667</dst>
            <dst id="SNVAng">1952.79733333333</dst>
            <dst id="STTLng">15872.656</dst>
            <dst id="WASHng">18739.5066666667</dst>
        </src>
        <src id="KSCYng">
            <dst id="ATLA-M5">29.7173333333333</dst>
            <dst id="ATLAng">3773.43733333333</dst>
            <dst id="CHINng">28491.2906666667</dst>
            <dst id="DNVRng">13053.9706666667</dst>
            <dst id="HSTNng">7451.42666666667</dst>
            <dst id="IPLSng">16695.44</dst>
            <dst id="KSCYng">7811.75733333333</dst>
            <dst id="LOSAng">9628.768</dst>
            <dst id="NYCMng">4115.25066666667</dst>
            <dst id="SNVAng">1367.12266666667</dst>
            <dst id="STTLng">2116.784</dst>
            <dst id="WASHng">7812.488</dst>
        </src>
        <src id="LOSAng">
            <dst id="ATLA-M5">514.472</dst>
            <dst id="ATLAng">19887.9546666667</dst>
            <dst id="CHINng">75574.0746666667</dst>
            <dst id="DNVRng">9492.088</dst>
            <dst id="HSTNng">9824.65066666667</dst>
            <dst id="IPLSng">54925.384</dst>
            <dst id="KSCYng">6043.032</dst>
            <dst id="LOSAng">22990.312</dst>
            <dst id="NYCMng">108190.656</dst>
            <dst id="SNVAng">10981.2426666667</dst>
            <dst id="STTLng">57238.888</dst>
            <dst id="WASHng">99955.2746666667</dst>
        </src>
        <src id="NYCMng">
            <dst id="ATLA-M5">112.221333333333</dst>
            <dst id="ATLAng">40621.936</dst>
            <dst id="CHINng">43426.968</dst>
            <dst id="DNVRng">122030.648</dst>
            <dst id="HSTNng">8362.49333333333</dst>
            <dst id="IPLSng">41502.0906666667</dst>
            <dst id="KSCYng">13486.6826666667</dst>
            <dst id="LOSAng">108351.098666667</dst>
            <dst id="NYCMng">61445.8773333333</dst>
            <dst id="SNVAng">2677.55466666667</dst>
            <dst id="STTLng">36023.5973333333</dst>
            <dst id="WASHng">65610.184</dst>
        </src>
        <src id="SNVAng">
            <dst id="ATLA-M5">0</dst>
            <dst id="ATLAng">0</dst>
            <dst id="CHINng">185.333333333333</dst>
            <dst id="DNVRng">7143.92</dst>
            <dst id="HSTNng">80</dst>
            <dst id="IPLSng">353.584</dst>
            <dst id="KSCYng">26.6666666666667</dst>
            <dst id="LOSAng">30283.968</dst>
            <dst id="NYCMng">606.768</dst>
            <dst id="SNVAng">8541.30133333333</dst>
            <dst id="STTLng">20974.2533333333</dst>
            <dst id="WASHng">96.1573333333333</dst>
        </src>
        <src id="STTLng">
            <dst id="ATLA-M5">37.1813333333333</dst>
            <dst id="ATLAng">11467.928</dst>
            <dst id="CHINng">13775.6293333333</dst>
            <dst id="DNVRng">2081.128</dst>
            <dst id="HSTNng">3800.76</dst>
            <dst id="IPLSng">5595.976</dst>
            <dst id="KSCYng">3847.17066666667</dst>
            <dst id="LOSAng">36685.0453333333</dst>
            <dst id="NYCMng">8942.25333333333</dst>
            <dst id="SNVAng">10000.2586666667</dst>
            <dst id="STTLng">5565.66933333334</dst>
            <dst id="WASHng">7793.38133333333</dst>
        </src>
        <src id="WASHng">
            <dst id="ATLA-M5">824.466666666667</dst>
            <dst id="ATLAng">123288.944</dst>
            <dst id="CHINng">83289.1306666667</dst>
            <dst id="DNVRng">61510.9013333333</dst>
            <dst id="HSTNng">23946.1146666667</dst>
            <dst id="IPLSng">71605.448</dst>
            <dst id="KSCYng">18453.2293333333</dst>
            <dst id="LOSAng">128320.632</dst>
            <dst id="NYCMng">123819.752</dst>
            <dst id="SNVAng">7647.32533333333</dst>
            <dst id="STTLng">44150.3706666667</dst>
            <dst id="WASHng">245426.693333333</dst>
        </src>
    </IntraTM>
</TrafficMatrixFile>
