<?xml version="1.0" encoding="ISO-8859-1" standalone="yes"?>
<TrafficMatrixFile xsi:noNamespaceSchemaLocation="http://totem.run.montefiore.ulg.ac.be/Schema/TrafficMatrix-v1_2.xsd" xmlns:xsi="http://www.w3.org/2001/XMLSchema-instance">
    <IntraTM ASID="11537">
        <src id="ATLA-M5">
            <dst id="ATLA-M5">248.949333333333</dst>
            <dst id="ATLAng">246.144</dst>
            <dst id="CHINng">187.944</dst>
            <dst id="DNVRng">74.7946666666667</dst>
            <dst id="HSTNng">201.112</dst>
            <dst id="IPLSng">359.704</dst>
            <dst id="KSCYng">122.608</dst>
            <dst id="LOSAng">769.077333333333</dst>
            <dst id="NYCMng">504.698666666667</dst>
            <dst id="SNVAng">13.3333333333333</dst>
            <dst id="STTLng">53.3333333333333</dst>
            <dst id="WASHng">3182.41866666667</dst>
        </src>
        <src id="ATLAng">
            <dst id="ATLA-M5">185.450666666667</dst>
            <dst id="ATLAng">73604.096</dst>
            <dst id="CHINng">19315.072</dst>
            <dst id="DNVRng">7247.00266666667</dst>
            <dst id="HSTNng">3986.48533333333</dst>
            <dst id="IPLSng">16686.496</dst>
            <dst id="KSCYng">7377.07466666667</dst>
            <dst id="LOSAng">18051.4626666667</dst>
            <dst id="NYCMng">15938.3866666667</dst>
            <dst id="SNVAng">735.862666666667</dst>
            <dst id="STTLng">7910.64266666667</dst>
            <dst id="WASHng">55221.296</dst>
        </src>
        <src id="CHINng">
            <dst id="ATLA-M5">447.565333333333</dst>
            <dst id="ATLAng">29886.88</dst>
            <dst id="CHINng">128493.677333333</dst>
            <dst id="DNVRng">21256.4853333333</dst>
            <dst id="HSTNng">13349.9146666667</dst>
            <dst id="IPLSng">53856.0373333333</dst>
            <dst id="KSCYng">7207.86666666667</dst>
            <dst id="LOSAng">55703.1253333333</dst>
            <dst id="NYCMng">7439.152</dst>
            <dst id="SNVAng">4498.056</dst>
            <dst id="STTLng">10945.1173333333</dst>
            <dst id="WASHng">35493.168</dst>
        </src>
        <src id="DNVRng">
            <dst id="ATLA-M5">119.626666666667</dst>
            <dst id="ATLAng">16752.688</dst>
            <dst id="CHINng">48889.0906666667</dst>
            <dst id="DNVRng">13667.2053333333</dst>
            <dst id="HSTNng">23621.712</dst>
            <dst id="IPLSng">24953.1253333333</dst>
            <dst id="KSCYng">20868.8426666667</dst>
            <dst id="LOSAng">18279.1226666667</dst>
            <dst id="NYCMng">16097.768</dst>
            <dst id="SNVAng">22936.496</dst>
            <dst id="STTLng">14485.0613333333</dst>
            <dst id="WASHng">34641.3173333333</dst>
        </src>
        <src id="HSTNng">
            <dst id="ATLA-M5">1238.21866666667</dst>
            <dst id="ATLAng">16813.28</dst>
            <dst id="CHINng">38123.2373333333</dst>
            <dst id="DNVRng">10056.7706666667</dst>
            <dst id="HSTNng">7394.42666666667</dst>
            <dst id="IPLSng">5452.59466666667</dst>
            <dst id="KSCYng">3801.96533333333</dst>
            <dst id="LOSAng">12674.488</dst>
            <dst id="NYCMng">2632.58133333333</dst>
            <dst id="SNVAng">236.338666666667</dst>
            <dst id="STTLng">4280.47733333333</dst>
            <dst id="WASHng">13729.1333333333</dst>
        </src>
        <src id="IPLSng">
            <dst id="ATLA-M5">132.312</dst>
            <dst id="ATLAng">18608.768</dst>
            <dst id="CHINng">75974.168</dst>
            <dst id="DNVRng">11237.0053333333</dst>
            <dst id="HSTNng">13380.552</dst>
            <dst id="IPLSng">54818.128</dst>
            <dst id="KSCYng">10143.9013333333</dst>
            <dst id="LOSAng">51060.3093333333</dst>
            <dst id="NYCMng">37403.6266666667</dst>
            <dst id="SNVAng">5366.68533333333</dst>
            <dst id="STTLng">10476.3973333333</dst>
            <dst id="WASHng">43317.448</dst>
        </src>
        <src id="KSCYng">
            <dst id="ATLA-M5">1085.008</dst>
            <dst id="ATLAng">5978.09866666667</dst>
            <dst id="CHINng">26562.144</dst>
            <dst id="DNVRng">11174.552</dst>
            <dst id="HSTNng">10098.7626666667</dst>
            <dst id="IPLSng">10049.064</dst>
            <dst id="KSCYng">3777.912</dst>
            <dst id="LOSAng">7379.736</dst>
            <dst id="NYCMng">3821.54133333333</dst>
            <dst id="SNVAng">1281.30933333333</dst>
            <dst id="STTLng">3224.79733333333</dst>
            <dst id="WASHng">10860.5706666667</dst>
        </src>
        <src id="LOSAng">
            <dst id="ATLA-M5">541.186666666667</dst>
            <dst id="ATLAng">45256.5306666667</dst>
            <dst id="CHINng">116193.509333333</dst>
            <dst id="DNVRng">18567.4293333333</dst>
            <dst id="HSTNng">24185.784</dst>
            <dst id="IPLSng">57508.7226666667</dst>
            <dst id="KSCYng">13274.5093333333</dst>
            <dst id="LOSAng">16440.8266666667</dst>
            <dst id="NYCMng">71316.44</dst>
            <dst id="SNVAng">18283.6293333333</dst>
            <dst id="STTLng">42147.208</dst>
            <dst id="WASHng">123350.328</dst>
        </src>
        <src id="NYCMng">
            <dst id="ATLA-M5">4568.22133333333</dst>
            <dst id="ATLAng">56303.296</dst>
            <dst id="CHINng">56238.4453333333</dst>
            <dst id="DNVRng">130614.437333333</dst>
            <dst id="HSTNng">11905.2426666667</dst>
            <dst id="IPLSng">47483.848</dst>
            <dst id="KSCYng">23807.176</dst>
            <dst id="LOSAng">77412.672</dst>
            <dst id="NYCMng">139584.645333333</dst>
            <dst id="SNVAng">5078.08</dst>
            <dst id="STTLng">26229.912</dst>
            <dst id="WASHng">99073.0533333334</dst>
        </src>
        <src id="SNVAng">
            <dst id="ATLA-M5">0</dst>
            <dst id="ATLAng">466.872</dst>
            <dst id="CHINng">4624.096</dst>
            <dst id="DNVRng">7408.67733333333</dst>
            <dst id="HSTNng">235.552</dst>
            <dst id="IPLSng">6039.02666666667</dst>
            <dst id="KSCYng">229.456</dst>
            <dst id="LOSAng">48866.24</dst>
            <dst id="NYCMng">1477.12533333333</dst>
            <dst id="SNVAng">18318.7973333333</dst>
            <dst id="STTLng">40766.8613333333</dst>
            <dst id="WASHng">1067.32533333333</dst>
        </src>
        <src id="STTLng">
            <dst id="ATLA-M5">401.728</dst>
            <dst id="ATLAng">16843.4213333333</dst>
            <dst id="CHINng">23368.2986666667</dst>
            <dst id="DNVRng">4731.28</dst>
            <dst id="HSTNng">3482.92533333333</dst>
            <dst id="IPLSng">14030.2213333333</dst>
            <dst id="KSCYng">5922.64266666667</dst>
            <dst id="LOSAng">31925.1786666667</dst>
            <dst id="NYCMng">14200.496</dst>
            <dst id="SNVAng">6187.41066666667</dst>
            <dst id="STTLng">7647.32533333333</dst>
            <dst id="WASHng">20399.5226666667</dst>
        </src>
        <src id="WASHng">
            <dst id="ATLA-M5">1125.39733333333</dst>
            <dst id="ATLAng">114085.738666667</dst>
            <dst id="CHINng">109766.005333333</dst>
            <dst id="DNVRng">76690.2693333333</dst>
            <dst id="HSTNng">28098.712</dst>
            <dst id="IPLSng">83141.536</dst>
            <dst id="KSCYng">21346.4933333333</dst>
            <dst id="LOSAng">129197.125333333</dst>
            <dst id="NYCMng">145987.042666667</dst>
            <dst id="SNVAng">2989.664</dst>
            <dst id="STTLng">39179.5333333333</dst>
            <dst id="WASHng">404748.746666667</dst>
        </src>
    </IntraTM>
</TrafficMatrixFile>
