<?xml version="1.0" encoding="ISO-8859-1" standalone="yes"?>
<TrafficMatrixFile xsi:noNamespaceSchemaLocation="http://totem.run.montefiore.ulg.ac.be/Schema/TrafficMatrix-v1_2.xsd" xmlns:xsi="http://www.w3.org/2001/XMLSchema-instance">
    <IntraTM ASID="11537">
        <src id="ATLA-M5">
            <dst id="ATLA-M5">0</dst>
            <dst id="ATLAng">970.696</dst>
            <dst id="CHINng">26.6666666666667</dst>
            <dst id="DNVRng">26.6666666666667</dst>
            <dst id="HSTNng">111.685333333333</dst>
            <dst id="IPLSng">26.6666666666667</dst>
            <dst id="KSCYng">0</dst>
            <dst id="LOSAng">93.4613333333333</dst>
            <dst id="NYCMng">0</dst>
            <dst id="SNVAng">0</dst>
            <dst id="STTLng">0</dst>
            <dst id="WASHng">654.197333333333</dst>
        </src>
        <src id="ATLAng">
            <dst id="ATLA-M5">234.133333333333</dst>
            <dst id="ATLAng">23635.5546666667</dst>
            <dst id="CHINng">10923.5253333333</dst>
            <dst id="DNVRng">13309.976</dst>
            <dst id="HSTNng">669.669333333333</dst>
            <dst id="IPLSng">16167.5786666667</dst>
            <dst id="KSCYng">1592.288</dst>
            <dst id="LOSAng">13945.4866666667</dst>
            <dst id="NYCMng">8388.248</dst>
            <dst id="SNVAng">93.2813333333333</dst>
            <dst id="STTLng">7228.68533333334</dst>
            <dst id="WASHng">39397.2693333333</dst>
        </src>
        <src id="CHINng">
            <dst id="ATLA-M5">26.6666666666667</dst>
            <dst id="ATLAng">4507.96533333333</dst>
            <dst id="CHINng">123355.968</dst>
            <dst id="DNVRng">12213.6746666667</dst>
            <dst id="HSTNng">2839.69866666667</dst>
            <dst id="IPLSng">22821.4213333333</dst>
            <dst id="KSCYng">12256.872</dst>
            <dst id="LOSAng">57999.7733333333</dst>
            <dst id="NYCMng">10995.232</dst>
            <dst id="SNVAng">330.72</dst>
            <dst id="STTLng">5324.84266666667</dst>
            <dst id="WASHng">7536.49866666667</dst>
        </src>
        <src id="DNVRng">
            <dst id="ATLA-M5">26.6666666666667</dst>
            <dst id="ATLAng">6450.65066666667</dst>
            <dst id="CHINng">51238.2293333333</dst>
            <dst id="DNVRng">19207.496</dst>
            <dst id="HSTNng">20630.4693333333</dst>
            <dst id="IPLSng">21162.736</dst>
            <dst id="KSCYng">12337.816</dst>
            <dst id="LOSAng">14092.7093333333</dst>
            <dst id="NYCMng">13641.688</dst>
            <dst id="SNVAng">8231.25866666666</dst>
            <dst id="STTLng">8650.71466666667</dst>
            <dst id="WASHng">31543.856</dst>
        </src>
        <src id="HSTNng">
            <dst id="ATLA-M5">3614.41066666667</dst>
            <dst id="ATLAng">1882.192</dst>
            <dst id="CHINng">13453.072</dst>
            <dst id="DNVRng">7416.89333333333</dst>
            <dst id="HSTNng">4894.31466666667</dst>
            <dst id="IPLSng">924.349333333333</dst>
            <dst id="KSCYng">1177.55466666667</dst>
            <dst id="LOSAng">10453.6026666667</dst>
            <dst id="NYCMng">1820.65866666667</dst>
            <dst id="SNVAng">0</dst>
            <dst id="STTLng">2925.61066666667</dst>
            <dst id="WASHng">1636.83466666667</dst>
        </src>
        <src id="IPLSng">
            <dst id="ATLA-M5">63.9893333333333</dst>
            <dst id="ATLAng">18870.68</dst>
            <dst id="CHINng">72984.2666666667</dst>
            <dst id="DNVRng">2458.57333333333</dst>
            <dst id="HSTNng">1176.952</dst>
            <dst id="IPLSng">35291.872</dst>
            <dst id="KSCYng">2435.50133333333</dst>
            <dst id="LOSAng">39375.28</dst>
            <dst id="NYCMng">9612.81066666667</dst>
            <dst id="SNVAng">184.402666666667</dst>
            <dst id="STTLng">10469.1813333333</dst>
            <dst id="WASHng">16198.4826666667</dst>
        </src>
        <src id="KSCYng">
            <dst id="ATLA-M5">0</dst>
            <dst id="ATLAng">3432.46133333333</dst>
            <dst id="CHINng">36988.0453333333</dst>
            <dst id="DNVRng">9309.33066666666</dst>
            <dst id="HSTNng">2116.44533333333</dst>
            <dst id="IPLSng">7395.38133333333</dst>
            <dst id="KSCYng">4592.464</dst>
            <dst id="LOSAng">5802.37866666667</dst>
            <dst id="NYCMng">7821.02933333333</dst>
            <dst id="SNVAng">5535.31466666667</dst>
            <dst id="STTLng">2628.50933333333</dst>
            <dst id="WASHng">4745.60533333333</dst>
        </src>
        <src id="LOSAng">
            <dst id="ATLA-M5">26.6666666666667</dst>
            <dst id="ATLAng">6340.76</dst>
            <dst id="CHINng">124539.829333333</dst>
            <dst id="DNVRng">6609.85866666667</dst>
            <dst id="HSTNng">5568.89066666667</dst>
            <dst id="IPLSng">32325.368</dst>
            <dst id="KSCYng">4785.07466666667</dst>
            <dst id="LOSAng">20544.448</dst>
            <dst id="NYCMng">57045.312</dst>
            <dst id="SNVAng">6116.976</dst>
            <dst id="STTLng">44097.16</dst>
            <dst id="WASHng">87988.344</dst>
        </src>
        <src id="NYCMng">
            <dst id="ATLA-M5">305.781333333333</dst>
            <dst id="ATLAng">22079.4693333333</dst>
            <dst id="CHINng">57100.48</dst>
            <dst id="DNVRng">115902.946666667</dst>
            <dst id="HSTNng">3519.73866666667</dst>
            <dst id="IPLSng">21026.688</dst>
            <dst id="KSCYng">12204.6213333333</dst>
            <dst id="LOSAng">86664.5706666666</dst>
            <dst id="NYCMng">73051.504</dst>
            <dst id="SNVAng">2158.584</dst>
            <dst id="STTLng">25988.5706666667</dst>
            <dst id="WASHng">47410.6586666667</dst>
        </src>
        <src id="SNVAng">
            <dst id="ATLA-M5">0</dst>
            <dst id="ATLAng">26.6666666666667</dst>
            <dst id="CHINng">367.637333333333</dst>
            <dst id="DNVRng">297.026666666667</dst>
            <dst id="HSTNng">32.1706666666667</dst>
            <dst id="IPLSng">252.368</dst>
            <dst id="KSCYng">0</dst>
            <dst id="LOSAng">28706.0586666667</dst>
            <dst id="NYCMng">193.365333333333</dst>
            <dst id="SNVAng">10155.7573333333</dst>
            <dst id="STTLng">26699.1946666667</dst>
            <dst id="WASHng">53.5786666666667</dst>
        </src>
        <src id="STTLng">
            <dst id="ATLA-M5">59.5226666666667</dst>
            <dst id="ATLAng">8398.89066666667</dst>
            <dst id="CHINng">36459.952</dst>
            <dst id="DNVRng">2406.808</dst>
            <dst id="HSTNng">601.424</dst>
            <dst id="IPLSng">7275.34933333333</dst>
            <dst id="KSCYng">6187.144</dst>
            <dst id="LOSAng">22291.0026666667</dst>
            <dst id="NYCMng">10158.92</dst>
            <dst id="SNVAng">10698.5786666667</dst>
            <dst id="STTLng">2830.84266666667</dst>
            <dst id="WASHng">5345.17066666667</dst>
        </src>
        <src id="WASHng">
            <dst id="ATLA-M5">99.952</dst>
            <dst id="ATLAng">86233.7733333334</dst>
            <dst id="CHINng">69314.104</dst>
            <dst id="DNVRng">49678.3013333333</dst>
            <dst id="HSTNng">30044.3866666667</dst>
            <dst id="IPLSng">46776.1706666667</dst>
            <dst id="KSCYng">17381.736</dst>
            <dst id="LOSAng">108498.765333333</dst>
            <dst id="NYCMng">97550.704</dst>
            <dst id="SNVAng">4886.26933333333</dst>
            <dst id="STTLng">18706.4346666667</dst>
            <dst id="WASHng">236764.376</dst>
        </src>
    </IntraTM>
</TrafficMatrixFile>
