<?xml version="1.0" encoding="ISO-8859-1" standalone="yes"?>
<TrafficMatrixFile xsi:noNamespaceSchemaLocation="http://totem.run.montefiore.ulg.ac.be/Schema/TrafficMatrix-v1_2.xsd" xmlns:xsi="http://www.w3.org/2001/XMLSchema-instance">
    <IntraTM ASID="11537">
        <src id="ATLA-M5">
            <dst id="ATLA-M5">140.568</dst>
            <dst id="ATLAng">198.221333333333</dst>
            <dst id="CHINng">1277.536</dst>
            <dst id="DNVRng">142.448</dst>
            <dst id="HSTNng">216.818666666667</dst>
            <dst id="IPLSng">157.626666666667</dst>
            <dst id="KSCYng">39.6453333333333</dst>
            <dst id="LOSAng">339.181333333333</dst>
            <dst id="NYCMng">53.3333333333333</dst>
            <dst id="SNVAng">0</dst>
            <dst id="STTLng">0</dst>
            <dst id="WASHng">345.274666666667</dst>
        </src>
        <src id="ATLAng">
            <dst id="ATLA-M5">589.112</dst>
            <dst id="ATLAng">38305.4293333333</dst>
            <dst id="CHINng">21128.6853333333</dst>
            <dst id="DNVRng">8140.00533333333</dst>
            <dst id="HSTNng">2472.248</dst>
            <dst id="IPLSng">16125.9226666667</dst>
            <dst id="KSCYng">3478.672</dst>
            <dst id="LOSAng">15457.4893333333</dst>
            <dst id="NYCMng">10580.4453333333</dst>
            <dst id="SNVAng">1334.708</dst>
            <dst id="STTLng">6145.312</dst>
            <dst id="WASHng">56485.552</dst>
        </src>
        <src id="CHINng">
            <dst id="ATLA-M5">280.037333333333</dst>
            <dst id="ATLAng">36237.9786666667</dst>
            <dst id="CHINng">133361.648</dst>
            <dst id="DNVRng">15969.2826666667</dst>
            <dst id="HSTNng">6919.888</dst>
            <dst id="IPLSng">51148.112</dst>
            <dst id="KSCYng">9729.11733333333</dst>
            <dst id="LOSAng">43673.496</dst>
            <dst id="NYCMng">17524.2586666667</dst>
            <dst id="SNVAng">2008.62933333333</dst>
            <dst id="STTLng">14462.2213333333</dst>
            <dst id="WASHng">30072.5653333333</dst>
        </src>
        <src id="DNVRng">
            <dst id="ATLA-M5">309.84</dst>
            <dst id="ATLAng">20139.8186666667</dst>
            <dst id="CHINng">49591.464</dst>
            <dst id="DNVRng">23507.7546666667</dst>
            <dst id="HSTNng">21772.592</dst>
            <dst id="IPLSng">30067.7706666667</dst>
            <dst id="KSCYng">21239.624</dst>
            <dst id="LOSAng">10931.5546666667</dst>
            <dst id="NYCMng">16073.544</dst>
            <dst id="SNVAng">55852.3066666667</dst>
            <dst id="STTLng">16076.024</dst>
            <dst id="WASHng">48421.7786666667</dst>
        </src>
        <src id="HSTNng">
            <dst id="ATLA-M5">2363.10133333333</dst>
            <dst id="ATLAng">4574.81333333333</dst>
            <dst id="CHINng">40534.3733333333</dst>
            <dst id="DNVRng">10106.8853333333</dst>
            <dst id="HSTNng">6288.12266666667</dst>
            <dst id="IPLSng">2126.92533333333</dst>
            <dst id="KSCYng">2311.72533333333</dst>
            <dst id="LOSAng">9297.184</dst>
            <dst id="NYCMng">2394.26133333333</dst>
            <dst id="SNVAng">138.725333333333</dst>
            <dst id="STTLng">3226.80266666667</dst>
            <dst id="WASHng">9145.78133333334</dst>
        </src>
        <src id="IPLSng">
            <dst id="ATLA-M5">243.229333333333</dst>
            <dst id="ATLAng">20977.6293333333</dst>
            <dst id="CHINng">82667.4186666667</dst>
            <dst id="DNVRng">8476.62666666667</dst>
            <dst id="HSTNng">4644.80533333333</dst>
            <dst id="IPLSng">36683.832</dst>
            <dst id="KSCYng">18562.5386666667</dst>
            <dst id="LOSAng">38111.168</dst>
            <dst id="NYCMng">24103.576</dst>
            <dst id="SNVAng">1182.26133333333</dst>
            <dst id="STTLng">13632.0933333333</dst>
            <dst id="WASHng">41475.2906666667</dst>
        </src>
        <src id="KSCYng">
            <dst id="ATLA-M5">86.1253333333333</dst>
            <dst id="ATLAng">5517.04266666667</dst>
            <dst id="CHINng">24635.5706666667</dst>
            <dst id="DNVRng">10427.1733333333</dst>
            <dst id="HSTNng">5273.60266666667</dst>
            <dst id="IPLSng">16841.408</dst>
            <dst id="KSCYng">7161.26933333333</dst>
            <dst id="LOSAng">9353.62133333333</dst>
            <dst id="NYCMng">3459.34933333333</dst>
            <dst id="SNVAng">131.882666666667</dst>
            <dst id="STTLng">1185.04</dst>
            <dst id="WASHng">13038.912</dst>
        </src>
        <src id="LOSAng">
            <dst id="ATLA-M5">1802.296</dst>
            <dst id="ATLAng">26750.6986666667</dst>
            <dst id="CHINng">132388.984</dst>
            <dst id="DNVRng">29440.2186666667</dst>
            <dst id="HSTNng">10280.4293333333</dst>
            <dst id="IPLSng">53781.328</dst>
            <dst id="KSCYng">10051.9013333333</dst>
            <dst id="LOSAng">11529.688</dst>
            <dst id="NYCMng">64608.5626666667</dst>
            <dst id="SNVAng">17329.9146666667</dst>
            <dst id="STTLng">42705.144</dst>
            <dst id="WASHng">124017.322666667</dst>
        </src>
        <src id="NYCMng">
            <dst id="ATLA-M5">275.482666666667</dst>
            <dst id="ATLAng">66005.4373333333</dst>
            <dst id="CHINng">65136.2133333333</dst>
            <dst id="DNVRng">41161.2906666667</dst>
            <dst id="HSTNng">13028.6293333333</dst>
            <dst id="IPLSng">58885.192</dst>
            <dst id="KSCYng">22185.976</dst>
            <dst id="LOSAng">68353.7226666667</dst>
            <dst id="NYCMng">161520.96</dst>
            <dst id="SNVAng">3539.384</dst>
            <dst id="STTLng">23407.8746666667</dst>
            <dst id="WASHng">106681.621333333</dst>
        </src>
        <src id="SNVAng">
            <dst id="ATLA-M5">0</dst>
            <dst id="ATLAng">246.656</dst>
            <dst id="CHINng">3476.05333333333</dst>
            <dst id="DNVRng">17686.904</dst>
            <dst id="HSTNng">155.706666666667</dst>
            <dst id="IPLSng">6716.05866666667</dst>
            <dst id="KSCYng">191.664</dst>
            <dst id="LOSAng">31457.0586666667</dst>
            <dst id="NYCMng">419.061333333333</dst>
            <dst id="SNVAng">15134.0213333333</dst>
            <dst id="STTLng">27111.4026666667</dst>
            <dst id="WASHng">246.709333333333</dst>
        </src>
        <src id="STTLng">
            <dst id="ATLA-M5">280.776</dst>
            <dst id="ATLAng">15281.7813333333</dst>
            <dst id="CHINng">40260.7253333333</dst>
            <dst id="DNVRng">2777.62666666667</dst>
            <dst id="HSTNng">7975.31733333333</dst>
            <dst id="IPLSng">11248.0933333333</dst>
            <dst id="KSCYng">4402.424</dst>
            <dst id="LOSAng">24879.5173333333</dst>
            <dst id="NYCMng">13275.4906666667</dst>
            <dst id="SNVAng">5393.24</dst>
            <dst id="STTLng">5548.25066666667</dst>
            <dst id="WASHng">23099.2133333333</dst>
        </src>
        <src id="WASHng">
            <dst id="ATLA-M5">613.978666666667</dst>
            <dst id="ATLAng">110914.856</dst>
            <dst id="CHINng">91579.008</dst>
            <dst id="DNVRng">80477.3626666667</dst>
            <dst id="HSTNng">44042.0693333333</dst>
            <dst id="IPLSng">73731</dst>
            <dst id="KSCYng">28193.5706666667</dst>
            <dst id="LOSAng">114229.269333333</dst>
            <dst id="NYCMng">192625.608</dst>
            <dst id="SNVAng">3866.48533333333</dst>
            <dst id="STTLng">41812.3786666667</dst>
            <dst id="WASHng">376891.653333333</dst>
        </src>
    </IntraTM>
</TrafficMatrixFile>
