<?xml version="1.0" encoding="ISO-8859-1" standalone="yes"?>
<TrafficMatrixFile xsi:noNamespaceSchemaLocation="http://totem.run.montefiore.ulg.ac.be/Schema/TrafficMatrix-v1_2.xsd" xmlns:xsi="http://www.w3.org/2001/XMLSchema-instance">
    <IntraTM ASID="11537">
        <src id="ATLA-M5">
            <dst id="ATLA-M5">0</dst>
            <dst id="ATLAng">0</dst>
            <dst id="CHINng">58.9706666666667</dst>
            <dst id="DNVRng">0</dst>
            <dst id="HSTNng">26.6666666666667</dst>
            <dst id="IPLSng">107.568</dst>
            <dst id="KSCYng">33.12</dst>
            <dst id="LOSAng">84.6906666666667</dst>
            <dst id="NYCMng">26.6666666666667</dst>
            <dst id="SNVAng">31.3573333333333</dst>
            <dst id="STTLng">26.6666666666667</dst>
            <dst id="WASHng">1637.94933333333</dst>
        </src>
        <src id="ATLAng">
            <dst id="ATLA-M5">142.384</dst>
            <dst id="ATLAng">29197.0826666667</dst>
            <dst id="CHINng">7051.85866666667</dst>
            <dst id="DNVRng">4059.37866666667</dst>
            <dst id="HSTNng">495.661333333333</dst>
            <dst id="IPLSng">9098.56</dst>
            <dst id="KSCYng">710.989333333333</dst>
            <dst id="LOSAng">15705.7413333333</dst>
            <dst id="NYCMng">4433.552</dst>
            <dst id="SNVAng">291.325333333333</dst>
            <dst id="STTLng">3813.85333333333</dst>
            <dst id="WASHng">41898.0826666667</dst>
        </src>
        <src id="CHINng">
            <dst id="ATLA-M5">365.024</dst>
            <dst id="ATLAng">40022.5093333333</dst>
            <dst id="CHINng">84867.9306666666</dst>
            <dst id="DNVRng">16429.592</dst>
            <dst id="HSTNng">4236.50933333333</dst>
            <dst id="IPLSng">31826.5626666667</dst>
            <dst id="KSCYng">17146.5226666667</dst>
            <dst id="LOSAng">48299.504</dst>
            <dst id="NYCMng">4560.872</dst>
            <dst id="SNVAng">259.173333333333</dst>
            <dst id="STTLng">5256.21066666667</dst>
            <dst id="WASHng">17857.8373333333</dst>
        </src>
        <src id="DNVRng">
            <dst id="ATLA-M5">143.84</dst>
            <dst id="ATLAng">6112.064</dst>
            <dst id="CHINng">52991.1866666667</dst>
            <dst id="DNVRng">13123.96</dst>
            <dst id="HSTNng">23775.928</dst>
            <dst id="IPLSng">22254.528</dst>
            <dst id="KSCYng">22570.9226666667</dst>
            <dst id="LOSAng">11279.5786666667</dst>
            <dst id="NYCMng">12366.9013333333</dst>
            <dst id="SNVAng">10950.5173333333</dst>
            <dst id="STTLng">10019.072</dst>
            <dst id="WASHng">36501.968</dst>
        </src>
        <src id="HSTNng">
            <dst id="ATLA-M5">157.653333333333</dst>
            <dst id="ATLAng">3849.68533333333</dst>
            <dst id="CHINng">11974.5173333333</dst>
            <dst id="DNVRng">1254.61333333333</dst>
            <dst id="HSTNng">2834.98133333333</dst>
            <dst id="IPLSng">111.613333333333</dst>
            <dst id="KSCYng">3698.22666666667</dst>
            <dst id="LOSAng">10175.432</dst>
            <dst id="NYCMng">3240.01866666667</dst>
            <dst id="SNVAng">0</dst>
            <dst id="STTLng">1579.96</dst>
            <dst id="WASHng">2657.16533333333</dst>
        </src>
        <src id="IPLSng">
            <dst id="ATLA-M5">0</dst>
            <dst id="ATLAng">11351.6053333333</dst>
            <dst id="CHINng">78584.56</dst>
            <dst id="DNVRng">6436.54933333333</dst>
            <dst id="HSTNng">1808.93066666667</dst>
            <dst id="IPLSng">11859.6266666667</dst>
            <dst id="KSCYng">2542.584</dst>
            <dst id="LOSAng">67394.6986666667</dst>
            <dst id="NYCMng">23727.832</dst>
            <dst id="SNVAng">1173.54133333333</dst>
            <dst id="STTLng">9827.91466666667</dst>
            <dst id="WASHng">15575.832</dst>
        </src>
        <src id="KSCYng">
            <dst id="ATLA-M5">0</dst>
            <dst id="ATLAng">1624.584</dst>
            <dst id="CHINng">18375.9146666667</dst>
            <dst id="DNVRng">15191.9253333333</dst>
            <dst id="HSTNng">2603.888</dst>
            <dst id="IPLSng">22994.4773333333</dst>
            <dst id="KSCYng">9404.656</dst>
            <dst id="LOSAng">8610.17066666667</dst>
            <dst id="NYCMng">4763.488</dst>
            <dst id="SNVAng">34.072</dst>
            <dst id="STTLng">2717.74133333333</dst>
            <dst id="WASHng">7113.672</dst>
        </src>
        <src id="LOSAng">
            <dst id="ATLA-M5">236.629333333333</dst>
            <dst id="ATLAng">41590.28</dst>
            <dst id="CHINng">106928.989333333</dst>
            <dst id="DNVRng">11989.4106666667</dst>
            <dst id="HSTNng">4610.96533333333</dst>
            <dst id="IPLSng">28993.3173333333</dst>
            <dst id="KSCYng">1830.98933333333</dst>
            <dst id="LOSAng">20644.696</dst>
            <dst id="NYCMng">59908.9173333333</dst>
            <dst id="SNVAng">7665.36</dst>
            <dst id="STTLng">42881.592</dst>
            <dst id="WASHng">118433.378666667</dst>
        </src>
        <src id="NYCMng">
            <dst id="ATLA-M5">623.456</dst>
            <dst id="ATLAng">35327.384</dst>
            <dst id="CHINng">46193.4773333333</dst>
            <dst id="DNVRng">22775.0906666667</dst>
            <dst id="HSTNng">9221.67466666667</dst>
            <dst id="IPLSng">25894.6746666667</dst>
            <dst id="KSCYng">8467.13866666667</dst>
            <dst id="LOSAng">89668.1253333333</dst>
            <dst id="NYCMng">94434.9733333333</dst>
            <dst id="SNVAng">2242.208</dst>
            <dst id="STTLng">24031.9866666667</dst>
            <dst id="WASHng">63586.152</dst>
        </src>
        <src id="SNVAng">
            <dst id="ATLA-M5">0</dst>
            <dst id="ATLAng">26.6666666666667</dst>
            <dst id="CHINng">133.333333333333</dst>
            <dst id="DNVRng">8076.968</dst>
            <dst id="HSTNng">125.226666666667</dst>
            <dst id="IPLSng">1163.472</dst>
            <dst id="KSCYng">96.6373333333333</dst>
            <dst id="LOSAng">53363.5546666667</dst>
            <dst id="NYCMng">8821.54133333333</dst>
            <dst id="SNVAng">8939.74666666667</dst>
            <dst id="STTLng">26177.6826666667</dst>
            <dst id="WASHng">53.3333333333333</dst>
        </src>
        <src id="STTLng">
            <dst id="ATLA-M5">0</dst>
            <dst id="ATLAng">9561.05866666667</dst>
            <dst id="CHINng">19921.9493333333</dst>
            <dst id="DNVRng">1363.016</dst>
            <dst id="HSTNng">2514.09333333333</dst>
            <dst id="IPLSng">10920.4053333333</dst>
            <dst id="KSCYng">2085.25866666667</dst>
            <dst id="LOSAng">28028.7733333333</dst>
            <dst id="NYCMng">12438.552</dst>
            <dst id="SNVAng">3449.46933333333</dst>
            <dst id="STTLng">2921.29066666667</dst>
            <dst id="WASHng">13000.5173333333</dst>
        </src>
        <src id="WASHng">
            <dst id="ATLA-M5">49.2853333333333</dst>
            <dst id="ATLAng">104874.477333333</dst>
            <dst id="CHINng">96496.432</dst>
            <dst id="DNVRng">65944.6586666667</dst>
            <dst id="HSTNng">13569.4053333333</dst>
            <dst id="IPLSng">29812.552</dst>
            <dst id="KSCYng">24965.4853333333</dst>
            <dst id="LOSAng">133285.288</dst>
            <dst id="NYCMng">145162.304</dst>
            <dst id="SNVAng">613.165333333333</dst>
            <dst id="STTLng">39585.5253333333</dst>
            <dst id="WASHng">215945.136</dst>
        </src>
    </IntraTM>
</TrafficMatrixFile>
