<?xml version="1.0" encoding="ISO-8859-1" standalone="yes"?>
<TrafficMatrixFile xsi:noNamespaceSchemaLocation="http://totem.run.montefiore.ulg.ac.be/Schema/TrafficMatrix-v1_2.xsd" xmlns:xsi="http://www.w3.org/2001/XMLSchema-instance">
    <IntraTM ASID="11537">
        <src id="ATLA-M5">
            <dst id="ATLA-M5">0</dst>
            <dst id="ATLAng">0</dst>
            <dst id="CHINng">171.613333333333</dst>
            <dst id="DNVRng">0</dst>
            <dst id="HSTNng">576.493333333333</dst>
            <dst id="IPLSng">0</dst>
            <dst id="KSCYng">91.8373333333333</dst>
            <dst id="LOSAng">789.994666666667</dst>
            <dst id="NYCMng">0</dst>
            <dst id="SNVAng">0</dst>
            <dst id="STTLng">26.6666666666667</dst>
            <dst id="WASHng">104.2</dst>
        </src>
        <src id="ATLAng">
            <dst id="ATLA-M5">145.410666666667</dst>
            <dst id="ATLAng">36698.464</dst>
            <dst id="CHINng">5974.64266666667</dst>
            <dst id="DNVRng">3635.34666666667</dst>
            <dst id="HSTNng">653.256</dst>
            <dst id="IPLSng">11907.1466666667</dst>
            <dst id="KSCYng">507.205333333333</dst>
            <dst id="LOSAng">14166.7093333333</dst>
            <dst id="NYCMng">5890.66933333334</dst>
            <dst id="SNVAng">65.7466666666667</dst>
            <dst id="STTLng">10936.8986666667</dst>
            <dst id="WASHng">18960.9733333333</dst>
        </src>
        <src id="CHINng">
            <dst id="ATLA-M5">634.205333333333</dst>
            <dst id="ATLAng">36565.2773333333</dst>
            <dst id="CHINng">55623.4746666667</dst>
            <dst id="DNVRng">10608.3813333333</dst>
            <dst id="HSTNng">8512.65333333333</dst>
            <dst id="IPLSng">23281.4373333333</dst>
            <dst id="KSCYng">12789.232</dst>
            <dst id="LOSAng">57227.776</dst>
            <dst id="NYCMng">4785.88533333333</dst>
            <dst id="SNVAng">218.997333333333</dst>
            <dst id="STTLng">9090.02666666667</dst>
            <dst id="WASHng">17621.1786666667</dst>
        </src>
        <src id="DNVRng">
            <dst id="ATLA-M5">220.586666666667</dst>
            <dst id="ATLAng">3589.51466666667</dst>
            <dst id="CHINng">43032.864</dst>
            <dst id="DNVRng">9362.688</dst>
            <dst id="HSTNng">26685.816</dst>
            <dst id="IPLSng">25812.1146666667</dst>
            <dst id="KSCYng">23947.7546666667</dst>
            <dst id="LOSAng">19787.36</dst>
            <dst id="NYCMng">12585.712</dst>
            <dst id="SNVAng">13180.904</dst>
            <dst id="STTLng">10811.088</dst>
            <dst id="WASHng">43139.512</dst>
        </src>
        <src id="HSTNng">
            <dst id="ATLA-M5">2539.792</dst>
            <dst id="ATLAng">17515.8293333333</dst>
            <dst id="CHINng">4126.06933333333</dst>
            <dst id="DNVRng">2085.77333333333</dst>
            <dst id="HSTNng">12831.504</dst>
            <dst id="IPLSng">672.386666666667</dst>
            <dst id="KSCYng">983.965333333333</dst>
            <dst id="LOSAng">10939.912</dst>
            <dst id="NYCMng">1715.208</dst>
            <dst id="SNVAng">0</dst>
            <dst id="STTLng">2900.488</dst>
            <dst id="WASHng">8234.95733333333</dst>
        </src>
        <src id="IPLSng">
            <dst id="ATLA-M5">52.096</dst>
            <dst id="ATLAng">19471.2906666667</dst>
            <dst id="CHINng">54016.672</dst>
            <dst id="DNVRng">3846.224</dst>
            <dst id="HSTNng">883.818666666667</dst>
            <dst id="IPLSng">17672.8053333333</dst>
            <dst id="KSCYng">3193.10666666667</dst>
            <dst id="LOSAng">58058.6506666667</dst>
            <dst id="NYCMng">25220.1226666667</dst>
            <dst id="SNVAng">279.258666666667</dst>
            <dst id="STTLng">12316.904</dst>
            <dst id="WASHng">18796.9173333333</dst>
        </src>
        <src id="KSCYng">
            <dst id="ATLA-M5">0</dst>
            <dst id="ATLAng">1504.28266666667</dst>
            <dst id="CHINng">12871.184</dst>
            <dst id="DNVRng">14436.3813333333</dst>
            <dst id="HSTNng">4599.34133333333</dst>
            <dst id="IPLSng">6688.872</dst>
            <dst id="KSCYng">4309.76533333333</dst>
            <dst id="LOSAng">11604.5946666667</dst>
            <dst id="NYCMng">2847.20533333333</dst>
            <dst id="SNVAng">182.96</dst>
            <dst id="STTLng">3217.98133333333</dst>
            <dst id="WASHng">13454.7226666667</dst>
        </src>
        <src id="LOSAng">
            <dst id="ATLA-M5">134.562666666667</dst>
            <dst id="ATLAng">50066.2026666667</dst>
            <dst id="CHINng">73744.016</dst>
            <dst id="DNVRng">7575.89866666667</dst>
            <dst id="HSTNng">13692.7493333333</dst>
            <dst id="IPLSng">53349.0053333333</dst>
            <dst id="KSCYng">9268.87466666667</dst>
            <dst id="LOSAng">18667.1946666667</dst>
            <dst id="NYCMng">65942.664</dst>
            <dst id="SNVAng">11280.5066666667</dst>
            <dst id="STTLng">47648.128</dst>
            <dst id="WASHng">94618.4346666667</dst>
        </src>
        <src id="NYCMng">
            <dst id="ATLA-M5">96.3573333333333</dst>
            <dst id="ATLAng">44775.3573333333</dst>
            <dst id="CHINng">40370.368</dst>
            <dst id="DNVRng">30368.944</dst>
            <dst id="HSTNng">5177.04266666667</dst>
            <dst id="IPLSng">55465.6746666667</dst>
            <dst id="KSCYng">4903.13333333333</dst>
            <dst id="LOSAng">84946.7973333334</dst>
            <dst id="NYCMng">77055.9173333333</dst>
            <dst id="SNVAng">682.6</dst>
            <dst id="STTLng">32524.7813333333</dst>
            <dst id="WASHng">44262.08</dst>
        </src>
        <src id="SNVAng">
            <dst id="ATLA-M5">0</dst>
            <dst id="ATLAng">26.6666666666667</dst>
            <dst id="CHINng">53.3333333333333</dst>
            <dst id="DNVRng">3764.04533333333</dst>
            <dst id="HSTNng">171.04</dst>
            <dst id="IPLSng">10148.256</dst>
            <dst id="KSCYng">249.261333333333</dst>
            <dst id="LOSAng">42401.968</dst>
            <dst id="NYCMng">486.706666666667</dst>
            <dst id="SNVAng">11946.6373333333</dst>
            <dst id="STTLng">37840.256</dst>
            <dst id="WASHng">53.3333333333333</dst>
        </src>
        <src id="STTLng">
            <dst id="ATLA-M5">26.6666666666667</dst>
            <dst id="ATLAng">10949.328</dst>
            <dst id="CHINng">13909.0746666667</dst>
            <dst id="DNVRng">3039.936</dst>
            <dst id="HSTNng">1645.728</dst>
            <dst id="IPLSng">6152.79466666666</dst>
            <dst id="KSCYng">2758.256</dst>
            <dst id="LOSAng">36531.6933333333</dst>
            <dst id="NYCMng">13106.432</dst>
            <dst id="SNVAng">4713.64</dst>
            <dst id="STTLng">2434.728</dst>
            <dst id="WASHng">7969.99733333333</dst>
        </src>
        <src id="WASHng">
            <dst id="ATLA-M5">315.744</dst>
            <dst id="ATLAng">62387.4666666667</dst>
            <dst id="CHINng">90355.304</dst>
            <dst id="DNVRng">52399.7466666667</dst>
            <dst id="HSTNng">26197.3173333333</dst>
            <dst id="IPLSng">15474.3493333333</dst>
            <dst id="KSCYng">22345.9573333333</dst>
            <dst id="LOSAng">121126.016</dst>
            <dst id="NYCMng">174541.621333333</dst>
            <dst id="SNVAng">285.794666666667</dst>
            <dst id="STTLng">40953.7573333333</dst>
            <dst id="WASHng">192611.421333333</dst>
        </src>
    </IntraTM>
</TrafficMatrixFile>
