<?xml version="1.0" encoding="ISO-8859-1" standalone="yes"?>
<TrafficMatrixFile xsi:noNamespaceSchemaLocation="http://totem.run.montefiore.ulg.ac.be/Schema/TrafficMatrix-v1_2.xsd" xmlns:xsi="http://www.w3.org/2001/XMLSchema-instance">
    <IntraTM ASID="11537">
        <src id="ATLA-M5">
            <dst id="ATLA-M5">183.872</dst>
            <dst id="ATLAng">789.76</dst>
            <dst id="CHINng">1151.82666666667</dst>
            <dst id="DNVRng">80</dst>
            <dst id="HSTNng">110.76</dst>
            <dst id="IPLSng">1539.64266666667</dst>
            <dst id="KSCYng">82.336</dst>
            <dst id="LOSAng">339.186666666667</dst>
            <dst id="NYCMng">353.930666666667</dst>
            <dst id="SNVAng">0</dst>
            <dst id="STTLng">133.333333333333</dst>
            <dst id="WASHng">1334.84266666667</dst>
        </src>
        <src id="ATLAng">
            <dst id="ATLA-M5">418.314666666667</dst>
            <dst id="ATLAng">42762.0826666667</dst>
            <dst id="CHINng">14790.2</dst>
            <dst id="DNVRng">5436.744</dst>
            <dst id="HSTNng">4630.992</dst>
            <dst id="IPLSng">15094.136</dst>
            <dst id="KSCYng">9465.38666666667</dst>
            <dst id="LOSAng">21592.7813333333</dst>
            <dst id="NYCMng">15577.1173333333</dst>
            <dst id="SNVAng">1662.56533333333</dst>
            <dst id="STTLng">7411.65333333333</dst>
            <dst id="WASHng">60378.976</dst>
        </src>
        <src id="CHINng">
            <dst id="ATLA-M5">2196.71466666667</dst>
            <dst id="ATLAng">28688.7413333333</dst>
            <dst id="CHINng">126777.784</dst>
            <dst id="DNVRng">23730.112</dst>
            <dst id="HSTNng">9903.05866666667</dst>
            <dst id="IPLSng">54684.4933333333</dst>
            <dst id="KSCYng">10978.6186666667</dst>
            <dst id="LOSAng">58440.76</dst>
            <dst id="NYCMng">13691.0533333333</dst>
            <dst id="SNVAng">2610.20533333333</dst>
            <dst id="STTLng">7901.392</dst>
            <dst id="WASHng">33337.624</dst>
        </src>
        <src id="DNVRng">
            <dst id="ATLA-M5">170.632</dst>
            <dst id="ATLAng">30051.4533333333</dst>
            <dst id="CHINng">59493.408</dst>
            <dst id="DNVRng">9484.128</dst>
            <dst id="HSTNng">19906.2666666667</dst>
            <dst id="IPLSng">33144.7306666667</dst>
            <dst id="KSCYng">25473.7093333333</dst>
            <dst id="LOSAng">16867.4213333333</dst>
            <dst id="NYCMng">13725.9813333333</dst>
            <dst id="SNVAng">9700.48</dst>
            <dst id="STTLng">16742.4933333333</dst>
            <dst id="WASHng">37486.6933333333</dst>
        </src>
        <src id="HSTNng">
            <dst id="ATLA-M5">1417.32533333333</dst>
            <dst id="ATLAng">4266.064</dst>
            <dst id="CHINng">17382.2213333333</dst>
            <dst id="DNVRng">1823.37066666667</dst>
            <dst id="HSTNng">10661.744</dst>
            <dst id="IPLSng">2482.65866666667</dst>
            <dst id="KSCYng">2490.66133333333</dst>
            <dst id="LOSAng">13873.9813333333</dst>
            <dst id="NYCMng">1342.128</dst>
            <dst id="SNVAng">740.618666666667</dst>
            <dst id="STTLng">1963.53866666667</dst>
            <dst id="WASHng">5671.768</dst>
        </src>
        <src id="IPLSng">
            <dst id="ATLA-M5">230.210666666667</dst>
            <dst id="ATLAng">26734.1253333333</dst>
            <dst id="CHINng">77128.8026666667</dst>
            <dst id="DNVRng">22274.2586666667</dst>
            <dst id="HSTNng">6963.97066666667</dst>
            <dst id="IPLSng">19047.408</dst>
            <dst id="KSCYng">14100.616</dst>
            <dst id="LOSAng">73027.264</dst>
            <dst id="NYCMng">32151.36</dst>
            <dst id="SNVAng">5171.93066666667</dst>
            <dst id="STTLng">10501.12</dst>
            <dst id="WASHng">27609.5893333333</dst>
        </src>
        <src id="KSCYng">
            <dst id="ATLA-M5">228.202666666667</dst>
            <dst id="ATLAng">5425.62933333333</dst>
            <dst id="CHINng">33010.4373333333</dst>
            <dst id="DNVRng">12999.2373333333</dst>
            <dst id="HSTNng">4981.256</dst>
            <dst id="IPLSng">19570.9786666667</dst>
            <dst id="KSCYng">13184.3813333333</dst>
            <dst id="LOSAng">9739.43733333334</dst>
            <dst id="NYCMng">10053.896</dst>
            <dst id="SNVAng">674.778666666667</dst>
            <dst id="STTLng">3183.91733333333</dst>
            <dst id="WASHng">10476.2426666667</dst>
        </src>
        <src id="LOSAng">
            <dst id="ATLA-M5">2239.29066666667</dst>
            <dst id="ATLAng">40333.8426666667</dst>
            <dst id="CHINng">128630.069333333</dst>
            <dst id="DNVRng">17861.0453333333</dst>
            <dst id="HSTNng">22478.744</dst>
            <dst id="IPLSng">37943.0186666667</dst>
            <dst id="KSCYng">9679.416</dst>
            <dst id="LOSAng">12154.552</dst>
            <dst id="NYCMng">82050.616</dst>
            <dst id="SNVAng">22318.6213333333</dst>
            <dst id="STTLng">47730.5546666667</dst>
            <dst id="WASHng">129125.570666667</dst>
        </src>
        <src id="NYCMng">
            <dst id="ATLA-M5">822.277333333333</dst>
            <dst id="ATLAng">51109.512</dst>
            <dst id="CHINng">87047.472</dst>
            <dst id="DNVRng">127248.981333333</dst>
            <dst id="HSTNng">11304.1573333333</dst>
            <dst id="IPLSng">51730.016</dst>
            <dst id="KSCYng">29194.1466666667</dst>
            <dst id="LOSAng">90945.536</dst>
            <dst id="NYCMng">133859.205333333</dst>
            <dst id="SNVAng">6195.28533333333</dst>
            <dst id="STTLng">26193.3306666667</dst>
            <dst id="WASHng">106247.896</dst>
        </src>
        <src id="SNVAng">
            <dst id="ATLA-M5">0</dst>
            <dst id="ATLAng">235.528</dst>
            <dst id="CHINng">575.170666666667</dst>
            <dst id="DNVRng">12789.6746666667</dst>
            <dst id="HSTNng">846.941333333333</dst>
            <dst id="IPLSng">1842.552</dst>
            <dst id="KSCYng">1705.49866666667</dst>
            <dst id="LOSAng">39759.752</dst>
            <dst id="NYCMng">341.762666666667</dst>
            <dst id="SNVAng">10480.3946666667</dst>
            <dst id="STTLng">29605.4986666667</dst>
            <dst id="WASHng">586.250666666667</dst>
        </src>
        <src id="STTLng">
            <dst id="ATLA-M5">271.56</dst>
            <dst id="ATLAng">18881.8506666667</dst>
            <dst id="CHINng">26270.456</dst>
            <dst id="DNVRng">6434.47733333333</dst>
            <dst id="HSTNng">6167.66933333334</dst>
            <dst id="IPLSng">16227.52</dst>
            <dst id="KSCYng">13090.8426666667</dst>
            <dst id="LOSAng">33098.5653333333</dst>
            <dst id="NYCMng">10887.4026666667</dst>
            <dst id="SNVAng">6341.51466666666</dst>
            <dst id="STTLng">7116.00266666667</dst>
            <dst id="WASHng">18532.7573333333</dst>
        </src>
        <src id="WASHng">
            <dst id="ATLA-M5">1437.49333333333</dst>
            <dst id="ATLAng">135696.064</dst>
            <dst id="CHINng">92516.0026666667</dst>
            <dst id="DNVRng">75931.7413333333</dst>
            <dst id="HSTNng">19499.624</dst>
            <dst id="IPLSng">77091.0026666667</dst>
            <dst id="KSCYng">39152.4373333333</dst>
            <dst id="LOSAng">144451.776</dst>
            <dst id="NYCMng">263760.173333333</dst>
            <dst id="SNVAng">5318.10666666667</dst>
            <dst id="STTLng">41278.9173333333</dst>
            <dst id="WASHng">350555.52</dst>
        </src>
    </IntraTM>
</TrafficMatrixFile>
