<?xml version="1.0" encoding="ISO-8859-1" standalone="yes"?>
<TrafficMatrixFile xsi:noNamespaceSchemaLocation="http://totem.run.montefiore.ulg.ac.be/Schema/TrafficMatrix-v1_2.xsd" xmlns:xsi="http://www.w3.org/2001/XMLSchema-instance">
    <IntraTM ASID="11537">
        <src id="ATLA-M5">
            <dst id="ATLA-M5">0</dst>
            <dst id="ATLAng">116</dst>
            <dst id="CHINng">169.202666666667</dst>
            <dst id="DNVRng">0</dst>
            <dst id="HSTNng">58.4106666666667</dst>
            <dst id="IPLSng">26.6666666666667</dst>
            <dst id="KSCYng">0</dst>
            <dst id="LOSAng">703.386666666667</dst>
            <dst id="NYCMng">80</dst>
            <dst id="SNVAng">13.3333333333333</dst>
            <dst id="STTLng">80</dst>
            <dst id="WASHng">80</dst>
        </src>
        <src id="ATLAng">
            <dst id="ATLA-M5">116.128</dst>
            <dst id="ATLAng">32691.7146666667</dst>
            <dst id="CHINng">9229.73066666667</dst>
            <dst id="DNVRng">5413.74666666667</dst>
            <dst id="HSTNng">582.746666666667</dst>
            <dst id="IPLSng">11652.904</dst>
            <dst id="KSCYng">895.557333333333</dst>
            <dst id="LOSAng">13949.4533333333</dst>
            <dst id="NYCMng">5226.63466666667</dst>
            <dst id="SNVAng">38.512</dst>
            <dst id="STTLng">11910.2186666667</dst>
            <dst id="WASHng">14891.568</dst>
        </src>
        <src id="CHINng">
            <dst id="ATLA-M5">443.693333333333</dst>
            <dst id="ATLAng">45245.0053333333</dst>
            <dst id="CHINng">54689.472</dst>
            <dst id="DNVRng">12803.5413333333</dst>
            <dst id="HSTNng">7876.22133333333</dst>
            <dst id="IPLSng">34277.52</dst>
            <dst id="KSCYng">8197.14933333333</dst>
            <dst id="LOSAng">53245.008</dst>
            <dst id="NYCMng">5572.63466666667</dst>
            <dst id="SNVAng">567.2</dst>
            <dst id="STTLng">7169.67733333333</dst>
            <dst id="WASHng">25933.9546666667</dst>
        </src>
        <src id="DNVRng">
            <dst id="ATLA-M5">152.032</dst>
            <dst id="ATLAng">5063.064</dst>
            <dst id="CHINng">45395.7493333333</dst>
            <dst id="DNVRng">9522.01866666667</dst>
            <dst id="HSTNng">22680.2773333333</dst>
            <dst id="IPLSng">19331.6853333333</dst>
            <dst id="KSCYng">16653.4746666667</dst>
            <dst id="LOSAng">20129.144</dst>
            <dst id="NYCMng">9464.03466666667</dst>
            <dst id="SNVAng">7417.18933333333</dst>
            <dst id="STTLng">10398.5173333333</dst>
            <dst id="WASHng">29354.8186666667</dst>
        </src>
        <src id="HSTNng">
            <dst id="ATLA-M5">1997.91733333333</dst>
            <dst id="ATLAng">16241.1146666667</dst>
            <dst id="CHINng">17920.44</dst>
            <dst id="DNVRng">1423.81066666667</dst>
            <dst id="HSTNng">7721.2</dst>
            <dst id="IPLSng">703.717333333333</dst>
            <dst id="KSCYng">1087.14666666667</dst>
            <dst id="LOSAng">7847.41333333333</dst>
            <dst id="NYCMng">2101.896</dst>
            <dst id="SNVAng">0</dst>
            <dst id="STTLng">2242.904</dst>
            <dst id="WASHng">2948.36533333333</dst>
        </src>
        <src id="IPLSng">
            <dst id="ATLA-M5">134.901333333333</dst>
            <dst id="ATLAng">12050.3626666667</dst>
            <dst id="CHINng">44311.7066666667</dst>
            <dst id="DNVRng">4183.02133333333</dst>
            <dst id="HSTNng">3624.07733333333</dst>
            <dst id="IPLSng">16423.4666666667</dst>
            <dst id="KSCYng">2511.02666666667</dst>
            <dst id="LOSAng">55017.0746666667</dst>
            <dst id="NYCMng">23957.8213333333</dst>
            <dst id="SNVAng">280.778666666667</dst>
            <dst id="STTLng">10905.8186666667</dst>
            <dst id="WASHng">12421</dst>
        </src>
        <src id="KSCYng">
            <dst id="ATLA-M5">26.6666666666667</dst>
            <dst id="ATLAng">2268.42933333333</dst>
            <dst id="CHINng">19243.0533333333</dst>
            <dst id="DNVRng">9529.00266666667</dst>
            <dst id="HSTNng">3553.89066666667</dst>
            <dst id="IPLSng">10047.712</dst>
            <dst id="KSCYng">4285.42933333333</dst>
            <dst id="LOSAng">6372.176</dst>
            <dst id="NYCMng">2024.71733333333</dst>
            <dst id="SNVAng">761.146666666667</dst>
            <dst id="STTLng">2749.25066666667</dst>
            <dst id="WASHng">14114.9466666667</dst>
        </src>
        <src id="LOSAng">
            <dst id="ATLA-M5">1684.056</dst>
            <dst id="ATLAng">67774.624</dst>
            <dst id="CHINng">79008.216</dst>
            <dst id="DNVRng">13588.2613333333</dst>
            <dst id="HSTNng">4254.92</dst>
            <dst id="IPLSng">26977.5173333333</dst>
            <dst id="KSCYng">5725.432</dst>
            <dst id="LOSAng">25148.4453333333</dst>
            <dst id="NYCMng">65823.6586666667</dst>
            <dst id="SNVAng">13174.3386666667</dst>
            <dst id="STTLng">50631.6666666667</dst>
            <dst id="WASHng">151352.754666667</dst>
        </src>
        <src id="NYCMng">
            <dst id="ATLA-M5">157.346666666667</dst>
            <dst id="ATLAng">37108.7653333333</dst>
            <dst id="CHINng">38941.5226666667</dst>
            <dst id="DNVRng">25084.2586666667</dst>
            <dst id="HSTNng">7610.32533333333</dst>
            <dst id="IPLSng">25518.5653333333</dst>
            <dst id="KSCYng">4715.976</dst>
            <dst id="LOSAng">85020.7813333333</dst>
            <dst id="NYCMng">93475.52</dst>
            <dst id="SNVAng">2041.40533333333</dst>
            <dst id="STTLng">25540.9306666667</dst>
            <dst id="WASHng">55684.8186666667</dst>
        </src>
        <src id="SNVAng">
            <dst id="ATLA-M5">0</dst>
            <dst id="ATLAng">27.648</dst>
            <dst id="CHINng">153.746666666667</dst>
            <dst id="DNVRng">3725.67733333333</dst>
            <dst id="HSTNng">210.666666666667</dst>
            <dst id="IPLSng">5819.35466666667</dst>
            <dst id="KSCYng">127.253333333333</dst>
            <dst id="LOSAng">34390.8133333333</dst>
            <dst id="NYCMng">475.368</dst>
            <dst id="SNVAng">8691.584</dst>
            <dst id="STTLng">25566.0906666667</dst>
            <dst id="WASHng">53.3333333333333</dst>
        </src>
        <src id="STTLng">
            <dst id="ATLA-M5">71.992</dst>
            <dst id="ATLAng">8446.28266666667</dst>
            <dst id="CHINng">14473.7866666667</dst>
            <dst id="DNVRng">1664.41066666667</dst>
            <dst id="HSTNng">2403.11733333333</dst>
            <dst id="IPLSng">5196.496</dst>
            <dst id="KSCYng">4358.392</dst>
            <dst id="LOSAng">39604.7146666667</dst>
            <dst id="NYCMng">9116.032</dst>
            <dst id="SNVAng">3812.17066666667</dst>
            <dst id="STTLng">3572.24</dst>
            <dst id="WASHng">5740.89866666667</dst>
        </src>
        <src id="WASHng">
            <dst id="ATLA-M5">0</dst>
            <dst id="ATLAng">93451.8506666667</dst>
            <dst id="CHINng">77258.76</dst>
            <dst id="DNVRng">63353.528</dst>
            <dst id="HSTNng">30473.4613333333</dst>
            <dst id="IPLSng">31238.3573333333</dst>
            <dst id="KSCYng">13080.2586666667</dst>
            <dst id="LOSAng">122129.8</dst>
            <dst id="NYCMng">134241.736</dst>
            <dst id="SNVAng">464.386666666667</dst>
            <dst id="STTLng">40785.7733333333</dst>
            <dst id="WASHng">176753.549333333</dst>
        </src>
    </IntraTM>
</TrafficMatrixFile>
