<?xml version="1.0" encoding="ISO-8859-1" standalone="yes"?>
<TrafficMatrixFile xsi:noNamespaceSchemaLocation="http://totem.run.montefiore.ulg.ac.be/Schema/TrafficMatrix-v1_2.xsd" xmlns:xsi="http://www.w3.org/2001/XMLSchema-instance">
    <IntraTM ASID="11537">
        <src id="ATLA-M5">
            <dst id="ATLA-M5">0</dst>
            <dst id="ATLAng">26.6666666666667</dst>
            <dst id="CHINng">206.210666666667</dst>
            <dst id="DNVRng">0</dst>
            <dst id="HSTNng">49.704</dst>
            <dst id="IPLSng">1119.65066666667</dst>
            <dst id="KSCYng">53.3333333333333</dst>
            <dst id="LOSAng">258.573333333333</dst>
            <dst id="NYCMng">53.3333333333333</dst>
            <dst id="SNVAng">0</dst>
            <dst id="STTLng">584.061333333333</dst>
            <dst id="WASHng">698.362666666667</dst>
        </src>
        <src id="ATLAng">
            <dst id="ATLA-M5">239.829333333333</dst>
            <dst id="ATLAng">52877.6773333333</dst>
            <dst id="CHINng">9263.41866666667</dst>
            <dst id="DNVRng">5663.464</dst>
            <dst id="HSTNng">469.312</dst>
            <dst id="IPLSng">9338.51466666667</dst>
            <dst id="KSCYng">1781.944</dst>
            <dst id="LOSAng">13831.072</dst>
            <dst id="NYCMng">4463.27733333333</dst>
            <dst id="SNVAng">13.3333333333333</dst>
            <dst id="STTLng">6731.13866666667</dst>
            <dst id="WASHng">25336.6213333333</dst>
        </src>
        <src id="CHINng">
            <dst id="ATLA-M5">298.698666666667</dst>
            <dst id="ATLAng">14975.0373333333</dst>
            <dst id="CHINng">154555.114666667</dst>
            <dst id="DNVRng">16084.1626666667</dst>
            <dst id="HSTNng">3773.28</dst>
            <dst id="IPLSng">76260.8533333333</dst>
            <dst id="KSCYng">16459.5386666667</dst>
            <dst id="LOSAng">74839.4693333333</dst>
            <dst id="NYCMng">6223.01066666667</dst>
            <dst id="SNVAng">191.208</dst>
            <dst id="STTLng">7747.92</dst>
            <dst id="WASHng">16258.3253333333</dst>
        </src>
        <src id="DNVRng">
            <dst id="ATLA-M5">0</dst>
            <dst id="ATLAng">9432.224</dst>
            <dst id="CHINng">38891.432</dst>
            <dst id="DNVRng">29484.7333333333</dst>
            <dst id="HSTNng">25146.5786666667</dst>
            <dst id="IPLSng">21001.1546666667</dst>
            <dst id="KSCYng">21873.9306666667</dst>
            <dst id="LOSAng">28134.4773333333</dst>
            <dst id="NYCMng">14532.7546666667</dst>
            <dst id="SNVAng">16971.048</dst>
            <dst id="STTLng">12312.8426666667</dst>
            <dst id="WASHng">32451.7386666667</dst>
        </src>
        <src id="HSTNng">
            <dst id="ATLA-M5">2247.46666666667</dst>
            <dst id="ATLAng">2132.27466666667</dst>
            <dst id="CHINng">11575.7733333333</dst>
            <dst id="DNVRng">1548.62933333333</dst>
            <dst id="HSTNng">7624.35466666667</dst>
            <dst id="IPLSng">513.165333333333</dst>
            <dst id="KSCYng">1665.504</dst>
            <dst id="LOSAng">9685.096</dst>
            <dst id="NYCMng">2266.58133333333</dst>
            <dst id="SNVAng">0</dst>
            <dst id="STTLng">4551</dst>
            <dst id="WASHng">8278.06933333333</dst>
        </src>
        <src id="IPLSng">
            <dst id="ATLA-M5">53.3333333333333</dst>
            <dst id="ATLAng">11918.4773333333</dst>
            <dst id="CHINng">50538.72</dst>
            <dst id="DNVRng">7946.576</dst>
            <dst id="HSTNng">7623.936</dst>
            <dst id="IPLSng">27018.024</dst>
            <dst id="KSCYng">3209.02666666667</dst>
            <dst id="LOSAng">60643.936</dst>
            <dst id="NYCMng">18489.0426666667</dst>
            <dst id="SNVAng">408.085333333333</dst>
            <dst id="STTLng">13731.2506666667</dst>
            <dst id="WASHng">11891.44</dst>
        </src>
        <src id="KSCYng">
            <dst id="ATLA-M5">100.098666666667</dst>
            <dst id="ATLAng">1712.22133333333</dst>
            <dst id="CHINng">18642.6373333333</dst>
            <dst id="DNVRng">16793.6773333333</dst>
            <dst id="HSTNng">3049.68266666667</dst>
            <dst id="IPLSng">9697.68</dst>
            <dst id="KSCYng">3848.208</dst>
            <dst id="LOSAng">6086.08533333333</dst>
            <dst id="NYCMng">4545.344</dst>
            <dst id="SNVAng">173.434666666667</dst>
            <dst id="STTLng">4920.896</dst>
            <dst id="WASHng">14975.7013333333</dst>
        </src>
        <src id="LOSAng">
            <dst id="ATLA-M5">60.5226666666667</dst>
            <dst id="ATLAng">17792.512</dst>
            <dst id="CHINng">85737.5333333334</dst>
            <dst id="DNVRng">8051.58133333333</dst>
            <dst id="HSTNng">16986.5466666667</dst>
            <dst id="IPLSng">48443.3706666667</dst>
            <dst id="KSCYng">5773.35466666667</dst>
            <dst id="LOSAng">25156.0853333333</dst>
            <dst id="NYCMng">78991.208</dst>
            <dst id="SNVAng">6005.83733333333</dst>
            <dst id="STTLng">45717.5146666667</dst>
            <dst id="WASHng">93298.0293333333</dst>
        </src>
        <src id="NYCMng">
            <dst id="ATLA-M5">1210.26933333333</dst>
            <dst id="ATLAng">28168.9866666667</dst>
            <dst id="CHINng">58393.6506666667</dst>
            <dst id="DNVRng">120951.853333333</dst>
            <dst id="HSTNng">12738.0853333333</dst>
            <dst id="IPLSng">28602.512</dst>
            <dst id="KSCYng">11027.7066666667</dst>
            <dst id="LOSAng">101216.688</dst>
            <dst id="NYCMng">60195.712</dst>
            <dst id="SNVAng">964.205333333333</dst>
            <dst id="STTLng">29557.5973333333</dst>
            <dst id="WASHng">47721.1973333333</dst>
        </src>
        <src id="SNVAng">
            <dst id="ATLA-M5">0</dst>
            <dst id="ATLAng">0</dst>
            <dst id="CHINng">713.053333333333</dst>
            <dst id="DNVRng">890.397333333333</dst>
            <dst id="HSTNng">3044.03733333333</dst>
            <dst id="IPLSng">133.117333333333</dst>
            <dst id="KSCYng">58.5653333333333</dst>
            <dst id="LOSAng">904.736</dst>
            <dst id="NYCMng">199.488</dst>
            <dst id="SNVAng">2941.05066666667</dst>
            <dst id="STTLng">28598.7253333333</dst>
            <dst id="WASHng">107.952</dst>
        </src>
        <src id="STTLng">
            <dst id="ATLA-M5">386.272</dst>
            <dst id="ATLAng">9133.75466666667</dst>
            <dst id="CHINng">15660.352</dst>
            <dst id="DNVRng">2808.50133333333</dst>
            <dst id="HSTNng">1723.99466666667</dst>
            <dst id="IPLSng">5065.15733333333</dst>
            <dst id="KSCYng">3031.192</dst>
            <dst id="LOSAng">26751.2213333333</dst>
            <dst id="NYCMng">7850.35733333333</dst>
            <dst id="SNVAng">5479.376</dst>
            <dst id="STTLng">4698.464</dst>
            <dst id="WASHng">5013.60266666667</dst>
        </src>
        <src id="WASHng">
            <dst id="ATLA-M5">229.882666666667</dst>
            <dst id="ATLAng">70386.496</dst>
            <dst id="CHINng">94945.9013333333</dst>
            <dst id="DNVRng">57572.8853333333</dst>
            <dst id="HSTNng">18160.6426666667</dst>
            <dst id="IPLSng">57058.984</dst>
            <dst id="KSCYng">21865.896</dst>
            <dst id="LOSAng">126242.565333333</dst>
            <dst id="NYCMng">184474.477333333</dst>
            <dst id="SNVAng">3982.66933333333</dst>
            <dst id="STTLng">50183.08</dst>
            <dst id="WASHng">231467.269333333</dst>
        </src>
    </IntraTM>
</TrafficMatrixFile>
