<?xml version="1.0" encoding="ISO-8859-1" standalone="yes"?>
<TrafficMatrixFile xsi:noNamespaceSchemaLocation="http://totem.run.montefiore.ulg.ac.be/Schema/TrafficMatrix-v1_2.xsd" xmlns:xsi="http://www.w3.org/2001/XMLSchema-instance">
    <IntraTM ASID="11537">
        <src id="ATLA-M5">
            <dst id="ATLA-M5">176.064</dst>
            <dst id="ATLAng">324.576</dst>
            <dst id="CHINng">930.32</dst>
            <dst id="DNVRng">84.312</dst>
            <dst id="HSTNng">108.853333333333</dst>
            <dst id="IPLSng">1506.78666666667</dst>
            <dst id="KSCYng">182.858666666667</dst>
            <dst id="LOSAng">207.056</dst>
            <dst id="NYCMng">197.789333333333</dst>
            <dst id="SNVAng">0</dst>
            <dst id="STTLng">91.1493333333333</dst>
            <dst id="WASHng">916.733333333333</dst>
        </src>
        <src id="ATLAng">
            <dst id="ATLA-M5">312.989333333333</dst>
            <dst id="ATLAng">57967.5386666667</dst>
            <dst id="CHINng">13243.8266666667</dst>
            <dst id="DNVRng">5714.35733333333</dst>
            <dst id="HSTNng">5376.60533333333</dst>
            <dst id="IPLSng">18893.024</dst>
            <dst id="KSCYng">5920.82666666667</dst>
            <dst id="LOSAng">15654.788</dst>
            <dst id="NYCMng">7749.99733333333</dst>
            <dst id="SNVAng">635.030666666667</dst>
            <dst id="STTLng">7221.888</dst>
            <dst id="WASHng">69695.2906666667</dst>
        </src>
        <src id="CHINng">
            <dst id="ATLA-M5">1872.78933333333</dst>
            <dst id="ATLAng">37504.792</dst>
            <dst id="CHINng">130627.725333333</dst>
            <dst id="DNVRng">23340.696</dst>
            <dst id="HSTNng">9124.672</dst>
            <dst id="IPLSng">56282.5893333333</dst>
            <dst id="KSCYng">10386.84</dst>
            <dst id="LOSAng">67797.1626666667</dst>
            <dst id="NYCMng">15113.9946666667</dst>
            <dst id="SNVAng">2941.352</dst>
            <dst id="STTLng">6995.32266666667</dst>
            <dst id="WASHng">33425.984</dst>
        </src>
        <src id="DNVRng">
            <dst id="ATLA-M5">181.592</dst>
            <dst id="ATLAng">30544.8853333333</dst>
            <dst id="CHINng">47010.3066666667</dst>
            <dst id="DNVRng">12652.2746666667</dst>
            <dst id="HSTNng">26719.2293333333</dst>
            <dst id="IPLSng">28493.6346666667</dst>
            <dst id="KSCYng">33863.456</dst>
            <dst id="LOSAng">15546.2</dst>
            <dst id="NYCMng">21119.1493333333</dst>
            <dst id="SNVAng">12744.704</dst>
            <dst id="STTLng">14772.176</dst>
            <dst id="WASHng">33287.0693333333</dst>
        </src>
        <src id="HSTNng">
            <dst id="ATLA-M5">1310.984</dst>
            <dst id="ATLAng">10509.1253333333</dst>
            <dst id="CHINng">18639.8213333333</dst>
            <dst id="DNVRng">2069.99733333333</dst>
            <dst id="HSTNng">8742.28266666667</dst>
            <dst id="IPLSng">2456.45066666667</dst>
            <dst id="KSCYng">2643.04</dst>
            <dst id="LOSAng">9055.66133333333</dst>
            <dst id="NYCMng">2962.65333333333</dst>
            <dst id="SNVAng">534.344</dst>
            <dst id="STTLng">1924.25866666667</dst>
            <dst id="WASHng">4481.96266666667</dst>
        </src>
        <src id="IPLSng">
            <dst id="ATLA-M5">319.034666666667</dst>
            <dst id="ATLAng">20617.0533333333</dst>
            <dst id="CHINng">90596.1946666667</dst>
            <dst id="DNVRng">13940.76</dst>
            <dst id="HSTNng">12555.2933333333</dst>
            <dst id="IPLSng">27893.768</dst>
            <dst id="KSCYng">15464.552</dst>
            <dst id="LOSAng">70868.4213333333</dst>
            <dst id="NYCMng">29436.1173333333</dst>
            <dst id="SNVAng">1832.68</dst>
            <dst id="STTLng">7900.43466666667</dst>
            <dst id="WASHng">19355.2506666667</dst>
        </src>
        <src id="KSCYng">
            <dst id="ATLA-M5">243.669333333333</dst>
            <dst id="ATLAng">5148.52266666667</dst>
            <dst id="CHINng">34092.3866666667</dst>
            <dst id="DNVRng">12428.728</dst>
            <dst id="HSTNng">6624.39733333333</dst>
            <dst id="IPLSng">22959.8266666667</dst>
            <dst id="KSCYng">9033.18666666667</dst>
            <dst id="LOSAng">9178.71733333333</dst>
            <dst id="NYCMng">11205.5653333333</dst>
            <dst id="SNVAng">842.936</dst>
            <dst id="STTLng">4605.02666666667</dst>
            <dst id="WASHng">11006.896</dst>
        </src>
        <src id="LOSAng">
            <dst id="ATLA-M5">2448.59733333333</dst>
            <dst id="ATLAng">56162.6426666667</dst>
            <dst id="CHINng">114981.405333333</dst>
            <dst id="DNVRng">23691.76</dst>
            <dst id="HSTNng">15152.4906666667</dst>
            <dst id="IPLSng">50273.6666666667</dst>
            <dst id="KSCYng">9715.08533333333</dst>
            <dst id="LOSAng">9901.856</dst>
            <dst id="NYCMng">79124.16</dst>
            <dst id="SNVAng">14905.152</dst>
            <dst id="STTLng">43687.6026666667</dst>
            <dst id="WASHng">127946.856</dst>
        </src>
        <src id="NYCMng">
            <dst id="ATLA-M5">634.581333333333</dst>
            <dst id="ATLAng">59497.344</dst>
            <dst id="CHINng">50490.5386666667</dst>
            <dst id="DNVRng">124229.029333333</dst>
            <dst id="HSTNng">16507.4826666667</dst>
            <dst id="IPLSng">42988.8</dst>
            <dst id="KSCYng">26621.68</dst>
            <dst id="LOSAng">87666.1013333333</dst>
            <dst id="NYCMng">133305.954666667</dst>
            <dst id="SNVAng">5511.62933333333</dst>
            <dst id="STTLng">28842.9893333333</dst>
            <dst id="WASHng">108116.821333333</dst>
        </src>
        <src id="SNVAng">
            <dst id="ATLA-M5">0</dst>
            <dst id="ATLAng">446.893333333333</dst>
            <dst id="CHINng">680.394666666667</dst>
            <dst id="DNVRng">13637.704</dst>
            <dst id="HSTNng">436.861333333333</dst>
            <dst id="IPLSng">1570.27733333333</dst>
            <dst id="KSCYng">160</dst>
            <dst id="LOSAng">39161.9573333333</dst>
            <dst id="NYCMng">492.133333333333</dst>
            <dst id="SNVAng">11497.6986666667</dst>
            <dst id="STTLng">29992.016</dst>
            <dst id="WASHng">433.624</dst>
        </src>
        <src id="STTLng">
            <dst id="ATLA-M5">497.189333333333</dst>
            <dst id="ATLAng">15042.7706666667</dst>
            <dst id="CHINng">27124.4266666667</dst>
            <dst id="DNVRng">5831.77333333333</dst>
            <dst id="HSTNng">4132.49333333333</dst>
            <dst id="IPLSng">15792.704</dst>
            <dst id="KSCYng">14076.7333333333</dst>
            <dst id="LOSAng">38731.3146666667</dst>
            <dst id="NYCMng">14794.3093333333</dst>
            <dst id="SNVAng">4428.62933333333</dst>
            <dst id="STTLng">6273.93333333333</dst>
            <dst id="WASHng">26615.92</dst>
        </src>
        <src id="WASHng">
            <dst id="ATLA-M5">1127.19466666667</dst>
            <dst id="ATLAng">141510.432</dst>
            <dst id="CHINng">78103.8426666667</dst>
            <dst id="DNVRng">70664.0266666667</dst>
            <dst id="HSTNng">23138.72</dst>
            <dst id="IPLSng">79451.4293333333</dst>
            <dst id="KSCYng">42759.0746666667</dst>
            <dst id="LOSAng">134289.776</dst>
            <dst id="NYCMng">201460.568</dst>
            <dst id="SNVAng">5018.26933333333</dst>
            <dst id="STTLng">41159.1893333333</dst>
            <dst id="WASHng">360025.866666667</dst>
        </src>
    </IntraTM>
</TrafficMatrixFile>
