<?xml version="1.0" encoding="ISO-8859-1" standalone="yes"?>
<TrafficMatrixFile xsi:noNamespaceSchemaLocation="http://totem.run.montefiore.ulg.ac.be/Schema/TrafficMatrix-v1_2.xsd" xmlns:xsi="http://www.w3.org/2001/XMLSchema-instance">
    <IntraTM ASID="11537">
        <src id="ATLA-M5">
            <dst id="ATLA-M5">30.1813333333333</dst>
            <dst id="ATLAng">1693.928</dst>
            <dst id="CHINng">166.773333333333</dst>
            <dst id="DNVRng">28.9813333333333</dst>
            <dst id="HSTNng">1037.81333333333</dst>
            <dst id="IPLSng">272.037333333333</dst>
            <dst id="KSCYng">53.3333333333333</dst>
            <dst id="LOSAng">202.237333333333</dst>
            <dst id="NYCMng">110.053333333333</dst>
            <dst id="SNVAng">13.3333333333333</dst>
            <dst id="STTLng">26.6666666666667</dst>
            <dst id="WASHng">545.418666666667</dst>
        </src>
        <src id="ATLAng">
            <dst id="ATLA-M5">264.797333333333</dst>
            <dst id="ATLAng">45195.2613333333</dst>
            <dst id="CHINng">13120.776</dst>
            <dst id="DNVRng">5686.42133333333</dst>
            <dst id="HSTNng">4675.89866666667</dst>
            <dst id="IPLSng">16236.0613333333</dst>
            <dst id="KSCYng">11697.264</dst>
            <dst id="LOSAng">19789.8546666667</dst>
            <dst id="NYCMng">12664.1013333333</dst>
            <dst id="SNVAng">463.153333333333</dst>
            <dst id="STTLng">5016.96533333333</dst>
            <dst id="WASHng">40147.4586666667</dst>
        </src>
        <src id="CHINng">
            <dst id="ATLA-M5">105.053333333333</dst>
            <dst id="ATLAng">17301.7413333333</dst>
            <dst id="CHINng">111197.978666667</dst>
            <dst id="DNVRng">25948.4186666667</dst>
            <dst id="HSTNng">13995.024</dst>
            <dst id="IPLSng">44116.752</dst>
            <dst id="KSCYng">13076.9573333333</dst>
            <dst id="LOSAng">83658.4826666667</dst>
            <dst id="NYCMng">13688.7733333333</dst>
            <dst id="SNVAng">5038.728</dst>
            <dst id="STTLng">10796.6773333333</dst>
            <dst id="WASHng">26994.4293333333</dst>
        </src>
        <src id="DNVRng">
            <dst id="ATLA-M5">135.253333333333</dst>
            <dst id="ATLAng">22479.472</dst>
            <dst id="CHINng">45930.8186666667</dst>
            <dst id="DNVRng">19607.784</dst>
            <dst id="HSTNng">41563.5626666667</dst>
            <dst id="IPLSng">24003.3626666667</dst>
            <dst id="KSCYng">18851.2533333333</dst>
            <dst id="LOSAng">19672.9413333333</dst>
            <dst id="NYCMng">18980.5226666667</dst>
            <dst id="SNVAng">11550.1146666667</dst>
            <dst id="STTLng">18458.7946666667</dst>
            <dst id="WASHng">32919.7786666667</dst>
        </src>
        <src id="HSTNng">
            <dst id="ATLA-M5">1903.44533333333</dst>
            <dst id="ATLAng">4350.384</dst>
            <dst id="CHINng">22251.5653333333</dst>
            <dst id="DNVRng">10493.1093333333</dst>
            <dst id="HSTNng">10602.1466666667</dst>
            <dst id="IPLSng">7624.144</dst>
            <dst id="KSCYng">1536.14933333333</dst>
            <dst id="LOSAng">7800.08266666667</dst>
            <dst id="NYCMng">8638.51466666667</dst>
            <dst id="SNVAng">65.7413333333333</dst>
            <dst id="STTLng">1826.944</dst>
            <dst id="WASHng">3294.592</dst>
        </src>
        <src id="IPLSng">
            <dst id="ATLA-M5">301.08</dst>
            <dst id="ATLAng">37187.648</dst>
            <dst id="CHINng">61549.48</dst>
            <dst id="DNVRng">9967.84</dst>
            <dst id="HSTNng">3364.46666666667</dst>
            <dst id="IPLSng">39077.2373333333</dst>
            <dst id="KSCYng">6771.33866666667</dst>
            <dst id="LOSAng">62867.2906666667</dst>
            <dst id="NYCMng">22897.8373333333</dst>
            <dst id="SNVAng">2228.816</dst>
            <dst id="STTLng">14353.304</dst>
            <dst id="WASHng">40728.184</dst>
        </src>
        <src id="KSCYng">
            <dst id="ATLA-M5">113.936</dst>
            <dst id="ATLAng">4638.176</dst>
            <dst id="CHINng">32531.8826666667</dst>
            <dst id="DNVRng">9567.92266666667</dst>
            <dst id="HSTNng">4900.25066666667</dst>
            <dst id="IPLSng">22219.168</dst>
            <dst id="KSCYng">11809.664</dst>
            <dst id="LOSAng">9417.43466666667</dst>
            <dst id="NYCMng">2078.87466666667</dst>
            <dst id="SNVAng">360.621333333333</dst>
            <dst id="STTLng">2030.70666666667</dst>
            <dst id="WASHng">17103.824</dst>
        </src>
        <src id="LOSAng">
            <dst id="ATLA-M5">668.344</dst>
            <dst id="ATLAng">23469.632</dst>
            <dst id="CHINng">101180.837333333</dst>
            <dst id="DNVRng">22330.0933333333</dst>
            <dst id="HSTNng">16004.8666666667</dst>
            <dst id="IPLSng">48910.4346666667</dst>
            <dst id="KSCYng">7985.58666666667</dst>
            <dst id="LOSAng">11672.8133333333</dst>
            <dst id="NYCMng">79361.304</dst>
            <dst id="SNVAng">13367.7333333333</dst>
            <dst id="STTLng">41832.488</dst>
            <dst id="WASHng">112748.509333333</dst>
        </src>
        <src id="NYCMng">
            <dst id="ATLA-M5">456.573333333333</dst>
            <dst id="ATLAng">57930.7093333333</dst>
            <dst id="CHINng">38692.0026666667</dst>
            <dst id="DNVRng">135992.757333333</dst>
            <dst id="HSTNng">11237.8426666667</dst>
            <dst id="IPLSng">46148.4373333333</dst>
            <dst id="KSCYng">29111.0293333333</dst>
            <dst id="LOSAng">103599.672</dst>
            <dst id="NYCMng">98910.2933333333</dst>
            <dst id="SNVAng">5590.97866666667</dst>
            <dst id="STTLng">25362.128</dst>
            <dst id="WASHng">79134.8453333333</dst>
        </src>
        <src id="SNVAng">
            <dst id="ATLA-M5">0</dst>
            <dst id="ATLAng">80</dst>
            <dst id="CHINng">459.12</dst>
            <dst id="DNVRng">12963.296</dst>
            <dst id="HSTNng">154.925333333333</dst>
            <dst id="IPLSng">1452.64</dst>
            <dst id="KSCYng">21446.08</dst>
            <dst id="LOSAng">35098.5093333333</dst>
            <dst id="NYCMng">428.968</dst>
            <dst id="SNVAng">8010.664</dst>
            <dst id="STTLng">31691.2933333333</dst>
            <dst id="WASHng">106.666666666667</dst>
        </src>
        <src id="STTLng">
            <dst id="ATLA-M5">232.589333333333</dst>
            <dst id="ATLAng">14315.52</dst>
            <dst id="CHINng">18256.9146666667</dst>
            <dst id="DNVRng">8622.29333333333</dst>
            <dst id="HSTNng">4589.15466666667</dst>
            <dst id="IPLSng">9806.68</dst>
            <dst id="KSCYng">4744.27733333333</dst>
            <dst id="LOSAng">39657.2826666667</dst>
            <dst id="NYCMng">13624.528</dst>
            <dst id="SNVAng">5137.51733333333</dst>
            <dst id="STTLng">5854.22933333333</dst>
            <dst id="WASHng">16239.816</dst>
        </src>
        <src id="WASHng">
            <dst id="ATLA-M5">1060.69066666667</dst>
            <dst id="ATLAng">103784.594666667</dst>
            <dst id="CHINng">72993.816</dst>
            <dst id="DNVRng">87893.3173333333</dst>
            <dst id="HSTNng">37760.4</dst>
            <dst id="IPLSng">62490.4053333333</dst>
            <dst id="KSCYng">32390.5493333333</dst>
            <dst id="LOSAng">122660.397333333</dst>
            <dst id="NYCMng">145067.685333333</dst>
            <dst id="SNVAng">7442.01333333333</dst>
            <dst id="STTLng">42258.6906666667</dst>
            <dst id="WASHng">389910.453333333</dst>
        </src>
    </IntraTM>
</TrafficMatrixFile>
