<?xml version="1.0" encoding="ISO-8859-1" standalone="yes"?>
<TrafficMatrixFile xsi:noNamespaceSchemaLocation="http://totem.run.montefiore.ulg.ac.be/Schema/TrafficMatrix-v1_2.xsd" xmlns:xsi="http://www.w3.org/2001/XMLSchema-instance">
    <IntraTM ASID="11537">
        <src id="ATLA-M5">
            <dst id="ATLA-M5">0</dst>
            <dst id="ATLAng">60.3626666666667</dst>
            <dst id="CHINng">584.472</dst>
            <dst id="DNVRng">0</dst>
            <dst id="HSTNng">219.096</dst>
            <dst id="IPLSng">858.296</dst>
            <dst id="KSCYng">0</dst>
            <dst id="LOSAng">383.813333333333</dst>
            <dst id="NYCMng">287.925333333333</dst>
            <dst id="SNVAng">13.3333333333333</dst>
            <dst id="STTLng">53.3333333333333</dst>
            <dst id="WASHng">106.666666666667</dst>
        </src>
        <src id="ATLAng">
            <dst id="ATLA-M5">205.698666666667</dst>
            <dst id="ATLAng">34469.4533333333</dst>
            <dst id="CHINng">7472.912</dst>
            <dst id="DNVRng">5644.40533333333</dst>
            <dst id="HSTNng">1283.62666666667</dst>
            <dst id="IPLSng">11521.6773333333</dst>
            <dst id="KSCYng">784.450666666667</dst>
            <dst id="LOSAng">16473.1893333333</dst>
            <dst id="NYCMng">4196.06133333333</dst>
            <dst id="SNVAng">75.1786666666667</dst>
            <dst id="STTLng">12367.2746666667</dst>
            <dst id="WASHng">17425.032</dst>
        </src>
        <src id="CHINng">
            <dst id="ATLA-M5">52.2986666666667</dst>
            <dst id="ATLAng">41611.9306666667</dst>
            <dst id="CHINng">53403.0453333333</dst>
            <dst id="DNVRng">10329.408</dst>
            <dst id="HSTNng">7443.04</dst>
            <dst id="IPLSng">34090.3306666667</dst>
            <dst id="KSCYng">7319.72</dst>
            <dst id="LOSAng">55147.0266666667</dst>
            <dst id="NYCMng">8178.25066666667</dst>
            <dst id="SNVAng">285.122666666667</dst>
            <dst id="STTLng">7499.32</dst>
            <dst id="WASHng">21823.3253333333</dst>
        </src>
        <src id="DNVRng">
            <dst id="ATLA-M5">199.978666666667</dst>
            <dst id="ATLAng">3603.81866666667</dst>
            <dst id="CHINng">47440.6533333333</dst>
            <dst id="DNVRng">11824.3146666667</dst>
            <dst id="HSTNng">23735.7733333333</dst>
            <dst id="IPLSng">19349.664</dst>
            <dst id="KSCYng">18209.16</dst>
            <dst id="LOSAng">30228.3333333333</dst>
            <dst id="NYCMng">10295.1173333333</dst>
            <dst id="SNVAng">9843.552</dst>
            <dst id="STTLng">11677.2613333333</dst>
            <dst id="WASHng">29165.6346666667</dst>
        </src>
        <src id="HSTNng">
            <dst id="ATLA-M5">240.266666666667</dst>
            <dst id="ATLAng">8398.82933333333</dst>
            <dst id="CHINng">20295.608</dst>
            <dst id="DNVRng">1317.76533333333</dst>
            <dst id="HSTNng">10636.0746666667</dst>
            <dst id="IPLSng">907.314666666667</dst>
            <dst id="KSCYng">1219.27466666667</dst>
            <dst id="LOSAng">6815.86133333333</dst>
            <dst id="NYCMng">2890.20266666667</dst>
            <dst id="SNVAng">0</dst>
            <dst id="STTLng">3224.42933333333</dst>
            <dst id="WASHng">2735.72533333333</dst>
        </src>
        <src id="IPLSng">
            <dst id="ATLA-M5">0</dst>
            <dst id="ATLAng">11127.672</dst>
            <dst id="CHINng">44179.344</dst>
            <dst id="DNVRng">5645.76533333333</dst>
            <dst id="HSTNng">2356.208</dst>
            <dst id="IPLSng">25985.9386666667</dst>
            <dst id="KSCYng">2581.41866666667</dst>
            <dst id="LOSAng">54167.1653333333</dst>
            <dst id="NYCMng">26828.3733333333</dst>
            <dst id="SNVAng">788.405333333333</dst>
            <dst id="STTLng">8757.632</dst>
            <dst id="WASHng">9920.94933333334</dst>
        </src>
        <src id="KSCYng">
            <dst id="ATLA-M5">0</dst>
            <dst id="ATLAng">2571.41866666667</dst>
            <dst id="CHINng">16249.5146666667</dst>
            <dst id="DNVRng">10404.2613333333</dst>
            <dst id="HSTNng">3213.69066666667</dst>
            <dst id="IPLSng">10447.544</dst>
            <dst id="KSCYng">7678.89066666667</dst>
            <dst id="LOSAng">6151.232</dst>
            <dst id="NYCMng">2148.58133333333</dst>
            <dst id="SNVAng">511.8</dst>
            <dst id="STTLng">2689.936</dst>
            <dst id="WASHng">11301.0773333333</dst>
        </src>
        <src id="LOSAng">
            <dst id="ATLA-M5">1269.67466666667</dst>
            <dst id="ATLAng">63650.168</dst>
            <dst id="CHINng">77766.2</dst>
            <dst id="DNVRng">13451.8533333333</dst>
            <dst id="HSTNng">4721.42666666667</dst>
            <dst id="IPLSng">32860.1306666667</dst>
            <dst id="KSCYng">1690.78133333333</dst>
            <dst id="LOSAng">26764.1546666667</dst>
            <dst id="NYCMng">66508.3066666667</dst>
            <dst id="SNVAng">9579.83466666667</dst>
            <dst id="STTLng">51870.3706666667</dst>
            <dst id="WASHng">131891.8</dst>
        </src>
        <src id="NYCMng">
            <dst id="ATLA-M5">682.330666666667</dst>
            <dst id="ATLAng">36975.136</dst>
            <dst id="CHINng">47247.368</dst>
            <dst id="DNVRng">27172.2826666667</dst>
            <dst id="HSTNng">9836.98133333333</dst>
            <dst id="IPLSng">29733.3733333333</dst>
            <dst id="KSCYng">9198.47466666667</dst>
            <dst id="LOSAng">81762.5653333333</dst>
            <dst id="NYCMng">88183.4266666667</dst>
            <dst id="SNVAng">1174.44533333333</dst>
            <dst id="STTLng">26456.0613333333</dst>
            <dst id="WASHng">44106.104</dst>
        </src>
        <src id="SNVAng">
            <dst id="ATLA-M5">0</dst>
            <dst id="ATLAng">0</dst>
            <dst id="CHINng">389.605333333333</dst>
            <dst id="DNVRng">3548.55466666667</dst>
            <dst id="HSTNng">202.197333333333</dst>
            <dst id="IPLSng">5663.46133333333</dst>
            <dst id="KSCYng">83.344</dst>
            <dst id="LOSAng">35849.3893333333</dst>
            <dst id="NYCMng">492.816</dst>
            <dst id="SNVAng">8496.832</dst>
            <dst id="STTLng">23396.9146666667</dst>
            <dst id="WASHng">53.3333333333333</dst>
        </src>
        <src id="STTLng">
            <dst id="ATLA-M5">26.6666666666667</dst>
            <dst id="ATLAng">9239.61866666667</dst>
            <dst id="CHINng">16297.1226666667</dst>
            <dst id="DNVRng">2447.57333333333</dst>
            <dst id="HSTNng">2283.84533333333</dst>
            <dst id="IPLSng">6380.46133333333</dst>
            <dst id="KSCYng">3116.936</dst>
            <dst id="LOSAng">38022.48</dst>
            <dst id="NYCMng">7786.98933333333</dst>
            <dst id="SNVAng">2929.352</dst>
            <dst id="STTLng">4676.656</dst>
            <dst id="WASHng">4990.83466666667</dst>
        </src>
        <src id="WASHng">
            <dst id="ATLA-M5">0</dst>
            <dst id="ATLAng">118095.581333333</dst>
            <dst id="CHINng">77113.5386666667</dst>
            <dst id="DNVRng">55575.5626666667</dst>
            <dst id="HSTNng">22346.8906666667</dst>
            <dst id="IPLSng">35097.7466666667</dst>
            <dst id="KSCYng">8647.89066666667</dst>
            <dst id="LOSAng">118578.92</dst>
            <dst id="NYCMng">153990.173333333</dst>
            <dst id="SNVAng">1587.952</dst>
            <dst id="STTLng">41918.12</dst>
            <dst id="WASHng">187076.442666667</dst>
        </src>
    </IntraTM>
</TrafficMatrixFile>
