<?xml version="1.0" encoding="ISO-8859-1" standalone="yes"?>
<TrafficMatrixFile xsi:noNamespaceSchemaLocation="http://totem.run.montefiore.ulg.ac.be/Schema/TrafficMatrix-v1_2.xsd" xmlns:xsi="http://www.w3.org/2001/XMLSchema-instance">
    <IntraTM ASID="11537">
        <src id="ATLA-M5">
            <dst id="ATLA-M5">0</dst>
            <dst id="ATLAng">351.464</dst>
            <dst id="CHINng">115.466666666667</dst>
            <dst id="DNVRng">26.6666666666667</dst>
            <dst id="HSTNng">504.925333333333</dst>
            <dst id="IPLSng">29.8213333333333</dst>
            <dst id="KSCYng">29.104</dst>
            <dst id="LOSAng">672.045333333333</dst>
            <dst id="NYCMng">26.6666666666667</dst>
            <dst id="SNVAng">0</dst>
            <dst id="STTLng">55.008</dst>
            <dst id="WASHng">498.653333333333</dst>
        </src>
        <src id="ATLAng">
            <dst id="ATLA-M5">163.381333333333</dst>
            <dst id="ATLAng">31037.592</dst>
            <dst id="CHINng">4919.696</dst>
            <dst id="DNVRng">4090.73866666667</dst>
            <dst id="HSTNng">852.272</dst>
            <dst id="IPLSng">12452.768</dst>
            <dst id="KSCYng">967.954666666667</dst>
            <dst id="LOSAng">16099.0026666667</dst>
            <dst id="NYCMng">4989.90933333333</dst>
            <dst id="SNVAng">26.6666666666667</dst>
            <dst id="STTLng">10478.0453333333</dst>
            <dst id="WASHng">18561.4346666667</dst>
        </src>
        <src id="CHINng">
            <dst id="ATLA-M5">101.802666666667</dst>
            <dst id="ATLAng">32010.0693333333</dst>
            <dst id="CHINng">57869.6453333333</dst>
            <dst id="DNVRng">13998.5253333333</dst>
            <dst id="HSTNng">5626.98933333333</dst>
            <dst id="IPLSng">28819.744</dst>
            <dst id="KSCYng">10983.5306666667</dst>
            <dst id="LOSAng">63824.9653333333</dst>
            <dst id="NYCMng">5011.832</dst>
            <dst id="SNVAng">440.552</dst>
            <dst id="STTLng">4647.88533333333</dst>
            <dst id="WASHng">15048.104</dst>
        </src>
        <src id="DNVRng">
            <dst id="ATLA-M5">167.84</dst>
            <dst id="ATLAng">4244.73066666667</dst>
            <dst id="CHINng">42128.152</dst>
            <dst id="DNVRng">10602.872</dst>
            <dst id="HSTNng">23552.648</dst>
            <dst id="IPLSng">24461.344</dst>
            <dst id="KSCYng">14256.752</dst>
            <dst id="LOSAng">19686.6666666667</dst>
            <dst id="NYCMng">8602.09333333333</dst>
            <dst id="SNVAng">6849.41333333333</dst>
            <dst id="STTLng">9135.15733333333</dst>
            <dst id="WASHng">33126.536</dst>
        </src>
        <src id="HSTNng">
            <dst id="ATLA-M5">2262.58666666667</dst>
            <dst id="ATLAng">22746.5333333333</dst>
            <dst id="CHINng">5373.63466666667</dst>
            <dst id="DNVRng">1473.70666666667</dst>
            <dst id="HSTNng">8335.82933333333</dst>
            <dst id="IPLSng">1811.21333333333</dst>
            <dst id="KSCYng">742.192</dst>
            <dst id="LOSAng">6676.42133333333</dst>
            <dst id="NYCMng">2091.992</dst>
            <dst id="SNVAng">0</dst>
            <dst id="STTLng">1292.688</dst>
            <dst id="WASHng">4096.10133333333</dst>
        </src>
        <src id="IPLSng">
            <dst id="ATLA-M5">42.304</dst>
            <dst id="ATLAng">16101.392</dst>
            <dst id="CHINng">37603.2666666667</dst>
            <dst id="DNVRng">4685.504</dst>
            <dst id="HSTNng">2799.05333333333</dst>
            <dst id="IPLSng">20259.3173333333</dst>
            <dst id="KSCYng">2300.744</dst>
            <dst id="LOSAng">60001.272</dst>
            <dst id="NYCMng">24433.4906666667</dst>
            <dst id="SNVAng">696.837333333333</dst>
            <dst id="STTLng">12347.5706666667</dst>
            <dst id="WASHng">10220.616</dst>
        </src>
        <src id="KSCYng">
            <dst id="ATLA-M5">0</dst>
            <dst id="ATLAng">1465.94666666667</dst>
            <dst id="CHINng">16481.9146666667</dst>
            <dst id="DNVRng">9550.78933333334</dst>
            <dst id="HSTNng">3604.97066666667</dst>
            <dst id="IPLSng">9278.808</dst>
            <dst id="KSCYng">6894.088</dst>
            <dst id="LOSAng">10141.1013333333</dst>
            <dst id="NYCMng">2242.70133333333</dst>
            <dst id="SNVAng">261.181333333333</dst>
            <dst id="STTLng">3179.83733333333</dst>
            <dst id="WASHng">11252.6773333333</dst>
        </src>
        <src id="LOSAng">
            <dst id="ATLA-M5">200.637333333333</dst>
            <dst id="ATLAng">68151.2266666667</dst>
            <dst id="CHINng">71267.304</dst>
            <dst id="DNVRng">5612.32266666667</dst>
            <dst id="HSTNng">4711.92</dst>
            <dst id="IPLSng">35913.5173333333</dst>
            <dst id="KSCYng">9667.544</dst>
            <dst id="LOSAng">23616.8373333333</dst>
            <dst id="NYCMng">64006.3893333333</dst>
            <dst id="SNVAng">10728.256</dst>
            <dst id="STTLng">41922.9466666667</dst>
            <dst id="WASHng">100092.866666667</dst>
        </src>
        <src id="NYCMng">
            <dst id="ATLA-M5">26.6666666666667</dst>
            <dst id="ATLAng">36800.864</dst>
            <dst id="CHINng">37119.736</dst>
            <dst id="DNVRng">24902.3253333333</dst>
            <dst id="HSTNng">7790.50933333333</dst>
            <dst id="IPLSng">34069.2373333333</dst>
            <dst id="KSCYng">5080.38666666667</dst>
            <dst id="LOSAng">78685.264</dst>
            <dst id="NYCMng">68528.2853333333</dst>
            <dst id="SNVAng">1218.13066666667</dst>
            <dst id="STTLng">29158.6933333333</dst>
            <dst id="WASHng">53096.8506666667</dst>
        </src>
        <src id="SNVAng">
            <dst id="ATLA-M5">0</dst>
            <dst id="ATLAng">63.4346666666667</dst>
            <dst id="CHINng">215.765333333333</dst>
            <dst id="DNVRng">14777.8213333333</dst>
            <dst id="HSTNng">69.2266666666667</dst>
            <dst id="IPLSng">5694.16533333333</dst>
            <dst id="KSCYng">102.226666666667</dst>
            <dst id="LOSAng">36330.1626666667</dst>
            <dst id="NYCMng">165.013333333333</dst>
            <dst id="SNVAng">9591.624</dst>
            <dst id="STTLng">28101.8853333333</dst>
            <dst id="WASHng">154.88</dst>
        </src>
        <src id="STTLng">
            <dst id="ATLA-M5">130.450666666667</dst>
            <dst id="ATLAng">8239.42933333333</dst>
            <dst id="CHINng">14833.9493333333</dst>
            <dst id="DNVRng">987.501333333333</dst>
            <dst id="HSTNng">2219.55466666667</dst>
            <dst id="IPLSng">4883.94933333333</dst>
            <dst id="KSCYng">3042.984</dst>
            <dst id="LOSAng">32482.688</dst>
            <dst id="NYCMng">15107.8373333333</dst>
            <dst id="SNVAng">3295.944</dst>
            <dst id="STTLng">3517.07466666667</dst>
            <dst id="WASHng">6670.856</dst>
        </src>
        <src id="WASHng">
            <dst id="ATLA-M5">116.352</dst>
            <dst id="ATLAng">75861.4586666667</dst>
            <dst id="CHINng">73166.3306666667</dst>
            <dst id="DNVRng">55431.8586666667</dst>
            <dst id="HSTNng">24912.9706666667</dst>
            <dst id="IPLSng">31419.736</dst>
            <dst id="KSCYng">12152.7706666667</dst>
            <dst id="LOSAng">129037.090666667</dst>
            <dst id="NYCMng">141594.357333333</dst>
            <dst id="SNVAng">832.290666666667</dst>
            <dst id="STTLng">43866.0826666667</dst>
            <dst id="WASHng">156710.128</dst>
        </src>
    </IntraTM>
</TrafficMatrixFile>
