<?xml version="1.0" encoding="ISO-8859-1" standalone="yes"?>
<TrafficMatrixFile xsi:noNamespaceSchemaLocation="http://totem.run.montefiore.ulg.ac.be/Schema/TrafficMatrix-v1_2.xsd" xmlns:xsi="http://www.w3.org/2001/XMLSchema-instance">
    <IntraTM ASID="11537">
        <src id="ATLA-M5">
            <dst id="ATLA-M5">0</dst>
            <dst id="ATLAng">53.3333333333333</dst>
            <dst id="CHINng">228.618666666667</dst>
            <dst id="DNVRng">0</dst>
            <dst id="HSTNng">560.650666666667</dst>
            <dst id="IPLSng">506.250666666667</dst>
            <dst id="KSCYng">27.64</dst>
            <dst id="LOSAng">920.944</dst>
            <dst id="NYCMng">0</dst>
            <dst id="SNVAng">0</dst>
            <dst id="STTLng">155.488</dst>
            <dst id="WASHng">576.026666666667</dst>
        </src>
        <src id="ATLAng">
            <dst id="ATLA-M5">292.893333333333</dst>
            <dst id="ATLAng">31408.4186666667</dst>
            <dst id="CHINng">7022.53333333333</dst>
            <dst id="DNVRng">4281.70133333333</dst>
            <dst id="HSTNng">770.434666666667</dst>
            <dst id="IPLSng">10787.1493333333</dst>
            <dst id="KSCYng">540.954666666667</dst>
            <dst id="LOSAng">13656.6533333333</dst>
            <dst id="NYCMng">5108.21866666667</dst>
            <dst id="SNVAng">26.6666666666667</dst>
            <dst id="STTLng">9579.80266666667</dst>
            <dst id="WASHng">34847.152</dst>
        </src>
        <src id="CHINng">
            <dst id="ATLA-M5">109.605333333333</dst>
            <dst id="ATLAng">35724.096</dst>
            <dst id="CHINng">53850.2533333333</dst>
            <dst id="DNVRng">10950.4933333333</dst>
            <dst id="HSTNng">3763.35733333333</dst>
            <dst id="IPLSng">28836.6426666667</dst>
            <dst id="KSCYng">7156.26933333333</dst>
            <dst id="LOSAng">62829.328</dst>
            <dst id="NYCMng">5022.09333333333</dst>
            <dst id="SNVAng">277.733333333333</dst>
            <dst id="STTLng">6860.888</dst>
            <dst id="WASHng">19012.5813333333</dst>
        </src>
        <src id="DNVRng">
            <dst id="ATLA-M5">144.8</dst>
            <dst id="ATLAng">4625.832</dst>
            <dst id="CHINng">43245.3573333333</dst>
            <dst id="DNVRng">8965.86133333333</dst>
            <dst id="HSTNng">27345.7413333333</dst>
            <dst id="IPLSng">24040.624</dst>
            <dst id="KSCYng">19810.304</dst>
            <dst id="LOSAng">29326.408</dst>
            <dst id="NYCMng">14433.1173333333</dst>
            <dst id="SNVAng">10524.7893333333</dst>
            <dst id="STTLng">14589.5973333333</dst>
            <dst id="WASHng">43795.6186666667</dst>
        </src>
        <src id="HSTNng">
            <dst id="ATLA-M5">3077.656</dst>
            <dst id="ATLAng">12693.7413333333</dst>
            <dst id="CHINng">5079.48</dst>
            <dst id="DNVRng">1933.36266666667</dst>
            <dst id="HSTNng">11519.2906666667</dst>
            <dst id="IPLSng">824.144</dst>
            <dst id="KSCYng">1166.10666666667</dst>
            <dst id="LOSAng">9371.13066666667</dst>
            <dst id="NYCMng">3172.904</dst>
            <dst id="SNVAng">0</dst>
            <dst id="STTLng">1421.14666666667</dst>
            <dst id="WASHng">3736.04</dst>
        </src>
        <src id="IPLSng">
            <dst id="ATLA-M5">26.6666666666667</dst>
            <dst id="ATLAng">17899.5893333333</dst>
            <dst id="CHINng">45076.592</dst>
            <dst id="DNVRng">4442.65066666667</dst>
            <dst id="HSTNng">3138.74133333333</dst>
            <dst id="IPLSng">20455.4106666667</dst>
            <dst id="KSCYng">8353.376</dst>
            <dst id="LOSAng">62580.7866666667</dst>
            <dst id="NYCMng">32587.5893333333</dst>
            <dst id="SNVAng">314.765333333333</dst>
            <dst id="STTLng">11782.2533333333</dst>
            <dst id="WASHng">11911.8746666667</dst>
        </src>
        <src id="KSCYng">
            <dst id="ATLA-M5">26.6666666666667</dst>
            <dst id="ATLAng">1760.86133333333</dst>
            <dst id="CHINng">14629.2586666667</dst>
            <dst id="DNVRng">13671.8426666667</dst>
            <dst id="HSTNng">3405.74933333333</dst>
            <dst id="IPLSng">10686.7573333333</dst>
            <dst id="KSCYng">6798.11733333333</dst>
            <dst id="LOSAng">10840.872</dst>
            <dst id="NYCMng">2681.49066666667</dst>
            <dst id="SNVAng">53.3333333333333</dst>
            <dst id="STTLng">3838.83466666667</dst>
            <dst id="WASHng">10353.3733333333</dst>
        </src>
        <src id="LOSAng">
            <dst id="ATLA-M5">53.3333333333333</dst>
            <dst id="ATLAng">51942.5626666667</dst>
            <dst id="CHINng">84101.0826666667</dst>
            <dst id="DNVRng">7055.38666666667</dst>
            <dst id="HSTNng">4791.25066666667</dst>
            <dst id="IPLSng">31197.7706666667</dst>
            <dst id="KSCYng">13942.1733333333</dst>
            <dst id="LOSAng">19761.6933333333</dst>
            <dst id="NYCMng">71200.8053333333</dst>
            <dst id="SNVAng">10526.9306666667</dst>
            <dst id="STTLng">44829.8266666667</dst>
            <dst id="WASHng">100509.256</dst>
        </src>
        <src id="NYCMng">
            <dst id="ATLA-M5">26.6666666666667</dst>
            <dst id="ATLAng">41452.6186666667</dst>
            <dst id="CHINng">41282.296</dst>
            <dst id="DNVRng">30502.3226666667</dst>
            <dst id="HSTNng">7368.224</dst>
            <dst id="IPLSng">35719.304</dst>
            <dst id="KSCYng">6053.57066666667</dst>
            <dst id="LOSAng">85664.824</dst>
            <dst id="NYCMng">77273.176</dst>
            <dst id="SNVAng">747.109333333333</dst>
            <dst id="STTLng">28552.968</dst>
            <dst id="WASHng">50252.2906666667</dst>
        </src>
        <src id="SNVAng">
            <dst id="ATLA-M5">0</dst>
            <dst id="ATLAng">162.402666666667</dst>
            <dst id="CHINng">260.384</dst>
            <dst id="DNVRng">13914.312</dst>
            <dst id="HSTNng">180</dst>
            <dst id="IPLSng">6839.48266666667</dst>
            <dst id="KSCYng">104.546666666667</dst>
            <dst id="LOSAng">47990.9973333333</dst>
            <dst id="NYCMng">449.498666666667</dst>
            <dst id="SNVAng">11155.7546666667</dst>
            <dst id="STTLng">33535.6666666667</dst>
            <dst id="WASHng">53.3333333333333</dst>
        </src>
        <src id="STTLng">
            <dst id="ATLA-M5">26.6666666666667</dst>
            <dst id="ATLAng">9852.4</dst>
            <dst id="CHINng">18072.4026666667</dst>
            <dst id="DNVRng">1799</dst>
            <dst id="HSTNng">3097.43466666667</dst>
            <dst id="IPLSng">5520.11733333333</dst>
            <dst id="KSCYng">2312.856</dst>
            <dst id="LOSAng">27893.088</dst>
            <dst id="NYCMng">13199.8</dst>
            <dst id="SNVAng">4272.82933333333</dst>
            <dst id="STTLng">2997.97333333333</dst>
            <dst id="WASHng">6890.46666666667</dst>
        </src>
        <src id="WASHng">
            <dst id="ATLA-M5">159.186666666667</dst>
            <dst id="ATLAng">126551.917333333</dst>
            <dst id="CHINng">80193.712</dst>
            <dst id="DNVRng">52629.4693333333</dst>
            <dst id="HSTNng">21690.56</dst>
            <dst id="IPLSng">28459.224</dst>
            <dst id="KSCYng">10024.52</dst>
            <dst id="LOSAng">125868.586666667</dst>
            <dst id="NYCMng">148545.973333333</dst>
            <dst id="SNVAng">295.010666666667</dst>
            <dst id="STTLng">39376.8933333333</dst>
            <dst id="WASHng">136095.656</dst>
        </src>
    </IntraTM>
</TrafficMatrixFile>
