<?xml version="1.0" encoding="ISO-8859-1" standalone="yes"?>
<TrafficMatrixFile xsi:noNamespaceSchemaLocation="http://totem.run.montefiore.ulg.ac.be/Schema/TrafficMatrix-v1_2.xsd" xmlns:xsi="http://www.w3.org/2001/XMLSchema-instance">
    <IntraTM ASID="11537">
        <src id="ATLA-M5">
            <dst id="ATLA-M5">0</dst>
            <dst id="ATLAng">129.333333333333</dst>
            <dst id="CHINng">306.656</dst>
            <dst id="DNVRng">0</dst>
            <dst id="HSTNng">93.32</dst>
            <dst id="IPLSng">26.6666666666667</dst>
            <dst id="KSCYng">0</dst>
            <dst id="LOSAng">26.6666666666667</dst>
            <dst id="NYCMng">156.445333333333</dst>
            <dst id="SNVAng">0</dst>
            <dst id="STTLng">26.6666666666667</dst>
            <dst id="WASHng">1577.552</dst>
        </src>
        <src id="ATLAng">
            <dst id="ATLA-M5">131.778666666667</dst>
            <dst id="ATLAng">37507.384</dst>
            <dst id="CHINng">5059.912</dst>
            <dst id="DNVRng">7794.75466666667</dst>
            <dst id="HSTNng">2681.51466666667</dst>
            <dst id="IPLSng">8568.86666666667</dst>
            <dst id="KSCYng">408.357333333333</dst>
            <dst id="LOSAng">15253.324</dst>
            <dst id="NYCMng">4682.17866666667</dst>
            <dst id="SNVAng">3228.58533333333</dst>
            <dst id="STTLng">3304.29066666667</dst>
            <dst id="WASHng">51886.1946666667</dst>
        </src>
        <src id="CHINng">
            <dst id="ATLA-M5">215.386666666667</dst>
            <dst id="ATLAng">32635.936</dst>
            <dst id="CHINng">94187.08</dst>
            <dst id="DNVRng">20075.2186666667</dst>
            <dst id="HSTNng">3229.82133333333</dst>
            <dst id="IPLSng">15606.4826666667</dst>
            <dst id="KSCYng">14039.9173333333</dst>
            <dst id="LOSAng">47542.1866666667</dst>
            <dst id="NYCMng">6167.94666666667</dst>
            <dst id="SNVAng">623.336</dst>
            <dst id="STTLng">5886.16533333333</dst>
            <dst id="WASHng">8602.92266666667</dst>
        </src>
        <src id="DNVRng">
            <dst id="ATLA-M5">125.92</dst>
            <dst id="ATLAng">2974.50133333333</dst>
            <dst id="CHINng">49539.76</dst>
            <dst id="DNVRng">1779.856</dst>
            <dst id="HSTNng">11480.0773333333</dst>
            <dst id="IPLSng">15081.096</dst>
            <dst id="KSCYng">7882.288</dst>
            <dst id="LOSAng">5606.49066666667</dst>
            <dst id="NYCMng">9838.53866666667</dst>
            <dst id="SNVAng">5551.81866666667</dst>
            <dst id="STTLng">5163.50933333333</dst>
            <dst id="WASHng">31747.0293333333</dst>
        </src>
        <src id="HSTNng">
            <dst id="ATLA-M5">3507.27733333333</dst>
            <dst id="ATLAng">19482.608</dst>
            <dst id="CHINng">16284.0613333333</dst>
            <dst id="DNVRng">504.541333333333</dst>
            <dst id="HSTNng">1664.78933333333</dst>
            <dst id="IPLSng">1808.25066666667</dst>
            <dst id="KSCYng">978.056</dst>
            <dst id="LOSAng">3874.928</dst>
            <dst id="NYCMng">4540.13866666667</dst>
            <dst id="SNVAng">26.6666666666667</dst>
            <dst id="STTLng">1514.51466666667</dst>
            <dst id="WASHng">4227.58666666667</dst>
        </src>
        <src id="IPLSng">
            <dst id="ATLA-M5">0</dst>
            <dst id="ATLAng">15452.808</dst>
            <dst id="CHINng">105681.896</dst>
            <dst id="DNVRng">1774.09866666667</dst>
            <dst id="HSTNng">2736.704</dst>
            <dst id="IPLSng">6407.46933333333</dst>
            <dst id="KSCYng">1318.49066666667</dst>
            <dst id="LOSAng">34755.7626666667</dst>
            <dst id="NYCMng">16984.616</dst>
            <dst id="SNVAng">351.277333333333</dst>
            <dst id="STTLng">10821.2133333333</dst>
            <dst id="WASHng">12012.9733333333</dst>
        </src>
        <src id="KSCYng">
            <dst id="ATLA-M5">0</dst>
            <dst id="ATLAng">1574.752</dst>
            <dst id="CHINng">19716.68</dst>
            <dst id="DNVRng">6764.76533333333</dst>
            <dst id="HSTNng">2651.68</dst>
            <dst id="IPLSng">6173.45866666667</dst>
            <dst id="KSCYng">2573.68</dst>
            <dst id="LOSAng">6100.352</dst>
            <dst id="NYCMng">4561.39733333333</dst>
            <dst id="SNVAng">1221.24</dst>
            <dst id="STTLng">2073.20266666667</dst>
            <dst id="WASHng">3708.26933333333</dst>
        </src>
        <src id="LOSAng">
            <dst id="ATLA-M5">39.8</dst>
            <dst id="ATLAng">43904.4</dst>
            <dst id="CHINng">117636.077333333</dst>
            <dst id="DNVRng">6156.80266666667</dst>
            <dst id="HSTNng">5772.56266666667</dst>
            <dst id="IPLSng">15678.5546666667</dst>
            <dst id="KSCYng">1137.744</dst>
            <dst id="LOSAng">16764.6506666667</dst>
            <dst id="NYCMng">51349.424</dst>
            <dst id="SNVAng">5114.86666666667</dst>
            <dst id="STTLng">47445.9626666667</dst>
            <dst id="WASHng">93139.5866666667</dst>
        </src>
        <src id="NYCMng">
            <dst id="ATLA-M5">95.7973333333333</dst>
            <dst id="ATLAng">30687.6586666667</dst>
            <dst id="CHINng">37968.7706666667</dst>
            <dst id="DNVRng">114779.792</dst>
            <dst id="HSTNng">4263.22666666667</dst>
            <dst id="IPLSng">24853.3626666667</dst>
            <dst id="KSCYng">4407.552</dst>
            <dst id="LOSAng">52260.7786666667</dst>
            <dst id="NYCMng">119961.432</dst>
            <dst id="SNVAng">3333.944</dst>
            <dst id="STTLng">27028.0666666667</dst>
            <dst id="WASHng">47822.472</dst>
        </src>
        <src id="SNVAng">
            <dst id="ATLA-M5">0</dst>
            <dst id="ATLAng">26.6666666666667</dst>
            <dst id="CHINng">532.933333333333</dst>
            <dst id="DNVRng">694.808</dst>
            <dst id="HSTNng">135.104</dst>
            <dst id="IPLSng">912.098666666667</dst>
            <dst id="KSCYng">54.4933333333333</dst>
            <dst id="LOSAng">26306.0693333333</dst>
            <dst id="NYCMng">294.245333333333</dst>
            <dst id="SNVAng">7641.256</dst>
            <dst id="STTLng">17544.792</dst>
            <dst id="WASHng">53.3333333333333</dst>
        </src>
        <src id="STTLng">
            <dst id="ATLA-M5">136.634666666667</dst>
            <dst id="ATLAng">7580.17866666666</dst>
            <dst id="CHINng">38879.8986666667</dst>
            <dst id="DNVRng">578.077333333333</dst>
            <dst id="HSTNng">643.056</dst>
            <dst id="IPLSng">4003.80266666667</dst>
            <dst id="KSCYng">1018.60266666667</dst>
            <dst id="LOSAng">25390.168</dst>
            <dst id="NYCMng">7113.16</dst>
            <dst id="SNVAng">2613.50933333333</dst>
            <dst id="STTLng">1143.14666666667</dst>
            <dst id="WASHng">6284.68266666667</dst>
        </src>
        <src id="WASHng">
            <dst id="ATLA-M5">1749.408</dst>
            <dst id="ATLAng">79300.0853333333</dst>
            <dst id="CHINng">68664.52</dst>
            <dst id="DNVRng">51882.5146666667</dst>
            <dst id="HSTNng">7745.00533333333</dst>
            <dst id="IPLSng">51306.8746666667</dst>
            <dst id="KSCYng">4631.55466666667</dst>
            <dst id="LOSAng">110856.005333333</dst>
            <dst id="NYCMng">122672.325333333</dst>
            <dst id="SNVAng">430.453333333333</dst>
            <dst id="STTLng">26999.1573333333</dst>
            <dst id="WASHng">274226.693333333</dst>
        </src>
    </IntraTM>
</TrafficMatrixFile>
