<?xml version="1.0" encoding="ISO-8859-1" standalone="yes"?>
<TrafficMatrixFile xsi:noNamespaceSchemaLocation="http://totem.run.montefiore.ulg.ac.be/Schema/TrafficMatrix-v1_2.xsd" xmlns:xsi="http://www.w3.org/2001/XMLSchema-instance">
    <IntraTM ASID="11537">
        <src id="ATLA-M5">
            <dst id="ATLA-M5">0</dst>
            <dst id="ATLAng">58.744</dst>
            <dst id="CHINng">80</dst>
            <dst id="DNVRng">0</dst>
            <dst id="HSTNng">67.72</dst>
            <dst id="IPLSng">80</dst>
            <dst id="KSCYng">37.5893333333333</dst>
            <dst id="LOSAng">188.525333333333</dst>
            <dst id="NYCMng">26.6666666666667</dst>
            <dst id="SNVAng">0</dst>
            <dst id="STTLng">26.6666666666667</dst>
            <dst id="WASHng">243.149333333333</dst>
        </src>
        <src id="ATLAng">
            <dst id="ATLA-M5">108.352</dst>
            <dst id="ATLAng">31104.656</dst>
            <dst id="CHINng">13198.296</dst>
            <dst id="DNVRng">3166.024</dst>
            <dst id="HSTNng">1040.36</dst>
            <dst id="IPLSng">10709.4533333333</dst>
            <dst id="KSCYng">1638.92266666667</dst>
            <dst id="LOSAng">14503.1866666667</dst>
            <dst id="NYCMng">4875.61333333333</dst>
            <dst id="SNVAng">41.0933333333333</dst>
            <dst id="STTLng">3882.39466666667</dst>
            <dst id="WASHng">29190.7333333333</dst>
        </src>
        <src id="CHINng">
            <dst id="ATLA-M5">191.845333333333</dst>
            <dst id="ATLAng">8792.10933333333</dst>
            <dst id="CHINng">150484.306666667</dst>
            <dst id="DNVRng">17615.0746666667</dst>
            <dst id="HSTNng">4353.01866666667</dst>
            <dst id="IPLSng">40186.6613333333</dst>
            <dst id="KSCYng">15108.4906666667</dst>
            <dst id="LOSAng">64713.5706666667</dst>
            <dst id="NYCMng">7532.34666666667</dst>
            <dst id="SNVAng">380.869333333333</dst>
            <dst id="STTLng">6536.46133333333</dst>
            <dst id="WASHng">14065.1066666667</dst>
        </src>
        <src id="DNVRng">
            <dst id="ATLA-M5">0</dst>
            <dst id="ATLAng">8759.23733333333</dst>
            <dst id="CHINng">43402.5813333333</dst>
            <dst id="DNVRng">24049.8906666667</dst>
            <dst id="HSTNng">22888.6453333333</dst>
            <dst id="IPLSng">21711.1226666667</dst>
            <dst id="KSCYng">20937.7893333333</dst>
            <dst id="LOSAng">9020.52</dst>
            <dst id="NYCMng">11205.7573333333</dst>
            <dst id="SNVAng">10643.096</dst>
            <dst id="STTLng">9614.87466666667</dst>
            <dst id="WASHng">35585.5653333333</dst>
        </src>
        <src id="HSTNng">
            <dst id="ATLA-M5">2574.66133333333</dst>
            <dst id="ATLAng">4065.728</dst>
            <dst id="CHINng">15189.688</dst>
            <dst id="DNVRng">2093.47466666667</dst>
            <dst id="HSTNng">6750.21066666667</dst>
            <dst id="IPLSng">347.725333333333</dst>
            <dst id="KSCYng">2005.63733333333</dst>
            <dst id="LOSAng">10661.5786666667</dst>
            <dst id="NYCMng">1572.424</dst>
            <dst id="SNVAng">0</dst>
            <dst id="STTLng">782.944</dst>
            <dst id="WASHng">1343.928</dst>
        </src>
        <src id="IPLSng">
            <dst id="ATLA-M5">26.6666666666667</dst>
            <dst id="ATLAng">10631.752</dst>
            <dst id="CHINng">70728.9866666667</dst>
            <dst id="DNVRng">17868.6106666667</dst>
            <dst id="HSTNng">733.282666666667</dst>
            <dst id="IPLSng">26047.4106666667</dst>
            <dst id="KSCYng">3908.056</dst>
            <dst id="LOSAng">60596.9013333333</dst>
            <dst id="NYCMng">24376.4</dst>
            <dst id="SNVAng">279.725333333333</dst>
            <dst id="STTLng">9847.976</dst>
            <dst id="WASHng">7330.30933333333</dst>
        </src>
        <src id="KSCYng">
            <dst id="ATLA-M5">0</dst>
            <dst id="ATLAng">838.776</dst>
            <dst id="CHINng">20820.8266666667</dst>
            <dst id="DNVRng">14013.5253333333</dst>
            <dst id="HSTNng">2661.496</dst>
            <dst id="IPLSng">22620.816</dst>
            <dst id="KSCYng">4438.06133333333</dst>
            <dst id="LOSAng">5248.68266666667</dst>
            <dst id="NYCMng">3566.87466666667</dst>
            <dst id="SNVAng">0</dst>
            <dst id="STTLng">1266.45866666667</dst>
            <dst id="WASHng">6676.80266666667</dst>
        </src>
        <src id="LOSAng">
            <dst id="ATLA-M5">80</dst>
            <dst id="ATLAng">27375.52</dst>
            <dst id="CHINng">100273.874666667</dst>
            <dst id="DNVRng">8687.40533333333</dst>
            <dst id="HSTNng">10019.784</dst>
            <dst id="IPLSng">30742.9733333333</dst>
            <dst id="KSCYng">5339.34133333333</dst>
            <dst id="LOSAng">22267.5626666667</dst>
            <dst id="NYCMng">69894.6586666667</dst>
            <dst id="SNVAng">3872.70666666667</dst>
            <dst id="STTLng">45524.368</dst>
            <dst id="WASHng">97378.04</dst>
        </src>
        <src id="NYCMng">
            <dst id="ATLA-M5">1078.89333333333</dst>
            <dst id="ATLAng">23689.024</dst>
            <dst id="CHINng">53434.6453333333</dst>
            <dst id="DNVRng">118507.216</dst>
            <dst id="HSTNng">14643.7946666667</dst>
            <dst id="IPLSng">24676.4613333333</dst>
            <dst id="KSCYng">9897.336</dst>
            <dst id="LOSAng">100609.936</dst>
            <dst id="NYCMng">73259.744</dst>
            <dst id="SNVAng">2494.62666666667</dst>
            <dst id="STTLng">30969.056</dst>
            <dst id="WASHng">60186.8106666667</dst>
        </src>
        <src id="SNVAng">
            <dst id="ATLA-M5">0</dst>
            <dst id="ATLAng">26.6666666666667</dst>
            <dst id="CHINng">281.306666666667</dst>
            <dst id="DNVRng">705.146666666667</dst>
            <dst id="HSTNng">50.9866666666667</dst>
            <dst id="IPLSng">227.189333333333</dst>
            <dst id="KSCYng">16686.752</dst>
            <dst id="LOSAng">38425.4373333333</dst>
            <dst id="NYCMng">1324.81066666667</dst>
            <dst id="SNVAng">10113.392</dst>
            <dst id="STTLng">28511.184</dst>
            <dst id="WASHng">26.6666666666667</dst>
        </src>
        <src id="STTLng">
            <dst id="ATLA-M5">26.6666666666667</dst>
            <dst id="ATLAng">8600.984</dst>
            <dst id="CHINng">25712.9973333333</dst>
            <dst id="DNVRng">2427.68533333333</dst>
            <dst id="HSTNng">431.202666666667</dst>
            <dst id="IPLSng">4958.03466666667</dst>
            <dst id="KSCYng">1832.79733333333</dst>
            <dst id="LOSAng">28123.272</dst>
            <dst id="NYCMng">9804.20533333334</dst>
            <dst id="SNVAng">3145.56266666667</dst>
            <dst id="STTLng">3728.17066666667</dst>
            <dst id="WASHng">4626.18933333333</dst>
        </src>
        <src id="WASHng">
            <dst id="ATLA-M5">80</dst>
            <dst id="ATLAng">88736.4506666667</dst>
            <dst id="CHINng">78061.5626666667</dst>
            <dst id="DNVRng">54203.688</dst>
            <dst id="HSTNng">14866.3146666667</dst>
            <dst id="IPLSng">50264.1493333333</dst>
            <dst id="KSCYng">8109.89866666667</dst>
            <dst id="LOSAng">136680.424</dst>
            <dst id="NYCMng">186830.104</dst>
            <dst id="SNVAng">5095.96266666667</dst>
            <dst id="STTLng">38853.8053333333</dst>
            <dst id="WASHng">240250.056</dst>
        </src>
    </IntraTM>
</TrafficMatrixFile>
