<?xml version="1.0" encoding="ISO-8859-1" standalone="yes"?>
<TrafficMatrixFile xsi:noNamespaceSchemaLocation="http://totem.run.montefiore.ulg.ac.be/Schema/TrafficMatrix-v1_2.xsd" xmlns:xsi="http://www.w3.org/2001/XMLSchema-instance">
    <IntraTM ASID="11537">
        <src id="ATLA-M5">
            <dst id="ATLA-M5">0</dst>
            <dst id="ATLAng">139.538666666667</dst>
            <dst id="CHINng">176.834666666667</dst>
            <dst id="DNVRng">0</dst>
            <dst id="HSTNng">116.930666666667</dst>
            <dst id="IPLSng">0</dst>
            <dst id="KSCYng">1180.832</dst>
            <dst id="LOSAng">390.125333333333</dst>
            <dst id="NYCMng">53.3333333333333</dst>
            <dst id="SNVAng">0</dst>
            <dst id="STTLng">137.333333333333</dst>
            <dst id="WASHng">281.328</dst>
        </src>
        <src id="ATLAng">
            <dst id="ATLA-M5">200.421333333333</dst>
            <dst id="ATLAng">58856.2613333334</dst>
            <dst id="CHINng">7265.456</dst>
            <dst id="DNVRng">6534.68266666667</dst>
            <dst id="HSTNng">6832.81866666667</dst>
            <dst id="IPLSng">10439.8133333333</dst>
            <dst id="KSCYng">2762.808</dst>
            <dst id="LOSAng">16158.444</dst>
            <dst id="NYCMng">4807.75466666667</dst>
            <dst id="SNVAng">249.185333333333</dst>
            <dst id="STTLng">4165.912</dst>
            <dst id="WASHng">26799.3733333333</dst>
        </src>
        <src id="CHINng">
            <dst id="ATLA-M5">1401.99466666667</dst>
            <dst id="ATLAng">23091.016</dst>
            <dst id="CHINng">99136.6826666667</dst>
            <dst id="DNVRng">13313.728</dst>
            <dst id="HSTNng">5473.328</dst>
            <dst id="IPLSng">59236.784</dst>
            <dst id="KSCYng">6668.54933333333</dst>
            <dst id="LOSAng">51044.2826666667</dst>
            <dst id="NYCMng">13712.0213333333</dst>
            <dst id="SNVAng">924.72</dst>
            <dst id="STTLng">7177.80533333333</dst>
            <dst id="WASHng">30659.7946666667</dst>
        </src>
        <src id="DNVRng">
            <dst id="ATLA-M5">74.88</dst>
            <dst id="ATLAng">12737.9706666667</dst>
            <dst id="CHINng">50140.5173333333</dst>
            <dst id="DNVRng">12891.256</dst>
            <dst id="HSTNng">25518.7786666667</dst>
            <dst id="IPLSng">24011.392</dst>
            <dst id="KSCYng">30631.6293333333</dst>
            <dst id="LOSAng">8209.57066666667</dst>
            <dst id="NYCMng">12698.3333333333</dst>
            <dst id="SNVAng">20800.9253333333</dst>
            <dst id="STTLng">30609.44</dst>
            <dst id="WASHng">32840.72</dst>
        </src>
        <src id="HSTNng">
            <dst id="ATLA-M5">3654.584</dst>
            <dst id="ATLAng">34460.464</dst>
            <dst id="CHINng">10008.92</dst>
            <dst id="DNVRng">7082.944</dst>
            <dst id="HSTNng">6638.944</dst>
            <dst id="IPLSng">1622.784</dst>
            <dst id="KSCYng">1220.70133333333</dst>
            <dst id="LOSAng">15429.8426666667</dst>
            <dst id="NYCMng">1949.59733333333</dst>
            <dst id="SNVAng">0</dst>
            <dst id="STTLng">1446.43466666667</dst>
            <dst id="WASHng">7150.792</dst>
        </src>
        <src id="IPLSng">
            <dst id="ATLA-M5">192.464</dst>
            <dst id="ATLAng">13360.4053333333</dst>
            <dst id="CHINng">59793.8</dst>
            <dst id="DNVRng">4885.848</dst>
            <dst id="HSTNng">2190.94933333333</dst>
            <dst id="IPLSng">31360.2106666667</dst>
            <dst id="KSCYng">2626.41866666667</dst>
            <dst id="LOSAng">43518.176</dst>
            <dst id="NYCMng">25574.3546666667</dst>
            <dst id="SNVAng">1788.47466666667</dst>
            <dst id="STTLng">17637.1173333333</dst>
            <dst id="WASHng">17782.9973333333</dst>
        </src>
        <src id="KSCYng">
            <dst id="ATLA-M5">197.957333333333</dst>
            <dst id="ATLAng">4608.952</dst>
            <dst id="CHINng">26754.5573333333</dst>
            <dst id="DNVRng">12348.0693333333</dst>
            <dst id="HSTNng">8073.57866666667</dst>
            <dst id="IPLSng">13884.3093333333</dst>
            <dst id="KSCYng">10329.1013333333</dst>
            <dst id="LOSAng">9065.504</dst>
            <dst id="NYCMng">3984.61066666667</dst>
            <dst id="SNVAng">1271.8</dst>
            <dst id="STTLng">1709.22666666667</dst>
            <dst id="WASHng">6540.28266666667</dst>
        </src>
        <src id="LOSAng">
            <dst id="ATLA-M5">26.6666666666667</dst>
            <dst id="ATLAng">18783.368</dst>
            <dst id="CHINng">78040.2506666666</dst>
            <dst id="DNVRng">9170.68266666667</dst>
            <dst id="HSTNng">8746.664</dst>
            <dst id="IPLSng">54482.656</dst>
            <dst id="KSCYng">5147.47733333333</dst>
            <dst id="LOSAng">16576.6746666667</dst>
            <dst id="NYCMng">99037.2746666667</dst>
            <dst id="SNVAng">9043.08266666667</dst>
            <dst id="STTLng">49657.9146666667</dst>
            <dst id="WASHng">101634.890666667</dst>
        </src>
        <src id="NYCMng">
            <dst id="ATLA-M5">512.68</dst>
            <dst id="ATLAng">47273.8506666667</dst>
            <dst id="CHINng">36337.008</dst>
            <dst id="DNVRng">120944.368</dst>
            <dst id="HSTNng">9551.01866666667</dst>
            <dst id="IPLSng">39775.4906666667</dst>
            <dst id="KSCYng">13006.1306666667</dst>
            <dst id="LOSAng">97952.2133333333</dst>
            <dst id="NYCMng">68617.2106666667</dst>
            <dst id="SNVAng">1815.12</dst>
            <dst id="STTLng">33342.1413333333</dst>
            <dst id="WASHng">68819.6293333333</dst>
        </src>
        <src id="SNVAng">
            <dst id="ATLA-M5">0</dst>
            <dst id="ATLAng">26.6666666666667</dst>
            <dst id="CHINng">134.666666666667</dst>
            <dst id="DNVRng">6553.56266666667</dst>
            <dst id="HSTNng">54.3146666666667</dst>
            <dst id="IPLSng">316.877333333333</dst>
            <dst id="KSCYng">103.477333333333</dst>
            <dst id="LOSAng">36254.168</dst>
            <dst id="NYCMng">489.962666666667</dst>
            <dst id="SNVAng">8458.71733333333</dst>
            <dst id="STTLng">24350.6</dst>
            <dst id="WASHng">138.506666666667</dst>
        </src>
        <src id="STTLng">
            <dst id="ATLA-M5">120.674666666667</dst>
            <dst id="ATLAng">12185.8906666667</dst>
            <dst id="CHINng">14401.4053333333</dst>
            <dst id="DNVRng">3168.33066666667</dst>
            <dst id="HSTNng">5610.12266666667</dst>
            <dst id="IPLSng">5868.38933333333</dst>
            <dst id="KSCYng">3980.48266666667</dst>
            <dst id="LOSAng">31840.7706666667</dst>
            <dst id="NYCMng">8595.48266666667</dst>
            <dst id="SNVAng">4000.46666666667</dst>
            <dst id="STTLng">6735.512</dst>
            <dst id="WASHng">7308.84266666667</dst>
        </src>
        <src id="WASHng">
            <dst id="ATLA-M5">1017.85333333333</dst>
            <dst id="ATLAng">84026.704</dst>
            <dst id="CHINng">89743.368</dst>
            <dst id="DNVRng">57817.8053333333</dst>
            <dst id="HSTNng">27149.6986666667</dst>
            <dst id="IPLSng">49033.2933333333</dst>
            <dst id="KSCYng">11980.392</dst>
            <dst id="LOSAng">125596.248</dst>
            <dst id="NYCMng">135572.981333333</dst>
            <dst id="SNVAng">7292.07733333333</dst>
            <dst id="STTLng">32650.1973333333</dst>
            <dst id="WASHng">231573.296</dst>
        </src>
    </IntraTM>
</TrafficMatrixFile>
