<?xml version="1.0" encoding="ISO-8859-1" standalone="yes"?>
<TrafficMatrixFile xsi:noNamespaceSchemaLocation="http://totem.run.montefiore.ulg.ac.be/Schema/TrafficMatrix-v1_2.xsd" xmlns:xsi="http://www.w3.org/2001/XMLSchema-instance">
    <IntraTM ASID="11537">
        <src id="ATLA-M5">
            <dst id="ATLA-M5">0</dst>
            <dst id="ATLAng">465.189333333333</dst>
            <dst id="CHINng">152.421333333333</dst>
            <dst id="DNVRng">0</dst>
            <dst id="HSTNng">1062.29333333333</dst>
            <dst id="IPLSng">2835.31466666667</dst>
            <dst id="KSCYng">1469.14933333333</dst>
            <dst id="LOSAng">224.946666666667</dst>
            <dst id="NYCMng">53.3333333333333</dst>
            <dst id="SNVAng">23.2</dst>
            <dst id="STTLng">654.858666666667</dst>
            <dst id="WASHng">353.432</dst>
        </src>
        <src id="ATLAng">
            <dst id="ATLA-M5">250.266666666667</dst>
            <dst id="ATLAng">39443.8053333333</dst>
            <dst id="CHINng">6881.85333333333</dst>
            <dst id="DNVRng">5646.80533333333</dst>
            <dst id="HSTNng">2577.25333333333</dst>
            <dst id="IPLSng">15274.48</dst>
            <dst id="KSCYng">1890.32</dst>
            <dst id="LOSAng">42246.944</dst>
            <dst id="NYCMng">9880.272</dst>
            <dst id="SNVAng">81.304</dst>
            <dst id="STTLng">5572.016</dst>
            <dst id="WASHng">40990.2133333333</dst>
        </src>
        <src id="CHINng">
            <dst id="ATLA-M5">26.6666666666667</dst>
            <dst id="ATLAng">13719.384</dst>
            <dst id="CHINng">81583.3813333333</dst>
            <dst id="DNVRng">15182.24</dst>
            <dst id="HSTNng">6766.69333333333</dst>
            <dst id="IPLSng">37862.1573333333</dst>
            <dst id="KSCYng">10889.9813333333</dst>
            <dst id="LOSAng">63998.88</dst>
            <dst id="NYCMng">9459.184</dst>
            <dst id="SNVAng">870.554666666667</dst>
            <dst id="STTLng">9862.36</dst>
            <dst id="WASHng">31637.3093333333</dst>
        </src>
        <src id="DNVRng">
            <dst id="ATLA-M5">80</dst>
            <dst id="ATLAng">7321.02666666667</dst>
            <dst id="CHINng">45746.5946666667</dst>
            <dst id="DNVRng">9858.92266666667</dst>
            <dst id="HSTNng">24156.1733333333</dst>
            <dst id="IPLSng">22477.3333333333</dst>
            <dst id="KSCYng">12809.3466666667</dst>
            <dst id="LOSAng">20126.7893333333</dst>
            <dst id="NYCMng">9782.62133333334</dst>
            <dst id="SNVAng">9216.288</dst>
            <dst id="STTLng">8669.28266666667</dst>
            <dst id="WASHng">30324.8506666667</dst>
        </src>
        <src id="HSTNng">
            <dst id="ATLA-M5">2349.17333333333</dst>
            <dst id="ATLAng">1733.328</dst>
            <dst id="CHINng">10086.936</dst>
            <dst id="DNVRng">10729.8133333333</dst>
            <dst id="HSTNng">8890.33866666667</dst>
            <dst id="IPLSng">3413.78133333333</dst>
            <dst id="KSCYng">3386.70933333333</dst>
            <dst id="LOSAng">9590.824</dst>
            <dst id="NYCMng">1759.62933333333</dst>
            <dst id="SNVAng">0</dst>
            <dst id="STTLng">1741.376</dst>
            <dst id="WASHng">5995.34133333333</dst>
        </src>
        <src id="IPLSng">
            <dst id="ATLA-M5">385.349333333333</dst>
            <dst id="ATLAng">15019.744</dst>
            <dst id="CHINng">48392.32</dst>
            <dst id="DNVRng">10077.2666666667</dst>
            <dst id="HSTNng">4278.992</dst>
            <dst id="IPLSng">92765.0266666667</dst>
            <dst id="KSCYng">7085.6</dst>
            <dst id="LOSAng">56976.3733333333</dst>
            <dst id="NYCMng">18162.7626666667</dst>
            <dst id="SNVAng">7495.456</dst>
            <dst id="STTLng">6284.22666666667</dst>
            <dst id="WASHng">26280.496</dst>
        </src>
        <src id="KSCYng">
            <dst id="ATLA-M5">60.6026666666667</dst>
            <dst id="ATLAng">3141.32</dst>
            <dst id="CHINng">27654.9093333333</dst>
            <dst id="DNVRng">13024.7866666667</dst>
            <dst id="HSTNng">4914.016</dst>
            <dst id="IPLSng">19140.7253333333</dst>
            <dst id="KSCYng">3454.59466666667</dst>
            <dst id="LOSAng">10756.1093333333</dst>
            <dst id="NYCMng">2568.016</dst>
            <dst id="SNVAng">128.069333333333</dst>
            <dst id="STTLng">2802.648</dst>
            <dst id="WASHng">8586.77066666667</dst>
        </src>
        <src id="LOSAng">
            <dst id="ATLA-M5">431.024</dst>
            <dst id="ATLAng">20908.7466666667</dst>
            <dst id="CHINng">102414.912</dst>
            <dst id="DNVRng">18279.3413333333</dst>
            <dst id="HSTNng">12402.2293333333</dst>
            <dst id="IPLSng">44807.7413333333</dst>
            <dst id="KSCYng">4873.952</dst>
            <dst id="LOSAng">20058.1866666667</dst>
            <dst id="NYCMng">85908.7893333333</dst>
            <dst id="SNVAng">11489.2533333333</dst>
            <dst id="STTLng">35574.6213333333</dst>
            <dst id="WASHng">98883.848</dst>
        </src>
        <src id="NYCMng">
            <dst id="ATLA-M5">299.858666666667</dst>
            <dst id="ATLAng">42143.0853333333</dst>
            <dst id="CHINng">40467.9333333333</dst>
            <dst id="DNVRng">131131.514666667</dst>
            <dst id="HSTNng">9998.82133333333</dst>
            <dst id="IPLSng">53542.5786666667</dst>
            <dst id="KSCYng">17260.8666666667</dst>
            <dst id="LOSAng">102186.221333333</dst>
            <dst id="NYCMng">89916.984</dst>
            <dst id="SNVAng">6242.544</dst>
            <dst id="STTLng">33361.8053333333</dst>
            <dst id="WASHng">62337.8053333333</dst>
        </src>
        <src id="SNVAng">
            <dst id="ATLA-M5">0</dst>
            <dst id="ATLAng">55.8933333333333</dst>
            <dst id="CHINng">578.52</dst>
            <dst id="DNVRng">5823.46133333333</dst>
            <dst id="HSTNng">134.421333333333</dst>
            <dst id="IPLSng">860.618666666667</dst>
            <dst id="KSCYng">21742.1466666667</dst>
            <dst id="LOSAng">38662.6186666667</dst>
            <dst id="NYCMng">576.090666666667</dst>
            <dst id="SNVAng">12118.7066666667</dst>
            <dst id="STTLng">23633.016</dst>
            <dst id="WASHng">666.666666666667</dst>
        </src>
        <src id="STTLng">
            <dst id="ATLA-M5">26.6666666666667</dst>
            <dst id="ATLAng">9665.216</dst>
            <dst id="CHINng">17237.0213333333</dst>
            <dst id="DNVRng">5570.42933333333</dst>
            <dst id="HSTNng">4333.99466666667</dst>
            <dst id="IPLSng">8491.81866666667</dst>
            <dst id="KSCYng">8866.168</dst>
            <dst id="LOSAng">33688.312</dst>
            <dst id="NYCMng">9900.01066666667</dst>
            <dst id="SNVAng">3047.8</dst>
            <dst id="STTLng">12833.2026666667</dst>
            <dst id="WASHng">14028.0933333333</dst>
        </src>
        <src id="WASHng">
            <dst id="ATLA-M5">925.066666666667</dst>
            <dst id="ATLAng">85886.1333333333</dst>
            <dst id="CHINng">68118.6933333333</dst>
            <dst id="DNVRng">71704.544</dst>
            <dst id="HSTNng">27493.4693333333</dst>
            <dst id="IPLSng">56508.5146666667</dst>
            <dst id="KSCYng">24434.6186666667</dst>
            <dst id="LOSAng">120721.522666667</dst>
            <dst id="NYCMng">148634.141333333</dst>
            <dst id="SNVAng">6556.712</dst>
            <dst id="STTLng">42392.5413333333</dst>
            <dst id="WASHng">271218.106666667</dst>
        </src>
    </IntraTM>
</TrafficMatrixFile>
