<?xml version="1.0" encoding="ISO-8859-1" standalone="yes"?>
<TrafficMatrixFile xsi:noNamespaceSchemaLocation="http://totem.run.montefiore.ulg.ac.be/Schema/TrafficMatrix-v1_2.xsd" xmlns:xsi="http://www.w3.org/2001/XMLSchema-instance">
    <IntraTM ASID="11537">
        <src id="ATLA-M5">
            <dst id="ATLA-M5">107.562666666667</dst>
            <dst id="ATLAng">423.677333333333</dst>
            <dst id="CHINng">130.437333333333</dst>
            <dst id="DNVRng">26.6666666666667</dst>
            <dst id="HSTNng">704.624</dst>
            <dst id="IPLSng">244.664</dst>
            <dst id="KSCYng">1767.48266666667</dst>
            <dst id="LOSAng">577.784</dst>
            <dst id="NYCMng">58.6266666666667</dst>
            <dst id="SNVAng">0</dst>
            <dst id="STTLng">26.6666666666667</dst>
            <dst id="WASHng">462.088</dst>
        </src>
        <src id="ATLAng">
            <dst id="ATLA-M5">73.2346666666667</dst>
            <dst id="ATLAng">61135.768</dst>
            <dst id="CHINng">15083.5626666667</dst>
            <dst id="DNVRng">5063.13066666667</dst>
            <dst id="HSTNng">1209.45333333333</dst>
            <dst id="IPLSng">21450.6586666667</dst>
            <dst id="KSCYng">2298.08533333333</dst>
            <dst id="LOSAng">16956.7013333333</dst>
            <dst id="NYCMng">10624.304</dst>
            <dst id="SNVAng">893.666666666666</dst>
            <dst id="STTLng">5056.48266666667</dst>
            <dst id="WASHng">45989.2746666667</dst>
        </src>
        <src id="CHINng">
            <dst id="ATLA-M5">201.44</dst>
            <dst id="ATLAng">20367.7626666667</dst>
            <dst id="CHINng">86833.8613333333</dst>
            <dst id="DNVRng">23316.04</dst>
            <dst id="HSTNng">10832.7733333333</dst>
            <dst id="IPLSng">47956.8506666667</dst>
            <dst id="KSCYng">10198.9226666667</dst>
            <dst id="LOSAng">88746.224</dst>
            <dst id="NYCMng">11848.696</dst>
            <dst id="SNVAng">1533.736</dst>
            <dst id="STTLng">9570.79733333333</dst>
            <dst id="WASHng">36249.4533333333</dst>
        </src>
        <src id="DNVRng">
            <dst id="ATLA-M5">111.626666666667</dst>
            <dst id="ATLAng">21473.672</dst>
            <dst id="CHINng">51801.5573333333</dst>
            <dst id="DNVRng">12594.4533333333</dst>
            <dst id="HSTNng">28354.9733333333</dst>
            <dst id="IPLSng">28816.1653333333</dst>
            <dst id="KSCYng">11258.3173333333</dst>
            <dst id="LOSAng">10561.4773333333</dst>
            <dst id="NYCMng">15501.64</dst>
            <dst id="SNVAng">8302.8</dst>
            <dst id="STTLng">14282.6293333333</dst>
            <dst id="WASHng">26806.3946666667</dst>
        </src>
        <src id="HSTNng">
            <dst id="ATLA-M5">753.976</dst>
            <dst id="ATLAng">10913.7173333333</dst>
            <dst id="CHINng">18564.5093333333</dst>
            <dst id="DNVRng">9631.87733333333</dst>
            <dst id="HSTNng">8526.704</dst>
            <dst id="IPLSng">2721.016</dst>
            <dst id="KSCYng">2295.86666666667</dst>
            <dst id="LOSAng">9770.688</dst>
            <dst id="NYCMng">1641.98666666667</dst>
            <dst id="SNVAng">29.5893333333333</dst>
            <dst id="STTLng">1557.80533333333</dst>
            <dst id="WASHng">3966.63733333333</dst>
        </src>
        <src id="IPLSng">
            <dst id="ATLA-M5">80</dst>
            <dst id="ATLAng">41696.336</dst>
            <dst id="CHINng">70132.5173333333</dst>
            <dst id="DNVRng">7513.43733333333</dst>
            <dst id="HSTNng">3773.432</dst>
            <dst id="IPLSng">57338.712</dst>
            <dst id="KSCYng">6259.00533333333</dst>
            <dst id="LOSAng">55768.936</dst>
            <dst id="NYCMng">22475.7653333333</dst>
            <dst id="SNVAng">770.466666666667</dst>
            <dst id="STTLng">8374.76</dst>
            <dst id="WASHng">37590.4853333333</dst>
        </src>
        <src id="KSCYng">
            <dst id="ATLA-M5">30.6506666666667</dst>
            <dst id="ATLAng">3538.16</dst>
            <dst id="CHINng">25929.752</dst>
            <dst id="DNVRng">8660.92266666667</dst>
            <dst id="HSTNng">5689.72533333333</dst>
            <dst id="IPLSng">13664.1066666667</dst>
            <dst id="KSCYng">4542.45333333333</dst>
            <dst id="LOSAng">11544.152</dst>
            <dst id="NYCMng">3053.09066666667</dst>
            <dst id="SNVAng">289.232</dst>
            <dst id="STTLng">2666.91466666667</dst>
            <dst id="WASHng">12301.0373333333</dst>
        </src>
        <src id="LOSAng">
            <dst id="ATLA-M5">947.277333333333</dst>
            <dst id="ATLAng">38316.1626666667</dst>
            <dst id="CHINng">107954.258666667</dst>
            <dst id="DNVRng">37732.44</dst>
            <dst id="HSTNng">14338.168</dst>
            <dst id="IPLSng">42185.3653333333</dst>
            <dst id="KSCYng">6853.13066666667</dst>
            <dst id="LOSAng">11774.952</dst>
            <dst id="NYCMng">83224.992</dst>
            <dst id="SNVAng">10960.6346666667</dst>
            <dst id="STTLng">41884.7466666667</dst>
            <dst id="WASHng">109680.917333333</dst>
        </src>
        <src id="NYCMng">
            <dst id="ATLA-M5">312.554666666667</dst>
            <dst id="ATLAng">46923.3706666666</dst>
            <dst id="CHINng">45258.7626666667</dst>
            <dst id="DNVRng">126151.269333333</dst>
            <dst id="HSTNng">13695.8986666667</dst>
            <dst id="IPLSng">48676.8533333333</dst>
            <dst id="KSCYng">17969.7653333333</dst>
            <dst id="LOSAng">100029.442666667</dst>
            <dst id="NYCMng">73945.3146666667</dst>
            <dst id="SNVAng">6472.74933333333</dst>
            <dst id="STTLng">26956.9146666667</dst>
            <dst id="WASHng">62332.8933333333</dst>
        </src>
        <src id="SNVAng">
            <dst id="ATLA-M5">0</dst>
            <dst id="ATLAng">114.341333333333</dst>
            <dst id="CHINng">455.005333333333</dst>
            <dst id="DNVRng">5720.36</dst>
            <dst id="HSTNng">3151.072</dst>
            <dst id="IPLSng">895.010666666667</dst>
            <dst id="KSCYng">20702.9813333333</dst>
            <dst id="LOSAng">40932.7573333333</dst>
            <dst id="NYCMng">366.173333333333</dst>
            <dst id="SNVAng">8521.488</dst>
            <dst id="STTLng">25564.344</dst>
            <dst id="WASHng">133.333333333333</dst>
        </src>
        <src id="STTLng">
            <dst id="ATLA-M5">0</dst>
            <dst id="ATLAng">11216.032</dst>
            <dst id="CHINng">21282.872</dst>
            <dst id="DNVRng">6621.80533333333</dst>
            <dst id="HSTNng">4878.15733333333</dst>
            <dst id="IPLSng">7055.4</dst>
            <dst id="KSCYng">5042.99733333333</dst>
            <dst id="LOSAng">33684.1066666667</dst>
            <dst id="NYCMng">8896.22666666667</dst>
            <dst id="SNVAng">3199.6</dst>
            <dst id="STTLng">3930.25333333333</dst>
            <dst id="WASHng">12326.1413333333</dst>
        </src>
        <src id="WASHng">
            <dst id="ATLA-M5">1149.01866666667</dst>
            <dst id="ATLAng">121174.165333333</dst>
            <dst id="CHINng">65803.5653333333</dst>
            <dst id="DNVRng">69864.8906666667</dst>
            <dst id="HSTNng">26341.3173333333</dst>
            <dst id="IPLSng">60722.2906666667</dst>
            <dst id="KSCYng">27085.2106666667</dst>
            <dst id="LOSAng">121867.586666667</dst>
            <dst id="NYCMng">163239.138666667</dst>
            <dst id="SNVAng">8236.376</dst>
            <dst id="STTLng">39856.984</dst>
            <dst id="WASHng">221461.253333333</dst>
        </src>
    </IntraTM>
</TrafficMatrixFile>
