<?xml version="1.0" encoding="ISO-8859-1" standalone="yes"?>
<TrafficMatrixFile xsi:noNamespaceSchemaLocation="http://totem.run.montefiore.ulg.ac.be/Schema/TrafficMatrix-v1_2.xsd" xmlns:xsi="http://www.w3.org/2001/XMLSchema-instance">
    <IntraTM ASID="11537">
        <src id="ATLA-M5">
            <dst id="ATLA-M5">26.6666666666667</dst>
            <dst id="ATLAng">161.541333333333</dst>
            <dst id="CHINng">147.837333333333</dst>
            <dst id="DNVRng">0</dst>
            <dst id="HSTNng">26.6666666666667</dst>
            <dst id="IPLSng">26.6666666666667</dst>
            <dst id="KSCYng">348.421333333333</dst>
            <dst id="LOSAng">242.114666666667</dst>
            <dst id="NYCMng">96.4266666666667</dst>
            <dst id="SNVAng">0</dst>
            <dst id="STTLng">53.3333333333333</dst>
            <dst id="WASHng">129.802666666667</dst>
        </src>
        <src id="ATLAng">
            <dst id="ATLA-M5">183.664</dst>
            <dst id="ATLAng">29641.3066666667</dst>
            <dst id="CHINng">16568.1546666667</dst>
            <dst id="DNVRng">4187.344</dst>
            <dst id="HSTNng">2511.85066666667</dst>
            <dst id="IPLSng">10075.2266666667</dst>
            <dst id="KSCYng">1134.832</dst>
            <dst id="LOSAng">16424.736</dst>
            <dst id="NYCMng">7487.62133333333</dst>
            <dst id="SNVAng">14.128</dst>
            <dst id="STTLng">7980.248</dst>
            <dst id="WASHng">32340</dst>
        </src>
        <src id="CHINng">
            <dst id="ATLA-M5">1532.584</dst>
            <dst id="ATLAng">31439.272</dst>
            <dst id="CHINng">65227.56</dst>
            <dst id="DNVRng">19218.176</dst>
            <dst id="HSTNng">4627.61333333333</dst>
            <dst id="IPLSng">35419.6693333333</dst>
            <dst id="KSCYng">7061.85333333333</dst>
            <dst id="LOSAng">46784.184</dst>
            <dst id="NYCMng">7246.416</dst>
            <dst id="SNVAng">495.664</dst>
            <dst id="STTLng">8082.62666666667</dst>
            <dst id="WASHng">31482.2986666667</dst>
        </src>
        <src id="DNVRng">
            <dst id="ATLA-M5">69.92</dst>
            <dst id="ATLAng">2538.99733333333</dst>
            <dst id="CHINng">37223.608</dst>
            <dst id="DNVRng">8708.96266666667</dst>
            <dst id="HSTNng">20510.416</dst>
            <dst id="IPLSng">22291.0213333333</dst>
            <dst id="KSCYng">16772.5733333333</dst>
            <dst id="LOSAng">24877.9146666667</dst>
            <dst id="NYCMng">8856.98933333333</dst>
            <dst id="SNVAng">7483.55733333333</dst>
            <dst id="STTLng">8326.29066666667</dst>
            <dst id="WASHng">28031.5253333333</dst>
        </src>
        <src id="HSTNng">
            <dst id="ATLA-M5">844.418666666667</dst>
            <dst id="ATLAng">12822.1066666667</dst>
            <dst id="CHINng">7424.46933333333</dst>
            <dst id="DNVRng">2204.93333333333</dst>
            <dst id="HSTNng">6643.808</dst>
            <dst id="IPLSng">1080.89866666667</dst>
            <dst id="KSCYng">960.002666666667</dst>
            <dst id="LOSAng">5944.65066666667</dst>
            <dst id="NYCMng">835.058666666667</dst>
            <dst id="SNVAng">0</dst>
            <dst id="STTLng">2033.392</dst>
            <dst id="WASHng">2158.89066666667</dst>
        </src>
        <src id="IPLSng">
            <dst id="ATLA-M5">26.6666666666667</dst>
            <dst id="ATLAng">14062.3706666667</dst>
            <dst id="CHINng">87912.208</dst>
            <dst id="DNVRng">4154.44266666667</dst>
            <dst id="HSTNng">1739.89333333333</dst>
            <dst id="IPLSng">14753.4906666667</dst>
            <dst id="KSCYng">2630.34933333333</dst>
            <dst id="LOSAng">46013.1413333333</dst>
            <dst id="NYCMng">22554.2986666667</dst>
            <dst id="SNVAng">279.568</dst>
            <dst id="STTLng">12522.2</dst>
            <dst id="WASHng">31328.6906666667</dst>
        </src>
        <src id="KSCYng">
            <dst id="ATLA-M5">775.418666666667</dst>
            <dst id="ATLAng">1985.26666666667</dst>
            <dst id="CHINng">13042.9093333333</dst>
            <dst id="DNVRng">17296.3466666667</dst>
            <dst id="HSTNng">4446.99466666667</dst>
            <dst id="IPLSng">10182.5653333333</dst>
            <dst id="KSCYng">2480.65066666667</dst>
            <dst id="LOSAng">7463.62933333333</dst>
            <dst id="NYCMng">2672.832</dst>
            <dst id="SNVAng">1128.89066666667</dst>
            <dst id="STTLng">1169.84</dst>
            <dst id="WASHng">10639.176</dst>
        </src>
        <src id="LOSAng">
            <dst id="ATLA-M5">110.856</dst>
            <dst id="ATLAng">52252.5733333333</dst>
            <dst id="CHINng">100817.557333333</dst>
            <dst id="DNVRng">10179.664</dst>
            <dst id="HSTNng">15209.8293333333</dst>
            <dst id="IPLSng">35082.3386666667</dst>
            <dst id="KSCYng">3218.384</dst>
            <dst id="LOSAng">22630.5946666667</dst>
            <dst id="NYCMng">67921.0133333334</dst>
            <dst id="SNVAng">14531.592</dst>
            <dst id="STTLng">40598.304</dst>
            <dst id="WASHng">117319.125333333</dst>
        </src>
        <src id="NYCMng">
            <dst id="ATLA-M5">351.712</dst>
            <dst id="ATLAng">35322.296</dst>
            <dst id="CHINng">31413.4106666667</dst>
            <dst id="DNVRng">31553.2373333333</dst>
            <dst id="HSTNng">3212.80533333333</dst>
            <dst id="IPLSng">26130.1333333333</dst>
            <dst id="KSCYng">10651.296</dst>
            <dst id="LOSAng">81079.6266666667</dst>
            <dst id="NYCMng">80234.352</dst>
            <dst id="SNVAng">1362.26933333333</dst>
            <dst id="STTLng">25139.3546666667</dst>
            <dst id="WASHng">63080.144</dst>
        </src>
        <src id="SNVAng">
            <dst id="ATLA-M5">0</dst>
            <dst id="ATLAng">80</dst>
            <dst id="CHINng">153.333333333333</dst>
            <dst id="DNVRng">12069.336</dst>
            <dst id="HSTNng">53.3333333333333</dst>
            <dst id="IPLSng">5608.36266666667</dst>
            <dst id="KSCYng">127.778666666667</dst>
            <dst id="LOSAng">23079.5733333333</dst>
            <dst id="NYCMng">185.194666666667</dst>
            <dst id="SNVAng">8619.85333333333</dst>
            <dst id="STTLng">27925.5573333333</dst>
            <dst id="WASHng">69.576</dst>
        </src>
        <src id="STTLng">
            <dst id="ATLA-M5">0</dst>
            <dst id="ATLAng">12364.0293333333</dst>
            <dst id="CHINng">14282.536</dst>
            <dst id="DNVRng">2560.18933333333</dst>
            <dst id="HSTNng">2507.97866666667</dst>
            <dst id="IPLSng">11228.5653333333</dst>
            <dst id="KSCYng">3403.41066666667</dst>
            <dst id="LOSAng">33058.168</dst>
            <dst id="NYCMng">7306.736</dst>
            <dst id="SNVAng">3625.032</dst>
            <dst id="STTLng">2377.00266666667</dst>
            <dst id="WASHng">7597.00533333333</dst>
        </src>
        <src id="WASHng">
            <dst id="ATLA-M5">56.0213333333333</dst>
            <dst id="ATLAng">98459.0826666667</dst>
            <dst id="CHINng">75199.7066666667</dst>
            <dst id="DNVRng">57454.72</dst>
            <dst id="HSTNng">31002.5386666667</dst>
            <dst id="IPLSng">41850.4213333333</dst>
            <dst id="KSCYng">8838.072</dst>
            <dst id="LOSAng">110611.464</dst>
            <dst id="NYCMng">229756.522666667</dst>
            <dst id="SNVAng">690.282666666667</dst>
            <dst id="STTLng">29445.5146666667</dst>
            <dst id="WASHng">115618.765333333</dst>
        </src>
    </IntraTM>
</TrafficMatrixFile>
