<?xml version="1.0" encoding="ISO-8859-1" standalone="yes"?>
<TrafficMatrixFile xsi:noNamespaceSchemaLocation="http://totem.run.montefiore.ulg.ac.be/Schema/TrafficMatrix-v1_2.xsd" xmlns:xsi="http://www.w3.org/2001/XMLSchema-instance">
    <IntraTM ASID="11537">
        <src id="ATLA-M5">
            <dst id="ATLA-M5">0</dst>
            <dst id="ATLAng">337.922666666667</dst>
            <dst id="CHINng">70.2293333333333</dst>
            <dst id="DNVRng">53.3333333333333</dst>
            <dst id="HSTNng">113.570666666667</dst>
            <dst id="IPLSng">164.101333333333</dst>
            <dst id="KSCYng">0</dst>
            <dst id="LOSAng">632.544</dst>
            <dst id="NYCMng">26.6666666666667</dst>
            <dst id="SNVAng">0</dst>
            <dst id="STTLng">28.128</dst>
            <dst id="WASHng">80</dst>
        </src>
        <src id="ATLAng">
            <dst id="ATLA-M5">114.357333333333</dst>
            <dst id="ATLAng">35401.2053333333</dst>
            <dst id="CHINng">9710.62666666667</dst>
            <dst id="DNVRng">4550.14666666667</dst>
            <dst id="HSTNng">427.317333333333</dst>
            <dst id="IPLSng">13637.8346666667</dst>
            <dst id="KSCYng">679.890666666667</dst>
            <dst id="LOSAng">14301.8853333333</dst>
            <dst id="NYCMng">3711.584</dst>
            <dst id="SNVAng">69.1546666666667</dst>
            <dst id="STTLng">4390.39733333333</dst>
            <dst id="WASHng">21969.5706666667</dst>
        </src>
        <src id="CHINng">
            <dst id="ATLA-M5">454.261333333333</dst>
            <dst id="ATLAng">33889.0506666667</dst>
            <dst id="CHINng">60376.208</dst>
            <dst id="DNVRng">13340.2186666667</dst>
            <dst id="HSTNng">7673.04533333333</dst>
            <dst id="IPLSng">31441.6293333333</dst>
            <dst id="KSCYng">7801.86933333333</dst>
            <dst id="LOSAng">55030.2053333333</dst>
            <dst id="NYCMng">6552.64533333333</dst>
            <dst id="SNVAng">2174.80533333333</dst>
            <dst id="STTLng">10827.9653333333</dst>
            <dst id="WASHng">24828.8053333333</dst>
        </src>
        <src id="DNVRng">
            <dst id="ATLA-M5">186.88</dst>
            <dst id="ATLAng">1851.312</dst>
            <dst id="CHINng">39203.5893333333</dst>
            <dst id="DNVRng">10116.9333333333</dst>
            <dst id="HSTNng">23698.2613333333</dst>
            <dst id="IPLSng">19876.2666666667</dst>
            <dst id="KSCYng">16298.344</dst>
            <dst id="LOSAng">18118.896</dst>
            <dst id="NYCMng">8504.30933333333</dst>
            <dst id="SNVAng">7272.05066666667</dst>
            <dst id="STTLng">12437.9493333333</dst>
            <dst id="WASHng">39226.0106666667</dst>
        </src>
        <src id="HSTNng">
            <dst id="ATLA-M5">3063.06133333333</dst>
            <dst id="ATLAng">6758.99733333333</dst>
            <dst id="CHINng">15060.3226666667</dst>
            <dst id="DNVRng">2454.392</dst>
            <dst id="HSTNng">12133.248</dst>
            <dst id="IPLSng">701.498666666667</dst>
            <dst id="KSCYng">847.269333333333</dst>
            <dst id="LOSAng">11563.9866666667</dst>
            <dst id="NYCMng">2465.208</dst>
            <dst id="SNVAng">26.6666666666667</dst>
            <dst id="STTLng">1914.32266666667</dst>
            <dst id="WASHng">2685.448</dst>
        </src>
        <src id="IPLSng">
            <dst id="ATLA-M5">343.245333333333</dst>
            <dst id="ATLAng">9030.832</dst>
            <dst id="CHINng">45714.6666666667</dst>
            <dst id="DNVRng">3793.01866666667</dst>
            <dst id="HSTNng">3049.84</dst>
            <dst id="IPLSng">12816.1893333333</dst>
            <dst id="KSCYng">5629.94933333333</dst>
            <dst id="LOSAng">44484.8933333333</dst>
            <dst id="NYCMng">27050.128</dst>
            <dst id="SNVAng">105.221333333333</dst>
            <dst id="STTLng">7519.30133333333</dst>
            <dst id="WASHng">13605.048</dst>
        </src>
        <src id="KSCYng">
            <dst id="ATLA-M5">0</dst>
            <dst id="ATLAng">986.773333333333</dst>
            <dst id="CHINng">21009.6293333333</dst>
            <dst id="DNVRng">9224.72533333333</dst>
            <dst id="HSTNng">3464.272</dst>
            <dst id="IPLSng">9468.32266666667</dst>
            <dst id="KSCYng">9416.496</dst>
            <dst id="LOSAng">6271.46666666667</dst>
            <dst id="NYCMng">1259.832</dst>
            <dst id="SNVAng">538.053333333333</dst>
            <dst id="STTLng">2289.37066666667</dst>
            <dst id="WASHng">14413.256</dst>
        </src>
        <src id="LOSAng">
            <dst id="ATLA-M5">754.808</dst>
            <dst id="ATLAng">56868.9466666667</dst>
            <dst id="CHINng">76351.8853333333</dst>
            <dst id="DNVRng">10019.8613333333</dst>
            <dst id="HSTNng">4965.85333333333</dst>
            <dst id="IPLSng">32384.4986666667</dst>
            <dst id="KSCYng">2784.088</dst>
            <dst id="LOSAng">26873.0933333333</dst>
            <dst id="NYCMng">69806.472</dst>
            <dst id="SNVAng">9981.08533333333</dst>
            <dst id="STTLng">47226.7706666667</dst>
            <dst id="WASHng">127259.357333333</dst>
        </src>
        <src id="NYCMng">
            <dst id="ATLA-M5">81.208</dst>
            <dst id="ATLAng">32165.3253333333</dst>
            <dst id="CHINng">35888.3546666667</dst>
            <dst id="DNVRng">25694.6293333333</dst>
            <dst id="HSTNng">6786.91733333333</dst>
            <dst id="IPLSng">27266.8986666667</dst>
            <dst id="KSCYng">6620.59466666667</dst>
            <dst id="LOSAng">83747.6213333333</dst>
            <dst id="NYCMng">99771.0426666667</dst>
            <dst id="SNVAng">3243.04533333333</dst>
            <dst id="STTLng">26762.9093333333</dst>
            <dst id="WASHng">59032.88</dst>
        </src>
        <src id="SNVAng">
            <dst id="ATLA-M5">0</dst>
            <dst id="ATLAng">53.3333333333333</dst>
            <dst id="CHINng">207.677333333333</dst>
            <dst id="DNVRng">4063.50133333333</dst>
            <dst id="HSTNng">278.08</dst>
            <dst id="IPLSng">5570.18666666667</dst>
            <dst id="KSCYng">135.930666666667</dst>
            <dst id="LOSAng">36948.7146666667</dst>
            <dst id="NYCMng">393.069333333333</dst>
            <dst id="SNVAng">8172.60533333333</dst>
            <dst id="STTLng">23309.6106666667</dst>
            <dst id="WASHng">0</dst>
        </src>
        <src id="STTLng">
            <dst id="ATLA-M5">33.3253333333333</dst>
            <dst id="ATLAng">7568.91733333333</dst>
            <dst id="CHINng">14529.4853333333</dst>
            <dst id="DNVRng">2127.62133333333</dst>
            <dst id="HSTNng">1866.25066666667</dst>
            <dst id="IPLSng">5753.08</dst>
            <dst id="KSCYng">2646.38933333333</dst>
            <dst id="LOSAng">36505.3386666667</dst>
            <dst id="NYCMng">8185.976</dst>
            <dst id="SNVAng">4591.55466666667</dst>
            <dst id="STTLng">5206.888</dst>
            <dst id="WASHng">7429.61333333333</dst>
        </src>
        <src id="WASHng">
            <dst id="ATLA-M5">26.6666666666667</dst>
            <dst id="ATLAng">75421.5306666667</dst>
            <dst id="CHINng">75685.9866666667</dst>
            <dst id="DNVRng">54015.68</dst>
            <dst id="HSTNng">27621.28</dst>
            <dst id="IPLSng">39726.232</dst>
            <dst id="KSCYng">12205.44</dst>
            <dst id="LOSAng">114675.765333333</dst>
            <dst id="NYCMng">171434.237333333</dst>
            <dst id="SNVAng">1060.056</dst>
            <dst id="STTLng">37217.896</dst>
            <dst id="WASHng">153321.962666667</dst>
        </src>
    </IntraTM>
</TrafficMatrixFile>
