<?xml version="1.0" encoding="ISO-8859-1" standalone="yes"?>
<TrafficMatrixFile xsi:noNamespaceSchemaLocation="http://totem.run.montefiore.ulg.ac.be/Schema/TrafficMatrix-v1_2.xsd" xmlns:xsi="http://www.w3.org/2001/XMLSchema-instance">
    <IntraTM ASID="11537">
        <src id="ATLA-M5">
            <dst id="ATLA-M5">68.1093333333333</dst>
            <dst id="ATLAng">291.538666666667</dst>
            <dst id="CHINng">169.384</dst>
            <dst id="DNVRng">0</dst>
            <dst id="HSTNng">761.682666666667</dst>
            <dst id="IPLSng">169.493333333333</dst>
            <dst id="KSCYng">1655.21066666667</dst>
            <dst id="LOSAng">414.386666666667</dst>
            <dst id="NYCMng">33.7893333333333</dst>
            <dst id="SNVAng">0</dst>
            <dst id="STTLng">53.3333333333333</dst>
            <dst id="WASHng">771.712</dst>
        </src>
        <src id="ATLAng">
            <dst id="ATLA-M5">128.685333333333</dst>
            <dst id="ATLAng">48744.4746666667</dst>
            <dst id="CHINng">16844.1733333333</dst>
            <dst id="DNVRng">5158.232</dst>
            <dst id="HSTNng">2310.16533333333</dst>
            <dst id="IPLSng">18919.12</dst>
            <dst id="KSCYng">2070.64266666667</dst>
            <dst id="LOSAng">15349.908</dst>
            <dst id="NYCMng">9185.62133333333</dst>
            <dst id="SNVAng">785.38</dst>
            <dst id="STTLng">5159.65866666667</dst>
            <dst id="WASHng">40267.9066666667</dst>
        </src>
        <src id="CHINng">
            <dst id="ATLA-M5">170.826666666667</dst>
            <dst id="ATLAng">29608.2826666667</dst>
            <dst id="CHINng">101128.317333333</dst>
            <dst id="DNVRng">27440.8</dst>
            <dst id="HSTNng">8654.128</dst>
            <dst id="IPLSng">50391.5413333333</dst>
            <dst id="KSCYng">10627.0826666667</dst>
            <dst id="LOSAng">68540.7013333333</dst>
            <dst id="NYCMng">9692.00266666667</dst>
            <dst id="SNVAng">1572.928</dst>
            <dst id="STTLng">9452.32266666667</dst>
            <dst id="WASHng">40467.6586666666</dst>
        </src>
        <src id="DNVRng">
            <dst id="ATLA-M5">229.16</dst>
            <dst id="ATLAng">19347.3173333333</dst>
            <dst id="CHINng">52772.56</dst>
            <dst id="DNVRng">14975.6986666667</dst>
            <dst id="HSTNng">34405.0586666667</dst>
            <dst id="IPLSng">26035.8586666667</dst>
            <dst id="KSCYng">11013.688</dst>
            <dst id="LOSAng">16728.696</dst>
            <dst id="NYCMng">16774.6186666667</dst>
            <dst id="SNVAng">9043.59733333333</dst>
            <dst id="STTLng">14862.128</dst>
            <dst id="WASHng">25017.1386666667</dst>
        </src>
        <src id="HSTNng">
            <dst id="ATLA-M5">3735.73066666667</dst>
            <dst id="ATLAng">16657.8693333333</dst>
            <dst id="CHINng">21123.8213333333</dst>
            <dst id="DNVRng">9594.97866666667</dst>
            <dst id="HSTNng">7884.35466666667</dst>
            <dst id="IPLSng">2549.432</dst>
            <dst id="KSCYng">2907.816</dst>
            <dst id="LOSAng">7804.90133333333</dst>
            <dst id="NYCMng">1955.416</dst>
            <dst id="SNVAng">91.456</dst>
            <dst id="STTLng">965.885333333333</dst>
            <dst id="WASHng">3729.96266666667</dst>
        </src>
        <src id="IPLSng">
            <dst id="ATLA-M5">429.578666666667</dst>
            <dst id="ATLAng">47117.8666666667</dst>
            <dst id="CHINng">67493.6613333333</dst>
            <dst id="DNVRng">8071.848</dst>
            <dst id="HSTNng">3518.776</dst>
            <dst id="IPLSng">37800.0373333333</dst>
            <dst id="KSCYng">6565.016</dst>
            <dst id="LOSAng">66334.7413333333</dst>
            <dst id="NYCMng">25963.4586666667</dst>
            <dst id="SNVAng">669.866666666667</dst>
            <dst id="STTLng">6691.61866666667</dst>
            <dst id="WASHng">38429.096</dst>
        </src>
        <src id="KSCYng">
            <dst id="ATLA-M5">32.0666666666667</dst>
            <dst id="ATLAng">3128.96266666667</dst>
            <dst id="CHINng">29696.5306666667</dst>
            <dst id="DNVRng">7740.60533333333</dst>
            <dst id="HSTNng">4617.17866666667</dst>
            <dst id="IPLSng">14811.1093333333</dst>
            <dst id="KSCYng">7666.99733333333</dst>
            <dst id="LOSAng">27006.512</dst>
            <dst id="NYCMng">3111.00266666667</dst>
            <dst id="SNVAng">293.517333333333</dst>
            <dst id="STTLng">2963.904</dst>
            <dst id="WASHng">12642.2266666667</dst>
        </src>
        <src id="LOSAng">
            <dst id="ATLA-M5">835.752</dst>
            <dst id="ATLAng">25631.8586666667</dst>
            <dst id="CHINng">102700.338666667</dst>
            <dst id="DNVRng">39840.1653333333</dst>
            <dst id="HSTNng">16721.2773333333</dst>
            <dst id="IPLSng">37728.048</dst>
            <dst id="KSCYng">7337.624</dst>
            <dst id="LOSAng">12464.6053333333</dst>
            <dst id="NYCMng">86803.96</dst>
            <dst id="SNVAng">11793.0053333333</dst>
            <dst id="STTLng">43162.92</dst>
            <dst id="WASHng">105842.722666667</dst>
        </src>
        <src id="NYCMng">
            <dst id="ATLA-M5">380.818666666667</dst>
            <dst id="ATLAng">49932.8293333333</dst>
            <dst id="CHINng">43875.6746666667</dst>
            <dst id="DNVRng">126482.954666667</dst>
            <dst id="HSTNng">14670.8293333333</dst>
            <dst id="IPLSng">46462.8666666667</dst>
            <dst id="KSCYng">20950.7066666667</dst>
            <dst id="LOSAng">96361.6026666667</dst>
            <dst id="NYCMng">85633.848</dst>
            <dst id="SNVAng">7028.21866666667</dst>
            <dst id="STTLng">26394.44</dst>
            <dst id="WASHng">66203.8186666667</dst>
        </src>
        <src id="SNVAng">
            <dst id="ATLA-M5">0</dst>
            <dst id="ATLAng">53.4026666666667</dst>
            <dst id="CHINng">109.245333333333</dst>
            <dst id="DNVRng">4959.92</dst>
            <dst id="HSTNng">323.349333333333</dst>
            <dst id="IPLSng">1105.35466666667</dst>
            <dst id="KSCYng">20946.4826666667</dst>
            <dst id="LOSAng">40738.864</dst>
            <dst id="NYCMng">372.170666666667</dst>
            <dst id="SNVAng">8198.432</dst>
            <dst id="STTLng">23061.576</dst>
            <dst id="WASHng">53.3333333333333</dst>
        </src>
        <src id="STTLng">
            <dst id="ATLA-M5">26.6666666666667</dst>
            <dst id="ATLAng">11883.96</dst>
            <dst id="CHINng">21645.664</dst>
            <dst id="DNVRng">8761.72533333333</dst>
            <dst id="HSTNng">4129.97333333333</dst>
            <dst id="IPLSng">7714.20266666667</dst>
            <dst id="KSCYng">4476.71466666667</dst>
            <dst id="LOSAng">33168.328</dst>
            <dst id="NYCMng">9332.12533333333</dst>
            <dst id="SNVAng">3656.136</dst>
            <dst id="STTLng">5791.376</dst>
            <dst id="WASHng">12457.48</dst>
        </src>
        <src id="WASHng">
            <dst id="ATLA-M5">1010.896</dst>
            <dst id="ATLAng">112892.026666667</dst>
            <dst id="CHINng">69909.3306666667</dst>
            <dst id="DNVRng">65480.0373333333</dst>
            <dst id="HSTNng">27967.2746666667</dst>
            <dst id="IPLSng">54796.2906666667</dst>
            <dst id="KSCYng">26437.72</dst>
            <dst id="LOSAng">116241.405333333</dst>
            <dst id="NYCMng">161809.610666667</dst>
            <dst id="SNVAng">8468.21333333333</dst>
            <dst id="STTLng">38019.5173333333</dst>
            <dst id="WASHng">269003.2</dst>
        </src>
    </IntraTM>
</TrafficMatrixFile>
