<?xml version="1.0" encoding="ISO-8859-1" standalone="yes"?>
<TrafficMatrixFile xsi:noNamespaceSchemaLocation="http://totem.run.montefiore.ulg.ac.be/Schema/TrafficMatrix-v1_2.xsd" xmlns:xsi="http://www.w3.org/2001/XMLSchema-instance">
    <IntraTM ASID="11537">
        <src id="ATLA-M5">
            <dst id="ATLA-M5">55.0053333333333</dst>
            <dst id="ATLAng">97.904</dst>
            <dst id="CHINng">54.6666666666667</dst>
            <dst id="DNVRng">763.770666666667</dst>
            <dst id="HSTNng">184.925333333333</dst>
            <dst id="IPLSng">88.5893333333333</dst>
            <dst id="KSCYng">1032.90666666667</dst>
            <dst id="LOSAng">170.08</dst>
            <dst id="NYCMng">53.3333333333333</dst>
            <dst id="SNVAng">0</dst>
            <dst id="STTLng">0</dst>
            <dst id="WASHng">1272.74933333333</dst>
        </src>
        <src id="ATLAng">
            <dst id="ATLA-M5">223.685333333333</dst>
            <dst id="ATLAng">41577.6373333333</dst>
            <dst id="CHINng">47814.8373333333</dst>
            <dst id="DNVRng">4931.53066666667</dst>
            <dst id="HSTNng">919.045333333333</dst>
            <dst id="IPLSng">16663.7226666667</dst>
            <dst id="KSCYng">2125.912</dst>
            <dst id="LOSAng">16277.7746666667</dst>
            <dst id="NYCMng">7444.82133333334</dst>
            <dst id="SNVAng">694.321333333333</dst>
            <dst id="STTLng">4599.31466666667</dst>
            <dst id="WASHng">28409.3066666667</dst>
        </src>
        <src id="CHINng">
            <dst id="ATLA-M5">29.6266666666667</dst>
            <dst id="ATLAng">22462.3466666667</dst>
            <dst id="CHINng">74492.128</dst>
            <dst id="DNVRng">15073.4346666667</dst>
            <dst id="HSTNng">23295.8613333333</dst>
            <dst id="IPLSng">34124.4</dst>
            <dst id="KSCYng">5045.98933333333</dst>
            <dst id="LOSAng">826823.946666667</dst>
            <dst id="NYCMng">8697.23466666667</dst>
            <dst id="SNVAng">1386.96</dst>
            <dst id="STTLng">14296.9733333333</dst>
            <dst id="WASHng">25258.0826666667</dst>
        </src>
        <src id="DNVRng">
            <dst id="ATLA-M5">301.68</dst>
            <dst id="ATLAng">10436.952</dst>
            <dst id="CHINng">45972.2613333333</dst>
            <dst id="DNVRng">6577.19733333333</dst>
            <dst id="HSTNng">21210.072</dst>
            <dst id="IPLSng">23141.0373333333</dst>
            <dst id="KSCYng">12059.8933333333</dst>
            <dst id="LOSAng">12373.6533333333</dst>
            <dst id="NYCMng">8115.95466666667</dst>
            <dst id="SNVAng">7966.75733333333</dst>
            <dst id="STTLng">7719.13333333333</dst>
            <dst id="WASHng">38654.0533333333</dst>
        </src>
        <src id="HSTNng">
            <dst id="ATLA-M5">3519.464</dst>
            <dst id="ATLAng">2453.984</dst>
            <dst id="CHINng">10152.776</dst>
            <dst id="DNVRng">10135.4773333333</dst>
            <dst id="HSTNng">13902.296</dst>
            <dst id="IPLSng">2885.33066666667</dst>
            <dst id="KSCYng">1680.064</dst>
            <dst id="LOSAng">17987.456</dst>
            <dst id="NYCMng">2239.21066666667</dst>
            <dst id="SNVAng">26.6666666666667</dst>
            <dst id="STTLng">4950.48533333333</dst>
            <dst id="WASHng">5615.06666666667</dst>
        </src>
        <src id="IPLSng">
            <dst id="ATLA-M5">26.6666666666667</dst>
            <dst id="ATLAng">13399.008</dst>
            <dst id="CHINng">63928.6773333333</dst>
            <dst id="DNVRng">11771.9253333333</dst>
            <dst id="HSTNng">2466.46666666667</dst>
            <dst id="IPLSng">14683.2746666667</dst>
            <dst id="KSCYng">11326.7866666667</dst>
            <dst id="LOSAng">84166.1786666667</dst>
            <dst id="NYCMng">23791.8853333333</dst>
            <dst id="SNVAng">2448.03733333333</dst>
            <dst id="STTLng">11262.3333333333</dst>
            <dst id="WASHng">18444.1386666667</dst>
        </src>
        <src id="KSCYng">
            <dst id="ATLA-M5">359.098666666667</dst>
            <dst id="ATLAng">2962.62933333333</dst>
            <dst id="CHINng">24275.1226666667</dst>
            <dst id="DNVRng">7220.976</dst>
            <dst id="HSTNng">4635.67733333333</dst>
            <dst id="IPLSng">14081.08</dst>
            <dst id="KSCYng">6110.19733333333</dst>
            <dst id="LOSAng">9510.72533333333</dst>
            <dst id="NYCMng">3016.30133333333</dst>
            <dst id="SNVAng">176.269333333333</dst>
            <dst id="STTLng">2594.904</dst>
            <dst id="WASHng">8666.84</dst>
        </src>
        <src id="LOSAng">
            <dst id="ATLA-M5">1386.05333333333</dst>
            <dst id="ATLAng">29179.2826666667</dst>
            <dst id="CHINng">101774.725333333</dst>
            <dst id="DNVRng">16617.4186666667</dst>
            <dst id="HSTNng">8880.97333333333</dst>
            <dst id="IPLSng">68160.4453333333</dst>
            <dst id="KSCYng">7335.32266666667</dst>
            <dst id="LOSAng">14154.8613333333</dst>
            <dst id="NYCMng">89512.112</dst>
            <dst id="SNVAng">11904.3946666667</dst>
            <dst id="STTLng">45413.1146666667</dst>
            <dst id="WASHng">105713.890666667</dst>
        </src>
        <src id="NYCMng">
            <dst id="ATLA-M5">418.514666666667</dst>
            <dst id="ATLAng">46608.9093333333</dst>
            <dst id="CHINng">39552.6666666667</dst>
            <dst id="DNVRng">129075.677333333</dst>
            <dst id="HSTNng">10893.992</dst>
            <dst id="IPLSng">50975.088</dst>
            <dst id="KSCYng">20345.2693333333</dst>
            <dst id="LOSAng">103713.805333333</dst>
            <dst id="NYCMng">75499.848</dst>
            <dst id="SNVAng">4089.91466666667</dst>
            <dst id="STTLng">29640.7546666667</dst>
            <dst id="WASHng">67112.7733333333</dst>
        </src>
        <src id="SNVAng">
            <dst id="ATLA-M5">0</dst>
            <dst id="ATLAng">53.3333333333333</dst>
            <dst id="CHINng">178.613333333333</dst>
            <dst id="DNVRng">7236.12266666667</dst>
            <dst id="HSTNng">3322.976</dst>
            <dst id="IPLSng">1273</dst>
            <dst id="KSCYng">21528.3253333333</dst>
            <dst id="LOSAng">42226.6986666667</dst>
            <dst id="NYCMng">1036.09066666667</dst>
            <dst id="SNVAng">6999.45866666667</dst>
            <dst id="STTLng">73225.2026666667</dst>
            <dst id="WASHng">371.517333333333</dst>
        </src>
        <src id="STTLng">
            <dst id="ATLA-M5">93.3333333333333</dst>
            <dst id="ATLAng">12024.4613333333</dst>
            <dst id="CHINng">17700.152</dst>
            <dst id="DNVRng">7538.05333333333</dst>
            <dst id="HSTNng">4048.112</dst>
            <dst id="IPLSng">8295.10666666667</dst>
            <dst id="KSCYng">4171.08533333333</dst>
            <dst id="LOSAng">31984.3253333333</dst>
            <dst id="NYCMng">11504.36</dst>
            <dst id="SNVAng">3118.936</dst>
            <dst id="STTLng">2752.25066666667</dst>
            <dst id="WASHng">8004.29866666667</dst>
        </src>
        <src id="WASHng">
            <dst id="ATLA-M5">267.736</dst>
            <dst id="ATLAng">127237.698666667</dst>
            <dst id="CHINng">69194.648</dst>
            <dst id="DNVRng">45671.1733333333</dst>
            <dst id="HSTNng">25593.1973333333</dst>
            <dst id="IPLSng">42277.5893333333</dst>
            <dst id="KSCYng">24576.8746666667</dst>
            <dst id="LOSAng">127408.037333333</dst>
            <dst id="NYCMng">150836.213333333</dst>
            <dst id="SNVAng">8044.32266666667</dst>
            <dst id="STTLng">34376.4346666667</dst>
            <dst id="WASHng">272496.533333333</dst>
        </src>
    </IntraTM>
</TrafficMatrixFile>
