<?xml version="1.0" encoding="ISO-8859-1" standalone="yes"?>
<TrafficMatrixFile xsi:noNamespaceSchemaLocation="http://totem.run.montefiore.ulg.ac.be/Schema/TrafficMatrix-v1_2.xsd" xmlns:xsi="http://www.w3.org/2001/XMLSchema-instance">
    <IntraTM ASID="11537">
        <src id="ATLA-M5">
            <dst id="ATLA-M5">26.6666666666667</dst>
            <dst id="ATLAng">855.024</dst>
            <dst id="CHINng">139.818666666667</dst>
            <dst id="DNVRng">0</dst>
            <dst id="HSTNng">40.2986666666667</dst>
            <dst id="IPLSng">26.6666666666667</dst>
            <dst id="KSCYng">53.3333333333333</dst>
            <dst id="LOSAng">184.474666666667</dst>
            <dst id="NYCMng">324.864</dst>
            <dst id="SNVAng">0</dst>
            <dst id="STTLng">97.5333333333333</dst>
            <dst id="WASHng">1414.96533333333</dst>
        </src>
        <src id="ATLAng">
            <dst id="ATLA-M5">254.488</dst>
            <dst id="ATLAng">20811.464</dst>
            <dst id="CHINng">5721.28</dst>
            <dst id="DNVRng">3076.952</dst>
            <dst id="HSTNng">601.450666666667</dst>
            <dst id="IPLSng">16052.0106666667</dst>
            <dst id="KSCYng">272.189333333333</dst>
            <dst id="LOSAng">11940.816</dst>
            <dst id="NYCMng">4580.92533333333</dst>
            <dst id="SNVAng">96.72</dst>
            <dst id="STTLng">8290.02666666667</dst>
            <dst id="WASHng">55396.064</dst>
        </src>
        <src id="CHINng">
            <dst id="ATLA-M5">53.3333333333333</dst>
            <dst id="ATLAng">4767.57333333333</dst>
            <dst id="CHINng">136635.442666667</dst>
            <dst id="DNVRng">9918.488</dst>
            <dst id="HSTNng">3335.936</dst>
            <dst id="IPLSng">30346.056</dst>
            <dst id="KSCYng">4253.48</dst>
            <dst id="LOSAng">66354.1066666667</dst>
            <dst id="NYCMng">8949.68266666667</dst>
            <dst id="SNVAng">1548.79466666667</dst>
            <dst id="STTLng">6552.86933333333</dst>
            <dst id="WASHng">15881.0693333333</dst>
        </src>
        <src id="DNVRng">
            <dst id="ATLA-M5">68.96</dst>
            <dst id="ATLAng">6392.192</dst>
            <dst id="CHINng">54565.368</dst>
            <dst id="DNVRng">29416.7146666667</dst>
            <dst id="HSTNng">27789.2373333333</dst>
            <dst id="IPLSng">22590.0453333333</dst>
            <dst id="KSCYng">27106.4853333333</dst>
            <dst id="LOSAng">10713.1466666667</dst>
            <dst id="NYCMng">13531.4613333333</dst>
            <dst id="SNVAng">14594.9146666667</dst>
            <dst id="STTLng">15918.1173333333</dst>
            <dst id="WASHng">30163.544</dst>
        </src>
        <src id="HSTNng">
            <dst id="ATLA-M5">2308.45333333333</dst>
            <dst id="ATLAng">2329.14133333333</dst>
            <dst id="CHINng">19325.088</dst>
            <dst id="DNVRng">1712.53333333333</dst>
            <dst id="HSTNng">5247.672</dst>
            <dst id="IPLSng">535.389333333333</dst>
            <dst id="KSCYng">2882.61866666667</dst>
            <dst id="LOSAng">12335.9253333333</dst>
            <dst id="NYCMng">1439.20533333333</dst>
            <dst id="SNVAng">0</dst>
            <dst id="STTLng">1033.85066666667</dst>
            <dst id="WASHng">1769.45866666667</dst>
        </src>
        <src id="IPLSng">
            <dst id="ATLA-M5">72.2666666666667</dst>
            <dst id="ATLAng">12415.6933333333</dst>
            <dst id="CHINng">70605.936</dst>
            <dst id="DNVRng">2300.28</dst>
            <dst id="HSTNng">1106.77866666667</dst>
            <dst id="IPLSng">28074.4773333333</dst>
            <dst id="KSCYng">2605.41066666667</dst>
            <dst id="LOSAng">61094.2533333333</dst>
            <dst id="NYCMng">12520.4986666667</dst>
            <dst id="SNVAng">136.501333333333</dst>
            <dst id="STTLng">14024.8986666667</dst>
            <dst id="WASHng">23074.3093333333</dst>
        </src>
        <src id="KSCYng">
            <dst id="ATLA-M5">0</dst>
            <dst id="ATLAng">780.138666666667</dst>
            <dst id="CHINng">44715.2586666667</dst>
            <dst id="DNVRng">22614.0533333333</dst>
            <dst id="HSTNng">2433.04</dst>
            <dst id="IPLSng">8077.57066666667</dst>
            <dst id="KSCYng">2732.59466666667</dst>
            <dst id="LOSAng">5637.57333333333</dst>
            <dst id="NYCMng">3189.792</dst>
            <dst id="SNVAng">5919.99733333333</dst>
            <dst id="STTLng">2337.01066666667</dst>
            <dst id="WASHng">6741.61333333333</dst>
        </src>
        <src id="LOSAng">
            <dst id="ATLA-M5">146.069333333333</dst>
            <dst id="ATLAng">6153.39733333333</dst>
            <dst id="CHINng">114601.426666667</dst>
            <dst id="DNVRng">7293.584</dst>
            <dst id="HSTNng">6256.60266666667</dst>
            <dst id="IPLSng">23387.336</dst>
            <dst id="KSCYng">5798.53333333333</dst>
            <dst id="LOSAng">22040.52</dst>
            <dst id="NYCMng">59391.0586666667</dst>
            <dst id="SNVAng">11873.88</dst>
            <dst id="STTLng">46491.2346666667</dst>
            <dst id="WASHng">89880.6533333334</dst>
        </src>
        <src id="NYCMng">
            <dst id="ATLA-M5">736.488</dst>
            <dst id="ATLAng">22557.8266666667</dst>
            <dst id="CHINng">51813.1386666667</dst>
            <dst id="DNVRng">114840.829333333</dst>
            <dst id="HSTNng">6984.048</dst>
            <dst id="IPLSng">28523.352</dst>
            <dst id="KSCYng">6210.94933333333</dst>
            <dst id="LOSAng">84709.976</dst>
            <dst id="NYCMng">83835.496</dst>
            <dst id="SNVAng">2967.16533333333</dst>
            <dst id="STTLng">22475.376</dst>
            <dst id="WASHng">50257.52</dst>
        </src>
        <src id="SNVAng">
            <dst id="ATLA-M5">0</dst>
            <dst id="ATLAng">26.6666666666667</dst>
            <dst id="CHINng">867.546666666667</dst>
            <dst id="DNVRng">563.144</dst>
            <dst id="HSTNng">39.6373333333333</dst>
            <dst id="IPLSng">547.64</dst>
            <dst id="KSCYng">17746.12</dst>
            <dst id="LOSAng">37877.5786666667</dst>
            <dst id="NYCMng">276.682666666667</dst>
            <dst id="SNVAng">11542.072</dst>
            <dst id="STTLng">34456.9546666667</dst>
            <dst id="WASHng">26.6666666666667</dst>
        </src>
        <src id="STTLng">
            <dst id="ATLA-M5">26.6666666666667</dst>
            <dst id="ATLAng">8003.632</dst>
            <dst id="CHINng">31664.9306666667</dst>
            <dst id="DNVRng">2561.03733333333</dst>
            <dst id="HSTNng">471.522666666667</dst>
            <dst id="IPLSng">9356.592</dst>
            <dst id="KSCYng">2085.82133333333</dst>
            <dst id="LOSAng">26745.8613333333</dst>
            <dst id="NYCMng">13697.688</dst>
            <dst id="SNVAng">3254.73333333333</dst>
            <dst id="STTLng">6079.72266666667</dst>
            <dst id="WASHng">6338.34933333333</dst>
        </src>
        <src id="WASHng">
            <dst id="ATLA-M5">365.101333333333</dst>
            <dst id="ATLAng">86592.088</dst>
            <dst id="CHINng">89001.5546666666</dst>
            <dst id="DNVRng">51935.0853333333</dst>
            <dst id="HSTNng">22274.6613333333</dst>
            <dst id="IPLSng">55903.8106666667</dst>
            <dst id="KSCYng">8920.92</dst>
            <dst id="LOSAng">111973.234666667</dst>
            <dst id="NYCMng">121284.269333333</dst>
            <dst id="SNVAng">5259.65066666667</dst>
            <dst id="STTLng">26486.4266666667</dst>
            <dst id="WASHng">342533.786666667</dst>
        </src>
    </IntraTM>
</TrafficMatrixFile>
