<?xml version="1.0" encoding="ISO-8859-1" standalone="yes"?>
<TrafficMatrixFile xsi:noNamespaceSchemaLocation="http://totem.run.montefiore.ulg.ac.be/Schema/TrafficMatrix-v1_2.xsd" xmlns:xsi="http://www.w3.org/2001/XMLSchema-instance">
    <IntraTM ASID="11537">
        <src id="ATLA-M5">
            <dst id="ATLA-M5">26.6666666666667</dst>
            <dst id="ATLAng">40.9706666666667</dst>
            <dst id="CHINng">265.229333333333</dst>
            <dst id="DNVRng">0</dst>
            <dst id="HSTNng">26.6666666666667</dst>
            <dst id="IPLSng">97.9866666666667</dst>
            <dst id="KSCYng">222.418666666667</dst>
            <dst id="LOSAng">241.482666666667</dst>
            <dst id="NYCMng">26.6666666666667</dst>
            <dst id="SNVAng">0</dst>
            <dst id="STTLng">0</dst>
            <dst id="WASHng">255.562666666667</dst>
        </src>
        <src id="ATLAng">
            <dst id="ATLA-M5">163.458666666667</dst>
            <dst id="ATLAng">30320.112</dst>
            <dst id="CHINng">20391.8666666667</dst>
            <dst id="DNVRng">4799.34666666667</dst>
            <dst id="HSTNng">1868.44266666667</dst>
            <dst id="IPLSng">11259.52</dst>
            <dst id="KSCYng">971.301333333333</dst>
            <dst id="LOSAng">16686.3386666667</dst>
            <dst id="NYCMng">6769.87466666667</dst>
            <dst id="SNVAng">13.3333333333333</dst>
            <dst id="STTLng">8496.02666666667</dst>
            <dst id="WASHng">25560.8773333333</dst>
        </src>
        <src id="CHINng">
            <dst id="ATLA-M5">1323.24</dst>
            <dst id="ATLAng">32312.024</dst>
            <dst id="CHINng">72369.896</dst>
            <dst id="DNVRng">19385.632</dst>
            <dst id="HSTNng">4696.72533333333</dst>
            <dst id="IPLSng">45984.9893333333</dst>
            <dst id="KSCYng">3495.85866666667</dst>
            <dst id="LOSAng">51626.32</dst>
            <dst id="NYCMng">7409.54133333333</dst>
            <dst id="SNVAng">498.248</dst>
            <dst id="STTLng">9322.84</dst>
            <dst id="WASHng">28460.6026666667</dst>
        </src>
        <src id="DNVRng">
            <dst id="ATLA-M5">133.546666666667</dst>
            <dst id="ATLAng">3955.74666666667</dst>
            <dst id="CHINng">39492.416</dst>
            <dst id="DNVRng">12273.48</dst>
            <dst id="HSTNng">21088.5146666667</dst>
            <dst id="IPLSng">21617.1333333333</dst>
            <dst id="KSCYng">17576.5226666667</dst>
            <dst id="LOSAng">13659.9546666667</dst>
            <dst id="NYCMng">13058.5306666667</dst>
            <dst id="SNVAng">8633.19466666667</dst>
            <dst id="STTLng">9384.50666666667</dst>
            <dst id="WASHng">28238.1786666667</dst>
        </src>
        <src id="HSTNng">
            <dst id="ATLA-M5">178.922666666667</dst>
            <dst id="ATLAng">18293.7813333333</dst>
            <dst id="CHINng">8456.8</dst>
            <dst id="DNVRng">1530.96533333333</dst>
            <dst id="HSTNng">9104.15733333333</dst>
            <dst id="IPLSng">1101.49866666667</dst>
            <dst id="KSCYng">920.826666666667</dst>
            <dst id="LOSAng">5784.84266666667</dst>
            <dst id="NYCMng">527.762666666667</dst>
            <dst id="SNVAng">0</dst>
            <dst id="STTLng">1924.06666666667</dst>
            <dst id="WASHng">1844.12266666667</dst>
        </src>
        <src id="IPLSng">
            <dst id="ATLA-M5">0</dst>
            <dst id="ATLAng">15716.3306666667</dst>
            <dst id="CHINng">64693.7546666667</dst>
            <dst id="DNVRng">6740.05333333333</dst>
            <dst id="HSTNng">3433.952</dst>
            <dst id="IPLSng">18717.5733333333</dst>
            <dst id="KSCYng">2139.64533333333</dst>
            <dst id="LOSAng">65500.92</dst>
            <dst id="NYCMng">28381.3546666667</dst>
            <dst id="SNVAng">237.637333333333</dst>
            <dst id="STTLng">9289.97866666667</dst>
            <dst id="WASHng">25720.9066666667</dst>
        </src>
        <src id="KSCYng">
            <dst id="ATLA-M5">938.621333333333</dst>
            <dst id="ATLAng">1470.83466666667</dst>
            <dst id="CHINng">12027.232</dst>
            <dst id="DNVRng">16971.312</dst>
            <dst id="HSTNng">4429.25066666667</dst>
            <dst id="IPLSng">5875.52</dst>
            <dst id="KSCYng">4658.86666666667</dst>
            <dst id="LOSAng">7733.38133333333</dst>
            <dst id="NYCMng">3125.33333333333</dst>
            <dst id="SNVAng">1299.09333333333</dst>
            <dst id="STTLng">1154.816</dst>
            <dst id="WASHng">10755.36</dst>
        </src>
        <src id="LOSAng">
            <dst id="ATLA-M5">317.277333333333</dst>
            <dst id="ATLAng">42174.1893333333</dst>
            <dst id="CHINng">91917.8026666667</dst>
            <dst id="DNVRng">6885.18666666667</dst>
            <dst id="HSTNng">10202.192</dst>
            <dst id="IPLSng">26776.7413333333</dst>
            <dst id="KSCYng">4641.24266666667</dst>
            <dst id="LOSAng">19696.2106666667</dst>
            <dst id="NYCMng">67582.0426666667</dst>
            <dst id="SNVAng">11326.9866666667</dst>
            <dst id="STTLng">40291.984</dst>
            <dst id="WASHng">122747.626666667</dst>
        </src>
        <src id="NYCMng">
            <dst id="ATLA-M5">274.570666666667</dst>
            <dst id="ATLAng">39960.2106666667</dst>
            <dst id="CHINng">37032.2693333333</dst>
            <dst id="DNVRng">31292.08</dst>
            <dst id="HSTNng">3907.26666666667</dst>
            <dst id="IPLSng">25840.8426666667</dst>
            <dst id="KSCYng">9763.464</dst>
            <dst id="LOSAng">75372.008</dst>
            <dst id="NYCMng">96045.448</dst>
            <dst id="SNVAng">2215.24</dst>
            <dst id="STTLng">26410.024</dst>
            <dst id="WASHng">53538.8026666667</dst>
        </src>
        <src id="SNVAng">
            <dst id="ATLA-M5">26.6666666666667</dst>
            <dst id="ATLAng">53.3333333333333</dst>
            <dst id="CHINng">72.1066666666667</dst>
            <dst id="DNVRng">21500.4746666667</dst>
            <dst id="HSTNng">53.3333333333333</dst>
            <dst id="IPLSng">5829.17333333333</dst>
            <dst id="KSCYng">120.610666666667</dst>
            <dst id="LOSAng">24715.4586666667</dst>
            <dst id="NYCMng">377.125333333333</dst>
            <dst id="SNVAng">7915.79733333333</dst>
            <dst id="STTLng">27364.592</dst>
            <dst id="WASHng">106.666666666667</dst>
        </src>
        <src id="STTLng">
            <dst id="ATLA-M5">109.6</dst>
            <dst id="ATLAng">12998.5146666667</dst>
            <dst id="CHINng">13678.48</dst>
            <dst id="DNVRng">3313.42133333333</dst>
            <dst id="HSTNng">2529.96533333333</dst>
            <dst id="IPLSng">9977.74133333333</dst>
            <dst id="KSCYng">5661.13066666667</dst>
            <dst id="LOSAng">30268.2426666667</dst>
            <dst id="NYCMng">7473.112</dst>
            <dst id="SNVAng">3008.712</dst>
            <dst id="STTLng">4347.07466666667</dst>
            <dst id="WASHng">7344.12</dst>
        </src>
        <src id="WASHng">
            <dst id="ATLA-M5">111.682666666667</dst>
            <dst id="ATLAng">104838.293333333</dst>
            <dst id="CHINng">75767.424</dst>
            <dst id="DNVRng">54991.3813333333</dst>
            <dst id="HSTNng">25725.2826666667</dst>
            <dst id="IPLSng">47116.816</dst>
            <dst id="KSCYng">9962.17866666667</dst>
            <dst id="LOSAng">123670.08</dst>
            <dst id="NYCMng">141652.186666667</dst>
            <dst id="SNVAng">435.594666666667</dst>
            <dst id="STTLng">30968.752</dst>
            <dst id="WASHng">128556.789333333</dst>
        </src>
    </IntraTM>
</TrafficMatrixFile>
