<?xml version="1.0" encoding="ISO-8859-1" standalone="yes"?>
<TrafficMatrixFile xsi:noNamespaceSchemaLocation="http://totem.run.montefiore.ulg.ac.be/Schema/TrafficMatrix-v1_2.xsd" xmlns:xsi="http://www.w3.org/2001/XMLSchema-instance">
    <IntraTM ASID="11537">
        <src id="ATLA-M5">
            <dst id="ATLA-M5">242.941333333333</dst>
            <dst id="ATLAng">1164.27466666667</dst>
            <dst id="CHINng">217.333333333333</dst>
            <dst id="DNVRng">218.330666666667</dst>
            <dst id="HSTNng">109.610666666667</dst>
            <dst id="IPLSng">563.096</dst>
            <dst id="KSCYng">286.224</dst>
            <dst id="LOSAng">189.578666666667</dst>
            <dst id="NYCMng">63.9946666666667</dst>
            <dst id="SNVAng">0</dst>
            <dst id="STTLng">64.5333333333333</dst>
            <dst id="WASHng">910.792</dst>
        </src>
        <src id="ATLAng">
            <dst id="ATLA-M5">669.688</dst>
            <dst id="ATLAng">57076.5093333333</dst>
            <dst id="CHINng">13258.2666666667</dst>
            <dst id="DNVRng">7401.22133333333</dst>
            <dst id="HSTNng">10021.392</dst>
            <dst id="IPLSng">14871.4586666667</dst>
            <dst id="KSCYng">7857.97333333333</dst>
            <dst id="LOSAng">24136.2506666667</dst>
            <dst id="NYCMng">6616.87466666667</dst>
            <dst id="SNVAng">585.256</dst>
            <dst id="STTLng">5745.17066666667</dst>
            <dst id="WASHng">55047.192</dst>
        </src>
        <src id="CHINng">
            <dst id="ATLA-M5">2551.84266666667</dst>
            <dst id="ATLAng">30318.776</dst>
            <dst id="CHINng">108904</dst>
            <dst id="DNVRng">28777.1493333333</dst>
            <dst id="HSTNng">8678.20266666667</dst>
            <dst id="IPLSng">46586.5706666667</dst>
            <dst id="KSCYng">16833.664</dst>
            <dst id="LOSAng">75317.392</dst>
            <dst id="NYCMng">14624.2746666667</dst>
            <dst id="SNVAng">2562.08</dst>
            <dst id="STTLng">7441.68</dst>
            <dst id="WASHng">36238.6106666667</dst>
        </src>
        <src id="DNVRng">
            <dst id="ATLA-M5">3632.61866666667</dst>
            <dst id="ATLAng">32181.472</dst>
            <dst id="CHINng">47647.5173333333</dst>
            <dst id="DNVRng">15239.096</dst>
            <dst id="HSTNng">24908.7893333333</dst>
            <dst id="IPLSng">31004.7893333333</dst>
            <dst id="KSCYng">19556.5413333333</dst>
            <dst id="LOSAng">27977.5093333333</dst>
            <dst id="NYCMng">20826.104</dst>
            <dst id="SNVAng">13871.8986666667</dst>
            <dst id="STTLng">18523.3893333333</dst>
            <dst id="WASHng">38868.2133333333</dst>
        </src>
        <src id="HSTNng">
            <dst id="ATLA-M5">2218.30933333333</dst>
            <dst id="ATLAng">7880.79466666666</dst>
            <dst id="CHINng">19107.4346666667</dst>
            <dst id="DNVRng">10570.8506666667</dst>
            <dst id="HSTNng">10206.52</dst>
            <dst id="IPLSng">2465.66666666667</dst>
            <dst id="KSCYng">2500.75733333333</dst>
            <dst id="LOSAng">11905.608</dst>
            <dst id="NYCMng">2959.02933333333</dst>
            <dst id="SNVAng">545.368</dst>
            <dst id="STTLng">1811.416</dst>
            <dst id="WASHng">5005.976</dst>
        </src>
        <src id="IPLSng">
            <dst id="ATLA-M5">142.648</dst>
            <dst id="ATLAng">18702.5253333333</dst>
            <dst id="CHINng">84950.0213333334</dst>
            <dst id="DNVRng">16538.3013333333</dst>
            <dst id="HSTNng">5003.49866666667</dst>
            <dst id="IPLSng">48502.5013333333</dst>
            <dst id="KSCYng">10897.264</dst>
            <dst id="LOSAng">62386.2133333333</dst>
            <dst id="NYCMng">25390.2293333333</dst>
            <dst id="SNVAng">1481.66666666667</dst>
            <dst id="STTLng">10607.7493333333</dst>
            <dst id="WASHng">24890.464</dst>
        </src>
        <src id="KSCYng">
            <dst id="ATLA-M5">269.362666666667</dst>
            <dst id="ATLAng">7131.29333333333</dst>
            <dst id="CHINng">49430.6826666667</dst>
            <dst id="DNVRng">13609.632</dst>
            <dst id="HSTNng">4576.24266666667</dst>
            <dst id="IPLSng">24890.0853333333</dst>
            <dst id="KSCYng">11666.072</dst>
            <dst id="LOSAng">24580.0533333333</dst>
            <dst id="NYCMng">9746.35466666667</dst>
            <dst id="SNVAng">291.621333333333</dst>
            <dst id="STTLng">2640.51733333333</dst>
            <dst id="WASHng">13573.24</dst>
        </src>
        <src id="LOSAng">
            <dst id="ATLA-M5">879.997333333333</dst>
            <dst id="ATLAng">38819.1813333333</dst>
            <dst id="CHINng">123531.725333333</dst>
            <dst id="DNVRng">31869.6693333333</dst>
            <dst id="HSTNng">18927.3733333333</dst>
            <dst id="IPLSng">42991.792</dst>
            <dst id="KSCYng">13030.7786666667</dst>
            <dst id="LOSAng">23144.128</dst>
            <dst id="NYCMng">81909.84</dst>
            <dst id="SNVAng">11755.8746666667</dst>
            <dst id="STTLng">46697.44</dst>
            <dst id="WASHng">112432.008</dst>
        </src>
        <src id="NYCMng">
            <dst id="ATLA-M5">292.397333333333</dst>
            <dst id="ATLAng">58930.6506666667</dst>
            <dst id="CHINng">88213.848</dst>
            <dst id="DNVRng">132197.322666667</dst>
            <dst id="HSTNng">16271.0346666667</dst>
            <dst id="IPLSng">44232.128</dst>
            <dst id="KSCYng">20763.6426666667</dst>
            <dst id="LOSAng">99731.96</dst>
            <dst id="NYCMng">108041.562666667</dst>
            <dst id="SNVAng">4525.808</dst>
            <dst id="STTLng">27525.1973333333</dst>
            <dst id="WASHng">109138.802666667</dst>
        </src>
        <src id="SNVAng">
            <dst id="ATLA-M5">0</dst>
            <dst id="ATLAng">812.096</dst>
            <dst id="CHINng">720.429333333333</dst>
            <dst id="DNVRng">5684.936</dst>
            <dst id="HSTNng">213.829333333333</dst>
            <dst id="IPLSng">1457.27466666667</dst>
            <dst id="KSCYng">2405.344</dst>
            <dst id="LOSAng">35041.104</dst>
            <dst id="NYCMng">855.778666666667</dst>
            <dst id="SNVAng">9473.232</dst>
            <dst id="STTLng">33791.5653333333</dst>
            <dst id="WASHng">1016.84533333333</dst>
        </src>
        <src id="STTLng">
            <dst id="ATLA-M5">253.293333333333</dst>
            <dst id="ATLAng">13712.0346666667</dst>
            <dst id="CHINng">21177.5333333333</dst>
            <dst id="DNVRng">7661.30933333333</dst>
            <dst id="HSTNng">5116.936</dst>
            <dst id="IPLSng">13858.4053333333</dst>
            <dst id="KSCYng">9623.01333333333</dst>
            <dst id="LOSAng">36730.2933333333</dst>
            <dst id="NYCMng">12162.2666666667</dst>
            <dst id="SNVAng">5638.12533333333</dst>
            <dst id="STTLng">4710.19466666667</dst>
            <dst id="WASHng">22627.5386666667</dst>
        </src>
        <src id="WASHng">
            <dst id="ATLA-M5">1054.36</dst>
            <dst id="ATLAng">82899.5146666667</dst>
            <dst id="CHINng">88545.8293333333</dst>
            <dst id="DNVRng">87542.8453333333</dst>
            <dst id="HSTNng">29730.6373333333</dst>
            <dst id="IPLSng">77474.6933333333</dst>
            <dst id="KSCYng">43127.4773333333</dst>
            <dst id="LOSAng">135548.568</dst>
            <dst id="NYCMng">176525.226666667</dst>
            <dst id="SNVAng">10577.7813333333</dst>
            <dst id="STTLng">45257.672</dst>
            <dst id="WASHng">396513.173333333</dst>
        </src>
    </IntraTM>
</TrafficMatrixFile>
