<?xml version="1.0" encoding="ISO-8859-1" standalone="yes"?>
<TrafficMatrixFile xsi:noNamespaceSchemaLocation="http://totem.run.montefiore.ulg.ac.be/Schema/TrafficMatrix-v1_2.xsd" xmlns:xsi="http://www.w3.org/2001/XMLSchema-instance">
    <IntraTM ASID="11537">
        <src id="ATLA-M5">
            <dst id="ATLA-M5">0</dst>
            <dst id="ATLAng">909.413333333333</dst>
            <dst id="CHINng">531.04</dst>
            <dst id="DNVRng">1329.58133333333</dst>
            <dst id="HSTNng">282.952</dst>
            <dst id="IPLSng">656.581333333333</dst>
            <dst id="KSCYng">303.610666666667</dst>
            <dst id="LOSAng">155.568</dst>
            <dst id="NYCMng">3052.04</dst>
            <dst id="SNVAng">69.3813333333333</dst>
            <dst id="STTLng">400.082666666667</dst>
            <dst id="WASHng">2080.232</dst>
        </src>
        <src id="ATLAng">
            <dst id="ATLA-M5">822.141333333333</dst>
            <dst id="ATLAng">61058.6266666667</dst>
            <dst id="CHINng">14149.8773333333</dst>
            <dst id="DNVRng">1712.06933333333</dst>
            <dst id="HSTNng">2438.312</dst>
            <dst id="IPLSng">20197.152</dst>
            <dst id="KSCYng">3919.56266666667</dst>
            <dst id="LOSAng">30602.5893333333</dst>
            <dst id="NYCMng">7830.62133333333</dst>
            <dst id="SNVAng">1458.66666666667</dst>
            <dst id="STTLng">8896.85866666667</dst>
            <dst id="WASHng">40579.656</dst>
        </src>
        <src id="CHINng">
            <dst id="ATLA-M5">2196.81866666667</dst>
            <dst id="ATLAng">19713.1466666667</dst>
            <dst id="CHINng">93594.2133333334</dst>
            <dst id="DNVRng">8775.43466666667</dst>
            <dst id="HSTNng">13610.8773333333</dst>
            <dst id="IPLSng">86549.6853333333</dst>
            <dst id="KSCYng">11674.904</dst>
            <dst id="LOSAng">34880.9493333333</dst>
            <dst id="NYCMng">13105.4053333333</dst>
            <dst id="SNVAng">3070.11466666667</dst>
            <dst id="STTLng">18199.664</dst>
            <dst id="WASHng">22147.6453333333</dst>
        </src>
        <src id="DNVRng">
            <dst id="ATLA-M5">278.896</dst>
            <dst id="ATLAng">2661.31733333333</dst>
            <dst id="CHINng">62792.72</dst>
            <dst id="DNVRng">14912.72</dst>
            <dst id="HSTNng">15197.9733333333</dst>
            <dst id="IPLSng">10007.232</dst>
            <dst id="KSCYng">27711.656</dst>
            <dst id="LOSAng">9849.28533333333</dst>
            <dst id="NYCMng">9779.63733333333</dst>
            <dst id="SNVAng">14066.432</dst>
            <dst id="STTLng">21785.712</dst>
            <dst id="WASHng">22931.4666666667</dst>
        </src>
        <src id="HSTNng">
            <dst id="ATLA-M5">2770.85866666667</dst>
            <dst id="ATLAng">3474.65333333333</dst>
            <dst id="CHINng">19944.1146666667</dst>
            <dst id="DNVRng">1788.104</dst>
            <dst id="HSTNng">14042.0426666667</dst>
            <dst id="IPLSng">3220.78933333333</dst>
            <dst id="KSCYng">8475.85866666667</dst>
            <dst id="LOSAng">8573.93066666667</dst>
            <dst id="NYCMng">1364.97066666667</dst>
            <dst id="SNVAng">132.602666666667</dst>
            <dst id="STTLng">4582.01866666667</dst>
            <dst id="WASHng">5057.54666666667</dst>
        </src>
        <src id="IPLSng">
            <dst id="ATLA-M5">294.485333333333</dst>
            <dst id="ATLAng">20929.3733333333</dst>
            <dst id="CHINng">58068.3173333333</dst>
            <dst id="DNVRng">7201.26933333333</dst>
            <dst id="HSTNng">1196.60266666667</dst>
            <dst id="IPLSng">11488.9173333333</dst>
            <dst id="KSCYng">10221.024</dst>
            <dst id="LOSAng">21441.8933333333</dst>
            <dst id="NYCMng">4762.66933333333</dst>
            <dst id="SNVAng">760.533333333333</dst>
            <dst id="STTLng">23554.376</dst>
            <dst id="WASHng">12586.184</dst>
        </src>
        <src id="KSCYng">
            <dst id="ATLA-M5">126.968</dst>
            <dst id="ATLAng">7278.16</dst>
            <dst id="CHINng">21562.1893333333</dst>
            <dst id="DNVRng">7260.93066666667</dst>
            <dst id="HSTNng">3639.62933333334</dst>
            <dst id="IPLSng">17289.4773333333</dst>
            <dst id="KSCYng">17572.6853333333</dst>
            <dst id="LOSAng">5206.08533333333</dst>
            <dst id="NYCMng">4742.43466666667</dst>
            <dst id="SNVAng">2581.36266666667</dst>
            <dst id="STTLng">6743.50666666667</dst>
            <dst id="WASHng">14368.7333333333</dst>
        </src>
        <src id="LOSAng">
            <dst id="ATLA-M5">96.5546666666667</dst>
            <dst id="ATLAng">8722.15733333333</dst>
            <dst id="CHINng">6364821.86666667</dst>
            <dst id="DNVRng">20836.0906666667</dst>
            <dst id="HSTNng">4892.95466666667</dst>
            <dst id="IPLSng">9279</dst>
            <dst id="KSCYng">13926.5493333333</dst>
            <dst id="LOSAng">12228.7253333333</dst>
            <dst id="NYCMng">48613.9733333333</dst>
            <dst id="SNVAng">17106.44</dst>
            <dst id="STTLng">60945.9013333333</dst>
            <dst id="WASHng">43448.4106666667</dst>
        </src>
        <src id="NYCMng">
            <dst id="ATLA-M5">1447.65066666667</dst>
            <dst id="ATLAng">18503.104</dst>
            <dst id="CHINng">34482.2213333333</dst>
            <dst id="DNVRng">14005.7786666667</dst>
            <dst id="HSTNng">8269.69866666667</dst>
            <dst id="IPLSng">16647.9706666667</dst>
            <dst id="KSCYng">8048.65866666667</dst>
            <dst id="LOSAng">59002.9813333333</dst>
            <dst id="NYCMng">123063.693333333</dst>
            <dst id="SNVAng">2137.81866666667</dst>
            <dst id="STTLng">23739.5733333333</dst>
            <dst id="WASHng">53128.2746666667</dst>
        </src>
        <src id="SNVAng">
            <dst id="ATLA-M5">0</dst>
            <dst id="ATLAng">309.549333333333</dst>
            <dst id="CHINng">53.3333333333333</dst>
            <dst id="DNVRng">1530.032</dst>
            <dst id="HSTNng">0</dst>
            <dst id="IPLSng">307.376</dst>
            <dst id="KSCYng">0</dst>
            <dst id="LOSAng">19672.9733333333</dst>
            <dst id="NYCMng">80</dst>
            <dst id="SNVAng">8239.40266666667</dst>
            <dst id="STTLng">17555.4613333333</dst>
            <dst id="WASHng">0</dst>
        </src>
        <src id="STTLng">
            <dst id="ATLA-M5">276.469333333333</dst>
            <dst id="ATLAng">12988.232</dst>
            <dst id="CHINng">31539.984</dst>
            <dst id="DNVRng">6243.48533333333</dst>
            <dst id="HSTNng">2975.22133333333</dst>
            <dst id="IPLSng">9602.02933333333</dst>
            <dst id="KSCYng">6116.32266666667</dst>
            <dst id="LOSAng">44654.1626666667</dst>
            <dst id="NYCMng">13208.08</dst>
            <dst id="SNVAng">2720.57333333333</dst>
            <dst id="STTLng">22055.4826666667</dst>
            <dst id="WASHng">10411.4053333333</dst>
        </src>
        <src id="WASHng">
            <dst id="ATLA-M5">2984.49333333333</dst>
            <dst id="ATLAng">82398.376</dst>
            <dst id="CHINng">69535.224</dst>
            <dst id="DNVRng">60221.7466666667</dst>
            <dst id="HSTNng">22815.3946666667</dst>
            <dst id="IPLSng">62954.3653333333</dst>
            <dst id="KSCYng">30546.28</dst>
            <dst id="LOSAng">83176.7066666667</dst>
            <dst id="NYCMng">184760.581333333</dst>
            <dst id="SNVAng">3379.096</dst>
            <dst id="STTLng">60086.3893333333</dst>
            <dst id="WASHng">232121.741333333</dst>
        </src>
    </IntraTM>
</TrafficMatrixFile>
