<?xml version="1.0" encoding="ISO-8859-1" standalone="yes"?>
<TrafficMatrixFile xsi:noNamespaceSchemaLocation="http://totem.run.montefiore.ulg.ac.be/Schema/TrafficMatrix-v1_2.xsd" xmlns:xsi="http://www.w3.org/2001/XMLSchema-instance">
    <IntraTM ASID="11537">
        <src id="ATLA-M5">
            <dst id="ATLA-M5">132.154666666667</dst>
            <dst id="ATLAng">1392.56266666667</dst>
            <dst id="CHINng">768.104</dst>
            <dst id="DNVRng">53.3333333333333</dst>
            <dst id="HSTNng">53.3333333333333</dst>
            <dst id="IPLSng">430.205333333333</dst>
            <dst id="KSCYng">306.421333333333</dst>
            <dst id="LOSAng">124.664</dst>
            <dst id="NYCMng">317.333333333333</dst>
            <dst id="SNVAng">40</dst>
            <dst id="STTLng">914.981333333333</dst>
            <dst id="WASHng">1943.32533333333</dst>
        </src>
        <src id="ATLAng">
            <dst id="ATLA-M5">270.976</dst>
            <dst id="ATLAng">36659.816</dst>
            <dst id="CHINng">22209.0346666667</dst>
            <dst id="DNVRng">1624.99733333333</dst>
            <dst id="HSTNng">4488.47733333333</dst>
            <dst id="IPLSng">23860.2586666667</dst>
            <dst id="KSCYng">4732.088</dst>
            <dst id="LOSAng">16975.9226666667</dst>
            <dst id="NYCMng">8639.48</dst>
            <dst id="SNVAng">3678.82933333333</dst>
            <dst id="STTLng">24001.4533333333</dst>
            <dst id="WASHng">57525.2906666667</dst>
        </src>
        <src id="CHINng">
            <dst id="ATLA-M5">1850.512</dst>
            <dst id="ATLAng">47680.76</dst>
            <dst id="CHINng">264321.304</dst>
            <dst id="DNVRng">9454.24533333333</dst>
            <dst id="HSTNng">23712.664</dst>
            <dst id="IPLSng">64489.7813333333</dst>
            <dst id="KSCYng">23820.896</dst>
            <dst id="LOSAng">30423.6506666667</dst>
            <dst id="NYCMng">18792.0533333333</dst>
            <dst id="SNVAng">4234.912</dst>
            <dst id="STTLng">34519.52</dst>
            <dst id="WASHng">33297.3706666667</dst>
        </src>
        <src id="DNVRng">
            <dst id="ATLA-M5">426.005333333333</dst>
            <dst id="ATLAng">12959.8693333333</dst>
            <dst id="CHINng">55109.472</dst>
            <dst id="DNVRng">12549.1973333333</dst>
            <dst id="HSTNng">17297.7866666667</dst>
            <dst id="IPLSng">12708.5013333333</dst>
            <dst id="KSCYng">23205.5146666667</dst>
            <dst id="LOSAng">10529.0106666667</dst>
            <dst id="NYCMng">9280.26933333333</dst>
            <dst id="SNVAng">12589.064</dst>
            <dst id="STTLng">22865.7093333333</dst>
            <dst id="WASHng">27803.84</dst>
        </src>
        <src id="HSTNng">
            <dst id="ATLA-M5">688.906666666667</dst>
            <dst id="ATLAng">9876.25333333333</dst>
            <dst id="CHINng">15117.9306666667</dst>
            <dst id="DNVRng">1396.264</dst>
            <dst id="HSTNng">17080.9946666667</dst>
            <dst id="IPLSng">6300.86933333333</dst>
            <dst id="KSCYng">10208.9013333333</dst>
            <dst id="LOSAng">3506.264</dst>
            <dst id="NYCMng">13118.7493333333</dst>
            <dst id="SNVAng">538.896</dst>
            <dst id="STTLng">11627.3413333333</dst>
            <dst id="WASHng">12842.9626666667</dst>
        </src>
        <src id="IPLSng">
            <dst id="ATLA-M5">460.872</dst>
            <dst id="ATLAng">36379.8346666667</dst>
            <dst id="CHINng">89332.9146666667</dst>
            <dst id="DNVRng">5450.08</dst>
            <dst id="HSTNng">5733.69866666667</dst>
            <dst id="IPLSng">39945.0693333333</dst>
            <dst id="KSCYng">13862.6906666667</dst>
            <dst id="LOSAng">16227.288</dst>
            <dst id="NYCMng">17956.4053333333</dst>
            <dst id="SNVAng">926.205333333333</dst>
            <dst id="STTLng">32928.488</dst>
            <dst id="WASHng">31452.8746666667</dst>
        </src>
        <src id="KSCYng">
            <dst id="ATLA-M5">434.402666666667</dst>
            <dst id="ATLAng">6857.85866666667</dst>
            <dst id="CHINng">23955.032</dst>
            <dst id="DNVRng">9049.25333333333</dst>
            <dst id="HSTNng">6558.736</dst>
            <dst id="IPLSng">25689.2133333333</dst>
            <dst id="KSCYng">21925.0693333333</dst>
            <dst id="LOSAng">2852.824</dst>
            <dst id="NYCMng">10460.1253333333</dst>
            <dst id="SNVAng">1989.984</dst>
            <dst id="STTLng">13903.8533333333</dst>
            <dst id="WASHng">13307.5013333333</dst>
        </src>
        <src id="LOSAng">
            <dst id="ATLA-M5">171.050666666667</dst>
            <dst id="ATLAng">19635.4613333333</dst>
            <dst id="CHINng">153982.557333333</dst>
            <dst id="DNVRng">15038.488</dst>
            <dst id="HSTNng">13601.1493333333</dst>
            <dst id="IPLSng">32759.4586666667</dst>
            <dst id="KSCYng">4375.8</dst>
            <dst id="LOSAng">9179.67466666667</dst>
            <dst id="NYCMng">52635.4213333333</dst>
            <dst id="SNVAng">19652.1013333333</dst>
            <dst id="STTLng">56189.0026666667</dst>
            <dst id="WASHng">49791.368</dst>
        </src>
        <src id="NYCMng">
            <dst id="ATLA-M5">2897.77333333333</dst>
            <dst id="ATLAng">51262.8613333333</dst>
            <dst id="CHINng">32249.8933333333</dst>
            <dst id="DNVRng">19740.7946666667</dst>
            <dst id="HSTNng">16800.9173333333</dst>
            <dst id="IPLSng">27675.688</dst>
            <dst id="KSCYng">13624.2986666667</dst>
            <dst id="LOSAng">55238.8266666667</dst>
            <dst id="NYCMng">131752.482666667</dst>
            <dst id="SNVAng">1324.02933333333</dst>
            <dst id="STTLng">29285.0826666667</dst>
            <dst id="WASHng">102823.650666667</dst>
        </src>
        <src id="SNVAng">
            <dst id="ATLA-M5">0</dst>
            <dst id="ATLAng">564.386666666667</dst>
            <dst id="CHINng">112.24</dst>
            <dst id="DNVRng">3926.08533333333</dst>
            <dst id="HSTNng">167.661333333333</dst>
            <dst id="IPLSng">527.906666666667</dst>
            <dst id="KSCYng">507.016</dst>
            <dst id="LOSAng">8109.696</dst>
            <dst id="NYCMng">195.781333333333</dst>
            <dst id="SNVAng">9298.66666666667</dst>
            <dst id="STTLng">18212.0586666667</dst>
            <dst id="WASHng">179.970666666667</dst>
        </src>
        <src id="STTLng">
            <dst id="ATLA-M5">4368.24266666667</dst>
            <dst id="ATLAng">71269.1626666667</dst>
            <dst id="CHINng">121873.608</dst>
            <dst id="DNVRng">32281.8026666667</dst>
            <dst id="HSTNng">46891.1946666667</dst>
            <dst id="IPLSng">106581.421333333</dst>
            <dst id="KSCYng">56448.576</dst>
            <dst id="LOSAng">25050.1386666667</dst>
            <dst id="NYCMng">30602.2453333333</dst>
            <dst id="SNVAng">3153.48533333333</dst>
            <dst id="STTLng">18608.016</dst>
            <dst id="WASHng">118816.352</dst>
        </src>
        <src id="WASHng">
            <dst id="ATLA-M5">4132.352</dst>
            <dst id="ATLAng">117132.845333333</dst>
            <dst id="CHINng">93539.792</dst>
            <dst id="DNVRng">60673.1733333333</dst>
            <dst id="HSTNng">26025.1866666667</dst>
            <dst id="IPLSng">61265.0613333333</dst>
            <dst id="KSCYng">17997.3626666667</dst>
            <dst id="LOSAng">63003.592</dst>
            <dst id="NYCMng">178838.536</dst>
            <dst id="SNVAng">1545.74933333333</dst>
            <dst id="STTLng">59403.6373333333</dst>
            <dst id="WASHng">378197.226666667</dst>
        </src>
    </IntraTM>
</TrafficMatrixFile>
