<?xml version="1.0" encoding="ISO-8859-1" standalone="yes"?>
<TrafficMatrixFile xsi:noNamespaceSchemaLocation="http://totem.run.montefiore.ulg.ac.be/Schema/TrafficMatrix-v1_2.xsd" xmlns:xsi="http://www.w3.org/2001/XMLSchema-instance">
    <IntraTM ASID="11537">
        <src id="ATLA-M5">
            <dst id="ATLA-M5">0</dst>
            <dst id="ATLAng">155.48</dst>
            <dst id="CHINng">177.325333333333</dst>
            <dst id="DNVRng">26.6666666666667</dst>
            <dst id="HSTNng">0</dst>
            <dst id="IPLSng">513.341333333333</dst>
            <dst id="KSCYng">147.949333333333</dst>
            <dst id="LOSAng">40</dst>
            <dst id="NYCMng">1379.00266666667</dst>
            <dst id="SNVAng">13.3333333333333</dst>
            <dst id="STTLng">432.661333333333</dst>
            <dst id="WASHng">1551.14133333333</dst>
        </src>
        <src id="ATLAng">
            <dst id="ATLA-M5">325.229333333333</dst>
            <dst id="ATLAng">30539.4693333333</dst>
            <dst id="CHINng">10731.816</dst>
            <dst id="DNVRng">2724.38666666667</dst>
            <dst id="HSTNng">1541.104</dst>
            <dst id="IPLSng">15522.3626666667</dst>
            <dst id="KSCYng">2260.896</dst>
            <dst id="LOSAng">19490.0826666667</dst>
            <dst id="NYCMng">4964.136</dst>
            <dst id="SNVAng">272.434666666667</dst>
            <dst id="STTLng">10309.4373333333</dst>
            <dst id="WASHng">45449.952</dst>
        </src>
        <src id="CHINng">
            <dst id="ATLA-M5">64.8613333333333</dst>
            <dst id="ATLAng">65760.064</dst>
            <dst id="CHINng">124734.986666667</dst>
            <dst id="DNVRng">9175.688</dst>
            <dst id="HSTNng">5703.16533333333</dst>
            <dst id="IPLSng">32169.9893333333</dst>
            <dst id="KSCYng">7606.192</dst>
            <dst id="LOSAng">26073.824</dst>
            <dst id="NYCMng">19047.8773333333</dst>
            <dst id="SNVAng">3244.776</dst>
            <dst id="STTLng">17121.624</dst>
            <dst id="WASHng">12414.7733333333</dst>
        </src>
        <src id="DNVRng">
            <dst id="ATLA-M5">296.426666666667</dst>
            <dst id="ATLAng">11078.1173333333</dst>
            <dst id="CHINng">51823.3493333333</dst>
            <dst id="DNVRng">16725.8266666667</dst>
            <dst id="HSTNng">13081.08</dst>
            <dst id="IPLSng">8023.28</dst>
            <dst id="KSCYng">16121.472</dst>
            <dst id="LOSAng">5389.536</dst>
            <dst id="NYCMng">5153.99466666667</dst>
            <dst id="SNVAng">6597.67733333333</dst>
            <dst id="STTLng">8457.152</dst>
            <dst id="WASHng">20982.9546666667</dst>
        </src>
        <src id="HSTNng">
            <dst id="ATLA-M5">1986.71466666667</dst>
            <dst id="ATLAng">2321.92</dst>
            <dst id="CHINng">16034.888</dst>
            <dst id="DNVRng">1181.34933333333</dst>
            <dst id="HSTNng">11895.3813333333</dst>
            <dst id="IPLSng">2596.28</dst>
            <dst id="KSCYng">9068.50133333334</dst>
            <dst id="LOSAng">4615.016</dst>
            <dst id="NYCMng">3124.872</dst>
            <dst id="SNVAng">0</dst>
            <dst id="STTLng">5276.04533333333</dst>
            <dst id="WASHng">12351.3813333333</dst>
        </src>
        <src id="IPLSng">
            <dst id="ATLA-M5">185.944</dst>
            <dst id="ATLAng">9382.87733333333</dst>
            <dst id="CHINng">55127.6933333333</dst>
            <dst id="DNVRng">6419.41066666667</dst>
            <dst id="HSTNng">664.386666666667</dst>
            <dst id="IPLSng">7822.91733333333</dst>
            <dst id="KSCYng">2939.42933333333</dst>
            <dst id="LOSAng">20098.2</dst>
            <dst id="NYCMng">8997.09333333333</dst>
            <dst id="SNVAng">623.514666666667</dst>
            <dst id="STTLng">19426.6213333333</dst>
            <dst id="WASHng">14653.4746666667</dst>
        </src>
        <src id="KSCYng">
            <dst id="ATLA-M5">149.210666666667</dst>
            <dst id="ATLAng">4783.09333333333</dst>
            <dst id="CHINng">27395.5306666667</dst>
            <dst id="DNVRng">9232.38133333333</dst>
            <dst id="HSTNng">5334.71466666667</dst>
            <dst id="IPLSng">11502.9653333333</dst>
            <dst id="KSCYng">7888.50933333333</dst>
            <dst id="LOSAng">3556.12266666667</dst>
            <dst id="NYCMng">4964.472</dst>
            <dst id="SNVAng">1753.21066666667</dst>
            <dst id="STTLng">10375.7253333333</dst>
            <dst id="WASHng">9764.52266666667</dst>
        </src>
        <src id="LOSAng">
            <dst id="ATLA-M5">26.6666666666667</dst>
            <dst id="ATLAng">8291.976</dst>
            <dst id="CHINng">82063.8986666666</dst>
            <dst id="DNVRng">6815.24533333333</dst>
            <dst id="HSTNng">1724.43466666667</dst>
            <dst id="IPLSng">11184.72</dst>
            <dst id="KSCYng">2221.42933333333</dst>
            <dst id="LOSAng">9323.95733333333</dst>
            <dst id="NYCMng">28935.1253333333</dst>
            <dst id="SNVAng">23641.5973333333</dst>
            <dst id="STTLng">45890.7866666667</dst>
            <dst id="WASHng">34282.2506666667</dst>
        </src>
        <src id="NYCMng">
            <dst id="ATLA-M5">962.701333333333</dst>
            <dst id="ATLAng">23658.776</dst>
            <dst id="CHINng">33746.84</dst>
            <dst id="DNVRng">22791.5893333333</dst>
            <dst id="HSTNng">6752.056</dst>
            <dst id="IPLSng">14975.7813333333</dst>
            <dst id="KSCYng">17373.584</dst>
            <dst id="LOSAng">40864.6906666667</dst>
            <dst id="NYCMng">94567.52</dst>
            <dst id="SNVAng">2300.00266666667</dst>
            <dst id="STTLng">17843.4746666667</dst>
            <dst id="WASHng">65630.096</dst>
        </src>
        <src id="SNVAng">
            <dst id="ATLA-M5">0</dst>
            <dst id="ATLAng">0</dst>
            <dst id="CHINng">0</dst>
            <dst id="DNVRng">1388.63733333333</dst>
            <dst id="HSTNng">26.6666666666667</dst>
            <dst id="IPLSng">388.189333333333</dst>
            <dst id="KSCYng">0</dst>
            <dst id="LOSAng">5648.38666666667</dst>
            <dst id="NYCMng">243.288</dst>
            <dst id="SNVAng">6162.50133333333</dst>
            <dst id="STTLng">17852.6986666667</dst>
            <dst id="WASHng">155.349333333333</dst>
        </src>
        <src id="STTLng">
            <dst id="ATLA-M5">1540.352</dst>
            <dst id="ATLAng">21345.3626666667</dst>
            <dst id="CHINng">43410.4053333333</dst>
            <dst id="DNVRng">2588.496</dst>
            <dst id="HSTNng">6319.288</dst>
            <dst id="IPLSng">22068.28</dst>
            <dst id="KSCYng">6819.08533333333</dst>
            <dst id="LOSAng">26920.488</dst>
            <dst id="NYCMng">17881.0586666667</dst>
            <dst id="SNVAng">962.768</dst>
            <dst id="STTLng">16484.1973333333</dst>
            <dst id="WASHng">37723.8826666667</dst>
        </src>
        <src id="WASHng">
            <dst id="ATLA-M5">3029.44</dst>
            <dst id="ATLAng">140989.928</dst>
            <dst id="CHINng">69840.768</dst>
            <dst id="DNVRng">68017.016</dst>
            <dst id="HSTNng">36414.9226666667</dst>
            <dst id="IPLSng">35684.7306666667</dst>
            <dst id="KSCYng">12511.2853333333</dst>
            <dst id="LOSAng">81223.2453333333</dst>
            <dst id="NYCMng">140664.682666667</dst>
            <dst id="SNVAng">9685.09333333333</dst>
            <dst id="STTLng">42214.04</dst>
            <dst id="WASHng">263392.229333333</dst>
        </src>
    </IntraTM>
</TrafficMatrixFile>
