<?xml version="1.0" encoding="ISO-8859-1" standalone="yes"?>
<TrafficMatrixFile xsi:noNamespaceSchemaLocation="http://totem.run.montefiore.ulg.ac.be/Schema/TrafficMatrix-v1_2.xsd" xmlns:xsi="http://www.w3.org/2001/XMLSchema-instance">
    <IntraTM ASID="11537">
        <src id="ATLA-M5">
            <dst id="ATLA-M5">0</dst>
            <dst id="ATLAng">168.717333333333</dst>
            <dst id="CHINng">813.749333333333</dst>
            <dst id="DNVRng">0</dst>
            <dst id="HSTNng">84.3973333333333</dst>
            <dst id="IPLSng">581.749333333333</dst>
            <dst id="KSCYng">139.405333333333</dst>
            <dst id="LOSAng">75.1573333333334</dst>
            <dst id="NYCMng">1400.78666666667</dst>
            <dst id="SNVAng">0</dst>
            <dst id="STTLng">398.944</dst>
            <dst id="WASHng">1385.4</dst>
        </src>
        <src id="ATLAng">
            <dst id="ATLA-M5">142.794666666667</dst>
            <dst id="ATLAng">29492.416</dst>
            <dst id="CHINng">10925.9226666667</dst>
            <dst id="DNVRng">5643.68266666667</dst>
            <dst id="HSTNng">1470.256</dst>
            <dst id="IPLSng">12436.5813333333</dst>
            <dst id="KSCYng">1546.84533333333</dst>
            <dst id="LOSAng">18764.0973333333</dst>
            <dst id="NYCMng">6394.44266666667</dst>
            <dst id="SNVAng">510.921333333333</dst>
            <dst id="STTLng">7127.456</dst>
            <dst id="WASHng">36939.8133333333</dst>
        </src>
        <src id="CHINng">
            <dst id="ATLA-M5">523.149333333334</dst>
            <dst id="ATLAng">14007.5733333333</dst>
            <dst id="CHINng">126485.149333333</dst>
            <dst id="DNVRng">8582.23733333333</dst>
            <dst id="HSTNng">6369.84533333333</dst>
            <dst id="IPLSng">30274.9146666667</dst>
            <dst id="KSCYng">10512.584</dst>
            <dst id="LOSAng">25324.3706666667</dst>
            <dst id="NYCMng">14075.328</dst>
            <dst id="SNVAng">3256.47466666667</dst>
            <dst id="STTLng">15094.4453333333</dst>
            <dst id="WASHng">21053.7146666667</dst>
        </src>
        <src id="DNVRng">
            <dst id="ATLA-M5">111.082666666667</dst>
            <dst id="ATLAng">3258.25066666667</dst>
            <dst id="CHINng">37459.7946666667</dst>
            <dst id="DNVRng">12626.6506666667</dst>
            <dst id="HSTNng">13735.6586666667</dst>
            <dst id="IPLSng">8114.03466666667</dst>
            <dst id="KSCYng">15945.312</dst>
            <dst id="LOSAng">7150.93066666667</dst>
            <dst id="NYCMng">7883.54666666667</dst>
            <dst id="SNVAng">6562.84266666667</dst>
            <dst id="STTLng">14188.2106666667</dst>
            <dst id="WASHng">21345.28</dst>
        </src>
        <src id="HSTNng">
            <dst id="ATLA-M5">2876.616</dst>
            <dst id="ATLAng">2813.152</dst>
            <dst id="CHINng">17819.1706666667</dst>
            <dst id="DNVRng">934.168</dst>
            <dst id="HSTNng">12382.528</dst>
            <dst id="IPLSng">2816.416</dst>
            <dst id="KSCYng">10574.936</dst>
            <dst id="LOSAng">3086.22933333333</dst>
            <dst id="NYCMng">3742.34666666667</dst>
            <dst id="SNVAng">0</dst>
            <dst id="STTLng">4045.81333333333</dst>
            <dst id="WASHng">9836.54133333333</dst>
        </src>
        <src id="IPLSng">
            <dst id="ATLA-M5">89.9573333333334</dst>
            <dst id="ATLAng">4538.09866666667</dst>
            <dst id="CHINng">46278.9813333333</dst>
            <dst id="DNVRng">7335.952</dst>
            <dst id="HSTNng">1084.976</dst>
            <dst id="IPLSng">3457.06133333333</dst>
            <dst id="KSCYng">5542.53333333333</dst>
            <dst id="LOSAng">11739.4106666667</dst>
            <dst id="NYCMng">7073.90933333333</dst>
            <dst id="SNVAng">635.850666666667</dst>
            <dst id="STTLng">15610.2</dst>
            <dst id="WASHng">12701.928</dst>
        </src>
        <src id="KSCYng">
            <dst id="ATLA-M5">381.336</dst>
            <dst id="ATLAng">5250.59466666667</dst>
            <dst id="CHINng">29539.4906666667</dst>
            <dst id="DNVRng">7154.14133333333</dst>
            <dst id="HSTNng">4048.95466666667</dst>
            <dst id="IPLSng">11957.9946666667</dst>
            <dst id="KSCYng">11068.776</dst>
            <dst id="LOSAng">3523.11733333333</dst>
            <dst id="NYCMng">3965.49866666667</dst>
            <dst id="SNVAng">1753.98933333333</dst>
            <dst id="STTLng">11532.7466666667</dst>
            <dst id="WASHng">8258.80533333333</dst>
        </src>
        <src id="LOSAng">
            <dst id="ATLA-M5">26.6666666666667</dst>
            <dst id="ATLAng">10367.5013333333</dst>
            <dst id="CHINng">87893.2453333333</dst>
            <dst id="DNVRng">6767.36</dst>
            <dst id="HSTNng">2236.072</dst>
            <dst id="IPLSng">16739.4826666667</dst>
            <dst id="KSCYng">1680.16533333333</dst>
            <dst id="LOSAng">10204.84</dst>
            <dst id="NYCMng">28536.36</dst>
            <dst id="SNVAng">18525.3413333333</dst>
            <dst id="STTLng">41725.2693333333</dst>
            <dst id="WASHng">40165.8986666667</dst>
        </src>
        <src id="NYCMng">
            <dst id="ATLA-M5">1382.17066666667</dst>
            <dst id="ATLAng">20173.864</dst>
            <dst id="CHINng">26248.7866666667</dst>
            <dst id="DNVRng">17456.336</dst>
            <dst id="HSTNng">7699.38133333333</dst>
            <dst id="IPLSng">15364.152</dst>
            <dst id="KSCYng">10145.3413333333</dst>
            <dst id="LOSAng">38699.4746666667</dst>
            <dst id="NYCMng">91493.2453333333</dst>
            <dst id="SNVAng">1180.42133333333</dst>
            <dst id="STTLng">21010.4906666667</dst>
            <dst id="WASHng">40048.3786666667</dst>
        </src>
        <src id="SNVAng">
            <dst id="ATLA-M5">0</dst>
            <dst id="ATLAng">113.290666666667</dst>
            <dst id="CHINng">0</dst>
            <dst id="DNVRng">3148.00266666667</dst>
            <dst id="HSTNng">39.36</dst>
            <dst id="IPLSng">264.528</dst>
            <dst id="KSCYng">343.690666666667</dst>
            <dst id="LOSAng">6765.05333333333</dst>
            <dst id="NYCMng">207.354666666667</dst>
            <dst id="SNVAng">4241.62933333333</dst>
            <dst id="STTLng">10825.1893333333</dst>
            <dst id="WASHng">53.3333333333333</dst>
        </src>
        <src id="STTLng">
            <dst id="ATLA-M5">1361.25333333333</dst>
            <dst id="ATLAng">11632.1573333333</dst>
            <dst id="CHINng">35797.5946666667</dst>
            <dst id="DNVRng">2519.24</dst>
            <dst id="HSTNng">2366.61333333333</dst>
            <dst id="IPLSng">7543.39466666667</dst>
            <dst id="KSCYng">3830.06133333333</dst>
            <dst id="LOSAng">26292.848</dst>
            <dst id="NYCMng">16204.48</dst>
            <dst id="SNVAng">3643.024</dst>
            <dst id="STTLng">18409.6986666667</dst>
            <dst id="WASHng">16148.0213333333</dst>
        </src>
        <src id="WASHng">
            <dst id="ATLA-M5">1841.20533333333</dst>
            <dst id="ATLAng">71235.2853333333</dst>
            <dst id="CHINng">88766.416</dst>
            <dst id="DNVRng">55826.3173333333</dst>
            <dst id="HSTNng">59566.36</dst>
            <dst id="IPLSng">35144.0053333333</dst>
            <dst id="KSCYng">13905.72</dst>
            <dst id="LOSAng">74587.592</dst>
            <dst id="NYCMng">171840.722666667</dst>
            <dst id="SNVAng">5374.02933333333</dst>
            <dst id="STTLng">36496.72</dst>
            <dst id="WASHng">290784.506666667</dst>
        </src>
    </IntraTM>
</TrafficMatrixFile>
