<?xml version="1.0" encoding="ISO-8859-1" standalone="yes"?>
<TrafficMatrixFile xsi:noNamespaceSchemaLocation="http://totem.run.montefiore.ulg.ac.be/Schema/TrafficMatrix-v1_2.xsd" xmlns:xsi="http://www.w3.org/2001/XMLSchema-instance">
    <IntraTM ASID="11537">
        <src id="ATLA-M5">
            <dst id="ATLA-M5">0</dst>
            <dst id="ATLAng">362.453333333333</dst>
            <dst id="CHINng">1001.192</dst>
            <dst id="DNVRng">247.333333333333</dst>
            <dst id="HSTNng">712.472</dst>
            <dst id="IPLSng">980.933333333333</dst>
            <dst id="KSCYng">1240.944</dst>
            <dst id="LOSAng">397.670666666667</dst>
            <dst id="NYCMng">1550.96</dst>
            <dst id="SNVAng">83.7026666666667</dst>
            <dst id="STTLng">752.306666666667</dst>
            <dst id="WASHng">1827.52266666667</dst>
        </src>
        <src id="ATLAng">
            <dst id="ATLA-M5">1595.568</dst>
            <dst id="ATLAng">31102.1786666667</dst>
            <dst id="CHINng">25982.4106666667</dst>
            <dst id="DNVRng">7361.88</dst>
            <dst id="HSTNng">3907.64266666667</dst>
            <dst id="IPLSng">18416.248</dst>
            <dst id="KSCYng">6506.904</dst>
            <dst id="LOSAng">28531.7626666667</dst>
            <dst id="NYCMng">9935.352</dst>
            <dst id="SNVAng">2425.16533333333</dst>
            <dst id="STTLng">9067.27733333333</dst>
            <dst id="WASHng">41002.6186666667</dst>
        </src>
        <src id="CHINng">
            <dst id="ATLA-M5">1598.08266666667</dst>
            <dst id="ATLAng">20687.9253333333</dst>
            <dst id="CHINng">103570.261333333</dst>
            <dst id="DNVRng">14159.0293333333</dst>
            <dst id="HSTNng">13728.6346666667</dst>
            <dst id="IPLSng">34142.952</dst>
            <dst id="KSCYng">24433.0613333333</dst>
            <dst id="LOSAng">34861.1706666667</dst>
            <dst id="NYCMng">25256.7733333333</dst>
            <dst id="SNVAng">3882.35733333333</dst>
            <dst id="STTLng">20248.3706666667</dst>
            <dst id="WASHng">27087.2986666667</dst>
        </src>
        <src id="DNVRng">
            <dst id="ATLA-M5">194.832</dst>
            <dst id="ATLAng">7048.032</dst>
            <dst id="CHINng">37322.8906666667</dst>
            <dst id="DNVRng">12645.5653333333</dst>
            <dst id="HSTNng">17441.824</dst>
            <dst id="IPLSng">9897.83466666667</dst>
            <dst id="KSCYng">22589.688</dst>
            <dst id="LOSAng">12649.632</dst>
            <dst id="NYCMng">6968.36533333333</dst>
            <dst id="SNVAng">38374.896</dst>
            <dst id="STTLng">32186.976</dst>
            <dst id="WASHng">33004.8666666667</dst>
        </src>
        <src id="HSTNng">
            <dst id="ATLA-M5">373.354666666667</dst>
            <dst id="ATLAng">6251.89333333333</dst>
            <dst id="CHINng">18211.6026666667</dst>
            <dst id="DNVRng">1569.90666666667</dst>
            <dst id="HSTNng">14398.5813333333</dst>
            <dst id="IPLSng">5713.97066666667</dst>
            <dst id="KSCYng">10472.4693333333</dst>
            <dst id="LOSAng">57331.7146666667</dst>
            <dst id="NYCMng">3269.53866666667</dst>
            <dst id="SNVAng">105.018666666667</dst>
            <dst id="STTLng">5346.40533333333</dst>
            <dst id="WASHng">6057.25066666667</dst>
        </src>
        <src id="IPLSng">
            <dst id="ATLA-M5">547.013333333333</dst>
            <dst id="ATLAng">11212.4373333333</dst>
            <dst id="CHINng">66698.4213333333</dst>
            <dst id="DNVRng">7804.288</dst>
            <dst id="HSTNng">4368.78933333333</dst>
            <dst id="IPLSng">24258.1386666667</dst>
            <dst id="KSCYng">12581.5813333333</dst>
            <dst id="LOSAng">14605.1573333333</dst>
            <dst id="NYCMng">6814.64266666667</dst>
            <dst id="SNVAng">4162.30666666667</dst>
            <dst id="STTLng">23534.8426666667</dst>
            <dst id="WASHng">12945.648</dst>
        </src>
        <src id="KSCYng">
            <dst id="ATLA-M5">331.933333333333</dst>
            <dst id="ATLAng">13059.632</dst>
            <dst id="CHINng">27090.784</dst>
            <dst id="DNVRng">7979.86933333333</dst>
            <dst id="HSTNng">4332.232</dst>
            <dst id="IPLSng">15456.8933333333</dst>
            <dst id="KSCYng">6740.88533333333</dst>
            <dst id="LOSAng">4621.12</dst>
            <dst id="NYCMng">16591.0426666667</dst>
            <dst id="SNVAng">2444.968</dst>
            <dst id="STTLng">8437.83733333333</dst>
            <dst id="WASHng">16407.4053333333</dst>
        </src>
        <src id="LOSAng">
            <dst id="ATLA-M5">2299.10666666667</dst>
            <dst id="ATLAng">12118.6266666667</dst>
            <dst id="CHINng">79409.2693333333</dst>
            <dst id="DNVRng">16862.3733333333</dst>
            <dst id="HSTNng">9290.26666666667</dst>
            <dst id="IPLSng">35240.1413333333</dst>
            <dst id="KSCYng">9408.312</dst>
            <dst id="LOSAng">15995.952</dst>
            <dst id="NYCMng">35500.0453333333</dst>
            <dst id="SNVAng">18470.6506666667</dst>
            <dst id="STTLng">47913.7706666667</dst>
            <dst id="WASHng">59923.4106666667</dst>
        </src>
        <src id="NYCMng">
            <dst id="ATLA-M5">2071.424</dst>
            <dst id="ATLAng">20577.3813333333</dst>
            <dst id="CHINng">41433.6053333333</dst>
            <dst id="DNVRng">24054.848</dst>
            <dst id="HSTNng">12300.9066666667</dst>
            <dst id="IPLSng">26146.8746666667</dst>
            <dst id="KSCYng">15189.4853333333</dst>
            <dst id="LOSAng">57463.824</dst>
            <dst id="NYCMng">76162.6426666666</dst>
            <dst id="SNVAng">1770.05866666667</dst>
            <dst id="STTLng">26165.7573333333</dst>
            <dst id="WASHng">54688.376</dst>
        </src>
        <src id="SNVAng">
            <dst id="ATLA-M5">0</dst>
            <dst id="ATLAng">667.221333333333</dst>
            <dst id="CHINng">80</dst>
            <dst id="DNVRng">3160.35733333333</dst>
            <dst id="HSTNng">26.6666666666667</dst>
            <dst id="IPLSng">389.528</dst>
            <dst id="KSCYng">0</dst>
            <dst id="LOSAng">10016.0426666667</dst>
            <dst id="NYCMng">210.416</dst>
            <dst id="SNVAng">7946.45333333333</dst>
            <dst id="STTLng">17741.624</dst>
            <dst id="WASHng">26.6666666666667</dst>
        </src>
        <src id="STTLng">
            <dst id="ATLA-M5">552.52</dst>
            <dst id="ATLAng">15244.5066666667</dst>
            <dst id="CHINng">28563.0026666667</dst>
            <dst id="DNVRng">13094.808</dst>
            <dst id="HSTNng">6756.93333333333</dst>
            <dst id="IPLSng">20979.648</dst>
            <dst id="KSCYng">14049.5333333333</dst>
            <dst id="LOSAng">39980.3013333333</dst>
            <dst id="NYCMng">8953.22133333333</dst>
            <dst id="SNVAng">2176.448</dst>
            <dst id="STTLng">24480.6293333333</dst>
            <dst id="WASHng">16911.384</dst>
        </src>
        <src id="WASHng">
            <dst id="ATLA-M5">6177.40533333333</dst>
            <dst id="ATLAng">96505.3626666667</dst>
            <dst id="CHINng">85269.0026666667</dst>
            <dst id="DNVRng">59693.4746666667</dst>
            <dst id="HSTNng">32284.2506666667</dst>
            <dst id="IPLSng">39226.8533333333</dst>
            <dst id="KSCYng">25792.4293333333</dst>
            <dst id="LOSAng">71637.6533333333</dst>
            <dst id="NYCMng">127106.714666667</dst>
            <dst id="SNVAng">6638.76533333333</dst>
            <dst id="STTLng">65800.3093333333</dst>
            <dst id="WASHng">241940.869333333</dst>
        </src>
    </IntraTM>
</TrafficMatrixFile>
