<?xml version="1.0" encoding="ISO-8859-1" standalone="yes"?>
<TrafficMatrixFile xsi:noNamespaceSchemaLocation="http://totem.run.montefiore.ulg.ac.be/Schema/TrafficMatrix-v1_2.xsd" xmlns:xsi="http://www.w3.org/2001/XMLSchema-instance">
    <IntraTM ASID="11537">
        <src id="ATLA-M5">
            <dst id="ATLA-M5">0</dst>
            <dst id="ATLAng">2287.02133333333</dst>
            <dst id="CHINng">1042.74133333333</dst>
            <dst id="DNVRng">69.1146666666667</dst>
            <dst id="HSTNng">126.408</dst>
            <dst id="IPLSng">613.677333333333</dst>
            <dst id="KSCYng">107.146666666667</dst>
            <dst id="LOSAng">110.782666666667</dst>
            <dst id="NYCMng">26.6666666666667</dst>
            <dst id="SNVAng">84.116</dst>
            <dst id="STTLng">194.410666666667</dst>
            <dst id="WASHng">2211.408</dst>
        </src>
        <src id="ATLAng">
            <dst id="ATLA-M5">421.997333333333</dst>
            <dst id="ATLAng">33820.576</dst>
            <dst id="CHINng">13225.5066666667</dst>
            <dst id="DNVRng">2377.04266666667</dst>
            <dst id="HSTNng">1487.46933333333</dst>
            <dst id="IPLSng">17263.7066666667</dst>
            <dst id="KSCYng">1624.46666666667</dst>
            <dst id="LOSAng">29835.104</dst>
            <dst id="NYCMng">9832.152</dst>
            <dst id="SNVAng">555.685333333333</dst>
            <dst id="STTLng">7660.42666666667</dst>
            <dst id="WASHng">53306.3173333333</dst>
        </src>
        <src id="CHINng">
            <dst id="ATLA-M5">883.984</dst>
            <dst id="ATLAng">15864.6933333333</dst>
            <dst id="CHINng">99708.3706666667</dst>
            <dst id="DNVRng">19671.736</dst>
            <dst id="HSTNng">7435.00266666667</dst>
            <dst id="IPLSng">53475.592</dst>
            <dst id="KSCYng">11712.7813333333</dst>
            <dst id="LOSAng">32775.7546666667</dst>
            <dst id="NYCMng">8708.84533333333</dst>
            <dst id="SNVAng">5143.992</dst>
            <dst id="STTLng">15057.6346666667</dst>
            <dst id="WASHng">16262.5413333333</dst>
        </src>
        <src id="DNVRng">
            <dst id="ATLA-M5">239.264</dst>
            <dst id="ATLAng">1770.92533333333</dst>
            <dst id="CHINng">52878.176</dst>
            <dst id="DNVRng">13730.0906666667</dst>
            <dst id="HSTNng">14664.016</dst>
            <dst id="IPLSng">11513.7386666667</dst>
            <dst id="KSCYng">20970.3333333333</dst>
            <dst id="LOSAng">10096.344</dst>
            <dst id="NYCMng">7571.97066666667</dst>
            <dst id="SNVAng">12957.352</dst>
            <dst id="STTLng">17334.8053333333</dst>
            <dst id="WASHng">22742.0373333333</dst>
        </src>
        <src id="HSTNng">
            <dst id="ATLA-M5">3893.68</dst>
            <dst id="ATLAng">7172.22666666667</dst>
            <dst id="CHINng">21766.2586666667</dst>
            <dst id="DNVRng">1272.744</dst>
            <dst id="HSTNng">17772.9946666667</dst>
            <dst id="IPLSng">2174.98933333333</dst>
            <dst id="KSCYng">8573.89333333333</dst>
            <dst id="LOSAng">5088.48266666667</dst>
            <dst id="NYCMng">3373.22933333333</dst>
            <dst id="SNVAng">501.04</dst>
            <dst id="STTLng">3679.94666666667</dst>
            <dst id="WASHng">4744.29333333333</dst>
        </src>
        <src id="IPLSng">
            <dst id="ATLA-M5">719.76</dst>
            <dst id="ATLAng">5364.008</dst>
            <dst id="CHINng">63071.6213333333</dst>
            <dst id="DNVRng">5995.928</dst>
            <dst id="HSTNng">672.336</dst>
            <dst id="IPLSng">11127.2773333333</dst>
            <dst id="KSCYng">6043.55466666667</dst>
            <dst id="LOSAng">13749.8746666667</dst>
            <dst id="NYCMng">14326.9493333333</dst>
            <dst id="SNVAng">415.133333333333</dst>
            <dst id="STTLng">19455.8</dst>
            <dst id="WASHng">10452.9226666667</dst>
        </src>
        <src id="KSCYng">
            <dst id="ATLA-M5">53.3333333333333</dst>
            <dst id="ATLAng">3884.33333333333</dst>
            <dst id="CHINng">26736.9066666667</dst>
            <dst id="DNVRng">9137.36266666667</dst>
            <dst id="HSTNng">3298.46133333333</dst>
            <dst id="IPLSng">14189.8453333333</dst>
            <dst id="KSCYng">11327.6586666667</dst>
            <dst id="LOSAng">4354.98133333333</dst>
            <dst id="NYCMng">5586.776</dst>
            <dst id="SNVAng">2659.728</dst>
            <dst id="STTLng">5422.26133333333</dst>
            <dst id="WASHng">10476.2053333333</dst>
        </src>
        <src id="LOSAng">
            <dst id="ATLA-M5">232.28</dst>
            <dst id="ATLAng">8194.56266666667</dst>
            <dst id="CHINng">6526138.66666667</dst>
            <dst id="DNVRng">18882.7173333333</dst>
            <dst id="HSTNng">4512.02133333333</dst>
            <dst id="IPLSng">15094.1866666667</dst>
            <dst id="KSCYng">2956.66933333333</dst>
            <dst id="LOSAng">14879.8053333333</dst>
            <dst id="NYCMng">52240.5173333333</dst>
            <dst id="SNVAng">19837.2133333333</dst>
            <dst id="STTLng">48254.688</dst>
            <dst id="WASHng">85003.448</dst>
        </src>
        <src id="NYCMng">
            <dst id="ATLA-M5">1389.14133333333</dst>
            <dst id="ATLAng">24502.464</dst>
            <dst id="CHINng">35054.48</dst>
            <dst id="DNVRng">17103.9413333333</dst>
            <dst id="HSTNng">3317.528</dst>
            <dst id="IPLSng">14691.3626666667</dst>
            <dst id="KSCYng">5330.936</dst>
            <dst id="LOSAng">53079.7306666667</dst>
            <dst id="NYCMng">106014.317333333</dst>
            <dst id="SNVAng">498.090666666667</dst>
            <dst id="STTLng">23622.7386666667</dst>
            <dst id="WASHng">43436.7866666667</dst>
        </src>
        <src id="SNVAng">
            <dst id="ATLA-M5">0</dst>
            <dst id="ATLAng">312.290666666667</dst>
            <dst id="CHINng">106.666666666667</dst>
            <dst id="DNVRng">1091.42133333333</dst>
            <dst id="HSTNng">0</dst>
            <dst id="IPLSng">304.936</dst>
            <dst id="KSCYng">0</dst>
            <dst id="LOSAng">8421.29866666667</dst>
            <dst id="NYCMng">26.6666666666667</dst>
            <dst id="SNVAng">9047.69866666667</dst>
            <dst id="STTLng">18751.2133333333</dst>
            <dst id="WASHng">487.877333333333</dst>
        </src>
        <src id="STTLng">
            <dst id="ATLA-M5">210.912</dst>
            <dst id="ATLAng">11404.5066666667</dst>
            <dst id="CHINng">35684.4053333333</dst>
            <dst id="DNVRng">3242.984</dst>
            <dst id="HSTNng">2679.784</dst>
            <dst id="IPLSng">9515.576</dst>
            <dst id="KSCYng">3444.64266666667</dst>
            <dst id="LOSAng">38471.7253333333</dst>
            <dst id="NYCMng">8350.288</dst>
            <dst id="SNVAng">1329.33066666667</dst>
            <dst id="STTLng">22391.5493333333</dst>
            <dst id="WASHng">8116.20266666667</dst>
        </src>
        <src id="WASHng">
            <dst id="ATLA-M5">1569.74933333333</dst>
            <dst id="ATLAng">59958.6906666666</dst>
            <dst id="CHINng">76856.392</dst>
            <dst id="DNVRng">52847.7093333333</dst>
            <dst id="HSTNng">30848.9386666667</dst>
            <dst id="IPLSng">36467.8373333333</dst>
            <dst id="KSCYng">22698.4106666667</dst>
            <dst id="LOSAng">72749.9786666666</dst>
            <dst id="NYCMng">186324.453333333</dst>
            <dst id="SNVAng">1251.17866666667</dst>
            <dst id="STTLng">36487.3226666667</dst>
            <dst id="WASHng">274815.44</dst>
        </src>
    </IntraTM>
</TrafficMatrixFile>
