<?xml version="1.0" encoding="ISO-8859-1" standalone="yes"?>
<TrafficMatrixFile xsi:noNamespaceSchemaLocation="http://totem.run.montefiore.ulg.ac.be/Schema/TrafficMatrix-v1_2.xsd" xmlns:xsi="http://www.w3.org/2001/XMLSchema-instance">
    <IntraTM ASID="11537">
        <src id="ATLA-M5">
            <dst id="ATLA-M5">0</dst>
            <dst id="ATLAng">126.890666666667</dst>
            <dst id="CHINng">2054.28533333333</dst>
            <dst id="DNVRng">26.6666666666667</dst>
            <dst id="HSTNng">26.6666666666667</dst>
            <dst id="IPLSng">1548.13066666667</dst>
            <dst id="KSCYng">56.6026666666667</dst>
            <dst id="LOSAng">177.808</dst>
            <dst id="NYCMng">115.824</dst>
            <dst id="SNVAng">0</dst>
            <dst id="STTLng">274.376</dst>
            <dst id="WASHng">995.170666666667</dst>
        </src>
        <src id="ATLAng">
            <dst id="ATLA-M5">589.210666666667</dst>
            <dst id="ATLAng">35246.5893333333</dst>
            <dst id="CHINng">10061.176</dst>
            <dst id="DNVRng">1050.92</dst>
            <dst id="HSTNng">1823.41066666667</dst>
            <dst id="IPLSng">19594.7306666667</dst>
            <dst id="KSCYng">1707.496</dst>
            <dst id="LOSAng">23810.58</dst>
            <dst id="NYCMng">8368.816</dst>
            <dst id="SNVAng">1002.372</dst>
            <dst id="STTLng">7712.21066666667</dst>
            <dst id="WASHng">47179</dst>
        </src>
        <src id="CHINng">
            <dst id="ATLA-M5">718.456</dst>
            <dst id="ATLAng">19420.5733333333</dst>
            <dst id="CHINng">106195.725333333</dst>
            <dst id="DNVRng">14585.8186666667</dst>
            <dst id="HSTNng">7978.37333333333</dst>
            <dst id="IPLSng">33740.072</dst>
            <dst id="KSCYng">6860.44266666667</dst>
            <dst id="LOSAng">29860.1333333333</dst>
            <dst id="NYCMng">7809.41866666667</dst>
            <dst id="SNVAng">3689.43733333333</dst>
            <dst id="STTLng">14307.6133333333</dst>
            <dst id="WASHng">16904.5573333333</dst>
        </src>
        <src id="DNVRng">
            <dst id="ATLA-M5">296.053333333333</dst>
            <dst id="ATLAng">4095.50933333333</dst>
            <dst id="CHINng">37071.3306666667</dst>
            <dst id="DNVRng">14792.5146666667</dst>
            <dst id="HSTNng">14782.5173333333</dst>
            <dst id="IPLSng">29916.1226666667</dst>
            <dst id="KSCYng">23582.4613333333</dst>
            <dst id="LOSAng">45446.8693333333</dst>
            <dst id="NYCMng">5591.98133333333</dst>
            <dst id="SNVAng">12899.7626666667</dst>
            <dst id="STTLng">18980.7786666667</dst>
            <dst id="WASHng">17912.9813333333</dst>
        </src>
        <src id="HSTNng">
            <dst id="ATLA-M5">1523.02933333333</dst>
            <dst id="ATLAng">2588.46933333333</dst>
            <dst id="CHINng">15260.9786666667</dst>
            <dst id="DNVRng">940.08</dst>
            <dst id="HSTNng">9879.33333333333</dst>
            <dst id="IPLSng">2478.24533333333</dst>
            <dst id="KSCYng">9247.74133333334</dst>
            <dst id="LOSAng">3565.344</dst>
            <dst id="NYCMng">1743.20266666667</dst>
            <dst id="SNVAng">121.149333333333</dst>
            <dst id="STTLng">3325.18133333333</dst>
            <dst id="WASHng">2264.09333333333</dst>
        </src>
        <src id="IPLSng">
            <dst id="ATLA-M5">194.546666666667</dst>
            <dst id="ATLAng">5542.02933333333</dst>
            <dst id="CHINng">84648.7653333333</dst>
            <dst id="DNVRng">7207.26133333333</dst>
            <dst id="HSTNng">511.026666666667</dst>
            <dst id="IPLSng">28167.2533333333</dst>
            <dst id="KSCYng">8563.872</dst>
            <dst id="LOSAng">10374.4453333333</dst>
            <dst id="NYCMng">6382.16266666667</dst>
            <dst id="SNVAng">176.882666666667</dst>
            <dst id="STTLng">25744.4533333333</dst>
            <dst id="WASHng">13833.5573333333</dst>
        </src>
        <src id="KSCYng">
            <dst id="ATLA-M5">80</dst>
            <dst id="ATLAng">5423.25333333333</dst>
            <dst id="CHINng">18139.4586666667</dst>
            <dst id="DNVRng">7144.94933333334</dst>
            <dst id="HSTNng">3179.59733333333</dst>
            <dst id="IPLSng">13501.352</dst>
            <dst id="KSCYng">15528.4666666667</dst>
            <dst id="LOSAng">5929.38933333333</dst>
            <dst id="NYCMng">3029.648</dst>
            <dst id="SNVAng">2637.98933333333</dst>
            <dst id="STTLng">5634.328</dst>
            <dst id="WASHng">9742.41066666667</dst>
        </src>
        <src id="LOSAng">
            <dst id="ATLA-M5">133.989333333333</dst>
            <dst id="ATLAng">9697.86133333333</dst>
            <dst id="CHINng">106902.898666667</dst>
            <dst id="DNVRng">5518.824</dst>
            <dst id="HSTNng">3691.37066666667</dst>
            <dst id="IPLSng">14745.5733333333</dst>
            <dst id="KSCYng">2291.184</dst>
            <dst id="LOSAng">10012.992</dst>
            <dst id="NYCMng">41257.9626666667</dst>
            <dst id="SNVAng">26375.8453333333</dst>
            <dst id="STTLng">50162.0613333333</dst>
            <dst id="WASHng">39406.7466666667</dst>
        </src>
        <src id="NYCMng">
            <dst id="ATLA-M5">246.570666666667</dst>
            <dst id="ATLAng">34656.248</dst>
            <dst id="CHINng">28763.88</dst>
            <dst id="DNVRng">11724.3946666667</dst>
            <dst id="HSTNng">3997.728</dst>
            <dst id="IPLSng">15476.2133333333</dst>
            <dst id="KSCYng">4625.448</dst>
            <dst id="LOSAng">64054.704</dst>
            <dst id="NYCMng">106069.413333333</dst>
            <dst id="SNVAng">3310.73333333333</dst>
            <dst id="STTLng">29979.0106666667</dst>
            <dst id="WASHng">51028.6613333333</dst>
        </src>
        <src id="SNVAng">
            <dst id="ATLA-M5">0</dst>
            <dst id="ATLAng">588.52</dst>
            <dst id="CHINng">26.6666666666667</dst>
            <dst id="DNVRng">2799.26666666667</dst>
            <dst id="HSTNng">26.6666666666667</dst>
            <dst id="IPLSng">293.146666666667</dst>
            <dst id="KSCYng">0</dst>
            <dst id="LOSAng">8311.92533333333</dst>
            <dst id="NYCMng">81.1146666666667</dst>
            <dst id="SNVAng">9729.784</dst>
            <dst id="STTLng">13355.664</dst>
            <dst id="WASHng">0</dst>
        </src>
        <src id="STTLng">
            <dst id="ATLA-M5">157.253333333333</dst>
            <dst id="ATLAng">13064.9013333333</dst>
            <dst id="CHINng">34955.2906666667</dst>
            <dst id="DNVRng">3069.00533333333</dst>
            <dst id="HSTNng">2341.856</dst>
            <dst id="IPLSng">9991.584</dst>
            <dst id="KSCYng">6551.80533333333</dst>
            <dst id="LOSAng">30876.856</dst>
            <dst id="NYCMng">10044.0906666667</dst>
            <dst id="SNVAng">8567.23466666667</dst>
            <dst id="STTLng">19690.96</dst>
            <dst id="WASHng">10906.6186666667</dst>
        </src>
        <src id="WASHng">
            <dst id="ATLA-M5">215.656</dst>
            <dst id="ATLAng">94858.208</dst>
            <dst id="CHINng">63935.9893333333</dst>
            <dst id="DNVRng">65788.208</dst>
            <dst id="HSTNng">37018.6293333333</dst>
            <dst id="IPLSng">31055.7226666667</dst>
            <dst id="KSCYng">23021.024</dst>
            <dst id="LOSAng">54717.7813333333</dst>
            <dst id="NYCMng">175589.802666667</dst>
            <dst id="SNVAng">3608.09066666667</dst>
            <dst id="STTLng">48266.912</dst>
            <dst id="WASHng">251249.914666667</dst>
        </src>
    </IntraTM>
</TrafficMatrixFile>
