<?xml version="1.0" encoding="ISO-8859-1" standalone="yes"?>
<TrafficMatrixFile xsi:noNamespaceSchemaLocation="http://totem.run.montefiore.ulg.ac.be/Schema/TrafficMatrix-v1_2.xsd" xmlns:xsi="http://www.w3.org/2001/XMLSchema-instance">
    <IntraTM ASID="11537">
        <src id="ATLA-M5">
            <dst id="ATLA-M5">118.304</dst>
            <dst id="ATLAng">1546.29866666667</dst>
            <dst id="CHINng">1939.85333333333</dst>
            <dst id="DNVRng">196.085333333333</dst>
            <dst id="HSTNng">213.242666666667</dst>
            <dst id="IPLSng">1235.19466666667</dst>
            <dst id="KSCYng">393.165333333333</dst>
            <dst id="LOSAng">326.901333333333</dst>
            <dst id="NYCMng">1974.776</dst>
            <dst id="SNVAng">0</dst>
            <dst id="STTLng">1216.37333333333</dst>
            <dst id="WASHng">1462.728</dst>
        </src>
        <src id="ATLAng">
            <dst id="ATLA-M5">2798.592</dst>
            <dst id="ATLAng">52441.224</dst>
            <dst id="CHINng">47322.4506666667</dst>
            <dst id="DNVRng">4892.61866666667</dst>
            <dst id="HSTNng">30146.2346666667</dst>
            <dst id="IPLSng">25244.496</dst>
            <dst id="KSCYng">14688.7146666667</dst>
            <dst id="LOSAng">16574.7826666667</dst>
            <dst id="NYCMng">12723.7413333333</dst>
            <dst id="SNVAng">1562.15066666667</dst>
            <dst id="STTLng">23663.584</dst>
            <dst id="WASHng">57141.3253333333</dst>
        </src>
        <src id="CHINng">
            <dst id="ATLA-M5">1125.50933333333</dst>
            <dst id="ATLAng">50293.2453333333</dst>
            <dst id="CHINng">109327.128</dst>
            <dst id="DNVRng">12454.448</dst>
            <dst id="HSTNng">19006.8746666667</dst>
            <dst id="IPLSng">76722.32</dst>
            <dst id="KSCYng">17635.2026666667</dst>
            <dst id="LOSAng">36985.504</dst>
            <dst id="NYCMng">32814.7306666667</dst>
            <dst id="SNVAng">7348.40533333333</dst>
            <dst id="STTLng">42287.4293333333</dst>
            <dst id="WASHng">34026.9066666667</dst>
        </src>
        <src id="DNVRng">
            <dst id="ATLA-M5">646.88</dst>
            <dst id="ATLAng">25347.1333333333</dst>
            <dst id="CHINng">55337.3413333333</dst>
            <dst id="DNVRng">16399.1893333333</dst>
            <dst id="HSTNng">19251.1893333333</dst>
            <dst id="IPLSng">26473.48</dst>
            <dst id="KSCYng">21896.8133333333</dst>
            <dst id="LOSAng">19556.8773333333</dst>
            <dst id="NYCMng">18576.3013333333</dst>
            <dst id="SNVAng">19968.4773333333</dst>
            <dst id="STTLng">49578.9173333333</dst>
            <dst id="WASHng">30475.8613333333</dst>
        </src>
        <src id="HSTNng">
            <dst id="ATLA-M5">1782.216</dst>
            <dst id="ATLAng">11549.0666666667</dst>
            <dst id="CHINng">15173.608</dst>
            <dst id="DNVRng">4825.07466666667</dst>
            <dst id="HSTNng">17109.3813333333</dst>
            <dst id="IPLSng">9017.264</dst>
            <dst id="KSCYng">9967.344</dst>
            <dst id="LOSAng">16720.2346666667</dst>
            <dst id="NYCMng">5991.84266666667</dst>
            <dst id="SNVAng">794.429333333333</dst>
            <dst id="STTLng">15540.8053333333</dst>
            <dst id="WASHng">21384.5333333333</dst>
        </src>
        <src id="IPLSng">
            <dst id="ATLA-M5">654.290666666667</dst>
            <dst id="ATLAng">21283.6933333333</dst>
            <dst id="CHINng">120843</dst>
            <dst id="DNVRng">33120.512</dst>
            <dst id="HSTNng">18061.6826666667</dst>
            <dst id="IPLSng">23689.4053333333</dst>
            <dst id="KSCYng">11775.5626666667</dst>
            <dst id="LOSAng">22113.2933333333</dst>
            <dst id="NYCMng">21856.1093333333</dst>
            <dst id="SNVAng">3384.23733333333</dst>
            <dst id="STTLng">42812.7253333333</dst>
            <dst id="WASHng">42278.952</dst>
        </src>
        <src id="KSCYng">
            <dst id="ATLA-M5">850.549333333333</dst>
            <dst id="ATLAng">7515.53333333333</dst>
            <dst id="CHINng">32403.312</dst>
            <dst id="DNVRng">9402.78666666667</dst>
            <dst id="HSTNng">4434.28266666667</dst>
            <dst id="IPLSng">18617.0133333333</dst>
            <dst id="KSCYng">13139.9546666667</dst>
            <dst id="LOSAng">8191.856</dst>
            <dst id="NYCMng">6641.696</dst>
            <dst id="SNVAng">3046.43733333333</dst>
            <dst id="STTLng">16163.416</dst>
            <dst id="WASHng">12968.928</dst>
        </src>
        <src id="LOSAng">
            <dst id="ATLA-M5">371.349333333333</dst>
            <dst id="ATLAng">24347.5626666667</dst>
            <dst id="CHINng">102071.912</dst>
            <dst id="DNVRng">82252.4453333334</dst>
            <dst id="HSTNng">26963.4746666667</dst>
            <dst id="IPLSng">44407.6613333333</dst>
            <dst id="KSCYng">15249.7866666667</dst>
            <dst id="LOSAng">21577.248</dst>
            <dst id="NYCMng">51441.544</dst>
            <dst id="SNVAng">29513.9733333333</dst>
            <dst id="STTLng">72271.904</dst>
            <dst id="WASHng">92401.1786666667</dst>
        </src>
        <src id="NYCMng">
            <dst id="ATLA-M5">2233.36</dst>
            <dst id="ATLAng">67251.9946666667</dst>
            <dst id="CHINng">40365.352</dst>
            <dst id="DNVRng">30031.648</dst>
            <dst id="HSTNng">24639.408</dst>
            <dst id="IPLSng">46041.1893333333</dst>
            <dst id="KSCYng">22226.52</dst>
            <dst id="LOSAng">53584.6053333333</dst>
            <dst id="NYCMng">132549.605333333</dst>
            <dst id="SNVAng">7938.488</dst>
            <dst id="STTLng">24581.2133333333</dst>
            <dst id="WASHng">172540.376</dst>
        </src>
        <src id="SNVAng">
            <dst id="ATLA-M5">0</dst>
            <dst id="ATLAng">721.304</dst>
            <dst id="CHINng">160.685333333333</dst>
            <dst id="DNVRng">13934.088</dst>
            <dst id="HSTNng">261.106666666667</dst>
            <dst id="IPLSng">662.114666666667</dst>
            <dst id="KSCYng">53.3333333333333</dst>
            <dst id="LOSAng">8530.464</dst>
            <dst id="NYCMng">399.058666666667</dst>
            <dst id="SNVAng">12582.1173333333</dst>
            <dst id="STTLng">20137.976</dst>
            <dst id="WASHng">102.309333333333</dst>
        </src>
        <src id="STTLng">
            <dst id="ATLA-M5">2919.048</dst>
            <dst id="ATLAng">73838.9786666667</dst>
            <dst id="CHINng">114930.618666667</dst>
            <dst id="DNVRng">48321.8586666667</dst>
            <dst id="HSTNng">48244.52</dst>
            <dst id="IPLSng">112755.216</dst>
            <dst id="KSCYng">71633.856</dst>
            <dst id="LOSAng">15013.7626666667</dst>
            <dst id="NYCMng">29446.616</dst>
            <dst id="SNVAng">9247.392</dst>
            <dst id="STTLng">48466.304</dst>
            <dst id="WASHng">122302.133333333</dst>
        </src>
        <src id="WASHng">
            <dst id="ATLA-M5">6507.528</dst>
            <dst id="ATLAng">190202.368</dst>
            <dst id="CHINng">98914.1493333333</dst>
            <dst id="DNVRng">90450.4666666667</dst>
            <dst id="HSTNng">33863.7306666667</dst>
            <dst id="IPLSng">113484</dst>
            <dst id="KSCYng">21639.9786666667</dst>
            <dst id="LOSAng">94345.8346666666</dst>
            <dst id="NYCMng">281153.04</dst>
            <dst id="SNVAng">16179.7226666667</dst>
            <dst id="STTLng">59469.464</dst>
            <dst id="WASHng">267758.293333333</dst>
        </src>
    </IntraTM>
</TrafficMatrixFile>
