<?xml version="1.0" encoding="ISO-8859-1" standalone="yes"?>
<TrafficMatrixFile xsi:noNamespaceSchemaLocation="http://totem.run.montefiore.ulg.ac.be/Schema/TrafficMatrix-v1_2.xsd" xmlns:xsi="http://www.w3.org/2001/XMLSchema-instance">
    <IntraTM ASID="11537">
        <src id="ATLA-M5">
            <dst id="ATLA-M5">747.125333333333</dst>
            <dst id="ATLAng">828.072</dst>
            <dst id="CHINng">1251.632</dst>
            <dst id="DNVRng">90.816</dst>
            <dst id="HSTNng">167.378666666667</dst>
            <dst id="IPLSng">2112.89866666667</dst>
            <dst id="KSCYng">406.445333333333</dst>
            <dst id="LOSAng">0</dst>
            <dst id="NYCMng">1427.23466666667</dst>
            <dst id="SNVAng">0</dst>
            <dst id="STTLng">1425.05866666667</dst>
            <dst id="WASHng">1579.56</dst>
        </src>
        <src id="ATLAng">
            <dst id="ATLA-M5">651.24</dst>
            <dst id="ATLAng">35175.3493333333</dst>
            <dst id="CHINng">21025.7013333333</dst>
            <dst id="DNVRng">6234.4</dst>
            <dst id="HSTNng">16185.368</dst>
            <dst id="IPLSng">19282.4853333333</dst>
            <dst id="KSCYng">9941.45866666667</dst>
            <dst id="LOSAng">12115.9293333333</dst>
            <dst id="NYCMng">8919.94666666667</dst>
            <dst id="SNVAng">1204.62266666667</dst>
            <dst id="STTLng">19500.528</dst>
            <dst id="WASHng">60392.1173333333</dst>
        </src>
        <src id="CHINng">
            <dst id="ATLA-M5">1086.13866666667</dst>
            <dst id="ATLAng">23747.728</dst>
            <dst id="CHINng">249240.88</dst>
            <dst id="DNVRng">21434.8746666667</dst>
            <dst id="HSTNng">24205.9653333333</dst>
            <dst id="IPLSng">59254.4666666667</dst>
            <dst id="KSCYng">31217.8826666667</dst>
            <dst id="LOSAng">52121.864</dst>
            <dst id="NYCMng">34894.568</dst>
            <dst id="SNVAng">4750.32533333333</dst>
            <dst id="STTLng">33857.4346666667</dst>
            <dst id="WASHng">38841.232</dst>
        </src>
        <src id="DNVRng">
            <dst id="ATLA-M5">449.066666666667</dst>
            <dst id="ATLAng">10538.832</dst>
            <dst id="CHINng">46115.9093333333</dst>
            <dst id="DNVRng">11761.984</dst>
            <dst id="HSTNng">18564.7653333333</dst>
            <dst id="IPLSng">25195.5733333333</dst>
            <dst id="KSCYng">20567.9013333333</dst>
            <dst id="LOSAng">16294.8586666667</dst>
            <dst id="NYCMng">7413.28266666667</dst>
            <dst id="SNVAng">16900.032</dst>
            <dst id="STTLng">24677.7226666667</dst>
            <dst id="WASHng">33450.0506666667</dst>
        </src>
        <src id="HSTNng">
            <dst id="ATLA-M5">364.896</dst>
            <dst id="ATLAng">5364.04533333333</dst>
            <dst id="CHINng">18681.816</dst>
            <dst id="DNVRng">3220.95466666667</dst>
            <dst id="HSTNng">17841.1333333333</dst>
            <dst id="IPLSng">5981.472</dst>
            <dst id="KSCYng">11188.8506666667</dst>
            <dst id="LOSAng">3479.57333333333</dst>
            <dst id="NYCMng">6903.408</dst>
            <dst id="SNVAng">1342.58133333333</dst>
            <dst id="STTLng">13295.3146666667</dst>
            <dst id="WASHng">8878.39466666667</dst>
        </src>
        <src id="IPLSng">
            <dst id="ATLA-M5">681.589333333333</dst>
            <dst id="ATLAng">19268.448</dst>
            <dst id="CHINng">84575.2</dst>
            <dst id="DNVRng">21057.6026666667</dst>
            <dst id="HSTNng">9406.00266666667</dst>
            <dst id="IPLSng">57342.4906666667</dst>
            <dst id="KSCYng">7574.848</dst>
            <dst id="LOSAng">21533.0933333333</dst>
            <dst id="NYCMng">16130.08</dst>
            <dst id="SNVAng">1994.06933333333</dst>
            <dst id="STTLng">49262.9653333333</dst>
            <dst id="WASHng">52825.5813333333</dst>
        </src>
        <src id="KSCYng">
            <dst id="ATLA-M5">835.394666666667</dst>
            <dst id="ATLAng">7931.18133333333</dst>
            <dst id="CHINng">34287.344</dst>
            <dst id="DNVRng">13430.872</dst>
            <dst id="HSTNng">4731.544</dst>
            <dst id="IPLSng">18716.288</dst>
            <dst id="KSCYng">18557.4506666667</dst>
            <dst id="LOSAng">3900.552</dst>
            <dst id="NYCMng">10517.2693333333</dst>
            <dst id="SNVAng">2325.664</dst>
            <dst id="STTLng">16668.1653333333</dst>
            <dst id="WASHng">16973.032</dst>
        </src>
        <src id="LOSAng">
            <dst id="ATLA-M5">26.6666666666667</dst>
            <dst id="ATLAng">12339.84</dst>
            <dst id="CHINng">94100.848</dst>
            <dst id="DNVRng">33832.6186666667</dst>
            <dst id="HSTNng">4255.192</dst>
            <dst id="IPLSng">16479.6026666667</dst>
            <dst id="KSCYng">16057.592</dst>
            <dst id="LOSAng">17546.2666666667</dst>
            <dst id="NYCMng">34835.9146666667</dst>
            <dst id="SNVAng">34070.696</dst>
            <dst id="STTLng">70664.2826666667</dst>
            <dst id="WASHng">58159.1893333333</dst>
        </src>
        <src id="NYCMng">
            <dst id="ATLA-M5">1887.624</dst>
            <dst id="ATLAng">35268.3226666667</dst>
            <dst id="CHINng">54742.6666666666</dst>
            <dst id="DNVRng">29002.6773333333</dst>
            <dst id="HSTNng">11684.7386666667</dst>
            <dst id="IPLSng">38058.4106666667</dst>
            <dst id="KSCYng">23118.7573333333</dst>
            <dst id="LOSAng">64757.7733333333</dst>
            <dst id="NYCMng">185452.008</dst>
            <dst id="SNVAng">3560.744</dst>
            <dst id="STTLng">20065.256</dst>
            <dst id="WASHng">152161.917333333</dst>
        </src>
        <src id="SNVAng">
            <dst id="ATLA-M5">26.6666666666667</dst>
            <dst id="ATLAng">80</dst>
            <dst id="CHINng">263.984</dst>
            <dst id="DNVRng">4324.22933333333</dst>
            <dst id="HSTNng">160.384</dst>
            <dst id="IPLSng">2572.24533333333</dst>
            <dst id="KSCYng">107.834666666667</dst>
            <dst id="LOSAng">3683.56266666667</dst>
            <dst id="NYCMng">74.8773333333333</dst>
            <dst id="SNVAng">11085.8986666667</dst>
            <dst id="STTLng">18000.8613333333</dst>
            <dst id="WASHng">121.037333333333</dst>
        </src>
        <src id="STTLng">
            <dst id="ATLA-M5">5560.43733333333</dst>
            <dst id="ATLAng">63071.5653333333</dst>
            <dst id="CHINng">127782.024</dst>
            <dst id="DNVRng">35584.1866666667</dst>
            <dst id="HSTNng">34945.0106666667</dst>
            <dst id="IPLSng">112671.712</dst>
            <dst id="KSCYng">68616.6773333333</dst>
            <dst id="LOSAng">14806.24</dst>
            <dst id="NYCMng">35809.2346666667</dst>
            <dst id="SNVAng">9016.33333333333</dst>
            <dst id="STTLng">23095.112</dst>
            <dst id="WASHng">110031.674666667</dst>
        </src>
        <src id="WASHng">
            <dst id="ATLA-M5">3625.04533333333</dst>
            <dst id="ATLAng">102787.029333333</dst>
            <dst id="CHINng">83916.9013333333</dst>
            <dst id="DNVRng">59008.312</dst>
            <dst id="HSTNng">42570.12</dst>
            <dst id="IPLSng">121445.570666667</dst>
            <dst id="KSCYng">24920.3893333333</dst>
            <dst id="LOSAng">80922.816</dst>
            <dst id="NYCMng">244433.848</dst>
            <dst id="SNVAng">6062.568</dst>
            <dst id="STTLng">60536.2933333333</dst>
            <dst id="WASHng">322359.253333333</dst>
        </src>
    </IntraTM>
</TrafficMatrixFile>
