<?xml version="1.0" encoding="ISO-8859-1" standalone="yes"?>
<TrafficMatrixFile xsi:noNamespaceSchemaLocation="http://totem.run.montefiore.ulg.ac.be/Schema/TrafficMatrix-v1_2.xsd" xmlns:xsi="http://www.w3.org/2001/XMLSchema-instance">
    <IntraTM ASID="11537">
        <src id="ATLA-M5">
            <dst id="ATLA-M5">165.698666666667</dst>
            <dst id="ATLAng">9969.92266666666</dst>
            <dst id="CHINng">1017.89066666667</dst>
            <dst id="DNVRng">169.344</dst>
            <dst id="HSTNng">901.952</dst>
            <dst id="IPLSng">736.074666666667</dst>
            <dst id="KSCYng">960.296</dst>
            <dst id="LOSAng">73.9053333333333</dst>
            <dst id="NYCMng">1222.264</dst>
            <dst id="SNVAng">63.8573333333333</dst>
            <dst id="STTLng">900.397333333333</dst>
            <dst id="WASHng">1630.472</dst>
        </src>
        <src id="ATLAng">
            <dst id="ATLA-M5">2455.48533333333</dst>
            <dst id="ATLAng">68906.0586666667</dst>
            <dst id="CHINng">32069.888</dst>
            <dst id="DNVRng">10765.584</dst>
            <dst id="HSTNng">15544.112</dst>
            <dst id="IPLSng">29714.1173333333</dst>
            <dst id="KSCYng">9065.87466666667</dst>
            <dst id="LOSAng">15169.1773333333</dst>
            <dst id="NYCMng">19061</dst>
            <dst id="SNVAng">1458.54</dst>
            <dst id="STTLng">18191.8373333333</dst>
            <dst id="WASHng">55152.6266666667</dst>
        </src>
        <src id="CHINng">
            <dst id="ATLA-M5">1359.94933333333</dst>
            <dst id="ATLAng">24415.2506666667</dst>
            <dst id="CHINng">123127.805333333</dst>
            <dst id="DNVRng">17468.9893333333</dst>
            <dst id="HSTNng">19795.6906666667</dst>
            <dst id="IPLSng">74807.8666666667</dst>
            <dst id="KSCYng">26713.7733333333</dst>
            <dst id="LOSAng">42130.192</dst>
            <dst id="NYCMng">19957.9893333333</dst>
            <dst id="SNVAng">5241.264</dst>
            <dst id="STTLng">34420.488</dst>
            <dst id="WASHng">43344.9786666667</dst>
        </src>
        <src id="DNVRng">
            <dst id="ATLA-M5">437.68</dst>
            <dst id="ATLAng">7932.05066666667</dst>
            <dst id="CHINng">34714.376</dst>
            <dst id="DNVRng">17877.2986666667</dst>
            <dst id="HSTNng">17437.7013333333</dst>
            <dst id="IPLSng">16064.456</dst>
            <dst id="KSCYng">22490.7893333333</dst>
            <dst id="LOSAng">17256.7306666667</dst>
            <dst id="NYCMng">17184.7333333333</dst>
            <dst id="SNVAng">26599.4613333333</dst>
            <dst id="STTLng">72136.672</dst>
            <dst id="WASHng">34927.216</dst>
        </src>
        <src id="HSTNng">
            <dst id="ATLA-M5">924.117333333334</dst>
            <dst id="ATLAng">6014.168</dst>
            <dst id="CHINng">15568.6346666667</dst>
            <dst id="DNVRng">8518.952</dst>
            <dst id="HSTNng">17009.936</dst>
            <dst id="IPLSng">13453.352</dst>
            <dst id="KSCYng">8970.10666666667</dst>
            <dst id="LOSAng">8086.38933333333</dst>
            <dst id="NYCMng">6152.66133333333</dst>
            <dst id="SNVAng">563.133333333333</dst>
            <dst id="STTLng">13331.512</dst>
            <dst id="WASHng">25972.2906666667</dst>
        </src>
        <src id="IPLSng">
            <dst id="ATLA-M5">1120.31466666667</dst>
            <dst id="ATLAng">16964.7706666667</dst>
            <dst id="CHINng">81909.5306666667</dst>
            <dst id="DNVRng">17422.5066666667</dst>
            <dst id="HSTNng">11901.28</dst>
            <dst id="IPLSng">26177.8506666667</dst>
            <dst id="KSCYng">13764.168</dst>
            <dst id="LOSAng">18621.8426666667</dst>
            <dst id="NYCMng">12145.4346666667</dst>
            <dst id="SNVAng">3784.94933333333</dst>
            <dst id="STTLng">22572.8453333333</dst>
            <dst id="WASHng">44034.3386666667</dst>
        </src>
        <src id="KSCYng">
            <dst id="ATLA-M5">859.853333333333</dst>
            <dst id="ATLAng">7161.53333333333</dst>
            <dst id="CHINng">28461.552</dst>
            <dst id="DNVRng">11963.1706666667</dst>
            <dst id="HSTNng">4149.30133333333</dst>
            <dst id="IPLSng">19373.9146666667</dst>
            <dst id="KSCYng">10813.6826666667</dst>
            <dst id="LOSAng">4145.19733333333</dst>
            <dst id="NYCMng">5390.81866666667</dst>
            <dst id="SNVAng">3537.488</dst>
            <dst id="STTLng">16065.0373333333</dst>
            <dst id="WASHng">16065.8026666667</dst>
        </src>
        <src id="LOSAng">
            <dst id="ATLA-M5">291.626666666667</dst>
            <dst id="ATLAng">55048.1973333333</dst>
            <dst id="CHINng">96483.488</dst>
            <dst id="DNVRng">46214.672</dst>
            <dst id="HSTNng">36983.8026666667</dst>
            <dst id="IPLSng">52696.2266666667</dst>
            <dst id="KSCYng">6266.544</dst>
            <dst id="LOSAng">9386.22933333333</dst>
            <dst id="NYCMng">50044.496</dst>
            <dst id="SNVAng">21495.2133333333</dst>
            <dst id="STTLng">60156.7573333333</dst>
            <dst id="WASHng">94569.008</dst>
        </src>
        <src id="NYCMng">
            <dst id="ATLA-M5">3536.04</dst>
            <dst id="ATLAng">35028.176</dst>
            <dst id="CHINng">32030.7626666667</dst>
            <dst id="DNVRng">33309.456</dst>
            <dst id="HSTNng">21628.8506666667</dst>
            <dst id="IPLSng">40457.9973333333</dst>
            <dst id="KSCYng">15441.4506666667</dst>
            <dst id="LOSAng">69181.3546666667</dst>
            <dst id="NYCMng">108974.333333333</dst>
            <dst id="SNVAng">5581.06666666667</dst>
            <dst id="STTLng">29446.1893333333</dst>
            <dst id="WASHng">138413.386666667</dst>
        </src>
        <src id="SNVAng">
            <dst id="ATLA-M5">0</dst>
            <dst id="ATLAng">0</dst>
            <dst id="CHINng">258.509333333333</dst>
            <dst id="DNVRng">20594.288</dst>
            <dst id="HSTNng">53.3333333333333</dst>
            <dst id="IPLSng">498.922666666667</dst>
            <dst id="KSCYng">26.6666666666667</dst>
            <dst id="LOSAng">13829.8906666667</dst>
            <dst id="NYCMng">96.232</dst>
            <dst id="SNVAng">9924.72266666667</dst>
            <dst id="STTLng">22689.1573333333</dst>
            <dst id="WASHng">213.333333333333</dst>
        </src>
        <src id="STTLng">
            <dst id="ATLA-M5">2061.47733333333</dst>
            <dst id="ATLAng">56052.9626666667</dst>
            <dst id="CHINng">84230.76</dst>
            <dst id="DNVRng">50178.8053333333</dst>
            <dst id="HSTNng">44409.176</dst>
            <dst id="IPLSng">62283.08</dst>
            <dst id="KSCYng">48444.6666666667</dst>
            <dst id="LOSAng">11560.6746666667</dst>
            <dst id="NYCMng">21896.9653333333</dst>
            <dst id="SNVAng">11594.4426666667</dst>
            <dst id="STTLng">60652.9173333333</dst>
            <dst id="WASHng">72353.304</dst>
        </src>
        <src id="WASHng">
            <dst id="ATLA-M5">10230.2933333333</dst>
            <dst id="ATLAng">108039.461333333</dst>
            <dst id="CHINng">136986.285333333</dst>
            <dst id="DNVRng">90281.0133333333</dst>
            <dst id="HSTNng">43114.672</dst>
            <dst id="IPLSng">86813.0533333333</dst>
            <dst id="KSCYng">49607.3866666667</dst>
            <dst id="LOSAng">88180.352</dst>
            <dst id="NYCMng">184164.381333333</dst>
            <dst id="SNVAng">16511.0026666667</dst>
            <dst id="STTLng">63141.888</dst>
            <dst id="WASHng">251133.288</dst>
        </src>
    </IntraTM>
</TrafficMatrixFile>
