<?xml version="1.0" encoding="ISO-8859-1" standalone="yes"?>
<TrafficMatrixFile xsi:noNamespaceSchemaLocation="http://totem.run.montefiore.ulg.ac.be/Schema/TrafficMatrix-v1_2.xsd" xmlns:xsi="http://www.w3.org/2001/XMLSchema-instance">
    <IntraTM ASID="11537">
        <src id="ATLA-M5">
            <dst id="ATLA-M5">0</dst>
            <dst id="ATLAng">997.650666666667</dst>
            <dst id="CHINng">1460.38933333333</dst>
            <dst id="DNVRng">540.069333333333</dst>
            <dst id="HSTNng">191.906666666667</dst>
            <dst id="IPLSng">1423.488</dst>
            <dst id="KSCYng">446.426666666667</dst>
            <dst id="LOSAng">231.165333333333</dst>
            <dst id="NYCMng">1314.86133333333</dst>
            <dst id="SNVAng">475.157333333333</dst>
            <dst id="STTLng">566.925333333333</dst>
            <dst id="WASHng">1280.816</dst>
        </src>
        <src id="ATLAng">
            <dst id="ATLA-M5">833.88</dst>
            <dst id="ATLAng">40237.048</dst>
            <dst id="CHINng">20105.432</dst>
            <dst id="DNVRng">5282.02133333333</dst>
            <dst id="HSTNng">8270.208</dst>
            <dst id="IPLSng">20934.5253333333</dst>
            <dst id="KSCYng">6128.99733333333</dst>
            <dst id="LOSAng">24165.8986666667</dst>
            <dst id="NYCMng">12037.0533333333</dst>
            <dst id="SNVAng">756.376</dst>
            <dst id="STTLng">17154.5066666667</dst>
            <dst id="WASHng">41809.352</dst>
        </src>
        <src id="CHINng">
            <dst id="ATLA-M5">1765.832</dst>
            <dst id="ATLAng">27484.8586666667</dst>
            <dst id="CHINng">80432.3973333333</dst>
            <dst id="DNVRng">16571.2613333333</dst>
            <dst id="HSTNng">18716.2533333333</dst>
            <dst id="IPLSng">52858.5146666667</dst>
            <dst id="KSCYng">15164.6933333333</dst>
            <dst id="LOSAng">82770.4933333333</dst>
            <dst id="NYCMng">11684.7466666667</dst>
            <dst id="SNVAng">6233.85866666667</dst>
            <dst id="STTLng">21729.456</dst>
            <dst id="WASHng">42869.0746666667</dst>
        </src>
        <src id="DNVRng">
            <dst id="ATLA-M5">331.592</dst>
            <dst id="ATLAng">6141.71466666667</dst>
            <dst id="CHINng">41043.2106666667</dst>
            <dst id="DNVRng">10983.6693333333</dst>
            <dst id="HSTNng">16309.3413333333</dst>
            <dst id="IPLSng">14059.4933333333</dst>
            <dst id="KSCYng">25205.152</dst>
            <dst id="LOSAng">12928.5866666667</dst>
            <dst id="NYCMng">18153.9093333333</dst>
            <dst id="SNVAng">10924.8746666667</dst>
            <dst id="STTLng">29744.8773333333</dst>
            <dst id="WASHng">26306.7253333333</dst>
        </src>
        <src id="HSTNng">
            <dst id="ATLA-M5">2915.29333333333</dst>
            <dst id="ATLAng">8379.37066666667</dst>
            <dst id="CHINng">10131.0373333333</dst>
            <dst id="DNVRng">1353.17866666667</dst>
            <dst id="HSTNng">18846.2746666667</dst>
            <dst id="IPLSng">3945.72266666667</dst>
            <dst id="KSCYng">10080.1733333333</dst>
            <dst id="LOSAng">9940.95733333333</dst>
            <dst id="NYCMng">3712.536</dst>
            <dst id="SNVAng">162.986666666667</dst>
            <dst id="STTLng">6031.93066666667</dst>
            <dst id="WASHng">16130.4666666667</dst>
        </src>
        <src id="IPLSng">
            <dst id="ATLA-M5">704.752</dst>
            <dst id="ATLAng">12073.8693333333</dst>
            <dst id="CHINng">42567.528</dst>
            <dst id="DNVRng">14802.3413333333</dst>
            <dst id="HSTNng">13485.096</dst>
            <dst id="IPLSng">16531.7706666667</dst>
            <dst id="KSCYng">13126.6106666667</dst>
            <dst id="LOSAng">20076.128</dst>
            <dst id="NYCMng">11413.12</dst>
            <dst id="SNVAng">1840.51733333333</dst>
            <dst id="STTLng">33710.3626666667</dst>
            <dst id="WASHng">29336.2933333333</dst>
        </src>
        <src id="KSCYng">
            <dst id="ATLA-M5">242.610666666667</dst>
            <dst id="ATLAng">12021.424</dst>
            <dst id="CHINng">19663.968</dst>
            <dst id="DNVRng">8260.18133333333</dst>
            <dst id="HSTNng">5128.12533333333</dst>
            <dst id="IPLSng">18964.064</dst>
            <dst id="KSCYng">14603.9226666667</dst>
            <dst id="LOSAng">5138.65866666667</dst>
            <dst id="NYCMng">8868.856</dst>
            <dst id="SNVAng">2681.20266666667</dst>
            <dst id="STTLng">14777.6373333333</dst>
            <dst id="WASHng">16826.4106666667</dst>
        </src>
        <src id="LOSAng">
            <dst id="ATLA-M5">348.290666666667</dst>
            <dst id="ATLAng">17423.216</dst>
            <dst id="CHINng">6397770.13333333</dst>
            <dst id="DNVRng">19204.9866666667</dst>
            <dst id="HSTNng">10465.7493333333</dst>
            <dst id="IPLSng">36725.0213333333</dst>
            <dst id="KSCYng">8020.72266666667</dst>
            <dst id="LOSAng">13061.9973333333</dst>
            <dst id="NYCMng">53991.2106666667</dst>
            <dst id="SNVAng">25386.4933333333</dst>
            <dst id="STTLng">71086.1866666667</dst>
            <dst id="WASHng">59515.5733333333</dst>
        </src>
        <src id="NYCMng">
            <dst id="ATLA-M5">3489.12533333333</dst>
            <dst id="ATLAng">29864.4</dst>
            <dst id="CHINng">28578.472</dst>
            <dst id="DNVRng">22691.0613333333</dst>
            <dst id="HSTNng">12406.12</dst>
            <dst id="IPLSng">36449.5653333333</dst>
            <dst id="KSCYng">13816.8693333333</dst>
            <dst id="LOSAng">75006.4133333333</dst>
            <dst id="NYCMng">97399.088</dst>
            <dst id="SNVAng">3854.384</dst>
            <dst id="STTLng">30134.376</dst>
            <dst id="WASHng">100965.992</dst>
        </src>
        <src id="SNVAng">
            <dst id="ATLA-M5">0</dst>
            <dst id="ATLAng">54.7733333333333</dst>
            <dst id="CHINng">26.6666666666667</dst>
            <dst id="DNVRng">6625.55466666667</dst>
            <dst id="HSTNng">0</dst>
            <dst id="IPLSng">1883.248</dst>
            <dst id="KSCYng">53.3333333333333</dst>
            <dst id="LOSAng">10120.8026666667</dst>
            <dst id="NYCMng">32.5093333333333</dst>
            <dst id="SNVAng">37139.5146666667</dst>
            <dst id="STTLng">27531.0666666667</dst>
            <dst id="WASHng">26.6666666666667</dst>
        </src>
        <src id="STTLng">
            <dst id="ATLA-M5">1799.472</dst>
            <dst id="ATLAng">31827.9173333333</dst>
            <dst id="CHINng">45158.6773333333</dst>
            <dst id="DNVRng">16456.488</dst>
            <dst id="HSTNng">9360.52266666667</dst>
            <dst id="IPLSng">42122.384</dst>
            <dst id="KSCYng">25653.7546666667</dst>
            <dst id="LOSAng">52994.9173333334</dst>
            <dst id="NYCMng">16361.48</dst>
            <dst id="SNVAng">7039.33866666667</dst>
            <dst id="STTLng">33870.3413333334</dst>
            <dst id="WASHng">36731.04</dst>
        </src>
        <src id="WASHng">
            <dst id="ATLA-M5">4297.432</dst>
            <dst id="ATLAng">138594.866666667</dst>
            <dst id="CHINng">78860.7226666667</dst>
            <dst id="DNVRng">72299.584</dst>
            <dst id="HSTNng">34296.248</dst>
            <dst id="IPLSng">45105.9226666667</dst>
            <dst id="KSCYng">22040.048</dst>
            <dst id="LOSAng">102300.314666667</dst>
            <dst id="NYCMng">203748.888</dst>
            <dst id="SNVAng">8971.456</dst>
            <dst id="STTLng">45188.5386666667</dst>
            <dst id="WASHng">210414.469333333</dst>
        </src>
    </IntraTM>
</TrafficMatrixFile>
