<?xml version="1.0" encoding="ISO-8859-1" standalone="yes"?>
<TrafficMatrixFile xsi:noNamespaceSchemaLocation="http://totem.run.montefiore.ulg.ac.be/Schema/TrafficMatrix-v1_2.xsd" xmlns:xsi="http://www.w3.org/2001/XMLSchema-instance">
    <IntraTM ASID="11537">
        <src id="ATLA-M5">
            <dst id="ATLA-M5">0</dst>
            <dst id="ATLAng">493.096</dst>
            <dst id="CHINng">1002.896</dst>
            <dst id="DNVRng">26.6666666666667</dst>
            <dst id="HSTNng">57.9493333333333</dst>
            <dst id="IPLSng">1570.25066666667</dst>
            <dst id="KSCYng">0</dst>
            <dst id="LOSAng">53.3333333333333</dst>
            <dst id="NYCMng">122.810666666667</dst>
            <dst id="SNVAng">0</dst>
            <dst id="STTLng">543.064</dst>
            <dst id="WASHng">5196.544</dst>
        </src>
        <src id="ATLAng">
            <dst id="ATLA-M5">121.338666666667</dst>
            <dst id="ATLAng">31459.1093333333</dst>
            <dst id="CHINng">9300.47466666667</dst>
            <dst id="DNVRng">3149.936</dst>
            <dst id="HSTNng">1627.072</dst>
            <dst id="IPLSng">15495.6933333333</dst>
            <dst id="KSCYng">669.005333333333</dst>
            <dst id="LOSAng">25379.3933333333</dst>
            <dst id="NYCMng">6326.8</dst>
            <dst id="SNVAng">5073.868</dst>
            <dst id="STTLng">14296.896</dst>
            <dst id="WASHng">48210.36</dst>
        </src>
        <src id="CHINng">
            <dst id="ATLA-M5">629.722666666667</dst>
            <dst id="ATLAng">16756.5306666667</dst>
            <dst id="CHINng">101697.133333333</dst>
            <dst id="DNVRng">7252.34666666667</dst>
            <dst id="HSTNng">6165.34933333333</dst>
            <dst id="IPLSng">86156.728</dst>
            <dst id="KSCYng">12918.72</dst>
            <dst id="LOSAng">29308.0426666667</dst>
            <dst id="NYCMng">11342.744</dst>
            <dst id="SNVAng">2120.69866666667</dst>
            <dst id="STTLng">22826.0853333333</dst>
            <dst id="WASHng">15742.208</dst>
        </src>
        <src id="DNVRng">
            <dst id="ATLA-M5">125.802666666667</dst>
            <dst id="ATLAng">7858.784</dst>
            <dst id="CHINng">51956.5786666667</dst>
            <dst id="DNVRng">6141.24266666667</dst>
            <dst id="HSTNng">10896.7626666667</dst>
            <dst id="IPLSng">12396.7653333333</dst>
            <dst id="KSCYng">10867.2986666667</dst>
            <dst id="LOSAng">17244.2293333333</dst>
            <dst id="NYCMng">4924.35466666667</dst>
            <dst id="SNVAng">7061.82933333333</dst>
            <dst id="STTLng">12224.152</dst>
            <dst id="WASHng">22043.0586666667</dst>
        </src>
        <src id="HSTNng">
            <dst id="ATLA-M5">3583.61866666667</dst>
            <dst id="ATLAng">7450.83466666667</dst>
            <dst id="CHINng">11743.512</dst>
            <dst id="DNVRng">834.098666666667</dst>
            <dst id="HSTNng">14028.6293333333</dst>
            <dst id="IPLSng">1978.57866666667</dst>
            <dst id="KSCYng">4081.152</dst>
            <dst id="LOSAng">4807.09866666667</dst>
            <dst id="NYCMng">2567.32266666667</dst>
            <dst id="SNVAng">194.269333333333</dst>
            <dst id="STTLng">4050.80266666667</dst>
            <dst id="WASHng">3417.85333333333</dst>
        </src>
        <src id="IPLSng">
            <dst id="ATLA-M5">252.469333333333</dst>
            <dst id="ATLAng">9177.53333333333</dst>
            <dst id="CHINng">79319.744</dst>
            <dst id="DNVRng">13304.384</dst>
            <dst id="HSTNng">1980.024</dst>
            <dst id="IPLSng">6858.91466666667</dst>
            <dst id="KSCYng">4756.816</dst>
            <dst id="LOSAng">14189.1733333333</dst>
            <dst id="NYCMng">8405.256</dst>
            <dst id="SNVAng">330.477333333333</dst>
            <dst id="STTLng">23332.36</dst>
            <dst id="WASHng">20570.592</dst>
        </src>
        <src id="KSCYng">
            <dst id="ATLA-M5">47.2986666666667</dst>
            <dst id="ATLAng">6028.928</dst>
            <dst id="CHINng">24685.4746666667</dst>
            <dst id="DNVRng">6654.05866666667</dst>
            <dst id="HSTNng">13888.416</dst>
            <dst id="IPLSng">11394.888</dst>
            <dst id="KSCYng">6023.16</dst>
            <dst id="LOSAng">5211.152</dst>
            <dst id="NYCMng">2411.51733333333</dst>
            <dst id="SNVAng">2110.568</dst>
            <dst id="STTLng">10977.7466666667</dst>
            <dst id="WASHng">11048.0533333333</dst>
        </src>
        <src id="LOSAng">
            <dst id="ATLA-M5">133.792</dst>
            <dst id="ATLAng">27498.0666666667</dst>
            <dst id="CHINng">133783.304</dst>
            <dst id="DNVRng">7504.68533333333</dst>
            <dst id="HSTNng">3374.096</dst>
            <dst id="IPLSng">12726.6933333333</dst>
            <dst id="KSCYng">2164</dst>
            <dst id="LOSAng">8494.58666666667</dst>
            <dst id="NYCMng">47205.0906666667</dst>
            <dst id="SNVAng">31113.296</dst>
            <dst id="STTLng">57521.0533333333</dst>
            <dst id="WASHng">49362.4186666667</dst>
        </src>
        <src id="NYCMng">
            <dst id="ATLA-M5">298.570666666667</dst>
            <dst id="ATLAng">32254.8613333333</dst>
            <dst id="CHINng">31111.0213333333</dst>
            <dst id="DNVRng">9387.67466666667</dst>
            <dst id="HSTNng">3897.14666666667</dst>
            <dst id="IPLSng">17315.4266666667</dst>
            <dst id="KSCYng">8686.07466666667</dst>
            <dst id="LOSAng">48826.1893333333</dst>
            <dst id="NYCMng">90411.5493333333</dst>
            <dst id="SNVAng">1054.968</dst>
            <dst id="STTLng">26491.8186666667</dst>
            <dst id="WASHng">65692.4133333333</dst>
        </src>
        <src id="SNVAng">
            <dst id="ATLA-M5">0</dst>
            <dst id="ATLAng">260.389333333333</dst>
            <dst id="CHINng">53.3333333333333</dst>
            <dst id="DNVRng">728.642666666667</dst>
            <dst id="HSTNng">0</dst>
            <dst id="IPLSng">323.317333333333</dst>
            <dst id="KSCYng">0</dst>
            <dst id="LOSAng">9725.32266666667</dst>
            <dst id="NYCMng">69.6293333333333</dst>
            <dst id="SNVAng">10427.4053333333</dst>
            <dst id="STTLng">21067.0853333333</dst>
            <dst id="WASHng">80</dst>
        </src>
        <src id="STTLng">
            <dst id="ATLA-M5">270.733333333333</dst>
            <dst id="ATLAng">30845.128</dst>
            <dst id="CHINng">45395.4426666667</dst>
            <dst id="DNVRng">2379.584</dst>
            <dst id="HSTNng">8122.992</dst>
            <dst id="IPLSng">33577.216</dst>
            <dst id="KSCYng">12937.688</dst>
            <dst id="LOSAng">30402.8693333333</dst>
            <dst id="NYCMng">16930.4506666667</dst>
            <dst id="SNVAng">914.424</dst>
            <dst id="STTLng">13519.7466666667</dst>
            <dst id="WASHng">48771.616</dst>
        </src>
        <src id="WASHng">
            <dst id="ATLA-M5">431.976</dst>
            <dst id="ATLAng">148875.090666667</dst>
            <dst id="CHINng">70054.36</dst>
            <dst id="DNVRng">59124.768</dst>
            <dst id="HSTNng">21963.2453333333</dst>
            <dst id="IPLSng">29762.512</dst>
            <dst id="KSCYng">28437.144</dst>
            <dst id="LOSAng">58298.7546666667</dst>
            <dst id="NYCMng">117058.389333333</dst>
            <dst id="SNVAng">3499.00266666667</dst>
            <dst id="STTLng">76256.448</dst>
            <dst id="WASHng">225521.432</dst>
        </src>
    </IntraTM>
</TrafficMatrixFile>
