<?xml version="1.0" encoding="ISO-8859-1" standalone="yes"?>
<TrafficMatrixFile xsi:noNamespaceSchemaLocation="http://totem.run.montefiore.ulg.ac.be/Schema/TrafficMatrix-v1_2.xsd" xmlns:xsi="http://www.w3.org/2001/XMLSchema-instance">
    <IntraTM ASID="11537">
        <src id="ATLA-M5">
            <dst id="ATLA-M5">0</dst>
            <dst id="ATLAng">550.605333333333</dst>
            <dst id="CHINng">1974.07733333333</dst>
            <dst id="DNVRng">1035.05333333333</dst>
            <dst id="HSTNng">142.898666666667</dst>
            <dst id="IPLSng">543.933333333334</dst>
            <dst id="KSCYng">231.666666666667</dst>
            <dst id="LOSAng">613.376</dst>
            <dst id="NYCMng">1579.33066666667</dst>
            <dst id="SNVAng">121.493333333333</dst>
            <dst id="STTLng">638.077333333333</dst>
            <dst id="WASHng">1502.656</dst>
        </src>
        <src id="ATLAng">
            <dst id="ATLA-M5">244.706666666667</dst>
            <dst id="ATLAng">39344.6</dst>
            <dst id="CHINng">17280.6293333333</dst>
            <dst id="DNVRng">6838.85333333333</dst>
            <dst id="HSTNng">9110.056</dst>
            <dst id="IPLSng">17742.912</dst>
            <dst id="KSCYng">3979.86933333333</dst>
            <dst id="LOSAng">13845.6866666667</dst>
            <dst id="NYCMng">7126.67733333333</dst>
            <dst id="SNVAng">238.094666666667</dst>
            <dst id="STTLng">9460.93066666667</dst>
            <dst id="WASHng">49207.7493333333</dst>
        </src>
        <src id="CHINng">
            <dst id="ATLA-M5">511.336</dst>
            <dst id="ATLAng">20071.768</dst>
            <dst id="CHINng">129576.344</dst>
            <dst id="DNVRng">11268.096</dst>
            <dst id="HSTNng">11704.272</dst>
            <dst id="IPLSng">46605.288</dst>
            <dst id="KSCYng">17976.3653333333</dst>
            <dst id="LOSAng">32601.4373333333</dst>
            <dst id="NYCMng">18071.536</dst>
            <dst id="SNVAng">2882.33066666667</dst>
            <dst id="STTLng">20758.9466666667</dst>
            <dst id="WASHng">18409.5626666667</dst>
        </src>
        <src id="DNVRng">
            <dst id="ATLA-M5">1017.552</dst>
            <dst id="ATLAng">3096.98133333333</dst>
            <dst id="CHINng">66956.2586666667</dst>
            <dst id="DNVRng">17333.9013333333</dst>
            <dst id="HSTNng">16737.288</dst>
            <dst id="IPLSng">9371.70666666667</dst>
            <dst id="KSCYng">25352.3893333333</dst>
            <dst id="LOSAng">7263.96266666667</dst>
            <dst id="NYCMng">6972.72</dst>
            <dst id="SNVAng">33869.8026666667</dst>
            <dst id="STTLng">27992.7866666667</dst>
            <dst id="WASHng">26968.904</dst>
        </src>
        <src id="HSTNng">
            <dst id="ATLA-M5">2876.70933333333</dst>
            <dst id="ATLAng">4822.98666666667</dst>
            <dst id="CHINng">16808.336</dst>
            <dst id="DNVRng">3338.55733333333</dst>
            <dst id="HSTNng">18682.5626666667</dst>
            <dst id="IPLSng">2040.70133333333</dst>
            <dst id="KSCYng">10408.984</dst>
            <dst id="LOSAng">4243.056</dst>
            <dst id="NYCMng">3738.55733333333</dst>
            <dst id="SNVAng">71.8133333333333</dst>
            <dst id="STTLng">6666.34666666667</dst>
            <dst id="WASHng">14915.056</dst>
        </src>
        <src id="IPLSng">
            <dst id="ATLA-M5">909.930666666667</dst>
            <dst id="ATLAng">5030.23733333333</dst>
            <dst id="CHINng">75357.4053333333</dst>
            <dst id="DNVRng">4417.22933333333</dst>
            <dst id="HSTNng">5268.68533333333</dst>
            <dst id="IPLSng">9727.05866666667</dst>
            <dst id="KSCYng">2764.688</dst>
            <dst id="LOSAng">20323.6293333333</dst>
            <dst id="NYCMng">8117.272</dst>
            <dst id="SNVAng">979.781333333333</dst>
            <dst id="STTLng">28117.848</dst>
            <dst id="WASHng">27498.6373333333</dst>
        </src>
        <src id="KSCYng">
            <dst id="ATLA-M5">241.810666666667</dst>
            <dst id="ATLAng">5592.09866666667</dst>
            <dst id="CHINng">30223.1066666667</dst>
            <dst id="DNVRng">8361.01066666667</dst>
            <dst id="HSTNng">3022.62933333333</dst>
            <dst id="IPLSng">19528.0693333333</dst>
            <dst id="KSCYng">18215.0293333333</dst>
            <dst id="LOSAng">4924.888</dst>
            <dst id="NYCMng">7978.78666666667</dst>
            <dst id="SNVAng">2454.63466666667</dst>
            <dst id="STTLng">8602.25066666667</dst>
            <dst id="WASHng">11908.2213333333</dst>
        </src>
        <src id="LOSAng">
            <dst id="ATLA-M5">179.341333333333</dst>
            <dst id="ATLAng">11973.832</dst>
            <dst id="CHINng">85825.728</dst>
            <dst id="DNVRng">8138.00533333334</dst>
            <dst id="HSTNng">2298.16533333333</dst>
            <dst id="IPLSng">23102.4186666667</dst>
            <dst id="KSCYng">7102.928</dst>
            <dst id="LOSAng">14435.8293333333</dst>
            <dst id="NYCMng">28041.4853333333</dst>
            <dst id="SNVAng">19608.9013333333</dst>
            <dst id="STTLng">48450.1333333333</dst>
            <dst id="WASHng">38198.3226666667</dst>
        </src>
        <src id="NYCMng">
            <dst id="ATLA-M5">2206.12266666667</dst>
            <dst id="ATLAng">23887.7546666667</dst>
            <dst id="CHINng">35537.904</dst>
            <dst id="DNVRng">22700.728</dst>
            <dst id="HSTNng">8187.384</dst>
            <dst id="IPLSng">25369.5573333333</dst>
            <dst id="KSCYng">9623.64266666667</dst>
            <dst id="LOSAng">44187.7066666667</dst>
            <dst id="NYCMng">96644.248</dst>
            <dst id="SNVAng">1656.2</dst>
            <dst id="STTLng">26001.944</dst>
            <dst id="WASHng">52370.5786666667</dst>
        </src>
        <src id="SNVAng">
            <dst id="ATLA-M5">0</dst>
            <dst id="ATLAng">0</dst>
            <dst id="CHINng">53.3333333333333</dst>
            <dst id="DNVRng">1079.46133333333</dst>
            <dst id="HSTNng">96.4266666666667</dst>
            <dst id="IPLSng">406.125333333333</dst>
            <dst id="KSCYng">0</dst>
            <dst id="LOSAng">5328.168</dst>
            <dst id="NYCMng">173.453333333333</dst>
            <dst id="SNVAng">5554.76266666667</dst>
            <dst id="STTLng">21235.152</dst>
            <dst id="WASHng">0</dst>
        </src>
        <src id="STTLng">
            <dst id="ATLA-M5">369.626666666667</dst>
            <dst id="ATLAng">10324.2533333333</dst>
            <dst id="CHINng">32829.44</dst>
            <dst id="DNVRng">5368.744</dst>
            <dst id="HSTNng">3047.69866666667</dst>
            <dst id="IPLSng">8565.528</dst>
            <dst id="KSCYng">5276.256</dst>
            <dst id="LOSAng">47862.432</dst>
            <dst id="NYCMng">7729.75733333333</dst>
            <dst id="SNVAng">2721.89333333333</dst>
            <dst id="STTLng">28832.6906666667</dst>
            <dst id="WASHng">13572.456</dst>
        </src>
        <src id="WASHng">
            <dst id="ATLA-M5">319.538666666667</dst>
            <dst id="ATLAng">103149.888</dst>
            <dst id="CHINng">84078.552</dst>
            <dst id="DNVRng">66021.9813333333</dst>
            <dst id="HSTNng">39043.5546666667</dst>
            <dst id="IPLSng">49209.152</dst>
            <dst id="KSCYng">31031.064</dst>
            <dst id="LOSAng">80772.9866666667</dst>
            <dst id="NYCMng">123752.448</dst>
            <dst id="SNVAng">6048.55466666667</dst>
            <dst id="STTLng">46116.3093333333</dst>
            <dst id="WASHng">244830.874666667</dst>
        </src>
    </IntraTM>
</TrafficMatrixFile>
