<?xml version="1.0" encoding="ISO-8859-1" standalone="yes"?>
<TrafficMatrixFile xsi:noNamespaceSchemaLocation="http://totem.run.montefiore.ulg.ac.be/Schema/TrafficMatrix-v1_2.xsd" xmlns:xsi="http://www.w3.org/2001/XMLSchema-instance">
    <IntraTM ASID="11537">
        <src id="ATLA-M5">
            <dst id="ATLA-M5">0</dst>
            <dst id="ATLAng">444.896</dst>
            <dst id="CHINng">1046.69333333333</dst>
            <dst id="DNVRng">428.421333333333</dst>
            <dst id="HSTNng">257.274666666667</dst>
            <dst id="IPLSng">1044.85866666667</dst>
            <dst id="KSCYng">132.192</dst>
            <dst id="LOSAng">206.876</dst>
            <dst id="NYCMng">106.666666666667</dst>
            <dst id="SNVAng">421.681333333333</dst>
            <dst id="STTLng">328.256</dst>
            <dst id="WASHng">1229.816</dst>
        </src>
        <src id="ATLAng">
            <dst id="ATLA-M5">1129.224</dst>
            <dst id="ATLAng">40356.1306666667</dst>
            <dst id="CHINng">10682.3653333333</dst>
            <dst id="DNVRng">3422.312</dst>
            <dst id="HSTNng">2362.31733333333</dst>
            <dst id="IPLSng">29214.8853333333</dst>
            <dst id="KSCYng">2809.34133333333</dst>
            <dst id="LOSAng">19956.8506666667</dst>
            <dst id="NYCMng">10566.5066666667</dst>
            <dst id="SNVAng">5732.25866666667</dst>
            <dst id="STTLng">11538.4426666667</dst>
            <dst id="WASHng">49853.7066666667</dst>
        </src>
        <src id="CHINng">
            <dst id="ATLA-M5">980.792</dst>
            <dst id="ATLAng">16227.896</dst>
            <dst id="CHINng">95831.16</dst>
            <dst id="DNVRng">8761.41066666666</dst>
            <dst id="HSTNng">10739.32</dst>
            <dst id="IPLSng">41411.8133333333</dst>
            <dst id="KSCYng">11076.6133333333</dst>
            <dst id="LOSAng">43625.832</dst>
            <dst id="NYCMng">11660.9226666667</dst>
            <dst id="SNVAng">5561.17866666666</dst>
            <dst id="STTLng">12028.976</dst>
            <dst id="WASHng">26729.9733333333</dst>
        </src>
        <src id="DNVRng">
            <dst id="ATLA-M5">126.266666666667</dst>
            <dst id="ATLAng">3081.78133333333</dst>
            <dst id="CHINng">85292.0026666667</dst>
            <dst id="DNVRng">12873.52</dst>
            <dst id="HSTNng">11335.344</dst>
            <dst id="IPLSng">12697.9333333333</dst>
            <dst id="KSCYng">15248.9413333333</dst>
            <dst id="LOSAng">9539.16266666667</dst>
            <dst id="NYCMng">13256.6773333333</dst>
            <dst id="SNVAng">9041.91733333333</dst>
            <dst id="STTLng">21138.4373333333</dst>
            <dst id="WASHng">24164.144</dst>
        </src>
        <src id="HSTNng">
            <dst id="ATLA-M5">4401.10666666667</dst>
            <dst id="ATLAng">3735.12</dst>
            <dst id="CHINng">24545.0986666667</dst>
            <dst id="DNVRng">1098.89866666667</dst>
            <dst id="HSTNng">22472.6026666667</dst>
            <dst id="IPLSng">6441.02933333333</dst>
            <dst id="KSCYng">7565.448</dst>
            <dst id="LOSAng">5328.784</dst>
            <dst id="NYCMng">1283.536</dst>
            <dst id="SNVAng">159.525333333333</dst>
            <dst id="STTLng">2735.768</dst>
            <dst id="WASHng">4655.592</dst>
        </src>
        <src id="IPLSng">
            <dst id="ATLA-M5">387.106666666667</dst>
            <dst id="ATLAng">11369.68</dst>
            <dst id="CHINng">62455.9466666667</dst>
            <dst id="DNVRng">21389.3013333333</dst>
            <dst id="HSTNng">1042.78933333333</dst>
            <dst id="IPLSng">28150.2026666667</dst>
            <dst id="KSCYng">9888.64</dst>
            <dst id="LOSAng">18105.1413333333</dst>
            <dst id="NYCMng">4531.8</dst>
            <dst id="SNVAng">630.965333333333</dst>
            <dst id="STTLng">19120.5386666667</dst>
            <dst id="WASHng">13826.4933333333</dst>
        </src>
        <src id="KSCYng">
            <dst id="ATLA-M5">80.5253333333333</dst>
            <dst id="ATLAng">4000.45866666667</dst>
            <dst id="CHINng">32198.5226666667</dst>
            <dst id="DNVRng">7322.376</dst>
            <dst id="HSTNng">3530.12</dst>
            <dst id="IPLSng">18714.0693333333</dst>
            <dst id="KSCYng">18846.984</dst>
            <dst id="LOSAng">8107.80533333333</dst>
            <dst id="NYCMng">4660.65066666667</dst>
            <dst id="SNVAng">8034.70933333333</dst>
            <dst id="STTLng">5651.67466666667</dst>
            <dst id="WASHng">11125.5253333333</dst>
        </src>
        <src id="LOSAng">
            <dst id="ATLA-M5">271.517333333333</dst>
            <dst id="ATLAng">6767.01066666667</dst>
            <dst id="CHINng">6544981.6</dst>
            <dst id="DNVRng">20202.5146666667</dst>
            <dst id="HSTNng">3992.96266666667</dst>
            <dst id="IPLSng">8171.06133333333</dst>
            <dst id="KSCYng">6988.63733333333</dst>
            <dst id="LOSAng">24006.3786666667</dst>
            <dst id="NYCMng">47219.672</dst>
            <dst id="SNVAng">18903.7893333333</dst>
            <dst id="STTLng">61569.6906666666</dst>
            <dst id="WASHng">42531.2826666667</dst>
        </src>
        <src id="NYCMng">
            <dst id="ATLA-M5">980.032</dst>
            <dst id="ATLAng">17937.528</dst>
            <dst id="CHINng">28990.104</dst>
            <dst id="DNVRng">21392.408</dst>
            <dst id="HSTNng">8970.44533333333</dst>
            <dst id="IPLSng">13146.0453333333</dst>
            <dst id="KSCYng">6891.248</dst>
            <dst id="LOSAng">53748.1866666667</dst>
            <dst id="NYCMng">113482.986666667</dst>
            <dst id="SNVAng">1053.688</dst>
            <dst id="STTLng">24584.1573333333</dst>
            <dst id="WASHng">49813.9013333333</dst>
        </src>
        <src id="SNVAng">
            <dst id="ATLA-M5">0</dst>
            <dst id="ATLAng">382.986666666667</dst>
            <dst id="CHINng">106.666666666667</dst>
            <dst id="DNVRng">571.234666666667</dst>
            <dst id="HSTNng">26.6666666666667</dst>
            <dst id="IPLSng">258.602666666667</dst>
            <dst id="KSCYng">0</dst>
            <dst id="LOSAng">8631.976</dst>
            <dst id="NYCMng">26.6666666666667</dst>
            <dst id="SNVAng">8726.81866666667</dst>
            <dst id="STTLng">16519.9573333333</dst>
            <dst id="WASHng">106.666666666667</dst>
        </src>
        <src id="STTLng">
            <dst id="ATLA-M5">280.448</dst>
            <dst id="ATLAng">12214.7626666667</dst>
            <dst id="CHINng">34967.0666666667</dst>
            <dst id="DNVRng">4512.952</dst>
            <dst id="HSTNng">3375.616</dst>
            <dst id="IPLSng">11236.112</dst>
            <dst id="KSCYng">3624.29333333333</dst>
            <dst id="LOSAng">38789.7573333333</dst>
            <dst id="NYCMng">6817.75466666667</dst>
            <dst id="SNVAng">1793.288</dst>
            <dst id="STTLng">19516.056</dst>
            <dst id="WASHng">7866.84533333333</dst>
        </src>
        <src id="WASHng">
            <dst id="ATLA-M5">769.170666666667</dst>
            <dst id="ATLAng">119905.834666667</dst>
            <dst id="CHINng">83583.912</dst>
            <dst id="DNVRng">60749.6853333333</dst>
            <dst id="HSTNng">34809.9573333333</dst>
            <dst id="IPLSng">47434.744</dst>
            <dst id="KSCYng">23537.2986666667</dst>
            <dst id="LOSAng">69451.1386666667</dst>
            <dst id="NYCMng">115784.634666667</dst>
            <dst id="SNVAng">2194.76266666667</dst>
            <dst id="STTLng">37878.776</dst>
            <dst id="WASHng">305285.093333333</dst>
        </src>
    </IntraTM>
</TrafficMatrixFile>
