<?xml version="1.0" encoding="ISO-8859-1" standalone="yes"?>
<TrafficMatrixFile xsi:noNamespaceSchemaLocation="http://totem.run.montefiore.ulg.ac.be/Schema/TrafficMatrix-v1_2.xsd" xmlns:xsi="http://www.w3.org/2001/XMLSchema-instance">
    <IntraTM ASID="11537">
        <src id="ATLA-M5">
            <dst id="ATLA-M5">180.994666666667</dst>
            <dst id="ATLAng">1070.77066666667</dst>
            <dst id="CHINng">1773.35466666667</dst>
            <dst id="DNVRng">119.696</dst>
            <dst id="HSTNng">916.392</dst>
            <dst id="IPLSng">605.066666666667</dst>
            <dst id="KSCYng">337.976</dst>
            <dst id="LOSAng">168.664</dst>
            <dst id="NYCMng">672.205333333333</dst>
            <dst id="SNVAng">0</dst>
            <dst id="STTLng">1352.45066666667</dst>
            <dst id="WASHng">1946.968</dst>
        </src>
        <src id="ATLAng">
            <dst id="ATLA-M5">442.568</dst>
            <dst id="ATLAng">45782.616</dst>
            <dst id="CHINng">23668.6746666667</dst>
            <dst id="DNVRng">3074.92266666667</dst>
            <dst id="HSTNng">32591.0053333333</dst>
            <dst id="IPLSng">20972.4666666667</dst>
            <dst id="KSCYng">8417.57066666667</dst>
            <dst id="LOSAng">17097.2813333333</dst>
            <dst id="NYCMng">23924.5893333333</dst>
            <dst id="SNVAng">1320.708</dst>
            <dst id="STTLng">22260.44</dst>
            <dst id="WASHng">60384.3973333333</dst>
        </src>
        <src id="CHINng">
            <dst id="ATLA-M5">1467.43733333333</dst>
            <dst id="ATLAng">35157.9493333333</dst>
            <dst id="CHINng">138805.973333333</dst>
            <dst id="DNVRng">14351.8746666667</dst>
            <dst id="HSTNng">18062.6293333333</dst>
            <dst id="IPLSng">113888.312</dst>
            <dst id="KSCYng">23037.5386666667</dst>
            <dst id="LOSAng">159179.930666667</dst>
            <dst id="NYCMng">28364.6266666667</dst>
            <dst id="SNVAng">6080.712</dst>
            <dst id="STTLng">40221.416</dst>
            <dst id="WASHng">45196.8373333333</dst>
        </src>
        <src id="DNVRng">
            <dst id="ATLA-M5">630.2</dst>
            <dst id="ATLAng">10131.0346666667</dst>
            <dst id="CHINng">63079.9573333333</dst>
            <dst id="DNVRng">11377.9466666667</dst>
            <dst id="HSTNng">22896.784</dst>
            <dst id="IPLSng">32162.1546666667</dst>
            <dst id="KSCYng">16954.9253333333</dst>
            <dst id="LOSAng">17458.2373333333</dst>
            <dst id="NYCMng">11857.3653333333</dst>
            <dst id="SNVAng">18298.1253333333</dst>
            <dst id="STTLng">30369.304</dst>
            <dst id="WASHng">31902.816</dst>
        </src>
        <src id="HSTNng">
            <dst id="ATLA-M5">618.786666666667</dst>
            <dst id="ATLAng">6202.78933333333</dst>
            <dst id="CHINng">22859.2373333333</dst>
            <dst id="DNVRng">4438.42933333333</dst>
            <dst id="HSTNng">22483.4</dst>
            <dst id="IPLSng">5866.672</dst>
            <dst id="KSCYng">10496.5493333333</dst>
            <dst id="LOSAng">4511.65066666667</dst>
            <dst id="NYCMng">4548.608</dst>
            <dst id="SNVAng">894.501333333333</dst>
            <dst id="STTLng">13121.5253333333</dst>
            <dst id="WASHng">10835.1573333333</dst>
        </src>
        <src id="IPLSng">
            <dst id="ATLA-M5">682.501333333333</dst>
            <dst id="ATLAng">18386.7706666667</dst>
            <dst id="CHINng">83475.3546666667</dst>
            <dst id="DNVRng">9653.35733333333</dst>
            <dst id="HSTNng">12349.72</dst>
            <dst id="IPLSng">28931.4506666667</dst>
            <dst id="KSCYng">20161.8133333333</dst>
            <dst id="LOSAng">22889.0026666667</dst>
            <dst id="NYCMng">22599.0826666667</dst>
            <dst id="SNVAng">4368.74133333333</dst>
            <dst id="STTLng">31169.9093333333</dst>
            <dst id="WASHng">38995.168</dst>
        </src>
        <src id="KSCYng">
            <dst id="ATLA-M5">635.130666666667</dst>
            <dst id="ATLAng">7790.42666666667</dst>
            <dst id="CHINng">35104.096</dst>
            <dst id="DNVRng">7740.91733333333</dst>
            <dst id="HSTNng">4478.10133333333</dst>
            <dst id="IPLSng">17210.4933333333</dst>
            <dst id="KSCYng">11063.3786666667</dst>
            <dst id="LOSAng">3944.35733333333</dst>
            <dst id="NYCMng">6568.584</dst>
            <dst id="SNVAng">2908.01066666667</dst>
            <dst id="STTLng">15620.9893333333</dst>
            <dst id="WASHng">13369.6186666667</dst>
        </src>
        <src id="LOSAng">
            <dst id="ATLA-M5">297.725333333333</dst>
            <dst id="ATLAng">20718.2266666667</dst>
            <dst id="CHINng">133490.992</dst>
            <dst id="DNVRng">14733.28</dst>
            <dst id="HSTNng">12092.1333333333</dst>
            <dst id="IPLSng">32309.3146666667</dst>
            <dst id="KSCYng">21073.6213333333</dst>
            <dst id="LOSAng">6223.824</dst>
            <dst id="NYCMng">38950.3626666667</dst>
            <dst id="SNVAng">27988.3813333333</dst>
            <dst id="STTLng">70785.04</dst>
            <dst id="WASHng">63525.128</dst>
        </src>
        <src id="NYCMng">
            <dst id="ATLA-M5">1389.072</dst>
            <dst id="ATLAng">66834.8426666667</dst>
            <dst id="CHINng">44555.464</dst>
            <dst id="DNVRng">22088.1386666667</dst>
            <dst id="HSTNng">26140.048</dst>
            <dst id="IPLSng">68108.5546666667</dst>
            <dst id="KSCYng">22686.7626666667</dst>
            <dst id="LOSAng">61847.3146666667</dst>
            <dst id="NYCMng">112637.402666667</dst>
            <dst id="SNVAng">10623.144</dst>
            <dst id="STTLng">22943.9653333333</dst>
            <dst id="WASHng">118370.992</dst>
        </src>
        <src id="SNVAng">
            <dst id="ATLA-M5">0</dst>
            <dst id="ATLAng">130.84</dst>
            <dst id="CHINng">519.936</dst>
            <dst id="DNVRng">8556.50666666667</dst>
            <dst id="HSTNng">111.522666666667</dst>
            <dst id="IPLSng">691.32</dst>
            <dst id="KSCYng">269.437333333333</dst>
            <dst id="LOSAng">8047.30666666667</dst>
            <dst id="NYCMng">119.941333333333</dst>
            <dst id="SNVAng">10711.0266666667</dst>
            <dst id="STTLng">27035.968</dst>
            <dst id="WASHng">270.706666666667</dst>
        </src>
        <src id="STTLng">
            <dst id="ATLA-M5">3731.608</dst>
            <dst id="ATLAng">71156.8053333333</dst>
            <dst id="CHINng">110324.098666667</dst>
            <dst id="DNVRng">37476.52</dst>
            <dst id="HSTNng">47767.808</dst>
            <dst id="IPLSng">101263.298666667</dst>
            <dst id="KSCYng">79513.048</dst>
            <dst id="LOSAng">19711.672</dst>
            <dst id="NYCMng">36377.9973333333</dst>
            <dst id="SNVAng">13806.1653333333</dst>
            <dst id="STTLng">34211.88</dst>
            <dst id="WASHng">124936.098666667</dst>
        </src>
        <src id="WASHng">
            <dst id="ATLA-M5">1985.432</dst>
            <dst id="ATLAng">109417.098666667</dst>
            <dst id="CHINng">124606.685333333</dst>
            <dst id="DNVRng">121430.152</dst>
            <dst id="HSTNng">44723.64</dst>
            <dst id="IPLSng">63754.2693333333</dst>
            <dst id="KSCYng">26879.2613333333</dst>
            <dst id="LOSAng">86134.8533333333</dst>
            <dst id="NYCMng">253311.005333333</dst>
            <dst id="SNVAng">3657.44266666667</dst>
            <dst id="STTLng">62112.7146666667</dst>
            <dst id="WASHng">354586.053333333</dst>
        </src>
    </IntraTM>
</TrafficMatrixFile>
