<?xml version="1.0" encoding="ISO-8859-1" standalone="yes"?>
<TrafficMatrixFile xsi:noNamespaceSchemaLocation="http://totem.run.montefiore.ulg.ac.be/Schema/TrafficMatrix-v1_2.xsd" xmlns:xsi="http://www.w3.org/2001/XMLSchema-instance">
    <IntraTM ASID="11537">
        <src id="ATLA-M5">
            <dst id="ATLA-M5">26.6666666666667</dst>
            <dst id="ATLAng">433.325333333333</dst>
            <dst id="CHINng">957.085333333334</dst>
            <dst id="DNVRng">1410.216</dst>
            <dst id="HSTNng">93.0853333333333</dst>
            <dst id="IPLSng">108.349333333333</dst>
            <dst id="KSCYng">132.021333333333</dst>
            <dst id="LOSAng">194.590666666667</dst>
            <dst id="NYCMng">53.3333333333333</dst>
            <dst id="SNVAng">691.636</dst>
            <dst id="STTLng">211.842666666667</dst>
            <dst id="WASHng">1269.42133333333</dst>
        </src>
        <src id="ATLAng">
            <dst id="ATLA-M5">1136.41066666667</dst>
            <dst id="ATLAng">36616.8373333333</dst>
            <dst id="CHINng">15932.5546666667</dst>
            <dst id="DNVRng">3782.784</dst>
            <dst id="HSTNng">1583.53866666667</dst>
            <dst id="IPLSng">19226.0826666667</dst>
            <dst id="KSCYng">3229.37066666667</dst>
            <dst id="LOSAng">22800.9613333333</dst>
            <dst id="NYCMng">9096.048</dst>
            <dst id="SNVAng">579.924</dst>
            <dst id="STTLng">11437.2533333333</dst>
            <dst id="WASHng">53739.7173333333</dst>
        </src>
        <src id="CHINng">
            <dst id="ATLA-M5">1735.66133333333</dst>
            <dst id="ATLAng">22548.3893333333</dst>
            <dst id="CHINng">89464.488</dst>
            <dst id="DNVRng">13369.912</dst>
            <dst id="HSTNng">13700.5573333333</dst>
            <dst id="IPLSng">54801.576</dst>
            <dst id="KSCYng">12422.552</dst>
            <dst id="LOSAng">48820.2266666667</dst>
            <dst id="NYCMng">12625.8453333333</dst>
            <dst id="SNVAng">5205.87733333333</dst>
            <dst id="STTLng">12923.5973333333</dst>
            <dst id="WASHng">27199.272</dst>
        </src>
        <src id="DNVRng">
            <dst id="ATLA-M5">602.029333333333</dst>
            <dst id="ATLAng">3094.89866666667</dst>
            <dst id="CHINng">91280.512</dst>
            <dst id="DNVRng">16246.672</dst>
            <dst id="HSTNng">12832.7946666667</dst>
            <dst id="IPLSng">10881.8853333333</dst>
            <dst id="KSCYng">19560.1626666667</dst>
            <dst id="LOSAng">8148.24266666667</dst>
            <dst id="NYCMng">8126.98133333333</dst>
            <dst id="SNVAng">11696.8933333333</dst>
            <dst id="STTLng">19865.8693333333</dst>
            <dst id="WASHng">29027.568</dst>
        </src>
        <src id="HSTNng">
            <dst id="ATLA-M5">496.586666666667</dst>
            <dst id="ATLAng">3342.14933333333</dst>
            <dst id="CHINng">21825.184</dst>
            <dst id="DNVRng">927.368</dst>
            <dst id="HSTNng">14321.1013333333</dst>
            <dst id="IPLSng">3638.928</dst>
            <dst id="KSCYng">9157.13066666667</dst>
            <dst id="LOSAng">12370.0186666667</dst>
            <dst id="NYCMng">3819.576</dst>
            <dst id="SNVAng">128.170666666667</dst>
            <dst id="STTLng">3034.40533333333</dst>
            <dst id="WASHng">5176.71733333333</dst>
        </src>
        <src id="IPLSng">
            <dst id="ATLA-M5">637.2</dst>
            <dst id="ATLAng">8834.14666666667</dst>
            <dst id="CHINng">52828.9413333333</dst>
            <dst id="DNVRng">8968.33866666667</dst>
            <dst id="HSTNng">2159.49333333333</dst>
            <dst id="IPLSng">15103.1253333333</dst>
            <dst id="KSCYng">9864.208</dst>
            <dst id="LOSAng">13043.664</dst>
            <dst id="NYCMng">4470.488</dst>
            <dst id="SNVAng">909.890666666667</dst>
            <dst id="STTLng">20234.872</dst>
            <dst id="WASHng">13722.64</dst>
        </src>
        <src id="KSCYng">
            <dst id="ATLA-M5">179.685333333333</dst>
            <dst id="ATLAng">4625.59733333333</dst>
            <dst id="CHINng">38156.8693333333</dst>
            <dst id="DNVRng">8553.808</dst>
            <dst id="HSTNng">3548.73066666667</dst>
            <dst id="IPLSng">16965.1386666667</dst>
            <dst id="KSCYng">18399.6426666667</dst>
            <dst id="LOSAng">10473.7946666667</dst>
            <dst id="NYCMng">3474.736</dst>
            <dst id="SNVAng">2203.54133333333</dst>
            <dst id="STTLng">6167.82133333334</dst>
            <dst id="WASHng">10611.7973333333</dst>
        </src>
        <src id="LOSAng">
            <dst id="ATLA-M5">169.114666666667</dst>
            <dst id="ATLAng">6623.104</dst>
            <dst id="CHINng">6430477.6</dst>
            <dst id="DNVRng">56969.2746666667</dst>
            <dst id="HSTNng">15183.0186666667</dst>
            <dst id="IPLSng">11309.816</dst>
            <dst id="KSCYng">6837.44266666667</dst>
            <dst id="LOSAng">12698.2026666667</dst>
            <dst id="NYCMng">46843.4826666667</dst>
            <dst id="SNVAng">27900.072</dst>
            <dst id="STTLng">59503.8213333333</dst>
            <dst id="WASHng">43585.3653333334</dst>
        </src>
        <src id="NYCMng">
            <dst id="ATLA-M5">971.725333333333</dst>
            <dst id="ATLAng">20466.592</dst>
            <dst id="CHINng">29448.4106666667</dst>
            <dst id="DNVRng">22729.504</dst>
            <dst id="HSTNng">9330.82133333333</dst>
            <dst id="IPLSng">14513</dst>
            <dst id="KSCYng">8944.49866666667</dst>
            <dst id="LOSAng">58752.4</dst>
            <dst id="NYCMng">112300.896</dst>
            <dst id="SNVAng">881.464</dst>
            <dst id="STTLng">22810.24</dst>
            <dst id="WASHng">53583.5466666667</dst>
        </src>
        <src id="SNVAng">
            <dst id="ATLA-M5">26.6666666666667</dst>
            <dst id="ATLAng">298.829333333333</dst>
            <dst id="CHINng">91.536</dst>
            <dst id="DNVRng">3610.76266666667</dst>
            <dst id="HSTNng">26.6666666666667</dst>
            <dst id="IPLSng">364.2</dst>
            <dst id="KSCYng">0</dst>
            <dst id="LOSAng">10325.664</dst>
            <dst id="NYCMng">527.648</dst>
            <dst id="SNVAng">10533.5866666667</dst>
            <dst id="STTLng">19184.8746666667</dst>
            <dst id="WASHng">26.6666666666667</dst>
        </src>
        <src id="STTLng">
            <dst id="ATLA-M5">129.424</dst>
            <dst id="ATLAng">14387.0773333333</dst>
            <dst id="CHINng">31502.0826666667</dst>
            <dst id="DNVRng">6769.12266666667</dst>
            <dst id="HSTNng">5288.41066666667</dst>
            <dst id="IPLSng">14752.7493333333</dst>
            <dst id="KSCYng">7749.61066666666</dst>
            <dst id="LOSAng">44210.6586666667</dst>
            <dst id="NYCMng">10147.9786666667</dst>
            <dst id="SNVAng">2491.728</dst>
            <dst id="STTLng">20420.656</dst>
            <dst id="WASHng">9071.41333333333</dst>
        </src>
        <src id="WASHng">
            <dst id="ATLA-M5">1565.19733333333</dst>
            <dst id="ATLAng">68496.7573333333</dst>
            <dst id="CHINng">86704.5093333333</dst>
            <dst id="DNVRng">60781.1173333333</dst>
            <dst id="HSTNng">29297.0186666667</dst>
            <dst id="IPLSng">47007.744</dst>
            <dst id="KSCYng">27807.3253333333</dst>
            <dst id="LOSAng">78914.64</dst>
            <dst id="NYCMng">142072.101333333</dst>
            <dst id="SNVAng">4494.12266666667</dst>
            <dst id="STTLng">61193.9546666667</dst>
            <dst id="WASHng">311941.04</dst>
        </src>
    </IntraTM>
</TrafficMatrixFile>
