<?xml version="1.0" encoding="ISO-8859-1" standalone="yes"?>
<TrafficMatrixFile xsi:noNamespaceSchemaLocation="http://totem.run.montefiore.ulg.ac.be/Schema/TrafficMatrix-v1_2.xsd" xmlns:xsi="http://www.w3.org/2001/XMLSchema-instance">
    <IntraTM ASID="11537">
        <src id="ATLA-M5">
            <dst id="ATLA-M5">192.541333333333</dst>
            <dst id="ATLAng">1150.81333333333</dst>
            <dst id="CHINng">1124.23733333333</dst>
            <dst id="DNVRng">97.8213333333333</dst>
            <dst id="HSTNng">297.328</dst>
            <dst id="IPLSng">484.485333333333</dst>
            <dst id="KSCYng">889.562666666667</dst>
            <dst id="LOSAng">212.192</dst>
            <dst id="NYCMng">1228.83466666667</dst>
            <dst id="SNVAng">13.5253333333333</dst>
            <dst id="STTLng">1379.42666666667</dst>
            <dst id="WASHng">1261.336</dst>
        </src>
        <src id="ATLAng">
            <dst id="ATLA-M5">1733.44266666667</dst>
            <dst id="ATLAng">41733.4293333333</dst>
            <dst id="CHINng">30642.864</dst>
            <dst id="DNVRng">3702.472</dst>
            <dst id="HSTNng">19921.0426666667</dst>
            <dst id="IPLSng">21173.5626666667</dst>
            <dst id="KSCYng">12388.52</dst>
            <dst id="LOSAng">23516.1453333333</dst>
            <dst id="NYCMng">8782.584</dst>
            <dst id="SNVAng">2230.13466666667</dst>
            <dst id="STTLng">26682.656</dst>
            <dst id="WASHng">56577.6826666667</dst>
        </src>
        <src id="CHINng">
            <dst id="ATLA-M5">2988.86133333333</dst>
            <dst id="ATLAng">33639.104</dst>
            <dst id="CHINng">120398.453333333</dst>
            <dst id="DNVRng">65229.4586666667</dst>
            <dst id="HSTNng">22725.008</dst>
            <dst id="IPLSng">92542.7546666667</dst>
            <dst id="KSCYng">21389.3173333333</dst>
            <dst id="LOSAng">39322.5733333333</dst>
            <dst id="NYCMng">21552.064</dst>
            <dst id="SNVAng">8102.74666666667</dst>
            <dst id="STTLng">43687.9226666667</dst>
            <dst id="WASHng">43425.344</dst>
        </src>
        <src id="DNVRng">
            <dst id="ATLA-M5">212.578666666667</dst>
            <dst id="ATLAng">11287.1946666667</dst>
            <dst id="CHINng">38711.4826666667</dst>
            <dst id="DNVRng">13330.752</dst>
            <dst id="HSTNng">25266.5493333333</dst>
            <dst id="IPLSng">22655.616</dst>
            <dst id="KSCYng">23415.56</dst>
            <dst id="LOSAng">13449.4133333333</dst>
            <dst id="NYCMng">13252.4746666667</dst>
            <dst id="SNVAng">15454.5466666667</dst>
            <dst id="STTLng">30520.7386666667</dst>
            <dst id="WASHng">29916.9386666667</dst>
        </src>
        <src id="HSTNng">
            <dst id="ATLA-M5">2998.552</dst>
            <dst id="ATLAng">6188.62133333333</dst>
            <dst id="CHINng">22952.1973333333</dst>
            <dst id="DNVRng">4125.01866666667</dst>
            <dst id="HSTNng">23861.848</dst>
            <dst id="IPLSng">8479.68266666667</dst>
            <dst id="KSCYng">9633.792</dst>
            <dst id="LOSAng">6476.824</dst>
            <dst id="NYCMng">5027.30933333333</dst>
            <dst id="SNVAng">1338.68533333333</dst>
            <dst id="STTLng">14788.6453333333</dst>
            <dst id="WASHng">20033.4906666667</dst>
        </src>
        <src id="IPLSng">
            <dst id="ATLA-M5">661.941333333333</dst>
            <dst id="ATLAng">19930.5306666667</dst>
            <dst id="CHINng">100345.962666667</dst>
            <dst id="DNVRng">28691.552</dst>
            <dst id="HSTNng">5286.94666666667</dst>
            <dst id="IPLSng">80624.848</dst>
            <dst id="KSCYng">26234.2746666667</dst>
            <dst id="LOSAng">21734.1333333333</dst>
            <dst id="NYCMng">20896.3173333333</dst>
            <dst id="SNVAng">2837.152</dst>
            <dst id="STTLng">30784.1013333333</dst>
            <dst id="WASHng">54095.9333333333</dst>
        </src>
        <src id="KSCYng">
            <dst id="ATLA-M5">563.898666666667</dst>
            <dst id="ATLAng">11989.1386666667</dst>
            <dst id="CHINng">37305.048</dst>
            <dst id="DNVRng">11644.3413333333</dst>
            <dst id="HSTNng">3914.55733333333</dst>
            <dst id="IPLSng">20061.0053333333</dst>
            <dst id="KSCYng">15445.1546666667</dst>
            <dst id="LOSAng">10601.3893333333</dst>
            <dst id="NYCMng">6919.37066666667</dst>
            <dst id="SNVAng">4135.656</dst>
            <dst id="STTLng">15428.016</dst>
            <dst id="WASHng">15518.8266666667</dst>
        </src>
        <src id="LOSAng">
            <dst id="ATLA-M5">318.146666666667</dst>
            <dst id="ATLAng">30371.6746666667</dst>
            <dst id="CHINng">105260.818666667</dst>
            <dst id="DNVRng">39732.6986666667</dst>
            <dst id="HSTNng">9502.8</dst>
            <dst id="IPLSng">50948.1146666667</dst>
            <dst id="KSCYng">7429.656</dst>
            <dst id="LOSAng">11057.7093333333</dst>
            <dst id="NYCMng">41824.2853333333</dst>
            <dst id="SNVAng">24643.8586666667</dst>
            <dst id="STTLng">74911.9386666667</dst>
            <dst id="WASHng">70388.9173333333</dst>
        </src>
        <src id="NYCMng">
            <dst id="ATLA-M5">839.488</dst>
            <dst id="ATLAng">54382.584</dst>
            <dst id="CHINng">43387.224</dst>
            <dst id="DNVRng">29016.5866666667</dst>
            <dst id="HSTNng">19086.7306666667</dst>
            <dst id="IPLSng">49624.576</dst>
            <dst id="KSCYng">15882.672</dst>
            <dst id="LOSAng">69751.4453333333</dst>
            <dst id="NYCMng">146726.408</dst>
            <dst id="SNVAng">5166.08</dst>
            <dst id="STTLng">26052.8373333333</dst>
            <dst id="WASHng">129245.797333333</dst>
        </src>
        <src id="SNVAng">
            <dst id="ATLA-M5">26.6666666666667</dst>
            <dst id="ATLAng">53.3333333333333</dst>
            <dst id="CHINng">237.256</dst>
            <dst id="DNVRng">3049.14133333333</dst>
            <dst id="HSTNng">366.368</dst>
            <dst id="IPLSng">688.506666666667</dst>
            <dst id="KSCYng">271.202666666667</dst>
            <dst id="LOSAng">6453.19733333333</dst>
            <dst id="NYCMng">116.954666666667</dst>
            <dst id="SNVAng">12396.1973333333</dst>
            <dst id="STTLng">18818.0986666667</dst>
            <dst id="WASHng">373.592</dst>
        </src>
        <src id="STTLng">
            <dst id="ATLA-M5">2839.10933333333</dst>
            <dst id="ATLAng">68080.592</dst>
            <dst id="CHINng">120736.968</dst>
            <dst id="DNVRng">48318.6986666667</dst>
            <dst id="HSTNng">51665.296</dst>
            <dst id="IPLSng">105187.949333333</dst>
            <dst id="KSCYng">59326.8293333333</dst>
            <dst id="LOSAng">11658.7946666667</dst>
            <dst id="NYCMng">23652.6933333333</dst>
            <dst id="SNVAng">9420.09066666667</dst>
            <dst id="STTLng">48476.488</dst>
            <dst id="WASHng">100150.682666667</dst>
        </src>
        <src id="WASHng">
            <dst id="ATLA-M5">6941.81066666667</dst>
            <dst id="ATLAng">119562.218666667</dst>
            <dst id="CHINng">82019.2453333333</dst>
            <dst id="DNVRng">92873.672</dst>
            <dst id="HSTNng">33079.9173333333</dst>
            <dst id="IPLSng">94513.992</dst>
            <dst id="KSCYng">25251.9466666667</dst>
            <dst id="LOSAng">85751.4826666666</dst>
            <dst id="NYCMng">252987.08</dst>
            <dst id="SNVAng">18346.2906666667</dst>
            <dst id="STTLng">63725.2693333333</dst>
            <dst id="WASHng">293770.213333333</dst>
        </src>
    </IntraTM>
</TrafficMatrixFile>
