<?xml version="1.0" encoding="ISO-8859-1" standalone="yes"?>
<TrafficMatrixFile xsi:noNamespaceSchemaLocation="http://totem.run.montefiore.ulg.ac.be/Schema/TrafficMatrix-v1_2.xsd" xmlns:xsi="http://www.w3.org/2001/XMLSchema-instance">
    <IntraTM ASID="11537">
        <src id="ATLA-M5">
            <dst id="ATLA-M5">40.4266666666667</dst>
            <dst id="ATLAng">287.077333333333</dst>
            <dst id="CHINng">4643.256</dst>
            <dst id="DNVRng">293.194666666667</dst>
            <dst id="HSTNng">202.282666666667</dst>
            <dst id="IPLSng">769.541333333333</dst>
            <dst id="KSCYng">1377.656</dst>
            <dst id="LOSAng">53.3333333333333</dst>
            <dst id="NYCMng">1176.02666666667</dst>
            <dst id="SNVAng">0</dst>
            <dst id="STTLng">573.866666666667</dst>
            <dst id="WASHng">2198.256</dst>
        </src>
        <src id="ATLAng">
            <dst id="ATLA-M5">481.493333333333</dst>
            <dst id="ATLAng">38615.8133333333</dst>
            <dst id="CHINng">23889.368</dst>
            <dst id="DNVRng">3230.44</dst>
            <dst id="HSTNng">8980.14133333333</dst>
            <dst id="IPLSng">19781.496</dst>
            <dst id="KSCYng">7079.03466666667</dst>
            <dst id="LOSAng">20736.644</dst>
            <dst id="NYCMng">10767.56</dst>
            <dst id="SNVAng">1439.62</dst>
            <dst id="STTLng">10411.312</dst>
            <dst id="WASHng">34097.688</dst>
        </src>
        <src id="CHINng">
            <dst id="ATLA-M5">1727.73333333333</dst>
            <dst id="ATLAng">318038.266666667</dst>
            <dst id="CHINng">62159.7573333333</dst>
            <dst id="DNVRng">23912.824</dst>
            <dst id="HSTNng">13725.928</dst>
            <dst id="IPLSng">79855.8933333333</dst>
            <dst id="KSCYng">24176.2773333333</dst>
            <dst id="LOSAng">40798.392</dst>
            <dst id="NYCMng">9770.92533333333</dst>
            <dst id="SNVAng">3239.46666666667</dst>
            <dst id="STTLng">22967.5173333333</dst>
            <dst id="WASHng">42694.4266666667</dst>
        </src>
        <src id="DNVRng">
            <dst id="ATLA-M5">207.029333333333</dst>
            <dst id="ATLAng">6783.18933333333</dst>
            <dst id="CHINng">73998.9013333333</dst>
            <dst id="DNVRng">10017.8026666667</dst>
            <dst id="HSTNng">9698.25066666667</dst>
            <dst id="IPLSng">13310.96</dst>
            <dst id="KSCYng">16361.56</dst>
            <dst id="LOSAng">10204.9093333333</dst>
            <dst id="NYCMng">6725.008</dst>
            <dst id="SNVAng">9018.88</dst>
            <dst id="STTLng">25901.672</dst>
            <dst id="WASHng">17562.7253333333</dst>
        </src>
        <src id="HSTNng">
            <dst id="ATLA-M5">2692.592</dst>
            <dst id="ATLAng">7254.552</dst>
            <dst id="CHINng">14170.008</dst>
            <dst id="DNVRng">1139.408</dst>
            <dst id="HSTNng">13587.1013333333</dst>
            <dst id="IPLSng">2750.27466666667</dst>
            <dst id="KSCYng">7572.25866666666</dst>
            <dst id="LOSAng">2421.992</dst>
            <dst id="NYCMng">1786.91466666667</dst>
            <dst id="SNVAng">143.765333333333</dst>
            <dst id="STTLng">5844.344</dst>
            <dst id="WASHng">6673.18933333333</dst>
        </src>
        <src id="IPLSng">
            <dst id="ATLA-M5">638.013333333333</dst>
            <dst id="ATLAng">9729.90133333334</dst>
            <dst id="CHINng">67675.496</dst>
            <dst id="DNVRng">5931.82666666667</dst>
            <dst id="HSTNng">5415.44</dst>
            <dst id="IPLSng">42696.9893333333</dst>
            <dst id="KSCYng">10000.1333333333</dst>
            <dst id="LOSAng">15902.5146666667</dst>
            <dst id="NYCMng">5697.048</dst>
            <dst id="SNVAng">405.776</dst>
            <dst id="STTLng">31967.9306666667</dst>
            <dst id="WASHng">17547.9706666667</dst>
        </src>
        <src id="KSCYng">
            <dst id="ATLA-M5">413.026666666667</dst>
            <dst id="ATLAng">6398.27733333333</dst>
            <dst id="CHINng">22240.4346666667</dst>
            <dst id="DNVRng">7848.40266666667</dst>
            <dst id="HSTNng">6448.07466666667</dst>
            <dst id="IPLSng">16144.2133333333</dst>
            <dst id="KSCYng">9010.19733333333</dst>
            <dst id="LOSAng">5644.65866666667</dst>
            <dst id="NYCMng">4848.87733333333</dst>
            <dst id="SNVAng">2973.41066666667</dst>
            <dst id="STTLng">7689.36</dst>
            <dst id="WASHng">12905.8186666667</dst>
        </src>
        <src id="LOSAng">
            <dst id="ATLA-M5">247.242666666667</dst>
            <dst id="ATLAng">14308.792</dst>
            <dst id="CHINng">6299867.73333333</dst>
            <dst id="DNVRng">29603.76</dst>
            <dst id="HSTNng">6655.02666666667</dst>
            <dst id="IPLSng">28478.5546666667</dst>
            <dst id="KSCYng">6226.336</dst>
            <dst id="LOSAng">13780.1066666667</dst>
            <dst id="NYCMng">50985.9653333333</dst>
            <dst id="SNVAng">18289.952</dst>
            <dst id="STTLng">64820.3626666667</dst>
            <dst id="WASHng">51338.72</dst>
        </src>
        <src id="NYCMng">
            <dst id="ATLA-M5">1485.27733333333</dst>
            <dst id="ATLAng">33177.6906666667</dst>
            <dst id="CHINng">36147.0373333333</dst>
            <dst id="DNVRng">19642.3786666667</dst>
            <dst id="HSTNng">17642.3306666667</dst>
            <dst id="IPLSng">17154.664</dst>
            <dst id="KSCYng">13460.536</dst>
            <dst id="LOSAng">61564.6906666667</dst>
            <dst id="NYCMng">94035.1653333334</dst>
            <dst id="SNVAng">2382.82666666667</dst>
            <dst id="STTLng">36267.728</dst>
            <dst id="WASHng">76636.216</dst>
        </src>
        <src id="SNVAng">
            <dst id="ATLA-M5">0</dst>
            <dst id="ATLAng">319.008</dst>
            <dst id="CHINng">80</dst>
            <dst id="DNVRng">839.557333333334</dst>
            <dst id="HSTNng">26.6666666666667</dst>
            <dst id="IPLSng">571.861333333333</dst>
            <dst id="KSCYng">26.6666666666667</dst>
            <dst id="LOSAng">7634.19466666667</dst>
            <dst id="NYCMng">0</dst>
            <dst id="SNVAng">7978.25333333333</dst>
            <dst id="STTLng">15190.24</dst>
            <dst id="WASHng">30.24</dst>
        </src>
        <src id="STTLng">
            <dst id="ATLA-M5">1060.08266666667</dst>
            <dst id="ATLAng">21860.2</dst>
            <dst id="CHINng">26416.7146666667</dst>
            <dst id="DNVRng">9414.096</dst>
            <dst id="HSTNng">5863.16</dst>
            <dst id="IPLSng">32711.312</dst>
            <dst id="KSCYng">10247.024</dst>
            <dst id="LOSAng">41585.1386666667</dst>
            <dst id="NYCMng">9820.792</dst>
            <dst id="SNVAng">3376.62666666667</dst>
            <dst id="STTLng">20547.4106666667</dst>
            <dst id="WASHng">19955.2213333333</dst>
        </src>
        <src id="WASHng">
            <dst id="ATLA-M5">2324.58933333333</dst>
            <dst id="ATLAng">127420.768</dst>
            <dst id="CHINng">67115.5973333333</dst>
            <dst id="DNVRng">57342.584</dst>
            <dst id="HSTNng">32135.48</dst>
            <dst id="IPLSng">42045.104</dst>
            <dst id="KSCYng">26216.2186666667</dst>
            <dst id="LOSAng">88260.2213333333</dst>
            <dst id="NYCMng">156641.984</dst>
            <dst id="SNVAng">3195.47733333333</dst>
            <dst id="STTLng">46441.0613333333</dst>
            <dst id="WASHng">162661.544</dst>
        </src>
    </IntraTM>
</TrafficMatrixFile>
