<?xml version="1.0" encoding="ISO-8859-1" standalone="yes"?>
<TrafficMatrixFile xsi:noNamespaceSchemaLocation="http://totem.run.montefiore.ulg.ac.be/Schema/TrafficMatrix-v1_2.xsd" xmlns:xsi="http://www.w3.org/2001/XMLSchema-instance">
    <IntraTM ASID="11537">
        <src id="ATLA-M5">
            <dst id="ATLA-M5">0</dst>
            <dst id="ATLAng">755.845333333333</dst>
            <dst id="CHINng">41802.2586666667</dst>
            <dst id="DNVRng">131.218666666667</dst>
            <dst id="HSTNng">343.858666666667</dst>
            <dst id="IPLSng">864.701333333333</dst>
            <dst id="KSCYng">751.328</dst>
            <dst id="LOSAng">115.178666666667</dst>
            <dst id="NYCMng">1215.21066666667</dst>
            <dst id="SNVAng">13.3333333333333</dst>
            <dst id="STTLng">1539.85866666667</dst>
            <dst id="WASHng">40615.392</dst>
        </src>
        <src id="ATLAng">
            <dst id="ATLA-M5">290.261333333333</dst>
            <dst id="ATLAng">70061.5893333333</dst>
            <dst id="CHINng">18903.1173333333</dst>
            <dst id="DNVRng">5607.74933333333</dst>
            <dst id="HSTNng">4952.30666666667</dst>
            <dst id="IPLSng">19852.8693333333</dst>
            <dst id="KSCYng">5955.03733333333</dst>
            <dst id="LOSAng">17084.5973333333</dst>
            <dst id="NYCMng">13889.5973333333</dst>
            <dst id="SNVAng">919.138666666667</dst>
            <dst id="STTLng">13090.0826666667</dst>
            <dst id="WASHng">40588.024</dst>
        </src>
        <src id="CHINng">
            <dst id="ATLA-M5">1769.14933333333</dst>
            <dst id="ATLAng">26403.3546666667</dst>
            <dst id="CHINng">131116.44</dst>
            <dst id="DNVRng">14301.4586666667</dst>
            <dst id="HSTNng">16047.192</dst>
            <dst id="IPLSng">67539.8986666667</dst>
            <dst id="KSCYng">23395.8986666667</dst>
            <dst id="LOSAng">45458.992</dst>
            <dst id="NYCMng">20052.544</dst>
            <dst id="SNVAng">2172.472</dst>
            <dst id="STTLng">26274.9893333333</dst>
            <dst id="WASHng">34092.2133333333</dst>
        </src>
        <src id="DNVRng">
            <dst id="ATLA-M5">178.909333333333</dst>
            <dst id="ATLAng">12731.9173333333</dst>
            <dst id="CHINng">29988.6186666667</dst>
            <dst id="DNVRng">8276.74933333333</dst>
            <dst id="HSTNng">12955.4426666667</dst>
            <dst id="IPLSng">11685.9946666667</dst>
            <dst id="KSCYng">20404.616</dst>
            <dst id="LOSAng">8126.69333333333</dst>
            <dst id="NYCMng">8062</dst>
            <dst id="SNVAng">32325.4853333333</dst>
            <dst id="STTLng">58096.3546666667</dst>
            <dst id="WASHng">20734.6586666667</dst>
        </src>
        <src id="HSTNng">
            <dst id="ATLA-M5">4872.74666666667</dst>
            <dst id="ATLAng">3428.35466666667</dst>
            <dst id="CHINng">112719.021333333</dst>
            <dst id="DNVRng">1759.36266666667</dst>
            <dst id="HSTNng">15219.5146666667</dst>
            <dst id="IPLSng">5702.48266666667</dst>
            <dst id="KSCYng">9782.25066666666</dst>
            <dst id="LOSAng">11744.4586666667</dst>
            <dst id="NYCMng">3210.4</dst>
            <dst id="SNVAng">89.3093333333333</dst>
            <dst id="STTLng">8659.312</dst>
            <dst id="WASHng">14573.2213333333</dst>
        </src>
        <src id="IPLSng">
            <dst id="ATLA-M5">239.874666666667</dst>
            <dst id="ATLAng">13983.4186666667</dst>
            <dst id="CHINng">47556.6026666667</dst>
            <dst id="DNVRng">7698.26666666666</dst>
            <dst id="HSTNng">3518.06133333333</dst>
            <dst id="IPLSng">25166.392</dst>
            <dst id="KSCYng">7711.13333333333</dst>
            <dst id="LOSAng">30550.5813333333</dst>
            <dst id="NYCMng">9605.30666666667</dst>
            <dst id="SNVAng">2895.08</dst>
            <dst id="STTLng">25709.1253333333</dst>
            <dst id="WASHng">18986.384</dst>
        </src>
        <src id="KSCYng">
            <dst id="ATLA-M5">393.098666666667</dst>
            <dst id="ATLAng">8784.85866666667</dst>
            <dst id="CHINng">31716.872</dst>
            <dst id="DNVRng">8692.064</dst>
            <dst id="HSTNng">5932.352</dst>
            <dst id="IPLSng">19640.7146666667</dst>
            <dst id="KSCYng">10449.808</dst>
            <dst id="LOSAng">10368.48</dst>
            <dst id="NYCMng">6097.99466666667</dst>
            <dst id="SNVAng">2568.22666666667</dst>
            <dst id="STTLng">15254.5413333333</dst>
            <dst id="WASHng">15558.0666666667</dst>
        </src>
        <src id="LOSAng">
            <dst id="ATLA-M5">268.602666666667</dst>
            <dst id="ATLAng">19917.6906666667</dst>
            <dst id="CHINng">132167.976</dst>
            <dst id="DNVRng">39519.3653333333</dst>
            <dst id="HSTNng">12072.512</dst>
            <dst id="IPLSng">42119.84</dst>
            <dst id="KSCYng">7988.42666666667</dst>
            <dst id="LOSAng">23199.9466666667</dst>
            <dst id="NYCMng">43531.0346666667</dst>
            <dst id="SNVAng">18247.6</dst>
            <dst id="STTLng">74274.5866666667</dst>
            <dst id="WASHng">59777.2213333333</dst>
        </src>
        <src id="NYCMng">
            <dst id="ATLA-M5">1905.09333333333</dst>
            <dst id="ATLAng">36355.9386666667</dst>
            <dst id="CHINng">41869.296</dst>
            <dst id="DNVRng">19541.392</dst>
            <dst id="HSTNng">8363.632</dst>
            <dst id="IPLSng">28353.2613333333</dst>
            <dst id="KSCYng">15592.592</dst>
            <dst id="LOSAng">59792.184</dst>
            <dst id="NYCMng">141923.712</dst>
            <dst id="SNVAng">6519.78933333333</dst>
            <dst id="STTLng">27075.9626666667</dst>
            <dst id="WASHng">85550.7226666667</dst>
        </src>
        <src id="SNVAng">
            <dst id="ATLA-M5">0</dst>
            <dst id="ATLAng">141.429333333333</dst>
            <dst id="CHINng">87.136</dst>
            <dst id="DNVRng">846.826666666667</dst>
            <dst id="HSTNng">53.3333333333333</dst>
            <dst id="IPLSng">677.645333333333</dst>
            <dst id="KSCYng">165.333333333333</dst>
            <dst id="LOSAng">6621.27733333333</dst>
            <dst id="NYCMng">172.626666666667</dst>
            <dst id="SNVAng">7098.13066666667</dst>
            <dst id="STTLng">19573.0133333333</dst>
            <dst id="WASHng">26.6666666666667</dst>
        </src>
        <src id="STTLng">
            <dst id="ATLA-M5">1007.57866666667</dst>
            <dst id="ATLAng">22092.352</dst>
            <dst id="CHINng">42728.1893333333</dst>
            <dst id="DNVRng">23771.272</dst>
            <dst id="HSTNng">16412.2266666667</dst>
            <dst id="IPLSng">45189.84</dst>
            <dst id="KSCYng">23952.704</dst>
            <dst id="LOSAng">48569.5893333333</dst>
            <dst id="NYCMng">13076.76</dst>
            <dst id="SNVAng">5032.96266666667</dst>
            <dst id="STTLng">27335.0053333333</dst>
            <dst id="WASHng">35353.264</dst>
        </src>
        <src id="WASHng">
            <dst id="ATLA-M5">2138.152</dst>
            <dst id="ATLAng">154981.896</dst>
            <dst id="CHINng">207657.373333333</dst>
            <dst id="DNVRng">64789.84</dst>
            <dst id="HSTNng">34307.0586666667</dst>
            <dst id="IPLSng">71242.4853333333</dst>
            <dst id="KSCYng">26427.592</dst>
            <dst id="LOSAng">81776.1946666667</dst>
            <dst id="NYCMng">159371.992</dst>
            <dst id="SNVAng">11192.104</dst>
            <dst id="STTLng">50394.712</dst>
            <dst id="WASHng">399207.92</dst>
        </src>
    </IntraTM>
</TrafficMatrixFile>
