<?xml version="1.0" encoding="ISO-8859-1" standalone="yes"?>
<TrafficMatrixFile xsi:noNamespaceSchemaLocation="http://totem.run.montefiore.ulg.ac.be/Schema/TrafficMatrix-v1_2.xsd" xmlns:xsi="http://www.w3.org/2001/XMLSchema-instance">
    <IntraTM ASID="11537">
        <src id="ATLA-M5">
            <dst id="ATLA-M5">272.586666666667</dst>
            <dst id="ATLAng">2572.37333333333</dst>
            <dst id="CHINng">1725.6</dst>
            <dst id="DNVRng">169.909333333333</dst>
            <dst id="HSTNng">781.28</dst>
            <dst id="IPLSng">1186.45066666667</dst>
            <dst id="KSCYng">496.138666666667</dst>
            <dst id="LOSAng">60.5533333333333</dst>
            <dst id="NYCMng">1335.824</dst>
            <dst id="SNVAng">33.8866666666667</dst>
            <dst id="STTLng">584.893333333333</dst>
            <dst id="WASHng">889.458666666667</dst>
        </src>
        <src id="ATLAng">
            <dst id="ATLA-M5">384.554666666667</dst>
            <dst id="ATLAng">35224.3706666667</dst>
            <dst id="CHINng">40496.4906666667</dst>
            <dst id="DNVRng">16002.472</dst>
            <dst id="HSTNng">6446.72266666667</dst>
            <dst id="IPLSng">19563.0986666667</dst>
            <dst id="KSCYng">5478.63733333333</dst>
            <dst id="LOSAng">16611.412</dst>
            <dst id="NYCMng">7813.12533333333</dst>
            <dst id="SNVAng">2198.40133333333</dst>
            <dst id="STTLng">10227.2106666667</dst>
            <dst id="WASHng">31028.0933333333</dst>
        </src>
        <src id="CHINng">
            <dst id="ATLA-M5">1706.41866666667</dst>
            <dst id="ATLAng">34595.4346666667</dst>
            <dst id="CHINng">95516.312</dst>
            <dst id="DNVRng">20264.6053333333</dst>
            <dst id="HSTNng">15567.9226666667</dst>
            <dst id="IPLSng">41126.9893333333</dst>
            <dst id="KSCYng">22416.5306666667</dst>
            <dst id="LOSAng">53789.208</dst>
            <dst id="NYCMng">19347.0346666667</dst>
            <dst id="SNVAng">5344.968</dst>
            <dst id="STTLng">20253.392</dst>
            <dst id="WASHng">51051.136</dst>
        </src>
        <src id="DNVRng">
            <dst id="ATLA-M5">631.746666666667</dst>
            <dst id="ATLAng">13828.68</dst>
            <dst id="CHINng">32171.72</dst>
            <dst id="DNVRng">22328.2346666667</dst>
            <dst id="HSTNng">12845.6533333333</dst>
            <dst id="IPLSng">13645.3973333333</dst>
            <dst id="KSCYng">24716.4106666667</dst>
            <dst id="LOSAng">14324.608</dst>
            <dst id="NYCMng">7041.36266666667</dst>
            <dst id="SNVAng">11517.808</dst>
            <dst id="STTLng">39306.112</dst>
            <dst id="WASHng">24096.384</dst>
        </src>
        <src id="HSTNng">
            <dst id="ATLA-M5">639.938666666667</dst>
            <dst id="ATLAng">5451.16266666667</dst>
            <dst id="CHINng">15092.6293333333</dst>
            <dst id="DNVRng">4262.09066666667</dst>
            <dst id="HSTNng">10694.6346666667</dst>
            <dst id="IPLSng">5241.944</dst>
            <dst id="KSCYng">10879.4773333333</dst>
            <dst id="LOSAng">5466.032</dst>
            <dst id="NYCMng">2428.58933333333</dst>
            <dst id="SNVAng">940.061333333333</dst>
            <dst id="STTLng">5895.87466666667</dst>
            <dst id="WASHng">9178.66933333333</dst>
        </src>
        <src id="IPLSng">
            <dst id="ATLA-M5">787.28</dst>
            <dst id="ATLAng">11246.248</dst>
            <dst id="CHINng">44654.8613333333</dst>
            <dst id="DNVRng">7815.432</dst>
            <dst id="HSTNng">4795.96</dst>
            <dst id="IPLSng">34254.1306666667</dst>
            <dst id="KSCYng">23520.112</dst>
            <dst id="LOSAng">18731.2</dst>
            <dst id="NYCMng">8294.41333333333</dst>
            <dst id="SNVAng">1047.408</dst>
            <dst id="STTLng">23076.3466666667</dst>
            <dst id="WASHng">24921.472</dst>
        </src>
        <src id="KSCYng">
            <dst id="ATLA-M5">255.002666666667</dst>
            <dst id="ATLAng">5948.98133333333</dst>
            <dst id="CHINng">22125.048</dst>
            <dst id="DNVRng">8872.70666666667</dst>
            <dst id="HSTNng">4599.34133333333</dst>
            <dst id="IPLSng">17671.7466666667</dst>
            <dst id="KSCYng">11409.0426666667</dst>
            <dst id="LOSAng">5957.14933333333</dst>
            <dst id="NYCMng">4900.89066666667</dst>
            <dst id="SNVAng">2528.85066666667</dst>
            <dst id="STTLng">11461.5546666667</dst>
            <dst id="WASHng">14345.4346666667</dst>
        </src>
        <src id="LOSAng">
            <dst id="ATLA-M5">302.157333333333</dst>
            <dst id="ATLAng">14367.2026666667</dst>
            <dst id="CHINng">71984.232</dst>
            <dst id="DNVRng">21066.696</dst>
            <dst id="HSTNng">8452.736</dst>
            <dst id="IPLSng">27358.136</dst>
            <dst id="KSCYng">8069.09066666667</dst>
            <dst id="LOSAng">14575.8106666667</dst>
            <dst id="NYCMng">30965.7946666667</dst>
            <dst id="SNVAng">14986.208</dst>
            <dst id="STTLng">51241.2106666667</dst>
            <dst id="WASHng">54538.4373333333</dst>
        </src>
        <src id="NYCMng">
            <dst id="ATLA-M5">1045.34133333333</dst>
            <dst id="ATLAng">35442.336</dst>
            <dst id="CHINng">33580.0186666667</dst>
            <dst id="DNVRng">15683.552</dst>
            <dst id="HSTNng">12488.8186666667</dst>
            <dst id="IPLSng">25631.3653333333</dst>
            <dst id="KSCYng">11438.5893333333</dst>
            <dst id="LOSAng">80887.3946666667</dst>
            <dst id="NYCMng">67726.032</dst>
            <dst id="SNVAng">3005.76</dst>
            <dst id="STTLng">25119.9546666667</dst>
            <dst id="WASHng">77305.6</dst>
        </src>
        <src id="SNVAng">
            <dst id="ATLA-M5">0</dst>
            <dst id="ATLAng">528.373333333333</dst>
            <dst id="CHINng">26.6666666666667</dst>
            <dst id="DNVRng">7928.51733333333</dst>
            <dst id="HSTNng">53.3333333333333</dst>
            <dst id="IPLSng">455.744</dst>
            <dst id="KSCYng">0</dst>
            <dst id="LOSAng">6880.20266666667</dst>
            <dst id="NYCMng">218.237333333333</dst>
            <dst id="SNVAng">7296.95466666667</dst>
            <dst id="STTLng">18151.68</dst>
            <dst id="WASHng">133.416</dst>
        </src>
        <src id="STTLng">
            <dst id="ATLA-M5">1840.304</dst>
            <dst id="ATLAng">22808.9093333333</dst>
            <dst id="CHINng">28346.4026666667</dst>
            <dst id="DNVRng">14121.0026666667</dst>
            <dst id="HSTNng">8594.06666666667</dst>
            <dst id="IPLSng">36111.52</dst>
            <dst id="KSCYng">15050.504</dst>
            <dst id="LOSAng">47088.9973333333</dst>
            <dst id="NYCMng">12069.9146666667</dst>
            <dst id="SNVAng">2526.272</dst>
            <dst id="STTLng">24875.4933333333</dst>
            <dst id="WASHng">36096.2026666667</dst>
        </src>
        <src id="WASHng">
            <dst id="ATLA-M5">2780.85866666667</dst>
            <dst id="ATLAng">94787.6986666667</dst>
            <dst id="CHINng">97672.944</dst>
            <dst id="DNVRng">57856.8346666667</dst>
            <dst id="HSTNng">36590</dst>
            <dst id="IPLSng">47435.5173333333</dst>
            <dst id="KSCYng">27854.8053333333</dst>
            <dst id="LOSAng">80067.5306666667</dst>
            <dst id="NYCMng">149415.256</dst>
            <dst id="SNVAng">5848.76533333333</dst>
            <dst id="STTLng">45554.504</dst>
            <dst id="WASHng">259337.48</dst>
        </src>
    </IntraTM>
</TrafficMatrixFile>
