<?xml version="1.0" encoding="ISO-8859-1" standalone="yes"?>
<TrafficMatrixFile xsi:noNamespaceSchemaLocation="http://totem.run.montefiore.ulg.ac.be/Schema/TrafficMatrix-v1_2.xsd" xmlns:xsi="http://www.w3.org/2001/XMLSchema-instance">
    <IntraTM ASID="11537">
        <src id="ATLA-M5">
            <dst id="ATLA-M5">26.6666666666667</dst>
            <dst id="ATLAng">1154.13066666667</dst>
            <dst id="CHINng">796.285333333333</dst>
            <dst id="DNVRng">80</dst>
            <dst id="HSTNng">26.6666666666667</dst>
            <dst id="IPLSng">344.786666666667</dst>
            <dst id="KSCYng">133.269333333333</dst>
            <dst id="LOSAng">340.901333333333</dst>
            <dst id="NYCMng">1119.40533333333</dst>
            <dst id="SNVAng">0</dst>
            <dst id="STTLng">721.56</dst>
            <dst id="WASHng">1596.464</dst>
        </src>
        <src id="ATLAng">
            <dst id="ATLA-M5">185.546666666667</dst>
            <dst id="ATLAng">38877.0213333333</dst>
            <dst id="CHINng">14982.5146666667</dst>
            <dst id="DNVRng">4542.52</dst>
            <dst id="HSTNng">2694.304</dst>
            <dst id="IPLSng">13958.4373333333</dst>
            <dst id="KSCYng">2555.76266666667</dst>
            <dst id="LOSAng">17583.092</dst>
            <dst id="NYCMng">4819.688</dst>
            <dst id="SNVAng">346.902666666667</dst>
            <dst id="STTLng">8614.37066666667</dst>
            <dst id="WASHng">45944.0346666667</dst>
        </src>
        <src id="CHINng">
            <dst id="ATLA-M5">907.346666666667</dst>
            <dst id="ATLAng">11668.3093333333</dst>
            <dst id="CHINng">105783.714666667</dst>
            <dst id="DNVRng">10254.4373333333</dst>
            <dst id="HSTNng">9343.95466666666</dst>
            <dst id="IPLSng">61500.7173333333</dst>
            <dst id="KSCYng">19205.512</dst>
            <dst id="LOSAng">38254.792</dst>
            <dst id="NYCMng">16275.648</dst>
            <dst id="SNVAng">3154.08533333333</dst>
            <dst id="STTLng">18627.2586666667</dst>
            <dst id="WASHng">22049.728</dst>
        </src>
        <src id="DNVRng">
            <dst id="ATLA-M5">306.72</dst>
            <dst id="ATLAng">3127.832</dst>
            <dst id="CHINng">57426.656</dst>
            <dst id="DNVRng">11037.3973333333</dst>
            <dst id="HSTNng">9955.97066666667</dst>
            <dst id="IPLSng">12713.5786666667</dst>
            <dst id="KSCYng">17198.824</dst>
            <dst id="LOSAng">7267.73866666667</dst>
            <dst id="NYCMng">10024.0666666667</dst>
            <dst id="SNVAng">8489.744</dst>
            <dst id="STTLng">13336.6346666667</dst>
            <dst id="WASHng">22376.632</dst>
        </src>
        <src id="HSTNng">
            <dst id="ATLA-M5">124.448</dst>
            <dst id="ATLAng">2888.2</dst>
            <dst id="CHINng">18541.5413333333</dst>
            <dst id="DNVRng">1300.016</dst>
            <dst id="HSTNng">17599.9386666667</dst>
            <dst id="IPLSng">1605.83466666667</dst>
            <dst id="KSCYng">10504.984</dst>
            <dst id="LOSAng">3281.08</dst>
            <dst id="NYCMng">2953.456</dst>
            <dst id="SNVAng">65.8346666666667</dst>
            <dst id="STTLng">4697.33866666667</dst>
            <dst id="WASHng">7095.66933333334</dst>
        </src>
        <src id="IPLSng">
            <dst id="ATLA-M5">366.704</dst>
            <dst id="ATLAng">6460.57866666667</dst>
            <dst id="CHINng">72358.8666666667</dst>
            <dst id="DNVRng">4443.41866666667</dst>
            <dst id="HSTNng">2892.01866666667</dst>
            <dst id="IPLSng">6200.168</dst>
            <dst id="KSCYng">2437.392</dst>
            <dst id="LOSAng">18231.2853333333</dst>
            <dst id="NYCMng">7924.82933333333</dst>
            <dst id="SNVAng">1044.15466666667</dst>
            <dst id="STTLng">19718.696</dst>
            <dst id="WASHng">18312.832</dst>
        </src>
        <src id="KSCYng">
            <dst id="ATLA-M5">445.96</dst>
            <dst id="ATLAng">5294.31733333333</dst>
            <dst id="CHINng">29044.2986666667</dst>
            <dst id="DNVRng">8781.24266666667</dst>
            <dst id="HSTNng">2547.95733333333</dst>
            <dst id="IPLSng">13692.5546666667</dst>
            <dst id="KSCYng">10206.768</dst>
            <dst id="LOSAng">4899.912</dst>
            <dst id="NYCMng">6020.09066666667</dst>
            <dst id="SNVAng">2457.752</dst>
            <dst id="STTLng">12909.8106666667</dst>
            <dst id="WASHng">8883.024</dst>
        </src>
        <src id="LOSAng">
            <dst id="ATLA-M5">65.7786666666667</dst>
            <dst id="ATLAng">8614.83466666667</dst>
            <dst id="CHINng">81686.344</dst>
            <dst id="DNVRng">10159.552</dst>
            <dst id="HSTNng">1721.36533333333</dst>
            <dst id="IPLSng">27222.9973333333</dst>
            <dst id="KSCYng">2807.58666666667</dst>
            <dst id="LOSAng">12919.9653333333</dst>
            <dst id="NYCMng">27878.9466666667</dst>
            <dst id="SNVAng">23241.24</dst>
            <dst id="STTLng">42171.328</dst>
            <dst id="WASHng">35317.6533333333</dst>
        </src>
        <src id="NYCMng">
            <dst id="ATLA-M5">1821.25333333333</dst>
            <dst id="ATLAng">25906.3173333333</dst>
            <dst id="CHINng">36177.0026666667</dst>
            <dst id="DNVRng">15753.9733333333</dst>
            <dst id="HSTNng">7923.608</dst>
            <dst id="IPLSng">25122.928</dst>
            <dst id="KSCYng">7208.22666666667</dst>
            <dst id="LOSAng">52731.656</dst>
            <dst id="NYCMng">108951.784</dst>
            <dst id="SNVAng">6403.76266666667</dst>
            <dst id="STTLng">19788.8426666667</dst>
            <dst id="WASHng">53097.8106666667</dst>
        </src>
        <src id="SNVAng">
            <dst id="ATLA-M5">0</dst>
            <dst id="ATLAng">0</dst>
            <dst id="CHINng">0</dst>
            <dst id="DNVRng">1356.62133333333</dst>
            <dst id="HSTNng">76.9066666666667</dst>
            <dst id="IPLSng">249.021333333333</dst>
            <dst id="KSCYng">26.6666666666667</dst>
            <dst id="LOSAng">6656.02666666667</dst>
            <dst id="NYCMng">186.898666666667</dst>
            <dst id="SNVAng">6748.32533333333</dst>
            <dst id="STTLng">23151.1066666667</dst>
            <dst id="WASHng">89.9306666666667</dst>
        </src>
        <src id="STTLng">
            <dst id="ATLA-M5">1315.44266666667</dst>
            <dst id="ATLAng">10039.3973333333</dst>
            <dst id="CHINng">37650.6613333333</dst>
            <dst id="DNVRng">9133.23466666667</dst>
            <dst id="HSTNng">2808.84</dst>
            <dst id="IPLSng">11699.2986666667</dst>
            <dst id="KSCYng">4215.864</dst>
            <dst id="LOSAng">51034</dst>
            <dst id="NYCMng">7218.21333333333</dst>
            <dst id="SNVAng">2083.06133333333</dst>
            <dst id="STTLng">22716.12</dst>
            <dst id="WASHng">12132.2826666667</dst>
        </src>
        <src id="WASHng">
            <dst id="ATLA-M5">377.173333333333</dst>
            <dst id="ATLAng">98142.4026666667</dst>
            <dst id="CHINng">63065.7066666667</dst>
            <dst id="DNVRng">45492.5146666667</dst>
            <dst id="HSTNng">25146.2346666667</dst>
            <dst id="IPLSng">41725.1306666667</dst>
            <dst id="KSCYng">19610.008</dst>
            <dst id="LOSAng">76095.112</dst>
            <dst id="NYCMng">146458.042666667</dst>
            <dst id="SNVAng">11056.4373333333</dst>
            <dst id="STTLng">39182.4026666667</dst>
            <dst id="WASHng">266341.074666667</dst>
        </src>
    </IntraTM>
</TrafficMatrixFile>
