<?xml version="1.0" encoding="ISO-8859-1" standalone="yes"?>
<TrafficMatrixFile xsi:noNamespaceSchemaLocation="http://totem.run.montefiore.ulg.ac.be/Schema/TrafficMatrix-v1_2.xsd" xmlns:xsi="http://www.w3.org/2001/XMLSchema-instance">
    <IntraTM ASID="11537">
        <src id="ATLA-M5">
            <dst id="ATLA-M5">26.6666666666667</dst>
            <dst id="ATLAng">3280.304</dst>
            <dst id="CHINng">998.792</dst>
            <dst id="DNVRng">907.848</dst>
            <dst id="HSTNng">61.1573333333333</dst>
            <dst id="IPLSng">982.858666666667</dst>
            <dst id="KSCYng">1631.592</dst>
            <dst id="LOSAng">183.776</dst>
            <dst id="NYCMng">1304.39733333333</dst>
            <dst id="SNVAng">82.1573333333334</dst>
            <dst id="STTLng">699.653333333333</dst>
            <dst id="WASHng">1143.856</dst>
        </src>
        <src id="ATLAng">
            <dst id="ATLA-M5">1040.552</dst>
            <dst id="ATLAng">41052.4666666667</dst>
            <dst id="CHINng">21944.4346666667</dst>
            <dst id="DNVRng">7438.24266666667</dst>
            <dst id="HSTNng">5268.368</dst>
            <dst id="IPLSng">22835.592</dst>
            <dst id="KSCYng">5354.53333333333</dst>
            <dst id="LOSAng">21555.768</dst>
            <dst id="NYCMng">21707.3253333333</dst>
            <dst id="SNVAng">885.992</dst>
            <dst id="STTLng">11747.8533333333</dst>
            <dst id="WASHng">41060.8266666667</dst>
        </src>
        <src id="CHINng">
            <dst id="ATLA-M5">698.48</dst>
            <dst id="ATLAng">18217.3413333333</dst>
            <dst id="CHINng">90678.5653333333</dst>
            <dst id="DNVRng">18781.3466666667</dst>
            <dst id="HSTNng">13710.9813333333</dst>
            <dst id="IPLSng">54316.7653333333</dst>
            <dst id="KSCYng">13292.008</dst>
            <dst id="LOSAng">53127.12</dst>
            <dst id="NYCMng">12092.8026666667</dst>
            <dst id="SNVAng">3274.53866666667</dst>
            <dst id="STTLng">27136.5893333333</dst>
            <dst id="WASHng">49657.416</dst>
        </src>
        <src id="DNVRng">
            <dst id="ATLA-M5">440.778666666667</dst>
            <dst id="ATLAng">8318.01333333333</dst>
            <dst id="CHINng">26073.632</dst>
            <dst id="DNVRng">7206.61333333333</dst>
            <dst id="HSTNng">11333.8346666667</dst>
            <dst id="IPLSng">10373.704</dst>
            <dst id="KSCYng">10401.9893333333</dst>
            <dst id="LOSAng">9876.856</dst>
            <dst id="NYCMng">19582.44</dst>
            <dst id="SNVAng">7178.07466666667</dst>
            <dst id="STTLng">20454.704</dst>
            <dst id="WASHng">26164.4906666667</dst>
        </src>
        <src id="HSTNng">
            <dst id="ATLA-M5">465.154666666667</dst>
            <dst id="ATLAng">4011.62933333333</dst>
            <dst id="CHINng">10309.024</dst>
            <dst id="DNVRng">2069.38933333333</dst>
            <dst id="HSTNng">14119.832</dst>
            <dst id="IPLSng">3470.648</dst>
            <dst id="KSCYng">6893.26666666667</dst>
            <dst id="LOSAng">15685.1306666667</dst>
            <dst id="NYCMng">2047.70133333333</dst>
            <dst id="SNVAng">235.088</dst>
            <dst id="STTLng">7025.37866666667</dst>
            <dst id="WASHng">7937.55733333333</dst>
        </src>
        <src id="IPLSng">
            <dst id="ATLA-M5">709.354666666667</dst>
            <dst id="ATLAng">19102.2506666667</dst>
            <dst id="CHINng">52054.9413333333</dst>
            <dst id="DNVRng">11585.216</dst>
            <dst id="HSTNng">3896.84</dst>
            <dst id="IPLSng">16247.9946666667</dst>
            <dst id="KSCYng">17317.1173333333</dst>
            <dst id="LOSAng">22600.6453333333</dst>
            <dst id="NYCMng">8935.90666666667</dst>
            <dst id="SNVAng">2336.752</dst>
            <dst id="STTLng">40013.1866666667</dst>
            <dst id="WASHng">27307.9093333333</dst>
        </src>
        <src id="KSCYng">
            <dst id="ATLA-M5">289.984</dst>
            <dst id="ATLAng">13006.6266666667</dst>
            <dst id="CHINng">20720.6453333333</dst>
            <dst id="DNVRng">8297.78133333333</dst>
            <dst id="HSTNng">5510.88</dst>
            <dst id="IPLSng">10828.592</dst>
            <dst id="KSCYng">4144.296</dst>
            <dst id="LOSAng">7380.71466666667</dst>
            <dst id="NYCMng">7976.768</dst>
            <dst id="SNVAng">2846.17066666667</dst>
            <dst id="STTLng">13885.6906666667</dst>
            <dst id="WASHng">12909.624</dst>
        </src>
        <src id="LOSAng">
            <dst id="ATLA-M5">421.389333333333</dst>
            <dst id="ATLAng">15292.848</dst>
            <dst id="CHINng">6082972</dst>
            <dst id="DNVRng">10080.784</dst>
            <dst id="HSTNng">10347.8586666667</dst>
            <dst id="IPLSng">32740.6106666667</dst>
            <dst id="KSCYng">8559.78666666667</dst>
            <dst id="LOSAng">12878.6133333333</dst>
            <dst id="NYCMng">51317.7893333333</dst>
            <dst id="SNVAng">24721.7306666667</dst>
            <dst id="STTLng">79024.9946666667</dst>
            <dst id="WASHng">59088.96</dst>
        </src>
        <src id="NYCMng">
            <dst id="ATLA-M5">4072.80533333333</dst>
            <dst id="ATLAng">31079.576</dst>
            <dst id="CHINng">28834.4826666667</dst>
            <dst id="DNVRng">25071.5146666667</dst>
            <dst id="HSTNng">9881.71466666667</dst>
            <dst id="IPLSng">43808.6346666667</dst>
            <dst id="KSCYng">11400.768</dst>
            <dst id="LOSAng">80942.592</dst>
            <dst id="NYCMng">111287.72</dst>
            <dst id="SNVAng">4038.10133333333</dst>
            <dst id="STTLng">25469.4426666667</dst>
            <dst id="WASHng">135997.973333333</dst>
        </src>
        <src id="SNVAng">
            <dst id="ATLA-M5">0</dst>
            <dst id="ATLAng">237.077333333333</dst>
            <dst id="CHINng">123.482666666667</dst>
            <dst id="DNVRng">5664.384</dst>
            <dst id="HSTNng">33.4666666666667</dst>
            <dst id="IPLSng">523.424</dst>
            <dst id="KSCYng">26.6666666666667</dst>
            <dst id="LOSAng">9732.41333333333</dst>
            <dst id="NYCMng">33.0933333333333</dst>
            <dst id="SNVAng">9109.80533333333</dst>
            <dst id="STTLng">22930.5866666667</dst>
            <dst id="WASHng">2712.048</dst>
        </src>
        <src id="STTLng">
            <dst id="ATLA-M5">1482.04266666667</dst>
            <dst id="ATLAng">36968.1813333333</dst>
            <dst id="CHINng">63880.3306666666</dst>
            <dst id="DNVRng">21314.1253333333</dst>
            <dst id="HSTNng">17948.648</dst>
            <dst id="IPLSng">34475.2506666667</dst>
            <dst id="KSCYng">27886.8453333333</dst>
            <dst id="LOSAng">48125.7653333333</dst>
            <dst id="NYCMng">11453.064</dst>
            <dst id="SNVAng">5599.17866666667</dst>
            <dst id="STTLng">34166.7546666667</dst>
            <dst id="WASHng">44980.0346666667</dst>
        </src>
        <src id="WASHng">
            <dst id="ATLA-M5">2022.78933333333</dst>
            <dst id="ATLAng">122579.749333333</dst>
            <dst id="CHINng">89795.1866666666</dst>
            <dst id="DNVRng">63864.592</dst>
            <dst id="HSTNng">21061.4133333333</dst>
            <dst id="IPLSng">47426.744</dst>
            <dst id="KSCYng">23173.1573333333</dst>
            <dst id="LOSAng">119525.128</dst>
            <dst id="NYCMng">168878.154666667</dst>
            <dst id="SNVAng">6604.216</dst>
            <dst id="STTLng">57532.1093333333</dst>
            <dst id="WASHng">203126.746666667</dst>
        </src>
    </IntraTM>
</TrafficMatrixFile>
