<?xml version="1.0" encoding="ISO-8859-1" standalone="yes"?>
<TrafficMatrixFile xsi:noNamespaceSchemaLocation="http://totem.run.montefiore.ulg.ac.be/Schema/TrafficMatrix-v1_2.xsd" xmlns:xsi="http://www.w3.org/2001/XMLSchema-instance">
    <IntraTM ASID="11537">
        <src id="ATLA-M5">
            <dst id="ATLA-M5">114.634666666667</dst>
            <dst id="ATLAng">854.797333333333</dst>
            <dst id="CHINng">1286.496</dst>
            <dst id="DNVRng">53.3333333333333</dst>
            <dst id="HSTNng">172.328</dst>
            <dst id="IPLSng">349.690666666667</dst>
            <dst id="KSCYng">367.346666666667</dst>
            <dst id="LOSAng">70</dst>
            <dst id="NYCMng">127.701333333333</dst>
            <dst id="SNVAng">13.3333333333333</dst>
            <dst id="STTLng">1098.34666666667</dst>
            <dst id="WASHng">5180.97866666667</dst>
        </src>
        <src id="ATLAng">
            <dst id="ATLA-M5">2477.20266666667</dst>
            <dst id="ATLAng">37384.984</dst>
            <dst id="CHINng">37209.6586666667</dst>
            <dst id="DNVRng">5149.456</dst>
            <dst id="HSTNng">22587.896</dst>
            <dst id="IPLSng">21695.2613333333</dst>
            <dst id="KSCYng">5809.19733333333</dst>
            <dst id="LOSAng">16216.0346666667</dst>
            <dst id="NYCMng">22517.816</dst>
            <dst id="SNVAng">1123.864</dst>
            <dst id="STTLng">22091.4506666667</dst>
            <dst id="WASHng">67259.8986666667</dst>
        </src>
        <src id="CHINng">
            <dst id="ATLA-M5">1191.28</dst>
            <dst id="ATLAng">189938.176</dst>
            <dst id="CHINng">124268.685333333</dst>
            <dst id="DNVRng">19830.064</dst>
            <dst id="HSTNng">18325.4853333333</dst>
            <dst id="IPLSng">83151.888</dst>
            <dst id="KSCYng">22912.0453333333</dst>
            <dst id="LOSAng">345322.56</dst>
            <dst id="NYCMng">35464.6853333333</dst>
            <dst id="SNVAng">4595.79733333333</dst>
            <dst id="STTLng">40627.9973333333</dst>
            <dst id="WASHng">32725.0293333333</dst>
        </src>
        <src id="DNVRng">
            <dst id="ATLA-M5">416.773333333333</dst>
            <dst id="ATLAng">14727.3626666667</dst>
            <dst id="CHINng">129911.354666667</dst>
            <dst id="DNVRng">28962.5253333333</dst>
            <dst id="HSTNng">18345.6106666667</dst>
            <dst id="IPLSng">19300.1573333333</dst>
            <dst id="KSCYng">21944.576</dst>
            <dst id="LOSAng">20073.5173333333</dst>
            <dst id="NYCMng">10446.4293333333</dst>
            <dst id="SNVAng">17096.6933333333</dst>
            <dst id="STTLng">30046.6213333333</dst>
            <dst id="WASHng">25162.1226666667</dst>
        </src>
        <src id="HSTNng">
            <dst id="ATLA-M5">2581.32266666667</dst>
            <dst id="ATLAng">10152.3786666667</dst>
            <dst id="CHINng">18105.88</dst>
            <dst id="DNVRng">1313.808</dst>
            <dst id="HSTNng">27691.376</dst>
            <dst id="IPLSng">11469.4026666667</dst>
            <dst id="KSCYng">9620.24</dst>
            <dst id="LOSAng">2868.296</dst>
            <dst id="NYCMng">4351.99466666667</dst>
            <dst id="SNVAng">849.365333333333</dst>
            <dst id="STTLng">13400.7573333333</dst>
            <dst id="WASHng">7126.112</dst>
        </src>
        <src id="IPLSng">
            <dst id="ATLA-M5">606.976</dst>
            <dst id="ATLAng">18963.4773333333</dst>
            <dst id="CHINng">84706.1386666667</dst>
            <dst id="DNVRng">25073.1626666667</dst>
            <dst id="HSTNng">10809.392</dst>
            <dst id="IPLSng">31089.1573333333</dst>
            <dst id="KSCYng">19940.1973333333</dst>
            <dst id="LOSAng">31793.552</dst>
            <dst id="NYCMng">15519.4106666667</dst>
            <dst id="SNVAng">4219.936</dst>
            <dst id="STTLng">30469.176</dst>
            <dst id="WASHng">36975.2933333333</dst>
        </src>
        <src id="KSCYng">
            <dst id="ATLA-M5">417.066666666667</dst>
            <dst id="ATLAng">7406.69866666667</dst>
            <dst id="CHINng">26942.416</dst>
            <dst id="DNVRng">9395.10933333333</dst>
            <dst id="HSTNng">6330.17866666666</dst>
            <dst id="IPLSng">27799.4053333333</dst>
            <dst id="KSCYng">19848.2293333333</dst>
            <dst id="LOSAng">3427.16</dst>
            <dst id="NYCMng">7703.68533333334</dst>
            <dst id="SNVAng">2994.44533333333</dst>
            <dst id="STTLng">15105.6906666667</dst>
            <dst id="WASHng">12197.128</dst>
        </src>
        <src id="LOSAng">
            <dst id="ATLA-M5">389.584</dst>
            <dst id="ATLAng">18360.6293333333</dst>
            <dst id="CHINng">131129.874666667</dst>
            <dst id="DNVRng">16220.0906666667</dst>
            <dst id="HSTNng">14856.048</dst>
            <dst id="IPLSng">23842.9866666667</dst>
            <dst id="KSCYng">22782.352</dst>
            <dst id="LOSAng">10425.3306666667</dst>
            <dst id="NYCMng">48170.408</dst>
            <dst id="SNVAng">18531.6746666667</dst>
            <dst id="STTLng">70652.3626666667</dst>
            <dst id="WASHng">60459.9333333333</dst>
        </src>
        <src id="NYCMng">
            <dst id="ATLA-M5">982.656</dst>
            <dst id="ATLAng">44715.016</dst>
            <dst id="CHINng">35821.3093333333</dst>
            <dst id="DNVRng">25877.32</dst>
            <dst id="HSTNng">17856.88</dst>
            <dst id="IPLSng">66857.08</dst>
            <dst id="KSCYng">13832.648</dst>
            <dst id="LOSAng">69924.7013333333</dst>
            <dst id="NYCMng">170368.928</dst>
            <dst id="SNVAng">2927.19466666667</dst>
            <dst id="STTLng">24417.2213333333</dst>
            <dst id="WASHng">100255.973333333</dst>
        </src>
        <src id="SNVAng">
            <dst id="ATLA-M5">0</dst>
            <dst id="ATLAng">173.474666666667</dst>
            <dst id="CHINng">80</dst>
            <dst id="DNVRng">3140.77066666667</dst>
            <dst id="HSTNng">137.584</dst>
            <dst id="IPLSng">2636.464</dst>
            <dst id="KSCYng">599.648</dst>
            <dst id="LOSAng">7230.512</dst>
            <dst id="NYCMng">134.973333333333</dst>
            <dst id="SNVAng">10433.9013333333</dst>
            <dst id="STTLng">19479.8</dst>
            <dst id="WASHng">135.882666666667</dst>
        </src>
        <src id="STTLng">
            <dst id="ATLA-M5">3536.488</dst>
            <dst id="ATLAng">75838.2773333333</dst>
            <dst id="CHINng">135749.909333333</dst>
            <dst id="DNVRng">38117.7493333333</dst>
            <dst id="HSTNng">48019.0453333333</dst>
            <dst id="IPLSng">91483.16</dst>
            <dst id="KSCYng">62338.152</dst>
            <dst id="LOSAng">25416.9973333333</dst>
            <dst id="NYCMng">44129.8453333333</dst>
            <dst id="SNVAng">13694.12</dst>
            <dst id="STTLng">28349.728</dst>
            <dst id="WASHng">119004.074666667</dst>
        </src>
        <src id="WASHng">
            <dst id="ATLA-M5">4033.37066666667</dst>
            <dst id="ATLAng">135850.658666667</dst>
            <dst id="CHINng">110568.749333333</dst>
            <dst id="DNVRng">79126.9333333333</dst>
            <dst id="HSTNng">31191.4586666667</dst>
            <dst id="IPLSng">64075.8213333333</dst>
            <dst id="KSCYng">24189.2133333333</dst>
            <dst id="LOSAng">66185.0266666667</dst>
            <dst id="NYCMng">218535.909333333</dst>
            <dst id="SNVAng">7948.49866666667</dst>
            <dst id="STTLng">58849.6826666667</dst>
            <dst id="WASHng">339156.586666667</dst>
        </src>
    </IntraTM>
</TrafficMatrixFile>
