<?xml version="1.0" encoding="ISO-8859-1" standalone="yes"?>
<TrafficMatrixFile xsi:noNamespaceSchemaLocation="http://totem.run.montefiore.ulg.ac.be/Schema/TrafficMatrix-v1_2.xsd" xmlns:xsi="http://www.w3.org/2001/XMLSchema-instance">
    <IntraTM ASID="11537">
        <src id="ATLA-M5">
            <dst id="ATLA-M5">250.072</dst>
            <dst id="ATLAng">1676.28266666667</dst>
            <dst id="CHINng">2845.856</dst>
            <dst id="DNVRng">196.149333333333</dst>
            <dst id="HSTNng">556.2</dst>
            <dst id="IPLSng">1414.92266666667</dst>
            <dst id="KSCYng">223.378666666667</dst>
            <dst id="LOSAng">403.032</dst>
            <dst id="NYCMng">1366.46133333333</dst>
            <dst id="SNVAng">0</dst>
            <dst id="STTLng">1084.52533333333</dst>
            <dst id="WASHng">1737.41066666667</dst>
        </src>
        <src id="ATLAng">
            <dst id="ATLA-M5">751.594666666667</dst>
            <dst id="ATLAng">74391.608</dst>
            <dst id="CHINng">32460.5173333333</dst>
            <dst id="DNVRng">8361.66933333333</dst>
            <dst id="HSTNng">15218.648</dst>
            <dst id="IPLSng">32106.4346666667</dst>
            <dst id="KSCYng">9348.04</dst>
            <dst id="LOSAng">16783.4706666667</dst>
            <dst id="NYCMng">10544.4213333333</dst>
            <dst id="SNVAng">1431.46266666667</dst>
            <dst id="STTLng">24039.9466666667</dst>
            <dst id="WASHng">59883.6426666667</dst>
        </src>
        <src id="CHINng">
            <dst id="ATLA-M5">1372.54133333333</dst>
            <dst id="ATLAng">55029.4533333333</dst>
            <dst id="CHINng">136097.402666667</dst>
            <dst id="DNVRng">15644.6933333333</dst>
            <dst id="HSTNng">18002.1893333333</dst>
            <dst id="IPLSng">98240.6906666667</dst>
            <dst id="KSCYng">21837.0693333333</dst>
            <dst id="LOSAng">49444.4933333333</dst>
            <dst id="NYCMng">21757.008</dst>
            <dst id="SNVAng">7756.05866666667</dst>
            <dst id="STTLng">44895.624</dst>
            <dst id="WASHng">59296.9066666667</dst>
        </src>
        <src id="DNVRng">
            <dst id="ATLA-M5">324.306666666667</dst>
            <dst id="ATLAng">21712.696</dst>
            <dst id="CHINng">41174.1493333333</dst>
            <dst id="DNVRng">18246.9066666667</dst>
            <dst id="HSTNng">22835.5413333333</dst>
            <dst id="IPLSng">28635.104</dst>
            <dst id="KSCYng">22235.216</dst>
            <dst id="LOSAng">21106.3786666667</dst>
            <dst id="NYCMng">14130.7413333333</dst>
            <dst id="SNVAng">22224.768</dst>
            <dst id="STTLng">46203.9066666667</dst>
            <dst id="WASHng">27277.3226666667</dst>
        </src>
        <src id="HSTNng">
            <dst id="ATLA-M5">769.418666666667</dst>
            <dst id="ATLAng">9890.536</dst>
            <dst id="CHINng">15691.0746666667</dst>
            <dst id="DNVRng">6645.68533333333</dst>
            <dst id="HSTNng">17530.888</dst>
            <dst id="IPLSng">7993.61333333333</dst>
            <dst id="KSCYng">8123.888</dst>
            <dst id="LOSAng">8169.50133333333</dst>
            <dst id="NYCMng">5789.48266666667</dst>
            <dst id="SNVAng">742.064</dst>
            <dst id="STTLng">13059.2266666667</dst>
            <dst id="WASHng">28149.0293333333</dst>
        </src>
        <src id="IPLSng">
            <dst id="ATLA-M5">464.637333333333</dst>
            <dst id="ATLAng">15688.5173333333</dst>
            <dst id="CHINng">77470.64</dst>
            <dst id="DNVRng">14946.2053333333</dst>
            <dst id="HSTNng">3513.784</dst>
            <dst id="IPLSng">16580.7626666667</dst>
            <dst id="KSCYng">6527.776</dst>
            <dst id="LOSAng">10219.9093333333</dst>
            <dst id="NYCMng">18572.8133333333</dst>
            <dst id="SNVAng">3606.52266666667</dst>
            <dst id="STTLng">25817.312</dst>
            <dst id="WASHng">32694.0933333333</dst>
        </src>
        <src id="KSCYng">
            <dst id="ATLA-M5">1257.35733333333</dst>
            <dst id="ATLAng">8887.03733333333</dst>
            <dst id="CHINng">32937.6106666667</dst>
            <dst id="DNVRng">10556.904</dst>
            <dst id="HSTNng">4895.94666666667</dst>
            <dst id="IPLSng">18886.48</dst>
            <dst id="KSCYng">11231.9626666667</dst>
            <dst id="LOSAng">6288.832</dst>
            <dst id="NYCMng">7453.40533333333</dst>
            <dst id="SNVAng">3117.344</dst>
            <dst id="STTLng">14709.1813333333</dst>
            <dst id="WASHng">16782.0533333333</dst>
        </src>
        <src id="LOSAng">
            <dst id="ATLA-M5">469.429333333333</dst>
            <dst id="ATLAng">60718.6</dst>
            <dst id="CHINng">101922</dst>
            <dst id="DNVRng">79657.8133333333</dst>
            <dst id="HSTNng">20195.896</dst>
            <dst id="IPLSng">55362.6746666667</dst>
            <dst id="KSCYng">6917.424</dst>
            <dst id="LOSAng">17499.2853333333</dst>
            <dst id="NYCMng">46929.1333333333</dst>
            <dst id="SNVAng">25756.9653333333</dst>
            <dst id="STTLng">59877.184</dst>
            <dst id="WASHng">83684.824</dst>
        </src>
        <src id="NYCMng">
            <dst id="ATLA-M5">1432.00266666667</dst>
            <dst id="ATLAng">72866.328</dst>
            <dst id="CHINng">42081.6453333333</dst>
            <dst id="DNVRng">36772.168</dst>
            <dst id="HSTNng">24388.2213333333</dst>
            <dst id="IPLSng">57815.0613333333</dst>
            <dst id="KSCYng">28718.256</dst>
            <dst id="LOSAng">73464.7893333333</dst>
            <dst id="NYCMng">151062.946666667</dst>
            <dst id="SNVAng">4102.904</dst>
            <dst id="STTLng">28826.624</dst>
            <dst id="WASHng">175981.362666667</dst>
        </src>
        <src id="SNVAng">
            <dst id="ATLA-M5">0</dst>
            <dst id="ATLAng">254.346666666667</dst>
            <dst id="CHINng">334.285333333333</dst>
            <dst id="DNVRng">15091.7493333333</dst>
            <dst id="HSTNng">0</dst>
            <dst id="IPLSng">670.608</dst>
            <dst id="KSCYng">134.410666666667</dst>
            <dst id="LOSAng">9090.26933333333</dst>
            <dst id="NYCMng">261.816</dst>
            <dst id="SNVAng">9535.02133333333</dst>
            <dst id="STTLng">20096.1653333333</dst>
            <dst id="WASHng">171.392</dst>
        </src>
        <src id="STTLng">
            <dst id="ATLA-M5">6575.30133333333</dst>
            <dst id="ATLAng">75005.7493333334</dst>
            <dst id="CHINng">122284.154666667</dst>
            <dst id="DNVRng">40996.5893333333</dst>
            <dst id="HSTNng">44052.784</dst>
            <dst id="IPLSng">91500.584</dst>
            <dst id="KSCYng">66487.84</dst>
            <dst id="LOSAng">13920.624</dst>
            <dst id="NYCMng">35840.968</dst>
            <dst id="SNVAng">9464.70666666667</dst>
            <dst id="STTLng">53734.6213333333</dst>
            <dst id="WASHng">118286.296</dst>
        </src>
        <src id="WASHng">
            <dst id="ATLA-M5">9693.22933333333</dst>
            <dst id="ATLAng">140399.216</dst>
            <dst id="CHINng">120270.512</dst>
            <dst id="DNVRng">90216.9866666666</dst>
            <dst id="HSTNng">26350.216</dst>
            <dst id="IPLSng">124422.050666667</dst>
            <dst id="KSCYng">26329.352</dst>
            <dst id="LOSAng">112908.186666667</dst>
            <dst id="NYCMng">342505.626666667</dst>
            <dst id="SNVAng">16180.5013333333</dst>
            <dst id="STTLng">52174.504</dst>
            <dst id="WASHng">242352.893333333</dst>
        </src>
    </IntraTM>
</TrafficMatrixFile>
