<?xml version="1.0" encoding="ISO-8859-1" standalone="yes"?>
<TrafficMatrixFile xsi:noNamespaceSchemaLocation="http://totem.run.montefiore.ulg.ac.be/Schema/TrafficMatrix-v1_2.xsd" xmlns:xsi="http://www.w3.org/2001/XMLSchema-instance">
    <IntraTM ASID="11537">
        <src id="ATLA-M5">
            <dst id="ATLA-M5">0</dst>
            <dst id="ATLAng">270.098666666667</dst>
            <dst id="CHINng">753.293333333334</dst>
            <dst id="DNVRng">1344.688</dst>
            <dst id="HSTNng">153.277333333333</dst>
            <dst id="IPLSng">133.333333333333</dst>
            <dst id="KSCYng">175.482666666667</dst>
            <dst id="LOSAng">173.22</dst>
            <dst id="NYCMng">2604.032</dst>
            <dst id="SNVAng">146.553333333333</dst>
            <dst id="STTLng">298.736</dst>
            <dst id="WASHng">1110.79733333333</dst>
        </src>
        <src id="ATLAng">
            <dst id="ATLA-M5">1864.496</dst>
            <dst id="ATLAng">40757.2453333333</dst>
            <dst id="CHINng">10820.7786666667</dst>
            <dst id="DNVRng">3372.08266666667</dst>
            <dst id="HSTNng">3004.90933333333</dst>
            <dst id="IPLSng">22063.3253333333</dst>
            <dst id="KSCYng">7089.44266666667</dst>
            <dst id="LOSAng">30044.1013333333</dst>
            <dst id="NYCMng">7601.14133333333</dst>
            <dst id="SNVAng">1285.78666666667</dst>
            <dst id="STTLng">8965.36533333333</dst>
            <dst id="WASHng">48895.2533333333</dst>
        </src>
        <src id="CHINng">
            <dst id="ATLA-M5">1790.96533333333</dst>
            <dst id="ATLAng">18969.0133333333</dst>
            <dst id="CHINng">469396.826666667</dst>
            <dst id="DNVRng">17238.984</dst>
            <dst id="HSTNng">14651.3013333333</dst>
            <dst id="IPLSng">82947.3973333333</dst>
            <dst id="KSCYng">10931.3066666667</dst>
            <dst id="LOSAng">36067.0906666667</dst>
            <dst id="NYCMng">16054.752</dst>
            <dst id="SNVAng">3398.448</dst>
            <dst id="STTLng">17490.6293333333</dst>
            <dst id="WASHng">21309.992</dst>
        </src>
        <src id="DNVRng">
            <dst id="ATLA-M5">202.528</dst>
            <dst id="ATLAng">3080.13333333333</dst>
            <dst id="CHINng">69598.848</dst>
            <dst id="DNVRng">18264.8693333333</dst>
            <dst id="HSTNng">16466.0346666667</dst>
            <dst id="IPLSng">8685.904</dst>
            <dst id="KSCYng">27678.856</dst>
            <dst id="LOSAng">9216.74933333333</dst>
            <dst id="NYCMng">7195.664</dst>
            <dst id="SNVAng">14902.8746666667</dst>
            <dst id="STTLng">28296.9093333333</dst>
            <dst id="WASHng">21566.8266666667</dst>
        </src>
        <src id="HSTNng">
            <dst id="ATLA-M5">3776.43733333333</dst>
            <dst id="ATLAng">5874.63466666667</dst>
            <dst id="CHINng">14914.4293333333</dst>
            <dst id="DNVRng">1249.61333333333</dst>
            <dst id="HSTNng">17070.152</dst>
            <dst id="IPLSng">2824.536</dst>
            <dst id="KSCYng">9003.928</dst>
            <dst id="LOSAng">5475.14666666667</dst>
            <dst id="NYCMng">1619.528</dst>
            <dst id="SNVAng">297.794666666667</dst>
            <dst id="STTLng">4373.50133333333</dst>
            <dst id="WASHng">5172.90933333333</dst>
        </src>
        <src id="IPLSng">
            <dst id="ATLA-M5">215.272</dst>
            <dst id="ATLAng">6494.97066666667</dst>
            <dst id="CHINng">72347.4773333333</dst>
            <dst id="DNVRng">7181.26666666667</dst>
            <dst id="HSTNng">2015.84266666667</dst>
            <dst id="IPLSng">11335.9813333333</dst>
            <dst id="KSCYng">8835.88</dst>
            <dst id="LOSAng">15991.32</dst>
            <dst id="NYCMng">4039.03733333333</dst>
            <dst id="SNVAng">682.189333333333</dst>
            <dst id="STTLng">21737.624</dst>
            <dst id="WASHng">16753.5413333333</dst>
        </src>
        <src id="KSCYng">
            <dst id="ATLA-M5">83.4426666666667</dst>
            <dst id="ATLAng">5212.344</dst>
            <dst id="CHINng">27610.392</dst>
            <dst id="DNVRng">7374.968</dst>
            <dst id="HSTNng">3595.02666666667</dst>
            <dst id="IPLSng">18988.4853333333</dst>
            <dst id="KSCYng">22086.8826666667</dst>
            <dst id="LOSAng">4508.24266666667</dst>
            <dst id="NYCMng">2234.912</dst>
            <dst id="SNVAng">2223.256</dst>
            <dst id="STTLng">5382.26133333333</dst>
            <dst id="WASHng">13053.2826666667</dst>
        </src>
        <src id="LOSAng">
            <dst id="ATLA-M5">114.04</dst>
            <dst id="ATLAng">7421.95466666667</dst>
            <dst id="CHINng">6389185.33333333</dst>
            <dst id="DNVRng">17360.9893333333</dst>
            <dst id="HSTNng">4193.90933333333</dst>
            <dst id="IPLSng">8710.92</dst>
            <dst id="KSCYng">14621.5413333333</dst>
            <dst id="LOSAng">14042.5653333333</dst>
            <dst id="NYCMng">49349.112</dst>
            <dst id="SNVAng">14435.7466666667</dst>
            <dst id="STTLng">56958.2693333334</dst>
            <dst id="WASHng">44202.944</dst>
        </src>
        <src id="NYCMng">
            <dst id="ATLA-M5">1029.904</dst>
            <dst id="ATLAng">18163.2</dst>
            <dst id="CHINng">30393.392</dst>
            <dst id="DNVRng">23959.36</dst>
            <dst id="HSTNng">7787.35733333333</dst>
            <dst id="IPLSng">18668.5253333333</dst>
            <dst id="KSCYng">7719.896</dst>
            <dst id="LOSAng">60054.8266666667</dst>
            <dst id="NYCMng">93765.4266666667</dst>
            <dst id="SNVAng">1319.17866666667</dst>
            <dst id="STTLng">23336.744</dst>
            <dst id="WASHng">40830.736</dst>
        </src>
        <src id="SNVAng">
            <dst id="ATLA-M5">0</dst>
            <dst id="ATLAng">303.701333333333</dst>
            <dst id="CHINng">26.6666666666667</dst>
            <dst id="DNVRng">3104.688</dst>
            <dst id="HSTNng">53.3333333333333</dst>
            <dst id="IPLSng">331.882666666667</dst>
            <dst id="KSCYng">0</dst>
            <dst id="LOSAng">8471.62666666667</dst>
            <dst id="NYCMng">26.6666666666667</dst>
            <dst id="SNVAng">7584.568</dst>
            <dst id="STTLng">17828.2853333333</dst>
            <dst id="WASHng">80</dst>
        </src>
        <src id="STTLng">
            <dst id="ATLA-M5">319.792</dst>
            <dst id="ATLAng">11904.2346666667</dst>
            <dst id="CHINng">24110.9013333333</dst>
            <dst id="DNVRng">6217.04533333333</dst>
            <dst id="HSTNng">2567.128</dst>
            <dst id="IPLSng">9054.96533333333</dst>
            <dst id="KSCYng">5203.41066666667</dst>
            <dst id="LOSAng">45654.7066666667</dst>
            <dst id="NYCMng">9136.744</dst>
            <dst id="SNVAng">2729.32</dst>
            <dst id="STTLng">23046.592</dst>
            <dst id="WASHng">14332.528</dst>
        </src>
        <src id="WASHng">
            <dst id="ATLA-M5">3308.54666666667</dst>
            <dst id="ATLAng">86089.3653333333</dst>
            <dst id="CHINng">83892.336</dst>
            <dst id="DNVRng">66768.952</dst>
            <dst id="HSTNng">17194.2533333333</dst>
            <dst id="IPLSng">59532.0986666667</dst>
            <dst id="KSCYng">29658.8693333333</dst>
            <dst id="LOSAng">82412.6133333333</dst>
            <dst id="NYCMng">173174.693333333</dst>
            <dst id="SNVAng">4179.58133333333</dst>
            <dst id="STTLng">62848.9066666667</dst>
            <dst id="WASHng">348570.72</dst>
        </src>
    </IntraTM>
</TrafficMatrixFile>
