<?xml version="1.0" encoding="ISO-8859-1" standalone="yes"?>
<TrafficMatrixFile xsi:noNamespaceSchemaLocation="http://totem.run.montefiore.ulg.ac.be/Schema/TrafficMatrix-v1_2.xsd" xmlns:xsi="http://www.w3.org/2001/XMLSchema-instance">
    <IntraTM ASID="11537">
        <src id="ATLA-M5">
            <dst id="ATLA-M5">0</dst>
            <dst id="ATLAng">473.573333333333</dst>
            <dst id="CHINng">469.376</dst>
            <dst id="DNVRng">26.6666666666667</dst>
            <dst id="HSTNng">91.8613333333333</dst>
            <dst id="IPLSng">231.477333333333</dst>
            <dst id="KSCYng">116.637333333333</dst>
            <dst id="LOSAng">40</dst>
            <dst id="NYCMng">138.424</dst>
            <dst id="SNVAng">40</dst>
            <dst id="STTLng">220.994666666667</dst>
            <dst id="WASHng">5025</dst>
        </src>
        <src id="ATLAng">
            <dst id="ATLA-M5">282.576</dst>
            <dst id="ATLAng">30503.9306666667</dst>
            <dst id="CHINng">10286.5226666667</dst>
            <dst id="DNVRng">3049.52533333333</dst>
            <dst id="HSTNng">1816.83733333333</dst>
            <dst id="IPLSng">16080.432</dst>
            <dst id="KSCYng">1603.88533333333</dst>
            <dst id="LOSAng">20970.1013333333</dst>
            <dst id="NYCMng">6836.048</dst>
            <dst id="SNVAng">393.552</dst>
            <dst id="STTLng">10713.104</dst>
            <dst id="WASHng">47269.656</dst>
        </src>
        <src id="CHINng">
            <dst id="ATLA-M5">583.362666666667</dst>
            <dst id="ATLAng">17783.0213333333</dst>
            <dst id="CHINng">98931.624</dst>
            <dst id="DNVRng">27766.2693333333</dst>
            <dst id="HSTNng">7814.40533333333</dst>
            <dst id="IPLSng">55780.0826666667</dst>
            <dst id="KSCYng">10336.168</dst>
            <dst id="LOSAng">28283.8693333333</dst>
            <dst id="NYCMng">10952.36</dst>
            <dst id="SNVAng">3207.44</dst>
            <dst id="STTLng">20960.208</dst>
            <dst id="WASHng">14974.0773333333</dst>
        </src>
        <src id="DNVRng">
            <dst id="ATLA-M5">93.5466666666666</dst>
            <dst id="ATLAng">8197.04266666667</dst>
            <dst id="CHINng">46392.2666666667</dst>
            <dst id="DNVRng">12107.9173333333</dst>
            <dst id="HSTNng">10671.9973333333</dst>
            <dst id="IPLSng">9768.56533333333</dst>
            <dst id="KSCYng">19320.584</dst>
            <dst id="LOSAng">36393.864</dst>
            <dst id="NYCMng">3745.55466666667</dst>
            <dst id="SNVAng">10105.6506666667</dst>
            <dst id="STTLng">14802.056</dst>
            <dst id="WASHng">16613.8746666667</dst>
        </src>
        <src id="HSTNng">
            <dst id="ATLA-M5">3681.34933333333</dst>
            <dst id="ATLAng">16153.8</dst>
            <dst id="CHINng">13630.4026666667</dst>
            <dst id="DNVRng">1290.04533333333</dst>
            <dst id="HSTNng">19290.2453333333</dst>
            <dst id="IPLSng">1852.62133333333</dst>
            <dst id="KSCYng">7435.91466666667</dst>
            <dst id="LOSAng">5680.22666666667</dst>
            <dst id="NYCMng">2647.34133333333</dst>
            <dst id="SNVAng">167.594666666667</dst>
            <dst id="STTLng">3969.40266666667</dst>
            <dst id="WASHng">2872.84266666667</dst>
        </src>
        <src id="IPLSng">
            <dst id="ATLA-M5">173.861333333333</dst>
            <dst id="ATLAng">11084.7386666667</dst>
            <dst id="CHINng">75592.0986666667</dst>
            <dst id="DNVRng">4390.88</dst>
            <dst id="HSTNng">1988.92</dst>
            <dst id="IPLSng">17257.0106666667</dst>
            <dst id="KSCYng">11240.6213333333</dst>
            <dst id="LOSAng">20654.616</dst>
            <dst id="NYCMng">10742.5786666667</dst>
            <dst id="SNVAng">324.056</dst>
            <dst id="STTLng">25376.4426666667</dst>
            <dst id="WASHng">29257.52</dst>
        </src>
        <src id="KSCYng">
            <dst id="ATLA-M5">53.3333333333333</dst>
            <dst id="ATLAng">7090.664</dst>
            <dst id="CHINng">22250.376</dst>
            <dst id="DNVRng">6630.53866666666</dst>
            <dst id="HSTNng">15065.7733333333</dst>
            <dst id="IPLSng">12884.36</dst>
            <dst id="KSCYng">9818.98666666667</dst>
            <dst id="LOSAng">5073.14133333333</dst>
            <dst id="NYCMng">3047.05066666667</dst>
            <dst id="SNVAng">2223.872</dst>
            <dst id="STTLng">7695.27466666666</dst>
            <dst id="WASHng">9900.85866666667</dst>
        </src>
        <src id="LOSAng">
            <dst id="ATLA-M5">318.946666666667</dst>
            <dst id="ATLAng">7794.78133333333</dst>
            <dst id="CHINng">116508.466666667</dst>
            <dst id="DNVRng">7158.608</dst>
            <dst id="HSTNng">4253.488</dst>
            <dst id="IPLSng">8191.18933333333</dst>
            <dst id="KSCYng">2834.384</dst>
            <dst id="LOSAng">7413.42933333333</dst>
            <dst id="NYCMng">50971.5706666667</dst>
            <dst id="SNVAng">18678.016</dst>
            <dst id="STTLng">57249.888</dst>
            <dst id="WASHng">48738.952</dst>
        </src>
        <src id="NYCMng">
            <dst id="ATLA-M5">349.154666666667</dst>
            <dst id="ATLAng">42638.712</dst>
            <dst id="CHINng">32639.3893333333</dst>
            <dst id="DNVRng">8950.048</dst>
            <dst id="HSTNng">3268.71733333333</dst>
            <dst id="IPLSng">12962.0613333333</dst>
            <dst id="KSCYng">5474.30133333333</dst>
            <dst id="LOSAng">50881.056</dst>
            <dst id="NYCMng">94362.312</dst>
            <dst id="SNVAng">1014.568</dst>
            <dst id="STTLng">28804.7093333333</dst>
            <dst id="WASHng">72608.416</dst>
        </src>
        <src id="SNVAng">
            <dst id="ATLA-M5">0</dst>
            <dst id="ATLAng">370.136</dst>
            <dst id="CHINng">160</dst>
            <dst id="DNVRng">3454.30133333333</dst>
            <dst id="HSTNng">0</dst>
            <dst id="IPLSng">347.752</dst>
            <dst id="KSCYng">0</dst>
            <dst id="LOSAng">8926.52533333333</dst>
            <dst id="NYCMng">2590.81866666667</dst>
            <dst id="SNVAng">7336.64266666667</dst>
            <dst id="STTLng">11469.7786666667</dst>
            <dst id="WASHng">0</dst>
        </src>
        <src id="STTLng">
            <dst id="ATLA-M5">387.765333333333</dst>
            <dst id="ATLAng">23353.2133333333</dst>
            <dst id="CHINng">38821.5706666667</dst>
            <dst id="DNVRng">2129.568</dst>
            <dst id="HSTNng">4779.05866666667</dst>
            <dst id="IPLSng">23038.1413333333</dst>
            <dst id="KSCYng">7679.448</dst>
            <dst id="LOSAng">32916.7493333333</dst>
            <dst id="NYCMng">11064.2906666667</dst>
            <dst id="SNVAng">1045.57866666667</dst>
            <dst id="STTLng">15456.7013333333</dst>
            <dst id="WASHng">36085.2266666667</dst>
        </src>
        <src id="WASHng">
            <dst id="ATLA-M5">608.544</dst>
            <dst id="ATLAng">102092.098666667</dst>
            <dst id="CHINng">56891.6426666667</dst>
            <dst id="DNVRng">66093.144</dst>
            <dst id="HSTNng">18705.3013333333</dst>
            <dst id="IPLSng">31784.848</dst>
            <dst id="KSCYng">29411.08</dst>
            <dst id="LOSAng">61678.5493333333</dst>
            <dst id="NYCMng">118705.853333333</dst>
            <dst id="SNVAng">863.626666666667</dst>
            <dst id="STTLng">46699.5253333333</dst>
            <dst id="WASHng">264544.338666667</dst>
        </src>
    </IntraTM>
</TrafficMatrixFile>
