<?xml version="1.0" encoding="ISO-8859-1" standalone="yes"?>
<TrafficMatrixFile xsi:noNamespaceSchemaLocation="http://totem.run.montefiore.ulg.ac.be/Schema/TrafficMatrix-v1_2.xsd" xmlns:xsi="http://www.w3.org/2001/XMLSchema-instance">
    <IntraTM ASID="11537">
        <src id="ATLA-M5">
            <dst id="ATLA-M5">218.517333333333</dst>
            <dst id="ATLAng">1753.89866666667</dst>
            <dst id="CHINng">1764.58133333333</dst>
            <dst id="DNVRng">199.357333333333</dst>
            <dst id="HSTNng">956.072</dst>
            <dst id="IPLSng">1004.42133333333</dst>
            <dst id="KSCYng">393.010666666667</dst>
            <dst id="LOSAng">193.3</dst>
            <dst id="NYCMng">1471.79466666667</dst>
            <dst id="SNVAng">73.3</dst>
            <dst id="STTLng">644.245333333333</dst>
            <dst id="WASHng">845.861333333333</dst>
        </src>
        <src id="ATLAng">
            <dst id="ATLA-M5">309.786666666667</dst>
            <dst id="ATLAng">37863.512</dst>
            <dst id="CHINng">37912.9813333333</dst>
            <dst id="DNVRng">15357.84</dst>
            <dst id="HSTNng">6164.824</dst>
            <dst id="IPLSng">17370.8586666667</dst>
            <dst id="KSCYng">6250.784</dst>
            <dst id="LOSAng">15233.8426666667</dst>
            <dst id="NYCMng">6404.56266666667</dst>
            <dst id="SNVAng">271.285333333333</dst>
            <dst id="STTLng">8980.96266666667</dst>
            <dst id="WASHng">38648.056</dst>
        </src>
        <src id="CHINng">
            <dst id="ATLA-M5">1265.30933333333</dst>
            <dst id="ATLAng">28250.7866666667</dst>
            <dst id="CHINng">105577.472</dst>
            <dst id="DNVRng">15941.6586666667</dst>
            <dst id="HSTNng">15104.1893333333</dst>
            <dst id="IPLSng">52359.8</dst>
            <dst id="KSCYng">23575.4186666667</dst>
            <dst id="LOSAng">48663.2426666667</dst>
            <dst id="NYCMng">17811.8293333333</dst>
            <dst id="SNVAng">6276.608</dst>
            <dst id="STTLng">19259.72</dst>
            <dst id="WASHng">31045.7333333333</dst>
        </src>
        <src id="DNVRng">
            <dst id="ATLA-M5">559.362666666667</dst>
            <dst id="ATLAng">15796.0346666667</dst>
            <dst id="CHINng">33299.952</dst>
            <dst id="DNVRng">36079.4906666667</dst>
            <dst id="HSTNng">13782.672</dst>
            <dst id="IPLSng">11883.272</dst>
            <dst id="KSCYng">29207.0693333333</dst>
            <dst id="LOSAng">9707.99733333333</dst>
            <dst id="NYCMng">6554.456</dst>
            <dst id="SNVAng">24537.8826666667</dst>
            <dst id="STTLng">33220.416</dst>
            <dst id="WASHng">25409.8266666667</dst>
        </src>
        <src id="HSTNng">
            <dst id="ATLA-M5">2688.96</dst>
            <dst id="ATLAng">5278.73866666667</dst>
            <dst id="CHINng">13589.144</dst>
            <dst id="DNVRng">1996.84533333333</dst>
            <dst id="HSTNng">18527.528</dst>
            <dst id="IPLSng">4130.61866666667</dst>
            <dst id="KSCYng">9582.944</dst>
            <dst id="LOSAng">5417.74666666667</dst>
            <dst id="NYCMng">3220.50133333333</dst>
            <dst id="SNVAng">26.6666666666667</dst>
            <dst id="STTLng">5661.89333333333</dst>
            <dst id="WASHng">7094.83466666667</dst>
        </src>
        <src id="IPLSng">
            <dst id="ATLA-M5">752.370666666667</dst>
            <dst id="ATLAng">10275.44</dst>
            <dst id="CHINng">49367.7973333333</dst>
            <dst id="DNVRng">7814.832</dst>
            <dst id="HSTNng">6612.92</dst>
            <dst id="IPLSng">49227.288</dst>
            <dst id="KSCYng">17958.792</dst>
            <dst id="LOSAng">15957.1226666667</dst>
            <dst id="NYCMng">8142.624</dst>
            <dst id="SNVAng">992.578666666667</dst>
            <dst id="STTLng">30850.3013333333</dst>
            <dst id="WASHng">17962.088</dst>
        </src>
        <src id="KSCYng">
            <dst id="ATLA-M5">215.306666666667</dst>
            <dst id="ATLAng">7793.424</dst>
            <dst id="CHINng">20798.5333333333</dst>
            <dst id="DNVRng">9102.45066666667</dst>
            <dst id="HSTNng">4044.088</dst>
            <dst id="IPLSng">16165.4586666667</dst>
            <dst id="KSCYng">12371.8293333333</dst>
            <dst id="LOSAng">5996.02133333334</dst>
            <dst id="NYCMng">5511.70666666667</dst>
            <dst id="SNVAng">2539.632</dst>
            <dst id="STTLng">11549.5973333333</dst>
            <dst id="WASHng">13088.3946666667</dst>
        </src>
        <src id="LOSAng">
            <dst id="ATLA-M5">418.954666666667</dst>
            <dst id="ATLAng">14045.7493333333</dst>
            <dst id="CHINng">81991.0773333333</dst>
            <dst id="DNVRng">32755.0826666667</dst>
            <dst id="HSTNng">6130.256</dst>
            <dst id="IPLSng">31192.2053333333</dst>
            <dst id="KSCYng">8895.19466666666</dst>
            <dst id="LOSAng">15053.6053333333</dst>
            <dst id="NYCMng">36867.368</dst>
            <dst id="SNVAng">17980.7706666667</dst>
            <dst id="STTLng">56804.5893333333</dst>
            <dst id="WASHng">84961.112</dst>
        </src>
        <src id="NYCMng">
            <dst id="ATLA-M5">869.834666666667</dst>
            <dst id="ATLAng">35489.72</dst>
            <dst id="CHINng">35854.8853333333</dst>
            <dst id="DNVRng">17988.16</dst>
            <dst id="HSTNng">14266.272</dst>
            <dst id="IPLSng">31907.768</dst>
            <dst id="KSCYng">9422.992</dst>
            <dst id="LOSAng">71866.304</dst>
            <dst id="NYCMng">93375.7333333333</dst>
            <dst id="SNVAng">2507.12533333333</dst>
            <dst id="STTLng">29232.408</dst>
            <dst id="WASHng">69951.712</dst>
        </src>
        <src id="SNVAng">
            <dst id="ATLA-M5">0</dst>
            <dst id="ATLAng">686.4</dst>
            <dst id="CHINng">160</dst>
            <dst id="DNVRng">4432.34666666667</dst>
            <dst id="HSTNng">67.6373333333333</dst>
            <dst id="IPLSng">334.416</dst>
            <dst id="KSCYng">26.6666666666667</dst>
            <dst id="LOSAng">7044.128</dst>
            <dst id="NYCMng">175.138666666667</dst>
            <dst id="SNVAng">7347.56</dst>
            <dst id="STTLng">17825.4506666667</dst>
            <dst id="WASHng">53.3333333333333</dst>
        </src>
        <src id="STTLng">
            <dst id="ATLA-M5">1424.264</dst>
            <dst id="ATLAng">15690.5146666667</dst>
            <dst id="CHINng">29629.5093333333</dst>
            <dst id="DNVRng">30891.7893333333</dst>
            <dst id="HSTNng">7902.296</dst>
            <dst id="IPLSng">24578.2346666667</dst>
            <dst id="KSCYng">17991.68</dst>
            <dst id="LOSAng">46070.9146666667</dst>
            <dst id="NYCMng">11774.1786666667</dst>
            <dst id="SNVAng">3150.93333333333</dst>
            <dst id="STTLng">26231.2853333333</dst>
            <dst id="WASHng">37509.512</dst>
        </src>
        <src id="WASHng">
            <dst id="ATLA-M5">1660.304</dst>
            <dst id="ATLAng">108418.832</dst>
            <dst id="CHINng">82881.992</dst>
            <dst id="DNVRng">48754.92</dst>
            <dst id="HSTNng">35143.3706666667</dst>
            <dst id="IPLSng">40042.9173333333</dst>
            <dst id="KSCYng">24364.0293333333</dst>
            <dst id="LOSAng">84161.8426666667</dst>
            <dst id="NYCMng">127607.037333333</dst>
            <dst id="SNVAng">5967.66133333333</dst>
            <dst id="STTLng">45950.776</dst>
            <dst id="WASHng">216882.565333333</dst>
        </src>
    </IntraTM>
</TrafficMatrixFile>
