<?xml version="1.0" encoding="ISO-8859-1" standalone="yes"?>
<TrafficMatrixFile xsi:noNamespaceSchemaLocation="http://totem.run.montefiore.ulg.ac.be/Schema/TrafficMatrix-v1_2.xsd" xmlns:xsi="http://www.w3.org/2001/XMLSchema-instance">
    <IntraTM ASID="11537">
        <src id="ATLA-M5">
            <dst id="ATLA-M5">53.3333333333333</dst>
            <dst id="ATLAng">1045.17333333333</dst>
            <dst id="CHINng">1042.61866666667</dst>
            <dst id="DNVRng">165.048</dst>
            <dst id="HSTNng">579.170666666667</dst>
            <dst id="IPLSng">1696.18666666667</dst>
            <dst id="KSCYng">1577.80266666667</dst>
            <dst id="LOSAng">383.116</dst>
            <dst id="NYCMng">1539.78666666667</dst>
            <dst id="SNVAng">68.0626666666667</dst>
            <dst id="STTLng">485.456</dst>
            <dst id="WASHng">1978.29866666667</dst>
        </src>
        <src id="ATLAng">
            <dst id="ATLA-M5">1410.49066666667</dst>
            <dst id="ATLAng">45669.904</dst>
            <dst id="CHINng">13800.8106666667</dst>
            <dst id="DNVRng">6446.04</dst>
            <dst id="HSTNng">8655.74666666667</dst>
            <dst id="IPLSng">26710.176</dst>
            <dst id="KSCYng">4698.848</dst>
            <dst id="LOSAng">31172.6186666667</dst>
            <dst id="NYCMng">10359.0533333333</dst>
            <dst id="SNVAng">2170.516</dst>
            <dst id="STTLng">13356.224</dst>
            <dst id="WASHng">46511.9946666667</dst>
        </src>
        <src id="CHINng">
            <dst id="ATLA-M5">1601.21333333333</dst>
            <dst id="ATLAng">23944.032</dst>
            <dst id="CHINng">88237.3573333333</dst>
            <dst id="DNVRng">17010.248</dst>
            <dst id="HSTNng">12297.2826666667</dst>
            <dst id="IPLSng">76903.3413333333</dst>
            <dst id="KSCYng">17761.688</dst>
            <dst id="LOSAng">39465.6453333333</dst>
            <dst id="NYCMng">11537.7013333333</dst>
            <dst id="SNVAng">7479.144</dst>
            <dst id="STTLng">27331.6666666667</dst>
            <dst id="WASHng">30397.616</dst>
        </src>
        <src id="DNVRng">
            <dst id="ATLA-M5">577.890666666667</dst>
            <dst id="ATLAng">5513.70133333333</dst>
            <dst id="CHINng">24136.0266666667</dst>
            <dst id="DNVRng">6871.67733333333</dst>
            <dst id="HSTNng">10536.8266666667</dst>
            <dst id="IPLSng">11514.6426666667</dst>
            <dst id="KSCYng">10270.6693333333</dst>
            <dst id="LOSAng">12956.224</dst>
            <dst id="NYCMng">9541.89866666667</dst>
            <dst id="SNVAng">14332.5093333333</dst>
            <dst id="STTLng">52584.528</dst>
            <dst id="WASHng">24715.0106666667</dst>
        </src>
        <src id="HSTNng">
            <dst id="ATLA-M5">3052.89066666667</dst>
            <dst id="ATLAng">9425.888</dst>
            <dst id="CHINng">18492.9386666667</dst>
            <dst id="DNVRng">1459.01866666667</dst>
            <dst id="HSTNng">16350.2266666667</dst>
            <dst id="IPLSng">5416.26133333333</dst>
            <dst id="KSCYng">9163.31733333333</dst>
            <dst id="LOSAng">7030.99733333333</dst>
            <dst id="NYCMng">2502.57066666667</dst>
            <dst id="SNVAng">1502.81333333333</dst>
            <dst id="STTLng">9285.904</dst>
            <dst id="WASHng">15433.0773333333</dst>
        </src>
        <src id="IPLSng">
            <dst id="ATLA-M5">743.688</dst>
            <dst id="ATLAng">11480.9786666667</dst>
            <dst id="CHINng">64623.312</dst>
            <dst id="DNVRng">10581.384</dst>
            <dst id="HSTNng">2290.05066666667</dst>
            <dst id="IPLSng">40860.5973333333</dst>
            <dst id="KSCYng">18558.3813333333</dst>
            <dst id="LOSAng">40676.12</dst>
            <dst id="NYCMng">10154.2773333333</dst>
            <dst id="SNVAng">3433.85333333333</dst>
            <dst id="STTLng">25728.3573333333</dst>
            <dst id="WASHng">31284.8773333333</dst>
        </src>
        <src id="KSCYng">
            <dst id="ATLA-M5">657.298666666667</dst>
            <dst id="ATLAng">6600.33866666667</dst>
            <dst id="CHINng">28067.392</dst>
            <dst id="DNVRng">7750.09333333333</dst>
            <dst id="HSTNng">7094.35466666667</dst>
            <dst id="IPLSng">13908.7066666667</dst>
            <dst id="KSCYng">5025.416</dst>
            <dst id="LOSAng">3920.71466666667</dst>
            <dst id="NYCMng">5849.81333333333</dst>
            <dst id="SNVAng">2695.09333333333</dst>
            <dst id="STTLng">10598.5386666667</dst>
            <dst id="WASHng">11274.336</dst>
        </src>
        <src id="LOSAng">
            <dst id="ATLA-M5">275.552</dst>
            <dst id="ATLAng">13789.6906666667</dst>
            <dst id="CHINng">143163.989333333</dst>
            <dst id="DNVRng">16940.5333333333</dst>
            <dst id="HSTNng">29400.1866666667</dst>
            <dst id="IPLSng">46687.0533333333</dst>
            <dst id="KSCYng">6681.57066666667</dst>
            <dst id="LOSAng">15040.4586666667</dst>
            <dst id="NYCMng">39656.424</dst>
            <dst id="SNVAng">27305.8773333333</dst>
            <dst id="STTLng">65327.2026666667</dst>
            <dst id="WASHng">70523.7253333333</dst>
        </src>
        <src id="NYCMng">
            <dst id="ATLA-M5">2265.88</dst>
            <dst id="ATLAng">29336.9146666667</dst>
            <dst id="CHINng">30040.8666666667</dst>
            <dst id="DNVRng">32179.64</dst>
            <dst id="HSTNng">28313.264</dst>
            <dst id="IPLSng">44688.9706666667</dst>
            <dst id="KSCYng">15097.264</dst>
            <dst id="LOSAng">66500.968</dst>
            <dst id="NYCMng">99677.9813333333</dst>
            <dst id="SNVAng">8503.81866666667</dst>
            <dst id="STTLng">19792.0293333333</dst>
            <dst id="WASHng">111350.288</dst>
        </src>
        <src id="SNVAng">
            <dst id="ATLA-M5">0</dst>
            <dst id="ATLAng">131.645333333333</dst>
            <dst id="CHINng">80</dst>
            <dst id="DNVRng">5569.872</dst>
            <dst id="HSTNng">76.2613333333333</dst>
            <dst id="IPLSng">499.365333333333</dst>
            <dst id="KSCYng">53.3333333333333</dst>
            <dst id="LOSAng">9583.28266666667</dst>
            <dst id="NYCMng">164.669333333333</dst>
            <dst id="SNVAng">8731.25866666667</dst>
            <dst id="STTLng">18942.7546666667</dst>
            <dst id="WASHng">143.189333333333</dst>
        </src>
        <src id="STTLng">
            <dst id="ATLA-M5">1679.38666666667</dst>
            <dst id="ATLAng">36203.2053333333</dst>
            <dst id="CHINng">54541.184</dst>
            <dst id="DNVRng">37071.6853333333</dst>
            <dst id="HSTNng">23863.648</dst>
            <dst id="IPLSng">51041.6533333333</dst>
            <dst id="KSCYng">27105.928</dst>
            <dst id="LOSAng">21046.32</dst>
            <dst id="NYCMng">20904.0026666667</dst>
            <dst id="SNVAng">12169.8826666667</dst>
            <dst id="STTLng">45204.776</dst>
            <dst id="WASHng">40988.2693333333</dst>
        </src>
        <src id="WASHng">
            <dst id="ATLA-M5">7922.512</dst>
            <dst id="ATLAng">142200.461333333</dst>
            <dst id="CHINng">86220.552</dst>
            <dst id="DNVRng">113967.872</dst>
            <dst id="HSTNng">25483.9013333333</dst>
            <dst id="IPLSng">61408.392</dst>
            <dst id="KSCYng">23008.4293333333</dst>
            <dst id="LOSAng">90426.1306666667</dst>
            <dst id="NYCMng">182756.786666667</dst>
            <dst id="SNVAng">10145.936</dst>
            <dst id="STTLng">59804.928</dst>
            <dst id="WASHng">217973.365333333</dst>
        </src>
    </IntraTM>
</TrafficMatrixFile>
