<?xml version="1.0" encoding="ISO-8859-1" standalone="yes"?>
<TrafficMatrixFile xsi:noNamespaceSchemaLocation="http://totem.run.montefiore.ulg.ac.be/Schema/TrafficMatrix-v1_2.xsd" xmlns:xsi="http://www.w3.org/2001/XMLSchema-instance">
    <IntraTM ASID="11537">
        <src id="ATLA-M5">
            <dst id="ATLA-M5">164.349333333333</dst>
            <dst id="ATLAng">2092.96</dst>
            <dst id="CHINng">831.165333333333</dst>
            <dst id="DNVRng">133.333333333333</dst>
            <dst id="HSTNng">1488.57866666667</dst>
            <dst id="IPLSng">1539.384</dst>
            <dst id="KSCYng">552.032</dst>
            <dst id="LOSAng">154.082666666667</dst>
            <dst id="NYCMng">2868.46933333333</dst>
            <dst id="SNVAng">126.688</dst>
            <dst id="STTLng">847.157333333333</dst>
            <dst id="WASHng">2472.40533333333</dst>
        </src>
        <src id="ATLAng">
            <dst id="ATLA-M5">573.416</dst>
            <dst id="ATLAng">45447.0986666667</dst>
            <dst id="CHINng">23919.792</dst>
            <dst id="DNVRng">4841.30666666667</dst>
            <dst id="HSTNng">22854.3813333333</dst>
            <dst id="IPLSng">31804.7706666667</dst>
            <dst id="KSCYng">13167.1013333333</dst>
            <dst id="LOSAng">17781.724</dst>
            <dst id="NYCMng">11010.824</dst>
            <dst id="SNVAng">1955.388</dst>
            <dst id="STTLng">19983.84</dst>
            <dst id="WASHng">75299.7946666667</dst>
        </src>
        <src id="CHINng">
            <dst id="ATLA-M5">1750.272</dst>
            <dst id="ATLAng">27105.2426666667</dst>
            <dst id="CHINng">112820.106666667</dst>
            <dst id="DNVRng">21657.936</dst>
            <dst id="HSTNng">21349.8186666667</dst>
            <dst id="IPLSng">78331.3893333333</dst>
            <dst id="KSCYng">25727.384</dst>
            <dst id="LOSAng">36044.3226666667</dst>
            <dst id="NYCMng">18691.0826666667</dst>
            <dst id="SNVAng">5286.90133333333</dst>
            <dst id="STTLng">41060.6213333333</dst>
            <dst id="WASHng">48714.192</dst>
        </src>
        <src id="DNVRng">
            <dst id="ATLA-M5">1127.792</dst>
            <dst id="ATLAng">19727.5973333333</dst>
            <dst id="CHINng">37451.2506666667</dst>
            <dst id="DNVRng">14165.7173333333</dst>
            <dst id="HSTNng">17815.2906666667</dst>
            <dst id="IPLSng">14788.1466666667</dst>
            <dst id="KSCYng">25169.6346666667</dst>
            <dst id="LOSAng">11090.6613333333</dst>
            <dst id="NYCMng">18973.0933333333</dst>
            <dst id="SNVAng">22526.4693333333</dst>
            <dst id="STTLng">35725.7093333333</dst>
            <dst id="WASHng">29672.248</dst>
        </src>
        <src id="HSTNng">
            <dst id="ATLA-M5">3194.21066666667</dst>
            <dst id="ATLAng">6950.264</dst>
            <dst id="CHINng">27427.3306666667</dst>
            <dst id="DNVRng">7791.952</dst>
            <dst id="HSTNng">20912.9786666667</dst>
            <dst id="IPLSng">6708.36266666667</dst>
            <dst id="KSCYng">11655.8346666667</dst>
            <dst id="LOSAng">4307.30666666667</dst>
            <dst id="NYCMng">5761.192</dst>
            <dst id="SNVAng">802.789333333333</dst>
            <dst id="STTLng">12739.6026666667</dst>
            <dst id="WASHng">16853.8133333333</dst>
        </src>
        <src id="IPLSng">
            <dst id="ATLA-M5">4988.18133333333</dst>
            <dst id="ATLAng">13204.712</dst>
            <dst id="CHINng">89270.9066666667</dst>
            <dst id="DNVRng">17612.896</dst>
            <dst id="HSTNng">6335.888</dst>
            <dst id="IPLSng">34492.3546666667</dst>
            <dst id="KSCYng">22482.3546666667</dst>
            <dst id="LOSAng">16857.6266666667</dst>
            <dst id="NYCMng">13745.8186666667</dst>
            <dst id="SNVAng">3752.17333333333</dst>
            <dst id="STTLng">30789.896</dst>
            <dst id="WASHng">55023.328</dst>
        </src>
        <src id="KSCYng">
            <dst id="ATLA-M5">1043.26133333333</dst>
            <dst id="ATLAng">10815.0666666667</dst>
            <dst id="CHINng">31625.4746666667</dst>
            <dst id="DNVRng">9438.944</dst>
            <dst id="HSTNng">5121.19466666667</dst>
            <dst id="IPLSng">24486.8986666667</dst>
            <dst id="KSCYng">16331.1493333333</dst>
            <dst id="LOSAng">4868.768</dst>
            <dst id="NYCMng">7818.688</dst>
            <dst id="SNVAng">2667.53866666667</dst>
            <dst id="STTLng">14902.3226666667</dst>
            <dst id="WASHng">17077.0693333333</dst>
        </src>
        <src id="LOSAng">
            <dst id="ATLA-M5">488.410666666667</dst>
            <dst id="ATLAng">20496.6613333333</dst>
            <dst id="CHINng">99072.528</dst>
            <dst id="DNVRng">50870.4186666667</dst>
            <dst id="HSTNng">14566.72</dst>
            <dst id="IPLSng">64825.7413333333</dst>
            <dst id="KSCYng">15665.9013333333</dst>
            <dst id="LOSAng">12685.1733333333</dst>
            <dst id="NYCMng">61673.8186666667</dst>
            <dst id="SNVAng">28307.9066666667</dst>
            <dst id="STTLng">54131.2</dst>
            <dst id="WASHng">77260.0853333333</dst>
        </src>
        <src id="NYCMng">
            <dst id="ATLA-M5">2063.92266666667</dst>
            <dst id="ATLAng">40188.704</dst>
            <dst id="CHINng">37226.92</dst>
            <dst id="DNVRng">29197.0693333333</dst>
            <dst id="HSTNng">16633.112</dst>
            <dst id="IPLSng">60306.64</dst>
            <dst id="KSCYng">22586.9946666667</dst>
            <dst id="LOSAng">66937.536</dst>
            <dst id="NYCMng">187959.386666667</dst>
            <dst id="SNVAng">6625.272</dst>
            <dst id="STTLng">31118</dst>
            <dst id="WASHng">156428.712</dst>
        </src>
        <src id="SNVAng">
            <dst id="ATLA-M5">0</dst>
            <dst id="ATLAng">304.213333333333</dst>
            <dst id="CHINng">106.666666666667</dst>
            <dst id="DNVRng">15596.896</dst>
            <dst id="HSTNng">161.92</dst>
            <dst id="IPLSng">596.872</dst>
            <dst id="KSCYng">109.144</dst>
            <dst id="LOSAng">14103.3173333333</dst>
            <dst id="NYCMng">116.893333333333</dst>
            <dst id="SNVAng">9886.66133333333</dst>
            <dst id="STTLng">18786.3653333333</dst>
            <dst id="WASHng">1446.69866666667</dst>
        </src>
        <src id="STTLng">
            <dst id="ATLA-M5">2817.34933333333</dst>
            <dst id="ATLAng">71878.2986666667</dst>
            <dst id="CHINng">106180.634666667</dst>
            <dst id="DNVRng">55226.8</dst>
            <dst id="HSTNng">43041.0933333333</dst>
            <dst id="IPLSng">92220.6906666666</dst>
            <dst id="KSCYng">58103.3066666667</dst>
            <dst id="LOSAng">10860.0186666667</dst>
            <dst id="NYCMng">28228.256</dst>
            <dst id="SNVAng">9575.82133333333</dst>
            <dst id="STTLng">53307.408</dst>
            <dst id="WASHng">125025.229333333</dst>
        </src>
        <src id="WASHng">
            <dst id="ATLA-M5">6735.176</dst>
            <dst id="ATLAng">141523.170666667</dst>
            <dst id="CHINng">132059.850666667</dst>
            <dst id="DNVRng">104560.794666667</dst>
            <dst id="HSTNng">34344.1733333333</dst>
            <dst id="IPLSng">98109.0186666667</dst>
            <dst id="KSCYng">26163.1333333333</dst>
            <dst id="LOSAng">105448.266666667</dst>
            <dst id="NYCMng">253004.237333333</dst>
            <dst id="SNVAng">12896.7733333333</dst>
            <dst id="STTLng">55753.7813333333</dst>
            <dst id="WASHng">246075.229333333</dst>
        </src>
    </IntraTM>
</TrafficMatrixFile>
