<?xml version="1.0" encoding="ISO-8859-1" standalone="yes"?>
<TrafficMatrixFile xsi:noNamespaceSchemaLocation="http://totem.run.montefiore.ulg.ac.be/Schema/TrafficMatrix-v1_2.xsd" xmlns:xsi="http://www.w3.org/2001/XMLSchema-instance">
    <IntraTM ASID="11537">
        <src id="ATLA-M5">
            <dst id="ATLA-M5">202.925333333333</dst>
            <dst id="ATLAng">640.770666666667</dst>
            <dst id="CHINng">820.226666666667</dst>
            <dst id="DNVRng">27.12</dst>
            <dst id="HSTNng">341.733333333333</dst>
            <dst id="IPLSng">452.984</dst>
            <dst id="KSCYng">199.821333333333</dst>
            <dst id="LOSAng">58.5013333333333</dst>
            <dst id="NYCMng">625.170666666667</dst>
            <dst id="SNVAng">26.6666666666667</dst>
            <dst id="STTLng">1302.45066666667</dst>
            <dst id="WASHng">6250.00266666667</dst>
        </src>
        <src id="ATLAng">
            <dst id="ATLA-M5">402.309333333333</dst>
            <dst id="ATLAng">67648.6106666667</dst>
            <dst id="CHINng">23533.1893333333</dst>
            <dst id="DNVRng">4701.99733333333</dst>
            <dst id="HSTNng">17586.6506666667</dst>
            <dst id="IPLSng">23453.2906666667</dst>
            <dst id="KSCYng">8215.77333333333</dst>
            <dst id="LOSAng">16698.2173333333</dst>
            <dst id="NYCMng">23505.1626666667</dst>
            <dst id="SNVAng">1176.916</dst>
            <dst id="STTLng">22315.72</dst>
            <dst id="WASHng">69746.1706666667</dst>
        </src>
        <src id="CHINng">
            <dst id="ATLA-M5">949.56</dst>
            <dst id="ATLAng">25958.264</dst>
            <dst id="CHINng">139951.693333333</dst>
            <dst id="DNVRng">23283.104</dst>
            <dst id="HSTNng">27311.168</dst>
            <dst id="IPLSng">79760.0026666667</dst>
            <dst id="KSCYng">18207.8373333333</dst>
            <dst id="LOSAng">46515.6773333333</dst>
            <dst id="NYCMng">18674.3466666667</dst>
            <dst id="SNVAng">6900.26133333333</dst>
            <dst id="STTLng">39667.704</dst>
            <dst id="WASHng">33892.6933333333</dst>
        </src>
        <src id="DNVRng">
            <dst id="ATLA-M5">691.210666666667</dst>
            <dst id="ATLAng">9280.47466666667</dst>
            <dst id="CHINng">97382.112</dst>
            <dst id="DNVRng">18643.472</dst>
            <dst id="HSTNng">19049.1013333333</dst>
            <dst id="IPLSng">35218.3653333333</dst>
            <dst id="KSCYng">23946.5893333333</dst>
            <dst id="LOSAng">21264.28</dst>
            <dst id="NYCMng">12907.0933333333</dst>
            <dst id="SNVAng">17573.5093333333</dst>
            <dst id="STTLng">29437.0693333333</dst>
            <dst id="WASHng">25840.4133333333</dst>
        </src>
        <src id="HSTNng">
            <dst id="ATLA-M5">2046.26133333333</dst>
            <dst id="ATLAng">10045.224</dst>
            <dst id="CHINng">16467.808</dst>
            <dst id="DNVRng">4629.67466666667</dst>
            <dst id="HSTNng">20495.3813333333</dst>
            <dst id="IPLSng">4393.32533333333</dst>
            <dst id="KSCYng">11433.1466666667</dst>
            <dst id="LOSAng">3701.33333333333</dst>
            <dst id="NYCMng">4513.12266666667</dst>
            <dst id="SNVAng">463.498666666667</dst>
            <dst id="STTLng">14054.1706666667</dst>
            <dst id="WASHng">15891.0293333333</dst>
        </src>
        <src id="IPLSng">
            <dst id="ATLA-M5">833.808</dst>
            <dst id="ATLAng">14865.328</dst>
            <dst id="CHINng">79022.2133333333</dst>
            <dst id="DNVRng">11594.952</dst>
            <dst id="HSTNng">17589.2053333333</dst>
            <dst id="IPLSng">20805.792</dst>
            <dst id="KSCYng">14328.9013333333</dst>
            <dst id="LOSAng">22462.464</dst>
            <dst id="NYCMng">18450.6773333333</dst>
            <dst id="SNVAng">4836.85066666667</dst>
            <dst id="STTLng">29825.328</dst>
            <dst id="WASHng">43960.6026666667</dst>
        </src>
        <src id="KSCYng">
            <dst id="ATLA-M5">769.426666666667</dst>
            <dst id="ATLAng">9259.76</dst>
            <dst id="CHINng">31571.6693333333</dst>
            <dst id="DNVRng">7532.728</dst>
            <dst id="HSTNng">4401.47733333333</dst>
            <dst id="IPLSng">21286.0213333333</dst>
            <dst id="KSCYng">10473.352</dst>
            <dst id="LOSAng">4812.96533333333</dst>
            <dst id="NYCMng">10040.5013333333</dst>
            <dst id="SNVAng">3721.29866666667</dst>
            <dst id="STTLng">18125.8853333333</dst>
            <dst id="WASHng">17760.7013333333</dst>
        </src>
        <src id="LOSAng">
            <dst id="ATLA-M5">262.138666666667</dst>
            <dst id="ATLAng">17171.848</dst>
            <dst id="CHINng">123234.650666667</dst>
            <dst id="DNVRng">17624.464</dst>
            <dst id="HSTNng">13670.3893333333</dst>
            <dst id="IPLSng">29235.0026666667</dst>
            <dst id="KSCYng">21079.392</dst>
            <dst id="LOSAng">7939.44</dst>
            <dst id="NYCMng">41328.4773333333</dst>
            <dst id="SNVAng">24532.184</dst>
            <dst id="STTLng">72078.4053333333</dst>
            <dst id="WASHng">59738.7973333333</dst>
        </src>
        <src id="NYCMng">
            <dst id="ATLA-M5">1445.89866666667</dst>
            <dst id="ATLAng">63424.752</dst>
            <dst id="CHINng">45559.592</dst>
            <dst id="DNVRng">17084.816</dst>
            <dst id="HSTNng">27564.9066666667</dst>
            <dst id="IPLSng">58623.9146666667</dst>
            <dst id="KSCYng">20852.1386666667</dst>
            <dst id="LOSAng">58217.2746666667</dst>
            <dst id="NYCMng">166902.688</dst>
            <dst id="SNVAng">8399.08266666667</dst>
            <dst id="STTLng">22863.7013333333</dst>
            <dst id="WASHng">100218.885333333</dst>
        </src>
        <src id="SNVAng">
            <dst id="ATLA-M5">0</dst>
            <dst id="ATLAng">106.666666666667</dst>
            <dst id="CHINng">160</dst>
            <dst id="DNVRng">59231.448</dst>
            <dst id="HSTNng">80</dst>
            <dst id="IPLSng">882.373333333333</dst>
            <dst id="KSCYng">562.197333333333</dst>
            <dst id="LOSAng">11431.9733333333</dst>
            <dst id="NYCMng">82.008</dst>
            <dst id="SNVAng">12859.7466666667</dst>
            <dst id="STTLng">20914.0346666667</dst>
            <dst id="WASHng">218.28</dst>
        </src>
        <src id="STTLng">
            <dst id="ATLA-M5">3987.81866666667</dst>
            <dst id="ATLAng">84377.0426666667</dst>
            <dst id="CHINng">133704.029333333</dst>
            <dst id="DNVRng">41225.4053333333</dst>
            <dst id="HSTNng">44539.1866666667</dst>
            <dst id="IPLSng">111601.008</dst>
            <dst id="KSCYng">75992.024</dst>
            <dst id="LOSAng">20139.8</dst>
            <dst id="NYCMng">33541.0266666667</dst>
            <dst id="SNVAng">9930.80533333333</dst>
            <dst id="STTLng">31594.5653333333</dst>
            <dst id="WASHng">112836.24</dst>
        </src>
        <src id="WASHng">
            <dst id="ATLA-M5">6597.56266666667</dst>
            <dst id="ATLAng">100176.242666667</dst>
            <dst id="CHINng">129466.488</dst>
            <dst id="DNVRng">63508.856</dst>
            <dst id="HSTNng">31952.8986666667</dst>
            <dst id="IPLSng">83124.8053333333</dst>
            <dst id="KSCYng">22141.408</dst>
            <dst id="LOSAng">72096.6053333333</dst>
            <dst id="NYCMng">247993.557333333</dst>
            <dst id="SNVAng">3249.29066666667</dst>
            <dst id="STTLng">56403.608</dst>
            <dst id="WASHng">306762.426666667</dst>
        </src>
    </IntraTM>
</TrafficMatrixFile>
