<?xml version="1.0" encoding="ISO-8859-1" standalone="yes"?>
<TrafficMatrixFile xsi:noNamespaceSchemaLocation="http://totem.run.montefiore.ulg.ac.be/Schema/TrafficMatrix-v1_2.xsd" xmlns:xsi="http://www.w3.org/2001/XMLSchema-instance">
    <IntraTM ASID="11537">
        <src id="ATLA-M5">
            <dst id="ATLA-M5">51.6293333333333</dst>
            <dst id="ATLAng">865.808</dst>
            <dst id="CHINng">840.426666666667</dst>
            <dst id="DNVRng">218.530666666667</dst>
            <dst id="HSTNng">524.168</dst>
            <dst id="IPLSng">614.997333333333</dst>
            <dst id="KSCYng">1114.168</dst>
            <dst id="LOSAng">1088.99466666667</dst>
            <dst id="NYCMng">1295.87733333333</dst>
            <dst id="SNVAng">26.6666666666667</dst>
            <dst id="STTLng">590.808</dst>
            <dst id="WASHng">1434.55466666667</dst>
        </src>
        <src id="ATLAng">
            <dst id="ATLA-M5">526.706666666667</dst>
            <dst id="ATLAng">60907.816</dst>
            <dst id="CHINng">17727.0853333333</dst>
            <dst id="DNVRng">7996.17866666666</dst>
            <dst id="HSTNng">8688.304</dst>
            <dst id="IPLSng">24164.4106666667</dst>
            <dst id="KSCYng">5406.78666666667</dst>
            <dst id="LOSAng">35162.7786666667</dst>
            <dst id="NYCMng">14101.0773333333</dst>
            <dst id="SNVAng">1267.93466666667</dst>
            <dst id="STTLng">14357.5653333333</dst>
            <dst id="WASHng">47636.7946666667</dst>
        </src>
        <src id="CHINng">
            <dst id="ATLA-M5">857.514666666667</dst>
            <dst id="ATLAng">29243.1733333333</dst>
            <dst id="CHINng">138477.189333333</dst>
            <dst id="DNVRng">19062.4693333333</dst>
            <dst id="HSTNng">18351.0986666667</dst>
            <dst id="IPLSng">60054.0693333333</dst>
            <dst id="KSCYng">24027.3173333333</dst>
            <dst id="LOSAng">39230.36</dst>
            <dst id="NYCMng">11422.1333333333</dst>
            <dst id="SNVAng">4712.26933333333</dst>
            <dst id="STTLng">24716.5413333333</dst>
            <dst id="WASHng">38276.84</dst>
        </src>
        <src id="DNVRng">
            <dst id="ATLA-M5">414.104</dst>
            <dst id="ATLAng">5550.78933333333</dst>
            <dst id="CHINng">41190.0773333333</dst>
            <dst id="DNVRng">15563.456</dst>
            <dst id="HSTNng">16910.856</dst>
            <dst id="IPLSng">10079.4026666667</dst>
            <dst id="KSCYng">43016.9626666667</dst>
            <dst id="LOSAng">16776.768</dst>
            <dst id="NYCMng">10938.7973333333</dst>
            <dst id="SNVAng">43139.6373333333</dst>
            <dst id="STTLng">58243.7866666667</dst>
            <dst id="WASHng">22699.504</dst>
        </src>
        <src id="HSTNng">
            <dst id="ATLA-M5">2815.96</dst>
            <dst id="ATLAng">3454.232</dst>
            <dst id="CHINng">11391.4293333333</dst>
            <dst id="DNVRng">1324.14666666667</dst>
            <dst id="HSTNng">20519.84</dst>
            <dst id="IPLSng">6155.53333333333</dst>
            <dst id="KSCYng">9716.752</dst>
            <dst id="LOSAng">6673.61866666667</dst>
            <dst id="NYCMng">3001.36266666667</dst>
            <dst id="SNVAng">433.072</dst>
            <dst id="STTLng">8177.528</dst>
            <dst id="WASHng">14123.376</dst>
        </src>
        <src id="IPLSng">
            <dst id="ATLA-M5">751.672</dst>
            <dst id="ATLAng">11387.632</dst>
            <dst id="CHINng">60026.4266666667</dst>
            <dst id="DNVRng">11388.2506666667</dst>
            <dst id="HSTNng">3683.41066666667</dst>
            <dst id="IPLSng">59751.6</dst>
            <dst id="KSCYng">27796.9706666667</dst>
            <dst id="LOSAng">13510.9306666667</dst>
            <dst id="NYCMng">6981.752</dst>
            <dst id="SNVAng">2081.416</dst>
            <dst id="STTLng">28843.7706666667</dst>
            <dst id="WASHng">30435.3573333333</dst>
        </src>
        <src id="KSCYng">
            <dst id="ATLA-M5">686.418666666667</dst>
            <dst id="ATLAng">6886.71466666667</dst>
            <dst id="CHINng">29680.72</dst>
            <dst id="DNVRng">8868.53066666667</dst>
            <dst id="HSTNng">5898.93066666667</dst>
            <dst id="IPLSng">16374.544</dst>
            <dst id="KSCYng">15229.0133333333</dst>
            <dst id="LOSAng">4712.70666666667</dst>
            <dst id="NYCMng">4173.79466666667</dst>
            <dst id="SNVAng">2734.76</dst>
            <dst id="STTLng">11923.4026666667</dst>
            <dst id="WASHng">11104.672</dst>
        </src>
        <src id="LOSAng">
            <dst id="ATLA-M5">1336.168</dst>
            <dst id="ATLAng">15417.3306666667</dst>
            <dst id="CHINng">101386.704</dst>
            <dst id="DNVRng">20980.1413333333</dst>
            <dst id="HSTNng">27230.472</dst>
            <dst id="IPLSng">37086.2906666667</dst>
            <dst id="KSCYng">5181.752</dst>
            <dst id="LOSAng">13994.2</dst>
            <dst id="NYCMng">34724.6613333333</dst>
            <dst id="SNVAng">23486.2346666667</dst>
            <dst id="STTLng">72473.504</dst>
            <dst id="WASHng">69074.208</dst>
        </src>
        <src id="NYCMng">
            <dst id="ATLA-M5">1365.61333333333</dst>
            <dst id="ATLAng">178019.058666667</dst>
            <dst id="CHINng">26793.2773333333</dst>
            <dst id="DNVRng">38182.1893333333</dst>
            <dst id="HSTNng">25882.8186666667</dst>
            <dst id="IPLSng">35347.1386666667</dst>
            <dst id="KSCYng">13905.32</dst>
            <dst id="LOSAng">65756.3226666667</dst>
            <dst id="NYCMng">107375.149333333</dst>
            <dst id="SNVAng">5768.64533333333</dst>
            <dst id="STTLng">20500.0853333333</dst>
            <dst id="WASHng">124819.96</dst>
        </src>
        <src id="SNVAng">
            <dst id="ATLA-M5">0</dst>
            <dst id="ATLAng">486.157333333333</dst>
            <dst id="CHINng">106.666666666667</dst>
            <dst id="DNVRng">7351.56533333333</dst>
            <dst id="HSTNng">200.677333333333</dst>
            <dst id="IPLSng">452.138666666667</dst>
            <dst id="KSCYng">0</dst>
            <dst id="LOSAng">9223.77066666667</dst>
            <dst id="NYCMng">2340.41866666667</dst>
            <dst id="SNVAng">8013.704</dst>
            <dst id="STTLng">17200.92</dst>
            <dst id="WASHng">166.829333333333</dst>
        </src>
        <src id="STTLng">
            <dst id="ATLA-M5">1588.14133333333</dst>
            <dst id="ATLAng">34730.128</dst>
            <dst id="CHINng">55956.1653333333</dst>
            <dst id="DNVRng">27106.2506666667</dst>
            <dst id="HSTNng">26073.9813333333</dst>
            <dst id="IPLSng">41643.4506666667</dst>
            <dst id="KSCYng">24828.888</dst>
            <dst id="LOSAng">29574.3413333333</dst>
            <dst id="NYCMng">21019.8373333333</dst>
            <dst id="SNVAng">9383.52533333333</dst>
            <dst id="STTLng">50455.5866666667</dst>
            <dst id="WASHng">42044.7253333333</dst>
        </src>
        <src id="WASHng">
            <dst id="ATLA-M5">8338.01866666667</dst>
            <dst id="ATLAng">127471.077333333</dst>
            <dst id="CHINng">110918.962666667</dst>
            <dst id="DNVRng">126544.261333333</dst>
            <dst id="HSTNng">20913.9973333333</dst>
            <dst id="IPLSng">89690.616</dst>
            <dst id="KSCYng">24970.5466666667</dst>
            <dst id="LOSAng">78157.3386666667</dst>
            <dst id="NYCMng">256574.829333333</dst>
            <dst id="SNVAng">17444.8693333333</dst>
            <dst id="STTLng">73266.7946666667</dst>
            <dst id="WASHng">235400.984</dst>
        </src>
    </IntraTM>
</TrafficMatrixFile>
