<?xml version="1.0" encoding="ISO-8859-1" standalone="yes"?>
<TrafficMatrixFile xsi:noNamespaceSchemaLocation="http://totem.run.montefiore.ulg.ac.be/Schema/TrafficMatrix-v1_2.xsd" xmlns:xsi="http://www.w3.org/2001/XMLSchema-instance">
    <IntraTM ASID="11537">
        <src id="ATLA-M5">
            <dst id="ATLA-M5">0</dst>
            <dst id="ATLAng">999.805333333333</dst>
            <dst id="CHINng">45329.728</dst>
            <dst id="DNVRng">0</dst>
            <dst id="HSTNng">451.314666666667</dst>
            <dst id="IPLSng">1889.20266666667</dst>
            <dst id="KSCYng">548.778666666667</dst>
            <dst id="LOSAng">241.013333333333</dst>
            <dst id="NYCMng">2125.13866666667</dst>
            <dst id="SNVAng">66.1333333333333</dst>
            <dst id="STTLng">546.453333333333</dst>
            <dst id="WASHng">44535.2506666667</dst>
        </src>
        <src id="ATLAng">
            <dst id="ATLA-M5">347.464</dst>
            <dst id="ATLAng">79727.0266666667</dst>
            <dst id="CHINng">27937.4773333333</dst>
            <dst id="DNVRng">6230.664</dst>
            <dst id="HSTNng">3249.58666666667</dst>
            <dst id="IPLSng">22137.4133333333</dst>
            <dst id="KSCYng">6890.70133333333</dst>
            <dst id="LOSAng">18316.124</dst>
            <dst id="NYCMng">12371.7013333333</dst>
            <dst id="SNVAng">2630.164</dst>
            <dst id="STTLng">12828.368</dst>
            <dst id="WASHng">43139.1893333333</dst>
        </src>
        <src id="CHINng">
            <dst id="ATLA-M5">1444.504</dst>
            <dst id="ATLAng">29779.6</dst>
            <dst id="CHINng">151222.381333333</dst>
            <dst id="DNVRng">9657.416</dst>
            <dst id="HSTNng">12317.9333333333</dst>
            <dst id="IPLSng">62040.8613333333</dst>
            <dst id="KSCYng">24776.1973333333</dst>
            <dst id="LOSAng">49698.136</dst>
            <dst id="NYCMng">16034.592</dst>
            <dst id="SNVAng">5164.42666666667</dst>
            <dst id="STTLng">27724.728</dst>
            <dst id="WASHng">39916.744</dst>
        </src>
        <src id="DNVRng">
            <dst id="ATLA-M5">123.626666666667</dst>
            <dst id="ATLAng">12928.8293333333</dst>
            <dst id="CHINng">26378.8933333333</dst>
            <dst id="DNVRng">10604.5733333333</dst>
            <dst id="HSTNng">14452.48</dst>
            <dst id="IPLSng">9566.96533333333</dst>
            <dst id="KSCYng">27560.5493333333</dst>
            <dst id="LOSAng">7853.808</dst>
            <dst id="NYCMng">7874.792</dst>
            <dst id="SNVAng">13241.672</dst>
            <dst id="STTLng">65400.6506666667</dst>
            <dst id="WASHng">20950.296</dst>
        </src>
        <src id="HSTNng">
            <dst id="ATLA-M5">4204.50666666667</dst>
            <dst id="ATLAng">5233.77866666667</dst>
            <dst id="CHINng">187071.250666667</dst>
            <dst id="DNVRng">2173.232</dst>
            <dst id="HSTNng">15276.7733333333</dst>
            <dst id="IPLSng">3207.76</dst>
            <dst id="KSCYng">9972.016</dst>
            <dst id="LOSAng">13959.0613333333</dst>
            <dst id="NYCMng">3132.69866666667</dst>
            <dst id="SNVAng">42.768</dst>
            <dst id="STTLng">6672.328</dst>
            <dst id="WASHng">15367.88</dst>
        </src>
        <src id="IPLSng">
            <dst id="ATLA-M5">654.893333333333</dst>
            <dst id="ATLAng">11803.7946666667</dst>
            <dst id="CHINng">53993.6853333334</dst>
            <dst id="DNVRng">9793.272</dst>
            <dst id="HSTNng">3220.70666666667</dst>
            <dst id="IPLSng">14580.1973333333</dst>
            <dst id="KSCYng">8934.06666666667</dst>
            <dst id="LOSAng">19457</dst>
            <dst id="NYCMng">18201.2026666667</dst>
            <dst id="SNVAng">1392.46133333333</dst>
            <dst id="STTLng">27831.5893333333</dst>
            <dst id="WASHng">18120.4693333333</dst>
        </src>
        <src id="KSCYng">
            <dst id="ATLA-M5">793.042666666667</dst>
            <dst id="ATLAng">9146.58133333333</dst>
            <dst id="CHINng">20023.2906666667</dst>
            <dst id="DNVRng">8732.488</dst>
            <dst id="HSTNng">4908.50933333333</dst>
            <dst id="IPLSng">16765.8986666667</dst>
            <dst id="KSCYng">12147.3893333333</dst>
            <dst id="LOSAng">5533.24</dst>
            <dst id="NYCMng">7478.632</dst>
            <dst id="SNVAng">2435.21866666667</dst>
            <dst id="STTLng">10701.5386666667</dst>
            <dst id="WASHng">16068.2586666667</dst>
        </src>
        <src id="LOSAng">
            <dst id="ATLA-M5">149.410666666667</dst>
            <dst id="ATLAng">14693.7706666667</dst>
            <dst id="CHINng">116574.170666667</dst>
            <dst id="DNVRng">35436.7466666667</dst>
            <dst id="HSTNng">34866.6666666667</dst>
            <dst id="IPLSng">52472.712</dst>
            <dst id="KSCYng">4735.40533333333</dst>
            <dst id="LOSAng">16014.1866666667</dst>
            <dst id="NYCMng">38522.4213333333</dst>
            <dst id="SNVAng">19771.0186666667</dst>
            <dst id="STTLng">68122.0426666667</dst>
            <dst id="WASHng">65683.6933333333</dst>
        </src>
        <src id="NYCMng">
            <dst id="ATLA-M5">984.048</dst>
            <dst id="ATLAng">37013.48</dst>
            <dst id="CHINng">47004.808</dst>
            <dst id="DNVRng">20998.1786666667</dst>
            <dst id="HSTNng">13375.6906666667</dst>
            <dst id="IPLSng">25054.408</dst>
            <dst id="KSCYng">14095.1866666667</dst>
            <dst id="LOSAng">59017.1973333333</dst>
            <dst id="NYCMng">160525.536</dst>
            <dst id="SNVAng">5843.184</dst>
            <dst id="STTLng">24743.7493333333</dst>
            <dst id="WASHng">105566.106666667</dst>
        </src>
        <src id="SNVAng">
            <dst id="ATLA-M5">0</dst>
            <dst id="ATLAng">0</dst>
            <dst id="CHINng">62.568</dst>
            <dst id="DNVRng">993.936</dst>
            <dst id="HSTNng">0</dst>
            <dst id="IPLSng">1668.88</dst>
            <dst id="KSCYng">80</dst>
            <dst id="LOSAng">7277.97066666667</dst>
            <dst id="NYCMng">87.0133333333333</dst>
            <dst id="SNVAng">6929.82666666667</dst>
            <dst id="STTLng">22173.248</dst>
            <dst id="WASHng">26.6666666666667</dst>
        </src>
        <src id="STTLng">
            <dst id="ATLA-M5">862.968</dst>
            <dst id="ATLAng">24196.8</dst>
            <dst id="CHINng">47387.864</dst>
            <dst id="DNVRng">19430.0613333333</dst>
            <dst id="HSTNng">13001.9546666667</dst>
            <dst id="IPLSng">42439.2293333333</dst>
            <dst id="KSCYng">24077.2106666667</dst>
            <dst id="LOSAng">43624.6906666667</dst>
            <dst id="NYCMng">13278.9226666667</dst>
            <dst id="SNVAng">4902.76</dst>
            <dst id="STTLng">30720.408</dst>
            <dst id="WASHng">34670.6533333333</dst>
        </src>
        <src id="WASHng">
            <dst id="ATLA-M5">2639.976</dst>
            <dst id="ATLAng">120865.162666667</dst>
            <dst id="CHINng">439131.84</dst>
            <dst id="DNVRng">73508.496</dst>
            <dst id="HSTNng">30193.144</dst>
            <dst id="IPLSng">65515.648</dst>
            <dst id="KSCYng">28581.6053333333</dst>
            <dst id="LOSAng">86953.6773333333</dst>
            <dst id="NYCMng">143797.450666667</dst>
            <dst id="SNVAng">9406.544</dst>
            <dst id="STTLng">55939.7066666667</dst>
            <dst id="WASHng">712105.173333333</dst>
        </src>
    </IntraTM>
</TrafficMatrixFile>
