<?xml version="1.0" encoding="ISO-8859-1" standalone="yes"?>
<TrafficMatrixFile xsi:noNamespaceSchemaLocation="http://totem.run.montefiore.ulg.ac.be/Schema/TrafficMatrix-v1_2.xsd" xmlns:xsi="http://www.w3.org/2001/XMLSchema-instance">
    <IntraTM ASID="11537">
        <src id="ATLA-M5">
            <dst id="ATLA-M5">26.6666666666667</dst>
            <dst id="ATLAng">548.821333333333</dst>
            <dst id="CHINng">1377.82933333333</dst>
            <dst id="DNVRng">106.666666666667</dst>
            <dst id="HSTNng">317.802666666667</dst>
            <dst id="IPLSng">909.277333333333</dst>
            <dst id="KSCYng">304.970666666667</dst>
            <dst id="LOSAng">51.94</dst>
            <dst id="NYCMng">1675.088</dst>
            <dst id="SNVAng">25.2733333333333</dst>
            <dst id="STTLng">678.128</dst>
            <dst id="WASHng">877.293333333333</dst>
        </src>
        <src id="ATLAng">
            <dst id="ATLA-M5">610.578666666667</dst>
            <dst id="ATLAng">35904.6373333333</dst>
            <dst id="CHINng">25357.76</dst>
            <dst id="DNVRng">4866.504</dst>
            <dst id="HSTNng">4324.464</dst>
            <dst id="IPLSng">17755.192</dst>
            <dst id="KSCYng">7610.264</dst>
            <dst id="LOSAng">12960.496</dst>
            <dst id="NYCMng">8105.208</dst>
            <dst id="SNVAng">2435.12</dst>
            <dst id="STTLng">8542.176</dst>
            <dst id="WASHng">38992.2186666667</dst>
        </src>
        <src id="CHINng">
            <dst id="ATLA-M5">839.656</dst>
            <dst id="ATLAng">28793.64</dst>
            <dst id="CHINng">99737.6026666667</dst>
            <dst id="DNVRng">17370.5546666667</dst>
            <dst id="HSTNng">9822.25333333333</dst>
            <dst id="IPLSng">52312.0453333333</dst>
            <dst id="KSCYng">21036.4186666667</dst>
            <dst id="LOSAng">50532.7626666667</dst>
            <dst id="NYCMng">13724.68</dst>
            <dst id="SNVAng">3341.528</dst>
            <dst id="STTLng">22369.7466666667</dst>
            <dst id="WASHng">21941.3573333333</dst>
        </src>
        <src id="DNVRng">
            <dst id="ATLA-M5">178.176</dst>
            <dst id="ATLAng">4899.29866666667</dst>
            <dst id="CHINng">27540.6986666667</dst>
            <dst id="DNVRng">15844.448</dst>
            <dst id="HSTNng">17830.392</dst>
            <dst id="IPLSng">12492.5386666667</dst>
            <dst id="KSCYng">12538.6373333333</dst>
            <dst id="LOSAng">8196.096</dst>
            <dst id="NYCMng">6970.752</dst>
            <dst id="SNVAng">5614.408</dst>
            <dst id="STTLng">26416.6426666667</dst>
            <dst id="WASHng">19220.968</dst>
        </src>
        <src id="HSTNng">
            <dst id="ATLA-M5">2320.016</dst>
            <dst id="ATLAng">6427.38666666667</dst>
            <dst id="CHINng">10953.3866666667</dst>
            <dst id="DNVRng">1691.78133333333</dst>
            <dst id="HSTNng">23894.6533333333</dst>
            <dst id="IPLSng">4468.50133333333</dst>
            <dst id="KSCYng">6186.73866666667</dst>
            <dst id="LOSAng">3859.11466666667</dst>
            <dst id="NYCMng">3079.20266666667</dst>
            <dst id="SNVAng">0</dst>
            <dst id="STTLng">5526.69333333333</dst>
            <dst id="WASHng">15991.5226666667</dst>
        </src>
        <src id="IPLSng">
            <dst id="ATLA-M5">426.632</dst>
            <dst id="ATLAng">12714.576</dst>
            <dst id="CHINng">68884.4293333333</dst>
            <dst id="DNVRng">6972.17866666667</dst>
            <dst id="HSTNng">5259.82666666667</dst>
            <dst id="IPLSng">48326.88</dst>
            <dst id="KSCYng">13291.008</dst>
            <dst id="LOSAng">10763.5333333333</dst>
            <dst id="NYCMng">6540.98666666666</dst>
            <dst id="SNVAng">1170.21333333333</dst>
            <dst id="STTLng">20211.5306666667</dst>
            <dst id="WASHng">12464.832</dst>
        </src>
        <src id="KSCYng">
            <dst id="ATLA-M5">454.194666666667</dst>
            <dst id="ATLAng">7952.96533333333</dst>
            <dst id="CHINng">24506.4986666667</dst>
            <dst id="DNVRng">7993.54666666667</dst>
            <dst id="HSTNng">4653.40266666667</dst>
            <dst id="IPLSng">14045.4186666667</dst>
            <dst id="KSCYng">6769.62933333333</dst>
            <dst id="LOSAng">5394.14133333333</dst>
            <dst id="NYCMng">7130.448</dst>
            <dst id="SNVAng">2457.19733333333</dst>
            <dst id="STTLng">9327.39466666667</dst>
            <dst id="WASHng">12460.8906666667</dst>
        </src>
        <src id="LOSAng">
            <dst id="ATLA-M5">419.341333333333</dst>
            <dst id="ATLAng">12811.0133333333</dst>
            <dst id="CHINng">77108.6453333333</dst>
            <dst id="DNVRng">26565.952</dst>
            <dst id="HSTNng">4705.50133333333</dst>
            <dst id="IPLSng">34279.576</dst>
            <dst id="KSCYng">8322.96</dst>
            <dst id="LOSAng">20927.048</dst>
            <dst id="NYCMng">34093.792</dst>
            <dst id="SNVAng">18396.3946666667</dst>
            <dst id="STTLng">51337.528</dst>
            <dst id="WASHng">52980.0026666667</dst>
        </src>
        <src id="NYCMng">
            <dst id="ATLA-M5">791.784</dst>
            <dst id="ATLAng">25029.352</dst>
            <dst id="CHINng">40346.856</dst>
            <dst id="DNVRng">19741.4293333333</dst>
            <dst id="HSTNng">11152.16</dst>
            <dst id="IPLSng">31545.1466666667</dst>
            <dst id="KSCYng">10129.4613333333</dst>
            <dst id="LOSAng">66065.4026666666</dst>
            <dst id="NYCMng">77952.3893333333</dst>
            <dst id="SNVAng">1719.77066666667</dst>
            <dst id="STTLng">24088.7146666667</dst>
            <dst id="WASHng">68045.9013333333</dst>
        </src>
        <src id="SNVAng">
            <dst id="ATLA-M5">0</dst>
            <dst id="ATLAng">563.349333333333</dst>
            <dst id="CHINng">106.666666666667</dst>
            <dst id="DNVRng">965.72</dst>
            <dst id="HSTNng">0</dst>
            <dst id="IPLSng">3422.752</dst>
            <dst id="KSCYng">0</dst>
            <dst id="LOSAng">10433.0106666667</dst>
            <dst id="NYCMng">166.016</dst>
            <dst id="SNVAng">7074.65866666667</dst>
            <dst id="STTLng">17836.4666666667</dst>
            <dst id="WASHng">53.3333333333333</dst>
        </src>
        <src id="STTLng">
            <dst id="ATLA-M5">909.496</dst>
            <dst id="ATLAng">15965.2106666667</dst>
            <dst id="CHINng">25312.9866666667</dst>
            <dst id="DNVRng">11837.7786666667</dst>
            <dst id="HSTNng">7358.472</dst>
            <dst id="IPLSng">19946.008</dst>
            <dst id="KSCYng">12637.2533333333</dst>
            <dst id="LOSAng">32395.4346666667</dst>
            <dst id="NYCMng">13405.912</dst>
            <dst id="SNVAng">2925.76266666667</dst>
            <dst id="STTLng">21283.5306666667</dst>
            <dst id="WASHng">18859.9973333333</dst>
        </src>
        <src id="WASHng">
            <dst id="ATLA-M5">4663.91733333333</dst>
            <dst id="ATLAng">135815.648</dst>
            <dst id="CHINng">59090.7946666667</dst>
            <dst id="DNVRng">48005.7973333333</dst>
            <dst id="HSTNng">38486.6666666667</dst>
            <dst id="IPLSng">42347.5573333333</dst>
            <dst id="KSCYng">21714.112</dst>
            <dst id="LOSAng">78214.6293333333</dst>
            <dst id="NYCMng">114377.722666667</dst>
            <dst id="SNVAng">6121.57333333333</dst>
            <dst id="STTLng">54177.424</dst>
            <dst id="WASHng">258450.290666667</dst>
        </src>
    </IntraTM>
</TrafficMatrixFile>
