<?xml version="1.0" encoding="ISO-8859-1" standalone="yes"?>
<TrafficMatrixFile xsi:noNamespaceSchemaLocation="http://totem.run.montefiore.ulg.ac.be/Schema/TrafficMatrix-v1_2.xsd" xmlns:xsi="http://www.w3.org/2001/XMLSchema-instance">
    <IntraTM ASID="11537">
        <src id="ATLA-M5">
            <dst id="ATLA-M5">129.784</dst>
            <dst id="ATLAng">1551.496</dst>
            <dst id="CHINng">2414.37333333333</dst>
            <dst id="DNVRng">287.4</dst>
            <dst id="HSTNng">363.474666666667</dst>
            <dst id="IPLSng">834.2</dst>
            <dst id="KSCYng">357.642666666667</dst>
            <dst id="LOSAng">109.450666666667</dst>
            <dst id="NYCMng">1429.616</dst>
            <dst id="SNVAng">0</dst>
            <dst id="STTLng">549.4</dst>
            <dst id="WASHng">1708.86933333333</dst>
        </src>
        <src id="ATLAng">
            <dst id="ATLA-M5">623.112</dst>
            <dst id="ATLAng">40913.184</dst>
            <dst id="CHINng">16664.3466666667</dst>
            <dst id="DNVRng">11515.7013333333</dst>
            <dst id="HSTNng">23943.0213333333</dst>
            <dst id="IPLSng">20351.648</dst>
            <dst id="KSCYng">6584.912</dst>
            <dst id="LOSAng">48217.5253333333</dst>
            <dst id="NYCMng">14499.52</dst>
            <dst id="SNVAng">1889.86533333333</dst>
            <dst id="STTLng">17001.216</dst>
            <dst id="WASHng">60097.0773333333</dst>
        </src>
        <src id="CHINng">
            <dst id="ATLA-M5">1691.992</dst>
            <dst id="ATLAng">26043.7093333333</dst>
            <dst id="CHINng">180655.477333333</dst>
            <dst id="DNVRng">21835.5333333333</dst>
            <dst id="HSTNng">13641.912</dst>
            <dst id="IPLSng">119350.962666667</dst>
            <dst id="KSCYng">17950.7626666667</dst>
            <dst id="LOSAng">36639.384</dst>
            <dst id="NYCMng">13284.704</dst>
            <dst id="SNVAng">7667.576</dst>
            <dst id="STTLng">32900.9653333333</dst>
            <dst id="WASHng">42614.3386666667</dst>
        </src>
        <src id="DNVRng">
            <dst id="ATLA-M5">402.648</dst>
            <dst id="ATLAng">7614.832</dst>
            <dst id="CHINng">59294.84</dst>
            <dst id="DNVRng">14593.7946666667</dst>
            <dst id="HSTNng">16733.0426666667</dst>
            <dst id="IPLSng">19143.816</dst>
            <dst id="KSCYng">21799.0346666667</dst>
            <dst id="LOSAng">15590.8266666667</dst>
            <dst id="NYCMng">7390.13866666667</dst>
            <dst id="SNVAng">24186.288</dst>
            <dst id="STTLng">61918.1306666667</dst>
            <dst id="WASHng">29058.4133333333</dst>
        </src>
        <src id="HSTNng">
            <dst id="ATLA-M5">560.394666666667</dst>
            <dst id="ATLAng">4507.24</dst>
            <dst id="CHINng">14500.9173333333</dst>
            <dst id="DNVRng">5170.62133333333</dst>
            <dst id="HSTNng">17177.9626666667</dst>
            <dst id="IPLSng">5266.048</dst>
            <dst id="KSCYng">16034.2426666667</dst>
            <dst id="LOSAng">6586.86666666667</dst>
            <dst id="NYCMng">6819.81333333333</dst>
            <dst id="SNVAng">317.837333333333</dst>
            <dst id="STTLng">8813.65866666667</dst>
            <dst id="WASHng">22279.9386666667</dst>
        </src>
        <src id="IPLSng">
            <dst id="ATLA-M5">844.349333333333</dst>
            <dst id="ATLAng">17056</dst>
            <dst id="CHINng">78397.4293333333</dst>
            <dst id="DNVRng">10400.0933333333</dst>
            <dst id="HSTNng">4113.46133333333</dst>
            <dst id="IPLSng">52330.688</dst>
            <dst id="KSCYng">8764.25333333333</dst>
            <dst id="LOSAng">19183.776</dst>
            <dst id="NYCMng">12632.16</dst>
            <dst id="SNVAng">7329.28533333333</dst>
            <dst id="STTLng">23804.5386666667</dst>
            <dst id="WASHng">26914.7333333333</dst>
        </src>
        <src id="KSCYng">
            <dst id="ATLA-M5">664.594666666667</dst>
            <dst id="ATLAng">11794.1733333333</dst>
            <dst id="CHINng">31961.5093333333</dst>
            <dst id="DNVRng">8494.30133333333</dst>
            <dst id="HSTNng">6855.632</dst>
            <dst id="IPLSng">14931.328</dst>
            <dst id="KSCYng">11756.6933333333</dst>
            <dst id="LOSAng">5322.40533333333</dst>
            <dst id="NYCMng">5662.02933333333</dst>
            <dst id="SNVAng">3244.97066666667</dst>
            <dst id="STTLng">12342.984</dst>
            <dst id="WASHng">11407.2106666667</dst>
        </src>
        <src id="LOSAng">
            <dst id="ATLA-M5">394.829333333333</dst>
            <dst id="ATLAng">16208.264</dst>
            <dst id="CHINng">108471.04</dst>
            <dst id="DNVRng">36058.44</dst>
            <dst id="HSTNng">12357.3413333333</dst>
            <dst id="IPLSng">47488.9813333333</dst>
            <dst id="KSCYng">7021.75733333333</dst>
            <dst id="LOSAng">10811.4</dst>
            <dst id="NYCMng">45027.2666666666</dst>
            <dst id="SNVAng">28220.624</dst>
            <dst id="STTLng">64020.3786666667</dst>
            <dst id="WASHng">71768.3333333333</dst>
        </src>
        <src id="NYCMng">
            <dst id="ATLA-M5">2075.83733333333</dst>
            <dst id="ATLAng">50807.7946666667</dst>
            <dst id="CHINng">30816.6426666667</dst>
            <dst id="DNVRng">37289.104</dst>
            <dst id="HSTNng">30312.7893333333</dst>
            <dst id="IPLSng">49562.9413333333</dst>
            <dst id="KSCYng">22806.2426666667</dst>
            <dst id="LOSAng">64167.0213333334</dst>
            <dst id="NYCMng">118576.354666667</dst>
            <dst id="SNVAng">12602.376</dst>
            <dst id="STTLng">22810.1573333333</dst>
            <dst id="WASHng">126370.536</dst>
        </src>
        <src id="SNVAng">
            <dst id="ATLA-M5">0</dst>
            <dst id="ATLAng">26.6666666666667</dst>
            <dst id="CHINng">171.970666666667</dst>
            <dst id="DNVRng">8519.512</dst>
            <dst id="HSTNng">189.149333333333</dst>
            <dst id="IPLSng">5624.08533333333</dst>
            <dst id="KSCYng">26.6666666666667</dst>
            <dst id="LOSAng">10783.7333333333</dst>
            <dst id="NYCMng">60.2426666666667</dst>
            <dst id="SNVAng">9585.44</dst>
            <dst id="STTLng">19526.7306666667</dst>
            <dst id="WASHng">157.32</dst>
        </src>
        <src id="STTLng">
            <dst id="ATLA-M5">1202.88</dst>
            <dst id="ATLAng">37199.1866666667</dst>
            <dst id="CHINng">55551.0373333333</dst>
            <dst id="DNVRng">35350.3573333333</dst>
            <dst id="HSTNng">38210.152</dst>
            <dst id="IPLSng">54423.1546666667</dst>
            <dst id="KSCYng">27275.7413333333</dst>
            <dst id="LOSAng">15909.2666666667</dst>
            <dst id="NYCMng">18825.9466666667</dst>
            <dst id="SNVAng">9050.512</dst>
            <dst id="STTLng">46039.968</dst>
            <dst id="WASHng">51389.0613333333</dst>
        </src>
        <src id="WASHng">
            <dst id="ATLA-M5">7741.592</dst>
            <dst id="ATLAng">127550.978666667</dst>
            <dst id="CHINng">104899.312</dst>
            <dst id="DNVRng">111201.973333333</dst>
            <dst id="HSTNng">34032.1733333333</dst>
            <dst id="IPLSng">72814.08</dst>
            <dst id="KSCYng">29905.8453333333</dst>
            <dst id="LOSAng">98145.3946666666</dst>
            <dst id="NYCMng">216520.181333333</dst>
            <dst id="SNVAng">11355.48</dst>
            <dst id="STTLng">74816.0693333333</dst>
            <dst id="WASHng">215231.365333333</dst>
        </src>
    </IntraTM>
</TrafficMatrixFile>
