<?xml version="1.0" encoding="ISO-8859-1" standalone="yes"?>
<TrafficMatrixFile xsi:noNamespaceSchemaLocation="http://totem.run.montefiore.ulg.ac.be/Schema/TrafficMatrix-v1_2.xsd" xmlns:xsi="http://www.w3.org/2001/XMLSchema-instance">
    <IntraTM ASID="11537">
        <src id="ATLA-M5">
            <dst id="ATLA-M5">56.816</dst>
            <dst id="ATLAng">662.029333333333</dst>
            <dst id="CHINng">2323.41333333333</dst>
            <dst id="DNVRng">101.602666666667</dst>
            <dst id="HSTNng">80</dst>
            <dst id="IPLSng">422.082666666667</dst>
            <dst id="KSCYng">108.48</dst>
            <dst id="LOSAng">160.757333333333</dst>
            <dst id="NYCMng">117.909333333333</dst>
            <dst id="SNVAng">37.2373333333333</dst>
            <dst id="STTLng">802.245333333334</dst>
            <dst id="WASHng">1434.704</dst>
        </src>
        <src id="ATLAng">
            <dst id="ATLA-M5">489.202666666667</dst>
            <dst id="ATLAng">31921.4026666667</dst>
            <dst id="CHINng">14107.0213333333</dst>
            <dst id="DNVRng">1317.58666666667</dst>
            <dst id="HSTNng">2719.232</dst>
            <dst id="IPLSng">23655.9813333333</dst>
            <dst id="KSCYng">4730.63466666667</dst>
            <dst id="LOSAng">17093.2933333333</dst>
            <dst id="NYCMng">9978.6</dst>
            <dst id="SNVAng">1254.76</dst>
            <dst id="STTLng">19691.7946666667</dst>
            <dst id="WASHng">60465.208</dst>
        </src>
        <src id="CHINng">
            <dst id="ATLA-M5">1381.856</dst>
            <dst id="ATLAng">38885.8133333333</dst>
            <dst id="CHINng">110019.002666667</dst>
            <dst id="DNVRng">11313.3653333333</dst>
            <dst id="HSTNng">21431.1893333333</dst>
            <dst id="IPLSng">62833.6133333333</dst>
            <dst id="KSCYng">24220.0853333333</dst>
            <dst id="LOSAng">30112.168</dst>
            <dst id="NYCMng">12261.1973333333</dst>
            <dst id="SNVAng">2656.14133333333</dst>
            <dst id="STTLng">32644.528</dst>
            <dst id="WASHng">30358.8373333333</dst>
        </src>
        <src id="DNVRng">
            <dst id="ATLA-M5">218.016</dst>
            <dst id="ATLAng">9074.83733333333</dst>
            <dst id="CHINng">49713.712</dst>
            <dst id="DNVRng">8120.152</dst>
            <dst id="HSTNng">13749.6986666667</dst>
            <dst id="IPLSng">12375.5573333333</dst>
            <dst id="KSCYng">22911.3226666667</dst>
            <dst id="LOSAng">6107.384</dst>
            <dst id="NYCMng">9407.69333333333</dst>
            <dst id="SNVAng">10597.9706666667</dst>
            <dst id="STTLng">21827.3146666667</dst>
            <dst id="WASHng">27449.5626666667</dst>
        </src>
        <src id="HSTNng">
            <dst id="ATLA-M5">2062.65866666667</dst>
            <dst id="ATLAng">13200.624</dst>
            <dst id="CHINng">15755.496</dst>
            <dst id="DNVRng">4945.232</dst>
            <dst id="HSTNng">15767.7946666667</dst>
            <dst id="IPLSng">4525.84266666667</dst>
            <dst id="KSCYng">7952.82133333334</dst>
            <dst id="LOSAng">1842.38666666667</dst>
            <dst id="NYCMng">4533.98133333333</dst>
            <dst id="SNVAng">547.512</dst>
            <dst id="STTLng">12324.2106666667</dst>
            <dst id="WASHng">4585.84266666667</dst>
        </src>
        <src id="IPLSng">
            <dst id="ATLA-M5">288.704</dst>
            <dst id="ATLAng">16680.9413333333</dst>
            <dst id="CHINng">86268.0613333333</dst>
            <dst id="DNVRng">4278.98933333333</dst>
            <dst id="HSTNng">2560.42933333333</dst>
            <dst id="IPLSng">27997.4773333333</dst>
            <dst id="KSCYng">6763.46666666667</dst>
            <dst id="LOSAng">20624.3146666667</dst>
            <dst id="NYCMng">31693.0666666667</dst>
            <dst id="SNVAng">957.157333333333</dst>
            <dst id="STTLng">37589.848</dst>
            <dst id="WASHng">33020.1333333333</dst>
        </src>
        <src id="KSCYng">
            <dst id="ATLA-M5">416.472</dst>
            <dst id="ATLAng">8716.448</dst>
            <dst id="CHINng">32919.2986666667</dst>
            <dst id="DNVRng">8490.61066666666</dst>
            <dst id="HSTNng">3090.31733333333</dst>
            <dst id="IPLSng">22877.5706666667</dst>
            <dst id="KSCYng">15022.0693333333</dst>
            <dst id="LOSAng">3168.28533333333</dst>
            <dst id="NYCMng">4752.688</dst>
            <dst id="SNVAng">2553.224</dst>
            <dst id="STTLng">15805.0293333333</dst>
            <dst id="WASHng">10093.0693333333</dst>
        </src>
        <src id="LOSAng">
            <dst id="ATLA-M5">302.898666666667</dst>
            <dst id="ATLAng">14248.2293333333</dst>
            <dst id="CHINng">192341.616</dst>
            <dst id="DNVRng">11801.9626666667</dst>
            <dst id="HSTNng">11195.584</dst>
            <dst id="IPLSng">26782.6293333333</dst>
            <dst id="KSCYng">4144.60266666667</dst>
            <dst id="LOSAng">10074.4773333333</dst>
            <dst id="NYCMng">56634.0506666667</dst>
            <dst id="SNVAng">21703.4853333333</dst>
            <dst id="STTLng">52397.504</dst>
            <dst id="WASHng">51561.1573333333</dst>
        </src>
        <src id="NYCMng">
            <dst id="ATLA-M5">2419.20266666667</dst>
            <dst id="ATLAng">45511.6613333333</dst>
            <dst id="CHINng">31195.9333333333</dst>
            <dst id="DNVRng">15640.7253333333</dst>
            <dst id="HSTNng">6449.66933333334</dst>
            <dst id="IPLSng">30152.032</dst>
            <dst id="KSCYng">10177.0293333333</dst>
            <dst id="LOSAng">51808.344</dst>
            <dst id="NYCMng">117870.136</dst>
            <dst id="SNVAng">1083.43733333333</dst>
            <dst id="STTLng">30388.592</dst>
            <dst id="WASHng">82727.12</dst>
        </src>
        <src id="SNVAng">
            <dst id="ATLA-M5">0</dst>
            <dst id="ATLAng">132.448</dst>
            <dst id="CHINng">546.714666666667</dst>
            <dst id="DNVRng">6846.66933333333</dst>
            <dst id="HSTNng">96.2186666666667</dst>
            <dst id="IPLSng">485.378666666667</dst>
            <dst id="KSCYng">201.053333333333</dst>
            <dst id="LOSAng">7625.80266666667</dst>
            <dst id="NYCMng">90.3333333333333</dst>
            <dst id="SNVAng">9084.34933333333</dst>
            <dst id="STTLng">16906.7813333333</dst>
            <dst id="WASHng">26.6666666666667</dst>
        </src>
        <src id="STTLng">
            <dst id="ATLA-M5">2924.01333333333</dst>
            <dst id="ATLAng">61629.768</dst>
            <dst id="CHINng">124240.109333333</dst>
            <dst id="DNVRng">15877.32</dst>
            <dst id="HSTNng">26612.072</dst>
            <dst id="IPLSng">79208.9333333333</dst>
            <dst id="KSCYng">56302.3573333333</dst>
            <dst id="LOSAng">27211.392</dst>
            <dst id="NYCMng">31551.3626666667</dst>
            <dst id="SNVAng">1623.016</dst>
            <dst id="STTLng">16658.9813333333</dst>
            <dst id="WASHng">84039.0426666667</dst>
        </src>
        <src id="WASHng">
            <dst id="ATLA-M5">725.362666666667</dst>
            <dst id="ATLAng">131001.250666667</dst>
            <dst id="CHINng">87439.2106666667</dst>
            <dst id="DNVRng">58053.616</dst>
            <dst id="HSTNng">24373.832</dst>
            <dst id="IPLSng">54354</dst>
            <dst id="KSCYng">16273.0533333333</dst>
            <dst id="LOSAng">72871.384</dst>
            <dst id="NYCMng">155743.109333333</dst>
            <dst id="SNVAng">1893.90933333333</dst>
            <dst id="STTLng">58043.6426666667</dst>
            <dst id="WASHng">339028.933333333</dst>
        </src>
    </IntraTM>
</TrafficMatrixFile>
