<?xml version="1.0" encoding="ISO-8859-1" standalone="yes"?>
<TrafficMatrixFile xsi:noNamespaceSchemaLocation="http://totem.run.montefiore.ulg.ac.be/Schema/TrafficMatrix-v1_2.xsd" xmlns:xsi="http://www.w3.org/2001/XMLSchema-instance">
    <IntraTM ASID="11537">
        <src id="ATLA-M5">
            <dst id="ATLA-M5">184.613333333333</dst>
            <dst id="ATLAng">1165.09866666667</dst>
            <dst id="CHINng">2643.84266666667</dst>
            <dst id="DNVRng">145.506666666667</dst>
            <dst id="HSTNng">130.992</dst>
            <dst id="IPLSng">1073.30666666667</dst>
            <dst id="KSCYng">279.76</dst>
            <dst id="LOSAng">26.6666666666667</dst>
            <dst id="NYCMng">1030.19466666667</dst>
            <dst id="SNVAng">0</dst>
            <dst id="STTLng">1133.23466666667</dst>
            <dst id="WASHng">1276.34133333333</dst>
        </src>
        <src id="ATLAng">
            <dst id="ATLA-M5">593.378666666667</dst>
            <dst id="ATLAng">36776.568</dst>
            <dst id="CHINng">20980.6986666667</dst>
            <dst id="DNVRng">6246.61333333333</dst>
            <dst id="HSTNng">22136.816</dst>
            <dst id="IPLSng">20671.576</dst>
            <dst id="KSCYng">6525.42666666667</dst>
            <dst id="LOSAng">23648.6733333333</dst>
            <dst id="NYCMng">14917.4933333333</dst>
            <dst id="SNVAng">1001.34533333333</dst>
            <dst id="STTLng">21456.752</dst>
            <dst id="WASHng">65563.6</dst>
        </src>
        <src id="CHINng">
            <dst id="ATLA-M5">595.693333333333</dst>
            <dst id="ATLAng">78198.9173333333</dst>
            <dst id="CHINng">308037.013333333</dst>
            <dst id="DNVRng">25686.2746666667</dst>
            <dst id="HSTNng">15180.4213333333</dst>
            <dst id="IPLSng">54967.8613333333</dst>
            <dst id="KSCYng">31158.8</dst>
            <dst id="LOSAng">34899.696</dst>
            <dst id="NYCMng">34002.4986666667</dst>
            <dst id="SNVAng">4746.49333333333</dst>
            <dst id="STTLng">33400.4826666667</dst>
            <dst id="WASHng">42850.6746666667</dst>
        </src>
        <src id="DNVRng">
            <dst id="ATLA-M5">689.674666666666</dst>
            <dst id="ATLAng">9772.78133333333</dst>
            <dst id="CHINng">41975.0586666667</dst>
            <dst id="DNVRng">19992.984</dst>
            <dst id="HSTNng">22849.688</dst>
            <dst id="IPLSng">26137.9466666667</dst>
            <dst id="KSCYng">34897.5253333333</dst>
            <dst id="LOSAng">16657.144</dst>
            <dst id="NYCMng">10451.9493333333</dst>
            <dst id="SNVAng">14870.848</dst>
            <dst id="STTLng">27933.8266666667</dst>
            <dst id="WASHng">30299.4133333333</dst>
        </src>
        <src id="HSTNng">
            <dst id="ATLA-M5">2473.98666666667</dst>
            <dst id="ATLAng">6747.624</dst>
            <dst id="CHINng">16192.6986666667</dst>
            <dst id="DNVRng">2282.08533333333</dst>
            <dst id="HSTNng">19996.6053333333</dst>
            <dst id="IPLSng">4846.90933333333</dst>
            <dst id="KSCYng">13788.4453333333</dst>
            <dst id="LOSAng">3589.68</dst>
            <dst id="NYCMng">6088.83466666667</dst>
            <dst id="SNVAng">2077.304</dst>
            <dst id="STTLng">12793.76</dst>
            <dst id="WASHng">13627.264</dst>
        </src>
        <src id="IPLSng">
            <dst id="ATLA-M5">770.48</dst>
            <dst id="ATLAng">27709.256</dst>
            <dst id="CHINng">119961.992</dst>
            <dst id="DNVRng">8491.36266666666</dst>
            <dst id="HSTNng">6139.77066666667</dst>
            <dst id="IPLSng">25750.28</dst>
            <dst id="KSCYng">11509.7493333333</dst>
            <dst id="LOSAng">29106.5706666667</dst>
            <dst id="NYCMng">11245.648</dst>
            <dst id="SNVAng">2055.01066666667</dst>
            <dst id="STTLng">39229.4373333333</dst>
            <dst id="WASHng">37802.0053333333</dst>
        </src>
        <src id="KSCYng">
            <dst id="ATLA-M5">792.749333333333</dst>
            <dst id="ATLAng">8577.048</dst>
            <dst id="CHINng">26094.8426666667</dst>
            <dst id="DNVRng">12093.92</dst>
            <dst id="HSTNng">5984.73066666667</dst>
            <dst id="IPLSng">22205.1146666667</dst>
            <dst id="KSCYng">20495.7866666667</dst>
            <dst id="LOSAng">3667.18133333333</dst>
            <dst id="NYCMng">7345.40266666667</dst>
            <dst id="SNVAng">2764.576</dst>
            <dst id="STTLng">17580.368</dst>
            <dst id="WASHng">20441.4186666667</dst>
        </src>
        <src id="LOSAng">
            <dst id="ATLA-M5">92.3626666666667</dst>
            <dst id="ATLAng">10565.68</dst>
            <dst id="CHINng">93706.3306666667</dst>
            <dst id="DNVRng">18676.2826666667</dst>
            <dst id="HSTNng">4813.03466666667</dst>
            <dst id="IPLSng">19083.3893333333</dst>
            <dst id="KSCYng">17443.192</dst>
            <dst id="LOSAng">8679.47466666666</dst>
            <dst id="NYCMng">32468.816</dst>
            <dst id="SNVAng">30023.2506666667</dst>
            <dst id="STTLng">67125.5733333333</dst>
            <dst id="WASHng">54353.7626666667</dst>
        </src>
        <src id="NYCMng">
            <dst id="ATLA-M5">1896.46133333333</dst>
            <dst id="ATLAng">47304.416</dst>
            <dst id="CHINng">52177.9653333333</dst>
            <dst id="DNVRng">27589.5253333333</dst>
            <dst id="HSTNng">13303.16</dst>
            <dst id="IPLSng">34144.944</dst>
            <dst id="KSCYng">20564.584</dst>
            <dst id="LOSAng">47427.848</dst>
            <dst id="NYCMng">172873.346666667</dst>
            <dst id="SNVAng">6475.864</dst>
            <dst id="STTLng">19029.392</dst>
            <dst id="WASHng">129702.258666667</dst>
        </src>
        <src id="SNVAng">
            <dst id="ATLA-M5">26.6666666666667</dst>
            <dst id="ATLAng">156.48</dst>
            <dst id="CHINng">166.786666666667</dst>
            <dst id="DNVRng">11129.8533333333</dst>
            <dst id="HSTNng">1117.488</dst>
            <dst id="IPLSng">481.653333333333</dst>
            <dst id="KSCYng">26.6666666666667</dst>
            <dst id="LOSAng">5097.79733333333</dst>
            <dst id="NYCMng">78.5413333333333</dst>
            <dst id="SNVAng">10109.456</dst>
            <dst id="STTLng">17212.3973333333</dst>
            <dst id="WASHng">160</dst>
        </src>
        <src id="STTLng">
            <dst id="ATLA-M5">3112.79466666667</dst>
            <dst id="ATLAng">60652.2853333333</dst>
            <dst id="CHINng">138802.237333333</dst>
            <dst id="DNVRng">32747.4373333333</dst>
            <dst id="HSTNng">29708.8853333333</dst>
            <dst id="IPLSng">85871.992</dst>
            <dst id="KSCYng">75189.7173333333</dst>
            <dst id="LOSAng">16723.12</dst>
            <dst id="NYCMng">29123.544</dst>
            <dst id="SNVAng">8297.136</dst>
            <dst id="STTLng">26677.376</dst>
            <dst id="WASHng">108778.584</dst>
        </src>
        <src id="WASHng">
            <dst id="ATLA-M5">2636.28533333333</dst>
            <dst id="ATLAng">132208.269333333</dst>
            <dst id="CHINng">94867.5066666667</dst>
            <dst id="DNVRng">74193.4853333333</dst>
            <dst id="HSTNng">43375.112</dst>
            <dst id="IPLSng">91317.8213333333</dst>
            <dst id="KSCYng">18452.696</dst>
            <dst id="LOSAng">75855.9626666667</dst>
            <dst id="NYCMng">244688.189333333</dst>
            <dst id="SNVAng">7285.97066666667</dst>
            <dst id="STTLng">60219.392</dst>
            <dst id="WASHng">383796.72</dst>
        </src>
    </IntraTM>
</TrafficMatrixFile>
