<?xml version="1.0" encoding="ISO-8859-1" standalone="yes"?>
<TrafficMatrixFile xsi:noNamespaceSchemaLocation="http://totem.run.montefiore.ulg.ac.be/Schema/TrafficMatrix-v1_2.xsd" xmlns:xsi="http://www.w3.org/2001/XMLSchema-instance">
    <IntraTM ASID="11537">
        <src id="ATLA-M5">
            <dst id="ATLA-M5">197.018666666667</dst>
            <dst id="ATLAng">823.592</dst>
            <dst id="CHINng">1088.48</dst>
            <dst id="DNVRng">226.018666666667</dst>
            <dst id="HSTNng">518.426666666667</dst>
            <dst id="IPLSng">1773.41866666667</dst>
            <dst id="KSCYng">738.464</dst>
            <dst id="LOSAng">134.845333333333</dst>
            <dst id="NYCMng">2196.94666666667</dst>
            <dst id="SNVAng">0</dst>
            <dst id="STTLng">625.264</dst>
            <dst id="WASHng">1551.44533333333</dst>
        </src>
        <src id="ATLAng">
            <dst id="ATLA-M5">2160.232</dst>
            <dst id="ATLAng">58250.4666666667</dst>
            <dst id="CHINng">16827.464</dst>
            <dst id="DNVRng">8667.98133333333</dst>
            <dst id="HSTNng">7897.66666666667</dst>
            <dst id="IPLSng">23664.9093333333</dst>
            <dst id="KSCYng">5472.27733333333</dst>
            <dst id="LOSAng">28799.4906666667</dst>
            <dst id="NYCMng">11126.76</dst>
            <dst id="SNVAng">1422.54933333333</dst>
            <dst id="STTLng">17356.0346666667</dst>
            <dst id="WASHng">45945.2293333333</dst>
        </src>
        <src id="CHINng">
            <dst id="ATLA-M5">1229.09866666667</dst>
            <dst id="ATLAng">25999.7626666667</dst>
            <dst id="CHINng">87842.0666666667</dst>
            <dst id="DNVRng">15986.16</dst>
            <dst id="HSTNng">11913.5093333333</dst>
            <dst id="IPLSng">94380.0613333333</dst>
            <dst id="KSCYng">14745.1306666667</dst>
            <dst id="LOSAng">32369.2106666667</dst>
            <dst id="NYCMng">13632.5066666667</dst>
            <dst id="SNVAng">5452.85333333333</dst>
            <dst id="STTLng">21470.2106666667</dst>
            <dst id="WASHng">34669.8293333333</dst>
        </src>
        <src id="DNVRng">
            <dst id="ATLA-M5">357.32</dst>
            <dst id="ATLAng">6277.08533333333</dst>
            <dst id="CHINng">29449.4213333333</dst>
            <dst id="DNVRng">7859.632</dst>
            <dst id="HSTNng">23735.8773333333</dst>
            <dst id="IPLSng">13798.312</dst>
            <dst id="KSCYng">11037.4026666667</dst>
            <dst id="LOSAng">12930.5573333333</dst>
            <dst id="NYCMng">7208.01333333334</dst>
            <dst id="SNVAng">15582.2</dst>
            <dst id="STTLng">56070.3093333333</dst>
            <dst id="WASHng">33026.2693333333</dst>
        </src>
        <src id="HSTNng">
            <dst id="ATLA-M5">3181.648</dst>
            <dst id="ATLAng">3475.54133333333</dst>
            <dst id="CHINng">17295.1946666667</dst>
            <dst id="DNVRng">1894.672</dst>
            <dst id="HSTNng">19759.944</dst>
            <dst id="IPLSng">4328.49066666667</dst>
            <dst id="KSCYng">10195.0613333333</dst>
            <dst id="LOSAng">5360.456</dst>
            <dst id="NYCMng">3006.04266666667</dst>
            <dst id="SNVAng">471.96</dst>
            <dst id="STTLng">8969.56266666667</dst>
            <dst id="WASHng">13336.6026666667</dst>
        </src>
        <src id="IPLSng">
            <dst id="ATLA-M5">682.504</dst>
            <dst id="ATLAng">14847.776</dst>
            <dst id="CHINng">69923.8746666667</dst>
            <dst id="DNVRng">11101.0693333333</dst>
            <dst id="HSTNng">2847.51733333333</dst>
            <dst id="IPLSng">37298.6826666667</dst>
            <dst id="KSCYng">7990.24533333333</dst>
            <dst id="LOSAng">19183.5093333333</dst>
            <dst id="NYCMng">14117.4533333333</dst>
            <dst id="SNVAng">3959.27466666667</dst>
            <dst id="STTLng">22138.9013333333</dst>
            <dst id="WASHng">36394.1653333333</dst>
        </src>
        <src id="KSCYng">
            <dst id="ATLA-M5">386.973333333333</dst>
            <dst id="ATLAng">7574.576</dst>
            <dst id="CHINng">31056.256</dst>
            <dst id="DNVRng">11214.056</dst>
            <dst id="HSTNng">6598.808</dst>
            <dst id="IPLSng">21016.4453333333</dst>
            <dst id="KSCYng">18225.9413333333</dst>
            <dst id="LOSAng">5040.384</dst>
            <dst id="NYCMng">6807.98666666666</dst>
            <dst id="SNVAng">2318.25066666667</dst>
            <dst id="STTLng">10327.152</dst>
            <dst id="WASHng">14172.0533333333</dst>
        </src>
        <src id="LOSAng">
            <dst id="ATLA-M5">264.445333333333</dst>
            <dst id="ATLAng">24633.8373333333</dst>
            <dst id="CHINng">123506.64</dst>
            <dst id="DNVRng">23037.784</dst>
            <dst id="HSTNng">11600.656</dst>
            <dst id="IPLSng">31146.536</dst>
            <dst id="KSCYng">10348.2906666667</dst>
            <dst id="LOSAng">11854.2533333333</dst>
            <dst id="NYCMng">45450.616</dst>
            <dst id="SNVAng">19503.6133333333</dst>
            <dst id="STTLng">65350.776</dst>
            <dst id="WASHng">70159.3946666667</dst>
        </src>
        <src id="NYCMng">
            <dst id="ATLA-M5">2652.576</dst>
            <dst id="ATLAng">61712.4453333333</dst>
            <dst id="CHINng">29041.1333333333</dst>
            <dst id="DNVRng">27913.2933333333</dst>
            <dst id="HSTNng">25494.1066666667</dst>
            <dst id="IPLSng">43210.2053333333</dst>
            <dst id="KSCYng">15765.5786666667</dst>
            <dst id="LOSAng">61780.0373333333</dst>
            <dst id="NYCMng">95805.8533333333</dst>
            <dst id="SNVAng">6115.39466666667</dst>
            <dst id="STTLng">23813.1973333333</dst>
            <dst id="WASHng">129436.186666667</dst>
        </src>
        <src id="SNVAng">
            <dst id="ATLA-M5">0</dst>
            <dst id="ATLAng">109.610666666667</dst>
            <dst id="CHINng">111.330666666667</dst>
            <dst id="DNVRng">6154.22133333333</dst>
            <dst id="HSTNng">415.218666666667</dst>
            <dst id="IPLSng">467.618666666667</dst>
            <dst id="KSCYng">80</dst>
            <dst id="LOSAng">8784.25333333333</dst>
            <dst id="NYCMng">148.114666666667</dst>
            <dst id="SNVAng">9158.86133333333</dst>
            <dst id="STTLng">18853.656</dst>
            <dst id="WASHng">53.3333333333333</dst>
        </src>
        <src id="STTLng">
            <dst id="ATLA-M5">1132.04266666667</dst>
            <dst id="ATLAng">39630.264</dst>
            <dst id="CHINng">62842.2533333333</dst>
            <dst id="DNVRng">30291.5253333333</dst>
            <dst id="HSTNng">32305.3013333333</dst>
            <dst id="IPLSng">46034.6933333333</dst>
            <dst id="KSCYng">31039.2186666667</dst>
            <dst id="LOSAng">18077.392</dst>
            <dst id="NYCMng">23062.592</dst>
            <dst id="SNVAng">12186.0346666667</dst>
            <dst id="STTLng">43637.0133333333</dst>
            <dst id="WASHng">52631.384</dst>
        </src>
        <src id="WASHng">
            <dst id="ATLA-M5">9109.888</dst>
            <dst id="ATLAng">140765.208</dst>
            <dst id="CHINng">78987.928</dst>
            <dst id="DNVRng">98777.1333333333</dst>
            <dst id="HSTNng">24472.1946666667</dst>
            <dst id="IPLSng">71795.9973333333</dst>
            <dst id="KSCYng">31653.4906666667</dst>
            <dst id="LOSAng">97655.7706666666</dst>
            <dst id="NYCMng">148585.869333333</dst>
            <dst id="SNVAng">10089.432</dst>
            <dst id="STTLng">66865.264</dst>
            <dst id="WASHng">230452.736</dst>
        </src>
    </IntraTM>
</TrafficMatrixFile>
