<?xml version="1.0" encoding="ISO-8859-1" standalone="yes"?>
<TrafficMatrixFile xsi:noNamespaceSchemaLocation="http://totem.run.montefiore.ulg.ac.be/Schema/TrafficMatrix-v1_2.xsd" xmlns:xsi="http://www.w3.org/2001/XMLSchema-instance">
    <IntraTM ASID="11537">
        <src id="ATLA-M5">
            <dst id="ATLA-M5">26.6666666666667</dst>
            <dst id="ATLAng">1050.97333333333</dst>
            <dst id="CHINng">1217.984</dst>
            <dst id="DNVRng">562.146666666667</dst>
            <dst id="HSTNng">154.794666666667</dst>
            <dst id="IPLSng">1877.88266666667</dst>
            <dst id="KSCYng">831.450666666667</dst>
            <dst id="LOSAng">58.752</dst>
            <dst id="NYCMng">1221.11733333333</dst>
            <dst id="SNVAng">103.976</dst>
            <dst id="STTLng">851.346666666667</dst>
            <dst id="WASHng">2562.46933333333</dst>
        </src>
        <src id="ATLAng">
            <dst id="ATLA-M5">828.930666666667</dst>
            <dst id="ATLAng">42354.5093333333</dst>
            <dst id="CHINng">22446.0266666667</dst>
            <dst id="DNVRng">8299.184</dst>
            <dst id="HSTNng">7917.78933333333</dst>
            <dst id="IPLSng">25069.7013333333</dst>
            <dst id="KSCYng">5411.672</dst>
            <dst id="LOSAng">23828.6986666667</dst>
            <dst id="NYCMng">22866.7333333333</dst>
            <dst id="SNVAng">814.216</dst>
            <dst id="STTLng">12163.52</dst>
            <dst id="WASHng">46483.9093333333</dst>
        </src>
        <src id="CHINng">
            <dst id="ATLA-M5">1966.82933333333</dst>
            <dst id="ATLAng">19827.3386666667</dst>
            <dst id="CHINng">273991.146666667</dst>
            <dst id="DNVRng">18549.5253333333</dst>
            <dst id="HSTNng">12767.1653333333</dst>
            <dst id="IPLSng">56728.872</dst>
            <dst id="KSCYng">16396.4293333333</dst>
            <dst id="LOSAng">53965.544</dst>
            <dst id="NYCMng">11967.104</dst>
            <dst id="SNVAng">4645.792</dst>
            <dst id="STTLng">20560.584</dst>
            <dst id="WASHng">42831.7066666667</dst>
        </src>
        <src id="DNVRng">
            <dst id="ATLA-M5">292.816</dst>
            <dst id="ATLAng">14465.9706666667</dst>
            <dst id="CHINng">31809.016</dst>
            <dst id="DNVRng">8143.76</dst>
            <dst id="HSTNng">12338.464</dst>
            <dst id="IPLSng">10726.1653333333</dst>
            <dst id="KSCYng">8824.06933333333</dst>
            <dst id="LOSAng">13368.3466666667</dst>
            <dst id="NYCMng">18622.0213333333</dst>
            <dst id="SNVAng">8270.44533333333</dst>
            <dst id="STTLng">20567.0293333333</dst>
            <dst id="WASHng">21724.1253333333</dst>
        </src>
        <src id="HSTNng">
            <dst id="ATLA-M5">2993.09066666667</dst>
            <dst id="ATLAng">3471.06133333333</dst>
            <dst id="CHINng">10672.6213333333</dst>
            <dst id="DNVRng">1718.48266666667</dst>
            <dst id="HSTNng">13357.264</dst>
            <dst id="IPLSng">3946.90933333333</dst>
            <dst id="KSCYng">6644.05866666667</dst>
            <dst id="LOSAng">14002.4293333333</dst>
            <dst id="NYCMng">2152.64</dst>
            <dst id="SNVAng">165.858666666667</dst>
            <dst id="STTLng">6581.344</dst>
            <dst id="WASHng">5566.92533333333</dst>
        </src>
        <src id="IPLSng">
            <dst id="ATLA-M5">456.410666666667</dst>
            <dst id="ATLAng">17925.688</dst>
            <dst id="CHINng">63392.528</dst>
            <dst id="DNVRng">13032.8853333333</dst>
            <dst id="HSTNng">3081.69066666667</dst>
            <dst id="IPLSng">16433.9253333333</dst>
            <dst id="KSCYng">15610.3893333333</dst>
            <dst id="LOSAng">20086.5226666667</dst>
            <dst id="NYCMng">8709.448</dst>
            <dst id="SNVAng">6779.24533333333</dst>
            <dst id="STTLng">40438.9733333333</dst>
            <dst id="WASHng">26725.472</dst>
        </src>
        <src id="KSCYng">
            <dst id="ATLA-M5">290.997333333333</dst>
            <dst id="ATLAng">11326.3893333333</dst>
            <dst id="CHINng">22146.5386666667</dst>
            <dst id="DNVRng">8874.11466666666</dst>
            <dst id="HSTNng">4684.78933333333</dst>
            <dst id="IPLSng">11177.1946666667</dst>
            <dst id="KSCYng">5777.27466666667</dst>
            <dst id="LOSAng">5369.03733333333</dst>
            <dst id="NYCMng">8215.57866666667</dst>
            <dst id="SNVAng">2526.23466666667</dst>
            <dst id="STTLng">15225.0506666667</dst>
            <dst id="WASHng">13955.744</dst>
        </src>
        <src id="LOSAng">
            <dst id="ATLA-M5">404.744</dst>
            <dst id="ATLAng">14892.24</dst>
            <dst id="CHINng">6448586.13333333</dst>
            <dst id="DNVRng">10293.648</dst>
            <dst id="HSTNng">11592.136</dst>
            <dst id="IPLSng">32425.9813333333</dst>
            <dst id="KSCYng">9835.032</dst>
            <dst id="LOSAng">14821.912</dst>
            <dst id="NYCMng">50637.544</dst>
            <dst id="SNVAng">26044.3413333333</dst>
            <dst id="STTLng">76240.7546666667</dst>
            <dst id="WASHng">59882.2426666667</dst>
        </src>
        <src id="NYCMng">
            <dst id="ATLA-M5">4639.82666666667</dst>
            <dst id="ATLAng">34128.7946666667</dst>
            <dst id="CHINng">31724.8773333333</dst>
            <dst id="DNVRng">22978.12</dst>
            <dst id="HSTNng">9299.696</dst>
            <dst id="IPLSng">46032.6746666667</dst>
            <dst id="KSCYng">10841.072</dst>
            <dst id="LOSAng">78640.5573333333</dst>
            <dst id="NYCMng">114570.512</dst>
            <dst id="SNVAng">3372.312</dst>
            <dst id="STTLng">28318.1626666667</dst>
            <dst id="WASHng">133286.869333333</dst>
        </src>
        <src id="SNVAng">
            <dst id="ATLA-M5">0</dst>
            <dst id="ATLAng">0</dst>
            <dst id="CHINng">26.6666666666667</dst>
            <dst id="DNVRng">7588.592</dst>
            <dst id="HSTNng">0</dst>
            <dst id="IPLSng">1040.888</dst>
            <dst id="KSCYng">53.3333333333333</dst>
            <dst id="LOSAng">9347.872</dst>
            <dst id="NYCMng">31.9893333333333</dst>
            <dst id="SNVAng">8688.41066666667</dst>
            <dst id="STTLng">22082.592</dst>
            <dst id="WASHng">1748.192</dst>
        </src>
        <src id="STTLng">
            <dst id="ATLA-M5">1447.10933333333</dst>
            <dst id="ATLAng">27460.9546666667</dst>
            <dst id="CHINng">56365.6586666667</dst>
            <dst id="DNVRng">21035.8213333333</dst>
            <dst id="HSTNng">12412.752</dst>
            <dst id="IPLSng">36082.536</dst>
            <dst id="KSCYng">33405.9546666667</dst>
            <dst id="LOSAng">52879.056</dst>
            <dst id="NYCMng">15540.52</dst>
            <dst id="SNVAng">5339.10666666667</dst>
            <dst id="STTLng">36289.696</dst>
            <dst id="WASHng">53148.152</dst>
        </src>
        <src id="WASHng">
            <dst id="ATLA-M5">1453.848</dst>
            <dst id="ATLAng">153181.064</dst>
            <dst id="CHINng">82009.6906666667</dst>
            <dst id="DNVRng">63529.0586666667</dst>
            <dst id="HSTNng">19242.488</dst>
            <dst id="IPLSng">49572.5493333333</dst>
            <dst id="KSCYng">23174.1333333333</dst>
            <dst id="LOSAng">129548.082666667</dst>
            <dst id="NYCMng">161117.410666667</dst>
            <dst id="SNVAng">7000.57866666667</dst>
            <dst id="STTLng">50687.5733333333</dst>
            <dst id="WASHng">198457.077333333</dst>
        </src>
    </IntraTM>
</TrafficMatrixFile>
