<?xml version="1.0" encoding="ISO-8859-1" standalone="yes"?>
<TrafficMatrixFile xsi:noNamespaceSchemaLocation="http://totem.run.montefiore.ulg.ac.be/Schema/TrafficMatrix-v1_2.xsd" xmlns:xsi="http://www.w3.org/2001/XMLSchema-instance">
    <IntraTM ASID="11537">
        <src id="ATLA-M5">
            <dst id="ATLA-M5">450.098666666667</dst>
            <dst id="ATLAng">2528.25866666667</dst>
            <dst id="CHINng">761.685333333333</dst>
            <dst id="DNVRng">80</dst>
            <dst id="HSTNng">1363.76</dst>
            <dst id="IPLSng">1302.72533333333</dst>
            <dst id="KSCYng">762.362666666667</dst>
            <dst id="LOSAng">259.258666666667</dst>
            <dst id="NYCMng">2743.57866666667</dst>
            <dst id="SNVAng">105.464</dst>
            <dst id="STTLng">995.322666666667</dst>
            <dst id="WASHng">1975.64266666667</dst>
        </src>
        <src id="ATLAng">
            <dst id="ATLA-M5">1208.23466666667</dst>
            <dst id="ATLAng">46239.384</dst>
            <dst id="CHINng">25058.9253333333</dst>
            <dst id="DNVRng">5476.65333333333</dst>
            <dst id="HSTNng">19992.5893333333</dst>
            <dst id="IPLSng">33134.5226666667</dst>
            <dst id="KSCYng">11856.2026666667</dst>
            <dst id="LOSAng">15097.5413333333</dst>
            <dst id="NYCMng">12487.4986666667</dst>
            <dst id="SNVAng">1399.74666666667</dst>
            <dst id="STTLng">19506.3573333333</dst>
            <dst id="WASHng">63125.1466666667</dst>
        </src>
        <src id="CHINng">
            <dst id="ATLA-M5">2533.47733333333</dst>
            <dst id="ATLAng">32217.6613333333</dst>
            <dst id="CHINng">109483.92</dst>
            <dst id="DNVRng">22368.1093333333</dst>
            <dst id="HSTNng">21610.816</dst>
            <dst id="IPLSng">93313.144</dst>
            <dst id="KSCYng">30034.7173333333</dst>
            <dst id="LOSAng">66719.4373333333</dst>
            <dst id="NYCMng">24069.344</dst>
            <dst id="SNVAng">6160.29066666667</dst>
            <dst id="STTLng">42152.4693333333</dst>
            <dst id="WASHng">55223.5786666667</dst>
        </src>
        <src id="DNVRng">
            <dst id="ATLA-M5">439.130666666667</dst>
            <dst id="ATLAng">22727.1813333333</dst>
            <dst id="CHINng">39110.8186666667</dst>
            <dst id="DNVRng">15611.7066666667</dst>
            <dst id="HSTNng">22312.1466666667</dst>
            <dst id="IPLSng">14946.4293333333</dst>
            <dst id="KSCYng">24241.16</dst>
            <dst id="LOSAng">16929.024</dst>
            <dst id="NYCMng">16725.72</dst>
            <dst id="SNVAng">27101.688</dst>
            <dst id="STTLng">37229.872</dst>
            <dst id="WASHng">43351.1333333333</dst>
        </src>
        <src id="HSTNng">
            <dst id="ATLA-M5">947.573333333333</dst>
            <dst id="ATLAng">7751.02933333333</dst>
            <dst id="CHINng">21590.9226666667</dst>
            <dst id="DNVRng">7585.81333333333</dst>
            <dst id="HSTNng">18462.472</dst>
            <dst id="IPLSng">7985.28266666667</dst>
            <dst id="KSCYng">11802.56</dst>
            <dst id="LOSAng">49623.112</dst>
            <dst id="NYCMng">6025.624</dst>
            <dst id="SNVAng">1151.544</dst>
            <dst id="STTLng">12059.3226666667</dst>
            <dst id="WASHng">16364.896</dst>
        </src>
        <src id="IPLSng">
            <dst id="ATLA-M5">4367.74933333333</dst>
            <dst id="ATLAng">14332.4453333333</dst>
            <dst id="CHINng">85833.5093333333</dst>
            <dst id="DNVRng">16075.8</dst>
            <dst id="HSTNng">5461.24</dst>
            <dst id="IPLSng">23260.5386666667</dst>
            <dst id="KSCYng">22059.36</dst>
            <dst id="LOSAng">15622.232</dst>
            <dst id="NYCMng">21235.592</dst>
            <dst id="SNVAng">4092.016</dst>
            <dst id="STTLng">30552.8133333333</dst>
            <dst id="WASHng">62629.0426666667</dst>
        </src>
        <src id="KSCYng">
            <dst id="ATLA-M5">682.584</dst>
            <dst id="ATLAng">9852.42133333333</dst>
            <dst id="CHINng">30115.1013333333</dst>
            <dst id="DNVRng">11269.1253333333</dst>
            <dst id="HSTNng">4832.94933333333</dst>
            <dst id="IPLSng">27048.536</dst>
            <dst id="KSCYng">18364.84</dst>
            <dst id="LOSAng">4744.848</dst>
            <dst id="NYCMng">7881.89333333333</dst>
            <dst id="SNVAng">2888.45333333333</dst>
            <dst id="STTLng">13634.2426666667</dst>
            <dst id="WASHng">14798.744</dst>
        </src>
        <src id="LOSAng">
            <dst id="ATLA-M5">308.736</dst>
            <dst id="ATLAng">21614.5386666667</dst>
            <dst id="CHINng">93575.136</dst>
            <dst id="DNVRng">46195.7733333333</dst>
            <dst id="HSTNng">25017.056</dst>
            <dst id="IPLSng">63648.3706666667</dst>
            <dst id="KSCYng">16511.4773333333</dst>
            <dst id="LOSAng">12145.6133333333</dst>
            <dst id="NYCMng">65187.1626666667</dst>
            <dst id="SNVAng">21009.7333333333</dst>
            <dst id="STTLng">52275.072</dst>
            <dst id="WASHng">80823.192</dst>
        </src>
        <src id="NYCMng">
            <dst id="ATLA-M5">2210.91733333333</dst>
            <dst id="ATLAng">42597.608</dst>
            <dst id="CHINng">36441.7333333333</dst>
            <dst id="DNVRng">30382.6053333333</dst>
            <dst id="HSTNng">12270.792</dst>
            <dst id="IPLSng">48455.1946666667</dst>
            <dst id="KSCYng">18930.864</dst>
            <dst id="LOSAng">61981.4</dst>
            <dst id="NYCMng">168446.6</dst>
            <dst id="SNVAng">6268.86133333333</dst>
            <dst id="STTLng">35062.976</dst>
            <dst id="WASHng">170423.424</dst>
        </src>
        <src id="SNVAng">
            <dst id="ATLA-M5">0</dst>
            <dst id="ATLAng">81.3333333333333</dst>
            <dst id="CHINng">53.3333333333333</dst>
            <dst id="DNVRng">37905.08</dst>
            <dst id="HSTNng">108.501333333333</dst>
            <dst id="IPLSng">612.853333333333</dst>
            <dst id="KSCYng">332.850666666667</dst>
            <dst id="LOSAng">14746.76</dst>
            <dst id="NYCMng">117.845333333333</dst>
            <dst id="SNVAng">11791.6266666667</dst>
            <dst id="STTLng">19241.3626666667</dst>
            <dst id="WASHng">270.098666666667</dst>
        </src>
        <src id="STTLng">
            <dst id="ATLA-M5">5167.912</dst>
            <dst id="ATLAng">66021.3706666667</dst>
            <dst id="CHINng">98970.6666666667</dst>
            <dst id="DNVRng">48850.0666666667</dst>
            <dst id="HSTNng">32835.5573333333</dst>
            <dst id="IPLSng">85952.456</dst>
            <dst id="KSCYng">59328.888</dst>
            <dst id="LOSAng">13946.1786666667</dst>
            <dst id="NYCMng">29312.3546666667</dst>
            <dst id="SNVAng">8690.912</dst>
            <dst id="STTLng">53868.152</dst>
            <dst id="WASHng">108717.450666667</dst>
        </src>
        <src id="WASHng">
            <dst id="ATLA-M5">9699.22133333333</dst>
            <dst id="ATLAng">106768.552</dst>
            <dst id="CHINng">122259.709333333</dst>
            <dst id="DNVRng">109012.632</dst>
            <dst id="HSTNng">39158.5706666667</dst>
            <dst id="IPLSng">102411.52</dst>
            <dst id="KSCYng">22978.416</dst>
            <dst id="LOSAng">93943.9413333333</dst>
            <dst id="NYCMng">297515.413333333</dst>
            <dst id="SNVAng">14482</dst>
            <dst id="STTLng">62873.032</dst>
            <dst id="WASHng">286828.853333333</dst>
        </src>
    </IntraTM>
</TrafficMatrixFile>
