<?xml version="1.0" encoding="ISO-8859-1" standalone="yes"?>
<TrafficMatrixFile xsi:noNamespaceSchemaLocation="http://totem.run.montefiore.ulg.ac.be/Schema/TrafficMatrix-v1_2.xsd" xmlns:xsi="http://www.w3.org/2001/XMLSchema-instance">
    <IntraTM ASID="11537">
        <src id="ATLA-M5">
            <dst id="ATLA-M5">134.261333333333</dst>
            <dst id="ATLAng">1095.50933333333</dst>
            <dst id="CHINng">709.378666666667</dst>
            <dst id="DNVRng">164.744</dst>
            <dst id="HSTNng">565.274666666667</dst>
            <dst id="IPLSng">1328.49866666667</dst>
            <dst id="KSCYng">634.144</dst>
            <dst id="LOSAng">177.597333333333</dst>
            <dst id="NYCMng">282.885333333333</dst>
            <dst id="SNVAng">40</dst>
            <dst id="STTLng">1118.73066666667</dst>
            <dst id="WASHng">8622.09066666667</dst>
        </src>
        <src id="ATLAng">
            <dst id="ATLA-M5">801.213333333333</dst>
            <dst id="ATLAng">57724.3226666667</dst>
            <dst id="CHINng">21192.152</dst>
            <dst id="DNVRng">10116.856</dst>
            <dst id="HSTNng">19092.3333333333</dst>
            <dst id="IPLSng">30401.0533333333</dst>
            <dst id="KSCYng">7159.928</dst>
            <dst id="LOSAng">12720.1893333333</dst>
            <dst id="NYCMng">19622.1466666667</dst>
            <dst id="SNVAng">1173.90666666667</dst>
            <dst id="STTLng">28349.096</dst>
            <dst id="WASHng">55745.272</dst>
        </src>
        <src id="CHINng">
            <dst id="ATLA-M5">1318.06133333333</dst>
            <dst id="ATLAng">30285.7466666667</dst>
            <dst id="CHINng">106686.037333333</dst>
            <dst id="DNVRng">27125.288</dst>
            <dst id="HSTNng">16360.2533333333</dst>
            <dst id="IPLSng">163302.856</dst>
            <dst id="KSCYng">26365.6853333333</dst>
            <dst id="LOSAng">58125.1733333333</dst>
            <dst id="NYCMng">29437.0586666667</dst>
            <dst id="SNVAng">4705.02666666667</dst>
            <dst id="STTLng">45454.0933333333</dst>
            <dst id="WASHng">50060.0826666667</dst>
        </src>
        <src id="DNVRng">
            <dst id="ATLA-M5">276.405333333333</dst>
            <dst id="ATLAng">11823.6346666667</dst>
            <dst id="CHINng">40040.5866666667</dst>
            <dst id="DNVRng">10026.12</dst>
            <dst id="HSTNng">12551.5946666667</dst>
            <dst id="IPLSng">16411.5306666667</dst>
            <dst id="KSCYng">22333.6186666667</dst>
            <dst id="LOSAng">8549.54933333333</dst>
            <dst id="NYCMng">12689.1413333333</dst>
            <dst id="SNVAng">13785.8293333333</dst>
            <dst id="STTLng">29883.4186666667</dst>
            <dst id="WASHng">33945.344</dst>
        </src>
        <src id="HSTNng">
            <dst id="ATLA-M5">1151.27733333333</dst>
            <dst id="ATLAng">10447.824</dst>
            <dst id="CHINng">17481.5066666667</dst>
            <dst id="DNVRng">3775.44266666667</dst>
            <dst id="HSTNng">18451.4133333333</dst>
            <dst id="IPLSng">6911.68533333333</dst>
            <dst id="KSCYng">8203.38133333333</dst>
            <dst id="LOSAng">10545.1813333333</dst>
            <dst id="NYCMng">8468.95733333333</dst>
            <dst id="SNVAng">437.122666666667</dst>
            <dst id="STTLng">14138.5786666667</dst>
            <dst id="WASHng">10978.5413333333</dst>
        </src>
        <src id="IPLSng">
            <dst id="ATLA-M5">822.709333333333</dst>
            <dst id="ATLAng">24226.88</dst>
            <dst id="CHINng">99803.9973333333</dst>
            <dst id="DNVRng">12530.16</dst>
            <dst id="HSTNng">10039.4746666667</dst>
            <dst id="IPLSng">47413.888</dst>
            <dst id="KSCYng">38270.216</dst>
            <dst id="LOSAng">29565.2373333333</dst>
            <dst id="NYCMng">13611.3226666667</dst>
            <dst id="SNVAng">6796.44</dst>
            <dst id="STTLng">44150.5226666667</dst>
            <dst id="WASHng">42047.424</dst>
        </src>
        <src id="KSCYng">
            <dst id="ATLA-M5">603.896</dst>
            <dst id="ATLAng">13110.5386666667</dst>
            <dst id="CHINng">36669.2933333333</dst>
            <dst id="DNVRng">15367.6613333333</dst>
            <dst id="HSTNng">4081.72266666667</dst>
            <dst id="IPLSng">21308.392</dst>
            <dst id="KSCYng">7793.048</dst>
            <dst id="LOSAng">6510.4</dst>
            <dst id="NYCMng">7888.68533333333</dst>
            <dst id="SNVAng">3408.29866666667</dst>
            <dst id="STTLng">15940.8</dst>
            <dst id="WASHng">13953.992</dst>
        </src>
        <src id="LOSAng">
            <dst id="ATLA-M5">110.666666666667</dst>
            <dst id="ATLAng">16057.2106666667</dst>
            <dst id="CHINng">81194.016</dst>
            <dst id="DNVRng">22534.072</dst>
            <dst id="HSTNng">11531.5333333333</dst>
            <dst id="IPLSng">32165.3786666667</dst>
            <dst id="KSCYng">9489.208</dst>
            <dst id="LOSAng">23991.5466666667</dst>
            <dst id="NYCMng">40275.288</dst>
            <dst id="SNVAng">20848.704</dst>
            <dst id="STTLng">65572.1173333333</dst>
            <dst id="WASHng">83250.032</dst>
        </src>
        <src id="NYCMng">
            <dst id="ATLA-M5">2628.12</dst>
            <dst id="ATLAng">49470.5413333333</dst>
            <dst id="CHINng">45240.6586666667</dst>
            <dst id="DNVRng">25634.9013333333</dst>
            <dst id="HSTNng">19057.384</dst>
            <dst id="IPLSng">43852.5626666667</dst>
            <dst id="KSCYng">24223.9626666667</dst>
            <dst id="LOSAng">61311.1386666667</dst>
            <dst id="NYCMng">258078.850666667</dst>
            <dst id="SNVAng">8829.93333333333</dst>
            <dst id="STTLng">24928.648</dst>
            <dst id="WASHng">140928.133333333</dst>
        </src>
        <src id="SNVAng">
            <dst id="ATLA-M5">0</dst>
            <dst id="ATLAng">527.578666666667</dst>
            <dst id="CHINng">182.965333333333</dst>
            <dst id="DNVRng">11310.416</dst>
            <dst id="HSTNng">124.266666666667</dst>
            <dst id="IPLSng">880.04</dst>
            <dst id="KSCYng">53.3333333333333</dst>
            <dst id="LOSAng">11054.984</dst>
            <dst id="NYCMng">198.152</dst>
            <dst id="SNVAng">9628.41866666667</dst>
            <dst id="STTLng">22342.968</dst>
            <dst id="WASHng">375.701333333333</dst>
        </src>
        <src id="STTLng">
            <dst id="ATLA-M5">3187.8</dst>
            <dst id="ATLAng">68883.76</dst>
            <dst id="CHINng">144070.08</dst>
            <dst id="DNVRng">54513.0266666667</dst>
            <dst id="HSTNng">33316.6453333333</dst>
            <dst id="IPLSng">112202.018666667</dst>
            <dst id="KSCYng">73512.0213333333</dst>
            <dst id="LOSAng">15413.824</dst>
            <dst id="NYCMng">47447.7626666667</dst>
            <dst id="SNVAng">16487.7306666667</dst>
            <dst id="STTLng">42671.36</dst>
            <dst id="WASHng">135474.112</dst>
        </src>
        <src id="WASHng">
            <dst id="ATLA-M5">4386.592</dst>
            <dst id="ATLAng">98504.4533333333</dst>
            <dst id="CHINng">91123.3493333333</dst>
            <dst id="DNVRng">73647.0266666667</dst>
            <dst id="HSTNng">35550.5173333333</dst>
            <dst id="IPLSng">103700.509333333</dst>
            <dst id="KSCYng">21824.208</dst>
            <dst id="LOSAng">79775.0826666667</dst>
            <dst id="NYCMng">323500.453333333</dst>
            <dst id="SNVAng">9554.99466666667</dst>
            <dst id="STTLng">76140.896</dst>
            <dst id="WASHng">293443.093333333</dst>
        </src>
    </IntraTM>
</TrafficMatrixFile>
