<?xml version="1.0" encoding="ISO-8859-1" standalone="yes"?>
<TrafficMatrixFile xsi:noNamespaceSchemaLocation="http://totem.run.montefiore.ulg.ac.be/Schema/TrafficMatrix-v1_2.xsd" xmlns:xsi="http://www.w3.org/2001/XMLSchema-instance">
    <IntraTM ASID="11537">
        <src id="ATLA-M5">
            <dst id="ATLA-M5">0</dst>
            <dst id="ATLAng">357.056</dst>
            <dst id="CHINng">927.466666666667</dst>
            <dst id="DNVRng">0</dst>
            <dst id="HSTNng">107.034666666667</dst>
            <dst id="IPLSng">1112.464</dst>
            <dst id="KSCYng">109.146666666667</dst>
            <dst id="LOSAng">192.098666666667</dst>
            <dst id="NYCMng">2649.91733333333</dst>
            <dst id="SNVAng">39.7786666666667</dst>
            <dst id="STTLng">1011.56533333333</dst>
            <dst id="WASHng">1768.184</dst>
        </src>
        <src id="ATLAng">
            <dst id="ATLA-M5">298.968</dst>
            <dst id="ATLAng">38930.0026666667</dst>
            <dst id="CHINng">18040.3573333333</dst>
            <dst id="DNVRng">7354.104</dst>
            <dst id="HSTNng">14648.0613333333</dst>
            <dst id="IPLSng">24346.1573333333</dst>
            <dst id="KSCYng">2096.14666666667</dst>
            <dst id="LOSAng">22569.0813333333</dst>
            <dst id="NYCMng">8865.944</dst>
            <dst id="SNVAng">666.748</dst>
            <dst id="STTLng">20458.024</dst>
            <dst id="WASHng">71262.7573333333</dst>
        </src>
        <src id="CHINng">
            <dst id="ATLA-M5">243.688</dst>
            <dst id="ATLAng">27505.1493333333</dst>
            <dst id="CHINng">135869.453333333</dst>
            <dst id="DNVRng">16033.336</dst>
            <dst id="HSTNng">7938.104</dst>
            <dst id="IPLSng">46693.1226666667</dst>
            <dst id="KSCYng">14067.7573333333</dst>
            <dst id="LOSAng">20551.7973333333</dst>
            <dst id="NYCMng">17594.984</dst>
            <dst id="SNVAng">3321.17066666667</dst>
            <dst id="STTLng">29074.6453333333</dst>
            <dst id="WASHng">16737.4906666667</dst>
        </src>
        <src id="DNVRng">
            <dst id="ATLA-M5">331.576</dst>
            <dst id="ATLAng">8788.59466666667</dst>
            <dst id="CHINng">33833.1466666667</dst>
            <dst id="DNVRng">8192.93866666667</dst>
            <dst id="HSTNng">13144.92</dst>
            <dst id="IPLSng">24209.3226666667</dst>
            <dst id="KSCYng">33058.8933333333</dst>
            <dst id="LOSAng">5027.96533333333</dst>
            <dst id="NYCMng">7150.968</dst>
            <dst id="SNVAng">32560.6133333333</dst>
            <dst id="STTLng">10410.128</dst>
            <dst id="WASHng">25198.064</dst>
        </src>
        <src id="HSTNng">
            <dst id="ATLA-M5">2821.016</dst>
            <dst id="ATLAng">4839.52533333333</dst>
            <dst id="CHINng">19419.2</dst>
            <dst id="DNVRng">11023.5386666667</dst>
            <dst id="HSTNng">11774.8533333333</dst>
            <dst id="IPLSng">5207.38133333333</dst>
            <dst id="KSCYng">9313.65866666667</dst>
            <dst id="LOSAng">1867.33333333333</dst>
            <dst id="NYCMng">4725.30133333333</dst>
            <dst id="SNVAng">1991.71733333333</dst>
            <dst id="STTLng">9989.29333333333</dst>
            <dst id="WASHng">8558.90133333334</dst>
        </src>
        <src id="IPLSng">
            <dst id="ATLA-M5">145.058666666667</dst>
            <dst id="ATLAng">8573.24533333334</dst>
            <dst id="CHINng">87591.2346666667</dst>
            <dst id="DNVRng">5886.816</dst>
            <dst id="HSTNng">3468.64266666667</dst>
            <dst id="IPLSng">48022.024</dst>
            <dst id="KSCYng">8098.63466666667</dst>
            <dst id="LOSAng">20575.9866666667</dst>
            <dst id="NYCMng">9194.456</dst>
            <dst id="SNVAng">660.770666666667</dst>
            <dst id="STTLng">29299.1146666667</dst>
            <dst id="WASHng">19248.6186666667</dst>
        </src>
        <src id="KSCYng">
            <dst id="ATLA-M5">64.056</dst>
            <dst id="ATLAng">5991.992</dst>
            <dst id="CHINng">28837.2506666667</dst>
            <dst id="DNVRng">10743.8053333333</dst>
            <dst id="HSTNng">5553.336</dst>
            <dst id="IPLSng">15676.656</dst>
            <dst id="KSCYng">10813.344</dst>
            <dst id="LOSAng">3141.128</dst>
            <dst id="NYCMng">5207.552</dst>
            <dst id="SNVAng">2147.54933333333</dst>
            <dst id="STTLng">23594.0186666667</dst>
            <dst id="WASHng">9001.80533333334</dst>
        </src>
        <src id="LOSAng">
            <dst id="ATLA-M5">58.2746666666667</dst>
            <dst id="ATLAng">20730.896</dst>
            <dst id="CHINng">92076.024</dst>
            <dst id="DNVRng">5524.78133333333</dst>
            <dst id="HSTNng">4107.45333333333</dst>
            <dst id="IPLSng">18676.224</dst>
            <dst id="KSCYng">11688.7493333333</dst>
            <dst id="LOSAng">8230.224</dst>
            <dst id="NYCMng">32257.512</dst>
            <dst id="SNVAng">19917.9253333333</dst>
            <dst id="STTLng">46451.3413333333</dst>
            <dst id="WASHng">36156.3786666667</dst>
        </src>
        <src id="NYCMng">
            <dst id="ATLA-M5">557.050666666667</dst>
            <dst id="ATLAng">32571.7146666667</dst>
            <dst id="CHINng">37710.7546666667</dst>
            <dst id="DNVRng">19686.8133333333</dst>
            <dst id="HSTNng">16535.472</dst>
            <dst id="IPLSng">22799.6026666667</dst>
            <dst id="KSCYng">14481.032</dst>
            <dst id="LOSAng">40337.5093333333</dst>
            <dst id="NYCMng">114982.632</dst>
            <dst id="SNVAng">2628.05866666667</dst>
            <dst id="STTLng">20312.576</dst>
            <dst id="WASHng">61184.264</dst>
        </src>
        <src id="SNVAng">
            <dst id="ATLA-M5">0</dst>
            <dst id="ATLAng">59.584</dst>
            <dst id="CHINng">88.2906666666667</dst>
            <dst id="DNVRng">5221.856</dst>
            <dst id="HSTNng">220.194666666667</dst>
            <dst id="IPLSng">383.482666666667</dst>
            <dst id="KSCYng">26.6666666666667</dst>
            <dst id="LOSAng">6622.19733333333</dst>
            <dst id="NYCMng">100.672</dst>
            <dst id="SNVAng">6414.54666666667</dst>
            <dst id="STTLng">16060.6</dst>
            <dst id="WASHng">26.6666666666667</dst>
        </src>
        <src id="STTLng">
            <dst id="ATLA-M5">5013.37066666667</dst>
            <dst id="ATLAng">60426.5146666667</dst>
            <dst id="CHINng">104815.501333333</dst>
            <dst id="DNVRng">12597.3706666667</dst>
            <dst id="HSTNng">25305.184</dst>
            <dst id="IPLSng">72532.8106666667</dst>
            <dst id="KSCYng">50620.152</dst>
            <dst id="LOSAng">20269.392</dst>
            <dst id="NYCMng">23582.0986666667</dst>
            <dst id="SNVAng">1247.82933333333</dst>
            <dst id="STTLng">16219.6906666667</dst>
            <dst id="WASHng">95645.704</dst>
        </src>
        <src id="WASHng">
            <dst id="ATLA-M5">1523.40533333333</dst>
            <dst id="ATLAng">102940.138666667</dst>
            <dst id="CHINng">71114.5093333333</dst>
            <dst id="DNVRng">49065.632</dst>
            <dst id="HSTNng">18808.4533333333</dst>
            <dst id="IPLSng">48528.488</dst>
            <dst id="KSCYng">13647.6853333333</dst>
            <dst id="LOSAng">74568.896</dst>
            <dst id="NYCMng">136628.317333333</dst>
            <dst id="SNVAng">4097.76</dst>
            <dst id="STTLng">53942.208</dst>
            <dst id="WASHng">297213.786666667</dst>
        </src>
    </IntraTM>
</TrafficMatrixFile>
