<?xml version="1.0" encoding="ISO-8859-1" standalone="yes"?>
<TrafficMatrixFile xsi:noNamespaceSchemaLocation="http://totem.run.montefiore.ulg.ac.be/Schema/TrafficMatrix-v1_2.xsd" xmlns:xsi="http://www.w3.org/2001/XMLSchema-instance">
    <IntraTM ASID="11537">
        <src id="ATLA-M5">
            <dst id="ATLA-M5">298.445333333333</dst>
            <dst id="ATLAng">1435.66666666667</dst>
            <dst id="CHINng">1129.58933333333</dst>
            <dst id="DNVRng">26.6666666666667</dst>
            <dst id="HSTNng">720.602666666667</dst>
            <dst id="IPLSng">889.952</dst>
            <dst id="KSCYng">950.672</dst>
            <dst id="LOSAng">186.506666666667</dst>
            <dst id="NYCMng">2048.424</dst>
            <dst id="SNVAng">13.3333333333333</dst>
            <dst id="STTLng">1059.80533333333</dst>
            <dst id="WASHng">2095.008</dst>
        </src>
        <src id="ATLAng">
            <dst id="ATLA-M5">497.498666666667</dst>
            <dst id="ATLAng">60156.4106666666</dst>
            <dst id="CHINng">18157.3226666667</dst>
            <dst id="DNVRng">3737.37333333333</dst>
            <dst id="HSTNng">13763.2666666667</dst>
            <dst id="IPLSng">18575.9786666667</dst>
            <dst id="KSCYng">7414.02133333333</dst>
            <dst id="LOSAng">17828.644</dst>
            <dst id="NYCMng">8780.72533333333</dst>
            <dst id="SNVAng">590.012</dst>
            <dst id="STTLng">20973.216</dst>
            <dst id="WASHng">61859.3973333333</dst>
        </src>
        <src id="CHINng">
            <dst id="ATLA-M5">2397.83733333333</dst>
            <dst id="ATLAng">19480.04</dst>
            <dst id="CHINng">175144.181333333</dst>
            <dst id="DNVRng">13390.5413333333</dst>
            <dst id="HSTNng">7845.26133333333</dst>
            <dst id="IPLSng">99571.432</dst>
            <dst id="KSCYng">13045.6133333333</dst>
            <dst id="LOSAng">31551.8986666667</dst>
            <dst id="NYCMng">19485.192</dst>
            <dst id="SNVAng">5016.14933333333</dst>
            <dst id="STTLng">33390.5146666667</dst>
            <dst id="WASHng">26076.9226666667</dst>
        </src>
        <src id="DNVRng">
            <dst id="ATLA-M5">294.602666666667</dst>
            <dst id="ATLAng">9594.128</dst>
            <dst id="CHINng">78994.7786666667</dst>
            <dst id="DNVRng">8136.352</dst>
            <dst id="HSTNng">15097.5253333333</dst>
            <dst id="IPLSng">14204.1226666667</dst>
            <dst id="KSCYng">15165.4266666667</dst>
            <dst id="LOSAng">9259.73066666667</dst>
            <dst id="NYCMng">16905.8293333333</dst>
            <dst id="SNVAng">29587.7573333333</dst>
            <dst id="STTLng">14463.8533333333</dst>
            <dst id="WASHng">25537.3466666667</dst>
        </src>
        <src id="HSTNng">
            <dst id="ATLA-M5">882.066666666667</dst>
            <dst id="ATLAng">4955.072</dst>
            <dst id="CHINng">19495.4773333333</dst>
            <dst id="DNVRng">2322.376</dst>
            <dst id="HSTNng">12087.9146666667</dst>
            <dst id="IPLSng">4904.69866666667</dst>
            <dst id="KSCYng">7095.272</dst>
            <dst id="LOSAng">2991.63733333333</dst>
            <dst id="NYCMng">5128.12266666667</dst>
            <dst id="SNVAng">1973.144</dst>
            <dst id="STTLng">13433.272</dst>
            <dst id="WASHng">14387.936</dst>
        </src>
        <src id="IPLSng">
            <dst id="ATLA-M5">316.408</dst>
            <dst id="ATLAng">10605.8933333333</dst>
            <dst id="CHINng">93627.8586666667</dst>
            <dst id="DNVRng">5474.61333333333</dst>
            <dst id="HSTNng">4393.376</dst>
            <dst id="IPLSng">96480.8986666667</dst>
            <dst id="KSCYng">11665.0613333333</dst>
            <dst id="LOSAng">20801.0266666667</dst>
            <dst id="NYCMng">16601.2133333333</dst>
            <dst id="SNVAng">606.058666666667</dst>
            <dst id="STTLng">40347.608</dst>
            <dst id="WASHng">80528.152</dst>
        </src>
        <src id="KSCYng">
            <dst id="ATLA-M5">180.082666666667</dst>
            <dst id="ATLAng">8388.576</dst>
            <dst id="CHINng">36779.304</dst>
            <dst id="DNVRng">10576.3813333333</dst>
            <dst id="HSTNng">4025.02666666667</dst>
            <dst id="IPLSng">14184.9493333333</dst>
            <dst id="KSCYng">7917.00266666667</dst>
            <dst id="LOSAng">4037.77333333333</dst>
            <dst id="NYCMng">9608.23733333333</dst>
            <dst id="SNVAng">2220.62133333333</dst>
            <dst id="STTLng">19796.1093333333</dst>
            <dst id="WASHng">11199.8853333333</dst>
        </src>
        <src id="LOSAng">
            <dst id="ATLA-M5">80</dst>
            <dst id="ATLAng">19357.1946666667</dst>
            <dst id="CHINng">99448.5333333334</dst>
            <dst id="DNVRng">5718.85866666667</dst>
            <dst id="HSTNng">3846.57866666667</dst>
            <dst id="IPLSng">29966.432</dst>
            <dst id="KSCYng">5592.624</dst>
            <dst id="LOSAng">8728.008</dst>
            <dst id="NYCMng">36451.5493333333</dst>
            <dst id="SNVAng">22279.6106666667</dst>
            <dst id="STTLng">52881.3866666667</dst>
            <dst id="WASHng">83096.624</dst>
        </src>
        <src id="NYCMng">
            <dst id="ATLA-M5">2764.37866666667</dst>
            <dst id="ATLAng">35182.4773333333</dst>
            <dst id="CHINng">42198</dst>
            <dst id="DNVRng">18902.7386666667</dst>
            <dst id="HSTNng">13686.2693333333</dst>
            <dst id="IPLSng">29304.7706666667</dst>
            <dst id="KSCYng">12696.7253333333</dst>
            <dst id="LOSAng">44169.72</dst>
            <dst id="NYCMng">172381.709333333</dst>
            <dst id="SNVAng">2371.07733333333</dst>
            <dst id="STTLng">21937.6</dst>
            <dst id="WASHng">113806.8</dst>
        </src>
        <src id="SNVAng">
            <dst id="ATLA-M5">0</dst>
            <dst id="ATLAng">26.6666666666667</dst>
            <dst id="CHINng">261.570666666667</dst>
            <dst id="DNVRng">9909.352</dst>
            <dst id="HSTNng">340.610666666667</dst>
            <dst id="IPLSng">436.229333333333</dst>
            <dst id="KSCYng">80.024</dst>
            <dst id="LOSAng">6199.45866666666</dst>
            <dst id="NYCMng">112.005333333333</dst>
            <dst id="SNVAng">6491.66133333333</dst>
            <dst id="STTLng">19998.2106666667</dst>
            <dst id="WASHng">135.434666666667</dst>
        </src>
        <src id="STTLng">
            <dst id="ATLA-M5">3557.768</dst>
            <dst id="ATLAng">54311.696</dst>
            <dst id="CHINng">112993.917333333</dst>
            <dst id="DNVRng">18596.552</dst>
            <dst id="HSTNng">28743.896</dst>
            <dst id="IPLSng">84358.408</dst>
            <dst id="KSCYng">52928.216</dst>
            <dst id="LOSAng">15703.8586666667</dst>
            <dst id="NYCMng">27818.992</dst>
            <dst id="SNVAng">2153.30933333333</dst>
            <dst id="STTLng">19289.296</dst>
            <dst id="WASHng">100074.829333333</dst>
        </src>
        <src id="WASHng">
            <dst id="ATLA-M5">4733.19466666667</dst>
            <dst id="ATLAng">82048.6773333333</dst>
            <dst id="CHINng">73772.0293333333</dst>
            <dst id="DNVRng">60535.4426666667</dst>
            <dst id="HSTNng">22454.096</dst>
            <dst id="IPLSng">105182.173333333</dst>
            <dst id="KSCYng">22826.4586666667</dst>
            <dst id="LOSAng">67288.1786666667</dst>
            <dst id="NYCMng">187599.877333333</dst>
            <dst id="SNVAng">4875.63733333333</dst>
            <dst id="STTLng">69986.1866666667</dst>
            <dst id="WASHng">321295.253333333</dst>
        </src>
    </IntraTM>
</TrafficMatrixFile>
