<?xml version="1.0" encoding="ISO-8859-1" standalone="yes"?>
<TrafficMatrixFile xsi:noNamespaceSchemaLocation="http://totem.run.montefiore.ulg.ac.be/Schema/TrafficMatrix-v1_2.xsd" xmlns:xsi="http://www.w3.org/2001/XMLSchema-instance">
    <IntraTM ASID="11537">
        <src id="ATLA-M5">
            <dst id="ATLA-M5">0</dst>
            <dst id="ATLAng">520.744</dst>
            <dst id="CHINng">634.701333333333</dst>
            <dst id="DNVRng">1520.97066666667</dst>
            <dst id="HSTNng">78.504</dst>
            <dst id="IPLSng">129.197333333333</dst>
            <dst id="KSCYng">192.264</dst>
            <dst id="LOSAng">257.3</dst>
            <dst id="NYCMng">53.3333333333333</dst>
            <dst id="SNVAng">715.230666666667</dst>
            <dst id="STTLng">290.096</dst>
            <dst id="WASHng">594.589333333333</dst>
        </src>
        <src id="ATLAng">
            <dst id="ATLA-M5">1426.37333333333</dst>
            <dst id="ATLAng">54713.8293333333</dst>
            <dst id="CHINng">17712.1466666667</dst>
            <dst id="DNVRng">2507.14133333333</dst>
            <dst id="HSTNng">5181.66933333333</dst>
            <dst id="IPLSng">30848.0853333333</dst>
            <dst id="KSCYng">4662.08266666667</dst>
            <dst id="LOSAng">29868.9546666667</dst>
            <dst id="NYCMng">10513.056</dst>
            <dst id="SNVAng">572.085333333333</dst>
            <dst id="STTLng">8797.80533333333</dst>
            <dst id="WASHng">41435.704</dst>
        </src>
        <src id="CHINng">
            <dst id="ATLA-M5">1779.36266666667</dst>
            <dst id="ATLAng">17815.0053333333</dst>
            <dst id="CHINng">87659.6826666667</dst>
            <dst id="DNVRng">17430.912</dst>
            <dst id="HSTNng">13537.6026666667</dst>
            <dst id="IPLSng">65306.7946666667</dst>
            <dst id="KSCYng">10531.2986666667</dst>
            <dst id="LOSAng">39875.6453333333</dst>
            <dst id="NYCMng">10187.032</dst>
            <dst id="SNVAng">4496.45333333333</dst>
            <dst id="STTLng">20431.5493333333</dst>
            <dst id="WASHng">20589.6853333333</dst>
        </src>
        <src id="DNVRng">
            <dst id="ATLA-M5">196.517333333333</dst>
            <dst id="ATLAng">4096.61866666667</dst>
            <dst id="CHINng">88848.024</dst>
            <dst id="DNVRng">14903.9866666667</dst>
            <dst id="HSTNng">12937.128</dst>
            <dst id="IPLSng">9084.968</dst>
            <dst id="KSCYng">19802.6106666667</dst>
            <dst id="LOSAng">6145.58666666667</dst>
            <dst id="NYCMng">8524.00266666667</dst>
            <dst id="SNVAng">13418.0933333333</dst>
            <dst id="STTLng">19287.9946666667</dst>
            <dst id="WASHng">17641.2026666667</dst>
        </src>
        <src id="HSTNng">
            <dst id="ATLA-M5">1382.98933333333</dst>
            <dst id="ATLAng">6149.888</dst>
            <dst id="CHINng">21548.8533333333</dst>
            <dst id="DNVRng">2481.88533333333</dst>
            <dst id="HSTNng">17571.544</dst>
            <dst id="IPLSng">2289.06666666667</dst>
            <dst id="KSCYng">8510.856</dst>
            <dst id="LOSAng">5520.65066666667</dst>
            <dst id="NYCMng">1661.528</dst>
            <dst id="SNVAng">189.365333333333</dst>
            <dst id="STTLng">3974.66933333333</dst>
            <dst id="WASHng">7406.93066666667</dst>
        </src>
        <src id="IPLSng">
            <dst id="ATLA-M5">595.202666666667</dst>
            <dst id="ATLAng">9260.33066666667</dst>
            <dst id="CHINng">62910.3706666667</dst>
            <dst id="DNVRng">6682.40266666667</dst>
            <dst id="HSTNng">1358.424</dst>
            <dst id="IPLSng">17694.2986666667</dst>
            <dst id="KSCYng">9473.09333333333</dst>
            <dst id="LOSAng">14435.888</dst>
            <dst id="NYCMng">5511.57866666667</dst>
            <dst id="SNVAng">710.754666666667</dst>
            <dst id="STTLng">22783.9946666667</dst>
            <dst id="WASHng">18184.4</dst>
        </src>
        <src id="KSCYng">
            <dst id="ATLA-M5">73.528</dst>
            <dst id="ATLAng">5448.88533333333</dst>
            <dst id="CHINng">32910.744</dst>
            <dst id="DNVRng">7600.29066666667</dst>
            <dst id="HSTNng">3865.57866666667</dst>
            <dst id="IPLSng">16529.1733333333</dst>
            <dst id="KSCYng">12919.5866666667</dst>
            <dst id="LOSAng">9420.74933333333</dst>
            <dst id="NYCMng">3406.26933333333</dst>
            <dst id="SNVAng">2362.984</dst>
            <dst id="STTLng">6183.77066666667</dst>
            <dst id="WASHng">10642.7306666667</dst>
        </src>
        <src id="LOSAng">
            <dst id="ATLA-M5">195.365333333333</dst>
            <dst id="ATLAng">11616.848</dst>
            <dst id="CHINng">6531106.93333333</dst>
            <dst id="DNVRng">25778.9653333333</dst>
            <dst id="HSTNng">4203.856</dst>
            <dst id="IPLSng">10172.152</dst>
            <dst id="KSCYng">13664.9493333333</dst>
            <dst id="LOSAng">14649.24</dst>
            <dst id="NYCMng">46714.392</dst>
            <dst id="SNVAng">20040.4826666667</dst>
            <dst id="STTLng">64270.936</dst>
            <dst id="WASHng">46705.672</dst>
        </src>
        <src id="NYCMng">
            <dst id="ATLA-M5">981.162666666667</dst>
            <dst id="ATLAng">22040.744</dst>
            <dst id="CHINng">31991.6186666667</dst>
            <dst id="DNVRng">17382.9306666667</dst>
            <dst id="HSTNng">8913.98933333333</dst>
            <dst id="IPLSng">18367.9973333333</dst>
            <dst id="KSCYng">9929.58133333333</dst>
            <dst id="LOSAng">58490.224</dst>
            <dst id="NYCMng">104141.474666667</dst>
            <dst id="SNVAng">1629.52266666667</dst>
            <dst id="STTLng">22695.832</dst>
            <dst id="WASHng">52730.672</dst>
        </src>
        <src id="SNVAng">
            <dst id="ATLA-M5">0</dst>
            <dst id="ATLAng">254.013333333333</dst>
            <dst id="CHINng">0</dst>
            <dst id="DNVRng">703.010666666667</dst>
            <dst id="HSTNng">26.6666666666667</dst>
            <dst id="IPLSng">383.264</dst>
            <dst id="KSCYng">0</dst>
            <dst id="LOSAng">10354.3413333333</dst>
            <dst id="NYCMng">416.128</dst>
            <dst id="SNVAng">9392.05866666667</dst>
            <dst id="STTLng">18285.6506666667</dst>
            <dst id="WASHng">26.6666666666667</dst>
        </src>
        <src id="STTLng">
            <dst id="ATLA-M5">185.368</dst>
            <dst id="ATLAng">14659.1306666667</dst>
            <dst id="CHINng">24506.0746666667</dst>
            <dst id="DNVRng">8226.35733333334</dst>
            <dst id="HSTNng">3295.728</dst>
            <dst id="IPLSng">18255.96</dst>
            <dst id="KSCYng">5038.392</dst>
            <dst id="LOSAng">41631.76</dst>
            <dst id="NYCMng">10805.416</dst>
            <dst id="SNVAng">2704.03733333333</dst>
            <dst id="STTLng">20493.1413333333</dst>
            <dst id="WASHng">9507.72266666667</dst>
        </src>
        <src id="WASHng">
            <dst id="ATLA-M5">1508.31466666667</dst>
            <dst id="ATLAng">80460.6933333333</dst>
            <dst id="CHINng">83321.7413333333</dst>
            <dst id="DNVRng">63796.6426666667</dst>
            <dst id="HSTNng">40058.9653333333</dst>
            <dst id="IPLSng">47064.1226666667</dst>
            <dst id="KSCYng">34554.096</dst>
            <dst id="LOSAng">74150.5866666667</dst>
            <dst id="NYCMng">152421.704</dst>
            <dst id="SNVAng">4633.41866666667</dst>
            <dst id="STTLng">56684.3626666667</dst>
            <dst id="WASHng">234192.24</dst>
        </src>
    </IntraTM>
</TrafficMatrixFile>
