<?xml version="1.0" encoding="ISO-8859-1" standalone="yes"?>
<TrafficMatrixFile xsi:noNamespaceSchemaLocation="http://totem.run.montefiore.ulg.ac.be/Schema/TrafficMatrix-v1_2.xsd" xmlns:xsi="http://www.w3.org/2001/XMLSchema-instance">
    <IntraTM ASID="11537">
        <src id="ATLA-M5">
            <dst id="ATLA-M5">474.464</dst>
            <dst id="ATLAng">1097.92266666667</dst>
            <dst id="CHINng">1661.62666666667</dst>
            <dst id="DNVRng">1502.25866666667</dst>
            <dst id="HSTNng">247.037333333333</dst>
            <dst id="IPLSng">1033.28266666667</dst>
            <dst id="KSCYng">491.301333333333</dst>
            <dst id="LOSAng">270.944</dst>
            <dst id="NYCMng">4662.64266666667</dst>
            <dst id="SNVAng">302.144</dst>
            <dst id="STTLng">880.557333333334</dst>
            <dst id="WASHng">1974.032</dst>
        </src>
        <src id="ATLAng">
            <dst id="ATLA-M5">586.624</dst>
            <dst id="ATLAng">54414.5493333333</dst>
            <dst id="CHINng">17720.704</dst>
            <dst id="DNVRng">6105.29333333333</dst>
            <dst id="HSTNng">7670.73333333334</dst>
            <dst id="IPLSng">18047.512</dst>
            <dst id="KSCYng">5932.848</dst>
            <dst id="LOSAng">18574.748</dst>
            <dst id="NYCMng">8444.54666666667</dst>
            <dst id="SNVAng">473.302666666667</dst>
            <dst id="STTLng">13661.9093333333</dst>
            <dst id="WASHng">46330.8213333333</dst>
        </src>
        <src id="CHINng">
            <dst id="ATLA-M5">2929.89866666667</dst>
            <dst id="ATLAng">27233.44</dst>
            <dst id="CHINng">94205.9573333333</dst>
            <dst id="DNVRng">14880.88</dst>
            <dst id="HSTNng">17330.248</dst>
            <dst id="IPLSng">57879.5946666667</dst>
            <dst id="KSCYng">20678.7173333333</dst>
            <dst id="LOSAng">43460.2773333333</dst>
            <dst id="NYCMng">13980.3946666667</dst>
            <dst id="SNVAng">4453.59466666667</dst>
            <dst id="STTLng">23962.1413333333</dst>
            <dst id="WASHng">46071.4986666667</dst>
        </src>
        <src id="DNVRng">
            <dst id="ATLA-M5">437.186666666667</dst>
            <dst id="ATLAng">9663.74133333333</dst>
            <dst id="CHINng">38034.448</dst>
            <dst id="DNVRng">10370.48</dst>
            <dst id="HSTNng">14764.3893333333</dst>
            <dst id="IPLSng">14538.1066666667</dst>
            <dst id="KSCYng">16683.3706666667</dst>
            <dst id="LOSAng">14103.6373333333</dst>
            <dst id="NYCMng">15642.7146666667</dst>
            <dst id="SNVAng">9624.52266666667</dst>
            <dst id="STTLng">33613.48</dst>
            <dst id="WASHng">24123.688</dst>
        </src>
        <src id="HSTNng">
            <dst id="ATLA-M5">3685.22666666667</dst>
            <dst id="ATLAng">7616.06133333333</dst>
            <dst id="CHINng">16578.8346666667</dst>
            <dst id="DNVRng">1740.81333333333</dst>
            <dst id="HSTNng">17908.7066666667</dst>
            <dst id="IPLSng">6125.512</dst>
            <dst id="KSCYng">10059.1306666667</dst>
            <dst id="LOSAng">52113.448</dst>
            <dst id="NYCMng">3880.136</dst>
            <dst id="SNVAng">440.312</dst>
            <dst id="STTLng">7131.00266666667</dst>
            <dst id="WASHng">5432.75733333333</dst>
        </src>
        <src id="IPLSng">
            <dst id="ATLA-M5">354.210666666667</dst>
            <dst id="ATLAng">11527.9333333333</dst>
            <dst id="CHINng">52220.0666666667</dst>
            <dst id="DNVRng">18578.7466666667</dst>
            <dst id="HSTNng">7130.26666666667</dst>
            <dst id="IPLSng">13203.2373333333</dst>
            <dst id="KSCYng">12855.36</dst>
            <dst id="LOSAng">16179.0533333333</dst>
            <dst id="NYCMng">9832.6</dst>
            <dst id="SNVAng">2326.30933333333</dst>
            <dst id="STTLng">35182.7973333333</dst>
            <dst id="WASHng">20841.0506666667</dst>
        </src>
        <src id="KSCYng">
            <dst id="ATLA-M5">507.061333333333</dst>
            <dst id="ATLAng">9580.24</dst>
            <dst id="CHINng">20695.6186666667</dst>
            <dst id="DNVRng">9790.52266666667</dst>
            <dst id="HSTNng">4342.09066666667</dst>
            <dst id="IPLSng">20461.6906666667</dst>
            <dst id="KSCYng">12895.6826666667</dst>
            <dst id="LOSAng">5127.86133333333</dst>
            <dst id="NYCMng">7669.08</dst>
            <dst id="SNVAng">2719.024</dst>
            <dst id="STTLng">11866.9733333333</dst>
            <dst id="WASHng">13832.0186666667</dst>
        </src>
        <src id="LOSAng">
            <dst id="ATLA-M5">102.4</dst>
            <dst id="ATLAng">12872.8693333333</dst>
            <dst id="CHINng">6405400</dst>
            <dst id="DNVRng">18838.6773333333</dst>
            <dst id="HSTNng">9851.51466666666</dst>
            <dst id="IPLSng">31839.4533333333</dst>
            <dst id="KSCYng">7018.456</dst>
            <dst id="LOSAng">13641.608</dst>
            <dst id="NYCMng">50596.6773333333</dst>
            <dst id="SNVAng">24780.5306666667</dst>
            <dst id="STTLng">77499.584</dst>
            <dst id="WASHng">65799.4586666667</dst>
        </src>
        <src id="NYCMng">
            <dst id="ATLA-M5">3511.47733333333</dst>
            <dst id="ATLAng">40931.5306666667</dst>
            <dst id="CHINng">31297.4906666667</dst>
            <dst id="DNVRng">21211.5706666667</dst>
            <dst id="HSTNng">11341.9946666667</dst>
            <dst id="IPLSng">34444.5466666667</dst>
            <dst id="KSCYng">11776.7066666667</dst>
            <dst id="LOSAng">68915.3706666667</dst>
            <dst id="NYCMng">98854.8586666667</dst>
            <dst id="SNVAng">4110.63733333333</dst>
            <dst id="STTLng">28375.7066666667</dst>
            <dst id="WASHng">101831.44</dst>
        </src>
        <src id="SNVAng">
            <dst id="ATLA-M5">0</dst>
            <dst id="ATLAng">80</dst>
            <dst id="CHINng">80</dst>
            <dst id="DNVRng">1438.66666666667</dst>
            <dst id="HSTNng">26.6666666666667</dst>
            <dst id="IPLSng">515.954666666667</dst>
            <dst id="KSCYng">256.256</dst>
            <dst id="LOSAng">8114.448</dst>
            <dst id="NYCMng">34.1573333333333</dst>
            <dst id="SNVAng">9904.38133333333</dst>
            <dst id="STTLng">27193.192</dst>
            <dst id="WASHng">106.666666666667</dst>
        </src>
        <src id="STTLng">
            <dst id="ATLA-M5">1505.768</dst>
            <dst id="ATLAng">30565.7946666667</dst>
            <dst id="CHINng">50079.2746666667</dst>
            <dst id="DNVRng">19671.2453333333</dst>
            <dst id="HSTNng">19284.8266666667</dst>
            <dst id="IPLSng">34296.568</dst>
            <dst id="KSCYng">26194.3306666667</dst>
            <dst id="LOSAng">50771.5573333333</dst>
            <dst id="NYCMng">23009.2693333333</dst>
            <dst id="SNVAng">6480.11733333333</dst>
            <dst id="STTLng">36372.688</dst>
            <dst id="WASHng">47162.3466666667</dst>
        </src>
        <src id="WASHng">
            <dst id="ATLA-M5">2541.72</dst>
            <dst id="ATLAng">135823.357333333</dst>
            <dst id="CHINng">97600.6933333333</dst>
            <dst id="DNVRng">72841.7173333333</dst>
            <dst id="HSTNng">35174.632</dst>
            <dst id="IPLSng">43291.088</dst>
            <dst id="KSCYng">22232.2453333333</dst>
            <dst id="LOSAng">92105.0853333333</dst>
            <dst id="NYCMng">176906.786666667</dst>
            <dst id="SNVAng">3334.74933333333</dst>
            <dst id="STTLng">58019.4106666667</dst>
            <dst id="WASHng">320405.6</dst>
        </src>
    </IntraTM>
</TrafficMatrixFile>
