<?xml version="1.0" encoding="ISO-8859-1" standalone="yes"?>
<TrafficMatrixFile xsi:noNamespaceSchemaLocation="http://totem.run.montefiore.ulg.ac.be/Schema/TrafficMatrix-v1_2.xsd" xmlns:xsi="http://www.w3.org/2001/XMLSchema-instance">
    <IntraTM ASID="11537">
        <src id="ATLA-M5">
            <dst id="ATLA-M5">779.184</dst>
            <dst id="ATLAng">1060.62666666667</dst>
            <dst id="CHINng">1531.52266666667</dst>
            <dst id="DNVRng">158.968</dst>
            <dst id="HSTNng">310.76</dst>
            <dst id="IPLSng">1558.84</dst>
            <dst id="KSCYng">314.250666666667</dst>
            <dst id="LOSAng">378.170666666667</dst>
            <dst id="NYCMng">1111.048</dst>
            <dst id="SNVAng">26.6666666666667</dst>
            <dst id="STTLng">1290.184</dst>
            <dst id="WASHng">2166.69866666667</dst>
        </src>
        <src id="ATLAng">
            <dst id="ATLA-M5">755.528</dst>
            <dst id="ATLAng">52362.8853333333</dst>
            <dst id="CHINng">43504.232</dst>
            <dst id="DNVRng">6565.22133333333</dst>
            <dst id="HSTNng">21974.672</dst>
            <dst id="IPLSng">28271.8133333333</dst>
            <dst id="KSCYng">12594.9546666667</dst>
            <dst id="LOSAng">18934.9906666667</dst>
            <dst id="NYCMng">10527.032</dst>
            <dst id="SNVAng">1601.66</dst>
            <dst id="STTLng">20913.3733333333</dst>
            <dst id="WASHng">59253.7066666667</dst>
        </src>
        <src id="CHINng">
            <dst id="ATLA-M5">1606.06933333333</dst>
            <dst id="ATLAng">49429.0453333333</dst>
            <dst id="CHINng">111721.421333333</dst>
            <dst id="DNVRng">19405.6373333333</dst>
            <dst id="HSTNng">21290.848</dst>
            <dst id="IPLSng">105440.306666667</dst>
            <dst id="KSCYng">21450.12</dst>
            <dst id="LOSAng">46581.72</dst>
            <dst id="NYCMng">28391.4373333333</dst>
            <dst id="SNVAng">6389.256</dst>
            <dst id="STTLng">38312.1706666667</dst>
            <dst id="WASHng">53155.3813333333</dst>
        </src>
        <src id="DNVRng">
            <dst id="ATLA-M5">241.096</dst>
            <dst id="ATLAng">20931.5226666667</dst>
            <dst id="CHINng">40259.888</dst>
            <dst id="DNVRng">18206.0666666667</dst>
            <dst id="HSTNng">21536.9173333333</dst>
            <dst id="IPLSng">23228.6106666667</dst>
            <dst id="KSCYng">16855.824</dst>
            <dst id="LOSAng">18347.352</dst>
            <dst id="NYCMng">14169.024</dst>
            <dst id="SNVAng">18212.2133333333</dst>
            <dst id="STTLng">49982.7333333333</dst>
            <dst id="WASHng">27938.6826666667</dst>
        </src>
        <src id="HSTNng">
            <dst id="ATLA-M5">3947.448</dst>
            <dst id="ATLAng">18203.2853333333</dst>
            <dst id="CHINng">17421.1066666667</dst>
            <dst id="DNVRng">6284.36533333333</dst>
            <dst id="HSTNng">20838.9733333333</dst>
            <dst id="IPLSng">9677.592</dst>
            <dst id="KSCYng">8964.21333333333</dst>
            <dst id="LOSAng">6742.32533333333</dst>
            <dst id="NYCMng">5839.96266666667</dst>
            <dst id="SNVAng">2311.896</dst>
            <dst id="STTLng">12878.5333333333</dst>
            <dst id="WASHng">24221.112</dst>
        </src>
        <src id="IPLSng">
            <dst id="ATLA-M5">629.032</dst>
            <dst id="ATLAng">42949.7706666667</dst>
            <dst id="CHINng">100981.618666667</dst>
            <dst id="DNVRng">23807.3786666667</dst>
            <dst id="HSTNng">5271.32266666667</dst>
            <dst id="IPLSng">39584.1226666667</dst>
            <dst id="KSCYng">10470.7146666667</dst>
            <dst id="LOSAng">20265.5413333333</dst>
            <dst id="NYCMng">25275.48</dst>
            <dst id="SNVAng">5399.85866666667</dst>
            <dst id="STTLng">37540.7306666667</dst>
            <dst id="WASHng">40188.528</dst>
        </src>
        <src id="KSCYng">
            <dst id="ATLA-M5">895.544</dst>
            <dst id="ATLAng">8298.77866666667</dst>
            <dst id="CHINng">35668.016</dst>
            <dst id="DNVRng">9057.69866666667</dst>
            <dst id="HSTNng">6503.752</dst>
            <dst id="IPLSng">19571.1253333333</dst>
            <dst id="KSCYng">13673.3226666667</dst>
            <dst id="LOSAng">6450.216</dst>
            <dst id="NYCMng">5415.22666666667</dst>
            <dst id="SNVAng">2720.22666666667</dst>
            <dst id="STTLng">14909.1146666667</dst>
            <dst id="WASHng">17308.4693333333</dst>
        </src>
        <src id="LOSAng">
            <dst id="ATLA-M5">387.928</dst>
            <dst id="ATLAng">28852.6106666667</dst>
            <dst id="CHINng">99484.2186666667</dst>
            <dst id="DNVRng">83081.0586666667</dst>
            <dst id="HSTNng">22412.912</dst>
            <dst id="IPLSng">53908.0853333333</dst>
            <dst id="KSCYng">6531.61866666667</dst>
            <dst id="LOSAng">18435.368</dst>
            <dst id="NYCMng">47804.3013333333</dst>
            <dst id="SNVAng">27139.2853333333</dst>
            <dst id="STTLng">59282.1306666667</dst>
            <dst id="WASHng">88467.1546666667</dst>
        </src>
        <src id="NYCMng">
            <dst id="ATLA-M5">1575.42666666667</dst>
            <dst id="ATLAng">63823.36</dst>
            <dst id="CHINng">36158.0106666667</dst>
            <dst id="DNVRng">36253.5253333333</dst>
            <dst id="HSTNng">26998.616</dst>
            <dst id="IPLSng">58378.328</dst>
            <dst id="KSCYng">28506.2346666667</dst>
            <dst id="LOSAng">70834.0453333333</dst>
            <dst id="NYCMng">149747.106666667</dst>
            <dst id="SNVAng">4867.24</dst>
            <dst id="STTLng">33605.1893333333</dst>
            <dst id="WASHng">168854.098666667</dst>
        </src>
        <src id="SNVAng">
            <dst id="ATLA-M5">0</dst>
            <dst id="ATLAng">53.3333333333333</dst>
            <dst id="CHINng">2012.41333333333</dst>
            <dst id="DNVRng">16630.4266666667</dst>
            <dst id="HSTNng">235.018666666667</dst>
            <dst id="IPLSng">686.237333333333</dst>
            <dst id="KSCYng">306</dst>
            <dst id="LOSAng">9580.23733333333</dst>
            <dst id="NYCMng">142.517333333333</dst>
            <dst id="SNVAng">12345.968</dst>
            <dst id="STTLng">20487.7493333333</dst>
            <dst id="WASHng">156.56</dst>
        </src>
        <src id="STTLng">
            <dst id="ATLA-M5">11709.568</dst>
            <dst id="ATLAng">71403.7013333333</dst>
            <dst id="CHINng">115717.666666667</dst>
            <dst id="DNVRng">37660.5493333333</dst>
            <dst id="HSTNng">46336.568</dst>
            <dst id="IPLSng">99330.8986666667</dst>
            <dst id="KSCYng">58894.7066666667</dst>
            <dst id="LOSAng">14765.0693333333</dst>
            <dst id="NYCMng">34568.4213333333</dst>
            <dst id="SNVAng">9975.752</dst>
            <dst id="STTLng">48254.32</dst>
            <dst id="WASHng">117543.789333333</dst>
        </src>
        <src id="WASHng">
            <dst id="ATLA-M5">9274.42133333333</dst>
            <dst id="ATLAng">148230.032</dst>
            <dst id="CHINng">113015.850666667</dst>
            <dst id="DNVRng">88691.5013333333</dst>
            <dst id="HSTNng">23838.1973333333</dst>
            <dst id="IPLSng">124161.170666667</dst>
            <dst id="KSCYng">27984.8773333333</dst>
            <dst id="LOSAng">114091.933333333</dst>
            <dst id="NYCMng">309910</dst>
            <dst id="SNVAng">20322.6213333333</dst>
            <dst id="STTLng">52372.4773333333</dst>
            <dst id="WASHng">249797.088</dst>
        </src>
    </IntraTM>
</TrafficMatrixFile>
