<?xml version="1.0" encoding="ISO-8859-1" standalone="yes"?>
<TrafficMatrixFile xsi:noNamespaceSchemaLocation="http://totem.run.montefiore.ulg.ac.be/Schema/TrafficMatrix-v1_2.xsd" xmlns:xsi="http://www.w3.org/2001/XMLSchema-instance">
    <IntraTM ASID="11537">
        <src id="ATLA-M5">
            <dst id="ATLA-M5">93.4133333333333</dst>
            <dst id="ATLAng">1791.34933333333</dst>
            <dst id="CHINng">1223.59466666667</dst>
            <dst id="DNVRng">543.242666666667</dst>
            <dst id="HSTNng">122.416</dst>
            <dst id="IPLSng">748.402666666667</dst>
            <dst id="KSCYng">1294.872</dst>
            <dst id="LOSAng">160.752</dst>
            <dst id="NYCMng">1396.29066666667</dst>
            <dst id="SNVAng">13.3333333333333</dst>
            <dst id="STTLng">922.496</dst>
            <dst id="WASHng">619.528</dst>
        </src>
        <src id="ATLAng">
            <dst id="ATLA-M5">1019.04</dst>
            <dst id="ATLAng">38650.2453333333</dst>
            <dst id="CHINng">24246.5173333333</dst>
            <dst id="DNVRng">6761.808</dst>
            <dst id="HSTNng">5552.32266666667</dst>
            <dst id="IPLSng">26490.2586666667</dst>
            <dst id="KSCYng">7143.57333333333</dst>
            <dst id="LOSAng">23282.4666666667</dst>
            <dst id="NYCMng">21100.8346666667</dst>
            <dst id="SNVAng">1031.43466666667</dst>
            <dst id="STTLng">12271.6853333333</dst>
            <dst id="WASHng">31555.0026666667</dst>
        </src>
        <src id="CHINng">
            <dst id="ATLA-M5">1376.2</dst>
            <dst id="ATLAng">26421.1253333333</dst>
            <dst id="CHINng">82906.1946666667</dst>
            <dst id="DNVRng">20666.312</dst>
            <dst id="HSTNng">16964.024</dst>
            <dst id="IPLSng">57545.1546666667</dst>
            <dst id="KSCYng">14426.152</dst>
            <dst id="LOSAng">48208.688</dst>
            <dst id="NYCMng">17159.5653333333</dst>
            <dst id="SNVAng">3585.4</dst>
            <dst id="STTLng">26393.6746666667</dst>
            <dst id="WASHng">49817.0213333333</dst>
        </src>
        <src id="DNVRng">
            <dst id="ATLA-M5">342.917333333333</dst>
            <dst id="ATLAng">13451.376</dst>
            <dst id="CHINng">33057.0426666667</dst>
            <dst id="DNVRng">9995.80533333334</dst>
            <dst id="HSTNng">10435.2053333333</dst>
            <dst id="IPLSng">12228.0133333333</dst>
            <dst id="KSCYng">10377.1813333333</dst>
            <dst id="LOSAng">13555.144</dst>
            <dst id="NYCMng">19033.5786666667</dst>
            <dst id="SNVAng">9698.77866666667</dst>
            <dst id="STTLng">27059.3306666667</dst>
            <dst id="WASHng">25353.4533333333</dst>
        </src>
        <src id="HSTNng">
            <dst id="ATLA-M5">3336.67733333333</dst>
            <dst id="ATLAng">4546.94133333333</dst>
            <dst id="CHINng">12834.32</dst>
            <dst id="DNVRng">2392.28533333333</dst>
            <dst id="HSTNng">12854.344</dst>
            <dst id="IPLSng">9084.96</dst>
            <dst id="KSCYng">6772.99733333333</dst>
            <dst id="LOSAng">15543.1946666667</dst>
            <dst id="NYCMng">2289.4</dst>
            <dst id="SNVAng">140.282666666667</dst>
            <dst id="STTLng">7208.848</dst>
            <dst id="WASHng">9626.456</dst>
        </src>
        <src id="IPLSng">
            <dst id="ATLA-M5">774.693333333333</dst>
            <dst id="ATLAng">17025.152</dst>
            <dst id="CHINng">44280.1893333333</dst>
            <dst id="DNVRng">12172.24</dst>
            <dst id="HSTNng">5281.12</dst>
            <dst id="IPLSng">14966.2693333333</dst>
            <dst id="KSCYng">13236.5893333333</dst>
            <dst id="LOSAng">25550.928</dst>
            <dst id="NYCMng">12990.5653333333</dst>
            <dst id="SNVAng">1785.30933333333</dst>
            <dst id="STTLng">40787.56</dst>
            <dst id="WASHng">21078.0586666667</dst>
        </src>
        <src id="KSCYng">
            <dst id="ATLA-M5">452.581333333333</dst>
            <dst id="ATLAng">13976.8933333333</dst>
            <dst id="CHINng">25697.888</dst>
            <dst id="DNVRng">9198.98933333333</dst>
            <dst id="HSTNng">5519.11466666667</dst>
            <dst id="IPLSng">17581.408</dst>
            <dst id="KSCYng">9449.24</dst>
            <dst id="LOSAng">7206.96533333333</dst>
            <dst id="NYCMng">7908.92266666667</dst>
            <dst id="SNVAng">6596.90133333333</dst>
            <dst id="STTLng">13977.3413333333</dst>
            <dst id="WASHng">15911.8906666667</dst>
        </src>
        <src id="LOSAng">
            <dst id="ATLA-M5">387.485333333333</dst>
            <dst id="ATLAng">16761.5786666667</dst>
            <dst id="CHINng">6403600.26666667</dst>
            <dst id="DNVRng">12754.6026666667</dst>
            <dst id="HSTNng">21379.2506666667</dst>
            <dst id="IPLSng">30130.0773333333</dst>
            <dst id="KSCYng">8126.59466666667</dst>
            <dst id="LOSAng">12696.9946666667</dst>
            <dst id="NYCMng">43850.6</dst>
            <dst id="SNVAng">22023.1093333333</dst>
            <dst id="STTLng">85324.5173333333</dst>
            <dst id="WASHng">60963.7386666667</dst>
        </src>
        <src id="NYCMng">
            <dst id="ATLA-M5">4252.57066666667</dst>
            <dst id="ATLAng">34217.1173333333</dst>
            <dst id="CHINng">30868.4</dst>
            <dst id="DNVRng">21718.4186666667</dst>
            <dst id="HSTNng">13273.2026666667</dst>
            <dst id="IPLSng">41926.92</dst>
            <dst id="KSCYng">13531.0053333333</dst>
            <dst id="LOSAng">83247.2826666667</dst>
            <dst id="NYCMng">113637.752</dst>
            <dst id="SNVAng">4653.392</dst>
            <dst id="STTLng">22766.48</dst>
            <dst id="WASHng">114744.944</dst>
        </src>
        <src id="SNVAng">
            <dst id="ATLA-M5">0</dst>
            <dst id="ATLAng">0</dst>
            <dst id="CHINng">107.68</dst>
            <dst id="DNVRng">11525.2826666667</dst>
            <dst id="HSTNng">26.6666666666667</dst>
            <dst id="IPLSng">462.112</dst>
            <dst id="KSCYng">72.0053333333333</dst>
            <dst id="LOSAng">10805.5866666667</dst>
            <dst id="NYCMng">119.709333333333</dst>
            <dst id="SNVAng">9177.78666666667</dst>
            <dst id="STTLng">22083.2853333333</dst>
            <dst id="WASHng">2437.11466666667</dst>
        </src>
        <src id="STTLng">
            <dst id="ATLA-M5">2122.68</dst>
            <dst id="ATLAng">27040.5173333333</dst>
            <dst id="CHINng">70972.424</dst>
            <dst id="DNVRng">26458.4666666667</dst>
            <dst id="HSTNng">14936.0826666667</dst>
            <dst id="IPLSng">39999.7733333333</dst>
            <dst id="KSCYng">25978.04</dst>
            <dst id="LOSAng">45036.176</dst>
            <dst id="NYCMng">12629.1733333333</dst>
            <dst id="SNVAng">10855.0613333333</dst>
            <dst id="STTLng">32487.896</dst>
            <dst id="WASHng">43627.3946666667</dst>
        </src>
        <src id="WASHng">
            <dst id="ATLA-M5">1912.93333333333</dst>
            <dst id="ATLAng">91483.648</dst>
            <dst id="CHINng">94636.0186666667</dst>
            <dst id="DNVRng">68283.296</dst>
            <dst id="HSTNng">25187.0666666667</dst>
            <dst id="IPLSng">49198.3866666667</dst>
            <dst id="KSCYng">26784.4</dst>
            <dst id="LOSAng">111489.922666667</dst>
            <dst id="NYCMng">162560.256</dst>
            <dst id="SNVAng">5923.25066666667</dst>
            <dst id="STTLng">48646.2453333333</dst>
            <dst id="WASHng">208699.973333333</dst>
        </src>
    </IntraTM>
</TrafficMatrixFile>
