<?xml version="1.0" encoding="ISO-8859-1" standalone="yes"?>
<TrafficMatrixFile xsi:noNamespaceSchemaLocation="http://totem.run.montefiore.ulg.ac.be/Schema/TrafficMatrix-v1_2.xsd" xmlns:xsi="http://www.w3.org/2001/XMLSchema-instance">
    <IntraTM ASID="11537">
        <src id="ATLA-M5">
            <dst id="ATLA-M5">33.096</dst>
            <dst id="ATLAng">963.085333333333</dst>
            <dst id="CHINng">720.381333333333</dst>
            <dst id="DNVRng">192.741333333333</dst>
            <dst id="HSTNng">170.824</dst>
            <dst id="IPLSng">483.872</dst>
            <dst id="KSCYng">259.906666666667</dst>
            <dst id="LOSAng">416.881333333333</dst>
            <dst id="NYCMng">1694.29066666667</dst>
            <dst id="SNVAng">61.204</dst>
            <dst id="STTLng">422.4</dst>
            <dst id="WASHng">1302.74666666667</dst>
        </src>
        <src id="ATLAng">
            <dst id="ATLA-M5">199.176</dst>
            <dst id="ATLAng">35321.7813333333</dst>
            <dst id="CHINng">13801.72</dst>
            <dst id="DNVRng">6165.56266666667</dst>
            <dst id="HSTNng">4558.824</dst>
            <dst id="IPLSng">16914.8693333333</dst>
            <dst id="KSCYng">5325.36</dst>
            <dst id="LOSAng">20587.5986666667</dst>
            <dst id="NYCMng">11801.1146666667</dst>
            <dst id="SNVAng">1913.06266666667</dst>
            <dst id="STTLng">9288.13066666667</dst>
            <dst id="WASHng">44668.1893333333</dst>
        </src>
        <src id="CHINng">
            <dst id="ATLA-M5">1630.488</dst>
            <dst id="ATLAng">14640.496</dst>
            <dst id="CHINng">129807.253333333</dst>
            <dst id="DNVRng">10551.1946666667</dst>
            <dst id="HSTNng">10311.2906666667</dst>
            <dst id="IPLSng">55930.8346666666</dst>
            <dst id="KSCYng">11604.712</dst>
            <dst id="LOSAng">33159.168</dst>
            <dst id="NYCMng">26543.2373333333</dst>
            <dst id="SNVAng">4606.81866666667</dst>
            <dst id="STTLng">19358.3146666667</dst>
            <dst id="WASHng">21146.968</dst>
        </src>
        <src id="DNVRng">
            <dst id="ATLA-M5">186.306666666667</dst>
            <dst id="ATLAng">4197.98933333333</dst>
            <dst id="CHINng">40998.2693333333</dst>
            <dst id="DNVRng">14072.488</dst>
            <dst id="HSTNng">15211.9706666667</dst>
            <dst id="IPLSng">8316.304</dst>
            <dst id="KSCYng">21073.9253333333</dst>
            <dst id="LOSAng">8761.37866666667</dst>
            <dst id="NYCMng">9807.03466666667</dst>
            <dst id="SNVAng">24079.3226666667</dst>
            <dst id="STTLng">30951.688</dst>
            <dst id="WASHng">25562.9546666667</dst>
        </src>
        <src id="HSTNng">
            <dst id="ATLA-M5">3973.512</dst>
            <dst id="ATLAng">10549.6053333333</dst>
            <dst id="CHINng">14865.0186666667</dst>
            <dst id="DNVRng">1034.20266666667</dst>
            <dst id="HSTNng">13134.336</dst>
            <dst id="IPLSng">4571.95466666667</dst>
            <dst id="KSCYng">9335.32</dst>
            <dst id="LOSAng">8477.73333333333</dst>
            <dst id="NYCMng">4904.86133333333</dst>
            <dst id="SNVAng">86.8373333333333</dst>
            <dst id="STTLng">4588.82933333333</dst>
            <dst id="WASHng">14657.472</dst>
        </src>
        <src id="IPLSng">
            <dst id="ATLA-M5">442.72</dst>
            <dst id="ATLAng">11514.7306666667</dst>
            <dst id="CHINng">39991.088</dst>
            <dst id="DNVRng">5825.85866666667</dst>
            <dst id="HSTNng">3777.58133333333</dst>
            <dst id="IPLSng">22451.0586666667</dst>
            <dst id="KSCYng">3691.92</dst>
            <dst id="LOSAng">17972.5413333333</dst>
            <dst id="NYCMng">5973.84266666667</dst>
            <dst id="SNVAng">2518.85866666667</dst>
            <dst id="STTLng">18859.1786666667</dst>
            <dst id="WASHng">10440.8</dst>
        </src>
        <src id="KSCYng">
            <dst id="ATLA-M5">381.842666666667</dst>
            <dst id="ATLAng">6636.824</dst>
            <dst id="CHINng">32989.064</dst>
            <dst id="DNVRng">8601.824</dst>
            <dst id="HSTNng">3999.424</dst>
            <dst id="IPLSng">13574.9893333333</dst>
            <dst id="KSCYng">10089.6693333333</dst>
            <dst id="LOSAng">5343.89866666667</dst>
            <dst id="NYCMng">15260.352</dst>
            <dst id="SNVAng">2695.88266666667</dst>
            <dst id="STTLng">6504.39733333333</dst>
            <dst id="WASHng">14728.848</dst>
        </src>
        <src id="LOSAng">
            <dst id="ATLA-M5">192.472</dst>
            <dst id="ATLAng">11284.2853333333</dst>
            <dst id="CHINng">95304.672</dst>
            <dst id="DNVRng">12450.9333333333</dst>
            <dst id="HSTNng">3269.98933333333</dst>
            <dst id="IPLSng">27796.528</dst>
            <dst id="KSCYng">6006.65333333333</dst>
            <dst id="LOSAng">29257.296</dst>
            <dst id="NYCMng">34939.0213333333</dst>
            <dst id="SNVAng">20407.3573333333</dst>
            <dst id="STTLng">55664.9253333333</dst>
            <dst id="WASHng">43665.12</dst>
        </src>
        <src id="NYCMng">
            <dst id="ATLA-M5">3273.368</dst>
            <dst id="ATLAng">22004.2106666667</dst>
            <dst id="CHINng">43592.6053333333</dst>
            <dst id="DNVRng">19143.9973333333</dst>
            <dst id="HSTNng">8667.928</dst>
            <dst id="IPLSng">18582.9253333333</dst>
            <dst id="KSCYng">14204.7893333333</dst>
            <dst id="LOSAng">63714.0053333333</dst>
            <dst id="NYCMng">111977.821333333</dst>
            <dst id="SNVAng">2130.256</dst>
            <dst id="STTLng">22647.3893333333</dst>
            <dst id="WASHng">59581.336</dst>
        </src>
        <src id="SNVAng">
            <dst id="ATLA-M5">0</dst>
            <dst id="ATLAng">0</dst>
            <dst id="CHINng">26.6666666666667</dst>
            <dst id="DNVRng">736.824</dst>
            <dst id="HSTNng">37.76</dst>
            <dst id="IPLSng">360.090666666667</dst>
            <dst id="KSCYng">0</dst>
            <dst id="LOSAng">9633.144</dst>
            <dst id="NYCMng">173.6</dst>
            <dst id="SNVAng">7412.49066666667</dst>
            <dst id="STTLng">17323.4053333333</dst>
            <dst id="WASHng">0</dst>
        </src>
        <src id="STTLng">
            <dst id="ATLA-M5">627.856</dst>
            <dst id="ATLAng">11128.4613333333</dst>
            <dst id="CHINng">19868.704</dst>
            <dst id="DNVRng">9525.34133333333</dst>
            <dst id="HSTNng">3679.35466666667</dst>
            <dst id="IPLSng">12974.3813333333</dst>
            <dst id="KSCYng">9837.09066666667</dst>
            <dst id="LOSAng">41218.1066666667</dst>
            <dst id="NYCMng">5798.88</dst>
            <dst id="SNVAng">2424.616</dst>
            <dst id="STTLng">20281.496</dst>
            <dst id="WASHng">11914.9413333333</dst>
        </src>
        <src id="WASHng">
            <dst id="ATLA-M5">1906.192</dst>
            <dst id="ATLAng">154003.133333333</dst>
            <dst id="CHINng">72536.0373333333</dst>
            <dst id="DNVRng">56461.944</dst>
            <dst id="HSTNng">27604.4186666667</dst>
            <dst id="IPLSng">42023.424</dst>
            <dst id="KSCYng">26716.9973333333</dst>
            <dst id="LOSAng">80429.2133333333</dst>
            <dst id="NYCMng">121568.213333333</dst>
            <dst id="SNVAng">7143.92266666667</dst>
            <dst id="STTLng">45005.384</dst>
            <dst id="WASHng">210243.648</dst>
        </src>
    </IntraTM>
</TrafficMatrixFile>
