<?xml version="1.0" encoding="ISO-8859-1" standalone="yes"?>
<TrafficMatrixFile xsi:noNamespaceSchemaLocation="http://totem.run.montefiore.ulg.ac.be/Schema/TrafficMatrix-v1_2.xsd" xmlns:xsi="http://www.w3.org/2001/XMLSchema-instance">
    <IntraTM ASID="11537">
        <src id="ATLA-M5">
            <dst id="ATLA-M5">280.490666666667</dst>
            <dst id="ATLAng">234.416</dst>
            <dst id="CHINng">1333.67733333333</dst>
            <dst id="DNVRng">173.117333333333</dst>
            <dst id="HSTNng">325.893333333333</dst>
            <dst id="IPLSng">668.293333333333</dst>
            <dst id="KSCYng">155.901333333333</dst>
            <dst id="LOSAng">133.493333333333</dst>
            <dst id="NYCMng">770.322666666667</dst>
            <dst id="SNVAng">26.6666666666667</dst>
            <dst id="STTLng">1019.48533333333</dst>
            <dst id="WASHng">1177.86666666667</dst>
        </src>
        <src id="ATLAng">
            <dst id="ATLA-M5">834.034666666666</dst>
            <dst id="ATLAng">49997.16</dst>
            <dst id="CHINng">17875.984</dst>
            <dst id="DNVRng">5310.08266666667</dst>
            <dst id="HSTNng">4243.64</dst>
            <dst id="IPLSng">17641.872</dst>
            <dst id="KSCYng">9477.82133333333</dst>
            <dst id="LOSAng">5742.32933333333</dst>
            <dst id="NYCMng">11405.408</dst>
            <dst id="SNVAng">677.838666666667</dst>
            <dst id="STTLng">20311.4426666667</dst>
            <dst id="WASHng">73272.9386666667</dst>
        </src>
        <src id="CHINng">
            <dst id="ATLA-M5">739.101333333333</dst>
            <dst id="ATLAng">27845.4133333333</dst>
            <dst id="CHINng">164338.157333333</dst>
            <dst id="DNVRng">13079.8106666667</dst>
            <dst id="HSTNng">20196.1066666667</dst>
            <dst id="IPLSng">63635.2746666667</dst>
            <dst id="KSCYng">18757.6426666667</dst>
            <dst id="LOSAng">40629.8773333333</dst>
            <dst id="NYCMng">21521.6453333333</dst>
            <dst id="SNVAng">4678.41066666667</dst>
            <dst id="STTLng">35818.5333333333</dst>
            <dst id="WASHng">42310.1413333333</dst>
        </src>
        <src id="DNVRng">
            <dst id="ATLA-M5">481.578666666667</dst>
            <dst id="ATLAng">10376.0133333333</dst>
            <dst id="CHINng">82776.8826666667</dst>
            <dst id="DNVRng">8503.648</dst>
            <dst id="HSTNng">15544.248</dst>
            <dst id="IPLSng">15031.5013333333</dst>
            <dst id="KSCYng">27394.224</dst>
            <dst id="LOSAng">7211.96</dst>
            <dst id="NYCMng">10058.5253333333</dst>
            <dst id="SNVAng">11791.2</dst>
            <dst id="STTLng">18705.1493333333</dst>
            <dst id="WASHng">32202.4373333333</dst>
        </src>
        <src id="HSTNng">
            <dst id="ATLA-M5">2016.89866666667</dst>
            <dst id="ATLAng">5515.73066666667</dst>
            <dst id="CHINng">23926.2133333333</dst>
            <dst id="DNVRng">1270.85333333333</dst>
            <dst id="HSTNng">12817.5946666667</dst>
            <dst id="IPLSng">4807.72</dst>
            <dst id="KSCYng">11429.3866666667</dst>
            <dst id="LOSAng">3957.792</dst>
            <dst id="NYCMng">10698.528</dst>
            <dst id="SNVAng">2312.29333333333</dst>
            <dst id="STTLng">12909.264</dst>
            <dst id="WASHng">16562.1626666667</dst>
        </src>
        <src id="IPLSng">
            <dst id="ATLA-M5">238.768</dst>
            <dst id="ATLAng">29992.7306666667</dst>
            <dst id="CHINng">107397.322666667</dst>
            <dst id="DNVRng">6362.67733333333</dst>
            <dst id="HSTNng">8520.97066666667</dst>
            <dst id="IPLSng">61667.304</dst>
            <dst id="KSCYng">13946.9493333333</dst>
            <dst id="LOSAng">20318.6346666667</dst>
            <dst id="NYCMng">24516.744</dst>
            <dst id="SNVAng">957.506666666667</dst>
            <dst id="STTLng">36934.504</dst>
            <dst id="WASHng">54321.2506666667</dst>
        </src>
        <src id="KSCYng">
            <dst id="ATLA-M5">376.013333333333</dst>
            <dst id="ATLAng">7520.016</dst>
            <dst id="CHINng">28592.8506666667</dst>
            <dst id="DNVRng">11332.1093333333</dst>
            <dst id="HSTNng">9269.14666666667</dst>
            <dst id="IPLSng">19948.1466666667</dst>
            <dst id="KSCYng">21111.7093333333</dst>
            <dst id="LOSAng">2897.30933333333</dst>
            <dst id="NYCMng">9075.024</dst>
            <dst id="SNVAng">1752.576</dst>
            <dst id="STTLng">19159.0186666667</dst>
            <dst id="WASHng">10864.4506666667</dst>
        </src>
        <src id="LOSAng">
            <dst id="ATLA-M5">36.7946666666667</dst>
            <dst id="ATLAng">16408.392</dst>
            <dst id="CHINng">99493.3253333333</dst>
            <dst id="DNVRng">10330.8933333333</dst>
            <dst id="HSTNng">3076.032</dst>
            <dst id="IPLSng">14249.0453333333</dst>
            <dst id="KSCYng">5710.928</dst>
            <dst id="LOSAng">10501.0666666667</dst>
            <dst id="NYCMng">32834.384</dst>
            <dst id="SNVAng">20930.6026666667</dst>
            <dst id="STTLng">57167.688</dst>
            <dst id="WASHng">50933.1893333333</dst>
        </src>
        <src id="NYCMng">
            <dst id="ATLA-M5">1622.64533333333</dst>
            <dst id="ATLAng">37495.8053333333</dst>
            <dst id="CHINng">41556.7306666667</dst>
            <dst id="DNVRng">31095.1066666667</dst>
            <dst id="HSTNng">12028.8373333333</dst>
            <dst id="IPLSng">28777.8826666667</dst>
            <dst id="KSCYng">18118.9733333333</dst>
            <dst id="LOSAng">44225.6693333333</dst>
            <dst id="NYCMng">159676.421333333</dst>
            <dst id="SNVAng">2641.336</dst>
            <dst id="STTLng">21592.2986666667</dst>
            <dst id="WASHng">119479.106666667</dst>
        </src>
        <src id="SNVAng">
            <dst id="ATLA-M5">0</dst>
            <dst id="ATLAng">80</dst>
            <dst id="CHINng">142.328</dst>
            <dst id="DNVRng">23937.1893333333</dst>
            <dst id="HSTNng">347.877333333333</dst>
            <dst id="IPLSng">460.725333333333</dst>
            <dst id="KSCYng">26.6666666666667</dst>
            <dst id="LOSAng">4350.27466666667</dst>
            <dst id="NYCMng">247.650666666667</dst>
            <dst id="SNVAng">7733.888</dst>
            <dst id="STTLng">19553.344</dst>
            <dst id="WASHng">53.3333333333333</dst>
        </src>
        <src id="STTLng">
            <dst id="ATLA-M5">4086.04533333333</dst>
            <dst id="ATLAng">60349.1413333333</dst>
            <dst id="CHINng">117581.976</dst>
            <dst id="DNVRng">26516.5173333333</dst>
            <dst id="HSTNng">33414.8053333333</dst>
            <dst id="IPLSng">99124.336</dst>
            <dst id="KSCYng">59541.072</dst>
            <dst id="LOSAng">16222.6133333333</dst>
            <dst id="NYCMng">35371.464</dst>
            <dst id="SNVAng">3313.51733333333</dst>
            <dst id="STTLng">18668.2773333333</dst>
            <dst id="WASHng">104479.002666667</dst>
        </src>
        <src id="WASHng">
            <dst id="ATLA-M5">1681.648</dst>
            <dst id="ATLAng">92566.4746666667</dst>
            <dst id="CHINng">62078.6693333333</dst>
            <dst id="DNVRng">64139.232</dst>
            <dst id="HSTNng">26404.448</dst>
            <dst id="IPLSng">73976.032</dst>
            <dst id="KSCYng">27351.4853333333</dst>
            <dst id="LOSAng">73358.472</dst>
            <dst id="NYCMng">174837.450666667</dst>
            <dst id="SNVAng">5564.08</dst>
            <dst id="STTLng">61504.7786666667</dst>
            <dst id="WASHng">377308.533333333</dst>
        </src>
    </IntraTM>
</TrafficMatrixFile>
