<?xml version="1.0" encoding="ISO-8859-1" standalone="yes"?>
<TrafficMatrixFile xsi:noNamespaceSchemaLocation="http://totem.run.montefiore.ulg.ac.be/Schema/TrafficMatrix-v1_2.xsd" xmlns:xsi="http://www.w3.org/2001/XMLSchema-instance">
    <IntraTM ASID="11537">
        <src id="ATLA-M5">
            <dst id="ATLA-M5">0</dst>
            <dst id="ATLAng">1884.43466666667</dst>
            <dst id="CHINng">1370.01333333333</dst>
            <dst id="DNVRng">383.101333333333</dst>
            <dst id="HSTNng">525.034666666667</dst>
            <dst id="IPLSng">764.208</dst>
            <dst id="KSCYng">330.232</dst>
            <dst id="LOSAng">186.498666666667</dst>
            <dst id="NYCMng">1774.312</dst>
            <dst id="SNVAng">55.6693333333333</dst>
            <dst id="STTLng">937.381333333333</dst>
            <dst id="WASHng">1641.312</dst>
        </src>
        <src id="ATLAng">
            <dst id="ATLA-M5">195.618666666667</dst>
            <dst id="ATLAng">36172.76</dst>
            <dst id="CHINng">25161.1093333333</dst>
            <dst id="DNVRng">6478.56266666667</dst>
            <dst id="HSTNng">3343.55466666667</dst>
            <dst id="IPLSng">20557.9066666667</dst>
            <dst id="KSCYng">4814.79466666667</dst>
            <dst id="LOSAng">23565.2373333333</dst>
            <dst id="NYCMng">6118.60266666667</dst>
            <dst id="SNVAng">2046.912</dst>
            <dst id="STTLng">9867.87466666667</dst>
            <dst id="WASHng">40003.3973333333</dst>
        </src>
        <src id="CHINng">
            <dst id="ATLA-M5">1200.22666666667</dst>
            <dst id="ATLAng">21828.816</dst>
            <dst id="CHINng">161626.248</dst>
            <dst id="DNVRng">12739.2533333333</dst>
            <dst id="HSTNng">14088.9333333333</dst>
            <dst id="IPLSng">35282.712</dst>
            <dst id="KSCYng">16192.6746666667</dst>
            <dst id="LOSAng">36447.2986666667</dst>
            <dst id="NYCMng">14125.8746666667</dst>
            <dst id="SNVAng">4104.97866666667</dst>
            <dst id="STTLng">19536.8186666667</dst>
            <dst id="WASHng">30988.6666666667</dst>
        </src>
        <src id="DNVRng">
            <dst id="ATLA-M5">183.122666666667</dst>
            <dst id="ATLAng">4628.76</dst>
            <dst id="CHINng">31581.304</dst>
            <dst id="DNVRng">10010.5173333333</dst>
            <dst id="HSTNng">15978.0693333333</dst>
            <dst id="IPLSng">8660.776</dst>
            <dst id="KSCYng">27349.824</dst>
            <dst id="LOSAng">7967.672</dst>
            <dst id="NYCMng">6522.01333333334</dst>
            <dst id="SNVAng">10932.0693333333</dst>
            <dst id="STTLng">30309.592</dst>
            <dst id="WASHng">23295.7813333333</dst>
        </src>
        <src id="HSTNng">
            <dst id="ATLA-M5">2242.06666666667</dst>
            <dst id="ATLAng">5072.70133333333</dst>
            <dst id="CHINng">17427.9946666667</dst>
            <dst id="DNVRng">1150.432</dst>
            <dst id="HSTNng">12336.128</dst>
            <dst id="IPLSng">5593.99733333333</dst>
            <dst id="KSCYng">9117.75466666667</dst>
            <dst id="LOSAng">7831.78933333333</dst>
            <dst id="NYCMng">4201.26133333333</dst>
            <dst id="SNVAng">0</dst>
            <dst id="STTLng">6827.65333333333</dst>
            <dst id="WASHng">5392.664</dst>
        </src>
        <src id="IPLSng">
            <dst id="ATLA-M5">946.517333333333</dst>
            <dst id="ATLAng">9646.2</dst>
            <dst id="CHINng">47537.5733333333</dst>
            <dst id="DNVRng">6507.16533333333</dst>
            <dst id="HSTNng">6299.50933333333</dst>
            <dst id="IPLSng">25961.8186666667</dst>
            <dst id="KSCYng">6462.68266666667</dst>
            <dst id="LOSAng">16933.1146666667</dst>
            <dst id="NYCMng">6637.52533333333</dst>
            <dst id="SNVAng">1019.37066666667</dst>
            <dst id="STTLng">20492.7573333333</dst>
            <dst id="WASHng">13251.7626666667</dst>
        </src>
        <src id="KSCYng">
            <dst id="ATLA-M5">376.661333333333</dst>
            <dst id="ATLAng">7036.464</dst>
            <dst id="CHINng">29354.9173333333</dst>
            <dst id="DNVRng">8711.01866666667</dst>
            <dst id="HSTNng">3235.784</dst>
            <dst id="IPLSng">14356</dst>
            <dst id="KSCYng">9480.37066666667</dst>
            <dst id="LOSAng">6305.81866666667</dst>
            <dst id="NYCMng">16250.648</dst>
            <dst id="SNVAng">2559.31466666667</dst>
            <dst id="STTLng">8868.57333333333</dst>
            <dst id="WASHng">21803.7893333333</dst>
        </src>
        <src id="LOSAng">
            <dst id="ATLA-M5">969.269333333334</dst>
            <dst id="ATLAng">12323.1786666667</dst>
            <dst id="CHINng">82499.528</dst>
            <dst id="DNVRng">10696.784</dst>
            <dst id="HSTNng">3415.68533333333</dst>
            <dst id="IPLSng">30111.248</dst>
            <dst id="KSCYng">3521.83733333333</dst>
            <dst id="LOSAng">20151.5866666667</dst>
            <dst id="NYCMng">33790.3066666667</dst>
            <dst id="SNVAng">17362.7893333333</dst>
            <dst id="STTLng">50768.864</dst>
            <dst id="WASHng">105907.936</dst>
        </src>
        <src id="NYCMng">
            <dst id="ATLA-M5">1945.62933333333</dst>
            <dst id="ATLAng">20055.48</dst>
            <dst id="CHINng">39533.4266666667</dst>
            <dst id="DNVRng">20212.9306666667</dst>
            <dst id="HSTNng">9563.76533333333</dst>
            <dst id="IPLSng">18246.2266666667</dst>
            <dst id="KSCYng">13154.5013333333</dst>
            <dst id="LOSAng">58886.8266666667</dst>
            <dst id="NYCMng">77460.5013333333</dst>
            <dst id="SNVAng">1617.904</dst>
            <dst id="STTLng">27176.5253333333</dst>
            <dst id="WASHng">63965.5866666667</dst>
        </src>
        <src id="SNVAng">
            <dst id="ATLA-M5">0</dst>
            <dst id="ATLAng">191.477333333333</dst>
            <dst id="CHINng">0</dst>
            <dst id="DNVRng">1357.816</dst>
            <dst id="HSTNng">0</dst>
            <dst id="IPLSng">346.898666666667</dst>
            <dst id="KSCYng">0</dst>
            <dst id="LOSAng">10316.8026666667</dst>
            <dst id="NYCMng">201.469333333333</dst>
            <dst id="SNVAng">6996.40266666667</dst>
            <dst id="STTLng">16481.768</dst>
            <dst id="WASHng">53.3333333333333</dst>
        </src>
        <src id="STTLng">
            <dst id="ATLA-M5">527.6</dst>
            <dst id="ATLAng">20719.5226666667</dst>
            <dst id="CHINng">25329.664</dst>
            <dst id="DNVRng">10964.568</dst>
            <dst id="HSTNng">5044.552</dst>
            <dst id="IPLSng">12816.856</dst>
            <dst id="KSCYng">9625.528</dst>
            <dst id="LOSAng">46596.472</dst>
            <dst id="NYCMng">7311.84533333333</dst>
            <dst id="SNVAng">2173.208</dst>
            <dst id="STTLng">21555.008</dst>
            <dst id="WASHng">15212.3146666667</dst>
        </src>
        <src id="WASHng">
            <dst id="ATLA-M5">2619.168</dst>
            <dst id="ATLAng">108905.784</dst>
            <dst id="CHINng">78276.792</dst>
            <dst id="DNVRng">66360.408</dst>
            <dst id="HSTNng">32379.0666666667</dst>
            <dst id="IPLSng">44330.5653333333</dst>
            <dst id="KSCYng">32961.5306666667</dst>
            <dst id="LOSAng">76739.5733333333</dst>
            <dst id="NYCMng">115029.829333333</dst>
            <dst id="SNVAng">6467.144</dst>
            <dst id="STTLng">50886.016</dst>
            <dst id="WASHng">264672.973333333</dst>
        </src>
    </IntraTM>
</TrafficMatrixFile>
