<?xml version="1.0" encoding="ISO-8859-1" standalone="yes"?>
<TrafficMatrixFile xsi:noNamespaceSchemaLocation="http://totem.run.montefiore.ulg.ac.be/Schema/TrafficMatrix-v1_2.xsd" xmlns:xsi="http://www.w3.org/2001/XMLSchema-instance">
    <IntraTM ASID="11537">
        <src id="ATLA-M5">
            <dst id="ATLA-M5">0</dst>
            <dst id="ATLAng">964.466666666667</dst>
            <dst id="CHINng">575.610666666667</dst>
            <dst id="DNVRng">71.4986666666667</dst>
            <dst id="HSTNng">60.7013333333333</dst>
            <dst id="IPLSng">477.197333333333</dst>
            <dst id="KSCYng">194.76</dst>
            <dst id="LOSAng">129.432</dst>
            <dst id="NYCMng">1064.92</dst>
            <dst id="SNVAng">24.632</dst>
            <dst id="STTLng">439.189333333333</dst>
            <dst id="WASHng">1343.97866666667</dst>
        </src>
        <src id="ATLAng">
            <dst id="ATLA-M5">131.637333333333</dst>
            <dst id="ATLAng">37003.4693333333</dst>
            <dst id="CHINng">14354.7066666667</dst>
            <dst id="DNVRng">13233.8053333333</dst>
            <dst id="HSTNng">19196.9466666667</dst>
            <dst id="IPLSng">14719.8746666667</dst>
            <dst id="KSCYng">2794.288</dst>
            <dst id="LOSAng">13630.0533333333</dst>
            <dst id="NYCMng">5602.51733333333</dst>
            <dst id="SNVAng">342.066666666667</dst>
            <dst id="STTLng">8151.04533333333</dst>
            <dst id="WASHng">42421.848</dst>
        </src>
        <src id="CHINng">
            <dst id="ATLA-M5">119.688</dst>
            <dst id="ATLAng">107291.357333333</dst>
            <dst id="CHINng">264701.725333333</dst>
            <dst id="DNVRng">11003.6586666667</dst>
            <dst id="HSTNng">6511.336</dst>
            <dst id="IPLSng">49528.64</dst>
            <dst id="KSCYng">21732.0906666667</dst>
            <dst id="LOSAng">36809.4346666667</dst>
            <dst id="NYCMng">12138.9066666667</dst>
            <dst id="SNVAng">3858.84533333333</dst>
            <dst id="STTLng">17386.8906666667</dst>
            <dst id="WASHng">18745.272</dst>
        </src>
        <src id="DNVRng">
            <dst id="ATLA-M5">2301.48266666667</dst>
            <dst id="ATLAng">4349.39733333333</dst>
            <dst id="CHINng">55197.1493333333</dst>
            <dst id="DNVRng">12634.4266666667</dst>
            <dst id="HSTNng">9234.696</dst>
            <dst id="IPLSng">8214.75466666667</dst>
            <dst id="KSCYng">20558.1813333333</dst>
            <dst id="LOSAng">4926.39466666667</dst>
            <dst id="NYCMng">7760.78933333333</dst>
            <dst id="SNVAng">26757.4506666667</dst>
            <dst id="STTLng">11820.592</dst>
            <dst id="WASHng">25075.3066666667</dst>
        </src>
        <src id="HSTNng">
            <dst id="ATLA-M5">356.053333333333</dst>
            <dst id="ATLAng">5309.77066666667</dst>
            <dst id="CHINng">18513.1653333333</dst>
            <dst id="DNVRng">1027.656</dst>
            <dst id="HSTNng">19682.672</dst>
            <dst id="IPLSng">1536.96533333333</dst>
            <dst id="KSCYng">8581.49066666666</dst>
            <dst id="LOSAng">9488.08</dst>
            <dst id="NYCMng">4309.52533333333</dst>
            <dst id="SNVAng">0</dst>
            <dst id="STTLng">4330.89066666667</dst>
            <dst id="WASHng">16127.576</dst>
        </src>
        <src id="IPLSng">
            <dst id="ATLA-M5">244.589333333333</dst>
            <dst id="ATLAng">4713.544</dst>
            <dst id="CHINng">69754.4186666667</dst>
            <dst id="DNVRng">4335.84</dst>
            <dst id="HSTNng">999.749333333333</dst>
            <dst id="IPLSng">7041.95733333333</dst>
            <dst id="KSCYng">9493.57333333333</dst>
            <dst id="LOSAng">15739.224</dst>
            <dst id="NYCMng">9809.296</dst>
            <dst id="SNVAng">810.010666666667</dst>
            <dst id="STTLng">20900.104</dst>
            <dst id="WASHng">29925.568</dst>
        </src>
        <src id="KSCYng">
            <dst id="ATLA-M5">464.978666666667</dst>
            <dst id="ATLAng">4217.496</dst>
            <dst id="CHINng">30534.3706666667</dst>
            <dst id="DNVRng">9101.46666666667</dst>
            <dst id="HSTNng">3246.52266666667</dst>
            <dst id="IPLSng">12070.5253333333</dst>
            <dst id="KSCYng">9366.08</dst>
            <dst id="LOSAng">4982.51466666667</dst>
            <dst id="NYCMng">7486.18666666667</dst>
            <dst id="SNVAng">2347.09333333333</dst>
            <dst id="STTLng">11993.5573333333</dst>
            <dst id="WASHng">10907.8453333333</dst>
        </src>
        <src id="LOSAng">
            <dst id="ATLA-M5">84.8453333333333</dst>
            <dst id="ATLAng">6822.90666666667</dst>
            <dst id="CHINng">97499.3706666667</dst>
            <dst id="DNVRng">10680.808</dst>
            <dst id="HSTNng">2830.51733333333</dst>
            <dst id="IPLSng">29054.6666666667</dst>
            <dst id="KSCYng">3102.392</dst>
            <dst id="LOSAng">11694.944</dst>
            <dst id="NYCMng">29543.016</dst>
            <dst id="SNVAng">21458.3413333333</dst>
            <dst id="STTLng">48228.4933333333</dst>
            <dst id="WASHng">37604.0853333333</dst>
        </src>
        <src id="NYCMng">
            <dst id="ATLA-M5">1405.09333333333</dst>
            <dst id="ATLAng">29771.2693333333</dst>
            <dst id="CHINng">36466.6053333333</dst>
            <dst id="DNVRng">13166.9653333333</dst>
            <dst id="HSTNng">4494.712</dst>
            <dst id="IPLSng">19723.9146666667</dst>
            <dst id="KSCYng">8914.456</dst>
            <dst id="LOSAng">51953.9066666667</dst>
            <dst id="NYCMng">94696.104</dst>
            <dst id="SNVAng">1510.992</dst>
            <dst id="STTLng">16451.104</dst>
            <dst id="WASHng">46163.576</dst>
        </src>
        <src id="SNVAng">
            <dst id="ATLA-M5">0</dst>
            <dst id="ATLAng">26.6666666666667</dst>
            <dst id="CHINng">0</dst>
            <dst id="DNVRng">3259.95466666667</dst>
            <dst id="HSTNng">74.6666666666667</dst>
            <dst id="IPLSng">328.128</dst>
            <dst id="KSCYng">0</dst>
            <dst id="LOSAng">6281.51466666667</dst>
            <dst id="NYCMng">182.869333333333</dst>
            <dst id="SNVAng">5937.41333333333</dst>
            <dst id="STTLng">19394.9493333333</dst>
            <dst id="WASHng">53.3333333333333</dst>
        </src>
        <src id="STTLng">
            <dst id="ATLA-M5">225.186666666667</dst>
            <dst id="ATLAng">9827.99466666667</dst>
            <dst id="CHINng">35387.88</dst>
            <dst id="DNVRng">9467.72</dst>
            <dst id="HSTNng">3015.608</dst>
            <dst id="IPLSng">6003.65866666667</dst>
            <dst id="KSCYng">3969.78133333333</dst>
            <dst id="LOSAng">27330.0266666667</dst>
            <dst id="NYCMng">5444.784</dst>
            <dst id="SNVAng">1171.968</dst>
            <dst id="STTLng">18980.7253333333</dst>
            <dst id="WASHng">11260.6693333333</dst>
        </src>
        <src id="WASHng">
            <dst id="ATLA-M5">321.296</dst>
            <dst id="ATLAng">72301.3653333333</dst>
            <dst id="CHINng">73616.7333333333</dst>
            <dst id="DNVRng">55167.1893333333</dst>
            <dst id="HSTNng">34566.8533333333</dst>
            <dst id="IPLSng">37239.08</dst>
            <dst id="KSCYng">17747.152</dst>
            <dst id="LOSAng">79760.064</dst>
            <dst id="NYCMng">117555.784</dst>
            <dst id="SNVAng">10831.2986666667</dst>
            <dst id="STTLng">42863.16</dst>
            <dst id="WASHng">294083.946666667</dst>
        </src>
    </IntraTM>
</TrafficMatrixFile>
