<?xml version="1.0" encoding="ISO-8859-1" standalone="yes"?>
<TrafficMatrixFile xsi:noNamespaceSchemaLocation="http://totem.run.montefiore.ulg.ac.be/Schema/TrafficMatrix-v1_2.xsd" xmlns:xsi="http://www.w3.org/2001/XMLSchema-instance">
    <IntraTM ASID="11537">
        <src id="ATLA-M5">
            <dst id="ATLA-M5">671.232</dst>
            <dst id="ATLAng">1987.09333333333</dst>
            <dst id="CHINng">1816.50933333333</dst>
            <dst id="DNVRng">94.2986666666667</dst>
            <dst id="HSTNng">1328.408</dst>
            <dst id="IPLSng">364.04</dst>
            <dst id="KSCYng">1284.472</dst>
            <dst id="LOSAng">312.544</dst>
            <dst id="NYCMng">822.066666666666</dst>
            <dst id="SNVAng">26.6666666666667</dst>
            <dst id="STTLng">1036.88533333333</dst>
            <dst id="WASHng">1729.61066666667</dst>
        </src>
        <src id="ATLAng">
            <dst id="ATLA-M5">778.053333333333</dst>
            <dst id="ATLAng">67483.8426666667</dst>
            <dst id="CHINng">20935.8186666667</dst>
            <dst id="DNVRng">9941.11466666666</dst>
            <dst id="HSTNng">14659.4266666667</dst>
            <dst id="IPLSng">21162.752</dst>
            <dst id="KSCYng">12514.552</dst>
            <dst id="LOSAng">6424.38266666667</dst>
            <dst id="NYCMng">11113.6453333333</dst>
            <dst id="SNVAng">564.316</dst>
            <dst id="STTLng">21018.2106666667</dst>
            <dst id="WASHng">58826.5626666667</dst>
        </src>
        <src id="CHINng">
            <dst id="ATLA-M5">755.885333333333</dst>
            <dst id="ATLAng">27273.136</dst>
            <dst id="CHINng">167719.944</dst>
            <dst id="DNVRng">10822.5866666667</dst>
            <dst id="HSTNng">23597.9733333333</dst>
            <dst id="IPLSng">59085.2613333333</dst>
            <dst id="KSCYng">28357.232</dst>
            <dst id="LOSAng">56259.616</dst>
            <dst id="NYCMng">34605.0213333333</dst>
            <dst id="SNVAng">5284.70666666667</dst>
            <dst id="STTLng">34881.6026666667</dst>
            <dst id="WASHng">48425.848</dst>
        </src>
        <src id="DNVRng">
            <dst id="ATLA-M5">857.362666666667</dst>
            <dst id="ATLAng">10563.384</dst>
            <dst id="CHINng">87621.1973333333</dst>
            <dst id="DNVRng">13762.3893333333</dst>
            <dst id="HSTNng">19414.4293333333</dst>
            <dst id="IPLSng">21815.2506666667</dst>
            <dst id="KSCYng">33140.3093333333</dst>
            <dst id="LOSAng">10226.248</dst>
            <dst id="NYCMng">13699.6133333333</dst>
            <dst id="SNVAng">10585.9013333333</dst>
            <dst id="STTLng">20364.608</dst>
            <dst id="WASHng">32326.16</dst>
        </src>
        <src id="HSTNng">
            <dst id="ATLA-M5">1021.85066666667</dst>
            <dst id="ATLAng">8213.248</dst>
            <dst id="CHINng">25900.6666666667</dst>
            <dst id="DNVRng">7682.56533333333</dst>
            <dst id="HSTNng">13590.336</dst>
            <dst id="IPLSng">8672.43466666667</dst>
            <dst id="KSCYng">10366.0266666667</dst>
            <dst id="LOSAng">3303.70133333333</dst>
            <dst id="NYCMng">16453.5893333333</dst>
            <dst id="SNVAng">1802.01333333333</dst>
            <dst id="STTLng">12473.4586666667</dst>
            <dst id="WASHng">13562.0586666667</dst>
        </src>
        <src id="IPLSng">
            <dst id="ATLA-M5">1231.05866666667</dst>
            <dst id="ATLAng">19194.5573333333</dst>
            <dst id="CHINng">113365.114666667</dst>
            <dst id="DNVRng">13927.4853333333</dst>
            <dst id="HSTNng">4770.67466666667</dst>
            <dst id="IPLSng">41989.5866666667</dst>
            <dst id="KSCYng">10418.8533333333</dst>
            <dst id="LOSAng">17343.5573333333</dst>
            <dst id="NYCMng">18462.384</dst>
            <dst id="SNVAng">1094.07733333333</dst>
            <dst id="STTLng">39391.2586666667</dst>
            <dst id="WASHng">40789.3813333333</dst>
        </src>
        <src id="KSCYng">
            <dst id="ATLA-M5">954.496</dst>
            <dst id="ATLAng">6861.30933333333</dst>
            <dst id="CHINng">29986.1066666667</dst>
            <dst id="DNVRng">7582.39466666667</dst>
            <dst id="HSTNng">3228.752</dst>
            <dst id="IPLSng">23994.6</dst>
            <dst id="KSCYng">18432.7573333333</dst>
            <dst id="LOSAng">2944.544</dst>
            <dst id="NYCMng">9788.84266666667</dst>
            <dst id="SNVAng">2029.392</dst>
            <dst id="STTLng">19494.216</dst>
            <dst id="WASHng">11990.1573333333</dst>
        </src>
        <src id="LOSAng">
            <dst id="ATLA-M5">0</dst>
            <dst id="ATLAng">15915.624</dst>
            <dst id="CHINng">97858.8986666667</dst>
            <dst id="DNVRng">11941.1173333333</dst>
            <dst id="HSTNng">2283.376</dst>
            <dst id="IPLSng">15361.088</dst>
            <dst id="KSCYng">7604.31733333333</dst>
            <dst id="LOSAng">11613.304</dst>
            <dst id="NYCMng">30732.1573333333</dst>
            <dst id="SNVAng">21934.4986666667</dst>
            <dst id="STTLng">61095.8266666667</dst>
            <dst id="WASHng">58279.8933333333</dst>
        </src>
        <src id="NYCMng">
            <dst id="ATLA-M5">3593.20533333333</dst>
            <dst id="ATLAng">40504.4133333333</dst>
            <dst id="CHINng">40116.72</dst>
            <dst id="DNVRng">28694.1653333333</dst>
            <dst id="HSTNng">14114.408</dst>
            <dst id="IPLSng">28619.528</dst>
            <dst id="KSCYng">17368.3066666667</dst>
            <dst id="LOSAng">42582.4426666667</dst>
            <dst id="NYCMng">200575.770666667</dst>
            <dst id="SNVAng">2713.18933333333</dst>
            <dst id="STTLng">21034.32</dst>
            <dst id="WASHng">126106.149333333</dst>
        </src>
        <src id="SNVAng">
            <dst id="ATLA-M5">26.6666666666667</dst>
            <dst id="ATLAng">53.3333333333333</dst>
            <dst id="CHINng">267.906666666667</dst>
            <dst id="DNVRng">4660.32</dst>
            <dst id="HSTNng">367.696</dst>
            <dst id="IPLSng">511.68</dst>
            <dst id="KSCYng">106.666666666667</dst>
            <dst id="LOSAng">4662.416</dst>
            <dst id="NYCMng">187.698666666667</dst>
            <dst id="SNVAng">6673.736</dst>
            <dst id="STTLng">17304.4053333333</dst>
            <dst id="WASHng">176.877333333333</dst>
        </src>
        <src id="STTLng">
            <dst id="ATLA-M5">4873.54133333333</dst>
            <dst id="ATLAng">62083.488</dst>
            <dst id="CHINng">111602.576</dst>
            <dst id="DNVRng">23969.856</dst>
            <dst id="HSTNng">34010.336</dst>
            <dst id="IPLSng">82031.7386666667</dst>
            <dst id="KSCYng">61545.2293333333</dst>
            <dst id="LOSAng">18532.4373333333</dst>
            <dst id="NYCMng">31631.488</dst>
            <dst id="SNVAng">5211.096</dst>
            <dst id="STTLng">20637.6666666667</dst>
            <dst id="WASHng">104564.250666667</dst>
        </src>
        <src id="WASHng">
            <dst id="ATLA-M5">1518.63466666667</dst>
            <dst id="ATLAng">124917.450666667</dst>
            <dst id="CHINng">77375.2693333333</dst>
            <dst id="DNVRng">70467.344</dst>
            <dst id="HSTNng">25493.7146666667</dst>
            <dst id="IPLSng">77813.952</dst>
            <dst id="KSCYng">33716.0053333333</dst>
            <dst id="LOSAng">69684.9146666667</dst>
            <dst id="NYCMng">213455.642666667</dst>
            <dst id="SNVAng">6331.66933333333</dst>
            <dst id="STTLng">64769.0666666667</dst>
            <dst id="WASHng">385249.36</dst>
        </src>
    </IntraTM>
</TrafficMatrixFile>
