<?xml version="1.0" encoding="ISO-8859-1" standalone="yes"?>
<TrafficMatrixFile xsi:noNamespaceSchemaLocation="http://totem.run.montefiore.ulg.ac.be/Schema/TrafficMatrix-v1_2.xsd" xmlns:xsi="http://www.w3.org/2001/XMLSchema-instance">
    <IntraTM ASID="11537">
        <src id="ATLA-M5">
            <dst id="ATLA-M5">207</dst>
            <dst id="ATLAng">1466.73333333333</dst>
            <dst id="CHINng">953.408</dst>
            <dst id="DNVRng">92.3386666666667</dst>
            <dst id="HSTNng">169.005333333333</dst>
            <dst id="IPLSng">380.714666666667</dst>
            <dst id="KSCYng">321.592</dst>
            <dst id="LOSAng">211.8</dst>
            <dst id="NYCMng">245.346666666667</dst>
            <dst id="SNVAng">13.3333333333333</dst>
            <dst id="STTLng">795.634666666667</dst>
            <dst id="WASHng">1641.448</dst>
        </src>
        <src id="ATLAng">
            <dst id="ATLA-M5">564.624</dst>
            <dst id="ATLAng">34282.4213333333</dst>
            <dst id="CHINng">24964.424</dst>
            <dst id="DNVRng">3284.41066666667</dst>
            <dst id="HSTNng">7432.77333333333</dst>
            <dst id="IPLSng">21769.512</dst>
            <dst id="KSCYng">4539.96266666667</dst>
            <dst id="LOSAng">23622.2133333333</dst>
            <dst id="NYCMng">6591.01333333334</dst>
            <dst id="SNVAng">3690.368</dst>
            <dst id="STTLng">24824.1786666667</dst>
            <dst id="WASHng">57850.9333333333</dst>
        </src>
        <src id="CHINng">
            <dst id="ATLA-M5">1886.296</dst>
            <dst id="ATLAng">37013.0933333333</dst>
            <dst id="CHINng">312798.666666667</dst>
            <dst id="DNVRng">12119.0266666667</dst>
            <dst id="HSTNng">19732.9546666667</dst>
            <dst id="IPLSng">73135.312</dst>
            <dst id="KSCYng">20630.1626666667</dst>
            <dst id="LOSAng">28334.3733333333</dst>
            <dst id="NYCMng">18052.264</dst>
            <dst id="SNVAng">3135.14933333333</dst>
            <dst id="STTLng">35272.12</dst>
            <dst id="WASHng">38801.752</dst>
        </src>
        <src id="DNVRng">
            <dst id="ATLA-M5">1107.97866666667</dst>
            <dst id="ATLAng">15757.488</dst>
            <dst id="CHINng">55331.5253333333</dst>
            <dst id="DNVRng">10345.8373333333</dst>
            <dst id="HSTNng">17934.032</dst>
            <dst id="IPLSng">15229.9493333333</dst>
            <dst id="KSCYng">18417.7146666667</dst>
            <dst id="LOSAng">11499.5866666667</dst>
            <dst id="NYCMng">8330.06666666667</dst>
            <dst id="SNVAng">14457.848</dst>
            <dst id="STTLng">22842.3546666667</dst>
            <dst id="WASHng">40495.4266666667</dst>
        </src>
        <src id="HSTNng">
            <dst id="ATLA-M5">944.197333333333</dst>
            <dst id="ATLAng">4514.48533333333</dst>
            <dst id="CHINng">16284.5493333333</dst>
            <dst id="DNVRng">1284.08266666667</dst>
            <dst id="HSTNng">18368.0266666667</dst>
            <dst id="IPLSng">4844.92</dst>
            <dst id="KSCYng">8748.06133333333</dst>
            <dst id="LOSAng">46545.04</dst>
            <dst id="NYCMng">15129.1626666667</dst>
            <dst id="SNVAng">478.269333333333</dst>
            <dst id="STTLng">13096.0026666667</dst>
            <dst id="WASHng">7224.57866666667</dst>
        </src>
        <src id="IPLSng">
            <dst id="ATLA-M5">391.216</dst>
            <dst id="ATLAng">33335.04</dst>
            <dst id="CHINng">80292.4506666667</dst>
            <dst id="DNVRng">6418.688</dst>
            <dst id="HSTNng">4959.85066666667</dst>
            <dst id="IPLSng">34206.1973333333</dst>
            <dst id="KSCYng">13514.5893333333</dst>
            <dst id="LOSAng">17236.4106666667</dst>
            <dst id="NYCMng">19938.52</dst>
            <dst id="SNVAng">660.810666666667</dst>
            <dst id="STTLng">35150.8453333333</dst>
            <dst id="WASHng">34289.4986666667</dst>
        </src>
        <src id="KSCYng">
            <dst id="ATLA-M5">427.538666666667</dst>
            <dst id="ATLAng">6734.552</dst>
            <dst id="CHINng">29518.3146666667</dst>
            <dst id="DNVRng">7263.44533333333</dst>
            <dst id="HSTNng">11530.8906666667</dst>
            <dst id="IPLSng">27118.088</dst>
            <dst id="KSCYng">18797.68</dst>
            <dst id="LOSAng">3194.67466666667</dst>
            <dst id="NYCMng">8606.064</dst>
            <dst id="SNVAng">2147.41866666667</dst>
            <dst id="STTLng">12449.8746666667</dst>
            <dst id="WASHng">18340.712</dst>
        </src>
        <src id="LOSAng">
            <dst id="ATLA-M5">118.336</dst>
            <dst id="ATLAng">17986.8586666667</dst>
            <dst id="CHINng">144826.88</dst>
            <dst id="DNVRng">10903.152</dst>
            <dst id="HSTNng">22766.336</dst>
            <dst id="IPLSng">43315.2773333333</dst>
            <dst id="KSCYng">5645.04</dst>
            <dst id="LOSAng">7877.76266666667</dst>
            <dst id="NYCMng">53133.2053333333</dst>
            <dst id="SNVAng">17834.96</dst>
            <dst id="STTLng">53080.6373333333</dst>
            <dst id="WASHng">54537.5706666667</dst>
        </src>
        <src id="NYCMng">
            <dst id="ATLA-M5">2922.504</dst>
            <dst id="ATLAng">54629.5866666667</dst>
            <dst id="CHINng">47323.3893333333</dst>
            <dst id="DNVRng">13787.848</dst>
            <dst id="HSTNng">19217.6746666667</dst>
            <dst id="IPLSng">28943.2133333333</dst>
            <dst id="KSCYng">12790.8053333333</dst>
            <dst id="LOSAng">52594.3146666667</dst>
            <dst id="NYCMng">133531.256</dst>
            <dst id="SNVAng">1265.432</dst>
            <dst id="STTLng">28613.6933333333</dst>
            <dst id="WASHng">97271.2586666667</dst>
        </src>
        <src id="SNVAng">
            <dst id="ATLA-M5">0</dst>
            <dst id="ATLAng">112.554666666667</dst>
            <dst id="CHINng">153.402666666667</dst>
            <dst id="DNVRng">3150.49333333333</dst>
            <dst id="HSTNng">122.376</dst>
            <dst id="IPLSng">830.424</dst>
            <dst id="KSCYng">54.0186666666667</dst>
            <dst id="LOSAng">7072.46666666667</dst>
            <dst id="NYCMng">294.549333333333</dst>
            <dst id="SNVAng">9223.54933333333</dst>
            <dst id="STTLng">18130.176</dst>
            <dst id="WASHng">154.389333333333</dst>
        </src>
        <src id="STTLng">
            <dst id="ATLA-M5">3152.26666666667</dst>
            <dst id="ATLAng">72799.648</dst>
            <dst id="CHINng">128228.205333333</dst>
            <dst id="DNVRng">29227.488</dst>
            <dst id="HSTNng">39990.0213333333</dst>
            <dst id="IPLSng">100290.498666667</dst>
            <dst id="KSCYng">51291.2053333333</dst>
            <dst id="LOSAng">25124.0266666667</dst>
            <dst id="NYCMng">34796.3306666667</dst>
            <dst id="SNVAng">2937.50933333333</dst>
            <dst id="STTLng">19631.9626666667</dst>
            <dst id="WASHng">108372.229333333</dst>
        </src>
        <src id="WASHng">
            <dst id="ATLA-M5">4513.38933333333</dst>
            <dst id="ATLAng">117029.248</dst>
            <dst id="CHINng">90348.2613333333</dst>
            <dst id="DNVRng">40665.7146666667</dst>
            <dst id="HSTNng">25910.9306666667</dst>
            <dst id="IPLSng">58185.2133333333</dst>
            <dst id="KSCYng">14883.4346666667</dst>
            <dst id="LOSAng">67373.2453333333</dst>
            <dst id="NYCMng">193628.12</dst>
            <dst id="SNVAng">1143.56533333333</dst>
            <dst id="STTLng">69026.9626666667</dst>
            <dst id="WASHng">326247.173333333</dst>
        </src>
    </IntraTM>
</TrafficMatrixFile>
