<?xml version="1.0" encoding="ISO-8859-1" standalone="yes"?>
<TrafficMatrixFile xsi:noNamespaceSchemaLocation="http://totem.run.montefiore.ulg.ac.be/Schema/TrafficMatrix-v1_2.xsd" xmlns:xsi="http://www.w3.org/2001/XMLSchema-instance">
    <IntraTM ASID="11537">
        <src id="ATLA-M5">
            <dst id="ATLA-M5">260.981333333333</dst>
            <dst id="ATLAng">671.677333333333</dst>
            <dst id="CHINng">46687.5546666667</dst>
            <dst id="DNVRng">729.410666666667</dst>
            <dst id="HSTNng">497.565333333333</dst>
            <dst id="IPLSng">651.893333333333</dst>
            <dst id="KSCYng">908.584</dst>
            <dst id="LOSAng">225.72</dst>
            <dst id="NYCMng">1235.88</dst>
            <dst id="SNVAng">13.3333333333333</dst>
            <dst id="STTLng">786.952</dst>
            <dst id="WASHng">45849.8213333333</dst>
        </src>
        <src id="ATLAng">
            <dst id="ATLA-M5">1296.47733333333</dst>
            <dst id="ATLAng">58188.6453333333</dst>
            <dst id="CHINng">27462.872</dst>
            <dst id="DNVRng">6401.17066666667</dst>
            <dst id="HSTNng">3101.816</dst>
            <dst id="IPLSng">20308.7706666667</dst>
            <dst id="KSCYng">5050.48266666667</dst>
            <dst id="LOSAng">20538.152</dst>
            <dst id="NYCMng">12487.2186666667</dst>
            <dst id="SNVAng">2028.76</dst>
            <dst id="STTLng">15721.2533333333</dst>
            <dst id="WASHng">37494.8586666667</dst>
        </src>
        <src id="CHINng">
            <dst id="ATLA-M5">1139.92533333333</dst>
            <dst id="ATLAng">27981.2373333333</dst>
            <dst id="CHINng">239983.706666667</dst>
            <dst id="DNVRng">17159.7813333333</dst>
            <dst id="HSTNng">17573.0373333333</dst>
            <dst id="IPLSng">62242.4186666667</dst>
            <dst id="KSCYng">16634.6133333333</dst>
            <dst id="LOSAng">50396.008</dst>
            <dst id="NYCMng">17622.232</dst>
            <dst id="SNVAng">3618.06933333333</dst>
            <dst id="STTLng">35835.2</dst>
            <dst id="WASHng">34597.6986666667</dst>
        </src>
        <src id="DNVRng">
            <dst id="ATLA-M5">596.021333333333</dst>
            <dst id="ATLAng">6649.896</dst>
            <dst id="CHINng">30804.7626666667</dst>
            <dst id="DNVRng">15031.6826666667</dst>
            <dst id="HSTNng">17200.1573333333</dst>
            <dst id="IPLSng">9646.18933333333</dst>
            <dst id="KSCYng">29188.5653333333</dst>
            <dst id="LOSAng">8819.65066666666</dst>
            <dst id="NYCMng">10610.6586666667</dst>
            <dst id="SNVAng">23262.2053333333</dst>
            <dst id="STTLng">71596.1066666667</dst>
            <dst id="WASHng">22084.1653333333</dst>
        </src>
        <src id="HSTNng">
            <dst id="ATLA-M5">1960.45866666667</dst>
            <dst id="ATLAng">4838.59466666667</dst>
            <dst id="CHINng">151100.704</dst>
            <dst id="DNVRng">3752.552</dst>
            <dst id="HSTNng">14621.2773333333</dst>
            <dst id="IPLSng">5599.59466666667</dst>
            <dst id="KSCYng">13185.5466666667</dst>
            <dst id="LOSAng">11385.232</dst>
            <dst id="NYCMng">2834.97866666667</dst>
            <dst id="SNVAng">197.909333333333</dst>
            <dst id="STTLng">7170.99466666667</dst>
            <dst id="WASHng">17188.1946666667</dst>
        </src>
        <src id="IPLSng">
            <dst id="ATLA-M5">621.312</dst>
            <dst id="ATLAng">10587.8026666667</dst>
            <dst id="CHINng">52505.584</dst>
            <dst id="DNVRng">10319.2746666667</dst>
            <dst id="HSTNng">4778.272</dst>
            <dst id="IPLSng">19628.568</dst>
            <dst id="KSCYng">8739.45866666667</dst>
            <dst id="LOSAng">19866.0133333333</dst>
            <dst id="NYCMng">15839.2666666667</dst>
            <dst id="SNVAng">2246.56</dst>
            <dst id="STTLng">31288.936</dst>
            <dst id="WASHng">20769.736</dst>
        </src>
        <src id="KSCYng">
            <dst id="ATLA-M5">426.6</dst>
            <dst id="ATLAng">7931.92266666667</dst>
            <dst id="CHINng">33020.6986666667</dst>
            <dst id="DNVRng">9470.56</dst>
            <dst id="HSTNng">5129.95466666667</dst>
            <dst id="IPLSng">18004.88</dst>
            <dst id="KSCYng">18543.1386666667</dst>
            <dst id="LOSAng">7186.09866666667</dst>
            <dst id="NYCMng">6770.86666666667</dst>
            <dst id="SNVAng">2440.144</dst>
            <dst id="STTLng">11596.5066666667</dst>
            <dst id="WASHng">17374.8266666667</dst>
        </src>
        <src id="LOSAng">
            <dst id="ATLA-M5">279.042666666667</dst>
            <dst id="ATLAng">14782.8026666667</dst>
            <dst id="CHINng">144577.664</dst>
            <dst id="DNVRng">33084.296</dst>
            <dst id="HSTNng">48465.9013333333</dst>
            <dst id="IPLSng">48442.2373333333</dst>
            <dst id="KSCYng">8420.12266666667</dst>
            <dst id="LOSAng">17439.1093333333</dst>
            <dst id="NYCMng">40021.9306666667</dst>
            <dst id="SNVAng">18452.5973333333</dst>
            <dst id="STTLng">70636.424</dst>
            <dst id="WASHng">62661.1093333333</dst>
        </src>
        <src id="NYCMng">
            <dst id="ATLA-M5">1332.83466666667</dst>
            <dst id="ATLAng">30787.832</dst>
            <dst id="CHINng">46970.9946666667</dst>
            <dst id="DNVRng">23150.432</dst>
            <dst id="HSTNng">6522.36</dst>
            <dst id="IPLSng">24647.5173333333</dst>
            <dst id="KSCYng">15606.4453333333</dst>
            <dst id="LOSAng">60061.496</dst>
            <dst id="NYCMng">198826.786666667</dst>
            <dst id="SNVAng">5549.99733333333</dst>
            <dst id="STTLng">22064.2133333333</dst>
            <dst id="WASHng">75903.1866666667</dst>
        </src>
        <src id="SNVAng">
            <dst id="ATLA-M5">0</dst>
            <dst id="ATLAng">995.893333333333</dst>
            <dst id="CHINng">27.52</dst>
            <dst id="DNVRng">1296.936</dst>
            <dst id="HSTNng">52.032</dst>
            <dst id="IPLSng">491.898666666667</dst>
            <dst id="KSCYng">0</dst>
            <dst id="LOSAng">7181.05333333333</dst>
            <dst id="NYCMng">32.4026666666667</dst>
            <dst id="SNVAng">6722.57333333333</dst>
            <dst id="STTLng">28795.4906666667</dst>
            <dst id="WASHng">160</dst>
        </src>
        <src id="STTLng">
            <dst id="ATLA-M5">1294.73333333333</dst>
            <dst id="ATLAng">29496.9706666667</dst>
            <dst id="CHINng">50874.5093333333</dst>
            <dst id="DNVRng">21384.2586666667</dst>
            <dst id="HSTNng">9678.784</dst>
            <dst id="IPLSng">43952.664</dst>
            <dst id="KSCYng">28307.2906666667</dst>
            <dst id="LOSAng">50976.712</dst>
            <dst id="NYCMng">12205.8373333333</dst>
            <dst id="SNVAng">7485.66666666667</dst>
            <dst id="STTLng">37384.12</dst>
            <dst id="WASHng">33830.5466666667</dst>
        </src>
        <src id="WASHng">
            <dst id="ATLA-M5">2920.904</dst>
            <dst id="ATLAng">83596.5946666667</dst>
            <dst id="CHINng">534841.333333333</dst>
            <dst id="DNVRng">70406.608</dst>
            <dst id="HSTNng">30434.576</dst>
            <dst id="IPLSng">75301.592</dst>
            <dst id="KSCYng">29133.5786666667</dst>
            <dst id="LOSAng">76530.4213333333</dst>
            <dst id="NYCMng">171233.237333333</dst>
            <dst id="SNVAng">18046.1546666667</dst>
            <dst id="STTLng">52825.744</dst>
            <dst id="WASHng">697963.68</dst>
        </src>
    </IntraTM>
</TrafficMatrixFile>
