<?xml version="1.0" encoding="ISO-8859-1" standalone="yes"?>
<TrafficMatrixFile xsi:noNamespaceSchemaLocation="http://totem.run.montefiore.ulg.ac.be/Schema/TrafficMatrix-v1_2.xsd" xmlns:xsi="http://www.w3.org/2001/XMLSchema-instance">
    <IntraTM ASID="11537">
        <src id="ATLA-M5">
            <dst id="ATLA-M5">103.762666666667</dst>
            <dst id="ATLAng">464.981333333333</dst>
            <dst id="CHINng">1425.312</dst>
            <dst id="DNVRng">62.88</dst>
            <dst id="HSTNng">109.698666666667</dst>
            <dst id="IPLSng">1620.288</dst>
            <dst id="KSCYng">404.232</dst>
            <dst id="LOSAng">215.64</dst>
            <dst id="NYCMng">174.717333333333</dst>
            <dst id="SNVAng">176.224</dst>
            <dst id="STTLng">1126.73333333333</dst>
            <dst id="WASHng">3711.07466666667</dst>
        </src>
        <src id="ATLAng">
            <dst id="ATLA-M5">551.242666666667</dst>
            <dst id="ATLAng">54110.4293333333</dst>
            <dst id="CHINng">23444.3893333333</dst>
            <dst id="DNVRng">5006.34666666667</dst>
            <dst id="HSTNng">20555.352</dst>
            <dst id="IPLSng">27881.736</dst>
            <dst id="KSCYng">4698.608</dst>
            <dst id="LOSAng">14501.688</dst>
            <dst id="NYCMng">16199.672</dst>
            <dst id="SNVAng">1378.19466666667</dst>
            <dst id="STTLng">21337.4373333333</dst>
            <dst id="WASHng">68920.008</dst>
        </src>
        <src id="CHINng">
            <dst id="ATLA-M5">1423.68266666667</dst>
            <dst id="ATLAng">25934.5653333333</dst>
            <dst id="CHINng">136216.986666667</dst>
            <dst id="DNVRng">17671.2426666667</dst>
            <dst id="HSTNng">20167.7413333333</dst>
            <dst id="IPLSng">107010.176</dst>
            <dst id="KSCYng">19315.8026666667</dst>
            <dst id="LOSAng">39853.2373333333</dst>
            <dst id="NYCMng">19627.888</dst>
            <dst id="SNVAng">6752.85066666667</dst>
            <dst id="STTLng">39884.0746666667</dst>
            <dst id="WASHng">28263.456</dst>
        </src>
        <src id="DNVRng">
            <dst id="ATLA-M5">483.712</dst>
            <dst id="ATLAng">13312.216</dst>
            <dst id="CHINng">100237.021333333</dst>
            <dst id="DNVRng">14312.1413333333</dst>
            <dst id="HSTNng">23540.752</dst>
            <dst id="IPLSng">19623.8026666667</dst>
            <dst id="KSCYng">25225.16</dst>
            <dst id="LOSAng">29688.6453333333</dst>
            <dst id="NYCMng">6686.72</dst>
            <dst id="SNVAng">16561.9786666667</dst>
            <dst id="STTLng">38517.6373333333</dst>
            <dst id="WASHng">25718.84</dst>
        </src>
        <src id="HSTNng">
            <dst id="ATLA-M5">172.437333333333</dst>
            <dst id="ATLAng">6030.66133333333</dst>
            <dst id="CHINng">24071.72</dst>
            <dst id="DNVRng">4588.85866666667</dst>
            <dst id="HSTNng">17405.2933333333</dst>
            <dst id="IPLSng">5422.98933333333</dst>
            <dst id="KSCYng">8662.70666666667</dst>
            <dst id="LOSAng">3581.31733333333</dst>
            <dst id="NYCMng">4727.904</dst>
            <dst id="SNVAng">409.021333333333</dst>
            <dst id="STTLng">13852.2213333333</dst>
            <dst id="WASHng">16607.9093333333</dst>
        </src>
        <src id="IPLSng">
            <dst id="ATLA-M5">398.808</dst>
            <dst id="ATLAng">20864.816</dst>
            <dst id="CHINng">81091.7786666667</dst>
            <dst id="DNVRng">23599.368</dst>
            <dst id="HSTNng">8315.62133333333</dst>
            <dst id="IPLSng">39711.8346666667</dst>
            <dst id="KSCYng">19448.4773333333</dst>
            <dst id="LOSAng">26305.032</dst>
            <dst id="NYCMng">26502.696</dst>
            <dst id="SNVAng">4110.37333333333</dst>
            <dst id="STTLng">36816.28</dst>
            <dst id="WASHng">35454.8666666667</dst>
        </src>
        <src id="KSCYng">
            <dst id="ATLA-M5">508.232</dst>
            <dst id="ATLAng">7927.72533333333</dst>
            <dst id="CHINng">31157.0906666667</dst>
            <dst id="DNVRng">8600.59466666667</dst>
            <dst id="HSTNng">4610.73866666667</dst>
            <dst id="IPLSng">26548.288</dst>
            <dst id="KSCYng">14091.184</dst>
            <dst id="LOSAng">3980.808</dst>
            <dst id="NYCMng">11490.4426666667</dst>
            <dst id="SNVAng">2835.096</dst>
            <dst id="STTLng">16143.9013333333</dst>
            <dst id="WASHng">14571.048</dst>
        </src>
        <src id="LOSAng">
            <dst id="ATLA-M5">1723.86933333333</dst>
            <dst id="ATLAng">17682.1813333333</dst>
            <dst id="CHINng">111135.613333333</dst>
            <dst id="DNVRng">14635.2373333333</dst>
            <dst id="HSTNng">13552.36</dst>
            <dst id="IPLSng">23330.0853333333</dst>
            <dst id="KSCYng">17013.4373333333</dst>
            <dst id="LOSAng">6756.89866666667</dst>
            <dst id="NYCMng">37562.9973333333</dst>
            <dst id="SNVAng">23186.9733333333</dst>
            <dst id="STTLng">66985.7466666667</dst>
            <dst id="WASHng">52548.656</dst>
        </src>
        <src id="NYCMng">
            <dst id="ATLA-M5">1854.83733333333</dst>
            <dst id="ATLAng">60458.1706666667</dst>
            <dst id="CHINng">44308.5813333333</dst>
            <dst id="DNVRng">23462.2666666667</dst>
            <dst id="HSTNng">23649.7706666667</dst>
            <dst id="IPLSng">55887.2213333333</dst>
            <dst id="KSCYng">15876.096</dst>
            <dst id="LOSAng">60407.112</dst>
            <dst id="NYCMng">151377.061333333</dst>
            <dst id="SNVAng">5493.808</dst>
            <dst id="STTLng">24902.9653333333</dst>
            <dst id="WASHng">94396.848</dst>
        </src>
        <src id="SNVAng">
            <dst id="ATLA-M5">0</dst>
            <dst id="ATLAng">83.6266666666667</dst>
            <dst id="CHINng">279.237333333333</dst>
            <dst id="DNVRng">7670.85066666667</dst>
            <dst id="HSTNng">89.8133333333333</dst>
            <dst id="IPLSng">851.578666666667</dst>
            <dst id="KSCYng">407.237333333333</dst>
            <dst id="LOSAng">7112.90933333333</dst>
            <dst id="NYCMng">130.570666666667</dst>
            <dst id="SNVAng">9813.888</dst>
            <dst id="STTLng">18721.096</dst>
            <dst id="WASHng">181.050666666667</dst>
        </src>
        <src id="STTLng">
            <dst id="ATLA-M5">5500.95466666667</dst>
            <dst id="ATLAng">89145.568</dst>
            <dst id="CHINng">132270.909333333</dst>
            <dst id="DNVRng">37349.768</dst>
            <dst id="HSTNng">47612.008</dst>
            <dst id="IPLSng">104528.810666667</dst>
            <dst id="KSCYng">66853.496</dst>
            <dst id="LOSAng">21951.2613333333</dst>
            <dst id="NYCMng">30566.1013333333</dst>
            <dst id="SNVAng">11927.76</dst>
            <dst id="STTLng">36683.6213333333</dst>
            <dst id="WASHng">110516.616</dst>
        </src>
        <src id="WASHng">
            <dst id="ATLA-M5">6564.93066666667</dst>
            <dst id="ATLAng">112324.768</dst>
            <dst id="CHINng">119276.269333333</dst>
            <dst id="DNVRng">90076.3333333333</dst>
            <dst id="HSTNng">34588.36</dst>
            <dst id="IPLSng">94854.3706666667</dst>
            <dst id="KSCYng">22055.2506666667</dst>
            <dst id="LOSAng">72355.6426666667</dst>
            <dst id="NYCMng">252942.365333333</dst>
            <dst id="SNVAng">7711.62933333333</dst>
            <dst id="STTLng">61742.936</dst>
            <dst id="WASHng">291210.96</dst>
        </src>
    </IntraTM>
</TrafficMatrixFile>
