<?xml version="1.0" encoding="ISO-8859-1" standalone="yes"?>
<TrafficMatrixFile xsi:noNamespaceSchemaLocation="http://totem.run.montefiore.ulg.ac.be/Schema/TrafficMatrix-v1_2.xsd" xmlns:xsi="http://www.w3.org/2001/XMLSchema-instance">
    <IntraTM ASID="11537">
        <src id="ATLA-M5">
            <dst id="ATLA-M5">98.4026666666667</dst>
            <dst id="ATLAng">512.178666666667</dst>
            <dst id="CHINng">2587.04533333333</dst>
            <dst id="DNVRng">385.482666666667</dst>
            <dst id="HSTNng">234.229333333333</dst>
            <dst id="IPLSng">663.613333333333</dst>
            <dst id="KSCYng">344.418666666667</dst>
            <dst id="LOSAng">545.950666666667</dst>
            <dst id="NYCMng">1094.28</dst>
            <dst id="SNVAng">18.5613333333333</dst>
            <dst id="STTLng">1004.62933333333</dst>
            <dst id="WASHng">1365.80533333333</dst>
        </src>
        <src id="ATLAng">
            <dst id="ATLA-M5">511.954666666667</dst>
            <dst id="ATLAng">29104.8613333333</dst>
            <dst id="CHINng">23163.6186666667</dst>
            <dst id="DNVRng">4444.304</dst>
            <dst id="HSTNng">6095.29866666667</dst>
            <dst id="IPLSng">21421.0373333333</dst>
            <dst id="KSCYng">6136.25866666667</dst>
            <dst id="LOSAng">18249.9933333333</dst>
            <dst id="NYCMng">12722.1733333333</dst>
            <dst id="SNVAng">493.142666666667</dst>
            <dst id="STTLng">11813.3973333333</dst>
            <dst id="WASHng">43265.6186666667</dst>
        </src>
        <src id="CHINng">
            <dst id="ATLA-M5">972.744</dst>
            <dst id="ATLAng">22707.5466666667</dst>
            <dst id="CHINng">432743.706666667</dst>
            <dst id="DNVRng">9713.67733333333</dst>
            <dst id="HSTNng">14812.448</dst>
            <dst id="IPLSng">60686.1866666667</dst>
            <dst id="KSCYng">14612.3386666667</dst>
            <dst id="LOSAng">44566.1226666666</dst>
            <dst id="NYCMng">13400.008</dst>
            <dst id="SNVAng">5200.03466666667</dst>
            <dst id="STTLng">20965.24</dst>
            <dst id="WASHng">24457.3813333333</dst>
        </src>
        <src id="DNVRng">
            <dst id="ATLA-M5">1451.49866666667</dst>
            <dst id="ATLAng">4056.20266666667</dst>
            <dst id="CHINng">36727.8026666667</dst>
            <dst id="DNVRng">15661.2506666667</dst>
            <dst id="HSTNng">12153.0346666667</dst>
            <dst id="IPLSng">9498.696</dst>
            <dst id="KSCYng">23020.496</dst>
            <dst id="LOSAng">15932.8746666667</dst>
            <dst id="NYCMng">9796.97066666667</dst>
            <dst id="SNVAng">11751.792</dst>
            <dst id="STTLng">27349.0266666667</dst>
            <dst id="WASHng">34609.2933333333</dst>
        </src>
        <src id="HSTNng">
            <dst id="ATLA-M5">3921.536</dst>
            <dst id="ATLAng">4457.784</dst>
            <dst id="CHINng">16188.9413333333</dst>
            <dst id="DNVRng">1748.92533333333</dst>
            <dst id="HSTNng">15961.6506666667</dst>
            <dst id="IPLSng">6420.98133333333</dst>
            <dst id="KSCYng">11604.7706666667</dst>
            <dst id="LOSAng">4434.576</dst>
            <dst id="NYCMng">2208.784</dst>
            <dst id="SNVAng">231.338666666667</dst>
            <dst id="STTLng">7106.808</dst>
            <dst id="WASHng">6545.16266666667</dst>
        </src>
        <src id="IPLSng">
            <dst id="ATLA-M5">515.312</dst>
            <dst id="ATLAng">11492.2426666667</dst>
            <dst id="CHINng">51604.5333333333</dst>
            <dst id="DNVRng">6578.81333333333</dst>
            <dst id="HSTNng">5458.33333333333</dst>
            <dst id="IPLSng">10663.3546666667</dst>
            <dst id="KSCYng">10757.968</dst>
            <dst id="LOSAng">16625.6293333333</dst>
            <dst id="NYCMng">8454.48266666667</dst>
            <dst id="SNVAng">1019.568</dst>
            <dst id="STTLng">33728.9013333333</dst>
            <dst id="WASHng">27136.1253333333</dst>
        </src>
        <src id="KSCYng">
            <dst id="ATLA-M5">422.272</dst>
            <dst id="ATLAng">7190.52533333333</dst>
            <dst id="CHINng">22938.928</dst>
            <dst id="DNVRng">11835.7306666667</dst>
            <dst id="HSTNng">10113.7173333333</dst>
            <dst id="IPLSng">18218.928</dst>
            <dst id="KSCYng">16733.024</dst>
            <dst id="LOSAng">5691.32</dst>
            <dst id="NYCMng">5180.184</dst>
            <dst id="SNVAng">3211.46133333333</dst>
            <dst id="STTLng">9116.75733333333</dst>
            <dst id="WASHng">14964.0773333333</dst>
        </src>
        <src id="LOSAng">
            <dst id="ATLA-M5">317.376</dst>
            <dst id="ATLAng">11758.976</dst>
            <dst id="CHINng">6344698.13333333</dst>
            <dst id="DNVRng">14106.5733333333</dst>
            <dst id="HSTNng">4413.46933333333</dst>
            <dst id="IPLSng">25069.2506666667</dst>
            <dst id="KSCYng">11499.264</dst>
            <dst id="LOSAng">19160.8586666667</dst>
            <dst id="NYCMng">42985.8186666667</dst>
            <dst id="SNVAng">18846.112</dst>
            <dst id="STTLng">62221.0613333333</dst>
            <dst id="WASHng">48874.2373333333</dst>
        </src>
        <src id="NYCMng">
            <dst id="ATLA-M5">280.170666666667</dst>
            <dst id="ATLAng">35344.2453333333</dst>
            <dst id="CHINng">39348.352</dst>
            <dst id="DNVRng">21568.32</dst>
            <dst id="HSTNng">16471.944</dst>
            <dst id="IPLSng">26941.024</dst>
            <dst id="KSCYng">14067.5173333333</dst>
            <dst id="LOSAng">68156.4693333333</dst>
            <dst id="NYCMng">95741.624</dst>
            <dst id="SNVAng">2995.448</dst>
            <dst id="STTLng">28072.128</dst>
            <dst id="WASHng">98789.8933333333</dst>
        </src>
        <src id="SNVAng">
            <dst id="ATLA-M5">0</dst>
            <dst id="ATLAng">57.0293333333333</dst>
            <dst id="CHINng">26.6666666666667</dst>
            <dst id="DNVRng">586.005333333333</dst>
            <dst id="HSTNng">0</dst>
            <dst id="IPLSng">381.832</dst>
            <dst id="KSCYng">0</dst>
            <dst id="LOSAng">8946.584</dst>
            <dst id="NYCMng">178.354666666667</dst>
            <dst id="SNVAng">7418.77066666667</dst>
            <dst id="STTLng">15989.2906666667</dst>
            <dst id="WASHng">106.666666666667</dst>
        </src>
        <src id="STTLng">
            <dst id="ATLA-M5">2096.928</dst>
            <dst id="ATLAng">23638.8746666667</dst>
            <dst id="CHINng">38899.8133333333</dst>
            <dst id="DNVRng">31557.0426666667</dst>
            <dst id="HSTNng">11118.168</dst>
            <dst id="IPLSng">33658.088</dst>
            <dst id="KSCYng">19030.496</dst>
            <dst id="LOSAng">44048.1493333333</dst>
            <dst id="NYCMng">17085.7333333333</dst>
            <dst id="SNVAng">2971.38666666667</dst>
            <dst id="STTLng">24593.8933333333</dst>
            <dst id="WASHng">34019.6906666667</dst>
        </src>
        <src id="WASHng">
            <dst id="ATLA-M5">1981.408</dst>
            <dst id="ATLAng">102899.013333333</dst>
            <dst id="CHINng">87248.5946666667</dst>
            <dst id="DNVRng">65565.6506666667</dst>
            <dst id="HSTNng">30868.3893333333</dst>
            <dst id="IPLSng">64859.2053333333</dst>
            <dst id="KSCYng">24830.0053333333</dst>
            <dst id="LOSAng">73741.3173333333</dst>
            <dst id="NYCMng">159575.213333333</dst>
            <dst id="SNVAng">1838.98666666667</dst>
            <dst id="STTLng">56614.7813333333</dst>
            <dst id="WASHng">203355.973333333</dst>
        </src>
    </IntraTM>
</TrafficMatrixFile>
