<?xml version="1.0" encoding="ISO-8859-1" standalone="yes"?>
<TrafficMatrixFile xsi:noNamespaceSchemaLocation="http://totem.run.montefiore.ulg.ac.be/Schema/TrafficMatrix-v1_2.xsd" xmlns:xsi="http://www.w3.org/2001/XMLSchema-instance">
    <IntraTM ASID="11537">
        <src id="ATLA-M5">
            <dst id="ATLA-M5">56.9306666666667</dst>
            <dst id="ATLAng">1877.00533333333</dst>
            <dst id="CHINng">2833.24</dst>
            <dst id="DNVRng">80</dst>
            <dst id="HSTNng">158.666666666667</dst>
            <dst id="IPLSng">572.976</dst>
            <dst id="KSCYng">443.914666666667</dst>
            <dst id="LOSAng">67.9466666666667</dst>
            <dst id="NYCMng">624.488</dst>
            <dst id="SNVAng">0</dst>
            <dst id="STTLng">993.722666666667</dst>
            <dst id="WASHng">891.584</dst>
        </src>
        <src id="ATLAng">
            <dst id="ATLA-M5">461.133333333333</dst>
            <dst id="ATLAng">42742.7386666667</dst>
            <dst id="CHINng">22922.248</dst>
            <dst id="DNVRng">5539.89066666667</dst>
            <dst id="HSTNng">20862.6533333333</dst>
            <dst id="IPLSng">20743.52</dst>
            <dst id="KSCYng">10972.8746666667</dst>
            <dst id="LOSAng">7846.424</dst>
            <dst id="NYCMng">11735.3733333333</dst>
            <dst id="SNVAng">2401.06666666667</dst>
            <dst id="STTLng">20982.7653333333</dst>
            <dst id="WASHng">59024.3946666666</dst>
        </src>
        <src id="CHINng">
            <dst id="ATLA-M5">1895.152</dst>
            <dst id="ATLAng">26374.176</dst>
            <dst id="CHINng">179694.762666667</dst>
            <dst id="DNVRng">15847.9146666667</dst>
            <dst id="HSTNng">14970.3733333333</dst>
            <dst id="IPLSng">61188.3893333333</dst>
            <dst id="KSCYng">22249.3386666667</dst>
            <dst id="LOSAng">44496.344</dst>
            <dst id="NYCMng">40009.3706666667</dst>
            <dst id="SNVAng">6011.52</dst>
            <dst id="STTLng">34628.064</dst>
            <dst id="WASHng">38139.6746666667</dst>
        </src>
        <src id="DNVRng">
            <dst id="ATLA-M5">654.029333333333</dst>
            <dst id="ATLAng">10827.4666666667</dst>
            <dst id="CHINng">67753.3466666667</dst>
            <dst id="DNVRng">35197.7173333333</dst>
            <dst id="HSTNng">21047.5706666667</dst>
            <dst id="IPLSng">27006.1173333333</dst>
            <dst id="KSCYng">27187.44</dst>
            <dst id="LOSAng">8349.232</dst>
            <dst id="NYCMng">7405.90133333333</dst>
            <dst id="SNVAng">13054.5386666667</dst>
            <dst id="STTLng">23746.04</dst>
            <dst id="WASHng">34922.616</dst>
        </src>
        <src id="HSTNng">
            <dst id="ATLA-M5">2378.33066666667</dst>
            <dst id="ATLAng">5708.40266666667</dst>
            <dst id="CHINng">24592.4373333333</dst>
            <dst id="DNVRng">1634.51466666667</dst>
            <dst id="HSTNng">12972.2453333333</dst>
            <dst id="IPLSng">5122.872</dst>
            <dst id="KSCYng">12310.048</dst>
            <dst id="LOSAng">2361.33866666667</dst>
            <dst id="NYCMng">14400.6026666667</dst>
            <dst id="SNVAng">696.157333333333</dst>
            <dst id="STTLng">12029.1413333333</dst>
            <dst id="WASHng">7485.94666666667</dst>
        </src>
        <src id="IPLSng">
            <dst id="ATLA-M5">626.304</dst>
            <dst id="ATLAng">25648.68</dst>
            <dst id="CHINng">134865.077333333</dst>
            <dst id="DNVRng">19399.5306666667</dst>
            <dst id="HSTNng">7861.568</dst>
            <dst id="IPLSng">55215.112</dst>
            <dst id="KSCYng">10266.1653333333</dst>
            <dst id="LOSAng">19538.9466666667</dst>
            <dst id="NYCMng">11739.456</dst>
            <dst id="SNVAng">1948.71733333333</dst>
            <dst id="STTLng">46484.9066666667</dst>
            <dst id="WASHng">32220.3413333333</dst>
        </src>
        <src id="KSCYng">
            <dst id="ATLA-M5">587.968</dst>
            <dst id="ATLAng">7788.81866666667</dst>
            <dst id="CHINng">26204.4</dst>
            <dst id="DNVRng">10405.024</dst>
            <dst id="HSTNng">5321.95733333333</dst>
            <dst id="IPLSng">23258.3866666667</dst>
            <dst id="KSCYng">22657.496</dst>
            <dst id="LOSAng">3804.55466666667</dst>
            <dst id="NYCMng">8330.91733333333</dst>
            <dst id="SNVAng">1930.91466666667</dst>
            <dst id="STTLng">18573.424</dst>
            <dst id="WASHng">17845.4693333333</dst>
        </src>
        <src id="LOSAng">
            <dst id="ATLA-M5">162.554666666667</dst>
            <dst id="ATLAng">12938.352</dst>
            <dst id="CHINng">94906.28</dst>
            <dst id="DNVRng">14623.5173333333</dst>
            <dst id="HSTNng">3889.21866666667</dst>
            <dst id="IPLSng">12827.768</dst>
            <dst id="KSCYng">4830.38933333333</dst>
            <dst id="LOSAng">5037.17866666667</dst>
            <dst id="NYCMng">30264.3626666667</dst>
            <dst id="SNVAng">30688.984</dst>
            <dst id="STTLng">61262.1226666667</dst>
            <dst id="WASHng">66819.9706666667</dst>
        </src>
        <src id="NYCMng">
            <dst id="ATLA-M5">3151.86666666667</dst>
            <dst id="ATLAng">36190.792</dst>
            <dst id="CHINng">45566.96</dst>
            <dst id="DNVRng">33954.9813333333</dst>
            <dst id="HSTNng">11393.9786666667</dst>
            <dst id="IPLSng">27945.384</dst>
            <dst id="KSCYng">20201.9413333333</dst>
            <dst id="LOSAng">43752.68</dst>
            <dst id="NYCMng">155463.690666667</dst>
            <dst id="SNVAng">4344.19466666667</dst>
            <dst id="STTLng">23667.696</dst>
            <dst id="WASHng">122816.469333333</dst>
        </src>
        <src id="SNVAng">
            <dst id="ATLA-M5">0</dst>
            <dst id="ATLAng">3689.94133333333</dst>
            <dst id="CHINng">76.6213333333333</dst>
            <dst id="DNVRng">4048.48</dst>
            <dst id="HSTNng">618.362666666667</dst>
            <dst id="IPLSng">491.56</dst>
            <dst id="KSCYng">152.258666666667</dst>
            <dst id="LOSAng">5720.04533333333</dst>
            <dst id="NYCMng">70.008</dst>
            <dst id="SNVAng">9672.62933333333</dst>
            <dst id="STTLng">18743.1546666667</dst>
            <dst id="WASHng">935.365333333333</dst>
        </src>
        <src id="STTLng">
            <dst id="ATLA-M5">2927.73333333333</dst>
            <dst id="ATLAng">59606.8826666667</dst>
            <dst id="CHINng">126639.744</dst>
            <dst id="DNVRng">31019.5866666667</dst>
            <dst id="HSTNng">36014.3866666667</dst>
            <dst id="IPLSng">92065.0186666667</dst>
            <dst id="KSCYng">65759.5226666667</dst>
            <dst id="LOSAng">21137.0693333333</dst>
            <dst id="NYCMng">32969.344</dst>
            <dst id="SNVAng">6798.56533333333</dst>
            <dst id="STTLng">22307.4266666667</dst>
            <dst id="WASHng">108714.653333333</dst>
        </src>
        <src id="WASHng">
            <dst id="ATLA-M5">783.570666666667</dst>
            <dst id="ATLAng">121011.653333333</dst>
            <dst id="CHINng">96926.688</dst>
            <dst id="DNVRng">64006.8453333333</dst>
            <dst id="HSTNng">35163.1253333333</dst>
            <dst id="IPLSng">72615.7306666667</dst>
            <dst id="KSCYng">20640.2933333333</dst>
            <dst id="LOSAng">70010.0773333333</dst>
            <dst id="NYCMng">217642.770666667</dst>
            <dst id="SNVAng">4819.952</dst>
            <dst id="STTLng">61244.2053333333</dst>
            <dst id="WASHng">334029.546666667</dst>
        </src>
    </IntraTM>
</TrafficMatrixFile>
