<?xml version="1.0" encoding="ISO-8859-1" standalone="yes"?>
<TrafficMatrixFile xsi:noNamespaceSchemaLocation="http://totem.run.montefiore.ulg.ac.be/Schema/TrafficMatrix-v1_2.xsd" xmlns:xsi="http://www.w3.org/2001/XMLSchema-instance">
    <IntraTM ASID="11537">
        <src id="ATLA-M5">
            <dst id="ATLA-M5">83.5093333333333</dst>
            <dst id="ATLAng">1553.736</dst>
            <dst id="CHINng">649.914666666667</dst>
            <dst id="DNVRng">0</dst>
            <dst id="HSTNng">224.165333333333</dst>
            <dst id="IPLSng">594.978666666667</dst>
            <dst id="KSCYng">259.224</dst>
            <dst id="LOSAng">142.842666666667</dst>
            <dst id="NYCMng">142.632</dst>
            <dst id="SNVAng">26.6666666666667</dst>
            <dst id="STTLng">1049.4</dst>
            <dst id="WASHng">2680.23466666667</dst>
        </src>
        <src id="ATLAng">
            <dst id="ATLA-M5">670.912</dst>
            <dst id="ATLAng">34379.9573333333</dst>
            <dst id="CHINng">24906.64</dst>
            <dst id="DNVRng">2934.93333333333</dst>
            <dst id="HSTNng">2529.592</dst>
            <dst id="IPLSng">24088.1413333333</dst>
            <dst id="KSCYng">4416.37866666667</dst>
            <dst id="LOSAng">24091.18</dst>
            <dst id="NYCMng">11646.0853333333</dst>
            <dst id="SNVAng">4649.668</dst>
            <dst id="STTLng">24487.7253333333</dst>
            <dst id="WASHng">60159.2213333333</dst>
        </src>
        <src id="CHINng">
            <dst id="ATLA-M5">2178.192</dst>
            <dst id="ATLAng">34567.1893333333</dst>
            <dst id="CHINng">106055.962666667</dst>
            <dst id="DNVRng">8189.97866666667</dst>
            <dst id="HSTNng">17828.7733333333</dst>
            <dst id="IPLSng">57942.936</dst>
            <dst id="KSCYng">28150.0533333333</dst>
            <dst id="LOSAng">136133.906666667</dst>
            <dst id="NYCMng">9476.75466666666</dst>
            <dst id="SNVAng">3040.808</dst>
            <dst id="STTLng">30640.4853333333</dst>
            <dst id="WASHng">30876.4773333333</dst>
        </src>
        <src id="DNVRng">
            <dst id="ATLA-M5">515.317333333333</dst>
            <dst id="ATLAng">8270.73333333334</dst>
            <dst id="CHINng">44064.616</dst>
            <dst id="DNVRng">8061.8</dst>
            <dst id="HSTNng">18491.208</dst>
            <dst id="IPLSng">13464.4453333333</dst>
            <dst id="KSCYng">18619.0293333333</dst>
            <dst id="LOSAng">6287.91466666667</dst>
            <dst id="NYCMng">8042.344</dst>
            <dst id="SNVAng">12601.088</dst>
            <dst id="STTLng">16149.6213333333</dst>
            <dst id="WASHng">34801.568</dst>
        </src>
        <src id="HSTNng">
            <dst id="ATLA-M5">3430.976</dst>
            <dst id="ATLAng">5106.37333333333</dst>
            <dst id="CHINng">17517.4053333333</dst>
            <dst id="DNVRng">1057.21333333333</dst>
            <dst id="HSTNng">15187.064</dst>
            <dst id="IPLSng">3142.528</dst>
            <dst id="KSCYng">7078.304</dst>
            <dst id="LOSAng">1651.88266666667</dst>
            <dst id="NYCMng">3165.21866666667</dst>
            <dst id="SNVAng">871.149333333333</dst>
            <dst id="STTLng">11767.0666666667</dst>
            <dst id="WASHng">4658.93333333333</dst>
        </src>
        <src id="IPLSng">
            <dst id="ATLA-M5">423.085333333333</dst>
            <dst id="ATLAng">18958.8693333333</dst>
            <dst id="CHINng">91689.4106666666</dst>
            <dst id="DNVRng">5203.05066666667</dst>
            <dst id="HSTNng">3765.12533333333</dst>
            <dst id="IPLSng">31150.5946666667</dst>
            <dst id="KSCYng">17043.7973333333</dst>
            <dst id="LOSAng">18250.352</dst>
            <dst id="NYCMng">20478.1626666667</dst>
            <dst id="SNVAng">426.082666666667</dst>
            <dst id="STTLng">32361.9173333333</dst>
            <dst id="WASHng">31011.7306666667</dst>
        </src>
        <src id="KSCYng">
            <dst id="ATLA-M5">297.421333333333</dst>
            <dst id="ATLAng">5628.57333333333</dst>
            <dst id="CHINng">27781.8453333333</dst>
            <dst id="DNVRng">7181.86933333333</dst>
            <dst id="HSTNng">10766.4346666667</dst>
            <dst id="IPLSng">16889.1333333333</dst>
            <dst id="KSCYng">5714.416</dst>
            <dst id="LOSAng">3259.62666666667</dst>
            <dst id="NYCMng">6827.04533333333</dst>
            <dst id="SNVAng">2738.69866666667</dst>
            <dst id="STTLng">14432.832</dst>
            <dst id="WASHng">12758.056</dst>
        </src>
        <src id="LOSAng">
            <dst id="ATLA-M5">136.496</dst>
            <dst id="ATLAng">16750.0053333333</dst>
            <dst id="CHINng">142419.242666667</dst>
            <dst id="DNVRng">11649.9493333333</dst>
            <dst id="HSTNng">11473.976</dst>
            <dst id="IPLSng">25340.9013333333</dst>
            <dst id="KSCYng">4612.32533333333</dst>
            <dst id="LOSAng">11858.8773333333</dst>
            <dst id="NYCMng">58231.8106666667</dst>
            <dst id="SNVAng">24109.2133333333</dst>
            <dst id="STTLng">54163.9866666667</dst>
            <dst id="WASHng">88889.7786666667</dst>
        </src>
        <src id="NYCMng">
            <dst id="ATLA-M5">6244.368</dst>
            <dst id="ATLAng">52222.776</dst>
            <dst id="CHINng">35372.1013333333</dst>
            <dst id="DNVRng">14597.0373333333</dst>
            <dst id="HSTNng">12231.6373333333</dst>
            <dst id="IPLSng">34291.88</dst>
            <dst id="KSCYng">10831.4853333333</dst>
            <dst id="LOSAng">48826.2613333333</dst>
            <dst id="NYCMng">154309.226666667</dst>
            <dst id="SNVAng">1250.37866666667</dst>
            <dst id="STTLng">28616.5173333333</dst>
            <dst id="WASHng">95386.6506666667</dst>
        </src>
        <src id="SNVAng">
            <dst id="ATLA-M5">0</dst>
            <dst id="ATLAng">162.338666666667</dst>
            <dst id="CHINng">54.672</dst>
            <dst id="DNVRng">13335.688</dst>
            <dst id="HSTNng">1234.07466666667</dst>
            <dst id="IPLSng">438.114666666667</dst>
            <dst id="KSCYng">228.693333333333</dst>
            <dst id="LOSAng">6223.22133333333</dst>
            <dst id="NYCMng">89.7573333333333</dst>
            <dst id="SNVAng">8965.62933333333</dst>
            <dst id="STTLng">16704.616</dst>
            <dst id="WASHng">186.666666666667</dst>
        </src>
        <src id="STTLng">
            <dst id="ATLA-M5">9635.87466666667</dst>
            <dst id="ATLAng">64178.384</dst>
            <dst id="CHINng">125818.690666667</dst>
            <dst id="DNVRng">16844.248</dst>
            <dst id="HSTNng">31035.0186666667</dst>
            <dst id="IPLSng">80866.9733333333</dst>
            <dst id="KSCYng">57896.8826666667</dst>
            <dst id="LOSAng">25273.3546666667</dst>
            <dst id="NYCMng">30851.472</dst>
            <dst id="SNVAng">2537.256</dst>
            <dst id="STTLng">19197.184</dst>
            <dst id="WASHng">89261.2</dst>
        </src>
        <src id="WASHng">
            <dst id="ATLA-M5">776.994666666667</dst>
            <dst id="ATLAng">127332.28</dst>
            <dst id="CHINng">82472.8373333333</dst>
            <dst id="DNVRng">51519.8373333333</dst>
            <dst id="HSTNng">22591.3573333333</dst>
            <dst id="IPLSng">51552.2693333333</dst>
            <dst id="KSCYng">25729.4853333333</dst>
            <dst id="LOSAng">76633.4133333333</dst>
            <dst id="NYCMng">174482.090666667</dst>
            <dst id="SNVAng">2730.01866666667</dst>
            <dst id="STTLng">52045.2586666667</dst>
            <dst id="WASHng">303050.4</dst>
        </src>
    </IntraTM>
</TrafficMatrixFile>
