<?xml version="1.0" encoding="ISO-8859-1" standalone="yes"?>
<TrafficMatrixFile xsi:noNamespaceSchemaLocation="http://totem.run.montefiore.ulg.ac.be/Schema/TrafficMatrix-v1_2.xsd" xmlns:xsi="http://www.w3.org/2001/XMLSchema-instance">
    <IntraTM ASID="11537">
        <src id="ATLA-M5">
            <dst id="ATLA-M5">98.368</dst>
            <dst id="ATLAng">939.802666666666</dst>
            <dst id="CHINng">1386.29066666667</dst>
            <dst id="DNVRng">265.704</dst>
            <dst id="HSTNng">265.448</dst>
            <dst id="IPLSng">1386.31466666667</dst>
            <dst id="KSCYng">346.08</dst>
            <dst id="LOSAng">93.3333333333333</dst>
            <dst id="NYCMng">735.642666666667</dst>
            <dst id="SNVAng">71.5253333333333</dst>
            <dst id="STTLng">1098.17066666667</dst>
            <dst id="WASHng">2601.70133333333</dst>
        </src>
        <src id="ATLAng">
            <dst id="ATLA-M5">934.408</dst>
            <dst id="ATLAng">39107.1386666667</dst>
            <dst id="CHINng">20491.888</dst>
            <dst id="DNVRng">7100.072</dst>
            <dst id="HSTNng">15843.92</dst>
            <dst id="IPLSng">34682.1386666667</dst>
            <dst id="KSCYng">12589.496</dst>
            <dst id="LOSAng">9773.58933333333</dst>
            <dst id="NYCMng">26437.168</dst>
            <dst id="SNVAng">997.856</dst>
            <dst id="STTLng">23989.4586666667</dst>
            <dst id="WASHng">51158.6773333333</dst>
        </src>
        <src id="CHINng">
            <dst id="ATLA-M5">946.016</dst>
            <dst id="ATLAng">31543.1013333333</dst>
            <dst id="CHINng">129359.554666667</dst>
            <dst id="DNVRng">18266.4053333333</dst>
            <dst id="HSTNng">17064.08</dst>
            <dst id="IPLSng">86469.2426666667</dst>
            <dst id="KSCYng">28218.3733333333</dst>
            <dst id="LOSAng">46962.0586666667</dst>
            <dst id="NYCMng">24266.0746666667</dst>
            <dst id="SNVAng">3940.12266666667</dst>
            <dst id="STTLng">46767.4266666667</dst>
            <dst id="WASHng">39205.9813333333</dst>
        </src>
        <src id="DNVRng">
            <dst id="ATLA-M5">760.088</dst>
            <dst id="ATLAng">9788.16</dst>
            <dst id="CHINng">55381.0186666667</dst>
            <dst id="DNVRng">14487.5066666667</dst>
            <dst id="HSTNng">16155.416</dst>
            <dst id="IPLSng">20385.0853333333</dst>
            <dst id="KSCYng">30094.7466666667</dst>
            <dst id="LOSAng">15602.792</dst>
            <dst id="NYCMng">9033.14666666667</dst>
            <dst id="SNVAng">40989.12</dst>
            <dst id="STTLng">49853.0506666667</dst>
            <dst id="WASHng">42001.2613333333</dst>
        </src>
        <src id="HSTNng">
            <dst id="ATLA-M5">1796.14133333333</dst>
            <dst id="ATLAng">10131.016</dst>
            <dst id="CHINng">21008.136</dst>
            <dst id="DNVRng">4191.24533333333</dst>
            <dst id="HSTNng">17191.8986666667</dst>
            <dst id="IPLSng">6171.136</dst>
            <dst id="KSCYng">12931.7093333333</dst>
            <dst id="LOSAng">9441.03466666667</dst>
            <dst id="NYCMng">5880.08266666667</dst>
            <dst id="SNVAng">290.637333333333</dst>
            <dst id="STTLng">13178.7626666667</dst>
            <dst id="WASHng">6932.50933333333</dst>
        </src>
        <src id="IPLSng">
            <dst id="ATLA-M5">1070.848</dst>
            <dst id="ATLAng">21491.32</dst>
            <dst id="CHINng">91513.1733333333</dst>
            <dst id="DNVRng">12468.6133333333</dst>
            <dst id="HSTNng">7107.704</dst>
            <dst id="IPLSng">34691.3866666667</dst>
            <dst id="KSCYng">22120.0186666667</dst>
            <dst id="LOSAng">26237.6426666667</dst>
            <dst id="NYCMng">23519.0853333333</dst>
            <dst id="SNVAng">8795.19733333333</dst>
            <dst id="STTLng">31992.6106666667</dst>
            <dst id="WASHng">55678.352</dst>
        </src>
        <src id="KSCYng">
            <dst id="ATLA-M5">208.866666666667</dst>
            <dst id="ATLAng">13185.8266666667</dst>
            <dst id="CHINng">34695.5973333333</dst>
            <dst id="DNVRng">13666.056</dst>
            <dst id="HSTNng">4345.728</dst>
            <dst id="IPLSng">21417.9493333333</dst>
            <dst id="KSCYng">18843.3866666667</dst>
            <dst id="LOSAng">6247.35466666667</dst>
            <dst id="NYCMng">9287.53066666667</dst>
            <dst id="SNVAng">2188.664</dst>
            <dst id="STTLng">16131.296</dst>
            <dst id="WASHng">12085.24</dst>
        </src>
        <src id="LOSAng">
            <dst id="ATLA-M5">143.832</dst>
            <dst id="ATLAng">12652.5706666667</dst>
            <dst id="CHINng">84469.7733333333</dst>
            <dst id="DNVRng">22418.6906666667</dst>
            <dst id="HSTNng">11171.552</dst>
            <dst id="IPLSng">36199.4026666667</dst>
            <dst id="KSCYng">7907.89866666667</dst>
            <dst id="LOSAng">25361.2106666667</dst>
            <dst id="NYCMng">41476.8106666667</dst>
            <dst id="SNVAng">21877.4266666667</dst>
            <dst id="STTLng">70516.072</dst>
            <dst id="WASHng">66138.8906666667</dst>
        </src>
        <src id="NYCMng">
            <dst id="ATLA-M5">5545.67466666667</dst>
            <dst id="ATLAng">44455.8986666667</dst>
            <dst id="CHINng">52592.376</dst>
            <dst id="DNVRng">26153.6426666667</dst>
            <dst id="HSTNng">17098.936</dst>
            <dst id="IPLSng">68707.472</dst>
            <dst id="KSCYng">19741.8613333333</dst>
            <dst id="LOSAng">58739.1546666667</dst>
            <dst id="NYCMng">234008.938666667</dst>
            <dst id="SNVAng">9485.00533333333</dst>
            <dst id="STTLng">25340.76</dst>
            <dst id="WASHng">148115.538666667</dst>
        </src>
        <src id="SNVAng">
            <dst id="ATLA-M5">0</dst>
            <dst id="ATLAng">706.226666666667</dst>
            <dst id="CHINng">382.013333333333</dst>
            <dst id="DNVRng">5294.43466666667</dst>
            <dst id="HSTNng">26.6666666666667</dst>
            <dst id="IPLSng">1261.75466666667</dst>
            <dst id="KSCYng">55.008</dst>
            <dst id="LOSAng">10753.336</dst>
            <dst id="NYCMng">65.752</dst>
            <dst id="SNVAng">9006.02666666667</dst>
            <dst id="STTLng">18536.9173333333</dst>
            <dst id="WASHng">460.152</dst>
        </src>
        <src id="STTLng">
            <dst id="ATLA-M5">4241.24533333333</dst>
            <dst id="ATLAng">69764.104</dst>
            <dst id="CHINng">131452.464</dst>
            <dst id="DNVRng">49784.072</dst>
            <dst id="HSTNng">30824.8426666667</dst>
            <dst id="IPLSng">97474.3733333333</dst>
            <dst id="KSCYng">60255.88</dst>
            <dst id="LOSAng">15203.6373333333</dst>
            <dst id="NYCMng">28973.5573333333</dst>
            <dst id="SNVAng">9540.36533333333</dst>
            <dst id="STTLng">42231.0906666667</dst>
            <dst id="WASHng">108039.712</dst>
        </src>
        <src id="WASHng">
            <dst id="ATLA-M5">5695.992</dst>
            <dst id="ATLAng">111733.901333333</dst>
            <dst id="CHINng">110753.536</dst>
            <dst id="DNVRng">70487.2506666666</dst>
            <dst id="HSTNng">30706.6293333333</dst>
            <dst id="IPLSng">121586.173333333</dst>
            <dst id="KSCYng">27693.504</dst>
            <dst id="LOSAng">84090.4293333333</dst>
            <dst id="NYCMng">336365.146666667</dst>
            <dst id="SNVAng">10257.5626666667</dst>
            <dst id="STTLng">74921.3893333333</dst>
            <dst id="WASHng">385177.706666667</dst>
        </src>
    </IntraTM>
</TrafficMatrixFile>
