<?xml version="1.0" encoding="ISO-8859-1" standalone="yes"?>
<TrafficMatrixFile xsi:noNamespaceSchemaLocation="http://totem.run.montefiore.ulg.ac.be/Schema/TrafficMatrix-v1_2.xsd" xmlns:xsi="http://www.w3.org/2001/XMLSchema-instance">
    <IntraTM ASID="11537">
        <src id="ATLA-M5">
            <dst id="ATLA-M5">0</dst>
            <dst id="ATLAng">118.949333333333</dst>
            <dst id="CHINng">640.256</dst>
            <dst id="DNVRng">26.6666666666667</dst>
            <dst id="HSTNng">26.6666666666667</dst>
            <dst id="IPLSng">382.824</dst>
            <dst id="KSCYng">141.896</dst>
            <dst id="LOSAng">13.3333333333333</dst>
            <dst id="NYCMng">1396.16</dst>
            <dst id="SNVAng">13.3333333333333</dst>
            <dst id="STTLng">385.530666666667</dst>
            <dst id="WASHng">1354.41333333333</dst>
        </src>
        <src id="ATLAng">
            <dst id="ATLA-M5">185.213333333333</dst>
            <dst id="ATLAng">30475.304</dst>
            <dst id="CHINng">9170.632</dst>
            <dst id="DNVRng">9362.47733333333</dst>
            <dst id="HSTNng">2334.96266666667</dst>
            <dst id="IPLSng">13714.472</dst>
            <dst id="KSCYng">2181.624</dst>
            <dst id="LOSAng">16853.16</dst>
            <dst id="NYCMng">5694.66666666667</dst>
            <dst id="SNVAng">595.133333333333</dst>
            <dst id="STTLng">7665.19466666667</dst>
            <dst id="WASHng">39272.448</dst>
        </src>
        <src id="CHINng">
            <dst id="ATLA-M5">413.397333333333</dst>
            <dst id="ATLAng">14187.472</dst>
            <dst id="CHINng">121368.533333333</dst>
            <dst id="DNVRng">7788.39466666667</dst>
            <dst id="HSTNng">5585.64266666667</dst>
            <dst id="IPLSng">30177.3573333333</dst>
            <dst id="KSCYng">10538.4</dst>
            <dst id="LOSAng">23209.3226666667</dst>
            <dst id="NYCMng">11687.272</dst>
            <dst id="SNVAng">3360.6</dst>
            <dst id="STTLng">15343.976</dst>
            <dst id="WASHng">17707.2506666667</dst>
        </src>
        <src id="DNVRng">
            <dst id="ATLA-M5">332.554666666667</dst>
            <dst id="ATLAng">6034.25866666667</dst>
            <dst id="CHINng">34950.848</dst>
            <dst id="DNVRng">15786.5013333333</dst>
            <dst id="HSTNng">12194.4826666667</dst>
            <dst id="IPLSng">8332.80266666667</dst>
            <dst id="KSCYng">23623.408</dst>
            <dst id="LOSAng">5832.23466666667</dst>
            <dst id="NYCMng">9421.344</dst>
            <dst id="SNVAng">7273.33066666666</dst>
            <dst id="STTLng">10507.1093333333</dst>
            <dst id="WASHng">20205.8506666667</dst>
        </src>
        <src id="HSTNng">
            <dst id="ATLA-M5">1599.17333333333</dst>
            <dst id="ATLAng">1685.24266666667</dst>
            <dst id="CHINng">17554.44</dst>
            <dst id="DNVRng">1016.64266666667</dst>
            <dst id="HSTNng">12496.792</dst>
            <dst id="IPLSng">1945.10933333333</dst>
            <dst id="KSCYng">9585.09333333333</dst>
            <dst id="LOSAng">1928.85066666667</dst>
            <dst id="NYCMng">4047.768</dst>
            <dst id="SNVAng">0</dst>
            <dst id="STTLng">4569.24</dst>
            <dst id="WASHng">12520.5306666667</dst>
        </src>
        <src id="IPLSng">
            <dst id="ATLA-M5">154.986666666667</dst>
            <dst id="ATLAng">5904.00266666667</dst>
            <dst id="CHINng">46708.5333333333</dst>
            <dst id="DNVRng">7700.86933333333</dst>
            <dst id="HSTNng">840.312</dst>
            <dst id="IPLSng">3957.01066666667</dst>
            <dst id="KSCYng">5811.34666666667</dst>
            <dst id="LOSAng">12361.2186666667</dst>
            <dst id="NYCMng">9259.57333333333</dst>
            <dst id="SNVAng">669.992</dst>
            <dst id="STTLng">18420.2693333333</dst>
            <dst id="WASHng">14749.376</dst>
        </src>
        <src id="KSCYng">
            <dst id="ATLA-M5">473.194666666667</dst>
            <dst id="ATLAng">4790.48266666667</dst>
            <dst id="CHINng">26981.68</dst>
            <dst id="DNVRng">7484.14666666667</dst>
            <dst id="HSTNng">4241.968</dst>
            <dst id="IPLSng">11631.4453333333</dst>
            <dst id="KSCYng">8994.54933333333</dst>
            <dst id="LOSAng">3931.456</dst>
            <dst id="NYCMng">3045.63733333333</dst>
            <dst id="SNVAng">1987.504</dst>
            <dst id="STTLng">12175.8106666667</dst>
            <dst id="WASHng">8383.048</dst>
        </src>
        <src id="LOSAng">
            <dst id="ATLA-M5">0</dst>
            <dst id="ATLAng">8954.864</dst>
            <dst id="CHINng">81809.128</dst>
            <dst id="DNVRng">6867.23466666667</dst>
            <dst id="HSTNng">1863.96</dst>
            <dst id="IPLSng">16096.8293333333</dst>
            <dst id="KSCYng">1647.35733333333</dst>
            <dst id="LOSAng">9865.89066666667</dst>
            <dst id="NYCMng">28288.9733333333</dst>
            <dst id="SNVAng">21107.5866666667</dst>
            <dst id="STTLng">42093.2346666667</dst>
            <dst id="WASHng">38003.08</dst>
        </src>
        <src id="NYCMng">
            <dst id="ATLA-M5">1145.472</dst>
            <dst id="ATLAng">20229.7573333333</dst>
            <dst id="CHINng">29651.392</dst>
            <dst id="DNVRng">19431.464</dst>
            <dst id="HSTNng">7933.84266666667</dst>
            <dst id="IPLSng">13687.512</dst>
            <dst id="KSCYng">11370.9306666667</dst>
            <dst id="LOSAng">41688.8426666667</dst>
            <dst id="NYCMng">91283.1066666667</dst>
            <dst id="SNVAng">902.816</dst>
            <dst id="STTLng">15413.5226666667</dst>
            <dst id="WASHng">39732.336</dst>
        </src>
        <src id="SNVAng">
            <dst id="ATLA-M5">0</dst>
            <dst id="ATLAng">206.344</dst>
            <dst id="CHINng">53.3333333333333</dst>
            <dst id="DNVRng">2368.36</dst>
            <dst id="HSTNng">56.32</dst>
            <dst id="IPLSng">277.146666666667</dst>
            <dst id="KSCYng">0</dst>
            <dst id="LOSAng">4419.63733333333</dst>
            <dst id="NYCMng">172.237333333333</dst>
            <dst id="SNVAng">4735.336</dst>
            <dst id="STTLng">12133.864</dst>
            <dst id="WASHng">26.6666666666667</dst>
        </src>
        <src id="STTLng">
            <dst id="ATLA-M5">1293.808</dst>
            <dst id="ATLAng">11279.4666666667</dst>
            <dst id="CHINng">36131.5573333333</dst>
            <dst id="DNVRng">2058.74666666667</dst>
            <dst id="HSTNng">2370.24533333333</dst>
            <dst id="IPLSng">7654.02933333333</dst>
            <dst id="KSCYng">5398.408</dst>
            <dst id="LOSAng">23553.48</dst>
            <dst id="NYCMng">13156.2986666667</dst>
            <dst id="SNVAng">1313.28266666667</dst>
            <dst id="STTLng">18782.1973333333</dst>
            <dst id="WASHng">15419.8026666667</dst>
        </src>
        <src id="WASHng">
            <dst id="ATLA-M5">1811.54666666667</dst>
            <dst id="ATLAng">103391.842666667</dst>
            <dst id="CHINng">81202.024</dst>
            <dst id="DNVRng">54935.5253333333</dst>
            <dst id="HSTNng">40414.304</dst>
            <dst id="IPLSng">32196.016</dst>
            <dst id="KSCYng">9424.21333333333</dst>
            <dst id="LOSAng">78422.1146666667</dst>
            <dst id="NYCMng">162717.442666667</dst>
            <dst id="SNVAng">5309.77866666667</dst>
            <dst id="STTLng">35588.4586666667</dst>
            <dst id="WASHng">280853.04</dst>
        </src>
    </IntraTM>
</TrafficMatrixFile>
