<?xml version="1.0" encoding="ISO-8859-1" standalone="yes"?>
<TrafficMatrixFile xsi:noNamespaceSchemaLocation="http://totem.run.montefiore.ulg.ac.be/Schema/TrafficMatrix-v1_2.xsd" xmlns:xsi="http://www.w3.org/2001/XMLSchema-instance">
    <IntraTM ASID="11537">
        <src id="ATLA-M5">
            <dst id="ATLA-M5">373.192</dst>
            <dst id="ATLAng">1044.072</dst>
            <dst id="CHINng">499.464</dst>
            <dst id="DNVRng">192.258666666667</dst>
            <dst id="HSTNng">254.717333333333</dst>
            <dst id="IPLSng">815.797333333333</dst>
            <dst id="KSCYng">55.4773333333333</dst>
            <dst id="LOSAng">252.176</dst>
            <dst id="NYCMng">178.536</dst>
            <dst id="SNVAng">13.3333333333333</dst>
            <dst id="STTLng">902.808</dst>
            <dst id="WASHng">2218.77066666667</dst>
        </src>
        <src id="ATLAng">
            <dst id="ATLA-M5">810.485333333333</dst>
            <dst id="ATLAng">32984.8746666667</dst>
            <dst id="CHINng">21558.8293333333</dst>
            <dst id="DNVRng">1384.272</dst>
            <dst id="HSTNng">2712.51466666667</dst>
            <dst id="IPLSng">26625.856</dst>
            <dst id="KSCYng">4236.688</dst>
            <dst id="LOSAng">22256.2773333333</dst>
            <dst id="NYCMng">12706.6853333333</dst>
            <dst id="SNVAng">4941.584</dst>
            <dst id="STTLng">21626.7626666667</dst>
            <dst id="WASHng">59666.016</dst>
        </src>
        <src id="CHINng">
            <dst id="ATLA-M5">1890.95733333333</dst>
            <dst id="ATLAng">33366.4933333333</dst>
            <dst id="CHINng">108402.957333333</dst>
            <dst id="DNVRng">10797.1253333333</dst>
            <dst id="HSTNng">17214.184</dst>
            <dst id="IPLSng">57926.3413333333</dst>
            <dst id="KSCYng">25710.208</dst>
            <dst id="LOSAng">42832.48</dst>
            <dst id="NYCMng">10124.9066666667</dst>
            <dst id="SNVAng">3057.192</dst>
            <dst id="STTLng">31708.6986666667</dst>
            <dst id="WASHng">31422.184</dst>
        </src>
        <src id="DNVRng">
            <dst id="ATLA-M5">409.277333333333</dst>
            <dst id="ATLAng">8601.696</dst>
            <dst id="CHINng">54409.0826666667</dst>
            <dst id="DNVRng">8870.85066666667</dst>
            <dst id="HSTNng">13538.8533333333</dst>
            <dst id="IPLSng">11454.024</dst>
            <dst id="KSCYng">21158.056</dst>
            <dst id="LOSAng">6819.14133333333</dst>
            <dst id="NYCMng">11039.456</dst>
            <dst id="SNVAng">11604.5706666667</dst>
            <dst id="STTLng">17506.3893333333</dst>
            <dst id="WASHng">31830.2746666667</dst>
        </src>
        <src id="HSTNng">
            <dst id="ATLA-M5">1408.05866666667</dst>
            <dst id="ATLAng">5440.16266666667</dst>
            <dst id="CHINng">19432.2426666667</dst>
            <dst id="DNVRng">1136.04</dst>
            <dst id="HSTNng">15728.9786666667</dst>
            <dst id="IPLSng">3336.25066666667</dst>
            <dst id="KSCYng">8431.2</dst>
            <dst id="LOSAng">1483.792</dst>
            <dst id="NYCMng">4176.17333333333</dst>
            <dst id="SNVAng">553.84</dst>
            <dst id="STTLng">12970.3706666667</dst>
            <dst id="WASHng">6812.24266666667</dst>
        </src>
        <src id="IPLSng">
            <dst id="ATLA-M5">573.933333333333</dst>
            <dst id="ATLAng">19209.5226666667</dst>
            <dst id="CHINng">84180.528</dst>
            <dst id="DNVRng">5397.968</dst>
            <dst id="HSTNng">2062.60266666667</dst>
            <dst id="IPLSng">17587.4346666667</dst>
            <dst id="KSCYng">13730.0906666667</dst>
            <dst id="LOSAng">20390.0026666667</dst>
            <dst id="NYCMng">20403.608</dst>
            <dst id="SNVAng">952.154666666667</dst>
            <dst id="STTLng">33644.8746666667</dst>
            <dst id="WASHng">32940.872</dst>
        </src>
        <src id="KSCYng">
            <dst id="ATLA-M5">417.786666666667</dst>
            <dst id="ATLAng">6369.264</dst>
            <dst id="CHINng">27842.72</dst>
            <dst id="DNVRng">7679.712</dst>
            <dst id="HSTNng">16379.592</dst>
            <dst id="IPLSng">17119.9493333333</dst>
            <dst id="KSCYng">7280.38933333333</dst>
            <dst id="LOSAng">3214.10133333333</dst>
            <dst id="NYCMng">6324.56266666667</dst>
            <dst id="SNVAng">2299.57866666667</dst>
            <dst id="STTLng">15043.8373333333</dst>
            <dst id="WASHng">11894.424</dst>
        </src>
        <src id="LOSAng">
            <dst id="ATLA-M5">1082.2</dst>
            <dst id="ATLAng">15427.352</dst>
            <dst id="CHINng">159184.032</dst>
            <dst id="DNVRng">11614.5946666667</dst>
            <dst id="HSTNng">10273.7386666667</dst>
            <dst id="IPLSng">25418.192</dst>
            <dst id="KSCYng">3706.53866666667</dst>
            <dst id="LOSAng">12610.5173333333</dst>
            <dst id="NYCMng">54227.096</dst>
            <dst id="SNVAng">25033.3573333333</dst>
            <dst id="STTLng">49798.4186666667</dst>
            <dst id="WASHng">49382.9226666667</dst>
        </src>
        <src id="NYCMng">
            <dst id="ATLA-M5">4993.79466666667</dst>
            <dst id="ATLAng">46253.0186666667</dst>
            <dst id="CHINng">30337.472</dst>
            <dst id="DNVRng">14864.8373333333</dst>
            <dst id="HSTNng">8664.09333333333</dst>
            <dst id="IPLSng">30509.28</dst>
            <dst id="KSCYng">11653.7973333333</dst>
            <dst id="LOSAng">52596.5973333333</dst>
            <dst id="NYCMng">153790.413333333</dst>
            <dst id="SNVAng">1037.944</dst>
            <dst id="STTLng">28732.6853333333</dst>
            <dst id="WASHng">90238.664</dst>
        </src>
        <src id="SNVAng">
            <dst id="ATLA-M5">0</dst>
            <dst id="ATLAng">65.8346666666667</dst>
            <dst id="CHINng">53.3333333333333</dst>
            <dst id="DNVRng">11951.76</dst>
            <dst id="HSTNng">439.533333333333</dst>
            <dst id="IPLSng">501.789333333333</dst>
            <dst id="KSCYng">90.9626666666666</dst>
            <dst id="LOSAng">6619.368</dst>
            <dst id="NYCMng">111.373333333333</dst>
            <dst id="SNVAng">8522.45866666667</dst>
            <dst id="STTLng">18716.0373333333</dst>
            <dst id="WASHng">135.36</dst>
        </src>
        <src id="STTLng">
            <dst id="ATLA-M5">8533.63733333333</dst>
            <dst id="ATLAng">65085.5226666667</dst>
            <dst id="CHINng">125248.768</dst>
            <dst id="DNVRng">20756.3973333333</dst>
            <dst id="HSTNng">30161.1333333333</dst>
            <dst id="IPLSng">84356.04</dst>
            <dst id="KSCYng">52622.28</dst>
            <dst id="LOSAng">21936.792</dst>
            <dst id="NYCMng">28743.7733333333</dst>
            <dst id="SNVAng">2029.55466666667</dst>
            <dst id="STTLng">20278.872</dst>
            <dst id="WASHng">97945.1573333333</dst>
        </src>
        <src id="WASHng">
            <dst id="ATLA-M5">703.757333333333</dst>
            <dst id="ATLAng">114904.301333333</dst>
            <dst id="CHINng">86425.2666666667</dst>
            <dst id="DNVRng">59027.36</dst>
            <dst id="HSTNng">20908.1066666667</dst>
            <dst id="IPLSng">48187.6826666667</dst>
            <dst id="KSCYng">23462.536</dst>
            <dst id="LOSAng">77090.896</dst>
            <dst id="NYCMng">188598.210666667</dst>
            <dst id="SNVAng">1311.52266666667</dst>
            <dst id="STTLng">57187.8133333333</dst>
            <dst id="WASHng">277588.426666667</dst>
        </src>
    </IntraTM>
</TrafficMatrixFile>
