<?xml version="1.0" encoding="ISO-8859-1" standalone="yes"?>
<TrafficMatrixFile xsi:noNamespaceSchemaLocation="http://totem.run.montefiore.ulg.ac.be/Schema/TrafficMatrix-v1_2.xsd" xmlns:xsi="http://www.w3.org/2001/XMLSchema-instance">
    <IntraTM ASID="11537">
        <src id="ATLA-M5">
            <dst id="ATLA-M5">329.618666666667</dst>
            <dst id="ATLAng">723.6</dst>
            <dst id="CHINng">546.024</dst>
            <dst id="DNVRng">410.034666666667</dst>
            <dst id="HSTNng">73.6693333333333</dst>
            <dst id="IPLSng">1030.18933333333</dst>
            <dst id="KSCYng">219.269333333333</dst>
            <dst id="LOSAng">129.604</dst>
            <dst id="NYCMng">1530.184</dst>
            <dst id="SNVAng">76.2706666666667</dst>
            <dst id="STTLng">771.741333333333</dst>
            <dst id="WASHng">1638.76266666667</dst>
        </src>
        <src id="ATLAng">
            <dst id="ATLA-M5">275.994666666667</dst>
            <dst id="ATLAng">44763.5226666667</dst>
            <dst id="CHINng">14382.8053333333</dst>
            <dst id="DNVRng">5701.83733333333</dst>
            <dst id="HSTNng">7349.06133333333</dst>
            <dst id="IPLSng">17672.4533333333</dst>
            <dst id="KSCYng">6500.12533333333</dst>
            <dst id="LOSAng">21194.0373333333</dst>
            <dst id="NYCMng">11293.304</dst>
            <dst id="SNVAng">387.061333333333</dst>
            <dst id="STTLng">12039.9253333333</dst>
            <dst id="WASHng">45807.176</dst>
        </src>
        <src id="CHINng">
            <dst id="ATLA-M5">1470.60533333333</dst>
            <dst id="ATLAng">31096.784</dst>
            <dst id="CHINng">95416.0213333333</dst>
            <dst id="DNVRng">19719.152</dst>
            <dst id="HSTNng">21452.9786666667</dst>
            <dst id="IPLSng">55050.072</dst>
            <dst id="KSCYng">19355.7226666667</dst>
            <dst id="LOSAng">79258.1333333333</dst>
            <dst id="NYCMng">17625.12</dst>
            <dst id="SNVAng">5785.944</dst>
            <dst id="STTLng">24368.7333333333</dst>
            <dst id="WASHng">70906.1866666667</dst>
        </src>
        <src id="DNVRng">
            <dst id="ATLA-M5">371.76</dst>
            <dst id="ATLAng">6552.99733333333</dst>
            <dst id="CHINng">44482.3866666667</dst>
            <dst id="DNVRng">17509.4106666667</dst>
            <dst id="HSTNng">17904.2693333333</dst>
            <dst id="IPLSng">16087.232</dst>
            <dst id="KSCYng">17232.8826666667</dst>
            <dst id="LOSAng">14240.952</dst>
            <dst id="NYCMng">15409.3626666667</dst>
            <dst id="SNVAng">13446.2213333333</dst>
            <dst id="STTLng">31006.8986666667</dst>
            <dst id="WASHng">35092.1013333333</dst>
        </src>
        <src id="HSTNng">
            <dst id="ATLA-M5">1055.11466666667</dst>
            <dst id="ATLAng">4237.168</dst>
            <dst id="CHINng">18818.3493333333</dst>
            <dst id="DNVRng">2463.29866666667</dst>
            <dst id="HSTNng">20288.784</dst>
            <dst id="IPLSng">5834.536</dst>
            <dst id="KSCYng">11545.6213333333</dst>
            <dst id="LOSAng">29908.1466666667</dst>
            <dst id="NYCMng">4266.608</dst>
            <dst id="SNVAng">267.770666666667</dst>
            <dst id="STTLng">8204.13866666667</dst>
            <dst id="WASHng">6560.11733333333</dst>
        </src>
        <src id="IPLSng">
            <dst id="ATLA-M5">569.685333333333</dst>
            <dst id="ATLAng">14851.7653333333</dst>
            <dst id="CHINng">57032.9066666667</dst>
            <dst id="DNVRng">15340.8426666667</dst>
            <dst id="HSTNng">4375.096</dst>
            <dst id="IPLSng">11329.7173333333</dst>
            <dst id="KSCYng">16527.44</dst>
            <dst id="LOSAng">15593.0213333333</dst>
            <dst id="NYCMng">7435.12</dst>
            <dst id="SNVAng">1018.00533333333</dst>
            <dst id="STTLng">38469.976</dst>
            <dst id="WASHng">37912.7306666667</dst>
        </src>
        <src id="KSCYng">
            <dst id="ATLA-M5">366.125333333333</dst>
            <dst id="ATLAng">9876.65066666666</dst>
            <dst id="CHINng">28482.1626666667</dst>
            <dst id="DNVRng">8580.93866666667</dst>
            <dst id="HSTNng">5493.928</dst>
            <dst id="IPLSng">26696.6426666667</dst>
            <dst id="KSCYng">21469.0933333333</dst>
            <dst id="LOSAng">5242.73066666667</dst>
            <dst id="NYCMng">4578.68266666667</dst>
            <dst id="SNVAng">2833.79733333333</dst>
            <dst id="STTLng">11718.4826666667</dst>
            <dst id="WASHng">21385.536</dst>
        </src>
        <src id="LOSAng">
            <dst id="ATLA-M5">179.554666666667</dst>
            <dst id="ATLAng">11274.5946666667</dst>
            <dst id="CHINng">6448083.46666666</dst>
            <dst id="DNVRng">13138.304</dst>
            <dst id="HSTNng">25109.9813333333</dst>
            <dst id="IPLSng">31081.4213333333</dst>
            <dst id="KSCYng">5081.176</dst>
            <dst id="LOSAng">16670.3413333333</dst>
            <dst id="NYCMng">49943.8666666667</dst>
            <dst id="SNVAng">25522.6053333333</dst>
            <dst id="STTLng">63973.616</dst>
            <dst id="WASHng">54945.1733333333</dst>
        </src>
        <src id="NYCMng">
            <dst id="ATLA-M5">697.125333333333</dst>
            <dst id="ATLAng">31143.5893333333</dst>
            <dst id="CHINng">35118.1493333333</dst>
            <dst id="DNVRng">18412.352</dst>
            <dst id="HSTNng">23036.8133333333</dst>
            <dst id="IPLSng">30656.0506666667</dst>
            <dst id="KSCYng">13064.6986666667</dst>
            <dst id="LOSAng">72416.7626666667</dst>
            <dst id="NYCMng">91952.9946666667</dst>
            <dst id="SNVAng">3605.09333333333</dst>
            <dst id="STTLng">26616.032</dst>
            <dst id="WASHng">97756.6266666667</dst>
        </src>
        <src id="SNVAng">
            <dst id="ATLA-M5">0</dst>
            <dst id="ATLAng">26.6666666666667</dst>
            <dst id="CHINng">80</dst>
            <dst id="DNVRng">2944.4</dst>
            <dst id="HSTNng">26.6666666666667</dst>
            <dst id="IPLSng">433.44</dst>
            <dst id="KSCYng">0</dst>
            <dst id="LOSAng">9945.00266666667</dst>
            <dst id="NYCMng">153.770666666667</dst>
            <dst id="SNVAng">10016.0346666667</dst>
            <dst id="STTLng">25214.8106666667</dst>
            <dst id="WASHng">53.3333333333333</dst>
        </src>
        <src id="STTLng">
            <dst id="ATLA-M5">2874.016</dst>
            <dst id="ATLAng">22163.4933333333</dst>
            <dst id="CHINng">43873.0026666667</dst>
            <dst id="DNVRng">18951.336</dst>
            <dst id="HSTNng">12593.16</dst>
            <dst id="IPLSng">36991.488</dst>
            <dst id="KSCYng">21234.2346666667</dst>
            <dst id="LOSAng">46520.3733333333</dst>
            <dst id="NYCMng">14028.312</dst>
            <dst id="SNVAng">4382.368</dst>
            <dst id="STTLng">31018.2053333333</dst>
            <dst id="WASHng">45645.2053333333</dst>
        </src>
        <src id="WASHng">
            <dst id="ATLA-M5">869.232</dst>
            <dst id="ATLAng">97055.5733333333</dst>
            <dst id="CHINng">74533.04</dst>
            <dst id="DNVRng">63988.016</dst>
            <dst id="HSTNng">29184</dst>
            <dst id="IPLSng">46635.7893333333</dst>
            <dst id="KSCYng">21582.92</dst>
            <dst id="LOSAng">114530.112</dst>
            <dst id="NYCMng">210939.418666667</dst>
            <dst id="SNVAng">4812.03466666667</dst>
            <dst id="STTLng">57770.632</dst>
            <dst id="WASHng">326274.426666667</dst>
        </src>
    </IntraTM>
</TrafficMatrixFile>
