<?xml version="1.0" encoding="ISO-8859-1" standalone="yes"?>
<TrafficMatrixFile xsi:noNamespaceSchemaLocation="http://totem.run.montefiore.ulg.ac.be/Schema/TrafficMatrix-v1_2.xsd" xmlns:xsi="http://www.w3.org/2001/XMLSchema-instance">
    <IntraTM ASID="11537">
        <src id="ATLA-M5">
            <dst id="ATLA-M5">278.008</dst>
            <dst id="ATLAng">1696.16533333333</dst>
            <dst id="CHINng">1973.208</dst>
            <dst id="DNVRng">129.066666666667</dst>
            <dst id="HSTNng">440.045333333333</dst>
            <dst id="IPLSng">2258.55466666667</dst>
            <dst id="KSCYng">352.997333333333</dst>
            <dst id="LOSAng">248.552</dst>
            <dst id="NYCMng">693.962666666667</dst>
            <dst id="SNVAng">104.56</dst>
            <dst id="STTLng">1170.71733333333</dst>
            <dst id="WASHng">1106.768</dst>
        </src>
        <src id="ATLAng">
            <dst id="ATLA-M5">423.968</dst>
            <dst id="ATLAng">40389.8506666667</dst>
            <dst id="CHINng">23686.616</dst>
            <dst id="DNVRng">10364.6266666667</dst>
            <dst id="HSTNng">23305.8426666667</dst>
            <dst id="IPLSng">30279.8266666667</dst>
            <dst id="KSCYng">6429.36533333333</dst>
            <dst id="LOSAng">8036.956</dst>
            <dst id="NYCMng">10598.3973333333</dst>
            <dst id="SNVAng">2469.67333333333</dst>
            <dst id="STTLng">22187.4266666667</dst>
            <dst id="WASHng">65997.5386666667</dst>
        </src>
        <src id="CHINng">
            <dst id="ATLA-M5">578.706666666667</dst>
            <dst id="ATLAng">26646.9146666667</dst>
            <dst id="CHINng">155832.424</dst>
            <dst id="DNVRng">20250.7946666667</dst>
            <dst id="HSTNng">5574.43466666667</dst>
            <dst id="IPLSng">62033.5173333333</dst>
            <dst id="KSCYng">33804.888</dst>
            <dst id="LOSAng">42105.9493333333</dst>
            <dst id="NYCMng">33020.9866666667</dst>
            <dst id="SNVAng">3931.51733333333</dst>
            <dst id="STTLng">34581.016</dst>
            <dst id="WASHng">43282.1093333333</dst>
        </src>
        <src id="DNVRng">
            <dst id="ATLA-M5">228.936</dst>
            <dst id="ATLAng">12578.1253333333</dst>
            <dst id="CHINng">46982.528</dst>
            <dst id="DNVRng">30918.9493333333</dst>
            <dst id="HSTNng">11668.2906666667</dst>
            <dst id="IPLSng">24740.2826666667</dst>
            <dst id="KSCYng">44561.84</dst>
            <dst id="LOSAng">23164.3146666667</dst>
            <dst id="NYCMng">11673.9413333333</dst>
            <dst id="SNVAng">17456.7866666667</dst>
            <dst id="STTLng">24638.0053333333</dst>
            <dst id="WASHng">32292.176</dst>
        </src>
        <src id="HSTNng">
            <dst id="ATLA-M5">2349.22666666667</dst>
            <dst id="ATLAng">5717.064</dst>
            <dst id="CHINng">14352.3573333333</dst>
            <dst id="DNVRng">1814.89066666667</dst>
            <dst id="HSTNng">22492.5973333333</dst>
            <dst id="IPLSng">9983.23466666667</dst>
            <dst id="KSCYng">9800.68266666667</dst>
            <dst id="LOSAng">3223.61333333333</dst>
            <dst id="NYCMng">9894.94133333333</dst>
            <dst id="SNVAng">2560.17866666667</dst>
            <dst id="STTLng">14089.592</dst>
            <dst id="WASHng">12965.7146666667</dst>
        </src>
        <src id="IPLSng">
            <dst id="ATLA-M5">528.514666666667</dst>
            <dst id="ATLAng">19255.2373333333</dst>
            <dst id="CHINng">134151.594666667</dst>
            <dst id="DNVRng">7490.01866666667</dst>
            <dst id="HSTNng">7823.336</dst>
            <dst id="IPLSng">20895.2346666667</dst>
            <dst id="KSCYng">12650.6053333333</dst>
            <dst id="LOSAng">25955.656</dst>
            <dst id="NYCMng">18761.712</dst>
            <dst id="SNVAng">3468.768</dst>
            <dst id="STTLng">36499.0826666667</dst>
            <dst id="WASHng">30430.8133333333</dst>
        </src>
        <src id="KSCYng">
            <dst id="ATLA-M5">889.138666666667</dst>
            <dst id="ATLAng">7472.58933333333</dst>
            <dst id="CHINng">23741.9733333333</dst>
            <dst id="DNVRng">11837.1173333333</dst>
            <dst id="HSTNng">5251.00533333333</dst>
            <dst id="IPLSng">16255.2346666667</dst>
            <dst id="KSCYng">17805.5493333333</dst>
            <dst id="LOSAng">4741.50133333333</dst>
            <dst id="NYCMng">7484.448</dst>
            <dst id="SNVAng">2347.104</dst>
            <dst id="STTLng">16969.8053333333</dst>
            <dst id="WASHng">20150.8746666667</dst>
        </src>
        <src id="LOSAng">
            <dst id="ATLA-M5">251.154666666667</dst>
            <dst id="ATLAng">12285.8613333333</dst>
            <dst id="CHINng">104322.776</dst>
            <dst id="DNVRng">27185.304</dst>
            <dst id="HSTNng">8629.664</dst>
            <dst id="IPLSng">18533.824</dst>
            <dst id="KSCYng">12074.3893333333</dst>
            <dst id="LOSAng">9223.86666666667</dst>
            <dst id="NYCMng">40158.1706666667</dst>
            <dst id="SNVAng">29550.048</dst>
            <dst id="STTLng">72313.9653333333</dst>
            <dst id="WASHng">55306.5253333333</dst>
        </src>
        <src id="NYCMng">
            <dst id="ATLA-M5">2230.144</dst>
            <dst id="ATLAng">48306.5546666667</dst>
            <dst id="CHINng">45176.328</dst>
            <dst id="DNVRng">35357.4346666667</dst>
            <dst id="HSTNng">13337.6826666667</dst>
            <dst id="IPLSng">36874.416</dst>
            <dst id="KSCYng">17452.6266666667</dst>
            <dst id="LOSAng">55448.4133333333</dst>
            <dst id="NYCMng">238716.290666667</dst>
            <dst id="SNVAng">6279.12533333333</dst>
            <dst id="STTLng">23160.224</dst>
            <dst id="WASHng">153452.549333333</dst>
        </src>
        <src id="SNVAng">
            <dst id="ATLA-M5">0</dst>
            <dst id="ATLAng">126.354666666667</dst>
            <dst id="CHINng">1568.152</dst>
            <dst id="DNVRng">12027.768</dst>
            <dst id="HSTNng">7031.89333333333</dst>
            <dst id="IPLSng">1400.16533333333</dst>
            <dst id="KSCYng">80</dst>
            <dst id="LOSAng">5609.95466666667</dst>
            <dst id="NYCMng">99.0693333333333</dst>
            <dst id="SNVAng">11844.4026666667</dst>
            <dst id="STTLng">21704.752</dst>
            <dst id="WASHng">221.322666666667</dst>
        </src>
        <src id="STTLng">
            <dst id="ATLA-M5">6362.28533333333</dst>
            <dst id="ATLAng">61501.1893333334</dst>
            <dst id="CHINng">123567.576</dst>
            <dst id="DNVRng">38365.536</dst>
            <dst id="HSTNng">38217.776</dst>
            <dst id="IPLSng">101089.453333333</dst>
            <dst id="KSCYng">80652.016</dst>
            <dst id="LOSAng">17378.4293333333</dst>
            <dst id="NYCMng">28027.1093333333</dst>
            <dst id="SNVAng">8498.61066666667</dst>
            <dst id="STTLng">27450.0106666667</dst>
            <dst id="WASHng">115545.173333333</dst>
        </src>
        <src id="WASHng">
            <dst id="ATLA-M5">3380.10133333333</dst>
            <dst id="ATLAng">157520.986666667</dst>
            <dst id="CHINng">88684.7626666666</dst>
            <dst id="DNVRng">74879.5466666667</dst>
            <dst id="HSTNng">49441.1493333333</dst>
            <dst id="IPLSng">96983.2693333333</dst>
            <dst id="KSCYng">28552.4346666667</dst>
            <dst id="LOSAng">79420.1413333333</dst>
            <dst id="NYCMng">233694.853333333</dst>
            <dst id="SNVAng">5160.88</dst>
            <dst id="STTLng">59700.3733333333</dst>
            <dst id="WASHng">314470.293333333</dst>
        </src>
    </IntraTM>
</TrafficMatrixFile>
