<?xml version="1.0" encoding="ISO-8859-1" standalone="yes"?>
<TrafficMatrixFile xsi:noNamespaceSchemaLocation="http://totem.run.montefiore.ulg.ac.be/Schema/TrafficMatrix-v1_2.xsd" xmlns:xsi="http://www.w3.org/2001/XMLSchema-instance">
    <IntraTM ASID="11537">
        <src id="ATLA-M5">
            <dst id="ATLA-M5">103.112</dst>
            <dst id="ATLAng">955.234666666667</dst>
            <dst id="CHINng">2532.21866666667</dst>
            <dst id="DNVRng">311.624</dst>
            <dst id="HSTNng">198.189333333333</dst>
            <dst id="IPLSng">1100.17866666667</dst>
            <dst id="KSCYng">444.645333333333</dst>
            <dst id="LOSAng">57.912</dst>
            <dst id="NYCMng">954.317333333334</dst>
            <dst id="SNVAng">57.912</dst>
            <dst id="STTLng">1095.184</dst>
            <dst id="WASHng">2612.19733333333</dst>
        </src>
        <src id="ATLAng">
            <dst id="ATLA-M5">1285.19733333333</dst>
            <dst id="ATLAng">26105.2613333333</dst>
            <dst id="CHINng">23652.9093333333</dst>
            <dst id="DNVRng">7359.72533333334</dst>
            <dst id="HSTNng">20129.496</dst>
            <dst id="IPLSng">27448.0266666667</dst>
            <dst id="KSCYng">10486.496</dst>
            <dst id="LOSAng">9845.668</dst>
            <dst id="NYCMng">19510.2533333333</dst>
            <dst id="SNVAng">838.412</dst>
            <dst id="STTLng">22845.9093333333</dst>
            <dst id="WASHng">63074.4506666667</dst>
        </src>
        <src id="CHINng">
            <dst id="ATLA-M5">820.298666666667</dst>
            <dst id="ATLAng">18743.6613333333</dst>
            <dst id="CHINng">112169.389333333</dst>
            <dst id="DNVRng">18956.88</dst>
            <dst id="HSTNng">17239.3226666667</dst>
            <dst id="IPLSng">55510.2693333333</dst>
            <dst id="KSCYng">22046.1146666667</dst>
            <dst id="LOSAng">59672.712</dst>
            <dst id="NYCMng">26268.5973333333</dst>
            <dst id="SNVAng">3487.48533333333</dst>
            <dst id="STTLng">32351.2</dst>
            <dst id="WASHng">52834.792</dst>
        </src>
        <src id="DNVRng">
            <dst id="ATLA-M5">320.301333333333</dst>
            <dst id="ATLAng">10961.112</dst>
            <dst id="CHINng">39809.128</dst>
            <dst id="DNVRng">13446.176</dst>
            <dst id="HSTNng">17263.504</dst>
            <dst id="IPLSng">11510.328</dst>
            <dst id="KSCYng">27686.8133333333</dst>
            <dst id="LOSAng">11124.224</dst>
            <dst id="NYCMng">7546.82666666667</dst>
            <dst id="SNVAng">18744.5893333333</dst>
            <dst id="STTLng">46053.472</dst>
            <dst id="WASHng">32299.0986666667</dst>
        </src>
        <src id="HSTNng">
            <dst id="ATLA-M5">5282.71733333333</dst>
            <dst id="ATLAng">9371.34133333333</dst>
            <dst id="CHINng">19322.0533333333</dst>
            <dst id="DNVRng">4823.736</dst>
            <dst id="HSTNng">15653.016</dst>
            <dst id="IPLSng">6450.632</dst>
            <dst id="KSCYng">11940.5653333333</dst>
            <dst id="LOSAng">9073.61066666667</dst>
            <dst id="NYCMng">11388.144</dst>
            <dst id="SNVAng">272.272</dst>
            <dst id="STTLng">12889.7653333333</dst>
            <dst id="WASHng">9766.13333333333</dst>
        </src>
        <src id="IPLSng">
            <dst id="ATLA-M5">688.493333333333</dst>
            <dst id="ATLAng">27767.464</dst>
            <dst id="CHINng">92015.4346666667</dst>
            <dst id="DNVRng">7621.05066666667</dst>
            <dst id="HSTNng">9897.30933333333</dst>
            <dst id="IPLSng">36523.9466666667</dst>
            <dst id="KSCYng">36799.5786666667</dst>
            <dst id="LOSAng">26136.128</dst>
            <dst id="NYCMng">14931.264</dst>
            <dst id="SNVAng">4471.81866666667</dst>
            <dst id="STTLng">38470.272</dst>
            <dst id="WASHng">44491.5653333333</dst>
        </src>
        <src id="KSCYng">
            <dst id="ATLA-M5">188.317333333333</dst>
            <dst id="ATLAng">14334.3093333333</dst>
            <dst id="CHINng">30969.8826666667</dst>
            <dst id="DNVRng">13769.3893333333</dst>
            <dst id="HSTNng">3605.76266666667</dst>
            <dst id="IPLSng">17883.92</dst>
            <dst id="KSCYng">11911.1706666667</dst>
            <dst id="LOSAng">6589.63733333333</dst>
            <dst id="NYCMng">7428</dst>
            <dst id="SNVAng">2492.21333333333</dst>
            <dst id="STTLng">15416.4533333333</dst>
            <dst id="WASHng">11071.3893333333</dst>
        </src>
        <src id="LOSAng">
            <dst id="ATLA-M5">97.6693333333333</dst>
            <dst id="ATLAng">14895.3626666667</dst>
            <dst id="CHINng">81934.2453333333</dst>
            <dst id="DNVRng">24364.408</dst>
            <dst id="HSTNng">10771.712</dst>
            <dst id="IPLSng">33225.3013333333</dst>
            <dst id="KSCYng">6775.104</dst>
            <dst id="LOSAng">27025.7893333333</dst>
            <dst id="NYCMng">40349.4373333333</dst>
            <dst id="SNVAng">25160.2933333333</dst>
            <dst id="STTLng">71398.7733333333</dst>
            <dst id="WASHng">60127.168</dst>
        </src>
        <src id="NYCMng">
            <dst id="ATLA-M5">3817.82933333333</dst>
            <dst id="ATLAng">62546.656</dst>
            <dst id="CHINng">48170.4133333333</dst>
            <dst id="DNVRng">31079.1866666667</dst>
            <dst id="HSTNng">14411.4373333333</dst>
            <dst id="IPLSng">53703.1253333333</dst>
            <dst id="KSCYng">21407.6426666667</dst>
            <dst id="LOSAng">64040.904</dst>
            <dst id="NYCMng">208087.205333333</dst>
            <dst id="SNVAng">8749.11466666666</dst>
            <dst id="STTLng">20017.2</dst>
            <dst id="WASHng">128792.856</dst>
        </src>
        <src id="SNVAng">
            <dst id="ATLA-M5">0</dst>
            <dst id="ATLAng">269.410666666667</dst>
            <dst id="CHINng">231.890666666667</dst>
            <dst id="DNVRng">4611.50666666667</dst>
            <dst id="HSTNng">0</dst>
            <dst id="IPLSng">892.570666666667</dst>
            <dst id="KSCYng">54.6666666666667</dst>
            <dst id="LOSAng">7513.01066666667</dst>
            <dst id="NYCMng">117.594666666667</dst>
            <dst id="SNVAng">10736.5786666667</dst>
            <dst id="STTLng">19785.984</dst>
            <dst id="WASHng">329.365333333333</dst>
        </src>
        <src id="STTLng">
            <dst id="ATLA-M5">3163.83466666667</dst>
            <dst id="ATLAng">55711.224</dst>
            <dst id="CHINng">127816.930666667</dst>
            <dst id="DNVRng">37670.736</dst>
            <dst id="HSTNng">26324.216</dst>
            <dst id="IPLSng">85675.3146666667</dst>
            <dst id="KSCYng">56248.432</dst>
            <dst id="LOSAng">12298.6933333333</dst>
            <dst id="NYCMng">27350.1493333333</dst>
            <dst id="SNVAng">11952.5493333333</dst>
            <dst id="STTLng">36627.4</dst>
            <dst id="WASHng">103430.549333333</dst>
        </src>
        <src id="WASHng">
            <dst id="ATLA-M5">2202.70133333333</dst>
            <dst id="ATLAng">127613.002666667</dst>
            <dst id="CHINng">78135.032</dst>
            <dst id="DNVRng">60451.8773333333</dst>
            <dst id="HSTNng">34034.1093333333</dst>
            <dst id="IPLSng">102434.506666667</dst>
            <dst id="KSCYng">26084.408</dst>
            <dst id="LOSAng">89572.6453333333</dst>
            <dst id="NYCMng">287436.933333333</dst>
            <dst id="SNVAng">7764.32</dst>
            <dst id="STTLng">71109.5066666667</dst>
            <dst id="WASHng">298633.226666667</dst>
        </src>
    </IntraTM>
</TrafficMatrixFile>
