<?xml version="1.0" encoding="ISO-8859-1" standalone="yes"?>
<TrafficMatrixFile xsi:noNamespaceSchemaLocation="http://totem.run.montefiore.ulg.ac.be/Schema/TrafficMatrix-v1_2.xsd" xmlns:xsi="http://www.w3.org/2001/XMLSchema-instance">
    <IntraTM ASID="11537">
        <src id="ATLA-M5">
            <dst id="ATLA-M5">126.794666666667</dst>
            <dst id="ATLAng">106.666666666667</dst>
            <dst id="CHINng">655.525333333333</dst>
            <dst id="DNVRng">0</dst>
            <dst id="HSTNng">39.808</dst>
            <dst id="IPLSng">2493.20533333333</dst>
            <dst id="KSCYng">80</dst>
            <dst id="LOSAng">73.8506666666667</dst>
            <dst id="NYCMng">107.32</dst>
            <dst id="SNVAng">13.3333333333333</dst>
            <dst id="STTLng">358.634666666667</dst>
            <dst id="WASHng">3623.91733333333</dst>
        </src>
        <src id="ATLAng">
            <dst id="ATLA-M5">377.037333333333</dst>
            <dst id="ATLAng">29401.528</dst>
            <dst id="CHINng">9869.23466666667</dst>
            <dst id="DNVRng">1306.94666666667</dst>
            <dst id="HSTNng">2094.24533333333</dst>
            <dst id="IPLSng">17136.88</dst>
            <dst id="KSCYng">904.584</dst>
            <dst id="LOSAng">39105.112</dst>
            <dst id="NYCMng">5995.72266666667</dst>
            <dst id="SNVAng">7516.93066666667</dst>
            <dst id="STTLng">15384.3546666667</dst>
            <dst id="WASHng">58006.848</dst>
        </src>
        <src id="CHINng">
            <dst id="ATLA-M5">519.997333333333</dst>
            <dst id="ATLAng">21372.344</dst>
            <dst id="CHINng">81042.9253333333</dst>
            <dst id="DNVRng">9707.94133333333</dst>
            <dst id="HSTNng">5262.65333333333</dst>
            <dst id="IPLSng">36844.488</dst>
            <dst id="KSCYng">10155.5546666667</dst>
            <dst id="LOSAng">30245.9386666667</dst>
            <dst id="NYCMng">8397.07466666667</dst>
            <dst id="SNVAng">2374.99466666667</dst>
            <dst id="STTLng">23670.6933333333</dst>
            <dst id="WASHng">14017.8053333333</dst>
        </src>
        <src id="DNVRng">
            <dst id="ATLA-M5">128.213333333333</dst>
            <dst id="ATLAng">4171.90666666667</dst>
            <dst id="CHINng">68239.5626666667</dst>
            <dst id="DNVRng">6606.168</dst>
            <dst id="HSTNng">8458.168</dst>
            <dst id="IPLSng">12056.6186666667</dst>
            <dst id="KSCYng">9639.864</dst>
            <dst id="LOSAng">35751.9333333333</dst>
            <dst id="NYCMng">7298.75466666667</dst>
            <dst id="SNVAng">6154.504</dst>
            <dst id="STTLng">11368.9093333333</dst>
            <dst id="WASHng">18453.5253333333</dst>
        </src>
        <src id="HSTNng">
            <dst id="ATLA-M5">2660.25333333333</dst>
            <dst id="ATLAng">3506.864</dst>
            <dst id="CHINng">13525.24</dst>
            <dst id="DNVRng">896.210666666667</dst>
            <dst id="HSTNng">15177.8133333333</dst>
            <dst id="IPLSng">2503.38933333333</dst>
            <dst id="KSCYng">3892.84</dst>
            <dst id="LOSAng">5785.568</dst>
            <dst id="NYCMng">3528.05066666667</dst>
            <dst id="SNVAng">193.6</dst>
            <dst id="STTLng">3607.944</dst>
            <dst id="WASHng">2686.11733333333</dst>
        </src>
        <src id="IPLSng">
            <dst id="ATLA-M5">236.136</dst>
            <dst id="ATLAng">13868.1733333333</dst>
            <dst id="CHINng">81730.4426666667</dst>
            <dst id="DNVRng">14042.96</dst>
            <dst id="HSTNng">1579.016</dst>
            <dst id="IPLSng">7655.21866666667</dst>
            <dst id="KSCYng">4403.50666666667</dst>
            <dst id="LOSAng">16955.3813333333</dst>
            <dst id="NYCMng">12615.144</dst>
            <dst id="SNVAng">325.776</dst>
            <dst id="STTLng">25531.4</dst>
            <dst id="WASHng">24775.8986666667</dst>
        </src>
        <src id="KSCYng">
            <dst id="ATLA-M5">130.845333333333</dst>
            <dst id="ATLAng">8109.704</dst>
            <dst id="CHINng">23987.5146666667</dst>
            <dst id="DNVRng">5839.392</dst>
            <dst id="HSTNng">9943.98133333333</dst>
            <dst id="IPLSng">11432.176</dst>
            <dst id="KSCYng">5499.60533333333</dst>
            <dst id="LOSAng">5164.752</dst>
            <dst id="NYCMng">2647.24266666667</dst>
            <dst id="SNVAng">2113.576</dst>
            <dst id="STTLng">11761.0533333333</dst>
            <dst id="WASHng">13252.68</dst>
        </src>
        <src id="LOSAng">
            <dst id="ATLA-M5">278.016</dst>
            <dst id="ATLAng">21268.5706666667</dst>
            <dst id="CHINng">131541.592</dst>
            <dst id="DNVRng">10609.6613333333</dst>
            <dst id="HSTNng">2403.69066666667</dst>
            <dst id="IPLSng">13359.5093333333</dst>
            <dst id="KSCYng">2092.18666666667</dst>
            <dst id="LOSAng">12267.1706666667</dst>
            <dst id="NYCMng">48112.9973333333</dst>
            <dst id="SNVAng">17778.3173333333</dst>
            <dst id="STTLng">51242.4613333333</dst>
            <dst id="WASHng">46045.2506666667</dst>
        </src>
        <src id="NYCMng">
            <dst id="ATLA-M5">222.197333333333</dst>
            <dst id="ATLAng">30169.424</dst>
            <dst id="CHINng">34263.7733333333</dst>
            <dst id="DNVRng">9290.30666666667</dst>
            <dst id="HSTNng">4275.33066666667</dst>
            <dst id="IPLSng">21863.576</dst>
            <dst id="KSCYng">6095.096</dst>
            <dst id="LOSAng">48301.5466666667</dst>
            <dst id="NYCMng">107419.424</dst>
            <dst id="SNVAng">740.672</dst>
            <dst id="STTLng">25682.1786666667</dst>
            <dst id="WASHng">58362.8506666667</dst>
        </src>
        <src id="SNVAng">
            <dst id="ATLA-M5">0</dst>
            <dst id="ATLAng">304.584</dst>
            <dst id="CHINng">80</dst>
            <dst id="DNVRng">724.445333333333</dst>
            <dst id="HSTNng">53.3333333333333</dst>
            <dst id="IPLSng">309.082666666667</dst>
            <dst id="KSCYng">39.6106666666667</dst>
            <dst id="LOSAng">10322.1093333333</dst>
            <dst id="NYCMng">67.48</dst>
            <dst id="SNVAng">8601.69066666667</dst>
            <dst id="STTLng">15790.1333333333</dst>
            <dst id="WASHng">129.869333333333</dst>
        </src>
        <src id="STTLng">
            <dst id="ATLA-M5">523.224</dst>
            <dst id="ATLAng">37948.0906666667</dst>
            <dst id="CHINng">57359.88</dst>
            <dst id="DNVRng">3759.97066666667</dst>
            <dst id="HSTNng">7394.872</dst>
            <dst id="IPLSng">41080.424</dst>
            <dst id="KSCYng">15541.3653333333</dst>
            <dst id="LOSAng">31742.848</dst>
            <dst id="NYCMng">14706.2906666667</dst>
            <dst id="SNVAng">1019.792</dst>
            <dst id="STTLng">11926.1813333333</dst>
            <dst id="WASHng">56093.096</dst>
        </src>
        <src id="WASHng">
            <dst id="ATLA-M5">331.786666666667</dst>
            <dst id="ATLAng">127707.317333333</dst>
            <dst id="CHINng">45560.944</dst>
            <dst id="DNVRng">58404.6906666666</dst>
            <dst id="HSTNng">20530.552</dst>
            <dst id="IPLSng">31139.6053333333</dst>
            <dst id="KSCYng">22976.3333333333</dst>
            <dst id="LOSAng">57189.12</dst>
            <dst id="NYCMng">118266.976</dst>
            <dst id="SNVAng">1033.224</dst>
            <dst id="STTLng">71527.84</dst>
            <dst id="WASHng">235082.354666667</dst>
        </src>
    </IntraTM>
</TrafficMatrixFile>
