<?xml version="1.0" encoding="ISO-8859-1" standalone="yes"?>
<TrafficMatrixFile xsi:noNamespaceSchemaLocation="http://totem.run.montefiore.ulg.ac.be/Schema/TrafficMatrix-v1_2.xsd" xmlns:xsi="http://www.w3.org/2001/XMLSchema-instance">
    <IntraTM ASID="11537">
        <src id="ATLA-M5">
            <dst id="ATLA-M5">26.6666666666667</dst>
            <dst id="ATLAng">1404.50133333333</dst>
            <dst id="CHINng">42981.392</dst>
            <dst id="DNVRng">59.0293333333333</dst>
            <dst id="HSTNng">391.085333333333</dst>
            <dst id="IPLSng">971.013333333334</dst>
            <dst id="KSCYng">713.52</dst>
            <dst id="LOSAng">170.784</dst>
            <dst id="NYCMng">1768.30933333333</dst>
            <dst id="SNVAng">13.3333333333333</dst>
            <dst id="STTLng">814.088</dst>
            <dst id="WASHng">40808.632</dst>
        </src>
        <src id="ATLAng">
            <dst id="ATLA-M5">173.109333333333</dst>
            <dst id="ATLAng">65380.848</dst>
            <dst id="CHINng">21993.056</dst>
            <dst id="DNVRng">9700.024</dst>
            <dst id="HSTNng">4457.16266666667</dst>
            <dst id="IPLSng">19651.2026666667</dst>
            <dst id="KSCYng">7389.29866666667</dst>
            <dst id="LOSAng">16711.136</dst>
            <dst id="NYCMng">11124.1573333333</dst>
            <dst id="SNVAng">1888.33333333333</dst>
            <dst id="STTLng">13189.6213333333</dst>
            <dst id="WASHng">39720.9866666667</dst>
        </src>
        <src id="CHINng">
            <dst id="ATLA-M5">2330.2</dst>
            <dst id="ATLAng">23239.1466666667</dst>
            <dst id="CHINng">128278.605333333</dst>
            <dst id="DNVRng">9969.72</dst>
            <dst id="HSTNng">15393.0346666667</dst>
            <dst id="IPLSng">57274.2373333333</dst>
            <dst id="KSCYng">20319.344</dst>
            <dst id="LOSAng">52681.8533333333</dst>
            <dst id="NYCMng">14056.288</dst>
            <dst id="SNVAng">2247.464</dst>
            <dst id="STTLng">24307.4906666667</dst>
            <dst id="WASHng">32686.7253333333</dst>
        </src>
        <src id="DNVRng">
            <dst id="ATLA-M5">258.645333333333</dst>
            <dst id="ATLAng">11675.5253333333</dst>
            <dst id="CHINng">26995.144</dst>
            <dst id="DNVRng">7990.55466666667</dst>
            <dst id="HSTNng">12610.0853333333</dst>
            <dst id="IPLSng">11252.704</dst>
            <dst id="KSCYng">18189.6986666667</dst>
            <dst id="LOSAng">6419.93333333333</dst>
            <dst id="NYCMng">9561.21066666666</dst>
            <dst id="SNVAng">34617.9146666667</dst>
            <dst id="STTLng">54622.6373333334</dst>
            <dst id="WASHng">18614.8373333333</dst>
        </src>
        <src id="HSTNng">
            <dst id="ATLA-M5">3536.19466666667</dst>
            <dst id="ATLAng">4102.616</dst>
            <dst id="CHINng">112677.037333333</dst>
            <dst id="DNVRng">2322.76266666667</dst>
            <dst id="HSTNng">16225.488</dst>
            <dst id="IPLSng">4484.49066666667</dst>
            <dst id="KSCYng">10453.1653333333</dst>
            <dst id="LOSAng">12237.3066666667</dst>
            <dst id="NYCMng">4172.80266666667</dst>
            <dst id="SNVAng">140.472</dst>
            <dst id="STTLng">8098.06133333333</dst>
            <dst id="WASHng">17267.8346666667</dst>
        </src>
        <src id="IPLSng">
            <dst id="ATLA-M5">402.442666666667</dst>
            <dst id="ATLAng">12822.048</dst>
            <dst id="CHINng">45547.552</dst>
            <dst id="DNVRng">9948.29066666667</dst>
            <dst id="HSTNng">2976.89333333333</dst>
            <dst id="IPLSng">27869.8266666667</dst>
            <dst id="KSCYng">7897.23466666667</dst>
            <dst id="LOSAng">25035.7386666667</dst>
            <dst id="NYCMng">7993.90933333333</dst>
            <dst id="SNVAng">2903.09333333333</dst>
            <dst id="STTLng">29848.152</dst>
            <dst id="WASHng">18733.1306666667</dst>
        </src>
        <src id="KSCYng">
            <dst id="ATLA-M5">461.661333333333</dst>
            <dst id="ATLAng">7987.14133333333</dst>
            <dst id="CHINng">25410.1226666667</dst>
            <dst id="DNVRng">7892.11466666667</dst>
            <dst id="HSTNng">5420.82133333333</dst>
            <dst id="IPLSng">17243.96</dst>
            <dst id="KSCYng">7378.99733333333</dst>
            <dst id="LOSAng">9376.312</dst>
            <dst id="NYCMng">7044.47466666667</dst>
            <dst id="SNVAng">2723.75466666667</dst>
            <dst id="STTLng">16646.104</dst>
            <dst id="WASHng">15053.3946666667</dst>
        </src>
        <src id="LOSAng">
            <dst id="ATLA-M5">359.976</dst>
            <dst id="ATLAng">13551.4</dst>
            <dst id="CHINng">124971.016</dst>
            <dst id="DNVRng">38757.3493333333</dst>
            <dst id="HSTNng">10400.248</dst>
            <dst id="IPLSng">45316.984</dst>
            <dst id="KSCYng">7282.79466666666</dst>
            <dst id="LOSAng">17222.176</dst>
            <dst id="NYCMng">47461.5733333333</dst>
            <dst id="SNVAng">17899.6933333333</dst>
            <dst id="STTLng">71050.1493333333</dst>
            <dst id="WASHng">85217.7653333333</dst>
        </src>
        <src id="NYCMng">
            <dst id="ATLA-M5">1831.90133333333</dst>
            <dst id="ATLAng">37321.7386666667</dst>
            <dst id="CHINng">44962.848</dst>
            <dst id="DNVRng">21256.48</dst>
            <dst id="HSTNng">10645.0426666667</dst>
            <dst id="IPLSng">26448.3733333333</dst>
            <dst id="KSCYng">14256.2266666667</dst>
            <dst id="LOSAng">55133.1706666667</dst>
            <dst id="NYCMng">159106.776</dst>
            <dst id="SNVAng">5878.79733333333</dst>
            <dst id="STTLng">29170.4346666667</dst>
            <dst id="WASHng">91428.832</dst>
        </src>
        <src id="SNVAng">
            <dst id="ATLA-M5">0</dst>
            <dst id="ATLAng">26.6666666666667</dst>
            <dst id="CHINng">26.6666666666667</dst>
            <dst id="DNVRng">2657.49866666667</dst>
            <dst id="HSTNng">0</dst>
            <dst id="IPLSng">880.416</dst>
            <dst id="KSCYng">53.3333333333333</dst>
            <dst id="LOSAng">7188.056</dst>
            <dst id="NYCMng">43.4693333333333</dst>
            <dst id="SNVAng">6749.592</dst>
            <dst id="STTLng">17688.2746666667</dst>
            <dst id="WASHng">80</dst>
        </src>
        <src id="STTLng">
            <dst id="ATLA-M5">1146.456</dst>
            <dst id="ATLAng">22537.344</dst>
            <dst id="CHINng">43308.408</dst>
            <dst id="DNVRng">17730.984</dst>
            <dst id="HSTNng">15491.0426666667</dst>
            <dst id="IPLSng">43683.8613333333</dst>
            <dst id="KSCYng">26918.44</dst>
            <dst id="LOSAng">49134.416</dst>
            <dst id="NYCMng">11838.5173333333</dst>
            <dst id="SNVAng">6220.20533333334</dst>
            <dst id="STTLng">30809.7813333333</dst>
            <dst id="WASHng">42616.1253333333</dst>
        </src>
        <src id="WASHng">
            <dst id="ATLA-M5">2238.97866666667</dst>
            <dst id="ATLAng">115986.802666667</dst>
            <dst id="CHINng">415577.973333333</dst>
            <dst id="DNVRng">65653.4853333333</dst>
            <dst id="HSTNng">31375.4586666667</dst>
            <dst id="IPLSng">70371.0026666667</dst>
            <dst id="KSCYng">27485.9546666667</dst>
            <dst id="LOSAng">94247.6346666667</dst>
            <dst id="NYCMng">172838.890666667</dst>
            <dst id="SNVAng">10633.0026666667</dst>
            <dst id="STTLng">49548.12</dst>
            <dst id="WASHng">652180.053333333</dst>
        </src>
    </IntraTM>
</TrafficMatrixFile>
