<?xml version="1.0" encoding="ISO-8859-1" standalone="yes"?>
<TrafficMatrixFile xsi:noNamespaceSchemaLocation="http://totem.run.montefiore.ulg.ac.be/Schema/TrafficMatrix-v1_2.xsd" xmlns:xsi="http://www.w3.org/2001/XMLSchema-instance">
    <IntraTM ASID="11537">
        <src id="ATLA-M5">
            <dst id="ATLA-M5">53.3333333333333</dst>
            <dst id="ATLAng">552.837333333333</dst>
            <dst id="CHINng">1881.872</dst>
            <dst id="DNVRng">133.333333333333</dst>
            <dst id="HSTNng">640.546666666667</dst>
            <dst id="IPLSng">1042.73333333333</dst>
            <dst id="KSCYng">648.221333333333</dst>
            <dst id="LOSAng">106.986666666667</dst>
            <dst id="NYCMng">1516.81333333333</dst>
            <dst id="SNVAng">0</dst>
            <dst id="STTLng">564.221333333333</dst>
            <dst id="WASHng">1433.18666666667</dst>
        </src>
        <src id="ATLAng">
            <dst id="ATLA-M5">1964.20266666667</dst>
            <dst id="ATLAng">45376.3386666667</dst>
            <dst id="CHINng">17690.832</dst>
            <dst id="DNVRng">5575.69866666667</dst>
            <dst id="HSTNng">7846.06933333333</dst>
            <dst id="IPLSng">25518.8853333333</dst>
            <dst id="KSCYng">5277.224</dst>
            <dst id="LOSAng">30827.3813333333</dst>
            <dst id="NYCMng">10843.424</dst>
            <dst id="SNVAng">1348.61466666667</dst>
            <dst id="STTLng">15456.9893333333</dst>
            <dst id="WASHng">50562.9173333333</dst>
        </src>
        <src id="CHINng">
            <dst id="ATLA-M5">1484.69333333333</dst>
            <dst id="ATLAng">145313.8</dst>
            <dst id="CHINng">112539.922666667</dst>
            <dst id="DNVRng">16646.0133333333</dst>
            <dst id="HSTNng">12575.9813333333</dst>
            <dst id="IPLSng">84458.0826666667</dst>
            <dst id="KSCYng">21267.256</dst>
            <dst id="LOSAng">38878.6933333333</dst>
            <dst id="NYCMng">13676.2026666667</dst>
            <dst id="SNVAng">5334.448</dst>
            <dst id="STTLng">26613.1253333333</dst>
            <dst id="WASHng">38271.4613333333</dst>
        </src>
        <src id="DNVRng">
            <dst id="ATLA-M5">509.168</dst>
            <dst id="ATLAng">6023.41333333333</dst>
            <dst id="CHINng">25651.6426666667</dst>
            <dst id="DNVRng">9133.16266666667</dst>
            <dst id="HSTNng">25059.1706666667</dst>
            <dst id="IPLSng">12174.1733333333</dst>
            <dst id="KSCYng">11146.3013333333</dst>
            <dst id="LOSAng">15560.288</dst>
            <dst id="NYCMng">6366.16266666667</dst>
            <dst id="SNVAng">17975.7493333333</dst>
            <dst id="STTLng">55077.264</dst>
            <dst id="WASHng">34515.3306666667</dst>
        </src>
        <src id="HSTNng">
            <dst id="ATLA-M5">972.829333333333</dst>
            <dst id="ATLAng">3160.58933333333</dst>
            <dst id="CHINng">22871.8186666667</dst>
            <dst id="DNVRng">1734.74666666667</dst>
            <dst id="HSTNng">17475.848</dst>
            <dst id="IPLSng">5144.25866666667</dst>
            <dst id="KSCYng">10304.28</dst>
            <dst id="LOSAng">57866.3866666667</dst>
            <dst id="NYCMng">2565.63466666667</dst>
            <dst id="SNVAng">235.149333333333</dst>
            <dst id="STTLng">8763.87733333333</dst>
            <dst id="WASHng">17775.9573333333</dst>
        </src>
        <src id="IPLSng">
            <dst id="ATLA-M5">653.834666666667</dst>
            <dst id="ATLAng">16157.4453333333</dst>
            <dst id="CHINng">58200.1546666667</dst>
            <dst id="DNVRng">10376.0346666667</dst>
            <dst id="HSTNng">4396.52533333333</dst>
            <dst id="IPLSng">44131.2186666667</dst>
            <dst id="KSCYng">11152.192</dst>
            <dst id="LOSAng">18690.232</dst>
            <dst id="NYCMng">11787.528</dst>
            <dst id="SNVAng">5372.944</dst>
            <dst id="STTLng">23591.36</dst>
            <dst id="WASHng">32073.312</dst>
        </src>
        <src id="KSCYng">
            <dst id="ATLA-M5">361.568</dst>
            <dst id="ATLAng">7923.34666666667</dst>
            <dst id="CHINng">30570.56</dst>
            <dst id="DNVRng">10822.3573333333</dst>
            <dst id="HSTNng">6341.95466666667</dst>
            <dst id="IPLSng">18249.384</dst>
            <dst id="KSCYng">13337.4906666667</dst>
            <dst id="LOSAng">4653.112</dst>
            <dst id="NYCMng">6634.17066666667</dst>
            <dst id="SNVAng">2529.43466666667</dst>
            <dst id="STTLng">10308.36</dst>
            <dst id="WASHng">12272.5626666667</dst>
        </src>
        <src id="LOSAng">
            <dst id="ATLA-M5">260.266666666667</dst>
            <dst id="ATLAng">18885.8373333333</dst>
            <dst id="CHINng">113281.258666667</dst>
            <dst id="DNVRng">23234.0213333333</dst>
            <dst id="HSTNng">56564.9333333333</dst>
            <dst id="IPLSng">37083.8293333333</dst>
            <dst id="KSCYng">7498.22933333333</dst>
            <dst id="LOSAng">12709.7733333333</dst>
            <dst id="NYCMng">41869.3946666667</dst>
            <dst id="SNVAng">23244.3546666667</dst>
            <dst id="STTLng">65860.088</dst>
            <dst id="WASHng">68129.5973333333</dst>
        </src>
        <src id="NYCMng">
            <dst id="ATLA-M5">2201.69066666667</dst>
            <dst id="ATLAng">44183.312</dst>
            <dst id="CHINng">25819.672</dst>
            <dst id="DNVRng">33423.248</dst>
            <dst id="HSTNng">26203.1146666667</dst>
            <dst id="IPLSng">45085.7413333333</dst>
            <dst id="KSCYng">15361.8986666667</dst>
            <dst id="LOSAng">68594.3866666667</dst>
            <dst id="NYCMng">91453.1173333333</dst>
            <dst id="SNVAng">5500.81333333333</dst>
            <dst id="STTLng">23265.168</dst>
            <dst id="WASHng">117176.693333333</dst>
        </src>
        <src id="SNVAng">
            <dst id="ATLA-M5">0</dst>
            <dst id="ATLAng">109.098666666667</dst>
            <dst id="CHINng">26.6666666666667</dst>
            <dst id="DNVRng">5449.93866666667</dst>
            <dst id="HSTNng">196.450666666667</dst>
            <dst id="IPLSng">572.552</dst>
            <dst id="KSCYng">53.3333333333333</dst>
            <dst id="LOSAng">10651.9493333333</dst>
            <dst id="NYCMng">73.2586666666667</dst>
            <dst id="SNVAng">8891.99733333333</dst>
            <dst id="STTLng">17706.448</dst>
            <dst id="WASHng">53.3333333333333</dst>
        </src>
        <src id="STTLng">
            <dst id="ATLA-M5">762.997333333333</dst>
            <dst id="ATLAng">34142.144</dst>
            <dst id="CHINng">64056.3173333333</dst>
            <dst id="DNVRng">36605.6453333333</dst>
            <dst id="HSTNng">30025.504</dst>
            <dst id="IPLSng">46732.8906666667</dst>
            <dst id="KSCYng">26292.5706666667</dst>
            <dst id="LOSAng">18584.7333333333</dst>
            <dst id="NYCMng">24678.008</dst>
            <dst id="SNVAng">15507.0373333333</dst>
            <dst id="STTLng">41990.784</dst>
            <dst id="WASHng">54346.7706666667</dst>
        </src>
        <src id="WASHng">
            <dst id="ATLA-M5">8644.38933333334</dst>
            <dst id="ATLAng">154579.269333333</dst>
            <dst id="CHINng">97556.92</dst>
            <dst id="DNVRng">103658.784</dst>
            <dst id="HSTNng">23372.312</dst>
            <dst id="IPLSng">65690.7706666666</dst>
            <dst id="KSCYng">23653.5546666667</dst>
            <dst id="LOSAng">97892.4506666667</dst>
            <dst id="NYCMng">154937.44</dst>
            <dst id="SNVAng">10760.4</dst>
            <dst id="STTLng">70727.9946666667</dst>
            <dst id="WASHng">323567.76</dst>
        </src>
    </IntraTM>
</TrafficMatrixFile>
