<?xml version="1.0" encoding="ISO-8859-1" standalone="yes"?>
<TrafficMatrixFile xsi:noNamespaceSchemaLocation="http://totem.run.montefiore.ulg.ac.be/Schema/TrafficMatrix-v1_2.xsd" xmlns:xsi="http://www.w3.org/2001/XMLSchema-instance">
    <IntraTM ASID="11537">
        <src id="ATLA-M5">
            <dst id="ATLA-M5">509.162666666667</dst>
            <dst id="ATLAng">2271.73333333333</dst>
            <dst id="CHINng">807.114666666666</dst>
            <dst id="DNVRng">602.832</dst>
            <dst id="HSTNng">708.437333333333</dst>
            <dst id="IPLSng">3035.74666666667</dst>
            <dst id="KSCYng">215.16</dst>
            <dst id="LOSAng">242.944</dst>
            <dst id="NYCMng">1823.32533333333</dst>
            <dst id="SNVAng">76.9466666666667</dst>
            <dst id="STTLng">1089.152</dst>
            <dst id="WASHng">2336.28533333333</dst>
        </src>
        <src id="ATLAng">
            <dst id="ATLA-M5">1171.93333333333</dst>
            <dst id="ATLAng">54814.056</dst>
            <dst id="CHINng">36255.696</dst>
            <dst id="DNVRng">11447.864</dst>
            <dst id="HSTNng">30684.6426666667</dst>
            <dst id="IPLSng">29256.8533333333</dst>
            <dst id="KSCYng">13206.8026666667</dst>
            <dst id="LOSAng">25107.2053333333</dst>
            <dst id="NYCMng">10117.2533333333</dst>
            <dst id="SNVAng">1942.744</dst>
            <dst id="STTLng">22063.08</dst>
            <dst id="WASHng">53408.9253333333</dst>
        </src>
        <src id="CHINng">
            <dst id="ATLA-M5">1719.50666666667</dst>
            <dst id="ATLAng">41851.9786666667</dst>
            <dst id="CHINng">128657.157333333</dst>
            <dst id="DNVRng">25205.5946666667</dst>
            <dst id="HSTNng">17882.6533333333</dst>
            <dst id="IPLSng">89920.4</dst>
            <dst id="KSCYng">22925.336</dst>
            <dst id="LOSAng">203103.952</dst>
            <dst id="NYCMng">23773.3253333333</dst>
            <dst id="SNVAng">9473.576</dst>
            <dst id="STTLng">37665.592</dst>
            <dst id="WASHng">46724.272</dst>
        </src>
        <src id="DNVRng">
            <dst id="ATLA-M5">307.784</dst>
            <dst id="ATLAng">22096.6453333333</dst>
            <dst id="CHINng">41776.0186666667</dst>
            <dst id="DNVRng">17035.8293333333</dst>
            <dst id="HSTNng">17960.5973333333</dst>
            <dst id="IPLSng">26124.0773333333</dst>
            <dst id="KSCYng">33530.2906666667</dst>
            <dst id="LOSAng">23629.7893333333</dst>
            <dst id="NYCMng">7441.688</dst>
            <dst id="SNVAng">27113.6266666667</dst>
            <dst id="STTLng">46222.4293333333</dst>
            <dst id="WASHng">26945.6266666667</dst>
        </src>
        <src id="HSTNng">
            <dst id="ATLA-M5">2243.77866666667</dst>
            <dst id="ATLAng">11366.5173333333</dst>
            <dst id="CHINng">16101.76</dst>
            <dst id="DNVRng">6220.93333333333</dst>
            <dst id="HSTNng">29089.504</dst>
            <dst id="IPLSng">9237.00266666667</dst>
            <dst id="KSCYng">12239.768</dst>
            <dst id="LOSAng">5885.97066666667</dst>
            <dst id="NYCMng">7434.06133333333</dst>
            <dst id="SNVAng">372.357333333333</dst>
            <dst id="STTLng">14764.1226666667</dst>
            <dst id="WASHng">34459.4533333333</dst>
        </src>
        <src id="IPLSng">
            <dst id="ATLA-M5">3211.48533333333</dst>
            <dst id="ATLAng">21040.288</dst>
            <dst id="CHINng">76033.344</dst>
            <dst id="DNVRng">33934.8213333333</dst>
            <dst id="HSTNng">20132.4666666667</dst>
            <dst id="IPLSng">28833.6</dst>
            <dst id="KSCYng">17872.0586666667</dst>
            <dst id="LOSAng">19086.296</dst>
            <dst id="NYCMng">17151.2773333333</dst>
            <dst id="SNVAng">4327.31733333333</dst>
            <dst id="STTLng">29017.048</dst>
            <dst id="WASHng">44853.672</dst>
        </src>
        <src id="KSCYng">
            <dst id="ATLA-M5">540.578666666667</dst>
            <dst id="ATLAng">9258.408</dst>
            <dst id="CHINng">36437.9893333333</dst>
            <dst id="DNVRng">9303.032</dst>
            <dst id="HSTNng">5424.21066666667</dst>
            <dst id="IPLSng">20227.224</dst>
            <dst id="KSCYng">15777.352</dst>
            <dst id="LOSAng">6901.75466666666</dst>
            <dst id="NYCMng">12725.68</dst>
            <dst id="SNVAng">3375.39733333333</dst>
            <dst id="STTLng">15829.6586666667</dst>
            <dst id="WASHng">16092.912</dst>
        </src>
        <src id="LOSAng">
            <dst id="ATLA-M5">242.512</dst>
            <dst id="ATLAng">31501.8746666667</dst>
            <dst id="CHINng">104979.816</dst>
            <dst id="DNVRng">78247.0666666667</dst>
            <dst id="HSTNng">15756.536</dst>
            <dst id="IPLSng">39214.9253333333</dst>
            <dst id="KSCYng">16592.6186666667</dst>
            <dst id="LOSAng">11642.6746666667</dst>
            <dst id="NYCMng">61004.5653333333</dst>
            <dst id="SNVAng">34478.1306666667</dst>
            <dst id="STTLng">56263.1733333333</dst>
            <dst id="WASHng">91415.6293333333</dst>
        </src>
        <src id="NYCMng">
            <dst id="ATLA-M5">1665.09066666667</dst>
            <dst id="ATLAng">46716.5173333333</dst>
            <dst id="CHINng">38709.2666666667</dst>
            <dst id="DNVRng">38584.4213333333</dst>
            <dst id="HSTNng">29481.6053333333</dst>
            <dst id="IPLSng">45437.32</dst>
            <dst id="KSCYng">25317.808</dst>
            <dst id="LOSAng">68199.2666666667</dst>
            <dst id="NYCMng">124874.274666667</dst>
            <dst id="SNVAng">8989.45066666667</dst>
            <dst id="STTLng">34848.432</dst>
            <dst id="WASHng">159806.757333333</dst>
        </src>
        <src id="SNVAng">
            <dst id="ATLA-M5">0</dst>
            <dst id="ATLAng">586.488</dst>
            <dst id="CHINng">290.048</dst>
            <dst id="DNVRng">16709.448</dst>
            <dst id="HSTNng">1416.952</dst>
            <dst id="IPLSng">629.914666666667</dst>
            <dst id="KSCYng">117.88</dst>
            <dst id="LOSAng">12341.44</dst>
            <dst id="NYCMng">561.706666666667</dst>
            <dst id="SNVAng">10899.84</dst>
            <dst id="STTLng">20281.288</dst>
            <dst id="WASHng">469.248</dst>
        </src>
        <src id="STTLng">
            <dst id="ATLA-M5">4161.41333333333</dst>
            <dst id="ATLAng">77052.5866666667</dst>
            <dst id="CHINng">111220.592</dst>
            <dst id="DNVRng">35184.2533333333</dst>
            <dst id="HSTNng">49740.4053333333</dst>
            <dst id="IPLSng">95754.9546666667</dst>
            <dst id="KSCYng">71635.4613333333</dst>
            <dst id="LOSAng">11632.128</dst>
            <dst id="NYCMng">27890.84</dst>
            <dst id="SNVAng">12376.6826666667</dst>
            <dst id="STTLng">50161.3973333333</dst>
            <dst id="WASHng">122020.176</dst>
        </src>
        <src id="WASHng">
            <dst id="ATLA-M5">11690.9813333333</dst>
            <dst id="ATLAng">125369.325333333</dst>
            <dst id="CHINng">110274.029333333</dst>
            <dst id="DNVRng">92061.0133333333</dst>
            <dst id="HSTNng">52249.7573333333</dst>
            <dst id="IPLSng">107624.205333333</dst>
            <dst id="KSCYng">24465.8933333333</dst>
            <dst id="LOSAng">91262.5386666667</dst>
            <dst id="NYCMng">304319.013333333</dst>
            <dst id="SNVAng">12997.4933333333</dst>
            <dst id="STTLng">54746.16</dst>
            <dst id="WASHng">324202.72</dst>
        </src>
    </IntraTM>
</TrafficMatrixFile>
