<?xml version="1.0" encoding="ISO-8859-1" standalone="yes"?>
<TrafficMatrixFile xsi:noNamespaceSchemaLocation="http://totem.run.montefiore.ulg.ac.be/Schema/TrafficMatrix-v1_2.xsd" xmlns:xsi="http://www.w3.org/2001/XMLSchema-instance">
    <IntraTM ASID="11537">
        <src id="ATLA-M5">
            <dst id="ATLA-M5">0</dst>
            <dst id="ATLAng">654.941333333333</dst>
            <dst id="CHINng">1369.84266666667</dst>
            <dst id="DNVRng">1714.848</dst>
            <dst id="HSTNng">73.3573333333333</dst>
            <dst id="IPLSng">169.869333333333</dst>
            <dst id="KSCYng">227.082666666667</dst>
            <dst id="LOSAng">132.362666666667</dst>
            <dst id="NYCMng">106.666666666667</dst>
            <dst id="SNVAng">764.610666666667</dst>
            <dst id="STTLng">330.208</dst>
            <dst id="WASHng">1100.008</dst>
        </src>
        <src id="ATLAng">
            <dst id="ATLA-M5">1281.072</dst>
            <dst id="ATLAng">37568.7546666667</dst>
            <dst id="CHINng">18450.7866666667</dst>
            <dst id="DNVRng">2113.216</dst>
            <dst id="HSTNng">1745.50933333333</dst>
            <dst id="IPLSng">18618.5333333333</dst>
            <dst id="KSCYng">3696.69333333333</dst>
            <dst id="LOSAng">24741.664</dst>
            <dst id="NYCMng">10946.9013333333</dst>
            <dst id="SNVAng">1044.28</dst>
            <dst id="STTLng">8818.432</dst>
            <dst id="WASHng">49245.4693333333</dst>
        </src>
        <src id="CHINng">
            <dst id="ATLA-M5">1479.31733333333</dst>
            <dst id="ATLAng">17853.8693333333</dst>
            <dst id="CHINng">82003.4213333333</dst>
            <dst id="DNVRng">15687.128</dst>
            <dst id="HSTNng">11651.416</dst>
            <dst id="IPLSng">58653.192</dst>
            <dst id="KSCYng">9869.37333333333</dst>
            <dst id="LOSAng">43119.0906666667</dst>
            <dst id="NYCMng">10872.5786666667</dst>
            <dst id="SNVAng">4358.88</dst>
            <dst id="STTLng">19854.648</dst>
            <dst id="WASHng">20546.168</dst>
        </src>
        <src id="DNVRng">
            <dst id="ATLA-M5">151.637333333333</dst>
            <dst id="ATLAng">2761.05066666667</dst>
            <dst id="CHINng">80623.328</dst>
            <dst id="DNVRng">13014.936</dst>
            <dst id="HSTNng">12257.8186666667</dst>
            <dst id="IPLSng">9056.144</dst>
            <dst id="KSCYng">17407.1866666667</dst>
            <dst id="LOSAng">7964.584</dst>
            <dst id="NYCMng">7633.36</dst>
            <dst id="SNVAng">12083.2666666667</dst>
            <dst id="STTLng">19131.4</dst>
            <dst id="WASHng">19788.8426666667</dst>
        </src>
        <src id="HSTNng">
            <dst id="ATLA-M5">3116.05333333333</dst>
            <dst id="ATLAng">5622.02933333333</dst>
            <dst id="CHINng">20639.76</dst>
            <dst id="DNVRng">1182.52</dst>
            <dst id="HSTNng">19834.8666666667</dst>
            <dst id="IPLSng">2668.752</dst>
            <dst id="KSCYng">6867.50933333333</dst>
            <dst id="LOSAng">5751.09333333333</dst>
            <dst id="NYCMng">2989.28266666667</dst>
            <dst id="SNVAng">125.245333333333</dst>
            <dst id="STTLng">3521.13333333333</dst>
            <dst id="WASHng">6867.10666666667</dst>
        </src>
        <src id="IPLSng">
            <dst id="ATLA-M5">495.218666666667</dst>
            <dst id="ATLAng">8628.05066666666</dst>
            <dst id="CHINng">58765.392</dst>
            <dst id="DNVRng">5614.58666666667</dst>
            <dst id="HSTNng">1373.91733333333</dst>
            <dst id="IPLSng">17814.6533333333</dst>
            <dst id="KSCYng">9644.39733333333</dst>
            <dst id="LOSAng">13981.608</dst>
            <dst id="NYCMng">5286.30666666667</dst>
            <dst id="SNVAng">999.432</dst>
            <dst id="STTLng">21450.672</dst>
            <dst id="WASHng">19474.536</dst>
        </src>
        <src id="KSCYng">
            <dst id="ATLA-M5">103.061333333333</dst>
            <dst id="ATLAng">5413.36</dst>
            <dst id="CHINng">35180.5893333333</dst>
            <dst id="DNVRng">8904.79733333333</dst>
            <dst id="HSTNng">3437.03466666667</dst>
            <dst id="IPLSng">17675.4426666667</dst>
            <dst id="KSCYng">14656.3146666667</dst>
            <dst id="LOSAng">9366.504</dst>
            <dst id="NYCMng">3386.96266666667</dst>
            <dst id="SNVAng">2120.24</dst>
            <dst id="STTLng">6216.088</dst>
            <dst id="WASHng">10830.2933333333</dst>
        </src>
        <src id="LOSAng">
            <dst id="ATLA-M5">201.528</dst>
            <dst id="ATLAng">39074.5333333333</dst>
            <dst id="CHINng">6526485.6</dst>
            <dst id="DNVRng">54498.3786666667</dst>
            <dst id="HSTNng">4312.776</dst>
            <dst id="IPLSng">9375.16266666667</dst>
            <dst id="KSCYng">8510.16266666667</dst>
            <dst id="LOSAng">11226.424</dst>
            <dst id="NYCMng">46560.0933333333</dst>
            <dst id="SNVAng">20025.6213333333</dst>
            <dst id="STTLng">58280.368</dst>
            <dst id="WASHng">41704.8746666667</dst>
        </src>
        <src id="NYCMng">
            <dst id="ATLA-M5">904.608</dst>
            <dst id="ATLAng">17962.8293333333</dst>
            <dst id="CHINng">30415.608</dst>
            <dst id="DNVRng">22158.2453333333</dst>
            <dst id="HSTNng">7251.304</dst>
            <dst id="IPLSng">18604.7813333333</dst>
            <dst id="KSCYng">11674.48</dst>
            <dst id="LOSAng">61540.9626666667</dst>
            <dst id="NYCMng">99211.9093333333</dst>
            <dst id="SNVAng">970.410666666667</dst>
            <dst id="STTLng">22516.8026666667</dst>
            <dst id="WASHng">51133.3466666667</dst>
        </src>
        <src id="SNVAng">
            <dst id="ATLA-M5">0</dst>
            <dst id="ATLAng">323.125333333333</dst>
            <dst id="CHINng">106.666666666667</dst>
            <dst id="DNVRng">824.290666666667</dst>
            <dst id="HSTNng">0</dst>
            <dst id="IPLSng">286.288</dst>
            <dst id="KSCYng">0</dst>
            <dst id="LOSAng">11338.1706666667</dst>
            <dst id="NYCMng">506.794666666667</dst>
            <dst id="SNVAng">9030.92266666667</dst>
            <dst id="STTLng">18412.5253333333</dst>
            <dst id="WASHng">57.2746666666667</dst>
        </src>
        <src id="STTLng">
            <dst id="ATLA-M5">439.981333333333</dst>
            <dst id="ATLAng">12299.2106666667</dst>
            <dst id="CHINng">28757.616</dst>
            <dst id="DNVRng">6224.49866666667</dst>
            <dst id="HSTNng">4159.112</dst>
            <dst id="IPLSng">14964.8906666667</dst>
            <dst id="KSCYng">7191.68266666666</dst>
            <dst id="LOSAng">43478.072</dst>
            <dst id="NYCMng">11247.3013333333</dst>
            <dst id="SNVAng">3477.98933333333</dst>
            <dst id="STTLng">20324.9253333333</dst>
            <dst id="WASHng">10203.2746666667</dst>
        </src>
        <src id="WASHng">
            <dst id="ATLA-M5">974.197333333333</dst>
            <dst id="ATLAng">109550.152</dst>
            <dst id="CHINng">72536.1786666667</dst>
            <dst id="DNVRng">66751.7893333333</dst>
            <dst id="HSTNng">31685.9946666667</dst>
            <dst id="IPLSng">54065.056</dst>
            <dst id="KSCYng">35984.3573333333</dst>
            <dst id="LOSAng">71513.6213333333</dst>
            <dst id="NYCMng">115766.538666667</dst>
            <dst id="SNVAng">4590.71733333333</dst>
            <dst id="STTLng">55429.6613333333</dst>
            <dst id="WASHng">348613.6</dst>
        </src>
    </IntraTM>
</TrafficMatrixFile>
