<?xml version="1.0" encoding="ISO-8859-1" standalone="yes"?>
<TrafficMatrixFile xsi:noNamespaceSchemaLocation="http://totem.run.montefiore.ulg.ac.be/Schema/TrafficMatrix-v1_2.xsd" xmlns:xsi="http://www.w3.org/2001/XMLSchema-instance">
    <IntraTM ASID="11537">
        <src id="ATLA-M5">
            <dst id="ATLA-M5">405.36</dst>
            <dst id="ATLAng">921.138666666667</dst>
            <dst id="CHINng">1345.144</dst>
            <dst id="DNVRng">263.664</dst>
            <dst id="HSTNng">247.258666666667</dst>
            <dst id="IPLSng">894.949333333333</dst>
            <dst id="KSCYng">469.504</dst>
            <dst id="LOSAng">26.6666666666667</dst>
            <dst id="NYCMng">1360.82933333333</dst>
            <dst id="SNVAng">46.0373333333333</dst>
            <dst id="STTLng">800.536</dst>
            <dst id="WASHng">1265.904</dst>
        </src>
        <src id="ATLAng">
            <dst id="ATLA-M5">673.824</dst>
            <dst id="ATLAng">35945.8773333333</dst>
            <dst id="CHINng">24828.728</dst>
            <dst id="DNVRng">5727.28</dst>
            <dst id="HSTNng">5583.41866666667</dst>
            <dst id="IPLSng">24750.2933333333</dst>
            <dst id="KSCYng">5104.72533333333</dst>
            <dst id="LOSAng">18147.2373333333</dst>
            <dst id="NYCMng">11814.5626666667</dst>
            <dst id="SNVAng">792.362666666667</dst>
            <dst id="STTLng">16403.4053333333</dst>
            <dst id="WASHng">43493.3013333333</dst>
        </src>
        <src id="CHINng">
            <dst id="ATLA-M5">1119.792</dst>
            <dst id="ATLAng">28882.28</dst>
            <dst id="CHINng">83565.64</dst>
            <dst id="DNVRng">9961.648</dst>
            <dst id="HSTNng">17476.56</dst>
            <dst id="IPLSng">85480.816</dst>
            <dst id="KSCYng">15217.1466666667</dst>
            <dst id="LOSAng">45674.4133333333</dst>
            <dst id="NYCMng">15622.744</dst>
            <dst id="SNVAng">4842.496</dst>
            <dst id="STTLng">26244.2906666667</dst>
            <dst id="WASHng">24990.8266666667</dst>
        </src>
        <src id="DNVRng">
            <dst id="ATLA-M5">2241.70666666667</dst>
            <dst id="ATLAng">8581.784</dst>
            <dst id="CHINng">28374.6026666667</dst>
            <dst id="DNVRng">13865.0613333333</dst>
            <dst id="HSTNng">15751.2373333333</dst>
            <dst id="IPLSng">10667.4746666667</dst>
            <dst id="KSCYng">21636.904</dst>
            <dst id="LOSAng">15503.4426666667</dst>
            <dst id="NYCMng">8181.36266666667</dst>
            <dst id="SNVAng">12628.5306666667</dst>
            <dst id="STTLng">28597.328</dst>
            <dst id="WASHng">35343.4586666667</dst>
        </src>
        <src id="HSTNng">
            <dst id="ATLA-M5">506.64</dst>
            <dst id="ATLAng">5722.11466666667</dst>
            <dst id="CHINng">17369.1226666667</dst>
            <dst id="DNVRng">2529.32</dst>
            <dst id="HSTNng">14620.3493333333</dst>
            <dst id="IPLSng">6770.568</dst>
            <dst id="KSCYng">10863.6373333333</dst>
            <dst id="LOSAng">3135.22933333333</dst>
            <dst id="NYCMng">3001.656</dst>
            <dst id="SNVAng">187.274666666667</dst>
            <dst id="STTLng">10771.8986666667</dst>
            <dst id="WASHng">6344.10133333333</dst>
        </src>
        <src id="IPLSng">
            <dst id="ATLA-M5">600.52</dst>
            <dst id="ATLAng">17205.808</dst>
            <dst id="CHINng">55121.344</dst>
            <dst id="DNVRng">8339.42133333333</dst>
            <dst id="HSTNng">5090.488</dst>
            <dst id="IPLSng">14129.5733333333</dst>
            <dst id="KSCYng">9535.67733333333</dst>
            <dst id="LOSAng">13955.9066666667</dst>
            <dst id="NYCMng">8355.52</dst>
            <dst id="SNVAng">1289.05066666667</dst>
            <dst id="STTLng">41125.912</dst>
            <dst id="WASHng">18146.2213333333</dst>
        </src>
        <src id="KSCYng">
            <dst id="ATLA-M5">1031.656</dst>
            <dst id="ATLAng">7044.32</dst>
            <dst id="CHINng">26811.336</dst>
            <dst id="DNVRng">9730.45333333333</dst>
            <dst id="HSTNng">7254.96533333333</dst>
            <dst id="IPLSng">19018.528</dst>
            <dst id="KSCYng">16022.9813333333</dst>
            <dst id="LOSAng">5385.59466666667</dst>
            <dst id="NYCMng">5804.28</dst>
            <dst id="SNVAng">2817.39733333333</dst>
            <dst id="STTLng">10060.232</dst>
            <dst id="WASHng">15740.344</dst>
        </src>
        <src id="LOSAng">
            <dst id="ATLA-M5">335.917333333333</dst>
            <dst id="ATLAng">12256.8613333333</dst>
            <dst id="CHINng">6357268.8</dst>
            <dst id="DNVRng">12708.52</dst>
            <dst id="HSTNng">5361.73066666667</dst>
            <dst id="IPLSng">29806.2346666667</dst>
            <dst id="KSCYng">6282.57866666667</dst>
            <dst id="LOSAng">17613.0106666667</dst>
            <dst id="NYCMng">49475.472</dst>
            <dst id="SNVAng">22077.1173333333</dst>
            <dst id="STTLng">67638.4186666667</dst>
            <dst id="WASHng">48068.2426666667</dst>
        </src>
        <src id="NYCMng">
            <dst id="ATLA-M5">3009.28</dst>
            <dst id="ATLAng">34643.84</dst>
            <dst id="CHINng">36751.7866666667</dst>
            <dst id="DNVRng">21668.5866666667</dst>
            <dst id="HSTNng">16668.792</dst>
            <dst id="IPLSng">26742.16</dst>
            <dst id="KSCYng">12709.6346666667</dst>
            <dst id="LOSAng">65571.2853333333</dst>
            <dst id="NYCMng">102610.301333333</dst>
            <dst id="SNVAng">9318.76533333333</dst>
            <dst id="STTLng">31916.12</dst>
            <dst id="WASHng">95525.7973333333</dst>
        </src>
        <src id="SNVAng">
            <dst id="ATLA-M5">0</dst>
            <dst id="ATLAng">248.746666666667</dst>
            <dst id="CHINng">80</dst>
            <dst id="DNVRng">1646.98933333333</dst>
            <dst id="HSTNng">0</dst>
            <dst id="IPLSng">332.877333333333</dst>
            <dst id="KSCYng">0</dst>
            <dst id="LOSAng">9775.37066666667</dst>
            <dst id="NYCMng">157.138666666667</dst>
            <dst id="SNVAng">8487.70933333333</dst>
            <dst id="STTLng">17250.1333333333</dst>
            <dst id="WASHng">112.437333333333</dst>
        </src>
        <src id="STTLng">
            <dst id="ATLA-M5">894.634666666667</dst>
            <dst id="ATLAng">24275.504</dst>
            <dst id="CHINng">39980.5306666667</dst>
            <dst id="DNVRng">31223.928</dst>
            <dst id="HSTNng">8931.63466666666</dst>
            <dst id="IPLSng">28261.816</dst>
            <dst id="KSCYng">22051.1093333333</dst>
            <dst id="LOSAng">45644.344</dst>
            <dst id="NYCMng">13361.9786666667</dst>
            <dst id="SNVAng">3408.09866666667</dst>
            <dst id="STTLng">30792.0186666667</dst>
            <dst id="WASHng">31549.784</dst>
        </src>
        <src id="WASHng">
            <dst id="ATLA-M5">1758.02133333333</dst>
            <dst id="ATLAng">92460.608</dst>
            <dst id="CHINng">82356.7946666667</dst>
            <dst id="DNVRng">68343.0266666667</dst>
            <dst id="HSTNng">34654.9226666667</dst>
            <dst id="IPLSng">43102.968</dst>
            <dst id="KSCYng">40757.136</dst>
            <dst id="LOSAng">73195.9493333333</dst>
            <dst id="NYCMng">152934.978666667</dst>
            <dst id="SNVAng">2004.48</dst>
            <dst id="STTLng">62809.496</dst>
            <dst id="WASHng">240205.085333333</dst>
        </src>
    </IntraTM>
</TrafficMatrixFile>
