<?xml version="1.0" encoding="ISO-8859-1" standalone="yes"?>
<TrafficMatrixFile xsi:noNamespaceSchemaLocation="http://totem.run.montefiore.ulg.ac.be/Schema/TrafficMatrix-v1_2.xsd" xmlns:xsi="http://www.w3.org/2001/XMLSchema-instance">
    <IntraTM ASID="11537">
        <src id="ATLA-M5">
            <dst id="ATLA-M5">160.408</dst>
            <dst id="ATLAng">504.749333333333</dst>
            <dst id="CHINng">671.613333333333</dst>
            <dst id="DNVRng">175.565333333333</dst>
            <dst id="HSTNng">523.613333333333</dst>
            <dst id="IPLSng">876.138666666667</dst>
            <dst id="KSCYng">602.781333333333</dst>
            <dst id="LOSAng">145.776</dst>
            <dst id="NYCMng">4750.352</dst>
            <dst id="SNVAng">38.7173333333333</dst>
            <dst id="STTLng">517.106666666667</dst>
            <dst id="WASHng">26138.6746666667</dst>
        </src>
        <src id="ATLAng">
            <dst id="ATLA-M5">1012.34133333333</dst>
            <dst id="ATLAng">48850.4666666667</dst>
            <dst id="CHINng">16705.328</dst>
            <dst id="DNVRng">10145.288</dst>
            <dst id="HSTNng">4780.50666666667</dst>
            <dst id="IPLSng">19107.0693333333</dst>
            <dst id="KSCYng">15454.52</dst>
            <dst id="LOSAng">16729.9533333333</dst>
            <dst id="NYCMng">21667.2666666667</dst>
            <dst id="SNVAng">398.014666666667</dst>
            <dst id="STTLng">14378.04</dst>
            <dst id="WASHng">42011.472</dst>
        </src>
        <src id="CHINng">
            <dst id="ATLA-M5">1747.13866666667</dst>
            <dst id="ATLAng">27074.2826666667</dst>
            <dst id="CHINng">130038.336</dst>
            <dst id="DNVRng">17688.024</dst>
            <dst id="HSTNng">16948.32</dst>
            <dst id="IPLSng">58035.9493333333</dst>
            <dst id="KSCYng">18786.9306666667</dst>
            <dst id="LOSAng">40753.6986666667</dst>
            <dst id="NYCMng">21985.68</dst>
            <dst id="SNVAng">10306.0533333333</dst>
            <dst id="STTLng">26555.5733333333</dst>
            <dst id="WASHng">41164.5706666667</dst>
        </src>
        <src id="DNVRng">
            <dst id="ATLA-M5">297.618666666667</dst>
            <dst id="ATLAng">9758.18133333333</dst>
            <dst id="CHINng">24670.1946666667</dst>
            <dst id="DNVRng">4573.21066666667</dst>
            <dst id="HSTNng">14343.1866666667</dst>
            <dst id="IPLSng">11467.896</dst>
            <dst id="KSCYng">13340.7573333333</dst>
            <dst id="LOSAng">10496.7226666667</dst>
            <dst id="NYCMng">8036.4</dst>
            <dst id="SNVAng">17694.232</dst>
            <dst id="STTLng">70637.2746666667</dst>
            <dst id="WASHng">18639.1066666667</dst>
        </src>
        <src id="HSTNng">
            <dst id="ATLA-M5">2409.57066666667</dst>
            <dst id="ATLAng">4026.936</dst>
            <dst id="CHINng">30499.752</dst>
            <dst id="DNVRng">2412.63733333333</dst>
            <dst id="HSTNng">13591.5093333333</dst>
            <dst id="IPLSng">6223.848</dst>
            <dst id="KSCYng">5980.74666666667</dst>
            <dst id="LOSAng">7824.96</dst>
            <dst id="NYCMng">2460.72</dst>
            <dst id="SNVAng">147.021333333333</dst>
            <dst id="STTLng">8513.08266666667</dst>
            <dst id="WASHng">23449.8853333333</dst>
        </src>
        <src id="IPLSng">
            <dst id="ATLA-M5">391.733333333333</dst>
            <dst id="ATLAng">20633.3573333333</dst>
            <dst id="CHINng">56403.2373333333</dst>
            <dst id="DNVRng">7772.59466666667</dst>
            <dst id="HSTNng">4554.55733333333</dst>
            <dst id="IPLSng">11418.1333333333</dst>
            <dst id="KSCYng">6949.296</dst>
            <dst id="LOSAng">12891</dst>
            <dst id="NYCMng">10570.1146666667</dst>
            <dst id="SNVAng">1390.672</dst>
            <dst id="STTLng">32335.7253333333</dst>
            <dst id="WASHng">18115.2746666667</dst>
        </src>
        <src id="KSCYng">
            <dst id="ATLA-M5">316.696</dst>
            <dst id="ATLAng">6790.392</dst>
            <dst id="CHINng">25020.2533333333</dst>
            <dst id="DNVRng">9209.47733333333</dst>
            <dst id="HSTNng">5816.87733333333</dst>
            <dst id="IPLSng">16262.152</dst>
            <dst id="KSCYng">10475.2133333333</dst>
            <dst id="LOSAng">7786.41866666667</dst>
            <dst id="NYCMng">6041.936</dst>
            <dst id="SNVAng">2349.31466666667</dst>
            <dst id="STTLng">11600.1306666667</dst>
            <dst id="WASHng">17597.3093333333</dst>
        </src>
        <src id="LOSAng">
            <dst id="ATLA-M5">121.557333333333</dst>
            <dst id="ATLAng">18531.352</dst>
            <dst id="CHINng">109145.754666667</dst>
            <dst id="DNVRng">14663.2586666667</dst>
            <dst id="HSTNng">51870.3173333333</dst>
            <dst id="IPLSng">48631.7466666667</dst>
            <dst id="KSCYng">11242.664</dst>
            <dst id="LOSAng">12045.5146666667</dst>
            <dst id="NYCMng">38713.2106666667</dst>
            <dst id="SNVAng">20074.5253333333</dst>
            <dst id="STTLng">66788.6373333333</dst>
            <dst id="WASHng">65995.3146666667</dst>
        </src>
        <src id="NYCMng">
            <dst id="ATLA-M5">711.714666666667</dst>
            <dst id="ATLAng">31681.7653333333</dst>
            <dst id="CHINng">32855.6746666667</dst>
            <dst id="DNVRng">23578.904</dst>
            <dst id="HSTNng">9305.432</dst>
            <dst id="IPLSng">27529.496</dst>
            <dst id="KSCYng">19182.5173333333</dst>
            <dst id="LOSAng">66955.6293333334</dst>
            <dst id="NYCMng">134910.538666667</dst>
            <dst id="SNVAng">5913.78133333333</dst>
            <dst id="STTLng">29324.096</dst>
            <dst id="WASHng">97590.3573333333</dst>
        </src>
        <src id="SNVAng">
            <dst id="ATLA-M5">26.6666666666667</dst>
            <dst id="ATLAng">1030.33866666667</dst>
            <dst id="CHINng">160</dst>
            <dst id="DNVRng">2471.88266666667</dst>
            <dst id="HSTNng">26.6666666666667</dst>
            <dst id="IPLSng">455.533333333333</dst>
            <dst id="KSCYng">26.6666666666667</dst>
            <dst id="LOSAng">8142.328</dst>
            <dst id="NYCMng">84.248</dst>
            <dst id="SNVAng">6362.12533333333</dst>
            <dst id="STTLng">15053.5066666667</dst>
            <dst id="WASHng">26.6666666666667</dst>
        </src>
        <src id="STTLng">
            <dst id="ATLA-M5">771.933333333334</dst>
            <dst id="ATLAng">31227.7973333333</dst>
            <dst id="CHINng">47529.3066666667</dst>
            <dst id="DNVRng">23802.632</dst>
            <dst id="HSTNng">18849.7306666667</dst>
            <dst id="IPLSng">56697.3813333333</dst>
            <dst id="KSCYng">27498.7893333333</dst>
            <dst id="LOSAng">62867.5333333333</dst>
            <dst id="NYCMng">13219.5306666667</dst>
            <dst id="SNVAng">9713.58666666667</dst>
            <dst id="STTLng">30467.5626666667</dst>
            <dst id="WASHng">40018.3253333333</dst>
        </src>
        <src id="WASHng">
            <dst id="ATLA-M5">2568.36266666667</dst>
            <dst id="ATLAng">56572.4666666667</dst>
            <dst id="CHINng">111484.08</dst>
            <dst id="DNVRng">51001.552</dst>
            <dst id="HSTNng">18558.328</dst>
            <dst id="IPLSng">70975.664</dst>
            <dst id="KSCYng">25200.1173333333</dst>
            <dst id="LOSAng">78936.1253333333</dst>
            <dst id="NYCMng">140791.616</dst>
            <dst id="SNVAng">9865.224</dst>
            <dst id="STTLng">45692.1493333333</dst>
            <dst id="WASHng">497060.16</dst>
        </src>
    </IntraTM>
</TrafficMatrixFile>
