<?xml version="1.0" encoding="ISO-8859-1" standalone="yes"?>
<TrafficMatrixFile xsi:noNamespaceSchemaLocation="http://totem.run.montefiore.ulg.ac.be/Schema/TrafficMatrix-v1_2.xsd" xmlns:xsi="http://www.w3.org/2001/XMLSchema-instance">
    <IntraTM ASID="11537">
        <src id="ATLA-M5">
            <dst id="ATLA-M5">0</dst>
            <dst id="ATLAng">999.84</dst>
            <dst id="CHINng">665.592</dst>
            <dst id="DNVRng">0</dst>
            <dst id="HSTNng">124.210666666667</dst>
            <dst id="IPLSng">420.445333333333</dst>
            <dst id="KSCYng">139.504</dst>
            <dst id="LOSAng">313.634666666667</dst>
            <dst id="NYCMng">1320.01866666667</dst>
            <dst id="SNVAng">18.28</dst>
            <dst id="STTLng">864.410666666667</dst>
            <dst id="WASHng">2041.64266666667</dst>
        </src>
        <src id="ATLAng">
            <dst id="ATLA-M5">247.578666666667</dst>
            <dst id="ATLAng">29719.3866666667</dst>
            <dst id="CHINng">13220.3093333333</dst>
            <dst id="DNVRng">6729.23466666667</dst>
            <dst id="HSTNng">12083.6266666667</dst>
            <dst id="IPLSng">16004.576</dst>
            <dst id="KSCYng">2035.97866666667</dst>
            <dst id="LOSAng">10583.38</dst>
            <dst id="NYCMng">10536.0346666667</dst>
            <dst id="SNVAng">608.82</dst>
            <dst id="STTLng">18256.016</dst>
            <dst id="WASHng">63033.5786666667</dst>
        </src>
        <src id="CHINng">
            <dst id="ATLA-M5">231.402666666667</dst>
            <dst id="ATLAng">17742.848</dst>
            <dst id="CHINng">146392.976</dst>
            <dst id="DNVRng">8773.06133333333</dst>
            <dst id="HSTNng">6056.512</dst>
            <dst id="IPLSng">50741.4533333333</dst>
            <dst id="KSCYng">10054.9013333333</dst>
            <dst id="LOSAng">21732.8346666667</dst>
            <dst id="NYCMng">31908.6133333333</dst>
            <dst id="SNVAng">3185.27733333333</dst>
            <dst id="STTLng">27875.3333333333</dst>
            <dst id="WASHng">17296.7413333333</dst>
        </src>
        <src id="DNVRng">
            <dst id="ATLA-M5">184.704</dst>
            <dst id="ATLAng">4809.98666666667</dst>
            <dst id="CHINng">29981.7573333333</dst>
            <dst id="DNVRng">3088.16</dst>
            <dst id="HSTNng">11667.0693333333</dst>
            <dst id="IPLSng">9143.79466666667</dst>
            <dst id="KSCYng">10750.552</dst>
            <dst id="LOSAng">4494.34933333333</dst>
            <dst id="NYCMng">15491.1653333333</dst>
            <dst id="SNVAng">16040.2533333333</dst>
            <dst id="STTLng">6324.88533333333</dst>
            <dst id="WASHng">36179.0693333333</dst>
        </src>
        <src id="HSTNng">
            <dst id="ATLA-M5">2724.23733333333</dst>
            <dst id="ATLAng">2893.008</dst>
            <dst id="CHINng">17613.9893333333</dst>
            <dst id="DNVRng">996.165333333333</dst>
            <dst id="HSTNng">9783.048</dst>
            <dst id="IPLSng">2062.57066666667</dst>
            <dst id="KSCYng">6135.432</dst>
            <dst id="LOSAng">4046.67466666667</dst>
            <dst id="NYCMng">3965.85066666667</dst>
            <dst id="SNVAng">2076.82933333333</dst>
            <dst id="STTLng">8466.016</dst>
            <dst id="WASHng">15634.224</dst>
        </src>
        <src id="IPLSng">
            <dst id="ATLA-M5">322.197333333333</dst>
            <dst id="ATLAng">8412.43466666667</dst>
            <dst id="CHINng">86415.8133333333</dst>
            <dst id="DNVRng">4350.18666666667</dst>
            <dst id="HSTNng">4500.30666666667</dst>
            <dst id="IPLSng">53389.6666666666</dst>
            <dst id="KSCYng">9396.89333333333</dst>
            <dst id="LOSAng">20778.0426666667</dst>
            <dst id="NYCMng">8873.73333333333</dst>
            <dst id="SNVAng">296.866666666667</dst>
            <dst id="STTLng">27767.8586666667</dst>
            <dst id="WASHng">27313.976</dst>
        </src>
        <src id="KSCYng">
            <dst id="ATLA-M5">175.810666666667</dst>
            <dst id="ATLAng">6060.04533333333</dst>
            <dst id="CHINng">32680.3413333333</dst>
            <dst id="DNVRng">7770.032</dst>
            <dst id="HSTNng">3613</dst>
            <dst id="IPLSng">8245.66666666667</dst>
            <dst id="KSCYng">5522.77333333333</dst>
            <dst id="LOSAng">4364.72533333333</dst>
            <dst id="NYCMng">6088.704</dst>
            <dst id="SNVAng">1730.26666666667</dst>
            <dst id="STTLng">20124.7066666667</dst>
            <dst id="WASHng">10138.5386666667</dst>
        </src>
        <src id="LOSAng">
            <dst id="ATLA-M5">66.72</dst>
            <dst id="ATLAng">17438.3413333333</dst>
            <dst id="CHINng">91039.4533333333</dst>
            <dst id="DNVRng">6534.34933333333</dst>
            <dst id="HSTNng">2177.66933333333</dst>
            <dst id="IPLSng">12481.456</dst>
            <dst id="KSCYng">3235.272</dst>
            <dst id="LOSAng">8218.11466666667</dst>
            <dst id="NYCMng">35500.5093333333</dst>
            <dst id="SNVAng">22052.6453333333</dst>
            <dst id="STTLng">43730.3653333333</dst>
            <dst id="WASHng">38757.4453333333</dst>
        </src>
        <src id="NYCMng">
            <dst id="ATLA-M5">309.586666666667</dst>
            <dst id="ATLAng">34211.2426666667</dst>
            <dst id="CHINng">33346.1093333333</dst>
            <dst id="DNVRng">19553.1546666667</dst>
            <dst id="HSTNng">8632.76533333333</dst>
            <dst id="IPLSng">17300.128</dst>
            <dst id="KSCYng">10998.216</dst>
            <dst id="LOSAng">38334.4426666667</dst>
            <dst id="NYCMng">113665.216</dst>
            <dst id="SNVAng">2052.71733333333</dst>
            <dst id="STTLng">22396.4746666667</dst>
            <dst id="WASHng">50260.1546666667</dst>
        </src>
        <src id="SNVAng">
            <dst id="ATLA-M5">0</dst>
            <dst id="ATLAng">53.3333333333333</dst>
            <dst id="CHINng">80</dst>
            <dst id="DNVRng">4895.176</dst>
            <dst id="HSTNng">273.877333333333</dst>
            <dst id="IPLSng">303.552</dst>
            <dst id="KSCYng">53.3333333333333</dst>
            <dst id="LOSAng">5578.02666666667</dst>
            <dst id="NYCMng">117.298666666667</dst>
            <dst id="SNVAng">6098.39733333333</dst>
            <dst id="STTLng">19230.9386666667</dst>
            <dst id="WASHng">178.090666666667</dst>
        </src>
        <src id="STTLng">
            <dst id="ATLA-M5">1893.46133333333</dst>
            <dst id="ATLAng">49594.9733333333</dst>
            <dst id="CHINng">86067.9733333333</dst>
            <dst id="DNVRng">5257.70666666667</dst>
            <dst id="HSTNng">14604.5066666667</dst>
            <dst id="IPLSng">61148.0026666667</dst>
            <dst id="KSCYng">44361.984</dst>
            <dst id="LOSAng">24207.6186666667</dst>
            <dst id="NYCMng">22505.472</dst>
            <dst id="SNVAng">1335.2</dst>
            <dst id="STTLng">13866.9573333333</dst>
            <dst id="WASHng">80751.856</dst>
        </src>
        <src id="WASHng">
            <dst id="ATLA-M5">1315.22133333333</dst>
            <dst id="ATLAng">113690.469333333</dst>
            <dst id="CHINng">63291.424</dst>
            <dst id="DNVRng">45770.6453333333</dst>
            <dst id="HSTNng">24828.9306666667</dst>
            <dst id="IPLSng">47679.5626666667</dst>
            <dst id="KSCYng">10127.152</dst>
            <dst id="LOSAng">76105.16</dst>
            <dst id="NYCMng">117701.778666667</dst>
            <dst id="SNVAng">4315.344</dst>
            <dst id="STTLng">59626.3466666667</dst>
            <dst id="WASHng">292367.786666667</dst>
        </src>
    </IntraTM>
</TrafficMatrixFile>
