<?xml version="1.0" encoding="ISO-8859-1" standalone="yes"?>
<TrafficMatrixFile xsi:noNamespaceSchemaLocation="http://totem.run.montefiore.ulg.ac.be/Schema/TrafficMatrix-v1_2.xsd" xmlns:xsi="http://www.w3.org/2001/XMLSchema-instance">
    <IntraTM ASID="11537">
        <src id="ATLA-M5">
            <dst id="ATLA-M5">131.613333333333</dst>
            <dst id="ATLAng">1722.97333333333</dst>
            <dst id="CHINng">1765.81066666667</dst>
            <dst id="DNVRng">53.3333333333333</dst>
            <dst id="HSTNng">714.256</dst>
            <dst id="IPLSng">2586.13066666667</dst>
            <dst id="KSCYng">299.754666666667</dst>
            <dst id="LOSAng">161.781333333333</dst>
            <dst id="NYCMng">1923.208</dst>
            <dst id="SNVAng">13.3333333333333</dst>
            <dst id="STTLng">977.882666666667</dst>
            <dst id="WASHng">1790.224</dst>
        </src>
        <src id="ATLAng">
            <dst id="ATLA-M5">1528.98133333333</dst>
            <dst id="ATLAng">69173.4133333333</dst>
            <dst id="CHINng">39243.3813333333</dst>
            <dst id="DNVRng">11959.176</dst>
            <dst id="HSTNng">26197.0426666667</dst>
            <dst id="IPLSng">28112.6826666667</dst>
            <dst id="KSCYng">13884.632</dst>
            <dst id="LOSAng">26209.556</dst>
            <dst id="NYCMng">13562.36</dst>
            <dst id="SNVAng">1673.99866666667</dst>
            <dst id="STTLng">21851.704</dst>
            <dst id="WASHng">52833.872</dst>
        </src>
        <src id="CHINng">
            <dst id="ATLA-M5">1840.77866666667</dst>
            <dst id="ATLAng">34842.32</dst>
            <dst id="CHINng">139417.872</dst>
            <dst id="DNVRng">20370.3866666667</dst>
            <dst id="HSTNng">20537.8586666667</dst>
            <dst id="IPLSng">84368.608</dst>
            <dst id="KSCYng">22851.9573333333</dst>
            <dst id="LOSAng">48457.3093333334</dst>
            <dst id="NYCMng">23636.248</dst>
            <dst id="SNVAng">6692.02666666667</dst>
            <dst id="STTLng">38562.736</dst>
            <dst id="WASHng">56886.5306666667</dst>
        </src>
        <src id="DNVRng">
            <dst id="ATLA-M5">495.698666666667</dst>
            <dst id="ATLAng">20938.4026666667</dst>
            <dst id="CHINng">43748.4426666667</dst>
            <dst id="DNVRng">18474.1493333333</dst>
            <dst id="HSTNng">17940.6933333333</dst>
            <dst id="IPLSng">20643.768</dst>
            <dst id="KSCYng">33680.76</dst>
            <dst id="LOSAng">19521.5946666667</dst>
            <dst id="NYCMng">8447.13066666667</dst>
            <dst id="SNVAng">27126.2293333333</dst>
            <dst id="STTLng">46593.3733333333</dst>
            <dst id="WASHng">26989.0106666667</dst>
        </src>
        <src id="HSTNng">
            <dst id="ATLA-M5">565.832</dst>
            <dst id="ATLAng">8760.99466666667</dst>
            <dst id="CHINng">20818.3013333333</dst>
            <dst id="DNVRng">7326.16266666667</dst>
            <dst id="HSTNng">26365.512</dst>
            <dst id="IPLSng">7727.14666666667</dst>
            <dst id="KSCYng">10067.912</dst>
            <dst id="LOSAng">5676.77066666667</dst>
            <dst id="NYCMng">6421.376</dst>
            <dst id="SNVAng">451.296</dst>
            <dst id="STTLng">13784.312</dst>
            <dst id="WASHng">35277.7093333333</dst>
        </src>
        <src id="IPLSng">
            <dst id="ATLA-M5">3515.224</dst>
            <dst id="ATLAng">20780.624</dst>
            <dst id="CHINng">89105.1333333333</dst>
            <dst id="DNVRng">39197.9813333333</dst>
            <dst id="HSTNng">18292.7733333333</dst>
            <dst id="IPLSng">30867.488</dst>
            <dst id="KSCYng">24178.5573333333</dst>
            <dst id="LOSAng">22571.04</dst>
            <dst id="NYCMng">15092.8533333333</dst>
            <dst id="SNVAng">3953.928</dst>
            <dst id="STTLng">28603.5226666667</dst>
            <dst id="WASHng">63080.624</dst>
        </src>
        <src id="KSCYng">
            <dst id="ATLA-M5">636.922666666667</dst>
            <dst id="ATLAng">11864.2773333333</dst>
            <dst id="CHINng">35871.9413333333</dst>
            <dst id="DNVRng">11447.7573333333</dst>
            <dst id="HSTNng">4949.88</dst>
            <dst id="IPLSng">19178.4853333333</dst>
            <dst id="KSCYng">10254.0586666667</dst>
            <dst id="LOSAng">6642.56</dst>
            <dst id="NYCMng">12997.1013333333</dst>
            <dst id="SNVAng">3699.488</dst>
            <dst id="STTLng">15142.5893333333</dst>
            <dst id="WASHng">18844.3573333333</dst>
        </src>
        <src id="LOSAng">
            <dst id="ATLA-M5">294.872</dst>
            <dst id="ATLAng">44909.6586666667</dst>
            <dst id="CHINng">103813.410666667</dst>
            <dst id="DNVRng">68861.328</dst>
            <dst id="HSTNng">17817.6853333333</dst>
            <dst id="IPLSng">45506.7066666667</dst>
            <dst id="KSCYng">19129.664</dst>
            <dst id="LOSAng">12293.1013333333</dst>
            <dst id="NYCMng">61685.5066666667</dst>
            <dst id="SNVAng">19892.8186666667</dst>
            <dst id="STTLng">53898.416</dst>
            <dst id="WASHng">87761.6773333333</dst>
        </src>
        <src id="NYCMng">
            <dst id="ATLA-M5">1702.02666666667</dst>
            <dst id="ATLAng">49733.4266666667</dst>
            <dst id="CHINng">38772.6986666667</dst>
            <dst id="DNVRng">35430.728</dst>
            <dst id="HSTNng">28548.7173333333</dst>
            <dst id="IPLSng">52524.4773333333</dst>
            <dst id="KSCYng">24021.2826666667</dst>
            <dst id="LOSAng">61387.2133333333</dst>
            <dst id="NYCMng">103950.066666667</dst>
            <dst id="SNVAng">5179.64533333333</dst>
            <dst id="STTLng">32714.648</dst>
            <dst id="WASHng">164605.816</dst>
        </src>
        <src id="SNVAng">
            <dst id="ATLA-M5">0</dst>
            <dst id="ATLAng">133.333333333333</dst>
            <dst id="CHINng">80</dst>
            <dst id="DNVRng">14998.7706666667</dst>
            <dst id="HSTNng">228.32</dst>
            <dst id="IPLSng">637.253333333333</dst>
            <dst id="KSCYng">112.872</dst>
            <dst id="LOSAng">11367.984</dst>
            <dst id="NYCMng">134.573333333333</dst>
            <dst id="SNVAng">13313.5173333333</dst>
            <dst id="STTLng">22301.5706666667</dst>
            <dst id="WASHng">238.237333333333</dst>
        </src>
        <src id="STTLng">
            <dst id="ATLA-M5">7411.176</dst>
            <dst id="ATLAng">80254.6853333333</dst>
            <dst id="CHINng">118306.592</dst>
            <dst id="DNVRng">37253.8586666667</dst>
            <dst id="HSTNng">41861.0453333333</dst>
            <dst id="IPLSng">102353.402666667</dst>
            <dst id="KSCYng">74819.0346666667</dst>
            <dst id="LOSAng">14386.9226666667</dst>
            <dst id="NYCMng">32216.608</dst>
            <dst id="SNVAng">12945.3786666667</dst>
            <dst id="STTLng">47658.6</dst>
            <dst id="WASHng">118068.149333333</dst>
        </src>
        <src id="WASHng">
            <dst id="ATLA-M5">13904.448</dst>
            <dst id="ATLAng">141113.349333333</dst>
            <dst id="CHINng">113991.917333333</dst>
            <dst id="DNVRng">91254.1946666667</dst>
            <dst id="HSTNng">53138.0826666667</dst>
            <dst id="IPLSng">98239.0133333333</dst>
            <dst id="KSCYng">27478.792</dst>
            <dst id="LOSAng">91122.7866666666</dst>
            <dst id="NYCMng">252579.992</dst>
            <dst id="SNVAng">14084.88</dst>
            <dst id="STTLng">50239.7013333333</dst>
            <dst id="WASHng">324060.586666667</dst>
        </src>
    </IntraTM>
</TrafficMatrixFile>
