<?xml version="1.0" encoding="ISO-8859-1" standalone="yes"?>
<TrafficMatrixFile xsi:noNamespaceSchemaLocation="http://totem.run.montefiore.ulg.ac.be/Schema/TrafficMatrix-v1_2.xsd" xmlns:xsi="http://www.w3.org/2001/XMLSchema-instance">
    <IntraTM ASID="11537">
        <src id="ATLA-M5">
            <dst id="ATLA-M5">0</dst>
            <dst id="ATLAng">201.456</dst>
            <dst id="CHINng">794.32</dst>
            <dst id="DNVRng">0</dst>
            <dst id="HSTNng">179.914666666667</dst>
            <dst id="IPLSng">431.186666666667</dst>
            <dst id="KSCYng">216.050666666667</dst>
            <dst id="LOSAng">70.152</dst>
            <dst id="NYCMng">1600.38133333333</dst>
            <dst id="SNVAng">13.3333333333333</dst>
            <dst id="STTLng">321.594666666667</dst>
            <dst id="WASHng">1406.04533333333</dst>
        </src>
        <src id="ATLAng">
            <dst id="ATLA-M5">437.026666666667</dst>
            <dst id="ATLAng">38430.3333333333</dst>
            <dst id="CHINng">12429.8026666667</dst>
            <dst id="DNVRng">2327.41866666667</dst>
            <dst id="HSTNng">25654.056</dst>
            <dst id="IPLSng">12793.9173333333</dst>
            <dst id="KSCYng">2348.14933333333</dst>
            <dst id="LOSAng">19100.9453333333</dst>
            <dst id="NYCMng">4938.56266666667</dst>
            <dst id="SNVAng">420.073333333333</dst>
            <dst id="STTLng">7120.29333333333</dst>
            <dst id="WASHng">45027.7333333333</dst>
        </src>
        <src id="CHINng">
            <dst id="ATLA-M5">132.293333333333</dst>
            <dst id="ATLAng">14964.3653333333</dst>
            <dst id="CHINng">128796.922666667</dst>
            <dst id="DNVRng">5540.91733333333</dst>
            <dst id="HSTNng">6902.912</dst>
            <dst id="IPLSng">63312.3413333333</dst>
            <dst id="KSCYng">21123.24</dst>
            <dst id="LOSAng">29217.4186666667</dst>
            <dst id="NYCMng">14312.528</dst>
            <dst id="SNVAng">4516.22933333333</dst>
            <dst id="STTLng">14000.5146666667</dst>
            <dst id="WASHng">13030.848</dst>
        </src>
        <src id="DNVRng">
            <dst id="ATLA-M5">140.586666666667</dst>
            <dst id="ATLAng">4587.89066666667</dst>
            <dst id="CHINng">54332.6666666667</dst>
            <dst id="DNVRng">17003.0826666667</dst>
            <dst id="HSTNng">14284.096</dst>
            <dst id="IPLSng">8097.03733333333</dst>
            <dst id="KSCYng">25754.8986666667</dst>
            <dst id="LOSAng">9835.2</dst>
            <dst id="NYCMng">6526.04533333333</dst>
            <dst id="SNVAng">8376.24266666667</dst>
            <dst id="STTLng">16912.6773333333</dst>
            <dst id="WASHng">21221.4106666667</dst>
        </src>
        <src id="HSTNng">
            <dst id="ATLA-M5">3763.536</dst>
            <dst id="ATLAng">5416.26666666667</dst>
            <dst id="CHINng">24731.8373333333</dst>
            <dst id="DNVRng">1221.98133333333</dst>
            <dst id="HSTNng">19845.968</dst>
            <dst id="IPLSng">2561.45066666667</dst>
            <dst id="KSCYng">11226.2</dst>
            <dst id="LOSAng">2812.59733333333</dst>
            <dst id="NYCMng">3846.56266666667</dst>
            <dst id="SNVAng">0</dst>
            <dst id="STTLng">5123.216</dst>
            <dst id="WASHng">10327.408</dst>
        </src>
        <src id="IPLSng">
            <dst id="ATLA-M5">152.298666666667</dst>
            <dst id="ATLAng">4782.312</dst>
            <dst id="CHINng">57391.864</dst>
            <dst id="DNVRng">4369.68533333333</dst>
            <dst id="HSTNng">907.565333333333</dst>
            <dst id="IPLSng">6917.392</dst>
            <dst id="KSCYng">9673.62666666667</dst>
            <dst id="LOSAng">13200.2586666667</dst>
            <dst id="NYCMng">8175.77066666667</dst>
            <dst id="SNVAng">735.224</dst>
            <dst id="STTLng">13056.0426666667</dst>
            <dst id="WASHng">30591.4106666667</dst>
        </src>
        <src id="KSCYng">
            <dst id="ATLA-M5">275.538666666667</dst>
            <dst id="ATLAng">3938.98133333333</dst>
            <dst id="CHINng">28938.2186666667</dst>
            <dst id="DNVRng">8514.87466666667</dst>
            <dst id="HSTNng">3793.16</dst>
            <dst id="IPLSng">16205.6506666667</dst>
            <dst id="KSCYng">19105.5066666667</dst>
            <dst id="LOSAng">4745.94933333333</dst>
            <dst id="NYCMng">3789.96266666667</dst>
            <dst id="SNVAng">2201.11733333333</dst>
            <dst id="STTLng">13928.328</dst>
            <dst id="WASHng">9894.208</dst>
        </src>
        <src id="LOSAng">
            <dst id="ATLA-M5">0</dst>
            <dst id="ATLAng">6897.85866666667</dst>
            <dst id="CHINng">90777.0053333333</dst>
            <dst id="DNVRng">9188.61333333333</dst>
            <dst id="HSTNng">1417.728</dst>
            <dst id="IPLSng">21942.9093333333</dst>
            <dst id="KSCYng">2789.512</dst>
            <dst id="LOSAng">10406.0533333333</dst>
            <dst id="NYCMng">26083.0586666667</dst>
            <dst id="SNVAng">20576.7226666667</dst>
            <dst id="STTLng">48018.1173333333</dst>
            <dst id="WASHng">75173.536</dst>
        </src>
        <src id="NYCMng">
            <dst id="ATLA-M5">1602.01866666667</dst>
            <dst id="ATLAng">27398.296</dst>
            <dst id="CHINng">31006.04</dst>
            <dst id="DNVRng">13253.7733333333</dst>
            <dst id="HSTNng">5078.64266666667</dst>
            <dst id="IPLSng">14990.4693333333</dst>
            <dst id="KSCYng">9945.28</dst>
            <dst id="LOSAng">40115.1066666667</dst>
            <dst id="NYCMng">88450.6053333333</dst>
            <dst id="SNVAng">3151.75466666667</dst>
            <dst id="STTLng">17260.048</dst>
            <dst id="WASHng">61154.0693333334</dst>
        </src>
        <src id="SNVAng">
            <dst id="ATLA-M5">0</dst>
            <dst id="ATLAng">80</dst>
            <dst id="CHINng">53.3333333333333</dst>
            <dst id="DNVRng">683.029333333333</dst>
            <dst id="HSTNng">48.96</dst>
            <dst id="IPLSng">321.946666666667</dst>
            <dst id="KSCYng">53.3333333333333</dst>
            <dst id="LOSAng">4632.43466666667</dst>
            <dst id="NYCMng">226.986666666667</dst>
            <dst id="SNVAng">5843.62133333333</dst>
            <dst id="STTLng">15625.7173333333</dst>
            <dst id="WASHng">135.186666666667</dst>
        </src>
        <src id="STTLng">
            <dst id="ATLA-M5">317.68</dst>
            <dst id="ATLAng">9865.88</dst>
            <dst id="CHINng">28521.2666666667</dst>
            <dst id="DNVRng">71405.512</dst>
            <dst id="HSTNng">2531.41333333333</dst>
            <dst id="IPLSng">6229.464</dst>
            <dst id="KSCYng">3493.68</dst>
            <dst id="LOSAng">26107.9706666667</dst>
            <dst id="NYCMng">5783.85866666667</dst>
            <dst id="SNVAng">1340.49333333333</dst>
            <dst id="STTLng">25940.048</dst>
            <dst id="WASHng">7688.58666666667</dst>
        </src>
        <src id="WASHng">
            <dst id="ATLA-M5">273.394666666667</dst>
            <dst id="ATLAng">82636.888</dst>
            <dst id="CHINng">76556.2133333333</dst>
            <dst id="DNVRng">76981.7786666667</dst>
            <dst id="HSTNng">20340.8746666667</dst>
            <dst id="IPLSng">37419.52</dst>
            <dst id="KSCYng">22194.3013333333</dst>
            <dst id="LOSAng">81359.6133333333</dst>
            <dst id="NYCMng">116407.925333333</dst>
            <dst id="SNVAng">5508.62666666667</dst>
            <dst id="STTLng">33154.1413333333</dst>
            <dst id="WASHng">266878.853333333</dst>
        </src>
    </IntraTM>
</TrafficMatrixFile>
