<?xml version="1.0" encoding="ISO-8859-1" standalone="yes"?>
<TrafficMatrixFile xsi:noNamespaceSchemaLocation="http://totem.run.montefiore.ulg.ac.be/Schema/TrafficMatrix-v1_2.xsd" xmlns:xsi="http://www.w3.org/2001/XMLSchema-instance">
    <IntraTM ASID="11537">
        <src id="ATLA-M5">
            <dst id="ATLA-M5">102.610666666667</dst>
            <dst id="ATLAng">1557.28266666667</dst>
            <dst id="CHINng">1038.63466666667</dst>
            <dst id="DNVRng">117.890666666667</dst>
            <dst id="HSTNng">231.816</dst>
            <dst id="IPLSng">593.154666666667</dst>
            <dst id="KSCYng">330.986666666667</dst>
            <dst id="LOSAng">166.872</dst>
            <dst id="NYCMng">1383.032</dst>
            <dst id="SNVAng">13.3333333333333</dst>
            <dst id="STTLng">724.149333333333</dst>
            <dst id="WASHng">1660.13333333333</dst>
        </src>
        <src id="ATLAng">
            <dst id="ATLA-M5">1339.00533333333</dst>
            <dst id="ATLAng">46909.0933333333</dst>
            <dst id="CHINng">37887.8266666667</dst>
            <dst id="DNVRng">6644.74133333333</dst>
            <dst id="HSTNng">6753.59733333333</dst>
            <dst id="IPLSng">20322.3173333333</dst>
            <dst id="KSCYng">4963.64533333333</dst>
            <dst id="LOSAng">22695.4053333333</dst>
            <dst id="NYCMng">6626.40266666667</dst>
            <dst id="SNVAng">471.749333333333</dst>
            <dst id="STTLng">11022.2186666667</dst>
            <dst id="WASHng">33147.488</dst>
        </src>
        <src id="CHINng">
            <dst id="ATLA-M5">2680.02666666667</dst>
            <dst id="ATLAng">27361.3493333333</dst>
            <dst id="CHINng">75503.1653333334</dst>
            <dst id="DNVRng">23142.576</dst>
            <dst id="HSTNng">12725.8266666667</dst>
            <dst id="IPLSng">46728.8986666667</dst>
            <dst id="KSCYng">18097.224</dst>
            <dst id="LOSAng">51887.872</dst>
            <dst id="NYCMng">17968.568</dst>
            <dst id="SNVAng">4980.288</dst>
            <dst id="STTLng">27922.8746666667</dst>
            <dst id="WASHng">29872.8213333333</dst>
        </src>
        <src id="DNVRng">
            <dst id="ATLA-M5">375.965333333333</dst>
            <dst id="ATLAng">6050.52533333333</dst>
            <dst id="CHINng">35247.5386666667</dst>
            <dst id="DNVRng">14498.2026666667</dst>
            <dst id="HSTNng">16874.72</dst>
            <dst id="IPLSng">14290.7146666667</dst>
            <dst id="KSCYng">47989.1973333333</dst>
            <dst id="LOSAng">17688.328</dst>
            <dst id="NYCMng">8766.85866666667</dst>
            <dst id="SNVAng">31539.3466666667</dst>
            <dst id="STTLng">36606.5466666667</dst>
            <dst id="WASHng">26494.6026666667</dst>
        </src>
        <src id="HSTNng">
            <dst id="ATLA-M5">941.248</dst>
            <dst id="ATLAng">4936.208</dst>
            <dst id="CHINng">19522.1573333333</dst>
            <dst id="DNVRng">9048.016</dst>
            <dst id="HSTNng">12459.968</dst>
            <dst id="IPLSng">5468.57866666667</dst>
            <dst id="KSCYng">11512.8266666667</dst>
            <dst id="LOSAng">10565.3226666667</dst>
            <dst id="NYCMng">3158.20266666667</dst>
            <dst id="SNVAng">47.328</dst>
            <dst id="STTLng">7104.12</dst>
            <dst id="WASHng">12467.4053333333</dst>
        </src>
        <src id="IPLSng">
            <dst id="ATLA-M5">365.146666666667</dst>
            <dst id="ATLAng">17056.7306666667</dst>
            <dst id="CHINng">39571.9466666667</dst>
            <dst id="DNVRng">20367.84</dst>
            <dst id="HSTNng">5886.51466666667</dst>
            <dst id="IPLSng">9734.26933333333</dst>
            <dst id="KSCYng">17462.2826666667</dst>
            <dst id="LOSAng">12540.9493333333</dst>
            <dst id="NYCMng">10199.192</dst>
            <dst id="SNVAng">2228.352</dst>
            <dst id="STTLng">32626.1893333333</dst>
            <dst id="WASHng">21967.424</dst>
        </src>
        <src id="KSCYng">
            <dst id="ATLA-M5">552.44</dst>
            <dst id="ATLAng">7376.44</dst>
            <dst id="CHINng">21983.784</dst>
            <dst id="DNVRng">10126.2373333333</dst>
            <dst id="HSTNng">3806.96533333333</dst>
            <dst id="IPLSng">21238.7626666667</dst>
            <dst id="KSCYng">16985.4586666667</dst>
            <dst id="LOSAng">5328.66133333333</dst>
            <dst id="NYCMng">9833.856</dst>
            <dst id="SNVAng">3378.45066666667</dst>
            <dst id="STTLng">12774.6586666667</dst>
            <dst id="WASHng">17876.8133333333</dst>
        </src>
        <src id="LOSAng">
            <dst id="ATLA-M5">1118.872</dst>
            <dst id="ATLAng">13946.8426666667</dst>
            <dst id="CHINng">78686.9146666667</dst>
            <dst id="DNVRng">28763.0506666667</dst>
            <dst id="HSTNng">5989.18666666667</dst>
            <dst id="IPLSng">36662.8693333333</dst>
            <dst id="KSCYng">7883.304</dst>
            <dst id="LOSAng">19619.8906666667</dst>
            <dst id="NYCMng">37718.04</dst>
            <dst id="SNVAng">18043.328</dst>
            <dst id="STTLng">58983.8213333333</dst>
            <dst id="WASHng">61920.1066666667</dst>
        </src>
        <src id="NYCMng">
            <dst id="ATLA-M5">1993.28</dst>
            <dst id="ATLAng">27628.48</dst>
            <dst id="CHINng">33458.768</dst>
            <dst id="DNVRng">19265.192</dst>
            <dst id="HSTNng">12837.32</dst>
            <dst id="IPLSng">25760.5226666667</dst>
            <dst id="KSCYng">11059.8026666667</dst>
            <dst id="LOSAng">64693.7626666667</dst>
            <dst id="NYCMng">85297.032</dst>
            <dst id="SNVAng">2783.35733333333</dst>
            <dst id="STTLng">27479.624</dst>
            <dst id="WASHng">85305.3146666667</dst>
        </src>
        <src id="SNVAng">
            <dst id="ATLA-M5">0</dst>
            <dst id="ATLAng">612.266666666667</dst>
            <dst id="CHINng">26.6666666666667</dst>
            <dst id="DNVRng">6490.50666666667</dst>
            <dst id="HSTNng">0</dst>
            <dst id="IPLSng">400.725333333333</dst>
            <dst id="KSCYng">65.1333333333333</dst>
            <dst id="LOSAng">8204.192</dst>
            <dst id="NYCMng">319.968</dst>
            <dst id="SNVAng">6616.36</dst>
            <dst id="STTLng">17019.3893333333</dst>
            <dst id="WASHng">191.392</dst>
        </src>
        <src id="STTLng">
            <dst id="ATLA-M5">1010.51466666667</dst>
            <dst id="ATLAng">26273.4346666667</dst>
            <dst id="CHINng">29981.0533333333</dst>
            <dst id="DNVRng">16537.2053333333</dst>
            <dst id="HSTNng">7227.4</dst>
            <dst id="IPLSng">38761.6293333333</dst>
            <dst id="KSCYng">27033.1813333333</dst>
            <dst id="LOSAng">41714.736</dst>
            <dst id="NYCMng">10023.36</dst>
            <dst id="SNVAng">3187.30666666667</dst>
            <dst id="STTLng">30099.5466666667</dst>
            <dst id="WASHng">43206.56</dst>
        </src>
        <src id="WASHng">
            <dst id="ATLA-M5">1622.12</dst>
            <dst id="ATLAng">117858.352</dst>
            <dst id="CHINng">90868.656</dst>
            <dst id="DNVRng">69764.7253333333</dst>
            <dst id="HSTNng">33103.1653333333</dst>
            <dst id="IPLSng">56838.9386666667</dst>
            <dst id="KSCYng">32572.864</dst>
            <dst id="LOSAng">73964.2</dst>
            <dst id="NYCMng">147458.413333333</dst>
            <dst id="SNVAng">6306.408</dst>
            <dst id="STTLng">53675.3653333333</dst>
            <dst id="WASHng">247808.013333333</dst>
        </src>
    </IntraTM>
</TrafficMatrixFile>
