<?xml version="1.0" encoding="ISO-8859-1" standalone="yes"?>
<TrafficMatrixFile xsi:noNamespaceSchemaLocation="http://totem.run.montefiore.ulg.ac.be/Schema/TrafficMatrix-v1_2.xsd" xmlns:xsi="http://www.w3.org/2001/XMLSchema-instance">
    <IntraTM ASID="11537">
        <src id="ATLA-M5">
            <dst id="ATLA-M5">0</dst>
            <dst id="ATLAng">1152.76</dst>
            <dst id="CHINng">823.568</dst>
            <dst id="DNVRng">275.861333333333</dst>
            <dst id="HSTNng">362.370666666667</dst>
            <dst id="IPLSng">2101.40533333333</dst>
            <dst id="KSCYng">1055.90933333333</dst>
            <dst id="LOSAng">106.666666666667</dst>
            <dst id="NYCMng">1189.21066666667</dst>
            <dst id="SNVAng">0</dst>
            <dst id="STTLng">1050.4</dst>
            <dst id="WASHng">1000.74666666667</dst>
        </src>
        <src id="ATLAng">
            <dst id="ATLA-M5">1069.86933333333</dst>
            <dst id="ATLAng">46059.1893333333</dst>
            <dst id="CHINng">17465.4773333333</dst>
            <dst id="DNVRng">5760.336</dst>
            <dst id="HSTNng">7079.33866666667</dst>
            <dst id="IPLSng">17939.048</dst>
            <dst id="KSCYng">5512.46666666667</dst>
            <dst id="LOSAng">17052.1746666667</dst>
            <dst id="NYCMng">9233.93066666667</dst>
            <dst id="SNVAng">530.886666666667</dst>
            <dst id="STTLng">16438.4053333333</dst>
            <dst id="WASHng">33978.312</dst>
        </src>
        <src id="CHINng">
            <dst id="ATLA-M5">2060.02666666667</dst>
            <dst id="ATLAng">32389.152</dst>
            <dst id="CHINng">91578.3173333333</dst>
            <dst id="DNVRng">16690.7093333333</dst>
            <dst id="HSTNng">27679.7493333333</dst>
            <dst id="IPLSng">53323.2506666667</dst>
            <dst id="KSCYng">16017.4746666667</dst>
            <dst id="LOSAng">46338.552</dst>
            <dst id="NYCMng">14068.7653333333</dst>
            <dst id="SNVAng">5776.19733333333</dst>
            <dst id="STTLng">24035.5573333333</dst>
            <dst id="WASHng">51615.2453333333</dst>
        </src>
        <src id="DNVRng">
            <dst id="ATLA-M5">197.92</dst>
            <dst id="ATLAng">15568.7306666667</dst>
            <dst id="CHINng">66161.6746666667</dst>
            <dst id="DNVRng">19958.6426666667</dst>
            <dst id="HSTNng">17190.52</dst>
            <dst id="IPLSng">15579.3146666667</dst>
            <dst id="KSCYng">17700.72</dst>
            <dst id="LOSAng">12457.6986666667</dst>
            <dst id="NYCMng">18393.5013333333</dst>
            <dst id="SNVAng">11714.712</dst>
            <dst id="STTLng">30198.2666666667</dst>
            <dst id="WASHng">25334.032</dst>
        </src>
        <src id="HSTNng">
            <dst id="ATLA-M5">4479.20533333333</dst>
            <dst id="ATLAng">5658.68533333333</dst>
            <dst id="CHINng">17271.8746666667</dst>
            <dst id="DNVRng">1837.40266666667</dst>
            <dst id="HSTNng">17409.624</dst>
            <dst id="IPLSng">7195.75466666667</dst>
            <dst id="KSCYng">10907.5386666667</dst>
            <dst id="LOSAng">32468.3546666667</dst>
            <dst id="NYCMng">2946.864</dst>
            <dst id="SNVAng">163.752</dst>
            <dst id="STTLng">7655.04533333333</dst>
            <dst id="WASHng">18588.4106666667</dst>
        </src>
        <src id="IPLSng">
            <dst id="ATLA-M5">308.149333333333</dst>
            <dst id="ATLAng">9820.26133333333</dst>
            <dst id="CHINng">49395.584</dst>
            <dst id="DNVRng">9082.984</dst>
            <dst id="HSTNng">3487.304</dst>
            <dst id="IPLSng">11680.5066666667</dst>
            <dst id="KSCYng">14400.4373333333</dst>
            <dst id="LOSAng">18014.5466666667</dst>
            <dst id="NYCMng">7800.57866666667</dst>
            <dst id="SNVAng">1030.6</dst>
            <dst id="STTLng">39461.68</dst>
            <dst id="WASHng">22996.6266666667</dst>
        </src>
        <src id="KSCYng">
            <dst id="ATLA-M5">339.149333333333</dst>
            <dst id="ATLAng">9219.47466666667</dst>
            <dst id="CHINng">25453.4933333333</dst>
            <dst id="DNVRng">9891.18933333333</dst>
            <dst id="HSTNng">5485.656</dst>
            <dst id="IPLSng">26299.096</dst>
            <dst id="KSCYng">21738.4293333333</dst>
            <dst id="LOSAng">5755.44266666667</dst>
            <dst id="NYCMng">5439.64533333333</dst>
            <dst id="SNVAng">2816.384</dst>
            <dst id="STTLng">12095.1466666667</dst>
            <dst id="WASHng">23684.984</dst>
        </src>
        <src id="LOSAng">
            <dst id="ATLA-M5">353.584</dst>
            <dst id="ATLAng">11942.52</dst>
            <dst id="CHINng">6407060.26666667</dst>
            <dst id="DNVRng">23033.096</dst>
            <dst id="HSTNng">13838.824</dst>
            <dst id="IPLSng">29917.3866666667</dst>
            <dst id="KSCYng">5245.49066666667</dst>
            <dst id="LOSAng">19793.9253333333</dst>
            <dst id="NYCMng">49496.96</dst>
            <dst id="SNVAng">23421.1546666667</dst>
            <dst id="STTLng">60678.9573333333</dst>
            <dst id="WASHng">57266.5546666667</dst>
        </src>
        <src id="NYCMng">
            <dst id="ATLA-M5">357.029333333333</dst>
            <dst id="ATLAng">28618.7466666667</dst>
            <dst id="CHINng">28506.296</dst>
            <dst id="DNVRng">20725.928</dst>
            <dst id="HSTNng">21194.4986666667</dst>
            <dst id="IPLSng">27491.232</dst>
            <dst id="KSCYng">13463.552</dst>
            <dst id="LOSAng">77454.1253333333</dst>
            <dst id="NYCMng">88729.5626666667</dst>
            <dst id="SNVAng">2718.53866666667</dst>
            <dst id="STTLng">28619.5386666667</dst>
            <dst id="WASHng">108640.84</dst>
        </src>
        <src id="SNVAng">
            <dst id="ATLA-M5">0</dst>
            <dst id="ATLAng">53.3333333333333</dst>
            <dst id="CHINng">26.6666666666667</dst>
            <dst id="DNVRng">1668.01066666667</dst>
            <dst id="HSTNng">0</dst>
            <dst id="IPLSng">611.68</dst>
            <dst id="KSCYng">26.6666666666667</dst>
            <dst id="LOSAng">7362.952</dst>
            <dst id="NYCMng">320.837333333333</dst>
            <dst id="SNVAng">9925.70666666667</dst>
            <dst id="STTLng">27207.392</dst>
            <dst id="WASHng">106.666666666667</dst>
        </src>
        <src id="STTLng">
            <dst id="ATLA-M5">1499.68</dst>
            <dst id="ATLAng">29406.8906666667</dst>
            <dst id="CHINng">47323.7253333333</dst>
            <dst id="DNVRng">17907.7866666667</dst>
            <dst id="HSTNng">13589.176</dst>
            <dst id="IPLSng">43851.4133333333</dst>
            <dst id="KSCYng">28471.408</dst>
            <dst id="LOSAng">49519.9146666667</dst>
            <dst id="NYCMng">14752.92</dst>
            <dst id="SNVAng">13532.144</dst>
            <dst id="STTLng">28049.1653333333</dst>
            <dst id="WASHng">42790.0266666667</dst>
        </src>
        <src id="WASHng">
            <dst id="ATLA-M5">568.28</dst>
            <dst id="ATLAng">102730.986666667</dst>
            <dst id="CHINng">72337.3066666667</dst>
            <dst id="DNVRng">64868.392</dst>
            <dst id="HSTNng">27553.5146666667</dst>
            <dst id="IPLSng">55551.7893333333</dst>
            <dst id="KSCYng">22503.6826666667</dst>
            <dst id="LOSAng">113348.418666667</dst>
            <dst id="NYCMng">181471.877333333</dst>
            <dst id="SNVAng">5296.16</dst>
            <dst id="STTLng">58623.0453333333</dst>
            <dst id="WASHng">249466.077333333</dst>
        </src>
    </IntraTM>
</TrafficMatrixFile>
