<?xml version="1.0" encoding="ISO-8859-1" standalone="yes"?>
<TrafficMatrixFile xsi:noNamespaceSchemaLocation="http://totem.run.montefiore.ulg.ac.be/Schema/TrafficMatrix-v1_2.xsd" xmlns:xsi="http://www.w3.org/2001/XMLSchema-instance">
    <IntraTM ASID="11537">
        <src id="ATLA-M5">
            <dst id="ATLA-M5">0</dst>
            <dst id="ATLAng">362.306666666667</dst>
            <dst id="CHINng">1211.50666666667</dst>
            <dst id="DNVRng">1585.25333333333</dst>
            <dst id="HSTNng">187.608</dst>
            <dst id="IPLSng">262.994666666667</dst>
            <dst id="KSCYng">1175.26133333333</dst>
            <dst id="LOSAng">187.742666666667</dst>
            <dst id="NYCMng">139.184</dst>
            <dst id="SNVAng">153.705333333333</dst>
            <dst id="STTLng">327.744</dst>
            <dst id="WASHng">900.418666666667</dst>
        </src>
        <src id="ATLAng">
            <dst id="ATLA-M5">1908.728</dst>
            <dst id="ATLAng">39217.2773333333</dst>
            <dst id="CHINng">10856.808</dst>
            <dst id="DNVRng">3934.064</dst>
            <dst id="HSTNng">6014.02133333333</dst>
            <dst id="IPLSng">28539.4613333333</dst>
            <dst id="KSCYng">4844.752</dst>
            <dst id="LOSAng">23945.1466666667</dst>
            <dst id="NYCMng">9699.888</dst>
            <dst id="SNVAng">714.333333333333</dst>
            <dst id="STTLng">8272.85866666667</dst>
            <dst id="WASHng">48093.9333333333</dst>
        </src>
        <src id="CHINng">
            <dst id="ATLA-M5">2300.47733333333</dst>
            <dst id="ATLAng">18051.3226666667</dst>
            <dst id="CHINng">87303.7893333333</dst>
            <dst id="DNVRng">19385</dst>
            <dst id="HSTNng">13595.7386666667</dst>
            <dst id="IPLSng">70994.1306666666</dst>
            <dst id="KSCYng">10971.5253333333</dst>
            <dst id="LOSAng">36049.3973333333</dst>
            <dst id="NYCMng">14964.8613333333</dst>
            <dst id="SNVAng">4499.42666666667</dst>
            <dst id="STTLng">18368.624</dst>
            <dst id="WASHng">17999.208</dst>
        </src>
        <src id="DNVRng">
            <dst id="ATLA-M5">186.458666666667</dst>
            <dst id="ATLAng">2288.61066666667</dst>
            <dst id="CHINng">55409.0826666667</dst>
            <dst id="DNVRng">11685.4373333333</dst>
            <dst id="HSTNng">12803.8</dst>
            <dst id="IPLSng">8727.032</dst>
            <dst id="KSCYng">14533.7546666667</dst>
            <dst id="LOSAng">7368.38933333333</dst>
            <dst id="NYCMng">7998.09066666667</dst>
            <dst id="SNVAng">8609.8</dst>
            <dst id="STTLng">18444.392</dst>
            <dst id="WASHng">16773.9306666667</dst>
        </src>
        <src id="HSTNng">
            <dst id="ATLA-M5">2625.512</dst>
            <dst id="ATLAng">3639.54133333333</dst>
            <dst id="CHINng">14649.4853333333</dst>
            <dst id="DNVRng">2085.176</dst>
            <dst id="HSTNng">16846.8266666667</dst>
            <dst id="IPLSng">2631.448</dst>
            <dst id="KSCYng">7410.29866666667</dst>
            <dst id="LOSAng">4544.464</dst>
            <dst id="NYCMng">2098.50933333333</dst>
            <dst id="SNVAng">151.626666666667</dst>
            <dst id="STTLng">4001.26133333333</dst>
            <dst id="WASHng">6524.63733333333</dst>
        </src>
        <src id="IPLSng">
            <dst id="ATLA-M5">746.12</dst>
            <dst id="ATLAng">7283.552</dst>
            <dst id="CHINng">58105.9173333333</dst>
            <dst id="DNVRng">6560.92533333333</dst>
            <dst id="HSTNng">694.672</dst>
            <dst id="IPLSng">11758.8426666667</dst>
            <dst id="KSCYng">7582.48</dst>
            <dst id="LOSAng">17646.32</dst>
            <dst id="NYCMng">6139.432</dst>
            <dst id="SNVAng">624.296</dst>
            <dst id="STTLng">22858.9653333333</dst>
            <dst id="WASHng">13834.9786666667</dst>
        </src>
        <src id="KSCYng">
            <dst id="ATLA-M5">137.842666666667</dst>
            <dst id="ATLAng">5689.63466666667</dst>
            <dst id="CHINng">31134.44</dst>
            <dst id="DNVRng">7893.096</dst>
            <dst id="HSTNng">3748.52533333333</dst>
            <dst id="IPLSng">16935.4533333333</dst>
            <dst id="KSCYng">10734.5306666667</dst>
            <dst id="LOSAng">5703.40533333333</dst>
            <dst id="NYCMng">3184.304</dst>
            <dst id="SNVAng">2164.79733333333</dst>
            <dst id="STTLng">6646.192</dst>
            <dst id="WASHng">9793.832</dst>
        </src>
        <src id="LOSAng">
            <dst id="ATLA-M5">198.525333333333</dst>
            <dst id="ATLAng">7989.09333333333</dst>
            <dst id="CHINng">6531715.2</dst>
            <dst id="DNVRng">27543.1786666667</dst>
            <dst id="HSTNng">3957.792</dst>
            <dst id="IPLSng">10039</dst>
            <dst id="KSCYng">14926.5813333333</dst>
            <dst id="LOSAng">15656.84</dst>
            <dst id="NYCMng">44902.1173333333</dst>
            <dst id="SNVAng">19879.5413333333</dst>
            <dst id="STTLng">63510.6266666667</dst>
            <dst id="WASHng">66236.8586666667</dst>
        </src>
        <src id="NYCMng">
            <dst id="ATLA-M5">929.458666666667</dst>
            <dst id="ATLAng">20378.8106666667</dst>
            <dst id="CHINng">31977.4933333333</dst>
            <dst id="DNVRng">16882.7333333333</dst>
            <dst id="HSTNng">10337.456</dst>
            <dst id="IPLSng">18041.032</dst>
            <dst id="KSCYng">8553.55466666667</dst>
            <dst id="LOSAng">62979.2826666667</dst>
            <dst id="NYCMng">111552.189333333</dst>
            <dst id="SNVAng">1305.37066666667</dst>
            <dst id="STTLng">20646.1226666667</dst>
            <dst id="WASHng">39794.6106666667</dst>
        </src>
        <src id="SNVAng">
            <dst id="ATLA-M5">0</dst>
            <dst id="ATLAng">349.365333333333</dst>
            <dst id="CHINng">200.437333333333</dst>
            <dst id="DNVRng">3879.184</dst>
            <dst id="HSTNng">0</dst>
            <dst id="IPLSng">343.528</dst>
            <dst id="KSCYng">0</dst>
            <dst id="LOSAng">8424.02133333333</dst>
            <dst id="NYCMng">53.3333333333333</dst>
            <dst id="SNVAng">8675.92266666667</dst>
            <dst id="STTLng">18021.808</dst>
            <dst id="WASHng">26.6666666666667</dst>
        </src>
        <src id="STTLng">
            <dst id="ATLA-M5">305.605333333333</dst>
            <dst id="ATLAng">12756.1066666667</dst>
            <dst id="CHINng">23373.2106666667</dst>
            <dst id="DNVRng">8253.144</dst>
            <dst id="HSTNng">2892.57333333333</dst>
            <dst id="IPLSng">12030.8906666667</dst>
            <dst id="KSCYng">4663.048</dst>
            <dst id="LOSAng">40962.688</dst>
            <dst id="NYCMng">8900.51733333333</dst>
            <dst id="SNVAng">2881.37333333333</dst>
            <dst id="STTLng">22086.528</dst>
            <dst id="WASHng">11846.8506666667</dst>
        </src>
        <src id="WASHng">
            <dst id="ATLA-M5">524.314666666667</dst>
            <dst id="ATLAng">92857.9973333333</dst>
            <dst id="CHINng">79790.1706666667</dst>
            <dst id="DNVRng">53287.232</dst>
            <dst id="HSTNng">18288.4746666667</dst>
            <dst id="IPLSng">57368.9866666667</dst>
            <dst id="KSCYng">29483.7306666667</dst>
            <dst id="LOSAng">91516.2213333333</dst>
            <dst id="NYCMng">140771.546666667</dst>
            <dst id="SNVAng">2056.39466666667</dst>
            <dst id="STTLng">60231.688</dst>
            <dst id="WASHng">231609.066666667</dst>
        </src>
    </IntraTM>
</TrafficMatrixFile>
