<?xml version="1.0" encoding="ISO-8859-1" standalone="yes"?>
<TrafficMatrixFile xsi:noNamespaceSchemaLocation="http://totem.run.montefiore.ulg.ac.be/Schema/TrafficMatrix-v1_2.xsd" xmlns:xsi="http://www.w3.org/2001/XMLSchema-instance">
    <IntraTM ASID="11537">
        <src id="ATLA-M5">
            <dst id="ATLA-M5">53.3333333333333</dst>
            <dst id="ATLAng">237.272</dst>
            <dst id="CHINng">614.973333333333</dst>
            <dst id="DNVRng">26.6666666666667</dst>
            <dst id="HSTNng">548.245333333333</dst>
            <dst id="IPLSng">384.104</dst>
            <dst id="KSCYng">53.3333333333333</dst>
            <dst id="LOSAng">80</dst>
            <dst id="NYCMng">88.5333333333333</dst>
            <dst id="SNVAng">0</dst>
            <dst id="STTLng">492.813333333333</dst>
            <dst id="WASHng">2065.336</dst>
        </src>
        <src id="ATLAng">
            <dst id="ATLA-M5">207.909333333333</dst>
            <dst id="ATLAng">53819.968</dst>
            <dst id="CHINng">19131.424</dst>
            <dst id="DNVRng">5815.736</dst>
            <dst id="HSTNng">3962.192</dst>
            <dst id="IPLSng">16116.2106666667</dst>
            <dst id="KSCYng">1778.30933333333</dst>
            <dst id="LOSAng">23578.616</dst>
            <dst id="NYCMng">8837.28</dst>
            <dst id="SNVAng">5371.30933333333</dst>
            <dst id="STTLng">16518.656</dst>
            <dst id="WASHng">59087.2453333333</dst>
        </src>
        <src id="CHINng">
            <dst id="ATLA-M5">909.736</dst>
            <dst id="ATLAng">24258.1573333333</dst>
            <dst id="CHINng">112854.36</dst>
            <dst id="DNVRng">7815.928</dst>
            <dst id="HSTNng">10076.3146666667</dst>
            <dst id="IPLSng">44212.4026666667</dst>
            <dst id="KSCYng">14045.6693333333</dst>
            <dst id="LOSAng">27187.968</dst>
            <dst id="NYCMng">13969.352</dst>
            <dst id="SNVAng">1931.592</dst>
            <dst id="STTLng">22561.968</dst>
            <dst id="WASHng">28557.7573333333</dst>
        </src>
        <src id="DNVRng">
            <dst id="ATLA-M5">254.346666666667</dst>
            <dst id="ATLAng">5676.05333333333</dst>
            <dst id="CHINng">63071.8053333333</dst>
            <dst id="DNVRng">2992.69333333333</dst>
            <dst id="HSTNng">9098.46133333334</dst>
            <dst id="IPLSng">20957.4506666667</dst>
            <dst id="KSCYng">17167.4453333333</dst>
            <dst id="LOSAng">7043.06933333333</dst>
            <dst id="NYCMng">13463.328</dst>
            <dst id="SNVAng">5915.864</dst>
            <dst id="STTLng">11906.0853333333</dst>
            <dst id="WASHng">17240.8853333333</dst>
        </src>
        <src id="HSTNng">
            <dst id="ATLA-M5">183.061333333333</dst>
            <dst id="ATLAng">5046.736</dst>
            <dst id="CHINng">14407.6133333333</dst>
            <dst id="DNVRng">1609.88</dst>
            <dst id="HSTNng">11560.0933333333</dst>
            <dst id="IPLSng">2187.384</dst>
            <dst id="KSCYng">3121.81333333333</dst>
            <dst id="LOSAng">3509.864</dst>
            <dst id="NYCMng">4281.13333333333</dst>
            <dst id="SNVAng">247.226666666667</dst>
            <dst id="STTLng">5592.11466666667</dst>
            <dst id="WASHng">3515.61333333333</dst>
        </src>
        <src id="IPLSng">
            <dst id="ATLA-M5">143.952</dst>
            <dst id="ATLAng">14467.2213333333</dst>
            <dst id="CHINng">108069.296</dst>
            <dst id="DNVRng">14419.6133333333</dst>
            <dst id="HSTNng">2221.62933333333</dst>
            <dst id="IPLSng">13188.192</dst>
            <dst id="KSCYng">9635.54933333333</dst>
            <dst id="LOSAng">14771.824</dst>
            <dst id="NYCMng">15786.2746666667</dst>
            <dst id="SNVAng">339.837333333333</dst>
            <dst id="STTLng">35681.9786666667</dst>
            <dst id="WASHng">25969.9306666667</dst>
        </src>
        <src id="KSCYng">
            <dst id="ATLA-M5">26.6666666666667</dst>
            <dst id="ATLAng">7567.49333333333</dst>
            <dst id="CHINng">25746.0693333333</dst>
            <dst id="DNVRng">7890.14666666667</dst>
            <dst id="HSTNng">2325.2</dst>
            <dst id="IPLSng">8904.392</dst>
            <dst id="KSCYng">3982.62133333333</dst>
            <dst id="LOSAng">2894.912</dst>
            <dst id="NYCMng">4858.88533333333</dst>
            <dst id="SNVAng">2320.66133333333</dst>
            <dst id="STTLng">10416.4453333333</dst>
            <dst id="WASHng">11277.0186666667</dst>
        </src>
        <src id="LOSAng">
            <dst id="ATLA-M5">0</dst>
            <dst id="ATLAng">49568.4026666667</dst>
            <dst id="CHINng">128285.650666667</dst>
            <dst id="DNVRng">11472.5466666667</dst>
            <dst id="HSTNng">6078.936</dst>
            <dst id="IPLSng">11328.6053333333</dst>
            <dst id="KSCYng">2449.71466666667</dst>
            <dst id="LOSAng">11101.7573333333</dst>
            <dst id="NYCMng">50261.7146666667</dst>
            <dst id="SNVAng">19021.9066666667</dst>
            <dst id="STTLng">48545.8106666667</dst>
            <dst id="WASHng">51393.2746666667</dst>
        </src>
        <src id="NYCMng">
            <dst id="ATLA-M5">1048.312</dst>
            <dst id="ATLAng">48544.2586666667</dst>
            <dst id="CHINng">28515.6133333333</dst>
            <dst id="DNVRng">12267.5093333333</dst>
            <dst id="HSTNng">4065.08533333333</dst>
            <dst id="IPLSng">23660.3333333333</dst>
            <dst id="KSCYng">6881.64266666667</dst>
            <dst id="LOSAng">50662.496</dst>
            <dst id="NYCMng">97525.704</dst>
            <dst id="SNVAng">763.968</dst>
            <dst id="STTLng">26171.0053333333</dst>
            <dst id="WASHng">72252.7306666667</dst>
        </src>
        <src id="SNVAng">
            <dst id="ATLA-M5">0</dst>
            <dst id="ATLAng">467.381333333333</dst>
            <dst id="CHINng">533.946666666667</dst>
            <dst id="DNVRng">5056.936</dst>
            <dst id="HSTNng">78.624</dst>
            <dst id="IPLSng">580.301333333333</dst>
            <dst id="KSCYng">32.5413333333333</dst>
            <dst id="LOSAng">6554.21866666666</dst>
            <dst id="NYCMng">308.376</dst>
            <dst id="SNVAng">7868.70133333333</dst>
            <dst id="STTLng">16471.3653333333</dst>
            <dst id="WASHng">36.4746666666667</dst>
        </src>
        <src id="STTLng">
            <dst id="ATLA-M5">1001.472</dst>
            <dst id="ATLAng">51645.192</dst>
            <dst id="CHINng">65171.7706666667</dst>
            <dst id="DNVRng">6084.384</dst>
            <dst id="HSTNng">13758.0693333333</dst>
            <dst id="IPLSng">49931.4106666667</dst>
            <dst id="KSCYng">23444.3066666667</dst>
            <dst id="LOSAng">35839.9066666667</dst>
            <dst id="NYCMng">18723.8453333333</dst>
            <dst id="SNVAng">1353.37066666667</dst>
            <dst id="STTLng">16924.9733333333</dst>
            <dst id="WASHng">81376.8746666667</dst>
        </src>
        <src id="WASHng">
            <dst id="ATLA-M5">553.248</dst>
            <dst id="ATLAng">106384.36</dst>
            <dst id="CHINng">50147</dst>
            <dst id="DNVRng">57602.448</dst>
            <dst id="HSTNng">21024.3173333333</dst>
            <dst id="IPLSng">35464.064</dst>
            <dst id="KSCYng">19705.6106666667</dst>
            <dst id="LOSAng">64711.208</dst>
            <dst id="NYCMng">115557.202666667</dst>
            <dst id="SNVAng">1116.28</dst>
            <dst id="STTLng">79277.0106666667</dst>
            <dst id="WASHng">282813.44</dst>
        </src>
    </IntraTM>
</TrafficMatrixFile>
