<?xml version="1.0" encoding="ISO-8859-1" standalone="yes"?>
<TrafficMatrixFile xsi:noNamespaceSchemaLocation="http://totem.run.montefiore.ulg.ac.be/Schema/TrafficMatrix-v1_2.xsd" xmlns:xsi="http://www.w3.org/2001/XMLSchema-instance">
    <IntraTM ASID="11537">
        <src id="ATLA-M5">
            <dst id="ATLA-M5">80</dst>
            <dst id="ATLAng">618.776</dst>
            <dst id="CHINng">917.914666666666</dst>
            <dst id="DNVRng">197.978666666667</dst>
            <dst id="HSTNng">377.712</dst>
            <dst id="IPLSng">758.546666666667</dst>
            <dst id="KSCYng">587.045333333333</dst>
            <dst id="LOSAng">471.306666666667</dst>
            <dst id="NYCMng">1193.65066666667</dst>
            <dst id="SNVAng">216.298666666667</dst>
            <dst id="STTLng">818.288</dst>
            <dst id="WASHng">1985.46666666667</dst>
        </src>
        <src id="ATLAng">
            <dst id="ATLA-M5">1210.57333333333</dst>
            <dst id="ATLAng">57067.8826666667</dst>
            <dst id="CHINng">21960.224</dst>
            <dst id="DNVRng">9139.76533333333</dst>
            <dst id="HSTNng">7863.49866666667</dst>
            <dst id="IPLSng">20761.1706666667</dst>
            <dst id="KSCYng">6213.27466666667</dst>
            <dst id="LOSAng">17060.964</dst>
            <dst id="NYCMng">21217.7813333333</dst>
            <dst id="SNVAng">313.492</dst>
            <dst id="STTLng">15953.552</dst>
            <dst id="WASHng">51425.5146666667</dst>
        </src>
        <src id="CHINng">
            <dst id="ATLA-M5">1360.37866666667</dst>
            <dst id="ATLAng">30614.456</dst>
            <dst id="CHINng">93832.4053333333</dst>
            <dst id="DNVRng">17828.1546666667</dst>
            <dst id="HSTNng">16478.6826666667</dst>
            <dst id="IPLSng">56485.0213333333</dst>
            <dst id="KSCYng">16891.032</dst>
            <dst id="LOSAng">41040.536</dst>
            <dst id="NYCMng">18583.0853333333</dst>
            <dst id="SNVAng">7742.11466666667</dst>
            <dst id="STTLng">24640.4533333333</dst>
            <dst id="WASHng">41699.584</dst>
        </src>
        <src id="DNVRng">
            <dst id="ATLA-M5">505.288</dst>
            <dst id="ATLAng">6674.336</dst>
            <dst id="CHINng">23305.9466666667</dst>
            <dst id="DNVRng">5444.97866666667</dst>
            <dst id="HSTNng">11353.5946666667</dst>
            <dst id="IPLSng">18234.2533333333</dst>
            <dst id="KSCYng">11225.6026666667</dst>
            <dst id="LOSAng">9615.45866666667</dst>
            <dst id="NYCMng">9539.36533333334</dst>
            <dst id="SNVAng">7969.02133333333</dst>
            <dst id="STTLng">64563.8666666667</dst>
            <dst id="WASHng">19890.5946666667</dst>
        </src>
        <src id="HSTNng">
            <dst id="ATLA-M5">3450.536</dst>
            <dst id="ATLAng">4813.97866666667</dst>
            <dst id="CHINng">16088.984</dst>
            <dst id="DNVRng">1924.55466666667</dst>
            <dst id="HSTNng">14520.456</dst>
            <dst id="IPLSng">5282.41333333333</dst>
            <dst id="KSCYng">5334.61866666667</dst>
            <dst id="LOSAng">6556.512</dst>
            <dst id="NYCMng">3551.54933333333</dst>
            <dst id="SNVAng">426.786666666667</dst>
            <dst id="STTLng">8363.8</dst>
            <dst id="WASHng">22729.8106666667</dst>
        </src>
        <src id="IPLSng">
            <dst id="ATLA-M5">652.706666666667</dst>
            <dst id="ATLAng">18015.2106666667</dst>
            <dst id="CHINng">54681.344</dst>
            <dst id="DNVRng">8016.94666666667</dst>
            <dst id="HSTNng">5927.53066666667</dst>
            <dst id="IPLSng">13473.088</dst>
            <dst id="KSCYng">6989.328</dst>
            <dst id="LOSAng">17572.8666666667</dst>
            <dst id="NYCMng">8331.43733333333</dst>
            <dst id="SNVAng">2071.54133333333</dst>
            <dst id="STTLng">34083.0213333333</dst>
            <dst id="WASHng">19838.752</dst>
        </src>
        <src id="KSCYng">
            <dst id="ATLA-M5">291.021333333333</dst>
            <dst id="ATLAng">6927.78933333333</dst>
            <dst id="CHINng">23366.1013333333</dst>
            <dst id="DNVRng">9723.45066666667</dst>
            <dst id="HSTNng">5592.70133333333</dst>
            <dst id="IPLSng">10747.88</dst>
            <dst id="KSCYng">7202.53866666667</dst>
            <dst id="LOSAng">8491.65066666666</dst>
            <dst id="NYCMng">6937.06933333333</dst>
            <dst id="SNVAng">2088.05333333333</dst>
            <dst id="STTLng">11940.8533333333</dst>
            <dst id="WASHng">15950.504</dst>
        </src>
        <src id="LOSAng">
            <dst id="ATLA-M5">68.064</dst>
            <dst id="ATLAng">14638.128</dst>
            <dst id="CHINng">103757.88</dst>
            <dst id="DNVRng">15990.288</dst>
            <dst id="HSTNng">49049.0586666667</dst>
            <dst id="IPLSng">47854.5786666667</dst>
            <dst id="KSCYng">11235.6106666667</dst>
            <dst id="LOSAng">15492.2266666667</dst>
            <dst id="NYCMng">42148.8693333333</dst>
            <dst id="SNVAng">22992.6613333333</dst>
            <dst id="STTLng">71798.3813333334</dst>
            <dst id="WASHng">65828.5866666667</dst>
        </src>
        <src id="NYCMng">
            <dst id="ATLA-M5">937.576</dst>
            <dst id="ATLAng">33324.8133333333</dst>
            <dst id="CHINng">39484.3866666667</dst>
            <dst id="DNVRng">24070.64</dst>
            <dst id="HSTNng">10081.3893333333</dst>
            <dst id="IPLSng">30668.6346666667</dst>
            <dst id="KSCYng">19384.9573333333</dst>
            <dst id="LOSAng">64660.5226666667</dst>
            <dst id="NYCMng">93875.0853333333</dst>
            <dst id="SNVAng">5633.17866666667</dst>
            <dst id="STTLng">31078.08</dst>
            <dst id="WASHng">107547.410666667</dst>
        </src>
        <src id="SNVAng">
            <dst id="ATLA-M5">0</dst>
            <dst id="ATLAng">1060.97333333333</dst>
            <dst id="CHINng">140.224</dst>
            <dst id="DNVRng">1250.256</dst>
            <dst id="HSTNng">0</dst>
            <dst id="IPLSng">6519.76533333333</dst>
            <dst id="KSCYng">0</dst>
            <dst id="LOSAng">8948.368</dst>
            <dst id="NYCMng">30.832</dst>
            <dst id="SNVAng">7022.99466666667</dst>
            <dst id="STTLng">15798.04</dst>
            <dst id="WASHng">62.8</dst>
        </src>
        <src id="STTLng">
            <dst id="ATLA-M5">694.826666666666</dst>
            <dst id="ATLAng">30254.6533333333</dst>
            <dst id="CHINng">47736.584</dst>
            <dst id="DNVRng">24686.8933333333</dst>
            <dst id="HSTNng">21813.4266666667</dst>
            <dst id="IPLSng">48586.208</dst>
            <dst id="KSCYng">24556.8426666667</dst>
            <dst id="LOSAng">52945.6906666667</dst>
            <dst id="NYCMng">19246.4773333333</dst>
            <dst id="SNVAng">6455.41333333333</dst>
            <dst id="STTLng">29033.1066666667</dst>
            <dst id="WASHng">44971.1893333333</dst>
        </src>
        <src id="WASHng">
            <dst id="ATLA-M5">3094.40266666667</dst>
            <dst id="ATLAng">80544.32</dst>
            <dst id="CHINng">99103.6426666667</dst>
            <dst id="DNVRng">52272.6906666667</dst>
            <dst id="HSTNng">19715.568</dst>
            <dst id="IPLSng">61862.7786666667</dst>
            <dst id="KSCYng">26070.1066666667</dst>
            <dst id="LOSAng">76179.1066666667</dst>
            <dst id="NYCMng">181530.536</dst>
            <dst id="SNVAng">9228.584</dst>
            <dst id="STTLng">51648.296</dst>
            <dst id="WASHng">212364.032</dst>
        </src>
    </IntraTM>
</TrafficMatrixFile>
