<?xml version="1.0" encoding="ISO-8859-1" standalone="yes"?>
<TrafficMatrixFile xsi:noNamespaceSchemaLocation="http://totem.run.montefiore.ulg.ac.be/Schema/TrafficMatrix-v1_2.xsd" xmlns:xsi="http://www.w3.org/2001/XMLSchema-instance">
    <IntraTM ASID="11537">
        <src id="ATLA-M5">
            <dst id="ATLA-M5">547.914666666666</dst>
            <dst id="ATLAng">1519.8</dst>
            <dst id="CHINng">1402.624</dst>
            <dst id="DNVRng">324.576</dst>
            <dst id="HSTNng">344.109333333333</dst>
            <dst id="IPLSng">1814.48</dst>
            <dst id="KSCYng">480.013333333333</dst>
            <dst id="LOSAng">674.84</dst>
            <dst id="NYCMng">1397.21333333333</dst>
            <dst id="SNVAng">40</dst>
            <dst id="STTLng">1621.21866666667</dst>
            <dst id="WASHng">2688.38933333333</dst>
        </src>
        <src id="ATLAng">
            <dst id="ATLA-M5">352.389333333333</dst>
            <dst id="ATLAng">43980.6346666667</dst>
            <dst id="CHINng">34411.7786666667</dst>
            <dst id="DNVRng">5806.95733333333</dst>
            <dst id="HSTNng">26812.7093333333</dst>
            <dst id="IPLSng">23306.3466666667</dst>
            <dst id="KSCYng">10945.3386666667</dst>
            <dst id="LOSAng">17186.6906666667</dst>
            <dst id="NYCMng">9142.13333333333</dst>
            <dst id="SNVAng">2291.75466666667</dst>
            <dst id="STTLng">24259.1626666667</dst>
            <dst id="WASHng">67431.3706666667</dst>
        </src>
        <src id="CHINng">
            <dst id="ATLA-M5">2022.41333333333</dst>
            <dst id="ATLAng">50178.696</dst>
            <dst id="CHINng">130448.685333333</dst>
            <dst id="DNVRng">19159.0346666667</dst>
            <dst id="HSTNng">18582.7706666667</dst>
            <dst id="IPLSng">109409.016</dst>
            <dst id="KSCYng">25876.4426666667</dst>
            <dst id="LOSAng">87558.0186666667</dst>
            <dst id="NYCMng">14357.8213333333</dst>
            <dst id="SNVAng">4466.56</dst>
            <dst id="STTLng">42650.224</dst>
            <dst id="WASHng">50228.336</dst>
        </src>
        <src id="DNVRng">
            <dst id="ATLA-M5">194.306666666667</dst>
            <dst id="ATLAng">10697.184</dst>
            <dst id="CHINng">46320.0133333333</dst>
            <dst id="DNVRng">19584.7626666667</dst>
            <dst id="HSTNng">19797.4506666667</dst>
            <dst id="IPLSng">15764.304</dst>
            <dst id="KSCYng">19674.2346666667</dst>
            <dst id="LOSAng">29448.6186666667</dst>
            <dst id="NYCMng">12120.28</dst>
            <dst id="SNVAng">18648.7146666667</dst>
            <dst id="STTLng">40961.4853333333</dst>
            <dst id="WASHng">36114.3786666667</dst>
        </src>
        <src id="HSTNng">
            <dst id="ATLA-M5">539.450666666667</dst>
            <dst id="ATLAng">9725.17066666667</dst>
            <dst id="CHINng">18697.3466666667</dst>
            <dst id="DNVRng">3827.22666666667</dst>
            <dst id="HSTNng">20395.4533333333</dst>
            <dst id="IPLSng">8675.99466666666</dst>
            <dst id="KSCYng">11098.6266666667</dst>
            <dst id="LOSAng">60020.3786666667</dst>
            <dst id="NYCMng">6611.02666666667</dst>
            <dst id="SNVAng">3718.33066666667</dst>
            <dst id="STTLng">13566.5226666667</dst>
            <dst id="WASHng">22183.6693333333</dst>
        </src>
        <src id="IPLSng">
            <dst id="ATLA-M5">1262.85066666667</dst>
            <dst id="ATLAng">25033.0933333333</dst>
            <dst id="CHINng">97106.5306666667</dst>
            <dst id="DNVRng">24708.1413333333</dst>
            <dst id="HSTNng">13443.896</dst>
            <dst id="IPLSng">38058.7786666667</dst>
            <dst id="KSCYng">20660.2293333333</dst>
            <dst id="LOSAng">26891.5306666667</dst>
            <dst id="NYCMng">26491.16</dst>
            <dst id="SNVAng">6759.53066666667</dst>
            <dst id="STTLng">35932.304</dst>
            <dst id="WASHng">56515.4586666667</dst>
        </src>
        <src id="KSCYng">
            <dst id="ATLA-M5">954.744</dst>
            <dst id="ATLAng">8065.46133333333</dst>
            <dst id="CHINng">30534.5226666667</dst>
            <dst id="DNVRng">9016.70666666667</dst>
            <dst id="HSTNng">3397.66933333333</dst>
            <dst id="IPLSng">18253.5706666667</dst>
            <dst id="KSCYng">10764.5626666667</dst>
            <dst id="LOSAng">6915.312</dst>
            <dst id="NYCMng">6390.23466666667</dst>
            <dst id="SNVAng">2848.30666666667</dst>
            <dst id="STTLng">15639.6106666667</dst>
            <dst id="WASHng">18094.2426666667</dst>
        </src>
        <src id="LOSAng">
            <dst id="ATLA-M5">281.106666666667</dst>
            <dst id="ATLAng">25684.8453333333</dst>
            <dst id="CHINng">97312.008</dst>
            <dst id="DNVRng">67963.7493333333</dst>
            <dst id="HSTNng">24397.7146666667</dst>
            <dst id="IPLSng">39077.8933333333</dst>
            <dst id="KSCYng">11447.7146666667</dst>
            <dst id="LOSAng">13090.2346666667</dst>
            <dst id="NYCMng">50488.248</dst>
            <dst id="SNVAng">25152.7333333333</dst>
            <dst id="STTLng">68778.6186666667</dst>
            <dst id="WASHng">102414.293333333</dst>
        </src>
        <src id="NYCMng">
            <dst id="ATLA-M5">1617.04533333333</dst>
            <dst id="ATLAng">55063.3493333333</dst>
            <dst id="CHINng">43682.312</dst>
            <dst id="DNVRng">29911.5813333333</dst>
            <dst id="HSTNng">26812.2506666667</dst>
            <dst id="IPLSng">54277.608</dst>
            <dst id="KSCYng">25598.5706666667</dst>
            <dst id="LOSAng">75819.3733333333</dst>
            <dst id="NYCMng">155047.728</dst>
            <dst id="SNVAng">7696.952</dst>
            <dst id="STTLng">22085.9866666667</dst>
            <dst id="WASHng">174746.493333333</dst>
        </src>
        <src id="SNVAng">
            <dst id="ATLA-M5">0</dst>
            <dst id="ATLAng">154.525333333333</dst>
            <dst id="CHINng">639.586666666667</dst>
            <dst id="DNVRng">4040.344</dst>
            <dst id="HSTNng">367.557333333333</dst>
            <dst id="IPLSng">675.957333333333</dst>
            <dst id="KSCYng">53.3333333333333</dst>
            <dst id="LOSAng">9546.97066666667</dst>
            <dst id="NYCMng">113.616</dst>
            <dst id="SNVAng">11540.8586666667</dst>
            <dst id="STTLng">19479.96</dst>
            <dst id="WASHng">237.445333333333</dst>
        </src>
        <src id="STTLng">
            <dst id="ATLA-M5">4878.16</dst>
            <dst id="ATLAng">74365.4613333333</dst>
            <dst id="CHINng">117741.84</dst>
            <dst id="DNVRng">48702.7386666667</dst>
            <dst id="HSTNng">43691.5413333333</dst>
            <dst id="IPLSng">99510.888</dst>
            <dst id="KSCYng">61159.0293333333</dst>
            <dst id="LOSAng">15066.9733333333</dst>
            <dst id="NYCMng">37192.928</dst>
            <dst id="SNVAng">10159.2186666667</dst>
            <dst id="STTLng">51743.0853333333</dst>
            <dst id="WASHng">112931.568</dst>
        </src>
        <src id="WASHng">
            <dst id="ATLA-M5">15199.6613333333</dst>
            <dst id="ATLAng">147894.954666667</dst>
            <dst id="CHINng">106581.226666667</dst>
            <dst id="DNVRng">101632.728</dst>
            <dst id="HSTNng">28610.6133333333</dst>
            <dst id="IPLSng">100983.874666667</dst>
            <dst id="KSCYng">22399.056</dst>
            <dst id="LOSAng">91538.6613333334</dst>
            <dst id="NYCMng">292363.093333333</dst>
            <dst id="SNVAng">19208.7626666667</dst>
            <dst id="STTLng">65999.7013333333</dst>
            <dst id="WASHng">291824.586666667</dst>
        </src>
    </IntraTM>
</TrafficMatrixFile>
