<?xml version="1.0" encoding="ISO-8859-1" standalone="yes"?>
<TrafficMatrixFile xsi:noNamespaceSchemaLocation="http://totem.run.montefiore.ulg.ac.be/Schema/TrafficMatrix-v1_2.xsd" xmlns:xsi="http://www.w3.org/2001/XMLSchema-instance">
    <IntraTM ASID="11537">
        <src id="ATLA-M5">
            <dst id="ATLA-M5">0</dst>
            <dst id="ATLAng">534.794666666667</dst>
            <dst id="CHINng">664.984</dst>
            <dst id="DNVRng">1346.41066666667</dst>
            <dst id="HSTNng">90.2293333333333</dst>
            <dst id="IPLSng">1108.33866666667</dst>
            <dst id="KSCYng">277.736</dst>
            <dst id="LOSAng">293.994666666667</dst>
            <dst id="NYCMng">977.728</dst>
            <dst id="SNVAng">131.496</dst>
            <dst id="STTLng">217.325333333333</dst>
            <dst id="WASHng">883.136</dst>
        </src>
        <src id="ATLAng">
            <dst id="ATLA-M5">726.192</dst>
            <dst id="ATLAng">37454.4186666667</dst>
            <dst id="CHINng">13356.3306666667</dst>
            <dst id="DNVRng">4037.27466666667</dst>
            <dst id="HSTNng">4383.01066666667</dst>
            <dst id="IPLSng">22391.7013333333</dst>
            <dst id="KSCYng">3870.24266666667</dst>
            <dst id="LOSAng">24384.148</dst>
            <dst id="NYCMng">7075.512</dst>
            <dst id="SNVAng">944.654666666667</dst>
            <dst id="STTLng">8363.84</dst>
            <dst id="WASHng">51640.3253333333</dst>
        </src>
        <src id="CHINng">
            <dst id="ATLA-M5">2111.22666666667</dst>
            <dst id="ATLAng">22658.1306666667</dst>
            <dst id="CHINng">81213.768</dst>
            <dst id="DNVRng">7074.36</dst>
            <dst id="HSTNng">12620.1493333333</dst>
            <dst id="IPLSng">70327.936</dst>
            <dst id="KSCYng">14546.0133333333</dst>
            <dst id="LOSAng">74852.176</dst>
            <dst id="NYCMng">13994.8293333333</dst>
            <dst id="SNVAng">3027.344</dst>
            <dst id="STTLng">16142.6</dst>
            <dst id="WASHng">27056.68</dst>
        </src>
        <src id="DNVRng">
            <dst id="ATLA-M5">469.32</dst>
            <dst id="ATLAng">4055.94133333333</dst>
            <dst id="CHINng">55308.32</dst>
            <dst id="DNVRng">11186.4213333333</dst>
            <dst id="HSTNng">12293.6666666667</dst>
            <dst id="IPLSng">17061.36</dst>
            <dst id="KSCYng">13994.3706666667</dst>
            <dst id="LOSAng">12419.32</dst>
            <dst id="NYCMng">7781.59466666667</dst>
            <dst id="SNVAng">10110.3653333333</dst>
            <dst id="STTLng">17996.2613333333</dst>
            <dst id="WASHng">22611.3866666667</dst>
        </src>
        <src id="HSTNng">
            <dst id="ATLA-M5">2695.656</dst>
            <dst id="ATLAng">8734.59466666666</dst>
            <dst id="CHINng">20662.3173333333</dst>
            <dst id="DNVRng">1507.61866666667</dst>
            <dst id="HSTNng">8465.688</dst>
            <dst id="IPLSng">3632.55466666667</dst>
            <dst id="KSCYng">7627.02666666667</dst>
            <dst id="LOSAng">6753.744</dst>
            <dst id="NYCMng">2069.328</dst>
            <dst id="SNVAng">726.56</dst>
            <dst id="STTLng">4064.19733333333</dst>
            <dst id="WASHng">5454.024</dst>
        </src>
        <src id="IPLSng">
            <dst id="ATLA-M5">315.130666666667</dst>
            <dst id="ATLAng">7904.92</dst>
            <dst id="CHINng">54178.856</dst>
            <dst id="DNVRng">11012.568</dst>
            <dst id="HSTNng">866.861333333333</dst>
            <dst id="IPLSng">10412.3573333333</dst>
            <dst id="KSCYng">15181.2266666667</dst>
            <dst id="LOSAng">13219.48</dst>
            <dst id="NYCMng">6128.624</dst>
            <dst id="SNVAng">1414.128</dst>
            <dst id="STTLng">25463.152</dst>
            <dst id="WASHng">14313.288</dst>
        </src>
        <src id="KSCYng">
            <dst id="ATLA-M5">309.746666666667</dst>
            <dst id="ATLAng">6448.48</dst>
            <dst id="CHINng">28375.472</dst>
            <dst id="DNVRng">7591.496</dst>
            <dst id="HSTNng">3906.528</dst>
            <dst id="IPLSng">14545.5786666667</dst>
            <dst id="KSCYng">7347.64266666667</dst>
            <dst id="LOSAng">6199.44533333333</dst>
            <dst id="NYCMng">2446.912</dst>
            <dst id="SNVAng">2392.536</dst>
            <dst id="STTLng">6088.91466666667</dst>
            <dst id="WASHng">9215.94666666666</dst>
        </src>
        <src id="LOSAng">
            <dst id="ATLA-M5">181.437333333333</dst>
            <dst id="ATLAng">8527.008</dst>
            <dst id="CHINng">6358550.66666667</dst>
            <dst id="DNVRng">19874.328</dst>
            <dst id="HSTNng">4394.79466666667</dst>
            <dst id="IPLSng">9826.952</dst>
            <dst id="KSCYng">12077.192</dst>
            <dst id="LOSAng">13980.28</dst>
            <dst id="NYCMng">44361.8186666667</dst>
            <dst id="SNVAng">16737.9653333333</dst>
            <dst id="STTLng">62774.7413333333</dst>
            <dst id="WASHng">43227.864</dst>
        </src>
        <src id="NYCMng">
            <dst id="ATLA-M5">892.413333333333</dst>
            <dst id="ATLAng">16403.5946666667</dst>
            <dst id="CHINng">31495.5546666667</dst>
            <dst id="DNVRng">13359.7733333333</dst>
            <dst id="HSTNng">11631.472</dst>
            <dst id="IPLSng">14750.752</dst>
            <dst id="KSCYng">9189.92533333333</dst>
            <dst id="LOSAng">62414.72</dst>
            <dst id="NYCMng">90393.3973333333</dst>
            <dst id="SNVAng">1185.344</dst>
            <dst id="STTLng">26283.5066666667</dst>
            <dst id="WASHng">62576.5093333333</dst>
        </src>
        <src id="SNVAng">
            <dst id="ATLA-M5">0</dst>
            <dst id="ATLAng">368.725333333333</dst>
            <dst id="CHINng">26.6666666666667</dst>
            <dst id="DNVRng">1522.752</dst>
            <dst id="HSTNng">0</dst>
            <dst id="IPLSng">275.018666666667</dst>
            <dst id="KSCYng">0</dst>
            <dst id="LOSAng">21793.9786666667</dst>
            <dst id="NYCMng">26.6666666666667</dst>
            <dst id="SNVAng">8728.66933333334</dst>
            <dst id="STTLng">17771.8373333333</dst>
            <dst id="WASHng">53.3333333333333</dst>
        </src>
        <src id="STTLng">
            <dst id="ATLA-M5">419.402666666667</dst>
            <dst id="ATLAng">12418.992</dst>
            <dst id="CHINng">28807.248</dst>
            <dst id="DNVRng">6235.128</dst>
            <dst id="HSTNng">3938.664</dst>
            <dst id="IPLSng">10525.744</dst>
            <dst id="KSCYng">6088.976</dst>
            <dst id="LOSAng">49011.2746666667</dst>
            <dst id="NYCMng">12219.1226666667</dst>
            <dst id="SNVAng">3222.55466666667</dst>
            <dst id="STTLng">24372.28</dst>
            <dst id="WASHng">11838.2666666667</dst>
        </src>
        <src id="WASHng">
            <dst id="ATLA-M5">1510.23733333333</dst>
            <dst id="ATLAng">100588.165333333</dst>
            <dst id="CHINng">75217.9813333333</dst>
            <dst id="DNVRng">67758.1226666667</dst>
            <dst id="HSTNng">19927.8453333333</dst>
            <dst id="IPLSng">52125.3893333333</dst>
            <dst id="KSCYng">28008.392</dst>
            <dst id="LOSAng">85543.28</dst>
            <dst id="NYCMng">139276.850666667</dst>
            <dst id="SNVAng">3474.81333333333</dst>
            <dst id="STTLng">69855.5733333333</dst>
            <dst id="WASHng">268420.72</dst>
        </src>
    </IntraTM>
</TrafficMatrixFile>
