<?xml version="1.0" encoding="ISO-8859-1" standalone="yes"?>
<TrafficMatrixFile xsi:noNamespaceSchemaLocation="http://totem.run.montefiore.ulg.ac.be/Schema/TrafficMatrix-v1_2.xsd" xmlns:xsi="http://www.w3.org/2001/XMLSchema-instance">
    <IntraTM ASID="11537">
        <src id="ATLA-M5">
            <dst id="ATLA-M5">63.1866666666667</dst>
            <dst id="ATLAng">1187.60533333333</dst>
            <dst id="CHINng">376.288</dst>
            <dst id="DNVRng">419.504</dst>
            <dst id="HSTNng">158.162666666667</dst>
            <dst id="IPLSng">1951.00533333333</dst>
            <dst id="KSCYng">363.24</dst>
            <dst id="LOSAng">250.386666666667</dst>
            <dst id="NYCMng">1860.88266666667</dst>
            <dst id="SNVAng">51.8053333333333</dst>
            <dst id="STTLng">817.794666666667</dst>
            <dst id="WASHng">2011.344</dst>
        </src>
        <src id="ATLAng">
            <dst id="ATLA-M5">551.264</dst>
            <dst id="ATLAng">40606.928</dst>
            <dst id="CHINng">20325.7466666667</dst>
            <dst id="DNVRng">5832.632</dst>
            <dst id="HSTNng">5348.37333333333</dst>
            <dst id="IPLSng">20006.808</dst>
            <dst id="KSCYng">4881.67733333333</dst>
            <dst id="LOSAng">13438.8386666667</dst>
            <dst id="NYCMng">10314.3413333333</dst>
            <dst id="SNVAng">1259.82266666667</dst>
            <dst id="STTLng">14424.9066666667</dst>
            <dst id="WASHng">36606.1093333333</dst>
        </src>
        <src id="CHINng">
            <dst id="ATLA-M5">684.213333333333</dst>
            <dst id="ATLAng">57605.0293333333</dst>
            <dst id="CHINng">86221.1893333333</dst>
            <dst id="DNVRng">16376.0506666667</dst>
            <dst id="HSTNng">18003.232</dst>
            <dst id="IPLSng">56461.6373333333</dst>
            <dst id="KSCYng">18322.0213333333</dst>
            <dst id="LOSAng">47420.016</dst>
            <dst id="NYCMng">14440.1973333333</dst>
            <dst id="SNVAng">4613.66133333333</dst>
            <dst id="STTLng">22500.6693333333</dst>
            <dst id="WASHng">44867.44</dst>
        </src>
        <src id="DNVRng">
            <dst id="ATLA-M5">237.925333333333</dst>
            <dst id="ATLAng">5390.69866666667</dst>
            <dst id="CHINng">66541.68</dst>
            <dst id="DNVRng">43367.456</dst>
            <dst id="HSTNng">13217.9386666667</dst>
            <dst id="IPLSng">19912.96</dst>
            <dst id="KSCYng">12693.104</dst>
            <dst id="LOSAng">18228.272</dst>
            <dst id="NYCMng">16239.7973333333</dst>
            <dst id="SNVAng">9210.71733333333</dst>
            <dst id="STTLng">28523.1466666667</dst>
            <dst id="WASHng">21058.3226666667</dst>
        </src>
        <src id="HSTNng">
            <dst id="ATLA-M5">3366.04533333333</dst>
            <dst id="ATLAng">5078.808</dst>
            <dst id="CHINng">17891.6106666667</dst>
            <dst id="DNVRng">1998.44533333333</dst>
            <dst id="HSTNng">19550</dst>
            <dst id="IPLSng">8683.58666666667</dst>
            <dst id="KSCYng">11054.3413333333</dst>
            <dst id="LOSAng">7766.992</dst>
            <dst id="NYCMng">3916.04</dst>
            <dst id="SNVAng">155.285333333333</dst>
            <dst id="STTLng">6141.71466666667</dst>
            <dst id="WASHng">21774.992</dst>
        </src>
        <src id="IPLSng">
            <dst id="ATLA-M5">405.376</dst>
            <dst id="ATLAng">15832.9973333333</dst>
            <dst id="CHINng">45117.3546666667</dst>
            <dst id="DNVRng">7461.29866666667</dst>
            <dst id="HSTNng">4859.8</dst>
            <dst id="IPLSng">15426.6693333333</dst>
            <dst id="KSCYng">17436.9653333333</dst>
            <dst id="LOSAng">15276.1146666667</dst>
            <dst id="NYCMng">9587.064</dst>
            <dst id="SNVAng">1388.66666666667</dst>
            <dst id="STTLng">34126.4826666667</dst>
            <dst id="WASHng">21039.8026666667</dst>
        </src>
        <src id="KSCYng">
            <dst id="ATLA-M5">326.208</dst>
            <dst id="ATLAng">7987.09066666667</dst>
            <dst id="CHINng">21007.7013333333</dst>
            <dst id="DNVRng">8814.11466666666</dst>
            <dst id="HSTNng">5076.13066666667</dst>
            <dst id="IPLSng">21923.384</dst>
            <dst id="KSCYng">14681.944</dst>
            <dst id="LOSAng">7596.19466666667</dst>
            <dst id="NYCMng">5428.37333333333</dst>
            <dst id="SNVAng">2827.59466666667</dst>
            <dst id="STTLng">11329.0746666667</dst>
            <dst id="WASHng">14298.656</dst>
        </src>
        <src id="LOSAng">
            <dst id="ATLA-M5">714.32</dst>
            <dst id="ATLAng">12565.7333333333</dst>
            <dst id="CHINng">6383401.06666667</dst>
            <dst id="DNVRng">12966.9893333333</dst>
            <dst id="HSTNng">6741.47733333333</dst>
            <dst id="IPLSng">35887.16</dst>
            <dst id="KSCYng">7995.07466666667</dst>
            <dst id="LOSAng">15230.0053333333</dst>
            <dst id="NYCMng">48239.2586666667</dst>
            <dst id="SNVAng">14626.4853333333</dst>
            <dst id="STTLng">57698.744</dst>
            <dst id="WASHng">53465.272</dst>
        </src>
        <src id="NYCMng">
            <dst id="ATLA-M5">1568.872</dst>
            <dst id="ATLAng">34530.8426666667</dst>
            <dst id="CHINng">33379.5546666667</dst>
            <dst id="DNVRng">18981.7226666667</dst>
            <dst id="HSTNng">29783.9306666667</dst>
            <dst id="IPLSng">31922.016</dst>
            <dst id="KSCYng">11888.904</dst>
            <dst id="LOSAng">76598.368</dst>
            <dst id="NYCMng">95100.3493333333</dst>
            <dst id="SNVAng">4371.38666666667</dst>
            <dst id="STTLng">28520.0026666667</dst>
            <dst id="WASHng">97437.0853333333</dst>
        </src>
        <src id="SNVAng">
            <dst id="ATLA-M5">0</dst>
            <dst id="ATLAng">0</dst>
            <dst id="CHINng">54.2586666666667</dst>
            <dst id="DNVRng">1945.06666666667</dst>
            <dst id="HSTNng">53.3333333333333</dst>
            <dst id="IPLSng">401.402666666667</dst>
            <dst id="KSCYng">53.3333333333333</dst>
            <dst id="LOSAng">6451.552</dst>
            <dst id="NYCMng">410.965333333333</dst>
            <dst id="SNVAng">7994.47733333333</dst>
            <dst id="STTLng">20658.9013333333</dst>
            <dst id="WASHng">106.666666666667</dst>
        </src>
        <src id="STTLng">
            <dst id="ATLA-M5">3160.616</dst>
            <dst id="ATLAng">29595.28</dst>
            <dst id="CHINng">40974.9013333333</dst>
            <dst id="DNVRng">13159.8693333333</dst>
            <dst id="HSTNng">10420.9093333333</dst>
            <dst id="IPLSng">36405.8586666667</dst>
            <dst id="KSCYng">22047.328</dst>
            <dst id="LOSAng">49615.9333333333</dst>
            <dst id="NYCMng">13063.608</dst>
            <dst id="SNVAng">3091.71466666667</dst>
            <dst id="STTLng">27158.088</dst>
            <dst id="WASHng">42658.952</dst>
        </src>
        <src id="WASHng">
            <dst id="ATLA-M5">1336.12266666667</dst>
            <dst id="ATLAng">127867.653333333</dst>
            <dst id="CHINng">69636.3733333333</dst>
            <dst id="DNVRng">58534.2293333333</dst>
            <dst id="HSTNng">30396.2853333333</dst>
            <dst id="IPLSng">46414.1093333333</dst>
            <dst id="KSCYng">26796.6773333333</dst>
            <dst id="LOSAng">82873.3333333333</dst>
            <dst id="NYCMng">198676.405333333</dst>
            <dst id="SNVAng">5237.44266666667</dst>
            <dst id="STTLng">50690.888</dst>
            <dst id="WASHng">190693.250666667</dst>
        </src>
    </IntraTM>
</TrafficMatrixFile>
