<?xml version="1.0" encoding="ISO-8859-1" standalone="yes"?>
<TrafficMatrixFile xsi:noNamespaceSchemaLocation="http://totem.run.montefiore.ulg.ac.be/Schema/TrafficMatrix-v1_2.xsd" xmlns:xsi="http://www.w3.org/2001/XMLSchema-instance">
    <IntraTM ASID="11537">
        <src id="ATLA-M5">
            <dst id="ATLA-M5">180.549333333333</dst>
            <dst id="ATLAng">616.034666666667</dst>
            <dst id="CHINng">990.418666666667</dst>
            <dst id="DNVRng">53.3333333333333</dst>
            <dst id="HSTNng">116.050666666667</dst>
            <dst id="IPLSng">1129.02666666667</dst>
            <dst id="KSCYng">426.266666666667</dst>
            <dst id="LOSAng">270.4</dst>
            <dst id="NYCMng">2193.90666666667</dst>
            <dst id="SNVAng">29.792</dst>
            <dst id="STTLng">952.728</dst>
            <dst id="WASHng">1137.6</dst>
        </src>
        <src id="ATLAng">
            <dst id="ATLA-M5">1123.40266666667</dst>
            <dst id="ATLAng">61867.632</dst>
            <dst id="CHINng">18390.9226666667</dst>
            <dst id="DNVRng">6852.39733333333</dst>
            <dst id="HSTNng">24346.744</dst>
            <dst id="IPLSng">25132.352</dst>
            <dst id="KSCYng">3168.88266666667</dst>
            <dst id="LOSAng">6607.80666666667</dst>
            <dst id="NYCMng">9716.91466666666</dst>
            <dst id="SNVAng">589.374666666667</dst>
            <dst id="STTLng">20695.9226666667</dst>
            <dst id="WASHng">60939.5546666667</dst>
        </src>
        <src id="CHINng">
            <dst id="ATLA-M5">154.968</dst>
            <dst id="ATLAng">20852.6666666667</dst>
            <dst id="CHINng">144124.069333333</dst>
            <dst id="DNVRng">13881.928</dst>
            <dst id="HSTNng">10117.04</dst>
            <dst id="IPLSng">65581.4026666667</dst>
            <dst id="KSCYng">16931.064</dst>
            <dst id="LOSAng">21693.5813333333</dst>
            <dst id="NYCMng">35277.2853333333</dst>
            <dst id="SNVAng">3682.18933333333</dst>
            <dst id="STTLng">30136.16</dst>
            <dst id="WASHng">32754.92</dst>
        </src>
        <src id="DNVRng">
            <dst id="ATLA-M5">401.181333333333</dst>
            <dst id="ATLAng">6813.71466666667</dst>
            <dst id="CHINng">54288.576</dst>
            <dst id="DNVRng">10056.304</dst>
            <dst id="HSTNng">14024.848</dst>
            <dst id="IPLSng">13163.1253333333</dst>
            <dst id="KSCYng">34616.56</dst>
            <dst id="LOSAng">7833.224</dst>
            <dst id="NYCMng">6348.56266666667</dst>
            <dst id="SNVAng">8741.44266666667</dst>
            <dst id="STTLng">11758.1493333333</dst>
            <dst id="WASHng">25119.584</dst>
        </src>
        <src id="HSTNng">
            <dst id="ATLA-M5">482.474666666667</dst>
            <dst id="ATLAng">5673.17066666667</dst>
            <dst id="CHINng">17962.472</dst>
            <dst id="DNVRng">2217.66933333333</dst>
            <dst id="HSTNng">10795.7813333333</dst>
            <dst id="IPLSng">2649.584</dst>
            <dst id="KSCYng">10331.8106666667</dst>
            <dst id="LOSAng">2126.45066666667</dst>
            <dst id="NYCMng">3160.104</dst>
            <dst id="SNVAng">170.794666666667</dst>
            <dst id="STTLng">10890.512</dst>
            <dst id="WASHng">5735.07466666667</dst>
        </src>
        <src id="IPLSng">
            <dst id="ATLA-M5">266.709333333333</dst>
            <dst id="ATLAng">11822.1413333333</dst>
            <dst id="CHINng">87802.9386666667</dst>
            <dst id="DNVRng">5657.704</dst>
            <dst id="HSTNng">4693.66133333333</dst>
            <dst id="IPLSng">40222.5066666667</dst>
            <dst id="KSCYng">5094.58666666667</dst>
            <dst id="LOSAng">21215.8853333333</dst>
            <dst id="NYCMng">19738.152</dst>
            <dst id="SNVAng">313.845333333333</dst>
            <dst id="STTLng">31461.88</dst>
            <dst id="WASHng">21932.7066666667</dst>
        </src>
        <src id="KSCYng">
            <dst id="ATLA-M5">178.36</dst>
            <dst id="ATLAng">5724.44533333333</dst>
            <dst id="CHINng">26938.0613333333</dst>
            <dst id="DNVRng">9655.41866666667</dst>
            <dst id="HSTNng">5066.30933333333</dst>
            <dst id="IPLSng">13272.28</dst>
            <dst id="KSCYng">8932.504</dst>
            <dst id="LOSAng">3201.20266666667</dst>
            <dst id="NYCMng">6397.05333333333</dst>
            <dst id="SNVAng">1743.55466666667</dst>
            <dst id="STTLng">23988.008</dst>
            <dst id="WASHng">9975.96533333333</dst>
        </src>
        <src id="LOSAng">
            <dst id="ATLA-M5">53.3333333333333</dst>
            <dst id="ATLAng">23288.6986666667</dst>
            <dst id="CHINng">93654.312</dst>
            <dst id="DNVRng">5385.49866666667</dst>
            <dst id="HSTNng">4992.256</dst>
            <dst id="IPLSng">16441.7573333333</dst>
            <dst id="KSCYng">10597.448</dst>
            <dst id="LOSAng">9664.32533333333</dst>
            <dst id="NYCMng">35946.8026666667</dst>
            <dst id="SNVAng">18412.416</dst>
            <dst id="STTLng">46828.632</dst>
            <dst id="WASHng">38206.512</dst>
        </src>
        <src id="NYCMng">
            <dst id="ATLA-M5">1003.96533333333</dst>
            <dst id="ATLAng">32829.1146666667</dst>
            <dst id="CHINng">36648.7573333333</dst>
            <dst id="DNVRng">21033.0266666667</dst>
            <dst id="HSTNng">12931.0746666667</dst>
            <dst id="IPLSng">29981.2933333333</dst>
            <dst id="KSCYng">15236.816</dst>
            <dst id="LOSAng">41390.4346666667</dst>
            <dst id="NYCMng">113806.616</dst>
            <dst id="SNVAng">2812.16533333333</dst>
            <dst id="STTLng">20868.6666666667</dst>
            <dst id="WASHng">65788.3253333333</dst>
        </src>
        <src id="SNVAng">
            <dst id="ATLA-M5">0</dst>
            <dst id="ATLAng">26.6666666666667</dst>
            <dst id="CHINng">120.122666666667</dst>
            <dst id="DNVRng">8021.73066666667</dst>
            <dst id="HSTNng">205.032</dst>
            <dst id="IPLSng">386.922666666667</dst>
            <dst id="KSCYng">26.6666666666667</dst>
            <dst id="LOSAng">13160.6906666667</dst>
            <dst id="NYCMng">263.069333333333</dst>
            <dst id="SNVAng">5695.37066666667</dst>
            <dst id="STTLng">15644.7386666667</dst>
            <dst id="WASHng">53.3333333333333</dst>
        </src>
        <src id="STTLng">
            <dst id="ATLA-M5">3743.52533333333</dst>
            <dst id="ATLAng">55690.3226666667</dst>
            <dst id="CHINng">108084.285333333</dst>
            <dst id="DNVRng">12329.552</dst>
            <dst id="HSTNng">22871.9813333333</dst>
            <dst id="IPLSng">73158.9626666667</dst>
            <dst id="KSCYng">57115.6373333333</dst>
            <dst id="LOSAng">21048.008</dst>
            <dst id="NYCMng">24107.8293333333</dst>
            <dst id="SNVAng">1466.09333333333</dst>
            <dst id="STTLng">19619.128</dst>
            <dst id="WASHng">97187.704</dst>
        </src>
        <src id="WASHng">
            <dst id="ATLA-M5">3423.584</dst>
            <dst id="ATLAng">80189.6506666667</dst>
            <dst id="CHINng">92976.2373333333</dst>
            <dst id="DNVRng">51279.0373333333</dst>
            <dst id="HSTNng">23350.6453333333</dst>
            <dst id="IPLSng">60547.128</dst>
            <dst id="KSCYng">17007.84</dst>
            <dst id="LOSAng">68946.4933333333</dst>
            <dst id="NYCMng">188030.584</dst>
            <dst id="SNVAng">4777.90666666667</dst>
            <dst id="STTLng">59754.6693333333</dst>
            <dst id="WASHng">301142.24</dst>
        </src>
    </IntraTM>
</TrafficMatrixFile>
