<?xml version="1.0" encoding="ISO-8859-1" standalone="yes"?>
<TrafficMatrixFile xsi:noNamespaceSchemaLocation="http://totem.run.montefiore.ulg.ac.be/Schema/TrafficMatrix-v1_2.xsd" xmlns:xsi="http://www.w3.org/2001/XMLSchema-instance">
    <IntraTM ASID="11537">
        <src id="ATLA-M5">
            <dst id="ATLA-M5">332.925333333333</dst>
            <dst id="ATLAng">1058.04533333333</dst>
            <dst id="CHINng">986.397333333333</dst>
            <dst id="DNVRng">106.666666666667</dst>
            <dst id="HSTNng">191.565333333333</dst>
            <dst id="IPLSng">976.181333333333</dst>
            <dst id="KSCYng">229.818666666667</dst>
            <dst id="LOSAng">324.096</dst>
            <dst id="NYCMng">328.837333333333</dst>
            <dst id="SNVAng">88.3173333333333</dst>
            <dst id="STTLng">949.789333333333</dst>
            <dst id="WASHng">2098.98133333333</dst>
        </src>
        <src id="ATLAng">
            <dst id="ATLA-M5">422.162666666667</dst>
            <dst id="ATLAng">63952.0106666667</dst>
            <dst id="CHINng">24179.8213333333</dst>
            <dst id="DNVRng">3183.632</dst>
            <dst id="HSTNng">11467.8293333333</dst>
            <dst id="IPLSng">18292.5946666667</dst>
            <dst id="KSCYng">7449.592</dst>
            <dst id="LOSAng">16177.808</dst>
            <dst id="NYCMng">11535.4586666667</dst>
            <dst id="SNVAng">4230.85866666667</dst>
            <dst id="STTLng">23680.8826666667</dst>
            <dst id="WASHng">61203.9013333333</dst>
        </src>
        <src id="CHINng">
            <dst id="ATLA-M5">734.213333333333</dst>
            <dst id="ATLAng">34019.5786666667</dst>
            <dst id="CHINng">305168.24</dst>
            <dst id="DNVRng">46937.2133333333</dst>
            <dst id="HSTNng">19164.4106666667</dst>
            <dst id="IPLSng">100228.541333333</dst>
            <dst id="KSCYng">17984.3813333333</dst>
            <dst id="LOSAng">32125.5173333333</dst>
            <dst id="NYCMng">20466.784</dst>
            <dst id="SNVAng">3246.03733333333</dst>
            <dst id="STTLng">34404.88</dst>
            <dst id="WASHng">34840.6133333333</dst>
        </src>
        <src id="DNVRng">
            <dst id="ATLA-M5">1045.78133333333</dst>
            <dst id="ATLAng">14443.1546666667</dst>
            <dst id="CHINng">82430.5653333333</dst>
            <dst id="DNVRng">10830.4186666667</dst>
            <dst id="HSTNng">28132.6506666667</dst>
            <dst id="IPLSng">20965.752</dst>
            <dst id="KSCYng">17563.44</dst>
            <dst id="LOSAng">8918.34666666667</dst>
            <dst id="NYCMng">10557.448</dst>
            <dst id="SNVAng">13020.72</dst>
            <dst id="STTLng">22351.8106666667</dst>
            <dst id="WASHng">25428.8026666667</dst>
        </src>
        <src id="HSTNng">
            <dst id="ATLA-M5">470.498666666667</dst>
            <dst id="ATLAng">8097.27733333333</dst>
            <dst id="CHINng">16241.6986666667</dst>
            <dst id="DNVRng">2245.97866666667</dst>
            <dst id="HSTNng">18410.112</dst>
            <dst id="IPLSng">5239.85066666667</dst>
            <dst id="KSCYng">9315.11733333333</dst>
            <dst id="LOSAng">2660.90933333333</dst>
            <dst id="NYCMng">4903.29066666667</dst>
            <dst id="SNVAng">193.149333333333</dst>
            <dst id="STTLng">13059.016</dst>
            <dst id="WASHng">15274.9413333333</dst>
        </src>
        <src id="IPLSng">
            <dst id="ATLA-M5">359.504</dst>
            <dst id="ATLAng">39370.2906666667</dst>
            <dst id="CHINng">82255.7253333333</dst>
            <dst id="DNVRng">7354.432</dst>
            <dst id="HSTNng">8720.64533333334</dst>
            <dst id="IPLSng">48396.8426666667</dst>
            <dst id="KSCYng">17060.4106666667</dst>
            <dst id="LOSAng">16135.1493333333</dst>
            <dst id="NYCMng">19907.7493333333</dst>
            <dst id="SNVAng">2952.22666666667</dst>
            <dst id="STTLng">34181.0666666667</dst>
            <dst id="WASHng">36269.744</dst>
        </src>
        <src id="KSCYng">
            <dst id="ATLA-M5">665.544</dst>
            <dst id="ATLAng">7753.192</dst>
            <dst id="CHINng">25424.9893333333</dst>
            <dst id="DNVRng">7350.04533333333</dst>
            <dst id="HSTNng">5995.112</dst>
            <dst id="IPLSng">26994.9253333333</dst>
            <dst id="KSCYng">15923.7653333333</dst>
            <dst id="LOSAng">3661.36266666667</dst>
            <dst id="NYCMng">10219.4933333333</dst>
            <dst id="SNVAng">1979.072</dst>
            <dst id="STTLng">14491.384</dst>
            <dst id="WASHng">12797.2</dst>
        </src>
        <src id="LOSAng">
            <dst id="ATLA-M5">272.896</dst>
            <dst id="ATLAng">18194.8746666667</dst>
            <dst id="CHINng">140713.834666667</dst>
            <dst id="DNVRng">20494.2693333333</dst>
            <dst id="HSTNng">11798.7013333333</dst>
            <dst id="IPLSng">32955.4266666667</dst>
            <dst id="KSCYng">5999.29866666667</dst>
            <dst id="LOSAng">5989.54133333333</dst>
            <dst id="NYCMng">45360.5626666667</dst>
            <dst id="SNVAng">19789.7226666667</dst>
            <dst id="STTLng">64004.136</dst>
            <dst id="WASHng">50937.584</dst>
        </src>
        <src id="NYCMng">
            <dst id="ATLA-M5">853.938666666667</dst>
            <dst id="ATLAng">51948.8826666667</dst>
            <dst id="CHINng">40363.6586666667</dst>
            <dst id="DNVRng">11506.1573333333</dst>
            <dst id="HSTNng">16867.4533333333</dst>
            <dst id="IPLSng">39935.9626666667</dst>
            <dst id="KSCYng">13278.0506666667</dst>
            <dst id="LOSAng">51834.112</dst>
            <dst id="NYCMng">105901.528</dst>
            <dst id="SNVAng">2584.792</dst>
            <dst id="STTLng">29665.2293333333</dst>
            <dst id="WASHng">99979.608</dst>
        </src>
        <src id="SNVAng">
            <dst id="ATLA-M5">53.3333333333333</dst>
            <dst id="ATLAng">163.84</dst>
            <dst id="CHINng">122.208</dst>
            <dst id="DNVRng">2067.656</dst>
            <dst id="HSTNng">136.032</dst>
            <dst id="IPLSng">587.173333333333</dst>
            <dst id="KSCYng">53.3333333333333</dst>
            <dst id="LOSAng">7713.44533333333</dst>
            <dst id="NYCMng">99.416</dst>
            <dst id="SNVAng">9523.41866666667</dst>
            <dst id="STTLng">18138.3066666667</dst>
            <dst id="WASHng">373.829333333333</dst>
        </src>
        <src id="STTLng">
            <dst id="ATLA-M5">3558.82666666667</dst>
            <dst id="ATLAng">73522.256</dst>
            <dst id="CHINng">122695.36</dst>
            <dst id="DNVRng">23808.9173333333</dst>
            <dst id="HSTNng">40436.9226666667</dst>
            <dst id="IPLSng">108713.624</dst>
            <dst id="KSCYng">62750.7226666667</dst>
            <dst id="LOSAng">24665.0986666667</dst>
            <dst id="NYCMng">29013.5626666667</dst>
            <dst id="SNVAng">7839.73066666667</dst>
            <dst id="STTLng">18689.1546666667</dst>
            <dst id="WASHng">109717.608</dst>
        </src>
        <src id="WASHng">
            <dst id="ATLA-M5">4450.65066666667</dst>
            <dst id="ATLAng">127293.866666667</dst>
            <dst id="CHINng">95080.5493333333</dst>
            <dst id="DNVRng">51763.4346666667</dst>
            <dst id="HSTNng">30073.2053333333</dst>
            <dst id="IPLSng">54176.04</dst>
            <dst id="KSCYng">22399.8613333333</dst>
            <dst id="LOSAng">62150.464</dst>
            <dst id="NYCMng">172269.984</dst>
            <dst id="SNVAng">1471.15466666667</dst>
            <dst id="STTLng">58139.7413333333</dst>
            <dst id="WASHng">320011.146666667</dst>
        </src>
    </IntraTM>
</TrafficMatrixFile>
