<?xml version="1.0" encoding="ISO-8859-1" standalone="yes"?>
<TrafficMatrixFile xsi:noNamespaceSchemaLocation="http://totem.run.montefiore.ulg.ac.be/Schema/TrafficMatrix-v1_2.xsd" xmlns:xsi="http://www.w3.org/2001/XMLSchema-instance">
    <IntraTM ASID="11537">
        <src id="ATLA-M5">
            <dst id="ATLA-M5">26.6666666666667</dst>
            <dst id="ATLAng">1227.83466666667</dst>
            <dst id="CHINng">775.8</dst>
            <dst id="DNVRng">236.778666666667</dst>
            <dst id="HSTNng">343.605333333333</dst>
            <dst id="IPLSng">3036.41866666667</dst>
            <dst id="KSCYng">1265.62133333333</dst>
            <dst id="LOSAng">261.708</dst>
            <dst id="NYCMng">1338.14933333333</dst>
            <dst id="SNVAng">113.558666666667</dst>
            <dst id="STTLng">515.010666666667</dst>
            <dst id="WASHng">538.690666666667</dst>
        </src>
        <src id="ATLAng">
            <dst id="ATLA-M5">541.141333333333</dst>
            <dst id="ATLAng">70059.1173333333</dst>
            <dst id="CHINng">18204.448</dst>
            <dst id="DNVRng">5511.78133333333</dst>
            <dst id="HSTNng">7137.816</dst>
            <dst id="IPLSng">19738.024</dst>
            <dst id="KSCYng">5622.704</dst>
            <dst id="LOSAng">16678.7693333333</dst>
            <dst id="NYCMng">10114.64</dst>
            <dst id="SNVAng">727.156</dst>
            <dst id="STTLng">15111.056</dst>
            <dst id="WASHng">33961.3813333333</dst>
        </src>
        <src id="CHINng">
            <dst id="ATLA-M5">1802.02133333333</dst>
            <dst id="ATLAng">32841.792</dst>
            <dst id="CHINng">93136.9466666667</dst>
            <dst id="DNVRng">15557.9173333333</dst>
            <dst id="HSTNng">21806.952</dst>
            <dst id="IPLSng">62369.4373333333</dst>
            <dst id="KSCYng">17140.2506666667</dst>
            <dst id="LOSAng">54276.448</dst>
            <dst id="NYCMng">13831.5866666667</dst>
            <dst id="SNVAng">5557.11466666667</dst>
            <dst id="STTLng">22368.6106666667</dst>
            <dst id="WASHng">59643.616</dst>
        </src>
        <src id="DNVRng">
            <dst id="ATLA-M5">285.325333333333</dst>
            <dst id="ATLAng">10199.1146666667</dst>
            <dst id="CHINng">75979.9946666667</dst>
            <dst id="DNVRng">21794.7973333333</dst>
            <dst id="HSTNng">15314.016</dst>
            <dst id="IPLSng">15883.28</dst>
            <dst id="KSCYng">19139.2266666667</dst>
            <dst id="LOSAng">10960.1466666667</dst>
            <dst id="NYCMng">18460.0933333333</dst>
            <dst id="SNVAng">13013.352</dst>
            <dst id="STTLng">27967.16</dst>
            <dst id="WASHng">25803.0426666667</dst>
        </src>
        <src id="HSTNng">
            <dst id="ATLA-M5">887.933333333333</dst>
            <dst id="ATLAng">7206.208</dst>
            <dst id="CHINng">17438.0346666667</dst>
            <dst id="DNVRng">2965.95466666667</dst>
            <dst id="HSTNng">22057.176</dst>
            <dst id="IPLSng">5630.59466666667</dst>
            <dst id="KSCYng">10917.7626666667</dst>
            <dst id="LOSAng">7846.69333333333</dst>
            <dst id="NYCMng">3034.42666666667</dst>
            <dst id="SNVAng">211.829333333333</dst>
            <dst id="STTLng">7303.30666666667</dst>
            <dst id="WASHng">15085.744</dst>
        </src>
        <src id="IPLSng">
            <dst id="ATLA-M5">482.994666666667</dst>
            <dst id="ATLAng">10357.3306666667</dst>
            <dst id="CHINng">48375.1013333333</dst>
            <dst id="DNVRng">13279.848</dst>
            <dst id="HSTNng">5334.50133333333</dst>
            <dst id="IPLSng">12448.04</dst>
            <dst id="KSCYng">15046.8266666667</dst>
            <dst id="LOSAng">18273.2426666667</dst>
            <dst id="NYCMng">6507.88266666667</dst>
            <dst id="SNVAng">1039.144</dst>
            <dst id="STTLng">33921.344</dst>
            <dst id="WASHng">21365.392</dst>
        </src>
        <src id="KSCYng">
            <dst id="ATLA-M5">288.194666666667</dst>
            <dst id="ATLAng">8684.88266666667</dst>
            <dst id="CHINng">24088.6106666667</dst>
            <dst id="DNVRng">9004.12533333333</dst>
            <dst id="HSTNng">5972.096</dst>
            <dst id="IPLSng">26449.5973333333</dst>
            <dst id="KSCYng">18267.5573333333</dst>
            <dst id="LOSAng">5244.38933333333</dst>
            <dst id="NYCMng">4429.184</dst>
            <dst id="SNVAng">2846.144</dst>
            <dst id="STTLng">11803.3573333333</dst>
            <dst id="WASHng">22710.8453333333</dst>
        </src>
        <src id="LOSAng">
            <dst id="ATLA-M5">348.461333333333</dst>
            <dst id="ATLAng">12113.6053333333</dst>
            <dst id="CHINng">6450649.33333333</dst>
            <dst id="DNVRng">23215.016</dst>
            <dst id="HSTNng">13230.6213333333</dst>
            <dst id="IPLSng">31545.2586666667</dst>
            <dst id="KSCYng">4563.10666666667</dst>
            <dst id="LOSAng">14837.448</dst>
            <dst id="NYCMng">51532.9333333333</dst>
            <dst id="SNVAng">20403.768</dst>
            <dst id="STTLng">61446.9573333333</dst>
            <dst id="WASHng">55177.544</dst>
        </src>
        <src id="NYCMng">
            <dst id="ATLA-M5">780.685333333333</dst>
            <dst id="ATLAng">35278.2186666667</dst>
            <dst id="CHINng">32527.3813333333</dst>
            <dst id="DNVRng">18755.752</dst>
            <dst id="HSTNng">21943.0213333333</dst>
            <dst id="IPLSng">27516.4986666667</dst>
            <dst id="KSCYng">13682.976</dst>
            <dst id="LOSAng">72722.0666666667</dst>
            <dst id="NYCMng">86623.4506666667</dst>
            <dst id="SNVAng">3485.13066666667</dst>
            <dst id="STTLng">26279.6</dst>
            <dst id="WASHng">104521.578666667</dst>
        </src>
        <src id="SNVAng">
            <dst id="ATLA-M5">0</dst>
            <dst id="ATLAng">0</dst>
            <dst id="CHINng">26.6666666666667</dst>
            <dst id="DNVRng">2491.30933333333</dst>
            <dst id="HSTNng">26.6666666666667</dst>
            <dst id="IPLSng">420.141333333333</dst>
            <dst id="KSCYng">26.6666666666667</dst>
            <dst id="LOSAng">7840.27466666667</dst>
            <dst id="NYCMng">371.84</dst>
            <dst id="SNVAng">10599.312</dst>
            <dst id="STTLng">25772.6026666667</dst>
            <dst id="WASHng">70.5653333333333</dst>
        </src>
        <src id="STTLng">
            <dst id="ATLA-M5">2076.28</dst>
            <dst id="ATLAng">25300.168</dst>
            <dst id="CHINng">42767.5706666667</dst>
            <dst id="DNVRng">18528.1093333333</dst>
            <dst id="HSTNng">11620.912</dst>
            <dst id="IPLSng">42827.304</dst>
            <dst id="KSCYng">31223.2026666667</dst>
            <dst id="LOSAng">50366.208</dst>
            <dst id="NYCMng">15215.3173333333</dst>
            <dst id="SNVAng">7906.48533333333</dst>
            <dst id="STTLng">26191.032</dst>
            <dst id="WASHng">44153.6186666667</dst>
        </src>
        <src id="WASHng">
            <dst id="ATLA-M5">761.933333333334</dst>
            <dst id="ATLAng">85127.1973333333</dst>
            <dst id="CHINng">78932.5226666667</dst>
            <dst id="DNVRng">68647.6186666667</dst>
            <dst id="HSTNng">25815.072</dst>
            <dst id="IPLSng">58547.336</dst>
            <dst id="KSCYng">21919.5626666667</dst>
            <dst id="LOSAng">102145.082666667</dst>
            <dst id="NYCMng">220059.672</dst>
            <dst id="SNVAng">4611.25066666667</dst>
            <dst id="STTLng">59507.48</dst>
            <dst id="WASHng">241195.856</dst>
        </src>
    </IntraTM>
</TrafficMatrixFile>
