<?xml version="1.0" encoding="ISO-8859-1" standalone="yes"?>
<TrafficMatrixFile xsi:noNamespaceSchemaLocation="http://totem.run.montefiore.ulg.ac.be/Schema/TrafficMatrix-v1_2.xsd" xmlns:xsi="http://www.w3.org/2001/XMLSchema-instance">
    <IntraTM ASID="11537">
        <src id="ATLA-M5">
            <dst id="ATLA-M5">907.192</dst>
            <dst id="ATLAng">603.749333333333</dst>
            <dst id="CHINng">404.256</dst>
            <dst id="DNVRng">638.576</dst>
            <dst id="HSTNng">260.722666666667</dst>
            <dst id="IPLSng">1095.728</dst>
            <dst id="KSCYng">493.765333333333</dst>
            <dst id="LOSAng">193.890666666667</dst>
            <dst id="NYCMng">1369.456</dst>
            <dst id="SNVAng">113.890666666667</dst>
            <dst id="STTLng">576.944</dst>
            <dst id="WASHng">1616.32</dst>
        </src>
        <src id="ATLAng">
            <dst id="ATLA-M5">454.568</dst>
            <dst id="ATLAng">43474.7013333333</dst>
            <dst id="CHINng">22954.3626666667</dst>
            <dst id="DNVRng">5453.59466666667</dst>
            <dst id="HSTNng">3908.40266666667</dst>
            <dst id="IPLSng">20782.8986666667</dst>
            <dst id="KSCYng">5157.39466666667</dst>
            <dst id="LOSAng">13283.2626666667</dst>
            <dst id="NYCMng">9867.14933333333</dst>
            <dst id="SNVAng">870.292</dst>
            <dst id="STTLng">12211.5706666667</dst>
            <dst id="WASHng">34198.0346666667</dst>
        </src>
        <src id="CHINng">
            <dst id="ATLA-M5">1359.38133333333</dst>
            <dst id="ATLAng">32989.544</dst>
            <dst id="CHINng">688933.466666667</dst>
            <dst id="DNVRng">17252.0266666667</dst>
            <dst id="HSTNng">17161.016</dst>
            <dst id="IPLSng">67863.28</dst>
            <dst id="KSCYng">16961.28</dst>
            <dst id="LOSAng">43564.6213333333</dst>
            <dst id="NYCMng">15067.36</dst>
            <dst id="SNVAng">5820.77866666667</dst>
            <dst id="STTLng">28046.0426666667</dst>
            <dst id="WASHng">34086.6266666667</dst>
        </src>
        <src id="DNVRng">
            <dst id="ATLA-M5">456.389333333333</dst>
            <dst id="ATLAng">6133.70133333333</dst>
            <dst id="CHINng">45135.424</dst>
            <dst id="DNVRng">14207.928</dst>
            <dst id="HSTNng">17084.1893333333</dst>
            <dst id="IPLSng">11706.2773333333</dst>
            <dst id="KSCYng">16032.8533333333</dst>
            <dst id="LOSAng">12513.3786666667</dst>
            <dst id="NYCMng">14798.0213333333</dst>
            <dst id="SNVAng">12881.472</dst>
            <dst id="STTLng">32840.5386666667</dst>
            <dst id="WASHng">23491.8826666667</dst>
        </src>
        <src id="HSTNng">
            <dst id="ATLA-M5">486.906666666667</dst>
            <dst id="ATLAng">4050.296</dst>
            <dst id="CHINng">16280.2426666667</dst>
            <dst id="DNVRng">1913.368</dst>
            <dst id="HSTNng">14692.4506666667</dst>
            <dst id="IPLSng">5295.776</dst>
            <dst id="KSCYng">10848.7733333333</dst>
            <dst id="LOSAng">8841.32533333333</dst>
            <dst id="NYCMng">3814.27733333333</dst>
            <dst id="SNVAng">224.709333333333</dst>
            <dst id="STTLng">7133.824</dst>
            <dst id="WASHng">7094.936</dst>
        </src>
        <src id="IPLSng">
            <dst id="ATLA-M5">262.794666666667</dst>
            <dst id="ATLAng">10786.0133333333</dst>
            <dst id="CHINng">56073.088</dst>
            <dst id="DNVRng">7397.27733333333</dst>
            <dst id="HSTNng">3157.13333333333</dst>
            <dst id="IPLSng">22744.4106666667</dst>
            <dst id="KSCYng">14476.4986666667</dst>
            <dst id="LOSAng">19398.5546666667</dst>
            <dst id="NYCMng">9376.49866666666</dst>
            <dst id="SNVAng">1804.02133333333</dst>
            <dst id="STTLng">30937.7973333333</dst>
            <dst id="WASHng">17051.88</dst>
        </src>
        <src id="KSCYng">
            <dst id="ATLA-M5">280.36</dst>
            <dst id="ATLAng">7674.792</dst>
            <dst id="CHINng">18655.3706666667</dst>
            <dst id="DNVRng">10371.4853333333</dst>
            <dst id="HSTNng">5160.40533333333</dst>
            <dst id="IPLSng">22763.7306666667</dst>
            <dst id="KSCYng">19177.528</dst>
            <dst id="LOSAng">5768.98133333333</dst>
            <dst id="NYCMng">7784.10133333333</dst>
            <dst id="SNVAng">3112.81066666667</dst>
            <dst id="STTLng">10353.584</dst>
            <dst id="WASHng">13872.9306666667</dst>
        </src>
        <src id="LOSAng">
            <dst id="ATLA-M5">1073.49066666667</dst>
            <dst id="ATLAng">13736.2986666667</dst>
            <dst id="CHINng">6306300</dst>
            <dst id="DNVRng">11625.1413333333</dst>
            <dst id="HSTNng">7059.224</dst>
            <dst id="IPLSng">23636.1573333333</dst>
            <dst id="KSCYng">6845.49333333333</dst>
            <dst id="LOSAng">15617.7866666667</dst>
            <dst id="NYCMng">49537.0853333333</dst>
            <dst id="SNVAng">20178.7573333333</dst>
            <dst id="STTLng">63540.3626666667</dst>
            <dst id="WASHng">55026.616</dst>
        </src>
        <src id="NYCMng">
            <dst id="ATLA-M5">692.776</dst>
            <dst id="ATLAng">40965.0293333333</dst>
            <dst id="CHINng">43889.416</dst>
            <dst id="DNVRng">21273.032</dst>
            <dst id="HSTNng">31332.512</dst>
            <dst id="IPLSng">31786.824</dst>
            <dst id="KSCYng">17995.808</dst>
            <dst id="LOSAng">66782.2373333333</dst>
            <dst id="NYCMng">78988.432</dst>
            <dst id="SNVAng">5104.21866666667</dst>
            <dst id="STTLng">35263.2746666667</dst>
            <dst id="WASHng">107663.784</dst>
        </src>
        <src id="SNVAng">
            <dst id="ATLA-M5">0</dst>
            <dst id="ATLAng">53.3333333333333</dst>
            <dst id="CHINng">80</dst>
            <dst id="DNVRng">2376.86933333333</dst>
            <dst id="HSTNng">0</dst>
            <dst id="IPLSng">449.589333333333</dst>
            <dst id="KSCYng">0</dst>
            <dst id="LOSAng">10265.4213333333</dst>
            <dst id="NYCMng">473.08</dst>
            <dst id="SNVAng">8662.95466666667</dst>
            <dst id="STTLng">20370.5706666667</dst>
            <dst id="WASHng">56.5546666666666</dst>
        </src>
        <src id="STTLng">
            <dst id="ATLA-M5">1400.16533333333</dst>
            <dst id="ATLAng">26526.384</dst>
            <dst id="CHINng">51365.7546666667</dst>
            <dst id="DNVRng">13951.9093333333</dst>
            <dst id="HSTNng">9163.568</dst>
            <dst id="IPLSng">40611.112</dst>
            <dst id="KSCYng">20357.032</dst>
            <dst id="LOSAng">43648.648</dst>
            <dst id="NYCMng">13154.0853333333</dst>
            <dst id="SNVAng">3742.38666666667</dst>
            <dst id="STTLng">27698.1626666667</dst>
            <dst id="WASHng">41776.5733333333</dst>
        </src>
        <src id="WASHng">
            <dst id="ATLA-M5">1077.43466666667</dst>
            <dst id="ATLAng">109669.605333333</dst>
            <dst id="CHINng">79629.9973333333</dst>
            <dst id="DNVRng">66433.416</dst>
            <dst id="HSTNng">35108.6373333333</dst>
            <dst id="IPLSng">63859.3093333333</dst>
            <dst id="KSCYng">19878.128</dst>
            <dst id="LOSAng">82402.6453333333</dst>
            <dst id="NYCMng">234548.488</dst>
            <dst id="SNVAng">4037.60533333333</dst>
            <dst id="STTLng">52874.384</dst>
            <dst id="WASHng">242317.136</dst>
        </src>
    </IntraTM>
</TrafficMatrixFile>
