<?xml version="1.0" encoding="ISO-8859-1" standalone="yes"?>
<TrafficMatrixFile xsi:noNamespaceSchemaLocation="http://totem.run.montefiore.ulg.ac.be/Schema/TrafficMatrix-v1_2.xsd" xmlns:xsi="http://www.w3.org/2001/XMLSchema-instance">
    <IntraTM ASID="11537">
        <src id="ATLA-M5">
            <dst id="ATLA-M5">874.773333333333</dst>
            <dst id="ATLAng">646.152</dst>
            <dst id="CHINng">517.837333333333</dst>
            <dst id="DNVRng">679.677333333333</dst>
            <dst id="HSTNng">515.101333333333</dst>
            <dst id="IPLSng">1077.72</dst>
            <dst id="KSCYng">305.216</dst>
            <dst id="LOSAng">281.818666666667</dst>
            <dst id="NYCMng">1285.97066666667</dst>
            <dst id="SNVAng">90.576</dst>
            <dst id="STTLng">849.136</dst>
            <dst id="WASHng">2113.71466666667</dst>
        </src>
        <src id="ATLAng">
            <dst id="ATLA-M5">921.317333333333</dst>
            <dst id="ATLAng">42060.728</dst>
            <dst id="CHINng">20433.672</dst>
            <dst id="DNVRng">6299.968</dst>
            <dst id="HSTNng">4639.56</dst>
            <dst id="IPLSng">19641.8506666667</dst>
            <dst id="KSCYng">4593.54666666667</dst>
            <dst id="LOSAng">19862.3693333333</dst>
            <dst id="NYCMng">11120.0186666667</dst>
            <dst id="SNVAng">746.028</dst>
            <dst id="STTLng">11244.5413333333</dst>
            <dst id="WASHng">35211.1866666667</dst>
        </src>
        <src id="CHINng">
            <dst id="ATLA-M5">1181.56266666667</dst>
            <dst id="ATLAng">39780.5226666667</dst>
            <dst id="CHINng">90790.1306666667</dst>
            <dst id="DNVRng">19019.1333333333</dst>
            <dst id="HSTNng">18204.1226666667</dst>
            <dst id="IPLSng">65261.6586666667</dst>
            <dst id="KSCYng">15880.92</dst>
            <dst id="LOSAng">46428.4266666667</dst>
            <dst id="NYCMng">15750.544</dst>
            <dst id="SNVAng">5475.616</dst>
            <dst id="STTLng">22263.3226666667</dst>
            <dst id="WASHng">30409.472</dst>
        </src>
        <src id="DNVRng">
            <dst id="ATLA-M5">186.685333333333</dst>
            <dst id="ATLAng">11674.6106666667</dst>
            <dst id="CHINng">48166.28</dst>
            <dst id="DNVRng">12442.5493333333</dst>
            <dst id="HSTNng">17256.3546666667</dst>
            <dst id="IPLSng">10536.8693333333</dst>
            <dst id="KSCYng">15488.264</dst>
            <dst id="LOSAng">9729.056</dst>
            <dst id="NYCMng">13990.6293333333</dst>
            <dst id="SNVAng">10649.2666666667</dst>
            <dst id="STTLng">31270.456</dst>
            <dst id="WASHng">22541.2826666667</dst>
        </src>
        <src id="HSTNng">
            <dst id="ATLA-M5">2659.65066666667</dst>
            <dst id="ATLAng">3633.248</dst>
            <dst id="CHINng">18469.0693333333</dst>
            <dst id="DNVRng">2113.96266666667</dst>
            <dst id="HSTNng">15845.6933333333</dst>
            <dst id="IPLSng">4979.784</dst>
            <dst id="KSCYng">9417.23733333333</dst>
            <dst id="LOSAng">7315.29333333333</dst>
            <dst id="NYCMng">2771.77333333333</dst>
            <dst id="SNVAng">159.178666666667</dst>
            <dst id="STTLng">7810.00533333333</dst>
            <dst id="WASHng">6488.288</dst>
        </src>
        <src id="IPLSng">
            <dst id="ATLA-M5">466.573333333333</dst>
            <dst id="ATLAng">11001.9546666667</dst>
            <dst id="CHINng">53787.6</dst>
            <dst id="DNVRng">9626.112</dst>
            <dst id="HSTNng">3371.17066666667</dst>
            <dst id="IPLSng">18570.304</dst>
            <dst id="KSCYng">14089.7333333333</dst>
            <dst id="LOSAng">17260.3146666667</dst>
            <dst id="NYCMng">9729.70133333333</dst>
            <dst id="SNVAng">1867.312</dst>
            <dst id="STTLng">38840.0693333333</dst>
            <dst id="WASHng">19203.888</dst>
        </src>
        <src id="KSCYng">
            <dst id="ATLA-M5">213.237333333333</dst>
            <dst id="ATLAng">7100.28</dst>
            <dst id="CHINng">17983.6453333333</dst>
            <dst id="DNVRng">9046.78933333333</dst>
            <dst id="HSTNng">4941.936</dst>
            <dst id="IPLSng">22271.2933333333</dst>
            <dst id="KSCYng">18751.4026666667</dst>
            <dst id="LOSAng">5052.648</dst>
            <dst id="NYCMng">8205.00266666667</dst>
            <dst id="SNVAng">2946.17866666667</dst>
            <dst id="STTLng">10554.6053333333</dst>
            <dst id="WASHng">13147.5653333333</dst>
        </src>
        <src id="LOSAng">
            <dst id="ATLA-M5">1180.47466666667</dst>
            <dst id="ATLAng">14402.6426666667</dst>
            <dst id="CHINng">6289718.66666667</dst>
            <dst id="DNVRng">13099.2826666667</dst>
            <dst id="HSTNng">4842.34933333333</dst>
            <dst id="IPLSng">24591.0986666667</dst>
            <dst id="KSCYng">11434.896</dst>
            <dst id="LOSAng">14346.3893333333</dst>
            <dst id="NYCMng">53051.9146666667</dst>
            <dst id="SNVAng">20248.7146666667</dst>
            <dst id="STTLng">62536.408</dst>
            <dst id="WASHng">91781.272</dst>
        </src>
        <src id="NYCMng">
            <dst id="ATLA-M5">502.509333333333</dst>
            <dst id="ATLAng">32652.984</dst>
            <dst id="CHINng">42729.7386666667</dst>
            <dst id="DNVRng">18713.6746666667</dst>
            <dst id="HSTNng">33538.6106666667</dst>
            <dst id="IPLSng">34678.2426666667</dst>
            <dst id="KSCYng">15974.7093333333</dst>
            <dst id="LOSAng">74359.7786666667</dst>
            <dst id="NYCMng">83472.7973333333</dst>
            <dst id="SNVAng">4602.42133333333</dst>
            <dst id="STTLng">33040.72</dst>
            <dst id="WASHng">109626.432</dst>
        </src>
        <src id="SNVAng">
            <dst id="ATLA-M5">0</dst>
            <dst id="ATLAng">26.6666666666667</dst>
            <dst id="CHINng">26.6666666666667</dst>
            <dst id="DNVRng">1158.72</dst>
            <dst id="HSTNng">26.6666666666667</dst>
            <dst id="IPLSng">381.042666666667</dst>
            <dst id="KSCYng">26.6666666666667</dst>
            <dst id="LOSAng">8692.87733333333</dst>
            <dst id="NYCMng">259.221333333333</dst>
            <dst id="SNVAng">8820.864</dst>
            <dst id="STTLng">20547.1493333333</dst>
            <dst id="WASHng">186.666666666667</dst>
        </src>
        <src id="STTLng">
            <dst id="ATLA-M5">1495.36266666667</dst>
            <dst id="ATLAng">21640.2773333333</dst>
            <dst id="CHINng">45481.4266666667</dst>
            <dst id="DNVRng">16330.8693333333</dst>
            <dst id="HSTNng">10509.3013333333</dst>
            <dst id="IPLSng">34742.0053333333</dst>
            <dst id="KSCYng">23245.9626666667</dst>
            <dst id="LOSAng">42981.248</dst>
            <dst id="NYCMng">13783.872</dst>
            <dst id="SNVAng">2565.99733333333</dst>
            <dst id="STTLng">25884.192</dst>
            <dst id="WASHng">40139.2986666667</dst>
        </src>
        <src id="WASHng">
            <dst id="ATLA-M5">1125.37333333333</dst>
            <dst id="ATLAng">93270.2346666667</dst>
            <dst id="CHINng">75614.1893333333</dst>
            <dst id="DNVRng">65559.024</dst>
            <dst id="HSTNng">37668.9066666667</dst>
            <dst id="IPLSng">61846.8133333333</dst>
            <dst id="KSCYng">19945.824</dst>
            <dst id="LOSAng">94677.792</dst>
            <dst id="NYCMng">200630.888</dst>
            <dst id="SNVAng">3989.84266666667</dst>
            <dst id="STTLng">47786.792</dst>
            <dst id="WASHng">190162.36</dst>
        </src>
    </IntraTM>
</TrafficMatrixFile>
