<?xml version="1.0" encoding="ISO-8859-1" standalone="yes"?>
<TrafficMatrixFile xsi:noNamespaceSchemaLocation="http://totem.run.montefiore.ulg.ac.be/Schema/TrafficMatrix-v1_2.xsd" xmlns:xsi="http://www.w3.org/2001/XMLSchema-instance">
    <IntraTM ASID="11537">
        <src id="ATLA-M5">
            <dst id="ATLA-M5">90.0853333333334</dst>
            <dst id="ATLAng">634.816</dst>
            <dst id="CHINng">1185.08</dst>
            <dst id="DNVRng">26.6666666666667</dst>
            <dst id="HSTNng">142.544</dst>
            <dst id="IPLSng">857.581333333333</dst>
            <dst id="KSCYng">311.362666666667</dst>
            <dst id="LOSAng">157.269333333333</dst>
            <dst id="NYCMng">296.589333333333</dst>
            <dst id="SNVAng">63.032</dst>
            <dst id="STTLng">775.384</dst>
            <dst id="WASHng">1840.97333333333</dst>
        </src>
        <src id="ATLAng">
            <dst id="ATLA-M5">334.290666666667</dst>
            <dst id="ATLAng">41635.8373333333</dst>
            <dst id="CHINng">17209.7226666667</dst>
            <dst id="DNVRng">1861.81066666667</dst>
            <dst id="HSTNng">10450.552</dst>
            <dst id="IPLSng">20381.512</dst>
            <dst id="KSCYng">13868.592</dst>
            <dst id="LOSAng">17421.1626666667</dst>
            <dst id="NYCMng">13271.744</dst>
            <dst id="SNVAng">944.962666666667</dst>
            <dst id="STTLng">22385.44</dst>
            <dst id="WASHng">65135.7573333333</dst>
        </src>
        <src id="CHINng">
            <dst id="ATLA-M5">926.517333333333</dst>
            <dst id="ATLAng">30297.8106666667</dst>
            <dst id="CHINng">127096.805333333</dst>
            <dst id="DNVRng">14256.9626666667</dst>
            <dst id="HSTNng">23386.7493333333</dst>
            <dst id="IPLSng">95134.0826666667</dst>
            <dst id="KSCYng">21677.3226666667</dst>
            <dst id="LOSAng">86796.416</dst>
            <dst id="NYCMng">19867.776</dst>
            <dst id="SNVAng">3496.23466666667</dst>
            <dst id="STTLng">35147.1493333333</dst>
            <dst id="WASHng">35529.9413333333</dst>
        </src>
        <src id="DNVRng">
            <dst id="ATLA-M5">228.450666666667</dst>
            <dst id="ATLAng">12339.7626666667</dst>
            <dst id="CHINng">73906.2613333334</dst>
            <dst id="DNVRng">15155.064</dst>
            <dst id="HSTNng">27100.16</dst>
            <dst id="IPLSng">19040.088</dst>
            <dst id="KSCYng">27287.4693333333</dst>
            <dst id="LOSAng">14324.408</dst>
            <dst id="NYCMng">13300.552</dst>
            <dst id="SNVAng">15325.1306666667</dst>
            <dst id="STTLng">27701.192</dst>
            <dst id="WASHng">27367.8853333333</dst>
        </src>
        <src id="HSTNng">
            <dst id="ATLA-M5">1252.08533333333</dst>
            <dst id="ATLAng">7989.01066666667</dst>
            <dst id="CHINng">14949.0826666667</dst>
            <dst id="DNVRng">1505.78666666667</dst>
            <dst id="HSTNng">22118.032</dst>
            <dst id="IPLSng">5834.17066666667</dst>
            <dst id="KSCYng">10986.0506666667</dst>
            <dst id="LOSAng">2520.79466666667</dst>
            <dst id="NYCMng">4710.22933333333</dst>
            <dst id="SNVAng">698.146666666667</dst>
            <dst id="STTLng">12250.5973333333</dst>
            <dst id="WASHng">18209.9786666667</dst>
        </src>
        <src id="IPLSng">
            <dst id="ATLA-M5">472.562666666667</dst>
            <dst id="ATLAng">37635.3493333333</dst>
            <dst id="CHINng">77989.7333333333</dst>
            <dst id="DNVRng">22720.0853333333</dst>
            <dst id="HSTNng">5712.504</dst>
            <dst id="IPLSng">24934.1706666667</dst>
            <dst id="KSCYng">18902.9813333333</dst>
            <dst id="LOSAng">19565.096</dst>
            <dst id="NYCMng">15877.9653333333</dst>
            <dst id="SNVAng">794.893333333333</dst>
            <dst id="STTLng">31613.2266666667</dst>
            <dst id="WASHng">41194.2693333333</dst>
        </src>
        <src id="KSCYng">
            <dst id="ATLA-M5">702.192</dst>
            <dst id="ATLAng">9592.89333333334</dst>
            <dst id="CHINng">25768.1973333333</dst>
            <dst id="DNVRng">9624.38133333333</dst>
            <dst id="HSTNng">6901.96</dst>
            <dst id="IPLSng">24922.1573333333</dst>
            <dst id="KSCYng">19365.2986666667</dst>
            <dst id="LOSAng">5623.43466666667</dst>
            <dst id="NYCMng">10291.232</dst>
            <dst id="SNVAng">2173.30933333333</dst>
            <dst id="STTLng">14065.2586666667</dst>
            <dst id="WASHng">18052.8773333333</dst>
        </src>
        <src id="LOSAng">
            <dst id="ATLA-M5">215.072</dst>
            <dst id="ATLAng">20934.4506666667</dst>
            <dst id="CHINng">143465.248</dst>
            <dst id="DNVRng">15481.4506666667</dst>
            <dst id="HSTNng">10988.632</dst>
            <dst id="IPLSng">29559.3573333333</dst>
            <dst id="KSCYng">6772.36</dst>
            <dst id="LOSAng">6268.61066666666</dst>
            <dst id="NYCMng">41235.3226666667</dst>
            <dst id="SNVAng">17257.3146666667</dst>
            <dst id="STTLng">66154.4986666667</dst>
            <dst id="WASHng">54331.5493333333</dst>
        </src>
        <src id="NYCMng">
            <dst id="ATLA-M5">834.757333333333</dst>
            <dst id="ATLAng">58959.832</dst>
            <dst id="CHINng">36967.896</dst>
            <dst id="DNVRng">13955.624</dst>
            <dst id="HSTNng">14443.72</dst>
            <dst id="IPLSng">43453.896</dst>
            <dst id="KSCYng">16120.848</dst>
            <dst id="LOSAng">53766.0186666667</dst>
            <dst id="NYCMng">119538.973333333</dst>
            <dst id="SNVAng">2186.37866666667</dst>
            <dst id="STTLng">26756.2826666667</dst>
            <dst id="WASHng">83430.4533333333</dst>
        </src>
        <src id="SNVAng">
            <dst id="ATLA-M5">0</dst>
            <dst id="ATLAng">184.152</dst>
            <dst id="CHINng">80</dst>
            <dst id="DNVRng">4097.25866666667</dst>
            <dst id="HSTNng">201.037333333333</dst>
            <dst id="IPLSng">439.04</dst>
            <dst id="KSCYng">101.738666666667</dst>
            <dst id="LOSAng">7887.77333333333</dst>
            <dst id="NYCMng">53.3333333333333</dst>
            <dst id="SNVAng">9135.54133333333</dst>
            <dst id="STTLng">18942.7013333333</dst>
            <dst id="WASHng">649.765333333333</dst>
        </src>
        <src id="STTLng">
            <dst id="ATLA-M5">3773.59733333333</dst>
            <dst id="ATLAng">73664.104</dst>
            <dst id="CHINng">148628.152</dst>
            <dst id="DNVRng">29955.528</dst>
            <dst id="HSTNng">46396.0773333333</dst>
            <dst id="IPLSng">100723.458666667</dst>
            <dst id="KSCYng">55765.312</dst>
            <dst id="LOSAng">24615.7493333333</dst>
            <dst id="NYCMng">36842.8906666667</dst>
            <dst id="SNVAng">7695.432</dst>
            <dst id="STTLng">23304.072</dst>
            <dst id="WASHng">117477.669333333</dst>
        </src>
        <src id="WASHng">
            <dst id="ATLA-M5">8715.21066666667</dst>
            <dst id="ATLAng">117334.141333333</dst>
            <dst id="CHINng">95558.616</dst>
            <dst id="DNVRng">75394.224</dst>
            <dst id="HSTNng">33366.8906666667</dst>
            <dst id="IPLSng">67131.8026666667</dst>
            <dst id="KSCYng">18164.36</dst>
            <dst id="LOSAng">69220.512</dst>
            <dst id="NYCMng">210970.602666667</dst>
            <dst id="SNVAng">3051.64266666667</dst>
            <dst id="STTLng">54251.0026666667</dst>
            <dst id="WASHng">354274.8</dst>
        </src>
    </IntraTM>
</TrafficMatrixFile>
