<?xml version="1.0" encoding="ISO-8859-1" standalone="yes"?>
<TrafficMatrixFile xsi:noNamespaceSchemaLocation="http://totem.run.montefiore.ulg.ac.be/Schema/TrafficMatrix-v1_2.xsd" xmlns:xsi="http://www.w3.org/2001/XMLSchema-instance">
    <IntraTM ASID="11537">
        <src id="ATLA-M5">
            <dst id="ATLA-M5">0</dst>
            <dst id="ATLAng">453.429333333333</dst>
            <dst id="CHINng">2000.93066666667</dst>
            <dst id="DNVRng">835.573333333333</dst>
            <dst id="HSTNng">177.344</dst>
            <dst id="IPLSng">277.242666666667</dst>
            <dst id="KSCYng">193.6</dst>
            <dst id="LOSAng">408.128</dst>
            <dst id="NYCMng">1881.696</dst>
            <dst id="SNVAng">87.9653333333333</dst>
            <dst id="STTLng">933.112</dst>
            <dst id="WASHng">946.418666666667</dst>
        </src>
        <src id="ATLAng">
            <dst id="ATLA-M5">191.037333333333</dst>
            <dst id="ATLAng">43429.0053333333</dst>
            <dst id="CHINng">17280.84</dst>
            <dst id="DNVRng">3767.48266666667</dst>
            <dst id="HSTNng">6669.84</dst>
            <dst id="IPLSng">21080.7866666667</dst>
            <dst id="KSCYng">3250.40266666667</dst>
            <dst id="LOSAng">26651.3346666667</dst>
            <dst id="NYCMng">6490.072</dst>
            <dst id="SNVAng">362.974666666667</dst>
            <dst id="STTLng">9184.312</dst>
            <dst id="WASHng">53152.1893333333</dst>
        </src>
        <src id="CHINng">
            <dst id="ATLA-M5">476.834666666667</dst>
            <dst id="ATLAng">15715.8053333333</dst>
            <dst id="CHINng">117323.893333333</dst>
            <dst id="DNVRng">14850.2826666667</dst>
            <dst id="HSTNng">11243.2453333333</dst>
            <dst id="IPLSng">69235.1173333333</dst>
            <dst id="KSCYng">11575.2453333333</dst>
            <dst id="LOSAng">33781.0773333333</dst>
            <dst id="NYCMng">16531.832</dst>
            <dst id="SNVAng">4585.09066666667</dst>
            <dst id="STTLng">20211.344</dst>
            <dst id="WASHng">19382.8533333333</dst>
        </src>
        <src id="DNVRng">
            <dst id="ATLA-M5">656.637333333333</dst>
            <dst id="ATLAng">3555.632</dst>
            <dst id="CHINng">73290.688</dst>
            <dst id="DNVRng">17200.248</dst>
            <dst id="HSTNng">13832.0026666667</dst>
            <dst id="IPLSng">9530.34933333334</dst>
            <dst id="KSCYng">26237.4666666667</dst>
            <dst id="LOSAng">7055.08266666666</dst>
            <dst id="NYCMng">7938.66666666667</dst>
            <dst id="SNVAng">12028.04</dst>
            <dst id="STTLng">19869.5306666667</dst>
            <dst id="WASHng">26096.2693333333</dst>
        </src>
        <src id="HSTNng">
            <dst id="ATLA-M5">3343.08</dst>
            <dst id="ATLAng">2553.168</dst>
            <dst id="CHINng">16931.3253333333</dst>
            <dst id="DNVRng">4037.32</dst>
            <dst id="HSTNng">16389.0026666667</dst>
            <dst id="IPLSng">2333.208</dst>
            <dst id="KSCYng">11943.8293333333</dst>
            <dst id="LOSAng">4026.65333333333</dst>
            <dst id="NYCMng">4185.03466666667</dst>
            <dst id="SNVAng">62.936</dst>
            <dst id="STTLng">6327.80266666667</dst>
            <dst id="WASHng">15467.128</dst>
        </src>
        <src id="IPLSng">
            <dst id="ATLA-M5">676.834666666667</dst>
            <dst id="ATLAng">5374.816</dst>
            <dst id="CHINng">90804.3386666667</dst>
            <dst id="DNVRng">4993.01066666667</dst>
            <dst id="HSTNng">2024.09066666667</dst>
            <dst id="IPLSng">7923.408</dst>
            <dst id="KSCYng">2984.33866666667</dst>
            <dst id="LOSAng">20453.944</dst>
            <dst id="NYCMng">6778.94133333333</dst>
            <dst id="SNVAng">1733.504</dst>
            <dst id="STTLng">31675.864</dst>
            <dst id="WASHng">37911.6293333333</dst>
        </src>
        <src id="KSCYng">
            <dst id="ATLA-M5">278.469333333333</dst>
            <dst id="ATLAng">4791.616</dst>
            <dst id="CHINng">25886.6906666667</dst>
            <dst id="DNVRng">7856.992</dst>
            <dst id="HSTNng">11499.688</dst>
            <dst id="IPLSng">18925.752</dst>
            <dst id="KSCYng">20128.8693333333</dst>
            <dst id="LOSAng">4526.21333333333</dst>
            <dst id="NYCMng">7370.13333333333</dst>
            <dst id="SNVAng">2188.91733333333</dst>
            <dst id="STTLng">12311.6026666667</dst>
            <dst id="WASHng">12472.3626666667</dst>
        </src>
        <src id="LOSAng">
            <dst id="ATLA-M5">319.069333333333</dst>
            <dst id="ATLAng">9140.97066666667</dst>
            <dst id="CHINng">79839.968</dst>
            <dst id="DNVRng">4559.83466666667</dst>
            <dst id="HSTNng">2313.54133333333</dst>
            <dst id="IPLSng">20912.8906666667</dst>
            <dst id="KSCYng">6506.23733333333</dst>
            <dst id="LOSAng">10271.9013333333</dst>
            <dst id="NYCMng">29983.936</dst>
            <dst id="SNVAng">18697.5066666667</dst>
            <dst id="STTLng">41766.4213333333</dst>
            <dst id="WASHng">41097.2373333333</dst>
        </src>
        <src id="NYCMng">
            <dst id="ATLA-M5">1200.64533333333</dst>
            <dst id="ATLAng">20456.0266666667</dst>
            <dst id="CHINng">36884.3813333333</dst>
            <dst id="DNVRng">18894.56</dst>
            <dst id="HSTNng">6953.696</dst>
            <dst id="IPLSng">22114.216</dst>
            <dst id="KSCYng">13203.4186666667</dst>
            <dst id="LOSAng">39690.6266666667</dst>
            <dst id="NYCMng">98237.048</dst>
            <dst id="SNVAng">5064.07733333333</dst>
            <dst id="STTLng">22988.5653333333</dst>
            <dst id="WASHng">73285.384</dst>
        </src>
        <src id="SNVAng">
            <dst id="ATLA-M5">0</dst>
            <dst id="ATLAng">26.6666666666667</dst>
            <dst id="CHINng">26.6666666666667</dst>
            <dst id="DNVRng">917.461333333333</dst>
            <dst id="HSTNng">90.6666666666667</dst>
            <dst id="IPLSng">414.362666666667</dst>
            <dst id="KSCYng">0</dst>
            <dst id="LOSAng">5142.672</dst>
            <dst id="NYCMng">689.394666666667</dst>
            <dst id="SNVAng">5347.088</dst>
            <dst id="STTLng">23781.5173333333</dst>
            <dst id="WASHng">6014.90133333333</dst>
        </src>
        <src id="STTLng">
            <dst id="ATLA-M5">350.424</dst>
            <dst id="ATLAng">10912.488</dst>
            <dst id="CHINng">40552.0426666667</dst>
            <dst id="DNVRng">5287.97066666667</dst>
            <dst id="HSTNng">3977.86933333333</dst>
            <dst id="IPLSng">9066.55466666667</dst>
            <dst id="KSCYng">5864.75733333333</dst>
            <dst id="LOSAng">51187.8346666667</dst>
            <dst id="NYCMng">13563.6</dst>
            <dst id="SNVAng">3296.28266666667</dst>
            <dst id="STTLng">25487.0826666667</dst>
            <dst id="WASHng">17293.4826666667</dst>
        </src>
        <src id="WASHng">
            <dst id="ATLA-M5">814.312</dst>
            <dst id="ATLAng">105641.314666667</dst>
            <dst id="CHINng">87073.704</dst>
            <dst id="DNVRng">71541.3573333333</dst>
            <dst id="HSTNng">27704.4426666667</dst>
            <dst id="IPLSng">52084.1306666667</dst>
            <dst id="KSCYng">33706.9333333333</dst>
            <dst id="LOSAng">87746.016</dst>
            <dst id="NYCMng">121562.056</dst>
            <dst id="SNVAng">17319.6266666667</dst>
            <dst id="STTLng">44371.1946666667</dst>
            <dst id="WASHng">277828.986666667</dst>
        </src>
    </IntraTM>
</TrafficMatrixFile>
