<?xml version="1.0" encoding="ISO-8859-1" standalone="yes"?>
<TrafficMatrixFile xsi:noNamespaceSchemaLocation="http://totem.run.montefiore.ulg.ac.be/Schema/TrafficMatrix-v1_2.xsd" xmlns:xsi="http://www.w3.org/2001/XMLSchema-instance">
    <IntraTM ASID="11537">
        <src id="ATLA-M5">
            <dst id="ATLA-M5">88.6826666666667</dst>
            <dst id="ATLAng">255.128</dst>
            <dst id="CHINng">162.949333333333</dst>
            <dst id="DNVRng">26.6666666666667</dst>
            <dst id="HSTNng">87.0213333333333</dst>
            <dst id="IPLSng">411.216</dst>
            <dst id="KSCYng">324.528</dst>
            <dst id="LOSAng">131.656</dst>
            <dst id="NYCMng">4417.74933333333</dst>
            <dst id="SNVAng">0</dst>
            <dst id="STTLng">504.08</dst>
            <dst id="WASHng">1307.33066666667</dst>
        </src>
        <src id="ATLAng">
            <dst id="ATLA-M5">283.829333333333</dst>
            <dst id="ATLAng">25178.5733333333</dst>
            <dst id="CHINng">11982.2933333333</dst>
            <dst id="DNVRng">6358.32533333333</dst>
            <dst id="HSTNng">2342.23733333333</dst>
            <dst id="IPLSng">14427.7946666667</dst>
            <dst id="KSCYng">2732.88266666667</dst>
            <dst id="LOSAng">15009.8293333333</dst>
            <dst id="NYCMng">9108.64533333333</dst>
            <dst id="SNVAng">471.448</dst>
            <dst id="STTLng">14409.5306666667</dst>
            <dst id="WASHng">65724.0426666667</dst>
        </src>
        <src id="CHINng">
            <dst id="ATLA-M5">388.461333333333</dst>
            <dst id="ATLAng">14411.9626666667</dst>
            <dst id="CHINng">98699.792</dst>
            <dst id="DNVRng">6189.39733333333</dst>
            <dst id="HSTNng">7069.70133333333</dst>
            <dst id="IPLSng">127476.757333333</dst>
            <dst id="KSCYng">11088.0133333333</dst>
            <dst id="LOSAng">34109.8613333333</dst>
            <dst id="NYCMng">13721.1946666667</dst>
            <dst id="SNVAng">3234.41333333333</dst>
            <dst id="STTLng">21927.2853333333</dst>
            <dst id="WASHng">18386.84</dst>
        </src>
        <src id="DNVRng">
            <dst id="ATLA-M5">175.093333333333</dst>
            <dst id="ATLAng">4743.69866666667</dst>
            <dst id="CHINng">43456.736</dst>
            <dst id="DNVRng">3420.61333333333</dst>
            <dst id="HSTNng">10629.12</dst>
            <dst id="IPLSng">9540.888</dst>
            <dst id="KSCYng">10234.3226666667</dst>
            <dst id="LOSAng">5520.08266666667</dst>
            <dst id="NYCMng">12263.016</dst>
            <dst id="SNVAng">8454.05066666666</dst>
            <dst id="STTLng">6665.968</dst>
            <dst id="WASHng">35114.056</dst>
        </src>
        <src id="HSTNng">
            <dst id="ATLA-M5">424.293333333333</dst>
            <dst id="ATLAng">1603.92</dst>
            <dst id="CHINng">18182.0426666667</dst>
            <dst id="DNVRng">1154.33066666667</dst>
            <dst id="HSTNng">9337.59733333333</dst>
            <dst id="IPLSng">2406.272</dst>
            <dst id="KSCYng">5324.46666666667</dst>
            <dst id="LOSAng">43664.464</dst>
            <dst id="NYCMng">3411.752</dst>
            <dst id="SNVAng">26.6666666666667</dst>
            <dst id="STTLng">5497.15733333333</dst>
            <dst id="WASHng">7652.04</dst>
        </src>
        <src id="IPLSng">
            <dst id="ATLA-M5">224.717333333333</dst>
            <dst id="ATLAng">7317.54666666667</dst>
            <dst id="CHINng">69351.5333333333</dst>
            <dst id="DNVRng">4146.58666666667</dst>
            <dst id="HSTNng">986.197333333333</dst>
            <dst id="IPLSng">32211.032</dst>
            <dst id="KSCYng">3209.46666666667</dst>
            <dst id="LOSAng">19336.144</dst>
            <dst id="NYCMng">16091.7626666667</dst>
            <dst id="SNVAng">497.952</dst>
            <dst id="STTLng">20688.8826666667</dst>
            <dst id="WASHng">32975.8026666667</dst>
        </src>
        <src id="KSCYng">
            <dst id="ATLA-M5">216.816</dst>
            <dst id="ATLAng">6015.56533333333</dst>
            <dst id="CHINng">29876.1653333333</dst>
            <dst id="DNVRng">9162.40533333333</dst>
            <dst id="HSTNng">2207.52533333333</dst>
            <dst id="IPLSng">12325.2186666667</dst>
            <dst id="KSCYng">8862.728</dst>
            <dst id="LOSAng">3171.864</dst>
            <dst id="NYCMng">7554.75466666667</dst>
            <dst id="SNVAng">1687.752</dst>
            <dst id="STTLng">13367.696</dst>
            <dst id="WASHng">13276.336</dst>
        </src>
        <src id="LOSAng">
            <dst id="ATLA-M5">26.6666666666667</dst>
            <dst id="ATLAng">5184.66133333333</dst>
            <dst id="CHINng">73612.9546666667</dst>
            <dst id="DNVRng">7062.88</dst>
            <dst id="HSTNng">2226.30133333333</dst>
            <dst id="IPLSng">14956.448</dst>
            <dst id="KSCYng">2174.77333333333</dst>
            <dst id="LOSAng">9370.93333333333</dst>
            <dst id="NYCMng">31816.2853333333</dst>
            <dst id="SNVAng">24396.2186666667</dst>
            <dst id="STTLng">48947.104</dst>
            <dst id="WASHng">35831.4053333333</dst>
        </src>
        <src id="NYCMng">
            <dst id="ATLA-M5">287.261333333333</dst>
            <dst id="ATLAng">24777.9813333333</dst>
            <dst id="CHINng">40446.04</dst>
            <dst id="DNVRng">21751.7333333333</dst>
            <dst id="HSTNng">7676.512</dst>
            <dst id="IPLSng">19167.3253333333</dst>
            <dst id="KSCYng">6570.28266666667</dst>
            <dst id="LOSAng">40161.9653333333</dst>
            <dst id="NYCMng">125654.008</dst>
            <dst id="SNVAng">2081.65866666667</dst>
            <dst id="STTLng">19134.984</dst>
            <dst id="WASHng">47683.6293333333</dst>
        </src>
        <src id="SNVAng">
            <dst id="ATLA-M5">0</dst>
            <dst id="ATLAng">334.317333333333</dst>
            <dst id="CHINng">53.3333333333333</dst>
            <dst id="DNVRng">3045.41066666667</dst>
            <dst id="HSTNng">32</dst>
            <dst id="IPLSng">374.768</dst>
            <dst id="KSCYng">26.6666666666667</dst>
            <dst id="LOSAng">5662.864</dst>
            <dst id="NYCMng">104.768</dst>
            <dst id="SNVAng">6612.104</dst>
            <dst id="STTLng">18620.9546666667</dst>
            <dst id="WASHng">26.6666666666667</dst>
        </src>
        <src id="STTLng">
            <dst id="ATLA-M5">2184.184</dst>
            <dst id="ATLAng">34863.488</dst>
            <dst id="CHINng">55873.2453333333</dst>
            <dst id="DNVRng">3594.25066666667</dst>
            <dst id="HSTNng">6557.12533333333</dst>
            <dst id="IPLSng">37564.5413333333</dst>
            <dst id="KSCYng">14049.04</dst>
            <dst id="LOSAng">25965.416</dst>
            <dst id="NYCMng">16153.8133333333</dst>
            <dst id="SNVAng">1571.97066666667</dst>
            <dst id="STTLng">13620.9653333333</dst>
            <dst id="WASHng">59955.152</dst>
        </src>
        <src id="WASHng">
            <dst id="ATLA-M5">899.445333333333</dst>
            <dst id="ATLAng">72534.36</dst>
            <dst id="CHINng">75382.096</dst>
            <dst id="DNVRng">68210.32</dst>
            <dst id="HSTNng">22125.6106666667</dst>
            <dst id="IPLSng">38858.5173333333</dst>
            <dst id="KSCYng">14556.048</dst>
            <dst id="LOSAng">75370.1386666667</dst>
            <dst id="NYCMng">116214.058666667</dst>
            <dst id="SNVAng">4420.536</dst>
            <dst id="STTLng">56171.32</dst>
            <dst id="WASHng">257044.352</dst>
        </src>
    </IntraTM>
</TrafficMatrixFile>
