<?xml version="1.0" encoding="ISO-8859-1" standalone="yes"?>
<TrafficMatrixFile xsi:noNamespaceSchemaLocation="http://totem.run.montefiore.ulg.ac.be/Schema/TrafficMatrix-v1_2.xsd" xmlns:xsi="http://www.w3.org/2001/XMLSchema-instance">
    <IntraTM ASID="11537">
        <src id="ATLA-M5">
            <dst id="ATLA-M5">521.186666666667</dst>
            <dst id="ATLAng">1683.08533333333</dst>
            <dst id="CHINng">1024.60533333333</dst>
            <dst id="DNVRng">94.4346666666667</dst>
            <dst id="HSTNng">494.042666666667</dst>
            <dst id="IPLSng">522.938666666667</dst>
            <dst id="KSCYng">331.282666666667</dst>
            <dst id="LOSAng">81.4293333333333</dst>
            <dst id="NYCMng">1187.93333333333</dst>
            <dst id="SNVAng">26.6666666666667</dst>
            <dst id="STTLng">1485.464</dst>
            <dst id="WASHng">4042.86666666667</dst>
        </src>
        <src id="ATLAng">
            <dst id="ATLA-M5">363.610666666667</dst>
            <dst id="ATLAng">39779.9333333333</dst>
            <dst id="CHINng">21842.3466666667</dst>
            <dst id="DNVRng">3657.848</dst>
            <dst id="HSTNng">16678.496</dst>
            <dst id="IPLSng">23653.9973333333</dst>
            <dst id="KSCYng">7401.25066666667</dst>
            <dst id="LOSAng">19616.372</dst>
            <dst id="NYCMng">24984.0613333333</dst>
            <dst id="SNVAng">1473.67866666667</dst>
            <dst id="STTLng">22318.112</dst>
            <dst id="WASHng">69923.56</dst>
        </src>
        <src id="CHINng">
            <dst id="ATLA-M5">1543.056</dst>
            <dst id="ATLAng">24598.7573333333</dst>
            <dst id="CHINng">107289.325333333</dst>
            <dst id="DNVRng">16609.8506666667</dst>
            <dst id="HSTNng">21557.8293333333</dst>
            <dst id="IPLSng">115040.282666667</dst>
            <dst id="KSCYng">17962.8426666667</dst>
            <dst id="LOSAng">50794.64</dst>
            <dst id="NYCMng">15432.5413333333</dst>
            <dst id="SNVAng">7070.94933333334</dst>
            <dst id="STTLng">37357.9546666667</dst>
            <dst id="WASHng">40230.4453333333</dst>
        </src>
        <src id="DNVRng">
            <dst id="ATLA-M5">135.24</dst>
            <dst id="ATLAng">8547.15733333333</dst>
            <dst id="CHINng">77325.224</dst>
            <dst id="DNVRng">16048.7653333333</dst>
            <dst id="HSTNng">22541.9386666667</dst>
            <dst id="IPLSng">29920.1866666667</dst>
            <dst id="KSCYng">24860.5653333333</dst>
            <dst id="LOSAng">17020.4186666667</dst>
            <dst id="NYCMng">13669.3333333333</dst>
            <dst id="SNVAng">17695.216</dst>
            <dst id="STTLng">27551.168</dst>
            <dst id="WASHng">28984.9066666667</dst>
        </src>
        <src id="HSTNng">
            <dst id="ATLA-M5">3107.952</dst>
            <dst id="ATLAng">6539.98933333333</dst>
            <dst id="CHINng">16528.8186666667</dst>
            <dst id="DNVRng">4567.20266666667</dst>
            <dst id="HSTNng">23123.4106666667</dst>
            <dst id="IPLSng">6034.76533333333</dst>
            <dst id="KSCYng">9270.744</dst>
            <dst id="LOSAng">4076.42133333333</dst>
            <dst id="NYCMng">4277.12266666667</dst>
            <dst id="SNVAng">418.162666666667</dst>
            <dst id="STTLng">14074.4106666667</dst>
            <dst id="WASHng">6782.94933333333</dst>
        </src>
        <src id="IPLSng">
            <dst id="ATLA-M5">612.488</dst>
            <dst id="ATLAng">16286.5146666667</dst>
            <dst id="CHINng">85003.1893333333</dst>
            <dst id="DNVRng">10172.8373333333</dst>
            <dst id="HSTNng">15390.6133333333</dst>
            <dst id="IPLSng">29513.504</dst>
            <dst id="KSCYng">16902.016</dst>
            <dst id="LOSAng">21727.496</dst>
            <dst id="NYCMng">22198.04</dst>
            <dst id="SNVAng">5732.14666666667</dst>
            <dst id="STTLng">33230.8906666667</dst>
            <dst id="WASHng">45045.2186666667</dst>
        </src>
        <src id="KSCYng">
            <dst id="ATLA-M5">606.586666666667</dst>
            <dst id="ATLAng">8432.97333333333</dst>
            <dst id="CHINng">34851.744</dst>
            <dst id="DNVRng">9648.78666666667</dst>
            <dst id="HSTNng">4489.288</dst>
            <dst id="IPLSng">21662.7333333333</dst>
            <dst id="KSCYng">11499.752</dst>
            <dst id="LOSAng">3763.13333333333</dst>
            <dst id="NYCMng">9098.45333333333</dst>
            <dst id="SNVAng">3624.06666666667</dst>
            <dst id="STTLng">16053.664</dst>
            <dst id="WASHng">17183.1013333333</dst>
        </src>
        <src id="LOSAng">
            <dst id="ATLA-M5">474.858666666667</dst>
            <dst id="ATLAng">17203.9146666667</dst>
            <dst id="CHINng">120318.768</dst>
            <dst id="DNVRng">16726.584</dst>
            <dst id="HSTNng">12414.5946666667</dst>
            <dst id="IPLSng">31046.5173333333</dst>
            <dst id="KSCYng">20428.7866666667</dst>
            <dst id="LOSAng">9596.96533333333</dst>
            <dst id="NYCMng">39114.2506666667</dst>
            <dst id="SNVAng">25677.736</dst>
            <dst id="STTLng">76044.1946666667</dst>
            <dst id="WASHng">59326.5946666667</dst>
        </src>
        <src id="NYCMng">
            <dst id="ATLA-M5">1937.856</dst>
            <dst id="ATLAng">59265.4293333333</dst>
            <dst id="CHINng">39924.7413333333</dst>
            <dst id="DNVRng">15823.56</dst>
            <dst id="HSTNng">20315.472</dst>
            <dst id="IPLSng">59684.6746666667</dst>
            <dst id="KSCYng">21223.568</dst>
            <dst id="LOSAng">60611.3466666667</dst>
            <dst id="NYCMng">191171.002666667</dst>
            <dst id="SNVAng">9373.33333333333</dst>
            <dst id="STTLng">24151.6186666667</dst>
            <dst id="WASHng">97476.704</dst>
        </src>
        <src id="SNVAng">
            <dst id="ATLA-M5">0</dst>
            <dst id="ATLAng">152.117333333333</dst>
            <dst id="CHINng">139.973333333333</dst>
            <dst id="DNVRng">36593.8186666667</dst>
            <dst id="HSTNng">106.666666666667</dst>
            <dst id="IPLSng">653.6</dst>
            <dst id="KSCYng">424.514666666667</dst>
            <dst id="LOSAng">12006.4</dst>
            <dst id="NYCMng">235.298666666667</dst>
            <dst id="SNVAng">11374.872</dst>
            <dst id="STTLng">27232.8666666667</dst>
            <dst id="WASHng">127.52</dst>
        </src>
        <src id="STTLng">
            <dst id="ATLA-M5">3337.75466666667</dst>
            <dst id="ATLAng">72535.512</dst>
            <dst id="CHINng">122084.584</dst>
            <dst id="DNVRng">50251.4106666667</dst>
            <dst id="HSTNng">46516.8346666667</dst>
            <dst id="IPLSng">97637.0666666667</dst>
            <dst id="KSCYng">75643.008</dst>
            <dst id="LOSAng">17510.28</dst>
            <dst id="NYCMng">41209.5093333333</dst>
            <dst id="SNVAng">9860.95466666667</dst>
            <dst id="STTLng">32220</dst>
            <dst id="WASHng">99224.1733333333</dst>
        </src>
        <src id="WASHng">
            <dst id="ATLA-M5">8882.352</dst>
            <dst id="ATLAng">118471.072</dst>
            <dst id="CHINng">124630.122666667</dst>
            <dst id="DNVRng">82934.5306666667</dst>
            <dst id="HSTNng">28515.2693333333</dst>
            <dst id="IPLSng">78099.3653333333</dst>
            <dst id="KSCYng">19725.4506666667</dst>
            <dst id="LOSAng">80361.8266666667</dst>
            <dst id="NYCMng">255386.328</dst>
            <dst id="SNVAng">4198.93066666667</dst>
            <dst id="STTLng">52740.6693333333</dst>
            <dst id="WASHng">287908.933333333</dst>
        </src>
    </IntraTM>
</TrafficMatrixFile>
