<?xml version="1.0" encoding="ISO-8859-1" standalone="yes"?>
<TrafficMatrixFile xsi:noNamespaceSchemaLocation="http://totem.run.montefiore.ulg.ac.be/Schema/TrafficMatrix-v1_2.xsd" xmlns:xsi="http://www.w3.org/2001/XMLSchema-instance">
    <IntraTM ASID="11537">
        <src id="ATLA-M5">
            <dst id="ATLA-M5">712.861333333333</dst>
            <dst id="ATLAng">917.698666666667</dst>
            <dst id="CHINng">1218.14666666667</dst>
            <dst id="DNVRng">483.064</dst>
            <dst id="HSTNng">408.869333333333</dst>
            <dst id="IPLSng">1349.904</dst>
            <dst id="KSCYng">699.394666666667</dst>
            <dst id="LOSAng">196.634666666667</dst>
            <dst id="NYCMng">1944.944</dst>
            <dst id="SNVAng">94.1573333333333</dst>
            <dst id="STTLng">1777.19733333333</dst>
            <dst id="WASHng">2907.24266666667</dst>
        </src>
        <src id="ATLAng">
            <dst id="ATLA-M5">932.792</dst>
            <dst id="ATLAng">48600.9173333333</dst>
            <dst id="CHINng">18648.9546666667</dst>
            <dst id="DNVRng">5597.65866666667</dst>
            <dst id="HSTNng">16199.408</dst>
            <dst id="IPLSng">29238.8906666667</dst>
            <dst id="KSCYng">9902.592</dst>
            <dst id="LOSAng">16050.0866666667</dst>
            <dst id="NYCMng">10751.4853333333</dst>
            <dst id="SNVAng">1545.31866666667</dst>
            <dst id="STTLng">20468.584</dst>
            <dst id="WASHng">73645.808</dst>
        </src>
        <src id="CHINng">
            <dst id="ATLA-M5">1819.19733333333</dst>
            <dst id="ATLAng">24284.1226666667</dst>
            <dst id="CHINng">450107.813333333</dst>
            <dst id="DNVRng">20356.2373333333</dst>
            <dst id="HSTNng">17069.7013333333</dst>
            <dst id="IPLSng">98843.6186666667</dst>
            <dst id="KSCYng">24028.3573333333</dst>
            <dst id="LOSAng">35398.4133333333</dst>
            <dst id="NYCMng">20261.6293333333</dst>
            <dst id="SNVAng">5918.84</dst>
            <dst id="STTLng">39663.2693333333</dst>
            <dst id="WASHng">40450.9386666667</dst>
        </src>
        <src id="DNVRng">
            <dst id="ATLA-M5">396.538666666667</dst>
            <dst id="ATLAng">11784.1733333333</dst>
            <dst id="CHINng">34137.9093333333</dst>
            <dst id="DNVRng">14079.7653333333</dst>
            <dst id="HSTNng">17516.7013333333</dst>
            <dst id="IPLSng">14000.248</dst>
            <dst id="KSCYng">15251.7573333333</dst>
            <dst id="LOSAng">11735.072</dst>
            <dst id="NYCMng">29786.824</dst>
            <dst id="SNVAng">19319.336</dst>
            <dst id="STTLng">70733.408</dst>
            <dst id="WASHng">44957.7653333333</dst>
        </src>
        <src id="HSTNng">
            <dst id="ATLA-M5">3618.81866666667</dst>
            <dst id="ATLAng">6559.79466666666</dst>
            <dst id="CHINng">16595.2426666667</dst>
            <dst id="DNVRng">3286.57066666667</dst>
            <dst id="HSTNng">20829.0053333333</dst>
            <dst id="IPLSng">6842.81333333333</dst>
            <dst id="KSCYng">9704.216</dst>
            <dst id="LOSAng">16980.6853333333</dst>
            <dst id="NYCMng">6126.25866666667</dst>
            <dst id="SNVAng">808.184</dst>
            <dst id="STTLng">13444.488</dst>
            <dst id="WASHng">21003.6506666667</dst>
        </src>
        <src id="IPLSng">
            <dst id="ATLA-M5">990.458666666667</dst>
            <dst id="ATLAng">20132.4986666667</dst>
            <dst id="CHINng">100591.378666667</dst>
            <dst id="DNVRng">14412.424</dst>
            <dst id="HSTNng">5672.47733333333</dst>
            <dst id="IPLSng">18697.7386666667</dst>
            <dst id="KSCYng">13468.5386666667</dst>
            <dst id="LOSAng">18730.0693333333</dst>
            <dst id="NYCMng">20123.5493333333</dst>
            <dst id="SNVAng">9233.38133333333</dst>
            <dst id="STTLng">31262.6586666667</dst>
            <dst id="WASHng">19462.4426666667</dst>
        </src>
        <src id="KSCYng">
            <dst id="ATLA-M5">456.269333333333</dst>
            <dst id="ATLAng">9994.528</dst>
            <dst id="CHINng">29910.8746666667</dst>
            <dst id="DNVRng">10069.1333333333</dst>
            <dst id="HSTNng">5296.34133333333</dst>
            <dst id="IPLSng">22440.816</dst>
            <dst id="KSCYng">13389.6586666667</dst>
            <dst id="LOSAng">4597.00533333333</dst>
            <dst id="NYCMng">5587.51733333333</dst>
            <dst id="SNVAng">2797.048</dst>
            <dst id="STTLng">17358.3306666667</dst>
            <dst id="WASHng">13633.1306666667</dst>
        </src>
        <src id="LOSAng">
            <dst id="ATLA-M5">549.317333333334</dst>
            <dst id="ATLAng">48418.8133333333</dst>
            <dst id="CHINng">102237.365333333</dst>
            <dst id="DNVRng">45963.224</dst>
            <dst id="HSTNng">12778.1386666667</dst>
            <dst id="IPLSng">56457.848</dst>
            <dst id="KSCYng">7047.59466666667</dst>
            <dst id="LOSAng">10925.536</dst>
            <dst id="NYCMng">70672.2026666666</dst>
            <dst id="SNVAng">22454.5946666667</dst>
            <dst id="STTLng">66954.8053333333</dst>
            <dst id="WASHng">83521.4533333333</dst>
        </src>
        <src id="NYCMng">
            <dst id="ATLA-M5">2658.97866666667</dst>
            <dst id="ATLAng">46408.408</dst>
            <dst id="CHINng">32008.688</dst>
            <dst id="DNVRng">29888.1253333333</dst>
            <dst id="HSTNng">22687.7493333333</dst>
            <dst id="IPLSng">46439.1333333333</dst>
            <dst id="KSCYng">21287.616</dst>
            <dst id="LOSAng">72205.1786666667</dst>
            <dst id="NYCMng">122293.44</dst>
            <dst id="SNVAng">5734.27733333333</dst>
            <dst id="STTLng">35369.36</dst>
            <dst id="WASHng">141467.776</dst>
        </src>
        <src id="SNVAng">
            <dst id="ATLA-M5">0</dst>
            <dst id="ATLAng">26.6666666666667</dst>
            <dst id="CHINng">377.661333333333</dst>
            <dst id="DNVRng">18669.7786666667</dst>
            <dst id="HSTNng">167.210666666667</dst>
            <dst id="IPLSng">588.050666666667</dst>
            <dst id="KSCYng">0</dst>
            <dst id="LOSAng">10580.7413333333</dst>
            <dst id="NYCMng">51.112</dst>
            <dst id="SNVAng">9134.60533333333</dst>
            <dst id="STTLng">19338.9493333333</dst>
            <dst id="WASHng">160</dst>
        </src>
        <src id="STTLng">
            <dst id="ATLA-M5">4312.95733333333</dst>
            <dst id="ATLAng">68421.272</dst>
            <dst id="CHINng">97053.7013333333</dst>
            <dst id="DNVRng">57480.664</dst>
            <dst id="HSTNng">48666.7173333333</dst>
            <dst id="IPLSng">84404.144</dst>
            <dst id="KSCYng">67628.704</dst>
            <dst id="LOSAng">14345.6053333333</dst>
            <dst id="NYCMng">22596.3653333333</dst>
            <dst id="SNVAng">10463.4666666667</dst>
            <dst id="STTLng">61326.1733333333</dst>
            <dst id="WASHng">105960.8</dst>
        </src>
        <src id="WASHng">
            <dst id="ATLA-M5">8524.10666666667</dst>
            <dst id="ATLAng">138065.565333333</dst>
            <dst id="CHINng">97804.5093333333</dst>
            <dst id="DNVRng">84496.0533333333</dst>
            <dst id="HSTNng">46913.096</dst>
            <dst id="IPLSng">99141.3146666667</dst>
            <dst id="KSCYng">28747.1813333333</dst>
            <dst id="LOSAng">95221.1626666667</dst>
            <dst id="NYCMng">191848.312</dst>
            <dst id="SNVAng">13192.016</dst>
            <dst id="STTLng">69706.0853333334</dst>
            <dst id="WASHng">270067.04</dst>
        </src>
    </IntraTM>
</TrafficMatrixFile>
