<?xml version="1.0" encoding="ISO-8859-1" standalone="yes"?>
<TrafficMatrixFile xsi:noNamespaceSchemaLocation="http://totem.run.montefiore.ulg.ac.be/Schema/TrafficMatrix-v1_2.xsd" xmlns:xsi="http://www.w3.org/2001/XMLSchema-instance">
    <IntraTM ASID="11537">
        <src id="ATLA-M5">
            <dst id="ATLA-M5">0</dst>
            <dst id="ATLAng">193.138666666667</dst>
            <dst id="CHINng">1222.088</dst>
            <dst id="DNVRng">76.912</dst>
            <dst id="HSTNng">26.6666666666667</dst>
            <dst id="IPLSng">434.64</dst>
            <dst id="KSCYng">26.6666666666667</dst>
            <dst id="LOSAng">181.282666666667</dst>
            <dst id="NYCMng">26.6666666666667</dst>
            <dst id="SNVAng">127.949333333333</dst>
            <dst id="STTLng">204.749333333333</dst>
            <dst id="WASHng">2118.89866666667</dst>
        </src>
        <src id="ATLAng">
            <dst id="ATLA-M5">355.376</dst>
            <dst id="ATLAng">60438.936</dst>
            <dst id="CHINng">11810.728</dst>
            <dst id="DNVRng">2679.816</dst>
            <dst id="HSTNng">4116.824</dst>
            <dst id="IPLSng">14639.344</dst>
            <dst id="KSCYng">1934.936</dst>
            <dst id="LOSAng">23495.136</dst>
            <dst id="NYCMng">9483.76533333333</dst>
            <dst id="SNVAng">385.152</dst>
            <dst id="STTLng">7966.76266666667</dst>
            <dst id="WASHng">56721.8426666667</dst>
        </src>
        <src id="CHINng">
            <dst id="ATLA-M5">1103.264</dst>
            <dst id="ATLAng">14848.5013333333</dst>
            <dst id="CHINng">90157.0773333333</dst>
            <dst id="DNVRng">15636.408</dst>
            <dst id="HSTNng">8200.728</dst>
            <dst id="IPLSng">54403.384</dst>
            <dst id="KSCYng">11754.472</dst>
            <dst id="LOSAng">34939.8133333333</dst>
            <dst id="NYCMng">9734.46666666667</dst>
            <dst id="SNVAng">4840.17866666666</dst>
            <dst id="STTLng">16487.368</dst>
            <dst id="WASHng">17700.5226666667</dst>
        </src>
        <src id="DNVRng">
            <dst id="ATLA-M5">276.032</dst>
            <dst id="ATLAng">2575.55466666667</dst>
            <dst id="CHINng">51729.4506666667</dst>
            <dst id="DNVRng">13224.2053333333</dst>
            <dst id="HSTNng">15332.1973333333</dst>
            <dst id="IPLSng">12438.7573333333</dst>
            <dst id="KSCYng">18804.2213333333</dst>
            <dst id="LOSAng">11506.504</dst>
            <dst id="NYCMng">5335.13333333333</dst>
            <dst id="SNVAng">12800.32</dst>
            <dst id="STTLng">18287.5253333333</dst>
            <dst id="WASHng">21356.5413333333</dst>
        </src>
        <src id="HSTNng">
            <dst id="ATLA-M5">1272.23733333333</dst>
            <dst id="ATLAng">5047.688</dst>
            <dst id="CHINng">19784.6053333333</dst>
            <dst id="DNVRng">2443.84533333333</dst>
            <dst id="HSTNng">18387.9946666667</dst>
            <dst id="IPLSng">2110.33333333333</dst>
            <dst id="KSCYng">8246.98933333333</dst>
            <dst id="LOSAng">4631.82666666667</dst>
            <dst id="NYCMng">2428.29866666667</dst>
            <dst id="SNVAng">469.733333333333</dst>
            <dst id="STTLng">3194.08533333333</dst>
            <dst id="WASHng">3683.57866666667</dst>
        </src>
        <src id="IPLSng">
            <dst id="ATLA-M5">464.554666666667</dst>
            <dst id="ATLAng">5088.184</dst>
            <dst id="CHINng">62813.7813333334</dst>
            <dst id="DNVRng">7812.65333333333</dst>
            <dst id="HSTNng">668.658666666667</dst>
            <dst id="IPLSng">17196.1386666667</dst>
            <dst id="KSCYng">5414.18666666667</dst>
            <dst id="LOSAng">14297.736</dst>
            <dst id="NYCMng">12785.1973333333</dst>
            <dst id="SNVAng">1789.216</dst>
            <dst id="STTLng">18067.5013333333</dst>
            <dst id="WASHng">16317.8693333333</dst>
        </src>
        <src id="KSCYng">
            <dst id="ATLA-M5">56.0533333333333</dst>
            <dst id="ATLAng">4341.31733333333</dst>
            <dst id="CHINng">24343.112</dst>
            <dst id="DNVRng">8063.48266666667</dst>
            <dst id="HSTNng">3531.13066666667</dst>
            <dst id="IPLSng">14803.4666666667</dst>
            <dst id="KSCYng">12607.656</dst>
            <dst id="LOSAng">4962.66666666667</dst>
            <dst id="NYCMng">6132.87466666667</dst>
            <dst id="SNVAng">3272.6</dst>
            <dst id="STTLng">5583.904</dst>
            <dst id="WASHng">10300.5306666667</dst>
        </src>
        <src id="LOSAng">
            <dst id="ATLA-M5">258.818666666667</dst>
            <dst id="ATLAng">38328.1706666667</dst>
            <dst id="CHINng">6532040.26666667</dst>
            <dst id="DNVRng">14819.8613333333</dst>
            <dst id="HSTNng">4380.16266666667</dst>
            <dst id="IPLSng">15527.0213333333</dst>
            <dst id="KSCYng">3032.76266666667</dst>
            <dst id="LOSAng">10830.544</dst>
            <dst id="NYCMng">46436.0533333333</dst>
            <dst id="SNVAng">19176.1653333333</dst>
            <dst id="STTLng">46871.896</dst>
            <dst id="WASHng">41967.8533333333</dst>
        </src>
        <src id="NYCMng">
            <dst id="ATLA-M5">1978.33333333333</dst>
            <dst id="ATLAng">25600.7813333333</dst>
            <dst id="CHINng">28853.9066666667</dst>
            <dst id="DNVRng">14661.4533333333</dst>
            <dst id="HSTNng">6507.168</dst>
            <dst id="IPLSng">14022.9146666667</dst>
            <dst id="KSCYng">5152.736</dst>
            <dst id="LOSAng">54933.6346666667</dst>
            <dst id="NYCMng">93408.352</dst>
            <dst id="SNVAng">728.933333333333</dst>
            <dst id="STTLng">24276.0266666667</dst>
            <dst id="WASHng">36247.5066666667</dst>
        </src>
        <src id="SNVAng">
            <dst id="ATLA-M5">0</dst>
            <dst id="ATLAng">349.856</dst>
            <dst id="CHINng">80</dst>
            <dst id="DNVRng">664.277333333333</dst>
            <dst id="HSTNng">0</dst>
            <dst id="IPLSng">335.498666666667</dst>
            <dst id="KSCYng">26.6666666666667</dst>
            <dst id="LOSAng">8269.67466666667</dst>
            <dst id="NYCMng">53.3333333333333</dst>
            <dst id="SNVAng">8485.36533333333</dst>
            <dst id="STTLng">19126.6586666667</dst>
            <dst id="WASHng">50.9573333333334</dst>
        </src>
        <src id="STTLng">
            <dst id="ATLA-M5">221.626666666667</dst>
            <dst id="ATLAng">11483.0613333333</dst>
            <dst id="CHINng">34545.6106666667</dst>
            <dst id="DNVRng">2613.45866666667</dst>
            <dst id="HSTNng">2291.39466666667</dst>
            <dst id="IPLSng">8264.74666666667</dst>
            <dst id="KSCYng">3353.34666666667</dst>
            <dst id="LOSAng">39144.792</dst>
            <dst id="NYCMng">10181.1626666667</dst>
            <dst id="SNVAng">1693.00533333333</dst>
            <dst id="STTLng">19012.456</dst>
            <dst id="WASHng">8470.992</dst>
        </src>
        <src id="WASHng">
            <dst id="ATLA-M5">1126.86933333333</dst>
            <dst id="ATLAng">91177.808</dst>
            <dst id="CHINng">81336.424</dst>
            <dst id="DNVRng">52308.448</dst>
            <dst id="HSTNng">29896.1733333333</dst>
            <dst id="IPLSng">39473.336</dst>
            <dst id="KSCYng">25063.2986666667</dst>
            <dst id="LOSAng">62606.544</dst>
            <dst id="NYCMng">126345.957333333</dst>
            <dst id="SNVAng">1121.176</dst>
            <dst id="STTLng">34742.9733333333</dst>
            <dst id="WASHng">278467.146666667</dst>
        </src>
    </IntraTM>
</TrafficMatrixFile>
