<?xml version="1.0" encoding="ISO-8859-1" standalone="yes"?>
<TrafficMatrixFile xsi:noNamespaceSchemaLocation="http://totem.run.montefiore.ulg.ac.be/Schema/TrafficMatrix-v1_2.xsd" xmlns:xsi="http://www.w3.org/2001/XMLSchema-instance">
    <IntraTM ASID="11537">
        <src id="ATLA-M5">
            <dst id="ATLA-M5">140.909333333333</dst>
            <dst id="ATLAng">1685.04266666667</dst>
            <dst id="CHINng">675.997333333333</dst>
            <dst id="DNVRng">266.378666666667</dst>
            <dst id="HSTNng">617.677333333333</dst>
            <dst id="IPLSng">1378.06933333333</dst>
            <dst id="KSCYng">490.045333333333</dst>
            <dst id="LOSAng">135.146666666667</dst>
            <dst id="NYCMng">396.186666666667</dst>
            <dst id="SNVAng">83.2053333333334</dst>
            <dst id="STTLng">1084.128</dst>
            <dst id="WASHng">4691.256</dst>
        </src>
        <src id="ATLAng">
            <dst id="ATLA-M5">1463.616</dst>
            <dst id="ATLAng">55707.8213333333</dst>
            <dst id="CHINng">19249.56</dst>
            <dst id="DNVRng">10723.1653333333</dst>
            <dst id="HSTNng">38493.1973333333</dst>
            <dst id="IPLSng">30681.384</dst>
            <dst id="KSCYng">9052.60533333333</dst>
            <dst id="LOSAng">11114.744</dst>
            <dst id="NYCMng">21429.8186666667</dst>
            <dst id="SNVAng">684.618666666667</dst>
            <dst id="STTLng">29376.704</dst>
            <dst id="WASHng">55748.5413333333</dst>
        </src>
        <src id="CHINng">
            <dst id="ATLA-M5">1057.368</dst>
            <dst id="ATLAng">31258.6</dst>
            <dst id="CHINng">111959.109333333</dst>
            <dst id="DNVRng">22056.0693333333</dst>
            <dst id="HSTNng">17278.0586666667</dst>
            <dst id="IPLSng">128605.637333333</dst>
            <dst id="KSCYng">24806.4746666667</dst>
            <dst id="LOSAng">51930.616</dst>
            <dst id="NYCMng">25153.4586666667</dst>
            <dst id="SNVAng">4228.71733333333</dst>
            <dst id="STTLng">36889.9546666667</dst>
            <dst id="WASHng">43685.0853333333</dst>
        </src>
        <src id="DNVRng">
            <dst id="ATLA-M5">212.498666666667</dst>
            <dst id="ATLAng">9863.016</dst>
            <dst id="CHINng">41680.5493333333</dst>
            <dst id="DNVRng">9649.2</dst>
            <dst id="HSTNng">11947.688</dst>
            <dst id="IPLSng">22569.4666666667</dst>
            <dst id="KSCYng">16459.4426666667</dst>
            <dst id="LOSAng">7247.06666666666</dst>
            <dst id="NYCMng">10001.8053333333</dst>
            <dst id="SNVAng">30426.9306666667</dst>
            <dst id="STTLng">44490.2906666667</dst>
            <dst id="WASHng">39818.2533333333</dst>
        </src>
        <src id="HSTNng">
            <dst id="ATLA-M5">2124.84533333333</dst>
            <dst id="ATLAng">12002.3493333333</dst>
            <dst id="CHINng">23689.3253333333</dst>
            <dst id="DNVRng">3654.14666666667</dst>
            <dst id="HSTNng">23307.528</dst>
            <dst id="IPLSng">7245.17333333333</dst>
            <dst id="KSCYng">11087.1866666667</dst>
            <dst id="LOSAng">9336.632</dst>
            <dst id="NYCMng">9675.64533333333</dst>
            <dst id="SNVAng">193.418666666667</dst>
            <dst id="STTLng">14354.6133333333</dst>
            <dst id="WASHng">8646.03733333333</dst>
        </src>
        <src id="IPLSng">
            <dst id="ATLA-M5">982.541333333333</dst>
            <dst id="ATLAng">26857.576</dst>
            <dst id="CHINng">84569.7973333333</dst>
            <dst id="DNVRng">11617.1466666667</dst>
            <dst id="HSTNng">7868.34133333333</dst>
            <dst id="IPLSng">34989.7226666667</dst>
            <dst id="KSCYng">22854.8773333333</dst>
            <dst id="LOSAng">31429.6186666667</dst>
            <dst id="NYCMng">20064.0506666667</dst>
            <dst id="SNVAng">8295.64</dst>
            <dst id="STTLng">35998.4773333333</dst>
            <dst id="WASHng">69490.8</dst>
        </src>
        <src id="KSCYng">
            <dst id="ATLA-M5">660.378666666667</dst>
            <dst id="ATLAng">13163.176</dst>
            <dst id="CHINng">32150.5546666667</dst>
            <dst id="DNVRng">14380.5653333333</dst>
            <dst id="HSTNng">3698.98933333333</dst>
            <dst id="IPLSng">19907.6373333333</dst>
            <dst id="KSCYng">8602.89866666667</dst>
            <dst id="LOSAng">6692.86666666667</dst>
            <dst id="NYCMng">9187.856</dst>
            <dst id="SNVAng">1968.69866666667</dst>
            <dst id="STTLng">16445.4026666667</dst>
            <dst id="WASHng">16601.1226666667</dst>
        </src>
        <src id="LOSAng">
            <dst id="ATLA-M5">191.368</dst>
            <dst id="ATLAng">12588.648</dst>
            <dst id="CHINng">77613.24</dst>
            <dst id="DNVRng">24369.688</dst>
            <dst id="HSTNng">11320.6</dst>
            <dst id="IPLSng">35916.4053333333</dst>
            <dst id="KSCYng">6636.48533333333</dst>
            <dst id="LOSAng">24225.8453333333</dst>
            <dst id="NYCMng">40984.52</dst>
            <dst id="SNVAng">24092.856</dst>
            <dst id="STTLng">81687.9013333334</dst>
            <dst id="WASHng">64307.0693333333</dst>
        </src>
        <src id="NYCMng">
            <dst id="ATLA-M5">2806.976</dst>
            <dst id="ATLAng">52622.472</dst>
            <dst id="CHINng">62906.192</dst>
            <dst id="DNVRng">26538.1653333333</dst>
            <dst id="HSTNng">22205.9093333333</dst>
            <dst id="IPLSng">58409.32</dst>
            <dst id="KSCYng">20321.1946666667</dst>
            <dst id="LOSAng">57662.5493333333</dst>
            <dst id="NYCMng">212087.149333333</dst>
            <dst id="SNVAng">9813.13066666667</dst>
            <dst id="STTLng">30593.7173333333</dst>
            <dst id="WASHng">162162.301333333</dst>
        </src>
        <src id="SNVAng">
            <dst id="ATLA-M5">26.6666666666667</dst>
            <dst id="ATLAng">134.829333333333</dst>
            <dst id="CHINng">360.528</dst>
            <dst id="DNVRng">9772.624</dst>
            <dst id="HSTNng">171.946666666667</dst>
            <dst id="IPLSng">1387.03466666667</dst>
            <dst id="KSCYng">80</dst>
            <dst id="LOSAng">11085.0826666667</dst>
            <dst id="NYCMng">111.037333333333</dst>
            <dst id="SNVAng">9185.93333333333</dst>
            <dst id="STTLng">20907.3973333333</dst>
            <dst id="WASHng">499.045333333333</dst>
        </src>
        <src id="STTLng">
            <dst id="ATLA-M5">3173.32533333333</dst>
            <dst id="ATLAng">71208.176</dst>
            <dst id="CHINng">124580.936</dst>
            <dst id="DNVRng">53535.84</dst>
            <dst id="HSTNng">32301.136</dst>
            <dst id="IPLSng">89546.1146666667</dst>
            <dst id="KSCYng">62269.5466666667</dst>
            <dst id="LOSAng">15699.0186666667</dst>
            <dst id="NYCMng">30828.3706666667</dst>
            <dst id="SNVAng">11584.7946666667</dst>
            <dst id="STTLng">36226.7093333333</dst>
            <dst id="WASHng">109408.416</dst>
        </src>
        <src id="WASHng">
            <dst id="ATLA-M5">3800.128</dst>
            <dst id="ATLAng">107334.290666667</dst>
            <dst id="CHINng">107307.528</dst>
            <dst id="DNVRng">63543.592</dst>
            <dst id="HSTNng">32963.224</dst>
            <dst id="IPLSng">115531.552</dst>
            <dst id="KSCYng">25223.328</dst>
            <dst id="LOSAng">86227.7493333334</dst>
            <dst id="NYCMng">302499.28</dst>
            <dst id="SNVAng">10102.3013333333</dst>
            <dst id="STTLng">69327.5386666667</dst>
            <dst id="WASHng">414929.653333333</dst>
        </src>
    </IntraTM>
</TrafficMatrixFile>
