<?xml version="1.0" encoding="ISO-8859-1" standalone="yes"?>
<TrafficMatrixFile xsi:noNamespaceSchemaLocation="http://totem.run.montefiore.ulg.ac.be/Schema/TrafficMatrix-v1_2.xsd" xmlns:xsi="http://www.w3.org/2001/XMLSchema-instance">
    <IntraTM ASID="11537">
        <src id="ATLA-M5">
            <dst id="ATLA-M5">0</dst>
            <dst id="ATLAng">613.162666666667</dst>
            <dst id="CHINng">1501.98933333333</dst>
            <dst id="DNVRng">433.130666666667</dst>
            <dst id="HSTNng">584.92</dst>
            <dst id="IPLSng">811.189333333333</dst>
            <dst id="KSCYng">1023.376</dst>
            <dst id="LOSAng">278.534666666667</dst>
            <dst id="NYCMng">1587.04266666667</dst>
            <dst id="SNVAng">52.8626666666667</dst>
            <dst id="STTLng">949.333333333333</dst>
            <dst id="WASHng">850.656</dst>
        </src>
        <src id="ATLAng">
            <dst id="ATLA-M5">231.573333333333</dst>
            <dst id="ATLAng">35993.5706666667</dst>
            <dst id="CHINng">20594.832</dst>
            <dst id="DNVRng">5119.64266666667</dst>
            <dst id="HSTNng">8742.97066666667</dst>
            <dst id="IPLSng">21329.328</dst>
            <dst id="KSCYng">4820.82133333333</dst>
            <dst id="LOSAng">13775.0066666667</dst>
            <dst id="NYCMng">6382.81866666667</dst>
            <dst id="SNVAng">992.361333333333</dst>
            <dst id="STTLng">8693.44</dst>
            <dst id="WASHng">37917.288</dst>
        </src>
        <src id="CHINng">
            <dst id="ATLA-M5">817.890666666667</dst>
            <dst id="ATLAng">17079.4533333333</dst>
            <dst id="CHINng">258943.96</dst>
            <dst id="DNVRng">11881.904</dst>
            <dst id="HSTNng">13802.2213333333</dst>
            <dst id="IPLSng">40718.5973333333</dst>
            <dst id="KSCYng">16374.5466666667</dst>
            <dst id="LOSAng">34560.8373333333</dst>
            <dst id="NYCMng">14493.4346666667</dst>
            <dst id="SNVAng">4748.34666666667</dst>
            <dst id="STTLng">17785.48</dst>
            <dst id="WASHng">32639.5573333333</dst>
        </src>
        <src id="DNVRng">
            <dst id="ATLA-M5">188.96</dst>
            <dst id="ATLAng">3489.66666666667</dst>
            <dst id="CHINng">36492.0373333333</dst>
            <dst id="DNVRng">13346.456</dst>
            <dst id="HSTNng">18431.2906666667</dst>
            <dst id="IPLSng">9162.89066666667</dst>
            <dst id="KSCYng">30573.6826666667</dst>
            <dst id="LOSAng">10954.4853333333</dst>
            <dst id="NYCMng">5490.26666666667</dst>
            <dst id="SNVAng">13591.8693333333</dst>
            <dst id="STTLng">34294.7413333333</dst>
            <dst id="WASHng">21571.3946666667</dst>
        </src>
        <src id="HSTNng">
            <dst id="ATLA-M5">3144.472</dst>
            <dst id="ATLAng">6296.86133333333</dst>
            <dst id="CHINng">13090.848</dst>
            <dst id="DNVRng">1559.06133333333</dst>
            <dst id="HSTNng">14658.288</dst>
            <dst id="IPLSng">5056.104</dst>
            <dst id="KSCYng">9484.26133333333</dst>
            <dst id="LOSAng">6165.49333333333</dst>
            <dst id="NYCMng">4767.37866666667</dst>
            <dst id="SNVAng">0</dst>
            <dst id="STTLng">6978.232</dst>
            <dst id="WASHng">5035.66666666667</dst>
        </src>
        <src id="IPLSng">
            <dst id="ATLA-M5">535.904</dst>
            <dst id="ATLAng">10735.6933333333</dst>
            <dst id="CHINng">50150.032</dst>
            <dst id="DNVRng">7393.016</dst>
            <dst id="HSTNng">9054.97333333333</dst>
            <dst id="IPLSng">21258.744</dst>
            <dst id="KSCYng">6662.128</dst>
            <dst id="LOSAng">10909.152</dst>
            <dst id="NYCMng">8775.456</dst>
            <dst id="SNVAng">1162.152</dst>
            <dst id="STTLng">20900.4426666667</dst>
            <dst id="WASHng">16182.7813333333</dst>
        </src>
        <src id="KSCYng">
            <dst id="ATLA-M5">416.373333333333</dst>
            <dst id="ATLAng">6901.01333333334</dst>
            <dst id="CHINng">29644.7146666667</dst>
            <dst id="DNVRng">7793.81066666667</dst>
            <dst id="HSTNng">3706.808</dst>
            <dst id="IPLSng">15070.6666666667</dst>
            <dst id="KSCYng">9546.51733333333</dst>
            <dst id="LOSAng">5439.23466666667</dst>
            <dst id="NYCMng">15069.048</dst>
            <dst id="SNVAng">2484.55733333333</dst>
            <dst id="STTLng">8251.632</dst>
            <dst id="WASHng">21235.688</dst>
        </src>
        <src id="LOSAng">
            <dst id="ATLA-M5">472.648</dst>
            <dst id="ATLAng">12240.952</dst>
            <dst id="CHINng">83819.6</dst>
            <dst id="DNVRng">13341.088</dst>
            <dst id="HSTNng">4571.376</dst>
            <dst id="IPLSng">33047.6933333333</dst>
            <dst id="KSCYng">3525.68</dst>
            <dst id="LOSAng">19828.5013333333</dst>
            <dst id="NYCMng">35108.9333333333</dst>
            <dst id="SNVAng">18863.72</dst>
            <dst id="STTLng">53926.9173333333</dst>
            <dst id="WASHng">62679.8426666667</dst>
        </src>
        <src id="NYCMng">
            <dst id="ATLA-M5">1479.672</dst>
            <dst id="ATLAng">20602.2986666667</dst>
            <dst id="CHINng">39642.68</dst>
            <dst id="DNVRng">22258.4533333333</dst>
            <dst id="HSTNng">10808.3413333333</dst>
            <dst id="IPLSng">18715.4426666667</dst>
            <dst id="KSCYng">11431.5573333333</dst>
            <dst id="LOSAng">58752.224</dst>
            <dst id="NYCMng">91870.6266666667</dst>
            <dst id="SNVAng">1798.36533333333</dst>
            <dst id="STTLng">27480.6213333333</dst>
            <dst id="WASHng">63909.1253333334</dst>
        </src>
        <src id="SNVAng">
            <dst id="ATLA-M5">0</dst>
            <dst id="ATLAng">53.9333333333333</dst>
            <dst id="CHINng">0</dst>
            <dst id="DNVRng">697.2</dst>
            <dst id="HSTNng">0</dst>
            <dst id="IPLSng">306.685333333333</dst>
            <dst id="KSCYng">0</dst>
            <dst id="LOSAng">10813.44</dst>
            <dst id="NYCMng">198.296</dst>
            <dst id="SNVAng">7590.76266666667</dst>
            <dst id="STTLng">16708.752</dst>
            <dst id="WASHng">0</dst>
        </src>
        <src id="STTLng">
            <dst id="ATLA-M5">643.941333333333</dst>
            <dst id="ATLAng">12986.2613333333</dst>
            <dst id="CHINng">21350.2293333333</dst>
            <dst id="DNVRng">13640.8213333333</dst>
            <dst id="HSTNng">5219.37333333333</dst>
            <dst id="IPLSng">11215.5733333333</dst>
            <dst id="KSCYng">9224.896</dst>
            <dst id="LOSAng">42163.3386666667</dst>
            <dst id="NYCMng">6122.944</dst>
            <dst id="SNVAng">1916.22666666667</dst>
            <dst id="STTLng">23263.76</dst>
            <dst id="WASHng">15330.1493333333</dst>
        </src>
        <src id="WASHng">
            <dst id="ATLA-M5">2089.368</dst>
            <dst id="ATLAng">117163.418666667</dst>
            <dst id="CHINng">87165.4906666667</dst>
            <dst id="DNVRng">61239.2666666667</dst>
            <dst id="HSTNng">31300.936</dst>
            <dst id="IPLSng">42979.256</dst>
            <dst id="KSCYng">32627.0773333333</dst>
            <dst id="LOSAng">79769.3546666667</dst>
            <dst id="NYCMng">129454.973333333</dst>
            <dst id="SNVAng">6552.224</dst>
            <dst id="STTLng">58697.1013333333</dst>
            <dst id="WASHng">236321.341333333</dst>
        </src>
    </IntraTM>
</TrafficMatrixFile>
