<?xml version="1.0" encoding="ISO-8859-1" standalone="yes"?>
<TrafficMatrixFile xsi:noNamespaceSchemaLocation="http://totem.run.montefiore.ulg.ac.be/Schema/TrafficMatrix-v1_2.xsd" xmlns:xsi="http://www.w3.org/2001/XMLSchema-instance">
    <IntraTM ASID="11537">
        <src id="ATLA-M5">
            <dst id="ATLA-M5">98.9413333333333</dst>
            <dst id="ATLAng">845.317333333334</dst>
            <dst id="CHINng">718.416</dst>
            <dst id="DNVRng">181.104</dst>
            <dst id="HSTNng">254.538666666667</dst>
            <dst id="IPLSng">1094.07733333333</dst>
            <dst id="KSCYng">798.589333333333</dst>
            <dst id="LOSAng">78.6626666666667</dst>
            <dst id="NYCMng">1993.26133333333</dst>
            <dst id="SNVAng">22.332</dst>
            <dst id="STTLng">759.474666666667</dst>
            <dst id="WASHng">1210.64</dst>
        </src>
        <src id="ATLAng">
            <dst id="ATLA-M5">788.354666666667</dst>
            <dst id="ATLAng">44044.48</dst>
            <dst id="CHINng">24613.408</dst>
            <dst id="DNVRng">5913.096</dst>
            <dst id="HSTNng">3115.47466666667</dst>
            <dst id="IPLSng">24111.5866666667</dst>
            <dst id="KSCYng">5176.42666666667</dst>
            <dst id="LOSAng">20403.708</dst>
            <dst id="NYCMng">11089.3093333333</dst>
            <dst id="SNVAng">1331.70533333333</dst>
            <dst id="STTLng">16162.512</dst>
            <dst id="WASHng">41451.112</dst>
        </src>
        <src id="CHINng">
            <dst id="ATLA-M5">642.344</dst>
            <dst id="ATLAng">380554.266666667</dst>
            <dst id="CHINng">85966.6453333333</dst>
            <dst id="DNVRng">14305.488</dst>
            <dst id="HSTNng">18488.728</dst>
            <dst id="IPLSng">55986.3493333333</dst>
            <dst id="KSCYng">19448.5706666667</dst>
            <dst id="LOSAng">47242.184</dst>
            <dst id="NYCMng">13619.76</dst>
            <dst id="SNVAng">6266.19733333333</dst>
            <dst id="STTLng">22906.5626666667</dst>
            <dst id="WASHng">38591.1066666667</dst>
        </src>
        <src id="DNVRng">
            <dst id="ATLA-M5">193.181333333333</dst>
            <dst id="ATLAng">4759.63466666667</dst>
            <dst id="CHINng">66927.288</dst>
            <dst id="DNVRng">56498.032</dst>
            <dst id="HSTNng">16870.5653333333</dst>
            <dst id="IPLSng">22080.784</dst>
            <dst id="KSCYng">23222.888</dst>
            <dst id="LOSAng">22479.632</dst>
            <dst id="NYCMng">16748.5226666667</dst>
            <dst id="SNVAng">15485.28</dst>
            <dst id="STTLng">36697.1333333333</dst>
            <dst id="WASHng">20875.3706666667</dst>
        </src>
        <src id="HSTNng">
            <dst id="ATLA-M5">2642.73333333333</dst>
            <dst id="ATLAng">4960.42133333333</dst>
            <dst id="CHINng">17217.1866666667</dst>
            <dst id="DNVRng">2018.20266666667</dst>
            <dst id="HSTNng">19932.6053333333</dst>
            <dst id="IPLSng">6348.10666666667</dst>
            <dst id="KSCYng">11788.312</dst>
            <dst id="LOSAng">7589.992</dst>
            <dst id="NYCMng">3158.19733333333</dst>
            <dst id="SNVAng">1161.728</dst>
            <dst id="STTLng">7826.89066666667</dst>
            <dst id="WASHng">30599.8346666667</dst>
        </src>
        <src id="IPLSng">
            <dst id="ATLA-M5">552.506666666667</dst>
            <dst id="ATLAng">19462.3333333333</dst>
            <dst id="CHINng">44868.816</dst>
            <dst id="DNVRng">10376.544</dst>
            <dst id="HSTNng">5887.016</dst>
            <dst id="IPLSng">20735.3253333333</dst>
            <dst id="KSCYng">13900.3146666667</dst>
            <dst id="LOSAng">13526.3466666667</dst>
            <dst id="NYCMng">10312.52</dst>
            <dst id="SNVAng">1622.448</dst>
            <dst id="STTLng">34502.2186666667</dst>
            <dst id="WASHng">21275.768</dst>
        </src>
        <src id="KSCYng">
            <dst id="ATLA-M5">288.496</dst>
            <dst id="ATLAng">7109.27733333333</dst>
            <dst id="CHINng">19216.5786666667</dst>
            <dst id="DNVRng">10171.4533333333</dst>
            <dst id="HSTNng">5667.59733333333</dst>
            <dst id="IPLSng">36546.576</dst>
            <dst id="KSCYng">23907.6133333333</dst>
            <dst id="LOSAng">7095.25333333333</dst>
            <dst id="NYCMng">6390.83733333333</dst>
            <dst id="SNVAng">2737.87466666667</dst>
            <dst id="STTLng">10706.016</dst>
            <dst id="WASHng">19694.1786666667</dst>
        </src>
        <src id="LOSAng">
            <dst id="ATLA-M5">404.373333333333</dst>
            <dst id="ATLAng">47887.9466666667</dst>
            <dst id="CHINng">6424562.13333333</dst>
            <dst id="DNVRng">16438.5733333333</dst>
            <dst id="HSTNng">8604.90666666667</dst>
            <dst id="IPLSng">34516.9653333333</dst>
            <dst id="KSCYng">8215.28</dst>
            <dst id="LOSAng">16416.8613333333</dst>
            <dst id="NYCMng">50187.016</dst>
            <dst id="SNVAng">16511.064</dst>
            <dst id="STTLng">58372.4373333333</dst>
            <dst id="WASHng">58331.464</dst>
        </src>
        <src id="NYCMng">
            <dst id="ATLA-M5">1373.408</dst>
            <dst id="ATLAng">32113.304</dst>
            <dst id="CHINng">34810.0746666667</dst>
            <dst id="DNVRng">20534.4426666667</dst>
            <dst id="HSTNng">23908.768</dst>
            <dst id="IPLSng">32070.7386666667</dst>
            <dst id="KSCYng">11466.8666666667</dst>
            <dst id="LOSAng">81684.5413333333</dst>
            <dst id="NYCMng">93380.5946666667</dst>
            <dst id="SNVAng">4466.62133333333</dst>
            <dst id="STTLng">31778.608</dst>
            <dst id="WASHng">98139.0266666667</dst>
        </src>
        <src id="SNVAng">
            <dst id="ATLA-M5">26.6666666666667</dst>
            <dst id="ATLAng">32.6773333333333</dst>
            <dst id="CHINng">26.6666666666667</dst>
            <dst id="DNVRng">2725.92266666667</dst>
            <dst id="HSTNng">0</dst>
            <dst id="IPLSng">411.818666666667</dst>
            <dst id="KSCYng">26.6666666666667</dst>
            <dst id="LOSAng">7752.20533333334</dst>
            <dst id="NYCMng">437.528</dst>
            <dst id="SNVAng">9052.968</dst>
            <dst id="STTLng">23056.3226666667</dst>
            <dst id="WASHng">0</dst>
        </src>
        <src id="STTLng">
            <dst id="ATLA-M5">1603.016</dst>
            <dst id="ATLAng">27492.944</dst>
            <dst id="CHINng">43867.1653333333</dst>
            <dst id="DNVRng">14230.72</dst>
            <dst id="HSTNng">9850.56</dst>
            <dst id="IPLSng">49011.7813333333</dst>
            <dst id="KSCYng">23016.032</dst>
            <dst id="LOSAng">50654.4373333333</dst>
            <dst id="NYCMng">10963.144</dst>
            <dst id="SNVAng">5540.38133333333</dst>
            <dst id="STTLng">33119.4853333333</dst>
            <dst id="WASHng">39675.9706666667</dst>
        </src>
        <src id="WASHng">
            <dst id="ATLA-M5">986.914666666667</dst>
            <dst id="ATLAng">109851.338666667</dst>
            <dst id="CHINng">79629.8666666667</dst>
            <dst id="DNVRng">57194.0613333333</dst>
            <dst id="HSTNng">24825.928</dst>
            <dst id="IPLSng">47707.0373333333</dst>
            <dst id="KSCYng">28944.1066666667</dst>
            <dst id="LOSAng">96326.8453333333</dst>
            <dst id="NYCMng">203538.274666667</dst>
            <dst id="SNVAng">4510.70933333333</dst>
            <dst id="STTLng">54158.6106666667</dst>
            <dst id="WASHng">201060.658666667</dst>
        </src>
    </IntraTM>
</TrafficMatrixFile>
