<?xml version="1.0" encoding="ISO-8859-1" standalone="yes"?>
<TrafficMatrixFile xsi:noNamespaceSchemaLocation="http://totem.run.montefiore.ulg.ac.be/Schema/TrafficMatrix-v1_2.xsd" xmlns:xsi="http://www.w3.org/2001/XMLSchema-instance">
    <IntraTM ASID="11537">
        <src id="ATLA-M5">
            <dst id="ATLA-M5">159.138666666667</dst>
            <dst id="ATLAng">806.925333333333</dst>
            <dst id="CHINng">2255.44</dst>
            <dst id="DNVRng">111.122666666667</dst>
            <dst id="HSTNng">1014.97866666667</dst>
            <dst id="IPLSng">236.797333333333</dst>
            <dst id="KSCYng">824.082666666667</dst>
            <dst id="LOSAng">93.3333333333333</dst>
            <dst id="NYCMng">661.744</dst>
            <dst id="SNVAng">13.3333333333333</dst>
            <dst id="STTLng">1223.57866666667</dst>
            <dst id="WASHng">1563.07466666667</dst>
        </src>
        <src id="ATLAng">
            <dst id="ATLA-M5">936.034666666667</dst>
            <dst id="ATLAng">42364.6826666667</dst>
            <dst id="CHINng">24716.5786666667</dst>
            <dst id="DNVRng">6761.36533333333</dst>
            <dst id="HSTNng">32968.904</dst>
            <dst id="IPLSng">24700.9653333333</dst>
            <dst id="KSCYng">10830.2266666667</dst>
            <dst id="LOSAng">17075.728</dst>
            <dst id="NYCMng">20673.752</dst>
            <dst id="SNVAng">1623.056</dst>
            <dst id="STTLng">22698.9306666667</dst>
            <dst id="WASHng">58740.2773333333</dst>
        </src>
        <src id="CHINng">
            <dst id="ATLA-M5">3871.06933333333</dst>
            <dst id="ATLAng">37130.0266666667</dst>
            <dst id="CHINng">119288.824</dst>
            <dst id="DNVRng">16522.896</dst>
            <dst id="HSTNng">19645.3493333333</dst>
            <dst id="IPLSng">93463.752</dst>
            <dst id="KSCYng">20270.1466666667</dst>
            <dst id="LOSAng">44952.192</dst>
            <dst id="NYCMng">24587.0293333333</dst>
            <dst id="SNVAng">6213.55466666667</dst>
            <dst id="STTLng">40690.8213333333</dst>
            <dst id="WASHng">38470.3866666667</dst>
        </src>
        <src id="DNVRng">
            <dst id="ATLA-M5">278.242666666667</dst>
            <dst id="ATLAng">10654.2293333333</dst>
            <dst id="CHINng">69026.7973333334</dst>
            <dst id="DNVRng">14206.4773333333</dst>
            <dst id="HSTNng">19996.16</dst>
            <dst id="IPLSng">23632.1413333333</dst>
            <dst id="KSCYng">21197.608</dst>
            <dst id="LOSAng">17185.9253333333</dst>
            <dst id="NYCMng">9437.36533333333</dst>
            <dst id="SNVAng">16755.5546666667</dst>
            <dst id="STTLng">30877.232</dst>
            <dst id="WASHng">29216.7786666667</dst>
        </src>
        <src id="HSTNng">
            <dst id="ATLA-M5">3256.97866666667</dst>
            <dst id="ATLAng">7256.42933333333</dst>
            <dst id="CHINng">26979.1733333333</dst>
            <dst id="DNVRng">4056.71733333333</dst>
            <dst id="HSTNng">23178.5573333333</dst>
            <dst id="IPLSng">6967.67466666667</dst>
            <dst id="KSCYng">13165.3573333333</dst>
            <dst id="LOSAng">4716.96533333333</dst>
            <dst id="NYCMng">5324.34933333333</dst>
            <dst id="SNVAng">3417.69333333333</dst>
            <dst id="STTLng">13658.0133333333</dst>
            <dst id="WASHng">11526.4693333333</dst>
        </src>
        <src id="IPLSng">
            <dst id="ATLA-M5">704.682666666666</dst>
            <dst id="ATLAng">16056.0373333333</dst>
            <dst id="CHINng">92309.2586666667</dst>
            <dst id="DNVRng">11343.4693333333</dst>
            <dst id="HSTNng">12598.3893333333</dst>
            <dst id="IPLSng">26223.584</dst>
            <dst id="KSCYng">17730.7013333333</dst>
            <dst id="LOSAng">22574.4506666667</dst>
            <dst id="NYCMng">28232.624</dst>
            <dst id="SNVAng">4250.97066666667</dst>
            <dst id="STTLng">32391.3493333333</dst>
            <dst id="WASHng">41348.9226666667</dst>
        </src>
        <src id="KSCYng">
            <dst id="ATLA-M5">601.373333333333</dst>
            <dst id="ATLAng">8710.904</dst>
            <dst id="CHINng">38588.7066666667</dst>
            <dst id="DNVRng">8457.968</dst>
            <dst id="HSTNng">4418.03733333333</dst>
            <dst id="IPLSng">20847.088</dst>
            <dst id="KSCYng">21533.608</dst>
            <dst id="LOSAng">5364.62933333333</dst>
            <dst id="NYCMng">8863.30933333333</dst>
            <dst id="SNVAng">4761.824</dst>
            <dst id="STTLng">17430.984</dst>
            <dst id="WASHng">15572.6506666667</dst>
        </src>
        <src id="LOSAng">
            <dst id="ATLA-M5">160.570666666667</dst>
            <dst id="ATLAng">52518.0533333333</dst>
            <dst id="CHINng">126200.749333333</dst>
            <dst id="DNVRng">13518.392</dst>
            <dst id="HSTNng">14614.6133333333</dst>
            <dst id="IPLSng">28631.3973333333</dst>
            <dst id="KSCYng">15589.96</dst>
            <dst id="LOSAng">7200.95466666667</dst>
            <dst id="NYCMng">38033.3306666667</dst>
            <dst id="SNVAng">23639.24</dst>
            <dst id="STTLng">71639.224</dst>
            <dst id="WASHng">77922.4693333333</dst>
        </src>
        <src id="NYCMng">
            <dst id="ATLA-M5">1752.34933333333</dst>
            <dst id="ATLAng">57039.328</dst>
            <dst id="CHINng">44068.1413333333</dst>
            <dst id="DNVRng">18171.3306666667</dst>
            <dst id="HSTNng">31404.9466666667</dst>
            <dst id="IPLSng">63955.872</dst>
            <dst id="KSCYng">23976.8426666667</dst>
            <dst id="LOSAng">63586.6533333333</dst>
            <dst id="NYCMng">143029.602666667</dst>
            <dst id="SNVAng">10080.0373333333</dst>
            <dst id="STTLng">25437.2933333333</dst>
            <dst id="WASHng">108842.682666667</dst>
        </src>
        <src id="SNVAng">
            <dst id="ATLA-M5">0</dst>
            <dst id="ATLAng">53.3333333333333</dst>
            <dst id="CHINng">201.509333333333</dst>
            <dst id="DNVRng">3183.416</dst>
            <dst id="HSTNng">154.026666666667</dst>
            <dst id="IPLSng">706.4</dst>
            <dst id="KSCYng">260.365333333333</dst>
            <dst id="LOSAng">8088.92266666667</dst>
            <dst id="NYCMng">106.666666666667</dst>
            <dst id="SNVAng">10920.5093333333</dst>
            <dst id="STTLng">25228.5786666667</dst>
            <dst id="WASHng">392.72</dst>
        </src>
        <src id="STTLng">
            <dst id="ATLA-M5">4152.96</dst>
            <dst id="ATLAng">76775.888</dst>
            <dst id="CHINng">105777.138666667</dst>
            <dst id="DNVRng">39594.048</dst>
            <dst id="HSTNng">55702.4853333333</dst>
            <dst id="IPLSng">100846.082666667</dst>
            <dst id="KSCYng">77434.0426666667</dst>
            <dst id="LOSAng">18662.0426666667</dst>
            <dst id="NYCMng">37763.752</dst>
            <dst id="SNVAng">13951.7013333333</dst>
            <dst id="STTLng">36930.3146666667</dst>
            <dst id="WASHng">118194.869333333</dst>
        </src>
        <src id="WASHng">
            <dst id="ATLA-M5">1289.54666666667</dst>
            <dst id="ATLAng">118407.349333333</dst>
            <dst id="CHINng">119091.024</dst>
            <dst id="DNVRng">116296.333333333</dst>
            <dst id="HSTNng">52862.6426666667</dst>
            <dst id="IPLSng">82033.8773333333</dst>
            <dst id="KSCYng">25636.0826666667</dst>
            <dst id="LOSAng">87727.144</dst>
            <dst id="NYCMng">227093.088</dst>
            <dst id="SNVAng">4423.71466666667</dst>
            <dst id="STTLng">64829.752</dst>
            <dst id="WASHng">287771.6</dst>
        </src>
    </IntraTM>
</TrafficMatrixFile>
