<?xml version="1.0" encoding="ISO-8859-1" standalone="yes"?>
<TrafficMatrixFile xsi:noNamespaceSchemaLocation="http://totem.run.montefiore.ulg.ac.be/Schema/TrafficMatrix-v1_2.xsd" xmlns:xsi="http://www.w3.org/2001/XMLSchema-instance">
    <IntraTM ASID="11537">
        <src id="ATLA-M5">
            <dst id="ATLA-M5">26.6666666666667</dst>
            <dst id="ATLAng">181.749333333333</dst>
            <dst id="CHINng">1437.65866666667</dst>
            <dst id="DNVRng">53.3333333333333</dst>
            <dst id="HSTNng">26.6666666666667</dst>
            <dst id="IPLSng">2538.296</dst>
            <dst id="KSCYng">70.48</dst>
            <dst id="LOSAng">93.3333333333333</dst>
            <dst id="NYCMng">250.266666666667</dst>
            <dst id="SNVAng">40</dst>
            <dst id="STTLng">609.266666666667</dst>
            <dst id="WASHng">1311.73866666667</dst>
        </src>
        <src id="ATLAng">
            <dst id="ATLA-M5">305.837333333333</dst>
            <dst id="ATLAng">31313.7573333333</dst>
            <dst id="CHINng">15772.392</dst>
            <dst id="DNVRng">8355.048</dst>
            <dst id="HSTNng">3421.56</dst>
            <dst id="IPLSng">30029.5466666667</dst>
            <dst id="KSCYng">2388.14666666667</dst>
            <dst id="LOSAng">11906.748</dst>
            <dst id="NYCMng">11771.5813333333</dst>
            <dst id="SNVAng">5275.98533333333</dst>
            <dst id="STTLng">19535.08</dst>
            <dst id="WASHng">65774.9893333333</dst>
        </src>
        <src id="CHINng">
            <dst id="ATLA-M5">669.04</dst>
            <dst id="ATLAng">28444.9333333333</dst>
            <dst id="CHINng">110300.325333333</dst>
            <dst id="DNVRng">7399.86666666667</dst>
            <dst id="HSTNng">11397.824</dst>
            <dst id="IPLSng">49124.928</dst>
            <dst id="KSCYng">14465.784</dst>
            <dst id="LOSAng">25910.328</dst>
            <dst id="NYCMng">10498.0213333333</dst>
            <dst id="SNVAng">1997.82666666667</dst>
            <dst id="STTLng">25088.7573333333</dst>
            <dst id="WASHng">23422.4746666667</dst>
        </src>
        <src id="DNVRng">
            <dst id="ATLA-M5">333.229333333333</dst>
            <dst id="ATLAng">6056.80533333333</dst>
            <dst id="CHINng">62819.2293333333</dst>
            <dst id="DNVRng">5053.712</dst>
            <dst id="HSTNng">7345.37866666667</dst>
            <dst id="IPLSng">11904.0426666667</dst>
            <dst id="KSCYng">10054.984</dst>
            <dst id="LOSAng">7111</dst>
            <dst id="NYCMng">11513.1546666667</dst>
            <dst id="SNVAng">6650.83466666667</dst>
            <dst id="STTLng">12641.5946666667</dst>
            <dst id="WASHng">15209.448</dst>
        </src>
        <src id="HSTNng">
            <dst id="ATLA-M5">73.1226666666667</dst>
            <dst id="ATLAng">4573.712</dst>
            <dst id="CHINng">13282.024</dst>
            <dst id="DNVRng">827.322666666667</dst>
            <dst id="HSTNng">13463.3146666667</dst>
            <dst id="IPLSng">1737.152</dst>
            <dst id="KSCYng">3428.88</dst>
            <dst id="LOSAng">2224.07466666667</dst>
            <dst id="NYCMng">3016.50933333333</dst>
            <dst id="SNVAng">282.378666666667</dst>
            <dst id="STTLng">6766.36</dst>
            <dst id="WASHng">4312.98933333333</dst>
        </src>
        <src id="IPLSng">
            <dst id="ATLA-M5">196.205333333333</dst>
            <dst id="ATLAng">15147.384</dst>
            <dst id="CHINng">87901.7173333333</dst>
            <dst id="DNVRng">13113.5626666667</dst>
            <dst id="HSTNng">1882.01066666667</dst>
            <dst id="IPLSng">41795.4</dst>
            <dst id="KSCYng">11150.3146666667</dst>
            <dst id="LOSAng">13278.7466666667</dst>
            <dst id="NYCMng">8985.70666666667</dst>
            <dst id="SNVAng">703.957333333333</dst>
            <dst id="STTLng">34033.9813333333</dst>
            <dst id="WASHng">26678.5706666667</dst>
        </src>
        <src id="KSCYng">
            <dst id="ATLA-M5">150.965333333333</dst>
            <dst id="ATLAng">6635.65333333333</dst>
            <dst id="CHINng">24683.2373333333</dst>
            <dst id="DNVRng">6092.352</dst>
            <dst id="HSTNng">4547.16266666667</dst>
            <dst id="IPLSng">9378.71466666667</dst>
            <dst id="KSCYng">4314.88</dst>
            <dst id="LOSAng">3032.78933333333</dst>
            <dst id="NYCMng">4872.856</dst>
            <dst id="SNVAng">2486.09333333333</dst>
            <dst id="STTLng">11242.2</dst>
            <dst id="WASHng">9885.06133333333</dst>
        </src>
        <src id="LOSAng">
            <dst id="ATLA-M5">53.3333333333333</dst>
            <dst id="ATLAng">9246.23733333333</dst>
            <dst id="CHINng">121165.426666667</dst>
            <dst id="DNVRng">9704.112</dst>
            <dst id="HSTNng">5729.27733333333</dst>
            <dst id="IPLSng">17826.424</dst>
            <dst id="KSCYng">3145.488</dst>
            <dst id="LOSAng">9917</dst>
            <dst id="NYCMng">47780.9066666667</dst>
            <dst id="SNVAng">23471.6533333333</dst>
            <dst id="STTLng">45954.4586666667</dst>
            <dst id="WASHng">48517.216</dst>
        </src>
        <src id="NYCMng">
            <dst id="ATLA-M5">2554.872</dst>
            <dst id="ATLAng">37311.3733333333</dst>
            <dst id="CHINng">34463</dst>
            <dst id="DNVRng">13823.728</dst>
            <dst id="HSTNng">4195.25066666667</dst>
            <dst id="IPLSng">30682.8453333333</dst>
            <dst id="KSCYng">10045.2186666667</dst>
            <dst id="LOSAng">48800.5066666667</dst>
            <dst id="NYCMng">109314.08</dst>
            <dst id="SNVAng">601.570666666667</dst>
            <dst id="STTLng">28129.8106666667</dst>
            <dst id="WASHng">73656.344</dst>
        </src>
        <src id="SNVAng">
            <dst id="ATLA-M5">0</dst>
            <dst id="ATLAng">314.357333333333</dst>
            <dst id="CHINng">26.6666666666667</dst>
            <dst id="DNVRng">10322.0266666667</dst>
            <dst id="HSTNng">0</dst>
            <dst id="IPLSng">548.352</dst>
            <dst id="KSCYng">262.784</dst>
            <dst id="LOSAng">8214.12533333333</dst>
            <dst id="NYCMng">108.901333333333</dst>
            <dst id="SNVAng">7728.99733333333</dst>
            <dst id="STTLng">16359.3893333333</dst>
            <dst id="WASHng">53.3333333333333</dst>
        </src>
        <src id="STTLng">
            <dst id="ATLA-M5">1740.36533333333</dst>
            <dst id="ATLAng">49416.064</dst>
            <dst id="CHINng">74451.0266666667</dst>
            <dst id="DNVRng">3729.24533333333</dst>
            <dst id="HSTNng">15028.1333333333</dst>
            <dst id="IPLSng">51745.3226666667</dst>
            <dst id="KSCYng">35375.5386666667</dst>
            <dst id="LOSAng">29636.0506666667</dst>
            <dst id="NYCMng">25866.4666666667</dst>
            <dst id="SNVAng">1382.86133333333</dst>
            <dst id="STTLng">13308.9813333333</dst>
            <dst id="WASHng">77741.104</dst>
        </src>
        <src id="WASHng">
            <dst id="ATLA-M5">465.384</dst>
            <dst id="ATLAng">124877.794666667</dst>
            <dst id="CHINng">46781.4586666667</dst>
            <dst id="DNVRng">50248.9386666667</dst>
            <dst id="HSTNng">20281.5226666667</dst>
            <dst id="IPLSng">59464.5706666667</dst>
            <dst id="KSCYng">17200.696</dst>
            <dst id="LOSAng">63735.552</dst>
            <dst id="NYCMng">148201.237333333</dst>
            <dst id="SNVAng">1597.24533333333</dst>
            <dst id="STTLng">80386.152</dst>
            <dst id="WASHng">297047.413333333</dst>
        </src>
    </IntraTM>
</TrafficMatrixFile>
