<?xml version="1.0" encoding="ISO-8859-1" standalone="yes"?>
<TrafficMatrixFile xsi:noNamespaceSchemaLocation="http://totem.run.montefiore.ulg.ac.be/Schema/TrafficMatrix-v1_2.xsd" xmlns:xsi="http://www.w3.org/2001/XMLSchema-instance">
    <IntraTM ASID="11537">
        <src id="ATLA-M5">
            <dst id="ATLA-M5">154.933333333333</dst>
            <dst id="ATLAng">328.898666666667</dst>
            <dst id="CHINng">1382.14133333333</dst>
            <dst id="DNVRng">370.504</dst>
            <dst id="HSTNng">624.690666666667</dst>
            <dst id="IPLSng">1238.72533333333</dst>
            <dst id="KSCYng">1210.488</dst>
            <dst id="LOSAng">130.502666666667</dst>
            <dst id="NYCMng">1334.10933333333</dst>
            <dst id="SNVAng">23.836</dst>
            <dst id="STTLng">747.178666666667</dst>
            <dst id="WASHng">1370.08533333333</dst>
        </src>
        <src id="ATLAng">
            <dst id="ATLA-M5">842.890666666667</dst>
            <dst id="ATLAng">45659.0053333333</dst>
            <dst id="CHINng">26292.0373333333</dst>
            <dst id="DNVRng">4570.72</dst>
            <dst id="HSTNng">4832.93066666667</dst>
            <dst id="IPLSng">23703.576</dst>
            <dst id="KSCYng">3280.128</dst>
            <dst id="LOSAng">36684.5706666667</dst>
            <dst id="NYCMng">9515.79466666667</dst>
            <dst id="SNVAng">774.385333333333</dst>
            <dst id="STTLng">13111.6346666667</dst>
            <dst id="WASHng">35548.5253333333</dst>
        </src>
        <src id="CHINng">
            <dst id="ATLA-M5">1025.53866666667</dst>
            <dst id="ATLAng">25198.328</dst>
            <dst id="CHINng">90225.9066666667</dst>
            <dst id="DNVRng">13799.1146666667</dst>
            <dst id="HSTNng">19431.368</dst>
            <dst id="IPLSng">61166.104</dst>
            <dst id="KSCYng">19448.2453333333</dst>
            <dst id="LOSAng">47225.4</dst>
            <dst id="NYCMng">17186.5866666667</dst>
            <dst id="SNVAng">4211.90133333333</dst>
            <dst id="STTLng">23278.3306666667</dst>
            <dst id="WASHng">29968.7653333333</dst>
        </src>
        <src id="DNVRng">
            <dst id="ATLA-M5">1179.29333333333</dst>
            <dst id="ATLAng">7075.984</dst>
            <dst id="CHINng">46845.8613333333</dst>
            <dst id="DNVRng">15590.9386666667</dst>
            <dst id="HSTNng">19002.432</dst>
            <dst id="IPLSng">10366.0506666667</dst>
            <dst id="KSCYng">26239.4373333333</dst>
            <dst id="LOSAng">10729.872</dst>
            <dst id="NYCMng">7108.928</dst>
            <dst id="SNVAng">14493.3946666667</dst>
            <dst id="STTLng">34655.616</dst>
            <dst id="WASHng">22036.7146666667</dst>
        </src>
        <src id="HSTNng">
            <dst id="ATLA-M5">3583.92</dst>
            <dst id="ATLAng">4710.288</dst>
            <dst id="CHINng">12880.624</dst>
            <dst id="DNVRng">1648.16266666667</dst>
            <dst id="HSTNng">18095.8506666667</dst>
            <dst id="IPLSng">5128.264</dst>
            <dst id="KSCYng">10935.3226666667</dst>
            <dst id="LOSAng">9208.47733333333</dst>
            <dst id="NYCMng">2774.69333333333</dst>
            <dst id="SNVAng">193.184</dst>
            <dst id="STTLng">8025.55466666667</dst>
            <dst id="WASHng">7780.64266666667</dst>
        </src>
        <src id="IPLSng">
            <dst id="ATLA-M5">762.709333333333</dst>
            <dst id="ATLAng">12091.7546666667</dst>
            <dst id="CHINng">50446.56</dst>
            <dst id="DNVRng">8270.66933333333</dst>
            <dst id="HSTNng">9960.92266666666</dst>
            <dst id="IPLSng">19814.0826666667</dst>
            <dst id="KSCYng">17516.44</dst>
            <dst id="LOSAng">14059.7786666667</dst>
            <dst id="NYCMng">6881.69066666667</dst>
            <dst id="SNVAng">893.709333333333</dst>
            <dst id="STTLng">39662.9653333333</dst>
            <dst id="WASHng">20536.36</dst>
        </src>
        <src id="KSCYng">
            <dst id="ATLA-M5">372.618666666667</dst>
            <dst id="ATLAng">10365.32</dst>
            <dst id="CHINng">21614.1573333333</dst>
            <dst id="DNVRng">9215.47466666667</dst>
            <dst id="HSTNng">4945.61333333333</dst>
            <dst id="IPLSng">20910.568</dst>
            <dst id="KSCYng">20985.2426666667</dst>
            <dst id="LOSAng">4952.33066666667</dst>
            <dst id="NYCMng">5866.248</dst>
            <dst id="SNVAng">2891.152</dst>
            <dst id="STTLng">11716.112</dst>
            <dst id="WASHng">12555.808</dst>
        </src>
        <src id="LOSAng">
            <dst id="ATLA-M5">680.250666666667</dst>
            <dst id="ATLAng">11896.4586666667</dst>
            <dst id="CHINng">5059132.8</dst>
            <dst id="DNVRng">10955.3306666667</dst>
            <dst id="HSTNng">16403.6586666667</dst>
            <dst id="IPLSng">23258.2453333333</dst>
            <dst id="KSCYng">14382.6746666667</dst>
            <dst id="LOSAng">13852.9013333333</dst>
            <dst id="NYCMng">45899.2746666667</dst>
            <dst id="SNVAng">14456.1626666667</dst>
            <dst id="STTLng">84985.8586666667</dst>
            <dst id="WASHng">46615.576</dst>
        </src>
        <src id="NYCMng">
            <dst id="ATLA-M5">607.898666666667</dst>
            <dst id="ATLAng">34985.2853333333</dst>
            <dst id="CHINng">34316.664</dst>
            <dst id="DNVRng">16198.3546666667</dst>
            <dst id="HSTNng">16856.9253333333</dst>
            <dst id="IPLSng">29713.112</dst>
            <dst id="KSCYng">13705.96</dst>
            <dst id="LOSAng">65283.2693333333</dst>
            <dst id="NYCMng">85062.1573333333</dst>
            <dst id="SNVAng">5379.4</dst>
            <dst id="STTLng">27112.352</dst>
            <dst id="WASHng">100406.581333333</dst>
        </src>
        <src id="SNVAng">
            <dst id="ATLA-M5">0</dst>
            <dst id="ATLAng">26.6666666666667</dst>
            <dst id="CHINng">53.3333333333333</dst>
            <dst id="DNVRng">1870.10666666667</dst>
            <dst id="HSTNng">53.3333333333333</dst>
            <dst id="IPLSng">398.128</dst>
            <dst id="KSCYng">26.6666666666667</dst>
            <dst id="LOSAng">6824.67466666667</dst>
            <dst id="NYCMng">270.597333333333</dst>
            <dst id="SNVAng">7076.18933333333</dst>
            <dst id="STTLng">24436.1493333333</dst>
            <dst id="WASHng">53.3333333333333</dst>
        </src>
        <src id="STTLng">
            <dst id="ATLA-M5">3316.85866666667</dst>
            <dst id="ATLAng">23914.784</dst>
            <dst id="CHINng">35952.8053333333</dst>
            <dst id="DNVRng">17334.576</dst>
            <dst id="HSTNng">11189.0293333333</dst>
            <dst id="IPLSng">39021.968</dst>
            <dst id="KSCYng">19584.5546666667</dst>
            <dst id="LOSAng">43815.456</dst>
            <dst id="NYCMng">16215.5386666667</dst>
            <dst id="SNVAng">3597.92266666667</dst>
            <dst id="STTLng">27175.4666666667</dst>
            <dst id="WASHng">35998.9466666667</dst>
        </src>
        <src id="WASHng">
            <dst id="ATLA-M5">1674.94133333333</dst>
            <dst id="ATLAng">81632.8773333333</dst>
            <dst id="CHINng">89154.3813333334</dst>
            <dst id="DNVRng">67067.4133333333</dst>
            <dst id="HSTNng">36551.6853333333</dst>
            <dst id="IPLSng">46938.8026666667</dst>
            <dst id="KSCYng">18643.2186666667</dst>
            <dst id="LOSAng">77166.416</dst>
            <dst id="NYCMng">204936.549333333</dst>
            <dst id="SNVAng">3107.288</dst>
            <dst id="STTLng">52291.6586666667</dst>
            <dst id="WASHng">319485.973333333</dst>
        </src>
    </IntraTM>
</TrafficMatrixFile>
