<?xml version="1.0" encoding="ISO-8859-1" standalone="yes"?>
<TrafficMatrixFile xsi:noNamespaceSchemaLocation="http://totem.run.montefiore.ulg.ac.be/Schema/TrafficMatrix-v1_2.xsd" xmlns:xsi="http://www.w3.org/2001/XMLSchema-instance">
    <IntraTM ASID="11537">
        <src id="ATLA-M5">
            <dst id="ATLA-M5">26.6666666666667</dst>
            <dst id="ATLAng">399.488</dst>
            <dst id="CHINng">133.333333333333</dst>
            <dst id="DNVRng">0</dst>
            <dst id="HSTNng">26.6666666666667</dst>
            <dst id="IPLSng">192.272</dst>
            <dst id="KSCYng">183.725333333333</dst>
            <dst id="LOSAng">262.986666666667</dst>
            <dst id="NYCMng">1449.84</dst>
            <dst id="SNVAng">0</dst>
            <dst id="STTLng">506.477333333333</dst>
            <dst id="WASHng">865.957333333333</dst>
        </src>
        <src id="ATLAng">
            <dst id="ATLA-M5">775.317333333333</dst>
            <dst id="ATLAng">27755.1786666667</dst>
            <dst id="CHINng">10784.992</dst>
            <dst id="DNVRng">4903.40533333333</dst>
            <dst id="HSTNng">1501.50133333333</dst>
            <dst id="IPLSng">15412.888</dst>
            <dst id="KSCYng">2663.81866666667</dst>
            <dst id="LOSAng">12720.9133333333</dst>
            <dst id="NYCMng">9658.77866666667</dst>
            <dst id="SNVAng">492.134666666667</dst>
            <dst id="STTLng">15246.3146666667</dst>
            <dst id="WASHng">63698.3626666667</dst>
        </src>
        <src id="CHINng">
            <dst id="ATLA-M5">635.813333333333</dst>
            <dst id="ATLAng">15741.4906666667</dst>
            <dst id="CHINng">136901.472</dst>
            <dst id="DNVRng">5561.52266666667</dst>
            <dst id="HSTNng">5800.768</dst>
            <dst id="IPLSng">126069.818666667</dst>
            <dst id="KSCYng">6701.87733333333</dst>
            <dst id="LOSAng">31812.6373333333</dst>
            <dst id="NYCMng">13527.2426666667</dst>
            <dst id="SNVAng">3482.99466666667</dst>
            <dst id="STTLng">22578.7226666667</dst>
            <dst id="WASHng">14694.3653333333</dst>
        </src>
        <src id="DNVRng">
            <dst id="ATLA-M5">238.72</dst>
            <dst id="ATLAng">4803.34666666667</dst>
            <dst id="CHINng">46920.0506666667</dst>
            <dst id="DNVRng">3279.23466666667</dst>
            <dst id="HSTNng">8541.39733333333</dst>
            <dst id="IPLSng">7984.93866666667</dst>
            <dst id="KSCYng">9230.704</dst>
            <dst id="LOSAng">4159.70933333333</dst>
            <dst id="NYCMng">8023.97866666667</dst>
            <dst id="SNVAng">10594.4693333333</dst>
            <dst id="STTLng">6268.02133333333</dst>
            <dst id="WASHng">26271.4426666667</dst>
        </src>
        <src id="HSTNng">
            <dst id="ATLA-M5">463.709333333333</dst>
            <dst id="ATLAng">2306.264</dst>
            <dst id="CHINng">17130.2933333333</dst>
            <dst id="DNVRng">894.429333333333</dst>
            <dst id="HSTNng">9036.488</dst>
            <dst id="IPLSng">1650.608</dst>
            <dst id="KSCYng">4199.53066666667</dst>
            <dst id="LOSAng">5490.8</dst>
            <dst id="NYCMng">4780.21866666667</dst>
            <dst id="SNVAng">66.3973333333333</dst>
            <dst id="STTLng">5723.43466666667</dst>
            <dst id="WASHng">7091.104</dst>
        </src>
        <src id="IPLSng">
            <dst id="ATLA-M5">372.322666666667</dst>
            <dst id="ATLAng">7137.82133333334</dst>
            <dst id="CHINng">75365.9733333333</dst>
            <dst id="DNVRng">4041.33333333333</dst>
            <dst id="HSTNng">772.333333333333</dst>
            <dst id="IPLSng">33480.928</dst>
            <dst id="KSCYng">3359.62666666667</dst>
            <dst id="LOSAng">19118.8986666667</dst>
            <dst id="NYCMng">8700.82133333334</dst>
            <dst id="SNVAng">615.784</dst>
            <dst id="STTLng">24022.848</dst>
            <dst id="WASHng">21407.7573333333</dst>
        </src>
        <src id="KSCYng">
            <dst id="ATLA-M5">144.637333333333</dst>
            <dst id="ATLAng">5897.904</dst>
            <dst id="CHINng">29543.768</dst>
            <dst id="DNVRng">9182.77333333333</dst>
            <dst id="HSTNng">2720.64533333333</dst>
            <dst id="IPLSng">10472.4826666667</dst>
            <dst id="KSCYng">4012.11466666667</dst>
            <dst id="LOSAng">3322.67466666667</dst>
            <dst id="NYCMng">4732.91733333333</dst>
            <dst id="SNVAng">1848.288</dst>
            <dst id="STTLng">17880.1493333333</dst>
            <dst id="WASHng">10384.9546666667</dst>
        </src>
        <src id="LOSAng">
            <dst id="ATLA-M5">0</dst>
            <dst id="ATLAng">5806.02133333333</dst>
            <dst id="CHINng">73905.7306666667</dst>
            <dst id="DNVRng">7107.98133333333</dst>
            <dst id="HSTNng">1998.53066666667</dst>
            <dst id="IPLSng">14482.2453333333</dst>
            <dst id="KSCYng">1383.69066666667</dst>
            <dst id="LOSAng">8892.472</dst>
            <dst id="NYCMng">30326.5706666667</dst>
            <dst id="SNVAng">28408.4613333333</dst>
            <dst id="STTLng">49440.2266666667</dst>
            <dst id="WASHng">35970.3333333333</dst>
        </src>
        <src id="NYCMng">
            <dst id="ATLA-M5">293.256</dst>
            <dst id="ATLAng">26091.3733333333</dst>
            <dst id="CHINng">42795.9226666667</dst>
            <dst id="DNVRng">21278.3413333333</dst>
            <dst id="HSTNng">7625.752</dst>
            <dst id="IPLSng">17972.344</dst>
            <dst id="KSCYng">6557.11733333333</dst>
            <dst id="LOSAng">39064.8213333333</dst>
            <dst id="NYCMng">127530.930666667</dst>
            <dst id="SNVAng">2112.632</dst>
            <dst id="STTLng">18875.184</dst>
            <dst id="WASHng">50988.808</dst>
        </src>
        <src id="SNVAng">
            <dst id="ATLA-M5">0</dst>
            <dst id="ATLAng">26.6666666666667</dst>
            <dst id="CHINng">26.6666666666667</dst>
            <dst id="DNVRng">5078.752</dst>
            <dst id="HSTNng">49.92</dst>
            <dst id="IPLSng">329.138666666667</dst>
            <dst id="KSCYng">0</dst>
            <dst id="LOSAng">5128.63466666667</dst>
            <dst id="NYCMng">99.192</dst>
            <dst id="SNVAng">6050.64533333333</dst>
            <dst id="STTLng">15553.1466666667</dst>
            <dst id="WASHng">26.6666666666667</dst>
        </src>
        <src id="STTLng">
            <dst id="ATLA-M5">2198.464</dst>
            <dst id="ATLAng">34944.408</dst>
            <dst id="CHINng">49165.6853333333</dst>
            <dst id="DNVRng">3051.608</dst>
            <dst id="HSTNng">7659.65066666667</dst>
            <dst id="IPLSng">44829.352</dst>
            <dst id="KSCYng">16860.4933333333</dst>
            <dst id="LOSAng">28106.8293333333</dst>
            <dst id="NYCMng">17471.312</dst>
            <dst id="SNVAng">1511.29866666667</dst>
            <dst id="STTLng">13788.3546666667</dst>
            <dst id="WASHng">59490.688</dst>
        </src>
        <src id="WASHng">
            <dst id="ATLA-M5">827.576</dst>
            <dst id="ATLAng">89688.12</dst>
            <dst id="CHINng">76217.424</dst>
            <dst id="DNVRng">66132.9306666667</dst>
            <dst id="HSTNng">22112.4133333333</dst>
            <dst id="IPLSng">44008.704</dst>
            <dst id="KSCYng">10808.7333333333</dst>
            <dst id="LOSAng">78902.592</dst>
            <dst id="NYCMng">116091.965333333</dst>
            <dst id="SNVAng">4541.60533333333</dst>
            <dst id="STTLng">50318.6266666667</dst>
            <dst id="WASHng">312466.853333333</dst>
        </src>
    </IntraTM>
</TrafficMatrixFile>
