<?xml version="1.0" encoding="ISO-8859-1" standalone="yes"?>
<TrafficMatrixFile xsi:noNamespaceSchemaLocation="http://totem.run.montefiore.ulg.ac.be/Schema/TrafficMatrix-v1_2.xsd" xmlns:xsi="http://www.w3.org/2001/XMLSchema-instance">
    <IntraTM ASID="11537">
        <src id="ATLA-M5">
            <dst id="ATLA-M5">0</dst>
            <dst id="ATLAng">801.365333333333</dst>
            <dst id="CHINng">771.44</dst>
            <dst id="DNVRng">1535.56266666667</dst>
            <dst id="HSTNng">175.613333333333</dst>
            <dst id="IPLSng">1346.528</dst>
            <dst id="KSCYng">746.261333333333</dst>
            <dst id="LOSAng">55.6133333333333</dst>
            <dst id="NYCMng">1302.58666666667</dst>
            <dst id="SNVAng">55.6133333333333</dst>
            <dst id="STTLng">806.010666666667</dst>
            <dst id="WASHng">882.658666666667</dst>
        </src>
        <src id="ATLAng">
            <dst id="ATLA-M5">2016.92533333333</dst>
            <dst id="ATLAng">46262.1813333333</dst>
            <dst id="CHINng">20401.632</dst>
            <dst id="DNVRng">5232.2</dst>
            <dst id="HSTNng">7591.57333333333</dst>
            <dst id="IPLSng">27666.5786666667</dst>
            <dst id="KSCYng">8180.33866666667</dst>
            <dst id="LOSAng">26818.128</dst>
            <dst id="NYCMng">13847.7306666667</dst>
            <dst id="SNVAng">835.08</dst>
            <dst id="STTLng">17387.6106666667</dst>
            <dst id="WASHng">41309.9386666667</dst>
        </src>
        <src id="CHINng">
            <dst id="ATLA-M5">2503.18933333333</dst>
            <dst id="ATLAng">29218.8826666667</dst>
            <dst id="CHINng">83527.4666666667</dst>
            <dst id="DNVRng">29343.0773333333</dst>
            <dst id="HSTNng">24693.184</dst>
            <dst id="IPLSng">70247.48</dst>
            <dst id="KSCYng">14075.0533333333</dst>
            <dst id="LOSAng">141032.157333333</dst>
            <dst id="NYCMng">15380.7173333333</dst>
            <dst id="SNVAng">4972.74933333333</dst>
            <dst id="STTLng">21317.376</dst>
            <dst id="WASHng">45625.3093333333</dst>
        </src>
        <src id="DNVRng">
            <dst id="ATLA-M5">292.597333333333</dst>
            <dst id="ATLAng">8017.33866666667</dst>
            <dst id="CHINng">38478.6426666667</dst>
            <dst id="DNVRng">19022.0186666667</dst>
            <dst id="HSTNng">14513.2186666667</dst>
            <dst id="IPLSng">10137.6906666667</dst>
            <dst id="KSCYng">20434.256</dst>
            <dst id="LOSAng">10977.312</dst>
            <dst id="NYCMng">21706.6106666667</dst>
            <dst id="SNVAng">14311.08</dst>
            <dst id="STTLng">30362.928</dst>
            <dst id="WASHng">25414.5173333333</dst>
        </src>
        <src id="HSTNng">
            <dst id="ATLA-M5">4659.16533333333</dst>
            <dst id="ATLAng">3989.27733333333</dst>
            <dst id="CHINng">12504.976</dst>
            <dst id="DNVRng">1217.328</dst>
            <dst id="HSTNng">13473.6693333333</dst>
            <dst id="IPLSng">6794.00533333333</dst>
            <dst id="KSCYng">10524.9653333333</dst>
            <dst id="LOSAng">8486.37333333333</dst>
            <dst id="NYCMng">2508.09066666667</dst>
            <dst id="SNVAng">279.586666666667</dst>
            <dst id="STTLng">5780.62133333333</dst>
            <dst id="WASHng">18271.7706666667</dst>
        </src>
        <src id="IPLSng">
            <dst id="ATLA-M5">838.357333333333</dst>
            <dst id="ATLAng">12137.5413333333</dst>
            <dst id="CHINng">50938.2106666667</dst>
            <dst id="DNVRng">15861.0746666667</dst>
            <dst id="HSTNng">2943.928</dst>
            <dst id="IPLSng">17330.5653333333</dst>
            <dst id="KSCYng">14014.4213333333</dst>
            <dst id="LOSAng">16884.6826666667</dst>
            <dst id="NYCMng">10482.416</dst>
            <dst id="SNVAng">3659.48266666667</dst>
            <dst id="STTLng">32494.208</dst>
            <dst id="WASHng">23773.616</dst>
        </src>
        <src id="KSCYng">
            <dst id="ATLA-M5">444.293333333333</dst>
            <dst id="ATLAng">12198.664</dst>
            <dst id="CHINng">27766.68</dst>
            <dst id="DNVRng">9803.82933333333</dst>
            <dst id="HSTNng">4758.03733333333</dst>
            <dst id="IPLSng">23906.12</dst>
            <dst id="KSCYng">14662.1013333333</dst>
            <dst id="LOSAng">4580.35733333333</dst>
            <dst id="NYCMng">9002.70133333333</dst>
            <dst id="SNVAng">2995.34933333333</dst>
            <dst id="STTLng">15124.816</dst>
            <dst id="WASHng">15595.6506666667</dst>
        </src>
        <src id="LOSAng">
            <dst id="ATLA-M5">462.322666666667</dst>
            <dst id="ATLAng">14563.8293333333</dst>
            <dst id="CHINng">6431132</dst>
            <dst id="DNVRng">19279.992</dst>
            <dst id="HSTNng">6598.08266666667</dst>
            <dst id="IPLSng">36279.5226666667</dst>
            <dst id="KSCYng">7452.336</dst>
            <dst id="LOSAng">16677.7173333333</dst>
            <dst id="NYCMng">53085.1173333333</dst>
            <dst id="SNVAng">21899.0693333333</dst>
            <dst id="STTLng">66068.6693333333</dst>
            <dst id="WASHng">60269.6453333333</dst>
        </src>
        <src id="NYCMng">
            <dst id="ATLA-M5">4163.12</dst>
            <dst id="ATLAng">31964.3013333333</dst>
            <dst id="CHINng">26090.5786666667</dst>
            <dst id="DNVRng">19404.576</dst>
            <dst id="HSTNng">14345.8853333333</dst>
            <dst id="IPLSng">31153.9226666667</dst>
            <dst id="KSCYng">10882.8613333333</dst>
            <dst id="LOSAng">76128.0906666667</dst>
            <dst id="NYCMng">96616.4933333333</dst>
            <dst id="SNVAng">3846.11733333333</dst>
            <dst id="STTLng">30142.104</dst>
            <dst id="WASHng">110920.333333333</dst>
        </src>
        <src id="SNVAng">
            <dst id="ATLA-M5">0</dst>
            <dst id="ATLAng">118.538666666667</dst>
            <dst id="CHINng">53.416</dst>
            <dst id="DNVRng">1608.41333333333</dst>
            <dst id="HSTNng">26.6666666666667</dst>
            <dst id="IPLSng">480.32</dst>
            <dst id="KSCYng">26.6666666666667</dst>
            <dst id="LOSAng">10019.9626666667</dst>
            <dst id="NYCMng">73.2133333333333</dst>
            <dst id="SNVAng">29682.5333333333</dst>
            <dst id="STTLng">23382.1093333333</dst>
            <dst id="WASHng">26.6666666666667</dst>
        </src>
        <src id="STTLng">
            <dst id="ATLA-M5">1112.00266666667</dst>
            <dst id="ATLAng">27127.2533333333</dst>
            <dst id="CHINng">60275.872</dst>
            <dst id="DNVRng">16196.4613333333</dst>
            <dst id="HSTNng">8664.90666666667</dst>
            <dst id="IPLSng">45496.2746666667</dst>
            <dst id="KSCYng">21289.5946666667</dst>
            <dst id="LOSAng">50070.0506666667</dst>
            <dst id="NYCMng">16109.072</dst>
            <dst id="SNVAng">14990.792</dst>
            <dst id="STTLng">30355.3493333333</dst>
            <dst id="WASHng">44375.0613333333</dst>
        </src>
        <src id="WASHng">
            <dst id="ATLA-M5">4422.21066666667</dst>
            <dst id="ATLAng">123416.176</dst>
            <dst id="CHINng">88611.488</dst>
            <dst id="DNVRng">72360.9146666667</dst>
            <dst id="HSTNng">35784.4613333333</dst>
            <dst id="IPLSng">49129.896</dst>
            <dst id="KSCYng">23237.2026666667</dst>
            <dst id="LOSAng">114257.538666667</dst>
            <dst id="NYCMng">206490.341333333</dst>
            <dst id="SNVAng">8192.73866666667</dst>
            <dst id="STTLng">53727.4666666667</dst>
            <dst id="WASHng">240203.445333333</dst>
        </src>
    </IntraTM>
</TrafficMatrixFile>
