<?xml version="1.0" encoding="ISO-8859-1" standalone="yes"?>
<TrafficMatrixFile xsi:noNamespaceSchemaLocation="http://totem.run.montefiore.ulg.ac.be/Schema/TrafficMatrix-v1_2.xsd" xmlns:xsi="http://www.w3.org/2001/XMLSchema-instance">
    <IntraTM ASID="11537">
        <src id="ATLA-M5">
            <dst id="ATLA-M5">383.650666666667</dst>
            <dst id="ATLAng">804.618666666667</dst>
            <dst id="CHINng">925.912</dst>
            <dst id="DNVRng">26.6666666666667</dst>
            <dst id="HSTNng">197.856</dst>
            <dst id="IPLSng">949.114666666667</dst>
            <dst id="KSCYng">271.512</dst>
            <dst id="LOSAng">261.153333333333</dst>
            <dst id="NYCMng">231.274666666667</dst>
            <dst id="SNVAng">54.5746666666667</dst>
            <dst id="STTLng">931.44</dst>
            <dst id="WASHng">2263.34666666667</dst>
        </src>
        <src id="ATLAng">
            <dst id="ATLA-M5">227.450666666667</dst>
            <dst id="ATLAng">37132.8426666667</dst>
            <dst id="CHINng">23321.2026666667</dst>
            <dst id="DNVRng">1832.40266666667</dst>
            <dst id="HSTNng">10568.1413333333</dst>
            <dst id="IPLSng">19251.8293333333</dst>
            <dst id="KSCYng">8182.10666666667</dst>
            <dst id="LOSAng">13587.1973333333</dst>
            <dst id="NYCMng">10444.6186666667</dst>
            <dst id="SNVAng">3499.968</dst>
            <dst id="STTLng">24896.7733333333</dst>
            <dst id="WASHng">66216.992</dst>
        </src>
        <src id="CHINng">
            <dst id="ATLA-M5">1330.95733333333</dst>
            <dst id="ATLAng">40895.4373333333</dst>
            <dst id="CHINng">455651.706666667</dst>
            <dst id="DNVRng">12016.2586666667</dst>
            <dst id="HSTNng">19051.592</dst>
            <dst id="IPLSng">87764.7466666667</dst>
            <dst id="KSCYng">19887.48</dst>
            <dst id="LOSAng">30321.04</dst>
            <dst id="NYCMng">21098.04</dst>
            <dst id="SNVAng">3541.74933333333</dst>
            <dst id="STTLng">33798.7013333333</dst>
            <dst id="WASHng">27991.12</dst>
        </src>
        <src id="DNVRng">
            <dst id="ATLA-M5">1417.168</dst>
            <dst id="ATLAng">14227.8213333333</dst>
            <dst id="CHINng">82123.7493333333</dst>
            <dst id="DNVRng">11425.4346666667</dst>
            <dst id="HSTNng">28231.7653333333</dst>
            <dst id="IPLSng">18999.5626666667</dst>
            <dst id="KSCYng">20238.3866666667</dst>
            <dst id="LOSAng">9088.10133333333</dst>
            <dst id="NYCMng">10302.6293333333</dst>
            <dst id="SNVAng">14126.256</dst>
            <dst id="STTLng">24039.736</dst>
            <dst id="WASHng">30187.5786666667</dst>
        </src>
        <src id="HSTNng">
            <dst id="ATLA-M5">3311.56266666667</dst>
            <dst id="ATLAng">5567.81333333333</dst>
            <dst id="CHINng">16234.3946666667</dst>
            <dst id="DNVRng">1401.176</dst>
            <dst id="HSTNng">16995.6106666667</dst>
            <dst id="IPLSng">5130.848</dst>
            <dst id="KSCYng">13775.9146666667</dst>
            <dst id="LOSAng">2545.17333333333</dst>
            <dst id="NYCMng">6521.33866666667</dst>
            <dst id="SNVAng">321.778666666667</dst>
            <dst id="STTLng">14237.472</dst>
            <dst id="WASHng">20579.1973333333</dst>
        </src>
        <src id="IPLSng">
            <dst id="ATLA-M5">444.232</dst>
            <dst id="ATLAng">24535.6666666667</dst>
            <dst id="CHINng">99128.7893333333</dst>
            <dst id="DNVRng">7407.39466666666</dst>
            <dst id="HSTNng">5160.80266666667</dst>
            <dst id="IPLSng">35416.7226666667</dst>
            <dst id="KSCYng">14559.7013333333</dst>
            <dst id="LOSAng">15639.5173333333</dst>
            <dst id="NYCMng">23615.0053333333</dst>
            <dst id="SNVAng">1382.08</dst>
            <dst id="STTLng">31616.12</dst>
            <dst id="WASHng">28428.7946666667</dst>
        </src>
        <src id="KSCYng">
            <dst id="ATLA-M5">387.205333333333</dst>
            <dst id="ATLAng">7039.73333333333</dst>
            <dst id="CHINng">27121.168</dst>
            <dst id="DNVRng">8347.93066666667</dst>
            <dst id="HSTNng">6472.824</dst>
            <dst id="IPLSng">25234.208</dst>
            <dst id="KSCYng">20085.6</dst>
            <dst id="LOSAng">3192.25866666667</dst>
            <dst id="NYCMng">23066.9653333333</dst>
            <dst id="SNVAng">2720.41066666667</dst>
            <dst id="STTLng">14355.952</dst>
            <dst id="WASHng">14364.6773333333</dst>
        </src>
        <src id="LOSAng">
            <dst id="ATLA-M5">399.258666666667</dst>
            <dst id="ATLAng">17505.4213333333</dst>
            <dst id="CHINng">135607.930666667</dst>
            <dst id="DNVRng">16958.552</dst>
            <dst id="HSTNng">11843.76</dst>
            <dst id="IPLSng">35371.8053333333</dst>
            <dst id="KSCYng">7508.51466666667</dst>
            <dst id="LOSAng">15842.2133333333</dst>
            <dst id="NYCMng">52192.9946666667</dst>
            <dst id="SNVAng">18392.832</dst>
            <dst id="STTLng">62191.8</dst>
            <dst id="WASHng">52175.5386666667</dst>
        </src>
        <src id="NYCMng">
            <dst id="ATLA-M5">681.013333333333</dst>
            <dst id="ATLAng">53359.4586666667</dst>
            <dst id="CHINng">35310.3093333333</dst>
            <dst id="DNVRng">11331.7706666667</dst>
            <dst id="HSTNng">16448.4266666667</dst>
            <dst id="IPLSng">30000.176</dst>
            <dst id="KSCYng">12636.6186666667</dst>
            <dst id="LOSAng">51838.0293333333</dst>
            <dst id="NYCMng">105646.32</dst>
            <dst id="SNVAng">2445.208</dst>
            <dst id="STTLng">28640.3013333333</dst>
            <dst id="WASHng">104317.402666667</dst>
        </src>
        <src id="SNVAng">
            <dst id="ATLA-M5">0</dst>
            <dst id="ATLAng">96.5413333333333</dst>
            <dst id="CHINng">80</dst>
            <dst id="DNVRng">2459.10933333333</dst>
            <dst id="HSTNng">82.0373333333333</dst>
            <dst id="IPLSng">521.776</dst>
            <dst id="KSCYng">173.837333333333</dst>
            <dst id="LOSAng">7929.93066666667</dst>
            <dst id="NYCMng">84.3386666666667</dst>
            <dst id="SNVAng">9558.736</dst>
            <dst id="STTLng">18656.08</dst>
            <dst id="WASHng">118.712</dst>
        </src>
        <src id="STTLng">
            <dst id="ATLA-M5">2900.52266666667</dst>
            <dst id="ATLAng">76257.944</dst>
            <dst id="CHINng">127965.013333333</dst>
            <dst id="DNVRng">25735.3706666667</dst>
            <dst id="HSTNng">45875.2773333333</dst>
            <dst id="IPLSng">93014.432</dst>
            <dst id="KSCYng">61832.1013333333</dst>
            <dst id="LOSAng">24124.048</dst>
            <dst id="NYCMng">28320.408</dst>
            <dst id="SNVAng">10970.912</dst>
            <dst id="STTLng">17324.496</dst>
            <dst id="WASHng">112956.370666667</dst>
        </src>
        <src id="WASHng">
            <dst id="ATLA-M5">5525.76</dst>
            <dst id="ATLAng">132740.626666667</dst>
            <dst id="CHINng">95157.3253333333</dst>
            <dst id="DNVRng">59096.0533333333</dst>
            <dst id="HSTNng">28950.2346666667</dst>
            <dst id="IPLSng">66872.7066666667</dst>
            <dst id="KSCYng">15430.04</dst>
            <dst id="LOSAng">59803.832</dst>
            <dst id="NYCMng">184806.416</dst>
            <dst id="SNVAng">2087.82933333333</dst>
            <dst id="STTLng">60299.0693333333</dst>
            <dst id="WASHng">343184.373333333</dst>
        </src>
    </IntraTM>
</TrafficMatrixFile>
