<?xml version="1.0" encoding="ISO-8859-1" standalone="yes"?>
<TrafficMatrixFile xsi:noNamespaceSchemaLocation="http://totem.run.montefiore.ulg.ac.be/Schema/TrafficMatrix-v1_2.xsd" xmlns:xsi="http://www.w3.org/2001/XMLSchema-instance">
    <IntraTM ASID="11537">
        <src id="ATLA-M5">
            <dst id="ATLA-M5">0</dst>
            <dst id="ATLAng">406.157333333333</dst>
            <dst id="CHINng">34768.4</dst>
            <dst id="DNVRng">53.3333333333333</dst>
            <dst id="HSTNng">244.082666666667</dst>
            <dst id="IPLSng">1426.72</dst>
            <dst id="KSCYng">325.416</dst>
            <dst id="LOSAng">333.941333333333</dst>
            <dst id="NYCMng">1389.248</dst>
            <dst id="SNVAng">13.3333333333333</dst>
            <dst id="STTLng">869.317333333333</dst>
            <dst id="WASHng">36139.2053333333</dst>
        </src>
        <src id="ATLAng">
            <dst id="ATLA-M5">691.626666666667</dst>
            <dst id="ATLAng">69512.8453333333</dst>
            <dst id="CHINng">15285.0506666667</dst>
            <dst id="DNVRng">9479.21866666666</dst>
            <dst id="HSTNng">4876.664</dst>
            <dst id="IPLSng">21466.8106666667</dst>
            <dst id="KSCYng">6302.34133333333</dst>
            <dst id="LOSAng">20420.3986666667</dst>
            <dst id="NYCMng">14667.9973333333</dst>
            <dst id="SNVAng">789.209333333333</dst>
            <dst id="STTLng">13410.1733333333</dst>
            <dst id="WASHng">43612.9893333333</dst>
        </src>
        <src id="CHINng">
            <dst id="ATLA-M5">1328.328</dst>
            <dst id="ATLAng">25492.384</dst>
            <dst id="CHINng">135814.472</dst>
            <dst id="DNVRng">15469.8373333333</dst>
            <dst id="HSTNng">14296.952</dst>
            <dst id="IPLSng">62006.1146666667</dst>
            <dst id="KSCYng">23368.424</dst>
            <dst id="LOSAng">45545.0826666667</dst>
            <dst id="NYCMng">20055.5973333333</dst>
            <dst id="SNVAng">3863.74133333333</dst>
            <dst id="STTLng">25133.9866666667</dst>
            <dst id="WASHng">26937.4746666667</dst>
        </src>
        <src id="DNVRng">
            <dst id="ATLA-M5">105.546666666667</dst>
            <dst id="ATLAng">30713.8186666667</dst>
            <dst id="CHINng">36364.9333333333</dst>
            <dst id="DNVRng">11360.5546666667</dst>
            <dst id="HSTNng">13890.136</dst>
            <dst id="IPLSng">14253.5706666667</dst>
            <dst id="KSCYng">20536.1386666667</dst>
            <dst id="LOSAng">12094.4053333333</dst>
            <dst id="NYCMng">7302.90133333333</dst>
            <dst id="SNVAng">15832.456</dst>
            <dst id="STTLng">64033.0106666667</dst>
            <dst id="WASHng">20889.256</dst>
        </src>
        <src id="HSTNng">
            <dst id="ATLA-M5">2452.55466666667</dst>
            <dst id="ATLAng">2285.12</dst>
            <dst id="CHINng">103821.770666667</dst>
            <dst id="DNVRng">1996.55733333333</dst>
            <dst id="HSTNng">19013.624</dst>
            <dst id="IPLSng">4221.22666666667</dst>
            <dst id="KSCYng">9373.17333333334</dst>
            <dst id="LOSAng">8357.76</dst>
            <dst id="NYCMng">2863.81333333333</dst>
            <dst id="SNVAng">28.9546666666667</dst>
            <dst id="STTLng">8770.984</dst>
            <dst id="WASHng">26232.6293333333</dst>
        </src>
        <src id="IPLSng">
            <dst id="ATLA-M5">609.138666666666</dst>
            <dst id="ATLAng">13482.32</dst>
            <dst id="CHINng">63043.0906666667</dst>
            <dst id="DNVRng">5702.38666666667</dst>
            <dst id="HSTNng">3512.768</dst>
            <dst id="IPLSng">15736.2426666667</dst>
            <dst id="KSCYng">8813.2</dst>
            <dst id="LOSAng">28211.776</dst>
            <dst id="NYCMng">7331.24266666667</dst>
            <dst id="SNVAng">2092.848</dst>
            <dst id="STTLng">31287.5066666667</dst>
            <dst id="WASHng">17758.1066666667</dst>
        </src>
        <src id="KSCYng">
            <dst id="ATLA-M5">400.096</dst>
            <dst id="ATLAng">7522.34133333333</dst>
            <dst id="CHINng">28674.5146666667</dst>
            <dst id="DNVRng">8818.85333333333</dst>
            <dst id="HSTNng">8154.86666666667</dst>
            <dst id="IPLSng">24236.072</dst>
            <dst id="KSCYng">16774.1573333333</dst>
            <dst id="LOSAng">10353.368</dst>
            <dst id="NYCMng">5892.272</dst>
            <dst id="SNVAng">3346.84533333333</dst>
            <dst id="STTLng">15893.0346666667</dst>
            <dst id="WASHng">18306.416</dst>
        </src>
        <src id="LOSAng">
            <dst id="ATLA-M5">231.381333333333</dst>
            <dst id="ATLAng">12208.3386666667</dst>
            <dst id="CHINng">126301.648</dst>
            <dst id="DNVRng">41058.784</dst>
            <dst id="HSTNng">11237.8693333333</dst>
            <dst id="IPLSng">50762.768</dst>
            <dst id="KSCYng">12224.8773333333</dst>
            <dst id="LOSAng">12965.0666666667</dst>
            <dst id="NYCMng">40978.8053333333</dst>
            <dst id="SNVAng">11503.1893333333</dst>
            <dst id="STTLng">66455.3653333333</dst>
            <dst id="WASHng">60762.6853333333</dst>
        </src>
        <src id="NYCMng">
            <dst id="ATLA-M5">2507.79733333333</dst>
            <dst id="ATLAng">30328.5573333333</dst>
            <dst id="CHINng">46545.528</dst>
            <dst id="DNVRng">22105.2213333333</dst>
            <dst id="HSTNng">8919.44</dst>
            <dst id="IPLSng">31806.272</dst>
            <dst id="KSCYng">12195.4933333333</dst>
            <dst id="LOSAng">68228.1386666667</dst>
            <dst id="NYCMng">108811.909333333</dst>
            <dst id="SNVAng">4998.144</dst>
            <dst id="STTLng">25135.5253333333</dst>
            <dst id="WASHng">89463.9066666667</dst>
        </src>
        <src id="SNVAng">
            <dst id="ATLA-M5">0</dst>
            <dst id="ATLAng">559.904</dst>
            <dst id="CHINng">26.6666666666667</dst>
            <dst id="DNVRng">1750.97333333333</dst>
            <dst id="HSTNng">0</dst>
            <dst id="IPLSng">586.634666666667</dst>
            <dst id="KSCYng">0</dst>
            <dst id="LOSAng">8462.104</dst>
            <dst id="NYCMng">288.44</dst>
            <dst id="SNVAng">5708.18133333333</dst>
            <dst id="STTLng">14795.928</dst>
            <dst id="WASHng">26.6666666666667</dst>
        </src>
        <src id="STTLng">
            <dst id="ATLA-M5">1277.92</dst>
            <dst id="ATLAng">23178.7013333333</dst>
            <dst id="CHINng">37144.624</dst>
            <dst id="DNVRng">18953.8853333333</dst>
            <dst id="HSTNng">21711.0613333333</dst>
            <dst id="IPLSng">38820.0133333333</dst>
            <dst id="KSCYng">23503.7866666667</dst>
            <dst id="LOSAng">44763.4666666667</dst>
            <dst id="NYCMng">11904.6293333333</dst>
            <dst id="SNVAng">4278.65066666667</dst>
            <dst id="STTLng">30563.3413333333</dst>
            <dst id="WASHng">37656.224</dst>
        </src>
        <src id="WASHng">
            <dst id="ATLA-M5">2542.90133333333</dst>
            <dst id="ATLAng">117588.514666667</dst>
            <dst id="CHINng">421653.146666667</dst>
            <dst id="DNVRng">62772.8186666667</dst>
            <dst id="HSTNng">31462.896</dst>
            <dst id="IPLSng">74045.3573333333</dst>
            <dst id="KSCYng">25247.88</dst>
            <dst id="LOSAng">111914.864</dst>
            <dst id="NYCMng">178158.674666667</dst>
            <dst id="SNVAng">13466.8053333333</dst>
            <dst id="STTLng">44953.304</dst>
            <dst id="WASHng">678421.653333333</dst>
        </src>
    </IntraTM>
</TrafficMatrixFile>
