<?xml version="1.0" encoding="ISO-8859-1" standalone="yes"?>
<TrafficMatrixFile xsi:noNamespaceSchemaLocation="http://totem.run.montefiore.ulg.ac.be/Schema/TrafficMatrix-v1_2.xsd" xmlns:xsi="http://www.w3.org/2001/XMLSchema-instance">
    <IntraTM ASID="11537">
        <src id="ATLA-M5">
            <dst id="ATLA-M5">277.12</dst>
            <dst id="ATLAng">1533.95733333333</dst>
            <dst id="CHINng">1663.60266666667</dst>
            <dst id="DNVRng">190.8</dst>
            <dst id="HSTNng">547.597333333333</dst>
            <dst id="IPLSng">1534.664</dst>
            <dst id="KSCYng">333.496</dst>
            <dst id="LOSAng">265.234666666667</dst>
            <dst id="NYCMng">1975.608</dst>
            <dst id="SNVAng">95.3973333333333</dst>
            <dst id="STTLng">1369.98133333333</dst>
            <dst id="WASHng">1572.66933333333</dst>
        </src>
        <src id="ATLAng">
            <dst id="ATLA-M5">562.768</dst>
            <dst id="ATLAng">43082.1546666667</dst>
            <dst id="CHINng">37330.832</dst>
            <dst id="DNVRng">4917.616</dst>
            <dst id="HSTNng">27960.1573333333</dst>
            <dst id="IPLSng">27665.624</dst>
            <dst id="KSCYng">8877.70933333333</dst>
            <dst id="LOSAng">21294.6226666667</dst>
            <dst id="NYCMng">14453.792</dst>
            <dst id="SNVAng">2011.14266666667</dst>
            <dst id="STTLng">23063.928</dst>
            <dst id="WASHng">55414.9893333333</dst>
        </src>
        <src id="CHINng">
            <dst id="ATLA-M5">2115.136</dst>
            <dst id="ATLAng">53806.4426666667</dst>
            <dst id="CHINng">112494.818666667</dst>
            <dst id="DNVRng">14619.5946666667</dst>
            <dst id="HSTNng">21417.76</dst>
            <dst id="IPLSng">70458.344</dst>
            <dst id="KSCYng">32069.224</dst>
            <dst id="LOSAng">88463.5653333333</dst>
            <dst id="NYCMng">22039.608</dst>
            <dst id="SNVAng">7587.37333333333</dst>
            <dst id="STTLng">40820.488</dst>
            <dst id="WASHng">55071.2266666667</dst>
        </src>
        <src id="DNVRng">
            <dst id="ATLA-M5">1127.92533333333</dst>
            <dst id="ATLAng">31760.1226666667</dst>
            <dst id="CHINng">46869.44</dst>
            <dst id="DNVRng">13106.3146666667</dst>
            <dst id="HSTNng">16254.2666666667</dst>
            <dst id="IPLSng">33026.168</dst>
            <dst id="KSCYng">18964.1173333333</dst>
            <dst id="LOSAng">24611.8453333333</dst>
            <dst id="NYCMng">11049.008</dst>
            <dst id="SNVAng">16129.2586666667</dst>
            <dst id="STTLng">49490.5973333333</dst>
            <dst id="WASHng">36332.2213333333</dst>
        </src>
        <src id="HSTNng">
            <dst id="ATLA-M5">614.544</dst>
            <dst id="ATLAng">8680.912</dst>
            <dst id="CHINng">15260.0506666667</dst>
            <dst id="DNVRng">7641.45066666667</dst>
            <dst id="HSTNng">18529.3333333333</dst>
            <dst id="IPLSng">10521.976</dst>
            <dst id="KSCYng">11450.456</dst>
            <dst id="LOSAng">58699.3973333333</dst>
            <dst id="NYCMng">7275.61333333333</dst>
            <dst id="SNVAng">1054.41866666667</dst>
            <dst id="STTLng">17125.36</dst>
            <dst id="WASHng">22304.0026666667</dst>
        </src>
        <src id="IPLSng">
            <dst id="ATLA-M5">983.122666666667</dst>
            <dst id="ATLAng">62620.3626666667</dst>
            <dst id="CHINng">105074.453333333</dst>
            <dst id="DNVRng">33594.2266666667</dst>
            <dst id="HSTNng">15950.432</dst>
            <dst id="IPLSng">25021.328</dst>
            <dst id="KSCYng">19023.264</dst>
            <dst id="LOSAng">19754.1626666667</dst>
            <dst id="NYCMng">24222.5173333333</dst>
            <dst id="SNVAng">5201.8</dst>
            <dst id="STTLng">34243.096</dst>
            <dst id="WASHng">44864.0906666667</dst>
        </src>
        <src id="KSCYng">
            <dst id="ATLA-M5">1054.07733333333</dst>
            <dst id="ATLAng">8564.264</dst>
            <dst id="CHINng">33974.0746666667</dst>
            <dst id="DNVRng">8210.824</dst>
            <dst id="HSTNng">4328.896</dst>
            <dst id="IPLSng">20924.6133333333</dst>
            <dst id="KSCYng">9966.024</dst>
            <dst id="LOSAng">6674.352</dst>
            <dst id="NYCMng">12787.6906666667</dst>
            <dst id="SNVAng">3809.62933333334</dst>
            <dst id="STTLng">17045.6853333333</dst>
            <dst id="WASHng">15813.7093333333</dst>
        </src>
        <src id="LOSAng">
            <dst id="ATLA-M5">440.093333333333</dst>
            <dst id="ATLAng">28921.9013333333</dst>
            <dst id="CHINng">124220.250666667</dst>
            <dst id="DNVRng">81431.5173333334</dst>
            <dst id="HSTNng">19425.672</dst>
            <dst id="IPLSng">46023.5866666667</dst>
            <dst id="KSCYng">12474.7146666667</dst>
            <dst id="LOSAng">12773.7893333333</dst>
            <dst id="NYCMng">52869.6186666667</dst>
            <dst id="SNVAng">30874.6026666667</dst>
            <dst id="STTLng">73227.5253333333</dst>
            <dst id="WASHng">93854.704</dst>
        </src>
        <src id="NYCMng">
            <dst id="ATLA-M5">1856.73066666667</dst>
            <dst id="ATLAng">48746.5146666667</dst>
            <dst id="CHINng">42005.4453333333</dst>
            <dst id="DNVRng">32143.64</dst>
            <dst id="HSTNng">28429.472</dst>
            <dst id="IPLSng">48374.1653333333</dst>
            <dst id="KSCYng">27004.2106666667</dst>
            <dst id="LOSAng">60685.8426666667</dst>
            <dst id="NYCMng">132191.586666667</dst>
            <dst id="SNVAng">7504.152</dst>
            <dst id="STTLng">25739.6693333333</dst>
            <dst id="WASHng">184623.938666667</dst>
        </src>
        <src id="SNVAng">
            <dst id="ATLA-M5">26.6666666666667</dst>
            <dst id="ATLAng">120.242666666667</dst>
            <dst id="CHINng">1140.73066666667</dst>
            <dst id="DNVRng">15317.8853333333</dst>
            <dst id="HSTNng">365.813333333333</dst>
            <dst id="IPLSng">522.842666666667</dst>
            <dst id="KSCYng">244.949333333333</dst>
            <dst id="LOSAng">12029.7146666667</dst>
            <dst id="NYCMng">164.693333333333</dst>
            <dst id="SNVAng">18413.3573333333</dst>
            <dst id="STTLng">19339.176</dst>
            <dst id="WASHng">186.666666666667</dst>
        </src>
        <src id="STTLng">
            <dst id="ATLA-M5">5112.95733333333</dst>
            <dst id="ATLAng">75622.416</dst>
            <dst id="CHINng">108114.266666667</dst>
            <dst id="DNVRng">44704.7813333333</dst>
            <dst id="HSTNng">47663.944</dst>
            <dst id="IPLSng">101929.357333333</dst>
            <dst id="KSCYng">69737.144</dst>
            <dst id="LOSAng">12145.8426666667</dst>
            <dst id="NYCMng">40793.4293333333</dst>
            <dst id="SNVAng">11519.8453333333</dst>
            <dst id="STTLng">52908.928</dst>
            <dst id="WASHng">131712.794666667</dst>
        </src>
        <src id="WASHng">
            <dst id="ATLA-M5">4130.656</dst>
            <dst id="ATLAng">136728.933333333</dst>
            <dst id="CHINng">103760.616</dst>
            <dst id="DNVRng">81186.9973333333</dst>
            <dst id="HSTNng">37026.5893333333</dst>
            <dst id="IPLSng">100340.077333333</dst>
            <dst id="KSCYng">27035.696</dst>
            <dst id="LOSAng">97181.9493333333</dst>
            <dst id="NYCMng">310659.946666667</dst>
            <dst id="SNVAng">13956.4266666667</dst>
            <dst id="STTLng">68282.792</dst>
            <dst id="WASHng">324339.12</dst>
        </src>
    </IntraTM>
</TrafficMatrixFile>
