<?xml version="1.0" encoding="ISO-8859-1" standalone="yes"?>
<TrafficMatrixFile xsi:noNamespaceSchemaLocation="http://totem.run.montefiore.ulg.ac.be/Schema/TrafficMatrix-v1_2.xsd" xmlns:xsi="http://www.w3.org/2001/XMLSchema-instance">
    <IntraTM ASID="11537">
        <src id="ATLA-M5">
            <dst id="ATLA-M5">0</dst>
            <dst id="ATLAng">93.3333333333333</dst>
            <dst id="CHINng">147.810666666667</dst>
            <dst id="DNVRng">26.6666666666667</dst>
            <dst id="HSTNng">26.6666666666667</dst>
            <dst id="IPLSng">1275.04</dst>
            <dst id="KSCYng">156.312</dst>
            <dst id="LOSAng">26.6666666666667</dst>
            <dst id="NYCMng">1327.35733333333</dst>
            <dst id="SNVAng">0</dst>
            <dst id="STTLng">501.632</dst>
            <dst id="WASHng">1528.26666666667</dst>
        </src>
        <src id="ATLAng">
            <dst id="ATLA-M5">454.386666666667</dst>
            <dst id="ATLAng">26194.472</dst>
            <dst id="CHINng">11067.36</dst>
            <dst id="DNVRng">3361.416</dst>
            <dst id="HSTNng">1519.80266666667</dst>
            <dst id="IPLSng">15117.3573333333</dst>
            <dst id="KSCYng">1145.336</dst>
            <dst id="LOSAng">14915.008</dst>
            <dst id="NYCMng">5255.79466666667</dst>
            <dst id="SNVAng">3204.16</dst>
            <dst id="STTLng">11804.9733333333</dst>
            <dst id="WASHng">47698.0106666667</dst>
        </src>
        <src id="CHINng">
            <dst id="ATLA-M5">211.861333333333</dst>
            <dst id="ATLAng">12847.272</dst>
            <dst id="CHINng">128661.037333333</dst>
            <dst id="DNVRng">5422.05333333333</dst>
            <dst id="HSTNng">5386.12266666667</dst>
            <dst id="IPLSng">56657.424</dst>
            <dst id="KSCYng">10532.4853333333</dst>
            <dst id="LOSAng">25268.0133333333</dst>
            <dst id="NYCMng">10134.656</dst>
            <dst id="SNVAng">3593.86133333333</dst>
            <dst id="STTLng">19406.9466666667</dst>
            <dst id="WASHng">14420.048</dst>
        </src>
        <src id="DNVRng">
            <dst id="ATLA-M5">108.586666666667</dst>
            <dst id="ATLAng">4662.94933333333</dst>
            <dst id="CHINng">38070.0426666667</dst>
            <dst id="DNVRng">8358.79733333333</dst>
            <dst id="HSTNng">9451.56</dst>
            <dst id="IPLSng">9924.304</dst>
            <dst id="KSCYng">10460.416</dst>
            <dst id="LOSAng">4379.65333333333</dst>
            <dst id="NYCMng">14010.7306666667</dst>
            <dst id="SNVAng">31378.704</dst>
            <dst id="STTLng">7743.13066666667</dst>
            <dst id="WASHng">20646.2293333333</dst>
        </src>
        <src id="HSTNng">
            <dst id="ATLA-M5">1580.99466666667</dst>
            <dst id="ATLAng">1813.456</dst>
            <dst id="CHINng">18854.064</dst>
            <dst id="DNVRng">1070.98133333333</dst>
            <dst id="HSTNng">11034.6133333333</dst>
            <dst id="IPLSng">2912.05066666667</dst>
            <dst id="KSCYng">6080.93066666667</dst>
            <dst id="LOSAng">6064.73066666667</dst>
            <dst id="NYCMng">3630.06133333333</dst>
            <dst id="SNVAng">39.3973333333333</dst>
            <dst id="STTLng">5349.624</dst>
            <dst id="WASHng">7891.016</dst>
        </src>
        <src id="IPLSng">
            <dst id="ATLA-M5">212.869333333333</dst>
            <dst id="ATLAng">7480.944</dst>
            <dst id="CHINng">55817.7253333333</dst>
            <dst id="DNVRng">14621.864</dst>
            <dst id="HSTNng">1077.29333333333</dst>
            <dst id="IPLSng">12191.3146666667</dst>
            <dst id="KSCYng">3274.976</dst>
            <dst id="LOSAng">20187.3973333333</dst>
            <dst id="NYCMng">9149.48533333333</dst>
            <dst id="SNVAng">528.346666666667</dst>
            <dst id="STTLng">20659.2133333333</dst>
            <dst id="WASHng">13753.808</dst>
        </src>
        <src id="KSCYng">
            <dst id="ATLA-M5">192.626666666667</dst>
            <dst id="ATLAng">6065.616</dst>
            <dst id="CHINng">29070.9866666667</dst>
            <dst id="DNVRng">8764.14933333333</dst>
            <dst id="HSTNng">2130.448</dst>
            <dst id="IPLSng">11219.8986666667</dst>
            <dst id="KSCYng">7182.74666666667</dst>
            <dst id="LOSAng">3976.74133333333</dst>
            <dst id="NYCMng">6224.34933333333</dst>
            <dst id="SNVAng">1823.48533333333</dst>
            <dst id="STTLng">10090.3813333333</dst>
            <dst id="WASHng">8798.25066666667</dst>
        </src>
        <src id="LOSAng">
            <dst id="ATLA-M5">478.666666666667</dst>
            <dst id="ATLAng">5358.58133333333</dst>
            <dst id="CHINng">84425.7626666667</dst>
            <dst id="DNVRng">6445.48533333333</dst>
            <dst id="HSTNng">1916.4</dst>
            <dst id="IPLSng">13215.328</dst>
            <dst id="KSCYng">1482.448</dst>
            <dst id="LOSAng">8627.69866666667</dst>
            <dst id="NYCMng">30191.3973333333</dst>
            <dst id="SNVAng">19802.824</dst>
            <dst id="STTLng">47560.5386666667</dst>
            <dst id="WASHng">36489.0666666667</dst>
        </src>
        <src id="NYCMng">
            <dst id="ATLA-M5">153.445333333333</dst>
            <dst id="ATLAng">29319.128</dst>
            <dst id="CHINng">36006.136</dst>
            <dst id="DNVRng">24391.064</dst>
            <dst id="HSTNng">7069.53333333333</dst>
            <dst id="IPLSng">18512.1173333333</dst>
            <dst id="KSCYng">15904.0026666667</dst>
            <dst id="LOSAng">40307.04</dst>
            <dst id="NYCMng">89528.6613333334</dst>
            <dst id="SNVAng">2531.90933333333</dst>
            <dst id="STTLng">16473.4266666667</dst>
            <dst id="WASHng">63422.1813333333</dst>
        </src>
        <src id="SNVAng">
            <dst id="ATLA-M5">0</dst>
            <dst id="ATLAng">0</dst>
            <dst id="CHINng">53.3333333333333</dst>
            <dst id="DNVRng">919.722666666667</dst>
            <dst id="HSTNng">53.3333333333333</dst>
            <dst id="IPLSng">331.045333333333</dst>
            <dst id="KSCYng">0</dst>
            <dst id="LOSAng">4684.11733333333</dst>
            <dst id="NYCMng">82.8586666666667</dst>
            <dst id="SNVAng">5586.21333333333</dst>
            <dst id="STTLng">14178.0586666667</dst>
            <dst id="WASHng">80</dst>
        </src>
        <src id="STTLng">
            <dst id="ATLA-M5">1596.18666666667</dst>
            <dst id="ATLAng">26607.1706666667</dst>
            <dst id="CHINng">47641.6933333333</dst>
            <dst id="DNVRng">2954.48266666667</dst>
            <dst id="HSTNng">4618.848</dst>
            <dst id="IPLSng">33523.92</dst>
            <dst id="KSCYng">8591.43733333333</dst>
            <dst id="LOSAng">25309.208</dst>
            <dst id="NYCMng">13198.92</dst>
            <dst id="SNVAng">1343.70933333333</dst>
            <dst id="STTLng">14825.856</dst>
            <dst id="WASHng">49234.7706666667</dst>
        </src>
        <src id="WASHng">
            <dst id="ATLA-M5">3616.34933333333</dst>
            <dst id="ATLAng">123055.986666667</dst>
            <dst id="CHINng">75644.1173333333</dst>
            <dst id="DNVRng">86470.2426666667</dst>
            <dst id="HSTNng">27048.792</dst>
            <dst id="IPLSng">38120.616</dst>
            <dst id="KSCYng">11754.5093333333</dst>
            <dst id="LOSAng">79412.808</dst>
            <dst id="NYCMng">100190.157333333</dst>
            <dst id="SNVAng">4163.17866666667</dst>
            <dst id="STTLng">41457.5786666667</dst>
            <dst id="WASHng">299388.213333333</dst>
        </src>
    </IntraTM>
</TrafficMatrixFile>
