<?xml version="1.0" encoding="ISO-8859-1" standalone="yes"?>
<TrafficMatrixFile xsi:noNamespaceSchemaLocation="http://totem.run.montefiore.ulg.ac.be/Schema/TrafficMatrix-v1_2.xsd" xmlns:xsi="http://www.w3.org/2001/XMLSchema-instance">
    <IntraTM ASID="11537">
        <src id="ATLA-M5">
            <dst id="ATLA-M5">0</dst>
            <dst id="ATLAng">1035.24266666667</dst>
            <dst id="CHINng">677.576</dst>
            <dst id="DNVRng">53.3333333333333</dst>
            <dst id="HSTNng">53.3333333333333</dst>
            <dst id="IPLSng">392.866666666667</dst>
            <dst id="KSCYng">53.3333333333333</dst>
            <dst id="LOSAng">217.570666666667</dst>
            <dst id="NYCMng">0</dst>
            <dst id="SNVAng">0</dst>
            <dst id="STTLng">334.92</dst>
            <dst id="WASHng">1172.78133333333</dst>
        </src>
        <src id="ATLAng">
            <dst id="ATLA-M5">301.301333333333</dst>
            <dst id="ATLAng">61088.0533333333</dst>
            <dst id="CHINng">10752.32</dst>
            <dst id="DNVRng">2377.63733333333</dst>
            <dst id="HSTNng">1446.94933333333</dst>
            <dst id="IPLSng">15441.6586666667</dst>
            <dst id="KSCYng">1755.55466666667</dst>
            <dst id="LOSAng">21640.9533333333</dst>
            <dst id="NYCMng">10492.3733333333</dst>
            <dst id="SNVAng">543.676</dst>
            <dst id="STTLng">6644.704</dst>
            <dst id="WASHng">50221.8453333333</dst>
        </src>
        <src id="CHINng">
            <dst id="ATLA-M5">719.712</dst>
            <dst id="ATLAng">26147.336</dst>
            <dst id="CHINng">105263.514666667</dst>
            <dst id="DNVRng">18748.8666666667</dst>
            <dst id="HSTNng">7337.13866666667</dst>
            <dst id="IPLSng">34537.92</dst>
            <dst id="KSCYng">14481.7866666667</dst>
            <dst id="LOSAng">24621</dst>
            <dst id="NYCMng">9542.768</dst>
            <dst id="SNVAng">4991.47466666667</dst>
            <dst id="STTLng">14526.1706666667</dst>
            <dst id="WASHng">21809.1066666667</dst>
        </src>
        <src id="DNVRng">
            <dst id="ATLA-M5">226.096</dst>
            <dst id="ATLAng">4844.78666666667</dst>
            <dst id="CHINng">46857.6506666667</dst>
            <dst id="DNVRng">18736.912</dst>
            <dst id="HSTNng">13196.3573333333</dst>
            <dst id="IPLSng">15673.088</dst>
            <dst id="KSCYng">25890.3226666667</dst>
            <dst id="LOSAng">65600.8666666667</dst>
            <dst id="NYCMng">7368.72</dst>
            <dst id="SNVAng">14205.3093333333</dst>
            <dst id="STTLng">17818.44</dst>
            <dst id="WASHng">16074.696</dst>
        </src>
        <src id="HSTNng">
            <dst id="ATLA-M5">1102.95466666667</dst>
            <dst id="ATLAng">3079.41866666667</dst>
            <dst id="CHINng">19716.0933333333</dst>
            <dst id="DNVRng">1835.976</dst>
            <dst id="HSTNng">13208.4426666667</dst>
            <dst id="IPLSng">1288.88</dst>
            <dst id="KSCYng">8609.39466666667</dst>
            <dst id="LOSAng">2697.98933333333</dst>
            <dst id="NYCMng">2854.94133333333</dst>
            <dst id="SNVAng">328.578666666667</dst>
            <dst id="STTLng">2923.44266666667</dst>
            <dst id="WASHng">3238.55466666667</dst>
        </src>
        <src id="IPLSng">
            <dst id="ATLA-M5">547.530666666667</dst>
            <dst id="ATLAng">7653.90933333333</dst>
            <dst id="CHINng">80010.4986666667</dst>
            <dst id="DNVRng">5067.76266666667</dst>
            <dst id="HSTNng">712.274666666667</dst>
            <dst id="IPLSng">16326.5066666667</dst>
            <dst id="KSCYng">9168.26133333333</dst>
            <dst id="LOSAng">9798.56</dst>
            <dst id="NYCMng">6794.024</dst>
            <dst id="SNVAng">553.053333333333</dst>
            <dst id="STTLng">17999.9493333333</dst>
            <dst id="WASHng">15810.4453333333</dst>
        </src>
        <src id="KSCYng">
            <dst id="ATLA-M5">89.2</dst>
            <dst id="ATLAng">6688.64</dst>
            <dst id="CHINng">22956.9626666667</dst>
            <dst id="DNVRng">7369.312</dst>
            <dst id="HSTNng">6262.496</dst>
            <dst id="IPLSng">15432.3173333333</dst>
            <dst id="KSCYng">16110.5226666667</dst>
            <dst id="LOSAng">5690.22933333333</dst>
            <dst id="NYCMng">3847.31466666667</dst>
            <dst id="SNVAng">2595.312</dst>
            <dst id="STTLng">5364.65866666667</dst>
            <dst id="WASHng">10431.056</dst>
        </src>
        <src id="LOSAng">
            <dst id="ATLA-M5">252.810666666667</dst>
            <dst id="ATLAng">15588.6</dst>
            <dst id="CHINng">111355.437333333</dst>
            <dst id="DNVRng">9053.55466666667</dst>
            <dst id="HSTNng">6048.02933333333</dst>
            <dst id="IPLSng">14817.9466666667</dst>
            <dst id="KSCYng">2378.00533333333</dst>
            <dst id="LOSAng">9434.92533333333</dst>
            <dst id="NYCMng">49143.0426666667</dst>
            <dst id="SNVAng">12667.3866666667</dst>
            <dst id="STTLng">50475.1146666667</dst>
            <dst id="WASHng">42922.1333333333</dst>
        </src>
        <src id="NYCMng">
            <dst id="ATLA-M5">841.973333333333</dst>
            <dst id="ATLAng">24870.9466666667</dst>
            <dst id="CHINng">28985.904</dst>
            <dst id="DNVRng">9550.82133333333</dst>
            <dst id="HSTNng">4967.66133333333</dst>
            <dst id="IPLSng">14857.0133333333</dst>
            <dst id="KSCYng">4855.28266666667</dst>
            <dst id="LOSAng">57782.6986666667</dst>
            <dst id="NYCMng">97529.496</dst>
            <dst id="SNVAng">1688.62666666667</dst>
            <dst id="STTLng">30214.7306666667</dst>
            <dst id="WASHng">54716.912</dst>
        </src>
        <src id="SNVAng">
            <dst id="ATLA-M5">0</dst>
            <dst id="ATLAng">362.970666666667</dst>
            <dst id="CHINng">189.314666666667</dst>
            <dst id="DNVRng">2790.8</dst>
            <dst id="HSTNng">0</dst>
            <dst id="IPLSng">351.549333333333</dst>
            <dst id="KSCYng">90.1173333333333</dst>
            <dst id="LOSAng">7615.19466666667</dst>
            <dst id="NYCMng">0</dst>
            <dst id="SNVAng">7185.32266666667</dst>
            <dst id="STTLng">12221.3653333333</dst>
            <dst id="WASHng">157.226666666667</dst>
        </src>
        <src id="STTLng">
            <dst id="ATLA-M5">599.448</dst>
            <dst id="ATLAng">13719.9706666667</dst>
            <dst id="CHINng">32453.1786666667</dst>
            <dst id="DNVRng">3545.24</dst>
            <dst id="HSTNng">2393.34933333333</dst>
            <dst id="IPLSng">11183.88</dst>
            <dst id="KSCYng">4005.744</dst>
            <dst id="LOSAng">33417.248</dst>
            <dst id="NYCMng">10789.3546666667</dst>
            <dst id="SNVAng">2891.42666666667</dst>
            <dst id="STTLng">21240.7866666667</dst>
            <dst id="WASHng">15190.056</dst>
        </src>
        <src id="WASHng">
            <dst id="ATLA-M5">357.725333333333</dst>
            <dst id="ATLAng">108572.672</dst>
            <dst id="CHINng">71065.1626666667</dst>
            <dst id="DNVRng">70496.4133333333</dst>
            <dst id="HSTNng">29785.3866666667</dst>
            <dst id="IPLSng">32275.5573333333</dst>
            <dst id="KSCYng">27661.3893333333</dst>
            <dst id="LOSAng">57594.3226666667</dst>
            <dst id="NYCMng">144335.909333333</dst>
            <dst id="SNVAng">2377.256</dst>
            <dst id="STTLng">44183.5973333333</dst>
            <dst id="WASHng">252285.56</dst>
        </src>
    </IntraTM>
</TrafficMatrixFile>
