<?xml version="1.0" encoding="ISO-8859-1" standalone="yes"?>
<TrafficMatrixFile xsi:noNamespaceSchemaLocation="http://totem.run.montefiore.ulg.ac.be/Schema/TrafficMatrix-v1_2.xsd" xmlns:xsi="http://www.w3.org/2001/XMLSchema-instance">
    <IntraTM ASID="11537">
        <src id="ATLA-M5">
            <dst id="ATLA-M5">0</dst>
            <dst id="ATLAng">135.432</dst>
            <dst id="CHINng">935.72</dst>
            <dst id="DNVRng">0</dst>
            <dst id="HSTNng">90.44</dst>
            <dst id="IPLSng">3333.36533333333</dst>
            <dst id="KSCYng">26.6666666666667</dst>
            <dst id="LOSAng">13.3333333333333</dst>
            <dst id="NYCMng">117.389333333333</dst>
            <dst id="SNVAng">13.3333333333333</dst>
            <dst id="STTLng">286.304</dst>
            <dst id="WASHng">6080.70933333334</dst>
        </src>
        <src id="ATLAng">
            <dst id="ATLA-M5">195.285333333333</dst>
            <dst id="ATLAng">30360.2506666667</dst>
            <dst id="CHINng">11013.0506666667</dst>
            <dst id="DNVRng">2521.16533333333</dst>
            <dst id="HSTNng">1738.26666666667</dst>
            <dst id="IPLSng">16004.1813333333</dst>
            <dst id="KSCYng">1025.04</dst>
            <dst id="LOSAng">24810.2226666667</dst>
            <dst id="NYCMng">7788.39466666667</dst>
            <dst id="SNVAng">534.814666666667</dst>
            <dst id="STTLng">14204.1733333333</dst>
            <dst id="WASHng">52151.5546666667</dst>
        </src>
        <src id="CHINng">
            <dst id="ATLA-M5">687.653333333333</dst>
            <dst id="ATLAng">16488.264</dst>
            <dst id="CHINng">93201.8986666667</dst>
            <dst id="DNVRng">8290.424</dst>
            <dst id="HSTNng">7514.38933333334</dst>
            <dst id="IPLSng">67062.704</dst>
            <dst id="KSCYng">11012.9493333333</dst>
            <dst id="LOSAng">30682.5786666667</dst>
            <dst id="NYCMng">10649.2613333333</dst>
            <dst id="SNVAng">2076.99466666667</dst>
            <dst id="STTLng">22129.736</dst>
            <dst id="WASHng">15026.752</dst>
        </src>
        <src id="DNVRng">
            <dst id="ATLA-M5">104.8</dst>
            <dst id="ATLAng">4857.00266666667</dst>
            <dst id="CHINng">48051.1706666667</dst>
            <dst id="DNVRng">6793.64533333333</dst>
            <dst id="HSTNng">9803.10933333333</dst>
            <dst id="IPLSng">11853.6106666667</dst>
            <dst id="KSCYng">10338.8186666667</dst>
            <dst id="LOSAng">34997.8933333333</dst>
            <dst id="NYCMng">3712.38133333333</dst>
            <dst id="SNVAng">7874.696</dst>
            <dst id="STTLng">11418.872</dst>
            <dst id="WASHng">19793.4506666667</dst>
        </src>
        <src id="HSTNng">
            <dst id="ATLA-M5">3919.45066666667</dst>
            <dst id="ATLAng">6230.94933333333</dst>
            <dst id="CHINng">12184.8773333333</dst>
            <dst id="DNVRng">894.117333333333</dst>
            <dst id="HSTNng">13494.208</dst>
            <dst id="IPLSng">1770.07466666667</dst>
            <dst id="KSCYng">4376.36533333333</dst>
            <dst id="LOSAng">5155.62933333333</dst>
            <dst id="NYCMng">2599.11466666667</dst>
            <dst id="SNVAng">365.178666666667</dst>
            <dst id="STTLng">4224.256</dst>
            <dst id="WASHng">3539.10133333333</dst>
        </src>
        <src id="IPLSng">
            <dst id="ATLA-M5">246.557333333333</dst>
            <dst id="ATLAng">10202.688</dst>
            <dst id="CHINng">75290.9226666667</dst>
            <dst id="DNVRng">13803.88</dst>
            <dst id="HSTNng">1931.38933333333</dst>
            <dst id="IPLSng">7713.41066666667</dst>
            <dst id="KSCYng">4155.70133333333</dst>
            <dst id="LOSAng">14800.2773333333</dst>
            <dst id="NYCMng">10904.9173333333</dst>
            <dst id="SNVAng">436.325333333333</dst>
            <dst id="STTLng">24487.5946666667</dst>
            <dst id="WASHng">20705.8133333333</dst>
        </src>
        <src id="KSCYng">
            <dst id="ATLA-M5">281.402666666667</dst>
            <dst id="ATLAng">6873.89066666666</dst>
            <dst id="CHINng">26827.7013333333</dst>
            <dst id="DNVRng">7832.74933333334</dst>
            <dst id="HSTNng">10013.3386666667</dst>
            <dst id="IPLSng">13280.216</dst>
            <dst id="KSCYng">7330.984</dst>
            <dst id="LOSAng">4649.93866666667</dst>
            <dst id="NYCMng">2440.14133333333</dst>
            <dst id="SNVAng">1677.50133333333</dst>
            <dst id="STTLng">9085.352</dst>
            <dst id="WASHng">11603.3813333333</dst>
        </src>
        <src id="LOSAng">
            <dst id="ATLA-M5">106.293333333333</dst>
            <dst id="ATLAng">22477.2453333333</dst>
            <dst id="CHINng">125840.621333333</dst>
            <dst id="DNVRng">7676.69333333333</dst>
            <dst id="HSTNng">3378.856</dst>
            <dst id="IPLSng">11125.1413333333</dst>
            <dst id="KSCYng">1444.20533333333</dst>
            <dst id="LOSAng">7836.06666666666</dst>
            <dst id="NYCMng">49622.5786666667</dst>
            <dst id="SNVAng">25476.4586666667</dst>
            <dst id="STTLng">52357.8613333333</dst>
            <dst id="WASHng">45503.6506666667</dst>
        </src>
        <src id="NYCMng">
            <dst id="ATLA-M5">263.104</dst>
            <dst id="ATLAng">30445.4266666667</dst>
            <dst id="CHINng">33120.9226666667</dst>
            <dst id="DNVRng">10242.8773333333</dst>
            <dst id="HSTNng">3830.01333333333</dst>
            <dst id="IPLSng">15335.2773333333</dst>
            <dst id="KSCYng">7814.90133333333</dst>
            <dst id="LOSAng">49510.7146666667</dst>
            <dst id="NYCMng">89814.8293333333</dst>
            <dst id="SNVAng">1311.67466666667</dst>
            <dst id="STTLng">26671.3706666667</dst>
            <dst id="WASHng">68329.928</dst>
        </src>
        <src id="SNVAng">
            <dst id="ATLA-M5">0</dst>
            <dst id="ATLAng">206.525333333333</dst>
            <dst id="CHINng">0</dst>
            <dst id="DNVRng">1267.74933333333</dst>
            <dst id="HSTNng">71.7573333333333</dst>
            <dst id="IPLSng">294.058666666667</dst>
            <dst id="KSCYng">99.1653333333333</dst>
            <dst id="LOSAng">9126.89333333333</dst>
            <dst id="NYCMng">98.3333333333333</dst>
            <dst id="SNVAng">9137.4</dst>
            <dst id="STTLng">17830.096</dst>
            <dst id="WASHng">26.6666666666667</dst>
        </src>
        <src id="STTLng">
            <dst id="ATLA-M5">300.522666666667</dst>
            <dst id="ATLAng">26975.9706666667</dst>
            <dst id="CHINng">42666.0293333333</dst>
            <dst id="DNVRng">2396.91466666667</dst>
            <dst id="HSTNng">7388.696</dst>
            <dst id="IPLSng">27162.8746666667</dst>
            <dst id="KSCYng">12104.0933333333</dst>
            <dst id="LOSAng">33403.2986666667</dst>
            <dst id="NYCMng">13133.688</dst>
            <dst id="SNVAng">1003.72266666667</dst>
            <dst id="STTLng">14445.8746666667</dst>
            <dst id="WASHng">45824.3893333333</dst>
        </src>
        <src id="WASHng">
            <dst id="ATLA-M5">506.28</dst>
            <dst id="ATLAng">109608.074666667</dst>
            <dst id="CHINng">61787.576</dst>
            <dst id="DNVRng">55638.6106666667</dst>
            <dst id="HSTNng">19045.6826666667</dst>
            <dst id="IPLSng">34622.5466666667</dst>
            <dst id="KSCYng">30734.0773333333</dst>
            <dst id="LOSAng">70010.6106666667</dst>
            <dst id="NYCMng">108634.258666667</dst>
            <dst id="SNVAng">1135.88266666667</dst>
            <dst id="STTLng">61617.1786666667</dst>
            <dst id="WASHng">241335.002666667</dst>
        </src>
    </IntraTM>
</TrafficMatrixFile>
