<?xml version="1.0" encoding="ISO-8859-1" standalone="yes"?>
<TrafficMatrixFile xsi:noNamespaceSchemaLocation="http://totem.run.montefiore.ulg.ac.be/Schema/TrafficMatrix-v1_2.xsd" xmlns:xsi="http://www.w3.org/2001/XMLSchema-instance">
    <IntraTM ASID="11537">
        <src id="ATLA-M5">
            <dst id="ATLA-M5">54.1813333333333</dst>
            <dst id="ATLAng">394.757333333333</dst>
            <dst id="CHINng">1046.38666666667</dst>
            <dst id="DNVRng">349.594666666667</dst>
            <dst id="HSTNng">80</dst>
            <dst id="IPLSng">817.450666666667</dst>
            <dst id="KSCYng">370.490666666667</dst>
            <dst id="LOSAng">128.666666666667</dst>
            <dst id="NYCMng">2065.67733333333</dst>
            <dst id="SNVAng">69.808</dst>
            <dst id="STTLng">899.736</dst>
            <dst id="WASHng">1021.592</dst>
        </src>
        <src id="ATLAng">
            <dst id="ATLA-M5">416.485333333333</dst>
            <dst id="ATLAng">43211.9626666667</dst>
            <dst id="CHINng">16300.6693333333</dst>
            <dst id="DNVRng">5999.77333333333</dst>
            <dst id="HSTNng">8098.30933333333</dst>
            <dst id="IPLSng">18704.696</dst>
            <dst id="KSCYng">5064.68</dst>
            <dst id="LOSAng">18081.6026666667</dst>
            <dst id="NYCMng">12812.08</dst>
            <dst id="SNVAng">376.245333333333</dst>
            <dst id="STTLng">13119.0773333333</dst>
            <dst id="WASHng">43813.048</dst>
        </src>
        <src id="CHINng">
            <dst id="ATLA-M5">1079.304</dst>
            <dst id="ATLAng">32749.8933333333</dst>
            <dst id="CHINng">97876.28</dst>
            <dst id="DNVRng">18482.9173333333</dst>
            <dst id="HSTNng">21779.2773333333</dst>
            <dst id="IPLSng">48278.5333333333</dst>
            <dst id="KSCYng">19070.0346666667</dst>
            <dst id="LOSAng">158472.168</dst>
            <dst id="NYCMng">14520.704</dst>
            <dst id="SNVAng">6682.576</dst>
            <dst id="STTLng">25912.8853333333</dst>
            <dst id="WASHng">61672.184</dst>
        </src>
        <src id="DNVRng">
            <dst id="ATLA-M5">478.282666666667</dst>
            <dst id="ATLAng">11978.856</dst>
            <dst id="CHINng">48975.264</dst>
            <dst id="DNVRng">21909.768</dst>
            <dst id="HSTNng">17660.1866666667</dst>
            <dst id="IPLSng">12868.408</dst>
            <dst id="KSCYng">19022.0373333333</dst>
            <dst id="LOSAng">11343.8506666667</dst>
            <dst id="NYCMng">16895.8986666667</dst>
            <dst id="SNVAng">12931.24</dst>
            <dst id="STTLng">30887.5306666667</dst>
            <dst id="WASHng">24739.7253333333</dst>
        </src>
        <src id="HSTNng">
            <dst id="ATLA-M5">443.413333333333</dst>
            <dst id="ATLAng">3758.952</dst>
            <dst id="CHINng">17819.88</dst>
            <dst id="DNVRng">2748.672</dst>
            <dst id="HSTNng">19578.5546666667</dst>
            <dst id="IPLSng">5204.848</dst>
            <dst id="KSCYng">11583.2613333333</dst>
            <dst id="LOSAng">11489.6053333333</dst>
            <dst id="NYCMng">4896.176</dst>
            <dst id="SNVAng">185.904</dst>
            <dst id="STTLng">8276.4</dst>
            <dst id="WASHng">8064.96</dst>
        </src>
        <src id="IPLSng">
            <dst id="ATLA-M5">244.8</dst>
            <dst id="ATLAng">12873.456</dst>
            <dst id="CHINng">51503.208</dst>
            <dst id="DNVRng">17070.64</dst>
            <dst id="HSTNng">2961.13333333333</dst>
            <dst id="IPLSng">12023.4293333333</dst>
            <dst id="KSCYng">17453.1813333333</dst>
            <dst id="LOSAng">21195.1653333333</dst>
            <dst id="NYCMng">9280.17066666667</dst>
            <dst id="SNVAng">1066.464</dst>
            <dst id="STTLng">42305.0026666667</dst>
            <dst id="WASHng">37938.0533333333</dst>
        </src>
        <src id="KSCYng">
            <dst id="ATLA-M5">266.432</dst>
            <dst id="ATLAng">8997.024</dst>
            <dst id="CHINng">25974.3333333333</dst>
            <dst id="DNVRng">9882.48266666667</dst>
            <dst id="HSTNng">5009.272</dst>
            <dst id="IPLSng">27462.4666666667</dst>
            <dst id="KSCYng">18295.5786666667</dst>
            <dst id="LOSAng">5908.16533333333</dst>
            <dst id="NYCMng">5426.38933333333</dst>
            <dst id="SNVAng">2774.67466666667</dst>
            <dst id="STTLng">11530.0213333333</dst>
            <dst id="WASHng">23103.1813333333</dst>
        </src>
        <src id="LOSAng">
            <dst id="ATLA-M5">428.202666666667</dst>
            <dst id="ATLAng">11680.44</dst>
            <dst id="CHINng">6426889.6</dst>
            <dst id="DNVRng">23385.656</dst>
            <dst id="HSTNng">14001.7413333333</dst>
            <dst id="IPLSng">30822.9466666667</dst>
            <dst id="KSCYng">7205.216</dst>
            <dst id="LOSAng">15407.616</dst>
            <dst id="NYCMng">49925.7306666667</dst>
            <dst id="SNVAng">25802.776</dst>
            <dst id="STTLng">62039.6293333333</dst>
            <dst id="WASHng">57220.3813333334</dst>
        </src>
        <src id="NYCMng">
            <dst id="ATLA-M5">460.141333333333</dst>
            <dst id="ATLAng">31744.1653333333</dst>
            <dst id="CHINng">34435.392</dst>
            <dst id="DNVRng">19770.7786666667</dst>
            <dst id="HSTNng">19161.0773333333</dst>
            <dst id="IPLSng">34943.208</dst>
            <dst id="KSCYng">13628.264</dst>
            <dst id="LOSAng">71023.6426666667</dst>
            <dst id="NYCMng">86155.8933333333</dst>
            <dst id="SNVAng">2815.77333333333</dst>
            <dst id="STTLng">24435.5573333333</dst>
            <dst id="WASHng">98204.88</dst>
        </src>
        <src id="SNVAng">
            <dst id="ATLA-M5">26.6666666666667</dst>
            <dst id="ATLAng">0</dst>
            <dst id="CHINng">279.989333333333</dst>
            <dst id="DNVRng">4412.76266666667</dst>
            <dst id="HSTNng">26.6666666666667</dst>
            <dst id="IPLSng">2416.424</dst>
            <dst id="KSCYng">0</dst>
            <dst id="LOSAng">9640.704</dst>
            <dst id="NYCMng">353.048</dst>
            <dst id="SNVAng">10495.9973333333</dst>
            <dst id="STTLng">24583.3706666667</dst>
            <dst id="WASHng">133.333333333333</dst>
        </src>
        <src id="STTLng">
            <dst id="ATLA-M5">2514.512</dst>
            <dst id="ATLAng">21783.888</dst>
            <dst id="CHINng">42064.96</dst>
            <dst id="DNVRng">17762.2826666667</dst>
            <dst id="HSTNng">10598.256</dst>
            <dst id="IPLSng">40568.0933333333</dst>
            <dst id="KSCYng">21799.6426666667</dst>
            <dst id="LOSAng">48464.7973333333</dst>
            <dst id="NYCMng">13421.6106666667</dst>
            <dst id="SNVAng">5553.4</dst>
            <dst id="STTLng">34962.016</dst>
            <dst id="WASHng">47895.6746666667</dst>
        </src>
        <src id="WASHng">
            <dst id="ATLA-M5">1162.41333333333</dst>
            <dst id="ATLAng">95984.144</dst>
            <dst id="CHINng">80221.3466666667</dst>
            <dst id="DNVRng">67591.5306666666</dst>
            <dst id="HSTNng">25600.9333333333</dst>
            <dst id="IPLSng">53033.912</dst>
            <dst id="KSCYng">24849.3173333333</dst>
            <dst id="LOSAng">111840.658666667</dst>
            <dst id="NYCMng">163564.066666667</dst>
            <dst id="SNVAng">8594.45066666667</dst>
            <dst id="STTLng">52465.1386666667</dst>
            <dst id="WASHng">269050.56</dst>
        </src>
    </IntraTM>
</TrafficMatrixFile>
