<?xml version="1.0" encoding="ISO-8859-1" standalone="yes"?>
<TrafficMatrixFile xsi:noNamespaceSchemaLocation="http://totem.run.montefiore.ulg.ac.be/Schema/TrafficMatrix-v1_2.xsd" xmlns:xsi="http://www.w3.org/2001/XMLSchema-instance">
    <IntraTM ASID="11537">
        <src id="ATLA-M5">
            <dst id="ATLA-M5">821.056</dst>
            <dst id="ATLAng">1252.144</dst>
            <dst id="CHINng">2095.19733333333</dst>
            <dst id="DNVRng">228.029333333333</dst>
            <dst id="HSTNng">499.285333333333</dst>
            <dst id="IPLSng">994.952</dst>
            <dst id="KSCYng">542.885333333333</dst>
            <dst id="LOSAng">276.957333333333</dst>
            <dst id="NYCMng">1434.21066666667</dst>
            <dst id="SNVAng">13.3333333333333</dst>
            <dst id="STTLng">1366.63466666667</dst>
            <dst id="WASHng">2130.44266666667</dst>
        </src>
        <src id="ATLAng">
            <dst id="ATLA-M5">920.698666666667</dst>
            <dst id="ATLAng">50365.1146666667</dst>
            <dst id="CHINng">36192.6506666667</dst>
            <dst id="DNVRng">7337.368</dst>
            <dst id="HSTNng">27843.288</dst>
            <dst id="IPLSng">23726.8506666667</dst>
            <dst id="KSCYng">12672.2213333333</dst>
            <dst id="LOSAng">24281.88</dst>
            <dst id="NYCMng">10802.5893333333</dst>
            <dst id="SNVAng">1551.008</dst>
            <dst id="STTLng">22618.6373333333</dst>
            <dst id="WASHng">54796.7013333333</dst>
        </src>
        <src id="CHINng">
            <dst id="ATLA-M5">1568.81866666667</dst>
            <dst id="ATLAng">55098.232</dst>
            <dst id="CHINng">118731.058666667</dst>
            <dst id="DNVRng">16631.0693333333</dst>
            <dst id="HSTNng">19560.4053333333</dst>
            <dst id="IPLSng">99229.7306666667</dst>
            <dst id="KSCYng">21952.0986666667</dst>
            <dst id="LOSAng">43269.7146666667</dst>
            <dst id="NYCMng">32020.1493333333</dst>
            <dst id="SNVAng">5056.152</dst>
            <dst id="STTLng">42340.8186666667</dst>
            <dst id="WASHng">47256.368</dst>
        </src>
        <src id="DNVRng">
            <dst id="ATLA-M5">365.530666666667</dst>
            <dst id="ATLAng">22133.488</dst>
            <dst id="CHINng">55741.016</dst>
            <dst id="DNVRng">20314.392</dst>
            <dst id="HSTNng">21117.368</dst>
            <dst id="IPLSng">21980.088</dst>
            <dst id="KSCYng">18967.6506666667</dst>
            <dst id="LOSAng">24047.136</dst>
            <dst id="NYCMng">16564.4026666667</dst>
            <dst id="SNVAng">20423.7093333333</dst>
            <dst id="STTLng">56131.8933333333</dst>
            <dst id="WASHng">31015.4506666667</dst>
        </src>
        <src id="HSTNng">
            <dst id="ATLA-M5">2713.20266666667</dst>
            <dst id="ATLAng">13898.728</dst>
            <dst id="CHINng">18005.3173333333</dst>
            <dst id="DNVRng">6626.24266666667</dst>
            <dst id="HSTNng">18485.1493333333</dst>
            <dst id="IPLSng">9143.00266666667</dst>
            <dst id="KSCYng">9334.73866666667</dst>
            <dst id="LOSAng">7165.50666666667</dst>
            <dst id="NYCMng">5765.2</dst>
            <dst id="SNVAng">2551.18666666667</dst>
            <dst id="STTLng">14352.504</dst>
            <dst id="WASHng">23696.9626666667</dst>
        </src>
        <src id="IPLSng">
            <dst id="ATLA-M5">486.226666666667</dst>
            <dst id="ATLAng">46024.2826666667</dst>
            <dst id="CHINng">107202.434666667</dst>
            <dst id="DNVRng">24945.2346666667</dst>
            <dst id="HSTNng">6205.06666666667</dst>
            <dst id="IPLSng">43595.872</dst>
            <dst id="KSCYng">12513.2133333333</dst>
            <dst id="LOSAng">21856.096</dst>
            <dst id="NYCMng">25871.3733333333</dst>
            <dst id="SNVAng">5658.4</dst>
            <dst id="STTLng">41122.384</dst>
            <dst id="WASHng">42424.6586666667</dst>
        </src>
        <src id="KSCYng">
            <dst id="ATLA-M5">1042.45333333333</dst>
            <dst id="ATLAng">7126.304</dst>
            <dst id="CHINng">41346.8586666667</dst>
            <dst id="DNVRng">9919.22666666667</dst>
            <dst id="HSTNng">5696.31733333333</dst>
            <dst id="IPLSng">21261.0986666667</dst>
            <dst id="KSCYng">12634.8613333333</dst>
            <dst id="LOSAng">7070.50133333333</dst>
            <dst id="NYCMng">6370.928</dst>
            <dst id="SNVAng">2727.05866666667</dst>
            <dst id="STTLng">15673.2426666667</dst>
            <dst id="WASHng">15787.1893333333</dst>
        </src>
        <src id="LOSAng">
            <dst id="ATLA-M5">461.864</dst>
            <dst id="ATLAng">25036.288</dst>
            <dst id="CHINng">93991.592</dst>
            <dst id="DNVRng">85385.7093333333</dst>
            <dst id="HSTNng">35370.8106666667</dst>
            <dst id="IPLSng">53708.9706666667</dst>
            <dst id="KSCYng">17845.5253333333</dst>
            <dst id="LOSAng">16608.36</dst>
            <dst id="NYCMng">50653.5253333333</dst>
            <dst id="SNVAng">24314.6453333333</dst>
            <dst id="STTLng">65033.8213333333</dst>
            <dst id="WASHng">89847.672</dst>
        </src>
        <src id="NYCMng">
            <dst id="ATLA-M5">1616.984</dst>
            <dst id="ATLAng">56248.2133333333</dst>
            <dst id="CHINng">34553.0213333333</dst>
            <dst id="DNVRng">33319.656</dst>
            <dst id="HSTNng">26071.9813333333</dst>
            <dst id="IPLSng">48533.3786666667</dst>
            <dst id="KSCYng">27633.784</dst>
            <dst id="LOSAng">64603.4053333333</dst>
            <dst id="NYCMng">144984.818666667</dst>
            <dst id="SNVAng">7900.744</dst>
            <dst id="STTLng">32827.856</dst>
            <dst id="WASHng">146779.341333333</dst>
        </src>
        <src id="SNVAng">
            <dst id="ATLA-M5">0</dst>
            <dst id="ATLAng">106.666666666667</dst>
            <dst id="CHINng">1144.02133333333</dst>
            <dst id="DNVRng">18408.976</dst>
            <dst id="HSTNng">562.597333333333</dst>
            <dst id="IPLSng">680.770666666667</dst>
            <dst id="KSCYng">410.277333333333</dst>
            <dst id="LOSAng">9169.82666666667</dst>
            <dst id="NYCMng">59.1413333333333</dst>
            <dst id="SNVAng">10015.7893333333</dst>
            <dst id="STTLng">19972.416</dst>
            <dst id="WASHng">333.504</dst>
        </src>
        <src id="STTLng">
            <dst id="ATLA-M5">5467.46666666667</dst>
            <dst id="ATLAng">67816.968</dst>
            <dst id="CHINng">120226.309333333</dst>
            <dst id="DNVRng">43306.9813333333</dst>
            <dst id="HSTNng">46316.8506666667</dst>
            <dst id="IPLSng">108238.405333333</dst>
            <dst id="KSCYng">59246.1866666667</dst>
            <dst id="LOSAng">12561.3946666667</dst>
            <dst id="NYCMng">31316.1173333333</dst>
            <dst id="SNVAng">10238.432</dst>
            <dst id="STTLng">52133.2986666667</dst>
            <dst id="WASHng">129485.805333333</dst>
        </src>
        <src id="WASHng">
            <dst id="ATLA-M5">7684.33066666666</dst>
            <dst id="ATLAng">144432.656</dst>
            <dst id="CHINng">111886.709333333</dst>
            <dst id="DNVRng">89561.1013333334</dst>
            <dst id="HSTNng">21034.9973333333</dst>
            <dst id="IPLSng">121354.744</dst>
            <dst id="KSCYng">23671.8186666667</dst>
            <dst id="LOSAng">109096.821333333</dst>
            <dst id="NYCMng">330599.093333333</dst>
            <dst id="SNVAng">18480.4426666667</dst>
            <dst id="STTLng">51751.1386666667</dst>
            <dst id="WASHng">255556.048</dst>
        </src>
    </IntraTM>
</TrafficMatrixFile>
