<?xml version="1.0" encoding="ISO-8859-1" standalone="yes"?>
<TrafficMatrixFile xsi:noNamespaceSchemaLocation="http://totem.run.montefiore.ulg.ac.be/Schema/TrafficMatrix-v1_2.xsd" xmlns:xsi="http://www.w3.org/2001/XMLSchema-instance">
    <IntraTM ASID="11537">
        <src id="ATLA-M5">
            <dst id="ATLA-M5">166.029333333333</dst>
            <dst id="ATLAng">6330.848</dst>
            <dst id="CHINng">1496.66933333333</dst>
            <dst id="DNVRng">490.570666666667</dst>
            <dst id="HSTNng">809.149333333333</dst>
            <dst id="IPLSng">1037.664</dst>
            <dst id="KSCYng">589.52</dst>
            <dst id="LOSAng">93.3333333333333</dst>
            <dst id="NYCMng">1423.00266666667</dst>
            <dst id="SNVAng">40</dst>
            <dst id="STTLng">731.514666666667</dst>
            <dst id="WASHng">2659.05866666667</dst>
        </src>
        <src id="ATLAng">
            <dst id="ATLA-M5">887.954666666667</dst>
            <dst id="ATLAng">42874.5733333333</dst>
            <dst id="CHINng">30031.6106666667</dst>
            <dst id="DNVRng">17527.3226666667</dst>
            <dst id="HSTNng">14514.0106666667</dst>
            <dst id="IPLSng">18140.0426666667</dst>
            <dst id="KSCYng">10845.248</dst>
            <dst id="LOSAng">18351.6293333333</dst>
            <dst id="NYCMng">12777.1786666667</dst>
            <dst id="SNVAng">1724.28266666667</dst>
            <dst id="STTLng">18301.664</dst>
            <dst id="WASHng">55488.016</dst>
        </src>
        <src id="CHINng">
            <dst id="ATLA-M5">1367.488</dst>
            <dst id="ATLAng">21925.696</dst>
            <dst id="CHINng">216221.098666667</dst>
            <dst id="DNVRng">15974.1013333333</dst>
            <dst id="HSTNng">19457.4453333333</dst>
            <dst id="IPLSng">69812.6933333333</dst>
            <dst id="KSCYng">18445.784</dst>
            <dst id="LOSAng">37163.9066666667</dst>
            <dst id="NYCMng">18076.1733333333</dst>
            <dst id="SNVAng">4940.624</dst>
            <dst id="STTLng">29089.3146666667</dst>
            <dst id="WASHng">43767.9333333333</dst>
        </src>
        <src id="DNVRng">
            <dst id="ATLA-M5">547.624</dst>
            <dst id="ATLAng">9994.92266666666</dst>
            <dst id="CHINng">47071.496</dst>
            <dst id="DNVRng">21435.5733333333</dst>
            <dst id="HSTNng">18766.4746666667</dst>
            <dst id="IPLSng">13271.8933333333</dst>
            <dst id="KSCYng">33587.968</dst>
            <dst id="LOSAng">20893.296</dst>
            <dst id="NYCMng">8084.52533333333</dst>
            <dst id="SNVAng">44058.9413333333</dst>
            <dst id="STTLng">77756.9253333333</dst>
            <dst id="WASHng">33491.872</dst>
        </src>
        <src id="HSTNng">
            <dst id="ATLA-M5">2537.08266666667</dst>
            <dst id="ATLAng">5102.47466666667</dst>
            <dst id="CHINng">14275.3253333333</dst>
            <dst id="DNVRng">5484.47466666667</dst>
            <dst id="HSTNng">20390.0693333333</dst>
            <dst id="IPLSng">6053.224</dst>
            <dst id="KSCYng">15502.2986666667</dst>
            <dst id="LOSAng">9598.69333333333</dst>
            <dst id="NYCMng">3630.46666666667</dst>
            <dst id="SNVAng">402.888</dst>
            <dst id="STTLng">11565.0906666667</dst>
            <dst id="WASHng">18202.0906666667</dst>
        </src>
        <src id="IPLSng">
            <dst id="ATLA-M5">735.093333333334</dst>
            <dst id="ATLAng">15593.9733333333</dst>
            <dst id="CHINng">87383.9066666667</dst>
            <dst id="DNVRng">14109.7493333333</dst>
            <dst id="HSTNng">12483.5626666667</dst>
            <dst id="IPLSng">14869.0586666667</dst>
            <dst id="KSCYng">15083.3893333333</dst>
            <dst id="LOSAng">23866.7333333333</dst>
            <dst id="NYCMng">17611.0533333333</dst>
            <dst id="SNVAng">3281.096</dst>
            <dst id="STTLng">21446.5866666667</dst>
            <dst id="WASHng">42262.6906666667</dst>
        </src>
        <src id="KSCYng">
            <dst id="ATLA-M5">432.906666666667</dst>
            <dst id="ATLAng">8043.51733333333</dst>
            <dst id="CHINng">29544.8213333333</dst>
            <dst id="DNVRng">10342.1573333333</dst>
            <dst id="HSTNng">5359.74133333333</dst>
            <dst id="IPLSng">24349.3386666667</dst>
            <dst id="KSCYng">19346.7866666667</dst>
            <dst id="LOSAng">4467.22133333333</dst>
            <dst id="NYCMng">7193.59466666667</dst>
            <dst id="SNVAng">2795.46666666667</dst>
            <dst id="STTLng">14879.7306666667</dst>
            <dst id="WASHng">14066.8373333333</dst>
        </src>
        <src id="LOSAng">
            <dst id="ATLA-M5">870.898666666667</dst>
            <dst id="ATLAng">18026.0346666667</dst>
            <dst id="CHINng">86186.512</dst>
            <dst id="DNVRng">50612.008</dst>
            <dst id="HSTNng">30395.1946666667</dst>
            <dst id="IPLSng">54136.2026666667</dst>
            <dst id="KSCYng">8304.91733333333</dst>
            <dst id="LOSAng">10488.3306666667</dst>
            <dst id="NYCMng">51816.008</dst>
            <dst id="SNVAng">23057.288</dst>
            <dst id="STTLng">58174.6</dst>
            <dst id="WASHng">85602.8586666667</dst>
        </src>
        <src id="NYCMng">
            <dst id="ATLA-M5">3274.11466666667</dst>
            <dst id="ATLAng">44044.408</dst>
            <dst id="CHINng">32441.3653333333</dst>
            <dst id="DNVRng">36412.8506666667</dst>
            <dst id="HSTNng">21191.2506666667</dst>
            <dst id="IPLSng">40407.8746666667</dst>
            <dst id="KSCYng">14724.792</dst>
            <dst id="LOSAng">66460.688</dst>
            <dst id="NYCMng">91237.7546666667</dst>
            <dst id="SNVAng">5055.192</dst>
            <dst id="STTLng">26265.8</dst>
            <dst id="WASHng">146746.530666667</dst>
        </src>
        <src id="SNVAng">
            <dst id="ATLA-M5">26.6666666666667</dst>
            <dst id="ATLAng">239.296</dst>
            <dst id="CHINng">193.829333333333</dst>
            <dst id="DNVRng">21235.976</dst>
            <dst id="HSTNng">143.197333333333</dst>
            <dst id="IPLSng">574.224</dst>
            <dst id="KSCYng">53.3333333333333</dst>
            <dst id="LOSAng">9696.15466666667</dst>
            <dst id="NYCMng">38.8853333333333</dst>
            <dst id="SNVAng">9014.64</dst>
            <dst id="STTLng">17750.2426666667</dst>
            <dst id="WASHng">186.666666666667</dst>
        </src>
        <src id="STTLng">
            <dst id="ATLA-M5">4208.24533333333</dst>
            <dst id="ATLAng">54603.88</dst>
            <dst id="CHINng">79785.8213333333</dst>
            <dst id="DNVRng">60712.68</dst>
            <dst id="HSTNng">55548.1626666667</dst>
            <dst id="IPLSng">70553.912</dst>
            <dst id="KSCYng">57420.8026666667</dst>
            <dst id="LOSAng">10674.168</dst>
            <dst id="NYCMng">15606.3653333333</dst>
            <dst id="SNVAng">13851.424</dst>
            <dst id="STTLng">61889.4266666667</dst>
            <dst id="WASHng">70920.5253333333</dst>
        </src>
        <src id="WASHng">
            <dst id="ATLA-M5">8288.13333333333</dst>
            <dst id="ATLAng">99422.896</dst>
            <dst id="CHINng">125301.805333333</dst>
            <dst id="DNVRng">83471.6666666667</dst>
            <dst id="HSTNng">31667.1493333333</dst>
            <dst id="IPLSng">92398.4986666667</dst>
            <dst id="KSCYng">51738.568</dst>
            <dst id="LOSAng">89913.016</dst>
            <dst id="NYCMng">227221.565333333</dst>
            <dst id="SNVAng">14027.6666666667</dst>
            <dst id="STTLng">63932.392</dst>
            <dst id="WASHng">297118.293333333</dst>
        </src>
    </IntraTM>
</TrafficMatrixFile>
