<?xml version="1.0" encoding="ISO-8859-1" standalone="yes"?>
<TrafficMatrixFile xsi:noNamespaceSchemaLocation="http://totem.run.montefiore.ulg.ac.be/Schema/TrafficMatrix-v1_2.xsd" xmlns:xsi="http://www.w3.org/2001/XMLSchema-instance">
    <IntraTM ASID="11537">
        <src id="ATLA-M5">
            <dst id="ATLA-M5">0</dst>
            <dst id="ATLAng">504.130666666667</dst>
            <dst id="CHINng">985.818666666667</dst>
            <dst id="DNVRng">53.3333333333333</dst>
            <dst id="HSTNng">26.6666666666667</dst>
            <dst id="IPLSng">359.024</dst>
            <dst id="KSCYng">178.034666666667</dst>
            <dst id="LOSAng">26.6666666666667</dst>
            <dst id="NYCMng">3291.38666666667</dst>
            <dst id="SNVAng">0</dst>
            <dst id="STTLng">695.952</dst>
            <dst id="WASHng">1679.288</dst>
        </src>
        <src id="ATLAng">
            <dst id="ATLA-M5">204.645333333333</dst>
            <dst id="ATLAng">36802.1546666667</dst>
            <dst id="CHINng">14195.5813333333</dst>
            <dst id="DNVRng">4062.74666666667</dst>
            <dst id="HSTNng">8627.15466666667</dst>
            <dst id="IPLSng">17061.952</dst>
            <dst id="KSCYng">2100.128</dst>
            <dst id="LOSAng">19133.1186666667</dst>
            <dst id="NYCMng">5061.46666666667</dst>
            <dst id="SNVAng">284.382666666667</dst>
            <dst id="STTLng">8478.568</dst>
            <dst id="WASHng">45986.68</dst>
        </src>
        <src id="CHINng">
            <dst id="ATLA-M5">483.893333333333</dst>
            <dst id="ATLAng">10994.1946666667</dst>
            <dst id="CHINng">114568.722666667</dst>
            <dst id="DNVRng">9971.25066666667</dst>
            <dst id="HSTNng">9915.704</dst>
            <dst id="IPLSng">52690.608</dst>
            <dst id="KSCYng">22145.128</dst>
            <dst id="LOSAng">33400.896</dst>
            <dst id="NYCMng">14446.392</dst>
            <dst id="SNVAng">3496.8</dst>
            <dst id="STTLng">17833.6746666667</dst>
            <dst id="WASHng">15295.272</dst>
        </src>
        <src id="DNVRng">
            <dst id="ATLA-M5">156.341333333333</dst>
            <dst id="ATLAng">3177.104</dst>
            <dst id="CHINng">54508.112</dst>
            <dst id="DNVRng">12101.9786666667</dst>
            <dst id="HSTNng">8563.848</dst>
            <dst id="IPLSng">11422.3333333333</dst>
            <dst id="KSCYng">17122.0746666667</dst>
            <dst id="LOSAng">6367.51466666667</dst>
            <dst id="NYCMng">7374.168</dst>
            <dst id="SNVAng">12074.1413333333</dst>
            <dst id="STTLng">11957.648</dst>
            <dst id="WASHng">19843.24</dst>
        </src>
        <src id="HSTNng">
            <dst id="ATLA-M5">918.229333333333</dst>
            <dst id="ATLAng">3023.784</dst>
            <dst id="CHINng">19417.0373333333</dst>
            <dst id="DNVRng">1251.208</dst>
            <dst id="HSTNng">20825.8106666667</dst>
            <dst id="IPLSng">1900.72</dst>
            <dst id="KSCYng">9508.64266666667</dst>
            <dst id="LOSAng">3556.864</dst>
            <dst id="NYCMng">3865.82933333333</dst>
            <dst id="SNVAng">26.6666666666667</dst>
            <dst id="STTLng">3880.65866666667</dst>
            <dst id="WASHng">6883.89066666667</dst>
        </src>
        <src id="IPLSng">
            <dst id="ATLA-M5">172.850666666667</dst>
            <dst id="ATLAng">5975.808</dst>
            <dst id="CHINng">67369.8026666667</dst>
            <dst id="DNVRng">4110.82666666667</dst>
            <dst id="HSTNng">956.405333333333</dst>
            <dst id="IPLSng">7061.376</dst>
            <dst id="KSCYng">5817.66666666667</dst>
            <dst id="LOSAng">15825.816</dst>
            <dst id="NYCMng">7472.144</dst>
            <dst id="SNVAng">1129.07466666667</dst>
            <dst id="STTLng">20232.664</dst>
            <dst id="WASHng">36765.5226666667</dst>
        </src>
        <src id="KSCYng">
            <dst id="ATLA-M5">264.221333333333</dst>
            <dst id="ATLAng">4401.50666666667</dst>
            <dst id="CHINng">30673.2053333333</dst>
            <dst id="DNVRng">10054.272</dst>
            <dst id="HSTNng">2729.664</dst>
            <dst id="IPLSng">12628.752</dst>
            <dst id="KSCYng">11484.368</dst>
            <dst id="LOSAng">5386.19733333333</dst>
            <dst id="NYCMng">6454.58933333333</dst>
            <dst id="SNVAng">2412.16533333333</dst>
            <dst id="STTLng">15089.008</dst>
            <dst id="WASHng">10042.5226666667</dst>
        </src>
        <src id="LOSAng">
            <dst id="ATLA-M5">74.4586666666667</dst>
            <dst id="ATLAng">6937.904</dst>
            <dst id="CHINng">96846.9066666666</dst>
            <dst id="DNVRng">10053.7733333333</dst>
            <dst id="HSTNng">2124.35733333333</dst>
            <dst id="IPLSng">24783.2853333333</dst>
            <dst id="KSCYng">3550.63466666667</dst>
            <dst id="LOSAng">14745.4373333333</dst>
            <dst id="NYCMng">29500.4506666667</dst>
            <dst id="SNVAng">21364.264</dst>
            <dst id="STTLng">48355.2133333333</dst>
            <dst id="WASHng">38796.5813333333</dst>
        </src>
        <src id="NYCMng">
            <dst id="ATLA-M5">2422.008</dst>
            <dst id="ATLAng">28539.1626666667</dst>
            <dst id="CHINng">36614.4293333333</dst>
            <dst id="DNVRng">15394.744</dst>
            <dst id="HSTNng">10581.968</dst>
            <dst id="IPLSng">28783.8853333333</dst>
            <dst id="KSCYng">7261.60533333333</dst>
            <dst id="LOSAng">50189.816</dst>
            <dst id="NYCMng">91127.5173333334</dst>
            <dst id="SNVAng">3095.28</dst>
            <dst id="STTLng">18928.5306666667</dst>
            <dst id="WASHng">58025.8186666667</dst>
        </src>
        <src id="SNVAng">
            <dst id="ATLA-M5">0</dst>
            <dst id="ATLAng">80</dst>
            <dst id="CHINng">0</dst>
            <dst id="DNVRng">500.413333333333</dst>
            <dst id="HSTNng">40.96</dst>
            <dst id="IPLSng">4064.60533333333</dst>
            <dst id="KSCYng">0</dst>
            <dst id="LOSAng">6714.71733333333</dst>
            <dst id="NYCMng">169.122666666667</dst>
            <dst id="SNVAng">6595.064</dst>
            <dst id="STTLng">22560.0853333333</dst>
            <dst id="WASHng">53.3333333333333</dst>
        </src>
        <src id="STTLng">
            <dst id="ATLA-M5">704.898666666667</dst>
            <dst id="ATLAng">9221.88</dst>
            <dst id="CHINng">34248.8293333333</dst>
            <dst id="DNVRng">10365.9733333333</dst>
            <dst id="HSTNng">4273.792</dst>
            <dst id="IPLSng">10609.392</dst>
            <dst id="KSCYng">3048.36266666667</dst>
            <dst id="LOSAng">38644.3306666667</dst>
            <dst id="NYCMng">5926.08</dst>
            <dst id="SNVAng">2301.91733333333</dst>
            <dst id="STTLng">21150.0506666667</dst>
            <dst id="WASHng">9095.57333333333</dst>
        </src>
        <src id="WASHng">
            <dst id="ATLA-M5">248.693333333333</dst>
            <dst id="ATLAng">114148.434666667</dst>
            <dst id="CHINng">87637.6053333333</dst>
            <dst id="DNVRng">49968.1946666667</dst>
            <dst id="HSTNng">34498.912</dst>
            <dst id="IPLSng">37311.288</dst>
            <dst id="KSCYng">19156.9626666667</dst>
            <dst id="LOSAng">77337.808</dst>
            <dst id="NYCMng">131816.106666667</dst>
            <dst id="SNVAng">11640.4693333333</dst>
            <dst id="STTLng">34517.176</dst>
            <dst id="WASHng">269768.933333333</dst>
        </src>
    </IntraTM>
</TrafficMatrixFile>
