<?xml version="1.0" encoding="ISO-8859-1" standalone="yes"?>
<TrafficMatrixFile xsi:noNamespaceSchemaLocation="http://totem.run.montefiore.ulg.ac.be/Schema/TrafficMatrix-v1_2.xsd" xmlns:xsi="http://www.w3.org/2001/XMLSchema-instance">
    <IntraTM ASID="11537">
        <src id="ATLA-M5">
            <dst id="ATLA-M5">332.789333333333</dst>
            <dst id="ATLAng">2271.512</dst>
            <dst id="CHINng">1928.584</dst>
            <dst id="DNVRng">327.765333333333</dst>
            <dst id="HSTNng">893.634666666667</dst>
            <dst id="IPLSng">2278.08266666667</dst>
            <dst id="KSCYng">471.165333333333</dst>
            <dst id="LOSAng">93.712</dst>
            <dst id="NYCMng">2610.05866666667</dst>
            <dst id="SNVAng">38.9066666666667</dst>
            <dst id="STTLng">852.941333333333</dst>
            <dst id="WASHng">1923.208</dst>
        </src>
        <src id="ATLAng">
            <dst id="ATLA-M5">975.941333333333</dst>
            <dst id="ATLAng">50055.0986666667</dst>
            <dst id="CHINng">25615.84</dst>
            <dst id="DNVRng">6511.488</dst>
            <dst id="HSTNng">20767.4906666667</dst>
            <dst id="IPLSng">43671.0186666667</dst>
            <dst id="KSCYng">11792.84</dst>
            <dst id="LOSAng">14978.9933333333</dst>
            <dst id="NYCMng">12123.0773333333</dst>
            <dst id="SNVAng">2001.63066666667</dst>
            <dst id="STTLng">21136.9546666667</dst>
            <dst id="WASHng">57324.6346666667</dst>
        </src>
        <src id="CHINng">
            <dst id="ATLA-M5">1800.58933333333</dst>
            <dst id="ATLAng">37759.6426666667</dst>
            <dst id="CHINng">98782.656</dst>
            <dst id="DNVRng">22067.9626666667</dst>
            <dst id="HSTNng">22983.7546666667</dst>
            <dst id="IPLSng">77319.272</dst>
            <dst id="KSCYng">24004.424</dst>
            <dst id="LOSAng">70520.4533333333</dst>
            <dst id="NYCMng">24201.9306666667</dst>
            <dst id="SNVAng">7414.96</dst>
            <dst id="STTLng">42135.936</dst>
            <dst id="WASHng">44140.4613333333</dst>
        </src>
        <src id="DNVRng">
            <dst id="ATLA-M5">421.768</dst>
            <dst id="ATLAng">24068.7626666667</dst>
            <dst id="CHINng">35670.1466666667</dst>
            <dst id="DNVRng">13773.1093333333</dst>
            <dst id="HSTNng">20437.4133333333</dst>
            <dst id="IPLSng">17569.9333333333</dst>
            <dst id="KSCYng">18180.52</dst>
            <dst id="LOSAng">18787.16</dst>
            <dst id="NYCMng">16455.9093333333</dst>
            <dst id="SNVAng">21748.816</dst>
            <dst id="STTLng">36740.5733333333</dst>
            <dst id="WASHng">39286.6426666667</dst>
        </src>
        <src id="HSTNng">
            <dst id="ATLA-M5">888.405333333333</dst>
            <dst id="ATLAng">6055.576</dst>
            <dst id="CHINng">21572.8986666667</dst>
            <dst id="DNVRng">7527.50666666667</dst>
            <dst id="HSTNng">15168.0026666667</dst>
            <dst id="IPLSng">9995.528</dst>
            <dst id="KSCYng">12610.1333333333</dst>
            <dst id="LOSAng">4967.46933333333</dst>
            <dst id="NYCMng">3811.20266666667</dst>
            <dst id="SNVAng">882.269333333334</dst>
            <dst id="STTLng">12029.744</dst>
            <dst id="WASHng">10062.0506666667</dst>
        </src>
        <src id="IPLSng">
            <dst id="ATLA-M5">2959.968</dst>
            <dst id="ATLAng">15834.2906666667</dst>
            <dst id="CHINng">82355.2746666667</dst>
            <dst id="DNVRng">14406.1653333333</dst>
            <dst id="HSTNng">4853.048</dst>
            <dst id="IPLSng">26822.7013333333</dst>
            <dst id="KSCYng">17657.5466666667</dst>
            <dst id="LOSAng">23212.1253333333</dst>
            <dst id="NYCMng">15240.7733333333</dst>
            <dst id="SNVAng">4949.65066666667</dst>
            <dst id="STTLng">32879.6853333333</dst>
            <dst id="WASHng">62361.312</dst>
        </src>
        <src id="KSCYng">
            <dst id="ATLA-M5">597.365333333333</dst>
            <dst id="ATLAng">9157.656</dst>
            <dst id="CHINng">31279.232</dst>
            <dst id="DNVRng">12839.352</dst>
            <dst id="HSTNng">4255.696</dst>
            <dst id="IPLSng">27497.2666666667</dst>
            <dst id="KSCYng">24232.208</dst>
            <dst id="LOSAng">5321.06933333333</dst>
            <dst id="NYCMng">7241.41333333333</dst>
            <dst id="SNVAng">3155.064</dst>
            <dst id="STTLng">15328.0373333333</dst>
            <dst id="WASHng">13632.024</dst>
        </src>
        <src id="LOSAng">
            <dst id="ATLA-M5">327.336</dst>
            <dst id="ATLAng">23672.7413333333</dst>
            <dst id="CHINng">102080.242666667</dst>
            <dst id="DNVRng">47197.976</dst>
            <dst id="HSTNng">14456.3973333333</dst>
            <dst id="IPLSng">67076.984</dst>
            <dst id="KSCYng">15020.2426666667</dst>
            <dst id="LOSAng">11878.5893333333</dst>
            <dst id="NYCMng">61373.9386666667</dst>
            <dst id="SNVAng">19389.9706666667</dst>
            <dst id="STTLng">52660.544</dst>
            <dst id="WASHng">79137.064</dst>
        </src>
        <src id="NYCMng">
            <dst id="ATLA-M5">2351.872</dst>
            <dst id="ATLAng">41891.36</dst>
            <dst id="CHINng">38676.04</dst>
            <dst id="DNVRng">29161.7253333333</dst>
            <dst id="HSTNng">14384.1226666667</dst>
            <dst id="IPLSng">49687.3306666667</dst>
            <dst id="KSCYng">22658.7146666667</dst>
            <dst id="LOSAng">64211.288</dst>
            <dst id="NYCMng">157221.290666667</dst>
            <dst id="SNVAng">5807.952</dst>
            <dst id="STTLng">36595.44</dst>
            <dst id="WASHng">177405.341333333</dst>
        </src>
        <src id="SNVAng">
            <dst id="ATLA-M5">0</dst>
            <dst id="ATLAng">80</dst>
            <dst id="CHINng">146.813333333333</dst>
            <dst id="DNVRng">19720.192</dst>
            <dst id="HSTNng">26.6666666666667</dst>
            <dst id="IPLSng">604.821333333333</dst>
            <dst id="KSCYng">293.546666666667</dst>
            <dst id="LOSAng">14210.2853333333</dst>
            <dst id="NYCMng">256.216</dst>
            <dst id="SNVAng">12525.4986666667</dst>
            <dst id="STTLng">19311.4426666667</dst>
            <dst id="WASHng">557.682666666667</dst>
        </src>
        <src id="STTLng">
            <dst id="ATLA-M5">3655.624</dst>
            <dst id="ATLAng">74461.8053333333</dst>
            <dst id="CHINng">103737.538666667</dst>
            <dst id="DNVRng">51917.6586666667</dst>
            <dst id="HSTNng">37524.72</dst>
            <dst id="IPLSng">91758.2426666667</dst>
            <dst id="KSCYng">64313.1893333333</dst>
            <dst id="LOSAng">18902.3333333333</dst>
            <dst id="NYCMng">32781.4</dst>
            <dst id="SNVAng">10803.856</dst>
            <dst id="STTLng">54432.4613333333</dst>
            <dst id="WASHng">108715.978666667</dst>
        </src>
        <src id="WASHng">
            <dst id="ATLA-M5">8611.51733333333</dst>
            <dst id="ATLAng">110565.981333333</dst>
            <dst id="CHINng">121524.984</dst>
            <dst id="DNVRng">110874.226666667</dst>
            <dst id="HSTNng">38336.1653333333</dst>
            <dst id="IPLSng">109190.309333333</dst>
            <dst id="KSCYng">22833.5493333333</dst>
            <dst id="LOSAng">92758.024</dst>
            <dst id="NYCMng">283900.426666667</dst>
            <dst id="SNVAng">13774.9866666667</dst>
            <dst id="STTLng">61552.0986666667</dst>
            <dst id="WASHng">343340.506666667</dst>
        </src>
    </IntraTM>
</TrafficMatrixFile>
