<?xml version="1.0" encoding="ISO-8859-1" standalone="yes"?>
<TrafficMatrixFile xsi:noNamespaceSchemaLocation="http://totem.run.montefiore.ulg.ac.be/Schema/TrafficMatrix-v1_2.xsd" xmlns:xsi="http://www.w3.org/2001/XMLSchema-instance">
    <IntraTM ASID="11537">
        <src id="ATLA-M5">
            <dst id="ATLA-M5">90.9013333333333</dst>
            <dst id="ATLAng">1216.488</dst>
            <dst id="CHINng">562.290666666667</dst>
            <dst id="DNVRng">723.229333333333</dst>
            <dst id="HSTNng">224.109333333333</dst>
            <dst id="IPLSng">544.730666666667</dst>
            <dst id="KSCYng">892.104</dst>
            <dst id="LOSAng">224.470666666667</dst>
            <dst id="NYCMng">1401.10933333333</dst>
            <dst id="SNVAng">26.108</dst>
            <dst id="STTLng">760.666666666667</dst>
            <dst id="WASHng">2321.43466666667</dst>
        </src>
        <src id="ATLAng">
            <dst id="ATLA-M5">515.973333333333</dst>
            <dst id="ATLAng">45391.9546666667</dst>
            <dst id="CHINng">24950.552</dst>
            <dst id="DNVRng">6125.47733333333</dst>
            <dst id="HSTNng">4786.52266666667</dst>
            <dst id="IPLSng">19302.8693333333</dst>
            <dst id="KSCYng">9072.71733333333</dst>
            <dst id="LOSAng">13310.6226666667</dst>
            <dst id="NYCMng">9773.78666666667</dst>
            <dst id="SNVAng">827.513333333333</dst>
            <dst id="STTLng">13234.792</dst>
            <dst id="WASHng">42759.7493333333</dst>
        </src>
        <src id="CHINng">
            <dst id="ATLA-M5">1661.71733333333</dst>
            <dst id="ATLAng">31521.8373333333</dst>
            <dst id="CHINng">137880.258666667</dst>
            <dst id="DNVRng">17897.1733333333</dst>
            <dst id="HSTNng">16664.4</dst>
            <dst id="IPLSng">69454.2133333333</dst>
            <dst id="KSCYng">19758.4053333333</dst>
            <dst id="LOSAng">47971.432</dst>
            <dst id="NYCMng">16272.5573333333</dst>
            <dst id="SNVAng">6752.992</dst>
            <dst id="STTLng">30124.6586666667</dst>
            <dst id="WASHng">42219.9653333333</dst>
        </src>
        <src id="DNVRng">
            <dst id="ATLA-M5">195.133333333333</dst>
            <dst id="ATLAng">7244.53866666667</dst>
            <dst id="CHINng">44809.2186666667</dst>
            <dst id="DNVRng">28882.096</dst>
            <dst id="HSTNng">17875.4826666667</dst>
            <dst id="IPLSng">12484.7706666667</dst>
            <dst id="KSCYng">20080.3013333333</dst>
            <dst id="LOSAng">20095.56</dst>
            <dst id="NYCMng">14799.8666666667</dst>
            <dst id="SNVAng">12070.4186666667</dst>
            <dst id="STTLng">27359.9013333333</dst>
            <dst id="WASHng">33424.5813333333</dst>
        </src>
        <src id="HSTNng">
            <dst id="ATLA-M5">393.589333333333</dst>
            <dst id="ATLAng">6472.824</dst>
            <dst id="CHINng">16526.7413333333</dst>
            <dst id="DNVRng">1401.01066666667</dst>
            <dst id="HSTNng">15525.208</dst>
            <dst id="IPLSng">5774.90133333333</dst>
            <dst id="KSCYng">12166.8</dst>
            <dst id="LOSAng">37643.9573333333</dst>
            <dst id="NYCMng">2648</dst>
            <dst id="SNVAng">218.381333333333</dst>
            <dst id="STTLng">6797.184</dst>
            <dst id="WASHng">12524.5066666667</dst>
        </src>
        <src id="IPLSng">
            <dst id="ATLA-M5">500.338666666667</dst>
            <dst id="ATLAng">17184.6106666667</dst>
            <dst id="CHINng">47566.3306666667</dst>
            <dst id="DNVRng">8014.10133333333</dst>
            <dst id="HSTNng">3030.25066666667</dst>
            <dst id="IPLSng">14047.5866666667</dst>
            <dst id="KSCYng">15800.6933333333</dst>
            <dst id="LOSAng">17589.1386666667</dst>
            <dst id="NYCMng">5310.70666666667</dst>
            <dst id="SNVAng">1992.936</dst>
            <dst id="STTLng">32876.0026666667</dst>
            <dst id="WASHng">16552.4773333333</dst>
        </src>
        <src id="KSCYng">
            <dst id="ATLA-M5">639.056</dst>
            <dst id="ATLAng">8965.64</dst>
            <dst id="CHINng">18518.4506666667</dst>
            <dst id="DNVRng">9383.97866666667</dst>
            <dst id="HSTNng">4942.23466666667</dst>
            <dst id="IPLSng">21239.0373333333</dst>
            <dst id="KSCYng">14852.4533333333</dst>
            <dst id="LOSAng">5375.66933333333</dst>
            <dst id="NYCMng">7017.088</dst>
            <dst id="SNVAng">2835.592</dst>
            <dst id="STTLng">10138.8613333333</dst>
            <dst id="WASHng">12660.4346666667</dst>
        </src>
        <src id="LOSAng">
            <dst id="ATLA-M5">735.845333333333</dst>
            <dst id="ATLAng">12783.9253333333</dst>
            <dst id="CHINng">6242698.4</dst>
            <dst id="DNVRng">14078.104</dst>
            <dst id="HSTNng">12145.7066666667</dst>
            <dst id="IPLSng">22455.44</dst>
            <dst id="KSCYng">7507.552</dst>
            <dst id="LOSAng">16437.064</dst>
            <dst id="NYCMng">47113.04</dst>
            <dst id="SNVAng">19173.768</dst>
            <dst id="STTLng">62757.9306666667</dst>
            <dst id="WASHng">56790.448</dst>
        </src>
        <src id="NYCMng">
            <dst id="ATLA-M5">594.522666666667</dst>
            <dst id="ATLAng">55821.3546666667</dst>
            <dst id="CHINng">33189.6026666667</dst>
            <dst id="DNVRng">19539.648</dst>
            <dst id="HSTNng">28196.5386666667</dst>
            <dst id="IPLSng">32289.0933333333</dst>
            <dst id="KSCYng">15636.3066666667</dst>
            <dst id="LOSAng">65790.7306666667</dst>
            <dst id="NYCMng">84581.0106666667</dst>
            <dst id="SNVAng">5073.81066666667</dst>
            <dst id="STTLng">34058.88</dst>
            <dst id="WASHng">118033.213333333</dst>
        </src>
        <src id="SNVAng">
            <dst id="ATLA-M5">0</dst>
            <dst id="ATLAng">0</dst>
            <dst id="CHINng">26.6666666666667</dst>
            <dst id="DNVRng">2891.52533333333</dst>
            <dst id="HSTNng">26.6666666666667</dst>
            <dst id="IPLSng">400.648</dst>
            <dst id="KSCYng">53.3333333333333</dst>
            <dst id="LOSAng">9300.02666666667</dst>
            <dst id="NYCMng">195.877333333333</dst>
            <dst id="SNVAng">9312.776</dst>
            <dst id="STTLng">25306.4186666667</dst>
            <dst id="WASHng">26.6666666666667</dst>
        </src>
        <src id="STTLng">
            <dst id="ATLA-M5">1816.83733333333</dst>
            <dst id="ATLAng">26360.7333333333</dst>
            <dst id="CHINng">69908.776</dst>
            <dst id="DNVRng">14305.536</dst>
            <dst id="HSTNng">7411.70933333333</dst>
            <dst id="IPLSng">47107.8826666667</dst>
            <dst id="KSCYng">28470.9493333333</dst>
            <dst id="LOSAng">48068.0986666667</dst>
            <dst id="NYCMng">13779.144</dst>
            <dst id="SNVAng">2492.176</dst>
            <dst id="STTLng">31622.096</dst>
            <dst id="WASHng">45074.4693333333</dst>
        </src>
        <src id="WASHng">
            <dst id="ATLA-M5">2753.09066666667</dst>
            <dst id="ATLAng">89149.8186666667</dst>
            <dst id="CHINng">72373.504</dst>
            <dst id="DNVRng">74303.1946666667</dst>
            <dst id="HSTNng">35142.2826666667</dst>
            <dst id="IPLSng">52415.5946666667</dst>
            <dst id="KSCYng">17551.3493333333</dst>
            <dst id="LOSAng">79920.8266666667</dst>
            <dst id="NYCMng">232375.64</dst>
            <dst id="SNVAng">5924.40533333333</dst>
            <dst id="STTLng">60881.9653333333</dst>
            <dst id="WASHng">212778.792</dst>
        </src>
    </IntraTM>
</TrafficMatrixFile>
