<?xml version="1.0" encoding="ISO-8859-1" standalone="yes"?>
<TrafficMatrixFile xsi:noNamespaceSchemaLocation="http://totem.run.montefiore.ulg.ac.be/Schema/TrafficMatrix-v1_2.xsd" xmlns:xsi="http://www.w3.org/2001/XMLSchema-instance">
    <IntraTM ASID="11537">
        <src id="ATLA-M5">
            <dst id="ATLA-M5">26.6666666666667</dst>
            <dst id="ATLAng">343.416</dst>
            <dst id="CHINng">459.954666666667</dst>
            <dst id="DNVRng">34.9866666666667</dst>
            <dst id="HSTNng">136.368</dst>
            <dst id="IPLSng">441.973333333333</dst>
            <dst id="KSCYng">98.7493333333333</dst>
            <dst id="LOSAng">53.3333333333333</dst>
            <dst id="NYCMng">26.6666666666667</dst>
            <dst id="SNVAng">0</dst>
            <dst id="STTLng">223.573333333333</dst>
            <dst id="WASHng">1293.17066666667</dst>
        </src>
        <src id="ATLAng">
            <dst id="ATLA-M5">158.349333333333</dst>
            <dst id="ATLAng">32985.3466666667</dst>
            <dst id="CHINng">11024.5146666667</dst>
            <dst id="DNVRng">2893.82133333333</dst>
            <dst id="HSTNng">2332.09333333333</dst>
            <dst id="IPLSng">13530.1306666667</dst>
            <dst id="KSCYng">1741.37866666667</dst>
            <dst id="LOSAng">24957.564</dst>
            <dst id="NYCMng">8405.86933333333</dst>
            <dst id="SNVAng">322.996</dst>
            <dst id="STTLng">8974.712</dst>
            <dst id="WASHng">62016.4026666667</dst>
        </src>
        <src id="CHINng">
            <dst id="ATLA-M5">565.362666666667</dst>
            <dst id="ATLAng">16466.9626666667</dst>
            <dst id="CHINng">97535.5146666667</dst>
            <dst id="DNVRng">13538.2026666667</dst>
            <dst id="HSTNng">7285.712</dst>
            <dst id="IPLSng">43349.8026666667</dst>
            <dst id="KSCYng">9541.368</dst>
            <dst id="LOSAng">35953.9546666667</dst>
            <dst id="NYCMng">9648.78666666667</dst>
            <dst id="SNVAng">5012.01333333333</dst>
            <dst id="STTLng">14203.6666666667</dst>
            <dst id="WASHng">14749.6133333333</dst>
        </src>
        <src id="DNVRng">
            <dst id="ATLA-M5">149.170666666667</dst>
            <dst id="ATLAng">3525.12266666667</dst>
            <dst id="CHINng">47651.8266666667</dst>
            <dst id="DNVRng">17312.1306666667</dst>
            <dst id="HSTNng">16258.8986666667</dst>
            <dst id="IPLSng">9963.10133333333</dst>
            <dst id="KSCYng">22403.464</dst>
            <dst id="LOSAng">12734.9866666667</dst>
            <dst id="NYCMng">5849.59466666667</dst>
            <dst id="SNVAng">11991.7306666667</dst>
            <dst id="STTLng">17489.6106666667</dst>
            <dst id="WASHng">21582.8053333333</dst>
        </src>
        <src id="HSTNng">
            <dst id="ATLA-M5">3695.79733333333</dst>
            <dst id="ATLAng">4029.58133333333</dst>
            <dst id="CHINng">16519.9253333333</dst>
            <dst id="DNVRng">1187.86133333333</dst>
            <dst id="HSTNng">17191.104</dst>
            <dst id="IPLSng">1835.07733333333</dst>
            <dst id="KSCYng">8764.15466666667</dst>
            <dst id="LOSAng">3272.06133333333</dst>
            <dst id="NYCMng">1798.53066666667</dst>
            <dst id="SNVAng">163.349333333333</dst>
            <dst id="STTLng">2894.73333333333</dst>
            <dst id="WASHng">3879.57066666667</dst>
        </src>
        <src id="IPLSng">
            <dst id="ATLA-M5">363.538666666667</dst>
            <dst id="ATLAng">5588.048</dst>
            <dst id="CHINng">60182.3493333333</dst>
            <dst id="DNVRng">8063.824</dst>
            <dst id="HSTNng">647.6</dst>
            <dst id="IPLSng">20577.992</dst>
            <dst id="KSCYng">5300.16533333333</dst>
            <dst id="LOSAng">12181.272</dst>
            <dst id="NYCMng">5977.624</dst>
            <dst id="SNVAng">799.128</dst>
            <dst id="STTLng">18371.7013333333</dst>
            <dst id="WASHng">18260.6586666667</dst>
        </src>
        <src id="KSCYng">
            <dst id="ATLA-M5">80.4853333333333</dst>
            <dst id="ATLAng">4737.776</dst>
            <dst id="CHINng">30147.792</dst>
            <dst id="DNVRng">7746.68266666667</dst>
            <dst id="HSTNng">3222.96</dst>
            <dst id="IPLSng">15442.8826666667</dst>
            <dst id="KSCYng">16516.032</dst>
            <dst id="LOSAng">4404.80266666667</dst>
            <dst id="NYCMng">6759.06133333333</dst>
            <dst id="SNVAng">2763.14666666667</dst>
            <dst id="STTLng">5715.36533333333</dst>
            <dst id="WASHng">10472.08</dst>
        </src>
        <src id="LOSAng">
            <dst id="ATLA-M5">193.941333333333</dst>
            <dst id="ATLAng">7076.12</dst>
            <dst id="CHINng">6534438.4</dst>
            <dst id="DNVRng">7917.09066666667</dst>
            <dst id="HSTNng">4709.14933333333</dst>
            <dst id="IPLSng">15425.4533333333</dst>
            <dst id="KSCYng">2946.09866666667</dst>
            <dst id="LOSAng">10433.04</dst>
            <dst id="NYCMng">51013.184</dst>
            <dst id="SNVAng">23013.4186666667</dst>
            <dst id="STTLng">46612.888</dst>
            <dst id="WASHng">40890.336</dst>
        </src>
        <src id="NYCMng">
            <dst id="ATLA-M5">853.904</dst>
            <dst id="ATLAng">37139.576</dst>
            <dst id="CHINng">30551.248</dst>
            <dst id="DNVRng">13982.912</dst>
            <dst id="HSTNng">5976.872</dst>
            <dst id="IPLSng">28757.176</dst>
            <dst id="KSCYng">3929.592</dst>
            <dst id="LOSAng">52157.32</dst>
            <dst id="NYCMng">102264.277333333</dst>
            <dst id="SNVAng">957.864</dst>
            <dst id="STTLng">22692.6666666667</dst>
            <dst id="WASHng">41550.792</dst>
        </src>
        <src id="SNVAng">
            <dst id="ATLA-M5">0</dst>
            <dst id="ATLAng">329.112</dst>
            <dst id="CHINng">53.3333333333333</dst>
            <dst id="DNVRng">1080.592</dst>
            <dst id="HSTNng">0</dst>
            <dst id="IPLSng">289.424</dst>
            <dst id="KSCYng">26.6666666666667</dst>
            <dst id="LOSAng">8259.70666666667</dst>
            <dst id="NYCMng">26.6666666666667</dst>
            <dst id="SNVAng">9233.64266666667</dst>
            <dst id="STTLng">19931.1733333333</dst>
            <dst id="WASHng">80</dst>
        </src>
        <src id="STTLng">
            <dst id="ATLA-M5">175.709333333333</dst>
            <dst id="ATLAng">10730.24</dst>
            <dst id="CHINng">42821.136</dst>
            <dst id="DNVRng">2362.62133333333</dst>
            <dst id="HSTNng">5564.63466666667</dst>
            <dst id="IPLSng">9469.872</dst>
            <dst id="KSCYng">4284.41066666667</dst>
            <dst id="LOSAng">38867.808</dst>
            <dst id="NYCMng">12313.9733333333</dst>
            <dst id="SNVAng">1331.87466666667</dst>
            <dst id="STTLng">19944.4613333333</dst>
            <dst id="WASHng">9293.768</dst>
        </src>
        <src id="WASHng">
            <dst id="ATLA-M5">1009.95733333333</dst>
            <dst id="ATLAng">116600.816</dst>
            <dst id="CHINng">87132.4026666666</dst>
            <dst id="DNVRng">53317.688</dst>
            <dst id="HSTNng">25829.6213333333</dst>
            <dst id="IPLSng">33138.76</dst>
            <dst id="KSCYng">33626.248</dst>
            <dst id="LOSAng">69133.8</dst>
            <dst id="NYCMng">105261.592</dst>
            <dst id="SNVAng">6827.688</dst>
            <dst id="STTLng">37290.5226666667</dst>
            <dst id="WASHng">262887.821333333</dst>
        </src>
    </IntraTM>
</TrafficMatrixFile>
