<?xml version="1.0" encoding="ISO-8859-1" standalone="yes"?>
<TrafficMatrixFile xsi:noNamespaceSchemaLocation="http://totem.run.montefiore.ulg.ac.be/Schema/TrafficMatrix-v1_2.xsd" xmlns:xsi="http://www.w3.org/2001/XMLSchema-instance">
    <IntraTM ASID="11537">
        <src id="ATLA-M5">
            <dst id="ATLA-M5">132.885333333333</dst>
            <dst id="ATLAng">1740.41066666667</dst>
            <dst id="CHINng">1051.608</dst>
            <dst id="DNVRng">133.333333333333</dst>
            <dst id="HSTNng">223.010666666667</dst>
            <dst id="IPLSng">839.112</dst>
            <dst id="KSCYng">784.749333333333</dst>
            <dst id="LOSAng">184.56</dst>
            <dst id="NYCMng">571.04</dst>
            <dst id="SNVAng">13.3333333333333</dst>
            <dst id="STTLng">1174.15466666667</dst>
            <dst id="WASHng">2177.22133333333</dst>
        </src>
        <src id="ATLAng">
            <dst id="ATLA-M5">1938.62666666667</dst>
            <dst id="ATLAng">43218.216</dst>
            <dst id="CHINng">23268.6293333333</dst>
            <dst id="DNVRng">2858.27466666667</dst>
            <dst id="HSTNng">23566.5706666667</dst>
            <dst id="IPLSng">20876.2506666667</dst>
            <dst id="KSCYng">6112.15733333333</dst>
            <dst id="LOSAng">21132.1533333333</dst>
            <dst id="NYCMng">9951.17333333333</dst>
            <dst id="SNVAng">1428.78266666667</dst>
            <dst id="STTLng">21904.2106666667</dst>
            <dst id="WASHng">64046.7786666667</dst>
        </src>
        <src id="CHINng">
            <dst id="ATLA-M5">955.218666666667</dst>
            <dst id="ATLAng">81426.8586666667</dst>
            <dst id="CHINng">105605.869333333</dst>
            <dst id="DNVRng">15875.856</dst>
            <dst id="HSTNng">32471.8426666667</dst>
            <dst id="IPLSng">80907.4986666667</dst>
            <dst id="KSCYng">13419.8426666667</dst>
            <dst id="LOSAng">431342.933333333</dst>
            <dst id="NYCMng">18338.248</dst>
            <dst id="SNVAng">4028.88</dst>
            <dst id="STTLng">33702.504</dst>
            <dst id="WASHng">28662.2293333333</dst>
        </src>
        <src id="DNVRng">
            <dst id="ATLA-M5">94.6133333333334</dst>
            <dst id="ATLAng">11440.1706666667</dst>
            <dst id="CHINng">103812.346666667</dst>
            <dst id="DNVRng">9956.952</dst>
            <dst id="HSTNng">14670.2586666667</dst>
            <dst id="IPLSng">27422.704</dst>
            <dst id="KSCYng">15730.2906666667</dst>
            <dst id="LOSAng">11468.92</dst>
            <dst id="NYCMng">10543.6453333333</dst>
            <dst id="SNVAng">13920.5893333333</dst>
            <dst id="STTLng">22309.6453333333</dst>
            <dst id="WASHng">25242.6693333333</dst>
        </src>
        <src id="HSTNng">
            <dst id="ATLA-M5">3180.34933333333</dst>
            <dst id="ATLAng">7306.2</dst>
            <dst id="CHINng">17952.9333333333</dst>
            <dst id="DNVRng">2541.53066666667</dst>
            <dst id="HSTNng">20343.488</dst>
            <dst id="IPLSng">5979.18666666667</dst>
            <dst id="KSCYng">8576.288</dst>
            <dst id="LOSAng">2510.34133333333</dst>
            <dst id="NYCMng">4582.544</dst>
            <dst id="SNVAng">544.037333333333</dst>
            <dst id="STTLng">14249.8026666667</dst>
            <dst id="WASHng">17248.296</dst>
        </src>
        <src id="IPLSng">
            <dst id="ATLA-M5">406.189333333333</dst>
            <dst id="ATLAng">21951.472</dst>
            <dst id="CHINng">77866.0773333333</dst>
            <dst id="DNVRng">24953.1466666667</dst>
            <dst id="HSTNng">5523.27466666667</dst>
            <dst id="IPLSng">26346.096</dst>
            <dst id="KSCYng">14616.72</dst>
            <dst id="LOSAng">44272.1333333333</dst>
            <dst id="NYCMng">20715.3626666667</dst>
            <dst id="SNVAng">1635.45866666667</dst>
            <dst id="STTLng">33477.2133333333</dst>
            <dst id="WASHng">41570.224</dst>
        </src>
        <src id="KSCYng">
            <dst id="ATLA-M5">611.928</dst>
            <dst id="ATLAng">7939.28</dst>
            <dst id="CHINng">30071.432</dst>
            <dst id="DNVRng">9653.21333333333</dst>
            <dst id="HSTNng">5841.39733333333</dst>
            <dst id="IPLSng">23052.4133333333</dst>
            <dst id="KSCYng">11322.584</dst>
            <dst id="LOSAng">3842.21333333333</dst>
            <dst id="NYCMng">26532.5306666667</dst>
            <dst id="SNVAng">2100.90933333333</dst>
            <dst id="STTLng">14876.656</dst>
            <dst id="WASHng">12048.2</dst>
        </src>
        <src id="LOSAng">
            <dst id="ATLA-M5">323.221333333333</dst>
            <dst id="ATLAng">28129.4613333333</dst>
            <dst id="CHINng">144118.48</dst>
            <dst id="DNVRng">15843.4773333333</dst>
            <dst id="HSTNng">12516.4693333333</dst>
            <dst id="IPLSng">23660.832</dst>
            <dst id="KSCYng">7976.808</dst>
            <dst id="LOSAng">7485.77866666667</dst>
            <dst id="NYCMng">38514.4426666667</dst>
            <dst id="SNVAng">19361.7306666667</dst>
            <dst id="STTLng">70118.8026666667</dst>
            <dst id="WASHng">64381.728</dst>
        </src>
        <src id="NYCMng">
            <dst id="ATLA-M5">1411.26133333333</dst>
            <dst id="ATLAng">54516.664</dst>
            <dst id="CHINng">38709.8666666667</dst>
            <dst id="DNVRng">20590.648</dst>
            <dst id="HSTNng">17709.3653333333</dst>
            <dst id="IPLSng">53605.416</dst>
            <dst id="KSCYng">12614.9146666667</dst>
            <dst id="LOSAng">56315.4666666667</dst>
            <dst id="NYCMng">142756.074666667</dst>
            <dst id="SNVAng">2150.296</dst>
            <dst id="STTLng">27482.848</dst>
            <dst id="WASHng">109617.008</dst>
        </src>
        <src id="SNVAng">
            <dst id="ATLA-M5">0</dst>
            <dst id="ATLAng">82.08</dst>
            <dst id="CHINng">601.162666666667</dst>
            <dst id="DNVRng">2333.03466666667</dst>
            <dst id="HSTNng">220.269333333333</dst>
            <dst id="IPLSng">808.416</dst>
            <dst id="KSCYng">190.850666666667</dst>
            <dst id="LOSAng">7967.37866666667</dst>
            <dst id="NYCMng">87.848</dst>
            <dst id="SNVAng">10064.5306666667</dst>
            <dst id="STTLng">18911.8293333333</dst>
            <dst id="WASHng">409.301333333333</dst>
        </src>
        <src id="STTLng">
            <dst id="ATLA-M5">3865.87733333333</dst>
            <dst id="ATLAng">74047.3946666667</dst>
            <dst id="CHINng">139178.314666667</dst>
            <dst id="DNVRng">27242.608</dst>
            <dst id="HSTNng">50096.3706666667</dst>
            <dst id="IPLSng">91356.4213333333</dst>
            <dst id="KSCYng">68036.96</dst>
            <dst id="LOSAng">22505.6186666667</dst>
            <dst id="NYCMng">35407.1093333333</dst>
            <dst id="SNVAng">8519.472</dst>
            <dst id="STTLng">28433.9893333333</dst>
            <dst id="WASHng">110844.341333333</dst>
        </src>
        <src id="WASHng">
            <dst id="ATLA-M5">6236.55733333333</dst>
            <dst id="ATLAng">160779.130666667</dst>
            <dst id="CHINng">104654.013333333</dst>
            <dst id="DNVRng">56770.624</dst>
            <dst id="HSTNng">29219.848</dst>
            <dst id="IPLSng">81104.6373333333</dst>
            <dst id="KSCYng">24301.64</dst>
            <dst id="LOSAng">70119</dst>
            <dst id="NYCMng">233471.973333333</dst>
            <dst id="SNVAng">3390.04</dst>
            <dst id="STTLng">55911.7653333334</dst>
            <dst id="WASHng">332613.76</dst>
        </src>
    </IntraTM>
</TrafficMatrixFile>
