<?xml version="1.0" encoding="ISO-8859-1" standalone="yes"?>
<TrafficMatrixFile xsi:noNamespaceSchemaLocation="http://totem.run.montefiore.ulg.ac.be/Schema/TrafficMatrix-v1_2.xsd" xmlns:xsi="http://www.w3.org/2001/XMLSchema-instance">
    <IntraTM ASID="11537">
        <src id="ATLA-M5">
            <dst id="ATLA-M5">0</dst>
            <dst id="ATLAng">80</dst>
            <dst id="CHINng">1236.27733333333</dst>
            <dst id="DNVRng">75.536</dst>
            <dst id="HSTNng">144.165333333333</dst>
            <dst id="IPLSng">328.896</dst>
            <dst id="KSCYng">80.144</dst>
            <dst id="LOSAng">113.482666666667</dst>
            <dst id="NYCMng">80</dst>
            <dst id="SNVAng">33.4826666666667</dst>
            <dst id="STTLng">159.973333333333</dst>
            <dst id="WASHng">2152.976</dst>
        </src>
        <src id="ATLAng">
            <dst id="ATLA-M5">191.112</dst>
            <dst id="ATLAng">59675.6853333333</dst>
            <dst id="CHINng">9635.93866666667</dst>
            <dst id="DNVRng">5452.67466666667</dst>
            <dst id="HSTNng">1424.81066666667</dst>
            <dst id="IPLSng">13724.1466666667</dst>
            <dst id="KSCYng">4244.312</dst>
            <dst id="LOSAng">18571.0466666667</dst>
            <dst id="NYCMng">7587.256</dst>
            <dst id="SNVAng">1246.828</dst>
            <dst id="STTLng">7914.112</dst>
            <dst id="WASHng">50875.376</dst>
        </src>
        <src id="CHINng">
            <dst id="ATLA-M5">929.706666666667</dst>
            <dst id="ATLAng">15935.6826666667</dst>
            <dst id="CHINng">104628.216</dst>
            <dst id="DNVRng">20132.3493333333</dst>
            <dst id="HSTNng">6481.57866666667</dst>
            <dst id="IPLSng">32216.1226666667</dst>
            <dst id="KSCYng">6954.70666666667</dst>
            <dst id="LOSAng">32046.2373333333</dst>
            <dst id="NYCMng">9039.232</dst>
            <dst id="SNVAng">4062.32533333333</dst>
            <dst id="STTLng">14984.432</dst>
            <dst id="WASHng">12047.5146666667</dst>
        </src>
        <src id="DNVRng">
            <dst id="ATLA-M5">130.421333333333</dst>
            <dst id="ATLAng">4797.76533333333</dst>
            <dst id="CHINng">38969.432</dst>
            <dst id="DNVRng">11855.3306666667</dst>
            <dst id="HSTNng">12819.4506666667</dst>
            <dst id="IPLSng">28045.1626666667</dst>
            <dst id="KSCYng">20255.3653333333</dst>
            <dst id="LOSAng">32463.1013333333</dst>
            <dst id="NYCMng">4062.89866666667</dst>
            <dst id="SNVAng">10485.0506666667</dst>
            <dst id="STTLng">18351.8986666667</dst>
            <dst id="WASHng">15353.1733333333</dst>
        </src>
        <src id="HSTNng">
            <dst id="ATLA-M5">2876.37066666667</dst>
            <dst id="ATLAng">3215.888</dst>
            <dst id="CHINng">15301.464</dst>
            <dst id="DNVRng">1479.84</dst>
            <dst id="HSTNng">10205.3626666667</dst>
            <dst id="IPLSng">1105.82666666667</dst>
            <dst id="KSCYng">8003.32</dst>
            <dst id="LOSAng">3296.736</dst>
            <dst id="NYCMng">2413.568</dst>
            <dst id="SNVAng">161.962666666667</dst>
            <dst id="STTLng">3342.248</dst>
            <dst id="WASHng">2353.64</dst>
        </src>
        <src id="IPLSng">
            <dst id="ATLA-M5">338.010666666667</dst>
            <dst id="ATLAng">6492.67466666667</dst>
            <dst id="CHINng">82485.5973333333</dst>
            <dst id="DNVRng">6597.41333333333</dst>
            <dst id="HSTNng">552.296</dst>
            <dst id="IPLSng">56491.3066666667</dst>
            <dst id="KSCYng">10181.1466666667</dst>
            <dst id="LOSAng">13357.9306666667</dst>
            <dst id="NYCMng">9691.23466666667</dst>
            <dst id="SNVAng">305.296</dst>
            <dst id="STTLng">26236.504</dst>
            <dst id="WASHng">15455.0346666667</dst>
        </src>
        <src id="KSCYng">
            <dst id="ATLA-M5">80</dst>
            <dst id="ATLAng">5257.33866666667</dst>
            <dst id="CHINng">20634.0613333333</dst>
            <dst id="DNVRng">7951.85333333333</dst>
            <dst id="HSTNng">13721.096</dst>
            <dst id="IPLSng">12459.632</dst>
            <dst id="KSCYng">10598.64</dst>
            <dst id="LOSAng">5457.488</dst>
            <dst id="NYCMng">2582.2</dst>
            <dst id="SNVAng">2627.16533333333</dst>
            <dst id="STTLng">5537.48</dst>
            <dst id="WASHng">9227.872</dst>
        </src>
        <src id="LOSAng">
            <dst id="ATLA-M5">658.621333333333</dst>
            <dst id="ATLAng">44652.7093333333</dst>
            <dst id="CHINng">110574.906666667</dst>
            <dst id="DNVRng">11429.304</dst>
            <dst id="HSTNng">4129.104</dst>
            <dst id="IPLSng">7482.01066666667</dst>
            <dst id="KSCYng">3094.97066666667</dst>
            <dst id="LOSAng">9777.896</dst>
            <dst id="NYCMng">50713.3813333333</dst>
            <dst id="SNVAng">19373.384</dst>
            <dst id="STTLng">51518.92</dst>
            <dst id="WASHng">44030.3253333333</dst>
        </src>
        <src id="NYCMng">
            <dst id="ATLA-M5">272.162666666667</dst>
            <dst id="ATLAng">34792.9733333333</dst>
            <dst id="CHINng">33200.3866666667</dst>
            <dst id="DNVRng">16823.176</dst>
            <dst id="HSTNng">4598.24</dst>
            <dst id="IPLSng">15651.0533333333</dst>
            <dst id="KSCYng">3999.90133333333</dst>
            <dst id="LOSAng">60340.2293333333</dst>
            <dst id="NYCMng">98010.6293333333</dst>
            <dst id="SNVAng">440.426666666667</dst>
            <dst id="STTLng">35638.3066666667</dst>
            <dst id="WASHng">42720.0026666667</dst>
        </src>
        <src id="SNVAng">
            <dst id="ATLA-M5">0</dst>
            <dst id="ATLAng">278.325333333333</dst>
            <dst id="CHINng">26.6666666666667</dst>
            <dst id="DNVRng">1957.90933333333</dst>
            <dst id="HSTNng">0</dst>
            <dst id="IPLSng">329.186666666667</dst>
            <dst id="KSCYng">26.6666666666667</dst>
            <dst id="LOSAng">9251.17066666667</dst>
            <dst id="NYCMng">31.7706666666667</dst>
            <dst id="SNVAng">8764.04</dst>
            <dst id="STTLng">15229.5093333333</dst>
            <dst id="WASHng">58.6666666666667</dst>
        </src>
        <src id="STTLng">
            <dst id="ATLA-M5">605.554666666667</dst>
            <dst id="ATLAng">14490.1413333333</dst>
            <dst id="CHINng">35162.4746666667</dst>
            <dst id="DNVRng">3509.76</dst>
            <dst id="HSTNng">2769.672</dst>
            <dst id="IPLSng">12905.5546666667</dst>
            <dst id="KSCYng">4992.17333333333</dst>
            <dst id="LOSAng">31551.6106666667</dst>
            <dst id="NYCMng">9507.50666666666</dst>
            <dst id="SNVAng">1160.82933333333</dst>
            <dst id="STTLng">17186.9413333333</dst>
            <dst id="WASHng">15430.5146666667</dst>
        </src>
        <src id="WASHng">
            <dst id="ATLA-M5">1628.792</dst>
            <dst id="ATLAng">81819.1626666667</dst>
            <dst id="CHINng">62840.5786666667</dst>
            <dst id="DNVRng">64537.1866666667</dst>
            <dst id="HSTNng">22468.3066666667</dst>
            <dst id="IPLSng">34116.0293333333</dst>
            <dst id="KSCYng">22587.1093333333</dst>
            <dst id="LOSAng">72163.2373333333</dst>
            <dst id="NYCMng">149102.253333333</dst>
            <dst id="SNVAng">1223.112</dst>
            <dst id="STTLng">39971.048</dst>
            <dst id="WASHng">257880.202666667</dst>
        </src>
    </IntraTM>
</TrafficMatrixFile>
