<?xml version="1.0" encoding="ISO-8859-1" standalone="yes"?>
<TrafficMatrixFile xsi:noNamespaceSchemaLocation="http://totem.run.montefiore.ulg.ac.be/Schema/TrafficMatrix-v1_2.xsd" xmlns:xsi="http://www.w3.org/2001/XMLSchema-instance">
    <IntraTM ASID="11537">
        <src id="ATLA-M5">
            <dst id="ATLA-M5">53.3333333333333</dst>
            <dst id="ATLAng">1801.83733333333</dst>
            <dst id="CHINng">2894.28</dst>
            <dst id="DNVRng">540.853333333333</dst>
            <dst id="HSTNng">632.093333333333</dst>
            <dst id="IPLSng">1592.17866666667</dst>
            <dst id="KSCYng">594.277333333334</dst>
            <dst id="LOSAng">253.812</dst>
            <dst id="NYCMng">1691.576</dst>
            <dst id="SNVAng">144.694666666667</dst>
            <dst id="STTLng">749.346666666667</dst>
            <dst id="WASHng">1572.31733333333</dst>
        </src>
        <src id="ATLAng">
            <dst id="ATLA-M5">952.608</dst>
            <dst id="ATLAng">39844.8586666667</dst>
            <dst id="CHINng">13408.2613333333</dst>
            <dst id="DNVRng">5536.92</dst>
            <dst id="HSTNng">18666.4986666667</dst>
            <dst id="IPLSng">24160.4133333333</dst>
            <dst id="KSCYng">6993.816</dst>
            <dst id="LOSAng">47962.3466666667</dst>
            <dst id="NYCMng">14889.6613333333</dst>
            <dst id="SNVAng">1543.348</dst>
            <dst id="STTLng">15077.7253333333</dst>
            <dst id="WASHng">62220.6826666667</dst>
        </src>
        <src id="CHINng">
            <dst id="ATLA-M5">1417.47466666667</dst>
            <dst id="ATLAng">30137.8853333333</dst>
            <dst id="CHINng">221217.352</dst>
            <dst id="DNVRng">23665.9733333333</dst>
            <dst id="HSTNng">14928.216</dst>
            <dst id="IPLSng">126527.072</dst>
            <dst id="KSCYng">21220.2293333333</dst>
            <dst id="LOSAng">31978.136</dst>
            <dst id="NYCMng">14397.6</dst>
            <dst id="SNVAng">7976.32266666667</dst>
            <dst id="STTLng">33875.5306666667</dst>
            <dst id="WASHng">43670.5333333333</dst>
        </src>
        <src id="DNVRng">
            <dst id="ATLA-M5">268.416</dst>
            <dst id="ATLAng">7199.03466666667</dst>
            <dst id="CHINng">60574</dst>
            <dst id="DNVRng">28934.1333333333</dst>
            <dst id="HSTNng">21700.9093333333</dst>
            <dst id="IPLSng">15730.976</dst>
            <dst id="KSCYng">28130.512</dst>
            <dst id="LOSAng">15069.9893333333</dst>
            <dst id="NYCMng">6769.61066666666</dst>
            <dst id="SNVAng">20824.7413333333</dst>
            <dst id="STTLng">60828.568</dst>
            <dst id="WASHng">28607.3466666667</dst>
        </src>
        <src id="HSTNng">
            <dst id="ATLA-M5">2873.41333333333</dst>
            <dst id="ATLAng">5327.89866666667</dst>
            <dst id="CHINng">15091.3786666667</dst>
            <dst id="DNVRng">3947.57333333333</dst>
            <dst id="HSTNng">18354.2773333333</dst>
            <dst id="IPLSng">4119.39466666667</dst>
            <dst id="KSCYng">13849.7493333333</dst>
            <dst id="LOSAng">5917.528</dst>
            <dst id="NYCMng">6272.896</dst>
            <dst id="SNVAng">247.821333333333</dst>
            <dst id="STTLng">14856.4426666667</dst>
            <dst id="WASHng">15267.0853333333</dst>
        </src>
        <src id="IPLSng">
            <dst id="ATLA-M5">1185.184</dst>
            <dst id="ATLAng">16258.784</dst>
            <dst id="CHINng">98539.1706666667</dst>
            <dst id="DNVRng">10661.5546666667</dst>
            <dst id="HSTNng">2920.02933333333</dst>
            <dst id="IPLSng">33045.2426666667</dst>
            <dst id="KSCYng">7552.57866666667</dst>
            <dst id="LOSAng">21175.096</dst>
            <dst id="NYCMng">10631.2586666667</dst>
            <dst id="SNVAng">7732.02666666667</dst>
            <dst id="STTLng">27315.1386666667</dst>
            <dst id="WASHng">38655.8533333333</dst>
        </src>
        <src id="KSCYng">
            <dst id="ATLA-M5">558.757333333333</dst>
            <dst id="ATLAng">9311.74933333333</dst>
            <dst id="CHINng">34111.4026666667</dst>
            <dst id="DNVRng">11578.2026666667</dst>
            <dst id="HSTNng">6513.63466666667</dst>
            <dst id="IPLSng">18746.2666666667</dst>
            <dst id="KSCYng">18461.1093333333</dst>
            <dst id="LOSAng">4927.032</dst>
            <dst id="NYCMng">5313.33866666667</dst>
            <dst id="SNVAng">2848.18666666667</dst>
            <dst id="STTLng">13366.8053333333</dst>
            <dst id="WASHng">10772.8266666667</dst>
        </src>
        <src id="LOSAng">
            <dst id="ATLA-M5">334.397333333333</dst>
            <dst id="ATLAng">15253.0933333333</dst>
            <dst id="CHINng">110351.562666667</dst>
            <dst id="DNVRng">32416.8906666667</dst>
            <dst id="HSTNng">18491.088</dst>
            <dst id="IPLSng">54776.4933333333</dst>
            <dst id="KSCYng">8197.08</dst>
            <dst id="LOSAng">10526.6293333333</dst>
            <dst id="NYCMng">48213.3013333333</dst>
            <dst id="SNVAng">24727.5866666667</dst>
            <dst id="STTLng">67200.5573333333</dst>
            <dst id="WASHng">116350.605333333</dst>
        </src>
        <src id="NYCMng">
            <dst id="ATLA-M5">1643.28533333333</dst>
            <dst id="ATLAng">47797.5466666667</dst>
            <dst id="CHINng">30344.0826666667</dst>
            <dst id="DNVRng">38185.9173333333</dst>
            <dst id="HSTNng">32452.1066666667</dst>
            <dst id="IPLSng">43351.8613333333</dst>
            <dst id="KSCYng">18921.8586666667</dst>
            <dst id="LOSAng">65615.696</dst>
            <dst id="NYCMng">106555.925333333</dst>
            <dst id="SNVAng">9666.61333333333</dst>
            <dst id="STTLng">24836.0186666667</dst>
            <dst id="WASHng">140999.266666667</dst>
        </src>
        <src id="SNVAng">
            <dst id="ATLA-M5">0</dst>
            <dst id="ATLAng">53.3333333333333</dst>
            <dst id="CHINng">89.3333333333333</dst>
            <dst id="DNVRng">7174.208</dst>
            <dst id="HSTNng">89.824</dst>
            <dst id="IPLSng">554.170666666667</dst>
            <dst id="KSCYng">26.6666666666667</dst>
            <dst id="LOSAng">8171.04266666667</dst>
            <dst id="NYCMng">232.402666666667</dst>
            <dst id="SNVAng">10498.3093333333</dst>
            <dst id="STTLng">21159.984</dst>
            <dst id="WASHng">106.666666666667</dst>
        </src>
        <src id="STTLng">
            <dst id="ATLA-M5">862.4</dst>
            <dst id="ATLAng">33685.6</dst>
            <dst id="CHINng">48686.0346666667</dst>
            <dst id="DNVRng">36247.616</dst>
            <dst id="HSTNng">35831.84</dst>
            <dst id="IPLSng">55632.4</dst>
            <dst id="KSCYng">31424.472</dst>
            <dst id="LOSAng">17121.4346666667</dst>
            <dst id="NYCMng">22662.256</dst>
            <dst id="SNVAng">8337.90666666667</dst>
            <dst id="STTLng">48069.6426666667</dst>
            <dst id="WASHng">50023.8453333333</dst>
        </src>
        <src id="WASHng">
            <dst id="ATLA-M5">8599.27733333333</dst>
            <dst id="ATLAng">138212.322666667</dst>
            <dst id="CHINng">104275.058666667</dst>
            <dst id="DNVRng">118495.685333333</dst>
            <dst id="HSTNng">32159.0853333333</dst>
            <dst id="IPLSng">72300.448</dst>
            <dst id="KSCYng">27034.048</dst>
            <dst id="LOSAng">104045.045333333</dst>
            <dst id="NYCMng">169911.896</dst>
            <dst id="SNVAng">10495.0613333333</dst>
            <dst id="STTLng">72951.2773333333</dst>
            <dst id="WASHng">232110.832</dst>
        </src>
    </IntraTM>
</TrafficMatrixFile>
