<?xml version="1.0" encoding="ISO-8859-1" standalone="yes"?>
<TrafficMatrixFile xsi:noNamespaceSchemaLocation="http://totem.run.montefiore.ulg.ac.be/Schema/TrafficMatrix-v1_2.xsd" xmlns:xsi="http://www.w3.org/2001/XMLSchema-instance">
    <IntraTM ASID="11537">
        <src id="ATLA-M5">
            <dst id="ATLA-M5">26.6666666666667</dst>
            <dst id="ATLAng">670.418666666667</dst>
            <dst id="CHINng">1961.82666666667</dst>
            <dst id="DNVRng">80</dst>
            <dst id="HSTNng">675.328</dst>
            <dst id="IPLSng">1155.664</dst>
            <dst id="KSCYng">692.893333333333</dst>
            <dst id="LOSAng">151.097333333333</dst>
            <dst id="NYCMng">1461.91466666667</dst>
            <dst id="SNVAng">51.4173333333333</dst>
            <dst id="STTLng">984.426666666667</dst>
            <dst id="WASHng">911.608</dst>
        </src>
        <src id="ATLAng">
            <dst id="ATLA-M5">1999.09066666667</dst>
            <dst id="ATLAng">49953.16</dst>
            <dst id="CHINng">30968.0186666667</dst>
            <dst id="DNVRng">6344.64266666667</dst>
            <dst id="HSTNng">11854.7226666667</dst>
            <dst id="IPLSng">29906.9226666667</dst>
            <dst id="KSCYng">7887.41866666667</dst>
            <dst id="LOSAng">21565.9893333333</dst>
            <dst id="NYCMng">8394.54133333333</dst>
            <dst id="SNVAng">235.109333333333</dst>
            <dst id="STTLng">11553.528</dst>
            <dst id="WASHng">38810.424</dst>
        </src>
        <src id="CHINng">
            <dst id="ATLA-M5">2267.184</dst>
            <dst id="ATLAng">25906.4506666667</dst>
            <dst id="CHINng">273802.933333333</dst>
            <dst id="DNVRng">14447.0906666667</dst>
            <dst id="HSTNng">13892.6613333333</dst>
            <dst id="IPLSng">55213.4453333333</dst>
            <dst id="KSCYng">21937.7786666667</dst>
            <dst id="LOSAng">47436.7333333333</dst>
            <dst id="NYCMng">20683.12</dst>
            <dst id="SNVAng">7131.42933333333</dst>
            <dst id="STTLng">26771.9066666667</dst>
            <dst id="WASHng">34203.4506666667</dst>
        </src>
        <src id="DNVRng">
            <dst id="ATLA-M5">322.805333333333</dst>
            <dst id="ATLAng">6407.8</dst>
            <dst id="CHINng">24981.992</dst>
            <dst id="DNVRng">9855.22933333333</dst>
            <dst id="HSTNng">13638.904</dst>
            <dst id="IPLSng">10888.3066666667</dst>
            <dst id="KSCYng">14481.72</dst>
            <dst id="LOSAng">13425.2373333333</dst>
            <dst id="NYCMng">7553.68</dst>
            <dst id="SNVAng">32993.8346666667</dst>
            <dst id="STTLng">34596.072</dst>
            <dst id="WASHng">28788.7146666667</dst>
        </src>
        <src id="HSTNng">
            <dst id="ATLA-M5">931.621333333333</dst>
            <dst id="ATLAng">4574.42133333333</dst>
            <dst id="CHINng">13805.1173333333</dst>
            <dst id="DNVRng">1513.424</dst>
            <dst id="HSTNng">15009.4613333333</dst>
            <dst id="IPLSng">6195.44</dst>
            <dst id="KSCYng">10869.7973333333</dst>
            <dst id="LOSAng">6184.76</dst>
            <dst id="NYCMng">2948.58933333333</dst>
            <dst id="SNVAng">38.1866666666667</dst>
            <dst id="STTLng">7650.088</dst>
            <dst id="WASHng">9582.31733333333</dst>
        </src>
        <src id="IPLSng">
            <dst id="ATLA-M5">634.365333333333</dst>
            <dst id="ATLAng">15469.672</dst>
            <dst id="CHINng">43660.5333333333</dst>
            <dst id="DNVRng">10234.3066666667</dst>
            <dst id="HSTNng">8812.184</dst>
            <dst id="IPLSng">19040.2506666667</dst>
            <dst id="KSCYng">7843.14933333333</dst>
            <dst id="LOSAng">14533.048</dst>
            <dst id="NYCMng">7742.12533333333</dst>
            <dst id="SNVAng">1760.09333333333</dst>
            <dst id="STTLng">32796.224</dst>
            <dst id="WASHng">26792.0186666667</dst>
        </src>
        <src id="KSCYng">
            <dst id="ATLA-M5">370.010666666667</dst>
            <dst id="ATLAng">8074.28</dst>
            <dst id="CHINng">25845.1386666667</dst>
            <dst id="DNVRng">7684.36</dst>
            <dst id="HSTNng">5600.61066666667</dst>
            <dst id="IPLSng">20324.592</dst>
            <dst id="KSCYng">14061.192</dst>
            <dst id="LOSAng">6720.464</dst>
            <dst id="NYCMng">10238.3066666667</dst>
            <dst id="SNVAng">2944.176</dst>
            <dst id="STTLng">11658.9173333333</dst>
            <dst id="WASHng">17012.4346666667</dst>
        </src>
        <src id="LOSAng">
            <dst id="ATLA-M5">216.224</dst>
            <dst id="ATLAng">15042.4133333333</dst>
            <dst id="CHINng">80450.5466666667</dst>
            <dst id="DNVRng">29158.6586666667</dst>
            <dst id="HSTNng">41456.9973333333</dst>
            <dst id="IPLSng">42841.5493333333</dst>
            <dst id="KSCYng">7804.78933333333</dst>
            <dst id="LOSAng">15860.8453333333</dst>
            <dst id="NYCMng">40035.3493333333</dst>
            <dst id="SNVAng">18671.7626666667</dst>
            <dst id="STTLng">60053.7786666667</dst>
            <dst id="WASHng">60807.6293333334</dst>
        </src>
        <src id="NYCMng">
            <dst id="ATLA-M5">2308.352</dst>
            <dst id="ATLAng">35934.2693333333</dst>
            <dst id="CHINng">30372.7493333333</dst>
            <dst id="DNVRng">25192.6053333333</dst>
            <dst id="HSTNng">13409.8133333333</dst>
            <dst id="IPLSng">26803.84</dst>
            <dst id="KSCYng">12138.9413333333</dst>
            <dst id="LOSAng">66830.5066666667</dst>
            <dst id="NYCMng">86232.792</dst>
            <dst id="SNVAng">2845.336</dst>
            <dst id="STTLng">25248.984</dst>
            <dst id="WASHng">109303.842666667</dst>
        </src>
        <src id="SNVAng">
            <dst id="ATLA-M5">0</dst>
            <dst id="ATLAng">705.989333333333</dst>
            <dst id="CHINng">53.3333333333333</dst>
            <dst id="DNVRng">1197.44266666667</dst>
            <dst id="HSTNng">53.3333333333333</dst>
            <dst id="IPLSng">394.666666666667</dst>
            <dst id="KSCYng">0</dst>
            <dst id="LOSAng">9380.30933333333</dst>
            <dst id="NYCMng">456.666666666667</dst>
            <dst id="SNVAng">10832.0266666667</dst>
            <dst id="STTLng">18775.0586666667</dst>
            <dst id="WASHng">420.616</dst>
        </src>
        <src id="STTLng">
            <dst id="ATLA-M5">1563.496</dst>
            <dst id="ATLAng">23452.8906666667</dst>
            <dst id="CHINng">27375.2293333333</dst>
            <dst id="DNVRng">18799.4186666667</dst>
            <dst id="HSTNng">9999.90933333333</dst>
            <dst id="IPLSng">38973.88</dst>
            <dst id="KSCYng">24048.888</dst>
            <dst id="LOSAng">44150.2453333333</dst>
            <dst id="NYCMng">13427.464</dst>
            <dst id="SNVAng">6485.73333333333</dst>
            <dst id="STTLng">25273.584</dst>
            <dst id="WASHng">34704.6106666667</dst>
        </src>
        <src id="WASHng">
            <dst id="ATLA-M5">3893.02933333333</dst>
            <dst id="ATLAng">122698.210666667</dst>
            <dst id="CHINng">81438.648</dst>
            <dst id="DNVRng">69826.7306666667</dst>
            <dst id="HSTNng">39376.0186666667</dst>
            <dst id="IPLSng">51300.5146666667</dst>
            <dst id="KSCYng">29314.7626666667</dst>
            <dst id="LOSAng">88833.5333333334</dst>
            <dst id="NYCMng">215611.690666667</dst>
            <dst id="SNVAng">6901.816</dst>
            <dst id="STTLng">51320.5946666667</dst>
            <dst id="WASHng">259637.952</dst>
        </src>
    </IntraTM>
</TrafficMatrixFile>
