<?xml version="1.0" encoding="ISO-8859-1" standalone="yes"?>
<TrafficMatrixFile xsi:noNamespaceSchemaLocation="http://totem.run.montefiore.ulg.ac.be/Schema/TrafficMatrix-v1_2.xsd" xmlns:xsi="http://www.w3.org/2001/XMLSchema-instance">
    <IntraTM ASID="11537">
        <src id="ATLA-M5">
            <dst id="ATLA-M5">1055.82133333333</dst>
            <dst id="ATLAng">1744.504</dst>
            <dst id="CHINng">1459.41866666667</dst>
            <dst id="DNVRng">113.792</dst>
            <dst id="HSTNng">281.378666666667</dst>
            <dst id="IPLSng">1684.74133333333</dst>
            <dst id="KSCYng">302.282666666667</dst>
            <dst id="LOSAng">125.888</dst>
            <dst id="NYCMng">925.546666666667</dst>
            <dst id="SNVAng">40</dst>
            <dst id="STTLng">1048.80533333333</dst>
            <dst id="WASHng">1260.33866666667</dst>
        </src>
        <src id="ATLAng">
            <dst id="ATLA-M5">935.405333333333</dst>
            <dst id="ATLAng">35357.544</dst>
            <dst id="CHINng">26272.264</dst>
            <dst id="DNVRng">7813.552</dst>
            <dst id="HSTNng">28057.5226666667</dst>
            <dst id="IPLSng">28075.616</dst>
            <dst id="KSCYng">6733.52</dst>
            <dst id="LOSAng">10472.4426666667</dst>
            <dst id="NYCMng">21270.52</dst>
            <dst id="SNVAng">2132.98933333333</dst>
            <dst id="STTLng">24291.224</dst>
            <dst id="WASHng">71346.096</dst>
        </src>
        <src id="CHINng">
            <dst id="ATLA-M5">744.122666666667</dst>
            <dst id="ATLAng">26202.592</dst>
            <dst id="CHINng">165077.312</dst>
            <dst id="DNVRng">20389.7866666667</dst>
            <dst id="HSTNng">5581.37333333333</dst>
            <dst id="IPLSng">82844.6693333333</dst>
            <dst id="KSCYng">32056.776</dst>
            <dst id="LOSAng">42114.6053333333</dst>
            <dst id="NYCMng">30461.9946666667</dst>
            <dst id="SNVAng">4491.89333333333</dst>
            <dst id="STTLng">32236.5786666667</dst>
            <dst id="WASHng">36155.9253333333</dst>
        </src>
        <src id="DNVRng">
            <dst id="ATLA-M5">269.776</dst>
            <dst id="ATLAng">11921.9413333333</dst>
            <dst id="CHINng">55126.8453333333</dst>
            <dst id="DNVRng">20660.096</dst>
            <dst id="HSTNng">11316.1893333333</dst>
            <dst id="IPLSng">18324.2933333333</dst>
            <dst id="KSCYng">36651.6586666667</dst>
            <dst id="LOSAng">26113.312</dst>
            <dst id="NYCMng">14605.3386666667</dst>
            <dst id="SNVAng">15245.3306666667</dst>
            <dst id="STTLng">21627.5786666667</dst>
            <dst id="WASHng">32898.0826666667</dst>
        </src>
        <src id="HSTNng">
            <dst id="ATLA-M5">2303.36</dst>
            <dst id="ATLAng">11284.728</dst>
            <dst id="CHINng">14851.4133333333</dst>
            <dst id="DNVRng">1893.528</dst>
            <dst id="HSTNng">22152.5733333333</dst>
            <dst id="IPLSng">7782.22933333333</dst>
            <dst id="KSCYng">12909.7413333333</dst>
            <dst id="LOSAng">7849.87733333333</dst>
            <dst id="NYCMng">5971.77066666667</dst>
            <dst id="SNVAng">3468.41333333333</dst>
            <dst id="STTLng">13650.0826666667</dst>
            <dst id="WASHng">8910.58933333334</dst>
        </src>
        <src id="IPLSng">
            <dst id="ATLA-M5">908.842666666667</dst>
            <dst id="ATLAng">24934.6986666667</dst>
            <dst id="CHINng">109600.698666667</dst>
            <dst id="DNVRng">6034.06666666667</dst>
            <dst id="HSTNng">7360.83466666667</dst>
            <dst id="IPLSng">15731.96</dst>
            <dst id="KSCYng">13397.4853333333</dst>
            <dst id="LOSAng">25740.136</dst>
            <dst id="NYCMng">12389.4453333333</dst>
            <dst id="SNVAng">3711.56266666667</dst>
            <dst id="STTLng">35078.7066666667</dst>
            <dst id="WASHng">36822.6026666667</dst>
        </src>
        <src id="KSCYng">
            <dst id="ATLA-M5">1186.94133333333</dst>
            <dst id="ATLAng">12743.4346666667</dst>
            <dst id="CHINng">27642.2133333333</dst>
            <dst id="DNVRng">13919.4693333333</dst>
            <dst id="HSTNng">3575.61866666667</dst>
            <dst id="IPLSng">17043.6773333333</dst>
            <dst id="KSCYng">17850.864</dst>
            <dst id="LOSAng">7438.26133333333</dst>
            <dst id="NYCMng">8326.61333333333</dst>
            <dst id="SNVAng">1556.53333333333</dst>
            <dst id="STTLng">15043.9146666667</dst>
            <dst id="WASHng">18408.5306666667</dst>
        </src>
        <src id="LOSAng">
            <dst id="ATLA-M5">258.688</dst>
            <dst id="ATLAng">18524.584</dst>
            <dst id="CHINng">131129.501333333</dst>
            <dst id="DNVRng">33614.56</dst>
            <dst id="HSTNng">12551.8</dst>
            <dst id="IPLSng">25026.032</dst>
            <dst id="KSCYng">16793.424</dst>
            <dst id="LOSAng">11424.68</dst>
            <dst id="NYCMng">47020.8213333333</dst>
            <dst id="SNVAng">27703.3253333333</dst>
            <dst id="STTLng">73052.3173333333</dst>
            <dst id="WASHng">66095.6906666666</dst>
        </src>
        <src id="NYCMng">
            <dst id="ATLA-M5">1833.35733333333</dst>
            <dst id="ATLAng">52825.736</dst>
            <dst id="CHINng">42654.0586666667</dst>
            <dst id="DNVRng">29888.464</dst>
            <dst id="HSTNng">13424.552</dst>
            <dst id="IPLSng">28422.1466666667</dst>
            <dst id="KSCYng">21154.1813333333</dst>
            <dst id="LOSAng">74975.1413333333</dst>
            <dst id="NYCMng">224047.808</dst>
            <dst id="SNVAng">6992.08</dst>
            <dst id="STTLng">21369.112</dst>
            <dst id="WASHng">185942.477333333</dst>
        </src>
        <src id="SNVAng">
            <dst id="ATLA-M5">0</dst>
            <dst id="ATLAng">80</dst>
            <dst id="CHINng">130.154666666667</dst>
            <dst id="DNVRng">7332.77866666667</dst>
            <dst id="HSTNng">5949.472</dst>
            <dst id="IPLSng">681.666666666667</dst>
            <dst id="KSCYng">80</dst>
            <dst id="LOSAng">9406.688</dst>
            <dst id="NYCMng">196.445333333333</dst>
            <dst id="SNVAng">8367.496</dst>
            <dst id="STTLng">14667.8826666667</dst>
            <dst id="WASHng">53.3333333333333</dst>
        </src>
        <src id="STTLng">
            <dst id="ATLA-M5">3397.18933333333</dst>
            <dst id="ATLAng">56222.3173333333</dst>
            <dst id="CHINng">112437.498666667</dst>
            <dst id="DNVRng">43288.4186666667</dst>
            <dst id="HSTNng">38786.4826666667</dst>
            <dst id="IPLSng">80352.464</dst>
            <dst id="KSCYng">68376.4906666667</dst>
            <dst id="LOSAng">30139.2293333333</dst>
            <dst id="NYCMng">31560.4453333333</dst>
            <dst id="SNVAng">8917.97333333333</dst>
            <dst id="STTLng">23191.088</dst>
            <dst id="WASHng">100495.522666667</dst>
        </src>
        <src id="WASHng">
            <dst id="ATLA-M5">3349.144</dst>
            <dst id="ATLAng">110252.461333333</dst>
            <dst id="CHINng">98931.064</dst>
            <dst id="DNVRng">54119.1306666667</dst>
            <dst id="HSTNng">42243.9946666667</dst>
            <dst id="IPLSng">78125.568</dst>
            <dst id="KSCYng">25406.7493333333</dst>
            <dst id="LOSAng">100928.290666667</dst>
            <dst id="NYCMng">208578.624</dst>
            <dst id="SNVAng">4611.76533333333</dst>
            <dst id="STTLng">61709.0346666667</dst>
            <dst id="WASHng">298398.24</dst>
        </src>
    </IntraTM>
</TrafficMatrixFile>
