<?xml version="1.0" encoding="ISO-8859-1" standalone="yes"?>
<TrafficMatrixFile xsi:noNamespaceSchemaLocation="http://totem.run.montefiore.ulg.ac.be/Schema/TrafficMatrix-v1_2.xsd" xmlns:xsi="http://www.w3.org/2001/XMLSchema-instance">
    <IntraTM ASID="11537">
        <src id="ATLA-M5">
            <dst id="ATLA-M5">156.325333333333</dst>
            <dst id="ATLAng">1539.696</dst>
            <dst id="CHINng">1651.03733333333</dst>
            <dst id="DNVRng">133.333333333333</dst>
            <dst id="HSTNng">182.592</dst>
            <dst id="IPLSng">1007.79466666667</dst>
            <dst id="KSCYng">1065.46933333333</dst>
            <dst id="LOSAng">26.6666666666667</dst>
            <dst id="NYCMng">1232.09866666667</dst>
            <dst id="SNVAng">0</dst>
            <dst id="STTLng">379.456</dst>
            <dst id="WASHng">1238.03733333333</dst>
        </src>
        <src id="ATLAng">
            <dst id="ATLA-M5">1788.72533333333</dst>
            <dst id="ATLAng">50298.9066666667</dst>
            <dst id="CHINng">32767.0773333333</dst>
            <dst id="DNVRng">7318.256</dst>
            <dst id="HSTNng">8740.248</dst>
            <dst id="IPLSng">20127.52</dst>
            <dst id="KSCYng">5320.83466666667</dst>
            <dst id="LOSAng">19895.1933333333</dst>
            <dst id="NYCMng">8666.08</dst>
            <dst id="SNVAng">934.998666666667</dst>
            <dst id="STTLng">13622.0266666667</dst>
            <dst id="WASHng">29888.6666666667</dst>
        </src>
        <src id="CHINng">
            <dst id="ATLA-M5">2289.39733333333</dst>
            <dst id="ATLAng">25867.12</dst>
            <dst id="CHINng">119291.293333333</dst>
            <dst id="DNVRng">29335.8186666667</dst>
            <dst id="HSTNng">13570.0533333333</dst>
            <dst id="IPLSng">51258.8506666667</dst>
            <dst id="KSCYng">17863.6853333333</dst>
            <dst id="LOSAng">62117.4453333333</dst>
            <dst id="NYCMng">18517.5893333333</dst>
            <dst id="SNVAng">5562.688</dst>
            <dst id="STTLng">24930.24</dst>
            <dst id="WASHng">34609.7706666667</dst>
        </src>
        <src id="DNVRng">
            <dst id="ATLA-M5">750.776</dst>
            <dst id="ATLAng">6350.89866666667</dst>
            <dst id="CHINng">30903.4693333333</dst>
            <dst id="DNVRng">14105.736</dst>
            <dst id="HSTNng">16517.5146666667</dst>
            <dst id="IPLSng">10341.32</dst>
            <dst id="KSCYng">37079.8106666667</dst>
            <dst id="LOSAng">16374.8933333333</dst>
            <dst id="NYCMng">6794.79466666666</dst>
            <dst id="SNVAng">14463.5866666667</dst>
            <dst id="STTLng">38304.8426666667</dst>
            <dst id="WASHng">24976.3573333333</dst>
        </src>
        <src id="HSTNng">
            <dst id="ATLA-M5">429.16</dst>
            <dst id="ATLAng">3867.70133333333</dst>
            <dst id="CHINng">15315.048</dst>
            <dst id="DNVRng">2239.904</dst>
            <dst id="HSTNng">15040.2693333333</dst>
            <dst id="IPLSng">7680.408</dst>
            <dst id="KSCYng">11006.0186666667</dst>
            <dst id="LOSAng">8271.71466666667</dst>
            <dst id="NYCMng">3830.11733333333</dst>
            <dst id="SNVAng">53.3333333333333</dst>
            <dst id="STTLng">7327.18666666667</dst>
            <dst id="WASHng">7707.80533333333</dst>
        </src>
        <src id="IPLSng">
            <dst id="ATLA-M5">425.968</dst>
            <dst id="ATLAng">15858.1706666667</dst>
            <dst id="CHINng">54307.9253333333</dst>
            <dst id="DNVRng">5823.90933333333</dst>
            <dst id="HSTNng">3956.19466666667</dst>
            <dst id="IPLSng">10962.9493333333</dst>
            <dst id="KSCYng">8538.424</dst>
            <dst id="LOSAng">12129.24</dst>
            <dst id="NYCMng">10620.8773333333</dst>
            <dst id="SNVAng">1393.064</dst>
            <dst id="STTLng">31989.0906666667</dst>
            <dst id="WASHng">19952.4533333333</dst>
        </src>
        <src id="KSCYng">
            <dst id="ATLA-M5">383.757333333333</dst>
            <dst id="ATLAng">6123.72533333333</dst>
            <dst id="CHINng">20949.0053333333</dst>
            <dst id="DNVRng">10239.6426666667</dst>
            <dst id="HSTNng">4856.66666666667</dst>
            <dst id="IPLSng">23979.728</dst>
            <dst id="KSCYng">17193.2373333333</dst>
            <dst id="LOSAng">4579.87466666667</dst>
            <dst id="NYCMng">12619.12</dst>
            <dst id="SNVAng">2997.01066666667</dst>
            <dst id="STTLng">11467.4026666667</dst>
            <dst id="WASHng">16884.0133333333</dst>
        </src>
        <src id="LOSAng">
            <dst id="ATLA-M5">665.354666666667</dst>
            <dst id="ATLAng">13045.9146666667</dst>
            <dst id="CHINng">74952.368</dst>
            <dst id="DNVRng">32485.6693333333</dst>
            <dst id="HSTNng">36204.5173333333</dst>
            <dst id="IPLSng">34462.5946666667</dst>
            <dst id="KSCYng">8285.408</dst>
            <dst id="LOSAng">16637.3093333333</dst>
            <dst id="NYCMng">36457.9386666667</dst>
            <dst id="SNVAng">25168.5706666667</dst>
            <dst id="STTLng">57916.312</dst>
            <dst id="WASHng">64064.9866666667</dst>
        </src>
        <src id="NYCMng">
            <dst id="ATLA-M5">1262.89066666667</dst>
            <dst id="ATLAng">28127.92</dst>
            <dst id="CHINng">32507.6133333333</dst>
            <dst id="DNVRng">25885.2426666667</dst>
            <dst id="HSTNng">14147.544</dst>
            <dst id="IPLSng">34568.9226666667</dst>
            <dst id="KSCYng">10613.5946666667</dst>
            <dst id="LOSAng">69514.848</dst>
            <dst id="NYCMng">94189.3626666667</dst>
            <dst id="SNVAng">3896.472</dst>
            <dst id="STTLng">31285.5546666667</dst>
            <dst id="WASHng">89018.68</dst>
        </src>
        <src id="SNVAng">
            <dst id="ATLA-M5">0</dst>
            <dst id="ATLAng">720.522666666667</dst>
            <dst id="CHINng">53.3333333333333</dst>
            <dst id="DNVRng">1330.98133333333</dst>
            <dst id="HSTNng">0</dst>
            <dst id="IPLSng">535.410666666667</dst>
            <dst id="KSCYng">0</dst>
            <dst id="LOSAng">9525.664</dst>
            <dst id="NYCMng">338.512</dst>
            <dst id="SNVAng">7243.82133333334</dst>
            <dst id="STTLng">18443.0346666667</dst>
            <dst id="WASHng">106.690666666667</dst>
        </src>
        <src id="STTLng">
            <dst id="ATLA-M5">1693.35466666667</dst>
            <dst id="ATLAng">20437.0613333333</dst>
            <dst id="CHINng">31892.2053333333</dst>
            <dst id="DNVRng">20078.4666666667</dst>
            <dst id="HSTNng">9335.16</dst>
            <dst id="IPLSng">40183.752</dst>
            <dst id="KSCYng">24204.832</dst>
            <dst id="LOSAng">49744.68</dst>
            <dst id="NYCMng">12199.4293333333</dst>
            <dst id="SNVAng">4851.224</dst>
            <dst id="STTLng">30873.5386666667</dst>
            <dst id="WASHng">27926.1813333333</dst>
        </src>
        <src id="WASHng">
            <dst id="ATLA-M5">2345.23466666667</dst>
            <dst id="ATLAng">134193.432</dst>
            <dst id="CHINng">94426.3733333333</dst>
            <dst id="DNVRng">76960.7813333333</dst>
            <dst id="HSTNng">34485.2666666667</dst>
            <dst id="IPLSng">50886.568</dst>
            <dst id="KSCYng">27048.4213333333</dst>
            <dst id="LOSAng">76954.2586666667</dst>
            <dst id="NYCMng">192133.261333333</dst>
            <dst id="SNVAng">6076.448</dst>
            <dst id="STTLng">56554.7626666667</dst>
            <dst id="WASHng">219121.997333333</dst>
        </src>
    </IntraTM>
</TrafficMatrixFile>
