<?xml version="1.0" encoding="ISO-8859-1" standalone="yes"?>
<TrafficMatrixFile xsi:noNamespaceSchemaLocation="http://totem.run.montefiore.ulg.ac.be/Schema/TrafficMatrix-v1_2.xsd" xmlns:xsi="http://www.w3.org/2001/XMLSchema-instance">
    <IntraTM ASID="11537">
        <src id="ATLA-M5">
            <dst id="ATLA-M5">0</dst>
            <dst id="ATLAng">177.784</dst>
            <dst id="CHINng">904.450666666667</dst>
            <dst id="DNVRng">26.6666666666667</dst>
            <dst id="HSTNng">53.3333333333333</dst>
            <dst id="IPLSng">496.941333333333</dst>
            <dst id="KSCYng">37.1066666666667</dst>
            <dst id="LOSAng">257.681333333333</dst>
            <dst id="NYCMng">1505.232</dst>
            <dst id="SNVAng">14.9373333333333</dst>
            <dst id="STTLng">870.712</dst>
            <dst id="WASHng">1793.61866666667</dst>
        </src>
        <src id="ATLAng">
            <dst id="ATLA-M5">253.109333333333</dst>
            <dst id="ATLAng">32944.424</dst>
            <dst id="CHINng">16712.664</dst>
            <dst id="DNVRng">5471.02133333333</dst>
            <dst id="HSTNng">27908.9066666667</dst>
            <dst id="IPLSng">27995.2133333333</dst>
            <dst id="KSCYng">2091.864</dst>
            <dst id="LOSAng">14686.692</dst>
            <dst id="NYCMng">10051.936</dst>
            <dst id="SNVAng">654.521333333333</dst>
            <dst id="STTLng">19589.7333333333</dst>
            <dst id="WASHng">65369.792</dst>
        </src>
        <src id="CHINng">
            <dst id="ATLA-M5">259.352</dst>
            <dst id="ATLAng">30182.2746666667</dst>
            <dst id="CHINng">124874.176</dst>
            <dst id="DNVRng">17851.5866666667</dst>
            <dst id="HSTNng">9998.17066666667</dst>
            <dst id="IPLSng">34536.9733333333</dst>
            <dst id="KSCYng">17995.848</dst>
            <dst id="LOSAng">21249.0986666667</dst>
            <dst id="NYCMng">14803.744</dst>
            <dst id="SNVAng">3795.22666666667</dst>
            <dst id="STTLng">29000.112</dst>
            <dst id="WASHng">18922.192</dst>
        </src>
        <src id="DNVRng">
            <dst id="ATLA-M5">343.322666666667</dst>
            <dst id="ATLAng">6994.13066666667</dst>
            <dst id="CHINng">38837.5653333333</dst>
            <dst id="DNVRng">9788.12266666667</dst>
            <dst id="HSTNng">15414.224</dst>
            <dst id="IPLSng">23929.1973333333</dst>
            <dst id="KSCYng">34593.4426666667</dst>
            <dst id="LOSAng">7121.65066666667</dst>
            <dst id="NYCMng">7184.42933333333</dst>
            <dst id="SNVAng">10369.1386666667</dst>
            <dst id="STTLng">12180.0053333333</dst>
            <dst id="WASHng">22141.888</dst>
        </src>
        <src id="HSTNng">
            <dst id="ATLA-M5">382.232</dst>
            <dst id="ATLAng">6582.17066666667</dst>
            <dst id="CHINng">19911.6506666667</dst>
            <dst id="DNVRng">10632.6746666667</dst>
            <dst id="HSTNng">10007.112</dst>
            <dst id="IPLSng">3765.83466666667</dst>
            <dst id="KSCYng">11005.256</dst>
            <dst id="LOSAng">3130.272</dst>
            <dst id="NYCMng">2971.41866666667</dst>
            <dst id="SNVAng">1950.93333333333</dst>
            <dst id="STTLng">11437.696</dst>
            <dst id="WASHng">11264.2506666667</dst>
        </src>
        <src id="IPLSng">
            <dst id="ATLA-M5">131.565333333333</dst>
            <dst id="ATLAng">10096.0613333333</dst>
            <dst id="CHINng">80878.848</dst>
            <dst id="DNVRng">4357.06933333333</dst>
            <dst id="HSTNng">2633.64266666667</dst>
            <dst id="IPLSng">35501.6826666667</dst>
            <dst id="KSCYng">9189.16</dst>
            <dst id="LOSAng">20199.3786666667</dst>
            <dst id="NYCMng">11914.64</dst>
            <dst id="SNVAng">683.626666666667</dst>
            <dst id="STTLng">28297.0373333333</dst>
            <dst id="WASHng">20367.776</dst>
        </src>
        <src id="KSCYng">
            <dst id="ATLA-M5">81.1413333333333</dst>
            <dst id="ATLAng">7028.70133333333</dst>
            <dst id="CHINng">33112.2266666667</dst>
            <dst id="DNVRng">9613.82666666667</dst>
            <dst id="HSTNng">5243.87733333333</dst>
            <dst id="IPLSng">15477.0213333333</dst>
            <dst id="KSCYng">13390.7066666667</dst>
            <dst id="LOSAng">3127.57066666667</dst>
            <dst id="NYCMng">6046.864</dst>
            <dst id="SNVAng">2012.03466666667</dst>
            <dst id="STTLng">23870.016</dst>
            <dst id="WASHng">8159.28</dst>
        </src>
        <src id="LOSAng">
            <dst id="ATLA-M5">101.552</dst>
            <dst id="ATLAng">19568.3573333333</dst>
            <dst id="CHINng">86460.336</dst>
            <dst id="DNVRng">5400.824</dst>
            <dst id="HSTNng">5255.744</dst>
            <dst id="IPLSng">14656.872</dst>
            <dst id="KSCYng">15389.4266666667</dst>
            <dst id="LOSAng">7563.81066666666</dst>
            <dst id="NYCMng">31578.4133333333</dst>
            <dst id="SNVAng">20378.0853333333</dst>
            <dst id="STTLng">44173.3146666667</dst>
            <dst id="WASHng">35724.2026666667</dst>
        </src>
        <src id="NYCMng">
            <dst id="ATLA-M5">410.066666666667</dst>
            <dst id="ATLAng">31879.1653333333</dst>
            <dst id="CHINng">43488.0773333333</dst>
            <dst id="DNVRng">20154.8693333333</dst>
            <dst id="HSTNng">15064.816</dst>
            <dst id="IPLSng">20899.1253333333</dst>
            <dst id="KSCYng">13129.048</dst>
            <dst id="LOSAng">40684.7866666667</dst>
            <dst id="NYCMng">114359.488</dst>
            <dst id="SNVAng">2735.104</dst>
            <dst id="STTLng">23111.792</dst>
            <dst id="WASHng">58160.7493333333</dst>
        </src>
        <src id="SNVAng">
            <dst id="ATLA-M5">0</dst>
            <dst id="ATLAng">130.293333333333</dst>
            <dst id="CHINng">29.272</dst>
            <dst id="DNVRng">4630.80266666667</dst>
            <dst id="HSTNng">191.194666666667</dst>
            <dst id="IPLSng">496.850666666666</dst>
            <dst id="KSCYng">0</dst>
            <dst id="LOSAng">4854.81066666667</dst>
            <dst id="NYCMng">40.312</dst>
            <dst id="SNVAng">6163.73066666667</dst>
            <dst id="STTLng">14927.3013333333</dst>
            <dst id="WASHng">26.6666666666667</dst>
        </src>
        <src id="STTLng">
            <dst id="ATLA-M5">2719.98133333333</dst>
            <dst id="ATLAng">50690.44</dst>
            <dst id="CHINng">101897.138666667</dst>
            <dst id="DNVRng">19024.8266666667</dst>
            <dst id="HSTNng">22933.9093333333</dst>
            <dst id="IPLSng">69029.8693333333</dst>
            <dst id="KSCYng">62115.5066666667</dst>
            <dst id="LOSAng">19572.024</dst>
            <dst id="NYCMng">22756.7093333333</dst>
            <dst id="SNVAng">1360.33333333333</dst>
            <dst id="STTLng">18713.7653333333</dst>
            <dst id="WASHng">95137.3093333333</dst>
        </src>
        <src id="WASHng">
            <dst id="ATLA-M5">1516.27733333333</dst>
            <dst id="ATLAng">115797.533333333</dst>
            <dst id="CHINng">75792.544</dst>
            <dst id="DNVRng">52313.8026666667</dst>
            <dst id="HSTNng">18081.0746666667</dst>
            <dst id="IPLSng">60440.8693333333</dst>
            <dst id="KSCYng">15689.5386666667</dst>
            <dst id="LOSAng">66568.7546666667</dst>
            <dst id="NYCMng">143510.202666667</dst>
            <dst id="SNVAng">4358.09066666667</dst>
            <dst id="STTLng">56341.6</dst>
            <dst id="WASHng">327279.733333333</dst>
        </src>
    </IntraTM>
</TrafficMatrixFile>
