<?xml version="1.0" encoding="ISO-8859-1" standalone="yes"?>
<TrafficMatrixFile xsi:noNamespaceSchemaLocation="http://totem.run.montefiore.ulg.ac.be/Schema/TrafficMatrix-v1_2.xsd" xmlns:xsi="http://www.w3.org/2001/XMLSchema-instance">
    <IntraTM ASID="11537">
        <src id="ATLA-M5">
            <dst id="ATLA-M5">489.234666666667</dst>
            <dst id="ATLAng">1102.024</dst>
            <dst id="CHINng">1945.46666666667</dst>
            <dst id="DNVRng">53.3333333333333</dst>
            <dst id="HSTNng">188.821333333333</dst>
            <dst id="IPLSng">1272.008</dst>
            <dst id="KSCYng">599.690666666667</dst>
            <dst id="LOSAng">40</dst>
            <dst id="NYCMng">1875.89866666667</dst>
            <dst id="SNVAng">13.3333333333333</dst>
            <dst id="STTLng">739.8</dst>
            <dst id="WASHng">1213.744</dst>
        </src>
        <src id="ATLAng">
            <dst id="ATLA-M5">606.490666666667</dst>
            <dst id="ATLAng">51448.8613333333</dst>
            <dst id="CHINng">40089.1093333333</dst>
            <dst id="DNVRng">7980.728</dst>
            <dst id="HSTNng">16338.0986666667</dst>
            <dst id="IPLSng">16834.0613333333</dst>
            <dst id="KSCYng">20552.08</dst>
            <dst id="LOSAng">15937.5653333333</dst>
            <dst id="NYCMng">6783.848</dst>
            <dst id="SNVAng">1195.78133333333</dst>
            <dst id="STTLng">9521.05066666666</dst>
            <dst id="WASHng">44914.0933333333</dst>
        </src>
        <src id="CHINng">
            <dst id="ATLA-M5">1139.456</dst>
            <dst id="ATLAng">122374.597333333</dst>
            <dst id="CHINng">107865.173333333</dst>
            <dst id="DNVRng">27203.36</dst>
            <dst id="HSTNng">9904.15466666667</dst>
            <dst id="IPLSng">56340.9173333333</dst>
            <dst id="KSCYng">29338.096</dst>
            <dst id="LOSAng">53166.5626666667</dst>
            <dst id="NYCMng">16757.464</dst>
            <dst id="SNVAng">3873.208</dst>
            <dst id="STTLng">22206.6826666667</dst>
            <dst id="WASHng">32174.6666666667</dst>
        </src>
        <src id="DNVRng">
            <dst id="ATLA-M5">241.869333333333</dst>
            <dst id="ATLAng">5895.00266666667</dst>
            <dst id="CHINng">32858.928</dst>
            <dst id="DNVRng">19198.6186666667</dst>
            <dst id="HSTNng">12843.9173333333</dst>
            <dst id="IPLSng">12375.1066666667</dst>
            <dst id="KSCYng">14493.272</dst>
            <dst id="LOSAng">6707.42666666667</dst>
            <dst id="NYCMng">7003.45066666667</dst>
            <dst id="SNVAng">7855.52</dst>
            <dst id="STTLng">31940.2933333333</dst>
            <dst id="WASHng">29500.2506666667</dst>
        </src>
        <src id="HSTNng">
            <dst id="ATLA-M5">416.416</dst>
            <dst id="ATLAng">5329.97333333333</dst>
            <dst id="CHINng">12270.1306666667</dst>
            <dst id="DNVRng">1270.07733333333</dst>
            <dst id="HSTNng">23939.488</dst>
            <dst id="IPLSng">6575.37866666667</dst>
            <dst id="KSCYng">7986.35466666667</dst>
            <dst id="LOSAng">55842.2346666667</dst>
            <dst id="NYCMng">3520.544</dst>
            <dst id="SNVAng">0</dst>
            <dst id="STTLng">4856.6</dst>
            <dst id="WASHng">4837.216</dst>
        </src>
        <src id="IPLSng">
            <dst id="ATLA-M5">947.237333333333</dst>
            <dst id="ATLAng">11734.4026666667</dst>
            <dst id="CHINng">34934.76</dst>
            <dst id="DNVRng">9666.37066666667</dst>
            <dst id="HSTNng">4794.86933333333</dst>
            <dst id="IPLSng">56116.3786666667</dst>
            <dst id="KSCYng">8349.48</dst>
            <dst id="LOSAng">14887.5333333333</dst>
            <dst id="NYCMng">9324.69066666667</dst>
            <dst id="SNVAng">1620.44</dst>
            <dst id="STTLng">26480.8506666667</dst>
            <dst id="WASHng">17112.4613333333</dst>
        </src>
        <src id="KSCYng">
            <dst id="ATLA-M5">286.509333333333</dst>
            <dst id="ATLAng">11601.7573333333</dst>
            <dst id="CHINng">25776.1493333333</dst>
            <dst id="DNVRng">9476.15733333333</dst>
            <dst id="HSTNng">3859.46133333333</dst>
            <dst id="IPLSng">24079.344</dst>
            <dst id="KSCYng">9966.36266666667</dst>
            <dst id="LOSAng">6110.25866666667</dst>
            <dst id="NYCMng">6807.14666666667</dst>
            <dst id="SNVAng">2350.256</dst>
            <dst id="STTLng">9095.944</dst>
            <dst id="WASHng">12657.2933333333</dst>
        </src>
        <src id="LOSAng">
            <dst id="ATLA-M5">213.381333333333</dst>
            <dst id="ATLAng">11937.3733333333</dst>
            <dst id="CHINng">73066.8613333333</dst>
            <dst id="DNVRng">19780.92</dst>
            <dst id="HSTNng">15077.0986666667</dst>
            <dst id="IPLSng">33697.5226666667</dst>
            <dst id="KSCYng">8743.09866666666</dst>
            <dst id="LOSAng">12505.0586666667</dst>
            <dst id="NYCMng">34902.4026666667</dst>
            <dst id="SNVAng">20301.312</dst>
            <dst id="STTLng">56035.496</dst>
            <dst id="WASHng">57675.8853333333</dst>
        </src>
        <src id="NYCMng">
            <dst id="ATLA-M5">6357.304</dst>
            <dst id="ATLAng">32322.5946666667</dst>
            <dst id="CHINng">35702.9546666667</dst>
            <dst id="DNVRng">17904.5493333333</dst>
            <dst id="HSTNng">9230.38933333333</dst>
            <dst id="IPLSng">34139.6213333333</dst>
            <dst id="KSCYng">9299.33066666666</dst>
            <dst id="LOSAng">69399.1866666667</dst>
            <dst id="NYCMng">73776.0853333333</dst>
            <dst id="SNVAng">3565.43733333333</dst>
            <dst id="STTLng">22802.2453333333</dst>
            <dst id="WASHng">72495.5706666667</dst>
        </src>
        <src id="SNVAng">
            <dst id="ATLA-M5">0</dst>
            <dst id="ATLAng">577.162666666667</dst>
            <dst id="CHINng">1126.912</dst>
            <dst id="DNVRng">4986.952</dst>
            <dst id="HSTNng">0</dst>
            <dst id="IPLSng">357.968</dst>
            <dst id="KSCYng">106.957333333333</dst>
            <dst id="LOSAng">8460.216</dst>
            <dst id="NYCMng">196.68</dst>
            <dst id="SNVAng">6976.22133333333</dst>
            <dst id="STTLng">19716.416</dst>
            <dst id="WASHng">28.496</dst>
        </src>
        <src id="STTLng">
            <dst id="ATLA-M5">456.314666666667</dst>
            <dst id="ATLAng">18262.5706666667</dst>
            <dst id="CHINng">35970.048</dst>
            <dst id="DNVRng">12418.0106666667</dst>
            <dst id="HSTNng">6435.37866666667</dst>
            <dst id="IPLSng">22268.792</dst>
            <dst id="KSCYng">12443.472</dst>
            <dst id="LOSAng">41231.4373333333</dst>
            <dst id="NYCMng">12013.216</dst>
            <dst id="SNVAng">10972.5946666667</dst>
            <dst id="STTLng">20953.8586666667</dst>
            <dst id="WASHng">28895.4266666667</dst>
        </src>
        <src id="WASHng">
            <dst id="ATLA-M5">2518.752</dst>
            <dst id="ATLAng">94826.1626666667</dst>
            <dst id="CHINng">65761.976</dst>
            <dst id="DNVRng">47367.3413333333</dst>
            <dst id="HSTNng">36631.7466666667</dst>
            <dst id="IPLSng">44408.6133333333</dst>
            <dst id="KSCYng">18403.2293333333</dst>
            <dst id="LOSAng">69455.704</dst>
            <dst id="NYCMng">127923.432</dst>
            <dst id="SNVAng">6116.38666666667</dst>
            <dst id="STTLng">56599.1946666667</dst>
            <dst id="WASHng">239799.485333333</dst>
        </src>
    </IntraTM>
</TrafficMatrixFile>
