<?xml version="1.0" encoding="ISO-8859-1" standalone="yes"?>
<TrafficMatrixFile xsi:noNamespaceSchemaLocation="http://totem.run.montefiore.ulg.ac.be/Schema/TrafficMatrix-v1_2.xsd" xmlns:xsi="http://www.w3.org/2001/XMLSchema-instance">
    <IntraTM ASID="11537">
        <src id="ATLA-M5">
            <dst id="ATLA-M5">0</dst>
            <dst id="ATLAng">165.394666666667</dst>
            <dst id="CHINng">430.506666666667</dst>
            <dst id="DNVRng">88.104</dst>
            <dst id="HSTNng">187.738666666667</dst>
            <dst id="IPLSng">782.573333333333</dst>
            <dst id="KSCYng">191.370666666667</dst>
            <dst id="LOSAng">44.6493333333333</dst>
            <dst id="NYCMng">1110.61866666667</dst>
            <dst id="SNVAng">17.9826666666667</dst>
            <dst id="STTLng">342.093333333333</dst>
            <dst id="WASHng">5407.936</dst>
        </src>
        <src id="ATLAng">
            <dst id="ATLA-M5">1834.78133333333</dst>
            <dst id="ATLAng">32370.4266666667</dst>
            <dst id="CHINng">14672.8293333333</dst>
            <dst id="DNVRng">5431.41333333333</dst>
            <dst id="HSTNng">2094.36266666667</dst>
            <dst id="IPLSng">13212.5786666667</dst>
            <dst id="KSCYng">2124.696</dst>
            <dst id="LOSAng">20715.816</dst>
            <dst id="NYCMng">8271.064</dst>
            <dst id="SNVAng">602.234666666666</dst>
            <dst id="STTLng">8006.09333333333</dst>
            <dst id="WASHng">45887.808</dst>
        </src>
        <src id="CHINng">
            <dst id="ATLA-M5">488.104</dst>
            <dst id="ATLAng">182457.690666667</dst>
            <dst id="CHINng">128870.381333333</dst>
            <dst id="DNVRng">13961.3813333333</dst>
            <dst id="HSTNng">7794.48533333333</dst>
            <dst id="IPLSng">34905.4853333333</dst>
            <dst id="KSCYng">10314.3413333333</dst>
            <dst id="LOSAng">29629.6533333333</dst>
            <dst id="NYCMng">11556.7066666667</dst>
            <dst id="SNVAng">3723.04533333333</dst>
            <dst id="STTLng">15448.384</dst>
            <dst id="WASHng">16012.4906666667</dst>
        </src>
        <src id="DNVRng">
            <dst id="ATLA-M5">97.5466666666666</dst>
            <dst id="ATLAng">15344.3146666667</dst>
            <dst id="CHINng">40562.0426666667</dst>
            <dst id="DNVRng">18168.168</dst>
            <dst id="HSTNng">16337.624</dst>
            <dst id="IPLSng">12176.8693333333</dst>
            <dst id="KSCYng">25892.5066666667</dst>
            <dst id="LOSAng">15197.1466666667</dst>
            <dst id="NYCMng">8645.38666666667</dst>
            <dst id="SNVAng">9509.28</dst>
            <dst id="STTLng">14143.688</dst>
            <dst id="WASHng">23344.8133333333</dst>
        </src>
        <src id="HSTNng">
            <dst id="ATLA-M5">3099.12533333333</dst>
            <dst id="ATLAng">3684.38933333333</dst>
            <dst id="CHINng">20797.6853333333</dst>
            <dst id="DNVRng">946.786666666667</dst>
            <dst id="HSTNng">12615.496</dst>
            <dst id="IPLSng">3073.28266666667</dst>
            <dst id="KSCYng">10696.3146666667</dst>
            <dst id="LOSAng">1880.85333333333</dst>
            <dst id="NYCMng">3699.89066666667</dst>
            <dst id="SNVAng">0</dst>
            <dst id="STTLng">4255.672</dst>
            <dst id="WASHng">11730.5653333333</dst>
        </src>
        <src id="IPLSng">
            <dst id="ATLA-M5">469.317333333333</dst>
            <dst id="ATLAng">4958.31466666667</dst>
            <dst id="CHINng">71740.1386666667</dst>
            <dst id="DNVRng">4166.00533333333</dst>
            <dst id="HSTNng">2403.48533333333</dst>
            <dst id="IPLSng">4453.79466666667</dst>
            <dst id="KSCYng">6248.48</dst>
            <dst id="LOSAng">12724.0186666667</dst>
            <dst id="NYCMng">10066.2346666667</dst>
            <dst id="SNVAng">776.984</dst>
            <dst id="STTLng">12772.848</dst>
            <dst id="WASHng">26303.552</dst>
        </src>
        <src id="KSCYng">
            <dst id="ATLA-M5">270.490666666667</dst>
            <dst id="ATLAng">5023.02933333333</dst>
            <dst id="CHINng">28320.1093333333</dst>
            <dst id="DNVRng">8574.37066666667</dst>
            <dst id="HSTNng">2327.45866666667</dst>
            <dst id="IPLSng">16557.4613333333</dst>
            <dst id="KSCYng">17321.032</dst>
            <dst id="LOSAng">4272.41866666667</dst>
            <dst id="NYCMng">4972.696</dst>
            <dst id="SNVAng">2062.776</dst>
            <dst id="STTLng">10692.9813333333</dst>
            <dst id="WASHng">7724.28266666667</dst>
        </src>
        <src id="LOSAng">
            <dst id="ATLA-M5">80</dst>
            <dst id="ATLAng">11995.6773333333</dst>
            <dst id="CHINng">96857.8933333333</dst>
            <dst id="DNVRng">7192.02666666667</dst>
            <dst id="HSTNng">2798.37066666667</dst>
            <dst id="IPLSng">22585.04</dst>
            <dst id="KSCYng">1945.93866666667</dst>
            <dst id="LOSAng">11134.2586666667</dst>
            <dst id="NYCMng">28790.672</dst>
            <dst id="SNVAng">19245.6986666667</dst>
            <dst id="STTLng">38524.1706666667</dst>
            <dst id="WASHng">35680.7813333333</dst>
        </src>
        <src id="NYCMng">
            <dst id="ATLA-M5">1213.632</dst>
            <dst id="ATLAng">21290.456</dst>
            <dst id="CHINng">26620.4746666667</dst>
            <dst id="DNVRng">14263.288</dst>
            <dst id="HSTNng">8837.65333333333</dst>
            <dst id="IPLSng">16469.752</dst>
            <dst id="KSCYng">11093.7893333333</dst>
            <dst id="LOSAng">40228.5226666667</dst>
            <dst id="NYCMng">98764.8826666667</dst>
            <dst id="SNVAng">2625.22666666667</dst>
            <dst id="STTLng">25899.5146666667</dst>
            <dst id="WASHng">45385.6453333333</dst>
        </src>
        <src id="SNVAng">
            <dst id="ATLA-M5">0</dst>
            <dst id="ATLAng">0</dst>
            <dst id="CHINng">0</dst>
            <dst id="DNVRng">1385.27466666667</dst>
            <dst id="HSTNng">40.96</dst>
            <dst id="IPLSng">359.12</dst>
            <dst id="KSCYng">483.512</dst>
            <dst id="LOSAng">3701.472</dst>
            <dst id="NYCMng">172.541333333333</dst>
            <dst id="SNVAng">5438.81866666667</dst>
            <dst id="STTLng">14156.5253333333</dst>
            <dst id="WASHng">0</dst>
        </src>
        <src id="STTLng">
            <dst id="ATLA-M5">1257.31733333333</dst>
            <dst id="ATLAng">11508.512</dst>
            <dst id="CHINng">35709.768</dst>
            <dst id="DNVRng">3025.81066666667</dst>
            <dst id="HSTNng">2235.51466666667</dst>
            <dst id="IPLSng">8657.72266666667</dst>
            <dst id="KSCYng">3691.112</dst>
            <dst id="LOSAng">27556.8666666667</dst>
            <dst id="NYCMng">8799.168</dst>
            <dst id="SNVAng">1635.15466666667</dst>
            <dst id="STTLng">26225.72</dst>
            <dst id="WASHng">11519.6053333333</dst>
        </src>
        <src id="WASHng">
            <dst id="ATLA-M5">444.850666666666</dst>
            <dst id="ATLAng">124473.834666667</dst>
            <dst id="CHINng">80754.7946666667</dst>
            <dst id="DNVRng">67593.384</dst>
            <dst id="HSTNng">22369.2693333333</dst>
            <dst id="IPLSng">36873.2506666667</dst>
            <dst id="KSCYng">24125.7946666667</dst>
            <dst id="LOSAng">78801.2053333333</dst>
            <dst id="NYCMng">132749.970666667</dst>
            <dst id="SNVAng">4632.56266666667</dst>
            <dst id="STTLng">39730.544</dst>
            <dst id="WASHng">322523.306666667</dst>
        </src>
    </IntraTM>
</TrafficMatrixFile>
