<?xml version="1.0" encoding="ISO-8859-1" standalone="yes"?>
<TrafficMatrixFile xsi:noNamespaceSchemaLocation="http://totem.run.montefiore.ulg.ac.be/Schema/TrafficMatrix-v1_2.xsd" xmlns:xsi="http://www.w3.org/2001/XMLSchema-instance">
    <IntraTM ASID="11537">
        <src id="ATLA-M5">
            <dst id="ATLA-M5">26.6666666666667</dst>
            <dst id="ATLAng">1872.92533333333</dst>
            <dst id="CHINng">384.845333333333</dst>
            <dst id="DNVRng">340.085333333333</dst>
            <dst id="HSTNng">134.837333333333</dst>
            <dst id="IPLSng">1186.36533333333</dst>
            <dst id="KSCYng">673.938666666667</dst>
            <dst id="LOSAng">386.814666666667</dst>
            <dst id="NYCMng">1168.79733333333</dst>
            <dst id="SNVAng">65.2226666666667</dst>
            <dst id="STTLng">962.954666666667</dst>
            <dst id="WASHng">1123.86666666667</dst>
        </src>
        <src id="ATLAng">
            <dst id="ATLA-M5">787.392</dst>
            <dst id="ATLAng">61759.9653333333</dst>
            <dst id="CHINng">20545.8506666667</dst>
            <dst id="DNVRng">7599.57066666667</dst>
            <dst id="HSTNng">12253.9733333333</dst>
            <dst id="IPLSng">32182.328</dst>
            <dst id="KSCYng">8325.64533333333</dst>
            <dst id="LOSAng">26308.0666666667</dst>
            <dst id="NYCMng">23244.4906666667</dst>
            <dst id="SNVAng">450.058666666667</dst>
            <dst id="STTLng">12342.7173333333</dst>
            <dst id="WASHng">43512.6213333333</dst>
        </src>
        <src id="CHINng">
            <dst id="ATLA-M5">2168.06666666667</dst>
            <dst id="ATLAng">26363.0133333333</dst>
            <dst id="CHINng">77538.896</dst>
            <dst id="DNVRng">21747.8906666667</dst>
            <dst id="HSTNng">19615.2133333333</dst>
            <dst id="IPLSng">76760.632</dst>
            <dst id="KSCYng">16227.312</dst>
            <dst id="LOSAng">50284.0506666667</dst>
            <dst id="NYCMng">17597.8533333333</dst>
            <dst id="SNVAng">4815.72266666667</dst>
            <dst id="STTLng">29383.2293333333</dst>
            <dst id="WASHng">53161.376</dst>
        </src>
        <src id="DNVRng">
            <dst id="ATLA-M5">397.648</dst>
            <dst id="ATLAng">8832.728</dst>
            <dst id="CHINng">34250.0613333333</dst>
            <dst id="DNVRng">9601.528</dst>
            <dst id="HSTNng">10503.608</dst>
            <dst id="IPLSng">11926.5146666667</dst>
            <dst id="KSCYng">11586.9813333333</dst>
            <dst id="LOSAng">8502.192</dst>
            <dst id="NYCMng">20110.7146666667</dst>
            <dst id="SNVAng">8627.15733333333</dst>
            <dst id="STTLng">23137.5626666667</dst>
            <dst id="WASHng">25186.024</dst>
        </src>
        <src id="HSTNng">
            <dst id="ATLA-M5">282.853333333333</dst>
            <dst id="ATLAng">7911.776</dst>
            <dst id="CHINng">16453.2266666667</dst>
            <dst id="DNVRng">3856.192</dst>
            <dst id="HSTNng">18115.4346666667</dst>
            <dst id="IPLSng">4538.616</dst>
            <dst id="KSCYng">5757.53866666666</dst>
            <dst id="LOSAng">55432.7466666667</dst>
            <dst id="NYCMng">1984.38666666667</dst>
            <dst id="SNVAng">282.445333333333</dst>
            <dst id="STTLng">6705.53866666666</dst>
            <dst id="WASHng">6398.43466666667</dst>
        </src>
        <src id="IPLSng">
            <dst id="ATLA-M5">452.138666666667</dst>
            <dst id="ATLAng">19391.1333333333</dst>
            <dst id="CHINng">58798.9493333333</dst>
            <dst id="DNVRng">16817.688</dst>
            <dst id="HSTNng">2864.69866666667</dst>
            <dst id="IPLSng">40157.4053333333</dst>
            <dst id="KSCYng">14046.376</dst>
            <dst id="LOSAng">31791.7226666667</dst>
            <dst id="NYCMng">21907.5706666667</dst>
            <dst id="SNVAng">3838.416</dst>
            <dst id="STTLng">43696.6266666667</dst>
            <dst id="WASHng">26634.8906666667</dst>
        </src>
        <src id="KSCYng">
            <dst id="ATLA-M5">296.424</dst>
            <dst id="ATLAng">13620.616</dst>
            <dst id="CHINng">22452.7546666667</dst>
            <dst id="DNVRng">9933.96533333333</dst>
            <dst id="HSTNng">5362.97066666667</dst>
            <dst id="IPLSng">14502.2613333333</dst>
            <dst id="KSCYng">5087.32</dst>
            <dst id="LOSAng">6624.22933333333</dst>
            <dst id="NYCMng">6823.20533333333</dst>
            <dst id="SNVAng">2505.66933333333</dst>
            <dst id="STTLng">9853.936</dst>
            <dst id="WASHng">15593.528</dst>
        </src>
        <src id="LOSAng">
            <dst id="ATLA-M5">293.64</dst>
            <dst id="ATLAng">42338.152</dst>
            <dst id="CHINng">6323077.06666666</dst>
            <dst id="DNVRng">12542.1893333333</dst>
            <dst id="HSTNng">8457.14666666667</dst>
            <dst id="IPLSng">28144.56</dst>
            <dst id="KSCYng">9123.33066666667</dst>
            <dst id="LOSAng">12082.328</dst>
            <dst id="NYCMng">40078.88</dst>
            <dst id="SNVAng">22725.112</dst>
            <dst id="STTLng">89192.5733333333</dst>
            <dst id="WASHng">59983.8213333333</dst>
        </src>
        <src id="NYCMng">
            <dst id="ATLA-M5">4304.88533333334</dst>
            <dst id="ATLAng">34616.0053333333</dst>
            <dst id="CHINng">32890.3893333333</dst>
            <dst id="DNVRng">25188.8186666667</dst>
            <dst id="HSTNng">13761.5386666667</dst>
            <dst id="IPLSng">33455.7466666667</dst>
            <dst id="KSCYng">14068.4613333333</dst>
            <dst id="LOSAng">80578.6213333333</dst>
            <dst id="NYCMng">90622.36</dst>
            <dst id="SNVAng">2650.28266666667</dst>
            <dst id="STTLng">26241.4906666667</dst>
            <dst id="WASHng">134017.456</dst>
        </src>
        <src id="SNVAng">
            <dst id="ATLA-M5">0</dst>
            <dst id="ATLAng">0</dst>
            <dst id="CHINng">106.666666666667</dst>
            <dst id="DNVRng">9280.72</dst>
            <dst id="HSTNng">0</dst>
            <dst id="IPLSng">409.066666666667</dst>
            <dst id="KSCYng">0</dst>
            <dst id="LOSAng">9148.992</dst>
            <dst id="NYCMng">142.749333333333</dst>
            <dst id="SNVAng">10041.3493333333</dst>
            <dst id="STTLng">22551.0106666667</dst>
            <dst id="WASHng">951.818666666667</dst>
        </src>
        <src id="STTLng">
            <dst id="ATLA-M5">1781.91466666667</dst>
            <dst id="ATLAng">28304.056</dst>
            <dst id="CHINng">55375.4693333333</dst>
            <dst id="DNVRng">26991.2346666667</dst>
            <dst id="HSTNng">17820.792</dst>
            <dst id="IPLSng">42695.2426666667</dst>
            <dst id="KSCYng">25143.6906666667</dst>
            <dst id="LOSAng">48779.3093333334</dst>
            <dst id="NYCMng">16793.6666666667</dst>
            <dst id="SNVAng">15086.184</dst>
            <dst id="STTLng">36065.744</dst>
            <dst id="WASHng">48019.0453333333</dst>
        </src>
        <src id="WASHng">
            <dst id="ATLA-M5">2152.13333333333</dst>
            <dst id="ATLAng">82249.376</dst>
            <dst id="CHINng">88832.9386666667</dst>
            <dst id="DNVRng">71923.0373333333</dst>
            <dst id="HSTNng">22475.768</dst>
            <dst id="IPLSng">48685.0506666667</dst>
            <dst id="KSCYng">31583.2693333333</dst>
            <dst id="LOSAng">115979.189333333</dst>
            <dst id="NYCMng">214063.338666667</dst>
            <dst id="SNVAng">9741.984</dst>
            <dst id="STTLng">51101.184</dst>
            <dst id="WASHng">207745.845333333</dst>
        </src>
    </IntraTM>
</TrafficMatrixFile>
