<?xml version="1.0" encoding="ISO-8859-1" standalone="yes"?>
<TrafficMatrixFile xsi:noNamespaceSchemaLocation="http://totem.run.montefiore.ulg.ac.be/Schema/TrafficMatrix-v1_2.xsd" xmlns:xsi="http://www.w3.org/2001/XMLSchema-instance">
    <IntraTM ASID="11537">
        <src id="ATLA-M5">
            <dst id="ATLA-M5">391.261333333333</dst>
            <dst id="ATLAng">2392.82933333333</dst>
            <dst id="CHINng">2170.76533333333</dst>
            <dst id="DNVRng">290.381333333333</dst>
            <dst id="HSTNng">216.277333333333</dst>
            <dst id="IPLSng">502.12</dst>
            <dst id="KSCYng">430.717333333333</dst>
            <dst id="LOSAng">169.738666666667</dst>
            <dst id="NYCMng">845.290666666667</dst>
            <dst id="SNVAng">18.1653333333333</dst>
            <dst id="STTLng">1270.07733333333</dst>
            <dst id="WASHng">1658.248</dst>
        </src>
        <src id="ATLAng">
            <dst id="ATLA-M5">756.032</dst>
            <dst id="ATLAng">49992.2</dst>
            <dst id="CHINng">21579.216</dst>
            <dst id="DNVRng">4032.06666666667</dst>
            <dst id="HSTNng">15843.6906666667</dst>
            <dst id="IPLSng">20149.376</dst>
            <dst id="KSCYng">12855.8426666667</dst>
            <dst id="LOSAng">6691.056</dst>
            <dst id="NYCMng">9505.61333333333</dst>
            <dst id="SNVAng">536.056</dst>
            <dst id="STTLng">21534.6266666667</dst>
            <dst id="WASHng">60890.9146666667</dst>
        </src>
        <src id="CHINng">
            <dst id="ATLA-M5">847.738666666667</dst>
            <dst id="ATLAng">27987.08</dst>
            <dst id="CHINng">296546.8</dst>
            <dst id="DNVRng">9630.48533333333</dst>
            <dst id="HSTNng">21604.184</dst>
            <dst id="IPLSng">51827.8373333333</dst>
            <dst id="KSCYng">34734.856</dst>
            <dst id="LOSAng">42687.2746666667</dst>
            <dst id="NYCMng">21450.016</dst>
            <dst id="SNVAng">4835.64266666667</dst>
            <dst id="STTLng">34189.2693333333</dst>
            <dst id="WASHng">49473.2986666667</dst>
        </src>
        <src id="DNVRng">
            <dst id="ATLA-M5">665.888</dst>
            <dst id="ATLAng">10696.6426666667</dst>
            <dst id="CHINng">82668.8826666667</dst>
            <dst id="DNVRng">12982.4026666667</dst>
            <dst id="HSTNng">18340.072</dst>
            <dst id="IPLSng">18569.56</dst>
            <dst id="KSCYng">39014.1093333333</dst>
            <dst id="LOSAng">13685.736</dst>
            <dst id="NYCMng">7557.072</dst>
            <dst id="SNVAng">38263.2586666667</dst>
            <dst id="STTLng">20218.408</dst>
            <dst id="WASHng">29641.8453333333</dst>
        </src>
        <src id="HSTNng">
            <dst id="ATLA-M5">3302.06133333333</dst>
            <dst id="ATLAng">6314.53866666666</dst>
            <dst id="CHINng">21940.0853333333</dst>
            <dst id="DNVRng">1473.92533333333</dst>
            <dst id="HSTNng">12936.088</dst>
            <dst id="IPLSng">5037.56533333333</dst>
            <dst id="KSCYng">10699.7013333333</dst>
            <dst id="LOSAng">3278.74666666667</dst>
            <dst id="NYCMng">15873.744</dst>
            <dst id="SNVAng">2101.20533333333</dst>
            <dst id="STTLng">12293.1466666667</dst>
            <dst id="WASHng">10509.5093333333</dst>
        </src>
        <src id="IPLSng">
            <dst id="ATLA-M5">2650.27733333333</dst>
            <dst id="ATLAng">28029.4826666667</dst>
            <dst id="CHINng">117284.693333333</dst>
            <dst id="DNVRng">12554.9733333333</dst>
            <dst id="HSTNng">4564.06133333333</dst>
            <dst id="IPLSng">53227.544</dst>
            <dst id="KSCYng">9689.32</dst>
            <dst id="LOSAng">20334.1546666667</dst>
            <dst id="NYCMng">19815.1386666667</dst>
            <dst id="SNVAng">815.592</dst>
            <dst id="STTLng">41996.224</dst>
            <dst id="WASHng">42999.1493333333</dst>
        </src>
        <src id="KSCYng">
            <dst id="ATLA-M5">737.733333333333</dst>
            <dst id="ATLAng">7056.42133333333</dst>
            <dst id="CHINng">30145.536</dst>
            <dst id="DNVRng">8622.05333333333</dst>
            <dst id="HSTNng">2813.09066666667</dst>
            <dst id="IPLSng">20120.016</dst>
            <dst id="KSCYng">21070.9306666667</dst>
            <dst id="LOSAng">3363.4</dst>
            <dst id="NYCMng">7011.17066666667</dst>
            <dst id="SNVAng">1925.09333333333</dst>
            <dst id="STTLng">18060.7413333333</dst>
            <dst id="WASHng">12810.656</dst>
        </src>
        <src id="LOSAng">
            <dst id="ATLA-M5">414.277333333333</dst>
            <dst id="ATLAng">13812.8213333333</dst>
            <dst id="CHINng">94468.52</dst>
            <dst id="DNVRng">10885.312</dst>
            <dst id="HSTNng">3535.14666666667</dst>
            <dst id="IPLSng">13564.7946666667</dst>
            <dst id="KSCYng">6770.18933333333</dst>
            <dst id="LOSAng">9274.25066666667</dst>
            <dst id="NYCMng">32711.112</dst>
            <dst id="SNVAng">25303.7466666667</dst>
            <dst id="STTLng">62733.5306666667</dst>
            <dst id="WASHng">57746.712</dst>
        </src>
        <src id="NYCMng">
            <dst id="ATLA-M5">3850.64533333333</dst>
            <dst id="ATLAng">36682.2506666667</dst>
            <dst id="CHINng">36365.5173333333</dst>
            <dst id="DNVRng">25808.5546666667</dst>
            <dst id="HSTNng">11568.4906666667</dst>
            <dst id="IPLSng">28088.032</dst>
            <dst id="KSCYng">18110.808</dst>
            <dst id="LOSAng">44501.6613333333</dst>
            <dst id="NYCMng">162328.157333333</dst>
            <dst id="SNVAng">2861.32266666667</dst>
            <dst id="STTLng">20151.416</dst>
            <dst id="WASHng">156168.192</dst>
        </src>
        <src id="SNVAng">
            <dst id="ATLA-M5">0</dst>
            <dst id="ATLAng">53.3333333333333</dst>
            <dst id="CHINng">124.237333333333</dst>
            <dst id="DNVRng">4308.10666666667</dst>
            <dst id="HSTNng">724.682666666667</dst>
            <dst id="IPLSng">600.925333333333</dst>
            <dst id="KSCYng">26.6666666666667</dst>
            <dst id="LOSAng">4966.272</dst>
            <dst id="NYCMng">1463.94133333333</dst>
            <dst id="SNVAng">7323.94933333333</dst>
            <dst id="STTLng">17982.2933333333</dst>
            <dst id="WASHng">141.501333333333</dst>
        </src>
        <src id="STTLng">
            <dst id="ATLA-M5">5207.976</dst>
            <dst id="ATLAng">60364.0773333333</dst>
            <dst id="CHINng">115237.509333333</dst>
            <dst id="DNVRng">25653.7066666667</dst>
            <dst id="HSTNng">32739.056</dst>
            <dst id="IPLSng">93400.2853333334</dst>
            <dst id="KSCYng">55829.3333333334</dst>
            <dst id="LOSAng">18209.3573333333</dst>
            <dst id="NYCMng">32439.1786666667</dst>
            <dst id="SNVAng">5239.368</dst>
            <dst id="STTLng">21010.7413333333</dst>
            <dst id="WASHng">112179.552</dst>
        </src>
        <src id="WASHng">
            <dst id="ATLA-M5">1906.26666666667</dst>
            <dst id="ATLAng">134008.618666667</dst>
            <dst id="CHINng">73480.6826666667</dst>
            <dst id="DNVRng">67256.3066666667</dst>
            <dst id="HSTNng">31708.7946666667</dst>
            <dst id="IPLSng">78980.2186666667</dst>
            <dst id="KSCYng">35328.0373333333</dst>
            <dst id="LOSAng">70127.7546666667</dst>
            <dst id="NYCMng">213016.269333333</dst>
            <dst id="SNVAng">5434.74133333333</dst>
            <dst id="STTLng">59473.7386666666</dst>
            <dst id="WASHng">348492.72</dst>
        </src>
    </IntraTM>
</TrafficMatrixFile>
