<?xml version="1.0" encoding="ISO-8859-1" standalone="yes"?>
<TrafficMatrixFile xsi:noNamespaceSchemaLocation="http://totem.run.montefiore.ulg.ac.be/Schema/TrafficMatrix-v1_2.xsd" xmlns:xsi="http://www.w3.org/2001/XMLSchema-instance">
    <IntraTM ASID="11537">
        <src id="ATLA-M5">
            <dst id="ATLA-M5">0</dst>
            <dst id="ATLAng">272.533333333333</dst>
            <dst id="CHINng">994.792</dst>
            <dst id="DNVRng">62.288</dst>
            <dst id="HSTNng">125.848</dst>
            <dst id="IPLSng">2564.38666666667</dst>
            <dst id="KSCYng">26.6666666666667</dst>
            <dst id="LOSAng">0</dst>
            <dst id="NYCMng">140.325333333333</dst>
            <dst id="SNVAng">0</dst>
            <dst id="STTLng">820.106666666667</dst>
            <dst id="WASHng">3741.11466666667</dst>
        </src>
        <src id="ATLAng">
            <dst id="ATLA-M5">87.7386666666667</dst>
            <dst id="ATLAng">50437.84</dst>
            <dst id="CHINng">9350.65866666667</dst>
            <dst id="DNVRng">2016.36533333333</dst>
            <dst id="HSTNng">1862.352</dst>
            <dst id="IPLSng">15913.64</dst>
            <dst id="KSCYng">1187.2</dst>
            <dst id="LOSAng">35021.872</dst>
            <dst id="NYCMng">5753.43466666667</dst>
            <dst id="SNVAng">8473.892</dst>
            <dst id="STTLng">15317.6266666667</dst>
            <dst id="WASHng">49843.48</dst>
        </src>
        <src id="CHINng">
            <dst id="ATLA-M5">467.013333333333</dst>
            <dst id="ATLAng">17215.352</dst>
            <dst id="CHINng">88919.6693333333</dst>
            <dst id="DNVRng">11191.3626666667</dst>
            <dst id="HSTNng">5898.03733333333</dst>
            <dst id="IPLSng">38498.184</dst>
            <dst id="KSCYng">17360.12</dst>
            <dst id="LOSAng">31498.5626666667</dst>
            <dst id="NYCMng">11752.3093333333</dst>
            <dst id="SNVAng">2051.57866666667</dst>
            <dst id="STTLng">22838.488</dst>
            <dst id="WASHng">17906.4853333333</dst>
        </src>
        <src id="DNVRng">
            <dst id="ATLA-M5">196.981333333333</dst>
            <dst id="ATLAng">15021.3013333333</dst>
            <dst id="CHINng">61209.896</dst>
            <dst id="DNVRng">6667.2</dst>
            <dst id="HSTNng">8861.78933333333</dst>
            <dst id="IPLSng">12772.9653333333</dst>
            <dst id="KSCYng">9365.80533333333</dst>
            <dst id="LOSAng">7419.83733333333</dst>
            <dst id="NYCMng">6294.52533333333</dst>
            <dst id="SNVAng">6102.66133333333</dst>
            <dst id="STTLng">9964.98666666667</dst>
            <dst id="WASHng">16485.576</dst>
        </src>
        <src id="HSTNng">
            <dst id="ATLA-M5">1536.47466666667</dst>
            <dst id="ATLAng">2684.21866666667</dst>
            <dst id="CHINng">19084.4666666667</dst>
            <dst id="DNVRng">1829.33866666667</dst>
            <dst id="HSTNng">12510.2986666667</dst>
            <dst id="IPLSng">1889.296</dst>
            <dst id="KSCYng">4164.75733333333</dst>
            <dst id="LOSAng">5971.60533333333</dst>
            <dst id="NYCMng">2879.26133333333</dst>
            <dst id="SNVAng">334.576</dst>
            <dst id="STTLng">4517.61866666667</dst>
            <dst id="WASHng">3305.27466666667</dst>
        </src>
        <src id="IPLSng">
            <dst id="ATLA-M5">262.258666666667</dst>
            <dst id="ATLAng">8967.96533333333</dst>
            <dst id="CHINng">66916.072</dst>
            <dst id="DNVRng">20325.2266666667</dst>
            <dst id="HSTNng">1673.51733333333</dst>
            <dst id="IPLSng">6794.96266666667</dst>
            <dst id="KSCYng">4223.59733333333</dst>
            <dst id="LOSAng">12754.6666666667</dst>
            <dst id="NYCMng">10386.6746666667</dst>
            <dst id="SNVAng">265.648</dst>
            <dst id="STTLng">23617.4293333333</dst>
            <dst id="WASHng">29907.1013333333</dst>
        </src>
        <src id="KSCYng">
            <dst id="ATLA-M5">53.3333333333333</dst>
            <dst id="ATLAng">6954.288</dst>
            <dst id="CHINng">22147.4693333333</dst>
            <dst id="DNVRng">6746.25066666667</dst>
            <dst id="HSTNng">8094.30133333333</dst>
            <dst id="IPLSng">11510.424</dst>
            <dst id="KSCYng">6594.24266666667</dst>
            <dst id="LOSAng">5058.72266666667</dst>
            <dst id="NYCMng">2428.36</dst>
            <dst id="SNVAng">2192.01333333333</dst>
            <dst id="STTLng">10992.2373333333</dst>
            <dst id="WASHng">12942.5226666667</dst>
        </src>
        <src id="LOSAng">
            <dst id="ATLA-M5">109.010666666667</dst>
            <dst id="ATLAng">19159.4</dst>
            <dst id="CHINng">127433.656</dst>
            <dst id="DNVRng">7656.46666666667</dst>
            <dst id="HSTNng">3524.46666666667</dst>
            <dst id="IPLSng">14991.6213333333</dst>
            <dst id="KSCYng">2152.41066666667</dst>
            <dst id="LOSAng">9030.98666666667</dst>
            <dst id="NYCMng">50262.392</dst>
            <dst id="SNVAng">20681.5173333333</dst>
            <dst id="STTLng">54804.472</dst>
            <dst id="WASHng">48123.0266666667</dst>
        </src>
        <src id="NYCMng">
            <dst id="ATLA-M5">323.666666666667</dst>
            <dst id="ATLAng">31293.5173333333</dst>
            <dst id="CHINng">37159.032</dst>
            <dst id="DNVRng">10258.3653333333</dst>
            <dst id="HSTNng">4008.18933333333</dst>
            <dst id="IPLSng">19878.112</dst>
            <dst id="KSCYng">6827.96533333333</dst>
            <dst id="LOSAng">46981.688</dst>
            <dst id="NYCMng">91912</dst>
            <dst id="SNVAng">906.890666666667</dst>
            <dst id="STTLng">29522.2186666667</dst>
            <dst id="WASHng">57512.2853333333</dst>
        </src>
        <src id="SNVAng">
            <dst id="ATLA-M5">0</dst>
            <dst id="ATLAng">285.16</dst>
            <dst id="CHINng">26.6666666666667</dst>
            <dst id="DNVRng">1546.92533333333</dst>
            <dst id="HSTNng">26.6666666666667</dst>
            <dst id="IPLSng">321.261333333333</dst>
            <dst id="KSCYng">26.6666666666667</dst>
            <dst id="LOSAng">11268.2533333333</dst>
            <dst id="NYCMng">31.216</dst>
            <dst id="SNVAng">8443.49866666667</dst>
            <dst id="STTLng">17140.0853333333</dst>
            <dst id="WASHng">72.0266666666667</dst>
        </src>
        <src id="STTLng">
            <dst id="ATLA-M5">383.789333333333</dst>
            <dst id="ATLAng">36304.6213333333</dst>
            <dst id="CHINng">45793.6506666667</dst>
            <dst id="DNVRng">2561.52266666667</dst>
            <dst id="HSTNng">10155.936</dst>
            <dst id="IPLSng">36626.4373333333</dst>
            <dst id="KSCYng">12081.464</dst>
            <dst id="LOSAng">31467.52</dst>
            <dst id="NYCMng">16615.7173333333</dst>
            <dst id="SNVAng">1274.06666666667</dst>
            <dst id="STTLng">12702.1386666667</dst>
            <dst id="WASHng">45379.8133333333</dst>
        </src>
        <src id="WASHng">
            <dst id="ATLA-M5">259.274666666667</dst>
            <dst id="ATLAng">110608.298666667</dst>
            <dst id="CHINng">57216.6266666667</dst>
            <dst id="DNVRng">59158.6133333333</dst>
            <dst id="HSTNng">21217.6133333333</dst>
            <dst id="IPLSng">31972.9173333333</dst>
            <dst id="KSCYng">26513.9173333333</dst>
            <dst id="LOSAng">60654.1386666667</dst>
            <dst id="NYCMng">110050.109333333</dst>
            <dst id="SNVAng">903.874666666666</dst>
            <dst id="STTLng">70563.6853333334</dst>
            <dst id="WASHng">255270.528</dst>
        </src>
    </IntraTM>
</TrafficMatrixFile>
