<?xml version="1.0" encoding="ISO-8859-1" standalone="yes"?>
<TrafficMatrixFile xsi:noNamespaceSchemaLocation="http://totem.run.montefiore.ulg.ac.be/Schema/TrafficMatrix-v1_2.xsd" xmlns:xsi="http://www.w3.org/2001/XMLSchema-instance">
    <IntraTM ASID="11537">
        <src id="ATLA-M5">
            <dst id="ATLA-M5">83.8613333333333</dst>
            <dst id="ATLAng">756.165333333333</dst>
            <dst id="CHINng">1074.416</dst>
            <dst id="DNVRng">408.656</dst>
            <dst id="HSTNng">325.906666666667</dst>
            <dst id="IPLSng">1056.64266666667</dst>
            <dst id="KSCYng">1383.82933333333</dst>
            <dst id="LOSAng">394.24</dst>
            <dst id="NYCMng">1326.69333333333</dst>
            <dst id="SNVAng">26.6666666666667</dst>
            <dst id="STTLng">623.501333333333</dst>
            <dst id="WASHng">1726.18133333333</dst>
        </src>
        <src id="ATLAng">
            <dst id="ATLA-M5">727.149333333333</dst>
            <dst id="ATLAng">82081.488</dst>
            <dst id="CHINng">20981.4</dst>
            <dst id="DNVRng">12399.0613333333</dst>
            <dst id="HSTNng">7791.816</dst>
            <dst id="IPLSng">30220.3253333333</dst>
            <dst id="KSCYng">7541.41333333333</dst>
            <dst id="LOSAng">24475.1813333333</dst>
            <dst id="NYCMng">14647.8133333333</dst>
            <dst id="SNVAng">728.776</dst>
            <dst id="STTLng">14409.0373333333</dst>
            <dst id="WASHng">30885.7866666667</dst>
        </src>
        <src id="CHINng">
            <dst id="ATLA-M5">1006.14666666667</dst>
            <dst id="ATLAng">38799.1493333333</dst>
            <dst id="CHINng">283179.413333333</dst>
            <dst id="DNVRng">18233.1253333333</dst>
            <dst id="HSTNng">9795.62933333333</dst>
            <dst id="IPLSng">75558.904</dst>
            <dst id="KSCYng">14800.04</dst>
            <dst id="LOSAng">39666.576</dst>
            <dst id="NYCMng">12152.7466666667</dst>
            <dst id="SNVAng">5152.536</dst>
            <dst id="STTLng">24055.4986666667</dst>
            <dst id="WASHng">32470.04</dst>
        </src>
        <src id="DNVRng">
            <dst id="ATLA-M5">535.584</dst>
            <dst id="ATLAng">7784.248</dst>
            <dst id="CHINng">36317.4</dst>
            <dst id="DNVRng">4543.008</dst>
            <dst id="HSTNng">12848.4853333333</dst>
            <dst id="IPLSng">12753.984</dst>
            <dst id="KSCYng">35441.248</dst>
            <dst id="LOSAng">11190.984</dst>
            <dst id="NYCMng">10960.032</dst>
            <dst id="SNVAng">7341.96533333333</dst>
            <dst id="STTLng">63655.8586666667</dst>
            <dst id="WASHng">22323.048</dst>
        </src>
        <src id="HSTNng">
            <dst id="ATLA-M5">1929.26133333333</dst>
            <dst id="ATLAng">4403.504</dst>
            <dst id="CHINng">11152.832</dst>
            <dst id="DNVRng">2763.21866666667</dst>
            <dst id="HSTNng">15805.5653333333</dst>
            <dst id="IPLSng">4501.42933333333</dst>
            <dst id="KSCYng">5680.208</dst>
            <dst id="LOSAng">6138.30133333333</dst>
            <dst id="NYCMng">2671.272</dst>
            <dst id="SNVAng">202.741333333333</dst>
            <dst id="STTLng">6867.61866666667</dst>
            <dst id="WASHng">5123.46666666667</dst>
        </src>
        <src id="IPLSng">
            <dst id="ATLA-M5">532.034666666667</dst>
            <dst id="ATLAng">22944.7146666667</dst>
            <dst id="CHINng">68949.8773333333</dst>
            <dst id="DNVRng">11508.6853333333</dst>
            <dst id="HSTNng">2870.232</dst>
            <dst id="IPLSng">32727.9706666667</dst>
            <dst id="KSCYng">15132.1386666667</dst>
            <dst id="LOSAng">20179.8053333333</dst>
            <dst id="NYCMng">17904.1866666667</dst>
            <dst id="SNVAng">2706.37866666667</dst>
            <dst id="STTLng">39271.6773333333</dst>
            <dst id="WASHng">28083.816</dst>
        </src>
        <src id="KSCYng">
            <dst id="ATLA-M5">385.128</dst>
            <dst id="ATLAng">6422.71466666667</dst>
            <dst id="CHINng">29239.6906666667</dst>
            <dst id="DNVRng">8978.46666666667</dst>
            <dst id="HSTNng">5208.54933333333</dst>
            <dst id="IPLSng">13433.1413333333</dst>
            <dst id="KSCYng">4488.72</dst>
            <dst id="LOSAng">8106.31733333333</dst>
            <dst id="NYCMng">5343.39733333333</dst>
            <dst id="SNVAng">2970.92533333333</dst>
            <dst id="STTLng">11164.784</dst>
            <dst id="WASHng">11356.36</dst>
        </src>
        <src id="LOSAng">
            <dst id="ATLA-M5">290.088</dst>
            <dst id="ATLAng">26578.2613333333</dst>
            <dst id="CHINng">110923.896</dst>
            <dst id="DNVRng">25310.944</dst>
            <dst id="HSTNng">36300.992</dst>
            <dst id="IPLSng">42571.544</dst>
            <dst id="KSCYng">5308.92266666667</dst>
            <dst id="LOSAng">10888.5466666667</dst>
            <dst id="NYCMng">43466.7973333333</dst>
            <dst id="SNVAng">18421.2986666667</dst>
            <dst id="STTLng">68325.3253333333</dst>
            <dst id="WASHng">68531.96</dst>
        </src>
        <src id="NYCMng">
            <dst id="ATLA-M5">1687.47466666667</dst>
            <dst id="ATLAng">35039.504</dst>
            <dst id="CHINng">27160.8373333333</dst>
            <dst id="DNVRng">25921.9733333333</dst>
            <dst id="HSTNng">17421.7626666667</dst>
            <dst id="IPLSng">36831.92</dst>
            <dst id="KSCYng">12500.8773333333</dst>
            <dst id="LOSAng">70698.5066666667</dst>
            <dst id="NYCMng">102095.8</dst>
            <dst id="SNVAng">5680.39466666667</dst>
            <dst id="STTLng">25363.7786666667</dst>
            <dst id="WASHng">103661.274666667</dst>
        </src>
        <src id="SNVAng">
            <dst id="ATLA-M5">0</dst>
            <dst id="ATLAng">951.346666666667</dst>
            <dst id="CHINng">53.3333333333333</dst>
            <dst id="DNVRng">8238.53066666667</dst>
            <dst id="HSTNng">376.469333333333</dst>
            <dst id="IPLSng">574.76</dst>
            <dst id="KSCYng">26.6666666666667</dst>
            <dst id="LOSAng">9250.35466666667</dst>
            <dst id="NYCMng">31.264</dst>
            <dst id="SNVAng">8955.408</dst>
            <dst id="STTLng">17944.3546666667</dst>
            <dst id="WASHng">85.6746666666666</dst>
        </src>
        <src id="STTLng">
            <dst id="ATLA-M5">695.12</dst>
            <dst id="ATLAng">27821.3066666667</dst>
            <dst id="CHINng">53143.6533333333</dst>
            <dst id="DNVRng">22914.072</dst>
            <dst id="HSTNng">24976.4853333333</dst>
            <dst id="IPLSng">41145.08</dst>
            <dst id="KSCYng">29338.6346666667</dst>
            <dst id="LOSAng">40308.048</dst>
            <dst id="NYCMng">25206.9253333333</dst>
            <dst id="SNVAng">7310.264</dst>
            <dst id="STTLng">39759.6026666667</dst>
            <dst id="WASHng">49361.192</dst>
        </src>
        <src id="WASHng">
            <dst id="ATLA-M5">2892.91733333333</dst>
            <dst id="ATLAng">64280.7306666667</dst>
            <dst id="CHINng">80018.5306666666</dst>
            <dst id="DNVRng">78537.4293333333</dst>
            <dst id="HSTNng">17388.4426666667</dst>
            <dst id="IPLSng">71733.832</dst>
            <dst id="KSCYng">29315.992</dst>
            <dst id="LOSAng">76960.5173333334</dst>
            <dst id="NYCMng">210195.242666667</dst>
            <dst id="SNVAng">18144.7306666667</dst>
            <dst id="STTLng">63571.88</dst>
            <dst id="WASHng">195611.613333333</dst>
        </src>
    </IntraTM>
</TrafficMatrixFile>
