<?xml version="1.0" encoding="ISO-8859-1" standalone="yes"?>
<TrafficMatrixFile xsi:noNamespaceSchemaLocation="http://totem.run.montefiore.ulg.ac.be/Schema/TrafficMatrix-v1_2.xsd" xmlns:xsi="http://www.w3.org/2001/XMLSchema-instance">
    <IntraTM ASID="11537">
        <src id="ATLA-M5">
            <dst id="ATLA-M5">26.6666666666667</dst>
            <dst id="ATLAng">186.949333333333</dst>
            <dst id="CHINng">336.010666666667</dst>
            <dst id="DNVRng">26.6666666666667</dst>
            <dst id="HSTNng">53.3333333333333</dst>
            <dst id="IPLSng">526.426666666667</dst>
            <dst id="KSCYng">1369.536</dst>
            <dst id="LOSAng">66.6666666666667</dst>
            <dst id="NYCMng">1452.17066666667</dst>
            <dst id="SNVAng">13.3333333333333</dst>
            <dst id="STTLng">272.285333333333</dst>
            <dst id="WASHng">5495.77866666667</dst>
        </src>
        <src id="ATLAng">
            <dst id="ATLA-M5">765.306666666667</dst>
            <dst id="ATLAng">31504.1333333333</dst>
            <dst id="CHINng">12326.0986666667</dst>
            <dst id="DNVRng">4667.128</dst>
            <dst id="HSTNng">1405.65333333333</dst>
            <dst id="IPLSng">13185.1146666667</dst>
            <dst id="KSCYng">2160.09333333333</dst>
            <dst id="LOSAng">17502.556</dst>
            <dst id="NYCMng">8040.97866666667</dst>
            <dst id="SNVAng">427.750666666667</dst>
            <dst id="STTLng">8169.31466666666</dst>
            <dst id="WASHng">43172.2853333333</dst>
        </src>
        <src id="CHINng">
            <dst id="ATLA-M5">155.061333333333</dst>
            <dst id="ATLAng">11722.912</dst>
            <dst id="CHINng">117797.088</dst>
            <dst id="DNVRng">7473.34933333333</dst>
            <dst id="HSTNng">5846.496</dst>
            <dst id="IPLSng">35055.176</dst>
            <dst id="KSCYng">8940.52533333333</dst>
            <dst id="LOSAng">29696.8373333333</dst>
            <dst id="NYCMng">18880.2933333333</dst>
            <dst id="SNVAng">3187.09333333333</dst>
            <dst id="STTLng">16489.1813333333</dst>
            <dst id="WASHng">10555.8453333333</dst>
        </src>
        <src id="DNVRng">
            <dst id="ATLA-M5">293.546666666667</dst>
            <dst id="ATLAng">1984.744</dst>
            <dst id="CHINng">39144.592</dst>
            <dst id="DNVRng">16480.2773333333</dst>
            <dst id="HSTNng">12969.4746666667</dst>
            <dst id="IPLSng">7666.40533333333</dst>
            <dst id="KSCYng">25371.2453333333</dst>
            <dst id="LOSAng">12430.976</dst>
            <dst id="NYCMng">7341.97333333333</dst>
            <dst id="SNVAng">27718.2133333333</dst>
            <dst id="STTLng">11074.144</dst>
            <dst id="WASHng">19690.3653333333</dst>
        </src>
        <src id="HSTNng">
            <dst id="ATLA-M5">1176.23466666667</dst>
            <dst id="ATLAng">5121.704</dst>
            <dst id="CHINng">17181.208</dst>
            <dst id="DNVRng">2198.81066666667</dst>
            <dst id="HSTNng">17946.6986666667</dst>
            <dst id="IPLSng">1619.03733333333</dst>
            <dst id="KSCYng">8448.67733333333</dst>
            <dst id="LOSAng">2423.25066666667</dst>
            <dst id="NYCMng">4623.91733333333</dst>
            <dst id="SNVAng">0</dst>
            <dst id="STTLng">4935.27466666667</dst>
            <dst id="WASHng">17216.872</dst>
        </src>
        <src id="IPLSng">
            <dst id="ATLA-M5">95.6213333333333</dst>
            <dst id="ATLAng">6490.93066666667</dst>
            <dst id="CHINng">71623.32</dst>
            <dst id="DNVRng">4207.65066666667</dst>
            <dst id="HSTNng">2773.94133333333</dst>
            <dst id="IPLSng">3806.224</dst>
            <dst id="KSCYng">5536.19466666667</dst>
            <dst id="LOSAng">13214.0426666667</dst>
            <dst id="NYCMng">11247.9813333333</dst>
            <dst id="SNVAng">601.389333333333</dst>
            <dst id="STTLng">12573.8773333333</dst>
            <dst id="WASHng">22427.8773333333</dst>
        </src>
        <src id="KSCYng">
            <dst id="ATLA-M5">322.853333333333</dst>
            <dst id="ATLAng">5419.64</dst>
            <dst id="CHINng">23703.232</dst>
            <dst id="DNVRng">7760.27466666666</dst>
            <dst id="HSTNng">2440.12533333333</dst>
            <dst id="IPLSng">12436.056</dst>
            <dst id="KSCYng">9330.232</dst>
            <dst id="LOSAng">3653.008</dst>
            <dst id="NYCMng">6278.54933333333</dst>
            <dst id="SNVAng">2605.792</dst>
            <dst id="STTLng">11346.2266666667</dst>
            <dst id="WASHng">10139.16</dst>
        </src>
        <src id="LOSAng">
            <dst id="ATLA-M5">0</dst>
            <dst id="ATLAng">10644.488</dst>
            <dst id="CHINng">97888.96</dst>
            <dst id="DNVRng">6598.06133333333</dst>
            <dst id="HSTNng">1236.17333333333</dst>
            <dst id="IPLSng">24450.2266666667</dst>
            <dst id="KSCYng">1945.26666666667</dst>
            <dst id="LOSAng">12733.8586666667</dst>
            <dst id="NYCMng">28364.6533333333</dst>
            <dst id="SNVAng">19118.8746666667</dst>
            <dst id="STTLng">42149.144</dst>
            <dst id="WASHng">30970.3893333333</dst>
        </src>
        <src id="NYCMng">
            <dst id="ATLA-M5">1104.24266666667</dst>
            <dst id="ATLAng">20421.1413333333</dst>
            <dst id="CHINng">27349.3786666667</dst>
            <dst id="DNVRng">15422.4906666667</dst>
            <dst id="HSTNng">8713.22133333333</dst>
            <dst id="IPLSng">19591.68</dst>
            <dst id="KSCYng">11565.3253333333</dst>
            <dst id="LOSAng">40279.4186666667</dst>
            <dst id="NYCMng">84463.656</dst>
            <dst id="SNVAng">2663.47466666667</dst>
            <dst id="STTLng">16333.8506666667</dst>
            <dst id="WASHng">50349.216</dst>
        </src>
        <src id="SNVAng">
            <dst id="ATLA-M5">0</dst>
            <dst id="ATLAng">0</dst>
            <dst id="CHINng">26.6666666666667</dst>
            <dst id="DNVRng">2621.48266666667</dst>
            <dst id="HSTNng">26.6666666666667</dst>
            <dst id="IPLSng">275.042666666667</dst>
            <dst id="KSCYng">287.474666666667</dst>
            <dst id="LOSAng">10271.7093333333</dst>
            <dst id="NYCMng">215.282666666667</dst>
            <dst id="SNVAng">5215.98666666667</dst>
            <dst id="STTLng">14102.68</dst>
            <dst id="WASHng">0</dst>
        </src>
        <src id="STTLng">
            <dst id="ATLA-M5">837.725333333333</dst>
            <dst id="ATLAng">10650.864</dst>
            <dst id="CHINng">34941.7466666667</dst>
            <dst id="DNVRng">3071.40266666667</dst>
            <dst id="HSTNng">2125.984</dst>
            <dst id="IPLSng">6254.184</dst>
            <dst id="KSCYng">3848.40266666667</dst>
            <dst id="LOSAng">26287.032</dst>
            <dst id="NYCMng">10348.7786666667</dst>
            <dst id="SNVAng">1763.304</dst>
            <dst id="STTLng">23672.2773333333</dst>
            <dst id="WASHng">10570.2026666667</dst>
        </src>
        <src id="WASHng">
            <dst id="ATLA-M5">250.501333333333</dst>
            <dst id="ATLAng">96739.4293333333</dst>
            <dst id="CHINng">95061.7333333333</dst>
            <dst id="DNVRng">58545.44</dst>
            <dst id="HSTNng">17984.536</dst>
            <dst id="IPLSng">30441.8773333333</dst>
            <dst id="KSCYng">22036.72</dst>
            <dst id="LOSAng">83847.656</dst>
            <dst id="NYCMng">164471.965333333</dst>
            <dst id="SNVAng">5522.392</dst>
            <dst id="STTLng">35181.2053333333</dst>
            <dst id="WASHng">356235.306666667</dst>
        </src>
    </IntraTM>
</TrafficMatrixFile>
