<?xml version="1.0" encoding="ISO-8859-1" standalone="yes"?>
<TrafficMatrixFile xsi:noNamespaceSchemaLocation="http://totem.run.montefiore.ulg.ac.be/Schema/TrafficMatrix-v1_2.xsd" xmlns:xsi="http://www.w3.org/2001/XMLSchema-instance">
    <IntraTM ASID="11537">
        <src id="ATLA-M5">
            <dst id="ATLA-M5">175.346666666667</dst>
            <dst id="ATLAng">461.192</dst>
            <dst id="CHINng">552.898666666667</dst>
            <dst id="DNVRng">162.384</dst>
            <dst id="HSTNng">470.304</dst>
            <dst id="IPLSng">2237.70666666667</dst>
            <dst id="KSCYng">1553.68</dst>
            <dst id="LOSAng">40.7546666666667</dst>
            <dst id="NYCMng">1988.67466666667</dst>
            <dst id="SNVAng">14.088</dst>
            <dst id="STTLng">637.944</dst>
            <dst id="WASHng">1774.032</dst>
        </src>
        <src id="ATLAng">
            <dst id="ATLA-M5">410.408</dst>
            <dst id="ATLAng">49179.24</dst>
            <dst id="CHINng">18567.2053333333</dst>
            <dst id="DNVRng">6582.688</dst>
            <dst id="HSTNng">6707.05066666667</dst>
            <dst id="IPLSng">22123.5706666667</dst>
            <dst id="KSCYng">4956.696</dst>
            <dst id="LOSAng">19123.8346666667</dst>
            <dst id="NYCMng">9698.46666666667</dst>
            <dst id="SNVAng">844.714666666667</dst>
            <dst id="STTLng">14503.5066666667</dst>
            <dst id="WASHng">36059.2666666667</dst>
        </src>
        <src id="CHINng">
            <dst id="ATLA-M5">1864.248</dst>
            <dst id="ATLAng">273141.413333333</dst>
            <dst id="CHINng">89340.2346666667</dst>
            <dst id="DNVRng">16422.496</dst>
            <dst id="HSTNng">18919.7973333333</dst>
            <dst id="IPLSng">66285.3253333333</dst>
            <dst id="KSCYng">15539.5306666667</dst>
            <dst id="LOSAng">53132.208</dst>
            <dst id="NYCMng">13589.912</dst>
            <dst id="SNVAng">6537.25866666667</dst>
            <dst id="STTLng">20306.0586666667</dst>
            <dst id="WASHng">53208.04</dst>
        </src>
        <src id="DNVRng">
            <dst id="ATLA-M5">248.016</dst>
            <dst id="ATLAng">8757.67466666667</dst>
            <dst id="CHINng">68864.7973333333</dst>
            <dst id="DNVRng">26119.24</dst>
            <dst id="HSTNng">18196.2426666667</dst>
            <dst id="IPLSng">16684.6773333333</dst>
            <dst id="KSCYng">20563.4</dst>
            <dst id="LOSAng">12136.3733333333</dst>
            <dst id="NYCMng">18573.9866666667</dst>
            <dst id="SNVAng">13353.4453333333</dst>
            <dst id="STTLng">30359.624</dst>
            <dst id="WASHng">21201.0746666667</dst>
        </src>
        <src id="HSTNng">
            <dst id="ATLA-M5">2966.696</dst>
            <dst id="ATLAng">9216.15733333333</dst>
            <dst id="CHINng">19621.7386666667</dst>
            <dst id="DNVRng">1802.49066666667</dst>
            <dst id="HSTNng">24041.8266666667</dst>
            <dst id="IPLSng">4693.48266666667</dst>
            <dst id="KSCYng">13577.44</dst>
            <dst id="LOSAng">7796.21333333333</dst>
            <dst id="NYCMng">2703.296</dst>
            <dst id="SNVAng">193.248</dst>
            <dst id="STTLng">6839.78666666667</dst>
            <dst id="WASHng">31584.5866666667</dst>
        </src>
        <src id="IPLSng">
            <dst id="ATLA-M5">316.554666666667</dst>
            <dst id="ATLAng">13062.392</dst>
            <dst id="CHINng">41829.008</dst>
            <dst id="DNVRng">9152.456</dst>
            <dst id="HSTNng">3961.56533333333</dst>
            <dst id="IPLSng">11752.2426666667</dst>
            <dst id="KSCYng">13560.1573333333</dst>
            <dst id="LOSAng">15971.9146666667</dst>
            <dst id="NYCMng">6354.41866666667</dst>
            <dst id="SNVAng">1376.26933333333</dst>
            <dst id="STTLng">32094.568</dst>
            <dst id="WASHng">22769.1946666667</dst>
        </src>
        <src id="KSCYng">
            <dst id="ATLA-M5">315.434666666667</dst>
            <dst id="ATLAng">9569.704</dst>
            <dst id="CHINng">23910.152</dst>
            <dst id="DNVRng">9251.736</dst>
            <dst id="HSTNng">6725.77866666667</dst>
            <dst id="IPLSng">27067.2213333333</dst>
            <dst id="KSCYng">22370.344</dst>
            <dst id="LOSAng">5456.41866666667</dst>
            <dst id="NYCMng">5314.86933333333</dst>
            <dst id="SNVAng">3478.36</dst>
            <dst id="STTLng">11697.136</dst>
            <dst id="WASHng">23991.5946666667</dst>
        </src>
        <src id="LOSAng">
            <dst id="ATLA-M5">205.829333333333</dst>
            <dst id="ATLAng">12776.864</dst>
            <dst id="CHINng">6416327.46666667</dst>
            <dst id="DNVRng">33775.256</dst>
            <dst id="HSTNng">9980.408</dst>
            <dst id="IPLSng">32119.3066666667</dst>
            <dst id="KSCYng">4395.60266666667</dst>
            <dst id="LOSAng">14121.104</dst>
            <dst id="NYCMng">48571.416</dst>
            <dst id="SNVAng">19954.5493333333</dst>
            <dst id="STTLng">60007.1973333333</dst>
            <dst id="WASHng">56670.4906666667</dst>
        </src>
        <src id="NYCMng">
            <dst id="ATLA-M5">1412.63466666667</dst>
            <dst id="ATLAng">29798.6373333333</dst>
            <dst id="CHINng">29311.6346666667</dst>
            <dst id="DNVRng">19464.7386666667</dst>
            <dst id="HSTNng">24098.6533333333</dst>
            <dst id="IPLSng">25929.2453333333</dst>
            <dst id="KSCYng">13043.1333333333</dst>
            <dst id="LOSAng">76894.1573333333</dst>
            <dst id="NYCMng">85665.416</dst>
            <dst id="SNVAng">3407.84533333333</dst>
            <dst id="STTLng">25748.1466666667</dst>
            <dst id="WASHng">99435.0586666667</dst>
        </src>
        <src id="SNVAng">
            <dst id="ATLA-M5">0</dst>
            <dst id="ATLAng">53.3333333333333</dst>
            <dst id="CHINng">53.3333333333333</dst>
            <dst id="DNVRng">1782.82666666667</dst>
            <dst id="HSTNng">0</dst>
            <dst id="IPLSng">497.912</dst>
            <dst id="KSCYng">0</dst>
            <dst id="LOSAng">7294.26133333333</dst>
            <dst id="NYCMng">369.234666666667</dst>
            <dst id="SNVAng">9506.36266666667</dst>
            <dst id="STTLng">25174.576</dst>
            <dst id="WASHng">95.9066666666667</dst>
        </src>
        <src id="STTLng">
            <dst id="ATLA-M5">2181.43733333333</dst>
            <dst id="ATLAng">25658.4053333333</dst>
            <dst id="CHINng">40158.056</dst>
            <dst id="DNVRng">15948.448</dst>
            <dst id="HSTNng">14710.5306666667</dst>
            <dst id="IPLSng">44473.1333333333</dst>
            <dst id="KSCYng">21535.7306666667</dst>
            <dst id="LOSAng">44366.8773333333</dst>
            <dst id="NYCMng">12665.992</dst>
            <dst id="SNVAng">6805.248</dst>
            <dst id="STTLng">26577.6453333333</dst>
            <dst id="WASHng">47531.6053333333</dst>
        </src>
        <src id="WASHng">
            <dst id="ATLA-M5">853.866666666666</dst>
            <dst id="ATLAng">94090.808</dst>
            <dst id="CHINng">80967.696</dst>
            <dst id="DNVRng">55566.36</dst>
            <dst id="HSTNng">26779.1173333333</dst>
            <dst id="IPLSng">58248.8106666667</dst>
            <dst id="KSCYng">25635.448</dst>
            <dst id="LOSAng">92155.6533333333</dst>
            <dst id="NYCMng">181310.026666667</dst>
            <dst id="SNVAng">3140.928</dst>
            <dst id="STTLng">54086.024</dst>
            <dst id="WASHng">234086.632</dst>
        </src>
    </IntraTM>
</TrafficMatrixFile>
