<?xml version="1.0" encoding="ISO-8859-1" standalone="yes"?>
<TrafficMatrixFile xsi:noNamespaceSchemaLocation="http://totem.run.montefiore.ulg.ac.be/Schema/TrafficMatrix-v1_2.xsd" xmlns:xsi="http://www.w3.org/2001/XMLSchema-instance">
    <IntraTM ASID="11537">
        <src id="ATLA-M5">
            <dst id="ATLA-M5">98.5146666666667</dst>
            <dst id="ATLAng">1436.41066666667</dst>
            <dst id="CHINng">47903.2026666667</dst>
            <dst id="DNVRng">238.957333333333</dst>
            <dst id="HSTNng">544.128</dst>
            <dst id="IPLSng">1159.40266666667</dst>
            <dst id="KSCYng">452.517333333333</dst>
            <dst id="LOSAng">208.446666666667</dst>
            <dst id="NYCMng">1239.48533333333</dst>
            <dst id="SNVAng">88.4893333333333</dst>
            <dst id="STTLng">407.789333333333</dst>
            <dst id="WASHng">45361.1306666667</dst>
        </src>
        <src id="ATLAng">
            <dst id="ATLA-M5">500.136</dst>
            <dst id="ATLAng">79004.1973333333</dst>
            <dst id="CHINng">29045.7333333333</dst>
            <dst id="DNVRng">12187.896</dst>
            <dst id="HSTNng">6211.43733333333</dst>
            <dst id="IPLSng">23078.1866666667</dst>
            <dst id="KSCYng">5979.22666666667</dst>
            <dst id="LOSAng">22278.408</dst>
            <dst id="NYCMng">11684.2693333333</dst>
            <dst id="SNVAng">2124.46933333333</dst>
            <dst id="STTLng">13702.712</dst>
            <dst id="WASHng">42834.2773333333</dst>
        </src>
        <src id="CHINng">
            <dst id="ATLA-M5">585.189333333333</dst>
            <dst id="ATLAng">36760.1226666667</dst>
            <dst id="CHINng">171532.618666667</dst>
            <dst id="DNVRng">14090.9013333333</dst>
            <dst id="HSTNng">16809.8106666667</dst>
            <dst id="IPLSng">58737.5093333333</dst>
            <dst id="KSCYng">12032.9093333333</dst>
            <dst id="LOSAng">54607.744</dst>
            <dst id="NYCMng">18070.912</dst>
            <dst id="SNVAng">3707.808</dst>
            <dst id="STTLng">31064.1573333333</dst>
            <dst id="WASHng">37671.2453333333</dst>
        </src>
        <src id="DNVRng">
            <dst id="ATLA-M5">103.608</dst>
            <dst id="ATLAng">12190.6533333333</dst>
            <dst id="CHINng">32439.1733333333</dst>
            <dst id="DNVRng">11945.6533333333</dst>
            <dst id="HSTNng">16173.808</dst>
            <dst id="IPLSng">11810.032</dst>
            <dst id="KSCYng">25611.848</dst>
            <dst id="LOSAng">13170.344</dst>
            <dst id="NYCMng">7437.192</dst>
            <dst id="SNVAng">14140.464</dst>
            <dst id="STTLng">68734.2613333334</dst>
            <dst id="WASHng">20747.6213333333</dst>
        </src>
        <src id="HSTNng">
            <dst id="ATLA-M5">3818.02133333333</dst>
            <dst id="ATLAng">5746.952</dst>
            <dst id="CHINng">187488.730666667</dst>
            <dst id="DNVRng">2384.58666666667</dst>
            <dst id="HSTNng">14358.472</dst>
            <dst id="IPLSng">7198.608</dst>
            <dst id="KSCYng">9395.76</dst>
            <dst id="LOSAng">9747.16</dst>
            <dst id="NYCMng">2638.76266666667</dst>
            <dst id="SNVAng">53.3333333333333</dst>
            <dst id="STTLng">7066.248</dst>
            <dst id="WASHng">15528.7306666667</dst>
        </src>
        <src id="IPLSng">
            <dst id="ATLA-M5">856.586666666667</dst>
            <dst id="ATLAng">9829.56533333333</dst>
            <dst id="CHINng">54568.3786666667</dst>
            <dst id="DNVRng">10273.9146666667</dst>
            <dst id="HSTNng">4843.848</dst>
            <dst id="IPLSng">26128.7306666667</dst>
            <dst id="KSCYng">9822.26133333333</dst>
            <dst id="LOSAng">23833.3733333333</dst>
            <dst id="NYCMng">12594.5306666667</dst>
            <dst id="SNVAng">1883.22666666667</dst>
            <dst id="STTLng">32701.4773333333</dst>
            <dst id="WASHng">22660.9306666667</dst>
        </src>
        <src id="KSCYng">
            <dst id="ATLA-M5">400.805333333333</dst>
            <dst id="ATLAng">7299.67733333333</dst>
            <dst id="CHINng">26540.888</dst>
            <dst id="DNVRng">8951.528</dst>
            <dst id="HSTNng">5195.952</dst>
            <dst id="IPLSng">23194.4</dst>
            <dst id="KSCYng">16513.5466666667</dst>
            <dst id="LOSAng">8177.10666666667</dst>
            <dst id="NYCMng">6992.336</dst>
            <dst id="SNVAng">2383.16</dst>
            <dst id="STTLng">10635.6533333333</dst>
            <dst id="WASHng">15418.9333333333</dst>
        </src>
        <src id="LOSAng">
            <dst id="ATLA-M5">209.978666666667</dst>
            <dst id="ATLAng">14371.544</dst>
            <dst id="CHINng">147210.434666667</dst>
            <dst id="DNVRng">34846.1813333333</dst>
            <dst id="HSTNng">31740.3733333333</dst>
            <dst id="IPLSng">56798.3546666667</dst>
            <dst id="KSCYng">6669.33066666667</dst>
            <dst id="LOSAng">20771.7573333333</dst>
            <dst id="NYCMng">44180.784</dst>
            <dst id="SNVAng">20803.456</dst>
            <dst id="STTLng">70872.976</dst>
            <dst id="WASHng">68183.12</dst>
        </src>
        <src id="NYCMng">
            <dst id="ATLA-M5">1208.37066666667</dst>
            <dst id="ATLAng">28814.9866666667</dst>
            <dst id="CHINng">49784.6293333333</dst>
            <dst id="DNVRng">19120.1626666667</dst>
            <dst id="HSTNng">14731.1226666667</dst>
            <dst id="IPLSng">21947.8933333333</dst>
            <dst id="KSCYng">15738.928</dst>
            <dst id="LOSAng">59126.4293333333</dst>
            <dst id="NYCMng">175419.170666667</dst>
            <dst id="SNVAng">5256.98666666667</dst>
            <dst id="STTLng">25005.5866666667</dst>
            <dst id="WASHng">77912.064</dst>
        </src>
        <src id="SNVAng">
            <dst id="ATLA-M5">0</dst>
            <dst id="ATLAng">69.5466666666667</dst>
            <dst id="CHINng">137.952</dst>
            <dst id="DNVRng">873</dst>
            <dst id="HSTNng">26.6666666666667</dst>
            <dst id="IPLSng">1185.60533333333</dst>
            <dst id="KSCYng">53.3333333333333</dst>
            <dst id="LOSAng">7743.61866666667</dst>
            <dst id="NYCMng">40.0773333333333</dst>
            <dst id="SNVAng">7149.64266666667</dst>
            <dst id="STTLng">30985.3973333333</dst>
            <dst id="WASHng">26.6666666666667</dst>
        </src>
        <src id="STTLng">
            <dst id="ATLA-M5">1075.648</dst>
            <dst id="ATLAng">27006.0026666667</dst>
            <dst id="CHINng">49692.8</dst>
            <dst id="DNVRng">18930.2213333333</dst>
            <dst id="HSTNng">9891.16266666667</dst>
            <dst id="IPLSng">54814.304</dst>
            <dst id="KSCYng">29828.4453333333</dst>
            <dst id="LOSAng">40046.3546666667</dst>
            <dst id="NYCMng">12312.8426666667</dst>
            <dst id="SNVAng">5493.392</dst>
            <dst id="STTLng">33242.0826666667</dst>
            <dst id="WASHng">34901.008</dst>
        </src>
        <src id="WASHng">
            <dst id="ATLA-M5">3770.69066666667</dst>
            <dst id="ATLAng">99338.6666666667</dst>
            <dst id="CHINng">442025.626666667</dst>
            <dst id="DNVRng">74143.9653333333</dst>
            <dst id="HSTNng">32768.9946666667</dst>
            <dst id="IPLSng">68250.008</dst>
            <dst id="KSCYng">29451.6186666667</dst>
            <dst id="LOSAng">91745.1546666667</dst>
            <dst id="NYCMng">139034.488</dst>
            <dst id="SNVAng">18482.0426666667</dst>
            <dst id="STTLng">63226.4266666667</dst>
            <dst id="WASHng">771504.48</dst>
        </src>
    </IntraTM>
</TrafficMatrixFile>
