<?xml version="1.0" encoding="ISO-8859-1" standalone="yes"?>
<TrafficMatrixFile xsi:noNamespaceSchemaLocation="http://totem.run.montefiore.ulg.ac.be/Schema/TrafficMatrix-v1_2.xsd" xmlns:xsi="http://www.w3.org/2001/XMLSchema-instance">
    <IntraTM ASID="11537">
        <src id="ATLA-M5">
            <dst id="ATLA-M5">84.7306666666667</dst>
            <dst id="ATLAng">773.176</dst>
            <dst id="CHINng">1224.83466666667</dst>
            <dst id="DNVRng">166.52</dst>
            <dst id="HSTNng">1545.744</dst>
            <dst id="IPLSng">721.045333333333</dst>
            <dst id="KSCYng">289.861333333333</dst>
            <dst id="LOSAng">236.637333333333</dst>
            <dst id="NYCMng">3012.776</dst>
            <dst id="SNVAng">129.341333333333</dst>
            <dst id="STTLng">1173.848</dst>
            <dst id="WASHng">1291.54666666667</dst>
        </src>
        <src id="ATLAng">
            <dst id="ATLA-M5">352.549333333333</dst>
            <dst id="ATLAng">39355.608</dst>
            <dst id="CHINng">13819.032</dst>
            <dst id="DNVRng">20232.8613333333</dst>
            <dst id="HSTNng">14220.2853333333</dst>
            <dst id="IPLSng">19399.4506666667</dst>
            <dst id="KSCYng">4906.74133333333</dst>
            <dst id="LOSAng">14404.5453333333</dst>
            <dst id="NYCMng">19068.16</dst>
            <dst id="SNVAng">1705.94</dst>
            <dst id="STTLng">15111.9493333333</dst>
            <dst id="WASHng">56760.2106666667</dst>
        </src>
        <src id="CHINng">
            <dst id="ATLA-M5">4767.608</dst>
            <dst id="ATLAng">38046.5973333333</dst>
            <dst id="CHINng">120426.085333333</dst>
            <dst id="DNVRng">18040.4773333333</dst>
            <dst id="HSTNng">15237.7413333333</dst>
            <dst id="IPLSng">67488.0293333333</dst>
            <dst id="KSCYng">16504.048</dst>
            <dst id="LOSAng">31127.5546666667</dst>
            <dst id="NYCMng">17053.9466666667</dst>
            <dst id="SNVAng">5637.544</dst>
            <dst id="STTLng">30823.016</dst>
            <dst id="WASHng">34473.9626666667</dst>
        </src>
        <src id="DNVRng">
            <dst id="ATLA-M5">264.877333333333</dst>
            <dst id="ATLAng">5994.31466666667</dst>
            <dst id="CHINng">68634.9546666667</dst>
            <dst id="DNVRng">17582.3226666667</dst>
            <dst id="HSTNng">20255.608</dst>
            <dst id="IPLSng">12582.7466666667</dst>
            <dst id="KSCYng">27742.896</dst>
            <dst id="LOSAng">26257.2453333333</dst>
            <dst id="NYCMng">13125.0106666667</dst>
            <dst id="SNVAng">27417.8933333333</dst>
            <dst id="STTLng">71868</dst>
            <dst id="WASHng">30513.6426666667</dst>
        </src>
        <src id="HSTNng">
            <dst id="ATLA-M5">3147.79733333333</dst>
            <dst id="ATLAng">5198.944</dst>
            <dst id="CHINng">14273.9546666667</dst>
            <dst id="DNVRng">3904.40266666667</dst>
            <dst id="HSTNng">16805.368</dst>
            <dst id="IPLSng">4532.79733333333</dst>
            <dst id="KSCYng">13884.6266666667</dst>
            <dst id="LOSAng">7434.24533333333</dst>
            <dst id="NYCMng">6879.02666666667</dst>
            <dst id="SNVAng">575.714666666667</dst>
            <dst id="STTLng">9367.75466666667</dst>
            <dst id="WASHng">17081.9866666667</dst>
        </src>
        <src id="IPLSng">
            <dst id="ATLA-M5">1077.008</dst>
            <dst id="ATLAng">19179.8906666667</dst>
            <dst id="CHINng">74051.8213333333</dst>
            <dst id="DNVRng">20515.152</dst>
            <dst id="HSTNng">12754.3173333333</dst>
            <dst id="IPLSng">21711.12</dst>
            <dst id="KSCYng">6048.99733333333</dst>
            <dst id="LOSAng">25881.9573333333</dst>
            <dst id="NYCMng">10794.952</dst>
            <dst id="SNVAng">3179.89066666667</dst>
            <dst id="STTLng">23210.56</dst>
            <dst id="WASHng">33396.9706666667</dst>
        </src>
        <src id="KSCYng">
            <dst id="ATLA-M5">616.96</dst>
            <dst id="ATLAng">7611.49066666667</dst>
            <dst id="CHINng">26468.264</dst>
            <dst id="DNVRng">13519.0373333333</dst>
            <dst id="HSTNng">10448.2213333333</dst>
            <dst id="IPLSng">19917.384</dst>
            <dst id="KSCYng">14340.52</dst>
            <dst id="LOSAng">5622.82933333333</dst>
            <dst id="NYCMng">6416.37066666667</dst>
            <dst id="SNVAng">3611.66133333333</dst>
            <dst id="STTLng">11510.416</dst>
            <dst id="WASHng">11792.1306666667</dst>
        </src>
        <src id="LOSAng">
            <dst id="ATLA-M5">358.357333333333</dst>
            <dst id="ATLAng">47695.488</dst>
            <dst id="CHINng">105948.104</dst>
            <dst id="DNVRng">49502.176</dst>
            <dst id="HSTNng">36467.4453333333</dst>
            <dst id="IPLSng">66347.2906666667</dst>
            <dst id="KSCYng">8170.96</dst>
            <dst id="LOSAng">14089.336</dst>
            <dst id="NYCMng">46610.0266666667</dst>
            <dst id="SNVAng">18230.7333333333</dst>
            <dst id="STTLng">58822.5573333333</dst>
            <dst id="WASHng">80365.4106666667</dst>
        </src>
        <src id="NYCMng">
            <dst id="ATLA-M5">3289.12266666667</dst>
            <dst id="ATLAng">110671.44</dst>
            <dst id="CHINng">35483.1786666667</dst>
            <dst id="DNVRng">33290.3493333333</dst>
            <dst id="HSTNng">18251.2853333333</dst>
            <dst id="IPLSng">50849.9813333333</dst>
            <dst id="KSCYng">25955.9386666667</dst>
            <dst id="LOSAng">72638.0586666667</dst>
            <dst id="NYCMng">105262.901333333</dst>
            <dst id="SNVAng">9626.104</dst>
            <dst id="STTLng">26731.1466666667</dst>
            <dst id="WASHng">145374.045333333</dst>
        </src>
        <src id="SNVAng">
            <dst id="ATLA-M5">145.045333333333</dst>
            <dst id="ATLAng">186.109333333333</dst>
            <dst id="CHINng">96.36</dst>
            <dst id="DNVRng">8863.99733333333</dst>
            <dst id="HSTNng">132.605333333333</dst>
            <dst id="IPLSng">542.736</dst>
            <dst id="KSCYng">26.6666666666667</dst>
            <dst id="LOSAng">8816</dst>
            <dst id="NYCMng">87.344</dst>
            <dst id="SNVAng">12561.2373333333</dst>
            <dst id="STTLng">19791.9946666667</dst>
            <dst id="WASHng">26.6666666666667</dst>
        </src>
        <src id="STTLng">
            <dst id="ATLA-M5">1338.01333333333</dst>
            <dst id="ATLAng">41767.544</dst>
            <dst id="CHINng">69745.3813333334</dst>
            <dst id="DNVRng">45584.656</dst>
            <dst id="HSTNng">33380.9333333333</dst>
            <dst id="IPLSng">47855.184</dst>
            <dst id="KSCYng">33166.8746666667</dst>
            <dst id="LOSAng">18473.1333333333</dst>
            <dst id="NYCMng">18895.9626666667</dst>
            <dst id="SNVAng">9314.52533333333</dst>
            <dst id="STTLng">54240.0906666667</dst>
            <dst id="WASHng">51114.688</dst>
        </src>
        <src id="WASHng">
            <dst id="ATLA-M5">6710.68</dst>
            <dst id="ATLAng">124058.029333333</dst>
            <dst id="CHINng">101772.666666667</dst>
            <dst id="DNVRng">108752.176</dst>
            <dst id="HSTNng">38234.496</dst>
            <dst id="IPLSng">72021.5306666667</dst>
            <dst id="KSCYng">46409.9813333333</dst>
            <dst id="LOSAng">95019.3466666666</dst>
            <dst id="NYCMng">167134.781333333</dst>
            <dst id="SNVAng">14207.1733333333</dst>
            <dst id="STTLng">64700.816</dst>
            <dst id="WASHng">262420.976</dst>
        </src>
    </IntraTM>
</TrafficMatrixFile>
