<?xml version="1.0" encoding="ISO-8859-1" standalone="yes"?>
<TrafficMatrixFile xsi:noNamespaceSchemaLocation="http://totem.run.montefiore.ulg.ac.be/Schema/TrafficMatrix-v1_2.xsd" xmlns:xsi="http://www.w3.org/2001/XMLSchema-instance">
    <IntraTM ASID="11537">
        <src id="ATLA-M5">
            <dst id="ATLA-M5">116.194666666667</dst>
            <dst id="ATLAng">1075.40266666667</dst>
            <dst id="CHINng">1127.66666666667</dst>
            <dst id="DNVRng">663.482666666667</dst>
            <dst id="HSTNng">309.52</dst>
            <dst id="IPLSng">525.074666666667</dst>
            <dst id="KSCYng">786.056</dst>
            <dst id="LOSAng">66.6666666666667</dst>
            <dst id="NYCMng">1370.896</dst>
            <dst id="SNVAng">13.3333333333333</dst>
            <dst id="STTLng">1400.408</dst>
            <dst id="WASHng">1158.912</dst>
        </src>
        <src id="ATLAng">
            <dst id="ATLA-M5">339.504</dst>
            <dst id="ATLAng">62308.0666666667</dst>
            <dst id="CHINng">41961.3333333333</dst>
            <dst id="DNVRng">5061.632</dst>
            <dst id="HSTNng">18233.488</dst>
            <dst id="IPLSng">24158.9866666667</dst>
            <dst id="KSCYng">8630.38133333333</dst>
            <dst id="LOSAng">25172.2506666667</dst>
            <dst id="NYCMng">9921.99733333333</dst>
            <dst id="SNVAng">1753.10666666667</dst>
            <dst id="STTLng">28971.6266666667</dst>
            <dst id="WASHng">57176.0746666667</dst>
        </src>
        <src id="CHINng">
            <dst id="ATLA-M5">1945.68533333333</dst>
            <dst id="ATLAng">38245.6906666667</dst>
            <dst id="CHINng">156082.368</dst>
            <dst id="DNVRng">34240.9546666667</dst>
            <dst id="HSTNng">22162.6533333333</dst>
            <dst id="IPLSng">75484.2533333333</dst>
            <dst id="KSCYng">19624.8106666667</dst>
            <dst id="LOSAng">39987.808</dst>
            <dst id="NYCMng">20776.6986666667</dst>
            <dst id="SNVAng">6420.13066666667</dst>
            <dst id="STTLng">43183.6106666667</dst>
            <dst id="WASHng">41999.3973333333</dst>
        </src>
        <src id="DNVRng">
            <dst id="ATLA-M5">525.034666666667</dst>
            <dst id="ATLAng">9985.77066666667</dst>
            <dst id="CHINng">36054.8506666667</dst>
            <dst id="DNVRng">9405.85866666667</dst>
            <dst id="HSTNng">24098.5093333333</dst>
            <dst id="IPLSng">23690.6506666667</dst>
            <dst id="KSCYng">19228.968</dst>
            <dst id="LOSAng">13956.3973333333</dst>
            <dst id="NYCMng">12168.9226666667</dst>
            <dst id="SNVAng">14722.304</dst>
            <dst id="STTLng">26700.7893333333</dst>
            <dst id="WASHng">25652.2</dst>
        </src>
        <src id="HSTNng">
            <dst id="ATLA-M5">773.112</dst>
            <dst id="ATLAng">7212.72266666667</dst>
            <dst id="CHINng">19798.2986666667</dst>
            <dst id="DNVRng">5086.01066666667</dst>
            <dst id="HSTNng">17392.8026666667</dst>
            <dst id="IPLSng">8353.232</dst>
            <dst id="KSCYng">6363.752</dst>
            <dst id="LOSAng">7151.99733333333</dst>
            <dst id="NYCMng">4968.02133333333</dst>
            <dst id="SNVAng">1316.29333333333</dst>
            <dst id="STTLng">14902.424</dst>
            <dst id="WASHng">18102.08</dst>
        </src>
        <src id="IPLSng">
            <dst id="ATLA-M5">857.117333333333</dst>
            <dst id="ATLAng">24724.0906666667</dst>
            <dst id="CHINng">86616.856</dst>
            <dst id="DNVRng">30187.0346666667</dst>
            <dst id="HSTNng">9277.04533333334</dst>
            <dst id="IPLSng">34315.7226666667</dst>
            <dst id="KSCYng">22344.7973333333</dst>
            <dst id="LOSAng">38071.296</dst>
            <dst id="NYCMng">25509.1573333333</dst>
            <dst id="SNVAng">3380.38666666667</dst>
            <dst id="STTLng">32399.1866666667</dst>
            <dst id="WASHng">42478.0186666667</dst>
        </src>
        <src id="KSCYng">
            <dst id="ATLA-M5">779.952</dst>
            <dst id="ATLAng">19116.944</dst>
            <dst id="CHINng">32467.1493333333</dst>
            <dst id="DNVRng">11085.104</dst>
            <dst id="HSTNng">4288.23733333333</dst>
            <dst id="IPLSng">21912.5386666667</dst>
            <dst id="KSCYng">7032.52266666667</dst>
            <dst id="LOSAng">9959.968</dst>
            <dst id="NYCMng">6157.50133333333</dst>
            <dst id="SNVAng">4090.92</dst>
            <dst id="STTLng">15150.624</dst>
            <dst id="WASHng">13903.0053333333</dst>
        </src>
        <src id="LOSAng">
            <dst id="ATLA-M5">271.402666666667</dst>
            <dst id="ATLAng">29199.4933333333</dst>
            <dst id="CHINng">100080.453333333</dst>
            <dst id="DNVRng">44733.8133333333</dst>
            <dst id="HSTNng">8077.99733333333</dst>
            <dst id="IPLSng">34796.8986666667</dst>
            <dst id="KSCYng">7340.51466666667</dst>
            <dst id="LOSAng">9433.50933333333</dst>
            <dst id="NYCMng">39367.1146666667</dst>
            <dst id="SNVAng">27357.5333333333</dst>
            <dst id="STTLng">76379.3013333333</dst>
            <dst id="WASHng">76299.904</dst>
        </src>
        <src id="NYCMng">
            <dst id="ATLA-M5">1307.19733333333</dst>
            <dst id="ATLAng">54708.3786666667</dst>
            <dst id="CHINng">48238.192</dst>
            <dst id="DNVRng">29422.5893333333</dst>
            <dst id="HSTNng">18055.384</dst>
            <dst id="IPLSng">57487.1786666667</dst>
            <dst id="KSCYng">16749.0693333333</dst>
            <dst id="LOSAng">67290.1733333333</dst>
            <dst id="NYCMng">219038.682666667</dst>
            <dst id="SNVAng">5866.744</dst>
            <dst id="STTLng">24482.6453333333</dst>
            <dst id="WASHng">122979.250666667</dst>
        </src>
        <src id="SNVAng">
            <dst id="ATLA-M5">0</dst>
            <dst id="ATLAng">26.6666666666667</dst>
            <dst id="CHINng">84.2026666666667</dst>
            <dst id="DNVRng">6005.504</dst>
            <dst id="HSTNng">567.642666666667</dst>
            <dst id="IPLSng">582.96</dst>
            <dst id="KSCYng">120.784</dst>
            <dst id="LOSAng">7526.6</dst>
            <dst id="NYCMng">174.557333333333</dst>
            <dst id="SNVAng">12041.2266666667</dst>
            <dst id="STTLng">19695.2373333333</dst>
            <dst id="WASHng">319.093333333333</dst>
        </src>
        <src id="STTLng">
            <dst id="ATLA-M5">3426.59466666667</dst>
            <dst id="ATLAng">75012.2053333333</dst>
            <dst id="CHINng">107938.12</dst>
            <dst id="DNVRng">42620.104</dst>
            <dst id="HSTNng">50082.008</dst>
            <dst id="IPLSng">105466.84</dst>
            <dst id="KSCYng">55778.0613333333</dst>
            <dst id="LOSAng">17797.1173333333</dst>
            <dst id="NYCMng">26642.8</dst>
            <dst id="SNVAng">10643.1306666667</dst>
            <dst id="STTLng">42176.792</dst>
            <dst id="WASHng">98718.8186666667</dst>
        </src>
        <src id="WASHng">
            <dst id="ATLA-M5">4735.56533333333</dst>
            <dst id="ATLAng">105850.690666667</dst>
            <dst id="CHINng">83351.1386666667</dst>
            <dst id="DNVRng">81063.0666666667</dst>
            <dst id="HSTNng">32135.104</dst>
            <dst id="IPLSng">102929.853333333</dst>
            <dst id="KSCYng">25664.6906666667</dst>
            <dst id="LOSAng">90444.936</dst>
            <dst id="NYCMng">234386.008</dst>
            <dst id="SNVAng">12789.1466666667</dst>
            <dst id="STTLng">63840.8906666667</dst>
            <dst id="WASHng">280888.693333333</dst>
        </src>
    </IntraTM>
</TrafficMatrixFile>
