<?xml version="1.0" encoding="ISO-8859-1" standalone="yes"?>
<TrafficMatrixFile xsi:noNamespaceSchemaLocation="http://totem.run.montefiore.ulg.ac.be/Schema/TrafficMatrix-v1_2.xsd" xmlns:xsi="http://www.w3.org/2001/XMLSchema-instance">
    <IntraTM ASID="11537">
        <src id="ATLA-M5">
            <dst id="ATLA-M5">26.6666666666667</dst>
            <dst id="ATLAng">788.101333333333</dst>
            <dst id="CHINng">2501.73333333333</dst>
            <dst id="DNVRng">288.490666666667</dst>
            <dst id="HSTNng">166.290666666667</dst>
            <dst id="IPLSng">1117.056</dst>
            <dst id="KSCYng">529.352</dst>
            <dst id="LOSAng">734.072</dst>
            <dst id="NYCMng">2811.864</dst>
            <dst id="SNVAng">392.157333333333</dst>
            <dst id="STTLng">694.634666666667</dst>
            <dst id="WASHng">841.229333333333</dst>
        </src>
        <src id="ATLAng">
            <dst id="ATLA-M5">297.925333333333</dst>
            <dst id="ATLAng">56204.9173333333</dst>
            <dst id="CHINng">20855.696</dst>
            <dst id="DNVRng">4948.312</dst>
            <dst id="HSTNng">5508.58666666667</dst>
            <dst id="IPLSng">25598.2533333333</dst>
            <dst id="KSCYng">7131.912</dst>
            <dst id="LOSAng">17628.32</dst>
            <dst id="NYCMng">8760.616</dst>
            <dst id="SNVAng">639.050666666667</dst>
            <dst id="STTLng">15485.0133333333</dst>
            <dst id="WASHng">42486.2906666667</dst>
        </src>
        <src id="CHINng">
            <dst id="ATLA-M5">1405.36533333333</dst>
            <dst id="ATLAng">202854.322666667</dst>
            <dst id="CHINng">62971.2826666667</dst>
            <dst id="DNVRng">15421.456</dst>
            <dst id="HSTNng">12303.1866666667</dst>
            <dst id="IPLSng">88749.2373333334</dst>
            <dst id="KSCYng">17619.952</dst>
            <dst id="LOSAng">45511.8266666667</dst>
            <dst id="NYCMng">10207.0933333333</dst>
            <dst id="SNVAng">4650.60266666667</dst>
            <dst id="STTLng">24594.6613333333</dst>
            <dst id="WASHng">30221.912</dst>
        </src>
        <src id="DNVRng">
            <dst id="ATLA-M5">316.850666666667</dst>
            <dst id="ATLAng">6414.74133333333</dst>
            <dst id="CHINng">31309.056</dst>
            <dst id="DNVRng">17018.4133333333</dst>
            <dst id="HSTNng">8938.45066666667</dst>
            <dst id="IPLSng">9606.256</dst>
            <dst id="KSCYng">18638.6693333333</dst>
            <dst id="LOSAng">15438.2186666667</dst>
            <dst id="NYCMng">8102.34933333333</dst>
            <dst id="SNVAng">10539.6826666667</dst>
            <dst id="STTLng">25064.92</dst>
            <dst id="WASHng">25488.8293333333</dst>
        </src>
        <src id="HSTNng">
            <dst id="ATLA-M5">1720.01066666667</dst>
            <dst id="ATLAng">3531.70133333333</dst>
            <dst id="CHINng">17014.1173333333</dst>
            <dst id="DNVRng">3131.68533333333</dst>
            <dst id="HSTNng">12532.9306666667</dst>
            <dst id="IPLSng">4394.896</dst>
            <dst id="KSCYng">9207.72266666667</dst>
            <dst id="LOSAng">2687.37333333333</dst>
            <dst id="NYCMng">2609.088</dst>
            <dst id="SNVAng">113.568</dst>
            <dst id="STTLng">8418.096</dst>
            <dst id="WASHng">5713.61333333333</dst>
        </src>
        <src id="IPLSng">
            <dst id="ATLA-M5">412.085333333333</dst>
            <dst id="ATLAng">11474.3706666667</dst>
            <dst id="CHINng">55387.0426666667</dst>
            <dst id="DNVRng">5471.632</dst>
            <dst id="HSTNng">5701.70933333333</dst>
            <dst id="IPLSng">35346.824</dst>
            <dst id="KSCYng">18699.5706666667</dst>
            <dst id="LOSAng">18256.7066666667</dst>
            <dst id="NYCMng">12657.8053333333</dst>
            <dst id="SNVAng">999.042666666667</dst>
            <dst id="STTLng">39852.064</dst>
            <dst id="WASHng">20227.0533333333</dst>
        </src>
        <src id="KSCYng">
            <dst id="ATLA-M5">264.221333333333</dst>
            <dst id="ATLAng">5566.98666666667</dst>
            <dst id="CHINng">19276.4586666667</dst>
            <dst id="DNVRng">9741.096</dst>
            <dst id="HSTNng">7379.88266666667</dst>
            <dst id="IPLSng">16003.7093333333</dst>
            <dst id="KSCYng">10685.792</dst>
            <dst id="LOSAng">6654.92</dst>
            <dst id="NYCMng">7937.77866666667</dst>
            <dst id="SNVAng">2911.12</dst>
            <dst id="STTLng">9151.608</dst>
            <dst id="WASHng">16091.352</dst>
        </src>
        <src id="LOSAng">
            <dst id="ATLA-M5">163.749333333333</dst>
            <dst id="ATLAng">38363.584</dst>
            <dst id="CHINng">6321934.13333333</dst>
            <dst id="DNVRng">14370.8906666667</dst>
            <dst id="HSTNng">5359.552</dst>
            <dst id="IPLSng">23835.2213333333</dst>
            <dst id="KSCYng">15746.4026666667</dst>
            <dst id="LOSAng">16640.4133333333</dst>
            <dst id="NYCMng">48474.0746666667</dst>
            <dst id="SNVAng">19762.328</dst>
            <dst id="STTLng">62256.3946666667</dst>
            <dst id="WASHng">54266.7653333333</dst>
        </src>
        <src id="NYCMng">
            <dst id="ATLA-M5">774.773333333333</dst>
            <dst id="ATLAng">31702.2853333333</dst>
            <dst id="CHINng">29216.6426666667</dst>
            <dst id="DNVRng">20614.8693333333</dst>
            <dst id="HSTNng">17564.752</dst>
            <dst id="IPLSng">23115.88</dst>
            <dst id="KSCYng">16253.536</dst>
            <dst id="LOSAng">57858.512</dst>
            <dst id="NYCMng">100693.205333333</dst>
            <dst id="SNVAng">3029.72266666667</dst>
            <dst id="STTLng">43750.2666666667</dst>
            <dst id="WASHng">101709.010666667</dst>
        </src>
        <src id="SNVAng">
            <dst id="ATLA-M5">0</dst>
            <dst id="ATLAng">297.109333333333</dst>
            <dst id="CHINng">26.6666666666667</dst>
            <dst id="DNVRng">11190.3866666667</dst>
            <dst id="HSTNng">26.6666666666667</dst>
            <dst id="IPLSng">347.677333333333</dst>
            <dst id="KSCYng">53.3333333333333</dst>
            <dst id="LOSAng">6409.368</dst>
            <dst id="NYCMng">271.584</dst>
            <dst id="SNVAng">8146.85333333333</dst>
            <dst id="STTLng">17000.5626666667</dst>
            <dst id="WASHng">80</dst>
        </src>
        <src id="STTLng">
            <dst id="ATLA-M5">2118.31733333333</dst>
            <dst id="ATLAng">25190.2</dst>
            <dst id="CHINng">27912.024</dst>
            <dst id="DNVRng">11097.7493333333</dst>
            <dst id="HSTNng">7159.07466666667</dst>
            <dst id="IPLSng">23953.6906666667</dst>
            <dst id="KSCYng">16779.224</dst>
            <dst id="LOSAng">40802.6346666667</dst>
            <dst id="NYCMng">11954.5013333333</dst>
            <dst id="SNVAng">3504.408</dst>
            <dst id="STTLng">24818.8453333333</dst>
            <dst id="WASHng">27514.5066666667</dst>
        </src>
        <src id="WASHng">
            <dst id="ATLA-M5">5498.12266666667</dst>
            <dst id="ATLAng">71746.336</dst>
            <dst id="CHINng">84392.88</dst>
            <dst id="DNVRng">49472.3493333333</dst>
            <dst id="HSTNng">67544.9333333333</dst>
            <dst id="IPLSng">54096.7146666667</dst>
            <dst id="KSCYng">22778.6693333333</dst>
            <dst id="LOSAng">94778.7306666667</dst>
            <dst id="NYCMng">160306.562666667</dst>
            <dst id="SNVAng">2546.144</dst>
            <dst id="STTLng">54990.8133333333</dst>
            <dst id="WASHng">304603.946666667</dst>
        </src>
    </IntraTM>
</TrafficMatrixFile>
