<?xml version="1.0" encoding="ISO-8859-1" standalone="yes"?>
<TrafficMatrixFile xsi:noNamespaceSchemaLocation="http://totem.run.montefiore.ulg.ac.be/Schema/TrafficMatrix-v1_2.xsd" xmlns:xsi="http://www.w3.org/2001/XMLSchema-instance">
    <IntraTM ASID="11537">
        <src id="ATLA-M5">
            <dst id="ATLA-M5">0</dst>
            <dst id="ATLAng">1431.55466666667</dst>
            <dst id="CHINng">954.869333333334</dst>
            <dst id="DNVRng">823.096</dst>
            <dst id="HSTNng">134.981333333333</dst>
            <dst id="IPLSng">1570.73333333333</dst>
            <dst id="KSCYng">658.272</dst>
            <dst id="LOSAng">183.732</dst>
            <dst id="NYCMng">1283.392</dst>
            <dst id="SNVAng">59.8813333333333</dst>
            <dst id="STTLng">756.944</dst>
            <dst id="WASHng">905.192</dst>
        </src>
        <src id="ATLAng">
            <dst id="ATLA-M5">1546.26933333333</dst>
            <dst id="ATLAng">42113.7626666667</dst>
            <dst id="CHINng">16514.6266666667</dst>
            <dst id="DNVRng">7966.52266666667</dst>
            <dst id="HSTNng">8093.13866666667</dst>
            <dst id="IPLSng">23297.544</dst>
            <dst id="KSCYng">5971.44266666667</dst>
            <dst id="LOSAng">26955.136</dst>
            <dst id="NYCMng">16908.3386666667</dst>
            <dst id="SNVAng">683.452</dst>
            <dst id="STTLng">16440.2373333333</dst>
            <dst id="WASHng">44129.32</dst>
        </src>
        <src id="CHINng">
            <dst id="ATLA-M5">1709.98666666667</dst>
            <dst id="ATLAng">20964.168</dst>
            <dst id="CHINng">71828.8986666666</dst>
            <dst id="DNVRng">19245.5413333333</dst>
            <dst id="HSTNng">15321.168</dst>
            <dst id="IPLSng">55384.0933333333</dst>
            <dst id="KSCYng">15298.4213333333</dst>
            <dst id="LOSAng">48436.5013333333</dst>
            <dst id="NYCMng">12296.1813333333</dst>
            <dst id="SNVAng">6844.984</dst>
            <dst id="STTLng">21861.776</dst>
            <dst id="WASHng">44887.8666666667</dst>
        </src>
        <src id="DNVRng">
            <dst id="ATLA-M5">229.256</dst>
            <dst id="ATLAng">7524.544</dst>
            <dst id="CHINng">33530.5866666667</dst>
            <dst id="DNVRng">21858.12</dst>
            <dst id="HSTNng">12874.096</dst>
            <dst id="IPLSng">11888.9706666667</dst>
            <dst id="KSCYng">19793.056</dst>
            <dst id="LOSAng">17439.3733333333</dst>
            <dst id="NYCMng">22048.8346666667</dst>
            <dst id="SNVAng">11600.784</dst>
            <dst id="STTLng">23092.336</dst>
            <dst id="WASHng">24254.392</dst>
        </src>
        <src id="HSTNng">
            <dst id="ATLA-M5">2884.21333333333</dst>
            <dst id="ATLAng">3674.6</dst>
            <dst id="CHINng">10208.44</dst>
            <dst id="DNVRng">1506.864</dst>
            <dst id="HSTNng">15967.272</dst>
            <dst id="IPLSng">6427.25066666667</dst>
            <dst id="KSCYng">7673.44266666667</dst>
            <dst id="LOSAng">34661.5706666667</dst>
            <dst id="NYCMng">2118.11466666667</dst>
            <dst id="SNVAng">183.938666666667</dst>
            <dst id="STTLng">5774.63466666667</dst>
            <dst id="WASHng">17620.1226666667</dst>
        </src>
        <src id="IPLSng">
            <dst id="ATLA-M5">590.837333333333</dst>
            <dst id="ATLAng">15476.9333333333</dst>
            <dst id="CHINng">50293.7013333333</dst>
            <dst id="DNVRng">12418.3333333333</dst>
            <dst id="HSTNng">3109.12266666667</dst>
            <dst id="IPLSng">10766.472</dst>
            <dst id="KSCYng">14531.5706666667</dst>
            <dst id="LOSAng">18957.3866666667</dst>
            <dst id="NYCMng">11420.504</dst>
            <dst id="SNVAng">1363.56266666667</dst>
            <dst id="STTLng">35081.8293333333</dst>
            <dst id="WASHng">27077.9226666667</dst>
        </src>
        <src id="KSCYng">
            <dst id="ATLA-M5">231.405333333333</dst>
            <dst id="ATLAng">13896.8186666667</dst>
            <dst id="CHINng">29450.992</dst>
            <dst id="DNVRng">9167.94933333333</dst>
            <dst id="HSTNng">4337.93333333333</dst>
            <dst id="IPLSng">18596.4986666667</dst>
            <dst id="KSCYng">8764.82933333333</dst>
            <dst id="LOSAng">4741.376</dst>
            <dst id="NYCMng">7200.736</dst>
            <dst id="SNVAng">2418.504</dst>
            <dst id="STTLng">14392.6106666667</dst>
            <dst id="WASHng">15976.392</dst>
        </src>
        <src id="LOSAng">
            <dst id="ATLA-M5">623.064</dst>
            <dst id="ATLAng">16558.2373333333</dst>
            <dst id="CHINng">6377185.33333333</dst>
            <dst id="DNVRng">19978.4906666667</dst>
            <dst id="HSTNng">9177.88533333334</dst>
            <dst id="IPLSng">44279.792</dst>
            <dst id="KSCYng">7505.55466666667</dst>
            <dst id="LOSAng">13044.7733333333</dst>
            <dst id="NYCMng">49474.072</dst>
            <dst id="SNVAng">21782.416</dst>
            <dst id="STTLng">67884.7173333333</dst>
            <dst id="WASHng">58544.72</dst>
        </src>
        <src id="NYCMng">
            <dst id="ATLA-M5">6312.944</dst>
            <dst id="ATLAng">34392.4613333333</dst>
            <dst id="CHINng">26597.1306666667</dst>
            <dst id="DNVRng">16366.64</dst>
            <dst id="HSTNng">10602.6746666667</dst>
            <dst id="IPLSng">44954.6186666667</dst>
            <dst id="KSCYng">14738.08</dst>
            <dst id="LOSAng">79076.5573333333</dst>
            <dst id="NYCMng">86894.096</dst>
            <dst id="SNVAng">4598.256</dst>
            <dst id="STTLng">29518.248</dst>
            <dst id="WASHng">135821.842666667</dst>
        </src>
        <src id="SNVAng">
            <dst id="ATLA-M5">0</dst>
            <dst id="ATLAng">26.6666666666667</dst>
            <dst id="CHINng">53.8213333333333</dst>
            <dst id="DNVRng">7557.28266666667</dst>
            <dst id="HSTNng">0</dst>
            <dst id="IPLSng">540.536</dst>
            <dst id="KSCYng">0</dst>
            <dst id="LOSAng">11151.9813333333</dst>
            <dst id="NYCMng">38.152</dst>
            <dst id="SNVAng">9760.40266666667</dst>
            <dst id="STTLng">24622.8106666667</dst>
            <dst id="WASHng">1526.25066666667</dst>
        </src>
        <src id="STTLng">
            <dst id="ATLA-M5">1167.856</dst>
            <dst id="ATLAng">28900.8266666667</dst>
            <dst id="CHINng">48827.2213333333</dst>
            <dst id="DNVRng">23510.928</dst>
            <dst id="HSTNng">10764.432</dst>
            <dst id="IPLSng">39702.6666666667</dst>
            <dst id="KSCYng">25364.3333333333</dst>
            <dst id="LOSAng">48830.528</dst>
            <dst id="NYCMng">11625.808</dst>
            <dst id="SNVAng">5261.94933333333</dst>
            <dst id="STTLng">36404.04</dst>
            <dst id="WASHng">48166.904</dst>
        </src>
        <src id="WASHng">
            <dst id="ATLA-M5">3794.94933333333</dst>
            <dst id="ATLAng">130630.261333333</dst>
            <dst id="CHINng">76614.664</dst>
            <dst id="DNVRng">54999.2586666667</dst>
            <dst id="HSTNng">31921.216</dst>
            <dst id="IPLSng">52329.0693333333</dst>
            <dst id="KSCYng">25508.048</dst>
            <dst id="LOSAng">117331.306666667</dst>
            <dst id="NYCMng">198932.666666667</dst>
            <dst id="SNVAng">4702.288</dst>
            <dst id="STTLng">46150.28</dst>
            <dst id="WASHng">216167.914666667</dst>
        </src>
    </IntraTM>
</TrafficMatrixFile>
