<?xml version="1.0" encoding="ISO-8859-1" standalone="yes"?>
<TrafficMatrixFile xsi:noNamespaceSchemaLocation="http://totem.run.montefiore.ulg.ac.be/Schema/TrafficMatrix-v1_2.xsd" xmlns:xsi="http://www.w3.org/2001/XMLSchema-instance">
    <IntraTM ASID="11537">
        <src id="ATLA-M5">
            <dst id="ATLA-M5">0</dst>
            <dst id="ATLAng">355.205333333333</dst>
            <dst id="CHINng">1070.80266666667</dst>
            <dst id="DNVRng">85.48</dst>
            <dst id="HSTNng">119.48</dst>
            <dst id="IPLSng">371.242666666667</dst>
            <dst id="KSCYng">53.3333333333333</dst>
            <dst id="LOSAng">77.8346666666667</dst>
            <dst id="NYCMng">53.3333333333333</dst>
            <dst id="SNVAng">95.1813333333333</dst>
            <dst id="STTLng">313.837333333333</dst>
            <dst id="WASHng">1092.33066666667</dst>
        </src>
        <src id="ATLAng">
            <dst id="ATLA-M5">234.757333333333</dst>
            <dst id="ATLAng">63279.56</dst>
            <dst id="CHINng">10894.24</dst>
            <dst id="DNVRng">2722.40266666667</dst>
            <dst id="HSTNng">1326.92533333333</dst>
            <dst id="IPLSng">22795.9146666667</dst>
            <dst id="KSCYng">1581.112</dst>
            <dst id="LOSAng">19980.4813333333</dst>
            <dst id="NYCMng">9185.02933333333</dst>
            <dst id="SNVAng">608.134666666667</dst>
            <dst id="STTLng">8685.088</dst>
            <dst id="WASHng">54487.144</dst>
        </src>
        <src id="CHINng">
            <dst id="ATLA-M5">806.416</dst>
            <dst id="ATLAng">18004.0586666667</dst>
            <dst id="CHINng">91624.5173333334</dst>
            <dst id="DNVRng">19325.28</dst>
            <dst id="HSTNng">8745.65866666667</dst>
            <dst id="IPLSng">41902.952</dst>
            <dst id="KSCYng">8495.584</dst>
            <dst id="LOSAng">31904.7093333333</dst>
            <dst id="NYCMng">22601.24</dst>
            <dst id="SNVAng">4298.01866666667</dst>
            <dst id="STTLng">16882.1706666667</dst>
            <dst id="WASHng">14074.904</dst>
        </src>
        <src id="DNVRng">
            <dst id="ATLA-M5">610.314666666667</dst>
            <dst id="ATLAng">9578.82933333333</dst>
            <dst id="CHINng">50734.8453333333</dst>
            <dst id="DNVRng">17462.032</dst>
            <dst id="HSTNng">15228.0426666667</dst>
            <dst id="IPLSng">11517.6053333333</dst>
            <dst id="KSCYng">21747.7226666667</dst>
            <dst id="LOSAng">16499.8133333333</dst>
            <dst id="NYCMng">4531.73866666667</dst>
            <dst id="SNVAng">16284.8533333333</dst>
            <dst id="STTLng">18777.84</dst>
            <dst id="WASHng">17795.5893333333</dst>
        </src>
        <src id="HSTNng">
            <dst id="ATLA-M5">2728.87733333333</dst>
            <dst id="ATLAng">1883.288</dst>
            <dst id="CHINng">22482.3226666667</dst>
            <dst id="DNVRng">1748.46933333333</dst>
            <dst id="HSTNng">14522.856</dst>
            <dst id="IPLSng">2083.352</dst>
            <dst id="KSCYng">8800.672</dst>
            <dst id="LOSAng">3889.50933333333</dst>
            <dst id="NYCMng">2657.94133333333</dst>
            <dst id="SNVAng">101.92</dst>
            <dst id="STTLng">2800.32266666667</dst>
            <dst id="WASHng">3163.128</dst>
        </src>
        <src id="IPLSng">
            <dst id="ATLA-M5">459.005333333333</dst>
            <dst id="ATLAng">5478.74666666667</dst>
            <dst id="CHINng">70264.1386666667</dst>
            <dst id="DNVRng">9389.984</dst>
            <dst id="HSTNng">652.624</dst>
            <dst id="IPLSng">22248.936</dst>
            <dst id="KSCYng">7440.336</dst>
            <dst id="LOSAng">12882.1946666667</dst>
            <dst id="NYCMng">7726.94666666667</dst>
            <dst id="SNVAng">667.365333333333</dst>
            <dst id="STTLng">23148.3173333333</dst>
            <dst id="WASHng">24797.0533333333</dst>
        </src>
        <src id="KSCYng">
            <dst id="ATLA-M5">28.056</dst>
            <dst id="ATLAng">6245.90133333334</dst>
            <dst id="CHINng">28839.3866666667</dst>
            <dst id="DNVRng">6905.00533333333</dst>
            <dst id="HSTNng">3546.15466666667</dst>
            <dst id="IPLSng">17394.6106666667</dst>
            <dst id="KSCYng">16230.48</dst>
            <dst id="LOSAng">3483.928</dst>
            <dst id="NYCMng">4936.96266666667</dst>
            <dst id="SNVAng">3515.20533333333</dst>
            <dst id="STTLng">5835.28</dst>
            <dst id="WASHng">10700.856</dst>
        </src>
        <src id="LOSAng">
            <dst id="ATLA-M5">257.96</dst>
            <dst id="ATLAng">7799.04533333333</dst>
            <dst id="CHINng">6567340</dst>
            <dst id="DNVRng">7727.78666666667</dst>
            <dst id="HSTNng">4791.02666666667</dst>
            <dst id="IPLSng">17115.3706666667</dst>
            <dst id="KSCYng">2649.696</dst>
            <dst id="LOSAng">8561.76</dst>
            <dst id="NYCMng">49454.048</dst>
            <dst id="SNVAng">17375.1226666667</dst>
            <dst id="STTLng">48832.6586666667</dst>
            <dst id="WASHng">43065.3386666667</dst>
        </src>
        <src id="NYCMng">
            <dst id="ATLA-M5">897.898666666667</dst>
            <dst id="ATLAng">30680.2533333333</dst>
            <dst id="CHINng">30208.1786666667</dst>
            <dst id="DNVRng">11099.5413333333</dst>
            <dst id="HSTNng">7252.2</dst>
            <dst id="IPLSng">20286.048</dst>
            <dst id="KSCYng">4719.856</dst>
            <dst id="LOSAng">54696.3306666667</dst>
            <dst id="NYCMng">104087.056</dst>
            <dst id="SNVAng">616.568</dst>
            <dst id="STTLng">23025.7013333333</dst>
            <dst id="WASHng">53653.4906666667</dst>
        </src>
        <src id="SNVAng">
            <dst id="ATLA-M5">0</dst>
            <dst id="ATLAng">313.885333333333</dst>
            <dst id="CHINng">53.3333333333333</dst>
            <dst id="DNVRng">4663.03466666667</dst>
            <dst id="HSTNng">53.3333333333333</dst>
            <dst id="IPLSng">360.826666666667</dst>
            <dst id="KSCYng">62.0586666666667</dst>
            <dst id="LOSAng">10219.696</dst>
            <dst id="NYCMng">295.690666666667</dst>
            <dst id="SNVAng">8311.36533333333</dst>
            <dst id="STTLng">13475.3013333333</dst>
            <dst id="WASHng">53.3333333333333</dst>
        </src>
        <src id="STTLng">
            <dst id="ATLA-M5">493.072</dst>
            <dst id="ATLAng">11894.2773333333</dst>
            <dst id="CHINng">46829.16</dst>
            <dst id="DNVRng">3506.328</dst>
            <dst id="HSTNng">2235.90666666667</dst>
            <dst id="IPLSng">10687.4853333333</dst>
            <dst id="KSCYng">4397.61866666667</dst>
            <dst id="LOSAng">33795.2533333333</dst>
            <dst id="NYCMng">10221.9866666667</dst>
            <dst id="SNVAng">1798.584</dst>
            <dst id="STTLng">18344.0373333333</dst>
            <dst id="WASHng">7358.36266666667</dst>
        </src>
        <src id="WASHng">
            <dst id="ATLA-M5">467.821333333333</dst>
            <dst id="ATLAng">101860.029333333</dst>
            <dst id="CHINng">87726.6586666667</dst>
            <dst id="DNVRng">57730.3493333333</dst>
            <dst id="HSTNng">25748.4853333333</dst>
            <dst id="IPLSng">37787.2053333333</dst>
            <dst id="KSCYng">36541.3573333333</dst>
            <dst id="LOSAng">61146.824</dst>
            <dst id="NYCMng">131142.370666667</dst>
            <dst id="SNVAng">9894.02133333333</dst>
            <dst id="STTLng">37543.624</dst>
            <dst id="WASHng">342721.466666667</dst>
        </src>
    </IntraTM>
</TrafficMatrixFile>
