<?xml version="1.0" encoding="ISO-8859-1" standalone="yes"?>
<TrafficMatrixFile xsi:noNamespaceSchemaLocation="http://totem.run.montefiore.ulg.ac.be/Schema/TrafficMatrix-v1_2.xsd" xmlns:xsi="http://www.w3.org/2001/XMLSchema-instance">
    <IntraTM ASID="11537">
        <src id="ATLA-M5">
            <dst id="ATLA-M5">172.677333333333</dst>
            <dst id="ATLAng">1154.08533333333</dst>
            <dst id="CHINng">943.589333333333</dst>
            <dst id="DNVRng">925.368</dst>
            <dst id="HSTNng">386.6</dst>
            <dst id="IPLSng">719.258666666667</dst>
            <dst id="KSCYng">436.509333333333</dst>
            <dst id="LOSAng">426.506666666667</dst>
            <dst id="NYCMng">1499.40266666667</dst>
            <dst id="SNVAng">69.8293333333333</dst>
            <dst id="STTLng">728.405333333333</dst>
            <dst id="WASHng">2881.38133333333</dst>
        </src>
        <src id="ATLAng">
            <dst id="ATLA-M5">484.322666666667</dst>
            <dst id="ATLAng">46725.9546666667</dst>
            <dst id="CHINng">19899.976</dst>
            <dst id="DNVRng">8449.648</dst>
            <dst id="HSTNng">7389.152</dst>
            <dst id="IPLSng">20178.144</dst>
            <dst id="KSCYng">5845.58666666667</dst>
            <dst id="LOSAng">14866.7706666667</dst>
            <dst id="NYCMng">19600.448</dst>
            <dst id="SNVAng">609.578666666667</dst>
            <dst id="STTLng">12998.568</dst>
            <dst id="WASHng">46032.8506666666</dst>
        </src>
        <src id="CHINng">
            <dst id="ATLA-M5">2197.74666666667</dst>
            <dst id="ATLAng">200299.442666667</dst>
            <dst id="CHINng">106317.096</dst>
            <dst id="DNVRng">16550.784</dst>
            <dst id="HSTNng">12226.6666666667</dst>
            <dst id="IPLSng">56814.4826666667</dst>
            <dst id="KSCYng">18561.3226666667</dst>
            <dst id="LOSAng">40905.2133333333</dst>
            <dst id="NYCMng">15170.4133333333</dst>
            <dst id="SNVAng">5666.40533333333</dst>
            <dst id="STTLng">24636.7493333333</dst>
            <dst id="WASHng">44747.6133333333</dst>
        </src>
        <src id="DNVRng">
            <dst id="ATLA-M5">642.181333333333</dst>
            <dst id="ATLAng">8861.87733333333</dst>
            <dst id="CHINng">27350.0266666667</dst>
            <dst id="DNVRng">4623.01066666667</dst>
            <dst id="HSTNng">16974.768</dst>
            <dst id="IPLSng">20585.2106666667</dst>
            <dst id="KSCYng">18349.312</dst>
            <dst id="LOSAng">6618.11733333333</dst>
            <dst id="NYCMng">9659.008</dst>
            <dst id="SNVAng">13241.1573333333</dst>
            <dst id="STTLng">70904.2106666667</dst>
            <dst id="WASHng">22498.8906666667</dst>
        </src>
        <src id="HSTNng">
            <dst id="ATLA-M5">2523.26933333333</dst>
            <dst id="ATLAng">4327.37333333333</dst>
            <dst id="CHINng">9308.32533333334</dst>
            <dst id="DNVRng">2457.07733333333</dst>
            <dst id="HSTNng">14953.088</dst>
            <dst id="IPLSng">4976.37066666667</dst>
            <dst id="KSCYng">6277.36266666667</dst>
            <dst id="LOSAng">9419.18133333334</dst>
            <dst id="NYCMng">2775.80266666667</dst>
            <dst id="SNVAng">198.197333333333</dst>
            <dst id="STTLng">7125.00533333333</dst>
            <dst id="WASHng">28042.608</dst>
        </src>
        <src id="IPLSng">
            <dst id="ATLA-M5">845.917333333333</dst>
            <dst id="ATLAng">16221.9466666667</dst>
            <dst id="CHINng">57834.936</dst>
            <dst id="DNVRng">10789.5173333333</dst>
            <dst id="HSTNng">5104.96266666667</dst>
            <dst id="IPLSng">20765.2293333333</dst>
            <dst id="KSCYng">9522.736</dst>
            <dst id="LOSAng">35062.408</dst>
            <dst id="NYCMng">11208.3573333333</dst>
            <dst id="SNVAng">4337.304</dst>
            <dst id="STTLng">30126.0933333333</dst>
            <dst id="WASHng">19451.512</dst>
        </src>
        <src id="KSCYng">
            <dst id="ATLA-M5">300.837333333333</dst>
            <dst id="ATLAng">6457.68266666667</dst>
            <dst id="CHINng">24509.52</dst>
            <dst id="DNVRng">9308.344</dst>
            <dst id="HSTNng">5933.648</dst>
            <dst id="IPLSng">12749.696</dst>
            <dst id="KSCYng">9066.69333333333</dst>
            <dst id="LOSAng">8189.27733333333</dst>
            <dst id="NYCMng">12819.104</dst>
            <dst id="SNVAng">2438.84</dst>
            <dst id="STTLng">10250.9493333333</dst>
            <dst id="WASHng">13036.8746666667</dst>
        </src>
        <src id="LOSAng">
            <dst id="ATLA-M5">323.266666666667</dst>
            <dst id="ATLAng">12748.544</dst>
            <dst id="CHINng">99806.9733333333</dst>
            <dst id="DNVRng">17686.2693333333</dst>
            <dst id="HSTNng">39136.1733333333</dst>
            <dst id="IPLSng">47739.2133333333</dst>
            <dst id="KSCYng">12299.3466666667</dst>
            <dst id="LOSAng">12782.4853333333</dst>
            <dst id="NYCMng">39151.2933333333</dst>
            <dst id="SNVAng">23190.1386666667</dst>
            <dst id="STTLng">68676.0906666667</dst>
            <dst id="WASHng">69098.6133333333</dst>
        </src>
        <src id="NYCMng">
            <dst id="ATLA-M5">1088.88533333333</dst>
            <dst id="ATLAng">30489.4933333333</dst>
            <dst id="CHINng">35620.344</dst>
            <dst id="DNVRng">25355.6453333333</dst>
            <dst id="HSTNng">10018.7786666667</dst>
            <dst id="IPLSng">34746.4826666667</dst>
            <dst id="KSCYng">16127.6773333333</dst>
            <dst id="LOSAng">74244.608</dst>
            <dst id="NYCMng">86357.6426666667</dst>
            <dst id="SNVAng">5022.64533333333</dst>
            <dst id="STTLng">28270.336</dst>
            <dst id="WASHng">128205.784</dst>
        </src>
        <src id="SNVAng">
            <dst id="ATLA-M5">0</dst>
            <dst id="ATLAng">989.602666666667</dst>
            <dst id="CHINng">53.3333333333333</dst>
            <dst id="DNVRng">761.842666666667</dst>
            <dst id="HSTNng">26.6666666666667</dst>
            <dst id="IPLSng">581.952</dst>
            <dst id="KSCYng">107.456</dst>
            <dst id="LOSAng">7170.19466666667</dst>
            <dst id="NYCMng">54.5946666666667</dst>
            <dst id="SNVAng">7325.32</dst>
            <dst id="STTLng">17246.5173333333</dst>
            <dst id="WASHng">54.2586666666667</dst>
        </src>
        <src id="STTLng">
            <dst id="ATLA-M5">791.488</dst>
            <dst id="ATLAng">26339.8133333333</dst>
            <dst id="CHINng">66579.0853333333</dst>
            <dst id="DNVRng">28515.6826666667</dst>
            <dst id="HSTNng">21123.2346666667</dst>
            <dst id="IPLSng">41518.7466666667</dst>
            <dst id="KSCYng">24446.7066666667</dst>
            <dst id="LOSAng">49464.464</dst>
            <dst id="NYCMng">22903.0586666667</dst>
            <dst id="SNVAng">8690.312</dst>
            <dst id="STTLng">35181.8746666667</dst>
            <dst id="WASHng">41790.7786666667</dst>
        </src>
        <src id="WASHng">
            <dst id="ATLA-M5">2737.49333333333</dst>
            <dst id="ATLAng">122804.898666667</dst>
            <dst id="CHINng">88561.3786666666</dst>
            <dst id="DNVRng">58824.5466666667</dst>
            <dst id="HSTNng">28430.04</dst>
            <dst id="IPLSng">82863.5653333333</dst>
            <dst id="KSCYng">25253.448</dst>
            <dst id="LOSAng">82644.968</dst>
            <dst id="NYCMng">171151.392</dst>
            <dst id="SNVAng">9727.44533333333</dst>
            <dst id="STTLng">52560.936</dst>
            <dst id="WASHng">242383.581333333</dst>
        </src>
    </IntraTM>
</TrafficMatrixFile>
