<?xml version="1.0" encoding="ISO-8859-1" standalone="yes"?>
<TrafficMatrixFile xsi:noNamespaceSchemaLocation="http://totem.run.montefiore.ulg.ac.be/Schema/TrafficMatrix-v1_2.xsd" xmlns:xsi="http://www.w3.org/2001/XMLSchema-instance">
    <IntraTM ASID="11537">
        <src id="ATLA-M5">
            <dst id="ATLA-M5">0</dst>
            <dst id="ATLAng">1132.68533333333</dst>
            <dst id="CHINng">216.938666666667</dst>
            <dst id="DNVRng">26.6666666666667</dst>
            <dst id="HSTNng">26.6666666666667</dst>
            <dst id="IPLSng">258.661333333333</dst>
            <dst id="KSCYng">196.370666666667</dst>
            <dst id="LOSAng">372.32</dst>
            <dst id="NYCMng">1585.424</dst>
            <dst id="SNVAng">26.6666666666667</dst>
            <dst id="STTLng">378.365333333333</dst>
            <dst id="WASHng">1094.62933333333</dst>
        </src>
        <src id="ATLAng">
            <dst id="ATLA-M5">203.581333333333</dst>
            <dst id="ATLAng">62286.824</dst>
            <dst id="CHINng">15147.928</dst>
            <dst id="DNVRng">4894.44533333333</dst>
            <dst id="HSTNng">10831.9733333333</dst>
            <dst id="IPLSng">13538.4906666667</dst>
            <dst id="KSCYng">3111.43733333333</dst>
            <dst id="LOSAng">19862.4733333333</dst>
            <dst id="NYCMng">5565.13333333333</dst>
            <dst id="SNVAng">418.065333333333</dst>
            <dst id="STTLng">9410.728</dst>
            <dst id="WASHng">52089.1413333333</dst>
        </src>
        <src id="CHINng">
            <dst id="ATLA-M5">181.637333333333</dst>
            <dst id="ATLAng">21988.0693333333</dst>
            <dst id="CHINng">117016.530666667</dst>
            <dst id="DNVRng">13526.5066666667</dst>
            <dst id="HSTNng">10624.4346666667</dst>
            <dst id="IPLSng">74831.2266666667</dst>
            <dst id="KSCYng">27886.1733333333</dst>
            <dst id="LOSAng">36418.2426666667</dst>
            <dst id="NYCMng">15726.2693333333</dst>
            <dst id="SNVAng">4163.72</dst>
            <dst id="STTLng">19129.4533333333</dst>
            <dst id="WASHng">27396.8693333333</dst>
        </src>
        <src id="DNVRng">
            <dst id="ATLA-M5">270.506666666667</dst>
            <dst id="ATLAng">3103.296</dst>
            <dst id="CHINng">68600.6746666667</dst>
            <dst id="DNVRng">11232.3306666667</dst>
            <dst id="HSTNng">10449.736</dst>
            <dst id="IPLSng">18257.2426666667</dst>
            <dst id="KSCYng">17503.16</dst>
            <dst id="LOSAng">5666.768</dst>
            <dst id="NYCMng">8848.87466666667</dst>
            <dst id="SNVAng">9685.68266666667</dst>
            <dst id="STTLng">12016.3493333333</dst>
            <dst id="WASHng">24723.5146666667</dst>
        </src>
        <src id="HSTNng">
            <dst id="ATLA-M5">156.533333333333</dst>
            <dst id="ATLAng">2882.592</dst>
            <dst id="CHINng">17296.04</dst>
            <dst id="DNVRng">3336.69333333333</dst>
            <dst id="HSTNng">17179.4613333333</dst>
            <dst id="IPLSng">1738.73866666667</dst>
            <dst id="KSCYng">9574.09333333333</dst>
            <dst id="LOSAng">3724.272</dst>
            <dst id="NYCMng">3234.20266666667</dst>
            <dst id="SNVAng">61.9706666666667</dst>
            <dst id="STTLng">4094.416</dst>
            <dst id="WASHng">8934.93333333333</dst>
        </src>
        <src id="IPLSng">
            <dst id="ATLA-M5">642.957333333333</dst>
            <dst id="ATLAng">6509.46666666667</dst>
            <dst id="CHINng">95259.3306666667</dst>
            <dst id="DNVRng">17969.8746666667</dst>
            <dst id="HSTNng">1276.61066666667</dst>
            <dst id="IPLSng">33515.4213333333</dst>
            <dst id="KSCYng">2420.78933333333</dst>
            <dst id="LOSAng">18683.416</dst>
            <dst id="NYCMng">14076.336</dst>
            <dst id="SNVAng">1595.67733333333</dst>
            <dst id="STTLng">18733.688</dst>
            <dst id="WASHng">40616.9306666667</dst>
        </src>
        <src id="KSCYng">
            <dst id="ATLA-M5">320.338666666667</dst>
            <dst id="ATLAng">5066.21866666667</dst>
            <dst id="CHINng">28607.488</dst>
            <dst id="DNVRng">7312.38133333333</dst>
            <dst id="HSTNng">2841.44266666667</dst>
            <dst id="IPLSng">27493.9093333333</dst>
            <dst id="KSCYng">6284.54133333333</dst>
            <dst id="LOSAng">5213.72</dst>
            <dst id="NYCMng">7509.99466666667</dst>
            <dst id="SNVAng">2281.55466666667</dst>
            <dst id="STTLng">12211.7653333333</dst>
            <dst id="WASHng">9207.79733333333</dst>
        </src>
        <src id="LOSAng">
            <dst id="ATLA-M5">105.970666666667</dst>
            <dst id="ATLAng">7520.70933333333</dst>
            <dst id="CHINng">83115.0346666667</dst>
            <dst id="DNVRng">7907.72533333333</dst>
            <dst id="HSTNng">2292.4</dst>
            <dst id="IPLSng">19639.7813333333</dst>
            <dst id="KSCYng">2435.392</dst>
            <dst id="LOSAng">12430.6906666667</dst>
            <dst id="NYCMng">33745.312</dst>
            <dst id="SNVAng">21871.1386666667</dst>
            <dst id="STTLng">42116.5226666667</dst>
            <dst id="WASHng">43409.9253333333</dst>
        </src>
        <src id="NYCMng">
            <dst id="ATLA-M5">2670.26666666667</dst>
            <dst id="ATLAng">24206.6506666667</dst>
            <dst id="CHINng">30707.7893333333</dst>
            <dst id="DNVRng">16467.0373333333</dst>
            <dst id="HSTNng">8516.848</dst>
            <dst id="IPLSng">18770.3093333333</dst>
            <dst id="KSCYng">8832.24533333333</dst>
            <dst id="LOSAng">45825.3013333333</dst>
            <dst id="NYCMng">120157.768</dst>
            <dst id="SNVAng">6286.864</dst>
            <dst id="STTLng">20903.2213333333</dst>
            <dst id="WASHng">74300.2986666667</dst>
        </src>
        <src id="SNVAng">
            <dst id="ATLA-M5">0</dst>
            <dst id="ATLAng">0</dst>
            <dst id="CHINng">26.6666666666667</dst>
            <dst id="DNVRng">945.714666666667</dst>
            <dst id="HSTNng">50.88</dst>
            <dst id="IPLSng">298.224</dst>
            <dst id="KSCYng">53.3333333333333</dst>
            <dst id="LOSAng">6826.67466666667</dst>
            <dst id="NYCMng">186.109333333333</dst>
            <dst id="SNVAng">6955.07466666667</dst>
            <dst id="STTLng">22678.8053333333</dst>
            <dst id="WASHng">4398.92266666667</dst>
        </src>
        <src id="STTLng">
            <dst id="ATLA-M5">645.114666666667</dst>
            <dst id="ATLAng">9988.728</dst>
            <dst id="CHINng">32599.1306666667</dst>
            <dst id="DNVRng">2621.60533333333</dst>
            <dst id="HSTNng">2269.33333333333</dst>
            <dst id="IPLSng">5342.34933333333</dst>
            <dst id="KSCYng">3317.78666666667</dst>
            <dst id="LOSAng">67125.2986666667</dst>
            <dst id="NYCMng">8419.88266666667</dst>
            <dst id="SNVAng">2786.87466666667</dst>
            <dst id="STTLng">20520.0986666667</dst>
            <dst id="WASHng">10276.5653333333</dst>
        </src>
        <src id="WASHng">
            <dst id="ATLA-M5">293.461333333333</dst>
            <dst id="ATLAng">54920.664</dst>
            <dst id="CHINng">89727.168</dst>
            <dst id="DNVRng">70521.0666666667</dst>
            <dst id="HSTNng">21310.064</dst>
            <dst id="IPLSng">30712.2026666667</dst>
            <dst id="KSCYng">22246.52</dst>
            <dst id="LOSAng">76205.704</dst>
            <dst id="NYCMng">132986.165333333</dst>
            <dst id="SNVAng">9332.2</dst>
            <dst id="STTLng">42133.6</dst>
            <dst id="WASHng">240127.786666667</dst>
        </src>
    </IntraTM>
</TrafficMatrixFile>
