<?xml version="1.0" encoding="ISO-8859-1" standalone="yes"?>
<TrafficMatrixFile xsi:noNamespaceSchemaLocation="http://totem.run.montefiore.ulg.ac.be/Schema/TrafficMatrix-v1_2.xsd" xmlns:xsi="http://www.w3.org/2001/XMLSchema-instance">
    <IntraTM ASID="11537">
        <src id="ATLA-M5">
            <dst id="ATLA-M5">26.6666666666667</dst>
            <dst id="ATLAng">304.930666666667</dst>
            <dst id="CHINng">603.789333333333</dst>
            <dst id="DNVRng">26.6666666666667</dst>
            <dst id="HSTNng">132.298666666667</dst>
            <dst id="IPLSng">190.634666666667</dst>
            <dst id="KSCYng">180.285333333333</dst>
            <dst id="LOSAng">130.618666666667</dst>
            <dst id="NYCMng">1261.14666666667</dst>
            <dst id="SNVAng">17.552</dst>
            <dst id="STTLng">1107.76533333333</dst>
            <dst id="WASHng">1281.98666666667</dst>
        </src>
        <src id="ATLAng">
            <dst id="ATLA-M5">249.352</dst>
            <dst id="ATLAng">24869.4533333333</dst>
            <dst id="CHINng">15048.3786666667</dst>
            <dst id="DNVRng">3943.62666666667</dst>
            <dst id="HSTNng">6510.51733333333</dst>
            <dst id="IPLSng">24960.432</dst>
            <dst id="KSCYng">2134.50666666667</dst>
            <dst id="LOSAng">19679.908</dst>
            <dst id="NYCMng">17730.448</dst>
            <dst id="SNVAng">614.932</dst>
            <dst id="STTLng">19488.1893333333</dst>
            <dst id="WASHng">67460.5306666666</dst>
        </src>
        <src id="CHINng">
            <dst id="ATLA-M5">316.808</dst>
            <dst id="ATLAng">23715.4506666667</dst>
            <dst id="CHINng">108795.408</dst>
            <dst id="DNVRng">18510.0293333333</dst>
            <dst id="HSTNng">6056.544</dst>
            <dst id="IPLSng">57173.76</dst>
            <dst id="KSCYng">11156.0533333333</dst>
            <dst id="LOSAng">21639.3733333333</dst>
            <dst id="NYCMng">14653.4906666667</dst>
            <dst id="SNVAng">3274.94133333333</dst>
            <dst id="STTLng">28435.4506666667</dst>
            <dst id="WASHng">17123.56</dst>
        </src>
        <src id="DNVRng">
            <dst id="ATLA-M5">65.16</dst>
            <dst id="ATLAng">6976.35733333333</dst>
            <dst id="CHINng">28069.0453333333</dst>
            <dst id="DNVRng">14301.6533333333</dst>
            <dst id="HSTNng">12148.1413333333</dst>
            <dst id="IPLSng">10993.0266666667</dst>
            <dst id="KSCYng">18415.1413333333</dst>
            <dst id="LOSAng">9166.65866666666</dst>
            <dst id="NYCMng">12012.6106666667</dst>
            <dst id="SNVAng">6002.856</dst>
            <dst id="STTLng">9272.4</dst>
            <dst id="WASHng">21979.528</dst>
        </src>
        <src id="HSTNng">
            <dst id="ATLA-M5">2730.072</dst>
            <dst id="ATLAng">4107.28533333333</dst>
            <dst id="CHINng">22655.4746666667</dst>
            <dst id="DNVRng">4118.888</dst>
            <dst id="HSTNng">11432.384</dst>
            <dst id="IPLSng">2259.984</dst>
            <dst id="KSCYng">8236.10666666667</dst>
            <dst id="LOSAng">2463.41866666667</dst>
            <dst id="NYCMng">3602.22133333333</dst>
            <dst id="SNVAng">1911.94933333333</dst>
            <dst id="STTLng">8990.832</dst>
            <dst id="WASHng">14078.8213333333</dst>
        </src>
        <src id="IPLSng">
            <dst id="ATLA-M5">3755.77333333333</dst>
            <dst id="ATLAng">9904.096</dst>
            <dst id="CHINng">75103.8746666667</dst>
            <dst id="DNVRng">3388.75733333333</dst>
            <dst id="HSTNng">6378.02933333333</dst>
            <dst id="IPLSng">30740.7173333333</dst>
            <dst id="KSCYng">6896.07733333333</dst>
            <dst id="LOSAng">19958.6106666667</dst>
            <dst id="NYCMng">8838.28</dst>
            <dst id="SNVAng">284.005333333333</dst>
            <dst id="STTLng">27757.7413333333</dst>
            <dst id="WASHng">26068.3493333333</dst>
        </src>
        <src id="KSCYng">
            <dst id="ATLA-M5">197.738666666667</dst>
            <dst id="ATLAng">6476.76266666667</dst>
            <dst id="CHINng">33180.1706666667</dst>
            <dst id="DNVRng">9159.09333333333</dst>
            <dst id="HSTNng">5356.58133333333</dst>
            <dst id="IPLSng">14223.9466666667</dst>
            <dst id="KSCYng">9532.21066666666</dst>
            <dst id="LOSAng">3452.78666666667</dst>
            <dst id="NYCMng">5558.82133333334</dst>
            <dst id="SNVAng">1951.248</dst>
            <dst id="STTLng">21691.616</dst>
            <dst id="WASHng">13651.2</dst>
        </src>
        <src id="LOSAng">
            <dst id="ATLA-M5">120.541333333333</dst>
            <dst id="ATLAng">21637.1813333333</dst>
            <dst id="CHINng">88206.1573333334</dst>
            <dst id="DNVRng">6076.856</dst>
            <dst id="HSTNng">2842.304</dst>
            <dst id="IPLSng">8318.11733333333</dst>
            <dst id="KSCYng">7478.20533333334</dst>
            <dst id="LOSAng">7339.77866666667</dst>
            <dst id="NYCMng">34292.016</dst>
            <dst id="SNVAng">19982.7786666667</dst>
            <dst id="STTLng">40715.864</dst>
            <dst id="WASHng">39256.928</dst>
        </src>
        <src id="NYCMng">
            <dst id="ATLA-M5">547.224</dst>
            <dst id="ATLAng">31858.9253333333</dst>
            <dst id="CHINng">35502.4746666667</dst>
            <dst id="DNVRng">19913.736</dst>
            <dst id="HSTNng">12567.0933333333</dst>
            <dst id="IPLSng">22162.8053333333</dst>
            <dst id="KSCYng">13019.512</dst>
            <dst id="LOSAng">39969.688</dst>
            <dst id="NYCMng">165129.242666667</dst>
            <dst id="SNVAng">2057.99466666667</dst>
            <dst id="STTLng">22697.1893333333</dst>
            <dst id="WASHng">59422.032</dst>
        </src>
        <src id="SNVAng">
            <dst id="ATLA-M5">0</dst>
            <dst id="ATLAng">26.6666666666667</dst>
            <dst id="CHINng">153.517333333333</dst>
            <dst id="DNVRng">4380</dst>
            <dst id="HSTNng">261.986666666667</dst>
            <dst id="IPLSng">326.4</dst>
            <dst id="KSCYng">53.3333333333333</dst>
            <dst id="LOSAng">6487.03466666667</dst>
            <dst id="NYCMng">79.3066666666667</dst>
            <dst id="SNVAng">6274.768</dst>
            <dst id="STTLng">18608.648</dst>
            <dst id="WASHng">65.6533333333333</dst>
        </src>
        <src id="STTLng">
            <dst id="ATLA-M5">4127.90666666667</dst>
            <dst id="ATLAng">47793.544</dst>
            <dst id="CHINng">89823.352</dst>
            <dst id="DNVRng">7548.57066666667</dst>
            <dst id="HSTNng">23743.7466666667</dst>
            <dst id="IPLSng">78247.4693333333</dst>
            <dst id="KSCYng">54452.88</dst>
            <dst id="LOSAng">20090.0986666667</dst>
            <dst id="NYCMng">28631.7946666667</dst>
            <dst id="SNVAng">1828.34933333333</dst>
            <dst id="STTLng">14962.5466666667</dst>
            <dst id="WASHng">89493.9493333333</dst>
        </src>
        <src id="WASHng">
            <dst id="ATLA-M5">1854.81066666667</dst>
            <dst id="ATLAng">124836.717333333</dst>
            <dst id="CHINng">69488.3866666667</dst>
            <dst id="DNVRng">37525.1866666667</dst>
            <dst id="HSTNng">20213.24</dst>
            <dst id="IPLSng">57806.352</dst>
            <dst id="KSCYng">12162.656</dst>
            <dst id="LOSAng">73163.1306666667</dst>
            <dst id="NYCMng">135073.984</dst>
            <dst id="SNVAng">4471.52266666667</dst>
            <dst id="STTLng">52132.88</dst>
            <dst id="WASHng">308431.626666667</dst>
        </src>
    </IntraTM>
</TrafficMatrixFile>
