<?xml version="1.0" encoding="ISO-8859-1" standalone="yes"?>
<TrafficMatrixFile xsi:noNamespaceSchemaLocation="http://totem.run.montefiore.ulg.ac.be/Schema/TrafficMatrix-v1_2.xsd" xmlns:xsi="http://www.w3.org/2001/XMLSchema-instance">
    <IntraTM ASID="11537">
        <src id="ATLA-M5">
            <dst id="ATLA-M5">0</dst>
            <dst id="ATLAng">2538</dst>
            <dst id="CHINng">1172.97066666667</dst>
            <dst id="DNVRng">167.32</dst>
            <dst id="HSTNng">267.384</dst>
            <dst id="IPLSng">1009.24533333333</dst>
            <dst id="KSCYng">205.709333333333</dst>
            <dst id="LOSAng">264.721333333333</dst>
            <dst id="NYCMng">1284.41333333333</dst>
            <dst id="SNVAng">36.26</dst>
            <dst id="STTLng">568.530666666667</dst>
            <dst id="WASHng">1141.88</dst>
        </src>
        <src id="ATLAng">
            <dst id="ATLA-M5">1358</dst>
            <dst id="ATLAng">31299.1706666667</dst>
            <dst id="CHINng">32712.1946666667</dst>
            <dst id="DNVRng">5040.04533333333</dst>
            <dst id="HSTNng">8711.21333333333</dst>
            <dst id="IPLSng">19830.5653333333</dst>
            <dst id="KSCYng">6183.53333333333</dst>
            <dst id="LOSAng">15029.024</dst>
            <dst id="NYCMng">7646.33066666666</dst>
            <dst id="SNVAng">2148.58666666667</dst>
            <dst id="STTLng">9644.736</dst>
            <dst id="WASHng">33967.9626666667</dst>
        </src>
        <src id="CHINng">
            <dst id="ATLA-M5">1743.288</dst>
            <dst id="ATLAng">34041.2186666667</dst>
            <dst id="CHINng">301888.746666667</dst>
            <dst id="DNVRng">17935.9706666667</dst>
            <dst id="HSTNng">16172.5226666667</dst>
            <dst id="IPLSng">46624.4293333333</dst>
            <dst id="KSCYng">18469.592</dst>
            <dst id="LOSAng">67857.776</dst>
            <dst id="NYCMng">16017.648</dst>
            <dst id="SNVAng">4745.512</dst>
            <dst id="STTLng">23146.6933333333</dst>
            <dst id="WASHng">32948.3146666667</dst>
        </src>
        <src id="DNVRng">
            <dst id="ATLA-M5">510.645333333333</dst>
            <dst id="ATLAng">5872.30933333333</dst>
            <dst id="CHINng">73964.2106666667</dst>
            <dst id="DNVRng">14640.016</dst>
            <dst id="HSTNng">15496.56</dst>
            <dst id="IPLSng">14958.6346666667</dst>
            <dst id="KSCYng">31136.9893333333</dst>
            <dst id="LOSAng">22169.3786666667</dst>
            <dst id="NYCMng">8891.4</dst>
            <dst id="SNVAng">15257.8213333333</dst>
            <dst id="STTLng">37710.9146666667</dst>
            <dst id="WASHng">25408.8426666667</dst>
        </src>
        <src id="HSTNng">
            <dst id="ATLA-M5">1220.04533333333</dst>
            <dst id="ATLAng">6709.14933333333</dst>
            <dst id="CHINng">15857.744</dst>
            <dst id="DNVRng">12098.992</dst>
            <dst id="HSTNng">11517.8106666667</dst>
            <dst id="IPLSng">5585.944</dst>
            <dst id="KSCYng">12772.3733333333</dst>
            <dst id="LOSAng">5822.43733333333</dst>
            <dst id="NYCMng">4459.39733333333</dst>
            <dst id="SNVAng">52.0746666666667</dst>
            <dst id="STTLng">5734.22666666667</dst>
            <dst id="WASHng">14116.656</dst>
        </src>
        <src id="IPLSng">
            <dst id="ATLA-M5">1045.944</dst>
            <dst id="ATLAng">12919.5413333333</dst>
            <dst id="CHINng">36684.6773333333</dst>
            <dst id="DNVRng">11030.5066666667</dst>
            <dst id="HSTNng">6465.20266666667</dst>
            <dst id="IPLSng">24896.744</dst>
            <dst id="KSCYng">20697.408</dst>
            <dst id="LOSAng">15944.7973333333</dst>
            <dst id="NYCMng">9134.26933333333</dst>
            <dst id="SNVAng">943.685333333333</dst>
            <dst id="STTLng">32476.2933333333</dst>
            <dst id="WASHng">18889.8746666667</dst>
        </src>
        <src id="KSCYng">
            <dst id="ATLA-M5">162.674666666667</dst>
            <dst id="ATLAng">6823.42933333333</dst>
            <dst id="CHINng">25323.616</dst>
            <dst id="DNVRng">7886.44266666667</dst>
            <dst id="HSTNng">3833.512</dst>
            <dst id="IPLSng">20753.6746666667</dst>
            <dst id="KSCYng">19443.848</dst>
            <dst id="LOSAng">5597.168</dst>
            <dst id="NYCMng">7653.2</dst>
            <dst id="SNVAng">2732.296</dst>
            <dst id="STTLng">10856.4106666667</dst>
            <dst id="WASHng">16475.2293333333</dst>
        </src>
        <src id="LOSAng">
            <dst id="ATLA-M5">405.861333333333</dst>
            <dst id="ATLAng">12636.2186666667</dst>
            <dst id="CHINng">75830.1146666667</dst>
            <dst id="DNVRng">28924.128</dst>
            <dst id="HSTNng">3939.08</dst>
            <dst id="IPLSng">35277.6213333333</dst>
            <dst id="KSCYng">7798.60266666667</dst>
            <dst id="LOSAng">16199.3653333333</dst>
            <dst id="NYCMng">34074.056</dst>
            <dst id="SNVAng">19487.056</dst>
            <dst id="STTLng">57469.8933333333</dst>
            <dst id="WASHng">61434.1093333333</dst>
        </src>
        <src id="NYCMng">
            <dst id="ATLA-M5">3650.50933333333</dst>
            <dst id="ATLAng">37801.664</dst>
            <dst id="CHINng">31974.328</dst>
            <dst id="DNVRng">21280.616</dst>
            <dst id="HSTNng">15054.7093333333</dst>
            <dst id="IPLSng">23618.2693333333</dst>
            <dst id="KSCYng">15383.0346666667</dst>
            <dst id="LOSAng">75222.008</dst>
            <dst id="NYCMng">105189.301333333</dst>
            <dst id="SNVAng">2206.38933333333</dst>
            <dst id="STTLng">27248.56</dst>
            <dst id="WASHng">84542.512</dst>
        </src>
        <src id="SNVAng">
            <dst id="ATLA-M5">0</dst>
            <dst id="ATLAng">469.666666666667</dst>
            <dst id="CHINng">26.6666666666667</dst>
            <dst id="DNVRng">2269.22933333333</dst>
            <dst id="HSTNng">53.3333333333333</dst>
            <dst id="IPLSng">357.210666666667</dst>
            <dst id="KSCYng">26.6666666666667</dst>
            <dst id="LOSAng">6310.33066666667</dst>
            <dst id="NYCMng">270.648</dst>
            <dst id="SNVAng">6861.50933333333</dst>
            <dst id="STTLng">16844.5466666667</dst>
            <dst id="WASHng">80</dst>
        </src>
        <src id="STTLng">
            <dst id="ATLA-M5">2776.18133333333</dst>
            <dst id="ATLAng">18167.4666666667</dst>
            <dst id="CHINng">38608.9013333333</dst>
            <dst id="DNVRng">15949.9146666667</dst>
            <dst id="HSTNng">12916.32</dst>
            <dst id="IPLSng">29909.6053333333</dst>
            <dst id="KSCYng">16953.3226666667</dst>
            <dst id="LOSAng">43910.008</dst>
            <dst id="NYCMng">11743.9973333333</dst>
            <dst id="SNVAng">4109.6</dst>
            <dst id="STTLng">31567.5066666667</dst>
            <dst id="WASHng">34767.5973333333</dst>
        </src>
        <src id="WASHng">
            <dst id="ATLA-M5">1285.152</dst>
            <dst id="ATLAng">137875.133333333</dst>
            <dst id="CHINng">79825.4666666667</dst>
            <dst id="DNVRng">67229.0506666667</dst>
            <dst id="HSTNng">36244.3866666667</dst>
            <dst id="IPLSng">39454.9626666667</dst>
            <dst id="KSCYng">31238.1866666667</dst>
            <dst id="LOSAng">85671.0186666667</dst>
            <dst id="NYCMng">138831.808</dst>
            <dst id="SNVAng">7206.472</dst>
            <dst id="STTLng">45683.784</dst>
            <dst id="WASHng">284270.053333333</dst>
        </src>
    </IntraTM>
</TrafficMatrixFile>
