<?xml version="1.0" encoding="ISO-8859-1" standalone="yes"?>
<TrafficMatrixFile xsi:noNamespaceSchemaLocation="http://totem.run.montefiore.ulg.ac.be/Schema/TrafficMatrix-v1_2.xsd" xmlns:xsi="http://www.w3.org/2001/XMLSchema-instance">
    <IntraTM ASID="11537">
        <src id="ATLA-M5">
            <dst id="ATLA-M5">0</dst>
            <dst id="ATLAng">576.864</dst>
            <dst id="CHINng">41344.128</dst>
            <dst id="DNVRng">106.666666666667</dst>
            <dst id="HSTNng">257.709333333333</dst>
            <dst id="IPLSng">1155.49866666667</dst>
            <dst id="KSCYng">628.136</dst>
            <dst id="LOSAng">150.968</dst>
            <dst id="NYCMng">1271.10933333333</dst>
            <dst id="SNVAng">0</dst>
            <dst id="STTLng">605.021333333333</dst>
            <dst id="WASHng">40975.9013333333</dst>
        </src>
        <src id="ATLAng">
            <dst id="ATLA-M5">346.242666666667</dst>
            <dst id="ATLAng">94850.4133333333</dst>
            <dst id="CHINng">17946.592</dst>
            <dst id="DNVRng">9095.672</dst>
            <dst id="HSTNng">4872.88266666667</dst>
            <dst id="IPLSng">21065.6133333333</dst>
            <dst id="KSCYng">5541.112</dst>
            <dst id="LOSAng">17606.0786666667</dst>
            <dst id="NYCMng">18480.144</dst>
            <dst id="SNVAng">686.022666666667</dst>
            <dst id="STTLng">13686.9973333333</dst>
            <dst id="WASHng">35881.6213333333</dst>
        </src>
        <src id="CHINng">
            <dst id="ATLA-M5">1237.13866666667</dst>
            <dst id="ATLAng">26519.1546666667</dst>
            <dst id="CHINng">143888.578666667</dst>
            <dst id="DNVRng">17973.1546666667</dst>
            <dst id="HSTNng">18426.752</dst>
            <dst id="IPLSng">68554.6826666667</dst>
            <dst id="KSCYng">20210.9173333333</dst>
            <dst id="LOSAng">45332.2346666667</dst>
            <dst id="NYCMng">22152.6826666667</dst>
            <dst id="SNVAng">2661.62666666667</dst>
            <dst id="STTLng">25698.464</dst>
            <dst id="WASHng">32219.96</dst>
        </src>
        <src id="DNVRng">
            <dst id="ATLA-M5">254.541333333333</dst>
            <dst id="ATLAng">11600.856</dst>
            <dst id="CHINng">37027.2613333333</dst>
            <dst id="DNVRng">10317.7333333333</dst>
            <dst id="HSTNng">16084.2906666667</dst>
            <dst id="IPLSng">15327.2773333333</dst>
            <dst id="KSCYng">21211.3253333333</dst>
            <dst id="LOSAng">12050.7386666667</dst>
            <dst id="NYCMng">8070.40266666667</dst>
            <dst id="SNVAng">17008.4773333333</dst>
            <dst id="STTLng">61657.2826666667</dst>
            <dst id="WASHng">23637.8933333333</dst>
        </src>
        <src id="HSTNng">
            <dst id="ATLA-M5">4106.23466666667</dst>
            <dst id="ATLAng">2293.08266666667</dst>
            <dst id="CHINng">102238.181333333</dst>
            <dst id="DNVRng">3220.86133333333</dst>
            <dst id="HSTNng">17174.3733333333</dst>
            <dst id="IPLSng">5229</dst>
            <dst id="KSCYng">10576.0026666667</dst>
            <dst id="LOSAng">11456.7306666667</dst>
            <dst id="NYCMng">3096.872</dst>
            <dst id="SNVAng">0</dst>
            <dst id="STTLng">9649.89866666667</dst>
            <dst id="WASHng">21875.928</dst>
        </src>
        <src id="IPLSng">
            <dst id="ATLA-M5">671.410666666667</dst>
            <dst id="ATLAng">12308.6506666667</dst>
            <dst id="CHINng">51339.5253333333</dst>
            <dst id="DNVRng">8201.56</dst>
            <dst id="HSTNng">2730.37333333333</dst>
            <dst id="IPLSng">14943.4586666667</dst>
            <dst id="KSCYng">8550.776</dst>
            <dst id="LOSAng">29674.1973333333</dst>
            <dst id="NYCMng">7809.10666666667</dst>
            <dst id="SNVAng">2894.056</dst>
            <dst id="STTLng">31076.44</dst>
            <dst id="WASHng">19629.8693333333</dst>
        </src>
        <src id="KSCYng">
            <dst id="ATLA-M5">285.605333333333</dst>
            <dst id="ATLAng">8359.23466666667</dst>
            <dst id="CHINng">30325.88</dst>
            <dst id="DNVRng">7922.36</dst>
            <dst id="HSTNng">6492.032</dst>
            <dst id="IPLSng">22722.8133333333</dst>
            <dst id="KSCYng">16017.4826666667</dst>
            <dst id="LOSAng">9676.912</dst>
            <dst id="NYCMng">5639.896</dst>
            <dst id="SNVAng">2716.34666666667</dst>
            <dst id="STTLng">15380.76</dst>
            <dst id="WASHng">17343.76</dst>
        </src>
        <src id="LOSAng">
            <dst id="ATLA-M5">408.645333333333</dst>
            <dst id="ATLAng">45703.1306666667</dst>
            <dst id="CHINng">137737.224</dst>
            <dst id="DNVRng">40369.1733333333</dst>
            <dst id="HSTNng">10594.0186666667</dst>
            <dst id="IPLSng">46759.1973333333</dst>
            <dst id="KSCYng">12030.9386666667</dst>
            <dst id="LOSAng">17043.608</dst>
            <dst id="NYCMng">43057.552</dst>
            <dst id="SNVAng">17965.3973333333</dst>
            <dst id="STTLng">67632.4853333333</dst>
            <dst id="WASHng">58715.7066666667</dst>
        </src>
        <src id="NYCMng">
            <dst id="ATLA-M5">2030.56266666667</dst>
            <dst id="ATLAng">31440.7146666667</dst>
            <dst id="CHINng">48853.1093333333</dst>
            <dst id="DNVRng">20958.8186666667</dst>
            <dst id="HSTNng">10214.4426666667</dst>
            <dst id="IPLSng">30498.8186666667</dst>
            <dst id="KSCYng">13636.8106666667</dst>
            <dst id="LOSAng">61913.144</dst>
            <dst id="NYCMng">105253.344</dst>
            <dst id="SNVAng">8308.368</dst>
            <dst id="STTLng">26709.9226666667</dst>
            <dst id="WASHng">87942.76</dst>
        </src>
        <src id="SNVAng">
            <dst id="ATLA-M5">0</dst>
            <dst id="ATLAng">488.56</dst>
            <dst id="CHINng">53.3333333333333</dst>
            <dst id="DNVRng">1159.35466666667</dst>
            <dst id="HSTNng">0</dst>
            <dst id="IPLSng">507.544</dst>
            <dst id="KSCYng">26.6666666666667</dst>
            <dst id="LOSAng">7711.736</dst>
            <dst id="NYCMng">199.282666666667</dst>
            <dst id="SNVAng">6781.44</dst>
            <dst id="STTLng">18592.976</dst>
            <dst id="WASHng">80</dst>
        </src>
        <src id="STTLng">
            <dst id="ATLA-M5">960.832</dst>
            <dst id="ATLAng">23732.424</dst>
            <dst id="CHINng">41729.5386666667</dst>
            <dst id="DNVRng">21317.12</dst>
            <dst id="HSTNng">21037.568</dst>
            <dst id="IPLSng">45690.288</dst>
            <dst id="KSCYng">23879.9786666667</dst>
            <dst id="LOSAng">48499.0693333333</dst>
            <dst id="NYCMng">13741.16</dst>
            <dst id="SNVAng">5193.65066666667</dst>
            <dst id="STTLng">28540.2106666667</dst>
            <dst id="WASHng">44171.8933333333</dst>
        </src>
        <src id="WASHng">
            <dst id="ATLA-M5">2213.60533333333</dst>
            <dst id="ATLAng">118814.405333333</dst>
            <dst id="CHINng">418170.373333333</dst>
            <dst id="DNVRng">71212.7626666667</dst>
            <dst id="HSTNng">36388.6586666667</dst>
            <dst id="IPLSng">80929.3333333333</dst>
            <dst id="KSCYng">28028.2613333333</dst>
            <dst id="LOSAng">77150.408</dst>
            <dst id="NYCMng">167407.896</dst>
            <dst id="SNVAng">11414.5413333333</dst>
            <dst id="STTLng">48867.6133333333</dst>
            <dst id="WASHng">650345.52</dst>
        </src>
    </IntraTM>
</TrafficMatrixFile>
