<?xml version="1.0" encoding="ISO-8859-1" standalone="yes"?>
<TrafficMatrixFile xsi:noNamespaceSchemaLocation="http://totem.run.montefiore.ulg.ac.be/Schema/TrafficMatrix-v1_2.xsd" xmlns:xsi="http://www.w3.org/2001/XMLSchema-instance">
    <IntraTM ASID="11537">
        <src id="ATLA-M5">
            <dst id="ATLA-M5">67.752</dst>
            <dst id="ATLAng">1436.92</dst>
            <dst id="CHINng">1009.73333333333</dst>
            <dst id="DNVRng">0</dst>
            <dst id="HSTNng">66.56</dst>
            <dst id="IPLSng">994.328</dst>
            <dst id="KSCYng">1007.91466666667</dst>
            <dst id="LOSAng">142.386666666667</dst>
            <dst id="NYCMng">254.354666666667</dst>
            <dst id="SNVAng">26.6666666666667</dst>
            <dst id="STTLng">906.709333333334</dst>
            <dst id="WASHng">1754.90933333333</dst>
        </src>
        <src id="ATLAng">
            <dst id="ATLA-M5">800.293333333334</dst>
            <dst id="ATLAng">42410.088</dst>
            <dst id="CHINng">15101.4693333333</dst>
            <dst id="DNVRng">2169.488</dst>
            <dst id="HSTNng">11209.552</dst>
            <dst id="IPLSng">23182.984</dst>
            <dst id="KSCYng">7289.512</dst>
            <dst id="LOSAng">13618.0293333333</dst>
            <dst id="NYCMng">12567.1653333333</dst>
            <dst id="SNVAng">1437.52266666667</dst>
            <dst id="STTLng">22113.976</dst>
            <dst id="WASHng">52497.696</dst>
        </src>
        <src id="CHINng">
            <dst id="ATLA-M5">1330.496</dst>
            <dst id="ATLAng">27393.3653333333</dst>
            <dst id="CHINng">121004.136</dst>
            <dst id="DNVRng">45055.6026666667</dst>
            <dst id="HSTNng">15945.3573333333</dst>
            <dst id="IPLSng">102219.773333333</dst>
            <dst id="KSCYng">18978.6106666667</dst>
            <dst id="LOSAng">28895.9546666667</dst>
            <dst id="NYCMng">16676.5573333333</dst>
            <dst id="SNVAng">3649.376</dst>
            <dst id="STTLng">35339.3226666667</dst>
            <dst id="WASHng">32981.064</dst>
        </src>
        <src id="DNVRng">
            <dst id="ATLA-M5">282.88</dst>
            <dst id="ATLAng">13429.5733333333</dst>
            <dst id="CHINng">80648.224</dst>
            <dst id="DNVRng">32280.1706666667</dst>
            <dst id="HSTNng">25137.9226666667</dst>
            <dst id="IPLSng">18608.4133333333</dst>
            <dst id="KSCYng">28178.0666666667</dst>
            <dst id="LOSAng">14404.0026666667</dst>
            <dst id="NYCMng">13322.3413333333</dst>
            <dst id="SNVAng">18962.7173333333</dst>
            <dst id="STTLng">24323.752</dst>
            <dst id="WASHng">27769.8746666667</dst>
        </src>
        <src id="HSTNng">
            <dst id="ATLA-M5">487.530666666667</dst>
            <dst id="ATLAng">6667.168</dst>
            <dst id="CHINng">15166.6026666667</dst>
            <dst id="DNVRng">1874.496</dst>
            <dst id="HSTNng">19752.1066666667</dst>
            <dst id="IPLSng">6143.87466666667</dst>
            <dst id="KSCYng">13703.4133333333</dst>
            <dst id="LOSAng">2860.34933333333</dst>
            <dst id="NYCMng">4020.10666666667</dst>
            <dst id="SNVAng">927.4</dst>
            <dst id="STTLng">12727.816</dst>
            <dst id="WASHng">19119.0986666667</dst>
        </src>
        <src id="IPLSng">
            <dst id="ATLA-M5">170.090666666667</dst>
            <dst id="ATLAng">27873.9653333333</dst>
            <dst id="CHINng">91655.7173333333</dst>
            <dst id="DNVRng">27243.2346666667</dst>
            <dst id="HSTNng">7565.52</dst>
            <dst id="IPLSng">32897.5546666667</dst>
            <dst id="KSCYng">28856.7146666667</dst>
            <dst id="LOSAng">22015.0826666667</dst>
            <dst id="NYCMng">16466.4506666667</dst>
            <dst id="SNVAng">798.202666666667</dst>
            <dst id="STTLng">35277.6933333333</dst>
            <dst id="WASHng">49602.7333333333</dst>
        </src>
        <src id="KSCYng">
            <dst id="ATLA-M5">1395.968</dst>
            <dst id="ATLAng">6916.92533333333</dst>
            <dst id="CHINng">24054.9866666667</dst>
            <dst id="DNVRng">9496.30666666667</dst>
            <dst id="HSTNng">8966.37866666667</dst>
            <dst id="IPLSng">27236.4426666667</dst>
            <dst id="KSCYng">18470.72</dst>
            <dst id="LOSAng">6507.90933333333</dst>
            <dst id="NYCMng">10520.0906666667</dst>
            <dst id="SNVAng">1878.33066666667</dst>
            <dst id="STTLng">13874.896</dst>
            <dst id="WASHng">19116.8826666667</dst>
        </src>
        <src id="LOSAng">
            <dst id="ATLA-M5">176.669333333333</dst>
            <dst id="ATLAng">18566.6053333333</dst>
            <dst id="CHINng">130686.677333333</dst>
            <dst id="DNVRng">14889.0053333333</dst>
            <dst id="HSTNng">11479.304</dst>
            <dst id="IPLSng">29732.864</dst>
            <dst id="KSCYng">6955.47466666667</dst>
            <dst id="LOSAng">7105.84533333333</dst>
            <dst id="NYCMng">38221.6373333333</dst>
            <dst id="SNVAng">23555.864</dst>
            <dst id="STTLng">63053.8186666667</dst>
            <dst id="WASHng">56160.7493333333</dst>
        </src>
        <src id="NYCMng">
            <dst id="ATLA-M5">1848.432</dst>
            <dst id="ATLAng">55280.9653333334</dst>
            <dst id="CHINng">38028.7493333333</dst>
            <dst id="DNVRng">14060.9333333333</dst>
            <dst id="HSTNng">15920.0906666667</dst>
            <dst id="IPLSng">52744.3093333334</dst>
            <dst id="KSCYng">12886.752</dst>
            <dst id="LOSAng">56173.368</dst>
            <dst id="NYCMng">130792.469333333</dst>
            <dst id="SNVAng">2263.22666666667</dst>
            <dst id="STTLng">26691.9306666667</dst>
            <dst id="WASHng">101604.437333333</dst>
        </src>
        <src id="SNVAng">
            <dst id="ATLA-M5">0</dst>
            <dst id="ATLAng">261.149333333333</dst>
            <dst id="CHINng">161.013333333333</dst>
            <dst id="DNVRng">4318.40266666667</dst>
            <dst id="HSTNng">395.397333333333</dst>
            <dst id="IPLSng">506.597333333333</dst>
            <dst id="KSCYng">201.813333333333</dst>
            <dst id="LOSAng">8446.19733333333</dst>
            <dst id="NYCMng">62.7493333333333</dst>
            <dst id="SNVAng">9374.54666666667</dst>
            <dst id="STTLng">19563.0666666667</dst>
            <dst id="WASHng">237.533333333333</dst>
        </src>
        <src id="STTLng">
            <dst id="ATLA-M5">6443.77066666667</dst>
            <dst id="ATLAng">84218.136</dst>
            <dst id="CHINng">136202.781333333</dst>
            <dst id="DNVRng">23922.072</dst>
            <dst id="HSTNng">39513.6293333333</dst>
            <dst id="IPLSng">89902.8373333333</dst>
            <dst id="KSCYng">56999.928</dst>
            <dst id="LOSAng">24969.104</dst>
            <dst id="NYCMng">36050.0586666667</dst>
            <dst id="SNVAng">7502.37866666667</dst>
            <dst id="STTLng">25159.104</dst>
            <dst id="WASHng">103050.794666667</dst>
        </src>
        <src id="WASHng">
            <dst id="ATLA-M5">7285.464</dst>
            <dst id="ATLAng">126015.349333333</dst>
            <dst id="CHINng">84008.5813333333</dst>
            <dst id="DNVRng">69903.9013333333</dst>
            <dst id="HSTNng">36714.1733333333</dst>
            <dst id="IPLSng">62155.7333333333</dst>
            <dst id="KSCYng">25978.544</dst>
            <dst id="LOSAng">60368.7173333333</dst>
            <dst id="NYCMng">210652.914666667</dst>
            <dst id="SNVAng">2611.97066666667</dst>
            <dst id="STTLng">60508.2986666667</dst>
            <dst id="WASHng">339546.266666667</dst>
        </src>
    </IntraTM>
</TrafficMatrixFile>
