<?xml version="1.0" encoding="ISO-8859-1" standalone="yes"?>
<TrafficMatrixFile xsi:noNamespaceSchemaLocation="http://totem.run.montefiore.ulg.ac.be/Schema/TrafficMatrix-v1_2.xsd" xmlns:xsi="http://www.w3.org/2001/XMLSchema-instance">
    <IntraTM ASID="11537">
        <src id="ATLA-M5">
            <dst id="ATLA-M5">96.7733333333333</dst>
            <dst id="ATLAng">794.514666666667</dst>
            <dst id="CHINng">1324.176</dst>
            <dst id="DNVRng">0</dst>
            <dst id="HSTNng">185.093333333333</dst>
            <dst id="IPLSng">293.613333333333</dst>
            <dst id="KSCYng">80</dst>
            <dst id="LOSAng">142.266666666667</dst>
            <dst id="NYCMng">26.6666666666667</dst>
            <dst id="SNVAng">0</dst>
            <dst id="STTLng">892.178666666667</dst>
            <dst id="WASHng">2574.776</dst>
        </src>
        <src id="ATLAng">
            <dst id="ATLA-M5">180.104</dst>
            <dst id="ATLAng">29473.5573333333</dst>
            <dst id="CHINng">20264.6266666667</dst>
            <dst id="DNVRng">3324.024</dst>
            <dst id="HSTNng">2309.29066666667</dst>
            <dst id="IPLSng">19655.2613333333</dst>
            <dst id="KSCYng">2717.23466666667</dst>
            <dst id="LOSAng">19796.8493333333</dst>
            <dst id="NYCMng">15064.4853333333</dst>
            <dst id="SNVAng">3814.67866666667</dst>
            <dst id="STTLng">21582.9386666667</dst>
            <dst id="WASHng">71078.9573333333</dst>
        </src>
        <src id="CHINng">
            <dst id="ATLA-M5">1337.536</dst>
            <dst id="ATLAng">103537.669333333</dst>
            <dst id="CHINng">109234.261333333</dst>
            <dst id="DNVRng">9994.74933333334</dst>
            <dst id="HSTNng">17731.2106666667</dst>
            <dst id="IPLSng">64176.024</dst>
            <dst id="KSCYng">27397.1733333333</dst>
            <dst id="LOSAng">28149.6106666667</dst>
            <dst id="NYCMng">11222.9733333333</dst>
            <dst id="SNVAng">3377.39733333333</dst>
            <dst id="STTLng">30579.296</dst>
            <dst id="WASHng">32515.848</dst>
        </src>
        <src id="DNVRng">
            <dst id="ATLA-M5">98.8026666666667</dst>
            <dst id="ATLAng">9891.03466666667</dst>
            <dst id="CHINng">65981.48</dst>
            <dst id="DNVRng">12844.752</dst>
            <dst id="HSTNng">12824.7386666667</dst>
            <dst id="IPLSng">12705.9546666667</dst>
            <dst id="KSCYng">30515.5146666667</dst>
            <dst id="LOSAng">8704.736</dst>
            <dst id="NYCMng">8798.66133333333</dst>
            <dst id="SNVAng">13811.2293333333</dst>
            <dst id="STTLng">20125.504</dst>
            <dst id="WASHng">33887.3253333333</dst>
        </src>
        <src id="HSTNng">
            <dst id="ATLA-M5">264.554666666667</dst>
            <dst id="ATLAng">6407.24</dst>
            <dst id="CHINng">17398.544</dst>
            <dst id="DNVRng">2488.16266666667</dst>
            <dst id="HSTNng">15261.0826666667</dst>
            <dst id="IPLSng">5002.40266666667</dst>
            <dst id="KSCYng">7279.736</dst>
            <dst id="LOSAng">52195.7706666667</dst>
            <dst id="NYCMng">2601.14133333333</dst>
            <dst id="SNVAng">240.765333333333</dst>
            <dst id="STTLng">11948.5466666667</dst>
            <dst id="WASHng">4249.864</dst>
        </src>
        <src id="IPLSng">
            <dst id="ATLA-M5">142.952</dst>
            <dst id="ATLAng">13008.9493333333</dst>
            <dst id="CHINng">89994.5813333333</dst>
            <dst id="DNVRng">3901.672</dst>
            <dst id="HSTNng">2434.864</dst>
            <dst id="IPLSng">16381.272</dst>
            <dst id="KSCYng">14080.6186666667</dst>
            <dst id="LOSAng">18543.0853333333</dst>
            <dst id="NYCMng">14643.4026666667</dst>
            <dst id="SNVAng">925.12</dst>
            <dst id="STTLng">39973.8746666667</dst>
            <dst id="WASHng">43093.64</dst>
        </src>
        <src id="KSCYng">
            <dst id="ATLA-M5">53.3333333333333</dst>
            <dst id="ATLAng">7540.82933333334</dst>
            <dst id="CHINng">26642.24</dst>
            <dst id="DNVRng">7938.104</dst>
            <dst id="HSTNng">2881.46933333333</dst>
            <dst id="IPLSng">14840.0533333333</dst>
            <dst id="KSCYng">13241.4293333333</dst>
            <dst id="LOSAng">3829.392</dst>
            <dst id="NYCMng">4218.21066666667</dst>
            <dst id="SNVAng">3025.45866666667</dst>
            <dst id="STTLng">14249.9066666667</dst>
            <dst id="WASHng">9482.928</dst>
        </src>
        <src id="LOSAng">
            <dst id="ATLA-M5">116.045333333333</dst>
            <dst id="ATLAng">14897.7973333333</dst>
            <dst id="CHINng">125862.776</dst>
            <dst id="DNVRng">15826.3493333333</dst>
            <dst id="HSTNng">13180.776</dst>
            <dst id="IPLSng">23664.9066666667</dst>
            <dst id="KSCYng">4080.35733333333</dst>
            <dst id="LOSAng">10811.0453333333</dst>
            <dst id="NYCMng">52760.032</dst>
            <dst id="SNVAng">16621.32</dst>
            <dst id="STTLng">50400.7146666667</dst>
            <dst id="WASHng">47119.24</dst>
        </src>
        <src id="NYCMng">
            <dst id="ATLA-M5">2790.78666666667</dst>
            <dst id="ATLAng">44759.5813333333</dst>
            <dst id="CHINng">29462.5546666667</dst>
            <dst id="DNVRng">12468.1226666667</dst>
            <dst id="HSTNng">5660.14133333333</dst>
            <dst id="IPLSng">24806.816</dst>
            <dst id="KSCYng">9244.45333333333</dst>
            <dst id="LOSAng">47348.9386666667</dst>
            <dst id="NYCMng">106822.349333333</dst>
            <dst id="SNVAng">1100.72</dst>
            <dst id="STTLng">29032.28</dst>
            <dst id="WASHng">85402.6506666666</dst>
        </src>
        <src id="SNVAng">
            <dst id="ATLA-M5">0</dst>
            <dst id="ATLAng">345.290666666667</dst>
            <dst id="CHINng">860.536</dst>
            <dst id="DNVRng">11523.44</dst>
            <dst id="HSTNng">156.72</dst>
            <dst id="IPLSng">501.448</dst>
            <dst id="KSCYng">444.728</dst>
            <dst id="LOSAng">9616.36266666667</dst>
            <dst id="NYCMng">89.696</dst>
            <dst id="SNVAng">8679.89866666667</dst>
            <dst id="STTLng">15864.5306666667</dst>
            <dst id="WASHng">147.242666666667</dst>
        </src>
        <src id="STTLng">
            <dst id="ATLA-M5">4142.304</dst>
            <dst id="ATLAng">66355.4826666667</dst>
            <dst id="CHINng">119856.722666667</dst>
            <dst id="DNVRng">11513.528</dst>
            <dst id="HSTNng">21731.304</dst>
            <dst id="IPLSng">72209.92</dst>
            <dst id="KSCYng">47426.0586666667</dst>
            <dst id="LOSAng">29130.0213333333</dst>
            <dst id="NYCMng">26835.784</dst>
            <dst id="SNVAng">1434.85866666667</dst>
            <dst id="STTLng">17290.088</dst>
            <dst id="WASHng">87302.3306666667</dst>
        </src>
        <src id="WASHng">
            <dst id="ATLA-M5">485.018666666667</dst>
            <dst id="ATLAng">108013.392</dst>
            <dst id="CHINng">75611.048</dst>
            <dst id="DNVRng">46227.784</dst>
            <dst id="HSTNng">23634.5066666667</dst>
            <dst id="IPLSng">45823.048</dst>
            <dst id="KSCYng">12262.8426666667</dst>
            <dst id="LOSAng">72779.0693333333</dst>
            <dst id="NYCMng">181265.949333333</dst>
            <dst id="SNVAng">2950.64266666667</dst>
            <dst id="STTLng">65233.04</dst>
            <dst id="WASHng">353435.653333333</dst>
        </src>
    </IntraTM>
</TrafficMatrixFile>
