<?xml version="1.0" encoding="ISO-8859-1" standalone="yes"?>
<TrafficMatrixFile xsi:noNamespaceSchemaLocation="http://totem.run.montefiore.ulg.ac.be/Schema/TrafficMatrix-v1_2.xsd" xmlns:xsi="http://www.w3.org/2001/XMLSchema-instance">
    <IntraTM ASID="11537">
        <src id="ATLA-M5">
            <dst id="ATLA-M5">49.0506666666667</dst>
            <dst id="ATLAng">317.922666666667</dst>
            <dst id="CHINng">709.093333333334</dst>
            <dst id="DNVRng">310.256</dst>
            <dst id="HSTNng">485.650666666667</dst>
            <dst id="IPLSng">867</dst>
            <dst id="KSCYng">258.128</dst>
            <dst id="LOSAng">121.448</dst>
            <dst id="NYCMng">1365.67733333333</dst>
            <dst id="SNVAng">27.1013333333333</dst>
            <dst id="STTLng">1310.89333333333</dst>
            <dst id="WASHng">1232.70933333333</dst>
        </src>
        <src id="ATLAng">
            <dst id="ATLA-M5">296.178666666667</dst>
            <dst id="ATLAng">61566.7493333333</dst>
            <dst id="CHINng">29157.8</dst>
            <dst id="DNVRng">7902.02133333333</dst>
            <dst id="HSTNng">3516.29866666667</dst>
            <dst id="IPLSng">18645.0293333333</dst>
            <dst id="KSCYng">6775.61866666667</dst>
            <dst id="LOSAng">27204.5653333333</dst>
            <dst id="NYCMng">10072.3226666667</dst>
            <dst id="SNVAng">1466.87733333333</dst>
            <dst id="STTLng">10477.688</dst>
            <dst id="WASHng">34424.272</dst>
        </src>
        <src id="CHINng">
            <dst id="ATLA-M5">2036.864</dst>
            <dst id="ATLAng">193144.101333333</dst>
            <dst id="CHINng">96957.7493333333</dst>
            <dst id="DNVRng">18192.3226666667</dst>
            <dst id="HSTNng">13088.6026666667</dst>
            <dst id="IPLSng">45781.4346666667</dst>
            <dst id="KSCYng">19517.384</dst>
            <dst id="LOSAng">45042.8453333333</dst>
            <dst id="NYCMng">13903.1253333333</dst>
            <dst id="SNVAng">4284.14933333333</dst>
            <dst id="STTLng">21592.2293333333</dst>
            <dst id="WASHng">32059.8933333333</dst>
        </src>
        <src id="DNVRng">
            <dst id="ATLA-M5">383.109333333333</dst>
            <dst id="ATLAng">7468.22933333333</dst>
            <dst id="CHINng">38920.2</dst>
            <dst id="DNVRng">13461.168</dst>
            <dst id="HSTNng">17250.8666666667</dst>
            <dst id="IPLSng">10268.7626666667</dst>
            <dst id="KSCYng">22791.3413333333</dst>
            <dst id="LOSAng">12787.2106666667</dst>
            <dst id="NYCMng">8902.98133333333</dst>
            <dst id="SNVAng">13137.056</dst>
            <dst id="STTLng">31900.056</dst>
            <dst id="WASHng">24029.2773333333</dst>
        </src>
        <src id="HSTNng">
            <dst id="ATLA-M5">1705.54133333333</dst>
            <dst id="ATLAng">3392.384</dst>
            <dst id="CHINng">10869.792</dst>
            <dst id="DNVRng">1875.22666666667</dst>
            <dst id="HSTNng">15414</dst>
            <dst id="IPLSng">5014.856</dst>
            <dst id="KSCYng">10380.456</dst>
            <dst id="LOSAng">11985.5893333333</dst>
            <dst id="NYCMng">3437.576</dst>
            <dst id="SNVAng">323.229333333333</dst>
            <dst id="STTLng">4638.73333333333</dst>
            <dst id="WASHng">7397.984</dst>
        </src>
        <src id="IPLSng">
            <dst id="ATLA-M5">500.312</dst>
            <dst id="ATLAng">11724.896</dst>
            <dst id="CHINng">83318.6186666666</dst>
            <dst id="DNVRng">7413.688</dst>
            <dst id="HSTNng">5366.56</dst>
            <dst id="IPLSng">32247.0773333333</dst>
            <dst id="KSCYng">12600.7546666667</dst>
            <dst id="LOSAng">11747.5573333333</dst>
            <dst id="NYCMng">6383.19466666667</dst>
            <dst id="SNVAng">4214.672</dst>
            <dst id="STTLng">24572.4613333333</dst>
            <dst id="WASHng">12921.6106666667</dst>
        </src>
        <src id="KSCYng">
            <dst id="ATLA-M5">279.530666666667</dst>
            <dst id="ATLAng">8773.37333333333</dst>
            <dst id="CHINng">24577.76</dst>
            <dst id="DNVRng">8274.01066666667</dst>
            <dst id="HSTNng">3800.61333333333</dst>
            <dst id="IPLSng">15310.184</dst>
            <dst id="KSCYng">5451.93866666667</dst>
            <dst id="LOSAng">4501.888</dst>
            <dst id="NYCMng">14351.0693333333</dst>
            <dst id="SNVAng">2403.20266666667</dst>
            <dst id="STTLng">9224.68533333333</dst>
            <dst id="WASHng">17563.5013333333</dst>
        </src>
        <src id="LOSAng">
            <dst id="ATLA-M5">5779.63466666667</dst>
            <dst id="ATLAng">26036.6746666667</dst>
            <dst id="CHINng">78098.544</dst>
            <dst id="DNVRng">18065.728</dst>
            <dst id="HSTNng">6470.74666666667</dst>
            <dst id="IPLSng">35497.12</dst>
            <dst id="KSCYng">7498.50133333333</dst>
            <dst id="LOSAng">14223.8506666667</dst>
            <dst id="NYCMng">39839.52</dst>
            <dst id="SNVAng">18427.8613333333</dst>
            <dst id="STTLng">51205.2506666667</dst>
            <dst id="WASHng">55096.4666666667</dst>
        </src>
        <src id="NYCMng">
            <dst id="ATLA-M5">1331.92</dst>
            <dst id="ATLAng">25478.9653333333</dst>
            <dst id="CHINng">38423.48</dst>
            <dst id="DNVRng">18345.576</dst>
            <dst id="HSTNng">10971.064</dst>
            <dst id="IPLSng">31270.696</dst>
            <dst id="KSCYng">15768.512</dst>
            <dst id="LOSAng">58837.4986666667</dst>
            <dst id="NYCMng">77343.0186666667</dst>
            <dst id="SNVAng">2222.608</dst>
            <dst id="STTLng">28367.8373333333</dst>
            <dst id="WASHng">59247.9253333334</dst>
        </src>
        <src id="SNVAng">
            <dst id="ATLA-M5">0</dst>
            <dst id="ATLAng">465.834666666667</dst>
            <dst id="CHINng">53.3333333333333</dst>
            <dst id="DNVRng">1900.10933333333</dst>
            <dst id="HSTNng">0</dst>
            <dst id="IPLSng">332.157333333333</dst>
            <dst id="KSCYng">26.6666666666667</dst>
            <dst id="LOSAng">7714.86133333333</dst>
            <dst id="NYCMng">207.250666666667</dst>
            <dst id="SNVAng">6999.53866666667</dst>
            <dst id="STTLng">15526.8</dst>
            <dst id="WASHng">76.1173333333333</dst>
        </src>
        <src id="STTLng">
            <dst id="ATLA-M5">3183.22933333333</dst>
            <dst id="ATLAng">14539.3013333333</dst>
            <dst id="CHINng">26612.6693333333</dst>
            <dst id="DNVRng">16183.352</dst>
            <dst id="HSTNng">7732.23466666667</dst>
            <dst id="IPLSng">14572.5413333333</dst>
            <dst id="KSCYng">19285.1306666667</dst>
            <dst id="LOSAng">45819.1973333333</dst>
            <dst id="NYCMng">8768.17333333334</dst>
            <dst id="SNVAng">2504.01066666667</dst>
            <dst id="STTLng">22773.6746666667</dst>
            <dst id="WASHng">15618.7546666667</dst>
        </src>
        <src id="WASHng">
            <dst id="ATLA-M5">5596.95733333333</dst>
            <dst id="ATLAng">110541.194666667</dst>
            <dst id="CHINng">86294.7813333333</dst>
            <dst id="DNVRng">53602.4933333333</dst>
            <dst id="HSTNng">32710.112</dst>
            <dst id="IPLSng">42559.416</dst>
            <dst id="KSCYng">26039.5573333333</dst>
            <dst id="LOSAng">76594.4533333333</dst>
            <dst id="NYCMng">117231.024</dst>
            <dst id="SNVAng">6220.392</dst>
            <dst id="STTLng">52237.2613333333</dst>
            <dst id="WASHng">206700</dst>
        </src>
    </IntraTM>
</TrafficMatrixFile>
