<?xml version="1.0" encoding="ISO-8859-1" standalone="yes"?>
<TrafficMatrixFile xsi:noNamespaceSchemaLocation="http://totem.run.montefiore.ulg.ac.be/Schema/TrafficMatrix-v1_2.xsd" xmlns:xsi="http://www.w3.org/2001/XMLSchema-instance">
    <IntraTM ASID="11537">
        <src id="ATLA-M5">
            <dst id="ATLA-M5">26.6666666666667</dst>
            <dst id="ATLAng">980.290666666666</dst>
            <dst id="CHINng">1058.704</dst>
            <dst id="DNVRng">322.898666666667</dst>
            <dst id="HSTNng">338.76</dst>
            <dst id="IPLSng">1309.94933333333</dst>
            <dst id="KSCYng">393.08</dst>
            <dst id="LOSAng">194.698666666667</dst>
            <dst id="NYCMng">1424.96</dst>
            <dst id="SNVAng">13.3333333333333</dst>
            <dst id="STTLng">647.504</dst>
            <dst id="WASHng">2068.40266666667</dst>
        </src>
        <src id="ATLAng">
            <dst id="ATLA-M5">639.088</dst>
            <dst id="ATLAng">31300.3813333333</dst>
            <dst id="CHINng">20634.408</dst>
            <dst id="DNVRng">4548.22133333333</dst>
            <dst id="HSTNng">4217.22133333333</dst>
            <dst id="IPLSng">25965.7813333333</dst>
            <dst id="KSCYng">4990.05333333333</dst>
            <dst id="LOSAng">23033.5453333333</dst>
            <dst id="NYCMng">9192.36533333333</dst>
            <dst id="SNVAng">729.665333333333</dst>
            <dst id="STTLng">13750.8533333333</dst>
            <dst id="WASHng">36311.0986666667</dst>
        </src>
        <src id="CHINng">
            <dst id="ATLA-M5">1403.352</dst>
            <dst id="ATLAng">24403.0053333333</dst>
            <dst id="CHINng">66162.2586666667</dst>
            <dst id="DNVRng">11230.4773333333</dst>
            <dst id="HSTNng">17302.7173333333</dst>
            <dst id="IPLSng">78085.272</dst>
            <dst id="KSCYng">14962.8533333333</dst>
            <dst id="LOSAng">45986.2773333333</dst>
            <dst id="NYCMng">12302.8506666667</dst>
            <dst id="SNVAng">4228.89333333333</dst>
            <dst id="STTLng">29167.4773333333</dst>
            <dst id="WASHng">31150.0986666667</dst>
        </src>
        <src id="DNVRng">
            <dst id="ATLA-M5">982.141333333333</dst>
            <dst id="ATLAng">5372.58666666667</dst>
            <dst id="CHINng">32331.3973333333</dst>
            <dst id="DNVRng">15125.7786666667</dst>
            <dst id="HSTNng">10802.2106666667</dst>
            <dst id="IPLSng">8569.84266666667</dst>
            <dst id="KSCYng">19598.2773333333</dst>
            <dst id="LOSAng">20827.728</dst>
            <dst id="NYCMng">7046.656</dst>
            <dst id="SNVAng">13143.5786666667</dst>
            <dst id="STTLng">25930.12</dst>
            <dst id="WASHng">39487.8106666667</dst>
        </src>
        <src id="HSTNng">
            <dst id="ATLA-M5">2470.72266666667</dst>
            <dst id="ATLAng">7594.99466666667</dst>
            <dst id="CHINng">18472.952</dst>
            <dst id="DNVRng">2969.78666666667</dst>
            <dst id="HSTNng">14542.1893333333</dst>
            <dst id="IPLSng">4919.824</dst>
            <dst id="KSCYng">10849.024</dst>
            <dst id="LOSAng">3540.56266666667</dst>
            <dst id="NYCMng">2712.26133333333</dst>
            <dst id="SNVAng">147.824</dst>
            <dst id="STTLng">9407.184</dst>
            <dst id="WASHng">8295.14666666667</dst>
        </src>
        <src id="IPLSng">
            <dst id="ATLA-M5">938.741333333333</dst>
            <dst id="ATLAng">12909.7253333333</dst>
            <dst id="CHINng">58833.72</dst>
            <dst id="DNVRng">8625.40533333333</dst>
            <dst id="HSTNng">4020.408</dst>
            <dst id="IPLSng">28138.944</dst>
            <dst id="KSCYng">11177.3546666667</dst>
            <dst id="LOSAng">17118.1306666667</dst>
            <dst id="NYCMng">8883.02666666667</dst>
            <dst id="SNVAng">707.474666666667</dst>
            <dst id="STTLng">37766.6026666667</dst>
            <dst id="WASHng">24511.2053333333</dst>
        </src>
        <src id="KSCYng">
            <dst id="ATLA-M5">478.850666666667</dst>
            <dst id="ATLAng">7757.41866666667</dst>
            <dst id="CHINng">19981.728</dst>
            <dst id="DNVRng">8877.48266666667</dst>
            <dst id="HSTNng">5374.512</dst>
            <dst id="IPLSng">18363.5093333333</dst>
            <dst id="KSCYng">13526.0853333333</dst>
            <dst id="LOSAng">5773.01066666667</dst>
            <dst id="NYCMng">5898.85866666667</dst>
            <dst id="SNVAng">3173.69866666667</dst>
            <dst id="STTLng">9894.31733333333</dst>
            <dst id="WASHng">17810.24</dst>
        </src>
        <src id="LOSAng">
            <dst id="ATLA-M5">216.088</dst>
            <dst id="ATLAng">14092.8373333333</dst>
            <dst id="CHINng">6291023.46666667</dst>
            <dst id="DNVRng">14104.704</dst>
            <dst id="HSTNng">7187.456</dst>
            <dst id="IPLSng">21441.856</dst>
            <dst id="KSCYng">7637.59733333333</dst>
            <dst id="LOSAng">18179.5946666667</dst>
            <dst id="NYCMng">43567.8426666667</dst>
            <dst id="SNVAng">21244.9893333333</dst>
            <dst id="STTLng">59702.8826666667</dst>
            <dst id="WASHng">49614.7813333333</dst>
        </src>
        <src id="NYCMng">
            <dst id="ATLA-M5">4340.536</dst>
            <dst id="ATLAng">38475.2533333333</dst>
            <dst id="CHINng">39927.272</dst>
            <dst id="DNVRng">20857.3013333333</dst>
            <dst id="HSTNng">20090.2266666667</dst>
            <dst id="IPLSng">26484.9226666667</dst>
            <dst id="KSCYng">12918.0773333333</dst>
            <dst id="LOSAng">59479.7413333333</dst>
            <dst id="NYCMng">89867.5093333333</dst>
            <dst id="SNVAng">2738.94933333333</dst>
            <dst id="STTLng">33912.568</dst>
            <dst id="WASHng">84760.4693333333</dst>
        </src>
        <src id="SNVAng">
            <dst id="ATLA-M5">0</dst>
            <dst id="ATLAng">367.498666666667</dst>
            <dst id="CHINng">53.3333333333333</dst>
            <dst id="DNVRng">710.317333333333</dst>
            <dst id="HSTNng">0</dst>
            <dst id="IPLSng">356.32</dst>
            <dst id="KSCYng">0</dst>
            <dst id="LOSAng">8028.99466666667</dst>
            <dst id="NYCMng">191.906666666667</dst>
            <dst id="SNVAng">8741.992</dst>
            <dst id="STTLng">18465.0906666667</dst>
            <dst id="WASHng">0</dst>
        </src>
        <src id="STTLng">
            <dst id="ATLA-M5">1205.216</dst>
            <dst id="ATLAng">23919.3653333333</dst>
            <dst id="CHINng">33918.5226666667</dst>
            <dst id="DNVRng">17082.9333333333</dst>
            <dst id="HSTNng">14056.1733333333</dst>
            <dst id="IPLSng">35522.0586666667</dst>
            <dst id="KSCYng">19551.312</dst>
            <dst id="LOSAng">40131.2906666667</dst>
            <dst id="NYCMng">15505.344</dst>
            <dst id="SNVAng">3330.184</dst>
            <dst id="STTLng">25489.152</dst>
            <dst id="WASHng">32547.1546666667</dst>
        </src>
        <src id="WASHng">
            <dst id="ATLA-M5">14473.7226666667</dst>
            <dst id="ATLAng">111437.901333333</dst>
            <dst id="CHINng">66431.9253333333</dst>
            <dst id="DNVRng">66674.5813333333</dst>
            <dst id="HSTNng">40524.5173333333</dst>
            <dst id="IPLSng">48082.152</dst>
            <dst id="KSCYng">26273.0693333333</dst>
            <dst id="LOSAng">79715.504</dst>
            <dst id="NYCMng">210899.48</dst>
            <dst id="SNVAng">1828.28</dst>
            <dst id="STTLng">50630.936</dst>
            <dst id="WASHng">192465.701333333</dst>
        </src>
    </IntraTM>
</TrafficMatrixFile>
