<?xml version="1.0" encoding="ISO-8859-1" standalone="yes"?>
<TrafficMatrixFile xsi:noNamespaceSchemaLocation="http://totem.run.montefiore.ulg.ac.be/Schema/TrafficMatrix-v1_2.xsd" xmlns:xsi="http://www.w3.org/2001/XMLSchema-instance">
    <IntraTM ASID="11537">
        <src id="ATLA-M5">
            <dst id="ATLA-M5">0</dst>
            <dst id="ATLAng">1038.38666666667</dst>
            <dst id="CHINng">678.402666666667</dst>
            <dst id="DNVRng">26.6666666666667</dst>
            <dst id="HSTNng">81.576</dst>
            <dst id="IPLSng">362.730666666667</dst>
            <dst id="KSCYng">162.456</dst>
            <dst id="LOSAng">173.664</dst>
            <dst id="NYCMng">1484.88266666667</dst>
            <dst id="SNVAng">0</dst>
            <dst id="STTLng">619.848</dst>
            <dst id="WASHng">1129.00533333333</dst>
        </src>
        <src id="ATLAng">
            <dst id="ATLA-M5">296.485333333333</dst>
            <dst id="ATLAng">27500.576</dst>
            <dst id="CHINng">17084.6693333333</dst>
            <dst id="DNVRng">4395.568</dst>
            <dst id="HSTNng">2452.93333333333</dst>
            <dst id="IPLSng">15497.2906666667</dst>
            <dst id="KSCYng">1930.13866666667</dst>
            <dst id="LOSAng">19951.7733333333</dst>
            <dst id="NYCMng">7047.51733333333</dst>
            <dst id="SNVAng">507.938666666667</dst>
            <dst id="STTLng">19053.1173333333</dst>
            <dst id="WASHng">63962.424</dst>
        </src>
        <src id="CHINng">
            <dst id="ATLA-M5">485.408</dst>
            <dst id="ATLAng">20088.5226666667</dst>
            <dst id="CHINng">115161.328</dst>
            <dst id="DNVRng">9287.44533333333</dst>
            <dst id="HSTNng">6979.80533333333</dst>
            <dst id="IPLSng">35289.3866666667</dst>
            <dst id="KSCYng">10228.0666666667</dst>
            <dst id="LOSAng">28479.0053333333</dst>
            <dst id="NYCMng">18641.5573333333</dst>
            <dst id="SNVAng">2961.352</dst>
            <dst id="STTLng">24405.9733333333</dst>
            <dst id="WASHng">26636.304</dst>
        </src>
        <src id="DNVRng">
            <dst id="ATLA-M5">391.373333333333</dst>
            <dst id="ATLAng">5809.76266666667</dst>
            <dst id="CHINng">36759.9413333333</dst>
            <dst id="DNVRng">3108.24</dst>
            <dst id="HSTNng">11639.4586666667</dst>
            <dst id="IPLSng">12824.5733333333</dst>
            <dst id="KSCYng">11274.2666666667</dst>
            <dst id="LOSAng">5628.02933333333</dst>
            <dst id="NYCMng">10979.4346666667</dst>
            <dst id="SNVAng">17686.9866666667</dst>
            <dst id="STTLng">10398.6506666667</dst>
            <dst id="WASHng">41806.5226666667</dst>
        </src>
        <src id="HSTNng">
            <dst id="ATLA-M5">1237.22666666667</dst>
            <dst id="ATLAng">2770.24533333333</dst>
            <dst id="CHINng">22327.3226666667</dst>
            <dst id="DNVRng">3034.824</dst>
            <dst id="HSTNng">13872.08</dst>
            <dst id="IPLSng">3302.50133333333</dst>
            <dst id="KSCYng">6635.392</dst>
            <dst id="LOSAng">2778.12</dst>
            <dst id="NYCMng">6076.94666666667</dst>
            <dst id="SNVAng">1078.17866666667</dst>
            <dst id="STTLng">7974.07733333333</dst>
            <dst id="WASHng">11287.144</dst>
        </src>
        <src id="IPLSng">
            <dst id="ATLA-M5">255.92</dst>
            <dst id="ATLAng">7602.432</dst>
            <dst id="CHINng">69768.9813333333</dst>
            <dst id="DNVRng">4179.264</dst>
            <dst id="HSTNng">2156.72533333333</dst>
            <dst id="IPLSng">43594.0506666667</dst>
            <dst id="KSCYng">8598.816</dst>
            <dst id="LOSAng">26153.4746666667</dst>
            <dst id="NYCMng">6964.27466666667</dst>
            <dst id="SNVAng">423.392</dst>
            <dst id="STTLng">23783.312</dst>
            <dst id="WASHng">23774.6133333333</dst>
        </src>
        <src id="KSCYng">
            <dst id="ATLA-M5">98.168</dst>
            <dst id="ATLAng">5075.736</dst>
            <dst id="CHINng">35132.4426666667</dst>
            <dst id="DNVRng">8497.93866666667</dst>
            <dst id="HSTNng">4422.91733333333</dst>
            <dst id="IPLSng">11012.344</dst>
            <dst id="KSCYng">6946.96266666667</dst>
            <dst id="LOSAng">3894.12</dst>
            <dst id="NYCMng">4200.59466666667</dst>
            <dst id="SNVAng">1834.55733333333</dst>
            <dst id="STTLng">18556.3066666667</dst>
            <dst id="WASHng">11055.8266666667</dst>
        </src>
        <src id="LOSAng">
            <dst id="ATLA-M5">26.6666666666667</dst>
            <dst id="ATLAng">7050.616</dst>
            <dst id="CHINng">88370.2293333333</dst>
            <dst id="DNVRng">9557.34133333333</dst>
            <dst id="HSTNng">2043.84</dst>
            <dst id="IPLSng">11447.5173333333</dst>
            <dst id="KSCYng">2662.78133333333</dst>
            <dst id="LOSAng">7948.46933333333</dst>
            <dst id="NYCMng">33451.1733333333</dst>
            <dst id="SNVAng">20865.2853333333</dst>
            <dst id="STTLng">37403.6053333333</dst>
            <dst id="WASHng">36900.7146666667</dst>
        </src>
        <src id="NYCMng">
            <dst id="ATLA-M5">331.456</dst>
            <dst id="ATLAng">35568.872</dst>
            <dst id="CHINng">33797.1786666667</dst>
            <dst id="DNVRng">15335.2213333333</dst>
            <dst id="HSTNng">8748.12533333333</dst>
            <dst id="IPLSng">15607.1866666667</dst>
            <dst id="KSCYng">7765.76</dst>
            <dst id="LOSAng">39251.7013333333</dst>
            <dst id="NYCMng">147397.714666667</dst>
            <dst id="SNVAng">2467.67733333333</dst>
            <dst id="STTLng">18941.7626666667</dst>
            <dst id="WASHng">52486.488</dst>
        </src>
        <src id="SNVAng">
            <dst id="ATLA-M5">26.6666666666667</dst>
            <dst id="ATLAng">26.6666666666667</dst>
            <dst id="CHINng">62.816</dst>
            <dst id="DNVRng">6164.032</dst>
            <dst id="HSTNng">166.386666666667</dst>
            <dst id="IPLSng">297.792</dst>
            <dst id="KSCYng">26.6666666666667</dst>
            <dst id="LOSAng">5373.04266666667</dst>
            <dst id="NYCMng">152.533333333333</dst>
            <dst id="SNVAng">7836.2</dst>
            <dst id="STTLng">17997.6186666667</dst>
            <dst id="WASHng">53.3333333333333</dst>
        </src>
        <src id="STTLng">
            <dst id="ATLA-M5">2074.584</dst>
            <dst id="ATLAng">42402.0133333333</dst>
            <dst id="CHINng">64522.0853333333</dst>
            <dst id="DNVRng">4154.77866666667</dst>
            <dst id="HSTNng">14962.6426666667</dst>
            <dst id="IPLSng">65996.84</dst>
            <dst id="KSCYng">31066.936</dst>
            <dst id="LOSAng">20574.0853333333</dst>
            <dst id="NYCMng">18540.5146666667</dst>
            <dst id="SNVAng">1456.50933333333</dst>
            <dst id="STTLng">13108.1413333333</dst>
            <dst id="WASHng">87285.408</dst>
        </src>
        <src id="WASHng">
            <dst id="ATLA-M5">1004.49333333333</dst>
            <dst id="ATLAng">86345.5893333333</dst>
            <dst id="CHINng">71981.3173333333</dst>
            <dst id="DNVRng">49140.2</dst>
            <dst id="HSTNng">23372.392</dst>
            <dst id="IPLSng">53984.7253333333</dst>
            <dst id="KSCYng">11019.0986666667</dst>
            <dst id="LOSAng">74429.8773333333</dst>
            <dst id="NYCMng">122821.101333333</dst>
            <dst id="SNVAng">4436.01866666667</dst>
            <dst id="STTLng">49792.1626666667</dst>
            <dst id="WASHng">295139.013333333</dst>
        </src>
    </IntraTM>
</TrafficMatrixFile>
