<?xml version="1.0" encoding="ISO-8859-1" standalone="yes"?>
<TrafficMatrixFile xsi:noNamespaceSchemaLocation="http://totem.run.montefiore.ulg.ac.be/Schema/TrafficMatrix-v1_2.xsd" xmlns:xsi="http://www.w3.org/2001/XMLSchema-instance">
    <IntraTM ASID="11537">
        <src id="ATLA-M5">
            <dst id="ATLA-M5">59.712</dst>
            <dst id="ATLAng">262.061333333333</dst>
            <dst id="CHINng">1440.45066666667</dst>
            <dst id="DNVRng">29.792</dst>
            <dst id="HSTNng">241.208</dst>
            <dst id="IPLSng">722.925333333333</dst>
            <dst id="KSCYng">80</dst>
            <dst id="LOSAng">70.88</dst>
            <dst id="NYCMng">53.3333333333333</dst>
            <dst id="SNVAng">0</dst>
            <dst id="STTLng">635.336</dst>
            <dst id="WASHng">2383.296</dst>
        </src>
        <src id="ATLAng">
            <dst id="ATLA-M5">309.624</dst>
            <dst id="ATLAng">32508.5306666667</dst>
            <dst id="CHINng">14765.2106666667</dst>
            <dst id="DNVRng">10167.224</dst>
            <dst id="HSTNng">4660.61066666667</dst>
            <dst id="IPLSng">17478.592</dst>
            <dst id="KSCYng">2064.90933333333</dst>
            <dst id="LOSAng">20048.8853333333</dst>
            <dst id="NYCMng">10858.0773333333</dst>
            <dst id="SNVAng">4762.992</dst>
            <dst id="STTLng">18760.5653333333</dst>
            <dst id="WASHng">66001.52</dst>
        </src>
        <src id="CHINng">
            <dst id="ATLA-M5">1013.41066666667</dst>
            <dst id="ATLAng">25889.2773333333</dst>
            <dst id="CHINng">108075.069333333</dst>
            <dst id="DNVRng">7358.72</dst>
            <dst id="HSTNng">11369.84</dst>
            <dst id="IPLSng">44981.872</dst>
            <dst id="KSCYng">15790.2613333333</dst>
            <dst id="LOSAng">26072.416</dst>
            <dst id="NYCMng">11495.6293333333</dst>
            <dst id="SNVAng">2485.76266666667</dst>
            <dst id="STTLng">24071.368</dst>
            <dst id="WASHng">27600.1546666667</dst>
        </src>
        <src id="DNVRng">
            <dst id="ATLA-M5">90.88</dst>
            <dst id="ATLAng">17539.1786666667</dst>
            <dst id="CHINng">56781.5706666667</dst>
            <dst id="DNVRng">2457.60266666667</dst>
            <dst id="HSTNng">7927.30133333333</dst>
            <dst id="IPLSng">19735.704</dst>
            <dst id="KSCYng">10595.4293333333</dst>
            <dst id="LOSAng">6344.208</dst>
            <dst id="NYCMng">13753.056</dst>
            <dst id="SNVAng">7190.57066666667</dst>
            <dst id="STTLng">10747.576</dst>
            <dst id="WASHng">16915.3253333333</dst>
        </src>
        <src id="HSTNng">
            <dst id="ATLA-M5">2674.03466666667</dst>
            <dst id="ATLAng">7318.97866666667</dst>
            <dst id="CHINng">13932.704</dst>
            <dst id="DNVRng">862.101333333333</dst>
            <dst id="HSTNng">17921.888</dst>
            <dst id="IPLSng">2986.88533333333</dst>
            <dst id="KSCYng">3387.99733333333</dst>
            <dst id="LOSAng">1963.89333333333</dst>
            <dst id="NYCMng">3491.984</dst>
            <dst id="SNVAng">426.882666666667</dst>
            <dst id="STTLng">6009.17066666667</dst>
            <dst id="WASHng">3802.728</dst>
        </src>
        <src id="IPLSng">
            <dst id="ATLA-M5">127.066666666667</dst>
            <dst id="ATLAng">13663.7333333333</dst>
            <dst id="CHINng">112463.888</dst>
            <dst id="DNVRng">13952.2826666667</dst>
            <dst id="HSTNng">1717.672</dst>
            <dst id="IPLSng">12364.8933333333</dst>
            <dst id="KSCYng">9650.688</dst>
            <dst id="LOSAng">13510.32</dst>
            <dst id="NYCMng">14910.9493333333</dst>
            <dst id="SNVAng">391.605333333333</dst>
            <dst id="STTLng">34365.1413333333</dst>
            <dst id="WASHng">33064.6986666667</dst>
        </src>
        <src id="KSCYng">
            <dst id="ATLA-M5">54.9813333333333</dst>
            <dst id="ATLAng">6591.14133333333</dst>
            <dst id="CHINng">22533.7413333333</dst>
            <dst id="DNVRng">6766.65066666667</dst>
            <dst id="HSTNng">2288.81066666667</dst>
            <dst id="IPLSng">10278.656</dst>
            <dst id="KSCYng">9373.488</dst>
            <dst id="LOSAng">2823.096</dst>
            <dst id="NYCMng">4012.47466666667</dst>
            <dst id="SNVAng">2682.32</dst>
            <dst id="STTLng">11205.3813333333</dst>
            <dst id="WASHng">10630.8106666667</dst>
        </src>
        <src id="LOSAng">
            <dst id="ATLA-M5">86.8213333333333</dst>
            <dst id="ATLAng">14400.7546666667</dst>
            <dst id="CHINng">123285.973333333</dst>
            <dst id="DNVRng">11890.5253333333</dst>
            <dst id="HSTNng">5784.61333333334</dst>
            <dst id="IPLSng">10051.1706666667</dst>
            <dst id="KSCYng">2709.97333333333</dst>
            <dst id="LOSAng">12458.5146666667</dst>
            <dst id="NYCMng">48517.616</dst>
            <dst id="SNVAng">18774.8</dst>
            <dst id="STTLng">51757.9333333333</dst>
            <dst id="WASHng">53395.184</dst>
        </src>
        <src id="NYCMng">
            <dst id="ATLA-M5">2621.61333333333</dst>
            <dst id="ATLAng">42324.928</dst>
            <dst id="CHINng">29869.0506666667</dst>
            <dst id="DNVRng">13220.3813333333</dst>
            <dst id="HSTNng">3888.26666666667</dst>
            <dst id="IPLSng">30327.3973333333</dst>
            <dst id="KSCYng">7946.04</dst>
            <dst id="LOSAng">49891.1493333333</dst>
            <dst id="NYCMng">95257.736</dst>
            <dst id="SNVAng">712.170666666667</dst>
            <dst id="STTLng">26650.8373333333</dst>
            <dst id="WASHng">74487.528</dst>
        </src>
        <src id="SNVAng">
            <dst id="ATLA-M5">0</dst>
            <dst id="ATLAng">1800.48266666667</dst>
            <dst id="CHINng">264.309333333333</dst>
            <dst id="DNVRng">6971.14933333333</dst>
            <dst id="HSTNng">55.3226666666667</dst>
            <dst id="IPLSng">280.669333333333</dst>
            <dst id="KSCYng">118.850666666667</dst>
            <dst id="LOSAng">6699.09066666667</dst>
            <dst id="NYCMng">172.352</dst>
            <dst id="SNVAng">8358.18933333333</dst>
            <dst id="STTLng">16122.9866666667</dst>
            <dst id="WASHng">26.6666666666667</dst>
        </src>
        <src id="STTLng">
            <dst id="ATLA-M5">1145.648</dst>
            <dst id="ATLAng">55938.8986666667</dst>
            <dst id="CHINng">71392.9413333333</dst>
            <dst id="DNVRng">12805.5173333333</dst>
            <dst id="HSTNng">14116.7306666667</dst>
            <dst id="IPLSng">50818.96</dst>
            <dst id="KSCYng">27876.8346666667</dst>
            <dst id="LOSAng">32665.112</dst>
            <dst id="NYCMng">22116.4613333333</dst>
            <dst id="SNVAng">1291.73866666667</dst>
            <dst id="STTLng">19016.4053333333</dst>
            <dst id="WASHng">80833.032</dst>
        </src>
        <src id="WASHng">
            <dst id="ATLA-M5">339.573333333333</dst>
            <dst id="ATLAng">104435.277333333</dst>
            <dst id="CHINng">46277.8773333333</dst>
            <dst id="DNVRng">61266.0186666667</dst>
            <dst id="HSTNng">22028.024</dst>
            <dst id="IPLSng">42738.2693333333</dst>
            <dst id="KSCYng">16987.0373333333</dst>
            <dst id="LOSAng">64486.112</dst>
            <dst id="NYCMng">126426.114666667</dst>
            <dst id="SNVAng">1419.016</dst>
            <dst id="STTLng">77062.9893333333</dst>
            <dst id="WASHng">278741.093333333</dst>
        </src>
    </IntraTM>
</TrafficMatrixFile>
