<?xml version="1.0" encoding="ISO-8859-1" standalone="yes"?>
<TrafficMatrixFile xsi:noNamespaceSchemaLocation="http://totem.run.montefiore.ulg.ac.be/Schema/TrafficMatrix-v1_2.xsd" xmlns:xsi="http://www.w3.org/2001/XMLSchema-instance">
    <IntraTM ASID="11537">
        <src id="ATLA-M5">
            <dst id="ATLA-M5">361.597333333333</dst>
            <dst id="ATLAng">901.2</dst>
            <dst id="CHINng">1614.376</dst>
            <dst id="DNVRng">220.336</dst>
            <dst id="HSTNng">421.226666666667</dst>
            <dst id="IPLSng">1137.768</dst>
            <dst id="KSCYng">396.856</dst>
            <dst id="LOSAng">126.217333333333</dst>
            <dst id="NYCMng">3749.856</dst>
            <dst id="SNVAng">41.164</dst>
            <dst id="STTLng">1532.69066666667</dst>
            <dst id="WASHng">1415.84</dst>
        </src>
        <src id="ATLAng">
            <dst id="ATLA-M5">1562.392</dst>
            <dst id="ATLAng">41529.9973333333</dst>
            <dst id="CHINng">31124.1973333333</dst>
            <dst id="DNVRng">7136.02666666667</dst>
            <dst id="HSTNng">17668.528</dst>
            <dst id="IPLSng">19042.816</dst>
            <dst id="KSCYng">13177.7306666667</dst>
            <dst id="LOSAng">24002.188</dst>
            <dst id="NYCMng">10199.6586666667</dst>
            <dst id="SNVAng">2383.36666666667</dst>
            <dst id="STTLng">25901.0373333333</dst>
            <dst id="WASHng">73685.136</dst>
        </src>
        <src id="CHINng">
            <dst id="ATLA-M5">2952.74933333333</dst>
            <dst id="ATLAng">53046.3413333334</dst>
            <dst id="CHINng">118061.786666667</dst>
            <dst id="DNVRng">17308.016</dst>
            <dst id="HSTNng">20925.0373333333</dst>
            <dst id="IPLSng">81220.1733333333</dst>
            <dst id="KSCYng">21982.944</dst>
            <dst id="LOSAng">49156.7253333333</dst>
            <dst id="NYCMng">14777.6293333333</dst>
            <dst id="SNVAng">5454.58133333333</dst>
            <dst id="STTLng">44651.88</dst>
            <dst id="WASHng">48862.736</dst>
        </src>
        <src id="DNVRng">
            <dst id="ATLA-M5">207.661333333333</dst>
            <dst id="ATLAng">9547.576</dst>
            <dst id="CHINng">37090.8533333333</dst>
            <dst id="DNVRng">13924.8533333333</dst>
            <dst id="HSTNng">17299.3013333333</dst>
            <dst id="IPLSng">20843.5066666667</dst>
            <dst id="KSCYng">19890.5066666667</dst>
            <dst id="LOSAng">24556</dst>
            <dst id="NYCMng">14607.024</dst>
            <dst id="SNVAng">17965.8266666667</dst>
            <dst id="STTLng">32351.7573333333</dst>
            <dst id="WASHng">27827.9733333333</dst>
        </src>
        <src id="HSTNng">
            <dst id="ATLA-M5">2954.536</dst>
            <dst id="ATLAng">16904.4746666667</dst>
            <dst id="CHINng">18059.9173333333</dst>
            <dst id="DNVRng">4949.44</dst>
            <dst id="HSTNng">21203.6213333333</dst>
            <dst id="IPLSng">9677.24266666667</dst>
            <dst id="KSCYng">9450.728</dst>
            <dst id="LOSAng">4760.73866666667</dst>
            <dst id="NYCMng">6258.08266666667</dst>
            <dst id="SNVAng">1655.672</dst>
            <dst id="STTLng">15701.112</dst>
            <dst id="WASHng">18118.0453333333</dst>
        </src>
        <src id="IPLSng">
            <dst id="ATLA-M5">899.042666666667</dst>
            <dst id="ATLAng">27169.1653333333</dst>
            <dst id="CHINng">81835.7413333333</dst>
            <dst id="DNVRng">30821.6586666667</dst>
            <dst id="HSTNng">7246.512</dst>
            <dst id="IPLSng">36381.4533333333</dst>
            <dst id="KSCYng">11360.9786666667</dst>
            <dst id="LOSAng">19929.2586666667</dst>
            <dst id="NYCMng">39951.3013333333</dst>
            <dst id="SNVAng">6205.376</dst>
            <dst id="STTLng">34341.7893333333</dst>
            <dst id="WASHng">67079.7466666667</dst>
        </src>
        <src id="KSCYng">
            <dst id="ATLA-M5">897.808</dst>
            <dst id="ATLAng">14415.6346666667</dst>
            <dst id="CHINng">47875.6906666667</dst>
            <dst id="DNVRng">10018.6586666667</dst>
            <dst id="HSTNng">3563.48</dst>
            <dst id="IPLSng">17320.2853333333</dst>
            <dst id="KSCYng">7867.27733333333</dst>
            <dst id="LOSAng">7865.39466666666</dst>
            <dst id="NYCMng">6004.744</dst>
            <dst id="SNVAng">3888.54666666667</dst>
            <dst id="STTLng">15264.568</dst>
            <dst id="WASHng">16714.2826666667</dst>
        </src>
        <src id="LOSAng">
            <dst id="ATLA-M5">221.829333333333</dst>
            <dst id="ATLAng">31996.7866666667</dst>
            <dst id="CHINng">102553.898666667</dst>
            <dst id="DNVRng">62118.728</dst>
            <dst id="HSTNng">12196.8746666667</dst>
            <dst id="IPLSng">33115.1013333333</dst>
            <dst id="KSCYng">6283.32266666667</dst>
            <dst id="LOSAng">15652.688</dst>
            <dst id="NYCMng">42962.3573333333</dst>
            <dst id="SNVAng">25216.9226666667</dst>
            <dst id="STTLng">72984.9306666667</dst>
            <dst id="WASHng">96419.3946666667</dst>
        </src>
        <src id="NYCMng">
            <dst id="ATLA-M5">972.773333333333</dst>
            <dst id="ATLAng">49519.336</dst>
            <dst id="CHINng">44386.416</dst>
            <dst id="DNVRng">26281.12</dst>
            <dst id="HSTNng">20603.52</dst>
            <dst id="IPLSng">61024.104</dst>
            <dst id="KSCYng">15727.264</dst>
            <dst id="LOSAng">69098.6693333333</dst>
            <dst id="NYCMng">143759.197333333</dst>
            <dst id="SNVAng">5822.23733333333</dst>
            <dst id="STTLng">22423.2746666667</dst>
            <dst id="WASHng">182534.002666667</dst>
        </src>
        <src id="SNVAng">
            <dst id="ATLA-M5">0</dst>
            <dst id="ATLAng">261.629333333333</dst>
            <dst id="CHINng">724.978666666667</dst>
            <dst id="DNVRng">2974.416</dst>
            <dst id="HSTNng">339.754666666667</dst>
            <dst id="IPLSng">826.296</dst>
            <dst id="KSCYng">329.762666666667</dst>
            <dst id="LOSAng">7225.23466666667</dst>
            <dst id="NYCMng">88.656</dst>
            <dst id="SNVAng">10693.8026666667</dst>
            <dst id="STTLng">20731.5066666667</dst>
            <dst id="WASHng">151.64</dst>
        </src>
        <src id="STTLng">
            <dst id="ATLA-M5">4702.84533333333</dst>
            <dst id="ATLAng">70128.3973333333</dst>
            <dst id="CHINng">119282.754666667</dst>
            <dst id="DNVRng">56425.6826666667</dst>
            <dst id="HSTNng">47001.264</dst>
            <dst id="IPLSng">97978.6586666667</dst>
            <dst id="KSCYng">66617.5253333333</dst>
            <dst id="LOSAng">11963.808</dst>
            <dst id="NYCMng">37141.2746666667</dst>
            <dst id="SNVAng">12327.9146666667</dst>
            <dst id="STTLng">48841.5093333333</dst>
            <dst id="WASHng">111863.944</dst>
        </src>
        <src id="WASHng">
            <dst id="ATLA-M5">16594.256</dst>
            <dst id="ATLAng">145895.786666667</dst>
            <dst id="CHINng">101721.493333333</dst>
            <dst id="DNVRng">80464.352</dst>
            <dst id="HSTNng">35628.336</dst>
            <dst id="IPLSng">97293.3946666667</dst>
            <dst id="KSCYng">23252.3733333333</dst>
            <dst id="LOSAng">77189.0986666667</dst>
            <dst id="NYCMng">281652.613333333</dst>
            <dst id="SNVAng">13859.824</dst>
            <dst id="STTLng">66446.368</dst>
            <dst id="WASHng">269121.386666667</dst>
        </src>
    </IntraTM>
</TrafficMatrixFile>
