<?xml version="1.0" encoding="ISO-8859-1" standalone="yes"?>
<TrafficMatrixFile xsi:noNamespaceSchemaLocation="http://totem.run.montefiore.ulg.ac.be/Schema/TrafficMatrix-v1_2.xsd" xmlns:xsi="http://www.w3.org/2001/XMLSchema-instance">
    <IntraTM ASID="11537">
        <src id="ATLA-M5">
            <dst id="ATLA-M5">980.656</dst>
            <dst id="ATLAng">931.026666666667</dst>
            <dst id="CHINng">986.157333333333</dst>
            <dst id="DNVRng">223.077333333333</dst>
            <dst id="HSTNng">161.493333333333</dst>
            <dst id="IPLSng">1407.51466666667</dst>
            <dst id="KSCYng">274.808</dst>
            <dst id="LOSAng">0</dst>
            <dst id="NYCMng">799.605333333333</dst>
            <dst id="SNVAng">0</dst>
            <dst id="STTLng">898.168</dst>
            <dst id="WASHng">853.376</dst>
        </src>
        <src id="ATLAng">
            <dst id="ATLA-M5">758.706666666666</dst>
            <dst id="ATLAng">38527.16</dst>
            <dst id="CHINng">20180.208</dst>
            <dst id="DNVRng">5142.67466666667</dst>
            <dst id="HSTNng">12557.936</dst>
            <dst id="IPLSng">17157.8533333333</dst>
            <dst id="KSCYng">9205.624</dst>
            <dst id="LOSAng">11642.936</dst>
            <dst id="NYCMng">12416.6293333333</dst>
            <dst id="SNVAng">2459.29333333333</dst>
            <dst id="STTLng">21383.5973333333</dst>
            <dst id="WASHng">72886.8506666667</dst>
        </src>
        <src id="CHINng">
            <dst id="ATLA-M5">772.898666666667</dst>
            <dst id="ATLAng">22849.016</dst>
            <dst id="CHINng">204196.248</dst>
            <dst id="DNVRng">12559.104</dst>
            <dst id="HSTNng">16714.4613333333</dst>
            <dst id="IPLSng">41432.5973333333</dst>
            <dst id="KSCYng">22836.4906666667</dst>
            <dst id="LOSAng">41481.168</dst>
            <dst id="NYCMng">35671.4373333333</dst>
            <dst id="SNVAng">4190.38666666667</dst>
            <dst id="STTLng">35355.872</dst>
            <dst id="WASHng">39656.0586666666</dst>
        </src>
        <src id="DNVRng">
            <dst id="ATLA-M5">205.152</dst>
            <dst id="ATLAng">14196.072</dst>
            <dst id="CHINng">50353.008</dst>
            <dst id="DNVRng">12358.7973333333</dst>
            <dst id="HSTNng">18474.4666666667</dst>
            <dst id="IPLSng">30118.9173333333</dst>
            <dst id="KSCYng">17724.6026666667</dst>
            <dst id="LOSAng">13060.3893333333</dst>
            <dst id="NYCMng">9109.856</dst>
            <dst id="SNVAng">10823.8426666667</dst>
            <dst id="STTLng">19924.0026666667</dst>
            <dst id="WASHng">38372.24</dst>
        </src>
        <src id="HSTNng">
            <dst id="ATLA-M5">623.986666666667</dst>
            <dst id="ATLAng">6736.56533333333</dst>
            <dst id="CHINng">22832.0933333333</dst>
            <dst id="DNVRng">1598.14933333333</dst>
            <dst id="HSTNng">18563.6293333333</dst>
            <dst id="IPLSng">7414.37333333333</dst>
            <dst id="KSCYng">9369.86933333333</dst>
            <dst id="LOSAng">55411.976</dst>
            <dst id="NYCMng">23679.7866666667</dst>
            <dst id="SNVAng">2489.30133333333</dst>
            <dst id="STTLng">11785.6453333333</dst>
            <dst id="WASHng">9972.608</dst>
        </src>
        <src id="IPLSng">
            <dst id="ATLA-M5">774.136</dst>
            <dst id="ATLAng">21049.9013333333</dst>
            <dst id="CHINng">93057.3066666666</dst>
            <dst id="DNVRng">18241.0506666667</dst>
            <dst id="HSTNng">6870.72266666667</dst>
            <dst id="IPLSng">79697.08</dst>
            <dst id="KSCYng">5823.35466666667</dst>
            <dst id="LOSAng">23411.016</dst>
            <dst id="NYCMng">12342.1226666667</dst>
            <dst id="SNVAng">1527.27733333333</dst>
            <dst id="STTLng">40051.9413333333</dst>
            <dst id="WASHng">38513.9813333333</dst>
        </src>
        <src id="KSCYng">
            <dst id="ATLA-M5">1198.95466666667</dst>
            <dst id="ATLAng">6453.576</dst>
            <dst id="CHINng">26868.4613333333</dst>
            <dst id="DNVRng">10088.3893333333</dst>
            <dst id="HSTNng">5023.04266666667</dst>
            <dst id="IPLSng">22645.5866666667</dst>
            <dst id="KSCYng">13048.2186666667</dst>
            <dst id="LOSAng">4119.81866666667</dst>
            <dst id="NYCMng">9622.848</dst>
            <dst id="SNVAng">2330.01066666667</dst>
            <dst id="STTLng">18152.56</dst>
            <dst id="WASHng">12033.7626666667</dst>
        </src>
        <src id="LOSAng">
            <dst id="ATLA-M5">118.365333333333</dst>
            <dst id="ATLAng">17668.8453333333</dst>
            <dst id="CHINng">97799.4746666667</dst>
            <dst id="DNVRng">14127.832</dst>
            <dst id="HSTNng">7783.51733333333</dst>
            <dst id="IPLSng">12473.8613333333</dst>
            <dst id="KSCYng">9152.952</dst>
            <dst id="LOSAng">14402.2586666667</dst>
            <dst id="NYCMng">31405.4826666667</dst>
            <dst id="SNVAng">28767.0026666667</dst>
            <dst id="STTLng">73219.1173333333</dst>
            <dst id="WASHng">63949.8133333333</dst>
        </src>
        <src id="NYCMng">
            <dst id="ATLA-M5">1257.24</dst>
            <dst id="ATLAng">38607.016</dst>
            <dst id="CHINng">45496.6266666667</dst>
            <dst id="DNVRng">24080.5413333333</dst>
            <dst id="HSTNng">13744.3546666667</dst>
            <dst id="IPLSng">34308.168</dst>
            <dst id="KSCYng">17383.9893333333</dst>
            <dst id="LOSAng">42237.6693333333</dst>
            <dst id="NYCMng">163227.098666667</dst>
            <dst id="SNVAng">2781.21066666667</dst>
            <dst id="STTLng">19563.448</dst>
            <dst id="WASHng">122777.296</dst>
        </src>
        <src id="SNVAng">
            <dst id="ATLA-M5">0</dst>
            <dst id="ATLAng">3500.62933333333</dst>
            <dst id="CHINng">128.317333333333</dst>
            <dst id="DNVRng">5636.13333333333</dst>
            <dst id="HSTNng">275.733333333333</dst>
            <dst id="IPLSng">552.085333333334</dst>
            <dst id="KSCYng">53.3333333333333</dst>
            <dst id="LOSAng">4287.83466666667</dst>
            <dst id="NYCMng">113.096</dst>
            <dst id="SNVAng">9413.44533333333</dst>
            <dst id="STTLng">18036.816</dst>
            <dst id="WASHng">1248.53333333333</dst>
        </src>
        <src id="STTLng">
            <dst id="ATLA-M5">3542.55466666667</dst>
            <dst id="ATLAng">60543.672</dst>
            <dst id="CHINng">121627.472</dst>
            <dst id="DNVRng">30541.0293333333</dst>
            <dst id="HSTNng">37571.112</dst>
            <dst id="IPLSng">95186.224</dst>
            <dst id="KSCYng">63025.1386666667</dst>
            <dst id="LOSAng">21106.4026666667</dst>
            <dst id="NYCMng">29018.7466666667</dst>
            <dst id="SNVAng">7347.68</dst>
            <dst id="STTLng">25322.2933333333</dst>
            <dst id="WASHng">104040.768</dst>
        </src>
        <src id="WASHng">
            <dst id="ATLA-M5">4379.544</dst>
            <dst id="ATLAng">98540.632</dst>
            <dst id="CHINng">74620.008</dst>
            <dst id="DNVRng">54220.984</dst>
            <dst id="HSTNng">31950.36</dst>
            <dst id="IPLSng">78499.6533333333</dst>
            <dst id="KSCYng">30859.7173333333</dst>
            <dst id="LOSAng">75497.36</dst>
            <dst id="NYCMng">237935.56</dst>
            <dst id="SNVAng">5710.40533333333</dst>
            <dst id="STTLng">65790.7893333333</dst>
            <dst id="WASHng">404746.08</dst>
        </src>
    </IntraTM>
</TrafficMatrixFile>
