<?xml version="1.0" encoding="ISO-8859-1" standalone="yes"?>
<TrafficMatrixFile xsi:noNamespaceSchemaLocation="http://totem.run.montefiore.ulg.ac.be/Schema/TrafficMatrix-v1_2.xsd" xmlns:xsi="http://www.w3.org/2001/XMLSchema-instance">
    <IntraTM ASID="11537">
        <src id="ATLA-M5">
            <dst id="ATLA-M5">0</dst>
            <dst id="ATLAng">995.458666666667</dst>
            <dst id="CHINng">22635.9466666667</dst>
            <dst id="DNVRng">53.3333333333333</dst>
            <dst id="HSTNng">229.496</dst>
            <dst id="IPLSng">622.085333333333</dst>
            <dst id="KSCYng">651.922666666667</dst>
            <dst id="LOSAng">208.392</dst>
            <dst id="NYCMng">1522.45333333333</dst>
            <dst id="SNVAng">156.616</dst>
            <dst id="STTLng">598.853333333333</dst>
            <dst id="WASHng">28202.848</dst>
        </src>
        <src id="ATLAng">
            <dst id="ATLA-M5">173.858666666667</dst>
            <dst id="ATLAng">88000.264</dst>
            <dst id="CHINng">17737</dst>
            <dst id="DNVRng">6949.56</dst>
            <dst id="HSTNng">9616.648</dst>
            <dst id="IPLSng">23569.944</dst>
            <dst id="KSCYng">5395.70133333333</dst>
            <dst id="LOSAng">13361.6546666667</dst>
            <dst id="NYCMng">11572.1306666667</dst>
            <dst id="SNVAng">2331.67866666667</dst>
            <dst id="STTLng">13343.968</dst>
            <dst id="WASHng">41473.8106666667</dst>
        </src>
        <src id="CHINng">
            <dst id="ATLA-M5">656.074666666667</dst>
            <dst id="ATLAng">52072.56</dst>
            <dst id="CHINng">140107.946666667</dst>
            <dst id="DNVRng">15309.784</dst>
            <dst id="HSTNng">20225.128</dst>
            <dst id="IPLSng">59553.0666666667</dst>
            <dst id="KSCYng">20842.9733333333</dst>
            <dst id="LOSAng">47069.0533333333</dst>
            <dst id="NYCMng">18909.896</dst>
            <dst id="SNVAng">4364.50133333333</dst>
            <dst id="STTLng">27763.312</dst>
            <dst id="WASHng">36233.4826666667</dst>
        </src>
        <src id="DNVRng">
            <dst id="ATLA-M5">1169.71733333333</dst>
            <dst id="ATLAng">8535.46933333333</dst>
            <dst id="CHINng">32469.8453333333</dst>
            <dst id="DNVRng">13192.8213333333</dst>
            <dst id="HSTNng">16517.6693333333</dst>
            <dst id="IPLSng">12183.2213333333</dst>
            <dst id="KSCYng">20390.032</dst>
            <dst id="LOSAng">11502.944</dst>
            <dst id="NYCMng">7375.376</dst>
            <dst id="SNVAng">16982.3573333333</dst>
            <dst id="STTLng">54794.4746666667</dst>
            <dst id="WASHng">23331.1866666667</dst>
        </src>
        <src id="HSTNng">
            <dst id="ATLA-M5">754.802666666667</dst>
            <dst id="ATLAng">4830.95733333333</dst>
            <dst id="CHINng">83517.5893333333</dst>
            <dst id="DNVRng">3014</dst>
            <dst id="HSTNng">15878.024</dst>
            <dst id="IPLSng">4662.86666666667</dst>
            <dst id="KSCYng">10544.5786666667</dst>
            <dst id="LOSAng">7849.59733333333</dst>
            <dst id="NYCMng">3488.25066666667</dst>
            <dst id="SNVAng">26.6666666666667</dst>
            <dst id="STTLng">8160.304</dst>
            <dst id="WASHng">19032.3386666667</dst>
        </src>
        <src id="IPLSng">
            <dst id="ATLA-M5">357.506666666667</dst>
            <dst id="ATLAng">18195.3946666667</dst>
            <dst id="CHINng">51551.4346666667</dst>
            <dst id="DNVRng">7689.65066666667</dst>
            <dst id="HSTNng">2774.40533333333</dst>
            <dst id="IPLSng">12585.9866666667</dst>
            <dst id="KSCYng">7743.128</dst>
            <dst id="LOSAng">23240.512</dst>
            <dst id="NYCMng">10507.5413333333</dst>
            <dst id="SNVAng">2726.22133333333</dst>
            <dst id="STTLng">26956.232</dst>
            <dst id="WASHng">20746.3173333333</dst>
        </src>
        <src id="KSCYng">
            <dst id="ATLA-M5">459.336</dst>
            <dst id="ATLAng">8068.35466666667</dst>
            <dst id="CHINng">27265.568</dst>
            <dst id="DNVRng">9309.20533333333</dst>
            <dst id="HSTNng">6283.70933333333</dst>
            <dst id="IPLSng">22861.976</dst>
            <dst id="KSCYng">14296.2293333333</dst>
            <dst id="LOSAng">11297.3466666667</dst>
            <dst id="NYCMng">5298.30933333333</dst>
            <dst id="SNVAng">2998.608</dst>
            <dst id="STTLng">12778.7466666667</dst>
            <dst id="WASHng">13494.528</dst>
        </src>
        <src id="LOSAng">
            <dst id="ATLA-M5">153.325333333333</dst>
            <dst id="ATLAng">11982.6853333333</dst>
            <dst id="CHINng">125408.426666667</dst>
            <dst id="DNVRng">29265.888</dst>
            <dst id="HSTNng">8223.456</dst>
            <dst id="IPLSng">44017.032</dst>
            <dst id="KSCYng">11927.1226666667</dst>
            <dst id="LOSAng">16784.256</dst>
            <dst id="NYCMng">39767.232</dst>
            <dst id="SNVAng">17218.4853333333</dst>
            <dst id="STTLng">63986.2133333333</dst>
            <dst id="WASHng">60965.4346666667</dst>
        </src>
        <src id="NYCMng">
            <dst id="ATLA-M5">1688.592</dst>
            <dst id="ATLAng">33094.9173333333</dst>
            <dst id="CHINng">47299.0186666667</dst>
            <dst id="DNVRng">22140.2426666667</dst>
            <dst id="HSTNng">11473.448</dst>
            <dst id="IPLSng">25725</dst>
            <dst id="KSCYng">9883.608</dst>
            <dst id="LOSAng">63093.8213333333</dst>
            <dst id="NYCMng">96651.912</dst>
            <dst id="SNVAng">6747.86666666667</dst>
            <dst id="STTLng">27498.9626666667</dst>
            <dst id="WASHng">104654.064</dst>
        </src>
        <src id="SNVAng">
            <dst id="ATLA-M5">0</dst>
            <dst id="ATLAng">532.469333333333</dst>
            <dst id="CHINng">80</dst>
            <dst id="DNVRng">5617.06666666667</dst>
            <dst id="HSTNng">0</dst>
            <dst id="IPLSng">406.32</dst>
            <dst id="KSCYng">53.3333333333333</dst>
            <dst id="LOSAng">6986.136</dst>
            <dst id="NYCMng">446.408</dst>
            <dst id="SNVAng">7500.31733333333</dst>
            <dst id="STTLng">18176.6986666667</dst>
            <dst id="WASHng">0</dst>
        </src>
        <src id="STTLng">
            <dst id="ATLA-M5">2000.96266666667</dst>
            <dst id="ATLAng">28361.096</dst>
            <dst id="CHINng">45261.192</dst>
            <dst id="DNVRng">17626.4026666667</dst>
            <dst id="HSTNng">10708.4933333333</dst>
            <dst id="IPLSng">36397.3573333333</dst>
            <dst id="KSCYng">21562.9626666667</dst>
            <dst id="LOSAng">45721.536</dst>
            <dst id="NYCMng">14501.7413333333</dst>
            <dst id="SNVAng">4846.16</dst>
            <dst id="STTLng">30288.3173333333</dst>
            <dst id="WASHng">37193.9946666667</dst>
        </src>
        <src id="WASHng">
            <dst id="ATLA-M5">2120.60533333333</dst>
            <dst id="ATLAng">68664.224</dst>
            <dst id="CHINng">414332.026666667</dst>
            <dst id="DNVRng">71705.1973333333</dst>
            <dst id="HSTNng">21024.808</dst>
            <dst id="IPLSng">59753.248</dst>
            <dst id="KSCYng">32930.0346666667</dst>
            <dst id="LOSAng">74538.9173333333</dst>
            <dst id="NYCMng">177685.944</dst>
            <dst id="SNVAng">10041.712</dst>
            <dst id="STTLng">61408.208</dst>
            <dst id="WASHng">710188.96</dst>
        </src>
    </IntraTM>
</TrafficMatrixFile>
