<?xml version="1.0" encoding="ISO-8859-1" standalone="yes"?>
<TrafficMatrixFile xsi:noNamespaceSchemaLocation="http://totem.run.montefiore.ulg.ac.be/Schema/TrafficMatrix-v1_2.xsd" xmlns:xsi="http://www.w3.org/2001/XMLSchema-instance">
    <IntraTM ASID="11537">
        <src id="ATLA-M5">
            <dst id="ATLA-M5">0</dst>
            <dst id="ATLAng">400.498666666667</dst>
            <dst id="CHINng">659.312</dst>
            <dst id="DNVRng">1418.77066666667</dst>
            <dst id="HSTNng">117.597333333333</dst>
            <dst id="IPLSng">428.357333333333</dst>
            <dst id="KSCYng">221.618666666667</dst>
            <dst id="LOSAng">341.692</dst>
            <dst id="NYCMng">4578.00533333333</dst>
            <dst id="SNVAng">164.966666666667</dst>
            <dst id="STTLng">275.333333333333</dst>
            <dst id="WASHng">2866.23466666667</dst>
        </src>
        <src id="ATLAng">
            <dst id="ATLA-M5">1316.31466666667</dst>
            <dst id="ATLAng">41631.4506666667</dst>
            <dst id="CHINng">12405.872</dst>
            <dst id="DNVRng">1330.16533333333</dst>
            <dst id="HSTNng">2978.8</dst>
            <dst id="IPLSng">20849.3866666667</dst>
            <dst id="KSCYng">6792.97333333333</dst>
            <dst id="LOSAng">27483.3173333333</dst>
            <dst id="NYCMng">7223.968</dst>
            <dst id="SNVAng">1229.81066666667</dst>
            <dst id="STTLng">8302.62133333333</dst>
            <dst id="WASHng">43165.0613333333</dst>
        </src>
        <src id="CHINng">
            <dst id="ATLA-M5">1592.712</dst>
            <dst id="ATLAng">19517.28</dst>
            <dst id="CHINng">342963.573333333</dst>
            <dst id="DNVRng">12180.7386666667</dst>
            <dst id="HSTNng">13350.784</dst>
            <dst id="IPLSng">81427.328</dst>
            <dst id="KSCYng">12817.5786666667</dst>
            <dst id="LOSAng">33764.7146666667</dst>
            <dst id="NYCMng">13361.3173333333</dst>
            <dst id="SNVAng">3639.60533333333</dst>
            <dst id="STTLng">19085.6533333333</dst>
            <dst id="WASHng">21014.2053333333</dst>
        </src>
        <src id="DNVRng">
            <dst id="ATLA-M5">190.325333333333</dst>
            <dst id="ATLAng">2730.79466666667</dst>
            <dst id="CHINng">63302.312</dst>
            <dst id="DNVRng">16580.696</dst>
            <dst id="HSTNng">17686.0053333333</dst>
            <dst id="IPLSng">10246.432</dst>
            <dst id="KSCYng">21366.432</dst>
            <dst id="LOSAng">9227.144</dst>
            <dst id="NYCMng">7315.04</dst>
            <dst id="SNVAng">11948.864</dst>
            <dst id="STTLng">23233.52</dst>
            <dst id="WASHng">27184.184</dst>
        </src>
        <src id="HSTNng">
            <dst id="ATLA-M5">2719.77866666667</dst>
            <dst id="ATLAng">12132.68</dst>
            <dst id="CHINng">15606.288</dst>
            <dst id="DNVRng">1178.16266666667</dst>
            <dst id="HSTNng">17482.5813333333</dst>
            <dst id="IPLSng">2581.11733333333</dst>
            <dst id="KSCYng">10013.112</dst>
            <dst id="LOSAng">6097.168</dst>
            <dst id="NYCMng">1544.888</dst>
            <dst id="SNVAng">331.189333333333</dst>
            <dst id="STTLng">4310.99733333333</dst>
            <dst id="WASHng">5031.62933333333</dst>
        </src>
        <src id="IPLSng">
            <dst id="ATLA-M5">431.989333333333</dst>
            <dst id="ATLAng">10517.7466666667</dst>
            <dst id="CHINng">64452.0906666667</dst>
            <dst id="DNVRng">6588.32266666667</dst>
            <dst id="HSTNng">2372.62133333333</dst>
            <dst id="IPLSng">12615.2053333333</dst>
            <dst id="KSCYng">9467.28266666667</dst>
            <dst id="LOSAng">19116.6</dst>
            <dst id="NYCMng">4528.16533333333</dst>
            <dst id="SNVAng">653.010666666667</dst>
            <dst id="STTLng">22366.7786666667</dst>
            <dst id="WASHng">13359.6826666667</dst>
        </src>
        <src id="KSCYng">
            <dst id="ATLA-M5">161.248</dst>
            <dst id="ATLAng">6460.88</dst>
            <dst id="CHINng">23007.624</dst>
            <dst id="DNVRng">7684.62133333333</dst>
            <dst id="HSTNng">3471.46933333333</dst>
            <dst id="IPLSng">21993.9733333333</dst>
            <dst id="KSCYng">23931.376</dst>
            <dst id="LOSAng">4860.02133333333</dst>
            <dst id="NYCMng">2441.85333333333</dst>
            <dst id="SNVAng">2483.90666666667</dst>
            <dst id="STTLng">6342.69333333333</dst>
            <dst id="WASHng">12496.7013333333</dst>
        </src>
        <src id="LOSAng">
            <dst id="ATLA-M5">146.357333333333</dst>
            <dst id="ATLAng">15835.9813333333</dst>
            <dst id="CHINng">6377161.86666667</dst>
            <dst id="DNVRng">20771.664</dst>
            <dst id="HSTNng">4635.528</dst>
            <dst id="IPLSng">9217.34933333334</dst>
            <dst id="KSCYng">14765.3013333333</dst>
            <dst id="LOSAng">13104.5226666667</dst>
            <dst id="NYCMng">49409.584</dst>
            <dst id="SNVAng">18162.6213333333</dst>
            <dst id="STTLng">59636.3573333333</dst>
            <dst id="WASHng">45564.296</dst>
        </src>
        <src id="NYCMng">
            <dst id="ATLA-M5">1150.048</dst>
            <dst id="ATLAng">18675.008</dst>
            <dst id="CHINng">34435.0213333333</dst>
            <dst id="DNVRng">18049.824</dst>
            <dst id="HSTNng">9088.152</dst>
            <dst id="IPLSng">19095.264</dst>
            <dst id="KSCYng">7990.92533333333</dst>
            <dst id="LOSAng">59962.6266666667</dst>
            <dst id="NYCMng">92284.9866666667</dst>
            <dst id="SNVAng">1897.12533333333</dst>
            <dst id="STTLng">23174.592</dst>
            <dst id="WASHng">45200.6693333333</dst>
        </src>
        <src id="SNVAng">
            <dst id="ATLA-M5">0</dst>
            <dst id="ATLAng">274.218666666667</dst>
            <dst id="CHINng">53.3333333333333</dst>
            <dst id="DNVRng">947.536</dst>
            <dst id="HSTNng">26.6666666666667</dst>
            <dst id="IPLSng">284.530666666667</dst>
            <dst id="KSCYng">0</dst>
            <dst id="LOSAng">12713.344</dst>
            <dst id="NYCMng">0</dst>
            <dst id="SNVAng">7868.78133333333</dst>
            <dst id="STTLng">17263.1093333333</dst>
            <dst id="WASHng">0</dst>
        </src>
        <src id="STTLng">
            <dst id="ATLA-M5">453.08</dst>
            <dst id="ATLAng">12508.3493333333</dst>
            <dst id="CHINng">27315.064</dst>
            <dst id="DNVRng">6104.51733333333</dst>
            <dst id="HSTNng">2959.66133333333</dst>
            <dst id="IPLSng">9722.98666666667</dst>
            <dst id="KSCYng">5378.89866666667</dst>
            <dst id="LOSAng">48473.864</dst>
            <dst id="NYCMng">10415.896</dst>
            <dst id="SNVAng">2622.58666666667</dst>
            <dst id="STTLng">20372.4853333333</dst>
            <dst id="WASHng">10332.7946666667</dst>
        </src>
        <src id="WASHng">
            <dst id="ATLA-M5">2918.864</dst>
            <dst id="ATLAng">85145.5173333334</dst>
            <dst id="CHINng">63718.3813333333</dst>
            <dst id="DNVRng">66312.3626666667</dst>
            <dst id="HSTNng">20285.536</dst>
            <dst id="IPLSng">61847.2906666667</dst>
            <dst id="KSCYng">29338.1573333333</dst>
            <dst id="LOSAng">78859.176</dst>
            <dst id="NYCMng">127253.506666667</dst>
            <dst id="SNVAng">3244.59466666667</dst>
            <dst id="STTLng">55368.6773333333</dst>
            <dst id="WASHng">287496.48</dst>
        </src>
    </IntraTM>
</TrafficMatrixFile>
