<?xml version="1.0" encoding="ISO-8859-1" standalone="yes"?>
<TrafficMatrixFile xsi:noNamespaceSchemaLocation="http://totem.run.montefiore.ulg.ac.be/Schema/TrafficMatrix-v1_2.xsd" xmlns:xsi="http://www.w3.org/2001/XMLSchema-instance">
    <IntraTM ASID="11537">
        <src id="ATLA-M5">
            <dst id="ATLA-M5">0</dst>
            <dst id="ATLAng">415.885333333333</dst>
            <dst id="CHINng">599.384</dst>
            <dst id="DNVRng">155.296</dst>
            <dst id="HSTNng">247.84</dst>
            <dst id="IPLSng">1159.792</dst>
            <dst id="KSCYng">844.189333333333</dst>
            <dst id="LOSAng">528.377333333333</dst>
            <dst id="NYCMng">1445.744</dst>
            <dst id="SNVAng">58.004</dst>
            <dst id="STTLng">361.354666666667</dst>
            <dst id="WASHng">1017.912</dst>
        </src>
        <src id="ATLAng">
            <dst id="ATLA-M5">162.656</dst>
            <dst id="ATLAng">34937.2533333333</dst>
            <dst id="CHINng">16396.184</dst>
            <dst id="DNVRng">6549.176</dst>
            <dst id="HSTNng">18570.6906666667</dst>
            <dst id="IPLSng">16326.888</dst>
            <dst id="KSCYng">5321.36533333333</dst>
            <dst id="LOSAng">24920.5093333333</dst>
            <dst id="NYCMng">13188.6426666667</dst>
            <dst id="SNVAng">1517.41333333333</dst>
            <dst id="STTLng">9359.71733333333</dst>
            <dst id="WASHng">50468.6453333333</dst>
        </src>
        <src id="CHINng">
            <dst id="ATLA-M5">1302.07733333333</dst>
            <dst id="ATLAng">16871.0293333333</dst>
            <dst id="CHINng">113522.725333333</dst>
            <dst id="DNVRng">11945.5066666667</dst>
            <dst id="HSTNng">11879.7226666667</dst>
            <dst id="IPLSng">56650.9493333333</dst>
            <dst id="KSCYng">12287.736</dst>
            <dst id="LOSAng">33220.08</dst>
            <dst id="NYCMng">24767.8</dst>
            <dst id="SNVAng">4097.24533333333</dst>
            <dst id="STTLng">19449.4053333333</dst>
            <dst id="WASHng">21567.2293333333</dst>
        </src>
        <src id="DNVRng">
            <dst id="ATLA-M5">215.352</dst>
            <dst id="ATLAng">8170.02933333333</dst>
            <dst id="CHINng">40134.9466666667</dst>
            <dst id="DNVRng">8517.128</dst>
            <dst id="HSTNng">15008.064</dst>
            <dst id="IPLSng">8578.88</dst>
            <dst id="KSCYng">19850.92</dst>
            <dst id="LOSAng">7448.992</dst>
            <dst id="NYCMng">12048.1173333333</dst>
            <dst id="SNVAng">35524.424</dst>
            <dst id="STTLng">30253.2826666667</dst>
            <dst id="WASHng">26284.304</dst>
        </src>
        <src id="HSTNng">
            <dst id="ATLA-M5">2654.94666666667</dst>
            <dst id="ATLAng">3153.408</dst>
            <dst id="CHINng">13810.904</dst>
            <dst id="DNVRng">1286.75466666667</dst>
            <dst id="HSTNng">12981.5706666667</dst>
            <dst id="IPLSng">4590.02666666667</dst>
            <dst id="KSCYng">9313.456</dst>
            <dst id="LOSAng">8918.45066666667</dst>
            <dst id="NYCMng">5733.656</dst>
            <dst id="SNVAng">77.664</dst>
            <dst id="STTLng">4511.928</dst>
            <dst id="WASHng">8848.04</dst>
        </src>
        <src id="IPLSng">
            <dst id="ATLA-M5">400.728</dst>
            <dst id="ATLAng">12019.5973333333</dst>
            <dst id="CHINng">46284.616</dst>
            <dst id="DNVRng">6816.928</dst>
            <dst id="HSTNng">2979.848</dst>
            <dst id="IPLSng">23688.368</dst>
            <dst id="KSCYng">4517.99466666667</dst>
            <dst id="LOSAng">19449.3866666667</dst>
            <dst id="NYCMng">7470.41333333333</dst>
            <dst id="SNVAng">3505.28266666667</dst>
            <dst id="STTLng">19668.0426666667</dst>
            <dst id="WASHng">11313.864</dst>
        </src>
        <src id="KSCYng">
            <dst id="ATLA-M5">326.762666666667</dst>
            <dst id="ATLAng">6500.48266666667</dst>
            <dst id="CHINng">24828.9946666667</dst>
            <dst id="DNVRng">7920.69866666667</dst>
            <dst id="HSTNng">4311.184</dst>
            <dst id="IPLSng">13256.8986666667</dst>
            <dst id="KSCYng">9204.008</dst>
            <dst id="LOSAng">7013.70933333333</dst>
            <dst id="NYCMng">15655.392</dst>
            <dst id="SNVAng">2421.02933333333</dst>
            <dst id="STTLng">7084.24</dst>
            <dst id="WASHng">14487.3546666667</dst>
        </src>
        <src id="LOSAng">
            <dst id="ATLA-M5">153.002666666667</dst>
            <dst id="ATLAng">12918.7333333333</dst>
            <dst id="CHINng">97990.1786666667</dst>
            <dst id="DNVRng">13118.0933333333</dst>
            <dst id="HSTNng">2882.77066666667</dst>
            <dst id="IPLSng">40246.9333333333</dst>
            <dst id="KSCYng">5851.34933333333</dst>
            <dst id="LOSAng">18943.704</dst>
            <dst id="NYCMng">34345.1386666667</dst>
            <dst id="SNVAng">21307.2933333333</dst>
            <dst id="STTLng">51269.5386666667</dst>
            <dst id="WASHng">48773.28</dst>
        </src>
        <src id="NYCMng">
            <dst id="ATLA-M5">2117.01066666667</dst>
            <dst id="ATLAng">21503.176</dst>
            <dst id="CHINng">45919.5466666667</dst>
            <dst id="DNVRng">19582.8453333333</dst>
            <dst id="HSTNng">8127.45333333333</dst>
            <dst id="IPLSng">19509.2426666667</dst>
            <dst id="KSCYng">12073.0106666667</dst>
            <dst id="LOSAng">61330.1706666667</dst>
            <dst id="NYCMng">81892.152</dst>
            <dst id="SNVAng">1928.68266666667</dst>
            <dst id="STTLng">21958.5733333333</dst>
            <dst id="WASHng">65626.5546666667</dst>
        </src>
        <src id="SNVAng">
            <dst id="ATLA-M5">0</dst>
            <dst id="ATLAng">0</dst>
            <dst id="CHINng">26.6666666666667</dst>
            <dst id="DNVRng">1849.22933333333</dst>
            <dst id="HSTNng">26.6666666666667</dst>
            <dst id="IPLSng">438.725333333333</dst>
            <dst id="KSCYng">0</dst>
            <dst id="LOSAng">8697.128</dst>
            <dst id="NYCMng">225.544</dst>
            <dst id="SNVAng">8794.51466666667</dst>
            <dst id="STTLng">19388.5226666667</dst>
            <dst id="WASHng">64.8693333333333</dst>
        </src>
        <src id="STTLng">
            <dst id="ATLA-M5">744.746666666667</dst>
            <dst id="ATLAng">12137.5386666667</dst>
            <dst id="CHINng">21081.904</dst>
            <dst id="DNVRng">19074.5973333333</dst>
            <dst id="HSTNng">3318.80533333333</dst>
            <dst id="IPLSng">12442.7786666667</dst>
            <dst id="KSCYng">9725.952</dst>
            <dst id="LOSAng">41129.3653333333</dst>
            <dst id="NYCMng">5863.61866666667</dst>
            <dst id="SNVAng">5615.09066666667</dst>
            <dst id="STTLng">20570.144</dst>
            <dst id="WASHng">14574.2906666667</dst>
        </src>
        <src id="WASHng">
            <dst id="ATLA-M5">2199.34666666667</dst>
            <dst id="ATLAng">114245.917333333</dst>
            <dst id="CHINng">75473.248</dst>
            <dst id="DNVRng">49060.128</dst>
            <dst id="HSTNng">23069.944</dst>
            <dst id="IPLSng">36187.0746666667</dst>
            <dst id="KSCYng">25562.096</dst>
            <dst id="LOSAng">88649.992</dst>
            <dst id="NYCMng">133781.56</dst>
            <dst id="SNVAng">6663.552</dst>
            <dst id="STTLng">50803.888</dst>
            <dst id="WASHng">205364.952</dst>
        </src>
    </IntraTM>
</TrafficMatrixFile>
