<?xml version="1.0" encoding="ISO-8859-1" standalone="yes"?>
<TrafficMatrixFile xsi:noNamespaceSchemaLocation="http://totem.run.montefiore.ulg.ac.be/Schema/TrafficMatrix-v1_2.xsd" xmlns:xsi="http://www.w3.org/2001/XMLSchema-instance">
    <IntraTM ASID="11537">
        <src id="ATLA-M5">
            <dst id="ATLA-M5">239.213333333333</dst>
            <dst id="ATLAng">443.896</dst>
            <dst id="CHINng">833.16</dst>
            <dst id="DNVRng">365.757333333333</dst>
            <dst id="HSTNng">258.402666666667</dst>
            <dst id="IPLSng">567.378666666667</dst>
            <dst id="KSCYng">1692.39466666667</dst>
            <dst id="LOSAng">451.412</dst>
            <dst id="NYCMng">1318.4</dst>
            <dst id="SNVAng">70.668</dst>
            <dst id="STTLng">550.418666666667</dst>
            <dst id="WASHng">1739</dst>
        </src>
        <src id="ATLAng">
            <dst id="ATLA-M5">217.816</dst>
            <dst id="ATLAng">33811.432</dst>
            <dst id="CHINng">18232.696</dst>
            <dst id="DNVRng">9547.41866666667</dst>
            <dst id="HSTNng">18819.5466666667</dst>
            <dst id="IPLSng">22235.2773333333</dst>
            <dst id="KSCYng">4742.87466666667</dst>
            <dst id="LOSAng">8753.564</dst>
            <dst id="NYCMng">8743.39733333333</dst>
            <dst id="SNVAng">2424.796</dst>
            <dst id="STTLng">8377.29066666667</dst>
            <dst id="WASHng">52753.0293333333</dst>
        </src>
        <src id="CHINng">
            <dst id="ATLA-M5">708.218666666667</dst>
            <dst id="ATLAng">16859.8186666667</dst>
            <dst id="CHINng">149904.210666667</dst>
            <dst id="DNVRng">13967.1333333333</dst>
            <dst id="HSTNng">17834.672</dst>
            <dst id="IPLSng">42505.7626666667</dst>
            <dst id="KSCYng">12637.0853333333</dst>
            <dst id="LOSAng">29874.4</dst>
            <dst id="NYCMng">35537.0613333333</dst>
            <dst id="SNVAng">4180.92266666667</dst>
            <dst id="STTLng">18945.8613333333</dst>
            <dst id="WASHng">16900.7733333333</dst>
        </src>
        <src id="DNVRng">
            <dst id="ATLA-M5">381.432</dst>
            <dst id="ATLAng">3200.488</dst>
            <dst id="CHINng">40768.1573333333</dst>
            <dst id="DNVRng">21868.8666666667</dst>
            <dst id="HSTNng">16394.136</dst>
            <dst id="IPLSng">10648.472</dst>
            <dst id="KSCYng">34174.736</dst>
            <dst id="LOSAng">4770.88266666667</dst>
            <dst id="NYCMng">13563.8933333333</dst>
            <dst id="SNVAng">13381.5733333333</dst>
            <dst id="STTLng">31549.72</dst>
            <dst id="WASHng">24442.712</dst>
        </src>
        <src id="HSTNng">
            <dst id="ATLA-M5">2242.24</dst>
            <dst id="ATLAng">2446.06133333333</dst>
            <dst id="CHINng">16469.752</dst>
            <dst id="DNVRng">1211.35466666667</dst>
            <dst id="HSTNng">9375.64533333333</dst>
            <dst id="IPLSng">3200.136</dst>
            <dst id="KSCYng">9804.45066666667</dst>
            <dst id="LOSAng">4816.09333333333</dst>
            <dst id="NYCMng">4144.984</dst>
            <dst id="SNVAng">0</dst>
            <dst id="STTLng">5008.77866666667</dst>
            <dst id="WASHng">5309.36</dst>
        </src>
        <src id="IPLSng">
            <dst id="ATLA-M5">405.290666666667</dst>
            <dst id="ATLAng">11668.8133333333</dst>
            <dst id="CHINng">55462.6613333333</dst>
            <dst id="DNVRng">18610.4106666667</dst>
            <dst id="HSTNng">12749.336</dst>
            <dst id="IPLSng">9205.864</dst>
            <dst id="KSCYng">5037.22666666667</dst>
            <dst id="LOSAng">21220.0266666667</dst>
            <dst id="NYCMng">11306.656</dst>
            <dst id="SNVAng">1608.24</dst>
            <dst id="STTLng">21476.8373333333</dst>
            <dst id="WASHng">6634.91733333333</dst>
        </src>
        <src id="KSCYng">
            <dst id="ATLA-M5">489.362666666667</dst>
            <dst id="ATLAng">5893.21866666667</dst>
            <dst id="CHINng">34857.9653333333</dst>
            <dst id="DNVRng">8159.496</dst>
            <dst id="HSTNng">2823.01333333333</dst>
            <dst id="IPLSng">11393.568</dst>
            <dst id="KSCYng">11988.2613333333</dst>
            <dst id="LOSAng">5280.29866666667</dst>
            <dst id="NYCMng">16951.7706666667</dst>
            <dst id="SNVAng">2529.41333333333</dst>
            <dst id="STTLng">16758.888</dst>
            <dst id="WASHng">12138.5573333333</dst>
        </src>
        <src id="LOSAng">
            <dst id="ATLA-M5">54.7973333333333</dst>
            <dst id="ATLAng">8666.88266666667</dst>
            <dst id="CHINng">81105.1786666667</dst>
            <dst id="DNVRng">9359.59733333333</dst>
            <dst id="HSTNng">2877.37066666667</dst>
            <dst id="IPLSng">25136.4933333333</dst>
            <dst id="KSCYng">5226.776</dst>
            <dst id="LOSAng">11403.7413333333</dst>
            <dst id="NYCMng">26095.952</dst>
            <dst id="SNVAng">19251.3706666667</dst>
            <dst id="STTLng">48475.9146666667</dst>
            <dst id="WASHng">35919.856</dst>
        </src>
        <src id="NYCMng">
            <dst id="ATLA-M5">1669.04533333333</dst>
            <dst id="ATLAng">22238.1573333333</dst>
            <dst id="CHINng">38267.52</dst>
            <dst id="DNVRng">21380.5866666667</dst>
            <dst id="HSTNng">7994.29866666667</dst>
            <dst id="IPLSng">19015.5413333333</dst>
            <dst id="KSCYng">20698.592</dst>
            <dst id="LOSAng">44126.2426666667</dst>
            <dst id="NYCMng">95624.272</dst>
            <dst id="SNVAng">1500.28</dst>
            <dst id="STTLng">24799.032</dst>
            <dst id="WASHng">51226.8986666667</dst>
        </src>
        <src id="SNVAng">
            <dst id="ATLA-M5">0</dst>
            <dst id="ATLAng">53.3333333333333</dst>
            <dst id="CHINng">26.6666666666667</dst>
            <dst id="DNVRng">2591.29066666667</dst>
            <dst id="HSTNng">59.6266666666667</dst>
            <dst id="IPLSng">496.074666666667</dst>
            <dst id="KSCYng">0</dst>
            <dst id="LOSAng">4344.76266666667</dst>
            <dst id="NYCMng">194.005333333333</dst>
            <dst id="SNVAng">4914.064</dst>
            <dst id="STTLng">17983.6026666667</dst>
            <dst id="WASHng">5599.456</dst>
        </src>
        <src id="STTLng">
            <dst id="ATLA-M5">367.941333333333</dst>
            <dst id="ATLAng">11208.168</dst>
            <dst id="CHINng">23674.2853333333</dst>
            <dst id="DNVRng">6718.39466666667</dst>
            <dst id="HSTNng">3290.54666666667</dst>
            <dst id="IPLSng">12775.08</dst>
            <dst id="KSCYng">7888.70133333333</dst>
            <dst id="LOSAng">35494.3173333333</dst>
            <dst id="NYCMng">6742.55733333333</dst>
            <dst id="SNVAng">4182.62666666667</dst>
            <dst id="STTLng">24371.576</dst>
            <dst id="WASHng">14750.3093333333</dst>
        </src>
        <src id="WASHng">
            <dst id="ATLA-M5">1871.86666666667</dst>
            <dst id="ATLAng">93739.88</dst>
            <dst id="CHINng">87614.024</dst>
            <dst id="DNVRng">65232.2133333333</dst>
            <dst id="HSTNng">23624.84</dst>
            <dst id="IPLSng">34208.5253333333</dst>
            <dst id="KSCYng">36528.8346666667</dst>
            <dst id="LOSAng">67312.5466666667</dst>
            <dst id="NYCMng">113419.626666667</dst>
            <dst id="SNVAng">8529.464</dst>
            <dst id="STTLng">48040.096</dst>
            <dst id="WASHng">322401.36</dst>
        </src>
    </IntraTM>
</TrafficMatrixFile>
