<?xml version="1.0" encoding="ISO-8859-1" standalone="yes"?>
<TrafficMatrixFile xsi:noNamespaceSchemaLocation="http://totem.run.montefiore.ulg.ac.be/Schema/TrafficMatrix-v1_2.xsd" xmlns:xsi="http://www.w3.org/2001/XMLSchema-instance">
    <IntraTM ASID="11537">
        <src id="ATLA-M5">
            <dst id="ATLA-M5">0</dst>
            <dst id="ATLAng">982.498666666667</dst>
            <dst id="CHINng">756.029333333333</dst>
            <dst id="DNVRng">277.048</dst>
            <dst id="HSTNng">155.829333333333</dst>
            <dst id="IPLSng">1403.78933333333</dst>
            <dst id="KSCYng">491.92</dst>
            <dst id="LOSAng">128.56</dst>
            <dst id="NYCMng">1137.97866666667</dst>
            <dst id="SNVAng">13.3333333333333</dst>
            <dst id="STTLng">526.504</dst>
            <dst id="WASHng">462.154666666667</dst>
        </src>
        <src id="ATLAng">
            <dst id="ATLA-M5">478.048</dst>
            <dst id="ATLAng">61945.4933333333</dst>
            <dst id="CHINng">19349.2346666667</dst>
            <dst id="DNVRng">5716.32533333333</dst>
            <dst id="HSTNng">3483.88266666667</dst>
            <dst id="IPLSng">23056.312</dst>
            <dst id="KSCYng">6226.744</dst>
            <dst id="LOSAng">19358.5293333333</dst>
            <dst id="NYCMng">13458.5066666667</dst>
            <dst id="SNVAng">906.676</dst>
            <dst id="STTLng">10230.432</dst>
            <dst id="WASHng">33858.7573333333</dst>
        </src>
        <src id="CHINng">
            <dst id="ATLA-M5">1087.20533333333</dst>
            <dst id="ATLAng">27530.3893333333</dst>
            <dst id="CHINng">64878.472</dst>
            <dst id="DNVRng">30928.384</dst>
            <dst id="HSTNng">17010.392</dst>
            <dst id="IPLSng">64695.5466666667</dst>
            <dst id="KSCYng">15656.2106666667</dst>
            <dst id="LOSAng">106341.2</dst>
            <dst id="NYCMng">9606.168</dst>
            <dst id="SNVAng">3208.78933333333</dst>
            <dst id="STTLng">16069.4373333333</dst>
            <dst id="WASHng">18646.1626666667</dst>
        </src>
        <src id="DNVRng">
            <dst id="ATLA-M5">285.784</dst>
            <dst id="ATLAng">4212.33333333333</dst>
            <dst id="CHINng">124105.506666667</dst>
            <dst id="DNVRng">10608.9333333333</dst>
            <dst id="HSTNng">10690.8506666667</dst>
            <dst id="IPLSng">11559.3306666667</dst>
            <dst id="KSCYng">13380.952</dst>
            <dst id="LOSAng">11397.952</dst>
            <dst id="NYCMng">7692.24266666667</dst>
            <dst id="SNVAng">11761.0426666667</dst>
            <dst id="STTLng">22793.1173333333</dst>
            <dst id="WASHng">18832.848</dst>
        </src>
        <src id="HSTNng">
            <dst id="ATLA-M5">1610.48533333333</dst>
            <dst id="ATLAng">7061.888</dst>
            <dst id="CHINng">10790.7866666667</dst>
            <dst id="DNVRng">2265.392</dst>
            <dst id="HSTNng">13384.4586666667</dst>
            <dst id="IPLSng">4536.12</dst>
            <dst id="KSCYng">7826.43466666667</dst>
            <dst id="LOSAng">4084.28533333333</dst>
            <dst id="NYCMng">1808.57066666667</dst>
            <dst id="SNVAng">154.837333333333</dst>
            <dst id="STTLng">4582.26933333333</dst>
            <dst id="WASHng">4642.752</dst>
        </src>
        <src id="IPLSng">
            <dst id="ATLA-M5">434.128</dst>
            <dst id="ATLAng">10080.9893333333</dst>
            <dst id="CHINng">49612.5626666667</dst>
            <dst id="DNVRng">7877.12</dst>
            <dst id="HSTNng">1611.32</dst>
            <dst id="IPLSng">36413.6666666667</dst>
            <dst id="KSCYng">10642.0426666667</dst>
            <dst id="LOSAng">15335.936</dst>
            <dst id="NYCMng">10614.7146666667</dst>
            <dst id="SNVAng">745.077333333333</dst>
            <dst id="STTLng">28350.04</dst>
            <dst id="WASHng">18646.488</dst>
        </src>
        <src id="KSCYng">
            <dst id="ATLA-M5">207.797333333333</dst>
            <dst id="ATLAng">4602.69333333333</dst>
            <dst id="CHINng">19866.6666666667</dst>
            <dst id="DNVRng">7778.49066666667</dst>
            <dst id="HSTNng">6585.27466666667</dst>
            <dst id="IPLSng">14310.3093333333</dst>
            <dst id="KSCYng">6228.48533333333</dst>
            <dst id="LOSAng">7373.59733333333</dst>
            <dst id="NYCMng">4081.456</dst>
            <dst id="SNVAng">2585.44</dst>
            <dst id="STTLng">7165.01866666667</dst>
            <dst id="WASHng">11336.88</dst>
        </src>
        <src id="LOSAng">
            <dst id="ATLA-M5">233.824</dst>
            <dst id="ATLAng">23993.4746666667</dst>
            <dst id="CHINng">6404024.26666667</dst>
            <dst id="DNVRng">21085.3813333333</dst>
            <dst id="HSTNng">5350.95466666667</dst>
            <dst id="IPLSng">20292.376</dst>
            <dst id="KSCYng">9003.14666666667</dst>
            <dst id="LOSAng">16168.7093333333</dst>
            <dst id="NYCMng">51649.232</dst>
            <dst id="SNVAng">20598.824</dst>
            <dst id="STTLng">65262.0026666667</dst>
            <dst id="WASHng">55316.136</dst>
        </src>
        <src id="NYCMng">
            <dst id="ATLA-M5">1097.29866666667</dst>
            <dst id="ATLAng">19192.704</dst>
            <dst id="CHINng">36302.7653333333</dst>
            <dst id="DNVRng">14132.6346666667</dst>
            <dst id="HSTNng">15672.4906666667</dst>
            <dst id="IPLSng">22532.2933333333</dst>
            <dst id="KSCYng">16445.1786666667</dst>
            <dst id="LOSAng">72342.9626666667</dst>
            <dst id="NYCMng">91464.944</dst>
            <dst id="SNVAng">1692.43466666667</dst>
            <dst id="STTLng">33109.0426666667</dst>
            <dst id="WASHng">70108.864</dst>
        </src>
        <src id="SNVAng">
            <dst id="ATLA-M5">0</dst>
            <dst id="ATLAng">254.325333333333</dst>
            <dst id="CHINng">55.8373333333333</dst>
            <dst id="DNVRng">5917.77866666667</dst>
            <dst id="HSTNng">0</dst>
            <dst id="IPLSng">352.610666666667</dst>
            <dst id="KSCYng">26.6666666666667</dst>
            <dst id="LOSAng">8646.936</dst>
            <dst id="NYCMng">35.0133333333333</dst>
            <dst id="SNVAng">8007.52533333333</dst>
            <dst id="STTLng">18394.48</dst>
            <dst id="WASHng">53.3333333333333</dst>
        </src>
        <src id="STTLng">
            <dst id="ATLA-M5">1287.888</dst>
            <dst id="ATLAng">14915.2666666667</dst>
            <dst id="CHINng">36401.592</dst>
            <dst id="DNVRng">11447.0906666667</dst>
            <dst id="HSTNng">5471.05333333333</dst>
            <dst id="IPLSng">21190.6213333333</dst>
            <dst id="KSCYng">14991.5493333333</dst>
            <dst id="LOSAng">37776.248</dst>
            <dst id="NYCMng">9546.08</dst>
            <dst id="SNVAng">3740.048</dst>
            <dst id="STTLng">23771.496</dst>
            <dst id="WASHng">13904.9386666667</dst>
        </src>
        <src id="WASHng">
            <dst id="ATLA-M5">3496.24266666667</dst>
            <dst id="ATLAng">70790.84</dst>
            <dst id="CHINng">74870.0533333333</dst>
            <dst id="DNVRng">59404.24</dst>
            <dst id="HSTNng">31953.328</dst>
            <dst id="IPLSng">66259.3893333333</dst>
            <dst id="KSCYng">30681.8506666667</dst>
            <dst id="LOSAng">92476.3866666667</dst>
            <dst id="NYCMng">181055.178666667</dst>
            <dst id="SNVAng">2937.89866666667</dst>
            <dst id="STTLng">51763.7413333333</dst>
            <dst id="WASHng">180404.722666667</dst>
        </src>
    </IntraTM>
</TrafficMatrixFile>
