<?xml version="1.0" encoding="ISO-8859-1" standalone="yes"?>
<TrafficMatrixFile xsi:noNamespaceSchemaLocation="http://totem.run.montefiore.ulg.ac.be/Schema/TrafficMatrix-v1_2.xsd" xmlns:xsi="http://www.w3.org/2001/XMLSchema-instance">
    <IntraTM ASID="11537">
        <src id="ATLA-M5">
            <dst id="ATLA-M5">946.778666666667</dst>
            <dst id="ATLAng">1669.88266666667</dst>
            <dst id="CHINng">1493.184</dst>
            <dst id="DNVRng">395.248</dst>
            <dst id="HSTNng">588.770666666667</dst>
            <dst id="IPLSng">1405.35466666667</dst>
            <dst id="KSCYng">755.904</dst>
            <dst id="LOSAng">214.497333333333</dst>
            <dst id="NYCMng">1337.29066666667</dst>
            <dst id="SNVAng">75.6653333333333</dst>
            <dst id="STTLng">921.186666666667</dst>
            <dst id="WASHng">1775.53066666667</dst>
        </src>
        <src id="ATLAng">
            <dst id="ATLA-M5">797.138666666667</dst>
            <dst id="ATLAng">44167.2746666667</dst>
            <dst id="CHINng">20976.5066666667</dst>
            <dst id="DNVRng">15397.3733333333</dst>
            <dst id="HSTNng">13266.368</dst>
            <dst id="IPLSng">25145.2586666667</dst>
            <dst id="KSCYng">7759.888</dst>
            <dst id="LOSAng">18053.2533333333</dst>
            <dst id="NYCMng">8842.62666666667</dst>
            <dst id="SNVAng">2371.38933333333</dst>
            <dst id="STTLng">15879.1813333333</dst>
            <dst id="WASHng">62838.1626666667</dst>
        </src>
        <src id="CHINng">
            <dst id="ATLA-M5">1330.51733333333</dst>
            <dst id="ATLAng">24730.496</dst>
            <dst id="CHINng">92687.04</dst>
            <dst id="DNVRng">19074.12</dst>
            <dst id="HSTNng">18014.0746666667</dst>
            <dst id="IPLSng">69976.0026666667</dst>
            <dst id="KSCYng">20870.8746666667</dst>
            <dst id="LOSAng">102351.082666667</dst>
            <dst id="NYCMng">16726.792</dst>
            <dst id="SNVAng">5762.82133333333</dst>
            <dst id="STTLng">30041.872</dst>
            <dst id="WASHng">44536.6906666666</dst>
        </src>
        <src id="DNVRng">
            <dst id="ATLA-M5">404.330666666667</dst>
            <dst id="ATLAng">10441.2613333333</dst>
            <dst id="CHINng">54028.7866666667</dst>
            <dst id="DNVRng">19851.2933333333</dst>
            <dst id="HSTNng">20762.64</dst>
            <dst id="IPLSng">18146.8693333333</dst>
            <dst id="KSCYng">26709.3733333333</dst>
            <dst id="LOSAng">20506.0426666667</dst>
            <dst id="NYCMng">8964.97333333333</dst>
            <dst id="SNVAng">20071.2506666667</dst>
            <dst id="STTLng">84867.744</dst>
            <dst id="WASHng">30388.704</dst>
        </src>
        <src id="HSTNng">
            <dst id="ATLA-M5">3336.34933333333</dst>
            <dst id="ATLAng">7560.192</dst>
            <dst id="CHINng">14726.2853333333</dst>
            <dst id="DNVRng">5287.26666666667</dst>
            <dst id="HSTNng">22105.744</dst>
            <dst id="IPLSng">5632.59466666667</dst>
            <dst id="KSCYng">14696.2906666667</dst>
            <dst id="LOSAng">6737.504</dst>
            <dst id="NYCMng">7433.47733333333</dst>
            <dst id="SNVAng">670.488</dst>
            <dst id="STTLng">11753.2266666667</dst>
            <dst id="WASHng">17069.568</dst>
        </src>
        <src id="IPLSng">
            <dst id="ATLA-M5">717.794666666667</dst>
            <dst id="ATLAng">19036.576</dst>
            <dst id="CHINng">89424.1973333334</dst>
            <dst id="DNVRng">11257.2986666667</dst>
            <dst id="HSTNng">10105.1333333333</dst>
            <dst id="IPLSng">21037.3093333333</dst>
            <dst id="KSCYng">9885.53866666666</dst>
            <dst id="LOSAng">27545.512</dst>
            <dst id="NYCMng">8772</dst>
            <dst id="SNVAng">6708.18133333333</dst>
            <dst id="STTLng">26372.3546666667</dst>
            <dst id="WASHng">30513.3493333333</dst>
        </src>
        <src id="KSCYng">
            <dst id="ATLA-M5">508.392</dst>
            <dst id="ATLAng">7894.11466666667</dst>
            <dst id="CHINng">32202.44</dst>
            <dst id="DNVRng">10919.8693333333</dst>
            <dst id="HSTNng">11254.7813333333</dst>
            <dst id="IPLSng">22493.4026666667</dst>
            <dst id="KSCYng">18236.9813333333</dst>
            <dst id="LOSAng">5331.23466666667</dst>
            <dst id="NYCMng">6325.31466666667</dst>
            <dst id="SNVAng">3052.104</dst>
            <dst id="STTLng">18074.2</dst>
            <dst id="WASHng">13210.12</dst>
        </src>
        <src id="LOSAng">
            <dst id="ATLA-M5">1053.216</dst>
            <dst id="ATLAng">19738.336</dst>
            <dst id="CHINng">80402.376</dst>
            <dst id="DNVRng">43411.072</dst>
            <dst id="HSTNng">21447.2293333333</dst>
            <dst id="IPLSng">58197.5733333333</dst>
            <dst id="KSCYng">10185.4586666667</dst>
            <dst id="LOSAng">14826.6373333333</dst>
            <dst id="NYCMng">56310.3413333333</dst>
            <dst id="SNVAng">19692.5653333333</dst>
            <dst id="STTLng">58442.2506666667</dst>
            <dst id="WASHng">86386.9626666667</dst>
        </src>
        <src id="NYCMng">
            <dst id="ATLA-M5">3262.51733333333</dst>
            <dst id="ATLAng">41658.68</dst>
            <dst id="CHINng">33270.536</dst>
            <dst id="DNVRng">36308.1626666667</dst>
            <dst id="HSTNng">16385.3573333333</dst>
            <dst id="IPLSng">43559.208</dst>
            <dst id="KSCYng">15324.6586666667</dst>
            <dst id="LOSAng">77432.36</dst>
            <dst id="NYCMng">94180.7493333333</dst>
            <dst id="SNVAng">7524.54933333333</dst>
            <dst id="STTLng">29021.9253333333</dst>
            <dst id="WASHng">150718.389333333</dst>
        </src>
        <src id="SNVAng">
            <dst id="ATLA-M5">0</dst>
            <dst id="ATLAng">106.666666666667</dst>
            <dst id="CHINng">236.810666666667</dst>
            <dst id="DNVRng">19744.3866666667</dst>
            <dst id="HSTNng">106.666666666667</dst>
            <dst id="IPLSng">574.269333333333</dst>
            <dst id="KSCYng">0</dst>
            <dst id="LOSAng">10331.2533333333</dst>
            <dst id="NYCMng">29.2533333333333</dst>
            <dst id="SNVAng">9581.40266666667</dst>
            <dst id="STTLng">19356.1386666667</dst>
            <dst id="WASHng">179.64</dst>
        </src>
        <src id="STTLng">
            <dst id="ATLA-M5">1786.21066666667</dst>
            <dst id="ATLAng">45957.5653333333</dst>
            <dst id="CHINng">77809.7786666667</dst>
            <dst id="DNVRng">50689.0053333333</dst>
            <dst id="HSTNng">48137.2773333333</dst>
            <dst id="IPLSng">66751.2</dst>
            <dst id="KSCYng">55724.008</dst>
            <dst id="LOSAng">12864.3866666667</dst>
            <dst id="NYCMng">15620.5813333333</dst>
            <dst id="SNVAng">9794.68533333333</dst>
            <dst id="STTLng">61836.048</dst>
            <dst id="WASHng">71536.6586666667</dst>
        </src>
        <src id="WASHng">
            <dst id="ATLA-M5">8511.704</dst>
            <dst id="ATLAng">157229.896</dst>
            <dst id="CHINng">121628.04</dst>
            <dst id="DNVRng">76500.392</dst>
            <dst id="HSTNng">33568.2453333333</dst>
            <dst id="IPLSng">73210.4293333333</dst>
            <dst id="KSCYng">50448.04</dst>
            <dst id="LOSAng">85807.9093333333</dst>
            <dst id="NYCMng">172745.805333333</dst>
            <dst id="SNVAng">11103.6586666667</dst>
            <dst id="STTLng">57889.9866666667</dst>
            <dst id="WASHng">259974.546666667</dst>
        </src>
    </IntraTM>
</TrafficMatrixFile>
