<?xml version="1.0" encoding="ISO-8859-1" standalone="yes"?>
<TrafficMatrixFile xsi:noNamespaceSchemaLocation="http://totem.run.montefiore.ulg.ac.be/Schema/TrafficMatrix-v1_2.xsd" xmlns:xsi="http://www.w3.org/2001/XMLSchema-instance">
    <IntraTM ASID="11537">
        <src id="ATLA-M5">
            <dst id="ATLA-M5">26.6666666666667</dst>
            <dst id="ATLAng">982.469333333334</dst>
            <dst id="CHINng">654.056</dst>
            <dst id="DNVRng">389.648</dst>
            <dst id="HSTNng">286.141333333333</dst>
            <dst id="IPLSng">1533.744</dst>
            <dst id="KSCYng">323.725333333333</dst>
            <dst id="LOSAng">75.2906666666667</dst>
            <dst id="NYCMng">2324.34933333333</dst>
            <dst id="SNVAng">13.3333333333333</dst>
            <dst id="STTLng">924.354666666667</dst>
            <dst id="WASHng">1304.816</dst>
        </src>
        <src id="ATLAng">
            <dst id="ATLA-M5">525.544</dst>
            <dst id="ATLAng">31719.7893333333</dst>
            <dst id="CHINng">20738.8373333333</dst>
            <dst id="DNVRng">4601.184</dst>
            <dst id="HSTNng">4122.04266666667</dst>
            <dst id="IPLSng">18987.7493333333</dst>
            <dst id="KSCYng">4405.66133333333</dst>
            <dst id="LOSAng">15440.5666666667</dst>
            <dst id="NYCMng">9173.624</dst>
            <dst id="SNVAng">504.009333333333</dst>
            <dst id="STTLng">14382.328</dst>
            <dst id="WASHng">38172.5786666667</dst>
        </src>
        <src id="CHINng">
            <dst id="ATLA-M5">1063.34666666667</dst>
            <dst id="ATLAng">22898.736</dst>
            <dst id="CHINng">67871.1653333333</dst>
            <dst id="DNVRng">13923.336</dst>
            <dst id="HSTNng">16756.6986666667</dst>
            <dst id="IPLSng">75618.1653333333</dst>
            <dst id="KSCYng">20735.3466666667</dst>
            <dst id="LOSAng">40722.6186666667</dst>
            <dst id="NYCMng">13496.1893333333</dst>
            <dst id="SNVAng">4712.29066666667</dst>
            <dst id="STTLng">26919.7546666667</dst>
            <dst id="WASHng">32443.48</dst>
        </src>
        <src id="DNVRng">
            <dst id="ATLA-M5">473.192</dst>
            <dst id="ATLAng">5042.472</dst>
            <dst id="CHINng">34841.768</dst>
            <dst id="DNVRng">15708.0533333333</dst>
            <dst id="HSTNng">11359.0346666667</dst>
            <dst id="IPLSng">9100.48533333333</dst>
            <dst id="KSCYng">20906.0586666667</dst>
            <dst id="LOSAng">22655.7706666667</dst>
            <dst id="NYCMng">7363.57333333333</dst>
            <dst id="SNVAng">13696.8213333333</dst>
            <dst id="STTLng">30757.792</dst>
            <dst id="WASHng">45569.4373333333</dst>
        </src>
        <src id="HSTNng">
            <dst id="ATLA-M5">3800.80266666667</dst>
            <dst id="ATLAng">3638.54133333333</dst>
            <dst id="CHINng">12175.2266666667</dst>
            <dst id="DNVRng">2953.936</dst>
            <dst id="HSTNng">12642.5333333333</dst>
            <dst id="IPLSng">6185.91466666667</dst>
            <dst id="KSCYng">11175.2026666667</dst>
            <dst id="LOSAng">3212.02666666667</dst>
            <dst id="NYCMng">2060.896</dst>
            <dst id="SNVAng">133.856</dst>
            <dst id="STTLng">8377.80533333333</dst>
            <dst id="WASHng">10218.736</dst>
        </src>
        <src id="IPLSng">
            <dst id="ATLA-M5">669.698666666667</dst>
            <dst id="ATLAng">10334</dst>
            <dst id="CHINng">55244.2506666667</dst>
            <dst id="DNVRng">7275.144</dst>
            <dst id="HSTNng">4585.264</dst>
            <dst id="IPLSng">30597.9093333333</dst>
            <dst id="KSCYng">6868.12266666667</dst>
            <dst id="LOSAng">24986.7706666667</dst>
            <dst id="NYCMng">8340.90666666667</dst>
            <dst id="SNVAng">685.893333333333</dst>
            <dst id="STTLng">40540.4186666667</dst>
            <dst id="WASHng">25439.6773333333</dst>
        </src>
        <src id="KSCYng">
            <dst id="ATLA-M5">460.882666666667</dst>
            <dst id="ATLAng">7014.41866666667</dst>
            <dst id="CHINng">20661.504</dst>
            <dst id="DNVRng">19581.064</dst>
            <dst id="HSTNng">5267.52533333333</dst>
            <dst id="IPLSng">17068.408</dst>
            <dst id="KSCYng">13385.872</dst>
            <dst id="LOSAng">6127.25866666667</dst>
            <dst id="NYCMng">6660.49333333333</dst>
            <dst id="SNVAng">3121.41333333333</dst>
            <dst id="STTLng">9562.09333333333</dst>
            <dst id="WASHng">15568.52</dst>
        </src>
        <src id="LOSAng">
            <dst id="ATLA-M5">235.285333333333</dst>
            <dst id="ATLAng">11027.1973333333</dst>
            <dst id="CHINng">6412658.4</dst>
            <dst id="DNVRng">11764.0373333333</dst>
            <dst id="HSTNng">9788.41866666667</dst>
            <dst id="IPLSng">22840.072</dst>
            <dst id="KSCYng">9650.44533333333</dst>
            <dst id="LOSAng">20109.5573333333</dst>
            <dst id="NYCMng">45432.8746666667</dst>
            <dst id="SNVAng">19580.9333333333</dst>
            <dst id="STTLng">55614.4453333333</dst>
            <dst id="WASHng">50412.008</dst>
        </src>
        <src id="NYCMng">
            <dst id="ATLA-M5">3308.46666666667</dst>
            <dst id="ATLAng">28393.2693333333</dst>
            <dst id="CHINng">34616.72</dst>
            <dst id="DNVRng">21674.84</dst>
            <dst id="HSTNng">19544.7546666667</dst>
            <dst id="IPLSng">22869.896</dst>
            <dst id="KSCYng">11411.1173333333</dst>
            <dst id="LOSAng">54859.0746666667</dst>
            <dst id="NYCMng">73527.2666666666</dst>
            <dst id="SNVAng">1967.16266666667</dst>
            <dst id="STTLng">31642.88</dst>
            <dst id="WASHng">71982.1093333333</dst>
        </src>
        <src id="SNVAng">
            <dst id="ATLA-M5">0</dst>
            <dst id="ATLAng">323.877333333333</dst>
            <dst id="CHINng">160</dst>
            <dst id="DNVRng">9668.29333333333</dst>
            <dst id="HSTNng">0</dst>
            <dst id="IPLSng">281.504</dst>
            <dst id="KSCYng">0</dst>
            <dst id="LOSAng">6607.816</dst>
            <dst id="NYCMng">158.784</dst>
            <dst id="SNVAng">7349.88533333333</dst>
            <dst id="STTLng">17374.2746666667</dst>
            <dst id="WASHng">26.6666666666667</dst>
        </src>
        <src id="STTLng">
            <dst id="ATLA-M5">1568.57066666667</dst>
            <dst id="ATLAng">22562.064</dst>
            <dst id="CHINng">32823.4106666667</dst>
            <dst id="DNVRng">11040.3413333333</dst>
            <dst id="HSTNng">8431.688</dst>
            <dst id="IPLSng">35192.1386666667</dst>
            <dst id="KSCYng">17166.5306666667</dst>
            <dst id="LOSAng">38673.1493333333</dst>
            <dst id="NYCMng">16598.7653333333</dst>
            <dst id="SNVAng">3179.91733333333</dst>
            <dst id="STTLng">27057.808</dst>
            <dst id="WASHng">32261.4906666667</dst>
        </src>
        <src id="WASHng">
            <dst id="ATLA-M5">15685.9813333333</dst>
            <dst id="ATLAng">94732.792</dst>
            <dst id="CHINng">74321.1813333333</dst>
            <dst id="DNVRng">55889.248</dst>
            <dst id="HSTNng">42048.9306666667</dst>
            <dst id="IPLSng">66664.3173333333</dst>
            <dst id="KSCYng">22434.0053333333</dst>
            <dst id="LOSAng">87206.8666666667</dst>
            <dst id="NYCMng">175377.36</dst>
            <dst id="SNVAng">2647.53066666667</dst>
            <dst id="STTLng">47938.928</dst>
            <dst id="WASHng">182586.12</dst>
        </src>
    </IntraTM>
</TrafficMatrixFile>
