<?xml version="1.0" encoding="ISO-8859-1" standalone="yes"?>
<TrafficMatrixFile xsi:noNamespaceSchemaLocation="http://totem.run.montefiore.ulg.ac.be/Schema/TrafficMatrix-v1_2.xsd" xmlns:xsi="http://www.w3.org/2001/XMLSchema-instance">
    <IntraTM ASID="11537">
        <src id="ATLA-M5">
            <dst id="ATLA-M5">26.6666666666667</dst>
            <dst id="ATLAng">720.346666666667</dst>
            <dst id="CHINng">2868.528</dst>
            <dst id="DNVRng">246.458666666667</dst>
            <dst id="HSTNng">283.069333333333</dst>
            <dst id="IPLSng">988.032</dst>
            <dst id="KSCYng">404.365333333333</dst>
            <dst id="LOSAng">919.049333333333</dst>
            <dst id="NYCMng">3672.144</dst>
            <dst id="SNVAng">723.092</dst>
            <dst id="STTLng">548.714666666667</dst>
            <dst id="WASHng">722.064</dst>
        </src>
        <src id="ATLAng">
            <dst id="ATLA-M5">191.653333333333</dst>
            <dst id="ATLAng">38719.8053333333</dst>
            <dst id="CHINng">20603</dst>
            <dst id="DNVRng">4672.264</dst>
            <dst id="HSTNng">8484.84</dst>
            <dst id="IPLSng">20037.6373333333</dst>
            <dst id="KSCYng">5198.30133333333</dst>
            <dst id="LOSAng">19364.4866666667</dst>
            <dst id="NYCMng">11875.88</dst>
            <dst id="SNVAng">672.182666666667</dst>
            <dst id="STTLng">14523.24</dst>
            <dst id="WASHng">44815.1093333333</dst>
        </src>
        <src id="CHINng">
            <dst id="ATLA-M5">1166.98666666667</dst>
            <dst id="ATLAng">125515.32</dst>
            <dst id="CHINng">58079.1066666667</dst>
            <dst id="DNVRng">26095.2586666667</dst>
            <dst id="HSTNng">8970.83466666667</dst>
            <dst id="IPLSng">75430.816</dst>
            <dst id="KSCYng">22764.992</dst>
            <dst id="LOSAng">42615.632</dst>
            <dst id="NYCMng">9307.89866666667</dst>
            <dst id="SNVAng">3098.456</dst>
            <dst id="STTLng">24357.7226666667</dst>
            <dst id="WASHng">34029.0613333333</dst>
        </src>
        <src id="DNVRng">
            <dst id="ATLA-M5">224.016</dst>
            <dst id="ATLAng">4898.04</dst>
            <dst id="CHINng">43736.88</dst>
            <dst id="DNVRng">7484.976</dst>
            <dst id="HSTNng">5258.67466666667</dst>
            <dst id="IPLSng">17969.8906666667</dst>
            <dst id="KSCYng">8686.768</dst>
            <dst id="LOSAng">13163.568</dst>
            <dst id="NYCMng">8035.46133333333</dst>
            <dst id="SNVAng">6287.26133333333</dst>
            <dst id="STTLng">26190.0773333333</dst>
            <dst id="WASHng">21523.4506666667</dst>
        </src>
        <src id="HSTNng">
            <dst id="ATLA-M5">3507.056</dst>
            <dst id="ATLAng">4000.19466666667</dst>
            <dst id="CHINng">10684.7333333333</dst>
            <dst id="DNVRng">1369.22666666667</dst>
            <dst id="HSTNng">13504.0293333333</dst>
            <dst id="IPLSng">4077.296</dst>
            <dst id="KSCYng">7239.70133333333</dst>
            <dst id="LOSAng">2549.352</dst>
            <dst id="NYCMng">2657.104</dst>
            <dst id="SNVAng">300.909333333333</dst>
            <dst id="STTLng">8285.26933333333</dst>
            <dst id="WASHng">5769.94933333333</dst>
        </src>
        <src id="IPLSng">
            <dst id="ATLA-M5">492.744</dst>
            <dst id="ATLAng">9978.872</dst>
            <dst id="CHINng">46840.5413333333</dst>
            <dst id="DNVRng">5677.84266666667</dst>
            <dst id="HSTNng">5118.21866666667</dst>
            <dst id="IPLSng">35189.328</dst>
            <dst id="KSCYng">12316.752</dst>
            <dst id="LOSAng">15990.1386666667</dst>
            <dst id="NYCMng">13707.9813333333</dst>
            <dst id="SNVAng">827.389333333333</dst>
            <dst id="STTLng">37556.2773333333</dst>
            <dst id="WASHng">23234.096</dst>
        </src>
        <src id="KSCYng">
            <dst id="ATLA-M5">1214.312</dst>
            <dst id="ATLAng">6393.57866666667</dst>
            <dst id="CHINng">21532.4506666667</dst>
            <dst id="DNVRng">8452.32</dst>
            <dst id="HSTNng">6726.408</dst>
            <dst id="IPLSng">18224.3626666667</dst>
            <dst id="KSCYng">8917.42666666666</dst>
            <dst id="LOSAng">5716.58133333333</dst>
            <dst id="NYCMng">4698.704</dst>
            <dst id="SNVAng">3380.50933333333</dst>
            <dst id="STTLng">9466.58933333333</dst>
            <dst id="WASHng">13370.7253333333</dst>
        </src>
        <src id="LOSAng">
            <dst id="ATLA-M5">393.586666666667</dst>
            <dst id="ATLAng">17427.1066666667</dst>
            <dst id="CHINng">6354943.2</dst>
            <dst id="DNVRng">15646.9493333333</dst>
            <dst id="HSTNng">4344.976</dst>
            <dst id="IPLSng">27927.928</dst>
            <dst id="KSCYng">15176.512</dst>
            <dst id="LOSAng">15971.328</dst>
            <dst id="NYCMng">47566.696</dst>
            <dst id="SNVAng">19545.048</dst>
            <dst id="STTLng">62205.456</dst>
            <dst id="WASHng">53319.2613333333</dst>
        </src>
        <src id="NYCMng">
            <dst id="ATLA-M5">1010.68533333333</dst>
            <dst id="ATLAng">35882.0826666667</dst>
            <dst id="CHINng">29446.2586666667</dst>
            <dst id="DNVRng">20015.456</dst>
            <dst id="HSTNng">14216.0933333333</dst>
            <dst id="IPLSng">25797.336</dst>
            <dst id="KSCYng">14758.792</dst>
            <dst id="LOSAng">56182.776</dst>
            <dst id="NYCMng">95497.6133333333</dst>
            <dst id="SNVAng">3231.29866666667</dst>
            <dst id="STTLng">38488.3013333333</dst>
            <dst id="WASHng">95613.3786666667</dst>
        </src>
        <src id="SNVAng">
            <dst id="ATLA-M5">0</dst>
            <dst id="ATLAng">436.373333333333</dst>
            <dst id="CHINng">53.3333333333333</dst>
            <dst id="DNVRng">13573.8106666667</dst>
            <dst id="HSTNng">26.6666666666667</dst>
            <dst id="IPLSng">412.594666666667</dst>
            <dst id="KSCYng">41.2266666666667</dst>
            <dst id="LOSAng">6166.57066666667</dst>
            <dst id="NYCMng">60.296</dst>
            <dst id="SNVAng">7751.248</dst>
            <dst id="STTLng">14751.4666666667</dst>
            <dst id="WASHng">26.6666666666667</dst>
        </src>
        <src id="STTLng">
            <dst id="ATLA-M5">2812.66133333333</dst>
            <dst id="ATLAng">29931.7066666667</dst>
            <dst id="CHINng">27153.04</dst>
            <dst id="DNVRng">13032.6186666667</dst>
            <dst id="HSTNng">7455.74133333333</dst>
            <dst id="IPLSng">28209.84</dst>
            <dst id="KSCYng">15365.7733333333</dst>
            <dst id="LOSAng">36690.2213333333</dst>
            <dst id="NYCMng">10213.232</dst>
            <dst id="SNVAng">3142.29066666667</dst>
            <dst id="STTLng">22478.9066666667</dst>
            <dst id="WASHng">39456.6373333333</dst>
        </src>
        <src id="WASHng">
            <dst id="ATLA-M5">5919.94933333333</dst>
            <dst id="ATLAng">94998.0426666667</dst>
            <dst id="CHINng">70660.992</dst>
            <dst id="DNVRng">47027.9573333333</dst>
            <dst id="HSTNng">67495.3306666667</dst>
            <dst id="IPLSng">53372.6506666667</dst>
            <dst id="KSCYng">22988.808</dst>
            <dst id="LOSAng">92158.7786666667</dst>
            <dst id="NYCMng">160690.674666667</dst>
            <dst id="SNVAng">3149.75733333333</dst>
            <dst id="STTLng">54237.5306666667</dst>
            <dst id="WASHng">169293.485333333</dst>
        </src>
    </IntraTM>
</TrafficMatrixFile>
