<?xml version="1.0" encoding="ISO-8859-1" standalone="yes"?>
<TrafficMatrixFile xsi:noNamespaceSchemaLocation="http://totem.run.montefiore.ulg.ac.be/Schema/TrafficMatrix-v1_2.xsd" xmlns:xsi="http://www.w3.org/2001/XMLSchema-instance">
    <IntraTM ASID="11537">
        <src id="ATLA-M5">
            <dst id="ATLA-M5">209.578666666667</dst>
            <dst id="ATLAng">1210.41333333333</dst>
            <dst id="CHINng">1405.072</dst>
            <dst id="DNVRng">156.954666666667</dst>
            <dst id="HSTNng">918.048</dst>
            <dst id="IPLSng">806.738666666667</dst>
            <dst id="KSCYng">274.656</dst>
            <dst id="LOSAng">121.048</dst>
            <dst id="NYCMng">1445.41866666667</dst>
            <dst id="SNVAng">67.7146666666667</dst>
            <dst id="STTLng">565.834666666667</dst>
            <dst id="WASHng">6035.21066666667</dst>
        </src>
        <src id="ATLAng">
            <dst id="ATLA-M5">303.210666666667</dst>
            <dst id="ATLAng">38870.128</dst>
            <dst id="CHINng">31132.6666666667</dst>
            <dst id="DNVRng">14653.792</dst>
            <dst id="HSTNng">7306.77866666667</dst>
            <dst id="IPLSng">16650.392</dst>
            <dst id="KSCYng">6759.776</dst>
            <dst id="LOSAng">14957.6786666667</dst>
            <dst id="NYCMng">6616.488</dst>
            <dst id="SNVAng">234.42</dst>
            <dst id="STTLng">9920.272</dst>
            <dst id="WASHng">36257.7813333333</dst>
        </src>
        <src id="CHINng">
            <dst id="ATLA-M5">1371.136</dst>
            <dst id="ATLAng">25000.136</dst>
            <dst id="CHINng">98545.8693333333</dst>
            <dst id="DNVRng">14459.2186666667</dst>
            <dst id="HSTNng">16103.1306666667</dst>
            <dst id="IPLSng">52616.728</dst>
            <dst id="KSCYng">21777.9733333333</dst>
            <dst id="LOSAng">51095.9573333333</dst>
            <dst id="NYCMng">16496.328</dst>
            <dst id="SNVAng">5239.95733333333</dst>
            <dst id="STTLng">20930.7786666667</dst>
            <dst id="WASHng">25870.712</dst>
        </src>
        <src id="DNVRng">
            <dst id="ATLA-M5">424.176</dst>
            <dst id="ATLAng">12109.5306666667</dst>
            <dst id="CHINng">29706.2106666667</dst>
            <dst id="DNVRng">31012.5146666667</dst>
            <dst id="HSTNng">9970.73066666667</dst>
            <dst id="IPLSng">12000.3413333333</dst>
            <dst id="KSCYng">19205.1626666667</dst>
            <dst id="LOSAng">11170.936</dst>
            <dst id="NYCMng">6877.912</dst>
            <dst id="SNVAng">36462.696</dst>
            <dst id="STTLng">30980.88</dst>
            <dst id="WASHng">21446.4426666667</dst>
        </src>
        <src id="HSTNng">
            <dst id="ATLA-M5">1058.816</dst>
            <dst id="ATLAng">5916.06133333333</dst>
            <dst id="CHINng">13095.1466666667</dst>
            <dst id="DNVRng">2030.704</dst>
            <dst id="HSTNng">17154.6106666667</dst>
            <dst id="IPLSng">4335.01333333333</dst>
            <dst id="KSCYng">9853.616</dst>
            <dst id="LOSAng">4255.54133333333</dst>
            <dst id="NYCMng">3130.12</dst>
            <dst id="SNVAng">0</dst>
            <dst id="STTLng">6091.51733333333</dst>
            <dst id="WASHng">6100.04266666667</dst>
        </src>
        <src id="IPLSng">
            <dst id="ATLA-M5">1659.09066666667</dst>
            <dst id="ATLAng">12238.352</dst>
            <dst id="CHINng">44857.56</dst>
            <dst id="DNVRng">9336.37066666667</dst>
            <dst id="HSTNng">8312.25066666666</dst>
            <dst id="IPLSng">40199.56</dst>
            <dst id="KSCYng">16845.3626666667</dst>
            <dst id="LOSAng">12889.152</dst>
            <dst id="NYCMng">6805.77066666667</dst>
            <dst id="SNVAng">1051.30133333333</dst>
            <dst id="STTLng">33263.3226666667</dst>
            <dst id="WASHng">18342.9973333333</dst>
        </src>
        <src id="KSCYng">
            <dst id="ATLA-M5">214.576</dst>
            <dst id="ATLAng">9031.296</dst>
            <dst id="CHINng">23244.272</dst>
            <dst id="DNVRng">7821.23466666667</dst>
            <dst id="HSTNng">3993.01866666667</dst>
            <dst id="IPLSng">16102.3493333333</dst>
            <dst id="KSCYng">9291.10666666667</dst>
            <dst id="LOSAng">6684.39466666667</dst>
            <dst id="NYCMng">7770.01066666667</dst>
            <dst id="SNVAng">2999.104</dst>
            <dst id="STTLng">9895.73333333334</dst>
            <dst id="WASHng">13139.5866666667</dst>
        </src>
        <src id="LOSAng">
            <dst id="ATLA-M5">434.434666666667</dst>
            <dst id="ATLAng">29515.224</dst>
            <dst id="CHINng">82646.9813333333</dst>
            <dst id="DNVRng">26452.3333333333</dst>
            <dst id="HSTNng">4677.73333333333</dst>
            <dst id="IPLSng">34557.3093333333</dst>
            <dst id="KSCYng">11232.744</dst>
            <dst id="LOSAng">12889.7973333333</dst>
            <dst id="NYCMng">35212.4026666667</dst>
            <dst id="SNVAng">19848.896</dst>
            <dst id="STTLng">55872.024</dst>
            <dst id="WASHng">57521.248</dst>
        </src>
        <src id="NYCMng">
            <dst id="ATLA-M5">2175.25333333333</dst>
            <dst id="ATLAng">32735.5653333333</dst>
            <dst id="CHINng">40539.2213333333</dst>
            <dst id="DNVRng">18684.816</dst>
            <dst id="HSTNng">15225.816</dst>
            <dst id="IPLSng">35035.7493333333</dst>
            <dst id="KSCYng">9529.896</dst>
            <dst id="LOSAng">68783.1573333333</dst>
            <dst id="NYCMng">72208.2453333333</dst>
            <dst id="SNVAng">2729.208</dst>
            <dst id="STTLng">27652.5946666667</dst>
            <dst id="WASHng">74865.7146666667</dst>
        </src>
        <src id="SNVAng">
            <dst id="ATLA-M5">0</dst>
            <dst id="ATLAng">716.488</dst>
            <dst id="CHINng">0</dst>
            <dst id="DNVRng">2523.30933333333</dst>
            <dst id="HSTNng">0</dst>
            <dst id="IPLSng">419.266666666667</dst>
            <dst id="KSCYng">27.1866666666667</dst>
            <dst id="LOSAng">9512.70133333333</dst>
            <dst id="NYCMng">163.184</dst>
            <dst id="SNVAng">7119.08533333333</dst>
            <dst id="STTLng">19437.3893333333</dst>
            <dst id="WASHng">53.3333333333333</dst>
        </src>
        <src id="STTLng">
            <dst id="ATLA-M5">1451.23733333333</dst>
            <dst id="ATLAng">19233.6213333333</dst>
            <dst id="CHINng">27077.8666666667</dst>
            <dst id="DNVRng">17983.384</dst>
            <dst id="HSTNng">9077.73333333333</dst>
            <dst id="IPLSng">26979.832</dst>
            <dst id="KSCYng">13660.672</dst>
            <dst id="LOSAng">45569.808</dst>
            <dst id="NYCMng">16275.9493333333</dst>
            <dst id="SNVAng">2900.00266666667</dst>
            <dst id="STTLng">26307.288</dst>
            <dst id="WASHng">32014.8906666667</dst>
        </src>
        <src id="WASHng">
            <dst id="ATLA-M5">2086.39733333333</dst>
            <dst id="ATLAng">134873.826666667</dst>
            <dst id="CHINng">73622.0906666667</dst>
            <dst id="DNVRng">48560.048</dst>
            <dst id="HSTNng">38271.536</dst>
            <dst id="IPLSng">42837.744</dst>
            <dst id="KSCYng">24483.0773333333</dst>
            <dst id="LOSAng">76972.7706666667</dst>
            <dst id="NYCMng">128799.504</dst>
            <dst id="SNVAng">5645.66666666667</dst>
            <dst id="STTLng">47227.52</dst>
            <dst id="WASHng">202951.864</dst>
        </src>
    </IntraTM>
</TrafficMatrixFile>
