<?xml version="1.0" encoding="ISO-8859-1" standalone="yes"?>
<TrafficMatrixFile xsi:noNamespaceSchemaLocation="http://totem.run.montefiore.ulg.ac.be/Schema/TrafficMatrix-v1_2.xsd" xmlns:xsi="http://www.w3.org/2001/XMLSchema-instance">
    <IntraTM ASID="11537">
        <src id="ATLA-M5">
            <dst id="ATLA-M5">80</dst>
            <dst id="ATLAng">614.712</dst>
            <dst id="CHINng">838.565333333333</dst>
            <dst id="DNVRng">329.210666666667</dst>
            <dst id="HSTNng">577.896</dst>
            <dst id="IPLSng">887.944</dst>
            <dst id="KSCYng">505.221333333333</dst>
            <dst id="LOSAng">185.044</dst>
            <dst id="NYCMng">1726.05333333333</dst>
            <dst id="SNVAng">91.7853333333333</dst>
            <dst id="STTLng">1103.42133333333</dst>
            <dst id="WASHng">1671.904</dst>
        </src>
        <src id="ATLAng">
            <dst id="ATLA-M5">1365.22933333333</dst>
            <dst id="ATLAng">33905.2026666667</dst>
            <dst id="CHINng">26682.184</dst>
            <dst id="DNVRng">6745.22933333333</dst>
            <dst id="HSTNng">2371.28266666667</dst>
            <dst id="IPLSng">18196.64</dst>
            <dst id="KSCYng">6458.68533333333</dst>
            <dst id="LOSAng">25290.98</dst>
            <dst id="NYCMng">8644.45866666667</dst>
            <dst id="SNVAng">1593.22</dst>
            <dst id="STTLng">9991.792</dst>
            <dst id="WASHng">43402.1493333333</dst>
        </src>
        <src id="CHINng">
            <dst id="ATLA-M5">1589.70666666667</dst>
            <dst id="ATLAng">19195.5146666667</dst>
            <dst id="CHINng">100434.557333333</dst>
            <dst id="DNVRng">16658.7706666667</dst>
            <dst id="HSTNng">12741.72</dst>
            <dst id="IPLSng">37156.5493333333</dst>
            <dst id="KSCYng">27852.5226666667</dst>
            <dst id="LOSAng">35675.8026666667</dst>
            <dst id="NYCMng">17098.6</dst>
            <dst id="SNVAng">4014.66933333333</dst>
            <dst id="STTLng">20965.7013333333</dst>
            <dst id="WASHng">24479.0986666667</dst>
        </src>
        <src id="DNVRng">
            <dst id="ATLA-M5">225.266666666667</dst>
            <dst id="ATLAng">4034.06933333333</dst>
            <dst id="CHINng">35028.6586666667</dst>
            <dst id="DNVRng">12008.12</dst>
            <dst id="HSTNng">16488.8933333333</dst>
            <dst id="IPLSng">8670.808</dst>
            <dst id="KSCYng">18579.9866666667</dst>
            <dst id="LOSAng">10482.76</dst>
            <dst id="NYCMng">8256.72</dst>
            <dst id="SNVAng">11025.3893333333</dst>
            <dst id="STTLng">26424.304</dst>
            <dst id="WASHng">25856.4453333333</dst>
        </src>
        <src id="HSTNng">
            <dst id="ATLA-M5">2260.11466666667</dst>
            <dst id="ATLAng">5339.128</dst>
            <dst id="CHINng">10185.0533333333</dst>
            <dst id="DNVRng">1286.97866666667</dst>
            <dst id="HSTNng">16570.616</dst>
            <dst id="IPLSng">5486.82933333333</dst>
            <dst id="KSCYng">9256.75733333333</dst>
            <dst id="LOSAng">11151.9973333333</dst>
            <dst id="NYCMng">3151.888</dst>
            <dst id="SNVAng">608.685333333333</dst>
            <dst id="STTLng">5342.27733333333</dst>
            <dst id="WASHng">8031.296</dst>
        </src>
        <src id="IPLSng">
            <dst id="ATLA-M5">794.861333333333</dst>
            <dst id="ATLAng">10686.3546666667</dst>
            <dst id="CHINng">69143.6853333333</dst>
            <dst id="DNVRng">6950.86666666667</dst>
            <dst id="HSTNng">6156.62666666667</dst>
            <dst id="IPLSng">26657.056</dst>
            <dst id="KSCYng">11579.2133333333</dst>
            <dst id="LOSAng">11169.9813333333</dst>
            <dst id="NYCMng">4654.152</dst>
            <dst id="SNVAng">4245.61066666667</dst>
            <dst id="STTLng">22888.3813333333</dst>
            <dst id="WASHng">13572.152</dst>
        </src>
        <src id="KSCYng">
            <dst id="ATLA-M5">534.642666666667</dst>
            <dst id="ATLAng">11416.2906666667</dst>
            <dst id="CHINng">22071.2746666667</dst>
            <dst id="DNVRng">8622.184</dst>
            <dst id="HSTNng">4355.53066666667</dst>
            <dst id="IPLSng">14056.4826666667</dst>
            <dst id="KSCYng">6820.88</dst>
            <dst id="LOSAng">4672.16533333333</dst>
            <dst id="NYCMng">17608.6613333333</dst>
            <dst id="SNVAng">2303.01066666667</dst>
            <dst id="STTLng">8537.72</dst>
            <dst id="WASHng">17811.2293333333</dst>
        </src>
        <src id="LOSAng">
            <dst id="ATLA-M5">5106.768</dst>
            <dst id="ATLAng">10986.696</dst>
            <dst id="CHINng">78737.7813333333</dst>
            <dst id="DNVRng">17466.0933333333</dst>
            <dst id="HSTNng">6547.15733333333</dst>
            <dst id="IPLSng">32490.896</dst>
            <dst id="KSCYng">7388.53066666667</dst>
            <dst id="LOSAng">14601.0346666667</dst>
            <dst id="NYCMng">36209.4346666667</dst>
            <dst id="SNVAng">20968.2533333333</dst>
            <dst id="STTLng">55312.8453333333</dst>
            <dst id="WASHng">55294.8106666667</dst>
        </src>
        <src id="NYCMng">
            <dst id="ATLA-M5">1566.37333333333</dst>
            <dst id="ATLAng">24011.2533333333</dst>
            <dst id="CHINng">40322.9466666667</dst>
            <dst id="DNVRng">17769.1733333333</dst>
            <dst id="HSTNng">11377.52</dst>
            <dst id="IPLSng">24482.7253333333</dst>
            <dst id="KSCYng">17136.464</dst>
            <dst id="LOSAng">59419.504</dst>
            <dst id="NYCMng">80424.2986666667</dst>
            <dst id="SNVAng">1916.39466666667</dst>
            <dst id="STTLng">27327.6213333333</dst>
            <dst id="WASHng">59315.4533333333</dst>
        </src>
        <src id="SNVAng">
            <dst id="ATLA-M5">0</dst>
            <dst id="ATLAng">502.72</dst>
            <dst id="CHINng">53.3333333333333</dst>
            <dst id="DNVRng">763.013333333333</dst>
            <dst id="HSTNng">0</dst>
            <dst id="IPLSng">406.765333333333</dst>
            <dst id="KSCYng">0</dst>
            <dst id="LOSAng">8739.872</dst>
            <dst id="NYCMng">229.128</dst>
            <dst id="SNVAng">7655.23733333333</dst>
            <dst id="STTLng">16514.472</dst>
            <dst id="WASHng">0</dst>
        </src>
        <src id="STTLng">
            <dst id="ATLA-M5">1133.85066666667</dst>
            <dst id="ATLAng">18206.84</dst>
            <dst id="CHINng">23795.4</dst>
            <dst id="DNVRng">19617.9493333333</dst>
            <dst id="HSTNng">7205.29333333333</dst>
            <dst id="IPLSng">23007.1466666667</dst>
            <dst id="KSCYng">20578.8266666667</dst>
            <dst id="LOSAng">39365.528</dst>
            <dst id="NYCMng">10847.1146666667</dst>
            <dst id="SNVAng">2758.448</dst>
            <dst id="STTLng">22115.816</dst>
            <dst id="WASHng">17169.4826666667</dst>
        </src>
        <src id="WASHng">
            <dst id="ATLA-M5">6621.69066666667</dst>
            <dst id="ATLAng">121963.730666667</dst>
            <dst id="CHINng">81418.7253333333</dst>
            <dst id="DNVRng">59359.648</dst>
            <dst id="HSTNng">32826.7253333333</dst>
            <dst id="IPLSng">50795.4373333333</dst>
            <dst id="KSCYng">24886.8213333333</dst>
            <dst id="LOSAng">78510.5173333333</dst>
            <dst id="NYCMng">101442.189333333</dst>
            <dst id="SNVAng">6970.85333333333</dst>
            <dst id="STTLng">54124.3626666667</dst>
            <dst id="WASHng">222550.304</dst>
        </src>
    </IntraTM>
</TrafficMatrixFile>
