<?xml version="1.0" encoding="ISO-8859-1" standalone="yes"?>
<TrafficMatrixFile xsi:noNamespaceSchemaLocation="http://totem.run.montefiore.ulg.ac.be/Schema/TrafficMatrix-v1_2.xsd" xmlns:xsi="http://www.w3.org/2001/XMLSchema-instance">
    <IntraTM ASID="11537">
        <src id="ATLA-M5">
            <dst id="ATLA-M5">767.896</dst>
            <dst id="ATLAng">2404.016</dst>
            <dst id="CHINng">1602.89866666667</dst>
            <dst id="DNVRng">430.002666666667</dst>
            <dst id="HSTNng">298.336</dst>
            <dst id="IPLSng">1025.768</dst>
            <dst id="KSCYng">402.784</dst>
            <dst id="LOSAng">286.888</dst>
            <dst id="NYCMng">2464.52266666667</dst>
            <dst id="SNVAng">140.613333333333</dst>
            <dst id="STTLng">1181.58666666667</dst>
            <dst id="WASHng">1493.00266666667</dst>
        </src>
        <src id="ATLAng">
            <dst id="ATLA-M5">2865.016</dst>
            <dst id="ATLAng">34386.968</dst>
            <dst id="CHINng">22681.5013333333</dst>
            <dst id="DNVRng">5663.288</dst>
            <dst id="HSTNng">3139.58666666667</dst>
            <dst id="IPLSng">23150.9813333333</dst>
            <dst id="KSCYng">3263.78933333333</dst>
            <dst id="LOSAng">39523.3066666667</dst>
            <dst id="NYCMng">9360.61866666667</dst>
            <dst id="SNVAng">646.214666666667</dst>
            <dst id="STTLng">11379.6373333333</dst>
            <dst id="WASHng">34950.44</dst>
        </src>
        <src id="CHINng">
            <dst id="ATLA-M5">1263.95733333333</dst>
            <dst id="ATLAng">32447.056</dst>
            <dst id="CHINng">576729.28</dst>
            <dst id="DNVRng">24502.6986666667</dst>
            <dst id="HSTNng">17309.7333333333</dst>
            <dst id="IPLSng">50703.1733333333</dst>
            <dst id="KSCYng">13062.6533333333</dst>
            <dst id="LOSAng">39348.1653333333</dst>
            <dst id="NYCMng">14731.872</dst>
            <dst id="SNVAng">4708.79466666667</dst>
            <dst id="STTLng">22096.9146666667</dst>
            <dst id="WASHng">30029.1626666667</dst>
        </src>
        <src id="DNVRng">
            <dst id="ATLA-M5">450.042666666667</dst>
            <dst id="ATLAng">6987.792</dst>
            <dst id="CHINng">44238.152</dst>
            <dst id="DNVRng">13211.8426666667</dst>
            <dst id="HSTNng">16014.1253333333</dst>
            <dst id="IPLSng">11388.744</dst>
            <dst id="KSCYng">15205.3893333333</dst>
            <dst id="LOSAng">15198.8426666667</dst>
            <dst id="NYCMng">11065.8186666667</dst>
            <dst id="SNVAng">9659.59733333333</dst>
            <dst id="STTLng">28041.5573333333</dst>
            <dst id="WASHng">23761.808</dst>
        </src>
        <src id="HSTNng">
            <dst id="ATLA-M5">4188.55466666667</dst>
            <dst id="ATLAng">3347.472</dst>
            <dst id="CHINng">16186.0373333333</dst>
            <dst id="DNVRng">1703.048</dst>
            <dst id="HSTNng">14102.3626666667</dst>
            <dst id="IPLSng">6189.704</dst>
            <dst id="KSCYng">9591.96</dst>
            <dst id="LOSAng">6665.01333333334</dst>
            <dst id="NYCMng">2910.42933333333</dst>
            <dst id="SNVAng">499.050666666667</dst>
            <dst id="STTLng">8685.78666666667</dst>
            <dst id="WASHng">6581.50933333333</dst>
        </src>
        <src id="IPLSng">
            <dst id="ATLA-M5">622.445333333333</dst>
            <dst id="ATLAng">13063.2</dst>
            <dst id="CHINng">52351.312</dst>
            <dst id="DNVRng">8430.66133333333</dst>
            <dst id="HSTNng">6013.91466666667</dst>
            <dst id="IPLSng">13295.0986666667</dst>
            <dst id="KSCYng">13228.424</dst>
            <dst id="LOSAng">14232.1466666667</dst>
            <dst id="NYCMng">8949.13866666667</dst>
            <dst id="SNVAng">1736.33866666667</dst>
            <dst id="STTLng">39362.7466666667</dst>
            <dst id="WASHng">25183.6986666667</dst>
        </src>
        <src id="KSCYng">
            <dst id="ATLA-M5">203.653333333333</dst>
            <dst id="ATLAng">11832.8586666667</dst>
            <dst id="CHINng">20527.4746666667</dst>
            <dst id="DNVRng">7746.97866666667</dst>
            <dst id="HSTNng">5079.17066666667</dst>
            <dst id="IPLSng">22071.7626666667</dst>
            <dst id="KSCYng">15803.328</dst>
            <dst id="LOSAng">11295.5893333333</dst>
            <dst id="NYCMng">6366.968</dst>
            <dst id="SNVAng">2692.82666666667</dst>
            <dst id="STTLng">10739.5733333333</dst>
            <dst id="WASHng">14626.8586666667</dst>
        </src>
        <src id="LOSAng">
            <dst id="ATLA-M5">757.96</dst>
            <dst id="ATLAng">13902.576</dst>
            <dst id="CHINng">6396902.93333333</dst>
            <dst id="DNVRng">10952.728</dst>
            <dst id="HSTNng">4324.4</dst>
            <dst id="IPLSng">24341.9306666667</dst>
            <dst id="KSCYng">12852.0746666667</dst>
            <dst id="LOSAng">17030.1866666667</dst>
            <dst id="NYCMng">52957.2826666667</dst>
            <dst id="SNVAng">19315.0906666667</dst>
            <dst id="STTLng">65307.52</dst>
            <dst id="WASHng">51344.064</dst>
        </src>
        <src id="NYCMng">
            <dst id="ATLA-M5">915.405333333333</dst>
            <dst id="ATLAng">35270.6506666667</dst>
            <dst id="CHINng">35097.904</dst>
            <dst id="DNVRng">18186.1786666667</dst>
            <dst id="HSTNng">31568.2586666667</dst>
            <dst id="IPLSng">33764.48</dst>
            <dst id="KSCYng">15760.0506666667</dst>
            <dst id="LOSAng">74129.696</dst>
            <dst id="NYCMng">83606.6426666667</dst>
            <dst id="SNVAng">5035.66666666667</dst>
            <dst id="STTLng">34852.7173333333</dst>
            <dst id="WASHng">92315.92</dst>
        </src>
        <src id="SNVAng">
            <dst id="ATLA-M5">0</dst>
            <dst id="ATLAng">0</dst>
            <dst id="CHINng">251.898666666667</dst>
            <dst id="DNVRng">3568.19466666667</dst>
            <dst id="HSTNng">26.6666666666667</dst>
            <dst id="IPLSng">436.018666666667</dst>
            <dst id="KSCYng">0</dst>
            <dst id="LOSAng">6576.80266666667</dst>
            <dst id="NYCMng">223.106666666667</dst>
            <dst id="SNVAng">8504.26933333333</dst>
            <dst id="STTLng">18235.9866666667</dst>
            <dst id="WASHng">255.384</dst>
        </src>
        <src id="STTLng">
            <dst id="ATLA-M5">1281.45333333333</dst>
            <dst id="ATLAng">22776.664</dst>
            <dst id="CHINng">46589.832</dst>
            <dst id="DNVRng">21224.4986666667</dst>
            <dst id="HSTNng">10714.888</dst>
            <dst id="IPLSng">34647.944</dst>
            <dst id="KSCYng">23934.9386666667</dst>
            <dst id="LOSAng">41123.6906666667</dst>
            <dst id="NYCMng">15886.1333333333</dst>
            <dst id="SNVAng">3674.77333333333</dst>
            <dst id="STTLng">25907.5013333333</dst>
            <dst id="WASHng">38643.848</dst>
        </src>
        <src id="WASHng">
            <dst id="ATLA-M5">1526.90666666667</dst>
            <dst id="ATLAng">109168.650666667</dst>
            <dst id="CHINng">71414.3013333333</dst>
            <dst id="DNVRng">68215.736</dst>
            <dst id="HSTNng">42434.936</dst>
            <dst id="IPLSng">56554.8026666667</dst>
            <dst id="KSCYng">21713.784</dst>
            <dst id="LOSAng">87829.4506666667</dst>
            <dst id="NYCMng">251799.144</dst>
            <dst id="SNVAng">3088.528</dst>
            <dst id="STTLng">58711.2533333333</dst>
            <dst id="WASHng">229917.928</dst>
        </src>
    </IntraTM>
</TrafficMatrixFile>
