<?xml version="1.0" encoding="ISO-8859-1" standalone="yes"?>
<TrafficMatrixFile xsi:noNamespaceSchemaLocation="http://totem.run.montefiore.ulg.ac.be/Schema/TrafficMatrix-v1_2.xsd" xmlns:xsi="http://www.w3.org/2001/XMLSchema-instance">
    <IntraTM ASID="11537">
        <src id="ATLA-M5">
            <dst id="ATLA-M5">185.285333333333</dst>
            <dst id="ATLAng">385.936</dst>
            <dst id="CHINng">1229.37866666667</dst>
            <dst id="DNVRng">53.3333333333333</dst>
            <dst id="HSTNng">174.341333333333</dst>
            <dst id="IPLSng">382.394666666667</dst>
            <dst id="KSCYng">156.104</dst>
            <dst id="LOSAng">205.713333333333</dst>
            <dst id="NYCMng">0</dst>
            <dst id="SNVAng">205.713333333333</dst>
            <dst id="STTLng">272.962666666667</dst>
            <dst id="WASHng">1618.13066666667</dst>
        </src>
        <src id="ATLAng">
            <dst id="ATLA-M5">710.541333333333</dst>
            <dst id="ATLAng">56872.9706666667</dst>
            <dst id="CHINng">13217.6</dst>
            <dst id="DNVRng">5641.76533333333</dst>
            <dst id="HSTNng">869.405333333333</dst>
            <dst id="IPLSng">17347.816</dst>
            <dst id="KSCYng">2658.264</dst>
            <dst id="LOSAng">20250.8573333333</dst>
            <dst id="NYCMng">9227.39733333333</dst>
            <dst id="SNVAng">481.033333333333</dst>
            <dst id="STTLng">10294.7093333333</dst>
            <dst id="WASHng">52710.56</dst>
        </src>
        <src id="CHINng">
            <dst id="ATLA-M5">562.685333333333</dst>
            <dst id="ATLAng">14900.4026666667</dst>
            <dst id="CHINng">98790.8986666667</dst>
            <dst id="DNVRng">22588.9253333333</dst>
            <dst id="HSTNng">7415.06666666667</dst>
            <dst id="IPLSng">41160.432</dst>
            <dst id="KSCYng">11431.1413333333</dst>
            <dst id="LOSAng">32828.232</dst>
            <dst id="NYCMng">7883.03733333333</dst>
            <dst id="SNVAng">4643.288</dst>
            <dst id="STTLng">15001.176</dst>
            <dst id="WASHng">16696.6933333333</dst>
        </src>
        <src id="DNVRng">
            <dst id="ATLA-M5">133.92</dst>
            <dst id="ATLAng">2495.60266666667</dst>
            <dst id="CHINng">89861.576</dst>
            <dst id="DNVRng">9685.03466666667</dst>
            <dst id="HSTNng">7773.62133333333</dst>
            <dst id="IPLSng">8876.13333333333</dst>
            <dst id="KSCYng">12184.9066666667</dst>
            <dst id="LOSAng">5826.752</dst>
            <dst id="NYCMng">8976.34933333334</dst>
            <dst id="SNVAng">12431.384</dst>
            <dst id="STTLng">15671.384</dst>
            <dst id="WASHng">16645.2986666667</dst>
        </src>
        <src id="HSTNng">
            <dst id="ATLA-M5">1631.35466666667</dst>
            <dst id="ATLAng">5032.69333333333</dst>
            <dst id="CHINng">26048.7626666667</dst>
            <dst id="DNVRng">1617.904</dst>
            <dst id="HSTNng">14947.5386666667</dst>
            <dst id="IPLSng">2786.67466666667</dst>
            <dst id="KSCYng">6051.12533333333</dst>
            <dst id="LOSAng">4799.49866666667</dst>
            <dst id="NYCMng">2771.33066666667</dst>
            <dst id="SNVAng">197.272</dst>
            <dst id="STTLng">3807.99466666667</dst>
            <dst id="WASHng">5047.39466666667</dst>
        </src>
        <src id="IPLSng">
            <dst id="ATLA-M5">446.112</dst>
            <dst id="ATLAng">6091.512</dst>
            <dst id="CHINng">65468.9866666667</dst>
            <dst id="DNVRng">17727.7813333333</dst>
            <dst id="HSTNng">592.546666666667</dst>
            <dst id="IPLSng">14735.112</dst>
            <dst id="KSCYng">6912.488</dst>
            <dst id="LOSAng">14037.528</dst>
            <dst id="NYCMng">12433.7413333333</dst>
            <dst id="SNVAng">368.608</dst>
            <dst id="STTLng">17510.6826666667</dst>
            <dst id="WASHng">10666.752</dst>
        </src>
        <src id="KSCYng">
            <dst id="ATLA-M5">181.266666666667</dst>
            <dst id="ATLAng">3761.50666666667</dst>
            <dst id="CHINng">17867.4613333333</dst>
            <dst id="DNVRng">8876.55466666667</dst>
            <dst id="HSTNng">3704.22933333333</dst>
            <dst id="IPLSng">13535.568</dst>
            <dst id="KSCYng">6836.592</dst>
            <dst id="LOSAng">4186.736</dst>
            <dst id="NYCMng">5428.88266666667</dst>
            <dst id="SNVAng">3033.17333333333</dst>
            <dst id="STTLng">5561.04</dst>
            <dst id="WASHng">11216.0906666667</dst>
        </src>
        <src id="LOSAng">
            <dst id="ATLA-M5">121.549333333333</dst>
            <dst id="ATLAng">15058.6986666667</dst>
            <dst id="CHINng">6522400</dst>
            <dst id="DNVRng">20171.416</dst>
            <dst id="HSTNng">5190.152</dst>
            <dst id="IPLSng">11581.0373333333</dst>
            <dst id="KSCYng">3039.264</dst>
            <dst id="LOSAng">15397.9066666667</dst>
            <dst id="NYCMng">53706.648</dst>
            <dst id="SNVAng">19236.552</dst>
            <dst id="STTLng">51907.664</dst>
            <dst id="WASHng">38028.3066666667</dst>
        </src>
        <src id="NYCMng">
            <dst id="ATLA-M5">777.106666666667</dst>
            <dst id="ATLAng">20424.4346666667</dst>
            <dst id="CHINng">35037.4773333333</dst>
            <dst id="DNVRng">19293.2906666667</dst>
            <dst id="HSTNng">7877.176</dst>
            <dst id="IPLSng">13572.2933333333</dst>
            <dst id="KSCYng">6552.408</dst>
            <dst id="LOSAng">53916.0746666667</dst>
            <dst id="NYCMng">110570.906666667</dst>
            <dst id="SNVAng">734.845333333333</dst>
            <dst id="STTLng">25763.8266666667</dst>
            <dst id="WASHng">68265.1813333333</dst>
        </src>
        <src id="SNVAng">
            <dst id="ATLA-M5">0</dst>
            <dst id="ATLAng">53.3333333333333</dst>
            <dst id="CHINng">0</dst>
            <dst id="DNVRng">1077.448</dst>
            <dst id="HSTNng">0</dst>
            <dst id="IPLSng">313.232</dst>
            <dst id="KSCYng">0</dst>
            <dst id="LOSAng">9903.72533333333</dst>
            <dst id="NYCMng">53.3333333333333</dst>
            <dst id="SNVAng">8911.40533333333</dst>
            <dst id="STTLng">18644.376</dst>
            <dst id="WASHng">26.6666666666667</dst>
        </src>
        <src id="STTLng">
            <dst id="ATLA-M5">172.058666666667</dst>
            <dst id="ATLAng">11348.904</dst>
            <dst id="CHINng">34003.7626666667</dst>
            <dst id="DNVRng">5028.26933333333</dst>
            <dst id="HSTNng">3603.31466666667</dst>
            <dst id="IPLSng">21027.256</dst>
            <dst id="KSCYng">4135.392</dst>
            <dst id="LOSAng">38118.4853333333</dst>
            <dst id="NYCMng">8557.536</dst>
            <dst id="SNVAng">1318.74933333333</dst>
            <dst id="STTLng">19417.096</dst>
            <dst id="WASHng">8325.88533333333</dst>
        </src>
        <src id="WASHng">
            <dst id="ATLA-M5">1241.36</dst>
            <dst id="ATLAng">74333.376</dst>
            <dst id="CHINng">84730.9066666667</dst>
            <dst id="DNVRng">54304.584</dst>
            <dst id="HSTNng">39028.5893333333</dst>
            <dst id="IPLSng">32606.096</dst>
            <dst id="KSCYng">23121.4533333333</dst>
            <dst id="LOSAng">63544.3413333333</dst>
            <dst id="NYCMng">161996.744</dst>
            <dst id="SNVAng">1914.96533333333</dst>
            <dst id="STTLng">36221.9333333333</dst>
            <dst id="WASHng">270958.586666667</dst>
        </src>
    </IntraTM>
</TrafficMatrixFile>
