<?xml version="1.0" encoding="ISO-8859-1" standalone="yes"?>
<TrafficMatrixFile xsi:noNamespaceSchemaLocation="http://totem.run.montefiore.ulg.ac.be/Schema/TrafficMatrix-v1_2.xsd" xmlns:xsi="http://www.w3.org/2001/XMLSchema-instance">
    <IntraTM ASID="11537">
        <src id="ATLA-M5">
            <dst id="ATLA-M5">26.6666666666667</dst>
            <dst id="ATLAng">1461.21066666667</dst>
            <dst id="CHINng">1797.78933333333</dst>
            <dst id="DNVRng">40.264</dst>
            <dst id="HSTNng">625.36</dst>
            <dst id="IPLSng">1842.09333333333</dst>
            <dst id="KSCYng">441.512</dst>
            <dst id="LOSAng">83.0413333333333</dst>
            <dst id="NYCMng">1388.63733333333</dst>
            <dst id="SNVAng">56.3746666666667</dst>
            <dst id="STTLng">796.506666666667</dst>
            <dst id="WASHng">1151.504</dst>
        </src>
        <src id="ATLAng">
            <dst id="ATLA-M5">2202.336</dst>
            <dst id="ATLAng">49985.9866666667</dst>
            <dst id="CHINng">33061.4746666667</dst>
            <dst id="DNVRng">10442.984</dst>
            <dst id="HSTNng">11013.68</dst>
            <dst id="IPLSng">30528.9333333333</dst>
            <dst id="KSCYng">6796.04533333333</dst>
            <dst id="LOSAng">22684.5133333333</dst>
            <dst id="NYCMng">8512.056</dst>
            <dst id="SNVAng">2022.972</dst>
            <dst id="STTLng">12572.9813333333</dst>
            <dst id="WASHng">39930.7413333333</dst>
        </src>
        <src id="CHINng">
            <dst id="ATLA-M5">2238.20266666667</dst>
            <dst id="ATLAng">31470.648</dst>
            <dst id="CHINng">106995.373333333</dst>
            <dst id="DNVRng">18288.4293333333</dst>
            <dst id="HSTNng">13888.8746666667</dst>
            <dst id="IPLSng">54763.36</dst>
            <dst id="KSCYng">20243.984</dst>
            <dst id="LOSAng">47069.1093333333</dst>
            <dst id="NYCMng">20988.5386666667</dst>
            <dst id="SNVAng">6592.33333333333</dst>
            <dst id="STTLng">27621.3093333333</dst>
            <dst id="WASHng">35011.04</dst>
        </src>
        <src id="DNVRng">
            <dst id="ATLA-M5">517.981333333333</dst>
            <dst id="ATLAng">5762.11466666667</dst>
            <dst id="CHINng">24973.672</dst>
            <dst id="DNVRng">12296.8613333333</dst>
            <dst id="HSTNng">16336.008</dst>
            <dst id="IPLSng">11324.2666666667</dst>
            <dst id="KSCYng">19140.4186666667</dst>
            <dst id="LOSAng">11980.448</dst>
            <dst id="NYCMng">9163.872</dst>
            <dst id="SNVAng">17324.9893333333</dst>
            <dst id="STTLng">41495.4293333333</dst>
            <dst id="WASHng">31711.952</dst>
        </src>
        <src id="HSTNng">
            <dst id="ATLA-M5">2872.98933333333</dst>
            <dst id="ATLAng">6368.544</dst>
            <dst id="CHINng">11270.4106666667</dst>
            <dst id="DNVRng">4101.416</dst>
            <dst id="HSTNng">14738.0133333333</dst>
            <dst id="IPLSng">5249.28</dst>
            <dst id="KSCYng">11997.5226666667</dst>
            <dst id="LOSAng">7841.28</dst>
            <dst id="NYCMng">2871.22933333333</dst>
            <dst id="SNVAng">26.6666666666667</dst>
            <dst id="STTLng">7612.41066666667</dst>
            <dst id="WASHng">13435.8506666667</dst>
        </src>
        <src id="IPLSng">
            <dst id="ATLA-M5">440.285333333333</dst>
            <dst id="ATLAng">13014.9546666667</dst>
            <dst id="CHINng">43954.5093333333</dst>
            <dst id="DNVRng">8674.232</dst>
            <dst id="HSTNng">6942.49066666667</dst>
            <dst id="IPLSng">21974.3093333333</dst>
            <dst id="KSCYng">7638.44533333333</dst>
            <dst id="LOSAng">18853.2586666667</dst>
            <dst id="NYCMng">7933.25333333333</dst>
            <dst id="SNVAng">1936.71466666667</dst>
            <dst id="STTLng">32092.408</dst>
            <dst id="WASHng">25463.224</dst>
        </src>
        <src id="KSCYng">
            <dst id="ATLA-M5">431.426666666667</dst>
            <dst id="ATLAng">12903.48</dst>
            <dst id="CHINng">24611.1786666667</dst>
            <dst id="DNVRng">7688.74933333333</dst>
            <dst id="HSTNng">6302.24266666667</dst>
            <dst id="IPLSng">24740.536</dst>
            <dst id="KSCYng">15344.0266666667</dst>
            <dst id="LOSAng">6968.94133333333</dst>
            <dst id="NYCMng">10150.6773333333</dst>
            <dst id="SNVAng">2755.12</dst>
            <dst id="STTLng">12661.7226666667</dst>
            <dst id="WASHng">14993.5973333333</dst>
        </src>
        <src id="LOSAng">
            <dst id="ATLA-M5">61.5706666666667</dst>
            <dst id="ATLAng">15876.736</dst>
            <dst id="CHINng">88531.648</dst>
            <dst id="DNVRng">28145.8746666667</dst>
            <dst id="HSTNng">10122.032</dst>
            <dst id="IPLSng">38008.992</dst>
            <dst id="KSCYng">7492.28</dst>
            <dst id="LOSAng">16761.2186666667</dst>
            <dst id="NYCMng">40560.9493333333</dst>
            <dst id="SNVAng">17730.9813333333</dst>
            <dst id="STTLng">66611.392</dst>
            <dst id="WASHng">105764.946666667</dst>
        </src>
        <src id="NYCMng">
            <dst id="ATLA-M5">2602.648</dst>
            <dst id="ATLAng">36020.7786666667</dst>
            <dst id="CHINng">33986.408</dst>
            <dst id="DNVRng">23939.4053333333</dst>
            <dst id="HSTNng">11657.4586666667</dst>
            <dst id="IPLSng">24292.4213333333</dst>
            <dst id="KSCYng">12339.3973333333</dst>
            <dst id="LOSAng">66127.3866666667</dst>
            <dst id="NYCMng">90113.9306666667</dst>
            <dst id="SNVAng">3447.13866666667</dst>
            <dst id="STTLng">26359.216</dst>
            <dst id="WASHng">104888.824</dst>
        </src>
        <src id="SNVAng">
            <dst id="ATLA-M5">0</dst>
            <dst id="ATLAng">619.52</dst>
            <dst id="CHINng">119.453333333333</dst>
            <dst id="DNVRng">1534.472</dst>
            <dst id="HSTNng">79.1573333333333</dst>
            <dst id="IPLSng">459.818666666667</dst>
            <dst id="KSCYng">0</dst>
            <dst id="LOSAng">9719.13866666667</dst>
            <dst id="NYCMng">422.08</dst>
            <dst id="SNVAng">9379.97866666667</dst>
            <dst id="STTLng">19855.0506666667</dst>
            <dst id="WASHng">501.789333333333</dst>
        </src>
        <src id="STTLng">
            <dst id="ATLA-M5">1540.66133333333</dst>
            <dst id="ATLAng">24848.1333333333</dst>
            <dst id="CHINng">28349.1546666667</dst>
            <dst id="DNVRng">18257.8506666667</dst>
            <dst id="HSTNng">8895.15733333333</dst>
            <dst id="IPLSng">43109.9386666667</dst>
            <dst id="KSCYng">21493.6213333333</dst>
            <dst id="LOSAng">39313.3173333333</dst>
            <dst id="NYCMng">13487.0186666667</dst>
            <dst id="SNVAng">5597.848</dst>
            <dst id="STTLng">26051.016</dst>
            <dst id="WASHng">35604.8853333333</dst>
        </src>
        <src id="WASHng">
            <dst id="ATLA-M5">1563.56533333333</dst>
            <dst id="ATLAng">91831.8933333333</dst>
            <dst id="CHINng">80123.7733333333</dst>
            <dst id="DNVRng">63679.7306666667</dst>
            <dst id="HSTNng">40886.6666666667</dst>
            <dst id="IPLSng">48678.9066666667</dst>
            <dst id="KSCYng">25746.5466666667</dst>
            <dst id="LOSAng">88800.952</dst>
            <dst id="NYCMng">221291.218666667</dst>
            <dst id="SNVAng">6846.424</dst>
            <dst id="STTLng">45651.5093333333</dst>
            <dst id="WASHng">244447.498666667</dst>
        </src>
    </IntraTM>
</TrafficMatrixFile>
