<?xml version="1.0" encoding="ISO-8859-1" standalone="yes"?>
<TrafficMatrixFile xsi:noNamespaceSchemaLocation="http://totem.run.montefiore.ulg.ac.be/Schema/TrafficMatrix-v1_2.xsd" xmlns:xsi="http://www.w3.org/2001/XMLSchema-instance">
    <IntraTM ASID="11537">
        <src id="ATLA-M5">
            <dst id="ATLA-M5">112.277333333333</dst>
            <dst id="ATLAng">1139.016</dst>
            <dst id="CHINng">1448.59466666667</dst>
            <dst id="DNVRng">114.976</dst>
            <dst id="HSTNng">327.882666666667</dst>
            <dst id="IPLSng">870.76</dst>
            <dst id="KSCYng">392.706666666667</dst>
            <dst id="LOSAng">240.002666666667</dst>
            <dst id="NYCMng">1506.69866666667</dst>
            <dst id="SNVAng">18.952</dst>
            <dst id="STTLng">537.616</dst>
            <dst id="WASHng">1571.024</dst>
        </src>
        <src id="ATLAng">
            <dst id="ATLA-M5">309.744</dst>
            <dst id="ATLAng">39116.9066666667</dst>
            <dst id="CHINng">34020.4853333333</dst>
            <dst id="DNVRng">5613.01866666667</dst>
            <dst id="HSTNng">7290.76266666667</dst>
            <dst id="IPLSng">20086.7653333333</dst>
            <dst id="KSCYng">5089.24</dst>
            <dst id="LOSAng">13967.7306666667</dst>
            <dst id="NYCMng">6636.89066666667</dst>
            <dst id="SNVAng">1097.53333333333</dst>
            <dst id="STTLng">10014.0906666667</dst>
            <dst id="WASHng">31731.2213333333</dst>
        </src>
        <src id="CHINng">
            <dst id="ATLA-M5">2088.49333333333</dst>
            <dst id="ATLAng">35604.224</dst>
            <dst id="CHINng">100360.178666667</dst>
            <dst id="DNVRng">30833.56</dst>
            <dst id="HSTNng">12805.9706666667</dst>
            <dst id="IPLSng">43789.9333333333</dst>
            <dst id="KSCYng">21277.6346666667</dst>
            <dst id="LOSAng">67141.6293333333</dst>
            <dst id="NYCMng">15831.4293333333</dst>
            <dst id="SNVAng">5450.28</dst>
            <dst id="STTLng">24460.9786666667</dst>
            <dst id="WASHng">31667.5893333333</dst>
        </src>
        <src id="DNVRng">
            <dst id="ATLA-M5">470.112</dst>
            <dst id="ATLAng">4896.10933333333</dst>
            <dst id="CHINng">24876.792</dst>
            <dst id="DNVRng">12602.7493333333</dst>
            <dst id="HSTNng">13609.5573333333</dst>
            <dst id="IPLSng">13939.1466666667</dst>
            <dst id="KSCYng">24726.7226666667</dst>
            <dst id="LOSAng">22883.848</dst>
            <dst id="NYCMng">7134.99733333333</dst>
            <dst id="SNVAng">12410.872</dst>
            <dst id="STTLng">35923.6293333333</dst>
            <dst id="WASHng">26105.9786666667</dst>
        </src>
        <src id="HSTNng">
            <dst id="ATLA-M5">2717.58666666667</dst>
            <dst id="ATLAng">5151.42933333333</dst>
            <dst id="CHINng">14607.176</dst>
            <dst id="DNVRng">12124.6293333333</dst>
            <dst id="HSTNng">11704.8053333333</dst>
            <dst id="IPLSng">4022.59466666667</dst>
            <dst id="KSCYng">10949.7413333333</dst>
            <dst id="LOSAng">6256.01066666667</dst>
            <dst id="NYCMng">4121.61333333333</dst>
            <dst id="SNVAng">527.141333333333</dst>
            <dst id="STTLng">7163.54133333333</dst>
            <dst id="WASHng">7064.72</dst>
        </src>
        <src id="IPLSng">
            <dst id="ATLA-M5">1079.64</dst>
            <dst id="ATLAng">12056.1466666667</dst>
            <dst id="CHINng">34275.1093333333</dst>
            <dst id="DNVRng">12533.2853333333</dst>
            <dst id="HSTNng">4913.97866666667</dst>
            <dst id="IPLSng">17894.5493333333</dst>
            <dst id="KSCYng">19387.776</dst>
            <dst id="LOSAng">13381.7573333333</dst>
            <dst id="NYCMng">9253.40533333333</dst>
            <dst id="SNVAng">749.178666666667</dst>
            <dst id="STTLng">30789.424</dst>
            <dst id="WASHng">22057.6106666667</dst>
        </src>
        <src id="KSCYng">
            <dst id="ATLA-M5">233.552</dst>
            <dst id="ATLAng">6740.68266666667</dst>
            <dst id="CHINng">24406.2186666667</dst>
            <dst id="DNVRng">10362.712</dst>
            <dst id="HSTNng">3945.36533333333</dst>
            <dst id="IPLSng">18573.8133333333</dst>
            <dst id="KSCYng">17094.9786666667</dst>
            <dst id="LOSAng">4780.65066666667</dst>
            <dst id="NYCMng">7853.39466666667</dst>
            <dst id="SNVAng">2605.968</dst>
            <dst id="STTLng">11759.3653333333</dst>
            <dst id="WASHng">17066.248</dst>
        </src>
        <src id="LOSAng">
            <dst id="ATLA-M5">894.285333333333</dst>
            <dst id="ATLAng">42374.088</dst>
            <dst id="CHINng">82699.2</dst>
            <dst id="DNVRng">29254.64</dst>
            <dst id="HSTNng">4255.44533333333</dst>
            <dst id="IPLSng">31460.7866666667</dst>
            <dst id="KSCYng">11003.8293333333</dst>
            <dst id="LOSAng">20111.3546666667</dst>
            <dst id="NYCMng">34794.9546666667</dst>
            <dst id="SNVAng">20138.8186666667</dst>
            <dst id="STTLng">60496.4826666667</dst>
            <dst id="WASHng">63949.088</dst>
        </src>
        <src id="NYCMng">
            <dst id="ATLA-M5">3965.09333333333</dst>
            <dst id="ATLAng">33501.6133333333</dst>
            <dst id="CHINng">30331.8666666667</dst>
            <dst id="DNVRng">22789.4133333333</dst>
            <dst id="HSTNng">12467.2586666667</dst>
            <dst id="IPLSng">26417.4426666667</dst>
            <dst id="KSCYng">14895.856</dst>
            <dst id="LOSAng">63224.5786666667</dst>
            <dst id="NYCMng">80721.4453333334</dst>
            <dst id="SNVAng">1952.66933333333</dst>
            <dst id="STTLng">26156.3306666667</dst>
            <dst id="WASHng">70497.6186666667</dst>
        </src>
        <src id="SNVAng">
            <dst id="ATLA-M5">0</dst>
            <dst id="ATLAng">537.12</dst>
            <dst id="CHINng">55.536</dst>
            <dst id="DNVRng">1752.01866666667</dst>
            <dst id="HSTNng">0</dst>
            <dst id="IPLSng">381.482666666667</dst>
            <dst id="KSCYng">0</dst>
            <dst id="LOSAng">6366.53866666667</dst>
            <dst id="NYCMng">284.28</dst>
            <dst id="SNVAng">6894.87466666667</dst>
            <dst id="STTLng">17553.7093333333</dst>
            <dst id="WASHng">59.5333333333333</dst>
        </src>
        <src id="STTLng">
            <dst id="ATLA-M5">1339.78133333333</dst>
            <dst id="ATLAng">22846.8373333333</dst>
            <dst id="CHINng">31681.9413333333</dst>
            <dst id="DNVRng">19467.7893333333</dst>
            <dst id="HSTNng">7587.99733333333</dst>
            <dst id="IPLSng">46713.3706666667</dst>
            <dst id="KSCYng">20733.5093333333</dst>
            <dst id="LOSAng">40046.3253333333</dst>
            <dst id="NYCMng">8724.66666666667</dst>
            <dst id="SNVAng">6582.184</dst>
            <dst id="STTLng">28048.984</dst>
            <dst id="WASHng">37146.992</dst>
        </src>
        <src id="WASHng">
            <dst id="ATLA-M5">943.904</dst>
            <dst id="ATLAng">94097.592</dst>
            <dst id="CHINng">81814.312</dst>
            <dst id="DNVRng">73776.3786666667</dst>
            <dst id="HSTNng">30403.1786666667</dst>
            <dst id="IPLSng">41048.1333333333</dst>
            <dst id="KSCYng">29889.6666666667</dst>
            <dst id="LOSAng">79057.36</dst>
            <dst id="NYCMng">132043.872</dst>
            <dst id="SNVAng">7221.54133333333</dst>
            <dst id="STTLng">42827.296</dst>
            <dst id="WASHng">333760.986666667</dst>
        </src>
    </IntraTM>
</TrafficMatrixFile>
