<?xml version="1.0" encoding="ISO-8859-1" standalone="yes"?>
<TrafficMatrixFile xsi:noNamespaceSchemaLocation="http://totem.run.montefiore.ulg.ac.be/Schema/TrafficMatrix-v1_2.xsd" xmlns:xsi="http://www.w3.org/2001/XMLSchema-instance">
    <IntraTM ASID="11537">
        <src id="ATLA-M5">
            <dst id="ATLA-M5">390.722666666667</dst>
            <dst id="ATLAng">2047.18666666667</dst>
            <dst id="CHINng">1511.664</dst>
            <dst id="DNVRng">365.957333333333</dst>
            <dst id="HSTNng">437.845333333333</dst>
            <dst id="IPLSng">1702.776</dst>
            <dst id="KSCYng">594.114666666667</dst>
            <dst id="LOSAng">66.6666666666667</dst>
            <dst id="NYCMng">2121.08533333333</dst>
            <dst id="SNVAng">61.6773333333333</dst>
            <dst id="STTLng">1294.60533333333</dst>
            <dst id="WASHng">1692.656</dst>
        </src>
        <src id="ATLAng">
            <dst id="ATLA-M5">1014.88533333333</dst>
            <dst id="ATLAng">45939.2666666667</dst>
            <dst id="CHINng">32270.992</dst>
            <dst id="DNVRng">4449.06133333333</dst>
            <dst id="HSTNng">28694.8133333333</dst>
            <dst id="IPLSng">23682.4533333333</dst>
            <dst id="KSCYng">15396.5013333333</dst>
            <dst id="LOSAng">21698.5706666667</dst>
            <dst id="NYCMng">14476.224</dst>
            <dst id="SNVAng">1894.808</dst>
            <dst id="STTLng">24392.8586666667</dst>
            <dst id="WASHng">64173.472</dst>
        </src>
        <src id="CHINng">
            <dst id="ATLA-M5">1175.30666666667</dst>
            <dst id="ATLAng">50347.752</dst>
            <dst id="CHINng">193056.272</dst>
            <dst id="DNVRng">11975.28</dst>
            <dst id="HSTNng">21564.4346666667</dst>
            <dst id="IPLSng">69393.7946666666</dst>
            <dst id="KSCYng">24975.344</dst>
            <dst id="LOSAng">38031.9546666667</dst>
            <dst id="NYCMng">20301.768</dst>
            <dst id="SNVAng">7641.36533333333</dst>
            <dst id="STTLng">40491.336</dst>
            <dst id="WASHng">31571.3493333333</dst>
        </src>
        <src id="DNVRng">
            <dst id="ATLA-M5">672.864</dst>
            <dst id="ATLAng">25489.032</dst>
            <dst id="CHINng">63724.3226666667</dst>
            <dst id="DNVRng">10846.4293333333</dst>
            <dst id="HSTNng">17446.024</dst>
            <dst id="IPLSng">28256.9493333333</dst>
            <dst id="KSCYng">17818.5546666667</dst>
            <dst id="LOSAng">27560.808</dst>
            <dst id="NYCMng">11409.9146666667</dst>
            <dst id="SNVAng">19619.024</dst>
            <dst id="STTLng">49783.392</dst>
            <dst id="WASHng">30528.0746666667</dst>
        </src>
        <src id="HSTNng">
            <dst id="ATLA-M5">3060.296</dst>
            <dst id="ATLAng">9452.792</dst>
            <dst id="CHINng">14976.6</dst>
            <dst id="DNVRng">6494.328</dst>
            <dst id="HSTNng">21632.264</dst>
            <dst id="IPLSng">9027.26933333333</dst>
            <dst id="KSCYng">8050.176</dst>
            <dst id="LOSAng">11485.4373333333</dst>
            <dst id="NYCMng">7377.73066666667</dst>
            <dst id="SNVAng">861.981333333333</dst>
            <dst id="STTLng">15704.408</dst>
            <dst id="WASHng">17151.0693333333</dst>
        </src>
        <src id="IPLSng">
            <dst id="ATLA-M5">1802.21866666667</dst>
            <dst id="ATLAng">54185.1013333333</dst>
            <dst id="CHINng">104822.994666667</dst>
            <dst id="DNVRng">33868.5386666667</dst>
            <dst id="HSTNng">17500.8586666667</dst>
            <dst id="IPLSng">32019.0986666667</dst>
            <dst id="KSCYng">17933.3573333333</dst>
            <dst id="LOSAng">20074.576</dst>
            <dst id="NYCMng">23814.2213333333</dst>
            <dst id="SNVAng">2617.376</dst>
            <dst id="STTLng">44494.4773333333</dst>
            <dst id="WASHng">40131.7786666667</dst>
        </src>
        <src id="KSCYng">
            <dst id="ATLA-M5">1077.944</dst>
            <dst id="ATLAng">9178.6</dst>
            <dst id="CHINng">33764.0026666667</dst>
            <dst id="DNVRng">8546.38666666667</dst>
            <dst id="HSTNng">5081.07466666667</dst>
            <dst id="IPLSng">23087.664</dst>
            <dst id="KSCYng">7710.13333333334</dst>
            <dst id="LOSAng">6984.67733333333</dst>
            <dst id="NYCMng">8867.992</dst>
            <dst id="SNVAng">2711.4</dst>
            <dst id="STTLng">16334.312</dst>
            <dst id="WASHng">14994.9173333333</dst>
        </src>
        <src id="LOSAng">
            <dst id="ATLA-M5">369.408</dst>
            <dst id="ATLAng">27712.7813333333</dst>
            <dst id="CHINng">114242.565333333</dst>
            <dst id="DNVRng">72725.584</dst>
            <dst id="HSTNng">24479.104</dst>
            <dst id="IPLSng">47397.672</dst>
            <dst id="KSCYng">15331.1813333333</dst>
            <dst id="LOSAng">13855.1733333333</dst>
            <dst id="NYCMng">53683.848</dst>
            <dst id="SNVAng">29212.7066666667</dst>
            <dst id="STTLng">73980.8453333333</dst>
            <dst id="WASHng">94789.792</dst>
        </src>
        <src id="NYCMng">
            <dst id="ATLA-M5">1767.248</dst>
            <dst id="ATLAng">52264.528</dst>
            <dst id="CHINng">50358.9706666667</dst>
            <dst id="DNVRng">30040.4426666667</dst>
            <dst id="HSTNng">29092.9466666667</dst>
            <dst id="IPLSng">46022.6426666667</dst>
            <dst id="KSCYng">26076.4906666667</dst>
            <dst id="LOSAng">60521.1626666667</dst>
            <dst id="NYCMng">134713.973333333</dst>
            <dst id="SNVAng">6862.504</dst>
            <dst id="STTLng">32472.984</dst>
            <dst id="WASHng">167942.141333333</dst>
        </src>
        <src id="SNVAng">
            <dst id="ATLA-M5">0</dst>
            <dst id="ATLAng">537.477333333333</dst>
            <dst id="CHINng">414.397333333333</dst>
            <dst id="DNVRng">15231.2933333333</dst>
            <dst id="HSTNng">160</dst>
            <dst id="IPLSng">562.869333333333</dst>
            <dst id="KSCYng">576.533333333333</dst>
            <dst id="LOSAng">11883.672</dst>
            <dst id="NYCMng">95.024</dst>
            <dst id="SNVAng">10255.6</dst>
            <dst id="STTLng">19356.5653333333</dst>
            <dst id="WASHng">204.941333333333</dst>
        </src>
        <src id="STTLng">
            <dst id="ATLA-M5">5218.31466666667</dst>
            <dst id="ATLAng">78167.2933333333</dst>
            <dst id="CHINng">105413.890666667</dst>
            <dst id="DNVRng">42628.592</dst>
            <dst id="HSTNng">45662.656</dst>
            <dst id="IPLSng">123145.677333333</dst>
            <dst id="KSCYng">64443.0133333333</dst>
            <dst id="LOSAng">13883.7253333333</dst>
            <dst id="NYCMng">30466.7253333333</dst>
            <dst id="SNVAng">12913.4346666667</dst>
            <dst id="STTLng">52702.4933333333</dst>
            <dst id="WASHng">124073.034666667</dst>
        </src>
        <src id="WASHng">
            <dst id="ATLA-M5">7138.71733333333</dst>
            <dst id="ATLAng">148141.429333333</dst>
            <dst id="CHINng">99136.464</dst>
            <dst id="DNVRng">74983.6</dst>
            <dst id="HSTNng">36171.16</dst>
            <dst id="IPLSng">112863.930666667</dst>
            <dst id="KSCYng">28828.608</dst>
            <dst id="LOSAng">107386.088</dst>
            <dst id="NYCMng">279736.373333333</dst>
            <dst id="SNVAng">14908.0826666667</dst>
            <dst id="STTLng">66802.8506666667</dst>
            <dst id="WASHng">228610.314666667</dst>
        </src>
    </IntraTM>
</TrafficMatrixFile>
