<?xml version="1.0" encoding="ISO-8859-1" standalone="yes"?>
<TrafficMatrixFile xsi:noNamespaceSchemaLocation="http://totem.run.montefiore.ulg.ac.be/Schema/TrafficMatrix-v1_2.xsd" xmlns:xsi="http://www.w3.org/2001/XMLSchema-instance">
    <IntraTM ASID="11537">
        <src id="ATLA-M5">
            <dst id="ATLA-M5">53.3333333333333</dst>
            <dst id="ATLAng">1065.53866666667</dst>
            <dst id="CHINng">889.818666666667</dst>
            <dst id="DNVRng">53.3333333333333</dst>
            <dst id="HSTNng">193.778666666667</dst>
            <dst id="IPLSng">421.818666666667</dst>
            <dst id="KSCYng">168.904</dst>
            <dst id="LOSAng">120.910666666667</dst>
            <dst id="NYCMng">1440.11733333333</dst>
            <dst id="SNVAng">33.3906666666667</dst>
            <dst id="STTLng">278.045333333333</dst>
            <dst id="WASHng">1151.00533333333</dst>
        </src>
        <src id="ATLAng">
            <dst id="ATLA-M5">215.021333333333</dst>
            <dst id="ATLAng">45986.84</dst>
            <dst id="CHINng">14555.9173333333</dst>
            <dst id="DNVRng">7146.89333333333</dst>
            <dst id="HSTNng">20202.5893333333</dst>
            <dst id="IPLSng">15188.44</dst>
            <dst id="KSCYng">2693.36533333333</dst>
            <dst id="LOSAng">24221.328</dst>
            <dst id="NYCMng">6489.32533333333</dst>
            <dst id="SNVAng">623.76</dst>
            <dst id="STTLng">9376.08533333333</dst>
            <dst id="WASHng">50043.208</dst>
        </src>
        <src id="CHINng">
            <dst id="ATLA-M5">214.714666666667</dst>
            <dst id="ATLAng">21805.304</dst>
            <dst id="CHINng">103194.805333333</dst>
            <dst id="DNVRng">13546.376</dst>
            <dst id="HSTNng">11532.7066666667</dst>
            <dst id="IPLSng">75030.1786666667</dst>
            <dst id="KSCYng">22886.032</dst>
            <dst id="LOSAng">32697.1653333333</dst>
            <dst id="NYCMng">16637.616</dst>
            <dst id="SNVAng">3811.90933333333</dst>
            <dst id="STTLng">17698.0053333333</dst>
            <dst id="WASHng">16605.8693333333</dst>
        </src>
        <src id="DNVRng">
            <dst id="ATLA-M5">162.706666666667</dst>
            <dst id="ATLAng">2716.192</dst>
            <dst id="CHINng">67035.448</dst>
            <dst id="DNVRng">13515.5546666667</dst>
            <dst id="HSTNng">11118.3146666667</dst>
            <dst id="IPLSng">24465.6933333333</dst>
            <dst id="KSCYng">17714.3013333333</dst>
            <dst id="LOSAng">6299.46933333333</dst>
            <dst id="NYCMng">8236.352</dst>
            <dst id="SNVAng">9989.024</dst>
            <dst id="STTLng">13982.2533333333</dst>
            <dst id="WASHng">23648.632</dst>
        </src>
        <src id="HSTNng">
            <dst id="ATLA-M5">2389.92266666667</dst>
            <dst id="ATLAng">3408.58666666667</dst>
            <dst id="CHINng">17633.3013333333</dst>
            <dst id="DNVRng">2385.06666666667</dst>
            <dst id="HSTNng">12757.9813333333</dst>
            <dst id="IPLSng">2403.024</dst>
            <dst id="KSCYng">10328.448</dst>
            <dst id="LOSAng">3597.92</dst>
            <dst id="NYCMng">3704.16533333333</dst>
            <dst id="SNVAng">58.5733333333333</dst>
            <dst id="STTLng">5052.26933333333</dst>
            <dst id="WASHng">9180.49866666667</dst>
        </src>
        <src id="IPLSng">
            <dst id="ATLA-M5">762.453333333333</dst>
            <dst id="ATLAng">6931.61333333333</dst>
            <dst id="CHINng">77818.6</dst>
            <dst id="DNVRng">7120.60533333334</dst>
            <dst id="HSTNng">1564.752</dst>
            <dst id="IPLSng">5607.21066666667</dst>
            <dst id="KSCYng">2678.08</dst>
            <dst id="LOSAng">20682.4026666667</dst>
            <dst id="NYCMng">10032.256</dst>
            <dst id="SNVAng">1130.09866666667</dst>
            <dst id="STTLng">20212.7066666667</dst>
            <dst id="WASHng">36550.2693333333</dst>
        </src>
        <src id="KSCYng">
            <dst id="ATLA-M5">247.386666666667</dst>
            <dst id="ATLAng">4366.77333333333</dst>
            <dst id="CHINng">29325.208</dst>
            <dst id="DNVRng">8233.208</dst>
            <dst id="HSTNng">3198.17333333333</dst>
            <dst id="IPLSng">17509.5973333333</dst>
            <dst id="KSCYng">15677.5733333333</dst>
            <dst id="LOSAng">4832.69333333333</dst>
            <dst id="NYCMng">7523.336</dst>
            <dst id="SNVAng">2312.22133333333</dst>
            <dst id="STTLng">12408.2986666667</dst>
            <dst id="WASHng">9494.40266666667</dst>
        </src>
        <src id="LOSAng">
            <dst id="ATLA-M5">0</dst>
            <dst id="ATLAng">8184.34666666667</dst>
            <dst id="CHINng">80500.904</dst>
            <dst id="DNVRng">5585.27733333333</dst>
            <dst id="HSTNng">1673.28</dst>
            <dst id="IPLSng">12901.2906666667</dst>
            <dst id="KSCYng">2607.48</dst>
            <dst id="LOSAng">9915.016</dst>
            <dst id="NYCMng">31318.648</dst>
            <dst id="SNVAng">22584.8026666667</dst>
            <dst id="STTLng">40132.2133333333</dst>
            <dst id="WASHng">41749.224</dst>
        </src>
        <src id="NYCMng">
            <dst id="ATLA-M5">2175.99466666667</dst>
            <dst id="ATLAng">20689.6213333333</dst>
            <dst id="CHINng">32112.392</dst>
            <dst id="DNVRng">17368.2906666667</dst>
            <dst id="HSTNng">4770.75733333333</dst>
            <dst id="IPLSng">22102.5626666667</dst>
            <dst id="KSCYng">9694.776</dst>
            <dst id="LOSAng">48754.232</dst>
            <dst id="NYCMng">102299.952</dst>
            <dst id="SNVAng">5724.37866666667</dst>
            <dst id="STTLng">19902.9973333333</dst>
            <dst id="WASHng">79315.3706666667</dst>
        </src>
        <src id="SNVAng">
            <dst id="ATLA-M5">0</dst>
            <dst id="ATLAng">0</dst>
            <dst id="CHINng">26.6666666666667</dst>
            <dst id="DNVRng">2405.35733333333</dst>
            <dst id="HSTNng">77.76</dst>
            <dst id="IPLSng">384.477333333333</dst>
            <dst id="KSCYng">0</dst>
            <dst id="LOSAng">8697.96533333333</dst>
            <dst id="NYCMng">392.392</dst>
            <dst id="SNVAng">6986.34133333333</dst>
            <dst id="STTLng">22170.264</dst>
            <dst id="WASHng">5497.64266666667</dst>
        </src>
        <src id="STTLng">
            <dst id="ATLA-M5">218.512</dst>
            <dst id="ATLAng">11127.3653333333</dst>
            <dst id="CHINng">33855.4026666667</dst>
            <dst id="DNVRng">4149.30666666667</dst>
            <dst id="HSTNng">2006.792</dst>
            <dst id="IPLSng">6081.608</dst>
            <dst id="KSCYng">3197.15733333333</dst>
            <dst id="LOSAng">67028.688</dst>
            <dst id="NYCMng">8255.30933333333</dst>
            <dst id="SNVAng">2954.95466666667</dst>
            <dst id="STTLng">22526.232</dst>
            <dst id="WASHng">10651.568</dst>
        </src>
        <src id="WASHng">
            <dst id="ATLA-M5">392.973333333333</dst>
            <dst id="ATLAng">64165.7066666667</dst>
            <dst id="CHINng">73635.048</dst>
            <dst id="DNVRng">50174.368</dst>
            <dst id="HSTNng">18893.752</dst>
            <dst id="IPLSng">34910.4106666667</dst>
            <dst id="KSCYng">28805.4373333333</dst>
            <dst id="LOSAng">93347.432</dst>
            <dst id="NYCMng">122324.218666667</dst>
            <dst id="SNVAng">12123.5386666667</dst>
            <dst id="STTLng">38851.5146666667</dst>
            <dst id="WASHng">255340.845333333</dst>
        </src>
    </IntraTM>
</TrafficMatrixFile>
