<?xml version="1.0" encoding="ISO-8859-1" standalone="yes"?>
<TrafficMatrixFile xsi:noNamespaceSchemaLocation="http://totem.run.montefiore.ulg.ac.be/Schema/TrafficMatrix-v1_2.xsd" xmlns:xsi="http://www.w3.org/2001/XMLSchema-instance">
    <IntraTM ASID="11537">
        <src id="ATLA-M5">
            <dst id="ATLA-M5">26.6666666666667</dst>
            <dst id="ATLAng">159.514666666667</dst>
            <dst id="CHINng">1450.94666666667</dst>
            <dst id="DNVRng">26.6666666666667</dst>
            <dst id="HSTNng">63.5333333333333</dst>
            <dst id="IPLSng">1261.49066666667</dst>
            <dst id="KSCYng">135.157333333333</dst>
            <dst id="LOSAng">120.408</dst>
            <dst id="NYCMng">119.16</dst>
            <dst id="SNVAng">0</dst>
            <dst id="STTLng">603.808</dst>
            <dst id="WASHng">1719.46666666667</dst>
        </src>
        <src id="ATLAng">
            <dst id="ATLA-M5">216.288</dst>
            <dst id="ATLAng">35591.6693333333</dst>
            <dst id="CHINng">16319.992</dst>
            <dst id="DNVRng">8472.256</dst>
            <dst id="HSTNng">3945.048</dst>
            <dst id="IPLSng">22808.36</dst>
            <dst id="KSCYng">2496.65066666667</dst>
            <dst id="LOSAng">11856.4626666667</dst>
            <dst id="NYCMng">11814.6586666667</dst>
            <dst id="SNVAng">5099.30266666667</dst>
            <dst id="STTLng">18625.048</dst>
            <dst id="WASHng">60881.7333333334</dst>
        </src>
        <src id="CHINng">
            <dst id="ATLA-M5">1024.62133333333</dst>
            <dst id="ATLAng">22093.8453333333</dst>
            <dst id="CHINng">108081.109333333</dst>
            <dst id="DNVRng">7402.01333333333</dst>
            <dst id="HSTNng">10657.168</dst>
            <dst id="IPLSng">44656.9146666667</dst>
            <dst id="KSCYng">12239.3306666667</dst>
            <dst id="LOSAng">28607.7866666667</dst>
            <dst id="NYCMng">12728.3573333333</dst>
            <dst id="SNVAng">1912.74933333333</dst>
            <dst id="STTLng">26049.9013333333</dst>
            <dst id="WASHng">25928.008</dst>
        </src>
        <src id="DNVRng">
            <dst id="ATLA-M5">285</dst>
            <dst id="ATLAng">15033.44</dst>
            <dst id="CHINng">58018.944</dst>
            <dst id="DNVRng">2927.896</dst>
            <dst id="HSTNng">9806.592</dst>
            <dst id="IPLSng">11912.3893333333</dst>
            <dst id="KSCYng">12563.3973333333</dst>
            <dst id="LOSAng">7769.18933333333</dst>
            <dst id="NYCMng">14787.7626666667</dst>
            <dst id="SNVAng">5428.81333333333</dst>
            <dst id="STTLng">15899.336</dst>
            <dst id="WASHng">18030.832</dst>
        </src>
        <src id="HSTNng">
            <dst id="ATLA-M5">3218.96266666667</dst>
            <dst id="ATLAng">5985.57333333333</dst>
            <dst id="CHINng">12015.6213333333</dst>
            <dst id="DNVRng">955.504</dst>
            <dst id="HSTNng">13838.5573333333</dst>
            <dst id="IPLSng">2599.85866666667</dst>
            <dst id="KSCYng">4062.40266666667</dst>
            <dst id="LOSAng">2181.71466666667</dst>
            <dst id="NYCMng">3067.46933333333</dst>
            <dst id="SNVAng">163.184</dst>
            <dst id="STTLng">6599.89066666666</dst>
            <dst id="WASHng">3235.256</dst>
        </src>
        <src id="IPLSng">
            <dst id="ATLA-M5">131.693333333333</dst>
            <dst id="ATLAng">13310.696</dst>
            <dst id="CHINng">96660.472</dst>
            <dst id="DNVRng">13360.9786666667</dst>
            <dst id="HSTNng">1720.288</dst>
            <dst id="IPLSng">18223.8026666667</dst>
            <dst id="KSCYng">9603.83466666667</dst>
            <dst id="LOSAng">12388.3733333333</dst>
            <dst id="NYCMng">13076.2293333333</dst>
            <dst id="SNVAng">331.304</dst>
            <dst id="STTLng">34096.9973333333</dst>
            <dst id="WASHng">29579.9306666667</dst>
        </src>
        <src id="KSCYng">
            <dst id="ATLA-M5">311.069333333333</dst>
            <dst id="ATLAng">5871.26133333333</dst>
            <dst id="CHINng">27783.8186666667</dst>
            <dst id="DNVRng">6669.568</dst>
            <dst id="HSTNng">2586.63733333333</dst>
            <dst id="IPLSng">9984.96266666667</dst>
            <dst id="KSCYng">5803.4</dst>
            <dst id="LOSAng">2572.23733333333</dst>
            <dst id="NYCMng">4138.312</dst>
            <dst id="SNVAng">2544.76266666667</dst>
            <dst id="STTLng">11028.376</dst>
            <dst id="WASHng">11858.1226666667</dst>
        </src>
        <src id="LOSAng">
            <dst id="ATLA-M5">26.6666666666667</dst>
            <dst id="ATLAng">9790.536</dst>
            <dst id="CHINng">118279.394666667</dst>
            <dst id="DNVRng">11099.5573333333</dst>
            <dst id="HSTNng">17365.0453333333</dst>
            <dst id="IPLSng">13901.6266666667</dst>
            <dst id="KSCYng">2406.90933333333</dst>
            <dst id="LOSAng">11932.5173333333</dst>
            <dst id="NYCMng">54797.6426666667</dst>
            <dst id="SNVAng">17708.3226666667</dst>
            <dst id="STTLng">50605.1333333333</dst>
            <dst id="WASHng">53328.4506666666</dst>
        </src>
        <src id="NYCMng">
            <dst id="ATLA-M5">3138.21333333333</dst>
            <dst id="ATLAng">34218.512</dst>
            <dst id="CHINng">28128.8853333333</dst>
            <dst id="DNVRng">13074.8453333333</dst>
            <dst id="HSTNng">3642.29066666667</dst>
            <dst id="IPLSng">30781.88</dst>
            <dst id="KSCYng">8439.81066666667</dst>
            <dst id="LOSAng">48143.0506666667</dst>
            <dst id="NYCMng">110699.781333333</dst>
            <dst id="SNVAng">476.533333333333</dst>
            <dst id="STTLng">26927.9573333333</dst>
            <dst id="WASHng">73879.288</dst>
        </src>
        <src id="SNVAng">
            <dst id="ATLA-M5">0</dst>
            <dst id="ATLAng">338.762666666667</dst>
            <dst id="CHINng">102.362666666667</dst>
            <dst id="DNVRng">9245.55733333333</dst>
            <dst id="HSTNng">83.6213333333333</dst>
            <dst id="IPLSng">341.712</dst>
            <dst id="KSCYng">181.530666666667</dst>
            <dst id="LOSAng">8272.528</dst>
            <dst id="NYCMng">192.656</dst>
            <dst id="SNVAng">8514.872</dst>
            <dst id="STTLng">18165.0533333333</dst>
            <dst id="WASHng">80.4506666666667</dst>
        </src>
        <src id="STTLng">
            <dst id="ATLA-M5">2169.02133333333</dst>
            <dst id="ATLAng">50389.1173333333</dst>
            <dst id="CHINng">81751.8133333333</dst>
            <dst id="DNVRng">7983.28266666667</dst>
            <dst id="HSTNng">16412.9386666667</dst>
            <dst id="IPLSng">53948.736</dst>
            <dst id="KSCYng">32027.1066666667</dst>
            <dst id="LOSAng">31219.568</dst>
            <dst id="NYCMng">21638.3226666667</dst>
            <dst id="SNVAng">1204.86666666667</dst>
            <dst id="STTLng">13153.3066666667</dst>
            <dst id="WASHng">73359.4346666667</dst>
        </src>
        <src id="WASHng">
            <dst id="ATLA-M5">290.626666666667</dst>
            <dst id="ATLAng">94964.84</dst>
            <dst id="CHINng">52665.4133333333</dst>
            <dst id="DNVRng">51879.6453333333</dst>
            <dst id="HSTNng">21993.9253333333</dst>
            <dst id="IPLSng">52692.7626666667</dst>
            <dst id="KSCYng">16964.9653333333</dst>
            <dst id="LOSAng">66824.7066666667</dst>
            <dst id="NYCMng">143738.288</dst>
            <dst id="SNVAng">1577.008</dst>
            <dst id="STTLng">77549.2906666667</dst>
            <dst id="WASHng">316408.933333333</dst>
        </src>
    </IntraTM>
</TrafficMatrixFile>
