<?xml version="1.0" encoding="ISO-8859-1" standalone="yes"?>
<TrafficMatrixFile xsi:noNamespaceSchemaLocation="http://totem.run.montefiore.ulg.ac.be/Schema/TrafficMatrix-v1_2.xsd" xmlns:xsi="http://www.w3.org/2001/XMLSchema-instance">
    <IntraTM ASID="11537">
        <src id="ATLA-M5">
            <dst id="ATLA-M5">53.3333333333333</dst>
            <dst id="ATLAng">590.368</dst>
            <dst id="CHINng">2456.07466666667</dst>
            <dst id="DNVRng">454.306666666667</dst>
            <dst id="HSTNng">697.658666666667</dst>
            <dst id="IPLSng">1815.16266666667</dst>
            <dst id="KSCYng">458.346666666667</dst>
            <dst id="LOSAng">156.789333333333</dst>
            <dst id="NYCMng">1274.4</dst>
            <dst id="SNVAng">0</dst>
            <dst id="STTLng">927.469333333333</dst>
            <dst id="WASHng">2765.30666666667</dst>
        </src>
        <src id="ATLAng">
            <dst id="ATLA-M5">485.866666666667</dst>
            <dst id="ATLAng">32592.64</dst>
            <dst id="CHINng">22180.4693333333</dst>
            <dst id="DNVRng">5222.13066666667</dst>
            <dst id="HSTNng">9530.20533333334</dst>
            <dst id="IPLSng">23410.936</dst>
            <dst id="KSCYng">5962.34133333333</dst>
            <dst id="LOSAng">18456.3786666667</dst>
            <dst id="NYCMng">10206.0746666667</dst>
            <dst id="SNVAng">989.048</dst>
            <dst id="STTLng">12553.2186666667</dst>
            <dst id="WASHng">44618.944</dst>
        </src>
        <src id="CHINng">
            <dst id="ATLA-M5">2814.86133333333</dst>
            <dst id="ATLAng">23358.4906666667</dst>
            <dst id="CHINng">108908.258666667</dst>
            <dst id="DNVRng">10660.8906666667</dst>
            <dst id="HSTNng">15280.8693333333</dst>
            <dst id="IPLSng">62691.9093333333</dst>
            <dst id="KSCYng">15668.848</dst>
            <dst id="LOSAng">43430.32</dst>
            <dst id="NYCMng">12441.3066666667</dst>
            <dst id="SNVAng">4586.01333333333</dst>
            <dst id="STTLng">21500.32</dst>
            <dst id="WASHng">37981.992</dst>
        </src>
        <src id="DNVRng">
            <dst id="ATLA-M5">408.472</dst>
            <dst id="ATLAng">4837.21066666667</dst>
            <dst id="CHINng">44647.9066666667</dst>
            <dst id="DNVRng">13217.832</dst>
            <dst id="HSTNng">13168.0533333333</dst>
            <dst id="IPLSng">9941.35733333333</dst>
            <dst id="KSCYng">22019.9946666667</dst>
            <dst id="LOSAng">13129.5946666667</dst>
            <dst id="NYCMng">6800.32266666667</dst>
            <dst id="SNVAng">12679.1093333333</dst>
            <dst id="STTLng">28088.6933333333</dst>
            <dst id="WASHng">23641.976</dst>
        </src>
        <src id="HSTNng">
            <dst id="ATLA-M5">3890.352</dst>
            <dst id="ATLAng">7454.93333333333</dst>
            <dst id="CHINng">27494.696</dst>
            <dst id="DNVRng">1740.90133333333</dst>
            <dst id="HSTNng">20761.616</dst>
            <dst id="IPLSng">5966.89866666667</dst>
            <dst id="KSCYng">10946.72</dst>
            <dst id="LOSAng">9732.11466666666</dst>
            <dst id="NYCMng">3259.73866666667</dst>
            <dst id="SNVAng">144.818666666667</dst>
            <dst id="STTLng">6383.04</dst>
            <dst id="WASHng">6999.15733333333</dst>
        </src>
        <src id="IPLSng">
            <dst id="ATLA-M5">658.605333333333</dst>
            <dst id="ATLAng">10940.4613333333</dst>
            <dst id="CHINng">45637.1573333333</dst>
            <dst id="DNVRng">6220.78133333334</dst>
            <dst id="HSTNng">6838.51733333333</dst>
            <dst id="IPLSng">9590.88</dst>
            <dst id="KSCYng">9987.96533333333</dst>
            <dst id="LOSAng">16225.4773333333</dst>
            <dst id="NYCMng">8996.592</dst>
            <dst id="SNVAng">877.68</dst>
            <dst id="STTLng">40333.3306666667</dst>
            <dst id="WASHng">18641.696</dst>
        </src>
        <src id="KSCYng">
            <dst id="ATLA-M5">475.658666666667</dst>
            <dst id="ATLAng">6753.26666666667</dst>
            <dst id="CHINng">23402.9893333333</dst>
            <dst id="DNVRng">8208.51466666667</dst>
            <dst id="HSTNng">5029.888</dst>
            <dst id="IPLSng">19052.2533333333</dst>
            <dst id="KSCYng">17562.5973333333</dst>
            <dst id="LOSAng">6777.216</dst>
            <dst id="NYCMng">5451.03733333333</dst>
            <dst id="SNVAng">3035.69333333333</dst>
            <dst id="STTLng">9792.15733333333</dst>
            <dst id="WASHng">16559.9253333333</dst>
        </src>
        <src id="LOSAng">
            <dst id="ATLA-M5">246.818666666667</dst>
            <dst id="ATLAng">13040.1066666667</dst>
            <dst id="CHINng">6335161.33333333</dst>
            <dst id="DNVRng">15957.256</dst>
            <dst id="HSTNng">4178.77866666667</dst>
            <dst id="IPLSng">24972.9066666667</dst>
            <dst id="KSCYng">13343.6</dst>
            <dst id="LOSAng">26305.92</dst>
            <dst id="NYCMng">43522.592</dst>
            <dst id="SNVAng">21471.3653333333</dst>
            <dst id="STTLng">67396.808</dst>
            <dst id="WASHng">59917.552</dst>
        </src>
        <src id="NYCMng">
            <dst id="ATLA-M5">508.538666666667</dst>
            <dst id="ATLAng">35865.0186666667</dst>
            <dst id="CHINng">34553.3653333333</dst>
            <dst id="DNVRng">20043.8746666667</dst>
            <dst id="HSTNng">15062.136</dst>
            <dst id="IPLSng">31511.5573333333</dst>
            <dst id="KSCYng">14089.256</dst>
            <dst id="LOSAng">67036.0693333333</dst>
            <dst id="NYCMng">98258.8826666667</dst>
            <dst id="SNVAng">4742.17866666667</dst>
            <dst id="STTLng">27528.9866666667</dst>
            <dst id="WASHng">91424.1413333333</dst>
        </src>
        <src id="SNVAng">
            <dst id="ATLA-M5">0</dst>
            <dst id="ATLAng">26.6666666666667</dst>
            <dst id="CHINng">0</dst>
            <dst id="DNVRng">338.392</dst>
            <dst id="HSTNng">26.6666666666667</dst>
            <dst id="IPLSng">494.608</dst>
            <dst id="KSCYng">28.0186666666667</dst>
            <dst id="LOSAng">6710.81333333333</dst>
            <dst id="NYCMng">105.101333333333</dst>
            <dst id="SNVAng">8836.99733333333</dst>
            <dst id="STTLng">18979.5066666667</dst>
            <dst id="WASHng">63.5573333333333</dst>
        </src>
        <src id="STTLng">
            <dst id="ATLA-M5">968.864</dst>
            <dst id="ATLAng">29517.9333333333</dst>
            <dst id="CHINng">40946.8373333333</dst>
            <dst id="DNVRng">16567.2613333333</dst>
            <dst id="HSTNng">10561.5573333333</dst>
            <dst id="IPLSng">36417.3973333333</dst>
            <dst id="KSCYng">19058.4293333333</dst>
            <dst id="LOSAng">41413.392</dst>
            <dst id="NYCMng">9780.896</dst>
            <dst id="SNVAng">3456.57333333333</dst>
            <dst id="STTLng">25593.8213333333</dst>
            <dst id="WASHng">38227.4</dst>
        </src>
        <src id="WASHng">
            <dst id="ATLA-M5">1972.232</dst>
            <dst id="ATLAng">177877.925333333</dst>
            <dst id="CHINng">88193.752</dst>
            <dst id="DNVRng">72985.4826666667</dst>
            <dst id="HSTNng">40574.92</dst>
            <dst id="IPLSng">65641.7386666666</dst>
            <dst id="KSCYng">22533.472</dst>
            <dst id="LOSAng">71767.7066666667</dst>
            <dst id="NYCMng">180174.605333333</dst>
            <dst id="SNVAng">2878.57066666667</dst>
            <dst id="STTLng">51707.2906666667</dst>
            <dst id="WASHng">200863.018666667</dst>
        </src>
    </IntraTM>
</TrafficMatrixFile>
