<?xml version="1.0" encoding="ISO-8859-1" standalone="yes"?>
<TrafficMatrixFile xsi:noNamespaceSchemaLocation="http://totem.run.montefiore.ulg.ac.be/Schema/TrafficMatrix-v1_2.xsd" xmlns:xsi="http://www.w3.org/2001/XMLSchema-instance">
    <IntraTM ASID="11537">
        <src id="ATLA-M5">
            <dst id="ATLA-M5">26.6666666666667</dst>
            <dst id="ATLAng">278.253333333333</dst>
            <dst id="CHINng">710.562666666667</dst>
            <dst id="DNVRng">80</dst>
            <dst id="HSTNng">100.056</dst>
            <dst id="IPLSng">225.781333333333</dst>
            <dst id="KSCYng">154.810666666667</dst>
            <dst id="LOSAng">66.6666666666667</dst>
            <dst id="NYCMng">1183.14933333333</dst>
            <dst id="SNVAng">13.3333333333333</dst>
            <dst id="STTLng">269.330666666667</dst>
            <dst id="WASHng">1212.928</dst>
        </src>
        <src id="ATLAng">
            <dst id="ATLA-M5">311.576</dst>
            <dst id="ATLAng">56173.6213333333</dst>
            <dst id="CHINng">10413.0746666667</dst>
            <dst id="DNVRng">7916.65866666667</dst>
            <dst id="HSTNng">13536.008</dst>
            <dst id="IPLSng">17989.0586666667</dst>
            <dst id="KSCYng">3366.78933333333</dst>
            <dst id="LOSAng">15462.528</dst>
            <dst id="NYCMng">7082.34666666667</dst>
            <dst id="SNVAng">464.157333333333</dst>
            <dst id="STTLng">8175.016</dst>
            <dst id="WASHng">34808.04</dst>
        </src>
        <src id="CHINng">
            <dst id="ATLA-M5">377.010666666667</dst>
            <dst id="ATLAng">12006.5973333333</dst>
            <dst id="CHINng">99627.6693333333</dst>
            <dst id="DNVRng">11363.9626666667</dst>
            <dst id="HSTNng">7829.816</dst>
            <dst id="IPLSng">41016.3573333333</dst>
            <dst id="KSCYng">11289.392</dst>
            <dst id="LOSAng">25834.128</dst>
            <dst id="NYCMng">11148.28</dst>
            <dst id="SNVAng">4018.32533333333</dst>
            <dst id="STTLng">16550.9653333333</dst>
            <dst id="WASHng">13572.3786666667</dst>
        </src>
        <src id="DNVRng">
            <dst id="ATLA-M5">633.784</dst>
            <dst id="ATLAng">7879.256</dst>
            <dst id="CHINng">44926.3466666667</dst>
            <dst id="DNVRng">19351.072</dst>
            <dst id="HSTNng">14088.6026666667</dst>
            <dst id="IPLSng">11609.5146666667</dst>
            <dst id="KSCYng">25172.5386666667</dst>
            <dst id="LOSAng">12012.656</dst>
            <dst id="NYCMng">5892.27466666667</dst>
            <dst id="SNVAng">9515.256</dst>
            <dst id="STTLng">14306.4186666667</dst>
            <dst id="WASHng">20424.9013333333</dst>
        </src>
        <src id="HSTNng">
            <dst id="ATLA-M5">3310.81866666667</dst>
            <dst id="ATLAng">3640.21866666667</dst>
            <dst id="CHINng">24796.1066666667</dst>
            <dst id="DNVRng">3461.664</dst>
            <dst id="HSTNng">18192.7786666667</dst>
            <dst id="IPLSng">2289.00533333333</dst>
            <dst id="KSCYng">9195.46933333333</dst>
            <dst id="LOSAng">2865.16</dst>
            <dst id="NYCMng">4192.968</dst>
            <dst id="SNVAng">0</dst>
            <dst id="STTLng">4471.74933333333</dst>
            <dst id="WASHng">8906.192</dst>
        </src>
        <src id="IPLSng">
            <dst id="ATLA-M5">59.112</dst>
            <dst id="ATLAng">5033.304</dst>
            <dst id="CHINng">72303.2133333333</dst>
            <dst id="DNVRng">5426.288</dst>
            <dst id="HSTNng">1273.97333333333</dst>
            <dst id="IPLSng">10095.2853333333</dst>
            <dst id="KSCYng">6150.94133333333</dst>
            <dst id="LOSAng">13958.1173333333</dst>
            <dst id="NYCMng">5815.05866666667</dst>
            <dst id="SNVAng">550.821333333333</dst>
            <dst id="STTLng">14181.136</dst>
            <dst id="WASHng">14707.8186666667</dst>
        </src>
        <src id="KSCYng">
            <dst id="ATLA-M5">250.24</dst>
            <dst id="ATLAng">5006.248</dst>
            <dst id="CHINng">25676.232</dst>
            <dst id="DNVRng">8260.544</dst>
            <dst id="HSTNng">2693.74666666667</dst>
            <dst id="IPLSng">15715.3066666667</dst>
            <dst id="KSCYng">14267.048</dst>
            <dst id="LOSAng">4398.38933333333</dst>
            <dst id="NYCMng">4296.688</dst>
            <dst id="SNVAng">2344.136</dst>
            <dst id="STTLng">12595.3333333333</dst>
            <dst id="WASHng">12327.656</dst>
        </src>
        <src id="LOSAng">
            <dst id="ATLA-M5">26.6666666666667</dst>
            <dst id="ATLAng">7414.26933333333</dst>
            <dst id="CHINng">94931.0586666667</dst>
            <dst id="DNVRng">8116.56</dst>
            <dst id="HSTNng">2026.77866666667</dst>
            <dst id="IPLSng">22760.544</dst>
            <dst id="KSCYng">2272.31733333333</dst>
            <dst id="LOSAng">12152.0133333333</dst>
            <dst id="NYCMng">24867.984</dst>
            <dst id="SNVAng">19724.0906666667</dst>
            <dst id="STTLng">41094.448</dst>
            <dst id="WASHng">36973.9466666667</dst>
        </src>
        <src id="NYCMng">
            <dst id="ATLA-M5">1488.48266666667</dst>
            <dst id="ATLAng">22228.512</dst>
            <dst id="CHINng">29334.2986666667</dst>
            <dst id="DNVRng">17547.184</dst>
            <dst id="HSTNng">10104.424</dst>
            <dst id="IPLSng">20350.984</dst>
            <dst id="KSCYng">10835.4853333333</dst>
            <dst id="LOSAng">40606.1493333333</dst>
            <dst id="NYCMng">85872.9573333333</dst>
            <dst id="SNVAng">2781.856</dst>
            <dst id="STTLng">14029.9733333333</dst>
            <dst id="WASHng">48570.2533333333</dst>
        </src>
        <src id="SNVAng">
            <dst id="ATLA-M5">0</dst>
            <dst id="ATLAng">0</dst>
            <dst id="CHINng">26.6666666666667</dst>
            <dst id="DNVRng">5624</dst>
            <dst id="HSTNng">63.36</dst>
            <dst id="IPLSng">288.445333333333</dst>
            <dst id="KSCYng">0</dst>
            <dst id="LOSAng">3734.872</dst>
            <dst id="NYCMng">477.762666666667</dst>
            <dst id="SNVAng">5431.62666666667</dst>
            <dst id="STTLng">14965.584</dst>
            <dst id="WASHng">80</dst>
        </src>
        <src id="STTLng">
            <dst id="ATLA-M5">376.229333333333</dst>
            <dst id="ATLAng">10034.3466666667</dst>
            <dst id="CHINng">31782.896</dst>
            <dst id="DNVRng">3146.05333333333</dst>
            <dst id="HSTNng">2047.60266666667</dst>
            <dst id="IPLSng">8735.53066666667</dst>
            <dst id="KSCYng">4883.08533333333</dst>
            <dst id="LOSAng">38939.304</dst>
            <dst id="NYCMng">8656.976</dst>
            <dst id="SNVAng">1700.93866666667</dst>
            <dst id="STTLng">21553.536</dst>
            <dst id="WASHng">8470.57066666667</dst>
        </src>
        <src id="WASHng">
            <dst id="ATLA-M5">305.949333333333</dst>
            <dst id="ATLAng">79383.9573333333</dst>
            <dst id="CHINng">79213.7333333333</dst>
            <dst id="DNVRng">53787.8293333333</dst>
            <dst id="HSTNng">21217.36</dst>
            <dst id="IPLSng">32856.3146666667</dst>
            <dst id="KSCYng">22545.7253333333</dst>
            <dst id="LOSAng">90609.6746666667</dst>
            <dst id="NYCMng">179651.330666667</dst>
            <dst id="SNVAng">4659.90133333333</dst>
            <dst id="STTLng">32824.8746666667</dst>
            <dst id="WASHng">286315.493333333</dst>
        </src>
    </IntraTM>
</TrafficMatrixFile>
