<?xml version="1.0" encoding="ISO-8859-1" standalone="yes"?>
<TrafficMatrixFile xsi:noNamespaceSchemaLocation="http://totem.run.montefiore.ulg.ac.be/Schema/TrafficMatrix-v1_2.xsd" xmlns:xsi="http://www.w3.org/2001/XMLSchema-instance">
    <IntraTM ASID="11537">
        <src id="ATLA-M5">
            <dst id="ATLA-M5">141.298666666667</dst>
            <dst id="ATLAng">1206.544</dst>
            <dst id="CHINng">2661.29866666667</dst>
            <dst id="DNVRng">106.666666666667</dst>
            <dst id="HSTNng">106.666666666667</dst>
            <dst id="IPLSng">1656.912</dst>
            <dst id="KSCYng">434.376</dst>
            <dst id="LOSAng">60.4826666666667</dst>
            <dst id="NYCMng">541.045333333333</dst>
            <dst id="SNVAng">33.816</dst>
            <dst id="STTLng">1345.21333333333</dst>
            <dst id="WASHng">1714.048</dst>
        </src>
        <src id="ATLAng">
            <dst id="ATLA-M5">556.461333333333</dst>
            <dst id="ATLAng">32083.136</dst>
            <dst id="CHINng">27171.968</dst>
            <dst id="DNVRng">7832.04266666667</dst>
            <dst id="HSTNng">9715.81333333333</dst>
            <dst id="IPLSng">33068.4773333333</dst>
            <dst id="KSCYng">6177.24</dst>
            <dst id="LOSAng">9859.292</dst>
            <dst id="NYCMng">15365.8266666667</dst>
            <dst id="SNVAng">1171.732</dst>
            <dst id="STTLng">23785.008</dst>
            <dst id="WASHng">53905.3333333333</dst>
        </src>
        <src id="CHINng">
            <dst id="ATLA-M5">1011.67466666667</dst>
            <dst id="ATLAng">24206.408</dst>
            <dst id="CHINng">159891.354666667</dst>
            <dst id="DNVRng">16299.512</dst>
            <dst id="HSTNng">7933.4</dst>
            <dst id="IPLSng">63827.2373333333</dst>
            <dst id="KSCYng">28951.8533333333</dst>
            <dst id="LOSAng">48147.368</dst>
            <dst id="NYCMng">28881.0186666667</dst>
            <dst id="SNVAng">3233.77333333333</dst>
            <dst id="STTLng">36823.88</dst>
            <dst id="WASHng">45071.8293333333</dst>
        </src>
        <src id="DNVRng">
            <dst id="ATLA-M5">358.064</dst>
            <dst id="ATLAng">12300.264</dst>
            <dst id="CHINng">37754.5573333333</dst>
            <dst id="DNVRng">18147.4853333333</dst>
            <dst id="HSTNng">9660.42666666667</dst>
            <dst id="IPLSng">17949.2506666667</dst>
            <dst id="KSCYng">26315.4933333333</dst>
            <dst id="LOSAng">27876.8826666667</dst>
            <dst id="NYCMng">14594</dst>
            <dst id="SNVAng">39697.752</dst>
            <dst id="STTLng">34015.7226666667</dst>
            <dst id="WASHng">33128.6186666667</dst>
        </src>
        <src id="HSTNng">
            <dst id="ATLA-M5">1350.13066666667</dst>
            <dst id="ATLAng">7837.87733333333</dst>
            <dst id="CHINng">15867.0266666667</dst>
            <dst id="DNVRng">1755.408</dst>
            <dst id="HSTNng">13493.64</dst>
            <dst id="IPLSng">8378.25866666667</dst>
            <dst id="KSCYng">11420.6506666667</dst>
            <dst id="LOSAng">9521.616</dst>
            <dst id="NYCMng">7621.70933333333</dst>
            <dst id="SNVAng">1249.48</dst>
            <dst id="STTLng">13528.296</dst>
            <dst id="WASHng">11184.4773333333</dst>
        </src>
        <src id="IPLSng">
            <dst id="ATLA-M5">876.461333333333</dst>
            <dst id="ATLAng">21134.5413333333</dst>
            <dst id="CHINng">86519.816</dst>
            <dst id="DNVRng">6703.84266666667</dst>
            <dst id="HSTNng">6846.24</dst>
            <dst id="IPLSng">23272.7493333333</dst>
            <dst id="KSCYng">19915.856</dst>
            <dst id="LOSAng">18799.072</dst>
            <dst id="NYCMng">18215.6586666667</dst>
            <dst id="SNVAng">3585.08266666667</dst>
            <dst id="STTLng">35860.2613333333</dst>
            <dst id="WASHng">25474.968</dst>
        </src>
        <src id="KSCYng">
            <dst id="ATLA-M5">384.530666666667</dst>
            <dst id="ATLAng">11843.072</dst>
            <dst id="CHINng">30298.4853333333</dst>
            <dst id="DNVRng">9068.70133333333</dst>
            <dst id="HSTNng">5055.424</dst>
            <dst id="IPLSng">18026.2853333333</dst>
            <dst id="KSCYng">16461.4986666667</dst>
            <dst id="LOSAng">4390.744</dst>
            <dst id="NYCMng">9552.41066666667</dst>
            <dst id="SNVAng">1706.53866666667</dst>
            <dst id="STTLng">14071.488</dst>
            <dst id="WASHng">19668.2213333333</dst>
        </src>
        <src id="LOSAng">
            <dst id="ATLA-M5">265.493333333333</dst>
            <dst id="ATLAng">10354.296</dst>
            <dst id="CHINng">101238.762666667</dst>
            <dst id="DNVRng">29161.952</dst>
            <dst id="HSTNng">8297.73333333333</dst>
            <dst id="IPLSng">28279.696</dst>
            <dst id="KSCYng">9839.42933333333</dst>
            <dst id="LOSAng">9346.77866666667</dst>
            <dst id="NYCMng">36265.568</dst>
            <dst id="SNVAng">25492.2586666667</dst>
            <dst id="STTLng">77409</dst>
            <dst id="WASHng">56611.5493333333</dst>
        </src>
        <src id="NYCMng">
            <dst id="ATLA-M5">3204.704</dst>
            <dst id="ATLAng">52754.3733333333</dst>
            <dst id="CHINng">46438.1146666667</dst>
            <dst id="DNVRng">34635.3386666667</dst>
            <dst id="HSTNng">14373.0106666667</dst>
            <dst id="IPLSng">33106.4746666667</dst>
            <dst id="KSCYng">20698.3173333333</dst>
            <dst id="LOSAng">57726.7973333333</dst>
            <dst id="NYCMng">239694.061333333</dst>
            <dst id="SNVAng">6195.58133333333</dst>
            <dst id="STTLng">23049.1973333333</dst>
            <dst id="WASHng">131697.882666667</dst>
        </src>
        <src id="SNVAng">
            <dst id="ATLA-M5">0</dst>
            <dst id="ATLAng">53.3333333333333</dst>
            <dst id="CHINng">330.154666666667</dst>
            <dst id="DNVRng">8841.29333333333</dst>
            <dst id="HSTNng">5076.86133333333</dst>
            <dst id="IPLSng">488.368</dst>
            <dst id="KSCYng">163.608</dst>
            <dst id="LOSAng">3991.27466666667</dst>
            <dst id="NYCMng">150.008</dst>
            <dst id="SNVAng">11092.9786666667</dst>
            <dst id="STTLng">17990.9866666667</dst>
            <dst id="WASHng">240.138666666667</dst>
        </src>
        <src id="STTLng">
            <dst id="ATLA-M5">7429.74133333334</dst>
            <dst id="ATLAng">66512.76</dst>
            <dst id="CHINng">109536.362666667</dst>
            <dst id="DNVRng">57793.5226666667</dst>
            <dst id="HSTNng">42087.2133333333</dst>
            <dst id="IPLSng">86495.1333333333</dst>
            <dst id="KSCYng">64515.664</dst>
            <dst id="LOSAng">12944.6026666667</dst>
            <dst id="NYCMng">31282.4053333333</dst>
            <dst id="SNVAng">8509.86933333333</dst>
            <dst id="STTLng">33480.984</dst>
            <dst id="WASHng">99673.2933333333</dst>
        </src>
        <src id="WASHng">
            <dst id="ATLA-M5">2436.976</dst>
            <dst id="ATLAng">122322.157333333</dst>
            <dst id="CHINng">75696.6746666667</dst>
            <dst id="DNVRng">65970.6346666667</dst>
            <dst id="HSTNng">39749.832</dst>
            <dst id="IPLSng">93959.1066666667</dst>
            <dst id="KSCYng">28599.28</dst>
            <dst id="LOSAng">88728.9733333333</dst>
            <dst id="NYCMng">224883.013333333</dst>
            <dst id="SNVAng">11244.368</dst>
            <dst id="STTLng">69094.2906666667</dst>
            <dst id="WASHng">350267.626666667</dst>
        </src>
    </IntraTM>
</TrafficMatrixFile>
