<?xml version="1.0" encoding="ISO-8859-1" standalone="yes"?>
<TrafficMatrixFile xsi:noNamespaceSchemaLocation="http://totem.run.montefiore.ulg.ac.be/Schema/TrafficMatrix-v1_2.xsd" xmlns:xsi="http://www.w3.org/2001/XMLSchema-instance">
    <IntraTM ASID="11537">
        <src id="ATLA-M5">
            <dst id="ATLA-M5">0</dst>
            <dst id="ATLAng">737.272</dst>
            <dst id="CHINng">1260.89866666667</dst>
            <dst id="DNVRng">319.922666666667</dst>
            <dst id="HSTNng">288.032</dst>
            <dst id="IPLSng">1131.86933333333</dst>
            <dst id="KSCYng">861.442666666667</dst>
            <dst id="LOSAng">272.653333333333</dst>
            <dst id="NYCMng">1473.27466666667</dst>
            <dst id="SNVAng">90.592</dst>
            <dst id="STTLng">925.744</dst>
            <dst id="WASHng">1160.24533333333</dst>
        </src>
        <src id="ATLAng">
            <dst id="ATLA-M5">661.352</dst>
            <dst id="ATLAng">44367.5706666667</dst>
            <dst id="CHINng">14233.912</dst>
            <dst id="DNVRng">7352.912</dst>
            <dst id="HSTNng">9274.968</dst>
            <dst id="IPLSng">28102.6933333333</dst>
            <dst id="KSCYng">10225.96</dst>
            <dst id="LOSAng">29434.3733333333</dst>
            <dst id="NYCMng">19817.448</dst>
            <dst id="SNVAng">1384.712</dst>
            <dst id="STTLng">15541.384</dst>
            <dst id="WASHng">54222.8906666667</dst>
        </src>
        <src id="CHINng">
            <dst id="ATLA-M5">2288.472</dst>
            <dst id="ATLAng">25202.0026666667</dst>
            <dst id="CHINng">74722.12</dst>
            <dst id="DNVRng">12291.9866666667</dst>
            <dst id="HSTNng">16310.8506666667</dst>
            <dst id="IPLSng">63842.4773333333</dst>
            <dst id="KSCYng">15509.4426666667</dst>
            <dst id="LOSAng">53576.8</dst>
            <dst id="NYCMng">16947.592</dst>
            <dst id="SNVAng">4063.75733333333</dst>
            <dst id="STTLng">24798.5146666667</dst>
            <dst id="WASHng">44568.7973333333</dst>
        </src>
        <src id="DNVRng">
            <dst id="ATLA-M5">258.690666666667</dst>
            <dst id="ATLAng">6406.608</dst>
            <dst id="CHINng">31931.2186666667</dst>
            <dst id="DNVRng">9289.79733333333</dst>
            <dst id="HSTNng">12099.016</dst>
            <dst id="IPLSng">17700.6186666667</dst>
            <dst id="KSCYng">13038.5466666667</dst>
            <dst id="LOSAng">9403.016</dst>
            <dst id="NYCMng">21178.7813333333</dst>
            <dst id="SNVAng">11504.7466666667</dst>
            <dst id="STTLng">27080.4293333333</dst>
            <dst id="WASHng">30802.3733333333</dst>
        </src>
        <src id="HSTNng">
            <dst id="ATLA-M5">467.258666666667</dst>
            <dst id="ATLAng">6767.82133333334</dst>
            <dst id="CHINng">14060.368</dst>
            <dst id="DNVRng">2907.65066666667</dst>
            <dst id="HSTNng">17601.96</dst>
            <dst id="IPLSng">6634.696</dst>
            <dst id="KSCYng">10409.344</dst>
            <dst id="LOSAng">44383.688</dst>
            <dst id="NYCMng">4249.10933333333</dst>
            <dst id="SNVAng">178.005333333333</dst>
            <dst id="STTLng">8160.52533333333</dst>
            <dst id="WASHng">6371.09866666666</dst>
        </src>
        <src id="IPLSng">
            <dst id="ATLA-M5">1510.28</dst>
            <dst id="ATLAng">14703.3253333333</dst>
            <dst id="CHINng">56167.6426666667</dst>
            <dst id="DNVRng">19303.4373333333</dst>
            <dst id="HSTNng">2782.97866666667</dst>
            <dst id="IPLSng">44379.0746666667</dst>
            <dst id="KSCYng">7860.58666666667</dst>
            <dst id="LOSAng">38217.7093333333</dst>
            <dst id="NYCMng">23064.5173333333</dst>
            <dst id="SNVAng">4733.17333333333</dst>
            <dst id="STTLng">41008.624</dst>
            <dst id="WASHng">35835.8053333333</dst>
        </src>
        <src id="KSCYng">
            <dst id="ATLA-M5">697.952</dst>
            <dst id="ATLAng">14532.424</dst>
            <dst id="CHINng">24398.88</dst>
            <dst id="DNVRng">10611.6586666667</dst>
            <dst id="HSTNng">5317.704</dst>
            <dst id="IPLSng">14425.84</dst>
            <dst id="KSCYng">7405.49066666667</dst>
            <dst id="LOSAng">6753.08266666667</dst>
            <dst id="NYCMng">6260.264</dst>
            <dst id="SNVAng">2581.36266666667</dst>
            <dst id="STTLng">10074.392</dst>
            <dst id="WASHng">15193.2</dst>
        </src>
        <src id="LOSAng">
            <dst id="ATLA-M5">310.898666666667</dst>
            <dst id="ATLAng">16144.0186666667</dst>
            <dst id="CHINng">6401717.6</dst>
            <dst id="DNVRng">10911.8266666667</dst>
            <dst id="HSTNng">14601.504</dst>
            <dst id="IPLSng">28147.4106666667</dst>
            <dst id="KSCYng">6072.552</dst>
            <dst id="LOSAng">14192.36</dst>
            <dst id="NYCMng">33845.4506666667</dst>
            <dst id="SNVAng">25100.9386666667</dst>
            <dst id="STTLng">79945.8213333333</dst>
            <dst id="WASHng">63693.624</dst>
        </src>
        <src id="NYCMng">
            <dst id="ATLA-M5">3257.28</dst>
            <dst id="ATLAng">34578.688</dst>
            <dst id="CHINng">21788.04</dst>
            <dst id="DNVRng">21316.568</dst>
            <dst id="HSTNng">10770.2746666667</dst>
            <dst id="IPLSng">39240.2266666667</dst>
            <dst id="KSCYng">15255.5786666667</dst>
            <dst id="LOSAng">77020.4826666666</dst>
            <dst id="NYCMng">80294.504</dst>
            <dst id="SNVAng">4618.808</dst>
            <dst id="STTLng">25398.6266666667</dst>
            <dst id="WASHng">91459.6106666666</dst>
        </src>
        <src id="SNVAng">
            <dst id="ATLA-M5">0</dst>
            <dst id="ATLAng">44</dst>
            <dst id="CHINng">133.333333333333</dst>
            <dst id="DNVRng">6307.35733333333</dst>
            <dst id="HSTNng">26.6666666666667</dst>
            <dst id="IPLSng">466.346666666667</dst>
            <dst id="KSCYng">0</dst>
            <dst id="LOSAng">11162.808</dst>
            <dst id="NYCMng">112.957333333333</dst>
            <dst id="SNVAng">11115.2693333333</dst>
            <dst id="STTLng">24481.408</dst>
            <dst id="WASHng">215.976</dst>
        </src>
        <src id="STTLng">
            <dst id="ATLA-M5">2411.78933333333</dst>
            <dst id="ATLAng">26946.1946666667</dst>
            <dst id="CHINng">48543.1066666667</dst>
            <dst id="DNVRng">24041.6373333333</dst>
            <dst id="HSTNng">18463.864</dst>
            <dst id="IPLSng">34303.4933333333</dst>
            <dst id="KSCYng">25848.0293333333</dst>
            <dst id="LOSAng">46167.2693333333</dst>
            <dst id="NYCMng">11258.072</dst>
            <dst id="SNVAng">5921.368</dst>
            <dst id="STTLng">42149.0213333333</dst>
            <dst id="WASHng">41445.8613333333</dst>
        </src>
        <src id="WASHng">
            <dst id="ATLA-M5">2318.60533333333</dst>
            <dst id="ATLAng">109190.28</dst>
            <dst id="CHINng">82696.1626666667</dst>
            <dst id="DNVRng">77757.776</dst>
            <dst id="HSTNng">28239.624</dst>
            <dst id="IPLSng">59227.3706666666</dst>
            <dst id="KSCYng">33547.464</dst>
            <dst id="LOSAng">103401.656</dst>
            <dst id="NYCMng">210022.648</dst>
            <dst id="SNVAng">12124.8933333333</dst>
            <dst id="STTLng">53774.9813333333</dst>
            <dst id="WASHng">241538.050666667</dst>
        </src>
    </IntraTM>
</TrafficMatrixFile>
