<?xml version="1.0" encoding="ISO-8859-1" standalone="yes"?>
<TrafficMatrixFile xsi:noNamespaceSchemaLocation="http://totem.run.montefiore.ulg.ac.be/Schema/TrafficMatrix-v1_2.xsd" xmlns:xsi="http://www.w3.org/2001/XMLSchema-instance">
    <IntraTM ASID="11537">
        <src id="ATLA-M5">
            <dst id="ATLA-M5">115.805333333333</dst>
            <dst id="ATLAng">1733.45066666667</dst>
            <dst id="CHINng">1142.77066666667</dst>
            <dst id="DNVRng">106.666666666667</dst>
            <dst id="HSTNng">783.685333333333</dst>
            <dst id="IPLSng">388.698666666667</dst>
            <dst id="KSCYng">230.464</dst>
            <dst id="LOSAng">150.090666666667</dst>
            <dst id="NYCMng">740.448</dst>
            <dst id="SNVAng">40</dst>
            <dst id="STTLng">1547.47466666667</dst>
            <dst id="WASHng">2606.73333333333</dst>
        </src>
        <src id="ATLAng">
            <dst id="ATLA-M5">670.514666666667</dst>
            <dst id="ATLAng">45235.4586666667</dst>
            <dst id="CHINng">23473.3973333333</dst>
            <dst id="DNVRng">3909.064</dst>
            <dst id="HSTNng">23263.68</dst>
            <dst id="IPLSng">20856.5626666667</dst>
            <dst id="KSCYng">8381.096</dst>
            <dst id="LOSAng">17494.6546666667</dst>
            <dst id="NYCMng">27939.432</dst>
            <dst id="SNVAng">1413.96666666667</dst>
            <dst id="STTLng">22825.8933333333</dst>
            <dst id="WASHng">62221.6693333333</dst>
        </src>
        <src id="CHINng">
            <dst id="ATLA-M5">946.776</dst>
            <dst id="ATLAng">32577.9946666667</dst>
            <dst id="CHINng">120506.048</dst>
            <dst id="DNVRng">18814.1093333333</dst>
            <dst id="HSTNng">21395.5653333333</dst>
            <dst id="IPLSng">124113.562666667</dst>
            <dst id="KSCYng">20214.1146666667</dst>
            <dst id="LOSAng">107420.016</dst>
            <dst id="NYCMng">16046.2693333333</dst>
            <dst id="SNVAng">7197.48533333333</dst>
            <dst id="STTLng">37330.3733333333</dst>
            <dst id="WASHng">43324.4426666667</dst>
        </src>
        <src id="DNVRng">
            <dst id="ATLA-M5">172.954666666667</dst>
            <dst id="ATLAng">10683.4506666667</dst>
            <dst id="CHINng">78493.0906666667</dst>
            <dst id="DNVRng">17210.736</dst>
            <dst id="HSTNng">26221.952</dst>
            <dst id="IPLSng">31357.5813333333</dst>
            <dst id="KSCYng">28447.696</dst>
            <dst id="LOSAng">19322.544</dst>
            <dst id="NYCMng">17733.0426666667</dst>
            <dst id="SNVAng">20016.0906666667</dst>
            <dst id="STTLng">32644.1653333333</dst>
            <dst id="WASHng">39925.6773333333</dst>
        </src>
        <src id="HSTNng">
            <dst id="ATLA-M5">421.536</dst>
            <dst id="ATLAng">6292.03733333333</dst>
            <dst id="CHINng">19996.3786666667</dst>
            <dst id="DNVRng">6200.45333333333</dst>
            <dst id="HSTNng">23248.5973333333</dst>
            <dst id="IPLSng">6339.23466666667</dst>
            <dst id="KSCYng">10425.6586666667</dst>
            <dst id="LOSAng">47786.9546666667</dst>
            <dst id="NYCMng">4284.98666666667</dst>
            <dst id="SNVAng">556.746666666667</dst>
            <dst id="STTLng">13201.0613333333</dst>
            <dst id="WASHng">14145.976</dst>
        </src>
        <src id="IPLSng">
            <dst id="ATLA-M5">424.890666666667</dst>
            <dst id="ATLAng">19748.0026666667</dst>
            <dst id="CHINng">78035.264</dst>
            <dst id="DNVRng">12415.16</dst>
            <dst id="HSTNng">13514.56</dst>
            <dst id="IPLSng">28465.8133333333</dst>
            <dst id="KSCYng">20774.3493333333</dst>
            <dst id="LOSAng">24240.4133333333</dst>
            <dst id="NYCMng">25711.664</dst>
            <dst id="SNVAng">4405.82666666667</dst>
            <dst id="STTLng">37104.472</dst>
            <dst id="WASHng">44820.344</dst>
        </src>
        <src id="KSCYng">
            <dst id="ATLA-M5">410.597333333333</dst>
            <dst id="ATLAng">8677.696</dst>
            <dst id="CHINng">34472.2666666667</dst>
            <dst id="DNVRng">10585.384</dst>
            <dst id="HSTNng">4906.21333333333</dst>
            <dst id="IPLSng">23174.36</dst>
            <dst id="KSCYng">14694.2346666667</dst>
            <dst id="LOSAng">4397.38666666667</dst>
            <dst id="NYCMng">8990.18933333334</dst>
            <dst id="SNVAng">3796.89333333333</dst>
            <dst id="STTLng">15489.1466666667</dst>
            <dst id="WASHng">13468.9253333333</dst>
        </src>
        <src id="LOSAng">
            <dst id="ATLA-M5">353.109333333333</dst>
            <dst id="ATLAng">19536.8133333333</dst>
            <dst id="CHINng">122192.997333333</dst>
            <dst id="DNVRng">14697.6506666667</dst>
            <dst id="HSTNng">13430.6826666667</dst>
            <dst id="IPLSng">31422.0133333333</dst>
            <dst id="KSCYng">23797.2933333333</dst>
            <dst id="LOSAng">6945.63466666667</dst>
            <dst id="NYCMng">39236.2533333333</dst>
            <dst id="SNVAng">31154.8586666667</dst>
            <dst id="STTLng">71294.1626666667</dst>
            <dst id="WASHng">62564.384</dst>
        </src>
        <src id="NYCMng">
            <dst id="ATLA-M5">1113.976</dst>
            <dst id="ATLAng">62508.3013333333</dst>
            <dst id="CHINng">38206.272</dst>
            <dst id="DNVRng">17087.3386666667</dst>
            <dst id="HSTNng">24472.1493333333</dst>
            <dst id="IPLSng">60895.472</dst>
            <dst id="KSCYng">24225.2613333333</dst>
            <dst id="LOSAng">60479.2933333333</dst>
            <dst id="NYCMng">123427.776</dst>
            <dst id="SNVAng">9014.03466666667</dst>
            <dst id="STTLng">21990.392</dst>
            <dst id="WASHng">100681.861333333</dst>
        </src>
        <src id="SNVAng">
            <dst id="ATLA-M5">26.6666666666667</dst>
            <dst id="ATLAng">219.408</dst>
            <dst id="CHINng">155.797333333333</dst>
            <dst id="DNVRng">12077.576</dst>
            <dst id="HSTNng">415.386666666667</dst>
            <dst id="IPLSng">830.034666666666</dst>
            <dst id="KSCYng">77.3386666666667</dst>
            <dst id="LOSAng">12307.144</dst>
            <dst id="NYCMng">54.072</dst>
            <dst id="SNVAng">12787.7786666667</dst>
            <dst id="STTLng">25890.936</dst>
            <dst id="WASHng">444.194666666667</dst>
        </src>
        <src id="STTLng">
            <dst id="ATLA-M5">3682.94933333333</dst>
            <dst id="ATLAng">77685.048</dst>
            <dst id="CHINng">121332.848</dst>
            <dst id="DNVRng">38144.9493333333</dst>
            <dst id="HSTNng">42322.8293333333</dst>
            <dst id="IPLSng">94891.4986666667</dst>
            <dst id="KSCYng">72625.9146666667</dst>
            <dst id="LOSAng">16817.1146666667</dst>
            <dst id="NYCMng">38409.976</dst>
            <dst id="SNVAng">10495.904</dst>
            <dst id="STTLng">35482.464</dst>
            <dst id="WASHng">101173.762666667</dst>
        </src>
        <src id="WASHng">
            <dst id="ATLA-M5">4187.94133333333</dst>
            <dst id="ATLAng">115029.253333333</dst>
            <dst id="CHINng">121616.418666667</dst>
            <dst id="DNVRng">100866.709333333</dst>
            <dst id="HSTNng">28085.7546666667</dst>
            <dst id="IPLSng">68673.2053333333</dst>
            <dst id="KSCYng">26248.1066666667</dst>
            <dst id="LOSAng">81110.1626666667</dst>
            <dst id="NYCMng">256597.597333333</dst>
            <dst id="SNVAng">3439.59466666667</dst>
            <dst id="STTLng">63925.224</dst>
            <dst id="WASHng">300997.093333333</dst>
        </src>
    </IntraTM>
</TrafficMatrixFile>
