<?xml version="1.0" encoding="ISO-8859-1" standalone="yes"?>
<TrafficMatrixFile xsi:noNamespaceSchemaLocation="http://totem.run.montefiore.ulg.ac.be/Schema/TrafficMatrix-v1_2.xsd" xmlns:xsi="http://www.w3.org/2001/XMLSchema-instance">
    <IntraTM ASID="11537">
        <src id="ATLA-M5">
            <dst id="ATLA-M5">898.029333333334</dst>
            <dst id="ATLAng">1895.67466666667</dst>
            <dst id="CHINng">2302.80533333333</dst>
            <dst id="DNVRng">265.098666666667</dst>
            <dst id="HSTNng">563.336</dst>
            <dst id="IPLSng">960.592</dst>
            <dst id="KSCYng">445.050666666667</dst>
            <dst id="LOSAng">180.490666666667</dst>
            <dst id="NYCMng">1844.73333333333</dst>
            <dst id="SNVAng">40</dst>
            <dst id="STTLng">1284.45866666667</dst>
            <dst id="WASHng">1899.35733333333</dst>
        </src>
        <src id="ATLAng">
            <dst id="ATLA-M5">1823.12533333333</dst>
            <dst id="ATLAng">49793.3626666667</dst>
            <dst id="CHINng">47174.3973333333</dst>
            <dst id="DNVRng">6094.13066666667</dst>
            <dst id="HSTNng">31551.152</dst>
            <dst id="IPLSng">25413.24</dst>
            <dst id="KSCYng">17328.504</dst>
            <dst id="LOSAng">17190.492</dst>
            <dst id="NYCMng">9948.20533333333</dst>
            <dst id="SNVAng">1097.908</dst>
            <dst id="STTLng">22647.7493333333</dst>
            <dst id="WASHng">54979.5973333333</dst>
        </src>
        <src id="CHINng">
            <dst id="ATLA-M5">1142.29333333333</dst>
            <dst id="ATLAng">75604.944</dst>
            <dst id="CHINng">100570.656</dst>
            <dst id="DNVRng">13984.584</dst>
            <dst id="HSTNng">19256.984</dst>
            <dst id="IPLSng">86604.1413333333</dst>
            <dst id="KSCYng">23121.536</dst>
            <dst id="LOSAng">40505.2826666667</dst>
            <dst id="NYCMng">29015.0613333333</dst>
            <dst id="SNVAng">4985.944</dst>
            <dst id="STTLng">38542.248</dst>
            <dst id="WASHng">47492.9813333333</dst>
        </src>
        <src id="DNVRng">
            <dst id="ATLA-M5">536.88</dst>
            <dst id="ATLAng">23114.7226666667</dst>
            <dst id="CHINng">68087.336</dst>
            <dst id="DNVRng">18034.9626666667</dst>
            <dst id="HSTNng">21058.3493333333</dst>
            <dst id="IPLSng">23070.568</dst>
            <dst id="KSCYng">18444.1706666667</dst>
            <dst id="LOSAng">22231.248</dst>
            <dst id="NYCMng">15546.8373333333</dst>
            <dst id="SNVAng">21254.8533333333</dst>
            <dst id="STTLng">53327.2986666667</dst>
            <dst id="WASHng">31479.0373333333</dst>
        </src>
        <src id="HSTNng">
            <dst id="ATLA-M5">981.946666666667</dst>
            <dst id="ATLAng">16598.7946666667</dst>
            <dst id="CHINng">16921.6213333333</dst>
            <dst id="DNVRng">5556.56266666667</dst>
            <dst id="HSTNng">18963.9653333333</dst>
            <dst id="IPLSng">8190.74666666667</dst>
            <dst id="KSCYng">10175</dst>
            <dst id="LOSAng">7471.15733333333</dst>
            <dst id="NYCMng">5329.57333333333</dst>
            <dst id="SNVAng">1620.12533333333</dst>
            <dst id="STTLng">15529.2346666667</dst>
            <dst id="WASHng">18363.5493333333</dst>
        </src>
        <src id="IPLSng">
            <dst id="ATLA-M5">702.68</dst>
            <dst id="ATLAng">50020.9226666667</dst>
            <dst id="CHINng">100210.285333333</dst>
            <dst id="DNVRng">27269.672</dst>
            <dst id="HSTNng">9886.04533333334</dst>
            <dst id="IPLSng">24183.704</dst>
            <dst id="KSCYng">22458.0293333333</dst>
            <dst id="LOSAng">17651.2586666667</dst>
            <dst id="NYCMng">25830.7973333333</dst>
            <dst id="SNVAng">5307.41066666667</dst>
            <dst id="STTLng">40062.856</dst>
            <dst id="WASHng">43671.1493333333</dst>
        </src>
        <src id="KSCYng">
            <dst id="ATLA-M5">1195.184</dst>
            <dst id="ATLAng">6665.48</dst>
            <dst id="CHINng">33534.8266666667</dst>
            <dst id="DNVRng">9073.71466666667</dst>
            <dst id="HSTNng">4995.81866666667</dst>
            <dst id="IPLSng">25640.584</dst>
            <dst id="KSCYng">8979.392</dst>
            <dst id="LOSAng">7131.11466666667</dst>
            <dst id="NYCMng">6132.01866666667</dst>
            <dst id="SNVAng">2702.424</dst>
            <dst id="STTLng">15065.6186666667</dst>
            <dst id="WASHng">13059.2933333333</dst>
        </src>
        <src id="LOSAng">
            <dst id="ATLA-M5">483.546666666667</dst>
            <dst id="ATLAng">24244.3813333333</dst>
            <dst id="CHINng">93930.8586666667</dst>
            <dst id="DNVRng">73481.1626666667</dst>
            <dst id="HSTNng">28050.0213333333</dst>
            <dst id="IPLSng">44155.96</dst>
            <dst id="KSCYng">20822.4373333333</dst>
            <dst id="LOSAng">14589.976</dst>
            <dst id="NYCMng">45018.2853333333</dst>
            <dst id="SNVAng">29847.5386666667</dst>
            <dst id="STTLng">67348.424</dst>
            <dst id="WASHng">86501.2666666667</dst>
        </src>
        <src id="NYCMng">
            <dst id="ATLA-M5">2030.496</dst>
            <dst id="ATLAng">58294.1013333333</dst>
            <dst id="CHINng">39944.6853333333</dst>
            <dst id="DNVRng">34298.5546666667</dst>
            <dst id="HSTNng">23249.424</dst>
            <dst id="IPLSng">55432.9146666667</dst>
            <dst id="KSCYng">26353.3866666667</dst>
            <dst id="LOSAng">66998.1013333333</dst>
            <dst id="NYCMng">139373.552</dst>
            <dst id="SNVAng">8608.21866666667</dst>
            <dst id="STTLng">26173.704</dst>
            <dst id="WASHng">143565.736</dst>
        </src>
        <src id="SNVAng">
            <dst id="ATLA-M5">0</dst>
            <dst id="ATLAng">1334.448</dst>
            <dst id="CHINng">133.333333333333</dst>
            <dst id="DNVRng">18855.2106666667</dst>
            <dst id="HSTNng">26.6666666666667</dst>
            <dst id="IPLSng">852.026666666667</dst>
            <dst id="KSCYng">205.941333333333</dst>
            <dst id="LOSAng">8401.77066666667</dst>
            <dst id="NYCMng">166.010666666667</dst>
            <dst id="SNVAng">9356.50933333333</dst>
            <dst id="STTLng">21053.5466666667</dst>
            <dst id="WASHng">600.853333333333</dst>
        </src>
        <src id="STTLng">
            <dst id="ATLA-M5">5900.32266666667</dst>
            <dst id="ATLAng">75964.72</dst>
            <dst id="CHINng">111674.546666667</dst>
            <dst id="DNVRng">48561.408</dst>
            <dst id="HSTNng">42846.208</dst>
            <dst id="IPLSng">95828.6106666666</dst>
            <dst id="KSCYng">58810.3706666667</dst>
            <dst id="LOSAng">12738.296</dst>
            <dst id="NYCMng">29832.904</dst>
            <dst id="SNVAng">8077.52266666667</dst>
            <dst id="STTLng">47952.768</dst>
            <dst id="WASHng">131545.656</dst>
        </src>
        <src id="WASHng">
            <dst id="ATLA-M5">9890.78933333334</dst>
            <dst id="ATLAng">147025.186666667</dst>
            <dst id="CHINng">105214.381333333</dst>
            <dst id="DNVRng">85093.7786666667</dst>
            <dst id="HSTNng">24541.96</dst>
            <dst id="IPLSng">106459.696</dst>
            <dst id="KSCYng">26535.8613333333</dst>
            <dst id="LOSAng">90911.2</dst>
            <dst id="NYCMng">295892.293333333</dst>
            <dst id="SNVAng">17877.0293333333</dst>
            <dst id="STTLng">63021.1413333333</dst>
            <dst id="WASHng">243798.304</dst>
        </src>
    </IntraTM>
</TrafficMatrixFile>
