<?xml version="1.0" encoding="ISO-8859-1" standalone="yes"?>
<TrafficMatrixFile xsi:noNamespaceSchemaLocation="http://totem.run.montefiore.ulg.ac.be/Schema/TrafficMatrix-v1_2.xsd" xmlns:xsi="http://www.w3.org/2001/XMLSchema-instance">
    <IntraTM ASID="11537">
        <src id="ATLA-M5">
            <dst id="ATLA-M5">80.1066666666667</dst>
            <dst id="ATLAng">753.362666666667</dst>
            <dst id="CHINng">998.029333333334</dst>
            <dst id="DNVRng">413.992</dst>
            <dst id="HSTNng">262.194666666667</dst>
            <dst id="IPLSng">1114.39733333333</dst>
            <dst id="KSCYng">1063.264</dst>
            <dst id="LOSAng">159.613333333333</dst>
            <dst id="NYCMng">1265.62133333333</dst>
            <dst id="SNVAng">53.648</dst>
            <dst id="STTLng">529.288</dst>
            <dst id="WASHng">1483.62933333333</dst>
        </src>
        <src id="ATLAng">
            <dst id="ATLA-M5">659.837333333333</dst>
            <dst id="ATLAng">50705.088</dst>
            <dst id="CHINng">18084.7866666667</dst>
            <dst id="DNVRng">8359.42666666667</dst>
            <dst id="HSTNng">7802.22666666667</dst>
            <dst id="IPLSng">23774.608</dst>
            <dst id="KSCYng">7577.09066666667</dst>
            <dst id="LOSAng">26974.7573333333</dst>
            <dst id="NYCMng">12979.8</dst>
            <dst id="SNVAng">2536.65333333333</dst>
            <dst id="STTLng">14371.848</dst>
            <dst id="WASHng">34772.3466666667</dst>
        </src>
        <src id="CHINng">
            <dst id="ATLA-M5">904.112</dst>
            <dst id="ATLAng">34291.1813333333</dst>
            <dst id="CHINng">139334.205333333</dst>
            <dst id="DNVRng">17287.2213333333</dst>
            <dst id="HSTNng">10163.7066666667</dst>
            <dst id="IPLSng">73993.5066666667</dst>
            <dst id="KSCYng">15902.5226666667</dst>
            <dst id="LOSAng">42748.864</dst>
            <dst id="NYCMng">14028.896</dst>
            <dst id="SNVAng">6414.53333333333</dst>
            <dst id="STTLng">23809.3946666667</dst>
            <dst id="WASHng">45399.9226666667</dst>
        </src>
        <src id="DNVRng">
            <dst id="ATLA-M5">186.810666666667</dst>
            <dst id="ATLAng">6787.86133333333</dst>
            <dst id="CHINng">40803.4266666667</dst>
            <dst id="DNVRng">6463.38666666667</dst>
            <dst id="HSTNng">16242.8106666667</dst>
            <dst id="IPLSng">18071.8773333333</dst>
            <dst id="KSCYng">29080.168</dst>
            <dst id="LOSAng">9836.75466666667</dst>
            <dst id="NYCMng">11916.9226666667</dst>
            <dst id="SNVAng">11472.9066666667</dst>
            <dst id="STTLng">65838.136</dst>
            <dst id="WASHng">31495.0133333333</dst>
        </src>
        <src id="HSTNng">
            <dst id="ATLA-M5">713.794666666667</dst>
            <dst id="ATLAng">6788.54666666667</dst>
            <dst id="CHINng">15028.144</dst>
            <dst id="DNVRng">2945.344</dst>
            <dst id="HSTNng">17650.0026666667</dst>
            <dst id="IPLSng">9472.21866666667</dst>
            <dst id="KSCYng">4987.992</dst>
            <dst id="LOSAng">36505.664</dst>
            <dst id="NYCMng">3479.696</dst>
            <dst id="SNVAng">230.421333333333</dst>
            <dst id="STTLng">11194.2293333333</dst>
            <dst id="WASHng">10429.6213333333</dst>
        </src>
        <src id="IPLSng">
            <dst id="ATLA-M5">638.453333333333</dst>
            <dst id="ATLAng">11028.992</dst>
            <dst id="CHINng">58200.5786666667</dst>
            <dst id="DNVRng">10488.6373333333</dst>
            <dst id="HSTNng">2979.38666666667</dst>
            <dst id="IPLSng">62487.3173333333</dst>
            <dst id="KSCYng">11379.5013333333</dst>
            <dst id="LOSAng">18249.104</dst>
            <dst id="NYCMng">13209.312</dst>
            <dst id="SNVAng">2544.47466666667</dst>
            <dst id="STTLng">38690.584</dst>
            <dst id="WASHng">25222.472</dst>
        </src>
        <src id="KSCYng">
            <dst id="ATLA-M5">245.093333333333</dst>
            <dst id="ATLAng">6700.64266666667</dst>
            <dst id="CHINng">24100.7546666667</dst>
            <dst id="DNVRng">9791.98933333333</dst>
            <dst id="HSTNng">5740.97866666667</dst>
            <dst id="IPLSng">17081.2346666667</dst>
            <dst id="KSCYng">7489.576</dst>
            <dst id="LOSAng">7957.32533333333</dst>
            <dst id="NYCMng">6318.50666666667</dst>
            <dst id="SNVAng">2523.48266666667</dst>
            <dst id="STTLng">10727.7146666667</dst>
            <dst id="WASHng">10799.512</dst>
        </src>
        <src id="LOSAng">
            <dst id="ATLA-M5">85.088</dst>
            <dst id="ATLAng">13562.792</dst>
            <dst id="CHINng">103061.642666667</dst>
            <dst id="DNVRng">22776.072</dst>
            <dst id="HSTNng">13788.4693333333</dst>
            <dst id="IPLSng">42147.9306666667</dst>
            <dst id="KSCYng">6684.744</dst>
            <dst id="LOSAng">11907.7306666667</dst>
            <dst id="NYCMng">39024.2746666667</dst>
            <dst id="SNVAng">23438.6746666667</dst>
            <dst id="STTLng">71694.1066666667</dst>
            <dst id="WASHng">67524.9253333333</dst>
        </src>
        <src id="NYCMng">
            <dst id="ATLA-M5">1036.98933333333</dst>
            <dst id="ATLAng">36568.0133333333</dst>
            <dst id="CHINng">26759.456</dst>
            <dst id="DNVRng">24732.7013333333</dst>
            <dst id="HSTNng">20118.4773333333</dst>
            <dst id="IPLSng">34836.12</dst>
            <dst id="KSCYng">11735.2666666667</dst>
            <dst id="LOSAng">70562.552</dst>
            <dst id="NYCMng">112064.661333333</dst>
            <dst id="SNVAng">5594.52266666667</dst>
            <dst id="STTLng">28460.84</dst>
            <dst id="WASHng">119811.554666667</dst>
        </src>
        <src id="SNVAng">
            <dst id="ATLA-M5">0</dst>
            <dst id="ATLAng">1065.01333333333</dst>
            <dst id="CHINng">53.3333333333333</dst>
            <dst id="DNVRng">6680.34133333333</dst>
            <dst id="HSTNng">59.0506666666667</dst>
            <dst id="IPLSng">544.754666666667</dst>
            <dst id="KSCYng">26.6666666666667</dst>
            <dst id="LOSAng">8567.032</dst>
            <dst id="NYCMng">122.498666666667</dst>
            <dst id="SNVAng">8050.424</dst>
            <dst id="STTLng">17137.5573333333</dst>
            <dst id="WASHng">146.666666666667</dst>
        </src>
        <src id="STTLng">
            <dst id="ATLA-M5">661.778666666667</dst>
            <dst id="ATLAng">30839.568</dst>
            <dst id="CHINng">58978.9706666667</dst>
            <dst id="DNVRng">26304.5813333333</dst>
            <dst id="HSTNng">19080.048</dst>
            <dst id="IPLSng">41075.8213333333</dst>
            <dst id="KSCYng">23473.2213333333</dst>
            <dst id="LOSAng">49972.9733333333</dst>
            <dst id="NYCMng">27054.4826666667</dst>
            <dst id="SNVAng">10031.7893333333</dst>
            <dst id="STTLng">37758.1493333333</dst>
            <dst id="WASHng">39336.8693333333</dst>
        </src>
        <src id="WASHng">
            <dst id="ATLA-M5">3361.38933333333</dst>
            <dst id="ATLAng">61256.76</dst>
            <dst id="CHINng">98180.304</dst>
            <dst id="DNVRng">81775.3013333333</dst>
            <dst id="HSTNng">21114.864</dst>
            <dst id="IPLSng">73564.4853333333</dst>
            <dst id="KSCYng">27518.7413333333</dst>
            <dst id="LOSAng">79495.0186666667</dst>
            <dst id="NYCMng">203956.224</dst>
            <dst id="SNVAng">18284.096</dst>
            <dst id="STTLng">64605.2586666667</dst>
            <dst id="WASHng">210596.138666667</dst>
        </src>
    </IntraTM>
</TrafficMatrixFile>
