<?xml version="1.0" encoding="ISO-8859-1" standalone="yes"?>
<TrafficMatrixFile xsi:noNamespaceSchemaLocation="http://totem.run.montefiore.ulg.ac.be/Schema/TrafficMatrix-v1_2.xsd" xmlns:xsi="http://www.w3.org/2001/XMLSchema-instance">
    <IntraTM ASID="11537">
        <src id="ATLA-M5">
            <dst id="ATLA-M5">34.3253333333333</dst>
            <dst id="ATLAng">790.434666666667</dst>
            <dst id="CHINng">2328.98933333333</dst>
            <dst id="DNVRng">230.914666666667</dst>
            <dst id="HSTNng">117.146666666667</dst>
            <dst id="IPLSng">961.933333333333</dst>
            <dst id="KSCYng">765.637333333333</dst>
            <dst id="LOSAng">413.010666666667</dst>
            <dst id="NYCMng">1289.26933333333</dst>
            <dst id="SNVAng">13.3333333333333</dst>
            <dst id="STTLng">1016.77866666667</dst>
            <dst id="WASHng">490.754666666667</dst>
        </src>
        <src id="ATLAng">
            <dst id="ATLA-M5">377.986666666667</dst>
            <dst id="ATLAng">33824.4346666667</dst>
            <dst id="CHINng">21314.576</dst>
            <dst id="DNVRng">4621.37333333333</dst>
            <dst id="HSTNng">7315.31733333333</dst>
            <dst id="IPLSng">21113.408</dst>
            <dst id="KSCYng">5405.81866666667</dst>
            <dst id="LOSAng">15900.6613333333</dst>
            <dst id="NYCMng">11094.5653333333</dst>
            <dst id="SNVAng">536.216</dst>
            <dst id="STTLng">13605.0826666667</dst>
            <dst id="WASHng">44268.3146666667</dst>
        </src>
        <src id="CHINng">
            <dst id="ATLA-M5">1403.25066666667</dst>
            <dst id="ATLAng">26038.344</dst>
            <dst id="CHINng">80720.896</dst>
            <dst id="DNVRng">9751.6</dst>
            <dst id="HSTNng">15527.432</dst>
            <dst id="IPLSng">70407.1013333333</dst>
            <dst id="KSCYng">17015.896</dst>
            <dst id="LOSAng">49649.9573333333</dst>
            <dst id="NYCMng">14165.7466666667</dst>
            <dst id="SNVAng">4976.87466666667</dst>
            <dst id="STTLng">22939.176</dst>
            <dst id="WASHng">27386.8</dst>
        </src>
        <src id="DNVRng">
            <dst id="ATLA-M5">706.736</dst>
            <dst id="ATLAng">4410.816</dst>
            <dst id="CHINng">34404.7706666667</dst>
            <dst id="DNVRng">14741.8986666667</dst>
            <dst id="HSTNng">12430.056</dst>
            <dst id="IPLSng">10000.184</dst>
            <dst id="KSCYng">23383.0693333333</dst>
            <dst id="LOSAng">13609.1573333333</dst>
            <dst id="NYCMng">10972.792</dst>
            <dst id="SNVAng">12433.5893333333</dst>
            <dst id="STTLng">27734.296</dst>
            <dst id="WASHng">40097.6773333333</dst>
        </src>
        <src id="HSTNng">
            <dst id="ATLA-M5">688.781333333333</dst>
            <dst id="ATLAng">4170.10666666667</dst>
            <dst id="CHINng">13821.808</dst>
            <dst id="DNVRng">1518.64</dst>
            <dst id="HSTNng">14017.6106666667</dst>
            <dst id="IPLSng">8795.14133333333</dst>
            <dst id="KSCYng">11561.0186666667</dst>
            <dst id="LOSAng">53127.1786666667</dst>
            <dst id="NYCMng">2518.64533333333</dst>
            <dst id="SNVAng">250.872</dst>
            <dst id="STTLng">6931.248</dst>
            <dst id="WASHng">6161.26133333333</dst>
        </src>
        <src id="IPLSng">
            <dst id="ATLA-M5">774.328</dst>
            <dst id="ATLAng">10505.2613333333</dst>
            <dst id="CHINng">52347.5653333333</dst>
            <dst id="DNVRng">7759.81066666667</dst>
            <dst id="HSTNng">5090.10666666667</dst>
            <dst id="IPLSng">13115.7093333333</dst>
            <dst id="KSCYng">11474.0586666667</dst>
            <dst id="LOSAng">13687.9706666667</dst>
            <dst id="NYCMng">9572.832</dst>
            <dst id="SNVAng">1216.54133333333</dst>
            <dst id="STTLng">34148.976</dst>
            <dst id="WASHng">19532.416</dst>
        </src>
        <src id="KSCYng">
            <dst id="ATLA-M5">227.336</dst>
            <dst id="ATLAng">7387.128</dst>
            <dst id="CHINng">22417.1493333333</dst>
            <dst id="DNVRng">8946.088</dst>
            <dst id="HSTNng">9995.85066666667</dst>
            <dst id="IPLSng">18432.3546666667</dst>
            <dst id="KSCYng">14563.2373333333</dst>
            <dst id="LOSAng">5789.14133333333</dst>
            <dst id="NYCMng">5330.82666666667</dst>
            <dst id="SNVAng">3190.34666666667</dst>
            <dst id="STTLng">10149.4293333333</dst>
            <dst id="WASHng">13539.2106666667</dst>
        </src>
        <src id="LOSAng">
            <dst id="ATLA-M5">616.229333333333</dst>
            <dst id="ATLAng">11469.6053333333</dst>
            <dst id="CHINng">6231760.53333333</dst>
            <dst id="DNVRng">12376.9013333333</dst>
            <dst id="HSTNng">4999.73066666667</dst>
            <dst id="IPLSng">26121.2213333333</dst>
            <dst id="KSCYng">12007.3493333333</dst>
            <dst id="LOSAng">19310.28</dst>
            <dst id="NYCMng">47045.672</dst>
            <dst id="SNVAng">19732.9573333333</dst>
            <dst id="STTLng">62055.3973333333</dst>
            <dst id="WASHng">48445.9386666667</dst>
        </src>
        <src id="NYCMng">
            <dst id="ATLA-M5">1054.48533333333</dst>
            <dst id="ATLAng">31389.296</dst>
            <dst id="CHINng">36265.3493333333</dst>
            <dst id="DNVRng">21842.2266666667</dst>
            <dst id="HSTNng">15673.2586666667</dst>
            <dst id="IPLSng">24662.0986666667</dst>
            <dst id="KSCYng">14220.536</dst>
            <dst id="LOSAng">62182.9413333333</dst>
            <dst id="NYCMng">109596.76</dst>
            <dst id="SNVAng">2741.35466666667</dst>
            <dst id="STTLng">28046.1466666667</dst>
            <dst id="WASHng">83338.2586666667</dst>
        </src>
        <src id="SNVAng">
            <dst id="ATLA-M5">0</dst>
            <dst id="ATLAng">108.933333333333</dst>
            <dst id="CHINng">106.666666666667</dst>
            <dst id="DNVRng">1538.43733333333</dst>
            <dst id="HSTNng">26.6666666666667</dst>
            <dst id="IPLSng">457.146666666667</dst>
            <dst id="KSCYng">26.6666666666667</dst>
            <dst id="LOSAng">8160.07466666667</dst>
            <dst id="NYCMng">208.677333333333</dst>
            <dst id="SNVAng">8628.8</dst>
            <dst id="STTLng">16639.8933333333</dst>
            <dst id="WASHng">26.6666666666667</dst>
        </src>
        <src id="STTLng">
            <dst id="ATLA-M5">1621.58666666667</dst>
            <dst id="ATLAng">25364.832</dst>
            <dst id="CHINng">36806.9546666667</dst>
            <dst id="DNVRng">28335.176</dst>
            <dst id="HSTNng">9930.34933333334</dst>
            <dst id="IPLSng">30210.5546666667</dst>
            <dst id="KSCYng">22984.2746666667</dst>
            <dst id="LOSAng">43962.0106666667</dst>
            <dst id="NYCMng">15484.736</dst>
            <dst id="SNVAng">5722.056</dst>
            <dst id="STTLng">26193.2693333333</dst>
            <dst id="WASHng">36674.848</dst>
        </src>
        <src id="WASHng">
            <dst id="ATLA-M5">2042.576</dst>
            <dst id="ATLAng">90369.6373333333</dst>
            <dst id="CHINng">83411.736</dst>
            <dst id="DNVRng">57794.0613333333</dst>
            <dst id="HSTNng">31626.6186666667</dst>
            <dst id="IPLSng">57181.9626666667</dst>
            <dst id="KSCYng">31185.5146666667</dst>
            <dst id="LOSAng">77222.6826666667</dst>
            <dst id="NYCMng">197742.32</dst>
            <dst id="SNVAng">2507.84266666667</dst>
            <dst id="STTLng">61960.448</dst>
            <dst id="WASHng">204763.957333333</dst>
        </src>
    </IntraTM>
</TrafficMatrixFile>
