<?xml version="1.0" encoding="ISO-8859-1" standalone="yes"?>
<TrafficMatrixFile xsi:noNamespaceSchemaLocation="http://totem.run.montefiore.ulg.ac.be/Schema/TrafficMatrix-v1_2.xsd" xmlns:xsi="http://www.w3.org/2001/XMLSchema-instance">
    <IntraTM ASID="11537">
        <src id="ATLA-M5">
            <dst id="ATLA-M5">49.688</dst>
            <dst id="ATLAng">693.104</dst>
            <dst id="CHINng">1036.656</dst>
            <dst id="DNVRng">417.413333333333</dst>
            <dst id="HSTNng">448.674666666667</dst>
            <dst id="IPLSng">604.44</dst>
            <dst id="KSCYng">803.237333333333</dst>
            <dst id="LOSAng">123.868</dst>
            <dst id="NYCMng">1424.23733333333</dst>
            <dst id="SNVAng">32.084</dst>
            <dst id="STTLng">645.741333333333</dst>
            <dst id="WASHng">1085.65066666667</dst>
        </src>
        <src id="ATLAng">
            <dst id="ATLA-M5">162.314666666667</dst>
            <dst id="ATLAng">32917.6</dst>
            <dst id="CHINng">18887.2906666667</dst>
            <dst id="DNVRng">7507.90133333333</dst>
            <dst id="HSTNng">8771.256</dst>
            <dst id="IPLSng">17053.0453333333</dst>
            <dst id="KSCYng">4824.76533333333</dst>
            <dst id="LOSAng">24401.6373333333</dst>
            <dst id="NYCMng">9112.74666666667</dst>
            <dst id="SNVAng">513.504</dst>
            <dst id="STTLng">10254.4586666667</dst>
            <dst id="WASHng">54616.4453333333</dst>
        </src>
        <src id="CHINng">
            <dst id="ATLA-M5">987.530666666667</dst>
            <dst id="ATLAng">22195.4906666667</dst>
            <dst id="CHINng">132443.058666667</dst>
            <dst id="DNVRng">10433.5786666667</dst>
            <dst id="HSTNng">12494.8533333333</dst>
            <dst id="IPLSng">51093.712</dst>
            <dst id="KSCYng">13314.128</dst>
            <dst id="LOSAng">33845.5466666667</dst>
            <dst id="NYCMng">23670.968</dst>
            <dst id="SNVAng">3537.90133333333</dst>
            <dst id="STTLng">21477.552</dst>
            <dst id="WASHng">26612.0933333333</dst>
        </src>
        <src id="DNVRng">
            <dst id="ATLA-M5">241.829333333333</dst>
            <dst id="ATLAng">4276.816</dst>
            <dst id="CHINng">45162.5653333333</dst>
            <dst id="DNVRng">11089.8373333333</dst>
            <dst id="HSTNng">17941.5733333333</dst>
            <dst id="IPLSng">9503.76266666667</dst>
            <dst id="KSCYng">21147.9253333333</dst>
            <dst id="LOSAng">8797.41066666667</dst>
            <dst id="NYCMng">6860.94666666667</dst>
            <dst id="SNVAng">11634.9093333333</dst>
            <dst id="STTLng">35305.4533333333</dst>
            <dst id="WASHng">23702.92</dst>
        </src>
        <src id="HSTNng">
            <dst id="ATLA-M5">2799.808</dst>
            <dst id="ATLAng">2973.77866666667</dst>
            <dst id="CHINng">14033.3013333333</dst>
            <dst id="DNVRng">1249.76</dst>
            <dst id="HSTNng">13063.0853333333</dst>
            <dst id="IPLSng">4436.65066666667</dst>
            <dst id="KSCYng">11137.7093333333</dst>
            <dst id="LOSAng">9915.312</dst>
            <dst id="NYCMng">4151.56</dst>
            <dst id="SNVAng">26.6666666666667</dst>
            <dst id="STTLng">5721.70133333333</dst>
            <dst id="WASHng">15069.5813333333</dst>
        </src>
        <src id="IPLSng">
            <dst id="ATLA-M5">246.296</dst>
            <dst id="ATLAng">11519.5093333333</dst>
            <dst id="CHINng">41996.9626666667</dst>
            <dst id="DNVRng">6565.38666666666</dst>
            <dst id="HSTNng">3102.97066666667</dst>
            <dst id="IPLSng">30687.584</dst>
            <dst id="KSCYng">3525.984</dst>
            <dst id="LOSAng">10776.8186666667</dst>
            <dst id="NYCMng">8532.14133333333</dst>
            <dst id="SNVAng">1963.38133333333</dst>
            <dst id="STTLng">16643.0906666667</dst>
            <dst id="WASHng">12156.0853333333</dst>
        </src>
        <src id="KSCYng">
            <dst id="ATLA-M5">337.682666666667</dst>
            <dst id="ATLAng">9801.128</dst>
            <dst id="CHINng">37007.6613333333</dst>
            <dst id="DNVRng">8041.14933333333</dst>
            <dst id="HSTNng">4230.328</dst>
            <dst id="IPLSng">15314.464</dst>
            <dst id="KSCYng">11966.8106666667</dst>
            <dst id="LOSAng">5631.02933333333</dst>
            <dst id="NYCMng">13644.568</dst>
            <dst id="SNVAng">2436.98933333333</dst>
            <dst id="STTLng">7034.97066666667</dst>
            <dst id="WASHng">17516.48</dst>
        </src>
        <src id="LOSAng">
            <dst id="ATLA-M5">145.768</dst>
            <dst id="ATLAng">13536.8346666667</dst>
            <dst id="CHINng">86937.1733333333</dst>
            <dst id="DNVRng">13487.3146666667</dst>
            <dst id="HSTNng">12619.56</dst>
            <dst id="IPLSng">32231.7306666667</dst>
            <dst id="KSCYng">5741.08266666667</dst>
            <dst id="LOSAng">18573.6453333333</dst>
            <dst id="NYCMng">32353.5866666667</dst>
            <dst id="SNVAng">18518.192</dst>
            <dst id="STTLng">51286.0293333333</dst>
            <dst id="WASHng">46738.8586666667</dst>
        </src>
        <src id="NYCMng">
            <dst id="ATLA-M5">2568.98666666667</dst>
            <dst id="ATLAng">23729.1173333333</dst>
            <dst id="CHINng">38714.1013333333</dst>
            <dst id="DNVRng">16903.8133333333</dst>
            <dst id="HSTNng">9770.592</dst>
            <dst id="IPLSng">19164.192</dst>
            <dst id="KSCYng">9570.09066666667</dst>
            <dst id="LOSAng">55695.8746666667</dst>
            <dst id="NYCMng">82795.088</dst>
            <dst id="SNVAng">1368.968</dst>
            <dst id="STTLng">24357.8986666667</dst>
            <dst id="WASHng">61143.16</dst>
        </src>
        <src id="SNVAng">
            <dst id="ATLA-M5">0</dst>
            <dst id="ATLAng">0</dst>
            <dst id="CHINng">106.666666666667</dst>
            <dst id="DNVRng">1493.13066666667</dst>
            <dst id="HSTNng">0</dst>
            <dst id="IPLSng">328.373333333333</dst>
            <dst id="KSCYng">26.6666666666667</dst>
            <dst id="LOSAng">9372.33066666666</dst>
            <dst id="NYCMng">195.650666666667</dst>
            <dst id="SNVAng">7283.768</dst>
            <dst id="STTLng">17427.8613333333</dst>
            <dst id="WASHng">87.3706666666667</dst>
        </src>
        <src id="STTLng">
            <dst id="ATLA-M5">784.184</dst>
            <dst id="ATLAng">13624.416</dst>
            <dst id="CHINng">21160.9173333333</dst>
            <dst id="DNVRng">13007.0826666667</dst>
            <dst id="HSTNng">3596.24266666667</dst>
            <dst id="IPLSng">9681.19466666667</dst>
            <dst id="KSCYng">7769.86666666667</dst>
            <dst id="LOSAng">45947.9253333333</dst>
            <dst id="NYCMng">10585.9733333333</dst>
            <dst id="SNVAng">2277.70666666667</dst>
            <dst id="STTLng">21608.7786666667</dst>
            <dst id="WASHng">12973.8986666667</dst>
        </src>
        <src id="WASHng">
            <dst id="ATLA-M5">2158.33066666667</dst>
            <dst id="ATLAng">103078.405333333</dst>
            <dst id="CHINng">86367.3226666667</dst>
            <dst id="DNVRng">52888.24</dst>
            <dst id="HSTNng">18639.0586666667</dst>
            <dst id="IPLSng">42683.6106666667</dst>
            <dst id="KSCYng">25259.4186666667</dst>
            <dst id="LOSAng">84419.9573333333</dst>
            <dst id="NYCMng">137626.584</dst>
            <dst id="SNVAng">6017.69066666667</dst>
            <dst id="STTLng">49849.0186666667</dst>
            <dst id="WASHng">205699.352</dst>
        </src>
    </IntraTM>
</TrafficMatrixFile>
