<?xml version="1.0" encoding="ISO-8859-1" standalone="yes"?>
<TrafficMatrixFile xsi:noNamespaceSchemaLocation="http://totem.run.montefiore.ulg.ac.be/Schema/TrafficMatrix-v1_2.xsd" xmlns:xsi="http://www.w3.org/2001/XMLSchema-instance">
    <IntraTM ASID="11537">
        <src id="ATLA-M5">
            <dst id="ATLA-M5">0</dst>
            <dst id="ATLAng">1334.512</dst>
            <dst id="CHINng">1014.86133333333</dst>
            <dst id="DNVRng">903.197333333333</dst>
            <dst id="HSTNng">315.610666666667</dst>
            <dst id="IPLSng">426.829333333333</dst>
            <dst id="KSCYng">230.461333333333</dst>
            <dst id="LOSAng">162.952</dst>
            <dst id="NYCMng">1386.536</dst>
            <dst id="SNVAng">13.3333333333333</dst>
            <dst id="STTLng">592.954666666667</dst>
            <dst id="WASHng">2299.752</dst>
        </src>
        <src id="ATLAng">
            <dst id="ATLA-M5">640.704</dst>
            <dst id="ATLAng">39693.8746666667</dst>
            <dst id="CHINng">16219.3893333333</dst>
            <dst id="DNVRng">5108.73866666667</dst>
            <dst id="HSTNng">11372.864</dst>
            <dst id="IPLSng">21047.7786666667</dst>
            <dst id="KSCYng">3274.928</dst>
            <dst id="LOSAng">18236.4533333333</dst>
            <dst id="NYCMng">8120.608</dst>
            <dst id="SNVAng">1689.216</dst>
            <dst id="STTLng">9733.656</dst>
            <dst id="WASHng">47306.5893333333</dst>
        </src>
        <src id="CHINng">
            <dst id="ATLA-M5">733.272</dst>
            <dst id="ATLAng">25753.8426666667</dst>
            <dst id="CHINng">119620.16</dst>
            <dst id="DNVRng">11186.0026666667</dst>
            <dst id="HSTNng">18341.7573333333</dst>
            <dst id="IPLSng">73025.792</dst>
            <dst id="KSCYng">21516.2506666667</dst>
            <dst id="LOSAng">40428.1546666667</dst>
            <dst id="NYCMng">22674.0773333333</dst>
            <dst id="SNVAng">3780.01333333333</dst>
            <dst id="STTLng">19271.336</dst>
            <dst id="WASHng">18722.2</dst>
        </src>
        <src id="DNVRng">
            <dst id="ATLA-M5">716.994666666667</dst>
            <dst id="ATLAng">3232.38933333333</dst>
            <dst id="CHINng">42353.6293333333</dst>
            <dst id="DNVRng">17287.8106666667</dst>
            <dst id="HSTNng">17999.4133333333</dst>
            <dst id="IPLSng">13374.3786666667</dst>
            <dst id="KSCYng">28490.464</dst>
            <dst id="LOSAng">8969.4</dst>
            <dst id="NYCMng">9044.72</dst>
            <dst id="SNVAng">13943.472</dst>
            <dst id="STTLng">37930.2746666667</dst>
            <dst id="WASHng">26036.4</dst>
        </src>
        <src id="HSTNng">
            <dst id="ATLA-M5">2759.66666666667</dst>
            <dst id="ATLAng">3045.64266666667</dst>
            <dst id="CHINng">18494.7066666667</dst>
            <dst id="DNVRng">933.258666666667</dst>
            <dst id="HSTNng">17596.9973333333</dst>
            <dst id="IPLSng">3368.41066666667</dst>
            <dst id="KSCYng">10506.128</dst>
            <dst id="LOSAng">5355.90666666667</dst>
            <dst id="NYCMng">3400.88266666667</dst>
            <dst id="SNVAng">115.904</dst>
            <dst id="STTLng">5675.16</dst>
            <dst id="WASHng">4242.33866666667</dst>
        </src>
        <src id="IPLSng">
            <dst id="ATLA-M5">1181.72</dst>
            <dst id="ATLAng">9404.65066666666</dst>
            <dst id="CHINng">56911.0853333333</dst>
            <dst id="DNVRng">14559.2346666667</dst>
            <dst id="HSTNng">11646.6453333333</dst>
            <dst id="IPLSng">33142.1306666667</dst>
            <dst id="KSCYng">2731.93333333333</dst>
            <dst id="LOSAng">20045.584</dst>
            <dst id="NYCMng">9672.32266666667</dst>
            <dst id="SNVAng">1355.68533333333</dst>
            <dst id="STTLng">21482.3413333333</dst>
            <dst id="WASHng">15924.9626666667</dst>
        </src>
        <src id="KSCYng">
            <dst id="ATLA-M5">346.277333333333</dst>
            <dst id="ATLAng">7348.14933333333</dst>
            <dst id="CHINng">36262.8613333333</dst>
            <dst id="DNVRng">8418.55733333333</dst>
            <dst id="HSTNng">2755.56533333333</dst>
            <dst id="IPLSng">19342.2986666667</dst>
            <dst id="KSCYng">18246.56</dst>
            <dst id="LOSAng">5286.01866666667</dst>
            <dst id="NYCMng">7080.97333333333</dst>
            <dst id="SNVAng">2611.10133333333</dst>
            <dst id="STTLng">7107.33333333333</dst>
            <dst id="WASHng">10362.072</dst>
        </src>
        <src id="LOSAng">
            <dst id="ATLA-M5">26.6666666666667</dst>
            <dst id="ATLAng">11339.056</dst>
            <dst id="CHINng">82034.088</dst>
            <dst id="DNVRng">9997.888</dst>
            <dst id="HSTNng">2383.05866666667</dst>
            <dst id="IPLSng">21252.7146666667</dst>
            <dst id="KSCYng">6171.36</dst>
            <dst id="LOSAng">14656.0666666667</dst>
            <dst id="NYCMng">26870.4053333333</dst>
            <dst id="SNVAng">17947.8373333333</dst>
            <dst id="STTLng">44490.1173333333</dst>
            <dst id="WASHng">38049.3866666667</dst>
        </src>
        <src id="NYCMng">
            <dst id="ATLA-M5">1001.65333333333</dst>
            <dst id="ATLAng">22404.144</dst>
            <dst id="CHINng">30888.7173333333</dst>
            <dst id="DNVRng">26022.7386666667</dst>
            <dst id="HSTNng">7814.08</dst>
            <dst id="IPLSng">16491.096</dst>
            <dst id="KSCYng">9547.392</dst>
            <dst id="LOSAng">42348.3173333333</dst>
            <dst id="NYCMng">68211.336</dst>
            <dst id="SNVAng">1637.384</dst>
            <dst id="STTLng">23497.096</dst>
            <dst id="WASHng">62642.976</dst>
        </src>
        <src id="SNVAng">
            <dst id="ATLA-M5">0</dst>
            <dst id="ATLAng">0</dst>
            <dst id="CHINng">72.472</dst>
            <dst id="DNVRng">2155.61333333333</dst>
            <dst id="HSTNng">53.12</dst>
            <dst id="IPLSng">355.298666666667</dst>
            <dst id="KSCYng">0</dst>
            <dst id="LOSAng">4949.42133333333</dst>
            <dst id="NYCMng">173.528</dst>
            <dst id="SNVAng">6673.29333333333</dst>
            <dst id="STTLng">22861.1813333333</dst>
            <dst id="WASHng">5829.41866666667</dst>
        </src>
        <src id="STTLng">
            <dst id="ATLA-M5">330.04</dst>
            <dst id="ATLAng">10304.8586666667</dst>
            <dst id="CHINng">29023.12</dst>
            <dst id="DNVRng">8030.39466666666</dst>
            <dst id="HSTNng">2971.288</dst>
            <dst id="IPLSng">11287.6986666667</dst>
            <dst id="KSCYng">4363.784</dst>
            <dst id="LOSAng">33788.3226666667</dst>
            <dst id="NYCMng">6745.42933333333</dst>
            <dst id="SNVAng">4389.37333333333</dst>
            <dst id="STTLng">24823.7733333333</dst>
            <dst id="WASHng">12636.6666666667</dst>
        </src>
        <src id="WASHng">
            <dst id="ATLA-M5">925.717333333333</dst>
            <dst id="ATLAng">103818.328</dst>
            <dst id="CHINng">100632.061333333</dst>
            <dst id="DNVRng">58391.2853333333</dst>
            <dst id="HSTNng">34636.2506666667</dst>
            <dst id="IPLSng">48453.9946666667</dst>
            <dst id="KSCYng">29411.968</dst>
            <dst id="LOSAng">69200.2293333334</dst>
            <dst id="NYCMng">184079.432</dst>
            <dst id="SNVAng">5828.94133333333</dst>
            <dst id="STTLng">53214.1653333333</dst>
            <dst id="WASHng">252421.578666667</dst>
        </src>
    </IntraTM>
</TrafficMatrixFile>
